area,Date,C_025,C_10,C_20,C_25,C_30,C_40,C_50,C_60,C_70,C_75,C_80,C_90,C_975,provenance
Aberdeen City,2021-07-03,99.5,139.0,172.0,183.0,194.0,217.0,242.0,267.4,292.0,305.0,324.2,376.0,471.5,inferred
Aberdeen City,2021-07-04,83.5,127.0,160.0,171.0,182.0,202.0,222.0,247.0,276.0,293.2,308.0,353.0,453.0,inferred
Aberdeen City,2021-07-05,66.5,100.0,126.0,137.0,145.0,163.0,184.0,205.0,234.0,249.0,270.0,323.0,424.0,inferred
Aberdeen City,2021-07-06,77.0,113.9,138.0,149.0,159.7,179.0,202.0,227.4,258.3,276.0,296.0,343.1,438.5,inferred
Aberdeen City,2021-07-07,89.0,127.0,163.0,176.8,187.0,211.0,235.0,256.0,286.0,302.2,322.0,376.0,460.5,inferred
Aberdeen City,2021-07-08,64.5,100.0,131.0,141.0,150.0,168.0,189.0,209.4,232.0,246.0,267.0,319.0,406.0,inferred
Aberdeen City,2021-07-09,64.0,100.9,126.0,140.0,150.0,171.0,192.5,217.0,244.0,261.0,276.0,327.1,419.6,inferred
Aberdeen City,2021-07-10,89.0,123.0,150.0,165.0,176.0,199.0,222.5,248.4,277.0,293.0,313.0,366.1,456.0,inferred
Aberdeen City,2021-07-11,70.0,103.0,137.0,151.0,162.0,184.0,205.0,228.0,259.0,275.0,290.2,345.1,447.0,inferred
Aberdeen City,2021-07-12,50.0,81.9,110.0,121.0,131.0,152.0,170.0,192.0,215.0,231.0,247.0,294.0,366.0,inferred
Aberdeen City,2021-07-13,61.0,86.0,115.0,126.0,138.0,156.0,176.0,199.0,224.3,240.0,253.0,303.0,387.6,inferred
Aberdeen City,2021-07-14,62.5,100.0,127.0,137.0,148.0,169.0,191.0,214.0,242.0,256.0,276.2,330.2,415.5,inferred
Aberdeen City,2021-07-15,46.0,72.0,96.0,104.0,112.0,131.0,152.0,174.0,197.0,211.0,227.0,273.1,365.6,inferred
Aberdeen City,2021-07-16,43.0,69.0,90.8,100.0,110.0,128.0,150.0,171.0,195.0,208.0,222.0,272.0,351.5,inferred
Aberdeen City,2021-07-17,48.5,79.9,107.0,117.0,128.0,145.0,166.0,186.4,211.0,230.0,248.2,298.0,378.5,inferred
Aberdeen City,2021-07-18,37.0,69.0,92.0,101.0,110.0,128.6,149.0,168.0,191.0,204.0,220.0,262.0,334.5,inferred
Aberdeen City,2021-07-19,23.0,45.9,65.0,75.0,83.0,98.6,115.0,132.0,154.3,167.0,182.0,224.0,297.5,inferred
Aberdeen City,2021-07-20,27.5,51.0,72.0,80.0,89.0,104.0,120.0,140.0,162.0,175.0,189.0,239.0,303.5,inferred
Aberdeen City,2021-07-21,31.0,54.0,74.0,82.8,93.0,110.0,129.0,149.0,170.3,183.0,198.2,240.0,322.0,inferred
Aberdeen City,2021-07-22,20.0,41.0,57.0,65.0,72.0,87.0,103.0,119.0,140.0,153.0,167.0,202.0,282.0,inferred
Aberdeen City,2021-07-23,19.0,39.0,55.0,61.0,68.0,81.0,97.0,112.0,130.0,140.0,152.2,200.2,269.0,inferred
Aberdeen City,2021-07-24,25.0,44.0,62.0,69.0,75.0,91.0,105.5,123.0,140.0,153.0,167.0,212.0,275.5,inferred
Aberdeen City,2021-07-25,17.0,33.0,51.0,57.0,63.0,76.0,89.5,107.0,127.3,137.0,149.0,188.0,265.0,inferred
Aberdeen City,2021-07-26,10.5,24.0,36.8,42.0,48.0,59.0,72.0,85.0,104.0,114.0,126.0,163.0,224.0,inferred
Aberdeen City,2021-07-27,11.0,27.0,39.0,44.0,50.0,62.0,75.0,89.0,107.0,119.0,131.0,166.1,230.5,inferred
Aberdeen City,2021-07-28,15.5,32.9,47.8,54.0,60.0,74.0,87.0,103.0,121.0,131.0,143.0,186.0,257.0,inferred
Aberdeen City,2021-07-29,10.0,24.0,35.0,41.0,46.7,56.0,69.0,83.0,100.0,109.2,121.0,148.1,222.0,inferred
Aberdeen City,2021-07-30,11.0,25.0,37.0,44.0,49.0,61.0,73.0,88.0,106.0,117.0,127.2,162.0,224.0,inferred
Aberdeen City,2021-07-31,17.0,33.0,47.0,53.0,59.0,72.0,86.0,102.0,121.0,131.0,146.2,188.1,248.6,inferred
Aberdeen City,2021-08-01,14.0,27.0,42.0,48.0,55.0,68.0,83.0,96.0,112.3,126.0,139.0,175.1,251.5,inferred
Aberdeen City,2021-08-02,10.0,21.0,31.0,38.0,43.0,53.0,65.0,80.0,95.0,104.0,115.2,151.1,212.0,inferred
Aberdeen City,2021-08-03,10.0,23.0,36.0,43.0,48.0,60.0,73.0,88.0,106.0,117.2,131.0,166.0,225.6,inferred
Aberdeen City,2021-08-04,16.0,31.0,46.0,53.0,61.0,75.0,88.0,105.0,123.0,132.0,144.0,181.0,251.6,inferred
Aberdeen City,2021-08-05,12.0,23.0,36.0,43.0,50.0,61.0,71.5,84.0,99.3,109.0,121.0,161.1,222.5,inferred
Aberdeen City,2021-08-06,13.0,28.0,39.0,45.0,53.0,65.0,77.0,92.0,112.0,122.0,136.0,172.1,234.6,inferred
Aberdeen City,2021-08-07,21.0,36.0,52.0,58.0,64.0,78.0,92.0,107.0,128.0,140.0,154.0,192.0,265.5,inferred
Aberdeen City,2021-08-08,14.0,30.9,47.0,54.0,61.0,76.0,91.0,107.0,125.0,137.0,152.0,197.1,273.0,inferred
Aberdeen City,2021-08-09,9.5,23.0,38.0,44.0,50.0,63.0,75.0,90.0,106.0,115.0,126.0,160.0,232.0,inferred
Aberdeen City,2021-08-10,13.0,29.0,47.0,54.0,60.0,73.0,88.0,103.0,121.0,130.2,143.0,184.0,259.0,inferred
Aberdeen City,2021-08-11,20.5,38.0,54.8,62.0,70.0,85.0,100.0,117.0,137.0,150.2,166.0,206.0,275.0,inferred
Aberdeen City,2021-08-12,16.0,32.0,48.0,53.0,60.0,72.0,86.0,103.0,121.3,133.0,146.0,182.0,250.5,inferred
Aberdeen City,2021-08-13,18.5,35.0,51.0,59.0,66.0,81.0,94.0,109.0,129.0,142.0,154.2,194.0,267.0,inferred
Aberdeen City,2021-08-14,28.0,50.0,69.0,78.0,86.0,100.0,118.0,135.4,157.0,168.2,181.0,228.0,296.5,inferred
Aberdeen City,2021-08-15,27.0,50.0,66.0,72.0,80.7,100.0,116.0,132.0,153.0,166.0,181.2,228.0,316.5,inferred
Aberdeen City,2021-08-16,21.0,38.0,57.0,64.0,71.0,86.0,102.0,119.0,137.3,148.0,160.2,198.0,266.0,inferred
Aberdeen City,2021-08-17,26.0,51.0,67.0,78.0,84.0,99.0,115.0,134.0,156.0,169.0,182.0,223.1,287.5,inferred
Aberdeen City,2021-08-18,42.0,70.0,93.0,103.0,110.7,128.0,146.0,164.0,187.0,201.0,220.0,267.0,361.5,inferred
Aberdeen City,2021-08-19,34.0,60.0,81.0,90.0,98.7,115.0,135.0,154.0,177.0,193.0,209.0,257.1,344.6,inferred
Aberdeen City,2021-08-20,42.0,71.0,94.0,104.0,112.0,130.0,147.0,166.0,189.0,203.0,218.0,263.1,355.0,inferred
Aberdeen City,2021-08-21,63.5,98.0,127.0,140.0,149.7,170.0,192.0,216.0,243.3,259.0,274.0,326.1,412.5,inferred
Aberdeen City,2021-08-22,65.5,102.0,131.0,142.0,150.7,175.0,196.0,222.0,250.0,265.0,283.2,331.1,428.6,inferred
Aberdeen City,2021-08-23,55.0,88.9,116.0,128.0,140.0,161.0,180.0,203.0,228.3,241.2,256.2,305.0,399.6,inferred
Aberdeen City,2021-08-24,69.0,110.0,141.8,154.0,165.7,188.0,212.0,238.0,265.3,284.0,302.4,354.1,443.0,inferred
Aberdeen City,2021-08-25,102.0,147.9,179.0,195.0,207.0,232.6,261.0,289.4,324.0,340.0,360.0,415.0,524.0,inferred
Aberdeen City,2021-08-26,86.5,129.0,162.0,174.0,185.0,208.6,233.0,259.0,286.0,303.0,325.0,373.0,470.0,inferred
Aberdeen City,2021-08-27,104.5,147.0,184.0,197.0,209.0,236.0,264.0,292.4,323.0,339.0,357.2,418.0,505.6,inferred
Aberdeen City,2021-08-28,148.5,210.0,245.8,263.0,283.0,311.0,337.5,364.0,394.0,414.2,435.2,494.1,606.5,inferred
Aberdeen City,2021-08-29,155.0,208.0,244.0,259.0,275.0,305.0,334.5,365.0,398.3,420.0,444.2,504.2,624.0,inferred
Aberdeen City,2021-08-30,135.0,184.0,223.0,238.0,253.0,280.0,307.0,338.0,369.0,391.0,413.0,467.0,603.0,inferred
Aberdeen City,2021-08-31,159.5,203.0,247.0,264.0,282.0,311.0,340.0,375.0,410.3,432.0,454.0,525.0,638.6,inferred
Aberdeen City,2021-09-01,204.4,262.0,305.0,324.8,340.7,372.0,411.0,445.4,485.3,506.2,529.0,599.0,710.6,inferred
Aberdeen City,2021-09-02,154.9,217.0,257.0,273.0,289.0,317.0,346.0,377.0,410.0,430.0,451.0,506.1,636.5,inferred
Aberdeen City,2021-09-03,173.9,236.9,276.8,298.0,311.0,344.0,375.0,409.0,448.3,473.2,497.2,556.0,653.0,inferred
Aberdeen City,2021-09-04,233.5,297.9,344.0,362.8,382.0,414.6,451.5,484.0,523.0,546.0,571.2,644.0,774.7,inferred
Aberdeen City,2021-09-05,206.5,281.0,330.0,349.0,367.0,400.0,429.0,460.0,501.0,525.2,550.0,622.0,764.0,inferred
Aberdeen City,2021-09-06,172.0,233.9,279.0,293.0,310.0,343.0,375.0,406.0,441.0,465.2,488.0,555.1,685.5,inferred
Aberdeen City,2021-09-07,184.9,254.0,297.0,312.8,330.0,364.6,396.0,433.0,472.0,499.0,522.0,594.1,715.6,inferred
Aberdeen City,2021-09-08,224.5,284.0,326.8,342.8,361.0,392.0,428.0,467.4,507.0,531.0,557.0,621.2,735.3,inferred
Aberdeen City,2021-09-09,152.5,207.0,248.0,263.0,277.0,307.0,337.0,367.0,396.3,416.0,441.0,508.0,616.5,inferred
Aberdeen City,2021-09-10,148.0,198.0,234.0,252.0,265.0,293.0,321.0,348.0,385.0,403.0,424.2,489.0,618.6,inferred
Aberdeen City,2021-09-11,156.5,211.0,253.0,267.8,281.0,313.6,341.0,370.4,404.3,423.2,450.0,512.0,628.0,inferred
Aberdeen City,2021-09-12,125.5,178.0,213.8,229.0,243.0,266.0,292.5,324.0,360.0,379.2,401.0,463.0,571.0,inferred
Aberdeen City,2021-09-13,90.0,123.0,154.0,167.8,182.0,205.0,229.0,255.0,284.3,301.0,321.0,374.1,467.0,inferred
Aberdeen City,2021-09-14,94.5,134.9,164.0,177.0,190.0,215.0,241.0,265.0,292.0,308.0,327.0,380.0,483.0,inferred
Aberdeen City,2021-09-15,108.0,151.0,179.0,197.0,212.0,237.0,264.5,288.4,319.0,340.0,361.0,421.1,520.5,inferred
Aberdeen City,2021-09-16,82.0,115.0,144.0,156.0,165.7,187.0,212.0,231.0,262.0,279.0,297.0,343.1,435.6,inferred
Aberdeen City,2021-09-17,77.0,113.0,144.0,156.0,167.0,190.0,210.0,232.0,257.0,274.0,295.2,353.0,441.5,inferred
Aberdeen City,2021-09-18,95.0,135.0,169.0,184.0,197.0,221.0,244.0,271.0,303.0,319.2,339.0,384.0,503.7,inferred
Aberdeen City,2021-09-19,86.0,122.0,153.8,165.0,177.0,196.0,215.5,239.0,266.0,284.2,305.2,354.0,448.1,inferred
Aberdeen City,2021-09-20,59.0,90.0,116.0,127.8,139.0,163.0,183.5,205.0,231.3,248.0,264.2,313.0,399.5,inferred
Aberdeen City,2021-09-21,65.0,98.9,128.0,140.0,154.0,175.0,195.0,218.0,241.0,258.2,283.0,327.0,408.6,inferred
Aberdeen City,2021-09-22,82.5,125.0,154.0,167.8,182.0,205.0,230.0,257.0,289.0,309.0,326.0,384.1,478.5,inferred
Aberdeen City,2021-09-23,69.5,103.0,125.0,139.0,151.0,172.0,195.0,217.0,241.0,256.0,271.0,324.1,407.1,inferred
Aberdeen City,2021-09-24,76.0,113.0,142.0,155.0,165.7,188.0,212.5,236.0,264.0,280.0,296.2,344.0,433.0,inferred
Aberdeen City,2021-09-25,102.0,147.0,178.0,192.0,206.0,234.0,256.0,283.4,313.0,329.2,350.2,406.0,499.5,inferred
Aberdeen City,2021-09-26,95.0,138.0,174.0,187.0,199.0,223.0,250.0,276.0,305.0,320.0,336.0,390.0,496.5,inferred
Aberdeen City,2021-09-27,72.0,113.0,148.0,160.0,172.7,196.0,220.0,243.0,270.0,286.0,305.0,361.0,449.6,inferred
Aberdeen City,2021-09-28,83.0,127.9,160.0,176.8,187.0,209.0,234.0,262.0,292.3,311.0,331.0,390.0,493.5,inferred
Aberdeen City,2021-09-29,118.0,164.0,204.0,220.0,231.0,258.0,286.5,312.4,343.0,361.0,381.0,444.0,540.5,inferred
Aberdeen City,2021-09-30,93.5,132.0,162.0,177.0,190.0,211.0,233.0,259.0,290.0,308.0,327.0,382.1,469.5,inferred
Aberdeen City,2021-10-01,106.0,145.0,175.0,188.8,202.0,223.0,249.0,273.0,303.0,320.0,339.0,400.1,490.5,inferred
Aberdeen City,2021-10-02,131.5,176.0,212.8,226.0,242.7,270.6,298.0,324.4,355.3,374.0,396.0,451.0,542.0,inferred
Aberdeen City,2021-10-03,116.5,164.0,195.0,209.0,223.0,252.6,279.0,301.4,333.0,351.0,377.0,431.0,534.6,inferred
Aberdeen City,2021-10-04,97.5,135.0,165.0,178.0,187.0,213.0,240.0,267.0,300.0,320.0,340.0,392.1,491.5,inferred
Aberdeen City,2021-10-05,105.5,148.0,183.0,198.0,213.0,234.0,259.0,287.4,316.0,333.0,356.0,410.0,502.0,inferred
Aberdeen City,2021-10-06,132.0,185.0,224.0,240.0,255.0,284.0,309.0,337.0,372.0,390.0,410.0,471.0,590.5,inferred
Aberdeen City,2021-10-07,102.5,148.0,179.0,192.0,208.0,234.0,262.0,286.0,321.0,338.2,358.0,412.1,509.6,inferred
Aberdeen City,2021-10-08,110.5,150.0,183.0,195.0,212.0,237.0,262.5,291.4,323.0,338.2,360.0,408.0,527.5,inferred
Aberdeen City,2021-10-09,139.5,189.0,227.8,245.0,261.0,290.0,317.0,343.0,376.0,394.0,416.0,480.0,581.5,inferred
Aberdeen City,2021-10-10,124.5,174.0,210.0,225.8,241.0,265.0,292.0,320.0,352.0,371.0,392.2,457.1,554.0,inferred
Aberdeen City,2021-10-11,98.0,143.0,179.0,191.0,202.0,229.0,256.0,285.0,315.0,332.0,348.2,403.0,493.1,inferred
Aberdeen City,2021-10-12,109.4,159.0,195.8,208.0,222.0,251.0,279.0,307.0,338.0,356.2,379.2,442.1,547.0,inferred
Aberdeen City,2021-10-13,142.0,193.0,231.0,251.8,268.7,296.0,322.0,352.0,384.3,405.2,431.2,498.0,622.5,inferred
Aberdeen City,2021-10-14,113.0,155.0,194.0,210.0,225.0,252.0,279.0,304.0,340.3,360.0,382.0,446.3,545.0,inferred
Aberdeen City,2021-10-15,118.5,168.0,206.0,223.8,241.0,275.0,303.5,333.0,376.0,395.0,419.0,496.0,627.1,inferred
Aberdeenshire,2021-07-03,99.5,139.0,172.0,183.0,194.0,217.0,242.0,267.4,292.0,305.0,324.2,376.0,471.5,inferred
Aberdeenshire,2021-07-04,83.5,127.0,160.0,171.0,182.0,202.0,222.0,247.0,276.0,293.2,308.0,353.0,453.0,inferred
Aberdeenshire,2021-07-05,66.5,100.0,126.0,137.0,145.0,163.0,184.0,205.0,234.0,249.0,270.0,323.0,424.0,inferred
Aberdeenshire,2021-07-06,77.0,113.9,138.0,149.0,159.7,179.0,202.0,227.4,258.3,276.0,296.0,343.1,438.5,inferred
Aberdeenshire,2021-07-07,89.0,127.0,163.0,176.8,187.0,211.0,235.0,256.0,286.0,302.2,322.0,376.0,460.5,inferred
Aberdeenshire,2021-07-08,64.5,100.0,131.0,141.0,150.0,168.0,189.0,209.4,232.0,246.0,267.0,319.0,406.0,inferred
Aberdeenshire,2021-07-09,64.0,100.9,126.0,140.0,150.0,171.0,192.5,217.0,244.0,261.0,276.0,327.1,419.6,inferred
Aberdeenshire,2021-07-10,89.0,123.0,150.0,165.0,176.0,199.0,222.5,248.4,277.0,293.0,313.0,366.1,456.0,inferred
Aberdeenshire,2021-07-11,70.0,103.0,137.0,151.0,162.0,184.0,205.0,228.0,259.0,275.0,290.2,345.1,447.0,inferred
Aberdeenshire,2021-07-12,50.0,81.9,110.0,121.0,131.0,152.0,170.0,192.0,215.0,231.0,247.0,294.0,366.0,inferred
Aberdeenshire,2021-07-13,61.0,86.0,115.0,126.0,138.0,156.0,176.0,199.0,224.3,240.0,253.0,303.0,387.6,inferred
Aberdeenshire,2021-07-14,62.5,100.0,127.0,137.0,148.0,169.0,191.0,214.0,242.0,256.0,276.2,330.2,415.5,inferred
Aberdeenshire,2021-07-15,46.0,72.0,96.0,104.0,112.0,131.0,152.0,174.0,197.0,211.0,227.0,273.1,365.6,inferred
Aberdeenshire,2021-07-16,43.0,69.0,90.8,100.0,110.0,128.0,150.0,171.0,195.0,208.0,222.0,272.0,351.5,inferred
Aberdeenshire,2021-07-17,48.5,79.9,107.0,117.0,128.0,145.0,166.0,186.4,211.0,230.0,248.2,298.0,378.5,inferred
Aberdeenshire,2021-07-18,37.0,69.0,92.0,101.0,110.0,128.6,149.0,168.0,191.0,204.0,220.0,262.0,334.5,inferred
Aberdeenshire,2021-07-19,23.0,45.9,65.0,75.0,83.0,98.6,115.0,132.0,154.3,167.0,182.0,224.0,297.5,inferred
Aberdeenshire,2021-07-20,27.5,51.0,72.0,80.0,89.0,104.0,120.0,140.0,162.0,175.0,189.0,239.0,303.5,inferred
Aberdeenshire,2021-07-21,31.0,54.0,74.0,82.8,93.0,110.0,129.0,149.0,170.3,183.0,198.2,240.0,322.0,inferred
Aberdeenshire,2021-07-22,20.0,41.0,57.0,65.0,72.0,87.0,103.0,119.0,140.0,153.0,167.0,202.0,282.0,inferred
Aberdeenshire,2021-07-23,19.0,39.0,55.0,61.0,68.0,81.0,97.0,112.0,130.0,140.0,152.2,200.2,269.0,inferred
Aberdeenshire,2021-07-24,25.0,44.0,62.0,69.0,75.0,91.0,105.5,123.0,140.0,153.0,167.0,212.0,275.5,inferred
Aberdeenshire,2021-07-25,17.0,33.0,51.0,57.0,63.0,76.0,89.5,107.0,127.3,137.0,149.0,188.0,265.0,inferred
Aberdeenshire,2021-07-26,10.5,24.0,36.8,42.0,48.0,59.0,72.0,85.0,104.0,114.0,126.0,163.0,224.0,inferred
Aberdeenshire,2021-07-27,11.0,27.0,39.0,44.0,50.0,62.0,75.0,89.0,107.0,119.0,131.0,166.1,230.5,inferred
Aberdeenshire,2021-07-28,15.5,32.9,47.8,54.0,60.0,74.0,87.0,103.0,121.0,131.0,143.0,186.0,257.0,inferred
Aberdeenshire,2021-07-29,10.0,24.0,35.0,41.0,46.7,56.0,69.0,83.0,100.0,109.2,121.0,148.1,222.0,inferred
Aberdeenshire,2021-07-30,11.0,25.0,37.0,44.0,49.0,61.0,73.0,88.0,106.0,117.0,127.2,162.0,224.0,inferred
Aberdeenshire,2021-07-31,17.0,33.0,47.0,53.0,59.0,72.0,86.0,102.0,121.0,131.0,146.2,188.1,248.6,inferred
Aberdeenshire,2021-08-01,14.0,27.0,42.0,48.0,55.0,68.0,83.0,96.0,112.3,126.0,139.0,175.1,251.5,inferred
Aberdeenshire,2021-08-02,10.0,21.0,31.0,38.0,43.0,53.0,65.0,80.0,95.0,104.0,115.2,151.1,212.0,inferred
Aberdeenshire,2021-08-03,10.0,23.0,36.0,43.0,48.0,60.0,73.0,88.0,106.0,117.2,131.0,166.0,225.6,inferred
Aberdeenshire,2021-08-04,16.0,31.0,46.0,53.0,61.0,75.0,88.0,105.0,123.0,132.0,144.0,181.0,251.6,inferred
Aberdeenshire,2021-08-05,12.0,23.0,36.0,43.0,50.0,61.0,71.5,84.0,99.3,109.0,121.0,161.1,222.5,inferred
Aberdeenshire,2021-08-06,13.0,28.0,39.0,45.0,53.0,65.0,77.0,92.0,112.0,122.0,136.0,172.1,234.6,inferred
Aberdeenshire,2021-08-07,21.0,36.0,52.0,58.0,64.0,78.0,92.0,107.0,128.0,140.0,154.0,192.0,265.5,inferred
Aberdeenshire,2021-08-08,14.0,30.9,47.0,54.0,61.0,76.0,91.0,107.0,125.0,137.0,152.0,197.1,273.0,inferred
Aberdeenshire,2021-08-09,9.5,23.0,38.0,44.0,50.0,63.0,75.0,90.0,106.0,115.0,126.0,160.0,232.0,inferred
Aberdeenshire,2021-08-10,13.0,29.0,47.0,54.0,60.0,73.0,88.0,103.0,121.0,130.2,143.0,184.0,259.0,inferred
Aberdeenshire,2021-08-11,20.5,38.0,54.8,62.0,70.0,85.0,100.0,117.0,137.0,150.2,166.0,206.0,275.0,inferred
Aberdeenshire,2021-08-12,16.0,32.0,48.0,53.0,60.0,72.0,86.0,103.0,121.3,133.0,146.0,182.0,250.5,inferred
Aberdeenshire,2021-08-13,18.5,35.0,51.0,59.0,66.0,81.0,94.0,109.0,129.0,142.0,154.2,194.0,267.0,inferred
Aberdeenshire,2021-08-14,28.0,50.0,69.0,78.0,86.0,100.0,118.0,135.4,157.0,168.2,181.0,228.0,296.5,inferred
Aberdeenshire,2021-08-15,27.0,50.0,66.0,72.0,80.7,100.0,116.0,132.0,153.0,166.0,181.2,228.0,316.5,inferred
Aberdeenshire,2021-08-16,21.0,38.0,57.0,64.0,71.0,86.0,102.0,119.0,137.3,148.0,160.2,198.0,266.0,inferred
Aberdeenshire,2021-08-17,26.0,51.0,67.0,78.0,84.0,99.0,115.0,134.0,156.0,169.0,182.0,223.1,287.5,inferred
Aberdeenshire,2021-08-18,42.0,70.0,93.0,103.0,110.7,128.0,146.0,164.0,187.0,201.0,220.0,267.0,361.5,inferred
Aberdeenshire,2021-08-19,34.0,60.0,81.0,90.0,98.7,115.0,135.0,154.0,177.0,193.0,209.0,257.1,344.6,inferred
Aberdeenshire,2021-08-20,42.0,71.0,94.0,104.0,112.0,130.0,147.0,166.0,189.0,203.0,218.0,263.1,355.0,inferred
Aberdeenshire,2021-08-21,63.5,98.0,127.0,140.0,149.7,170.0,192.0,216.0,243.3,259.0,274.0,326.1,412.5,inferred
Aberdeenshire,2021-08-22,65.5,102.0,131.0,142.0,150.7,175.0,196.0,222.0,250.0,265.0,283.2,331.1,428.6,inferred
Aberdeenshire,2021-08-23,55.0,88.9,116.0,128.0,140.0,161.0,180.0,203.0,228.3,241.2,256.2,305.0,399.6,inferred
Aberdeenshire,2021-08-24,69.0,110.0,141.8,154.0,165.7,188.0,212.0,238.0,265.3,284.0,302.4,354.1,443.0,inferred
Aberdeenshire,2021-08-25,102.0,147.9,179.0,195.0,207.0,232.6,261.0,289.4,324.0,340.0,360.0,415.0,524.0,inferred
Aberdeenshire,2021-08-26,86.5,129.0,162.0,174.0,185.0,208.6,233.0,259.0,286.0,303.0,325.0,373.0,470.0,inferred
Aberdeenshire,2021-08-27,104.5,147.0,184.0,197.0,209.0,236.0,264.0,292.4,323.0,339.0,357.2,418.0,505.6,inferred
Aberdeenshire,2021-08-28,148.5,210.0,245.8,263.0,283.0,311.0,337.5,364.0,394.0,414.2,435.2,494.1,606.5,inferred
Aberdeenshire,2021-08-29,155.0,208.0,244.0,259.0,275.0,305.0,334.5,365.0,398.3,420.0,444.2,504.2,624.0,inferred
Aberdeenshire,2021-08-30,135.0,184.0,223.0,238.0,253.0,280.0,307.0,338.0,369.0,391.0,413.0,467.0,603.0,inferred
Aberdeenshire,2021-08-31,159.5,203.0,247.0,264.0,282.0,311.0,340.0,375.0,410.3,432.0,454.0,525.0,638.6,inferred
Aberdeenshire,2021-09-01,204.4,262.0,305.0,324.8,340.7,372.0,411.0,445.4,485.3,506.2,529.0,599.0,710.6,inferred
Aberdeenshire,2021-09-02,154.9,217.0,257.0,273.0,289.0,317.0,346.0,377.0,410.0,430.0,451.0,506.1,636.5,inferred
Aberdeenshire,2021-09-03,173.9,236.9,276.8,298.0,311.0,344.0,375.0,409.0,448.3,473.2,497.2,556.0,653.0,inferred
Aberdeenshire,2021-09-04,233.5,297.9,344.0,362.8,382.0,414.6,451.5,484.0,523.0,546.0,571.2,644.0,774.7,inferred
Aberdeenshire,2021-09-05,206.5,281.0,330.0,349.0,367.0,400.0,429.0,460.0,501.0,525.2,550.0,622.0,764.0,inferred
Aberdeenshire,2021-09-06,172.0,233.9,279.0,293.0,310.0,343.0,375.0,406.0,441.0,465.2,488.0,555.1,685.5,inferred
Aberdeenshire,2021-09-07,184.9,254.0,297.0,312.8,330.0,364.6,396.0,433.0,472.0,499.0,522.0,594.1,715.6,inferred
Aberdeenshire,2021-09-08,224.5,284.0,326.8,342.8,361.0,392.0,428.0,467.4,507.0,531.0,557.0,621.2,735.3,inferred
Aberdeenshire,2021-09-09,152.5,207.0,248.0,263.0,277.0,307.0,337.0,367.0,396.3,416.0,441.0,508.0,616.5,inferred
Aberdeenshire,2021-09-10,148.0,198.0,234.0,252.0,265.0,293.0,321.0,348.0,385.0,403.0,424.2,489.0,618.6,inferred
Aberdeenshire,2021-09-11,156.5,211.0,253.0,267.8,281.0,313.6,341.0,370.4,404.3,423.2,450.0,512.0,628.0,inferred
Aberdeenshire,2021-09-12,125.5,178.0,213.8,229.0,243.0,266.0,292.5,324.0,360.0,379.2,401.0,463.0,571.0,inferred
Aberdeenshire,2021-09-13,90.0,123.0,154.0,167.8,182.0,205.0,229.0,255.0,284.3,301.0,321.0,374.1,467.0,inferred
Aberdeenshire,2021-09-14,94.5,134.9,164.0,177.0,190.0,215.0,241.0,265.0,292.0,308.0,327.0,380.0,483.0,inferred
Aberdeenshire,2021-09-15,108.0,151.0,179.0,197.0,212.0,237.0,264.5,288.4,319.0,340.0,361.0,421.1,520.5,inferred
Aberdeenshire,2021-09-16,82.0,115.0,144.0,156.0,165.7,187.0,212.0,231.0,262.0,279.0,297.0,343.1,435.6,inferred
Aberdeenshire,2021-09-17,77.0,113.0,144.0,156.0,167.0,190.0,210.0,232.0,257.0,274.0,295.2,353.0,441.5,inferred
Aberdeenshire,2021-09-18,95.0,135.0,169.0,184.0,197.0,221.0,244.0,271.0,303.0,319.2,339.0,384.0,503.7,inferred
Aberdeenshire,2021-09-19,86.0,122.0,153.8,165.0,177.0,196.0,215.5,239.0,266.0,284.2,305.2,354.0,448.1,inferred
Aberdeenshire,2021-09-20,59.0,90.0,116.0,127.8,139.0,163.0,183.5,205.0,231.3,248.0,264.2,313.0,399.5,inferred
Aberdeenshire,2021-09-21,65.0,98.9,128.0,140.0,154.0,175.0,195.0,218.0,241.0,258.2,283.0,327.0,408.6,inferred
Aberdeenshire,2021-09-22,82.5,125.0,154.0,167.8,182.0,205.0,230.0,257.0,289.0,309.0,326.0,384.1,478.5,inferred
Aberdeenshire,2021-09-23,69.5,103.0,125.0,139.0,151.0,172.0,195.0,217.0,241.0,256.0,271.0,324.1,407.1,inferred
Aberdeenshire,2021-09-24,76.0,113.0,142.0,155.0,165.7,188.0,212.5,236.0,264.0,280.0,296.2,344.0,433.0,inferred
Aberdeenshire,2021-09-25,102.0,147.0,178.0,192.0,206.0,234.0,256.0,283.4,313.0,329.2,350.2,406.0,499.5,inferred
Aberdeenshire,2021-09-26,95.0,138.0,174.0,187.0,199.0,223.0,250.0,276.0,305.0,320.0,336.0,390.0,496.5,inferred
Aberdeenshire,2021-09-27,72.0,113.0,148.0,160.0,172.7,196.0,220.0,243.0,270.0,286.0,305.0,361.0,449.6,inferred
Aberdeenshire,2021-09-28,83.0,127.9,160.0,176.8,187.0,209.0,234.0,262.0,292.3,311.0,331.0,390.0,493.5,inferred
Aberdeenshire,2021-09-29,118.0,164.0,204.0,220.0,231.0,258.0,286.5,312.4,343.0,361.0,381.0,444.0,540.5,inferred
Aberdeenshire,2021-09-30,93.5,132.0,162.0,177.0,190.0,211.0,233.0,259.0,290.0,308.0,327.0,382.1,469.5,inferred
Aberdeenshire,2021-10-01,106.0,145.0,175.0,188.8,202.0,223.0,249.0,273.0,303.0,320.0,339.0,400.1,490.5,inferred
Aberdeenshire,2021-10-02,131.5,176.0,212.8,226.0,242.7,270.6,298.0,324.4,355.3,374.0,396.0,451.0,542.0,inferred
Aberdeenshire,2021-10-03,116.5,164.0,195.0,209.0,223.0,252.6,279.0,301.4,333.0,351.0,377.0,431.0,534.6,inferred
Aberdeenshire,2021-10-04,97.5,135.0,165.0,178.0,187.0,213.0,240.0,267.0,300.0,320.0,340.0,392.1,491.5,inferred
Aberdeenshire,2021-10-05,105.5,148.0,183.0,198.0,213.0,234.0,259.0,287.4,316.0,333.0,356.0,410.0,502.0,inferred
Aberdeenshire,2021-10-06,132.0,185.0,224.0,240.0,255.0,284.0,309.0,337.0,372.0,390.0,410.0,471.0,590.5,inferred
Aberdeenshire,2021-10-07,102.5,148.0,179.0,192.0,208.0,234.0,262.0,286.0,321.0,338.2,358.0,412.1,509.6,inferred
Aberdeenshire,2021-10-08,110.5,150.0,183.0,195.0,212.0,237.0,262.5,291.4,323.0,338.2,360.0,408.0,527.5,inferred
Aberdeenshire,2021-10-09,139.5,189.0,227.8,245.0,261.0,290.0,317.0,343.0,376.0,394.0,416.0,480.0,581.5,inferred
Aberdeenshire,2021-10-10,124.5,174.0,210.0,225.8,241.0,265.0,292.0,320.0,352.0,371.0,392.2,457.1,554.0,inferred
Aberdeenshire,2021-10-11,98.0,143.0,179.0,191.0,202.0,229.0,256.0,285.0,315.0,332.0,348.2,403.0,493.1,inferred
Aberdeenshire,2021-10-12,109.4,159.0,195.8,208.0,222.0,251.0,279.0,307.0,338.0,356.2,379.2,442.1,547.0,inferred
Aberdeenshire,2021-10-13,142.0,193.0,231.0,251.8,268.7,296.0,322.0,352.0,384.3,405.2,431.2,498.0,622.5,inferred
Aberdeenshire,2021-10-14,113.0,155.0,194.0,210.0,225.0,252.0,279.0,304.0,340.3,360.0,382.0,446.3,545.0,inferred
Aberdeenshire,2021-10-15,118.5,168.0,206.0,223.8,241.0,275.0,303.5,333.0,376.0,395.0,419.0,496.0,627.1,inferred
Adur,2021-07-03,10.0,13.0,16.0,17.0,18.0,20.0,21.0,23.0,25.0,26.0,27.2,31.0,38.0,inferred
Adur,2021-07-04,12.0,16.0,18.0,19.0,20.0,22.0,24.0,25.4,28.0,29.0,30.0,33.0,40.0,inferred
Adur,2021-07-05,19.0,23.0,26.0,27.0,28.0,31.0,33.0,35.0,37.0,39.0,40.0,45.0,52.0,inferred
Adur,2021-07-06,18.0,22.0,26.0,27.0,28.0,30.0,32.0,35.0,37.0,39.0,41.0,45.0,51.0,inferred
Adur,2021-07-07,19.5,25.0,28.0,29.0,31.0,33.0,35.0,37.0,40.0,41.0,43.0,47.0,55.0,inferred
Adur,2021-07-08,20.0,25.0,28.0,30.0,31.0,33.0,35.0,38.0,40.0,42.0,43.0,48.0,54.5,inferred
Adur,2021-07-09,20.0,24.0,28.0,29.0,30.0,33.0,35.0,37.0,40.0,42.0,43.0,48.0,56.5,inferred
Adur,2021-07-10,18.0,22.0,26.0,27.0,28.0,30.0,32.0,35.0,37.0,38.0,40.0,45.0,53.0,inferred
Adur,2021-07-11,20.0,26.0,29.0,30.0,31.0,34.0,36.0,38.0,41.0,42.0,43.2,48.0,56.0,inferred
Adur,2021-07-12,32.0,38.0,42.0,44.0,46.0,49.0,52.0,54.0,57.0,59.0,62.0,68.0,76.0,inferred
Adur,2021-07-13,31.0,38.0,43.0,45.0,46.0,49.0,52.0,55.0,58.0,60.0,62.0,67.0,75.0,inferred
Adur,2021-07-14,31.0,37.0,42.0,44.0,45.7,48.0,51.0,53.0,56.0,58.0,60.0,65.0,73.0,inferred
Adur,2021-07-15,29.0,35.0,39.0,40.0,42.0,44.0,47.0,49.4,53.0,54.0,56.0,61.0,70.5,inferred
Adur,2021-07-16,25.0,31.0,34.0,36.0,37.0,40.0,42.0,45.0,47.0,49.0,51.0,56.0,64.0,inferred
Adur,2021-07-17,19.0,24.0,28.0,29.0,30.0,33.0,35.0,37.0,39.0,41.0,42.0,47.0,55.0,inferred
Adur,2021-07-18,19.0,24.0,27.0,28.0,30.0,32.0,34.0,36.0,39.0,40.0,42.0,47.0,55.0,inferred
Adur,2021-07-19,26.0,32.0,36.0,37.0,39.0,42.0,44.0,46.0,49.0,51.0,53.0,57.0,67.0,inferred
Adur,2021-07-20,24.0,29.0,33.0,34.0,36.0,38.0,41.0,43.0,46.0,47.0,49.2,53.0,62.0,inferred
Adur,2021-07-21,21.0,26.0,30.0,31.0,33.0,36.0,38.0,40.0,43.0,45.0,46.0,52.0,59.5,inferred
Adur,2021-07-22,18.0,23.0,26.0,27.0,29.0,31.0,33.0,36.0,38.0,39.0,41.0,45.1,53.0,inferred
Adur,2021-07-23,15.0,19.0,22.0,23.0,24.0,26.0,28.0,31.0,33.0,35.0,36.0,40.0,47.0,inferred
Adur,2021-07-24,10.5,15.0,17.0,18.0,19.0,21.0,23.0,25.0,27.0,28.0,30.0,34.0,41.0,inferred
Adur,2021-07-25,10.0,13.9,16.0,17.0,18.0,20.0,22.0,24.0,26.0,27.0,28.0,32.0,38.0,inferred
Adur,2021-07-26,15.0,18.0,21.0,23.0,24.0,26.0,28.0,30.0,32.0,34.0,35.0,39.1,46.0,inferred
Adur,2021-07-27,13.0,17.0,20.0,21.0,22.0,24.0,26.0,28.0,31.0,32.0,33.0,37.0,44.0,inferred
Adur,2021-07-28,13.5,18.0,21.0,22.0,23.0,25.0,27.0,29.0,31.0,32.0,34.0,38.0,45.5,inferred
Adur,2021-07-29,13.5,17.0,20.0,21.0,22.0,24.0,26.0,28.0,30.0,31.0,33.0,37.0,44.0,inferred
Adur,2021-07-30,12.0,16.0,19.0,20.0,21.0,23.0,25.0,26.0,29.0,30.0,31.0,35.0,41.0,inferred
Adur,2021-07-31,10.0,13.0,16.0,17.0,18.0,20.0,22.0,23.0,25.0,26.0,27.0,31.0,37.0,inferred
Adur,2021-08-01,11.0,14.0,17.0,18.0,19.0,20.0,22.0,24.0,26.0,27.0,29.0,33.0,40.0,inferred
Adur,2021-08-02,17.0,21.0,24.0,26.0,26.0,29.0,31.0,33.0,36.0,37.0,38.0,43.0,50.0,inferred
Adur,2021-08-03,16.0,20.0,23.0,25.0,26.0,28.0,30.0,32.0,35.0,36.0,38.0,42.0,50.0,inferred
Adur,2021-08-04,16.0,21.0,24.0,25.0,26.0,28.0,30.0,32.0,35.0,36.0,38.0,42.0,49.0,inferred
Adur,2021-08-05,14.0,19.0,22.0,24.0,25.0,27.0,29.0,31.0,33.0,35.0,36.0,40.0,47.0,inferred
Adur,2021-08-06,14.0,18.0,20.0,22.0,22.0,24.0,26.0,28.0,30.0,31.0,33.0,37.0,43.0,inferred
Adur,2021-08-07,11.0,14.0,17.0,18.0,19.0,20.0,22.0,24.0,26.0,27.0,29.0,32.0,38.0,inferred
Adur,2021-08-08,10.0,14.0,17.0,18.0,19.0,21.0,22.0,24.0,26.0,28.0,29.0,33.0,39.0,inferred
Adur,2021-08-09,16.0,20.0,24.0,25.0,26.7,29.0,31.0,33.0,35.0,36.0,37.0,42.0,49.0,inferred
Adur,2021-08-10,15.0,20.0,23.0,24.0,25.0,27.0,29.0,31.0,33.0,35.0,36.0,40.0,46.5,inferred
Adur,2021-08-11,15.0,20.0,23.0,24.0,25.0,27.0,29.0,31.0,34.0,35.0,36.0,41.0,47.0,inferred
Adur,2021-08-12,14.0,18.0,21.0,22.0,23.0,25.0,27.0,29.0,32.0,33.0,35.0,38.0,45.0,inferred
Adur,2021-08-13,12.0,16.0,19.0,21.0,22.0,23.0,25.0,27.0,30.0,31.0,32.0,36.0,42.0,inferred
Adur,2021-08-14,9.0,13.0,16.0,17.0,18.0,19.0,21.0,22.0,25.0,26.0,27.0,30.0,35.0,inferred
Adur,2021-08-15,10.0,14.0,16.0,17.0,18.0,20.0,21.0,23.0,25.0,26.0,28.0,31.0,38.0,inferred
Adur,2021-08-16,15.0,19.0,22.0,23.0,24.0,27.0,29.0,31.0,33.0,34.0,36.0,40.0,47.0,inferred
Adur,2021-08-17,14.5,18.0,21.0,22.0,23.0,25.0,27.0,29.0,32.0,33.0,34.0,38.0,44.5,inferred
Adur,2021-08-18,14.0,17.0,20.0,21.0,22.0,25.0,27.0,29.0,31.0,33.0,34.0,39.0,45.0,inferred
Adur,2021-08-19,12.0,16.0,19.0,20.0,21.0,23.0,25.0,26.0,29.0,30.0,31.0,35.0,42.0,inferred
Adur,2021-08-20,10.0,13.0,16.0,17.0,18.0,20.0,21.0,23.0,25.3,27.0,28.0,31.0,37.5,inferred
Adur,2021-08-21,8.0,11.0,13.0,14.0,15.0,16.0,18.0,20.0,21.0,22.0,24.0,27.0,33.0,inferred
Adur,2021-08-22,7.0,11.0,13.0,14.0,15.0,16.0,18.0,19.0,21.0,22.0,23.0,26.0,32.0,inferred
Adur,2021-08-23,11.0,15.0,18.0,19.0,19.0,21.0,23.0,25.0,27.0,28.0,29.0,33.0,40.0,inferred
Adur,2021-08-24,10.5,14.0,16.0,17.0,18.0,20.0,22.0,24.0,26.0,27.0,28.0,32.0,38.0,inferred
Adur,2021-08-25,10.0,13.0,16.0,17.0,18.0,20.0,22.0,24.0,26.0,27.0,28.0,31.0,38.0,inferred
Adur,2021-08-26,9.0,12.0,15.0,16.0,17.0,18.0,20.0,22.0,23.0,25.0,26.0,29.0,35.0,inferred
Adur,2021-08-27,8.0,11.0,13.0,14.0,15.0,17.0,18.0,20.0,22.0,23.0,24.0,28.0,33.0,inferred
Adur,2021-08-28,6.0,9.0,11.0,12.0,12.0,14.0,16.0,17.0,19.0,20.0,21.0,24.0,30.0,inferred
Adur,2021-08-29,6.0,9.0,11.0,12.0,13.0,14.0,16.0,17.0,19.0,20.0,21.0,24.0,30.0,inferred
Adur,2021-08-30,9.0,13.0,15.0,16.0,17.0,19.0,21.0,22.0,25.0,26.0,27.0,30.0,37.0,inferred
Adur,2021-08-31,9.0,13.0,15.0,16.0,17.0,19.0,20.0,22.0,24.0,25.0,26.0,30.0,36.0,inferred
Adur,2021-09-01,9.0,13.0,15.0,16.0,17.0,19.0,20.0,22.0,24.0,26.0,27.0,31.0,37.0,inferred
Adur,2021-09-02,8.5,12.0,14.0,15.0,16.0,18.0,20.0,21.0,23.0,24.0,25.0,29.0,35.0,inferred
Adur,2021-09-03,8.0,11.0,13.0,14.0,15.0,16.0,18.0,20.0,21.0,23.0,24.0,28.0,34.0,inferred
Adur,2021-09-04,6.0,9.0,11.0,12.0,12.7,14.0,15.0,17.0,19.0,20.0,21.0,24.0,29.0,inferred
Adur,2021-09-05,6.0,9.0,11.0,12.0,13.0,14.0,16.0,18.0,19.0,20.0,21.0,25.0,30.0,inferred
Adur,2021-09-06,10.0,13.0,16.0,17.0,18.0,20.0,21.0,23.0,25.0,26.0,27.0,31.0,37.5,inferred
Adur,2021-09-07,9.0,12.0,15.0,16.0,17.0,19.0,21.0,23.0,25.0,26.0,27.0,31.0,37.0,inferred
Adur,2021-09-08,9.0,13.0,16.0,17.0,17.0,19.0,21.0,22.0,25.0,26.0,27.0,30.0,37.0,inferred
Adur,2021-09-09,8.0,12.0,14.0,15.0,16.0,18.0,19.0,21.0,23.0,24.0,25.0,29.0,35.0,inferred
Adur,2021-09-10,8.0,11.0,13.0,14.0,15.0,16.0,18.0,20.0,22.0,23.0,24.0,27.0,33.0,inferred
Adur,2021-09-11,6.0,9.0,11.0,12.0,13.0,14.0,16.0,17.0,19.0,20.0,21.0,24.0,30.0,inferred
Adur,2021-09-12,6.0,9.0,11.0,12.0,13.0,15.0,16.0,18.0,19.0,20.0,21.2,24.0,30.0,inferred
Adur,2021-09-13,10.0,14.0,16.0,17.0,18.0,20.0,21.0,23.0,25.0,26.0,28.0,31.0,37.0,inferred
Adur,2021-09-14,10.0,13.0,16.0,17.0,18.0,20.0,22.0,24.0,26.0,27.0,28.0,32.0,37.0,inferred
Adur,2021-09-15,12.0,15.0,18.0,19.0,20.0,22.0,24.0,26.0,28.0,29.0,30.0,34.0,41.0,inferred
Adur,2021-09-16,13.0,16.0,19.0,20.0,21.0,24.0,25.0,27.0,30.0,31.0,32.0,36.0,41.0,inferred
Adur,2021-09-17,12.0,16.0,19.0,20.0,21.0,23.0,25.0,28.0,29.0,31.0,32.0,36.0,42.0,inferred
Adur,2021-09-18,11.0,14.0,17.0,18.0,20.0,21.0,23.0,25.0,27.0,28.0,30.0,33.0,40.5,inferred
Adur,2021-09-19,13.0,17.0,19.0,21.0,22.0,24.0,26.0,28.0,30.0,31.0,33.0,37.0,44.0,inferred
Adur,2021-09-20,21.0,27.0,30.0,31.0,33.0,35.0,38.0,40.0,43.0,44.0,46.0,51.0,59.0,inferred
Adur,2021-09-21,20.0,26.0,30.0,32.0,33.0,35.0,38.0,40.0,43.0,44.0,46.0,50.0,58.0,inferred
Adur,2021-09-22,22.0,27.0,31.0,32.0,34.0,36.0,39.0,41.0,44.0,46.0,47.0,51.0,59.0,inferred
Adur,2021-09-23,21.0,26.0,29.0,30.0,32.0,34.0,36.0,39.0,41.0,43.0,44.0,49.0,56.0,inferred
Adur,2021-09-24,19.0,24.0,27.0,28.8,30.0,32.0,34.0,37.0,39.0,41.0,42.0,47.0,53.0,inferred
Adur,2021-09-25,15.0,19.0,23.0,24.0,25.0,27.0,29.0,31.0,33.0,34.0,35.0,39.0,46.0,inferred
Adur,2021-09-26,17.0,20.0,23.0,24.0,26.0,28.0,30.0,32.0,34.0,35.0,37.0,41.0,49.0,inferred
Adur,2021-09-27,22.0,28.0,32.0,33.0,34.0,37.0,39.0,42.0,44.0,46.0,48.0,53.0,61.0,inferred
Adur,2021-09-28,21.0,26.0,30.0,31.0,33.0,35.0,38.0,40.0,43.0,45.0,47.0,50.0,58.0,inferred
Adur,2021-09-29,20.0,24.0,28.0,30.0,31.0,33.0,36.0,38.0,40.0,42.0,44.0,49.0,57.0,inferred
Adur,2021-09-30,18.0,23.0,26.0,27.0,28.0,31.0,33.0,35.0,37.0,38.0,40.0,44.0,52.0,inferred
Adur,2021-10-01,15.5,19.0,22.0,24.0,25.0,27.0,29.0,31.0,33.0,35.0,36.0,40.0,45.0,inferred
Adur,2021-10-02,11.0,15.0,18.0,19.0,20.0,22.0,24.0,25.0,28.0,29.0,30.0,34.0,41.0,inferred
Adur,2021-10-03,11.0,15.0,18.0,19.0,20.0,22.0,23.0,25.0,27.0,29.0,30.0,33.0,40.0,inferred
Adur,2021-10-04,16.0,20.0,24.0,25.0,26.0,28.6,30.0,33.0,35.0,36.0,38.0,42.0,49.0,inferred
Adur,2021-10-05,15.0,19.0,22.0,24.0,25.0,27.0,29.0,31.0,33.0,34.0,35.0,39.0,47.0,inferred
Adur,2021-10-06,15.5,20.0,23.0,24.0,25.0,27.0,29.0,31.0,34.0,35.0,37.0,41.0,48.0,inferred
Adur,2021-10-07,15.0,19.0,22.0,23.0,24.0,26.0,28.0,30.0,32.0,34.0,35.0,40.0,46.5,inferred
Adur,2021-10-08,13.5,18.0,20.0,22.0,23.0,25.0,27.0,29.0,31.0,32.0,34.0,38.0,44.5,inferred
Adur,2021-10-09,11.0,15.0,17.0,18.0,20.0,22.0,23.0,25.0,27.0,29.0,30.0,35.0,41.0,inferred
Adur,2021-10-10,11.0,16.0,19.0,20.0,21.0,23.0,24.0,26.0,28.0,30.0,31.0,35.0,41.0,inferred
Adur,2021-10-11,19.0,23.0,27.0,28.0,29.0,32.0,34.0,36.0,39.0,40.0,42.0,46.0,56.0,inferred
Adur,2021-10-12,18.0,22.0,26.0,28.0,29.0,31.0,33.0,35.0,37.0,39.0,40.0,45.0,52.0,inferred
Adur,2021-10-13,18.0,23.0,26.0,28.0,29.0,31.0,34.0,36.0,38.0,40.0,41.0,46.1,56.0,inferred
Adur,2021-10-14,17.0,22.0,26.0,27.0,28.0,30.0,33.0,35.0,38.0,39.0,41.0,46.0,54.0,inferred
Adur,2021-10-15,15.0,20.0,24.0,25.0,26.0,29.0,31.0,33.0,36.0,37.0,39.0,43.0,50.0,inferred
Allerdale,2021-07-03,11.0,16.0,20.0,22.0,23.0,26.0,29.0,32.0,36.0,38.0,41.0,49.1,63.0,inferred
Allerdale,2021-07-04,18.0,24.0,29.0,31.0,33.0,36.0,40.0,43.0,48.0,50.0,53.0,61.0,77.0,inferred
Allerdale,2021-07-05,39.0,49.0,55.0,58.0,60.0,65.0,69.0,73.0,79.0,81.0,85.0,95.0,109.0,inferred
Allerdale,2021-07-06,42.0,54.0,60.0,62.0,64.0,69.0,73.0,77.0,82.0,85.0,87.0,96.0,108.0,inferred
Allerdale,2021-07-07,49.0,58.0,65.0,68.0,70.0,74.0,78.0,82.0,88.0,90.0,93.0,101.0,117.0,inferred
Allerdale,2021-07-08,54.0,62.0,68.0,71.0,73.7,78.0,82.0,86.0,91.0,93.0,96.0,104.1,118.0,inferred
Allerdale,2021-07-09,51.0,61.0,69.0,71.0,73.0,77.0,81.0,86.0,91.0,94.0,97.0,105.0,119.0,inferred
Allerdale,2021-07-10,46.0,55.0,61.0,63.0,66.0,70.0,73.0,77.0,82.0,85.0,87.0,95.0,111.0,inferred
Allerdale,2021-07-11,54.0,64.0,71.0,73.0,76.0,81.0,85.0,89.0,94.3,97.0,100.0,108.0,122.0,inferred
Allerdale,2021-07-12,89.5,103.0,112.0,115.0,118.0,124.0,129.0,135.0,141.0,145.0,148.2,159.0,174.5,inferred
Allerdale,2021-07-13,83.0,97.0,105.0,109.0,112.0,118.0,123.0,129.0,134.0,138.0,141.0,152.0,169.0,inferred
Allerdale,2021-07-14,80.0,92.0,102.0,105.0,107.0,114.0,119.0,124.0,129.0,133.0,137.0,146.0,163.0,inferred
Allerdale,2021-07-15,71.0,84.0,92.0,95.0,98.0,103.0,107.0,113.0,118.0,121.0,125.0,135.0,151.0,inferred
Allerdale,2021-07-16,59.0,70.0,77.0,80.0,83.0,88.0,93.0,98.0,102.0,105.0,109.0,118.0,135.0,inferred
Allerdale,2021-07-17,46.0,54.0,60.0,62.0,64.0,68.0,72.0,77.0,81.0,84.0,86.0,93.1,108.0,inferred
Allerdale,2021-07-18,43.0,52.0,59.0,61.0,63.0,66.0,71.0,74.0,79.0,82.0,85.0,92.0,107.0,inferred
Allerdale,2021-07-19,60.0,70.0,77.0,80.0,83.0,87.0,92.0,96.0,102.0,104.0,107.0,116.0,129.5,inferred
Allerdale,2021-07-20,50.0,60.0,66.0,69.0,71.0,76.0,80.0,84.0,89.0,92.0,95.0,103.0,119.0,inferred
Allerdale,2021-07-21,43.0,53.0,59.0,61.0,63.0,67.0,72.0,76.0,81.0,84.0,87.0,96.0,110.0,inferred
Allerdale,2021-07-22,36.0,44.0,49.0,52.0,54.0,58.0,61.0,65.0,68.0,71.0,74.0,82.0,96.0,inferred
Allerdale,2021-07-23,27.0,34.0,39.0,41.0,43.0,46.0,49.0,53.0,56.0,59.0,61.0,68.0,78.0,inferred
Allerdale,2021-07-24,18.0,24.0,28.0,29.0,30.0,33.0,36.0,39.0,42.0,44.0,46.0,52.0,62.0,inferred
Allerdale,2021-07-25,17.0,22.0,26.0,27.0,29.0,31.6,34.0,37.0,41.0,43.0,45.0,51.0,59.0,inferred
Allerdale,2021-07-26,23.0,29.0,33.0,35.0,37.0,40.0,43.0,46.0,50.0,52.0,54.0,60.0,71.0,inferred
Allerdale,2021-07-27,17.0,23.0,27.0,29.0,31.0,34.0,36.0,39.0,43.0,45.0,47.0,53.0,65.0,inferred
Allerdale,2021-07-28,17.0,23.0,27.0,28.0,30.0,33.0,36.0,39.0,42.0,44.0,46.0,52.0,61.5,inferred
Allerdale,2021-07-29,15.0,21.0,24.0,26.0,28.0,31.0,33.0,36.0,39.0,40.2,43.0,49.0,59.0,inferred
Allerdale,2021-07-30,13.0,18.0,21.0,23.0,24.0,26.0,29.0,31.0,34.0,35.0,37.0,43.0,53.0,inferred
Allerdale,2021-07-31,9.0,13.0,17.0,18.0,19.0,22.0,24.0,26.0,29.0,30.0,32.0,36.0,44.0,inferred
Allerdale,2021-08-01,9.0,13.0,17.0,19.0,20.0,22.0,25.0,27.0,30.0,32.0,34.0,40.0,48.0,inferred
Allerdale,2021-08-02,16.0,21.0,25.0,27.0,29.0,31.0,34.0,37.0,40.0,42.0,44.0,50.0,60.0,inferred
Allerdale,2021-08-03,15.0,20.0,24.0,26.0,27.0,30.0,32.0,35.0,38.0,39.0,41.0,47.0,55.0,inferred
Allerdale,2021-08-04,15.0,21.0,24.0,25.0,27.0,30.0,33.0,36.0,38.0,40.0,42.0,48.0,59.0,inferred
Allerdale,2021-08-05,15.0,21.0,24.0,26.0,27.0,30.0,33.0,36.0,39.0,41.0,43.0,49.0,59.0,inferred
Allerdale,2021-08-06,14.0,18.0,23.0,24.0,26.0,28.0,31.0,34.0,37.0,39.0,41.0,47.0,57.0,inferred
Allerdale,2021-08-07,11.0,15.0,19.0,20.0,21.0,24.0,26.0,29.0,32.0,34.0,35.0,41.0,49.0,inferred
Allerdale,2021-08-08,13.0,17.0,21.0,22.0,24.0,27.0,29.0,32.0,35.0,36.0,38.0,44.0,52.0,inferred
Allerdale,2021-08-09,21.0,27.0,32.0,34.0,36.0,39.0,42.0,45.0,48.0,50.0,53.0,58.0,68.5,inferred
Allerdale,2021-08-10,21.0,26.0,30.0,32.0,34.0,37.0,40.0,43.0,47.0,49.0,51.0,58.0,67.5,inferred
Allerdale,2021-08-11,20.0,26.9,31.0,33.0,35.0,37.0,40.0,43.0,47.0,49.0,51.0,58.0,68.0,inferred
Allerdale,2021-08-12,20.0,26.0,30.0,32.0,34.0,36.0,39.0,42.0,45.0,47.0,49.0,56.0,66.5,inferred
Allerdale,2021-08-13,18.0,24.0,27.0,29.0,31.0,33.6,37.0,39.0,43.0,45.0,47.0,54.0,65.0,inferred
Allerdale,2021-08-14,13.0,19.0,22.0,24.0,25.0,28.0,31.0,33.0,37.0,38.0,40.0,46.0,55.0,inferred
Allerdale,2021-08-15,15.0,21.0,25.0,27.0,29.0,31.0,33.0,36.4,40.0,41.0,43.0,49.0,58.0,inferred
Allerdale,2021-08-16,25.0,31.0,36.0,38.0,40.0,43.0,47.0,50.0,54.0,57.0,60.0,66.0,76.0,inferred
Allerdale,2021-08-17,22.0,29.0,34.0,36.0,38.0,41.0,44.0,47.0,51.0,53.0,56.0,63.0,75.0,inferred
Allerdale,2021-08-18,25.0,30.0,35.0,37.0,39.0,42.0,46.0,49.0,53.0,55.0,58.0,65.0,76.0,inferred
Allerdale,2021-08-19,24.0,30.0,35.0,37.0,38.0,41.0,44.0,48.0,51.3,53.0,56.0,62.0,71.0,inferred
Allerdale,2021-08-20,21.5,28.0,32.0,34.0,36.0,39.0,42.0,45.0,49.0,51.0,53.0,59.0,68.5,inferred
Allerdale,2021-08-21,17.0,23.0,27.0,29.0,30.0,33.0,36.0,40.0,43.0,45.0,47.0,54.0,64.0,inferred
Allerdale,2021-08-22,19.0,25.0,29.0,30.0,32.0,35.0,38.0,41.0,44.0,46.0,48.0,54.0,64.0,inferred
Allerdale,2021-08-23,29.0,37.0,42.0,45.0,47.0,50.0,54.0,57.0,62.0,64.0,67.0,74.0,84.0,inferred
Allerdale,2021-08-24,29.0,36.0,41.0,43.0,45.0,49.0,52.0,55.0,60.0,62.0,65.0,72.0,85.0,inferred
Allerdale,2021-08-25,31.0,39.0,44.0,46.0,47.0,50.6,54.0,58.0,62.0,64.0,67.0,74.0,87.0,inferred
Allerdale,2021-08-26,31.0,38.0,44.0,46.0,47.0,51.0,54.0,58.0,62.0,64.0,67.0,74.1,84.5,inferred
Allerdale,2021-08-27,28.0,36.0,41.0,43.0,44.0,48.0,52.0,55.0,59.0,62.0,64.0,71.0,83.0,inferred
Allerdale,2021-08-28,24.0,30.0,35.0,36.0,38.0,42.0,45.0,48.0,52.0,54.0,57.0,63.0,75.5,inferred
Allerdale,2021-08-29,27.0,34.0,39.0,41.0,42.0,46.0,49.0,53.0,57.0,59.0,61.0,68.0,79.5,inferred
Allerdale,2021-08-30,43.0,54.0,59.0,61.8,64.0,67.0,72.0,76.0,81.0,84.0,86.0,94.0,106.0,inferred
Allerdale,2021-08-31,41.0,50.0,56.0,59.0,61.0,65.0,70.0,74.0,78.0,80.0,83.0,91.0,103.5,inferred
Allerdale,2021-09-01,43.0,52.0,58.0,61.0,63.0,67.0,71.0,76.0,81.0,84.0,86.0,94.0,107.0,inferred
Allerdale,2021-09-02,42.5,51.0,58.0,60.0,62.0,66.0,70.0,74.0,78.0,80.0,83.0,91.1,104.0,inferred
Allerdale,2021-09-03,39.0,47.0,54.0,56.0,58.0,62.0,66.0,70.0,75.0,77.0,80.0,87.0,98.5,inferred
Allerdale,2021-09-04,31.0,39.0,45.0,47.0,49.0,53.0,57.0,61.0,65.0,67.0,70.0,77.0,88.0,inferred
Allerdale,2021-09-05,35.0,43.0,49.0,51.0,53.0,57.0,61.0,65.0,68.0,71.0,73.0,81.0,96.0,inferred
Allerdale,2021-09-06,53.0,65.0,71.0,74.0,77.0,81.0,85.0,90.0,95.0,98.0,102.0,112.0,127.5,inferred
Allerdale,2021-09-07,51.5,61.0,67.8,70.0,73.0,78.0,81.0,86.0,91.0,94.0,97.0,106.0,120.0,inferred
Allerdale,2021-09-08,53.0,63.0,69.0,72.0,75.0,79.0,83.0,87.0,92.0,95.0,98.0,107.0,123.0,inferred
Allerdale,2021-09-09,49.0,59.0,67.0,69.0,71.0,76.0,80.0,85.0,89.0,92.0,95.0,103.0,116.5,inferred
Allerdale,2021-09-10,46.0,55.0,62.0,64.0,66.0,70.0,74.0,79.0,84.0,86.0,89.0,96.0,111.0,inferred
Allerdale,2021-09-11,36.0,45.0,51.0,52.0,55.0,58.0,62.0,66.0,70.0,72.0,75.0,83.0,93.0,inferred
Allerdale,2021-09-12,39.0,48.0,54.0,56.0,59.0,63.0,67.0,71.0,75.0,78.0,80.0,87.0,101.0,inferred
Allerdale,2021-09-13,61.5,71.0,79.0,81.0,84.0,89.0,93.0,98.0,105.0,107.0,111.0,119.0,133.5,inferred
Allerdale,2021-09-14,58.0,68.0,75.0,78.0,80.0,85.0,90.0,94.0,99.0,102.0,106.0,114.0,130.0,inferred
Allerdale,2021-09-15,62.5,71.0,79.0,82.0,85.0,89.0,94.0,98.0,104.0,107.0,110.0,119.0,132.0,inferred
Allerdale,2021-09-16,62.5,70.0,77.0,81.0,83.0,88.0,92.5,97.0,102.0,105.0,109.0,119.0,133.0,inferred
Allerdale,2021-09-17,57.0,67.0,74.0,76.0,79.0,84.0,88.0,93.0,98.0,100.0,103.0,112.0,128.0,inferred
Allerdale,2021-09-18,49.0,57.0,64.0,66.0,69.0,72.6,76.0,81.0,86.0,88.0,91.0,99.1,115.0,inferred
Allerdale,2021-09-19,52.0,63.0,70.0,73.0,75.0,79.0,83.0,88.0,93.0,96.0,100.0,110.0,122.0,inferred
Allerdale,2021-09-20,83.0,95.0,102.0,105.0,108.0,113.0,119.0,124.0,130.0,133.0,137.0,147.0,165.0,inferred
Allerdale,2021-09-21,76.0,88.0,97.0,100.0,102.0,107.0,113.0,118.0,124.0,127.0,131.0,141.0,160.0,inferred
Allerdale,2021-09-22,77.0,88.0,96.0,99.0,101.0,106.0,112.0,117.0,121.0,124.2,128.0,138.1,154.5,inferred
Allerdale,2021-09-23,69.0,81.0,88.0,91.0,94.0,99.0,104.0,109.0,114.0,118.0,122.0,131.1,147.5,inferred
Allerdale,2021-09-24,63.0,72.9,79.0,82.0,85.0,90.0,94.0,99.0,105.0,108.0,112.0,120.0,133.0,inferred
Allerdale,2021-09-25,47.5,58.0,64.0,66.0,69.0,73.0,77.0,81.0,86.0,88.0,92.0,100.0,112.0,inferred
Allerdale,2021-09-26,48.5,60.0,66.0,68.8,71.0,75.0,80.0,84.0,89.0,92.0,96.0,104.0,118.0,inferred
Allerdale,2021-09-27,75.0,85.0,92.0,96.0,98.0,104.0,109.0,114.0,120.0,124.0,127.0,136.0,152.0,inferred
Allerdale,2021-09-28,65.0,77.0,84.0,88.0,90.0,95.0,100.0,105.0,110.3,114.0,117.0,127.0,142.0,inferred
Allerdale,2021-09-29,68.0,77.0,85.0,88.0,90.0,95.0,100.0,104.0,110.0,112.2,116.0,125.0,140.5,inferred
Allerdale,2021-09-30,62.0,72.0,81.0,83.0,86.0,91.0,96.0,101.0,106.0,109.0,113.0,122.0,135.0,inferred
Allerdale,2021-10-01,55.0,66.0,73.0,76.0,79.0,83.6,88.0,92.0,96.3,99.0,102.0,111.0,124.5,inferred
Allerdale,2021-10-02,46.0,54.0,59.0,62.0,65.0,68.0,73.0,77.0,82.0,84.0,87.0,95.1,108.0,inferred
Allerdale,2021-10-03,47.0,57.0,63.0,66.0,68.0,72.0,76.0,81.0,86.0,88.0,91.0,99.0,113.5,inferred
Allerdale,2021-10-04,68.0,81.0,89.0,92.0,96.0,100.0,106.0,111.0,116.0,120.0,123.0,133.0,151.0,inferred
Allerdale,2021-10-05,62.0,72.9,81.0,85.0,88.0,93.0,97.0,102.0,108.0,111.0,115.0,124.0,137.0,inferred
Allerdale,2021-10-06,61.0,73.0,80.0,83.0,85.0,90.0,94.0,99.0,105.0,107.0,110.0,120.0,136.0,inferred
Allerdale,2021-10-07,57.0,67.0,74.0,77.0,79.0,84.0,88.0,93.0,98.0,101.0,104.0,114.0,127.5,inferred
Allerdale,2021-10-08,49.0,59.0,66.0,69.0,71.0,76.0,79.0,83.0,87.0,91.0,94.0,103.0,116.0,inferred
Allerdale,2021-10-09,38.0,47.0,52.0,54.0,56.0,60.0,64.0,68.0,72.0,74.0,77.0,85.0,99.0,inferred
Allerdale,2021-10-10,39.5,47.0,52.0,55.0,58.0,62.0,66.0,71.0,75.0,78.0,80.2,87.0,100.5,inferred
Allerdale,2021-10-11,55.5,67.0,74.0,77.0,80.0,84.0,90.0,94.0,99.0,102.0,106.0,115.1,131.0,inferred
Allerdale,2021-10-12,50.5,61.0,68.0,70.0,73.0,76.0,81.0,85.0,90.0,93.0,97.0,106.0,120.0,inferred
Allerdale,2021-10-13,45.0,58.0,65.0,68.0,70.0,74.0,78.0,83.0,88.0,91.0,94.0,102.0,116.5,inferred
Allerdale,2021-10-14,42.0,52.0,58.0,60.8,63.0,67.6,71.0,76.0,81.0,83.0,86.0,94.0,109.0,inferred
Allerdale,2021-10-15,36.0,45.0,50.8,53.0,55.0,59.0,63.0,67.0,71.0,74.0,77.0,86.0,99.0,inferred
Amber Valley,2021-07-03,17.0,22.0,26.0,27.0,28.0,31.0,34.0,36.0,39.0,41.0,43.0,48.0,59.0,inferred
Amber Valley,2021-07-04,23.0,29.0,32.0,34.0,35.0,38.0,41.0,44.0,47.0,49.0,52.0,57.0,67.0,inferred
Amber Valley,2021-07-05,40.0,48.0,53.0,55.0,56.0,60.0,63.0,67.0,71.0,73.0,76.0,82.0,93.5,inferred
Amber Valley,2021-07-06,44.0,51.0,56.0,58.8,60.0,64.0,67.0,71.0,74.0,77.0,79.0,85.0,97.0,inferred
Amber Valley,2021-07-07,50.0,58.0,63.0,65.0,67.0,70.0,74.0,77.0,81.0,83.0,86.0,93.0,102.0,inferred
Amber Valley,2021-07-08,52.0,61.0,67.0,69.0,71.0,75.0,79.0,82.0,86.0,88.0,91.0,98.0,110.0,inferred
Amber Valley,2021-07-09,53.0,62.0,66.8,69.0,71.0,75.0,78.0,81.0,85.0,88.0,90.0,97.0,108.0,inferred
Amber Valley,2021-07-10,50.0,58.0,63.0,65.0,66.0,70.0,73.0,76.0,80.0,83.0,85.0,92.0,102.0,inferred
Amber Valley,2021-07-11,58.0,69.0,74.0,77.0,78.0,82.0,86.0,90.0,94.3,97.0,100.0,106.0,117.0,inferred
Amber Valley,2021-07-12,92.5,104.0,111.0,114.0,117.0,122.0,127.0,131.0,136.0,139.0,143.0,151.0,166.0,inferred
Amber Valley,2021-07-13,89.5,102.0,109.0,111.0,115.0,120.0,124.0,129.0,134.0,137.0,140.0,150.0,166.0,inferred
Amber Valley,2021-07-14,88.0,98.0,105.0,109.0,111.0,116.0,120.0,124.0,129.0,132.0,135.0,144.0,158.5,inferred
Amber Valley,2021-07-15,79.0,89.0,96.0,98.0,101.0,106.0,110.0,114.0,119.0,122.0,126.0,134.0,147.5,inferred
Amber Valley,2021-07-16,65.5,74.0,80.0,84.0,86.0,90.0,94.0,98.0,102.0,105.0,107.0,115.0,127.0,inferred
Amber Valley,2021-07-17,50.5,58.0,64.0,67.0,68.0,72.0,76.0,79.0,84.0,86.0,88.0,95.0,106.0,inferred
Amber Valley,2021-07-18,49.0,59.0,64.0,66.0,68.0,72.0,75.0,79.0,83.0,85.0,88.0,94.0,106.0,inferred
Amber Valley,2021-07-19,66.0,76.0,82.0,85.0,88.0,92.0,96.0,100.0,105.0,108.0,111.0,118.0,131.5,inferred
Amber Valley,2021-07-20,56.0,66.0,71.0,74.0,76.0,80.0,83.5,88.0,92.0,94.0,97.0,104.0,115.0,inferred
Amber Valley,2021-07-21,50.0,59.0,64.0,67.0,68.0,72.0,76.0,79.0,84.0,86.0,88.0,96.0,107.0,inferred
Amber Valley,2021-07-22,42.5,49.9,55.0,57.0,58.0,62.0,65.5,69.0,72.0,75.0,77.0,83.0,93.0,inferred
Amber Valley,2021-07-23,33.0,39.0,43.0,45.0,46.0,49.0,52.0,55.0,58.3,60.0,62.0,68.0,77.0,inferred
Amber Valley,2021-07-24,22.0,28.0,31.0,33.0,35.0,37.0,40.0,43.0,46.0,47.0,49.0,54.0,62.5,inferred
Amber Valley,2021-07-25,21.0,26.9,30.0,32.0,33.0,36.0,39.0,41.0,44.0,45.0,47.0,52.0,61.0,inferred
Amber Valley,2021-07-26,28.0,34.0,38.0,40.0,41.0,44.0,47.0,50.0,54.0,56.0,57.0,63.0,71.5,inferred
Amber Valley,2021-07-27,24.0,30.9,34.0,36.0,37.0,40.0,42.0,46.0,49.0,51.0,53.0,57.0,65.5,inferred
Amber Valley,2021-07-28,25.5,31.0,36.0,37.0,39.0,41.0,44.0,47.0,50.0,52.0,54.0,59.0,69.0,inferred
Amber Valley,2021-07-29,25.0,31.0,35.0,37.0,38.0,41.0,43.0,46.0,49.0,51.0,53.0,58.0,67.0,inferred
Amber Valley,2021-07-30,22.0,28.0,32.0,33.0,34.0,37.0,40.0,43.0,45.3,47.0,49.0,54.1,64.0,inferred
Amber Valley,2021-07-31,19.0,24.0,28.0,29.0,30.0,33.0,35.0,38.0,40.0,42.0,44.0,49.0,56.0,inferred
Amber Valley,2021-08-01,21.0,27.0,30.0,32.0,33.0,35.0,38.0,40.4,43.0,45.0,46.0,51.0,58.0,inferred
Amber Valley,2021-08-02,32.5,39.0,44.0,46.0,47.0,51.0,54.0,57.0,60.0,62.0,64.0,69.0,79.0,inferred
Amber Valley,2021-08-03,30.5,37.0,42.0,44.0,46.0,49.0,52.0,55.0,58.3,61.0,63.0,69.0,78.0,inferred
Amber Valley,2021-08-04,33.0,39.0,44.0,46.0,48.0,51.0,53.0,56.0,60.0,62.0,64.0,69.0,79.0,inferred
Amber Valley,2021-08-05,32.0,39.0,43.0,44.0,46.0,49.6,53.0,56.0,59.0,61.0,63.0,69.0,78.0,inferred
Amber Valley,2021-08-06,30.0,35.0,39.0,41.0,43.0,46.0,48.0,51.0,55.0,56.0,58.0,64.0,73.0,inferred
Amber Valley,2021-08-07,25.0,30.0,34.0,35.0,36.0,39.0,42.0,44.0,47.0,49.0,51.0,56.0,65.0,inferred
Amber Valley,2021-08-08,27.0,33.0,37.8,39.0,41.0,43.0,46.0,49.0,52.0,53.0,55.0,61.0,69.0,inferred
Amber Valley,2021-08-09,41.0,47.0,53.0,55.0,57.0,61.0,64.0,67.0,71.0,73.0,75.0,82.0,93.0,inferred
Amber Valley,2021-08-10,40.0,46.0,51.0,53.0,54.0,58.0,61.0,64.0,68.0,70.0,72.0,78.0,89.0,inferred
Amber Valley,2021-08-11,39.0,46.0,51.0,53.0,54.0,58.0,61.0,65.0,68.0,70.0,73.0,79.0,89.0,inferred
Amber Valley,2021-08-12,37.0,45.0,50.0,52.0,54.0,57.0,60.0,63.0,67.0,69.0,71.0,77.0,86.5,inferred
Amber Valley,2021-08-13,34.0,41.0,45.0,47.0,49.0,52.0,54.0,57.0,61.0,63.0,65.0,71.0,80.0,inferred
Amber Valley,2021-08-14,28.0,34.0,39.0,40.0,42.0,44.0,47.0,50.0,53.0,55.0,57.0,62.0,71.0,inferred
Amber Valley,2021-08-15,30.0,37.0,41.0,43.0,45.0,48.0,51.0,54.0,57.0,59.0,61.0,67.0,76.0,inferred
Amber Valley,2021-08-16,45.0,53.0,58.0,60.0,62.0,66.0,69.0,72.0,77.0,79.0,81.0,88.0,99.0,inferred
Amber Valley,2021-08-17,40.0,48.0,53.0,56.0,58.0,61.0,65.0,68.0,71.0,73.0,75.0,81.0,92.5,inferred
Amber Valley,2021-08-18,42.0,49.0,54.0,55.0,57.0,60.0,63.0,67.0,71.0,73.0,75.0,82.0,93.0,inferred
Amber Valley,2021-08-19,38.0,45.9,50.0,52.0,54.0,57.0,60.0,64.0,67.0,69.0,71.0,77.0,87.0,inferred
Amber Valley,2021-08-20,33.0,40.0,44.0,46.0,47.0,50.0,53.0,56.0,59.0,61.0,63.0,69.0,78.0,inferred
Amber Valley,2021-08-21,26.0,32.0,36.0,38.0,40.0,42.6,45.0,47.0,50.0,52.0,54.0,59.0,69.0,inferred
Amber Valley,2021-08-22,28.0,33.0,38.0,39.0,41.0,44.0,46.0,49.0,52.0,53.0,56.0,61.0,70.0,inferred
Amber Valley,2021-08-23,41.0,47.0,52.0,54.0,56.0,59.0,62.0,65.0,69.0,71.0,74.0,80.0,90.0,inferred
Amber Valley,2021-08-24,35.0,42.0,47.0,49.0,51.0,54.0,57.0,60.0,64.0,66.0,69.0,74.0,81.5,inferred
Amber Valley,2021-08-25,36.0,43.0,48.0,50.0,52.0,55.0,57.0,61.0,64.0,67.0,69.0,75.0,84.0,inferred
Amber Valley,2021-08-26,35.0,41.0,46.0,48.0,50.0,53.0,56.0,58.0,62.0,64.0,66.0,72.0,82.0,inferred
Amber Valley,2021-08-27,31.0,37.0,41.0,43.0,44.0,47.0,50.0,53.0,56.0,58.0,60.0,66.0,75.0,inferred
Amber Valley,2021-08-28,25.0,31.0,34.0,36.0,37.0,40.0,42.5,45.0,48.0,50.0,52.0,57.0,67.0,inferred
Amber Valley,2021-08-29,28.0,33.0,38.0,39.0,41.0,43.0,46.0,49.0,52.0,54.0,56.0,60.0,68.5,inferred
Amber Valley,2021-08-30,40.5,48.0,52.0,54.0,56.0,60.0,63.0,67.0,70.0,72.0,75.0,81.0,90.5,inferred
Amber Valley,2021-08-31,38.0,45.0,50.0,52.0,54.0,57.0,60.0,63.0,67.0,69.0,71.0,78.0,88.0,inferred
Amber Valley,2021-09-01,40.0,47.0,52.0,54.0,56.0,59.0,62.0,65.0,69.0,71.0,73.0,79.0,90.0,inferred
Amber Valley,2021-09-02,40.0,47.0,52.0,53.0,55.0,58.0,61.0,64.0,67.0,69.0,72.0,78.0,87.0,inferred
Amber Valley,2021-09-03,34.0,42.0,47.0,49.0,50.7,53.0,57.0,59.4,63.0,65.0,68.0,73.1,81.5,inferred
Amber Valley,2021-09-04,28.5,35.0,40.0,42.0,43.0,46.0,49.0,52.0,55.0,57.0,58.0,64.0,73.0,inferred
Amber Valley,2021-09-05,33.0,40.0,44.0,46.0,47.0,50.0,53.0,56.0,59.0,61.0,64.0,69.0,79.5,inferred
Amber Valley,2021-09-06,48.0,56.0,61.0,63.0,65.0,69.0,72.0,76.0,80.0,82.0,85.0,92.0,104.0,inferred
Amber Valley,2021-09-07,43.5,52.0,57.0,59.0,61.0,65.0,68.0,72.0,76.0,78.0,80.0,86.0,97.0,inferred
Amber Valley,2021-09-08,41.0,51.0,57.0,59.0,60.0,64.0,67.0,70.0,74.0,76.0,78.0,85.0,94.5,inferred
Amber Valley,2021-09-09,40.0,48.0,52.0,54.0,56.0,59.0,63.0,66.0,69.0,72.0,74.0,81.0,90.0,inferred
Amber Valley,2021-09-10,32.0,39.0,44.0,47.0,48.0,51.0,54.0,57.0,60.0,62.0,64.0,71.0,81.5,inferred
Amber Valley,2021-09-11,27.0,32.0,36.0,37.0,39.0,41.0,44.0,47.0,50.0,51.0,53.0,59.0,67.0,inferred
Amber Valley,2021-09-12,26.0,32.0,37.0,38.0,40.0,42.0,45.0,48.0,50.0,52.0,54.0,59.0,68.0,inferred
Amber Valley,2021-09-13,36.0,43.0,48.0,50.0,52.0,55.0,59.0,62.0,65.0,67.0,70.0,76.0,86.0,inferred
Amber Valley,2021-09-14,36.0,43.0,47.0,49.0,51.0,54.0,57.0,60.0,63.0,65.0,67.0,74.0,83.0,inferred
Amber Valley,2021-09-15,38.0,46.0,50.0,52.0,54.0,58.0,61.0,64.0,68.0,70.0,72.0,79.0,91.0,inferred
Amber Valley,2021-09-16,41.0,49.0,54.0,56.0,57.0,60.0,64.0,67.0,71.0,73.0,75.0,81.0,91.5,inferred
Amber Valley,2021-09-17,39.0,47.0,52.0,54.0,56.0,59.0,62.0,65.0,69.0,71.0,74.0,80.0,91.5,inferred
Amber Valley,2021-09-18,37.0,43.0,48.0,50.0,51.0,54.0,57.0,60.0,64.0,66.0,68.0,74.0,86.0,inferred
Amber Valley,2021-09-19,43.0,49.9,55.0,57.0,59.0,63.0,66.0,70.0,73.0,75.0,77.0,84.0,94.0,inferred
Amber Valley,2021-09-20,68.0,78.0,83.0,85.0,87.0,92.0,96.0,100.0,105.0,108.0,111.0,117.0,130.0,inferred
Amber Valley,2021-09-21,67.0,76.0,82.8,85.0,88.0,91.0,95.0,98.0,103.0,106.0,109.0,117.0,131.0,inferred
Amber Valley,2021-09-22,69.0,79.0,85.0,88.0,90.0,94.0,98.0,103.0,107.0,109.0,111.0,120.0,133.0,inferred
Amber Valley,2021-09-23,69.0,77.0,83.8,86.0,88.0,92.0,96.0,100.0,105.0,107.0,110.0,118.0,130.0,inferred
Amber Valley,2021-09-24,63.0,71.0,77.0,79.0,82.0,86.0,89.0,93.0,96.0,98.0,102.0,110.0,121.0,inferred
Amber Valley,2021-09-25,52.0,60.0,66.0,69.0,71.0,74.0,78.0,81.0,85.0,87.0,89.2,96.0,107.5,inferred
Amber Valley,2021-09-26,58.0,66.9,72.0,74.0,76.0,80.0,84.0,88.0,92.0,94.0,96.0,103.0,114.0,inferred
Amber Valley,2021-09-27,84.0,94.9,102.0,105.0,108.0,112.0,116.0,121.0,126.0,129.0,133.0,141.0,156.0,inferred
Amber Valley,2021-09-28,81.0,92.0,100.0,102.0,105.0,109.0,113.0,118.0,122.0,125.0,129.0,137.0,149.0,inferred
Amber Valley,2021-09-29,84.0,95.0,103.0,105.0,107.0,112.0,116.0,121.0,125.0,127.0,130.0,138.1,152.0,inferred
Amber Valley,2021-09-30,87.0,96.0,103.0,105.0,108.0,113.0,117.0,120.0,125.0,128.0,131.0,139.0,152.5,inferred
Amber Valley,2021-10-01,80.0,89.0,94.0,97.0,99.0,104.0,108.0,113.0,117.0,119.0,122.0,130.0,142.0,inferred
Amber Valley,2021-10-02,67.0,76.0,83.0,85.0,87.0,91.0,95.0,99.0,103.0,106.0,109.0,115.0,126.0,inferred
Amber Valley,2021-10-03,75.0,85.0,91.0,94.0,96.0,101.0,104.0,108.0,113.0,115.2,119.0,127.0,139.0,inferred
Amber Valley,2021-10-04,111.0,121.9,129.0,133.0,136.0,141.0,147.0,151.0,157.0,160.0,165.0,173.0,188.0,inferred
Amber Valley,2021-10-05,103.0,116.0,124.0,127.0,129.0,134.0,140.0,145.0,150.0,153.0,156.0,166.0,180.5,inferred
Amber Valley,2021-10-06,101.0,114.0,121.0,124.0,127.0,132.0,137.0,142.0,147.0,150.0,152.2,161.1,177.0,inferred
Amber Valley,2021-10-07,96.5,108.0,114.0,117.0,120.0,124.0,128.0,133.0,138.0,141.0,145.0,154.0,170.0,inferred
Amber Valley,2021-10-08,81.5,93.0,99.0,102.0,104.0,108.0,112.5,116.4,122.0,125.0,127.0,135.0,150.0,inferred
Amber Valley,2021-10-09,66.0,75.9,82.0,84.0,86.0,90.0,94.0,97.4,102.0,105.0,108.0,115.0,128.5,inferred
Amber Valley,2021-10-10,72.0,81.0,86.0,89.0,91.0,95.0,99.0,104.0,108.0,110.0,113.0,122.0,136.0,inferred
Amber Valley,2021-10-11,95.0,108.0,116.0,118.0,121.0,127.0,131.0,136.4,142.0,145.0,149.0,157.0,173.5,inferred
Amber Valley,2021-10-12,88.5,98.0,105.0,108.0,110.0,115.0,119.0,123.0,128.0,130.0,134.0,143.0,155.0,inferred
Amber Valley,2021-10-13,82.0,91.0,98.0,101.0,103.0,108.0,112.0,116.0,122.0,125.0,128.0,136.0,148.0,inferred
Amber Valley,2021-10-14,72.0,81.0,88.0,91.0,93.0,97.0,101.5,105.0,110.0,113.0,116.0,123.0,138.0,inferred
Amber Valley,2021-10-15,59.0,67.0,73.0,76.0,78.0,82.0,86.0,90.0,95.0,98.0,100.0,107.0,120.0,inferred
Angus,2021-07-03,210.5,262.0,299.0,313.0,329.0,358.6,388.0,422.0,454.0,474.2,494.0,551.1,654.5,inferred
Angus,2021-07-04,172.0,228.0,267.0,282.0,300.7,330.0,354.0,381.0,412.0,434.0,455.0,519.1,615.5,inferred
Angus,2021-07-05,142.4,191.0,223.0,235.0,248.0,272.0,293.0,322.4,351.0,365.0,382.0,438.1,526.1,inferred
Angus,2021-07-06,145.5,196.9,231.8,247.0,260.0,288.0,313.0,338.0,368.3,388.0,405.2,465.0,576.5,inferred
Angus,2021-07-07,176.0,222.0,262.0,278.0,292.0,316.0,338.0,363.0,396.0,411.0,434.0,495.0,591.5,inferred
Angus,2021-07-08,128.5,167.9,195.0,208.8,219.0,242.0,268.0,291.0,322.0,339.0,360.0,415.0,517.1,inferred
Angus,2021-07-09,115.5,161.0,193.0,204.0,216.0,240.0,266.0,291.4,313.3,331.0,351.0,405.1,493.5,inferred
Angus,2021-07-10,140.0,185.9,218.0,231.0,247.0,272.0,295.0,320.0,349.3,367.0,389.0,442.1,542.0,inferred
Angus,2021-07-11,117.0,159.0,187.0,201.0,214.0,237.0,260.0,285.0,316.0,333.2,353.0,405.1,473.5,inferred
Angus,2021-07-12,80.0,114.0,142.0,155.0,164.0,184.0,203.0,226.0,251.0,265.0,281.0,328.1,399.0,inferred
Angus,2021-07-13,76.5,115.9,147.0,159.0,169.0,190.0,212.0,232.4,256.3,274.0,289.0,347.1,420.5,inferred
Angus,2021-07-14,90.5,129.9,159.0,172.8,181.0,205.6,227.5,252.0,278.0,292.0,306.0,360.2,438.6,inferred
Angus,2021-07-15,62.0,90.0,114.0,122.0,131.0,151.0,171.0,192.0,215.0,227.0,239.2,285.0,367.6,inferred
Angus,2021-07-16,55.0,85.9,106.0,116.0,125.0,143.0,162.0,184.0,205.3,217.0,232.0,270.0,335.0,inferred
Angus,2021-07-17,60.0,92.0,118.8,127.0,135.7,155.0,174.0,194.0,215.3,229.0,247.0,288.1,359.0,inferred
Angus,2021-07-18,47.5,76.0,97.8,106.0,117.0,132.0,149.0,165.0,186.0,198.2,213.0,252.0,344.5,inferred
Angus,2021-07-19,30.0,51.0,70.0,77.0,83.0,98.0,113.0,131.0,150.0,160.2,175.0,211.1,278.0,inferred
Angus,2021-07-20,29.0,51.0,72.0,77.0,86.0,101.0,116.0,133.0,150.0,163.0,180.2,217.1,285.5,inferred
Angus,2021-07-21,32.0,55.0,75.0,83.0,89.0,105.0,120.0,138.0,155.0,166.0,178.2,219.0,283.0,inferred
Angus,2021-07-22,19.5,36.0,52.0,59.0,65.0,78.0,92.0,107.0,122.3,133.0,145.0,177.0,242.0,inferred
Angus,2021-07-23,19.0,34.0,49.0,55.0,62.0,73.0,88.0,102.4,120.3,129.0,140.0,175.0,239.6,inferred
Angus,2021-07-24,18.5,36.0,52.0,59.0,66.0,80.0,91.0,107.0,125.0,136.0,149.0,179.0,238.5,inferred
Angus,2021-07-25,17.0,31.0,43.0,50.0,56.0,67.0,81.0,93.0,110.0,119.0,130.0,164.0,216.5,inferred
Angus,2021-07-26,8.0,19.0,28.8,34.0,38.0,48.0,57.0,68.0,84.0,93.0,101.0,135.1,201.6,inferred
Angus,2021-07-27,8.0,18.0,29.0,34.0,38.0,49.0,60.0,72.0,86.0,96.0,108.0,138.1,206.5,inferred
Angus,2021-07-28,11.0,23.0,35.0,40.0,45.0,56.0,67.0,79.0,91.3,103.0,115.0,147.1,211.0,inferred
Angus,2021-07-29,6.5,15.0,25.0,29.0,33.0,43.0,52.5,65.0,79.0,86.0,95.0,125.0,178.6,inferred
Angus,2021-07-30,7.0,17.0,26.0,30.8,35.0,44.0,55.0,69.0,80.0,88.0,99.0,133.0,192.0,inferred
Angus,2021-07-31,9.0,20.0,30.0,35.0,41.0,52.0,64.0,75.0,89.0,97.0,109.0,143.0,202.5,inferred
Angus,2021-08-01,8.0,18.0,28.0,33.0,38.0,47.0,58.0,70.0,85.0,95.0,105.0,139.0,193.0,inferred
Angus,2021-08-02,4.0,11.0,19.0,22.0,27.0,36.0,46.0,57.0,69.0,77.0,86.0,117.0,174.0,inferred
Angus,2021-08-03,5.0,15.0,24.0,28.0,32.0,41.0,52.0,62.0,76.0,84.2,96.0,122.1,178.0,inferred
Angus,2021-08-04,9.0,21.0,32.0,37.0,42.0,51.0,62.0,75.0,91.0,100.0,109.0,139.0,199.0,inferred
Angus,2021-08-05,6.0,16.0,25.0,29.0,33.0,42.6,53.0,64.0,77.0,84.2,96.0,127.0,173.0,inferred
Angus,2021-08-06,7.0,17.0,27.0,32.0,37.0,46.0,56.0,67.0,82.0,89.0,100.0,127.0,178.0,inferred
Angus,2021-08-07,11.0,23.0,35.0,41.0,47.0,58.0,68.5,81.0,95.0,106.0,117.0,147.0,206.5,inferred
Angus,2021-08-08,10.0,22.0,36.0,41.0,45.0,57.0,67.0,79.0,93.0,101.0,111.0,142.0,207.0,inferred
Angus,2021-08-09,7.0,16.0,27.0,32.0,36.0,46.0,54.0,66.0,82.0,90.0,102.0,131.1,188.6,inferred
Angus,2021-08-10,9.0,20.0,31.0,36.0,42.7,53.0,64.0,76.0,90.0,98.0,110.0,141.0,198.1,inferred
Angus,2021-08-11,18.0,32.0,44.0,49.0,56.0,69.0,81.0,96.0,111.0,122.0,133.0,163.0,235.5,inferred
Angus,2021-08-12,12.0,26.0,39.0,44.0,50.0,61.0,72.0,85.0,101.0,111.0,123.2,155.0,208.0,inferred
Angus,2021-08-13,17.0,30.0,43.0,49.0,54.0,67.0,78.5,94.0,113.0,124.0,136.0,172.1,234.0,inferred
Angus,2021-08-14,28.0,44.0,61.0,69.0,75.0,89.0,104.0,119.0,139.0,150.0,160.2,194.0,264.5,inferred
Angus,2021-08-15,22.0,44.0,62.0,68.0,75.0,89.0,104.0,120.0,140.0,149.0,161.0,196.2,269.0,inferred
Angus,2021-08-16,19.0,36.0,51.0,58.0,65.0,79.0,92.0,107.0,126.0,136.0,148.2,186.0,246.0,inferred
Angus,2021-08-17,28.0,50.0,68.0,75.8,83.0,95.0,109.0,126.4,145.3,157.0,169.0,204.0,272.0,inferred
Angus,2021-08-18,41.5,68.0,92.0,100.0,108.0,124.0,140.0,160.0,177.0,192.0,207.2,254.1,329.6,inferred
Angus,2021-08-19,36.5,61.0,79.8,89.0,96.0,113.0,128.0,144.0,164.0,178.0,190.0,233.0,308.0,inferred
Angus,2021-08-20,44.5,71.0,94.0,103.0,111.0,127.0,145.0,163.4,184.0,195.0,214.0,250.0,322.6,inferred
Angus,2021-08-21,69.5,103.0,128.0,139.0,148.0,167.6,189.0,210.0,235.3,250.0,265.0,319.0,398.7,inferred
Angus,2021-08-22,72.0,105.0,129.0,143.0,154.7,174.0,195.0,216.0,241.0,256.0,272.0,323.0,410.0,inferred
Angus,2021-08-23,61.0,90.0,116.0,126.8,137.0,157.6,176.5,196.0,219.3,234.2,248.2,300.1,389.0,inferred
Angus,2021-08-24,78.5,114.0,143.0,155.0,166.0,191.0,211.0,234.0,261.0,277.2,295.0,338.1,418.5,inferred
Angus,2021-08-25,112.0,154.0,185.0,198.8,210.0,233.6,255.0,278.4,308.0,323.0,343.0,394.0,487.5,inferred
Angus,2021-08-26,92.0,128.0,158.0,171.8,181.7,203.0,226.0,251.0,276.0,292.0,308.0,353.0,450.0,inferred
Angus,2021-08-27,110.0,151.0,183.0,194.8,208.0,229.0,251.0,274.0,304.0,322.0,339.0,385.1,475.0,inferred
Angus,2021-08-28,144.5,188.9,224.8,241.0,254.7,275.0,299.5,329.0,359.0,372.0,393.0,453.0,544.0,inferred
Angus,2021-08-29,145.5,190.0,222.0,235.0,249.0,274.6,301.0,329.0,359.0,376.0,396.0,455.0,556.5,inferred
Angus,2021-08-30,122.5,161.9,196.0,210.0,223.0,245.6,269.5,293.0,323.0,339.0,360.0,414.0,504.6,inferred
Angus,2021-08-31,137.5,186.0,225.0,238.8,254.0,274.0,299.0,327.0,357.0,373.0,399.0,457.1,553.0,inferred
Angus,2021-09-01,175.0,226.8,264.0,282.0,295.0,323.0,349.0,378.0,415.3,438.0,463.0,520.0,632.1,inferred
Angus,2021-09-02,129.5,187.0,219.0,233.0,244.0,268.0,296.0,319.0,347.0,363.2,384.0,441.0,530.0,inferred
Angus,2021-09-03,146.5,192.0,224.0,238.0,252.0,278.0,304.0,335.0,364.0,384.0,405.0,462.0,563.5,inferred
Angus,2021-09-04,180.5,229.0,268.8,287.0,300.0,331.0,359.0,385.0,424.0,442.0,462.0,523.0,620.6,inferred
Angus,2021-09-05,162.0,206.0,245.0,266.8,281.0,309.0,335.0,368.4,399.0,418.0,443.2,502.0,622.0,inferred
Angus,2021-09-06,127.0,177.0,213.0,227.0,240.0,264.0,287.0,317.4,346.0,362.0,383.0,437.0,528.5,inferred
Angus,2021-09-07,142.5,190.0,221.0,236.0,249.7,275.0,306.0,335.0,366.0,385.0,404.0,462.0,561.0,inferred
Angus,2021-09-08,160.0,213.9,251.0,266.0,281.0,310.0,334.0,362.0,390.3,408.0,431.0,489.1,579.5,inferred
Angus,2021-09-09,103.0,142.9,179.8,194.0,208.7,232.0,254.0,278.0,305.0,320.0,337.2,389.1,478.0,inferred
Angus,2021-09-10,103.0,147.9,177.8,190.0,202.0,225.6,247.0,268.0,296.0,311.2,327.0,372.1,469.0,inferred
Angus,2021-09-11,112.0,153.0,184.0,199.0,214.0,237.0,264.0,288.0,318.0,332.0,351.2,399.0,503.0,inferred
Angus,2021-09-12,93.0,130.0,155.8,168.0,177.7,199.0,222.5,245.0,270.0,285.0,300.0,354.0,442.0,inferred
Angus,2021-09-13,63.5,98.0,123.0,131.0,141.0,162.0,180.0,197.0,219.3,231.0,248.0,294.0,367.0,inferred
Angus,2021-09-14,66.5,98.0,121.0,132.0,143.0,161.0,184.0,204.0,226.0,237.2,252.0,303.1,382.7,inferred
Angus,2021-09-15,78.0,110.0,139.0,151.0,160.0,181.0,203.0,225.0,247.0,263.0,283.0,325.1,415.6,inferred
Angus,2021-09-16,56.0,85.0,110.0,120.0,129.0,147.0,163.0,186.0,205.3,219.0,234.0,279.0,358.5,inferred
Angus,2021-09-17,59.0,85.0,110.0,119.0,129.0,147.0,165.0,185.0,209.0,220.0,235.0,278.1,349.5,inferred
Angus,2021-09-18,70.0,103.0,128.0,138.0,147.0,168.0,188.0,213.0,237.0,252.0,267.0,318.1,381.0,inferred
Angus,2021-09-19,63.0,93.0,114.0,126.0,136.0,153.0,172.0,193.0,219.0,231.0,246.0,295.0,370.6,inferred
Angus,2021-09-20,43.0,69.0,92.8,102.0,111.0,128.0,147.0,164.0,186.0,199.2,214.0,255.0,329.5,inferred
Angus,2021-09-21,50.0,79.0,97.8,108.0,118.0,134.0,152.0,174.0,196.0,208.0,223.0,268.0,332.6,inferred
Angus,2021-09-22,60.0,98.9,125.0,136.8,146.0,168.0,189.0,210.0,231.3,247.2,264.0,309.1,396.0,inferred
Angus,2021-09-23,54.5,81.9,102.0,111.0,120.0,136.0,154.0,172.0,196.0,208.2,225.0,267.0,339.5,inferred
Angus,2021-09-24,60.5,88.0,109.0,120.0,129.0,149.0,167.0,185.0,206.0,220.0,235.0,279.1,363.6,inferred
Angus,2021-09-25,82.0,118.0,145.0,155.0,165.0,183.0,204.0,226.0,249.0,265.0,283.2,333.0,415.1,inferred
Angus,2021-09-26,69.5,108.0,131.0,144.0,153.0,175.0,196.0,219.0,242.3,258.0,274.2,327.0,408.1,inferred
Angus,2021-09-27,58.0,90.0,113.0,124.8,133.7,152.0,169.0,188.0,210.3,225.0,242.2,285.0,362.6,inferred
Angus,2021-09-28,69.0,100.0,126.0,139.0,148.0,166.0,184.0,204.4,229.0,244.0,260.2,312.0,393.0,inferred
Angus,2021-09-29,83.0,118.0,149.0,159.0,171.0,194.0,215.0,234.0,261.0,275.0,293.0,347.1,428.6,inferred
Angus,2021-09-30,68.0,95.0,120.8,130.0,143.0,161.0,180.0,200.0,223.0,236.0,248.2,295.1,376.0,inferred
Angus,2021-10-01,63.0,96.9,122.8,133.0,143.7,162.0,181.0,201.0,224.3,237.0,254.0,300.0,383.5,inferred
Angus,2021-10-02,83.0,119.9,149.0,160.0,170.0,191.0,212.5,237.0,261.0,274.0,293.2,346.0,424.5,inferred
Angus,2021-10-03,74.5,110.0,138.0,149.0,158.0,177.0,198.0,221.0,248.0,267.0,280.0,323.0,403.0,inferred
Angus,2021-10-04,57.0,87.0,111.0,123.0,131.7,151.0,172.0,191.0,215.0,228.2,246.0,295.1,383.0,inferred
Angus,2021-10-05,66.5,99.9,124.0,137.0,146.0,165.0,181.0,203.0,230.0,246.0,265.0,311.1,389.0,inferred
Angus,2021-10-06,79.5,115.0,146.0,159.0,171.0,193.0,214.0,238.0,264.0,277.0,292.2,336.1,422.5,inferred
Angus,2021-10-07,65.0,90.0,118.0,128.0,139.0,158.0,178.5,198.0,222.0,235.0,249.0,292.1,378.5,inferred
Angus,2021-10-08,67.0,102.9,131.0,141.0,152.0,171.0,190.0,210.0,231.0,244.0,258.0,307.1,378.5,inferred
Angus,2021-10-09,82.5,124.0,149.0,164.0,175.0,199.0,220.0,242.0,269.0,282.2,300.0,352.2,461.0,inferred
Angus,2021-10-10,77.0,114.0,141.0,151.0,160.0,179.6,200.0,222.0,249.0,266.0,282.2,330.1,419.0,inferred
Angus,2021-10-11,58.5,90.0,115.0,127.0,138.0,156.6,174.5,198.0,222.0,237.0,254.0,297.0,383.5,inferred
Angus,2021-10-12,65.5,103.9,130.0,140.8,149.7,166.0,189.0,212.0,235.0,250.0,266.0,313.1,394.5,inferred
Angus,2021-10-13,85.0,126.0,158.0,168.0,180.0,203.0,224.0,249.0,275.0,288.0,306.2,357.0,450.0,inferred
Angus,2021-10-14,65.5,95.0,120.0,132.0,142.0,164.0,184.5,206.0,232.0,247.0,263.2,311.1,388.5,inferred
Angus,2021-10-15,67.5,103.0,131.8,143.0,154.0,176.0,195.0,215.0,241.0,259.0,275.0,326.0,410.6,inferred
Argyll and Bute,2021-07-03,40.0,62.0,78.0,85.0,91.0,101.0,114.0,127.0,142.0,150.0,159.0,189.0,239.5,inferred
Argyll and Bute,2021-07-04,37.0,55.0,73.0,79.0,84.0,95.0,106.0,118.0,132.3,141.2,151.0,178.0,231.5,inferred
Argyll and Bute,2021-07-05,29.0,46.0,59.0,65.0,70.0,80.0,90.0,102.0,115.0,122.2,131.0,155.1,200.5,inferred
Argyll and Bute,2021-07-06,34.0,51.0,65.0,70.0,74.7,85.0,95.0,108.0,121.0,127.0,138.2,162.0,204.0,inferred
Argyll and Bute,2021-07-07,41.0,58.0,73.0,79.0,86.0,98.0,111.0,122.0,137.3,146.0,156.0,184.0,230.0,inferred
Argyll and Bute,2021-07-08,28.0,43.0,57.0,63.0,69.0,79.0,89.0,100.0,112.0,121.0,133.0,158.0,205.5,inferred
Argyll and Bute,2021-07-09,31.5,46.9,61.0,66.0,70.0,81.0,90.0,102.0,118.0,126.0,135.2,163.0,208.0,inferred
Argyll and Bute,2021-07-10,39.0,58.0,72.0,78.0,83.0,95.0,107.0,121.0,133.0,142.0,152.0,181.0,221.0,inferred
Argyll and Bute,2021-07-11,32.5,50.0,65.0,72.0,76.0,87.0,99.5,111.0,126.0,133.0,143.0,170.0,222.0,inferred
Argyll and Bute,2021-07-12,21.0,36.0,50.0,55.8,61.0,72.0,83.0,95.0,107.0,115.0,123.0,152.0,197.0,inferred
Argyll and Bute,2021-07-13,24.0,40.0,53.0,60.0,64.0,75.0,86.0,98.0,111.0,120.0,130.0,158.0,206.0,inferred
Argyll and Bute,2021-07-14,30.0,50.0,64.0,70.0,75.0,87.0,98.0,110.4,124.0,131.2,141.2,171.0,220.0,inferred
Argyll and Bute,2021-07-15,20.0,34.0,46.0,51.0,57.0,66.0,75.5,87.0,100.0,109.0,119.0,148.0,198.0,inferred
Argyll and Bute,2021-07-16,22.5,37.0,48.0,53.0,59.0,69.0,79.0,90.0,105.0,111.0,120.2,144.0,192.0,inferred
Argyll and Bute,2021-07-17,25.5,41.0,56.0,61.0,66.0,78.0,88.0,101.0,114.0,123.0,131.0,159.0,199.0,inferred
Argyll and Bute,2021-07-18,23.0,37.0,49.0,54.0,58.0,68.0,78.0,91.0,104.0,114.0,123.0,149.0,201.5,inferred
Argyll and Bute,2021-07-19,14.0,26.0,37.0,42.0,47.0,57.0,67.0,77.0,89.0,96.0,103.0,127.0,178.0,inferred
Argyll and Bute,2021-07-20,15.0,28.0,38.0,43.0,48.0,57.0,66.0,76.0,88.0,96.0,104.0,129.1,171.0,inferred
Argyll and Bute,2021-07-21,19.0,32.0,44.0,49.0,54.0,63.0,72.0,81.4,93.0,101.0,112.0,134.0,173.5,inferred
Argyll and Bute,2021-07-22,12.0,24.0,32.0,36.0,40.0,48.0,59.0,68.0,79.0,85.0,92.0,114.0,146.5,inferred
Argyll and Bute,2021-07-23,11.5,22.0,31.0,35.0,39.0,46.0,53.0,62.0,74.0,81.0,87.2,109.0,149.5,inferred
Argyll and Bute,2021-07-24,13.0,23.0,35.0,38.8,43.0,51.0,60.0,70.0,81.0,89.0,97.0,122.0,168.0,inferred
Argyll and Bute,2021-07-25,10.0,20.0,29.0,33.0,36.0,44.0,52.0,60.0,71.0,78.0,84.0,107.0,149.0,inferred
Argyll and Bute,2021-07-26,6.0,14.0,21.0,25.0,27.7,34.0,40.5,48.0,58.0,65.0,73.0,91.0,124.5,inferred
Argyll and Bute,2021-07-27,6.0,15.0,23.0,26.0,30.0,37.0,44.0,53.0,62.0,69.0,77.0,97.0,131.0,inferred
Argyll and Bute,2021-07-28,10.0,17.0,26.0,30.0,34.0,40.0,48.0,57.0,68.0,74.0,81.0,102.1,140.0,inferred
Argyll and Bute,2021-07-29,6.0,12.0,20.0,24.0,27.0,34.0,40.0,48.0,58.0,63.0,70.0,92.0,129.0,inferred
Argyll and Bute,2021-07-30,5.0,14.0,21.0,24.0,27.0,34.0,41.0,49.0,59.0,65.0,71.2,89.1,134.0,inferred
Argyll and Bute,2021-07-31,9.0,18.0,27.0,31.0,34.0,41.0,48.0,56.0,66.0,74.0,80.0,101.0,140.5,inferred
Argyll and Bute,2021-08-01,8.0,15.9,24.0,27.0,31.0,38.0,46.0,54.0,64.0,69.2,76.0,95.1,131.0,inferred
Argyll and Bute,2021-08-02,4.0,11.0,17.0,20.0,24.0,30.0,36.0,43.0,52.0,58.0,65.0,83.1,114.5,inferred
Argyll and Bute,2021-08-03,5.0,13.0,20.0,24.0,27.0,34.0,41.0,49.0,59.0,65.0,73.0,92.1,131.5,inferred
Argyll and Bute,2021-08-04,9.0,19.0,28.0,32.0,36.0,43.0,51.0,60.0,70.0,75.2,85.0,107.0,152.5,inferred
Argyll and Bute,2021-08-05,7.0,15.0,23.8,27.0,30.0,36.0,43.5,52.0,62.3,69.0,76.0,93.0,136.0,inferred
Argyll and Bute,2021-08-06,8.0,18.0,25.8,30.0,33.0,41.6,48.0,58.0,68.3,74.0,82.0,104.0,137.0,inferred
Argyll and Bute,2021-08-07,14.0,25.0,36.0,41.0,45.0,53.6,63.0,72.0,83.0,89.0,98.0,119.0,155.0,inferred
Argyll and Bute,2021-08-08,12.0,25.0,34.0,39.0,43.0,52.6,62.0,73.0,84.0,92.0,100.0,121.1,168.0,inferred
Argyll and Bute,2021-08-09,10.0,20.0,29.0,32.0,37.0,44.0,53.0,62.0,72.0,78.0,87.0,106.0,146.0,inferred
Argyll and Bute,2021-08-10,13.0,24.0,34.0,39.0,44.0,53.0,62.0,73.0,86.3,94.2,103.0,126.0,162.0,inferred
Argyll and Bute,2021-08-11,18.0,35.0,47.0,52.0,57.0,68.0,78.5,89.0,104.0,112.0,120.2,145.0,192.0,inferred
Argyll and Bute,2021-08-12,16.0,30.0,39.0,45.0,50.0,60.0,69.0,80.0,90.0,96.0,105.0,128.0,173.0,inferred
Argyll and Bute,2021-08-13,21.0,35.0,47.0,52.0,56.0,67.0,77.0,87.0,101.0,109.0,118.2,145.0,185.5,inferred
Argyll and Bute,2021-08-14,29.0,49.0,63.0,68.0,74.0,84.0,94.0,105.0,118.0,127.0,139.0,168.0,214.5,inferred
Argyll and Bute,2021-08-15,32.0,48.0,62.0,68.0,74.0,86.0,97.0,109.0,122.0,130.0,140.0,168.0,211.0,inferred
Argyll and Bute,2021-08-16,28.0,42.0,56.0,60.0,65.0,77.0,89.0,101.0,114.0,122.0,131.0,158.1,198.5,inferred
Argyll and Bute,2021-08-17,32.0,49.0,67.0,73.0,78.0,90.0,102.0,116.0,131.0,140.0,150.2,177.0,229.0,inferred
Argyll and Bute,2021-08-18,51.0,76.0,92.0,99.0,105.0,118.0,132.0,145.0,163.0,174.0,186.0,223.0,272.5,inferred
Argyll and Bute,2021-08-19,44.5,64.0,82.8,88.0,95.0,106.0,119.0,132.4,148.0,158.0,167.2,201.0,252.0,inferred
Argyll and Bute,2021-08-20,53.0,80.0,97.0,105.0,112.0,126.0,138.0,154.0,171.3,182.0,194.0,222.0,274.0,inferred
Argyll and Bute,2021-08-21,78.5,109.9,131.0,141.0,149.0,164.0,179.0,196.0,216.0,227.0,239.0,268.0,323.5,inferred
Argyll and Bute,2021-08-22,81.0,114.0,135.0,144.0,156.0,172.0,188.0,205.0,224.0,235.0,245.0,284.2,346.5,inferred
Argyll and Bute,2021-08-23,72.0,103.0,124.0,132.0,139.0,155.0,172.0,190.0,210.0,222.0,235.0,272.0,330.5,inferred
Argyll and Bute,2021-08-24,91.0,119.0,147.0,157.0,165.7,183.0,198.0,216.0,235.0,247.0,259.0,299.1,368.0,inferred
Argyll and Bute,2021-08-25,120.0,157.9,184.0,194.0,205.0,223.0,240.5,258.4,279.0,291.2,307.0,347.0,415.6,inferred
Argyll and Bute,2021-08-26,106.0,135.0,159.8,171.0,180.0,199.0,215.0,234.0,253.0,263.0,276.0,311.0,384.0,inferred
Argyll and Bute,2021-08-27,120.0,154.9,178.0,190.0,199.0,218.0,235.0,253.0,276.0,288.0,301.0,343.0,402.0,inferred
Argyll and Bute,2021-08-28,150.0,197.0,226.0,237.0,249.0,270.0,292.0,313.4,335.0,348.0,365.0,405.1,481.5,inferred
Argyll and Bute,2021-08-29,158.0,193.0,220.0,234.0,245.0,266.0,287.0,309.0,333.0,347.0,363.0,404.1,471.0,inferred
Argyll and Bute,2021-08-30,133.0,166.0,192.0,206.0,215.0,234.0,254.0,274.0,298.0,310.0,327.0,368.1,451.0,inferred
Argyll and Bute,2021-08-31,144.5,192.0,224.0,236.0,246.0,267.0,286.0,308.0,333.0,349.0,365.2,410.1,478.6,inferred
Argyll and Bute,2021-09-01,177.0,224.0,257.0,268.0,280.0,303.0,324.5,348.0,372.0,387.0,402.0,448.2,522.5,inferred
Argyll and Bute,2021-09-02,138.0,178.0,210.0,222.8,235.0,258.0,278.0,299.0,321.0,331.0,347.0,388.0,463.5,inferred
Argyll and Bute,2021-09-03,146.5,186.0,216.8,227.8,237.0,262.0,282.0,304.0,329.0,343.0,360.0,402.0,473.0,inferred
Argyll and Bute,2021-09-04,183.0,222.9,255.0,268.0,280.0,303.0,323.0,345.0,369.0,380.2,396.0,436.0,518.5,inferred
Argyll and Bute,2021-09-05,165.0,204.0,232.0,245.0,256.0,277.0,297.0,318.0,339.3,352.0,366.0,414.0,486.5,inferred
Argyll and Bute,2021-09-06,130.0,163.0,191.0,205.0,216.0,236.0,257.0,279.0,302.0,315.0,329.0,367.0,439.0,inferred
Argyll and Bute,2021-09-07,134.5,171.0,198.8,209.0,220.0,239.0,259.0,278.0,299.0,311.0,327.0,367.0,443.5,inferred
Argyll and Bute,2021-09-08,130.9,184.0,213.0,222.0,233.7,251.0,272.0,295.0,318.0,332.2,347.0,390.0,472.0,inferred
Argyll and Bute,2021-09-09,98.0,132.0,154.0,164.0,173.0,191.0,206.0,224.0,244.0,256.2,270.0,307.0,380.5,inferred
Argyll and Bute,2021-09-10,90.5,120.0,142.0,150.0,158.7,174.6,191.0,208.0,225.0,235.0,251.0,285.1,346.5,inferred
Argyll and Bute,2021-09-11,91.5,128.0,150.0,160.0,169.0,186.0,203.0,219.0,241.0,251.0,263.2,299.0,360.5,inferred
Argyll and Bute,2021-09-12,72.5,100.0,123.0,131.0,141.0,153.0,170.0,187.0,205.0,217.0,230.0,261.1,320.6,inferred
Argyll and Bute,2021-09-13,47.5,73.0,92.0,99.0,106.0,118.0,130.5,147.0,166.0,172.0,182.0,208.0,258.0,inferred
Argyll and Bute,2021-09-14,49.5,67.0,86.0,94.0,101.0,114.0,126.0,139.0,155.0,165.2,175.2,206.0,263.5,inferred
Argyll and Bute,2021-09-15,47.5,75.0,95.0,103.0,109.0,123.0,136.0,152.0,168.0,179.0,191.0,224.0,282.0,inferred
Argyll and Bute,2021-09-16,36.0,56.0,73.0,78.0,85.0,96.0,109.0,121.0,135.0,144.0,154.2,186.0,236.0,inferred
Argyll and Bute,2021-09-17,39.0,57.0,70.0,78.0,83.0,95.0,105.0,118.0,134.0,143.2,155.2,182.0,231.0,inferred
Argyll and Bute,2021-09-18,45.0,63.0,78.0,83.0,89.0,102.0,115.0,129.0,144.0,155.0,165.0,196.1,243.0,inferred
Argyll and Bute,2021-09-19,33.0,52.0,68.0,73.0,79.0,90.0,103.0,115.0,130.0,139.2,149.2,175.0,236.5,inferred
Argyll and Bute,2021-09-20,22.5,38.0,52.0,57.0,62.0,73.0,84.0,95.0,109.0,117.0,125.0,149.0,195.5,inferred
Argyll and Bute,2021-09-21,25.5,41.0,55.0,61.0,65.0,76.0,87.0,97.0,110.0,118.0,125.0,150.0,198.0,inferred
Argyll and Bute,2021-09-22,30.0,48.0,63.8,69.0,75.0,88.0,99.0,111.0,126.0,136.0,146.0,170.0,217.5,inferred
Argyll and Bute,2021-09-23,22.0,38.0,50.0,55.0,60.0,69.6,80.0,92.0,102.0,110.0,118.0,146.0,196.0,inferred
Argyll and Bute,2021-09-24,25.5,41.9,53.0,59.0,64.7,75.0,86.0,98.0,111.0,117.0,125.0,153.0,198.0,inferred
Argyll and Bute,2021-09-25,32.0,50.0,65.0,72.0,77.0,89.0,101.0,113.0,125.0,134.0,145.0,173.1,231.0,inferred
Argyll and Bute,2021-09-26,27.0,46.0,60.0,67.0,73.0,85.0,96.0,108.0,122.0,131.0,142.0,168.1,217.0,inferred
Argyll and Bute,2021-09-27,20.5,37.0,49.8,54.0,59.7,69.0,80.5,92.0,104.0,112.0,120.0,146.1,198.5,inferred
Argyll and Bute,2021-09-28,24.0,40.0,53.0,58.0,64.0,75.0,86.0,100.0,112.0,120.0,129.0,156.0,201.0,inferred
Argyll and Bute,2021-09-29,31.0,49.0,64.0,70.0,76.0,88.0,100.0,112.0,126.0,135.2,143.0,172.1,224.5,inferred
Argyll and Bute,2021-09-30,24.0,39.0,52.0,57.0,62.0,72.0,82.5,94.0,107.3,115.0,123.2,148.0,194.0,inferred
Argyll and Bute,2021-10-01,29.0,44.0,56.0,60.0,65.0,75.0,84.0,96.0,110.3,119.0,128.2,155.0,201.5,inferred
Argyll and Bute,2021-10-02,34.0,52.0,68.0,75.0,80.0,92.0,104.0,117.0,130.0,137.0,148.0,172.0,231.0,inferred
Argyll and Bute,2021-10-03,31.0,49.0,62.0,70.0,74.7,86.0,98.0,109.0,122.0,131.0,141.0,166.1,215.5,inferred
Argyll and Bute,2021-10-04,23.0,38.0,49.8,55.8,61.0,70.0,80.0,90.0,104.0,112.0,122.0,149.0,196.5,inferred
Argyll and Bute,2021-10-05,26.0,41.0,57.0,62.0,67.0,77.6,88.0,100.0,114.0,123.0,132.0,158.0,208.5,inferred
Argyll and Bute,2021-10-06,34.5,51.0,67.0,74.0,81.0,91.0,102.0,113.0,129.0,140.0,151.0,179.0,231.0,inferred
Argyll and Bute,2021-10-07,23.5,41.0,55.0,61.0,67.0,76.0,88.0,99.0,114.0,122.0,131.0,157.0,201.0,inferred
Argyll and Bute,2021-10-08,28.5,46.0,59.0,65.8,72.0,83.0,94.0,106.4,121.0,130.0,139.2,168.0,210.5,inferred
Argyll and Bute,2021-10-09,38.0,59.0,73.0,80.0,86.7,100.0,112.0,124.0,138.0,146.2,157.0,187.0,242.5,inferred
Argyll and Bute,2021-10-10,33.0,53.0,68.0,74.0,81.0,92.0,103.0,114.0,128.0,136.0,147.0,179.1,222.5,inferred
Argyll and Bute,2021-10-11,26.0,43.0,55.0,60.8,65.7,76.0,88.0,99.0,112.0,119.0,129.0,157.0,213.0,inferred
Argyll and Bute,2021-10-12,29.0,50.0,63.0,69.0,75.0,87.0,97.0,110.0,126.3,135.0,148.0,171.1,235.5,inferred
Argyll and Bute,2021-10-13,42.5,61.0,78.0,85.0,92.0,105.0,119.0,136.0,152.0,161.0,173.0,202.1,257.0,inferred
Argyll and Bute,2021-10-14,30.0,49.9,64.0,71.0,78.0,90.0,103.0,115.0,131.0,138.0,147.0,177.0,227.5,inferred
Argyll and Bute,2021-10-15,33.5,53.0,71.0,78.0,84.0,97.0,111.0,122.4,140.0,151.2,164.0,198.0,249.0,inferred
Arun,2021-07-03,24.0,30.0,33.0,35.0,36.0,39.0,41.0,43.0,46.0,48.0,50.0,56.0,64.0,inferred
Arun,2021-07-04,29.0,35.0,39.0,40.0,42.0,44.6,47.0,50.0,53.0,54.0,56.0,61.0,69.0,inferred
Arun,2021-07-05,47.0,54.0,59.0,61.0,63.0,66.0,69.0,72.0,76.0,78.0,80.0,86.0,96.0,inferred
Arun,2021-07-06,51.0,58.0,62.0,64.0,66.0,69.0,72.0,75.0,78.0,80.0,82.0,88.0,97.0,inferred
Arun,2021-07-07,57.0,64.0,69.0,71.0,73.0,76.0,79.0,82.0,86.0,87.0,90.0,96.0,106.0,inferred
Arun,2021-07-08,60.5,68.0,73.0,75.0,77.0,80.0,83.0,86.0,90.0,92.0,94.0,100.0,111.0,inferred
Arun,2021-07-09,60.0,68.0,73.0,76.0,77.0,81.0,84.0,88.0,91.0,93.0,95.0,101.0,110.5,inferred
Arun,2021-07-10,57.0,64.0,69.0,71.0,73.0,76.0,79.0,83.0,86.0,88.0,90.0,96.0,106.0,inferred
Arun,2021-07-11,65.5,74.0,80.0,82.0,84.0,87.0,90.0,94.0,98.0,101.0,103.0,109.0,120.0,inferred
Arun,2021-07-12,99.0,111.0,119.0,121.0,124.0,129.0,134.0,137.0,142.3,145.0,148.0,156.0,168.5,inferred
Arun,2021-07-13,104.0,114.0,121.0,124.0,126.0,130.0,135.0,140.0,144.0,147.0,150.0,158.0,174.0,inferred
Arun,2021-07-14,103.0,114.0,120.0,123.0,125.0,130.0,135.0,139.0,144.0,147.0,150.0,158.1,172.0,inferred
Arun,2021-07-15,98.0,107.0,114.0,116.0,118.0,123.0,127.0,131.0,135.0,138.0,141.0,148.0,159.0,inferred
Arun,2021-07-16,87.5,97.0,104.0,106.0,108.0,112.0,116.0,120.0,124.0,126.0,129.0,136.0,147.0,inferred
Arun,2021-07-17,70.5,78.0,85.0,87.0,89.0,93.0,97.0,101.0,105.0,106.0,108.0,115.0,125.5,inferred
Arun,2021-07-18,71.0,80.0,86.0,89.0,90.7,94.0,98.0,101.0,105.0,107.0,110.0,117.0,128.0,inferred
Arun,2021-07-19,98.0,108.0,113.0,116.0,118.0,122.0,127.0,131.0,135.0,137.0,140.0,147.0,159.0,inferred
Arun,2021-07-20,86.0,96.0,103.0,105.0,108.0,112.0,116.0,120.0,124.0,127.0,130.0,137.0,150.0,inferred
Arun,2021-07-21,80.0,89.0,95.0,98.0,100.0,104.0,108.0,111.0,115.0,117.0,119.2,126.0,137.0,inferred
Arun,2021-07-22,67.0,75.0,81.0,83.0,85.0,89.0,92.0,96.0,100.0,102.0,104.0,110.0,120.0,inferred
Arun,2021-07-23,55.0,61.0,67.0,69.0,71.0,75.0,78.0,81.0,85.0,87.0,89.0,94.0,105.0,inferred
Arun,2021-07-24,40.0,47.0,51.8,53.0,55.0,58.0,60.0,63.0,66.0,68.0,70.0,75.0,84.0,inferred
Arun,2021-07-25,37.0,43.0,48.0,49.0,51.0,54.0,57.0,59.0,62.0,64.0,66.0,71.0,81.0,inferred
Arun,2021-07-26,47.0,53.0,58.0,60.0,62.0,65.0,68.0,72.0,75.0,78.0,80.0,86.0,95.0,inferred
Arun,2021-07-27,42.0,49.9,54.0,55.0,57.0,60.0,63.0,66.0,69.0,71.0,73.0,78.0,87.0,inferred
Arun,2021-07-28,42.0,48.0,53.0,54.0,56.0,59.0,62.0,65.0,68.0,70.0,71.2,77.0,85.0,inferred
Arun,2021-07-29,39.0,45.0,49.0,52.0,53.0,56.0,58.0,61.0,64.0,66.0,68.0,73.0,82.0,inferred
Arun,2021-07-30,34.0,41.0,45.0,47.0,48.0,51.0,53.0,56.0,60.0,61.0,63.0,68.0,77.0,inferred
Arun,2021-07-31,29.0,34.0,38.0,39.0,41.0,43.0,46.0,48.0,50.0,52.0,54.0,58.0,67.0,inferred
Arun,2021-08-01,29.0,34.0,38.0,39.0,41.0,44.0,47.0,49.0,52.0,53.0,55.0,60.0,68.0,inferred
Arun,2021-08-02,40.0,49.0,53.0,54.0,56.0,59.0,62.0,65.0,68.0,70.0,72.0,78.0,88.0,inferred
Arun,2021-08-03,41.0,47.0,51.0,52.0,54.0,57.0,60.0,62.0,65.0,67.0,69.0,74.0,83.0,inferred
Arun,2021-08-04,39.5,47.0,51.0,53.0,54.0,57.0,60.0,63.0,66.0,67.0,69.0,75.0,84.0,inferred
Arun,2021-08-05,36.0,43.0,47.0,49.0,50.0,54.0,56.0,59.0,63.0,64.0,66.0,71.0,81.0,inferred
Arun,2021-08-06,34.0,40.0,44.0,46.0,47.0,50.0,53.0,55.0,58.0,60.0,62.0,67.0,74.5,inferred
Arun,2021-08-07,28.0,32.0,36.8,38.0,39.0,42.0,45.0,47.0,50.0,51.0,53.0,57.0,65.0,inferred
Arun,2021-08-08,28.0,33.0,38.0,40.0,41.0,44.0,46.0,48.0,51.0,53.0,54.0,58.0,66.0,inferred
Arun,2021-08-09,40.0,46.0,51.0,53.0,55.0,58.0,60.0,63.0,67.0,69.0,71.0,77.0,86.0,inferred
Arun,2021-08-10,38.0,45.0,50.0,52.0,54.0,56.0,59.0,61.0,64.0,66.0,68.0,74.0,82.0,inferred
Arun,2021-08-11,41.0,47.0,51.0,53.0,55.0,57.0,60.0,63.0,66.0,68.0,70.0,76.0,84.5,inferred
Arun,2021-08-12,39.0,45.0,50.0,51.0,53.0,56.0,58.0,61.0,65.0,67.0,68.0,74.0,82.0,inferred
Arun,2021-08-13,34.5,42.0,46.0,48.0,50.0,53.0,55.0,58.0,61.0,63.0,65.0,70.0,77.0,inferred
Arun,2021-08-14,30.0,36.0,39.8,41.0,42.0,45.0,47.0,50.0,53.0,54.0,56.0,61.0,68.0,inferred
Arun,2021-08-15,32.0,37.9,41.0,43.0,44.0,47.0,49.0,52.0,55.0,57.0,58.0,63.0,72.0,inferred
Arun,2021-08-16,47.0,54.0,59.0,61.0,62.0,65.0,68.0,71.0,74.0,76.0,78.0,84.0,94.0,inferred
Arun,2021-08-17,45.5,52.0,57.0,59.0,60.0,64.0,67.0,70.0,73.0,75.0,77.0,83.0,93.0,inferred
Arun,2021-08-18,45.5,52.0,57.0,59.0,61.0,64.0,67.0,70.0,74.0,76.0,78.0,83.0,91.0,inferred
Arun,2021-08-19,43.0,50.0,55.0,56.0,58.0,61.0,63.0,66.0,69.0,71.0,73.0,79.0,89.0,inferred
Arun,2021-08-20,38.0,45.0,49.0,51.0,52.0,55.0,58.0,61.0,64.0,66.0,68.0,73.0,81.0,inferred
Arun,2021-08-21,32.0,37.9,42.0,43.0,45.0,48.0,50.0,52.4,55.0,57.0,59.0,65.0,73.0,inferred
Arun,2021-08-22,33.0,38.0,42.0,44.0,45.0,48.0,51.0,53.0,56.0,58.0,60.0,64.0,73.0,inferred
Arun,2021-08-23,45.0,53.0,58.0,60.0,61.0,64.0,68.0,71.0,74.0,76.0,78.0,83.0,93.0,inferred
Arun,2021-08-24,44.5,51.0,55.0,57.0,59.0,62.0,65.0,68.0,71.0,73.0,75.0,81.0,90.0,inferred
Arun,2021-08-25,45.0,51.0,56.0,58.0,59.0,62.0,65.0,68.0,72.0,73.0,76.0,81.0,90.5,inferred
Arun,2021-08-26,41.0,48.0,52.0,54.0,56.0,59.0,62.0,65.0,68.0,70.0,72.0,78.0,88.0,inferred
Arun,2021-08-27,37.0,43.9,48.0,50.0,51.0,54.0,57.0,60.0,63.0,65.0,66.0,72.0,82.0,inferred
Arun,2021-08-28,31.0,36.0,41.0,42.0,43.0,46.0,48.0,51.0,53.0,55.0,57.0,61.0,68.0,inferred
Arun,2021-08-29,31.0,37.0,42.0,43.0,45.0,47.0,50.0,52.0,55.0,56.0,58.0,63.0,71.0,inferred
Arun,2021-08-30,45.0,52.0,56.0,58.0,60.0,63.0,66.0,69.0,72.0,74.0,76.0,82.0,91.0,inferred
Arun,2021-08-31,43.5,49.0,54.0,55.0,57.0,60.0,63.0,66.0,69.0,71.0,73.0,79.0,88.0,inferred
Arun,2021-09-01,40.5,49.0,53.0,55.0,56.0,59.0,62.0,65.0,68.0,70.0,72.0,78.0,86.0,inferred
Arun,2021-09-02,39.0,45.0,49.0,51.0,52.7,55.0,58.0,61.0,64.0,66.0,68.0,73.0,80.0,inferred
Arun,2021-09-03,35.0,41.0,45.0,46.0,48.0,50.0,53.0,56.0,59.0,60.0,62.0,66.0,75.0,inferred
Arun,2021-09-04,27.0,33.0,36.0,38.0,39.0,42.0,44.0,46.0,49.0,50.2,52.0,57.0,64.0,inferred
Arun,2021-09-05,27.0,33.0,37.0,38.0,39.0,42.0,44.0,46.0,49.0,51.0,53.0,57.0,65.0,inferred
Arun,2021-09-06,38.0,45.0,49.0,51.0,52.0,55.0,57.0,60.0,64.0,65.0,68.0,73.0,80.0,inferred
Arun,2021-09-07,35.0,42.0,46.0,48.0,49.0,52.0,55.0,58.0,61.0,62.0,65.0,70.0,80.0,inferred
Arun,2021-09-08,35.0,42.0,45.0,47.0,49.0,52.0,55.0,57.0,60.0,61.0,64.0,68.1,76.0,inferred
Arun,2021-09-09,32.0,38.0,42.0,44.0,45.0,48.0,50.0,53.0,56.0,57.0,59.0,64.0,71.0,inferred
Arun,2021-09-10,29.0,34.0,38.0,39.0,41.0,43.0,45.0,48.0,51.0,52.0,54.0,59.0,66.0,inferred
Arun,2021-09-11,23.0,27.9,31.0,33.0,34.0,36.0,38.0,41.0,43.0,45.0,46.0,50.0,56.0,inferred
Arun,2021-09-12,22.0,27.0,31.0,33.0,34.0,36.0,38.0,40.0,43.0,44.0,46.0,50.0,57.0,inferred
Arun,2021-09-13,33.0,38.0,42.0,44.0,45.0,48.0,51.0,54.0,57.0,58.0,60.0,65.0,73.0,inferred
Arun,2021-09-14,30.0,37.0,41.0,43.0,44.0,47.0,49.0,52.0,55.0,56.0,58.0,63.0,71.5,inferred
Arun,2021-09-15,32.5,39.0,43.0,45.0,46.0,49.0,51.0,54.0,57.0,59.0,61.0,65.0,73.0,inferred
Arun,2021-09-16,32.0,38.0,42.0,44.0,46.0,49.0,51.0,53.0,56.0,58.0,60.0,65.0,73.5,inferred
Arun,2021-09-17,30.0,37.0,41.0,43.0,44.0,46.0,49.0,51.0,55.0,56.0,58.0,63.0,71.0,inferred
Arun,2021-09-18,26.0,32.0,36.0,38.0,39.0,41.0,44.0,46.0,49.0,50.0,52.0,58.0,65.0,inferred
Arun,2021-09-19,29.0,35.0,39.0,41.0,42.0,45.0,47.0,49.0,52.0,54.0,55.0,61.0,69.0,inferred
Arun,2021-09-20,43.0,51.0,56.0,58.0,59.0,62.0,65.0,68.0,71.0,73.0,75.0,80.0,89.0,inferred
Arun,2021-09-21,44.0,50.0,55.0,57.0,59.0,62.0,65.0,68.0,72.0,73.0,76.0,81.0,90.0,inferred
Arun,2021-09-22,45.0,52.0,56.0,58.0,60.0,64.0,67.0,69.0,73.0,75.0,77.0,83.0,93.0,inferred
Arun,2021-09-23,43.0,50.0,54.0,57.0,58.0,61.0,64.0,67.0,71.0,72.0,74.0,80.0,89.0,inferred
Arun,2021-09-24,41.0,47.0,51.0,53.0,55.0,58.0,60.0,63.0,66.0,68.0,70.0,75.0,83.0,inferred
Arun,2021-09-25,34.0,40.0,44.0,46.0,48.0,50.0,53.0,55.0,58.0,60.0,62.0,66.0,74.0,inferred
Arun,2021-09-26,37.0,42.0,46.0,48.0,49.7,52.0,55.0,58.0,61.0,62.2,64.0,69.0,77.0,inferred
Arun,2021-09-27,53.0,60.0,65.0,67.0,68.0,71.0,75.0,78.0,82.0,84.0,86.0,91.0,101.0,inferred
Arun,2021-09-28,50.0,57.0,62.0,64.0,66.0,69.0,72.0,75.0,79.0,80.0,83.0,89.0,100.0,inferred
Arun,2021-09-29,50.0,57.0,61.0,63.0,65.0,68.0,71.0,74.0,78.0,80.0,82.0,89.0,99.0,inferred
Arun,2021-09-30,45.0,52.0,57.0,59.0,61.0,64.0,67.0,70.0,73.0,75.0,77.0,83.0,92.0,inferred
Arun,2021-10-01,40.0,47.0,52.0,54.0,56.0,59.0,61.5,65.0,68.0,70.0,71.0,76.0,85.0,inferred
Arun,2021-10-02,34.0,40.0,43.0,45.0,46.0,49.0,51.0,54.0,57.0,58.0,60.0,65.0,73.5,inferred
Arun,2021-10-03,33.5,39.0,43.0,44.0,46.0,49.0,52.0,54.0,57.0,59.0,60.0,66.0,74.0,inferred
Arun,2021-10-04,46.0,54.0,59.0,61.0,62.0,66.0,69.0,72.0,76.0,77.0,80.0,86.0,95.5,inferred
Arun,2021-10-05,45.0,52.0,57.0,59.0,61.0,64.0,67.0,70.0,74.0,76.0,78.0,84.0,92.0,inferred
Arun,2021-10-06,47.0,55.0,60.0,61.0,63.0,66.0,70.0,73.0,76.0,78.0,80.0,86.0,94.0,inferred
Arun,2021-10-07,47.0,53.0,58.0,60.0,61.0,64.0,67.0,70.0,73.0,75.0,78.0,84.0,94.5,inferred
Arun,2021-10-08,42.0,50.0,55.0,56.0,58.0,61.0,64.0,67.0,70.0,72.0,74.0,80.0,89.0,inferred
Arun,2021-10-09,37.0,43.0,48.0,50.0,51.0,54.0,56.0,59.0,62.0,64.0,66.0,71.0,80.0,inferred
Arun,2021-10-10,40.5,46.0,51.0,53.0,54.0,58.0,61.0,64.0,67.0,69.0,70.0,76.0,85.0,inferred
Arun,2021-10-11,59.0,67.0,73.0,75.0,77.0,81.0,84.0,87.0,91.0,93.0,95.0,102.0,112.0,inferred
Arun,2021-10-12,60.0,67.0,73.0,75.0,77.0,80.0,83.0,87.0,91.0,93.0,96.0,102.0,113.5,inferred
Arun,2021-10-13,61.5,70.0,75.0,77.0,79.0,83.0,86.0,90.0,94.0,96.0,98.2,105.0,117.0,inferred
Arun,2021-10-14,60.5,68.0,73.0,75.0,77.0,81.0,84.0,88.0,92.0,94.0,97.0,104.0,114.0,inferred
Arun,2021-10-15,55.0,63.0,69.0,71.0,73.0,76.0,80.0,84.0,88.0,91.0,93.0,99.1,112.0,inferred
Ashfield,2021-07-03,18.5,22.0,25.0,27.0,28.0,30.0,32.0,35.0,37.0,39.0,40.0,45.0,52.0,inferred
Ashfield,2021-07-04,23.0,28.0,31.0,33.0,34.0,36.0,39.0,41.0,43.0,45.0,47.0,52.0,60.0,inferred
Ashfield,2021-07-05,39.0,46.0,50.0,52.0,53.7,56.0,59.0,62.0,64.0,66.0,68.0,74.0,81.5,inferred
Ashfield,2021-07-06,43.0,48.0,53.0,54.0,56.0,58.0,61.0,64.0,67.0,69.0,70.2,76.0,84.5,inferred
Ashfield,2021-07-07,46.0,53.0,57.8,59.0,61.0,64.0,66.0,69.0,73.0,74.0,76.0,81.0,91.0,inferred
Ashfield,2021-07-08,49.0,56.0,61.0,62.0,64.0,67.0,71.0,73.0,77.0,78.0,80.0,85.0,94.0,inferred
Ashfield,2021-07-09,48.0,55.0,60.0,61.0,62.0,65.0,68.0,71.0,75.0,76.0,78.0,84.0,91.5,inferred
Ashfield,2021-07-10,44.0,50.0,55.0,57.0,58.0,61.0,64.0,67.0,70.0,72.0,74.0,79.0,87.0,inferred
Ashfield,2021-07-11,53.0,60.0,65.0,66.0,68.0,71.0,74.0,77.0,80.0,82.0,84.0,91.0,99.0,inferred
Ashfield,2021-07-12,83.0,91.0,97.0,100.0,101.0,106.0,110.0,113.0,118.0,120.0,123.0,129.1,142.0,inferred
Ashfield,2021-07-13,80.0,90.0,96.0,99.0,101.0,104.0,108.0,112.0,116.0,118.0,121.0,128.0,139.0,inferred
Ashfield,2021-07-14,81.5,90.0,96.0,98.0,101.0,105.0,109.0,112.0,116.0,119.0,121.0,129.0,139.0,inferred
Ashfield,2021-07-15,76.0,85.0,91.0,93.0,95.0,99.6,102.0,106.0,109.0,111.0,113.2,121.0,131.0,inferred
Ashfield,2021-07-16,67.0,74.0,80.0,82.0,84.0,87.0,90.0,94.0,97.3,99.2,102.0,108.0,117.5,inferred
Ashfield,2021-07-17,54.0,62.0,66.8,69.0,70.0,74.0,77.0,80.0,83.0,85.0,87.0,93.0,102.0,inferred
Ashfield,2021-07-18,56.5,64.0,69.0,71.0,73.0,76.0,79.0,82.0,85.3,87.0,89.0,95.0,103.0,inferred
Ashfield,2021-07-19,77.0,87.0,93.0,95.0,97.0,101.0,105.0,108.0,112.0,114.0,117.0,124.0,134.0,inferred
Ashfield,2021-07-20,69.0,79.0,84.0,86.0,88.0,92.0,95.0,99.0,102.0,104.2,107.0,113.0,126.0,inferred
Ashfield,2021-07-21,65.0,73.0,79.0,81.0,82.0,85.0,89.0,93.0,96.0,98.0,100.0,106.0,117.0,inferred
Ashfield,2021-07-22,58.0,66.0,72.0,73.0,75.0,78.0,81.0,84.0,88.0,90.0,92.0,97.0,105.0,inferred
Ashfield,2021-07-23,47.0,54.0,59.0,60.0,62.0,65.0,67.0,70.0,74.0,76.0,78.0,83.0,92.5,inferred
Ashfield,2021-07-24,35.0,41.0,46.0,47.0,49.0,51.0,54.0,57.0,59.0,61.0,63.0,67.0,74.5,inferred
Ashfield,2021-07-25,36.0,42.0,46.0,47.0,48.0,51.0,54.0,56.0,59.0,61.0,63.0,68.0,75.0,inferred
Ashfield,2021-07-26,48.0,55.0,59.0,61.0,62.0,66.0,68.0,71.0,74.0,76.0,78.0,84.0,93.5,inferred
Ashfield,2021-07-27,44.0,50.0,55.0,57.0,58.0,62.0,64.0,66.0,69.0,71.0,73.0,78.0,88.0,inferred
Ashfield,2021-07-28,45.0,52.0,57.0,59.0,60.0,63.0,66.0,69.0,72.0,74.0,76.0,81.0,90.0,inferred
Ashfield,2021-07-29,45.0,52.0,57.0,59.0,60.0,64.0,66.0,69.0,72.0,73.0,75.0,80.0,89.0,inferred
Ashfield,2021-07-30,42.0,49.0,52.0,54.0,56.0,59.0,61.0,64.0,67.0,69.0,71.0,76.0,83.0,inferred
Ashfield,2021-07-31,36.0,42.0,46.0,47.0,49.0,52.0,54.0,57.0,60.0,61.0,63.0,68.0,76.0,inferred
Ashfield,2021-08-01,40.0,46.0,50.0,52.0,53.0,56.0,59.0,62.0,65.0,66.0,68.0,73.0,82.0,inferred
Ashfield,2021-08-02,61.0,67.9,73.0,75.0,77.0,80.0,84.0,87.0,90.0,92.0,94.0,100.0,110.0,inferred
Ashfield,2021-08-03,58.0,66.0,71.0,73.0,75.0,78.0,81.0,84.0,87.0,89.0,92.0,97.0,110.0,inferred
Ashfield,2021-08-04,60.0,67.0,72.0,74.0,76.0,79.0,83.0,86.0,90.0,92.0,95.0,101.0,110.0,inferred
Ashfield,2021-08-05,59.0,67.0,72.0,74.0,76.0,79.0,82.0,85.0,88.0,90.0,93.0,99.0,108.0,inferred
Ashfield,2021-08-06,52.0,59.0,64.0,66.8,68.0,71.0,74.0,77.0,81.0,83.0,85.0,91.0,100.0,inferred
Ashfield,2021-08-07,44.0,51.0,55.0,57.0,59.0,61.0,64.0,67.0,69.0,71.0,73.0,79.0,88.0,inferred
Ashfield,2021-08-08,49.0,56.0,60.0,62.0,63.0,66.0,69.0,72.0,76.0,77.0,79.0,85.0,95.0,inferred
Ashfield,2021-08-09,69.0,78.0,84.0,87.0,88.0,92.0,95.0,99.0,103.0,105.0,107.0,114.0,124.0,inferred
Ashfield,2021-08-10,66.0,74.0,80.0,82.0,84.0,87.0,91.0,94.0,98.0,100.0,102.0,109.0,119.0,inferred
Ashfield,2021-08-11,66.0,75.0,81.0,83.0,85.0,88.0,92.0,95.0,98.0,101.0,103.0,109.0,119.0,inferred
Ashfield,2021-08-12,65.0,72.0,77.8,80.0,82.0,85.0,88.0,91.0,95.0,96.0,99.0,105.0,116.0,inferred
Ashfield,2021-08-13,57.0,64.0,69.0,72.0,73.0,76.0,80.0,83.0,86.0,88.0,90.0,96.0,107.0,inferred
Ashfield,2021-08-14,48.0,54.9,59.0,61.0,62.0,65.0,67.0,70.0,74.0,75.0,78.0,83.0,91.0,inferred
Ashfield,2021-08-15,51.0,58.0,63.0,65.0,66.0,69.0,72.0,75.0,78.0,80.0,82.0,87.0,98.0,inferred
Ashfield,2021-08-16,72.0,81.0,87.0,89.0,90.0,94.0,98.0,101.0,106.0,108.0,110.0,116.0,126.0,inferred
Ashfield,2021-08-17,68.0,75.0,81.0,83.0,85.0,88.0,92.0,96.0,99.0,101.0,103.0,110.0,121.0,inferred
Ashfield,2021-08-18,67.0,75.0,81.0,83.0,85.0,88.0,91.0,95.0,98.0,100.2,103.0,110.0,122.0,inferred
Ashfield,2021-08-19,64.5,72.0,78.0,79.0,81.0,84.0,88.0,91.0,95.0,97.0,99.0,105.0,115.5,inferred
Ashfield,2021-08-20,56.0,64.0,69.0,72.0,73.0,76.0,79.0,82.0,85.0,87.0,89.0,94.0,104.0,inferred
Ashfield,2021-08-21,46.0,53.0,58.0,60.0,61.0,64.0,67.0,70.0,73.0,75.0,77.0,83.0,91.0,inferred
Ashfield,2021-08-22,49.5,57.0,61.0,63.0,64.0,68.0,70.0,73.0,77.0,79.0,81.0,87.0,97.0,inferred
Ashfield,2021-08-23,71.5,79.0,85.0,87.0,89.0,92.0,96.0,99.0,103.3,105.0,108.0,115.0,125.0,inferred
Ashfield,2021-08-24,66.0,74.0,79.0,81.0,83.0,87.0,90.0,94.0,97.0,99.0,101.0,107.0,116.0,inferred
Ashfield,2021-08-25,65.0,73.0,78.8,81.0,83.0,86.0,89.0,93.0,96.0,98.0,101.0,107.0,117.0,inferred
Ashfield,2021-08-26,62.0,70.0,75.0,77.0,79.0,82.0,85.0,89.0,92.0,94.0,96.0,102.0,110.5,inferred
Ashfield,2021-08-27,55.5,62.0,67.0,68.0,70.0,73.0,76.0,79.0,82.0,84.0,86.0,92.1,101.0,inferred
Ashfield,2021-08-28,44.0,51.0,56.0,58.0,59.0,62.0,65.0,68.0,71.0,72.0,74.0,79.0,86.0,inferred
Ashfield,2021-08-29,47.0,54.0,59.0,61.0,62.0,65.0,68.0,71.0,74.0,76.0,77.0,83.0,91.0,inferred
Ashfield,2021-08-30,67.0,75.9,81.0,83.0,85.0,89.0,92.0,95.0,99.0,101.0,103.0,110.0,119.0,inferred
Ashfield,2021-08-31,62.0,69.0,75.0,77.0,79.0,83.0,86.0,89.0,92.0,94.0,97.0,103.0,113.0,inferred
Ashfield,2021-09-01,61.0,69.0,74.0,76.0,78.0,81.0,84.0,87.0,91.0,93.0,95.0,101.0,111.0,inferred
Ashfield,2021-09-02,56.0,64.0,70.0,71.0,73.0,77.0,80.0,83.0,86.0,88.0,90.0,96.0,106.0,inferred
Ashfield,2021-09-03,48.0,55.0,60.0,62.0,63.0,66.0,69.0,72.0,75.0,77.0,79.0,86.0,93.0,inferred
Ashfield,2021-09-04,39.0,45.0,49.0,50.0,52.0,55.0,58.0,60.0,63.0,65.0,67.0,72.0,80.0,inferred
Ashfield,2021-09-05,40.5,47.0,51.0,53.0,54.0,57.0,60.0,63.0,66.0,67.0,70.0,75.0,84.0,inferred
Ashfield,2021-09-06,56.0,63.0,68.0,70.0,72.0,76.0,79.0,82.0,85.3,87.0,90.0,96.0,106.5,inferred
Ashfield,2021-09-07,51.0,58.0,63.0,65.0,66.0,69.0,72.0,75.0,78.0,80.0,82.0,89.0,97.0,inferred
Ashfield,2021-09-08,49.0,57.0,61.0,63.0,65.0,68.0,71.0,74.0,77.0,79.0,81.0,87.0,95.0,inferred
Ashfield,2021-09-09,46.0,52.0,57.0,59.0,60.0,64.0,66.0,69.0,72.0,74.0,76.0,81.0,92.0,inferred
Ashfield,2021-09-10,39.0,45.0,49.0,51.0,52.0,55.0,58.0,60.0,63.0,64.0,66.0,71.0,79.0,inferred
Ashfield,2021-09-11,31.0,36.0,40.0,42.0,43.0,45.0,48.0,50.0,53.0,54.0,56.0,61.0,68.0,inferred
Ashfield,2021-09-12,32.5,38.0,42.0,43.0,45.0,47.0,50.0,52.0,55.0,56.0,57.0,62.0,70.0,inferred
Ashfield,2021-09-13,44.0,51.0,56.0,57.0,60.0,62.0,66.0,68.0,72.0,73.0,75.0,81.0,89.5,inferred
Ashfield,2021-09-14,42.0,50.0,54.0,56.0,57.0,61.0,63.0,66.0,68.3,70.0,72.0,78.0,85.5,inferred
Ashfield,2021-09-15,46.0,53.0,57.0,58.0,60.0,63.0,66.0,69.0,72.0,73.0,76.0,81.0,88.0,inferred
Ashfield,2021-09-16,46.5,53.0,58.0,60.0,61.0,64.0,67.0,71.0,74.0,75.0,77.0,83.0,92.0,inferred
Ashfield,2021-09-17,44.0,51.0,55.0,57.0,58.0,61.0,64.0,67.0,70.0,72.0,74.0,79.0,88.0,inferred
Ashfield,2021-09-18,39.0,45.0,49.0,51.0,52.0,55.0,58.0,60.0,63.0,65.0,67.0,72.0,80.0,inferred
Ashfield,2021-09-19,44.0,51.0,55.0,57.0,59.0,62.0,65.0,68.0,71.0,73.0,74.0,80.0,87.5,inferred
Ashfield,2021-09-20,66.0,75.0,81.0,82.0,84.0,88.0,92.0,95.0,98.0,101.0,103.0,109.0,119.0,inferred
Ashfield,2021-09-21,65.0,73.0,79.0,80.0,82.0,85.0,88.0,91.0,95.0,97.0,99.0,105.0,115.0,inferred
Ashfield,2021-09-22,65.0,72.0,77.0,79.0,81.0,85.0,88.0,92.0,95.0,97.0,100.0,107.0,115.0,inferred
Ashfield,2021-09-23,61.5,68.0,73.0,75.0,77.0,80.0,83.0,87.0,90.0,92.0,94.0,101.0,110.0,inferred
Ashfield,2021-09-24,53.0,60.0,66.0,68.0,69.0,72.0,75.0,78.0,81.0,83.0,85.0,91.0,101.0,inferred
Ashfield,2021-09-25,44.0,50.0,54.0,56.0,57.0,60.0,63.0,65.0,68.0,70.0,72.0,77.0,83.0,inferred
Ashfield,2021-09-26,46.0,53.0,58.0,60.0,61.0,64.0,67.0,70.0,73.0,75.0,76.0,82.0,91.0,inferred
Ashfield,2021-09-27,66.0,73.0,79.0,82.0,83.0,87.0,90.0,94.0,98.0,100.0,102.0,108.0,117.0,inferred
Ashfield,2021-09-28,63.0,72.0,77.0,80.0,81.7,85.0,88.0,91.0,95.0,96.0,99.0,105.0,116.0,inferred
Ashfield,2021-09-29,69.0,77.0,82.0,84.0,86.0,90.0,93.0,97.0,101.0,103.0,105.0,112.0,122.0,inferred
Ashfield,2021-09-30,72.0,81.0,86.0,88.0,90.0,94.0,97.0,101.0,105.0,107.0,109.0,114.1,125.0,inferred
Ashfield,2021-10-01,67.0,76.0,81.0,82.0,84.0,88.0,91.0,95.0,99.0,101.0,104.0,110.0,121.0,inferred
Ashfield,2021-10-02,61.0,68.0,73.8,75.0,77.0,80.0,83.0,86.0,90.0,92.0,94.0,100.0,109.0,inferred
Ashfield,2021-10-03,70.0,77.0,83.0,85.0,87.0,91.0,94.0,97.0,101.0,103.0,105.0,111.1,122.0,inferred
Ashfield,2021-10-04,102.0,112.0,119.0,122.0,124.0,128.0,132.0,137.0,141.0,144.0,146.0,154.0,167.0,inferred
Ashfield,2021-10-05,100.5,111.0,118.0,120.0,123.0,127.0,131.0,135.0,139.0,141.0,144.0,152.0,164.5,inferred
Ashfield,2021-10-06,101.0,110.0,117.0,120.0,122.7,127.0,131.0,136.0,139.0,142.0,146.0,153.0,164.5,inferred
Ashfield,2021-10-07,99.0,108.0,114.8,117.0,120.0,124.0,128.0,132.0,136.0,138.0,141.0,148.0,160.5,inferred
Ashfield,2021-10-08,88.0,97.0,103.0,105.0,107.0,111.0,115.0,118.0,123.0,125.0,127.0,135.0,146.0,inferred
Ashfield,2021-10-09,74.0,82.0,88.0,90.0,92.0,96.0,99.0,103.0,106.0,108.0,111.0,117.0,127.5,inferred
Ashfield,2021-10-10,79.0,88.0,94.0,97.0,99.0,103.0,106.0,110.0,113.0,115.0,117.2,124.0,133.0,inferred
Ashfield,2021-10-11,112.0,121.0,129.0,131.0,134.0,138.0,143.0,147.0,152.0,154.0,157.0,164.0,178.0,inferred
Ashfield,2021-10-12,101.0,112.0,119.0,122.0,124.0,129.0,133.0,137.0,142.0,144.0,147.0,154.0,167.0,inferred
Ashfield,2021-10-13,100.0,107.0,114.0,116.0,118.0,122.0,127.0,131.0,135.0,137.0,141.0,148.0,161.0,inferred
Ashfield,2021-10-14,85.5,98.0,104.0,106.0,108.0,113.0,117.0,121.0,125.0,128.0,130.0,138.0,148.0,inferred
Ashfield,2021-10-15,73.0,81.0,88.0,90.0,93.0,96.0,100.0,103.0,107.0,110.0,112.0,119.0,130.0,inferred
Ashford,2021-07-03,8.5,11.0,13.0,14.0,15.0,16.0,18.0,19.0,21.0,22.0,23.0,26.0,33.0,inferred
Ashford,2021-07-04,10.0,13.0,15.0,16.0,17.0,19.0,20.0,22.0,24.0,25.0,26.0,30.0,34.5,inferred
Ashford,2021-07-05,17.0,21.0,24.0,25.0,26.0,28.0,30.0,31.4,34.0,35.0,37.0,41.0,46.0,inferred
Ashford,2021-07-06,19.0,24.0,27.0,28.0,29.0,30.0,32.0,34.0,37.0,38.0,39.0,43.0,50.0,inferred
Ashford,2021-07-07,21.0,26.0,29.0,31.0,32.0,34.0,36.0,38.0,40.0,41.0,42.0,46.0,54.0,inferred
Ashford,2021-07-08,25.0,28.0,32.0,33.0,34.0,36.0,38.0,40.0,43.0,44.0,45.0,49.0,56.0,inferred
Ashford,2021-07-09,24.0,29.0,32.0,33.0,35.0,37.0,39.0,41.0,43.0,44.0,46.0,50.0,57.0,inferred
Ashford,2021-07-10,23.0,27.0,30.0,31.0,32.0,34.0,36.0,38.0,41.0,42.0,43.0,48.0,53.5,inferred
Ashford,2021-07-11,26.0,31.0,35.0,37.0,38.0,40.0,42.0,44.0,47.0,48.2,50.0,55.0,60.5,inferred
Ashford,2021-07-12,43.0,49.0,53.0,55.0,57.0,59.0,62.0,64.0,67.0,68.2,70.0,76.0,84.0,inferred
Ashford,2021-07-13,44.5,51.0,55.0,56.0,58.0,61.0,64.0,67.0,70.0,71.0,73.0,78.0,86.0,inferred
Ashford,2021-07-14,45.0,51.0,56.0,57.8,59.0,62.0,64.0,67.0,70.0,72.0,74.0,79.0,87.5,inferred
Ashford,2021-07-15,42.5,48.9,53.0,55.0,56.0,59.0,62.0,65.0,67.0,69.0,71.0,76.0,85.0,inferred
Ashford,2021-07-16,38.0,44.0,48.0,50.0,51.0,54.0,57.0,59.0,62.0,64.0,66.0,71.0,77.0,inferred
Ashford,2021-07-17,31.0,37.0,41.0,42.0,44.0,46.0,49.0,51.0,53.0,55.0,57.0,61.0,68.5,inferred
Ashford,2021-07-18,31.0,37.0,41.0,42.0,43.0,46.0,49.0,51.0,54.0,56.0,57.0,61.0,68.0,inferred
Ashford,2021-07-19,45.0,51.0,56.0,58.0,59.0,62.0,65.0,67.0,70.0,72.0,74.0,79.0,88.0,inferred
Ashford,2021-07-20,42.0,47.9,52.0,54.0,55.0,58.0,61.0,63.0,66.0,67.0,69.0,74.0,81.0,inferred
Ashford,2021-07-21,39.0,45.0,48.0,50.0,52.0,54.0,57.0,59.0,62.0,64.0,65.0,70.0,77.0,inferred
Ashford,2021-07-22,33.0,39.0,43.0,45.0,46.0,48.0,51.0,53.0,55.0,57.0,59.0,63.0,71.0,inferred
Ashford,2021-07-23,28.0,33.9,37.0,39.0,40.0,42.0,44.0,46.0,48.0,50.0,51.0,55.1,62.0,inferred
Ashford,2021-07-24,21.0,25.9,29.0,30.0,31.0,33.0,35.0,37.0,39.0,40.0,42.0,45.1,52.5,inferred
Ashford,2021-07-25,20.0,24.0,28.0,29.0,30.0,32.0,34.0,36.0,38.0,39.0,41.0,44.0,50.0,inferred
Ashford,2021-07-26,28.0,32.0,35.0,37.0,38.0,41.0,43.0,45.0,47.0,49.0,50.0,54.0,61.0,inferred
Ashford,2021-07-27,25.0,29.0,33.0,34.0,35.0,37.0,40.0,42.0,44.0,46.0,47.0,51.0,57.0,inferred
Ashford,2021-07-28,26.0,31.0,34.0,35.0,37.0,39.0,41.0,43.0,46.0,46.0,48.0,52.0,58.0,inferred
Ashford,2021-07-29,25.0,29.0,32.0,34.0,35.0,37.0,39.0,41.0,44.0,45.0,47.0,51.0,58.0,inferred
Ashford,2021-07-30,23.0,27.0,30.0,31.0,32.0,34.0,37.0,39.0,41.0,43.0,44.0,47.0,54.0,inferred
Ashford,2021-07-31,18.0,22.0,25.0,26.0,27.0,29.0,31.0,33.0,35.0,36.0,37.0,41.0,47.0,inferred
Ashford,2021-08-01,19.0,24.0,27.0,28.0,29.0,31.0,33.0,34.0,37.0,38.0,39.0,42.0,48.0,inferred
Ashford,2021-08-02,28.0,33.0,37.0,38.0,40.0,42.0,44.0,46.0,49.0,50.0,52.0,57.0,63.0,inferred
Ashford,2021-08-03,27.0,32.0,35.0,37.0,38.0,40.0,42.0,45.0,47.0,49.0,50.0,54.0,62.0,inferred
Ashford,2021-08-04,28.0,34.0,37.0,38.0,40.0,42.0,44.0,47.0,49.0,51.0,52.0,56.0,64.0,inferred
Ashford,2021-08-05,28.0,33.0,36.0,37.0,39.0,41.0,43.0,45.0,48.0,49.0,50.0,54.0,61.0,inferred
Ashford,2021-08-06,25.0,29.9,33.0,34.0,35.0,38.0,40.0,42.0,44.0,46.0,47.0,51.0,59.0,inferred
Ashford,2021-08-07,21.0,26.0,28.0,30.0,31.0,33.0,35.0,37.0,39.0,40.0,41.0,45.0,50.5,inferred
Ashford,2021-08-08,21.5,27.0,30.0,31.0,32.0,34.0,36.0,38.0,40.0,42.0,43.0,47.0,53.0,inferred
Ashford,2021-08-09,32.0,38.0,41.0,43.0,44.0,46.0,49.0,52.0,55.0,56.0,58.0,62.1,70.0,inferred
Ashford,2021-08-10,32.0,37.0,40.0,42.0,43.0,46.0,48.0,51.0,53.0,55.0,56.0,61.0,67.0,inferred
Ashford,2021-08-11,33.0,38.0,41.0,43.0,44.0,47.0,49.0,51.0,54.0,55.0,57.0,61.0,68.5,inferred
Ashford,2021-08-12,31.0,36.0,40.0,41.0,43.0,45.0,47.0,49.0,52.0,53.0,55.0,60.0,67.0,inferred
Ashford,2021-08-13,28.0,33.0,36.0,38.0,40.0,42.0,44.0,47.0,49.0,51.0,52.0,57.0,64.0,inferred
Ashford,2021-08-14,24.0,29.0,32.0,33.0,34.0,36.0,39.0,41.0,43.0,44.0,45.0,49.0,56.0,inferred
Ashford,2021-08-15,25.0,29.0,33.0,35.0,36.0,38.0,40.0,42.0,45.0,46.0,47.0,51.0,59.0,inferred
Ashford,2021-08-16,36.5,43.0,47.0,49.0,50.0,53.0,55.0,58.0,60.0,62.0,63.2,68.0,75.0,inferred
Ashford,2021-08-17,36.0,42.0,46.0,47.0,49.0,51.0,54.0,56.0,59.0,60.0,62.0,67.0,73.0,inferred
Ashford,2021-08-18,36.0,42.0,46.0,48.0,49.0,52.0,54.0,56.0,59.0,61.0,62.0,67.0,76.0,inferred
Ashford,2021-08-19,34.0,40.0,44.0,46.0,47.0,50.0,52.0,54.0,57.0,58.0,60.0,65.0,73.0,inferred
Ashford,2021-08-20,31.0,37.0,40.0,42.0,43.0,45.0,48.0,50.0,53.0,54.0,56.0,60.0,66.0,inferred
Ashford,2021-08-21,25.0,30.0,34.0,35.0,36.0,39.0,40.0,42.0,45.0,46.0,48.0,52.0,59.0,inferred
Ashford,2021-08-22,26.5,32.0,35.0,36.0,38.0,40.0,42.0,44.0,47.0,48.0,50.0,54.0,61.0,inferred
Ashford,2021-08-23,39.0,44.0,48.0,50.0,51.0,54.0,56.0,59.0,62.0,63.0,66.0,70.0,78.0,inferred
Ashford,2021-08-24,36.5,43.0,46.0,48.0,49.0,52.0,54.0,57.0,59.0,61.0,63.0,68.0,77.0,inferred
Ashford,2021-08-25,37.0,42.9,47.0,48.0,50.0,52.0,55.0,57.0,60.0,62.0,63.0,68.1,76.0,inferred
Ashford,2021-08-26,35.0,40.0,44.0,46.0,47.0,50.0,52.0,54.0,57.0,59.0,60.0,65.0,73.0,inferred
Ashford,2021-08-27,32.0,37.0,41.0,43.0,44.0,46.0,49.0,51.0,54.0,55.0,57.0,61.0,69.0,inferred
Ashford,2021-08-28,25.0,31.0,35.0,37.0,38.0,40.0,42.0,44.0,47.0,48.0,49.0,53.0,62.0,inferred
Ashford,2021-08-29,28.0,33.0,36.0,37.0,39.0,41.0,43.0,46.0,48.0,50.0,51.0,56.0,63.0,inferred
Ashford,2021-08-30,39.0,45.0,50.0,52.0,53.0,56.0,58.0,61.0,64.0,65.0,67.0,72.0,79.0,inferred
Ashford,2021-08-31,37.0,43.0,47.8,49.0,50.0,54.0,56.0,58.0,61.0,63.0,64.2,69.0,76.0,inferred
Ashford,2021-09-01,37.0,42.0,47.0,48.0,49.0,52.0,55.0,57.0,60.0,61.0,63.0,68.0,75.0,inferred
Ashford,2021-09-02,34.0,39.0,43.0,45.0,46.0,48.0,51.0,53.0,56.0,58.0,59.0,64.0,72.0,inferred
Ashford,2021-09-03,30.0,35.0,39.0,40.0,42.0,44.0,46.0,49.0,51.0,52.0,54.0,58.0,66.0,inferred
Ashford,2021-09-04,24.0,29.0,32.0,33.0,34.0,36.0,38.0,40.0,42.0,44.0,45.0,49.0,55.0,inferred
Ashford,2021-09-05,24.0,29.0,32.0,33.0,34.0,36.0,38.0,40.0,42.0,44.0,45.0,49.0,56.5,inferred
Ashford,2021-09-06,32.0,38.0,41.0,43.0,44.0,47.0,49.0,52.0,55.0,56.0,58.0,62.0,70.0,inferred
Ashford,2021-09-07,30.0,35.9,39.0,41.0,42.0,44.0,46.0,49.0,51.0,53.0,55.0,60.0,67.0,inferred
Ashford,2021-09-08,29.0,35.0,38.0,39.0,41.0,43.0,45.0,48.0,50.0,51.0,53.0,58.0,64.0,inferred
Ashford,2021-09-09,26.0,31.0,34.0,35.0,37.0,39.0,41.0,43.0,46.0,47.0,49.0,52.0,59.0,inferred
Ashford,2021-09-10,22.0,27.0,30.0,31.0,32.0,34.0,37.0,39.0,41.0,42.0,44.0,48.0,54.0,inferred
Ashford,2021-09-11,18.0,21.0,24.0,25.0,26.0,28.0,30.0,32.0,34.0,36.0,37.0,40.0,46.0,inferred
Ashford,2021-09-12,17.0,21.0,24.0,25.0,26.0,28.0,29.0,31.0,34.0,35.0,36.0,40.0,46.0,inferred
Ashford,2021-09-13,24.0,28.0,32.0,33.0,35.0,37.0,39.0,41.4,44.0,45.0,46.0,49.1,57.0,inferred
Ashford,2021-09-14,23.0,28.0,31.0,32.0,34.0,36.0,38.0,40.0,42.0,43.0,45.0,49.0,56.0,inferred
Ashford,2021-09-15,24.0,28.0,32.0,33.0,34.0,37.0,39.0,41.0,44.0,45.0,47.0,51.0,59.0,inferred
Ashford,2021-09-16,24.0,29.0,32.0,33.0,34.0,37.0,38.0,40.0,43.0,44.0,45.0,50.0,56.0,inferred
Ashford,2021-09-17,23.0,28.0,31.0,32.0,33.0,36.0,38.0,40.0,42.0,43.0,45.0,49.0,56.0,inferred
Ashford,2021-09-18,19.0,24.0,27.0,29.0,30.0,32.0,34.0,36.0,38.0,39.0,41.0,44.0,51.0,inferred
Ashford,2021-09-19,22.0,27.0,30.0,31.0,32.0,34.0,36.0,38.0,40.0,41.0,42.0,46.0,52.0,inferred
Ashford,2021-09-20,32.0,38.0,42.0,44.0,45.0,47.0,50.0,52.0,55.0,56.0,58.0,63.0,69.5,inferred
Ashford,2021-09-21,31.5,37.0,41.0,43.0,44.0,47.0,49.0,52.0,55.0,56.0,58.0,62.1,70.0,inferred
Ashford,2021-09-22,33.0,40.0,43.0,45.0,46.0,49.0,51.0,54.0,56.0,58.0,60.0,65.0,72.0,inferred
Ashford,2021-09-23,33.0,39.0,43.0,44.0,45.7,48.0,50.0,52.4,55.0,57.0,58.0,63.0,71.0,inferred
Ashford,2021-09-24,31.0,36.0,40.0,41.0,43.0,45.0,47.0,49.0,52.0,53.0,55.0,60.0,67.0,inferred
Ashford,2021-09-25,27.0,31.0,34.0,36.0,37.0,39.0,41.0,43.0,45.0,47.0,48.0,52.0,59.0,inferred
Ashford,2021-09-26,27.5,33.0,36.0,37.0,39.0,41.0,43.0,46.0,48.0,49.0,51.0,55.0,63.0,inferred
Ashford,2021-09-27,39.0,46.0,51.0,52.0,54.0,56.0,59.0,62.0,65.0,66.2,68.0,73.0,81.0,inferred
Ashford,2021-09-28,40.0,46.0,50.0,51.0,52.7,55.0,58.0,61.0,64.0,65.0,67.0,71.0,79.0,inferred
Ashford,2021-09-29,41.5,47.0,52.0,53.0,55.0,57.0,59.0,62.0,65.0,67.0,68.0,73.0,83.0,inferred
Ashford,2021-09-30,38.0,45.0,50.0,51.0,53.0,56.0,58.0,61.0,64.0,65.0,67.0,72.0,80.0,inferred
Ashford,2021-10-01,37.0,43.0,47.0,48.0,50.0,52.0,55.0,57.0,60.0,62.0,63.0,68.0,75.0,inferred
Ashford,2021-10-02,32.0,38.0,41.0,42.0,44.0,46.0,48.0,51.0,53.0,54.0,56.0,60.0,67.0,inferred
Ashford,2021-10-03,34.0,39.0,43.0,45.0,46.0,48.0,51.0,53.0,55.0,57.0,58.0,63.0,71.0,inferred
Ashford,2021-10-04,48.0,55.0,59.0,62.0,64.0,66.0,70.0,72.0,75.0,77.0,79.0,86.0,94.0,inferred
Ashford,2021-10-05,48.0,55.0,59.0,61.0,63.0,66.0,68.0,72.0,75.0,76.0,79.0,84.0,93.0,inferred
Ashford,2021-10-06,50.0,57.0,61.0,63.0,64.0,67.0,70.0,73.0,76.0,78.0,80.0,86.0,93.5,inferred
Ashford,2021-10-07,49.0,55.0,59.0,61.0,63.0,66.0,68.0,71.0,74.0,76.0,78.0,83.0,92.0,inferred
Ashford,2021-10-08,45.5,53.0,57.0,58.0,60.0,63.0,66.0,68.0,71.0,73.0,75.0,80.0,89.0,inferred
Ashford,2021-10-09,39.0,45.0,49.0,51.0,52.0,55.0,57.0,59.0,62.0,64.0,65.0,70.0,78.0,inferred
Ashford,2021-10-10,41.0,47.0,52.0,53.0,55.0,58.0,60.0,63.0,66.0,67.0,69.0,74.0,81.0,inferred
Ashford,2021-10-11,59.0,67.0,72.0,74.8,76.0,79.0,83.0,86.0,89.0,91.0,93.0,98.0,107.5,inferred
Ashford,2021-10-12,57.0,65.0,71.0,73.0,75.0,78.6,82.0,85.0,88.0,90.0,92.0,98.0,108.0,inferred
Ashford,2021-10-13,59.0,67.0,71.8,73.0,75.0,79.0,82.0,85.0,88.0,91.0,93.0,98.0,108.0,inferred
Ashford,2021-10-14,56.0,64.0,68.0,70.0,72.0,75.0,78.0,81.0,84.0,86.0,88.0,94.0,104.0,inferred
Ashford,2021-10-15,50.0,58.0,63.0,65.0,66.0,70.0,73.0,76.0,79.0,81.0,84.0,90.0,99.0,inferred
Ayrshire and Arran,2021-07-03,57.5,86.9,110.0,119.0,126.0,145.0,165.0,185.0,208.0,219.0,234.0,271.0,361.0,inferred
Ayrshire and Arran,2021-07-04,54.0,77.0,96.0,105.0,114.0,132.0,148.0,164.0,187.0,198.0,212.0,249.1,316.5,inferred
Ayrshire and Arran,2021-07-05,32.0,57.0,75.0,84.0,92.0,109.0,124.0,140.0,159.0,168.0,185.0,223.1,287.0,inferred
Ayrshire and Arran,2021-07-06,38.0,62.0,84.0,92.0,99.0,113.0,129.0,144.0,163.0,176.0,191.0,232.1,306.1,inferred
Ayrshire and Arran,2021-07-07,47.5,74.9,94.0,104.0,112.0,129.0,146.0,166.0,189.0,201.0,213.0,251.0,320.5,inferred
Ayrshire and Arran,2021-07-08,29.5,51.0,71.0,78.0,87.0,101.0,117.0,133.0,151.0,161.0,174.0,210.2,297.0,inferred
Ayrshire and Arran,2021-07-09,33.0,55.0,74.0,81.0,88.0,103.0,118.5,133.0,151.0,163.2,177.0,216.1,285.7,inferred
Ayrshire and Arran,2021-07-10,40.0,60.0,81.0,89.8,96.7,113.0,127.0,144.0,162.0,176.0,192.0,236.0,316.5,inferred
Ayrshire and Arran,2021-07-11,33.0,54.0,75.0,82.0,89.0,105.0,119.0,137.0,157.3,171.0,183.0,219.0,285.0,inferred
Ayrshire and Arran,2021-07-12,22.0,42.0,57.0,64.0,72.0,86.0,100.0,115.0,131.0,142.0,155.0,196.0,260.0,inferred
Ayrshire and Arran,2021-07-13,20.0,41.0,57.0,65.0,72.0,87.6,102.0,117.0,133.0,143.0,155.0,189.0,258.5,inferred
Ayrshire and Arran,2021-07-14,30.0,53.0,70.0,78.0,86.0,100.6,114.0,128.0,148.0,158.0,172.0,211.1,275.0,inferred
Ayrshire and Arran,2021-07-15,19.0,35.0,50.0,57.0,64.0,77.0,91.0,108.0,125.0,136.2,148.0,185.0,246.0,inferred
Ayrshire and Arran,2021-07-16,18.0,35.0,52.0,59.0,66.0,78.0,91.0,105.0,122.3,132.0,142.0,178.0,246.5,inferred
Ayrshire and Arran,2021-07-17,26.0,46.0,63.0,71.0,78.0,91.0,105.0,119.0,138.3,148.0,160.0,198.1,273.5,inferred
Ayrshire and Arran,2021-07-18,20.0,36.9,54.0,60.0,67.0,80.0,93.0,109.4,127.0,137.0,150.2,191.0,270.5,inferred
Ayrshire and Arran,2021-07-19,15.0,28.0,42.8,48.0,52.0,64.0,75.0,87.0,105.3,114.2,126.0,164.0,222.5,inferred
Ayrshire and Arran,2021-07-20,15.0,29.0,44.0,51.0,58.0,71.0,84.5,97.0,113.0,121.0,132.0,162.1,220.0,inferred
Ayrshire and Arran,2021-07-21,19.0,39.9,54.0,61.0,68.7,82.0,95.0,112.0,130.0,140.0,151.2,187.1,249.5,inferred
Ayrshire and Arran,2021-07-22,12.0,27.0,41.0,47.0,53.0,63.0,76.0,89.0,105.0,114.0,125.2,159.0,220.0,inferred
Ayrshire and Arran,2021-07-23,13.0,27.0,41.8,47.0,53.0,65.0,76.5,90.0,106.0,117.0,128.0,166.0,228.0,inferred
Ayrshire and Arran,2021-07-24,17.0,32.0,46.0,54.0,60.0,74.0,88.0,102.0,121.0,131.2,144.0,178.0,235.0,inferred
Ayrshire and Arran,2021-07-25,16.0,29.0,42.0,47.0,52.0,67.0,78.0,91.0,109.0,118.0,130.0,162.1,231.5,inferred
Ayrshire and Arran,2021-07-26,9.0,20.0,32.0,36.0,42.0,53.0,65.0,78.0,93.0,103.0,114.0,146.0,201.5,inferred
Ayrshire and Arran,2021-07-27,10.5,23.0,35.0,40.0,45.0,55.0,66.5,81.0,97.3,107.0,117.0,152.1,226.5,inferred
Ayrshire and Arran,2021-07-28,15.0,30.0,42.0,49.0,55.0,68.0,82.0,96.0,114.0,125.2,139.0,175.1,247.0,inferred
Ayrshire and Arran,2021-07-29,10.0,23.0,35.0,40.0,46.0,57.0,70.0,83.0,96.0,105.0,116.0,146.0,210.5,inferred
Ayrshire and Arran,2021-07-30,13.5,26.0,38.0,43.8,48.0,60.0,72.0,84.0,100.0,112.0,124.0,158.0,221.5,inferred
Ayrshire and Arran,2021-07-31,17.0,32.0,47.0,53.8,59.0,72.0,86.0,99.4,116.0,124.0,136.2,171.0,230.0,inferred
Ayrshire and Arran,2021-08-01,13.0,28.9,42.0,48.0,54.0,65.0,79.0,91.0,106.0,117.0,127.0,157.0,218.5,inferred
Ayrshire and Arran,2021-08-02,10.0,23.0,34.0,38.0,43.0,55.0,64.0,76.0,94.0,103.0,114.0,148.0,203.5,inferred
Ayrshire and Arran,2021-08-03,10.5,24.0,37.0,43.0,48.0,58.0,70.0,85.0,100.0,108.2,120.0,152.0,211.0,inferred
Ayrshire and Arran,2021-08-04,21.0,35.0,50.0,57.0,63.0,75.0,88.0,101.4,120.0,130.2,141.0,180.0,239.0,inferred
Ayrshire and Arran,2021-08-05,12.5,25.0,38.0,44.0,49.7,62.0,74.0,88.0,105.0,113.0,126.0,158.0,209.5,inferred
Ayrshire and Arran,2021-08-06,17.0,31.0,44.0,50.0,56.0,66.0,78.0,91.0,107.0,118.0,130.0,164.0,227.0,inferred
Ayrshire and Arran,2021-08-07,21.0,38.0,54.0,60.0,67.0,80.0,94.0,108.0,128.0,139.0,152.0,187.1,255.5,inferred
Ayrshire and Arran,2021-08-08,18.5,36.0,53.0,60.0,67.0,80.0,93.5,107.0,127.0,137.2,150.0,184.1,251.0,inferred
Ayrshire and Arran,2021-08-09,14.0,30.0,42.0,48.8,55.0,66.6,80.0,93.0,109.3,119.2,132.0,168.0,228.0,inferred
Ayrshire and Arran,2021-08-10,17.0,36.0,51.0,57.0,63.0,77.0,92.0,107.0,125.3,138.0,151.0,187.0,251.0,inferred
Ayrshire and Arran,2021-08-11,28.0,49.0,70.0,79.0,87.0,101.0,114.0,130.0,149.0,161.2,172.2,210.0,283.0,inferred
Ayrshire and Arran,2021-08-12,22.0,40.0,55.0,63.0,68.0,80.6,97.0,112.0,130.0,139.2,152.0,192.1,250.5,inferred
Ayrshire and Arran,2021-08-13,25.0,48.0,65.0,72.8,81.0,96.0,111.0,125.0,145.0,156.2,175.0,210.1,269.0,inferred
Ayrshire and Arran,2021-08-14,36.0,65.9,85.0,93.0,102.0,117.6,134.5,153.0,172.0,186.0,200.0,244.0,321.0,inferred
Ayrshire and Arran,2021-08-15,38.0,63.0,86.0,96.0,102.0,119.0,134.0,153.4,173.0,185.0,198.2,243.1,316.5,inferred
Ayrshire and Arran,2021-08-16,33.0,51.0,69.0,76.0,84.0,101.0,116.0,132.0,153.0,165.0,178.0,216.0,278.0,inferred
Ayrshire and Arran,2021-08-17,39.0,65.0,85.0,94.0,102.0,118.0,136.0,154.4,178.0,190.2,207.0,248.1,314.0,inferred
Ayrshire and Arran,2021-08-18,58.5,93.9,116.0,127.0,138.0,155.0,172.0,192.0,218.0,232.0,247.0,298.1,386.5,inferred
Ayrshire and Arran,2021-08-19,50.0,79.9,103.0,111.0,119.0,135.0,153.0,171.0,191.3,206.0,221.0,262.0,348.0,inferred
Ayrshire and Arran,2021-08-20,61.5,92.0,117.0,126.0,136.0,156.6,176.0,197.0,220.0,235.0,252.2,299.0,391.0,inferred
Ayrshire and Arran,2021-08-21,93.0,127.0,156.0,170.0,182.0,203.0,228.0,248.0,273.0,290.0,306.2,349.2,454.0,inferred
Ayrshire and Arran,2021-08-22,97.5,131.0,163.0,174.8,186.0,205.0,230.0,251.0,279.0,298.0,320.2,368.1,454.0,inferred
Ayrshire and Arran,2021-08-23,80.5,113.0,142.0,153.0,163.0,185.0,208.5,228.0,256.3,270.0,286.0,338.0,406.0,inferred
Ayrshire and Arran,2021-08-24,101.5,142.0,173.0,186.0,198.0,225.0,250.0,272.0,299.0,317.0,339.0,386.0,475.6,inferred
Ayrshire and Arran,2021-08-25,139.0,186.0,220.0,234.0,247.0,276.0,300.0,326.0,356.0,375.2,397.0,447.2,542.0,inferred
Ayrshire and Arran,2021-08-26,126.0,163.0,197.0,212.0,225.0,248.0,271.0,299.0,325.0,343.0,362.2,417.0,497.5,inferred
Ayrshire and Arran,2021-08-27,138.0,188.0,221.8,237.0,247.7,273.0,294.5,322.0,349.0,367.2,388.0,447.0,544.0,inferred
Ayrshire and Arran,2021-08-28,193.5,245.9,284.0,298.0,313.0,339.6,374.0,402.4,439.0,458.0,483.0,538.1,650.1,inferred
Ayrshire and Arran,2021-08-29,179.0,231.0,275.8,295.0,311.0,344.0,371.5,400.0,432.3,453.2,477.0,540.0,649.1,inferred
Ayrshire and Arran,2021-08-30,159.0,211.0,252.0,267.0,283.0,310.0,335.0,365.0,398.0,415.2,439.0,499.0,618.1,inferred
Ayrshire and Arran,2021-08-31,193.0,241.0,283.0,301.0,315.0,344.0,375.0,407.0,440.3,458.0,479.0,545.0,643.6,inferred
Ayrshire and Arran,2021-09-01,232.9,294.0,341.0,357.0,373.0,409.0,440.5,478.0,514.3,535.0,558.0,624.1,742.5,inferred
Ayrshire and Arran,2021-09-02,190.0,241.0,283.8,300.0,313.0,345.0,370.0,399.0,435.0,458.0,476.2,536.0,652.1,inferred
Ayrshire and Arran,2021-09-03,188.5,247.9,296.0,310.0,327.0,357.6,384.0,416.4,449.0,469.0,489.0,548.2,654.0,inferred
Ayrshire and Arran,2021-09-04,252.5,310.0,353.0,372.0,386.7,415.0,447.0,481.0,521.3,541.0,562.0,622.0,741.0,inferred
Ayrshire and Arran,2021-09-05,212.0,278.9,321.0,340.0,356.0,389.0,419.0,451.4,484.0,504.2,532.0,595.0,702.0,inferred
Ayrshire and Arran,2021-09-06,178.5,229.0,270.0,287.8,299.0,326.0,354.0,384.0,414.0,434.0,459.0,529.0,624.5,inferred
Ayrshire and Arran,2021-09-07,185.5,245.9,279.8,299.0,315.7,344.6,374.0,403.0,435.0,457.0,482.0,552.1,650.5,inferred
Ayrshire and Arran,2021-09-08,198.9,268.0,309.8,326.0,341.7,376.0,405.5,438.0,473.0,491.0,514.0,575.1,695.0,inferred
Ayrshire and Arran,2021-09-09,144.0,193.9,233.8,247.8,263.0,293.0,318.0,345.0,374.0,390.0,414.0,477.0,572.0,inferred
Ayrshire and Arran,2021-09-10,135.5,186.0,219.8,233.0,246.7,272.0,296.0,325.0,352.0,368.0,388.2,445.0,525.5,inferred
Ayrshire and Arran,2021-09-11,143.0,202.0,236.0,252.8,264.0,290.6,316.0,344.4,378.0,395.0,416.0,481.0,587.6,inferred
Ayrshire and Arran,2021-09-12,122.5,167.9,202.0,216.0,228.0,251.0,277.5,307.0,334.0,349.0,370.0,424.1,508.5,inferred
Ayrshire and Arran,2021-09-13,86.5,125.9,153.0,165.0,178.0,197.0,215.0,239.0,266.0,279.0,295.0,336.1,427.5,inferred
Ayrshire and Arran,2021-09-14,87.5,126.0,153.0,166.0,178.0,201.0,223.0,248.0,271.0,288.2,306.0,359.0,450.0,inferred
Ayrshire and Arran,2021-09-15,105.0,141.0,172.0,185.0,195.0,221.0,244.0,264.0,295.0,309.0,326.2,385.1,489.0,inferred
Ayrshire and Arran,2021-09-16,77.0,109.9,138.8,152.0,162.0,181.0,202.0,224.0,249.0,261.0,276.0,320.0,410.5,inferred
Ayrshire and Arran,2021-09-17,73.5,109.0,139.8,152.8,162.0,184.0,205.0,227.0,250.0,264.2,282.0,326.3,399.5,inferred
Ayrshire and Arran,2021-09-18,97.5,134.0,165.0,177.0,189.0,211.0,232.0,258.4,284.0,301.0,317.2,367.2,455.0,inferred
Ayrshire and Arran,2021-09-19,86.0,118.0,145.0,157.8,171.0,190.0,210.0,232.0,258.0,274.2,295.2,351.0,425.6,inferred
Ayrshire and Arran,2021-09-20,58.5,88.9,112.0,123.0,134.0,153.0,172.0,194.4,216.0,229.0,245.2,299.0,391.0,inferred
Ayrshire and Arran,2021-09-21,67.0,101.0,129.0,141.0,151.0,171.0,191.0,213.0,240.0,256.0,274.0,325.2,421.6,inferred
Ayrshire and Arran,2021-09-22,94.0,127.0,161.0,171.0,181.0,201.0,223.0,246.4,272.0,288.0,307.0,356.0,455.0,inferred
Ayrshire and Arran,2021-09-23,71.0,108.0,132.0,141.0,150.0,173.0,194.0,217.0,240.0,254.0,269.2,321.0,411.6,inferred
Ayrshire and Arran,2021-09-24,75.5,114.0,139.8,153.0,166.0,186.0,208.0,231.0,257.0,271.0,286.0,328.0,423.5,inferred
Ayrshire and Arran,2021-09-25,99.0,148.0,180.0,194.0,207.0,228.0,252.0,277.0,303.0,318.0,337.0,386.1,486.0,inferred
Ayrshire and Arran,2021-09-26,107.0,141.9,173.0,187.0,198.7,219.0,244.0,268.0,294.3,310.0,325.0,377.1,458.5,inferred
Ayrshire and Arran,2021-09-27,85.0,120.0,148.0,158.0,170.0,190.0,210.0,233.0,260.0,275.0,292.0,340.0,422.0,inferred
Ayrshire and Arran,2021-09-28,83.0,127.0,159.0,170.8,182.0,207.0,226.0,251.0,278.0,293.0,309.0,360.0,444.5,inferred
Ayrshire and Arran,2021-09-29,107.5,149.0,181.0,193.0,204.0,230.0,254.5,278.4,309.0,327.0,348.0,403.0,481.0,inferred
Ayrshire and Arran,2021-09-30,77.0,117.0,143.0,153.8,165.0,186.0,206.5,227.0,251.0,264.2,282.0,325.0,408.0,inferred
Ayrshire and Arran,2021-10-01,75.0,112.0,140.0,151.0,160.0,181.0,202.0,227.0,254.0,269.0,286.2,332.1,426.0,inferred
Ayrshire and Arran,2021-10-02,94.5,131.0,162.0,175.0,184.0,208.0,227.0,252.0,280.0,294.0,313.0,356.1,436.5,inferred
Ayrshire and Arran,2021-10-03,82.0,117.0,145.0,158.0,168.0,185.6,206.0,231.0,256.0,271.0,289.2,337.0,423.5,inferred
Ayrshire and Arran,2021-10-04,59.5,93.0,117.0,126.8,136.0,155.0,175.5,193.4,214.0,228.0,243.2,291.0,371.5,inferred
Ayrshire and Arran,2021-10-05,60.0,88.9,118.0,127.0,139.0,158.0,177.0,199.0,219.0,232.2,250.0,292.0,378.0,inferred
Ayrshire and Arran,2021-10-06,84.0,111.0,144.0,154.0,162.0,183.0,203.0,224.0,250.0,265.0,280.2,326.1,411.5,inferred
Ayrshire and Arran,2021-10-07,57.0,83.0,108.8,119.8,128.7,149.0,166.0,186.4,211.0,222.0,234.0,278.1,345.5,inferred
Ayrshire and Arran,2021-10-08,60.5,90.0,114.8,125.0,134.0,153.0,174.5,194.0,215.0,228.0,244.0,291.0,377.0,inferred
Ayrshire and Arran,2021-10-09,72.5,111.0,135.8,146.0,156.0,175.0,195.5,216.0,239.3,255.0,271.2,317.1,409.6,inferred
Ayrshire and Arran,2021-10-10,61.0,91.9,120.8,131.0,142.0,163.0,184.0,205.0,233.0,245.2,261.0,306.0,399.5,inferred
Ayrshire and Arran,2021-10-11,49.5,74.0,98.8,108.0,116.0,133.0,150.5,170.4,193.0,205.0,221.0,265.0,339.5,inferred
Ayrshire and Arran,2021-10-12,56.5,84.9,107.0,116.0,127.0,145.0,163.5,184.4,209.0,220.0,237.0,279.1,367.1,inferred
Ayrshire and Arran,2021-10-13,63.0,98.9,125.0,137.0,147.0,169.0,188.0,213.0,239.0,254.0,273.2,323.1,420.5,inferred
Ayrshire and Arran,2021-10-14,46.5,76.0,104.0,112.0,123.0,141.0,161.0,182.0,209.0,223.0,240.0,282.1,358.1,inferred
Ayrshire and Arran,2021-10-15,47.0,83.0,108.0,119.0,130.0,149.0,170.5,192.4,218.0,232.0,252.2,298.1,382.0,inferred
Babergh,2021-07-03,4.0,7.0,8.0,9.0,10.0,11.0,12.0,13.0,14.0,15.0,16.0,18.0,22.0,inferred
Babergh,2021-07-04,6.0,8.0,9.0,10.0,11.0,12.0,13.0,15.0,16.0,17.0,18.0,20.0,24.0,inferred
Babergh,2021-07-05,9.0,12.9,15.0,16.0,16.0,18.0,19.0,21.0,22.3,23.0,24.0,28.0,33.0,inferred
Babergh,2021-07-06,11.0,14.0,16.0,17.0,18.0,19.0,21.0,22.0,24.0,25.0,26.0,29.0,34.0,inferred
Babergh,2021-07-07,13.0,17.0,20.0,21.0,22.0,23.0,25.0,26.0,28.0,29.0,30.0,33.0,38.0,inferred
Babergh,2021-07-08,16.0,20.0,22.0,23.0,24.0,26.0,27.0,29.0,31.0,32.0,34.0,38.0,43.0,inferred
Babergh,2021-07-09,17.5,22.0,24.0,26.0,27.0,28.0,30.0,32.0,33.0,35.0,36.0,40.0,45.0,inferred
Babergh,2021-07-10,18.0,21.0,24.0,25.0,26.0,28.0,29.0,31.0,33.0,34.0,36.0,39.0,44.0,inferred
Babergh,2021-07-11,22.0,26.9,29.0,30.0,31.0,34.0,35.0,37.0,39.0,40.0,42.0,46.0,51.5,inferred
Babergh,2021-07-12,36.0,43.0,47.0,49.0,50.0,53.0,55.0,58.0,60.0,62.0,64.0,69.0,76.0,inferred
Babergh,2021-07-13,38.0,44.0,48.0,49.0,51.0,53.0,56.0,58.0,61.0,63.0,64.0,69.0,78.0,inferred
Babergh,2021-07-14,38.5,45.0,49.0,51.0,52.0,55.0,58.0,60.0,63.0,65.0,67.0,73.0,80.0,inferred
Babergh,2021-07-15,35.5,41.9,46.0,47.0,49.0,51.6,54.0,56.0,59.0,61.0,62.0,67.0,74.0,inferred
Babergh,2021-07-16,32.0,37.0,41.0,42.0,43.0,45.0,48.0,50.0,53.0,54.0,56.0,60.0,69.5,inferred
Babergh,2021-07-17,25.0,30.0,33.0,34.0,35.0,37.0,39.0,42.0,44.0,45.0,47.0,51.0,58.0,inferred
Babergh,2021-07-18,25.0,30.0,33.0,35.0,36.0,38.0,40.0,42.0,44.0,45.0,47.0,50.0,56.5,inferred
Babergh,2021-07-19,34.0,40.0,44.0,46.0,47.0,50.0,52.0,54.4,57.0,59.0,61.0,65.0,73.0,inferred
Babergh,2021-07-20,30.0,35.0,39.0,40.0,42.0,44.0,47.0,49.0,52.0,53.0,55.0,59.0,66.5,inferred
Babergh,2021-07-21,28.0,33.9,37.0,39.0,40.0,42.0,44.0,46.0,48.0,50.0,52.0,56.0,62.0,inferred
Babergh,2021-07-22,24.0,29.0,32.0,33.8,35.0,37.0,39.0,41.0,44.0,45.0,46.0,50.0,57.0,inferred
Babergh,2021-07-23,20.0,24.0,27.0,28.0,29.0,30.0,32.0,34.0,36.0,37.0,39.0,43.0,49.0,inferred
Babergh,2021-07-24,14.0,18.0,21.0,21.0,22.0,24.0,26.0,27.0,29.0,30.0,31.0,35.0,39.0,inferred
Babergh,2021-07-25,13.0,17.0,19.0,20.0,21.0,23.0,24.0,26.0,28.0,29.0,30.0,33.0,39.0,inferred
Babergh,2021-07-26,18.0,22.0,25.0,26.0,27.0,29.0,31.0,33.0,35.0,36.0,37.0,41.0,47.0,inferred
Babergh,2021-07-27,16.0,20.0,22.0,23.0,24.0,26.0,28.0,29.0,31.0,32.0,33.0,37.0,42.5,inferred
Babergh,2021-07-28,15.0,18.0,21.0,22.0,23.0,25.0,26.0,28.0,30.0,31.0,33.0,35.1,42.5,inferred
Babergh,2021-07-29,13.0,17.0,19.0,20.0,21.0,22.0,24.0,26.0,28.0,29.0,30.0,33.1,40.0,inferred
Babergh,2021-07-30,11.0,14.0,17.0,18.0,19.0,20.0,22.0,23.0,25.0,26.0,27.0,30.0,35.0,inferred
Babergh,2021-07-31,9.0,11.0,13.0,14.0,15.0,16.0,18.0,19.0,20.0,21.2,23.0,25.0,29.0,inferred
Babergh,2021-08-01,8.0,11.0,13.0,14.0,15.0,16.0,17.0,19.0,21.0,21.0,22.0,25.0,30.0,inferred
Babergh,2021-08-02,11.0,15.0,17.0,18.0,19.0,21.0,22.0,24.0,26.0,27.0,28.0,32.0,38.0,inferred
Babergh,2021-08-03,10.0,14.0,16.0,17.0,18.0,20.0,21.0,23.0,25.0,26.0,27.0,30.0,36.0,inferred
Babergh,2021-08-04,11.0,14.0,16.0,17.0,18.0,20.0,21.0,23.0,25.0,26.0,26.0,29.0,34.0,inferred
Babergh,2021-08-05,10.0,13.0,15.0,16.0,17.0,19.0,20.0,22.0,24.0,25.0,26.0,28.0,34.0,inferred
Babergh,2021-08-06,9.0,12.0,14.0,15.0,15.0,17.0,18.0,20.0,21.0,22.0,23.0,26.0,30.0,inferred
Babergh,2021-08-07,7.0,10.0,12.0,13.0,13.0,14.0,16.0,17.0,19.0,20.0,21.0,23.0,27.5,inferred
Babergh,2021-08-08,7.5,10.0,12.0,13.0,14.0,15.0,16.0,18.0,19.0,20.0,21.0,23.1,27.0,inferred
Babergh,2021-08-09,11.5,15.0,18.0,18.0,19.0,21.0,22.0,24.0,26.0,27.0,28.0,31.0,36.0,inferred
Babergh,2021-08-10,11.0,14.9,17.0,18.0,18.0,20.0,22.0,23.0,25.0,26.0,27.0,30.0,35.0,inferred
Babergh,2021-08-11,12.0,16.0,18.0,19.0,20.0,22.0,23.0,25.0,27.0,28.0,29.0,32.0,37.0,inferred
Babergh,2021-08-12,12.0,16.0,18.0,19.0,20.0,21.0,23.0,24.4,26.0,27.0,28.0,31.0,37.0,inferred
Babergh,2021-08-13,11.0,14.0,17.0,18.0,19.0,20.0,22.0,23.0,25.0,26.0,27.0,30.0,35.5,inferred
Babergh,2021-08-14,9.0,12.0,14.0,15.0,16.0,18.0,19.0,20.0,22.0,23.0,24.0,27.0,32.0,inferred
Babergh,2021-08-15,10.0,14.0,16.0,17.0,18.0,19.0,21.0,22.0,24.0,25.0,26.0,29.0,35.0,inferred
Babergh,2021-08-16,17.0,21.0,23.0,25.0,26.0,27.0,29.0,31.0,33.0,34.0,35.0,39.0,44.0,inferred
Babergh,2021-08-17,15.0,20.0,22.0,23.0,24.0,26.0,28.0,30.0,32.0,33.0,34.0,38.0,43.0,inferred
Babergh,2021-08-18,16.0,20.0,23.0,24.0,25.0,27.0,29.0,30.0,32.0,33.0,35.0,38.0,43.0,inferred
Babergh,2021-08-19,15.0,19.0,22.0,23.0,24.0,26.0,27.0,29.0,31.0,32.0,33.0,37.0,43.0,inferred
Babergh,2021-08-20,14.0,17.0,20.0,21.0,22.0,23.0,25.0,27.0,28.0,29.0,31.0,34.0,39.0,inferred
Babergh,2021-08-21,11.0,14.0,16.0,17.0,18.0,19.0,21.0,22.0,24.0,25.0,26.0,29.0,33.0,inferred
Babergh,2021-08-22,11.0,14.0,17.0,18.0,19.0,20.0,21.5,23.0,25.0,26.0,27.0,29.0,35.0,inferred
Babergh,2021-08-23,16.0,20.0,23.0,24.0,25.0,27.0,29.0,30.0,33.0,34.0,35.0,38.0,44.0,inferred
Babergh,2021-08-24,15.5,19.0,22.0,23.0,24.0,26.0,28.0,29.0,31.0,32.0,34.0,37.0,42.0,inferred
Babergh,2021-08-25,15.0,19.0,22.0,23.0,25.0,26.0,28.0,30.0,32.0,33.0,34.0,38.0,43.0,inferred
Babergh,2021-08-26,15.0,19.0,21.0,22.0,23.0,25.0,27.0,28.0,30.0,31.0,33.0,36.0,43.0,inferred
Babergh,2021-08-27,14.0,17.0,19.0,20.0,21.0,23.0,24.0,26.0,28.0,29.0,30.0,33.0,39.0,inferred
Babergh,2021-08-28,11.0,14.0,16.0,17.0,18.0,19.0,21.0,22.0,24.0,25.0,26.0,29.0,34.0,inferred
Babergh,2021-08-29,11.0,14.0,17.0,18.0,19.0,20.0,22.0,23.0,25.0,26.0,27.0,31.0,35.0,inferred
Babergh,2021-08-30,17.0,21.0,24.0,25.0,26.0,28.0,30.0,31.0,34.0,35.0,36.0,40.0,46.0,inferred
Babergh,2021-08-31,15.5,20.0,23.0,24.0,25.0,27.0,29.0,31.0,33.0,34.0,35.0,39.0,45.0,inferred
Babergh,2021-09-01,18.0,22.0,24.8,26.0,27.0,28.0,30.0,32.0,35.0,36.0,37.0,41.0,48.0,inferred
Babergh,2021-09-02,17.0,21.0,24.0,25.0,26.0,28.0,30.0,32.0,34.0,35.0,37.0,40.0,46.0,inferred
Babergh,2021-09-03,16.0,20.0,22.0,23.0,24.0,26.0,28.0,30.0,32.0,33.0,34.0,38.0,44.0,inferred
Babergh,2021-09-04,13.0,16.0,19.0,20.0,21.0,23.0,25.0,26.0,28.0,29.0,30.0,33.0,39.0,inferred
Babergh,2021-09-05,14.0,18.0,20.0,21.0,22.0,24.0,26.0,28.0,30.0,31.0,32.0,36.0,40.0,inferred
Babergh,2021-09-06,21.0,26.0,29.0,30.0,32.0,34.0,36.0,38.0,40.0,41.0,43.0,47.0,53.0,inferred
Babergh,2021-09-07,21.0,25.0,28.0,29.0,30.0,32.0,34.0,36.0,39.0,40.0,41.0,45.0,51.0,inferred
Babergh,2021-09-08,21.0,25.0,28.0,29.0,30.0,32.0,34.0,36.0,38.0,39.0,40.0,44.0,50.0,inferred
Babergh,2021-09-09,18.0,22.0,25.0,26.0,27.0,29.0,31.0,33.0,35.0,37.0,38.0,42.0,47.0,inferred
Babergh,2021-09-10,16.0,20.0,22.0,23.0,24.0,26.0,28.0,29.0,32.0,33.0,34.0,37.0,43.0,inferred
Babergh,2021-09-11,12.0,16.0,18.0,19.0,20.0,21.0,23.0,25.0,26.0,27.0,28.0,31.0,37.0,inferred
Babergh,2021-09-12,12.0,16.0,18.0,19.0,20.0,22.0,23.0,25.0,26.0,27.0,29.0,31.1,36.0,inferred
Babergh,2021-09-13,17.0,22.0,24.0,25.0,26.0,28.0,30.0,32.0,34.0,35.0,37.0,41.0,47.0,inferred
Babergh,2021-09-14,16.0,20.0,23.0,24.0,25.0,27.0,28.0,30.0,32.0,33.0,34.0,38.0,44.0,inferred
Babergh,2021-09-15,17.5,21.0,24.0,25.0,26.0,28.0,30.0,32.0,34.0,35.0,36.0,40.0,46.0,inferred
Babergh,2021-09-16,17.0,21.0,24.0,25.0,26.0,28.0,30.0,32.0,34.0,35.0,36.0,40.0,45.0,inferred
Babergh,2021-09-17,16.0,20.0,23.0,24.0,25.0,27.0,28.0,30.0,32.0,33.0,34.0,38.0,44.0,inferred
Babergh,2021-09-18,14.0,18.0,20.0,21.0,22.0,24.0,25.0,27.0,29.0,30.0,31.0,34.0,40.5,inferred
Babergh,2021-09-19,15.0,19.0,22.0,23.0,24.0,26.0,27.0,29.0,31.0,32.0,33.0,36.0,42.0,inferred
Babergh,2021-09-20,23.0,29.0,32.0,33.0,34.0,36.0,38.0,40.0,43.0,44.0,46.0,50.0,56.5,inferred
Babergh,2021-09-21,23.0,28.0,32.0,33.0,34.0,36.0,38.0,40.0,42.0,44.0,45.0,49.0,55.0,inferred
Babergh,2021-09-22,24.0,30.0,33.0,34.0,35.0,38.0,40.0,42.0,44.0,45.0,47.0,51.0,57.0,inferred
Babergh,2021-09-23,24.0,29.0,33.0,34.0,35.0,37.0,39.0,41.0,43.0,45.0,46.0,51.0,57.0,inferred
Babergh,2021-09-24,24.0,28.0,31.0,32.0,33.7,36.0,37.0,39.0,42.0,43.0,45.0,49.0,54.0,inferred
Babergh,2021-09-25,20.0,24.0,27.0,28.0,29.0,31.0,33.0,35.0,37.0,38.0,40.0,43.0,49.0,inferred
Babergh,2021-09-26,22.0,25.0,29.0,30.0,31.0,33.0,35.0,37.0,39.0,41.0,42.0,46.0,52.5,inferred
Babergh,2021-09-27,32.0,38.0,42.0,44.0,45.0,47.0,50.0,52.0,55.0,56.0,58.0,62.0,70.0,inferred
Babergh,2021-09-28,32.0,37.0,42.0,43.0,44.0,46.0,49.0,51.0,54.0,55.0,57.0,62.0,69.0,inferred
Babergh,2021-09-29,34.5,40.0,44.0,46.0,47.0,50.0,52.0,54.0,57.0,59.0,61.0,64.0,71.0,inferred
Babergh,2021-09-30,35.0,40.0,43.0,45.0,46.0,49.0,51.0,53.0,56.0,57.0,59.0,64.0,71.0,inferred
Babergh,2021-10-01,32.5,38.0,41.0,43.0,44.0,46.0,49.0,51.0,53.0,55.0,56.0,61.0,68.5,inferred
Babergh,2021-10-02,28.0,33.0,36.0,38.0,39.0,41.0,43.0,45.0,48.0,49.0,51.0,55.0,61.0,inferred
Babergh,2021-10-03,30.0,36.0,40.0,41.0,42.0,44.0,46.0,48.0,51.0,52.0,54.0,59.0,65.0,inferred
Babergh,2021-10-04,46.0,52.0,56.0,58.0,59.0,62.0,65.0,68.0,71.0,73.0,74.0,80.0,87.0,inferred
Babergh,2021-10-05,45.0,50.0,54.0,56.0,58.0,61.0,64.0,67.0,70.0,71.0,73.0,78.0,87.0,inferred
Babergh,2021-10-06,47.0,53.0,58.0,60.0,61.0,64.0,67.0,69.0,73.0,74.0,76.0,80.0,89.0,inferred
Babergh,2021-10-07,47.0,53.0,57.0,59.0,61.0,63.0,66.0,69.0,72.0,74.0,76.0,81.0,87.0,inferred
Babergh,2021-10-08,43.0,50.0,54.0,55.0,57.0,60.0,62.0,65.0,69.0,70.0,72.0,77.0,85.0,inferred
Babergh,2021-10-09,36.0,43.0,46.0,48.0,49.0,52.0,54.0,57.0,59.0,61.0,63.0,67.0,75.5,inferred
Babergh,2021-10-10,40.0,46.0,50.0,51.0,53.0,55.6,58.0,61.0,64.0,65.0,67.0,72.0,79.0,inferred
Babergh,2021-10-11,59.0,66.0,71.0,73.0,75.0,79.0,82.0,85.0,88.0,90.0,92.0,98.0,107.0,inferred
Babergh,2021-10-12,56.0,63.0,68.0,70.0,72.0,75.0,78.0,81.0,84.0,86.0,88.0,95.0,104.0,inferred
Babergh,2021-10-13,56.0,63.0,69.0,70.0,72.0,75.0,78.0,81.0,84.0,86.0,88.0,94.0,101.5,inferred
Babergh,2021-10-14,51.0,58.0,63.0,65.0,67.0,71.0,73.0,76.0,79.0,81.0,83.0,89.0,97.0,inferred
Babergh,2021-10-15,43.5,52.0,56.0,58.0,60.0,63.0,66.0,69.0,72.0,74.0,76.0,82.0,91.5,inferred
Barking and Dagenham,2021-07-03,24.0,29.0,33.0,34.0,36.0,38.0,40.0,43.0,46.0,48.0,49.2,54.0,62.0,inferred
Barking and Dagenham,2021-07-04,29.0,34.0,38.0,39.0,40.0,42.0,45.0,48.0,50.0,52.0,54.0,58.0,66.0,inferred
Barking and Dagenham,2021-07-05,46.5,53.0,57.0,59.0,60.0,63.0,66.0,69.0,73.0,75.0,77.0,82.0,90.0,inferred
Barking and Dagenham,2021-07-06,47.0,55.0,59.0,61.0,62.0,65.0,68.0,71.0,73.0,75.0,77.0,83.0,91.0,inferred
Barking and Dagenham,2021-07-07,51.5,58.0,63.0,65.0,67.0,70.0,73.0,76.0,79.0,81.0,83.0,89.0,96.0,inferred
Barking and Dagenham,2021-07-08,52.0,60.0,65.0,67.0,69.0,72.0,74.0,77.0,80.0,82.0,84.0,90.0,99.0,inferred
Barking and Dagenham,2021-07-09,51.5,58.0,63.0,65.0,66.0,69.0,72.0,75.0,78.0,80.0,82.0,87.1,95.0,inferred
Barking and Dagenham,2021-07-10,44.0,51.0,55.0,57.0,59.0,62.0,65.0,67.0,70.0,72.0,74.0,78.0,88.5,inferred
Barking and Dagenham,2021-07-11,48.0,55.0,60.0,61.0,63.0,66.0,69.0,71.0,74.0,76.0,78.0,83.0,92.0,inferred
Barking and Dagenham,2021-07-12,73.0,82.0,88.0,90.0,93.0,96.0,100.0,103.0,107.0,109.0,111.0,118.0,128.0,inferred
Barking and Dagenham,2021-07-13,74.0,82.0,88.0,90.0,92.0,95.0,99.0,103.0,108.0,109.0,111.0,117.0,129.0,inferred
Barking and Dagenham,2021-07-14,76.0,85.0,91.0,93.0,95.0,98.0,102.0,105.0,109.0,111.0,114.0,120.0,131.0,inferred
Barking and Dagenham,2021-07-15,74.0,82.0,87.0,89.0,91.0,95.0,99.0,103.0,107.0,109.0,111.0,117.0,125.0,inferred
Barking and Dagenham,2021-07-16,66.0,74.0,80.0,82.0,84.0,87.0,91.0,95.0,98.0,100.0,102.0,109.0,119.5,inferred
Barking and Dagenham,2021-07-17,56.0,64.0,69.0,70.0,72.0,75.0,78.0,81.0,85.0,87.0,89.0,96.0,106.0,inferred
Barking and Dagenham,2021-07-18,56.0,64.0,69.0,71.0,73.0,76.0,79.0,82.0,85.0,87.0,89.0,96.0,104.5,inferred
Barking and Dagenham,2021-07-19,80.0,89.0,94.0,97.0,99.0,103.0,107.0,110.0,114.0,117.0,119.0,126.0,138.0,inferred
Barking and Dagenham,2021-07-20,74.0,84.0,89.0,91.0,93.0,97.0,101.0,105.0,108.0,110.0,113.0,120.0,128.0,inferred
Barking and Dagenham,2021-07-21,72.0,81.0,86.0,88.0,91.0,94.0,97.0,100.0,104.0,106.0,108.2,114.0,126.0,inferred
Barking and Dagenham,2021-07-22,66.0,73.0,79.0,80.0,82.0,86.0,89.0,93.0,96.0,98.0,100.0,106.0,116.5,inferred
Barking and Dagenham,2021-07-23,54.0,62.0,67.0,69.0,71.0,74.0,77.0,80.0,83.0,85.0,87.0,93.0,104.0,inferred
Barking and Dagenham,2021-07-24,43.0,49.0,54.0,56.0,57.0,60.0,62.0,65.0,68.0,69.0,71.0,76.0,84.0,inferred
Barking and Dagenham,2021-07-25,41.0,47.0,50.0,52.0,53.0,57.0,59.0,62.0,65.0,66.0,68.0,73.0,83.0,inferred
Barking and Dagenham,2021-07-26,55.5,62.0,67.0,69.0,71.0,74.0,78.0,81.0,84.0,86.0,88.0,94.0,104.0,inferred
Barking and Dagenham,2021-07-27,51.0,58.0,63.0,65.0,67.0,70.0,73.0,76.0,80.0,81.0,83.0,89.0,98.0,inferred
Barking and Dagenham,2021-07-28,52.0,60.0,65.0,67.0,69.0,72.0,75.0,78.0,81.0,83.0,85.0,91.0,102.0,inferred
Barking and Dagenham,2021-07-29,51.0,58.0,64.0,66.0,67.7,70.0,73.0,76.0,79.3,81.0,83.2,88.0,98.0,inferred
Barking and Dagenham,2021-07-30,48.5,55.0,59.0,62.0,63.0,66.0,69.0,72.0,75.0,77.0,79.0,85.0,94.0,inferred
Barking and Dagenham,2021-07-31,41.0,47.0,51.0,53.0,54.0,57.0,60.0,63.0,65.0,67.0,69.0,74.0,82.0,inferred
Barking and Dagenham,2021-08-01,41.5,48.0,53.0,54.0,56.0,59.0,61.0,64.0,67.0,69.0,71.0,76.0,84.0,inferred
Barking and Dagenham,2021-08-02,61.0,69.0,74.0,76.0,78.0,82.0,85.0,88.0,92.0,94.0,96.0,102.1,113.0,inferred
Barking and Dagenham,2021-08-03,58.0,67.0,73.0,75.0,76.0,79.0,83.0,86.0,90.0,92.0,95.0,100.0,109.0,inferred
Barking and Dagenham,2021-08-04,61.0,69.0,75.0,76.0,78.0,82.0,85.0,88.0,92.0,94.0,96.0,102.0,112.0,inferred
Barking and Dagenham,2021-08-05,59.0,67.9,73.0,75.0,77.0,80.0,83.0,86.0,89.0,91.0,93.0,99.0,109.0,inferred
Barking and Dagenham,2021-08-06,55.0,62.0,67.0,69.0,70.0,74.0,77.0,80.0,84.0,85.0,87.0,93.0,101.0,inferred
Barking and Dagenham,2021-08-07,46.0,53.0,57.0,59.0,60.0,63.0,66.0,69.0,72.0,74.0,76.0,81.0,90.5,inferred
Barking and Dagenham,2021-08-08,47.0,53.0,58.0,60.0,62.0,65.0,67.0,70.0,73.0,75.0,77.0,83.0,91.0,inferred
Barking and Dagenham,2021-08-09,69.0,76.0,81.8,84.0,85.0,89.0,92.0,95.0,99.0,101.0,103.0,110.0,120.0,inferred
Barking and Dagenham,2021-08-10,66.5,74.0,79.0,81.0,83.0,86.0,89.0,92.0,96.0,98.0,100.0,107.0,117.0,inferred
Barking and Dagenham,2021-08-11,66.0,74.0,79.0,81.0,83.0,87.0,90.0,93.0,97.0,99.0,101.0,107.0,116.5,inferred
Barking and Dagenham,2021-08-12,61.0,69.0,75.0,77.0,79.0,82.0,86.0,89.0,93.0,95.0,97.0,103.0,113.0,inferred
Barking and Dagenham,2021-08-13,56.0,63.0,68.0,70.0,72.0,75.0,78.0,81.0,84.0,86.0,88.2,95.0,106.0,inferred
Barking and Dagenham,2021-08-14,45.0,52.0,57.0,59.0,60.0,63.0,66.0,69.0,72.0,73.0,76.0,81.0,89.5,inferred
Barking and Dagenham,2021-08-15,45.0,52.0,56.0,58.0,60.0,63.0,65.0,68.0,71.0,73.0,75.0,80.0,88.0,inferred
Barking and Dagenham,2021-08-16,65.0,72.0,77.0,79.0,81.0,85.0,88.0,91.0,94.0,97.0,98.0,106.0,116.5,inferred
Barking and Dagenham,2021-08-17,61.5,68.0,73.0,75.0,77.0,81.0,84.0,87.0,90.0,92.0,95.0,101.0,110.5,inferred
Barking and Dagenham,2021-08-18,60.5,68.0,74.0,76.0,78.0,81.0,85.0,87.0,91.0,92.0,94.0,100.0,110.0,inferred
Barking and Dagenham,2021-08-19,59.0,65.0,71.0,73.0,74.0,77.0,80.0,84.0,88.0,90.0,92.0,98.0,109.0,inferred
Barking and Dagenham,2021-08-20,51.0,58.0,63.0,65.0,67.0,69.0,72.0,75.0,78.0,80.0,82.0,87.0,96.0,inferred
Barking and Dagenham,2021-08-21,40.0,48.0,53.0,54.8,56.0,59.0,61.0,64.0,67.0,69.0,71.0,76.0,84.0,inferred
Barking and Dagenham,2021-08-22,40.5,47.0,52.0,53.0,55.0,58.0,60.0,63.0,66.0,68.0,69.0,74.0,82.0,inferred
Barking and Dagenham,2021-08-23,59.0,66.0,71.0,73.0,75.0,78.0,81.0,84.0,88.0,89.0,92.0,97.0,106.5,inferred
Barking and Dagenham,2021-08-24,57.0,63.0,68.0,70.8,72.0,76.0,79.0,82.0,86.0,87.0,89.0,95.0,104.0,inferred
Barking and Dagenham,2021-08-25,57.0,64.0,70.0,72.0,73.0,77.0,80.0,83.0,86.0,87.0,89.0,95.0,104.0,inferred
Barking and Dagenham,2021-08-26,53.5,62.0,67.0,69.0,71.0,74.0,77.0,80.0,83.0,85.0,87.0,93.0,103.0,inferred
Barking and Dagenham,2021-08-27,50.0,57.0,61.0,63.0,65.0,68.0,71.0,74.0,78.0,79.0,82.0,87.0,96.0,inferred
Barking and Dagenham,2021-08-28,41.0,48.0,52.0,54.0,56.0,59.0,61.0,64.0,67.0,69.0,71.0,76.0,84.0,inferred
Barking and Dagenham,2021-08-29,42.0,48.0,53.0,55.0,56.0,59.0,62.0,65.0,68.0,70.0,72.0,77.0,85.0,inferred
Barking and Dagenham,2021-08-30,61.0,70.0,75.0,77.0,79.0,82.0,85.0,88.0,92.0,94.0,96.2,103.0,111.0,inferred
Barking and Dagenham,2021-08-31,61.0,68.0,72.0,74.0,76.0,80.0,83.0,86.0,89.0,91.0,93.0,100.0,109.0,inferred
Barking and Dagenham,2021-09-01,62.0,70.0,75.0,76.0,78.0,81.0,84.0,87.4,91.0,93.0,95.0,101.0,110.0,inferred
Barking and Dagenham,2021-09-02,60.0,67.0,72.0,74.0,76.0,80.0,83.0,86.0,89.0,90.0,92.0,99.0,109.0,inferred
Barking and Dagenham,2021-09-03,55.0,61.0,67.0,68.0,70.0,73.0,76.0,79.0,82.0,84.0,86.0,92.0,102.5,inferred
Barking and Dagenham,2021-09-04,45.0,52.0,56.0,58.0,60.0,63.0,66.0,68.0,71.3,73.0,75.0,81.0,90.0,inferred
Barking and Dagenham,2021-09-05,45.0,53.0,57.0,59.0,60.0,63.0,66.5,69.0,72.0,74.0,76.0,81.0,90.5,inferred
Barking and Dagenham,2021-09-06,68.0,75.0,80.0,82.0,84.0,87.0,90.5,94.0,97.0,99.0,101.0,108.0,117.0,inferred
Barking and Dagenham,2021-09-07,61.0,69.0,74.0,76.0,78.0,81.0,84.0,87.0,91.0,93.0,95.0,100.0,110.5,inferred
Barking and Dagenham,2021-09-08,59.0,65.0,71.0,73.0,74.0,77.0,81.0,84.0,88.0,89.0,92.0,97.0,105.0,inferred
Barking and Dagenham,2021-09-09,51.0,58.0,63.0,64.0,66.0,69.0,72.0,75.0,78.0,80.0,82.0,88.0,97.0,inferred
Barking and Dagenham,2021-09-10,43.0,49.0,53.0,54.0,56.0,59.0,61.0,64.0,67.0,69.0,71.0,76.0,83.5,inferred
Barking and Dagenham,2021-09-11,32.0,37.0,41.0,42.0,44.0,46.0,49.0,51.0,53.0,55.0,56.0,61.0,68.0,inferred
Barking and Dagenham,2021-09-12,29.0,35.0,38.8,40.0,41.0,44.0,46.0,49.0,51.0,52.0,54.0,59.0,66.0,inferred
Barking and Dagenham,2021-09-13,40.0,47.0,51.0,52.0,54.0,56.0,59.0,62.0,64.0,66.0,68.0,73.0,82.0,inferred
Barking and Dagenham,2021-09-14,38.0,43.0,47.0,48.0,50.0,53.0,55.0,58.0,61.0,62.0,64.0,69.0,77.0,inferred
Barking and Dagenham,2021-09-15,36.0,43.0,46.0,48.8,50.0,52.0,55.0,57.0,60.0,62.0,64.0,68.1,76.0,inferred
Barking and Dagenham,2021-09-16,35.0,41.0,46.0,47.0,48.0,51.0,53.0,56.0,59.0,60.0,62.0,67.0,75.0,inferred
Barking and Dagenham,2021-09-17,33.0,38.0,42.0,43.0,45.0,47.0,50.0,52.0,55.0,56.0,58.0,63.0,70.0,inferred
Barking and Dagenham,2021-09-18,27.0,31.0,35.0,36.0,38.0,40.0,42.0,45.0,47.0,48.0,50.0,54.0,61.0,inferred
Barking and Dagenham,2021-09-19,28.0,32.0,35.0,36.0,38.0,40.0,42.0,44.0,47.0,48.0,50.0,54.0,62.0,inferred
Barking and Dagenham,2021-09-20,38.0,44.0,48.0,50.0,52.0,54.0,58.0,60.0,63.0,65.0,66.0,72.0,79.5,inferred
Barking and Dagenham,2021-09-21,37.0,42.0,47.0,48.0,50.0,53.0,55.0,58.0,61.0,63.0,65.0,70.0,77.0,inferred
Barking and Dagenham,2021-09-22,38.0,44.0,48.0,49.0,50.0,53.0,56.0,59.0,61.0,63.0,64.0,69.0,77.0,inferred
Barking and Dagenham,2021-09-23,36.0,41.0,46.0,47.0,49.0,51.0,53.5,56.0,59.0,61.0,63.0,68.0,76.0,inferred
Barking and Dagenham,2021-09-24,32.0,38.0,41.0,43.0,44.0,47.0,49.0,51.0,54.0,56.0,57.0,62.0,69.0,inferred
Barking and Dagenham,2021-09-25,26.0,31.0,34.0,36.0,37.0,39.0,41.0,44.0,46.0,47.0,48.0,52.0,58.5,inferred
Barking and Dagenham,2021-09-26,27.0,32.0,35.0,37.0,38.0,40.0,42.0,44.0,47.0,48.0,50.0,54.0,62.0,inferred
Barking and Dagenham,2021-09-27,37.5,44.0,49.0,50.0,51.0,54.0,57.0,59.4,63.0,64.0,66.0,71.0,81.0,inferred
Barking and Dagenham,2021-09-28,37.0,42.0,46.0,48.0,49.0,52.0,55.0,57.0,60.0,62.0,64.0,69.0,77.0,inferred
Barking and Dagenham,2021-09-29,36.5,42.0,47.0,48.0,50.0,52.0,55.0,57.0,60.0,61.0,63.0,68.0,75.0,inferred
Barking and Dagenham,2021-09-30,35.0,41.0,45.0,46.0,48.0,51.0,53.0,56.0,59.0,60.0,62.0,67.0,74.0,inferred
Barking and Dagenham,2021-10-01,31.0,37.0,41.0,42.0,44.0,46.0,48.0,51.0,53.0,55.0,56.0,60.0,67.0,inferred
Barking and Dagenham,2021-10-02,25.0,31.0,35.0,36.0,37.0,40.0,41.0,44.0,46.0,48.0,50.0,54.0,62.0,inferred
Barking and Dagenham,2021-10-03,25.0,30.0,34.0,36.0,37.0,39.0,42.0,44.0,47.0,48.0,49.0,53.1,60.5,inferred
Barking and Dagenham,2021-10-04,37.0,44.0,49.0,50.0,52.0,54.0,57.0,60.0,62.0,64.0,66.0,71.0,80.0,inferred
Barking and Dagenham,2021-10-05,37.0,43.0,48.0,49.0,51.0,53.0,56.0,58.0,61.0,62.0,64.0,69.0,78.0,inferred
Barking and Dagenham,2021-10-06,38.0,45.0,48.0,50.0,51.0,54.0,57.0,59.0,62.0,64.0,65.0,71.0,80.5,inferred
Barking and Dagenham,2021-10-07,38.5,44.0,48.8,50.0,52.0,54.0,57.0,60.0,63.0,65.0,66.0,71.1,79.0,inferred
Barking and Dagenham,2021-10-08,35.0,41.0,45.0,47.0,48.0,51.0,53.0,56.0,59.0,60.0,62.0,66.0,73.0,inferred
Barking and Dagenham,2021-10-09,28.5,35.0,39.0,40.0,41.0,44.0,46.0,48.0,51.0,52.0,54.0,58.1,68.0,inferred
Barking and Dagenham,2021-10-10,31.0,36.0,40.0,41.0,43.0,45.0,48.0,50.0,53.0,54.0,56.0,61.0,69.5,inferred
Barking and Dagenham,2021-10-11,45.0,53.0,57.0,58.0,60.0,63.0,66.0,69.0,72.0,73.0,76.0,81.0,90.5,inferred
Barking and Dagenham,2021-10-12,44.0,51.0,55.0,57.0,58.7,61.6,65.0,68.0,72.0,73.0,75.0,80.0,88.0,inferred
Barking and Dagenham,2021-10-13,47.0,53.0,57.0,59.0,60.0,64.0,67.0,70.0,73.0,75.0,77.0,82.0,90.0,inferred
Barking and Dagenham,2021-10-14,45.0,51.0,56.0,57.0,59.0,62.0,64.0,67.0,71.0,73.0,75.0,81.0,91.0,inferred
Barking and Dagenham,2021-10-15,40.0,47.0,51.0,53.0,55.0,58.0,61.0,64.0,67.0,69.0,71.0,76.0,86.0,inferred
Barnet,2021-07-03,62.0,73.0,80.0,83.0,86.0,91.0,95.0,101.0,106.0,109.0,111.0,121.0,134.0,inferred
Barnet,2021-07-04,66.0,77.0,85.0,89.0,91.0,96.0,100.0,106.0,111.0,114.0,117.0,126.1,141.0,inferred
Barnet,2021-07-05,106.0,117.0,127.0,130.0,133.0,138.6,145.0,151.0,157.0,160.2,165.0,177.0,191.0,inferred
Barnet,2021-07-06,107.0,120.0,129.0,133.0,136.0,142.0,148.0,154.0,161.0,165.0,168.0,179.0,198.0,inferred
Barnet,2021-07-07,118.0,132.0,141.0,144.0,148.0,154.0,160.0,167.0,174.0,177.0,181.0,192.0,209.5,inferred
Barnet,2021-07-08,123.5,137.0,147.0,151.0,154.0,160.0,167.0,173.0,180.0,184.0,189.0,202.0,222.5,inferred
Barnet,2021-07-09,123.0,135.0,146.0,149.0,153.0,159.0,165.0,171.0,179.0,183.0,188.0,200.0,220.0,inferred
Barnet,2021-07-10,108.0,124.0,133.0,136.0,139.0,146.0,152.0,158.0,165.0,169.0,173.0,184.0,202.0,inferred
Barnet,2021-07-11,122.0,136.0,146.0,150.0,153.0,159.0,165.0,171.0,178.3,183.0,186.0,198.1,216.0,inferred
Barnet,2021-07-12,188.0,205.0,216.0,221.0,226.0,234.0,241.5,250.0,258.3,263.0,268.2,282.0,306.0,inferred
Barnet,2021-07-13,185.0,205.9,218.0,223.0,228.0,235.0,242.0,250.0,259.0,263.2,270.0,283.1,309.5,inferred
Barnet,2021-07-14,194.5,211.0,224.0,229.0,233.0,241.0,250.0,258.0,266.0,271.0,276.2,293.0,321.0,inferred
Barnet,2021-07-15,191.0,211.0,223.0,228.0,232.0,240.0,249.0,256.0,263.0,268.0,273.0,287.1,313.5,inferred
Barnet,2021-07-16,176.0,194.0,205.8,211.0,215.0,222.0,228.5,236.0,244.0,249.0,255.0,267.0,287.5,inferred
Barnet,2021-07-17,151.0,165.0,175.0,180.0,184.0,190.0,198.0,206.0,213.0,217.0,222.0,236.0,255.0,inferred
Barnet,2021-07-18,150.0,168.0,179.0,184.0,188.0,196.0,203.0,210.0,217.0,221.0,226.0,238.0,258.0,inferred
Barnet,2021-07-19,216.0,237.0,251.0,256.0,260.0,269.0,278.5,287.0,295.0,300.0,306.0,322.0,347.0,inferred
Barnet,2021-07-20,202.0,219.0,233.0,238.0,242.0,251.0,259.0,266.0,275.0,279.0,284.0,300.0,321.0,inferred
Barnet,2021-07-21,187.0,208.0,219.0,223.0,227.7,236.0,243.0,252.0,261.0,265.2,270.2,286.0,305.5,inferred
Barnet,2021-07-22,165.5,183.0,194.0,198.0,203.0,210.0,217.0,225.0,233.0,237.0,241.0,255.0,281.5,inferred
Barnet,2021-07-23,138.5,152.0,163.8,168.0,171.0,178.0,184.0,192.0,199.0,203.0,207.0,221.0,242.0,inferred
Barnet,2021-07-24,105.5,118.0,127.0,130.0,133.0,139.0,145.0,150.0,156.0,160.0,165.0,177.1,194.0,inferred
Barnet,2021-07-25,97.0,108.0,117.0,120.0,123.0,128.6,134.0,139.0,146.0,149.0,153.0,163.0,182.5,inferred
Barnet,2021-07-26,123.5,137.0,148.0,152.0,156.0,162.0,169.0,175.0,183.0,187.0,192.0,204.0,224.0,inferred
Barnet,2021-07-27,114.5,127.0,137.0,141.0,144.0,151.0,157.0,162.0,169.0,173.0,177.0,189.0,205.0,inferred
Barnet,2021-07-28,114.0,127.0,136.0,140.0,144.0,151.0,156.0,162.0,169.0,173.0,176.2,189.0,212.0,inferred
Barnet,2021-07-29,110.0,123.0,131.0,135.0,139.0,145.0,151.0,157.0,163.0,168.0,172.0,184.0,201.0,inferred
Barnet,2021-07-30,97.0,111.0,120.0,123.0,126.0,132.0,138.0,143.0,149.0,153.0,157.0,168.0,185.0,inferred
Barnet,2021-07-31,81.0,92.0,100.0,103.0,106.0,112.0,117.0,123.0,128.0,132.0,136.0,148.0,164.5,inferred
Barnet,2021-08-01,83.5,93.0,101.0,104.0,108.0,113.0,118.0,124.0,130.0,134.0,137.2,148.0,164.5,inferred
Barnet,2021-08-02,116.0,130.0,139.0,144.0,147.0,154.0,160.0,167.0,174.0,179.0,182.0,194.0,215.5,inferred
Barnet,2021-08-03,111.0,126.0,135.8,139.0,142.0,148.0,154.0,160.0,166.3,170.0,174.0,184.1,204.0,inferred
Barnet,2021-08-04,110.0,127.0,137.0,142.0,144.0,150.6,156.0,163.0,170.0,173.0,177.0,189.0,208.5,inferred
Barnet,2021-08-05,108.5,122.0,133.0,136.0,139.0,145.0,150.0,157.0,164.0,167.0,171.0,180.0,200.0,inferred
Barnet,2021-08-06,96.0,111.0,119.0,123.0,127.0,133.0,138.0,144.0,150.3,154.0,158.0,169.0,185.5,inferred
Barnet,2021-08-07,81.5,92.0,101.0,104.0,107.0,113.0,118.0,124.0,130.0,133.0,136.0,146.0,166.0,inferred
Barnet,2021-08-08,84.0,96.0,105.0,108.0,111.0,116.0,120.0,125.0,130.3,133.0,136.0,147.0,166.0,inferred
Barnet,2021-08-09,118.0,134.0,143.8,147.0,151.0,157.0,162.0,168.0,175.0,179.0,184.0,197.0,215.5,inferred
Barnet,2021-08-10,113.0,129.0,138.0,142.0,145.0,152.0,158.0,164.0,171.0,174.0,178.0,190.0,208.5,inferred
Barnet,2021-08-11,113.0,128.0,138.0,142.0,145.0,152.0,158.0,164.0,172.0,176.0,179.0,191.0,210.0,inferred
Barnet,2021-08-12,109.0,122.0,132.0,136.0,139.0,145.0,151.0,157.0,164.0,167.0,171.0,184.0,201.0,inferred
Barnet,2021-08-13,97.0,109.0,119.0,122.0,126.0,132.0,139.0,145.0,151.0,155.0,159.0,171.0,188.5,inferred
Barnet,2021-08-14,79.5,91.0,100.0,103.0,106.0,111.0,116.0,122.0,127.0,131.0,135.0,145.0,160.0,inferred
Barnet,2021-08-15,80.0,92.0,100.0,103.0,106.0,111.0,115.0,120.0,126.3,130.0,133.0,143.0,163.0,inferred
Barnet,2021-08-16,113.0,127.0,136.0,139.0,143.0,149.0,156.0,162.0,168.0,173.0,177.0,191.1,210.0,inferred
Barnet,2021-08-17,106.0,119.9,128.8,132.0,136.0,143.0,147.0,154.0,159.0,163.0,168.0,180.0,199.0,inferred
Barnet,2021-08-18,106.0,119.0,128.0,131.0,134.0,141.0,147.0,152.0,158.0,163.0,167.0,180.0,198.5,inferred
Barnet,2021-08-19,99.0,113.0,122.0,125.0,129.0,134.0,140.0,146.0,152.0,156.0,160.0,172.0,189.0,inferred
Barnet,2021-08-20,89.0,100.0,109.0,112.0,115.0,121.0,126.0,131.0,137.0,141.0,144.0,154.0,173.0,inferred
Barnet,2021-08-21,69.5,82.0,90.0,93.0,96.0,101.0,106.0,111.0,116.0,118.0,123.0,133.0,148.0,inferred
Barnet,2021-08-22,71.5,82.0,90.0,93.0,95.7,100.0,104.0,110.0,115.0,118.0,122.0,132.0,149.0,inferred
Barnet,2021-08-23,98.0,113.0,122.0,125.0,128.0,134.0,140.0,146.0,153.0,156.0,160.0,171.1,189.0,inferred
Barnet,2021-08-24,93.5,107.0,116.0,120.0,123.0,129.0,134.0,141.0,147.0,150.0,155.0,165.0,184.0,inferred
Barnet,2021-08-25,98.0,110.0,120.0,124.0,127.0,133.0,139.0,144.0,151.0,154.0,158.0,168.0,185.0,inferred
Barnet,2021-08-26,95.5,108.0,117.0,120.0,122.0,129.0,134.0,140.0,147.0,151.0,155.0,167.0,183.0,inferred
Barnet,2021-08-27,86.0,99.0,108.0,111.0,114.0,121.0,126.5,132.0,138.0,141.0,144.0,154.0,172.0,inferred
Barnet,2021-08-28,73.5,84.0,93.0,95.0,98.0,103.0,108.0,113.0,119.0,122.0,126.0,134.0,150.5,inferred
Barnet,2021-08-29,74.0,86.0,94.0,97.0,100.0,105.0,110.0,115.0,120.0,124.0,128.0,137.0,154.0,inferred
Barnet,2021-08-30,108.0,122.0,133.0,136.0,140.0,146.0,152.0,158.0,165.0,169.2,173.0,185.0,201.0,inferred
Barnet,2021-08-31,108.0,122.9,131.0,134.0,137.0,143.0,148.0,155.0,162.0,165.0,169.0,181.0,202.0,inferred
Barnet,2021-09-01,112.0,126.0,135.0,139.0,142.0,148.0,155.0,160.0,167.0,172.0,176.0,187.1,203.5,inferred
Barnet,2021-09-02,111.0,123.0,134.0,137.0,141.0,147.0,153.0,159.0,165.0,170.0,174.0,185.0,202.5,inferred
Barnet,2021-09-03,103.0,115.0,124.8,129.0,131.0,138.0,143.0,149.0,155.0,159.0,163.0,173.0,191.0,inferred
Barnet,2021-09-04,87.5,99.0,109.0,111.0,114.0,119.0,124.0,130.0,136.0,139.0,142.2,153.0,168.5,inferred
Barnet,2021-09-05,89.0,101.0,109.0,113.0,116.0,122.0,128.0,133.0,139.0,142.0,146.0,158.0,178.0,inferred
Barnet,2021-09-06,129.0,146.0,157.0,161.0,165.0,171.0,177.0,184.0,191.0,195.0,200.0,213.0,232.0,inferred
Barnet,2021-09-07,123.0,139.0,148.0,152.0,156.0,162.0,168.0,174.0,181.0,186.0,190.0,203.0,219.0,inferred
Barnet,2021-09-08,120.0,135.0,145.0,150.0,154.0,160.0,166.0,173.0,179.0,184.0,189.0,200.1,221.5,inferred
Barnet,2021-09-09,109.5,127.0,136.0,139.0,142.0,149.0,155.0,161.0,167.0,171.0,176.0,187.0,209.5,inferred
Barnet,2021-09-10,95.0,108.0,117.0,120.0,124.0,130.0,136.0,142.0,148.0,151.2,155.0,167.0,187.5,inferred
Barnet,2021-09-11,75.0,85.0,94.0,97.8,100.0,105.0,110.0,116.0,121.0,124.0,128.0,137.1,153.0,inferred
Barnet,2021-09-12,74.0,84.0,91.0,94.0,96.0,101.6,107.0,112.0,118.0,121.0,125.0,134.0,150.0,inferred
Barnet,2021-09-13,99.0,112.9,122.0,126.0,129.0,135.0,141.0,146.4,153.0,157.0,162.0,171.0,186.0,inferred
Barnet,2021-09-14,93.0,108.0,117.0,120.0,124.0,129.0,135.0,141.0,147.0,150.0,154.0,166.0,181.5,inferred
Barnet,2021-09-15,99.0,111.0,120.0,124.0,127.0,133.0,139.0,145.0,151.0,155.0,160.0,170.0,187.0,inferred
Barnet,2021-09-16,96.5,110.0,118.0,122.0,125.0,131.0,137.0,143.0,149.0,153.0,157.0,168.0,187.0,inferred
Barnet,2021-09-17,92.0,103.0,111.0,115.0,119.0,123.0,130.0,136.0,143.0,146.0,149.0,160.0,175.0,inferred
Barnet,2021-09-18,77.0,88.0,96.0,99.0,102.0,107.0,112.0,117.0,122.0,125.2,129.0,138.0,156.0,inferred
Barnet,2021-09-19,80.0,90.0,98.0,102.0,105.0,110.0,116.0,121.0,127.0,132.0,136.0,144.0,160.0,inferred
Barnet,2021-09-20,116.0,130.0,139.0,143.0,147.0,153.0,160.0,166.0,173.0,177.0,181.0,194.0,212.5,inferred
Barnet,2021-09-21,111.5,127.0,135.0,139.0,143.0,150.0,156.5,163.0,170.0,174.0,178.0,190.1,210.0,inferred
Barnet,2021-09-22,112.5,127.0,136.0,140.0,144.0,150.0,156.0,163.0,170.0,173.0,178.2,189.0,212.0,inferred
Barnet,2021-09-23,106.5,121.0,130.0,134.0,137.0,144.0,150.0,156.0,163.0,166.0,170.0,181.0,198.0,inferred
Barnet,2021-09-24,96.0,109.0,119.0,122.8,125.0,130.0,136.0,142.0,148.0,151.0,155.0,166.0,187.0,inferred
Barnet,2021-09-25,78.0,90.0,99.0,102.0,105.0,110.6,115.0,121.0,127.0,130.0,135.0,145.0,166.5,inferred
Barnet,2021-09-26,77.5,89.0,98.0,101.0,104.0,110.0,116.0,120.0,126.0,129.0,133.0,142.1,159.0,inferred
Barnet,2021-09-27,112.0,127.0,137.0,140.0,144.7,151.0,157.0,163.0,169.0,173.0,177.0,189.0,208.5,inferred
Barnet,2021-09-28,109.5,122.0,131.0,135.0,138.0,144.0,151.0,157.0,165.0,168.0,172.0,183.1,204.0,inferred
Barnet,2021-09-29,110.0,122.0,133.0,136.0,140.0,146.0,152.0,158.0,164.0,169.0,174.0,186.0,204.0,inferred
Barnet,2021-09-30,104.5,118.0,128.0,131.0,134.0,141.0,147.0,153.0,160.3,164.0,168.2,181.0,198.0,inferred
Barnet,2021-10-01,94.5,108.0,117.0,121.0,124.0,130.0,135.0,141.0,146.0,150.0,154.0,164.0,179.5,inferred
Barnet,2021-10-02,77.5,90.0,97.0,100.0,104.0,109.0,114.0,119.0,124.0,128.0,133.0,143.0,160.5,inferred
Barnet,2021-10-03,79.0,91.0,99.0,103.0,106.0,111.0,116.0,121.0,127.0,130.0,134.0,144.0,160.5,inferred
Barnet,2021-10-04,114.5,130.0,139.0,142.8,146.0,152.0,159.0,166.0,173.0,176.0,180.0,191.0,213.5,inferred
Barnet,2021-10-05,112.5,127.0,138.0,141.0,144.0,150.0,156.0,162.0,169.0,172.0,177.0,188.0,207.0,inferred
Barnet,2021-10-06,119.0,134.0,143.0,146.0,150.0,156.0,161.0,167.0,175.0,178.0,183.0,197.0,215.0,inferred
Barnet,2021-10-07,119.0,132.0,143.0,147.0,150.0,157.0,164.0,170.0,176.0,181.0,186.0,197.0,214.5,inferred
Barnet,2021-10-08,109.0,124.0,134.0,138.0,143.0,149.0,155.0,161.0,167.0,171.0,175.0,186.0,204.0,inferred
Barnet,2021-10-09,94.0,107.0,117.0,120.0,123.0,128.6,135.0,140.0,146.0,149.0,153.0,165.0,184.0,inferred
Barnet,2021-10-10,102.0,114.0,122.0,126.0,129.0,134.0,140.0,146.0,152.0,156.0,159.0,170.0,186.0,inferred
Barnet,2021-10-11,147.5,163.0,173.0,177.0,181.0,188.0,196.0,203.0,211.3,216.0,221.0,234.0,254.0,inferred
Barnet,2021-10-12,144.0,160.9,171.0,175.0,179.0,187.0,194.0,201.0,209.0,214.2,220.0,233.0,253.0,inferred
Barnet,2021-10-13,146.0,165.0,176.0,181.0,184.0,192.0,198.0,205.0,213.0,217.0,222.0,237.0,257.5,inferred
Barnet,2021-10-14,141.0,157.0,170.0,175.0,179.0,186.0,192.0,199.4,207.0,212.0,217.0,232.0,252.5,inferred
Barnet,2021-10-15,127.0,144.0,156.0,160.0,164.0,170.0,177.0,183.0,191.0,196.0,201.0,214.0,235.5,inferred
Barnsley,2021-07-03,123.0,137.0,147.0,151.0,154.0,159.6,166.0,173.0,179.0,183.0,189.0,204.0,221.0,inferred
Barnsley,2021-07-04,142.0,158.0,168.0,172.0,175.0,183.0,189.0,197.0,204.0,208.0,214.0,225.0,242.5,inferred
Barnsley,2021-07-05,223.0,240.0,253.0,258.0,262.0,270.0,278.0,286.0,293.0,298.0,302.0,316.0,335.0,inferred
Barnsley,2021-07-06,220.0,235.0,246.0,250.0,254.0,262.0,270.0,277.0,284.0,288.0,292.0,305.0,329.5,inferred
Barnsley,2021-07-07,227.0,243.0,255.0,259.0,262.0,269.0,276.0,284.0,291.0,295.0,301.0,315.0,336.0,inferred
Barnsley,2021-07-08,219.5,236.0,247.0,251.0,256.0,264.0,271.0,277.0,284.0,289.0,295.0,306.1,327.0,inferred
Barnsley,2021-07-09,204.0,220.0,233.0,237.0,241.0,247.0,253.0,260.0,268.0,272.0,277.0,292.0,310.0,inferred
Barnsley,2021-07-10,171.5,188.0,199.0,203.0,207.0,214.0,220.0,226.0,233.0,237.0,241.0,254.0,271.5,inferred
Barnsley,2021-07-11,188.5,207.0,217.0,221.0,225.0,232.0,239.0,245.0,253.0,258.0,262.0,274.0,295.5,inferred
Barnsley,2021-07-12,272.0,298.0,312.0,316.0,322.0,332.0,340.0,348.0,358.0,362.0,368.0,384.0,403.5,inferred
Barnsley,2021-07-13,257.0,274.9,288.0,293.0,299.0,308.0,315.0,323.0,334.0,338.0,343.2,358.0,384.0,inferred
Barnsley,2021-07-14,248.0,266.0,279.0,284.0,289.0,297.0,305.0,312.0,321.0,326.0,331.0,345.0,364.0,inferred
Barnsley,2021-07-15,223.0,242.0,254.8,259.0,264.0,272.0,279.0,286.0,294.0,298.0,303.0,317.0,341.0,inferred
Barnsley,2021-07-16,192.0,207.0,218.0,222.0,226.0,233.0,241.0,248.0,255.0,259.0,264.0,277.0,296.0,inferred
Barnsley,2021-07-17,147.5,163.0,172.0,176.0,179.0,185.0,191.0,196.0,203.0,207.0,211.0,224.0,240.0,inferred
Barnsley,2021-07-18,148.0,164.0,173.0,176.0,179.0,186.0,191.0,198.0,204.0,207.0,212.0,225.1,244.0,inferred
Barnsley,2021-07-19,200.0,218.0,229.0,233.0,237.0,245.0,252.0,259.0,266.0,271.0,276.0,289.0,310.0,inferred
Barnsley,2021-07-20,172.5,187.0,200.0,203.0,207.0,213.0,220.0,227.0,234.0,237.0,240.0,255.0,276.0,inferred
Barnsley,2021-07-21,156.5,173.0,183.0,186.0,190.0,197.0,203.0,209.0,216.0,220.0,225.0,235.0,257.0,inferred
Barnsley,2021-07-22,135.0,148.0,157.0,161.0,164.0,170.0,176.0,182.0,188.0,191.0,195.0,206.0,227.5,inferred
Barnsley,2021-07-23,110.0,122.0,130.0,133.0,136.0,141.0,147.0,152.0,158.0,162.0,165.0,175.1,193.0,inferred
Barnsley,2021-07-24,80.5,90.0,98.0,101.0,104.0,108.0,113.0,118.0,123.0,125.0,129.0,138.0,153.0,inferred
Barnsley,2021-07-25,76.0,87.9,95.0,98.0,100.0,104.0,109.0,113.4,118.0,121.0,124.0,132.0,149.0,inferred
Barnsley,2021-07-26,103.0,113.0,122.0,125.0,128.0,133.0,138.0,143.0,149.0,153.0,157.0,168.0,187.0,inferred
Barnsley,2021-07-27,89.0,102.0,109.0,112.0,115.0,120.0,125.0,130.0,135.0,138.0,142.0,151.0,165.0,inferred
Barnsley,2021-07-28,88.0,100.0,108.0,111.0,114.0,119.0,124.0,129.0,134.0,137.2,141.0,151.0,166.0,inferred
Barnsley,2021-07-29,86.0,97.0,105.0,107.0,110.0,115.0,120.0,125.0,131.0,135.0,138.0,146.0,159.5,inferred
Barnsley,2021-07-30,78.0,89.0,96.0,99.0,102.0,107.0,111.0,115.0,120.0,123.0,127.0,136.0,150.0,inferred
Barnsley,2021-07-31,65.0,75.0,82.0,84.0,86.0,90.0,94.0,98.0,103.0,106.0,109.2,117.0,130.0,inferred
Barnsley,2021-08-01,70.0,79.0,86.0,89.0,91.0,96.0,100.0,105.0,110.0,113.0,116.2,125.0,136.5,inferred
Barnsley,2021-08-02,100.5,113.0,121.8,125.0,128.0,134.0,139.0,144.0,150.0,154.0,157.0,167.1,181.0,inferred
Barnsley,2021-08-03,95.0,108.0,115.0,120.0,122.0,127.0,132.0,138.0,144.0,147.0,150.0,159.0,171.0,inferred
Barnsley,2021-08-04,98.0,109.0,116.0,119.0,122.0,127.0,132.0,137.0,143.0,145.0,150.0,159.0,173.5,inferred
Barnsley,2021-08-05,91.0,103.0,112.0,114.0,117.0,122.0,127.0,132.0,137.0,140.0,143.0,152.0,167.0,inferred
Barnsley,2021-08-06,84.5,95.0,102.0,104.0,107.0,112.0,117.0,122.0,127.0,130.0,134.0,141.0,156.0,inferred
Barnsley,2021-08-07,68.0,78.9,85.0,87.0,89.0,93.0,98.0,102.0,106.0,109.0,112.0,121.0,134.0,inferred
Barnsley,2021-08-08,72.0,81.0,89.8,92.0,94.0,99.0,103.5,108.0,112.0,115.0,119.0,126.0,140.0,inferred
Barnsley,2021-08-09,105.0,117.0,126.0,129.0,132.0,137.0,143.0,148.0,155.0,158.0,161.0,171.0,188.0,inferred
Barnsley,2021-08-10,98.5,110.0,119.0,121.0,124.0,130.0,135.0,140.0,145.0,149.0,153.0,163.0,180.0,inferred
Barnsley,2021-08-11,96.0,110.0,118.0,120.0,123.0,127.0,133.0,138.0,143.0,147.0,150.0,159.0,174.0,inferred
Barnsley,2021-08-12,93.0,102.0,110.0,112.0,116.0,121.0,126.0,131.0,137.0,139.2,143.0,152.0,169.5,inferred
Barnsley,2021-08-13,82.5,92.0,101.0,103.0,106.0,111.0,115.0,119.0,124.0,127.0,131.0,140.0,154.0,inferred
Barnsley,2021-08-14,66.0,75.0,81.0,84.0,87.0,91.0,95.0,100.0,104.0,107.0,111.0,118.0,131.0,inferred
Barnsley,2021-08-15,70.0,80.0,87.0,89.0,91.7,96.0,100.0,104.0,108.0,111.0,114.0,124.0,136.0,inferred
Barnsley,2021-08-16,99.0,111.9,120.0,123.0,126.0,131.0,136.0,142.0,147.0,150.0,154.0,165.0,180.0,inferred
Barnsley,2021-08-17,93.0,104.0,112.0,116.0,118.0,123.0,127.0,132.0,138.3,142.0,146.0,155.0,169.0,inferred
Barnsley,2021-08-18,94.0,104.9,113.0,116.0,118.0,123.0,128.0,133.4,139.0,142.0,146.0,155.0,171.0,inferred
Barnsley,2021-08-19,92.0,102.0,111.0,113.0,116.0,121.0,126.0,132.0,137.0,140.0,143.0,152.0,166.0,inferred
Barnsley,2021-08-20,84.0,96.0,103.0,106.0,109.0,114.0,118.0,123.0,127.0,130.2,134.0,142.0,157.0,inferred
Barnsley,2021-08-21,69.0,79.0,86.0,89.0,91.0,95.0,100.0,104.0,109.0,112.0,115.0,123.0,135.0,inferred
Barnsley,2021-08-22,75.0,86.0,93.0,95.8,98.0,103.0,107.0,111.0,116.0,119.0,122.0,131.0,146.5,inferred
Barnsley,2021-08-23,111.0,123.0,132.0,136.0,139.0,145.0,150.0,155.0,162.0,165.2,169.0,179.0,196.5,inferred
Barnsley,2021-08-24,105.0,118.0,126.0,130.0,132.0,138.6,144.0,150.0,155.0,158.2,162.0,173.0,187.0,inferred
Barnsley,2021-08-25,108.5,121.0,130.0,134.0,137.0,143.0,148.0,153.0,159.0,162.0,165.0,174.0,193.0,inferred
Barnsley,2021-08-26,105.5,118.9,127.0,130.0,133.0,139.0,144.0,149.0,155.0,158.0,161.0,170.0,184.0,inferred
Barnsley,2021-08-27,98.0,109.0,117.0,120.0,124.0,129.0,134.0,140.0,145.0,149.0,152.0,161.0,176.0,inferred
Barnsley,2021-08-28,80.0,93.0,101.0,103.0,106.0,111.0,116.0,120.4,125.0,128.0,131.0,140.0,155.0,inferred
Barnsley,2021-08-29,91.0,101.0,110.0,113.0,115.0,120.0,125.0,129.0,135.0,138.0,141.0,150.0,164.0,inferred
Barnsley,2021-08-30,132.5,147.0,157.0,160.0,164.0,170.0,176.0,182.0,188.0,192.0,195.2,206.0,223.0,inferred
Barnsley,2021-08-31,128.0,141.0,151.0,155.0,157.0,162.0,168.0,174.0,180.0,184.0,187.0,198.0,215.0,inferred
Barnsley,2021-09-01,129.0,143.0,151.0,154.0,157.7,163.0,168.0,176.0,182.0,186.0,190.0,201.0,222.5,inferred
Barnsley,2021-09-02,125.0,136.0,146.0,149.0,153.0,159.0,164.0,169.0,175.0,178.0,182.0,191.0,208.0,inferred
Barnsley,2021-09-03,111.0,125.0,133.0,136.0,140.0,145.0,150.0,156.0,162.0,165.0,169.0,179.0,195.0,inferred
Barnsley,2021-09-04,92.0,104.0,112.0,115.0,118.0,123.0,128.0,133.0,137.0,140.0,143.0,152.0,166.0,inferred
Barnsley,2021-09-05,98.5,110.0,118.0,121.0,124.0,129.0,135.0,140.0,145.0,148.0,152.0,162.0,178.0,inferred
Barnsley,2021-09-06,145.0,158.9,168.0,172.0,176.0,183.0,189.0,195.0,201.0,206.0,210.0,220.0,242.0,inferred
Barnsley,2021-09-07,134.0,149.0,157.0,161.8,164.7,171.0,177.0,182.4,189.0,192.0,197.0,207.0,225.0,inferred
Barnsley,2021-09-08,131.5,146.0,155.0,158.0,162.0,168.0,174.0,179.0,186.0,190.2,195.0,207.0,228.0,inferred
Barnsley,2021-09-09,125.0,138.0,146.0,150.0,154.0,160.0,165.0,170.0,176.0,179.0,184.0,195.0,211.0,inferred
Barnsley,2021-09-10,110.0,122.0,131.0,135.0,138.0,143.0,148.0,153.0,159.0,162.0,167.0,177.0,192.5,inferred
Barnsley,2021-09-11,91.0,101.0,108.0,111.0,113.0,118.0,124.0,129.0,134.0,137.0,140.0,149.0,164.5,inferred
Barnsley,2021-09-12,92.0,104.0,112.0,115.0,118.0,123.0,128.0,133.0,138.0,141.0,145.0,155.0,171.0,inferred
Barnsley,2021-09-13,134.0,149.0,158.0,161.0,164.0,171.0,177.0,183.0,190.0,193.0,197.0,208.0,228.0,inferred
Barnsley,2021-09-14,127.0,143.0,152.0,155.0,158.0,164.0,170.0,176.0,182.0,186.0,191.0,203.0,220.5,inferred
Barnsley,2021-09-15,139.5,153.9,165.0,168.0,172.0,178.0,183.0,189.0,194.0,197.2,201.0,213.0,233.0,inferred
Barnsley,2021-09-16,146.0,159.0,169.0,173.0,176.0,182.0,188.0,194.0,201.0,204.0,208.0,219.0,237.0,inferred
Barnsley,2021-09-17,142.0,157.0,166.0,170.0,173.0,179.0,185.0,191.0,197.3,201.0,205.0,215.1,233.5,inferred
Barnsley,2021-09-18,126.5,140.0,148.0,151.0,154.0,160.0,165.0,171.4,177.0,181.0,185.0,196.0,211.5,inferred
Barnsley,2021-09-19,144.0,158.0,169.0,172.0,176.0,182.0,189.0,194.0,201.0,205.0,209.0,220.0,239.0,inferred
Barnsley,2021-09-20,221.0,238.0,251.0,255.0,260.0,267.0,274.0,283.0,291.0,296.0,300.0,314.0,335.0,inferred
Barnsley,2021-09-21,207.0,227.0,238.0,243.0,247.0,254.0,263.0,270.0,279.0,283.0,288.0,301.0,325.0,inferred
Barnsley,2021-09-22,206.5,226.0,236.8,241.0,244.0,251.0,258.0,266.0,274.0,279.0,284.0,300.0,319.5,inferred
Barnsley,2021-09-23,193.5,209.0,219.0,223.0,227.0,234.0,240.0,247.0,254.0,258.0,263.0,276.0,298.5,inferred
Barnsley,2021-09-24,168.5,183.0,193.0,198.0,202.0,207.0,213.0,219.0,227.0,231.0,236.0,247.0,265.0,inferred
Barnsley,2021-09-25,133.5,146.0,155.0,160.0,163.0,169.0,175.0,180.0,187.0,190.0,195.0,205.0,224.0,inferred
Barnsley,2021-09-26,135.0,150.0,160.0,163.0,167.0,173.0,179.0,185.0,191.0,195.0,199.0,212.0,231.5,inferred
Barnsley,2021-09-27,191.0,207.0,219.0,224.0,227.0,233.0,240.0,247.4,255.0,260.0,264.0,279.0,302.5,inferred
Barnsley,2021-09-28,172.5,188.0,198.8,203.0,207.0,215.0,222.0,229.0,237.0,241.0,245.0,259.0,281.0,inferred
Barnsley,2021-09-29,172.0,189.0,200.0,203.8,207.0,214.0,220.0,227.0,234.0,238.0,242.0,255.0,273.0,inferred
Barnsley,2021-09-30,163.5,178.0,190.0,194.0,197.0,203.0,210.0,216.0,223.0,227.0,231.0,242.0,262.0,inferred
Barnsley,2021-10-01,148.0,162.9,172.0,175.0,179.0,185.0,191.5,197.0,203.0,207.0,211.0,221.0,240.0,inferred
Barnsley,2021-10-02,120.5,134.0,142.0,146.0,149.0,155.0,161.0,166.0,173.0,177.0,180.0,192.0,208.0,inferred
Barnsley,2021-10-03,126.0,141.0,151.0,154.0,158.0,164.0,169.0,175.0,181.0,185.0,189.0,200.0,218.0,inferred
Barnsley,2021-10-04,186.0,201.0,212.0,216.8,220.0,228.0,235.0,241.0,248.0,252.0,258.0,271.1,293.0,inferred
Barnsley,2021-10-05,175.0,190.0,201.0,206.0,209.0,216.0,222.0,229.0,235.0,239.0,244.0,258.0,276.0,inferred
Barnsley,2021-10-06,180.5,195.0,205.0,209.0,212.0,219.0,226.0,233.0,240.0,245.0,250.0,262.0,281.5,inferred
Barnsley,2021-10-07,174.0,188.0,199.0,203.0,207.0,214.0,221.0,227.0,234.0,238.0,244.0,256.0,276.0,inferred
Barnsley,2021-10-08,163.0,180.0,189.0,192.0,195.0,202.0,208.0,214.4,221.0,225.0,228.0,239.0,259.0,inferred
Barnsley,2021-10-09,135.5,148.0,157.8,162.0,165.0,171.0,178.0,185.0,191.0,195.0,199.0,210.0,227.0,inferred
Barnsley,2021-10-10,149.5,163.0,173.0,176.0,180.0,186.0,191.5,198.0,205.0,209.0,213.0,223.0,241.0,inferred
Barnsley,2021-10-11,215.0,233.0,246.0,250.0,254.0,261.0,269.0,276.0,285.0,289.0,294.0,308.0,330.0,inferred
Barnsley,2021-10-12,199.5,215.0,227.0,232.0,236.0,244.0,251.0,259.0,266.0,270.0,274.0,287.0,313.0,inferred
Barnsley,2021-10-13,192.5,210.0,222.0,225.0,229.0,237.0,243.5,251.0,257.0,262.0,267.0,278.0,297.5,inferred
Barnsley,2021-10-14,176.0,191.0,202.0,206.0,210.0,217.0,224.0,232.0,238.0,242.0,246.0,259.0,281.0,inferred
Barnsley,2021-10-15,145.5,163.9,173.0,178.0,183.0,189.6,195.0,203.0,210.0,215.0,220.0,231.0,248.0,inferred
Barrow-in-Furness,2021-07-03,9.0,12.0,14.0,15.0,16.0,17.0,19.0,20.0,22.0,23.0,24.0,26.1,31.0,inferred
Barrow-in-Furness,2021-07-04,11.0,14.0,16.0,17.0,18.0,19.0,21.0,22.0,24.0,25.0,26.0,29.0,35.0,inferred
Barrow-in-Furness,2021-07-05,19.5,23.0,26.8,27.0,28.0,30.0,32.0,34.0,36.0,38.0,39.0,43.0,50.0,inferred
Barrow-in-Furness,2021-07-06,20.0,24.0,27.0,28.0,29.0,31.0,33.0,35.0,37.0,38.0,40.0,44.0,49.0,inferred
Barrow-in-Furness,2021-07-07,21.0,26.0,30.0,31.0,32.0,34.0,36.0,38.0,40.0,42.0,43.0,47.0,53.0,inferred
Barrow-in-Furness,2021-07-08,23.0,28.0,31.0,32.0,33.0,35.0,37.0,39.0,42.0,43.0,45.0,48.0,55.0,inferred
Barrow-in-Furness,2021-07-09,24.0,28.0,31.0,33.0,34.0,36.0,37.0,39.0,42.0,43.0,44.0,48.0,54.0,inferred
Barrow-in-Furness,2021-07-10,20.0,24.0,28.0,29.0,30.0,32.0,34.0,36.0,38.0,39.0,40.0,44.0,48.0,inferred
Barrow-in-Furness,2021-07-11,24.0,29.0,32.0,34.0,35.0,37.0,39.0,41.0,43.0,45.0,46.0,50.0,56.5,inferred
Barrow-in-Furness,2021-07-12,38.5,44.0,49.0,51.0,52.0,55.0,58.0,60.0,63.0,65.0,67.0,72.0,80.0,inferred
Barrow-in-Furness,2021-07-13,38.0,44.0,48.0,49.0,51.0,53.0,56.0,58.0,61.0,63.0,65.0,69.0,76.0,inferred
Barrow-in-Furness,2021-07-14,36.5,43.0,47.0,49.0,50.0,53.0,55.0,58.0,61.0,62.0,64.0,68.0,75.0,inferred
Barrow-in-Furness,2021-07-15,34.0,40.0,44.0,45.0,47.0,49.0,52.0,54.0,57.0,58.0,60.0,64.0,72.0,inferred
Barrow-in-Furness,2021-07-16,30.0,36.0,39.0,41.0,42.0,44.0,46.0,48.0,51.0,52.0,54.0,58.0,65.0,inferred
Barrow-in-Furness,2021-07-17,24.0,28.0,31.0,33.0,34.0,36.0,38.0,40.0,42.0,44.0,45.0,49.0,55.0,inferred
Barrow-in-Furness,2021-07-18,24.0,29.0,32.0,34.0,35.0,37.0,39.0,41.0,43.0,45.0,46.0,50.0,55.5,inferred
Barrow-in-Furness,2021-07-19,35.0,41.0,45.0,46.0,48.0,51.0,53.0,55.0,58.0,59.0,61.0,66.0,73.0,inferred
Barrow-in-Furness,2021-07-20,31.0,36.0,40.0,41.0,42.0,45.0,47.0,49.0,52.0,53.0,55.0,59.0,67.0,inferred
Barrow-in-Furness,2021-07-21,28.0,34.0,37.0,39.0,40.0,42.0,44.0,46.0,49.0,50.0,51.0,56.0,65.0,inferred
Barrow-in-Furness,2021-07-22,23.0,29.0,32.0,34.0,35.0,37.0,39.0,41.0,44.0,45.0,46.0,50.0,57.0,inferred
Barrow-in-Furness,2021-07-23,20.0,24.0,27.0,29.0,30.0,31.0,33.0,35.0,37.0,38.0,39.0,43.0,50.0,inferred
Barrow-in-Furness,2021-07-24,14.0,18.0,21.0,22.0,23.0,24.0,26.0,28.0,30.0,31.0,32.0,35.0,40.0,inferred
Barrow-in-Furness,2021-07-25,15.0,18.0,20.0,21.0,22.0,24.0,26.0,28.0,29.0,30.0,32.0,35.0,41.0,inferred
Barrow-in-Furness,2021-07-26,20.0,24.0,27.0,29.0,30.0,32.0,34.0,36.0,38.0,39.0,40.0,44.0,50.0,inferred
Barrow-in-Furness,2021-07-27,17.0,21.0,24.0,25.0,26.0,28.0,30.0,32.0,34.0,35.0,36.0,40.0,46.0,inferred
Barrow-in-Furness,2021-07-28,18.0,21.0,24.0,25.0,26.0,28.0,30.0,31.0,34.0,35.0,36.0,40.0,46.0,inferred
Barrow-in-Furness,2021-07-29,16.0,20.0,23.0,24.0,25.0,27.0,28.0,30.0,32.0,33.0,35.0,38.0,44.0,inferred
Barrow-in-Furness,2021-07-30,14.0,18.0,20.0,21.0,22.0,24.0,25.0,27.0,29.0,30.0,31.0,34.0,39.0,inferred
Barrow-in-Furness,2021-07-31,11.0,15.0,17.0,18.0,19.0,20.0,22.0,23.0,25.0,26.0,27.0,30.0,35.0,inferred
Barrow-in-Furness,2021-08-01,12.0,15.0,17.0,18.0,19.0,21.0,22.0,24.0,26.0,27.0,28.0,32.0,36.0,inferred
Barrow-in-Furness,2021-08-02,18.0,23.0,25.0,27.0,28.0,30.0,31.0,33.0,35.0,37.0,38.0,42.0,48.0,inferred
Barrow-in-Furness,2021-08-03,17.5,21.0,24.0,25.0,26.0,28.0,30.0,32.0,34.0,35.0,36.0,39.0,45.0,inferred
Barrow-in-Furness,2021-08-04,18.0,22.0,25.0,26.0,27.0,29.0,31.0,33.0,35.0,36.0,37.0,41.0,46.0,inferred
Barrow-in-Furness,2021-08-05,17.0,22.0,24.0,25.0,26.0,28.0,30.0,32.0,34.0,35.0,36.0,40.0,46.0,inferred
Barrow-in-Furness,2021-08-06,17.0,21.0,23.0,24.0,25.0,27.0,28.0,30.0,32.0,33.0,34.0,38.0,43.0,inferred
Barrow-in-Furness,2021-08-07,13.0,16.0,19.0,20.0,21.0,23.0,25.0,26.0,28.0,29.0,30.0,34.0,40.0,inferred
Barrow-in-Furness,2021-08-08,14.0,19.0,21.0,22.0,23.0,25.0,26.0,28.0,30.0,31.0,32.0,36.0,41.0,inferred
Barrow-in-Furness,2021-08-09,23.0,28.0,31.0,32.0,33.0,36.0,38.0,40.0,42.0,44.0,45.0,48.0,55.0,inferred
Barrow-in-Furness,2021-08-10,22.0,27.0,30.0,31.0,32.0,34.6,37.0,39.0,41.0,42.0,43.2,48.0,54.0,inferred
Barrow-in-Furness,2021-08-11,22.5,27.0,31.0,32.0,33.0,35.0,37.0,39.0,41.0,42.0,44.0,48.0,54.0,inferred
Barrow-in-Furness,2021-08-12,21.0,26.0,29.0,31.0,32.0,33.0,35.0,38.0,40.0,41.0,42.0,46.0,53.0,inferred
Barrow-in-Furness,2021-08-13,20.0,24.0,27.0,28.0,29.0,31.0,33.0,35.0,37.0,38.0,39.0,43.0,49.0,inferred
Barrow-in-Furness,2021-08-14,15.0,19.0,22.0,23.0,24.0,26.0,28.0,30.0,31.0,32.0,34.0,37.0,43.0,inferred
Barrow-in-Furness,2021-08-15,17.0,21.0,24.0,25.0,26.0,28.0,29.0,31.0,33.0,34.0,36.0,40.0,44.5,inferred
Barrow-in-Furness,2021-08-16,26.0,31.0,34.0,35.0,36.0,39.0,41.0,44.0,46.0,47.0,49.0,53.0,60.0,inferred
Barrow-in-Furness,2021-08-17,25.0,29.0,32.0,34.0,35.0,37.0,39.0,41.0,44.0,45.0,47.0,51.0,58.0,inferred
Barrow-in-Furness,2021-08-18,24.0,30.0,33.0,34.0,36.0,38.0,39.0,41.0,44.0,45.0,46.0,51.0,59.0,inferred
Barrow-in-Furness,2021-08-19,23.0,28.0,31.0,33.0,34.0,36.0,39.0,41.0,43.0,44.0,45.0,49.0,55.0,inferred
Barrow-in-Furness,2021-08-20,22.0,26.0,29.0,30.8,32.0,34.0,35.0,38.0,40.0,41.0,43.0,46.0,52.0,inferred
Barrow-in-Furness,2021-08-21,18.0,22.0,25.0,26.0,27.0,29.0,31.0,32.0,34.0,35.0,37.0,40.0,45.5,inferred
Barrow-in-Furness,2021-08-22,20.0,24.0,27.0,28.0,29.0,31.0,32.0,34.0,36.0,38.0,39.0,43.0,51.0,inferred
Barrow-in-Furness,2021-08-23,29.0,35.0,38.0,40.0,41.0,44.0,46.0,49.0,51.0,53.0,54.0,59.0,66.0,inferred
Barrow-in-Furness,2021-08-24,28.0,33.0,37.0,38.0,39.0,42.0,44.0,46.0,49.0,50.0,51.0,56.0,62.0,inferred
Barrow-in-Furness,2021-08-25,28.5,33.0,37.0,38.0,39.0,41.0,44.0,46.0,49.0,50.0,51.2,56.0,63.0,inferred
Barrow-in-Furness,2021-08-26,27.0,32.0,35.0,37.0,38.0,40.0,42.0,44.0,47.0,48.0,49.0,53.0,60.0,inferred
Barrow-in-Furness,2021-08-27,24.0,29.0,32.0,33.0,34.0,37.0,39.0,41.0,43.0,44.0,46.0,49.1,54.0,inferred
Barrow-in-Furness,2021-08-28,20.0,24.0,27.0,28.0,30.0,31.0,33.0,35.0,37.0,38.0,39.0,43.0,49.0,inferred
Barrow-in-Furness,2021-08-29,22.0,26.0,29.0,30.0,31.0,33.0,35.0,38.0,40.0,41.0,42.0,46.0,52.0,inferred
Barrow-in-Furness,2021-08-30,33.0,38.0,42.0,44.0,45.0,47.0,50.0,53.0,55.0,57.0,58.0,63.0,70.5,inferred
Barrow-in-Furness,2021-08-31,31.0,36.0,40.0,41.0,42.0,45.0,47.0,49.0,52.0,53.0,55.0,59.0,66.0,inferred
Barrow-in-Furness,2021-09-01,31.0,36.0,39.0,41.0,42.0,45.0,47.0,49.0,51.0,53.0,55.0,59.0,66.0,inferred
Barrow-in-Furness,2021-09-02,29.0,34.0,38.0,39.0,40.0,42.0,44.0,47.0,49.0,50.0,52.0,56.0,62.0,inferred
Barrow-in-Furness,2021-09-03,25.0,30.0,33.0,35.0,36.0,38.0,40.0,42.0,45.0,46.0,48.0,52.0,58.0,inferred
Barrow-in-Furness,2021-09-04,19.0,24.0,27.0,28.0,29.0,31.0,33.0,35.0,37.0,38.0,39.0,43.0,48.0,inferred
Barrow-in-Furness,2021-09-05,20.0,25.0,28.0,30.0,30.0,32.0,35.0,36.0,38.3,40.0,41.0,44.1,50.0,inferred
Barrow-in-Furness,2021-09-06,30.0,35.9,39.8,41.0,42.0,45.0,47.0,49.0,51.0,53.0,54.0,59.0,66.0,inferred
Barrow-in-Furness,2021-09-07,28.0,33.0,37.0,38.0,39.0,42.0,44.0,46.0,49.0,50.0,52.0,57.0,63.0,inferred
Barrow-in-Furness,2021-09-08,28.0,34.0,38.0,39.0,40.0,42.0,45.0,47.0,49.0,51.0,53.0,57.0,63.5,inferred
Barrow-in-Furness,2021-09-09,29.0,34.0,37.0,38.0,39.0,42.0,44.0,46.0,48.0,49.0,51.0,55.0,61.5,inferred
Barrow-in-Furness,2021-09-10,27.0,31.0,34.0,35.0,37.0,38.0,41.0,43.0,46.0,47.0,49.0,52.0,59.0,inferred
Barrow-in-Furness,2021-09-11,22.0,26.0,29.0,30.0,31.0,33.6,35.0,37.0,39.0,41.0,42.0,46.0,53.0,inferred
Barrow-in-Furness,2021-09-12,24.0,28.0,31.0,32.0,33.0,36.0,38.0,40.0,42.0,43.0,45.0,49.0,55.0,inferred
Barrow-in-Furness,2021-09-13,36.0,42.0,45.8,47.0,49.0,51.0,54.0,56.0,59.0,60.0,62.0,67.0,74.0,inferred
Barrow-in-Furness,2021-09-14,33.5,40.0,44.0,45.0,47.0,49.0,52.0,54.0,57.0,59.0,61.0,66.0,73.0,inferred
Barrow-in-Furness,2021-09-15,36.0,42.0,46.0,47.0,49.0,51.6,54.0,56.0,59.0,60.0,63.0,67.1,75.0,inferred
Barrow-in-Furness,2021-09-16,37.0,42.0,45.0,47.0,49.0,51.0,53.0,56.0,59.0,60.0,62.0,67.0,74.0,inferred
Barrow-in-Furness,2021-09-17,34.0,40.0,44.0,45.0,47.0,49.0,51.0,54.0,56.0,58.0,59.0,64.0,73.0,inferred
Barrow-in-Furness,2021-09-18,29.0,34.0,38.0,39.0,40.0,42.0,45.0,47.0,49.0,51.0,52.0,57.0,63.0,inferred
Barrow-in-Furness,2021-09-19,32.0,38.0,41.8,43.0,44.0,46.0,49.0,51.0,54.0,55.0,57.0,61.0,68.0,inferred
Barrow-in-Furness,2021-09-20,49.0,56.0,60.0,62.0,64.0,67.0,70.0,72.0,76.0,77.0,79.0,84.0,93.0,inferred
Barrow-in-Furness,2021-09-21,46.0,53.0,58.0,60.0,61.0,65.0,67.0,70.0,73.0,75.0,77.0,82.0,91.0,inferred
Barrow-in-Furness,2021-09-22,47.5,54.0,59.0,60.0,62.0,65.0,67.0,69.0,73.0,74.0,76.0,82.0,89.5,inferred
Barrow-in-Furness,2021-09-23,45.0,51.0,55.0,57.0,59.0,61.0,64.0,67.0,70.0,72.0,74.0,78.1,86.0,inferred
Barrow-in-Furness,2021-09-24,41.0,48.0,51.0,53.0,54.0,57.0,59.0,62.0,65.0,66.0,68.0,73.0,81.0,inferred
Barrow-in-Furness,2021-09-25,34.0,39.0,43.0,44.0,46.0,48.0,50.0,53.0,55.0,56.0,58.0,63.0,69.0,inferred
Barrow-in-Furness,2021-09-26,37.5,43.0,46.0,47.0,49.0,51.0,53.0,56.0,59.0,61.0,63.0,67.0,75.0,inferred
Barrow-in-Furness,2021-09-27,54.0,61.0,66.0,68.0,69.0,72.0,75.0,78.0,81.0,83.0,85.0,90.1,100.0,inferred
Barrow-in-Furness,2021-09-28,52.0,58.0,62.0,65.0,67.0,69.0,72.0,75.0,78.0,79.0,81.0,86.0,97.0,inferred
Barrow-in-Furness,2021-09-29,53.0,59.0,64.0,65.0,67.0,70.0,73.0,75.0,79.0,80.0,82.0,88.0,96.0,inferred
Barrow-in-Furness,2021-09-30,51.0,58.0,63.0,64.0,66.0,69.0,72.0,74.0,77.0,79.0,81.0,86.0,93.0,inferred
Barrow-in-Furness,2021-10-01,47.0,53.0,58.0,60.0,61.0,64.0,67.0,70.0,73.0,74.0,76.0,81.0,89.0,inferred
Barrow-in-Furness,2021-10-02,40.0,45.0,49.0,50.0,52.0,54.6,57.0,60.0,63.0,64.0,66.0,71.0,78.0,inferred
Barrow-in-Furness,2021-10-03,44.0,49.0,54.0,55.0,57.0,59.0,62.0,65.0,68.0,69.0,71.0,75.0,82.0,inferred
Barrow-in-Furness,2021-10-04,64.0,71.9,77.0,79.0,81.0,84.0,87.0,90.0,94.0,96.0,98.0,104.0,113.0,inferred
Barrow-in-Furness,2021-10-05,58.0,65.9,71.0,73.0,75.0,78.0,81.0,85.0,88.0,89.0,91.0,97.0,106.0,inferred
Barrow-in-Furness,2021-10-06,58.0,64.0,69.0,71.0,73.0,76.0,79.0,82.0,86.0,87.0,90.0,95.0,102.0,inferred
Barrow-in-Furness,2021-10-07,53.0,59.0,64.0,65.0,67.0,70.0,73.0,75.0,79.0,81.0,83.0,88.0,96.0,inferred
Barrow-in-Furness,2021-10-08,45.0,51.0,55.0,57.0,58.0,61.0,64.0,66.0,69.0,71.0,72.0,78.0,85.0,inferred
Barrow-in-Furness,2021-10-09,34.0,40.0,44.0,46.0,47.0,50.0,52.0,54.0,57.0,59.0,60.0,64.0,71.5,inferred
Barrow-in-Furness,2021-10-10,36.5,41.0,45.0,47.0,48.0,50.6,53.0,55.0,58.0,60.0,61.0,66.0,72.0,inferred
Barrow-in-Furness,2021-10-11,50.0,57.0,61.0,63.0,65.0,68.0,70.0,73.0,76.0,78.0,80.0,86.0,94.0,inferred
Barrow-in-Furness,2021-10-12,42.0,49.0,53.0,55.0,57.0,60.0,62.0,65.0,67.0,69.0,71.0,76.0,84.0,inferred
Barrow-in-Furness,2021-10-13,41.0,46.0,50.0,52.0,54.0,56.0,59.0,61.0,64.0,66.0,68.0,73.0,82.0,inferred
Barrow-in-Furness,2021-10-14,35.5,41.0,45.0,46.0,47.0,50.0,53.0,55.0,58.0,60.0,61.0,66.0,73.5,inferred
Barrow-in-Furness,2021-10-15,28.5,34.0,38.0,40.0,41.0,43.0,46.0,48.0,51.0,53.0,55.0,60.0,67.0,inferred
Basildon,2021-07-03,25.5,31.0,35.0,36.0,37.0,40.0,42.0,44.4,47.0,49.0,50.0,55.0,62.0,inferred
Basildon,2021-07-04,30.0,35.0,39.0,40.0,42.0,44.0,47.0,49.0,52.0,54.0,55.0,60.0,67.5,inferred
Basildon,2021-07-05,47.0,54.0,59.0,61.0,62.0,65.0,68.0,71.0,74.0,76.0,78.0,84.0,93.0,inferred
Basildon,2021-07-06,50.0,57.0,62.0,64.0,65.0,69.0,71.0,74.0,77.0,79.0,81.0,88.0,96.5,inferred
Basildon,2021-07-07,58.5,66.0,71.0,73.0,75.0,78.0,81.0,84.0,88.0,90.0,92.0,97.0,106.5,inferred
Basildon,2021-07-08,62.5,71.9,77.0,79.0,80.0,84.0,87.0,90.0,93.0,95.0,97.0,103.1,114.0,inferred
Basildon,2021-07-09,67.0,75.0,80.0,83.0,85.0,88.0,91.0,94.0,98.0,100.0,102.0,108.0,118.0,inferred
Basildon,2021-07-10,63.0,71.0,76.0,78.0,80.0,83.0,86.0,89.0,93.0,95.0,97.0,103.0,113.5,inferred
Basildon,2021-07-11,75.0,84.0,90.0,92.0,94.0,98.0,101.0,104.0,108.0,111.0,113.0,120.0,130.0,inferred
Basildon,2021-07-12,119.0,129.0,136.8,140.0,142.0,147.0,151.0,155.0,160.0,163.0,167.0,176.0,189.0,inferred
Basildon,2021-07-13,117.0,130.0,137.0,140.0,142.0,147.0,152.0,156.0,162.0,164.0,167.0,176.0,189.0,inferred
Basildon,2021-07-14,122.0,132.0,138.0,142.0,145.0,150.0,154.5,159.0,163.0,166.0,169.0,178.1,190.0,inferred
Basildon,2021-07-15,113.0,125.0,131.0,134.0,136.0,141.0,145.0,149.0,153.0,156.0,159.0,166.0,179.0,inferred
Basildon,2021-07-16,101.0,111.0,118.0,120.0,122.0,127.0,131.0,135.0,140.0,142.0,145.0,152.0,163.0,inferred
Basildon,2021-07-17,81.0,90.0,96.0,98.0,101.0,104.0,108.0,112.0,115.0,118.0,121.0,128.0,139.0,inferred
Basildon,2021-07-18,83.0,91.0,97.0,100.0,102.0,106.0,109.0,113.0,118.0,120.0,123.0,129.0,139.5,inferred
Basildon,2021-07-19,111.0,121.0,130.0,133.0,135.0,140.0,144.0,148.0,153.0,155.0,159.0,168.0,181.0,inferred
Basildon,2021-07-20,99.0,110.0,116.0,118.0,121.0,125.0,129.0,133.0,138.0,140.2,143.0,151.0,162.0,inferred
Basildon,2021-07-21,91.0,101.0,108.0,110.0,112.0,116.0,120.0,123.0,127.3,130.0,133.0,140.0,150.0,inferred
Basildon,2021-07-22,77.0,86.0,92.0,94.0,96.0,100.0,103.0,106.0,110.0,113.0,115.0,123.0,133.0,inferred
Basildon,2021-07-23,61.0,68.9,74.0,76.0,78.0,81.0,84.0,88.0,91.0,93.0,96.0,102.0,110.5,inferred
Basildon,2021-07-24,44.0,51.0,55.0,57.0,58.0,61.0,64.0,67.0,70.0,72.0,74.0,80.1,89.0,inferred
Basildon,2021-07-25,40.0,47.0,51.0,53.0,55.0,57.0,60.0,63.0,66.0,68.0,70.0,74.0,82.5,inferred
Basildon,2021-07-26,50.5,58.0,63.0,65.0,67.0,70.0,72.0,75.4,79.0,81.0,83.0,90.0,98.0,inferred
Basildon,2021-07-27,46.0,52.0,56.0,58.0,60.0,63.0,66.0,68.0,72.0,74.0,76.0,81.0,90.0,inferred
Basildon,2021-07-28,45.0,51.0,56.0,57.8,59.0,62.0,64.0,68.0,71.0,73.0,75.0,80.0,89.0,inferred
Basildon,2021-07-29,42.0,48.0,52.0,54.0,56.0,58.0,61.0,63.0,67.0,69.0,71.0,76.0,85.0,inferred
Basildon,2021-07-30,37.5,43.0,47.0,49.0,50.0,53.0,56.0,59.0,62.0,63.0,65.0,69.0,77.5,inferred
Basildon,2021-07-31,29.0,35.0,39.0,40.0,42.0,45.0,47.0,49.0,52.0,53.0,55.0,60.0,66.0,inferred
Basildon,2021-08-01,32.0,37.0,41.0,43.0,44.0,47.0,49.0,51.0,54.0,55.0,57.0,62.0,70.0,inferred
Basildon,2021-08-02,45.0,51.0,55.0,57.0,59.0,62.0,64.5,68.0,71.0,73.0,75.0,80.0,89.0,inferred
Basildon,2021-08-03,42.0,48.9,53.0,55.0,56.0,59.0,62.0,65.0,68.0,69.0,71.0,77.1,85.0,inferred
Basildon,2021-08-04,44.0,50.0,54.0,56.0,58.0,60.0,63.0,66.0,69.0,71.0,73.0,78.0,85.5,inferred
Basildon,2021-08-05,42.0,48.0,53.0,55.0,56.7,60.0,62.0,65.0,67.0,69.0,72.0,77.0,85.0,inferred
Basildon,2021-08-06,39.0,45.0,49.0,51.0,52.0,55.0,58.0,61.0,64.0,65.0,67.0,73.0,81.0,inferred
Basildon,2021-08-07,32.0,39.0,43.0,44.0,46.0,48.0,50.0,52.0,55.0,56.2,58.0,63.0,72.0,inferred
Basildon,2021-08-08,34.5,41.0,45.0,46.0,48.0,50.0,53.0,55.0,59.0,60.0,62.0,67.0,75.0,inferred
Basildon,2021-08-09,50.0,57.0,62.0,64.0,66.0,69.0,72.0,75.0,79.0,80.0,82.0,89.0,98.0,inferred
Basildon,2021-08-10,47.0,54.0,59.0,61.0,62.0,65.0,68.0,71.0,74.0,76.0,78.0,84.0,95.5,inferred
Basildon,2021-08-11,47.0,54.0,59.0,61.0,63.0,66.0,69.0,72.0,76.0,78.0,80.0,86.0,94.0,inferred
Basildon,2021-08-12,46.0,52.0,56.0,58.0,60.0,62.0,65.0,68.0,71.0,73.0,75.0,80.0,88.0,inferred
Basildon,2021-08-13,40.0,47.0,51.0,53.0,54.0,57.0,60.0,63.0,66.0,68.0,69.0,75.0,83.0,inferred
Basildon,2021-08-14,33.0,38.0,42.0,44.0,45.0,48.0,50.0,52.0,55.0,56.0,58.0,63.0,70.0,inferred
Basildon,2021-08-15,34.0,39.0,43.0,45.0,46.0,49.0,51.0,54.0,56.0,58.0,60.0,64.0,72.0,inferred
Basildon,2021-08-16,48.0,55.0,59.0,61.0,63.0,66.0,69.0,72.0,75.0,77.0,79.0,85.0,94.0,inferred
Basildon,2021-08-17,44.0,51.0,56.0,57.0,59.0,62.0,65.0,68.0,71.0,73.0,75.0,81.0,89.0,inferred
Basildon,2021-08-18,45.0,52.0,56.0,58.0,60.0,63.0,66.0,69.0,72.0,74.0,76.0,82.0,90.0,inferred
Basildon,2021-08-19,42.0,49.0,54.0,55.0,57.0,60.0,63.0,66.0,69.0,71.0,72.0,77.0,86.0,inferred
Basildon,2021-08-20,39.0,46.0,50.0,51.0,52.0,55.0,58.0,61.0,64.0,65.0,67.0,72.0,79.0,inferred
Basildon,2021-08-21,32.0,37.0,40.0,42.0,43.0,46.0,48.0,51.0,53.0,55.0,57.0,61.0,69.0,inferred
Basildon,2021-08-22,33.0,39.0,43.0,44.0,45.0,48.0,50.0,53.0,56.0,57.2,60.0,64.0,71.5,inferred
Basildon,2021-08-23,46.0,54.0,58.0,60.0,62.0,65.0,67.0,70.0,74.0,76.0,78.0,83.0,92.5,inferred
Basildon,2021-08-24,45.0,52.0,56.0,58.0,60.0,63.0,66.0,69.0,72.0,74.0,76.0,81.0,90.5,inferred
Basildon,2021-08-25,47.0,54.0,59.0,60.0,62.0,65.0,67.5,70.0,73.0,75.0,77.0,83.0,91.0,inferred
Basildon,2021-08-26,44.5,52.0,56.0,58.0,60.0,63.0,66.0,69.0,72.0,73.0,75.0,81.0,90.0,inferred
Basildon,2021-08-27,41.0,47.0,52.0,54.0,55.7,59.0,61.0,64.0,67.0,69.0,71.0,76.0,85.0,inferred
Basildon,2021-08-28,35.0,41.0,45.0,46.0,48.0,51.0,53.0,56.0,59.0,60.0,62.0,67.0,75.0,inferred
Basildon,2021-08-29,37.0,43.0,47.0,49.0,50.0,53.0,56.0,59.0,61.3,63.0,65.0,70.0,79.0,inferred
Basildon,2021-08-30,55.0,62.0,67.0,68.0,71.0,74.0,77.0,80.0,84.0,86.0,88.0,94.0,105.0,inferred
Basildon,2021-08-31,52.0,59.9,65.0,66.0,68.0,71.0,74.5,78.0,81.0,83.0,85.0,91.0,100.0,inferred
Basildon,2021-09-01,53.0,61.0,66.0,68.0,69.0,73.0,75.0,78.0,82.0,83.0,86.0,92.0,102.5,inferred
Basildon,2021-09-02,51.0,59.0,63.0,65.0,67.0,70.0,73.0,76.0,79.0,81.0,83.0,88.0,98.0,inferred
Basildon,2021-09-03,47.0,53.0,58.0,59.0,61.0,64.0,66.0,69.0,72.0,74.0,76.0,81.0,89.0,inferred
Basildon,2021-09-04,38.0,45.0,49.0,50.0,51.0,54.0,56.0,59.0,62.0,63.0,65.0,70.0,79.0,inferred
Basildon,2021-09-05,41.0,47.0,51.0,53.0,54.0,57.0,59.0,62.0,65.0,66.2,68.0,73.0,80.0,inferred
Basildon,2021-09-06,56.0,64.0,69.0,71.0,73.0,76.0,79.0,83.0,86.0,88.0,90.0,97.0,106.0,inferred
Basildon,2021-09-07,52.0,60.0,65.0,66.0,68.0,71.0,75.0,77.0,81.0,83.0,85.0,90.0,99.5,inferred
Basildon,2021-09-08,51.0,58.0,63.0,64.8,66.0,69.0,72.0,75.0,79.0,81.0,83.0,89.0,97.5,inferred
Basildon,2021-09-09,45.5,53.0,57.0,59.0,61.0,64.0,66.0,69.0,73.0,74.0,77.0,82.0,90.0,inferred
Basildon,2021-09-10,39.0,46.0,51.0,52.0,53.0,56.0,59.0,61.0,64.0,66.0,68.0,72.0,80.0,inferred
Basildon,2021-09-11,31.0,36.0,40.0,42.0,43.0,45.0,48.0,50.0,52.0,54.0,56.0,60.0,66.0,inferred
Basildon,2021-09-12,30.0,36.0,39.0,41.0,42.0,44.0,47.0,50.0,53.0,54.0,56.0,61.0,67.0,inferred
Basildon,2021-09-13,42.0,48.0,53.0,55.0,56.0,59.0,62.0,65.0,68.0,70.0,71.0,76.1,86.0,inferred
Basildon,2021-09-14,39.0,45.0,50.0,51.0,53.0,55.0,58.0,61.0,65.0,66.0,69.0,74.0,82.0,inferred
Basildon,2021-09-15,42.0,48.0,52.0,54.0,55.0,58.0,60.0,63.0,67.0,68.0,70.0,76.0,83.5,inferred
Basildon,2021-09-16,39.0,45.0,49.8,51.0,53.0,56.0,58.0,61.0,64.0,66.0,67.0,73.0,81.0,inferred
Basildon,2021-09-17,37.0,43.0,47.0,48.0,50.0,52.0,55.0,58.0,61.0,63.0,64.0,69.0,78.0,inferred
Basildon,2021-09-18,31.0,36.0,40.0,42.0,43.0,46.0,48.0,51.0,53.0,55.0,57.0,61.0,68.0,inferred
Basildon,2021-09-19,33.0,39.0,43.0,44.0,46.0,48.0,51.0,54.0,56.0,58.0,60.0,65.0,73.0,inferred
Basildon,2021-09-20,47.5,56.0,60.8,63.0,64.0,67.0,70.0,73.0,77.0,78.0,81.0,87.0,95.0,inferred
Basildon,2021-09-21,46.0,53.0,58.0,60.0,61.0,65.0,67.0,71.0,74.0,76.0,78.0,83.0,92.5,inferred
Basildon,2021-09-22,47.0,55.0,60.0,62.0,63.0,66.0,69.0,72.0,76.0,78.0,80.0,86.0,95.0,inferred
Basildon,2021-09-23,46.0,53.0,57.0,59.0,61.0,64.0,67.0,70.0,73.0,75.0,76.0,82.0,90.0,inferred
Basildon,2021-09-24,42.0,49.0,53.0,54.0,56.0,59.0,62.0,65.0,67.0,69.0,71.0,76.0,84.0,inferred
Basildon,2021-09-25,34.5,40.0,44.0,46.0,47.0,50.0,52.0,55.0,58.0,59.0,61.0,66.0,74.5,inferred
Basildon,2021-09-26,36.0,43.0,47.0,48.0,50.0,52.0,55.0,58.0,60.0,62.0,64.0,69.0,78.5,inferred
Basildon,2021-09-27,52.0,59.0,64.0,66.0,68.0,71.0,74.0,77.0,80.0,82.0,84.0,90.0,99.5,inferred
Basildon,2021-09-28,48.5,56.0,61.0,63.0,64.7,68.0,71.0,74.0,77.0,78.0,81.0,86.0,96.0,inferred
Basildon,2021-09-29,51.0,59.0,63.0,64.0,66.0,69.0,72.0,75.0,79.0,81.0,83.0,89.0,97.5,inferred
Basildon,2021-09-30,49.0,56.0,60.8,62.0,64.0,67.0,70.0,73.0,76.0,78.0,80.0,85.1,94.0,inferred
Basildon,2021-10-01,46.0,52.0,57.0,58.0,60.0,63.0,65.0,68.0,72.0,74.0,75.0,80.0,88.0,inferred
Basildon,2021-10-02,37.0,43.0,47.0,49.0,51.0,53.0,56.0,59.0,61.0,63.0,65.0,69.0,77.0,inferred
Basildon,2021-10-03,40.0,45.0,50.0,52.0,53.0,56.0,58.0,61.0,64.0,66.0,68.0,73.0,83.0,inferred
Basildon,2021-10-04,58.0,65.0,70.0,72.0,74.0,77.0,80.0,84.0,87.0,89.0,91.0,98.0,107.0,inferred
Basildon,2021-10-05,54.5,63.0,69.0,70.0,72.0,75.0,79.0,82.0,86.0,88.0,91.0,96.0,107.0,inferred
Basildon,2021-10-06,58.0,68.0,73.0,74.8,76.0,80.0,84.0,87.0,90.0,92.0,94.2,101.0,109.0,inferred
Basildon,2021-10-07,60.0,68.0,73.0,75.8,77.0,81.0,84.0,88.0,91.0,93.0,96.0,102.0,112.0,inferred
Basildon,2021-10-08,57.0,65.0,71.0,72.0,74.0,78.0,81.0,84.0,87.0,89.0,92.0,99.0,109.0,inferred
Basildon,2021-10-09,51.0,58.0,63.0,65.0,66.0,70.0,72.0,75.0,79.0,80.0,82.0,88.0,97.5,inferred
Basildon,2021-10-10,56.0,63.0,68.0,70.0,72.0,75.0,78.0,82.0,86.0,87.0,90.0,96.0,105.0,inferred
Basildon,2021-10-11,84.0,93.0,100.0,102.0,104.0,108.0,112.5,116.0,121.0,123.0,126.0,133.0,146.0,inferred
Basildon,2021-10-12,82.5,92.9,99.0,102.0,104.0,108.0,112.0,117.0,121.0,123.0,125.0,133.0,145.0,inferred
Basildon,2021-10-13,86.0,97.0,103.8,106.0,109.0,113.0,117.0,121.0,126.0,127.0,130.0,138.0,149.0,inferred
Basildon,2021-10-14,86.0,95.0,102.0,105.0,107.0,112.0,116.0,120.0,124.0,126.0,129.0,136.0,149.0,inferred
Basildon,2021-10-15,79.0,90.0,97.0,100.0,102.0,106.0,110.0,114.0,118.0,120.0,123.0,131.0,144.0,inferred
Basingstoke and Deane,2021-07-03,22.0,28.0,33.0,34.0,36.0,39.0,42.0,45.0,49.0,51.0,53.0,59.0,72.0,inferred
Basingstoke and Deane,2021-07-04,25.0,31.0,36.0,37.0,39.0,43.0,46.0,50.0,54.0,56.0,58.0,65.0,77.5,inferred
Basingstoke and Deane,2021-07-05,41.0,51.0,56.0,59.0,61.0,64.0,68.0,73.0,77.3,80.0,84.0,92.0,107.0,inferred
Basingstoke and Deane,2021-07-06,44.0,54.0,61.0,64.0,66.0,70.0,74.0,78.0,84.0,86.0,89.0,98.0,112.5,inferred
Basingstoke and Deane,2021-07-07,54.0,63.0,70.0,73.0,75.0,79.0,84.0,88.0,93.0,96.0,98.0,107.0,123.0,inferred
Basingstoke and Deane,2021-07-08,57.5,68.0,75.0,78.0,81.0,86.0,91.0,95.0,100.0,103.0,106.0,116.0,134.0,inferred
Basingstoke and Deane,2021-07-09,60.0,70.0,77.8,79.8,82.0,87.0,91.0,95.0,102.0,105.0,108.0,118.0,133.0,inferred
Basingstoke and Deane,2021-07-10,57.0,66.0,74.0,78.0,80.0,84.0,89.0,93.0,99.0,102.0,105.0,113.1,129.0,inferred
Basingstoke and Deane,2021-07-11,67.0,79.0,87.0,90.0,93.0,98.0,103.0,108.0,113.0,116.0,120.0,128.0,141.5,inferred
Basingstoke and Deane,2021-07-12,108.0,125.0,134.0,138.0,141.0,147.0,153.0,158.0,166.0,169.0,174.0,186.0,205.0,inferred
Basingstoke and Deane,2021-07-13,109.5,124.0,135.0,138.0,142.0,148.0,154.0,160.0,167.0,171.0,175.0,187.0,205.0,inferred
Basingstoke and Deane,2021-07-14,105.5,120.0,129.0,134.0,138.0,145.0,151.0,158.0,165.0,169.0,172.0,184.0,204.5,inferred
Basingstoke and Deane,2021-07-15,97.0,110.0,121.0,124.0,127.0,133.0,138.0,145.0,152.0,155.0,158.0,169.0,188.0,inferred
Basingstoke and Deane,2021-07-16,85.5,97.0,105.0,108.0,111.0,116.0,121.0,127.0,134.0,138.0,141.0,151.0,168.0,inferred
Basingstoke and Deane,2021-07-17,64.5,76.0,84.0,87.0,90.0,95.0,100.0,105.0,111.0,114.0,117.0,126.0,142.5,inferred
Basingstoke and Deane,2021-07-18,65.0,75.0,83.0,86.0,89.0,93.0,98.0,103.0,108.0,112.0,115.0,125.0,139.0,inferred
Basingstoke and Deane,2021-07-19,86.0,98.0,107.0,111.0,114.0,120.0,126.0,131.0,137.0,141.0,145.0,155.1,172.5,inferred
Basingstoke and Deane,2021-07-20,78.0,90.0,98.0,102.0,105.0,109.0,114.0,119.0,125.0,129.0,133.0,143.1,159.0,inferred
Basingstoke and Deane,2021-07-21,72.0,82.0,90.0,94.0,96.0,101.0,106.0,111.0,116.0,119.0,123.0,132.0,151.0,inferred
Basingstoke and Deane,2021-07-22,59.0,69.0,76.0,78.0,81.0,85.0,90.0,95.0,100.0,103.0,106.0,115.0,129.5,inferred
Basingstoke and Deane,2021-07-23,47.0,55.0,62.0,65.0,68.0,71.0,76.0,81.0,86.0,89.0,92.0,100.0,113.0,inferred
Basingstoke and Deane,2021-07-24,34.0,41.0,47.0,49.0,51.0,54.0,57.0,62.0,66.0,68.0,71.0,79.0,91.0,inferred
Basingstoke and Deane,2021-07-25,32.0,39.0,44.0,46.0,48.0,51.0,55.0,58.0,63.0,65.0,67.0,75.0,86.0,inferred
Basingstoke and Deane,2021-07-26,40.5,49.0,54.0,57.0,59.0,63.0,66.0,70.0,74.0,77.0,80.0,87.1,99.0,inferred
Basingstoke and Deane,2021-07-27,35.5,44.0,49.0,52.0,54.0,58.0,61.0,65.0,69.0,72.0,75.0,83.0,96.0,inferred
Basingstoke and Deane,2021-07-28,35.5,43.0,49.0,51.0,53.0,57.0,61.0,65.0,69.0,72.0,75.0,82.0,94.0,inferred
Basingstoke and Deane,2021-07-29,34.0,41.0,46.0,48.0,50.0,54.0,58.0,62.0,66.0,68.0,71.0,79.0,89.0,inferred
Basingstoke and Deane,2021-07-30,30.0,37.0,43.0,45.0,47.0,51.0,54.0,58.0,62.0,64.0,66.0,74.0,89.0,inferred
Basingstoke and Deane,2021-07-31,25.0,32.0,37.0,39.0,41.0,44.0,47.0,50.0,54.0,56.0,58.0,67.0,77.0,inferred
Basingstoke and Deane,2021-08-01,26.0,33.0,38.0,40.0,42.0,45.0,48.0,52.0,56.0,58.0,60.2,67.0,80.5,inferred
Basingstoke and Deane,2021-08-02,40.0,47.0,53.0,55.0,57.0,61.0,66.0,69.0,74.0,76.0,80.0,87.0,100.0,inferred
Basingstoke and Deane,2021-08-03,38.0,47.0,52.0,54.0,56.0,60.0,64.0,69.0,73.0,75.0,78.0,86.0,99.0,inferred
Basingstoke and Deane,2021-08-04,39.0,47.0,54.0,56.0,58.0,62.0,66.0,70.0,74.0,77.0,80.0,87.0,101.0,inferred
Basingstoke and Deane,2021-08-05,39.0,46.0,52.0,55.0,57.0,61.0,65.0,68.0,73.0,75.0,77.2,86.0,98.0,inferred
Basingstoke and Deane,2021-08-06,35.0,43.0,50.0,52.0,53.7,57.0,61.0,64.0,68.0,71.0,74.0,81.0,92.0,inferred
Basingstoke and Deane,2021-08-07,31.0,37.0,42.0,44.0,46.0,50.0,54.0,57.0,61.0,64.0,66.0,73.0,84.0,inferred
Basingstoke and Deane,2021-08-08,30.5,39.0,45.0,47.0,49.0,53.0,56.0,60.0,64.0,67.0,69.0,76.0,88.0,inferred
Basingstoke and Deane,2021-08-09,47.0,56.0,62.8,65.0,68.0,73.0,77.0,81.0,86.0,88.0,91.0,100.1,114.5,inferred
Basingstoke and Deane,2021-08-10,44.5,56.0,62.0,65.0,67.0,72.0,76.0,80.0,86.0,89.0,91.0,100.0,114.5,inferred
Basingstoke and Deane,2021-08-11,45.5,55.0,62.0,65.0,67.0,72.0,76.0,81.0,86.0,88.0,91.0,100.0,113.0,inferred
Basingstoke and Deane,2021-08-12,43.0,53.0,59.0,62.0,64.0,69.0,73.0,77.4,82.0,84.0,87.0,96.0,109.0,inferred
Basingstoke and Deane,2021-08-13,41.0,49.0,55.0,57.0,59.0,64.0,68.0,72.0,76.0,79.0,81.0,90.0,104.0,inferred
Basingstoke and Deane,2021-08-14,33.0,41.0,46.0,49.0,51.0,54.0,58.0,62.0,66.0,69.0,72.0,79.0,92.0,inferred
Basingstoke and Deane,2021-08-15,34.5,42.0,48.0,50.0,52.0,56.0,60.0,64.0,68.0,70.0,73.0,82.0,94.5,inferred
Basingstoke and Deane,2021-08-16,50.0,61.0,68.0,70.0,72.0,76.0,81.0,86.0,90.0,93.0,96.0,106.0,121.0,inferred
Basingstoke and Deane,2021-08-17,49.0,57.0,64.0,66.0,68.7,73.0,77.0,82.0,87.0,90.0,94.0,102.0,116.0,inferred
Basingstoke and Deane,2021-08-18,47.0,57.0,63.0,65.0,68.0,73.0,77.0,81.0,86.0,88.0,91.0,100.0,114.0,inferred
Basingstoke and Deane,2021-08-19,42.5,52.0,58.0,60.0,62.0,66.0,70.0,74.4,80.0,82.0,85.0,94.0,107.0,inferred
Basingstoke and Deane,2021-08-20,38.5,47.0,52.0,55.0,57.0,61.0,64.0,68.0,72.0,75.0,78.0,86.1,98.0,inferred
Basingstoke and Deane,2021-08-21,29.0,37.0,43.0,45.0,46.0,50.0,54.0,57.0,60.0,63.0,65.0,74.0,84.5,inferred
Basingstoke and Deane,2021-08-22,30.0,36.0,42.0,44.0,46.0,50.0,53.0,57.0,61.0,63.0,66.0,73.1,84.0,inferred
Basingstoke and Deane,2021-08-23,42.0,51.0,57.0,59.0,62.0,65.6,70.0,74.0,78.0,81.0,85.0,93.0,105.0,inferred
Basingstoke and Deane,2021-08-24,40.0,48.0,55.0,57.0,59.0,63.0,67.0,71.0,76.0,78.0,82.0,90.0,104.5,inferred
Basingstoke and Deane,2021-08-25,43.0,51.0,57.0,60.0,62.0,66.0,69.0,74.0,78.3,81.0,84.0,92.0,107.0,inferred
Basingstoke and Deane,2021-08-26,40.0,49.0,55.0,58.0,60.0,64.0,68.0,71.0,76.0,78.0,81.0,88.0,104.5,inferred
Basingstoke and Deane,2021-08-27,38.0,46.0,51.0,54.0,56.0,59.0,63.0,67.0,72.0,74.2,77.0,86.0,98.5,inferred
Basingstoke and Deane,2021-08-28,29.5,38.0,44.0,46.0,48.0,52.0,55.0,59.0,63.0,65.0,68.0,75.0,88.0,inferred
Basingstoke and Deane,2021-08-29,33.0,42.0,47.0,49.0,52.0,55.0,59.0,63.0,67.0,69.0,72.0,80.0,93.0,inferred
Basingstoke and Deane,2021-08-30,49.5,59.0,66.0,68.0,71.0,75.0,80.0,84.0,90.0,92.0,95.0,103.0,119.5,inferred
Basingstoke and Deane,2021-08-31,49.0,58.0,65.0,68.0,70.0,75.0,79.0,83.0,88.0,92.0,94.0,103.0,117.0,inferred
Basingstoke and Deane,2021-09-01,48.0,58.0,66.0,69.0,71.0,76.0,80.0,84.0,89.0,92.0,95.0,103.0,119.0,inferred
Basingstoke and Deane,2021-09-02,47.0,55.0,61.0,64.0,66.0,70.0,75.0,78.4,83.0,86.0,89.2,98.0,112.0,inferred
Basingstoke and Deane,2021-09-03,41.0,51.0,57.0,59.0,61.0,65.0,68.0,73.0,77.0,80.0,82.0,90.0,104.0,inferred
Basingstoke and Deane,2021-09-04,34.0,41.0,46.0,48.0,50.0,54.0,58.0,62.0,66.0,69.0,72.0,79.0,90.0,inferred
Basingstoke and Deane,2021-09-05,35.0,42.0,48.0,50.0,52.0,56.0,59.0,63.0,67.0,70.0,72.0,80.0,93.5,inferred
Basingstoke and Deane,2021-09-06,49.0,58.0,65.0,68.0,70.0,75.0,80.0,84.0,89.0,92.0,95.0,105.0,120.0,inferred
Basingstoke and Deane,2021-09-07,45.0,55.0,62.0,64.0,66.0,71.0,75.0,79.0,84.0,86.0,90.0,100.0,112.0,inferred
Basingstoke and Deane,2021-09-08,45.0,54.0,60.0,63.0,65.0,69.0,73.0,78.0,83.0,85.0,88.0,96.0,111.0,inferred
Basingstoke and Deane,2021-09-09,40.0,49.0,55.0,58.0,60.0,65.0,68.0,72.0,77.0,79.0,82.0,90.0,103.0,inferred
Basingstoke and Deane,2021-09-10,34.5,42.0,49.0,51.0,53.0,57.0,60.0,65.0,69.0,72.0,74.0,83.0,94.0,inferred
Basingstoke and Deane,2021-09-11,27.0,34.0,39.0,41.0,43.0,46.0,49.0,54.0,57.0,59.0,62.0,69.0,80.5,inferred
Basingstoke and Deane,2021-09-12,27.0,34.0,39.0,41.0,43.0,46.0,50.0,53.0,57.0,59.0,61.2,69.0,81.5,inferred
Basingstoke and Deane,2021-09-13,39.0,47.0,53.0,56.0,57.0,62.0,66.0,70.0,74.0,76.0,79.0,86.0,101.0,inferred
Basingstoke and Deane,2021-09-14,37.5,46.0,52.0,54.0,56.7,61.0,64.0,69.0,73.0,75.0,78.0,85.0,97.0,inferred
Basingstoke and Deane,2021-09-15,40.0,48.0,55.0,57.0,59.0,64.0,68.0,72.0,77.0,79.0,82.0,89.0,105.0,inferred
Basingstoke and Deane,2021-09-16,39.0,49.0,55.0,57.0,60.0,63.0,67.5,72.0,77.0,79.0,82.0,89.0,101.0,inferred
Basingstoke and Deane,2021-09-17,39.0,48.0,55.0,57.0,59.0,63.0,67.0,71.0,75.0,78.0,80.0,88.0,100.0,inferred
Basingstoke and Deane,2021-09-18,34.0,41.0,47.0,49.0,51.0,55.0,59.0,63.4,68.0,70.0,73.0,80.1,92.0,inferred
Basingstoke and Deane,2021-09-19,36.5,45.0,52.0,54.0,56.0,59.0,63.0,68.0,72.0,75.0,78.0,86.0,98.0,inferred
Basingstoke and Deane,2021-09-20,58.0,68.0,76.0,78.0,81.0,85.0,90.0,95.0,100.0,103.0,106.0,116.0,130.0,inferred
Basingstoke and Deane,2021-09-21,56.5,67.0,74.0,77.0,79.0,84.0,89.0,94.0,99.0,102.0,105.2,115.0,132.0,inferred
Basingstoke and Deane,2021-09-22,58.0,68.0,77.0,80.0,82.0,87.0,91.0,96.0,101.0,104.0,108.0,117.0,133.5,inferred
Basingstoke and Deane,2021-09-23,57.0,67.0,75.0,77.0,80.0,84.0,89.0,94.0,99.0,101.0,106.0,113.0,129.5,inferred
Basingstoke and Deane,2021-09-24,52.0,63.0,69.0,72.0,75.0,79.0,84.0,88.0,93.0,95.0,99.0,107.0,123.5,inferred
Basingstoke and Deane,2021-09-25,44.0,53.0,60.0,63.0,65.0,69.0,73.0,77.0,82.0,84.0,87.0,95.0,112.5,inferred
Basingstoke and Deane,2021-09-26,46.0,56.0,62.0,65.0,67.0,72.0,76.0,81.0,85.0,87.0,90.0,99.0,114.0,inferred
Basingstoke and Deane,2021-09-27,68.0,80.0,88.0,91.0,94.0,99.0,104.0,110.0,116.3,119.0,123.0,131.0,148.0,inferred
Basingstoke and Deane,2021-09-28,66.5,77.0,86.0,89.0,92.0,97.0,102.0,107.0,112.0,115.0,119.0,129.0,144.0,inferred
Basingstoke and Deane,2021-09-29,68.0,80.0,88.0,91.0,94.0,99.0,105.0,110.0,116.0,119.0,123.0,132.0,145.0,inferred
Basingstoke and Deane,2021-09-30,68.0,78.0,86.0,88.0,91.0,95.6,100.0,105.0,110.0,114.0,118.0,126.0,145.0,inferred
Basingstoke and Deane,2021-10-01,63.0,73.0,81.0,83.0,86.0,91.0,96.0,101.0,105.0,109.0,112.0,121.0,135.0,inferred
Basingstoke and Deane,2021-10-02,50.0,62.0,69.0,72.0,75.0,80.0,84.0,88.0,92.0,95.0,99.0,108.0,123.0,inferred
Basingstoke and Deane,2021-10-03,55.0,65.0,72.0,74.0,77.0,81.0,85.0,90.0,95.0,98.0,101.0,110.0,125.0,inferred
Basingstoke and Deane,2021-10-04,80.0,91.0,99.0,103.0,106.0,111.0,117.0,123.0,129.0,132.0,136.0,147.0,165.0,inferred
Basingstoke and Deane,2021-10-05,80.0,90.9,100.0,103.0,105.0,110.0,116.0,121.0,128.0,131.0,135.0,144.0,162.5,inferred
Basingstoke and Deane,2021-10-06,81.5,97.0,105.0,108.0,110.0,116.0,121.0,128.0,133.0,137.0,140.0,150.0,168.5,inferred
Basingstoke and Deane,2021-10-07,82.5,95.0,104.0,107.0,110.0,116.0,121.0,127.0,132.0,135.0,139.0,149.0,166.0,inferred
Basingstoke and Deane,2021-10-08,81.0,92.0,100.0,103.0,106.0,110.0,115.0,120.0,126.0,129.0,133.0,144.0,157.0,inferred
Basingstoke and Deane,2021-10-09,70.0,80.0,89.0,92.0,94.0,100.0,104.0,109.0,114.0,118.0,121.0,131.0,147.0,inferred
Basingstoke and Deane,2021-10-10,76.0,88.0,95.0,99.0,101.0,107.0,112.0,117.0,121.0,125.0,128.0,139.0,157.0,inferred
Basingstoke and Deane,2021-10-11,111.0,125.0,135.0,140.0,143.0,149.0,156.0,163.0,170.0,173.0,178.0,190.1,210.0,inferred
Basingstoke and Deane,2021-10-12,112.0,126.0,135.0,139.0,143.0,150.0,156.0,162.0,169.0,173.0,177.2,189.1,208.0,inferred
Basingstoke and Deane,2021-10-13,118.0,132.0,141.0,145.0,148.0,156.0,162.0,168.0,176.0,180.0,185.0,197.1,215.0,inferred
Basingstoke and Deane,2021-10-14,110.0,128.0,137.0,141.0,145.0,151.0,158.0,165.0,172.0,176.0,180.0,192.0,214.0,inferred
Basingstoke and Deane,2021-10-15,105.0,120.0,130.0,134.0,138.0,145.0,151.0,158.0,165.0,169.0,174.2,187.0,207.0,inferred
Bassetlaw,2021-07-03,18.0,23.0,26.0,28.0,30.0,32.0,35.0,38.0,41.0,43.0,45.0,51.0,61.0,inferred
Bassetlaw,2021-07-04,24.0,30.0,34.0,36.0,37.0,40.0,43.0,46.0,50.0,51.0,53.0,59.0,70.0,inferred
Bassetlaw,2021-07-05,40.0,49.0,54.0,56.0,58.0,62.0,65.0,69.0,73.0,76.0,79.0,86.0,99.0,inferred
Bassetlaw,2021-07-06,44.0,52.0,57.0,59.0,61.0,64.0,68.0,72.0,76.0,78.0,81.0,89.0,100.0,inferred
Bassetlaw,2021-07-07,51.0,59.0,65.0,68.0,70.0,73.0,77.0,81.0,86.0,88.0,91.0,99.0,111.0,inferred
Bassetlaw,2021-07-08,56.5,64.0,71.0,73.0,75.0,79.0,83.0,87.0,92.0,94.0,97.0,104.0,115.0,inferred
Bassetlaw,2021-07-09,58.0,68.0,74.0,77.0,79.0,83.0,87.0,92.0,96.0,98.0,101.0,108.0,121.0,inferred
Bassetlaw,2021-07-10,55.0,64.0,70.0,72.0,74.0,78.0,82.0,86.0,90.0,93.0,95.0,103.1,114.0,inferred
Bassetlaw,2021-07-11,68.0,78.0,84.8,87.0,89.0,94.0,98.0,103.0,108.0,110.0,114.0,122.0,140.0,inferred
Bassetlaw,2021-07-12,114.0,127.0,135.8,139.8,143.0,149.0,155.0,161.0,167.3,171.0,176.0,186.0,205.0,inferred
Bassetlaw,2021-07-13,112.0,124.0,133.0,137.0,141.0,147.0,152.0,158.0,164.0,167.0,171.0,181.0,198.0,inferred
Bassetlaw,2021-07-14,112.0,124.0,134.0,138.0,140.0,146.0,151.0,156.0,162.0,166.0,170.0,181.0,197.0,inferred
Bassetlaw,2021-07-15,101.0,114.0,122.0,125.0,129.0,134.0,139.0,144.4,149.3,153.0,157.0,166.0,184.5,inferred
Bassetlaw,2021-07-16,89.0,100.0,108.0,111.0,113.0,117.0,122.0,128.0,133.0,137.0,140.0,149.0,166.0,inferred
Bassetlaw,2021-07-17,67.0,77.0,84.0,87.0,89.0,93.0,98.0,103.0,108.0,111.0,113.0,122.0,136.0,inferred
Bassetlaw,2021-07-18,70.0,80.0,87.0,89.0,92.0,96.0,100.0,105.0,109.0,112.0,114.0,122.0,136.5,inferred
Bassetlaw,2021-07-19,95.5,108.0,116.8,120.0,123.0,129.0,134.0,140.0,144.0,148.0,151.0,161.0,178.0,inferred
Bassetlaw,2021-07-20,82.0,94.0,102.0,105.0,107.0,112.0,117.0,122.0,127.0,130.0,133.0,142.0,157.0,inferred
Bassetlaw,2021-07-21,74.0,85.0,93.0,95.0,98.0,103.0,107.0,112.0,117.0,120.0,123.0,132.0,146.5,inferred
Bassetlaw,2021-07-22,63.5,73.0,80.0,83.0,85.0,89.0,94.0,98.0,103.0,106.0,109.0,117.0,129.5,inferred
Bassetlaw,2021-07-23,53.0,60.0,66.0,68.0,71.0,75.0,79.0,83.0,87.0,90.0,92.0,100.0,115.0,inferred
Bassetlaw,2021-07-24,38.0,44.0,50.0,52.0,54.0,57.0,60.0,64.0,67.0,69.0,72.0,79.0,89.5,inferred
Bassetlaw,2021-07-25,35.0,42.0,48.0,50.0,52.0,55.0,58.0,61.0,65.0,67.0,69.0,76.0,87.0,inferred
Bassetlaw,2021-07-26,48.0,56.0,62.0,64.0,65.7,70.0,73.0,78.0,82.0,84.0,87.0,94.0,106.0,inferred
Bassetlaw,2021-07-27,41.0,50.0,55.0,58.0,60.0,63.0,67.0,70.4,75.0,77.0,80.0,86.0,97.0,inferred
Bassetlaw,2021-07-28,41.0,50.0,55.0,56.0,59.0,62.0,66.0,69.0,73.0,75.0,77.2,84.0,97.0,inferred
Bassetlaw,2021-07-29,39.0,47.9,52.0,54.0,56.0,59.0,62.0,66.0,69.0,72.0,75.0,82.0,94.0,inferred
Bassetlaw,2021-07-30,35.0,42.0,47.0,49.0,51.0,54.0,57.0,60.0,64.0,66.0,69.0,75.0,88.0,inferred
Bassetlaw,2021-07-31,26.0,34.0,39.0,41.0,42.0,45.0,48.0,51.0,54.0,56.0,59.0,65.0,76.0,inferred
Bassetlaw,2021-08-01,30.0,36.0,41.0,43.0,44.0,47.0,50.0,54.0,57.0,59.0,61.2,69.0,80.0,inferred
Bassetlaw,2021-08-02,45.0,53.0,59.0,61.0,64.0,67.0,71.0,76.0,79.0,82.0,84.0,91.0,103.0,inferred
Bassetlaw,2021-08-03,41.0,49.0,54.0,56.0,59.0,62.0,66.0,70.0,73.0,76.0,78.0,85.0,96.5,inferred
Bassetlaw,2021-08-04,41.0,49.0,54.0,57.0,59.0,62.0,66.0,69.0,73.0,76.0,78.0,86.0,96.5,inferred
Bassetlaw,2021-08-05,38.0,46.0,51.0,53.0,55.0,58.0,61.5,65.0,69.0,72.0,74.0,82.0,93.0,inferred
Bassetlaw,2021-08-06,33.5,41.0,45.0,47.0,49.0,52.0,56.0,59.0,63.0,65.0,67.0,73.0,84.5,inferred
Bassetlaw,2021-08-07,26.0,32.0,37.0,38.0,40.0,43.0,46.0,49.0,53.0,55.0,56.0,62.0,72.0,inferred
Bassetlaw,2021-08-08,26.0,35.0,39.0,41.0,42.7,45.0,48.0,51.0,55.0,57.0,59.0,65.0,75.0,inferred
Bassetlaw,2021-08-09,41.0,50.0,56.0,58.0,60.0,64.0,67.0,71.0,75.0,78.0,81.0,87.0,99.0,inferred
Bassetlaw,2021-08-10,38.0,46.0,51.0,53.0,56.0,59.0,63.0,66.0,70.0,73.0,75.0,82.0,94.0,inferred
Bassetlaw,2021-08-11,40.0,47.0,52.0,54.0,55.0,60.0,63.0,67.0,70.0,72.0,75.0,82.0,92.0,inferred
Bassetlaw,2021-08-12,37.0,44.0,50.0,52.0,53.0,57.0,60.0,64.0,68.0,70.0,72.0,79.0,90.0,inferred
Bassetlaw,2021-08-13,33.0,40.0,45.0,47.0,49.0,52.0,56.0,59.0,63.0,65.0,68.0,74.0,85.0,inferred
Bassetlaw,2021-08-14,26.0,34.0,38.0,40.0,41.0,44.0,47.0,50.0,53.0,55.0,57.0,64.0,74.0,inferred
Bassetlaw,2021-08-15,28.0,35.0,40.0,42.0,44.0,47.0,50.0,54.0,57.0,59.0,61.0,67.0,75.5,inferred
Bassetlaw,2021-08-16,43.5,52.0,57.0,59.0,61.0,65.0,69.0,73.0,77.0,79.0,81.0,89.0,101.0,inferred
Bassetlaw,2021-08-17,39.0,47.0,53.8,56.0,58.0,61.0,65.0,68.0,72.0,74.0,77.0,85.0,95.0,inferred
Bassetlaw,2021-08-18,40.0,48.0,53.0,56.0,58.0,62.0,65.0,69.0,73.0,75.0,77.0,84.0,94.5,inferred
Bassetlaw,2021-08-19,37.0,45.0,50.0,52.0,54.0,58.0,61.0,64.0,68.0,70.0,73.0,79.1,90.0,inferred
Bassetlaw,2021-08-20,34.0,41.0,46.0,48.0,50.0,53.0,56.0,60.0,64.0,66.0,68.0,74.1,84.0,inferred
Bassetlaw,2021-08-21,26.0,34.0,38.0,40.0,41.0,44.0,47.0,51.0,54.0,56.0,58.0,64.0,75.0,inferred
Bassetlaw,2021-08-22,28.0,35.9,40.0,42.0,43.0,47.0,50.0,53.0,57.0,58.0,61.0,67.0,76.0,inferred
Bassetlaw,2021-08-23,43.0,52.0,58.0,60.0,62.0,66.0,70.0,74.0,78.0,80.0,82.0,89.0,102.0,inferred
Bassetlaw,2021-08-24,40.0,48.0,53.0,55.0,57.0,60.0,63.0,67.0,71.0,74.0,76.0,83.0,95.0,inferred
Bassetlaw,2021-08-25,39.5,47.0,52.0,54.8,57.0,61.0,64.0,68.0,72.0,74.0,77.0,84.0,94.0,inferred
Bassetlaw,2021-08-26,37.0,45.0,49.0,51.0,53.0,56.0,60.0,63.0,67.0,69.0,72.0,80.0,91.5,inferred
Bassetlaw,2021-08-27,30.0,38.0,43.0,45.0,47.0,50.0,53.0,57.0,60.3,62.0,64.0,70.0,82.0,inferred
Bassetlaw,2021-08-28,24.0,31.0,35.0,37.0,39.0,42.0,44.0,47.0,50.0,52.0,54.0,59.0,69.0,inferred
Bassetlaw,2021-08-29,27.0,33.0,37.0,39.0,40.0,43.0,46.0,49.0,52.3,54.0,56.0,62.0,72.0,inferred
Bassetlaw,2021-08-30,38.0,46.0,52.0,54.0,56.0,60.0,64.0,67.0,71.0,73.0,76.0,82.0,94.0,inferred
Bassetlaw,2021-08-31,34.0,43.0,48.0,51.0,52.0,56.0,59.0,62.0,66.0,69.0,71.0,79.0,91.0,inferred
Bassetlaw,2021-09-01,36.0,43.0,49.0,51.0,53.0,56.0,59.0,62.0,66.0,69.0,71.0,78.0,90.0,inferred
Bassetlaw,2021-09-02,35.0,41.9,47.0,49.0,51.0,54.0,57.0,61.0,65.0,67.0,69.0,75.0,87.0,inferred
Bassetlaw,2021-09-03,31.0,38.0,43.0,45.0,46.0,49.6,53.0,56.0,59.0,61.0,64.0,70.0,80.5,inferred
Bassetlaw,2021-09-04,25.0,31.0,35.0,37.0,38.0,42.0,45.0,48.0,51.0,53.0,55.0,60.0,70.0,inferred
Bassetlaw,2021-09-05,27.0,34.0,39.0,41.0,42.0,45.0,48.0,51.0,55.0,57.0,59.0,65.0,74.5,inferred
Bassetlaw,2021-09-06,41.0,49.0,55.0,57.0,59.0,62.0,66.0,69.0,73.0,76.0,78.0,85.0,96.5,inferred
Bassetlaw,2021-09-07,37.5,45.0,51.0,53.0,55.0,59.0,62.0,65.0,69.0,72.0,74.0,80.0,93.0,inferred
Bassetlaw,2021-09-08,38.0,46.0,51.0,53.0,55.0,59.0,63.0,67.0,71.0,73.0,76.0,82.0,92.0,inferred
Bassetlaw,2021-09-09,37.0,45.0,50.0,52.0,54.0,57.0,60.0,64.0,67.0,70.0,73.0,80.0,91.0,inferred
Bassetlaw,2021-09-10,32.0,40.0,44.0,46.0,48.0,51.0,55.0,58.0,62.0,64.0,66.0,73.0,83.0,inferred
Bassetlaw,2021-09-11,27.0,33.0,37.0,39.0,40.0,43.0,46.0,49.0,53.0,55.0,57.2,64.0,74.0,inferred
Bassetlaw,2021-09-12,29.0,35.0,40.0,41.0,43.0,46.0,49.0,52.0,56.0,58.0,60.0,66.1,76.0,inferred
Bassetlaw,2021-09-13,43.0,51.0,56.0,58.0,60.0,64.0,68.0,72.0,76.0,78.0,81.0,88.0,101.0,inferred
Bassetlaw,2021-09-14,40.0,49.0,55.0,57.0,59.0,63.0,66.0,69.0,73.0,76.0,79.0,86.0,97.5,inferred
Bassetlaw,2021-09-15,43.0,52.0,58.0,60.0,62.0,66.0,70.0,74.0,78.0,80.0,83.0,89.0,100.5,inferred
Bassetlaw,2021-09-16,45.0,52.9,58.0,61.0,63.0,67.0,71.0,74.0,78.0,81.0,83.0,91.0,102.5,inferred
Bassetlaw,2021-09-17,43.5,52.0,58.0,60.0,62.0,65.0,69.0,72.0,76.0,78.0,81.0,87.1,100.0,inferred
Bassetlaw,2021-09-18,38.0,46.0,50.0,53.0,54.0,58.0,61.0,65.0,69.0,71.0,74.0,81.0,91.0,inferred
Bassetlaw,2021-09-19,42.0,50.0,56.0,59.0,61.0,65.0,69.0,73.0,76.0,79.0,82.0,90.0,103.0,inferred
Bassetlaw,2021-09-20,69.0,79.0,85.0,88.0,90.0,94.0,99.0,104.0,108.3,111.0,114.0,123.0,136.5,inferred
Bassetlaw,2021-09-21,65.0,75.0,82.0,84.0,87.0,92.0,96.0,100.0,105.0,108.0,111.0,121.0,134.0,inferred
Bassetlaw,2021-09-22,67.5,77.0,83.0,86.0,89.0,93.0,98.0,102.0,107.0,109.0,112.0,121.0,134.5,inferred
Bassetlaw,2021-09-23,64.0,74.0,80.0,83.0,85.0,89.0,94.0,99.0,103.0,106.0,109.0,116.0,132.0,inferred
Bassetlaw,2021-09-24,57.5,67.0,72.0,75.0,77.0,82.0,85.0,89.0,94.0,97.0,100.0,107.0,119.0,inferred
Bassetlaw,2021-09-25,46.0,55.0,61.0,63.0,65.0,69.0,73.0,77.0,81.0,83.2,86.0,94.0,106.5,inferred
Bassetlaw,2021-09-26,50.0,59.0,65.0,67.0,69.0,73.0,77.0,81.0,86.0,88.0,91.0,98.0,111.0,inferred
Bassetlaw,2021-09-27,75.0,85.0,93.0,95.8,98.0,102.0,107.0,111.0,116.0,120.0,124.0,133.0,147.0,inferred
Bassetlaw,2021-09-28,70.5,81.0,87.0,90.0,93.0,98.0,102.0,106.0,111.0,114.0,117.0,124.0,141.0,inferred
Bassetlaw,2021-09-29,73.0,82.0,89.0,92.0,95.0,99.0,104.0,108.4,113.3,117.0,120.0,128.0,143.0,inferred
Bassetlaw,2021-09-30,69.0,80.0,86.0,89.0,91.0,96.0,100.0,105.0,110.0,112.0,115.0,123.0,138.0,inferred
Bassetlaw,2021-10-01,65.0,74.0,81.0,83.0,85.0,89.0,93.0,97.0,102.0,105.0,108.0,117.0,130.5,inferred
Bassetlaw,2021-10-02,52.0,62.0,68.0,70.0,72.0,76.0,80.0,84.0,88.0,90.0,93.0,101.0,112.5,inferred
Bassetlaw,2021-10-03,57.0,67.0,73.0,76.0,78.0,82.0,86.0,90.0,95.0,98.0,101.0,107.0,122.0,inferred
Bassetlaw,2021-10-04,87.0,97.0,105.0,108.0,111.0,116.0,121.0,127.0,132.0,136.0,139.0,148.0,160.5,inferred
Bassetlaw,2021-10-05,80.5,92.9,100.0,103.0,106.0,111.0,116.0,121.0,126.0,129.0,132.0,140.1,158.0,inferred
Bassetlaw,2021-10-06,82.0,94.0,102.0,105.0,108.0,113.0,118.0,122.0,127.0,130.0,135.0,145.0,159.5,inferred
Bassetlaw,2021-10-07,81.0,92.0,98.0,101.8,105.0,109.0,114.0,119.0,124.0,127.0,130.0,140.0,153.5,inferred
Bassetlaw,2021-10-08,73.5,85.0,93.0,95.0,98.0,102.0,106.0,111.0,115.0,117.0,120.0,129.0,143.0,inferred
Bassetlaw,2021-10-09,60.5,71.0,78.0,80.0,82.0,86.0,90.0,95.0,99.0,101.0,104.0,112.0,124.0,inferred
Bassetlaw,2021-10-10,65.0,75.0,82.0,85.0,87.0,92.0,96.0,100.0,105.0,108.0,112.0,121.0,135.0,inferred
Bassetlaw,2021-10-11,95.5,109.0,117.0,120.0,123.0,128.0,133.0,138.0,144.0,148.0,151.0,162.0,181.0,inferred
Bassetlaw,2021-10-12,87.0,99.0,108.0,111.0,113.0,119.0,123.0,128.0,133.0,136.0,140.0,150.1,167.5,inferred
Bassetlaw,2021-10-13,82.0,93.9,100.0,104.0,106.0,111.0,116.0,122.0,128.0,130.2,134.0,143.0,158.0,inferred
Bassetlaw,2021-10-14,72.0,82.0,90.0,93.0,96.0,101.0,105.0,110.0,116.0,119.0,122.0,131.0,143.0,inferred
Bassetlaw,2021-10-15,60.0,69.0,76.0,79.0,82.0,86.0,91.0,95.0,100.0,103.0,106.0,115.0,130.0,inferred
Bath and North East Somerset,2021-07-03,26.0,37.0,44.0,47.0,50.0,55.0,61.0,67.0,74.0,78.0,81.2,95.0,121.5,inferred
Bath and North East Somerset,2021-07-04,30.0,41.0,50.0,53.0,57.0,62.0,69.0,75.0,81.0,85.0,89.2,102.0,128.0,inferred
Bath and North East Somerset,2021-07-05,53.0,69.0,79.0,84.0,87.0,94.0,101.0,109.4,117.0,123.0,127.0,144.0,172.5,inferred
Bath and North East Somerset,2021-07-06,64.0,78.0,88.8,94.0,97.0,104.0,111.0,119.0,128.0,133.0,140.0,156.1,183.0,inferred
Bath and North East Somerset,2021-07-07,69.0,84.0,96.0,101.0,105.0,114.0,122.0,129.0,138.0,144.0,151.0,168.0,192.0,inferred
Bath and North East Somerset,2021-07-08,76.0,93.0,105.0,110.0,115.0,122.0,131.0,139.0,148.3,154.0,160.0,179.0,205.5,inferred
Bath and North East Somerset,2021-07-09,76.0,94.0,106.0,111.8,116.0,125.0,132.0,142.0,151.0,156.0,162.0,180.0,214.5,inferred
Bath and North East Somerset,2021-07-10,68.0,83.0,96.0,101.8,106.0,115.0,123.0,133.0,141.0,146.0,152.0,166.0,196.5,inferred
Bath and North East Somerset,2021-07-11,80.0,99.0,111.8,116.0,121.0,129.0,139.0,149.0,159.0,165.0,170.0,185.1,214.0,inferred
Bath and North East Somerset,2021-07-12,135.5,156.0,172.0,179.0,184.0,198.0,208.0,219.0,231.3,239.0,246.2,270.1,305.0,inferred
Bath and North East Somerset,2021-07-13,142.0,167.0,182.0,190.0,196.0,207.6,218.0,230.0,241.0,250.0,256.2,280.1,319.0,inferred
Bath and North East Somerset,2021-07-14,134.0,155.0,172.0,178.0,184.7,196.0,207.5,218.0,231.0,237.2,246.0,265.0,301.5,inferred
Bath and North East Somerset,2021-07-15,119.5,143.0,157.0,162.0,168.0,179.0,192.0,203.0,215.0,222.0,228.0,249.0,286.0,inferred
Bath and North East Somerset,2021-07-16,100.0,121.0,137.0,143.0,149.0,158.0,168.0,177.0,189.0,195.0,202.0,221.0,252.6,inferred
Bath and North East Somerset,2021-07-17,76.0,92.0,104.0,109.8,114.0,122.6,131.0,140.0,148.0,153.0,159.0,176.0,205.5,inferred
Bath and North East Somerset,2021-07-18,70.5,88.0,100.0,105.0,108.0,118.0,126.0,135.4,144.0,149.0,157.0,174.0,200.0,inferred
Bath and North East Somerset,2021-07-19,96.0,119.0,134.0,139.8,145.7,155.0,164.0,174.0,184.0,190.0,198.0,217.0,247.5,inferred
Bath and North East Somerset,2021-07-20,93.5,113.0,128.0,134.0,138.0,149.0,159.0,168.0,177.0,183.0,190.0,207.0,239.5,inferred
Bath and North East Somerset,2021-07-21,76.5,98.0,112.0,116.0,121.0,130.0,138.0,147.4,158.0,163.0,169.0,186.1,220.0,inferred
Bath and North East Somerset,2021-07-22,69.5,86.0,100.0,104.0,108.0,116.0,124.0,133.0,143.0,148.0,155.0,171.0,200.5,inferred
Bath and North East Somerset,2021-07-23,55.0,71.0,83.0,87.0,91.0,99.0,107.0,113.0,123.0,128.0,133.0,148.0,173.5,inferred
Bath and North East Somerset,2021-07-24,39.0,51.0,59.0,63.0,66.0,72.0,79.0,86.0,94.0,97.2,102.0,114.0,142.0,inferred
Bath and North East Somerset,2021-07-25,35.0,46.0,56.0,59.0,62.0,69.0,74.0,81.0,88.0,93.0,97.0,112.0,137.0,inferred
Bath and North East Somerset,2021-07-26,46.5,61.0,71.0,75.0,79.7,86.0,94.0,101.4,111.0,115.0,121.0,138.0,162.5,inferred
Bath and North East Somerset,2021-07-27,45.0,60.0,70.0,74.0,78.0,84.0,91.0,99.0,106.3,111.0,116.0,133.0,158.0,inferred
Bath and North East Somerset,2021-07-28,43.0,57.0,67.0,71.0,75.0,81.6,88.0,95.0,102.0,107.0,112.0,128.0,152.0,inferred
Bath and North East Somerset,2021-07-29,42.0,55.0,65.0,69.0,73.0,79.0,86.0,93.0,101.0,105.0,112.0,127.0,151.5,inferred
Bath and North East Somerset,2021-07-30,38.5,50.0,59.0,62.0,66.0,73.0,79.0,86.0,93.0,97.0,102.0,116.0,142.0,inferred
Bath and North East Somerset,2021-07-31,29.0,39.0,47.0,50.0,53.0,58.0,64.0,70.0,77.0,80.0,85.0,95.0,119.0,inferred
Bath and North East Somerset,2021-08-01,28.5,39.0,47.0,51.0,54.0,60.0,66.0,73.0,80.0,85.0,90.2,103.0,128.0,inferred
Bath and North East Somerset,2021-08-02,43.0,58.0,70.0,74.0,78.0,86.0,94.0,101.0,108.0,113.2,119.0,133.0,159.0,inferred
Bath and North East Somerset,2021-08-03,45.0,60.0,70.0,74.0,78.0,86.0,93.5,100.0,108.0,113.0,118.0,133.0,162.0,inferred
Bath and North East Somerset,2021-08-04,44.5,59.0,68.0,73.0,77.0,84.0,91.0,97.0,106.0,111.0,117.0,134.0,158.5,inferred
Bath and North East Somerset,2021-08-05,44.0,57.0,67.0,70.8,74.0,81.0,88.0,96.0,104.0,109.2,115.0,129.0,153.0,inferred
Bath and North East Somerset,2021-08-06,36.0,49.0,60.0,64.0,68.0,75.0,81.0,87.0,95.0,99.0,104.0,117.0,143.0,inferred
Bath and North East Somerset,2021-08-07,28.0,39.0,48.0,51.0,54.7,60.0,66.0,71.0,79.0,84.0,87.0,100.0,123.5,inferred
Bath and North East Somerset,2021-08-08,29.0,41.0,49.0,52.0,55.0,61.0,66.0,72.0,80.0,84.0,89.0,103.0,131.5,inferred
Bath and North East Somerset,2021-08-09,46.5,62.0,71.0,76.0,81.0,87.0,93.0,101.0,110.0,114.0,118.0,135.0,161.5,inferred
Bath and North East Somerset,2021-08-10,49.5,65.0,74.0,79.0,83.0,90.0,96.0,104.0,112.0,118.0,124.0,140.0,168.0,inferred
Bath and North East Somerset,2021-08-11,47.5,63.0,74.0,79.0,83.0,91.0,98.0,106.4,116.0,121.0,127.0,143.0,170.0,inferred
Bath and North East Somerset,2021-08-12,54.0,69.0,78.0,83.0,86.0,94.0,100.0,107.0,116.0,120.0,126.0,143.0,169.0,inferred
Bath and North East Somerset,2021-08-13,50.0,64.0,73.0,77.8,82.0,88.0,95.0,104.0,113.0,117.0,124.0,139.0,168.5,inferred
Bath and North East Somerset,2021-08-14,41.0,53.0,63.0,67.0,70.0,76.0,83.0,90.0,97.0,102.0,107.2,121.0,142.5,inferred
Bath and North East Somerset,2021-08-15,46.0,59.0,69.0,73.0,76.0,83.0,90.0,97.0,104.0,108.0,114.0,129.0,151.5,inferred
Bath and North East Somerset,2021-08-16,72.0,88.0,102.0,107.0,111.0,121.0,129.0,138.0,148.0,152.0,158.0,178.0,206.5,inferred
Bath and North East Somerset,2021-08-17,71.0,90.0,104.0,110.0,115.0,124.0,133.0,142.0,151.0,157.0,164.0,184.0,213.0,inferred
Bath and North East Somerset,2021-08-18,70.0,86.9,97.8,102.0,107.0,118.0,126.0,134.0,145.0,151.0,159.0,177.0,212.0,inferred
Bath and North East Somerset,2021-08-19,65.5,81.0,94.0,98.0,102.0,112.0,120.0,130.0,140.0,145.2,151.0,166.0,200.5,inferred
Bath and North East Somerset,2021-08-20,58.0,72.0,82.0,86.0,89.0,98.0,106.0,113.0,122.0,127.0,132.0,145.0,174.5,inferred
Bath and North East Somerset,2021-08-21,44.5,56.0,67.0,70.0,74.0,81.0,87.0,96.0,103.0,107.0,112.0,126.1,155.0,inferred
Bath and North East Somerset,2021-08-22,42.0,53.9,63.0,68.0,71.0,79.0,85.0,93.4,102.0,107.0,112.0,127.0,148.0,inferred
Bath and North East Somerset,2021-08-23,60.0,78.0,90.0,95.0,100.0,109.0,117.0,125.0,135.0,140.0,146.0,162.0,190.0,inferred
Bath and North East Somerset,2021-08-24,63.0,78.0,91.0,96.0,100.0,107.0,115.0,124.0,132.0,137.0,143.0,160.0,190.0,inferred
Bath and North East Somerset,2021-08-25,61.0,77.0,89.0,94.0,98.7,106.0,114.0,122.0,129.0,135.0,140.0,156.0,180.5,inferred
Bath and North East Somerset,2021-08-26,59.5,76.0,87.0,90.0,95.0,102.0,111.0,119.0,129.0,135.0,142.0,157.1,180.5,inferred
Bath and North East Somerset,2021-08-27,51.0,68.0,79.0,82.0,86.0,93.0,101.0,109.0,117.0,123.0,129.0,143.0,171.0,inferred
Bath and North East Somerset,2021-08-28,39.0,52.0,61.0,65.0,69.0,75.0,82.0,89.0,97.3,102.0,107.2,123.0,145.0,inferred
Bath and North East Somerset,2021-08-29,42.0,55.0,65.0,69.0,72.0,78.0,85.0,92.0,99.0,104.0,109.0,127.0,155.5,inferred
Bath and North East Somerset,2021-08-30,60.0,78.0,89.0,94.0,98.0,107.0,114.5,123.0,133.0,139.0,144.0,162.0,192.0,inferred
Bath and North East Somerset,2021-08-31,62.0,79.0,90.0,94.0,98.0,106.0,114.0,123.0,133.0,137.0,142.0,159.0,182.5,inferred
Bath and North East Somerset,2021-09-01,56.0,71.0,81.0,85.0,89.0,98.0,106.0,114.0,122.0,127.0,132.0,150.0,176.0,inferred
Bath and North East Somerset,2021-09-02,48.5,64.0,74.8,79.0,83.0,91.0,99.0,106.0,113.0,118.0,124.0,137.1,167.5,inferred
Bath and North East Somerset,2021-09-03,41.0,54.0,63.0,68.0,71.0,77.0,84.0,92.0,99.3,103.0,108.0,125.0,148.0,inferred
Bath and North East Somerset,2021-09-04,27.0,38.0,47.0,49.0,53.0,60.0,66.0,72.0,78.0,82.0,86.0,100.0,123.0,inferred
Bath and North East Somerset,2021-09-05,28.0,38.0,45.0,49.0,52.0,58.0,64.0,70.0,77.0,80.0,85.2,98.0,122.0,inferred
Bath and North East Somerset,2021-09-06,37.0,51.0,61.0,65.0,69.0,76.0,83.0,90.0,98.0,102.0,106.2,122.0,145.0,inferred
Bath and North East Somerset,2021-09-07,34.5,47.9,58.0,62.0,65.0,72.0,79.0,86.0,94.0,98.0,104.0,117.1,140.5,inferred
Bath and North East Somerset,2021-09-08,33.0,43.0,51.0,55.0,58.0,63.0,70.0,77.0,85.0,89.0,93.0,105.0,129.5,inferred
Bath and North East Somerset,2021-09-09,25.0,37.0,45.0,49.0,51.7,58.0,64.0,70.0,77.0,81.0,84.0,98.0,123.5,inferred
Bath and North East Somerset,2021-09-10,21.0,30.0,37.0,40.0,43.0,48.0,53.0,58.0,64.0,67.0,72.0,83.0,102.5,inferred
Bath and North East Somerset,2021-09-11,14.0,22.0,27.0,30.0,32.0,36.0,41.0,45.0,50.0,53.0,56.0,68.0,89.0,inferred
Bath and North East Somerset,2021-09-12,11.5,19.0,25.0,27.0,30.0,34.0,39.0,44.0,49.0,52.0,56.0,67.0,88.0,inferred
Bath and North East Somerset,2021-09-13,19.0,27.0,34.0,36.0,40.0,45.0,50.0,56.0,63.0,66.0,70.0,81.0,103.0,inferred
Bath and North East Somerset,2021-09-14,20.0,28.0,36.0,39.0,41.0,47.0,52.0,58.0,64.0,67.0,72.0,85.0,105.0,inferred
Bath and North East Somerset,2021-09-15,20.5,30.0,37.0,40.0,43.0,49.0,54.0,60.0,67.0,70.0,75.0,87.0,108.5,inferred
Bath and North East Somerset,2021-09-16,23.0,32.0,39.0,42.0,45.0,49.6,54.0,60.0,67.0,71.0,75.0,87.0,107.0,inferred
Bath and North East Somerset,2021-09-17,22.5,33.0,40.0,43.0,45.0,52.0,57.5,63.0,70.0,75.0,79.0,91.0,116.0,inferred
Bath and North East Somerset,2021-09-18,20.0,29.0,35.0,38.0,40.0,46.0,51.0,56.0,62.0,66.0,71.0,82.0,102.0,inferred
Bath and North East Somerset,2021-09-19,22.0,32.0,39.0,43.0,45.0,51.0,57.0,62.0,69.0,72.0,77.0,89.1,112.5,inferred
Bath and North East Somerset,2021-09-20,40.0,52.0,61.0,65.0,69.0,76.0,83.0,90.0,98.0,102.0,107.0,121.0,145.5,inferred
Bath and North East Somerset,2021-09-21,43.0,57.0,66.0,70.0,74.0,81.0,88.5,95.0,103.0,109.0,114.0,130.0,157.0,inferred
Bath and North East Somerset,2021-09-22,39.5,55.0,65.0,70.0,74.0,83.0,89.0,97.0,104.0,108.0,113.2,130.0,152.0,inferred
Bath and North East Somerset,2021-09-23,45.0,58.0,69.0,74.0,77.0,84.0,91.0,99.0,107.0,112.0,117.0,133.0,161.5,inferred
Bath and North East Somerset,2021-09-24,42.5,55.0,65.0,69.0,72.0,78.0,85.0,92.4,100.0,105.2,111.0,126.0,156.0,inferred
Bath and North East Somerset,2021-09-25,32.0,44.0,54.0,57.0,60.0,66.0,72.0,79.0,86.0,90.0,95.0,109.0,134.0,inferred
Bath and North East Somerset,2021-09-26,36.0,48.0,58.0,62.0,66.0,72.0,79.0,85.0,93.0,97.0,101.2,117.1,140.0,inferred
Bath and North East Somerset,2021-09-27,56.0,73.0,86.0,90.8,95.0,102.0,109.0,118.0,126.0,131.0,137.0,153.0,176.0,inferred
Bath and North East Somerset,2021-09-28,58.0,74.0,86.0,90.0,95.0,102.0,109.0,118.0,127.0,133.0,139.0,158.0,182.0,inferred
Bath and North East Somerset,2021-09-29,52.0,68.0,78.0,82.0,87.0,94.0,101.0,109.0,118.0,123.0,129.0,146.0,170.0,inferred
Bath and North East Somerset,2021-09-30,46.5,61.0,72.0,76.0,79.0,86.6,94.0,101.0,109.0,113.0,120.0,135.0,163.0,inferred
Bath and North East Somerset,2021-10-01,38.0,50.0,59.0,63.0,66.0,73.0,79.0,87.0,94.3,99.0,104.0,117.0,142.5,inferred
Bath and North East Somerset,2021-10-02,24.0,35.0,44.0,47.0,50.0,55.0,62.0,68.0,75.0,79.0,82.0,95.0,120.0,inferred
Bath and North East Somerset,2021-10-03,24.0,35.0,42.0,45.0,48.0,54.0,59.0,65.0,73.0,77.0,81.0,95.0,115.0,inferred
Bath and North East Somerset,2021-10-04,37.0,48.0,57.0,61.0,64.7,71.0,76.0,83.0,91.0,96.0,101.0,115.1,139.0,inferred
Bath and North East Somerset,2021-10-05,39.0,53.0,63.0,66.0,70.0,77.0,84.0,92.0,100.0,103.0,109.0,124.0,150.0,inferred
Bath and North East Somerset,2021-10-06,49.0,63.0,72.0,76.0,80.0,87.0,94.0,102.0,110.0,116.0,122.0,138.0,163.0,inferred
Bath and North East Somerset,2021-10-07,59.5,75.0,85.0,90.0,94.0,103.0,110.0,118.0,127.0,132.0,137.0,156.0,185.0,inferred
Bath and North East Somerset,2021-10-08,64.0,82.0,93.0,97.0,101.0,110.0,118.0,125.0,135.0,139.2,146.0,162.0,189.5,inferred
Bath and North East Somerset,2021-10-09,58.0,74.0,85.8,91.0,96.0,105.0,112.0,119.0,128.0,132.0,137.0,156.0,184.5,inferred
Bath and North East Somerset,2021-10-10,73.5,94.0,108.0,113.0,117.0,126.0,134.0,142.0,152.0,159.0,165.2,184.0,221.5,inferred
Bath and North East Somerset,2021-10-11,134.0,156.0,175.0,181.0,187.0,198.0,208.0,220.0,232.0,240.0,249.0,269.0,304.5,inferred
Bath and North East Somerset,2021-10-12,162.0,188.0,204.8,213.0,218.7,233.0,245.0,257.0,269.0,276.0,284.0,307.0,346.0,inferred
Bath and North East Somerset,2021-10-13,185.5,213.0,232.0,240.0,247.0,260.0,274.0,288.4,302.0,310.0,319.0,343.0,396.5,inferred
Bath and North East Somerset,2021-10-14,215.5,244.9,266.0,275.0,282.0,296.0,309.0,326.0,342.0,351.0,360.0,383.0,421.0,inferred
Bath and North East Somerset,2021-10-15,217.5,251.0,275.8,287.0,295.7,311.0,326.0,342.0,359.0,368.0,380.0,408.0,455.0,inferred
Bedford,2021-07-03,24.0,30.0,35.0,37.0,38.0,42.0,44.0,48.0,51.0,53.0,55.0,61.0,71.0,inferred
Bedford,2021-07-04,27.0,33.0,38.0,40.0,42.0,45.0,49.0,52.0,56.0,59.0,61.0,68.0,78.0,inferred
Bedford,2021-07-05,42.0,51.0,56.0,59.0,61.0,65.0,68.0,72.0,75.0,78.0,81.0,88.1,103.0,inferred
Bedford,2021-07-06,41.5,50.0,56.0,58.0,60.0,64.0,68.0,71.0,76.0,79.0,82.0,89.0,101.0,inferred
Bedford,2021-07-07,44.0,53.0,60.0,63.0,64.0,68.0,72.0,76.0,81.0,83.0,87.0,94.0,105.0,inferred
Bedford,2021-07-08,46.5,56.0,62.0,64.0,67.0,71.0,75.0,79.0,83.0,86.0,89.0,97.0,109.0,inferred
Bedford,2021-07-09,45.0,55.0,61.0,63.0,66.0,70.0,74.0,78.0,82.0,85.0,87.2,95.0,108.0,inferred
Bedford,2021-07-10,40.0,49.0,55.0,58.0,59.0,64.0,67.0,71.0,75.0,78.0,81.0,89.0,101.5,inferred
Bedford,2021-07-11,46.0,56.0,62.0,65.0,67.0,71.0,75.0,80.0,84.0,87.0,90.0,97.0,111.0,inferred
Bedford,2021-07-12,74.0,85.0,92.0,96.0,99.0,104.0,109.0,113.0,119.0,122.0,125.0,135.0,154.0,inferred
Bedford,2021-07-13,72.0,85.0,93.0,96.0,98.0,103.0,109.0,113.0,119.0,122.0,126.0,136.0,150.0,inferred
Bedford,2021-07-14,74.5,86.0,95.0,98.0,100.0,106.0,111.0,116.0,122.0,125.0,129.0,138.1,157.0,inferred
Bedford,2021-07-15,71.0,82.0,90.0,93.0,96.0,101.0,106.0,111.0,116.0,119.0,123.0,133.1,149.0,inferred
Bedford,2021-07-16,63.0,76.0,82.0,85.0,87.0,93.0,97.0,102.0,106.3,110.0,113.0,122.0,134.0,inferred
Bedford,2021-07-17,52.0,61.0,68.0,70.0,73.0,77.0,82.0,86.0,91.0,94.0,98.0,107.0,119.5,inferred
Bedford,2021-07-18,53.0,64.0,70.0,73.0,76.0,80.0,84.0,89.0,93.0,97.0,100.0,109.0,121.5,inferred
Bedford,2021-07-19,75.5,87.0,96.0,99.0,103.0,108.0,112.0,118.0,124.0,127.0,131.0,140.0,156.0,inferred
Bedford,2021-07-20,67.0,80.0,88.0,91.0,94.0,100.0,104.0,109.0,114.0,117.0,121.0,131.0,146.5,inferred
Bedford,2021-07-21,66.0,78.0,86.0,89.0,91.0,96.0,101.0,105.0,111.0,113.0,118.0,127.0,141.0,inferred
Bedford,2021-07-22,61.0,70.0,77.0,80.0,83.0,88.0,93.0,98.0,102.0,105.0,109.0,118.0,132.0,inferred
Bedford,2021-07-23,50.0,59.0,65.0,68.0,70.0,74.0,79.0,84.0,88.0,91.0,93.0,102.0,115.0,inferred
Bedford,2021-07-24,38.0,46.0,51.0,54.0,56.0,60.0,63.0,67.0,72.0,74.0,77.0,85.0,95.0,inferred
Bedford,2021-07-25,38.0,45.0,50.0,53.0,54.0,58.0,62.0,66.0,70.0,72.0,76.0,84.0,96.0,inferred
Bedford,2021-07-26,51.0,60.0,67.0,70.0,72.0,77.0,80.5,85.0,89.0,92.0,96.0,104.0,119.0,inferred
Bedford,2021-07-27,47.0,55.0,62.0,65.0,67.0,71.0,75.0,79.0,84.0,87.0,90.0,98.0,110.5,inferred
Bedford,2021-07-28,48.0,57.0,63.0,65.0,68.0,72.0,77.0,80.0,86.0,88.0,91.0,98.0,114.5,inferred
Bedford,2021-07-29,45.0,54.0,61.0,63.0,65.0,70.0,73.0,78.0,83.0,85.0,88.0,97.0,109.0,inferred
Bedford,2021-07-30,41.0,49.9,56.0,58.0,60.0,64.0,68.0,72.0,77.0,79.0,82.0,90.0,102.0,inferred
Bedford,2021-07-31,32.0,41.0,47.0,49.0,51.0,55.0,58.0,62.0,66.0,68.0,71.0,78.0,91.5,inferred
Bedford,2021-08-01,36.0,44.0,50.0,52.0,54.0,57.0,61.0,65.0,69.0,71.0,74.0,82.0,92.5,inferred
Bedford,2021-08-02,54.0,64.0,71.0,73.0,76.0,80.0,84.0,89.0,93.0,96.0,99.0,107.0,123.0,inferred
Bedford,2021-08-03,50.0,59.0,66.0,69.0,71.0,76.0,80.0,84.0,89.0,92.0,95.0,105.0,117.5,inferred
Bedford,2021-08-04,51.5,61.0,69.0,71.0,74.0,79.0,83.0,87.0,91.0,94.0,97.0,106.0,120.0,inferred
Bedford,2021-08-05,49.0,59.0,65.0,68.0,71.0,75.0,79.0,83.0,89.0,91.0,94.0,101.1,116.0,inferred
Bedford,2021-08-06,45.0,54.0,60.0,63.0,65.0,69.0,73.0,77.0,81.0,83.0,87.0,95.0,108.0,inferred
Bedford,2021-08-07,37.0,45.0,50.0,52.0,54.0,58.0,61.0,65.0,70.0,72.0,75.0,81.1,93.0,inferred
Bedford,2021-08-08,37.5,46.0,52.0,54.0,56.0,60.0,63.0,67.0,71.0,74.0,77.0,84.0,96.0,inferred
Bedford,2021-08-09,56.0,65.0,72.0,75.0,77.0,82.0,86.0,91.0,97.0,100.0,104.0,111.0,125.0,inferred
Bedford,2021-08-10,53.0,62.0,69.0,71.0,73.0,78.0,82.0,87.0,92.0,95.0,99.0,107.0,123.0,inferred
Bedford,2021-08-11,54.0,63.0,70.0,73.0,75.0,80.0,84.0,88.0,93.0,96.0,99.0,107.0,121.0,inferred
Bedford,2021-08-12,52.0,61.0,68.0,70.0,73.0,78.0,82.0,86.0,91.0,94.0,97.0,105.0,118.0,inferred
Bedford,2021-08-13,46.0,56.0,63.0,65.0,68.0,72.0,76.0,81.0,85.0,88.0,90.0,98.0,114.0,inferred
Bedford,2021-08-14,39.0,47.0,53.0,55.0,57.0,60.0,64.0,68.0,72.0,74.0,77.0,85.0,98.0,inferred
Bedford,2021-08-15,39.5,49.0,56.0,58.0,60.0,64.0,67.0,71.4,75.0,78.0,82.0,89.0,103.5,inferred
Bedford,2021-08-16,60.0,70.0,78.0,80.0,83.0,88.0,92.0,97.0,102.0,105.0,107.0,116.1,130.0,inferred
Bedford,2021-08-17,57.0,67.9,75.0,78.0,80.0,84.6,89.0,93.0,98.0,101.0,104.0,114.0,130.0,inferred
Bedford,2021-08-18,60.0,69.0,76.0,79.0,81.0,86.0,91.0,95.4,100.0,102.0,105.0,115.1,130.0,inferred
Bedford,2021-08-19,55.0,64.0,72.0,75.0,77.0,81.0,86.0,90.0,95.0,98.0,100.0,108.0,123.0,inferred
Bedford,2021-08-20,49.0,58.0,65.0,68.0,70.0,74.0,79.0,83.0,87.0,90.0,93.0,101.0,116.5,inferred
Bedford,2021-08-21,39.0,47.9,54.0,56.0,59.0,62.0,66.0,70.0,74.0,76.0,78.2,87.0,101.0,inferred
Bedford,2021-08-22,41.0,49.0,55.0,58.0,61.0,64.0,68.0,73.0,77.0,79.0,82.0,88.0,103.0,inferred
Bedford,2021-08-23,59.0,70.0,77.0,79.0,82.0,86.0,91.0,95.0,100.0,103.0,106.0,115.0,132.0,inferred
Bedford,2021-08-24,54.0,63.0,70.0,73.0,75.0,80.0,84.0,89.0,94.0,97.0,101.0,110.0,124.0,inferred
Bedford,2021-08-25,55.0,64.0,71.0,73.0,76.0,80.0,85.0,89.0,94.0,96.0,99.0,107.0,122.0,inferred
Bedford,2021-08-26,50.0,59.0,65.0,68.0,70.0,74.0,79.0,83.0,87.0,90.0,92.0,101.0,115.0,inferred
Bedford,2021-08-27,43.0,51.0,57.0,60.0,62.0,66.0,71.0,75.0,80.0,82.0,85.0,92.0,103.5,inferred
Bedford,2021-08-28,34.0,40.9,46.0,49.0,51.0,54.0,58.0,62.0,66.0,68.0,71.0,78.0,90.0,inferred
Bedford,2021-08-29,36.0,43.0,48.0,50.0,52.0,56.0,59.0,63.0,67.0,70.0,73.0,80.0,93.0,inferred
Bedford,2021-08-30,49.0,60.0,66.0,69.0,71.0,75.0,79.0,82.0,87.0,90.0,93.0,101.0,117.0,inferred
Bedford,2021-08-31,45.0,55.0,62.0,64.0,66.0,70.6,75.0,79.0,84.0,87.0,89.0,97.0,109.0,inferred
Bedford,2021-09-01,47.0,56.0,62.0,65.0,67.0,71.0,76.0,80.0,84.0,87.0,91.0,99.0,112.0,inferred
Bedford,2021-09-02,46.5,55.0,61.0,63.0,65.0,70.0,74.0,77.0,82.0,84.0,88.0,95.0,109.5,inferred
Bedford,2021-09-03,40.0,49.0,55.0,57.0,59.0,64.0,67.5,71.0,76.0,78.0,81.0,89.0,101.5,inferred
Bedford,2021-09-04,31.0,40.0,46.0,47.0,50.0,53.0,56.0,60.0,64.0,67.0,70.0,76.1,88.0,inferred
Bedford,2021-09-05,33.5,42.0,48.0,50.0,52.0,55.0,59.0,62.0,66.0,69.0,72.0,79.0,92.5,inferred
Bedford,2021-09-06,51.0,59.0,65.8,68.0,70.0,74.0,78.0,82.0,88.0,90.0,93.0,101.0,115.0,inferred
Bedford,2021-09-07,45.0,54.0,60.0,63.0,66.0,70.0,74.0,78.0,83.0,86.0,88.0,96.1,110.0,inferred
Bedford,2021-09-08,45.0,55.0,61.0,63.0,65.0,69.0,73.0,78.0,83.0,85.0,88.0,96.0,110.0,inferred
Bedford,2021-09-09,41.0,49.0,55.0,58.0,60.0,64.0,68.0,72.0,77.0,80.0,82.0,89.0,102.0,inferred
Bedford,2021-09-10,35.0,44.0,50.0,52.0,54.0,57.0,61.0,65.0,69.0,71.0,74.0,82.0,94.0,inferred
Bedford,2021-09-11,28.0,35.0,40.0,42.0,44.0,47.0,50.0,54.0,57.0,59.0,62.0,68.0,80.0,inferred
Bedford,2021-09-12,28.0,35.0,41.0,43.0,45.0,48.0,51.0,55.0,59.0,61.0,64.0,70.0,81.5,inferred
Bedford,2021-09-13,41.5,49.0,55.0,58.0,60.0,64.0,67.0,71.0,76.0,79.0,82.0,90.1,103.0,inferred
Bedford,2021-09-14,39.5,48.0,54.0,56.8,59.0,63.0,67.0,71.0,75.0,77.0,80.0,87.0,99.0,inferred
Bedford,2021-09-15,43.0,52.0,58.0,60.0,62.0,66.0,70.0,74.0,79.0,81.0,84.0,92.0,105.0,inferred
Bedford,2021-09-16,45.0,53.0,59.0,61.0,64.0,68.0,71.0,75.0,80.0,83.0,86.0,93.0,107.5,inferred
Bedford,2021-09-17,42.5,51.0,58.0,60.0,62.0,66.0,71.0,74.0,79.0,81.0,84.0,92.0,104.5,inferred
Bedford,2021-09-18,37.0,45.0,50.8,53.0,55.0,59.0,63.0,66.0,70.0,73.0,75.0,83.1,96.0,inferred
Bedford,2021-09-19,43.0,51.0,57.0,59.0,61.0,66.0,70.0,74.0,78.0,80.0,83.0,91.0,104.0,inferred
Bedford,2021-09-20,65.0,76.0,83.0,86.0,89.0,94.0,98.0,102.0,108.0,111.0,115.0,124.0,141.0,inferred
Bedford,2021-09-21,65.0,74.0,81.0,83.0,86.0,91.0,96.0,100.0,105.0,108.0,111.0,120.0,135.0,inferred
Bedford,2021-09-22,65.0,74.0,82.8,86.0,89.0,93.0,98.0,103.0,109.0,112.0,115.0,124.0,140.0,inferred
Bedford,2021-09-23,61.0,74.0,82.0,85.0,87.0,92.0,96.0,101.0,106.0,109.0,112.0,122.0,137.5,inferred
Bedford,2021-09-24,56.0,66.0,73.0,76.0,79.0,84.0,88.0,93.0,98.0,100.0,103.2,112.0,128.0,inferred
Bedford,2021-09-25,47.5,55.0,62.0,64.0,66.0,71.0,75.0,79.0,84.0,86.0,89.0,96.0,109.0,inferred
Bedford,2021-09-26,51.5,60.0,66.0,69.0,71.0,75.0,80.0,84.0,88.0,91.2,94.0,103.0,116.5,inferred
Bedford,2021-09-27,71.5,85.0,93.0,96.0,99.0,103.0,108.0,113.0,117.0,120.0,124.0,134.0,148.0,inferred
Bedford,2021-09-28,70.0,80.0,88.0,92.0,94.7,99.0,104.0,109.0,115.0,118.0,121.0,131.1,146.5,inferred
Bedford,2021-09-29,68.0,80.0,88.0,91.0,94.0,99.0,104.0,109.0,116.0,119.0,123.0,133.0,146.0,inferred
Bedford,2021-09-30,66.0,79.0,87.0,90.0,92.0,96.0,101.0,106.0,111.0,114.0,118.0,126.0,141.5,inferred
Bedford,2021-10-01,62.0,71.0,78.0,81.0,84.0,88.0,92.0,98.0,103.0,105.2,109.0,118.0,131.5,inferred
Bedford,2021-10-02,49.0,59.0,66.0,68.0,71.0,75.0,79.5,84.0,89.0,91.2,95.0,102.1,115.0,inferred
Bedford,2021-10-03,52.0,61.0,68.0,71.0,74.0,78.0,82.0,86.0,91.0,94.0,97.0,106.0,120.0,inferred
Bedford,2021-10-04,76.0,86.0,95.0,99.0,102.0,107.0,112.0,118.0,122.0,125.0,129.0,139.0,157.0,inferred
Bedford,2021-10-05,74.5,84.0,92.0,95.0,98.0,103.0,109.0,115.0,120.0,123.0,127.0,137.0,151.5,inferred
Bedford,2021-10-06,76.0,88.0,96.8,100.0,103.0,108.0,112.0,117.0,124.0,128.0,132.0,141.0,157.5,inferred
Bedford,2021-10-07,78.0,89.0,96.0,99.0,102.0,107.0,112.0,117.0,122.0,126.0,129.0,138.0,157.5,inferred
Bedford,2021-10-08,72.0,83.0,91.0,94.0,96.0,101.0,106.0,111.0,116.0,119.0,123.0,133.0,148.0,inferred
Bedford,2021-10-09,62.0,71.0,78.0,80.0,83.0,88.0,93.0,97.0,103.0,106.0,109.0,118.0,132.5,inferred
Bedford,2021-10-10,64.0,77.0,85.0,88.0,91.0,95.0,101.0,105.0,110.0,114.0,117.0,126.0,140.5,inferred
Bedford,2021-10-11,98.0,112.9,120.0,123.0,127.0,132.0,138.0,144.0,151.0,155.0,158.0,169.0,185.0,inferred
Bedford,2021-10-12,91.0,104.0,114.0,118.0,122.0,127.0,132.0,138.0,144.0,147.0,151.0,163.0,181.5,inferred
Bedford,2021-10-13,94.0,106.0,115.0,118.0,121.0,127.0,132.0,137.0,144.0,147.0,151.0,162.0,180.0,inferred
Bedford,2021-10-14,86.5,99.0,108.0,110.0,113.0,119.0,124.5,130.0,136.0,139.0,144.0,155.0,171.0,inferred
Bedford,2021-10-15,75.0,87.0,95.0,98.0,101.0,106.0,111.0,117.0,123.0,126.0,129.0,140.0,155.5,inferred
Bexley,2021-07-03,37.0,44.0,50.0,51.0,53.0,56.0,59.0,63.0,67.0,68.0,71.0,78.0,90.0,inferred
Bexley,2021-07-04,43.0,50.0,55.0,57.0,58.0,62.0,66.0,69.0,73.0,75.0,77.0,83.0,93.5,inferred
Bexley,2021-07-05,65.0,74.0,80.0,83.0,85.0,90.0,94.0,97.4,102.0,104.0,107.0,115.0,125.5,inferred
Bexley,2021-07-06,68.0,77.0,83.0,85.0,88.0,92.0,96.0,100.0,104.0,107.0,110.0,116.0,127.5,inferred
Bexley,2021-07-07,75.5,85.0,92.0,95.0,97.0,101.0,105.0,110.0,115.0,118.0,120.0,128.0,140.0,inferred
Bexley,2021-07-08,79.0,89.0,96.0,99.0,101.0,105.6,109.0,114.0,119.0,122.0,125.0,134.0,146.0,inferred
Bexley,2021-07-09,80.0,89.0,96.0,99.0,101.0,105.0,109.0,114.0,119.0,121.0,124.0,132.0,145.0,inferred
Bexley,2021-07-10,74.0,82.0,89.0,91.0,93.0,98.0,102.0,106.0,111.0,114.0,117.0,124.0,137.5,inferred
Bexley,2021-07-11,80.0,90.0,98.0,101.0,104.0,108.0,113.0,117.0,122.0,125.0,128.0,136.0,149.0,inferred
Bexley,2021-07-12,125.0,138.0,148.0,151.0,154.0,159.0,166.0,171.0,177.0,181.0,185.0,196.0,212.5,inferred
Bexley,2021-07-13,127.0,140.0,149.0,152.0,155.0,161.0,167.0,173.0,180.0,184.0,188.0,198.0,214.0,inferred
Bexley,2021-07-14,129.5,146.0,157.0,161.0,165.0,170.0,175.0,181.0,186.3,190.0,194.0,206.0,223.5,inferred
Bexley,2021-07-15,130.0,143.9,152.0,156.0,160.0,166.0,171.0,177.0,183.0,186.0,189.0,200.0,216.0,inferred
Bexley,2021-07-16,119.0,132.0,140.0,143.0,146.0,152.0,157.5,164.0,170.0,173.0,176.0,186.0,206.0,inferred
Bexley,2021-07-17,100.5,113.0,120.0,123.0,126.0,130.0,136.0,140.0,146.0,149.0,152.0,161.0,173.0,inferred
Bexley,2021-07-18,101.0,114.0,121.0,124.0,127.0,132.0,137.0,141.0,146.3,150.0,153.0,163.0,179.0,inferred
Bexley,2021-07-19,144.0,157.0,166.0,170.0,174.0,180.0,186.0,192.0,198.0,201.0,205.0,216.0,234.5,inferred
Bexley,2021-07-20,131.5,145.0,155.0,158.0,161.0,167.0,173.0,178.0,185.0,188.0,191.0,202.0,219.0,inferred
Bexley,2021-07-21,124.0,137.0,146.0,149.0,152.0,158.0,163.0,168.0,174.0,177.0,181.0,190.0,210.0,inferred
Bexley,2021-07-22,107.0,120.0,127.0,130.8,134.0,139.0,144.0,149.0,154.0,158.0,161.0,170.1,186.5,inferred
Bexley,2021-07-23,88.0,99.0,105.0,108.0,111.0,115.6,120.0,126.0,131.0,134.0,138.0,146.1,159.0,inferred
Bexley,2021-07-24,67.0,76.0,83.0,85.0,87.0,91.0,95.0,99.0,104.0,106.0,108.0,116.0,131.0,inferred
Bexley,2021-07-25,61.0,69.9,75.0,77.8,80.0,84.0,88.0,92.0,96.0,99.0,101.0,108.0,123.0,inferred
Bexley,2021-07-26,80.0,89.0,96.0,99.0,101.0,106.0,110.0,115.0,120.0,122.0,126.0,135.0,149.0,inferred
Bexley,2021-07-27,72.0,81.0,88.0,90.0,93.0,98.0,102.0,107.0,111.0,113.0,117.0,124.0,136.0,inferred
Bexley,2021-07-28,72.0,83.0,89.0,92.0,94.0,98.0,102.0,107.0,112.0,114.0,116.0,125.0,137.5,inferred
Bexley,2021-07-29,68.0,79.0,85.0,88.0,90.0,94.0,98.5,103.0,107.0,110.0,112.0,120.0,133.5,inferred
Bexley,2021-07-30,61.0,70.0,76.0,79.0,81.0,85.0,89.0,93.0,97.0,99.0,102.0,109.0,123.0,inferred
Bexley,2021-07-31,50.0,57.0,63.0,66.0,67.0,71.0,75.0,78.0,83.0,85.0,88.0,95.0,107.0,inferred
Bexley,2021-08-01,49.0,57.9,63.0,66.0,68.0,72.0,76.0,79.0,83.0,86.0,88.0,95.0,106.0,inferred
Bexley,2021-08-02,71.0,82.0,88.0,91.0,93.0,97.0,102.0,106.0,111.0,114.0,117.0,124.0,138.0,inferred
Bexley,2021-08-03,69.0,78.0,85.0,88.0,90.0,94.0,98.0,102.0,107.0,110.0,113.0,120.0,133.5,inferred
Bexley,2021-08-04,71.0,81.0,87.0,90.0,91.7,97.0,100.0,105.0,109.3,112.0,116.0,123.0,135.0,inferred
Bexley,2021-08-05,67.0,78.0,84.0,86.0,89.0,93.0,97.0,101.0,106.0,109.0,111.0,120.1,133.0,inferred
Bexley,2021-08-06,62.0,71.9,77.0,80.0,82.0,86.0,89.0,93.0,98.0,100.0,103.0,110.1,122.0,inferred
Bexley,2021-08-07,52.0,59.0,65.0,68.0,70.0,73.0,77.0,81.0,85.0,87.0,90.0,95.0,107.5,inferred
Bexley,2021-08-08,51.0,60.0,67.0,69.0,71.0,75.0,78.0,82.0,86.0,88.0,91.0,98.0,108.0,inferred
Bexley,2021-08-09,76.0,87.0,94.0,96.0,98.0,102.6,107.0,111.0,116.0,119.0,122.0,130.0,142.0,inferred
Bexley,2021-08-10,73.0,82.0,89.0,91.0,94.0,98.0,102.0,107.0,111.0,114.0,117.0,126.0,137.0,inferred
Bexley,2021-08-11,73.0,82.0,88.0,91.0,93.0,98.0,103.0,108.0,113.0,115.0,118.0,125.0,137.0,inferred
Bexley,2021-08-12,67.0,78.0,85.0,87.8,90.0,94.0,98.0,102.0,107.0,109.0,112.0,120.0,132.0,inferred
Bexley,2021-08-13,61.5,69.0,76.0,78.0,81.0,85.0,89.0,93.0,97.0,100.0,103.0,111.0,122.0,inferred
Bexley,2021-08-14,49.0,58.0,63.0,65.0,67.0,70.0,74.0,77.0,82.0,84.0,86.0,93.0,103.0,inferred
Bexley,2021-08-15,47.5,57.0,63.0,65.0,67.0,70.0,74.0,77.0,82.0,84.0,86.0,93.0,105.0,inferred
Bexley,2021-08-16,69.0,79.0,86.0,88.0,91.0,95.0,99.0,104.0,109.0,111.0,115.0,123.0,133.5,inferred
Bexley,2021-08-17,66.0,75.0,82.0,84.0,86.0,91.0,95.0,99.0,103.0,106.0,109.0,117.0,130.0,inferred
Bexley,2021-08-18,65.0,75.0,82.0,85.0,87.0,91.0,95.0,99.0,104.0,106.0,109.0,116.0,128.5,inferred
Bexley,2021-08-19,63.0,72.0,78.0,81.0,83.0,86.6,90.0,94.0,99.0,101.0,103.0,110.0,121.0,inferred
Bexley,2021-08-20,55.0,63.0,70.0,72.0,74.0,78.0,82.0,86.0,90.0,93.0,95.0,102.0,114.0,inferred
Bexley,2021-08-21,44.0,52.0,57.0,59.0,61.0,65.0,68.0,71.0,75.0,77.0,80.0,86.0,97.0,inferred
Bexley,2021-08-22,45.0,52.0,57.0,59.0,61.0,64.0,67.0,71.0,75.0,77.0,80.0,87.0,99.0,inferred
Bexley,2021-08-23,65.0,73.0,79.0,81.0,84.0,88.0,91.0,95.0,100.0,103.0,105.0,112.0,124.0,inferred
Bexley,2021-08-24,61.0,68.0,74.0,77.0,79.0,84.0,88.0,92.0,96.0,99.0,102.0,109.1,121.5,inferred
Bexley,2021-08-25,62.0,72.0,78.0,80.0,83.0,86.0,90.0,94.0,98.0,101.0,104.0,111.0,124.0,inferred
Bexley,2021-08-26,61.0,70.0,76.0,78.0,81.0,85.0,90.0,94.0,98.0,100.0,102.0,110.0,122.0,inferred
Bexley,2021-08-27,56.0,65.0,70.0,72.0,74.0,78.0,82.0,86.0,90.0,93.0,95.0,102.0,113.5,inferred
Bexley,2021-08-28,46.0,54.0,60.0,62.0,64.0,67.0,70.0,74.0,78.0,81.0,83.0,90.0,101.0,inferred
Bexley,2021-08-29,48.0,55.0,60.0,62.0,65.0,68.0,72.0,75.0,80.0,82.0,84.0,91.0,104.0,inferred
Bexley,2021-08-30,69.0,81.0,87.0,90.0,92.0,96.0,100.0,104.0,109.0,111.0,115.0,122.0,137.0,inferred
Bexley,2021-08-31,67.0,76.0,83.0,85.8,88.0,93.0,97.0,101.0,106.0,108.0,112.0,119.0,132.5,inferred
Bexley,2021-09-01,69.0,78.0,85.0,88.0,90.0,94.0,98.0,103.0,108.0,110.0,113.0,121.0,134.0,inferred
Bexley,2021-09-02,67.5,77.0,83.0,85.0,88.0,92.0,96.0,100.0,104.0,107.0,110.0,119.0,129.5,inferred
Bexley,2021-09-03,62.0,69.0,75.0,78.0,80.0,84.0,87.0,91.0,96.0,98.0,100.0,107.0,120.0,inferred
Bexley,2021-09-04,51.0,58.0,64.0,67.0,68.0,72.0,75.0,78.0,82.0,84.0,87.0,95.0,106.0,inferred
Bexley,2021-09-05,49.0,58.0,64.0,66.0,68.0,72.0,76.0,79.0,83.0,85.0,88.0,95.0,106.5,inferred
Bexley,2021-09-06,74.0,84.0,90.0,93.0,95.0,99.0,104.0,108.0,113.0,115.0,118.0,126.0,142.0,inferred
Bexley,2021-09-07,68.0,77.0,84.0,87.0,89.0,93.0,97.0,102.0,107.0,109.0,112.0,120.0,132.0,inferred
Bexley,2021-09-08,64.0,74.9,81.0,84.0,86.0,90.0,94.0,98.0,103.0,105.0,108.0,116.0,129.0,inferred
Bexley,2021-09-09,61.0,68.0,74.0,77.0,79.0,83.0,87.0,91.0,96.0,98.0,100.0,107.0,120.0,inferred
Bexley,2021-09-10,49.0,59.0,64.0,67.0,69.0,72.0,76.0,79.0,83.0,86.0,88.0,94.0,104.0,inferred
Bexley,2021-09-11,39.0,45.0,50.0,53.0,54.0,57.0,60.0,64.0,67.0,69.0,71.0,77.0,87.0,inferred
Bexley,2021-09-12,36.0,44.0,48.0,50.0,51.0,55.0,58.0,61.0,64.0,66.0,68.0,74.0,85.0,inferred
Bexley,2021-09-13,50.5,58.0,64.0,66.0,68.0,71.0,75.0,78.0,82.0,85.0,87.0,95.0,106.0,inferred
Bexley,2021-09-14,45.5,54.0,59.0,61.0,64.0,67.0,70.0,75.0,79.0,81.0,83.0,90.0,100.0,inferred
Bexley,2021-09-15,46.5,55.0,60.0,62.0,64.0,69.0,72.0,75.0,80.0,82.0,85.0,92.0,102.0,inferred
Bexley,2021-09-16,47.0,54.0,60.0,62.0,64.0,67.0,71.0,74.0,78.0,81.0,83.0,90.0,101.0,inferred
Bexley,2021-09-17,43.0,50.0,55.0,57.0,59.0,62.0,66.0,69.0,73.0,75.0,77.0,84.0,96.0,inferred
Bexley,2021-09-18,36.0,42.0,48.0,50.0,51.0,54.0,57.0,61.0,64.0,66.0,68.0,74.0,83.0,inferred
Bexley,2021-09-19,38.0,44.0,48.0,50.0,52.0,56.0,59.0,61.0,65.0,67.0,69.0,75.0,87.0,inferred
Bexley,2021-09-20,55.0,63.0,69.0,72.0,74.0,78.0,81.0,85.0,89.0,91.0,95.0,101.0,112.0,inferred
Bexley,2021-09-21,53.0,61.0,67.0,69.0,71.0,76.0,79.0,83.0,87.0,89.0,92.0,98.0,109.0,inferred
Bexley,2021-09-22,54.0,62.0,69.0,71.0,73.0,77.0,80.0,84.0,88.0,90.0,94.0,101.0,115.5,inferred
Bexley,2021-09-23,52.0,60.0,66.0,68.0,70.0,73.0,77.0,81.0,85.0,88.0,91.0,98.0,107.0,inferred
Bexley,2021-09-24,46.0,54.0,59.0,62.0,64.0,68.0,71.0,75.0,79.0,81.0,83.0,91.0,101.0,inferred
Bexley,2021-09-25,38.0,46.0,51.0,53.0,55.0,58.0,62.0,64.0,68.0,70.0,72.2,79.0,88.5,inferred
Bexley,2021-09-26,38.0,46.0,51.0,53.0,55.0,58.0,61.0,65.0,68.0,70.0,73.0,79.0,89.0,inferred
Bexley,2021-09-27,56.0,66.0,72.0,74.8,77.0,81.0,84.0,89.0,93.0,96.0,98.0,105.0,116.0,inferred
Bexley,2021-09-28,55.0,62.0,68.0,71.0,72.0,76.0,80.0,84.0,88.0,91.0,95.0,102.0,113.0,inferred
Bexley,2021-09-29,54.0,62.0,68.0,70.0,72.0,76.0,79.0,83.0,88.0,90.0,93.0,101.0,111.0,inferred
Bexley,2021-09-30,52.0,60.0,66.0,69.0,71.0,75.0,78.0,82.0,86.0,88.0,91.0,98.0,110.0,inferred
Bexley,2021-10-01,46.0,54.0,59.0,61.0,63.0,67.0,71.0,74.0,78.0,80.0,83.0,89.0,100.0,inferred
Bexley,2021-10-02,37.0,45.0,50.0,52.0,54.0,57.0,60.0,63.0,67.0,69.0,72.0,78.0,89.0,inferred
Bexley,2021-10-03,38.0,45.0,50.0,52.0,54.0,57.0,60.0,63.0,67.0,69.0,71.0,78.0,89.0,inferred
Bexley,2021-10-04,56.0,63.0,70.0,73.0,75.0,79.0,83.0,87.0,91.0,94.0,96.0,104.0,116.0,inferred
Bexley,2021-10-05,54.0,63.0,69.0,71.0,73.0,77.0,80.5,84.0,88.0,91.0,94.0,101.0,114.0,inferred
Bexley,2021-10-06,54.0,65.0,71.0,74.0,76.0,79.0,83.0,88.0,92.0,95.0,97.0,104.1,118.0,inferred
Bexley,2021-10-07,55.5,65.0,71.0,73.0,75.0,79.6,83.0,87.0,91.0,93.0,96.0,102.0,116.0,inferred
Bexley,2021-10-08,51.5,60.0,66.0,68.0,70.0,75.0,78.0,82.0,86.0,89.0,92.0,98.0,111.0,inferred
Bexley,2021-10-09,45.0,53.0,57.0,59.0,62.0,65.0,69.0,72.0,76.0,79.0,81.0,87.0,97.0,inferred
Bexley,2021-10-10,45.5,54.0,58.8,61.0,63.0,67.0,71.0,74.0,78.3,81.0,83.0,90.0,102.0,inferred
Bexley,2021-10-11,68.0,78.9,86.0,89.0,91.0,96.0,100.0,105.0,109.0,112.0,115.0,124.0,136.0,inferred
Bexley,2021-10-12,66.0,76.0,84.0,86.0,89.0,93.0,98.0,101.0,105.0,108.0,111.0,119.0,132.0,inferred
Bexley,2021-10-13,68.0,78.0,86.0,88.0,91.0,95.0,99.0,104.0,108.0,112.0,115.0,123.1,139.0,inferred
Bexley,2021-10-14,67.0,76.0,82.0,85.0,88.0,93.0,97.0,101.0,106.0,109.0,112.0,120.0,133.5,inferred
Bexley,2021-10-15,60.5,69.0,76.0,78.0,81.0,85.0,90.0,94.0,98.0,100.0,103.0,111.0,125.5,inferred
Birmingham,2021-07-03,365.0,392.0,409.0,416.0,423.0,432.0,444.0,455.4,469.0,475.0,485.0,510.0,546.5,inferred
Birmingham,2021-07-04,424.0,445.0,467.0,474.0,481.0,492.0,504.0,515.0,528.0,536.0,544.0,569.1,606.5,inferred
Birmingham,2021-07-05,622.5,658.9,678.0,687.0,695.0,709.0,721.5,738.0,754.0,763.0,769.0,793.1,834.5,inferred
Birmingham,2021-07-06,625.0,656.0,679.8,689.0,695.0,707.0,719.0,733.0,745.0,751.0,760.0,781.0,816.0,inferred
Birmingham,2021-07-07,669.0,698.0,718.8,725.8,732.7,745.0,756.5,770.0,783.0,790.0,799.0,819.0,858.0,inferred
Birmingham,2021-07-08,682.5,715.0,736.0,746.0,754.0,768.0,779.0,792.0,805.0,812.2,821.0,845.0,880.0,inferred
Birmingham,2021-07-09,649.0,678.0,700.8,708.0,716.0,731.0,743.0,754.0,767.0,774.0,782.2,802.1,836.5,inferred
Birmingham,2021-07-10,583.0,612.0,632.0,638.0,645.0,659.0,671.0,683.0,695.0,703.0,710.0,730.0,770.0,inferred
Birmingham,2021-07-11,665.5,695.0,715.0,724.0,730.0,743.6,755.5,768.0,786.0,793.0,803.0,827.0,864.5,inferred
Birmingham,2021-07-12,959.0,998.0,1026.0,1037.0,1048.0,1065.0,1081.0,1097.0,1115.0,1126.0,1137.0,1166.1,1210.5,inferred
Birmingham,2021-07-13,914.0,957.0,984.0,994.0,1004.0,1022.0,1037.0,1053.0,1069.0,1079.0,1090.0,1116.0,1163.0,inferred
Birmingham,2021-07-14,899.0,937.0,962.0,970.0,978.0,996.0,1010.0,1026.0,1045.0,1055.0,1067.0,1093.1,1140.5,inferred
Birmingham,2021-07-15,839.5,873.0,902.0,909.0,917.0,932.6,948.0,962.0,978.0,987.0,995.0,1021.0,1058.0,inferred
Birmingham,2021-07-16,717.0,751.9,772.0,782.8,792.0,805.0,818.0,831.4,847.0,855.0,864.0,888.0,922.5,inferred
Birmingham,2021-07-17,588.0,614.0,635.0,642.0,649.0,663.0,675.0,688.0,701.0,708.0,716.0,737.0,773.0,inferred
Birmingham,2021-07-18,598.0,627.0,645.0,654.0,662.0,675.0,688.0,699.0,713.0,721.0,730.0,754.0,791.5,inferred
Birmingham,2021-07-19,792.5,828.0,852.0,861.0,869.0,885.6,900.0,914.0,929.0,937.0,947.0,972.1,1015.0,inferred
Birmingham,2021-07-20,710.5,740.0,762.0,772.0,779.0,795.0,808.0,821.0,837.0,846.0,855.0,879.1,926.0,inferred
Birmingham,2021-07-21,655.0,689.9,711.0,721.8,729.0,742.6,753.0,766.0,779.0,787.0,798.0,825.1,858.0,inferred
Birmingham,2021-07-22,586.0,618.0,638.0,645.8,651.0,664.0,676.0,689.0,702.0,707.0,714.0,733.0,768.5,inferred
Birmingham,2021-07-23,486.0,509.0,528.0,534.0,540.0,550.0,561.0,574.0,584.0,590.2,598.0,614.0,650.0,inferred
Birmingham,2021-07-24,373.0,394.0,413.0,420.0,426.0,434.0,443.0,452.0,464.0,471.0,478.0,493.1,519.5,inferred
Birmingham,2021-07-25,368.5,391.0,407.0,414.0,420.0,429.0,439.0,449.0,459.0,464.0,470.0,486.1,516.5,inferred
Birmingham,2021-07-26,463.5,496.0,514.0,520.0,527.0,540.0,551.0,563.0,575.0,583.0,590.0,610.0,642.0,inferred
Birmingham,2021-07-27,426.5,456.0,474.0,481.0,487.0,498.0,508.0,519.0,530.0,537.0,545.0,565.0,595.0,inferred
Birmingham,2021-07-28,438.0,463.0,482.0,488.0,495.0,507.0,518.0,528.0,538.0,544.0,551.0,570.0,599.5,inferred
Birmingham,2021-07-29,436.0,465.0,483.0,489.0,495.0,507.0,519.0,529.0,540.0,546.0,553.0,570.0,599.0,inferred
Birmingham,2021-07-30,405.0,426.0,443.0,449.0,456.0,466.0,477.0,488.0,498.0,503.0,510.0,529.0,559.0,inferred
Birmingham,2021-07-31,351.5,370.9,385.0,391.0,397.0,406.0,416.0,426.0,435.0,441.0,448.0,465.0,493.0,inferred
Birmingham,2021-08-01,378.0,404.0,423.8,430.0,435.0,445.0,456.0,465.0,475.0,481.0,486.0,503.0,530.0,inferred
Birmingham,2021-08-02,531.5,565.0,583.0,591.0,599.0,612.0,625.0,637.4,651.0,658.0,667.0,688.0,723.0,inferred
Birmingham,2021-08-03,507.0,539.0,559.0,566.0,573.0,585.0,597.0,610.0,623.0,631.0,639.0,661.0,694.0,inferred
Birmingham,2021-08-04,510.5,538.0,560.0,566.0,573.0,585.0,595.0,607.0,620.0,626.0,636.0,657.0,691.5,inferred
Birmingham,2021-08-05,490.5,519.9,539.0,546.0,551.0,563.0,575.0,586.0,598.0,604.0,612.0,632.0,666.0,inferred
Birmingham,2021-08-06,438.5,462.0,478.0,484.0,491.0,503.0,514.0,525.0,535.0,542.2,551.0,569.0,596.5,inferred
Birmingham,2021-08-07,369.0,391.0,405.0,412.0,418.7,428.0,438.0,447.0,457.3,463.2,470.0,489.0,513.0,inferred
Birmingham,2021-08-08,390.5,413.0,429.8,437.0,441.0,452.0,462.0,472.0,483.0,488.0,494.0,512.0,542.0,inferred
Birmingham,2021-08-09,527.5,562.0,583.8,591.0,598.0,613.0,625.0,638.0,652.0,659.0,667.0,688.0,726.0,inferred
Birmingham,2021-08-10,508.5,535.0,554.0,561.0,567.0,579.0,591.0,602.0,616.0,622.0,630.0,651.0,682.0,inferred
Birmingham,2021-08-11,497.0,527.0,545.0,552.0,557.0,571.0,583.5,595.0,607.0,615.0,623.0,646.0,679.5,inferred
Birmingham,2021-08-12,473.0,505.0,524.8,532.0,537.0,550.0,560.0,570.0,582.0,588.0,596.0,616.0,653.0,inferred
Birmingham,2021-08-13,420.0,447.0,464.0,469.0,475.7,487.0,498.0,509.0,519.3,525.0,531.0,548.0,577.0,inferred
Birmingham,2021-08-14,348.5,375.0,391.8,397.0,402.0,412.0,420.5,430.0,441.0,446.0,452.0,469.0,495.5,inferred
Birmingham,2021-08-15,373.0,396.0,412.0,418.0,423.0,433.0,443.0,453.0,464.0,470.0,476.0,496.0,521.0,inferred
Birmingham,2021-08-16,502.5,532.9,554.0,561.0,568.0,581.0,594.0,607.0,620.0,628.0,635.0,657.0,692.5,inferred
Birmingham,2021-08-17,479.0,504.0,521.0,528.0,534.7,547.0,558.0,570.0,582.0,588.2,596.0,613.1,647.5,inferred
Birmingham,2021-08-18,468.5,495.0,516.0,523.0,530.0,541.0,551.5,563.0,575.0,581.0,588.0,609.0,644.0,inferred
Birmingham,2021-08-19,454.5,481.0,496.0,503.0,510.0,520.0,529.5,540.0,551.0,559.0,567.0,587.0,617.5,inferred
Birmingham,2021-08-20,404.0,425.0,443.0,449.0,453.0,464.0,474.0,485.0,496.0,502.0,507.0,526.0,556.0,inferred
Birmingham,2021-08-21,339.0,358.9,373.0,378.0,382.0,393.0,402.0,411.0,421.0,426.0,433.0,449.0,478.5,inferred
Birmingham,2021-08-22,353.5,379.0,395.0,400.0,406.0,415.0,424.0,434.0,444.0,451.0,456.0,476.0,503.0,inferred
Birmingham,2021-08-23,489.0,515.0,531.0,539.0,545.0,557.0,569.0,580.0,592.0,598.0,606.2,630.0,662.0,inferred
Birmingham,2021-08-24,446.0,476.0,496.0,503.0,508.0,520.0,533.0,543.0,555.0,561.0,570.0,591.1,619.0,inferred
Birmingham,2021-08-25,445.5,473.0,491.0,498.0,505.0,515.0,525.0,535.0,547.3,554.2,562.0,581.0,615.0,inferred
Birmingham,2021-08-26,419.0,446.9,465.8,472.0,477.0,490.0,501.0,512.0,522.0,528.2,534.0,552.0,579.5,inferred
Birmingham,2021-08-27,372.5,395.0,412.0,418.0,424.0,434.0,444.0,454.0,465.0,471.0,477.0,494.0,524.0,inferred
Birmingham,2021-08-28,310.0,331.0,345.0,350.8,355.7,365.0,374.0,382.0,391.3,397.0,402.0,418.1,445.0,inferred
Birmingham,2021-08-29,326.0,349.0,362.0,369.0,373.0,382.6,393.0,401.0,411.0,417.0,423.0,438.0,462.0,inferred
Birmingham,2021-08-30,440.4,470.0,489.0,495.0,502.0,515.0,526.0,537.0,551.0,557.0,566.0,586.0,621.0,inferred
Birmingham,2021-08-31,416.5,444.0,462.0,469.0,476.0,488.0,500.0,510.0,522.0,529.0,536.0,553.0,583.0,inferred
Birmingham,2021-09-01,425.0,449.0,468.0,473.0,481.0,492.0,504.0,514.0,527.0,533.0,539.2,558.1,588.5,inferred
Birmingham,2021-09-02,413.5,443.0,459.0,466.0,472.0,483.0,493.0,503.0,514.0,520.0,528.0,547.0,577.0,inferred
Birmingham,2021-09-03,373.0,402.0,418.0,424.0,430.0,440.0,451.0,460.0,471.0,476.0,483.0,501.0,523.0,inferred
Birmingham,2021-09-04,320.0,344.0,358.0,364.0,369.0,380.0,389.0,398.0,406.0,411.0,418.0,435.0,459.0,inferred
Birmingham,2021-09-05,348.0,369.0,387.0,394.0,398.0,409.0,417.0,428.0,438.0,442.0,448.0,466.0,492.0,inferred
Birmingham,2021-09-06,484.0,514.0,532.0,540.0,547.0,558.0,570.0,580.0,591.0,600.0,608.2,630.0,665.0,inferred
Birmingham,2021-09-07,450.5,476.0,494.0,501.0,507.0,519.0,530.0,542.4,556.0,561.0,569.0,591.0,623.5,inferred
Birmingham,2021-09-08,426.5,455.0,476.0,483.0,488.0,500.0,512.0,522.0,533.0,539.0,547.0,564.1,590.0,inferred
Birmingham,2021-09-09,394.5,419.0,436.0,442.0,448.0,458.0,469.0,480.0,490.0,495.0,503.0,522.0,550.0,inferred
Birmingham,2021-09-10,333.5,354.9,370.0,377.0,384.0,393.0,401.0,410.0,421.0,426.2,434.0,451.0,479.5,inferred
Birmingham,2021-09-11,263.0,285.0,301.0,306.0,311.0,320.0,329.0,336.0,345.0,350.2,356.0,370.0,396.0,inferred
Birmingham,2021-09-12,269.0,290.0,303.8,310.0,313.0,323.0,332.0,340.0,349.0,354.0,360.0,375.0,400.0,inferred
Birmingham,2021-09-13,354.0,378.0,395.0,401.0,407.0,416.0,427.0,437.0,447.3,453.0,460.0,479.0,506.5,inferred
Birmingham,2021-09-14,333.0,354.0,371.0,377.0,382.0,393.0,401.5,412.0,422.3,429.0,436.0,453.1,481.5,inferred
Birmingham,2021-09-15,344.0,366.9,381.0,387.0,392.0,401.0,411.0,421.0,432.0,438.0,444.0,461.0,493.5,inferred
Birmingham,2021-09-16,343.0,366.9,382.0,387.0,392.7,402.6,411.0,420.0,431.0,436.0,443.0,461.1,488.0,inferred
Birmingham,2021-09-17,313.5,334.0,349.0,355.8,362.0,372.0,380.0,390.0,399.0,405.0,412.0,429.0,452.5,inferred
Birmingham,2021-09-18,271.5,292.0,308.0,312.0,318.0,326.6,334.0,342.0,352.0,357.0,363.0,379.0,404.5,inferred
Birmingham,2021-09-19,301.0,322.0,337.0,343.0,347.0,356.0,366.0,374.0,384.0,389.0,396.0,412.0,438.0,inferred
Birmingham,2021-09-20,425.0,453.9,470.0,477.0,483.0,494.0,503.0,516.4,527.0,535.2,542.2,561.0,593.0,inferred
Birmingham,2021-09-21,404.0,429.9,446.0,452.0,458.0,470.0,480.0,490.0,501.0,507.2,514.0,534.0,565.0,inferred
Birmingham,2021-09-22,401.0,425.9,443.0,449.0,453.0,464.0,473.0,483.0,494.3,500.0,507.2,524.0,555.5,inferred
Birmingham,2021-09-23,378.0,403.0,418.0,424.0,430.0,439.6,449.0,460.0,470.0,475.0,481.0,500.0,532.0,inferred
Birmingham,2021-09-24,332.0,351.0,368.0,373.0,377.7,387.0,397.0,407.0,415.0,422.0,427.0,443.1,471.0,inferred
Birmingham,2021-09-25,270.5,292.0,306.0,311.0,315.0,325.0,333.0,341.4,350.0,354.2,362.0,376.0,402.0,inferred
Birmingham,2021-09-26,284.0,306.0,320.0,327.0,331.0,340.6,348.0,356.0,368.0,373.0,379.0,392.1,416.0,inferred
Birmingham,2021-09-27,383.5,411.0,430.0,437.0,443.0,453.0,464.0,474.0,484.3,490.0,497.0,516.0,544.5,inferred
Birmingham,2021-09-28,369.0,393.0,408.0,413.0,419.0,431.0,442.0,450.0,462.0,467.0,474.0,491.0,517.0,inferred
Birmingham,2021-09-29,365.5,390.0,407.0,415.0,421.0,431.0,441.0,450.0,461.0,466.0,472.2,494.0,525.0,inferred
Birmingham,2021-09-30,360.0,385.0,402.0,407.0,412.7,421.0,430.0,441.0,451.0,456.2,463.2,481.0,516.5,inferred
Birmingham,2021-10-01,327.0,347.0,361.8,368.0,373.0,382.0,390.0,398.4,406.0,411.0,417.0,435.1,462.0,inferred
Birmingham,2021-10-02,280.0,295.0,308.0,313.8,318.0,326.0,335.0,344.0,354.0,358.0,364.0,379.0,406.0,inferred
Birmingham,2021-10-03,294.5,315.0,329.0,336.0,341.0,351.0,360.0,369.0,378.0,383.0,390.0,405.1,430.0,inferred
Birmingham,2021-10-04,409.5,438.0,455.0,462.0,467.7,478.0,490.0,499.4,512.0,519.0,525.0,548.1,573.5,inferred
Birmingham,2021-10-05,392.0,422.0,438.0,445.0,450.7,461.0,471.0,482.0,493.0,499.0,505.0,524.0,559.0,inferred
Birmingham,2021-10-06,404.0,426.9,444.0,450.0,456.0,467.0,478.5,490.0,501.0,507.0,514.0,535.0,561.0,inferred
Birmingham,2021-10-07,398.0,423.0,439.0,446.0,451.0,461.0,471.0,483.0,493.0,500.0,506.0,526.0,554.5,inferred
Birmingham,2021-10-08,359.0,384.0,401.0,407.0,411.0,422.0,431.0,440.0,450.0,456.0,462.2,480.0,506.0,inferred
Birmingham,2021-10-09,311.0,335.0,349.0,353.0,358.0,368.0,376.0,387.0,397.0,402.0,409.0,428.0,452.0,inferred
Birmingham,2021-10-10,338.0,360.0,376.8,382.0,388.0,399.0,408.0,418.0,429.0,435.0,440.0,456.0,483.0,inferred
Birmingham,2021-10-11,469.0,501.0,519.8,526.0,534.0,546.0,556.0,568.0,580.0,587.0,595.0,614.0,649.0,inferred
Birmingham,2021-10-12,446.0,475.0,494.0,501.0,508.0,520.6,533.0,544.0,555.0,562.0,570.0,590.0,628.5,inferred
Birmingham,2021-10-13,445.5,474.0,491.0,497.0,502.0,515.0,525.0,535.0,548.0,554.2,562.2,583.0,615.0,inferred
Birmingham,2021-10-14,413.0,443.0,464.0,472.0,479.0,490.0,501.0,512.0,525.0,531.0,538.0,562.0,595.5,inferred
Birmingham,2021-10-15,358.0,392.0,410.0,417.0,423.0,435.0,446.0,458.0,469.0,475.0,483.0,504.0,533.0,inferred
Blaby,2021-07-03,12.0,16.0,18.0,19.0,20.0,22.0,24.0,25.0,27.0,28.0,30.0,33.0,39.0,inferred
Blaby,2021-07-04,13.0,17.0,20.0,21.0,22.0,24.0,26.0,28.0,30.0,32.0,33.0,38.0,44.0,inferred
Blaby,2021-07-05,21.0,27.0,30.0,32.0,33.0,36.0,38.0,40.0,43.0,45.0,46.0,50.0,60.0,inferred
Blaby,2021-07-06,23.0,28.9,32.0,33.0,35.0,37.0,40.0,42.0,45.0,47.0,48.0,53.0,61.0,inferred
Blaby,2021-07-07,26.5,31.0,35.0,37.0,38.0,41.0,43.0,46.0,49.0,50.0,52.0,57.0,64.5,inferred
Blaby,2021-07-08,29.0,34.0,39.0,41.0,42.0,45.0,47.0,50.0,53.0,55.0,57.0,62.0,70.0,inferred
Blaby,2021-07-09,28.0,35.0,38.0,40.0,41.0,44.0,46.0,49.0,52.0,54.0,56.0,61.0,68.0,inferred
Blaby,2021-07-10,26.0,32.0,36.0,37.0,39.0,41.0,44.0,47.0,50.0,51.0,53.0,57.0,66.0,inferred
Blaby,2021-07-11,32.0,38.0,43.0,45.0,46.0,49.0,52.0,55.0,58.0,60.0,62.0,67.0,77.0,inferred
Blaby,2021-07-12,51.5,61.0,66.0,68.0,70.0,74.0,77.0,81.0,85.0,87.0,89.0,96.0,107.5,inferred
Blaby,2021-07-13,52.0,60.0,65.0,67.0,69.0,73.0,77.0,80.0,84.0,87.0,90.0,95.0,107.0,inferred
Blaby,2021-07-14,53.0,60.0,65.0,67.0,70.0,73.0,76.0,80.0,84.0,86.0,89.0,96.0,106.0,inferred
Blaby,2021-07-15,51.0,59.0,63.0,65.0,67.0,70.0,74.0,77.0,82.0,84.0,86.0,92.0,103.5,inferred
Blaby,2021-07-16,43.0,50.0,56.0,57.0,59.0,62.6,66.0,69.0,73.0,75.0,77.0,84.0,94.0,inferred
Blaby,2021-07-17,36.0,41.0,46.0,48.0,50.0,52.0,55.0,58.0,61.0,63.0,65.0,70.1,80.0,inferred
Blaby,2021-07-18,38.0,44.0,49.0,51.0,53.0,55.0,59.0,61.0,65.0,67.0,69.0,74.0,85.0,inferred
Blaby,2021-07-19,54.0,61.0,67.0,69.0,71.0,74.0,78.0,81.0,85.0,87.0,90.0,96.0,106.0,inferred
Blaby,2021-07-20,46.0,54.0,60.0,62.0,63.0,67.0,70.0,74.0,77.0,79.0,82.0,88.0,101.0,inferred
Blaby,2021-07-21,41.5,49.0,55.0,57.0,59.0,62.0,65.0,69.0,72.0,74.0,76.0,82.0,93.0,inferred
Blaby,2021-07-22,39.0,45.0,50.0,52.0,54.0,57.0,60.0,64.0,67.0,68.0,70.0,76.0,86.0,inferred
Blaby,2021-07-23,30.0,37.0,41.0,43.0,45.0,47.0,50.0,53.0,56.0,58.0,60.0,65.0,74.0,inferred
Blaby,2021-07-24,22.0,29.0,33.0,34.0,36.0,38.0,40.0,43.0,46.0,47.0,49.0,54.0,61.0,inferred
Blaby,2021-07-25,23.0,28.0,32.0,33.0,35.0,37.6,40.0,43.0,45.0,47.0,49.0,55.0,63.0,inferred
Blaby,2021-07-26,32.0,38.0,42.0,44.0,45.0,49.0,51.5,54.0,57.0,59.0,62.0,68.0,77.0,inferred
Blaby,2021-07-27,30.0,36.0,40.0,42.0,43.0,46.0,49.0,52.0,54.3,56.0,58.0,64.0,74.0,inferred
Blaby,2021-07-28,32.0,37.0,42.0,43.0,45.0,48.0,50.0,53.0,56.0,58.0,60.0,66.0,74.0,inferred
Blaby,2021-07-29,32.5,38.0,43.0,44.0,46.0,49.0,51.0,54.0,57.0,59.0,61.0,67.0,77.0,inferred
Blaby,2021-07-30,29.0,35.0,39.0,41.0,43.0,46.0,48.0,52.0,55.0,56.0,58.0,63.0,73.0,inferred
Blaby,2021-07-31,26.0,31.0,35.0,36.0,38.0,40.0,43.0,45.0,48.0,50.0,52.0,57.0,66.0,inferred
Blaby,2021-08-01,29.0,34.0,38.0,40.0,41.0,44.0,47.0,50.0,53.0,55.0,57.0,62.0,71.0,inferred
Blaby,2021-08-02,44.0,51.0,57.0,59.0,61.0,64.0,67.0,70.0,74.0,76.0,79.0,85.0,94.0,inferred
Blaby,2021-08-03,42.0,49.0,54.0,56.0,58.0,61.0,65.0,68.0,71.0,73.0,75.0,82.0,92.0,inferred
Blaby,2021-08-04,43.0,50.0,56.0,58.0,60.0,64.0,67.0,70.0,74.0,76.0,79.0,84.1,94.5,inferred
Blaby,2021-08-05,42.0,49.0,54.0,56.8,58.0,61.0,65.0,68.0,72.0,73.0,75.0,82.0,93.0,inferred
Blaby,2021-08-06,38.0,45.0,50.0,53.0,54.0,57.0,60.0,63.0,67.0,69.0,71.0,76.0,85.0,inferred
Blaby,2021-08-07,31.5,38.0,42.0,44.0,46.0,49.0,51.0,54.0,57.0,59.0,61.0,67.0,77.0,inferred
Blaby,2021-08-08,34.0,41.0,46.0,48.0,49.0,52.0,55.0,58.0,61.0,63.0,66.0,72.0,82.0,inferred
Blaby,2021-08-09,50.0,58.0,64.0,66.8,69.0,72.0,76.0,79.0,83.0,85.0,88.0,95.0,107.0,inferred
Blaby,2021-08-10,46.5,55.0,61.0,63.0,65.0,69.0,72.0,75.0,79.0,81.0,83.0,90.0,100.0,inferred
Blaby,2021-08-11,48.5,56.0,62.0,63.0,65.0,69.0,71.5,75.0,79.0,80.0,83.0,89.0,100.0,inferred
Blaby,2021-08-12,46.0,54.0,59.0,61.0,63.0,66.0,69.0,72.0,76.0,78.0,80.0,87.0,97.0,inferred
Blaby,2021-08-13,40.5,47.0,52.0,54.0,56.0,59.0,62.0,65.0,68.0,70.0,72.0,78.0,87.5,inferred
Blaby,2021-08-14,34.0,40.0,44.0,45.0,47.0,50.0,53.0,56.0,59.0,61.0,63.0,68.0,76.0,inferred
Blaby,2021-08-15,35.5,42.0,46.0,48.0,50.0,53.0,56.0,59.0,62.0,64.0,66.0,72.0,80.0,inferred
Blaby,2021-08-16,49.5,58.0,64.0,66.0,68.0,72.0,75.0,79.0,83.0,85.0,88.0,95.0,106.0,inferred
Blaby,2021-08-17,48.0,55.0,60.8,63.0,65.0,68.0,72.0,75.0,79.0,81.0,83.0,89.0,99.0,inferred
Blaby,2021-08-18,47.0,55.0,60.0,62.0,64.0,67.0,70.0,74.0,78.0,79.2,82.0,88.0,96.0,inferred
Blaby,2021-08-19,46.0,52.0,57.0,59.0,61.0,65.0,68.0,71.0,75.0,77.0,80.0,86.0,95.5,inferred
Blaby,2021-08-20,39.0,46.0,51.0,53.0,54.0,57.0,60.0,63.0,66.0,68.0,70.0,76.0,88.0,inferred
Blaby,2021-08-21,31.0,38.0,43.0,45.0,46.0,49.0,52.0,55.0,57.0,59.0,61.0,67.0,76.0,inferred
Blaby,2021-08-22,34.5,40.0,45.0,47.0,49.0,52.0,55.0,58.0,61.0,63.0,65.0,71.0,80.0,inferred
Blaby,2021-08-23,49.0,57.0,63.0,65.0,67.0,71.0,75.0,78.0,82.0,83.2,86.0,93.0,104.0,inferred
Blaby,2021-08-24,47.0,54.0,59.0,61.0,63.0,66.0,70.0,73.0,77.0,79.0,81.0,88.0,98.5,inferred
Blaby,2021-08-25,46.0,53.0,58.0,60.0,62.0,65.0,69.0,72.0,75.0,77.0,80.0,86.0,98.0,inferred
Blaby,2021-08-26,44.0,51.0,56.0,57.0,59.0,62.0,66.0,69.0,73.0,74.0,77.0,83.0,91.0,inferred
Blaby,2021-08-27,38.0,45.0,49.0,51.0,53.0,56.0,59.0,62.0,64.3,66.2,69.0,74.0,84.0,inferred
Blaby,2021-08-28,29.0,36.0,41.0,42.0,44.0,47.0,49.0,52.0,55.0,57.0,59.0,65.0,74.5,inferred
Blaby,2021-08-29,32.0,38.0,43.0,44.0,46.0,49.0,52.0,55.0,58.0,60.0,62.0,67.1,77.0,inferred
Blaby,2021-08-30,46.0,54.0,59.0,62.0,63.0,67.0,70.0,73.0,78.0,80.0,83.0,89.0,100.0,inferred
Blaby,2021-08-31,45.5,53.0,58.0,60.0,62.0,65.0,68.0,72.0,75.0,77.0,79.0,85.0,96.0,inferred
Blaby,2021-09-01,46.0,54.0,60.0,62.0,64.0,68.0,71.0,75.0,78.0,80.0,83.0,89.0,100.0,inferred
Blaby,2021-09-02,48.0,57.0,62.0,64.0,66.0,70.0,73.0,76.0,80.0,82.0,84.0,90.0,103.0,inferred
Blaby,2021-09-03,45.0,53.0,58.0,61.0,62.0,65.0,69.0,72.0,76.0,78.0,81.0,87.0,96.0,inferred
Blaby,2021-09-04,40.0,48.0,52.0,54.0,56.0,59.0,62.0,65.0,68.0,70.0,71.0,78.0,87.5,inferred
Blaby,2021-09-05,45.5,52.0,58.0,60.0,62.0,65.0,68.0,72.0,76.0,77.2,80.0,86.0,97.5,inferred
Blaby,2021-09-06,68.0,77.0,83.0,86.0,88.0,92.0,96.0,100.0,104.0,107.0,110.0,117.0,126.0,inferred
Blaby,2021-09-07,63.0,72.0,79.0,81.0,83.7,88.0,91.0,96.0,100.0,103.0,105.0,113.0,126.0,inferred
Blaby,2021-09-08,64.0,72.0,78.0,80.0,82.0,86.0,90.0,94.0,98.0,100.0,102.0,108.0,119.5,inferred
Blaby,2021-09-09,58.0,67.0,73.0,75.0,77.0,81.0,85.0,88.0,92.0,95.0,97.0,103.0,113.0,inferred
Blaby,2021-09-10,51.0,58.0,63.0,65.0,67.0,71.0,74.0,77.0,81.0,83.0,85.0,91.0,102.0,inferred
Blaby,2021-09-11,40.0,46.0,51.0,53.0,55.0,58.0,61.0,64.0,68.0,69.0,71.0,77.0,87.5,inferred
Blaby,2021-09-12,41.0,49.0,54.0,56.0,57.0,60.0,63.0,66.0,70.0,72.0,74.0,79.0,90.0,inferred
Blaby,2021-09-13,57.0,66.0,72.0,74.0,76.0,80.0,83.0,87.0,91.0,94.0,97.0,104.0,115.0,inferred
Blaby,2021-09-14,53.0,62.0,68.0,71.0,73.0,77.0,80.0,83.0,87.0,89.0,91.2,98.0,109.0,inferred
Blaby,2021-09-15,58.0,66.0,71.0,73.0,75.0,79.0,83.0,87.0,91.0,93.0,95.0,101.0,113.0,inferred
Blaby,2021-09-16,60.0,68.0,73.0,75.0,77.0,80.6,83.0,87.0,91.0,93.0,95.0,102.0,113.0,inferred
Blaby,2021-09-17,54.0,62.0,68.0,70.0,72.0,75.0,79.0,83.0,86.0,88.0,90.0,97.0,107.0,inferred
Blaby,2021-09-18,46.0,54.0,60.0,62.0,64.0,67.0,71.0,73.4,77.0,79.0,81.0,87.0,96.0,inferred
Blaby,2021-09-19,53.0,61.0,66.0,68.0,70.0,73.0,77.0,81.0,85.0,87.0,89.0,95.0,105.0,inferred
Blaby,2021-09-20,78.0,89.0,95.0,97.0,100.0,104.0,108.0,113.0,117.0,120.0,123.0,131.0,143.0,inferred
Blaby,2021-09-21,76.0,85.0,90.0,93.0,96.0,100.0,104.0,109.0,113.3,117.0,119.0,126.0,137.0,inferred
Blaby,2021-09-22,73.0,82.0,88.0,91.0,94.0,98.0,102.0,106.0,111.0,113.0,116.0,125.0,137.0,inferred
Blaby,2021-09-23,71.0,79.0,85.0,87.0,89.0,93.0,97.0,101.0,105.0,108.0,111.0,117.0,129.0,inferred
Blaby,2021-09-24,60.0,67.0,72.0,75.0,78.0,81.0,85.0,88.0,93.0,95.0,97.0,105.0,115.5,inferred
Blaby,2021-09-25,47.0,55.0,60.0,62.0,64.0,67.0,71.0,74.0,78.0,80.0,81.0,88.0,97.0,inferred
Blaby,2021-09-26,49.0,57.0,63.0,65.0,67.0,70.0,73.0,77.0,81.0,83.0,85.0,92.0,102.5,inferred
Blaby,2021-09-27,69.5,79.0,86.0,88.0,90.0,94.0,98.0,102.4,107.0,109.0,112.0,120.0,132.0,inferred
Blaby,2021-09-28,63.0,72.0,78.0,80.0,82.0,86.0,90.0,94.0,98.0,100.0,103.0,110.0,122.0,inferred
Blaby,2021-09-29,62.0,71.0,76.0,79.0,81.0,85.0,88.0,92.0,96.0,98.0,101.0,108.0,119.0,inferred
Blaby,2021-09-30,58.0,66.0,73.0,75.0,77.0,80.0,84.0,87.0,91.0,93.0,95.0,102.0,112.0,inferred
Blaby,2021-10-01,50.0,59.0,64.0,66.0,68.0,71.0,74.0,77.0,81.0,83.0,85.0,92.0,102.0,inferred
Blaby,2021-10-02,41.5,48.0,52.0,54.0,55.0,58.0,62.0,65.0,68.0,70.0,73.0,79.0,88.0,inferred
Blaby,2021-10-03,42.0,49.0,54.0,56.0,58.0,62.0,65.0,67.0,71.0,73.0,75.0,81.0,91.0,inferred
Blaby,2021-10-04,59.0,68.9,74.0,77.0,79.0,82.0,86.0,90.0,94.0,97.0,99.0,107.1,117.0,inferred
Blaby,2021-10-05,56.0,63.0,69.0,71.0,73.0,77.0,80.0,83.0,87.0,89.0,91.0,98.0,111.5,inferred
Blaby,2021-10-06,52.0,60.0,66.0,68.0,70.7,75.0,78.0,82.0,86.0,88.0,90.0,97.0,108.0,inferred
Blaby,2021-10-07,48.0,58.0,63.0,66.0,68.0,71.0,75.0,79.0,82.0,85.0,87.0,94.0,105.0,inferred
Blaby,2021-10-08,42.0,50.0,55.0,57.0,59.0,63.0,66.0,69.4,73.0,75.0,77.0,83.0,92.0,inferred
Blaby,2021-10-09,34.0,40.0,45.0,47.0,49.0,52.0,55.0,58.0,61.0,63.0,64.0,71.0,80.5,inferred
Blaby,2021-10-10,37.0,43.9,49.0,51.0,52.0,55.0,58.0,61.0,64.0,66.0,68.0,73.0,82.0,inferred
Blaby,2021-10-11,51.0,60.0,65.0,67.0,69.0,73.0,77.0,80.0,84.0,86.0,89.0,97.0,109.0,inferred
Blaby,2021-10-12,46.0,54.0,60.0,62.0,64.0,67.0,71.0,74.0,78.0,80.0,82.0,89.0,100.0,inferred
Blaby,2021-10-13,45.0,52.0,58.0,60.0,61.0,65.0,69.0,73.0,76.0,78.0,80.0,87.0,98.5,inferred
Blaby,2021-10-14,40.0,47.0,52.0,54.0,57.0,60.0,63.0,66.0,70.0,72.0,75.0,81.0,90.0,inferred
Blaby,2021-10-15,33.0,40.0,45.0,47.0,49.0,52.0,55.0,58.0,62.0,64.0,65.0,72.0,81.0,inferred
Blackburn with Darwen,2021-07-03,46.0,52.0,57.0,59.0,61.0,63.0,66.0,69.0,72.0,74.0,76.0,82.0,90.0,inferred
Blackburn with Darwen,2021-07-04,50.0,56.0,61.0,62.8,64.0,67.0,70.0,73.0,76.0,78.0,80.0,86.0,95.0,inferred
Blackburn with Darwen,2021-07-05,73.0,81.0,87.0,89.0,92.0,95.0,98.0,102.0,106.0,108.0,111.0,117.0,127.5,inferred
Blackburn with Darwen,2021-07-06,67.0,75.9,81.0,84.0,85.0,88.0,92.0,96.0,101.0,103.0,105.0,111.0,121.0,inferred
Blackburn with Darwen,2021-07-07,68.0,76.0,82.8,85.0,87.0,90.6,93.0,97.0,101.0,103.0,105.0,113.0,123.0,inferred
Blackburn with Darwen,2021-07-08,66.5,75.0,80.0,82.0,84.0,88.0,92.0,95.0,99.0,101.0,104.0,110.0,120.0,inferred
Blackburn with Darwen,2021-07-09,59.0,67.0,72.0,74.0,76.0,79.0,82.0,85.0,89.0,90.0,92.0,99.0,108.5,inferred
Blackburn with Darwen,2021-07-10,46.0,54.0,59.0,61.0,63.0,66.0,69.0,72.0,76.0,78.0,80.0,85.0,93.5,inferred
Blackburn with Darwen,2021-07-11,53.0,60.0,65.0,67.0,68.0,72.0,75.0,78.0,81.0,83.0,86.0,91.0,99.5,inferred
Blackburn with Darwen,2021-07-12,79.0,88.0,95.0,97.0,99.0,103.0,107.0,111.0,114.0,117.0,120.0,126.0,136.0,inferred
Blackburn with Darwen,2021-07-13,75.0,83.0,89.0,91.0,93.0,97.0,101.0,105.0,109.0,111.2,114.0,121.0,132.0,inferred
Blackburn with Darwen,2021-07-14,74.0,82.0,88.0,90.0,92.0,96.0,100.0,104.0,107.0,110.0,112.0,119.0,129.0,inferred
Blackburn with Darwen,2021-07-15,68.5,76.0,82.0,84.0,86.0,90.0,93.0,96.0,100.0,102.2,105.0,112.0,124.0,inferred
Blackburn with Darwen,2021-07-16,56.0,65.0,70.0,72.0,73.0,77.0,80.0,83.0,86.0,89.0,91.0,97.0,107.0,inferred
Blackburn with Darwen,2021-07-17,44.5,52.0,56.0,58.0,60.0,63.0,66.0,68.0,71.0,73.0,76.0,81.1,89.0,inferred
Blackburn with Darwen,2021-07-18,45.0,52.0,57.0,60.0,62.0,64.0,68.0,71.0,74.0,76.0,77.2,83.0,92.0,inferred
Blackburn with Darwen,2021-07-19,66.0,75.0,80.0,82.0,84.0,88.0,92.0,95.0,99.0,101.0,104.0,111.0,120.0,inferred
Blackburn with Darwen,2021-07-20,58.0,66.0,71.0,73.0,74.0,78.0,81.0,84.0,88.0,90.0,92.0,99.0,107.5,inferred
Blackburn with Darwen,2021-07-21,51.0,59.0,64.0,66.0,68.0,72.0,75.0,78.0,81.0,83.0,86.0,92.1,102.0,inferred
Blackburn with Darwen,2021-07-22,43.0,51.0,55.0,57.0,59.0,62.0,65.0,68.0,71.0,73.0,75.0,80.0,88.0,inferred
Blackburn with Darwen,2021-07-23,33.0,39.0,43.0,44.0,45.0,48.0,51.0,53.4,56.0,58.0,60.0,65.0,73.0,inferred
Blackburn with Darwen,2021-07-24,23.0,28.0,31.0,33.0,34.0,36.0,39.0,41.0,43.0,44.0,46.0,50.0,57.0,inferred
Blackburn with Darwen,2021-07-25,22.0,26.0,30.0,31.0,32.0,34.0,36.0,39.0,41.0,42.0,44.0,48.0,55.5,inferred
Blackburn with Darwen,2021-07-26,29.0,35.0,38.0,40.0,42.0,44.0,46.0,49.0,52.0,54.0,56.0,60.0,68.0,inferred
Blackburn with Darwen,2021-07-27,24.0,29.0,33.0,35.0,36.0,38.0,41.0,43.0,46.0,47.0,49.0,54.0,61.0,inferred
Blackburn with Darwen,2021-07-28,25.0,29.0,32.0,34.0,35.0,37.0,40.0,43.0,45.0,47.0,49.0,53.0,59.5,inferred
Blackburn with Darwen,2021-07-29,23.0,28.0,31.0,33.0,34.0,36.0,39.0,41.0,43.0,44.0,46.0,51.0,57.0,inferred
Blackburn with Darwen,2021-07-30,18.0,23.0,27.0,28.0,29.0,32.0,34.0,36.0,38.0,40.0,41.0,45.0,53.0,inferred
Blackburn with Darwen,2021-07-31,14.0,19.0,22.0,23.0,24.0,26.0,28.0,30.0,32.0,34.0,35.0,38.0,44.0,inferred
Blackburn with Darwen,2021-08-01,17.0,21.0,24.0,25.0,26.0,28.0,30.0,31.0,34.0,35.0,36.0,40.0,45.0,inferred
Blackburn with Darwen,2021-08-02,25.0,30.0,33.0,35.0,37.0,39.0,41.0,43.0,46.0,47.0,49.0,53.0,61.0,inferred
Blackburn with Darwen,2021-08-03,24.0,29.0,32.0,33.0,35.0,37.0,39.0,42.0,44.0,45.0,47.0,51.0,60.0,inferred
Blackburn with Darwen,2021-08-04,25.0,29.0,34.0,35.0,36.0,39.0,41.0,43.0,46.0,47.0,49.0,53.0,60.0,inferred
Blackburn with Darwen,2021-08-05,25.5,30.0,34.0,35.0,36.0,39.0,41.0,44.0,46.0,48.0,49.2,54.0,61.0,inferred
Blackburn with Darwen,2021-08-06,22.0,28.0,31.0,32.0,34.0,35.6,38.0,40.0,42.0,43.0,45.0,49.0,55.0,inferred
Blackburn with Darwen,2021-08-07,18.0,23.0,26.0,27.0,28.7,31.0,33.0,34.0,37.0,38.0,40.0,44.0,50.0,inferred
Blackburn with Darwen,2021-08-08,21.0,25.0,28.0,30.0,31.0,33.0,35.0,37.0,40.0,41.0,42.0,47.0,54.5,inferred
Blackburn with Darwen,2021-08-09,32.0,39.0,42.0,44.0,45.0,48.0,51.0,53.0,56.0,57.0,59.0,64.0,72.0,inferred
Blackburn with Darwen,2021-08-10,31.0,37.0,41.0,42.0,43.0,46.0,48.0,51.0,54.0,56.0,58.0,63.0,71.0,inferred
Blackburn with Darwen,2021-08-11,31.0,36.0,41.0,42.0,44.0,46.0,49.0,51.0,54.0,56.0,57.0,62.0,70.0,inferred
Blackburn with Darwen,2021-08-12,29.5,35.0,39.0,41.0,42.0,45.0,47.0,49.0,52.0,54.0,56.0,61.0,69.0,inferred
Blackburn with Darwen,2021-08-13,25.0,30.0,35.0,36.0,37.0,39.0,42.0,44.0,46.3,48.0,50.0,54.0,62.0,inferred
Blackburn with Darwen,2021-08-14,21.5,26.0,29.0,30.0,31.0,33.0,36.0,37.4,40.0,41.0,43.0,48.0,54.0,inferred
Blackburn with Darwen,2021-08-15,23.0,28.0,31.0,32.0,33.0,35.6,38.0,40.0,43.0,44.0,45.0,49.0,56.5,inferred
Blackburn with Darwen,2021-08-16,34.0,40.0,45.0,46.0,48.0,51.0,53.0,56.0,59.0,61.0,63.0,68.0,75.5,inferred
Blackburn with Darwen,2021-08-17,33.0,39.0,43.0,45.0,46.0,49.0,51.0,54.0,57.0,58.0,60.0,66.0,73.0,inferred
Blackburn with Darwen,2021-08-18,33.5,39.0,44.0,46.0,47.0,50.0,53.0,55.0,57.0,59.0,61.0,66.1,75.0,inferred
Blackburn with Darwen,2021-08-19,34.0,40.0,44.0,45.0,47.0,49.0,52.0,55.0,58.0,59.0,61.0,67.0,75.0,inferred
Blackburn with Darwen,2021-08-20,30.0,35.0,39.0,41.0,42.0,45.0,48.0,50.0,53.0,54.0,56.0,61.0,68.0,inferred
Blackburn with Darwen,2021-08-21,24.0,30.0,33.0,35.0,36.0,38.0,40.0,42.0,45.0,47.0,48.0,53.0,59.0,inferred
Blackburn with Darwen,2021-08-22,27.0,32.0,36.0,37.0,39.0,41.0,44.0,46.0,49.0,50.0,52.0,57.0,63.0,inferred
Blackburn with Darwen,2021-08-23,40.5,47.0,52.0,54.0,56.0,59.0,62.0,65.0,68.0,70.0,71.0,77.0,87.0,inferred
Blackburn with Darwen,2021-08-24,39.0,45.0,49.0,51.0,52.0,55.0,58.0,61.0,64.0,66.0,69.0,74.0,83.0,inferred
Blackburn with Darwen,2021-08-25,38.5,45.0,50.0,51.0,53.0,56.0,59.0,62.0,65.0,67.0,69.0,74.0,82.0,inferred
Blackburn with Darwen,2021-08-26,37.0,44.0,48.0,50.0,51.7,54.0,57.0,59.0,62.0,64.0,66.0,72.0,81.0,inferred
Blackburn with Darwen,2021-08-27,31.0,37.0,42.0,43.0,45.0,47.0,50.0,52.0,55.0,57.0,59.0,64.0,70.5,inferred
Blackburn with Darwen,2021-08-28,26.0,31.0,35.0,36.0,38.0,40.0,43.0,45.0,48.0,49.0,51.0,55.1,62.0,inferred
Blackburn with Darwen,2021-08-29,28.0,34.0,37.0,39.0,40.0,42.0,45.0,47.0,50.0,52.0,53.0,58.0,65.0,inferred
Blackburn with Darwen,2021-08-30,43.0,49.0,53.0,55.0,56.0,59.0,62.0,65.0,69.0,71.0,73.0,79.1,88.5,inferred
Blackburn with Darwen,2021-08-31,40.0,47.0,51.0,53.0,54.0,57.0,60.0,63.0,67.0,69.0,70.0,75.0,84.0,inferred
Blackburn with Darwen,2021-09-01,43.0,50.0,54.0,56.0,57.0,60.0,63.0,66.0,69.0,71.0,73.0,79.0,86.5,inferred
Blackburn with Darwen,2021-09-02,43.0,50.0,54.0,56.0,57.0,60.0,63.0,66.0,69.0,71.0,73.0,79.0,86.5,inferred
Blackburn with Darwen,2021-09-03,37.0,44.0,49.0,51.0,52.0,55.0,58.0,60.0,63.0,65.0,67.0,72.0,79.0,inferred
Blackburn with Darwen,2021-09-04,32.0,38.0,42.0,44.0,45.0,47.0,50.0,53.0,56.0,57.0,59.0,63.1,70.0,inferred
Blackburn with Darwen,2021-09-05,35.0,40.0,45.0,47.0,48.0,51.0,53.0,56.0,59.0,61.0,63.0,69.0,76.5,inferred
Blackburn with Darwen,2021-09-06,53.0,61.0,66.0,68.0,70.0,73.0,76.0,79.0,83.0,85.0,88.0,93.0,102.0,inferred
Blackburn with Darwen,2021-09-07,48.5,56.0,61.0,63.0,64.0,67.0,71.0,74.0,77.0,79.0,81.0,87.0,98.0,inferred
Blackburn with Darwen,2021-09-08,48.0,55.0,59.0,61.0,63.0,66.0,69.5,73.0,76.0,78.0,80.0,86.0,93.5,inferred
Blackburn with Darwen,2021-09-09,42.0,50.0,55.0,56.0,58.0,61.0,64.0,66.0,70.0,71.0,73.0,77.0,87.5,inferred
Blackburn with Darwen,2021-09-10,35.0,41.0,45.0,46.0,48.0,50.0,53.0,56.0,59.0,61.0,63.0,68.0,75.0,inferred
Blackburn with Darwen,2021-09-11,27.0,32.0,35.0,37.0,38.0,41.0,43.0,46.0,49.0,50.0,51.0,56.0,64.0,inferred
Blackburn with Darwen,2021-09-12,28.0,33.0,36.0,37.0,39.0,41.0,43.0,46.0,49.0,50.0,52.0,57.0,64.5,inferred
Blackburn with Darwen,2021-09-13,39.0,45.0,49.0,51.0,52.7,55.0,59.0,62.0,65.0,67.0,69.0,75.0,82.0,inferred
Blackburn with Darwen,2021-09-14,35.0,42.0,46.0,48.0,49.0,52.0,55.0,58.0,61.0,62.0,64.0,69.0,76.0,inferred
Blackburn with Darwen,2021-09-15,37.0,43.0,47.0,49.0,50.0,53.0,55.0,58.0,61.0,63.0,65.0,69.0,77.5,inferred
Blackburn with Darwen,2021-09-16,35.0,40.9,45.0,47.0,48.0,51.0,54.0,57.0,60.0,61.0,63.0,68.0,75.0,inferred
Blackburn with Darwen,2021-09-17,30.0,36.0,40.0,41.0,43.0,45.0,48.0,50.0,53.0,54.0,56.0,60.0,69.0,inferred
Blackburn with Darwen,2021-09-18,24.0,29.0,33.0,34.0,35.0,38.0,40.0,42.0,45.0,47.0,48.0,52.0,59.0,inferred
Blackburn with Darwen,2021-09-19,26.0,31.0,35.0,37.0,38.0,40.0,42.0,45.0,47.0,49.0,51.0,55.0,63.0,inferred
Blackburn with Darwen,2021-09-20,40.0,46.0,51.0,52.0,54.0,57.0,60.0,62.0,66.0,68.0,70.0,75.0,84.0,inferred
Blackburn with Darwen,2021-09-21,37.0,42.0,47.0,49.0,51.0,54.0,56.0,59.0,62.0,63.0,65.0,70.0,79.0,inferred
Blackburn with Darwen,2021-09-22,36.0,43.0,48.0,49.0,51.0,54.0,56.0,59.0,62.0,64.0,66.0,70.0,79.0,inferred
Blackburn with Darwen,2021-09-23,34.0,40.0,44.0,46.0,47.0,50.0,53.0,56.0,58.0,60.0,62.0,66.0,74.0,inferred
Blackburn with Darwen,2021-09-24,29.0,35.0,39.0,40.0,41.0,44.0,47.0,49.0,51.0,53.0,55.0,59.0,67.0,inferred
Blackburn with Darwen,2021-09-25,24.0,28.9,32.0,33.0,34.0,37.0,39.0,41.0,43.0,45.0,46.0,51.0,58.0,inferred
Blackburn with Darwen,2021-09-26,24.0,30.0,33.8,35.0,36.0,39.0,41.0,44.0,46.0,47.0,49.0,53.0,61.0,inferred
Blackburn with Darwen,2021-09-27,38.0,44.0,48.0,50.0,52.0,54.0,57.0,60.0,63.0,64.2,66.0,71.1,81.0,inferred
Blackburn with Darwen,2021-09-28,35.0,42.0,46.0,48.0,49.0,51.0,54.0,57.0,60.0,62.0,64.0,69.0,77.0,inferred
Blackburn with Darwen,2021-09-29,37.0,43.0,47.0,49.0,50.0,53.0,56.0,60.0,63.0,65.0,67.0,72.0,80.0,inferred
Blackburn with Darwen,2021-09-30,37.0,43.0,47.0,49.0,51.0,54.0,56.0,59.0,62.0,64.0,65.0,70.0,79.0,inferred
Blackburn with Darwen,2021-10-01,32.0,39.0,43.0,45.0,46.0,49.0,51.0,54.0,56.0,58.0,60.0,64.0,72.0,inferred
Blackburn with Darwen,2021-10-02,27.0,32.0,36.0,37.0,38.0,41.0,44.0,46.0,49.0,50.0,52.0,57.0,64.0,inferred
Blackburn with Darwen,2021-10-03,30.0,36.0,39.0,41.0,42.0,45.0,47.0,50.0,53.0,54.0,56.0,60.0,68.0,inferred
Blackburn with Darwen,2021-10-04,46.0,53.0,57.0,59.0,60.0,64.0,67.0,70.0,74.0,75.0,77.0,83.0,92.5,inferred
Blackburn with Darwen,2021-10-05,43.0,50.0,54.0,56.0,58.0,61.0,64.0,67.0,70.0,72.0,74.0,80.0,88.0,inferred
Blackburn with Darwen,2021-10-06,43.5,51.0,56.0,58.0,59.0,62.0,65.0,68.0,71.0,73.0,75.0,81.0,90.0,inferred
Blackburn with Darwen,2021-10-07,42.5,50.0,54.0,56.0,58.0,61.0,63.0,66.0,70.0,71.0,73.0,78.0,88.0,inferred
Blackburn with Darwen,2021-10-08,37.0,45.0,48.0,50.0,52.0,55.0,57.0,60.0,63.0,65.0,67.0,73.0,81.0,inferred
Blackburn with Darwen,2021-10-09,31.0,36.0,41.0,42.0,44.0,46.0,49.0,51.0,54.0,56.0,57.0,62.0,71.0,inferred
Blackburn with Darwen,2021-10-10,34.0,40.0,44.0,45.0,47.0,49.0,52.0,54.0,57.0,59.0,61.0,66.0,75.0,inferred
Blackburn with Darwen,2021-10-11,50.0,58.0,63.0,65.0,67.0,71.0,75.0,78.0,81.0,83.0,85.0,91.0,100.5,inferred
Blackburn with Darwen,2021-10-12,47.0,55.0,60.0,61.0,63.0,66.0,69.0,72.0,76.0,78.0,80.0,86.0,95.5,inferred
Blackburn with Darwen,2021-10-13,46.0,54.0,59.0,61.0,63.0,65.0,68.0,71.0,75.0,76.2,79.0,85.0,94.0,inferred
Blackburn with Darwen,2021-10-14,44.0,51.0,55.0,57.0,59.0,62.0,65.0,68.0,71.0,72.2,74.0,81.0,91.0,inferred
Blackburn with Darwen,2021-10-15,36.0,42.0,46.0,48.0,50.0,53.0,56.0,59.0,62.0,64.0,65.0,72.0,80.0,inferred
Blackpool,2021-07-03,45.0,53.0,59.0,61.0,63.0,67.0,71.0,75.0,79.0,82.0,85.0,92.0,104.5,inferred
Blackpool,2021-07-04,55.0,64.0,70.0,72.0,74.0,78.0,82.0,87.0,91.0,93.0,97.0,106.0,120.0,inferred
Blackpool,2021-07-05,92.0,102.0,111.0,114.0,116.0,121.0,125.0,130.0,136.0,139.0,142.0,151.0,167.0,inferred
Blackpool,2021-07-06,91.0,103.0,110.0,112.0,114.0,119.0,123.0,128.0,133.0,137.0,139.2,147.0,160.0,inferred
Blackpool,2021-07-07,100.0,111.0,119.0,122.0,124.0,129.0,133.0,137.0,142.0,145.0,149.0,158.0,170.0,inferred
Blackpool,2021-07-08,100.0,111.9,120.0,123.0,125.7,130.0,135.0,140.0,145.0,147.0,151.0,159.0,172.0,inferred
Blackpool,2021-07-09,91.5,102.0,111.0,113.8,116.0,120.0,125.0,129.0,135.0,137.0,140.0,149.0,163.0,inferred
Blackpool,2021-07-10,79.0,90.0,97.0,99.0,102.0,106.0,111.0,115.0,120.0,123.0,126.0,135.0,149.0,inferred
Blackpool,2021-07-11,91.0,102.0,110.0,113.0,115.0,119.0,125.0,129.0,134.0,137.0,141.0,148.1,163.0,inferred
Blackpool,2021-07-12,140.0,155.0,164.0,168.0,171.0,177.0,182.0,188.0,194.0,197.0,201.0,213.0,230.0,inferred
Blackpool,2021-07-13,137.0,149.0,159.0,162.0,166.0,172.0,178.0,184.0,190.0,193.0,197.0,206.1,223.0,inferred
Blackpool,2021-07-14,138.0,152.0,160.8,164.0,167.0,172.0,178.0,184.0,189.3,193.0,196.0,207.0,223.0,inferred
Blackpool,2021-07-15,130.5,145.0,152.0,156.0,159.0,165.0,171.0,177.0,182.0,185.0,189.0,199.0,216.0,inferred
Blackpool,2021-07-16,113.0,124.0,132.0,135.0,138.0,143.0,149.0,154.0,159.0,162.0,166.0,174.0,190.0,inferred
Blackpool,2021-07-17,91.0,102.0,109.0,112.0,114.0,119.0,124.0,128.0,133.0,135.0,139.0,147.0,162.0,inferred
Blackpool,2021-07-18,95.0,104.0,113.0,116.0,118.0,123.0,128.0,132.0,137.0,140.0,143.0,152.0,166.0,inferred
Blackpool,2021-07-19,134.0,148.0,157.0,160.0,163.0,169.0,175.0,180.0,186.0,189.0,194.0,205.0,220.5,inferred
Blackpool,2021-07-20,121.0,134.0,142.0,145.0,147.0,153.0,158.0,164.0,170.0,173.2,177.0,187.0,206.0,inferred
Blackpool,2021-07-21,114.0,128.0,135.0,139.0,142.0,147.0,152.0,157.0,162.0,165.0,169.0,179.0,196.0,inferred
Blackpool,2021-07-22,101.5,114.0,123.0,125.0,128.0,133.0,138.0,143.0,148.0,151.0,154.0,164.0,179.0,inferred
Blackpool,2021-07-23,83.0,93.0,100.0,102.8,105.0,110.0,115.0,119.0,124.0,127.0,130.0,139.0,152.5,inferred
Blackpool,2021-07-24,62.0,72.0,79.0,81.0,83.0,87.0,90.0,94.0,98.0,100.0,104.0,111.0,123.0,inferred
Blackpool,2021-07-25,63.0,70.0,78.0,80.0,83.0,86.0,90.0,94.0,98.0,101.0,105.0,112.0,123.0,inferred
Blackpool,2021-07-26,84.0,95.0,103.0,106.0,108.0,113.0,118.0,123.0,128.0,131.0,134.0,141.0,156.0,inferred
Blackpool,2021-07-27,77.0,86.0,94.0,96.0,99.0,103.0,108.0,112.0,117.0,119.0,122.0,130.0,142.0,inferred
Blackpool,2021-07-28,75.0,85.0,92.0,95.0,97.0,102.0,106.0,110.0,115.0,118.0,121.0,129.0,143.0,inferred
Blackpool,2021-07-29,72.0,81.0,88.0,91.0,93.0,97.6,101.0,106.0,110.0,113.0,116.2,125.0,138.5,inferred
Blackpool,2021-07-30,61.0,70.0,76.0,79.0,80.0,85.0,89.0,92.0,97.0,99.0,102.0,109.0,121.0,inferred
Blackpool,2021-07-31,49.0,56.0,62.0,64.0,66.0,70.0,73.0,77.0,81.0,83.0,86.0,93.0,106.0,inferred
Blackpool,2021-08-01,51.0,59.0,66.0,68.0,70.0,74.0,77.0,81.0,84.0,87.0,89.0,96.0,109.0,inferred
Blackpool,2021-08-02,76.0,87.0,93.8,97.0,99.0,103.0,107.0,112.0,116.0,118.0,122.0,130.0,145.0,inferred
Blackpool,2021-08-03,69.0,79.0,86.0,89.0,91.0,95.0,99.0,104.0,109.0,112.0,115.0,123.0,136.0,inferred
Blackpool,2021-08-04,69.0,77.0,84.0,87.0,90.0,94.0,98.0,102.0,107.0,110.0,113.0,122.0,134.0,inferred
Blackpool,2021-08-05,65.0,75.0,81.0,84.0,86.0,90.0,94.0,98.0,103.0,105.0,108.0,115.0,128.5,inferred
Blackpool,2021-08-06,54.5,64.0,69.0,72.0,74.0,78.0,81.0,85.0,89.3,92.0,94.0,101.0,113.5,inferred
Blackpool,2021-08-07,43.0,50.0,55.0,57.0,59.0,63.0,67.0,70.0,74.0,76.0,78.0,84.0,96.5,inferred
Blackpool,2021-08-08,46.0,54.0,59.0,62.0,63.0,67.0,70.0,73.0,77.0,79.0,82.0,89.0,98.0,inferred
Blackpool,2021-08-09,68.0,77.0,83.0,86.0,88.0,92.0,96.0,100.0,104.3,107.0,110.0,117.0,131.0,inferred
Blackpool,2021-08-10,63.0,72.0,78.0,81.0,83.0,87.0,90.5,94.0,99.0,101.0,103.0,112.1,125.0,inferred
Blackpool,2021-08-11,63.5,73.0,79.0,81.0,84.0,87.6,92.0,95.0,100.0,102.0,105.0,113.0,125.0,inferred
Blackpool,2021-08-12,63.0,70.0,77.0,79.0,81.0,86.0,90.0,93.0,98.0,100.0,103.0,109.0,122.5,inferred
Blackpool,2021-08-13,53.5,62.0,68.0,70.0,72.7,77.0,80.0,84.0,88.0,90.0,92.0,100.0,111.5,inferred
Blackpool,2021-08-14,44.0,51.0,56.0,59.0,61.0,64.0,67.0,70.0,74.0,76.0,78.0,84.0,94.0,inferred
Blackpool,2021-08-15,48.0,55.0,61.0,63.0,65.0,68.0,72.0,75.0,79.0,82.0,84.0,91.0,102.5,inferred
Blackpool,2021-08-16,68.0,79.0,86.0,89.0,91.0,95.0,99.0,103.0,109.0,111.0,114.0,122.1,136.0,inferred
Blackpool,2021-08-17,67.0,76.0,82.8,85.0,87.0,91.0,96.0,100.0,105.0,107.0,110.0,118.0,130.0,inferred
Blackpool,2021-08-18,66.5,77.0,83.0,86.0,88.0,92.0,96.0,100.0,104.0,107.0,109.0,118.0,129.0,inferred
Blackpool,2021-08-19,64.0,73.0,80.0,83.0,85.0,89.0,94.0,97.0,101.0,104.0,107.0,114.0,127.0,inferred
Blackpool,2021-08-20,58.0,66.0,71.0,74.0,75.0,79.0,82.5,86.0,90.0,92.0,95.0,103.1,116.0,inferred
Blackpool,2021-08-21,45.0,53.0,59.0,61.0,63.0,67.0,70.0,74.0,77.0,80.0,82.0,89.0,99.5,inferred
Blackpool,2021-08-22,50.0,58.0,64.0,66.0,67.0,71.0,75.0,78.0,82.0,85.0,88.0,95.0,108.5,inferred
Blackpool,2021-08-23,73.0,84.0,90.0,93.0,95.0,100.0,104.0,108.0,113.0,116.0,120.0,129.0,142.0,inferred
Blackpool,2021-08-24,69.5,79.0,86.0,89.0,92.0,97.0,101.0,105.0,110.0,112.0,116.0,124.0,136.0,inferred
Blackpool,2021-08-25,73.0,82.0,88.0,91.0,93.0,97.0,101.0,105.0,111.0,113.0,116.0,124.0,137.0,inferred
Blackpool,2021-08-26,69.0,79.0,85.0,88.8,91.0,95.0,100.0,104.0,108.0,111.0,114.0,121.0,135.0,inferred
Blackpool,2021-08-27,60.0,70.0,76.0,78.0,81.0,85.0,89.0,93.0,97.0,100.0,103.0,110.0,121.0,inferred
Blackpool,2021-08-28,51.0,58.0,64.0,66.0,68.0,71.0,75.0,79.0,82.0,85.0,87.0,94.0,104.5,inferred
Blackpool,2021-08-29,53.0,62.0,68.0,71.0,72.0,77.0,80.0,84.0,88.0,91.0,94.0,101.0,111.5,inferred
Blackpool,2021-08-30,80.0,91.0,98.0,102.0,104.0,108.0,113.0,117.0,123.0,125.0,128.0,136.0,150.5,inferred
Blackpool,2021-08-31,77.0,87.0,94.0,97.0,99.0,104.0,109.0,113.0,118.0,121.0,124.0,130.0,145.0,inferred
Blackpool,2021-09-01,80.0,92.0,99.0,102.0,105.0,110.0,114.0,119.0,124.0,126.0,129.2,137.0,151.0,inferred
Blackpool,2021-09-02,80.0,92.0,99.0,101.0,104.0,109.0,112.0,117.0,122.0,125.0,128.0,136.0,151.0,inferred
Blackpool,2021-09-03,75.0,84.0,92.0,94.0,96.0,100.0,104.0,108.0,113.0,116.0,119.0,126.0,139.0,inferred
Blackpool,2021-09-04,61.0,70.0,77.0,79.0,82.0,86.0,90.0,94.0,98.0,100.0,104.0,111.0,124.5,inferred
Blackpool,2021-09-05,68.0,77.0,83.0,86.0,88.0,93.0,96.0,100.0,105.0,108.0,110.2,118.0,131.0,inferred
Blackpool,2021-09-06,100.0,113.0,121.0,125.0,128.0,134.0,139.0,143.0,149.0,152.0,155.0,164.0,176.0,inferred
Blackpool,2021-09-07,95.0,106.0,113.0,116.0,119.0,124.0,129.0,134.0,140.0,143.0,146.0,156.0,171.0,inferred
Blackpool,2021-09-08,93.0,103.0,110.0,113.0,116.0,121.0,126.0,130.0,135.0,138.0,141.0,150.0,167.0,inferred
Blackpool,2021-09-09,86.0,96.0,104.0,106.0,109.0,114.0,118.0,123.0,127.0,130.0,133.0,141.0,153.5,inferred
Blackpool,2021-09-10,72.0,82.0,88.0,90.0,93.0,97.0,102.0,106.0,110.0,112.0,115.0,123.0,136.0,inferred
Blackpool,2021-09-11,55.0,64.0,70.0,72.0,74.0,78.0,81.0,86.0,89.0,92.0,95.0,102.0,115.0,inferred
Blackpool,2021-09-12,56.0,65.0,71.0,74.0,76.0,80.0,83.0,87.0,91.0,93.2,96.0,103.0,114.0,inferred
Blackpool,2021-09-13,81.0,92.0,98.0,101.0,103.0,108.0,112.0,117.0,122.0,125.0,128.0,137.0,150.5,inferred
Blackpool,2021-09-14,74.0,83.0,89.0,92.0,95.0,99.0,103.5,108.0,112.3,115.0,118.0,128.0,140.5,inferred
Blackpool,2021-09-15,71.0,82.0,89.0,91.0,94.0,98.0,102.0,106.0,111.0,113.0,116.0,126.0,139.0,inferred
Blackpool,2021-09-16,68.0,78.0,84.0,87.0,89.0,94.0,97.0,101.0,106.0,108.0,111.0,119.0,132.0,inferred
Blackpool,2021-09-17,56.0,67.0,73.0,76.0,78.0,82.0,86.0,90.0,93.3,96.0,99.0,107.0,118.0,inferred
Blackpool,2021-09-18,46.0,53.0,59.0,61.0,62.0,66.0,69.0,73.0,76.0,79.0,81.0,88.0,98.0,inferred
Blackpool,2021-09-19,49.0,57.0,63.0,65.0,67.0,70.0,74.0,77.0,81.0,83.0,86.0,93.0,103.0,inferred
Blackpool,2021-09-20,70.5,80.0,87.0,90.0,92.0,97.0,101.0,105.0,109.0,112.0,115.0,124.0,136.0,inferred
Blackpool,2021-09-21,66.0,75.0,81.0,83.0,85.0,90.0,94.0,98.0,102.0,105.0,108.0,116.0,127.0,inferred
Blackpool,2021-09-22,63.0,71.0,78.0,80.0,83.0,87.0,91.0,96.0,100.0,103.0,106.0,113.0,123.0,inferred
Blackpool,2021-09-23,59.0,67.0,72.0,74.0,76.0,80.0,84.0,87.4,92.0,94.0,97.0,105.0,116.5,inferred
Blackpool,2021-09-24,48.0,56.0,61.8,64.0,66.0,69.0,72.0,76.0,80.0,82.0,85.0,93.0,103.5,inferred
Blackpool,2021-09-25,37.0,44.0,49.0,51.0,52.7,55.0,58.0,61.0,65.0,67.0,70.0,75.0,86.0,inferred
Blackpool,2021-09-26,37.0,44.0,50.0,52.0,54.0,57.0,60.0,64.0,67.0,69.0,71.0,77.0,88.0,inferred
Blackpool,2021-09-27,55.0,64.0,70.0,72.0,74.0,78.0,81.0,85.0,89.0,92.0,94.0,102.0,113.0,inferred
Blackpool,2021-09-28,51.0,59.9,65.0,67.0,69.0,73.0,77.0,80.0,85.0,87.0,90.0,98.0,109.0,inferred
Blackpool,2021-09-29,53.0,62.0,67.0,69.0,72.0,75.0,79.0,83.0,87.0,89.0,91.0,98.1,109.0,inferred
Blackpool,2021-09-30,52.0,60.0,67.0,69.0,71.0,75.0,79.0,82.0,86.0,89.0,92.0,99.0,110.0,inferred
Blackpool,2021-10-01,47.0,55.0,60.0,62.0,64.0,68.0,71.0,75.0,78.0,80.0,83.0,90.0,100.5,inferred
Blackpool,2021-10-02,39.0,46.0,51.0,53.0,55.0,58.0,61.0,65.0,68.0,70.0,72.0,79.0,89.5,inferred
Blackpool,2021-10-03,42.0,49.0,55.0,57.0,59.0,63.0,66.5,70.0,74.0,76.0,78.0,84.0,95.0,inferred
Blackpool,2021-10-04,64.5,75.0,82.0,84.0,86.0,91.0,95.0,99.0,104.0,106.0,109.0,117.0,129.0,inferred
Blackpool,2021-10-05,63.0,71.0,78.0,81.0,83.0,88.0,92.0,96.0,101.0,103.0,106.0,114.0,125.0,inferred
Blackpool,2021-10-06,66.0,76.0,83.0,85.0,88.0,92.0,96.0,101.0,105.3,108.0,111.0,118.0,130.5,inferred
Blackpool,2021-10-07,66.0,77.0,83.0,85.0,88.0,91.0,96.0,100.0,105.0,107.2,111.0,118.0,130.0,inferred
Blackpool,2021-10-08,60.0,69.0,75.0,78.0,80.0,84.0,88.0,92.0,96.0,99.0,102.0,110.0,121.0,inferred
Blackpool,2021-10-09,51.5,59.0,65.0,67.0,69.0,73.0,77.0,80.0,85.0,87.0,90.0,96.0,110.0,inferred
Blackpool,2021-10-10,57.0,67.0,72.0,75.0,77.0,81.0,84.0,89.0,93.0,95.0,98.0,105.0,116.0,inferred
Blackpool,2021-10-11,88.5,99.0,107.0,109.8,112.0,117.0,122.0,127.0,131.0,135.0,138.0,146.0,161.0,inferred
Blackpool,2021-10-12,82.0,93.9,101.0,104.0,107.0,113.0,118.0,122.0,127.0,130.0,133.0,142.0,156.0,inferred
Blackpool,2021-10-13,85.0,96.0,102.0,105.0,108.0,113.0,118.0,122.0,127.3,130.0,134.0,143.0,157.0,inferred
Blackpool,2021-10-14,81.5,91.0,98.0,101.0,104.0,110.0,114.0,118.0,124.0,127.0,130.0,138.0,155.0,inferred
Blackpool,2021-10-15,68.5,79.0,86.0,89.0,92.0,96.0,100.0,104.0,109.0,111.2,115.0,122.0,138.0,inferred
Blaenau Gwent,2021-07-03,0.0,0.0,0.0,0.0,0.0,1.0,2.0,4.0,6.0,8.0,10.0,16.0,30.0,inferred
Blaenau Gwent,2021-07-04,0.0,0.0,0.0,0.0,1.0,2.0,3.0,4.0,7.0,9.0,11.0,18.0,33.5,inferred
Blaenau Gwent,2021-07-05,0.0,0.0,1.0,2.0,2.0,4.0,5.0,7.4,11.0,13.0,15.0,23.0,41.0,inferred
Blaenau Gwent,2021-07-06,0.0,0.0,1.0,2.0,3.0,4.0,6.0,9.0,13.0,15.0,18.0,26.1,43.0,inferred
Blaenau Gwent,2021-07-07,0.0,0.0,1.0,2.0,3.0,5.0,7.0,10.0,13.0,15.0,18.0,27.0,46.0,inferred
Blaenau Gwent,2021-07-08,0.0,0.0,1.0,2.0,3.0,5.0,7.0,10.0,13.0,16.0,19.0,29.0,50.0,inferred
Blaenau Gwent,2021-07-09,0.0,0.0,1.0,2.0,2.0,4.0,6.0,8.0,12.0,15.0,18.0,27.0,42.5,inferred
Blaenau Gwent,2021-07-10,0.0,0.0,1.0,1.0,2.0,3.0,5.0,8.0,11.0,13.0,15.0,23.0,39.5,inferred
Blaenau Gwent,2021-07-11,0.0,0.0,1.0,1.0,2.0,4.0,6.0,8.0,11.0,13.0,16.0,24.0,42.0,inferred
Blaenau Gwent,2021-07-12,0.0,1.0,3.0,4.0,5.0,7.0,9.0,12.0,16.0,19.0,22.0,33.0,52.0,inferred
Blaenau Gwent,2021-07-13,0.0,1.0,2.0,3.0,4.0,6.0,9.0,11.0,16.0,18.0,21.2,30.0,48.0,inferred
Blaenau Gwent,2021-07-14,0.0,1.0,3.0,4.0,4.0,6.0,9.0,12.0,16.0,18.0,21.0,31.0,52.0,inferred
Blaenau Gwent,2021-07-15,0.0,0.0,2.0,3.0,3.0,6.0,8.0,10.0,14.0,16.2,20.0,29.0,48.0,inferred
Blaenau Gwent,2021-07-16,0.0,0.0,1.0,2.0,3.0,4.0,7.0,9.0,13.0,15.0,18.0,27.0,44.0,inferred
Blaenau Gwent,2021-07-17,0.0,0.0,1.0,1.0,2.0,3.0,4.0,7.0,10.0,12.0,14.0,22.0,40.0,inferred
Blaenau Gwent,2021-07-18,0.0,0.0,0.0,1.0,1.0,3.0,4.0,6.0,9.0,11.0,13.0,22.0,39.5,inferred
Blaenau Gwent,2021-07-19,0.0,0.0,2.0,3.0,3.0,5.0,7.0,10.0,14.0,16.0,19.0,28.0,44.0,inferred
Blaenau Gwent,2021-07-20,0.0,0.0,1.0,2.0,3.0,4.0,7.0,9.0,12.0,14.0,17.0,26.0,43.0,inferred
Blaenau Gwent,2021-07-21,0.0,0.0,1.0,2.0,3.0,5.0,7.0,10.0,13.0,15.0,19.0,28.0,45.0,inferred
Blaenau Gwent,2021-07-22,0.0,0.0,1.0,2.0,3.0,5.0,7.0,9.0,12.0,14.0,17.0,26.0,43.0,inferred
Blaenau Gwent,2021-07-23,0.0,0.0,1.0,1.0,2.0,3.0,5.0,7.0,10.0,12.0,15.0,25.0,40.0,inferred
Blaenau Gwent,2021-07-24,0.0,0.0,0.0,1.0,1.0,3.0,4.0,6.0,9.0,11.0,14.0,21.0,38.0,inferred
Blaenau Gwent,2021-07-25,0.0,0.0,0.0,1.0,1.0,2.0,4.0,6.0,9.0,11.0,13.0,21.0,39.0,inferred
Blaenau Gwent,2021-07-26,0.0,0.0,2.0,2.0,3.0,4.6,7.0,9.0,12.0,14.0,17.0,25.0,47.0,inferred
Blaenau Gwent,2021-07-27,0.0,0.0,1.0,2.0,3.0,4.6,7.0,9.0,13.0,15.0,18.0,28.0,44.0,inferred
Blaenau Gwent,2021-07-28,0.0,0.0,1.0,2.0,2.0,4.0,6.0,8.0,12.0,14.0,16.0,25.0,42.0,inferred
Blaenau Gwent,2021-07-29,0.0,0.0,1.0,2.0,2.0,4.0,6.0,8.0,11.0,13.0,16.0,24.0,44.0,inferred
Blaenau Gwent,2021-07-30,0.0,0.0,1.0,1.0,2.0,3.0,5.0,7.0,10.0,12.0,14.0,22.0,38.5,inferred
Blaenau Gwent,2021-07-31,0.0,0.0,0.0,1.0,1.0,2.0,4.0,6.0,9.0,11.0,13.0,21.0,37.0,inferred
Blaenau Gwent,2021-08-01,0.0,0.0,0.0,1.0,1.0,3.0,4.0,6.0,9.0,11.0,13.0,20.0,36.5,inferred
Blaenau Gwent,2021-08-02,0.0,0.0,1.0,2.0,3.0,5.0,7.0,11.0,14.0,16.0,19.0,27.0,42.0,inferred
Blaenau Gwent,2021-08-03,0.0,1.0,2.0,3.0,4.0,6.0,8.0,10.0,14.0,17.0,20.0,29.0,45.5,inferred
Blaenau Gwent,2021-08-04,0.0,1.0,2.0,3.0,4.0,6.0,8.0,11.0,15.0,17.0,20.0,29.0,49.5,inferred
Blaenau Gwent,2021-08-05,0.0,1.0,2.0,3.0,4.0,6.0,8.0,11.0,14.0,17.0,20.0,30.0,48.0,inferred
Blaenau Gwent,2021-08-06,0.0,0.0,2.0,2.0,3.0,5.0,7.0,10.0,14.0,16.0,19.0,28.0,46.5,inferred
Blaenau Gwent,2021-08-07,0.0,0.0,1.0,2.0,3.0,4.0,6.0,9.0,12.0,14.0,16.0,26.0,42.5,inferred
Blaenau Gwent,2021-08-08,0.0,0.0,1.0,2.0,3.0,5.0,7.0,10.0,14.0,16.0,18.0,27.1,43.0,inferred
Blaenau Gwent,2021-08-09,0.0,2.0,4.0,5.0,6.0,8.6,12.0,15.0,20.0,23.0,25.0,36.0,55.5,inferred
Blaenau Gwent,2021-08-10,0.0,2.0,4.0,5.0,7.0,9.0,12.5,16.0,21.0,24.0,27.0,36.1,56.0,inferred
Blaenau Gwent,2021-08-11,0.0,2.0,4.0,6.0,7.0,10.0,13.0,16.0,20.0,23.0,26.0,37.0,56.0,inferred
Blaenau Gwent,2021-08-12,0.0,2.0,5.0,6.0,7.0,10.0,13.0,16.0,21.0,24.0,27.0,37.0,56.0,inferred
Blaenau Gwent,2021-08-13,0.0,2.0,4.0,5.0,6.0,9.0,11.0,15.0,19.3,22.0,26.0,36.0,59.5,inferred
Blaenau Gwent,2021-08-14,0.0,1.0,3.0,4.0,5.0,7.0,10.0,13.0,17.0,20.0,23.0,32.0,52.0,inferred
Blaenau Gwent,2021-08-15,0.0,1.0,3.0,4.0,5.0,7.0,10.0,13.0,18.0,20.0,23.0,34.0,52.0,inferred
Blaenau Gwent,2021-08-16,1.0,3.0,6.0,8.0,10.0,13.0,16.0,20.0,25.0,29.0,33.0,45.0,63.0,inferred
Blaenau Gwent,2021-08-17,1.0,4.0,7.0,9.0,11.0,14.0,18.0,22.0,27.3,31.0,35.0,46.0,67.5,inferred
Blaenau Gwent,2021-08-18,2.0,4.0,8.0,10.0,11.0,15.0,19.0,23.0,29.0,32.0,35.0,47.0,71.0,inferred
Blaenau Gwent,2021-08-19,2.0,4.0,8.0,9.0,11.0,15.0,19.0,23.0,29.0,33.0,37.0,48.0,70.0,inferred
Blaenau Gwent,2021-08-20,1.0,4.0,7.0,8.0,10.0,13.0,17.0,21.0,26.0,30.0,34.0,45.0,69.5,inferred
Blaenau Gwent,2021-08-21,1.0,3.0,6.0,7.0,8.0,11.0,14.0,18.0,23.0,26.2,30.0,42.1,61.0,inferred
Blaenau Gwent,2021-08-22,1.0,3.0,6.0,8.0,9.0,12.0,15.0,19.0,25.0,28.0,32.0,43.1,69.5,inferred
Blaenau Gwent,2021-08-23,3.0,7.0,12.0,14.0,17.0,20.0,25.0,30.0,36.0,39.0,44.0,57.0,78.5,inferred
Blaenau Gwent,2021-08-24,3.0,9.0,14.0,16.0,19.0,23.0,27.0,32.0,39.0,43.0,48.0,61.0,87.0,inferred
Blaenau Gwent,2021-08-25,4.0,9.0,14.0,16.0,19.0,23.0,28.0,33.0,40.0,45.0,49.0,62.0,84.5,inferred
Blaenau Gwent,2021-08-26,4.0,10.0,15.0,17.0,19.0,23.0,28.0,33.0,40.0,44.2,49.0,61.0,86.0,inferred
Blaenau Gwent,2021-08-27,4.0,8.0,14.0,16.0,18.0,22.0,27.0,31.0,37.0,41.0,45.0,59.0,82.5,inferred
Blaenau Gwent,2021-08-28,3.0,8.0,12.0,14.0,16.0,20.0,24.0,29.0,36.0,39.0,43.0,56.0,79.5,inferred
Blaenau Gwent,2021-08-29,4.0,8.0,13.0,15.0,17.0,21.0,26.0,31.0,38.0,41.0,46.0,57.0,81.0,inferred
Blaenau Gwent,2021-08-30,9.0,15.0,23.0,26.0,29.0,33.0,39.0,45.0,53.0,58.0,64.0,80.0,108.5,inferred
Blaenau Gwent,2021-08-31,9.0,17.0,24.0,27.0,30.0,36.0,41.0,48.0,54.0,59.0,65.0,80.0,117.5,inferred
Blaenau Gwent,2021-09-01,10.0,18.0,26.0,29.0,32.0,37.0,43.0,50.0,57.0,62.0,67.0,83.0,111.5,inferred
Blaenau Gwent,2021-09-02,10.0,19.0,26.0,29.0,32.0,38.0,44.0,51.0,59.0,64.0,70.0,83.0,112.5,inferred
Blaenau Gwent,2021-09-03,8.0,17.0,23.0,27.0,29.0,35.0,40.0,46.0,53.0,58.0,63.0,80.0,111.5,inferred
Blaenau Gwent,2021-09-04,6.0,13.0,19.0,21.0,24.0,29.0,33.0,39.0,46.0,50.0,54.0,68.0,92.0,inferred
Blaenau Gwent,2021-09-05,7.0,14.0,20.0,22.8,26.0,31.0,36.5,43.0,49.0,53.0,58.0,70.0,100.5,inferred
Blaenau Gwent,2021-09-06,15.0,25.0,33.0,36.0,39.0,46.0,53.0,60.0,70.0,74.0,80.0,97.0,124.5,inferred
Blaenau Gwent,2021-09-07,17.0,26.0,36.0,39.0,43.0,49.0,57.0,64.0,73.0,78.0,82.2,98.1,135.0,inferred
Blaenau Gwent,2021-09-08,16.0,27.0,35.0,40.0,42.7,49.0,55.5,63.0,72.0,77.0,82.0,102.0,132.0,inferred
Blaenau Gwent,2021-09-09,15.5,25.9,34.0,38.0,41.0,48.0,54.0,62.4,71.0,75.0,81.0,97.0,124.0,inferred
Blaenau Gwent,2021-09-10,13.0,22.0,30.0,34.0,37.0,43.0,50.0,57.0,64.3,70.0,75.0,91.0,120.5,inferred
Blaenau Gwent,2021-09-11,11.0,18.0,25.0,28.0,31.0,36.0,42.0,50.0,57.0,61.0,67.0,82.0,107.0,inferred
Blaenau Gwent,2021-09-12,10.0,18.0,26.0,29.0,32.0,38.0,44.0,52.0,58.0,62.0,67.2,84.0,113.5,inferred
Blaenau Gwent,2021-09-13,21.5,33.0,42.0,46.0,49.0,56.0,64.0,72.0,81.0,86.0,93.0,111.0,147.5,inferred
Blaenau Gwent,2021-09-14,21.0,33.9,42.0,47.0,50.0,57.0,64.0,73.0,82.0,88.0,95.0,114.0,144.5,inferred
Blaenau Gwent,2021-09-15,21.5,34.0,44.0,48.0,53.0,60.0,68.0,76.0,86.0,91.0,98.0,117.0,148.0,inferred
Blaenau Gwent,2021-09-16,23.0,33.0,44.0,48.0,53.0,60.0,67.0,74.0,83.0,88.2,94.2,111.0,138.0,inferred
Blaenau Gwent,2021-09-17,19.0,29.0,38.0,43.0,47.0,53.0,61.0,69.0,78.0,84.0,90.0,105.0,135.5,inferred
Blaenau Gwent,2021-09-18,14.5,24.0,33.0,36.0,39.0,46.0,53.0,59.0,67.0,72.0,79.0,95.1,126.0,inferred
Blaenau Gwent,2021-09-19,15.0,24.0,34.0,38.0,41.0,47.0,55.0,62.0,71.0,76.0,81.0,95.0,127.5,inferred
Blaenau Gwent,2021-09-20,27.0,42.0,53.0,58.0,62.0,70.0,79.0,86.0,96.0,102.2,110.0,127.0,157.0,inferred
Blaenau Gwent,2021-09-21,29.0,43.9,55.0,59.0,64.0,73.0,81.0,90.4,101.0,106.0,112.0,132.0,162.5,inferred
Blaenau Gwent,2021-09-22,26.5,39.0,50.0,54.0,58.0,66.0,72.0,80.4,90.3,98.0,105.0,123.0,163.0,inferred
Blaenau Gwent,2021-09-23,21.0,34.0,43.0,47.0,51.0,59.0,67.0,75.0,83.0,88.2,96.0,113.0,144.0,inferred
Blaenau Gwent,2021-09-24,15.0,24.0,32.0,36.0,40.0,46.0,53.0,60.0,69.0,74.0,80.0,98.0,129.0,inferred
Blaenau Gwent,2021-09-25,8.0,16.0,22.0,25.0,28.0,33.0,39.0,47.0,54.0,59.0,65.0,79.0,109.5,inferred
Blaenau Gwent,2021-09-26,8.0,15.0,21.0,23.0,26.0,30.0,36.0,42.0,49.0,53.0,58.0,72.0,90.5,inferred
Blaenau Gwent,2021-09-27,12.0,21.9,29.0,32.0,35.0,42.0,49.0,55.0,63.0,68.0,73.0,90.0,121.0,inferred
Blaenau Gwent,2021-09-28,9.0,18.0,25.0,28.0,31.0,37.0,44.0,50.4,58.0,62.0,67.0,83.0,111.0,inferred
Blaenau Gwent,2021-09-29,10.0,17.0,24.0,27.8,30.0,36.0,42.0,47.0,55.3,60.0,65.0,81.0,108.0,inferred
Blaenau Gwent,2021-09-30,8.0,16.0,22.0,24.0,27.0,32.0,39.0,45.0,51.0,55.0,60.0,75.0,97.5,inferred
Blaenau Gwent,2021-10-01,6.0,13.0,18.0,21.0,23.0,27.0,33.0,39.0,45.0,49.0,54.0,72.0,93.0,inferred
Blaenau Gwent,2021-10-02,4.0,8.0,13.0,15.0,17.0,22.0,27.0,31.0,37.0,41.0,45.0,58.0,85.5,inferred
Blaenau Gwent,2021-10-03,4.0,9.0,13.0,15.0,17.0,21.0,25.0,30.0,37.0,40.0,45.0,59.0,78.5,inferred
Blaenau Gwent,2021-10-04,7.0,14.0,20.0,22.0,26.0,31.0,36.0,43.0,50.0,54.0,59.0,74.0,100.0,inferred
Blaenau Gwent,2021-10-05,7.0,13.0,19.0,22.0,25.0,29.6,36.0,42.0,48.0,52.0,58.0,72.0,95.0,inferred
Blaenau Gwent,2021-10-06,8.5,15.0,22.0,25.0,27.0,33.0,37.0,44.0,51.0,55.0,61.0,78.1,105.5,inferred
Blaenau Gwent,2021-10-07,7.5,15.0,22.0,24.0,27.0,33.0,38.0,44.0,51.3,57.0,63.0,79.0,103.0,inferred
Blaenau Gwent,2021-10-08,7.0,13.0,19.0,22.0,24.7,30.0,36.0,41.0,47.0,52.0,56.0,71.0,98.5,inferred
Blaenau Gwent,2021-10-09,5.0,11.0,17.0,20.0,22.0,27.0,32.0,38.0,45.0,49.0,53.0,66.0,90.5,inferred
Blaenau Gwent,2021-10-10,6.0,12.0,18.0,21.0,23.0,28.0,34.0,40.0,46.0,50.0,55.2,71.0,93.5,inferred
Blaenau Gwent,2021-10-11,15.0,25.0,33.0,36.0,39.0,46.0,52.0,59.0,67.0,72.0,78.0,96.0,123.5,inferred
Blaenau Gwent,2021-10-12,23.5,36.0,46.0,51.0,55.0,62.0,70.0,78.0,87.0,93.0,100.0,117.0,159.0,inferred
Blaenau Gwent,2021-10-13,40.0,54.9,68.0,73.0,78.0,87.0,96.0,104.0,115.3,123.0,129.0,149.1,182.0,inferred
Blaenau Gwent,2021-10-14,58.5,79.0,95.0,102.0,108.0,120.0,131.0,144.0,156.0,163.0,171.0,190.0,234.5,inferred
Blaenau Gwent,2021-10-15,75.0,102.0,118.0,126.0,132.0,143.0,154.0,167.0,181.0,191.0,201.0,226.1,270.5,inferred
Bolsover,2021-07-03,3.0,6.0,9.0,10.0,11.0,13.0,15.0,18.0,21.0,23.0,25.0,30.0,37.0,inferred
Bolsover,2021-07-04,5.0,8.0,11.0,12.0,14.0,16.0,18.0,21.0,24.0,26.0,28.0,33.0,45.5,inferred
Bolsover,2021-07-05,11.0,15.0,19.0,21.0,22.0,25.0,28.0,31.0,35.0,37.0,39.2,46.1,59.0,inferred
Bolsover,2021-07-06,10.0,16.0,20.0,21.0,23.0,26.0,29.0,32.0,36.0,38.0,40.0,47.0,60.0,inferred
Bolsover,2021-07-07,13.0,18.0,22.0,24.0,26.0,29.0,32.0,35.0,40.0,42.0,45.0,51.0,64.5,inferred
Bolsover,2021-07-08,13.5,20.0,24.0,26.0,28.0,32.0,35.0,38.0,41.0,44.0,47.0,54.0,67.0,inferred
Bolsover,2021-07-09,13.0,19.0,24.0,27.0,29.0,32.0,35.0,38.0,42.0,44.0,46.0,53.1,66.0,inferred
Bolsover,2021-07-10,12.0,18.0,23.0,25.0,27.0,30.0,33.0,36.0,40.0,42.0,44.0,51.0,63.0,inferred
Bolsover,2021-07-11,17.0,23.9,28.0,30.0,32.0,36.0,39.0,43.0,47.0,50.0,52.2,60.0,72.5,inferred
Bolsover,2021-07-12,30.0,39.0,45.0,48.0,50.0,54.0,59.0,64.0,69.0,72.0,76.0,85.0,102.5,inferred
Bolsover,2021-07-13,30.0,39.0,45.0,48.0,50.0,55.0,59.0,63.0,69.0,71.0,75.0,85.0,99.0,inferred
Bolsover,2021-07-14,31.0,39.0,45.0,49.0,51.0,55.6,60.0,65.0,70.0,73.0,76.0,85.0,101.0,inferred
Bolsover,2021-07-15,29.0,38.0,44.0,47.0,49.0,53.0,58.0,62.0,67.0,71.0,74.0,83.0,96.0,inferred
Bolsover,2021-07-16,24.0,32.0,39.0,41.0,43.0,47.0,51.0,55.0,59.0,62.0,65.0,73.0,87.0,inferred
Bolsover,2021-07-17,17.5,26.0,31.0,33.0,35.0,39.0,42.0,46.0,51.0,54.0,56.0,64.0,78.0,inferred
Bolsover,2021-07-18,20.0,27.0,32.0,35.0,37.0,41.0,45.0,49.0,53.0,56.0,58.0,65.0,78.5,inferred
Bolsover,2021-07-19,31.0,39.0,45.8,48.0,51.0,55.0,59.0,64.0,69.0,73.0,76.0,85.1,102.0,inferred
Bolsover,2021-07-20,27.0,35.0,41.0,43.0,45.0,49.0,54.0,58.0,63.0,65.0,69.0,79.0,94.5,inferred
Bolsover,2021-07-21,25.0,33.0,39.0,41.0,44.0,48.0,51.0,56.0,60.0,63.0,66.0,75.0,88.0,inferred
Bolsover,2021-07-22,22.0,29.0,35.0,37.0,39.0,43.0,47.0,51.0,56.0,59.0,62.0,69.0,83.0,inferred
Bolsover,2021-07-23,16.0,24.0,28.0,30.0,32.0,36.0,40.0,43.0,47.0,50.0,52.0,60.0,73.0,inferred
Bolsover,2021-07-24,11.0,18.0,22.0,23.0,25.0,28.0,32.0,35.0,39.0,41.0,44.0,50.0,62.0,inferred
Bolsover,2021-07-25,12.0,17.0,22.0,24.0,26.0,29.0,32.0,36.0,39.0,41.0,44.0,51.0,62.0,inferred
Bolsover,2021-07-26,18.5,25.9,31.0,33.0,35.0,38.0,42.0,45.0,50.0,53.0,55.0,62.0,74.5,inferred
Bolsover,2021-07-27,17.0,24.0,28.0,30.0,32.0,36.0,39.0,43.0,47.0,49.0,52.0,60.0,74.0,inferred
Bolsover,2021-07-28,17.0,23.0,28.0,31.0,33.0,36.0,40.0,43.0,47.0,50.0,52.0,60.0,72.5,inferred
Bolsover,2021-07-29,17.0,24.0,29.0,31.0,33.0,36.0,39.0,43.0,47.0,49.0,52.0,59.0,73.5,inferred
Bolsover,2021-07-30,15.0,21.0,26.8,29.0,30.0,33.0,36.0,40.0,44.0,46.0,49.0,56.0,68.0,inferred
Bolsover,2021-07-31,12.0,18.0,22.0,23.0,25.0,29.0,32.0,35.0,39.0,41.0,43.0,51.0,61.5,inferred
Bolsover,2021-08-01,14.0,21.0,25.0,27.0,29.0,32.0,35.0,39.0,42.0,45.0,47.0,53.0,66.5,inferred
Bolsover,2021-08-02,21.5,30.0,36.0,39.0,41.0,44.0,48.0,52.0,57.0,59.0,62.0,71.0,87.5,inferred
Bolsover,2021-08-03,22.0,29.0,34.0,37.0,39.0,43.0,47.0,51.0,56.0,58.0,61.0,69.0,85.0,inferred
Bolsover,2021-08-04,23.0,29.0,35.0,37.0,39.0,43.0,46.0,50.0,55.0,58.0,61.0,70.0,82.0,inferred
Bolsover,2021-08-05,21.0,28.0,33.0,35.0,37.0,41.0,44.5,49.0,54.0,57.0,60.0,68.1,82.0,inferred
Bolsover,2021-08-06,19.0,25.0,29.0,31.0,33.0,37.0,41.0,44.0,48.0,51.0,54.0,61.0,74.0,inferred
Bolsover,2021-08-07,13.0,19.0,23.0,25.0,27.0,30.0,34.0,37.0,41.0,43.0,46.0,53.0,65.0,inferred
Bolsover,2021-08-08,15.0,21.0,25.0,27.0,29.0,32.0,35.0,39.0,43.0,45.0,48.0,55.0,70.0,inferred
Bolsover,2021-08-09,23.0,31.0,37.0,39.0,42.0,46.0,50.0,54.0,58.0,60.0,64.0,73.0,88.0,inferred
Bolsover,2021-08-10,22.0,28.0,34.0,36.0,38.0,42.0,46.0,49.0,55.0,57.0,60.0,68.0,82.0,inferred
Bolsover,2021-08-11,22.0,28.0,33.0,36.0,39.0,43.0,47.0,50.0,55.0,58.0,60.0,67.0,81.0,inferred
Bolsover,2021-08-12,19.5,27.0,33.0,35.0,38.0,41.0,44.0,48.0,52.0,55.0,58.0,66.0,80.5,inferred
Bolsover,2021-08-13,16.0,24.0,28.0,30.0,32.0,36.0,39.0,44.0,48.0,50.0,52.0,61.0,72.0,inferred
Bolsover,2021-08-14,15.0,19.0,24.0,26.0,28.0,31.0,34.0,38.0,41.0,44.0,46.0,53.0,65.0,inferred
Bolsover,2021-08-15,13.0,20.0,25.0,27.0,29.0,32.0,35.5,39.0,43.0,45.0,48.0,56.0,71.5,inferred
Bolsover,2021-08-16,25.0,31.0,37.0,39.0,41.0,45.0,49.0,53.0,58.0,61.0,65.0,74.0,88.0,inferred
Bolsover,2021-08-17,21.0,29.0,35.0,37.0,39.0,43.0,47.0,51.0,55.0,58.0,61.0,69.0,84.0,inferred
Bolsover,2021-08-18,23.0,30.0,36.0,38.0,40.0,44.0,48.0,52.0,56.0,59.0,62.0,71.0,86.0,inferred
Bolsover,2021-08-19,22.0,29.0,34.0,36.0,38.0,42.0,46.0,50.0,55.0,57.0,60.0,67.0,80.5,inferred
Bolsover,2021-08-20,18.0,25.0,30.0,32.0,34.0,38.0,42.0,46.0,50.0,53.0,55.0,64.0,77.0,inferred
Bolsover,2021-08-21,14.0,21.0,25.0,27.0,29.0,32.0,35.0,38.0,42.0,45.0,48.0,56.0,70.5,inferred
Bolsover,2021-08-22,16.0,23.0,28.0,29.0,31.0,34.0,37.0,41.0,45.0,48.0,50.2,59.0,71.0,inferred
Bolsover,2021-08-23,25.0,33.0,38.0,42.0,43.0,47.0,52.0,57.0,62.0,64.0,67.0,75.0,89.0,inferred
Bolsover,2021-08-24,23.0,30.0,36.0,39.0,41.0,45.0,49.0,53.0,57.0,60.0,64.0,72.0,86.0,inferred
Bolsover,2021-08-25,24.0,32.0,36.0,38.0,41.0,45.0,49.0,53.0,58.0,61.0,63.0,71.0,86.5,inferred
Bolsover,2021-08-26,22.5,29.0,35.0,37.0,40.0,43.6,48.0,51.0,56.0,58.0,61.0,69.0,82.5,inferred
Bolsover,2021-08-27,19.0,26.0,31.0,33.0,35.0,39.0,43.0,47.0,50.0,52.0,55.0,62.0,77.5,inferred
Bolsover,2021-08-28,15.0,21.0,26.0,28.0,30.0,33.0,37.0,40.0,43.0,46.0,49.0,56.0,66.5,inferred
Bolsover,2021-08-29,17.0,23.0,28.0,30.0,32.0,35.0,38.0,41.0,45.0,48.0,50.0,59.0,73.0,inferred
Bolsover,2021-08-30,26.0,33.0,40.0,42.0,44.0,48.0,52.0,56.0,62.0,65.0,68.0,76.0,89.0,inferred
Bolsover,2021-08-31,25.0,31.0,37.0,39.0,41.0,45.0,49.0,54.0,59.0,61.0,64.0,72.0,86.0,inferred
Bolsover,2021-09-01,25.0,31.0,36.0,38.0,40.0,44.0,48.0,52.0,57.0,59.0,62.0,71.0,84.5,inferred
Bolsover,2021-09-02,22.0,29.0,35.0,37.0,39.0,43.0,47.0,52.0,56.0,58.0,61.0,68.0,81.5,inferred
Bolsover,2021-09-03,18.0,25.0,30.0,32.0,34.0,38.0,41.0,45.0,50.0,52.0,55.0,63.1,78.5,inferred
Bolsover,2021-09-04,15.0,20.0,24.0,26.0,28.0,32.0,35.0,39.0,43.0,45.0,48.0,55.0,66.0,inferred
Bolsover,2021-09-05,15.5,21.0,26.0,28.0,30.0,33.0,37.0,41.0,45.0,48.0,51.0,59.0,72.0,inferred
Bolsover,2021-09-06,25.0,33.0,38.0,40.0,42.0,46.0,50.0,54.0,59.0,62.0,65.0,73.0,88.0,inferred
Bolsover,2021-09-07,21.0,28.0,34.0,36.0,38.0,42.0,45.0,50.0,54.0,56.0,59.0,68.0,82.0,inferred
Bolsover,2021-09-08,20.0,27.0,33.0,35.0,37.0,40.0,44.0,48.0,52.0,55.0,58.0,66.1,82.0,inferred
Bolsover,2021-09-09,17.0,23.0,28.0,30.0,31.0,35.0,39.0,43.0,47.0,49.2,53.0,61.0,73.0,inferred
Bolsover,2021-09-10,15.0,20.0,24.0,26.0,28.0,31.0,34.0,37.0,41.0,43.0,46.0,53.0,66.0,inferred
Bolsover,2021-09-11,9.0,14.0,18.0,20.0,21.0,24.0,27.0,30.0,33.0,35.0,37.0,44.0,54.0,inferred
Bolsover,2021-09-12,10.0,15.0,18.0,20.0,22.0,25.0,28.0,31.0,35.0,37.0,39.0,47.0,58.5,inferred
Bolsover,2021-09-13,16.0,22.0,26.0,28.0,29.0,33.0,37.0,40.0,44.0,47.0,50.0,56.0,71.5,inferred
Bolsover,2021-09-14,13.0,20.9,24.0,26.0,28.0,31.0,34.0,38.0,42.0,44.0,47.0,54.0,65.0,inferred
Bolsover,2021-09-15,15.0,21.0,26.0,27.0,29.0,33.0,37.0,41.0,45.0,47.2,49.2,57.0,69.5,inferred
Bolsover,2021-09-16,14.5,21.0,26.0,28.0,30.0,34.0,38.0,41.0,44.3,47.0,50.0,57.0,71.0,inferred
Bolsover,2021-09-17,14.0,20.0,24.0,26.0,28.0,31.0,35.0,38.0,42.0,45.0,47.0,55.0,69.0,inferred
Bolsover,2021-09-18,12.0,18.0,22.0,24.0,25.0,28.0,31.0,34.0,38.0,40.0,43.0,49.0,61.5,inferred
Bolsover,2021-09-19,14.0,19.0,24.0,26.0,28.0,31.0,35.0,38.0,42.0,45.0,47.0,55.0,67.0,inferred
Bolsover,2021-09-20,24.5,32.0,37.0,40.0,42.0,46.0,50.0,54.0,59.0,61.0,64.0,73.0,87.0,inferred
Bolsover,2021-09-21,23.0,31.0,37.0,39.8,42.0,46.0,49.0,53.0,58.0,61.0,64.0,71.0,84.0,inferred
Bolsover,2021-09-22,24.0,32.0,37.0,39.0,42.0,46.0,49.0,54.0,59.0,61.0,64.0,73.0,88.0,inferred
Bolsover,2021-09-23,24.0,31.0,36.0,38.0,40.0,44.0,48.0,52.0,57.0,60.0,63.2,71.1,88.0,inferred
Bolsover,2021-09-24,20.0,27.0,33.0,35.0,37.0,41.0,44.0,48.0,52.0,55.0,58.0,66.0,81.0,inferred
Bolsover,2021-09-25,15.0,22.0,27.0,29.0,31.0,34.0,38.0,41.0,45.0,47.0,50.0,58.0,71.0,inferred
Bolsover,2021-09-26,18.0,25.0,29.0,31.0,33.0,36.0,40.0,44.0,48.0,50.0,53.0,62.0,74.0,inferred
Bolsover,2021-09-27,29.0,37.0,43.0,45.0,47.0,52.0,57.0,61.0,66.0,69.0,72.0,81.0,96.0,inferred
Bolsover,2021-09-28,28.0,35.0,41.0,43.8,46.0,51.0,55.0,59.0,64.0,67.0,70.0,79.1,93.5,inferred
Bolsover,2021-09-29,29.0,37.0,43.0,46.0,49.0,53.0,57.0,61.0,66.0,68.0,72.0,80.0,95.5,inferred
Bolsover,2021-09-30,28.0,38.0,45.0,47.0,49.0,53.0,57.0,62.0,66.3,69.0,72.0,81.0,97.0,inferred
Bolsover,2021-10-01,27.0,35.0,41.0,43.0,45.0,50.0,54.0,58.0,63.0,65.0,68.0,77.1,94.5,inferred
Bolsover,2021-10-02,23.0,31.0,36.0,39.0,40.0,45.0,48.5,53.0,57.0,60.0,62.0,70.0,84.0,inferred
Bolsover,2021-10-03,26.0,33.0,39.0,42.0,44.7,49.0,53.0,58.0,62.3,65.0,68.0,76.0,94.0,inferred
Bolsover,2021-10-04,41.0,51.0,58.0,61.0,64.0,69.0,74.0,79.0,85.0,88.0,91.0,101.0,118.0,inferred
Bolsover,2021-10-05,39.0,49.0,57.0,60.0,64.0,68.0,73.0,77.0,84.0,87.0,91.0,101.0,115.0,inferred
Bolsover,2021-10-06,41.0,51.0,58.0,61.0,64.0,68.0,73.0,78.0,84.0,87.2,92.0,101.0,116.0,inferred
Bolsover,2021-10-07,40.0,50.0,57.0,60.0,63.0,68.0,73.0,78.0,83.0,86.0,90.0,102.0,116.0,inferred
Bolsover,2021-10-08,36.0,47.0,54.0,56.0,59.0,63.0,68.0,72.0,77.0,80.0,83.0,92.0,107.0,inferred
Bolsover,2021-10-09,29.5,38.0,44.0,47.0,49.0,54.0,58.0,63.0,68.0,71.0,74.0,82.0,100.0,inferred
Bolsover,2021-10-10,33.0,44.0,50.0,53.0,56.0,60.0,65.0,70.0,75.0,78.0,81.0,91.0,107.5,inferred
Bolsover,2021-10-11,53.5,65.0,73.0,76.0,79.0,84.0,90.0,95.0,101.0,104.0,109.0,122.0,142.0,inferred
Bolsover,2021-10-12,48.5,60.0,69.0,73.0,76.0,81.0,85.0,90.0,97.0,101.0,105.0,116.0,137.0,inferred
Bolsover,2021-10-13,49.0,60.0,69.0,72.0,75.0,79.0,85.0,89.0,96.0,100.0,104.0,115.0,133.0,inferred
Bolsover,2021-10-14,43.0,56.0,64.0,67.0,69.0,75.0,80.0,85.0,91.0,95.0,99.0,110.0,127.0,inferred
Bolsover,2021-10-15,39.0,49.0,56.0,59.0,62.0,66.0,71.0,76.4,81.0,85.0,88.0,99.1,119.0,inferred
Bolton,2021-07-03,72.0,81.0,87.0,91.0,93.0,97.0,101.0,105.0,109.0,112.0,115.0,122.0,135.0,inferred
Bolton,2021-07-04,79.5,90.0,96.0,99.0,101.0,105.0,109.0,113.0,118.0,120.0,123.0,131.1,144.5,inferred
Bolton,2021-07-05,120.5,133.0,142.0,144.0,147.0,153.0,158.0,162.0,168.0,171.0,174.0,183.0,197.0,inferred
Bolton,2021-07-06,118.0,131.0,138.0,141.0,144.7,150.0,155.0,159.0,164.0,167.0,171.0,180.1,194.5,inferred
Bolton,2021-07-07,124.0,138.0,146.0,150.0,153.0,158.0,162.0,168.0,174.0,177.0,180.0,189.1,204.5,inferred
Bolton,2021-07-08,129.0,141.0,150.0,153.0,155.0,161.0,166.0,171.0,177.0,180.0,183.0,193.0,208.5,inferred
Bolton,2021-07-09,117.5,130.0,139.0,141.8,144.7,150.0,155.0,160.0,165.0,168.0,172.0,181.0,196.0,inferred
Bolton,2021-07-10,104.0,114.0,122.0,124.0,127.0,132.0,137.0,142.0,147.0,150.0,153.0,162.0,175.5,inferred
Bolton,2021-07-11,116.0,128.0,137.0,140.0,144.0,148.0,153.0,158.0,164.0,167.0,170.0,179.0,196.0,inferred
Bolton,2021-07-12,178.0,193.0,204.0,208.0,212.0,219.0,224.0,230.0,239.0,242.0,246.0,257.0,273.0,inferred
Bolton,2021-07-13,171.0,187.0,196.0,200.0,203.0,210.0,216.0,222.0,229.0,233.0,237.0,249.0,270.0,inferred
Bolton,2021-07-14,174.5,188.0,198.0,202.0,205.0,212.0,218.0,224.0,230.3,234.0,238.0,250.1,269.5,inferred
Bolton,2021-07-15,160.5,178.0,188.0,191.0,194.7,201.0,206.0,211.4,219.0,223.0,226.0,236.0,256.0,inferred
Bolton,2021-07-16,140.0,153.0,162.0,166.0,169.0,174.0,179.0,185.0,191.0,195.0,199.0,209.0,224.0,inferred
Bolton,2021-07-17,110.5,122.0,130.0,133.0,137.0,142.0,147.0,151.0,157.0,159.2,163.0,173.0,188.0,inferred
Bolton,2021-07-18,114.0,127.0,135.0,138.0,142.0,147.0,152.0,157.0,163.0,166.0,169.0,177.0,193.0,inferred
Bolton,2021-07-19,160.0,177.0,187.0,191.0,194.0,200.0,206.0,213.0,220.0,224.0,228.0,239.0,256.0,inferred
Bolton,2021-07-20,141.0,155.0,166.0,170.0,173.0,179.0,185.0,191.0,197.0,201.0,204.0,214.0,230.0,inferred
Bolton,2021-07-21,129.5,144.0,152.0,155.0,158.0,163.0,169.0,174.4,180.0,183.0,187.0,198.0,214.5,inferred
Bolton,2021-07-22,109.0,122.0,131.0,134.0,137.0,142.0,147.0,152.0,157.0,161.0,164.0,173.0,187.0,inferred
Bolton,2021-07-23,87.0,97.0,103.0,105.0,107.0,111.6,116.0,120.0,125.0,128.0,131.0,140.0,153.0,inferred
Bolton,2021-07-24,61.0,70.0,76.0,78.0,80.0,84.0,87.0,91.0,95.0,98.0,101.0,108.0,119.0,inferred
Bolton,2021-07-25,57.0,66.0,72.0,74.0,76.0,80.0,84.0,88.0,91.3,93.0,96.0,103.0,115.0,inferred
Bolton,2021-07-26,74.0,86.0,93.0,95.0,97.0,101.0,105.0,109.0,113.0,116.0,119.0,127.0,141.0,inferred
Bolton,2021-07-27,67.0,75.0,81.0,83.0,86.0,90.0,93.0,97.4,102.0,105.0,107.0,116.0,128.0,inferred
Bolton,2021-07-28,63.5,73.0,79.0,81.0,83.0,88.0,91.0,95.0,100.0,102.0,105.0,114.0,124.0,inferred
Bolton,2021-07-29,61.0,70.0,75.0,78.0,80.0,83.0,87.0,91.0,95.0,97.0,99.2,108.0,119.0,inferred
Bolton,2021-07-30,52.0,59.0,65.0,67.0,69.0,73.0,76.0,79.0,83.0,85.0,88.0,95.0,107.5,inferred
Bolton,2021-07-31,41.0,47.0,52.0,54.0,56.0,60.0,63.0,66.0,70.0,72.0,75.0,80.0,91.0,inferred
Bolton,2021-08-01,43.0,51.0,56.0,57.8,60.0,63.0,66.0,69.0,73.0,75.0,77.0,84.0,95.0,inferred
Bolton,2021-08-02,61.5,71.0,78.0,80.0,82.0,86.0,90.0,94.0,98.0,100.0,103.0,111.0,122.5,inferred
Bolton,2021-08-03,59.0,68.0,74.0,76.0,79.0,82.0,86.0,90.0,94.0,96.0,99.0,106.0,119.0,inferred
Bolton,2021-08-04,63.0,72.0,77.0,79.0,82.0,86.0,89.0,93.0,97.0,99.0,102.0,110.0,124.0,inferred
Bolton,2021-08-05,61.0,69.0,76.0,78.0,80.0,85.0,88.0,92.0,96.0,98.0,101.0,108.0,120.0,inferred
Bolton,2021-08-06,53.5,62.0,69.0,71.0,73.0,76.0,80.0,83.4,88.0,90.0,92.0,99.0,109.0,inferred
Bolton,2021-08-07,43.0,52.0,57.0,59.0,61.0,64.0,67.0,71.0,74.0,76.0,79.0,85.0,95.0,inferred
Bolton,2021-08-08,50.5,58.0,64.0,66.0,67.0,71.0,74.0,78.0,82.0,84.0,86.0,94.0,102.5,inferred
Bolton,2021-08-09,75.0,86.0,92.0,95.0,97.0,101.0,105.0,109.0,114.0,116.0,119.0,127.0,139.0,inferred
Bolton,2021-08-10,71.0,81.0,88.0,90.0,92.7,97.0,101.0,105.0,109.0,112.0,114.0,122.0,135.0,inferred
Bolton,2021-08-11,71.0,80.0,88.0,90.8,93.0,97.0,101.0,106.0,110.0,113.0,115.0,123.0,138.0,inferred
Bolton,2021-08-12,68.0,78.0,85.0,87.0,89.0,93.0,97.0,101.4,106.0,108.0,111.0,118.0,129.5,inferred
Bolton,2021-08-13,59.0,68.0,75.0,78.0,80.0,83.0,87.0,90.0,95.0,97.0,99.2,107.0,117.0,inferred
Bolton,2021-08-14,48.0,55.0,61.0,64.0,66.0,69.6,73.0,76.0,80.0,82.0,84.0,90.0,100.0,inferred
Bolton,2021-08-15,50.0,59.0,65.0,68.0,69.7,73.6,77.0,81.0,85.0,87.0,90.0,96.0,110.0,inferred
Bolton,2021-08-16,75.0,87.0,93.0,96.0,98.0,102.0,106.0,110.0,114.0,117.0,120.0,128.0,141.5,inferred
Bolton,2021-08-17,71.5,80.0,87.0,90.0,92.0,97.0,101.0,105.0,109.0,112.0,114.0,122.0,135.0,inferred
Bolton,2021-08-18,73.0,82.0,89.0,92.0,94.0,99.0,102.0,106.0,111.0,114.0,117.0,125.0,140.0,inferred
Bolton,2021-08-19,71.0,81.0,87.0,90.0,92.0,96.0,100.0,104.0,108.3,111.2,114.0,123.0,135.0,inferred
Bolton,2021-08-20,63.0,72.0,78.0,81.0,83.0,87.0,90.0,95.0,99.0,102.0,104.0,111.0,123.0,inferred
Bolton,2021-08-21,52.0,60.0,65.0,67.0,69.0,73.0,76.0,80.0,83.0,85.0,88.0,94.1,105.0,inferred
Bolton,2021-08-22,55.0,64.0,70.0,72.0,74.0,78.0,81.0,86.0,90.0,92.0,94.0,101.0,110.5,inferred
Bolton,2021-08-23,83.0,94.0,101.0,104.0,107.0,111.0,116.0,120.0,124.0,127.0,130.0,138.0,152.5,inferred
Bolton,2021-08-24,78.0,90.0,96.0,99.0,101.0,105.0,110.0,114.0,118.0,121.0,124.0,132.0,146.0,inferred
Bolton,2021-08-25,81.0,91.0,98.0,101.0,103.0,107.0,110.0,115.0,120.0,123.0,126.0,134.0,146.0,inferred
Bolton,2021-08-26,78.0,87.0,93.0,97.0,100.0,104.0,108.0,112.0,117.0,120.0,122.0,130.0,143.0,inferred
Bolton,2021-08-27,68.0,77.0,83.0,85.0,88.0,92.0,96.0,100.0,104.0,107.0,110.0,118.0,131.0,inferred
Bolton,2021-08-28,54.0,62.0,68.0,70.8,73.0,77.0,80.0,83.0,87.0,89.0,91.0,97.0,108.0,inferred
Bolton,2021-08-29,59.0,67.9,73.0,76.0,78.0,82.0,85.0,89.0,93.0,96.0,98.0,105.0,118.0,inferred
Bolton,2021-08-30,87.0,99.0,106.0,109.0,111.0,115.0,121.0,125.0,130.3,133.0,137.0,146.0,161.0,inferred
Bolton,2021-08-31,84.0,94.0,101.0,104.0,106.0,111.0,116.0,121.0,125.0,127.0,131.0,140.0,153.5,inferred
Bolton,2021-09-01,87.0,98.0,105.0,108.0,111.0,115.0,120.0,124.0,129.0,131.0,134.0,144.0,154.0,inferred
Bolton,2021-09-02,87.0,96.0,103.0,106.0,109.0,114.0,118.0,123.0,127.0,130.0,133.0,140.1,153.0,inferred
Bolton,2021-09-03,75.5,87.0,93.0,96.0,98.0,102.0,106.0,111.0,116.0,118.0,120.2,128.0,142.0,inferred
Bolton,2021-09-04,63.0,73.0,80.0,83.0,85.0,89.0,93.0,97.0,100.0,103.0,105.0,112.0,125.0,inferred
Bolton,2021-09-05,70.5,81.0,88.0,90.0,92.0,96.0,100.0,104.0,108.0,110.0,113.0,121.0,133.0,inferred
Bolton,2021-09-06,105.0,117.0,125.0,128.0,131.0,136.0,140.0,146.0,151.0,155.0,158.0,167.1,184.0,inferred
Bolton,2021-09-07,96.0,108.0,116.0,119.0,122.0,126.0,132.0,137.0,142.0,144.0,148.0,157.0,171.5,inferred
Bolton,2021-09-08,93.0,105.0,112.0,115.0,118.0,123.0,128.0,133.0,137.3,140.0,144.0,153.0,167.0,inferred
Bolton,2021-09-09,85.0,96.0,103.0,106.0,108.0,112.0,117.0,121.0,126.0,129.0,132.0,139.1,154.5,inferred
Bolton,2021-09-10,72.0,80.0,86.0,88.0,91.0,95.0,99.0,103.0,108.0,110.0,113.0,120.0,131.0,inferred
Bolton,2021-09-11,53.5,62.0,68.0,70.0,72.0,76.0,80.0,83.0,86.0,88.0,91.0,98.0,109.0,inferred
Bolton,2021-09-12,55.0,64.0,69.0,72.0,74.0,77.0,81.0,85.0,89.0,91.0,94.0,101.1,112.0,inferred
Bolton,2021-09-13,76.0,87.0,94.0,96.0,99.0,104.0,108.0,113.0,117.0,119.0,123.0,131.0,145.0,inferred
Bolton,2021-09-14,71.0,80.0,87.0,90.0,92.0,96.0,100.0,104.0,108.0,111.0,113.0,120.0,132.0,inferred
Bolton,2021-09-15,74.5,82.0,89.0,91.0,94.0,98.0,102.0,106.0,110.0,113.0,115.0,124.0,136.0,inferred
Bolton,2021-09-16,71.0,81.0,88.0,91.0,93.0,97.0,101.0,104.0,110.0,112.0,115.2,122.0,136.0,inferred
Bolton,2021-09-17,64.0,73.0,79.0,82.0,84.0,87.0,91.0,95.0,99.0,101.0,104.0,112.0,124.0,inferred
Bolton,2021-09-18,52.0,61.0,67.0,69.0,71.0,74.0,78.0,81.0,85.0,87.0,90.0,97.0,109.0,inferred
Bolton,2021-09-19,57.0,65.0,71.0,74.0,76.0,79.0,83.0,88.0,92.0,94.2,97.0,105.0,115.0,inferred
Bolton,2021-09-20,85.0,97.0,105.0,107.0,110.0,115.0,119.0,124.0,129.0,132.0,134.0,142.0,155.0,inferred
Bolton,2021-09-21,81.5,91.0,98.0,101.0,104.0,108.0,113.0,116.0,121.0,124.0,127.0,137.0,149.0,inferred
Bolton,2021-09-22,81.0,91.0,99.0,101.0,103.0,108.0,112.0,116.0,121.0,123.0,127.0,135.0,149.0,inferred
Bolton,2021-09-23,76.0,87.0,94.0,96.0,99.7,103.0,107.0,111.0,116.0,118.2,121.0,129.0,142.0,inferred
Bolton,2021-09-24,66.0,76.0,82.0,84.0,86.0,91.0,95.0,99.0,103.0,106.0,108.0,117.0,126.0,inferred
Bolton,2021-09-25,53.0,61.0,67.0,69.0,71.0,75.0,78.0,82.0,85.0,88.0,90.0,97.0,108.5,inferred
Bolton,2021-09-26,55.0,64.0,70.0,73.0,75.0,78.6,82.0,86.0,91.0,93.0,95.0,104.0,115.0,inferred
Bolton,2021-09-27,80.0,92.0,99.0,102.0,104.0,109.0,113.0,117.0,122.0,124.0,127.0,136.0,149.5,inferred
Bolton,2021-09-28,78.0,87.0,94.0,97.0,99.0,104.0,108.0,112.4,117.0,120.0,123.0,131.1,143.5,inferred
Bolton,2021-09-29,80.5,90.0,97.0,100.0,103.0,107.0,112.0,116.0,121.0,123.0,126.0,134.0,148.5,inferred
Bolton,2021-09-30,80.5,89.0,96.0,98.0,100.7,105.0,109.0,113.0,118.0,120.0,123.0,132.0,146.5,inferred
Bolton,2021-10-01,70.0,80.0,87.0,90.0,92.0,96.0,100.0,103.0,107.0,110.0,112.0,120.0,131.0,inferred
Bolton,2021-10-02,58.0,67.0,73.0,75.0,77.0,80.0,84.0,87.0,92.0,94.0,96.0,104.0,117.0,inferred
Bolton,2021-10-03,64.0,72.9,79.0,81.0,84.0,87.0,91.0,95.0,100.0,102.0,105.0,112.0,123.0,inferred
Bolton,2021-10-04,94.0,105.0,112.0,115.0,118.0,123.0,128.0,133.0,138.0,141.0,145.0,153.0,167.5,inferred
Bolton,2021-10-05,89.5,100.0,107.0,110.0,113.0,118.0,122.5,127.0,132.0,135.0,138.0,147.0,158.5,inferred
Bolton,2021-10-06,92.0,102.0,110.0,112.0,115.0,120.0,124.0,130.0,135.0,138.0,142.0,150.0,164.5,inferred
Bolton,2021-10-07,90.0,102.0,108.0,111.0,114.0,118.0,122.0,127.0,132.0,134.0,137.0,146.0,160.0,inferred
Bolton,2021-10-08,79.5,90.0,96.0,98.0,101.0,105.0,109.0,114.0,119.0,122.0,125.0,133.0,145.0,inferred
Bolton,2021-10-09,64.0,74.0,79.0,82.0,85.0,88.0,92.0,96.0,100.0,103.0,106.0,113.0,126.5,inferred
Bolton,2021-10-10,70.0,79.0,86.0,88.0,91.0,96.0,99.0,104.0,108.0,111.0,113.0,121.0,134.5,inferred
Bolton,2021-10-11,104.0,117.0,124.0,127.0,130.0,135.0,140.0,145.0,149.0,152.0,156.0,166.0,181.5,inferred
Bolton,2021-10-12,98.0,108.0,117.0,120.0,122.0,127.0,132.0,137.0,143.0,145.0,149.0,157.0,171.0,inferred
Bolton,2021-10-13,96.0,107.0,115.0,118.0,120.0,126.0,130.0,135.0,141.0,143.0,147.0,156.0,170.5,inferred
Bolton,2021-10-14,90.5,102.0,109.0,112.0,114.7,119.0,124.0,129.0,134.0,136.0,140.0,148.0,163.0,inferred
Bolton,2021-10-15,75.0,86.0,92.0,95.0,97.0,103.0,107.0,112.0,117.0,120.0,124.0,132.0,145.0,inferred
Borders,2021-07-03,19.5,28.0,35.0,37.0,39.0,43.0,48.0,53.0,58.0,62.0,66.0,76.0,91.5,inferred
Borders,2021-07-04,17.0,26.0,33.0,35.0,37.0,41.0,45.5,50.0,56.0,60.0,63.0,73.0,86.0,inferred
Borders,2021-07-05,13.0,20.0,25.0,28.0,30.0,35.6,40.0,44.0,49.0,52.0,56.0,66.0,82.0,inferred
Borders,2021-07-06,16.0,23.0,29.0,31.0,33.0,38.0,43.0,47.0,53.0,56.0,59.0,68.0,88.0,inferred
Borders,2021-07-07,18.0,26.0,32.0,35.0,37.0,42.0,47.0,52.0,57.0,60.0,64.0,74.0,93.0,inferred
Borders,2021-07-08,11.0,19.0,24.0,27.0,29.0,33.0,38.0,42.0,47.0,50.0,53.0,64.0,79.0,inferred
Borders,2021-07-09,13.0,19.0,25.0,28.0,29.0,34.0,38.0,42.0,47.0,50.0,53.2,64.0,81.5,inferred
Borders,2021-07-10,15.0,23.0,29.0,32.0,34.0,37.0,42.0,46.4,52.0,54.0,58.0,68.0,86.0,inferred
Borders,2021-07-11,12.0,19.0,25.0,28.0,30.0,34.0,38.0,43.0,47.0,50.0,54.0,65.0,80.0,inferred
Borders,2021-07-12,9.0,15.0,20.0,22.0,24.0,27.6,31.0,35.0,40.0,43.0,46.0,54.0,68.0,inferred
Borders,2021-07-13,9.0,15.0,20.0,22.0,24.0,29.0,33.0,37.0,42.0,45.0,48.0,58.0,74.0,inferred
Borders,2021-07-14,11.0,17.9,23.0,25.0,27.0,31.0,36.0,41.0,45.0,50.0,53.0,63.0,79.0,inferred
Borders,2021-07-15,8.0,13.0,18.0,20.0,22.0,25.0,29.0,33.0,37.0,41.0,44.0,52.0,67.0,inferred
Borders,2021-07-16,8.0,13.0,17.0,19.0,21.0,25.0,28.0,32.0,36.0,39.0,43.0,52.0,68.0,inferred
Borders,2021-07-17,9.0,15.0,20.0,22.8,24.0,28.0,32.0,36.0,41.0,44.0,47.0,56.0,72.5,inferred
Borders,2021-07-18,8.0,13.0,17.0,20.0,21.0,25.0,28.0,32.4,37.0,40.0,42.0,51.1,69.0,inferred
Borders,2021-07-19,5.0,9.0,13.0,15.0,17.0,20.0,23.0,27.0,32.0,34.0,37.0,46.0,61.0,inferred
Borders,2021-07-20,5.0,10.0,14.0,15.0,17.0,20.0,23.0,27.0,31.0,33.0,36.0,46.0,60.0,inferred
Borders,2021-07-21,7.0,12.0,16.0,18.0,20.0,23.0,26.0,30.0,34.0,37.0,40.0,48.1,62.0,inferred
Borders,2021-07-22,4.0,8.0,12.0,13.0,15.0,18.0,21.0,24.0,29.0,31.0,34.0,42.0,57.0,inferred
Borders,2021-07-23,4.0,8.0,11.0,13.0,14.0,18.0,21.0,24.0,27.0,29.0,32.0,41.0,57.0,inferred
Borders,2021-07-24,5.0,9.0,13.0,15.0,17.0,20.0,23.0,27.0,31.0,34.0,37.0,45.0,59.0,inferred
Borders,2021-07-25,4.0,8.0,11.0,13.0,14.0,17.0,20.0,23.0,27.0,29.0,32.0,40.0,53.0,inferred
Borders,2021-07-26,2.5,5.0,8.0,10.0,11.0,13.0,16.0,19.0,23.0,25.0,28.0,36.0,52.0,inferred
Borders,2021-07-27,3.0,6.0,9.0,10.0,11.0,14.0,17.0,20.0,24.0,27.0,29.0,37.0,50.0,inferred
Borders,2021-07-28,3.0,7.0,10.0,12.0,13.0,16.0,19.0,22.0,26.0,28.0,30.2,39.0,54.0,inferred
Borders,2021-07-29,2.0,5.0,8.0,9.0,11.0,13.0,16.0,19.0,23.0,25.0,28.0,35.1,50.0,inferred
Borders,2021-07-30,2.0,6.0,9.0,10.0,11.0,13.0,16.0,19.0,22.3,24.0,27.0,34.0,48.5,inferred
Borders,2021-07-31,4.0,7.0,11.0,12.0,14.0,16.0,19.5,22.0,27.0,29.0,32.0,39.1,56.5,inferred
Borders,2021-08-01,3.0,7.0,10.0,11.0,12.0,15.0,18.0,21.0,24.0,27.0,30.0,37.0,52.0,inferred
Borders,2021-08-02,2.0,5.0,7.0,9.0,10.0,13.0,15.0,18.0,22.0,24.0,26.0,33.0,47.0,inferred
Borders,2021-08-03,2.0,6.0,9.0,10.0,12.0,15.0,17.0,19.0,23.0,26.0,28.0,35.0,47.0,inferred
Borders,2021-08-04,4.5,9.0,12.0,14.0,15.0,18.0,21.0,24.0,28.0,31.0,35.0,42.0,55.5,inferred
Borders,2021-08-05,3.0,6.0,9.0,11.0,12.0,15.0,18.0,21.0,25.0,26.2,29.2,37.1,49.0,inferred
Borders,2021-08-06,4.0,8.0,11.0,12.0,14.0,17.0,19.0,23.0,27.0,28.0,31.0,38.0,53.0,inferred
Borders,2021-08-07,6.0,10.0,14.0,16.0,17.7,21.0,25.0,29.0,33.0,35.0,38.0,46.0,64.5,inferred
Borders,2021-08-08,5.0,10.0,14.0,15.0,16.7,19.0,23.0,26.4,30.0,33.0,36.0,44.0,61.0,inferred
Borders,2021-08-09,3.5,7.0,11.0,12.0,13.0,17.0,20.0,24.0,28.0,30.0,33.0,43.0,57.0,inferred
Borders,2021-08-10,6.0,10.0,14.0,16.0,17.0,20.0,23.0,27.0,32.0,35.0,38.0,47.0,63.0,inferred
Borders,2021-08-11,7.0,13.0,18.0,19.0,21.0,25.0,29.0,32.0,37.0,40.0,43.0,52.0,69.0,inferred
Borders,2021-08-12,7.0,12.0,16.0,17.0,18.0,21.0,25.0,29.0,33.0,35.0,38.0,47.0,64.0,inferred
Borders,2021-08-13,8.0,13.0,18.0,20.0,21.0,25.0,29.0,33.0,38.0,40.0,43.2,52.0,67.0,inferred
Borders,2021-08-14,12.0,18.0,24.0,26.0,28.0,32.0,37.0,41.0,47.0,49.0,53.0,64.0,79.5,inferred
Borders,2021-08-15,11.5,19.0,24.0,26.0,28.0,32.0,36.0,41.0,46.0,49.0,52.0,62.0,78.0,inferred
Borders,2021-08-16,9.0,16.0,21.0,23.0,25.0,29.0,33.0,37.0,42.0,44.0,48.0,60.0,75.0,inferred
Borders,2021-08-17,13.0,21.0,26.0,28.0,30.0,34.0,38.0,42.0,48.0,51.2,55.0,65.0,82.5,inferred
Borders,2021-08-18,18.0,26.0,33.8,36.0,39.0,44.0,49.0,54.0,60.0,63.0,67.0,79.0,98.5,inferred
Borders,2021-08-19,16.0,24.0,30.0,33.0,35.0,40.0,44.0,49.0,55.0,58.0,62.0,72.0,95.0,inferred
Borders,2021-08-20,19.0,28.0,34.0,37.0,40.0,45.0,49.0,54.0,61.0,63.0,68.0,78.0,94.0,inferred
Borders,2021-08-21,27.0,37.0,45.0,48.0,50.0,56.0,61.0,66.0,72.0,76.0,80.0,93.0,113.5,inferred
Borders,2021-08-22,26.0,36.0,43.0,47.0,50.0,56.0,62.0,68.0,74.0,78.0,83.0,96.0,115.0,inferred
Borders,2021-08-23,22.0,33.0,39.0,42.0,46.0,50.0,56.0,61.0,67.0,70.0,75.0,86.0,109.5,inferred
Borders,2021-08-24,27.0,36.0,45.8,49.0,51.7,57.0,63.0,69.0,75.0,79.0,83.2,97.0,120.5,inferred
Borders,2021-08-25,35.0,46.0,55.0,59.0,62.0,68.0,74.0,81.0,87.0,91.0,96.0,108.0,127.5,inferred
Borders,2021-08-26,27.0,37.0,46.0,49.0,52.0,57.0,62.0,68.0,75.0,79.0,84.0,96.0,114.0,inferred
Borders,2021-08-27,31.0,42.0,49.0,53.0,56.0,62.0,68.0,75.0,81.0,85.0,88.0,103.0,123.5,inferred
Borders,2021-08-28,40.0,50.0,59.0,63.0,66.0,73.0,79.0,85.0,93.0,97.0,102.0,117.0,139.5,inferred
Borders,2021-08-29,35.0,48.0,57.0,60.0,63.0,69.0,75.0,81.0,89.0,93.0,98.0,110.0,134.0,inferred
Borders,2021-08-30,29.0,41.0,49.0,52.0,55.0,60.0,66.0,72.0,79.0,83.0,87.0,99.0,119.5,inferred
Borders,2021-08-31,33.0,46.0,54.0,57.0,60.0,66.6,72.5,79.0,87.0,91.0,97.0,110.0,135.0,inferred
Borders,2021-09-01,42.0,54.0,63.0,67.0,72.0,78.0,84.0,91.0,100.0,104.0,108.0,124.0,149.5,inferred
Borders,2021-09-02,31.0,43.0,51.0,54.0,57.0,63.0,69.0,76.0,82.0,86.0,90.0,102.0,126.0,inferred
Borders,2021-09-03,36.0,46.0,54.0,57.0,61.0,67.0,73.0,79.0,86.0,89.0,94.0,106.0,130.5,inferred
Borders,2021-09-04,41.0,55.0,64.0,68.0,71.7,77.0,84.0,91.0,98.0,102.0,107.0,124.0,147.0,inferred
Borders,2021-09-05,36.0,50.0,59.0,63.0,66.0,73.0,79.0,86.0,93.0,97.0,102.0,116.0,136.0,inferred
Borders,2021-09-06,30.0,41.9,49.0,52.8,56.0,62.0,68.0,75.0,81.0,85.0,90.0,101.0,123.0,inferred
Borders,2021-09-07,31.0,44.0,52.0,56.0,59.0,65.0,70.0,77.0,83.0,88.0,92.0,104.0,126.5,inferred
Borders,2021-09-08,37.0,47.0,57.0,61.0,64.0,71.0,77.0,84.0,91.0,95.0,99.0,112.0,136.0,inferred
Borders,2021-09-09,26.0,35.0,43.0,46.0,49.0,54.0,59.5,65.0,72.0,77.0,82.0,94.0,115.0,inferred
Borders,2021-09-10,24.0,32.0,40.0,43.0,47.0,53.0,59.0,64.0,71.0,74.0,77.0,90.0,108.5,inferred
Borders,2021-09-11,29.0,39.9,47.0,51.0,54.0,59.0,64.0,70.0,76.0,80.0,85.0,98.0,118.0,inferred
Borders,2021-09-12,23.0,31.0,39.0,41.0,44.0,50.0,54.0,60.0,67.0,71.0,75.0,86.0,104.0,inferred
Borders,2021-09-13,16.0,24.0,30.0,32.0,35.0,39.0,43.0,48.0,53.0,56.0,60.0,71.0,87.5,inferred
Borders,2021-09-14,16.0,24.0,30.0,33.0,35.0,40.0,44.0,49.0,55.3,58.2,62.0,71.0,92.0,inferred
Borders,2021-09-15,18.0,28.0,33.0,36.0,38.0,42.0,47.0,53.0,58.0,62.0,66.0,79.0,98.0,inferred
Borders,2021-09-16,13.0,20.0,26.0,28.0,30.0,35.0,39.0,44.0,49.0,52.0,55.0,64.0,85.5,inferred
Borders,2021-09-17,12.0,19.0,24.0,26.0,28.0,32.0,36.0,41.0,46.0,50.0,53.0,63.0,81.0,inferred
Borders,2021-09-18,15.5,23.0,28.8,31.0,33.0,37.0,41.0,45.0,51.0,54.0,57.0,69.0,85.0,inferred
Borders,2021-09-19,12.0,19.0,25.0,27.0,29.0,32.0,36.0,41.0,46.0,49.0,53.0,62.0,78.0,inferred
Borders,2021-09-20,8.0,14.0,19.0,21.0,23.0,27.0,31.0,35.0,39.0,42.0,45.0,54.0,71.0,inferred
Borders,2021-09-21,9.0,15.0,20.0,22.0,24.0,27.0,32.0,36.0,41.0,43.2,47.0,56.0,72.0,inferred
Borders,2021-09-22,11.0,19.0,25.0,27.0,29.0,32.0,37.0,41.0,46.0,49.0,52.0,63.0,80.0,inferred
Borders,2021-09-23,9.0,14.9,19.0,21.0,23.0,27.0,30.0,34.0,39.0,41.0,45.0,55.0,72.0,inferred
Borders,2021-09-24,9.0,15.0,20.0,22.0,24.0,28.0,31.0,36.0,40.0,43.0,46.0,54.0,72.0,inferred
Borders,2021-09-25,12.0,19.0,24.0,26.0,29.0,32.0,36.0,41.0,46.0,49.0,53.0,63.0,81.0,inferred
Borders,2021-09-26,11.0,17.0,22.0,25.0,27.0,31.0,36.0,40.0,45.0,49.0,52.0,61.0,82.0,inferred
Borders,2021-09-27,9.0,14.0,19.0,21.0,23.0,26.0,30.0,34.0,38.0,41.0,44.0,52.0,67.0,inferred
Borders,2021-09-28,9.0,16.0,21.0,23.0,25.0,29.0,33.0,38.0,42.0,45.0,49.0,58.0,73.5,inferred
Borders,2021-09-29,11.5,21.0,27.0,29.0,31.0,36.0,40.0,45.0,50.0,53.0,57.0,66.0,87.5,inferred
Borders,2021-09-30,9.5,16.0,21.0,24.0,26.0,30.0,34.0,38.0,43.0,46.0,49.0,60.0,76.0,inferred
Borders,2021-10-01,11.5,18.0,24.0,26.0,29.0,33.0,37.0,42.0,47.0,49.0,53.0,62.0,79.0,inferred
Borders,2021-10-02,17.0,24.0,30.0,33.0,36.0,40.0,45.0,50.0,56.0,59.0,62.0,74.1,90.0,inferred
Borders,2021-10-03,14.0,23.0,29.0,32.0,34.0,39.0,43.0,48.0,54.0,58.0,61.0,72.0,91.0,inferred
Borders,2021-10-04,12.0,20.0,26.0,28.0,30.0,34.0,38.0,42.0,47.0,51.0,55.0,67.0,84.0,inferred
Borders,2021-10-05,15.0,23.0,29.0,31.8,34.0,38.0,42.0,47.0,53.0,57.0,60.0,70.0,89.0,inferred
Borders,2021-10-06,21.5,30.0,36.0,39.0,41.0,46.0,51.0,57.0,63.0,66.2,70.0,81.0,100.0,inferred
Borders,2021-10-07,16.0,25.0,30.0,33.0,36.0,41.0,45.0,50.0,55.0,59.0,62.0,72.0,93.0,inferred
Borders,2021-10-08,19.0,26.0,33.0,35.0,38.0,42.0,46.0,51.0,58.0,61.0,65.0,77.0,95.0,inferred
Borders,2021-10-09,23.0,32.0,40.0,43.0,46.0,52.0,57.0,62.0,68.0,71.0,76.0,88.0,105.5,inferred
Borders,2021-10-10,23.0,31.0,38.0,41.0,44.0,48.6,54.0,59.0,65.0,68.0,72.0,83.1,104.0,inferred
Borders,2021-10-11,17.0,26.0,31.8,34.0,36.0,42.0,46.0,51.0,56.0,60.0,65.0,75.0,93.0,inferred
Borders,2021-10-12,20.0,29.0,36.0,39.0,42.0,46.0,51.0,56.0,61.0,65.0,69.0,82.1,104.0,inferred
Borders,2021-10-13,27.0,35.0,43.0,47.0,50.0,55.0,61.0,66.0,73.0,76.0,82.0,93.0,112.5,inferred
Borders,2021-10-14,20.0,29.0,37.0,40.0,42.0,48.0,53.0,59.0,65.3,69.2,73.0,85.0,108.5,inferred
Borders,2021-10-15,21.5,30.0,38.0,41.0,44.0,50.0,55.0,61.0,69.0,72.0,77.0,88.0,114.5,inferred
Boston,2021-07-03,7.0,10.0,12.0,13.0,13.0,15.0,17.0,18.0,20.0,21.0,22.0,26.0,31.0,inferred
Boston,2021-07-04,9.0,12.0,14.0,15.0,16.0,18.0,19.0,21.0,23.0,24.0,26.0,29.0,35.0,inferred
Boston,2021-07-05,14.5,19.0,22.0,23.0,24.0,26.0,28.0,30.0,32.0,34.0,36.0,40.0,47.0,inferred
Boston,2021-07-06,15.0,20.0,23.0,24.0,25.0,27.0,29.0,31.0,33.0,35.0,36.0,40.0,47.5,inferred
Boston,2021-07-07,17.0,21.0,24.0,25.0,27.0,29.0,31.0,33.0,36.0,37.0,39.0,43.0,49.0,inferred
Boston,2021-07-08,17.0,22.0,26.0,27.0,28.0,30.0,32.5,35.0,38.0,39.0,40.0,44.0,51.0,inferred
Boston,2021-07-09,16.0,21.0,25.0,26.0,27.0,29.0,31.0,34.0,36.0,37.0,39.0,43.0,51.0,inferred
Boston,2021-07-10,15.0,19.0,22.0,24.0,25.0,27.0,29.0,31.0,33.0,34.0,36.0,40.0,48.0,inferred
Boston,2021-07-11,18.0,22.0,26.0,27.0,28.7,31.0,33.0,35.0,37.0,39.0,41.0,45.0,52.0,inferred
Boston,2021-07-12,29.0,35.0,39.0,41.0,42.0,45.0,48.0,50.0,53.0,55.0,57.0,62.0,71.0,inferred
Boston,2021-07-13,27.0,33.0,38.0,39.0,41.0,44.0,46.0,49.0,52.0,54.0,56.0,61.0,69.0,inferred
Boston,2021-07-14,27.0,33.0,37.0,39.0,40.0,43.0,45.0,48.0,51.0,53.0,55.0,60.0,68.0,inferred
Boston,2021-07-15,24.5,31.0,35.0,36.0,38.0,41.0,43.0,46.0,49.0,50.0,52.0,57.0,64.5,inferred
Boston,2021-07-16,21.5,27.0,31.0,32.0,33.0,36.0,38.0,40.0,43.0,45.0,47.0,52.0,59.0,inferred
Boston,2021-07-17,16.0,21.0,24.0,26.0,27.0,29.0,32.0,34.0,36.0,38.0,39.0,44.0,51.0,inferred
Boston,2021-07-18,18.0,23.0,26.0,27.0,29.0,31.0,33.0,36.0,38.0,39.0,40.0,45.0,51.0,inferred
Boston,2021-07-19,26.0,32.0,36.0,37.0,39.0,41.0,44.0,47.0,50.0,51.0,53.0,59.0,66.0,inferred
Boston,2021-07-20,23.0,28.0,32.0,34.0,35.0,38.0,40.0,43.0,45.0,48.0,50.0,55.0,64.0,inferred
Boston,2021-07-21,22.0,27.0,31.0,32.8,34.0,36.0,39.0,41.0,44.0,46.0,47.0,52.0,60.0,inferred
Boston,2021-07-22,20.0,25.0,28.0,30.0,31.0,33.0,36.0,38.0,41.0,42.0,44.0,49.0,57.5,inferred
Boston,2021-07-23,17.0,21.0,24.0,25.0,26.0,29.0,31.0,33.0,35.0,36.0,38.0,42.0,48.0,inferred
Boston,2021-07-24,12.0,16.0,19.0,20.0,21.0,23.0,25.0,27.0,29.3,31.0,32.0,36.0,42.0,inferred
Boston,2021-07-25,13.0,16.0,19.0,20.0,21.0,23.0,25.0,28.0,30.0,31.0,33.0,37.0,43.0,inferred
Boston,2021-07-26,19.0,23.0,26.0,27.0,28.0,31.0,33.0,35.0,38.0,39.0,41.0,45.0,53.0,inferred
Boston,2021-07-27,16.0,21.0,24.0,25.0,26.0,29.0,31.0,33.0,36.0,37.0,38.0,42.0,48.0,inferred
Boston,2021-07-28,16.0,21.0,24.0,25.0,26.0,28.0,30.0,33.0,35.0,37.0,38.0,43.0,50.0,inferred
Boston,2021-07-29,16.0,20.0,23.0,25.0,26.0,28.0,30.0,33.0,35.0,37.0,38.0,42.0,49.0,inferred
Boston,2021-07-30,14.0,18.0,21.0,22.0,24.0,26.0,28.0,29.0,32.0,33.0,35.0,39.0,46.0,inferred
Boston,2021-07-31,11.0,15.0,18.0,19.0,20.0,22.0,23.0,25.0,27.0,29.0,30.0,34.0,41.0,inferred
Boston,2021-08-01,12.0,16.0,19.0,20.0,21.0,23.0,25.0,27.0,30.0,31.0,33.0,37.0,44.0,inferred
Boston,2021-08-02,20.0,25.0,28.0,30.0,31.0,33.0,35.0,38.0,41.0,42.0,44.0,48.0,56.0,inferred
Boston,2021-08-03,18.0,23.0,26.8,28.0,29.0,31.0,34.0,36.0,39.0,41.0,42.0,47.0,54.0,inferred
Boston,2021-08-04,19.0,24.0,27.0,28.0,30.0,32.0,34.0,36.0,39.0,40.2,42.0,47.0,54.5,inferred
Boston,2021-08-05,17.0,22.0,26.0,27.0,28.0,31.0,33.0,35.0,38.0,39.0,41.0,45.0,54.5,inferred
Boston,2021-08-06,15.5,20.0,23.0,24.0,25.0,28.0,30.0,32.0,34.0,35.0,37.0,41.0,48.0,inferred
Boston,2021-08-07,12.0,16.0,19.0,20.0,21.0,23.0,25.0,27.0,29.0,30.0,32.0,36.0,41.0,inferred
Boston,2021-08-08,13.0,17.0,20.0,21.0,22.0,24.0,26.0,28.0,31.0,32.0,33.2,37.0,43.0,inferred
Boston,2021-08-09,20.0,24.0,28.0,29.0,31.0,33.0,35.0,38.0,41.0,42.0,44.0,49.0,57.0,inferred
Boston,2021-08-10,18.0,23.0,27.0,28.0,29.0,31.0,33.0,36.0,38.0,40.0,41.0,46.0,53.0,inferred
Boston,2021-08-11,18.0,23.0,26.0,27.0,28.0,31.0,33.0,35.0,38.0,39.0,41.0,45.1,52.0,inferred
Boston,2021-08-12,16.0,21.0,24.0,26.0,27.0,29.0,31.0,33.0,36.0,38.0,39.0,43.1,51.0,inferred
Boston,2021-08-13,14.0,18.0,21.0,23.0,24.0,26.0,28.0,30.0,32.0,34.0,35.0,39.0,46.0,inferred
Boston,2021-08-14,10.0,14.0,17.0,18.0,19.0,21.0,23.0,25.0,27.0,29.0,30.0,34.0,40.0,inferred
Boston,2021-08-15,11.0,15.0,18.0,19.0,20.0,22.0,24.0,26.0,28.0,29.0,31.0,35.0,42.0,inferred
Boston,2021-08-16,16.0,21.0,25.0,26.0,27.0,30.0,32.0,34.0,36.0,38.0,39.2,44.0,51.0,inferred
Boston,2021-08-17,15.0,20.0,23.0,24.0,25.0,27.0,30.0,32.0,34.0,36.0,37.0,42.0,49.0,inferred
Boston,2021-08-18,14.0,19.0,22.0,23.0,24.7,27.0,29.0,31.0,33.0,34.0,36.0,40.0,47.0,inferred
Boston,2021-08-19,14.0,17.0,20.0,22.0,23.0,25.0,27.0,30.0,32.0,33.0,34.0,38.0,45.0,inferred
Boston,2021-08-20,11.0,15.0,18.0,19.0,20.0,22.0,24.0,26.0,28.0,29.0,31.0,35.0,42.0,inferred
Boston,2021-08-21,9.0,12.0,14.0,15.0,16.0,17.0,19.0,21.0,23.0,24.0,26.0,29.0,35.0,inferred
Boston,2021-08-22,9.0,12.0,15.0,16.0,17.0,18.0,20.0,22.0,24.0,25.0,26.0,29.0,36.0,inferred
Boston,2021-08-23,14.0,17.0,20.0,21.0,22.0,24.0,27.0,29.0,31.0,32.0,34.0,38.0,47.0,inferred
Boston,2021-08-24,12.0,16.0,18.0,19.0,20.0,22.0,24.0,26.0,28.0,30.0,31.0,35.0,42.0,inferred
Boston,2021-08-25,11.0,16.0,18.0,19.0,20.0,22.0,24.0,26.0,28.0,30.0,31.0,35.0,41.0,inferred
Boston,2021-08-26,11.0,15.0,17.0,18.0,19.0,21.0,23.0,25.0,27.0,29.0,30.0,34.0,40.0,inferred
Boston,2021-08-27,9.0,12.0,15.0,16.0,17.0,19.0,21.0,23.0,25.0,26.0,27.0,30.0,36.0,inferred
Boston,2021-08-28,7.0,10.0,12.0,13.0,14.0,16.0,17.0,19.0,21.0,22.0,23.0,26.0,31.5,inferred
Boston,2021-08-29,8.0,11.0,13.0,14.0,15.0,17.0,19.0,20.0,22.0,23.0,25.0,28.0,34.5,inferred
Boston,2021-08-30,12.0,16.0,19.0,20.0,21.0,23.0,25.0,27.0,30.0,31.0,32.0,36.0,43.0,inferred
Boston,2021-08-31,12.0,15.0,18.0,19.0,20.0,22.0,24.0,26.0,28.0,29.0,31.0,34.0,41.0,inferred
Boston,2021-09-01,12.0,16.0,18.0,19.0,20.0,22.0,24.0,26.0,28.0,29.0,31.0,35.0,43.0,inferred
Boston,2021-09-02,11.0,15.0,18.0,19.0,20.0,22.0,24.0,26.0,28.0,29.0,31.0,34.0,41.0,inferred
Boston,2021-09-03,10.0,13.0,16.0,18.0,18.0,20.0,22.0,24.0,26.0,27.0,28.0,32.0,38.0,inferred
Boston,2021-09-04,8.0,11.0,14.0,15.0,16.0,18.0,19.0,21.0,22.0,24.0,25.0,28.0,33.5,inferred
Boston,2021-09-05,9.0,12.0,15.0,16.0,17.0,19.0,20.0,22.0,24.0,25.0,26.0,30.0,36.5,inferred
Boston,2021-09-06,14.0,19.0,22.0,23.0,25.0,27.0,29.0,31.0,33.0,34.0,36.0,40.0,48.0,inferred
Boston,2021-09-07,13.0,17.0,20.0,21.0,22.0,25.0,27.0,29.0,31.0,32.0,33.0,38.0,45.0,inferred
Boston,2021-09-08,12.5,17.0,20.0,21.0,22.7,24.0,26.0,28.0,31.0,32.0,33.0,37.1,44.0,inferred
Boston,2021-09-09,12.0,16.0,18.0,20.0,21.0,23.0,25.0,27.0,29.0,30.0,32.0,36.0,42.0,inferred
Boston,2021-09-10,10.0,13.0,16.0,17.0,18.0,20.0,22.0,24.0,25.0,27.0,28.0,32.0,38.0,inferred
Boston,2021-09-11,7.0,11.0,13.0,14.0,15.0,16.0,18.0,19.0,21.0,22.2,24.0,27.0,33.0,inferred
Boston,2021-09-12,8.0,11.0,13.0,14.0,15.0,17.0,18.0,20.0,22.0,23.0,24.0,28.0,34.0,inferred
Boston,2021-09-13,11.0,16.0,19.0,20.0,21.0,23.0,25.0,27.0,29.0,30.0,32.0,35.0,42.0,inferred
Boston,2021-09-14,10.5,15.0,18.0,19.0,20.0,22.0,24.0,25.0,28.0,29.0,30.0,34.0,42.0,inferred
Boston,2021-09-15,12.0,16.0,19.0,20.0,21.0,23.0,25.0,27.0,29.0,30.0,32.0,35.0,42.0,inferred
Boston,2021-09-16,12.0,16.0,19.0,20.0,21.0,23.0,25.0,27.0,30.0,31.0,32.0,37.0,43.5,inferred
Boston,2021-09-17,12.0,16.0,19.0,20.0,21.0,23.0,25.0,27.0,29.0,30.0,32.0,36.0,42.0,inferred
Boston,2021-09-18,10.0,14.0,17.0,18.0,19.0,21.0,22.0,24.0,26.0,28.0,29.0,33.0,39.0,inferred
Boston,2021-09-19,12.0,16.0,19.0,20.0,21.0,23.0,25.0,27.0,30.0,31.0,32.0,36.0,43.5,inferred
Boston,2021-09-20,20.0,25.0,29.0,30.0,31.7,34.0,36.0,39.0,41.0,43.0,45.0,50.0,58.0,inferred
Boston,2021-09-21,19.0,24.0,28.0,29.0,31.0,34.0,36.0,38.0,41.0,42.0,44.0,49.0,56.5,inferred
Boston,2021-09-22,21.0,25.9,29.0,31.0,32.0,34.0,36.0,39.0,42.0,43.0,45.0,50.0,55.0,inferred
Boston,2021-09-23,20.0,25.0,29.0,30.0,31.0,34.0,36.0,38.0,41.0,43.0,44.0,50.0,58.5,inferred
Boston,2021-09-24,17.5,23.0,26.0,27.0,29.0,31.0,33.0,35.0,38.0,39.0,41.0,45.0,52.0,inferred
Boston,2021-09-25,15.0,19.0,22.0,23.0,24.0,26.0,29.0,31.0,33.0,34.0,36.0,40.0,47.0,inferred
Boston,2021-09-26,16.0,21.0,24.0,25.0,26.0,28.0,30.0,33.0,35.0,37.0,39.0,43.0,51.0,inferred
Boston,2021-09-27,24.0,30.0,34.0,36.0,37.0,40.0,43.0,45.0,48.0,50.0,52.0,57.0,66.0,inferred
Boston,2021-09-28,23.0,29.0,33.0,34.0,35.0,38.0,40.0,43.0,46.0,47.0,49.0,54.0,62.0,inferred
Boston,2021-09-29,23.5,29.0,33.0,34.0,36.0,38.0,40.0,43.0,46.0,47.0,49.0,54.0,61.0,inferred
Boston,2021-09-30,22.0,27.0,31.0,32.0,34.0,36.0,38.0,41.0,44.0,45.0,47.0,52.0,59.0,inferred
Boston,2021-10-01,20.0,24.0,28.0,29.0,30.0,32.0,34.0,37.0,39.0,41.0,43.0,47.0,54.0,inferred
Boston,2021-10-02,15.0,19.0,22.0,23.8,25.0,27.0,29.0,31.0,34.0,35.0,37.0,41.0,48.0,inferred
Boston,2021-10-03,17.0,21.0,24.0,26.0,27.0,29.0,31.0,33.0,36.0,37.0,39.0,44.0,51.0,inferred
Boston,2021-10-04,24.0,30.9,34.0,36.0,37.0,40.0,43.0,45.0,48.0,50.0,51.0,56.0,65.0,inferred
Boston,2021-10-05,23.0,28.0,32.0,33.0,35.0,38.0,40.0,42.4,45.0,47.0,49.0,54.0,63.0,inferred
Boston,2021-10-06,23.0,28.0,32.0,33.0,35.0,37.0,40.0,43.0,46.0,47.0,49.0,54.0,62.0,inferred
Boston,2021-10-07,23.0,27.0,31.0,33.0,34.0,37.0,39.0,42.0,44.0,46.0,48.0,53.0,61.0,inferred
Boston,2021-10-08,19.0,25.0,28.0,30.0,31.0,33.0,35.0,38.0,41.0,42.0,44.0,48.0,54.5,inferred
Boston,2021-10-09,16.0,20.0,24.0,25.0,26.0,29.0,31.0,33.0,35.0,37.0,38.0,42.0,49.5,inferred
Boston,2021-10-10,19.0,23.0,26.0,28.0,29.0,31.0,33.0,36.0,38.0,40.0,42.0,46.0,52.0,inferred
Boston,2021-10-11,26.0,33.0,37.0,39.0,40.0,43.0,45.0,48.0,51.0,53.0,55.0,61.0,70.0,inferred
Boston,2021-10-12,25.5,31.0,35.0,37.0,39.0,41.0,44.0,47.0,50.0,51.0,53.0,59.0,68.0,inferred
Boston,2021-10-13,23.0,31.0,34.0,36.0,37.0,40.0,43.0,46.0,49.0,51.0,53.0,57.0,65.0,inferred
Boston,2021-10-14,24.0,29.0,33.0,35.0,36.0,39.0,41.0,44.0,46.0,48.0,50.0,55.0,62.5,inferred
Boston,2021-10-15,20.0,25.0,28.0,30.0,31.0,34.0,36.0,39.0,42.0,44.0,45.0,51.0,57.0,inferred
"Bournemouth, Christchurch and Poole",2021-07-03,64.0,75.0,83.0,85.0,88.0,93.0,98.0,103.0,109.0,112.0,116.0,126.0,141.5,inferred
"Bournemouth, Christchurch and Poole",2021-07-04,66.0,79.0,87.0,90.0,93.0,99.0,104.0,109.0,115.0,118.0,122.0,132.0,150.0,inferred
"Bournemouth, Christchurch and Poole",2021-07-05,100.0,116.9,126.0,130.0,133.0,140.0,147.0,154.0,161.0,165.0,171.0,183.0,203.0,inferred
"Bournemouth, Christchurch and Poole",2021-07-06,111.5,130.0,139.8,143.0,146.0,153.0,161.0,168.0,175.0,180.0,184.2,196.0,222.0,inferred
"Bournemouth, Christchurch and Poole",2021-07-07,126.0,141.9,152.0,157.0,161.0,168.0,174.0,181.0,188.0,192.0,197.0,209.0,229.0,inferred
"Bournemouth, Christchurch and Poole",2021-07-08,136.0,153.0,164.0,169.0,173.0,181.0,188.0,196.0,203.0,207.2,213.0,226.0,248.5,inferred
"Bournemouth, Christchurch and Poole",2021-07-09,137.0,155.9,166.0,170.0,174.0,182.0,189.0,196.0,204.0,208.2,214.0,229.0,250.0,inferred
"Bournemouth, Christchurch and Poole",2021-07-10,121.5,139.0,151.0,156.0,160.0,167.0,174.0,180.0,188.0,193.0,197.2,211.1,233.5,inferred
"Bournemouth, Christchurch and Poole",2021-07-11,145.0,163.0,174.0,178.0,183.0,190.0,197.0,205.0,213.0,218.0,223.0,239.0,263.5,inferred
"Bournemouth, Christchurch and Poole",2021-07-12,230.0,250.0,264.0,270.0,275.0,285.0,295.0,306.0,317.0,323.0,330.0,346.1,374.5,inferred
"Bournemouth, Christchurch and Poole",2021-07-13,237.5,262.0,278.0,284.0,292.0,302.0,312.5,324.0,337.0,342.2,350.0,371.0,398.5,inferred
"Bournemouth, Christchurch and Poole",2021-07-14,239.0,260.0,278.0,283.8,289.0,301.0,310.0,320.0,330.0,336.0,341.0,362.0,389.0,inferred
"Bournemouth, Christchurch and Poole",2021-07-15,233.0,255.0,271.0,277.0,282.0,291.0,301.0,310.0,322.0,327.0,333.0,350.0,378.0,inferred
"Bournemouth, Christchurch and Poole",2021-07-16,205.0,230.0,245.0,251.0,256.0,264.0,272.0,283.0,294.0,299.0,305.0,321.0,347.5,inferred
"Bournemouth, Christchurch and Poole",2021-07-17,166.0,185.0,200.0,205.0,210.0,219.0,227.0,236.0,244.0,249.0,256.0,271.0,293.5,inferred
"Bournemouth, Christchurch and Poole",2021-07-18,174.0,195.9,208.0,213.0,217.0,226.0,234.0,242.0,251.0,256.0,263.0,276.0,300.5,inferred
"Bournemouth, Christchurch and Poole",2021-07-19,246.0,271.0,286.0,292.0,298.0,308.0,318.0,329.0,340.0,346.0,353.2,370.0,397.5,inferred
"Bournemouth, Christchurch and Poole",2021-07-20,246.9,273.0,289.0,294.0,300.0,311.0,321.0,331.4,343.0,348.0,356.0,374.0,403.5,inferred
"Bournemouth, Christchurch and Poole",2021-07-21,238.5,262.0,278.0,285.0,291.0,299.0,309.0,318.4,329.0,335.0,342.0,362.0,395.0,inferred
"Bournemouth, Christchurch and Poole",2021-07-22,233.0,255.9,269.0,274.0,280.0,289.0,298.0,309.0,321.0,327.0,333.0,349.0,378.0,inferred
"Bournemouth, Christchurch and Poole",2021-07-23,201.0,223.0,238.0,245.0,250.0,259.0,268.0,277.0,288.0,294.0,300.0,318.0,345.0,inferred
"Bournemouth, Christchurch and Poole",2021-07-24,163.5,184.0,196.0,200.0,205.0,213.6,220.0,228.0,237.3,242.2,248.0,264.0,291.0,inferred
"Bournemouth, Christchurch and Poole",2021-07-25,169.5,187.0,200.0,206.0,210.0,218.0,227.0,235.0,245.3,250.0,256.0,270.0,291.5,inferred
"Bournemouth, Christchurch and Poole",2021-07-26,231.0,256.0,273.0,278.0,284.0,295.0,304.0,313.0,324.0,331.0,339.0,357.0,388.0,inferred
"Bournemouth, Christchurch and Poole",2021-07-27,239.0,261.0,277.0,284.0,290.0,299.0,309.0,320.0,331.3,337.0,343.0,359.0,394.0,inferred
"Bournemouth, Christchurch and Poole",2021-07-28,233.0,255.0,271.0,277.0,282.0,292.0,302.0,311.0,320.0,325.0,333.0,350.0,384.5,inferred
"Bournemouth, Christchurch and Poole",2021-07-29,224.0,249.0,266.0,271.0,277.0,286.0,296.0,305.0,315.0,321.0,328.0,346.0,376.5,inferred
"Bournemouth, Christchurch and Poole",2021-07-30,205.0,224.0,240.0,245.0,250.0,260.0,268.5,279.0,289.0,295.0,301.0,319.0,342.5,inferred
"Bournemouth, Christchurch and Poole",2021-07-31,164.0,187.0,198.8,204.0,209.0,217.0,224.0,232.0,242.0,247.0,253.0,267.0,295.0,inferred
"Bournemouth, Christchurch and Poole",2021-08-01,173.5,192.0,205.0,210.0,215.0,224.0,233.0,242.0,250.0,255.0,261.0,278.0,314.0,inferred
"Bournemouth, Christchurch and Poole",2021-08-02,246.0,269.0,285.0,291.8,298.0,310.0,320.0,330.0,340.0,344.0,352.0,373.0,404.0,inferred
"Bournemouth, Christchurch and Poole",2021-08-03,247.0,269.0,288.0,294.0,300.0,311.0,320.0,330.0,339.0,345.0,352.2,371.0,403.5,inferred
"Bournemouth, Christchurch and Poole",2021-08-04,235.0,258.0,273.0,279.0,284.0,294.0,304.0,312.0,324.0,329.0,334.0,350.0,374.0,inferred
"Bournemouth, Christchurch and Poole",2021-08-05,220.0,243.0,258.0,263.0,269.0,278.0,287.0,297.0,307.0,313.0,319.0,335.0,368.0,inferred
"Bournemouth, Christchurch and Poole",2021-08-06,191.0,212.9,228.0,233.0,238.0,247.0,255.0,264.0,274.0,280.0,285.0,302.0,328.5,inferred
"Bournemouth, Christchurch and Poole",2021-08-07,150.5,166.0,179.0,184.0,188.0,197.0,204.0,213.0,221.0,227.0,232.0,246.0,272.0,inferred
"Bournemouth, Christchurch and Poole",2021-08-08,147.0,166.0,179.0,183.0,188.0,197.0,204.0,212.4,222.0,227.0,233.0,246.0,270.5,inferred
"Bournemouth, Christchurch and Poole",2021-08-09,202.0,225.0,241.8,247.0,252.0,261.0,272.0,282.0,292.0,298.0,303.0,323.0,353.0,inferred
"Bournemouth, Christchurch and Poole",2021-08-10,203.5,226.0,241.0,246.0,252.0,260.0,268.0,278.0,288.0,296.0,302.0,320.0,350.0,inferred
"Bournemouth, Christchurch and Poole",2021-08-11,198.0,217.0,232.0,238.0,243.0,253.0,260.0,269.0,278.3,284.0,290.0,309.0,334.5,inferred
"Bournemouth, Christchurch and Poole",2021-08-12,190.0,213.0,226.8,231.0,237.0,246.0,254.0,262.0,270.0,275.0,281.0,296.0,323.0,inferred
"Bournemouth, Christchurch and Poole",2021-08-13,168.0,192.0,204.0,210.0,215.0,224.0,232.0,240.0,249.0,254.0,259.0,274.0,295.5,inferred
"Bournemouth, Christchurch and Poole",2021-08-14,137.0,156.0,167.0,171.0,176.0,184.0,191.0,198.0,205.0,210.0,215.0,230.0,255.5,inferred
"Bournemouth, Christchurch and Poole",2021-08-15,140.0,159.9,171.0,175.0,179.0,187.6,194.0,203.0,211.0,217.0,221.0,237.0,262.0,inferred
"Bournemouth, Christchurch and Poole",2021-08-16,200.0,221.0,236.0,242.0,247.0,256.0,265.0,275.0,286.0,291.0,296.2,313.0,339.0,inferred
"Bournemouth, Christchurch and Poole",2021-08-17,199.5,218.0,233.0,239.0,243.0,253.0,263.0,272.0,281.0,287.0,293.2,312.1,341.0,inferred
"Bournemouth, Christchurch and Poole",2021-08-18,183.5,202.9,216.0,222.0,227.0,237.0,245.0,254.0,264.0,270.0,277.0,292.0,319.5,inferred
"Bournemouth, Christchurch and Poole",2021-08-19,171.0,190.0,204.0,209.0,214.0,221.6,229.5,238.4,248.0,253.0,259.0,275.0,294.0,inferred
"Bournemouth, Christchurch and Poole",2021-08-20,146.0,164.0,177.0,180.8,185.0,192.0,200.0,208.0,216.0,223.0,229.0,244.0,266.5,inferred
"Bournemouth, Christchurch and Poole",2021-08-21,110.0,126.0,136.0,141.0,145.0,152.0,158.0,165.0,174.0,179.0,183.0,195.0,215.0,inferred
"Bournemouth, Christchurch and Poole",2021-08-22,109.0,126.0,136.0,139.8,144.0,151.0,157.0,163.0,171.0,175.0,181.0,196.0,216.0,inferred
"Bournemouth, Christchurch and Poole",2021-08-23,148.5,167.9,180.8,184.0,189.0,198.0,206.0,214.0,222.0,227.0,234.0,252.0,274.5,inferred
"Bournemouth, Christchurch and Poole",2021-08-24,147.0,165.0,179.0,184.0,187.0,197.0,204.0,212.0,222.0,227.0,233.0,249.0,271.5,inferred
"Bournemouth, Christchurch and Poole",2021-08-25,144.0,160.0,172.0,177.0,181.0,189.0,196.0,204.0,212.0,216.0,221.0,235.0,257.0,inferred
"Bournemouth, Christchurch and Poole",2021-08-26,137.5,152.0,164.0,168.0,173.0,180.0,188.0,196.0,203.0,208.0,214.0,229.0,252.0,inferred
"Bournemouth, Christchurch and Poole",2021-08-27,120.0,137.0,147.0,151.0,155.0,161.6,169.0,177.0,184.0,189.0,195.0,208.0,232.0,inferred
"Bournemouth, Christchurch and Poole",2021-08-28,94.0,109.0,118.0,122.0,125.0,132.0,138.0,145.0,152.0,156.0,161.0,175.0,195.0,inferred
"Bournemouth, Christchurch and Poole",2021-08-29,96.0,111.0,121.0,124.0,127.0,134.0,140.0,146.0,153.0,157.0,162.0,174.0,196.5,inferred
"Bournemouth, Christchurch and Poole",2021-08-30,137.0,154.0,165.0,169.0,174.0,182.0,189.0,197.0,205.0,210.0,215.0,229.0,253.0,inferred
"Bournemouth, Christchurch and Poole",2021-08-31,131.5,152.0,165.0,170.0,173.0,180.0,188.0,196.0,205.0,211.0,216.0,229.0,251.5,inferred
"Bournemouth, Christchurch and Poole",2021-09-01,128.5,144.0,157.0,161.0,165.0,173.0,181.0,189.0,197.0,200.0,205.0,220.0,241.0,inferred
"Bournemouth, Christchurch and Poole",2021-09-02,123.5,141.0,151.0,155.0,159.0,166.0,174.0,181.0,189.0,193.2,198.0,212.0,234.0,inferred
"Bournemouth, Christchurch and Poole",2021-09-03,108.0,126.0,136.0,140.0,143.0,149.0,156.0,164.0,171.0,175.0,180.0,192.1,216.0,inferred
"Bournemouth, Christchurch and Poole",2021-09-04,83.5,100.0,110.0,113.8,117.0,122.0,128.0,134.0,141.0,145.0,150.0,161.0,178.0,inferred
"Bournemouth, Christchurch and Poole",2021-09-05,87.0,101.0,110.8,114.0,118.0,124.0,130.0,135.0,142.0,146.0,150.0,162.0,181.5,inferred
"Bournemouth, Christchurch and Poole",2021-09-06,121.0,135.0,148.0,154.0,158.0,166.0,173.0,181.0,189.0,194.0,200.0,213.0,231.0,inferred
"Bournemouth, Christchurch and Poole",2021-09-07,119.0,136.0,147.0,151.0,155.0,163.0,170.0,179.0,186.0,190.0,196.2,210.1,232.5,inferred
"Bournemouth, Christchurch and Poole",2021-09-08,108.0,126.0,137.0,142.0,146.0,153.0,160.5,168.0,177.0,181.0,186.0,200.0,220.5,inferred
"Bournemouth, Christchurch and Poole",2021-09-09,104.0,118.0,129.0,133.0,136.0,143.0,150.0,157.0,164.0,169.0,174.0,187.0,211.0,inferred
"Bournemouth, Christchurch and Poole",2021-09-10,91.0,105.0,114.0,118.0,122.0,127.0,132.0,138.0,145.0,148.0,153.0,164.0,184.0,inferred
"Bournemouth, Christchurch and Poole",2021-09-11,66.0,80.0,88.0,92.0,95.7,101.0,106.0,112.0,119.0,123.0,127.0,137.0,152.0,inferred
"Bournemouth, Christchurch and Poole",2021-09-12,66.0,78.0,86.0,90.0,93.0,99.0,105.0,110.0,116.0,120.0,124.0,135.0,152.5,inferred
"Bournemouth, Christchurch and Poole",2021-09-13,92.0,107.0,119.0,122.0,125.0,132.0,138.0,146.0,153.0,157.0,161.0,174.1,194.0,inferred
"Bournemouth, Christchurch and Poole",2021-09-14,92.0,107.0,118.0,122.0,127.0,132.0,139.0,145.0,152.0,156.0,160.0,174.1,193.0,inferred
"Bournemouth, Christchurch and Poole",2021-09-15,90.0,103.0,115.0,119.0,122.0,128.0,134.5,141.0,149.0,153.0,157.0,169.0,189.0,inferred
"Bournemouth, Christchurch and Poole",2021-09-16,86.5,102.0,112.8,116.0,120.0,126.0,134.0,140.0,147.0,150.0,155.0,167.0,185.0,inferred
"Bournemouth, Christchurch and Poole",2021-09-17,82.0,92.0,101.8,105.0,108.0,115.0,120.0,127.0,133.0,136.2,140.0,152.1,174.0,inferred
"Bournemouth, Christchurch and Poole",2021-09-18,60.5,76.0,84.0,87.0,90.0,95.0,101.0,106.0,113.0,117.0,120.0,131.0,151.0,inferred
"Bournemouth, Christchurch and Poole",2021-09-19,65.0,79.0,87.8,91.0,94.0,99.0,105.0,110.0,117.0,121.0,125.0,135.0,151.5,inferred
"Bournemouth, Christchurch and Poole",2021-09-20,96.0,111.0,120.0,124.0,128.0,134.0,141.0,148.0,156.0,161.0,165.0,177.0,205.0,inferred
"Bournemouth, Christchurch and Poole",2021-09-21,98.0,113.0,123.0,127.0,130.0,136.0,143.0,150.0,158.0,162.0,167.0,180.0,201.0,inferred
"Bournemouth, Christchurch and Poole",2021-09-22,94.5,109.0,119.0,122.0,126.0,132.6,139.0,145.0,153.0,157.0,160.0,172.1,197.0,inferred
"Bournemouth, Christchurch and Poole",2021-09-23,93.5,106.0,115.0,119.0,123.0,130.0,136.0,144.0,151.0,155.0,159.0,173.0,190.0,inferred
"Bournemouth, Christchurch and Poole",2021-09-24,80.5,94.0,104.0,107.0,110.0,117.0,123.0,129.0,134.0,139.0,143.0,154.0,172.0,inferred
"Bournemouth, Christchurch and Poole",2021-09-25,64.0,75.0,82.0,86.0,89.0,95.0,100.0,105.4,111.0,114.0,119.0,129.0,145.5,inferred
"Bournemouth, Christchurch and Poole",2021-09-26,66.0,78.0,86.0,90.0,94.0,99.0,104.0,110.0,116.0,119.0,122.0,133.0,152.5,inferred
"Bournemouth, Christchurch and Poole",2021-09-27,95.0,110.0,119.0,123.0,127.0,134.0,141.0,147.0,155.0,159.0,164.0,176.0,201.0,inferred
"Bournemouth, Christchurch and Poole",2021-09-28,96.5,113.0,123.0,127.0,130.0,137.0,144.0,151.0,158.0,162.0,168.0,179.0,199.0,inferred
"Bournemouth, Christchurch and Poole",2021-09-29,91.0,108.0,119.0,122.8,126.0,133.0,139.0,146.0,154.0,159.0,163.0,174.0,197.5,inferred
"Bournemouth, Christchurch and Poole",2021-09-30,93.0,106.0,116.0,121.0,124.0,131.0,138.0,144.0,150.0,155.0,159.0,172.0,194.5,inferred
"Bournemouth, Christchurch and Poole",2021-10-01,84.0,98.0,108.0,111.0,114.0,120.0,126.0,132.0,139.0,143.0,147.0,160.0,178.5,inferred
"Bournemouth, Christchurch and Poole",2021-10-02,68.0,80.0,87.0,91.0,94.0,99.0,105.0,111.4,117.0,121.0,124.0,135.0,152.0,inferred
"Bournemouth, Christchurch and Poole",2021-10-03,72.0,83.0,90.0,93.0,97.0,103.0,108.0,113.0,119.0,123.0,127.0,139.0,162.0,inferred
"Bournemouth, Christchurch and Poole",2021-10-04,101.0,118.0,128.0,133.0,137.0,144.0,150.0,157.0,165.3,170.0,174.0,185.1,204.0,inferred
"Bournemouth, Christchurch and Poole",2021-10-05,109.5,125.0,135.0,139.0,143.0,149.0,157.0,165.0,173.0,177.0,181.0,196.0,214.5,inferred
"Bournemouth, Christchurch and Poole",2021-10-06,114.0,130.0,142.0,146.0,150.0,157.0,164.0,171.0,177.3,182.0,187.0,201.0,220.5,inferred
"Bournemouth, Christchurch and Poole",2021-10-07,118.0,136.0,146.8,151.0,155.0,162.0,169.5,177.0,184.3,189.0,193.0,208.0,228.5,inferred
"Bournemouth, Christchurch and Poole",2021-10-08,117.0,133.0,144.0,148.8,153.0,159.0,166.0,173.0,182.0,186.0,192.0,203.0,225.5,inferred
"Bournemouth, Christchurch and Poole",2021-10-09,100.0,115.0,126.0,130.0,133.0,140.0,146.0,153.0,159.0,163.0,168.0,182.1,202.0,inferred
"Bournemouth, Christchurch and Poole",2021-10-10,112.0,128.0,139.0,144.0,148.0,154.0,161.0,168.0,175.0,180.0,184.2,197.0,220.5,inferred
"Bournemouth, Christchurch and Poole",2021-10-11,170.0,190.0,204.0,210.8,215.0,224.0,232.0,240.0,250.0,257.0,263.0,276.1,304.0,inferred
"Bournemouth, Christchurch and Poole",2021-10-12,180.5,203.0,217.0,222.0,227.7,238.0,246.0,256.0,266.0,273.0,278.0,292.1,319.5,inferred
"Bournemouth, Christchurch and Poole",2021-10-13,186.5,208.0,221.8,227.0,231.0,241.6,251.0,259.0,270.0,274.0,280.0,297.0,327.0,inferred
"Bournemouth, Christchurch and Poole",2021-10-14,187.0,207.0,224.0,229.0,235.0,244.0,253.0,262.0,273.0,278.2,285.0,303.0,329.0,inferred
"Bournemouth, Christchurch and Poole",2021-10-15,171.0,194.0,208.0,213.0,217.0,225.0,237.0,248.0,257.0,264.0,269.0,287.0,317.5,inferred
Bracknell Forest,2021-07-03,13.0,18.0,21.0,23.0,24.0,26.0,29.0,31.0,34.0,36.0,37.0,43.0,51.0,inferred
Bracknell Forest,2021-07-04,16.0,21.0,25.0,26.0,28.0,30.0,33.0,35.0,38.0,40.0,42.0,47.1,55.0,inferred
Bracknell Forest,2021-07-05,28.0,34.0,39.0,41.0,43.0,46.0,49.0,52.0,56.0,57.0,60.0,66.0,77.0,inferred
Bracknell Forest,2021-07-06,30.0,37.0,41.0,43.0,45.0,49.0,52.0,55.0,58.0,60.0,62.0,68.0,79.0,inferred
Bracknell Forest,2021-07-07,35.5,42.0,47.0,49.0,51.0,55.0,58.0,62.0,65.0,67.0,70.0,77.0,88.0,inferred
Bracknell Forest,2021-07-08,36.0,45.0,50.0,52.8,55.0,58.0,61.0,64.0,68.0,70.0,72.0,79.0,92.0,inferred
Bracknell Forest,2021-07-09,39.0,46.0,51.0,53.0,55.0,59.0,62.0,66.0,70.0,72.0,75.0,82.0,94.0,inferred
Bracknell Forest,2021-07-10,36.0,44.0,48.0,51.0,53.0,57.0,60.0,63.0,67.0,69.0,71.0,78.0,88.0,inferred
Bracknell Forest,2021-07-11,43.0,51.0,57.0,59.0,61.0,64.0,68.0,71.0,75.0,78.0,80.0,89.0,100.5,inferred
Bracknell Forest,2021-07-12,67.5,78.0,86.0,89.0,91.0,96.0,101.0,106.0,110.0,113.0,116.0,126.0,140.0,inferred
Bracknell Forest,2021-07-13,69.0,80.0,87.0,90.0,92.0,96.0,102.0,107.0,112.0,115.0,118.0,127.0,139.5,inferred
Bracknell Forest,2021-07-14,69.0,80.0,87.8,90.0,93.0,97.0,102.0,107.0,112.0,114.0,117.0,126.0,141.0,inferred
Bracknell Forest,2021-07-15,62.0,73.0,80.0,83.0,86.0,90.0,94.0,99.0,103.0,106.0,109.0,119.0,131.0,inferred
Bracknell Forest,2021-07-16,55.5,65.0,71.0,74.0,76.0,81.0,86.0,89.0,93.3,96.0,99.0,107.1,120.5,inferred
Bracknell Forest,2021-07-17,45.0,52.0,58.0,60.0,62.0,66.0,69.0,74.0,78.0,81.0,83.0,90.0,102.0,inferred
Bracknell Forest,2021-07-18,44.0,52.0,58.0,60.0,62.0,66.0,70.0,74.0,78.0,80.0,83.0,90.0,101.5,inferred
Bracknell Forest,2021-07-19,62.0,70.0,77.0,80.0,83.0,87.0,91.0,95.0,100.0,103.0,105.0,112.0,127.0,inferred
Bracknell Forest,2021-07-20,56.0,63.0,69.0,72.0,74.0,78.0,82.0,86.4,92.0,94.0,97.0,105.0,117.5,inferred
Bracknell Forest,2021-07-21,47.0,56.0,63.0,65.0,67.7,72.0,76.0,79.0,84.0,86.0,89.0,97.0,110.0,inferred
Bracknell Forest,2021-07-22,40.5,48.0,54.0,56.0,57.0,61.0,64.0,68.0,71.0,74.0,76.0,83.0,95.0,inferred
Bracknell Forest,2021-07-23,32.0,39.0,44.0,45.0,47.0,51.0,54.0,57.0,61.0,63.0,65.0,71.0,81.0,inferred
Bracknell Forest,2021-07-24,22.0,29.0,33.0,34.0,36.0,39.0,42.0,45.0,48.0,50.0,51.0,57.0,65.0,inferred
Bracknell Forest,2021-07-25,21.0,26.0,30.0,32.0,34.0,36.0,39.0,42.0,45.0,47.0,49.0,55.0,63.0,inferred
Bracknell Forest,2021-07-26,27.0,33.0,38.0,39.0,41.0,44.0,47.0,50.0,54.0,56.0,59.0,65.0,76.0,inferred
Bracknell Forest,2021-07-27,23.0,30.0,34.0,36.0,38.0,41.0,44.0,47.0,50.0,52.0,55.0,60.0,70.0,inferred
Bracknell Forest,2021-07-28,24.0,30.0,34.0,36.0,38.0,41.0,44.0,47.0,50.0,52.0,54.0,60.0,70.0,inferred
Bracknell Forest,2021-07-29,22.5,28.9,33.0,35.0,36.0,39.0,42.0,45.0,48.0,50.0,52.0,58.0,67.5,inferred
Bracknell Forest,2021-07-30,21.0,26.0,31.0,32.0,34.0,36.0,39.0,42.0,45.0,47.0,50.0,55.0,65.0,inferred
Bracknell Forest,2021-07-31,17.0,22.0,25.8,27.0,28.0,31.0,34.0,36.0,39.0,41.0,43.0,48.0,56.0,inferred
Bracknell Forest,2021-08-01,17.0,23.0,27.0,29.0,30.0,33.0,35.0,37.0,40.0,41.0,44.0,49.0,57.5,inferred
Bracknell Forest,2021-08-02,26.0,32.0,37.0,39.0,40.0,43.0,46.0,50.0,54.0,55.0,57.0,64.0,75.0,inferred
Bracknell Forest,2021-08-03,24.5,31.0,36.0,38.0,40.0,43.0,46.0,49.0,53.0,55.0,58.0,63.0,73.0,inferred
Bracknell Forest,2021-08-04,27.0,33.0,37.0,39.0,41.0,44.0,47.0,50.0,54.0,55.0,58.0,64.0,74.5,inferred
Bracknell Forest,2021-08-05,26.0,32.0,36.0,38.0,40.0,43.0,46.0,49.0,53.0,55.0,57.0,63.0,74.5,inferred
Bracknell Forest,2021-08-06,23.0,29.0,33.8,35.0,37.0,40.0,42.5,45.0,49.0,51.0,53.0,59.0,67.0,inferred
Bracknell Forest,2021-08-07,19.0,25.0,29.0,30.0,32.0,35.0,37.0,40.0,43.0,45.0,46.2,53.0,60.0,inferred
Bracknell Forest,2021-08-08,19.0,25.0,29.0,31.0,33.0,36.0,39.0,41.0,44.0,46.0,48.0,54.0,63.0,inferred
Bracknell Forest,2021-08-09,30.0,38.0,43.0,45.0,46.0,49.0,52.0,56.0,59.0,62.0,64.0,71.0,82.0,inferred
Bracknell Forest,2021-08-10,30.5,37.0,42.0,44.0,45.0,49.0,52.0,55.0,59.0,61.0,63.0,70.0,80.0,inferred
Bracknell Forest,2021-08-11,31.0,38.0,43.0,45.0,47.0,49.6,53.0,56.0,59.0,62.0,64.0,70.0,81.5,inferred
Bracknell Forest,2021-08-12,31.0,37.0,42.0,44.0,46.0,49.0,52.0,55.0,59.0,61.0,63.0,69.0,78.0,inferred
Bracknell Forest,2021-08-13,27.0,34.0,39.0,41.0,42.0,45.0,49.0,52.0,56.0,57.0,60.0,66.0,74.0,inferred
Bracknell Forest,2021-08-14,24.0,29.0,33.0,35.0,37.0,39.0,42.0,45.0,48.0,49.0,52.0,57.0,65.5,inferred
Bracknell Forest,2021-08-15,23.0,30.0,34.0,36.0,38.0,41.0,44.0,47.0,50.0,52.0,55.0,60.0,71.0,inferred
Bracknell Forest,2021-08-16,36.0,43.0,49.0,52.0,53.0,56.0,60.0,63.0,67.0,70.0,72.0,79.0,90.0,inferred
Bracknell Forest,2021-08-17,35.0,42.0,47.0,49.0,51.0,54.0,57.0,61.0,65.0,67.0,70.0,77.0,88.0,inferred
Bracknell Forest,2021-08-18,34.0,41.0,47.0,49.0,51.0,54.0,57.0,60.0,64.0,66.0,68.0,75.0,88.0,inferred
Bracknell Forest,2021-08-19,31.0,38.0,43.0,45.0,47.0,50.0,53.0,56.0,60.0,63.0,65.0,71.1,82.0,inferred
Bracknell Forest,2021-08-20,28.0,34.0,39.0,41.0,43.0,46.0,49.0,52.0,56.0,58.0,60.0,66.0,75.0,inferred
Bracknell Forest,2021-08-21,23.0,28.0,32.0,33.0,35.0,38.0,41.0,44.0,47.0,48.0,50.0,57.0,66.5,inferred
Bracknell Forest,2021-08-22,22.0,28.0,32.0,34.0,35.0,38.0,41.0,44.0,47.0,49.0,51.0,57.0,67.0,inferred
Bracknell Forest,2021-08-23,33.0,39.0,43.8,45.0,47.0,51.0,54.0,58.0,62.0,63.2,66.0,72.0,83.5,inferred
Bracknell Forest,2021-08-24,31.0,38.0,43.0,45.0,46.0,50.0,53.0,56.0,60.0,62.0,64.0,71.0,81.5,inferred
Bracknell Forest,2021-08-25,32.0,39.0,44.0,46.0,47.0,50.0,54.0,57.0,61.0,63.0,65.0,72.0,81.0,inferred
Bracknell Forest,2021-08-26,31.0,37.9,43.0,44.0,46.0,49.0,53.0,56.0,60.0,62.0,64.0,71.0,82.0,inferred
Bracknell Forest,2021-08-27,28.0,35.0,40.0,42.0,44.0,47.0,50.0,53.0,57.0,58.0,61.0,67.0,77.0,inferred
Bracknell Forest,2021-08-28,24.0,30.0,35.0,36.0,38.0,41.0,44.0,46.4,50.0,52.0,55.0,60.1,72.0,inferred
Bracknell Forest,2021-08-29,26.0,31.0,36.0,38.0,40.0,42.6,46.0,49.0,52.0,54.0,56.0,63.0,73.0,inferred
Bracknell Forest,2021-08-30,37.0,45.9,52.0,54.0,56.0,59.0,63.0,66.0,71.0,72.0,75.0,83.0,94.0,inferred
Bracknell Forest,2021-08-31,38.0,46.0,51.0,53.0,55.0,58.0,62.0,65.0,69.0,72.0,74.0,81.0,92.0,inferred
Bracknell Forest,2021-09-01,36.0,44.0,49.0,51.0,53.0,57.0,60.0,64.0,68.0,70.0,73.0,79.0,91.5,inferred
Bracknell Forest,2021-09-02,33.0,39.0,44.0,46.0,48.0,51.0,54.0,58.0,61.0,63.0,66.0,72.0,83.0,inferred
Bracknell Forest,2021-09-03,28.0,35.0,39.0,41.0,43.0,47.0,50.0,52.0,56.0,58.0,60.0,66.0,75.5,inferred
Bracknell Forest,2021-09-04,22.0,28.0,32.0,33.8,35.0,38.0,41.0,43.0,46.0,48.0,50.0,57.0,66.0,inferred
Bracknell Forest,2021-09-05,22.0,27.0,32.0,33.0,35.0,37.0,40.0,43.0,46.0,48.0,50.0,56.0,65.0,inferred
Bracknell Forest,2021-09-06,30.0,37.0,42.0,44.0,46.0,49.0,52.0,56.0,59.0,61.0,64.0,70.0,81.0,inferred
Bracknell Forest,2021-09-07,27.0,34.0,39.0,41.0,42.0,45.0,48.0,52.0,55.0,57.0,59.0,65.0,74.0,inferred
Bracknell Forest,2021-09-08,25.0,32.0,36.0,38.0,40.0,43.0,46.0,49.0,52.0,55.0,57.0,62.1,74.0,inferred
Bracknell Forest,2021-09-09,22.0,28.0,33.0,35.0,36.0,39.0,42.0,44.0,48.0,50.0,51.0,57.0,67.0,inferred
Bracknell Forest,2021-09-10,20.0,24.0,29.0,30.0,31.0,34.0,37.0,40.0,43.0,44.0,46.2,52.0,60.0,inferred
Bracknell Forest,2021-09-11,14.0,19.0,23.0,24.0,25.0,28.0,30.0,33.0,35.0,37.0,39.0,44.0,52.0,inferred
Bracknell Forest,2021-09-12,14.0,19.0,22.0,23.0,25.0,27.0,29.0,31.0,34.0,36.0,37.0,43.0,52.0,inferred
Bracknell Forest,2021-09-13,20.0,26.0,30.0,32.0,33.0,36.0,39.0,42.0,46.0,47.0,49.0,54.0,62.0,inferred
Bracknell Forest,2021-09-14,19.5,25.0,29.0,30.0,32.0,35.0,37.0,40.0,44.0,45.0,47.2,53.0,63.5,inferred
Bracknell Forest,2021-09-15,21.0,27.0,31.0,33.0,34.0,37.0,40.0,43.0,46.0,48.2,51.0,56.0,66.0,inferred
Bracknell Forest,2021-09-16,22.0,27.0,31.0,33.0,35.0,38.0,40.0,43.0,46.0,48.0,50.0,56.0,65.0,inferred
Bracknell Forest,2021-09-17,20.0,26.0,31.0,32.0,34.0,36.0,39.0,42.0,45.0,47.0,48.0,54.0,63.5,inferred
Bracknell Forest,2021-09-18,18.0,23.0,27.0,29.0,30.0,32.6,35.0,38.0,40.3,42.0,45.0,50.0,59.0,inferred
Bracknell Forest,2021-09-19,20.0,26.0,30.0,32.0,33.0,36.0,39.0,41.0,45.0,47.0,48.0,54.0,64.0,inferred
Bracknell Forest,2021-09-20,32.0,39.0,44.0,46.0,48.0,51.0,54.0,58.0,62.0,64.0,67.0,72.0,85.0,inferred
Bracknell Forest,2021-09-21,31.0,39.0,44.0,46.0,48.0,51.0,54.0,58.0,61.0,64.0,66.0,73.0,83.0,inferred
Bracknell Forest,2021-09-22,32.0,40.0,45.0,47.0,49.0,52.0,55.0,59.0,63.0,64.0,67.0,74.0,84.0,inferred
Bracknell Forest,2021-09-23,30.0,38.0,42.0,44.0,45.0,48.0,52.0,55.0,59.0,61.0,63.0,70.0,83.0,inferred
Bracknell Forest,2021-09-24,27.0,34.0,38.0,40.0,42.0,45.0,48.0,51.0,55.0,57.0,59.0,66.0,76.5,inferred
Bracknell Forest,2021-09-25,22.0,28.0,32.0,34.0,35.0,38.0,41.0,44.0,47.0,49.0,51.0,56.0,66.0,inferred
Bracknell Forest,2021-09-26,24.0,29.0,33.0,35.0,36.0,39.0,42.0,45.0,49.0,50.0,53.0,58.0,68.0,inferred
Bracknell Forest,2021-09-27,34.0,41.0,46.0,49.0,51.0,54.0,57.0,60.0,64.0,66.0,69.0,75.0,86.0,inferred
Bracknell Forest,2021-09-28,32.0,39.0,44.0,46.0,48.0,51.0,55.0,58.0,62.0,64.0,66.0,73.1,84.5,inferred
Bracknell Forest,2021-09-29,33.0,40.0,46.0,48.0,50.0,53.0,56.0,60.0,64.0,66.0,68.0,74.0,85.0,inferred
Bracknell Forest,2021-09-30,32.0,39.0,44.0,47.0,48.0,52.0,54.0,58.0,61.0,63.0,65.0,72.0,82.0,inferred
Bracknell Forest,2021-10-01,28.5,35.0,41.0,43.0,44.0,47.6,51.0,54.0,57.0,59.0,62.0,69.0,80.0,inferred
Bracknell Forest,2021-10-02,23.5,30.9,34.8,36.0,38.0,41.0,44.0,47.0,51.0,53.0,55.0,61.0,71.5,inferred
Bracknell Forest,2021-10-03,25.0,32.0,36.0,38.0,39.7,43.0,45.0,48.0,52.0,54.0,56.0,62.0,71.0,inferred
Bracknell Forest,2021-10-04,39.0,46.0,52.0,54.0,56.0,59.0,63.0,66.0,71.0,73.0,76.0,83.0,93.5,inferred
Bracknell Forest,2021-10-05,38.0,46.0,51.0,53.0,55.0,59.0,63.0,66.0,70.0,72.0,75.0,83.0,96.5,inferred
Bracknell Forest,2021-10-06,42.0,49.0,54.0,57.0,58.0,62.0,66.0,70.0,73.0,75.0,79.0,87.0,97.5,inferred
Bracknell Forest,2021-10-07,41.0,49.0,55.0,57.0,59.0,63.0,67.0,70.0,74.0,76.0,79.0,88.0,99.0,inferred
Bracknell Forest,2021-10-08,39.0,48.0,53.0,56.0,58.0,61.0,65.0,69.0,73.0,75.0,78.0,85.0,95.0,inferred
Bracknell Forest,2021-10-09,35.0,42.0,48.0,49.0,51.0,55.0,58.0,61.0,64.0,66.0,69.0,75.0,84.5,inferred
Bracknell Forest,2021-10-10,37.0,45.0,52.0,54.0,56.0,59.0,63.0,66.0,70.0,72.2,75.0,82.0,95.0,inferred
Bracknell Forest,2021-10-11,57.5,68.0,74.0,77.8,80.0,84.0,88.0,92.4,97.0,100.0,102.0,111.0,126.0,inferred
Bracknell Forest,2021-10-12,57.0,68.0,74.0,76.0,78.7,84.0,88.0,92.0,97.0,99.0,103.0,112.0,126.5,inferred
Bracknell Forest,2021-10-13,59.0,70.0,78.0,80.8,83.0,87.0,92.0,96.0,100.0,103.0,106.0,114.0,127.0,inferred
Bracknell Forest,2021-10-14,56.0,67.0,74.0,76.0,79.0,83.0,88.0,92.0,97.0,100.0,103.0,111.0,125.0,inferred
Bracknell Forest,2021-10-15,52.5,63.0,70.0,73.0,75.0,79.0,84.0,88.0,93.0,95.0,99.0,107.0,122.0,inferred
Bradford,2021-07-03,144.5,161.0,172.0,177.0,182.0,189.0,197.0,205.0,213.0,218.0,224.0,239.1,269.5,inferred
Bradford,2021-07-04,170.5,187.0,199.0,203.0,208.0,217.0,225.0,232.0,241.0,247.0,252.2,270.1,295.5,inferred
Bradford,2021-07-05,268.5,287.0,302.0,307.0,313.0,323.0,333.0,342.0,353.0,360.0,367.0,383.0,409.0,inferred
Bradford,2021-07-06,272.0,293.0,305.0,310.0,315.0,324.0,333.0,341.0,351.0,357.0,362.0,379.0,407.0,inferred
Bradford,2021-07-07,290.0,312.0,327.0,332.0,338.0,348.0,356.5,366.0,375.0,379.0,386.0,403.0,431.5,inferred
Bradford,2021-07-08,297.0,320.0,336.0,341.0,346.0,356.0,367.0,375.0,384.0,389.0,397.0,412.0,442.0,inferred
Bradford,2021-07-09,290.0,313.0,328.8,334.0,339.7,350.0,358.0,367.0,377.0,383.0,389.0,404.0,429.0,inferred
Bradford,2021-07-10,260.5,280.0,293.0,299.0,303.0,312.0,320.5,329.0,339.0,345.0,350.2,365.0,395.5,inferred
Bradford,2021-07-11,295.0,318.0,333.0,338.0,343.0,353.0,362.0,372.0,381.3,387.2,394.0,412.0,440.0,inferred
Bradford,2021-07-12,449.0,478.0,498.0,504.0,510.0,522.0,536.0,547.4,560.0,565.0,573.0,594.0,630.0,inferred
Bradford,2021-07-13,428.0,456.0,475.0,482.0,490.0,505.0,516.0,528.0,538.0,545.0,553.0,573.1,610.0,inferred
Bradford,2021-07-14,426.5,457.0,476.0,483.0,489.0,502.0,513.0,522.0,534.0,540.0,547.0,568.0,597.5,inferred
Bradford,2021-07-15,398.5,429.0,447.0,455.0,461.0,473.0,484.0,496.0,507.0,512.0,519.0,541.0,572.5,inferred
Bradford,2021-07-16,354.0,381.0,400.0,407.0,414.0,425.0,434.0,443.0,454.0,460.0,468.0,485.1,516.0,inferred
Bradford,2021-07-17,290.0,311.0,327.0,331.0,335.0,345.0,353.0,362.0,372.0,378.0,384.2,400.0,430.0,inferred
Bradford,2021-07-18,293.5,321.0,336.0,344.0,349.0,358.0,367.0,377.0,387.0,393.0,399.0,416.0,442.0,inferred
Bradford,2021-07-19,411.0,439.0,459.0,466.0,473.0,485.0,497.0,507.0,519.0,526.0,535.0,555.1,591.0,inferred
Bradford,2021-07-20,365.5,390.9,409.0,414.0,419.0,430.0,441.0,452.0,465.0,472.0,478.2,499.0,529.5,inferred
Bradford,2021-07-21,341.0,365.0,380.8,386.0,392.0,403.0,411.0,422.0,433.0,439.0,445.2,463.0,490.0,inferred
Bradford,2021-07-22,293.0,316.0,332.0,337.0,343.0,352.0,361.0,370.0,380.0,385.0,391.0,409.0,436.0,inferred
Bradford,2021-07-23,240.0,260.0,274.0,279.0,286.0,295.0,303.0,311.0,321.0,327.0,331.0,345.0,372.5,inferred
Bradford,2021-07-24,177.5,194.0,206.8,212.0,217.0,225.0,232.0,239.0,248.0,252.0,257.0,271.0,295.0,inferred
Bradford,2021-07-25,175.0,191.0,202.0,206.0,210.0,217.0,224.0,232.0,239.0,243.0,249.0,262.0,285.0,inferred
Bradford,2021-07-26,220.5,244.0,259.0,265.0,270.0,278.0,286.0,293.0,303.0,308.0,313.0,330.0,353.5,inferred
Bradford,2021-07-27,204.0,222.0,233.0,239.0,243.0,250.0,258.0,265.0,274.0,280.0,285.0,300.0,328.0,inferred
Bradford,2021-07-28,207.0,221.0,232.0,237.0,241.7,249.0,257.0,266.0,275.0,280.0,285.0,300.0,321.0,inferred
Bradford,2021-07-29,194.0,213.0,223.8,228.0,232.0,240.0,248.5,256.0,264.0,268.0,273.2,287.0,311.5,inferred
Bradford,2021-07-30,169.5,191.0,204.0,209.0,214.0,221.6,228.0,236.0,244.0,248.0,255.0,268.0,291.0,inferred
Bradford,2021-07-31,144.5,160.0,170.0,174.0,177.7,184.0,190.0,198.0,206.0,209.2,214.2,225.0,247.0,inferred
Bradford,2021-08-01,155.0,171.0,182.0,186.0,190.0,197.0,204.0,212.0,219.0,223.0,228.0,242.0,258.0,inferred
Bradford,2021-08-02,219.5,242.0,256.0,261.0,265.0,274.0,282.0,290.0,298.0,303.0,309.0,324.0,353.0,inferred
Bradford,2021-08-03,206.0,226.0,240.0,246.0,250.0,259.6,268.0,275.0,284.0,289.0,296.0,312.0,340.0,inferred
Bradford,2021-08-04,210.0,230.0,242.0,247.0,251.0,259.0,267.0,274.0,284.0,289.0,294.0,309.0,330.5,inferred
Bradford,2021-08-05,200.0,218.0,230.0,235.0,240.0,247.0,255.0,263.0,272.0,277.0,282.0,295.1,321.5,inferred
Bradford,2021-08-06,180.0,197.0,211.0,216.0,220.0,229.0,237.0,243.0,250.0,255.0,260.0,272.1,295.0,inferred
Bradford,2021-08-07,145.5,164.0,174.0,178.0,182.0,189.0,196.0,202.0,209.0,215.0,219.0,232.0,253.0,inferred
Bradford,2021-08-08,154.0,173.0,184.0,189.0,193.0,201.0,207.0,214.0,222.0,226.0,231.0,244.0,267.0,inferred
Bradford,2021-08-09,224.5,246.0,260.0,265.0,270.0,279.0,287.0,295.0,304.0,310.0,316.0,333.0,357.0,inferred
Bradford,2021-08-10,208.0,228.0,241.0,247.0,251.0,259.0,269.0,277.0,285.3,291.0,295.0,311.0,331.0,inferred
Bradford,2021-08-11,207.5,225.0,240.0,245.0,250.7,260.0,268.0,275.4,284.0,289.0,294.0,308.0,333.5,inferred
Bradford,2021-08-12,197.0,216.0,229.0,233.0,238.0,245.0,253.0,261.0,268.3,274.0,279.2,294.0,314.5,inferred
Bradford,2021-08-13,177.0,196.0,207.0,212.0,217.0,225.0,232.0,238.0,246.0,251.0,257.0,270.0,290.0,inferred
Bradford,2021-08-14,147.0,162.0,172.0,176.0,180.0,186.0,192.0,199.0,206.0,211.0,216.0,229.0,249.0,inferred
Bradford,2021-08-15,155.5,170.0,181.0,185.0,188.0,195.0,203.0,209.0,217.0,222.0,228.0,241.0,263.5,inferred
Bradford,2021-08-16,217.0,238.0,250.0,257.0,262.0,269.0,278.0,286.0,296.0,301.0,308.0,324.0,350.0,inferred
Bradford,2021-08-17,199.0,222.9,234.0,239.0,244.0,252.0,260.0,268.0,277.0,282.0,287.0,303.0,323.5,inferred
Bradford,2021-08-18,202.5,222.0,234.0,239.0,244.0,252.0,259.0,268.0,278.0,282.0,287.0,302.0,328.0,inferred
Bradford,2021-08-19,192.0,210.9,223.0,229.0,233.0,240.0,248.0,256.0,264.0,268.2,275.0,291.0,313.5,inferred
Bradford,2021-08-20,176.0,193.0,204.0,209.0,213.0,221.0,229.0,236.0,243.0,247.0,252.0,265.0,290.0,inferred
Bradford,2021-08-21,141.0,158.0,169.0,174.0,177.7,184.0,190.0,196.0,204.0,208.0,212.0,224.0,245.0,inferred
Bradford,2021-08-22,154.0,169.0,179.8,183.0,187.0,194.0,200.0,207.0,214.0,218.0,223.0,237.0,260.0,inferred
Bradford,2021-08-23,216.0,234.0,248.0,253.0,258.0,267.0,274.0,282.0,291.0,296.0,301.0,317.0,347.0,inferred
Bradford,2021-08-24,198.0,219.0,231.0,236.0,240.0,249.0,256.0,265.0,275.0,279.0,284.0,299.0,325.0,inferred
Bradford,2021-08-25,198.0,218.0,231.0,236.0,241.0,249.0,256.0,264.0,272.0,277.0,281.2,295.1,316.0,inferred
Bradford,2021-08-26,193.5,207.9,219.0,223.0,227.0,235.0,243.5,251.0,260.0,264.0,269.0,284.1,308.5,inferred
Bradford,2021-08-27,171.0,188.0,198.0,203.0,207.0,214.0,221.0,228.0,237.0,241.0,245.0,257.0,278.0,inferred
Bradford,2021-08-28,136.0,154.0,163.0,167.0,170.7,178.0,184.0,191.0,199.0,203.0,207.0,219.0,237.0,inferred
Bradford,2021-08-29,148.0,164.0,175.0,179.0,183.0,189.0,195.0,202.0,210.0,214.0,219.0,231.0,253.0,inferred
Bradford,2021-08-30,210.0,228.9,243.0,248.0,253.0,260.0,268.0,277.0,286.0,291.0,296.0,313.0,336.0,inferred
Bradford,2021-08-31,196.0,216.0,229.0,234.0,237.0,246.0,253.0,261.0,271.0,276.0,282.0,297.0,317.0,inferred
Bradford,2021-09-01,199.0,217.0,231.0,235.0,240.0,248.0,256.0,263.0,273.0,278.0,282.0,296.0,320.0,inferred
Bradford,2021-09-02,192.0,209.9,222.0,226.0,231.0,239.0,247.5,255.0,262.0,267.0,271.0,288.0,309.0,inferred
Bradford,2021-09-03,176.0,193.0,205.0,210.0,214.0,220.0,228.0,235.0,243.0,248.0,253.0,267.0,292.0,inferred
Bradford,2021-09-04,146.0,160.0,170.0,174.8,179.0,187.0,193.0,200.0,207.0,212.0,217.0,227.1,246.0,inferred
Bradford,2021-09-05,155.0,171.0,182.0,187.0,190.0,197.0,204.0,211.0,219.0,223.0,228.0,240.0,260.0,inferred
Bradford,2021-09-06,225.0,245.0,258.0,263.0,267.0,276.0,285.0,293.0,303.0,307.0,313.0,329.0,352.0,inferred
Bradford,2021-09-07,207.0,223.0,239.0,244.0,249.0,257.0,265.0,272.0,280.0,285.0,291.0,306.0,332.0,inferred
Bradford,2021-09-08,200.0,219.9,232.0,236.0,240.0,248.0,257.0,264.0,273.0,278.0,284.0,299.0,319.5,inferred
Bradford,2021-09-09,186.0,203.0,215.0,220.0,224.0,231.0,238.0,245.0,253.0,258.0,262.0,279.0,302.0,inferred
Bradford,2021-09-10,162.0,178.0,189.0,193.0,197.0,204.0,211.0,218.0,226.0,231.0,236.0,249.0,271.5,inferred
Bradford,2021-09-11,126.0,143.0,153.0,157.0,160.0,167.0,174.0,180.4,187.0,192.0,196.0,208.0,228.0,inferred
Bradford,2021-09-12,131.0,146.0,156.0,159.0,163.0,170.0,176.0,184.0,190.0,194.0,199.0,210.0,232.5,inferred
Bradford,2021-09-13,182.5,200.0,213.0,219.0,223.0,231.0,239.0,247.0,255.0,260.0,265.0,278.0,300.0,inferred
Bradford,2021-09-14,173.0,192.0,206.0,210.0,214.0,222.0,229.0,236.0,245.0,250.0,257.0,269.1,292.5,inferred
Bradford,2021-09-15,186.0,206.0,218.0,222.0,227.0,235.0,242.0,250.0,258.0,263.0,268.0,281.0,307.0,inferred
Bradford,2021-09-16,197.0,215.0,227.0,232.0,236.0,243.0,250.0,258.0,266.0,270.0,275.0,289.1,315.5,inferred
Bradford,2021-09-17,188.0,207.9,219.0,224.0,228.0,236.0,243.0,251.0,259.0,263.0,269.0,282.0,304.0,inferred
Bradford,2021-09-18,162.5,185.0,198.0,202.0,206.0,213.0,220.0,227.0,236.0,241.0,245.0,258.0,280.0,inferred
Bradford,2021-09-19,190.0,208.0,222.0,227.0,231.0,239.0,245.0,254.0,262.0,267.0,273.0,288.0,308.5,inferred
Bradford,2021-09-20,292.0,315.0,329.0,334.0,339.7,350.0,358.0,368.0,377.0,384.0,391.0,409.0,441.5,inferred
Bradford,2021-09-21,274.0,299.0,313.0,318.0,324.0,333.0,342.0,352.0,363.0,368.0,373.0,389.1,414.5,inferred
Bradford,2021-09-22,276.0,298.0,314.0,320.0,325.7,334.0,344.0,352.4,362.0,367.0,373.0,390.0,421.5,inferred
Bradford,2021-09-23,256.0,280.0,295.0,300.0,306.0,314.0,324.0,333.0,342.0,348.0,354.0,368.0,395.0,inferred
Bradford,2021-09-24,234.0,254.0,266.0,271.0,275.0,283.0,291.0,299.0,309.0,315.0,321.0,336.1,357.5,inferred
Bradford,2021-09-25,185.0,206.9,219.0,224.0,227.0,234.0,242.0,249.0,257.0,262.0,268.0,281.0,301.0,inferred
Bradford,2021-09-26,195.5,216.0,228.0,232.8,238.0,246.0,253.0,262.0,270.0,275.0,280.0,293.0,319.5,inferred
Bradford,2021-09-27,276.5,299.0,315.0,321.0,326.0,337.0,346.5,356.0,367.0,371.0,377.0,397.0,426.0,inferred
Bradford,2021-09-28,261.0,283.0,297.0,303.0,308.0,318.0,327.0,336.0,347.0,352.0,358.0,376.0,400.5,inferred
Bradford,2021-09-29,267.0,287.0,304.0,309.0,314.0,323.0,332.0,341.0,351.0,356.0,361.2,379.0,410.0,inferred
Bradford,2021-09-30,261.0,282.0,295.0,301.0,305.0,314.0,323.0,332.0,340.0,345.0,352.0,369.0,392.0,inferred
Bradford,2021-10-01,239.5,263.0,276.0,280.0,285.0,293.0,301.0,310.0,319.0,324.0,330.2,346.0,371.0,inferred
Bradford,2021-10-02,201.0,219.0,231.0,236.0,241.0,248.0,257.0,266.0,272.0,277.0,282.0,297.0,322.0,inferred
Bradford,2021-10-03,216.0,236.0,249.0,254.0,259.0,266.0,275.0,283.0,292.0,297.0,303.0,317.1,340.0,inferred
Bradford,2021-10-04,316.0,341.0,358.0,364.0,370.0,380.0,389.5,400.0,411.0,416.0,422.0,441.0,467.0,inferred
Bradford,2021-10-05,297.5,321.0,340.0,345.0,349.0,359.0,368.0,378.0,387.0,393.0,400.0,418.0,448.0,inferred
Bradford,2021-10-06,311.5,328.0,346.0,352.0,357.0,368.0,377.0,386.4,397.0,404.0,410.0,428.0,455.0,inferred
Bradford,2021-10-07,299.0,321.0,338.0,343.0,349.0,358.0,367.0,375.0,386.0,390.0,397.0,415.0,442.0,inferred
Bradford,2021-10-08,276.5,301.9,315.0,320.0,325.0,334.0,343.0,351.0,361.0,366.0,373.0,389.1,417.0,inferred
Bradford,2021-10-09,233.5,254.0,266.0,272.0,276.7,285.0,293.0,301.0,311.0,315.0,320.0,336.1,360.0,inferred
Bradford,2021-10-10,250.0,272.9,286.0,291.0,296.0,305.0,313.0,322.0,333.0,338.2,345.0,359.1,387.5,inferred
Bradford,2021-10-11,362.0,390.9,406.0,414.0,418.0,431.0,442.0,452.0,462.0,469.0,479.0,500.0,529.0,inferred
Bradford,2021-10-12,338.5,361.0,377.0,384.0,389.7,401.0,410.0,421.0,431.0,437.0,444.0,463.1,494.5,inferred
Bradford,2021-10-13,321.0,344.9,362.0,367.0,373.0,384.0,395.0,405.0,415.3,421.2,428.0,444.0,472.0,inferred
Bradford,2021-10-14,287.5,314.0,330.8,336.0,341.0,351.0,360.0,369.0,380.0,385.0,392.0,410.0,446.0,inferred
Bradford,2021-10-15,249.0,269.0,283.0,290.0,294.0,305.0,315.0,324.0,333.0,338.2,345.0,362.0,390.0,inferred
Braintree,2021-07-03,19.0,24.0,28.0,29.0,30.0,33.0,36.0,38.0,41.0,42.0,44.0,49.0,57.0,inferred
Braintree,2021-07-04,21.5,28.0,31.0,33.0,34.0,36.0,39.0,41.0,44.0,46.0,48.0,53.0,62.0,inferred
Braintree,2021-07-05,35.0,41.0,46.0,48.0,49.0,52.0,55.0,59.0,62.0,64.0,66.0,71.0,82.0,inferred
Braintree,2021-07-06,36.0,43.0,47.0,49.0,51.0,54.0,56.0,59.0,62.0,65.0,67.0,73.0,82.5,inferred
Braintree,2021-07-07,41.0,48.0,53.0,55.0,56.7,60.0,63.0,66.0,69.0,71.0,73.0,79.0,88.5,inferred
Braintree,2021-07-08,44.0,51.0,56.0,58.0,60.0,63.0,65.5,69.0,72.0,74.0,77.0,82.0,92.0,inferred
Braintree,2021-07-09,44.0,51.0,57.0,59.0,61.0,64.0,67.0,70.0,74.0,76.0,78.0,85.0,95.0,inferred
Braintree,2021-07-10,39.0,47.0,52.0,54.0,56.0,59.0,62.0,65.0,69.0,70.2,72.0,78.0,88.0,inferred
Braintree,2021-07-11,47.0,54.0,59.0,61.0,63.0,67.0,71.0,74.0,78.0,80.0,82.0,89.0,102.0,inferred
Braintree,2021-07-12,73.0,84.0,91.0,93.8,96.0,100.0,104.0,108.0,113.0,115.0,118.0,125.0,139.0,inferred
Braintree,2021-07-13,73.0,83.0,89.0,92.0,94.0,98.0,103.0,106.0,111.0,114.0,116.0,125.0,137.5,inferred
Braintree,2021-07-14,76.0,84.0,90.0,93.0,95.7,99.0,103.5,107.0,112.0,115.0,118.0,126.0,138.0,inferred
Braintree,2021-07-15,68.0,77.0,85.0,87.0,89.0,93.0,97.0,101.0,105.0,108.0,111.0,118.0,131.0,inferred
Braintree,2021-07-16,59.0,69.0,75.0,77.0,79.0,83.0,87.0,91.0,95.0,97.0,100.0,108.0,118.5,inferred
Braintree,2021-07-17,47.0,55.0,61.0,63.0,65.0,68.0,71.0,74.0,79.0,81.0,83.0,90.0,102.0,inferred
Braintree,2021-07-18,49.0,56.0,61.0,63.0,65.0,69.0,72.0,76.0,80.0,82.0,84.0,90.0,101.0,inferred
Braintree,2021-07-19,65.0,73.0,80.0,83.0,85.0,90.0,94.0,98.0,103.0,105.0,108.0,115.0,128.0,inferred
Braintree,2021-07-20,58.0,66.0,72.0,73.0,76.0,80.0,84.0,88.0,92.0,94.0,96.0,104.0,114.5,inferred
Braintree,2021-07-21,54.5,63.0,68.0,71.0,73.0,76.0,79.0,83.0,87.0,90.0,92.0,99.0,110.0,inferred
Braintree,2021-07-22,46.0,54.0,59.0,62.0,64.0,67.6,71.0,75.0,78.0,81.0,83.0,89.0,100.0,inferred
Braintree,2021-07-23,37.0,44.0,49.0,51.0,53.0,56.0,60.0,63.0,66.0,68.0,69.0,76.0,87.0,inferred
Braintree,2021-07-24,26.0,33.0,37.0,39.0,40.0,44.0,46.0,49.0,52.0,54.0,55.0,60.0,69.5,inferred
Braintree,2021-07-25,25.0,31.0,35.0,37.0,38.0,41.0,44.0,47.0,50.0,52.0,54.0,59.0,68.0,inferred
Braintree,2021-07-26,34.0,40.0,45.0,47.0,48.0,51.0,54.0,57.0,61.0,63.0,66.0,72.0,81.0,inferred
Braintree,2021-07-27,28.0,36.0,41.0,43.0,44.0,47.0,50.0,53.0,56.0,58.0,60.0,65.0,75.0,inferred
Braintree,2021-07-28,30.0,36.0,40.0,42.0,43.7,47.0,49.0,52.0,56.0,57.0,59.0,65.0,74.0,inferred
Braintree,2021-07-29,28.0,34.0,38.0,40.0,42.0,45.0,47.0,50.0,54.0,56.0,58.0,63.0,72.5,inferred
Braintree,2021-07-30,26.0,31.0,34.0,36.0,37.0,40.0,43.0,45.0,48.0,50.0,52.0,58.0,66.0,inferred
Braintree,2021-07-31,19.5,25.0,28.0,30.0,31.0,34.0,36.0,38.0,41.0,43.0,44.2,50.0,58.0,inferred
Braintree,2021-08-01,20.0,25.0,29.0,31.0,32.0,34.0,37.0,39.0,42.0,44.0,45.0,50.0,58.0,inferred
Braintree,2021-08-02,30.0,35.0,40.0,41.0,43.0,47.0,50.0,53.0,56.0,58.0,60.0,65.0,75.0,inferred
Braintree,2021-08-03,27.0,34.0,38.0,40.0,41.0,44.0,47.0,50.0,53.0,55.0,57.0,62.0,72.0,inferred
Braintree,2021-08-04,28.0,35.0,39.0,41.0,42.0,45.0,48.0,51.0,54.0,56.0,58.0,64.0,72.0,inferred
Braintree,2021-08-05,27.5,34.0,38.0,39.0,41.0,43.0,46.0,49.0,52.0,54.0,56.0,62.0,70.0,inferred
Braintree,2021-08-06,24.0,30.0,34.0,36.0,38.0,40.0,42.0,45.0,48.0,49.0,51.0,56.0,66.0,inferred
Braintree,2021-08-07,19.0,25.0,29.0,30.0,32.0,34.0,36.0,39.0,41.0,43.0,44.0,50.0,57.0,inferred
Braintree,2021-08-08,21.5,27.0,30.0,31.0,32.0,35.0,38.0,40.0,42.0,44.0,46.0,51.0,58.0,inferred
Braintree,2021-08-09,30.0,38.0,42.0,44.0,46.0,48.6,51.5,55.0,58.0,60.0,62.0,68.0,76.0,inferred
Braintree,2021-08-10,29.0,36.0,40.8,42.0,43.0,46.0,49.0,52.0,56.0,58.0,60.0,66.0,76.0,inferred
Braintree,2021-08-11,31.0,37.0,41.0,43.0,45.0,48.0,51.0,53.0,57.0,58.0,60.0,65.0,75.0,inferred
Braintree,2021-08-12,29.0,36.0,40.0,42.0,44.0,46.0,49.0,52.0,55.0,57.0,60.0,65.0,74.0,inferred
Braintree,2021-08-13,26.0,33.0,37.0,38.0,40.0,43.0,45.0,48.0,51.0,53.0,55.0,61.0,69.0,inferred
Braintree,2021-08-14,21.0,27.0,31.0,32.0,34.0,37.0,39.0,41.0,44.0,46.0,48.0,53.0,61.0,inferred
Braintree,2021-08-15,24.0,29.0,34.0,35.0,37.0,39.0,42.0,44.0,47.0,49.0,51.0,56.0,63.0,inferred
Braintree,2021-08-16,34.5,42.0,46.0,48.0,50.0,53.0,56.0,59.0,63.0,65.0,67.2,73.0,85.5,inferred
Braintree,2021-08-17,33.0,41.0,45.0,47.0,48.0,51.0,54.0,57.0,61.0,63.0,65.0,71.0,82.0,inferred
Braintree,2021-08-18,34.0,40.0,45.0,47.0,48.0,51.0,54.0,57.0,60.0,62.0,65.0,71.0,80.0,inferred
Braintree,2021-08-19,32.0,38.0,43.0,45.0,46.0,49.0,52.0,55.0,58.0,60.0,62.0,68.0,78.0,inferred
Braintree,2021-08-20,28.0,34.0,38.0,40.0,42.0,45.0,47.0,51.0,53.0,55.0,57.0,62.0,72.0,inferred
Braintree,2021-08-21,22.0,28.0,32.0,33.0,35.0,37.0,40.0,42.0,45.0,47.0,48.2,53.0,61.0,inferred
Braintree,2021-08-22,23.0,29.0,32.0,34.0,35.0,38.0,40.0,43.0,46.0,48.0,50.0,55.1,64.0,inferred
Braintree,2021-08-23,32.0,40.0,45.0,47.0,49.0,52.0,55.0,58.0,61.0,63.0,65.0,71.0,80.0,inferred
Braintree,2021-08-24,31.0,37.0,42.0,44.0,45.0,49.0,52.0,55.0,58.0,60.0,62.0,68.0,77.5,inferred
Braintree,2021-08-25,32.0,38.0,43.0,44.0,46.0,49.0,52.0,55.0,59.0,60.2,63.0,68.0,78.0,inferred
Braintree,2021-08-26,29.0,37.0,41.0,42.0,44.0,47.0,49.0,53.0,56.0,57.2,59.0,65.0,73.0,inferred
Braintree,2021-08-27,27.0,33.0,37.0,38.0,40.0,43.0,46.0,48.0,51.0,53.0,55.0,60.0,68.5,inferred
Braintree,2021-08-28,21.0,27.0,31.0,32.0,33.0,36.0,39.0,41.0,44.0,45.0,47.0,52.0,61.0,inferred
Braintree,2021-08-29,23.0,28.0,32.0,34.0,35.0,38.0,40.0,43.0,45.0,47.0,50.0,55.0,64.0,inferred
Braintree,2021-08-30,33.0,40.0,45.0,47.0,48.7,52.0,54.0,58.0,61.0,63.0,66.0,71.0,81.0,inferred
Braintree,2021-08-31,32.0,39.0,43.0,45.0,47.0,50.0,53.0,55.0,59.0,61.0,63.0,69.0,79.5,inferred
Braintree,2021-09-01,32.0,39.0,43.0,45.0,47.0,50.0,53.0,56.0,59.0,61.0,63.0,69.0,78.0,inferred
Braintree,2021-09-02,32.0,38.0,42.0,44.0,46.0,48.0,51.0,54.0,58.0,60.0,62.0,68.0,77.5,inferred
Braintree,2021-09-03,29.0,33.0,38.0,39.0,41.0,44.0,47.0,49.0,53.0,55.0,57.0,63.0,71.0,inferred
Braintree,2021-09-04,22.0,28.0,31.8,33.0,34.0,37.0,39.0,42.0,45.0,46.0,48.0,53.0,60.0,inferred
Braintree,2021-09-05,23.0,29.0,33.0,35.0,36.0,39.0,42.0,44.0,47.0,49.0,50.0,55.0,63.5,inferred
Braintree,2021-09-06,36.0,42.0,47.0,49.0,50.0,53.0,56.0,60.0,63.0,65.0,67.0,73.0,84.0,inferred
Braintree,2021-09-07,32.0,39.0,43.8,45.0,47.0,50.0,53.0,56.0,60.0,62.0,64.0,69.0,78.0,inferred
Braintree,2021-09-08,31.0,38.0,43.0,44.0,46.0,49.0,52.0,55.0,58.0,60.0,63.0,69.0,79.0,inferred
Braintree,2021-09-09,30.0,37.0,41.0,43.0,45.0,47.0,50.0,53.0,56.0,58.0,60.0,67.0,75.0,inferred
Braintree,2021-09-10,26.0,32.0,37.0,39.0,40.0,43.0,45.0,48.0,51.0,53.0,55.0,60.0,69.0,inferred
Braintree,2021-09-11,21.0,26.0,30.0,31.0,32.7,35.0,37.0,40.0,42.0,44.0,46.0,51.0,60.5,inferred
Braintree,2021-09-12,20.5,27.0,30.0,32.0,33.0,36.0,38.0,41.0,43.3,45.0,47.0,52.0,60.0,inferred
Braintree,2021-09-13,31.0,37.0,42.0,44.0,46.0,49.0,52.0,54.0,58.0,60.0,62.0,68.0,77.0,inferred
Braintree,2021-09-14,29.0,36.0,41.0,42.8,44.0,47.0,50.0,53.0,57.0,58.0,60.0,67.0,75.0,inferred
Braintree,2021-09-15,33.0,40.0,44.0,46.0,48.0,51.0,54.0,57.0,60.0,62.0,65.0,70.0,80.0,inferred
Braintree,2021-09-16,33.0,40.0,45.0,47.0,49.0,52.0,55.0,59.0,62.0,64.0,66.0,72.0,83.0,inferred
Braintree,2021-09-17,32.0,40.0,44.0,46.0,48.0,51.0,54.0,57.0,60.0,62.0,65.0,70.0,79.5,inferred
Braintree,2021-09-18,28.5,36.0,40.0,41.0,43.0,45.0,48.0,51.0,54.0,55.0,57.0,63.0,73.0,inferred
Braintree,2021-09-19,32.0,39.0,44.0,45.8,47.0,50.0,53.0,55.0,59.0,61.0,64.0,69.0,78.0,inferred
Braintree,2021-09-20,50.0,59.0,64.0,66.0,68.0,72.0,75.0,79.0,83.0,84.0,87.0,94.0,106.0,inferred
Braintree,2021-09-21,49.0,57.9,63.0,65.8,68.0,71.0,74.0,78.0,82.0,84.0,86.0,93.0,104.5,inferred
Braintree,2021-09-22,50.5,60.0,65.0,67.8,70.0,73.0,77.0,80.0,84.3,87.0,90.0,97.0,108.0,inferred
Braintree,2021-09-23,50.0,58.0,64.0,66.0,67.0,71.0,75.0,79.0,83.0,85.0,87.0,94.0,105.0,inferred
Braintree,2021-09-24,47.0,54.0,60.0,62.0,63.0,67.0,70.0,74.0,78.0,80.0,82.0,88.0,98.0,inferred
Braintree,2021-09-25,40.0,46.0,51.0,53.0,54.0,57.0,60.0,63.0,66.0,68.0,70.0,76.0,87.0,inferred
Braintree,2021-09-26,40.5,48.0,53.0,55.0,57.0,60.0,64.0,67.0,70.0,72.0,75.0,82.0,92.0,inferred
Braintree,2021-09-27,60.5,68.0,74.0,76.0,78.0,83.0,87.0,91.0,95.0,98.0,101.0,108.0,121.0,inferred
Braintree,2021-09-28,57.0,66.0,72.0,75.0,77.0,80.0,84.0,88.0,92.0,94.0,97.0,103.0,112.5,inferred
Braintree,2021-09-29,58.0,66.0,72.0,75.0,77.0,81.0,85.0,88.0,92.0,94.0,97.0,105.0,117.0,inferred
Braintree,2021-09-30,54.0,63.0,69.0,72.0,74.0,78.0,81.0,85.0,89.0,91.0,94.0,102.0,114.0,inferred
Braintree,2021-10-01,50.5,58.0,64.0,66.0,68.0,72.0,75.0,79.0,83.0,85.0,87.2,94.0,107.0,inferred
Braintree,2021-10-02,41.5,48.0,54.0,56.0,57.0,60.6,64.0,67.0,71.0,73.0,75.0,82.0,92.0,inferred
Braintree,2021-10-03,43.0,50.0,55.0,57.0,59.0,63.0,66.0,70.0,73.0,75.0,77.0,83.1,94.0,inferred
Braintree,2021-10-04,62.5,71.0,77.0,79.0,82.0,86.0,90.0,94.0,98.3,101.0,103.0,111.0,121.5,inferred
Braintree,2021-10-05,59.0,69.0,75.0,77.8,80.0,83.0,88.0,92.0,96.0,98.0,101.0,109.0,121.0,inferred
Braintree,2021-10-06,63.0,72.0,78.0,81.0,83.0,87.0,91.0,95.0,99.0,101.0,104.0,112.0,123.0,inferred
Braintree,2021-10-07,63.0,71.0,77.0,79.0,82.0,85.0,89.0,93.0,97.0,99.2,102.0,110.0,121.0,inferred
Braintree,2021-10-08,59.0,67.0,74.0,76.0,78.0,81.0,85.0,89.0,93.0,95.0,98.0,105.0,119.0,inferred
Braintree,2021-10-09,50.0,57.0,63.0,65.0,67.0,71.0,74.0,78.0,81.0,84.0,87.0,94.0,104.0,inferred
Braintree,2021-10-10,53.0,62.0,67.0,70.0,72.0,76.0,80.0,84.0,88.0,90.0,93.0,99.0,109.5,inferred
Braintree,2021-10-11,79.0,88.0,95.0,97.0,100.0,105.0,109.0,114.0,118.0,121.0,124.0,132.1,146.5,inferred
Braintree,2021-10-12,73.5,84.0,91.0,94.0,97.0,101.0,105.5,110.0,115.0,118.0,121.0,130.0,142.0,inferred
Braintree,2021-10-13,76.0,86.0,93.0,96.0,98.0,102.0,106.0,110.0,115.0,118.0,121.0,129.0,143.0,inferred
Braintree,2021-10-14,70.5,80.0,87.0,90.0,92.0,97.0,101.0,106.0,110.0,113.0,116.0,125.0,139.0,inferred
Braintree,2021-10-15,62.0,71.0,78.0,81.0,84.0,88.0,91.0,96.0,101.0,103.0,106.0,114.0,126.5,inferred
Breckland,2021-07-03,2.0,4.0,6.0,7.0,7.0,8.0,9.0,11.0,12.0,13.0,14.0,17.0,22.0,inferred
Breckland,2021-07-04,3.0,5.0,7.0,8.0,9.0,10.0,11.0,12.0,14.0,15.0,16.0,19.0,24.0,inferred
Breckland,2021-07-05,7.0,10.0,12.0,13.0,13.0,15.0,16.0,18.0,20.0,21.0,22.0,25.0,31.0,inferred
Breckland,2021-07-06,7.0,10.0,12.0,13.0,14.0,16.0,17.0,19.0,21.0,22.0,23.0,26.0,31.0,inferred
Breckland,2021-07-07,7.0,11.0,13.0,14.0,15.0,17.0,19.0,20.0,22.0,23.0,24.0,27.0,34.0,inferred
Breckland,2021-07-08,8.0,11.0,14.0,14.0,15.0,17.0,19.0,21.0,23.0,24.0,25.0,29.0,35.0,inferred
Breckland,2021-07-09,8.0,11.0,14.0,15.0,16.0,17.0,19.0,21.0,23.0,24.0,25.0,28.0,34.5,inferred
Breckland,2021-07-10,7.0,10.0,13.0,14.0,14.0,16.0,17.0,19.0,21.0,22.0,23.0,27.0,33.5,inferred
Breckland,2021-07-11,8.0,12.0,14.0,15.0,16.0,18.0,20.0,22.0,24.0,25.0,26.0,30.0,36.0,inferred
Breckland,2021-07-12,14.5,19.0,22.0,23.0,24.0,26.6,29.0,31.0,33.0,34.0,36.0,41.0,48.0,inferred
Breckland,2021-07-13,14.0,19.0,22.0,24.0,25.0,27.0,29.0,32.0,34.0,35.0,37.0,41.0,48.0,inferred
Breckland,2021-07-14,15.0,20.0,24.0,25.0,26.0,29.0,31.0,33.0,35.0,37.0,38.0,43.0,50.0,inferred
Breckland,2021-07-15,15.0,20.0,23.0,25.0,26.0,28.0,30.0,33.0,35.0,37.0,38.0,43.0,51.0,inferred
Breckland,2021-07-16,15.0,19.0,23.0,24.0,25.0,27.0,29.0,32.0,34.0,36.0,37.0,41.0,49.0,inferred
Breckland,2021-07-17,12.0,17.0,19.0,21.0,22.0,24.0,26.0,27.0,30.0,31.0,33.0,37.0,43.0,inferred
Breckland,2021-07-18,14.0,18.0,21.0,22.0,23.0,25.0,27.0,30.0,32.0,34.0,36.0,40.0,46.0,inferred
Breckland,2021-07-19,22.0,26.0,30.0,32.0,33.0,36.0,38.0,41.0,43.0,45.0,47.0,52.0,61.5,inferred
Breckland,2021-07-20,20.0,26.0,29.0,31.0,32.0,35.0,37.0,39.0,42.0,43.0,45.0,49.0,57.0,inferred
Breckland,2021-07-21,21.0,26.9,30.0,31.0,33.0,35.0,38.0,41.0,43.0,45.0,47.0,51.1,60.0,inferred
Breckland,2021-07-22,21.0,26.0,29.0,31.0,32.0,35.0,38.0,40.0,42.3,44.0,46.0,50.0,59.0,inferred
Breckland,2021-07-23,19.0,25.0,28.0,29.0,30.0,33.0,35.0,37.0,40.0,41.0,43.0,48.0,56.0,inferred
Breckland,2021-07-24,15.0,20.0,23.0,25.0,26.0,28.0,30.0,32.0,35.0,36.0,37.0,42.0,49.0,inferred
Breckland,2021-07-25,17.0,22.0,25.0,26.0,27.0,30.0,32.0,34.0,36.0,38.0,40.0,45.0,52.0,inferred
Breckland,2021-07-26,26.0,32.0,36.0,38.0,39.0,41.0,44.0,47.0,50.0,52.0,54.0,59.0,67.5,inferred
Breckland,2021-07-27,25.0,31.0,35.0,36.0,38.0,41.0,44.0,47.0,49.0,51.0,53.0,58.0,68.0,inferred
Breckland,2021-07-28,27.5,32.0,36.0,38.0,40.0,43.0,45.0,48.0,52.0,54.0,56.0,61.0,71.0,inferred
Breckland,2021-07-29,27.0,32.0,37.0,38.0,39.0,42.0,45.0,48.0,51.0,53.0,55.0,60.0,69.0,inferred
Breckland,2021-07-30,25.0,31.0,35.0,36.0,37.0,40.0,42.0,45.0,48.0,50.0,52.0,56.0,64.5,inferred
Breckland,2021-07-31,21.0,26.0,30.0,31.0,32.0,34.0,37.0,39.0,42.0,43.0,45.0,50.0,57.0,inferred
Breckland,2021-08-01,23.0,28.0,32.0,33.0,35.0,37.0,39.0,42.0,45.0,47.0,48.2,53.0,61.0,inferred
Breckland,2021-08-02,33.0,40.0,44.0,46.0,48.0,51.0,54.0,56.0,60.0,62.0,64.0,69.0,79.0,inferred
Breckland,2021-08-03,32.0,38.0,42.0,44.0,46.0,49.0,52.0,55.0,58.0,60.0,62.0,67.0,77.0,inferred
Breckland,2021-08-04,33.0,39.0,43.0,45.0,47.0,50.0,52.0,56.0,59.0,61.0,63.0,68.0,77.0,inferred
Breckland,2021-08-05,31.0,37.0,41.0,43.0,44.0,47.0,50.0,52.0,56.0,57.0,60.0,66.0,74.5,inferred
Breckland,2021-08-06,27.0,33.0,38.0,40.0,41.0,44.0,47.0,49.0,52.0,54.0,56.0,61.0,70.0,inferred
Breckland,2021-08-07,22.0,28.0,31.0,32.8,34.0,36.0,39.0,41.0,44.0,46.0,47.0,51.0,59.0,inferred
Breckland,2021-08-08,23.0,29.0,32.0,34.0,35.0,37.0,40.0,43.0,45.0,47.0,49.0,54.0,63.0,inferred
Breckland,2021-08-09,34.0,40.0,45.0,47.0,49.0,52.0,55.0,58.0,61.0,63.2,66.0,72.0,82.0,inferred
Breckland,2021-08-10,32.0,39.0,44.0,45.0,47.0,50.0,53.0,56.0,59.0,61.0,63.0,69.0,77.5,inferred
Breckland,2021-08-11,34.0,40.0,45.0,47.0,49.0,52.0,55.0,58.0,61.0,63.0,65.0,71.0,82.0,inferred
Breckland,2021-08-12,32.0,38.9,44.0,46.0,48.0,51.0,54.0,56.0,60.0,62.0,64.0,69.0,80.0,inferred
Breckland,2021-08-13,30.0,37.0,41.0,43.0,45.0,48.0,50.0,53.0,56.0,58.0,60.0,65.0,74.0,inferred
Breckland,2021-08-14,25.0,30.0,34.0,36.0,37.0,40.0,42.0,44.0,47.0,49.0,51.0,56.0,65.0,inferred
Breckland,2021-08-15,25.0,32.0,36.0,38.0,39.0,42.0,45.0,47.0,50.0,52.0,54.0,59.0,68.0,inferred
Breckland,2021-08-16,38.0,45.0,50.0,52.0,54.0,57.0,61.0,64.0,67.0,69.0,71.0,77.0,86.0,inferred
Breckland,2021-08-17,37.0,44.0,48.0,50.0,52.0,55.0,58.0,60.0,64.0,66.0,68.0,74.0,84.0,inferred
Breckland,2021-08-18,38.0,44.0,49.0,51.0,52.0,55.0,58.0,61.0,64.3,66.0,69.0,75.0,85.0,inferred
Breckland,2021-08-19,36.0,42.0,47.0,49.0,51.0,54.0,57.0,59.0,63.0,65.0,67.0,73.0,83.0,inferred
Breckland,2021-08-20,34.0,39.0,44.0,46.0,47.0,50.0,52.0,55.0,59.0,60.0,62.0,68.0,76.5,inferred
Breckland,2021-08-21,26.0,32.0,36.0,38.0,39.0,42.0,45.0,47.0,50.0,52.0,53.0,58.0,66.0,inferred
Breckland,2021-08-22,26.0,33.0,38.0,40.0,41.0,43.6,47.0,49.0,53.0,54.0,57.0,62.0,71.0,inferred
Breckland,2021-08-23,40.0,46.0,51.0,53.0,55.0,59.0,61.0,65.0,69.0,71.0,73.0,78.0,91.0,inferred
Breckland,2021-08-24,37.5,44.9,49.0,51.0,53.0,56.0,59.0,63.0,66.0,68.0,70.0,76.0,86.0,inferred
Breckland,2021-08-25,38.0,45.0,51.0,53.0,55.0,57.0,60.0,63.0,66.0,68.0,70.0,77.0,86.0,inferred
Breckland,2021-08-26,38.0,43.0,47.0,49.0,51.0,53.0,57.0,59.0,63.0,64.0,66.0,73.0,81.0,inferred
Breckland,2021-08-27,32.0,39.0,43.0,44.0,46.0,48.0,51.0,54.4,58.0,60.0,62.0,68.0,77.0,inferred
Breckland,2021-08-28,26.0,32.0,36.0,38.0,39.0,42.0,44.0,47.0,50.0,51.0,53.0,58.0,67.5,inferred
Breckland,2021-08-29,27.0,33.0,37.0,39.0,40.0,43.0,45.0,48.0,52.0,54.0,55.0,61.0,70.0,inferred
Breckland,2021-08-30,38.0,46.0,51.0,52.0,54.0,58.0,61.0,64.0,67.0,70.0,72.0,79.0,87.0,inferred
Breckland,2021-08-31,37.0,43.9,49.0,51.0,52.0,56.0,59.0,62.0,65.0,67.0,70.0,76.0,86.0,inferred
Breckland,2021-09-01,38.0,45.0,50.8,52.0,54.0,57.0,61.0,64.0,67.0,69.0,72.0,77.0,89.0,inferred
Breckland,2021-09-02,36.0,43.0,49.0,51.0,53.0,56.0,59.0,62.0,65.0,67.0,70.0,76.0,85.0,inferred
Breckland,2021-09-03,34.0,41.0,46.0,47.0,49.0,52.0,55.0,57.0,60.0,62.0,64.0,70.1,79.5,inferred
Breckland,2021-09-04,28.0,34.0,38.0,39.0,41.0,44.0,46.0,49.0,52.0,53.0,55.0,61.0,70.0,inferred
Breckland,2021-09-05,29.0,35.0,39.0,41.0,43.0,45.0,48.0,51.0,54.0,56.0,58.0,64.0,74.0,inferred
Breckland,2021-09-06,42.0,51.0,56.0,58.0,60.0,63.0,66.5,70.0,74.0,77.0,79.0,85.0,97.5,inferred
Breckland,2021-09-07,40.5,48.0,53.0,55.0,57.0,60.0,63.0,67.0,71.0,73.0,75.0,81.0,90.0,inferred
Breckland,2021-09-08,40.5,49.0,54.0,56.0,57.0,60.0,63.0,67.0,71.0,73.0,75.0,81.0,93.0,inferred
Breckland,2021-09-09,38.0,45.0,49.0,51.0,53.0,56.0,59.0,62.0,66.0,68.0,70.0,76.0,87.0,inferred
Breckland,2021-09-10,33.0,40.0,44.0,46.0,48.0,51.0,54.0,57.0,61.0,62.2,65.0,70.0,80.0,inferred
Breckland,2021-09-11,27.5,33.0,37.0,38.0,39.0,42.0,45.0,47.0,51.0,52.0,54.0,59.0,69.0,inferred
Breckland,2021-09-12,27.5,33.0,37.0,39.0,40.0,43.0,46.0,49.0,52.0,53.0,55.0,61.0,70.0,inferred
Breckland,2021-09-13,38.0,46.0,51.0,52.0,54.0,57.0,61.0,64.0,68.0,70.0,72.0,78.0,89.0,inferred
Breckland,2021-09-14,36.0,44.0,49.0,51.0,52.0,55.0,58.0,62.0,65.0,67.0,70.0,76.0,86.0,inferred
Breckland,2021-09-15,39.0,46.0,51.0,52.0,54.0,58.0,61.0,64.0,68.0,69.0,72.0,78.0,90.0,inferred
Breckland,2021-09-16,39.0,46.0,50.0,52.0,54.0,57.0,60.0,63.0,67.0,69.0,71.0,78.0,88.0,inferred
Breckland,2021-09-17,37.0,44.0,48.0,50.0,52.0,56.0,58.0,61.0,65.0,67.0,69.0,75.0,85.0,inferred
Breckland,2021-09-18,31.0,37.0,42.0,44.0,45.0,48.0,52.0,55.0,58.0,60.0,62.0,67.0,77.0,inferred
Breckland,2021-09-19,34.0,40.9,45.0,47.0,49.0,52.0,55.0,58.0,62.0,63.0,65.0,71.0,79.0,inferred
Breckland,2021-09-20,50.5,59.0,65.0,67.0,69.0,73.0,76.0,80.0,84.0,86.0,88.0,96.0,107.0,inferred
Breckland,2021-09-21,50.0,59.0,64.0,66.0,68.0,72.0,76.0,79.4,83.0,86.0,88.0,95.0,105.5,inferred
Breckland,2021-09-22,55.0,62.0,67.0,70.0,72.0,76.0,79.0,82.0,86.0,89.0,91.0,97.0,111.0,inferred
Breckland,2021-09-23,52.0,60.0,66.0,68.0,70.0,74.0,77.0,81.0,85.0,88.0,91.0,97.0,107.0,inferred
Breckland,2021-09-24,49.0,56.0,62.0,64.0,66.0,70.0,73.0,76.0,80.0,83.0,85.0,91.0,102.0,inferred
Breckland,2021-09-25,41.5,48.0,53.0,56.0,57.0,61.0,63.5,67.0,71.0,72.0,74.0,80.0,90.5,inferred
Breckland,2021-09-26,44.0,50.0,57.0,58.0,60.7,64.0,67.0,71.0,74.0,76.0,79.0,86.0,95.0,inferred
Breckland,2021-09-27,64.0,73.0,80.0,82.0,84.0,88.0,92.0,96.0,100.3,103.0,106.0,114.0,125.5,inferred
Breckland,2021-09-28,60.0,69.0,75.0,77.0,80.0,85.0,88.0,92.0,96.0,98.0,101.0,107.0,119.0,inferred
Breckland,2021-09-29,60.0,69.0,75.0,77.0,80.0,84.0,87.0,92.0,95.0,97.0,100.0,108.0,118.0,inferred
Breckland,2021-09-30,56.0,64.0,70.0,72.0,74.0,77.0,81.0,85.0,89.0,91.0,93.0,101.0,112.0,inferred
Breckland,2021-10-01,49.0,57.0,63.0,65.0,66.0,70.0,73.0,77.0,80.0,82.0,84.2,91.0,103.0,inferred
Breckland,2021-10-02,38.0,46.0,51.0,53.0,54.0,58.0,61.0,64.0,68.0,70.0,72.0,78.0,88.0,inferred
Breckland,2021-10-03,40.0,46.9,51.0,53.0,55.0,58.0,61.0,65.0,69.0,71.0,73.0,79.0,87.0,inferred
Breckland,2021-10-04,56.0,65.0,71.0,73.0,75.0,79.0,83.0,86.0,90.0,93.0,96.0,102.0,118.0,inferred
Breckland,2021-10-05,54.0,62.0,68.0,70.0,73.0,76.0,79.0,83.0,87.0,89.0,92.0,99.0,111.5,inferred
Breckland,2021-10-06,54.0,64.0,70.0,73.0,74.7,78.6,82.0,86.0,90.0,92.0,94.0,101.0,114.0,inferred
Breckland,2021-10-07,56.0,64.0,70.0,72.0,74.0,78.0,82.0,86.0,90.0,92.2,95.0,103.0,113.0,inferred
Breckland,2021-10-08,54.0,62.0,68.0,70.0,72.0,75.0,79.0,83.0,86.0,88.0,91.0,98.0,110.0,inferred
Breckland,2021-10-09,46.0,54.0,59.0,61.0,63.0,66.0,69.0,73.0,76.0,78.0,81.0,88.0,98.0,inferred
Breckland,2021-10-10,49.5,57.0,63.0,65.0,67.0,71.0,74.0,78.0,82.0,84.0,87.0,93.0,104.0,inferred
Breckland,2021-10-11,72.0,83.0,90.0,93.0,95.0,99.0,103.0,107.0,112.0,115.0,117.0,126.0,139.0,inferred
Breckland,2021-10-12,68.5,79.0,86.0,89.0,91.0,95.0,99.0,103.0,108.0,111.0,114.0,122.0,133.0,inferred
Breckland,2021-10-13,71.0,81.0,87.8,90.0,93.0,97.0,101.0,105.0,110.0,112.0,115.0,123.0,136.0,inferred
Breckland,2021-10-14,66.0,78.0,84.0,86.0,89.0,93.0,97.0,102.0,106.0,108.0,110.2,118.0,133.0,inferred
Breckland,2021-10-15,60.0,69.0,75.0,78.0,80.0,84.0,88.0,92.0,96.0,99.0,101.2,109.0,123.0,inferred
Brent,2021-07-03,46.0,56.0,62.0,64.0,67.0,71.0,74.0,78.0,83.0,85.0,89.0,96.0,110.0,inferred
Brent,2021-07-04,53.0,62.0,68.0,70.0,72.0,76.0,80.0,84.0,88.0,91.0,93.0,101.0,115.5,inferred
Brent,2021-07-05,83.0,94.9,101.0,104.0,107.0,112.0,117.0,122.0,126.0,128.0,131.0,141.0,155.0,inferred
Brent,2021-07-06,84.5,95.0,104.0,106.0,109.0,114.0,118.0,123.0,129.0,132.0,136.0,144.0,157.0,inferred
Brent,2021-07-07,91.0,102.0,111.0,114.0,117.0,122.0,127.0,132.0,137.0,140.0,144.0,152.0,169.0,inferred
Brent,2021-07-08,96.0,108.0,115.0,118.0,121.0,126.0,130.0,135.0,141.0,144.0,147.0,157.0,173.0,inferred
Brent,2021-07-09,91.0,103.0,110.0,114.0,117.0,122.0,127.0,132.0,138.0,141.0,145.0,153.0,167.5,inferred
Brent,2021-07-10,82.0,93.0,99.0,103.0,105.0,109.0,114.0,119.0,124.0,127.0,130.0,139.0,154.0,inferred
Brent,2021-07-11,87.0,98.0,107.0,110.0,112.0,117.0,122.0,127.0,132.0,135.0,139.0,148.0,161.0,inferred
Brent,2021-07-12,136.0,149.0,159.0,162.0,165.0,172.0,177.0,184.0,190.0,193.2,197.0,209.0,229.0,inferred
Brent,2021-07-13,138.0,151.9,161.0,164.0,168.0,174.0,179.0,185.0,192.0,195.0,199.0,210.0,229.0,inferred
Brent,2021-07-14,144.0,157.0,167.0,171.0,175.0,181.0,187.0,193.0,199.3,203.0,208.0,220.0,235.5,inferred
Brent,2021-07-15,142.0,156.0,166.0,169.0,173.0,179.0,185.0,191.0,198.0,201.0,205.0,217.0,235.0,inferred
Brent,2021-07-16,129.0,144.0,155.0,158.0,161.0,167.0,173.0,179.0,185.0,188.0,192.0,204.1,224.0,inferred
Brent,2021-07-17,112.0,124.0,133.0,136.0,140.0,145.0,150.0,156.0,162.0,165.0,169.0,179.0,196.5,inferred
Brent,2021-07-18,112.0,127.0,135.0,139.0,143.0,149.0,154.0,159.4,166.0,169.0,173.0,183.0,198.5,inferred
Brent,2021-07-19,163.0,181.9,192.0,196.0,200.0,206.0,213.0,219.0,226.0,230.0,236.0,248.0,266.0,inferred
Brent,2021-07-20,156.0,170.0,182.0,186.0,189.7,196.0,202.0,209.0,215.0,219.0,224.0,235.1,253.0,inferred
Brent,2021-07-21,151.0,167.0,176.0,179.0,182.0,188.0,195.0,202.0,208.0,213.0,217.0,228.0,248.5,inferred
Brent,2021-07-22,135.0,148.0,160.0,163.0,165.7,172.0,177.0,183.0,190.0,193.0,197.2,209.0,226.5,inferred
Brent,2021-07-23,111.0,126.0,135.0,139.0,142.0,148.0,153.0,159.0,165.0,169.0,172.0,184.0,201.0,inferred
Brent,2021-07-24,89.0,100.0,107.0,110.0,113.0,118.0,123.0,128.0,133.0,137.0,141.0,149.0,164.5,inferred
Brent,2021-07-25,82.0,93.0,101.0,104.0,107.0,112.0,117.0,122.0,128.0,131.0,135.0,143.0,157.0,inferred
Brent,2021-07-26,113.0,126.0,134.0,137.0,141.0,147.0,152.0,158.0,163.0,167.0,171.0,181.0,195.0,inferred
Brent,2021-07-27,106.0,118.0,126.0,129.0,132.0,137.0,143.0,148.0,154.0,157.2,161.0,170.1,186.0,inferred
Brent,2021-07-28,105.0,119.0,127.8,131.0,134.0,139.0,144.0,150.0,156.0,160.0,163.2,174.0,189.0,inferred
Brent,2021-07-29,105.0,117.0,125.0,129.0,131.0,137.0,142.0,147.0,153.0,157.0,160.0,168.1,182.5,inferred
Brent,2021-07-30,95.0,106.9,114.0,117.0,120.0,126.0,131.0,136.0,142.0,145.0,148.0,158.0,172.0,inferred
Brent,2021-07-31,80.5,91.0,99.0,101.0,104.0,108.0,113.0,118.0,123.0,126.0,130.0,140.0,154.0,inferred
Brent,2021-08-01,82.0,92.0,99.0,102.0,105.0,110.0,114.0,119.0,124.0,127.0,130.0,139.1,153.0,inferred
Brent,2021-08-02,116.0,128.0,138.0,142.0,145.0,151.0,157.0,162.0,168.0,172.0,176.0,187.0,206.0,inferred
Brent,2021-08-03,111.0,125.0,134.0,137.0,141.0,146.0,152.0,157.0,163.0,167.0,170.0,179.0,194.5,inferred
Brent,2021-08-04,111.0,126.0,135.0,138.0,141.0,147.0,152.0,158.0,163.0,166.0,170.0,181.0,199.0,inferred
Brent,2021-08-05,108.5,122.0,130.0,133.0,136.0,142.0,148.0,153.0,158.0,161.0,165.0,175.0,191.0,inferred
Brent,2021-08-06,98.0,110.0,118.0,120.0,124.0,129.0,134.0,139.0,144.0,147.0,151.0,160.0,178.0,inferred
Brent,2021-08-07,83.0,92.0,98.0,101.0,104.0,109.0,114.0,119.0,124.0,127.0,131.0,139.0,152.0,inferred
Brent,2021-08-08,80.0,91.0,99.0,101.0,104.0,109.0,114.0,118.0,123.0,126.0,129.0,138.0,152.0,inferred
Brent,2021-08-09,115.0,127.0,136.0,139.0,143.0,148.0,153.0,159.0,167.0,170.0,173.0,184.0,202.5,inferred
Brent,2021-08-10,106.0,122.0,132.0,135.0,138.0,143.0,148.0,153.0,158.0,162.0,165.0,177.0,191.0,inferred
Brent,2021-08-11,110.0,123.0,131.0,135.0,138.0,143.0,148.0,153.0,158.0,161.0,165.0,175.0,192.0,inferred
Brent,2021-08-12,104.0,116.0,125.0,129.0,132.0,137.0,142.0,147.0,152.0,155.0,159.0,170.0,183.5,inferred
Brent,2021-08-13,94.5,105.0,113.0,116.0,118.7,123.0,128.0,133.0,139.0,142.0,145.0,154.0,170.5,inferred
Brent,2021-08-14,76.0,88.0,95.0,97.0,99.0,104.0,109.0,113.0,118.0,121.0,125.0,134.0,149.0,inferred
Brent,2021-08-15,77.0,86.0,93.0,96.0,98.0,102.0,107.0,112.0,117.0,120.2,123.0,133.0,144.0,inferred
Brent,2021-08-16,108.0,120.0,128.0,132.0,135.0,140.0,146.0,151.0,157.3,161.0,164.0,174.1,191.0,inferred
Brent,2021-08-17,104.0,116.0,124.0,127.0,130.0,135.0,141.0,146.0,152.0,156.0,160.0,169.0,185.5,inferred
Brent,2021-08-18,102.0,116.0,123.0,126.0,129.0,135.0,140.0,145.0,151.0,155.0,159.0,169.0,186.0,inferred
Brent,2021-08-19,96.5,109.0,116.0,119.0,122.0,127.0,133.0,139.0,145.0,148.0,151.2,163.0,177.0,inferred
Brent,2021-08-20,85.0,97.0,105.0,108.0,111.0,115.0,120.0,124.0,130.0,132.0,136.0,145.0,161.0,inferred
Brent,2021-08-21,71.0,79.0,87.0,89.0,92.0,96.0,100.0,105.0,110.0,112.0,115.0,123.0,137.0,inferred
Brent,2021-08-22,67.0,78.0,86.0,88.0,91.0,96.0,100.0,105.0,110.0,112.2,116.0,123.0,137.5,inferred
Brent,2021-08-23,96.0,110.0,118.0,122.0,125.0,130.0,134.0,139.0,144.0,147.0,150.2,160.0,173.0,inferred
Brent,2021-08-24,91.0,104.0,113.0,116.0,118.0,124.0,128.0,133.0,139.0,142.0,145.0,154.0,172.0,inferred
Brent,2021-08-25,92.0,107.0,115.0,118.0,121.0,127.0,132.0,136.0,142.0,145.0,148.0,157.0,171.5,inferred
Brent,2021-08-26,92.0,102.9,110.0,114.0,116.0,121.0,126.0,131.0,136.3,140.0,143.0,153.0,169.5,inferred
Brent,2021-08-27,82.0,91.0,100.0,104.0,106.0,112.0,116.0,120.0,125.0,127.0,131.0,140.0,154.0,inferred
Brent,2021-08-28,66.0,77.0,84.0,87.0,90.0,94.0,99.0,103.4,108.3,111.2,115.0,123.0,135.5,inferred
Brent,2021-08-29,66.5,77.0,84.0,87.0,90.0,94.0,98.0,103.0,108.0,110.2,114.0,122.0,135.0,inferred
Brent,2021-08-30,98.0,109.9,119.0,122.0,124.0,129.0,134.0,140.0,145.0,148.0,152.0,162.0,178.5,inferred
Brent,2021-08-31,94.0,105.9,113.0,117.0,119.7,125.0,131.0,136.0,141.0,144.0,147.0,156.0,173.0,inferred
Brent,2021-09-01,92.0,105.0,114.0,117.0,120.0,125.0,130.0,136.0,141.0,145.0,149.0,159.0,173.0,inferred
Brent,2021-09-02,89.0,101.0,110.0,113.0,116.0,121.0,126.0,132.0,136.0,139.0,143.0,151.0,167.5,inferred
Brent,2021-09-03,82.0,92.9,100.0,103.0,106.0,111.0,116.0,120.0,126.0,129.0,132.0,140.1,155.5,inferred
Brent,2021-09-04,66.5,77.0,84.0,86.0,90.0,94.0,98.0,102.0,107.0,109.0,113.0,121.0,134.0,inferred
Brent,2021-09-05,65.0,77.0,84.0,87.0,89.0,94.0,98.0,103.0,107.0,109.0,113.0,122.0,138.0,inferred
Brent,2021-09-06,94.0,107.0,115.0,119.0,122.0,128.0,132.0,136.4,143.0,145.0,149.0,158.0,175.0,inferred
Brent,2021-09-07,89.0,99.0,106.0,109.0,112.0,117.0,122.0,127.0,132.0,136.0,139.0,148.0,164.0,inferred
Brent,2021-09-08,83.0,95.0,102.0,105.0,108.0,113.0,118.0,123.0,129.0,132.0,134.0,144.0,158.0,inferred
Brent,2021-09-09,76.0,85.0,92.0,95.0,97.0,102.0,107.0,111.0,116.0,119.0,122.0,131.1,142.5,inferred
Brent,2021-09-10,62.5,72.0,78.0,81.0,83.0,87.0,92.0,96.0,101.0,103.0,106.0,113.1,125.0,inferred
Brent,2021-09-11,48.0,56.0,62.0,64.0,66.0,69.0,72.0,76.0,80.0,83.0,86.0,94.0,106.5,inferred
Brent,2021-09-12,44.0,52.0,58.0,60.0,62.0,65.0,69.0,73.0,77.0,80.0,82.0,89.0,100.0,inferred
Brent,2021-09-13,60.0,69.0,76.0,78.0,80.0,84.0,88.0,92.0,97.0,100.0,103.0,111.0,123.0,inferred
Brent,2021-09-14,55.0,64.0,70.0,73.0,75.0,80.0,84.0,88.0,92.0,94.0,97.0,105.0,116.5,inferred
Brent,2021-09-15,55.5,65.0,71.0,74.0,76.0,80.0,84.0,88.0,93.0,95.0,98.0,105.0,119.0,inferred
Brent,2021-09-16,54.0,63.0,68.0,70.0,73.0,77.0,81.0,86.0,90.0,92.0,95.0,102.0,116.0,inferred
Brent,2021-09-17,48.0,57.0,63.0,66.0,68.0,72.0,75.0,79.0,83.3,86.0,89.0,96.0,108.0,inferred
Brent,2021-09-18,37.5,47.0,52.0,55.0,57.0,60.0,64.0,68.0,72.0,74.0,77.0,84.0,94.0,inferred
Brent,2021-09-19,41.0,49.0,53.0,55.0,57.0,61.0,65.0,68.0,72.0,74.0,77.0,84.0,94.0,inferred
Brent,2021-09-20,58.0,69.0,75.0,78.0,80.7,85.0,89.0,94.0,98.0,100.0,103.0,111.1,124.5,inferred
Brent,2021-09-21,57.0,65.0,72.0,74.0,77.0,81.0,85.0,89.0,94.0,97.0,100.0,108.0,120.0,inferred
Brent,2021-09-22,59.0,67.0,73.0,76.0,78.0,82.0,87.0,91.0,96.0,98.0,100.0,108.1,122.0,inferred
Brent,2021-09-23,55.0,64.0,70.0,72.0,74.0,78.0,82.0,87.0,91.0,93.0,96.0,105.0,118.0,inferred
Brent,2021-09-24,48.5,57.0,63.0,65.0,67.0,71.0,75.0,78.0,83.0,85.0,88.0,96.0,108.5,inferred
Brent,2021-09-25,39.0,46.0,52.0,54.0,56.0,60.0,63.0,67.0,71.0,74.0,76.0,83.0,93.5,inferred
Brent,2021-09-26,39.5,48.0,53.0,55.0,57.0,60.0,64.0,67.0,71.0,73.0,76.0,82.0,95.0,inferred
Brent,2021-09-27,58.0,67.0,74.0,76.0,79.0,83.0,87.0,91.4,96.0,99.0,102.0,109.0,122.0,inferred
Brent,2021-09-28,55.0,63.0,71.0,73.0,75.0,79.0,83.0,87.0,92.0,95.0,98.0,106.0,120.0,inferred
Brent,2021-09-29,57.0,65.0,72.0,74.0,77.0,81.0,85.0,89.0,94.0,96.0,99.0,106.0,119.0,inferred
Brent,2021-09-30,51.0,62.0,69.0,71.0,73.0,78.0,81.0,86.0,90.0,93.0,96.0,102.0,116.0,inferred
Brent,2021-10-01,49.0,58.0,63.0,65.0,67.0,71.0,75.0,78.0,82.0,85.0,88.0,96.0,110.0,inferred
Brent,2021-10-02,40.0,48.0,53.0,56.0,58.0,61.0,63.0,67.0,71.0,74.0,76.0,83.0,93.0,inferred
Brent,2021-10-03,39.0,48.0,53.0,55.0,57.0,61.0,64.0,67.0,71.0,73.0,75.0,82.0,93.0,inferred
Brent,2021-10-04,60.0,69.0,75.0,78.0,80.0,84.0,89.0,93.0,97.0,100.0,102.0,110.0,122.5,inferred
Brent,2021-10-05,56.5,67.0,74.0,76.0,78.0,83.0,87.0,91.0,96.0,99.0,102.0,109.0,123.0,inferred
Brent,2021-10-06,61.5,69.0,76.0,79.0,82.0,86.0,90.0,94.0,99.0,102.0,105.0,113.0,126.0,inferred
Brent,2021-10-07,60.0,69.0,77.0,79.0,82.0,85.0,90.0,95.0,99.0,102.0,105.0,113.0,127.0,inferred
Brent,2021-10-08,56.5,65.0,71.0,74.0,76.0,80.0,84.0,88.0,93.0,96.0,99.0,107.0,119.5,inferred
Brent,2021-10-09,48.0,56.9,62.0,64.0,67.0,70.0,74.0,78.0,82.0,85.0,88.0,94.0,106.0,inferred
Brent,2021-10-10,51.0,59.0,64.0,67.0,70.0,73.0,77.0,81.0,86.0,88.0,91.0,98.0,108.0,inferred
Brent,2021-10-11,75.0,85.0,93.0,96.0,99.0,104.0,108.0,113.0,119.0,121.0,124.0,134.0,149.0,inferred
Brent,2021-10-12,74.0,85.0,91.0,95.0,97.0,102.0,106.0,110.0,116.0,119.0,122.0,132.0,146.0,inferred
Brent,2021-10-13,75.0,86.0,93.0,97.0,99.0,104.0,110.0,114.0,119.0,122.2,126.0,134.1,149.0,inferred
Brent,2021-10-14,74.0,85.0,92.0,95.0,98.0,103.0,108.0,113.0,118.0,121.0,124.0,134.0,148.5,inferred
Brent,2021-10-15,66.0,77.0,85.0,88.0,90.0,95.0,100.0,105.0,110.0,113.0,116.0,126.0,141.0,inferred
Brentwood,2021-07-03,16.0,21.0,24.0,25.0,27.0,29.0,31.0,33.0,36.0,37.0,39.0,43.0,50.0,inferred
Brentwood,2021-07-04,19.0,24.0,28.0,29.0,30.0,32.0,35.0,37.0,39.0,41.0,42.0,47.0,54.0,inferred
Brentwood,2021-07-05,30.0,37.0,41.0,42.0,43.0,46.0,48.0,51.0,54.0,55.0,57.0,62.0,71.0,inferred
Brentwood,2021-07-06,30.0,36.0,40.0,42.0,43.0,46.0,48.0,51.0,54.0,56.0,57.2,62.0,70.0,inferred
Brentwood,2021-07-07,33.0,38.9,43.0,45.0,46.0,49.0,52.0,55.0,58.0,60.0,62.0,67.0,76.5,inferred
Brentwood,2021-07-08,32.0,39.0,43.0,45.0,46.0,49.0,52.0,55.0,58.0,60.0,62.0,66.0,75.0,inferred
Brentwood,2021-07-09,33.0,38.0,42.0,44.0,46.0,48.0,51.0,54.0,57.0,59.0,60.0,66.0,75.0,inferred
Brentwood,2021-07-10,28.0,33.0,37.0,39.0,41.0,43.0,46.0,48.0,51.0,53.0,54.0,59.0,67.0,inferred
Brentwood,2021-07-11,31.0,37.9,42.0,43.0,45.0,48.0,50.0,53.0,55.0,57.0,59.0,65.0,73.0,inferred
Brentwood,2021-07-12,47.0,56.0,61.0,63.0,65.0,68.0,72.0,75.0,79.0,81.0,83.0,89.0,99.0,inferred
Brentwood,2021-07-13,46.0,54.0,59.0,61.0,63.0,67.0,70.0,73.0,76.0,78.0,80.0,88.0,97.5,inferred
Brentwood,2021-07-14,46.0,53.0,59.0,62.0,63.7,67.0,70.0,74.0,77.0,79.0,81.0,87.0,99.0,inferred
Brentwood,2021-07-15,42.0,49.0,55.0,57.0,58.0,62.0,64.5,67.0,71.0,73.0,75.0,82.0,92.0,inferred
Brentwood,2021-07-16,36.0,43.0,48.0,50.0,51.0,54.0,57.0,60.0,63.0,65.0,67.0,73.0,82.0,inferred
Brentwood,2021-07-17,28.0,35.0,38.0,40.0,41.0,44.0,46.0,49.0,52.0,54.0,56.0,61.0,69.5,inferred
Brentwood,2021-07-18,27.0,34.0,38.0,39.0,41.0,44.0,47.0,50.0,53.0,54.0,56.0,61.0,68.5,inferred
Brentwood,2021-07-19,39.0,46.0,50.0,52.0,54.0,57.0,60.0,63.0,67.0,68.0,71.0,77.0,86.5,inferred
Brentwood,2021-07-20,35.0,41.0,45.0,47.0,48.0,51.0,54.0,56.4,60.0,62.0,64.0,69.0,79.5,inferred
Brentwood,2021-07-21,32.0,37.0,41.0,42.8,44.0,47.0,50.0,53.0,56.0,58.0,60.0,65.0,74.0,inferred
Brentwood,2021-07-22,26.0,31.0,35.0,36.8,38.0,40.0,43.0,45.0,48.0,50.0,52.0,56.1,63.0,inferred
Brentwood,2021-07-23,21.0,26.0,29.0,30.0,31.0,34.0,36.0,38.0,41.0,43.0,45.0,49.0,55.0,inferred
Brentwood,2021-07-24,14.0,18.0,22.0,23.0,24.0,26.0,28.0,30.0,32.0,33.0,35.0,39.0,45.0,inferred
Brentwood,2021-07-25,13.0,17.0,20.0,21.0,22.0,24.0,26.0,27.0,30.0,31.0,33.0,37.0,43.0,inferred
Brentwood,2021-07-26,18.0,22.0,25.0,26.0,28.0,30.0,32.0,34.0,36.0,37.0,39.0,43.0,52.0,inferred
Brentwood,2021-07-27,15.0,19.0,22.0,23.0,24.0,26.0,29.0,31.0,33.0,34.0,36.0,40.0,47.0,inferred
Brentwood,2021-07-28,14.0,19.0,22.0,23.0,25.0,27.0,29.0,31.0,33.3,35.0,37.0,41.1,48.0,inferred
Brentwood,2021-07-29,14.0,18.0,21.0,22.0,23.0,25.0,27.0,29.0,31.0,33.0,35.0,39.0,45.0,inferred
Brentwood,2021-07-30,13.0,16.0,19.0,20.0,21.0,23.0,25.0,27.0,30.0,31.0,32.0,36.0,42.5,inferred
Brentwood,2021-07-31,9.0,13.0,16.0,17.0,18.0,19.0,21.0,23.0,25.0,26.0,28.0,31.0,37.0,inferred
Brentwood,2021-08-01,10.0,13.0,16.0,17.0,18.0,20.0,22.0,24.0,26.0,27.0,28.0,32.0,38.0,inferred
Brentwood,2021-08-02,16.0,20.0,23.8,25.0,26.0,28.0,30.0,32.0,35.0,36.0,38.0,42.0,49.0,inferred
Brentwood,2021-08-03,15.0,19.0,22.0,23.8,25.0,27.0,29.0,31.0,33.3,35.0,37.0,41.0,50.0,inferred
Brentwood,2021-08-04,15.5,20.0,23.0,24.0,25.0,27.0,30.0,32.0,34.0,35.0,37.0,41.0,48.0,inferred
Brentwood,2021-08-05,15.0,19.0,22.0,24.0,25.0,27.0,29.0,31.0,33.0,35.0,36.0,40.0,46.0,inferred
Brentwood,2021-08-06,14.0,18.0,20.0,21.0,22.0,24.0,26.0,28.0,30.0,32.0,33.0,38.0,44.0,inferred
Brentwood,2021-08-07,11.0,14.0,17.0,18.0,19.0,20.6,22.0,24.0,27.0,27.0,29.0,32.0,39.0,inferred
Brentwood,2021-08-08,11.0,15.0,18.0,19.0,20.0,21.0,23.0,25.0,28.0,29.0,30.0,34.0,41.0,inferred
Brentwood,2021-08-09,17.0,21.0,25.0,26.0,27.0,30.0,32.0,34.0,36.0,38.0,40.0,44.0,52.5,inferred
Brentwood,2021-08-10,16.0,20.0,23.0,25.0,26.0,28.0,30.0,32.0,34.0,36.0,37.0,42.0,48.0,inferred
Brentwood,2021-08-11,16.0,20.0,24.0,25.0,26.0,28.0,30.0,32.0,35.0,36.0,37.0,42.0,49.0,inferred
Brentwood,2021-08-12,15.0,19.0,22.0,23.0,24.0,27.0,28.0,30.0,33.0,34.0,36.0,40.0,46.5,inferred
Brentwood,2021-08-13,12.0,16.0,19.0,20.0,21.0,23.0,25.0,27.0,29.0,31.0,32.0,36.0,43.0,inferred
Brentwood,2021-08-14,9.0,13.0,16.0,17.0,18.0,20.0,21.0,23.0,25.0,26.0,27.0,31.0,37.0,inferred
Brentwood,2021-08-15,10.0,13.0,16.0,17.0,18.0,20.0,21.0,23.0,25.0,26.0,28.0,31.0,37.0,inferred
Brentwood,2021-08-16,14.5,19.0,22.0,23.0,25.0,27.0,29.0,31.0,33.0,35.0,36.0,40.0,46.5,inferred
Brentwood,2021-08-17,14.0,18.0,21.0,22.0,23.0,25.0,27.0,29.0,31.0,33.0,34.0,38.0,44.0,inferred
Brentwood,2021-08-18,13.0,18.0,21.0,22.0,23.0,25.0,27.0,29.0,32.0,33.0,35.0,39.0,46.0,inferred
Brentwood,2021-08-19,13.0,17.0,20.0,21.0,22.0,24.0,26.0,28.0,30.0,32.0,33.0,37.0,45.0,inferred
Brentwood,2021-08-20,12.0,15.0,18.0,19.0,20.0,22.0,24.0,26.0,28.0,29.0,30.0,34.0,40.0,inferred
Brentwood,2021-08-21,9.0,12.0,15.0,16.0,17.0,18.6,20.0,22.0,24.0,26.0,27.0,30.0,36.0,inferred
Brentwood,2021-08-22,9.0,13.0,15.0,16.0,18.0,19.0,21.0,23.0,25.0,26.0,27.0,31.0,37.0,inferred
Brentwood,2021-08-23,14.0,18.0,22.0,23.0,24.0,26.0,28.0,30.0,32.0,34.0,35.0,39.0,46.0,inferred
Brentwood,2021-08-24,13.0,17.0,20.0,22.0,23.0,25.0,27.0,29.0,32.0,33.0,35.0,38.0,45.0,inferred
Brentwood,2021-08-25,14.0,18.0,22.0,23.0,24.0,26.0,28.0,30.0,32.0,33.0,35.0,40.0,47.0,inferred
Brentwood,2021-08-26,13.0,17.0,21.0,22.0,23.0,25.0,27.0,29.0,32.0,33.0,34.0,38.0,44.5,inferred
Brentwood,2021-08-27,13.0,17.0,19.0,20.0,21.0,23.0,25.0,27.0,30.0,31.0,32.0,36.0,42.0,inferred
Brentwood,2021-08-28,10.0,14.0,16.0,17.0,18.0,20.0,22.0,23.0,26.0,27.0,28.0,32.0,38.0,inferred
Brentwood,2021-08-29,11.0,15.0,18.0,19.0,20.0,22.0,24.0,25.0,27.0,28.0,30.0,34.0,41.0,inferred
Brentwood,2021-08-30,18.0,22.0,25.0,27.0,28.0,30.0,32.0,34.0,37.0,38.0,40.0,43.0,51.0,inferred
Brentwood,2021-08-31,17.0,21.0,24.0,26.0,27.0,29.6,32.0,34.0,36.0,37.0,39.0,43.0,51.0,inferred
Brentwood,2021-09-01,16.0,22.0,25.0,26.0,27.0,30.0,32.0,34.0,36.0,38.0,40.0,45.0,51.0,inferred
Brentwood,2021-09-02,17.0,21.0,24.0,25.0,27.0,29.0,31.0,33.0,35.0,37.0,39.0,43.1,50.5,inferred
Brentwood,2021-09-03,15.0,19.0,22.0,24.0,25.0,27.0,29.0,31.0,34.0,35.0,37.0,41.0,48.0,inferred
Brentwood,2021-09-04,11.0,16.0,19.0,20.0,21.0,22.6,24.0,26.0,29.0,30.0,31.0,35.0,42.0,inferred
Brentwood,2021-09-05,14.0,17.0,20.0,21.0,22.0,24.0,26.0,28.0,30.0,31.0,33.0,36.0,43.0,inferred
Brentwood,2021-09-06,19.0,24.0,28.0,30.0,31.0,33.0,35.0,37.0,40.0,42.0,43.0,47.0,56.0,inferred
Brentwood,2021-09-07,17.0,23.0,26.0,27.0,29.0,31.0,33.0,35.0,38.0,39.0,41.0,45.0,52.0,inferred
Brentwood,2021-09-08,17.0,22.0,25.0,26.0,27.0,29.0,31.0,34.0,36.0,38.0,39.0,44.0,53.0,inferred
Brentwood,2021-09-09,15.0,19.0,22.0,23.0,25.0,27.0,29.0,31.0,33.0,35.0,36.0,41.0,48.0,inferred
Brentwood,2021-09-10,13.0,17.0,19.0,21.0,22.0,24.0,26.0,28.0,30.0,31.0,32.0,36.0,42.5,inferred
Brentwood,2021-09-11,8.5,12.0,15.0,16.0,17.0,19.0,20.0,22.0,24.0,25.0,26.0,30.0,35.0,inferred
Brentwood,2021-09-12,9.0,13.0,15.0,16.0,17.0,18.0,20.0,22.0,24.0,25.0,26.0,30.0,35.5,inferred
Brentwood,2021-09-13,12.5,16.0,19.0,21.0,22.0,24.0,26.0,28.0,30.0,32.0,33.0,37.0,44.0,inferred
Brentwood,2021-09-14,11.0,15.0,18.0,20.0,21.0,23.0,25.0,27.0,29.0,30.0,31.0,35.0,41.0,inferred
Brentwood,2021-09-15,12.0,16.0,19.0,20.0,21.0,24.0,25.0,27.0,29.0,31.0,32.0,35.0,42.0,inferred
Brentwood,2021-09-16,12.0,16.0,18.0,19.0,20.0,22.0,24.0,26.0,28.0,30.0,31.0,35.0,41.0,inferred
Brentwood,2021-09-17,11.0,14.0,17.0,18.0,19.0,21.0,23.0,25.0,27.0,28.0,30.0,34.0,40.0,inferred
Brentwood,2021-09-18,8.0,12.0,14.0,15.0,16.0,17.0,19.0,21.0,23.0,24.0,25.0,29.0,35.0,inferred
Brentwood,2021-09-19,9.0,12.0,15.0,16.0,17.0,19.0,21.0,22.0,24.0,25.0,26.0,30.0,36.0,inferred
Brentwood,2021-09-20,14.0,18.0,21.0,22.0,24.0,26.0,28.0,30.0,32.0,33.0,35.0,39.0,47.0,inferred
Brentwood,2021-09-21,13.0,17.9,20.0,21.0,23.0,24.6,26.0,28.0,30.0,32.0,33.0,37.0,44.0,inferred
Brentwood,2021-09-22,12.0,17.0,20.0,22.0,23.0,25.0,27.0,29.0,31.0,32.0,34.0,38.0,45.0,inferred
Brentwood,2021-09-23,12.0,16.9,19.0,21.0,22.0,24.0,26.0,28.0,30.0,31.0,33.0,37.0,44.0,inferred
Brentwood,2021-09-24,11.0,15.0,17.0,18.0,19.0,21.0,23.0,25.0,27.0,28.0,30.0,33.0,40.0,inferred
Brentwood,2021-09-25,9.0,12.0,15.0,16.0,16.0,18.0,20.0,21.0,23.0,24.0,25.2,29.0,35.0,inferred
Brentwood,2021-09-26,9.0,12.0,15.0,16.0,17.0,19.0,21.0,22.0,24.0,25.0,27.0,30.0,36.5,inferred
Brentwood,2021-09-27,14.0,18.0,21.0,22.0,23.0,26.0,27.0,29.0,31.0,33.0,34.0,38.0,46.0,inferred
Brentwood,2021-09-28,13.0,17.0,20.0,21.0,22.0,24.0,26.0,28.0,31.0,32.0,34.0,38.0,44.0,inferred
Brentwood,2021-09-29,14.0,18.0,21.0,22.0,23.0,25.0,27.0,29.0,31.0,33.0,34.0,38.0,45.0,inferred
Brentwood,2021-09-30,13.5,17.0,20.0,21.0,22.0,24.0,26.0,28.0,30.0,32.0,33.0,37.0,44.0,inferred
Brentwood,2021-10-01,11.0,15.0,18.0,20.0,21.0,23.0,24.0,26.0,28.0,29.0,31.0,34.0,41.0,inferred
Brentwood,2021-10-02,9.0,13.0,15.0,16.0,17.0,19.0,21.0,22.0,24.0,26.0,27.0,30.1,37.0,inferred
Brentwood,2021-10-03,10.0,13.0,16.0,17.0,18.0,20.0,22.0,23.0,25.0,27.0,28.0,32.0,38.0,inferred
Brentwood,2021-10-04,16.0,20.0,23.0,24.0,25.0,28.0,29.5,32.0,34.0,36.0,37.0,42.0,49.0,inferred
Brentwood,2021-10-05,16.0,21.0,24.0,25.0,26.0,28.0,30.0,32.0,35.0,36.0,38.0,42.0,49.0,inferred
Brentwood,2021-10-06,17.0,22.0,26.0,27.0,28.0,31.0,33.0,35.0,38.0,39.2,41.0,46.0,52.0,inferred
Brentwood,2021-10-07,19.0,24.0,28.0,29.0,30.0,33.0,35.0,37.0,40.0,42.0,43.0,48.0,56.0,inferred
Brentwood,2021-10-08,20.0,24.0,28.0,29.0,31.0,33.0,35.0,37.0,40.0,41.0,43.0,47.0,55.0,inferred
Brentwood,2021-10-09,18.0,22.0,25.0,26.0,28.0,30.0,32.0,34.0,36.0,38.0,39.0,43.1,51.0,inferred
Brentwood,2021-10-10,20.0,24.0,28.0,29.0,31.0,33.0,36.0,38.0,41.0,42.0,44.0,48.0,56.0,inferred
Brentwood,2021-10-11,32.0,37.0,42.0,44.0,45.0,48.0,51.0,53.0,56.0,58.0,60.0,66.0,75.5,inferred
Brentwood,2021-10-12,31.0,37.0,42.0,43.0,45.0,48.0,50.0,53.0,57.0,59.0,61.0,67.0,76.0,inferred
Brentwood,2021-10-13,33.0,40.0,44.0,46.0,47.0,50.0,54.0,57.0,60.0,62.0,64.0,69.0,79.5,inferred
Brentwood,2021-10-14,32.0,39.0,44.0,46.0,48.0,50.0,54.0,57.0,60.0,62.0,65.0,71.0,80.0,inferred
Brentwood,2021-10-15,30.5,36.0,41.0,43.0,45.0,48.0,50.0,53.0,57.0,59.0,61.0,66.0,75.5,inferred
Bridgend,2021-07-03,5.0,10.0,13.0,14.0,15.0,17.0,19.0,22.0,24.0,26.0,28.0,33.0,42.0,inferred
Bridgend,2021-07-04,8.0,11.0,15.0,16.0,17.0,20.0,22.0,25.0,27.0,29.0,31.0,36.0,45.0,inferred
Bridgend,2021-07-05,16.0,21.0,26.0,27.8,29.0,32.0,35.0,38.0,42.0,44.0,46.0,51.0,60.0,inferred
Bridgend,2021-07-06,18.0,25.0,29.0,30.0,32.0,35.0,38.0,41.0,44.0,47.0,49.0,57.0,65.0,inferred
Bridgend,2021-07-07,20.0,26.0,31.0,32.0,34.0,38.0,41.0,44.0,47.0,50.0,52.0,59.0,69.0,inferred
Bridgend,2021-07-08,21.5,28.0,33.0,35.0,37.0,41.0,44.0,47.0,51.0,53.0,55.0,61.0,73.0,inferred
Bridgend,2021-07-09,20.0,27.0,31.0,33.0,35.0,38.0,42.0,45.0,49.0,50.0,53.0,60.0,69.0,inferred
Bridgend,2021-07-10,17.0,24.0,29.0,30.0,32.0,35.0,38.0,40.0,44.0,46.0,48.0,54.0,65.0,inferred
Bridgend,2021-07-11,20.0,26.0,31.0,33.0,35.0,37.0,40.0,44.0,47.0,49.0,52.0,58.1,72.0,inferred
Bridgend,2021-07-12,34.0,43.0,49.0,51.0,53.7,58.0,61.0,65.0,69.0,72.0,74.0,82.0,97.0,inferred
Bridgend,2021-07-13,36.0,44.0,50.0,53.0,55.0,59.0,62.0,67.0,71.0,73.0,76.0,83.0,98.0,inferred
Bridgend,2021-07-14,35.0,44.0,50.0,52.0,54.0,57.0,61.5,66.0,71.0,73.0,76.2,85.0,96.0,inferred
Bridgend,2021-07-15,33.0,40.0,46.0,48.0,50.0,54.0,58.0,61.0,66.0,68.0,71.0,79.0,92.0,inferred
Bridgend,2021-07-16,26.0,33.0,38.0,40.0,42.0,46.0,49.0,52.0,56.0,59.0,61.0,68.0,81.5,inferred
Bridgend,2021-07-17,20.0,26.0,31.0,33.0,35.0,37.0,41.0,44.0,48.0,50.0,53.0,59.0,71.0,inferred
Bridgend,2021-07-18,18.0,25.0,30.0,31.0,33.0,36.0,39.0,42.0,46.0,48.0,50.0,56.0,67.5,inferred
Bridgend,2021-07-19,29.0,36.0,41.0,43.0,45.0,49.0,53.0,56.0,60.0,63.0,65.0,73.0,86.0,inferred
Bridgend,2021-07-20,28.0,35.0,40.0,42.0,44.0,47.0,51.0,54.0,58.0,61.0,63.0,71.0,83.0,inferred
Bridgend,2021-07-21,25.0,32.0,37.0,39.0,41.0,45.0,49.0,52.0,56.0,58.0,61.0,67.0,78.5,inferred
Bridgend,2021-07-22,22.0,29.0,34.8,36.0,38.0,41.0,44.0,48.0,52.0,54.0,57.0,63.0,74.5,inferred
Bridgend,2021-07-23,19.0,24.0,28.0,30.0,31.0,34.0,38.0,41.0,44.0,46.0,48.0,55.0,66.0,inferred
Bridgend,2021-07-24,13.0,18.0,22.0,23.0,25.0,28.0,31.0,33.0,37.0,38.0,40.0,47.0,56.0,inferred
Bridgend,2021-07-25,12.0,17.0,20.0,22.0,24.0,27.0,29.0,32.0,35.0,37.0,39.0,45.0,55.0,inferred
Bridgend,2021-07-26,18.0,25.0,29.0,31.0,33.0,36.0,38.5,42.0,46.0,48.0,50.0,57.0,68.5,inferred
Bridgend,2021-07-27,18.0,23.0,27.0,29.0,31.0,34.0,37.0,40.0,44.0,45.0,48.0,54.0,64.0,inferred
Bridgend,2021-07-28,17.0,23.9,28.0,29.0,31.0,33.0,36.0,39.0,43.0,45.0,47.0,53.1,67.0,inferred
Bridgend,2021-07-29,16.0,22.0,26.0,28.0,29.0,32.0,34.5,37.0,40.0,43.0,45.0,52.0,62.5,inferred
Bridgend,2021-07-30,13.0,18.0,21.0,23.0,24.7,27.0,30.0,33.0,35.0,37.0,39.0,45.0,53.0,inferred
Bridgend,2021-07-31,10.0,14.0,17.0,19.0,20.0,22.0,24.0,27.0,30.0,32.0,34.0,40.0,49.0,inferred
Bridgend,2021-08-01,10.0,14.0,17.0,19.0,20.0,22.0,25.0,27.0,30.0,31.0,33.0,39.0,48.0,inferred
Bridgend,2021-08-02,16.0,21.0,25.0,26.0,28.0,31.0,34.0,37.0,40.0,41.0,44.0,50.0,59.0,inferred
Bridgend,2021-08-03,15.0,21.0,25.0,26.0,28.0,30.0,33.0,36.0,40.0,42.0,44.0,51.0,60.0,inferred
Bridgend,2021-08-04,15.0,21.0,25.0,27.0,28.0,31.0,34.0,37.0,40.0,42.0,44.0,51.0,61.0,inferred
Bridgend,2021-08-05,15.0,21.0,25.0,27.0,28.0,31.0,34.0,37.0,40.0,42.0,44.0,50.0,61.0,inferred
Bridgend,2021-08-06,13.0,18.0,22.0,24.0,25.0,28.0,30.0,33.0,36.0,38.0,39.2,46.0,55.0,inferred
Bridgend,2021-08-07,10.0,15.9,19.0,20.0,22.0,24.0,27.0,29.0,32.0,33.0,35.0,40.0,50.0,inferred
Bridgend,2021-08-08,11.0,15.0,19.0,20.0,22.0,24.0,27.0,29.0,32.0,34.0,36.0,41.0,51.0,inferred
Bridgend,2021-08-09,18.0,24.0,28.0,30.0,32.0,34.0,37.0,41.0,45.0,47.0,49.0,56.0,68.0,inferred
Bridgend,2021-08-10,19.0,26.0,30.0,32.0,34.0,37.0,40.0,43.0,46.0,48.0,51.0,58.1,71.0,inferred
Bridgend,2021-08-11,21.0,28.0,33.0,35.0,36.0,40.0,43.0,46.0,50.0,53.0,55.0,62.0,74.0,inferred
Bridgend,2021-08-12,24.0,29.0,34.0,36.0,38.0,41.0,44.0,47.0,51.0,54.0,57.0,63.0,74.0,inferred
Bridgend,2021-08-13,23.0,29.0,33.0,35.0,37.0,40.0,43.0,46.0,50.0,52.0,54.0,59.0,72.0,inferred
Bridgend,2021-08-14,19.0,25.0,30.0,31.0,33.0,36.0,39.0,43.0,46.0,49.0,51.0,58.0,69.0,inferred
Bridgend,2021-08-15,22.0,28.0,33.0,35.0,37.0,40.0,43.0,46.0,50.0,52.0,54.0,61.0,74.0,inferred
Bridgend,2021-08-16,35.0,44.9,51.0,54.0,56.0,60.0,63.0,68.0,73.0,75.0,79.0,87.0,100.5,inferred
Bridgend,2021-08-17,39.0,48.0,54.0,57.0,59.0,63.0,67.0,72.0,77.0,80.0,82.0,91.0,104.0,inferred
Bridgend,2021-08-18,42.0,50.0,58.0,60.0,63.0,67.0,71.0,75.0,80.0,83.0,86.0,95.0,109.5,inferred
Bridgend,2021-08-19,43.0,52.0,58.0,61.0,63.0,67.0,71.0,74.0,79.0,82.0,85.0,94.0,108.5,inferred
Bridgend,2021-08-20,39.0,48.0,53.0,56.0,58.0,62.0,65.0,69.0,73.0,76.0,79.0,86.0,97.0,inferred
Bridgend,2021-08-21,32.0,40.0,45.0,47.0,49.0,53.0,57.0,61.0,65.0,68.0,70.0,78.0,91.0,inferred
Bridgend,2021-08-22,33.0,41.0,47.0,49.0,51.0,55.0,59.0,62.0,66.0,69.0,72.0,81.0,93.5,inferred
Bridgend,2021-08-23,53.0,64.0,71.0,74.0,76.0,81.0,85.0,91.0,95.0,98.0,101.0,110.1,127.5,inferred
Bridgend,2021-08-24,57.0,67.0,74.0,77.0,80.0,83.0,88.0,93.0,99.0,101.0,105.0,116.0,131.5,inferred
Bridgend,2021-08-25,55.5,68.0,75.0,79.0,82.0,86.0,91.0,96.0,102.0,105.0,109.0,118.1,136.0,inferred
Bridgend,2021-08-26,56.0,66.0,74.0,76.0,79.0,84.0,88.0,92.4,98.0,101.0,104.0,113.1,129.0,inferred
Bridgend,2021-08-27,52.0,60.0,67.0,70.0,72.0,77.0,81.0,85.0,90.0,93.0,97.0,104.0,117.0,inferred
Bridgend,2021-08-28,41.5,50.0,56.0,59.0,61.0,65.0,69.0,73.0,78.0,80.0,84.0,93.0,106.0,inferred
Bridgend,2021-08-29,43.0,51.0,57.0,59.0,61.0,66.0,69.0,74.0,78.0,81.2,84.0,92.1,106.5,inferred
Bridgend,2021-08-30,63.5,76.0,84.0,86.0,89.0,95.0,100.0,106.0,112.0,115.0,118.0,130.0,145.0,inferred
Bridgend,2021-08-31,66.0,78.0,86.0,89.0,92.0,97.0,103.0,108.0,114.0,117.0,121.0,130.0,145.0,inferred
Bridgend,2021-09-01,66.5,77.0,86.0,88.0,91.0,96.0,101.0,106.0,112.0,115.0,118.0,128.0,144.0,inferred
Bridgend,2021-09-02,63.0,74.0,83.0,86.0,89.0,94.0,99.0,103.0,109.0,112.0,115.0,125.0,142.0,inferred
Bridgend,2021-09-03,55.5,66.0,73.0,76.0,78.0,83.0,87.0,92.0,97.0,100.0,104.0,114.0,128.5,inferred
Bridgend,2021-09-04,43.5,54.0,60.0,63.0,65.0,69.0,74.0,78.0,83.0,86.0,89.0,97.0,110.5,inferred
Bridgend,2021-09-05,43.0,53.9,60.0,63.0,65.0,70.0,74.0,79.0,85.0,87.0,90.0,98.0,112.5,inferred
Bridgend,2021-09-06,66.0,77.0,85.0,88.0,91.0,96.0,101.0,108.0,112.0,115.0,119.0,127.0,146.0,inferred
Bridgend,2021-09-07,65.0,77.0,86.0,89.0,92.0,96.0,101.0,107.0,112.0,115.0,119.0,128.0,143.5,inferred
Bridgend,2021-09-08,64.0,75.0,83.8,86.0,89.0,94.0,98.0,103.0,110.0,113.0,117.0,128.0,143.0,inferred
Bridgend,2021-09-09,63.0,72.0,79.0,82.0,84.0,90.0,95.0,100.0,105.0,109.0,112.0,121.0,133.5,inferred
Bridgend,2021-09-10,53.0,62.0,69.0,72.0,74.0,79.0,84.0,89.0,94.0,97.0,99.0,109.0,123.0,inferred
Bridgend,2021-09-11,42.0,51.0,57.0,60.0,62.0,66.0,70.0,75.0,80.0,82.0,85.0,94.0,108.0,inferred
Bridgend,2021-09-12,42.0,52.0,57.0,60.0,62.0,66.0,71.0,75.0,80.0,83.0,86.0,94.1,108.0,inferred
Bridgend,2021-09-13,65.0,75.0,82.0,85.0,88.0,92.6,98.0,103.0,108.0,111.2,116.0,125.0,140.0,inferred
Bridgend,2021-09-14,66.0,77.0,85.0,88.0,91.0,96.0,101.0,107.0,112.0,115.0,119.0,130.0,148.0,inferred
Bridgend,2021-09-15,72.0,82.0,89.8,92.0,94.0,100.0,106.0,111.0,117.0,120.0,123.0,133.0,148.5,inferred
Bridgend,2021-09-16,70.0,83.9,90.0,94.0,97.0,103.0,108.0,113.0,118.0,122.0,126.0,135.0,149.5,inferred
Bridgend,2021-09-17,65.0,76.0,84.0,86.0,89.0,95.0,100.0,105.0,110.0,113.0,118.0,128.0,143.0,inferred
Bridgend,2021-09-18,56.0,66.0,73.0,76.0,78.0,83.0,87.0,92.0,97.0,100.0,104.0,112.1,129.5,inferred
Bridgend,2021-09-19,58.0,70.0,78.0,81.0,84.0,89.0,94.0,99.0,105.0,107.0,110.0,119.0,133.0,inferred
Bridgend,2021-09-20,93.0,107.0,117.0,121.0,124.0,130.0,136.0,141.0,148.0,152.0,156.0,169.0,184.0,inferred
Bridgend,2021-09-21,93.0,107.0,118.0,121.0,124.0,130.0,135.0,142.0,149.0,153.0,158.0,170.0,193.0,inferred
Bridgend,2021-09-22,91.0,102.0,113.0,116.0,120.0,126.0,131.0,138.0,144.0,147.0,151.0,163.0,178.0,inferred
Bridgend,2021-09-23,84.5,96.0,104.0,108.0,111.0,116.0,121.0,126.4,132.0,136.0,140.0,150.0,165.0,inferred
Bridgend,2021-09-24,65.5,78.0,86.0,89.0,92.0,98.0,103.0,108.0,114.0,117.0,121.0,131.0,146.0,inferred
Bridgend,2021-09-25,53.0,62.0,69.0,72.0,74.7,79.0,83.5,89.0,94.0,97.0,100.0,109.0,125.0,inferred
Bridgend,2021-09-26,51.0,59.0,65.0,68.0,71.0,75.0,79.0,84.0,90.0,93.0,96.0,105.0,119.0,inferred
Bridgend,2021-09-27,71.0,81.0,90.0,93.0,96.0,100.0,105.5,111.0,117.0,120.0,124.0,134.0,151.0,inferred
Bridgend,2021-09-28,66.0,80.0,89.0,92.0,94.0,100.0,105.0,110.0,115.0,118.0,121.2,131.0,147.0,inferred
Bridgend,2021-09-29,64.5,76.9,85.0,88.0,90.0,96.0,101.0,107.0,113.0,116.0,119.0,130.0,147.5,inferred
Bridgend,2021-09-30,62.5,73.0,80.0,83.0,86.0,91.0,95.5,100.0,105.0,108.0,112.0,121.0,135.5,inferred
Bridgend,2021-10-01,53.0,62.0,68.0,71.0,73.7,78.0,83.0,87.0,92.0,95.0,99.0,108.0,121.0,inferred
Bridgend,2021-10-02,42.0,51.0,57.0,59.8,62.0,67.0,71.0,74.0,79.0,82.0,86.0,92.0,105.0,inferred
Bridgend,2021-10-03,41.0,49.0,55.0,58.0,60.0,65.0,69.0,73.0,77.0,80.0,83.0,92.0,105.0,inferred
Bridgend,2021-10-04,61.0,71.0,79.0,82.0,85.0,89.0,94.0,99.0,104.0,107.0,111.0,121.0,139.0,inferred
Bridgend,2021-10-05,59.0,71.0,79.0,81.0,84.0,89.0,93.0,98.0,103.0,106.0,110.0,119.0,133.0,inferred
Bridgend,2021-10-06,59.0,70.0,77.0,79.0,82.0,87.0,92.0,96.0,102.3,105.0,109.0,117.0,132.5,inferred
Bridgend,2021-10-07,56.0,66.0,74.0,77.0,79.0,84.0,88.0,93.0,98.0,101.0,104.0,113.0,129.0,inferred
Bridgend,2021-10-08,46.5,56.0,63.0,66.0,68.0,72.0,77.0,81.0,87.0,89.0,92.0,101.0,115.5,inferred
Bridgend,2021-10-09,38.0,47.0,53.0,56.0,57.7,62.0,66.0,70.0,74.3,77.0,79.0,88.0,102.0,inferred
Bridgend,2021-10-10,38.0,46.0,52.0,54.0,56.0,60.0,64.0,68.4,73.0,76.0,79.0,86.0,101.0,inferred
Bridgend,2021-10-11,60.0,70.0,77.0,79.0,82.0,87.0,91.0,96.0,101.0,105.0,108.0,119.0,134.0,inferred
Bridgend,2021-10-12,61.0,73.0,82.0,85.0,88.0,93.0,98.0,102.0,109.0,112.0,116.0,125.0,143.0,inferred
Bridgend,2021-10-13,68.0,80.0,90.0,93.0,97.0,102.0,108.0,113.0,119.0,122.2,126.0,138.0,153.5,inferred
Bridgend,2021-10-14,76.0,89.0,97.0,100.0,103.0,109.0,115.0,121.0,127.0,130.0,134.0,145.0,163.0,inferred
Bridgend,2021-10-15,73.0,85.0,94.0,97.0,101.0,106.0,112.0,118.0,124.0,128.0,132.0,144.0,163.0,inferred
Brighton and Hove,2021-07-03,99.0,115.0,124.0,128.0,132.0,138.0,144.0,151.0,157.0,160.0,165.2,179.0,195.0,inferred
Brighton and Hove,2021-07-04,106.5,122.0,131.0,136.0,139.0,144.0,151.0,158.0,165.0,169.0,174.0,186.0,209.5,inferred
Brighton and Hove,2021-07-05,151.0,169.0,182.0,187.0,190.7,199.0,206.0,213.0,221.0,226.0,231.0,246.0,268.0,inferred
Brighton and Hove,2021-07-06,150.0,168.0,178.0,183.0,187.0,194.0,201.0,209.0,218.0,223.0,228.0,243.0,267.0,inferred
Brighton and Hove,2021-07-07,152.0,172.0,184.0,189.0,194.0,201.0,209.0,216.0,225.0,230.0,235.0,248.1,273.0,inferred
Brighton and Hove,2021-07-08,149.0,167.0,179.0,183.0,187.0,195.0,203.0,210.0,218.0,223.2,229.0,243.0,268.0,inferred
Brighton and Hove,2021-07-09,143.0,159.0,172.0,176.0,179.0,187.0,194.0,201.0,209.3,214.0,219.0,233.0,257.0,inferred
Brighton and Hove,2021-07-10,120.5,138.9,149.0,153.0,156.0,163.0,170.5,177.0,185.0,189.0,194.0,205.0,232.0,inferred
Brighton and Hove,2021-07-11,131.0,148.0,158.8,163.0,166.0,174.0,180.0,188.0,196.0,200.0,205.0,218.1,243.0,inferred
Brighton and Hove,2021-07-12,188.0,210.0,223.0,229.0,233.0,243.0,251.0,260.0,271.0,276.0,283.0,300.0,324.5,inferred
Brighton and Hove,2021-07-13,181.0,202.0,213.0,219.0,226.0,235.0,244.0,253.0,262.0,267.0,273.0,289.0,313.5,inferred
Brighton and Hove,2021-07-14,176.5,197.0,211.0,216.0,222.0,231.0,240.0,248.0,257.0,263.0,268.0,286.0,309.0,inferred
Brighton and Hove,2021-07-15,160.0,180.0,193.0,198.0,204.0,211.0,220.0,228.0,237.0,242.0,248.0,264.1,292.0,inferred
Brighton and Hove,2021-07-16,145.0,161.0,172.0,177.0,180.0,189.6,197.0,205.0,213.0,217.0,223.0,238.1,263.0,inferred
Brighton and Hove,2021-07-17,116.0,132.0,142.0,147.0,150.0,157.0,164.0,171.0,178.0,182.0,188.0,202.0,224.0,inferred
Brighton and Hove,2021-07-18,114.0,127.0,140.0,143.0,147.0,154.0,161.0,168.0,175.0,181.0,186.0,198.0,224.0,inferred
Brighton and Hove,2021-07-19,152.0,173.0,185.0,190.0,195.0,204.0,211.0,220.0,228.0,233.0,239.0,254.0,279.5,inferred
Brighton and Hove,2021-07-20,140.0,159.0,172.0,177.0,181.0,190.0,197.0,204.0,213.0,217.0,223.0,238.0,265.0,inferred
Brighton and Hove,2021-07-21,140.5,155.9,167.0,172.0,177.0,184.6,192.0,200.0,209.0,213.0,219.0,234.0,257.0,inferred
Brighton and Hove,2021-07-22,123.0,141.0,153.0,157.0,162.0,170.0,176.5,184.0,192.0,196.0,202.0,216.0,237.0,inferred
Brighton and Hove,2021-07-23,110.5,125.0,135.0,139.0,143.0,149.0,156.0,163.0,171.0,175.0,180.0,193.1,215.0,inferred
Brighton and Hove,2021-07-24,88.0,101.0,110.0,114.0,117.0,123.0,129.0,135.0,142.3,147.0,152.0,163.0,183.0,inferred
Brighton and Hove,2021-07-25,84.0,97.0,107.0,110.0,114.0,120.0,126.0,132.0,139.0,142.0,146.0,159.0,179.0,inferred
Brighton and Hove,2021-07-26,116.5,132.0,144.0,148.0,152.0,159.0,166.0,174.0,182.0,186.0,191.0,204.0,225.5,inferred
Brighton and Hove,2021-07-27,111.0,127.0,138.8,143.0,147.0,154.0,163.0,170.0,178.0,182.0,187.0,202.0,224.0,inferred
Brighton and Hove,2021-07-28,119.0,136.0,148.0,152.8,156.0,163.0,170.0,178.0,186.0,191.0,195.0,207.0,229.5,inferred
Brighton and Hove,2021-07-29,121.0,136.0,147.0,153.0,157.0,164.0,172.0,179.0,187.0,191.0,196.0,210.0,230.0,inferred
Brighton and Hove,2021-07-30,116.5,133.0,144.0,147.0,151.0,158.6,166.0,173.0,180.0,184.0,189.0,203.0,225.0,inferred
Brighton and Hove,2021-07-31,99.0,115.0,125.0,129.0,133.0,140.0,147.0,153.0,161.0,165.0,169.0,183.1,200.5,inferred
Brighton and Hove,2021-08-01,109.0,125.0,134.8,139.0,143.0,151.0,157.0,164.4,173.0,177.0,181.0,194.0,216.0,inferred
Brighton and Hove,2021-08-02,157.0,177.0,191.0,196.0,201.7,211.0,219.0,227.0,237.0,241.0,247.2,263.0,289.0,inferred
Brighton and Hove,2021-08-03,156.0,175.0,188.0,194.0,199.0,207.0,215.0,223.4,232.0,238.0,244.0,258.0,283.0,inferred
Brighton and Hove,2021-08-04,159.5,178.0,191.0,196.0,201.7,209.0,217.0,224.0,233.0,237.0,244.0,260.0,281.5,inferred
Brighton and Hove,2021-08-05,149.0,167.0,179.0,183.0,188.0,195.6,203.0,211.0,220.0,225.0,231.0,245.0,270.0,inferred
Brighton and Hove,2021-08-06,134.0,150.0,163.0,168.0,172.0,179.0,187.0,195.0,203.0,209.0,214.2,230.0,254.0,inferred
Brighton and Hove,2021-08-07,110.0,124.9,135.0,140.0,144.0,151.0,158.0,164.0,172.0,177.0,182.0,194.0,219.0,inferred
Brighton and Hove,2021-08-08,114.0,129.0,139.0,144.0,148.0,155.0,161.0,168.0,176.0,181.0,185.2,199.0,219.5,inferred
Brighton and Hove,2021-08-09,156.5,174.0,187.8,193.0,196.0,205.0,214.0,222.0,232.0,237.0,243.0,259.0,285.0,inferred
Brighton and Hove,2021-08-10,150.0,168.0,181.0,186.0,190.0,198.0,207.0,216.0,223.0,228.0,233.0,248.0,270.0,inferred
Brighton and Hove,2021-08-11,153.0,169.0,181.0,185.0,190.0,198.0,206.0,213.0,222.0,228.0,234.0,248.1,270.5,inferred
Brighton and Hove,2021-08-12,144.0,159.0,171.0,177.0,181.0,189.0,197.0,205.0,213.0,218.0,223.0,238.0,262.0,inferred
Brighton and Hove,2021-08-13,129.0,145.0,157.0,162.0,165.0,173.0,182.0,188.0,196.0,201.0,206.0,220.0,240.5,inferred
Brighton and Hove,2021-08-14,105.0,121.9,131.0,135.0,140.0,147.0,152.0,159.0,167.0,172.0,177.0,191.0,212.0,inferred
Brighton and Hove,2021-08-15,108.0,123.0,135.0,139.0,143.0,150.0,156.0,163.0,171.0,175.0,180.0,192.0,212.5,inferred
Brighton and Hove,2021-08-16,149.0,169.9,182.0,188.0,192.0,201.0,209.0,218.0,226.0,231.0,237.0,254.0,277.5,inferred
Brighton and Hove,2021-08-17,143.0,162.0,171.8,176.0,181.0,189.0,196.0,204.0,213.0,218.2,224.0,239.0,265.0,inferred
Brighton and Hove,2021-08-18,136.0,154.0,166.0,171.0,175.0,183.0,190.0,198.0,206.0,211.0,216.0,233.0,256.5,inferred
Brighton and Hove,2021-08-19,120.0,139.0,151.0,156.0,159.0,167.0,174.0,182.0,189.0,194.0,199.0,213.0,233.0,inferred
Brighton and Hove,2021-08-20,107.0,121.0,132.0,137.0,141.0,147.0,154.0,160.4,168.3,173.0,177.0,189.0,212.0,inferred
Brighton and Hove,2021-08-21,81.0,95.0,105.0,109.0,113.7,120.0,126.5,133.0,140.0,144.0,147.0,158.0,176.5,inferred
Brighton and Hove,2021-08-22,81.5,95.0,105.0,109.0,112.0,118.0,124.0,130.0,137.0,142.0,147.0,159.0,179.0,inferred
Brighton and Hove,2021-08-23,111.0,126.0,136.8,142.0,145.0,152.0,158.0,165.0,174.0,178.0,183.0,198.0,221.0,inferred
Brighton and Hove,2021-08-24,101.0,117.0,128.8,133.0,137.0,144.0,152.0,158.4,166.0,169.0,173.0,186.0,205.0,inferred
Brighton and Hove,2021-08-25,99.0,114.0,124.0,128.0,133.0,140.0,147.0,152.0,159.0,164.0,169.0,184.0,207.0,inferred
Brighton and Hove,2021-08-26,92.0,106.0,117.0,121.0,124.0,130.0,137.0,143.0,150.0,154.0,159.0,172.0,193.0,inferred
Brighton and Hove,2021-08-27,84.0,95.9,105.0,109.0,112.0,118.6,125.0,131.0,138.0,142.0,147.0,159.0,178.0,inferred
Brighton and Hove,2021-08-28,68.0,78.0,87.0,91.0,94.0,100.0,105.0,111.0,117.0,120.0,124.0,135.0,150.0,inferred
Brighton and Hove,2021-08-29,65.5,80.0,88.0,91.0,94.0,100.0,105.0,111.0,119.0,122.0,127.0,138.0,159.0,inferred
Brighton and Hove,2021-08-30,96.0,111.0,121.0,126.0,129.0,136.0,142.0,148.0,156.0,160.0,164.0,178.0,198.0,inferred
Brighton and Hove,2021-08-31,89.5,105.0,113.0,117.0,120.0,127.0,133.0,140.0,148.0,153.0,158.0,170.0,191.5,inferred
Brighton and Hove,2021-09-01,85.0,100.0,111.0,115.0,118.0,125.0,131.5,137.0,145.0,148.0,153.0,165.0,183.5,inferred
Brighton and Hove,2021-09-02,81.0,94.0,103.0,106.0,110.0,116.0,122.0,128.0,134.0,138.0,142.0,155.0,173.0,inferred
Brighton and Hove,2021-09-03,72.0,83.0,93.0,97.0,99.0,105.0,110.0,117.0,124.0,127.0,131.2,143.0,161.5,inferred
Brighton and Hove,2021-09-04,55.0,68.0,76.0,79.0,81.0,87.0,91.0,96.0,103.0,107.0,111.0,121.0,137.0,inferred
Brighton and Hove,2021-09-05,57.0,68.0,76.0,79.0,82.0,87.0,92.0,98.0,103.0,106.0,110.0,119.0,134.5,inferred
Brighton and Hove,2021-09-06,75.0,90.9,100.0,104.0,107.0,113.0,119.0,125.4,133.0,137.0,141.0,153.1,174.0,inferred
Brighton and Hove,2021-09-07,70.0,83.9,94.0,97.0,100.0,107.0,111.0,117.0,124.0,127.2,132.0,144.0,161.5,inferred
Brighton and Hove,2021-09-08,67.0,82.0,89.0,93.0,96.0,102.6,107.0,113.0,121.0,124.0,128.0,140.0,157.0,inferred
Brighton and Hove,2021-09-09,58.0,68.0,77.0,81.0,84.0,90.0,95.0,100.0,107.0,111.0,114.0,124.1,142.0,inferred
Brighton and Hove,2021-09-10,49.5,59.9,67.0,71.0,74.0,79.0,84.0,89.0,94.0,97.0,101.0,112.0,129.5,inferred
Brighton and Hove,2021-09-11,37.0,47.0,54.0,57.0,59.0,64.0,68.0,72.0,77.0,80.0,84.0,93.0,110.0,inferred
Brighton and Hove,2021-09-12,37.0,46.0,52.0,55.0,57.0,62.0,66.0,70.0,75.0,78.0,81.0,89.0,106.0,inferred
Brighton and Hove,2021-09-13,48.0,60.0,68.0,71.0,73.0,78.0,83.0,89.0,94.0,97.0,101.0,111.0,125.0,inferred
Brighton and Hove,2021-09-14,48.0,57.0,65.0,67.0,70.0,75.0,80.0,85.0,91.0,94.0,98.0,107.0,125.0,inferred
Brighton and Hove,2021-09-15,48.0,60.0,68.0,71.0,74.0,79.0,84.0,89.0,94.0,98.0,101.0,113.0,129.5,inferred
Brighton and Hove,2021-09-16,49.0,59.0,67.0,70.0,72.0,77.0,82.0,87.0,92.0,96.0,99.0,108.0,124.0,inferred
Brighton and Hove,2021-09-17,46.0,56.0,64.0,67.0,70.0,74.6,79.0,84.0,90.0,93.0,96.0,105.0,119.5,inferred
Brighton and Hove,2021-09-18,40.0,50.0,57.0,60.0,62.0,66.0,71.0,75.0,80.0,84.0,87.0,97.0,113.0,inferred
Brighton and Hove,2021-09-19,45.0,54.0,60.0,63.0,66.0,71.0,75.0,80.0,86.0,89.0,92.0,101.0,118.0,inferred
Brighton and Hove,2021-09-20,67.0,78.9,88.0,91.0,94.0,99.0,105.0,111.0,117.0,120.0,124.0,135.0,153.0,inferred
Brighton and Hove,2021-09-21,63.0,75.0,84.0,87.8,91.0,96.6,102.0,108.4,115.0,117.2,122.0,134.0,151.0,inferred
Brighton and Hove,2021-09-22,65.0,79.0,87.0,90.0,94.0,99.0,104.0,110.0,117.0,120.0,124.0,135.0,152.0,inferred
Brighton and Hove,2021-09-23,62.0,72.0,81.8,85.0,88.0,94.0,100.0,105.0,111.0,114.2,119.0,130.0,146.0,inferred
Brighton and Hove,2021-09-24,56.0,68.0,76.0,80.0,83.0,87.0,92.0,97.0,103.0,107.0,111.0,121.0,138.0,inferred
Brighton and Hove,2021-09-25,46.0,57.0,65.0,68.0,70.0,75.0,79.0,84.0,88.0,91.0,94.0,105.0,120.5,inferred
Brighton and Hove,2021-09-26,47.0,59.0,65.0,69.0,71.7,76.0,82.0,87.0,92.0,95.0,99.0,109.0,125.5,inferred
Brighton and Hove,2021-09-27,70.0,83.0,91.0,94.0,98.0,104.0,110.0,116.0,122.0,126.0,130.0,143.0,162.5,inferred
Brighton and Hove,2021-09-28,64.5,80.0,89.0,92.0,95.0,101.0,107.0,113.0,119.0,123.0,127.0,137.1,155.0,inferred
Brighton and Hove,2021-09-29,68.5,80.0,88.0,92.0,95.0,101.0,106.0,111.4,117.0,121.0,125.0,137.0,156.0,inferred
Brighton and Hove,2021-09-30,64.0,74.9,83.0,86.0,89.0,95.0,100.0,106.0,112.0,116.0,120.0,131.0,151.0,inferred
Brighton and Hove,2021-10-01,55.0,67.0,75.0,78.0,81.0,86.0,91.0,96.0,102.0,105.0,108.0,119.0,136.0,inferred
Brighton and Hove,2021-10-02,45.0,56.0,64.0,66.0,69.0,74.0,78.0,84.0,89.0,91.0,94.2,103.0,118.5,inferred
Brighton and Hove,2021-10-03,50.0,59.0,66.0,70.0,72.0,76.0,81.0,85.0,90.0,94.0,97.0,108.0,128.5,inferred
Brighton and Hove,2021-10-04,68.0,81.0,90.0,93.0,97.0,103.0,109.0,114.0,121.0,124.0,128.0,140.0,157.0,inferred
Brighton and Hove,2021-10-05,67.0,81.0,89.0,92.0,95.0,101.0,106.0,112.0,119.0,122.0,126.0,138.0,156.0,inferred
Brighton and Hove,2021-10-06,71.5,84.0,93.0,96.0,99.0,106.0,112.0,117.0,123.0,127.0,132.0,144.0,162.0,inferred
Brighton and Hove,2021-10-07,69.0,84.0,92.0,95.0,99.0,104.0,111.0,117.0,123.0,127.0,131.0,143.0,160.0,inferred
Brighton and Hove,2021-10-08,67.5,81.0,89.0,92.0,95.0,101.0,107.0,113.0,119.0,123.0,127.0,137.0,157.5,inferred
Brighton and Hove,2021-10-09,60.0,71.0,79.0,82.0,85.0,90.0,95.0,100.0,107.0,110.0,114.0,125.1,141.5,inferred
Brighton and Hove,2021-10-10,63.0,76.0,84.0,87.0,90.0,96.0,101.0,107.4,113.0,117.0,121.0,132.0,148.5,inferred
Brighton and Hove,2021-10-11,96.0,110.0,122.0,126.0,130.0,137.0,143.0,150.0,157.0,161.0,166.0,180.0,198.0,inferred
Brighton and Hove,2021-10-12,98.0,111.0,121.0,125.0,129.0,135.0,142.0,149.0,157.0,161.0,165.0,177.1,199.0,inferred
Brighton and Hove,2021-10-13,100.0,117.0,127.0,132.0,136.0,143.0,149.0,155.0,162.0,166.0,171.0,186.0,207.0,inferred
Brighton and Hove,2021-10-14,98.0,112.0,123.0,127.0,131.0,138.0,145.0,152.0,161.0,166.0,171.0,182.1,203.0,inferred
Brighton and Hove,2021-10-15,90.5,108.0,119.0,122.0,126.0,133.0,140.0,148.0,156.0,161.0,166.0,180.0,200.0,inferred
"Bristol, City of",2021-07-03,154.0,181.9,205.0,214.0,222.0,237.0,250.0,267.0,281.3,290.0,301.0,335.1,390.5,inferred
"Bristol, City of",2021-07-04,171.0,202.0,226.0,233.0,241.0,256.0,271.0,288.4,307.0,317.0,330.0,359.0,403.5,inferred
"Bristol, City of",2021-07-05,261.0,301.0,331.0,342.0,350.7,371.0,392.0,409.0,430.0,442.0,456.0,493.1,547.0,inferred
"Bristol, City of",2021-07-06,278.0,326.9,356.0,365.0,376.0,397.0,415.0,434.0,454.0,466.0,479.0,517.1,576.5,inferred
"Bristol, City of",2021-07-07,288.5,335.0,367.0,380.0,389.0,408.0,426.5,448.4,470.0,483.0,496.2,544.0,602.0,inferred
"Bristol, City of",2021-07-08,306.5,350.9,382.0,394.0,407.0,427.0,445.5,467.4,488.0,500.0,512.0,551.0,624.0,inferred
"Bristol, City of",2021-07-09,296.5,339.0,369.0,380.0,392.7,411.0,429.0,449.0,473.0,486.0,502.0,538.1,601.1,inferred
"Bristol, City of",2021-07-10,254.0,294.9,320.0,331.0,342.0,358.0,376.0,397.0,418.3,431.0,444.0,482.0,543.0,inferred
"Bristol, City of",2021-07-11,286.5,329.0,357.8,370.0,380.0,400.0,421.0,440.4,464.3,479.0,494.0,530.0,604.1,inferred
"Bristol, City of",2021-07-12,421.0,489.0,530.0,544.0,559.0,583.0,608.0,635.0,663.3,678.0,690.0,743.0,817.5,inferred
"Bristol, City of",2021-07-13,444.0,503.0,541.8,559.0,572.0,600.0,625.0,654.0,682.3,698.2,714.0,773.0,859.5,inferred
"Bristol, City of",2021-07-14,424.0,476.9,516.0,530.0,544.0,567.0,592.5,617.0,645.0,655.2,675.0,722.2,796.5,inferred
"Bristol, City of",2021-07-15,391.4,444.0,477.0,492.0,505.0,527.0,551.0,576.0,601.0,617.0,633.0,680.0,738.0,inferred
"Bristol, City of",2021-07-16,338.0,382.0,412.0,426.0,438.0,458.6,479.0,502.4,528.0,542.0,560.0,598.1,662.5,inferred
"Bristol, City of",2021-07-17,256.0,297.0,324.0,336.8,347.7,367.0,386.0,404.0,427.0,438.0,451.0,490.0,541.0,inferred
"Bristol, City of",2021-07-18,240.5,280.0,315.0,326.0,336.0,356.0,377.0,395.4,418.0,431.0,447.2,485.0,546.5,inferred
"Bristol, City of",2021-07-19,338.0,384.9,423.8,436.0,447.0,472.0,491.0,517.0,540.0,554.0,570.0,616.0,690.0,inferred
"Bristol, City of",2021-07-20,324.0,373.9,402.0,415.8,427.0,451.0,471.0,493.0,516.0,531.0,548.0,592.0,658.0,inferred
"Bristol, City of",2021-07-21,286.0,325.9,362.0,375.0,385.0,405.0,425.0,447.0,471.0,481.2,497.0,539.0,600.0,inferred
"Bristol, City of",2021-07-22,251.5,295.0,322.0,332.8,342.0,360.6,380.5,399.0,421.0,433.2,447.0,487.0,552.5,inferred
"Bristol, City of",2021-07-23,210.0,246.9,271.0,278.0,289.0,305.6,320.5,338.0,357.0,369.0,379.0,412.0,466.5,inferred
"Bristol, City of",2021-07-24,141.0,174.0,198.0,207.0,216.0,230.0,244.5,258.0,277.3,289.0,300.0,328.0,379.5,inferred
"Bristol, City of",2021-07-25,136.0,169.0,190.0,197.0,204.0,218.0,232.0,249.0,266.0,274.0,284.0,313.0,364.6,inferred
"Bristol, City of",2021-07-26,178.0,212.0,236.0,246.0,255.0,272.0,291.0,310.0,328.0,339.0,353.0,387.0,444.5,inferred
"Bristol, City of",2021-07-27,169.5,205.0,230.0,241.0,252.0,269.0,284.5,300.0,318.0,329.0,341.0,373.0,426.0,inferred
"Bristol, City of",2021-07-28,173.5,208.0,230.0,241.0,249.0,266.0,282.0,299.0,318.0,329.0,340.0,368.0,428.0,inferred
"Bristol, City of",2021-07-29,170.0,202.0,226.0,235.0,241.0,257.0,273.0,288.0,306.3,317.0,330.0,353.0,403.0,inferred
"Bristol, City of",2021-07-30,144.0,181.0,204.8,214.0,223.0,236.0,252.0,266.0,282.0,291.0,304.0,332.0,379.0,inferred
"Bristol, City of",2021-07-31,116.5,147.0,166.0,175.0,183.0,197.0,208.0,221.0,238.0,246.0,258.2,286.0,329.5,inferred
"Bristol, City of",2021-08-01,127.5,155.0,176.0,183.8,192.0,206.6,220.0,233.0,249.3,259.0,271.0,298.0,351.0,inferred
"Bristol, City of",2021-08-02,180.5,224.0,247.0,258.0,268.0,283.0,300.0,317.0,336.0,347.0,361.0,394.0,451.5,inferred
"Bristol, City of",2021-08-03,184.0,221.0,248.0,260.0,270.0,289.0,306.0,324.0,342.0,353.0,367.0,402.0,467.0,inferred
"Bristol, City of",2021-08-04,184.5,215.0,242.0,253.0,261.0,278.0,293.0,310.0,330.0,339.0,352.0,383.1,449.5,inferred
"Bristol, City of",2021-08-05,173.0,209.0,233.0,242.8,251.0,267.6,284.0,302.4,321.0,329.0,340.0,371.0,424.0,inferred
"Bristol, City of",2021-08-06,158.5,189.0,208.0,218.0,225.0,244.0,259.0,276.0,292.0,301.0,313.0,346.0,393.5,inferred
"Bristol, City of",2021-08-07,123.0,151.9,172.0,181.0,188.0,201.0,214.0,228.0,242.0,252.0,262.0,294.0,343.0,inferred
"Bristol, City of",2021-08-08,121.0,154.0,175.0,183.0,190.0,205.0,219.0,234.0,250.0,260.0,272.0,297.1,344.5,inferred
"Bristol, City of",2021-08-09,188.5,221.0,246.0,255.8,265.0,280.0,296.0,314.0,335.0,346.0,360.2,396.0,449.5,inferred
"Bristol, City of",2021-08-10,193.5,224.0,251.0,262.0,270.0,287.0,301.0,318.0,340.0,351.0,364.0,405.0,463.5,inferred
"Bristol, City of",2021-08-11,185.0,221.0,248.8,257.0,266.0,283.0,298.0,317.0,335.0,346.0,356.0,386.1,435.0,inferred
"Bristol, City of",2021-08-12,184.5,218.0,243.0,252.0,261.0,279.0,295.0,313.0,333.0,343.0,356.0,384.0,442.6,inferred
"Bristol, City of",2021-08-13,168.0,201.0,224.0,232.0,240.7,255.0,272.0,289.0,309.3,318.0,330.0,358.0,415.5,inferred
"Bristol, City of",2021-08-14,131.5,162.0,184.0,191.0,200.0,214.6,228.0,242.4,260.0,269.0,278.0,309.0,358.0,inferred
"Bristol, City of",2021-08-15,141.5,173.0,192.0,200.0,209.0,223.0,238.0,254.0,270.0,277.0,289.0,318.0,362.5,inferred
"Bristol, City of",2021-08-16,204.0,241.9,266.0,275.8,286.7,305.0,325.0,343.0,362.0,373.0,387.0,419.0,483.0,inferred
"Bristol, City of",2021-08-17,213.0,245.0,273.0,282.0,294.0,314.0,332.0,350.0,369.0,381.0,394.0,431.0,499.0,inferred
"Bristol, City of",2021-08-18,198.0,233.0,261.0,274.0,284.0,302.6,318.0,335.0,354.0,366.0,377.0,412.0,465.1,inferred
"Bristol, City of",2021-08-19,195.0,230.0,252.0,263.0,273.0,291.0,308.0,323.4,343.0,353.0,366.0,399.0,461.0,inferred
"Bristol, City of",2021-08-20,170.0,207.9,229.8,238.0,247.0,264.0,278.0,294.0,313.0,322.0,331.0,363.0,422.5,inferred
"Bristol, City of",2021-08-21,130.0,163.0,185.0,192.0,199.0,212.6,227.0,240.4,260.0,271.0,282.0,313.1,358.5,inferred
"Bristol, City of",2021-08-22,136.0,167.0,186.0,195.0,202.0,219.0,234.0,247.0,264.0,273.0,285.0,311.0,356.0,inferred
"Bristol, City of",2021-08-23,190.5,226.0,257.0,268.0,279.0,295.6,312.0,329.0,347.0,359.2,371.0,406.1,471.5,inferred
"Bristol, City of",2021-08-24,195.5,234.0,259.0,270.0,278.0,296.0,314.0,330.0,349.0,361.0,374.2,414.0,475.0,inferred
"Bristol, City of",2021-08-25,192.0,227.0,251.0,260.0,269.0,287.0,301.5,319.0,338.0,349.0,362.0,395.1,454.5,inferred
"Bristol, City of",2021-08-26,185.0,221.0,250.0,257.0,266.0,283.0,298.0,315.0,335.3,345.2,356.0,390.0,455.5,inferred
"Bristol, City of",2021-08-27,167.0,201.0,220.0,228.8,237.0,253.0,269.0,284.0,302.3,312.0,325.0,359.0,417.0,inferred
"Bristol, City of",2021-08-28,124.5,154.0,175.0,183.8,192.0,207.6,223.0,240.0,256.0,266.0,276.0,306.0,349.6,inferred
"Bristol, City of",2021-08-29,135.0,167.0,185.0,194.0,201.0,214.0,228.0,241.0,257.3,267.0,276.0,305.0,360.5,inferred
"Bristol, City of",2021-08-30,190.5,229.0,255.0,266.0,276.0,293.0,310.5,329.0,348.0,359.0,373.0,408.0,470.0,inferred
"Bristol, City of",2021-08-31,189.5,225.9,250.0,260.0,270.0,287.6,305.0,324.0,344.0,353.0,366.0,402.0,454.5,inferred
"Bristol, City of",2021-09-01,176.0,210.0,232.0,241.0,250.0,266.0,281.0,298.4,318.0,329.0,341.0,373.0,423.1,inferred
"Bristol, City of",2021-09-02,151.0,185.0,208.0,217.0,226.0,238.0,255.0,270.0,288.0,297.0,309.2,340.1,397.0,inferred
"Bristol, City of",2021-09-03,121.0,150.0,171.0,179.0,188.0,201.6,216.0,228.4,243.0,252.0,264.0,292.1,340.5,inferred
"Bristol, City of",2021-09-04,83.0,110.0,126.0,133.0,139.0,150.0,162.5,176.0,193.0,201.2,211.0,235.0,284.0,inferred
"Bristol, City of",2021-09-05,80.5,105.0,122.8,130.0,136.0,149.0,160.0,173.0,187.0,194.0,202.2,228.1,275.5,inferred
"Bristol, City of",2021-09-06,114.0,141.0,161.0,169.0,176.0,190.0,203.5,218.4,234.0,243.0,254.0,285.0,340.0,inferred
"Bristol, City of",2021-09-07,99.5,129.0,147.0,155.0,162.0,175.0,190.0,205.0,219.0,230.0,240.0,271.1,316.5,inferred
"Bristol, City of",2021-09-08,86.5,111.0,127.0,135.0,142.0,154.0,165.0,178.0,195.0,202.0,211.2,237.1,274.5,inferred
"Bristol, City of",2021-09-09,71.0,95.0,112.0,119.0,126.0,138.0,149.0,160.0,172.0,179.0,188.0,213.0,255.5,inferred
"Bristol, City of",2021-09-10,54.0,71.0,86.0,92.0,98.0,108.0,119.0,129.4,141.0,149.0,156.0,177.0,227.0,inferred
"Bristol, City of",2021-09-11,34.0,50.0,61.0,65.0,71.0,79.0,87.0,96.0,106.0,113.0,120.0,141.0,173.5,inferred
"Bristol, City of",2021-09-12,32.5,45.0,56.0,60.0,64.0,72.6,81.0,89.4,100.0,106.0,112.0,131.0,166.5,inferred
"Bristol, City of",2021-09-13,42.0,57.0,70.0,75.0,80.0,90.0,99.0,110.0,122.0,129.0,136.0,157.0,198.0,inferred
"Bristol, City of",2021-09-14,42.0,59.0,74.0,80.0,84.0,93.0,102.0,112.0,123.0,130.0,138.0,161.0,196.0,inferred
"Bristol, City of",2021-09-15,45.0,61.9,74.0,80.0,86.0,96.0,104.0,115.0,127.0,134.0,142.0,164.0,195.0,inferred
"Bristol, City of",2021-09-16,52.5,68.0,81.0,86.8,92.0,101.0,112.0,123.0,134.0,141.0,148.0,169.0,206.5,inferred
"Bristol, City of",2021-09-17,48.0,62.0,75.0,81.0,87.0,97.0,107.0,116.0,128.0,135.0,143.0,166.0,208.6,inferred
"Bristol, City of",2021-09-18,39.0,55.0,67.0,71.0,76.0,85.0,95.0,104.0,115.0,124.0,131.0,149.0,187.5,inferred
"Bristol, City of",2021-09-19,46.0,61.0,74.0,79.8,85.0,95.0,105.0,114.0,127.0,132.0,141.0,160.0,202.6,inferred
"Bristol, City of",2021-09-20,72.0,94.0,112.0,120.0,126.7,138.0,149.0,161.0,176.0,185.0,195.0,222.1,267.5,inferred
"Bristol, City of",2021-09-21,82.0,103.0,119.0,125.0,131.0,143.0,154.0,166.0,182.0,191.0,201.0,229.0,279.6,inferred
"Bristol, City of",2021-09-22,75.0,99.0,116.0,122.0,128.0,140.0,151.0,163.0,176.0,184.0,193.0,221.0,266.5,inferred
"Bristol, City of",2021-09-23,73.0,92.0,107.0,114.0,121.0,132.0,144.0,156.0,168.0,175.0,183.0,206.0,250.5,inferred
"Bristol, City of",2021-09-24,62.0,81.0,95.0,101.0,108.0,117.0,128.0,140.0,151.0,157.0,164.0,187.0,236.0,inferred
"Bristol, City of",2021-09-25,46.0,62.0,75.0,81.0,86.0,95.0,104.0,113.0,126.0,133.0,139.0,161.0,194.0,inferred
"Bristol, City of",2021-09-26,44.0,64.0,76.0,82.0,87.0,97.0,106.0,116.0,127.0,134.0,142.0,162.1,196.0,inferred
"Bristol, City of",2021-09-27,67.5,90.0,105.0,113.0,119.0,131.0,143.0,155.0,167.0,178.0,185.0,210.1,245.5,inferred
"Bristol, City of",2021-09-28,62.5,87.0,104.0,110.0,116.0,126.0,139.0,150.0,163.0,172.0,180.0,205.1,250.0,inferred
"Bristol, City of",2021-09-29,60.5,80.0,95.0,101.0,107.0,118.0,128.0,138.0,151.0,159.0,166.2,190.0,228.0,inferred
"Bristol, City of",2021-09-30,53.5,69.0,84.0,90.0,95.0,105.0,115.0,125.0,137.0,144.0,152.0,174.1,211.5,inferred
"Bristol, City of",2021-10-01,41.0,58.0,70.0,76.0,80.0,90.0,98.0,107.0,118.0,124.0,132.0,152.0,187.0,inferred
"Bristol, City of",2021-10-02,28.0,40.9,49.0,54.0,59.0,67.0,76.0,83.0,92.3,100.0,107.0,126.0,154.5,inferred
"Bristol, City of",2021-10-03,26.5,39.0,50.0,55.0,58.7,66.0,74.0,83.0,92.3,98.0,106.0,122.1,155.5,inferred
"Bristol, City of",2021-10-04,39.0,55.0,68.0,73.0,77.0,87.0,97.0,107.0,118.0,124.0,131.0,154.1,192.5,inferred
"Bristol, City of",2021-10-05,45.0,59.0,73.0,79.0,84.7,95.0,104.0,114.0,126.0,134.0,142.0,162.0,204.0,inferred
"Bristol, City of",2021-10-06,54.0,72.0,87.0,93.0,99.0,109.0,119.0,130.0,142.0,148.0,157.0,180.0,222.0,inferred
"Bristol, City of",2021-10-07,67.0,88.0,103.0,109.0,114.0,126.0,138.0,151.0,163.0,170.0,179.0,204.1,243.0,inferred
"Bristol, City of",2021-10-08,75.0,95.0,110.0,116.0,123.0,134.0,144.0,157.4,171.0,178.0,187.2,214.0,250.6,inferred
"Bristol, City of",2021-10-09,63.5,87.0,101.0,109.0,115.0,126.0,137.0,150.0,164.0,172.0,180.0,202.1,240.5,inferred
"Bristol, City of",2021-10-10,83.5,108.9,126.0,132.8,139.0,151.0,164.0,178.0,193.0,200.0,208.0,237.0,285.0,inferred
"Bristol, City of",2021-10-11,154.5,187.0,210.0,220.0,229.7,247.0,264.0,282.0,300.0,312.0,322.2,356.0,413.0,inferred
"Bristol, City of",2021-10-12,206.0,240.9,269.8,281.0,289.0,307.6,325.0,343.0,362.0,374.0,386.2,419.0,484.6,inferred
"Bristol, City of",2021-10-13,262.0,305.0,337.0,348.0,359.7,380.0,399.0,421.0,443.0,456.0,468.0,513.0,581.0,inferred
"Bristol, City of",2021-10-14,335.5,390.0,422.0,436.0,449.0,471.0,493.0,514.0,540.0,558.0,572.2,619.0,700.6,inferred
"Bristol, City of",2021-10-15,373.0,442.0,485.0,504.0,520.0,546.0,573.0,599.0,634.0,650.2,666.0,716.1,805.0,inferred
Broadland,2021-07-03,6.0,8.0,10.0,11.0,12.0,14.0,15.0,17.0,19.0,20.0,21.0,24.1,31.0,inferred
Broadland,2021-07-04,8.0,11.0,13.0,15.0,15.0,17.0,18.0,20.0,22.0,23.0,25.0,28.0,34.0,inferred
Broadland,2021-07-05,15.0,19.0,22.0,24.0,25.0,27.0,29.0,31.0,34.0,35.0,37.0,40.0,47.5,inferred
Broadland,2021-07-06,16.5,21.0,24.0,25.0,26.0,28.0,30.0,32.0,34.0,35.0,37.0,41.0,47.5,inferred
Broadland,2021-07-07,19.0,24.0,27.0,29.0,30.0,32.0,34.0,36.0,38.0,40.0,41.0,45.0,52.0,inferred
Broadland,2021-07-08,20.0,25.0,29.0,31.0,32.0,34.0,36.0,39.0,41.0,43.0,44.0,48.0,55.0,inferred
Broadland,2021-07-09,22.0,26.0,29.0,31.0,32.0,34.0,37.0,39.0,41.0,43.0,44.0,48.0,56.0,inferred
Broadland,2021-07-10,20.0,25.0,28.0,29.0,31.0,33.0,35.0,37.0,39.0,40.0,42.0,47.0,54.0,inferred
Broadland,2021-07-11,23.0,29.0,33.0,34.0,35.0,38.0,40.0,43.0,45.0,47.0,48.0,53.0,61.0,inferred
Broadland,2021-07-12,38.0,45.0,50.0,52.0,53.0,57.0,60.0,62.4,66.0,68.0,70.0,75.0,84.5,inferred
Broadland,2021-07-13,38.0,44.9,50.0,52.0,53.0,57.0,60.0,63.0,66.0,68.0,69.0,75.0,84.5,inferred
Broadland,2021-07-14,40.0,47.0,51.0,53.0,54.0,57.0,60.0,64.0,67.0,69.0,71.0,76.0,85.5,inferred
Broadland,2021-07-15,37.5,44.0,49.0,51.0,52.0,55.0,58.0,61.0,64.0,67.0,69.0,74.0,83.0,inferred
Broadland,2021-07-16,33.0,41.0,45.0,46.0,48.0,50.0,53.0,56.0,59.0,61.0,63.0,68.0,76.5,inferred
Broadland,2021-07-17,28.0,34.0,37.0,38.0,40.0,42.0,45.0,47.0,50.0,51.0,53.0,58.0,66.0,inferred
Broadland,2021-07-18,28.0,34.0,38.0,39.0,41.0,43.0,46.0,49.0,52.0,54.0,55.0,60.0,71.0,inferred
Broadland,2021-07-19,40.0,47.0,52.0,54.0,56.0,59.0,62.0,65.0,68.3,71.0,73.0,78.0,87.0,inferred
Broadland,2021-07-20,38.0,44.0,49.0,51.0,53.0,55.0,58.0,61.0,65.0,67.0,69.0,75.0,84.0,inferred
Broadland,2021-07-21,36.0,43.0,47.0,49.8,51.0,54.0,57.0,60.0,63.0,65.0,68.0,73.0,82.0,inferred
Broadland,2021-07-22,33.0,39.0,44.0,46.0,47.0,51.0,53.0,56.0,59.0,61.0,63.0,68.0,76.0,inferred
Broadland,2021-07-23,29.0,35.0,39.0,41.0,42.0,45.0,48.0,50.0,53.0,55.0,56.2,61.0,69.0,inferred
Broadland,2021-07-24,23.0,28.0,32.0,33.0,35.0,37.0,39.0,42.0,44.0,46.0,48.0,52.0,60.0,inferred
Broadland,2021-07-25,23.0,29.0,32.0,34.0,35.0,37.0,40.0,42.0,45.0,47.0,48.0,53.0,61.0,inferred
Broadland,2021-07-26,32.0,39.0,44.0,46.0,47.0,50.0,53.0,56.0,59.0,61.0,63.0,68.1,77.0,inferred
Broadland,2021-07-27,30.5,37.0,41.0,42.0,44.0,47.0,49.0,53.0,56.0,58.0,60.0,65.0,74.0,inferred
Broadland,2021-07-28,31.5,38.0,42.8,44.0,46.0,48.6,51.0,53.0,57.0,58.0,61.0,67.0,74.0,inferred
Broadland,2021-07-29,30.0,37.0,41.0,43.0,44.0,47.0,49.0,52.0,55.0,56.0,58.0,63.0,71.0,inferred
Broadland,2021-07-30,27.0,32.0,36.0,38.0,40.0,42.0,45.0,47.0,50.0,52.0,54.0,58.0,67.0,inferred
Broadland,2021-07-31,22.0,27.0,31.0,32.0,33.0,36.0,38.0,40.0,43.0,44.0,46.0,51.0,59.0,inferred
Broadland,2021-08-01,23.5,28.9,32.0,33.0,35.0,37.0,39.0,42.0,45.0,46.0,48.0,53.0,61.0,inferred
Broadland,2021-08-02,34.5,40.0,45.0,46.0,48.0,51.0,54.0,57.0,59.0,61.0,63.0,68.0,79.0,inferred
Broadland,2021-08-03,30.5,38.0,42.0,44.0,45.0,48.0,51.0,53.0,56.0,58.0,61.0,66.0,74.0,inferred
Broadland,2021-08-04,32.0,38.0,42.0,44.0,45.0,48.0,51.0,54.0,57.0,59.0,61.0,66.0,74.0,inferred
Broadland,2021-08-05,29.0,36.0,40.0,42.0,43.0,46.0,48.0,51.0,54.0,55.0,57.0,62.0,69.0,inferred
Broadland,2021-08-06,26.0,31.0,35.0,37.0,38.0,41.0,43.0,46.0,49.0,50.0,52.0,57.0,65.0,inferred
Broadland,2021-08-07,21.0,26.0,29.0,30.0,31.0,34.0,36.0,38.0,40.3,42.0,44.0,48.0,56.0,inferred
Broadland,2021-08-08,21.0,26.0,29.0,31.0,32.0,34.0,37.0,39.0,41.0,43.0,44.0,48.0,54.5,inferred
Broadland,2021-08-09,31.0,37.0,41.0,43.0,44.0,47.0,50.0,53.0,56.0,57.0,59.0,64.0,74.0,inferred
Broadland,2021-08-10,30.0,35.0,39.0,41.0,42.0,45.0,47.0,50.0,53.0,54.0,56.0,61.1,69.0,inferred
Broadland,2021-08-11,31.0,37.0,41.0,43.0,44.0,47.0,50.0,53.0,57.0,58.0,60.0,65.0,73.0,inferred
Broadland,2021-08-12,30.0,36.0,40.0,42.0,43.0,46.0,49.0,51.0,55.0,57.0,59.0,65.0,73.5,inferred
Broadland,2021-08-13,28.0,34.0,38.0,40.0,41.0,44.0,47.0,49.0,52.0,53.0,55.0,60.0,68.5,inferred
Broadland,2021-08-14,23.0,28.0,32.0,34.0,35.0,38.0,40.0,42.0,45.0,47.0,48.0,53.0,61.0,inferred
Broadland,2021-08-15,25.0,31.0,35.0,36.0,38.0,40.0,42.0,45.0,48.0,49.0,51.0,55.0,62.5,inferred
Broadland,2021-08-16,37.0,44.0,49.0,50.0,52.0,55.0,58.0,60.0,64.0,66.0,67.0,73.0,82.5,inferred
Broadland,2021-08-17,35.0,41.0,46.0,48.0,49.0,53.0,55.0,58.0,61.0,63.0,65.0,71.0,80.0,inferred
Broadland,2021-08-18,36.0,42.0,47.0,48.0,49.0,52.6,55.0,59.0,62.0,64.0,66.0,71.0,80.0,inferred
Broadland,2021-08-19,33.0,40.0,44.0,45.0,47.0,49.0,52.0,55.0,58.0,60.0,62.0,67.0,76.0,inferred
Broadland,2021-08-20,29.0,36.0,39.0,41.0,42.0,45.0,48.0,50.0,53.0,55.0,56.0,61.0,69.0,inferred
Broadland,2021-08-21,24.0,29.0,32.0,33.0,34.0,37.0,39.0,42.0,45.0,46.0,48.0,53.0,61.0,inferred
Broadland,2021-08-22,24.0,29.0,33.0,34.0,36.0,38.0,41.0,43.0,46.0,47.0,49.0,54.0,61.0,inferred
Broadland,2021-08-23,35.0,41.0,46.0,48.0,49.0,53.0,56.0,58.0,61.0,63.0,65.0,70.0,79.0,inferred
Broadland,2021-08-24,33.0,40.0,44.0,46.0,47.0,50.0,52.0,55.0,58.0,60.0,62.0,67.0,76.0,inferred
Broadland,2021-08-25,34.0,40.9,45.0,46.0,48.0,51.0,54.0,56.0,60.0,62.0,64.0,69.0,78.0,inferred
Broadland,2021-08-26,32.5,38.0,43.0,44.0,46.0,49.0,52.0,55.0,59.0,60.0,62.0,67.0,76.0,inferred
Broadland,2021-08-27,30.5,37.0,41.0,43.0,44.0,47.0,49.0,52.0,55.0,56.0,58.0,64.0,72.0,inferred
Broadland,2021-08-28,24.0,30.0,34.0,36.0,37.0,40.0,42.0,45.0,47.0,48.0,50.0,55.0,62.5,inferred
Broadland,2021-08-29,27.0,33.0,36.0,38.0,39.0,42.0,44.0,47.0,50.0,51.0,53.0,58.0,65.5,inferred
Broadland,2021-08-30,39.0,46.0,50.0,52.0,54.0,57.0,60.5,63.0,67.0,68.0,70.0,76.1,87.0,inferred
Broadland,2021-08-31,37.5,44.0,48.0,51.0,52.0,55.0,58.0,61.0,64.0,66.0,68.0,74.0,83.0,inferred
Broadland,2021-09-01,37.0,44.0,49.0,51.0,53.0,55.0,58.0,61.0,64.0,66.0,68.0,73.0,84.0,inferred
Broadland,2021-09-02,36.0,42.0,46.0,48.0,49.0,52.0,55.0,58.0,61.0,63.0,65.0,71.0,79.0,inferred
Broadland,2021-09-03,31.0,37.0,41.0,43.0,45.0,47.0,50.0,53.0,56.0,58.0,59.0,64.0,72.0,inferred
Broadland,2021-09-04,25.0,31.0,34.0,36.0,37.0,40.0,42.0,44.0,47.0,48.0,50.0,54.0,63.0,inferred
Broadland,2021-09-05,26.0,31.0,35.0,37.0,38.0,41.0,43.0,46.0,48.0,50.0,51.0,55.0,65.0,inferred
Broadland,2021-09-06,37.0,43.0,47.0,49.0,51.0,53.0,56.5,60.0,63.0,65.0,67.0,71.0,80.0,inferred
Broadland,2021-09-07,33.0,40.0,44.0,46.0,47.7,50.0,53.0,56.0,59.0,61.0,63.0,69.0,78.0,inferred
Broadland,2021-09-08,33.0,39.0,44.0,45.0,47.0,50.0,53.0,56.0,59.0,60.0,62.0,68.0,76.0,inferred
Broadland,2021-09-09,31.0,37.0,41.0,42.0,44.0,46.0,49.0,52.0,55.0,56.0,58.0,62.0,72.0,inferred
Broadland,2021-09-10,26.0,31.0,35.0,37.0,38.0,41.0,44.0,46.0,49.0,51.0,52.0,57.0,64.0,inferred
Broadland,2021-09-11,21.0,25.0,28.0,30.0,31.0,34.0,36.0,38.0,41.0,42.0,44.0,48.0,54.5,inferred
Broadland,2021-09-12,19.0,25.0,29.0,30.0,31.0,33.0,36.0,38.0,41.0,42.0,44.0,48.0,55.0,inferred
Broadland,2021-09-13,29.0,35.0,39.0,40.0,42.0,44.6,47.0,50.0,53.0,54.0,56.0,61.0,70.0,inferred
Broadland,2021-09-14,26.0,32.0,36.0,37.0,38.0,41.0,44.0,46.0,49.0,50.0,52.0,57.0,65.0,inferred
Broadland,2021-09-15,27.0,33.0,36.0,38.0,39.0,42.0,45.0,48.0,50.0,52.0,53.0,59.0,66.0,inferred
Broadland,2021-09-16,27.0,32.0,36.0,37.0,39.0,41.0,44.0,46.0,49.0,51.0,52.0,57.0,65.5,inferred
Broadland,2021-09-17,24.5,30.0,34.0,35.0,37.0,39.0,41.0,44.0,46.0,48.0,50.0,54.0,63.0,inferred
Broadland,2021-09-18,20.0,26.0,29.0,31.0,32.0,34.0,37.0,39.0,41.0,43.0,44.0,49.0,56.0,inferred
Broadland,2021-09-19,22.0,28.0,31.0,32.0,33.0,36.0,38.0,41.0,43.0,45.0,46.0,51.0,59.0,inferred
Broadland,2021-09-20,32.5,39.0,44.0,45.0,47.0,50.0,52.0,55.0,58.0,59.0,61.0,67.0,76.0,inferred
Broadland,2021-09-21,31.0,37.9,42.0,44.0,45.0,48.0,50.0,53.0,56.0,58.0,60.0,65.0,75.0,inferred
Broadland,2021-09-22,33.0,39.0,43.0,45.0,46.0,49.0,52.0,55.0,58.0,60.0,62.0,68.0,78.0,inferred
Broadland,2021-09-23,33.0,39.0,43.0,44.0,46.0,49.0,52.0,55.0,58.0,60.0,61.0,67.0,75.0,inferred
Broadland,2021-09-24,30.5,37.0,40.0,42.0,43.0,46.0,49.0,52.0,55.0,57.0,59.0,63.0,72.0,inferred
Broadland,2021-09-25,26.0,31.0,35.0,36.0,38.0,40.0,42.0,45.0,47.0,49.0,50.2,55.0,63.0,inferred
Broadland,2021-09-26,27.0,33.0,37.0,38.0,39.0,42.0,44.0,47.0,50.0,52.0,53.0,58.0,67.0,inferred
Broadland,2021-09-27,41.0,48.0,52.0,54.0,56.0,59.0,62.0,65.0,68.0,71.0,72.0,79.0,86.0,inferred
Broadland,2021-09-28,39.0,46.0,51.0,53.0,54.0,57.0,60.0,63.0,66.0,68.0,70.0,77.0,86.0,inferred
Broadland,2021-09-29,40.0,48.0,53.0,54.0,56.0,59.0,62.0,65.0,67.0,69.0,71.0,77.0,86.0,inferred
Broadland,2021-09-30,39.0,45.9,50.0,52.0,54.0,57.0,60.0,63.0,67.0,69.0,71.0,78.0,87.5,inferred
Broadland,2021-10-01,36.0,42.0,46.0,48.0,50.0,53.0,56.0,58.0,62.0,63.0,65.0,72.0,81.0,inferred
Broadland,2021-10-02,30.0,35.0,40.0,41.0,42.0,45.0,47.0,50.0,53.0,54.0,57.0,62.0,72.0,inferred
Broadland,2021-10-03,32.0,38.0,42.0,44.0,45.0,48.0,51.0,54.0,57.0,59.0,61.0,66.0,75.0,inferred
Broadland,2021-10-04,47.0,55.0,59.0,61.0,63.0,66.0,69.0,72.0,77.0,78.0,81.0,87.0,98.0,inferred
Broadland,2021-10-05,45.0,54.0,59.0,60.0,62.0,65.0,68.0,72.0,75.0,77.0,79.0,86.0,95.0,inferred
Broadland,2021-10-06,51.0,59.0,64.0,66.0,67.0,71.0,74.0,78.0,81.0,83.0,85.0,92.0,102.0,inferred
Broadland,2021-10-07,51.0,59.0,65.0,67.0,68.0,72.0,75.0,78.0,82.0,84.0,86.0,93.0,104.0,inferred
Broadland,2021-10-08,49.0,57.0,62.0,64.0,66.0,70.0,74.0,77.0,80.0,82.0,85.0,91.0,100.0,inferred
Broadland,2021-10-09,43.0,51.0,56.0,58.0,59.0,62.0,65.0,68.0,72.0,74.0,76.0,82.0,92.0,inferred
Broadland,2021-10-10,49.0,57.0,61.0,63.0,65.0,68.0,71.0,75.0,78.0,81.0,83.0,89.1,99.0,inferred
Broadland,2021-10-11,72.0,83.0,90.0,92.0,94.0,98.0,102.0,106.0,110.0,112.0,115.0,122.0,135.0,inferred
Broadland,2021-10-12,73.0,81.0,87.8,90.0,92.0,96.0,100.0,104.0,108.0,110.0,113.0,121.0,133.0,inferred
Broadland,2021-10-13,73.0,83.0,89.0,92.0,95.0,99.0,103.0,106.0,111.0,113.0,116.0,124.0,136.5,inferred
Broadland,2021-10-14,71.0,80.9,86.0,89.0,91.0,96.0,100.0,104.0,108.0,111.0,114.0,122.0,135.0,inferred
Broadland,2021-10-15,64.0,73.0,80.0,82.0,84.0,88.0,92.0,96.0,101.0,103.0,106.0,116.0,129.0,inferred
Bromley,2021-07-03,47.0,55.0,60.0,62.0,64.0,68.0,72.0,76.0,81.0,84.0,88.0,97.0,111.5,inferred
Bromley,2021-07-04,56.0,64.0,70.0,73.0,75.0,78.6,82.0,87.0,92.0,94.0,97.0,104.0,117.0,inferred
Bromley,2021-07-05,93.0,105.0,112.0,114.8,117.0,122.0,126.0,132.0,137.0,140.0,144.0,152.1,164.0,inferred
Bromley,2021-07-06,102.0,112.0,119.0,122.0,125.0,130.0,134.0,138.0,143.0,146.0,149.0,158.0,171.5,inferred
Bromley,2021-07-07,117.0,126.0,134.0,137.0,139.0,144.6,149.0,153.0,159.0,162.0,165.0,173.0,185.0,inferred
Bromley,2021-07-08,126.0,136.0,144.0,147.0,149.0,154.0,158.0,163.0,169.0,172.0,175.0,183.0,197.0,inferred
Bromley,2021-07-09,121.0,136.0,144.0,147.0,150.0,155.0,160.0,164.0,169.0,172.0,176.0,185.0,199.5,inferred
Bromley,2021-07-10,115.0,127.0,135.0,137.0,140.0,145.0,150.0,154.0,160.0,163.0,166.0,175.0,188.0,inferred
Bromley,2021-07-11,128.0,141.0,149.0,152.0,155.0,160.0,165.0,170.0,175.0,178.0,182.0,191.0,209.0,inferred
Bromley,2021-07-12,197.0,214.0,225.0,229.0,232.0,239.0,245.0,253.0,258.0,261.0,265.0,276.0,296.0,inferred
Bromley,2021-07-13,203.0,215.0,226.0,230.0,234.0,241.0,247.0,253.0,260.0,264.0,269.0,279.0,298.0,inferred
Bromley,2021-07-14,203.0,220.0,231.0,236.0,239.0,246.0,252.0,257.0,265.0,269.0,273.0,285.0,303.0,inferred
Bromley,2021-07-15,197.5,212.0,221.0,225.0,228.0,233.0,240.0,245.0,252.0,257.0,261.0,272.0,289.0,inferred
Bromley,2021-07-16,176.0,190.0,198.0,202.0,205.0,212.0,218.0,225.0,230.0,234.0,238.0,247.0,263.0,inferred
Bromley,2021-07-17,148.0,160.0,167.0,170.0,173.0,179.0,183.0,188.0,194.0,198.0,201.0,211.0,225.5,inferred
Bromley,2021-07-18,143.0,156.0,166.0,170.0,173.0,178.0,183.0,188.0,193.0,197.0,200.0,209.0,224.0,inferred
Bromley,2021-07-19,199.0,215.0,225.0,229.0,233.0,239.0,245.0,251.0,258.0,260.0,264.0,276.0,294.5,inferred
Bromley,2021-07-20,180.0,195.0,205.0,209.0,212.0,218.0,224.0,230.0,238.0,241.0,244.0,255.1,272.5,inferred
Bromley,2021-07-21,167.0,182.0,191.0,195.0,198.0,204.0,209.0,215.0,221.0,225.0,229.0,240.0,256.0,inferred
Bromley,2021-07-22,146.0,159.0,168.8,172.0,175.0,180.0,185.0,191.0,197.0,200.0,204.0,214.0,228.0,inferred
Bromley,2021-07-23,119.0,130.0,138.0,142.0,144.0,149.0,155.0,159.0,164.0,167.0,171.0,180.0,195.0,inferred
Bromley,2021-07-24,89.0,101.0,108.0,110.0,112.0,117.0,121.0,125.4,130.0,132.2,135.0,142.0,154.0,inferred
Bromley,2021-07-25,82.0,92.0,99.0,101.0,103.0,107.0,111.0,115.0,119.0,122.0,125.0,133.0,146.0,inferred
Bromley,2021-07-26,107.0,116.9,124.0,126.0,129.0,134.0,139.0,144.0,148.3,152.0,155.0,164.0,179.0,inferred
Bromley,2021-07-27,97.0,107.0,114.8,117.0,120.0,124.0,128.0,132.0,138.0,140.0,143.0,151.0,164.0,inferred
Bromley,2021-07-28,97.5,108.0,116.0,118.0,120.0,125.0,130.0,134.0,138.0,141.0,144.0,151.0,164.5,inferred
Bromley,2021-07-29,93.0,103.0,110.0,113.0,115.0,120.0,124.0,129.0,133.0,136.0,139.0,147.0,158.5,inferred
Bromley,2021-07-30,83.0,94.0,101.0,103.0,105.7,110.0,114.0,118.0,122.0,125.0,127.2,134.1,147.0,inferred
Bromley,2021-07-31,70.0,79.0,84.0,86.0,88.0,92.0,96.0,100.0,104.0,106.2,109.0,115.0,124.0,inferred
Bromley,2021-08-01,70.0,79.0,85.0,87.0,89.0,93.0,96.5,100.0,104.0,107.0,109.0,115.1,127.0,inferred
Bromley,2021-08-02,99.0,110.0,118.0,121.0,123.0,128.0,132.0,137.0,142.0,145.0,148.0,155.0,170.0,inferred
Bromley,2021-08-03,94.0,105.0,113.0,115.0,118.0,123.0,127.0,131.0,136.0,139.0,142.0,150.0,163.0,inferred
Bromley,2021-08-04,96.0,107.0,115.0,117.0,120.0,124.0,128.0,132.0,137.0,140.0,142.2,150.1,164.0,inferred
Bromley,2021-08-05,92.0,103.0,110.0,112.0,115.0,120.0,124.0,128.0,133.0,135.0,139.0,148.0,160.0,inferred
Bromley,2021-08-06,83.0,94.0,100.8,103.0,105.7,109.0,113.0,117.0,122.0,124.0,127.0,136.0,150.0,inferred
Bromley,2021-08-07,70.0,79.0,85.0,87.0,89.0,93.0,97.0,100.4,104.0,107.0,110.0,116.0,128.0,inferred
Bromley,2021-08-08,70.0,79.0,85.0,87.0,89.0,94.0,97.0,101.0,105.0,107.0,111.0,118.0,128.5,inferred
Bromley,2021-08-09,100.0,111.0,118.0,120.0,123.0,128.6,133.0,137.0,142.0,145.0,148.0,156.0,170.5,inferred
Bromley,2021-08-10,96.0,107.0,114.0,117.0,119.0,123.0,127.0,132.0,137.0,139.0,143.0,150.0,167.0,inferred
Bromley,2021-08-11,99.0,109.0,115.0,118.0,121.0,126.0,130.0,135.0,140.0,142.0,146.0,154.0,166.5,inferred
Bromley,2021-08-12,95.0,106.0,113.0,115.0,118.0,122.0,127.0,131.0,136.0,138.0,141.0,149.0,163.0,inferred
Bromley,2021-08-13,86.0,97.0,104.0,106.0,108.0,113.0,117.0,120.0,125.0,128.0,131.0,138.0,149.5,inferred
Bromley,2021-08-14,70.5,80.0,86.0,89.0,91.0,95.0,99.0,103.0,106.0,109.0,111.0,118.0,129.0,inferred
Bromley,2021-08-15,69.0,82.0,88.0,90.0,92.0,96.0,100.0,103.0,108.0,110.0,113.0,119.0,130.5,inferred
Bromley,2021-08-16,103.0,114.0,122.0,125.0,127.0,132.0,137.0,141.0,147.0,150.0,153.0,162.0,178.0,inferred
Bromley,2021-08-17,98.0,108.0,116.0,119.0,121.0,125.0,129.0,135.0,140.0,142.0,145.0,153.0,167.0,inferred
Bromley,2021-08-18,100.0,111.0,117.0,121.0,123.0,128.0,132.0,136.0,141.0,144.0,147.0,155.0,169.5,inferred
Bromley,2021-08-19,94.0,106.0,112.0,115.0,118.0,122.0,126.0,130.0,135.0,138.0,141.0,149.0,159.0,inferred
Bromley,2021-08-20,84.0,93.0,100.0,103.0,106.0,110.0,114.0,118.0,123.0,125.0,128.0,136.0,149.5,inferred
Bromley,2021-08-21,69.0,79.0,85.0,87.0,89.0,93.0,96.0,100.0,104.0,107.0,109.0,116.0,128.0,inferred
Bromley,2021-08-22,69.5,78.0,84.0,86.0,88.0,92.0,96.0,100.0,104.0,106.0,109.0,116.0,127.0,inferred
Bromley,2021-08-23,97.0,107.9,114.0,117.0,120.0,124.0,129.0,133.0,138.0,140.0,144.0,151.0,165.0,inferred
Bromley,2021-08-24,93.0,103.0,110.0,113.0,115.0,120.0,124.0,129.0,134.0,137.0,140.0,147.0,159.0,inferred
Bromley,2021-08-25,97.0,108.0,115.0,117.0,119.0,123.0,128.0,132.0,136.0,139.0,142.0,152.0,165.0,inferred
Bromley,2021-08-26,94.0,104.0,110.0,113.0,115.0,120.0,124.0,128.4,133.0,136.0,138.2,146.0,161.0,inferred
Bromley,2021-08-27,86.0,96.0,102.0,104.8,107.0,111.0,115.0,119.0,123.0,126.0,129.0,138.0,149.5,inferred
Bromley,2021-08-28,73.0,81.0,87.8,90.0,92.0,96.0,99.0,103.0,107.0,110.0,112.0,119.0,131.0,inferred
Bromley,2021-08-29,74.0,83.0,89.0,92.0,93.0,97.0,101.0,105.0,110.0,112.0,114.0,122.0,133.0,inferred
Bromley,2021-08-30,107.5,117.0,124.8,127.0,129.0,135.0,139.0,143.4,149.0,151.0,154.0,164.0,179.0,inferred
Bromley,2021-08-31,103.0,113.0,119.0,122.0,125.0,130.0,135.0,140.0,145.0,147.0,150.0,158.0,172.0,inferred
Bromley,2021-09-01,102.0,115.0,123.0,125.8,128.0,133.0,138.0,142.0,148.0,150.0,153.0,162.0,175.0,inferred
Bromley,2021-09-02,101.0,111.0,118.0,121.0,123.0,127.0,131.0,136.0,141.0,144.0,147.0,154.0,168.0,inferred
Bromley,2021-09-03,90.0,101.0,107.0,109.0,111.7,116.0,120.0,124.0,129.0,132.0,134.0,142.0,155.0,inferred
Bromley,2021-09-04,74.0,84.0,89.0,91.0,93.0,98.0,101.0,105.0,109.0,112.0,115.0,122.0,132.0,inferred
Bromley,2021-09-05,73.0,83.0,89.0,92.0,94.0,97.6,101.0,104.0,109.0,111.0,114.0,122.0,132.5,inferred
Bromley,2021-09-06,104.0,116.0,123.0,126.0,129.0,133.6,138.0,142.0,147.0,149.2,154.0,162.0,177.5,inferred
Bromley,2021-09-07,96.0,107.0,115.0,118.0,120.0,124.0,129.0,133.0,137.3,140.0,144.0,151.0,164.0,inferred
Bromley,2021-09-08,94.0,103.0,111.0,114.0,117.0,121.6,126.0,130.0,134.3,137.0,140.0,149.0,161.0,inferred
Bromley,2021-09-09,86.0,95.0,101.0,104.0,107.0,111.0,115.0,120.0,124.0,126.0,129.0,137.0,150.0,inferred
Bromley,2021-09-10,73.0,82.0,88.0,90.0,93.0,97.0,100.0,104.0,108.0,111.0,114.0,120.0,130.0,inferred
Bromley,2021-09-11,60.0,67.0,71.0,73.0,75.0,78.6,82.0,86.0,89.0,92.0,94.0,100.0,109.5,inferred
Bromley,2021-09-12,53.5,62.0,67.0,69.0,71.0,75.0,78.0,82.0,85.0,87.0,90.0,96.1,106.0,inferred
Bromley,2021-09-13,73.0,83.0,90.0,93.0,95.0,99.0,103.0,106.4,111.0,113.0,116.0,122.0,134.0,inferred
Bromley,2021-09-14,70.0,79.0,85.0,87.0,90.0,94.0,98.0,102.0,106.0,108.0,111.0,118.0,129.0,inferred
Bromley,2021-09-15,74.0,82.9,89.0,91.0,93.0,97.0,101.0,105.0,109.0,112.0,115.0,122.0,134.5,inferred
Bromley,2021-09-16,72.0,81.0,88.0,90.0,93.0,96.0,100.0,104.0,108.0,110.0,113.0,122.0,130.0,inferred
Bromley,2021-09-17,68.5,78.0,83.0,85.0,88.0,91.0,95.0,99.0,103.0,106.0,108.0,115.0,127.0,inferred
Bromley,2021-09-18,60.0,67.0,73.0,75.0,77.0,80.0,83.0,87.0,90.0,92.0,95.0,101.0,112.0,inferred
Bromley,2021-09-19,60.0,69.0,74.0,76.0,79.0,82.0,86.0,89.0,93.0,95.0,97.0,103.0,114.0,inferred
Bromley,2021-09-20,89.0,99.0,106.0,109.0,112.0,116.0,120.0,125.0,130.0,132.0,136.0,144.0,157.0,inferred
Bromley,2021-09-21,86.0,96.0,103.0,106.0,108.0,112.0,117.0,121.0,126.0,128.0,131.0,140.0,153.0,inferred
Bromley,2021-09-22,88.0,98.0,104.8,107.0,110.0,115.0,119.0,123.0,127.0,129.0,133.0,141.0,152.0,inferred
Bromley,2021-09-23,81.5,92.0,99.0,102.0,105.0,110.0,114.0,118.0,122.0,125.0,128.0,135.0,149.0,inferred
Bromley,2021-09-24,76.0,85.0,91.0,93.8,95.7,99.0,103.0,106.0,110.0,113.0,115.0,124.0,136.0,inferred
Bromley,2021-09-25,62.5,71.0,77.0,79.0,81.0,84.0,88.0,92.0,95.0,97.0,99.2,107.0,117.0,inferred
Bromley,2021-09-26,64.0,72.0,77.0,79.0,81.0,85.0,88.0,92.0,96.0,99.0,101.0,109.0,117.0,inferred
Bromley,2021-09-27,87.0,98.0,105.0,108.0,110.0,115.0,120.0,124.0,130.0,132.0,135.2,144.1,157.5,inferred
Bromley,2021-09-28,83.0,94.0,101.0,104.0,107.0,111.0,116.0,119.0,123.0,125.0,129.0,136.0,150.0,inferred
Bromley,2021-09-29,84.0,95.0,102.0,105.0,107.0,111.0,115.0,119.0,123.0,125.0,128.0,135.0,148.0,inferred
Bromley,2021-09-30,82.0,92.0,98.0,100.8,102.0,107.0,111.0,114.0,119.0,121.0,124.0,131.0,143.0,inferred
Bromley,2021-10-01,73.0,81.0,87.0,90.8,92.0,96.0,100.0,104.0,108.0,110.0,113.0,120.0,132.0,inferred
Bromley,2021-10-02,59.0,67.0,73.0,75.0,77.0,81.0,84.0,88.0,93.0,95.0,97.0,105.0,116.5,inferred
Bromley,2021-10-03,61.0,68.0,74.0,76.0,78.0,81.0,85.0,89.0,93.0,96.0,99.0,105.0,117.0,inferred
Bromley,2021-10-04,86.0,96.0,102.0,105.0,107.0,111.0,116.0,120.0,124.0,127.0,130.0,138.0,152.5,inferred
Bromley,2021-10-05,81.0,93.0,100.0,102.0,105.0,109.0,112.0,117.0,121.0,124.0,127.0,134.0,144.0,inferred
Bromley,2021-10-06,87.0,96.0,103.0,105.0,107.0,112.0,115.0,119.0,124.0,126.0,130.0,138.0,148.0,inferred
Bromley,2021-10-07,86.0,96.0,102.0,104.0,107.0,111.0,115.0,119.0,123.0,126.0,129.0,137.0,146.0,inferred
Bromley,2021-10-08,81.0,90.0,96.0,98.0,101.0,105.0,109.0,113.0,117.0,119.0,122.0,129.0,142.0,inferred
Bromley,2021-10-09,69.0,77.0,84.0,86.0,88.0,92.0,96.0,99.0,104.0,106.0,108.0,115.0,126.0,inferred
Bromley,2021-10-10,71.0,80.0,85.0,87.0,90.0,94.0,97.0,101.0,105.0,108.0,111.0,118.0,127.5,inferred
Bromley,2021-10-11,103.0,114.0,121.0,124.0,127.0,132.0,137.0,141.0,146.0,149.0,153.0,160.0,175.0,inferred
Bromley,2021-10-12,99.5,112.0,119.0,122.0,124.0,129.0,133.0,138.0,143.0,146.0,149.0,158.0,172.0,inferred
Bromley,2021-10-13,102.0,114.0,122.0,125.0,127.0,132.0,136.0,141.0,147.0,149.0,152.0,161.0,173.5,inferred
Bromley,2021-10-14,98.5,109.0,116.0,119.0,122.0,127.0,132.0,137.0,141.0,144.0,147.0,156.0,171.0,inferred
Bromley,2021-10-15,89.5,100.0,107.0,110.0,113.0,118.0,122.0,127.0,132.0,135.0,138.0,147.0,161.0,inferred
Bromsgrove,2021-07-03,18.0,23.0,26.0,27.0,28.0,30.0,32.0,35.0,37.0,39.0,41.0,46.0,55.0,inferred
Bromsgrove,2021-07-04,23.0,29.0,33.0,34.0,35.0,38.0,40.0,43.0,46.0,47.0,49.0,53.0,61.0,inferred
Bromsgrove,2021-07-05,41.0,47.0,51.0,53.0,54.0,57.0,60.0,63.0,66.0,68.0,70.0,75.1,85.0,inferred
Bromsgrove,2021-07-06,42.0,47.0,52.0,54.0,56.0,59.0,62.0,64.0,67.0,69.0,71.0,76.0,84.0,inferred
Bromsgrove,2021-07-07,44.0,51.0,55.0,57.0,59.0,62.0,65.0,68.0,71.0,73.0,75.0,80.0,89.0,inferred
Bromsgrove,2021-07-08,47.5,54.0,59.0,61.0,62.0,65.0,68.0,71.0,74.0,77.0,79.0,84.0,95.0,inferred
Bromsgrove,2021-07-09,45.0,52.0,57.0,59.0,60.0,63.0,66.0,69.0,72.0,74.0,76.0,82.1,91.0,inferred
Bromsgrove,2021-07-10,41.0,47.0,52.0,53.0,55.0,57.0,60.0,64.0,67.0,69.0,71.0,76.0,85.0,inferred
Bromsgrove,2021-07-11,49.0,55.0,60.0,62.0,63.0,66.0,69.0,72.0,76.0,78.0,81.0,87.0,96.0,inferred
Bromsgrove,2021-07-12,73.5,83.0,89.0,92.0,94.0,98.0,101.0,105.0,110.0,112.0,114.0,121.0,132.0,inferred
Bromsgrove,2021-07-13,71.0,81.0,87.0,89.0,92.0,96.0,99.0,103.0,107.0,109.0,112.0,119.0,131.0,inferred
Bromsgrove,2021-07-14,70.0,78.0,85.0,87.0,90.0,93.6,97.0,101.0,105.0,107.0,110.0,117.0,129.0,inferred
Bromsgrove,2021-07-15,65.0,75.0,81.0,83.0,85.0,88.6,92.0,95.0,99.0,101.0,104.0,110.0,120.0,inferred
Bromsgrove,2021-07-16,57.0,64.9,70.0,72.0,73.7,77.0,80.0,83.4,87.0,89.0,92.0,97.0,108.0,inferred
Bromsgrove,2021-07-17,44.0,52.0,57.0,58.0,60.0,63.0,66.0,69.0,72.0,74.0,76.0,82.0,90.0,inferred
Bromsgrove,2021-07-18,46.0,53.0,58.0,60.0,62.0,64.0,67.0,71.0,74.0,76.0,78.0,84.0,94.0,inferred
Bromsgrove,2021-07-19,62.5,71.0,76.0,79.0,81.0,85.0,88.0,91.0,96.0,98.0,101.0,109.0,119.0,inferred
Bromsgrove,2021-07-20,55.0,62.0,68.0,70.0,72.0,75.0,78.0,82.0,86.0,87.0,90.0,96.0,106.0,inferred
Bromsgrove,2021-07-21,51.0,58.0,62.0,64.0,66.0,69.0,73.0,76.0,80.0,82.0,84.0,89.0,99.0,inferred
Bromsgrove,2021-07-22,42.0,49.0,54.0,56.0,57.0,60.0,64.0,66.0,70.0,72.0,74.0,79.0,88.0,inferred
Bromsgrove,2021-07-23,33.5,39.0,43.0,45.0,46.0,49.0,51.0,54.0,57.0,58.0,60.0,65.0,73.0,inferred
Bromsgrove,2021-07-24,23.0,29.0,32.0,34.0,35.0,38.0,40.0,42.0,45.0,46.0,48.0,52.1,59.0,inferred
Bromsgrove,2021-07-25,23.0,28.0,31.0,33.0,34.0,37.0,38.0,41.0,43.0,45.0,47.0,51.0,58.0,inferred
Bromsgrove,2021-07-26,29.5,35.0,39.0,41.0,42.0,45.0,48.0,50.0,53.0,55.0,57.0,62.0,69.0,inferred
Bromsgrove,2021-07-27,27.0,32.0,35.0,37.0,38.0,41.0,43.0,46.0,48.0,50.0,51.0,56.0,65.0,inferred
Bromsgrove,2021-07-28,26.0,32.0,35.0,37.0,38.0,41.0,43.0,46.0,48.0,49.0,51.0,56.0,63.0,inferred
Bromsgrove,2021-07-29,26.0,31.0,34.0,36.0,37.0,39.0,42.0,44.0,47.0,48.0,50.0,54.0,62.0,inferred
Bromsgrove,2021-07-30,22.0,27.0,30.0,32.0,33.0,35.0,38.0,40.0,43.0,44.0,45.0,50.0,57.0,inferred
Bromsgrove,2021-07-31,18.0,23.0,26.0,27.0,28.0,31.0,33.0,35.0,37.0,39.0,40.0,44.0,51.0,inferred
Bromsgrove,2021-08-01,21.0,25.0,29.0,30.0,31.0,33.0,35.0,38.0,40.0,41.0,43.0,48.0,55.5,inferred
Bromsgrove,2021-08-02,31.0,37.0,40.0,41.8,43.0,46.0,48.0,51.0,54.0,55.0,57.0,63.0,71.0,inferred
Bromsgrove,2021-08-03,28.0,33.0,38.0,39.0,41.0,43.0,46.0,49.0,51.0,53.0,55.0,59.0,67.0,inferred
Bromsgrove,2021-08-04,29.0,34.0,38.0,40.0,41.0,44.0,46.0,49.0,51.0,53.0,55.0,60.0,67.0,inferred
Bromsgrove,2021-08-05,29.0,34.0,38.0,39.0,40.0,43.0,46.0,48.0,51.0,53.0,55.0,59.0,68.0,inferred
Bromsgrove,2021-08-06,24.0,30.0,34.8,36.0,37.0,39.0,41.0,44.0,46.0,48.0,50.0,54.0,62.0,inferred
Bromsgrove,2021-08-07,21.0,26.0,29.0,30.0,32.0,34.0,36.0,38.4,41.0,42.0,44.0,48.0,55.0,inferred
Bromsgrove,2021-08-08,23.0,28.0,31.0,33.0,34.0,36.0,39.0,41.0,43.0,45.0,46.0,50.0,57.0,inferred
Bromsgrove,2021-08-09,34.0,39.0,44.0,46.0,47.0,50.0,53.0,56.0,58.0,60.0,62.0,68.0,75.5,inferred
Bromsgrove,2021-08-10,32.0,38.0,43.0,45.0,46.0,49.0,51.0,54.0,58.0,59.2,61.0,66.0,73.0,inferred
Bromsgrove,2021-08-11,33.0,40.0,44.0,46.0,47.0,50.0,53.0,55.0,58.0,60.0,62.0,67.0,75.0,inferred
Bromsgrove,2021-08-12,34.0,40.0,44.0,46.0,47.0,50.0,52.0,55.0,58.0,59.0,61.0,66.0,75.0,inferred
Bromsgrove,2021-08-13,30.0,36.0,40.0,41.0,43.0,46.0,48.0,50.0,53.0,55.0,57.0,62.0,70.0,inferred
Bromsgrove,2021-08-14,25.0,31.0,35.0,36.0,37.0,39.0,42.0,44.0,46.0,48.0,50.0,55.0,63.0,inferred
Bromsgrove,2021-08-15,27.5,33.0,37.0,38.0,40.0,42.0,45.0,48.0,51.0,52.0,54.0,59.0,67.0,inferred
Bromsgrove,2021-08-16,41.0,49.0,53.0,54.0,56.0,59.0,62.0,65.0,68.0,70.0,72.0,78.0,87.0,inferred
Bromsgrove,2021-08-17,38.5,46.0,50.0,52.0,54.0,56.0,59.0,62.0,66.0,68.0,70.0,75.0,83.0,inferred
Bromsgrove,2021-08-18,39.0,46.0,50.0,52.0,53.0,56.0,59.0,62.0,66.0,68.0,70.0,76.0,84.0,inferred
Bromsgrove,2021-08-19,37.0,43.0,48.0,50.8,52.0,54.6,57.0,60.0,64.0,66.0,67.0,72.0,80.0,inferred
Bromsgrove,2021-08-20,32.0,38.0,42.0,44.0,46.0,49.0,51.0,54.0,56.0,58.0,60.0,66.0,72.5,inferred
Bromsgrove,2021-08-21,26.5,32.0,35.0,36.0,38.0,41.0,43.0,46.0,48.0,50.0,51.0,57.0,65.0,inferred
Bromsgrove,2021-08-22,29.0,34.0,38.0,39.0,41.0,43.0,46.0,48.0,51.0,53.0,55.0,60.0,67.0,inferred
Bromsgrove,2021-08-23,41.0,48.0,53.0,54.0,56.0,59.0,62.0,65.0,69.0,70.0,72.0,78.0,87.0,inferred
Bromsgrove,2021-08-24,40.0,46.0,51.0,52.0,54.0,57.0,59.0,62.0,65.0,67.0,69.0,75.0,84.0,inferred
Bromsgrove,2021-08-25,39.0,45.0,50.0,52.0,53.0,56.0,59.0,62.0,65.0,67.0,69.0,74.0,83.0,inferred
Bromsgrove,2021-08-26,38.0,44.0,48.0,50.0,52.0,55.0,57.5,60.0,64.0,65.0,67.0,72.0,81.0,inferred
Bromsgrove,2021-08-27,33.0,40.0,43.0,45.0,47.0,49.0,51.0,54.0,57.0,59.0,61.0,65.0,74.0,inferred
Bromsgrove,2021-08-28,26.0,33.0,36.0,38.0,39.0,41.0,44.0,46.0,49.0,51.0,52.0,57.0,65.0,inferred
Bromsgrove,2021-08-29,30.0,36.0,39.0,41.0,42.0,45.0,47.0,50.0,53.0,54.2,56.0,61.0,69.0,inferred
Bromsgrove,2021-08-30,43.0,50.0,54.0,56.0,58.0,61.0,64.0,67.4,71.0,73.0,75.0,81.0,91.0,inferred
Bromsgrove,2021-08-31,40.0,46.0,51.0,53.0,55.0,58.0,60.0,64.0,67.0,69.0,71.0,76.0,84.0,inferred
Bromsgrove,2021-09-01,40.0,46.0,51.0,52.0,54.0,57.0,59.0,63.0,66.0,68.0,70.0,75.0,83.0,inferred
Bromsgrove,2021-09-02,37.0,43.0,47.0,49.0,51.0,54.0,56.0,59.0,62.0,64.0,66.0,71.0,81.0,inferred
Bromsgrove,2021-09-03,31.0,37.0,41.0,43.0,45.0,47.0,50.0,52.0,55.0,57.0,58.0,64.0,70.0,inferred
Bromsgrove,2021-09-04,25.0,30.0,34.0,35.0,37.0,39.0,42.0,44.0,47.0,48.0,50.0,55.0,61.0,inferred
Bromsgrove,2021-09-05,26.0,32.0,35.0,37.0,38.0,41.0,43.0,46.0,48.0,50.0,52.0,57.0,65.0,inferred
Bromsgrove,2021-09-06,38.0,44.0,48.0,50.0,52.0,54.0,57.0,60.0,63.0,65.0,67.0,73.0,83.0,inferred
Bromsgrove,2021-09-07,33.0,39.0,44.0,46.0,47.0,50.0,53.0,55.0,58.0,60.0,62.0,67.0,75.0,inferred
Bromsgrove,2021-09-08,31.0,37.0,42.0,44.0,45.0,48.0,50.0,53.0,56.0,58.0,59.2,64.0,72.0,inferred
Bromsgrove,2021-09-09,29.0,35.0,39.0,40.0,42.0,44.0,47.0,49.0,52.0,53.0,55.0,59.1,66.5,inferred
Bromsgrove,2021-09-10,23.0,29.0,32.0,34.0,35.0,37.0,40.0,42.0,44.0,46.0,48.0,53.0,60.0,inferred
Bromsgrove,2021-09-11,18.0,23.0,26.0,27.0,28.0,31.0,32.0,35.0,37.0,38.0,40.0,44.0,52.0,inferred
Bromsgrove,2021-09-12,19.0,23.0,26.0,28.0,29.0,31.0,33.0,35.0,38.0,39.0,40.2,44.1,50.0,inferred
Bromsgrove,2021-09-13,27.0,32.0,36.0,37.0,39.0,41.0,44.0,46.0,49.0,50.0,53.0,57.0,65.0,inferred
Bromsgrove,2021-09-14,27.0,31.0,35.8,37.0,38.0,40.6,43.0,45.0,48.0,49.0,51.0,56.0,64.0,inferred
Bromsgrove,2021-09-15,28.0,34.0,38.0,39.0,40.0,43.0,46.0,48.0,51.0,53.0,54.0,59.0,66.0,inferred
Bromsgrove,2021-09-16,30.0,36.0,40.0,41.0,43.0,45.0,48.0,51.0,53.0,55.0,57.0,63.0,70.0,inferred
Bromsgrove,2021-09-17,30.0,36.0,39.0,40.0,42.0,44.0,47.0,50.0,52.0,54.0,56.0,61.0,68.5,inferred
Bromsgrove,2021-09-18,27.0,32.0,35.0,37.0,38.0,41.0,43.0,46.0,49.0,50.0,52.0,57.0,64.0,inferred
Bromsgrove,2021-09-19,31.0,36.0,40.0,42.0,43.0,46.0,48.0,52.0,54.0,56.0,58.0,63.0,70.0,inferred
Bromsgrove,2021-09-20,47.0,55.0,60.0,62.0,64.0,68.0,70.0,74.0,77.0,79.0,82.0,88.0,97.0,inferred
Bromsgrove,2021-09-21,47.0,54.0,59.0,61.0,63.0,66.0,69.0,72.0,76.0,78.0,80.0,86.0,95.5,inferred
Bromsgrove,2021-09-22,48.0,55.0,60.0,62.0,64.0,67.0,70.0,72.0,76.0,78.0,80.0,86.0,96.0,inferred
Bromsgrove,2021-09-23,45.0,53.0,56.0,58.0,60.0,64.0,67.0,70.0,72.0,74.0,77.0,83.0,93.0,inferred
Bromsgrove,2021-09-24,38.0,45.0,50.0,52.0,53.0,56.0,59.0,62.0,65.0,67.0,69.0,74.0,85.0,inferred
Bromsgrove,2021-09-25,32.0,39.0,43.0,44.0,45.0,48.0,51.0,53.0,56.0,57.0,59.0,65.0,71.5,inferred
Bromsgrove,2021-09-26,35.0,41.0,45.0,46.0,48.0,51.0,53.0,56.0,59.0,60.0,62.0,66.1,75.0,inferred
Bromsgrove,2021-09-27,49.5,57.0,62.0,64.0,66.0,69.0,72.0,75.0,79.0,81.0,83.0,90.0,98.0,inferred
Bromsgrove,2021-09-28,48.0,54.0,59.0,61.0,63.0,66.0,69.0,72.0,75.3,78.0,80.0,86.0,96.0,inferred
Bromsgrove,2021-09-29,48.0,56.0,61.0,64.0,65.0,68.0,71.0,75.0,78.0,80.0,82.0,87.0,96.0,inferred
Bromsgrove,2021-09-30,49.0,56.0,62.0,64.0,65.0,69.0,72.0,75.0,78.0,80.0,82.0,87.0,97.0,inferred
Bromsgrove,2021-10-01,44.0,52.0,56.0,58.0,60.0,63.0,66.0,70.0,73.0,74.0,76.0,82.0,90.0,inferred
Bromsgrove,2021-10-02,39.0,45.0,49.0,51.0,53.0,55.0,58.0,61.0,64.0,66.0,67.2,74.0,82.0,inferred
Bromsgrove,2021-10-03,42.0,49.0,54.0,56.0,58.0,61.0,64.0,68.0,71.0,72.0,74.0,79.0,89.0,inferred
Bromsgrove,2021-10-04,62.0,71.0,76.0,79.0,82.0,85.0,89.0,92.4,97.0,99.0,102.0,109.0,121.5,inferred
Bromsgrove,2021-10-05,62.0,69.0,75.0,78.0,80.0,83.0,86.0,90.0,94.0,97.0,99.0,106.0,116.0,inferred
Bromsgrove,2021-10-06,63.0,71.0,77.0,79.0,81.0,85.0,88.0,92.0,96.0,98.0,101.0,107.0,118.0,inferred
Bromsgrove,2021-10-07,62.0,70.0,76.0,78.0,80.0,83.0,87.0,90.0,94.0,96.0,98.0,105.0,116.0,inferred
Bromsgrove,2021-10-08,55.5,63.0,69.0,70.0,73.0,76.0,80.0,83.0,87.0,89.0,91.0,98.0,107.0,inferred
Bromsgrove,2021-10-09,48.0,55.9,60.0,62.0,64.0,67.0,70.0,73.0,76.0,78.0,80.0,86.0,95.0,inferred
Bromsgrove,2021-10-10,54.0,60.0,64.0,67.0,68.0,72.0,75.0,78.0,82.0,84.0,87.0,94.0,103.0,inferred
Bromsgrove,2021-10-11,77.0,85.0,91.0,94.0,96.0,100.0,104.0,107.0,111.0,114.0,117.0,125.0,137.5,inferred
Bromsgrove,2021-10-12,71.0,80.0,86.0,89.0,91.0,96.0,100.0,103.0,107.0,109.0,112.0,119.0,133.0,inferred
Bromsgrove,2021-10-13,70.0,79.0,85.0,87.0,89.0,93.0,97.0,101.0,105.0,107.0,110.0,117.0,128.0,inferred
Bromsgrove,2021-10-14,64.0,74.0,80.0,83.0,85.0,89.0,92.0,96.0,101.0,103.0,105.0,113.0,125.0,inferred
Bromsgrove,2021-10-15,56.0,65.0,71.0,74.0,76.0,80.0,83.0,87.0,91.0,93.0,96.0,104.0,114.5,inferred
Broxbourne,2021-07-03,12.0,16.0,18.0,19.0,20.0,22.0,24.0,26.0,28.0,29.0,30.0,34.0,40.0,inferred
Broxbourne,2021-07-04,15.0,19.0,21.0,23.0,24.0,26.0,28.0,29.0,32.0,33.0,34.2,39.0,45.0,inferred
Broxbourne,2021-07-05,23.0,29.0,32.0,34.0,35.0,37.0,39.0,42.0,45.0,46.0,48.0,53.0,58.5,inferred
Broxbourne,2021-07-06,25.0,30.0,33.0,35.0,36.0,39.0,41.0,43.0,46.0,47.0,49.0,54.0,61.0,inferred
Broxbourne,2021-07-07,27.0,33.0,37.0,38.0,40.0,42.0,44.0,47.0,49.0,51.0,53.0,57.0,64.0,inferred
Broxbourne,2021-07-08,29.0,35.0,39.0,40.0,42.0,44.0,47.0,49.0,52.0,54.0,55.0,60.0,69.0,inferred
Broxbourne,2021-07-09,30.0,35.0,40.0,41.0,42.0,45.0,48.0,50.0,53.0,54.0,56.0,62.0,70.0,inferred
Broxbourne,2021-07-10,27.0,31.0,36.0,37.0,39.0,41.0,44.0,46.0,49.0,50.0,52.0,57.0,64.0,inferred
Broxbourne,2021-07-11,31.0,37.0,41.0,43.0,44.0,47.0,50.0,53.0,56.0,58.0,60.0,65.0,75.0,inferred
Broxbourne,2021-07-12,50.5,58.0,63.0,65.0,67.0,71.0,74.0,78.0,81.0,83.0,86.0,92.0,101.0,inferred
Broxbourne,2021-07-13,51.0,58.0,64.0,65.0,67.0,71.0,75.0,78.0,82.0,84.0,86.0,92.0,101.0,inferred
Broxbourne,2021-07-14,52.0,60.0,67.0,69.0,71.0,74.0,77.0,81.0,84.0,86.0,88.0,95.0,105.0,inferred
Broxbourne,2021-07-15,52.0,59.0,64.0,67.0,68.0,71.0,75.0,78.0,82.0,84.0,86.0,91.0,102.0,inferred
Broxbourne,2021-07-16,44.0,53.0,59.0,61.0,63.0,66.0,68.0,72.0,75.0,77.0,80.0,86.0,96.0,inferred
Broxbourne,2021-07-17,39.0,46.0,50.0,51.0,53.0,56.0,59.0,62.0,65.0,67.0,69.0,74.0,82.5,inferred
Broxbourne,2021-07-18,41.0,47.0,51.0,53.0,55.0,58.0,61.0,63.0,67.0,69.0,71.0,77.0,86.0,inferred
Broxbourne,2021-07-19,57.0,65.0,70.8,73.0,75.0,78.0,82.0,85.0,88.0,90.0,93.0,99.0,109.0,inferred
Broxbourne,2021-07-20,51.0,59.0,64.0,66.0,68.0,71.0,74.0,77.0,81.0,82.0,85.0,91.0,101.0,inferred
Broxbourne,2021-07-21,48.0,55.0,60.0,62.0,64.0,67.0,70.0,73.0,77.0,79.0,81.0,87.0,96.0,inferred
Broxbourne,2021-07-22,40.0,46.0,51.0,53.0,55.0,58.6,61.0,64.0,67.0,69.0,71.0,77.0,88.0,inferred
Broxbourne,2021-07-23,33.0,39.0,43.0,44.0,46.0,48.0,50.0,53.0,56.0,59.0,61.0,66.0,74.0,inferred
Broxbourne,2021-07-24,24.0,29.0,32.0,33.0,35.0,37.0,39.5,42.0,44.0,46.0,47.0,52.0,60.0,inferred
Broxbourne,2021-07-25,21.0,27.0,30.0,32.0,33.0,35.0,38.0,40.0,42.0,44.0,46.0,50.0,58.0,inferred
Broxbourne,2021-07-26,28.0,35.0,38.0,40.0,41.0,44.0,46.0,49.0,52.0,54.0,55.0,59.0,67.0,inferred
Broxbourne,2021-07-27,25.0,31.0,35.0,36.0,38.0,40.0,43.0,45.0,48.0,49.0,51.0,56.0,64.0,inferred
Broxbourne,2021-07-28,27.0,32.0,36.0,37.0,38.0,41.0,43.0,45.0,48.0,49.2,51.2,57.0,64.5,inferred
Broxbourne,2021-07-29,25.0,30.0,34.0,35.8,37.0,39.0,41.0,44.0,46.0,48.0,50.0,54.1,63.5,inferred
Broxbourne,2021-07-30,22.0,27.0,31.0,32.0,34.0,36.0,38.0,41.0,44.0,45.0,47.0,52.0,59.0,inferred
Broxbourne,2021-07-31,18.0,23.0,26.0,28.0,29.0,31.0,33.0,35.0,38.0,39.0,40.0,45.0,51.0,inferred
Broxbourne,2021-08-01,20.0,25.0,28.0,29.0,31.0,33.0,35.0,37.0,39.0,41.0,42.0,47.0,53.5,inferred
Broxbourne,2021-08-02,29.0,35.0,38.0,40.0,41.0,44.0,47.0,49.0,52.0,54.0,56.0,62.0,69.0,inferred
Broxbourne,2021-08-03,27.0,33.9,37.0,39.0,40.0,43.0,45.0,48.0,51.0,53.0,55.0,59.0,68.0,inferred
Broxbourne,2021-08-04,29.0,35.0,39.0,40.0,42.0,44.0,47.0,49.0,52.0,54.0,56.0,61.0,70.5,inferred
Broxbourne,2021-08-05,28.0,33.0,37.0,39.0,41.0,43.0,45.0,48.0,51.0,52.0,54.0,59.0,67.0,inferred
Broxbourne,2021-08-06,25.0,30.0,34.0,36.0,37.0,39.0,42.0,44.0,47.0,49.0,51.0,56.0,64.0,inferred
Broxbourne,2021-08-07,20.0,25.0,29.0,30.0,32.0,34.0,36.0,38.0,41.0,42.0,43.0,48.0,54.0,inferred
Broxbourne,2021-08-08,22.0,27.0,31.0,32.0,33.0,36.0,39.0,41.0,43.0,45.0,46.0,51.0,58.0,inferred
Broxbourne,2021-08-09,33.0,40.0,44.0,45.0,47.0,49.0,52.0,55.0,58.0,60.0,62.0,67.0,75.0,inferred
Broxbourne,2021-08-10,31.0,37.0,42.0,43.0,45.0,48.0,50.0,53.0,56.0,58.0,61.0,65.0,73.0,inferred
Broxbourne,2021-08-11,33.0,38.0,42.0,44.0,45.0,49.0,51.0,54.0,57.0,59.0,61.0,66.0,75.0,inferred
Broxbourne,2021-08-12,31.0,36.0,41.0,43.0,44.0,46.0,49.0,51.0,54.0,56.0,58.0,63.0,72.0,inferred
Broxbourne,2021-08-13,28.0,33.0,36.0,37.0,39.0,42.0,44.0,47.0,49.0,50.0,53.0,57.0,65.0,inferred
Broxbourne,2021-08-14,22.0,26.0,30.0,31.0,32.0,34.0,36.0,39.0,41.0,43.0,44.0,49.0,57.0,inferred
Broxbourne,2021-08-15,22.0,26.0,30.0,31.0,33.0,35.0,37.0,40.0,42.3,44.0,46.0,51.0,58.0,inferred
Broxbourne,2021-08-16,32.0,37.0,41.0,42.0,44.0,47.0,50.0,52.0,56.0,57.0,59.0,64.0,72.0,inferred
Broxbourne,2021-08-17,29.0,35.0,38.0,40.0,41.0,44.0,47.0,49.0,52.0,53.0,55.0,61.0,69.0,inferred
Broxbourne,2021-08-18,30.0,35.0,38.0,40.0,41.0,44.0,46.0,49.0,52.0,54.0,55.0,60.0,67.5,inferred
Broxbourne,2021-08-19,26.0,31.0,35.0,37.0,38.7,41.0,44.0,46.0,49.0,51.0,53.0,57.1,65.0,inferred
Broxbourne,2021-08-20,24.0,28.0,32.0,33.0,34.0,36.0,39.0,41.0,44.0,45.0,47.0,51.0,58.0,inferred
Broxbourne,2021-08-21,17.0,22.0,26.0,27.0,28.0,30.0,32.0,34.0,37.0,38.0,40.0,43.0,50.0,inferred
Broxbourne,2021-08-22,19.0,23.0,26.0,27.0,28.0,30.0,33.0,35.0,37.0,38.0,40.0,44.0,51.5,inferred
Broxbourne,2021-08-23,26.0,31.0,35.0,36.0,38.0,40.0,42.0,44.0,47.0,49.0,51.0,56.0,62.5,inferred
Broxbourne,2021-08-24,23.0,29.0,33.0,34.0,35.0,38.0,40.0,42.0,45.0,46.0,48.0,53.0,61.0,inferred
Broxbourne,2021-08-25,23.5,29.0,33.0,34.0,35.0,38.0,40.0,43.0,45.0,47.0,48.0,52.0,59.0,inferred
Broxbourne,2021-08-26,20.0,27.0,31.0,32.0,33.0,36.0,38.0,40.0,43.0,45.0,47.0,51.0,59.0,inferred
Broxbourne,2021-08-27,19.0,24.0,27.0,29.0,30.0,32.0,34.0,37.0,39.0,40.2,42.0,47.0,54.0,inferred
Broxbourne,2021-08-28,15.0,20.0,22.0,24.0,25.0,27.0,28.0,31.0,33.0,34.0,36.0,40.0,47.0,inferred
Broxbourne,2021-08-29,15.0,21.0,24.0,25.0,26.0,28.0,30.0,32.0,34.0,36.0,37.0,41.0,48.0,inferred
Broxbourne,2021-08-30,24.0,28.0,32.0,33.0,34.0,37.0,39.0,42.0,45.0,46.0,48.0,53.0,60.0,inferred
Broxbourne,2021-08-31,22.0,27.0,31.0,32.0,33.0,36.0,38.0,40.0,43.0,45.0,46.0,51.0,59.0,inferred
Broxbourne,2021-09-01,22.5,28.0,31.0,33.0,34.0,36.0,39.0,41.0,44.0,45.0,47.0,52.0,59.0,inferred
Broxbourne,2021-09-02,21.0,26.0,30.0,32.0,33.0,35.0,38.0,40.0,42.0,43.0,45.0,49.0,57.0,inferred
Broxbourne,2021-09-03,20.0,24.0,28.0,29.0,31.0,33.0,35.0,37.0,40.0,41.0,42.0,47.0,55.0,inferred
Broxbourne,2021-09-04,16.0,20.0,23.0,24.0,26.0,28.0,30.0,32.0,34.0,35.0,37.0,41.0,47.0,inferred
Broxbourne,2021-09-05,16.5,21.0,24.0,26.0,27.0,29.0,31.0,34.0,36.0,37.0,38.0,42.0,50.5,inferred
Broxbourne,2021-09-06,27.0,31.0,35.0,36.0,37.0,40.0,42.0,45.0,48.0,49.0,51.0,56.0,64.5,inferred
Broxbourne,2021-09-07,24.0,29.0,32.0,34.0,35.0,38.0,40.0,43.0,45.0,47.0,49.0,53.0,60.0,inferred
Broxbourne,2021-09-08,22.0,28.0,32.0,34.0,35.0,37.0,40.0,42.0,45.0,46.0,48.0,53.0,61.0,inferred
Broxbourne,2021-09-09,21.0,26.0,30.0,31.0,32.0,35.0,37.0,39.0,42.0,43.2,45.0,49.0,56.0,inferred
Broxbourne,2021-09-10,18.0,23.0,26.0,27.0,28.0,31.0,32.0,34.0,37.0,38.0,40.0,44.0,51.0,inferred
Broxbourne,2021-09-11,14.0,18.0,21.0,22.0,23.0,25.0,27.0,29.0,31.0,33.0,34.0,38.0,44.5,inferred
Broxbourne,2021-09-12,13.0,18.0,21.0,22.0,23.0,25.0,27.0,28.0,31.0,32.0,34.0,38.0,44.0,inferred
Broxbourne,2021-09-13,19.0,25.0,28.0,29.0,30.0,32.0,34.0,37.0,40.0,42.0,43.0,48.0,55.0,inferred
Broxbourne,2021-09-14,17.0,22.0,26.0,27.0,29.0,31.0,33.0,35.0,38.0,39.0,41.0,45.0,52.0,inferred
Broxbourne,2021-09-15,20.0,24.0,27.0,29.0,30.0,33.0,35.0,37.0,39.0,41.0,42.0,47.0,53.0,inferred
Broxbourne,2021-09-16,19.0,23.0,26.0,28.0,29.0,32.0,34.0,36.0,39.0,40.0,42.0,46.0,53.0,inferred
Broxbourne,2021-09-17,17.0,22.0,25.0,26.0,28.0,30.0,32.0,34.0,36.0,37.0,39.0,43.0,51.0,inferred
Broxbourne,2021-09-18,14.0,18.0,21.0,22.0,23.0,25.0,27.0,29.0,32.0,33.0,34.0,38.0,44.0,inferred
Broxbourne,2021-09-19,15.0,19.0,22.0,23.0,25.0,27.0,29.0,31.0,33.0,34.0,36.0,39.0,47.0,inferred
Broxbourne,2021-09-20,24.0,28.0,32.0,33.0,35.0,37.0,40.0,42.0,44.0,46.0,48.0,53.0,60.0,inferred
Broxbourne,2021-09-21,22.0,27.0,31.0,32.0,33.0,36.0,38.0,40.0,43.0,44.0,46.0,50.0,59.0,inferred
Broxbourne,2021-09-22,22.0,27.0,31.0,32.0,34.0,36.0,38.0,41.0,43.0,45.0,46.0,51.0,60.0,inferred
Broxbourne,2021-09-23,22.0,27.0,30.0,31.0,32.0,35.0,37.0,39.0,41.0,43.0,45.0,49.0,57.0,inferred
Broxbourne,2021-09-24,18.0,24.0,27.0,28.0,29.0,32.0,34.0,36.0,39.0,40.0,41.0,45.0,52.0,inferred
Broxbourne,2021-09-25,16.0,19.0,22.0,23.0,24.0,27.0,29.0,31.0,33.0,34.0,36.0,40.0,46.0,inferred
Broxbourne,2021-09-26,17.0,21.0,24.0,25.0,26.0,28.0,30.0,32.0,34.0,36.0,37.0,41.0,48.0,inferred
Broxbourne,2021-09-27,23.0,29.0,33.0,34.0,36.0,38.0,40.0,43.0,45.3,47.0,48.0,54.0,61.0,inferred
Broxbourne,2021-09-28,23.0,28.0,32.0,33.0,34.0,36.0,38.0,40.0,43.0,45.0,47.0,51.0,58.0,inferred
Broxbourne,2021-09-29,22.0,28.0,32.0,33.0,35.0,37.0,40.0,42.0,44.0,45.0,47.0,51.0,58.5,inferred
Broxbourne,2021-09-30,22.0,27.0,31.0,33.0,34.0,36.0,39.0,41.0,43.0,45.0,47.0,51.0,60.5,inferred
Broxbourne,2021-10-01,20.0,26.0,29.0,30.0,31.0,34.0,36.0,38.0,41.0,42.0,44.0,49.0,55.0,inferred
Broxbourne,2021-10-02,17.0,21.0,24.0,26.0,27.0,29.0,31.0,33.0,35.0,37.0,38.0,43.0,49.0,inferred
Broxbourne,2021-10-03,19.0,23.0,26.0,27.0,29.0,31.0,33.0,35.0,37.0,39.0,40.0,44.0,52.0,inferred
Broxbourne,2021-10-04,28.5,34.0,38.0,39.0,41.0,43.0,46.0,48.0,51.0,52.0,54.0,59.1,67.5,inferred
Broxbourne,2021-10-05,27.0,33.0,37.0,38.0,40.0,42.0,44.0,47.0,49.0,51.0,53.0,58.0,68.0,inferred
Broxbourne,2021-10-06,28.0,34.0,38.0,39.0,41.0,43.0,45.0,48.0,51.0,53.0,55.0,60.0,68.0,inferred
Broxbourne,2021-10-07,29.0,34.0,37.0,39.0,40.0,43.0,45.5,48.4,51.0,53.0,54.0,59.0,68.0,inferred
Broxbourne,2021-10-08,26.0,32.0,35.0,37.0,38.0,41.0,43.0,46.0,49.0,50.0,52.0,56.0,64.0,inferred
Broxbourne,2021-10-09,21.0,26.0,30.0,31.8,33.0,35.0,37.0,40.0,42.0,44.0,45.0,50.0,57.0,inferred
Broxbourne,2021-10-10,23.0,28.9,32.0,34.0,35.0,38.0,40.0,42.0,45.0,46.0,48.0,53.0,60.0,inferred
Broxbourne,2021-10-11,36.0,42.0,46.0,48.0,50.0,53.0,56.0,59.0,61.0,63.0,65.0,70.1,81.0,inferred
Broxbourne,2021-10-12,34.0,40.0,44.0,46.0,47.0,50.0,53.0,55.0,59.0,60.0,62.0,67.1,77.0,inferred
Broxbourne,2021-10-13,34.0,40.0,44.0,46.0,48.0,51.0,53.0,56.0,59.0,61.0,63.0,69.0,78.0,inferred
Broxbourne,2021-10-14,31.0,38.0,42.0,44.0,45.0,47.0,50.0,53.0,56.0,58.0,61.0,66.0,75.0,inferred
Broxbourne,2021-10-15,27.0,34.0,38.0,40.0,41.0,43.0,46.0,49.0,52.0,53.0,55.0,61.0,69.0,inferred
Broxtowe,2021-07-03,28.0,33.0,38.0,39.0,41.0,44.0,47.0,50.0,53.0,55.0,58.0,63.0,74.5,inferred
Broxtowe,2021-07-04,34.5,41.0,45.0,47.0,49.0,53.0,56.0,59.0,62.0,64.0,66.0,72.0,83.0,inferred
Broxtowe,2021-07-05,56.0,64.0,70.0,72.0,74.0,78.0,82.0,85.0,89.0,92.0,94.0,101.0,113.0,inferred
Broxtowe,2021-07-06,56.0,65.0,70.0,72.0,74.0,78.0,81.0,85.0,89.0,91.0,93.0,100.0,111.0,inferred
Broxtowe,2021-07-07,59.5,68.0,74.0,76.0,78.0,82.0,85.0,89.0,93.0,95.0,98.0,105.0,116.0,inferred
Broxtowe,2021-07-08,62.0,71.0,76.0,79.0,81.0,84.0,88.0,91.0,95.0,97.0,100.0,107.0,119.0,inferred
Broxtowe,2021-07-09,57.0,66.0,73.0,75.0,76.0,80.0,84.0,87.0,91.0,94.0,95.0,102.0,114.0,inferred
Broxtowe,2021-07-10,51.0,59.0,65.0,67.0,69.0,73.0,75.0,79.0,83.0,85.0,87.0,94.0,106.0,inferred
Broxtowe,2021-07-11,58.5,67.0,74.0,76.0,78.0,82.0,85.0,89.0,93.0,95.0,98.0,104.0,116.0,inferred
Broxtowe,2021-07-12,90.0,101.0,109.0,111.0,113.0,118.0,122.0,126.0,131.0,134.0,136.2,144.0,156.5,inferred
Broxtowe,2021-07-13,85.0,96.0,103.0,106.0,108.0,112.0,116.0,120.0,126.0,128.0,130.0,139.0,150.0,inferred
Broxtowe,2021-07-14,82.0,92.0,99.0,102.0,104.0,108.0,112.0,117.0,121.0,124.0,127.0,136.0,148.0,inferred
Broxtowe,2021-07-15,74.0,84.0,90.8,93.0,95.0,99.0,102.0,107.0,111.0,114.0,117.0,124.0,136.5,inferred
Broxtowe,2021-07-16,65.0,72.0,77.0,79.0,81.0,85.0,88.5,93.0,97.0,99.0,102.0,108.0,118.0,inferred
Broxtowe,2021-07-17,49.0,57.0,62.0,64.0,66.0,69.0,72.0,75.0,79.0,81.0,83.0,89.0,100.0,inferred
Broxtowe,2021-07-18,48.0,56.0,62.0,64.0,66.0,70.0,73.0,76.0,80.0,82.0,84.0,91.0,102.0,inferred
Broxtowe,2021-07-19,66.0,74.0,81.0,83.0,85.0,89.0,93.0,97.0,102.0,104.0,106.0,114.0,125.0,inferred
Broxtowe,2021-07-20,55.0,64.0,70.0,72.0,74.0,79.0,82.0,86.0,90.0,92.0,95.0,102.0,114.0,inferred
Broxtowe,2021-07-21,49.0,58.0,64.0,66.0,68.0,72.0,75.0,79.0,82.0,85.0,87.0,93.0,104.5,inferred
Broxtowe,2021-07-22,44.0,52.0,56.0,58.0,60.0,63.0,66.0,70.0,74.0,76.0,78.0,85.0,93.0,inferred
Broxtowe,2021-07-23,33.0,41.0,45.0,47.0,48.0,51.0,54.0,57.0,60.0,62.0,64.0,70.0,79.5,inferred
Broxtowe,2021-07-24,24.0,30.0,34.0,36.0,37.0,40.0,42.0,45.0,48.0,49.0,51.0,56.0,64.0,inferred
Broxtowe,2021-07-25,23.0,29.0,33.0,34.0,36.0,38.0,41.0,43.0,46.0,48.0,49.0,54.0,63.0,inferred
Broxtowe,2021-07-26,31.0,38.0,42.0,44.0,46.0,48.0,51.0,54.0,58.0,60.0,62.0,68.0,76.0,inferred
Broxtowe,2021-07-27,29.0,35.0,39.0,40.0,42.0,45.0,48.0,50.0,53.0,55.0,57.0,62.0,70.0,inferred
Broxtowe,2021-07-28,30.0,36.0,40.0,41.0,43.0,46.0,48.5,51.0,54.0,56.0,58.0,64.0,73.0,inferred
Broxtowe,2021-07-29,29.0,35.0,39.0,41.0,42.0,45.0,48.0,51.0,54.0,55.0,57.0,63.0,71.0,inferred
Broxtowe,2021-07-30,26.0,31.0,36.0,37.0,39.0,41.0,44.0,46.0,49.0,51.0,53.0,57.1,66.0,inferred
Broxtowe,2021-07-31,21.0,27.0,30.0,32.0,33.0,35.0,38.0,40.0,43.0,44.0,46.0,50.0,58.0,inferred
Broxtowe,2021-08-01,25.0,30.0,34.0,35.0,36.0,39.0,41.0,44.0,47.0,48.0,50.0,55.0,63.0,inferred
Broxtowe,2021-08-02,35.5,43.0,47.0,49.0,51.0,54.0,57.0,60.0,63.0,65.0,67.0,72.1,83.0,inferred
Broxtowe,2021-08-03,34.0,40.9,45.0,47.0,48.0,51.0,54.0,57.0,60.0,62.0,64.0,69.0,79.0,inferred
Broxtowe,2021-08-04,34.0,39.0,44.0,46.0,48.0,51.0,54.0,57.0,60.0,62.0,64.0,70.0,77.0,inferred
Broxtowe,2021-08-05,32.0,38.0,42.0,45.0,47.0,49.0,52.0,54.0,58.0,60.0,61.0,67.0,74.5,inferred
Broxtowe,2021-08-06,28.0,34.0,38.0,39.0,41.0,43.0,46.0,49.0,53.0,54.0,56.0,61.1,69.0,inferred
Broxtowe,2021-08-07,23.0,28.0,32.0,33.0,34.0,36.6,39.0,41.0,44.0,46.0,48.0,53.0,60.0,inferred
Broxtowe,2021-08-08,24.0,29.9,33.0,35.0,36.0,38.0,41.0,43.0,46.0,47.0,49.0,55.0,63.5,inferred
Broxtowe,2021-08-09,36.0,41.0,46.8,48.0,50.0,53.0,56.0,59.0,62.0,64.0,66.0,72.0,81.0,inferred
Broxtowe,2021-08-10,32.0,39.0,43.0,45.0,47.0,49.0,52.0,55.0,59.0,60.0,62.0,68.0,78.0,inferred
Broxtowe,2021-08-11,34.0,40.0,45.0,46.0,48.0,50.0,53.0,56.0,60.0,62.0,64.0,68.0,77.5,inferred
Broxtowe,2021-08-12,32.0,38.0,43.0,44.0,46.0,49.0,52.0,55.0,58.0,60.0,62.0,67.0,76.0,inferred
Broxtowe,2021-08-13,27.0,34.0,37.0,39.0,41.0,43.0,46.0,49.0,52.0,54.0,57.0,61.0,69.0,inferred
Broxtowe,2021-08-14,23.0,29.0,33.0,34.0,36.0,38.0,40.0,43.0,46.0,47.2,50.0,55.0,64.0,inferred
Broxtowe,2021-08-15,26.5,32.0,36.0,37.0,39.0,41.0,44.0,47.0,50.0,52.0,53.0,58.1,68.0,inferred
Broxtowe,2021-08-16,38.0,45.0,50.0,52.0,54.0,57.0,60.0,63.0,66.0,68.0,70.0,76.0,87.0,inferred
Broxtowe,2021-08-17,37.0,44.0,48.0,50.0,52.0,55.0,58.0,61.0,64.0,66.0,69.0,73.1,84.0,inferred
Broxtowe,2021-08-18,37.0,44.0,48.0,50.0,52.0,55.6,58.0,61.0,65.0,66.0,68.0,74.0,83.5,inferred
Broxtowe,2021-08-19,36.0,43.9,48.0,50.0,51.0,54.0,57.0,60.0,63.0,65.0,67.0,72.1,82.0,inferred
Broxtowe,2021-08-20,34.0,39.0,44.0,45.0,47.0,50.0,53.0,56.0,59.0,61.0,63.0,68.0,76.5,inferred
Broxtowe,2021-08-21,28.0,33.0,37.0,39.0,40.0,43.0,45.0,48.0,51.0,52.0,54.0,59.0,67.0,inferred
Broxtowe,2021-08-22,29.0,36.0,40.0,42.0,43.0,46.0,49.0,51.0,54.0,56.0,58.0,64.0,73.5,inferred
Broxtowe,2021-08-23,43.0,51.0,56.0,58.0,60.0,64.0,67.0,70.4,74.0,76.0,79.0,85.0,96.0,inferred
Broxtowe,2021-08-24,42.0,48.0,53.0,55.0,57.0,60.0,63.0,67.0,70.0,73.0,75.0,81.0,89.0,inferred
Broxtowe,2021-08-25,42.0,48.0,53.0,55.0,57.0,60.0,63.0,66.0,70.0,72.0,75.0,81.0,90.0,inferred
Broxtowe,2021-08-26,41.0,47.0,52.0,54.0,55.0,59.0,62.0,65.0,67.3,70.0,72.0,77.0,85.0,inferred
Broxtowe,2021-08-27,35.0,42.0,46.0,47.0,49.0,52.0,55.0,58.0,61.0,62.0,65.0,71.0,79.5,inferred
Broxtowe,2021-08-28,29.0,34.0,38.0,40.0,41.0,44.0,47.0,50.0,53.0,55.0,56.0,61.0,69.0,inferred
Broxtowe,2021-08-29,31.0,37.0,41.0,43.0,44.0,47.0,49.0,52.0,55.0,57.0,59.0,65.0,73.0,inferred
Broxtowe,2021-08-30,44.0,52.0,57.0,58.0,60.0,64.0,68.0,71.0,74.0,76.0,78.0,84.0,93.0,inferred
Broxtowe,2021-08-31,42.0,48.0,53.0,55.0,57.0,60.0,63.0,66.0,70.0,72.0,74.0,80.0,90.0,inferred
Broxtowe,2021-09-01,41.0,48.0,53.0,55.0,56.0,59.0,62.0,65.0,69.3,71.0,73.0,80.0,89.0,inferred
Broxtowe,2021-09-02,40.0,45.0,50.0,52.0,55.0,58.0,61.0,64.0,67.0,69.0,71.0,76.0,84.5,inferred
Broxtowe,2021-09-03,34.0,40.0,45.0,47.0,48.0,51.0,54.0,57.0,60.0,62.0,64.2,69.0,77.5,inferred
Broxtowe,2021-09-04,27.5,34.0,38.0,39.0,40.0,43.0,45.5,48.0,51.0,53.0,55.0,59.0,69.0,inferred
Broxtowe,2021-09-05,30.0,35.0,39.0,41.0,42.0,45.0,48.0,51.0,54.0,56.0,58.0,64.0,72.5,inferred
Broxtowe,2021-09-06,42.0,49.0,54.0,56.0,58.0,61.0,64.0,67.0,71.0,73.0,75.0,82.0,92.0,inferred
Broxtowe,2021-09-07,38.0,45.0,49.0,51.0,52.0,55.0,59.0,62.0,65.0,67.0,69.0,75.0,86.0,inferred
Broxtowe,2021-09-08,36.0,43.0,48.0,49.0,51.0,53.0,56.0,60.0,63.0,64.0,67.0,73.0,82.0,inferred
Broxtowe,2021-09-09,33.0,38.0,43.0,44.0,46.0,49.0,52.0,55.0,58.0,60.0,62.0,68.0,75.0,inferred
Broxtowe,2021-09-10,25.0,32.0,36.0,38.0,39.0,42.0,44.0,47.0,50.0,52.0,54.0,58.0,66.0,inferred
Broxtowe,2021-09-11,20.5,25.0,28.0,30.0,31.0,33.0,36.0,38.0,41.0,43.0,44.0,49.0,57.0,inferred
Broxtowe,2021-09-12,20.0,26.0,29.0,31.0,32.0,34.0,36.0,38.0,41.0,43.0,44.0,50.0,58.0,inferred
Broxtowe,2021-09-13,30.0,35.0,39.0,41.0,42.0,45.0,47.0,50.0,53.0,55.0,57.0,63.0,72.0,inferred
Broxtowe,2021-09-14,27.0,33.0,37.8,39.0,40.0,43.0,46.0,49.0,52.0,54.0,56.0,61.0,69.0,inferred
Broxtowe,2021-09-15,30.5,36.0,41.0,43.0,44.7,47.0,50.0,52.0,56.0,57.0,59.0,65.0,74.0,inferred
Broxtowe,2021-09-16,34.0,39.0,43.0,45.0,47.0,50.0,53.0,55.0,59.0,60.0,63.0,69.0,78.0,inferred
Broxtowe,2021-09-17,31.5,38.0,42.0,44.0,45.0,48.0,51.0,54.0,56.0,58.0,60.0,66.0,74.0,inferred
Broxtowe,2021-09-18,29.0,34.0,39.0,40.0,42.0,44.6,47.0,50.0,53.0,55.0,57.0,63.0,73.0,inferred
Broxtowe,2021-09-19,35.0,41.0,45.0,47.0,49.0,52.0,54.0,57.0,60.0,62.0,64.0,70.0,78.0,inferred
Broxtowe,2021-09-20,51.5,61.0,66.0,68.0,70.0,74.0,78.0,82.0,86.0,88.0,90.0,97.0,107.0,inferred
Broxtowe,2021-09-21,52.0,59.0,64.0,66.0,69.0,73.0,76.0,80.0,84.0,86.0,88.0,94.1,106.0,inferred
Broxtowe,2021-09-22,52.0,60.0,65.0,67.0,69.0,73.0,76.0,80.0,83.0,85.0,88.0,94.0,105.5,inferred
Broxtowe,2021-09-23,48.0,55.0,61.0,63.0,65.0,68.0,72.0,75.0,79.0,81.0,84.0,91.0,100.0,inferred
Broxtowe,2021-09-24,41.0,48.0,54.0,56.0,57.0,61.0,64.0,67.0,71.0,73.0,75.0,81.0,91.0,inferred
Broxtowe,2021-09-25,34.0,40.0,44.0,46.0,48.0,51.0,53.0,56.0,59.0,61.0,63.0,68.0,78.0,inferred
Broxtowe,2021-09-26,35.0,42.0,47.0,49.0,51.0,54.0,56.0,59.0,62.0,64.0,66.0,72.0,81.5,inferred
Broxtowe,2021-09-27,50.0,58.0,63.8,66.0,68.0,72.0,75.0,78.0,82.0,84.0,87.0,93.0,104.0,inferred
Broxtowe,2021-09-28,48.0,55.0,60.0,62.0,65.0,68.0,71.0,75.0,79.0,81.0,84.0,90.0,99.0,inferred
Broxtowe,2021-09-29,49.0,56.0,61.0,64.0,66.0,69.0,72.0,76.0,80.0,82.0,85.0,91.0,100.5,inferred
Broxtowe,2021-09-30,47.0,55.0,60.0,62.0,64.0,67.0,71.0,74.0,78.0,80.0,83.0,89.0,100.0,inferred
Broxtowe,2021-10-01,43.0,49.0,54.0,56.0,58.0,61.0,65.0,68.0,71.0,73.0,75.0,82.0,92.0,inferred
Broxtowe,2021-10-02,35.0,42.0,47.0,49.0,50.0,54.0,56.5,60.0,63.0,65.0,67.0,73.1,81.5,inferred
Broxtowe,2021-10-03,39.0,47.0,51.0,53.0,54.0,57.0,60.0,63.0,67.0,69.0,71.0,76.0,84.0,inferred
Broxtowe,2021-10-04,57.0,67.0,72.0,75.0,77.0,80.0,84.0,88.0,92.0,94.0,97.0,105.0,116.0,inferred
Broxtowe,2021-10-05,54.0,62.0,68.0,70.0,72.0,76.0,80.0,83.0,86.0,88.0,91.0,97.0,109.5,inferred
Broxtowe,2021-10-06,51.0,61.0,67.0,69.0,71.0,75.0,78.0,82.0,85.0,87.0,89.2,96.0,107.5,inferred
Broxtowe,2021-10-07,50.0,58.0,63.0,65.0,67.0,71.0,74.0,77.0,80.0,82.0,85.0,92.0,102.5,inferred
Broxtowe,2021-10-08,44.0,50.0,56.0,57.0,59.0,62.0,66.0,69.0,72.0,74.0,76.0,82.0,92.0,inferred
Broxtowe,2021-10-09,33.0,40.0,45.0,46.0,48.0,51.0,54.0,57.0,61.0,62.2,64.0,70.0,80.5,inferred
Broxtowe,2021-10-10,36.0,42.0,48.0,50.0,51.0,54.0,57.0,60.0,63.0,65.0,67.0,73.0,81.0,inferred
Broxtowe,2021-10-11,48.0,58.0,63.0,65.0,68.0,72.0,76.0,79.0,83.0,85.0,88.0,94.0,104.0,inferred
Broxtowe,2021-10-12,45.0,53.0,59.0,61.0,62.0,66.0,69.0,73.0,76.0,78.0,80.0,88.0,98.0,inferred
Broxtowe,2021-10-13,44.0,51.0,56.0,59.0,60.0,63.0,67.0,70.0,74.0,76.0,78.0,84.0,94.0,inferred
Broxtowe,2021-10-14,40.0,47.0,52.0,54.0,56.0,59.0,63.0,66.0,69.0,72.0,74.0,80.0,91.0,inferred
Broxtowe,2021-10-15,33.0,40.0,44.0,46.0,48.0,51.0,54.0,57.0,60.0,63.0,65.0,71.0,81.0,inferred
Buckinghamshire,2021-07-03,109.0,121.0,130.0,134.0,137.0,143.0,148.0,154.0,159.0,163.0,166.0,176.0,193.0,inferred
Buckinghamshire,2021-07-04,118.0,130.0,139.0,142.0,146.0,152.0,157.0,162.0,168.0,172.0,176.0,185.1,202.5,inferred
Buckinghamshire,2021-07-05,169.0,186.0,195.0,198.0,202.0,209.0,215.0,221.0,227.0,230.0,235.0,247.0,271.0,inferred
Buckinghamshire,2021-07-06,170.0,185.0,196.0,200.0,204.0,211.0,218.0,224.0,232.0,235.0,240.0,252.0,269.0,inferred
Buckinghamshire,2021-07-07,185.0,201.0,212.0,215.0,220.0,227.0,233.0,240.0,247.0,251.0,255.0,266.1,285.0,inferred
Buckinghamshire,2021-07-08,189.0,202.0,213.0,218.0,222.0,229.0,236.0,243.0,250.0,254.0,258.0,271.0,292.5,inferred
Buckinghamshire,2021-07-09,187.5,202.0,213.0,217.0,221.0,228.0,234.0,240.0,248.0,252.0,257.0,268.0,289.0,inferred
Buckinghamshire,2021-07-10,168.0,183.0,193.0,198.0,201.0,208.0,214.0,220.0,228.0,232.0,236.0,249.0,267.5,inferred
Buckinghamshire,2021-07-11,184.5,201.0,212.0,216.0,221.0,229.0,236.0,243.0,252.0,256.0,261.0,273.0,295.0,inferred
Buckinghamshire,2021-07-12,271.0,293.0,308.0,313.0,318.0,328.0,337.0,348.0,355.0,361.0,367.0,383.0,410.0,inferred
Buckinghamshire,2021-07-13,270.0,293.0,307.0,313.0,318.0,328.0,336.0,346.0,358.0,364.0,368.0,384.0,410.0,inferred
Buckinghamshire,2021-07-14,278.0,298.0,312.0,316.0,320.0,328.0,337.0,345.0,355.0,361.0,368.0,384.0,407.0,inferred
Buckinghamshire,2021-07-15,254.0,278.0,292.0,296.8,302.0,310.0,318.0,327.0,336.0,341.0,347.0,361.0,384.0,inferred
Buckinghamshire,2021-07-16,234.5,251.9,264.0,269.0,274.0,284.0,291.0,298.0,307.0,312.0,318.0,334.0,355.0,inferred
Buckinghamshire,2021-07-17,192.5,213.0,224.0,228.0,232.7,240.0,246.0,253.0,260.0,265.0,269.0,282.0,305.5,inferred
Buckinghamshire,2021-07-18,199.0,216.0,227.0,233.0,237.0,244.0,251.0,259.0,265.0,269.0,275.0,288.0,308.0,inferred
Buckinghamshire,2021-07-19,266.0,286.0,301.0,306.0,311.0,320.0,330.0,338.0,348.0,352.2,357.0,372.1,396.0,inferred
Buckinghamshire,2021-07-20,243.5,266.0,280.0,285.0,290.0,298.0,306.0,314.0,323.0,328.0,334.0,353.0,375.0,inferred
Buckinghamshire,2021-07-21,230.9,251.0,262.0,266.0,270.0,279.0,285.0,294.0,304.0,308.0,312.0,327.0,354.0,inferred
Buckinghamshire,2021-07-22,200.0,215.0,227.8,232.0,236.0,243.0,250.0,257.0,264.0,269.0,274.0,288.0,310.0,inferred
Buckinghamshire,2021-07-23,163.0,180.0,191.0,194.0,198.0,206.0,213.0,219.0,227.0,230.0,234.0,246.0,267.0,inferred
Buckinghamshire,2021-07-24,125.0,139.9,149.0,152.0,156.0,162.0,168.0,174.0,179.0,183.0,187.0,198.1,218.0,inferred
Buckinghamshire,2021-07-25,116.0,131.0,139.0,144.0,146.0,152.0,158.0,164.0,170.0,173.0,177.0,188.0,204.5,inferred
Buckinghamshire,2021-07-26,149.0,163.0,175.0,179.0,183.0,190.0,196.0,202.0,209.0,214.0,218.2,231.0,250.5,inferred
Buckinghamshire,2021-07-27,136.0,151.9,161.0,166.0,169.0,177.0,183.0,190.0,195.3,199.2,204.0,215.0,235.0,inferred
Buckinghamshire,2021-07-28,136.0,152.0,163.0,167.0,170.0,177.0,182.0,189.0,195.0,199.0,203.2,214.0,233.0,inferred
Buckinghamshire,2021-07-29,130.5,145.0,155.0,159.0,163.0,169.0,176.0,182.0,188.0,192.0,197.0,209.0,227.0,inferred
Buckinghamshire,2021-07-30,121.0,135.0,145.0,148.0,151.0,158.0,164.0,171.0,177.0,180.0,184.0,195.0,211.0,inferred
Buckinghamshire,2021-07-31,103.5,118.0,125.0,128.0,132.0,137.0,142.0,148.0,153.3,157.0,161.0,171.0,188.0,inferred
Buckinghamshire,2021-08-01,108.0,120.0,129.0,133.0,135.0,140.6,146.0,153.0,160.0,163.2,167.0,179.0,196.5,inferred
Buckinghamshire,2021-08-02,149.5,166.0,175.0,181.0,185.0,191.0,198.0,204.0,211.0,215.0,220.0,233.0,251.5,inferred
Buckinghamshire,2021-08-03,147.5,163.0,174.0,177.8,181.0,188.0,194.0,201.0,208.0,213.0,216.2,229.0,251.5,inferred
Buckinghamshire,2021-08-04,150.5,167.0,177.0,181.0,185.0,192.0,199.0,204.0,212.0,216.0,221.0,233.0,249.5,inferred
Buckinghamshire,2021-08-05,145.0,161.0,171.0,175.8,180.0,187.0,193.0,198.0,205.0,209.0,212.0,224.0,244.0,inferred
Buckinghamshire,2021-08-06,135.0,151.0,161.0,166.0,169.0,175.0,181.0,187.0,194.0,198.0,202.2,213.0,231.0,inferred
Buckinghamshire,2021-08-07,116.0,129.9,139.0,142.0,146.0,151.0,157.0,163.0,169.0,173.0,177.0,188.0,203.0,inferred
Buckinghamshire,2021-08-08,123.0,136.0,146.0,150.0,153.0,160.0,166.0,171.0,177.3,182.0,186.0,197.0,216.5,inferred
Buckinghamshire,2021-08-09,171.0,190.9,202.0,206.0,211.0,218.0,226.0,233.0,241.0,245.0,250.0,263.0,285.0,inferred
Buckinghamshire,2021-08-10,170.0,187.0,199.0,204.0,208.0,215.0,221.0,228.0,236.0,242.0,247.0,258.0,278.0,inferred
Buckinghamshire,2021-08-11,177.0,195.9,207.0,213.0,216.0,224.0,231.0,239.0,247.0,252.0,256.0,272.0,294.0,inferred
Buckinghamshire,2021-08-12,175.0,192.0,204.0,208.0,212.0,219.6,227.0,233.0,241.0,244.2,249.0,261.0,281.0,inferred
Buckinghamshire,2021-08-13,166.0,183.0,192.0,198.0,202.0,208.0,215.5,223.0,230.0,234.2,239.0,251.0,269.0,inferred
Buckinghamshire,2021-08-14,141.0,158.0,170.0,173.0,177.0,183.0,189.0,194.0,202.0,206.0,210.0,221.0,240.0,inferred
Buckinghamshire,2021-08-15,152.0,168.0,178.0,182.0,186.0,192.0,198.0,204.0,211.0,214.0,219.0,231.0,246.5,inferred
Buckinghamshire,2021-08-16,212.5,231.0,246.0,252.0,256.0,265.0,273.0,280.0,289.0,293.0,298.0,313.0,335.5,inferred
Buckinghamshire,2021-08-17,207.0,227.0,239.0,244.0,248.0,257.0,265.0,272.0,280.0,284.0,288.2,302.0,322.5,inferred
Buckinghamshire,2021-08-18,209.5,228.0,241.0,245.0,250.0,259.0,266.0,273.0,281.0,286.0,291.0,306.0,329.0,inferred
Buckinghamshire,2021-08-19,195.5,215.0,225.0,229.0,234.0,241.0,248.0,256.0,264.0,268.2,274.0,288.1,309.0,inferred
Buckinghamshire,2021-08-20,175.5,193.0,204.0,208.0,213.0,220.0,226.0,232.0,241.0,245.0,250.0,263.0,280.5,inferred
Buckinghamshire,2021-08-21,145.5,160.0,171.0,174.0,178.0,185.0,192.0,198.0,205.0,208.0,213.0,224.1,242.0,inferred
Buckinghamshire,2021-08-22,150.0,163.9,174.0,177.0,181.0,188.0,194.0,201.0,209.0,213.0,217.0,229.1,246.0,inferred
Buckinghamshire,2021-08-23,201.0,223.0,235.0,239.0,243.0,252.0,260.0,267.0,275.0,280.0,285.0,300.0,321.0,inferred
Buckinghamshire,2021-08-24,195.5,213.0,224.0,229.0,234.0,242.0,249.0,256.0,263.0,268.0,273.0,286.0,307.5,inferred
Buckinghamshire,2021-08-25,203.0,222.0,233.0,238.0,242.0,248.0,256.0,264.0,271.0,276.0,281.0,293.0,315.5,inferred
Buckinghamshire,2021-08-26,194.5,211.0,222.0,226.0,231.0,239.0,246.0,253.0,260.0,265.0,270.0,284.0,306.0,inferred
Buckinghamshire,2021-08-27,180.5,199.0,211.0,215.0,220.0,227.0,234.0,241.0,248.0,252.0,257.0,268.0,285.5,inferred
Buckinghamshire,2021-08-28,155.0,170.0,180.0,184.0,187.0,194.0,200.0,207.0,214.0,218.0,222.0,234.0,252.0,inferred
Buckinghamshire,2021-08-29,164.0,178.0,189.0,193.0,196.0,202.0,209.0,217.0,224.0,228.2,233.0,246.0,266.5,inferred
Buckinghamshire,2021-08-30,226.0,246.0,258.0,263.0,269.0,277.0,284.0,291.0,300.3,306.0,311.0,325.1,352.5,inferred
Buckinghamshire,2021-08-31,222.5,240.9,253.0,258.0,263.0,271.0,278.0,286.0,294.0,298.0,303.2,319.0,343.5,inferred
Buckinghamshire,2021-09-01,224.5,240.0,253.0,257.0,262.0,270.0,277.5,285.0,295.0,299.0,305.0,320.1,344.0,inferred
Buckinghamshire,2021-09-02,208.0,224.0,235.8,241.0,246.0,253.0,260.0,266.0,275.0,280.0,285.0,299.0,321.5,inferred
Buckinghamshire,2021-09-03,185.0,203.0,215.0,219.0,223.0,231.0,238.0,245.0,254.0,258.0,262.0,275.1,296.0,inferred
Buckinghamshire,2021-09-04,154.0,172.0,181.0,185.0,189.0,196.0,202.0,208.0,214.0,218.0,223.0,235.0,255.0,inferred
Buckinghamshire,2021-09-05,157.0,173.0,183.0,187.0,191.0,198.0,204.0,210.0,217.0,221.0,225.0,238.0,255.5,inferred
Buckinghamshire,2021-09-06,215.0,234.0,247.0,252.0,256.0,265.0,272.0,280.0,287.0,293.0,298.0,310.0,331.5,inferred
Buckinghamshire,2021-09-07,202.0,219.0,232.0,236.0,240.0,248.6,257.0,263.4,272.0,276.0,281.0,292.0,314.0,inferred
Buckinghamshire,2021-09-08,196.0,211.0,224.0,228.8,233.0,242.0,249.0,256.0,263.0,267.0,272.2,285.0,307.0,inferred
Buckinghamshire,2021-09-09,175.5,193.0,205.0,210.0,213.0,221.6,228.0,234.0,241.3,246.0,250.0,263.0,284.0,inferred
Buckinghamshire,2021-09-10,155.0,172.0,183.0,187.0,191.0,198.0,204.0,209.0,217.0,221.2,226.0,237.0,255.5,inferred
Buckinghamshire,2021-09-11,126.0,138.0,148.0,152.0,155.0,162.0,168.0,174.0,180.0,184.2,188.0,199.0,215.0,inferred
Buckinghamshire,2021-09-12,123.0,138.0,146.0,150.0,154.0,159.0,166.0,171.0,177.0,180.2,185.0,196.0,213.0,inferred
Buckinghamshire,2021-09-13,166.0,183.0,194.0,198.0,202.0,210.0,218.0,225.0,231.0,236.0,241.0,253.0,273.5,inferred
Buckinghamshire,2021-09-14,161.5,177.0,188.0,194.0,198.0,205.0,212.0,219.0,226.0,231.0,235.0,247.1,264.0,inferred
Buckinghamshire,2021-09-15,173.0,190.9,201.0,204.0,209.0,217.0,223.0,229.0,238.0,242.0,247.0,260.0,281.0,inferred
Buckinghamshire,2021-09-16,172.5,191.0,203.0,206.0,210.0,217.0,224.5,231.0,239.0,243.0,248.0,260.0,279.0,inferred
Buckinghamshire,2021-09-17,171.0,186.0,198.0,202.0,205.0,213.0,220.0,226.0,234.0,239.0,242.0,255.0,275.5,inferred
Buckinghamshire,2021-09-18,148.0,164.0,175.0,179.0,183.0,190.0,197.0,204.0,210.0,214.0,219.0,232.0,248.0,inferred
Buckinghamshire,2021-09-19,162.5,178.0,190.0,194.0,198.0,205.6,212.0,219.0,226.0,230.0,235.0,246.0,266.0,inferred
Buckinghamshire,2021-09-20,234.5,256.0,269.0,274.0,279.0,287.6,297.0,304.0,313.0,319.0,324.0,342.0,364.0,inferred
Buckinghamshire,2021-09-21,238.0,258.0,269.0,274.8,278.7,287.0,295.0,303.0,312.0,318.0,323.0,337.0,358.5,inferred
Buckinghamshire,2021-09-22,238.5,259.0,273.0,278.0,283.0,291.0,299.0,309.0,317.3,323.0,329.0,345.0,368.0,inferred
Buckinghamshire,2021-09-23,229.5,250.0,265.0,270.0,275.0,283.0,291.0,298.0,306.0,311.0,317.0,331.0,362.5,inferred
Buckinghamshire,2021-09-24,217.0,235.0,246.0,251.0,256.0,263.0,271.0,278.0,287.0,292.0,296.0,311.0,334.0,inferred
Buckinghamshire,2021-09-25,183.0,200.9,211.0,216.0,220.0,228.0,234.0,241.0,249.0,254.0,258.0,273.0,294.5,inferred
Buckinghamshire,2021-09-26,194.0,210.0,222.0,226.0,230.0,238.0,244.0,250.0,259.0,263.0,268.0,281.0,303.0,inferred
Buckinghamshire,2021-09-27,270.0,290.0,304.0,308.8,314.0,323.0,332.0,341.0,351.0,356.0,362.0,380.0,402.0,inferred
Buckinghamshire,2021-09-28,261.0,283.0,298.0,304.0,310.0,318.0,328.0,336.0,346.0,351.0,357.0,372.0,395.0,inferred
Buckinghamshire,2021-09-29,272.5,296.0,308.0,312.0,317.0,327.0,336.0,343.0,353.0,359.0,365.0,380.0,404.0,inferred
Buckinghamshire,2021-09-30,265.5,286.0,299.0,304.0,307.0,316.0,325.0,333.0,343.0,348.0,353.0,367.0,391.0,inferred
Buckinghamshire,2021-10-01,247.5,268.0,280.0,286.0,290.0,298.0,307.0,314.0,324.0,329.0,334.0,351.0,376.0,inferred
Buckinghamshire,2021-10-02,213.5,230.0,243.0,247.0,252.0,260.0,268.0,276.0,284.0,288.2,293.2,307.0,333.0,inferred
Buckinghamshire,2021-10-03,223.0,239.0,254.0,258.0,262.0,269.0,278.0,287.0,295.0,299.0,304.0,317.0,341.0,inferred
Buckinghamshire,2021-10-04,310.0,337.0,352.0,358.0,364.0,374.0,383.0,392.0,402.0,408.0,415.2,432.1,455.5,inferred
Buckinghamshire,2021-10-05,312.5,332.0,348.0,354.0,359.0,367.0,377.0,386.0,397.0,404.0,410.0,428.0,451.5,inferred
Buckinghamshire,2021-10-06,324.0,346.0,360.0,365.0,370.0,381.0,391.0,400.0,410.0,415.0,422.0,439.0,467.0,inferred
Buckinghamshire,2021-10-07,320.5,339.0,353.0,360.0,366.0,375.0,383.0,393.0,404.0,410.0,416.2,432.0,453.5,inferred
Buckinghamshire,2021-10-08,302.5,324.0,339.0,344.8,350.7,360.0,369.0,377.0,387.0,392.0,398.0,414.1,440.0,inferred
Buckinghamshire,2021-10-09,264.0,284.0,297.0,302.0,307.0,316.0,325.0,333.0,342.0,347.0,352.0,367.0,392.0,inferred
Buckinghamshire,2021-10-10,283.0,303.0,317.0,322.0,327.0,336.0,345.0,353.0,362.0,367.0,372.0,389.0,413.0,inferred
Buckinghamshire,2021-10-11,398.5,426.0,445.8,451.0,457.0,469.0,479.0,489.4,500.0,507.0,515.0,534.1,558.0,inferred
Buckinghamshire,2021-10-12,391.5,418.9,438.0,446.0,452.0,463.0,474.0,484.0,493.3,500.0,507.0,528.0,561.0,inferred
Buckinghamshire,2021-10-13,413.0,439.0,454.0,461.0,467.0,478.0,489.0,499.0,509.0,516.0,523.0,545.0,577.0,inferred
Buckinghamshire,2021-10-14,391.0,420.0,439.0,445.8,452.0,465.0,475.5,487.0,499.0,506.0,514.0,534.1,566.5,inferred
Buckinghamshire,2021-10-15,366.5,397.0,416.0,423.0,430.0,442.0,453.0,465.0,477.0,485.0,493.0,514.0,549.5,inferred
Burnley,2021-07-03,32.0,37.0,42.0,44.0,45.0,48.0,50.0,52.0,55.0,56.0,58.0,62.0,70.0,inferred
Burnley,2021-07-04,35.5,41.0,45.0,46.0,48.0,50.0,53.0,55.0,58.0,59.0,61.0,66.0,72.0,inferred
Burnley,2021-07-05,52.0,59.0,63.0,65.0,67.0,70.0,73.0,75.0,79.0,80.0,83.0,89.0,97.0,inferred
Burnley,2021-07-06,49.0,56.0,61.0,63.0,64.0,67.0,69.0,72.0,75.0,77.0,79.0,84.0,93.0,inferred
Burnley,2021-07-07,52.0,57.0,62.0,64.0,66.0,69.0,72.0,74.0,78.0,80.0,81.2,87.1,96.0,inferred
Burnley,2021-07-08,50.0,57.0,62.0,64.0,66.0,69.0,71.0,75.0,78.0,80.0,82.0,88.0,96.0,inferred
Burnley,2021-07-09,45.0,52.0,57.0,58.0,60.0,62.0,65.0,68.0,71.0,73.0,75.0,81.0,90.0,inferred
Burnley,2021-07-10,37.0,43.0,47.0,49.0,51.0,54.0,56.0,59.0,61.0,63.0,65.0,71.0,79.0,inferred
Burnley,2021-07-11,41.5,48.0,52.8,54.0,55.0,58.0,61.0,63.0,67.0,68.0,70.0,75.0,84.0,inferred
Burnley,2021-07-12,63.0,71.0,78.0,79.0,81.0,85.0,88.0,91.0,95.0,97.0,99.0,105.0,115.5,inferred
Burnley,2021-07-13,61.5,68.0,73.0,75.0,77.0,80.0,83.0,86.0,90.0,92.0,95.0,101.0,111.0,inferred
Burnley,2021-07-14,60.5,69.0,74.0,76.0,78.0,81.0,84.0,88.0,91.0,94.0,96.0,102.0,111.5,inferred
Burnley,2021-07-15,58.0,65.0,70.0,72.0,74.0,78.0,81.0,84.0,88.0,90.0,92.0,98.0,108.5,inferred
Burnley,2021-07-16,49.0,56.0,60.0,62.0,64.0,67.0,70.0,73.0,76.0,78.0,79.0,86.0,95.0,inferred
Burnley,2021-07-17,40.0,45.0,49.0,51.0,52.0,54.0,57.0,60.0,63.0,64.0,66.0,72.0,79.5,inferred
Burnley,2021-07-18,39.5,47.0,51.0,53.0,54.0,57.0,60.0,62.0,66.0,68.0,70.0,75.0,83.0,inferred
Burnley,2021-07-19,57.0,64.0,71.0,72.0,74.0,78.0,81.0,84.0,88.0,90.0,92.0,98.0,110.5,inferred
Burnley,2021-07-20,50.0,58.0,63.0,65.0,66.0,70.0,73.0,76.0,79.0,81.0,83.0,90.0,99.0,inferred
Burnley,2021-07-21,47.0,53.0,58.0,60.0,62.0,65.0,68.0,70.0,74.0,76.0,78.0,84.0,94.0,inferred
Burnley,2021-07-22,39.0,46.0,51.0,52.0,54.0,57.0,59.0,62.0,66.0,68.0,70.0,75.0,85.0,inferred
Burnley,2021-07-23,32.0,38.0,42.0,43.0,45.0,47.0,49.0,52.0,55.0,56.0,58.0,62.0,69.5,inferred
Burnley,2021-07-24,24.0,28.0,31.0,32.0,34.0,36.0,38.0,40.0,43.0,45.0,46.0,50.0,57.0,inferred
Burnley,2021-07-25,22.0,27.0,30.0,31.0,33.0,35.0,37.0,39.0,42.0,43.0,44.0,49.0,54.0,inferred
Burnley,2021-07-26,31.0,36.0,40.0,42.0,43.0,46.0,48.0,50.0,53.0,55.0,56.0,62.0,70.0,inferred
Burnley,2021-07-27,27.0,32.0,36.0,38.0,39.0,42.0,44.0,46.0,49.0,50.0,52.0,56.0,64.0,inferred
Burnley,2021-07-28,27.0,33.0,36.0,38.0,39.0,41.0,44.0,46.0,49.0,50.0,52.0,56.1,65.5,inferred
Burnley,2021-07-29,26.0,31.0,35.0,36.0,38.0,40.0,42.0,44.0,47.0,48.0,50.0,54.0,61.0,inferred
Burnley,2021-07-30,22.0,27.0,30.0,32.0,33.0,35.0,37.0,39.0,41.0,42.0,44.0,48.0,54.0,inferred
Burnley,2021-07-31,17.0,21.0,24.0,25.0,26.0,28.0,30.0,32.0,34.0,36.0,37.0,41.0,47.5,inferred
Burnley,2021-08-01,18.0,23.0,25.0,27.0,28.0,30.0,32.0,34.0,36.0,38.0,39.0,43.0,49.0,inferred
Burnley,2021-08-02,29.0,33.0,37.0,38.0,39.0,42.0,44.0,47.0,49.0,51.0,52.0,57.0,64.0,inferred
Burnley,2021-08-03,24.0,30.0,34.0,36.0,37.0,39.0,42.0,44.0,46.0,48.0,49.0,54.0,60.0,inferred
Burnley,2021-08-04,26.0,31.0,34.0,35.0,37.0,39.0,41.0,44.0,46.0,47.0,49.0,53.0,61.0,inferred
Burnley,2021-08-05,24.0,29.0,32.0,34.0,35.0,38.0,39.0,41.0,44.0,45.0,47.0,52.0,59.0,inferred
Burnley,2021-08-06,21.0,25.0,28.0,29.0,30.0,32.0,34.0,37.0,39.0,41.0,42.0,46.0,53.0,inferred
Burnley,2021-08-07,16.0,20.0,22.0,24.0,25.0,27.0,29.0,31.0,32.3,34.0,35.0,39.0,46.0,inferred
Burnley,2021-08-08,17.0,21.0,24.0,25.0,26.0,29.0,30.0,32.0,34.0,36.0,37.0,41.0,48.0,inferred
Burnley,2021-08-09,26.0,31.0,34.0,35.0,37.0,39.0,41.0,44.0,47.0,48.0,50.0,54.0,62.5,inferred
Burnley,2021-08-10,23.0,28.0,32.0,33.0,34.0,37.0,39.0,41.0,44.0,45.0,47.0,51.0,57.0,inferred
Burnley,2021-08-11,23.0,28.0,32.0,33.0,34.0,36.0,38.0,41.0,43.0,45.0,46.0,51.0,58.0,inferred
Burnley,2021-08-12,22.0,26.0,29.0,31.0,32.0,34.0,37.0,39.0,41.0,43.0,44.0,48.0,54.0,inferred
Burnley,2021-08-13,18.0,22.0,25.0,26.0,27.0,29.0,31.0,33.0,35.0,37.0,38.0,42.0,49.0,inferred
Burnley,2021-08-14,14.0,17.0,20.0,21.0,22.0,24.0,25.0,27.0,29.0,30.0,32.0,35.0,42.0,inferred
Burnley,2021-08-15,14.0,18.0,21.0,22.0,23.0,25.0,27.0,29.0,31.0,32.0,33.0,37.0,43.0,inferred
Burnley,2021-08-16,22.0,27.0,30.0,31.0,32.0,34.0,36.0,39.0,41.0,43.0,44.0,48.0,56.0,inferred
Burnley,2021-08-17,19.0,24.0,28.0,29.0,30.0,33.0,34.0,37.0,39.0,40.0,42.0,46.0,52.0,inferred
Burnley,2021-08-18,20.0,25.0,28.0,29.0,31.0,33.0,35.0,37.0,39.0,41.0,42.0,46.0,53.0,inferred
Burnley,2021-08-19,20.0,24.0,27.0,28.0,30.0,32.0,34.0,36.0,38.0,40.0,42.0,46.0,53.0,inferred
Burnley,2021-08-20,18.0,22.0,24.0,25.0,27.0,29.0,30.0,32.0,35.0,36.0,37.0,41.0,48.0,inferred
Burnley,2021-08-21,14.0,18.0,21.0,22.0,23.0,24.0,26.0,28.0,30.0,31.0,32.0,35.0,41.0,inferred
Burnley,2021-08-22,15.5,19.0,22.0,24.0,25.0,26.0,28.0,30.0,32.0,33.0,35.0,38.0,45.5,inferred
Burnley,2021-08-23,23.0,29.0,33.0,34.0,35.0,38.0,40.0,42.0,44.0,46.0,47.0,52.0,60.0,inferred
Burnley,2021-08-24,22.0,27.0,30.0,32.0,33.0,35.0,38.0,40.0,42.0,44.0,45.0,49.0,56.0,inferred
Burnley,2021-08-25,23.5,29.0,32.0,33.0,34.0,37.0,38.5,41.0,43.0,44.0,46.0,50.0,57.0,inferred
Burnley,2021-08-26,23.0,27.0,31.0,32.0,33.0,36.0,38.0,40.0,42.0,44.0,45.0,50.0,56.0,inferred
Burnley,2021-08-27,20.0,24.0,27.0,28.0,30.0,31.0,34.0,36.0,38.0,39.0,41.0,45.0,51.0,inferred
Burnley,2021-08-28,16.0,20.0,23.0,24.0,25.0,27.0,29.0,30.0,33.0,34.0,35.0,39.0,46.0,inferred
Burnley,2021-08-29,17.0,21.0,24.0,25.0,26.0,29.0,31.0,33.0,35.0,36.0,37.0,41.1,48.0,inferred
Burnley,2021-08-30,26.0,32.0,35.0,37.0,38.0,41.0,43.0,45.0,48.0,50.0,51.0,56.0,64.0,inferred
Burnley,2021-08-31,25.0,30.0,34.0,35.0,37.0,39.0,41.0,43.0,46.0,47.0,49.0,54.0,62.0,inferred
Burnley,2021-09-01,26.0,31.0,35.0,36.0,38.0,40.0,42.0,45.0,47.0,49.0,50.0,55.0,64.0,inferred
Burnley,2021-09-02,26.0,31.0,35.0,36.0,37.0,39.0,42.0,44.0,47.0,48.0,50.0,54.0,62.0,inferred
Burnley,2021-09-03,23.0,27.0,30.8,32.0,33.0,35.0,37.0,40.0,42.0,44.0,45.0,50.0,55.5,inferred
Burnley,2021-09-04,17.0,22.0,26.0,27.0,28.0,30.0,32.0,34.0,36.0,38.0,39.0,43.0,49.0,inferred
Burnley,2021-09-05,19.5,24.9,28.0,29.0,30.0,32.0,34.0,37.0,39.0,40.0,42.0,47.0,53.5,inferred
Burnley,2021-09-06,32.0,37.0,41.0,43.0,44.0,47.0,49.0,52.0,55.0,56.0,58.0,63.0,71.0,inferred
Burnley,2021-09-07,30.0,35.0,39.0,40.0,41.0,44.0,46.0,49.0,51.0,52.0,54.0,59.0,67.0,inferred
Burnley,2021-09-08,29.0,35.0,38.0,39.0,41.0,43.0,46.0,48.0,50.3,52.0,53.0,58.0,66.0,inferred
Burnley,2021-09-09,26.0,32.0,35.0,37.0,38.0,41.0,43.0,45.0,48.0,49.0,51.0,55.0,63.0,inferred
Burnley,2021-09-10,22.0,27.0,31.0,32.0,33.0,35.0,37.0,39.0,42.0,43.0,45.0,49.0,56.0,inferred
Burnley,2021-09-11,17.0,21.0,24.0,26.0,27.0,29.0,31.0,33.0,35.0,36.0,38.0,41.0,48.0,inferred
Burnley,2021-09-12,18.0,23.0,26.0,27.0,28.0,30.0,32.0,34.0,36.0,38.0,39.0,43.0,50.0,inferred
Burnley,2021-09-13,27.0,33.0,37.0,38.0,39.0,42.0,44.0,47.0,50.0,51.0,53.0,58.0,65.5,inferred
Burnley,2021-09-14,25.0,30.0,34.0,36.0,37.0,39.0,41.0,44.0,47.0,48.0,49.0,54.0,62.0,inferred
Burnley,2021-09-15,27.0,31.0,35.0,37.0,38.0,40.0,43.0,45.0,48.0,49.0,51.0,55.0,63.0,inferred
Burnley,2021-09-16,25.0,30.9,34.0,35.0,37.0,39.0,41.0,43.0,46.0,47.0,49.0,53.0,61.0,inferred
Burnley,2021-09-17,22.0,27.0,30.0,31.0,33.0,34.0,37.0,39.0,41.0,42.0,44.0,49.0,55.0,inferred
Burnley,2021-09-18,17.5,22.0,25.0,26.0,27.0,29.0,31.0,33.0,35.0,36.0,38.0,41.0,48.0,inferred
Burnley,2021-09-19,19.0,23.0,27.0,28.0,29.0,30.6,33.0,34.0,37.0,38.0,40.0,43.0,49.5,inferred
Burnley,2021-09-20,28.0,34.0,38.0,39.0,41.0,43.0,45.0,48.0,50.0,52.0,53.0,58.0,65.5,inferred
Burnley,2021-09-21,27.0,32.0,35.0,36.0,38.0,40.0,42.0,44.0,47.0,48.0,50.0,54.1,62.0,inferred
Burnley,2021-09-22,25.0,31.0,34.0,36.0,37.0,40.0,42.0,44.0,46.0,48.0,50.0,53.0,60.0,inferred
Burnley,2021-09-23,24.0,28.0,32.0,33.0,34.0,37.0,39.0,41.0,44.0,45.0,46.0,51.0,57.5,inferred
Burnley,2021-09-24,19.5,24.0,28.0,29.0,30.0,32.0,34.0,36.0,38.0,39.2,41.0,45.0,51.0,inferred
Burnley,2021-09-25,15.0,19.0,22.0,23.0,24.0,26.0,28.0,30.0,32.0,33.0,35.0,38.0,43.0,inferred
Burnley,2021-09-26,16.0,20.0,23.0,24.0,25.0,27.0,29.0,31.0,33.0,35.0,36.0,39.0,45.0,inferred
Burnley,2021-09-27,24.0,30.0,33.0,35.0,36.0,38.0,40.0,43.0,45.0,46.0,48.0,52.0,61.0,inferred
Burnley,2021-09-28,23.0,27.0,31.0,32.0,33.0,35.0,37.0,40.0,42.0,44.0,45.0,49.0,57.0,inferred
Burnley,2021-09-29,23.0,28.0,32.0,33.0,34.0,37.0,39.0,41.0,43.0,45.0,46.0,50.0,57.0,inferred
Burnley,2021-09-30,22.0,27.0,30.0,32.0,33.0,35.0,38.0,40.0,42.0,44.0,46.0,50.0,57.0,inferred
Burnley,2021-10-01,20.0,24.0,27.0,28.0,30.0,32.0,34.0,36.0,38.0,39.0,41.0,44.0,52.0,inferred
Burnley,2021-10-02,16.0,20.0,23.0,24.0,25.0,27.0,29.0,31.0,33.0,34.0,35.0,39.0,46.0,inferred
Burnley,2021-10-03,17.0,22.0,25.0,26.0,27.0,29.0,31.0,33.0,35.0,36.0,37.0,41.0,48.0,inferred
Burnley,2021-10-04,27.0,32.0,36.0,37.0,39.0,41.0,44.0,46.0,49.0,50.0,52.0,56.0,64.5,inferred
Burnley,2021-10-05,26.0,31.0,34.0,36.0,37.0,39.0,42.0,44.0,46.0,48.0,50.0,55.0,62.5,inferred
Burnley,2021-10-06,26.0,32.0,35.0,37.0,38.0,40.0,43.0,45.0,47.0,49.0,50.2,55.0,62.0,inferred
Burnley,2021-10-07,26.0,31.0,34.0,36.0,37.0,40.0,42.0,44.0,47.0,48.0,50.0,55.0,62.0,inferred
Burnley,2021-10-08,22.0,27.0,31.0,33.0,34.0,36.0,38.0,40.0,42.0,44.0,46.0,50.0,57.0,inferred
Burnley,2021-10-09,19.0,23.0,26.0,27.0,28.0,30.0,32.0,34.0,36.0,37.2,39.0,43.0,50.0,inferred
Burnley,2021-10-10,20.0,25.0,28.0,29.0,30.0,32.0,35.0,36.0,39.0,40.0,42.0,45.1,52.0,inferred
Burnley,2021-10-11,31.0,37.0,40.0,42.0,43.0,46.0,48.0,51.0,54.0,56.0,57.0,62.0,70.0,inferred
Burnley,2021-10-12,28.0,33.0,37.0,39.0,40.0,43.0,45.5,48.0,51.0,52.2,54.0,59.0,67.0,inferred
Burnley,2021-10-13,28.0,32.0,37.0,38.0,39.0,42.0,45.0,47.0,50.0,51.0,53.0,58.0,66.0,inferred
Burnley,2021-10-14,25.0,31.0,35.0,36.0,38.0,40.0,42.0,45.0,48.0,49.2,52.0,55.0,62.0,inferred
Burnley,2021-10-15,21.0,27.0,30.0,31.0,32.0,34.6,37.0,39.0,42.0,43.0,45.0,50.0,57.0,inferred
Bury,2021-07-03,59.0,66.0,71.0,73.0,74.0,78.0,81.0,85.0,88.0,91.0,93.0,99.0,109.0,inferred
Bury,2021-07-04,63.0,72.0,77.0,80.0,82.0,85.0,89.0,92.0,96.0,98.0,101.0,108.0,118.0,inferred
Bury,2021-07-05,97.0,107.9,114.0,116.0,119.0,123.0,127.0,131.0,136.0,139.0,141.0,149.0,161.0,inferred
Bury,2021-07-06,95.0,106.0,112.0,115.0,117.0,122.0,126.0,129.4,134.0,137.0,141.0,147.1,159.0,inferred
Bury,2021-07-07,100.0,111.0,118.0,121.0,123.0,128.0,133.0,136.0,141.3,144.0,147.0,155.1,168.0,inferred
Bury,2021-07-08,102.0,114.0,120.0,123.0,125.0,130.0,135.0,139.0,144.0,147.0,150.0,159.0,170.0,inferred
Bury,2021-07-09,94.0,105.0,112.0,115.0,117.0,121.0,126.0,130.0,134.0,137.0,140.0,148.0,160.0,inferred
Bury,2021-07-10,84.0,92.0,98.8,101.0,104.0,108.0,111.0,115.0,120.0,122.0,124.0,133.1,144.0,inferred
Bury,2021-07-11,92.0,103.0,110.0,113.0,116.0,119.0,124.0,128.0,133.0,135.2,138.0,145.0,158.0,inferred
Bury,2021-07-12,141.0,154.9,164.0,168.0,171.0,176.0,181.0,187.0,193.0,196.0,200.0,209.0,221.0,inferred
Bury,2021-07-13,137.0,148.0,158.0,161.0,164.0,169.0,175.0,180.0,186.0,189.0,193.0,202.0,215.0,inferred
Bury,2021-07-14,136.0,149.0,157.0,160.0,163.0,168.0,173.0,178.0,184.0,187.0,190.0,200.0,214.5,inferred
Bury,2021-07-15,126.0,138.0,146.0,149.0,151.0,157.0,161.0,166.0,172.0,176.0,179.0,189.0,207.0,inferred
Bury,2021-07-16,106.0,117.0,125.0,128.0,130.0,135.0,140.0,144.0,149.0,152.0,155.0,163.0,177.0,inferred
Bury,2021-07-17,85.5,93.9,100.0,102.0,104.0,108.0,112.0,115.4,120.0,123.0,125.0,134.0,145.0,inferred
Bury,2021-07-18,86.0,95.0,101.0,104.0,106.0,111.0,115.0,119.0,123.0,126.0,129.0,137.0,150.0,inferred
Bury,2021-07-19,120.0,130.0,139.0,142.0,145.0,150.0,155.0,160.0,165.0,167.2,171.0,179.0,193.0,inferred
Bury,2021-07-20,106.0,116.0,122.0,124.0,127.0,132.0,137.0,141.0,146.0,149.0,152.2,161.0,175.5,inferred
Bury,2021-07-21,96.0,106.0,112.0,115.0,117.0,122.0,126.0,131.0,136.0,139.0,142.0,150.0,163.0,inferred
Bury,2021-07-22,84.0,92.0,100.0,102.0,105.0,109.0,113.0,117.0,121.0,123.0,127.0,134.0,147.0,inferred
Bury,2021-07-23,65.0,74.0,79.0,81.0,84.0,87.0,91.0,95.0,99.0,100.0,103.0,109.1,122.5,inferred
Bury,2021-07-24,47.0,54.0,60.0,62.0,64.0,67.0,70.0,73.0,77.0,78.2,81.0,87.0,96.0,inferred
Bury,2021-07-25,46.0,54.0,59.0,61.0,62.0,65.0,68.0,70.0,74.0,75.0,78.0,83.1,93.0,inferred
Bury,2021-07-26,63.0,71.0,77.0,79.0,80.0,84.0,87.0,92.0,95.0,98.0,101.0,107.0,117.0,inferred
Bury,2021-07-27,55.0,62.0,68.0,70.0,71.0,76.0,79.0,83.0,87.0,90.0,92.0,99.0,110.0,inferred
Bury,2021-07-28,56.0,65.0,69.0,72.0,74.0,78.0,81.0,84.0,88.0,90.0,92.0,99.0,109.0,inferred
Bury,2021-07-29,54.5,64.0,69.0,71.0,73.0,77.0,80.0,84.0,88.0,90.0,93.0,99.0,109.0,inferred
Bury,2021-07-30,49.0,55.0,61.0,63.0,65.0,68.0,71.0,74.0,78.0,80.0,82.0,88.0,97.5,inferred
Bury,2021-07-31,40.0,47.0,51.0,53.0,55.0,58.0,61.0,64.0,67.0,69.0,71.0,76.1,85.0,inferred
Bury,2021-08-01,43.0,49.9,54.0,56.0,58.0,62.0,65.0,68.0,72.0,73.0,75.0,81.0,91.0,inferred
Bury,2021-08-02,64.0,73.0,79.0,81.0,83.0,87.0,92.0,96.0,100.0,102.0,104.0,111.0,121.0,inferred
Bury,2021-08-03,63.0,70.0,76.0,79.0,81.0,84.0,87.5,92.0,96.0,98.0,100.0,107.0,116.5,inferred
Bury,2021-08-04,64.0,72.0,77.0,79.0,82.0,86.0,90.0,93.0,97.0,100.0,103.0,110.0,121.5,inferred
Bury,2021-08-05,61.0,70.0,77.0,78.0,80.0,84.0,87.0,91.0,95.0,97.0,99.0,105.1,117.0,inferred
Bury,2021-08-06,53.0,61.0,66.0,69.0,71.0,74.0,76.5,80.0,83.0,85.0,88.0,94.0,103.0,inferred
Bury,2021-08-07,44.0,51.0,55.0,56.0,58.0,61.0,64.0,68.0,71.0,73.0,75.0,82.0,91.0,inferred
Bury,2021-08-08,47.0,54.0,59.0,61.0,63.0,66.0,69.0,72.0,75.3,77.0,80.0,86.0,95.0,inferred
Bury,2021-08-09,70.0,79.0,84.0,86.0,88.7,92.0,96.0,100.0,104.0,106.0,109.0,117.0,129.0,inferred
Bury,2021-08-10,63.0,72.0,78.0,80.0,82.0,86.0,90.0,93.0,97.0,100.0,102.0,111.0,124.0,inferred
Bury,2021-08-11,63.0,72.0,79.0,81.0,83.0,87.0,91.0,94.0,98.0,100.0,103.0,110.0,122.5,inferred
Bury,2021-08-12,60.0,68.0,75.0,77.0,79.0,82.0,86.0,89.0,93.0,95.0,98.0,105.0,115.0,inferred
Bury,2021-08-13,50.0,59.0,64.0,66.0,68.0,71.0,75.0,78.0,82.0,84.0,86.0,92.0,102.5,inferred
Bury,2021-08-14,40.0,47.9,52.0,54.0,56.0,59.0,61.0,65.0,68.0,70.0,72.0,78.0,88.0,inferred
Bury,2021-08-15,43.0,50.0,54.0,56.0,58.0,61.0,64.0,67.0,70.0,72.0,74.0,80.0,91.0,inferred
Bury,2021-08-16,61.0,69.0,75.0,77.0,80.0,83.0,87.0,90.0,95.0,97.0,99.0,107.0,116.5,inferred
Bury,2021-08-17,58.0,66.0,71.0,73.0,75.0,78.0,81.0,85.0,89.0,91.0,94.0,100.0,114.0,inferred
Bury,2021-08-18,59.0,66.0,71.0,73.0,75.0,78.0,82.0,85.0,89.0,92.0,94.0,101.0,112.5,inferred
Bury,2021-08-19,55.0,63.0,69.0,72.0,74.0,78.0,82.0,85.0,88.0,90.0,92.0,99.0,108.0,inferred
Bury,2021-08-20,48.5,56.0,62.0,64.0,66.0,69.0,73.0,76.0,79.0,82.0,84.0,90.0,99.0,inferred
Bury,2021-08-21,40.0,47.0,51.0,53.0,55.0,58.0,61.0,64.0,67.0,69.0,71.0,76.0,87.0,inferred
Bury,2021-08-22,43.0,50.0,55.0,56.0,58.0,61.0,64.0,67.0,71.0,73.0,75.0,81.0,91.0,inferred
Bury,2021-08-23,65.0,74.0,79.0,82.0,84.0,87.0,91.0,95.0,99.0,102.0,104.0,111.0,123.0,inferred
Bury,2021-08-24,59.0,69.0,74.0,77.0,79.0,83.0,86.0,90.0,94.0,96.0,99.0,106.0,115.5,inferred
Bury,2021-08-25,61.0,70.0,77.0,79.0,81.0,85.0,89.0,92.0,96.0,98.0,101.0,107.0,118.0,inferred
Bury,2021-08-26,60.0,68.0,73.0,75.0,77.0,81.0,84.0,88.0,92.0,94.0,96.0,103.1,114.0,inferred
Bury,2021-08-27,52.0,60.0,65.0,68.0,69.7,73.0,76.0,79.0,83.0,86.0,89.0,95.0,105.0,inferred
Bury,2021-08-28,43.0,50.0,54.0,56.0,58.0,61.0,64.0,67.0,71.0,73.0,75.0,80.0,90.0,inferred
Bury,2021-08-29,46.5,52.0,58.0,60.0,62.0,65.0,68.0,71.0,74.0,77.0,79.0,85.0,95.0,inferred
Bury,2021-08-30,69.0,77.0,82.0,85.0,87.0,91.0,95.0,99.0,103.0,105.0,108.0,116.0,126.0,inferred
Bury,2021-08-31,64.0,73.0,79.0,81.0,83.0,87.0,91.0,95.0,99.0,100.0,103.0,111.0,123.0,inferred
Bury,2021-09-01,67.0,75.0,81.0,83.0,85.0,89.0,92.0,96.0,100.0,102.0,105.0,112.0,126.0,inferred
Bury,2021-09-02,64.0,72.0,78.0,80.0,82.0,86.0,90.0,94.0,98.0,100.0,102.0,109.0,119.0,inferred
Bury,2021-09-03,57.0,64.0,69.0,71.0,73.0,77.0,80.0,84.0,88.0,90.0,92.0,99.0,109.0,inferred
Bury,2021-09-04,47.0,54.0,58.0,60.0,62.0,66.0,68.0,71.0,74.0,76.0,79.0,85.0,94.0,inferred
Bury,2021-09-05,50.0,58.0,63.0,65.0,67.0,70.0,73.0,77.0,81.0,83.0,85.0,91.0,102.0,inferred
Bury,2021-09-06,74.0,83.0,90.0,92.0,94.0,98.0,101.0,106.0,110.0,113.0,115.0,122.0,135.5,inferred
Bury,2021-09-07,66.0,77.0,83.0,85.0,87.0,91.0,95.0,98.0,103.0,105.0,107.0,114.0,127.0,inferred
Bury,2021-09-08,66.0,73.9,79.0,82.0,84.0,87.0,91.0,95.0,98.0,100.2,103.2,110.0,120.0,inferred
Bury,2021-09-09,60.0,68.0,73.0,75.0,78.0,81.0,85.0,88.0,91.0,94.0,96.0,102.0,112.0,inferred
Bury,2021-09-10,48.0,55.0,60.0,62.0,64.0,67.0,70.0,74.0,77.0,79.0,81.0,88.0,98.0,inferred
Bury,2021-09-11,35.0,42.0,47.0,49.0,50.0,53.0,56.0,59.0,62.0,64.0,66.0,71.0,80.0,inferred
Bury,2021-09-12,36.0,43.0,47.0,49.0,51.0,53.0,57.0,60.0,63.0,65.0,67.0,72.0,80.0,inferred
Bury,2021-09-13,51.0,59.0,64.0,66.0,68.0,72.0,75.0,79.0,83.0,85.0,87.0,94.0,105.0,inferred
Bury,2021-09-14,47.0,54.0,59.0,61.0,63.0,67.0,70.0,73.0,76.0,78.2,81.0,87.0,97.0,inferred
Bury,2021-09-15,49.0,56.0,61.0,63.0,65.0,68.0,72.0,75.0,78.3,81.0,83.0,89.0,99.0,inferred
Bury,2021-09-16,47.5,55.0,60.0,62.0,64.0,67.0,70.0,73.0,76.0,79.0,81.0,87.0,96.0,inferred
Bury,2021-09-17,41.5,49.0,54.0,55.0,57.0,61.0,64.0,67.0,70.0,72.0,74.0,79.0,90.0,inferred
Bury,2021-09-18,35.0,40.0,45.0,47.0,49.0,51.0,54.0,57.0,60.0,61.0,64.0,69.0,76.0,inferred
Bury,2021-09-19,39.0,45.0,49.0,51.0,52.0,55.0,58.0,61.0,64.0,66.0,68.0,74.0,82.0,inferred
Bury,2021-09-20,56.0,63.9,69.0,71.8,74.0,78.0,81.0,85.0,89.0,91.0,94.0,100.0,111.0,inferred
Bury,2021-09-21,52.5,60.0,66.0,68.0,70.0,73.0,76.0,80.0,84.0,86.0,88.0,95.0,105.0,inferred
Bury,2021-09-22,53.0,61.0,66.0,69.0,71.0,74.6,78.0,82.0,85.0,87.0,90.0,96.0,106.0,inferred
Bury,2021-09-23,52.0,59.0,64.0,66.0,68.0,72.0,75.0,79.0,83.0,85.0,88.0,94.0,104.0,inferred
Bury,2021-09-24,44.0,52.0,57.0,59.0,61.0,64.0,67.0,70.0,73.0,75.0,77.0,83.0,92.0,inferred
Bury,2021-09-25,36.0,43.0,47.0,48.0,50.0,53.0,55.0,58.0,62.0,64.0,66.0,71.0,81.0,inferred
Bury,2021-09-26,39.0,46.0,51.0,52.0,54.0,57.0,60.0,62.0,66.0,68.0,70.0,75.0,84.0,inferred
Bury,2021-09-27,57.0,66.0,72.0,74.0,76.0,80.0,84.0,87.0,90.0,92.0,95.0,101.0,112.5,inferred
Bury,2021-09-28,56.0,64.0,70.0,72.0,74.0,77.0,81.0,84.0,88.0,90.0,92.0,99.0,111.5,inferred
Bury,2021-09-29,60.0,68.0,73.0,75.0,76.0,80.0,84.0,87.0,91.0,94.0,97.0,104.0,115.0,inferred
Bury,2021-09-30,58.0,66.0,72.0,74.0,76.0,80.0,83.0,86.4,91.0,93.0,96.0,102.0,113.0,inferred
Bury,2021-10-01,53.0,61.0,66.0,68.0,70.0,74.0,77.0,80.0,84.0,86.0,88.0,96.0,105.5,inferred
Bury,2021-10-02,45.5,53.0,58.0,60.0,61.0,64.0,68.0,71.0,74.0,76.0,78.0,84.1,94.0,inferred
Bury,2021-10-03,52.0,59.0,64.0,66.0,68.0,71.0,74.0,77.0,80.0,82.0,84.0,91.0,101.0,inferred
Bury,2021-10-04,78.0,86.0,92.0,95.0,98.0,102.0,106.0,109.0,113.0,116.0,119.0,125.0,137.0,inferred
Bury,2021-10-05,72.0,82.0,88.0,90.0,92.7,97.0,101.0,105.0,109.0,111.2,114.0,123.0,133.0,inferred
Bury,2021-10-06,74.5,84.0,91.0,94.0,96.0,100.0,104.0,108.0,111.0,113.2,116.0,124.0,135.5,inferred
Bury,2021-10-07,74.0,83.0,89.0,92.0,94.0,98.0,102.0,106.0,110.0,112.0,114.0,123.0,135.0,inferred
Bury,2021-10-08,66.0,74.0,79.0,82.0,84.0,88.0,91.0,95.0,98.0,100.0,102.0,110.0,121.0,inferred
Bury,2021-10-09,54.5,61.0,67.0,69.0,71.0,74.0,78.0,81.0,85.0,88.0,90.0,96.0,107.0,inferred
Bury,2021-10-10,58.0,66.0,72.0,74.0,75.7,80.0,83.0,87.0,90.0,93.0,95.0,102.0,113.0,inferred
Bury,2021-10-11,88.0,96.0,103.0,105.0,108.0,113.0,117.0,121.0,125.0,128.0,131.0,139.0,153.5,inferred
Bury,2021-10-12,82.0,91.0,98.0,101.0,103.0,108.0,112.0,116.0,120.3,123.0,126.0,134.0,145.0,inferred
Bury,2021-10-13,80.0,90.0,97.0,100.0,103.0,108.0,112.0,116.0,120.0,123.0,125.0,133.0,147.0,inferred
Bury,2021-10-14,76.0,87.0,93.0,96.0,98.0,103.0,107.0,111.0,116.0,118.0,121.0,128.1,141.5,inferred
Bury,2021-10-15,66.0,76.0,81.0,84.0,86.0,90.0,95.0,99.0,103.0,105.0,108.0,115.0,125.5,inferred
Caerphilly,2021-07-03,7.0,12.0,15.0,17.0,18.0,20.0,22.0,24.0,27.0,28.0,30.0,35.0,43.0,inferred
Caerphilly,2021-07-04,9.0,13.0,16.0,17.0,18.0,20.0,23.0,25.0,28.0,30.0,31.0,36.0,47.0,inferred
Caerphilly,2021-07-05,14.0,19.0,23.0,25.0,27.0,30.0,32.0,35.0,38.0,40.0,41.0,47.0,57.5,inferred
Caerphilly,2021-07-06,15.0,20.0,24.0,25.0,27.0,29.0,32.0,35.0,38.0,40.0,42.0,48.0,57.0,inferred
Caerphilly,2021-07-07,16.0,20.0,24.0,26.0,27.0,30.0,33.0,36.0,39.0,40.0,42.0,49.0,58.0,inferred
Caerphilly,2021-07-08,14.0,20.0,24.0,25.8,27.0,29.0,32.0,35.0,38.0,41.0,43.0,49.0,60.0,inferred
Caerphilly,2021-07-09,12.0,17.0,21.0,23.0,24.0,27.0,30.0,32.0,36.0,37.0,40.0,45.0,56.0,inferred
Caerphilly,2021-07-10,8.5,14.0,17.0,19.0,20.0,22.0,25.0,28.0,31.0,32.0,34.0,40.0,50.0,inferred
Caerphilly,2021-07-11,10.0,15.0,18.0,20.0,21.0,24.0,26.0,29.0,32.0,34.0,35.0,41.0,51.0,inferred
Caerphilly,2021-07-12,18.0,23.0,28.0,29.0,31.0,34.0,37.0,40.0,45.0,46.0,49.0,54.0,65.0,inferred
Caerphilly,2021-07-13,17.0,23.0,27.0,29.0,31.0,34.0,37.0,40.0,44.0,46.0,49.0,55.0,66.0,inferred
Caerphilly,2021-07-14,16.0,22.0,26.0,28.0,30.0,33.0,36.0,39.0,43.0,44.0,47.0,52.0,64.0,inferred
Caerphilly,2021-07-15,15.0,21.0,25.0,27.0,28.0,31.0,34.0,37.0,40.0,42.0,45.0,50.0,61.0,inferred
Caerphilly,2021-07-16,12.0,17.0,21.0,22.0,23.0,26.0,29.0,32.0,35.0,37.0,39.0,44.0,56.0,inferred
Caerphilly,2021-07-17,10.0,13.0,17.0,18.0,19.0,22.0,24.0,27.0,30.0,31.0,33.0,38.0,48.0,inferred
Caerphilly,2021-07-18,8.0,13.0,16.0,17.0,18.7,21.0,23.0,26.0,29.0,30.2,33.0,39.0,45.0,inferred
Caerphilly,2021-07-19,14.0,18.0,23.0,24.0,26.0,29.0,31.0,35.0,38.0,40.0,42.0,48.0,61.0,inferred
Caerphilly,2021-07-20,13.5,19.0,23.0,25.0,26.0,29.0,32.0,35.0,39.0,41.0,42.0,49.0,59.0,inferred
Caerphilly,2021-07-21,13.0,19.0,22.0,24.0,25.0,28.0,31.0,33.0,37.0,39.0,41.0,47.0,57.0,inferred
Caerphilly,2021-07-22,13.0,18.0,21.0,23.0,24.0,27.0,30.0,33.0,36.0,38.0,40.0,45.0,57.0,inferred
Caerphilly,2021-07-23,9.5,14.0,18.0,19.0,21.0,23.0,25.0,28.0,31.0,33.0,34.0,40.0,50.0,inferred
Caerphilly,2021-07-24,7.0,11.0,14.0,16.0,17.0,19.0,21.0,24.0,26.0,28.0,30.0,34.0,44.0,inferred
Caerphilly,2021-07-25,7.0,11.0,14.0,16.0,17.0,19.0,21.0,24.0,26.0,28.0,30.0,35.0,44.0,inferred
Caerphilly,2021-07-26,12.0,18.0,22.0,23.0,24.0,27.0,30.0,32.0,36.0,38.0,40.0,46.0,56.0,inferred
Caerphilly,2021-07-27,11.0,17.0,21.0,22.0,24.0,27.0,29.0,32.0,36.0,38.0,40.0,45.0,54.0,inferred
Caerphilly,2021-07-28,12.0,16.9,21.0,22.0,23.7,26.0,29.0,32.0,35.0,36.0,38.0,44.0,53.5,inferred
Caerphilly,2021-07-29,11.0,16.0,19.0,21.0,22.0,25.0,28.0,31.0,34.0,36.0,38.0,44.0,53.0,inferred
Caerphilly,2021-07-30,10.0,14.0,17.0,19.0,20.0,23.0,25.0,28.0,31.0,32.0,34.0,39.0,49.5,inferred
Caerphilly,2021-07-31,7.0,11.0,14.0,16.0,17.0,19.0,21.0,24.0,26.0,27.0,29.0,35.0,44.5,inferred
Caerphilly,2021-08-01,8.0,11.0,14.0,15.0,17.0,19.0,21.0,24.0,26.0,28.0,30.0,35.0,43.5,inferred
Caerphilly,2021-08-02,12.0,17.0,21.0,22.0,24.0,26.0,29.0,32.0,35.0,38.0,40.0,47.0,57.0,inferred
Caerphilly,2021-08-03,13.0,18.0,22.0,24.0,25.0,28.0,31.0,34.0,37.0,39.0,41.0,46.0,57.0,inferred
Caerphilly,2021-08-04,13.5,19.0,23.0,25.0,27.0,29.0,32.0,35.0,38.0,40.0,42.0,48.0,57.0,inferred
Caerphilly,2021-08-05,13.0,19.0,23.0,24.0,26.0,29.0,31.0,34.0,38.0,40.0,42.0,49.0,61.0,inferred
Caerphilly,2021-08-06,12.0,17.0,21.0,22.0,24.0,27.0,29.0,32.0,35.0,36.0,38.0,44.0,54.0,inferred
Caerphilly,2021-08-07,10.0,14.0,17.8,19.0,20.0,23.0,25.0,28.0,31.0,33.0,34.0,40.0,50.5,inferred
Caerphilly,2021-08-08,11.0,15.0,19.0,20.0,21.0,24.0,27.0,29.0,32.0,34.0,36.0,41.0,49.5,inferred
Caerphilly,2021-08-09,18.0,25.0,29.0,31.0,32.0,35.6,38.0,42.0,45.0,47.0,49.2,57.0,69.0,inferred
Caerphilly,2021-08-10,19.0,26.0,31.0,33.0,35.0,38.0,42.0,45.0,48.0,50.0,53.0,59.0,71.0,inferred
Caerphilly,2021-08-11,22.0,29.0,34.0,36.0,38.0,41.0,45.0,48.0,51.0,54.0,56.0,64.0,76.0,inferred
Caerphilly,2021-08-12,23.0,30.0,35.0,37.0,39.0,42.0,45.0,49.0,53.0,55.0,57.0,64.0,75.0,inferred
Caerphilly,2021-08-13,22.0,28.0,33.0,35.0,37.0,40.0,43.0,47.0,51.0,53.0,55.0,62.0,74.0,inferred
Caerphilly,2021-08-14,20.0,26.0,31.0,33.0,34.0,37.0,40.0,43.0,47.0,49.0,51.0,58.0,68.0,inferred
Caerphilly,2021-08-15,22.0,28.0,33.0,35.0,37.0,40.0,43.0,46.0,50.0,52.0,55.0,62.0,74.0,inferred
Caerphilly,2021-08-16,36.0,45.0,52.0,54.0,57.0,61.0,65.0,70.0,74.0,77.0,80.0,88.0,102.0,inferred
Caerphilly,2021-08-17,41.0,49.0,56.0,58.0,61.0,65.0,70.0,74.0,79.0,82.0,85.0,93.0,106.0,inferred
Caerphilly,2021-08-18,42.5,52.0,58.8,61.0,64.0,68.0,73.0,77.4,83.0,86.0,89.0,99.0,112.0,inferred
Caerphilly,2021-08-19,44.0,54.0,60.0,63.0,65.0,69.0,74.0,79.0,83.0,86.0,89.0,97.1,112.0,inferred
Caerphilly,2021-08-20,41.0,51.0,57.0,59.0,61.0,66.0,70.0,74.0,79.0,82.0,85.0,94.0,107.0,inferred
Caerphilly,2021-08-21,36.0,44.9,49.8,52.0,54.7,58.0,62.0,67.0,71.0,74.0,77.2,86.0,99.0,inferred
Caerphilly,2021-08-22,37.0,46.0,53.0,56.0,58.0,62.0,66.0,71.0,75.0,78.0,81.0,90.0,104.0,inferred
Caerphilly,2021-08-23,63.0,73.0,81.0,84.0,87.0,93.0,97.0,102.0,108.0,111.0,115.0,126.0,144.5,inferred
Caerphilly,2021-08-24,66.0,79.0,88.0,91.0,93.0,98.0,104.0,109.0,115.0,118.0,122.0,133.0,151.0,inferred
Caerphilly,2021-08-25,73.5,84.0,92.0,96.0,99.0,104.0,108.0,113.0,120.0,123.0,127.0,137.0,155.0,inferred
Caerphilly,2021-08-26,75.0,87.0,95.0,98.0,100.7,106.0,112.0,118.0,124.0,128.0,132.0,142.1,159.0,inferred
Caerphilly,2021-08-27,70.0,81.0,89.0,93.0,96.0,101.0,105.0,109.0,115.0,118.0,122.0,131.0,148.0,inferred
Caerphilly,2021-08-28,61.0,72.0,79.0,82.8,85.0,90.0,96.0,101.0,107.0,110.0,114.0,124.0,139.0,inferred
Caerphilly,2021-08-29,65.0,78.0,86.0,89.0,92.0,97.0,102.0,108.0,114.0,117.0,120.0,130.0,144.5,inferred
Caerphilly,2021-08-30,105.5,119.9,129.8,133.0,137.0,144.0,150.0,156.0,163.0,166.0,170.0,182.0,200.5,inferred
Caerphilly,2021-08-31,109.0,123.0,136.0,140.0,143.0,150.0,156.0,163.0,170.0,174.0,178.0,191.1,211.5,inferred
Caerphilly,2021-09-01,114.0,128.0,140.0,144.0,148.0,153.0,160.0,166.0,173.0,177.0,182.0,195.0,216.0,inferred
Caerphilly,2021-09-02,115.0,127.0,137.0,142.0,146.0,152.0,158.0,165.0,173.0,176.0,181.0,194.0,211.0,inferred
Caerphilly,2021-09-03,102.5,115.0,125.0,128.0,131.0,137.0,144.0,150.0,157.0,161.0,165.0,178.0,200.5,inferred
Caerphilly,2021-09-04,85.0,97.0,106.0,110.0,114.0,120.0,125.0,130.0,137.0,141.0,145.0,155.0,171.5,inferred
Caerphilly,2021-09-05,87.5,102.0,112.0,115.0,118.0,123.0,128.5,135.0,142.0,146.0,150.0,159.0,180.0,inferred
Caerphilly,2021-09-06,133.0,150.0,161.0,165.8,169.0,177.0,184.0,191.0,198.0,202.2,207.0,221.0,243.5,inferred
Caerphilly,2021-09-07,135.0,151.0,163.0,167.0,171.0,179.0,187.0,193.0,200.3,205.0,210.0,225.0,248.5,inferred
Caerphilly,2021-09-08,132.0,152.0,163.0,168.0,173.0,180.0,187.0,195.0,203.0,208.0,213.0,226.0,249.5,inferred
Caerphilly,2021-09-09,134.0,149.0,159.0,164.0,167.0,175.0,182.0,189.0,197.0,201.0,206.0,220.0,243.0,inferred
Caerphilly,2021-09-10,116.0,132.9,142.0,145.8,149.0,155.0,162.0,168.0,175.0,179.0,185.0,198.0,216.0,inferred
Caerphilly,2021-09-11,95.0,109.0,119.0,122.0,125.0,132.0,137.0,142.0,149.0,152.0,157.0,170.0,187.0,inferred
Caerphilly,2021-09-12,98.0,112.0,121.0,125.0,128.0,133.0,139.0,145.0,152.0,155.0,160.0,170.1,191.0,inferred
Caerphilly,2021-09-13,141.0,159.9,171.0,176.0,180.0,187.0,194.5,202.0,209.0,214.0,219.0,233.0,256.0,inferred
Caerphilly,2021-09-14,152.0,168.0,179.0,183.0,187.0,194.0,201.0,208.0,217.0,220.0,227.0,241.0,265.0,inferred
Caerphilly,2021-09-15,153.0,170.0,183.0,189.0,193.0,201.0,207.5,214.0,222.0,227.0,233.0,247.0,271.5,inferred
Caerphilly,2021-09-16,155.0,174.0,184.0,189.0,193.0,201.0,208.0,216.0,223.0,228.0,233.0,248.0,268.0,inferred
Caerphilly,2021-09-17,142.0,158.0,169.0,173.8,178.0,186.0,192.0,201.0,209.0,213.0,217.2,232.0,256.0,inferred
Caerphilly,2021-09-18,123.0,139.0,149.0,154.0,157.0,164.0,170.0,177.0,185.0,189.2,194.0,207.0,224.0,inferred
Caerphilly,2021-09-19,130.0,146.0,157.0,161.0,165.0,172.0,179.0,186.0,194.0,197.0,201.0,215.0,236.0,inferred
Caerphilly,2021-09-20,199.0,219.0,231.0,236.0,241.0,247.6,257.0,265.0,276.0,281.0,287.0,301.0,325.0,inferred
Caerphilly,2021-09-21,198.0,217.0,231.0,236.0,240.0,248.6,257.0,266.0,275.0,280.0,286.0,303.0,333.0,inferred
Caerphilly,2021-09-22,185.0,204.0,218.0,223.0,227.0,235.6,243.0,252.0,260.0,265.2,271.0,287.0,309.5,inferred
Caerphilly,2021-09-23,166.0,183.0,195.0,200.0,204.0,212.0,220.0,228.0,236.0,241.0,246.0,263.0,287.0,inferred
Caerphilly,2021-09-24,133.0,149.0,161.0,166.0,170.0,177.0,183.5,190.0,197.0,201.0,205.0,219.0,240.0,inferred
Caerphilly,2021-09-25,101.5,116.0,125.0,129.0,133.0,140.0,146.0,153.0,159.0,163.0,167.0,179.0,198.0,inferred
Caerphilly,2021-09-26,93.0,107.0,117.0,120.8,125.0,130.0,137.0,143.0,149.0,153.0,157.0,170.0,185.0,inferred
Caerphilly,2021-09-27,131.0,147.0,158.0,162.0,166.0,173.0,180.5,187.0,195.0,199.0,203.2,217.0,236.5,inferred
Caerphilly,2021-09-28,124.0,140.0,150.0,155.0,159.7,168.0,175.0,181.0,188.0,192.0,197.0,208.0,228.5,inferred
Caerphilly,2021-09-29,124.5,138.9,147.0,151.0,155.0,162.0,169.0,175.0,183.0,186.0,190.0,204.0,227.0,inferred
Caerphilly,2021-09-30,111.5,130.0,140.0,144.0,147.0,155.0,161.0,167.0,175.0,180.0,184.0,195.0,214.5,inferred
Caerphilly,2021-10-01,97.0,112.9,123.0,127.0,129.0,136.0,142.0,149.0,154.0,158.0,162.0,172.1,190.0,inferred
Caerphilly,2021-10-02,80.0,93.0,100.0,104.0,107.0,113.0,118.0,123.0,130.0,133.0,137.0,146.0,165.0,inferred
Caerphilly,2021-10-03,79.0,91.0,100.0,104.0,107.0,112.0,117.0,123.0,130.0,133.0,137.0,147.0,165.0,inferred
Caerphilly,2021-10-04,112.0,129.0,138.0,143.0,147.0,153.0,160.0,167.0,174.3,179.0,184.0,196.0,213.0,inferred
Caerphilly,2021-10-05,112.0,126.0,137.0,141.0,144.7,152.0,158.0,165.0,172.0,176.0,181.0,194.0,215.0,inferred
Caerphilly,2021-10-06,111.0,126.0,137.0,141.0,145.0,151.0,157.0,163.0,170.0,174.0,178.0,191.0,212.0,inferred
Caerphilly,2021-10-07,110.0,124.0,134.0,137.0,141.0,147.0,153.0,159.0,166.0,170.0,174.0,186.1,204.0,inferred
Caerphilly,2021-10-08,90.0,106.0,116.0,120.0,123.0,130.0,135.0,140.0,146.0,150.0,154.0,166.0,186.0,inferred
Caerphilly,2021-10-09,78.0,89.0,98.0,101.0,104.0,109.0,114.0,120.0,127.0,130.0,135.0,144.0,161.0,inferred
Caerphilly,2021-10-10,78.0,90.0,99.0,103.0,106.0,111.0,117.0,122.0,129.0,132.0,136.0,147.0,163.0,inferred
Caerphilly,2021-10-11,118.0,134.0,143.0,147.0,151.0,158.0,164.0,170.0,177.0,181.0,185.0,198.0,218.0,inferred
Caerphilly,2021-10-12,141.5,158.0,168.0,172.0,176.0,183.0,190.0,198.0,206.0,210.0,215.0,229.0,255.5,inferred
Caerphilly,2021-10-13,179.0,198.0,211.0,216.0,221.0,228.0,236.0,245.0,255.0,259.0,264.0,280.1,305.5,inferred
Caerphilly,2021-10-14,219.0,242.0,256.0,261.8,267.0,278.0,287.0,296.0,307.0,313.0,319.0,335.0,364.5,inferred
Caerphilly,2021-10-15,232.0,263.0,278.0,285.8,292.0,302.0,314.0,323.0,334.0,339.2,349.0,369.0,397.5,inferred
Calderdale,2021-07-03,56.0,64.0,69.0,71.0,73.0,77.0,80.0,84.0,88.0,90.0,92.0,99.0,110.0,inferred
Calderdale,2021-07-04,62.0,71.0,78.0,80.0,82.0,85.0,89.0,92.0,97.0,99.0,102.0,108.0,118.0,inferred
Calderdale,2021-07-05,99.0,108.0,115.0,118.0,121.0,125.0,129.0,133.0,138.0,141.0,143.0,151.0,163.0,inferred
Calderdale,2021-07-06,96.0,105.0,112.0,115.0,117.0,121.0,126.0,129.0,134.0,136.0,140.0,147.0,159.0,inferred
Calderdale,2021-07-07,101.0,110.0,117.0,120.0,123.0,127.0,131.0,135.0,140.0,143.0,146.0,154.0,167.0,inferred
Calderdale,2021-07-08,100.0,110.0,116.0,120.0,122.0,126.0,130.0,134.0,139.0,142.0,145.0,153.0,168.0,inferred
Calderdale,2021-07-09,95.5,105.0,112.0,115.0,117.0,122.0,126.0,130.0,135.0,137.0,139.0,147.0,161.0,inferred
Calderdale,2021-07-10,82.0,93.0,99.0,101.0,104.0,108.0,111.0,115.0,120.0,122.0,125.0,133.0,146.0,inferred
Calderdale,2021-07-11,92.0,102.0,110.0,112.0,114.0,118.0,122.0,127.0,131.0,134.0,137.0,145.0,157.0,inferred
Calderdale,2021-07-12,137.0,152.0,159.0,163.0,166.0,172.0,177.0,182.0,188.0,191.0,195.2,205.0,222.0,inferred
Calderdale,2021-07-13,132.0,145.0,154.0,157.0,160.0,166.0,171.0,176.0,182.0,186.0,189.0,197.1,213.0,inferred
Calderdale,2021-07-14,130.0,144.9,153.0,157.0,160.0,166.0,171.0,176.0,181.0,185.0,190.0,200.0,214.0,inferred
Calderdale,2021-07-15,128.0,139.0,148.0,151.0,153.0,158.0,163.0,168.0,174.0,177.0,180.0,190.0,206.0,inferred
Calderdale,2021-07-16,114.0,125.0,133.0,136.0,139.0,144.0,149.0,153.0,158.0,161.0,164.0,172.0,184.0,inferred
Calderdale,2021-07-17,91.0,103.0,111.0,113.0,115.0,119.0,123.0,127.0,132.3,135.0,138.0,145.0,156.0,inferred
Calderdale,2021-07-18,96.0,107.9,114.0,117.0,120.0,124.0,129.0,133.0,138.0,140.0,144.0,152.0,165.0,inferred
Calderdale,2021-07-19,136.5,150.0,159.0,162.0,165.0,171.0,176.0,182.0,187.0,190.0,194.0,204.0,218.0,inferred
Calderdale,2021-07-20,125.0,135.0,143.0,147.0,150.0,155.0,160.0,165.0,170.0,173.0,176.0,185.1,198.5,inferred
Calderdale,2021-07-21,119.0,131.0,138.0,141.0,143.0,149.0,154.0,158.0,163.0,166.0,169.0,178.0,194.0,inferred
Calderdale,2021-07-22,107.0,118.0,124.0,127.0,130.0,135.0,139.0,144.0,149.0,152.0,155.0,163.0,176.0,inferred
Calderdale,2021-07-23,90.5,101.0,109.0,111.0,114.0,119.0,123.0,127.0,131.0,133.0,137.0,145.0,156.0,inferred
Calderdale,2021-07-24,71.0,79.0,85.0,88.0,90.0,94.0,97.0,101.0,105.0,107.0,110.0,117.0,129.0,inferred
Calderdale,2021-07-25,70.0,80.0,86.0,89.0,92.0,96.0,100.0,104.0,107.0,110.0,112.0,119.0,131.0,inferred
Calderdale,2021-07-26,99.0,109.0,117.0,119.8,122.0,126.0,130.0,135.0,139.0,142.0,146.0,153.0,168.0,inferred
Calderdale,2021-07-27,89.5,100.0,107.0,110.0,112.0,117.0,120.0,124.0,129.0,132.0,135.0,143.0,157.0,inferred
Calderdale,2021-07-28,90.5,101.0,108.0,110.0,113.0,118.0,122.0,126.0,131.0,134.0,137.0,144.1,156.0,inferred
Calderdale,2021-07-29,88.0,99.0,105.0,108.0,110.0,115.0,119.0,123.0,127.0,130.0,133.0,140.0,153.0,inferred
Calderdale,2021-07-30,82.0,91.0,97.0,100.0,102.0,106.0,110.0,114.0,119.0,122.0,124.0,132.0,145.0,inferred
Calderdale,2021-07-31,67.0,76.0,82.0,84.0,86.0,90.0,93.5,97.0,101.0,104.0,106.0,113.0,124.5,inferred
Calderdale,2021-08-01,72.0,81.0,87.0,89.0,91.0,96.0,99.0,103.0,107.0,109.0,112.0,120.0,132.0,inferred
Calderdale,2021-08-02,107.0,117.0,124.0,126.0,129.0,134.0,138.0,143.0,148.0,151.0,154.0,163.0,176.0,inferred
Calderdale,2021-08-03,98.0,110.0,116.0,119.0,122.0,126.0,130.0,135.0,139.0,142.0,145.0,153.1,165.0,inferred
Calderdale,2021-08-04,97.0,110.0,116.8,119.0,122.0,126.0,130.5,136.0,141.0,144.0,146.2,154.0,168.0,inferred
Calderdale,2021-08-05,93.0,104.0,111.0,114.0,117.0,121.0,125.0,129.0,134.0,136.0,139.0,146.0,158.0,inferred
Calderdale,2021-08-06,85.0,94.0,101.0,103.0,106.0,110.0,114.0,118.0,123.0,126.0,128.0,136.0,150.0,inferred
Calderdale,2021-08-07,69.0,77.0,84.0,86.0,88.0,92.0,95.0,99.0,104.0,106.0,108.0,115.0,129.0,inferred
Calderdale,2021-08-08,73.0,81.0,88.0,91.0,93.0,96.0,100.0,104.0,109.0,112.0,114.0,122.0,133.0,inferred
Calderdale,2021-08-09,107.0,117.0,124.0,126.0,129.0,134.0,139.0,143.0,149.0,153.0,156.0,164.0,180.0,inferred
Calderdale,2021-08-10,98.5,109.0,117.0,120.0,123.0,128.0,132.0,136.0,142.0,144.0,147.0,156.0,170.0,inferred
Calderdale,2021-08-11,100.0,112.0,118.0,121.0,124.0,129.0,133.0,138.0,142.0,145.0,148.0,157.0,169.0,inferred
Calderdale,2021-08-12,97.0,107.0,113.0,116.0,119.0,124.0,128.0,132.0,137.0,140.0,143.0,152.0,164.5,inferred
Calderdale,2021-08-13,86.0,98.0,105.0,108.0,109.0,114.0,118.0,123.0,128.0,130.0,133.0,140.0,154.0,inferred
Calderdale,2021-08-14,72.0,80.0,86.0,89.0,91.0,95.0,99.0,103.0,107.0,110.0,112.0,120.0,131.0,inferred
Calderdale,2021-08-15,77.0,86.0,92.0,95.0,97.0,101.0,106.0,110.0,114.0,117.0,120.0,128.0,139.0,inferred
Calderdale,2021-08-16,111.0,124.0,132.0,135.0,138.0,143.0,147.0,152.0,157.0,160.0,164.2,175.0,187.5,inferred
Calderdale,2021-08-17,106.0,116.0,124.0,127.0,129.0,134.0,138.0,143.4,149.0,152.0,155.0,164.0,179.0,inferred
Calderdale,2021-08-18,106.0,116.0,123.8,127.0,130.0,134.0,139.0,143.0,148.0,151.0,155.0,164.0,177.0,inferred
Calderdale,2021-08-19,98.0,111.0,119.0,122.0,124.0,129.0,133.0,138.0,142.0,145.0,148.0,157.0,170.0,inferred
Calderdale,2021-08-20,92.0,102.0,109.0,112.0,114.0,118.0,122.0,127.0,131.0,134.0,137.0,144.0,157.0,inferred
Calderdale,2021-08-21,75.0,84.0,89.0,91.0,93.0,97.0,101.0,105.0,109.0,111.0,114.0,122.0,134.0,inferred
Calderdale,2021-08-22,78.0,88.0,94.0,97.0,99.0,103.0,107.0,111.0,116.0,118.0,120.2,128.0,141.0,inferred
Calderdale,2021-08-23,112.0,124.0,132.0,136.0,138.0,143.0,148.0,152.0,157.0,160.0,163.0,172.0,188.0,inferred
Calderdale,2021-08-24,103.0,113.0,123.0,125.0,128.0,132.0,137.0,142.0,147.0,149.0,153.0,161.0,172.0,inferred
Calderdale,2021-08-25,100.5,111.0,120.0,123.0,125.0,130.0,134.0,139.0,144.0,147.0,150.0,158.0,170.0,inferred
Calderdale,2021-08-26,95.0,105.0,112.0,115.0,117.0,121.0,126.0,130.0,135.0,138.0,141.0,149.0,161.0,inferred
Calderdale,2021-08-27,85.0,94.0,101.0,103.0,105.0,109.0,113.0,117.0,122.0,124.0,127.0,135.0,148.0,inferred
Calderdale,2021-08-28,68.0,76.0,82.0,84.0,86.0,90.0,93.5,97.0,101.0,103.0,106.0,113.0,123.0,inferred
Calderdale,2021-08-29,69.0,79.0,84.0,87.0,89.0,94.0,97.0,101.0,105.0,107.0,110.0,117.0,129.0,inferred
Calderdale,2021-08-30,99.5,111.0,118.0,121.0,124.0,128.0,133.0,137.0,143.0,145.0,148.0,156.0,168.5,inferred
Calderdale,2021-08-31,92.0,103.0,110.0,113.0,115.0,119.0,124.0,128.4,133.0,137.0,140.0,148.0,163.0,inferred
Calderdale,2021-09-01,94.0,104.0,110.0,113.0,115.0,120.0,124.0,128.4,133.0,136.0,140.0,148.0,162.0,inferred
Calderdale,2021-09-02,90.0,99.0,106.0,109.0,112.0,116.0,121.0,125.0,130.0,132.0,135.0,143.0,155.5,inferred
Calderdale,2021-09-03,80.0,92.0,98.8,101.0,104.0,108.0,111.0,115.0,120.0,123.0,125.0,134.0,145.0,inferred
Calderdale,2021-09-04,68.0,76.0,82.0,85.0,87.0,91.0,94.0,98.0,102.0,105.0,107.0,115.0,125.5,inferred
Calderdale,2021-09-05,74.0,83.0,89.0,91.0,94.0,98.0,102.0,106.0,110.0,112.0,115.0,122.0,135.0,inferred
Calderdale,2021-09-06,109.0,119.0,126.0,129.0,132.0,137.0,141.0,147.0,151.0,153.0,156.0,164.0,179.5,inferred
Calderdale,2021-09-07,97.5,110.0,117.0,120.0,123.0,128.0,132.0,137.0,142.0,145.0,148.0,157.0,169.0,inferred
Calderdale,2021-09-08,97.0,107.0,114.0,117.0,119.0,124.0,130.0,134.4,139.0,142.0,144.2,152.1,165.0,inferred
Calderdale,2021-09-09,90.0,101.0,107.0,110.0,113.0,117.0,122.0,126.0,130.0,133.0,136.0,143.0,156.0,inferred
Calderdale,2021-09-10,80.0,89.0,96.0,98.0,100.0,105.0,109.0,113.0,117.0,119.0,122.0,130.0,141.5,inferred
Calderdale,2021-09-11,62.0,71.0,77.0,79.0,81.0,84.0,88.0,92.0,96.0,99.0,100.2,108.0,118.5,inferred
Calderdale,2021-09-12,66.0,74.0,80.0,82.0,84.0,88.0,92.0,96.0,100.0,103.0,105.0,112.0,122.5,inferred
Calderdale,2021-09-13,94.0,105.0,112.0,115.0,117.0,121.0,125.0,130.0,135.0,138.0,141.0,149.0,162.0,inferred
Calderdale,2021-09-14,89.0,99.0,107.0,110.0,112.0,117.0,121.0,126.0,131.0,133.2,136.0,145.0,158.0,inferred
Calderdale,2021-09-15,96.0,109.0,116.0,119.0,121.0,125.0,129.0,133.0,138.0,141.0,145.0,152.0,167.0,inferred
Calderdale,2021-09-16,102.0,113.0,120.0,123.0,125.0,130.0,134.0,139.0,143.3,146.0,148.2,157.0,172.0,inferred
Calderdale,2021-09-17,99.0,109.0,116.0,118.0,121.0,126.0,131.0,135.0,140.0,143.0,145.0,153.0,166.0,inferred
Calderdale,2021-09-18,88.5,98.0,104.0,107.0,109.0,114.0,118.0,122.0,126.0,129.0,132.0,139.0,152.5,inferred
Calderdale,2021-09-19,99.0,111.0,117.0,119.0,122.0,127.0,132.0,136.0,142.0,144.0,147.0,154.0,167.0,inferred
Calderdale,2021-09-20,151.0,165.0,174.0,177.0,180.0,186.0,191.0,196.0,202.0,206.0,210.0,220.0,235.0,inferred
Calderdale,2021-09-21,145.5,158.0,167.0,170.0,173.0,178.0,184.0,189.0,195.0,198.0,202.0,212.1,227.0,inferred
Calderdale,2021-09-22,146.0,158.0,167.0,170.0,173.0,179.0,185.0,190.0,195.0,198.0,202.0,212.0,226.5,inferred
Calderdale,2021-09-23,136.0,150.0,158.0,162.0,165.0,169.0,174.5,180.0,186.0,189.0,192.0,200.0,215.0,inferred
Calderdale,2021-09-24,125.0,138.0,145.0,148.0,151.0,156.0,161.0,165.4,171.0,173.0,177.0,186.0,201.0,inferred
Calderdale,2021-09-25,100.0,111.0,118.0,121.0,124.0,128.0,133.0,137.0,142.0,145.0,148.0,155.0,169.0,inferred
Calderdale,2021-09-26,107.0,118.0,126.0,129.0,131.7,136.0,140.0,145.0,149.3,153.0,156.0,165.0,179.0,inferred
Calderdale,2021-09-27,155.0,168.0,176.0,179.0,182.7,188.0,194.0,199.0,206.0,210.0,213.0,222.1,241.0,inferred
Calderdale,2021-09-28,144.5,157.0,165.0,169.0,172.0,177.0,182.0,187.0,194.0,197.0,201.0,211.0,227.0,inferred
Calderdale,2021-09-29,143.0,156.9,165.0,168.0,171.0,176.0,182.0,187.0,193.0,196.0,200.0,209.0,222.0,inferred
Calderdale,2021-09-30,136.0,148.0,157.0,160.0,163.0,168.6,173.0,178.0,184.0,187.0,191.0,202.0,217.0,inferred
Calderdale,2021-10-01,122.0,135.0,143.0,146.0,149.0,154.0,160.0,164.0,170.0,173.0,176.0,183.1,198.0,inferred
Calderdale,2021-10-02,103.0,112.0,119.0,122.0,124.0,129.0,133.0,137.0,142.0,145.0,148.0,156.0,171.0,inferred
Calderdale,2021-10-03,108.5,119.0,126.0,128.0,131.0,135.0,140.0,144.0,149.0,152.0,156.0,165.0,177.0,inferred
Calderdale,2021-10-04,151.5,165.0,176.0,179.0,182.0,188.0,193.0,199.0,205.0,208.0,212.0,222.0,240.5,inferred
Calderdale,2021-10-05,145.0,156.0,166.0,170.0,173.0,178.0,184.0,190.0,195.0,198.0,202.0,212.0,229.0,inferred
Calderdale,2021-10-06,147.5,160.0,170.0,174.0,177.0,183.0,188.0,193.0,199.0,202.0,205.0,214.0,227.0,inferred
Calderdale,2021-10-07,146.0,157.0,165.8,168.0,171.0,177.0,182.0,187.0,192.0,195.0,198.0,207.1,224.0,inferred
Calderdale,2021-10-08,133.0,145.0,153.0,156.0,160.0,165.0,170.0,175.0,180.0,183.0,186.0,196.0,210.0,inferred
Calderdale,2021-10-09,111.5,123.0,130.0,133.0,136.0,140.0,145.0,149.0,154.0,157.0,160.0,170.0,182.5,inferred
Calderdale,2021-10-10,120.0,131.0,139.0,143.0,145.0,150.0,155.0,161.0,166.0,169.0,173.0,182.0,195.5,inferred
Calderdale,2021-10-11,174.0,189.0,197.0,201.0,205.0,211.0,217.0,223.0,229.0,232.2,237.0,247.0,269.0,inferred
Calderdale,2021-10-12,162.0,175.0,185.0,188.0,191.0,197.0,202.0,207.0,213.3,217.0,221.0,232.0,248.0,inferred
Calderdale,2021-10-13,155.0,168.0,177.0,181.0,184.0,190.0,195.0,201.0,207.0,211.0,215.0,225.0,243.0,inferred
Calderdale,2021-10-14,138.0,152.0,161.0,164.0,167.0,173.0,177.0,183.0,189.0,193.0,197.0,209.0,224.0,inferred
Calderdale,2021-10-15,118.5,131.0,140.0,143.0,146.0,151.0,156.0,162.4,168.0,171.2,176.0,185.0,201.0,inferred
Cambridge,2021-07-03,27.0,33.0,37.0,39.0,40.0,43.0,45.0,48.0,51.0,53.0,55.0,59.0,68.0,inferred
Cambridge,2021-07-04,27.0,33.0,38.0,40.0,41.0,44.0,46.0,49.0,52.0,54.0,56.0,61.0,69.0,inferred
Cambridge,2021-07-05,38.0,46.0,51.0,52.0,54.0,57.0,60.0,63.0,66.0,68.0,70.0,77.0,88.0,inferred
Cambridge,2021-07-06,36.0,42.0,46.8,48.0,50.0,53.0,57.0,60.0,63.0,65.0,67.0,73.0,83.0,inferred
Cambridge,2021-07-07,37.0,43.0,48.0,50.0,52.0,55.0,58.0,60.0,64.0,66.0,68.0,74.0,84.0,inferred
Cambridge,2021-07-08,36.0,42.0,47.0,49.0,50.0,54.0,56.5,59.0,62.0,64.0,66.0,71.0,82.0,inferred
Cambridge,2021-07-09,31.5,38.0,43.0,45.0,46.0,50.0,53.0,56.0,59.0,62.0,64.0,70.0,79.0,inferred
Cambridge,2021-07-10,27.0,33.0,37.0,39.0,40.0,43.0,46.0,49.0,52.0,54.0,55.2,61.0,70.0,inferred
Cambridge,2021-07-11,29.0,35.0,39.0,41.0,42.0,45.0,48.0,51.0,54.0,56.0,59.0,65.0,73.0,inferred
Cambridge,2021-07-12,42.0,51.0,56.0,58.0,60.0,63.0,67.0,70.0,73.0,76.0,78.0,85.0,96.5,inferred
Cambridge,2021-07-13,41.5,49.0,55.0,57.0,59.0,62.0,65.0,68.0,72.0,74.0,76.0,82.0,93.0,inferred
Cambridge,2021-07-14,43.0,49.0,54.0,56.0,58.0,62.0,65.0,69.0,73.0,75.0,77.0,84.0,96.0,inferred
Cambridge,2021-07-15,40.0,48.0,52.0,54.8,57.0,60.0,63.0,67.0,70.0,72.0,75.0,80.1,91.0,inferred
Cambridge,2021-07-16,37.0,44.0,48.0,49.0,51.0,54.0,57.0,61.0,64.0,66.0,68.0,74.0,84.0,inferred
Cambridge,2021-07-17,29.0,36.0,40.0,42.0,43.0,46.0,49.0,52.0,55.0,56.0,58.0,63.0,73.0,inferred
Cambridge,2021-07-18,30.0,36.0,41.0,43.0,44.0,47.0,50.0,54.0,56.0,58.0,60.0,66.0,74.0,inferred
Cambridge,2021-07-19,44.0,52.0,57.0,59.0,60.7,63.6,67.0,71.0,74.3,77.0,79.0,85.0,97.0,inferred
Cambridge,2021-07-20,40.0,47.0,52.8,54.8,56.0,60.0,63.0,66.0,70.0,72.0,74.0,80.0,93.0,inferred
Cambridge,2021-07-21,40.0,47.0,52.0,54.0,56.0,60.0,63.0,67.0,70.0,72.0,74.0,80.0,91.5,inferred
Cambridge,2021-07-22,38.0,44.0,50.0,51.0,53.0,56.0,60.0,62.0,66.0,68.0,70.0,76.0,88.0,inferred
Cambridge,2021-07-23,33.0,39.0,44.0,46.0,47.0,50.0,54.0,57.0,60.0,62.0,64.0,69.0,78.0,inferred
Cambridge,2021-07-24,26.0,32.0,36.0,38.0,39.0,42.0,44.0,47.0,50.0,52.0,54.0,59.0,69.0,inferred
Cambridge,2021-07-25,27.0,33.0,37.0,38.0,40.0,43.0,45.0,48.0,51.0,53.0,55.0,61.0,69.0,inferred
Cambridge,2021-07-26,38.0,45.9,51.0,53.0,54.0,57.0,60.0,63.0,67.0,70.0,72.0,78.0,87.0,inferred
Cambridge,2021-07-27,37.0,43.0,48.8,51.0,53.0,56.0,59.0,62.0,65.0,67.0,69.0,75.0,87.0,inferred
Cambridge,2021-07-28,38.0,47.0,52.0,54.0,56.0,59.0,63.0,66.0,69.0,71.2,74.0,80.0,90.0,inferred
Cambridge,2021-07-29,42.0,49.0,54.0,56.0,57.0,60.0,63.0,67.0,70.0,73.0,75.0,80.0,90.0,inferred
Cambridge,2021-07-30,39.0,47.0,51.0,53.0,55.0,58.0,61.0,64.0,68.0,70.0,72.0,79.0,91.0,inferred
Cambridge,2021-07-31,34.0,40.0,45.0,47.0,48.0,51.0,54.0,57.0,61.0,62.0,64.0,70.0,78.0,inferred
Cambridge,2021-08-01,37.0,44.0,49.0,50.0,52.0,55.6,59.0,62.0,65.0,68.0,70.0,76.0,83.0,inferred
Cambridge,2021-08-02,56.0,63.0,70.0,73.0,75.0,79.0,82.0,86.0,90.0,93.0,95.0,103.0,115.5,inferred
Cambridge,2021-08-03,53.0,61.9,68.0,70.0,72.0,76.0,80.0,83.0,87.0,89.0,92.0,100.0,112.0,inferred
Cambridge,2021-08-04,54.0,63.0,68.0,70.0,73.0,77.0,81.0,84.0,88.0,90.0,93.0,99.0,111.0,inferred
Cambridge,2021-08-05,51.0,59.9,65.0,67.0,69.0,73.0,77.0,81.0,84.0,87.0,89.0,95.0,105.5,inferred
Cambridge,2021-08-06,46.0,53.0,58.0,60.0,62.0,66.0,69.0,72.0,76.0,78.0,80.0,88.0,98.0,inferred
Cambridge,2021-08-07,37.0,43.0,49.0,51.0,52.0,56.0,59.0,62.0,65.0,66.2,69.0,74.0,85.0,inferred
Cambridge,2021-08-08,39.0,45.0,50.0,52.0,54.0,57.0,60.0,63.0,67.0,69.0,71.0,77.0,86.5,inferred
Cambridge,2021-08-09,54.0,63.0,69.0,71.0,73.0,77.0,80.0,84.0,88.0,90.0,93.0,101.0,111.0,inferred
Cambridge,2021-08-10,51.0,58.0,64.0,67.0,69.0,72.0,76.0,79.0,84.0,85.2,88.0,96.0,108.0,inferred
Cambridge,2021-08-11,51.0,59.0,64.0,67.0,68.0,72.0,75.0,79.0,83.0,86.0,88.0,95.1,106.0,inferred
Cambridge,2021-08-12,46.0,54.0,60.0,62.0,63.0,67.6,70.0,75.0,79.0,81.0,84.0,90.0,99.0,inferred
Cambridge,2021-08-13,40.0,48.0,53.0,55.0,57.0,61.0,63.5,67.0,70.0,73.0,75.0,81.0,91.0,inferred
Cambridge,2021-08-14,33.0,39.0,44.0,45.0,47.0,50.0,53.0,56.0,60.0,61.2,63.2,70.0,78.0,inferred
Cambridge,2021-08-15,33.0,40.0,44.0,46.0,48.0,50.0,53.0,57.0,60.0,62.0,63.2,70.0,79.0,inferred
Cambridge,2021-08-16,47.0,55.0,61.0,63.0,65.0,68.0,72.0,75.0,79.0,81.0,84.0,90.0,102.0,inferred
Cambridge,2021-08-17,42.0,50.0,56.0,58.0,60.0,64.0,67.0,70.0,73.0,76.0,77.0,84.0,93.5,inferred
Cambridge,2021-08-18,42.0,49.0,54.0,56.0,58.0,61.0,64.0,68.0,72.0,74.0,76.0,83.0,93.0,inferred
Cambridge,2021-08-19,37.5,44.0,49.0,51.0,53.0,56.0,59.0,62.0,65.0,67.0,70.0,76.0,86.0,inferred
Cambridge,2021-08-20,32.0,39.0,43.0,45.0,46.0,49.0,52.0,55.0,59.0,60.0,63.0,68.0,79.0,inferred
Cambridge,2021-08-21,25.0,30.0,35.0,36.0,37.0,40.0,43.0,45.0,48.0,50.0,52.0,58.0,66.0,inferred
Cambridge,2021-08-22,25.0,31.0,34.0,36.0,37.0,40.0,42.0,45.0,47.0,49.0,51.0,56.1,64.0,inferred
Cambridge,2021-08-23,34.0,40.0,45.0,47.0,49.0,52.0,55.0,58.0,61.0,63.0,65.0,72.0,82.0,inferred
Cambridge,2021-08-24,30.0,38.0,42.0,44.0,45.0,48.0,51.0,54.0,57.0,59.0,61.0,67.0,77.0,inferred
Cambridge,2021-08-25,30.0,38.0,42.0,43.0,45.0,48.0,51.0,54.0,58.0,60.0,62.0,68.0,76.5,inferred
Cambridge,2021-08-26,30.0,36.0,40.0,42.0,43.0,46.0,49.0,52.0,55.0,57.0,59.0,64.0,75.0,inferred
Cambridge,2021-08-27,25.0,31.0,36.0,38.0,39.0,42.0,45.0,48.0,51.0,52.0,54.0,60.0,69.0,inferred
Cambridge,2021-08-28,21.0,26.0,29.0,31.0,32.0,35.0,37.0,40.0,43.0,44.0,47.0,51.0,59.0,inferred
Cambridge,2021-08-29,21.5,27.0,30.0,32.0,33.0,36.0,38.0,41.0,44.0,45.0,47.0,52.0,59.0,inferred
Cambridge,2021-08-30,32.0,39.0,43.0,45.0,47.0,49.0,52.0,55.0,59.0,61.0,63.0,68.0,78.0,inferred
Cambridge,2021-08-31,30.0,37.0,41.0,42.0,44.0,47.0,49.0,52.0,56.0,57.0,59.0,65.0,74.0,inferred
Cambridge,2021-09-01,29.0,35.0,40.0,42.0,44.0,47.0,50.0,53.0,56.0,58.0,60.0,65.0,75.0,inferred
Cambridge,2021-09-02,28.0,34.0,38.0,40.0,42.0,45.0,47.0,50.4,53.0,55.0,57.0,63.0,72.0,inferred
Cambridge,2021-09-03,25.0,31.0,35.0,36.0,38.0,40.0,43.0,46.0,48.0,50.0,52.0,58.0,65.5,inferred
Cambridge,2021-09-04,19.0,25.0,28.0,30.0,31.0,34.0,36.0,38.0,41.0,43.0,45.0,49.0,57.0,inferred
Cambridge,2021-09-05,20.0,26.0,29.0,31.0,32.0,34.0,37.0,40.0,43.0,44.0,46.0,51.0,59.0,inferred
Cambridge,2021-09-06,30.0,36.0,41.0,43.0,44.0,47.0,50.0,53.0,56.0,58.2,60.0,66.0,74.0,inferred
Cambridge,2021-09-07,27.0,33.0,37.0,39.0,41.0,44.0,46.0,49.0,53.0,54.0,56.0,61.0,71.0,inferred
Cambridge,2021-09-08,27.0,34.0,38.0,39.8,41.0,43.6,46.0,49.0,52.0,54.0,56.0,61.0,72.0,inferred
Cambridge,2021-09-09,25.0,31.0,35.0,37.0,38.0,41.0,43.0,46.0,49.0,51.0,53.0,58.0,67.0,inferred
Cambridge,2021-09-10,22.0,27.0,31.0,32.0,34.0,37.0,39.0,41.0,44.0,46.0,48.0,52.0,59.5,inferred
Cambridge,2021-09-11,17.0,22.0,25.0,26.0,27.7,30.0,32.0,35.0,37.0,38.2,40.0,45.0,52.0,inferred
Cambridge,2021-09-12,17.0,22.0,26.0,27.0,28.0,30.0,33.0,35.0,38.0,39.0,41.0,45.0,53.0,inferred
Cambridge,2021-09-13,25.0,31.0,35.0,37.0,38.0,41.0,43.0,46.0,49.0,51.0,53.0,58.0,69.0,inferred
Cambridge,2021-09-14,23.5,29.0,34.0,35.0,37.0,39.0,42.0,44.0,47.0,49.0,50.0,56.0,64.0,inferred
Cambridge,2021-09-15,24.5,31.0,34.0,36.0,38.0,40.0,43.0,46.0,49.0,51.0,52.0,57.0,66.0,inferred
Cambridge,2021-09-16,25.0,31.0,35.0,36.0,37.0,40.0,43.0,45.0,48.0,50.0,52.0,57.0,66.0,inferred
Cambridge,2021-09-17,23.0,28.0,32.0,34.0,35.0,38.0,40.0,43.0,46.0,47.0,49.0,54.0,63.0,inferred
Cambridge,2021-09-18,18.0,24.0,27.0,28.0,29.0,31.0,34.0,36.0,39.0,41.0,42.0,47.0,55.0,inferred
Cambridge,2021-09-19,19.0,25.0,29.0,30.0,31.0,34.0,36.0,38.0,41.0,43.0,45.0,50.0,59.0,inferred
Cambridge,2021-09-20,28.5,35.0,41.0,42.0,44.0,47.0,50.0,52.0,55.0,58.0,60.0,66.0,75.0,inferred
Cambridge,2021-09-21,29.0,35.0,39.0,41.0,42.0,45.0,48.0,51.0,54.0,56.0,58.0,63.0,73.0,inferred
Cambridge,2021-09-22,29.0,34.0,39.0,40.0,42.0,44.0,47.0,51.0,54.0,56.0,57.0,63.0,72.0,inferred
Cambridge,2021-09-23,26.0,31.0,36.0,37.0,39.0,42.0,44.0,47.0,50.0,52.0,54.0,60.0,69.0,inferred
Cambridge,2021-09-24,23.0,28.0,32.0,34.0,35.0,38.0,41.0,43.0,46.0,47.2,50.0,54.0,62.0,inferred
Cambridge,2021-09-25,18.0,23.0,26.0,27.0,28.0,31.0,33.0,36.0,38.0,40.0,42.0,46.0,54.0,inferred
Cambridge,2021-09-26,18.0,23.0,26.0,27.0,28.7,31.0,33.0,36.0,38.0,40.0,41.0,46.0,54.0,inferred
Cambridge,2021-09-27,25.5,31.9,35.8,37.0,39.0,41.0,44.0,47.0,50.0,51.0,53.0,59.0,69.0,inferred
Cambridge,2021-09-28,24.0,29.0,32.8,34.0,36.0,39.0,41.0,44.0,47.0,48.0,50.0,55.0,65.0,inferred
Cambridge,2021-09-29,22.0,28.0,32.0,34.0,35.0,38.0,40.0,43.0,46.0,47.0,49.0,54.0,63.0,inferred
Cambridge,2021-09-30,21.0,26.0,30.0,32.0,33.0,36.0,38.0,41.0,43.0,45.0,47.0,52.0,61.0,inferred
Cambridge,2021-10-01,19.0,24.0,27.0,29.0,30.0,32.0,34.0,37.0,39.0,41.0,43.0,47.0,55.0,inferred
Cambridge,2021-10-02,15.0,19.0,22.0,24.0,25.0,27.0,29.0,31.0,34.0,35.0,37.0,41.0,48.5,inferred
Cambridge,2021-10-03,15.0,20.0,23.0,24.0,25.0,28.0,30.0,32.0,35.0,36.0,37.0,42.0,48.0,inferred
Cambridge,2021-10-04,22.5,28.0,32.0,34.0,35.0,38.0,41.0,43.0,46.0,48.0,50.0,56.0,64.0,inferred
Cambridge,2021-10-05,20.0,27.0,30.0,32.0,33.0,36.0,39.0,42.0,44.0,46.0,47.0,52.0,59.0,inferred
Cambridge,2021-10-06,24.0,29.0,33.0,34.0,36.0,39.0,41.0,44.0,47.0,49.0,51.0,56.0,63.0,inferred
Cambridge,2021-10-07,23.0,29.0,33.0,35.0,36.0,39.0,42.0,44.0,47.0,49.0,50.0,56.0,66.0,inferred
Cambridge,2021-10-08,22.0,28.0,32.0,33.0,34.0,37.0,40.0,42.0,45.0,47.0,49.0,54.0,63.0,inferred
Cambridge,2021-10-09,19.0,24.0,28.0,29.0,30.0,33.0,35.0,38.0,40.0,42.0,43.0,48.0,54.5,inferred
Cambridge,2021-10-10,21.0,27.0,30.0,32.0,33.0,35.0,38.0,40.0,44.0,45.0,47.0,52.0,59.0,inferred
Cambridge,2021-10-11,32.0,39.0,44.0,45.0,47.0,50.0,53.0,56.0,60.0,61.0,64.0,70.0,80.0,inferred
Cambridge,2021-10-12,31.0,38.9,43.0,45.0,46.0,49.0,52.0,55.0,58.0,60.0,62.2,68.0,78.0,inferred
Cambridge,2021-10-13,31.5,38.0,43.0,45.0,47.0,50.0,53.0,56.0,59.0,61.0,64.0,70.0,79.0,inferred
Cambridge,2021-10-14,29.0,36.0,40.0,42.0,43.7,46.0,49.0,52.0,56.0,57.0,59.0,65.0,74.0,inferred
Cambridge,2021-10-15,25.0,31.0,35.0,37.0,39.0,41.6,44.0,47.0,51.0,53.0,55.0,60.0,70.0,inferred
Camden,2021-07-03,54.5,62.0,68.0,70.0,72.0,77.0,80.0,84.0,88.0,90.0,93.0,100.0,112.0,inferred
Camden,2021-07-04,58.0,67.0,73.0,76.0,78.0,82.0,85.5,89.0,94.0,97.0,99.0,106.0,119.5,inferred
Camden,2021-07-05,90.0,102.0,109.0,112.0,115.0,120.0,124.0,128.0,132.0,135.0,138.0,147.0,162.0,inferred
Camden,2021-07-06,89.0,100.0,108.0,110.0,113.0,118.0,122.0,126.0,131.0,134.0,136.0,144.0,158.0,inferred
Camden,2021-07-07,96.0,106.0,113.0,116.0,119.0,124.0,129.0,133.0,138.0,140.0,144.0,152.0,165.0,inferred
Camden,2021-07-08,95.0,106.9,114.0,116.0,119.0,124.0,129.0,134.0,139.0,142.0,145.0,152.0,166.0,inferred
Camden,2021-07-09,91.5,101.0,109.0,112.0,114.0,119.0,123.0,127.0,132.0,135.0,138.0,147.0,160.0,inferred
Camden,2021-07-10,79.0,89.0,96.0,98.0,101.0,105.0,109.0,114.0,119.0,121.0,124.2,132.0,145.0,inferred
Camden,2021-07-11,82.0,93.0,101.0,104.0,106.0,110.0,115.0,119.0,124.0,127.0,130.0,137.0,149.5,inferred
Camden,2021-07-12,125.5,137.0,146.0,150.0,153.0,158.0,163.0,169.0,174.0,178.0,182.0,191.0,206.0,inferred
Camden,2021-07-13,126.0,137.0,145.0,148.0,150.7,156.0,161.0,166.0,171.0,175.0,179.0,190.0,206.0,inferred
Camden,2021-07-14,129.5,141.0,151.0,154.0,157.0,162.0,167.0,172.0,177.0,180.0,184.0,194.0,208.5,inferred
Camden,2021-07-15,125.5,138.0,146.0,149.0,152.0,158.0,163.0,168.0,173.0,176.0,179.0,189.0,203.0,inferred
Camden,2021-07-16,112.5,125.0,133.0,136.8,140.0,144.0,149.0,155.0,160.0,163.0,167.0,177.0,194.5,inferred
Camden,2021-07-17,95.0,106.0,113.0,116.0,119.0,123.0,128.0,132.0,138.0,140.0,144.0,152.0,168.0,inferred
Camden,2021-07-18,94.5,104.0,113.0,116.0,119.0,124.0,129.0,133.0,138.0,140.0,143.0,153.0,165.0,inferred
Camden,2021-07-19,133.0,146.0,156.0,159.0,162.0,168.0,173.5,179.0,185.0,188.0,192.0,201.0,217.0,inferred
Camden,2021-07-20,123.0,135.0,143.0,146.0,149.0,155.0,160.0,165.0,171.0,174.0,178.0,187.0,201.5,inferred
Camden,2021-07-21,114.0,126.9,134.8,138.0,141.0,145.0,150.0,155.0,161.0,164.0,168.0,178.0,191.0,inferred
Camden,2021-07-22,101.0,111.0,118.0,120.0,124.0,128.6,134.0,138.0,143.0,147.0,149.2,158.0,174.0,inferred
Camden,2021-07-23,80.5,91.9,98.0,101.0,103.0,108.0,111.0,115.0,121.0,123.0,126.0,134.0,149.0,inferred
Camden,2021-07-24,62.0,71.0,76.0,79.0,81.0,84.0,88.0,91.4,95.0,98.0,100.0,108.0,120.5,inferred
Camden,2021-07-25,56.0,64.0,70.0,72.0,74.0,78.0,82.0,86.0,89.0,91.0,94.0,101.1,110.5,inferred
Camden,2021-07-26,72.0,83.0,90.0,92.0,95.0,100.0,104.0,108.0,112.0,115.2,118.0,125.0,137.0,inferred
Camden,2021-07-27,68.0,77.0,82.8,85.0,87.0,91.0,95.0,99.0,103.0,106.0,108.0,116.0,127.0,inferred
Camden,2021-07-28,67.0,76.0,83.0,86.0,88.0,92.0,96.0,100.0,104.0,106.0,109.0,117.0,130.0,inferred
Camden,2021-07-29,64.0,74.0,80.0,82.0,84.0,88.0,92.0,96.0,101.0,104.0,106.0,113.0,125.0,inferred
Camden,2021-07-30,58.0,67.0,73.0,75.0,78.0,81.0,85.0,88.0,92.0,95.0,97.0,106.0,118.0,inferred
Camden,2021-07-31,47.0,55.0,61.0,63.0,65.0,69.0,72.0,75.0,79.0,82.0,84.0,90.0,102.0,inferred
Camden,2021-08-01,49.0,57.0,62.0,64.0,66.0,70.0,73.0,77.0,81.0,83.0,85.0,91.0,103.0,inferred
Camden,2021-08-02,71.0,81.0,87.0,89.0,91.0,95.0,99.0,103.0,107.0,110.0,113.0,120.0,132.0,inferred
Camden,2021-08-03,66.5,76.9,83.0,85.0,87.0,91.0,96.0,99.0,104.0,106.0,108.0,116.0,126.0,inferred
Camden,2021-08-04,69.0,77.0,84.0,86.0,89.0,93.0,96.0,101.0,105.0,107.0,110.0,118.0,133.0,inferred
Camden,2021-08-05,66.0,74.0,81.0,83.0,84.0,89.0,93.0,96.0,101.0,103.0,106.0,113.0,125.0,inferred
Camden,2021-08-06,58.5,67.0,74.0,76.0,78.0,82.0,86.0,89.0,93.0,95.0,98.0,105.0,115.0,inferred
Camden,2021-08-07,47.0,56.0,61.0,63.0,65.0,69.0,73.0,76.0,80.0,81.0,84.0,90.0,101.0,inferred
Camden,2021-08-08,48.0,56.0,61.0,63.0,65.0,69.0,73.0,76.0,80.0,82.0,85.0,91.0,100.5,inferred
Camden,2021-08-09,70.0,79.0,86.0,89.0,91.0,95.0,99.0,103.0,107.0,110.0,112.0,119.0,131.0,inferred
Camden,2021-08-10,68.0,76.0,82.0,84.0,86.0,91.0,94.0,99.0,103.0,105.0,108.0,115.0,127.0,inferred
Camden,2021-08-11,67.0,76.0,82.0,85.0,87.0,91.0,95.0,100.0,104.0,106.0,110.0,118.0,129.0,inferred
Camden,2021-08-12,65.0,74.0,80.0,82.0,84.0,88.0,92.0,96.0,100.0,103.0,105.0,112.0,123.0,inferred
Camden,2021-08-13,57.0,66.0,72.0,74.0,76.0,81.0,84.0,88.0,92.0,94.0,96.0,103.0,114.0,inferred
Camden,2021-08-14,46.0,54.0,60.0,62.0,64.0,68.0,71.0,74.0,78.0,80.0,83.0,89.0,100.0,inferred
Camden,2021-08-15,45.0,54.0,59.0,61.0,63.0,66.0,70.0,74.0,78.0,80.0,82.0,88.0,99.5,inferred
Camden,2021-08-16,65.5,75.0,82.0,84.0,86.0,91.0,95.0,99.0,103.0,106.0,108.0,116.0,129.0,inferred
Camden,2021-08-17,63.0,71.0,78.0,80.0,82.0,86.0,90.0,94.0,98.0,100.0,103.0,110.0,122.5,inferred
Camden,2021-08-18,60.5,72.0,77.0,79.0,82.0,86.0,90.0,94.0,98.0,101.0,103.0,112.0,124.0,inferred
Camden,2021-08-19,57.0,67.0,73.0,75.0,77.0,81.0,84.0,88.0,92.0,95.0,98.0,104.0,116.0,inferred
Camden,2021-08-20,53.0,60.0,66.0,68.0,70.0,74.0,77.0,81.0,84.0,86.0,89.0,95.1,106.0,inferred
Camden,2021-08-21,42.0,49.0,53.0,55.0,57.0,60.0,63.0,66.0,70.0,72.0,74.0,80.0,91.0,inferred
Camden,2021-08-22,39.5,47.0,52.0,54.0,56.0,59.0,62.0,66.0,69.0,72.0,73.0,80.0,91.0,inferred
Camden,2021-08-23,57.0,66.0,72.0,74.0,76.0,80.0,83.0,87.0,92.0,94.0,96.0,103.0,115.0,inferred
Camden,2021-08-24,54.0,62.0,67.0,69.0,71.0,75.6,79.0,83.0,87.0,89.0,91.2,99.0,111.0,inferred
Camden,2021-08-25,54.0,63.0,68.0,71.0,73.0,76.0,80.0,84.0,88.0,89.0,92.0,99.0,109.0,inferred
Camden,2021-08-26,53.0,61.0,66.0,68.0,70.0,74.0,77.0,81.0,85.0,87.0,89.0,96.0,107.0,inferred
Camden,2021-08-27,46.0,54.0,60.0,63.0,65.0,68.0,71.0,75.0,79.0,81.0,83.0,90.0,102.0,inferred
Camden,2021-08-28,38.0,46.0,52.0,54.0,55.0,58.0,61.0,65.0,68.0,70.0,72.0,78.0,87.0,inferred
Camden,2021-08-29,38.0,46.0,52.0,54.0,56.0,59.0,62.0,65.0,69.0,71.0,73.0,79.0,88.0,inferred
Camden,2021-08-30,57.5,66.0,73.0,75.0,77.0,81.0,85.0,89.0,93.0,96.0,98.0,105.0,115.0,inferred
Camden,2021-08-31,57.0,65.0,71.0,72.0,74.0,78.0,82.0,86.0,89.0,91.0,94.0,100.1,113.0,inferred
Camden,2021-09-01,59.0,67.0,73.0,75.0,77.0,81.0,84.0,88.0,92.0,94.2,97.0,104.0,116.0,inferred
Camden,2021-09-02,57.0,65.0,71.0,74.0,75.0,78.6,82.0,86.0,90.0,92.0,94.0,101.0,113.0,inferred
Camden,2021-09-03,52.0,59.0,65.0,67.0,68.0,73.0,76.0,79.0,83.0,85.0,88.0,95.0,106.0,inferred
Camden,2021-09-04,42.0,49.9,54.0,56.0,58.0,61.0,65.0,68.0,71.0,74.0,76.0,83.0,95.0,inferred
Camden,2021-09-05,44.0,51.0,56.0,58.0,59.0,63.0,66.0,69.0,73.0,75.0,77.0,83.0,95.0,inferred
Camden,2021-09-06,61.0,72.0,78.0,81.0,83.0,87.0,91.0,95.0,99.0,101.2,105.0,112.0,124.0,inferred
Camden,2021-09-07,59.0,67.0,74.0,76.0,78.0,82.0,86.0,89.0,93.0,96.0,98.0,106.0,118.0,inferred
Camden,2021-09-08,57.0,66.0,71.0,73.0,76.0,79.0,82.5,86.0,90.0,92.0,94.2,101.1,112.0,inferred
Camden,2021-09-09,51.0,59.0,64.0,66.0,68.0,72.0,75.0,79.0,83.0,85.0,88.0,94.0,106.5,inferred
Camden,2021-09-10,41.0,49.0,54.0,56.0,58.0,61.0,65.0,68.0,72.0,74.0,76.0,83.0,93.0,inferred
Camden,2021-09-11,31.0,38.0,42.0,44.0,46.0,49.0,51.0,54.0,57.0,59.0,61.0,67.0,75.5,inferred
Camden,2021-09-12,30.0,36.9,41.0,43.0,44.0,46.0,49.0,52.0,55.0,56.0,58.0,64.0,72.0,inferred
Camden,2021-09-13,41.0,48.0,53.0,55.0,57.0,60.0,63.5,67.0,70.0,72.0,74.0,80.0,90.5,inferred
Camden,2021-09-14,38.0,45.0,50.0,51.0,53.0,57.0,59.0,62.0,66.0,68.0,70.0,76.0,86.0,inferred
Camden,2021-09-15,38.0,45.0,50.0,52.0,53.0,57.0,60.0,63.0,66.3,69.0,71.0,77.0,87.0,inferred
Camden,2021-09-16,37.0,45.0,49.0,51.0,52.0,56.0,58.5,62.0,66.0,68.0,70.0,76.0,84.0,inferred
Camden,2021-09-17,34.0,41.0,46.0,47.0,49.0,52.0,55.0,58.0,62.0,63.0,65.2,72.0,81.0,inferred
Camden,2021-09-18,28.0,35.0,39.0,41.0,42.0,45.0,48.0,50.0,53.0,55.0,58.0,63.0,71.5,inferred
Camden,2021-09-19,29.0,36.0,40.0,41.0,43.0,46.0,48.5,51.0,54.0,56.0,58.0,63.0,72.0,inferred
Camden,2021-09-20,45.0,53.0,58.0,60.0,62.0,65.0,68.0,71.0,75.0,77.0,80.0,86.1,97.5,inferred
Camden,2021-09-21,43.0,50.0,56.0,58.0,60.0,63.0,66.0,70.0,74.0,76.0,78.0,83.0,92.5,inferred
Camden,2021-09-22,44.0,52.0,58.0,59.0,62.0,65.0,68.0,71.0,75.0,77.0,79.0,86.0,97.0,inferred
Camden,2021-09-23,42.0,50.0,55.0,57.0,59.0,62.0,65.5,69.0,72.0,75.0,77.0,84.0,94.0,inferred
Camden,2021-09-24,40.0,47.0,51.0,53.0,55.0,58.0,61.0,64.0,67.0,69.0,71.0,76.0,87.0,inferred
Camden,2021-09-25,31.0,38.0,42.0,44.0,46.0,49.0,52.0,55.0,58.0,59.2,61.0,67.0,76.5,inferred
Camden,2021-09-26,32.0,38.0,43.0,45.0,46.0,49.0,52.0,55.0,58.0,59.2,62.0,67.1,77.0,inferred
Camden,2021-09-27,45.5,55.0,60.0,62.0,64.0,68.0,72.0,75.0,79.0,81.0,83.0,89.0,100.5,inferred
Camden,2021-09-28,43.0,53.0,58.0,60.0,62.0,66.0,69.0,72.0,76.0,78.0,81.0,87.0,98.0,inferred
Camden,2021-09-29,46.0,53.0,58.0,60.0,63.0,66.0,69.0,72.0,76.0,78.0,81.0,87.0,99.0,inferred
Camden,2021-09-30,45.0,52.0,57.0,59.0,60.0,64.0,67.0,71.0,74.0,77.0,79.0,85.0,94.0,inferred
Camden,2021-10-01,39.0,45.0,50.0,52.0,53.7,57.0,60.0,63.0,67.0,69.0,71.0,77.0,86.0,inferred
Camden,2021-10-02,32.0,38.0,43.0,45.0,47.0,50.0,52.0,55.0,58.0,60.0,62.0,67.0,78.0,inferred
Camden,2021-10-03,31.0,38.0,43.0,45.0,46.0,49.0,52.0,55.0,58.0,60.0,62.0,67.0,76.5,inferred
Camden,2021-10-04,46.0,54.0,60.0,62.0,63.0,67.0,70.0,73.0,77.0,79.0,82.0,89.0,100.0,inferred
Camden,2021-10-05,44.0,53.0,58.0,60.0,62.0,65.0,69.0,72.0,76.0,79.0,81.0,88.0,98.5,inferred
Camden,2021-10-06,48.0,55.0,60.0,62.0,64.0,68.0,71.0,74.0,78.0,81.0,83.0,90.0,100.0,inferred
Camden,2021-10-07,46.0,54.0,60.0,61.8,64.0,67.0,70.0,73.0,76.0,78.0,80.0,86.0,98.5,inferred
Camden,2021-10-08,43.0,50.0,55.0,57.0,58.0,62.0,65.0,68.0,72.0,74.0,77.0,83.0,95.0,inferred
Camden,2021-10-09,35.0,43.0,47.0,49.0,51.0,54.0,57.0,60.0,63.0,65.0,67.0,73.0,83.0,inferred
Camden,2021-10-10,36.0,43.0,48.0,51.0,52.0,55.6,58.5,61.0,65.0,67.0,69.0,75.0,84.5,inferred
Camden,2021-10-11,55.0,64.0,69.0,72.0,74.0,78.0,82.0,85.4,90.0,92.0,95.0,102.0,112.5,inferred
Camden,2021-10-12,55.0,63.0,69.0,71.0,73.0,76.0,79.0,83.0,87.0,88.0,91.0,98.1,110.0,inferred
Camden,2021-10-13,55.0,63.0,69.0,71.0,74.0,77.0,81.0,85.0,90.0,92.0,94.0,101.0,112.5,inferred
Camden,2021-10-14,53.0,61.0,67.0,69.0,70.0,75.0,78.0,81.0,85.0,88.0,90.0,98.0,110.0,inferred
Camden,2021-10-15,47.0,54.0,59.0,61.0,63.0,66.0,70.0,74.0,78.0,80.0,82.2,90.0,101.5,inferred
Cannock Chase,2021-07-03,9.0,12.0,15.0,16.0,17.0,18.0,20.0,22.0,24.0,25.0,27.0,30.0,37.0,inferred
Cannock Chase,2021-07-04,10.0,14.0,17.0,18.0,18.0,20.0,22.0,24.0,27.0,28.0,29.0,33.1,40.0,inferred
Cannock Chase,2021-07-05,17.0,21.9,25.0,26.0,27.0,30.0,32.0,34.0,37.0,38.2,40.0,45.0,52.0,inferred
Cannock Chase,2021-07-06,19.0,23.0,26.0,28.0,29.0,32.0,34.0,36.0,39.0,40.0,42.0,47.0,54.0,inferred
Cannock Chase,2021-07-07,20.0,25.0,29.0,31.0,32.0,35.0,37.0,40.0,43.0,44.0,46.0,51.0,62.0,inferred
Cannock Chase,2021-07-08,22.0,27.0,31.0,33.0,35.0,37.0,40.0,42.0,45.0,47.0,49.0,54.0,61.0,inferred
Cannock Chase,2021-07-09,22.0,28.0,32.0,33.0,35.0,37.0,40.0,43.0,45.0,47.0,49.0,54.0,63.0,inferred
Cannock Chase,2021-07-10,21.0,26.0,29.0,31.0,32.0,35.0,37.0,40.0,43.0,45.0,46.0,52.0,60.0,inferred
Cannock Chase,2021-07-11,26.0,31.0,36.0,37.0,38.0,41.0,44.0,47.0,50.0,52.0,54.0,60.0,69.0,inferred
Cannock Chase,2021-07-12,43.0,50.0,56.0,58.0,59.0,63.0,67.0,71.0,75.0,77.0,79.2,87.0,98.0,inferred
Cannock Chase,2021-07-13,43.0,51.0,57.0,59.0,60.7,64.0,67.0,71.0,75.0,77.0,80.0,86.1,97.0,inferred
Cannock Chase,2021-07-14,44.0,52.0,58.0,60.0,62.0,65.0,69.0,72.0,76.0,79.0,82.0,88.0,99.0,inferred
Cannock Chase,2021-07-15,43.0,52.0,57.0,59.0,61.0,64.0,68.0,71.0,75.0,77.0,80.0,86.0,98.5,inferred
Cannock Chase,2021-07-16,38.0,46.0,50.0,52.0,54.0,57.0,60.0,63.0,67.0,69.0,72.0,78.0,87.0,inferred
Cannock Chase,2021-07-17,32.0,38.9,43.0,44.0,46.0,49.0,51.0,54.0,57.0,59.0,61.0,67.0,77.5,inferred
Cannock Chase,2021-07-18,32.5,40.0,44.0,46.0,48.0,51.0,54.0,58.0,61.0,63.0,65.0,71.0,81.0,inferred
Cannock Chase,2021-07-19,47.0,56.0,62.0,64.0,66.0,70.0,74.0,78.0,82.0,84.0,87.0,93.0,104.0,inferred
Cannock Chase,2021-07-20,44.0,50.0,56.0,58.0,59.7,63.0,66.0,70.0,74.0,76.0,78.0,85.0,95.0,inferred
Cannock Chase,2021-07-21,39.5,46.0,51.0,53.0,55.0,59.0,62.0,65.0,69.0,71.0,72.0,79.0,90.0,inferred
Cannock Chase,2021-07-22,32.0,39.0,44.0,46.0,47.0,51.0,54.0,57.0,60.0,62.0,65.0,71.0,79.0,inferred
Cannock Chase,2021-07-23,25.0,31.0,35.8,37.0,39.0,41.0,44.0,47.0,50.0,51.0,53.0,59.0,68.0,inferred
Cannock Chase,2021-07-24,18.0,23.0,26.0,28.0,29.0,31.0,33.0,36.0,38.0,40.0,42.0,47.0,54.5,inferred
Cannock Chase,2021-07-25,18.0,22.0,25.0,27.0,28.0,31.0,33.0,35.0,38.0,39.0,41.2,47.0,55.0,inferred
Cannock Chase,2021-07-26,23.0,28.0,32.0,34.0,35.0,38.0,41.0,43.0,46.0,48.0,50.0,55.0,65.0,inferred
Cannock Chase,2021-07-27,20.0,25.0,29.0,30.0,32.0,34.0,37.0,40.0,43.0,44.0,46.0,50.0,59.0,inferred
Cannock Chase,2021-07-28,20.0,25.0,29.0,30.0,32.0,34.0,36.0,39.0,42.0,43.0,45.0,50.0,58.0,inferred
Cannock Chase,2021-07-29,19.0,24.0,28.0,29.0,31.0,33.0,36.0,38.4,41.0,43.0,44.0,49.0,58.0,inferred
Cannock Chase,2021-07-30,17.0,22.0,25.0,27.0,28.0,30.0,33.0,35.0,38.0,40.0,41.0,46.0,54.0,inferred
Cannock Chase,2021-07-31,14.0,18.0,21.0,23.0,24.0,26.0,28.0,30.0,33.0,34.0,36.0,40.0,47.0,inferred
Cannock Chase,2021-08-01,15.0,20.0,24.0,25.0,26.0,28.0,31.0,33.0,36.0,38.0,39.0,43.0,52.0,inferred
Cannock Chase,2021-08-02,24.0,30.0,34.0,36.0,37.0,40.0,43.0,46.0,49.0,51.0,53.0,58.0,66.0,inferred
Cannock Chase,2021-08-03,24.0,29.0,34.0,35.0,37.0,40.0,43.0,45.0,48.0,50.0,52.0,57.1,66.0,inferred
Cannock Chase,2021-08-04,24.0,30.0,35.0,36.0,38.0,41.0,44.0,47.0,50.0,51.2,54.0,58.1,68.0,inferred
Cannock Chase,2021-08-05,25.0,31.0,36.0,37.0,39.0,41.0,44.0,47.0,50.0,52.0,54.0,60.0,68.5,inferred
Cannock Chase,2021-08-06,23.5,29.0,32.0,34.0,35.0,38.0,41.0,43.0,46.0,48.0,50.0,55.0,62.0,inferred
Cannock Chase,2021-08-07,19.0,24.0,28.0,30.0,31.0,33.0,35.0,38.0,40.0,42.0,44.0,49.0,58.0,inferred
Cannock Chase,2021-08-08,21.0,27.0,31.0,33.0,34.0,37.0,40.0,42.0,45.0,47.0,49.0,54.0,63.0,inferred
Cannock Chase,2021-08-09,34.0,41.0,46.0,48.0,49.0,52.0,55.0,58.4,62.0,64.0,67.0,73.0,83.0,inferred
Cannock Chase,2021-08-10,31.0,39.0,43.0,45.0,48.0,51.0,54.0,57.0,60.0,62.0,64.0,70.0,79.5,inferred
Cannock Chase,2021-08-11,33.0,40.0,45.0,47.0,49.0,52.0,55.0,58.0,61.0,63.0,65.0,72.0,81.0,inferred
Cannock Chase,2021-08-12,33.0,40.0,44.0,46.0,48.0,51.0,54.0,57.0,61.0,63.0,65.0,71.0,82.0,inferred
Cannock Chase,2021-08-13,30.0,36.0,41.0,42.0,44.0,47.0,50.0,53.0,56.0,58.0,60.0,66.0,76.0,inferred
Cannock Chase,2021-08-14,24.5,30.0,34.0,36.0,38.0,41.0,43.0,46.0,49.0,51.0,52.0,59.0,66.0,inferred
Cannock Chase,2021-08-15,27.0,33.0,38.0,40.0,41.0,44.0,47.0,50.0,53.0,54.0,56.0,62.0,71.0,inferred
Cannock Chase,2021-08-16,39.0,47.0,52.0,54.0,56.0,59.6,63.0,67.0,71.0,73.0,76.0,83.0,92.5,inferred
Cannock Chase,2021-08-17,39.0,45.0,51.0,53.0,55.0,58.0,61.5,65.0,68.0,71.0,73.0,79.0,91.5,inferred
Cannock Chase,2021-08-18,39.0,45.0,51.0,53.0,55.0,58.0,61.0,64.0,67.0,70.0,72.0,79.0,90.0,inferred
Cannock Chase,2021-08-19,37.0,43.0,48.0,50.0,51.0,55.0,57.0,61.0,64.0,66.0,69.0,75.0,83.0,inferred
Cannock Chase,2021-08-20,32.0,38.0,42.0,45.0,47.0,50.0,53.0,56.0,59.0,61.0,63.0,68.0,78.0,inferred
Cannock Chase,2021-08-21,25.0,31.0,36.0,37.8,39.0,41.6,44.0,47.0,50.0,51.0,53.0,59.0,69.0,inferred
Cannock Chase,2021-08-22,27.0,33.0,38.0,39.0,41.0,43.0,46.0,50.0,53.0,54.0,57.0,62.0,71.0,inferred
Cannock Chase,2021-08-23,39.0,48.0,53.0,55.0,56.0,60.0,64.0,67.0,70.0,72.0,75.0,81.0,90.0,inferred
Cannock Chase,2021-08-24,38.0,45.0,50.0,52.0,54.0,57.0,61.0,64.0,68.0,70.0,72.0,78.0,89.0,inferred
Cannock Chase,2021-08-25,38.0,46.0,51.0,53.0,55.0,58.0,62.0,65.0,69.0,71.0,74.0,80.0,91.0,inferred
Cannock Chase,2021-08-26,39.0,46.0,50.0,53.0,54.0,57.0,61.0,64.0,67.0,69.0,72.0,77.0,88.0,inferred
Cannock Chase,2021-08-27,34.0,41.0,46.0,48.0,50.0,53.0,55.0,59.0,62.0,64.0,67.0,72.1,82.0,inferred
Cannock Chase,2021-08-28,29.0,35.9,40.0,42.0,43.0,46.0,49.0,52.0,55.0,57.0,59.0,65.0,74.0,inferred
Cannock Chase,2021-08-29,32.0,38.0,43.0,45.0,46.0,50.0,53.0,56.0,59.0,61.0,63.0,69.0,78.0,inferred
Cannock Chase,2021-08-30,47.0,55.0,61.0,63.0,66.0,69.0,72.0,76.0,80.0,82.0,85.0,93.0,105.0,inferred
Cannock Chase,2021-08-31,46.5,54.0,60.0,62.0,64.0,67.0,70.0,74.0,78.0,81.0,83.0,89.0,100.0,inferred
Cannock Chase,2021-09-01,47.0,55.0,60.0,62.0,64.0,68.0,71.0,75.0,79.0,82.0,85.0,92.0,102.5,inferred
Cannock Chase,2021-09-02,46.0,54.0,59.0,61.0,63.0,67.0,70.0,74.0,77.0,79.0,82.0,89.0,99.0,inferred
Cannock Chase,2021-09-03,42.0,49.0,54.0,56.0,58.0,61.0,64.0,67.0,71.0,73.0,75.0,82.0,91.0,inferred
Cannock Chase,2021-09-04,34.0,40.0,45.0,47.0,49.0,52.0,55.0,58.0,62.0,64.0,66.0,71.0,82.0,inferred
Cannock Chase,2021-09-05,37.0,44.0,50.0,51.0,53.0,56.0,59.0,63.0,66.0,68.0,70.0,76.0,86.0,inferred
Cannock Chase,2021-09-06,53.0,63.0,69.8,72.0,74.0,78.0,81.0,85.0,89.0,91.0,94.0,102.0,114.0,inferred
Cannock Chase,2021-09-07,51.5,60.0,65.0,68.0,70.0,73.0,77.0,81.0,85.0,87.0,89.0,96.0,108.0,inferred
Cannock Chase,2021-09-08,49.0,59.0,64.0,66.0,68.0,72.0,76.0,79.4,84.0,86.0,88.0,96.0,107.0,inferred
Cannock Chase,2021-09-09,48.0,55.0,60.0,62.0,64.0,68.0,71.0,75.4,79.0,82.0,84.0,90.0,101.0,inferred
Cannock Chase,2021-09-10,39.0,47.0,52.0,54.0,56.0,60.0,63.0,66.0,70.0,72.0,74.0,81.0,91.0,inferred
Cannock Chase,2021-09-11,32.0,39.0,43.0,45.0,46.0,50.0,53.0,56.0,60.0,61.2,64.0,70.0,78.0,inferred
Cannock Chase,2021-09-12,34.0,40.0,45.0,47.0,49.0,52.0,55.0,58.0,62.0,64.0,66.0,72.0,82.0,inferred
Cannock Chase,2021-09-13,50.0,57.0,63.0,65.0,67.0,70.0,74.0,77.0,81.0,83.0,85.2,93.0,103.0,inferred
Cannock Chase,2021-09-14,46.0,53.0,58.0,61.0,63.0,66.0,70.0,74.0,78.0,80.0,82.0,89.0,101.5,inferred
Cannock Chase,2021-09-15,50.0,56.0,62.0,64.0,66.0,70.0,73.0,76.0,80.3,83.0,85.0,92.0,103.0,inferred
Cannock Chase,2021-09-16,48.0,55.0,62.0,64.0,66.0,69.0,73.0,76.4,80.0,83.0,85.0,92.0,103.5,inferred
Cannock Chase,2021-09-17,43.5,52.0,57.0,60.0,62.0,65.0,68.0,72.0,76.0,78.0,80.0,87.0,98.5,inferred
Cannock Chase,2021-09-18,38.0,45.0,50.0,52.0,54.0,57.0,60.0,63.0,67.0,69.0,71.0,78.0,89.0,inferred
Cannock Chase,2021-09-19,42.0,50.0,55.0,57.0,59.0,62.0,65.0,69.0,73.0,75.0,78.0,85.0,97.0,inferred
Cannock Chase,2021-09-20,63.0,73.0,79.0,81.0,83.0,88.0,92.0,96.0,101.0,103.0,106.0,113.0,126.0,inferred
Cannock Chase,2021-09-21,60.5,69.0,75.0,78.0,80.0,84.0,88.0,92.0,96.0,99.0,102.0,109.0,121.0,inferred
Cannock Chase,2021-09-22,59.5,69.0,75.8,78.0,81.0,85.0,89.0,92.0,96.0,99.0,101.0,108.0,120.0,inferred
Cannock Chase,2021-09-23,56.0,66.0,72.0,74.0,76.7,80.0,83.0,87.0,92.0,94.0,97.0,105.0,117.5,inferred
Cannock Chase,2021-09-24,49.0,58.0,63.0,65.0,67.0,71.0,74.0,77.4,81.0,84.0,87.0,94.0,104.0,inferred
Cannock Chase,2021-09-25,41.0,47.9,52.0,54.0,56.0,60.0,63.0,66.0,69.0,71.0,74.0,81.0,90.0,inferred
Cannock Chase,2021-09-26,43.0,51.0,56.0,58.0,60.0,63.0,67.0,70.0,74.0,76.0,78.2,85.0,96.0,inferred
Cannock Chase,2021-09-27,62.0,71.0,78.0,80.0,83.0,86.0,90.0,94.0,99.0,101.0,104.0,112.0,124.0,inferred
Cannock Chase,2021-09-28,59.5,68.0,75.0,77.0,79.0,83.0,87.0,90.0,95.0,97.0,100.0,107.0,119.0,inferred
Cannock Chase,2021-09-29,60.0,69.0,76.0,78.0,80.0,84.0,88.0,91.0,95.0,98.0,101.0,109.0,121.0,inferred
Cannock Chase,2021-09-30,57.5,68.0,74.0,76.0,79.0,83.0,86.0,90.0,94.0,96.0,99.0,107.0,117.0,inferred
Cannock Chase,2021-10-01,53.5,62.0,67.0,70.0,71.0,75.0,79.0,83.0,87.0,90.0,92.0,99.0,109.0,inferred
Cannock Chase,2021-10-02,45.0,52.0,58.0,60.0,62.0,66.0,69.0,72.0,76.0,79.0,81.0,87.0,98.0,inferred
Cannock Chase,2021-10-03,46.5,56.0,62.0,65.0,67.0,70.0,73.0,77.0,81.0,83.0,86.0,94.0,105.0,inferred
Cannock Chase,2021-10-04,72.5,82.0,88.0,90.8,92.0,97.0,101.0,105.0,110.0,113.0,116.0,123.0,138.0,inferred
Cannock Chase,2021-10-05,67.0,78.0,85.0,87.0,89.0,94.0,97.0,101.0,105.0,108.0,111.0,119.0,131.0,inferred
Cannock Chase,2021-10-06,70.0,79.0,86.0,88.0,91.0,96.0,100.0,104.0,109.0,112.0,115.0,123.0,138.0,inferred
Cannock Chase,2021-10-07,69.5,79.0,85.0,88.0,90.0,94.0,98.0,102.0,106.3,109.0,113.0,121.0,134.0,inferred
Cannock Chase,2021-10-08,62.0,71.0,77.0,79.0,81.0,85.0,89.0,93.0,98.0,101.0,104.0,112.0,123.0,inferred
Cannock Chase,2021-10-09,51.0,60.0,66.0,68.0,70.0,74.0,77.0,80.0,85.0,87.2,90.0,97.0,107.5,inferred
Cannock Chase,2021-10-10,60.5,68.0,73.0,75.0,77.0,81.0,85.0,88.0,92.0,94.0,97.0,105.0,116.0,inferred
Cannock Chase,2021-10-11,85.0,95.0,102.0,105.0,107.0,112.0,117.0,121.0,126.0,129.0,132.0,141.0,153.0,inferred
Cannock Chase,2021-10-12,80.0,89.0,96.0,99.0,102.0,106.0,111.0,115.0,120.3,123.2,126.0,135.0,150.0,inferred
Cannock Chase,2021-10-13,80.5,90.0,97.8,101.0,103.0,108.0,112.0,116.0,122.0,125.0,128.0,136.0,147.5,inferred
Cannock Chase,2021-10-14,75.0,86.0,92.0,95.0,97.0,103.0,108.0,113.0,117.0,120.0,123.0,132.0,147.0,inferred
Cannock Chase,2021-10-15,67.0,76.0,83.0,85.0,88.0,92.0,96.0,101.0,106.0,109.0,112.0,120.0,134.0,inferred
Canterbury,2021-07-03,18.0,25.0,30.0,32.0,34.0,38.0,41.0,44.0,49.0,51.0,54.0,62.0,75.5,inferred
Canterbury,2021-07-04,20.0,27.0,32.0,34.0,36.0,39.0,43.0,46.0,50.0,52.2,55.0,63.0,76.0,inferred
Canterbury,2021-07-05,32.0,41.0,46.0,48.0,50.0,55.0,59.0,63.0,68.0,71.0,74.0,84.0,98.5,inferred
Canterbury,2021-07-06,28.0,37.0,43.0,46.0,48.0,53.0,57.0,62.0,66.0,68.0,72.0,82.0,96.5,inferred
Canterbury,2021-07-07,29.0,38.0,44.0,47.0,49.0,53.0,57.0,62.0,66.0,69.0,72.0,80.0,94.5,inferred
Canterbury,2021-07-08,27.0,36.0,42.0,44.0,46.0,51.0,54.0,59.0,63.3,66.0,68.0,76.0,91.0,inferred
Canterbury,2021-07-09,25.0,32.0,37.8,40.0,42.0,46.0,49.0,54.0,58.0,61.0,64.0,72.0,86.0,inferred
Canterbury,2021-07-10,20.0,27.0,32.0,33.8,35.0,39.0,43.0,47.0,51.0,53.0,55.0,64.0,76.5,inferred
Canterbury,2021-07-11,21.0,27.0,33.0,35.0,37.0,40.0,44.0,47.0,52.0,54.0,57.0,65.0,78.0,inferred
Canterbury,2021-07-12,32.0,39.0,46.0,48.0,50.0,55.0,60.0,64.0,69.0,72.0,75.0,84.0,100.0,inferred
Canterbury,2021-07-13,31.0,39.0,45.0,47.0,50.0,55.0,59.0,63.0,68.0,70.0,73.0,82.0,98.0,inferred
Canterbury,2021-07-14,31.0,39.0,45.0,49.0,51.0,55.0,59.0,63.0,68.0,71.0,74.0,84.0,98.5,inferred
Canterbury,2021-07-15,28.0,37.0,43.0,45.0,47.0,52.0,56.0,60.0,65.0,67.0,71.0,81.0,93.0,inferred
Canterbury,2021-07-16,25.5,33.0,39.0,41.0,44.0,48.0,52.0,57.0,61.0,64.0,68.0,75.1,90.5,inferred
Canterbury,2021-07-17,21.0,28.9,34.0,36.0,38.0,41.0,45.0,48.4,52.0,55.0,58.0,66.0,78.5,inferred
Canterbury,2021-07-18,20.0,28.0,33.0,36.0,38.0,41.0,45.0,49.0,53.0,56.0,58.0,68.0,82.0,inferred
Canterbury,2021-07-19,31.5,41.0,47.0,50.0,52.0,56.0,61.0,65.0,70.0,74.0,77.0,87.0,100.5,inferred
Canterbury,2021-07-20,31.0,40.0,45.0,47.0,50.0,54.0,59.0,63.0,68.0,71.0,74.2,84.0,97.5,inferred
Canterbury,2021-07-21,28.5,38.0,45.0,47.0,50.0,54.0,59.0,63.0,67.0,70.0,73.0,82.0,98.0,inferred
Canterbury,2021-07-22,26.0,36.0,42.0,44.0,47.0,50.0,55.0,59.0,63.0,66.0,70.0,79.0,94.5,inferred
Canterbury,2021-07-23,23.0,31.0,37.0,39.0,42.0,45.0,49.0,53.0,58.0,60.0,63.0,72.0,85.0,inferred
Canterbury,2021-07-24,19.0,25.0,30.0,32.0,34.0,37.0,41.0,44.0,49.0,51.2,54.0,62.0,75.0,inferred
Canterbury,2021-07-25,18.0,25.0,29.0,31.0,33.0,37.0,40.0,43.0,47.0,49.0,51.2,59.1,74.0,inferred
Canterbury,2021-07-26,27.0,35.0,41.0,43.0,46.0,51.0,54.0,58.4,63.0,65.0,68.2,77.0,90.0,inferred
Canterbury,2021-07-27,24.0,34.0,39.0,41.0,43.0,48.0,52.0,57.0,61.0,63.0,66.0,75.0,90.0,inferred
Canterbury,2021-07-28,26.0,34.0,40.0,43.0,45.0,48.6,52.0,56.0,60.0,64.0,67.0,75.0,90.5,inferred
Canterbury,2021-07-29,24.0,31.0,37.0,40.0,42.0,46.0,50.0,53.0,58.0,60.0,64.0,72.0,84.0,inferred
Canterbury,2021-07-30,21.0,27.0,34.0,36.0,38.0,41.0,45.0,49.0,54.0,57.0,59.0,66.0,81.0,inferred
Canterbury,2021-07-31,16.0,22.9,27.0,29.0,31.0,35.0,38.0,42.0,45.0,48.0,50.0,58.0,70.5,inferred
Canterbury,2021-08-01,17.0,23.9,28.0,30.0,32.0,35.0,38.0,43.0,46.0,48.0,52.0,60.0,72.0,inferred
Canterbury,2021-08-02,25.0,33.0,39.0,42.0,44.0,48.0,52.0,56.0,60.0,63.0,66.0,74.0,87.0,inferred
Canterbury,2021-08-03,26.0,33.0,39.0,41.0,43.0,48.0,51.0,55.0,60.0,62.0,65.0,74.0,88.0,inferred
Canterbury,2021-08-04,27.0,34.0,40.0,43.0,45.0,48.0,53.0,57.0,62.0,65.0,68.0,77.0,91.0,inferred
Canterbury,2021-08-05,24.5,33.0,39.0,41.0,43.0,47.0,51.0,55.0,59.3,62.0,65.0,74.0,85.0,inferred
Canterbury,2021-08-06,25.0,31.0,37.0,39.0,41.7,45.0,49.0,54.0,58.0,61.0,64.0,72.0,85.5,inferred
Canterbury,2021-08-07,20.0,26.0,31.8,34.0,36.0,39.0,43.0,46.0,51.0,53.0,56.0,64.0,75.0,inferred
Canterbury,2021-08-08,21.0,28.0,33.0,35.0,37.0,41.0,45.0,49.0,53.0,56.0,59.0,67.0,79.5,inferred
Canterbury,2021-08-09,33.0,41.0,47.0,50.0,53.0,57.0,61.0,65.0,71.0,74.0,78.0,85.1,99.5,inferred
Canterbury,2021-08-10,32.0,40.0,46.0,49.0,52.0,56.0,60.0,65.0,69.0,72.0,76.0,86.0,102.0,inferred
Canterbury,2021-08-11,34.0,41.0,48.0,51.0,52.0,57.0,61.5,66.0,71.0,74.0,77.0,86.0,102.0,inferred
Canterbury,2021-08-12,30.0,39.0,45.8,48.0,50.0,54.0,59.0,64.0,69.0,72.0,75.0,83.0,97.0,inferred
Canterbury,2021-08-13,28.0,36.9,43.0,45.0,47.0,51.0,55.5,59.0,64.0,67.0,70.0,76.0,93.0,inferred
Canterbury,2021-08-14,22.5,30.0,36.0,38.0,40.0,43.0,47.0,51.0,55.0,58.0,62.0,69.0,82.0,inferred
Canterbury,2021-08-15,24.0,32.0,36.0,39.0,41.0,45.0,49.0,53.0,57.0,59.2,62.0,70.0,84.0,inferred
Canterbury,2021-08-16,36.5,46.0,54.0,56.0,58.0,63.0,67.0,72.0,76.0,79.0,83.0,92.0,109.0,inferred
Canterbury,2021-08-17,32.0,44.0,50.0,53.8,55.0,59.6,64.0,68.0,74.0,77.0,80.0,87.0,102.0,inferred
Canterbury,2021-08-18,34.0,43.9,50.0,52.0,55.0,59.0,64.0,68.0,74.0,76.0,80.0,89.0,104.5,inferred
Canterbury,2021-08-19,31.0,40.0,47.0,49.0,51.0,54.0,58.0,62.0,68.0,71.0,74.0,82.0,99.0,inferred
Canterbury,2021-08-20,27.0,34.0,40.0,43.0,45.0,48.0,52.0,56.0,60.0,63.0,66.0,75.0,89.5,inferred
Canterbury,2021-08-21,20.0,27.0,32.0,34.0,36.0,40.0,43.0,47.0,51.0,54.0,56.0,65.0,78.0,inferred
Canterbury,2021-08-22,20.0,27.0,32.0,34.0,35.0,39.0,42.0,46.0,50.0,53.0,55.0,64.0,77.0,inferred
Canterbury,2021-08-23,27.0,35.0,42.0,45.0,47.0,50.0,55.0,59.0,64.0,68.0,71.0,80.0,95.0,inferred
Canterbury,2021-08-24,27.0,34.0,40.0,42.0,44.0,48.0,52.0,57.0,62.0,64.0,68.0,76.0,89.5,inferred
Canterbury,2021-08-25,26.5,33.0,40.0,42.0,44.0,47.0,51.0,56.0,60.0,62.0,65.0,74.0,87.5,inferred
Canterbury,2021-08-26,23.0,30.0,36.0,38.0,40.0,44.0,48.0,52.0,56.0,59.0,62.0,70.0,82.0,inferred
Canterbury,2021-08-27,20.5,28.0,32.0,35.0,37.0,40.0,44.0,49.0,53.0,56.0,59.0,67.0,80.0,inferred
Canterbury,2021-08-28,17.0,22.0,27.0,29.0,30.0,34.0,37.0,40.0,44.0,46.0,49.0,56.0,70.0,inferred
Canterbury,2021-08-29,17.0,23.0,28.0,30.0,31.0,35.0,38.0,42.0,46.0,48.0,51.0,59.0,71.5,inferred
Canterbury,2021-08-30,25.0,33.0,40.0,42.0,44.7,48.0,52.0,56.0,61.0,63.0,66.0,74.1,89.0,inferred
Canterbury,2021-08-31,25.0,32.0,38.0,40.0,42.0,46.0,49.0,54.0,59.0,61.0,65.0,74.0,87.5,inferred
Canterbury,2021-09-01,25.0,33.0,39.0,41.0,43.0,47.0,50.0,54.0,59.0,62.0,65.0,72.0,86.0,inferred
Canterbury,2021-09-02,24.0,31.0,36.0,38.0,40.0,43.0,47.0,51.0,55.0,57.0,60.0,67.0,82.0,inferred
Canterbury,2021-09-03,20.0,27.0,32.8,35.0,37.0,40.0,44.0,48.0,52.0,54.0,57.0,65.0,79.5,inferred
Canterbury,2021-09-04,15.5,22.0,27.0,28.0,30.0,33.0,37.0,40.0,44.0,46.0,49.0,56.0,69.5,inferred
Canterbury,2021-09-05,17.0,23.0,27.0,29.0,32.0,34.0,38.0,41.0,45.0,48.0,50.0,58.0,69.0,inferred
Canterbury,2021-09-06,24.0,32.0,38.0,40.0,42.0,46.0,50.0,55.0,59.3,62.0,65.2,74.0,87.0,inferred
Canterbury,2021-09-07,22.0,30.0,35.0,38.0,40.0,44.0,48.0,52.0,56.0,59.0,61.0,69.0,83.0,inferred
Canterbury,2021-09-08,21.0,28.0,33.8,36.0,38.0,42.0,46.0,50.0,54.0,57.0,60.0,68.0,82.0,inferred
Canterbury,2021-09-09,18.0,25.0,30.0,33.0,34.0,38.0,42.0,46.0,50.0,52.0,54.0,62.0,76.0,inferred
Canterbury,2021-09-10,15.0,22.0,26.0,28.0,30.0,33.0,37.0,40.0,45.0,47.0,50.0,57.0,70.0,inferred
Canterbury,2021-09-11,11.0,17.0,21.0,23.0,24.0,27.0,30.0,33.0,37.0,39.0,41.0,48.0,57.0,inferred
Canterbury,2021-09-12,11.0,16.0,20.0,22.0,23.0,26.0,29.0,32.0,35.0,37.0,40.0,47.0,56.0,inferred
Canterbury,2021-09-13,17.0,23.0,28.0,30.0,31.0,35.0,38.0,42.0,45.0,48.0,50.0,58.0,71.0,inferred
Canterbury,2021-09-14,14.5,21.0,26.0,28.0,29.0,33.0,36.0,39.0,43.0,45.2,48.0,55.0,68.0,inferred
Canterbury,2021-09-15,16.5,22.0,27.0,29.0,30.0,33.0,37.0,41.0,45.0,47.0,50.0,56.0,68.5,inferred
Canterbury,2021-09-16,14.5,21.0,25.0,27.0,29.0,32.0,34.0,37.0,42.0,44.0,47.0,53.1,66.0,inferred
Canterbury,2021-09-17,13.0,18.0,22.0,24.0,26.0,29.0,32.0,35.0,39.0,41.0,44.0,52.0,63.0,inferred
Canterbury,2021-09-18,9.0,15.0,19.0,20.0,22.0,25.0,28.0,31.0,34.0,36.0,39.0,45.0,56.5,inferred
Canterbury,2021-09-19,10.0,15.0,19.0,21.0,23.0,25.0,28.0,31.0,35.0,37.0,39.0,46.0,56.5,inferred
Canterbury,2021-09-20,16.0,23.0,27.0,29.0,31.0,34.0,37.0,41.0,45.0,47.0,50.0,58.0,72.0,inferred
Canterbury,2021-09-21,16.0,22.0,27.0,29.0,31.0,34.0,37.5,41.0,45.0,47.0,50.0,57.0,68.5,inferred
Canterbury,2021-09-22,16.0,21.0,26.0,29.0,30.0,34.0,37.0,40.0,44.0,46.0,48.0,56.0,69.0,inferred
Canterbury,2021-09-23,14.0,20.0,25.0,26.0,28.0,31.0,34.0,38.0,42.0,44.0,46.0,53.0,67.0,inferred
Canterbury,2021-09-24,13.0,18.0,22.0,24.0,25.0,28.0,31.0,34.0,38.0,40.0,42.0,49.0,61.5,inferred
Canterbury,2021-09-25,10.0,15.0,19.0,21.0,22.0,25.0,28.0,31.0,34.0,36.0,38.0,44.0,56.5,inferred
Canterbury,2021-09-26,9.5,14.0,19.0,20.0,22.0,24.0,27.0,30.0,34.0,36.0,38.0,44.0,56.0,inferred
Canterbury,2021-09-27,16.5,23.0,28.0,30.0,31.0,35.0,38.0,41.0,45.0,47.0,49.0,57.0,71.0,inferred
Canterbury,2021-09-28,15.0,21.0,26.0,28.0,30.0,33.0,37.0,40.0,44.0,46.0,48.0,56.0,70.0,inferred
Canterbury,2021-09-29,16.0,22.0,27.0,29.0,31.0,35.0,38.0,41.0,46.0,48.0,50.0,57.1,71.5,inferred
Canterbury,2021-09-30,16.0,22.0,27.0,29.0,31.0,34.0,38.0,42.0,45.0,47.0,50.0,56.0,69.0,inferred
Canterbury,2021-10-01,14.0,19.9,24.0,26.0,28.0,31.0,35.0,38.0,42.0,44.0,47.0,54.0,68.0,inferred
Canterbury,2021-10-02,11.0,17.0,22.0,23.8,25.0,28.0,31.0,34.0,38.0,40.0,43.0,51.0,62.5,inferred
Canterbury,2021-10-03,13.0,19.0,23.0,25.0,27.0,30.0,33.0,36.0,40.0,42.0,44.0,51.0,63.0,inferred
Canterbury,2021-10-04,21.0,28.0,34.0,36.0,38.0,42.0,46.0,49.0,54.0,57.0,59.0,67.0,79.0,inferred
Canterbury,2021-10-05,22.0,29.0,34.0,36.0,38.0,42.0,46.0,49.0,54.0,56.0,60.0,67.0,82.5,inferred
Canterbury,2021-10-06,22.5,30.0,36.0,38.0,41.0,44.0,48.0,52.0,56.0,58.0,61.0,69.0,80.5,inferred
Canterbury,2021-10-07,22.0,30.0,35.0,37.0,39.0,43.0,47.0,52.0,56.0,58.0,61.0,69.0,83.0,inferred
Canterbury,2021-10-08,22.0,29.0,34.0,36.0,38.0,42.0,46.0,50.0,54.0,56.0,59.2,68.0,80.5,inferred
Canterbury,2021-10-09,17.0,24.0,29.0,31.0,33.0,37.0,40.0,44.0,48.0,50.0,53.2,61.0,74.0,inferred
Canterbury,2021-10-10,20.0,27.0,32.0,34.0,35.0,39.0,43.0,47.0,51.0,54.0,57.0,65.0,78.0,inferred
Canterbury,2021-10-11,32.0,40.0,46.0,49.0,51.0,56.0,61.0,65.0,70.0,73.0,76.0,86.0,99.5,inferred
Canterbury,2021-10-12,30.5,39.0,45.8,48.0,50.0,54.0,59.0,63.0,68.3,72.0,75.0,83.0,97.5,inferred
Canterbury,2021-10-13,31.0,40.0,46.0,48.0,50.0,55.0,59.0,63.0,68.0,71.0,74.0,83.0,99.0,inferred
Canterbury,2021-10-14,29.0,38.0,44.0,46.0,48.0,52.0,56.0,60.0,66.0,69.0,71.0,80.0,92.5,inferred
Canterbury,2021-10-15,24.0,33.0,39.0,41.8,44.0,48.0,52.0,57.0,62.0,64.0,68.0,76.0,92.0,inferred
Cardiff,2021-07-03,23.0,34.0,42.0,46.0,49.0,55.0,61.0,68.0,76.0,80.0,85.0,100.0,125.0,inferred
Cardiff,2021-07-04,27.0,38.0,46.0,49.0,53.0,59.0,66.0,74.0,81.0,85.0,90.0,106.0,136.5,inferred
Cardiff,2021-07-05,44.0,58.0,70.0,75.0,79.0,87.0,94.0,103.0,112.3,119.0,124.0,142.0,169.0,inferred
Cardiff,2021-07-06,45.0,61.0,72.0,78.0,81.0,90.0,98.0,106.0,115.0,120.0,126.0,143.0,169.5,inferred
Cardiff,2021-07-07,47.0,63.0,73.0,78.0,82.0,89.0,98.0,106.0,116.0,122.0,128.0,144.0,170.5,inferred
Cardiff,2021-07-08,45.0,61.0,72.0,76.0,79.0,87.0,95.0,102.0,112.0,118.0,125.0,144.0,175.0,inferred
Cardiff,2021-07-09,40.0,52.0,63.0,68.0,73.0,80.0,88.0,96.0,104.0,109.0,115.0,134.0,162.5,inferred
Cardiff,2021-07-10,35.0,46.0,56.0,60.0,62.0,70.0,77.0,84.0,92.0,97.0,102.0,118.0,148.0,inferred
Cardiff,2021-07-11,34.5,47.0,57.0,62.0,66.0,73.0,81.0,88.0,96.0,101.0,106.0,123.1,151.0,inferred
Cardiff,2021-07-12,55.5,71.9,82.8,88.0,94.0,102.0,110.0,120.0,130.0,137.0,143.0,162.1,197.0,inferred
Cardiff,2021-07-13,56.0,73.0,85.0,91.0,97.0,105.0,114.0,123.0,134.0,139.0,144.2,163.0,195.5,inferred
Cardiff,2021-07-14,50.0,67.0,80.0,85.0,89.0,99.0,107.0,116.0,126.0,131.0,137.0,155.0,182.0,inferred
Cardiff,2021-07-15,44.5,63.0,74.0,79.0,83.0,92.0,100.0,107.0,117.0,124.0,130.0,148.0,179.5,inferred
Cardiff,2021-07-16,38.0,50.0,61.0,65.0,69.0,77.0,84.0,91.0,101.0,106.0,113.0,129.0,161.0,inferred
Cardiff,2021-07-17,29.0,40.0,49.0,52.0,55.7,62.0,68.5,76.0,84.0,91.0,96.0,109.0,137.0,inferred
Cardiff,2021-07-18,25.0,37.0,45.0,47.0,51.0,57.0,64.0,70.4,78.0,83.0,89.0,107.0,132.0,inferred
Cardiff,2021-07-19,41.0,55.0,65.0,70.0,73.0,82.0,90.0,97.0,107.3,113.0,119.0,137.0,170.0,inferred
Cardiff,2021-07-20,39.5,53.0,63.0,67.0,70.0,78.0,85.5,95.0,105.0,110.0,117.0,132.0,160.5,inferred
Cardiff,2021-07-21,35.0,50.0,59.0,63.0,67.0,74.6,82.0,91.0,100.0,105.0,111.0,131.0,163.0,inferred
Cardiff,2021-07-22,32.0,45.0,54.0,58.0,62.0,70.0,77.0,84.0,92.0,96.0,101.0,116.0,143.5,inferred
Cardiff,2021-07-23,23.0,35.0,44.0,49.0,52.0,58.0,65.0,71.0,79.0,83.0,87.0,101.0,131.0,inferred
Cardiff,2021-07-24,19.0,28.0,36.0,39.0,43.0,48.0,54.0,60.0,67.0,71.0,75.0,89.0,109.0,inferred
Cardiff,2021-07-25,17.0,27.0,34.0,36.0,40.0,46.0,51.0,58.0,65.0,69.0,74.2,88.1,114.0,inferred
Cardiff,2021-07-26,26.0,39.0,49.0,53.0,57.0,63.0,71.0,78.0,86.0,92.0,98.0,114.0,141.0,inferred
Cardiff,2021-07-27,27.0,39.0,49.0,52.0,55.0,63.0,70.0,76.0,84.0,89.0,94.0,111.0,138.0,inferred
Cardiff,2021-07-28,25.0,36.0,46.0,49.0,53.0,60.0,66.0,74.0,82.0,87.0,91.0,105.0,133.0,inferred
Cardiff,2021-07-29,27.0,38.0,45.0,49.0,52.0,59.0,65.0,72.0,80.0,84.0,90.0,106.0,135.0,inferred
Cardiff,2021-07-30,20.0,30.9,38.0,41.0,44.7,50.0,56.0,63.0,70.0,75.0,80.0,94.0,120.0,inferred
Cardiff,2021-07-31,15.0,22.0,31.0,34.0,37.0,42.0,47.0,53.0,60.0,65.0,68.0,81.0,102.5,inferred
Cardiff,2021-08-01,15.0,23.0,30.0,33.0,36.0,41.0,47.0,53.0,60.0,64.0,69.0,83.0,107.0,inferred
Cardiff,2021-08-02,24.5,37.0,45.0,49.0,53.0,60.0,66.0,73.0,81.0,85.0,91.0,107.0,134.0,inferred
Cardiff,2021-08-03,28.0,37.0,47.0,50.0,53.0,61.0,68.0,74.4,82.0,87.0,93.0,107.0,133.5,inferred
Cardiff,2021-08-04,28.0,41.0,50.0,54.0,57.0,65.0,71.0,78.0,85.3,90.0,96.0,111.0,141.0,inferred
Cardiff,2021-08-05,26.0,37.0,47.0,51.0,55.0,62.0,69.0,76.0,84.0,90.0,96.0,112.0,140.0,inferred
Cardiff,2021-08-06,23.5,36.0,43.0,47.0,50.0,56.0,64.0,71.0,78.0,83.0,88.0,101.0,126.0,inferred
Cardiff,2021-08-07,20.0,28.0,36.0,39.0,42.0,48.0,54.0,60.0,68.0,72.0,77.0,90.1,113.5,inferred
Cardiff,2021-08-08,20.0,31.9,39.0,42.0,45.0,51.0,56.0,62.0,69.0,74.0,79.0,95.0,120.0,inferred
Cardiff,2021-08-09,35.0,49.0,58.0,62.0,66.0,74.6,81.5,89.0,98.0,103.0,108.0,124.1,157.5,inferred
Cardiff,2021-08-10,39.5,52.9,62.0,67.0,71.0,80.0,87.0,95.0,104.0,109.2,117.0,135.0,161.0,inferred
Cardiff,2021-08-11,42.0,57.0,69.0,73.0,77.7,86.0,94.0,102.0,112.0,117.0,124.0,141.0,172.0,inferred
Cardiff,2021-08-12,43.0,60.0,71.0,76.0,80.0,89.0,97.0,107.0,116.0,122.2,129.0,148.0,183.5,inferred
Cardiff,2021-08-13,44.0,58.0,68.0,73.8,78.0,86.0,94.0,102.0,112.0,118.2,125.0,143.0,173.0,inferred
Cardiff,2021-08-14,38.0,51.0,62.0,66.0,71.0,78.0,86.0,93.0,102.0,108.0,113.2,130.1,161.0,inferred
Cardiff,2021-08-15,45.0,58.0,69.0,73.0,77.0,85.0,93.0,101.0,109.0,115.0,121.0,137.0,165.5,inferred
Cardiff,2021-08-16,71.0,92.0,107.0,114.0,119.0,129.0,140.0,149.4,161.0,166.0,173.2,196.1,233.5,inferred
Cardiff,2021-08-17,80.0,102.0,116.0,122.0,128.0,137.0,147.0,156.4,170.0,176.2,183.0,203.1,240.5,inferred
Cardiff,2021-08-18,84.0,104.0,120.0,126.0,131.7,142.0,151.0,162.0,174.3,182.0,189.2,209.0,245.5,inferred
Cardiff,2021-08-19,80.0,102.0,117.0,122.0,128.0,139.0,150.0,161.0,173.0,179.0,185.0,206.0,241.0,inferred
Cardiff,2021-08-20,71.0,91.0,106.0,111.0,116.0,125.0,133.0,144.0,155.0,163.0,170.0,190.0,219.0,inferred
Cardiff,2021-08-21,62.5,78.0,90.0,95.8,100.0,110.0,119.0,128.0,140.0,145.0,151.0,170.1,206.0,inferred
Cardiff,2021-08-22,62.0,80.0,94.0,100.0,103.7,113.0,121.5,131.0,143.0,148.0,155.0,175.0,206.0,inferred
Cardiff,2021-08-23,100.5,123.0,141.0,146.0,152.0,163.0,175.0,186.0,199.0,206.0,216.0,236.0,272.0,inferred
Cardiff,2021-08-24,101.5,129.9,147.8,154.0,161.0,172.0,183.0,192.0,208.0,215.0,223.2,248.0,285.5,inferred
Cardiff,2021-08-25,114.0,136.0,153.0,159.0,165.0,177.0,187.0,199.0,209.0,217.0,226.0,250.0,284.5,inferred
Cardiff,2021-08-26,112.5,135.9,152.0,159.0,164.0,175.0,185.0,197.0,209.0,216.0,226.2,249.0,288.0,inferred
Cardiff,2021-08-27,99.0,122.9,137.0,144.0,150.0,163.0,175.0,185.0,197.0,204.0,212.2,236.1,270.0,inferred
Cardiff,2021-08-28,82.0,103.0,118.0,125.0,130.0,140.0,150.0,161.0,173.0,180.0,188.0,205.1,238.0,inferred
Cardiff,2021-08-29,86.0,110.0,125.0,132.0,138.0,149.0,157.5,169.0,179.3,188.0,195.2,219.1,255.0,inferred
Cardiff,2021-08-30,141.0,167.0,188.0,195.0,202.0,215.0,227.0,240.0,255.0,263.0,272.0,295.1,335.0,inferred
Cardiff,2021-08-31,141.0,169.0,192.0,199.0,205.0,219.0,230.0,243.0,258.0,266.0,277.0,304.0,346.5,inferred
Cardiff,2021-09-01,142.0,169.0,190.0,198.0,206.0,220.0,231.0,242.0,257.0,265.0,272.0,300.0,343.0,inferred
Cardiff,2021-09-02,138.0,166.0,184.0,192.0,198.0,211.0,222.0,234.0,247.0,254.0,263.0,285.1,329.5,inferred
Cardiff,2021-09-03,119.0,144.0,160.0,168.0,172.0,184.0,196.5,210.0,222.0,229.0,239.0,261.0,303.0,inferred
Cardiff,2021-09-04,95.5,117.0,136.0,144.0,150.0,159.0,170.0,181.0,193.0,199.0,207.0,229.0,261.5,inferred
Cardiff,2021-09-05,96.0,119.0,133.8,141.0,147.0,158.0,169.0,180.0,192.0,199.2,209.0,232.1,266.0,inferred
Cardiff,2021-09-06,143.0,171.0,191.0,199.0,207.0,219.0,234.0,245.0,260.0,269.2,280.0,303.0,353.5,inferred
Cardiff,2021-09-07,141.0,172.0,192.0,198.0,207.0,221.0,233.0,247.0,262.0,270.0,279.0,303.0,347.0,inferred
Cardiff,2021-09-08,148.5,172.0,192.0,199.0,206.0,220.0,232.0,244.0,258.0,266.0,275.0,298.0,338.0,inferred
Cardiff,2021-09-09,138.5,164.0,183.0,190.0,198.0,211.0,222.0,235.0,248.3,258.0,268.0,294.0,332.6,inferred
Cardiff,2021-09-10,117.0,143.9,161.0,167.0,174.0,184.0,195.0,208.4,222.0,229.0,237.2,262.0,298.0,inferred
Cardiff,2021-09-11,96.0,118.0,134.0,140.0,146.0,158.6,170.0,181.0,192.0,200.0,208.0,231.0,273.0,inferred
Cardiff,2021-09-12,98.5,120.0,136.0,142.0,147.0,158.0,169.0,180.0,192.0,198.2,206.0,227.0,269.0,inferred
Cardiff,2021-09-13,150.0,177.0,198.0,205.0,212.0,225.0,238.0,250.0,264.0,270.0,279.0,303.0,350.0,inferred
Cardiff,2021-09-14,153.5,180.0,200.8,207.0,214.7,230.0,243.0,257.0,271.0,280.0,290.0,318.0,363.0,inferred
Cardiff,2021-09-15,158.5,190.0,213.0,223.0,231.0,245.0,256.0,268.0,283.0,290.0,298.0,327.0,373.5,inferred
Cardiff,2021-09-16,168.0,195.9,215.0,224.0,233.0,246.0,260.0,274.0,289.0,298.0,309.0,332.1,377.5,inferred
Cardiff,2021-09-17,156.0,184.0,201.0,209.0,216.0,231.0,243.0,257.0,271.0,280.0,291.0,317.0,355.5,inferred
Cardiff,2021-09-18,134.5,163.0,180.8,188.0,196.0,207.0,218.0,231.0,244.0,254.0,263.0,286.1,332.5,inferred
Cardiff,2021-09-19,142.5,171.0,189.0,196.0,202.0,215.0,228.0,242.0,257.0,265.0,275.2,300.1,341.5,inferred
Cardiff,2021-09-20,225.5,259.0,284.0,292.0,301.0,316.0,331.0,350.0,368.3,378.0,391.0,428.0,485.0,inferred
Cardiff,2021-09-21,230.5,267.0,289.0,299.0,309.0,324.0,339.0,354.0,371.0,382.0,394.0,425.1,483.0,inferred
Cardiff,2021-09-22,231.5,265.0,287.0,297.8,307.0,322.0,338.0,353.0,370.0,379.0,390.0,419.0,467.5,inferred
Cardiff,2021-09-23,213.5,248.0,270.0,279.0,286.0,301.0,316.0,331.0,347.0,357.0,367.0,396.1,449.0,inferred
Cardiff,2021-09-24,183.0,213.9,232.0,240.0,246.0,261.0,274.0,288.0,303.0,311.0,321.0,349.0,396.5,inferred
Cardiff,2021-09-25,145.0,173.0,192.0,200.0,207.0,221.0,233.0,245.0,259.0,268.0,275.0,300.0,342.5,inferred
Cardiff,2021-09-26,142.5,168.0,189.0,195.0,202.0,216.0,228.0,241.0,254.0,262.2,271.0,295.0,337.0,inferred
Cardiff,2021-09-27,205.0,240.0,263.0,271.8,279.0,293.0,310.0,325.0,347.0,357.0,368.0,396.1,440.0,inferred
Cardiff,2021-09-28,212.5,245.0,266.0,275.0,284.0,299.0,311.0,326.0,342.0,350.0,363.0,395.0,445.0,inferred
Cardiff,2021-09-29,218.0,251.0,275.0,285.0,293.0,308.0,323.0,338.0,354.0,361.2,374.0,403.1,451.0,inferred
Cardiff,2021-09-30,214.0,247.0,270.0,279.0,287.0,302.0,318.0,335.0,350.0,362.2,372.2,401.0,446.5,inferred
Cardiff,2021-10-01,192.5,226.0,244.0,252.0,260.0,275.0,289.0,304.0,320.0,328.0,340.0,371.1,417.0,inferred
Cardiff,2021-10-02,164.5,193.0,214.0,222.8,230.0,244.0,257.0,270.0,286.0,294.0,303.0,330.0,376.0,inferred
Cardiff,2021-10-03,175.5,201.0,221.0,228.0,238.0,251.0,265.0,278.0,293.0,301.0,312.0,341.0,385.5,inferred
Cardiff,2021-10-04,260.5,297.0,324.0,333.0,342.0,358.0,374.0,391.0,412.0,424.0,434.0,468.0,527.5,inferred
Cardiff,2021-10-05,265.0,309.0,333.0,343.0,352.7,369.0,384.5,402.0,420.0,430.2,441.0,470.0,523.0,inferred
Cardiff,2021-10-06,276.0,312.0,340.0,350.0,360.0,377.6,394.0,412.0,433.0,442.0,455.0,483.1,531.0,inferred
Cardiff,2021-10-07,269.0,308.0,337.0,347.0,356.7,372.0,389.5,405.0,423.0,433.0,444.0,478.0,526.0,inferred
Cardiff,2021-10-08,243.0,278.9,301.8,309.8,317.0,335.0,351.0,367.0,387.0,396.0,406.0,436.0,495.5,inferred
Cardiff,2021-10-09,199.9,236.0,259.0,267.0,274.0,289.0,304.0,319.0,336.0,344.0,353.0,386.0,435.5,inferred
Cardiff,2021-10-10,213.0,243.9,268.0,277.0,285.0,301.0,316.5,330.0,348.0,357.0,369.0,399.0,443.0,inferred
Cardiff,2021-10-11,316.5,354.9,384.0,397.0,406.0,424.0,440.0,460.0,479.0,490.0,501.0,534.0,594.5,inferred
Cardiff,2021-10-12,330.0,370.0,398.0,411.0,420.0,438.6,457.0,474.4,494.0,504.0,516.0,550.0,606.0,inferred
Cardiff,2021-10-13,337.5,378.0,405.0,418.0,428.0,448.0,465.0,485.0,504.3,515.0,532.0,569.0,622.1,inferred
Cardiff,2021-10-14,334.5,379.0,408.0,419.0,429.0,450.0,470.0,489.0,508.0,519.0,529.0,568.0,623.0,inferred
Cardiff,2021-10-15,307.5,344.0,369.0,381.0,391.0,410.0,427.0,447.0,464.3,476.0,488.0,523.0,584.0,inferred
Carlisle,2021-07-03,32.0,39.0,44.0,46.0,47.0,51.0,54.0,56.0,59.0,61.0,63.0,70.0,80.0,inferred
Carlisle,2021-07-04,37.0,44.0,49.0,51.0,53.0,56.0,60.0,62.4,66.0,68.0,71.0,77.0,89.0,inferred
Carlisle,2021-07-05,60.0,68.0,74.0,76.0,78.0,82.0,86.0,90.0,95.0,97.0,100.0,107.0,119.0,inferred
Carlisle,2021-07-06,56.5,67.0,73.0,75.0,77.0,81.0,84.5,88.0,92.0,94.0,97.0,105.0,116.0,inferred
Carlisle,2021-07-07,62.0,72.0,78.0,80.0,82.0,86.0,90.0,94.0,98.0,101.0,104.0,111.0,122.0,inferred
Carlisle,2021-07-08,62.0,72.0,78.0,81.0,84.0,88.0,92.0,96.0,101.0,103.0,106.0,113.0,126.0,inferred
Carlisle,2021-07-09,61.5,70.0,76.0,78.0,80.0,84.0,88.0,92.0,96.0,99.0,102.0,111.0,124.5,inferred
Carlisle,2021-07-10,53.0,61.0,67.0,70.0,71.0,75.0,79.0,82.4,86.0,89.0,91.0,98.0,109.5,inferred
Carlisle,2021-07-11,61.0,71.0,77.0,79.8,82.0,85.0,89.0,93.0,97.0,100.0,103.0,111.0,123.0,inferred
Carlisle,2021-07-12,93.0,104.9,114.0,117.8,120.0,125.0,130.0,135.0,141.0,144.0,147.0,156.0,171.5,inferred
Carlisle,2021-07-13,88.5,99.0,107.0,111.0,113.0,118.0,123.0,128.0,133.0,137.0,140.0,149.0,164.5,inferred
Carlisle,2021-07-14,83.0,93.0,101.0,105.0,108.0,112.0,117.0,122.0,126.0,129.0,133.0,142.0,155.0,inferred
Carlisle,2021-07-15,73.0,83.0,90.0,93.0,96.0,101.0,105.0,109.0,114.0,117.0,120.0,129.0,143.0,inferred
Carlisle,2021-07-16,61.0,71.0,77.0,79.0,81.0,85.0,88.0,93.0,98.0,100.0,104.0,111.0,123.0,inferred
Carlisle,2021-07-17,43.0,51.0,58.0,60.0,61.0,65.0,68.0,72.0,76.0,78.0,81.0,87.0,98.0,inferred
Carlisle,2021-07-18,43.0,51.0,56.0,58.0,60.0,63.0,67.0,70.0,74.0,76.0,79.0,85.0,95.0,inferred
Carlisle,2021-07-19,56.5,66.0,73.0,75.0,78.0,82.0,86.0,90.0,94.0,97.0,100.0,107.0,121.0,inferred
Carlisle,2021-07-20,48.0,56.0,61.0,63.0,65.0,69.0,72.0,76.0,79.3,82.0,85.0,92.0,104.0,inferred
Carlisle,2021-07-21,40.0,48.9,54.0,56.0,58.0,61.0,64.0,68.0,71.0,74.0,76.0,82.0,94.0,inferred
Carlisle,2021-07-22,32.0,40.0,45.0,47.0,48.0,51.0,54.0,58.0,62.0,63.0,66.0,71.0,80.0,inferred
Carlisle,2021-07-23,25.0,31.0,35.0,37.0,38.0,41.0,44.0,47.0,50.0,52.0,54.0,59.0,68.5,inferred
Carlisle,2021-07-24,18.0,22.0,25.0,26.0,28.0,30.0,32.0,34.0,37.3,39.0,41.0,46.0,55.0,inferred
Carlisle,2021-07-25,16.0,20.0,23.0,25.0,26.0,28.0,30.0,33.0,36.0,37.0,39.0,44.0,50.0,inferred
Carlisle,2021-07-26,20.0,25.0,29.0,30.0,32.0,35.0,37.0,40.0,43.0,45.0,46.0,52.0,61.0,inferred
Carlisle,2021-07-27,15.0,21.0,24.0,26.0,28.0,30.0,32.0,35.0,38.0,39.0,41.0,46.0,55.0,inferred
Carlisle,2021-07-28,15.0,20.0,23.0,25.0,26.0,28.0,30.0,33.0,35.0,37.0,39.0,44.0,52.0,inferred
Carlisle,2021-07-29,13.0,17.0,21.0,22.0,23.0,26.0,28.0,30.0,32.0,33.0,35.0,39.0,48.0,inferred
Carlisle,2021-07-30,11.0,14.0,17.0,18.8,20.0,22.0,24.0,26.0,28.0,30.0,31.0,35.0,42.0,inferred
Carlisle,2021-07-31,8.0,11.0,14.0,14.0,15.0,17.0,19.0,21.0,23.0,24.0,25.0,29.0,35.0,inferred
Carlisle,2021-08-01,8.0,11.0,14.0,15.0,16.0,18.0,19.0,21.0,23.0,24.0,26.0,29.1,37.0,inferred
Carlisle,2021-08-02,12.0,17.0,19.0,21.0,22.0,24.0,26.0,29.0,31.0,33.0,34.0,38.1,46.0,inferred
Carlisle,2021-08-03,11.0,15.0,18.0,19.0,20.0,22.0,24.5,26.0,29.0,30.0,31.0,36.0,46.0,inferred
Carlisle,2021-08-04,12.0,15.0,18.0,19.0,20.0,23.0,25.0,27.0,29.0,31.0,32.0,37.0,44.0,inferred
Carlisle,2021-08-05,11.0,15.0,18.0,19.0,20.0,23.0,25.0,27.0,29.0,31.0,32.0,37.0,44.0,inferred
Carlisle,2021-08-06,11.0,15.0,17.0,18.0,19.0,21.0,23.0,26.0,28.0,29.0,31.0,36.0,43.0,inferred
Carlisle,2021-08-07,8.0,12.0,14.0,15.0,16.0,18.0,20.0,22.0,24.0,26.0,27.0,31.0,38.0,inferred
Carlisle,2021-08-08,10.0,13.0,16.0,17.0,18.0,20.0,22.0,24.0,27.0,28.0,29.0,34.0,40.0,inferred
Carlisle,2021-08-09,16.0,21.0,25.0,26.0,28.0,30.0,33.0,35.0,38.0,39.0,41.0,46.0,55.0,inferred
Carlisle,2021-08-10,15.0,20.0,24.0,25.0,27.0,30.0,32.0,34.0,37.0,38.0,40.0,45.0,53.0,inferred
Carlisle,2021-08-11,16.0,21.0,24.0,26.0,27.0,30.0,32.0,34.0,37.0,39.0,40.0,45.0,53.0,inferred
Carlisle,2021-08-12,15.0,20.0,24.0,25.0,26.0,28.0,31.0,33.0,36.0,38.0,39.0,44.0,53.0,inferred
Carlisle,2021-08-13,14.0,19.0,22.0,23.0,25.0,27.0,29.0,31.0,34.0,36.0,38.0,42.0,49.0,inferred
Carlisle,2021-08-14,11.0,15.0,18.0,20.0,21.0,23.0,25.0,27.0,29.0,30.0,32.0,36.0,43.0,inferred
Carlisle,2021-08-15,13.0,17.0,20.0,21.0,22.0,25.0,27.0,29.0,31.0,33.0,34.0,39.0,46.5,inferred
Carlisle,2021-08-16,19.0,25.0,29.0,31.0,32.0,35.0,38.0,40.0,43.0,45.0,47.0,53.0,61.0,inferred
Carlisle,2021-08-17,18.5,24.0,28.0,29.0,30.7,33.0,36.0,39.0,41.0,43.0,45.0,51.0,60.0,inferred
Carlisle,2021-08-18,19.0,25.0,29.0,30.0,32.0,34.0,37.0,40.0,43.0,45.0,47.0,52.0,62.0,inferred
Carlisle,2021-08-19,20.0,24.0,28.0,30.0,31.0,34.0,37.0,39.0,42.0,44.0,46.0,50.0,58.0,inferred
Carlisle,2021-08-20,19.0,24.0,27.0,29.0,30.0,32.0,35.0,37.0,40.0,42.0,44.0,49.0,57.5,inferred
Carlisle,2021-08-21,14.0,19.0,22.0,24.0,25.0,27.0,29.0,31.0,34.0,35.0,37.0,42.0,50.5,inferred
Carlisle,2021-08-22,17.0,21.0,25.0,26.0,27.0,30.0,32.0,35.0,38.0,39.0,41.0,46.0,53.0,inferred
Carlisle,2021-08-23,25.0,32.0,37.0,39.0,40.0,43.0,45.0,48.0,51.0,53.0,55.0,62.0,70.5,inferred
Carlisle,2021-08-24,24.0,31.0,35.0,37.0,38.0,41.0,44.0,47.0,50.0,52.0,54.0,60.0,70.0,inferred
Carlisle,2021-08-25,26.0,32.0,37.0,38.0,40.0,43.0,46.0,49.0,52.0,54.0,56.0,62.0,73.0,inferred
Carlisle,2021-08-26,25.0,32.0,36.0,38.0,39.0,42.0,45.0,48.0,51.3,54.0,55.2,61.0,71.0,inferred
Carlisle,2021-08-27,24.0,30.0,34.0,36.0,37.0,40.0,42.0,45.0,48.0,50.0,52.0,57.0,67.5,inferred
Carlisle,2021-08-28,20.0,25.0,29.0,31.0,32.0,34.0,37.0,39.0,42.0,44.0,46.0,51.0,62.0,inferred
Carlisle,2021-08-29,23.0,28.0,32.0,34.0,35.0,38.0,40.0,43.0,47.0,48.0,50.0,55.0,66.0,inferred
Carlisle,2021-08-30,35.0,42.0,47.0,49.0,51.0,54.0,58.0,60.4,64.0,66.0,69.0,75.0,86.0,inferred
Carlisle,2021-08-31,34.0,41.0,46.0,47.0,49.0,52.0,55.0,59.0,62.0,64.0,67.0,74.0,83.0,inferred
Carlisle,2021-09-01,36.0,43.0,48.0,50.0,52.0,55.0,58.0,62.0,66.0,68.0,70.0,76.0,86.0,inferred
Carlisle,2021-09-02,36.0,41.9,46.0,49.0,50.0,53.0,56.0,60.0,63.0,65.0,68.0,74.1,85.0,inferred
Carlisle,2021-09-03,32.5,40.0,44.0,46.0,48.0,51.0,54.0,57.0,60.0,62.0,64.0,69.0,79.0,inferred
Carlisle,2021-09-04,27.0,33.0,38.0,39.0,41.0,44.0,47.0,50.0,53.0,55.0,57.0,63.0,73.0,inferred
Carlisle,2021-09-05,31.0,37.0,41.0,43.0,45.0,48.0,51.0,54.0,57.0,59.0,61.0,67.0,77.0,inferred
Carlisle,2021-09-06,46.5,54.0,60.8,63.0,65.0,68.0,72.0,75.0,79.0,82.0,85.0,93.0,104.5,inferred
Carlisle,2021-09-07,44.5,53.0,58.0,60.0,62.0,66.0,69.0,73.0,77.0,79.0,81.0,89.0,102.0,inferred
Carlisle,2021-09-08,46.0,54.0,60.0,62.0,63.0,67.0,70.0,74.0,77.0,80.0,82.0,90.0,102.0,inferred
Carlisle,2021-09-09,42.0,50.0,55.0,57.8,59.0,63.0,67.0,70.0,74.0,76.0,79.0,85.1,99.0,inferred
Carlisle,2021-09-10,38.0,47.0,51.0,53.0,55.0,59.0,62.0,65.0,68.0,70.0,73.0,81.0,91.0,inferred
Carlisle,2021-09-11,31.0,38.0,43.0,45.0,46.0,50.0,52.0,55.0,59.0,61.0,63.0,69.0,79.0,inferred
Carlisle,2021-09-12,33.5,40.0,47.0,48.0,50.0,53.0,55.0,58.0,61.0,64.0,66.0,73.0,84.0,inferred
Carlisle,2021-09-13,50.0,59.0,66.0,68.0,70.0,74.0,79.0,83.0,87.0,89.0,92.0,99.0,110.0,inferred
Carlisle,2021-09-14,48.0,57.0,62.0,65.0,67.0,70.0,74.0,78.0,82.0,84.0,87.0,95.0,107.5,inferred
Carlisle,2021-09-15,51.0,59.0,65.0,67.0,69.0,73.0,77.0,81.0,85.0,87.0,90.0,97.0,109.0,inferred
Carlisle,2021-09-16,48.0,57.0,62.0,64.0,67.0,71.0,75.0,79.0,83.0,85.0,87.0,94.0,106.5,inferred
Carlisle,2021-09-17,45.5,54.0,59.0,61.0,63.0,67.0,70.0,74.0,78.0,80.0,82.0,90.0,102.0,inferred
Carlisle,2021-09-18,37.0,44.0,49.0,52.0,53.0,57.0,61.0,64.0,67.0,70.0,72.0,78.0,89.0,inferred
Carlisle,2021-09-19,40.0,49.0,55.0,57.0,59.0,63.0,66.0,70.0,73.0,75.2,78.0,85.0,95.5,inferred
Carlisle,2021-09-20,63.0,72.0,79.0,81.0,84.0,88.0,92.0,96.0,101.0,103.0,106.0,114.0,128.5,inferred
Carlisle,2021-09-21,60.0,69.0,75.0,77.0,80.0,83.0,88.0,92.0,96.0,98.0,101.0,108.0,121.0,inferred
Carlisle,2021-09-22,58.0,67.0,74.0,76.0,78.0,82.0,86.0,90.4,95.0,97.0,100.0,108.0,121.5,inferred
Carlisle,2021-09-23,52.0,63.9,69.0,72.0,74.0,77.0,81.0,85.0,89.0,91.0,93.0,101.0,113.5,inferred
Carlisle,2021-09-24,46.5,56.0,61.0,64.0,65.0,69.0,73.0,76.0,80.0,83.0,85.0,92.1,104.5,inferred
Carlisle,2021-09-25,37.0,44.0,49.0,51.0,53.0,56.0,60.0,63.0,67.0,69.0,71.0,78.0,89.0,inferred
Carlisle,2021-09-26,38.0,47.0,52.0,54.0,56.0,59.6,63.0,66.0,70.0,72.0,74.0,80.0,90.0,inferred
Carlisle,2021-09-27,57.0,67.0,73.0,76.0,78.0,82.0,86.0,89.0,94.0,97.0,100.0,107.1,120.0,inferred
Carlisle,2021-09-28,52.0,61.0,68.0,70.0,72.0,76.0,80.0,84.0,88.0,90.0,93.0,100.0,112.0,inferred
Carlisle,2021-09-29,53.0,62.9,69.0,71.0,73.0,77.0,81.0,85.0,89.0,91.0,94.0,101.1,111.0,inferred
Carlisle,2021-09-30,51.0,60.0,65.0,68.0,69.0,73.6,78.0,81.0,86.0,88.0,90.0,97.0,108.5,inferred
Carlisle,2021-10-01,47.0,55.0,61.0,63.0,65.0,69.0,72.0,75.0,80.0,83.0,85.0,93.0,104.5,inferred
Carlisle,2021-10-02,38.0,45.0,50.8,53.0,54.0,58.0,60.0,63.4,67.0,70.0,72.0,78.0,89.0,inferred
Carlisle,2021-10-03,42.0,50.0,55.0,57.0,59.0,62.0,65.0,68.0,73.0,75.0,77.0,84.0,94.0,inferred
Carlisle,2021-10-04,63.0,71.0,78.0,81.0,83.0,88.0,92.0,96.0,100.0,103.0,106.0,114.0,128.5,inferred
Carlisle,2021-10-05,57.5,67.0,73.0,75.0,77.0,81.0,85.0,89.0,93.0,96.0,98.0,108.0,120.0,inferred
Carlisle,2021-10-06,58.0,67.0,73.0,75.0,78.0,82.0,86.0,90.0,95.0,98.0,100.0,108.0,121.0,inferred
Carlisle,2021-10-07,55.0,63.0,70.0,73.0,75.0,79.0,82.0,87.0,91.0,93.0,96.0,103.1,117.0,inferred
Carlisle,2021-10-08,49.0,57.0,63.0,66.0,68.0,72.0,75.0,79.0,83.0,85.0,87.2,95.0,105.5,inferred
Carlisle,2021-10-09,41.0,49.0,53.0,55.0,57.0,60.0,63.0,66.0,70.0,73.0,75.0,81.0,91.0,inferred
Carlisle,2021-10-10,42.5,50.0,56.0,57.0,59.0,63.0,66.0,70.0,74.0,76.0,78.0,84.0,96.0,inferred
Carlisle,2021-10-11,60.0,71.0,78.0,80.0,82.0,87.0,91.0,96.0,101.0,103.0,106.0,114.0,130.0,inferred
Carlisle,2021-10-12,55.5,65.0,72.0,74.0,76.0,81.0,85.0,88.0,92.0,94.2,97.0,106.0,120.0,inferred
Carlisle,2021-10-13,56.0,64.0,69.0,71.0,74.0,78.0,82.0,86.0,90.0,93.0,96.0,105.0,117.0,inferred
Carlisle,2021-10-14,49.0,59.9,65.0,67.0,69.0,73.0,77.0,81.0,86.0,88.0,91.0,98.0,111.0,inferred
Carlisle,2021-10-15,42.0,50.9,56.0,58.8,61.0,65.0,69.0,73.4,77.0,80.0,83.0,91.0,103.0,inferred
Carmarthenshire,2021-07-03,8.0,10.0,12.0,12.0,13.0,14.0,16.0,17.0,18.0,19.0,20.0,23.0,27.0,inferred
Carmarthenshire,2021-07-04,8.0,10.0,12.0,13.0,13.0,15.0,16.0,18.0,19.0,20.0,21.0,24.0,28.0,inferred
Carmarthenshire,2021-07-05,13.0,16.0,19.0,20.0,21.0,22.0,24.0,25.0,27.0,28.0,29.0,33.0,38.0,inferred
Carmarthenshire,2021-07-06,14.0,17.0,20.0,21.0,21.0,23.0,25.0,26.0,28.0,29.0,30.0,33.0,38.0,inferred
Carmarthenshire,2021-07-07,14.0,17.0,20.0,21.0,22.0,23.0,25.0,27.0,28.0,29.0,31.0,34.0,39.0,inferred
Carmarthenshire,2021-07-08,13.0,16.0,19.0,20.0,21.0,23.0,25.0,26.0,28.0,29.0,30.0,33.0,37.0,inferred
Carmarthenshire,2021-07-09,12.0,15.0,18.0,18.0,19.0,21.0,22.0,24.0,26.0,27.0,28.0,31.0,35.0,inferred
Carmarthenshire,2021-07-10,8.5,12.0,14.0,15.0,16.0,18.0,19.0,20.4,22.0,23.0,24.0,26.0,31.5,inferred
Carmarthenshire,2021-07-11,10.0,12.0,15.0,15.0,16.0,17.6,19.0,20.0,22.0,23.0,24.0,27.0,31.0,inferred
Carmarthenshire,2021-07-12,14.0,18.0,21.0,22.0,23.0,25.0,27.0,28.0,30.0,31.0,33.0,37.0,42.0,inferred
Carmarthenshire,2021-07-13,15.0,19.0,21.0,23.0,23.0,25.0,27.0,29.0,31.0,32.0,33.0,37.0,43.0,inferred
Carmarthenshire,2021-07-14,16.0,19.0,21.0,22.0,23.0,25.0,27.0,29.0,31.0,32.0,33.0,36.0,43.0,inferred
Carmarthenshire,2021-07-15,14.0,18.0,21.0,22.0,23.0,24.0,26.0,28.0,30.0,31.0,32.0,35.0,41.0,inferred
Carmarthenshire,2021-07-16,12.0,15.0,17.0,18.0,19.0,21.0,23.0,24.0,26.0,27.0,28.0,32.0,36.0,inferred
Carmarthenshire,2021-07-17,9.5,13.0,15.0,16.0,16.0,18.0,19.0,21.0,22.0,23.0,24.0,27.0,32.0,inferred
Carmarthenshire,2021-07-18,10.0,12.0,15.0,15.0,16.0,18.0,19.0,20.0,22.0,23.0,24.0,27.1,32.0,inferred
Carmarthenshire,2021-07-19,14.0,18.0,21.0,22.0,23.0,25.0,26.0,28.0,30.0,31.0,33.0,36.0,43.0,inferred
Carmarthenshire,2021-07-20,15.0,18.0,20.0,22.0,23.0,24.0,26.0,28.0,30.0,31.0,32.0,36.0,41.0,inferred
Carmarthenshire,2021-07-21,14.0,18.0,21.0,22.0,23.0,24.0,26.0,28.0,30.0,31.0,32.0,35.0,41.0,inferred
Carmarthenshire,2021-07-22,14.0,18.0,20.0,21.0,22.0,24.0,25.0,27.0,29.0,30.0,31.0,34.0,40.0,inferred
Carmarthenshire,2021-07-23,12.0,15.0,17.0,18.0,19.0,21.0,22.0,24.0,26.0,26.0,28.0,31.0,36.0,inferred
Carmarthenshire,2021-07-24,10.0,12.0,14.0,15.0,16.0,17.0,19.0,20.0,22.0,23.0,24.0,26.0,32.0,inferred
Carmarthenshire,2021-07-25,9.0,12.0,14.0,15.0,15.7,17.0,18.0,20.0,21.0,22.0,23.0,26.0,32.0,inferred
Carmarthenshire,2021-07-26,13.0,18.0,20.0,21.0,22.0,24.0,26.0,27.0,29.0,30.0,31.0,35.0,40.0,inferred
Carmarthenshire,2021-07-27,13.5,17.0,20.0,21.0,22.0,24.0,26.0,28.0,30.0,31.0,32.0,35.0,41.0,inferred
Carmarthenshire,2021-07-28,14.0,18.0,21.0,22.0,22.0,24.0,25.5,27.0,29.0,31.0,32.0,36.0,41.0,inferred
Carmarthenshire,2021-07-29,13.0,17.0,20.0,20.0,21.0,23.0,25.0,27.0,29.0,29.0,31.0,34.0,39.0,inferred
Carmarthenshire,2021-07-30,12.0,15.0,17.0,18.0,19.0,21.0,22.0,24.0,25.0,26.0,28.0,30.0,36.0,inferred
Carmarthenshire,2021-07-31,9.0,12.0,14.0,15.0,16.0,17.0,18.5,20.0,22.0,22.0,24.0,26.0,31.0,inferred
Carmarthenshire,2021-08-01,10.0,13.0,14.0,15.0,16.0,17.0,19.0,20.0,22.0,23.0,24.0,27.0,32.0,inferred
Carmarthenshire,2021-08-02,14.0,18.0,20.0,21.0,23.0,25.0,26.0,28.0,30.0,31.0,33.0,36.0,41.5,inferred
Carmarthenshire,2021-08-03,15.0,19.0,22.0,23.0,24.0,26.0,27.0,29.0,31.0,32.0,33.0,37.0,42.0,inferred
Carmarthenshire,2021-08-04,15.5,20.0,23.0,24.0,25.0,27.0,29.0,30.0,32.0,33.0,34.0,37.0,43.0,inferred
Carmarthenshire,2021-08-05,16.0,20.0,23.0,24.0,25.0,27.0,28.5,30.0,32.0,33.0,34.0,38.0,43.0,inferred
Carmarthenshire,2021-08-06,15.0,19.0,21.0,22.0,23.0,25.0,27.0,28.0,30.0,31.0,32.0,36.0,40.5,inferred
Carmarthenshire,2021-08-07,12.0,16.0,18.0,19.0,20.0,22.0,23.0,25.0,26.0,27.0,28.0,31.0,37.0,inferred
Carmarthenshire,2021-08-08,13.0,17.0,20.0,21.0,21.7,23.0,25.0,26.0,28.0,29.0,30.0,33.0,37.5,inferred
Carmarthenshire,2021-08-09,21.0,26.0,29.0,30.0,31.0,33.0,35.0,37.0,39.0,40.2,42.0,46.0,53.0,inferred
Carmarthenshire,2021-08-10,23.0,27.0,30.0,32.0,33.0,35.0,38.0,40.0,42.0,44.0,45.0,49.0,55.0,inferred
Carmarthenshire,2021-08-11,25.5,31.0,34.0,36.0,37.0,39.0,41.0,43.0,46.0,47.0,48.0,53.0,60.0,inferred
Carmarthenshire,2021-08-12,29.0,34.0,37.0,39.0,40.0,42.0,44.0,47.0,49.0,50.0,52.0,56.0,63.5,inferred
Carmarthenshire,2021-08-13,28.0,33.0,36.0,38.0,39.0,41.0,43.0,45.0,48.0,49.0,51.0,54.0,62.0,inferred
Carmarthenshire,2021-08-14,26.0,31.0,34.0,35.8,37.0,39.0,41.0,43.0,45.0,47.0,48.0,52.0,58.0,inferred
Carmarthenshire,2021-08-15,29.0,34.0,38.0,39.0,40.0,42.6,45.0,47.0,50.0,51.0,53.0,57.0,65.0,inferred
Carmarthenshire,2021-08-16,49.0,55.0,60.0,62.0,63.0,67.0,69.0,72.0,75.0,77.0,79.0,84.0,93.5,inferred
Carmarthenshire,2021-08-17,54.0,60.9,66.0,68.0,70.0,73.0,75.0,79.0,82.0,83.0,86.0,91.0,102.0,inferred
Carmarthenshire,2021-08-18,59.0,66.0,71.0,72.0,74.0,77.0,80.0,84.0,87.0,89.0,91.0,97.0,108.0,inferred
Carmarthenshire,2021-08-19,60.0,68.0,73.0,75.0,77.0,80.0,83.0,86.0,90.0,92.0,94.0,100.0,108.5,inferred
Carmarthenshire,2021-08-20,58.0,65.0,69.0,71.0,73.0,76.0,79.0,82.0,85.0,87.0,89.0,95.0,105.0,inferred
Carmarthenshire,2021-08-21,52.0,59.0,63.0,65.0,67.0,70.0,72.0,75.0,78.0,80.0,82.0,87.0,94.0,inferred
Carmarthenshire,2021-08-22,55.0,62.0,67.0,69.0,70.0,73.0,76.0,79.0,82.0,84.0,86.0,92.0,101.0,inferred
Carmarthenshire,2021-08-23,85.0,95.0,100.0,103.0,105.0,109.0,113.0,117.0,121.0,123.0,126.0,133.0,144.0,inferred
Carmarthenshire,2021-08-24,91.0,101.0,107.0,110.0,112.0,115.0,118.0,123.0,127.0,129.0,132.0,139.0,151.0,inferred
Carmarthenshire,2021-08-25,99.0,107.0,114.0,116.0,119.0,123.0,127.0,131.0,135.0,137.0,140.0,148.0,160.0,inferred
Carmarthenshire,2021-08-26,102.0,110.0,117.0,119.0,121.0,125.0,129.0,133.0,137.0,140.0,142.0,150.0,162.0,inferred
Carmarthenshire,2021-08-27,94.0,104.0,109.0,112.0,114.0,118.0,122.0,126.0,130.0,132.0,134.0,141.0,149.0,inferred
Carmarthenshire,2021-08-28,83.0,93.0,99.0,101.0,103.0,106.6,110.0,114.0,118.0,120.0,123.0,128.0,138.0,inferred
Carmarthenshire,2021-08-29,88.5,98.0,105.0,107.0,109.0,113.0,117.0,121.0,124.0,126.0,129.0,135.0,144.0,inferred
Carmarthenshire,2021-08-30,136.0,147.0,155.0,158.0,160.0,165.0,171.0,176.0,181.0,184.0,187.0,195.0,209.0,inferred
Carmarthenshire,2021-08-31,145.0,156.0,164.0,167.0,170.0,176.0,181.0,186.0,191.0,194.0,197.0,205.0,220.5,inferred
Carmarthenshire,2021-09-01,148.5,161.0,169.0,173.0,175.0,181.0,186.0,191.0,196.0,199.0,202.0,211.0,225.0,inferred
Carmarthenshire,2021-09-02,149.0,163.0,171.0,174.0,177.0,182.0,186.0,190.0,195.0,198.0,201.0,210.0,223.0,inferred
Carmarthenshire,2021-09-03,139.5,149.0,156.0,159.0,161.7,166.0,170.0,174.4,180.0,183.0,186.0,194.1,207.5,inferred
Carmarthenshire,2021-09-04,119.0,129.0,136.0,139.0,141.0,146.0,150.0,154.0,158.0,161.0,164.0,172.0,183.5,inferred
Carmarthenshire,2021-09-05,124.0,133.0,141.0,143.0,146.0,150.0,155.0,158.0,162.0,165.0,169.0,176.0,188.0,inferred
Carmarthenshire,2021-09-06,181.0,193.0,203.0,206.0,210.0,215.0,221.0,226.0,231.0,234.0,238.0,248.0,263.5,inferred
Carmarthenshire,2021-09-07,182.0,196.0,203.0,207.0,210.0,216.0,221.0,226.0,232.0,235.0,238.0,249.0,266.0,inferred
Carmarthenshire,2021-09-08,176.0,190.0,198.0,201.0,204.0,210.0,214.0,220.0,225.0,229.0,232.0,241.0,255.5,inferred
Carmarthenshire,2021-09-09,163.0,176.0,185.0,188.0,191.0,196.0,202.0,207.0,213.0,215.0,219.0,227.0,241.0,inferred
Carmarthenshire,2021-09-10,141.0,152.0,160.0,162.0,165.0,169.0,173.0,179.0,184.0,186.0,189.0,197.0,213.0,inferred
Carmarthenshire,2021-09-11,114.0,124.0,130.0,132.0,134.0,138.0,143.0,147.0,151.0,153.0,156.0,164.0,176.0,inferred
Carmarthenshire,2021-09-12,112.0,121.0,127.0,129.0,132.0,135.0,139.0,144.0,148.0,150.0,153.0,159.0,171.0,inferred
Carmarthenshire,2021-09-13,152.0,165.0,173.0,177.0,180.0,184.0,189.0,193.0,199.0,201.0,205.0,214.0,227.5,inferred
Carmarthenshire,2021-09-14,152.0,163.0,172.0,175.0,178.0,183.0,188.0,192.0,197.0,201.0,204.0,213.0,224.0,inferred
Carmarthenshire,2021-09-15,150.0,162.0,170.0,173.0,176.0,181.0,186.0,191.0,196.0,199.0,202.0,210.0,223.5,inferred
Carmarthenshire,2021-09-16,145.0,158.0,165.0,168.8,171.0,176.0,181.0,185.0,191.0,193.0,196.0,205.0,219.0,inferred
Carmarthenshire,2021-09-17,128.0,140.0,147.0,150.0,151.0,156.0,161.0,165.0,169.0,172.0,175.0,184.0,196.5,inferred
Carmarthenshire,2021-09-18,108.5,118.0,124.0,127.0,129.0,134.0,138.0,141.4,146.0,148.0,151.0,158.0,170.0,inferred
Carmarthenshire,2021-09-19,108.0,118.0,125.0,128.0,130.0,134.0,138.0,142.0,147.0,149.0,152.0,161.0,172.0,inferred
Carmarthenshire,2021-09-20,157.0,167.0,175.0,178.0,181.0,186.0,191.0,196.0,202.0,205.0,209.2,218.0,232.0,inferred
Carmarthenshire,2021-09-21,153.0,166.0,175.0,178.0,181.0,185.0,190.0,195.0,202.0,205.0,208.0,217.0,232.5,inferred
Carmarthenshire,2021-09-22,150.5,163.0,172.0,174.0,177.0,182.0,188.0,192.0,197.3,201.0,204.0,213.0,227.5,inferred
Carmarthenshire,2021-09-23,145.0,156.0,164.0,167.0,169.0,174.0,179.0,184.0,188.0,191.0,194.0,202.0,218.0,inferred
Carmarthenshire,2021-09-24,124.0,135.0,142.0,145.0,148.0,152.0,156.0,160.0,165.0,168.0,170.0,177.0,190.0,inferred
Carmarthenshire,2021-09-25,103.0,112.0,119.0,121.0,123.0,127.0,131.0,135.0,140.0,142.0,144.0,152.0,165.0,inferred
Carmarthenshire,2021-09-26,101.0,110.0,117.0,120.0,122.0,126.0,130.0,134.0,139.0,141.0,143.0,150.0,160.5,inferred
Carmarthenshire,2021-09-27,143.0,153.9,161.0,164.0,167.0,172.0,178.0,183.0,188.0,191.0,194.0,204.0,217.5,inferred
Carmarthenshire,2021-09-28,143.5,154.0,161.0,164.0,168.0,174.0,178.0,183.0,189.0,191.0,195.0,203.0,217.0,inferred
Carmarthenshire,2021-09-29,143.0,154.0,162.0,165.0,167.0,173.0,177.0,182.0,187.0,189.0,193.0,202.0,215.0,inferred
Carmarthenshire,2021-09-30,138.0,149.9,156.0,159.0,162.0,166.0,171.0,176.0,181.0,184.0,188.0,195.0,206.0,inferred
Carmarthenshire,2021-10-01,121.0,132.0,139.0,142.0,144.0,149.0,153.0,156.4,161.0,163.0,166.0,174.0,187.0,inferred
Carmarthenshire,2021-10-02,103.0,111.0,119.0,121.0,124.0,127.0,130.0,134.0,138.0,141.0,144.0,151.0,161.5,inferred
Carmarthenshire,2021-10-03,102.0,112.0,118.0,121.0,123.0,128.0,132.0,135.0,139.0,142.0,145.0,152.0,164.0,inferred
Carmarthenshire,2021-10-04,147.0,158.0,167.0,170.0,173.0,178.0,182.0,188.0,192.3,196.0,198.0,207.0,219.0,inferred
Carmarthenshire,2021-10-05,148.0,161.0,167.8,171.0,174.0,179.0,184.0,188.0,193.0,196.0,199.0,208.0,224.0,inferred
Carmarthenshire,2021-10-06,145.0,158.0,166.0,169.0,171.0,176.0,181.0,185.0,190.0,193.0,197.0,206.0,219.0,inferred
Carmarthenshire,2021-10-07,142.0,153.0,160.0,163.0,165.0,170.0,174.5,180.0,185.0,188.0,191.0,198.0,211.0,inferred
Carmarthenshire,2021-10-08,124.0,135.0,141.0,143.8,147.0,151.0,155.0,160.0,164.0,167.0,169.0,177.0,187.5,inferred
Carmarthenshire,2021-10-09,104.0,112.9,119.0,121.0,124.0,128.0,132.0,135.0,139.0,141.0,144.0,150.0,161.5,inferred
Carmarthenshire,2021-10-10,101.5,112.0,118.0,121.0,123.0,127.0,131.0,135.0,139.0,141.0,144.0,152.0,164.0,inferred
Carmarthenshire,2021-10-11,144.0,156.0,164.0,168.0,171.0,176.0,181.0,186.0,191.0,194.0,197.0,205.0,219.0,inferred
Carmarthenshire,2021-10-12,143.0,155.0,164.0,167.0,170.0,174.0,179.0,184.0,190.0,193.0,197.0,205.1,221.0,inferred
Carmarthenshire,2021-10-13,142.0,154.9,162.0,165.0,168.0,172.0,177.0,182.0,187.0,190.0,194.0,202.0,216.0,inferred
Carmarthenshire,2021-10-14,136.0,148.0,155.0,158.0,161.0,165.0,170.0,175.0,181.0,183.0,186.0,195.0,206.0,inferred
Carmarthenshire,2021-10-15,111.0,125.0,133.0,137.0,140.0,145.0,150.0,155.0,161.0,163.0,167.0,176.0,191.5,inferred
Castle Point,2021-07-03,6.0,9.0,11.0,12.0,13.0,15.0,17.0,19.0,21.0,22.0,23.0,28.0,34.0,inferred
Castle Point,2021-07-04,8.0,11.0,14.0,15.0,16.0,18.0,20.0,22.0,24.0,25.0,26.2,30.1,38.0,inferred
Castle Point,2021-07-05,15.0,19.0,23.0,24.0,25.0,28.0,30.0,32.0,35.0,37.0,39.0,44.0,52.0,inferred
Castle Point,2021-07-06,17.0,21.0,25.0,27.0,28.0,30.0,33.0,35.0,38.0,40.0,42.0,46.0,55.0,inferred
Castle Point,2021-07-07,21.0,27.0,31.0,33.0,34.0,36.0,39.0,42.0,45.0,47.0,48.2,54.0,62.0,inferred
Castle Point,2021-07-08,27.0,32.0,37.0,38.0,40.0,42.0,45.0,48.0,51.0,53.0,55.0,61.0,70.0,inferred
Castle Point,2021-07-09,28.0,35.0,39.0,41.0,42.0,45.0,48.0,51.0,54.0,56.0,58.0,64.0,73.0,inferred
Castle Point,2021-07-10,28.0,34.0,39.0,41.0,42.0,45.0,48.0,51.0,54.0,56.0,57.0,63.0,73.0,inferred
Castle Point,2021-07-11,35.0,43.0,47.0,49.0,51.0,54.0,57.0,60.0,64.0,66.0,68.0,74.1,85.5,inferred
Castle Point,2021-07-12,61.0,70.0,77.0,79.0,81.7,86.0,89.0,93.0,98.0,100.2,104.0,113.0,125.5,inferred
Castle Point,2021-07-13,61.0,71.0,78.0,81.0,83.0,87.0,92.0,96.0,100.0,103.0,106.0,113.0,126.5,inferred
Castle Point,2021-07-14,63.0,72.0,79.0,81.0,83.0,88.0,92.0,97.0,101.0,104.0,107.0,115.0,128.0,inferred
Castle Point,2021-07-15,58.0,67.0,73.0,75.0,78.0,82.0,86.0,90.0,95.0,98.0,100.0,108.0,120.5,inferred
Castle Point,2021-07-16,50.0,58.0,64.0,67.0,69.0,73.0,77.0,80.0,84.0,87.0,90.0,96.0,108.0,inferred
Castle Point,2021-07-17,39.0,47.0,51.0,53.0,56.0,59.0,62.0,65.0,69.0,71.0,73.0,79.0,90.0,inferred
Castle Point,2021-07-18,40.0,47.0,52.0,54.0,56.0,59.0,62.0,66.0,69.0,72.0,74.0,80.0,91.0,inferred
Castle Point,2021-07-19,55.0,63.0,69.0,71.0,73.0,77.0,81.0,85.0,89.0,91.0,94.0,101.0,114.0,inferred
Castle Point,2021-07-20,47.0,56.0,61.0,63.0,65.0,69.0,72.0,76.0,80.0,82.0,84.0,90.0,102.5,inferred
Castle Point,2021-07-21,40.5,49.0,55.0,57.0,59.0,63.0,66.0,69.0,73.0,75.0,77.0,83.0,95.0,inferred
Castle Point,2021-07-22,34.5,41.0,45.0,47.0,49.0,51.0,55.0,58.0,62.0,64.0,66.0,73.0,84.0,inferred
Castle Point,2021-07-23,25.0,32.0,36.0,38.0,39.0,42.0,45.0,48.0,51.0,53.0,55.0,61.0,69.0,inferred
Castle Point,2021-07-24,17.5,23.0,26.0,28.0,29.0,32.0,34.0,36.0,39.0,41.0,43.0,47.0,56.0,inferred
Castle Point,2021-07-25,17.0,20.0,24.0,26.0,27.0,29.0,31.0,34.0,37.0,38.0,40.0,44.0,52.0,inferred
Castle Point,2021-07-26,21.0,27.0,31.0,32.0,34.0,36.0,38.0,40.4,44.0,45.0,47.0,53.0,62.0,inferred
Castle Point,2021-07-27,18.0,23.0,26.0,27.0,29.0,31.0,34.0,36.0,38.3,40.0,42.0,46.0,55.0,inferred
Castle Point,2021-07-28,17.0,21.0,25.0,26.0,28.0,30.0,32.5,35.0,37.0,39.0,41.0,46.0,53.0,inferred
Castle Point,2021-07-29,14.0,19.0,22.0,24.0,25.0,27.0,29.0,32.0,34.0,36.0,37.0,42.0,49.0,inferred
Castle Point,2021-07-30,13.0,17.0,20.0,21.0,21.0,24.0,26.0,28.0,30.0,31.2,33.0,38.0,44.5,inferred
Castle Point,2021-07-31,9.0,12.0,15.0,16.0,17.0,19.0,21.0,23.0,25.0,26.0,28.0,31.0,38.0,inferred
Castle Point,2021-08-01,9.0,13.0,15.8,17.0,17.0,19.0,21.0,23.0,25.0,27.0,28.0,32.0,40.0,inferred
Castle Point,2021-08-02,14.0,18.0,21.0,22.0,23.0,26.0,28.0,30.0,33.0,35.0,36.0,41.0,47.0,inferred
Castle Point,2021-08-03,13.0,17.0,20.0,21.0,22.0,24.0,26.0,29.0,31.0,33.0,34.2,39.0,46.0,inferred
Castle Point,2021-08-04,13.0,17.0,21.0,22.0,23.0,25.0,27.0,30.0,32.0,34.0,35.0,40.0,47.0,inferred
Castle Point,2021-08-05,12.0,17.0,20.0,21.0,23.0,25.0,27.0,29.0,31.0,33.0,34.0,39.0,47.0,inferred
Castle Point,2021-08-06,12.0,16.0,19.0,20.0,22.0,24.0,26.0,28.0,30.0,32.0,33.0,37.0,44.0,inferred
Castle Point,2021-08-07,9.0,13.0,16.0,17.0,18.0,20.0,22.0,24.0,26.0,28.0,29.0,33.0,41.0,inferred
Castle Point,2021-08-08,10.0,14.0,17.0,18.0,19.0,21.0,23.0,25.0,27.0,29.0,30.0,35.0,42.0,inferred
Castle Point,2021-08-09,17.0,22.0,25.0,26.0,27.0,29.0,32.0,34.0,37.0,39.0,40.2,46.0,53.5,inferred
Castle Point,2021-08-10,15.0,21.0,24.0,26.0,27.0,29.0,31.0,34.0,36.0,38.0,40.0,44.0,52.0,inferred
Castle Point,2021-08-11,16.0,20.0,24.0,25.0,27.0,29.0,31.0,34.0,37.0,38.0,40.0,45.0,53.0,inferred
Castle Point,2021-08-12,15.0,20.0,23.0,24.0,25.0,28.0,30.0,32.0,35.0,36.0,38.0,43.0,52.0,inferred
Castle Point,2021-08-13,13.0,17.0,21.0,22.0,24.0,26.0,28.0,30.0,32.0,34.0,35.0,40.0,47.0,inferred
Castle Point,2021-08-14,10.0,14.0,17.0,18.0,19.0,21.0,23.0,25.0,27.0,28.0,30.0,34.0,41.0,inferred
Castle Point,2021-08-15,11.0,15.0,17.0,19.0,20.0,22.0,24.0,26.0,28.0,30.0,31.0,35.1,41.0,inferred
Castle Point,2021-08-16,16.0,21.0,25.0,26.0,27.0,30.0,32.0,34.0,37.0,39.0,41.0,46.0,53.0,inferred
Castle Point,2021-08-17,15.0,20.0,23.0,24.0,26.0,28.0,30.0,32.0,35.0,37.0,39.0,43.0,52.0,inferred
Castle Point,2021-08-18,14.5,20.0,23.0,24.0,26.0,28.0,30.0,32.4,35.0,36.0,38.0,43.0,50.0,inferred
Castle Point,2021-08-19,14.0,18.0,22.0,23.0,24.0,26.0,28.0,30.4,33.0,34.0,36.0,41.0,48.0,inferred
Castle Point,2021-08-20,12.0,16.0,19.0,20.0,21.7,24.0,25.0,27.0,30.0,31.0,33.0,37.1,46.0,inferred
Castle Point,2021-08-21,9.0,12.0,15.0,16.0,17.0,19.0,21.0,23.0,25.0,26.0,28.0,32.0,38.0,inferred
Castle Point,2021-08-22,9.0,12.0,15.0,16.0,18.0,19.0,21.0,23.0,25.0,27.0,28.0,32.0,39.0,inferred
Castle Point,2021-08-23,13.0,18.0,21.0,23.0,24.0,26.0,28.0,31.0,33.0,34.0,37.0,42.0,49.0,inferred
Castle Point,2021-08-24,13.0,17.0,20.0,22.0,23.0,25.0,27.0,29.0,32.0,33.0,35.0,41.0,49.0,inferred
Castle Point,2021-08-25,13.0,17.0,21.0,22.0,24.0,26.0,28.0,30.0,33.0,34.2,36.0,40.0,48.0,inferred
Castle Point,2021-08-26,12.0,17.0,20.0,21.0,22.0,25.0,27.0,29.0,32.0,34.0,35.0,39.0,48.0,inferred
Castle Point,2021-08-27,11.0,15.0,18.0,19.0,20.0,23.0,25.0,26.4,29.0,30.2,32.0,37.0,43.5,inferred
Castle Point,2021-08-28,9.0,13.0,16.0,17.0,18.0,20.0,22.0,24.0,26.0,27.0,28.0,33.0,38.5,inferred
Castle Point,2021-08-29,10.0,14.0,17.0,18.0,19.0,21.0,23.0,25.0,27.0,28.0,29.0,35.0,42.0,inferred
Castle Point,2021-08-30,15.0,21.0,24.0,25.0,27.0,29.0,31.0,34.0,37.0,38.0,40.0,45.0,53.5,inferred
Castle Point,2021-08-31,16.0,20.0,23.0,25.0,26.0,28.6,31.0,33.0,36.0,38.0,39.0,44.0,53.0,inferred
Castle Point,2021-09-01,16.0,21.0,24.8,26.0,27.0,29.0,32.0,34.0,37.0,38.0,40.0,45.0,53.0,inferred
Castle Point,2021-09-02,16.0,21.0,24.0,25.0,27.0,29.0,31.0,34.0,36.0,38.0,40.0,45.0,52.0,inferred
Castle Point,2021-09-03,14.0,18.0,22.0,23.0,24.0,27.0,29.0,31.0,34.0,35.0,37.0,41.0,48.0,inferred
Castle Point,2021-09-04,11.0,16.0,18.0,19.0,20.0,23.0,25.0,27.0,29.0,30.0,32.0,37.0,45.0,inferred
Castle Point,2021-09-05,13.0,17.0,20.0,21.0,22.0,25.0,27.0,29.0,31.0,32.0,34.0,39.0,46.0,inferred
Castle Point,2021-09-06,19.0,24.9,28.0,30.0,31.0,34.0,36.0,39.0,41.0,43.0,44.0,49.0,59.0,inferred
Castle Point,2021-09-07,17.0,23.0,26.0,28.0,29.0,32.0,35.0,37.0,40.0,41.0,43.0,48.0,57.0,inferred
Castle Point,2021-09-08,17.0,23.0,26.0,27.0,29.0,32.0,34.0,36.0,39.0,40.0,42.0,47.0,54.0,inferred
Castle Point,2021-09-09,15.0,20.0,23.0,25.0,26.0,29.0,31.0,33.0,36.0,37.0,39.0,43.1,51.0,inferred
Castle Point,2021-09-10,13.0,17.0,20.0,21.0,23.0,25.0,27.0,29.0,32.0,33.0,35.0,39.0,47.0,inferred
Castle Point,2021-09-11,9.0,13.0,16.0,17.0,18.0,20.0,22.0,24.0,26.0,28.0,29.0,33.0,40.0,inferred
Castle Point,2021-09-12,10.0,13.0,16.0,17.0,18.0,20.0,22.0,24.0,26.0,27.0,28.0,33.0,39.5,inferred
Castle Point,2021-09-13,14.0,18.0,21.0,23.0,24.0,26.0,29.0,31.0,33.0,35.0,37.0,41.0,49.0,inferred
Castle Point,2021-09-14,13.0,17.0,20.0,21.0,23.0,25.0,27.0,30.0,32.0,33.0,35.0,39.0,48.0,inferred
Castle Point,2021-09-15,14.0,18.0,21.0,22.0,23.0,25.0,28.0,30.0,33.0,34.0,36.0,40.0,46.0,inferred
Castle Point,2021-09-16,12.5,17.0,20.0,22.0,23.0,25.0,27.0,29.0,31.0,33.0,34.0,38.0,46.0,inferred
Castle Point,2021-09-17,11.0,16.0,19.0,20.0,21.0,23.0,25.0,27.0,30.0,32.0,33.0,38.0,45.0,inferred
Castle Point,2021-09-18,9.0,13.0,15.8,17.0,18.0,19.0,21.0,23.0,25.0,26.0,28.0,31.0,38.0,inferred
Castle Point,2021-09-19,10.0,13.0,16.0,17.0,18.0,20.0,22.0,24.0,26.0,28.0,29.0,33.0,39.0,inferred
Castle Point,2021-09-20,15.0,20.0,23.0,24.0,25.0,28.0,30.0,32.0,35.0,36.0,38.0,42.0,50.0,inferred
Castle Point,2021-09-21,13.0,19.0,22.0,23.0,24.0,27.0,29.0,31.0,34.0,36.0,37.0,42.0,50.0,inferred
Castle Point,2021-09-22,14.0,19.0,22.0,24.0,25.0,27.0,29.0,32.0,35.0,36.0,38.0,42.0,50.0,inferred
Castle Point,2021-09-23,14.0,19.0,22.0,23.0,25.0,26.0,29.0,31.0,33.0,35.0,36.0,40.0,48.0,inferred
Castle Point,2021-09-24,12.0,17.0,20.0,21.0,22.0,24.0,27.0,29.0,31.0,33.0,34.2,39.0,45.0,inferred
Castle Point,2021-09-25,10.0,14.0,17.0,18.0,19.0,21.0,22.5,24.0,27.0,28.0,30.0,34.0,40.0,inferred
Castle Point,2021-09-26,10.0,15.0,17.0,18.0,19.0,21.0,24.0,26.0,28.0,30.0,31.0,35.0,42.5,inferred
Castle Point,2021-09-27,17.0,22.0,25.0,27.0,28.0,30.0,33.0,35.0,38.0,39.0,41.0,46.0,54.0,inferred
Castle Point,2021-09-28,16.0,21.0,24.0,25.0,27.0,29.0,32.0,35.0,37.0,39.0,41.0,45.0,53.5,inferred
Castle Point,2021-09-29,17.0,21.0,25.0,27.0,28.0,30.0,33.0,35.0,38.0,39.0,41.0,46.0,55.0,inferred
Castle Point,2021-09-30,16.0,20.9,25.0,26.0,28.0,30.0,32.0,35.0,38.0,39.0,41.0,46.0,54.0,inferred
Castle Point,2021-10-01,15.0,19.9,23.0,24.0,26.0,28.0,30.0,32.0,34.0,36.0,37.0,43.0,50.0,inferred
Castle Point,2021-10-02,12.0,16.0,19.0,21.0,22.0,24.0,26.0,28.0,31.0,32.0,34.0,38.0,44.0,inferred
Castle Point,2021-10-03,13.0,18.0,21.0,22.0,23.0,25.0,27.0,30.0,32.0,34.0,35.0,39.0,47.5,inferred
Castle Point,2021-10-04,21.5,27.0,30.0,31.0,33.0,36.0,38.0,41.0,44.0,46.0,48.0,53.0,62.0,inferred
Castle Point,2021-10-05,21.0,27.0,30.0,31.0,32.0,35.0,37.0,40.0,43.0,44.0,47.0,52.0,59.5,inferred
Castle Point,2021-10-06,23.0,28.0,32.0,34.0,35.0,38.0,41.0,43.0,46.0,48.0,49.0,55.0,63.5,inferred
Castle Point,2021-10-07,22.0,28.0,33.0,34.0,36.0,39.0,41.0,44.0,47.0,48.0,51.0,56.0,66.0,inferred
Castle Point,2021-10-08,22.0,28.0,32.0,33.0,35.0,37.0,40.0,42.0,45.0,47.0,49.0,55.0,63.0,inferred
Castle Point,2021-10-09,18.0,24.0,27.0,29.0,30.0,33.0,35.0,38.0,41.0,42.0,44.0,48.0,55.0,inferred
Castle Point,2021-10-10,21.0,26.0,30.0,31.0,33.0,36.0,38.0,41.0,44.0,46.0,48.0,53.0,62.0,inferred
Castle Point,2021-10-11,33.0,39.0,44.0,46.0,48.0,51.0,55.0,58.0,61.0,64.0,66.0,72.0,84.0,inferred
Castle Point,2021-10-12,33.0,40.0,45.0,47.0,49.0,52.0,55.0,58.0,62.0,64.0,66.0,72.0,83.0,inferred
Castle Point,2021-10-13,35.0,42.0,48.0,50.0,52.0,55.0,58.0,61.0,65.0,67.0,70.0,77.0,87.5,inferred
Castle Point,2021-10-14,34.0,42.0,48.0,50.0,51.0,55.0,58.0,62.0,66.0,68.0,71.0,77.0,88.0,inferred
Castle Point,2021-10-15,34.0,40.0,45.0,48.0,49.0,53.0,56.0,60.0,64.0,66.0,69.0,76.0,89.0,inferred
Central Bedfordshire,2021-07-03,71.0,78.0,83.0,85.0,87.0,90.0,94.0,98.0,102.0,104.0,106.0,113.0,123.0,inferred
Central Bedfordshire,2021-07-04,79.5,88.0,93.0,95.0,98.0,101.0,105.0,109.0,112.0,114.0,116.2,123.0,132.0,inferred
Central Bedfordshire,2021-07-05,117.0,128.0,134.0,137.0,139.0,143.0,147.0,151.0,155.0,158.0,160.0,168.0,180.0,inferred
Central Bedfordshire,2021-07-06,120.5,130.0,136.0,138.0,140.7,144.0,148.0,151.0,155.0,158.0,160.0,169.0,178.0,inferred
Central Bedfordshire,2021-07-07,129.5,139.0,146.0,149.0,151.0,155.0,160.0,164.0,168.0,171.0,173.0,181.0,193.0,inferred
Central Bedfordshire,2021-07-08,132.0,143.0,149.0,152.0,155.0,159.0,163.0,168.0,172.0,175.0,178.0,186.0,197.0,inferred
Central Bedfordshire,2021-07-09,129.0,139.0,147.0,150.0,152.0,157.0,161.0,165.0,169.0,171.0,175.0,182.0,191.0,inferred
Central Bedfordshire,2021-07-10,114.0,125.0,132.0,135.0,137.0,141.0,146.0,150.0,154.0,157.0,160.0,167.0,177.0,inferred
Central Bedfordshire,2021-07-11,131.0,140.0,147.0,150.0,152.0,157.0,162.0,166.0,170.0,173.0,176.0,184.0,196.0,inferred
Central Bedfordshire,2021-07-12,193.0,205.0,214.0,217.0,221.0,226.0,232.0,238.0,242.0,245.0,249.0,260.0,275.5,inferred
Central Bedfordshire,2021-07-13,187.0,200.0,209.0,213.0,216.0,221.0,227.0,233.0,240.0,244.0,247.0,257.0,273.0,inferred
Central Bedfordshire,2021-07-14,192.0,205.0,213.0,218.0,220.0,226.0,230.0,236.0,242.0,246.0,249.0,259.0,275.0,inferred
Central Bedfordshire,2021-07-15,183.0,193.0,202.0,205.0,208.0,213.0,219.0,224.0,229.0,232.0,236.0,245.0,261.0,inferred
Central Bedfordshire,2021-07-16,163.0,174.0,181.0,184.8,187.0,193.0,198.0,203.0,208.0,212.0,215.0,223.0,237.5,inferred
Central Bedfordshire,2021-07-17,136.0,144.0,151.0,153.0,156.0,161.0,166.0,170.0,174.0,176.0,179.0,186.0,199.5,inferred
Central Bedfordshire,2021-07-18,137.5,147.9,155.0,157.0,160.0,164.0,168.5,173.0,178.0,182.0,184.0,192.0,204.0,inferred
Central Bedfordshire,2021-07-19,183.0,196.0,205.0,208.0,212.0,218.0,223.0,228.0,234.0,237.0,241.0,249.0,265.5,inferred
Central Bedfordshire,2021-07-20,166.0,178.0,187.0,190.0,192.7,199.0,203.0,208.0,212.3,216.0,220.0,229.0,241.5,inferred
Central Bedfordshire,2021-07-21,155.0,167.0,175.0,178.0,181.0,186.0,191.0,196.0,202.0,205.0,208.0,215.0,228.5,inferred
Central Bedfordshire,2021-07-22,137.0,148.0,155.0,158.0,160.0,165.0,169.0,173.0,178.0,181.0,183.0,191.1,203.0,inferred
Central Bedfordshire,2021-07-23,112.0,121.0,128.0,131.0,133.0,137.0,142.0,146.0,150.0,152.0,155.0,163.0,175.0,inferred
Central Bedfordshire,2021-07-24,84.0,92.0,98.0,100.8,103.0,107.0,111.0,114.0,118.0,120.0,123.0,128.0,137.0,inferred
Central Bedfordshire,2021-07-25,80.0,88.0,94.0,97.0,98.0,102.0,105.0,109.0,112.0,114.0,116.0,123.0,133.0,inferred
Central Bedfordshire,2021-07-26,102.0,112.0,118.0,121.0,123.0,127.0,131.0,135.0,139.0,142.0,145.0,152.1,163.0,inferred
Central Bedfordshire,2021-07-27,91.0,101.0,107.0,109.8,112.0,115.0,119.0,123.0,127.0,129.0,131.0,138.0,151.0,inferred
Central Bedfordshire,2021-07-28,90.5,99.0,105.0,108.0,110.0,114.0,118.0,121.0,125.0,128.0,130.0,137.0,149.0,inferred
Central Bedfordshire,2021-07-29,84.5,94.0,100.0,102.0,104.0,108.0,111.0,115.0,118.0,121.0,123.0,129.0,140.5,inferred
Central Bedfordshire,2021-07-30,76.0,83.0,89.0,91.0,93.0,97.0,100.0,104.0,108.0,110.0,112.2,119.0,127.0,inferred
Central Bedfordshire,2021-07-31,62.0,69.0,74.0,76.0,78.0,81.0,84.0,87.0,91.0,92.0,94.0,100.0,109.0,inferred
Central Bedfordshire,2021-08-01,63.0,70.0,75.0,77.0,78.0,82.0,85.0,88.0,92.0,94.0,96.0,102.0,111.0,inferred
Central Bedfordshire,2021-08-02,87.0,95.0,102.0,104.0,106.0,110.0,113.0,117.0,121.0,123.0,126.0,133.0,142.0,inferred
Central Bedfordshire,2021-08-03,82.0,90.0,95.0,98.0,99.0,103.0,107.0,111.0,115.0,117.0,120.0,126.0,137.0,inferred
Central Bedfordshire,2021-08-04,82.0,91.9,97.0,99.0,102.0,106.0,109.0,113.0,116.0,118.0,121.0,127.0,138.0,inferred
Central Bedfordshire,2021-08-05,80.0,88.0,94.0,96.0,98.0,102.0,106.0,110.0,113.0,115.0,118.0,125.0,135.0,inferred
Central Bedfordshire,2021-08-06,72.0,81.0,86.0,89.0,90.0,94.0,97.0,100.0,103.0,105.0,107.0,113.0,123.0,inferred
Central Bedfordshire,2021-08-07,59.0,67.0,72.0,74.0,76.0,80.0,83.0,87.0,90.0,92.0,94.0,100.0,108.5,inferred
Central Bedfordshire,2021-08-08,65.0,72.0,77.0,79.0,80.0,84.0,87.0,90.0,94.0,96.0,98.0,104.0,113.0,inferred
Central Bedfordshire,2021-08-09,89.0,98.0,105.0,108.0,110.0,114.0,118.0,121.0,126.0,128.0,131.0,137.0,147.5,inferred
Central Bedfordshire,2021-08-10,87.0,96.0,102.0,105.0,107.0,111.0,115.0,118.0,123.0,125.0,127.0,134.0,147.0,inferred
Central Bedfordshire,2021-08-11,90.0,100.0,106.0,109.0,111.0,115.0,118.0,122.0,126.0,128.0,131.0,137.0,149.0,inferred
Central Bedfordshire,2021-08-12,90.0,98.0,104.0,107.0,109.0,113.0,117.0,121.0,124.3,127.0,129.0,137.0,146.0,inferred
Central Bedfordshire,2021-08-13,85.0,93.0,99.0,101.0,103.0,106.0,110.0,113.0,117.0,119.0,122.0,129.0,139.5,inferred
Central Bedfordshire,2021-08-14,71.5,79.0,85.0,88.0,89.0,92.0,95.0,98.0,102.0,104.0,106.0,112.0,120.0,inferred
Central Bedfordshire,2021-08-15,77.5,85.0,91.0,93.0,94.0,98.0,101.0,105.0,109.0,110.0,113.0,119.0,129.0,inferred
Central Bedfordshire,2021-08-16,107.0,119.0,126.0,129.0,131.0,136.0,140.0,144.0,149.0,151.0,155.0,162.0,173.0,inferred
Central Bedfordshire,2021-08-17,105.0,115.0,122.0,124.0,126.0,130.0,134.0,138.4,143.0,146.0,148.0,155.0,168.0,inferred
Central Bedfordshire,2021-08-18,104.0,116.0,122.0,125.0,127.0,131.0,135.0,139.0,143.0,146.0,148.0,155.0,168.0,inferred
Central Bedfordshire,2021-08-19,101.0,110.0,117.0,119.0,121.0,125.0,129.0,133.0,138.0,141.0,143.0,150.0,161.5,inferred
Central Bedfordshire,2021-08-20,92.0,100.9,106.0,108.0,110.0,114.0,118.0,122.0,126.0,128.0,131.0,137.0,147.0,inferred
Central Bedfordshire,2021-08-21,75.0,84.0,90.0,92.0,94.0,97.0,101.0,104.0,107.0,109.0,111.0,117.0,127.0,inferred
Central Bedfordshire,2021-08-22,78.0,85.9,91.0,94.0,95.0,99.0,102.0,106.0,110.0,113.0,115.0,121.0,132.0,inferred
Central Bedfordshire,2021-08-23,108.0,118.0,124.8,127.0,129.0,134.0,138.0,141.0,146.0,149.0,151.0,158.0,170.5,inferred
Central Bedfordshire,2021-08-24,102.0,112.0,118.0,121.0,123.0,128.0,132.0,136.0,140.0,142.0,145.0,153.0,166.0,inferred
Central Bedfordshire,2021-08-25,104.0,113.0,121.0,123.0,125.0,129.0,133.0,137.0,141.0,143.0,146.0,154.0,164.0,inferred
Central Bedfordshire,2021-08-26,99.5,110.0,116.0,119.0,121.0,125.0,128.0,133.0,137.0,139.0,141.0,148.0,161.5,inferred
Central Bedfordshire,2021-08-27,92.0,101.0,107.0,109.0,111.0,114.0,118.0,121.0,125.0,128.0,130.2,138.0,148.5,inferred
Central Bedfordshire,2021-08-28,76.5,85.0,90.0,92.0,94.0,97.0,101.0,104.0,108.0,110.0,113.0,119.0,130.0,inferred
Central Bedfordshire,2021-08-29,78.5,89.0,94.0,96.0,98.0,102.0,106.0,109.0,113.0,115.0,117.0,124.0,135.5,inferred
Central Bedfordshire,2021-08-30,112.0,122.0,129.0,131.0,134.0,138.0,143.0,147.0,152.3,155.0,158.0,166.0,176.5,inferred
Central Bedfordshire,2021-08-31,108.0,117.0,124.0,126.0,129.0,133.0,137.0,141.4,146.0,148.0,152.0,159.0,171.5,inferred
Central Bedfordshire,2021-09-01,110.5,120.0,127.0,129.0,132.0,136.0,139.0,143.0,148.0,150.0,153.0,161.0,172.0,inferred
Central Bedfordshire,2021-09-02,106.0,115.0,122.0,125.0,126.0,131.0,135.0,139.0,143.3,146.0,148.0,156.0,166.5,inferred
Central Bedfordshire,2021-09-03,96.0,106.0,111.8,114.0,116.0,120.0,124.0,128.0,132.0,135.0,137.0,145.0,156.5,inferred
Central Bedfordshire,2021-09-04,80.0,89.0,94.0,96.0,98.0,102.0,105.0,109.0,112.0,115.0,117.0,123.0,132.5,inferred
Central Bedfordshire,2021-09-05,83.0,92.0,97.0,100.0,102.0,106.0,109.0,112.0,117.0,119.0,121.0,128.0,139.0,inferred
Central Bedfordshire,2021-09-06,115.0,125.0,132.0,135.0,137.0,142.0,146.0,150.0,155.0,157.0,160.0,168.0,183.0,inferred
Central Bedfordshire,2021-09-07,108.0,117.0,123.0,126.0,129.0,133.0,137.0,141.0,145.0,148.0,151.0,159.0,169.0,inferred
Central Bedfordshire,2021-09-08,105.5,115.0,121.0,123.0,125.7,130.0,134.0,138.0,142.0,145.0,147.0,155.0,166.0,inferred
Central Bedfordshire,2021-09-09,97.0,105.0,112.0,114.0,117.0,121.0,124.0,128.0,132.0,134.0,137.0,145.0,155.0,inferred
Central Bedfordshire,2021-09-10,85.0,93.0,98.0,101.0,103.0,106.0,110.0,113.0,117.0,120.0,122.0,128.0,139.0,inferred
Central Bedfordshire,2021-09-11,68.0,75.0,80.8,83.0,84.7,88.0,91.0,94.0,97.0,99.0,101.0,108.0,118.0,inferred
Central Bedfordshire,2021-09-12,67.0,75.0,80.0,82.0,84.0,87.0,90.0,94.0,97.0,99.0,101.0,107.0,117.5,inferred
Central Bedfordshire,2021-09-13,91.0,99.0,105.0,108.0,110.0,115.0,118.0,122.0,126.0,129.0,131.0,139.0,150.0,inferred
Central Bedfordshire,2021-09-14,88.0,95.0,102.0,104.0,106.0,110.0,113.0,117.0,121.0,123.0,126.0,133.0,144.5,inferred
Central Bedfordshire,2021-09-15,90.0,101.0,107.0,110.0,112.0,115.0,119.0,123.0,126.3,129.0,131.0,138.0,148.5,inferred
Central Bedfordshire,2021-09-16,92.0,101.0,107.0,110.0,112.0,115.0,119.0,123.0,127.0,129.0,131.0,137.0,148.0,inferred
Central Bedfordshire,2021-09-17,88.0,96.9,102.8,105.0,107.0,110.0,114.0,118.0,121.0,124.0,126.0,133.0,143.0,inferred
Central Bedfordshire,2021-09-18,77.0,84.0,89.0,92.0,94.0,97.0,101.0,104.0,107.0,109.0,112.0,119.0,130.0,inferred
Central Bedfordshire,2021-09-19,83.5,91.0,97.0,99.0,101.0,105.0,109.0,112.0,116.0,119.0,121.0,128.0,140.0,inferred
Central Bedfordshire,2021-09-20,117.0,129.0,137.0,139.0,141.0,146.0,150.0,155.0,159.0,162.0,165.0,172.0,183.5,inferred
Central Bedfordshire,2021-09-21,115.0,125.0,132.0,135.0,137.0,142.0,146.0,150.0,154.0,157.0,159.0,167.0,181.0,inferred
Central Bedfordshire,2021-09-22,116.0,126.0,134.0,137.0,139.0,143.0,148.0,152.0,156.0,158.0,161.0,169.0,182.0,inferred
Central Bedfordshire,2021-09-23,110.0,120.0,127.0,129.0,132.0,136.0,141.0,144.0,148.0,151.0,154.0,161.0,173.0,inferred
Central Bedfordshire,2021-09-24,100.0,109.0,115.0,117.0,119.0,123.0,127.0,131.0,136.0,138.0,141.0,149.0,161.5,inferred
Central Bedfordshire,2021-09-25,83.0,91.0,96.0,98.0,100.0,103.0,107.0,110.0,114.0,116.0,118.0,124.0,135.0,inferred
Central Bedfordshire,2021-09-26,85.0,93.0,98.8,101.0,102.0,106.0,110.0,114.0,118.0,120.0,122.0,129.0,140.0,inferred
Central Bedfordshire,2021-09-27,116.0,125.0,133.0,136.0,138.0,142.6,146.0,151.0,156.0,159.0,162.0,169.0,180.5,inferred
Central Bedfordshire,2021-09-28,109.0,119.0,127.0,129.0,131.0,135.0,140.0,144.0,148.3,151.0,153.0,161.0,172.0,inferred
Central Bedfordshire,2021-09-29,112.0,121.0,128.0,130.0,133.0,137.0,141.0,146.0,150.0,152.2,155.0,163.0,175.0,inferred
Central Bedfordshire,2021-09-30,105.0,115.0,122.0,124.0,127.0,130.0,134.0,138.0,143.0,145.0,148.0,155.0,167.0,inferred
Central Bedfordshire,2021-10-01,95.0,105.0,111.0,114.0,117.0,120.0,124.0,128.0,132.0,134.0,137.0,144.0,154.0,inferred
Central Bedfordshire,2021-10-02,79.0,88.0,94.0,96.0,98.0,101.0,105.0,108.0,112.0,114.0,116.0,122.0,132.5,inferred
Central Bedfordshire,2021-10-03,83.0,92.0,98.0,100.0,102.0,106.0,110.0,113.0,117.0,120.0,122.0,128.0,138.5,inferred
Central Bedfordshire,2021-10-04,114.0,125.9,133.0,135.0,138.0,142.0,147.0,151.0,155.0,158.0,161.0,169.0,181.0,inferred
Central Bedfordshire,2021-10-05,114.0,123.0,130.0,132.0,135.0,139.0,144.0,148.0,152.0,155.0,157.0,165.0,177.0,inferred
Central Bedfordshire,2021-10-06,116.0,128.0,135.0,139.0,141.0,146.0,150.0,154.0,160.0,162.0,166.0,173.0,184.0,inferred
Central Bedfordshire,2021-10-07,118.0,128.0,135.0,137.0,140.0,144.0,148.0,153.0,158.0,160.0,164.0,171.0,183.0,inferred
Central Bedfordshire,2021-10-08,113.0,121.0,128.0,130.0,132.0,137.0,141.0,145.0,149.0,151.0,154.0,161.0,174.0,inferred
Central Bedfordshire,2021-10-09,94.0,105.0,111.0,114.0,116.0,120.0,124.0,127.0,132.0,134.0,136.0,144.0,154.0,inferred
Central Bedfordshire,2021-10-10,103.0,113.0,120.0,122.0,125.0,129.0,133.0,136.0,141.0,143.0,146.0,153.1,165.0,inferred
Central Bedfordshire,2021-10-11,150.0,160.0,168.0,171.0,174.0,179.0,184.0,188.0,193.0,196.0,199.0,208.0,223.0,inferred
Central Bedfordshire,2021-10-12,139.5,153.0,163.0,165.0,168.0,173.6,178.0,182.0,188.0,191.0,194.0,203.0,218.0,inferred
Central Bedfordshire,2021-10-13,144.0,159.0,166.0,170.0,172.0,177.0,182.0,187.4,192.0,195.0,199.0,208.0,224.5,inferred
Central Bedfordshire,2021-10-14,140.0,151.0,159.0,162.0,165.0,170.0,174.0,180.0,186.0,189.0,192.0,201.1,216.5,inferred
Central Bedfordshire,2021-10-15,126.0,136.0,145.0,149.0,152.0,157.0,162.0,168.0,173.0,176.0,180.0,189.0,205.0,inferred
Ceredigion,2021-07-03,0.0,1.0,2.0,2.0,3.0,4.0,4.0,5.0,6.0,7.0,8.0,10.0,14.0,inferred
Ceredigion,2021-07-04,1.0,2.0,3.0,3.0,4.0,5.0,6.0,6.0,8.0,8.0,9.0,12.0,16.0,inferred
Ceredigion,2021-07-05,2.0,4.0,6.0,7.0,7.0,8.0,9.0,11.0,12.0,13.0,14.0,16.0,21.0,inferred
Ceredigion,2021-07-06,3.0,5.0,7.0,7.0,8.0,9.0,11.0,12.0,13.0,14.0,15.0,18.0,22.0,inferred
Ceredigion,2021-07-07,3.0,5.0,7.0,7.0,8.0,9.0,10.0,12.0,13.0,14.0,15.0,18.0,23.0,inferred
Ceredigion,2021-07-08,3.0,5.0,7.0,8.0,8.0,10.0,11.0,12.0,13.0,14.0,15.0,18.0,22.0,inferred
Ceredigion,2021-07-09,2.0,4.0,6.0,7.0,7.0,8.0,10.0,11.0,12.0,13.0,14.0,17.0,22.0,inferred
Ceredigion,2021-07-10,2.0,4.0,5.0,6.0,6.0,7.0,8.0,10.0,11.0,11.2,12.0,15.0,20.0,inferred
Ceredigion,2021-07-11,2.0,4.0,5.0,6.0,6.0,8.0,9.0,10.0,11.0,12.0,13.0,16.0,20.0,inferred
Ceredigion,2021-07-12,4.0,6.0,9.0,9.0,10.0,11.0,13.0,15.0,16.0,17.0,18.0,21.1,26.5,inferred
Ceredigion,2021-07-13,4.0,7.0,8.0,9.0,10.0,11.0,13.0,14.0,16.0,17.0,18.0,21.0,26.0,inferred
Ceredigion,2021-07-14,4.0,7.0,9.0,9.0,10.0,12.0,13.0,14.0,16.0,17.0,18.0,21.0,26.5,inferred
Ceredigion,2021-07-15,4.0,6.0,8.0,9.0,10.0,11.0,12.0,14.0,15.0,16.0,17.0,20.0,25.0,inferred
Ceredigion,2021-07-16,3.0,5.0,7.0,8.0,8.0,9.0,11.0,12.0,13.0,14.0,15.0,18.0,24.0,inferred
Ceredigion,2021-07-17,2.0,4.0,5.0,6.0,7.0,8.0,9.0,10.0,11.0,12.0,13.0,16.0,20.0,inferred
Ceredigion,2021-07-18,2.0,4.0,5.0,6.0,7.0,8.0,9.0,10.0,11.0,12.0,13.0,16.0,20.0,inferred
Ceredigion,2021-07-19,4.0,7.0,8.0,9.0,10.0,11.0,13.0,14.0,16.0,17.0,17.2,20.0,26.0,inferred
Ceredigion,2021-07-20,4.0,6.0,8.0,9.0,9.0,11.0,12.0,14.0,15.0,16.0,17.0,20.0,26.0,inferred
Ceredigion,2021-07-21,3.0,6.0,7.0,8.0,9.0,10.0,12.0,13.0,14.3,15.0,16.0,20.0,24.0,inferred
Ceredigion,2021-07-22,3.0,5.0,7.0,7.0,8.0,9.0,11.0,12.0,13.0,14.0,15.0,18.0,23.0,inferred
Ceredigion,2021-07-23,2.0,4.0,5.0,6.0,7.0,8.0,9.0,10.0,12.0,13.0,14.0,16.0,21.5,inferred
Ceredigion,2021-07-24,1.0,3.0,4.0,5.0,5.0,6.0,7.0,8.0,10.0,10.0,11.0,13.1,17.0,inferred
Ceredigion,2021-07-25,1.0,3.0,4.0,5.0,5.0,6.0,7.0,8.0,10.0,10.0,11.0,14.0,18.0,inferred
Ceredigion,2021-07-26,2.0,4.0,6.0,7.0,7.0,8.0,9.0,11.0,12.0,13.0,14.0,17.0,21.0,inferred
Ceredigion,2021-07-27,2.0,4.0,6.0,6.8,7.0,8.0,10.0,11.0,12.0,13.0,14.0,17.0,21.5,inferred
Ceredigion,2021-07-28,2.0,4.0,6.0,7.0,7.0,8.0,10.0,11.0,12.0,13.0,14.0,17.0,22.0,inferred
Ceredigion,2021-07-29,2.0,4.0,5.0,6.0,7.0,8.0,9.0,10.0,12.0,12.0,13.0,16.0,19.0,inferred
Ceredigion,2021-07-30,2.0,3.0,5.0,5.0,6.0,7.0,8.0,9.0,11.0,11.0,12.0,15.0,19.5,inferred
Ceredigion,2021-07-31,1.0,2.0,4.0,4.0,5.0,6.0,7.0,8.0,9.0,10.0,11.0,13.0,18.0,inferred
Ceredigion,2021-08-01,1.0,3.0,4.0,4.0,5.0,6.0,7.0,8.0,9.0,10.0,10.2,13.0,17.0,inferred
Ceredigion,2021-08-02,2.5,4.0,6.0,7.0,7.0,8.0,9.0,11.0,12.0,13.0,14.0,16.1,22.0,inferred
Ceredigion,2021-08-03,2.0,4.0,6.0,7.0,7.0,8.0,10.0,11.0,12.0,13.0,14.0,17.0,21.0,inferred
Ceredigion,2021-08-04,3.0,5.0,6.0,7.0,7.0,9.0,10.0,11.0,13.0,14.0,15.0,17.0,23.0,inferred
Ceredigion,2021-08-05,3.0,5.0,7.0,7.0,8.0,9.0,10.0,11.0,13.0,14.0,15.0,18.0,22.0,inferred
Ceredigion,2021-08-06,3.0,4.0,6.0,7.0,7.0,9.0,10.0,11.0,13.0,13.0,14.0,17.0,22.0,inferred
Ceredigion,2021-08-07,2.0,4.0,6.0,6.0,7.0,8.0,9.0,10.0,12.0,12.0,13.0,16.0,20.0,inferred
Ceredigion,2021-08-08,3.0,5.0,6.0,7.0,7.7,9.0,10.0,11.0,13.0,13.0,14.0,17.0,22.0,inferred
Ceredigion,2021-08-09,5.0,8.0,10.0,11.0,12.0,13.0,15.0,17.0,18.0,20.0,21.0,24.0,29.0,inferred
Ceredigion,2021-08-10,6.0,9.0,11.0,12.0,13.0,15.0,16.0,18.0,20.0,21.0,22.0,26.0,32.0,inferred
Ceredigion,2021-08-11,7.0,10.0,13.0,14.0,14.0,16.0,18.0,20.0,22.0,23.0,24.0,27.0,33.0,inferred
Ceredigion,2021-08-12,8.0,11.0,14.0,15.0,15.0,17.0,19.0,20.0,22.0,23.0,25.0,28.0,34.0,inferred
Ceredigion,2021-08-13,8.0,11.0,13.0,14.0,15.0,17.0,18.0,20.0,22.0,23.0,24.0,28.0,34.5,inferred
Ceredigion,2021-08-14,7.0,10.0,12.0,13.0,14.0,15.0,17.0,18.0,21.0,22.0,23.0,27.0,32.0,inferred
Ceredigion,2021-08-15,7.0,11.0,13.0,14.0,15.0,17.0,18.0,20.0,22.0,23.0,25.0,28.0,35.0,inferred
Ceredigion,2021-08-16,14.0,18.0,21.0,22.0,24.0,26.0,28.0,30.0,33.0,34.0,35.0,39.1,46.0,inferred
Ceredigion,2021-08-17,14.5,19.0,23.0,24.0,25.0,27.0,30.0,32.0,35.0,36.0,38.0,42.0,48.0,inferred
Ceredigion,2021-08-18,16.0,20.0,24.0,25.0,26.0,28.0,31.0,33.0,35.0,37.0,39.0,44.0,50.0,inferred
Ceredigion,2021-08-19,16.0,21.0,24.0,26.0,27.0,29.0,31.0,34.0,36.0,37.0,39.0,44.0,51.0,inferred
Ceredigion,2021-08-20,14.0,19.0,22.0,23.0,24.0,26.6,28.0,31.0,33.0,34.0,36.0,40.0,48.0,inferred
Ceredigion,2021-08-21,12.0,16.0,19.0,20.0,21.0,23.0,25.0,27.0,30.0,31.0,32.0,36.0,43.0,inferred
Ceredigion,2021-08-22,13.0,17.0,20.0,21.0,22.0,24.0,26.0,28.0,31.0,32.0,34.0,38.0,44.0,inferred
Ceredigion,2021-08-23,21.0,26.0,30.0,32.0,33.0,35.0,38.0,41.0,44.0,45.0,47.0,52.0,59.0,inferred
Ceredigion,2021-08-24,22.0,28.0,31.0,32.0,34.0,36.0,39.0,41.0,44.0,46.0,47.0,52.0,59.0,inferred
Ceredigion,2021-08-25,23.0,27.0,31.0,33.0,34.0,37.0,39.0,42.0,45.0,46.0,48.0,53.0,62.0,inferred
Ceredigion,2021-08-26,22.0,27.0,31.0,32.0,34.0,36.0,39.0,41.0,44.0,45.0,47.0,52.0,60.0,inferred
Ceredigion,2021-08-27,19.0,24.0,28.0,29.0,30.0,32.0,35.0,37.0,40.0,41.0,43.0,47.0,57.0,inferred
Ceredigion,2021-08-28,16.0,20.0,23.0,24.0,25.0,28.0,30.0,32.0,34.3,36.0,37.0,42.0,48.0,inferred
Ceredigion,2021-08-29,16.0,20.0,23.0,24.0,25.0,28.0,30.0,33.0,35.0,37.0,38.0,43.0,50.0,inferred
Ceredigion,2021-08-30,25.0,31.0,35.0,36.8,38.0,40.0,43.0,45.0,48.0,50.0,52.0,58.0,68.0,inferred
Ceredigion,2021-08-31,26.0,32.0,36.0,37.0,38.0,41.0,44.0,47.0,49.0,51.0,53.0,58.0,67.0,inferred
Ceredigion,2021-09-01,27.0,33.0,37.0,39.0,40.0,43.0,46.0,48.0,51.0,53.0,55.0,61.0,70.0,inferred
Ceredigion,2021-09-02,28.0,34.0,38.0,39.0,41.0,44.0,46.0,49.0,52.0,54.0,56.0,61.0,68.0,inferred
Ceredigion,2021-09-03,24.0,30.0,34.0,36.0,37.0,39.0,42.0,45.0,48.0,49.0,51.0,56.0,65.5,inferred
Ceredigion,2021-09-04,21.0,26.0,29.0,30.0,32.0,34.0,37.0,39.0,42.0,43.0,46.0,50.0,59.0,inferred
Ceredigion,2021-09-05,22.0,26.0,30.0,31.0,32.0,34.0,37.0,39.0,42.0,44.0,46.0,50.1,58.0,inferred
Ceredigion,2021-09-06,32.0,39.0,44.0,45.0,47.0,50.0,52.0,55.0,59.0,61.0,63.0,69.0,79.0,inferred
Ceredigion,2021-09-07,32.5,39.0,43.0,45.0,46.0,49.0,52.0,55.0,58.3,61.0,63.0,68.1,78.0,inferred
Ceredigion,2021-09-08,32.0,38.0,42.0,44.0,45.0,48.0,51.0,54.0,57.0,59.0,61.0,66.0,75.0,inferred
Ceredigion,2021-09-09,29.0,35.0,40.0,41.0,42.7,45.0,48.0,51.0,54.0,55.0,57.0,63.0,72.0,inferred
Ceredigion,2021-09-10,23.0,29.0,33.0,35.0,36.0,38.0,41.0,44.0,46.0,48.0,50.0,55.0,64.0,inferred
Ceredigion,2021-09-11,18.5,24.0,28.0,29.0,30.0,32.0,35.0,37.0,39.3,41.0,43.0,47.0,55.0,inferred
Ceredigion,2021-09-12,18.0,23.0,26.0,28.0,29.0,31.0,33.0,35.0,38.0,40.0,41.0,45.0,54.0,inferred
Ceredigion,2021-09-13,27.0,33.0,37.0,39.0,40.0,43.0,46.0,49.0,51.0,53.0,56.0,61.0,69.0,inferred
Ceredigion,2021-09-14,27.0,33.0,37.0,39.0,40.0,43.0,45.0,48.0,51.0,53.0,55.0,60.0,68.0,inferred
Ceredigion,2021-09-15,26.0,33.0,37.0,39.0,40.0,43.0,46.0,49.0,51.0,53.0,55.0,60.0,70.0,inferred
Ceredigion,2021-09-16,27.0,33.0,37.0,38.0,40.0,43.0,45.0,48.0,51.0,52.0,54.0,59.0,68.0,inferred
Ceredigion,2021-09-17,24.0,29.0,33.0,34.0,36.0,38.0,41.0,43.0,46.0,48.0,50.0,55.0,62.0,inferred
Ceredigion,2021-09-18,19.0,24.0,28.0,29.0,31.0,33.0,36.0,38.0,41.0,42.0,44.0,48.0,57.0,inferred
Ceredigion,2021-09-19,20.0,25.0,28.0,30.0,31.0,34.0,36.0,38.0,41.0,43.0,45.0,49.0,57.0,inferred
Ceredigion,2021-09-20,31.0,38.0,41.0,44.0,45.0,48.0,51.0,53.0,57.0,59.0,61.0,66.0,75.0,inferred
Ceredigion,2021-09-21,30.5,37.0,41.0,43.0,45.0,48.0,50.0,53.0,56.0,58.0,60.0,65.0,74.0,inferred
Ceredigion,2021-09-22,29.0,36.0,40.0,42.0,43.0,46.0,49.0,51.0,55.0,56.0,58.0,64.0,73.0,inferred
Ceredigion,2021-09-23,28.0,33.0,37.0,39.0,40.0,43.0,45.0,48.0,51.0,53.0,55.0,61.0,69.0,inferred
Ceredigion,2021-09-24,22.5,27.0,31.0,33.0,34.0,37.0,39.0,42.0,44.0,46.0,47.0,52.0,60.0,inferred
Ceredigion,2021-09-25,17.0,22.0,25.0,26.0,28.0,30.0,32.0,35.0,37.0,38.0,40.0,44.0,53.0,inferred
Ceredigion,2021-09-26,17.0,21.0,24.0,25.0,26.0,28.0,31.0,33.0,35.0,37.0,38.0,43.0,50.0,inferred
Ceredigion,2021-09-27,24.5,30.0,33.0,35.0,36.0,39.0,41.0,44.0,47.0,48.0,51.0,56.0,65.0,inferred
Ceredigion,2021-09-28,23.5,29.0,33.0,35.0,36.0,39.0,41.0,43.0,46.0,48.0,50.0,55.0,63.0,inferred
Ceredigion,2021-09-29,23.0,28.0,33.0,34.0,35.0,38.0,40.0,42.0,45.0,46.2,49.0,54.0,61.0,inferred
Ceredigion,2021-09-30,21.5,27.0,31.0,32.0,33.0,36.0,38.0,41.0,44.0,45.0,47.0,52.0,60.0,inferred
Ceredigion,2021-10-01,19.0,23.0,27.0,28.0,30.0,32.0,34.0,37.0,39.0,41.0,42.0,47.0,54.0,inferred
Ceredigion,2021-10-02,14.0,19.0,22.0,23.0,25.0,27.0,29.0,31.0,33.0,35.0,36.0,41.0,49.0,inferred
Ceredigion,2021-10-03,16.0,19.0,22.0,24.0,25.0,27.0,29.0,31.4,34.0,35.0,37.0,41.0,47.0,inferred
Ceredigion,2021-10-04,23.0,29.0,32.0,34.0,35.0,38.0,40.0,43.0,45.3,47.0,49.0,54.0,63.5,inferred
Ceredigion,2021-10-05,23.0,29.0,33.0,35.0,36.0,38.0,41.0,43.0,46.0,47.0,49.0,55.0,63.0,inferred
Ceredigion,2021-10-06,23.0,29.0,32.0,34.0,35.0,38.0,40.0,43.0,46.0,47.0,49.0,54.0,62.0,inferred
Ceredigion,2021-10-07,22.0,27.0,31.0,33.0,34.0,37.0,39.0,41.0,44.0,45.0,47.0,53.0,61.0,inferred
Ceredigion,2021-10-08,19.0,24.0,27.0,28.0,30.0,32.0,34.0,37.0,40.0,41.0,43.0,47.0,54.0,inferred
Ceredigion,2021-10-09,15.0,19.0,22.0,24.0,25.0,27.0,29.0,31.0,34.0,35.0,37.0,40.0,47.0,inferred
Ceredigion,2021-10-10,14.5,19.0,22.0,24.0,25.0,27.0,29.0,31.0,33.0,35.0,37.0,41.0,48.0,inferred
Ceredigion,2021-10-11,22.0,28.0,32.0,33.0,35.0,37.0,40.0,43.0,46.0,47.0,49.0,53.0,61.0,inferred
Ceredigion,2021-10-12,23.0,28.0,32.0,33.0,35.0,37.0,40.0,42.4,45.0,47.0,49.0,54.0,63.0,inferred
Ceredigion,2021-10-13,21.0,27.0,31.0,33.0,34.0,37.0,39.0,42.0,45.0,46.0,49.0,54.0,62.0,inferred
Ceredigion,2021-10-14,19.0,25.0,30.0,31.0,33.0,35.0,37.0,40.0,42.0,44.0,46.0,50.0,58.0,inferred
Ceredigion,2021-10-15,17.0,22.0,25.0,27.0,28.0,31.0,33.0,35.0,38.0,39.0,41.2,46.0,55.0,inferred
Charnwood,2021-07-03,52.0,59.0,64.0,66.0,68.0,70.0,73.5,76.0,80.0,82.0,84.0,90.0,99.0,inferred
Charnwood,2021-07-04,61.0,67.9,73.0,75.0,77.0,80.0,83.0,86.0,89.0,91.0,93.0,98.0,109.0,inferred
Charnwood,2021-07-05,91.0,99.0,105.0,107.0,109.0,113.0,116.0,119.0,124.0,126.0,128.0,134.0,144.0,inferred
Charnwood,2021-07-06,88.0,95.0,101.0,103.0,105.0,109.0,112.0,115.0,119.0,121.0,123.0,129.0,140.0,inferred
Charnwood,2021-07-07,88.0,98.0,103.0,106.0,108.0,111.0,115.0,118.0,122.0,124.0,126.0,133.0,142.5,inferred
Charnwood,2021-07-08,88.0,96.0,102.0,104.0,106.0,110.0,113.0,116.0,120.0,123.0,125.0,132.0,142.0,inferred
Charnwood,2021-07-09,79.0,89.0,94.0,96.0,98.0,101.0,105.0,109.0,112.0,114.0,117.0,123.0,135.0,inferred
Charnwood,2021-07-10,68.0,76.0,82.0,83.0,85.0,89.0,92.0,95.0,98.3,100.0,102.2,109.0,120.0,inferred
Charnwood,2021-07-11,76.0,85.0,91.0,93.0,95.0,98.0,101.0,105.0,108.0,110.0,112.0,118.0,128.5,inferred
Charnwood,2021-07-12,113.0,121.0,128.0,131.0,133.0,138.0,142.0,146.0,151.0,153.0,156.0,164.0,176.5,inferred
Charnwood,2021-07-13,107.0,116.0,122.0,125.0,127.0,132.0,136.0,140.0,145.0,147.2,150.0,157.0,167.5,inferred
Charnwood,2021-07-14,105.0,115.0,121.0,124.0,126.0,130.0,134.0,138.0,143.0,145.0,148.0,155.0,166.0,inferred
Charnwood,2021-07-15,98.0,108.0,115.0,118.0,120.0,124.0,127.5,132.0,136.0,138.0,141.0,147.0,159.5,inferred
Charnwood,2021-07-16,85.0,93.9,99.8,102.0,104.0,109.0,112.0,116.0,120.0,122.0,124.0,130.0,139.0,inferred
Charnwood,2021-07-17,70.0,77.9,82.0,84.0,86.0,89.0,93.0,97.0,100.0,102.0,104.0,110.0,119.0,inferred
Charnwood,2021-07-18,71.5,79.0,85.0,87.0,89.0,93.0,96.0,100.0,104.0,106.0,108.0,114.0,125.0,inferred
Charnwood,2021-07-19,99.0,108.0,115.0,117.0,119.0,123.0,128.0,131.0,135.0,137.0,140.0,148.0,157.0,inferred
Charnwood,2021-07-20,89.0,96.0,102.0,105.0,107.0,111.0,115.0,118.4,122.0,124.0,127.0,134.0,144.5,inferred
Charnwood,2021-07-21,81.0,89.0,95.0,98.0,100.0,103.0,107.0,111.0,115.0,118.0,120.0,126.0,136.0,inferred
Charnwood,2021-07-22,73.0,81.0,86.0,88.0,90.0,93.0,97.0,101.0,104.0,106.0,109.0,114.0,125.0,inferred
Charnwood,2021-07-23,59.0,66.0,71.0,73.0,75.0,78.0,81.0,84.0,87.0,90.0,92.0,97.1,106.0,inferred
Charnwood,2021-07-24,45.0,52.0,56.0,57.0,59.0,62.0,64.5,67.0,70.0,71.0,74.0,79.0,86.0,inferred
Charnwood,2021-07-25,46.0,52.0,56.0,58.0,59.0,62.0,64.0,67.0,69.0,71.0,73.2,79.0,86.0,inferred
Charnwood,2021-07-26,58.0,66.0,72.0,73.0,75.7,79.0,82.0,85.0,88.3,90.2,93.0,99.0,109.0,inferred
Charnwood,2021-07-27,54.0,62.0,67.0,69.0,70.0,73.0,76.0,79.0,83.0,85.0,87.0,93.0,104.0,inferred
Charnwood,2021-07-28,55.0,62.0,67.0,69.0,71.0,74.0,77.0,81.0,84.0,86.0,88.0,94.0,104.0,inferred
Charnwood,2021-07-29,55.0,63.0,68.0,70.0,71.0,75.0,78.0,81.0,84.0,86.0,88.0,93.0,101.0,inferred
Charnwood,2021-07-30,52.0,58.0,63.0,64.0,66.0,69.0,71.0,74.0,77.0,79.0,81.0,87.0,96.5,inferred
Charnwood,2021-07-31,43.0,50.0,54.0,55.0,57.0,59.0,62.0,65.0,68.0,69.0,71.0,76.0,84.0,inferred
Charnwood,2021-08-01,47.0,55.0,59.0,61.0,63.0,66.0,68.0,71.0,74.0,76.0,78.0,83.0,92.0,inferred
Charnwood,2021-08-02,70.0,78.0,84.0,86.0,88.0,92.0,95.0,98.0,102.0,105.0,107.0,113.0,124.0,inferred
Charnwood,2021-08-03,67.0,75.0,80.8,82.0,84.0,88.0,91.0,95.0,98.0,100.2,103.0,109.0,117.0,inferred
Charnwood,2021-08-04,68.5,77.9,82.0,84.0,86.0,90.0,93.0,96.0,100.0,101.0,104.0,110.0,121.0,inferred
Charnwood,2021-08-05,67.0,73.0,79.0,81.0,83.0,87.0,90.0,93.0,96.0,98.0,101.0,107.1,117.5,inferred
Charnwood,2021-08-06,60.0,67.0,72.8,74.0,76.0,79.0,82.0,85.0,88.0,90.0,92.0,98.0,108.5,inferred
Charnwood,2021-08-07,50.0,56.0,61.0,63.0,64.0,67.0,71.0,74.0,77.0,78.0,80.0,85.0,93.0,inferred
Charnwood,2021-08-08,53.0,60.0,65.0,67.0,69.0,72.0,75.0,78.0,82.0,83.0,86.0,91.0,100.5,inferred
Charnwood,2021-08-09,77.5,85.0,91.8,94.0,95.0,99.0,103.0,107.0,111.0,113.0,115.0,122.0,131.5,inferred
Charnwood,2021-08-10,71.5,81.0,87.0,89.0,91.0,95.0,98.0,102.0,105.0,108.0,110.0,116.0,128.0,inferred
Charnwood,2021-08-11,73.0,81.0,86.0,89.0,90.0,94.0,98.0,101.0,105.0,107.0,109.0,116.0,129.0,inferred
Charnwood,2021-08-12,67.5,77.0,83.0,85.0,87.0,90.0,94.0,97.0,101.0,103.0,105.0,112.0,122.0,inferred
Charnwood,2021-08-13,62.0,69.0,74.0,76.0,78.0,81.0,84.0,88.0,91.0,93.0,95.0,101.0,110.0,inferred
Charnwood,2021-08-14,51.0,58.0,63.0,65.0,66.0,69.0,72.0,75.0,78.0,80.0,82.0,87.0,95.0,inferred
Charnwood,2021-08-15,54.0,61.9,67.0,69.0,71.0,74.0,77.0,80.0,83.0,85.0,87.0,92.0,102.0,inferred
Charnwood,2021-08-16,78.0,87.0,92.0,94.0,96.0,99.0,103.0,107.0,111.0,113.0,115.0,122.0,134.5,inferred
Charnwood,2021-08-17,73.0,81.9,87.0,89.0,91.0,95.0,98.0,101.4,105.0,108.0,110.0,117.0,127.0,inferred
Charnwood,2021-08-18,73.5,83.0,88.0,90.0,92.0,95.0,99.0,102.0,106.0,108.0,111.0,117.0,128.5,inferred
Charnwood,2021-08-19,73.0,81.0,86.0,88.0,90.0,94.0,97.0,100.0,103.0,106.0,108.0,114.0,125.0,inferred
Charnwood,2021-08-20,66.0,73.0,79.0,80.8,82.0,85.0,89.0,92.0,95.0,97.0,100.0,105.0,113.0,inferred
Charnwood,2021-08-21,56.0,62.0,67.0,69.0,71.0,74.0,77.0,80.0,83.0,85.0,87.0,92.0,100.0,inferred
Charnwood,2021-08-22,61.0,67.0,72.0,74.0,76.0,79.0,82.0,85.0,89.0,90.0,92.2,98.0,107.0,inferred
Charnwood,2021-08-23,84.5,94.9,100.0,102.0,105.0,109.0,113.0,116.0,121.0,123.0,125.0,133.0,146.0,inferred
Charnwood,2021-08-24,82.0,91.0,97.0,99.0,102.0,105.0,109.0,113.0,117.0,119.0,122.0,128.0,139.0,inferred
Charnwood,2021-08-25,83.0,91.0,98.0,100.0,102.0,107.0,110.0,114.0,117.3,120.0,123.0,129.0,141.0,inferred
Charnwood,2021-08-26,82.0,91.0,97.0,99.0,101.0,105.0,109.0,112.0,116.0,118.2,121.0,128.0,138.0,inferred
Charnwood,2021-08-27,76.0,83.0,89.0,91.0,93.0,97.0,100.0,104.0,107.0,109.0,111.0,117.0,128.0,inferred
Charnwood,2021-08-28,63.0,71.0,76.8,79.0,80.0,83.0,86.0,89.0,92.0,95.0,97.0,103.0,110.0,inferred
Charnwood,2021-08-29,69.0,76.9,82.0,84.0,85.0,89.0,93.0,96.0,99.0,101.0,104.0,111.0,120.5,inferred
Charnwood,2021-08-30,99.5,109.0,115.0,118.0,121.0,125.0,129.0,133.0,137.0,140.0,143.0,151.0,163.5,inferred
Charnwood,2021-08-31,97.0,106.9,112.0,115.0,117.0,121.0,125.0,129.0,133.3,136.0,139.0,146.0,157.0,inferred
Charnwood,2021-09-01,100.0,110.0,116.0,118.0,121.0,125.0,129.0,133.0,136.3,139.0,142.0,150.0,161.0,inferred
Charnwood,2021-09-02,100.0,108.9,115.8,118.0,120.0,124.0,127.5,132.0,137.0,139.0,142.0,149.0,159.0,inferred
Charnwood,2021-09-03,92.0,100.0,106.0,108.0,110.0,114.0,118.0,122.0,126.0,128.0,131.0,139.0,149.0,inferred
Charnwood,2021-09-04,78.0,88.0,93.0,95.0,98.0,101.0,105.0,108.0,111.0,113.0,115.0,121.0,131.0,inferred
Charnwood,2021-09-05,87.0,96.0,102.0,105.0,106.0,110.0,114.0,118.0,121.0,124.0,126.0,133.0,143.5,inferred
Charnwood,2021-09-06,124.0,136.0,143.0,146.0,149.0,153.0,158.0,163.0,168.0,171.0,174.0,182.0,194.0,inferred
Charnwood,2021-09-07,117.0,128.0,135.8,138.0,141.0,145.0,149.0,153.0,158.0,160.0,163.0,171.0,184.0,inferred
Charnwood,2021-09-08,114.0,125.0,132.0,135.0,137.0,141.0,145.0,150.0,154.0,157.0,159.0,166.0,180.0,inferred
Charnwood,2021-09-09,105.0,115.0,122.0,124.0,126.0,131.0,135.0,139.0,143.0,146.0,148.0,155.1,169.5,inferred
Charnwood,2021-09-10,90.0,99.0,106.0,108.0,110.0,114.0,117.0,121.0,125.0,127.0,129.0,136.0,144.5,inferred
Charnwood,2021-09-11,71.0,80.0,85.0,88.0,90.0,93.0,96.0,100.0,103.0,105.0,107.0,114.0,125.0,inferred
Charnwood,2021-09-12,74.0,82.9,88.0,90.0,92.0,96.0,99.0,103.0,107.0,108.0,110.0,117.0,130.0,inferred
Charnwood,2021-09-13,100.0,110.0,117.0,119.0,121.0,125.0,129.0,134.0,138.0,141.0,143.0,151.0,164.0,inferred
Charnwood,2021-09-14,92.5,103.0,109.0,112.0,114.0,118.0,122.0,125.0,129.0,132.0,134.0,142.0,153.0,inferred
Charnwood,2021-09-15,95.5,105.0,111.0,113.0,115.0,119.6,123.0,127.0,131.0,134.0,136.0,143.0,154.0,inferred
Charnwood,2021-09-16,93.0,102.0,108.0,110.0,112.0,116.0,119.0,123.4,128.0,130.0,132.2,139.0,148.5,inferred
Charnwood,2021-09-17,82.0,90.9,96.8,99.0,101.0,105.0,108.0,111.0,115.0,117.0,120.0,126.0,138.0,inferred
Charnwood,2021-09-18,70.5,78.0,83.0,85.0,87.0,91.0,94.0,97.0,101.0,103.0,105.0,111.0,120.0,inferred
Charnwood,2021-09-19,76.0,84.0,89.0,91.0,93.0,97.0,100.0,103.0,107.0,109.0,111.0,117.0,128.0,inferred
Charnwood,2021-09-20,105.5,116.0,122.0,125.0,128.0,132.0,136.0,140.0,145.0,148.0,151.0,158.0,170.0,inferred
Charnwood,2021-09-21,97.0,107.0,113.0,116.0,119.0,123.0,127.0,130.0,134.0,136.0,139.0,147.0,159.0,inferred
Charnwood,2021-09-22,93.0,102.0,108.0,110.8,113.0,117.0,121.0,125.0,129.0,131.0,134.0,140.0,151.0,inferred
Charnwood,2021-09-23,84.0,92.0,98.0,100.0,102.0,106.0,110.0,113.0,117.0,119.0,122.0,128.0,140.0,inferred
Charnwood,2021-09-24,69.5,77.0,82.0,85.0,87.0,90.0,93.0,96.0,100.0,102.0,104.0,111.0,121.0,inferred
Charnwood,2021-09-25,55.0,62.0,67.0,69.0,71.0,73.0,76.0,79.0,82.0,84.0,86.0,91.0,101.0,inferred
Charnwood,2021-09-26,56.0,62.0,67.0,69.0,70.0,73.6,76.0,79.0,82.0,84.0,86.2,92.0,101.0,inferred
Charnwood,2021-09-27,75.0,82.0,88.0,90.0,92.0,96.0,99.0,103.0,107.0,109.0,112.0,119.0,128.0,inferred
Charnwood,2021-09-28,67.0,75.0,81.0,83.0,84.0,88.0,92.0,95.0,99.0,101.0,103.0,110.0,120.0,inferred
Charnwood,2021-09-29,69.0,76.0,82.0,84.0,85.0,89.0,92.0,95.0,98.0,101.0,103.0,109.0,120.0,inferred
Charnwood,2021-09-30,65.0,74.0,80.0,82.0,83.0,86.0,90.0,93.0,97.0,99.0,101.0,106.0,116.0,inferred
Charnwood,2021-10-01,60.0,67.0,72.0,74.0,75.0,78.6,82.0,85.0,88.0,90.0,92.0,98.0,108.0,inferred
Charnwood,2021-10-02,49.0,57.0,61.0,63.0,65.0,67.0,70.0,73.0,76.0,77.0,79.2,85.0,94.0,inferred
Charnwood,2021-10-03,53.0,61.9,66.0,68.0,69.0,73.0,75.0,78.0,81.0,83.0,85.0,91.0,99.0,inferred
Charnwood,2021-10-04,74.5,84.0,90.0,92.0,95.0,99.0,102.0,105.0,109.0,112.0,114.0,120.0,131.0,inferred
Charnwood,2021-10-05,72.0,81.0,86.0,88.0,90.0,94.0,98.0,101.4,105.0,108.0,110.0,116.0,127.0,inferred
Charnwood,2021-10-06,74.0,82.0,88.0,90.0,92.0,95.0,99.0,102.0,106.0,108.0,110.0,118.0,127.5,inferred
Charnwood,2021-10-07,73.0,81.0,87.0,89.0,90.0,94.0,97.0,101.0,104.0,106.0,108.0,114.0,124.0,inferred
Charnwood,2021-10-08,65.0,74.0,79.0,81.0,83.0,87.0,90.0,93.0,97.0,98.0,100.0,106.1,116.0,inferred
Charnwood,2021-10-09,56.0,63.9,68.0,70.0,72.0,75.0,78.0,81.0,84.0,86.0,88.0,93.0,102.0,inferred
Charnwood,2021-10-10,61.0,69.0,74.0,76.0,78.0,82.0,85.0,88.0,91.0,93.0,95.0,100.0,109.0,inferred
Charnwood,2021-10-11,87.5,96.9,103.0,105.0,107.0,112.0,116.0,120.0,123.0,126.0,128.0,136.0,147.0,inferred
Charnwood,2021-10-12,83.0,92.0,98.0,100.0,102.0,106.0,109.0,112.0,117.0,119.0,122.0,128.0,139.5,inferred
Charnwood,2021-10-13,79.0,90.0,95.0,97.0,99.0,103.0,106.0,110.0,114.0,116.0,118.0,125.0,136.0,inferred
Charnwood,2021-10-14,74.0,82.0,88.0,90.8,92.0,96.0,100.0,104.0,108.0,110.0,112.0,119.0,129.0,inferred
Charnwood,2021-10-15,62.0,70.0,76.0,78.0,80.0,84.0,87.0,91.0,95.0,97.0,99.0,107.0,121.0,inferred
Chelmsford,2021-07-03,29.0,36.0,43.0,45.8,48.0,52.0,58.0,63.0,67.0,70.0,74.0,85.0,101.0,inferred
Chelmsford,2021-07-04,36.0,45.0,51.0,55.0,57.0,62.0,66.0,70.0,76.0,79.0,83.0,91.0,110.5,inferred
Chelmsford,2021-07-05,60.0,73.0,82.0,85.8,89.0,95.0,101.0,107.0,113.0,118.0,122.0,133.0,155.0,inferred
Chelmsford,2021-07-06,64.0,77.0,85.8,89.0,92.0,98.0,104.0,110.0,116.0,120.0,124.2,135.0,154.5,inferred
Chelmsford,2021-07-07,73.0,86.0,94.0,98.8,102.0,107.0,114.0,121.0,126.0,129.0,133.0,146.0,165.5,inferred
Chelmsford,2021-07-08,77.0,90.9,100.0,104.0,107.0,113.0,119.0,125.0,132.0,135.0,140.0,152.0,170.0,inferred
Chelmsford,2021-07-09,79.0,92.0,101.0,106.0,109.0,115.6,122.0,128.0,135.0,139.0,143.0,154.1,172.0,inferred
Chelmsford,2021-07-10,71.0,83.9,93.0,96.0,99.0,105.0,111.0,117.0,123.0,127.0,131.2,145.0,166.5,inferred
Chelmsford,2021-07-11,84.0,95.0,105.0,109.0,113.0,120.0,127.0,132.0,139.0,143.0,148.0,160.1,181.0,inferred
Chelmsford,2021-07-12,130.0,147.0,159.0,163.0,168.0,176.0,183.0,191.0,201.0,205.0,210.0,226.0,252.0,inferred
Chelmsford,2021-07-13,130.0,146.0,159.0,163.0,168.0,176.0,183.0,190.0,200.0,205.0,210.0,225.0,249.5,inferred
Chelmsford,2021-07-14,122.0,143.0,156.0,160.0,165.0,174.0,181.0,189.0,197.0,202.0,208.0,223.0,245.0,inferred
Chelmsford,2021-07-15,117.5,133.0,144.0,148.0,152.0,160.0,168.0,175.4,185.0,189.0,193.2,206.0,228.5,inferred
Chelmsford,2021-07-16,101.5,117.0,126.0,130.0,134.0,141.0,148.0,156.0,163.3,168.0,172.0,185.0,207.0,inferred
Chelmsford,2021-07-17,76.0,90.9,101.0,105.0,108.0,114.0,121.0,127.0,134.0,138.0,142.2,153.0,172.0,inferred
Chelmsford,2021-07-18,76.0,88.0,98.0,103.0,106.0,113.0,119.0,125.0,132.0,136.0,140.0,155.0,175.0,inferred
Chelmsford,2021-07-19,101.0,118.0,130.0,135.0,139.0,146.0,153.0,161.0,169.0,173.0,178.0,191.1,210.5,inferred
Chelmsford,2021-07-20,91.0,105.0,116.8,120.0,124.0,131.0,138.0,145.0,153.0,157.0,162.0,174.0,199.0,inferred
Chelmsford,2021-07-21,83.0,95.0,105.0,108.0,112.0,119.0,125.0,131.0,138.0,141.2,146.0,158.1,177.5,inferred
Chelmsford,2021-07-22,68.0,80.0,89.0,93.0,96.0,102.0,108.0,114.0,120.0,125.0,130.0,140.0,159.0,inferred
Chelmsford,2021-07-23,51.0,64.0,71.0,73.0,77.0,82.0,87.0,92.0,98.3,102.0,105.0,116.0,135.0,inferred
Chelmsford,2021-07-24,37.0,46.0,53.0,55.0,58.0,62.0,66.0,71.0,76.0,79.0,82.0,91.0,107.0,inferred
Chelmsford,2021-07-25,33.0,41.0,48.0,50.0,53.0,57.6,61.5,66.0,71.0,75.0,77.0,86.0,103.0,inferred
Chelmsford,2021-07-26,42.0,52.0,60.0,63.0,66.0,70.0,75.0,80.0,86.0,89.0,92.0,103.0,117.0,inferred
Chelmsford,2021-07-27,38.0,46.0,52.0,55.0,57.7,61.6,66.0,70.0,75.0,78.0,81.0,91.0,107.0,inferred
Chelmsford,2021-07-28,33.5,44.0,50.0,54.0,56.7,61.0,66.0,70.0,75.0,78.0,82.0,90.0,104.5,inferred
Chelmsford,2021-07-29,32.0,40.0,46.0,49.0,51.0,56.0,60.0,65.0,70.0,72.2,76.0,84.0,99.0,inferred
Chelmsford,2021-07-30,27.0,35.0,41.0,43.8,46.0,49.0,53.0,58.0,63.0,66.0,69.0,78.0,91.0,inferred
Chelmsford,2021-07-31,20.0,27.0,32.0,35.0,37.0,40.6,44.0,48.0,52.3,55.0,58.0,66.0,80.5,inferred
Chelmsford,2021-08-01,20.0,27.0,32.8,35.0,37.0,41.0,44.0,48.0,53.0,55.0,59.0,67.0,81.5,inferred
Chelmsford,2021-08-02,31.0,39.0,46.0,48.0,51.0,56.0,60.0,64.0,69.0,72.0,75.2,84.0,98.0,inferred
Chelmsford,2021-08-03,28.0,36.0,42.0,45.0,47.0,51.0,55.0,59.0,63.0,66.0,70.0,80.1,97.5,inferred
Chelmsford,2021-08-04,28.0,36.0,43.0,46.0,49.0,53.0,57.0,61.4,66.0,68.0,71.0,80.0,94.0,inferred
Chelmsford,2021-08-05,27.0,36.0,42.0,44.0,47.0,51.0,54.0,58.0,63.0,66.0,69.0,77.0,91.0,inferred
Chelmsford,2021-08-06,25.0,32.0,38.0,40.0,43.0,46.0,51.0,54.0,59.0,61.0,64.0,74.0,89.5,inferred
Chelmsford,2021-08-07,19.0,26.0,32.0,34.0,36.0,39.0,42.0,46.0,49.0,52.0,54.2,63.0,74.5,inferred
Chelmsford,2021-08-08,21.0,27.0,33.0,35.0,37.0,41.0,45.0,48.0,52.0,54.0,57.0,65.0,78.5,inferred
Chelmsford,2021-08-09,32.0,40.0,46.0,48.0,51.0,56.0,60.0,64.0,69.0,72.0,75.0,84.0,99.5,inferred
Chelmsford,2021-08-10,29.0,38.0,45.0,47.0,49.7,54.0,59.0,62.0,67.0,69.0,73.0,82.0,97.5,inferred
Chelmsford,2021-08-11,29.0,38.0,45.0,47.0,50.0,54.0,59.0,63.0,69.0,72.0,75.0,84.0,97.0,inferred
Chelmsford,2021-08-12,28.0,38.0,44.0,47.0,49.0,53.0,58.0,61.0,66.0,69.0,72.0,80.0,96.0,inferred
Chelmsford,2021-08-13,26.0,34.0,41.0,43.0,45.0,49.0,53.0,57.0,61.0,64.0,67.0,76.0,92.0,inferred
Chelmsford,2021-08-14,22.0,29.0,34.0,35.0,37.0,41.0,44.0,49.0,53.0,55.0,57.0,65.0,78.5,inferred
Chelmsford,2021-08-15,22.5,30.0,35.8,38.0,40.0,43.0,47.0,51.0,55.0,57.0,60.0,67.0,80.5,inferred
Chelmsford,2021-08-16,35.0,43.0,49.0,52.0,54.0,58.0,63.0,68.0,73.0,76.2,80.0,88.0,102.0,inferred
Chelmsford,2021-08-17,30.0,40.0,48.0,50.0,53.0,57.0,61.0,66.0,71.0,73.0,77.0,86.0,103.5,inferred
Chelmsford,2021-08-18,33.0,41.0,48.0,51.0,53.0,58.0,62.0,67.0,72.0,75.0,77.0,87.0,106.0,inferred
Chelmsford,2021-08-19,30.0,40.0,46.8,49.0,51.0,56.0,60.0,65.0,69.0,72.0,75.0,84.0,98.5,inferred
Chelmsford,2021-08-20,28.0,36.0,42.0,45.0,47.0,52.0,56.0,59.0,63.3,67.0,70.0,79.0,95.0,inferred
Chelmsford,2021-08-21,22.0,30.0,36.0,38.0,40.0,43.0,47.0,50.0,55.0,57.0,60.0,69.0,84.0,inferred
Chelmsford,2021-08-22,24.0,31.0,36.0,39.0,41.0,45.0,49.0,53.0,58.0,60.0,63.0,72.0,85.0,inferred
Chelmsford,2021-08-23,35.0,45.0,52.0,55.0,57.0,61.0,66.0,70.0,76.0,79.0,82.0,93.0,106.0,inferred
Chelmsford,2021-08-24,34.0,43.0,50.0,52.8,55.0,59.0,63.0,69.0,74.0,77.0,80.0,90.0,103.0,inferred
Chelmsford,2021-08-25,35.5,45.0,51.0,54.0,56.0,61.0,65.0,69.0,75.0,78.0,81.0,91.0,107.0,inferred
Chelmsford,2021-08-26,35.0,43.0,50.0,53.0,55.0,59.6,64.0,68.0,73.0,76.0,79.0,88.0,103.0,inferred
Chelmsford,2021-08-27,32.0,40.0,47.0,50.0,52.0,56.0,60.0,65.0,69.0,72.0,76.0,84.0,100.0,inferred
Chelmsford,2021-08-28,26.0,33.0,39.0,42.0,44.0,48.0,51.0,56.0,60.0,62.0,65.2,74.1,87.5,inferred
Chelmsford,2021-08-29,27.0,37.0,43.0,45.0,47.0,51.0,55.0,59.0,64.0,67.0,70.0,78.0,92.0,inferred
Chelmsford,2021-08-30,41.5,52.0,60.0,63.0,66.0,71.0,76.0,81.0,86.0,89.0,93.0,103.0,121.0,inferred
Chelmsford,2021-08-31,40.5,51.0,58.0,61.0,63.0,69.0,73.0,79.0,84.0,87.0,91.0,100.0,117.0,inferred
Chelmsford,2021-09-01,42.0,53.0,59.0,62.0,65.0,70.0,75.0,79.0,85.0,88.0,92.0,101.0,119.5,inferred
Chelmsford,2021-09-02,40.0,49.9,57.0,60.0,62.0,67.0,71.5,77.0,81.3,84.0,87.0,97.0,115.0,inferred
Chelmsford,2021-09-03,36.5,46.0,52.0,54.8,57.0,61.0,65.0,70.0,76.0,79.0,83.0,91.0,106.5,inferred
Chelmsford,2021-09-04,28.0,37.0,44.0,46.0,48.0,52.0,55.5,60.0,65.0,68.0,71.0,80.0,95.0,inferred
Chelmsford,2021-09-05,30.0,39.0,45.0,47.0,49.0,54.0,57.0,62.0,67.0,69.0,72.0,81.0,96.0,inferred
Chelmsford,2021-09-06,45.0,55.0,63.0,66.0,68.0,73.0,78.0,84.0,90.0,93.0,97.0,107.0,125.0,inferred
Chelmsford,2021-09-07,41.0,50.0,58.0,61.0,64.0,69.0,74.0,79.0,84.0,87.0,91.0,100.0,117.0,inferred
Chelmsford,2021-09-08,41.0,51.0,57.0,60.0,63.0,68.0,74.0,79.0,84.0,87.0,91.0,99.0,116.5,inferred
Chelmsford,2021-09-09,36.0,46.0,53.0,56.0,59.0,64.0,69.0,74.0,79.0,82.0,87.0,95.0,111.0,inferred
Chelmsford,2021-09-10,32.0,42.0,48.0,50.0,52.0,57.0,60.0,65.0,70.0,73.0,76.0,85.0,102.0,inferred
Chelmsford,2021-09-11,25.0,32.0,38.0,40.0,42.0,46.0,51.0,54.0,59.0,61.0,64.0,72.0,85.0,inferred
Chelmsford,2021-09-12,26.0,32.0,39.0,41.0,43.0,47.0,50.0,55.0,60.0,63.0,66.0,75.1,88.0,inferred
Chelmsford,2021-09-13,36.0,47.0,52.0,55.0,58.0,62.0,66.0,72.0,77.0,80.0,84.0,94.0,109.5,inferred
Chelmsford,2021-09-14,35.0,44.0,50.0,53.0,56.0,61.0,65.0,69.0,75.0,78.0,82.0,92.0,106.5,inferred
Chelmsford,2021-09-15,37.5,46.9,54.0,56.0,59.0,63.0,67.0,72.0,78.0,81.0,85.0,93.0,106.0,inferred
Chelmsford,2021-09-16,37.5,46.0,54.0,57.0,59.0,64.0,68.0,73.0,78.0,81.0,84.0,94.0,108.5,inferred
Chelmsford,2021-09-17,35.0,46.0,51.8,54.0,56.0,61.0,65.0,69.0,74.0,77.2,80.0,91.1,107.5,inferred
Chelmsford,2021-09-18,30.0,38.0,44.0,47.0,50.0,54.0,58.0,62.0,67.0,70.0,74.0,83.0,96.0,inferred
Chelmsford,2021-09-19,34.0,43.0,49.0,51.0,54.0,58.0,63.0,68.0,73.0,76.0,79.0,89.0,103.0,inferred
Chelmsford,2021-09-20,50.0,62.0,70.0,74.0,77.0,82.0,87.0,92.0,99.0,102.0,106.0,116.0,135.0,inferred
Chelmsford,2021-09-21,51.0,60.0,68.0,71.0,74.0,79.0,84.0,90.0,97.0,101.0,105.0,117.0,134.0,inferred
Chelmsford,2021-09-22,50.0,63.0,70.0,75.0,77.0,83.0,88.0,94.0,99.0,103.0,107.0,116.0,132.0,inferred
Chelmsford,2021-09-23,50.0,60.0,68.0,72.0,74.0,79.0,84.0,89.0,95.3,99.0,102.2,112.0,127.5,inferred
Chelmsford,2021-09-24,42.0,52.0,61.0,64.0,67.0,72.0,77.0,81.0,87.0,90.0,93.2,104.0,123.0,inferred
Chelmsford,2021-09-25,35.0,45.0,51.0,54.0,56.0,61.0,66.0,71.0,76.0,79.0,82.0,92.0,106.0,inferred
Chelmsford,2021-09-26,38.0,46.0,53.0,55.0,58.0,63.0,68.0,72.0,78.0,81.0,85.0,95.0,110.5,inferred
Chelmsford,2021-09-27,58.0,69.0,77.0,80.0,83.0,88.0,94.0,99.0,104.0,107.0,111.2,123.0,139.5,inferred
Chelmsford,2021-09-28,53.5,65.0,73.0,76.0,79.0,85.0,90.0,96.0,101.0,105.0,108.0,119.0,138.0,inferred
Chelmsford,2021-09-29,55.5,67.0,75.0,79.0,81.0,86.6,92.0,98.0,103.0,106.0,111.0,124.0,141.0,inferred
Chelmsford,2021-09-30,56.0,67.0,74.0,77.0,80.0,86.0,90.0,95.0,101.0,105.0,109.0,120.0,137.0,inferred
Chelmsford,2021-10-01,49.0,59.0,68.0,70.0,74.0,78.0,84.0,89.0,96.0,99.0,104.0,112.1,131.0,inferred
Chelmsford,2021-10-02,42.0,52.0,58.0,61.0,63.7,68.0,73.0,78.0,83.3,86.0,90.0,99.1,116.5,inferred
Chelmsford,2021-10-03,43.0,54.0,61.0,64.0,66.0,72.0,77.0,82.0,86.3,90.0,94.0,104.0,121.5,inferred
Chelmsford,2021-10-04,65.0,77.0,85.0,89.0,92.0,98.6,105.0,110.0,117.0,122.0,126.0,136.0,153.5,inferred
Chelmsford,2021-10-05,66.0,78.0,86.0,91.0,93.0,99.0,105.0,111.0,117.0,121.2,125.0,136.0,153.5,inferred
Chelmsford,2021-10-06,69.0,84.0,94.0,99.0,102.0,108.0,113.0,119.0,127.0,130.0,134.2,145.0,167.0,inferred
Chelmsford,2021-10-07,75.0,88.0,96.0,100.0,103.0,109.0,115.0,120.0,128.0,132.0,137.0,149.0,169.0,inferred
Chelmsford,2021-10-08,72.0,85.0,94.0,97.0,101.0,107.0,113.0,118.0,125.0,129.0,134.0,145.0,169.0,inferred
Chelmsford,2021-10-09,64.0,77.0,86.0,90.0,93.0,98.0,103.0,109.0,116.0,119.0,124.0,134.1,156.0,inferred
Chelmsford,2021-10-10,74.0,87.0,95.0,99.0,102.0,109.0,115.0,121.0,128.0,133.0,136.0,149.0,170.5,inferred
Chelmsford,2021-10-11,112.5,129.0,139.0,143.0,147.0,155.0,162.0,171.0,180.0,185.0,190.0,204.0,228.0,inferred
Chelmsford,2021-10-12,113.0,129.0,140.0,145.0,149.0,157.0,165.0,172.0,181.0,185.0,190.0,204.0,229.0,inferred
Chelmsford,2021-10-13,117.0,135.0,148.0,153.0,157.0,164.0,172.0,179.0,187.0,192.0,198.0,212.0,234.0,inferred
Chelmsford,2021-10-14,116.0,134.0,145.0,151.0,154.7,162.0,171.0,178.0,186.0,190.2,196.0,215.0,237.0,inferred
Chelmsford,2021-10-15,109.0,126.0,136.0,140.0,144.0,153.0,161.0,169.0,177.0,182.0,187.2,201.0,223.5,inferred
Cheltenham,2021-07-03,13.0,18.0,22.0,23.0,25.0,28.0,31.0,34.0,38.0,40.0,42.0,49.0,62.0,inferred
Cheltenham,2021-07-04,14.0,20.0,24.0,26.0,28.0,31.0,34.0,38.0,42.0,44.0,47.0,54.0,66.5,inferred
Cheltenham,2021-07-05,24.0,31.0,37.0,39.0,41.0,45.0,48.0,52.0,57.0,59.0,62.0,69.0,80.5,inferred
Cheltenham,2021-07-06,25.0,33.0,39.0,41.0,43.0,47.0,51.0,55.0,60.0,63.0,65.0,73.0,87.0,inferred
Cheltenham,2021-07-07,24.0,33.0,39.0,41.0,43.0,47.0,51.0,55.0,59.0,62.0,65.0,74.0,90.0,inferred
Cheltenham,2021-07-08,26.0,34.0,39.0,41.0,43.0,47.0,51.0,55.0,60.0,62.0,66.0,74.0,86.5,inferred
Cheltenham,2021-07-09,22.5,31.0,38.0,40.0,42.0,46.0,50.0,54.0,58.0,60.0,63.0,72.0,85.0,inferred
Cheltenham,2021-07-10,20.0,26.0,31.0,33.0,35.0,39.0,42.0,46.0,50.0,52.0,55.0,63.0,78.0,inferred
Cheltenham,2021-07-11,21.0,28.0,33.0,35.0,37.0,41.6,45.0,49.0,54.0,56.0,59.0,67.0,82.0,inferred
Cheltenham,2021-07-12,32.0,42.0,48.0,51.0,54.0,59.0,63.0,68.0,73.0,76.0,80.0,89.1,104.0,inferred
Cheltenham,2021-07-13,35.0,44.0,51.0,53.0,55.0,60.0,64.0,69.0,74.0,77.0,80.0,90.0,108.5,inferred
Cheltenham,2021-07-14,35.0,43.0,49.0,51.0,53.0,58.0,64.0,68.0,73.0,76.2,80.0,90.0,105.0,inferred
Cheltenham,2021-07-15,31.0,40.0,47.0,49.0,51.0,56.0,60.0,65.0,70.0,73.0,76.0,85.0,101.0,inferred
Cheltenham,2021-07-16,27.0,35.0,41.0,44.0,46.0,50.0,54.0,58.0,63.0,66.0,69.0,78.1,94.0,inferred
Cheltenham,2021-07-17,20.0,27.0,33.0,35.0,37.0,40.6,45.0,48.0,52.0,55.0,58.0,66.0,78.0,inferred
Cheltenham,2021-07-18,20.0,28.0,34.0,36.0,38.0,42.0,45.0,49.0,53.0,56.0,58.0,66.0,80.0,inferred
Cheltenham,2021-07-19,32.0,40.9,47.0,49.0,51.7,56.0,61.0,65.0,70.0,73.0,76.0,86.0,99.0,inferred
Cheltenham,2021-07-20,29.5,40.0,47.0,50.0,52.0,56.0,60.5,65.0,70.0,73.0,76.0,86.0,100.0,inferred
Cheltenham,2021-07-21,29.0,37.0,44.0,46.0,49.0,53.0,58.0,62.0,67.0,70.0,73.0,80.1,97.5,inferred
Cheltenham,2021-07-22,27.0,36.0,43.0,45.0,47.0,51.0,55.0,59.0,64.0,67.0,70.0,79.0,94.0,inferred
Cheltenham,2021-07-23,26.0,32.0,38.0,40.0,41.0,45.0,49.0,53.0,58.0,60.0,63.0,71.0,83.5,inferred
Cheltenham,2021-07-24,18.0,24.0,29.0,31.0,33.0,37.0,40.0,44.0,48.0,51.0,53.0,60.0,74.0,inferred
Cheltenham,2021-07-25,18.0,24.0,29.0,31.0,33.7,37.0,41.0,44.0,48.0,50.0,53.0,59.0,74.0,inferred
Cheltenham,2021-07-26,27.0,35.0,41.0,43.0,46.0,50.0,54.0,58.0,63.0,65.0,69.0,77.0,92.0,inferred
Cheltenham,2021-07-27,28.0,36.0,42.0,44.8,47.0,51.0,55.0,60.0,64.0,67.0,70.0,79.0,96.0,inferred
Cheltenham,2021-07-28,25.0,35.9,41.0,44.0,46.0,51.0,55.0,59.0,64.0,67.0,71.0,79.0,94.0,inferred
Cheltenham,2021-07-29,29.0,36.0,43.0,45.0,48.0,52.0,56.0,60.0,65.0,68.0,71.0,81.1,94.0,inferred
Cheltenham,2021-07-30,26.0,34.0,41.0,43.0,45.0,49.0,54.0,57.0,62.0,65.0,68.0,77.0,95.5,inferred
Cheltenham,2021-07-31,21.5,29.0,33.0,35.0,37.0,41.0,44.0,49.0,53.0,55.0,58.0,66.1,80.0,inferred
Cheltenham,2021-08-01,23.0,31.0,36.0,38.0,40.0,44.0,48.0,52.0,57.0,59.0,62.0,69.0,83.5,inferred
Cheltenham,2021-08-02,36.0,46.0,53.0,56.0,58.0,63.0,68.0,72.0,77.0,81.0,84.0,94.0,111.0,inferred
Cheltenham,2021-08-03,38.0,47.0,53.8,56.0,59.0,64.0,69.0,74.0,79.0,83.0,86.0,97.0,114.0,inferred
Cheltenham,2021-08-04,35.0,46.0,53.0,56.0,58.0,63.0,68.0,72.4,78.0,81.0,85.0,95.0,111.0,inferred
Cheltenham,2021-08-05,36.5,46.0,52.0,55.0,57.0,62.0,66.0,71.0,76.0,79.0,82.0,91.0,109.0,inferred
Cheltenham,2021-08-06,31.0,40.0,47.0,49.0,51.0,56.0,60.0,64.0,70.0,72.0,75.0,85.0,99.0,inferred
Cheltenham,2021-08-07,24.0,31.0,37.0,40.0,42.0,45.0,50.0,54.0,58.0,60.0,63.0,71.0,86.5,inferred
Cheltenham,2021-08-08,24.5,33.0,39.0,41.0,43.0,47.0,51.0,55.0,59.0,62.0,64.0,73.0,86.5,inferred
Cheltenham,2021-08-09,36.0,46.0,53.0,56.0,59.0,64.0,69.0,74.0,79.0,82.0,86.0,96.0,114.0,inferred
Cheltenham,2021-08-10,39.5,48.0,55.0,58.0,61.0,66.0,71.0,76.0,81.0,83.0,87.0,96.1,115.0,inferred
Cheltenham,2021-08-11,37.0,49.0,55.0,58.0,60.0,64.0,69.0,74.0,79.0,82.0,86.0,95.0,110.5,inferred
Cheltenham,2021-08-12,37.0,47.0,54.0,57.0,59.0,64.0,69.0,73.0,78.0,82.0,86.0,95.0,112.0,inferred
Cheltenham,2021-08-13,33.0,42.0,49.0,52.0,55.0,59.0,64.0,68.0,73.3,76.0,80.0,88.0,104.0,inferred
Cheltenham,2021-08-14,26.0,33.0,39.0,42.0,43.0,48.0,52.0,56.0,61.0,64.0,68.0,75.0,91.0,inferred
Cheltenham,2021-08-15,29.0,36.0,42.0,44.0,47.0,51.0,55.0,60.0,64.0,67.0,70.0,79.0,92.0,inferred
Cheltenham,2021-08-16,43.0,55.0,62.0,64.8,67.0,73.0,78.0,83.0,88.0,92.0,95.0,107.0,125.5,inferred
Cheltenham,2021-08-17,43.0,55.0,61.0,64.0,67.0,73.0,78.0,83.0,89.0,92.0,96.0,106.0,123.0,inferred
Cheltenham,2021-08-18,40.0,50.0,58.0,61.0,63.0,69.0,73.0,79.0,85.0,88.0,91.2,101.0,118.0,inferred
Cheltenham,2021-08-19,38.0,47.0,54.0,57.0,59.0,64.0,69.0,73.0,78.0,81.0,85.0,94.0,109.0,inferred
Cheltenham,2021-08-20,33.0,41.0,47.0,50.0,53.0,57.0,62.0,66.0,71.0,73.0,76.0,86.0,98.0,inferred
Cheltenham,2021-08-21,24.0,32.0,37.0,39.0,41.0,45.0,49.0,52.0,57.0,59.0,62.0,71.0,84.5,inferred
Cheltenham,2021-08-22,23.0,31.0,37.0,39.0,41.0,45.0,49.0,52.0,56.0,59.0,61.0,70.0,84.0,inferred
Cheltenham,2021-08-23,34.0,43.0,50.0,53.0,55.0,60.0,65.0,70.0,75.0,78.0,81.0,91.0,107.0,inferred
Cheltenham,2021-08-24,35.0,44.0,51.0,53.0,56.0,60.6,65.0,69.0,75.0,78.0,81.0,90.0,106.0,inferred
Cheltenham,2021-08-25,31.0,41.0,47.0,50.0,53.0,58.0,63.0,67.0,72.0,75.0,78.0,86.0,102.5,inferred
Cheltenham,2021-08-26,30.5,40.0,46.8,48.0,51.0,55.0,59.0,64.0,69.0,72.0,75.0,83.0,102.0,inferred
Cheltenham,2021-08-27,28.5,35.0,41.0,44.0,46.0,50.0,54.0,59.0,63.0,65.0,68.0,77.0,94.0,inferred
Cheltenham,2021-08-28,20.0,27.0,32.0,34.0,35.0,39.0,43.0,47.0,52.0,54.0,57.0,66.0,80.5,inferred
Cheltenham,2021-08-29,21.0,27.0,33.0,35.0,37.0,41.0,44.0,49.0,53.0,55.0,58.0,65.0,81.0,inferred
Cheltenham,2021-08-30,32.0,39.0,46.0,48.0,51.0,56.0,60.0,65.0,70.0,73.0,76.0,85.0,100.0,inferred
Cheltenham,2021-08-31,29.5,38.9,46.0,48.0,50.0,54.0,59.0,63.0,68.0,71.0,74.0,83.0,100.0,inferred
Cheltenham,2021-09-01,27.0,35.0,40.0,43.0,45.0,50.0,54.0,58.0,63.0,66.0,69.0,78.0,93.0,inferred
Cheltenham,2021-09-02,23.0,31.0,37.0,39.0,41.0,45.0,48.0,52.0,57.0,59.0,62.0,70.0,85.0,inferred
Cheltenham,2021-09-03,18.0,25.0,30.0,32.0,34.0,37.0,41.0,45.0,49.0,51.0,54.0,63.0,77.0,inferred
Cheltenham,2021-09-04,12.0,18.0,22.0,24.0,26.0,28.6,31.0,35.0,38.0,40.2,43.0,50.0,62.5,inferred
Cheltenham,2021-09-05,10.5,16.0,20.0,22.0,24.0,27.0,30.0,33.0,36.0,38.0,40.0,48.0,62.0,inferred
Cheltenham,2021-09-06,16.0,23.0,27.0,29.0,31.0,35.0,38.0,42.0,46.0,48.0,50.0,58.0,71.0,inferred
Cheltenham,2021-09-07,14.0,20.0,25.0,27.0,28.0,32.0,35.0,39.0,43.0,45.0,47.0,55.0,67.0,inferred
Cheltenham,2021-09-08,11.0,17.0,21.0,23.0,25.0,27.0,31.0,34.0,37.0,40.0,42.0,50.0,60.0,inferred
Cheltenham,2021-09-09,9.0,15.0,18.0,20.0,22.0,25.0,27.0,30.0,34.0,36.0,38.0,44.0,56.0,inferred
Cheltenham,2021-09-10,7.0,11.0,15.0,16.0,18.0,20.0,23.0,25.0,28.0,30.0,32.0,39.0,50.0,inferred
Cheltenham,2021-09-11,4.0,7.0,10.0,11.0,12.0,15.0,17.0,19.0,22.0,24.0,26.0,31.0,40.5,inferred
Cheltenham,2021-09-12,3.5,7.0,9.0,10.0,11.0,13.0,15.0,18.0,20.0,22.0,24.0,29.0,38.0,inferred
Cheltenham,2021-09-13,6.0,9.0,12.0,14.0,15.0,18.0,20.0,23.0,26.0,28.0,30.0,36.0,46.0,inferred
Cheltenham,2021-09-14,6.0,9.0,13.0,14.0,16.0,19.0,21.0,23.0,27.0,29.0,31.0,37.0,46.0,inferred
Cheltenham,2021-09-15,7.0,11.0,14.0,15.0,17.0,20.0,22.0,25.0,27.0,29.0,31.0,37.1,47.5,inferred
Cheltenham,2021-09-16,7.0,12.0,15.0,17.0,18.0,21.0,24.0,26.0,29.0,31.0,33.0,40.0,51.0,inferred
Cheltenham,2021-09-17,7.0,12.0,15.0,17.0,18.0,21.0,23.0,26.0,30.0,32.0,34.0,40.0,50.0,inferred
Cheltenham,2021-09-18,7.0,10.0,13.0,15.0,16.0,18.0,21.0,24.0,27.0,28.0,31.0,37.0,48.0,inferred
Cheltenham,2021-09-19,7.0,12.0,15.0,17.0,18.0,21.0,23.0,26.0,29.0,31.0,33.0,39.0,49.5,inferred
Cheltenham,2021-09-20,14.0,19.0,24.0,26.0,28.0,31.0,34.0,38.0,41.0,43.0,47.0,53.0,67.0,inferred
Cheltenham,2021-09-21,14.0,20.0,25.0,27.0,29.0,33.0,36.0,40.0,44.0,46.0,49.0,57.0,71.0,inferred
Cheltenham,2021-09-22,14.5,20.0,25.0,27.0,29.0,32.0,35.0,39.0,43.0,45.0,48.0,55.0,68.0,inferred
Cheltenham,2021-09-23,14.0,21.0,24.8,26.0,28.0,31.0,35.0,38.0,42.0,44.0,46.0,54.0,69.0,inferred
Cheltenham,2021-09-24,13.0,17.9,22.0,23.0,25.0,28.0,31.0,34.0,37.0,40.0,42.0,50.0,60.5,inferred
Cheltenham,2021-09-25,9.0,13.0,17.0,18.0,20.0,22.0,25.0,28.0,32.0,34.0,36.0,42.1,55.0,inferred
Cheltenham,2021-09-26,9.0,14.0,18.0,19.0,21.0,24.0,26.0,29.0,32.0,34.0,36.0,43.0,55.0,inferred
Cheltenham,2021-09-27,15.0,20.0,25.0,27.0,29.0,32.0,35.0,39.0,43.0,45.0,48.0,56.0,67.0,inferred
Cheltenham,2021-09-28,14.0,20.0,25.0,26.0,28.0,32.0,35.0,39.0,43.0,45.0,48.0,54.0,67.5,inferred
Cheltenham,2021-09-29,12.0,18.0,22.0,24.0,26.0,28.0,32.0,35.0,39.0,41.0,44.0,50.0,64.5,inferred
Cheltenham,2021-09-30,10.0,16.0,20.0,22.0,23.0,26.0,29.0,32.0,36.0,38.0,40.0,47.0,57.0,inferred
Cheltenham,2021-10-01,8.0,12.0,16.0,17.0,19.0,22.0,24.0,27.0,31.0,32.0,34.0,41.0,52.0,inferred
Cheltenham,2021-10-02,5.0,9.0,12.0,13.0,14.0,17.0,19.0,21.0,24.0,26.0,27.2,33.0,44.0,inferred
Cheltenham,2021-10-03,5.0,8.0,11.0,12.0,13.0,15.0,18.0,20.0,23.0,25.0,27.0,34.0,43.5,inferred
Cheltenham,2021-10-04,8.0,12.0,15.0,17.0,18.0,20.0,23.0,26.0,30.0,32.0,35.0,41.0,51.0,inferred
Cheltenham,2021-10-05,9.5,14.0,18.0,19.0,20.0,23.6,26.0,29.0,32.0,34.0,36.0,43.0,53.0,inferred
Cheltenham,2021-10-06,12.0,17.0,21.0,23.0,24.0,27.0,30.0,33.0,37.0,39.0,41.0,48.1,58.0,inferred
Cheltenham,2021-10-07,15.0,20.9,25.0,27.0,28.0,32.0,35.0,39.0,42.0,44.0,47.0,55.0,68.5,inferred
Cheltenham,2021-10-08,16.0,22.0,27.0,29.0,31.0,35.0,38.0,41.0,45.0,48.0,50.0,58.0,72.0,inferred
Cheltenham,2021-10-09,15.0,21.0,26.0,28.0,30.0,33.0,37.0,40.0,44.0,46.0,49.2,57.0,71.5,inferred
Cheltenham,2021-10-10,20.0,26.0,32.0,34.0,36.0,40.0,43.0,47.4,52.0,54.0,58.0,66.0,80.0,inferred
Cheltenham,2021-10-11,38.0,49.0,57.0,60.0,63.0,68.0,73.0,78.0,84.0,86.0,91.0,100.1,117.0,inferred
Cheltenham,2021-10-12,60.0,74.0,82.0,85.0,89.0,95.0,101.0,106.0,113.0,118.0,122.0,132.0,152.0,inferred
Cheltenham,2021-10-13,95.5,110.0,121.0,125.0,129.0,136.0,143.0,150.0,158.0,162.0,167.0,182.1,205.5,inferred
Cheltenham,2021-10-14,140.0,160.0,176.0,182.0,186.0,194.0,202.0,212.0,221.0,225.0,231.0,249.0,273.0,inferred
Cheltenham,2021-10-15,183.0,209.0,227.0,234.0,240.0,252.0,262.0,272.0,285.0,292.0,298.0,318.0,349.0,inferred
Cherwell,2021-07-03,17.0,22.0,26.0,28.0,29.0,32.0,34.0,37.0,41.0,42.0,44.0,50.0,59.0,inferred
Cherwell,2021-07-04,19.0,24.0,27.0,29.0,31.0,34.0,36.0,38.0,42.0,43.0,45.2,52.0,62.0,inferred
Cherwell,2021-07-05,28.0,35.0,39.0,41.0,43.0,46.0,50.0,53.0,57.0,59.0,61.0,68.0,79.0,inferred
Cherwell,2021-07-06,27.0,34.0,38.0,40.0,42.0,45.0,48.0,51.0,55.0,57.0,60.0,66.0,76.0,inferred
Cherwell,2021-07-07,30.0,37.0,41.0,43.0,45.0,48.0,51.0,55.0,58.0,60.0,63.0,70.0,82.5,inferred
Cherwell,2021-07-08,30.0,36.0,42.0,43.8,46.0,49.0,52.0,56.0,60.0,62.0,65.0,71.0,85.0,inferred
Cherwell,2021-07-09,28.0,36.0,40.0,42.0,44.0,48.0,51.0,55.0,59.0,61.0,63.0,70.0,80.0,inferred
Cherwell,2021-07-10,25.0,32.0,36.8,38.0,40.0,44.0,47.0,50.0,54.0,55.0,58.0,64.0,76.0,inferred
Cherwell,2021-07-11,30.0,36.0,42.0,43.0,45.0,48.0,51.0,54.0,58.0,60.0,63.0,70.0,81.0,inferred
Cherwell,2021-07-12,46.0,55.0,61.0,63.0,66.0,70.0,74.0,78.0,82.0,85.0,88.0,95.1,108.0,inferred
Cherwell,2021-07-13,46.0,55.0,61.0,63.0,66.0,70.0,74.0,79.0,83.0,85.0,88.0,97.0,107.0,inferred
Cherwell,2021-07-14,47.0,55.0,62.0,65.0,67.0,71.0,75.0,80.0,85.0,87.2,90.0,98.0,111.0,inferred
Cherwell,2021-07-15,45.0,54.0,59.0,61.0,63.0,67.6,71.0,76.0,80.0,83.0,86.0,95.0,108.0,inferred
Cherwell,2021-07-16,42.0,49.0,55.0,57.0,59.0,63.0,67.0,71.0,75.0,77.0,80.0,87.0,103.0,inferred
Cherwell,2021-07-17,34.0,40.0,46.0,48.0,50.0,54.0,57.0,61.0,65.0,67.0,70.0,78.0,89.0,inferred
Cherwell,2021-07-18,35.0,43.0,48.0,49.8,52.0,55.0,58.0,62.0,66.0,68.0,70.0,77.1,89.0,inferred
Cherwell,2021-07-19,48.5,59.0,65.0,68.0,70.0,74.6,79.0,83.0,88.0,90.0,94.0,102.0,114.5,inferred
Cherwell,2021-07-20,44.0,54.0,61.0,63.0,65.0,69.0,73.0,77.0,83.0,85.0,88.0,96.0,111.5,inferred
Cherwell,2021-07-21,42.0,51.0,57.0,59.0,62.0,65.0,70.0,74.0,78.0,81.0,84.0,92.0,107.0,inferred
Cherwell,2021-07-22,37.0,45.0,50.0,53.0,54.0,58.0,62.0,66.0,70.0,73.0,76.0,83.0,96.0,inferred
Cherwell,2021-07-23,30.0,38.0,43.0,46.0,47.0,51.0,54.0,57.0,61.0,63.0,65.2,72.0,86.0,inferred
Cherwell,2021-07-24,23.0,29.0,33.0,35.0,37.0,40.0,43.0,46.0,49.0,51.0,54.0,59.0,70.5,inferred
Cherwell,2021-07-25,22.0,27.0,32.0,34.0,35.0,38.0,41.0,44.0,47.0,49.0,51.0,57.1,68.0,inferred
Cherwell,2021-07-26,30.0,37.0,42.0,44.0,46.0,49.0,52.0,56.0,59.0,62.0,65.0,71.0,83.0,inferred
Cherwell,2021-07-27,28.0,35.0,39.0,41.0,43.0,46.0,50.0,53.0,56.0,58.0,60.0,66.1,76.0,inferred
Cherwell,2021-07-28,25.0,34.0,39.0,41.0,43.0,46.0,50.0,53.0,56.0,58.0,61.0,67.0,78.0,inferred
Cherwell,2021-07-29,25.0,32.0,37.0,38.0,40.0,44.0,47.0,50.0,54.0,56.0,58.0,65.0,76.5,inferred
Cherwell,2021-07-30,23.0,28.0,33.0,35.0,37.0,40.0,43.0,46.0,50.0,52.0,55.0,62.0,72.0,inferred
Cherwell,2021-07-31,18.0,24.0,28.0,29.0,31.0,34.0,37.0,40.0,44.0,45.0,47.0,53.1,62.5,inferred
Cherwell,2021-08-01,19.0,25.0,29.0,31.0,33.0,36.0,38.0,41.0,45.0,47.0,49.0,55.0,64.0,inferred
Cherwell,2021-08-02,28.0,36.0,41.0,44.0,45.0,48.0,51.0,54.0,59.0,61.0,64.0,71.0,82.0,inferred
Cherwell,2021-08-03,28.0,36.0,41.0,42.0,44.0,48.0,51.0,54.0,58.0,60.0,63.0,69.0,80.0,inferred
Cherwell,2021-08-04,30.0,37.0,42.0,44.0,46.0,50.0,53.0,57.0,61.0,63.0,66.0,73.0,83.0,inferred
Cherwell,2021-08-05,29.0,36.0,41.0,43.0,45.0,49.0,52.0,55.0,59.0,61.0,64.0,71.0,83.0,inferred
Cherwell,2021-08-06,28.0,35.0,39.0,41.0,43.0,46.0,50.0,53.0,57.0,59.0,62.0,68.0,79.5,inferred
Cherwell,2021-08-07,23.0,30.0,35.0,36.0,37.0,41.0,44.0,47.0,50.0,53.0,55.0,61.0,72.0,inferred
Cherwell,2021-08-08,25.5,32.0,37.0,39.0,40.0,44.0,47.0,50.0,54.0,56.0,59.0,65.1,76.0,inferred
Cherwell,2021-08-09,37.0,46.0,52.0,55.0,56.0,60.0,64.0,68.0,72.0,74.0,77.0,84.0,99.0,inferred
Cherwell,2021-08-10,38.0,46.0,51.0,54.0,56.0,60.0,63.0,68.0,71.0,75.0,78.0,86.0,98.0,inferred
Cherwell,2021-08-11,38.0,48.0,54.0,56.0,58.0,62.0,66.0,70.0,74.0,76.0,79.0,87.0,98.5,inferred
Cherwell,2021-08-12,39.0,47.0,53.0,55.0,57.0,60.0,64.0,68.0,73.0,75.0,77.0,85.0,97.0,inferred
Cherwell,2021-08-13,35.0,44.0,50.0,52.0,53.0,57.0,60.0,64.0,68.0,71.0,73.0,81.0,93.0,inferred
Cherwell,2021-08-14,30.0,38.0,42.0,44.0,46.0,50.0,53.0,56.4,60.0,63.0,65.0,72.0,84.0,inferred
Cherwell,2021-08-15,33.0,39.0,44.0,47.0,49.0,52.0,56.0,59.0,64.0,66.0,68.0,75.1,89.5,inferred
Cherwell,2021-08-16,49.0,58.0,65.0,67.0,69.0,73.0,77.0,81.0,87.0,89.0,92.0,102.0,114.5,inferred
Cherwell,2021-08-17,45.0,54.0,60.0,63.0,65.0,69.0,74.0,78.0,83.0,85.2,89.0,98.0,110.0,inferred
Cherwell,2021-08-18,45.5,54.0,60.0,62.0,65.0,70.0,73.0,78.0,82.0,85.0,88.0,95.0,108.0,inferred
Cherwell,2021-08-19,43.0,52.0,57.0,59.0,61.0,65.0,69.0,73.0,77.0,80.0,83.0,89.0,102.0,inferred
Cherwell,2021-08-20,37.5,46.0,51.0,54.0,56.0,59.0,62.0,66.0,70.0,72.0,75.0,83.0,95.5,inferred
Cherwell,2021-08-21,30.0,37.0,42.0,44.0,46.0,50.0,53.0,57.0,60.3,63.0,65.0,72.0,81.0,inferred
Cherwell,2021-08-22,31.0,38.0,43.0,45.0,47.0,50.0,54.0,57.0,62.0,64.0,67.0,74.0,86.5,inferred
Cherwell,2021-08-23,44.5,54.0,60.0,62.0,65.0,69.0,73.0,77.0,81.0,84.0,87.0,94.0,109.5,inferred
Cherwell,2021-08-24,42.0,51.0,57.0,60.0,62.0,66.0,70.0,75.0,79.0,81.0,84.0,92.0,106.0,inferred
Cherwell,2021-08-25,46.0,55.0,61.0,64.0,66.0,70.0,74.0,78.0,82.0,85.0,87.0,96.0,109.0,inferred
Cherwell,2021-08-26,45.0,53.0,60.0,62.0,64.0,69.0,72.0,77.0,81.0,84.0,86.2,94.0,108.0,inferred
Cherwell,2021-08-27,44.5,52.0,57.0,59.0,61.0,64.0,68.0,72.0,77.0,80.0,82.0,90.0,102.0,inferred
Cherwell,2021-08-28,36.5,45.0,50.0,52.0,54.0,58.0,62.0,66.0,70.0,72.0,75.0,82.0,93.0,inferred
Cherwell,2021-08-29,39.0,48.0,53.0,56.0,58.0,62.0,65.0,69.0,73.0,76.0,79.0,86.0,100.0,inferred
Cherwell,2021-08-30,61.0,70.0,77.0,80.0,83.0,88.0,92.0,97.0,103.0,106.0,109.0,118.0,133.0,inferred
Cherwell,2021-08-31,58.0,68.0,76.0,79.0,81.0,86.0,91.0,96.0,100.3,104.0,107.0,116.0,131.5,inferred
Cherwell,2021-09-01,61.0,71.9,79.0,81.0,84.0,88.0,92.0,97.0,102.0,105.0,108.0,117.0,133.5,inferred
Cherwell,2021-09-02,58.0,67.0,74.0,77.0,80.0,84.0,89.0,93.0,98.0,101.0,104.0,113.0,128.0,inferred
Cherwell,2021-09-03,53.0,64.0,71.0,73.0,75.0,80.0,84.0,89.0,93.0,96.0,99.0,108.0,122.0,inferred
Cherwell,2021-09-04,42.0,53.0,59.0,61.0,63.0,67.0,71.0,75.0,79.0,82.0,85.0,93.0,105.0,inferred
Cherwell,2021-09-05,45.0,54.0,61.0,63.0,66.0,70.0,73.5,78.0,82.0,85.0,88.0,95.0,108.0,inferred
Cherwell,2021-09-06,65.0,76.0,83.0,86.0,89.0,93.0,98.0,102.0,108.0,111.0,114.0,123.1,142.0,inferred
Cherwell,2021-09-07,61.0,71.9,79.0,82.0,85.0,89.0,94.0,99.0,103.0,106.0,110.0,119.0,131.0,inferred
Cherwell,2021-09-08,59.0,69.0,76.0,79.0,81.0,86.0,91.0,95.0,100.0,103.0,106.0,114.0,130.0,inferred
Cherwell,2021-09-09,51.0,61.0,69.0,71.0,73.0,78.0,82.0,86.0,91.0,93.0,97.0,104.1,119.0,inferred
Cherwell,2021-09-10,44.0,54.0,59.8,62.0,64.0,68.0,72.0,76.0,80.3,84.0,87.0,95.0,108.5,inferred
Cherwell,2021-09-11,35.0,42.0,47.0,49.0,51.0,55.0,58.0,62.0,66.0,68.0,71.0,78.0,90.0,inferred
Cherwell,2021-09-12,33.0,41.0,46.0,49.0,50.0,54.0,58.0,62.0,66.0,68.0,71.0,78.0,91.0,inferred
Cherwell,2021-09-13,46.0,55.0,61.0,64.0,66.0,70.0,74.0,78.0,82.0,85.0,87.0,96.0,107.0,inferred
Cherwell,2021-09-14,43.5,52.0,58.0,60.0,63.0,67.0,71.0,75.0,79.0,81.0,84.0,92.0,105.0,inferred
Cherwell,2021-09-15,45.0,53.0,59.0,61.0,63.0,67.6,71.0,75.0,79.0,82.0,86.0,94.0,108.0,inferred
Cherwell,2021-09-16,43.5,51.0,58.0,60.0,62.0,66.0,70.0,74.0,78.0,80.0,83.0,91.0,104.0,inferred
Cherwell,2021-09-17,38.0,47.0,53.0,55.0,57.0,61.0,64.0,68.0,72.0,75.0,78.0,86.0,97.5,inferred
Cherwell,2021-09-18,31.5,40.0,46.0,48.0,49.0,53.0,56.0,60.0,64.0,67.0,69.0,76.0,88.0,inferred
Cherwell,2021-09-19,35.5,43.0,47.0,50.0,52.0,55.0,59.0,63.0,67.0,69.0,72.0,79.0,92.5,inferred
Cherwell,2021-09-20,50.0,60.0,67.0,69.0,71.7,76.0,80.0,84.0,88.0,90.2,94.0,103.0,116.0,inferred
Cherwell,2021-09-21,51.0,59.9,66.0,68.8,71.0,75.0,79.0,83.0,87.0,90.0,93.0,101.0,118.0,inferred
Cherwell,2021-09-22,50.5,59.0,65.0,68.0,70.0,75.0,79.0,83.0,87.0,90.0,94.0,101.0,117.5,inferred
Cherwell,2021-09-23,46.0,55.0,61.0,63.0,66.0,70.0,74.0,78.0,83.0,86.0,90.0,98.0,112.5,inferred
Cherwell,2021-09-24,42.0,51.0,57.0,59.0,62.0,66.0,69.0,74.0,78.0,81.0,84.0,92.0,104.0,inferred
Cherwell,2021-09-25,34.0,42.0,48.0,50.0,52.0,56.0,59.0,63.0,67.0,69.0,72.0,79.0,90.5,inferred
Cherwell,2021-09-26,35.0,43.0,49.0,51.0,53.0,57.0,60.0,65.0,69.0,71.0,74.0,81.0,92.0,inferred
Cherwell,2021-09-27,52.0,61.0,68.0,71.0,73.0,77.0,81.0,85.0,91.0,94.0,97.0,106.0,119.0,inferred
Cherwell,2021-09-28,50.0,58.0,65.0,68.0,71.0,74.0,78.0,83.0,88.0,91.0,95.0,102.0,116.0,inferred
Cherwell,2021-09-29,51.0,60.0,67.0,69.0,72.0,76.0,80.0,85.0,89.0,92.0,95.0,103.0,116.0,inferred
Cherwell,2021-09-30,47.0,56.0,62.0,65.0,67.0,71.0,75.5,80.0,84.0,87.0,90.0,99.0,113.0,inferred
Cherwell,2021-10-01,45.0,53.0,58.0,61.0,63.0,67.0,71.0,74.0,78.0,81.0,83.2,92.0,106.0,inferred
Cherwell,2021-10-02,35.0,44.0,50.0,52.0,54.0,57.0,61.0,65.0,69.0,71.0,74.0,81.0,93.0,inferred
Cherwell,2021-10-03,38.0,45.0,51.0,53.0,55.0,58.6,62.0,66.0,70.0,73.0,76.0,83.0,93.0,inferred
Cherwell,2021-10-04,54.0,65.0,71.0,74.0,76.0,80.0,85.0,89.0,94.0,97.0,100.0,108.0,123.0,inferred
Cherwell,2021-10-05,54.0,63.0,69.0,71.0,74.0,78.0,83.0,88.0,93.0,95.0,99.0,107.0,122.5,inferred
Cherwell,2021-10-06,56.0,66.0,73.0,76.0,78.0,82.0,87.0,92.0,97.0,99.0,103.0,110.0,124.0,inferred
Cherwell,2021-10-07,54.5,64.0,71.0,74.0,76.0,81.0,85.0,89.0,93.0,96.0,99.0,108.0,123.0,inferred
Cherwell,2021-10-08,50.0,60.0,67.0,70.0,72.0,77.0,81.0,86.0,90.3,93.0,96.0,104.0,119.0,inferred
Cherwell,2021-10-09,42.0,52.0,59.0,61.0,63.0,68.0,72.0,76.0,81.0,84.0,86.0,94.0,107.5,inferred
Cherwell,2021-10-10,48.5,57.0,64.0,66.0,68.0,72.0,76.0,80.0,84.0,87.0,90.0,97.0,110.0,inferred
Cherwell,2021-10-11,71.5,82.0,90.0,92.0,95.0,100.0,104.0,109.0,114.0,118.0,121.0,131.0,146.0,inferred
Cherwell,2021-10-12,72.0,81.9,90.0,93.0,96.0,101.0,106.0,110.0,116.0,119.0,122.0,132.0,146.5,inferred
Cherwell,2021-10-13,75.0,86.0,93.0,97.0,100.0,106.0,111.0,116.0,121.0,124.0,128.0,138.0,154.0,inferred
Cherwell,2021-10-14,73.0,85.0,92.0,95.0,98.0,103.0,108.0,114.0,120.0,123.0,127.0,137.0,153.0,inferred
Cherwell,2021-10-15,67.5,81.0,88.0,91.0,94.0,99.0,104.0,109.4,116.0,120.0,124.0,134.0,151.0,inferred
Cheshire East,2021-07-03,73.0,86.0,93.0,96.0,98.0,103.0,108.0,113.0,119.0,122.0,126.0,136.0,154.5,inferred
Cheshire East,2021-07-04,85.0,96.0,105.0,109.0,111.0,117.0,122.0,128.0,134.0,137.0,141.0,151.0,167.0,inferred
Cheshire East,2021-07-05,134.0,149.0,159.0,164.0,168.0,174.0,181.0,188.0,195.3,199.0,204.0,215.0,236.0,inferred
Cheshire East,2021-07-06,138.0,150.9,160.0,165.0,169.0,177.0,183.0,189.0,196.0,200.0,205.0,215.1,234.5,inferred
Cheshire East,2021-07-07,150.0,165.0,175.0,180.0,184.0,191.0,197.0,202.0,209.0,213.0,217.0,230.0,247.0,inferred
Cheshire East,2021-07-08,154.0,171.0,182.0,186.0,190.0,196.0,203.0,210.0,217.0,221.0,226.0,237.0,257.0,inferred
Cheshire East,2021-07-09,146.0,160.9,172.0,176.8,180.0,187.0,194.0,200.0,206.0,210.0,214.0,226.0,248.0,inferred
Cheshire East,2021-07-10,130.5,145.0,155.0,159.0,162.0,169.0,175.0,181.0,188.0,192.0,196.0,207.0,225.0,inferred
Cheshire East,2021-07-11,149.5,166.9,176.0,180.0,183.0,190.0,197.0,203.0,210.0,214.0,220.0,232.0,252.0,inferred
Cheshire East,2021-07-12,233.5,250.9,264.0,269.0,274.0,282.0,291.0,298.0,307.0,312.0,317.0,334.1,359.0,inferred
Cheshire East,2021-07-13,221.0,243.0,255.0,260.0,266.0,274.0,283.0,291.0,300.0,307.0,312.0,329.1,354.5,inferred
Cheshire East,2021-07-14,224.0,243.0,257.0,262.0,266.0,275.0,283.0,290.0,299.0,304.0,309.0,324.0,345.0,inferred
Cheshire East,2021-07-15,210.0,229.0,243.0,248.0,252.0,260.0,267.0,275.0,284.0,289.0,294.0,310.0,332.5,inferred
Cheshire East,2021-07-16,177.0,197.0,209.0,213.0,217.0,224.0,232.0,238.0,246.3,251.0,255.0,268.0,292.5,inferred
Cheshire East,2021-07-17,141.5,159.0,169.0,173.0,177.0,184.0,190.0,198.0,204.0,208.0,212.0,223.0,241.5,inferred
Cheshire East,2021-07-18,147.0,164.0,173.8,177.0,181.0,188.0,195.0,203.0,210.0,215.0,220.0,231.0,249.0,inferred
Cheshire East,2021-07-19,207.0,227.0,241.0,245.8,250.0,258.0,267.0,274.0,283.0,287.0,294.0,309.0,329.5,inferred
Cheshire East,2021-07-20,185.5,204.0,215.0,219.0,223.0,231.0,239.0,249.0,256.0,260.0,265.0,280.0,304.5,inferred
Cheshire East,2021-07-21,175.0,192.0,204.0,208.0,212.0,219.0,226.0,233.0,242.0,246.0,250.0,265.0,285.0,inferred
Cheshire East,2021-07-22,155.0,170.0,181.0,186.0,190.0,197.0,203.0,209.0,217.0,222.0,227.2,240.0,260.5,inferred
Cheshire East,2021-07-23,123.0,139.0,149.0,153.0,156.7,163.0,169.0,175.0,182.0,185.0,189.0,201.0,222.0,inferred
Cheshire East,2021-07-24,96.0,106.0,114.0,117.0,120.0,125.0,131.0,136.0,142.0,146.0,150.0,160.0,178.0,inferred
Cheshire East,2021-07-25,90.0,105.0,113.0,117.0,120.0,125.0,131.0,136.0,141.0,144.0,147.2,158.0,177.0,inferred
Cheshire East,2021-07-26,123.5,138.0,149.0,152.0,157.0,163.0,169.0,175.0,183.0,187.0,190.0,203.0,221.5,inferred
Cheshire East,2021-07-27,113.5,126.0,135.0,138.0,142.0,148.0,154.0,159.0,165.0,169.0,173.0,185.0,205.0,inferred
Cheshire East,2021-07-28,113.0,125.0,134.0,138.0,141.0,147.0,153.0,159.0,165.0,169.0,172.2,184.1,203.5,inferred
Cheshire East,2021-07-29,105.0,118.9,128.0,132.0,135.0,140.0,146.0,153.0,159.0,163.0,167.0,179.0,196.0,inferred
Cheshire East,2021-07-30,92.0,104.0,113.0,115.0,119.0,125.0,129.0,135.0,141.0,145.0,148.0,157.1,171.5,inferred
Cheshire East,2021-07-31,77.0,87.0,93.0,96.0,99.0,103.0,108.0,113.0,119.0,122.0,125.0,134.0,149.0,inferred
Cheshire East,2021-08-01,77.0,90.0,99.0,102.0,105.0,110.0,115.0,119.4,125.0,128.0,132.0,141.0,156.5,inferred
Cheshire East,2021-08-02,115.0,127.0,137.0,141.0,145.7,153.0,159.0,165.0,171.0,176.0,180.0,189.0,207.0,inferred
Cheshire East,2021-08-03,105.0,121.0,130.0,133.0,137.0,142.0,148.0,154.0,160.0,165.0,169.0,179.0,197.0,inferred
Cheshire East,2021-08-04,109.0,122.0,131.0,134.0,138.0,144.0,149.0,156.0,162.0,166.0,171.0,181.0,198.0,inferred
Cheshire East,2021-08-05,105.5,118.9,127.0,131.0,134.0,140.0,146.0,152.0,158.0,161.0,165.0,175.0,191.0,inferred
Cheshire East,2021-08-06,90.5,104.0,112.0,115.0,118.0,124.0,129.0,134.0,141.0,144.0,147.0,157.0,173.5,inferred
Cheshire East,2021-08-07,73.0,84.0,92.0,95.0,97.0,102.0,107.0,113.0,119.0,122.0,125.0,134.0,149.0,inferred
Cheshire East,2021-08-08,80.0,91.0,98.0,101.0,104.0,110.0,114.0,119.0,125.0,128.0,131.0,142.0,158.5,inferred
Cheshire East,2021-08-09,116.0,131.0,140.8,144.0,148.0,154.0,160.0,166.0,172.0,176.0,180.0,193.0,208.0,inferred
Cheshire East,2021-08-10,108.0,123.0,132.0,136.0,139.0,145.0,151.0,157.0,163.0,167.0,172.0,184.0,204.0,inferred
Cheshire East,2021-08-11,110.5,126.0,135.8,139.0,142.0,148.0,155.0,161.0,168.0,171.0,175.0,187.0,205.0,inferred
Cheshire East,2021-08-12,110.0,124.0,132.0,135.8,138.0,145.0,151.0,157.0,162.0,167.0,171.0,182.0,200.0,inferred
Cheshire East,2021-08-13,96.0,109.0,118.0,121.0,124.0,130.0,135.0,141.0,148.0,151.0,156.0,164.0,183.5,inferred
Cheshire East,2021-08-14,80.0,92.0,100.0,102.0,105.0,110.0,115.0,120.0,126.0,128.0,132.0,141.0,157.0,inferred
Cheshire East,2021-08-15,87.0,98.0,107.0,110.0,112.0,118.0,124.0,128.0,134.0,137.0,141.0,152.0,167.0,inferred
Cheshire East,2021-08-16,131.0,144.0,154.0,158.0,161.0,167.0,175.0,181.0,188.0,193.0,197.0,209.0,225.0,inferred
Cheshire East,2021-08-17,120.0,135.0,146.0,150.0,154.0,160.0,166.0,172.0,178.0,183.0,188.0,198.0,219.0,inferred
Cheshire East,2021-08-18,126.5,140.0,149.0,153.0,157.0,163.0,169.0,175.0,182.0,186.0,190.0,202.0,219.0,inferred
Cheshire East,2021-08-19,121.0,135.0,145.0,148.8,152.0,158.0,164.0,170.0,177.0,182.0,185.2,196.0,213.5,inferred
Cheshire East,2021-08-20,106.0,120.0,129.0,132.0,136.0,142.0,147.0,153.0,159.0,163.0,167.0,178.0,195.0,inferred
Cheshire East,2021-08-21,87.5,99.0,107.0,110.0,113.0,119.0,124.0,129.0,134.0,138.0,141.0,151.0,166.0,inferred
Cheshire East,2021-08-22,93.0,106.0,115.0,118.0,120.0,126.0,132.0,137.0,143.0,147.0,151.0,161.0,180.0,inferred
Cheshire East,2021-08-23,137.0,154.0,166.0,169.0,173.0,181.0,187.0,194.0,201.0,205.0,209.0,221.1,241.0,inferred
Cheshire East,2021-08-24,133.5,150.0,159.0,162.8,166.0,172.0,179.0,186.0,193.0,197.2,202.0,214.0,232.0,inferred
Cheshire East,2021-08-25,138.5,154.0,164.0,168.0,171.0,178.0,185.0,192.0,199.3,203.0,208.0,220.0,238.0,inferred
Cheshire East,2021-08-26,139.0,153.0,163.0,167.0,171.0,178.0,185.0,190.0,198.0,202.0,207.0,217.1,239.0,inferred
Cheshire East,2021-08-27,124.0,139.0,149.0,153.0,156.0,162.0,167.0,173.0,179.0,183.0,187.0,197.0,217.5,inferred
Cheshire East,2021-08-28,103.0,117.0,125.0,129.0,133.0,139.0,144.0,150.0,156.0,159.0,163.0,173.0,191.0,inferred
Cheshire East,2021-08-29,114.0,129.0,139.0,143.0,146.0,151.0,157.0,163.0,170.0,173.0,177.0,188.0,206.0,inferred
Cheshire East,2021-08-30,175.0,189.0,202.0,206.0,210.0,217.0,225.0,232.0,241.0,245.0,250.2,264.0,284.0,inferred
Cheshire East,2021-08-31,163.0,181.0,193.0,198.0,201.7,210.0,216.5,224.0,231.0,234.0,239.0,252.0,275.0,inferred
Cheshire East,2021-09-01,166.0,185.0,197.0,201.0,205.0,212.0,218.0,226.0,235.0,238.0,243.0,257.0,280.5,inferred
Cheshire East,2021-09-02,164.0,180.0,191.8,196.0,201.0,207.0,215.0,221.0,230.0,233.0,237.2,251.0,269.0,inferred
Cheshire East,2021-09-03,142.5,158.0,169.0,172.0,176.0,182.0,189.0,195.0,202.0,206.0,211.0,224.0,241.0,inferred
Cheshire East,2021-09-04,117.0,131.0,140.0,144.0,147.7,154.0,160.0,165.0,172.0,176.0,179.0,189.0,209.0,inferred
Cheshire East,2021-09-05,124.0,139.0,149.0,152.0,156.0,163.0,169.0,176.0,183.0,187.0,191.0,203.0,223.0,inferred
Cheshire East,2021-09-06,181.0,199.0,211.0,217.0,220.0,229.0,236.0,242.0,251.0,255.2,261.0,276.0,301.0,inferred
Cheshire East,2021-09-07,169.0,188.0,199.0,204.0,209.0,216.0,223.0,231.0,239.0,243.0,248.0,262.0,283.0,inferred
Cheshire East,2021-09-08,171.5,188.0,200.0,204.0,209.0,216.0,223.0,230.0,237.0,242.0,247.0,261.0,284.0,inferred
Cheshire East,2021-09-09,168.0,183.0,194.0,199.0,202.0,210.0,216.0,223.4,232.0,236.0,241.0,252.0,272.5,inferred
Cheshire East,2021-09-10,142.0,159.0,170.0,174.0,178.0,186.0,192.0,198.0,205.3,210.0,214.0,224.0,245.5,inferred
Cheshire East,2021-09-11,119.0,132.0,142.0,145.0,148.0,155.0,160.0,165.0,172.0,176.0,180.0,191.0,210.5,inferred
Cheshire East,2021-09-12,124.0,140.0,149.0,153.0,156.0,162.0,168.0,174.0,181.0,184.2,189.2,200.0,219.0,inferred
Cheshire East,2021-09-13,184.0,199.0,211.0,215.0,219.0,228.0,235.0,243.0,251.0,256.0,261.0,274.0,297.5,inferred
Cheshire East,2021-09-14,172.5,190.0,201.0,206.0,211.0,218.0,225.0,232.0,239.0,244.0,248.0,262.0,283.0,inferred
Cheshire East,2021-09-15,181.0,199.0,211.0,216.0,219.7,227.0,234.0,242.0,250.0,255.0,259.0,273.1,292.5,inferred
Cheshire East,2021-09-16,188.0,202.0,213.8,218.0,223.0,231.0,239.0,246.0,253.0,257.0,263.0,276.1,299.0,inferred
Cheshire East,2021-09-17,172.0,187.0,197.8,202.0,206.0,213.0,220.0,227.0,234.3,239.0,245.0,258.0,280.5,inferred
Cheshire East,2021-09-18,144.0,160.0,170.0,173.0,177.0,184.0,191.0,196.4,204.0,208.0,212.0,226.0,246.0,inferred
Cheshire East,2021-09-19,160.0,178.0,190.0,194.0,197.0,203.0,209.0,216.0,225.0,229.0,233.0,246.0,265.0,inferred
Cheshire East,2021-09-20,235.0,258.9,272.0,278.0,283.0,291.0,300.0,309.0,318.0,323.0,328.0,346.0,370.0,inferred
Cheshire East,2021-09-21,228.5,248.0,260.0,266.0,271.0,279.0,287.5,296.4,306.0,311.0,317.2,331.0,358.0,inferred
Cheshire East,2021-09-22,235.0,253.0,266.8,273.0,277.0,287.0,295.0,302.0,310.0,316.0,322.0,336.0,360.5,inferred
Cheshire East,2021-09-23,224.0,246.0,258.8,263.0,269.0,277.0,285.0,293.0,301.0,306.0,311.0,326.1,353.0,inferred
Cheshire East,2021-09-24,200.0,218.0,229.8,234.0,238.7,246.0,254.0,262.0,270.0,273.0,279.0,294.0,316.0,inferred
Cheshire East,2021-09-25,168.0,182.0,192.0,197.0,200.0,207.0,214.0,220.0,228.0,232.0,236.0,251.0,275.0,inferred
Cheshire East,2021-09-26,175.0,194.0,206.0,210.0,214.0,221.0,228.0,235.0,242.0,247.0,251.0,264.0,289.0,inferred
Cheshire East,2021-09-27,255.0,278.9,291.0,298.0,303.0,311.0,320.0,329.0,338.0,343.0,349.2,366.0,391.5,inferred
Cheshire East,2021-09-28,242.5,263.0,278.0,283.0,287.0,296.0,305.0,313.0,324.0,329.0,334.0,349.0,371.5,inferred
Cheshire East,2021-09-29,249.0,269.0,285.0,291.0,295.0,304.0,313.0,320.0,327.0,332.0,338.0,355.0,380.0,inferred
Cheshire East,2021-09-30,243.0,265.0,278.0,283.0,289.0,296.0,305.0,313.0,323.0,329.0,335.0,349.0,376.5,inferred
Cheshire East,2021-10-01,222.0,241.0,252.0,257.0,261.0,268.0,276.0,284.0,293.0,297.0,302.0,317.0,338.5,inferred
Cheshire East,2021-10-02,181.0,197.0,208.0,213.0,218.0,225.0,233.0,239.0,248.0,252.0,256.2,272.0,292.0,inferred
Cheshire East,2021-10-03,195.0,214.0,226.0,231.0,237.0,245.0,252.0,259.0,267.0,272.0,277.0,291.0,310.0,inferred
Cheshire East,2021-10-04,288.0,308.0,324.0,330.0,336.0,345.0,354.0,363.0,373.0,379.0,384.0,402.1,425.0,inferred
Cheshire East,2021-10-05,274.0,297.0,313.0,318.0,324.0,332.0,341.0,350.0,360.0,365.0,371.0,390.0,413.5,inferred
Cheshire East,2021-10-06,296.5,316.9,330.0,335.0,341.0,351.0,359.0,368.0,378.0,384.0,390.0,406.0,433.0,inferred
Cheshire East,2021-10-07,295.0,316.0,332.0,336.0,342.0,351.0,360.0,370.4,379.0,384.0,390.0,408.0,430.0,inferred
Cheshire East,2021-10-08,267.0,288.0,304.0,309.0,313.0,322.0,330.0,338.0,347.0,353.0,359.0,377.0,400.0,inferred
Cheshire East,2021-10-09,227.0,249.9,263.0,269.0,272.0,280.0,287.0,295.0,304.3,309.0,317.0,333.0,357.0,inferred
Cheshire East,2021-10-10,248.0,274.0,288.8,293.0,299.0,308.0,317.0,326.0,334.0,339.0,345.0,360.0,385.0,inferred
Cheshire East,2021-10-11,379.0,402.0,421.0,428.0,433.0,443.0,454.0,464.0,476.0,481.0,488.2,509.0,544.0,inferred
Cheshire East,2021-10-12,356.0,386.0,400.0,406.0,412.0,423.0,434.0,442.0,453.0,458.0,465.0,486.0,514.0,inferred
Cheshire East,2021-10-13,359.0,381.9,398.8,406.0,412.0,422.0,432.0,441.0,453.0,460.0,468.0,486.0,513.0,inferred
Cheshire East,2021-10-14,335.5,360.9,377.0,384.0,390.0,401.0,411.0,421.0,432.0,438.0,445.0,467.0,495.0,inferred
Cheshire East,2021-10-15,284.0,305.0,323.8,331.8,336.0,346.0,356.0,368.0,378.0,385.0,392.2,410.0,442.0,inferred
Cheshire West and Chester,2021-07-03,79.0,93.0,101.0,104.0,108.0,114.0,119.0,125.0,131.0,134.0,138.0,148.0,163.0,inferred
Cheshire West and Chester,2021-07-04,91.0,103.0,112.0,116.0,119.0,125.0,130.0,136.0,143.0,146.0,150.0,163.0,178.0,inferred
Cheshire West and Chester,2021-07-05,142.0,156.0,167.0,171.0,175.0,182.0,189.0,197.0,204.0,209.0,213.0,226.0,245.0,inferred
Cheshire West and Chester,2021-07-06,140.0,156.0,167.0,171.0,174.0,181.0,186.0,192.0,199.0,204.0,210.0,222.0,244.5,inferred
Cheshire West and Chester,2021-07-07,148.0,164.0,176.0,180.0,184.0,191.0,199.0,206.0,214.0,218.0,223.0,234.0,261.0,inferred
Cheshire West and Chester,2021-07-08,151.0,168.0,178.0,183.0,187.0,195.0,202.0,208.4,216.0,221.0,225.0,237.0,258.0,inferred
Cheshire West and Chester,2021-07-09,139.0,156.0,167.0,171.0,174.7,182.0,188.0,194.0,202.0,206.0,210.0,223.0,247.0,inferred
Cheshire West and Chester,2021-07-10,118.5,135.0,145.8,150.0,154.0,160.0,166.0,172.0,178.0,182.0,186.0,198.0,219.0,inferred
Cheshire West and Chester,2021-07-11,136.0,153.0,165.0,168.0,172.7,180.0,187.0,193.0,202.0,206.0,211.0,221.0,245.0,inferred
Cheshire West and Chester,2021-07-12,211.0,230.0,245.0,249.0,254.0,263.0,271.0,280.0,289.0,295.0,301.0,317.0,338.0,inferred
Cheshire West and Chester,2021-07-13,201.0,220.0,235.0,240.0,244.7,253.0,261.0,269.0,278.0,282.0,288.0,306.1,335.0,inferred
Cheshire West and Chester,2021-07-14,194.0,213.9,228.0,234.0,238.0,247.0,257.0,265.4,275.0,279.0,286.0,302.0,325.0,inferred
Cheshire West and Chester,2021-07-15,183.0,201.0,215.0,219.8,224.0,231.0,240.0,248.0,256.0,261.0,266.0,282.0,310.0,inferred
Cheshire West and Chester,2021-07-16,153.0,169.9,180.0,185.0,188.0,196.0,203.0,210.0,217.0,222.0,226.0,241.0,267.0,inferred
Cheshire West and Chester,2021-07-17,121.0,134.0,144.0,148.0,152.0,158.0,164.0,170.0,177.3,181.0,185.0,197.0,217.0,inferred
Cheshire West and Chester,2021-07-18,122.0,136.0,147.0,151.0,154.0,162.0,168.0,174.0,182.0,187.0,192.0,204.0,225.0,inferred
Cheshire West and Chester,2021-07-19,170.0,191.0,202.0,207.0,210.0,219.0,227.0,234.0,241.0,245.2,251.0,266.0,287.0,inferred
Cheshire West and Chester,2021-07-20,148.0,164.9,177.0,181.8,185.0,194.0,200.0,208.0,216.0,220.0,226.0,240.0,259.0,inferred
Cheshire West and Chester,2021-07-21,140.0,158.0,170.0,174.0,178.0,185.0,192.0,199.0,207.0,211.0,216.0,228.0,248.5,inferred
Cheshire West and Chester,2021-07-22,124.0,141.0,152.0,156.0,160.0,166.6,173.0,180.0,187.0,191.0,197.0,209.0,225.5,inferred
Cheshire West and Chester,2021-07-23,102.5,116.0,125.0,129.0,132.0,139.0,144.0,150.0,157.0,160.0,164.0,176.0,195.0,inferred
Cheshire West and Chester,2021-07-24,76.5,89.0,98.0,101.0,104.0,109.0,114.0,119.0,125.0,128.0,132.0,143.0,161.0,inferred
Cheshire West and Chester,2021-07-25,78.5,90.0,98.0,101.0,104.0,109.0,114.0,119.0,125.0,129.0,132.0,142.1,158.0,inferred
Cheshire West and Chester,2021-07-26,105.0,120.0,130.0,134.0,138.0,145.0,150.0,157.0,164.0,167.0,172.0,182.0,202.0,inferred
Cheshire West and Chester,2021-07-27,96.0,108.0,118.0,122.0,125.0,132.0,137.0,144.0,151.0,154.0,158.0,170.0,186.0,inferred
Cheshire West and Chester,2021-07-28,97.0,111.0,120.0,123.0,126.0,131.0,137.0,143.0,149.0,153.0,157.0,170.0,189.0,inferred
Cheshire West and Chester,2021-07-29,89.0,104.0,114.0,118.0,121.0,127.0,132.0,138.0,145.0,149.0,153.0,165.0,183.0,inferred
Cheshire West and Chester,2021-07-30,78.5,91.0,100.0,103.0,106.0,111.0,116.0,121.0,128.0,130.0,135.0,144.0,162.0,inferred
Cheshire West and Chester,2021-07-31,64.0,75.0,83.0,86.0,89.0,94.0,99.0,103.4,109.0,112.0,116.0,126.0,142.0,inferred
Cheshire West and Chester,2021-08-01,67.0,79.0,87.0,91.0,93.0,99.0,104.0,108.4,114.0,116.0,120.0,131.0,143.5,inferred
Cheshire West and Chester,2021-08-02,102.0,115.0,124.0,128.0,131.0,137.0,143.0,150.0,157.0,161.0,166.0,178.0,198.0,inferred
Cheshire West and Chester,2021-08-03,98.0,110.0,119.0,122.8,126.0,131.0,137.0,143.0,149.0,152.0,156.2,167.1,186.0,inferred
Cheshire West and Chester,2021-08-04,97.0,111.0,120.0,124.0,127.0,133.0,138.0,144.0,151.0,155.0,158.0,169.0,186.0,inferred
Cheshire West and Chester,2021-08-05,95.0,108.0,117.0,121.8,125.0,130.0,135.0,141.0,147.0,151.0,156.0,166.1,185.0,inferred
Cheshire West and Chester,2021-08-06,82.5,94.0,102.0,106.0,109.0,114.6,120.0,125.0,132.0,136.0,140.0,150.0,166.0,inferred
Cheshire West and Chester,2021-08-07,66.0,77.0,85.0,89.0,91.0,96.0,101.0,107.0,112.0,115.0,119.0,129.0,143.0,inferred
Cheshire West and Chester,2021-08-08,71.0,83.0,92.0,96.0,98.0,104.0,109.0,114.0,120.0,123.0,127.0,136.0,154.0,inferred
Cheshire West and Chester,2021-08-09,111.5,123.9,134.0,138.0,141.0,147.0,154.0,160.0,168.0,171.0,176.0,187.0,207.0,inferred
Cheshire West and Chester,2021-08-10,104.0,118.0,127.0,131.0,135.0,141.0,147.0,155.0,160.3,164.0,168.0,180.0,200.5,inferred
Cheshire West and Chester,2021-08-11,109.0,122.0,130.0,134.0,137.0,143.0,149.0,156.4,164.0,168.0,171.0,183.0,201.0,inferred
Cheshire West and Chester,2021-08-12,104.0,118.0,127.0,131.0,134.0,140.0,147.0,153.0,159.0,163.0,168.0,180.0,198.5,inferred
Cheshire West and Chester,2021-08-13,91.0,104.0,114.0,118.0,121.0,126.0,132.0,138.0,144.0,148.0,151.0,162.0,179.0,inferred
Cheshire West and Chester,2021-08-14,76.0,86.0,94.0,97.0,100.0,106.0,110.5,115.0,121.0,124.0,128.0,140.0,158.0,inferred
Cheshire West and Chester,2021-08-15,81.0,94.0,102.0,105.0,108.0,114.0,120.0,125.0,130.0,133.0,137.0,148.0,165.0,inferred
Cheshire West and Chester,2021-08-16,122.0,136.0,148.0,152.8,156.0,163.0,169.0,176.0,182.0,186.2,192.0,205.0,224.0,inferred
Cheshire West and Chester,2021-08-17,114.0,129.0,141.0,145.0,148.7,155.0,162.0,168.0,174.0,178.0,181.0,195.0,215.0,inferred
Cheshire West and Chester,2021-08-18,119.5,132.0,143.0,147.0,151.0,158.0,164.0,171.0,178.0,182.0,186.0,198.0,219.5,inferred
Cheshire West and Chester,2021-08-19,115.0,129.0,140.0,144.0,147.0,154.0,160.0,166.0,172.3,177.0,182.0,192.1,213.5,inferred
Cheshire West and Chester,2021-08-20,100.0,114.0,123.0,127.0,130.0,137.0,142.0,148.0,155.0,158.0,163.0,174.0,190.5,inferred
Cheshire West and Chester,2021-08-21,82.0,93.0,102.0,106.0,109.0,114.0,119.0,125.0,132.0,135.0,139.0,149.0,165.0,inferred
Cheshire West and Chester,2021-08-22,85.0,99.0,108.8,113.0,116.0,122.0,127.0,133.0,139.0,142.0,146.0,157.0,173.5,inferred
Cheshire West and Chester,2021-08-23,125.0,144.0,156.0,160.0,165.0,171.0,178.0,185.0,193.0,197.0,202.0,212.0,237.5,inferred
Cheshire West and Chester,2021-08-24,126.5,141.9,152.0,155.0,160.0,167.0,173.0,180.0,187.0,192.0,197.0,209.1,230.0,inferred
Cheshire West and Chester,2021-08-25,130.0,147.0,158.0,163.0,167.0,175.0,181.5,188.0,195.0,199.0,204.0,216.0,233.5,inferred
Cheshire West and Chester,2021-08-26,134.5,149.0,161.0,165.0,169.0,177.0,183.0,190.0,197.0,201.0,205.0,217.0,236.0,inferred
Cheshire West and Chester,2021-08-27,120.0,135.0,146.0,149.8,153.0,160.0,166.0,173.0,180.0,184.0,189.0,200.1,222.5,inferred
Cheshire West and Chester,2021-08-28,105.0,118.0,127.0,130.0,133.0,140.0,146.0,152.0,159.0,163.0,168.0,180.1,199.0,inferred
Cheshire West and Chester,2021-08-29,115.0,130.0,141.0,145.0,148.0,154.0,160.0,166.0,173.3,177.0,182.0,194.0,216.0,inferred
Cheshire West and Chester,2021-08-30,176.0,197.0,209.0,213.0,217.0,225.0,233.0,241.0,251.0,255.0,260.0,275.0,298.0,inferred
Cheshire West and Chester,2021-08-31,167.0,187.0,200.0,204.8,209.0,217.0,224.0,232.0,242.0,246.0,251.2,265.0,288.0,inferred
Cheshire West and Chester,2021-09-01,172.5,192.0,203.0,208.0,212.0,221.0,229.5,239.0,246.0,252.0,256.0,270.0,293.0,inferred
Cheshire West and Chester,2021-09-02,170.0,187.0,199.0,204.0,207.0,216.0,224.0,231.0,239.0,243.0,249.0,261.0,282.0,inferred
Cheshire West and Chester,2021-09-03,147.0,165.0,176.0,180.8,185.0,192.0,199.0,206.0,214.0,218.0,222.0,234.1,258.0,inferred
Cheshire West and Chester,2021-09-04,119.0,135.0,144.0,149.0,153.0,159.0,165.0,172.0,179.0,184.0,188.0,200.0,219.0,inferred
Cheshire West and Chester,2021-09-05,129.0,144.0,155.0,159.0,163.0,170.0,177.0,184.0,192.0,195.0,200.0,212.0,235.0,inferred
Cheshire West and Chester,2021-09-06,186.5,208.0,222.0,227.0,232.0,239.0,246.0,254.0,263.0,268.0,273.0,288.0,310.5,inferred
Cheshire West and Chester,2021-09-07,174.0,191.0,204.0,208.0,212.0,220.0,228.0,235.0,245.0,250.0,256.0,268.0,296.5,inferred
Cheshire West and Chester,2021-09-08,174.5,190.0,201.0,205.0,210.0,217.0,225.0,233.0,240.0,245.0,250.0,265.1,284.0,inferred
Cheshire West and Chester,2021-09-09,160.0,177.0,188.0,192.0,197.0,203.0,211.0,219.0,227.0,231.0,236.0,251.0,272.0,inferred
Cheshire West and Chester,2021-09-10,137.0,150.0,161.0,165.0,169.0,175.0,181.0,187.0,194.0,198.0,203.0,215.0,241.0,inferred
Cheshire West and Chester,2021-09-11,103.0,119.0,127.0,131.0,135.0,141.0,148.0,154.0,161.0,164.0,168.0,179.1,197.0,inferred
Cheshire West and Chester,2021-09-12,108.5,123.0,131.0,136.0,139.0,145.0,151.0,158.0,165.0,169.0,174.0,187.1,208.0,inferred
Cheshire West and Chester,2021-09-13,154.0,170.0,182.0,187.0,191.0,199.0,207.0,213.0,221.0,226.0,231.0,245.0,265.0,inferred
Cheshire West and Chester,2021-09-14,143.0,160.0,171.0,176.0,180.0,187.0,194.0,201.0,208.0,213.0,219.0,232.0,254.0,inferred
Cheshire West and Chester,2021-09-15,148.0,166.0,177.0,181.0,184.7,192.0,199.0,205.0,213.0,217.0,222.0,236.0,258.0,inferred
Cheshire West and Chester,2021-09-16,144.0,161.0,173.8,178.0,181.0,189.0,195.0,202.0,210.0,214.0,219.0,230.0,251.5,inferred
Cheshire West and Chester,2021-09-17,128.5,144.9,154.0,159.0,163.0,169.0,175.5,183.0,190.0,194.0,200.0,213.0,231.0,inferred
Cheshire West and Chester,2021-09-18,107.0,122.0,132.0,135.0,139.0,146.0,152.0,159.0,165.0,168.2,173.0,186.0,202.5,inferred
Cheshire West and Chester,2021-09-19,117.0,132.0,142.0,146.0,149.0,156.0,162.0,168.0,176.0,179.0,183.0,194.0,212.0,inferred
Cheshire West and Chester,2021-09-20,173.0,191.0,204.0,208.0,212.0,220.0,229.0,236.0,245.0,249.2,256.0,271.0,294.0,inferred
Cheshire West and Chester,2021-09-21,163.0,181.0,193.8,198.0,202.0,209.0,216.0,224.0,233.0,237.2,242.2,257.0,278.0,inferred
Cheshire West and Chester,2021-09-22,164.0,183.0,194.0,198.0,202.0,209.0,217.0,225.0,235.0,239.0,245.0,260.0,281.5,inferred
Cheshire West and Chester,2021-09-23,154.0,173.0,185.0,188.0,193.0,200.6,208.0,215.0,223.3,227.0,233.0,245.0,264.5,inferred
Cheshire West and Chester,2021-09-24,137.0,152.0,162.0,168.0,171.0,177.0,184.0,190.0,198.0,202.0,207.0,220.0,241.0,inferred
Cheshire West and Chester,2021-09-25,109.0,124.0,134.8,138.0,141.0,147.0,153.0,160.0,166.0,170.0,175.0,186.0,205.0,inferred
Cheshire West and Chester,2021-09-26,117.0,132.0,142.0,146.0,149.0,155.0,161.0,167.0,174.3,178.0,183.0,194.0,215.5,inferred
Cheshire West and Chester,2021-09-27,165.0,182.0,196.0,202.0,207.0,215.0,223.0,231.0,238.0,242.0,247.0,264.0,288.0,inferred
Cheshire West and Chester,2021-09-28,158.0,177.0,189.0,193.0,197.0,205.0,213.0,221.0,229.0,234.0,240.0,254.0,278.0,inferred
Cheshire West and Chester,2021-09-29,163.5,182.0,194.0,199.0,202.0,210.0,216.0,224.0,232.0,237.0,242.0,258.0,281.0,inferred
Cheshire West and Chester,2021-09-30,163.5,181.0,194.0,198.0,202.0,209.0,216.0,223.0,231.0,236.0,241.0,255.0,274.0,inferred
Cheshire West and Chester,2021-10-01,145.0,162.0,172.8,177.0,181.0,188.0,195.0,203.0,210.0,214.0,219.0,232.0,251.5,inferred
Cheshire West and Chester,2021-10-02,121.0,137.0,146.0,151.0,155.0,161.0,167.0,173.4,181.0,185.0,189.0,202.1,224.0,inferred
Cheshire West and Chester,2021-10-03,133.0,147.9,159.0,163.0,167.0,173.6,179.0,187.0,194.0,199.0,203.0,216.0,236.0,inferred
Cheshire West and Chester,2021-10-04,197.0,218.0,231.0,235.0,239.0,247.0,255.0,265.0,273.0,277.0,283.0,298.0,327.5,inferred
Cheshire West and Chester,2021-10-05,189.0,209.0,222.0,227.0,231.0,239.0,246.0,254.0,262.0,268.0,275.0,292.0,312.5,inferred
Cheshire West and Chester,2021-10-06,197.0,217.0,229.0,234.0,239.0,247.0,255.0,264.4,274.0,279.0,284.0,300.0,321.0,inferred
Cheshire West and Chester,2021-10-07,194.5,214.0,227.0,233.0,237.7,246.0,255.0,263.0,271.0,276.0,281.0,295.0,317.0,inferred
Cheshire West and Chester,2021-10-08,174.5,194.0,207.8,211.0,215.0,223.0,230.0,237.0,245.0,250.0,255.0,270.0,295.0,inferred
Cheshire West and Chester,2021-10-09,147.0,162.9,175.0,179.0,183.0,190.0,198.0,204.0,211.0,215.0,220.0,232.1,254.0,inferred
Cheshire West and Chester,2021-10-10,163.0,180.0,191.0,196.0,199.7,207.0,214.0,223.0,231.0,236.0,241.0,254.1,277.0,inferred
Cheshire West and Chester,2021-10-11,240.5,262.0,275.0,282.0,287.0,297.0,305.0,315.0,323.0,328.2,334.2,353.1,380.0,inferred
Cheshire West and Chester,2021-10-12,227.0,247.0,261.0,267.0,272.0,282.0,291.0,299.0,309.0,315.0,322.0,338.0,367.5,inferred
Cheshire West and Chester,2021-10-13,220.0,242.0,258.0,265.0,271.0,279.6,288.0,298.0,307.0,313.0,320.0,336.0,363.0,inferred
Cheshire West and Chester,2021-10-14,211.0,231.0,246.0,251.0,256.0,266.0,275.0,284.0,293.0,300.0,306.0,323.0,350.0,inferred
Cheshire West and Chester,2021-10-15,183.0,203.9,215.0,220.0,224.0,232.0,240.0,248.0,258.0,264.0,270.0,286.0,311.0,inferred
Chesterfield,2021-07-03,9.0,13.0,17.0,18.0,20.0,22.0,25.0,28.0,32.0,34.0,36.0,42.0,53.0,inferred
Chesterfield,2021-07-04,11.0,16.0,20.0,21.0,23.0,26.0,29.0,32.0,36.0,38.0,40.0,47.0,58.0,inferred
Chesterfield,2021-07-05,19.0,26.0,31.0,33.0,35.0,39.0,43.0,46.0,50.0,53.0,55.0,63.1,76.5,inferred
Chesterfield,2021-07-06,19.0,26.0,31.0,33.0,35.0,39.0,43.0,46.0,51.0,53.0,55.0,63.0,75.0,inferred
Chesterfield,2021-07-07,22.0,30.0,36.0,37.8,39.0,43.0,47.0,51.0,56.0,58.0,61.0,69.0,83.0,inferred
Chesterfield,2021-07-08,26.0,34.0,39.0,41.8,43.0,47.0,51.0,56.0,60.3,63.0,65.0,73.0,89.0,inferred
Chesterfield,2021-07-09,26.0,33.0,39.0,41.0,43.0,46.6,51.0,55.0,59.0,62.0,64.0,72.0,86.0,inferred
Chesterfield,2021-07-10,23.0,30.0,35.0,38.0,40.0,44.0,48.0,52.0,56.0,59.0,62.0,69.0,82.0,inferred
Chesterfield,2021-07-11,29.5,38.0,44.0,47.0,49.0,54.0,59.0,63.0,67.0,70.0,73.0,82.0,99.0,inferred
Chesterfield,2021-07-12,50.0,62.0,70.0,73.0,77.0,83.0,87.0,93.0,99.0,102.0,107.0,117.0,133.0,inferred
Chesterfield,2021-07-13,51.0,62.0,69.8,73.0,76.7,82.0,87.0,92.0,98.0,102.0,106.0,116.0,132.5,inferred
Chesterfield,2021-07-14,50.0,61.0,69.0,72.0,75.0,81.0,87.0,92.0,99.0,102.0,107.0,116.1,134.0,inferred
Chesterfield,2021-07-15,48.0,59.0,66.0,69.0,72.0,77.0,82.0,87.0,93.0,97.0,101.0,112.0,130.0,inferred
Chesterfield,2021-07-16,40.0,50.0,57.0,59.0,62.0,67.0,72.0,77.0,82.0,85.0,89.0,98.0,113.5,inferred
Chesterfield,2021-07-17,30.0,39.9,46.0,48.0,51.0,55.0,59.0,64.0,68.0,71.0,74.0,85.0,97.0,inferred
Chesterfield,2021-07-18,32.0,42.0,48.0,51.0,53.0,58.0,62.0,66.0,71.0,74.0,77.0,86.0,101.5,inferred
Chesterfield,2021-07-19,48.0,58.0,66.0,69.0,72.0,76.0,81.0,87.0,92.0,96.0,100.0,111.0,125.0,inferred
Chesterfield,2021-07-20,40.0,50.0,58.0,61.0,63.0,69.0,73.0,78.0,84.0,87.0,90.0,101.0,119.5,inferred
Chesterfield,2021-07-21,35.0,46.0,53.0,56.0,58.0,62.6,67.0,72.0,77.3,81.0,84.0,95.0,109.0,inferred
Chesterfield,2021-07-22,32.0,41.0,47.0,49.0,52.0,56.0,60.0,65.0,69.0,72.0,75.0,83.0,99.0,inferred
Chesterfield,2021-07-23,24.0,32.0,37.0,40.0,42.0,46.0,49.0,53.0,57.0,60.0,63.0,71.0,86.0,inferred
Chesterfield,2021-07-24,16.0,23.0,28.0,30.0,32.0,35.0,39.0,43.0,46.0,48.0,52.0,59.0,71.0,inferred
Chesterfield,2021-07-25,17.0,23.0,27.0,29.0,31.0,34.0,37.0,40.0,44.0,47.0,49.0,56.0,69.5,inferred
Chesterfield,2021-07-26,24.0,31.0,37.0,39.0,41.0,44.0,48.0,51.0,56.0,59.0,61.0,69.1,85.0,inferred
Chesterfield,2021-07-27,20.0,26.0,31.0,33.0,35.0,38.0,41.0,46.0,49.0,52.0,54.0,62.0,74.0,inferred
Chesterfield,2021-07-28,19.0,25.0,30.0,32.0,33.0,37.0,41.0,44.0,49.0,51.0,54.0,62.0,73.5,inferred
Chesterfield,2021-07-29,18.0,24.0,28.0,31.0,32.0,36.0,39.0,43.0,47.0,49.0,52.0,60.0,71.0,inferred
Chesterfield,2021-07-30,15.0,20.0,25.0,27.0,29.0,32.0,35.0,38.0,42.0,44.0,46.0,54.0,66.0,inferred
Chesterfield,2021-07-31,11.0,16.0,20.0,22.0,23.0,26.6,30.0,32.0,36.0,38.0,40.0,47.0,58.0,inferred
Chesterfield,2021-08-01,11.0,17.0,21.0,23.0,25.0,28.0,31.0,34.0,37.0,39.0,42.0,49.0,63.0,inferred
Chesterfield,2021-08-02,17.0,25.0,30.0,32.0,34.0,38.0,42.0,46.0,50.0,53.0,56.0,63.0,74.0,inferred
Chesterfield,2021-08-03,16.0,22.9,27.8,29.0,31.0,35.0,38.5,42.0,46.0,48.0,51.0,59.0,72.0,inferred
Chesterfield,2021-08-04,16.0,22.0,27.0,29.0,31.0,34.0,38.0,41.0,45.0,47.0,50.0,58.0,70.5,inferred
Chesterfield,2021-08-05,15.0,21.0,25.0,27.0,29.0,32.0,35.0,39.0,43.0,45.0,47.0,54.0,65.5,inferred
Chesterfield,2021-08-06,13.0,18.0,23.0,24.0,26.0,29.0,31.0,35.0,38.0,41.0,43.0,50.0,61.0,inferred
Chesterfield,2021-08-07,10.0,14.0,18.0,19.0,21.0,24.0,27.0,30.0,33.0,34.0,36.0,42.0,55.0,inferred
Chesterfield,2021-08-08,10.0,15.0,19.0,21.0,22.0,25.0,28.0,31.0,35.0,37.0,39.0,45.0,56.0,inferred
Chesterfield,2021-08-09,16.0,22.0,28.0,30.0,31.0,35.0,38.0,41.0,45.0,47.0,50.0,58.0,72.5,inferred
Chesterfield,2021-08-10,15.0,21.0,25.0,27.0,29.0,32.0,36.0,39.0,43.0,45.0,48.0,55.0,67.5,inferred
Chesterfield,2021-08-11,15.0,20.0,26.0,27.0,29.0,33.0,36.0,39.0,43.0,45.0,48.0,56.0,66.0,inferred
Chesterfield,2021-08-12,15.0,20.0,25.0,27.0,28.0,32.0,35.0,38.0,41.0,44.0,46.0,53.0,66.0,inferred
Chesterfield,2021-08-13,12.5,18.0,22.0,24.0,25.0,29.0,32.0,35.0,39.0,41.0,44.0,51.0,65.0,inferred
Chesterfield,2021-08-14,10.0,15.0,19.0,21.0,23.0,25.0,28.0,31.0,34.0,36.0,39.0,45.0,55.0,inferred
Chesterfield,2021-08-15,10.0,16.0,20.0,22.0,23.0,26.0,29.0,32.0,36.0,38.0,41.0,47.0,60.5,inferred
Chesterfield,2021-08-16,18.0,24.0,29.0,32.0,34.0,38.0,41.0,45.0,48.0,51.0,53.0,62.0,74.0,inferred
Chesterfield,2021-08-17,18.0,23.0,28.0,30.0,32.0,35.0,39.0,42.0,46.0,49.0,51.0,59.0,71.0,inferred
Chesterfield,2021-08-18,16.0,22.0,27.0,29.0,32.0,35.0,39.0,43.0,47.0,49.0,52.0,60.0,73.0,inferred
Chesterfield,2021-08-19,16.0,23.0,27.0,29.0,31.0,35.0,38.0,42.0,46.0,48.0,51.0,59.0,74.0,inferred
Chesterfield,2021-08-20,14.0,21.0,25.0,26.0,28.0,31.0,34.0,37.0,41.0,43.0,46.0,53.0,65.0,inferred
Chesterfield,2021-08-21,11.0,16.0,20.0,22.0,24.0,27.0,30.0,33.0,36.3,38.0,41.0,48.0,57.0,inferred
Chesterfield,2021-08-22,12.0,18.0,22.0,24.0,26.0,29.0,32.0,34.0,38.0,40.2,44.0,51.0,62.0,inferred
Chesterfield,2021-08-23,19.0,26.0,32.0,35.0,37.0,41.0,45.0,49.0,53.0,56.0,59.0,66.0,80.0,inferred
Chesterfield,2021-08-24,19.5,26.0,31.0,34.0,35.0,39.0,42.0,46.0,51.0,54.0,57.0,64.0,76.0,inferred
Chesterfield,2021-08-25,20.0,27.0,32.0,34.0,36.0,40.0,43.0,46.0,51.0,54.0,56.0,64.0,79.0,inferred
Chesterfield,2021-08-26,19.0,26.0,31.0,34.0,36.0,39.0,43.0,47.0,51.0,53.0,56.0,64.0,78.5,inferred
Chesterfield,2021-08-27,18.0,24.0,29.0,31.0,32.0,36.0,40.0,43.0,47.0,50.0,52.0,59.0,71.5,inferred
Chesterfield,2021-08-28,13.0,19.0,23.0,25.0,27.0,31.0,34.0,37.0,40.0,43.0,45.0,52.0,64.0,inferred
Chesterfield,2021-08-29,15.0,22.0,26.0,28.0,29.7,33.0,36.0,40.0,44.0,47.0,50.0,57.0,70.0,inferred
Chesterfield,2021-08-30,24.0,32.0,38.0,41.0,43.0,47.0,51.0,55.0,60.0,63.0,66.0,75.0,90.0,inferred
Chesterfield,2021-08-31,23.0,30.9,36.0,38.0,41.0,44.0,48.5,53.0,58.0,60.0,63.0,71.0,86.0,inferred
Chesterfield,2021-09-01,22.0,30.0,36.0,38.0,40.0,44.0,48.0,52.0,57.0,60.0,63.0,72.0,85.0,inferred
Chesterfield,2021-09-02,23.0,30.0,36.0,38.0,40.0,44.0,48.0,52.0,56.0,58.0,61.0,70.0,85.0,inferred
Chesterfield,2021-09-03,20.0,27.0,32.0,34.0,36.0,39.0,43.0,47.0,51.0,54.0,57.0,64.0,77.0,inferred
Chesterfield,2021-09-04,16.0,21.9,26.0,28.0,29.0,33.0,36.0,40.0,44.0,46.0,48.0,56.0,70.0,inferred
Chesterfield,2021-09-05,17.0,23.0,27.8,30.0,31.0,35.0,39.0,42.0,46.0,48.0,51.0,58.0,72.0,inferred
Chesterfield,2021-09-06,26.0,35.0,40.0,42.0,44.0,48.0,53.0,57.0,62.0,64.0,68.0,77.0,92.0,inferred
Chesterfield,2021-09-07,23.0,31.0,37.0,39.0,41.0,45.0,49.0,53.0,57.3,60.0,63.0,72.0,85.0,inferred
Chesterfield,2021-09-08,22.0,29.0,34.0,37.0,39.0,43.0,46.0,51.0,55.0,58.0,61.0,69.0,81.0,inferred
Chesterfield,2021-09-09,19.0,27.0,32.0,35.0,36.0,40.0,43.0,47.0,52.0,54.0,56.2,64.0,77.0,inferred
Chesterfield,2021-09-10,17.0,23.0,27.0,29.0,31.0,34.0,38.0,41.0,45.0,47.0,50.0,57.0,68.5,inferred
Chesterfield,2021-09-11,12.0,17.0,21.0,23.0,25.0,28.0,30.0,33.4,37.0,40.0,42.0,49.0,60.0,inferred
Chesterfield,2021-09-12,12.0,18.0,22.0,24.0,25.0,29.0,32.0,35.0,39.0,40.2,43.0,49.0,62.0,inferred
Chesterfield,2021-09-13,20.0,25.0,30.0,32.0,34.0,38.0,42.0,45.0,50.0,52.0,55.0,63.1,76.0,inferred
Chesterfield,2021-09-14,17.0,24.0,29.0,31.0,33.0,36.0,39.0,43.0,47.0,49.0,52.0,59.0,71.0,inferred
Chesterfield,2021-09-15,18.0,25.0,30.0,33.0,34.0,38.0,41.0,45.0,49.3,52.0,55.0,61.0,74.5,inferred
Chesterfield,2021-09-16,19.0,26.0,31.0,33.0,35.0,39.0,43.0,47.0,51.0,53.0,55.0,63.0,77.0,inferred
Chesterfield,2021-09-17,19.0,25.0,30.0,32.0,33.0,37.0,41.0,44.0,48.0,51.0,54.0,62.0,75.5,inferred
Chesterfield,2021-09-18,15.0,21.0,26.0,28.0,30.0,34.0,37.0,41.0,45.0,47.0,50.0,57.0,69.0,inferred
Chesterfield,2021-09-19,18.0,25.0,29.0,31.0,33.0,36.6,40.0,44.0,48.0,51.0,54.0,63.0,77.0,inferred
Chesterfield,2021-09-20,31.0,40.0,47.0,49.0,51.0,55.0,60.0,64.0,69.0,71.0,74.0,83.0,100.5,inferred
Chesterfield,2021-09-21,29.0,38.0,45.0,47.0,50.0,54.0,59.0,63.0,68.0,71.0,75.0,84.0,101.0,inferred
Chesterfield,2021-09-22,31.0,40.0,46.0,48.0,51.0,56.0,59.0,64.0,69.0,72.0,75.0,84.0,103.0,inferred
Chesterfield,2021-09-23,30.0,39.0,45.0,48.0,50.0,54.0,58.0,63.0,68.0,71.0,74.0,84.0,97.0,inferred
Chesterfield,2021-09-24,26.0,33.9,40.0,43.0,45.0,48.0,52.0,57.0,61.0,64.0,67.2,75.0,90.0,inferred
Chesterfield,2021-09-25,22.0,28.0,33.0,35.0,37.0,40.6,45.0,48.0,52.3,55.0,58.0,67.0,81.0,inferred
Chesterfield,2021-09-26,23.0,31.0,37.0,39.0,41.0,45.0,49.0,53.0,57.0,59.0,62.0,71.0,84.5,inferred
Chesterfield,2021-09-27,37.0,45.0,51.0,54.0,57.0,62.0,66.0,71.0,77.0,80.0,84.0,93.0,106.0,inferred
Chesterfield,2021-09-28,34.5,44.0,50.0,52.0,55.0,60.0,64.0,69.0,74.0,77.0,80.0,90.0,107.5,inferred
Chesterfield,2021-09-29,34.5,46.0,52.0,55.0,58.0,62.0,67.0,72.0,76.0,79.0,83.0,92.0,110.0,inferred
Chesterfield,2021-09-30,36.5,46.0,52.0,55.0,57.0,62.0,66.0,71.0,77.0,80.0,83.0,92.0,106.0,inferred
Chesterfield,2021-10-01,33.0,42.0,48.0,51.0,53.0,57.0,62.0,67.0,72.0,75.0,79.0,88.0,107.0,inferred
Chesterfield,2021-10-02,27.0,35.0,42.0,45.0,47.0,51.0,55.0,59.0,64.0,67.0,70.0,78.0,94.0,inferred
Chesterfield,2021-10-03,30.0,40.0,47.0,49.0,52.0,56.0,61.0,65.0,70.0,73.0,76.0,85.0,101.0,inferred
Chesterfield,2021-10-04,49.0,61.0,68.0,72.0,74.0,79.0,85.0,90.0,96.0,99.0,103.0,114.1,131.0,inferred
Chesterfield,2021-10-05,48.0,58.0,65.0,69.0,72.0,77.6,82.0,88.0,94.0,98.0,102.0,113.0,129.0,inferred
Chesterfield,2021-10-06,51.0,63.0,70.0,73.0,76.0,81.0,86.0,91.0,97.0,100.0,104.0,115.0,134.0,inferred
Chesterfield,2021-10-07,51.5,62.0,71.0,73.0,76.0,82.0,87.0,91.0,96.0,101.0,105.0,115.0,132.5,inferred
Chesterfield,2021-10-08,44.0,56.0,64.0,66.0,69.0,74.0,79.0,85.0,90.0,94.0,97.0,107.0,122.0,inferred
Chesterfield,2021-10-09,38.0,48.0,55.0,58.0,60.0,65.0,70.0,74.0,79.0,82.0,85.0,98.0,114.0,inferred
Chesterfield,2021-10-10,45.0,55.0,62.0,65.0,68.0,73.0,77.0,82.0,87.0,90.0,95.0,103.0,120.0,inferred
Chesterfield,2021-10-11,65.0,78.0,89.0,92.0,95.0,101.0,107.0,113.0,120.0,124.0,128.0,141.0,165.0,inferred
Chesterfield,2021-10-12,62.0,76.0,85.0,89.0,92.0,98.0,104.0,110.0,118.0,121.0,125.2,136.0,157.0,inferred
Chesterfield,2021-10-13,61.5,75.0,84.0,87.0,90.0,97.0,102.0,109.0,115.0,119.0,123.0,134.0,149.5,inferred
Chesterfield,2021-10-14,58.5,72.0,81.0,84.0,87.0,93.0,100.0,105.0,111.0,115.0,120.0,131.1,148.5,inferred
Chesterfield,2021-10-15,52.0,63.0,71.0,74.0,77.0,83.0,88.0,94.0,100.0,103.2,108.0,120.0,139.0,inferred
Chichester,2021-07-03,9.0,14.0,18.0,19.0,20.0,23.0,26.0,29.0,33.0,35.0,37.0,43.0,53.0,inferred
Chichester,2021-07-04,12.0,17.0,20.0,22.0,24.0,27.0,30.0,33.0,37.0,39.0,41.0,48.0,60.0,inferred
Chichester,2021-07-05,20.5,27.0,32.0,34.0,36.0,40.0,44.0,48.0,52.0,54.0,57.0,65.0,78.0,inferred
Chichester,2021-07-06,21.0,29.0,34.8,37.0,38.0,42.0,46.0,50.0,54.0,56.0,59.0,67.0,82.0,inferred
Chichester,2021-07-07,25.0,33.0,38.0,40.0,42.0,46.0,51.0,54.0,59.0,61.0,65.0,73.1,86.0,inferred
Chichester,2021-07-08,26.0,34.0,40.0,42.0,44.0,48.0,51.0,56.0,61.0,63.0,66.0,75.0,88.0,inferred
Chichester,2021-07-09,26.0,34.0,39.8,42.0,44.0,48.0,52.0,56.0,60.0,64.0,67.0,76.0,91.0,inferred
Chichester,2021-07-10,25.0,32.0,37.0,39.0,41.0,45.0,49.0,53.0,57.0,60.0,62.0,71.0,83.0,inferred
Chichester,2021-07-11,28.0,36.0,42.0,44.0,46.0,50.0,54.0,57.0,63.0,65.0,68.0,77.0,92.5,inferred
Chichester,2021-07-12,47.0,56.0,63.0,66.0,69.0,74.0,79.0,84.0,90.0,93.0,97.0,106.0,122.5,inferred
Chichester,2021-07-13,44.5,55.0,63.0,66.0,69.0,74.0,79.0,84.0,90.0,94.0,98.0,108.0,126.0,inferred
Chichester,2021-07-14,47.0,57.0,65.0,67.0,71.0,76.0,81.0,86.0,91.0,94.0,99.0,108.0,124.0,inferred
Chichester,2021-07-15,43.0,53.0,60.0,63.0,65.0,71.0,75.0,80.0,86.0,90.0,93.0,104.0,118.0,inferred
Chichester,2021-07-16,37.0,47.0,54.0,57.0,59.0,65.0,69.0,74.0,79.0,82.0,85.0,95.0,110.0,inferred
Chichester,2021-07-17,29.0,37.0,43.0,46.0,48.0,52.0,57.0,61.0,66.0,68.0,71.0,80.0,95.0,inferred
Chichester,2021-07-18,30.0,38.0,44.0,47.0,48.7,53.0,58.0,62.0,66.0,70.0,73.0,81.1,97.0,inferred
Chichester,2021-07-19,43.0,55.0,62.0,65.0,68.0,72.0,77.0,82.0,88.0,91.0,95.0,105.0,121.0,inferred
Chichester,2021-07-20,38.5,50.0,56.0,59.0,62.0,66.0,70.0,76.0,82.0,84.0,88.0,96.0,109.5,inferred
Chichester,2021-07-21,36.0,47.0,54.0,56.0,59.0,64.0,69.0,73.0,79.0,81.0,85.0,94.0,108.0,inferred
Chichester,2021-07-22,31.5,41.0,47.0,49.0,51.0,55.6,59.5,64.0,69.0,72.0,75.0,83.0,99.5,inferred
Chichester,2021-07-23,26.0,34.0,40.0,42.0,45.0,48.0,52.0,56.0,61.0,64.0,67.0,75.1,89.5,inferred
Chichester,2021-07-24,19.0,25.0,30.0,32.0,34.0,37.0,40.0,44.0,48.0,50.0,53.0,61.0,73.0,inferred
Chichester,2021-07-25,17.0,24.0,28.0,30.0,32.0,36.0,39.0,42.0,47.0,49.0,52.0,59.0,73.0,inferred
Chichester,2021-07-26,25.0,33.0,38.0,41.0,43.0,47.0,51.0,55.0,60.0,63.0,65.0,75.0,88.0,inferred
Chichester,2021-07-27,24.0,32.0,37.0,39.0,41.0,45.0,49.0,53.0,57.0,60.0,63.0,71.0,83.5,inferred
Chichester,2021-07-28,24.0,32.0,37.0,40.0,42.0,46.0,50.0,54.0,59.0,61.0,64.0,72.0,87.0,inferred
Chichester,2021-07-29,24.5,31.0,36.8,38.0,40.0,43.0,47.0,51.0,55.3,58.0,61.0,68.0,80.5,inferred
Chichester,2021-07-30,21.0,28.0,34.0,36.0,38.0,42.0,46.0,49.0,53.0,56.0,59.0,67.0,80.0,inferred
Chichester,2021-07-31,18.5,25.0,29.0,31.0,33.0,37.0,39.0,43.0,47.0,49.0,53.0,59.0,72.0,inferred
Chichester,2021-08-01,18.0,24.0,30.0,32.0,34.0,37.0,41.0,45.0,49.0,51.0,54.0,61.0,76.0,inferred
Chichester,2021-08-02,29.0,36.0,43.0,46.0,48.0,52.0,56.0,60.0,65.0,68.0,72.0,80.1,95.0,inferred
Chichester,2021-08-03,27.0,35.9,41.8,44.0,46.0,50.0,55.0,59.0,64.0,66.0,69.0,79.0,92.0,inferred
Chichester,2021-08-04,27.0,36.0,42.0,44.0,46.0,51.0,55.0,59.4,64.0,66.0,69.0,78.0,91.0,inferred
Chichester,2021-08-05,26.0,35.0,40.0,42.0,44.0,48.0,52.0,56.0,61.0,64.0,67.0,75.0,90.0,inferred
Chichester,2021-08-06,23.0,30.0,36.0,39.0,41.0,44.0,48.0,52.0,57.0,59.2,62.0,69.0,82.0,inferred
Chichester,2021-08-07,19.0,25.0,30.0,32.0,34.0,38.0,41.0,44.0,48.0,51.0,53.0,61.0,74.0,inferred
Chichester,2021-08-08,20.5,27.0,32.0,34.0,35.0,38.0,42.0,46.0,50.0,52.0,54.0,62.0,76.0,inferred
Chichester,2021-08-09,30.0,39.0,44.0,47.0,49.0,53.0,56.0,61.0,66.0,69.0,72.0,81.0,95.5,inferred
Chichester,2021-08-10,29.0,38.0,43.0,46.0,48.0,52.0,56.0,60.0,66.0,69.0,71.0,80.0,96.0,inferred
Chichester,2021-08-11,31.0,39.0,45.0,47.0,49.0,54.0,57.0,62.0,67.0,70.0,73.0,81.0,95.0,inferred
Chichester,2021-08-12,29.0,38.0,45.0,47.0,49.0,54.0,57.0,62.0,68.0,70.0,74.0,81.1,97.5,inferred
Chichester,2021-08-13,29.5,39.0,44.0,46.0,49.0,53.0,57.0,61.0,66.0,69.0,72.0,81.0,94.0,inferred
Chichester,2021-08-14,25.5,33.0,39.0,41.0,43.0,47.0,51.0,55.0,60.0,63.0,66.0,75.0,90.0,inferred
Chichester,2021-08-15,28.0,36.0,42.0,44.0,46.0,50.0,54.0,58.0,63.0,66.0,69.0,78.0,92.0,inferred
Chichester,2021-08-16,42.0,53.0,61.0,64.0,67.0,72.0,76.0,81.0,87.0,90.0,94.0,103.1,118.5,inferred
Chichester,2021-08-17,44.0,52.0,60.0,63.0,65.0,70.0,75.0,80.0,85.0,88.2,93.0,102.0,121.0,inferred
Chichester,2021-08-18,41.0,52.0,58.0,61.0,64.0,69.0,74.0,79.0,84.0,88.0,91.0,99.0,118.0,inferred
Chichester,2021-08-19,37.0,47.0,53.0,56.0,58.0,62.0,67.0,72.0,77.0,80.0,84.0,93.0,108.5,inferred
Chichester,2021-08-20,34.0,41.0,48.0,50.0,53.0,57.0,62.0,66.0,71.0,73.0,76.0,86.1,102.5,inferred
Chichester,2021-08-21,24.0,32.0,38.0,40.0,43.0,47.0,50.0,54.0,59.0,62.0,64.0,74.0,88.0,inferred
Chichester,2021-08-22,25.0,32.0,37.0,40.0,42.0,46.0,50.0,54.4,59.0,61.0,65.0,74.0,88.5,inferred
Chichester,2021-08-23,35.0,44.0,51.0,53.0,55.7,60.0,64.0,69.0,73.0,76.2,81.0,89.0,104.0,inferred
Chichester,2021-08-24,33.0,42.0,48.0,51.0,53.0,58.0,62.0,67.0,73.0,75.0,78.0,87.0,103.0,inferred
Chichester,2021-08-25,31.0,41.0,46.0,49.0,51.0,55.0,59.0,63.0,68.3,71.0,75.0,85.0,100.0,inferred
Chichester,2021-08-26,29.0,36.0,43.0,45.0,48.0,52.0,56.0,60.0,65.0,67.0,71.0,78.0,92.0,inferred
Chichester,2021-08-27,24.0,32.0,37.0,39.0,42.0,45.0,49.0,52.0,57.0,60.0,63.0,71.1,85.5,inferred
Chichester,2021-08-28,18.0,25.0,30.0,32.0,34.0,37.0,40.0,44.0,48.0,50.0,53.0,61.0,74.5,inferred
Chichester,2021-08-29,19.0,25.0,30.0,32.0,34.0,38.0,41.0,45.0,49.0,51.0,55.0,62.0,75.0,inferred
Chichester,2021-08-30,27.0,36.0,41.0,44.0,46.0,50.0,54.0,59.0,64.0,68.0,71.0,78.0,92.0,inferred
Chichester,2021-08-31,27.0,35.0,40.0,42.0,44.0,48.0,52.0,56.0,61.0,64.0,68.0,75.0,88.0,inferred
Chichester,2021-09-01,26.0,34.0,39.0,42.0,44.0,48.0,52.0,56.0,60.0,63.0,66.0,75.0,88.5,inferred
Chichester,2021-09-02,23.5,30.0,35.0,37.0,39.0,44.0,47.0,51.0,55.0,57.2,61.0,68.1,85.0,inferred
Chichester,2021-09-03,21.0,27.0,32.0,34.0,35.0,39.0,42.0,46.0,50.0,53.0,56.0,64.0,76.0,inferred
Chichester,2021-09-04,15.0,21.0,25.0,27.0,28.0,32.0,34.0,38.0,42.0,44.0,47.0,54.0,68.0,inferred
Chichester,2021-09-05,15.0,21.0,25.0,27.0,29.0,32.0,35.0,38.0,41.0,44.0,46.0,54.0,68.0,inferred
Chichester,2021-09-06,22.0,30.0,35.0,37.0,40.0,43.0,47.0,50.0,54.0,57.0,59.0,68.0,81.0,inferred
Chichester,2021-09-07,18.0,26.0,31.0,33.0,36.0,39.0,43.0,47.0,51.0,53.0,56.0,64.0,76.0,inferred
Chichester,2021-09-08,18.0,24.0,30.0,32.0,34.0,37.0,40.0,45.0,49.0,51.2,54.0,61.0,75.0,inferred
Chichester,2021-09-09,15.0,22.0,26.0,28.0,30.0,33.0,36.0,40.0,44.0,46.0,48.0,55.0,68.0,inferred
Chichester,2021-09-10,12.0,18.0,22.0,24.0,26.0,29.0,32.0,35.0,39.0,41.0,44.0,52.0,64.0,inferred
Chichester,2021-09-11,10.0,13.0,17.0,19.0,20.0,23.0,26.0,28.0,31.0,33.0,36.0,42.0,52.0,inferred
Chichester,2021-09-12,8.0,13.0,16.0,17.0,19.0,21.0,24.0,27.0,30.0,32.0,34.0,40.0,51.0,inferred
Chichester,2021-09-13,13.0,18.0,23.0,24.0,26.0,28.0,31.0,35.0,39.0,40.2,43.0,50.0,60.0,inferred
Chichester,2021-09-14,13.0,17.0,21.0,23.0,24.0,27.0,30.0,33.0,36.0,38.0,40.0,47.0,58.0,inferred
Chichester,2021-09-15,12.0,17.0,22.0,24.0,25.0,28.0,31.0,34.0,38.0,40.0,42.0,49.0,60.0,inferred
Chichester,2021-09-16,11.5,17.0,21.0,23.0,24.0,27.0,31.0,34.0,37.0,39.0,42.0,48.0,60.0,inferred
Chichester,2021-09-17,10.0,16.0,20.0,21.0,23.0,25.0,28.0,31.0,34.3,37.0,38.0,45.0,56.0,inferred
Chichester,2021-09-18,8.0,13.0,17.0,18.0,20.0,22.0,24.0,28.0,31.0,32.0,35.0,41.0,53.0,inferred
Chichester,2021-09-19,10.0,14.0,18.0,19.0,21.0,24.0,26.0,29.0,32.0,34.0,36.0,42.0,52.0,inferred
Chichester,2021-09-20,16.0,22.0,27.0,29.0,30.0,34.0,37.0,41.0,45.0,47.0,49.0,57.0,68.5,inferred
Chichester,2021-09-21,16.0,21.9,25.0,27.0,29.0,33.0,36.0,40.0,44.0,46.0,48.0,55.0,67.5,inferred
Chichester,2021-09-22,16.0,22.0,26.0,28.0,30.0,34.0,37.0,41.0,44.0,47.0,50.0,56.0,69.5,inferred
Chichester,2021-09-23,14.0,19.0,25.0,27.0,28.0,32.0,35.0,38.0,42.0,45.0,48.0,55.0,69.0,inferred
Chichester,2021-09-24,13.0,19.0,23.0,25.0,26.0,29.0,32.0,35.0,39.0,41.0,44.0,50.0,65.0,inferred
Chichester,2021-09-25,11.0,15.0,19.0,20.0,22.0,25.0,28.0,30.0,34.0,36.0,38.0,43.0,54.0,inferred
Chichester,2021-09-26,10.0,15.0,19.0,21.0,22.0,25.0,28.0,31.0,35.0,37.0,39.0,45.0,57.0,inferred
Chichester,2021-09-27,16.5,22.0,27.0,30.0,31.0,34.0,38.0,41.0,45.0,47.0,49.0,56.0,67.5,inferred
Chichester,2021-09-28,15.0,22.0,27.0,28.0,30.0,34.0,37.0,40.0,44.0,46.0,49.0,55.0,68.0,inferred
Chichester,2021-09-29,16.0,22.0,27.0,29.0,30.0,33.0,36.0,40.0,43.0,45.0,48.0,55.0,69.0,inferred
Chichester,2021-09-30,15.0,21.0,25.0,27.0,29.0,32.0,35.0,39.0,43.0,45.0,47.0,54.0,67.0,inferred
Chichester,2021-10-01,13.0,19.0,24.0,26.0,27.0,30.0,33.0,36.0,40.0,42.0,45.0,51.0,63.0,inferred
Chichester,2021-10-02,11.0,15.0,20.0,21.0,23.0,26.0,28.0,31.0,35.0,37.0,40.0,47.0,60.0,inferred
Chichester,2021-10-03,12.0,17.0,21.0,22.0,24.0,27.0,30.0,34.0,37.0,39.0,41.0,48.0,60.0,inferred
Chichester,2021-10-04,18.0,25.0,30.0,33.0,35.0,38.0,42.0,45.0,49.0,51.0,54.0,61.1,74.5,inferred
Chichester,2021-10-05,19.0,26.0,31.0,33.0,34.7,38.0,41.5,45.4,50.0,52.0,54.0,61.0,77.0,inferred
Chichester,2021-10-06,22.0,29.0,34.0,36.0,38.0,42.0,46.0,50.0,54.0,56.0,59.0,66.0,80.0,inferred
Chichester,2021-10-07,22.0,29.0,35.0,37.0,39.0,42.0,46.0,50.0,54.0,57.0,60.0,69.0,83.0,inferred
Chichester,2021-10-08,21.5,28.0,33.8,36.0,38.0,42.0,45.0,49.0,53.0,56.0,59.0,67.0,80.5,inferred
Chichester,2021-10-09,19.0,26.0,30.0,33.0,34.7,38.0,42.0,45.0,50.0,53.0,55.0,63.0,77.0,inferred
Chichester,2021-10-10,22.0,29.0,35.0,37.0,39.7,43.0,46.0,50.4,55.0,58.0,60.0,68.0,79.0,inferred
Chichester,2021-10-11,36.5,46.0,53.0,55.0,58.0,62.0,66.0,71.0,77.0,80.0,83.0,93.0,109.0,inferred
Chichester,2021-10-12,37.0,46.0,53.0,56.0,59.0,63.0,67.0,73.0,78.0,80.0,84.0,93.0,111.5,inferred
Chichester,2021-10-13,39.0,50.0,57.0,60.0,63.0,68.0,72.0,77.0,82.0,85.0,89.0,99.0,114.0,inferred
Chichester,2021-10-14,39.5,49.0,57.0,59.0,62.0,68.0,72.0,77.0,82.0,85.0,89.0,99.0,117.0,inferred
Chichester,2021-10-15,35.5,46.0,54.0,57.0,59.0,64.0,68.0,74.0,79.0,82.0,86.0,95.0,113.0,inferred
Chorley,2021-07-03,26.5,33.0,37.0,39.0,40.0,43.0,45.0,48.0,51.0,53.0,55.0,61.0,71.0,inferred
Chorley,2021-07-04,27.0,34.9,39.0,40.0,42.0,45.0,48.0,51.0,54.0,56.0,58.0,64.0,76.0,inferred
Chorley,2021-07-05,42.0,51.0,56.0,58.0,60.0,63.0,67.0,71.0,74.0,76.0,79.0,85.0,95.0,inferred
Chorley,2021-07-06,40.5,51.0,55.0,57.0,59.0,63.0,66.0,69.4,73.0,75.0,77.0,83.0,95.0,inferred
Chorley,2021-07-07,47.0,56.0,61.0,63.0,65.0,68.0,71.0,75.0,79.0,81.0,84.0,91.0,101.0,inferred
Chorley,2021-07-08,49.0,57.0,63.0,65.0,67.0,71.0,75.0,79.0,83.0,86.0,88.0,96.0,108.0,inferred
Chorley,2021-07-09,47.0,56.0,62.0,64.0,66.0,69.0,73.0,76.0,81.0,83.0,85.0,94.0,104.0,inferred
Chorley,2021-07-10,43.0,51.0,56.0,58.0,59.0,63.0,66.0,70.0,73.0,76.0,79.0,85.0,96.0,inferred
Chorley,2021-07-11,51.0,59.0,65.0,67.0,69.0,73.6,77.0,81.0,84.0,87.0,90.0,97.0,109.0,inferred
Chorley,2021-07-12,82.0,94.0,102.0,104.0,107.0,112.0,117.0,122.0,127.0,130.0,133.0,141.0,155.5,inferred
Chorley,2021-07-13,80.0,91.0,98.0,101.0,104.0,109.0,114.0,118.0,124.0,127.0,130.0,139.0,152.0,inferred
Chorley,2021-07-14,80.0,92.0,100.0,102.0,105.0,110.0,115.0,119.0,124.0,126.0,130.0,139.0,152.0,inferred
Chorley,2021-07-15,79.0,89.0,95.0,98.0,101.0,105.0,110.0,114.0,120.0,122.0,126.0,134.0,147.0,inferred
Chorley,2021-07-16,64.5,75.0,82.0,85.0,87.0,91.0,95.0,99.0,104.0,106.0,109.0,119.0,133.0,inferred
Chorley,2021-07-17,52.0,61.0,66.0,68.0,70.0,74.6,78.0,82.0,86.0,88.0,90.2,98.0,111.0,inferred
Chorley,2021-07-18,54.0,62.0,69.0,72.0,74.0,78.0,81.0,85.0,89.0,91.0,93.0,101.0,114.0,inferred
Chorley,2021-07-19,76.0,88.0,95.0,98.0,101.0,106.0,111.0,115.0,120.0,123.0,127.0,134.1,149.5,inferred
Chorley,2021-07-20,66.0,78.0,85.0,87.0,89.0,94.0,98.0,103.0,107.0,110.0,113.0,122.0,135.0,inferred
Chorley,2021-07-21,60.0,71.0,77.0,79.0,81.0,86.0,90.0,95.0,99.0,102.0,105.0,112.0,128.0,inferred
Chorley,2021-07-22,52.0,61.0,66.0,68.0,71.0,75.0,79.0,83.0,87.0,89.0,92.0,99.0,111.0,inferred
Chorley,2021-07-23,38.0,47.0,51.0,53.0,55.0,58.0,62.0,65.0,69.0,71.0,74.0,80.0,93.0,inferred
Chorley,2021-07-24,25.0,32.0,36.0,39.0,40.0,43.0,46.0,49.4,53.0,55.0,57.0,62.0,71.0,inferred
Chorley,2021-07-25,25.0,31.0,35.0,37.0,38.0,41.0,44.0,47.0,50.0,52.0,54.0,59.0,68.5,inferred
Chorley,2021-07-26,34.0,41.0,45.0,47.0,49.0,52.0,55.0,58.0,62.0,64.0,66.0,73.0,85.0,inferred
Chorley,2021-07-27,29.0,35.0,39.0,41.0,43.0,46.0,48.0,52.0,55.3,58.0,60.0,65.0,75.0,inferred
Chorley,2021-07-28,29.0,34.0,38.0,40.0,42.0,44.6,48.0,50.0,54.0,56.0,58.0,64.0,73.0,inferred
Chorley,2021-07-29,25.5,32.0,36.0,38.0,39.0,43.0,45.0,48.0,51.0,52.0,55.0,61.0,72.0,inferred
Chorley,2021-07-30,20.0,27.0,31.0,32.0,34.0,36.0,39.0,42.0,45.0,46.0,48.0,54.0,64.0,inferred
Chorley,2021-07-31,15.0,20.0,24.0,25.0,26.0,29.0,32.0,34.0,36.0,38.0,40.0,45.0,53.0,inferred
Chorley,2021-08-01,17.0,21.0,25.0,26.0,27.0,30.0,32.0,34.0,37.0,39.0,41.0,46.0,56.0,inferred
Chorley,2021-08-02,25.0,31.0,35.0,37.0,38.0,41.0,44.0,47.0,51.0,53.0,55.0,61.0,70.0,inferred
Chorley,2021-08-03,23.0,29.0,33.0,34.0,36.0,39.0,42.0,45.0,48.0,50.0,52.0,58.0,67.5,inferred
Chorley,2021-08-04,25.0,30.0,35.0,36.0,38.0,40.6,43.0,46.0,49.0,51.0,53.0,59.0,68.0,inferred
Chorley,2021-08-05,23.0,29.0,33.0,35.0,37.0,40.0,43.0,46.0,49.0,51.0,53.0,59.0,68.0,inferred
Chorley,2021-08-06,20.0,26.0,30.0,31.0,33.0,35.0,38.0,41.0,44.0,46.0,48.0,53.0,61.0,inferred
Chorley,2021-08-07,17.0,22.0,26.0,27.0,29.0,31.0,34.0,36.0,39.0,40.0,42.0,46.0,54.0,inferred
Chorley,2021-08-08,19.0,24.0,28.0,29.0,31.0,33.0,36.0,38.0,41.0,42.0,44.0,49.0,59.0,inferred
Chorley,2021-08-09,30.0,37.0,41.0,43.0,45.0,48.0,51.0,54.0,58.0,59.0,61.0,67.0,78.0,inferred
Chorley,2021-08-10,29.0,35.0,40.0,41.0,43.0,46.0,48.0,52.0,55.0,57.0,59.0,65.0,75.0,inferred
Chorley,2021-08-11,28.0,35.0,40.0,42.0,43.0,46.6,50.0,53.0,56.0,58.0,61.0,67.0,77.5,inferred
Chorley,2021-08-12,28.0,34.0,39.0,41.0,43.0,46.0,49.0,52.0,56.0,58.0,60.0,66.0,75.0,inferred
Chorley,2021-08-13,23.5,30.0,34.0,35.0,37.0,40.0,43.0,46.0,49.0,51.0,53.0,58.0,68.0,inferred
Chorley,2021-08-14,19.0,24.0,28.0,30.0,31.0,33.6,36.0,39.0,42.0,43.0,46.0,51.0,60.0,inferred
Chorley,2021-08-15,20.5,26.0,30.0,32.0,33.0,36.0,38.0,41.0,43.0,45.0,47.0,51.0,60.0,inferred
Chorley,2021-08-16,32.0,39.0,44.0,45.0,47.0,51.0,53.5,57.0,61.0,63.0,65.0,72.0,82.5,inferred
Chorley,2021-08-17,30.5,37.0,41.0,43.0,45.0,48.0,51.0,54.0,58.0,60.0,62.0,69.0,80.0,inferred
Chorley,2021-08-18,31.0,37.0,42.0,43.0,45.0,48.0,51.0,54.0,58.0,60.0,62.0,68.0,78.0,inferred
Chorley,2021-08-19,28.0,34.0,40.0,41.0,43.0,46.0,49.0,52.0,56.0,57.0,60.0,67.0,76.0,inferred
Chorley,2021-08-20,24.0,30.0,35.0,36.0,38.0,40.0,43.0,46.0,50.0,51.0,53.0,59.0,68.5,inferred
Chorley,2021-08-21,19.0,24.0,28.0,29.0,31.0,33.0,36.0,38.0,41.0,43.0,45.0,50.0,59.0,inferred
Chorley,2021-08-22,19.0,25.0,30.0,31.0,33.0,35.0,38.0,40.0,43.0,45.0,47.0,52.0,62.0,inferred
Chorley,2021-08-23,31.0,38.0,43.0,45.0,46.0,50.0,52.0,56.0,59.0,61.0,64.0,70.0,80.0,inferred
Chorley,2021-08-24,29.0,35.0,40.0,42.0,43.7,46.0,50.0,53.0,56.0,58.0,60.0,67.0,78.0,inferred
Chorley,2021-08-25,29.0,36.0,40.0,42.0,43.0,46.6,49.0,52.4,56.0,58.0,61.0,67.0,77.0,inferred
Chorley,2021-08-26,28.0,34.0,39.0,40.0,42.0,45.0,48.0,51.0,55.0,57.0,59.0,66.1,79.0,inferred
Chorley,2021-08-27,24.0,30.0,34.0,35.0,37.0,41.0,43.0,46.0,50.0,51.0,53.0,59.0,68.0,inferred
Chorley,2021-08-28,19.0,24.0,28.0,29.0,30.0,33.0,35.0,38.0,41.0,42.2,44.0,49.0,59.0,inferred
Chorley,2021-08-29,22.0,26.0,30.0,31.0,33.0,35.0,38.0,41.0,44.0,45.0,47.0,53.0,62.0,inferred
Chorley,2021-08-30,32.0,38.0,43.0,45.0,46.0,49.0,53.0,56.0,60.0,62.0,64.0,71.0,82.5,inferred
Chorley,2021-08-31,29.0,36.0,41.0,43.0,45.0,48.0,51.0,54.0,58.0,60.0,62.0,67.0,77.0,inferred
Chorley,2021-09-01,32.0,39.0,43.0,46.0,47.0,50.0,53.0,56.0,60.0,62.0,64.0,70.0,80.0,inferred
Chorley,2021-09-02,32.0,39.0,43.0,45.0,47.0,50.0,53.0,56.0,60.0,62.0,64.0,71.0,83.5,inferred
Chorley,2021-09-03,29.0,35.0,40.0,42.0,43.0,46.0,48.0,52.0,55.0,57.0,59.0,64.0,75.0,inferred
Chorley,2021-09-04,23.0,29.0,33.0,35.0,37.0,39.0,42.0,45.0,48.0,50.0,52.0,57.0,67.0,inferred
Chorley,2021-09-05,26.0,32.0,37.0,39.0,40.0,43.0,46.0,49.0,52.0,54.0,57.0,63.0,72.0,inferred
Chorley,2021-09-06,40.0,50.0,56.0,58.0,60.0,64.0,67.0,70.0,74.0,76.0,79.0,86.0,97.0,inferred
Chorley,2021-09-07,40.0,48.0,53.0,55.0,57.0,61.0,64.0,68.0,71.0,74.0,77.0,84.0,94.0,inferred
Chorley,2021-09-08,40.0,48.0,53.0,56.0,57.0,61.0,65.0,68.0,72.0,74.0,77.0,83.0,94.0,inferred
Chorley,2021-09-09,38.0,46.0,51.0,53.0,55.0,59.0,63.0,66.0,70.0,72.0,74.0,81.0,91.5,inferred
Chorley,2021-09-10,32.0,40.0,45.0,46.0,48.0,52.0,55.0,58.0,61.0,64.0,67.0,73.0,84.0,inferred
Chorley,2021-09-11,26.0,32.0,36.0,38.0,39.7,43.0,45.0,49.0,52.0,54.0,55.2,61.0,72.0,inferred
Chorley,2021-09-12,28.0,34.0,38.0,40.0,42.0,44.0,47.5,50.0,54.0,56.0,58.0,64.0,72.5,inferred
Chorley,2021-09-13,42.0,50.0,55.0,57.0,59.0,63.0,66.0,70.0,74.0,76.0,78.0,84.0,96.0,inferred
Chorley,2021-09-14,38.5,47.0,52.0,54.0,56.7,60.0,63.0,67.0,71.0,73.0,76.0,83.0,94.0,inferred
Chorley,2021-09-15,42.0,50.0,55.0,57.0,59.0,62.0,65.5,70.0,74.0,76.0,79.0,85.0,97.0,inferred
Chorley,2021-09-16,42.0,50.0,55.0,57.0,60.0,63.0,66.0,69.0,73.0,75.0,77.0,84.0,96.0,inferred
Chorley,2021-09-17,37.5,45.0,49.0,51.0,53.0,56.0,60.0,64.0,68.0,70.0,73.0,79.0,89.0,inferred
Chorley,2021-09-18,31.0,37.0,42.0,44.0,46.0,49.0,52.0,55.0,58.0,60.0,63.0,69.0,79.0,inferred
Chorley,2021-09-19,35.0,41.0,46.0,48.0,50.0,53.0,57.0,60.0,64.0,66.0,68.0,75.0,86.0,inferred
Chorley,2021-09-20,54.0,62.0,68.0,70.0,73.0,76.0,81.0,85.0,90.0,92.0,95.0,102.0,114.5,inferred
Chorley,2021-09-21,50.5,59.0,65.0,67.0,69.0,73.0,77.0,81.0,85.0,87.0,90.0,97.0,108.0,inferred
Chorley,2021-09-22,50.0,59.0,66.0,68.0,70.0,74.0,77.0,81.0,85.0,87.0,90.0,98.0,108.0,inferred
Chorley,2021-09-23,48.0,56.0,63.0,66.0,68.0,72.0,75.0,79.0,84.0,86.0,89.0,96.0,108.0,inferred
Chorley,2021-09-24,42.0,51.0,56.0,58.0,60.0,63.6,67.0,71.0,74.0,77.0,80.0,86.0,97.0,inferred
Chorley,2021-09-25,34.5,41.0,46.0,47.0,49.0,52.0,55.0,59.0,62.0,64.0,66.0,72.0,82.5,inferred
Chorley,2021-09-26,37.0,44.0,49.0,51.0,53.0,57.0,60.0,63.0,67.0,69.0,71.0,77.0,86.0,inferred
Chorley,2021-09-27,55.0,65.0,72.0,74.0,76.0,80.0,84.0,88.0,92.0,95.0,98.0,107.0,118.5,inferred
Chorley,2021-09-28,54.0,62.0,69.0,71.0,73.0,77.0,81.0,86.0,91.0,93.0,95.0,103.0,115.0,inferred
Chorley,2021-09-29,57.0,65.0,72.0,75.0,77.0,81.0,84.0,88.0,92.0,95.2,98.0,107.0,120.0,inferred
Chorley,2021-09-30,57.0,66.9,73.0,76.0,77.0,81.0,85.0,88.0,93.0,95.0,98.0,105.0,118.0,inferred
Chorley,2021-10-01,51.5,60.0,66.0,68.0,70.0,74.0,78.0,82.0,86.0,88.0,91.0,98.0,111.0,inferred
Chorley,2021-10-02,43.0,50.0,56.0,58.0,60.0,63.0,67.0,71.0,75.0,77.0,79.0,87.0,97.5,inferred
Chorley,2021-10-03,47.0,56.0,61.0,63.0,65.0,69.0,73.0,77.0,81.0,83.0,85.0,93.0,105.0,inferred
Chorley,2021-10-04,73.0,83.0,90.0,93.0,95.0,100.0,104.5,109.0,114.0,116.0,120.0,128.0,142.0,inferred
Chorley,2021-10-05,69.0,79.0,87.0,89.0,92.0,96.0,101.0,105.0,109.3,112.0,116.0,125.0,139.0,inferred
Chorley,2021-10-06,74.0,83.9,90.8,94.0,96.0,100.0,104.0,109.0,114.0,117.0,120.0,129.0,141.0,inferred
Chorley,2021-10-07,72.0,83.0,90.0,93.0,95.0,100.0,104.0,109.0,114.0,117.0,119.0,127.0,142.0,inferred
Chorley,2021-10-08,66.0,76.0,82.0,84.0,86.0,91.0,95.0,99.0,104.0,107.0,109.2,117.0,130.0,inferred
Chorley,2021-10-09,54.0,63.0,69.0,72.0,74.0,78.0,82.0,86.0,89.0,92.0,95.0,102.0,116.0,inferred
Chorley,2021-10-10,60.0,69.0,76.0,79.0,81.0,85.0,90.0,93.0,98.0,100.0,103.2,110.0,124.0,inferred
Chorley,2021-10-11,93.0,104.0,114.0,117.0,119.0,124.0,129.0,134.0,139.0,142.0,146.0,156.0,173.0,inferred
Chorley,2021-10-12,87.5,99.0,107.0,110.0,113.0,119.0,124.0,128.0,133.0,136.2,141.0,151.0,166.5,inferred
Chorley,2021-10-13,89.0,100.0,109.0,111.8,114.0,119.0,124.0,129.0,134.0,137.0,141.0,149.0,166.5,inferred
Chorley,2021-10-14,77.5,93.0,101.0,104.0,107.0,112.0,117.0,122.0,127.0,130.0,134.0,144.0,160.0,inferred
Chorley,2021-10-15,70.0,80.0,87.0,90.0,93.0,98.0,103.0,108.0,113.0,116.0,119.0,128.0,145.0,inferred
City of Edinburgh,2021-07-03,440.9,526.0,598.8,630.0,660.0,707.6,753.0,812.4,878.0,912.5,953.2,1067.1,1270.6,inferred
City of Edinburgh,2021-07-04,361.0,452.9,533.8,563.0,589.0,638.0,688.0,746.4,805.0,837.2,874.2,990.1,1165.5,inferred
City of Edinburgh,2021-07-05,302.0,391.0,457.0,484.0,508.7,551.6,599.0,643.0,695.3,721.0,754.0,868.0,1045.0,inferred
City of Edinburgh,2021-07-06,346.9,423.0,484.0,510.0,537.0,582.0,624.5,669.4,727.3,766.2,800.0,903.1,1053.6,inferred
City of Edinburgh,2021-07-07,383.5,477.9,546.0,572.0,599.7,654.0,703.5,756.0,813.3,837.0,869.2,975.0,1145.0,inferred
City of Edinburgh,2021-07-08,271.5,361.0,417.0,447.8,474.0,522.0,565.0,613.0,669.0,705.2,735.4,829.0,973.5,inferred
City of Edinburgh,2021-07-09,273.0,360.0,428.0,455.8,483.0,530.6,576.0,620.0,668.0,705.0,745.0,835.1,1010.0,inferred
City of Edinburgh,2021-07-10,324.4,425.9,490.8,512.0,536.0,587.0,631.0,678.4,744.3,780.0,814.0,920.0,1109.5,inferred
City of Edinburgh,2021-07-11,277.0,365.0,428.0,455.8,481.0,533.0,575.0,623.0,677.3,711.0,746.4,853.0,996.0,inferred
City of Edinburgh,2021-07-12,209.0,286.0,344.8,369.0,391.0,432.0,472.5,518.0,571.0,599.0,630.0,732.2,906.0,inferred
City of Edinburgh,2021-07-13,216.9,291.0,349.0,372.0,392.0,432.0,472.5,518.4,571.0,600.0,636.0,727.1,896.5,inferred
City of Edinburgh,2021-07-14,227.5,326.9,392.0,415.0,435.7,480.0,525.5,571.0,620.0,655.2,691.2,783.0,949.1,inferred
City of Edinburgh,2021-07-15,173.5,232.9,291.0,313.0,331.0,365.6,405.0,443.0,496.3,523.2,553.2,651.2,803.0,inferred
City of Edinburgh,2021-07-16,155.9,222.0,277.0,300.0,319.7,355.0,390.0,430.0,479.0,503.2,533.2,613.2,769.5,inferred
City of Edinburgh,2021-07-17,175.5,245.9,307.0,327.0,347.0,389.0,427.5,468.0,518.0,543.2,580.2,661.1,835.5,inferred
City of Edinburgh,2021-07-18,146.0,211.0,263.0,284.0,301.0,338.0,376.0,414.0,454.0,476.0,507.2,597.0,744.5,inferred
City of Edinburgh,2021-07-19,107.0,154.0,199.8,219.0,234.0,261.6,291.0,326.4,372.0,402.0,426.2,509.0,650.5,inferred
City of Edinburgh,2021-07-20,100.0,147.0,196.0,213.0,231.7,264.0,298.5,335.0,373.0,398.2,425.0,503.1,650.5,inferred
City of Edinburgh,2021-07-21,108.5,160.8,211.0,225.0,242.0,276.6,311.0,347.0,385.0,409.2,439.0,517.1,664.5,inferred
City of Edinburgh,2021-07-22,70.0,112.0,151.0,164.0,179.0,204.0,235.0,265.4,301.0,321.2,349.0,415.0,540.5,inferred
City of Edinburgh,2021-07-23,66.0,103.0,136.0,153.0,167.0,196.0,221.0,250.0,285.3,310.0,333.0,414.0,544.6,inferred
City of Edinburgh,2021-07-24,73.0,109.9,149.0,163.0,176.7,210.0,239.0,272.0,312.0,329.0,355.2,424.1,550.6,inferred
City of Edinburgh,2021-07-25,54.0,96.9,125.0,138.0,148.7,174.0,200.0,229.0,264.3,285.0,304.0,372.2,505.0,inferred
City of Edinburgh,2021-07-26,33.5,62.0,88.0,103.0,116.7,138.0,160.0,185.0,219.3,239.0,260.0,318.0,406.5,inferred
City of Edinburgh,2021-07-27,33.0,64.0,92.0,103.0,114.0,137.0,158.0,183.0,217.0,235.2,260.2,322.1,435.6,inferred
City of Edinburgh,2021-07-28,45.0,76.9,107.0,121.0,134.0,160.0,187.0,218.0,250.0,270.2,292.0,353.0,456.0,inferred
City of Edinburgh,2021-07-29,29.0,59.0,86.0,97.0,109.0,131.0,154.0,176.4,208.0,225.2,245.2,303.1,412.7,inferred
City of Edinburgh,2021-07-30,34.0,62.0,89.8,103.0,115.0,139.0,163.0,188.0,214.3,236.2,259.0,320.1,431.0,inferred
City of Edinburgh,2021-07-31,47.5,81.0,109.8,124.0,138.7,162.0,188.0,214.0,244.0,265.0,287.0,347.2,473.6,inferred
City of Edinburgh,2021-08-01,38.5,71.0,98.0,112.0,124.0,149.0,173.0,201.4,229.0,248.0,268.0,337.0,443.0,inferred
City of Edinburgh,2021-08-02,28.0,54.0,79.0,90.0,101.0,120.6,140.0,165.0,195.0,215.0,234.0,299.0,413.5,inferred
City of Edinburgh,2021-08-03,28.5,62.0,91.0,104.0,115.0,136.0,162.5,186.0,219.0,238.0,256.0,324.0,425.5,inferred
City of Edinburgh,2021-08-04,44.0,80.9,110.0,121.0,132.0,158.0,186.0,218.4,251.0,266.0,293.2,367.2,480.5,inferred
City of Edinburgh,2021-08-05,40.0,71.0,95.0,106.0,117.0,140.0,165.0,191.0,222.0,240.0,259.0,316.0,423.6,inferred
City of Edinburgh,2021-08-06,40.5,75.9,103.0,115.0,125.0,146.0,173.0,204.0,236.0,258.0,277.0,341.1,452.5,inferred
City of Edinburgh,2021-08-07,65.0,103.0,136.0,152.0,164.0,192.0,217.0,250.0,282.3,307.0,331.0,394.0,509.5,inferred
City of Edinburgh,2021-08-08,54.0,94.0,127.0,140.0,156.0,183.0,209.0,240.0,275.0,298.0,323.0,389.0,504.0,inferred
City of Edinburgh,2021-08-09,42.5,80.0,111.0,123.0,135.7,164.6,188.5,218.0,253.0,267.0,286.4,355.0,461.0,inferred
City of Edinburgh,2021-08-10,60.0,98.0,129.8,142.0,154.7,185.0,214.0,245.0,280.0,299.2,322.0,385.1,524.5,inferred
City of Edinburgh,2021-08-11,83.5,132.9,170.8,186.0,201.0,228.6,264.0,302.0,340.0,361.2,388.0,463.0,580.6,inferred
City of Edinburgh,2021-08-12,70.5,111.9,147.0,163.8,177.0,203.6,230.0,265.0,302.0,322.0,347.0,417.1,548.6,inferred
City of Edinburgh,2021-08-13,87.0,135.0,173.8,185.0,203.0,227.6,259.5,290.0,328.0,350.0,375.0,449.1,589.6,inferred
City of Edinburgh,2021-08-14,132.0,185.0,229.8,248.0,266.0,294.6,327.0,360.4,404.3,434.0,469.0,540.1,692.1,inferred
City of Edinburgh,2021-08-15,125.0,180.0,217.0,237.8,258.0,296.0,330.0,366.4,415.0,444.0,482.0,562.1,697.7,inferred
City of Edinburgh,2021-08-16,100.0,151.0,194.8,212.0,231.0,266.0,300.0,335.0,379.0,408.2,435.0,513.0,657.0,inferred
City of Edinburgh,2021-08-17,136.0,191.0,243.8,266.0,284.7,324.0,362.0,405.0,447.3,468.0,494.2,576.1,720.2,inferred
City of Edinburgh,2021-08-18,191.5,269.0,325.0,348.8,373.0,414.6,454.0,506.0,555.3,582.5,617.0,710.2,875.0,inferred
City of Edinburgh,2021-08-19,182.0,242.9,295.0,316.8,336.0,384.0,421.0,459.0,505.0,537.0,572.0,667.1,832.5,inferred
City of Edinburgh,2021-08-20,221.5,291.0,349.8,372.8,396.0,438.0,480.0,528.0,579.3,609.2,643.2,743.1,926.1,inferred
City of Edinburgh,2021-08-21,328.0,406.9,479.8,507.0,531.0,579.6,626.0,682.4,736.3,768.0,805.0,907.0,1071.6,inferred
City of Edinburgh,2021-08-22,320.5,411.6,479.8,510.8,539.0,585.0,627.5,672.0,735.0,768.0,805.2,921.2,1076.6,inferred
City of Edinburgh,2021-08-23,285.5,386.9,456.0,487.0,512.7,558.0,611.5,665.0,719.0,754.0,790.2,893.1,1085.5,inferred
City of Edinburgh,2021-08-24,361.4,456.0,540.8,568.0,595.7,646.6,698.0,753.0,817.3,853.2,887.2,990.0,1153.0,inferred
City of Edinburgh,2021-08-25,449.5,570.9,657.8,692.0,724.7,783.0,839.0,894.0,965.0,998.5,1044.0,1178.0,1376.5,inferred
City of Edinburgh,2021-08-26,385.0,498.9,571.0,602.8,629.7,683.0,737.5,792.0,851.0,887.0,927.0,1050.1,1239.6,inferred
City of Edinburgh,2021-08-27,460.5,551.9,628.8,660.0,689.0,741.6,798.0,863.0,925.3,967.2,1005.2,1129.1,1302.0,inferred
City of Edinburgh,2021-08-28,571.4,700.8,797.0,834.8,871.7,932.0,994.5,1064.0,1139.0,1179.0,1223.2,1363.0,1578.7,inferred
City of Edinburgh,2021-08-29,570.4,687.0,777.8,813.0,848.7,901.0,969.0,1033.0,1098.0,1132.0,1178.4,1317.1,1516.2,inferred
City of Edinburgh,2021-08-30,483.0,601.0,692.0,722.8,760.0,816.6,873.0,934.0,1000.0,1046.0,1085.4,1201.1,1410.7,inferred
City of Edinburgh,2021-08-31,531.9,664.0,753.8,787.0,818.0,879.6,943.0,1011.0,1072.0,1117.5,1179.4,1294.2,1552.5,inferred
City of Edinburgh,2021-09-01,642.0,779.0,880.0,923.8,962.0,1025.0,1095.0,1158.0,1235.0,1281.0,1323.2,1468.1,1699.5,inferred
City of Edinburgh,2021-09-02,512.0,625.9,704.0,737.8,772.0,825.6,887.0,952.0,1022.0,1063.0,1115.0,1258.1,1454.1,inferred
City of Edinburgh,2021-09-03,514.3,642.9,740.0,781.8,811.0,870.0,932.5,999.4,1064.0,1098.2,1150.2,1263.0,1479.0,inferred
City of Edinburgh,2021-09-04,621.5,764.7,869.0,901.0,939.0,1004.0,1061.0,1120.4,1208.0,1248.0,1294.0,1412.2,1642.5,inferred
City of Edinburgh,2021-09-05,576.0,706.8,792.8,836.2,868.7,925.0,985.0,1055.0,1127.0,1169.2,1221.2,1346.0,1537.6,inferred
City of Edinburgh,2021-09-06,458.5,567.9,647.0,681.0,713.7,764.6,821.0,872.0,936.0,977.0,1024.0,1152.1,1383.5,inferred
City of Edinburgh,2021-09-07,442.4,562.0,644.0,690.0,720.7,781.0,841.0,908.4,970.0,1017.2,1052.2,1170.0,1378.8,inferred
City of Edinburgh,2021-09-08,497.5,606.0,698.8,732.0,768.0,837.0,901.0,964.0,1037.3,1070.0,1118.0,1246.1,1455.1,inferred
City of Edinburgh,2021-09-09,330.5,425.9,494.8,530.0,555.7,606.0,653.0,704.4,767.0,801.2,844.2,951.1,1136.0,inferred
City of Edinburgh,2021-09-10,315.0,406.9,473.8,500.5,527.0,577.0,625.0,678.4,736.0,762.2,796.0,906.1,1053.6,inferred
City of Edinburgh,2021-09-11,326.0,418.0,486.0,516.8,540.7,589.6,635.0,691.8,750.0,780.2,819.0,926.0,1102.7,inferred
City of Edinburgh,2021-09-12,238.0,318.0,378.0,404.0,424.0,479.0,525.0,577.4,629.0,656.2,696.0,798.1,980.0,inferred
City of Edinburgh,2021-09-13,175.0,233.9,282.8,307.8,329.0,368.6,404.0,450.0,507.0,530.0,559.0,644.0,761.2,inferred
City of Edinburgh,2021-09-14,159.9,227.9,284.8,310.0,331.0,368.0,403.0,438.0,486.3,515.0,546.0,638.1,785.0,inferred
City of Edinburgh,2021-09-15,182.5,257.0,313.0,337.8,361.7,397.6,435.0,476.4,525.0,554.2,588.2,679.3,863.6,inferred
City of Edinburgh,2021-09-16,130.0,183.0,233.0,256.0,276.7,311.0,341.5,380.0,427.3,452.2,481.0,567.0,702.5,inferred
City of Edinburgh,2021-09-17,119.5,183.9,229.0,248.0,265.7,301.6,337.0,372.4,418.0,440.2,469.2,552.0,706.0,inferred
City of Edinburgh,2021-09-18,146.0,204.0,260.0,280.0,300.0,337.0,374.0,412.0,457.0,479.2,511.0,599.1,750.0,inferred
City of Edinburgh,2021-09-19,117.5,173.0,219.0,239.8,256.7,293.0,329.5,367.0,403.3,425.0,451.2,536.1,686.1,inferred
City of Edinburgh,2021-09-20,76.5,130.0,169.0,184.8,200.0,230.0,260.0,295.0,332.0,353.0,379.0,456.0,592.0,inferred
City of Edinburgh,2021-09-21,80.5,146.9,188.0,205.0,222.0,251.0,286.0,319.4,358.0,384.2,420.0,489.0,625.5,inferred
City of Edinburgh,2021-09-22,132.0,186.0,234.0,255.8,273.0,311.6,347.5,385.0,423.3,449.0,482.0,551.1,666.5,inferred
City of Edinburgh,2021-09-23,110.5,157.0,194.8,213.0,231.7,260.0,291.0,322.4,363.0,387.2,422.2,497.1,620.0,inferred
City of Edinburgh,2021-09-24,114.5,170.0,214.0,231.0,252.0,282.0,315.0,351.0,392.0,419.2,451.2,530.2,687.0,inferred
City of Edinburgh,2021-09-25,151.5,218.9,267.0,291.0,303.7,343.0,385.0,434.0,479.0,502.0,536.0,627.1,771.0,inferred
City of Edinburgh,2021-09-26,144.0,210.9,258.0,279.0,296.0,335.0,374.5,413.4,459.0,489.2,519.2,607.1,768.0,inferred
City of Edinburgh,2021-09-27,129.4,177.9,221.8,240.0,260.7,299.0,332.0,369.0,416.0,436.0,462.0,547.0,692.0,inferred
City of Edinburgh,2021-09-28,132.5,199.0,248.8,272.0,287.0,323.6,361.0,401.4,441.0,466.0,493.0,587.1,762.5,inferred
City of Edinburgh,2021-09-29,166.0,236.0,289.0,310.0,331.0,370.0,411.0,455.0,500.0,525.2,552.2,653.0,783.0,inferred
City of Edinburgh,2021-09-30,128.9,187.0,233.8,255.8,274.0,308.0,338.0,375.0,417.0,442.2,471.2,553.0,708.1,inferred
City of Edinburgh,2021-10-01,136.0,193.0,240.8,257.0,277.7,315.6,352.0,393.0,438.0,465.2,496.0,575.1,744.5,inferred
City of Edinburgh,2021-10-02,174.5,240.9,289.8,312.0,331.0,374.0,409.0,447.0,491.0,520.0,553.2,654.2,821.6,inferred
City of Edinburgh,2021-10-03,149.5,214.9,268.0,289.8,308.0,339.6,378.0,417.0,460.3,486.2,517.0,600.1,788.0,inferred
City of Edinburgh,2021-10-04,116.0,166.0,213.8,235.8,254.0,288.6,323.5,362.0,405.0,433.2,466.2,551.1,679.6,inferred
City of Edinburgh,2021-10-05,132.5,196.9,244.8,263.0,282.0,310.0,347.5,388.4,430.0,456.0,487.0,567.2,702.1,inferred
City of Edinburgh,2021-10-06,183.0,235.9,287.0,307.0,328.7,365.6,400.0,441.4,486.0,512.2,544.2,631.0,768.0,inferred
City of Edinburgh,2021-10-07,121.0,180.0,227.0,244.8,269.0,303.0,343.0,374.0,424.0,445.0,472.0,564.0,682.0,inferred
City of Edinburgh,2021-10-08,141.4,207.9,253.0,271.0,290.0,323.0,353.0,387.4,434.0,460.0,492.0,579.0,723.1,inferred
City of Edinburgh,2021-10-09,168.4,241.0,294.8,319.0,344.0,383.0,420.0,459.0,512.3,544.2,575.2,662.0,793.1,inferred
City of Edinburgh,2021-10-10,164.4,223.9,281.8,300.8,323.0,356.6,393.0,433.0,482.0,510.2,539.2,625.2,763.6,inferred
City of Edinburgh,2021-10-11,120.0,182.8,227.0,246.0,264.0,298.0,334.0,370.4,411.0,436.0,466.2,549.0,699.0,inferred
City of Edinburgh,2021-10-12,140.0,194.0,244.0,263.0,285.7,321.6,360.0,398.0,444.0,478.2,510.0,602.1,749.0,inferred
City of Edinburgh,2021-10-13,181.0,244.0,299.0,324.0,352.0,389.0,431.0,471.0,517.0,546.0,582.2,693.0,855.0,inferred
City of Edinburgh,2021-10-14,132.0,199.0,244.0,268.0,285.0,315.6,356.0,395.4,443.3,470.2,498.0,598.0,788.6,inferred
City of Edinburgh,2021-10-15,128.9,195.0,252.0,274.0,294.7,334.6,370.0,418.0,468.3,492.0,534.2,623.1,802.0,inferred
City of London,2021-07-03,69.5,79.0,86.0,88.0,91.0,96.0,100.0,104.0,109.0,112.0,116.0,125.0,141.0,inferred
City of London,2021-07-04,77.0,87.0,94.0,96.0,99.0,104.0,108.0,113.0,118.0,121.0,124.0,134.0,146.5,inferred
City of London,2021-07-05,117.0,130.9,139.0,142.0,145.0,151.0,156.0,161.0,166.0,170.0,174.0,185.0,200.0,inferred
City of London,2021-07-06,121.0,132.0,140.0,143.0,145.7,151.0,156.0,161.0,167.0,170.0,174.0,183.0,197.0,inferred
City of London,2021-07-07,126.0,139.0,148.0,151.0,154.0,160.0,165.0,171.0,177.0,179.0,183.0,192.0,208.0,inferred
City of London,2021-07-08,124.5,136.0,146.0,150.0,153.0,159.0,164.0,169.0,175.0,178.0,183.0,194.0,212.0,inferred
City of London,2021-07-09,118.0,131.0,140.0,144.0,147.0,153.0,158.0,163.0,169.0,171.2,175.0,185.0,201.5,inferred
City of London,2021-07-10,102.0,115.0,124.0,127.0,129.0,134.0,140.0,145.0,151.0,153.0,157.0,165.0,181.0,inferred
City of London,2021-07-11,110.0,122.0,130.0,133.0,136.0,142.0,147.0,152.0,158.0,162.0,166.0,175.0,189.5,inferred
City of London,2021-07-12,164.0,178.0,188.0,192.0,196.0,204.0,211.0,217.0,223.0,226.0,231.0,242.0,260.5,inferred
City of London,2021-07-13,159.0,176.0,186.0,190.0,194.0,200.0,206.0,211.0,218.0,221.0,226.0,238.0,253.5,inferred
City of London,2021-07-14,166.0,180.0,191.0,195.0,199.0,206.0,212.0,218.0,225.0,228.0,232.0,242.0,266.0,inferred
City of London,2021-07-15,154.5,172.0,183.0,187.0,191.0,197.0,202.0,208.0,216.0,220.0,225.0,238.0,256.5,inferred
City of London,2021-07-16,142.0,157.0,167.8,171.0,174.0,180.0,186.0,191.0,197.0,201.0,205.0,216.0,233.5,inferred
City of London,2021-07-17,117.0,131.0,139.8,143.0,146.0,152.0,157.0,162.0,167.0,171.0,174.0,185.0,200.0,inferred
City of London,2021-07-18,118.0,131.0,139.0,143.0,145.0,151.0,156.0,162.0,168.0,171.0,175.0,184.0,199.0,inferred
City of London,2021-07-19,165.5,181.0,191.0,195.0,199.0,205.0,211.0,217.0,225.0,230.0,234.0,245.0,264.5,inferred
City of London,2021-07-20,150.0,165.0,176.0,180.0,184.0,191.0,197.0,204.0,210.0,214.0,217.0,229.0,245.0,inferred
City of London,2021-07-21,145.0,157.9,167.0,170.0,173.0,180.0,186.0,191.0,198.0,201.0,205.0,215.0,235.5,inferred
City of London,2021-07-22,125.0,139.0,148.0,152.0,155.0,161.0,167.0,173.0,179.0,182.0,185.0,195.0,211.0,inferred
City of London,2021-07-23,103.0,115.0,124.0,127.0,130.0,135.0,140.0,145.0,151.0,154.0,158.0,167.1,182.0,inferred
City of London,2021-07-24,78.0,88.0,96.0,99.0,102.0,106.0,111.0,115.0,120.0,123.0,126.0,134.0,147.0,inferred
City of London,2021-07-25,73.0,83.0,90.0,92.0,95.0,99.6,104.0,108.0,112.3,115.0,118.0,127.0,143.0,inferred
City of London,2021-07-26,94.0,108.0,116.0,119.0,121.0,126.0,132.0,138.0,143.0,146.0,149.0,158.0,172.0,inferred
City of London,2021-07-27,89.0,99.0,107.0,110.0,112.0,118.0,122.0,127.0,133.0,136.0,141.0,149.0,163.0,inferred
City of London,2021-07-28,90.0,102.0,110.0,112.0,115.0,120.0,124.0,129.0,134.0,137.0,140.2,150.0,166.0,inferred
City of London,2021-07-29,87.0,99.0,106.0,109.0,112.0,116.0,120.5,126.0,131.0,133.0,136.0,146.0,161.0,inferred
City of London,2021-07-30,80.0,90.0,98.0,101.0,103.0,107.0,112.0,116.0,122.0,125.0,128.0,137.0,148.0,inferred
City of London,2021-07-31,65.0,75.0,81.8,84.0,87.0,91.0,95.0,100.0,104.0,107.0,110.0,118.0,130.0,inferred
City of London,2021-08-01,66.5,76.0,83.0,86.0,88.0,92.0,97.0,101.0,106.0,108.0,110.0,118.0,132.0,inferred
City of London,2021-08-02,95.0,107.9,116.0,119.0,122.0,127.0,132.0,137.0,142.0,145.0,148.0,157.1,175.0,inferred
City of London,2021-08-03,90.0,104.0,111.0,114.8,117.0,122.0,127.0,132.0,137.0,140.0,144.0,154.0,171.0,inferred
City of London,2021-08-04,95.0,106.0,113.8,116.0,119.0,124.6,129.0,134.0,138.0,142.0,145.0,154.0,170.0,inferred
City of London,2021-08-05,91.0,103.0,110.0,113.0,115.0,119.0,124.0,129.0,134.0,137.0,141.0,150.0,164.0,inferred
City of London,2021-08-06,83.0,93.0,101.0,104.0,106.0,111.0,115.0,120.0,125.0,128.0,131.0,140.0,157.0,inferred
City of London,2021-08-07,68.0,79.0,85.0,87.0,89.0,94.0,98.0,102.0,107.0,110.0,113.0,121.0,134.5,inferred
City of London,2021-08-08,70.0,79.0,86.0,89.0,91.0,95.0,99.0,103.4,108.0,111.0,113.0,122.0,135.0,inferred
City of London,2021-08-09,102.0,112.0,120.0,122.0,125.0,130.0,135.0,140.0,146.0,149.0,152.0,162.0,178.0,inferred
City of London,2021-08-10,95.5,107.0,115.0,118.0,120.0,125.0,130.0,135.0,141.0,144.0,147.0,156.0,171.0,inferred
City of London,2021-08-11,93.0,106.0,113.0,116.0,119.0,124.0,129.0,134.0,140.0,143.0,146.0,157.0,174.0,inferred
City of London,2021-08-12,87.0,98.0,107.0,110.0,112.0,117.0,121.0,126.0,132.0,135.0,139.0,147.1,162.0,inferred
City of London,2021-08-13,77.0,88.0,95.0,97.0,100.0,105.0,109.0,114.0,119.0,121.0,125.0,133.0,148.0,inferred
City of London,2021-08-14,61.0,73.0,79.0,81.0,83.0,87.0,91.0,94.4,99.0,102.0,105.0,112.0,123.5,inferred
City of London,2021-08-15,60.0,70.0,76.0,78.0,80.0,85.0,89.0,93.0,98.0,100.0,103.0,111.0,124.0,inferred
City of London,2021-08-16,84.5,96.0,104.0,107.0,109.0,114.0,118.0,122.0,128.0,131.0,133.0,143.0,157.0,inferred
City of London,2021-08-17,80.0,91.0,97.0,100.0,102.0,107.0,112.0,116.0,121.0,123.0,126.0,134.0,149.0,inferred
City of London,2021-08-18,78.0,88.0,96.0,99.0,102.0,106.0,111.0,116.0,120.0,123.0,126.0,135.0,147.0,inferred
City of London,2021-08-19,74.0,84.0,90.0,93.0,95.0,99.0,104.0,109.0,114.0,116.2,119.0,128.0,142.0,inferred
City of London,2021-08-20,64.0,74.0,80.0,83.0,85.0,89.0,92.0,97.0,100.3,103.0,106.0,114.0,127.0,inferred
City of London,2021-08-21,51.0,59.0,65.0,67.0,69.0,72.0,76.0,80.0,85.0,87.0,90.0,96.0,108.0,inferred
City of London,2021-08-22,51.0,58.0,64.0,67.0,69.0,73.0,76.0,80.0,83.3,86.0,88.0,95.1,107.5,inferred
City of London,2021-08-23,70.0,81.0,87.0,90.0,93.0,97.0,101.0,105.0,109.0,112.0,115.0,123.0,135.0,inferred
City of London,2021-08-24,65.0,76.0,82.0,84.0,87.0,91.0,96.0,99.4,104.0,107.0,110.0,118.0,130.0,inferred
City of London,2021-08-25,68.0,77.0,83.0,85.0,88.0,93.0,97.0,101.0,106.0,109.0,111.0,119.0,131.0,inferred
City of London,2021-08-26,63.0,73.0,80.0,83.0,84.7,89.0,92.0,96.0,101.0,104.0,107.0,115.0,126.0,inferred
City of London,2021-08-27,57.0,66.0,72.0,74.0,77.0,81.0,85.0,89.0,93.0,96.0,98.0,106.0,116.5,inferred
City of London,2021-08-28,47.0,54.9,61.0,62.0,64.0,68.0,72.0,76.0,80.0,83.0,85.0,93.0,102.5,inferred
City of London,2021-08-29,46.0,55.0,61.0,63.0,64.0,68.0,71.0,75.0,79.0,81.0,84.0,91.0,103.0,inferred
City of London,2021-08-30,67.5,77.0,84.0,86.0,89.0,93.0,97.0,102.0,107.0,109.0,112.0,119.1,134.0,inferred
City of London,2021-08-31,65.0,75.0,80.0,83.0,85.0,90.0,94.0,98.0,103.0,106.0,109.0,117.0,129.0,inferred
City of London,2021-09-01,65.0,75.0,81.0,84.0,87.0,91.0,96.0,100.0,105.0,107.0,110.0,119.0,131.0,inferred
City of London,2021-09-02,63.0,71.9,78.0,81.0,83.0,87.0,91.0,95.0,99.0,102.0,105.0,113.0,124.5,inferred
City of London,2021-09-03,56.0,64.0,69.0,72.0,75.0,79.0,83.0,87.0,91.0,93.0,96.0,103.0,115.5,inferred
City of London,2021-09-04,47.0,54.0,59.0,61.0,63.0,67.0,70.0,74.0,78.0,79.0,82.0,89.0,103.0,inferred
City of London,2021-09-05,46.0,55.0,60.0,62.0,64.0,68.0,71.0,74.4,78.0,80.0,83.0,90.0,101.5,inferred
City of London,2021-09-06,64.0,75.0,81.0,84.0,86.0,91.0,95.0,99.0,104.0,107.0,109.0,117.1,129.0,inferred
City of London,2021-09-07,59.5,69.0,75.0,78.0,80.0,84.0,88.0,92.0,97.0,100.0,102.0,110.0,121.5,inferred
City of London,2021-09-08,56.0,65.0,72.0,74.0,76.0,80.0,84.0,88.0,93.0,95.0,98.0,105.1,117.0,inferred
City of London,2021-09-09,51.0,58.0,65.0,67.0,69.0,73.0,76.0,80.0,85.0,87.0,90.0,97.0,110.5,inferred
City of London,2021-09-10,41.0,49.0,54.0,57.0,59.0,62.0,66.0,69.0,73.0,75.0,78.0,84.1,96.5,inferred
City of London,2021-09-11,32.0,39.0,44.0,46.0,47.0,50.0,54.0,57.0,60.0,62.0,64.0,71.0,81.0,inferred
City of London,2021-09-12,29.0,36.0,40.0,42.0,43.0,46.0,49.0,52.0,55.0,56.0,59.0,65.0,75.0,inferred
City of London,2021-09-13,40.0,48.0,54.0,56.0,58.0,61.0,65.0,68.0,72.0,74.0,76.0,83.0,93.0,inferred
City of London,2021-09-14,39.0,45.0,50.0,52.0,54.0,57.0,61.0,63.0,67.0,69.0,72.0,77.0,89.0,inferred
City of London,2021-09-15,39.0,46.0,51.0,53.0,55.0,58.0,61.0,65.0,69.0,71.0,74.0,80.1,92.0,inferred
City of London,2021-09-16,37.0,44.0,49.0,51.0,53.0,56.0,60.0,63.0,66.0,69.0,71.0,78.0,89.0,inferred
City of London,2021-09-17,34.0,41.0,46.0,48.0,50.0,52.0,56.0,58.0,62.0,64.0,67.0,72.0,82.0,inferred
City of London,2021-09-18,27.0,34.0,39.0,40.0,42.0,45.0,47.5,50.0,53.0,55.0,57.0,63.0,73.5,inferred
City of London,2021-09-19,28.0,34.0,39.0,41.0,42.0,45.0,48.0,51.0,54.0,57.0,59.0,65.0,74.0,inferred
City of London,2021-09-20,41.0,50.0,56.0,58.0,60.0,64.0,67.5,71.0,75.0,77.0,80.0,87.0,98.0,inferred
City of London,2021-09-21,42.0,50.0,55.0,57.0,59.0,63.0,66.0,70.0,73.0,76.0,78.0,84.0,95.5,inferred
City of London,2021-09-22,43.0,50.0,55.0,58.0,60.0,64.0,67.0,71.0,76.0,78.0,81.0,87.0,97.5,inferred
City of London,2021-09-23,41.5,50.0,55.0,57.0,58.0,62.0,65.0,69.0,72.0,75.0,77.0,84.0,95.0,inferred
City of London,2021-09-24,38.0,44.0,49.0,51.0,53.0,56.0,59.0,63.0,67.0,69.0,71.0,77.1,89.0,inferred
City of London,2021-09-25,30.0,37.0,41.8,44.0,45.0,48.0,51.0,54.4,57.0,59.0,62.0,67.0,77.5,inferred
City of London,2021-09-26,31.0,38.0,42.8,45.0,46.0,49.0,52.0,55.0,59.0,60.0,63.0,68.0,81.0,inferred
City of London,2021-09-27,46.0,54.0,60.0,62.0,64.0,68.0,71.0,75.0,79.0,81.0,84.0,92.1,104.5,inferred
City of London,2021-09-28,44.0,52.0,57.0,60.0,62.0,66.0,69.0,73.0,77.0,80.0,82.0,89.0,100.0,inferred
City of London,2021-09-29,45.0,52.9,59.0,61.0,63.0,67.0,71.0,74.0,78.0,80.0,83.0,90.0,100.0,inferred
City of London,2021-09-30,44.0,51.0,57.0,59.0,61.0,65.0,68.0,71.0,75.0,77.0,80.0,87.0,96.0,inferred
City of London,2021-10-01,38.0,45.0,51.0,53.0,55.0,59.0,62.0,66.0,70.0,72.0,74.0,80.0,89.0,inferred
City of London,2021-10-02,31.0,39.0,43.0,45.0,47.0,50.0,53.0,56.0,59.0,61.0,63.0,69.0,79.0,inferred
City of London,2021-10-03,33.0,38.0,44.0,46.0,47.0,50.0,53.5,57.0,60.0,62.0,65.0,70.0,81.0,inferred
City of London,2021-10-04,47.0,55.0,61.0,63.0,65.0,69.0,72.5,76.0,81.0,83.0,86.0,93.0,104.5,inferred
City of London,2021-10-05,45.0,53.0,59.0,61.0,63.0,66.0,70.0,74.0,78.0,80.0,83.0,90.0,102.0,inferred
City of London,2021-10-06,46.0,54.0,60.0,63.0,65.0,68.0,72.0,76.0,80.0,82.0,85.0,91.0,101.0,inferred
City of London,2021-10-07,45.0,53.0,59.0,61.0,63.0,67.0,70.0,74.0,78.0,80.0,83.0,91.0,101.5,inferred
City of London,2021-10-08,42.0,49.0,54.0,57.0,58.7,62.0,65.0,69.0,73.0,75.0,78.0,84.0,95.0,inferred
City of London,2021-10-09,34.0,42.0,46.0,47.0,50.0,53.0,56.0,60.0,63.0,65.0,67.0,73.0,84.0,inferred
City of London,2021-10-10,36.0,43.0,48.0,49.0,51.0,55.0,58.0,61.0,65.0,67.0,69.0,75.1,87.0,inferred
City of London,2021-10-11,52.5,61.0,67.0,69.0,71.0,76.0,80.0,84.0,88.0,90.0,93.0,101.0,112.5,inferred
City of London,2021-10-12,50.0,58.0,65.0,67.0,70.0,74.0,78.0,81.0,86.0,88.0,91.0,98.0,109.0,inferred
City of London,2021-10-13,50.0,59.0,64.0,67.0,70.0,74.0,77.0,81.0,86.0,88.0,91.0,98.0,110.5,inferred
City of London,2021-10-14,48.0,56.0,61.0,64.0,66.0,70.0,74.0,78.0,82.0,84.0,87.0,94.0,107.0,inferred
City of London,2021-10-15,43.0,50.0,56.0,58.0,59.0,63.0,67.0,72.0,76.0,78.0,81.0,88.0,100.0,inferred
Clackmannanshire,2021-07-03,40.0,65.0,84.0,94.0,103.7,118.0,133.0,149.0,166.0,175.2,192.0,226.1,291.0,inferred
Clackmannanshire,2021-07-04,35.0,60.0,78.0,87.0,93.0,106.0,120.0,136.4,154.0,166.0,179.0,217.0,278.0,inferred
Clackmannanshire,2021-07-05,27.0,51.0,67.8,75.0,81.0,93.0,106.0,118.0,135.0,143.0,153.0,190.0,242.0,inferred
Clackmannanshire,2021-07-06,35.0,54.0,70.0,77.0,86.0,101.0,117.0,133.4,151.0,159.2,170.0,207.0,262.0,inferred
Clackmannanshire,2021-07-07,45.0,65.0,85.0,93.0,101.0,115.0,131.0,146.0,163.3,175.0,187.0,226.0,291.0,inferred
Clackmannanshire,2021-07-08,29.5,49.0,66.0,72.0,80.0,93.0,105.0,120.0,138.0,147.0,161.0,195.0,248.5,inferred
Clackmannanshire,2021-07-09,29.0,54.0,69.0,75.0,81.0,95.0,110.0,124.0,143.0,154.0,168.0,206.0,274.5,inferred
Clackmannanshire,2021-07-10,43.5,66.0,83.0,91.0,99.0,116.0,131.0,149.0,166.3,178.0,190.0,228.0,282.0,inferred
Clackmannanshire,2021-07-11,34.0,53.0,69.0,77.0,85.0,101.0,115.0,131.0,149.0,160.0,171.2,204.0,268.0,inferred
Clackmannanshire,2021-07-12,24.0,43.0,56.8,62.0,69.0,84.0,98.0,112.4,129.0,140.0,153.0,191.0,238.0,inferred
Clackmannanshire,2021-07-13,26.5,46.0,63.0,71.0,78.0,91.0,103.0,118.0,134.0,143.0,156.0,193.0,254.6,inferred
Clackmannanshire,2021-07-14,33.5,53.0,71.0,79.0,85.7,101.6,117.0,132.0,151.0,162.0,174.0,210.0,272.0,inferred
Clackmannanshire,2021-07-15,25.0,40.0,54.0,60.0,66.0,78.0,90.0,103.0,119.3,129.0,141.0,176.0,235.5,inferred
Clackmannanshire,2021-07-16,25.0,40.0,53.8,61.0,67.7,80.0,92.0,103.0,120.0,132.0,142.0,177.1,243.0,inferred
Clackmannanshire,2021-07-17,26.0,44.0,60.0,69.0,74.0,86.0,99.0,115.0,131.0,142.2,154.2,192.0,260.5,inferred
Clackmannanshire,2021-07-18,21.0,39.0,55.0,62.0,68.0,81.0,93.0,108.0,125.0,134.0,149.0,181.1,249.5,inferred
Clackmannanshire,2021-07-19,15.0,29.0,41.0,46.0,52.0,63.0,75.0,88.0,106.0,115.2,129.0,160.0,214.5,inferred
Clackmannanshire,2021-07-20,16.0,31.0,44.0,50.0,55.0,67.0,78.0,91.0,105.0,112.2,122.0,155.0,217.0,inferred
Clackmannanshire,2021-07-21,18.0,34.0,48.8,54.0,60.0,71.0,85.0,97.0,116.0,125.0,137.0,167.0,225.5,inferred
Clackmannanshire,2021-07-22,10.0,21.0,33.0,38.0,43.0,53.0,62.0,75.0,89.3,98.0,108.0,133.1,184.5,inferred
Clackmannanshire,2021-07-23,10.0,22.0,34.0,38.0,43.0,53.0,63.0,75.0,89.0,98.0,108.0,137.1,190.0,inferred
Clackmannanshire,2021-07-24,12.5,25.0,38.0,43.0,50.0,59.0,70.0,81.4,97.0,107.0,116.0,144.0,199.0,inferred
Clackmannanshire,2021-07-25,9.0,20.0,30.0,35.0,40.0,50.0,60.0,71.0,84.0,93.0,103.0,128.0,182.0,inferred
Clackmannanshire,2021-07-26,5.0,14.0,22.0,27.0,30.7,38.0,46.0,56.0,68.3,76.0,84.0,108.1,161.5,inferred
Clackmannanshire,2021-07-27,5.0,14.0,22.0,27.0,30.7,39.0,49.0,58.0,70.0,78.0,88.0,110.0,167.5,inferred
Clackmannanshire,2021-07-28,8.5,18.0,28.0,34.0,37.7,47.0,55.0,66.0,78.0,86.0,95.0,121.0,175.0,inferred
Clackmannanshire,2021-07-29,5.0,13.0,21.0,25.0,29.0,36.0,45.0,56.0,68.0,75.0,84.0,111.0,152.0,inferred
Clackmannanshire,2021-07-30,5.0,12.0,20.0,24.8,28.0,36.0,45.0,55.0,68.0,74.0,82.0,111.0,156.0,inferred
Clackmannanshire,2021-07-31,8.0,18.0,28.8,33.0,37.0,46.6,57.0,66.0,80.0,87.2,97.0,122.0,180.5,inferred
Clackmannanshire,2021-08-01,5.0,14.0,22.0,26.8,31.0,38.0,47.0,58.0,70.0,78.0,85.0,109.0,173.5,inferred
Clackmannanshire,2021-08-02,3.0,9.0,17.0,21.0,25.0,31.0,38.0,46.4,58.0,65.0,74.0,99.0,143.5,inferred
Clackmannanshire,2021-08-03,5.0,12.0,20.0,24.0,28.0,36.0,44.0,54.0,65.0,73.0,82.0,108.0,150.0,inferred
Clackmannanshire,2021-08-04,6.0,17.0,28.0,32.0,36.0,44.0,53.5,64.0,75.0,82.0,92.0,113.1,167.5,inferred
Clackmannanshire,2021-08-05,4.0,13.0,21.0,25.0,29.0,39.0,46.0,57.0,67.3,74.0,84.2,109.0,158.0,inferred
Clackmannanshire,2021-08-06,5.0,15.0,24.0,29.0,33.0,42.0,50.0,61.0,73.0,80.0,89.0,115.0,164.5,inferred
Clackmannanshire,2021-08-07,10.0,20.0,32.0,36.0,40.7,49.0,59.0,71.0,83.0,91.0,100.0,131.0,183.0,inferred
Clackmannanshire,2021-08-08,8.0,20.0,30.0,35.0,40.0,49.0,59.0,70.4,85.0,93.0,101.0,126.1,179.0,inferred
Clackmannanshire,2021-08-09,7.0,15.0,24.0,28.0,32.0,40.0,49.0,59.0,73.0,80.0,90.0,113.0,161.5,inferred
Clackmannanshire,2021-08-10,7.0,20.0,31.0,37.0,41.7,51.0,60.0,71.0,84.0,92.0,101.0,127.0,183.6,inferred
Clackmannanshire,2021-08-11,15.0,28.9,41.0,48.0,53.0,63.0,74.5,86.0,101.0,109.2,121.0,150.0,204.0,inferred
Clackmannanshire,2021-08-12,12.0,24.0,36.0,41.0,46.0,55.0,66.0,78.0,90.0,100.0,109.0,140.0,192.0,inferred
Clackmannanshire,2021-08-13,13.0,27.0,41.0,46.0,51.0,62.0,73.0,85.0,100.0,110.0,119.0,150.0,197.0,inferred
Clackmannanshire,2021-08-14,24.0,41.9,56.0,63.0,69.0,82.0,96.0,113.0,127.0,137.0,148.0,178.0,240.5,inferred
Clackmannanshire,2021-08-15,21.0,38.0,54.0,62.0,68.0,80.0,92.5,108.0,124.3,136.0,148.0,177.1,242.5,inferred
Clackmannanshire,2021-08-16,17.0,35.0,48.8,55.0,61.0,72.0,86.0,100.0,117.0,126.0,135.0,166.1,230.5,inferred
Clackmannanshire,2021-08-17,29.0,46.0,63.0,71.0,77.0,90.0,105.0,120.0,136.0,146.0,160.0,195.0,251.5,inferred
Clackmannanshire,2021-08-18,43.0,66.0,85.0,93.8,101.0,116.6,132.0,149.0,168.0,180.2,194.0,231.0,294.0,inferred
Clackmannanshire,2021-08-19,42.0,61.0,80.0,88.0,95.0,110.0,125.0,141.0,160.0,171.0,185.0,227.0,292.0,inferred
Clackmannanshire,2021-08-20,49.5,74.0,94.0,103.0,112.7,128.0,142.0,159.0,177.0,190.0,206.0,239.0,303.5,inferred
Clackmannanshire,2021-08-21,74.0,106.0,128.8,139.0,149.0,167.0,188.0,207.0,231.0,242.0,258.0,299.0,375.5,inferred
Clackmannanshire,2021-08-22,73.0,108.0,138.0,148.0,159.0,177.0,198.5,219.4,244.0,257.0,277.0,322.1,401.0,inferred
Clackmannanshire,2021-08-23,69.0,101.9,128.8,139.0,146.7,165.6,185.5,204.0,227.0,241.0,256.0,297.0,374.6,inferred
Clackmannanshire,2021-08-24,88.5,121.0,150.0,161.0,171.0,194.0,215.0,237.4,267.0,281.0,294.2,338.2,419.0,inferred
Clackmannanshire,2021-08-25,119.0,162.9,197.0,210.0,221.0,241.6,261.0,283.0,314.3,330.2,344.0,392.1,468.0,inferred
Clackmannanshire,2021-08-26,102.0,141.0,174.0,184.0,194.7,214.0,234.0,255.0,280.0,296.0,317.0,359.0,444.0,inferred
Clackmannanshire,2021-08-27,119.0,160.0,185.0,198.0,211.0,234.0,256.0,281.0,307.0,321.0,341.0,382.0,456.5,inferred
Clackmannanshire,2021-08-28,156.5,206.0,242.0,257.0,271.0,298.0,323.0,347.0,374.3,389.0,411.0,470.0,549.0,inferred
Clackmannanshire,2021-08-29,161.0,208.0,245.0,259.0,271.0,297.0,319.0,342.0,371.0,387.0,406.0,465.1,548.0,inferred
Clackmannanshire,2021-08-30,126.5,179.8,213.0,223.0,237.0,262.0,284.0,308.0,333.0,349.0,368.2,415.1,507.0,inferred
Clackmannanshire,2021-08-31,159.0,208.9,243.0,259.0,270.0,293.0,317.0,344.0,371.0,388.0,407.2,463.0,544.5,inferred
Clackmannanshire,2021-09-01,190.0,243.9,282.0,298.0,311.0,339.0,364.5,398.0,429.0,448.0,471.0,527.1,619.6,inferred
Clackmannanshire,2021-09-02,152.9,201.0,232.0,245.0,257.7,282.0,310.0,335.4,364.0,379.0,400.2,453.1,530.0,inferred
Clackmannanshire,2021-09-03,158.0,202.9,241.0,257.0,270.0,294.6,317.0,346.0,376.0,392.0,412.0,464.0,561.6,inferred
Clackmannanshire,2021-09-04,191.5,250.9,291.0,308.0,320.0,344.6,371.5,402.0,436.0,452.2,475.2,528.0,629.0,inferred
Clackmannanshire,2021-09-05,171.0,225.0,262.0,278.0,293.7,322.0,350.0,376.0,406.0,422.0,441.0,497.1,586.6,inferred
Clackmannanshire,2021-09-06,136.0,185.9,220.0,235.0,250.0,272.0,296.0,321.4,349.0,368.0,387.0,437.0,523.5,inferred
Clackmannanshire,2021-09-07,146.9,198.0,230.0,246.8,259.0,284.0,307.5,335.0,364.0,378.0,397.0,452.0,555.0,inferred
Clackmannanshire,2021-09-08,166.0,212.0,244.8,259.0,272.0,300.0,324.0,351.0,380.0,396.0,416.0,483.0,576.5,inferred
Clackmannanshire,2021-09-09,109.0,147.0,178.0,192.8,204.0,226.0,248.0,270.0,299.0,313.0,331.2,374.0,454.7,inferred
Clackmannanshire,2021-09-10,102.0,138.0,164.0,176.0,189.0,209.0,231.0,252.0,275.0,291.2,309.2,354.1,433.0,inferred
Clackmannanshire,2021-09-11,112.0,151.0,180.0,193.0,203.0,225.0,245.0,266.0,292.0,310.0,330.0,375.0,454.0,inferred
Clackmannanshire,2021-09-12,83.5,122.0,146.8,159.8,169.0,191.0,212.0,233.0,256.0,268.0,282.2,327.0,410.0,inferred
Clackmannanshire,2021-09-13,58.5,86.0,108.0,118.0,128.0,143.0,159.5,178.0,196.3,211.0,225.0,261.1,323.5,inferred
Clackmannanshire,2021-09-14,57.0,86.0,108.0,116.0,125.0,143.0,159.0,176.0,195.0,208.0,226.0,270.1,339.0,inferred
Clackmannanshire,2021-09-15,66.5,99.9,123.0,133.0,141.0,160.0,178.0,196.0,217.0,232.0,247.0,288.1,375.0,inferred
Clackmannanshire,2021-09-16,45.0,74.0,93.0,102.0,111.0,125.0,139.0,157.0,177.0,188.0,202.2,243.0,307.5,inferred
Clackmannanshire,2021-09-17,50.0,77.0,95.8,103.0,110.0,124.6,142.0,160.0,178.3,191.0,206.0,245.0,311.0,inferred
Clackmannanshire,2021-09-18,55.0,84.0,109.0,119.0,128.0,148.0,167.0,186.0,206.0,217.0,234.2,279.0,340.0,inferred
Clackmannanshire,2021-09-19,50.5,74.0,97.0,105.8,112.0,129.0,147.0,163.0,182.0,196.0,210.0,250.0,305.0,inferred
Clackmannanshire,2021-09-20,38.0,59.0,78.0,86.0,92.7,106.0,122.0,138.0,156.0,168.0,182.2,227.2,286.0,inferred
Clackmannanshire,2021-09-21,40.0,66.0,86.0,94.0,101.0,116.0,131.5,149.0,169.0,180.0,194.0,229.0,301.0,inferred
Clackmannanshire,2021-09-22,57.0,83.9,103.0,113.0,122.0,139.0,157.0,173.0,197.0,208.0,223.0,260.1,325.5,inferred
Clackmannanshire,2021-09-23,42.5,65.0,85.0,93.0,102.0,119.6,135.0,151.0,168.0,178.2,192.0,229.1,295.0,inferred
Clackmannanshire,2021-09-24,53.0,76.0,95.0,105.0,113.7,131.0,147.0,164.0,184.0,195.0,208.2,249.1,321.5,inferred
Clackmannanshire,2021-09-25,63.0,97.0,120.0,131.0,141.0,158.0,171.0,192.0,213.0,227.0,242.2,285.1,361.5,inferred
Clackmannanshire,2021-09-26,62.0,92.0,113.0,124.0,132.0,149.0,169.0,186.0,208.0,222.0,236.0,278.1,328.0,inferred
Clackmannanshire,2021-09-27,47.0,75.0,94.8,104.0,112.7,130.6,146.0,165.0,186.0,197.0,211.2,251.0,332.5,inferred
Clackmannanshire,2021-09-28,58.0,87.0,108.0,118.0,126.0,143.0,161.0,180.0,200.0,214.0,229.2,267.0,339.5,inferred
Clackmannanshire,2021-09-29,69.0,106.0,129.0,138.0,148.0,166.0,186.0,209.0,231.0,245.0,263.0,304.1,392.5,inferred
Clackmannanshire,2021-09-30,54.0,82.0,106.0,114.0,122.0,139.0,156.0,174.0,194.0,208.0,221.0,263.0,333.0,inferred
Clackmannanshire,2021-10-01,53.0,84.0,107.0,117.0,128.0,143.0,160.5,180.0,201.0,213.0,227.0,265.0,334.0,inferred
Clackmannanshire,2021-10-02,74.5,105.0,128.0,138.0,147.0,168.0,186.5,206.0,229.0,243.0,259.0,307.1,376.5,inferred
Clackmannanshire,2021-10-03,68.5,97.0,122.0,131.0,143.0,161.6,180.0,201.4,221.0,232.0,248.0,292.0,359.5,inferred
Clackmannanshire,2021-10-04,53.0,76.0,97.8,106.0,113.7,128.0,147.0,166.0,186.0,196.0,208.0,246.0,305.5,inferred
Clackmannanshire,2021-10-05,57.0,84.0,104.0,114.0,122.0,140.6,158.5,173.4,198.0,211.0,227.0,270.0,340.5,inferred
Clackmannanshire,2021-10-06,72.0,104.0,128.0,138.0,147.0,164.0,182.0,201.0,224.0,236.0,255.0,298.0,390.5,inferred
Clackmannanshire,2021-10-07,50.0,82.9,103.0,112.0,120.0,136.0,154.0,173.0,197.3,209.0,224.0,258.1,341.5,inferred
Clackmannanshire,2021-10-08,56.5,89.0,112.0,122.0,130.0,146.0,164.0,180.0,203.3,218.0,231.0,280.0,355.0,inferred
Clackmannanshire,2021-10-09,79.0,109.0,134.0,144.0,153.0,174.0,194.0,215.0,238.3,254.0,268.0,315.0,391.1,inferred
Clackmannanshire,2021-10-10,63.0,95.0,120.0,133.0,144.7,164.6,183.0,202.0,226.0,238.0,252.0,298.0,370.0,inferred
Clackmannanshire,2021-10-11,54.0,82.0,103.0,111.0,121.0,138.0,157.0,175.0,195.0,208.0,222.0,266.0,333.0,inferred
Clackmannanshire,2021-10-12,64.5,96.0,122.0,131.0,139.7,157.0,174.0,194.0,212.3,226.2,241.0,281.0,365.0,inferred
Clackmannanshire,2021-10-13,73.5,110.0,140.0,153.8,164.0,185.0,204.0,227.0,250.0,263.0,281.0,322.0,396.5,inferred
Clackmannanshire,2021-10-14,68.5,97.0,121.0,131.0,140.0,157.0,175.0,195.0,218.0,232.0,247.2,295.1,383.0,inferred
Clackmannanshire,2021-10-15,65.0,98.9,126.0,136.8,147.7,168.0,187.0,212.0,235.0,250.0,268.0,317.0,400.0,inferred
Colchester,2021-07-03,36.0,43.0,48.0,50.0,51.0,54.0,58.0,62.0,65.0,67.0,69.0,74.0,85.0,inferred
Colchester,2021-07-04,43.0,50.0,56.0,58.0,59.0,63.0,66.0,69.0,73.0,74.0,77.0,83.0,93.0,inferred
Colchester,2021-07-05,67.0,77.0,83.0,85.0,87.0,91.0,94.0,98.0,102.0,104.0,107.0,114.0,127.0,inferred
Colchester,2021-07-06,68.5,78.0,83.0,86.0,88.0,92.0,95.0,100.0,104.0,106.0,108.0,116.1,126.0,inferred
Colchester,2021-07-07,75.0,83.0,90.0,93.0,95.0,99.0,102.0,106.0,111.0,113.0,116.0,124.0,134.5,inferred
Colchester,2021-07-08,78.0,86.0,92.0,95.0,97.0,102.0,105.0,110.0,114.0,116.0,119.0,126.0,137.0,inferred
Colchester,2021-07-09,76.0,84.0,91.0,94.0,96.0,100.0,104.0,107.4,113.0,115.0,118.0,126.0,137.0,inferred
Colchester,2021-07-10,67.0,76.0,82.0,85.0,87.0,90.0,94.0,98.0,102.0,105.0,108.0,115.0,128.0,inferred
Colchester,2021-07-11,77.0,87.0,94.0,96.0,98.0,102.0,106.0,110.4,115.0,117.0,120.0,128.0,141.0,inferred
Colchester,2021-07-12,116.0,128.0,137.0,140.0,143.0,148.0,153.0,158.0,164.0,166.0,171.0,180.0,194.5,inferred
Colchester,2021-07-13,113.5,126.0,134.0,137.0,140.0,145.0,150.0,155.0,161.0,164.0,167.0,174.0,190.0,inferred
Colchester,2021-07-14,116.0,127.0,135.0,138.0,141.0,146.0,152.0,156.0,161.0,164.0,168.0,176.0,190.0,inferred
Colchester,2021-07-15,109.0,120.0,127.0,130.0,132.0,137.0,141.0,145.0,151.3,154.0,157.0,167.0,180.0,inferred
Colchester,2021-07-16,96.0,107.0,114.0,117.0,120.0,124.0,128.0,133.0,138.0,140.0,143.0,151.0,165.0,inferred
Colchester,2021-07-17,76.5,86.0,93.0,95.0,97.0,101.0,105.0,109.0,114.0,117.0,120.0,127.0,140.0,inferred
Colchester,2021-07-18,79.0,88.0,94.0,96.0,99.0,103.0,107.0,111.0,116.0,118.0,121.0,128.0,140.0,inferred
Colchester,2021-07-19,105.0,117.9,125.0,128.8,131.0,136.0,142.0,146.0,151.0,155.0,158.0,168.0,182.5,inferred
Colchester,2021-07-20,98.0,107.0,115.0,118.0,120.0,125.0,130.0,134.0,139.3,142.0,146.0,154.0,167.5,inferred
Colchester,2021-07-21,90.0,100.0,107.0,110.0,112.0,117.0,122.0,126.0,131.0,134.0,137.0,147.0,159.5,inferred
Colchester,2021-07-22,78.0,89.0,95.0,97.0,100.0,104.0,108.0,111.4,117.0,119.0,122.0,129.0,142.0,inferred
Colchester,2021-07-23,63.5,73.0,79.0,81.0,83.0,87.0,91.0,95.0,99.0,102.0,105.0,113.0,127.0,inferred
Colchester,2021-07-24,48.0,55.0,60.0,62.0,64.0,67.0,71.0,74.0,77.3,80.0,82.0,89.0,97.0,inferred
Colchester,2021-07-25,46.0,52.0,58.0,60.0,62.0,65.0,68.0,71.0,75.0,77.0,79.2,86.0,96.0,inferred
Colchester,2021-07-26,59.0,67.0,73.0,75.0,77.0,81.0,84.0,88.0,92.0,94.0,96.2,103.0,118.5,inferred
Colchester,2021-07-27,53.5,61.0,67.0,69.0,71.0,74.0,77.0,81.0,85.0,87.0,89.0,96.0,107.0,inferred
Colchester,2021-07-28,52.0,59.0,65.0,67.0,69.0,73.0,77.0,80.0,84.0,86.0,89.0,96.0,107.0,inferred
Colchester,2021-07-29,49.0,56.0,62.0,64.0,66.0,69.0,73.0,76.0,80.0,82.0,84.2,90.0,102.0,inferred
Colchester,2021-07-30,43.0,51.0,56.0,58.0,60.0,63.0,66.0,69.0,72.0,75.0,76.0,82.0,92.0,inferred
Colchester,2021-07-31,34.0,41.0,46.0,47.0,48.0,51.0,54.5,57.0,60.0,62.0,64.0,70.0,80.0,inferred
Colchester,2021-08-01,34.0,42.0,46.0,48.0,50.0,53.0,56.0,59.0,62.0,63.0,65.0,71.0,81.0,inferred
Colchester,2021-08-02,50.0,57.0,63.8,66.0,67.0,71.0,74.0,78.0,81.0,83.0,86.0,92.0,101.5,inferred
Colchester,2021-08-03,46.0,54.0,60.0,62.0,64.0,67.0,71.0,74.0,77.0,79.0,81.2,88.0,100.0,inferred
Colchester,2021-08-04,48.0,56.0,61.0,63.0,65.0,68.0,72.0,75.0,79.0,81.0,83.0,89.0,100.0,inferred
Colchester,2021-08-05,46.0,54.0,59.0,61.0,63.0,66.0,69.0,73.0,76.0,78.0,80.0,86.0,96.5,inferred
Colchester,2021-08-06,41.0,49.0,53.0,55.0,57.0,60.0,63.0,66.0,70.0,72.0,74.0,81.0,90.0,inferred
Colchester,2021-08-07,34.0,40.0,45.0,47.0,48.0,52.0,55.0,57.0,60.0,62.0,64.0,69.0,79.5,inferred
Colchester,2021-08-08,37.0,44.0,48.0,50.0,52.0,54.0,57.0,60.0,64.0,66.0,68.0,73.0,82.0,inferred
Colchester,2021-08-09,53.0,60.0,66.0,68.0,70.0,73.0,77.0,80.0,84.0,86.0,89.0,95.0,108.0,inferred
Colchester,2021-08-10,50.0,57.0,63.0,65.0,67.0,70.0,73.0,77.0,80.0,83.0,85.0,91.0,102.0,inferred
Colchester,2021-08-11,50.0,58.0,63.0,66.0,67.0,72.0,75.0,78.0,82.0,84.0,87.0,94.0,106.0,inferred
Colchester,2021-08-12,49.0,57.0,62.0,64.0,66.0,69.0,72.0,76.0,80.0,82.0,84.0,90.0,99.0,inferred
Colchester,2021-08-13,46.0,52.0,57.0,58.0,60.0,64.0,67.0,70.0,74.0,76.0,78.0,84.0,93.0,inferred
Colchester,2021-08-14,36.0,43.0,48.0,50.0,51.0,54.0,58.0,60.0,63.0,65.0,67.2,73.0,83.0,inferred
Colchester,2021-08-15,38.0,45.0,49.8,52.0,53.0,56.0,59.0,62.0,66.0,68.0,70.0,75.0,85.0,inferred
Colchester,2021-08-16,53.0,63.0,69.0,71.0,73.0,77.0,80.0,83.0,88.0,90.0,92.0,100.0,111.0,inferred
Colchester,2021-08-17,53.0,61.0,66.0,69.0,71.0,74.0,78.0,81.0,85.0,87.0,89.0,96.0,107.0,inferred
Colchester,2021-08-18,54.0,62.0,67.0,69.0,71.0,74.6,78.0,82.0,86.0,87.2,90.0,96.0,108.0,inferred
Colchester,2021-08-19,51.0,59.0,64.0,67.0,68.0,72.0,75.0,78.0,82.0,84.0,86.0,93.0,104.0,inferred
Colchester,2021-08-20,46.0,53.0,58.0,60.0,62.0,65.0,69.0,72.0,76.0,78.0,80.0,87.0,96.0,inferred
Colchester,2021-08-21,37.0,43.0,48.0,50.0,52.0,55.0,58.0,61.0,64.0,66.0,68.0,73.0,82.5,inferred
Colchester,2021-08-22,40.0,46.0,51.0,53.0,55.0,58.0,61.0,64.0,67.0,69.0,71.0,77.0,88.0,inferred
Colchester,2021-08-23,56.0,63.0,69.0,71.0,73.0,77.0,81.0,84.4,89.0,91.0,93.0,101.0,110.0,inferred
Colchester,2021-08-24,52.0,60.0,65.8,68.0,70.0,74.0,77.0,81.0,85.0,87.0,89.0,95.0,107.0,inferred
Colchester,2021-08-25,54.0,62.0,66.0,68.8,71.0,75.0,79.0,82.0,86.0,88.0,91.0,96.1,107.0,inferred
Colchester,2021-08-26,52.0,60.0,65.0,67.0,69.0,72.0,76.0,80.0,84.0,86.0,88.0,94.0,106.0,inferred
Colchester,2021-08-27,47.0,54.0,59.0,61.0,63.0,67.0,70.0,73.0,77.0,80.0,82.0,88.0,99.0,inferred
Colchester,2021-08-28,38.5,46.0,50.0,52.0,53.0,56.0,59.0,62.0,65.0,67.0,69.0,75.0,84.0,inferred
Colchester,2021-08-29,40.0,47.0,52.0,54.0,56.0,59.0,62.0,65.0,69.0,71.0,72.0,79.0,89.0,inferred
Colchester,2021-08-30,58.0,65.0,72.0,74.0,76.0,80.0,85.0,88.0,92.0,94.0,97.0,105.0,117.0,inferred
Colchester,2021-08-31,57.0,65.0,70.0,73.0,75.0,78.0,82.0,85.0,89.0,92.0,94.0,102.0,112.0,inferred
Colchester,2021-09-01,58.0,67.0,72.0,74.0,76.0,81.0,84.0,88.0,91.0,94.0,97.0,103.0,113.0,inferred
Colchester,2021-09-02,56.5,64.0,70.0,72.0,74.0,77.6,81.0,84.0,89.0,91.0,93.0,100.0,111.0,inferred
Colchester,2021-09-03,52.0,59.0,64.0,66.0,68.0,72.0,76.0,78.0,82.0,84.0,86.0,93.0,103.5,inferred
Colchester,2021-09-04,43.0,50.9,55.0,57.0,58.0,62.0,65.0,68.0,72.0,73.0,75.0,81.0,92.0,inferred
Colchester,2021-09-05,45.0,52.0,57.0,59.0,61.0,64.0,67.0,71.0,74.0,76.0,79.0,86.0,96.0,inferred
Colchester,2021-09-06,64.0,73.0,79.0,81.0,84.0,87.0,92.0,96.0,100.0,103.0,105.0,112.0,125.0,inferred
Colchester,2021-09-07,60.0,68.0,74.0,76.0,79.0,83.0,86.0,90.0,94.0,97.0,99.0,106.1,118.0,inferred
Colchester,2021-09-08,59.0,69.0,74.0,77.0,79.0,82.0,86.5,91.0,95.0,97.0,100.0,106.0,116.0,inferred
Colchester,2021-09-09,56.0,64.0,69.0,72.0,73.0,77.0,81.0,84.0,88.0,90.0,93.0,100.0,110.0,inferred
Colchester,2021-09-10,49.0,57.0,62.0,64.0,66.0,69.0,73.0,77.0,80.0,82.0,85.0,91.0,101.0,inferred
Colchester,2021-09-11,39.0,46.0,51.0,53.0,54.0,58.0,61.0,64.0,67.0,69.0,71.0,77.0,86.5,inferred
Colchester,2021-09-12,41.0,47.9,52.0,54.0,56.0,59.0,62.0,65.0,69.0,70.0,72.0,79.0,89.0,inferred
Colchester,2021-09-13,56.0,65.0,70.0,73.0,75.0,78.0,82.0,86.0,90.0,92.0,95.0,102.0,112.0,inferred
Colchester,2021-09-14,55.0,62.0,68.0,70.0,72.0,77.0,80.0,83.0,87.0,89.0,92.0,99.0,110.0,inferred
Colchester,2021-09-15,60.0,68.0,74.0,76.0,78.0,82.0,85.0,89.0,93.0,95.0,98.0,105.0,116.0,inferred
Colchester,2021-09-16,59.0,69.0,75.0,77.0,79.0,83.0,87.0,91.0,95.3,98.0,101.0,109.0,117.5,inferred
Colchester,2021-09-17,59.5,68.0,73.8,76.0,78.0,81.0,85.0,88.0,93.0,95.0,97.0,103.0,114.0,inferred
Colchester,2021-09-18,51.0,59.0,64.0,67.0,68.0,72.0,75.0,79.0,82.0,85.0,87.0,94.0,104.0,inferred
Colchester,2021-09-19,58.0,66.0,72.0,74.0,76.0,79.0,83.0,87.0,91.0,92.0,95.0,101.0,113.0,inferred
Colchester,2021-09-20,84.0,95.0,103.0,105.0,108.0,112.0,116.0,120.0,125.0,127.0,131.0,139.0,153.0,inferred
Colchester,2021-09-21,81.5,92.0,99.0,102.0,104.0,109.0,113.0,117.0,122.0,125.0,128.0,135.0,149.5,inferred
Colchester,2021-09-22,85.0,95.0,102.0,105.0,107.0,111.0,115.0,120.0,124.0,126.0,129.0,137.0,150.0,inferred
Colchester,2021-09-23,80.5,90.0,98.0,100.0,103.0,107.0,112.0,116.0,119.3,123.0,126.0,134.0,146.0,inferred
Colchester,2021-09-24,74.0,83.0,90.0,92.0,95.0,98.0,102.0,106.0,110.0,112.0,115.0,123.1,133.0,inferred
Colchester,2021-09-25,61.0,69.0,75.0,77.0,79.0,83.0,86.0,90.0,94.0,96.0,98.0,106.0,117.0,inferred
Colchester,2021-09-26,63.0,72.0,77.0,79.0,82.0,85.0,89.0,93.0,97.0,100.0,103.0,110.0,122.0,inferred
Colchester,2021-09-27,88.0,99.0,106.0,109.0,112.0,116.0,120.0,125.0,129.0,132.0,135.0,143.0,158.0,inferred
Colchester,2021-09-28,85.0,95.0,102.0,104.0,107.0,112.0,116.0,120.0,125.0,127.0,130.0,138.0,150.0,inferred
Colchester,2021-09-29,87.0,96.0,103.0,106.0,108.0,113.0,118.0,122.0,127.0,130.0,133.0,141.0,151.0,inferred
Colchester,2021-09-30,83.0,93.0,100.0,102.0,105.0,110.0,114.0,118.0,122.0,124.0,127.0,134.0,145.5,inferred
Colchester,2021-10-01,75.0,85.0,91.0,94.0,96.0,100.0,104.0,108.0,112.3,115.0,117.0,124.0,136.0,inferred
Colchester,2021-10-02,62.5,70.0,76.0,79.0,81.0,85.0,89.0,92.0,96.0,99.0,102.0,108.0,122.0,inferred
Colchester,2021-10-03,66.0,75.0,80.0,83.0,85.0,90.0,93.0,97.0,101.0,103.0,106.0,113.0,123.0,inferred
Colchester,2021-10-04,92.5,104.0,112.0,115.0,117.0,121.0,126.0,130.0,136.0,138.0,141.0,150.0,165.0,inferred
Colchester,2021-10-05,91.5,102.0,109.0,112.0,115.0,119.0,124.0,128.0,132.0,136.0,139.0,147.0,159.0,inferred
Colchester,2021-10-06,96.0,108.0,115.0,118.0,121.0,126.0,130.0,134.0,140.0,143.0,146.0,153.0,170.0,inferred
Colchester,2021-10-07,99.0,109.0,116.0,119.0,121.0,127.0,131.0,136.0,141.0,143.0,145.0,155.0,168.0,inferred
Colchester,2021-10-08,95.0,104.0,112.0,114.0,116.7,121.0,126.0,130.0,135.0,138.0,141.0,150.0,163.5,inferred
Colchester,2021-10-09,82.0,92.0,99.0,101.0,104.0,107.6,112.0,116.0,121.0,123.0,126.0,134.0,147.0,inferred
Colchester,2021-10-10,88.0,99.0,106.0,109.0,112.0,116.0,120.0,124.0,129.0,131.0,135.0,144.0,157.0,inferred
Colchester,2021-10-11,128.0,142.0,150.0,153.0,157.0,162.0,167.0,173.0,179.0,182.0,185.0,195.0,211.5,inferred
Colchester,2021-10-12,124.0,137.0,145.0,147.0,151.0,156.0,162.0,168.0,174.0,177.0,181.0,191.0,206.0,inferred
Colchester,2021-10-13,123.0,137.0,146.0,148.8,151.0,157.0,161.5,168.0,173.3,177.0,181.0,190.0,205.0,inferred
Colchester,2021-10-14,115.0,128.0,136.0,139.8,143.0,148.0,153.0,158.0,164.0,167.0,171.0,180.0,195.5,inferred
Colchester,2021-10-15,103.0,113.0,122.0,124.0,127.0,132.0,138.0,143.0,148.0,151.0,155.0,164.0,178.0,inferred
Conwy,2021-07-03,8.0,12.0,15.0,15.8,17.0,19.0,21.0,23.0,26.0,27.0,29.0,33.0,40.0,inferred
Conwy,2021-07-04,9.0,13.0,15.0,16.0,18.0,20.0,22.0,25.0,27.0,29.0,31.0,35.0,43.0,inferred
Conwy,2021-07-05,17.0,21.9,26.0,27.0,28.0,31.0,34.0,37.0,40.0,42.0,44.0,49.0,58.5,inferred
Conwy,2021-07-06,18.0,24.0,28.0,30.0,31.0,34.0,37.0,39.0,43.0,45.0,46.0,52.0,62.0,inferred
Conwy,2021-07-07,20.0,27.0,31.0,32.8,34.0,37.0,40.0,43.0,46.3,48.0,51.0,56.0,66.0,inferred
Conwy,2021-07-08,22.0,28.0,32.0,34.0,36.0,39.0,42.0,45.0,48.0,50.0,52.0,58.0,70.0,inferred
Conwy,2021-07-09,21.0,28.0,32.0,33.0,35.0,38.0,41.0,44.0,47.0,49.0,51.0,56.1,67.0,inferred
Conwy,2021-07-10,19.0,24.9,29.0,30.0,32.0,35.0,38.0,41.0,44.0,46.0,48.0,54.0,66.0,inferred
Conwy,2021-07-11,20.0,28.0,32.0,33.0,35.0,38.0,41.0,44.0,48.0,50.0,52.0,58.0,69.0,inferred
Conwy,2021-07-12,36.0,44.0,50.0,52.0,54.0,58.0,61.0,65.0,69.0,71.2,74.0,81.0,93.0,inferred
Conwy,2021-07-13,38.0,48.0,53.0,55.0,57.0,61.0,65.0,69.0,73.0,75.0,78.0,86.0,99.0,inferred
Conwy,2021-07-14,38.0,47.0,53.0,55.0,57.0,60.0,64.0,68.0,72.0,74.0,77.0,84.0,98.0,inferred
Conwy,2021-07-15,37.0,45.0,50.0,52.0,54.0,57.0,61.0,64.0,68.0,71.0,74.0,81.0,91.0,inferred
Conwy,2021-07-16,31.0,38.0,44.0,46.0,48.0,52.0,55.0,58.0,62.0,65.0,67.0,74.0,85.5,inferred
Conwy,2021-07-17,25.0,31.0,35.0,37.0,39.0,42.0,45.0,48.0,52.0,54.0,57.0,63.0,72.0,inferred
Conwy,2021-07-18,24.0,31.0,36.0,37.0,39.0,42.0,45.0,48.0,52.0,54.0,56.0,62.0,71.5,inferred
Conwy,2021-07-19,36.0,44.0,50.0,52.0,54.0,58.0,62.0,66.0,70.0,73.0,75.0,82.0,94.0,inferred
Conwy,2021-07-20,37.0,43.0,49.0,51.0,53.0,57.0,61.0,64.0,68.0,71.0,73.0,81.0,94.5,inferred
Conwy,2021-07-21,35.0,42.0,48.0,50.0,52.0,55.0,59.0,62.0,66.0,68.0,71.0,78.0,89.0,inferred
Conwy,2021-07-22,31.0,39.0,44.0,46.0,48.0,51.0,55.0,58.0,62.0,65.0,67.0,74.0,85.0,inferred
Conwy,2021-07-23,25.0,32.0,37.0,39.0,40.0,43.0,46.0,49.0,53.0,56.0,58.0,65.0,75.0,inferred
Conwy,2021-07-24,19.0,24.0,29.0,31.0,32.0,35.0,38.0,41.0,44.0,46.0,48.0,54.0,63.0,inferred
Conwy,2021-07-25,17.0,23.0,28.0,30.0,31.0,34.0,37.0,40.0,44.0,45.0,47.0,53.0,61.0,inferred
Conwy,2021-07-26,26.5,33.0,39.0,41.0,42.0,45.0,48.0,52.0,56.0,58.0,60.0,67.0,78.0,inferred
Conwy,2021-07-27,27.0,33.0,37.0,40.0,41.0,45.0,48.0,51.0,54.0,56.0,59.0,66.0,76.0,inferred
Conwy,2021-07-28,25.0,31.0,35.0,37.0,39.0,42.0,45.0,49.0,52.0,54.0,57.0,64.0,76.0,inferred
Conwy,2021-07-29,24.0,29.0,34.0,36.0,38.0,41.0,44.0,48.0,51.0,53.0,55.0,61.0,71.0,inferred
Conwy,2021-07-30,19.0,25.0,29.0,30.0,32.0,35.0,38.0,41.0,44.0,46.0,48.0,54.0,63.5,inferred
Conwy,2021-07-31,14.0,20.0,23.0,25.0,26.0,29.0,31.0,34.0,37.0,39.0,41.0,47.0,58.0,inferred
Conwy,2021-08-01,14.0,19.0,23.0,24.0,25.0,28.0,31.0,34.0,37.0,38.0,40.0,46.0,55.0,inferred
Conwy,2021-08-02,21.0,28.0,32.0,34.0,36.0,38.0,41.0,44.0,48.0,50.0,52.0,58.0,67.0,inferred
Conwy,2021-08-03,22.0,29.0,33.0,35.0,36.0,39.0,42.0,45.0,49.0,51.0,53.0,59.0,70.0,inferred
Conwy,2021-08-04,22.0,28.0,33.0,34.0,36.0,39.0,42.0,45.0,48.0,50.0,53.0,60.0,70.0,inferred
Conwy,2021-08-05,22.0,28.0,33.0,34.0,36.0,39.0,42.0,45.0,48.0,50.0,53.0,59.0,69.0,inferred
Conwy,2021-08-06,19.0,24.0,28.0,30.0,31.0,34.0,37.0,40.0,43.0,45.0,47.0,53.0,63.0,inferred
Conwy,2021-08-07,15.0,20.0,24.0,25.0,26.7,29.0,32.0,35.0,38.0,40.0,42.2,48.0,57.0,inferred
Conwy,2021-08-08,15.0,21.0,25.0,27.0,28.0,30.0,33.0,35.0,38.0,40.0,42.0,48.0,57.5,inferred
Conwy,2021-08-09,23.0,31.0,36.0,38.0,39.0,42.0,45.0,49.0,53.0,55.0,57.0,64.0,74.5,inferred
Conwy,2021-08-10,26.0,32.0,38.0,40.0,41.0,44.0,48.0,51.0,55.0,57.0,59.0,66.0,75.5,inferred
Conwy,2021-08-11,27.0,33.0,38.0,40.0,42.0,45.0,48.0,51.0,55.0,58.0,60.0,67.0,78.0,inferred
Conwy,2021-08-12,26.0,33.0,39.0,40.0,42.0,45.0,49.0,52.0,56.0,58.0,60.0,67.0,78.5,inferred
Conwy,2021-08-13,23.5,30.0,35.0,36.0,38.0,41.0,44.0,47.4,51.0,53.0,55.0,62.0,72.0,inferred
Conwy,2021-08-14,18.5,25.0,30.0,32.0,34.0,37.0,39.0,42.0,45.0,47.0,50.0,55.0,63.0,inferred
Conwy,2021-08-15,20.0,26.0,31.0,33.0,34.0,37.0,40.0,43.0,46.0,48.0,50.0,56.0,67.0,inferred
Conwy,2021-08-16,33.0,40.0,45.0,47.0,50.0,53.0,57.0,61.0,65.0,68.0,70.0,77.0,89.5,inferred
Conwy,2021-08-17,34.5,42.0,47.0,50.0,51.0,55.0,59.0,63.0,67.0,70.0,72.0,78.0,90.5,inferred
Conwy,2021-08-18,36.0,45.0,50.0,52.0,54.0,57.6,62.0,65.0,70.0,72.0,75.0,82.0,93.0,inferred
Conwy,2021-08-19,36.0,44.0,49.8,52.0,54.0,58.0,61.0,65.0,69.0,71.2,74.0,81.0,93.5,inferred
Conwy,2021-08-20,34.0,40.9,46.0,48.0,50.0,54.0,57.0,61.0,65.0,67.0,70.0,78.0,89.0,inferred
Conwy,2021-08-21,29.0,35.0,40.0,42.0,44.0,48.0,51.0,54.0,58.0,60.0,62.0,69.0,81.0,inferred
Conwy,2021-08-22,30.0,36.9,42.0,44.0,45.0,49.0,53.0,56.0,60.3,63.0,65.0,71.0,81.5,inferred
Conwy,2021-08-23,47.0,56.0,62.0,65.0,67.0,72.0,76.0,79.0,84.0,86.0,89.0,97.0,110.0,inferred
Conwy,2021-08-24,50.0,59.0,65.0,69.0,71.0,75.0,79.0,83.0,88.0,91.0,94.0,102.0,116.0,inferred
Conwy,2021-08-25,52.0,61.0,67.0,70.0,72.0,76.0,81.0,85.0,90.0,93.0,96.0,105.0,119.0,inferred
Conwy,2021-08-26,51.5,61.0,68.0,71.0,73.0,77.0,81.0,86.0,90.0,93.0,96.0,104.0,120.0,inferred
Conwy,2021-08-27,46.0,55.0,61.0,64.0,66.0,71.0,75.0,78.0,83.0,85.0,88.0,97.0,110.0,inferred
Conwy,2021-08-28,39.0,47.0,53.0,55.0,57.0,61.0,65.0,69.0,74.0,77.0,79.0,87.0,98.5,inferred
Conwy,2021-08-29,40.5,48.0,54.0,56.0,59.0,63.0,66.0,71.0,75.0,78.0,80.2,88.1,101.0,inferred
Conwy,2021-08-30,64.0,73.0,80.0,83.0,85.0,91.0,95.0,100.0,105.0,108.0,112.0,121.0,135.0,inferred
Conwy,2021-08-31,65.0,75.0,83.0,86.0,88.0,93.0,97.0,102.0,108.0,111.0,114.0,123.0,138.5,inferred
Conwy,2021-09-01,67.0,77.0,84.0,86.8,89.0,94.0,99.0,104.0,110.0,112.0,115.2,123.1,138.0,inferred
Conwy,2021-09-02,64.0,75.0,81.0,85.0,87.0,91.0,96.0,100.0,105.0,108.0,112.0,121.0,135.0,inferred
Conwy,2021-09-03,54.5,64.0,71.0,74.0,76.0,80.0,85.0,89.0,94.0,97.0,100.0,109.0,123.0,inferred
Conwy,2021-09-04,45.0,53.0,59.0,62.0,64.0,69.0,72.0,76.0,80.0,82.0,85.0,94.0,105.0,inferred
Conwy,2021-09-05,45.0,54.0,60.0,62.0,64.0,69.0,73.0,77.0,81.0,83.0,86.0,95.0,109.0,inferred
Conwy,2021-09-06,69.0,77.0,84.0,87.0,91.0,96.0,101.0,106.0,113.0,115.0,118.2,128.1,146.0,inferred
Conwy,2021-09-07,68.0,79.0,86.0,89.0,92.0,97.0,102.0,108.0,113.0,116.0,120.0,129.0,146.0,inferred
Conwy,2021-09-08,68.0,80.0,87.0,90.0,92.0,97.0,102.0,107.4,113.0,115.2,118.0,127.0,143.0,inferred
Conwy,2021-09-09,67.0,77.0,84.0,86.0,89.0,94.0,99.0,104.0,109.0,112.0,115.0,123.0,138.5,inferred
Conwy,2021-09-10,58.0,68.0,75.0,77.0,79.0,84.0,89.0,93.0,99.0,101.0,104.0,113.0,128.0,inferred
Conwy,2021-09-11,48.0,56.0,63.0,65.0,67.0,71.6,76.0,80.0,84.0,87.0,90.0,100.0,114.0,inferred
Conwy,2021-09-12,48.0,57.0,63.0,66.0,68.0,72.0,76.0,81.0,86.0,88.0,91.0,99.0,111.0,inferred
Conwy,2021-09-13,74.0,84.0,91.0,95.0,97.0,102.0,107.0,112.0,117.0,121.0,125.0,133.0,149.5,inferred
Conwy,2021-09-14,74.0,86.0,94.0,97.0,100.0,105.0,110.0,115.0,120.0,123.0,126.0,136.0,151.5,inferred
Conwy,2021-09-15,77.0,89.0,96.0,99.0,101.7,106.0,112.0,116.0,122.0,125.0,128.0,139.0,156.0,inferred
Conwy,2021-09-16,74.0,86.0,93.0,96.0,99.0,104.0,109.0,114.0,120.0,124.0,127.0,137.0,150.0,inferred
Conwy,2021-09-17,66.0,76.0,83.0,86.0,89.0,93.0,98.0,103.0,107.0,111.0,114.0,124.0,136.5,inferred
Conwy,2021-09-18,54.5,64.0,70.0,73.0,75.0,80.0,85.0,89.0,94.0,96.0,99.0,108.0,120.0,inferred
Conwy,2021-09-19,55.0,66.0,73.0,76.0,78.0,82.0,87.0,92.0,97.0,99.0,102.0,111.0,127.0,inferred
Conwy,2021-09-20,86.0,97.9,105.0,109.0,112.0,118.0,123.0,128.0,134.0,138.0,141.0,153.0,169.0,inferred
Conwy,2021-09-21,82.0,94.0,102.0,105.0,108.0,113.0,119.0,124.0,130.0,133.0,137.0,148.0,165.0,inferred
Conwy,2021-09-22,78.0,90.0,97.0,101.0,103.0,108.0,113.0,117.0,122.0,125.0,128.2,138.0,155.0,inferred
Conwy,2021-09-23,67.0,79.0,87.0,91.0,93.0,98.0,103.0,107.4,113.0,116.0,119.0,128.0,145.0,inferred
Conwy,2021-09-24,54.5,65.0,72.0,74.0,77.0,81.0,86.0,91.0,94.0,97.0,100.0,109.0,124.0,inferred
Conwy,2021-09-25,40.5,50.0,56.0,58.0,61.0,65.0,69.0,73.0,77.0,80.0,82.2,89.0,102.0,inferred
Conwy,2021-09-26,40.0,48.0,53.0,55.0,57.0,60.0,64.0,68.0,72.0,74.0,77.0,85.0,100.0,inferred
Conwy,2021-09-27,55.0,64.0,71.0,74.8,77.0,82.0,86.0,91.0,96.0,99.0,102.0,111.1,126.0,inferred
Conwy,2021-09-28,52.0,62.0,70.0,73.0,75.0,79.0,84.0,88.4,93.0,96.0,99.0,107.0,121.0,inferred
Conwy,2021-09-29,51.0,60.0,67.0,70.0,72.0,77.0,81.0,86.0,91.0,93.0,96.0,104.0,119.0,inferred
Conwy,2021-09-30,49.0,57.0,65.0,67.0,69.0,74.0,78.0,82.0,86.0,89.0,92.0,100.0,116.0,inferred
Conwy,2021-10-01,41.0,50.0,56.0,58.0,60.0,65.0,69.0,73.0,77.0,80.0,82.2,90.0,102.0,inferred
Conwy,2021-10-02,33.0,41.0,46.0,48.0,50.0,54.0,57.0,61.0,65.0,67.0,70.0,78.0,90.0,inferred
Conwy,2021-10-03,33.0,40.0,45.0,47.0,50.0,53.0,56.0,59.4,64.0,66.0,69.0,76.0,87.0,inferred
Conwy,2021-10-04,47.0,57.0,63.0,66.0,68.0,72.0,76.0,81.0,85.0,88.0,92.0,99.1,113.5,inferred
Conwy,2021-10-05,49.5,59.0,64.0,67.0,69.0,73.0,78.0,81.0,86.0,89.0,90.2,99.0,113.0,inferred
Conwy,2021-10-06,48.0,56.0,62.8,65.0,67.0,71.0,76.0,80.0,84.0,87.0,90.0,98.0,112.0,inferred
Conwy,2021-10-07,47.0,54.0,60.0,63.0,65.0,69.0,73.0,77.0,82.0,84.0,88.0,95.0,108.0,inferred
Conwy,2021-10-08,40.0,47.0,53.0,55.0,57.0,61.0,65.0,69.0,73.0,75.2,79.0,86.0,100.0,inferred
Conwy,2021-10-09,31.0,38.0,43.0,46.0,48.0,52.0,56.0,59.0,63.0,66.0,68.0,74.0,85.5,inferred
Conwy,2021-10-10,32.0,39.0,44.0,46.0,48.0,52.0,55.0,59.0,63.0,65.0,68.0,76.0,87.0,inferred
Conwy,2021-10-11,46.5,55.9,62.0,65.0,67.0,71.0,76.0,80.0,85.0,87.0,90.0,98.0,110.0,inferred
Conwy,2021-10-12,48.0,57.0,63.0,65.0,67.0,72.0,75.0,79.0,84.0,87.0,90.0,98.0,111.0,inferred
Conwy,2021-10-13,44.0,52.0,59.0,61.0,63.0,68.0,71.0,75.0,80.0,83.0,85.2,93.0,107.0,inferred
Conwy,2021-10-14,39.5,48.0,54.0,57.0,59.0,62.0,66.0,70.0,74.0,77.0,80.0,88.0,102.0,inferred
Conwy,2021-10-15,30.0,40.0,45.0,47.0,49.0,53.0,56.0,60.0,64.0,66.0,69.0,76.0,91.0,inferred
Copeland,2021-07-03,10.0,13.0,16.0,17.0,18.0,20.0,23.0,25.0,28.0,29.0,31.0,36.1,46.0,inferred
Copeland,2021-07-04,14.0,18.0,22.0,23.0,24.0,27.0,29.0,31.0,34.0,36.0,38.0,43.0,51.0,inferred
Copeland,2021-07-05,25.0,32.0,36.0,38.0,39.0,43.0,45.5,48.0,52.0,54.0,56.0,61.0,70.0,inferred
Copeland,2021-07-06,28.0,34.0,38.0,40.0,41.0,44.0,47.0,50.0,53.0,55.0,57.0,64.0,74.0,inferred
Copeland,2021-07-07,32.0,39.0,43.0,45.0,47.0,50.0,53.0,56.0,59.0,62.0,64.0,70.0,79.0,inferred
Copeland,2021-07-08,37.0,42.0,47.0,49.0,51.0,55.0,58.0,61.0,64.0,66.0,68.0,75.0,85.0,inferred
Copeland,2021-07-09,37.0,44.0,49.0,51.0,53.0,57.0,60.0,63.0,66.0,68.0,70.0,78.0,90.5,inferred
Copeland,2021-07-10,34.0,42.0,47.0,49.0,50.7,53.0,57.0,60.0,63.0,65.0,68.0,74.0,85.0,inferred
Copeland,2021-07-11,44.0,51.0,57.0,59.0,61.0,64.0,68.0,72.0,76.0,78.0,80.0,88.0,100.0,inferred
Copeland,2021-07-12,73.0,82.9,91.8,94.0,97.0,102.0,106.0,111.0,116.0,119.0,122.0,131.0,146.0,inferred
Copeland,2021-07-13,72.0,83.0,90.8,93.0,95.0,100.0,105.0,110.0,115.0,118.0,122.0,130.0,145.0,inferred
Copeland,2021-07-14,72.0,82.0,90.0,93.0,95.0,99.0,104.0,109.0,114.0,116.0,120.0,129.0,142.0,inferred
Copeland,2021-07-15,64.0,75.0,82.0,85.0,87.0,91.0,96.0,100.0,105.0,107.0,111.0,119.0,133.0,inferred
Copeland,2021-07-16,55.0,64.0,71.0,73.0,75.0,79.0,83.0,87.0,91.0,94.0,97.0,106.0,118.0,inferred
Copeland,2021-07-17,41.0,49.0,55.0,57.0,59.0,63.0,66.0,70.0,73.0,75.0,78.0,85.0,96.5,inferred
Copeland,2021-07-18,42.0,50.0,55.0,57.0,59.0,63.0,66.0,69.0,74.0,76.0,78.0,86.0,98.0,inferred
Copeland,2021-07-19,59.5,69.0,75.0,77.0,80.0,84.0,88.0,92.4,97.0,99.2,102.0,110.0,124.0,inferred
Copeland,2021-07-20,48.0,58.0,64.0,67.0,69.0,73.0,76.0,81.0,84.0,87.0,89.0,97.0,110.5,inferred
Copeland,2021-07-21,43.0,51.0,58.0,60.0,62.0,65.0,69.0,72.0,77.0,79.0,82.0,88.0,101.5,inferred
Copeland,2021-07-22,36.0,43.0,48.0,50.0,52.0,56.0,59.0,62.0,66.0,68.0,71.0,77.0,86.5,inferred
Copeland,2021-07-23,28.0,34.0,39.0,41.0,42.0,45.0,48.0,51.0,54.0,56.0,59.0,64.0,75.0,inferred
Copeland,2021-07-24,19.0,24.0,28.0,30.0,31.0,33.0,36.0,38.0,41.0,42.0,44.0,49.0,57.0,inferred
Copeland,2021-07-25,19.0,24.0,27.0,28.8,29.7,32.0,34.0,37.0,40.0,41.0,44.0,48.0,57.0,inferred
Copeland,2021-07-26,24.5,30.0,34.0,36.0,37.0,40.0,42.0,45.0,48.0,50.0,53.0,58.0,67.0,inferred
Copeland,2021-07-27,19.0,25.0,28.0,30.0,31.0,34.0,37.0,39.0,42.0,44.0,45.0,51.0,60.0,inferred
Copeland,2021-07-28,19.0,24.0,27.0,29.0,30.0,32.0,35.0,37.0,40.0,42.0,44.0,49.0,57.0,inferred
Copeland,2021-07-29,16.5,21.9,25.0,26.0,28.0,30.0,32.5,35.0,38.0,40.0,41.0,47.0,54.0,inferred
Copeland,2021-07-30,14.0,19.0,22.0,23.0,25.0,27.0,29.0,31.0,34.0,35.0,37.0,42.0,51.0,inferred
Copeland,2021-07-31,11.0,14.0,17.0,18.0,19.0,21.0,23.0,26.0,28.0,29.0,31.0,35.0,43.0,inferred
Copeland,2021-08-01,11.0,15.0,18.0,19.0,20.0,22.0,24.0,27.0,29.3,31.0,32.0,36.0,44.0,inferred
Copeland,2021-08-02,16.0,21.0,26.0,27.0,28.0,31.0,33.0,36.0,39.0,41.0,42.0,47.0,54.0,inferred
Copeland,2021-08-03,16.0,20.0,23.0,25.0,26.0,28.0,31.0,33.0,36.0,38.0,39.0,44.0,54.0,inferred
Copeland,2021-08-04,16.0,21.0,24.0,25.0,27.0,29.0,32.0,34.0,37.0,39.0,41.0,46.0,54.0,inferred
Copeland,2021-08-05,14.0,20.0,23.0,25.0,26.0,28.0,31.0,33.0,36.0,37.2,39.0,44.0,54.0,inferred
Copeland,2021-08-06,13.0,18.0,21.0,23.0,24.0,26.0,28.0,30.4,33.0,35.0,36.0,41.0,49.0,inferred
Copeland,2021-08-07,11.0,15.0,18.0,19.0,20.0,22.0,24.0,26.0,29.0,30.0,32.0,36.0,43.0,inferred
Copeland,2021-08-08,12.0,16.0,20.0,20.0,22.0,24.0,26.0,28.0,30.0,32.0,33.0,38.0,45.0,inferred
Copeland,2021-08-09,18.0,24.0,28.0,30.0,31.0,34.0,36.0,39.0,42.0,43.0,45.0,50.0,59.0,inferred
Copeland,2021-08-10,18.0,23.0,27.0,28.0,30.0,32.0,34.0,37.0,39.0,41.0,43.0,48.0,56.5,inferred
Copeland,2021-08-11,17.0,23.0,27.0,28.0,29.0,32.0,34.0,37.0,40.0,42.0,44.0,49.0,57.5,inferred
Copeland,2021-08-12,16.0,21.0,25.0,26.0,28.0,30.0,32.0,35.0,38.0,39.0,41.0,46.0,54.0,inferred
Copeland,2021-08-13,14.0,18.9,22.0,23.0,25.0,27.0,29.0,31.0,34.0,35.0,37.0,42.0,50.0,inferred
Copeland,2021-08-14,10.5,15.0,18.0,19.0,20.0,22.0,24.0,26.0,29.0,30.0,32.0,36.0,44.0,inferred
Copeland,2021-08-15,11.0,16.0,19.0,20.0,21.0,23.0,25.0,28.0,30.0,32.0,33.0,38.0,45.0,inferred
Copeland,2021-08-16,19.0,23.0,27.0,28.0,29.0,32.0,35.0,38.0,41.0,43.0,45.0,50.0,59.0,inferred
Copeland,2021-08-17,16.0,22.0,25.0,27.0,28.0,31.0,33.0,35.0,38.0,40.0,42.0,47.0,54.0,inferred
Copeland,2021-08-18,17.0,22.0,25.0,27.0,29.0,31.0,33.0,36.0,38.0,40.0,42.0,47.0,56.5,inferred
Copeland,2021-08-19,16.0,20.9,24.0,26.0,27.0,29.0,31.0,34.0,37.0,38.0,40.0,45.0,54.0,inferred
Copeland,2021-08-20,14.0,19.0,23.0,24.0,25.0,27.0,29.0,32.0,35.0,37.0,38.0,42.0,52.0,inferred
Copeland,2021-08-21,11.0,15.0,18.0,19.0,20.0,23.0,25.0,27.0,29.0,30.0,32.0,36.0,44.5,inferred
Copeland,2021-08-22,12.0,16.0,20.0,21.0,22.0,24.0,26.0,28.0,31.0,33.0,35.0,39.0,47.0,inferred
Copeland,2021-08-23,20.0,25.0,29.0,30.0,32.0,35.0,37.0,40.0,43.0,45.0,47.0,52.0,60.0,inferred
Copeland,2021-08-24,19.0,24.0,28.0,29.0,30.0,33.0,35.0,37.4,40.0,42.0,44.0,49.0,58.0,inferred
Copeland,2021-08-25,18.0,24.0,28.0,29.0,30.0,33.0,36.0,38.0,41.0,43.0,45.0,50.0,59.0,inferred
Copeland,2021-08-26,17.0,22.9,26.0,28.0,29.0,31.0,34.0,36.0,39.0,41.0,43.0,48.0,56.0,inferred
Copeland,2021-08-27,14.0,20.0,24.0,25.0,27.0,29.0,31.0,34.0,37.0,38.0,40.0,44.0,53.0,inferred
Copeland,2021-08-28,12.0,16.0,19.0,20.0,21.0,24.0,26.0,28.0,30.0,32.0,33.0,38.0,46.0,inferred
Copeland,2021-08-29,13.0,17.9,21.0,22.0,23.0,26.0,28.0,30.0,33.0,34.0,36.0,41.0,48.0,inferred
Copeland,2021-08-30,21.0,27.0,31.0,32.0,34.0,37.0,39.0,42.0,45.0,47.0,49.0,54.0,63.5,inferred
Copeland,2021-08-31,20.0,25.0,29.0,31.0,32.0,35.0,38.0,40.0,44.0,45.0,47.0,53.0,60.0,inferred
Copeland,2021-09-01,20.0,25.0,29.0,31.0,32.0,35.0,38.0,40.0,44.0,45.0,48.0,53.0,64.0,inferred
Copeland,2021-09-02,19.0,25.0,28.0,30.0,31.0,34.0,36.0,39.0,42.0,44.0,46.0,51.0,60.0,inferred
Copeland,2021-09-03,17.5,23.0,26.0,27.0,29.0,31.0,34.0,36.0,39.0,40.2,43.0,48.0,56.0,inferred
Copeland,2021-09-04,13.0,17.9,21.0,22.0,23.0,26.0,28.0,30.0,33.0,35.0,37.0,41.0,49.0,inferred
Copeland,2021-09-05,14.0,19.0,23.0,24.0,25.0,28.0,31.0,33.0,35.0,37.0,39.0,44.0,52.0,inferred
Copeland,2021-09-06,23.0,29.0,34.0,35.0,37.0,39.0,42.0,44.4,48.0,50.0,52.0,58.0,66.0,inferred
Copeland,2021-09-07,21.0,27.0,31.0,33.0,34.0,37.0,40.0,42.0,45.0,47.0,49.0,54.0,63.0,inferred
Copeland,2021-09-08,22.0,26.0,30.0,32.0,33.0,36.0,38.0,41.0,44.0,46.0,48.0,53.0,62.0,inferred
Copeland,2021-09-09,18.0,24.0,28.0,30.0,31.0,33.0,36.0,38.0,41.0,43.0,45.0,51.0,61.0,inferred
Copeland,2021-09-10,15.0,21.0,25.0,26.0,28.0,30.0,32.0,35.0,38.0,40.0,41.0,47.0,55.0,inferred
Copeland,2021-09-11,12.0,16.0,20.0,21.0,22.0,25.0,27.0,29.0,32.0,34.0,35.0,40.0,48.0,inferred
Copeland,2021-09-12,14.0,18.0,21.0,23.0,24.0,26.0,28.0,31.0,33.0,35.0,36.0,41.0,50.0,inferred
Copeland,2021-09-13,21.0,26.0,29.0,31.0,33.0,36.0,38.0,41.0,44.0,46.0,47.0,52.0,62.0,inferred
Copeland,2021-09-14,19.0,24.0,27.0,29.0,30.0,33.0,36.0,38.0,41.0,43.0,45.0,51.0,59.5,inferred
Copeland,2021-09-15,20.0,24.0,28.0,29.0,31.0,33.0,35.0,38.0,41.0,43.0,45.0,50.0,59.0,inferred
Copeland,2021-09-16,18.0,23.0,27.0,28.0,30.0,32.0,35.0,38.0,40.0,42.0,45.0,50.0,59.0,inferred
Copeland,2021-09-17,16.0,21.0,24.0,26.0,27.0,30.0,32.0,34.0,37.0,39.0,41.0,46.0,56.0,inferred
Copeland,2021-09-18,12.0,17.0,20.0,22.0,23.0,25.0,27.0,29.0,32.0,33.2,35.0,40.0,47.0,inferred
Copeland,2021-09-19,15.0,19.0,23.0,24.0,25.0,27.0,29.0,31.0,34.0,36.0,37.0,42.0,51.0,inferred
Copeland,2021-09-20,22.0,28.0,32.0,34.0,36.0,38.0,41.0,44.0,48.0,49.0,51.0,57.0,68.0,inferred
Copeland,2021-09-21,20.5,27.0,31.0,33.0,34.0,37.0,40.0,43.0,46.0,48.0,50.0,55.0,63.5,inferred
Copeland,2021-09-22,23.0,28.0,32.0,34.0,36.0,39.0,42.0,44.0,47.0,48.0,51.0,56.0,66.0,inferred
Copeland,2021-09-23,22.5,28.0,32.0,33.8,35.0,38.0,41.0,44.0,47.0,49.0,51.0,57.0,67.0,inferred
Copeland,2021-09-24,21.5,27.0,31.0,32.0,34.0,37.0,39.0,42.0,45.0,46.0,48.0,54.0,63.0,inferred
Copeland,2021-09-25,18.0,23.0,27.0,28.0,30.0,32.0,34.0,37.0,40.0,41.0,43.0,48.0,56.0,inferred
Copeland,2021-09-26,20.0,26.0,30.0,31.0,33.0,35.0,38.0,40.0,44.0,45.0,47.0,52.0,61.0,inferred
Copeland,2021-09-27,31.0,39.0,44.0,46.0,48.0,51.0,54.0,58.0,61.0,63.0,66.0,73.0,83.0,inferred
Copeland,2021-09-28,31.0,38.0,42.0,44.0,46.0,49.0,52.0,55.0,59.0,61.0,63.0,70.0,81.0,inferred
Copeland,2021-09-29,30.5,39.0,44.0,46.0,48.0,52.0,55.0,58.0,62.0,64.0,66.2,73.0,84.0,inferred
Copeland,2021-09-30,33.0,39.0,44.0,46.0,48.0,51.0,55.0,58.0,61.0,63.0,65.0,71.0,80.0,inferred
Copeland,2021-10-01,29.0,36.0,42.0,44.0,46.0,49.0,52.0,55.0,58.0,60.0,62.0,68.0,79.0,inferred
Copeland,2021-10-02,25.0,31.0,36.0,38.0,39.0,42.0,44.0,47.0,50.0,52.0,54.0,60.0,71.0,inferred
Copeland,2021-10-03,27.0,34.0,39.0,41.0,43.0,46.0,49.0,52.0,55.0,56.2,58.0,65.0,74.0,inferred
Copeland,2021-10-04,44.0,52.0,58.0,60.8,62.0,66.0,69.0,73.0,77.0,79.0,82.0,90.0,101.0,inferred
Copeland,2021-10-05,44.0,51.0,55.0,57.0,59.0,63.0,67.0,71.0,74.0,77.0,79.0,86.0,97.0,inferred
Copeland,2021-10-06,42.0,51.0,57.0,59.0,61.0,64.0,68.0,72.0,76.0,78.0,80.0,87.0,99.0,inferred
Copeland,2021-10-07,43.0,50.0,55.0,57.0,59.0,62.0,65.0,69.0,73.0,75.0,78.0,84.0,97.0,inferred
Copeland,2021-10-08,38.0,45.0,51.0,53.0,55.0,58.0,62.0,65.0,69.0,71.0,73.0,80.1,91.0,inferred
Copeland,2021-10-09,31.0,37.0,43.0,45.0,46.0,49.0,52.0,55.0,59.0,61.0,63.0,70.0,81.0,inferred
Copeland,2021-10-10,33.0,41.0,46.0,49.0,50.7,54.0,57.0,60.0,64.0,66.0,68.0,74.0,86.0,inferred
Copeland,2021-10-11,52.0,62.0,67.0,70.0,72.0,76.0,79.0,84.0,88.0,91.0,94.0,103.0,115.0,inferred
Copeland,2021-10-12,49.0,58.0,64.8,67.0,68.0,72.0,76.0,80.0,85.0,88.0,91.0,98.0,112.0,inferred
Copeland,2021-10-13,51.0,59.0,65.0,67.0,70.0,75.0,78.0,82.0,87.0,89.0,92.0,99.1,111.5,inferred
Copeland,2021-10-14,48.0,57.0,62.0,64.0,66.0,70.0,75.0,79.0,83.0,85.0,87.0,96.0,111.0,inferred
Copeland,2021-10-15,41.5,49.0,56.0,58.0,61.0,64.0,68.0,73.0,78.0,80.0,82.0,90.0,104.0,inferred
Corby,2021-07-03,3.0,4.0,6.0,6.0,7.0,8.0,9.0,10.0,12.0,12.0,13.0,15.0,19.0,inferred
Corby,2021-07-04,3.0,5.0,7.0,8.0,9.0,10.0,11.0,12.0,14.0,14.0,15.0,18.0,23.0,inferred
Corby,2021-07-05,7.0,9.0,12.0,13.0,13.0,15.0,16.0,18.0,20.0,20.2,22.0,25.0,31.0,inferred
Corby,2021-07-06,8.0,10.0,12.0,13.0,14.0,15.0,17.0,18.0,20.0,21.0,22.0,26.0,30.0,inferred
Corby,2021-07-07,9.0,13.0,15.0,16.0,17.0,18.0,20.0,21.0,23.0,24.0,25.0,28.0,34.0,inferred
Corby,2021-07-08,11.0,14.0,16.0,17.0,18.0,20.0,21.0,23.0,25.0,26.0,27.0,31.0,36.0,inferred
Corby,2021-07-09,10.0,13.0,16.0,17.0,18.0,20.0,21.0,23.0,25.0,26.0,27.0,31.0,37.0,inferred
Corby,2021-07-10,10.0,13.0,16.0,17.0,17.0,19.0,20.0,22.0,24.0,25.0,26.0,29.0,35.0,inferred
Corby,2021-07-11,12.0,16.0,19.0,20.0,22.0,23.0,25.0,27.0,29.0,30.0,31.0,35.0,41.0,inferred
Corby,2021-07-12,22.0,27.0,31.0,32.0,33.0,36.0,38.0,40.0,43.0,44.0,46.0,50.0,58.0,inferred
Corby,2021-07-13,23.5,29.0,32.0,33.0,34.0,37.0,39.0,41.0,44.0,45.0,47.0,51.0,58.0,inferred
Corby,2021-07-14,25.0,30.0,34.0,36.0,37.0,39.0,42.0,44.0,47.0,48.0,50.0,54.0,62.0,inferred
Corby,2021-07-15,26.0,31.0,35.0,36.0,38.0,40.0,42.0,45.0,47.0,49.0,50.0,55.0,62.0,inferred
Corby,2021-07-16,23.0,28.0,32.0,33.0,34.0,37.0,39.0,41.0,44.0,45.0,47.0,51.0,58.0,inferred
Corby,2021-07-17,20.0,25.0,28.0,29.0,30.0,32.0,34.0,37.0,39.0,40.0,42.0,47.0,53.0,inferred
Corby,2021-07-18,23.0,28.0,31.0,32.0,34.0,36.0,38.0,40.0,42.3,44.0,46.0,50.0,58.0,inferred
Corby,2021-07-19,33.0,40.0,45.0,46.0,47.0,50.0,53.0,56.0,59.0,60.0,62.0,67.0,75.0,inferred
Corby,2021-07-20,31.0,37.0,41.0,42.0,44.0,46.0,49.0,52.0,54.0,56.0,58.0,63.0,72.0,inferred
Corby,2021-07-21,29.0,35.0,39.0,41.0,42.0,45.0,47.0,50.0,53.0,54.0,56.0,61.0,69.0,inferred
Corby,2021-07-22,27.0,32.0,35.0,37.0,38.0,41.0,43.0,45.4,48.0,50.0,51.0,56.0,64.0,inferred
Corby,2021-07-23,21.0,26.0,30.0,31.0,32.0,35.0,37.0,39.0,41.0,43.0,44.0,48.0,55.0,inferred
Corby,2021-07-24,16.0,20.0,23.0,24.0,25.7,28.0,29.0,31.0,33.0,34.0,36.0,40.0,48.0,inferred
Corby,2021-07-25,16.5,21.0,24.0,25.0,26.0,28.0,30.0,32.0,34.0,35.0,36.0,40.0,47.0,inferred
Corby,2021-07-26,23.0,28.0,31.0,33.0,34.0,36.0,38.0,40.4,43.0,44.0,46.0,51.0,58.0,inferred
Corby,2021-07-27,20.0,25.0,29.0,30.0,31.0,34.0,35.0,38.0,40.0,41.0,43.0,47.0,54.0,inferred
Corby,2021-07-28,20.5,25.0,28.0,30.0,31.0,33.0,35.0,37.0,39.0,41.0,42.0,46.1,54.0,inferred
Corby,2021-07-29,19.0,23.0,27.0,28.0,29.0,31.0,33.0,36.0,38.0,39.0,41.0,44.0,52.0,inferred
Corby,2021-07-30,16.0,20.0,23.0,24.0,26.0,28.0,29.0,31.0,34.0,35.0,36.0,41.0,47.0,inferred
Corby,2021-07-31,13.0,16.0,19.0,20.0,21.0,23.0,25.0,27.0,29.0,30.0,31.0,34.0,40.0,inferred
Corby,2021-08-01,13.0,17.0,20.0,21.0,22.0,24.0,26.0,28.0,30.0,31.0,32.0,36.0,42.0,inferred
Corby,2021-08-02,19.5,25.0,28.0,29.0,30.0,33.0,35.0,37.0,39.0,41.0,43.0,46.0,54.0,inferred
Corby,2021-08-03,19.0,23.0,26.0,27.0,28.0,31.0,33.0,35.0,37.0,39.0,40.2,45.0,52.0,inferred
Corby,2021-08-04,19.0,23.0,26.0,27.0,28.0,31.0,33.0,35.0,37.0,39.0,40.2,44.1,51.0,inferred
Corby,2021-08-05,17.0,22.0,25.0,26.0,27.0,29.0,31.0,33.0,35.3,37.0,38.0,42.0,49.0,inferred
Corby,2021-08-06,14.0,19.0,22.0,23.0,24.0,26.0,28.0,30.0,32.0,33.0,35.0,38.0,45.0,inferred
Corby,2021-08-07,12.0,15.0,18.0,19.0,20.0,22.0,23.0,25.0,27.0,28.0,30.0,33.0,40.0,inferred
Corby,2021-08-08,13.0,16.0,19.0,20.0,21.0,23.0,25.0,27.0,29.0,30.0,31.0,35.0,40.0,inferred
Corby,2021-08-09,19.0,23.0,26.8,28.0,29.0,31.0,33.0,36.0,38.0,39.0,41.0,45.0,52.0,inferred
Corby,2021-08-10,18.0,22.0,26.0,27.0,28.0,30.0,32.0,34.0,37.0,38.0,39.0,43.0,49.5,inferred
Corby,2021-08-11,18.0,23.0,26.0,27.0,28.0,30.0,32.0,34.0,37.0,38.0,40.0,44.0,50.5,inferred
Corby,2021-08-12,18.0,22.0,25.0,26.0,28.0,30.0,32.0,34.0,37.0,38.0,40.0,44.0,51.0,inferred
Corby,2021-08-13,16.0,20.0,23.0,25.0,26.0,28.0,29.0,31.0,33.0,35.0,36.0,40.0,46.0,inferred
Corby,2021-08-14,13.0,17.0,20.0,21.0,22.0,24.0,26.0,28.0,30.0,31.0,32.0,36.0,42.0,inferred
Corby,2021-08-15,15.0,19.0,22.0,23.0,24.0,26.0,28.0,29.0,32.0,33.0,34.0,38.0,44.0,inferred
Corby,2021-08-16,23.0,28.0,32.0,33.0,34.0,37.0,39.0,41.0,44.0,45.0,47.0,52.0,59.0,inferred
Corby,2021-08-17,22.0,28.0,31.0,32.0,33.0,36.0,38.0,40.0,43.0,45.0,46.0,51.0,58.0,inferred
Corby,2021-08-18,24.0,29.0,33.0,34.0,35.0,38.0,40.0,42.0,45.0,46.0,48.0,52.0,59.5,inferred
Corby,2021-08-19,25.0,30.0,33.0,35.0,36.0,38.0,41.0,44.0,46.0,47.0,49.0,53.0,60.0,inferred
Corby,2021-08-20,23.0,28.0,31.0,33.0,34.0,36.0,38.0,41.0,43.0,44.0,46.0,50.0,57.0,inferred
Corby,2021-08-21,20.0,25.0,28.0,29.0,30.0,32.0,34.0,37.0,39.0,40.0,42.0,46.0,51.0,inferred
Corby,2021-08-22,23.0,28.0,32.0,33.0,34.0,36.0,38.0,40.4,43.0,44.0,46.0,51.0,57.0,inferred
Corby,2021-08-23,37.0,42.0,46.0,48.0,49.0,52.0,54.0,58.0,61.0,62.0,65.0,70.0,78.0,inferred
Corby,2021-08-24,35.0,41.0,45.0,47.0,48.0,51.0,54.0,56.0,59.0,61.0,63.0,69.0,77.0,inferred
Corby,2021-08-25,37.0,43.0,47.0,48.0,50.0,52.0,55.0,58.0,61.0,63.0,64.0,70.0,79.0,inferred
Corby,2021-08-26,37.0,43.0,47.0,48.0,50.0,53.0,56.0,58.0,62.0,64.0,65.0,71.0,79.0,inferred
Corby,2021-08-27,34.0,39.0,43.0,45.0,46.0,49.0,52.0,54.0,57.0,59.0,61.0,66.0,74.0,inferred
Corby,2021-08-28,29.0,34.9,38.0,40.0,41.0,44.0,46.0,49.0,51.0,53.0,55.0,60.0,67.0,inferred
Corby,2021-08-29,31.0,37.0,42.0,43.0,45.0,47.0,50.0,53.0,56.0,57.0,59.0,65.0,73.0,inferred
Corby,2021-08-30,49.0,55.0,60.0,62.0,64.0,67.0,71.0,74.0,78.0,80.0,82.0,89.0,99.5,inferred
Corby,2021-08-31,48.0,56.0,60.0,62.0,64.0,67.0,70.0,73.0,76.0,78.0,80.0,87.0,96.0,inferred
Corby,2021-09-01,49.0,56.0,61.0,63.0,64.0,68.0,71.0,74.0,78.0,80.0,82.0,88.0,98.0,inferred
Corby,2021-09-02,50.0,57.0,61.0,63.0,65.0,68.0,71.0,74.0,78.0,79.0,82.0,89.0,99.0,inferred
Corby,2021-09-03,44.0,52.0,56.0,58.0,60.0,63.0,65.0,68.0,71.0,73.0,75.0,81.0,90.5,inferred
Corby,2021-09-04,37.0,45.0,49.0,51.0,52.0,55.0,58.0,61.0,63.0,65.0,67.0,72.0,81.0,inferred
Corby,2021-09-05,41.0,49.0,53.8,55.0,57.0,60.0,63.0,65.4,69.0,71.0,72.0,78.0,87.0,inferred
Corby,2021-09-06,62.0,70.0,75.0,78.0,79.0,83.0,87.0,90.0,94.0,95.2,98.0,104.0,113.5,inferred
Corby,2021-09-07,57.0,65.0,70.0,73.0,74.0,78.0,81.0,84.0,88.0,90.0,92.2,99.0,108.0,inferred
Corby,2021-09-08,55.0,63.0,68.0,70.0,72.0,76.0,79.0,82.0,85.0,87.0,90.0,96.0,107.0,inferred
Corby,2021-09-09,51.0,58.0,63.0,65.0,67.0,70.0,74.0,77.0,80.0,82.2,85.0,90.1,102.0,inferred
Corby,2021-09-10,42.5,50.0,54.0,56.0,57.0,60.0,63.0,66.0,69.0,71.0,73.0,79.0,86.0,inferred
Corby,2021-09-11,34.0,40.0,44.0,46.0,47.0,50.0,52.0,55.0,58.0,60.0,62.0,66.0,74.0,inferred
Corby,2021-09-12,35.0,41.0,45.0,47.0,48.0,51.0,54.0,56.0,60.0,61.0,63.0,67.0,75.0,inferred
Corby,2021-09-13,49.0,56.0,61.0,63.0,65.0,68.0,71.0,74.0,78.0,79.0,82.0,88.0,99.0,inferred
Corby,2021-09-14,45.0,52.0,57.0,59.0,61.0,64.0,67.0,70.0,74.0,75.0,77.2,83.0,92.0,inferred
Corby,2021-09-15,47.0,55.0,60.0,61.0,63.0,66.0,69.0,72.0,75.0,77.0,79.0,85.0,95.0,inferred
Corby,2021-09-16,48.0,55.0,60.0,62.0,64.0,67.0,70.0,72.0,76.0,78.0,80.0,86.0,96.0,inferred
Corby,2021-09-17,44.0,51.0,55.0,57.0,59.0,61.0,65.0,68.0,70.0,72.0,74.0,80.0,89.0,inferred
Corby,2021-09-18,37.0,43.0,48.0,50.0,51.0,54.0,57.0,60.0,63.0,64.0,66.0,72.0,82.0,inferred
Corby,2021-09-19,42.0,49.0,53.0,55.0,57.0,60.0,63.0,66.0,69.0,71.0,73.0,79.0,87.0,inferred
Corby,2021-09-20,63.0,70.9,77.0,79.0,81.0,85.0,88.0,92.0,95.0,98.0,100.0,107.0,116.0,inferred
Corby,2021-09-21,60.0,67.0,73.0,75.0,77.0,80.0,84.0,87.0,90.0,93.0,95.0,101.0,113.0,inferred
Corby,2021-09-22,58.5,65.0,71.0,73.0,74.0,78.0,81.0,84.0,88.0,90.0,92.0,99.0,109.0,inferred
Corby,2021-09-23,54.0,61.0,66.0,67.0,69.0,73.0,76.0,79.0,83.0,84.0,87.0,94.0,102.0,inferred
Corby,2021-09-24,44.0,52.0,57.0,58.0,60.0,63.0,66.0,69.0,72.0,74.0,77.0,82.0,92.5,inferred
Corby,2021-09-25,35.0,42.0,46.0,48.0,49.0,52.0,54.0,57.0,60.0,61.2,64.0,69.0,76.0,inferred
Corby,2021-09-26,36.0,43.0,47.0,49.0,51.0,53.0,56.0,59.0,62.0,64.0,66.0,70.0,80.0,inferred
Corby,2021-09-27,50.5,58.0,63.0,65.0,67.0,70.0,73.5,77.0,81.0,82.0,84.0,90.0,100.0,inferred
Corby,2021-09-28,47.0,54.0,59.0,61.0,62.0,65.0,68.0,72.0,75.0,77.0,79.0,85.0,94.5,inferred
Corby,2021-09-29,46.0,52.0,57.0,59.0,61.0,64.0,67.0,70.0,73.0,75.0,77.0,82.0,90.0,inferred
Corby,2021-09-30,43.5,50.0,54.0,56.0,58.0,61.0,64.0,68.0,71.0,72.2,74.0,80.0,86.0,inferred
Corby,2021-10-01,36.0,43.0,48.0,50.0,51.0,54.0,57.0,60.0,63.0,65.0,67.0,71.0,80.0,inferred
Corby,2021-10-02,30.0,35.0,39.0,41.0,42.0,45.0,48.0,50.0,53.0,54.0,56.0,61.0,68.5,inferred
Corby,2021-10-03,32.0,38.0,42.0,44.0,45.0,48.0,50.0,53.0,55.0,57.0,59.0,64.0,73.0,inferred
Corby,2021-10-04,45.0,52.0,57.0,58.0,60.0,63.0,66.0,69.0,73.0,75.0,77.0,83.0,93.0,inferred
Corby,2021-10-05,41.0,49.0,53.0,55.0,57.0,60.0,63.0,66.0,69.0,71.0,73.0,78.0,87.0,inferred
Corby,2021-10-06,41.5,49.0,54.0,56.0,58.0,60.0,63.0,66.0,69.0,71.0,73.0,79.0,88.0,inferred
Corby,2021-10-07,42.5,49.0,54.0,56.0,57.0,59.0,62.0,65.0,68.0,70.0,72.0,77.1,86.0,inferred
Corby,2021-10-08,37.0,44.0,48.0,50.0,52.0,54.0,57.0,60.0,63.0,65.0,67.0,72.0,79.5,inferred
Corby,2021-10-09,31.0,37.0,41.0,42.0,44.0,47.0,49.0,52.0,55.0,56.0,58.0,64.0,71.0,inferred
Corby,2021-10-10,35.0,41.0,46.0,47.0,49.0,51.0,54.0,56.0,60.0,61.0,63.0,68.0,76.0,inferred
Corby,2021-10-11,50.5,59.0,63.0,66.0,68.0,71.0,74.0,77.0,80.0,82.0,84.0,91.0,102.0,inferred
Corby,2021-10-12,47.0,54.0,59.0,61.0,63.0,66.0,69.0,72.0,76.0,78.0,80.0,85.1,96.0,inferred
Corby,2021-10-13,45.0,52.0,56.0,58.0,60.0,63.0,67.0,69.0,73.0,75.0,77.0,83.0,93.5,inferred
Corby,2021-10-14,40.0,47.0,52.0,54.0,56.0,59.0,61.0,65.0,68.0,70.0,72.0,78.0,88.0,inferred
Corby,2021-10-15,33.0,39.0,44.0,45.0,47.0,50.0,52.0,55.0,58.0,60.0,62.0,69.0,77.0,inferred
Cornwall,2021-07-03,57.0,73.9,86.0,91.0,95.0,102.0,110.0,117.0,125.3,131.0,136.0,154.1,181.0,inferred
Cornwall,2021-07-04,67.0,81.0,94.0,98.0,102.0,111.0,119.0,127.0,136.0,141.0,148.0,164.0,191.0,inferred
Cornwall,2021-07-05,106.0,127.0,139.0,145.0,151.0,162.0,171.0,180.0,192.0,197.0,205.0,222.1,257.0,inferred
Cornwall,2021-07-06,115.5,138.0,152.0,158.0,164.0,174.0,184.0,193.4,205.0,212.0,219.0,239.1,274.0,inferred
Cornwall,2021-07-07,124.5,147.0,162.0,168.0,175.0,186.0,196.0,208.0,219.0,224.0,233.0,254.0,285.5,inferred
Cornwall,2021-07-08,136.0,158.0,175.8,182.0,188.0,198.0,209.0,220.0,232.0,239.0,246.2,271.0,308.0,inferred
Cornwall,2021-07-09,132.0,156.0,174.0,181.0,187.0,199.0,210.0,221.0,233.0,239.0,247.0,269.1,309.5,inferred
Cornwall,2021-07-10,114.5,138.9,156.0,164.0,169.0,179.6,191.0,201.4,213.0,220.0,229.0,247.0,281.5,inferred
Cornwall,2021-07-11,138.5,161.0,178.0,184.0,190.0,201.0,210.0,223.0,236.0,243.0,252.0,271.0,312.0,inferred
Cornwall,2021-07-12,212.0,242.0,264.0,274.8,283.0,297.0,311.0,328.0,343.0,351.0,363.0,394.0,434.5,inferred
Cornwall,2021-07-13,229.5,266.0,286.0,294.0,303.0,317.0,331.0,346.0,361.3,371.2,381.0,412.0,453.0,inferred
Cornwall,2021-07-14,222.0,256.0,278.0,287.0,295.0,309.0,323.0,337.0,351.3,361.0,370.0,398.0,447.0,inferred
Cornwall,2021-07-15,214.0,248.0,269.0,276.0,283.0,298.0,311.0,326.0,340.0,350.0,359.0,383.0,421.5,inferred
Cornwall,2021-07-16,190.5,219.0,239.0,247.0,255.0,270.0,283.0,294.0,307.0,318.0,326.0,351.0,392.5,inferred
Cornwall,2021-07-17,152.5,176.0,192.0,199.0,205.0,217.0,229.0,240.0,255.0,261.0,269.0,292.0,329.0,inferred
Cornwall,2021-07-18,149.0,176.0,194.0,202.0,210.0,222.0,233.0,246.0,259.0,267.0,276.0,300.0,335.0,inferred
Cornwall,2021-07-19,218.0,249.0,269.0,277.0,285.0,300.0,314.0,327.0,342.0,350.2,361.0,389.0,442.0,inferred
Cornwall,2021-07-20,211.0,245.0,265.0,271.0,279.0,294.0,308.0,323.0,338.3,348.0,359.0,385.0,433.6,inferred
Cornwall,2021-07-21,192.0,220.0,238.0,248.0,256.0,270.0,282.0,295.0,309.0,320.0,329.0,359.1,402.5,inferred
Cornwall,2021-07-22,179.5,205.9,225.0,232.0,239.0,251.0,263.0,278.0,291.0,298.0,308.0,335.0,374.5,inferred
Cornwall,2021-07-23,153.0,175.0,192.0,199.0,206.0,217.0,228.0,239.0,254.0,261.0,269.0,292.1,330.0,inferred
Cornwall,2021-07-24,109.0,133.0,147.0,154.0,159.0,169.0,179.0,190.0,202.0,209.2,217.0,236.0,269.0,inferred
Cornwall,2021-07-25,104.5,126.9,139.8,146.0,152.0,163.0,171.0,182.0,194.0,201.0,209.0,232.0,262.0,inferred
Cornwall,2021-07-26,145.0,173.0,188.0,194.8,201.0,215.0,226.0,236.0,250.0,259.0,267.0,291.0,326.0,inferred
Cornwall,2021-07-27,148.5,172.0,192.0,199.0,205.0,217.0,228.0,239.0,252.0,258.2,267.2,292.0,334.5,inferred
Cornwall,2021-07-28,149.0,173.0,190.0,198.0,204.0,216.0,228.0,240.0,253.0,260.0,269.0,293.1,336.0,inferred
Cornwall,2021-07-29,150.0,174.0,191.0,198.0,204.0,216.6,228.0,240.0,252.0,259.0,268.0,288.1,327.0,inferred
Cornwall,2021-07-30,138.0,163.0,179.0,186.0,192.0,203.0,213.0,224.0,238.0,246.2,254.0,277.0,312.0,inferred
Cornwall,2021-07-31,113.0,135.0,150.0,156.0,163.0,175.0,185.0,195.0,208.0,215.0,222.0,243.0,279.5,inferred
Cornwall,2021-08-01,123.0,145.0,164.0,171.0,178.0,189.6,200.0,212.0,225.0,232.0,241.0,266.0,301.0,inferred
Cornwall,2021-08-02,184.5,212.0,236.0,244.0,252.0,264.0,276.0,288.0,307.0,314.0,324.0,350.0,395.0,inferred
Cornwall,2021-08-03,189.5,219.0,241.0,252.0,260.0,274.0,287.0,300.0,315.0,324.0,333.0,361.0,403.5,inferred
Cornwall,2021-08-04,188.5,223.0,243.0,251.0,259.0,273.0,285.0,298.0,314.0,323.0,332.2,358.0,400.5,inferred
Cornwall,2021-08-05,193.5,222.0,243.0,250.0,257.0,271.0,285.0,297.0,310.0,318.0,328.0,351.0,400.0,inferred
Cornwall,2021-08-06,169.0,202.0,222.0,228.0,235.0,246.0,259.0,272.0,285.0,293.0,302.0,325.0,364.5,inferred
Cornwall,2021-08-07,142.9,168.0,183.0,190.0,196.0,208.0,219.0,231.0,245.0,253.0,260.0,283.1,328.0,inferred
Cornwall,2021-08-08,153.0,176.0,193.0,199.0,204.0,218.0,231.0,243.0,257.0,264.0,273.0,296.0,338.5,inferred
Cornwall,2021-08-09,223.5,254.0,274.0,282.0,289.0,304.0,319.0,334.0,350.0,359.0,371.0,399.0,442.0,inferred
Cornwall,2021-08-10,235.0,272.9,295.0,304.0,313.0,329.0,346.0,360.0,377.0,385.0,396.0,428.0,480.5,inferred
Cornwall,2021-08-11,271.0,304.0,326.0,335.0,343.0,359.0,374.0,389.0,407.0,418.0,431.0,461.0,507.0,inferred
Cornwall,2021-08-12,306.5,337.0,360.0,370.0,380.0,396.0,411.0,425.0,441.3,451.0,463.2,494.1,544.5,inferred
Cornwall,2021-08-13,304.0,341.0,369.0,378.8,387.0,402.0,418.0,435.0,454.0,463.0,473.0,503.1,562.0,inferred
Cornwall,2021-08-14,285.5,318.0,339.0,348.8,356.0,373.0,389.5,404.0,420.0,428.0,438.0,466.0,519.5,inferred
Cornwall,2021-08-15,327.4,370.0,395.0,405.0,413.0,429.0,446.0,462.0,479.0,490.0,500.0,530.1,581.5,inferred
Cornwall,2021-08-16,513.0,564.0,601.8,616.0,625.7,646.0,667.0,689.0,712.3,724.0,736.0,776.1,839.5,inferred
Cornwall,2021-08-17,536.5,595.0,631.0,645.8,659.0,682.0,705.0,729.0,753.0,764.2,782.0,821.1,883.5,inferred
Cornwall,2021-08-18,513.0,566.0,601.8,614.0,627.0,650.0,671.5,692.0,715.0,730.0,742.0,786.0,846.0,inferred
Cornwall,2021-08-19,484.0,532.9,563.0,577.0,589.0,611.0,630.0,651.0,672.3,684.0,700.0,734.0,787.0,inferred
Cornwall,2021-08-20,408.5,455.0,488.8,500.0,510.7,529.0,549.0,566.0,585.0,595.0,607.2,641.0,694.5,inferred
Cornwall,2021-08-21,317.5,355.0,380.8,390.0,399.7,418.0,432.0,448.0,467.0,477.2,488.2,523.0,575.0,inferred
Cornwall,2021-08-22,317.0,351.0,378.0,389.0,397.0,413.0,428.0,443.0,461.0,471.2,484.0,517.1,558.5,inferred
Cornwall,2021-08-23,419.5,470.0,500.0,513.0,523.0,545.0,563.0,580.0,601.0,618.0,630.0,665.0,722.0,inferred
Cornwall,2021-08-24,406.0,449.0,477.8,489.0,500.0,519.0,538.0,556.0,578.3,589.0,602.0,637.0,696.0,inferred
Cornwall,2021-08-25,371.5,410.9,438.0,449.0,459.0,477.0,499.0,517.0,534.3,545.0,560.0,590.0,635.0,inferred
Cornwall,2021-08-26,337.0,376.9,402.0,412.0,421.0,437.0,452.5,468.0,486.0,493.0,504.0,536.0,582.0,inferred
Cornwall,2021-08-27,280.5,313.0,337.0,346.0,355.0,371.0,386.0,403.0,418.0,428.2,440.0,470.0,518.0,inferred
Cornwall,2021-08-28,206.5,238.0,257.0,266.0,272.0,285.0,299.0,313.0,329.0,336.2,346.0,368.0,406.0,inferred
Cornwall,2021-08-29,198.0,223.0,245.0,253.0,260.0,274.0,286.5,301.0,314.0,322.2,330.0,356.1,403.5,inferred
Cornwall,2021-08-30,252.0,293.9,320.0,328.0,336.0,352.0,368.0,385.0,402.0,412.0,422.0,451.0,493.0,inferred
Cornwall,2021-08-31,253.0,281.0,302.0,313.0,321.0,337.6,353.0,368.0,384.0,393.0,405.0,431.0,485.0,inferred
Cornwall,2021-09-01,230.5,264.9,286.0,293.8,303.0,317.0,331.0,347.0,361.0,369.0,379.0,409.0,450.0,inferred
Cornwall,2021-09-02,220.5,250.0,271.0,279.0,287.0,302.0,315.0,329.0,344.3,353.0,363.0,389.0,428.0,inferred
Cornwall,2021-09-03,189.0,218.0,239.0,245.8,252.0,265.0,276.0,288.0,302.0,310.0,319.2,346.0,390.0,inferred
Cornwall,2021-09-04,144.0,169.0,185.0,193.0,198.0,211.0,222.5,234.0,247.0,253.0,262.0,288.0,326.0,inferred
Cornwall,2021-09-05,143.0,168.0,187.0,194.0,200.0,213.0,224.0,235.4,249.0,256.0,265.0,290.0,332.0,inferred
Cornwall,2021-09-06,197.5,225.0,249.0,258.0,265.0,278.0,293.0,306.4,323.0,332.0,340.2,366.0,405.5,inferred
Cornwall,2021-09-07,195.5,226.0,245.0,252.0,259.0,272.6,286.0,299.0,316.0,326.2,337.0,362.0,398.0,inferred
Cornwall,2021-09-08,178.0,205.0,226.8,233.0,241.0,256.6,270.0,283.0,297.0,307.0,315.0,337.0,381.0,inferred
Cornwall,2021-09-09,170.5,192.9,214.0,221.0,228.0,240.0,253.0,264.0,280.0,288.0,296.2,324.1,359.5,inferred
Cornwall,2021-09-10,141.0,167.0,183.0,191.0,196.0,208.0,219.0,231.0,245.0,252.0,262.0,284.0,319.0,inferred
Cornwall,2021-09-11,106.0,127.9,141.0,149.0,155.0,165.0,175.0,186.0,197.0,204.0,211.0,232.0,265.5,inferred
Cornwall,2021-09-12,107.0,127.0,143.0,148.0,153.0,164.0,173.5,184.0,196.0,203.2,211.0,232.0,262.0,inferred
Cornwall,2021-09-13,143.0,171.0,190.0,197.0,203.7,215.0,227.0,240.0,253.0,259.2,269.0,291.0,326.5,inferred
Cornwall,2021-09-14,150.5,177.0,194.0,201.0,207.0,219.0,231.0,243.0,257.0,266.0,274.0,301.1,338.5,inferred
Cornwall,2021-09-15,150.0,174.0,195.0,202.0,208.0,220.0,232.0,243.0,257.0,265.2,275.0,296.0,341.5,inferred
Cornwall,2021-09-16,155.5,181.0,199.0,207.0,214.0,224.6,236.0,250.0,261.0,268.0,276.0,303.0,335.5,inferred
Cornwall,2021-09-17,146.0,170.0,188.0,196.0,202.0,213.0,224.0,236.0,248.0,256.0,266.0,288.0,331.5,inferred
Cornwall,2021-09-18,123.0,144.0,159.0,165.0,171.0,182.0,191.0,203.0,215.0,220.0,229.2,254.0,297.5,inferred
Cornwall,2021-09-19,127.5,153.0,171.0,179.0,184.0,196.0,207.0,217.0,230.0,237.0,247.0,269.0,304.0,inferred
Cornwall,2021-09-20,191.5,223.9,244.0,253.0,262.0,273.6,289.0,301.0,317.3,327.0,338.0,364.0,410.5,inferred
Cornwall,2021-09-21,204.4,241.0,261.0,269.0,277.0,290.0,306.0,319.0,335.0,345.0,354.0,382.0,438.0,inferred
Cornwall,2021-09-22,215.5,246.0,266.0,274.0,281.0,296.0,310.0,323.0,338.0,348.0,358.0,387.1,433.0,inferred
Cornwall,2021-09-23,219.0,247.0,269.0,278.0,285.0,302.0,316.0,329.0,343.3,351.2,363.0,388.0,431.0,inferred
Cornwall,2021-09-24,209.0,236.0,258.0,268.0,274.0,288.0,301.0,315.0,328.0,336.2,348.0,377.0,415.5,inferred
Cornwall,2021-09-25,176.5,203.0,222.0,229.0,235.0,248.0,258.0,270.4,284.3,293.0,303.0,330.0,372.5,inferred
Cornwall,2021-09-26,190.0,215.0,235.8,243.0,249.0,263.0,275.0,289.0,303.0,311.0,321.0,347.1,385.5,inferred
Cornwall,2021-09-27,283.0,317.9,341.0,352.0,361.0,378.6,394.0,410.0,428.0,438.0,449.0,481.1,535.5,inferred
Cornwall,2021-09-28,296.4,338.0,360.0,370.0,379.0,395.0,411.0,427.0,446.0,455.2,467.0,501.1,558.0,inferred
Cornwall,2021-09-29,293.5,332.0,357.0,367.0,377.0,392.6,408.5,425.0,446.0,456.0,468.0,497.0,549.0,inferred
Cornwall,2021-09-30,290.5,330.0,354.0,363.8,372.7,389.0,405.5,421.0,439.0,452.0,462.0,493.1,546.5,inferred
Cornwall,2021-10-01,271.0,301.0,327.8,335.0,343.0,359.0,373.0,390.0,407.0,415.0,426.2,457.0,497.0,inferred
Cornwall,2021-10-02,216.0,249.0,272.0,280.0,288.0,304.0,319.0,332.0,345.0,355.0,364.0,390.1,435.0,inferred
Cornwall,2021-10-03,230.9,262.0,282.8,293.0,301.0,314.0,328.0,342.0,358.0,365.0,374.0,403.1,444.0,inferred
Cornwall,2021-10-04,339.5,373.0,398.0,410.0,421.0,437.0,456.0,472.0,493.0,505.0,518.0,553.1,610.5,inferred
Cornwall,2021-10-05,350.0,390.0,414.8,424.8,436.0,454.0,470.0,488.0,508.0,517.0,530.0,570.0,626.0,inferred
Cornwall,2021-10-06,334.0,382.0,411.0,422.0,431.0,447.6,466.0,485.0,503.3,514.0,525.2,559.0,618.0,inferred
Cornwall,2021-10-07,342.0,382.0,408.0,418.0,428.0,445.0,460.0,478.0,496.0,506.2,521.0,552.1,604.5,inferred
Cornwall,2021-10-08,310.5,346.0,372.0,383.8,391.0,406.0,422.0,438.0,454.0,465.0,477.0,507.0,558.0,inferred
Cornwall,2021-10-09,254.0,286.0,308.0,319.0,328.0,344.0,357.0,371.0,386.0,395.0,403.2,433.0,481.0,inferred
Cornwall,2021-10-10,263.0,304.9,329.0,338.8,346.0,361.6,376.0,391.0,407.0,415.0,426.2,457.1,508.0,inferred
Cornwall,2021-10-11,388.5,424.0,455.0,467.0,477.0,497.0,516.0,534.0,553.0,564.2,580.0,617.0,674.0,inferred
Cornwall,2021-10-12,382.5,428.0,457.0,465.8,477.7,497.0,515.0,535.4,556.0,566.0,577.2,615.0,666.6,inferred
Cornwall,2021-10-13,367.0,407.9,435.0,446.0,455.7,474.0,492.0,510.0,528.0,540.0,553.0,586.0,644.5,inferred
Cornwall,2021-10-14,342.0,381.9,409.0,421.0,429.0,448.6,466.0,486.4,506.0,517.2,530.2,566.1,617.5,inferred
Cornwall,2021-10-15,293.0,332.9,358.0,368.8,380.0,399.0,414.0,435.0,453.0,463.0,475.0,508.1,571.1,inferred
Cornwall and Isles of Scilly,2021-07-03,57.0,73.9,86.0,91.0,95.0,102.0,110.0,117.0,125.3,131.0,136.0,154.1,181.0,inferred
Cornwall and Isles of Scilly,2021-07-04,67.0,81.0,94.0,98.0,102.0,111.0,119.0,127.0,136.0,141.0,148.0,164.0,191.0,inferred
Cornwall and Isles of Scilly,2021-07-05,106.0,127.0,139.0,145.0,151.0,162.0,171.0,180.0,192.0,197.0,205.0,222.1,257.0,inferred
Cornwall and Isles of Scilly,2021-07-06,115.5,138.0,152.0,158.0,164.0,174.0,184.0,193.4,205.0,212.0,219.0,239.1,274.0,inferred
Cornwall and Isles of Scilly,2021-07-07,124.5,147.0,162.0,168.0,175.0,186.0,196.0,208.0,219.0,224.0,233.0,254.0,285.5,inferred
Cornwall and Isles of Scilly,2021-07-08,136.0,158.0,175.8,182.0,188.0,198.0,209.0,220.0,232.0,239.0,246.2,271.0,308.0,inferred
Cornwall and Isles of Scilly,2021-07-09,132.0,156.0,174.0,181.0,187.0,199.0,210.0,221.0,233.0,239.0,247.0,269.1,309.5,inferred
Cornwall and Isles of Scilly,2021-07-10,114.5,138.9,156.0,164.0,169.0,179.6,191.0,201.4,213.0,220.0,229.0,247.0,281.5,inferred
Cornwall and Isles of Scilly,2021-07-11,138.5,161.0,178.0,184.0,190.0,201.0,210.0,223.0,236.0,243.0,252.0,271.0,312.0,inferred
Cornwall and Isles of Scilly,2021-07-12,212.0,242.0,264.0,274.8,283.0,297.0,311.0,328.0,343.0,351.0,363.0,394.0,434.5,inferred
Cornwall and Isles of Scilly,2021-07-13,229.5,266.0,286.0,294.0,303.0,317.0,331.0,346.0,361.3,371.2,381.0,412.0,453.0,inferred
Cornwall and Isles of Scilly,2021-07-14,222.0,256.0,278.0,287.0,295.0,309.0,323.0,337.0,351.3,361.0,370.0,398.0,447.0,inferred
Cornwall and Isles of Scilly,2021-07-15,214.0,248.0,269.0,276.0,283.0,298.0,311.0,326.0,340.0,350.0,359.0,383.0,421.5,inferred
Cornwall and Isles of Scilly,2021-07-16,190.5,219.0,239.0,247.0,255.0,270.0,283.0,294.0,307.0,318.0,326.0,351.0,392.5,inferred
Cornwall and Isles of Scilly,2021-07-17,152.5,176.0,192.0,199.0,205.0,217.0,229.0,240.0,255.0,261.0,269.0,292.0,329.0,inferred
Cornwall and Isles of Scilly,2021-07-18,149.0,176.0,194.0,202.0,210.0,222.0,233.0,246.0,259.0,267.0,276.0,300.0,335.0,inferred
Cornwall and Isles of Scilly,2021-07-19,218.0,249.0,269.0,277.0,285.0,300.0,314.0,327.0,342.0,350.2,361.0,389.0,442.0,inferred
Cornwall and Isles of Scilly,2021-07-20,211.0,245.0,265.0,271.0,279.0,294.0,308.0,323.0,338.3,348.0,359.0,385.0,433.6,inferred
Cornwall and Isles of Scilly,2021-07-21,192.0,220.0,238.0,248.0,256.0,270.0,282.0,295.0,309.0,320.0,329.0,359.1,402.5,inferred
Cornwall and Isles of Scilly,2021-07-22,179.5,205.9,225.0,232.0,239.0,251.0,263.0,278.0,291.0,298.0,308.0,335.0,374.5,inferred
Cornwall and Isles of Scilly,2021-07-23,153.0,175.0,192.0,199.0,206.0,217.0,228.0,239.0,254.0,261.0,269.0,292.1,330.0,inferred
Cornwall and Isles of Scilly,2021-07-24,109.0,133.0,147.0,154.0,159.0,169.0,179.0,190.0,202.0,209.2,217.0,236.0,269.0,inferred
Cornwall and Isles of Scilly,2021-07-25,104.5,126.9,139.8,146.0,152.0,163.0,171.0,182.0,194.0,201.0,209.0,232.0,262.0,inferred
Cornwall and Isles of Scilly,2021-07-26,145.0,173.0,188.0,194.8,201.0,215.0,226.0,236.0,250.0,259.0,267.0,291.0,326.0,inferred
Cornwall and Isles of Scilly,2021-07-27,148.5,172.0,192.0,199.0,205.0,217.0,228.0,239.0,252.0,258.2,267.2,292.0,334.5,inferred
Cornwall and Isles of Scilly,2021-07-28,149.0,173.0,190.0,198.0,204.0,216.0,228.0,240.0,253.0,260.0,269.0,293.1,336.0,inferred
Cornwall and Isles of Scilly,2021-07-29,150.0,174.0,191.0,198.0,204.0,216.6,228.0,240.0,252.0,259.0,268.0,288.1,327.0,inferred
Cornwall and Isles of Scilly,2021-07-30,138.0,163.0,179.0,186.0,192.0,203.0,213.0,224.0,238.0,246.2,254.0,277.0,312.0,inferred
Cornwall and Isles of Scilly,2021-07-31,113.0,135.0,150.0,156.0,163.0,175.0,185.0,195.0,208.0,215.0,222.0,243.0,279.5,inferred
Cornwall and Isles of Scilly,2021-08-01,123.0,145.0,164.0,171.0,178.0,189.6,200.0,212.0,225.0,232.0,241.0,266.0,301.0,inferred
Cornwall and Isles of Scilly,2021-08-02,184.5,212.0,236.0,244.0,252.0,264.0,276.0,288.0,307.0,314.0,324.0,350.0,395.0,inferred
Cornwall and Isles of Scilly,2021-08-03,189.5,219.0,241.0,252.0,260.0,274.0,287.0,300.0,315.0,324.0,333.0,361.0,403.5,inferred
Cornwall and Isles of Scilly,2021-08-04,188.5,223.0,243.0,251.0,259.0,273.0,285.0,298.0,314.0,323.0,332.2,358.0,400.5,inferred
Cornwall and Isles of Scilly,2021-08-05,193.5,222.0,243.0,250.0,257.0,271.0,285.0,297.0,310.0,318.0,328.0,351.0,400.0,inferred
Cornwall and Isles of Scilly,2021-08-06,169.0,202.0,222.0,228.0,235.0,246.0,259.0,272.0,285.0,293.0,302.0,325.0,364.5,inferred
Cornwall and Isles of Scilly,2021-08-07,142.9,168.0,183.0,190.0,196.0,208.0,219.0,231.0,245.0,253.0,260.0,283.1,328.0,inferred
Cornwall and Isles of Scilly,2021-08-08,153.0,176.0,193.0,199.0,204.0,218.0,231.0,243.0,257.0,264.0,273.0,296.0,338.5,inferred
Cornwall and Isles of Scilly,2021-08-09,223.5,254.0,274.0,282.0,289.0,304.0,319.0,334.0,350.0,359.0,371.0,399.0,442.0,inferred
Cornwall and Isles of Scilly,2021-08-10,235.0,272.9,295.0,304.0,313.0,329.0,346.0,360.0,377.0,385.0,396.0,428.0,480.5,inferred
Cornwall and Isles of Scilly,2021-08-11,271.0,304.0,326.0,335.0,343.0,359.0,374.0,389.0,407.0,418.0,431.0,461.0,507.0,inferred
Cornwall and Isles of Scilly,2021-08-12,306.5,337.0,360.0,370.0,380.0,396.0,411.0,425.0,441.3,451.0,463.2,494.1,544.5,inferred
Cornwall and Isles of Scilly,2021-08-13,304.0,341.0,369.0,378.8,387.0,402.0,418.0,435.0,454.0,463.0,473.0,503.1,562.0,inferred
Cornwall and Isles of Scilly,2021-08-14,285.5,318.0,339.0,348.8,356.0,373.0,389.5,404.0,420.0,428.0,438.0,466.0,519.5,inferred
Cornwall and Isles of Scilly,2021-08-15,327.4,370.0,395.0,405.0,413.0,429.0,446.0,462.0,479.0,490.0,500.0,530.1,581.5,inferred
Cornwall and Isles of Scilly,2021-08-16,513.0,564.0,601.8,616.0,625.7,646.0,667.0,689.0,712.3,724.0,736.0,776.1,839.5,inferred
Cornwall and Isles of Scilly,2021-08-17,536.5,595.0,631.0,645.8,659.0,682.0,705.0,729.0,753.0,764.2,782.0,821.1,883.5,inferred
Cornwall and Isles of Scilly,2021-08-18,513.0,566.0,601.8,614.0,627.0,650.0,671.5,692.0,715.0,730.0,742.0,786.0,846.0,inferred
Cornwall and Isles of Scilly,2021-08-19,484.0,532.9,563.0,577.0,589.0,611.0,630.0,651.0,672.3,684.0,700.0,734.0,787.0,inferred
Cornwall and Isles of Scilly,2021-08-20,408.5,455.0,488.8,500.0,510.7,529.0,549.0,566.0,585.0,595.0,607.2,641.0,694.5,inferred
Cornwall and Isles of Scilly,2021-08-21,317.5,355.0,380.8,390.0,399.7,418.0,432.0,448.0,467.0,477.2,488.2,523.0,575.0,inferred
Cornwall and Isles of Scilly,2021-08-22,317.0,351.0,378.0,389.0,397.0,413.0,428.0,443.0,461.0,471.2,484.0,517.1,558.5,inferred
Cornwall and Isles of Scilly,2021-08-23,419.5,470.0,500.0,513.0,523.0,545.0,563.0,580.0,601.0,618.0,630.0,665.0,722.0,inferred
Cornwall and Isles of Scilly,2021-08-24,406.0,449.0,477.8,489.0,500.0,519.0,538.0,556.0,578.3,589.0,602.0,637.0,696.0,inferred
Cornwall and Isles of Scilly,2021-08-25,371.5,410.9,438.0,449.0,459.0,477.0,499.0,517.0,534.3,545.0,560.0,590.0,635.0,inferred
Cornwall and Isles of Scilly,2021-08-26,337.0,376.9,402.0,412.0,421.0,437.0,452.5,468.0,486.0,493.0,504.0,536.0,582.0,inferred
Cornwall and Isles of Scilly,2021-08-27,280.5,313.0,337.0,346.0,355.0,371.0,386.0,403.0,418.0,428.2,440.0,470.0,518.0,inferred
Cornwall and Isles of Scilly,2021-08-28,206.5,238.0,257.0,266.0,272.0,285.0,299.0,313.0,329.0,336.2,346.0,368.0,406.0,inferred
Cornwall and Isles of Scilly,2021-08-29,198.0,223.0,245.0,253.0,260.0,274.0,286.5,301.0,314.0,322.2,330.0,356.1,403.5,inferred
Cornwall and Isles of Scilly,2021-08-30,252.0,293.9,320.0,328.0,336.0,352.0,368.0,385.0,402.0,412.0,422.0,451.0,493.0,inferred
Cornwall and Isles of Scilly,2021-08-31,253.0,281.0,302.0,313.0,321.0,337.6,353.0,368.0,384.0,393.0,405.0,431.0,485.0,inferred
Cornwall and Isles of Scilly,2021-09-01,230.5,264.9,286.0,293.8,303.0,317.0,331.0,347.0,361.0,369.0,379.0,409.0,450.0,inferred
Cornwall and Isles of Scilly,2021-09-02,220.5,250.0,271.0,279.0,287.0,302.0,315.0,329.0,344.3,353.0,363.0,389.0,428.0,inferred
Cornwall and Isles of Scilly,2021-09-03,189.0,218.0,239.0,245.8,252.0,265.0,276.0,288.0,302.0,310.0,319.2,346.0,390.0,inferred
Cornwall and Isles of Scilly,2021-09-04,144.0,169.0,185.0,193.0,198.0,211.0,222.5,234.0,247.0,253.0,262.0,288.0,326.0,inferred
Cornwall and Isles of Scilly,2021-09-05,143.0,168.0,187.0,194.0,200.0,213.0,224.0,235.4,249.0,256.0,265.0,290.0,332.0,inferred
Cornwall and Isles of Scilly,2021-09-06,197.5,225.0,249.0,258.0,265.0,278.0,293.0,306.4,323.0,332.0,340.2,366.0,405.5,inferred
Cornwall and Isles of Scilly,2021-09-07,195.5,226.0,245.0,252.0,259.0,272.6,286.0,299.0,316.0,326.2,337.0,362.0,398.0,inferred
Cornwall and Isles of Scilly,2021-09-08,178.0,205.0,226.8,233.0,241.0,256.6,270.0,283.0,297.0,307.0,315.0,337.0,381.0,inferred
Cornwall and Isles of Scilly,2021-09-09,170.5,192.9,214.0,221.0,228.0,240.0,253.0,264.0,280.0,288.0,296.2,324.1,359.5,inferred
Cornwall and Isles of Scilly,2021-09-10,141.0,167.0,183.0,191.0,196.0,208.0,219.0,231.0,245.0,252.0,262.0,284.0,319.0,inferred
Cornwall and Isles of Scilly,2021-09-11,106.0,127.9,141.0,149.0,155.0,165.0,175.0,186.0,197.0,204.0,211.0,232.0,265.5,inferred
Cornwall and Isles of Scilly,2021-09-12,107.0,127.0,143.0,148.0,153.0,164.0,173.5,184.0,196.0,203.2,211.0,232.0,262.0,inferred
Cornwall and Isles of Scilly,2021-09-13,143.0,171.0,190.0,197.0,203.7,215.0,227.0,240.0,253.0,259.2,269.0,291.0,326.5,inferred
Cornwall and Isles of Scilly,2021-09-14,150.5,177.0,194.0,201.0,207.0,219.0,231.0,243.0,257.0,266.0,274.0,301.1,338.5,inferred
Cornwall and Isles of Scilly,2021-09-15,150.0,174.0,195.0,202.0,208.0,220.0,232.0,243.0,257.0,265.2,275.0,296.0,341.5,inferred
Cornwall and Isles of Scilly,2021-09-16,155.5,181.0,199.0,207.0,214.0,224.6,236.0,250.0,261.0,268.0,276.0,303.0,335.5,inferred
Cornwall and Isles of Scilly,2021-09-17,146.0,170.0,188.0,196.0,202.0,213.0,224.0,236.0,248.0,256.0,266.0,288.0,331.5,inferred
Cornwall and Isles of Scilly,2021-09-18,123.0,144.0,159.0,165.0,171.0,182.0,191.0,203.0,215.0,220.0,229.2,254.0,297.5,inferred
Cornwall and Isles of Scilly,2021-09-19,127.5,153.0,171.0,179.0,184.0,196.0,207.0,217.0,230.0,237.0,247.0,269.0,304.0,inferred
Cornwall and Isles of Scilly,2021-09-20,191.5,223.9,244.0,253.0,262.0,273.6,289.0,301.0,317.3,327.0,338.0,364.0,410.5,inferred
Cornwall and Isles of Scilly,2021-09-21,204.4,241.0,261.0,269.0,277.0,290.0,306.0,319.0,335.0,345.0,354.0,382.0,438.0,inferred
Cornwall and Isles of Scilly,2021-09-22,215.5,246.0,266.0,274.0,281.0,296.0,310.0,323.0,338.0,348.0,358.0,387.1,433.0,inferred
Cornwall and Isles of Scilly,2021-09-23,219.0,247.0,269.0,278.0,285.0,302.0,316.0,329.0,343.3,351.2,363.0,388.0,431.0,inferred
Cornwall and Isles of Scilly,2021-09-24,209.0,236.0,258.0,268.0,274.0,288.0,301.0,315.0,328.0,336.2,348.0,377.0,415.5,inferred
Cornwall and Isles of Scilly,2021-09-25,176.5,203.0,222.0,229.0,235.0,248.0,258.0,270.4,284.3,293.0,303.0,330.0,372.5,inferred
Cornwall and Isles of Scilly,2021-09-26,190.0,215.0,235.8,243.0,249.0,263.0,275.0,289.0,303.0,311.0,321.0,347.1,385.5,inferred
Cornwall and Isles of Scilly,2021-09-27,283.0,317.9,341.0,352.0,361.0,378.6,394.0,410.0,428.0,438.0,449.0,481.1,535.5,inferred
Cornwall and Isles of Scilly,2021-09-28,296.4,338.0,360.0,370.0,379.0,395.0,411.0,427.0,446.0,455.2,467.0,501.1,558.0,inferred
Cornwall and Isles of Scilly,2021-09-29,293.5,332.0,357.0,367.0,377.0,392.6,408.5,425.0,446.0,456.0,468.0,497.0,549.0,inferred
Cornwall and Isles of Scilly,2021-09-30,290.5,330.0,354.0,363.8,372.7,389.0,405.5,421.0,439.0,452.0,462.0,493.1,546.5,inferred
Cornwall and Isles of Scilly,2021-10-01,271.0,301.0,327.8,335.0,343.0,359.0,373.0,390.0,407.0,415.0,426.2,457.0,497.0,inferred
Cornwall and Isles of Scilly,2021-10-02,216.0,249.0,272.0,280.0,288.0,304.0,319.0,332.0,345.0,355.0,364.0,390.1,435.0,inferred
Cornwall and Isles of Scilly,2021-10-03,230.9,262.0,282.8,293.0,301.0,314.0,328.0,342.0,358.0,365.0,374.0,403.1,444.0,inferred
Cornwall and Isles of Scilly,2021-10-04,339.5,373.0,398.0,410.0,421.0,437.0,456.0,472.0,493.0,505.0,518.0,553.1,610.5,inferred
Cornwall and Isles of Scilly,2021-10-05,350.0,390.0,414.8,424.8,436.0,454.0,470.0,488.0,508.0,517.0,530.0,570.0,626.0,inferred
Cornwall and Isles of Scilly,2021-10-06,334.0,382.0,411.0,422.0,431.0,447.6,466.0,485.0,503.3,514.0,525.2,559.0,618.0,inferred
Cornwall and Isles of Scilly,2021-10-07,342.0,382.0,408.0,418.0,428.0,445.0,460.0,478.0,496.0,506.2,521.0,552.1,604.5,inferred
Cornwall and Isles of Scilly,2021-10-08,310.5,346.0,372.0,383.8,391.0,406.0,422.0,438.0,454.0,465.0,477.0,507.0,558.0,inferred
Cornwall and Isles of Scilly,2021-10-09,254.0,286.0,308.0,319.0,328.0,344.0,357.0,371.0,386.0,395.0,403.2,433.0,481.0,inferred
Cornwall and Isles of Scilly,2021-10-10,263.0,304.9,329.0,338.8,346.0,361.6,376.0,391.0,407.0,415.0,426.2,457.1,508.0,inferred
Cornwall and Isles of Scilly,2021-10-11,388.5,424.0,455.0,467.0,477.0,497.0,516.0,534.0,553.0,564.2,580.0,617.0,674.0,inferred
Cornwall and Isles of Scilly,2021-10-12,382.5,428.0,457.0,465.8,477.7,497.0,515.0,535.4,556.0,566.0,577.2,615.0,666.6,inferred
Cornwall and Isles of Scilly,2021-10-13,367.0,407.9,435.0,446.0,455.7,474.0,492.0,510.0,528.0,540.0,553.0,586.0,644.5,inferred
Cornwall and Isles of Scilly,2021-10-14,342.0,381.9,409.0,421.0,429.0,448.6,466.0,486.4,506.0,517.2,530.2,566.1,617.5,inferred
Cornwall and Isles of Scilly,2021-10-15,293.0,332.9,358.0,368.8,380.0,399.0,414.0,435.0,453.0,463.0,475.0,508.1,571.1,inferred
Cotswold,2021-07-03,9.0,12.0,14.0,15.0,16.0,18.0,19.5,21.0,23.0,24.0,25.0,30.0,35.5,inferred
Cotswold,2021-07-04,9.5,14.0,16.0,17.0,18.0,20.0,22.0,23.0,25.0,26.0,27.0,31.0,37.0,inferred
Cotswold,2021-07-05,16.0,20.0,24.0,25.0,26.0,28.0,30.0,32.0,34.0,36.0,37.0,42.0,48.0,inferred
Cotswold,2021-07-06,17.0,22.0,25.0,26.0,28.0,30.0,32.0,34.0,36.0,37.0,39.0,43.0,50.0,inferred
Cotswold,2021-07-07,17.0,23.0,25.8,27.0,28.0,30.0,32.0,34.0,37.0,38.0,39.0,44.0,50.0,inferred
Cotswold,2021-07-08,19.0,23.0,26.0,28.0,29.0,31.0,33.0,35.0,38.0,39.0,41.0,45.0,52.0,inferred
Cotswold,2021-07-09,17.0,22.0,25.0,26.0,28.0,30.0,32.0,34.0,36.0,38.0,39.0,44.0,51.0,inferred
Cotswold,2021-07-10,13.0,18.0,21.0,22.0,24.0,26.0,28.0,29.0,31.0,33.0,34.0,38.0,44.0,inferred
Cotswold,2021-07-11,17.0,20.0,23.0,24.8,26.0,28.0,30.0,32.0,35.0,36.0,38.0,42.0,49.0,inferred
Cotswold,2021-07-12,24.0,31.0,35.0,37.0,38.0,41.0,44.0,46.0,49.0,51.0,53.0,58.0,66.5,inferred
Cotswold,2021-07-13,27.0,32.0,36.0,38.0,39.0,42.0,45.0,48.0,51.0,53.0,55.0,59.1,69.0,inferred
Cotswold,2021-07-14,25.0,30.0,35.0,37.0,38.0,41.0,43.0,46.0,49.0,51.0,53.0,58.0,66.0,inferred
Cotswold,2021-07-15,23.0,29.0,33.0,35.0,36.0,38.0,41.0,44.0,47.0,48.0,50.0,55.0,63.0,inferred
Cotswold,2021-07-16,20.0,25.0,29.0,31.0,32.0,34.0,37.0,39.0,42.0,43.0,45.0,49.0,58.0,inferred
Cotswold,2021-07-17,15.0,20.0,23.0,24.0,25.0,27.0,29.0,31.0,34.0,35.0,37.0,41.0,48.0,inferred
Cotswold,2021-07-18,16.0,20.0,23.0,24.0,25.0,27.0,29.0,31.0,34.0,35.0,37.0,41.0,47.0,inferred
Cotswold,2021-07-19,22.0,27.0,31.0,33.0,34.0,37.0,39.0,42.0,44.0,46.0,47.0,52.0,60.0,inferred
Cotswold,2021-07-20,21.0,26.0,30.0,31.0,32.7,35.0,37.0,40.0,43.0,44.0,46.0,51.0,60.0,inferred
Cotswold,2021-07-21,20.0,24.0,28.0,29.0,30.0,33.0,35.0,38.0,40.0,42.0,43.0,48.0,57.0,inferred
Cotswold,2021-07-22,17.0,21.0,24.0,26.0,27.0,29.0,32.0,34.0,36.0,37.0,39.0,43.0,50.0,inferred
Cotswold,2021-07-23,13.0,17.0,20.0,21.0,22.0,25.0,27.0,28.0,31.0,32.0,33.0,38.0,44.0,inferred
Cotswold,2021-07-24,9.0,13.0,15.0,16.0,17.0,19.0,20.5,22.0,25.0,26.0,27.0,31.0,37.0,inferred
Cotswold,2021-07-25,9.0,12.0,15.0,16.0,16.7,18.0,20.0,22.0,24.0,25.0,26.0,29.0,34.0,inferred
Cotswold,2021-07-26,12.0,16.0,19.0,20.0,21.0,24.0,26.0,27.0,29.0,31.0,32.0,36.0,42.0,inferred
Cotswold,2021-07-27,12.0,16.0,18.0,20.0,21.0,22.0,25.0,27.0,29.0,30.0,32.0,36.0,42.5,inferred
Cotswold,2021-07-28,12.0,16.0,18.0,19.0,20.0,22.0,24.0,26.0,28.0,29.0,31.0,34.0,41.0,inferred
Cotswold,2021-07-29,11.0,15.0,18.0,19.0,20.0,22.0,24.0,26.0,28.0,29.0,30.0,34.0,40.5,inferred
Cotswold,2021-07-30,9.0,13.0,16.0,17.0,18.0,20.0,22.0,24.0,26.0,27.0,29.0,32.0,38.0,inferred
Cotswold,2021-07-31,7.0,10.0,13.0,14.0,15.0,16.0,18.0,20.0,22.0,23.0,24.0,27.0,33.0,inferred
Cotswold,2021-08-01,7.0,11.0,13.0,14.0,15.0,17.0,18.0,20.0,22.0,23.0,24.0,28.0,33.0,inferred
Cotswold,2021-08-02,13.0,16.0,20.0,21.0,22.0,24.0,26.0,27.0,30.0,31.0,33.0,37.0,45.0,inferred
Cotswold,2021-08-03,12.5,17.0,20.0,21.0,22.0,24.0,26.0,28.0,30.0,32.0,33.0,38.0,44.0,inferred
Cotswold,2021-08-04,13.0,17.0,20.0,21.0,22.0,24.0,27.0,29.0,31.0,32.0,33.0,37.0,45.0,inferred
Cotswold,2021-08-05,14.0,18.0,21.0,22.0,23.0,25.0,27.0,29.0,31.0,33.0,34.0,38.0,45.0,inferred
Cotswold,2021-08-06,13.0,17.0,19.8,21.0,22.0,24.0,26.0,28.0,30.0,31.0,33.0,37.0,44.0,inferred
Cotswold,2021-08-07,10.0,14.0,16.0,17.0,18.0,20.0,22.0,24.0,26.0,28.0,29.0,33.0,38.0,inferred
Cotswold,2021-08-08,10.0,15.0,17.0,18.0,19.0,21.0,23.0,25.0,27.0,28.0,29.0,33.0,40.5,inferred
Cotswold,2021-08-09,17.0,22.0,25.0,26.0,28.0,30.0,33.0,35.0,38.0,39.0,41.0,46.0,53.0,inferred
Cotswold,2021-08-10,18.0,23.0,26.0,28.0,29.0,32.0,34.0,37.0,40.0,41.0,43.0,47.0,56.0,inferred
Cotswold,2021-08-11,20.0,24.0,27.0,29.0,30.0,33.0,35.0,37.0,39.0,41.0,42.0,47.0,55.0,inferred
Cotswold,2021-08-12,20.0,24.0,28.0,30.0,31.0,34.0,36.0,38.0,41.0,42.0,44.0,49.0,58.0,inferred
Cotswold,2021-08-13,18.0,22.0,26.0,27.0,29.0,31.0,33.0,36.0,38.0,40.0,41.0,46.0,53.0,inferred
Cotswold,2021-08-14,15.0,19.0,22.0,23.0,24.0,26.0,28.0,30.0,33.0,34.0,36.0,40.0,48.0,inferred
Cotswold,2021-08-15,16.0,21.0,24.0,25.0,26.0,29.0,31.0,33.0,35.0,36.0,38.0,43.0,51.0,inferred
Cotswold,2021-08-16,26.0,32.0,35.0,37.0,38.0,41.0,44.0,46.0,49.0,51.0,53.0,58.0,65.0,inferred
Cotswold,2021-08-17,26.0,32.0,36.0,37.0,39.0,42.0,44.0,47.0,50.0,52.0,54.0,59.0,67.0,inferred
Cotswold,2021-08-18,25.0,30.0,34.0,36.0,37.0,40.0,42.0,45.0,48.0,50.0,51.2,57.0,67.0,inferred
Cotswold,2021-08-19,23.0,29.0,32.0,34.0,35.0,38.0,41.0,43.0,46.0,47.0,49.0,54.0,63.0,inferred
Cotswold,2021-08-20,20.0,25.0,29.0,30.0,31.0,34.0,36.0,38.0,41.0,42.0,44.0,48.1,56.0,inferred
Cotswold,2021-08-21,15.0,19.0,22.0,23.0,25.0,27.0,29.0,31.0,34.0,35.0,36.0,41.0,49.0,inferred
Cotswold,2021-08-22,16.0,19.0,22.0,23.0,25.0,27.0,28.0,31.0,33.0,34.0,36.0,40.0,48.0,inferred
Cotswold,2021-08-23,23.0,27.0,31.0,32.0,34.0,36.0,39.0,41.4,44.0,46.0,47.0,53.0,60.0,inferred
Cotswold,2021-08-24,22.0,27.0,31.0,33.0,34.0,37.0,39.0,42.0,45.0,46.0,48.0,53.0,62.0,inferred
Cotswold,2021-08-25,22.0,28.0,32.0,33.0,35.0,37.0,39.0,41.0,44.0,45.0,47.0,52.0,60.0,inferred
Cotswold,2021-08-26,22.0,28.0,31.0,33.0,34.0,36.0,38.0,41.0,44.0,45.0,47.0,52.0,61.5,inferred
Cotswold,2021-08-27,19.5,25.0,29.0,30.0,32.0,34.0,36.0,39.0,41.0,43.0,45.0,49.0,57.0,inferred
Cotswold,2021-08-28,17.0,21.0,24.0,25.0,27.0,29.0,31.0,33.0,35.0,37.0,39.0,43.0,51.0,inferred
Cotswold,2021-08-29,19.0,23.0,26.0,27.0,29.0,31.0,33.0,35.0,38.0,39.0,41.0,45.0,52.0,inferred
Cotswold,2021-08-30,28.0,33.0,38.0,39.0,41.0,44.0,46.0,49.0,51.0,53.0,56.0,61.0,71.0,inferred
Cotswold,2021-08-31,27.0,33.0,37.0,39.0,41.0,44.0,46.0,49.0,52.0,54.0,56.0,61.0,71.5,inferred
Cotswold,2021-09-01,26.0,32.0,36.0,37.0,39.0,42.0,44.0,47.0,50.0,52.0,53.0,58.0,67.0,inferred
Cotswold,2021-09-02,24.5,30.0,34.0,35.0,37.0,39.0,42.0,44.0,47.0,49.0,50.0,55.0,64.0,inferred
Cotswold,2021-09-03,21.0,26.0,30.0,31.0,33.0,35.0,37.0,39.0,42.0,44.0,45.0,50.0,58.0,inferred
Cotswold,2021-09-04,15.0,19.0,23.0,24.0,25.0,27.0,29.0,31.0,33.0,35.0,36.0,41.0,47.0,inferred
Cotswold,2021-09-05,15.0,19.0,22.0,23.0,24.0,27.0,29.0,31.0,33.0,34.0,36.0,39.0,45.0,inferred
Cotswold,2021-09-06,22.0,26.0,29.0,31.0,32.0,35.0,37.0,39.0,42.0,44.0,45.0,50.0,57.0,inferred
Cotswold,2021-09-07,20.0,25.0,29.0,30.0,31.0,33.0,36.0,38.0,40.0,42.0,43.0,47.1,55.5,inferred
Cotswold,2021-09-08,17.0,21.0,25.0,26.0,27.0,30.0,32.0,34.0,36.3,38.0,40.0,44.0,51.0,inferred
Cotswold,2021-09-09,14.0,19.0,22.0,23.0,24.0,26.0,28.0,30.0,33.0,34.0,36.0,40.0,48.0,inferred
Cotswold,2021-09-10,12.0,16.0,18.0,19.0,20.0,22.0,24.0,25.0,27.0,28.0,30.0,34.0,40.0,inferred
Cotswold,2021-09-11,7.0,10.0,13.0,14.0,14.0,16.0,17.0,19.0,21.0,22.0,23.0,26.1,32.0,inferred
Cotswold,2021-09-12,6.0,10.0,12.0,13.0,14.0,15.0,17.0,18.0,20.0,21.0,22.0,26.0,31.0,inferred
Cotswold,2021-09-13,8.0,12.0,15.0,16.0,17.0,19.0,21.0,23.0,25.0,26.0,27.0,31.0,37.0,inferred
Cotswold,2021-09-14,9.0,12.0,15.0,16.0,17.0,19.0,21.0,23.0,25.0,26.0,28.0,31.0,37.0,inferred
Cotswold,2021-09-15,10.0,13.0,16.0,17.0,18.0,20.0,22.0,23.0,25.3,27.0,28.0,32.0,38.0,inferred
Cotswold,2021-09-16,11.0,14.0,17.0,18.0,19.0,21.0,23.0,25.0,27.0,28.0,30.0,33.0,40.0,inferred
Cotswold,2021-09-17,11.0,14.0,17.0,18.0,19.0,21.0,22.0,24.0,26.0,27.2,29.0,33.0,38.0,inferred
Cotswold,2021-09-18,8.0,12.0,14.0,15.0,16.0,18.0,19.0,22.0,24.0,25.0,26.0,30.0,36.0,inferred
Cotswold,2021-09-19,10.0,14.0,16.0,17.0,18.0,21.0,22.0,24.0,26.0,27.0,29.0,33.0,39.0,inferred
Cotswold,2021-09-20,17.0,22.0,25.0,26.0,28.0,30.0,32.0,34.0,37.0,38.0,40.0,44.0,54.0,inferred
Cotswold,2021-09-21,18.0,23.0,27.0,28.0,29.0,32.0,34.0,36.0,39.0,40.0,42.0,47.0,55.0,inferred
Cotswold,2021-09-22,18.0,23.0,27.0,28.0,29.0,31.6,34.0,36.0,38.0,40.0,41.0,46.0,54.0,inferred
Cotswold,2021-09-23,18.0,23.0,26.0,28.0,29.0,31.0,33.0,36.0,38.0,40.0,41.0,46.0,52.0,inferred
Cotswold,2021-09-24,16.0,21.0,24.0,25.0,26.0,29.0,31.0,33.0,36.0,37.0,39.0,44.0,51.0,inferred
Cotswold,2021-09-25,13.0,17.0,20.0,22.0,22.0,24.0,26.0,28.0,30.0,31.0,33.0,36.0,43.0,inferred
Cotswold,2021-09-26,14.0,18.0,21.0,22.0,23.0,25.0,27.0,29.0,32.0,33.0,34.0,39.0,46.0,inferred
Cotswold,2021-09-27,20.5,25.0,29.0,30.0,31.0,34.0,37.0,39.0,42.0,43.0,45.0,49.1,57.0,inferred
Cotswold,2021-09-28,20.0,25.0,29.0,30.0,31.0,34.0,36.0,39.0,41.0,43.0,45.0,50.0,58.0,inferred
Cotswold,2021-09-29,18.0,22.0,26.0,27.0,29.0,31.0,33.0,36.0,38.0,40.0,41.0,46.0,54.0,inferred
Cotswold,2021-09-30,15.5,20.0,23.0,24.0,25.0,27.0,30.0,32.0,35.0,36.0,38.0,42.0,48.0,inferred
Cotswold,2021-10-01,13.0,17.0,19.0,20.0,21.0,23.0,25.0,27.0,29.0,30.0,32.0,36.0,43.0,inferred
Cotswold,2021-10-02,8.0,11.9,14.0,15.0,16.0,17.0,19.0,21.0,23.0,24.0,26.0,29.0,35.0,inferred
Cotswold,2021-10-03,8.0,11.0,13.0,14.0,15.0,17.0,19.0,21.0,23.0,24.0,25.0,28.0,35.0,inferred
Cotswold,2021-10-04,11.0,15.0,18.0,19.0,20.0,22.0,24.0,26.0,28.0,29.0,30.0,34.0,40.0,inferred
Cotswold,2021-10-05,12.0,15.0,18.0,19.0,21.0,23.0,25.0,27.0,29.0,30.0,32.0,36.0,42.0,inferred
Cotswold,2021-10-06,13.0,17.0,20.0,21.0,22.0,24.0,26.0,28.0,31.0,32.0,34.0,38.0,45.0,inferred
Cotswold,2021-10-07,15.0,19.0,22.0,23.0,24.7,27.0,29.0,31.0,33.0,34.0,36.0,40.0,47.0,inferred
Cotswold,2021-10-08,14.0,19.0,22.0,23.0,24.0,26.0,28.0,30.0,33.0,34.0,36.0,40.0,47.0,inferred
Cotswold,2021-10-09,13.0,17.0,20.0,21.0,22.0,24.0,25.0,28.0,30.0,31.0,32.0,37.0,44.0,inferred
Cotswold,2021-10-10,16.0,19.0,23.0,24.0,25.0,27.0,29.0,32.0,34.0,35.0,37.0,41.0,48.0,inferred
Cotswold,2021-10-11,25.0,31.0,36.0,37.0,38.0,41.0,44.0,47.0,50.0,52.0,53.2,59.0,67.0,inferred
Cotswold,2021-10-12,35.0,41.0,46.0,48.0,50.0,53.0,56.0,59.0,63.0,65.0,67.0,73.0,82.5,inferred
Cotswold,2021-10-13,47.0,55.0,61.0,63.0,65.0,68.0,72.0,75.0,79.0,81.0,83.2,90.0,100.0,inferred
Cotswold,2021-10-14,64.0,73.0,80.0,82.8,85.0,89.0,93.0,97.0,101.0,103.0,106.0,115.0,128.0,inferred
Cotswold,2021-10-15,76.0,88.0,95.8,99.0,101.0,105.0,110.0,115.0,120.0,124.0,127.2,139.0,154.0,inferred
County Durham,2021-07-03,327.0,351.0,369.0,376.0,381.0,391.0,402.0,414.0,426.0,432.0,440.0,459.0,487.0,inferred
County Durham,2021-07-04,371.0,398.0,416.0,421.0,427.0,440.0,450.0,461.0,473.0,480.0,488.0,509.0,544.0,inferred
County Durham,2021-07-05,552.0,583.9,603.0,611.0,618.0,631.0,644.0,657.0,669.0,675.0,684.0,707.0,747.5,inferred
County Durham,2021-07-06,524.5,555.0,574.0,582.0,590.0,603.0,614.0,626.0,639.0,647.0,656.0,678.0,714.5,inferred
County Durham,2021-07-07,538.5,571.9,591.0,598.0,606.0,619.0,629.0,642.0,655.0,663.0,670.0,690.0,727.5,inferred
County Durham,2021-07-08,527.0,558.0,576.0,585.0,592.0,604.0,617.0,629.0,642.0,650.0,658.0,681.0,715.0,inferred
County Durham,2021-07-09,489.5,518.0,536.8,545.0,552.0,564.0,576.0,589.0,601.0,609.0,617.0,638.0,678.0,inferred
County Durham,2021-07-10,418.0,445.0,463.0,471.0,477.0,487.0,498.0,509.0,522.0,530.0,538.0,556.0,586.5,inferred
County Durham,2021-07-11,456.5,486.0,504.0,511.0,518.0,529.0,541.0,550.0,562.0,568.0,576.0,596.0,632.0,inferred
County Durham,2021-07-12,659.0,692.0,714.0,724.0,733.0,748.0,762.0,778.0,795.0,804.0,814.0,843.0,890.0,inferred
County Durham,2021-07-13,600.0,641.0,665.0,675.0,682.0,696.6,710.0,722.0,739.0,748.0,756.0,782.0,820.0,inferred
County Durham,2021-07-14,573.0,614.0,636.0,643.0,650.0,664.0,679.0,693.0,706.0,714.0,724.0,749.1,794.5,inferred
County Durham,2021-07-15,523.0,551.0,572.0,579.0,586.0,599.0,612.0,624.0,640.0,647.0,654.0,677.0,708.5,inferred
County Durham,2021-07-16,442.5,469.0,486.0,493.0,499.7,511.0,523.0,534.0,547.3,554.0,562.0,586.0,620.5,inferred
County Durham,2021-07-17,339.5,363.0,382.0,389.0,396.0,407.0,416.0,425.0,434.0,441.0,448.0,468.0,499.0,inferred
County Durham,2021-07-18,335.5,361.0,378.0,384.0,390.0,400.0,409.0,421.0,433.0,440.0,448.0,465.0,494.5,inferred
County Durham,2021-07-19,448.5,476.0,496.0,503.0,510.0,523.6,535.0,547.0,558.0,565.0,573.2,596.0,638.5,inferred
County Durham,2021-07-20,383.0,410.0,428.0,434.0,440.0,451.0,462.0,474.0,487.0,493.0,498.0,520.0,553.0,inferred
County Durham,2021-07-21,344.5,372.0,388.0,394.0,400.0,410.0,421.0,431.0,444.0,451.0,458.0,476.0,505.0,inferred
County Durham,2021-07-22,293.0,316.0,332.0,338.0,344.0,355.0,363.0,373.0,383.0,388.2,396.0,415.0,440.5,inferred
County Durham,2021-07-23,241.0,259.0,273.0,280.0,284.0,292.0,301.0,308.0,317.0,323.0,329.0,343.0,368.5,inferred
County Durham,2021-07-24,170.0,189.0,201.0,207.0,211.0,220.0,228.0,235.0,243.0,247.0,252.0,265.0,284.5,inferred
County Durham,2021-07-25,160.0,178.9,191.0,195.0,200.0,207.0,214.0,221.0,230.0,235.0,240.0,253.0,275.0,inferred
County Durham,2021-07-26,205.0,229.0,242.0,247.0,251.0,261.0,270.0,279.0,288.0,293.0,298.0,315.0,340.0,inferred
County Durham,2021-07-27,180.0,198.0,211.0,215.0,219.0,226.0,235.0,243.0,252.0,257.0,263.0,278.0,299.5,inferred
County Durham,2021-07-28,172.0,192.0,205.0,210.0,214.0,221.6,230.0,237.0,245.0,250.0,256.0,269.0,293.0,inferred
County Durham,2021-07-29,162.5,180.0,191.0,196.0,200.0,207.0,214.0,222.0,229.0,234.0,237.2,252.0,274.5,inferred
County Durham,2021-07-30,140.5,157.0,169.0,173.0,178.0,185.0,191.0,199.0,207.0,211.0,216.0,230.0,247.0,inferred
County Durham,2021-07-31,112.0,127.9,137.0,141.0,144.0,151.0,157.0,163.0,170.0,173.0,177.2,190.0,211.0,inferred
County Durham,2021-08-01,119.0,133.0,144.0,147.0,150.0,157.0,164.0,170.0,176.0,180.0,185.0,198.0,218.0,inferred
County Durham,2021-08-02,166.0,184.0,196.0,202.0,206.0,214.0,222.0,229.0,239.0,244.0,248.0,260.0,282.0,inferred
County Durham,2021-08-03,156.0,174.0,185.0,189.0,193.0,200.0,208.0,215.0,223.0,227.0,233.0,247.1,268.0,inferred
County Durham,2021-08-04,153.0,171.0,184.0,189.0,192.7,200.0,207.0,212.0,221.0,226.0,232.0,245.0,270.0,inferred
County Durham,2021-08-05,148.0,166.0,177.0,181.0,184.0,193.0,199.0,208.0,216.0,220.0,225.2,238.0,263.6,inferred
County Durham,2021-08-06,137.0,151.0,163.0,167.0,171.0,178.0,185.0,191.0,199.0,203.0,209.0,221.0,241.0,inferred
County Durham,2021-08-07,112.0,124.0,135.0,139.0,143.0,149.0,155.0,162.0,169.0,172.0,177.0,189.0,208.0,inferred
County Durham,2021-08-08,118.0,133.0,143.0,148.0,151.0,158.0,163.0,170.0,177.0,181.0,186.0,199.0,215.5,inferred
County Durham,2021-08-09,173.5,189.9,201.0,205.0,209.0,218.0,225.0,234.0,242.3,248.0,253.0,268.0,290.0,inferred
County Durham,2021-08-10,159.0,178.0,191.0,195.0,199.0,206.0,213.0,221.0,229.0,234.0,240.0,256.0,277.0,inferred
County Durham,2021-08-11,163.0,180.0,191.0,196.0,200.0,207.0,215.0,223.0,232.0,236.0,241.0,253.0,279.5,inferred
County Durham,2021-08-12,159.5,176.0,186.0,190.0,194.0,201.0,208.0,216.0,224.0,228.0,234.0,247.1,270.5,inferred
County Durham,2021-08-13,142.0,161.0,172.0,176.0,180.0,188.0,195.0,201.0,209.0,213.0,219.0,232.0,256.5,inferred
County Durham,2021-08-14,119.0,134.0,145.0,148.0,153.0,158.0,165.0,171.0,178.0,181.0,186.0,199.0,220.0,inferred
County Durham,2021-08-15,128.5,144.0,155.0,158.8,162.0,169.0,175.0,182.0,190.0,194.0,199.0,211.0,230.0,inferred
County Durham,2021-08-16,187.0,209.0,221.0,226.0,230.0,239.0,247.0,255.0,263.0,268.0,274.0,290.0,314.0,inferred
County Durham,2021-08-17,177.0,194.0,206.0,211.0,215.0,225.0,232.0,240.0,248.0,253.0,258.0,271.0,294.5,inferred
County Durham,2021-08-18,178.0,196.0,210.0,214.0,218.0,226.0,234.0,241.0,249.3,254.0,259.0,273.0,296.0,inferred
County Durham,2021-08-19,172.0,189.0,201.0,205.8,210.0,219.0,226.0,235.0,242.0,247.0,252.0,264.1,286.5,inferred
County Durham,2021-08-20,156.0,173.0,185.0,189.0,193.0,200.0,207.0,215.0,223.0,227.0,231.0,249.0,272.0,inferred
County Durham,2021-08-21,130.0,144.9,155.0,159.0,163.0,171.0,176.0,183.0,189.3,193.0,198.0,212.0,233.0,inferred
County Durham,2021-08-22,137.5,155.0,164.0,168.8,173.0,180.0,187.0,195.0,202.0,206.0,211.0,222.0,241.5,inferred
County Durham,2021-08-23,201.0,221.0,234.0,239.0,244.0,253.0,261.0,270.0,280.0,286.0,292.0,306.0,330.5,inferred
County Durham,2021-08-24,193.0,210.0,222.0,228.0,233.0,242.0,250.0,259.0,268.0,273.0,279.0,294.1,324.5,inferred
County Durham,2021-08-25,198.0,219.0,230.0,236.0,241.0,250.0,259.0,266.0,275.0,281.0,287.0,302.0,325.5,inferred
County Durham,2021-08-26,195.0,216.0,228.0,233.0,237.7,247.0,255.0,262.0,270.0,276.0,282.0,298.0,320.0,inferred
County Durham,2021-08-27,185.0,202.0,214.0,219.0,223.0,231.0,239.0,247.0,255.3,260.0,265.0,280.1,303.0,inferred
County Durham,2021-08-28,156.5,174.0,185.0,189.0,192.0,200.0,208.0,215.0,222.0,227.0,232.0,246.1,267.5,inferred
County Durham,2021-08-29,169.0,188.0,201.0,206.0,210.0,217.0,225.0,233.0,241.0,245.0,250.0,262.0,286.0,inferred
County Durham,2021-08-30,256.5,280.0,294.0,299.0,304.0,313.0,321.0,331.0,342.0,347.0,353.0,370.0,396.0,inferred
County Durham,2021-08-31,245.0,268.0,282.0,287.0,292.0,303.0,311.0,321.0,331.0,335.0,342.0,358.0,388.0,inferred
County Durham,2021-09-01,251.0,277.0,293.0,299.0,304.0,312.0,321.0,328.4,338.0,343.0,350.0,366.0,396.5,inferred
County Durham,2021-09-02,248.0,270.0,286.0,292.0,297.0,306.0,314.0,323.0,333.0,337.0,343.0,359.0,383.0,inferred
County Durham,2021-09-03,235.0,256.0,268.8,274.0,279.0,289.0,297.0,305.0,314.0,320.0,327.0,345.0,367.5,inferred
County Durham,2021-09-04,197.0,214.0,228.0,234.0,238.0,248.0,255.0,264.0,272.0,276.2,282.0,295.1,319.5,inferred
County Durham,2021-09-05,213.0,234.0,247.0,253.0,259.0,267.0,275.0,284.0,293.0,299.0,305.0,318.0,347.0,inferred
County Durham,2021-09-06,313.5,339.0,356.0,363.0,369.0,379.0,389.5,400.0,411.0,417.0,424.0,443.0,474.5,inferred
County Durham,2021-09-07,290.5,314.9,331.0,336.0,342.0,352.6,363.0,373.0,383.0,388.0,396.0,412.0,438.0,inferred
County Durham,2021-09-08,280.0,303.0,317.8,324.0,329.0,339.0,349.0,359.0,370.0,375.0,382.0,398.0,425.0,inferred
County Durham,2021-09-09,249.0,274.9,287.0,293.0,299.0,308.0,318.0,327.0,337.0,342.0,349.2,366.0,390.0,inferred
County Durham,2021-09-10,217.5,238.0,249.0,254.0,258.0,267.0,275.0,284.0,293.0,298.0,303.0,320.0,343.0,inferred
County Durham,2021-09-11,166.0,184.0,195.0,201.0,204.0,212.0,220.0,228.0,235.0,239.0,245.0,258.1,282.5,inferred
County Durham,2021-09-12,166.9,187.0,197.0,201.0,205.0,213.0,220.0,228.0,237.0,241.0,246.0,261.0,286.0,inferred
County Durham,2021-09-13,226.5,250.0,264.8,270.0,275.0,285.0,293.0,303.0,313.0,317.0,324.0,340.0,365.5,inferred
County Durham,2021-09-14,211.0,231.0,243.0,249.0,254.0,263.0,272.0,280.0,290.0,295.0,301.0,318.0,344.0,inferred
County Durham,2021-09-15,217.5,240.0,253.0,258.0,262.0,271.0,279.0,289.0,300.0,305.0,311.0,326.0,349.5,inferred
County Durham,2021-09-16,216.5,235.9,251.0,257.0,262.0,271.0,278.5,288.0,296.0,302.0,307.0,321.0,349.0,inferred
County Durham,2021-09-17,208.0,226.0,239.0,244.0,249.0,258.6,266.0,274.0,283.0,287.0,293.0,307.0,335.0,inferred
County Durham,2021-09-18,176.0,194.0,205.0,210.0,214.0,220.0,228.0,235.0,244.0,248.0,254.0,269.0,292.0,inferred
County Durham,2021-09-19,194.0,212.0,224.0,229.0,233.0,241.0,249.0,256.0,265.3,270.0,277.0,292.0,316.0,inferred
County Durham,2021-09-20,285.0,308.0,324.0,330.0,335.0,345.0,354.5,366.0,377.0,382.0,389.0,405.1,432.5,inferred
County Durham,2021-09-21,268.0,289.0,304.0,311.0,315.0,325.0,335.0,345.0,356.0,361.0,367.0,387.0,419.0,inferred
County Durham,2021-09-22,260.5,283.0,298.0,304.0,308.0,317.0,326.0,337.0,347.0,352.2,359.0,376.0,405.5,inferred
County Durham,2021-09-23,241.0,263.0,279.0,283.0,288.0,298.0,305.0,314.0,324.0,329.0,334.0,351.0,378.0,inferred
County Durham,2021-09-24,214.0,230.0,244.0,250.0,254.7,262.0,272.5,282.0,291.3,298.0,304.0,318.0,341.0,inferred
County Durham,2021-09-25,168.0,187.0,200.0,205.0,209.0,217.0,225.0,232.0,240.0,244.0,250.0,262.0,286.0,inferred
County Durham,2021-09-26,179.0,195.0,206.0,210.0,215.0,223.0,231.0,238.0,246.3,251.0,256.0,270.0,293.0,inferred
County Durham,2021-09-27,244.0,266.0,279.0,285.0,289.0,298.0,307.0,318.0,328.0,334.0,342.0,358.0,386.0,inferred
County Durham,2021-09-28,223.0,243.0,259.0,264.0,269.0,279.0,287.0,297.0,306.0,312.0,318.0,337.0,365.0,inferred
County Durham,2021-09-29,227.5,245.0,259.0,265.0,270.0,279.0,288.0,297.0,306.0,311.0,317.0,333.0,358.0,inferred
County Durham,2021-09-30,214.5,235.0,251.0,256.0,260.0,268.0,276.0,286.0,294.0,299.0,305.0,319.0,345.0,inferred
County Durham,2021-10-01,199.0,217.0,229.0,234.0,239.0,248.0,255.5,263.0,271.0,276.0,283.0,298.0,322.5,inferred
County Durham,2021-10-02,162.0,179.0,190.0,195.0,199.0,207.0,214.0,222.0,231.0,235.0,241.0,254.0,276.5,inferred
County Durham,2021-10-03,172.9,190.0,203.0,207.8,212.0,220.0,229.0,236.0,245.0,249.0,255.0,268.0,292.5,inferred
County Durham,2021-10-04,252.5,273.0,287.0,293.0,298.7,309.0,319.0,328.0,339.0,343.0,350.0,369.0,398.0,inferred
County Durham,2021-10-05,241.0,261.0,274.0,280.0,286.0,295.0,304.0,313.0,322.0,328.0,334.0,353.0,380.0,inferred
County Durham,2021-10-06,246.0,269.0,283.0,290.0,295.0,304.0,313.0,322.0,331.0,337.0,343.2,361.0,391.0,inferred
County Durham,2021-10-07,247.0,268.0,283.0,289.0,294.0,302.0,312.0,320.0,329.0,335.0,341.0,358.0,382.5,inferred
County Durham,2021-10-08,231.0,254.0,267.8,273.0,278.0,288.0,296.5,305.0,312.0,317.0,325.0,340.1,360.0,inferred
County Durham,2021-10-09,200.0,220.0,234.0,239.0,244.0,253.0,260.0,267.0,275.0,280.0,286.0,301.0,326.0,inferred
County Durham,2021-10-10,220.0,241.0,255.0,261.0,266.0,274.0,283.0,292.0,302.0,308.0,314.0,329.0,353.5,inferred
County Durham,2021-10-11,328.5,354.0,372.8,379.0,385.0,396.0,404.0,414.0,425.0,431.0,438.2,461.0,492.5,inferred
County Durham,2021-10-12,309.0,334.0,348.0,355.0,361.0,371.0,382.0,394.0,405.0,410.0,417.0,436.0,468.5,inferred
County Durham,2021-10-13,304.5,326.9,344.0,351.0,357.0,369.0,380.0,390.0,400.0,406.0,412.0,432.0,462.0,inferred
County Durham,2021-10-14,276.0,304.0,321.0,327.0,331.0,343.0,352.0,362.0,371.0,377.0,383.0,403.0,430.5,inferred
County Durham,2021-10-15,244.0,265.0,283.8,289.0,295.0,304.0,315.0,325.0,336.0,342.0,348.0,365.1,395.0,inferred
Coventry,2021-07-03,91.0,102.0,109.0,111.0,114.0,120.0,125.0,130.0,135.0,137.0,141.0,151.0,166.5,inferred
Coventry,2021-07-04,106.0,117.0,126.0,129.0,132.0,138.0,143.0,149.0,155.0,158.0,161.0,172.0,189.0,inferred
Coventry,2021-07-05,161.0,177.0,186.0,190.0,193.0,200.0,206.0,212.0,218.0,222.0,227.0,237.0,254.0,inferred
Coventry,2021-07-06,165.0,180.9,190.0,193.0,197.0,202.0,208.0,214.0,221.0,224.0,228.0,239.0,257.0,inferred
Coventry,2021-07-07,184.0,199.0,208.0,212.0,215.0,221.0,227.0,233.0,240.0,243.0,247.2,259.0,276.5,inferred
Coventry,2021-07-08,194.0,209.0,219.0,222.0,226.0,233.0,239.0,246.0,252.0,256.2,260.0,271.1,291.0,inferred
Coventry,2021-07-09,188.5,203.0,214.0,218.0,221.0,228.0,234.0,240.0,247.0,251.0,256.0,267.0,287.0,inferred
Coventry,2021-07-10,176.5,191.0,200.0,204.0,207.0,213.0,219.0,224.0,230.0,235.0,239.0,250.0,265.0,inferred
Coventry,2021-07-11,205.0,220.0,231.0,235.0,240.0,247.0,254.0,260.0,268.0,273.0,277.0,290.0,308.0,inferred
Coventry,2021-07-12,311.5,332.0,346.0,352.0,356.0,365.0,373.0,382.0,391.0,396.0,401.0,416.1,437.0,inferred
Coventry,2021-07-13,302.0,323.0,336.0,342.0,346.0,355.0,363.0,370.0,380.0,387.0,392.0,407.1,431.0,inferred
Coventry,2021-07-14,296.0,317.9,331.0,336.0,341.0,350.0,358.0,367.0,377.0,382.0,387.0,403.0,424.5,inferred
Coventry,2021-07-15,280.0,297.9,309.0,314.0,318.0,326.6,334.0,343.0,352.0,357.0,362.0,378.0,397.5,inferred
Coventry,2021-07-16,239.0,255.0,267.0,271.0,275.0,282.0,289.0,295.4,303.0,309.0,313.0,327.0,349.0,inferred
Coventry,2021-07-17,194.0,207.0,218.0,222.0,225.0,232.0,238.0,245.0,252.0,255.0,260.0,272.0,296.0,inferred
Coventry,2021-07-18,198.0,213.0,224.0,228.0,233.0,239.0,246.0,252.0,259.0,262.0,267.0,279.0,297.0,inferred
Coventry,2021-07-19,261.0,280.9,294.0,300.0,304.0,313.0,321.0,329.0,338.0,342.0,347.2,361.0,386.0,inferred
Coventry,2021-07-20,235.0,251.0,263.0,268.0,272.0,280.0,286.0,293.0,301.0,306.0,311.0,323.0,345.0,inferred
Coventry,2021-07-21,208.0,226.0,237.0,242.0,247.0,253.0,260.0,266.0,274.0,278.0,283.2,296.0,318.0,inferred
Coventry,2021-07-22,180.0,196.0,208.0,212.0,215.0,222.0,228.0,235.0,241.0,245.0,249.0,262.0,279.5,inferred
Coventry,2021-07-23,147.0,158.0,167.0,171.0,174.0,179.0,185.0,191.0,197.0,200.0,204.0,214.0,230.5,inferred
Coventry,2021-07-24,108.0,119.0,126.0,129.0,133.0,137.0,142.0,147.0,152.0,155.0,158.0,168.0,183.0,inferred
Coventry,2021-07-25,101.0,113.0,121.0,124.0,127.0,132.0,137.0,141.0,147.0,150.0,154.0,161.0,175.5,inferred
Coventry,2021-07-26,130.0,143.0,151.0,155.0,158.0,164.0,169.5,175.0,181.0,185.0,188.0,197.0,215.0,inferred
Coventry,2021-07-27,115.0,126.0,136.0,139.0,142.0,147.0,153.0,158.0,164.0,167.0,170.0,180.0,196.5,inferred
Coventry,2021-07-28,115.0,127.0,136.0,139.8,142.0,148.0,153.0,158.0,164.0,167.0,171.0,180.0,194.0,inferred
Coventry,2021-07-29,113.0,126.0,134.0,137.0,141.0,146.0,151.0,156.0,161.0,165.0,167.0,177.0,190.5,inferred
Coventry,2021-07-30,104.0,116.0,123.0,126.0,128.0,133.0,137.0,143.0,147.0,151.0,155.0,165.0,178.0,inferred
Coventry,2021-07-31,88.0,97.0,104.0,107.0,110.0,115.0,119.0,123.0,128.0,131.0,134.0,143.0,156.0,inferred
Coventry,2021-08-01,96.0,106.0,114.0,117.0,119.0,124.0,129.0,133.0,139.0,142.0,145.0,154.0,169.0,inferred
Coventry,2021-08-02,134.5,148.0,158.0,161.0,165.0,170.0,176.0,183.0,188.0,191.0,195.0,204.0,222.0,inferred
Coventry,2021-08-03,128.0,141.0,151.0,154.0,157.0,164.0,169.0,174.0,180.0,183.0,186.0,196.0,214.5,inferred
Coventry,2021-08-04,127.5,142.0,151.0,154.0,158.0,164.0,170.0,175.0,181.0,185.0,188.0,198.1,214.5,inferred
Coventry,2021-08-05,127.0,140.0,149.0,153.0,155.0,161.0,166.0,172.0,178.0,181.0,185.0,195.0,211.0,inferred
Coventry,2021-08-06,114.0,127.0,135.0,138.0,141.0,146.0,152.0,157.0,163.0,166.0,169.0,177.1,193.0,inferred
Coventry,2021-08-07,95.5,107.0,115.0,118.0,121.0,125.0,130.0,135.0,139.0,142.0,146.0,155.0,169.0,inferred
Coventry,2021-08-08,107.0,117.0,125.0,128.0,131.0,137.0,141.0,146.0,151.0,155.0,158.0,169.0,183.0,inferred
Coventry,2021-08-09,146.0,163.0,173.0,176.0,180.0,186.0,192.0,198.0,205.0,209.0,213.0,224.1,242.0,inferred
Coventry,2021-08-10,142.0,155.0,165.0,169.0,172.0,178.0,183.0,188.0,195.0,199.0,203.0,214.0,229.5,inferred
Coventry,2021-08-11,144.0,159.0,168.0,171.0,174.7,179.0,185.0,191.0,197.0,201.0,205.0,216.0,231.0,inferred
Coventry,2021-08-12,138.0,153.0,162.0,165.0,168.0,173.0,178.0,184.0,189.0,193.0,196.0,206.0,222.5,inferred
Coventry,2021-08-13,124.0,135.9,144.0,147.0,150.0,156.0,160.0,165.4,171.0,175.0,179.0,188.1,205.0,inferred
Coventry,2021-08-14,102.0,114.0,121.0,124.0,126.0,131.0,137.0,141.0,147.0,149.0,153.0,163.0,178.0,inferred
Coventry,2021-08-15,110.0,122.0,129.0,132.0,135.0,141.0,146.0,150.0,156.0,160.0,164.0,173.0,189.0,inferred
Coventry,2021-08-16,152.0,168.0,178.0,182.0,185.0,191.0,197.0,202.0,209.0,213.0,216.0,227.0,246.0,inferred
Coventry,2021-08-17,145.0,159.0,169.0,172.0,176.0,182.0,188.0,194.0,200.0,203.0,206.0,218.0,235.5,inferred
Coventry,2021-08-18,146.0,160.0,169.0,173.0,176.0,183.0,189.0,194.0,200.0,203.0,208.0,219.0,236.0,inferred
Coventry,2021-08-19,141.0,155.0,163.0,167.0,170.0,177.0,182.0,187.0,194.0,197.0,201.0,211.0,226.0,inferred
Coventry,2021-08-20,124.0,139.0,147.0,150.0,153.0,158.0,163.0,169.0,175.0,178.0,182.0,192.0,208.0,inferred
Coventry,2021-08-21,104.0,116.0,125.0,128.0,131.0,136.0,141.0,147.0,152.0,155.0,158.0,167.0,181.5,inferred
Coventry,2021-08-22,114.5,125.9,133.8,137.0,139.0,145.0,150.0,154.0,160.0,163.0,167.0,177.0,192.5,inferred
Coventry,2021-08-23,158.5,173.0,183.0,186.0,190.0,196.0,203.0,209.0,216.0,220.0,225.0,236.0,253.0,inferred
Coventry,2021-08-24,147.0,163.0,172.0,176.0,179.0,185.0,191.0,197.0,203.0,207.0,211.0,224.0,239.5,inferred
Coventry,2021-08-25,149.0,161.0,171.0,175.0,178.0,184.0,190.0,196.0,203.0,205.2,209.0,221.0,238.0,inferred
Coventry,2021-08-26,139.0,153.0,164.0,167.0,170.7,176.0,181.0,186.0,192.0,195.0,199.0,209.0,224.5,inferred
Coventry,2021-08-27,124.0,136.0,144.0,147.0,150.0,156.0,161.0,166.0,172.0,175.0,179.0,189.0,206.0,inferred
Coventry,2021-08-28,103.5,114.0,122.0,124.0,126.0,132.0,137.0,141.0,146.0,149.0,151.2,162.0,176.5,inferred
Coventry,2021-08-29,106.0,118.0,126.0,129.0,132.0,137.0,142.0,147.0,153.0,156.0,160.0,169.0,183.0,inferred
Coventry,2021-08-30,150.5,163.0,173.0,176.0,180.0,186.0,192.0,199.0,205.0,209.0,213.0,223.1,240.0,inferred
Coventry,2021-08-31,143.0,157.0,166.0,170.0,172.0,178.0,184.0,190.0,196.3,200.0,204.0,215.0,234.0,inferred
Coventry,2021-09-01,147.0,161.0,170.0,174.0,177.7,183.0,189.0,195.0,201.0,205.0,209.0,220.0,234.0,inferred
Coventry,2021-09-02,145.0,161.0,169.0,173.0,176.0,183.0,189.0,194.0,201.0,204.0,209.0,219.1,236.5,inferred
Coventry,2021-09-03,134.0,148.0,158.0,161.0,164.7,170.0,175.0,181.0,186.0,191.0,194.0,205.0,221.0,inferred
Coventry,2021-09-04,116.0,128.0,137.0,140.0,143.0,148.0,154.0,159.0,165.0,168.0,172.0,180.0,196.0,inferred
Coventry,2021-09-05,130.0,142.0,151.0,155.0,157.0,163.0,169.0,174.0,180.0,183.2,186.0,196.0,211.0,inferred
Coventry,2021-09-06,183.5,198.0,209.0,213.0,217.0,225.0,230.0,237.0,245.0,249.0,254.0,266.0,285.5,inferred
Coventry,2021-09-07,170.0,186.0,197.0,201.0,204.0,211.0,219.0,225.0,232.0,235.0,239.0,250.0,269.0,inferred
Coventry,2021-09-08,163.5,179.0,190.0,194.0,197.7,204.0,210.0,216.4,224.0,227.0,232.0,243.0,264.0,inferred
Coventry,2021-09-09,148.5,165.0,176.0,179.0,182.0,189.0,195.0,200.0,206.0,210.0,214.0,225.0,244.0,inferred
Coventry,2021-09-10,130.0,142.0,152.0,155.0,158.0,162.6,168.0,173.0,179.0,182.0,186.0,197.0,212.0,inferred
Coventry,2021-09-11,101.0,113.0,120.0,123.0,126.0,132.0,136.0,141.0,146.0,149.2,153.0,161.0,176.0,inferred
Coventry,2021-09-12,105.0,115.0,123.0,126.0,129.0,134.0,138.0,143.0,148.0,151.0,155.0,164.0,177.0,inferred
Coventry,2021-09-13,140.0,152.0,161.0,165.0,168.0,174.0,180.0,186.0,192.0,196.0,200.2,211.0,229.5,inferred
Coventry,2021-09-14,131.0,146.0,156.0,159.0,162.0,167.0,173.0,178.0,184.0,188.0,191.0,201.0,219.0,inferred
Coventry,2021-09-15,138.0,153.0,163.0,167.0,170.0,175.0,181.0,187.0,192.0,196.0,199.2,211.0,224.5,inferred
Coventry,2021-09-16,144.0,158.0,168.0,171.0,175.0,181.0,187.0,192.0,198.0,202.0,206.0,216.0,232.0,inferred
Coventry,2021-09-17,138.0,151.0,160.0,163.0,166.0,172.0,177.0,182.0,188.0,192.0,196.0,207.0,223.5,inferred
Coventry,2021-09-18,123.0,135.0,143.0,146.8,149.0,154.0,160.0,165.4,171.0,174.0,178.0,187.0,202.5,inferred
Coventry,2021-09-19,140.5,153.0,162.0,165.0,169.0,174.0,179.0,185.0,192.0,194.0,198.0,209.0,224.0,inferred
Coventry,2021-09-20,201.0,220.0,233.0,237.0,242.0,249.0,255.0,261.0,269.0,273.0,279.0,292.0,311.0,inferred
Coventry,2021-09-21,196.0,211.0,223.0,228.0,231.0,238.0,246.0,253.0,260.0,263.2,268.0,280.0,300.0,inferred
Coventry,2021-09-22,196.0,213.0,225.0,229.0,233.0,239.0,245.0,252.0,260.0,265.0,269.0,281.0,301.0,inferred
Coventry,2021-09-23,190.0,204.0,214.0,218.0,221.0,228.0,233.5,239.0,246.0,249.0,254.0,265.0,286.5,inferred
Coventry,2021-09-24,166.0,179.0,188.0,191.0,195.0,202.0,208.5,216.0,222.0,225.0,229.0,240.0,255.0,inferred
Coventry,2021-09-25,137.0,150.0,159.0,163.0,165.0,171.0,176.0,182.0,187.0,191.0,196.0,206.0,222.0,inferred
Coventry,2021-09-26,143.5,158.0,168.0,172.0,175.0,181.0,186.0,191.0,198.0,201.0,205.0,215.0,232.0,inferred
Coventry,2021-09-27,199.0,217.0,228.0,233.0,237.0,244.0,251.0,257.0,265.0,270.0,274.0,287.1,309.0,inferred
Coventry,2021-09-28,187.5,203.9,214.0,218.0,222.0,229.0,236.0,242.0,248.0,252.0,256.0,268.0,285.0,inferred
Coventry,2021-09-29,185.5,203.0,212.0,216.0,220.0,227.0,234.0,241.0,247.0,251.0,256.0,269.0,285.0,inferred
Coventry,2021-09-30,179.0,194.0,205.0,210.0,213.0,219.0,225.0,232.0,239.0,244.0,248.0,258.0,274.0,inferred
Coventry,2021-10-01,158.0,173.0,182.8,186.0,190.0,196.0,201.0,208.0,214.0,218.0,221.2,232.0,250.5,inferred
Coventry,2021-10-02,131.0,144.0,153.0,156.0,159.7,165.0,171.0,176.0,182.0,184.2,188.0,198.0,215.5,inferred
Coventry,2021-10-03,138.0,153.0,162.0,166.0,170.0,174.0,180.0,187.0,192.0,196.0,199.0,209.0,224.0,inferred
Coventry,2021-10-04,193.0,210.0,220.0,224.0,227.0,235.0,241.0,248.0,256.0,260.0,264.0,276.0,297.0,inferred
Coventry,2021-10-05,181.5,197.0,208.0,212.0,216.0,222.6,228.0,235.0,242.0,247.0,251.2,263.0,282.0,inferred
Coventry,2021-10-06,180.0,199.0,208.0,212.0,216.0,222.0,229.0,236.0,243.0,246.0,250.0,261.0,282.5,inferred
Coventry,2021-10-07,176.0,192.0,204.0,208.0,212.0,218.6,225.5,232.0,239.0,242.0,246.0,257.0,276.5,inferred
Coventry,2021-10-08,161.0,174.0,183.0,186.8,190.0,196.0,202.0,208.0,215.0,217.0,222.2,234.0,250.0,inferred
Coventry,2021-10-09,134.0,146.0,155.0,159.0,162.0,168.0,173.0,179.0,184.0,188.0,192.0,201.1,218.0,inferred
Coventry,2021-10-10,145.0,157.0,167.0,171.0,174.0,181.0,187.0,193.0,199.0,203.0,207.0,217.0,236.0,inferred
Coventry,2021-10-11,202.5,220.0,231.0,236.0,240.0,248.0,255.0,262.0,270.0,273.0,278.0,291.0,311.5,inferred
Coventry,2021-10-12,192.0,209.0,222.0,225.0,230.0,236.0,242.0,249.0,257.0,261.0,266.0,279.0,298.0,inferred
Coventry,2021-10-13,192.0,209.0,221.0,225.0,230.0,238.0,245.0,251.4,259.0,263.0,268.0,281.0,302.0,inferred
Coventry,2021-10-14,187.5,203.9,215.0,220.0,223.0,230.0,237.0,244.0,252.0,256.0,261.0,273.0,295.5,inferred
Coventry,2021-10-15,161.0,178.0,191.0,196.0,200.0,208.0,216.0,223.0,230.0,234.0,239.0,254.0,274.0,inferred
Craven,2021-07-03,7.0,9.0,11.0,12.0,13.0,14.0,15.0,17.0,18.0,19.0,20.0,23.0,26.0,inferred
Craven,2021-07-04,8.0,10.0,12.0,13.0,14.0,15.0,16.0,18.0,19.0,20.0,21.0,24.0,30.0,inferred
Craven,2021-07-05,12.0,16.0,18.0,19.0,20.0,22.0,23.0,25.0,27.0,28.0,29.0,33.0,39.0,inferred
Craven,2021-07-06,13.0,16.0,19.0,20.0,21.0,22.0,24.0,26.0,28.0,29.0,30.0,33.0,38.0,inferred
Craven,2021-07-07,16.0,19.0,22.0,23.0,24.0,26.0,27.0,29.0,31.0,32.0,34.0,37.0,44.0,inferred
Craven,2021-07-08,17.0,21.0,24.0,25.0,26.0,28.0,30.0,32.0,34.0,35.0,36.0,40.0,46.0,inferred
Craven,2021-07-09,18.0,23.0,26.0,27.0,28.0,29.0,31.0,33.0,36.0,37.0,39.0,43.0,49.0,inferred
Craven,2021-07-10,17.0,21.0,24.0,25.0,26.0,28.0,30.0,32.0,34.0,36.0,37.0,41.0,48.0,inferred
Craven,2021-07-11,21.0,26.0,29.0,30.0,31.7,34.0,36.0,38.0,41.0,42.0,44.0,48.0,55.0,inferred
Craven,2021-07-12,37.0,43.0,48.0,49.0,51.0,54.0,57.0,60.0,62.0,64.0,66.0,71.0,81.0,inferred
Craven,2021-07-13,36.0,42.9,47.0,49.0,50.0,53.0,56.0,59.0,62.0,63.0,65.0,70.0,78.5,inferred
Craven,2021-07-14,35.0,42.0,47.0,49.0,50.0,53.0,56.0,58.0,62.0,64.0,66.0,71.0,78.5,inferred
Craven,2021-07-15,34.0,39.0,44.0,45.0,47.0,49.0,52.0,54.0,57.0,59.0,60.0,65.0,73.0,inferred
Craven,2021-07-16,28.0,35.0,38.0,39.0,41.0,44.0,46.0,48.0,51.0,52.0,54.0,59.0,67.0,inferred
Craven,2021-07-17,23.0,27.0,30.0,32.0,33.0,35.0,37.0,40.0,42.0,44.0,45.0,49.0,56.0,inferred
Craven,2021-07-18,23.0,27.0,31.0,32.0,34.0,36.0,38.0,40.0,43.0,44.0,46.0,50.0,56.0,inferred
Craven,2021-07-19,32.0,38.0,43.0,44.0,45.0,48.0,51.0,53.0,56.0,58.0,60.0,64.0,72.0,inferred
Craven,2021-07-20,28.0,34.0,37.0,39.0,40.0,43.0,45.0,47.0,50.0,51.0,53.0,58.0,65.0,inferred
Craven,2021-07-21,25.0,30.0,34.0,35.0,36.0,39.0,41.0,44.0,46.0,48.0,49.0,54.0,61.0,inferred
Craven,2021-07-22,20.0,25.0,29.0,30.0,31.0,33.0,35.0,38.0,40.0,41.0,43.0,47.0,55.0,inferred
Craven,2021-07-23,16.0,20.0,23.0,24.0,25.0,27.0,29.0,31.0,33.0,34.0,35.0,39.0,46.0,inferred
Craven,2021-07-24,11.0,14.0,16.0,17.0,18.0,20.0,21.0,23.0,25.0,26.0,27.0,31.0,38.0,inferred
Craven,2021-07-25,10.0,13.0,16.0,17.0,18.0,20.0,21.0,23.0,25.0,26.0,27.0,30.0,36.0,inferred
Craven,2021-07-26,14.0,17.9,21.0,22.0,22.7,24.0,26.0,28.0,30.0,31.0,33.0,36.0,42.0,inferred
Craven,2021-07-27,12.0,15.0,18.0,19.0,20.0,21.0,23.0,25.0,27.0,28.0,30.0,33.0,38.0,inferred
Craven,2021-07-28,12.0,15.0,17.8,18.0,19.0,21.0,22.0,24.0,26.0,27.0,29.0,32.0,38.0,inferred
Craven,2021-07-29,10.0,14.0,16.0,17.0,18.0,19.0,21.0,23.0,24.0,25.0,26.0,29.0,35.0,inferred
Craven,2021-07-30,8.0,12.0,14.0,15.0,15.0,17.0,18.0,20.0,22.0,23.0,24.0,27.0,31.0,inferred
Craven,2021-07-31,7.0,9.0,11.0,12.0,13.0,14.0,15.0,17.0,19.0,19.0,20.0,23.0,27.0,inferred
Craven,2021-08-01,7.0,9.0,11.0,12.0,13.0,14.0,16.0,17.0,19.0,20.0,21.0,24.0,28.5,inferred
Craven,2021-08-02,11.0,14.0,17.0,17.8,18.0,20.0,22.0,23.0,25.0,26.0,27.0,31.0,36.5,inferred
Craven,2021-08-03,9.0,13.0,15.0,16.0,17.0,19.0,20.0,22.0,24.0,25.0,26.0,30.0,35.0,inferred
Craven,2021-08-04,9.0,13.0,15.0,16.0,17.0,19.0,20.0,22.0,23.0,24.0,26.0,29.0,34.0,inferred
Craven,2021-08-05,9.0,12.0,15.0,15.8,16.0,18.0,19.0,21.0,23.0,24.0,25.0,28.0,34.0,inferred
Craven,2021-08-06,8.0,11.0,13.0,14.0,15.0,16.0,18.0,19.0,21.0,22.0,23.0,26.0,31.0,inferred
Craven,2021-08-07,6.0,9.0,10.0,11.0,12.0,13.0,15.0,16.0,18.0,18.0,19.0,22.0,27.0,inferred
Craven,2021-08-08,7.0,10.0,12.0,13.0,13.0,15.0,16.0,18.0,19.0,20.0,21.0,24.0,29.0,inferred
Craven,2021-08-09,11.0,15.0,17.0,18.0,19.0,21.0,22.0,24.0,26.0,27.0,29.0,32.0,38.0,inferred
Craven,2021-08-10,10.0,14.0,16.0,17.0,18.0,20.0,22.0,23.0,25.0,26.0,27.0,31.0,36.0,inferred
Craven,2021-08-11,11.0,14.0,17.0,18.0,19.0,21.0,22.0,24.0,26.0,27.0,29.0,32.0,36.0,inferred
Craven,2021-08-12,11.0,14.0,17.0,18.0,19.0,20.0,22.0,23.0,25.0,26.0,28.0,31.0,37.0,inferred
Craven,2021-08-13,11.0,14.0,16.0,17.0,17.0,19.0,21.0,22.0,24.0,25.0,26.0,30.0,35.0,inferred
Craven,2021-08-14,9.0,12.0,14.0,14.0,15.0,16.0,18.0,19.0,21.0,22.0,23.0,26.0,31.0,inferred
Craven,2021-08-15,9.0,12.0,14.0,15.0,16.0,18.0,19.0,21.0,23.0,24.0,25.0,28.0,34.0,inferred
Craven,2021-08-16,15.0,19.0,22.0,23.0,24.0,25.0,27.0,29.0,31.0,33.0,34.0,38.0,43.0,inferred
Craven,2021-08-17,14.0,18.0,21.0,22.0,23.0,25.0,27.0,29.0,31.0,32.0,33.0,37.0,44.0,inferred
Craven,2021-08-18,15.0,18.0,21.0,22.0,24.0,26.0,27.0,29.0,31.0,33.0,34.0,38.0,44.0,inferred
Craven,2021-08-19,14.0,18.0,21.0,22.0,23.0,25.0,27.0,28.0,30.0,32.0,33.0,36.0,42.0,inferred
Craven,2021-08-20,13.0,16.0,19.0,20.0,21.0,23.0,25.0,26.0,28.0,29.0,31.0,34.0,40.0,inferred
Craven,2021-08-21,11.0,14.0,16.0,17.0,18.0,19.0,21.0,22.0,24.0,25.0,27.0,30.0,35.0,inferred
Craven,2021-08-22,11.0,15.0,17.0,18.0,19.0,21.0,23.0,24.0,26.0,27.0,29.0,32.0,36.0,inferred
Craven,2021-08-23,18.0,22.0,25.0,26.0,27.0,29.0,31.0,34.0,36.0,37.0,39.0,43.0,49.0,inferred
Craven,2021-08-24,16.5,21.0,24.0,25.0,26.0,28.0,30.0,32.0,34.0,35.0,36.0,41.0,48.0,inferred
Craven,2021-08-25,16.0,20.0,23.0,24.0,25.0,27.0,29.0,31.0,33.0,34.0,35.0,39.0,45.0,inferred
Craven,2021-08-26,15.0,19.0,21.0,22.0,23.0,25.0,27.0,29.0,31.0,32.0,34.0,37.0,45.0,inferred
Craven,2021-08-27,13.0,16.0,19.0,20.0,21.0,23.0,25.0,26.0,28.0,29.0,30.0,34.0,39.5,inferred
Craven,2021-08-28,9.0,12.0,15.0,16.0,17.0,18.0,20.0,22.0,23.0,25.0,26.0,29.0,34.0,inferred
Craven,2021-08-29,10.0,13.0,16.0,17.0,17.0,19.0,20.0,22.0,24.0,25.0,26.0,29.0,34.0,inferred
Craven,2021-08-30,16.0,20.0,23.0,24.0,25.0,26.0,28.0,30.0,33.0,34.0,35.0,40.0,46.0,inferred
Craven,2021-08-31,14.0,18.0,21.0,22.0,23.0,25.0,27.0,29.0,31.0,32.0,33.0,37.0,43.5,inferred
Craven,2021-09-01,14.0,18.0,21.0,22.0,23.0,24.0,26.0,28.0,30.0,31.0,32.0,36.0,42.0,inferred
Craven,2021-09-02,13.0,17.0,20.0,21.0,22.0,24.0,25.0,27.0,29.0,30.0,31.0,35.0,41.0,inferred
Craven,2021-09-03,11.0,15.0,18.0,19.0,19.0,21.0,22.0,24.0,26.0,27.0,28.0,32.0,37.0,inferred
Craven,2021-09-04,8.0,11.0,13.0,14.0,15.0,17.0,18.5,20.0,22.0,23.0,24.0,27.0,32.0,inferred
Craven,2021-09-05,9.0,12.0,14.0,15.0,16.0,17.0,19.0,20.0,22.0,23.0,24.0,28.0,33.0,inferred
Craven,2021-09-06,14.0,17.0,20.0,21.0,22.0,24.0,26.0,28.0,30.0,31.0,33.0,36.0,42.0,inferred
Craven,2021-09-07,12.0,16.0,18.0,19.0,20.0,22.0,24.0,26.0,28.0,29.0,30.0,34.0,39.0,inferred
Craven,2021-09-08,12.0,15.0,18.0,19.0,20.0,22.0,23.0,25.0,27.0,28.0,30.0,33.0,39.0,inferred
Craven,2021-09-09,11.0,15.0,17.0,18.0,19.0,20.0,22.0,23.0,25.0,26.0,28.0,31.0,37.5,inferred
Craven,2021-09-10,9.0,12.0,15.0,16.0,16.0,18.0,19.0,21.0,23.0,24.0,25.0,28.0,34.0,inferred
Craven,2021-09-11,7.0,10.0,11.0,12.0,13.0,14.0,15.0,17.0,18.0,19.0,20.0,23.0,29.0,inferred
Craven,2021-09-12,6.0,9.0,12.0,12.0,13.0,15.0,16.0,18.0,19.0,20.0,21.0,24.0,28.0,inferred
Craven,2021-09-13,11.0,14.0,16.0,18.0,18.0,20.0,22.0,24.0,26.0,27.0,28.0,31.0,37.0,inferred
Craven,2021-09-14,10.0,13.0,16.0,17.0,18.0,19.0,21.0,22.0,24.0,25.0,27.0,30.0,35.0,inferred
Craven,2021-09-15,11.0,14.0,17.0,18.0,19.0,21.0,22.0,24.0,26.0,27.0,28.0,31.0,37.0,inferred
Craven,2021-09-16,11.0,15.0,17.0,18.8,19.0,21.0,23.0,25.0,26.0,27.0,29.0,33.0,39.0,inferred
Craven,2021-09-17,11.0,14.0,17.0,18.0,19.0,21.0,22.5,24.0,26.0,27.0,29.0,32.0,37.0,inferred
Craven,2021-09-18,10.0,13.0,15.0,16.0,17.0,18.0,20.0,22.0,24.0,25.0,26.0,29.0,35.0,inferred
Craven,2021-09-19,11.0,15.0,17.0,18.0,19.0,21.0,23.0,24.4,26.0,28.0,29.0,32.0,37.5,inferred
Craven,2021-09-20,19.0,23.0,26.0,28.0,29.0,31.0,33.0,35.0,37.0,39.0,40.2,44.0,50.0,inferred
Craven,2021-09-21,18.0,23.0,26.0,27.0,28.0,30.0,32.0,34.0,37.0,38.0,40.0,44.0,51.0,inferred
Craven,2021-09-22,18.0,23.0,26.0,27.0,28.0,30.0,33.0,35.0,37.0,39.0,40.0,44.0,53.0,inferred
Craven,2021-09-23,18.5,22.0,26.0,27.0,28.0,30.0,32.0,34.0,36.0,38.0,39.0,43.0,51.0,inferred
Craven,2021-09-24,16.0,21.0,24.0,25.0,26.0,28.0,30.0,32.0,34.0,36.0,37.0,40.0,47.0,inferred
Craven,2021-09-25,13.0,17.0,20.0,21.0,22.0,23.0,25.0,27.0,29.0,30.0,32.0,35.0,42.0,inferred
Craven,2021-09-26,14.0,19.0,21.0,23.0,24.0,25.6,27.0,29.0,31.0,33.0,34.0,38.0,43.0,inferred
Craven,2021-09-27,22.5,28.0,31.0,32.0,34.0,36.0,38.0,41.0,43.0,45.0,46.0,51.0,57.0,inferred
Craven,2021-09-28,22.0,26.0,29.0,31.0,32.0,34.0,36.0,39.0,41.0,42.0,44.0,48.0,56.0,inferred
Craven,2021-09-29,22.5,27.0,30.0,32.0,33.0,35.0,38.0,40.0,42.0,43.0,45.0,49.0,55.5,inferred
Craven,2021-09-30,22.0,27.0,30.0,31.0,32.0,35.0,37.0,39.0,41.0,43.0,44.0,49.0,56.0,inferred
Craven,2021-10-01,20.0,25.0,28.0,30.0,31.0,33.0,35.0,37.0,40.0,41.0,43.0,47.0,54.0,inferred
Craven,2021-10-02,17.0,21.0,24.0,25.0,26.0,28.0,30.0,32.0,34.0,35.0,36.0,40.0,47.0,inferred
Craven,2021-10-03,19.0,24.0,26.0,28.0,29.0,31.0,33.0,35.0,37.0,39.0,40.0,44.0,50.5,inferred
Craven,2021-10-04,30.0,35.0,39.0,40.0,42.0,44.0,47.0,49.0,52.0,53.0,55.0,60.0,69.0,inferred
Craven,2021-10-05,28.0,34.0,37.0,38.8,40.0,42.0,45.0,47.0,50.0,52.0,53.0,58.0,65.5,inferred
Craven,2021-10-06,27.5,34.0,38.0,39.0,40.0,43.0,45.0,47.0,50.0,52.0,54.0,59.0,67.0,inferred
Craven,2021-10-07,27.0,32.0,36.0,37.0,38.0,41.0,43.0,46.0,48.3,50.0,52.0,57.0,65.0,inferred
Craven,2021-10-08,25.0,30.0,33.0,35.0,36.0,38.0,40.0,43.0,45.0,46.0,48.0,53.0,60.0,inferred
Craven,2021-10-09,21.0,25.0,28.0,29.0,30.0,32.0,34.0,36.0,38.0,39.2,41.0,45.0,52.0,inferred
Craven,2021-10-10,23.0,27.0,30.0,31.0,32.0,34.0,36.0,38.0,41.0,42.0,44.0,48.0,55.0,inferred
Craven,2021-10-11,33.0,39.0,43.0,45.0,46.0,49.0,52.0,55.0,58.0,59.0,61.0,66.0,74.0,inferred
Craven,2021-10-12,31.0,36.0,40.8,42.0,43.0,46.0,48.0,51.0,54.0,56.0,58.0,63.0,70.0,inferred
Craven,2021-10-13,31.0,36.0,41.0,42.0,44.0,46.0,48.0,51.0,54.0,55.0,57.0,62.0,69.0,inferred
Craven,2021-10-14,28.0,33.9,38.0,39.0,41.0,44.0,46.0,48.4,52.0,53.0,55.0,59.0,67.0,inferred
Craven,2021-10-15,24.5,30.0,34.0,36.0,37.0,40.0,42.0,45.0,47.0,49.0,51.0,56.0,64.5,inferred
Crawley,2021-07-03,15.0,19.0,22.0,23.0,23.0,25.0,27.0,29.0,31.0,32.0,33.0,36.0,42.0,inferred
Crawley,2021-07-04,16.0,20.0,23.0,24.0,25.0,26.0,28.0,30.0,31.0,33.0,34.0,37.0,43.0,inferred
Crawley,2021-07-05,25.0,29.0,33.0,34.0,36.0,38.0,40.0,42.0,44.0,45.0,47.0,51.0,57.5,inferred
Crawley,2021-07-06,26.0,31.0,34.0,36.0,37.0,40.0,41.0,43.4,46.0,47.0,49.0,53.0,61.0,inferred
Crawley,2021-07-07,31.0,36.0,40.0,41.0,42.0,45.0,47.0,49.0,52.0,53.0,55.0,60.0,67.0,inferred
Crawley,2021-07-08,33.0,39.0,43.0,45.0,46.0,48.0,50.0,52.0,55.0,57.0,59.0,64.0,71.5,inferred
Crawley,2021-07-09,36.0,41.0,45.0,47.0,48.0,51.0,53.0,55.0,58.0,60.0,62.0,66.0,74.0,inferred
Crawley,2021-07-10,33.0,39.0,43.0,44.0,45.0,48.0,51.0,53.0,56.0,57.0,59.0,64.0,73.0,inferred
Crawley,2021-07-11,40.0,46.0,50.0,52.0,53.0,56.0,58.0,61.0,64.0,65.0,67.0,72.0,82.0,inferred
Crawley,2021-07-12,62.0,71.0,77.0,79.0,81.0,84.0,88.0,91.0,95.0,97.0,99.0,105.0,115.0,inferred
Crawley,2021-07-13,64.5,73.0,78.0,80.0,82.0,86.0,89.0,92.0,95.3,98.0,100.0,107.0,119.0,inferred
Crawley,2021-07-14,67.0,74.0,80.0,82.0,84.0,87.0,91.0,94.0,97.0,100.0,102.0,109.0,118.5,inferred
Crawley,2021-07-15,62.0,69.0,74.0,76.0,78.0,83.0,86.0,89.0,93.0,95.0,97.0,102.1,112.0,inferred
Crawley,2021-07-16,57.0,64.0,69.0,70.0,72.0,75.0,78.0,81.0,85.0,87.0,89.0,95.0,104.0,inferred
Crawley,2021-07-17,45.0,52.0,57.0,58.0,60.0,63.0,66.0,69.0,71.3,73.0,75.0,81.0,90.0,inferred
Crawley,2021-07-18,46.0,52.0,57.0,59.0,60.0,63.0,66.0,69.0,73.0,74.0,76.2,83.0,91.5,inferred
Crawley,2021-07-19,62.0,70.0,76.0,78.0,80.0,84.0,87.0,91.0,94.0,96.0,99.0,105.0,115.0,inferred
Crawley,2021-07-20,57.5,64.0,70.0,72.0,74.0,77.0,80.0,83.0,87.0,89.0,91.0,97.1,107.0,inferred
Crawley,2021-07-21,51.0,59.0,65.0,66.8,68.0,71.0,75.0,78.0,81.0,83.0,85.0,91.0,99.0,inferred
Crawley,2021-07-22,44.0,50.0,55.0,57.0,58.0,62.0,65.0,67.0,71.0,72.0,75.0,80.1,89.0,inferred
Crawley,2021-07-23,36.0,42.0,46.0,48.0,49.0,52.0,55.0,57.0,60.0,61.0,63.0,68.0,75.0,inferred
Crawley,2021-07-24,27.0,32.0,35.0,37.0,38.0,41.0,43.0,45.0,48.0,49.0,50.0,55.0,62.5,inferred
Crawley,2021-07-25,25.0,30.0,33.0,34.0,36.0,38.0,40.0,42.0,45.0,46.0,48.0,53.0,60.0,inferred
Crawley,2021-07-26,34.0,39.0,43.0,44.0,46.0,48.0,50.0,53.0,56.0,57.0,59.0,64.0,73.0,inferred
Crawley,2021-07-27,30.0,36.0,39.0,41.0,42.0,45.0,47.0,50.0,53.0,54.0,56.0,60.0,68.0,inferred
Crawley,2021-07-28,32.0,37.0,41.0,43.0,45.0,47.0,50.0,52.0,54.0,56.0,57.0,62.0,71.0,inferred
Crawley,2021-07-29,32.0,37.0,41.0,43.0,44.0,46.0,49.0,51.0,54.0,55.0,57.0,63.0,70.0,inferred
Crawley,2021-07-30,31.0,36.0,39.0,41.0,42.0,44.0,47.0,49.0,52.0,53.0,55.0,60.0,67.0,inferred
Crawley,2021-07-31,26.0,31.0,35.0,36.0,37.0,40.0,42.0,44.0,46.0,48.0,49.0,54.0,62.0,inferred
Crawley,2021-08-01,28.0,33.0,36.0,38.0,39.0,42.0,44.0,46.0,49.0,50.0,52.0,56.0,63.0,inferred
Crawley,2021-08-02,42.0,47.0,52.0,54.0,55.0,58.0,61.0,63.0,67.0,69.0,71.0,77.0,85.0,inferred
Crawley,2021-08-03,40.0,47.0,51.0,53.0,54.0,57.0,60.0,62.0,65.0,67.0,69.0,74.0,83.5,inferred
Crawley,2021-08-04,41.0,48.0,52.0,54.0,56.0,58.0,61.0,64.0,67.0,69.0,71.0,76.0,84.0,inferred
Crawley,2021-08-05,39.0,46.0,49.0,51.0,52.7,56.0,58.0,60.0,63.0,64.0,66.0,72.0,79.0,inferred
Crawley,2021-08-06,35.5,42.0,46.0,47.0,48.0,51.0,53.0,56.0,59.0,61.0,63.0,68.0,76.0,inferred
Crawley,2021-08-07,29.0,35.0,38.0,40.0,41.0,44.0,46.0,48.0,50.0,52.0,54.0,58.0,65.0,inferred
Crawley,2021-08-08,30.0,36.0,40.0,41.0,43.0,45.0,47.0,50.0,52.0,54.0,56.0,60.0,68.0,inferred
Crawley,2021-08-09,43.0,50.0,55.0,56.0,58.0,60.0,63.0,66.0,70.0,72.0,74.0,79.0,89.0,inferred
Crawley,2021-08-10,41.0,48.0,52.0,54.0,56.0,59.0,61.0,64.0,67.0,69.2,71.0,77.0,86.0,inferred
Crawley,2021-08-11,42.0,48.0,53.0,54.0,56.0,59.0,62.0,65.0,68.0,70.0,72.0,77.0,87.0,inferred
Crawley,2021-08-12,40.0,46.0,50.0,52.0,53.0,56.0,58.0,61.0,64.0,66.0,68.0,72.0,80.0,inferred
Crawley,2021-08-13,37.0,42.0,46.0,48.0,49.0,52.0,54.0,57.0,60.0,61.2,63.0,68.0,74.0,inferred
Crawley,2021-08-14,30.0,35.0,39.0,41.0,42.0,44.0,46.0,49.0,52.0,53.0,55.0,59.0,66.0,inferred
Crawley,2021-08-15,30.0,36.0,40.0,42.0,43.0,45.0,47.0,50.0,52.0,54.0,56.0,60.0,67.0,inferred
Crawley,2021-08-16,45.0,50.0,55.0,56.0,58.0,61.0,64.0,67.0,70.0,72.0,74.0,80.0,89.0,inferred
Crawley,2021-08-17,42.0,48.0,53.0,54.0,56.0,59.0,61.0,64.0,67.0,69.0,71.0,76.0,85.0,inferred
Crawley,2021-08-18,41.0,47.0,52.0,53.0,55.0,57.0,60.0,63.0,66.0,68.0,70.0,75.0,83.0,inferred
Crawley,2021-08-19,38.0,44.0,48.0,49.0,51.0,54.0,56.0,59.0,61.3,63.0,65.0,70.0,79.0,inferred
Crawley,2021-08-20,33.0,39.0,43.0,44.0,46.0,48.0,51.0,54.0,56.0,58.0,59.2,65.0,73.0,inferred
Crawley,2021-08-21,27.0,32.0,36.0,37.0,38.7,41.0,43.0,45.0,48.0,49.0,51.0,55.0,63.5,inferred
Crawley,2021-08-22,28.0,32.0,36.0,37.0,38.0,40.0,43.0,45.0,48.0,49.0,51.0,56.0,62.0,inferred
Crawley,2021-08-23,38.0,44.0,48.0,50.0,51.0,54.0,56.0,59.4,62.3,64.0,66.0,70.1,80.5,inferred
Crawley,2021-08-24,35.0,41.0,45.0,46.0,48.0,50.0,53.0,56.0,59.0,60.0,63.0,67.0,76.0,inferred
Crawley,2021-08-25,36.0,41.0,46.0,47.0,48.0,51.0,54.0,57.0,59.0,60.0,62.0,68.0,75.0,inferred
Crawley,2021-08-26,34.0,39.0,44.0,45.0,47.0,49.0,52.0,54.0,57.0,58.0,60.0,64.0,72.0,inferred
Crawley,2021-08-27,30.5,36.0,39.0,41.0,42.0,45.0,47.0,49.0,52.0,54.0,55.0,60.0,67.0,inferred
Crawley,2021-08-28,25.0,30.0,33.0,35.0,36.0,38.0,40.0,42.0,45.0,46.0,47.0,53.0,61.0,inferred
Crawley,2021-08-29,25.0,30.9,35.0,36.0,37.0,39.0,42.0,44.0,46.0,47.2,49.0,53.0,61.0,inferred
Crawley,2021-08-30,37.0,43.0,47.0,49.0,50.0,53.0,55.0,58.0,61.0,63.0,65.0,70.0,79.0,inferred
Crawley,2021-08-31,36.0,41.0,45.0,47.0,48.0,51.0,54.0,56.0,59.0,60.0,62.0,67.0,76.0,inferred
Crawley,2021-09-01,36.0,41.0,45.0,46.8,48.0,50.0,53.0,55.0,58.0,59.0,61.0,67.0,74.0,inferred
Crawley,2021-09-02,32.0,38.0,42.0,43.0,45.0,47.0,50.0,52.0,55.0,56.0,58.0,62.0,69.0,inferred
Crawley,2021-09-03,28.0,34.0,38.0,39.8,41.0,43.0,45.0,47.0,50.0,51.0,53.0,58.0,65.0,inferred
Crawley,2021-09-04,22.0,27.0,31.0,32.0,33.0,35.0,37.0,39.0,41.0,42.0,44.0,49.0,55.0,inferred
Crawley,2021-09-05,23.0,28.0,31.0,33.0,34.0,36.0,38.0,40.0,43.0,44.0,46.0,49.0,56.0,inferred
Crawley,2021-09-06,32.0,38.0,42.0,44.0,45.0,47.0,50.0,52.0,55.3,57.0,59.0,65.0,73.0,inferred
Crawley,2021-09-07,30.0,35.0,39.0,41.0,42.0,45.0,47.0,49.0,51.0,53.0,55.0,60.0,67.0,inferred
Crawley,2021-09-08,28.0,34.0,38.0,40.0,41.0,43.0,46.0,48.0,51.0,52.0,54.0,59.0,66.0,inferred
Crawley,2021-09-09,26.0,31.0,34.0,36.0,37.0,39.0,41.0,44.0,46.0,47.0,49.0,54.0,60.0,inferred
Crawley,2021-09-10,22.0,26.0,30.0,31.0,32.0,35.0,37.0,39.0,41.0,42.0,44.0,48.0,55.0,inferred
Crawley,2021-09-11,17.0,21.0,24.0,25.0,26.0,28.0,30.0,32.0,34.0,35.0,36.0,40.0,47.0,inferred
Crawley,2021-09-12,16.0,21.0,23.0,24.0,25.0,27.6,29.0,31.0,33.0,34.0,36.0,39.0,45.0,inferred
Crawley,2021-09-13,22.0,27.0,31.0,32.0,33.0,36.0,38.0,40.0,42.0,43.0,45.0,50.0,57.0,inferred
Crawley,2021-09-14,22.0,27.0,30.0,31.0,33.0,35.0,37.0,39.0,42.0,43.0,45.0,49.0,56.0,inferred
Crawley,2021-09-15,25.0,30.0,33.0,34.0,36.0,38.0,40.0,43.0,45.0,46.0,48.0,52.0,59.0,inferred
Crawley,2021-09-16,26.0,30.0,34.0,35.0,37.0,39.0,41.0,43.0,46.0,47.0,49.0,53.0,60.0,inferred
Crawley,2021-09-17,25.0,30.0,33.0,35.0,36.0,39.0,41.0,43.0,46.0,48.0,49.0,53.1,60.0,inferred
Crawley,2021-09-18,22.0,27.0,31.0,32.0,33.0,35.0,37.0,40.0,42.0,43.0,45.0,49.0,55.0,inferred
Crawley,2021-09-19,26.0,31.0,34.0,36.0,37.0,39.0,41.0,44.0,46.0,48.0,49.0,53.0,60.0,inferred
Crawley,2021-09-20,39.0,46.0,51.0,52.0,54.0,57.0,60.0,63.0,66.0,68.0,70.0,75.0,83.0,inferred
Crawley,2021-09-21,40.0,46.0,51.0,53.0,54.0,58.0,60.0,63.0,66.0,68.0,70.0,75.0,83.0,inferred
Crawley,2021-09-22,41.5,47.0,52.0,54.0,55.0,58.0,61.0,63.0,66.0,68.0,70.0,75.0,84.0,inferred
Crawley,2021-09-23,39.0,46.0,50.0,51.0,53.0,56.0,59.0,61.0,64.0,66.0,68.0,73.0,81.0,inferred
Crawley,2021-09-24,36.0,41.0,46.0,48.0,49.0,52.0,54.0,57.0,60.0,61.0,63.0,68.0,75.0,inferred
Crawley,2021-09-25,30.0,35.0,38.0,40.0,41.0,44.0,46.0,49.0,51.0,53.0,54.0,59.0,66.0,inferred
Crawley,2021-09-26,31.0,36.0,40.0,41.0,43.0,45.0,48.0,50.0,53.0,54.0,56.0,60.0,69.0,inferred
Crawley,2021-09-27,43.0,50.0,55.0,56.0,58.0,61.0,64.0,67.0,70.0,72.0,74.0,80.0,88.0,inferred
Crawley,2021-09-28,41.5,49.0,53.0,55.0,56.0,59.0,61.0,64.0,67.0,69.0,71.0,77.0,84.0,inferred
Crawley,2021-09-29,40.0,48.0,52.0,53.0,55.0,58.0,60.0,63.0,67.0,68.0,70.0,76.0,83.0,inferred
Crawley,2021-09-30,38.0,44.0,48.0,50.0,52.0,54.0,57.0,60.0,62.0,64.0,66.0,71.0,79.0,inferred
Crawley,2021-10-01,34.0,39.0,44.0,45.0,47.0,49.0,51.0,54.0,57.0,58.0,60.0,64.1,73.0,inferred
Crawley,2021-10-02,27.0,31.0,35.0,36.0,38.0,40.0,42.0,45.0,47.0,48.2,50.0,54.0,62.0,inferred
Crawley,2021-10-03,28.0,33.0,36.0,37.0,38.0,40.0,43.0,45.0,48.0,49.0,51.0,56.0,63.0,inferred
Crawley,2021-10-04,37.0,43.0,47.0,50.0,51.0,53.0,56.0,58.0,61.0,63.0,65.0,70.0,79.0,inferred
Crawley,2021-10-05,36.0,42.0,46.0,48.0,49.0,52.0,55.0,57.0,60.0,61.0,63.0,68.0,76.0,inferred
Crawley,2021-10-06,37.0,43.0,47.0,49.0,50.0,53.0,56.0,58.0,61.0,62.0,64.0,69.0,78.5,inferred
Crawley,2021-10-07,35.0,41.0,45.0,46.0,48.0,51.0,53.0,56.0,59.0,60.0,62.0,66.0,74.0,inferred
Crawley,2021-10-08,32.0,38.0,42.0,44.0,45.0,48.0,50.0,53.0,56.0,57.0,59.0,64.0,72.0,inferred
Crawley,2021-10-09,28.0,33.0,37.0,38.0,39.0,41.0,44.0,46.0,49.0,50.0,51.0,56.0,63.0,inferred
Crawley,2021-10-10,30.0,34.0,38.0,39.0,40.7,43.0,46.0,48.0,51.0,52.2,54.0,58.0,67.0,inferred
Crawley,2021-10-11,41.0,49.0,53.0,55.0,56.0,59.0,63.0,65.0,69.0,71.0,72.0,77.0,85.0,inferred
Crawley,2021-10-12,41.0,47.0,52.0,54.0,56.0,59.0,61.0,64.0,67.0,69.0,70.0,76.0,86.0,inferred
Crawley,2021-10-13,41.0,48.9,53.0,55.0,57.0,60.0,62.0,65.0,68.0,70.0,72.0,77.0,86.5,inferred
Crawley,2021-10-14,38.0,46.0,50.0,52.0,54.0,57.0,60.0,63.0,66.0,68.0,70.0,75.0,85.0,inferred
Crawley,2021-10-15,36.0,43.0,47.0,48.0,50.0,53.0,56.0,58.0,61.0,63.0,65.0,70.0,79.0,inferred
Croydon,2021-07-03,57.0,68.0,75.0,78.0,81.0,85.0,90.0,95.0,101.0,103.0,107.0,117.0,130.0,inferred
Croydon,2021-07-04,64.5,76.0,84.0,87.0,90.0,95.0,100.0,105.0,111.0,113.0,117.0,126.0,142.0,inferred
Croydon,2021-07-05,103.0,118.0,129.0,133.0,136.0,141.0,147.0,152.0,158.0,162.0,166.0,179.0,198.0,inferred
Croydon,2021-07-06,110.0,124.0,132.0,135.0,138.0,145.0,150.5,156.0,162.0,165.0,170.0,181.1,200.0,inferred
Croydon,2021-07-07,123.5,136.0,145.0,149.0,153.0,160.0,165.0,172.0,178.0,182.0,186.0,198.0,215.5,inferred
Croydon,2021-07-08,125.0,141.0,151.0,155.0,159.0,165.0,171.0,177.0,184.0,187.0,191.0,202.0,219.5,inferred
Croydon,2021-07-09,125.5,141.0,150.0,154.0,157.0,164.0,169.0,175.0,182.0,186.0,190.0,201.0,218.0,inferred
Croydon,2021-07-10,116.0,129.0,138.0,141.0,144.0,149.0,155.0,162.0,168.0,171.0,175.0,187.0,200.5,inferred
Croydon,2021-07-11,125.5,140.0,149.8,153.0,156.0,162.0,169.0,175.0,182.0,186.0,190.0,201.0,219.0,inferred
Croydon,2021-07-12,191.5,211.0,223.0,229.0,233.0,241.0,248.0,256.0,264.0,268.2,274.0,289.0,311.0,inferred
Croydon,2021-07-13,193.0,210.9,222.0,226.0,231.0,239.0,247.0,254.0,263.0,268.0,272.0,286.0,310.0,inferred
Croydon,2021-07-14,196.0,215.9,227.8,232.0,236.0,244.0,252.0,259.0,269.0,274.0,279.0,294.0,314.5,inferred
Croydon,2021-07-15,191.0,208.0,221.0,225.0,229.0,236.0,243.0,251.0,259.0,263.0,269.0,283.0,305.0,inferred
Croydon,2021-07-16,167.0,186.0,198.0,202.0,207.0,214.0,221.0,227.0,235.0,239.0,243.0,257.0,276.0,inferred
Croydon,2021-07-17,141.5,154.0,163.0,168.0,172.0,179.0,185.0,192.0,199.0,202.0,206.0,219.0,241.5,inferred
Croydon,2021-07-18,139.0,154.0,164.0,168.0,171.7,179.0,185.0,191.0,198.0,202.0,206.0,218.0,236.0,inferred
Croydon,2021-07-19,195.0,211.0,223.0,229.0,234.0,241.0,249.0,256.0,265.0,269.0,273.0,286.0,309.5,inferred
Croydon,2021-07-20,178.0,193.0,206.0,210.0,215.0,222.0,229.0,237.0,245.0,251.0,257.0,270.0,291.0,inferred
Croydon,2021-07-21,166.0,184.0,195.0,200.0,205.0,211.0,218.0,226.0,233.0,237.0,242.0,254.0,276.0,inferred
Croydon,2021-07-22,148.0,164.0,175.0,179.0,183.0,189.0,196.0,202.0,210.0,215.0,220.0,233.0,255.5,inferred
Croydon,2021-07-23,121.0,137.0,147.0,150.0,153.0,160.0,166.5,173.0,179.0,183.0,188.0,200.0,219.0,inferred
Croydon,2021-07-24,91.0,104.0,113.0,116.0,120.0,126.0,131.0,137.0,143.0,146.0,149.0,159.0,177.5,inferred
Croydon,2021-07-25,86.0,98.0,106.0,109.0,111.0,117.0,122.0,127.0,133.0,136.0,139.0,150.1,164.0,inferred
Croydon,2021-07-26,114.5,130.0,138.0,141.0,144.0,151.0,156.0,163.0,170.0,173.0,177.0,188.0,204.5,inferred
Croydon,2021-07-27,106.0,120.0,130.0,133.0,136.0,142.6,148.0,154.0,160.0,164.0,169.0,180.0,198.5,inferred
Croydon,2021-07-28,111.0,125.0,136.0,140.0,142.0,149.0,154.0,160.0,167.0,171.0,175.0,186.1,203.0,inferred
Croydon,2021-07-29,113.0,127.0,135.0,139.0,142.0,149.0,154.0,160.0,167.0,170.0,174.0,186.0,203.0,inferred
Croydon,2021-07-30,106.0,118.0,128.0,131.0,135.0,140.0,145.5,152.0,159.0,163.0,167.0,179.0,196.0,inferred
Croydon,2021-07-31,88.5,104.0,112.0,114.0,118.0,124.0,129.0,134.0,139.0,143.0,147.0,157.0,175.0,inferred
Croydon,2021-08-01,92.0,108.0,116.0,119.0,122.0,128.0,133.0,138.0,144.0,148.0,152.0,162.0,178.5,inferred
Croydon,2021-08-02,141.0,156.0,166.0,169.0,173.0,179.0,185.0,191.0,198.0,203.0,207.0,220.0,241.0,inferred
Croydon,2021-08-03,133.5,151.0,161.0,165.0,169.0,176.0,182.0,189.0,196.0,200.0,204.0,217.0,235.5,inferred
Croydon,2021-08-04,138.0,153.0,164.0,168.0,172.0,179.0,186.0,194.0,200.0,205.0,209.0,222.0,243.0,inferred
Croydon,2021-08-05,134.5,149.0,159.0,163.8,167.0,173.0,181.0,188.0,195.0,198.0,203.0,214.0,232.5,inferred
Croydon,2021-08-06,121.0,137.0,147.0,150.0,153.0,158.0,164.0,171.0,177.0,181.0,186.0,198.0,216.5,inferred
Croydon,2021-08-07,103.0,115.0,124.0,128.0,130.0,137.0,142.0,148.0,155.0,158.0,162.0,172.0,188.0,inferred
Croydon,2021-08-08,103.0,117.0,126.0,129.0,132.7,138.0,144.0,149.0,156.0,159.0,163.0,174.0,191.5,inferred
Croydon,2021-08-09,146.0,164.9,174.0,177.0,181.0,188.0,195.0,202.0,209.0,213.0,218.0,232.0,252.5,inferred
Croydon,2021-08-10,142.0,159.0,171.0,175.0,179.0,186.0,193.0,199.0,206.0,211.0,215.0,227.0,244.0,inferred
Croydon,2021-08-11,148.0,162.0,173.8,177.0,180.0,187.0,195.0,201.0,209.0,213.0,218.0,232.0,253.0,inferred
Croydon,2021-08-12,141.0,156.0,168.0,172.0,175.0,182.0,188.0,195.0,202.3,207.0,212.0,223.0,242.0,inferred
Croydon,2021-08-13,128.0,142.0,152.0,156.0,160.0,166.0,172.0,179.0,185.0,189.0,194.0,205.0,225.0,inferred
Croydon,2021-08-14,108.0,121.0,130.0,133.0,136.0,142.0,148.0,154.0,160.0,164.0,167.0,179.0,194.0,inferred
Croydon,2021-08-15,108.0,122.0,130.0,134.0,137.0,143.0,149.0,155.0,161.0,165.0,169.0,181.1,199.0,inferred
Croydon,2021-08-16,153.0,171.0,181.0,184.0,187.7,194.0,201.0,207.0,216.0,220.0,225.0,237.0,258.0,inferred
Croydon,2021-08-17,145.0,162.0,171.0,176.0,179.0,185.0,192.0,199.0,207.0,211.0,216.0,227.0,250.5,inferred
Croydon,2021-08-18,146.0,161.0,171.0,174.0,178.0,186.0,193.0,200.0,206.0,210.0,215.0,229.0,255.0,inferred
Croydon,2021-08-19,137.0,152.0,162.0,165.0,168.0,175.0,182.0,188.0,195.0,199.0,204.0,214.0,234.5,inferred
Croydon,2021-08-20,123.0,135.0,144.0,148.0,151.0,157.0,163.0,169.0,175.0,179.0,184.0,195.0,213.0,inferred
Croydon,2021-08-21,100.0,112.0,120.0,123.0,126.0,132.0,138.0,143.0,149.3,153.0,156.0,167.0,182.0,inferred
Croydon,2021-08-22,98.0,111.0,119.0,122.0,125.0,131.0,136.0,142.0,148.0,152.0,156.0,166.0,183.0,inferred
Croydon,2021-08-23,132.0,150.0,162.0,165.0,169.0,175.6,181.0,188.0,195.0,199.0,203.0,216.0,234.5,inferred
Croydon,2021-08-24,126.0,143.0,152.0,156.0,159.0,166.0,172.0,177.0,184.0,188.0,192.2,205.0,222.5,inferred
Croydon,2021-08-25,128.0,144.0,154.0,158.0,161.0,169.0,175.0,180.0,187.0,190.0,195.0,208.0,227.0,inferred
Croydon,2021-08-26,124.0,139.0,149.0,152.0,156.0,162.0,169.0,175.0,181.0,185.0,189.2,199.0,216.0,inferred
Croydon,2021-08-27,111.0,125.0,135.0,138.0,141.0,146.0,153.0,159.0,165.0,169.0,172.0,183.0,199.0,inferred
Croydon,2021-08-28,91.0,105.0,113.0,117.0,120.0,125.6,131.0,137.0,144.0,147.0,150.0,160.0,178.0,inferred
Croydon,2021-08-29,94.0,105.0,112.0,116.0,120.0,125.0,131.0,136.0,141.0,145.0,148.0,160.0,176.0,inferred
Croydon,2021-08-30,132.0,147.0,157.0,162.0,165.0,171.0,178.0,185.0,191.3,195.0,200.0,212.0,232.0,inferred
Croydon,2021-08-31,122.5,139.9,149.8,154.0,158.0,164.0,170.0,177.0,184.0,187.0,191.0,203.0,224.0,inferred
Croydon,2021-09-01,125.5,142.0,152.0,156.0,161.0,166.0,172.0,179.0,185.0,190.0,193.0,206.0,225.0,inferred
Croydon,2021-09-02,121.0,137.0,147.0,150.0,154.0,161.0,167.0,172.0,179.0,183.0,187.0,198.0,219.0,inferred
Croydon,2021-09-03,109.5,125.0,134.0,138.0,141.0,146.0,152.0,158.0,164.0,168.0,171.0,182.0,199.5,inferred
Croydon,2021-09-04,89.5,103.0,111.0,115.0,117.0,123.0,128.0,134.0,139.0,142.0,146.0,154.0,168.0,inferred
Croydon,2021-09-05,90.0,103.0,110.0,114.0,116.7,122.0,128.0,133.0,139.0,143.0,146.0,156.0,170.0,inferred
Croydon,2021-09-06,129.0,143.0,153.0,156.0,159.0,165.0,172.0,178.0,185.3,189.0,195.0,209.0,225.0,inferred
Croydon,2021-09-07,120.0,132.0,142.0,146.0,150.0,155.0,162.0,167.0,175.0,178.0,183.0,194.1,213.0,inferred
Croydon,2021-09-08,112.5,127.0,136.0,140.0,143.0,149.0,155.0,162.0,169.0,172.0,176.0,187.0,206.0,inferred
Croydon,2021-09-09,103.0,116.0,126.0,129.0,132.0,138.0,143.0,148.0,155.0,158.0,162.0,171.0,188.0,inferred
Croydon,2021-09-10,86.0,98.0,107.0,110.0,113.0,117.6,123.0,128.0,134.3,137.0,141.0,150.0,168.0,inferred
Croydon,2021-09-11,66.0,77.0,84.0,86.8,89.0,94.0,99.0,104.0,108.0,112.0,115.2,124.0,140.0,inferred
Croydon,2021-09-12,62.0,73.0,80.0,83.0,85.0,90.0,95.0,99.0,104.0,107.0,111.0,120.0,134.0,inferred
Croydon,2021-09-13,85.0,98.0,106.0,110.0,113.0,118.0,123.0,128.0,134.0,137.0,141.0,152.0,170.0,inferred
Croydon,2021-09-14,82.0,93.0,100.0,103.0,106.0,111.0,116.0,121.0,127.0,130.0,134.0,142.0,157.0,inferred
Croydon,2021-09-15,84.0,95.0,103.0,106.0,109.0,115.0,120.0,124.0,129.0,132.0,136.0,146.0,160.0,inferred
Croydon,2021-09-16,84.0,94.0,102.0,105.0,108.0,114.0,119.0,124.0,129.0,132.0,136.0,146.1,160.0,inferred
Croydon,2021-09-17,77.0,88.0,96.0,99.0,102.0,107.0,112.0,116.0,122.0,125.0,129.0,139.0,155.0,inferred
Croydon,2021-09-18,64.5,76.0,83.0,86.0,89.0,93.0,97.0,103.0,108.0,111.0,114.0,123.0,138.0,inferred
Croydon,2021-09-19,68.0,78.0,85.0,88.0,91.0,96.0,101.0,106.0,111.0,114.0,117.0,126.0,140.0,inferred
Croydon,2021-09-20,103.0,114.0,123.0,126.0,129.0,134.0,140.0,146.0,152.0,156.0,159.0,170.0,189.0,inferred
Croydon,2021-09-21,96.0,109.0,118.0,121.0,124.0,129.0,135.0,141.0,147.0,150.0,154.0,164.0,182.0,inferred
Croydon,2021-09-22,97.0,108.0,117.0,121.0,124.0,130.0,135.0,140.4,147.0,151.0,155.0,165.0,183.0,inferred
Croydon,2021-09-23,90.0,102.9,112.0,115.0,118.0,123.0,128.0,133.0,138.0,142.2,147.0,157.0,174.5,inferred
Croydon,2021-09-24,79.5,92.0,100.0,103.0,105.0,110.0,115.0,120.0,125.0,128.0,132.0,141.1,157.5,inferred
Croydon,2021-09-25,63.0,74.0,81.0,84.0,87.0,92.0,96.0,101.0,106.0,110.0,113.2,123.0,140.5,inferred
Croydon,2021-09-26,63.0,74.9,81.0,84.0,87.0,92.0,96.0,100.0,105.0,108.0,111.0,121.0,136.0,inferred
Croydon,2021-09-27,88.5,101.0,110.0,113.0,116.7,121.6,127.0,132.0,139.0,142.0,146.0,156.0,174.0,inferred
Croydon,2021-09-28,82.5,97.0,105.0,108.0,111.0,117.0,121.0,126.0,133.0,136.0,140.0,150.0,166.0,inferred
Croydon,2021-09-29,84.5,97.0,105.0,108.0,111.0,116.0,121.0,127.0,134.0,137.0,141.0,150.0,166.0,inferred
Croydon,2021-09-30,80.0,92.0,99.0,102.0,105.0,110.0,115.0,121.0,127.0,130.0,134.0,144.0,157.0,inferred
Croydon,2021-10-01,72.0,81.0,89.0,92.0,95.0,99.6,105.0,109.0,114.0,117.0,121.0,130.0,146.0,inferred
Croydon,2021-10-02,58.0,68.0,74.0,77.0,79.7,84.0,88.0,93.0,97.0,100.0,102.0,112.0,123.0,inferred
Croydon,2021-10-03,57.5,67.0,75.0,77.0,80.0,84.0,89.0,93.0,97.0,100.0,104.0,112.0,124.5,inferred
Croydon,2021-10-04,82.0,95.0,103.0,106.0,109.0,113.0,119.0,124.0,130.0,133.0,136.0,146.0,162.0,inferred
Croydon,2021-10-05,80.0,90.0,100.0,103.0,106.0,111.0,116.0,122.0,127.0,129.0,134.0,144.0,158.5,inferred
Croydon,2021-10-06,83.0,96.0,104.0,106.0,109.0,115.0,121.0,126.0,132.0,135.0,139.0,149.0,165.0,inferred
Croydon,2021-10-07,83.0,94.0,103.0,106.0,108.0,113.0,118.0,123.4,129.0,132.0,136.0,147.0,163.0,inferred
Croydon,2021-10-08,79.0,90.0,98.0,101.0,104.0,109.0,113.0,118.0,123.0,126.0,129.0,138.0,155.0,inferred
Croydon,2021-10-09,68.0,79.0,86.0,88.0,90.0,95.0,99.0,104.0,108.0,111.0,114.0,124.0,140.0,inferred
Croydon,2021-10-10,68.0,80.0,88.0,91.0,93.0,98.0,102.0,108.0,112.3,115.0,118.0,128.0,147.0,inferred
Croydon,2021-10-11,106.0,117.0,127.0,130.0,133.0,138.0,144.0,150.0,156.0,159.0,163.0,174.0,189.0,inferred
Croydon,2021-10-12,99.0,113.9,121.0,124.0,127.0,134.0,140.0,146.0,152.0,155.0,160.0,171.0,186.0,inferred
Croydon,2021-10-13,102.0,116.0,125.0,129.0,132.0,137.0,143.0,149.0,156.0,160.0,164.2,175.0,192.5,inferred
Croydon,2021-10-14,98.0,112.0,121.0,125.0,128.0,134.0,139.0,145.0,151.0,154.2,159.0,171.0,187.0,inferred
Croydon,2021-10-15,88.0,101.0,109.0,113.0,116.0,121.0,127.0,133.0,138.0,142.0,146.0,157.0,174.0,inferred
Dacorum,2021-07-03,33.5,39.0,43.0,45.0,46.0,49.0,51.0,54.0,56.0,58.0,60.0,65.0,72.0,inferred
Dacorum,2021-07-04,39.0,44.0,48.0,50.0,51.0,54.0,57.0,60.0,62.0,63.2,65.0,70.0,79.0,inferred
Dacorum,2021-07-05,60.0,66.0,71.0,72.0,74.0,77.0,81.0,84.0,87.0,89.0,91.0,97.0,105.0,inferred
Dacorum,2021-07-06,60.0,66.0,71.0,73.0,75.0,78.0,80.5,84.0,87.0,89.0,91.0,97.0,107.0,inferred
Dacorum,2021-07-07,65.0,72.0,77.8,80.0,81.0,84.0,88.0,90.4,94.0,96.0,98.0,103.0,113.0,inferred
Dacorum,2021-07-08,67.0,73.0,78.0,80.0,82.0,85.0,89.0,92.0,96.0,98.0,100.0,106.0,117.0,inferred
Dacorum,2021-07-09,64.0,72.0,77.0,79.0,81.0,84.0,87.0,91.0,95.0,96.0,98.0,105.0,115.0,inferred
Dacorum,2021-07-10,56.0,64.0,69.0,71.0,73.0,76.0,79.0,82.0,85.0,88.0,90.0,95.0,104.0,inferred
Dacorum,2021-07-11,62.0,71.0,77.0,79.0,81.0,84.0,87.0,91.0,94.0,97.0,98.0,104.0,113.0,inferred
Dacorum,2021-07-12,96.0,104.0,111.0,113.0,116.0,120.0,124.0,128.0,132.0,134.0,136.0,144.0,157.0,inferred
Dacorum,2021-07-13,92.0,103.0,109.0,112.0,114.0,118.0,122.0,126.0,130.0,133.0,135.0,144.0,154.0,inferred
Dacorum,2021-07-14,91.5,102.0,109.0,111.0,113.0,118.0,122.0,126.0,130.0,133.0,136.0,143.0,156.0,inferred
Dacorum,2021-07-15,86.0,95.0,102.0,105.0,107.0,111.0,115.0,119.0,123.0,125.0,127.2,134.1,146.0,inferred
Dacorum,2021-07-16,77.0,86.0,91.0,93.0,95.0,99.0,103.0,106.0,110.0,112.0,115.0,122.0,134.0,inferred
Dacorum,2021-07-17,62.0,70.0,75.0,77.0,78.0,82.0,85.0,88.0,91.0,93.0,95.0,102.0,111.0,inferred
Dacorum,2021-07-18,62.0,70.0,75.0,77.0,79.0,83.0,86.0,89.0,93.0,95.0,97.0,102.1,112.0,inferred
Dacorum,2021-07-19,84.0,94.0,100.0,102.0,104.0,108.0,112.0,116.0,120.0,123.0,126.0,133.0,145.0,inferred
Dacorum,2021-07-20,76.0,84.9,90.0,92.0,94.0,98.0,102.0,106.0,111.0,112.2,114.0,122.0,133.0,inferred
Dacorum,2021-07-21,68.0,77.0,84.0,86.0,88.0,91.0,95.0,98.0,102.0,104.0,106.0,113.0,125.0,inferred
Dacorum,2021-07-22,59.0,67.0,72.0,74.0,75.0,79.0,82.0,85.4,89.0,91.0,93.0,99.0,110.0,inferred
Dacorum,2021-07-23,48.0,55.0,59.0,61.0,63.0,66.0,69.0,71.0,75.0,77.0,78.0,84.0,91.0,inferred
Dacorum,2021-07-24,35.5,41.0,45.0,46.0,48.0,51.0,53.0,56.0,59.0,60.0,62.0,67.0,76.0,inferred
Dacorum,2021-07-25,33.0,38.9,42.0,44.0,45.0,48.0,50.0,53.0,55.0,57.0,59.0,64.0,71.5,inferred
Dacorum,2021-07-26,41.0,48.0,53.0,54.0,56.0,59.0,62.0,64.0,67.0,69.0,71.0,76.0,86.0,inferred
Dacorum,2021-07-27,38.0,44.0,48.0,50.0,51.0,54.0,57.0,59.0,62.0,63.0,65.0,70.1,79.0,inferred
Dacorum,2021-07-28,37.0,43.9,48.0,49.0,50.0,54.0,56.0,58.0,62.0,64.0,65.0,71.0,80.0,inferred
Dacorum,2021-07-29,36.0,43.0,47.0,48.0,50.0,53.0,55.0,58.0,61.0,62.0,64.0,69.0,77.0,inferred
Dacorum,2021-07-30,32.0,39.0,43.0,45.0,46.0,48.0,51.0,54.0,57.0,58.0,60.0,65.0,72.0,inferred
Dacorum,2021-07-31,26.0,32.9,37.0,38.0,39.0,41.0,43.0,45.0,48.0,49.0,51.0,56.0,63.0,inferred
Dacorum,2021-08-01,29.5,34.0,38.0,39.0,41.0,43.0,46.0,48.0,51.0,52.0,54.0,58.0,66.0,inferred
Dacorum,2021-08-02,41.0,48.0,52.0,53.0,55.0,58.0,61.0,64.4,67.0,69.0,71.0,76.0,83.0,inferred
Dacorum,2021-08-03,39.5,46.0,50.0,51.0,53.0,55.0,58.0,61.0,64.0,66.0,67.0,73.0,80.0,inferred
Dacorum,2021-08-04,40.0,47.0,51.0,53.0,54.0,57.0,60.0,62.0,65.0,67.0,68.2,74.0,83.0,inferred
Dacorum,2021-08-05,40.0,46.0,50.0,51.0,53.0,55.0,58.0,61.0,64.0,66.0,68.0,73.0,82.0,inferred
Dacorum,2021-08-06,36.0,42.0,45.0,47.0,49.0,51.0,54.0,57.0,60.0,62.0,63.0,68.0,77.0,inferred
Dacorum,2021-08-07,30.0,35.0,38.0,40.0,42.0,44.0,46.0,49.0,51.3,53.0,55.0,60.0,66.5,inferred
Dacorum,2021-08-08,32.0,37.0,41.0,43.0,44.0,47.0,49.0,51.0,54.0,56.0,57.0,62.0,70.0,inferred
Dacorum,2021-08-09,46.0,53.0,58.0,60.0,61.0,64.0,67.0,69.0,73.0,75.0,77.0,83.0,90.0,inferred
Dacorum,2021-08-10,44.0,51.0,55.0,57.0,59.0,62.0,65.0,67.0,70.0,72.0,74.0,80.0,89.0,inferred
Dacorum,2021-08-11,47.0,54.0,59.0,60.0,62.0,65.0,68.0,71.0,74.0,76.0,78.0,84.0,92.0,inferred
Dacorum,2021-08-12,46.0,53.0,57.0,59.0,60.0,63.0,66.0,69.0,72.0,74.0,76.0,82.0,89.0,inferred
Dacorum,2021-08-13,43.0,51.0,54.0,55.0,57.0,59.0,62.0,65.0,68.0,70.0,72.0,76.0,84.0,inferred
Dacorum,2021-08-14,35.0,42.0,46.0,47.0,49.0,51.0,54.0,56.0,59.0,61.0,63.0,67.0,75.0,inferred
Dacorum,2021-08-15,38.0,44.0,48.0,50.0,51.0,54.0,57.0,59.0,62.0,64.0,66.0,72.0,78.0,inferred
Dacorum,2021-08-16,55.0,62.0,67.0,69.0,71.0,75.0,78.0,81.0,84.0,86.0,89.0,94.1,105.0,inferred
Dacorum,2021-08-17,53.0,60.0,65.0,67.0,69.0,72.0,75.0,78.0,82.0,84.0,85.0,91.1,102.5,inferred
Dacorum,2021-08-18,54.0,60.0,66.0,68.0,70.0,73.0,76.0,78.0,82.0,84.0,86.0,92.0,102.5,inferred
Dacorum,2021-08-19,51.0,59.0,63.0,65.0,67.0,69.0,72.5,75.4,79.0,81.0,83.0,89.0,99.0,inferred
Dacorum,2021-08-20,45.0,52.0,57.0,59.0,61.0,64.0,66.0,69.0,72.3,74.0,77.0,82.0,91.0,inferred
Dacorum,2021-08-21,38.0,44.0,48.0,50.0,51.0,54.0,56.0,59.0,62.0,63.0,65.0,71.0,79.0,inferred
Dacorum,2021-08-22,39.0,46.0,50.0,51.0,53.0,56.0,58.0,61.0,64.0,65.0,67.0,72.0,79.0,inferred
Dacorum,2021-08-23,54.0,62.0,68.0,69.0,71.0,75.0,78.0,81.0,85.0,87.0,89.0,95.0,103.0,inferred
Dacorum,2021-08-24,53.0,60.0,65.0,67.0,69.0,72.0,76.0,79.0,83.0,84.2,86.0,92.0,102.0,inferred
Dacorum,2021-08-25,55.0,63.0,67.0,69.0,71.0,75.0,78.0,81.0,85.0,87.0,89.0,95.0,105.5,inferred
Dacorum,2021-08-26,53.0,60.0,65.0,67.0,69.0,72.0,75.0,79.0,82.0,84.0,86.0,92.0,103.0,inferred
Dacorum,2021-08-27,50.5,57.9,62.0,64.0,65.0,68.0,71.0,74.0,78.0,79.0,81.0,87.0,96.0,inferred
Dacorum,2021-08-28,42.0,48.0,53.0,55.0,56.0,59.0,62.0,65.0,68.0,70.0,72.0,77.0,83.0,inferred
Dacorum,2021-08-29,45.0,52.9,57.0,58.0,60.0,63.0,66.0,69.0,72.0,74.0,75.2,81.1,90.5,inferred
Dacorum,2021-08-30,66.0,74.0,80.0,82.0,84.0,87.0,90.0,94.0,98.0,99.0,102.0,110.0,118.0,inferred
Dacorum,2021-08-31,64.0,72.0,77.0,79.0,81.0,84.0,88.0,91.0,95.0,97.0,99.0,105.0,115.0,inferred
Dacorum,2021-09-01,65.5,74.0,79.0,81.0,83.0,87.0,90.0,93.4,97.0,99.0,102.0,108.0,119.5,inferred
Dacorum,2021-09-02,63.0,71.0,76.0,79.0,81.0,84.0,87.0,90.0,93.0,95.0,97.0,104.0,114.0,inferred
Dacorum,2021-09-03,58.0,65.0,70.0,72.0,74.0,77.0,81.0,84.0,87.0,89.0,91.0,96.0,106.0,inferred
Dacorum,2021-09-04,46.5,54.0,58.0,61.0,62.0,65.0,68.0,71.0,75.0,76.0,78.0,83.0,91.0,inferred
Dacorum,2021-09-05,50.0,56.0,61.0,63.0,65.0,68.0,71.0,75.0,78.0,80.0,82.0,88.0,97.0,inferred
Dacorum,2021-09-06,68.5,77.0,83.0,85.0,87.0,91.0,95.0,99.0,103.0,105.2,108.0,114.0,125.0,inferred
Dacorum,2021-09-07,64.0,73.0,78.0,80.0,82.0,85.6,89.0,93.0,96.0,99.0,101.0,106.0,118.0,inferred
Dacorum,2021-09-08,62.0,72.0,77.0,79.0,81.0,85.0,88.0,91.0,94.0,97.0,99.0,105.0,115.0,inferred
Dacorum,2021-09-09,59.0,66.0,71.0,73.0,75.0,78.0,81.0,84.0,87.0,90.0,92.0,98.0,107.0,inferred
Dacorum,2021-09-10,51.0,58.0,62.0,64.0,66.0,69.0,71.0,74.0,78.0,80.0,82.0,87.0,96.0,inferred
Dacorum,2021-09-11,40.0,46.0,50.0,52.0,54.0,56.0,59.0,62.0,65.0,66.2,68.0,73.1,81.0,inferred
Dacorum,2021-09-12,40.0,46.0,50.0,52.0,53.7,56.0,59.0,61.0,64.0,66.0,68.0,72.0,81.0,inferred
Dacorum,2021-09-13,55.0,62.0,67.0,69.0,71.0,75.0,78.0,81.0,85.0,87.0,89.0,94.0,102.0,inferred
Dacorum,2021-09-14,52.0,59.0,64.0,66.0,68.0,71.0,75.0,78.0,81.0,83.0,85.0,91.0,101.0,inferred
Dacorum,2021-09-15,56.0,63.0,68.0,70.0,72.0,75.6,79.0,82.0,85.0,87.0,89.0,95.0,105.5,inferred
Dacorum,2021-09-16,56.0,64.0,69.0,71.0,73.0,76.0,79.0,83.0,86.0,88.0,90.0,95.0,103.5,inferred
Dacorum,2021-09-17,54.0,61.0,66.0,68.0,70.0,73.0,75.5,79.0,82.0,85.0,87.0,92.0,101.0,inferred
Dacorum,2021-09-18,47.0,54.0,58.0,60.0,61.0,64.0,67.0,70.0,73.0,75.0,77.0,82.0,91.0,inferred
Dacorum,2021-09-19,52.0,58.0,63.0,65.0,67.0,69.0,73.0,75.0,78.0,81.0,83.0,89.0,97.0,inferred
Dacorum,2021-09-20,75.0,84.0,90.0,93.0,94.0,98.0,103.0,107.0,110.0,112.0,115.0,122.0,134.0,inferred
Dacorum,2021-09-21,75.0,83.0,88.8,91.0,93.0,96.0,100.0,104.0,108.0,110.0,113.0,120.0,131.0,inferred
Dacorum,2021-09-22,75.5,84.0,89.0,91.0,93.0,98.0,101.0,105.0,109.0,110.0,113.0,120.0,130.0,inferred
Dacorum,2021-09-23,71.5,80.0,86.0,87.0,90.0,93.0,96.0,100.0,104.0,106.0,109.0,114.0,125.0,inferred
Dacorum,2021-09-24,66.0,72.0,78.0,80.0,82.0,86.0,89.0,92.0,96.0,98.0,100.0,105.0,115.0,inferred
Dacorum,2021-09-25,53.0,60.0,65.0,67.0,70.0,73.0,76.0,79.0,82.0,84.0,86.0,92.0,103.0,inferred
Dacorum,2021-09-26,56.5,63.0,68.0,70.0,72.0,75.0,78.0,82.0,85.0,86.0,88.0,94.0,105.0,inferred
Dacorum,2021-09-27,79.0,87.0,93.0,96.0,98.0,102.0,105.0,109.0,113.0,115.0,118.0,124.1,135.0,inferred
Dacorum,2021-09-28,75.0,82.0,89.0,91.0,93.0,97.0,101.0,104.0,108.0,110.0,112.2,120.0,131.0,inferred
Dacorum,2021-09-29,77.0,85.0,90.0,92.0,94.0,98.0,102.0,105.0,109.0,111.0,114.0,120.0,131.0,inferred
Dacorum,2021-09-30,72.0,80.0,86.0,88.0,90.0,93.0,96.0,100.0,104.0,106.0,108.0,115.0,127.0,inferred
Dacorum,2021-10-01,66.0,73.9,79.0,81.0,83.0,86.6,90.0,93.0,96.0,98.0,101.0,106.0,117.0,inferred
Dacorum,2021-10-02,54.0,62.0,67.0,68.0,70.0,73.0,76.0,80.0,83.0,84.0,87.0,92.0,100.0,inferred
Dacorum,2021-10-03,56.0,64.0,69.0,71.0,72.0,76.0,79.0,82.0,86.0,87.0,90.0,96.0,105.5,inferred
Dacorum,2021-10-04,81.0,88.0,94.0,97.0,99.0,102.0,105.0,110.0,114.0,116.0,119.0,126.0,138.0,inferred
Dacorum,2021-10-05,76.5,85.0,91.0,94.0,95.0,99.0,102.5,106.0,110.0,112.0,114.0,121.0,131.0,inferred
Dacorum,2021-10-06,79.0,88.9,94.0,96.0,98.7,102.0,106.0,110.0,113.0,115.0,118.0,124.0,136.0,inferred
Dacorum,2021-10-07,76.0,85.0,91.0,93.0,95.0,99.0,103.0,106.0,110.0,113.0,115.0,122.0,134.0,inferred
Dacorum,2021-10-08,71.0,79.0,85.0,87.0,89.0,93.0,96.0,99.0,103.0,105.0,107.0,114.0,124.0,inferred
Dacorum,2021-10-09,58.0,67.0,72.0,74.0,76.0,79.0,82.0,85.0,89.0,91.0,93.0,99.0,108.0,inferred
Dacorum,2021-10-10,64.0,72.0,77.0,79.0,81.0,84.0,87.0,91.0,95.0,97.0,99.0,105.0,115.0,inferred
Dacorum,2021-10-11,89.0,100.0,106.0,108.0,110.0,115.0,119.0,123.0,127.0,129.0,132.0,139.0,151.5,inferred
Dacorum,2021-10-12,86.0,96.0,102.0,105.0,107.0,111.0,115.0,119.0,123.0,125.0,127.0,135.0,146.5,inferred
Dacorum,2021-10-13,87.0,96.0,102.0,105.0,107.0,112.0,116.0,119.0,124.0,127.0,129.0,137.0,148.0,inferred
Dacorum,2021-10-14,81.5,91.0,97.0,100.0,102.0,106.0,111.0,114.0,119.0,121.0,124.0,132.0,144.0,inferred
Dacorum,2021-10-15,73.0,82.0,88.0,91.0,93.0,98.0,101.0,105.0,109.0,111.0,114.0,122.0,136.0,inferred
Darlington,2021-07-03,41.0,48.0,53.0,54.0,56.0,59.0,62.0,66.0,70.0,73.0,75.0,80.0,92.0,inferred
Darlington,2021-07-04,48.0,55.0,61.0,63.0,64.7,68.0,71.5,75.0,78.0,80.0,83.0,89.0,100.0,inferred
Darlington,2021-07-05,76.5,85.0,91.0,94.0,96.0,101.0,105.0,109.0,113.0,115.2,119.0,127.0,138.0,inferred
Darlington,2021-07-06,77.0,87.0,93.0,95.0,97.0,101.0,105.0,109.0,113.0,116.0,118.0,125.1,138.0,inferred
Darlington,2021-07-07,85.0,94.0,100.0,103.0,105.0,109.0,113.0,118.0,122.0,124.0,127.0,134.0,146.0,inferred
Darlington,2021-07-08,84.5,97.0,103.0,105.0,108.0,112.0,117.0,121.0,125.0,128.0,130.0,138.0,149.0,inferred
Darlington,2021-07-09,87.0,95.9,102.0,104.0,107.0,111.0,115.0,119.0,123.0,126.0,129.0,137.0,148.0,inferred
Darlington,2021-07-10,77.0,85.0,91.0,93.0,96.0,100.0,104.0,108.0,112.0,114.0,117.0,125.0,136.0,inferred
Darlington,2021-07-11,88.0,97.0,105.0,107.0,110.0,115.0,119.0,122.0,127.0,130.0,133.0,140.0,152.0,inferred
Darlington,2021-07-12,138.0,148.0,157.0,160.0,163.0,169.0,174.0,179.0,185.0,189.0,193.0,203.0,218.0,inferred
Darlington,2021-07-13,130.0,140.9,149.0,152.8,155.0,161.0,166.0,171.4,177.0,179.2,184.0,193.0,211.0,inferred
Darlington,2021-07-14,123.0,136.0,145.0,148.0,150.7,156.0,161.0,167.0,172.0,175.0,179.0,188.0,203.0,inferred
Darlington,2021-07-15,113.0,124.0,132.0,135.0,137.0,142.0,146.0,151.0,157.0,160.0,163.2,173.0,186.0,inferred
Darlington,2021-07-16,96.0,107.0,114.0,117.0,119.0,123.0,127.0,131.4,137.0,140.0,142.0,151.0,163.5,inferred
Darlington,2021-07-17,72.5,83.0,89.0,92.0,94.0,98.0,102.0,105.0,110.0,112.0,115.0,122.0,134.5,inferred
Darlington,2021-07-18,73.0,83.0,89.0,92.0,94.0,98.0,102.0,105.0,110.0,113.0,116.0,123.0,136.0,inferred
Darlington,2021-07-19,101.5,112.0,119.0,122.0,125.0,130.0,134.0,139.0,144.0,147.0,151.0,159.0,173.0,inferred
Darlington,2021-07-20,87.5,97.0,104.0,107.0,109.0,114.0,118.0,122.0,126.0,129.0,132.0,141.0,154.5,inferred
Darlington,2021-07-21,78.0,88.0,95.0,97.0,99.7,104.0,108.0,111.0,116.0,118.0,121.0,128.0,139.0,inferred
Darlington,2021-07-22,66.0,74.0,80.0,82.0,85.0,89.0,92.0,96.4,100.0,103.0,105.0,113.0,122.0,inferred
Darlington,2021-07-23,52.5,60.0,66.0,68.0,69.0,73.0,76.0,80.0,83.0,86.0,88.0,94.0,104.0,inferred
Darlington,2021-07-24,38.0,45.0,49.0,51.0,52.0,55.0,58.0,61.0,65.0,66.0,68.0,72.1,80.0,inferred
Darlington,2021-07-25,35.0,41.0,46.0,48.0,49.0,52.0,55.0,58.0,61.0,63.0,65.0,71.0,80.0,inferred
Darlington,2021-07-26,45.0,53.0,58.8,60.0,62.0,66.0,69.0,73.0,76.0,78.0,81.0,86.0,95.0,inferred
Darlington,2021-07-27,39.0,46.0,51.0,53.0,55.0,58.0,61.0,64.0,67.0,69.0,72.0,77.0,85.0,inferred
Darlington,2021-07-28,38.0,44.0,49.0,51.0,52.0,56.0,59.0,61.4,65.0,67.0,68.0,73.0,82.0,inferred
Darlington,2021-07-29,34.5,41.0,46.0,48.0,49.0,52.0,55.0,57.0,60.0,62.0,64.0,70.0,80.0,inferred
Darlington,2021-07-30,30.0,36.0,40.0,42.0,44.0,46.0,49.0,51.0,55.0,56.0,58.0,64.0,72.0,inferred
Darlington,2021-07-31,23.5,28.0,32.0,34.0,35.0,37.0,40.0,42.0,45.0,46.0,48.0,53.0,61.0,inferred
Darlington,2021-08-01,24.0,29.0,33.0,34.0,36.0,38.0,41.0,43.0,46.0,48.0,49.2,54.0,62.0,inferred
Darlington,2021-08-02,34.0,41.0,45.0,47.0,49.0,52.0,54.0,57.0,60.0,62.0,65.0,70.0,82.0,inferred
Darlington,2021-08-03,30.0,36.0,41.0,43.0,45.0,48.0,51.0,54.0,57.0,58.0,61.0,66.0,74.0,inferred
Darlington,2021-08-04,29.5,36.0,41.0,42.0,44.0,46.0,49.0,52.0,55.0,56.0,58.0,64.0,74.0,inferred
Darlington,2021-08-05,27.5,33.0,38.0,39.0,40.0,43.0,46.0,48.0,51.0,53.0,55.0,59.0,66.0,inferred
Darlington,2021-08-06,25.0,29.0,34.0,35.0,36.0,39.0,41.0,44.0,47.0,48.0,50.0,54.0,63.0,inferred
Darlington,2021-08-07,19.0,24.0,27.0,28.0,29.0,31.0,33.0,36.0,38.0,40.0,41.0,46.0,54.0,inferred
Darlington,2021-08-08,19.0,24.0,28.0,29.0,31.0,33.0,35.0,38.0,40.0,41.0,43.0,48.0,56.0,inferred
Darlington,2021-08-09,30.5,36.0,40.0,41.0,43.0,46.0,48.0,51.0,54.0,56.0,58.0,63.0,72.5,inferred
Darlington,2021-08-10,28.0,33.0,38.0,39.0,40.0,43.0,45.0,48.0,51.0,52.0,54.0,59.0,66.0,inferred
Darlington,2021-08-11,28.0,34.0,38.0,39.0,40.0,43.0,46.0,48.0,51.0,53.0,55.0,60.0,70.0,inferred
Darlington,2021-08-12,27.5,33.0,37.0,38.0,40.0,42.6,45.0,47.0,50.0,52.0,54.0,59.0,68.0,inferred
Darlington,2021-08-13,25.0,30.0,34.0,36.0,38.0,40.0,42.0,45.0,48.0,49.0,51.0,56.0,66.0,inferred
Darlington,2021-08-14,21.0,25.0,29.0,30.0,32.0,34.0,36.0,39.0,41.0,43.0,44.0,48.0,56.0,inferred
Darlington,2021-08-15,23.0,28.0,32.0,33.0,35.0,37.0,40.0,42.0,45.0,46.0,47.2,52.0,59.0,inferred
Darlington,2021-08-16,36.0,42.0,46.0,48.0,50.0,53.0,56.0,58.0,61.0,63.0,65.0,71.0,81.0,inferred
Darlington,2021-08-17,32.5,39.0,44.0,45.0,47.0,50.0,53.0,56.0,59.0,60.0,62.0,69.0,78.0,inferred
Darlington,2021-08-18,33.0,40.0,45.0,46.0,48.0,51.0,54.0,57.0,60.0,62.0,63.0,69.0,77.5,inferred
Darlington,2021-08-19,33.0,39.0,43.0,45.0,47.0,49.0,52.0,55.0,58.0,60.0,61.2,67.0,75.0,inferred
Darlington,2021-08-20,29.0,36.0,40.0,41.0,43.0,45.0,48.0,51.0,54.0,56.0,58.0,63.0,71.0,inferred
Darlington,2021-08-21,24.0,29.0,33.0,34.0,35.0,38.0,41.0,43.0,46.0,48.0,50.0,55.0,64.0,inferred
Darlington,2021-08-22,26.5,32.0,35.0,37.0,39.0,41.0,44.0,46.0,50.0,51.0,53.0,59.0,65.0,inferred
Darlington,2021-08-23,40.0,48.0,53.0,54.0,56.0,59.0,62.0,65.0,69.0,71.0,73.0,79.0,88.0,inferred
Darlington,2021-08-24,38.0,45.0,49.0,51.0,53.0,56.0,59.0,62.0,65.0,67.0,69.0,75.0,85.5,inferred
Darlington,2021-08-25,38.0,46.0,50.0,52.0,54.0,57.0,59.0,63.0,67.0,68.2,71.0,76.0,85.0,inferred
Darlington,2021-08-26,36.5,44.0,49.0,50.0,52.0,55.0,58.0,61.0,64.0,66.0,68.0,73.1,84.0,inferred
Darlington,2021-08-27,34.0,40.0,45.0,47.0,48.0,51.0,54.0,57.0,60.0,62.0,64.0,70.0,78.0,inferred
Darlington,2021-08-28,28.0,34.0,38.0,40.0,41.0,43.0,46.0,48.0,51.0,53.0,54.0,59.1,68.0,inferred
Darlington,2021-08-29,31.0,37.0,41.0,42.0,43.0,46.0,49.0,52.0,55.0,57.0,59.0,64.0,73.0,inferred
Darlington,2021-08-30,45.0,54.0,59.0,61.0,63.0,66.0,69.0,73.0,76.0,78.0,81.0,87.0,98.0,inferred
Darlington,2021-08-31,43.0,51.0,56.0,58.0,60.0,63.0,66.0,70.0,73.0,75.0,77.0,83.0,94.0,inferred
Darlington,2021-09-01,44.0,51.0,56.0,58.0,60.0,64.0,67.0,70.0,73.0,75.0,77.0,83.0,94.0,inferred
Darlington,2021-09-02,42.5,49.0,54.0,57.0,58.0,62.0,65.0,68.0,71.0,73.0,75.0,80.0,91.5,inferred
Darlington,2021-09-03,38.0,45.0,50.0,51.0,53.0,56.0,59.0,62.0,65.0,66.2,68.0,75.0,85.0,inferred
Darlington,2021-09-04,30.0,37.0,41.0,43.0,44.0,47.0,49.0,52.0,55.0,57.0,59.0,64.0,73.0,inferred
Darlington,2021-09-05,34.0,39.0,43.0,45.0,46.0,50.0,52.0,55.0,58.0,60.0,62.0,67.0,76.0,inferred
Darlington,2021-09-06,48.0,56.0,61.0,63.0,65.0,68.0,72.0,75.0,78.0,80.0,83.0,89.0,101.5,inferred
Darlington,2021-09-07,44.5,52.0,56.0,58.0,60.0,63.0,66.0,70.0,73.0,75.0,77.0,83.0,93.0,inferred
Darlington,2021-09-08,41.0,48.0,54.0,56.0,57.0,60.0,63.0,66.0,69.0,72.0,74.0,79.0,90.0,inferred
Darlington,2021-09-09,36.0,43.0,47.0,49.0,51.0,54.0,57.0,60.0,63.0,65.0,67.0,73.0,81.5,inferred
Darlington,2021-09-10,30.0,37.0,41.0,42.0,44.0,46.0,49.0,52.0,54.0,56.0,59.0,63.0,72.0,inferred
Darlington,2021-09-11,23.0,28.0,31.0,33.0,34.0,37.0,39.0,41.0,44.0,46.0,47.0,52.0,59.0,inferred
Darlington,2021-09-12,22.0,28.0,32.0,34.0,35.0,37.0,39.0,42.0,44.0,46.0,48.0,52.0,60.0,inferred
Darlington,2021-09-13,31.0,38.0,43.0,44.0,46.0,49.0,51.0,55.0,57.0,59.0,61.0,67.0,75.0,inferred
Darlington,2021-09-14,28.5,35.0,39.0,41.0,42.0,44.0,48.0,51.0,54.0,55.0,57.0,62.0,71.0,inferred
Darlington,2021-09-15,30.0,37.0,41.0,42.0,44.0,47.0,49.0,52.0,55.0,57.0,59.0,64.0,74.0,inferred
Darlington,2021-09-16,31.0,36.0,41.0,42.0,44.0,47.0,49.0,52.0,55.0,57.0,59.2,64.0,73.0,inferred
Darlington,2021-09-17,29.0,36.0,39.0,41.0,42.0,45.0,48.0,50.0,53.0,54.0,56.0,61.0,70.0,inferred
Darlington,2021-09-18,24.0,29.9,33.0,35.0,36.0,38.0,40.0,43.0,46.0,47.0,49.0,54.0,62.5,inferred
Darlington,2021-09-19,27.0,33.0,37.0,38.0,39.0,42.0,45.0,47.0,50.0,52.0,53.0,58.0,66.0,inferred
Darlington,2021-09-20,41.5,49.0,54.0,55.0,57.0,60.0,63.0,66.4,70.0,72.0,74.0,80.0,91.0,inferred
Darlington,2021-09-21,38.0,45.0,50.0,52.0,54.0,57.0,60.0,63.0,66.0,68.0,70.0,76.0,87.5,inferred
Darlington,2021-09-22,36.0,45.0,49.0,52.0,53.0,56.0,59.0,62.0,66.0,68.0,70.0,76.0,87.0,inferred
Darlington,2021-09-23,36.0,42.0,46.0,48.0,50.0,53.0,56.0,59.0,62.0,63.0,65.0,70.0,79.0,inferred
Darlington,2021-09-24,31.0,38.0,42.0,43.0,44.7,47.0,50.0,52.0,55.0,57.0,59.0,64.0,73.0,inferred
Darlington,2021-09-25,25.0,30.0,34.0,35.0,37.0,39.0,42.0,44.0,47.0,48.0,50.0,55.0,61.0,inferred
Darlington,2021-09-26,25.0,31.0,35.0,36.0,38.0,40.0,43.0,45.0,48.0,50.0,51.0,56.0,64.0,inferred
Darlington,2021-09-27,36.0,44.0,49.0,51.0,53.0,56.0,59.0,62.0,65.0,67.0,69.0,75.0,85.0,inferred
Darlington,2021-09-28,35.0,42.0,46.0,48.0,49.0,52.0,55.0,58.0,61.0,63.0,65.0,71.0,80.5,inferred
Darlington,2021-09-29,37.5,44.0,48.8,50.0,52.0,55.0,58.0,61.0,64.0,66.0,68.0,74.0,84.0,inferred
Darlington,2021-09-30,37.0,44.0,49.0,51.0,52.0,55.0,58.0,60.0,64.0,65.0,68.0,73.0,84.0,inferred
Darlington,2021-10-01,36.0,42.0,46.0,48.0,50.0,53.0,55.0,58.0,61.0,63.0,65.0,70.0,79.0,inferred
Darlington,2021-10-02,30.0,36.0,40.0,41.0,43.0,45.0,48.0,50.0,53.0,55.0,57.0,61.0,70.0,inferred
Darlington,2021-10-03,33.0,40.0,44.0,46.0,48.0,51.0,53.0,56.0,60.0,61.0,64.0,69.0,78.0,inferred
Darlington,2021-10-04,51.0,60.9,66.0,68.0,70.0,74.0,78.0,81.0,85.0,87.0,90.0,96.1,109.0,inferred
Darlington,2021-10-05,51.0,59.0,65.0,67.0,69.0,73.0,77.0,80.0,84.0,85.0,88.0,94.0,105.0,inferred
Darlington,2021-10-06,56.0,64.0,69.0,71.0,73.0,78.0,81.0,84.0,88.0,90.0,92.0,99.0,111.0,inferred
Darlington,2021-10-07,55.5,64.0,69.0,71.0,73.0,77.0,81.0,85.0,88.0,90.0,92.0,99.0,110.0,inferred
Darlington,2021-10-08,54.0,61.0,67.0,70.0,71.0,75.0,78.0,82.0,85.0,87.0,90.0,96.0,107.0,inferred
Darlington,2021-10-09,46.0,53.9,58.0,60.0,62.0,66.0,68.5,72.0,75.0,77.0,79.2,86.0,94.0,inferred
Darlington,2021-10-10,53.0,60.0,64.0,67.0,68.0,72.0,75.0,79.0,83.0,85.0,88.0,94.0,105.0,inferred
Darlington,2021-10-11,79.5,89.0,96.0,99.0,101.0,105.0,110.0,114.0,119.0,121.0,125.0,132.0,143.0,inferred
Darlington,2021-10-12,73.5,83.0,89.0,91.0,94.0,98.0,102.0,106.0,110.0,113.0,116.0,123.0,136.0,inferred
Darlington,2021-10-13,71.0,79.0,86.0,89.0,91.0,95.0,99.0,103.0,107.0,110.0,113.0,120.0,132.0,inferred
Darlington,2021-10-14,64.0,72.0,78.0,80.0,82.0,86.0,90.0,95.0,98.3,101.0,104.0,111.0,124.0,inferred
Darlington,2021-10-15,53.0,61.0,67.0,69.0,71.0,75.0,79.0,83.0,87.0,90.0,92.0,99.0,110.5,inferred
Dartford,2021-07-03,11.0,15.0,17.0,19.0,20.0,21.0,23.0,25.0,28.0,29.0,30.0,34.0,39.0,inferred
Dartford,2021-07-04,13.0,17.9,21.0,22.0,23.0,25.0,27.0,28.0,31.0,32.0,34.0,38.0,44.0,inferred
Dartford,2021-07-05,22.0,28.0,32.0,33.0,34.0,37.0,39.0,41.0,44.0,45.0,47.0,51.0,59.0,inferred
Dartford,2021-07-06,25.0,30.0,34.0,35.0,37.0,39.0,42.0,44.0,47.0,48.0,50.0,54.0,60.0,inferred
Dartford,2021-07-07,29.5,35.0,39.0,40.0,42.0,45.0,47.0,50.0,52.0,54.0,56.0,61.0,69.0,inferred
Dartford,2021-07-08,31.5,38.0,42.0,44.0,45.0,48.0,50.0,53.0,56.0,58.0,59.0,64.0,72.0,inferred
Dartford,2021-07-09,34.0,39.0,44.0,45.0,47.0,50.0,52.0,55.0,58.0,60.0,62.0,67.0,76.0,inferred
Dartford,2021-07-10,31.0,38.0,42.0,44.0,45.0,48.0,50.0,53.0,56.0,57.0,59.0,65.0,72.5,inferred
Dartford,2021-07-11,38.0,44.0,49.0,52.0,53.0,56.0,59.0,62.0,65.0,67.0,68.0,74.0,81.0,inferred
Dartford,2021-07-12,61.5,70.0,76.0,78.0,80.0,84.0,87.0,91.0,95.0,97.0,100.0,107.0,118.0,inferred
Dartford,2021-07-13,64.0,73.0,79.0,81.0,83.0,86.0,90.0,94.0,98.0,100.0,103.0,110.0,123.0,inferred
Dartford,2021-07-14,67.0,75.0,81.0,83.0,85.0,89.0,93.0,97.0,101.0,103.0,105.0,112.0,123.0,inferred
Dartford,2021-07-15,64.0,72.0,77.0,80.0,81.0,85.0,88.0,92.0,96.0,99.0,101.0,107.0,119.0,inferred
Dartford,2021-07-16,57.0,66.0,71.0,73.0,75.0,79.0,82.5,86.0,89.0,91.0,94.0,101.0,110.0,inferred
Dartford,2021-07-17,48.0,55.0,60.0,62.0,64.0,67.0,70.0,74.0,78.0,79.0,82.0,87.0,96.0,inferred
Dartford,2021-07-18,50.0,58.0,63.0,64.0,66.0,69.0,72.0,75.0,79.0,81.0,83.0,89.0,97.5,inferred
Dartford,2021-07-19,69.0,77.0,83.0,85.0,87.0,91.0,95.0,99.0,103.0,105.0,107.0,116.0,129.0,inferred
Dartford,2021-07-20,63.0,71.0,77.0,80.0,82.0,85.0,89.0,93.0,97.0,99.0,102.0,110.0,120.0,inferred
Dartford,2021-07-21,58.0,66.0,71.0,73.0,75.0,79.0,83.0,86.0,90.0,91.2,94.0,101.0,112.0,inferred
Dartford,2021-07-22,48.5,56.0,61.0,63.0,65.0,68.0,71.0,75.0,78.0,80.2,83.0,89.0,98.0,inferred
Dartford,2021-07-23,39.0,46.0,51.0,53.0,54.0,57.0,60.0,63.0,66.0,68.0,70.0,75.0,85.5,inferred
Dartford,2021-07-24,29.0,35.0,39.0,40.0,42.0,45.0,47.0,50.0,52.3,54.0,56.0,60.0,69.0,inferred
Dartford,2021-07-25,27.0,33.0,37.0,38.0,39.0,42.0,44.0,47.0,49.0,51.0,53.0,58.0,65.0,inferred
Dartford,2021-07-26,34.0,41.0,45.0,47.0,48.0,51.0,54.0,57.0,60.0,62.0,63.2,69.0,77.0,inferred
Dartford,2021-07-27,32.0,38.0,42.0,43.0,45.0,48.0,50.0,53.0,55.0,57.0,59.0,64.0,72.0,inferred
Dartford,2021-07-28,32.0,38.0,41.0,43.0,44.0,47.0,50.0,52.0,55.0,57.0,59.0,64.0,73.0,inferred
Dartford,2021-07-29,30.0,35.0,39.0,41.0,42.0,45.0,48.0,50.0,53.0,55.0,57.0,63.0,70.0,inferred
Dartford,2021-07-30,26.0,32.0,35.0,37.0,38.0,41.0,43.0,46.0,49.0,50.0,52.0,58.0,67.0,inferred
Dartford,2021-07-31,21.5,27.0,30.0,31.0,33.0,35.0,37.0,39.0,42.0,43.0,44.0,49.0,57.0,inferred
Dartford,2021-08-01,22.0,27.0,31.0,32.0,33.0,36.0,38.0,40.4,43.0,45.0,46.0,50.0,60.0,inferred
Dartford,2021-08-02,31.0,38.0,42.0,44.0,45.0,48.0,51.0,54.0,57.0,58.0,60.0,65.0,75.0,inferred
Dartford,2021-08-03,32.0,37.0,41.0,43.0,44.0,47.0,50.0,52.0,55.0,57.0,59.0,64.0,73.0,inferred
Dartford,2021-08-04,32.0,38.0,42.0,44.0,45.0,48.0,51.0,54.0,57.0,59.0,61.0,66.0,75.0,inferred
Dartford,2021-08-05,31.0,37.0,41.0,42.0,44.0,47.0,49.0,52.0,55.0,57.0,59.0,63.0,73.0,inferred
Dartford,2021-08-06,29.0,34.0,38.0,40.0,41.0,43.0,46.0,48.0,51.0,53.0,55.0,59.0,68.0,inferred
Dartford,2021-08-07,23.0,28.9,32.0,33.0,35.0,37.0,40.0,42.0,45.0,46.0,48.0,53.0,60.0,inferred
Dartford,2021-08-08,25.0,31.0,34.0,35.0,37.0,39.0,42.0,44.0,47.0,48.0,50.0,54.0,62.0,inferred
Dartford,2021-08-09,38.0,43.0,48.0,50.0,51.0,54.0,57.0,60.0,63.0,65.0,66.2,72.0,81.0,inferred
Dartford,2021-08-10,34.0,41.0,46.0,47.0,49.0,52.0,55.0,58.0,61.0,63.0,66.0,71.0,80.0,inferred
Dartford,2021-08-11,35.0,42.0,46.0,48.0,49.0,52.0,55.0,58.0,61.0,62.0,65.0,70.0,78.0,inferred
Dartford,2021-08-12,33.0,39.0,44.0,45.0,46.0,49.0,52.0,54.0,57.0,59.0,60.0,65.0,74.0,inferred
Dartford,2021-08-13,29.0,35.0,39.0,41.0,42.0,44.0,47.0,50.0,53.0,54.0,56.0,61.0,71.0,inferred
Dartford,2021-08-14,23.5,28.0,32.0,33.0,34.0,37.0,39.0,41.0,44.0,46.0,47.0,52.0,59.0,inferred
Dartford,2021-08-15,23.0,29.0,32.0,34.0,35.0,38.0,40.0,42.0,45.0,46.0,48.0,52.0,60.0,inferred
Dartford,2021-08-16,32.0,39.0,44.0,45.0,47.0,49.0,52.0,55.0,58.0,60.0,62.0,67.0,76.0,inferred
Dartford,2021-08-17,31.0,37.0,41.0,43.0,44.0,47.0,49.0,52.0,55.0,57.0,59.0,64.0,72.5,inferred
Dartford,2021-08-18,31.0,36.0,40.0,42.0,43.0,46.0,49.0,52.0,54.0,56.0,58.0,63.0,72.5,inferred
Dartford,2021-08-19,28.0,33.0,37.0,38.0,39.0,42.0,44.0,47.0,50.0,52.0,54.0,59.0,68.0,inferred
Dartford,2021-08-20,24.0,29.0,32.0,34.0,35.0,37.0,40.0,42.0,45.0,46.0,48.0,53.0,60.0,inferred
Dartford,2021-08-21,18.0,23.0,27.0,28.0,29.0,31.0,33.0,36.0,38.0,39.0,41.0,45.0,53.0,inferred
Dartford,2021-08-22,18.0,23.0,27.0,28.0,29.0,32.0,34.0,36.0,38.0,39.0,41.0,45.0,52.0,inferred
Dartford,2021-08-23,26.0,32.0,36.0,38.0,39.0,41.0,44.0,46.4,49.0,51.0,52.0,57.0,65.0,inferred
Dartford,2021-08-24,25.5,31.0,34.0,36.0,38.0,40.0,42.0,45.0,47.0,49.0,51.0,56.0,64.0,inferred
Dartford,2021-08-25,26.0,32.0,35.0,37.0,38.0,40.0,43.0,45.0,48.0,50.0,52.0,56.0,63.0,inferred
Dartford,2021-08-26,25.0,30.0,34.0,36.0,37.0,40.0,42.0,45.0,48.0,49.0,51.0,55.0,63.0,inferred
Dartford,2021-08-27,25.0,30.0,33.0,34.0,35.0,38.0,40.0,42.0,46.0,47.0,48.0,52.0,59.0,inferred
Dartford,2021-08-28,20.0,24.0,27.0,29.0,30.0,33.0,35.0,37.0,40.0,41.0,42.0,47.0,54.0,inferred
Dartford,2021-08-29,20.0,25.0,29.0,31.0,32.0,34.0,36.0,39.0,41.0,42.0,44.0,49.0,56.0,inferred
Dartford,2021-08-30,31.5,37.0,41.0,43.0,45.0,48.0,50.0,53.0,55.0,57.0,59.0,64.0,71.0,inferred
Dartford,2021-08-31,30.0,37.0,41.0,43.0,44.0,46.0,49.0,51.0,54.0,56.0,58.0,63.0,74.0,inferred
Dartford,2021-09-01,29.5,36.0,40.0,42.0,43.0,46.0,49.0,52.0,55.0,56.0,59.0,64.0,72.0,inferred
Dartford,2021-09-02,29.0,34.0,38.0,39.0,41.0,43.0,46.0,49.0,52.0,54.0,55.2,60.1,68.0,inferred
Dartford,2021-09-03,25.0,30.0,34.0,36.0,37.0,39.0,42.0,44.0,47.0,49.0,50.0,55.0,63.0,inferred
Dartford,2021-09-04,20.0,25.0,28.0,30.0,31.0,33.0,35.0,38.0,41.0,42.0,44.0,48.0,56.0,inferred
Dartford,2021-09-05,21.0,26.0,30.0,31.0,32.0,34.0,36.0,38.0,41.0,42.0,44.0,48.0,56.5,inferred
Dartford,2021-09-06,30.0,36.0,40.0,41.0,43.0,45.0,48.0,51.0,54.0,55.2,57.0,62.0,71.0,inferred
Dartford,2021-09-07,29.0,34.0,37.0,39.0,40.0,43.0,45.0,48.0,51.0,52.0,54.0,59.0,68.0,inferred
Dartford,2021-09-08,28.0,33.0,37.0,39.0,40.0,42.0,45.0,47.0,50.0,52.0,53.0,58.0,67.0,inferred
Dartford,2021-09-09,25.0,30.0,33.0,35.0,36.0,39.0,41.0,43.0,46.0,47.2,50.0,55.0,63.0,inferred
Dartford,2021-09-10,21.0,26.0,30.0,31.0,33.0,35.0,37.0,39.0,42.0,44.0,45.0,50.0,58.0,inferred
Dartford,2021-09-11,16.0,21.0,24.0,25.0,26.0,29.0,31.0,33.0,35.0,37.0,38.2,43.0,49.5,inferred
Dartford,2021-09-12,17.0,22.0,24.0,26.0,27.0,29.0,31.0,34.0,36.0,37.0,38.0,43.0,50.0,inferred
Dartford,2021-09-13,24.5,30.0,33.0,34.0,36.0,38.0,41.0,43.0,46.0,48.0,50.0,54.0,62.0,inferred
Dartford,2021-09-14,22.0,28.0,32.0,33.0,35.0,37.0,39.0,42.0,45.0,46.0,48.0,52.0,60.0,inferred
Dartford,2021-09-15,24.0,29.0,33.0,35.0,36.0,39.0,41.0,43.0,46.0,48.0,49.0,54.0,61.0,inferred
Dartford,2021-09-16,24.0,29.0,33.0,34.0,36.0,38.0,40.0,43.0,46.0,48.0,49.0,54.0,62.0,inferred
Dartford,2021-09-17,23.0,28.0,31.0,33.0,34.0,36.0,38.0,41.0,43.0,45.0,46.0,51.0,59.0,inferred
Dartford,2021-09-18,18.5,23.0,26.0,28.0,29.0,31.0,33.0,36.0,38.0,40.0,41.0,46.0,54.0,inferred
Dartford,2021-09-19,20.0,25.0,29.0,30.0,31.0,34.0,36.0,38.0,40.3,42.0,44.0,49.0,56.0,inferred
Dartford,2021-09-20,30.0,36.0,40.0,42.0,44.0,47.0,50.0,52.0,55.0,57.0,59.0,63.0,71.0,inferred
Dartford,2021-09-21,30.0,36.0,39.0,41.0,42.0,45.0,48.0,51.0,54.0,55.0,57.0,62.0,69.0,inferred
Dartford,2021-09-22,30.0,36.0,40.0,42.0,43.0,46.0,48.0,51.0,54.0,56.0,58.0,63.0,71.5,inferred
Dartford,2021-09-23,30.0,34.0,37.0,39.0,40.0,43.0,45.0,48.0,51.0,52.0,54.0,59.0,67.5,inferred
Dartford,2021-09-24,25.0,31.0,34.8,36.0,37.0,40.0,42.0,45.0,48.0,49.0,51.0,56.0,65.0,inferred
Dartford,2021-09-25,21.0,25.0,29.0,30.0,31.0,33.0,36.0,38.0,41.0,42.0,44.0,48.0,56.0,inferred
Dartford,2021-09-26,21.0,26.0,29.8,31.0,32.0,35.0,37.0,39.0,42.0,43.0,45.0,49.0,57.0,inferred
Dartford,2021-09-27,29.0,36.0,40.0,41.0,43.0,45.0,48.0,51.0,53.0,55.0,57.0,62.1,69.0,inferred
Dartford,2021-09-28,29.0,35.0,39.0,41.0,42.0,44.0,47.0,49.0,52.0,54.0,56.0,61.0,71.0,inferred
Dartford,2021-09-29,29.0,35.0,39.0,40.8,42.0,44.0,47.0,50.0,52.0,54.0,56.0,62.0,70.5,inferred
Dartford,2021-09-30,28.0,34.0,37.0,39.0,40.0,43.0,45.0,47.0,50.0,52.0,54.0,59.0,67.0,inferred
Dartford,2021-10-01,27.0,32.0,35.0,37.0,38.0,40.0,42.0,45.0,47.0,49.0,51.0,55.0,63.5,inferred
Dartford,2021-10-02,21.0,26.0,30.0,31.0,32.0,35.0,37.0,39.0,41.0,43.0,44.0,48.1,56.0,inferred
Dartford,2021-10-03,22.0,27.0,31.0,32.0,33.0,36.0,38.0,40.0,43.0,44.0,46.0,50.0,58.5,inferred
Dartford,2021-10-04,33.5,39.0,43.0,45.0,46.0,49.0,52.0,55.0,58.0,59.0,61.0,67.0,76.0,inferred
Dartford,2021-10-05,33.0,39.0,43.0,45.0,46.0,49.0,52.0,54.0,57.0,59.0,61.0,66.0,73.5,inferred
Dartford,2021-10-06,33.0,41.0,45.0,47.0,48.0,51.0,54.0,57.0,60.0,61.0,64.0,69.0,77.0,inferred
Dartford,2021-10-07,33.0,40.0,44.0,46.0,48.0,51.0,53.0,56.0,58.0,60.0,62.0,68.0,76.5,inferred
Dartford,2021-10-08,33.0,38.0,42.0,44.0,46.0,49.0,51.0,54.0,57.0,58.0,60.0,65.0,74.0,inferred
Dartford,2021-10-09,27.0,33.0,37.0,39.0,40.0,43.0,45.0,48.0,51.0,53.0,54.0,59.0,67.0,inferred
Dartford,2021-10-10,29.0,35.0,39.0,41.0,42.0,45.0,48.0,51.0,53.0,55.0,57.0,62.0,72.0,inferred
Dartford,2021-10-11,45.0,52.0,57.0,59.0,61.0,64.0,68.0,71.0,74.0,77.0,79.0,84.1,94.0,inferred
Dartford,2021-10-12,44.0,51.0,57.0,59.0,60.7,64.0,67.0,70.0,74.0,76.0,78.0,84.0,95.0,inferred
Dartford,2021-10-13,46.0,55.0,59.0,61.0,63.0,66.0,69.0,72.0,76.0,78.0,80.0,86.0,97.0,inferred
Dartford,2021-10-14,44.0,52.0,57.0,59.0,61.0,64.0,67.0,71.0,74.0,76.0,79.0,85.0,95.5,inferred
Dartford,2021-10-15,41.0,48.0,53.0,55.0,57.0,60.6,64.0,67.0,71.0,73.0,76.0,82.0,92.0,inferred
Daventry,2021-07-03,10.0,14.0,16.0,17.0,18.0,20.0,22.0,24.0,25.0,27.0,28.0,33.0,38.0,inferred
Daventry,2021-07-04,11.0,15.0,18.0,19.0,20.0,22.0,24.0,26.0,28.0,29.0,31.0,35.0,41.0,inferred
Daventry,2021-07-05,17.0,21.0,24.0,26.0,27.0,29.0,32.0,34.0,36.0,38.0,39.0,43.0,50.0,inferred
Daventry,2021-07-06,15.0,20.0,23.0,25.0,26.0,28.0,30.0,33.0,35.0,37.0,38.0,42.0,49.0,inferred
Daventry,2021-07-07,17.0,21.0,25.0,26.0,27.0,30.0,32.0,34.0,36.0,37.0,39.0,44.0,51.0,inferred
Daventry,2021-07-08,17.0,23.0,26.0,27.0,28.0,30.0,33.0,35.0,38.0,39.0,41.0,45.0,51.0,inferred
Daventry,2021-07-09,16.5,21.0,24.0,26.0,27.0,29.0,31.0,34.0,37.0,38.0,40.0,44.0,50.0,inferred
Daventry,2021-07-10,15.0,19.0,22.0,23.0,24.0,27.0,29.0,31.0,33.0,34.2,36.0,41.0,49.0,inferred
Daventry,2021-07-11,17.0,22.0,26.0,27.0,28.0,30.0,32.0,35.0,38.0,39.0,41.0,46.0,53.0,inferred
Daventry,2021-07-12,28.0,34.0,39.0,41.0,42.0,45.0,48.0,51.0,54.0,56.0,58.0,64.0,73.0,inferred
Daventry,2021-07-13,28.0,34.0,38.0,40.0,42.0,45.0,48.0,51.0,54.0,55.0,57.0,63.0,74.0,inferred
Daventry,2021-07-14,29.0,35.0,39.0,41.0,43.0,46.0,48.0,51.0,54.0,56.0,58.0,64.0,74.0,inferred
Daventry,2021-07-15,28.0,34.0,38.0,40.0,41.0,44.0,47.0,50.0,53.0,55.0,56.0,62.0,71.0,inferred
Daventry,2021-07-16,24.0,29.0,33.0,35.0,36.0,39.0,42.0,44.4,47.0,49.0,51.0,56.0,63.0,inferred
Daventry,2021-07-17,18.0,23.0,27.0,29.0,30.0,33.0,35.0,37.0,40.0,42.0,43.0,48.0,56.0,inferred
Daventry,2021-07-18,20.0,26.0,30.0,31.0,32.0,35.0,37.0,39.0,42.0,43.0,45.0,50.0,57.0,inferred
Daventry,2021-07-19,29.5,37.0,41.0,42.0,44.0,47.0,49.0,52.0,56.0,57.0,59.0,65.0,76.0,inferred
Daventry,2021-07-20,26.0,32.0,36.0,38.0,39.0,42.0,45.0,48.0,51.0,53.0,54.0,60.1,70.0,inferred
Daventry,2021-07-21,25.0,30.0,34.0,35.0,36.0,39.0,42.0,44.0,47.0,49.0,51.0,57.0,65.0,inferred
Daventry,2021-07-22,22.0,27.0,30.0,32.0,33.0,35.0,38.0,41.0,44.0,45.0,47.0,52.0,61.0,inferred
Daventry,2021-07-23,16.0,21.0,24.0,26.0,27.0,30.0,32.0,35.0,37.0,39.0,40.0,45.0,53.0,inferred
Daventry,2021-07-24,12.0,16.0,19.0,20.0,21.0,23.0,25.0,27.0,30.0,31.0,33.0,36.0,43.0,inferred
Daventry,2021-07-25,12.0,16.0,19.0,20.0,21.0,24.0,26.0,28.0,30.0,31.0,32.0,37.0,44.0,inferred
Daventry,2021-07-26,17.0,22.0,25.0,26.0,28.0,30.0,32.0,34.0,37.0,38.0,40.0,45.0,52.0,inferred
Daventry,2021-07-27,16.0,20.0,23.0,25.0,26.0,28.0,30.0,33.0,35.0,37.0,38.0,42.0,49.0,inferred
Daventry,2021-07-28,17.0,21.0,24.0,26.0,27.0,29.0,31.0,33.0,36.0,38.0,39.0,43.0,51.0,inferred
Daventry,2021-07-29,17.0,21.0,25.0,26.0,27.0,29.0,31.0,34.0,36.0,38.0,39.0,44.0,52.0,inferred
Daventry,2021-07-30,15.0,19.0,22.0,24.0,25.0,27.0,29.0,31.0,33.0,35.0,36.0,40.0,50.0,inferred
Daventry,2021-07-31,12.5,16.0,19.0,20.0,22.0,24.0,26.0,28.0,30.0,32.0,33.0,36.0,43.0,inferred
Daventry,2021-08-01,13.5,18.0,22.0,23.0,24.0,26.0,28.0,31.0,33.0,34.0,36.0,40.0,47.0,inferred
Daventry,2021-08-02,22.0,28.0,31.0,33.0,35.0,38.0,40.0,43.0,46.0,47.0,50.0,55.0,63.0,inferred
Daventry,2021-08-03,20.0,26.0,30.0,32.0,33.0,36.0,38.0,41.0,44.0,46.0,48.0,52.0,60.0,inferred
Daventry,2021-08-04,22.0,27.0,31.0,33.0,34.0,37.0,39.0,42.0,45.0,46.0,48.0,54.0,62.0,inferred
Daventry,2021-08-05,21.5,26.0,30.0,32.0,33.0,36.0,38.0,41.0,44.0,45.0,47.0,52.0,60.0,inferred
Daventry,2021-08-06,19.0,23.0,27.0,28.0,30.0,32.0,34.0,36.0,39.0,40.0,41.2,46.0,54.0,inferred
Daventry,2021-08-07,15.0,20.0,22.0,24.0,25.0,27.0,29.0,31.0,34.0,35.0,37.0,41.0,48.0,inferred
Daventry,2021-08-08,16.0,21.0,24.0,26.0,27.0,29.0,31.0,33.0,36.0,37.0,39.0,43.0,50.0,inferred
Daventry,2021-08-09,25.0,29.0,34.0,35.0,37.0,40.0,42.0,45.0,48.0,50.0,52.0,57.0,65.0,inferred
Daventry,2021-08-10,22.0,28.0,32.0,33.0,35.0,37.0,40.0,43.0,46.0,47.0,49.0,54.0,61.0,inferred
Daventry,2021-08-11,22.0,28.0,32.0,34.0,35.0,37.0,40.0,43.0,45.0,47.0,49.0,54.0,62.0,inferred
Daventry,2021-08-12,23.0,27.0,31.0,32.0,34.0,36.0,38.0,41.0,44.0,46.0,48.0,52.0,61.0,inferred
Daventry,2021-08-13,18.0,24.0,27.0,29.0,30.0,32.0,35.0,37.0,40.0,41.0,43.0,48.0,55.0,inferred
Daventry,2021-08-14,15.0,20.0,23.0,24.0,25.0,27.0,29.0,31.0,34.0,36.0,37.0,41.0,49.0,inferred
Daventry,2021-08-15,16.0,21.0,24.0,25.0,26.0,29.0,31.0,33.0,36.0,37.0,39.0,44.0,50.0,inferred
Daventry,2021-08-16,24.0,30.0,34.0,36.0,37.0,40.0,42.0,45.0,48.0,49.0,51.0,57.0,65.0,inferred
Daventry,2021-08-17,22.0,28.0,32.0,33.0,35.0,37.0,40.0,43.0,46.0,48.0,49.0,54.0,62.0,inferred
Daventry,2021-08-18,23.0,28.0,32.0,34.0,35.0,37.6,40.0,42.0,45.0,47.0,48.2,54.0,62.0,inferred
Daventry,2021-08-19,21.0,27.0,30.0,32.0,33.0,36.0,38.0,40.4,44.0,45.0,47.0,52.0,60.0,inferred
Daventry,2021-08-20,20.0,24.0,28.0,29.0,30.0,32.0,34.5,37.0,39.0,41.0,42.0,47.1,55.0,inferred
Daventry,2021-08-21,15.5,20.0,23.0,25.0,26.0,27.6,30.0,32.0,34.0,36.0,38.0,42.0,49.0,inferred
Daventry,2021-08-22,17.0,21.0,25.0,26.0,27.0,29.0,31.0,34.0,36.0,37.0,39.0,44.0,51.0,inferred
Daventry,2021-08-23,24.0,30.0,34.0,35.0,37.0,39.6,42.0,45.0,48.0,49.0,51.0,56.0,66.0,inferred
Daventry,2021-08-24,22.0,28.0,32.0,33.0,35.0,37.0,40.0,42.0,45.0,47.0,48.0,54.0,62.0,inferred
Daventry,2021-08-25,22.0,28.0,31.0,33.0,34.0,37.0,39.0,42.0,45.0,47.0,48.0,54.0,63.0,inferred
Daventry,2021-08-26,21.5,26.0,30.0,31.0,33.0,35.0,38.0,40.0,43.0,45.0,47.0,51.0,60.0,inferred
Daventry,2021-08-27,18.0,23.0,27.0,28.0,30.0,32.0,34.0,37.0,39.0,40.0,42.0,47.0,54.0,inferred
Daventry,2021-08-28,15.0,19.0,22.0,24.0,25.0,27.0,29.0,31.0,33.0,35.0,36.0,41.0,47.0,inferred
Daventry,2021-08-29,16.0,21.0,24.0,25.0,26.0,29.0,31.0,33.0,36.0,37.0,38.0,43.0,50.0,inferred
Daventry,2021-08-30,24.0,30.0,34.0,35.0,37.0,40.0,42.0,45.0,48.0,50.0,52.0,57.0,66.0,inferred
Daventry,2021-08-31,24.0,28.0,32.0,34.0,35.0,38.0,40.0,43.0,46.0,48.0,50.0,54.1,63.0,inferred
Daventry,2021-09-01,24.0,29.0,33.0,34.0,36.0,39.0,41.0,44.0,47.0,49.0,50.0,55.0,63.5,inferred
Daventry,2021-09-02,23.0,28.0,32.0,34.0,35.0,38.0,41.0,44.0,46.0,48.0,50.0,55.0,65.0,inferred
Daventry,2021-09-03,20.0,26.0,29.0,30.0,32.0,34.0,37.0,39.0,42.0,43.0,45.0,51.0,59.0,inferred
Daventry,2021-09-04,17.0,21.0,25.0,26.0,27.0,30.0,32.0,34.0,37.0,39.0,40.0,45.0,52.0,inferred
Daventry,2021-09-05,19.0,23.0,26.0,28.0,29.0,32.0,34.0,37.0,39.0,40.2,42.0,47.1,56.0,inferred
Daventry,2021-09-06,28.0,33.0,38.0,39.0,41.0,43.0,46.0,49.0,52.0,54.0,56.0,61.0,69.0,inferred
Daventry,2021-09-07,24.0,30.0,35.0,36.0,38.0,40.0,43.0,46.0,49.0,51.0,53.0,58.0,69.0,inferred
Daventry,2021-09-08,24.5,30.0,35.0,36.0,38.0,40.0,43.0,46.0,49.0,51.0,53.0,58.0,68.0,inferred
Daventry,2021-09-09,24.0,29.0,33.0,35.0,36.0,38.0,41.0,44.0,47.0,49.0,50.0,55.0,64.0,inferred
Daventry,2021-09-10,21.0,26.0,30.0,31.0,32.0,34.0,37.0,39.0,42.0,43.0,45.0,50.1,59.0,inferred
Daventry,2021-09-11,17.0,21.0,25.0,26.0,27.0,29.0,31.0,33.0,36.0,37.0,39.0,43.0,50.0,inferred
Daventry,2021-09-12,18.0,22.0,25.0,27.0,28.0,30.0,33.0,35.0,38.0,39.0,41.0,46.0,53.0,inferred
Daventry,2021-09-13,26.0,31.0,35.0,37.0,38.0,41.0,44.0,47.0,50.0,52.0,53.0,59.0,67.0,inferred
Daventry,2021-09-14,26.0,32.0,35.0,37.0,38.0,41.0,44.0,47.0,50.0,51.0,53.0,58.0,68.0,inferred
Daventry,2021-09-15,28.0,34.0,38.0,40.0,42.0,45.0,48.0,51.0,54.0,55.0,57.0,62.0,71.0,inferred
Daventry,2021-09-16,31.0,37.0,42.0,43.0,45.0,48.0,50.0,53.0,57.0,59.0,61.0,68.0,75.0,inferred
Daventry,2021-09-17,31.0,37.0,41.0,43.0,45.0,48.0,50.0,53.0,56.0,58.0,60.0,65.0,75.0,inferred
Daventry,2021-09-18,27.0,33.0,38.0,40.0,41.0,44.0,46.0,49.0,52.0,54.0,56.0,61.0,68.0,inferred
Daventry,2021-09-19,33.0,40.0,44.0,46.0,48.0,51.0,54.0,57.0,61.0,63.0,65.0,70.1,80.0,inferred
Daventry,2021-09-20,53.0,62.0,68.0,70.0,72.0,76.0,79.0,83.0,87.0,90.0,93.0,99.0,112.0,inferred
Daventry,2021-09-21,53.5,61.0,67.0,69.0,71.0,75.0,78.0,82.0,86.0,88.0,91.0,98.0,110.0,inferred
Daventry,2021-09-22,55.0,63.0,69.0,71.0,73.0,76.0,80.0,84.0,88.0,90.0,92.0,100.0,110.0,inferred
Daventry,2021-09-23,51.0,61.9,67.0,69.0,71.0,75.0,78.0,82.0,86.0,88.0,91.0,99.0,111.0,inferred
Daventry,2021-09-24,48.0,56.0,61.0,63.0,65.0,68.0,72.0,75.0,79.0,81.0,83.0,89.0,99.0,inferred
Daventry,2021-09-25,39.5,48.0,52.0,54.0,56.0,60.0,62.0,66.0,69.0,71.0,73.0,79.0,89.0,inferred
Daventry,2021-09-26,43.5,52.0,57.0,59.0,61.0,64.0,67.0,70.0,74.0,77.0,79.0,85.0,96.5,inferred
Daventry,2021-09-27,65.0,73.0,79.0,82.0,84.0,88.0,92.0,96.0,101.0,103.0,106.0,112.0,124.0,inferred
Daventry,2021-09-28,61.0,70.0,76.0,79.0,81.0,85.0,88.0,92.0,96.0,98.0,101.0,108.0,121.0,inferred
Daventry,2021-09-29,59.0,69.0,75.0,78.0,80.0,84.0,88.0,91.4,96.0,98.0,101.0,109.0,118.5,inferred
Daventry,2021-09-30,58.0,67.0,73.0,75.0,77.0,81.0,86.0,89.0,93.0,95.0,98.0,105.0,114.0,inferred
Daventry,2021-10-01,52.0,60.0,65.8,68.0,70.0,73.0,76.5,80.0,84.0,86.0,88.0,95.0,106.0,inferred
Daventry,2021-10-02,43.0,50.0,55.0,57.0,59.0,62.0,65.0,68.0,72.0,74.0,76.0,83.0,92.0,inferred
Daventry,2021-10-03,45.0,54.0,59.0,61.0,64.0,67.0,71.0,74.0,77.0,80.0,82.0,89.0,99.0,inferred
Daventry,2021-10-04,67.0,75.0,81.0,84.0,86.0,90.0,94.0,98.0,102.0,105.0,108.0,116.0,128.0,inferred
Daventry,2021-10-05,61.0,71.0,77.0,79.0,82.0,87.0,90.0,94.0,98.0,101.0,103.0,111.0,123.0,inferred
Daventry,2021-10-06,63.0,71.0,78.0,80.0,82.0,86.0,90.0,93.0,98.0,100.0,103.0,110.0,123.5,inferred
Daventry,2021-10-07,62.0,70.0,76.0,78.0,80.0,84.0,88.0,92.0,96.0,98.0,101.0,109.0,120.0,inferred
Daventry,2021-10-08,53.5,62.0,69.0,71.0,73.0,76.0,80.0,84.0,88.0,90.0,92.0,100.0,111.5,inferred
Daventry,2021-10-09,45.5,53.0,58.0,60.0,62.0,66.0,69.0,72.0,75.0,77.0,80.0,86.0,95.0,inferred
Daventry,2021-10-10,50.0,57.0,63.0,65.0,67.0,71.0,74.0,77.0,81.0,84.0,86.0,92.0,105.0,inferred
Daventry,2021-10-11,70.0,80.0,86.0,90.0,92.0,97.0,101.0,105.0,109.0,112.0,115.0,122.0,133.0,inferred
Daventry,2021-10-12,66.0,74.9,82.0,84.0,86.0,90.0,94.0,97.0,102.0,104.2,107.0,115.1,128.5,inferred
Daventry,2021-10-13,64.0,72.0,79.0,81.0,83.0,87.0,91.0,96.0,100.0,102.0,105.0,112.0,125.5,inferred
Daventry,2021-10-14,56.0,66.0,72.0,75.0,77.0,81.0,86.0,89.0,93.0,95.0,98.0,106.0,117.0,inferred
Daventry,2021-10-15,49.0,56.0,62.0,65.0,67.0,70.0,74.0,78.0,82.0,84.0,87.0,94.0,107.0,inferred
Denbighshire,2021-07-03,6.0,9.0,12.0,13.0,14.0,16.0,18.0,20.0,23.0,24.0,26.0,31.0,39.0,inferred
Denbighshire,2021-07-04,6.0,10.0,13.0,14.0,16.0,18.0,20.0,22.0,25.0,26.0,28.0,33.0,41.0,inferred
Denbighshire,2021-07-05,12.0,18.0,21.0,23.0,25.0,28.0,31.0,34.0,37.0,38.0,41.0,47.0,56.0,inferred
Denbighshire,2021-07-06,15.0,20.0,24.0,26.0,28.0,31.0,34.0,37.0,40.0,42.0,44.0,50.0,62.0,inferred
Denbighshire,2021-07-07,18.0,24.0,28.0,30.0,31.7,34.0,38.0,41.0,44.0,46.0,48.0,55.0,67.0,inferred
Denbighshire,2021-07-08,20.0,27.0,31.0,33.0,34.0,38.0,41.0,44.0,48.0,50.0,52.0,60.0,72.0,inferred
Denbighshire,2021-07-09,20.0,26.0,31.0,33.0,34.0,38.0,41.0,44.0,48.0,50.0,52.2,60.0,73.5,inferred
Denbighshire,2021-07-10,19.0,25.0,30.0,32.0,33.0,36.0,39.0,42.0,46.0,48.0,50.0,57.1,68.5,inferred
Denbighshire,2021-07-11,21.0,28.0,33.0,35.0,37.0,40.0,43.0,47.0,51.0,54.0,56.0,63.0,74.0,inferred
Denbighshire,2021-07-12,39.5,49.0,55.0,57.0,60.0,64.0,68.0,72.0,77.0,79.0,83.0,92.0,107.0,inferred
Denbighshire,2021-07-13,43.0,52.0,58.0,61.0,63.0,67.0,71.0,76.0,81.0,84.0,88.0,96.0,110.0,inferred
Denbighshire,2021-07-14,42.0,51.0,59.0,62.0,64.0,69.0,73.0,77.0,82.0,85.0,88.0,98.0,114.0,inferred
Denbighshire,2021-07-15,43.0,51.0,58.0,60.0,63.0,67.0,71.0,76.0,80.0,82.0,86.0,94.1,109.0,inferred
Denbighshire,2021-07-16,36.0,43.0,50.0,52.0,54.0,58.0,62.0,66.0,70.0,73.0,76.0,84.0,95.0,inferred
Denbighshire,2021-07-17,27.0,34.0,40.0,42.0,45.0,48.0,52.0,55.0,60.0,63.0,66.0,74.0,88.0,inferred
Denbighshire,2021-07-18,28.0,35.0,40.0,42.0,44.0,48.0,52.0,56.0,60.0,62.2,65.0,74.1,85.5,inferred
Denbighshire,2021-07-19,42.0,51.0,58.0,60.0,62.0,68.0,72.0,76.0,81.0,84.0,87.0,97.0,111.0,inferred
Denbighshire,2021-07-20,40.0,49.0,56.0,58.0,60.0,64.0,69.0,73.0,78.0,80.0,85.0,94.0,108.5,inferred
Denbighshire,2021-07-21,38.0,47.0,53.0,56.0,59.0,63.0,67.0,71.0,76.0,79.0,82.0,91.0,103.0,inferred
Denbighshire,2021-07-22,34.5,43.0,48.0,50.0,52.0,56.0,61.0,65.0,70.0,73.0,76.0,84.0,98.5,inferred
Denbighshire,2021-07-23,27.5,36.0,41.0,43.0,45.0,49.0,52.0,56.0,60.0,63.0,65.0,73.0,87.0,inferred
Denbighshire,2021-07-24,20.0,28.0,32.0,34.0,36.0,39.0,42.0,46.0,50.0,52.0,54.0,61.0,72.0,inferred
Denbighshire,2021-07-25,18.0,26.0,31.0,33.0,34.0,38.0,41.0,44.0,48.0,50.0,53.0,60.0,73.0,inferred
Denbighshire,2021-07-26,29.0,37.9,43.0,46.0,47.0,52.0,56.0,60.0,64.0,66.0,69.0,77.0,89.0,inferred
Denbighshire,2021-07-27,27.0,35.0,41.0,43.0,45.0,49.0,52.0,56.0,61.0,63.0,67.0,74.0,87.0,inferred
Denbighshire,2021-07-28,24.0,33.0,38.0,40.0,42.0,46.0,50.0,54.0,58.0,60.0,62.0,69.1,81.0,inferred
Denbighshire,2021-07-29,24.0,31.0,36.0,39.0,40.7,44.0,46.0,50.0,55.0,57.0,60.0,66.0,79.0,inferred
Denbighshire,2021-07-30,18.0,25.0,30.0,31.0,33.0,36.0,39.0,42.4,46.0,49.0,51.0,58.0,69.0,inferred
Denbighshire,2021-07-31,15.0,20.0,24.0,26.0,27.0,30.0,33.0,36.0,39.0,41.0,42.0,49.0,59.0,inferred
Denbighshire,2021-08-01,13.0,18.0,23.0,24.0,26.0,29.0,32.0,35.0,37.3,40.0,42.0,48.0,58.0,inferred
Denbighshire,2021-08-02,20.0,27.0,32.0,34.0,36.0,39.0,42.0,46.0,49.0,51.0,54.0,61.0,75.5,inferred
Denbighshire,2021-08-03,19.0,28.0,32.0,34.0,36.0,39.0,43.0,46.0,50.0,52.0,55.0,62.1,74.5,inferred
Denbighshire,2021-08-04,21.5,28.0,33.0,36.0,37.0,41.0,44.0,47.4,51.0,54.0,57.0,63.0,75.0,inferred
Denbighshire,2021-08-05,21.0,28.0,32.0,34.0,36.0,39.0,43.0,46.0,50.0,52.0,55.0,63.0,75.0,inferred
Denbighshire,2021-08-06,20.0,26.0,30.0,32.0,33.0,36.0,40.0,43.0,47.0,49.0,51.0,58.0,67.5,inferred
Denbighshire,2021-08-07,15.0,21.0,25.8,27.0,29.0,32.0,35.0,38.0,41.0,43.0,45.0,51.0,62.0,inferred
Denbighshire,2021-08-08,17.0,22.0,27.0,29.0,30.0,33.0,37.0,40.0,43.0,45.0,47.0,54.0,66.0,inferred
Denbighshire,2021-08-09,27.0,34.0,40.0,42.0,44.0,48.0,52.0,55.0,59.0,61.0,64.0,71.0,84.0,inferred
Denbighshire,2021-08-10,28.0,36.0,42.0,44.0,46.0,50.0,54.0,58.0,63.0,65.0,68.0,76.0,88.0,inferred
Denbighshire,2021-08-11,29.0,37.0,43.0,45.0,48.0,52.0,56.0,59.0,63.0,66.0,69.0,77.0,90.0,inferred
Denbighshire,2021-08-12,32.0,38.0,43.0,45.0,47.0,51.0,55.0,59.0,63.0,65.0,68.0,75.0,88.5,inferred
Denbighshire,2021-08-13,27.0,34.0,39.0,41.0,43.0,47.0,51.0,54.0,58.3,61.0,63.0,71.1,85.0,inferred
Denbighshire,2021-08-14,22.0,29.0,34.0,36.0,38.0,41.0,44.0,48.0,51.0,54.0,56.0,63.0,73.0,inferred
Denbighshire,2021-08-15,22.0,30.0,35.0,37.0,39.0,43.0,46.0,50.0,54.0,56.0,58.0,67.0,78.0,inferred
Denbighshire,2021-08-16,37.0,47.0,53.0,56.0,58.0,61.0,65.0,70.0,75.0,78.0,80.0,88.0,104.0,inferred
Denbighshire,2021-08-17,38.5,48.0,54.0,57.0,59.0,64.0,67.0,73.0,77.0,80.0,83.0,92.0,104.0,inferred
Denbighshire,2021-08-18,40.0,48.0,54.0,57.0,59.0,64.0,67.0,72.0,78.0,81.0,83.0,91.0,106.0,inferred
Denbighshire,2021-08-19,41.0,49.0,54.0,56.0,59.0,64.0,68.0,72.0,76.0,79.0,82.0,91.0,105.0,inferred
Denbighshire,2021-08-20,34.0,41.0,48.0,50.0,53.0,57.0,61.0,65.0,70.0,73.0,76.0,84.0,97.0,inferred
Denbighshire,2021-08-21,26.0,35.0,41.0,43.0,45.0,48.0,52.0,56.0,60.0,63.0,65.0,72.0,84.0,inferred
Denbighshire,2021-08-22,27.0,35.0,41.0,43.0,45.0,49.0,53.0,56.0,60.0,63.0,66.0,73.0,86.0,inferred
Denbighshire,2021-08-23,44.0,54.0,61.0,63.0,66.0,70.0,74.0,79.0,84.0,87.0,90.0,99.0,115.0,inferred
Denbighshire,2021-08-24,45.0,56.0,62.0,65.0,67.0,72.0,76.0,80.0,85.0,88.0,91.0,101.0,117.5,inferred
Denbighshire,2021-08-25,46.0,55.0,62.0,64.0,67.0,72.0,75.0,80.0,85.0,88.0,91.0,99.0,113.0,inferred
Denbighshire,2021-08-26,42.0,51.0,59.0,61.0,64.0,69.0,73.0,77.0,82.0,85.0,88.0,97.0,113.0,inferred
Denbighshire,2021-08-27,37.0,46.0,52.0,54.8,57.0,61.0,65.0,70.0,75.0,77.0,80.0,88.0,102.0,inferred
Denbighshire,2021-08-28,30.0,38.0,43.0,46.0,48.0,52.0,56.0,60.0,64.0,66.0,69.0,76.0,89.0,inferred
Denbighshire,2021-08-29,29.5,38.0,44.0,46.0,49.0,52.0,56.0,60.0,64.0,66.2,69.0,77.1,92.0,inferred
Denbighshire,2021-08-30,47.0,57.0,64.0,66.0,69.0,74.0,78.0,84.0,89.0,92.0,95.0,104.0,120.0,inferred
Denbighshire,2021-08-31,47.0,57.0,64.0,66.0,70.0,75.0,79.0,84.0,89.0,92.0,96.0,105.0,121.0,inferred
Denbighshire,2021-09-01,48.0,57.0,64.0,67.0,70.0,75.0,79.0,84.0,89.0,91.0,95.0,104.0,119.0,inferred
Denbighshire,2021-09-02,45.0,56.9,63.8,66.0,68.0,73.0,78.0,82.0,87.0,90.0,93.0,102.0,115.0,inferred
Denbighshire,2021-09-03,39.0,48.0,55.0,57.0,59.7,64.0,69.0,74.0,79.0,81.0,84.0,93.0,109.0,inferred
Denbighshire,2021-09-04,34.0,42.0,47.0,49.0,51.0,55.0,59.0,63.0,67.0,70.0,73.0,82.0,96.0,inferred
Denbighshire,2021-09-05,32.0,41.0,47.0,49.0,52.0,56.0,59.0,63.0,67.0,70.0,73.0,81.0,94.0,inferred
Denbighshire,2021-09-06,51.0,59.0,66.0,68.0,71.0,75.0,81.0,86.0,91.0,94.0,98.0,107.0,125.0,inferred
Denbighshire,2021-09-07,49.5,59.0,66.0,70.0,72.0,77.0,81.0,86.0,91.0,94.0,98.0,108.0,124.5,inferred
Denbighshire,2021-09-08,49.5,57.0,65.0,68.0,71.0,75.0,80.0,84.0,89.0,92.0,95.0,105.0,122.5,inferred
Denbighshire,2021-09-09,45.0,55.0,62.0,65.0,67.0,71.0,75.0,80.0,84.0,87.0,91.0,100.0,115.0,inferred
Denbighshire,2021-09-10,37.0,46.0,51.0,54.0,56.0,61.0,66.0,70.0,75.0,77.0,80.0,89.0,103.0,inferred
Denbighshire,2021-09-11,29.0,38.0,43.0,46.0,48.0,52.0,55.0,59.0,64.0,67.0,70.0,77.0,89.0,inferred
Denbighshire,2021-09-12,28.5,37.0,42.0,45.0,47.0,50.0,54.0,58.0,61.0,65.0,67.2,76.0,89.0,inferred
Denbighshire,2021-09-13,45.0,54.0,61.0,63.0,66.0,70.0,75.0,80.0,85.0,88.0,92.0,102.0,116.0,inferred
Denbighshire,2021-09-14,48.0,56.0,63.0,66.0,69.0,74.0,78.0,82.0,88.0,90.0,93.0,102.0,115.5,inferred
Denbighshire,2021-09-15,48.0,58.0,65.0,67.0,70.0,75.0,79.0,84.0,88.0,92.0,95.2,105.0,120.0,inferred
Denbighshire,2021-09-16,48.0,57.0,64.0,67.0,69.0,75.0,79.0,83.0,88.0,91.0,94.2,104.0,119.0,inferred
Denbighshire,2021-09-17,43.0,51.9,59.0,62.0,64.0,68.0,72.0,77.0,82.3,86.0,88.0,98.0,112.0,inferred
Denbighshire,2021-09-18,36.5,45.0,51.0,53.0,55.0,59.0,64.0,68.0,73.0,75.0,79.0,86.0,98.0,inferred
Denbighshire,2021-09-19,38.0,47.0,53.0,55.0,57.0,62.0,67.0,71.0,75.0,78.0,81.0,90.0,106.0,inferred
Denbighshire,2021-09-20,58.0,71.0,79.0,82.0,85.0,90.0,95.0,99.0,105.0,109.0,112.0,122.0,141.0,inferred
Denbighshire,2021-09-21,60.0,72.0,79.0,82.0,85.0,90.0,97.0,102.0,108.0,111.2,116.0,124.0,141.5,inferred
Denbighshire,2021-09-22,60.5,72.0,79.0,83.0,86.0,92.0,96.0,102.0,107.3,111.0,114.0,125.0,141.0,inferred
Denbighshire,2021-09-23,58.5,69.0,77.0,79.0,82.0,87.0,91.0,96.0,102.0,105.0,109.0,119.0,135.0,inferred
Denbighshire,2021-09-24,50.0,60.0,67.0,70.0,73.0,77.0,82.0,86.0,91.0,94.0,98.0,108.0,125.0,inferred
Denbighshire,2021-09-25,40.0,49.0,55.0,57.0,60.0,64.0,68.0,73.0,77.0,80.0,83.0,91.0,105.5,inferred
Denbighshire,2021-09-26,39.0,48.0,55.0,57.0,60.0,64.0,69.0,73.0,78.0,80.0,83.0,91.1,106.0,inferred
Denbighshire,2021-09-27,59.0,71.0,79.0,82.0,84.0,89.0,94.0,100.0,105.0,109.0,112.0,121.0,137.5,inferred
Denbighshire,2021-09-28,56.0,68.0,75.0,79.0,82.0,87.0,92.0,97.0,103.0,106.0,110.0,118.1,136.0,inferred
Denbighshire,2021-09-29,56.0,66.0,74.0,77.0,80.0,85.0,90.0,96.0,101.0,104.0,108.0,117.0,136.0,inferred
Denbighshire,2021-09-30,51.5,62.0,69.0,72.0,74.7,79.0,83.0,88.0,93.0,96.0,100.0,111.0,126.0,inferred
Denbighshire,2021-10-01,41.5,51.0,57.0,60.0,62.0,67.0,72.0,77.0,83.0,85.0,88.0,97.1,112.0,inferred
Denbighshire,2021-10-02,33.0,43.0,48.0,51.0,53.0,57.0,61.0,66.0,70.0,72.0,75.0,83.0,98.0,inferred
Denbighshire,2021-10-03,33.0,41.0,47.0,49.0,52.0,56.0,59.0,63.0,67.0,70.0,72.2,81.0,93.0,inferred
Denbighshire,2021-10-04,48.0,59.0,66.0,69.0,72.0,76.0,80.0,85.0,90.0,93.0,97.0,107.0,123.5,inferred
Denbighshire,2021-10-05,51.0,59.0,65.0,69.0,71.7,76.0,81.0,86.0,92.0,96.0,99.0,107.1,122.5,inferred
Denbighshire,2021-10-06,50.0,59.0,68.0,71.0,73.0,77.0,82.0,87.0,92.0,94.0,98.0,107.0,125.5,inferred
Denbighshire,2021-10-07,48.0,58.0,65.0,69.0,71.0,76.0,81.0,86.0,91.0,94.0,98.0,109.0,123.0,inferred
Denbighshire,2021-10-08,43.5,52.0,59.0,61.0,64.0,68.0,72.0,77.0,82.0,86.0,89.0,99.0,113.0,inferred
Denbighshire,2021-10-09,37.0,45.0,51.0,53.0,56.0,60.0,64.0,68.0,73.0,75.0,78.0,87.0,100.0,inferred
Denbighshire,2021-10-10,35.0,44.9,51.0,54.0,57.0,60.0,64.0,68.0,73.0,76.0,80.0,88.0,99.0,inferred
Denbighshire,2021-10-11,57.0,68.0,76.0,79.0,82.0,88.0,93.0,98.0,103.0,107.0,110.0,121.0,137.0,inferred
Denbighshire,2021-10-12,61.5,69.0,77.0,79.0,81.0,86.0,91.0,96.4,102.0,105.0,108.0,117.0,132.5,inferred
Denbighshire,2021-10-13,53.0,66.0,74.0,76.0,79.0,84.6,90.0,95.0,100.0,104.0,108.0,118.0,135.5,inferred
Denbighshire,2021-10-14,51.0,61.0,69.0,73.0,76.0,80.0,86.0,90.0,96.0,99.0,102.2,112.0,130.0,inferred
Denbighshire,2021-10-15,43.0,52.0,59.0,62.0,65.0,69.0,74.0,79.0,84.0,87.2,91.0,101.0,117.0,inferred
Derby,2021-07-03,34.0,42.0,47.0,49.0,51.0,55.0,58.0,62.0,66.0,68.0,71.0,78.0,89.0,inferred
Derby,2021-07-04,39.0,45.0,50.0,53.0,55.0,59.0,63.0,66.0,70.3,73.0,75.0,83.0,95.0,inferred
Derby,2021-07-05,58.0,67.0,74.0,77.0,79.0,84.0,88.0,92.0,97.0,100.0,102.0,110.1,126.0,inferred
Derby,2021-07-06,58.0,69.0,75.0,78.0,80.0,84.0,89.0,93.0,97.0,100.0,103.0,112.0,125.0,inferred
Derby,2021-07-07,67.0,76.0,83.8,86.0,88.0,93.0,97.0,102.0,108.0,110.0,114.0,123.0,137.5,inferred
Derby,2021-07-08,72.0,83.0,90.0,93.0,95.0,100.0,104.0,110.0,115.0,118.0,122.0,130.0,144.0,inferred
Derby,2021-07-09,73.0,82.0,90.0,93.0,96.0,101.0,105.0,109.0,114.0,118.2,122.0,131.0,145.0,inferred
Derby,2021-07-10,68.0,77.0,83.8,87.0,89.0,94.0,99.0,103.0,108.0,111.0,114.0,124.0,138.0,inferred
Derby,2021-07-11,80.0,93.0,100.0,104.0,107.0,112.0,117.0,121.0,126.3,130.0,134.0,143.0,158.0,inferred
Derby,2021-07-12,128.5,143.9,154.8,158.0,161.0,168.0,174.0,181.0,188.0,192.0,195.0,207.0,222.0,inferred
Derby,2021-07-13,125.5,140.0,151.0,154.8,158.7,165.0,171.5,177.0,184.0,189.0,193.0,206.1,225.0,inferred
Derby,2021-07-14,123.5,138.0,148.0,151.0,156.0,162.0,168.0,175.0,182.0,186.0,191.0,202.0,215.5,inferred
Derby,2021-07-15,117.0,131.0,139.0,143.0,146.0,153.0,158.0,164.0,169.3,173.0,178.0,189.0,206.0,inferred
Derby,2021-07-16,97.5,111.0,120.0,123.0,126.0,132.0,137.0,142.0,148.0,151.0,155.0,165.0,182.0,inferred
Derby,2021-07-17,75.5,89.9,98.0,100.0,103.0,108.0,113.0,118.0,123.0,126.0,130.0,140.0,155.5,inferred
Derby,2021-07-18,80.0,91.0,100.0,104.0,106.0,111.0,116.0,121.0,127.0,130.0,133.0,142.0,157.0,inferred
Derby,2021-07-19,109.0,124.0,132.0,137.0,140.0,146.0,151.0,157.0,164.0,167.0,171.0,182.0,199.0,inferred
Derby,2021-07-20,97.0,109.0,119.0,122.0,125.0,130.0,136.0,141.0,146.0,149.0,153.0,163.0,181.0,inferred
Derby,2021-07-21,90.5,101.0,109.0,112.0,116.0,122.0,126.0,131.0,137.0,140.0,144.0,154.0,168.0,inferred
Derby,2021-07-22,79.0,90.0,98.0,102.0,104.0,109.0,114.0,119.0,125.0,127.0,131.0,140.0,153.5,inferred
Derby,2021-07-23,62.5,73.0,80.0,83.0,85.0,90.0,94.0,98.0,104.0,107.0,110.0,119.0,133.0,inferred
Derby,2021-07-24,46.5,55.0,62.0,64.0,66.0,70.0,74.0,78.0,83.0,85.0,88.0,96.0,109.0,inferred
Derby,2021-07-25,46.5,56.0,61.0,63.0,66.0,70.0,74.0,78.0,82.0,84.0,87.0,94.0,105.5,inferred
Derby,2021-07-26,61.5,72.0,79.0,82.0,84.0,89.0,93.0,98.0,103.0,105.0,108.0,116.0,130.0,inferred
Derby,2021-07-27,57.0,68.0,74.0,77.0,79.0,83.0,87.0,92.0,96.3,100.0,103.2,111.0,125.0,inferred
Derby,2021-07-28,62.0,72.0,79.0,82.0,84.0,88.0,93.0,97.0,102.0,105.0,108.0,118.0,133.0,inferred
Derby,2021-07-29,63.0,74.0,82.0,85.0,87.0,92.0,96.0,101.0,105.0,109.0,112.0,120.0,132.0,inferred
Derby,2021-07-30,61.0,71.0,78.0,81.0,84.0,87.0,92.0,97.0,101.0,104.0,107.0,115.0,131.0,inferred
Derby,2021-07-31,55.0,63.0,70.0,73.0,75.0,80.0,84.0,88.0,93.0,96.0,98.0,107.0,122.0,inferred
Derby,2021-08-01,63.0,73.9,80.0,82.8,85.0,90.0,94.0,99.0,104.0,106.0,110.0,120.0,134.5,inferred
Derby,2021-08-02,95.0,108.0,117.0,120.0,123.0,129.0,134.0,140.0,146.0,150.0,153.0,163.0,179.0,inferred
Derby,2021-08-03,96.0,107.0,115.0,118.0,121.0,127.0,132.0,138.0,144.0,147.0,151.0,161.0,177.0,inferred
Derby,2021-08-04,96.5,111.0,119.0,123.0,126.0,131.6,137.0,143.0,150.0,153.0,157.0,167.0,189.0,inferred
Derby,2021-08-05,95.5,110.0,118.0,122.0,125.0,131.0,136.0,141.0,146.0,149.0,153.0,163.0,179.0,inferred
Derby,2021-08-06,88.0,101.0,109.0,113.0,115.0,120.0,126.0,131.0,138.0,142.0,146.0,155.0,169.5,inferred
Derby,2021-08-07,76.0,86.0,95.0,98.0,100.0,105.0,110.0,115.0,120.3,124.0,127.0,138.0,151.0,inferred
Derby,2021-08-08,85.0,96.0,104.0,107.0,110.0,115.0,120.0,125.0,130.0,133.0,137.0,147.0,161.5,inferred
Derby,2021-08-09,123.0,138.0,148.0,151.8,155.0,161.0,167.0,173.0,180.0,183.0,187.0,197.0,217.0,inferred
Derby,2021-08-10,119.5,133.0,142.0,145.0,148.0,155.0,160.0,167.0,172.3,176.0,180.0,191.0,210.5,inferred
Derby,2021-08-11,119.0,133.0,143.0,146.0,150.0,156.0,162.0,168.0,174.0,178.0,182.0,193.0,211.0,inferred
Derby,2021-08-12,114.5,128.0,137.0,141.0,145.0,151.0,157.0,162.4,169.0,172.0,177.0,188.0,207.0,inferred
Derby,2021-08-13,102.0,113.0,123.0,126.0,130.0,136.0,142.0,148.0,154.0,158.0,161.0,172.0,189.0,inferred
Derby,2021-08-14,83.0,96.0,104.0,107.0,110.0,115.0,120.0,124.0,130.0,133.0,136.2,145.0,160.0,inferred
Derby,2021-08-15,91.5,103.9,112.0,115.0,118.0,123.0,128.0,134.0,139.0,142.0,146.0,156.0,173.0,inferred
Derby,2021-08-16,132.0,145.0,154.0,159.0,162.0,168.0,174.0,180.0,186.0,190.0,194.0,206.0,228.0,inferred
Derby,2021-08-17,122.0,135.0,144.8,149.0,152.0,158.0,164.0,170.0,177.0,181.2,186.0,197.0,215.0,inferred
Derby,2021-08-18,118.0,132.0,143.0,147.0,151.0,156.0,163.0,168.4,175.0,179.0,183.0,195.0,214.0,inferred
Derby,2021-08-19,114.0,128.0,137.0,142.0,145.0,150.0,156.0,161.0,168.0,172.0,176.0,186.0,204.0,inferred
Derby,2021-08-20,103.0,114.0,122.0,126.0,129.0,134.0,140.0,145.0,151.0,154.0,158.0,169.0,187.0,inferred
Derby,2021-08-21,84.0,95.0,103.0,106.0,108.0,114.0,118.5,124.0,129.0,132.0,136.0,145.0,159.0,inferred
Derby,2021-08-22,87.0,99.0,108.0,111.0,114.0,119.0,124.0,129.0,134.3,138.0,142.0,152.0,166.0,inferred
Derby,2021-08-23,123.0,138.0,146.0,150.0,154.0,161.0,166.5,172.0,179.0,182.0,186.0,197.0,218.5,inferred
Derby,2021-08-24,114.5,128.0,138.0,141.0,144.0,150.0,156.0,162.0,169.0,173.0,177.0,186.0,205.0,inferred
Derby,2021-08-25,111.0,129.0,137.0,141.0,144.0,150.0,156.0,162.0,169.0,173.0,178.0,188.0,209.0,inferred
Derby,2021-08-26,110.0,123.0,131.0,135.0,138.0,144.0,150.0,156.0,161.0,165.0,169.0,179.0,196.0,inferred
Derby,2021-08-27,98.0,109.0,118.0,121.0,124.0,129.6,135.0,140.0,146.0,149.0,153.0,164.0,183.0,inferred
Derby,2021-08-28,79.5,91.0,99.0,103.0,105.0,110.0,115.0,120.0,126.0,129.0,133.0,142.0,155.0,inferred
Derby,2021-08-29,86.0,97.0,106.0,109.0,112.0,117.0,121.0,128.0,133.0,137.0,140.0,149.0,164.0,inferred
Derby,2021-08-30,123.5,138.0,149.0,152.0,156.0,161.0,167.0,173.0,181.0,185.0,189.0,200.0,217.5,inferred
Derby,2021-08-31,118.0,132.0,141.0,145.0,148.0,154.0,160.0,165.4,172.0,176.0,181.0,193.0,210.0,inferred
Derby,2021-09-01,118.0,133.0,142.0,146.0,149.0,154.0,160.0,166.0,173.0,177.0,181.0,192.0,211.5,inferred
Derby,2021-09-02,115.0,130.0,139.0,142.0,146.0,152.0,158.0,165.0,171.0,174.0,178.0,189.0,208.0,inferred
Derby,2021-09-03,107.5,119.0,128.0,131.0,134.0,140.0,146.0,151.0,157.0,160.0,165.0,174.0,188.0,inferred
Derby,2021-09-04,91.0,101.0,110.0,113.0,115.0,122.0,126.0,131.0,137.0,140.0,144.0,152.1,166.0,inferred
Derby,2021-09-05,94.0,108.0,117.0,120.0,123.0,129.0,135.0,141.0,147.0,151.0,155.0,166.0,181.0,inferred
Derby,2021-09-06,140.0,152.0,163.0,167.0,170.0,177.0,184.0,191.0,198.0,202.0,206.2,218.0,237.5,inferred
Derby,2021-09-07,124.0,138.0,149.0,153.0,156.0,163.0,168.5,175.0,181.0,185.0,189.0,200.0,221.0,inferred
Derby,2021-09-08,117.5,132.0,141.0,146.0,150.0,155.0,161.0,167.0,173.0,176.2,180.0,191.0,205.5,inferred
Derby,2021-09-09,103.0,116.9,126.0,130.0,133.0,139.0,143.0,149.0,154.0,158.0,162.0,173.0,190.5,inferred
Derby,2021-09-10,85.0,97.0,104.0,108.0,110.0,115.0,121.0,125.0,131.0,135.0,138.0,148.0,163.0,inferred
Derby,2021-09-11,64.0,73.9,81.0,84.0,86.0,91.0,96.0,101.0,105.0,108.0,111.0,120.0,134.5,inferred
Derby,2021-09-12,63.0,74.0,81.0,84.0,86.0,91.0,96.0,100.0,106.0,109.0,112.0,120.0,138.0,inferred
Derby,2021-09-13,86.0,97.0,107.0,110.8,114.0,119.0,123.0,128.0,134.0,138.0,142.0,152.0,169.0,inferred
Derby,2021-09-14,77.5,92.0,101.0,104.0,107.0,112.0,117.0,122.0,128.0,131.0,134.0,143.0,157.5,inferred
Derby,2021-09-15,88.5,98.0,106.0,109.0,112.0,117.0,122.0,128.0,134.0,138.0,141.0,150.0,165.5,inferred
Derby,2021-09-16,89.0,100.9,108.0,111.0,115.0,120.0,126.0,131.0,137.0,141.0,145.0,156.0,172.5,inferred
Derby,2021-09-17,84.0,95.0,104.0,107.0,109.0,114.0,120.0,125.0,132.0,134.0,138.0,148.0,162.5,inferred
Derby,2021-09-18,75.0,86.0,93.0,96.0,98.0,103.0,108.0,113.0,118.0,121.0,125.0,134.0,150.0,inferred
Derby,2021-09-19,84.0,95.0,104.0,108.0,111.0,115.0,120.0,126.0,131.0,134.0,138.0,149.0,166.0,inferred
Derby,2021-09-20,125.0,141.0,151.0,155.0,158.0,165.0,172.0,179.0,186.0,189.0,193.0,206.0,224.5,inferred
Derby,2021-09-21,125.0,137.0,146.0,150.0,152.0,159.0,165.0,171.0,177.3,181.0,186.0,197.0,214.0,inferred
Derby,2021-09-22,127.0,140.0,149.0,152.0,155.0,161.0,167.0,173.0,179.0,182.0,185.2,200.0,215.0,inferred
Derby,2021-09-23,117.0,132.0,141.0,144.0,148.0,153.6,158.0,165.0,171.0,175.0,179.0,190.0,208.5,inferred
Derby,2021-09-24,103.5,116.0,125.0,128.0,131.0,138.0,143.0,150.0,156.0,159.0,162.0,174.0,193.0,inferred
Derby,2021-09-25,87.0,98.0,107.0,109.0,112.0,117.0,122.0,127.0,133.0,136.0,140.0,149.0,165.5,inferred
Derby,2021-09-26,93.5,105.0,114.0,117.0,120.0,125.0,130.0,135.0,141.0,145.0,149.0,159.0,176.0,inferred
Derby,2021-09-27,130.0,144.0,154.0,158.0,162.0,168.0,175.0,182.0,189.0,193.0,198.0,210.0,227.5,inferred
Derby,2021-09-28,125.0,139.0,148.0,151.0,155.0,161.0,167.0,173.0,179.3,184.0,188.0,200.0,219.0,inferred
Derby,2021-09-29,128.0,141.0,151.0,155.0,158.0,165.0,171.0,176.0,183.0,186.0,190.0,201.0,220.5,inferred
Derby,2021-09-30,123.0,137.9,146.0,150.0,153.0,159.0,166.5,172.0,179.0,183.2,188.0,200.0,216.0,inferred
Derby,2021-10-01,111.0,124.0,132.0,136.0,139.0,146.0,151.0,156.0,162.0,165.0,169.0,180.0,199.0,inferred
Derby,2021-10-02,94.0,105.0,113.0,116.0,118.0,124.0,129.0,135.0,140.0,144.0,147.2,158.0,174.5,inferred
Derby,2021-10-03,101.0,112.9,121.0,124.8,128.0,134.0,139.0,145.0,150.0,153.2,158.0,167.0,181.5,inferred
Derby,2021-10-04,141.0,158.0,169.0,173.0,176.7,184.0,191.0,196.0,203.3,207.0,212.0,224.0,242.0,inferred
Derby,2021-10-05,137.0,152.0,162.0,166.0,169.0,175.0,181.0,188.0,195.0,198.2,203.0,214.0,236.0,inferred
Derby,2021-10-06,135.0,151.0,160.0,165.0,168.0,175.0,182.0,188.0,194.0,198.0,202.0,214.0,233.0,inferred
Derby,2021-10-07,132.0,148.0,157.0,161.0,165.0,172.0,178.0,184.0,190.0,195.0,199.0,211.0,227.0,inferred
Derby,2021-10-08,121.0,131.0,140.0,144.0,147.0,153.0,161.0,167.0,173.0,177.0,181.0,193.0,209.0,inferred
Derby,2021-10-09,98.5,112.0,121.0,124.0,127.0,132.0,138.0,144.0,150.0,154.0,157.0,166.0,182.0,inferred
Derby,2021-10-10,107.0,120.0,128.0,132.0,136.0,142.0,148.0,153.0,160.0,164.0,168.0,178.0,194.0,inferred
Derby,2021-10-11,150.0,165.0,176.0,182.0,185.0,193.0,200.0,206.0,213.0,218.0,224.0,234.0,251.5,inferred
Derby,2021-10-12,140.5,156.0,166.0,169.0,173.0,179.0,186.0,193.0,200.0,203.0,208.0,221.0,239.5,inferred
Derby,2021-10-13,135.0,149.0,160.0,164.0,168.0,174.6,181.0,188.0,193.3,197.0,202.0,214.0,236.0,inferred
Derby,2021-10-14,126.0,139.0,150.0,154.0,158.0,165.0,171.0,177.0,184.0,187.0,190.0,202.0,222.5,inferred
Derby,2021-10-15,106.0,118.9,129.0,132.0,136.0,142.0,148.0,153.0,160.0,164.0,168.0,179.0,199.0,inferred
Derbyshire Dales,2021-07-03,5.0,8.0,11.0,12.0,12.0,14.0,16.0,17.0,19.0,20.0,21.0,25.0,31.0,inferred
Derbyshire Dales,2021-07-04,7.0,10.0,13.0,14.0,15.0,16.0,18.0,20.0,22.0,24.0,25.0,28.0,35.0,inferred
Derbyshire Dales,2021-07-05,13.0,17.0,20.0,22.0,23.0,25.0,27.0,29.0,32.0,33.0,34.0,38.0,45.0,inferred
Derbyshire Dales,2021-07-06,13.5,18.0,21.0,22.0,24.0,26.0,28.0,30.0,33.0,34.0,36.0,40.0,47.0,inferred
Derbyshire Dales,2021-07-07,16.0,20.0,23.0,25.0,26.0,29.0,31.0,33.0,36.0,37.0,39.0,44.0,52.0,inferred
Derbyshire Dales,2021-07-08,18.0,22.9,26.0,28.0,29.0,31.0,33.5,36.0,38.0,40.0,41.0,47.0,55.5,inferred
Derbyshire Dales,2021-07-09,17.0,23.0,26.0,27.0,28.0,31.0,33.0,36.0,38.0,40.0,42.0,46.0,54.0,inferred
Derbyshire Dales,2021-07-10,16.0,21.0,25.0,26.0,27.0,29.0,31.0,34.0,37.0,38.0,40.0,45.0,52.0,inferred
Derbyshire Dales,2021-07-11,20.0,25.0,30.0,31.0,32.0,35.0,38.0,40.0,43.0,45.0,46.0,51.0,60.0,inferred
Derbyshire Dales,2021-07-12,36.0,41.0,46.0,48.0,49.0,52.0,55.0,58.0,62.0,64.0,66.0,72.0,82.0,inferred
Derbyshire Dales,2021-07-13,32.5,40.0,45.0,47.0,48.0,51.0,55.0,58.0,61.0,64.0,66.0,72.0,81.0,inferred
Derbyshire Dales,2021-07-14,33.0,40.0,44.0,45.0,47.0,51.0,54.0,57.0,60.0,62.2,65.0,71.0,79.5,inferred
Derbyshire Dales,2021-07-15,31.0,37.0,42.0,43.0,45.0,48.0,51.0,54.0,57.0,58.0,61.0,67.0,75.0,inferred
Derbyshire Dales,2021-07-16,25.0,31.0,35.0,37.0,38.0,41.0,44.0,47.0,50.0,52.0,54.0,59.0,68.5,inferred
Derbyshire Dales,2021-07-17,20.0,25.0,29.0,30.0,31.0,34.0,36.0,39.0,41.0,43.0,44.0,49.0,57.0,inferred
Derbyshire Dales,2021-07-18,21.0,26.0,30.0,31.0,32.0,35.0,38.0,40.0,43.0,45.0,46.0,51.0,60.0,inferred
Derbyshire Dales,2021-07-19,29.0,35.0,40.0,42.0,43.0,46.0,49.0,52.0,55.0,57.0,59.0,64.0,72.0,inferred
Derbyshire Dales,2021-07-20,25.0,31.0,35.0,36.0,38.0,41.0,44.0,46.0,50.0,52.0,53.0,59.0,68.0,inferred
Derbyshire Dales,2021-07-21,21.0,27.0,31.0,33.0,34.0,37.0,39.0,42.0,45.0,47.0,48.2,54.0,64.0,inferred
Derbyshire Dales,2021-07-22,19.0,25.0,28.0,30.0,31.0,33.0,35.0,38.0,40.0,42.0,44.0,49.0,57.0,inferred
Derbyshire Dales,2021-07-23,15.0,19.0,22.0,24.0,25.0,27.0,29.0,32.0,34.0,36.0,38.0,42.0,50.0,inferred
Derbyshire Dales,2021-07-24,10.0,14.0,17.0,18.0,19.0,21.0,23.0,25.0,27.0,28.2,30.0,34.0,41.0,inferred
Derbyshire Dales,2021-07-25,10.0,14.0,17.0,18.0,19.0,21.0,23.0,25.0,27.0,28.0,30.0,33.0,40.0,inferred
Derbyshire Dales,2021-07-26,14.0,18.0,22.0,23.0,24.0,27.0,29.0,31.0,33.0,35.0,36.0,41.0,50.0,inferred
Derbyshire Dales,2021-07-27,12.0,16.0,19.0,21.0,22.0,24.0,26.0,28.0,31.0,32.0,34.0,39.0,45.0,inferred
Derbyshire Dales,2021-07-28,13.0,17.0,19.0,21.0,22.0,24.0,26.0,28.0,31.0,32.0,34.0,38.1,47.0,inferred
Derbyshire Dales,2021-07-29,12.0,17.0,20.0,21.0,22.0,24.0,25.0,27.4,30.0,31.0,33.0,37.0,44.5,inferred
Derbyshire Dales,2021-07-30,10.0,14.0,17.0,18.0,19.0,21.0,23.0,25.0,28.0,29.0,30.0,34.0,42.0,inferred
Derbyshire Dales,2021-07-31,8.5,12.0,15.0,16.0,17.0,19.0,20.0,22.0,24.0,25.2,27.0,31.0,38.0,inferred
Derbyshire Dales,2021-08-01,10.0,13.0,16.0,17.0,18.0,20.0,22.0,23.0,25.0,27.0,28.0,32.0,39.0,inferred
Derbyshire Dales,2021-08-02,14.0,20.0,23.0,24.0,25.7,27.0,30.0,32.0,35.0,36.0,38.0,43.0,51.0,inferred
Derbyshire Dales,2021-08-03,14.0,19.0,22.0,23.0,24.0,26.6,29.0,31.0,34.0,35.0,37.0,41.0,49.0,inferred
Derbyshire Dales,2021-08-04,14.0,19.0,22.0,23.0,24.0,26.0,29.0,31.0,33.0,35.0,36.0,40.0,48.0,inferred
Derbyshire Dales,2021-08-05,14.0,18.0,21.0,22.0,24.0,26.0,28.0,31.0,33.0,34.0,35.0,39.0,48.0,inferred
Derbyshire Dales,2021-08-06,12.0,16.0,19.0,20.0,21.0,23.0,25.0,27.0,29.0,31.0,33.0,37.0,44.0,inferred
Derbyshire Dales,2021-08-07,9.0,13.0,15.0,16.0,17.0,19.0,21.0,23.0,25.0,26.0,28.0,32.0,38.5,inferred
Derbyshire Dales,2021-08-08,10.0,14.0,17.0,18.0,19.0,20.0,22.0,24.0,26.0,27.0,29.0,33.0,40.0,inferred
Derbyshire Dales,2021-08-09,15.0,19.0,22.0,24.0,25.0,27.0,29.0,32.0,34.0,36.0,38.0,43.0,50.0,inferred
Derbyshire Dales,2021-08-10,14.0,18.0,21.0,23.0,24.0,26.0,28.0,31.0,33.0,34.0,36.0,40.0,47.0,inferred
Derbyshire Dales,2021-08-11,14.0,18.0,21.0,22.0,23.0,26.0,28.0,30.0,33.0,34.0,35.0,39.1,47.0,inferred
Derbyshire Dales,2021-08-12,13.0,17.0,20.0,22.0,23.0,25.0,28.0,30.0,32.0,33.0,35.0,39.0,46.0,inferred
Derbyshire Dales,2021-08-13,12.0,16.0,19.0,20.0,21.0,23.0,25.0,27.0,29.0,31.0,32.2,37.0,45.0,inferred
Derbyshire Dales,2021-08-14,9.0,13.0,15.0,16.0,17.0,19.0,21.0,23.0,25.0,26.0,28.0,31.0,39.0,inferred
Derbyshire Dales,2021-08-15,10.0,14.0,16.0,17.0,19.0,21.0,22.0,24.0,27.0,28.0,29.0,33.0,40.0,inferred
Derbyshire Dales,2021-08-16,15.0,20.0,24.0,25.0,27.0,29.0,31.0,34.0,36.0,38.0,39.0,43.0,50.0,inferred
Derbyshire Dales,2021-08-17,15.0,20.0,23.0,24.0,25.0,27.6,30.0,32.0,35.0,36.0,38.0,42.0,49.0,inferred
Derbyshire Dales,2021-08-18,16.0,20.0,23.0,25.0,26.0,28.0,30.0,32.4,35.0,37.0,39.0,43.0,51.5,inferred
Derbyshire Dales,2021-08-19,15.0,20.0,23.0,24.0,25.0,27.0,30.0,32.0,34.0,36.0,38.0,42.0,48.5,inferred
Derbyshire Dales,2021-08-20,13.0,17.0,20.0,21.0,22.0,24.0,26.0,28.4,31.0,33.0,34.0,38.0,44.0,inferred
Derbyshire Dales,2021-08-21,10.0,14.0,16.0,17.0,18.0,20.0,22.0,24.0,27.0,28.0,29.0,34.0,40.0,inferred
Derbyshire Dales,2021-08-22,11.0,14.0,17.0,19.0,20.0,22.0,23.5,25.0,27.0,29.0,30.0,34.0,41.5,inferred
Derbyshire Dales,2021-08-23,16.0,22.0,25.0,27.0,28.0,30.0,32.0,35.0,37.0,39.0,41.0,45.0,54.5,inferred
Derbyshire Dales,2021-08-24,15.0,20.0,23.0,24.0,25.0,28.0,30.0,32.0,35.0,36.0,38.0,42.0,50.0,inferred
Derbyshire Dales,2021-08-25,14.0,19.0,23.0,24.0,25.0,27.0,29.0,31.0,34.0,36.0,38.0,42.0,50.0,inferred
Derbyshire Dales,2021-08-26,13.0,18.0,21.0,22.0,24.0,26.0,28.0,30.0,33.0,34.0,36.0,41.0,49.0,inferred
Derbyshire Dales,2021-08-27,12.0,15.0,18.0,20.0,21.0,23.0,25.0,27.0,29.0,31.0,32.0,36.0,44.0,inferred
Derbyshire Dales,2021-08-28,8.0,12.0,15.0,16.0,17.0,19.0,21.0,23.0,25.0,27.0,28.0,32.0,38.0,inferred
Derbyshire Dales,2021-08-29,9.5,14.0,16.0,18.0,19.0,20.0,22.0,24.0,27.0,28.0,29.0,33.0,40.0,inferred
Derbyshire Dales,2021-08-30,15.0,19.0,22.0,24.0,25.0,27.0,30.0,32.0,34.0,36.0,37.0,41.0,49.0,inferred
Derbyshire Dales,2021-08-31,14.0,18.0,21.0,23.0,24.0,26.0,28.0,31.0,33.0,35.0,36.0,40.0,48.0,inferred
Derbyshire Dales,2021-09-01,14.0,19.0,22.0,23.0,24.0,26.0,29.0,31.0,34.0,35.0,37.0,41.0,49.0,inferred
Derbyshire Dales,2021-09-02,15.0,18.0,22.0,23.0,24.0,26.0,29.0,31.0,33.0,35.0,36.0,40.0,47.0,inferred
Derbyshire Dales,2021-09-03,12.0,16.0,19.0,20.0,22.0,24.0,26.0,28.0,30.0,32.0,33.0,37.0,45.0,inferred
Derbyshire Dales,2021-09-04,10.0,13.9,16.0,17.0,18.0,20.0,22.0,24.0,26.0,27.0,29.0,32.1,39.0,inferred
Derbyshire Dales,2021-09-05,10.0,15.0,18.0,19.0,20.0,22.0,24.0,26.0,28.0,30.0,31.0,35.0,41.0,inferred
Derbyshire Dales,2021-09-06,17.0,21.9,25.0,26.0,28.0,31.0,33.0,35.0,38.0,39.0,41.0,46.0,55.0,inferred
Derbyshire Dales,2021-09-07,16.0,21.0,24.0,25.0,26.0,29.0,31.0,33.0,35.0,37.0,38.0,43.0,50.0,inferred
Derbyshire Dales,2021-09-08,15.5,20.0,23.0,25.0,26.0,29.0,31.0,33.0,35.0,37.0,39.0,43.0,51.0,inferred
Derbyshire Dales,2021-09-09,15.0,19.0,22.0,23.0,25.0,27.0,29.0,31.0,34.0,35.0,37.0,41.0,50.0,inferred
Derbyshire Dales,2021-09-10,12.0,17.0,19.0,21.0,22.0,24.0,26.0,28.0,31.0,32.0,34.0,38.1,47.0,inferred
Derbyshire Dales,2021-09-11,10.0,14.0,17.0,18.0,19.0,21.0,23.0,24.4,27.0,28.0,30.0,34.0,40.0,inferred
Derbyshire Dales,2021-09-12,11.0,15.0,18.0,19.0,20.0,22.0,24.0,26.0,29.0,30.0,32.0,36.0,43.0,inferred
Derbyshire Dales,2021-09-13,17.5,22.0,26.0,27.0,29.0,31.0,34.0,36.0,39.0,40.0,42.0,46.0,54.0,inferred
Derbyshire Dales,2021-09-14,17.0,22.0,25.0,27.0,28.0,30.0,33.0,35.0,38.0,39.0,41.0,46.0,54.0,inferred
Derbyshire Dales,2021-09-15,18.0,23.0,27.0,28.0,29.0,32.0,34.0,37.0,40.0,41.0,43.0,48.0,57.0,inferred
Derbyshire Dales,2021-09-16,19.0,25.0,28.0,30.0,31.0,34.0,36.0,38.4,41.0,43.0,44.0,49.0,57.0,inferred
Derbyshire Dales,2021-09-17,19.0,23.0,27.0,28.0,30.0,32.0,35.0,38.0,40.0,42.0,43.0,48.0,57.0,inferred
Derbyshire Dales,2021-09-18,16.0,21.0,24.0,25.0,27.0,29.0,32.0,34.0,37.0,38.0,40.0,44.0,52.0,inferred
Derbyshire Dales,2021-09-19,19.0,24.0,28.0,29.0,31.0,33.0,35.0,38.0,41.0,42.0,44.0,49.0,58.0,inferred
Derbyshire Dales,2021-09-20,32.0,38.0,42.0,44.0,45.0,49.0,52.0,55.0,57.0,59.0,61.0,66.0,76.0,inferred
Derbyshire Dales,2021-09-21,31.0,37.0,41.8,44.0,45.0,48.0,51.0,54.0,57.0,59.0,61.0,66.0,76.0,inferred
Derbyshire Dales,2021-09-22,31.0,38.0,42.0,44.0,46.0,49.0,51.0,54.0,57.0,60.0,62.0,68.0,77.0,inferred
Derbyshire Dales,2021-09-23,30.0,37.0,41.0,43.0,45.0,48.0,50.0,53.0,57.0,59.0,62.0,67.0,76.0,inferred
Derbyshire Dales,2021-09-24,28.0,33.0,37.0,39.0,40.0,43.0,46.0,49.0,52.0,54.0,56.0,61.0,72.0,inferred
Derbyshire Dales,2021-09-25,23.0,28.0,32.0,33.0,35.0,37.0,40.0,42.0,45.0,47.0,49.0,54.0,62.0,inferred
Derbyshire Dales,2021-09-26,25.0,31.0,35.0,36.0,38.0,40.0,43.0,46.0,49.0,51.0,53.0,59.0,68.0,inferred
Derbyshire Dales,2021-09-27,37.5,44.0,49.8,51.0,53.0,56.0,59.0,62.0,65.0,67.0,70.0,76.0,84.5,inferred
Derbyshire Dales,2021-09-28,34.0,42.0,47.0,49.0,51.0,54.0,57.0,60.0,64.0,66.0,68.0,74.1,85.0,inferred
Derbyshire Dales,2021-09-29,36.0,43.0,48.0,50.0,52.0,55.0,58.0,61.0,64.0,66.0,68.0,75.0,85.0,inferred
Derbyshire Dales,2021-09-30,35.0,41.0,46.0,48.0,50.0,53.0,57.0,60.0,63.0,65.0,67.0,73.0,83.0,inferred
Derbyshire Dales,2021-10-01,33.0,38.0,43.0,45.0,46.0,49.0,52.0,56.0,59.0,61.0,63.0,69.0,78.0,inferred
Derbyshire Dales,2021-10-02,27.0,33.0,37.0,39.0,40.0,43.0,46.0,48.0,51.0,53.0,55.0,60.1,69.0,inferred
Derbyshire Dales,2021-10-03,29.0,35.0,40.0,42.0,43.0,46.6,49.0,52.0,55.0,57.0,59.2,65.0,74.0,inferred
Derbyshire Dales,2021-10-04,43.0,50.0,56.0,58.0,60.0,63.0,66.0,70.0,74.0,76.0,78.0,85.0,96.5,inferred
Derbyshire Dales,2021-10-05,41.0,49.0,53.0,56.0,57.0,61.0,64.0,67.0,71.0,73.0,76.0,82.0,92.0,inferred
Derbyshire Dales,2021-10-06,42.0,50.0,55.0,57.0,59.0,62.0,66.0,69.0,72.0,75.0,78.0,84.0,93.0,inferred
Derbyshire Dales,2021-10-07,43.0,50.0,54.0,56.0,59.0,62.0,65.0,69.0,72.0,74.0,76.0,82.1,93.0,inferred
Derbyshire Dales,2021-10-08,38.0,44.0,49.0,51.0,53.0,56.0,59.0,63.0,66.0,68.0,71.0,78.0,88.0,inferred
Derbyshire Dales,2021-10-09,30.0,38.0,42.0,44.0,45.0,48.0,51.0,54.0,57.0,59.0,61.0,66.1,76.0,inferred
Derbyshire Dales,2021-10-10,35.0,42.0,47.0,49.0,51.0,54.0,57.0,60.0,63.0,65.0,67.0,73.0,82.0,inferred
Derbyshire Dales,2021-10-11,52.0,60.0,66.0,68.0,70.0,73.0,77.0,81.0,85.3,88.0,90.0,97.0,108.0,inferred
Derbyshire Dales,2021-10-12,47.5,55.0,62.0,64.0,66.0,69.0,73.0,76.0,80.0,82.0,85.0,92.0,102.0,inferred
Derbyshire Dales,2021-10-13,46.0,53.0,58.0,60.0,62.0,67.0,70.0,74.0,77.0,80.0,82.0,89.0,101.0,inferred
Derbyshire Dales,2021-10-14,41.5,49.0,54.0,56.0,58.0,62.0,65.0,68.0,72.0,74.0,77.0,83.0,92.5,inferred
Derbyshire Dales,2021-10-15,33.0,41.0,45.8,47.0,49.0,52.0,56.0,59.0,62.0,65.0,67.0,73.0,83.0,inferred
Doncaster,2021-07-03,106.0,117.0,127.0,131.0,135.0,141.0,148.0,155.0,164.0,169.0,174.0,191.0,220.0,inferred
Doncaster,2021-07-04,131.0,145.0,157.0,161.0,165.0,171.0,178.0,186.0,194.3,199.0,204.0,218.0,239.0,inferred
Doncaster,2021-07-05,211.0,230.9,244.0,249.0,253.0,262.0,271.0,278.4,287.0,292.0,297.0,313.0,339.0,inferred
Doncaster,2021-07-06,217.0,237.0,249.0,254.0,258.0,266.0,274.0,281.4,290.0,294.0,299.0,315.0,336.0,inferred
Doncaster,2021-07-07,237.0,256.0,267.0,271.0,276.0,284.0,293.0,301.0,309.0,313.2,319.0,332.0,354.0,inferred
Doncaster,2021-07-08,242.5,262.0,275.0,280.0,285.0,292.0,300.0,307.0,316.0,321.0,326.0,340.0,363.0,inferred
Doncaster,2021-07-09,238.0,256.9,268.0,273.0,277.7,287.0,295.0,303.0,310.0,314.0,319.0,332.0,357.5,inferred
Doncaster,2021-07-10,212.0,229.0,242.0,247.0,251.0,259.0,266.0,273.0,281.3,286.0,291.0,305.0,325.0,inferred
Doncaster,2021-07-11,241.0,260.9,275.0,280.0,284.0,293.0,301.0,309.0,317.0,322.0,327.0,343.0,365.0,inferred
Doncaster,2021-07-12,370.5,395.0,410.0,416.0,423.0,434.6,445.0,454.0,466.0,474.0,482.0,500.1,530.5,inferred
Doncaster,2021-07-13,358.0,381.0,399.0,405.0,411.0,421.0,430.0,439.0,451.0,457.2,464.0,481.1,509.0,inferred
Doncaster,2021-07-14,348.5,376.0,396.0,402.0,407.0,417.0,426.0,437.0,448.0,454.0,460.2,476.0,501.0,inferred
Doncaster,2021-07-15,328.0,353.9,367.0,372.0,377.7,386.0,396.0,406.0,417.0,422.0,428.0,443.0,466.5,inferred
Doncaster,2021-07-16,287.0,311.0,325.0,330.0,334.7,343.0,353.0,361.0,371.0,377.0,383.0,397.0,424.5,inferred
Doncaster,2021-07-17,229.0,250.9,262.0,267.0,271.0,279.0,286.0,293.0,301.0,306.0,311.0,326.0,348.0,inferred
Doncaster,2021-07-18,235.5,255.0,269.0,273.0,277.0,287.0,295.0,304.0,313.0,317.0,322.0,336.0,356.0,inferred
Doncaster,2021-07-19,323.0,347.0,363.0,368.0,374.0,384.0,393.0,402.0,411.0,418.0,424.0,442.0,471.5,inferred
Doncaster,2021-07-20,284.0,306.0,319.0,325.0,331.0,339.0,348.0,356.0,365.0,370.0,377.0,393.0,414.0,inferred
Doncaster,2021-07-21,257.5,279.0,291.0,295.0,300.0,309.0,318.0,326.0,335.0,340.0,346.0,360.0,385.0,inferred
Doncaster,2021-07-22,218.0,236.0,250.0,254.0,258.0,267.0,274.0,282.0,291.0,296.0,300.0,315.0,339.0,inferred
Doncaster,2021-07-23,177.0,193.0,203.0,208.0,212.0,219.0,226.0,233.4,241.0,245.0,250.0,263.0,283.0,inferred
Doncaster,2021-07-24,128.0,142.0,150.0,154.0,157.0,164.0,169.0,175.0,181.0,184.0,189.0,200.0,217.0,inferred
Doncaster,2021-07-25,120.0,136.0,145.0,148.0,151.0,158.0,163.0,169.0,175.0,179.0,183.0,195.0,212.0,inferred
Doncaster,2021-07-26,154.0,173.0,183.8,187.8,191.0,199.0,206.0,212.0,219.0,223.0,227.0,239.0,261.0,inferred
Doncaster,2021-07-27,135.0,152.0,161.8,165.0,168.7,175.0,181.0,188.0,195.0,199.0,203.0,214.0,235.0,inferred
Doncaster,2021-07-28,136.0,148.0,158.0,161.0,165.0,172.0,178.0,184.0,192.0,196.0,200.0,210.0,227.0,inferred
Doncaster,2021-07-29,124.0,138.0,149.0,153.0,156.0,161.0,166.0,173.0,179.0,182.2,187.0,198.1,215.0,inferred
Doncaster,2021-07-30,112.0,125.0,134.0,138.0,141.0,146.0,152.0,157.0,164.0,167.0,171.0,182.0,199.5,inferred
Doncaster,2021-07-31,91.0,103.0,110.0,113.0,116.0,121.0,127.0,131.0,137.0,140.0,143.0,152.0,171.5,inferred
Doncaster,2021-08-01,95.0,107.0,116.0,119.0,123.0,128.0,133.0,138.0,143.3,147.0,150.0,160.0,177.5,inferred
Doncaster,2021-08-02,136.0,149.0,160.0,164.0,168.0,174.0,179.0,185.0,192.0,196.0,201.0,214.0,232.0,inferred
Doncaster,2021-08-03,127.0,142.0,151.0,154.0,158.0,164.0,170.0,175.0,181.0,185.0,189.0,201.0,220.0,inferred
Doncaster,2021-08-04,127.0,141.0,151.0,154.8,157.0,165.0,171.5,178.0,183.3,187.0,192.0,202.0,219.0,inferred
Doncaster,2021-08-05,123.0,137.9,147.0,150.0,154.0,160.0,165.0,171.0,178.0,182.0,186.0,198.0,215.0,inferred
Doncaster,2021-08-06,115.0,127.0,136.0,139.0,142.0,149.0,154.0,160.4,166.0,170.0,174.0,185.0,200.0,inferred
Doncaster,2021-08-07,92.0,106.0,114.0,118.0,121.0,126.0,130.0,136.0,141.0,145.0,149.0,158.0,173.0,inferred
Doncaster,2021-08-08,102.0,114.0,123.0,126.0,129.0,134.0,140.0,145.0,151.0,154.0,158.0,168.0,185.5,inferred
Doncaster,2021-08-09,147.0,163.0,174.0,178.0,182.0,188.0,195.0,202.0,209.0,213.0,217.0,231.0,251.0,inferred
Doncaster,2021-08-10,141.0,155.0,166.0,169.0,173.0,180.0,185.0,192.0,199.0,202.0,206.0,218.0,238.0,inferred
Doncaster,2021-08-11,142.0,156.0,166.0,169.8,173.0,179.0,185.0,192.0,198.0,203.0,207.0,219.0,237.5,inferred
Doncaster,2021-08-12,134.0,150.0,159.8,163.0,167.0,174.0,179.0,185.0,192.0,195.0,199.0,210.0,226.0,inferred
Doncaster,2021-08-13,122.0,136.0,145.0,149.0,152.0,158.0,164.0,170.0,177.0,180.0,184.0,194.0,211.0,inferred
Doncaster,2021-08-14,98.0,113.0,121.0,124.0,127.0,132.0,138.0,143.0,149.0,151.0,155.0,165.0,181.0,inferred
Doncaster,2021-08-15,106.0,119.0,128.0,131.0,134.0,141.0,146.0,151.0,158.0,161.0,164.0,174.0,191.0,inferred
Doncaster,2021-08-16,151.0,167.0,179.0,183.0,187.0,194.0,201.0,208.0,215.0,219.2,224.0,238.0,258.0,inferred
Doncaster,2021-08-17,142.0,157.9,166.0,171.0,174.0,180.0,188.0,194.4,202.0,206.0,211.0,223.0,242.5,inferred
Doncaster,2021-08-18,145.0,160.0,170.0,174.0,177.0,184.0,191.0,197.0,204.0,208.0,212.0,225.0,246.0,inferred
Doncaster,2021-08-19,137.0,152.0,162.8,166.0,170.0,176.0,182.0,188.0,194.0,199.0,204.0,216.0,233.0,inferred
Doncaster,2021-08-20,123.5,138.0,148.0,151.0,155.0,161.0,167.0,172.0,178.0,181.2,186.0,197.0,213.5,inferred
Doncaster,2021-08-21,99.5,113.0,121.0,125.0,127.0,133.0,138.0,145.0,150.0,153.0,157.0,167.0,186.0,inferred
Doncaster,2021-08-22,108.0,121.0,130.0,133.0,137.0,142.0,148.0,154.0,160.0,164.0,168.0,178.1,196.0,inferred
Doncaster,2021-08-23,152.5,169.0,180.0,185.0,189.0,196.0,203.0,210.0,218.0,222.0,226.0,237.0,260.5,inferred
Doncaster,2021-08-24,147.0,161.0,171.0,174.0,177.0,184.0,191.0,197.0,204.0,208.0,212.0,226.0,244.0,inferred
Doncaster,2021-08-25,149.0,164.0,174.0,179.0,182.7,189.0,195.0,202.0,208.0,212.0,216.0,229.0,246.0,inferred
Doncaster,2021-08-26,144.0,158.0,169.0,172.0,176.0,182.0,188.0,195.0,201.0,205.0,209.0,221.0,240.0,inferred
Doncaster,2021-08-27,133.0,147.0,156.0,160.0,163.0,169.0,175.0,182.0,189.0,192.0,196.0,207.0,227.0,inferred
Doncaster,2021-08-28,110.0,124.0,133.0,136.0,139.0,144.0,149.0,155.0,162.0,165.0,169.0,180.0,196.0,inferred
Doncaster,2021-08-29,121.0,134.0,143.0,147.0,151.0,157.0,162.0,168.0,174.0,178.2,183.0,192.0,208.0,inferred
Doncaster,2021-08-30,176.5,193.9,205.0,209.0,213.7,220.0,226.0,234.0,242.0,246.2,252.0,268.0,289.0,inferred
Doncaster,2021-08-31,167.0,183.0,194.0,199.0,204.0,210.0,216.0,223.0,230.3,235.0,240.0,250.0,268.0,inferred
Doncaster,2021-09-01,167.0,183.0,194.0,198.0,202.0,208.0,215.0,221.0,229.0,233.0,237.0,251.0,268.0,inferred
Doncaster,2021-09-02,159.5,175.0,185.0,189.0,193.0,199.0,206.0,212.0,219.0,223.0,228.0,239.0,262.0,inferred
Doncaster,2021-09-03,146.0,159.9,170.8,175.0,178.0,184.0,189.0,195.0,202.0,205.0,209.0,222.0,240.5,inferred
Doncaster,2021-09-04,117.5,130.0,140.0,144.0,147.0,153.0,159.0,166.0,171.0,174.2,178.0,190.0,209.0,inferred
Doncaster,2021-09-05,124.5,138.9,148.0,151.8,155.0,162.0,167.0,173.0,179.0,182.0,186.0,199.0,220.0,inferred
Doncaster,2021-09-06,179.0,196.0,208.0,212.0,216.0,222.0,229.0,237.0,244.0,247.0,252.0,265.0,287.5,inferred
Doncaster,2021-09-07,161.0,178.0,188.0,193.0,197.0,204.0,211.0,217.0,226.0,230.0,234.0,248.0,270.0,inferred
Doncaster,2021-09-08,159.0,175.0,187.0,191.0,195.0,201.0,207.0,214.0,221.3,225.0,230.0,242.0,263.5,inferred
Doncaster,2021-09-09,145.0,161.0,169.0,173.0,177.0,183.0,189.0,195.4,203.0,207.0,212.0,227.0,248.5,inferred
Doncaster,2021-09-10,130.0,142.0,151.0,156.0,159.0,165.0,171.0,178.0,184.0,187.0,190.0,201.0,220.5,inferred
Doncaster,2021-09-11,100.5,113.0,122.0,125.0,128.0,133.0,138.0,143.0,149.0,153.0,157.0,167.0,182.0,inferred
Doncaster,2021-09-12,102.0,115.0,124.0,128.0,131.0,137.0,143.0,148.0,154.0,157.0,160.0,170.0,185.0,inferred
Doncaster,2021-09-13,143.5,159.0,170.0,174.0,178.0,185.0,191.0,198.0,205.0,209.0,213.0,226.0,247.0,inferred
Doncaster,2021-09-14,136.0,151.0,161.0,165.0,170.0,176.0,182.0,188.0,196.0,200.0,205.0,215.0,232.5,inferred
Doncaster,2021-09-15,146.0,160.0,171.8,175.0,178.0,185.0,192.0,199.0,206.0,209.0,214.0,225.1,243.5,inferred
Doncaster,2021-09-16,148.5,164.0,173.0,177.0,180.0,187.0,194.0,200.0,207.0,212.0,216.0,228.0,247.5,inferred
Doncaster,2021-09-17,140.0,159.9,170.0,173.0,176.0,182.0,189.0,195.0,202.0,205.0,209.0,221.1,239.0,inferred
Doncaster,2021-09-18,127.5,140.0,149.0,152.0,156.0,162.0,168.0,174.0,180.0,184.0,188.0,198.1,215.0,inferred
Doncaster,2021-09-19,139.0,157.0,167.8,171.0,174.0,181.0,187.0,194.0,200.0,203.2,208.0,220.0,243.0,inferred
Doncaster,2021-09-20,213.0,231.0,244.0,251.0,255.0,263.0,270.0,278.0,286.0,290.0,295.0,309.0,332.5,inferred
Doncaster,2021-09-21,202.5,221.0,233.0,238.0,242.7,250.0,257.0,264.0,274.0,278.0,285.0,297.0,318.0,inferred
Doncaster,2021-09-22,206.5,221.0,231.8,236.0,241.0,250.0,257.0,263.0,272.0,276.0,282.0,296.0,318.0,inferred
Doncaster,2021-09-23,189.0,204.0,215.0,220.0,224.0,231.0,238.0,246.0,254.0,258.2,264.0,276.0,296.5,inferred
Doncaster,2021-09-24,167.0,184.0,194.0,198.0,201.0,208.0,216.0,223.0,230.0,234.0,240.0,250.0,272.0,inferred
Doncaster,2021-09-25,132.0,148.0,158.0,162.8,166.0,173.0,179.0,184.0,191.0,194.0,198.0,211.0,233.5,inferred
Doncaster,2021-09-26,140.0,156.0,166.0,169.0,173.0,179.0,185.0,191.0,198.0,201.0,206.0,218.0,237.0,inferred
Doncaster,2021-09-27,195.9,215.0,228.0,233.0,237.0,245.0,252.0,260.0,267.0,273.0,277.0,291.0,312.0,inferred
Doncaster,2021-09-28,183.0,197.0,210.0,215.0,220.0,227.0,234.0,241.0,249.0,254.0,259.0,274.0,300.0,inferred
Doncaster,2021-09-29,181.0,200.0,213.0,217.0,220.7,228.0,235.0,241.0,250.0,253.0,258.0,272.0,292.5,inferred
Doncaster,2021-09-30,174.0,192.0,204.0,208.0,212.0,219.0,226.0,233.0,241.0,245.0,250.2,263.0,283.5,inferred
Doncaster,2021-10-01,161.0,176.0,186.0,190.0,194.0,200.0,206.0,212.0,219.0,223.0,228.0,239.0,261.0,inferred
Doncaster,2021-10-02,129.5,147.0,155.0,159.0,162.0,168.0,174.0,181.0,188.0,191.0,195.0,207.1,222.0,inferred
Doncaster,2021-10-03,139.5,153.0,163.0,168.0,171.0,177.6,184.5,191.0,197.0,201.0,206.0,218.0,236.0,inferred
Doncaster,2021-10-04,205.5,220.0,233.0,237.0,241.0,249.0,255.0,262.0,270.0,274.0,280.0,293.0,311.0,inferred
Doncaster,2021-10-05,191.0,208.0,220.0,224.0,230.0,237.0,244.0,251.0,259.0,263.0,268.0,281.0,300.0,inferred
Doncaster,2021-10-06,197.0,215.0,225.8,232.0,235.0,243.0,250.0,256.0,265.0,269.0,274.0,288.0,312.0,inferred
Doncaster,2021-10-07,196.5,210.0,223.0,227.0,231.7,238.0,245.5,253.0,261.0,267.0,272.0,285.0,308.0,inferred
Doncaster,2021-10-08,183.0,199.9,209.0,214.0,218.0,225.0,232.0,238.0,246.0,250.0,255.0,267.0,288.5,inferred
Doncaster,2021-10-09,152.0,169.0,179.0,183.0,187.0,193.0,200.0,205.0,213.0,217.0,221.0,233.0,254.0,inferred
Doncaster,2021-10-10,167.0,183.0,195.0,198.0,202.0,209.0,216.0,223.0,230.0,235.0,239.0,252.0,275.0,inferred
Doncaster,2021-10-11,241.0,264.0,278.0,282.0,288.0,297.0,305.0,313.0,321.0,326.0,331.0,347.0,372.0,inferred
Doncaster,2021-10-12,221.0,242.9,256.0,261.0,265.0,275.0,283.0,291.0,300.0,305.0,310.0,326.0,348.0,inferred
Doncaster,2021-10-13,210.5,229.0,241.0,246.0,251.0,260.0,266.0,273.0,283.0,288.0,293.0,309.0,336.0,inferred
Doncaster,2021-10-14,185.0,206.0,217.0,221.8,226.0,234.0,241.0,249.0,258.0,262.0,267.0,280.0,305.0,inferred
Doncaster,2021-10-15,153.0,171.9,183.0,187.0,191.0,198.0,207.0,214.0,221.0,225.0,230.0,243.0,265.0,inferred
Dorset,2021-07-03,25.0,32.0,38.0,40.0,42.0,46.0,49.0,52.0,57.0,59.0,61.0,69.0,81.0,inferred
Dorset,2021-07-04,30.0,37.0,42.0,44.0,46.0,50.0,54.0,58.0,62.0,65.0,68.0,75.0,88.5,inferred
Dorset,2021-07-05,47.0,58.0,65.0,67.0,70.0,75.0,79.0,85.0,90.0,93.0,96.0,105.0,122.0,inferred
Dorset,2021-07-06,53.5,64.0,71.0,74.0,77.0,82.0,86.0,91.0,96.0,99.0,103.0,112.0,126.0,inferred
Dorset,2021-07-07,57.0,68.0,75.0,79.0,81.0,86.0,91.0,96.0,102.0,105.0,108.2,118.0,134.0,inferred
Dorset,2021-07-08,60.0,72.0,79.0,82.0,85.0,89.0,94.0,100.0,106.0,109.0,113.0,122.0,138.0,inferred
Dorset,2021-07-09,60.0,71.0,78.0,82.0,85.0,89.0,94.0,99.0,106.0,109.0,113.0,122.0,141.0,inferred
Dorset,2021-07-10,52.0,63.0,70.0,72.0,75.0,80.0,85.0,90.0,95.0,98.0,100.0,109.0,122.5,inferred
Dorset,2021-07-11,58.0,68.9,77.0,79.8,83.0,88.0,94.0,99.0,105.0,108.0,112.0,122.0,136.0,inferred
Dorset,2021-07-12,93.0,108.0,119.0,122.0,126.0,132.0,139.0,145.0,152.3,157.0,161.0,173.0,195.0,inferred
Dorset,2021-07-13,102.0,119.0,129.0,132.0,136.0,143.0,149.0,156.0,163.0,167.0,171.0,184.0,205.0,inferred
Dorset,2021-07-14,100.0,117.0,127.0,131.0,134.0,141.0,148.0,154.0,161.3,166.0,170.0,183.0,204.5,inferred
Dorset,2021-07-15,102.5,118.9,129.0,133.0,136.0,143.0,149.0,155.0,163.0,166.2,171.0,184.0,201.0,inferred
Dorset,2021-07-16,95.0,109.0,119.0,123.0,127.0,132.0,139.0,145.0,151.0,155.0,159.0,170.1,189.0,inferred
Dorset,2021-07-17,78.0,91.0,99.0,103.0,106.0,112.0,117.0,123.0,129.0,133.0,137.0,147.0,167.0,inferred
Dorset,2021-07-18,81.5,96.0,105.0,108.0,112.0,116.6,122.0,128.0,135.0,139.0,143.0,154.0,175.5,inferred
Dorset,2021-07-19,117.5,135.0,146.0,150.0,154.0,163.0,170.0,177.0,185.0,189.0,194.0,209.0,231.0,inferred
Dorset,2021-07-20,120.0,138.0,148.8,153.0,157.0,164.6,172.0,178.0,185.0,189.0,194.0,210.0,237.0,inferred
Dorset,2021-07-21,116.0,131.0,141.0,145.0,149.0,156.0,164.0,171.0,178.0,182.0,187.0,200.0,225.5,inferred
Dorset,2021-07-22,110.0,125.0,138.0,141.0,144.0,150.0,156.0,163.0,170.0,174.0,179.0,190.1,207.0,inferred
Dorset,2021-07-23,98.0,110.0,119.0,123.0,126.0,133.0,140.0,147.0,153.0,157.0,161.0,172.0,193.0,inferred
Dorset,2021-07-24,72.0,87.0,96.0,99.8,102.0,108.0,113.0,118.0,124.0,128.0,131.0,143.0,163.0,inferred
Dorset,2021-07-25,73.5,87.0,96.0,100.0,103.0,108.0,114.0,120.0,126.0,129.0,134.0,145.0,164.0,inferred
Dorset,2021-07-26,105.5,120.0,130.8,134.0,138.0,145.0,151.0,157.0,165.3,170.0,175.2,190.0,213.5,inferred
Dorset,2021-07-27,111.0,124.9,134.0,138.0,143.0,150.0,156.5,162.0,171.0,175.0,179.2,194.0,213.5,inferred
Dorset,2021-07-28,109.0,125.0,135.0,140.0,144.0,151.0,157.0,163.0,171.0,174.0,178.2,192.0,212.0,inferred
Dorset,2021-07-29,114.0,128.0,137.0,142.0,146.0,152.0,158.0,164.0,172.0,176.0,181.0,194.0,211.0,inferred
Dorset,2021-07-30,102.0,117.0,128.0,132.0,135.0,141.0,147.0,154.0,162.0,167.2,172.0,183.0,202.0,inferred
Dorset,2021-07-31,82.0,97.0,106.0,110.0,114.0,119.0,125.0,131.0,137.0,141.0,145.0,156.0,172.0,inferred
Dorset,2021-08-01,90.0,104.0,113.0,117.0,120.0,126.0,132.0,139.0,145.0,148.0,153.0,164.0,182.0,inferred
Dorset,2021-08-02,129.0,148.0,160.0,165.0,169.0,177.6,184.0,191.0,200.0,205.0,210.0,225.0,246.0,inferred
Dorset,2021-08-03,136.5,150.0,164.0,169.0,173.0,180.6,188.0,196.0,205.0,210.0,216.0,230.1,251.5,inferred
Dorset,2021-08-04,131.0,147.0,158.0,163.0,167.0,175.0,183.0,190.0,197.0,202.0,206.0,221.0,245.0,inferred
Dorset,2021-08-05,128.0,143.9,155.0,159.0,164.0,171.0,178.0,185.0,193.0,196.0,202.0,214.1,237.5,inferred
Dorset,2021-08-06,113.0,129.0,140.0,144.0,148.0,155.0,162.0,169.0,176.0,180.0,184.0,200.0,217.5,inferred
Dorset,2021-08-07,89.5,104.0,113.0,117.0,120.0,127.0,133.0,139.0,146.0,150.0,154.0,165.0,184.0,inferred
Dorset,2021-08-08,90.0,106.0,116.0,120.0,123.0,129.0,135.0,141.0,149.0,152.0,157.0,168.0,189.5,inferred
Dorset,2021-08-09,128.5,146.0,158.0,163.0,167.0,175.0,183.0,191.0,200.0,204.0,209.2,223.0,246.0,inferred
Dorset,2021-08-10,135.0,152.0,164.0,168.0,172.0,181.0,188.0,195.0,202.0,207.0,212.0,227.1,248.0,inferred
Dorset,2021-08-11,135.5,152.0,163.8,167.8,172.0,180.0,187.0,194.0,203.0,207.0,213.0,227.0,247.0,inferred
Dorset,2021-08-12,136.0,153.0,165.0,169.0,173.0,180.0,187.0,195.0,203.0,207.0,212.0,226.0,250.0,inferred
Dorset,2021-08-13,123.0,141.0,153.0,158.0,161.0,169.0,176.0,183.0,191.0,195.0,200.0,213.1,233.0,inferred
Dorset,2021-08-14,103.5,116.0,127.0,131.0,135.0,142.0,149.0,156.0,162.0,167.0,172.0,185.0,203.5,inferred
Dorset,2021-08-15,107.5,125.0,135.0,140.0,144.0,150.0,156.0,164.0,171.0,176.0,181.0,192.0,212.5,inferred
Dorset,2021-08-16,159.0,180.0,194.0,198.0,203.0,211.0,220.0,229.0,238.0,242.0,248.0,262.0,284.5,inferred
Dorset,2021-08-17,166.0,181.0,195.0,200.0,204.0,213.0,221.0,230.0,239.0,244.0,249.2,264.0,296.0,inferred
Dorset,2021-08-18,153.0,170.0,183.0,188.0,192.0,200.0,207.0,215.4,225.0,231.0,237.0,251.0,277.5,inferred
Dorset,2021-08-19,143.5,162.9,173.0,177.0,180.0,188.0,195.0,203.0,210.0,215.0,221.0,235.0,257.0,inferred
Dorset,2021-08-20,124.0,139.0,150.0,155.0,159.0,166.0,174.0,181.0,188.0,192.0,196.0,210.0,235.0,inferred
Dorset,2021-08-21,93.0,107.0,117.0,121.0,124.0,131.0,136.5,143.0,150.0,154.0,159.0,170.0,189.0,inferred
Dorset,2021-08-22,93.0,109.0,117.0,121.0,124.0,130.0,136.0,142.0,149.0,153.0,157.0,171.0,189.0,inferred
Dorset,2021-08-23,128.5,145.0,156.0,160.0,165.0,171.0,178.0,185.0,194.0,198.0,204.0,218.0,237.0,inferred
Dorset,2021-08-24,128.0,143.0,156.0,161.0,166.0,173.6,181.0,188.0,196.0,200.0,206.0,218.0,241.0,inferred
Dorset,2021-08-25,123.0,142.0,152.0,156.8,160.7,168.0,175.0,182.0,191.0,195.2,201.2,214.0,237.0,inferred
Dorset,2021-08-26,121.5,140.0,150.0,154.0,158.0,165.0,172.0,179.0,186.0,190.0,195.0,209.0,230.0,inferred
Dorset,2021-08-27,110.0,126.0,137.0,141.0,145.0,152.0,158.0,164.0,171.0,175.0,180.0,193.0,213.0,inferred
Dorset,2021-08-28,90.5,106.0,114.0,117.0,121.0,127.0,133.5,139.0,145.0,148.2,153.0,164.0,180.5,inferred
Dorset,2021-08-29,92.0,108.0,117.0,121.0,125.0,131.0,136.0,142.0,149.0,153.0,158.0,170.0,187.5,inferred
Dorset,2021-08-30,137.0,151.0,162.0,167.0,171.0,178.0,186.0,193.4,202.0,207.0,212.0,226.0,249.5,inferred
Dorset,2021-08-31,132.0,151.0,164.0,168.0,172.0,181.0,188.0,196.0,204.0,209.0,215.0,229.0,251.0,inferred
Dorset,2021-09-01,130.0,146.0,157.0,162.0,167.0,174.0,181.0,188.0,196.0,201.0,207.0,219.1,241.0,inferred
Dorset,2021-09-02,123.5,140.0,151.0,155.0,159.0,166.0,174.0,181.0,188.0,192.0,198.0,210.0,237.0,inferred
Dorset,2021-09-03,108.0,126.0,136.0,139.0,143.0,149.0,156.0,162.0,169.0,173.0,177.0,192.0,215.0,inferred
Dorset,2021-09-04,86.0,98.0,109.8,113.0,116.0,121.0,127.0,133.0,139.0,142.0,146.0,158.0,175.0,inferred
Dorset,2021-09-05,86.0,99.0,109.0,113.0,116.0,122.0,128.0,134.0,140.0,144.0,147.2,159.0,178.5,inferred
Dorset,2021-09-06,121.0,137.0,149.0,153.0,157.0,164.0,172.0,178.0,188.0,192.0,197.0,211.0,236.5,inferred
Dorset,2021-09-07,118.0,135.0,146.0,151.0,154.0,163.0,169.0,176.0,184.0,189.2,193.0,207.0,231.0,inferred
Dorset,2021-09-08,111.5,127.9,138.0,143.0,146.0,152.0,159.0,166.4,174.0,179.0,183.0,195.1,218.5,inferred
Dorset,2021-09-09,104.0,118.0,130.0,134.0,137.0,143.0,149.0,155.0,163.0,166.0,171.0,184.0,201.5,inferred
Dorset,2021-09-10,90.0,105.0,113.0,117.8,121.0,127.0,133.0,139.0,145.0,149.0,153.0,166.0,185.0,inferred
Dorset,2021-09-11,70.0,81.0,88.8,92.0,95.0,100.0,106.0,111.0,118.0,121.2,125.0,138.0,153.0,inferred
Dorset,2021-09-12,68.0,80.0,88.0,91.0,94.0,101.0,106.0,111.0,118.0,121.0,126.0,135.0,150.0,inferred
Dorset,2021-09-13,97.0,110.0,118.0,123.0,126.0,133.0,140.0,146.0,153.0,157.0,162.0,176.0,202.5,inferred
Dorset,2021-09-14,100.0,115.0,125.0,129.0,132.0,139.0,145.0,151.0,158.0,162.0,167.0,180.0,206.5,inferred
Dorset,2021-09-15,99.0,114.0,124.8,129.0,133.0,140.0,146.0,152.0,160.0,165.0,169.0,183.0,204.0,inferred
Dorset,2021-09-16,104.5,121.0,130.0,134.0,138.0,144.0,151.0,158.0,165.0,169.0,173.0,184.1,207.0,inferred
Dorset,2021-09-17,99.0,114.0,125.0,129.0,132.0,139.0,145.0,152.0,159.0,163.0,167.0,181.0,204.0,inferred
Dorset,2021-09-18,83.0,98.0,107.0,111.0,114.0,120.0,127.0,134.0,140.0,144.0,148.0,161.0,178.0,inferred
Dorset,2021-09-19,91.5,106.0,116.0,120.0,124.0,130.0,136.0,142.0,149.0,154.0,157.0,169.0,187.0,inferred
Dorset,2021-09-20,141.0,157.0,168.0,173.0,177.0,184.6,192.0,200.0,208.0,213.0,219.0,233.0,256.5,inferred
Dorset,2021-09-21,142.0,161.0,173.0,177.0,181.0,190.0,198.5,206.0,215.0,219.0,225.0,238.0,258.5,inferred
Dorset,2021-09-22,146.0,161.0,173.0,178.0,181.0,190.0,197.0,205.0,213.0,218.0,222.2,237.0,264.5,inferred
Dorset,2021-09-23,139.5,156.0,169.0,173.0,177.0,185.0,192.0,200.0,207.0,212.0,216.0,230.1,252.0,inferred
Dorset,2021-09-24,126.0,143.0,154.0,158.0,162.7,170.0,177.0,183.0,190.0,194.2,200.0,214.0,236.5,inferred
Dorset,2021-09-25,100.5,115.0,126.0,131.0,134.0,141.0,148.0,154.0,160.3,164.0,169.0,181.0,200.5,inferred
Dorset,2021-09-26,105.0,121.0,132.0,135.0,139.0,146.0,152.0,159.0,166.3,170.2,176.0,187.1,207.0,inferred
Dorset,2021-09-27,152.0,170.0,183.0,188.8,192.7,201.0,209.0,217.0,225.0,229.2,235.0,251.1,278.0,inferred
Dorset,2021-09-28,150.5,170.0,185.0,190.0,194.0,202.0,211.0,219.0,229.0,233.0,238.0,255.0,277.0,inferred
Dorset,2021-09-29,148.0,165.9,176.0,181.0,185.0,193.0,201.0,209.0,217.0,221.0,226.0,242.0,267.0,inferred
Dorset,2021-09-30,144.0,160.0,171.0,175.0,179.0,186.0,193.0,201.0,209.3,214.2,219.0,230.1,252.0,inferred
Dorset,2021-10-01,126.0,141.0,151.0,156.0,161.0,168.0,174.0,181.0,189.0,193.2,198.0,212.0,235.0,inferred
Dorset,2021-10-02,101.5,114.0,123.0,127.0,130.0,137.0,143.0,149.0,156.0,161.0,164.0,177.0,200.0,inferred
Dorset,2021-10-03,100.0,113.9,124.0,128.0,132.0,139.0,144.0,150.4,158.0,162.0,167.0,182.0,199.0,inferred
Dorset,2021-10-04,133.0,155.0,168.0,173.0,178.0,186.0,193.0,200.0,210.0,216.0,221.0,234.0,256.5,inferred
Dorset,2021-10-05,149.0,164.0,177.0,182.0,186.0,194.0,202.0,209.0,218.0,224.0,229.0,244.0,267.5,inferred
Dorset,2021-10-06,149.5,169.0,181.0,186.0,190.0,198.0,205.5,213.0,222.0,226.2,231.0,248.0,271.0,inferred
Dorset,2021-10-07,159.0,176.0,190.0,193.0,197.7,205.6,214.0,221.0,229.0,234.0,240.0,254.0,276.0,inferred
Dorset,2021-10-08,156.0,173.0,183.0,188.0,192.0,200.0,207.0,214.0,224.0,228.0,234.0,249.0,273.0,inferred
Dorset,2021-10-09,128.0,145.0,158.0,163.0,167.0,175.0,181.0,188.0,196.0,201.0,205.0,218.0,244.5,inferred
Dorset,2021-10-10,143.0,162.0,172.8,177.0,181.0,188.0,195.0,203.0,212.0,216.0,222.0,236.0,262.5,inferred
Dorset,2021-10-11,213.0,239.0,253.0,259.0,264.0,273.0,283.5,291.4,303.0,309.0,315.0,332.0,361.5,inferred
Dorset,2021-10-12,227.0,251.0,265.0,271.0,277.0,287.0,297.0,308.0,318.0,324.0,330.2,347.0,375.0,inferred
Dorset,2021-10-13,231.5,252.0,266.8,272.0,278.0,289.0,297.0,306.0,316.3,323.0,330.0,349.0,380.5,inferred
Dorset,2021-10-14,227.0,254.0,268.0,274.0,280.0,289.0,299.0,308.0,319.0,325.0,332.0,352.0,383.0,inferred
Dorset,2021-10-15,209.0,234.0,248.0,255.0,261.0,272.0,281.0,292.0,304.0,310.0,318.0,338.0,368.0,inferred
Dover,2021-07-03,3.5,6.0,8.0,9.0,10.0,12.0,14.0,16.0,18.0,19.0,20.0,25.0,31.0,inferred
Dover,2021-07-04,5.0,8.0,10.0,12.0,13.0,14.0,16.0,18.0,20.0,21.0,23.0,27.0,35.0,inferred
Dover,2021-07-05,9.5,14.0,17.0,18.0,20.0,22.0,24.0,26.0,29.0,31.0,32.0,37.0,46.0,inferred
Dover,2021-07-06,11.0,14.0,18.0,19.0,20.0,23.0,25.0,27.0,30.0,32.0,34.0,39.0,47.0,inferred
Dover,2021-07-07,12.0,16.0,20.0,21.0,22.0,24.0,27.0,29.0,32.0,34.0,36.0,41.0,50.0,inferred
Dover,2021-07-08,12.0,16.0,20.0,21.0,22.0,25.0,27.0,30.0,33.0,34.0,36.0,41.0,51.0,inferred
Dover,2021-07-09,11.0,16.0,19.0,21.0,22.0,24.0,27.0,29.0,33.0,34.0,36.0,42.0,50.0,inferred
Dover,2021-07-10,9.0,14.0,17.0,18.0,20.0,22.0,24.0,27.0,30.0,32.0,34.0,39.0,47.0,inferred
Dover,2021-07-11,12.0,16.0,19.0,21.0,22.0,25.0,27.0,30.0,33.0,35.0,37.0,42.0,51.0,inferred
Dover,2021-07-12,19.0,25.0,30.0,31.0,33.0,36.0,39.0,42.0,45.0,47.0,50.0,56.0,67.0,inferred
Dover,2021-07-13,19.0,25.0,30.0,31.0,33.0,36.0,39.0,42.0,46.0,48.0,50.2,57.0,69.5,inferred
Dover,2021-07-14,20.0,26.0,31.0,33.0,35.0,38.0,41.0,44.0,48.0,49.0,52.0,58.0,70.0,inferred
Dover,2021-07-15,20.0,26.0,30.8,32.0,33.0,36.0,39.0,42.0,46.0,47.0,49.0,57.0,66.5,inferred
Dover,2021-07-16,18.0,24.0,28.0,29.0,31.0,34.0,36.0,40.0,43.0,45.0,47.0,54.0,64.5,inferred
Dover,2021-07-17,15.0,19.0,23.0,25.0,26.0,29.0,31.0,33.0,37.0,38.0,40.2,46.0,58.0,inferred
Dover,2021-07-18,15.0,21.0,25.0,26.0,27.0,30.0,33.0,35.0,38.0,40.0,42.0,48.0,57.0,inferred
Dover,2021-07-19,23.0,29.0,34.0,36.0,37.0,40.0,44.0,47.0,51.0,53.0,56.0,62.0,73.0,inferred
Dover,2021-07-20,20.5,28.0,32.0,34.0,36.0,39.0,42.0,45.0,49.0,51.0,53.0,60.0,68.5,inferred
Dover,2021-07-21,22.0,27.0,31.0,33.0,35.0,38.0,42.0,45.0,48.0,50.0,52.0,60.0,70.0,inferred
Dover,2021-07-22,19.0,25.0,29.0,30.0,32.0,35.0,38.0,41.0,44.0,47.0,49.0,55.0,65.0,inferred
Dover,2021-07-23,16.0,22.0,25.0,26.0,28.0,31.0,33.0,37.0,40.0,42.0,44.0,50.0,59.5,inferred
Dover,2021-07-24,11.0,16.0,20.0,21.0,23.0,25.0,28.0,31.0,33.0,35.0,36.0,42.0,51.0,inferred
Dover,2021-07-25,11.0,16.0,20.0,22.0,23.0,26.0,28.0,30.0,33.0,35.0,37.0,42.0,52.0,inferred
Dover,2021-07-26,17.0,23.0,27.0,29.0,31.0,34.0,37.0,40.0,43.0,45.0,47.0,53.0,63.0,inferred
Dover,2021-07-27,17.0,22.0,26.0,28.0,30.0,33.0,36.0,38.0,41.0,43.0,46.0,51.0,60.5,inferred
Dover,2021-07-28,17.0,23.0,27.0,29.0,30.0,33.0,36.0,39.0,42.0,44.0,46.0,52.0,62.5,inferred
Dover,2021-07-29,15.5,21.0,25.0,27.0,28.0,31.0,34.0,36.0,40.0,41.0,44.0,49.0,61.0,inferred
Dover,2021-07-30,15.0,19.0,23.0,24.0,26.0,28.0,31.0,34.0,37.0,39.0,41.0,47.0,56.0,inferred
Dover,2021-07-31,11.0,16.0,19.0,21.0,22.0,25.0,27.0,30.0,32.0,34.0,36.0,41.0,51.0,inferred
Dover,2021-08-01,11.0,17.0,20.0,21.0,23.0,25.0,28.0,30.0,33.0,35.0,37.0,42.0,51.0,inferred
Dover,2021-08-02,19.0,25.0,30.0,32.0,33.0,36.0,39.0,42.0,45.3,48.0,50.0,56.0,66.5,inferred
Dover,2021-08-03,18.0,25.0,30.0,31.0,33.0,36.0,39.0,42.0,45.0,48.0,50.0,56.0,68.0,inferred
Dover,2021-08-04,20.0,26.0,31.0,33.0,34.0,37.6,40.0,44.0,47.0,49.0,51.0,58.0,68.0,inferred
Dover,2021-08-05,20.0,26.0,31.0,33.0,34.0,37.0,40.0,43.0,47.0,49.0,52.0,58.1,70.5,inferred
Dover,2021-08-06,19.0,25.0,29.0,31.0,33.0,35.6,39.0,42.0,45.0,47.0,50.0,56.0,65.0,inferred
Dover,2021-08-07,16.5,22.0,26.0,27.0,29.0,32.0,34.0,38.0,41.0,43.0,45.0,51.0,61.0,inferred
Dover,2021-08-08,17.0,24.0,28.0,30.0,31.7,34.0,37.0,40.0,43.0,45.0,47.0,53.0,63.0,inferred
Dover,2021-08-09,29.0,36.0,41.0,43.0,45.0,48.0,52.0,55.0,59.0,61.0,64.0,71.0,81.0,inferred
Dover,2021-08-10,27.0,35.0,40.0,42.0,44.0,48.0,52.0,55.0,59.0,62.0,64.0,73.0,83.5,inferred
Dover,2021-08-11,29.0,37.0,41.0,43.0,45.0,49.0,52.0,55.0,59.0,61.0,63.0,71.1,83.0,inferred
Dover,2021-08-12,27.0,34.9,39.0,41.0,43.0,47.0,50.0,53.0,57.0,59.0,62.0,69.0,81.0,inferred
Dover,2021-08-13,24.0,31.0,35.0,37.0,39.0,42.0,45.0,49.0,52.0,54.0,56.0,64.0,74.0,inferred
Dover,2021-08-14,19.0,24.0,29.0,31.0,32.0,36.0,39.0,42.0,45.0,48.0,50.0,55.0,65.0,inferred
Dover,2021-08-15,19.0,26.0,30.0,32.0,34.0,37.0,40.0,43.0,46.0,48.0,50.0,57.0,67.0,inferred
Dover,2021-08-16,30.0,36.0,41.0,44.0,45.0,48.0,52.0,56.0,60.0,61.0,64.0,71.0,83.0,inferred
Dover,2021-08-17,27.0,34.0,39.0,41.0,43.0,46.0,49.0,53.0,57.0,59.0,61.0,68.0,80.0,inferred
Dover,2021-08-18,27.0,35.0,39.0,41.0,42.0,46.0,49.0,53.0,57.0,59.0,61.0,68.0,78.0,inferred
Dover,2021-08-19,23.0,31.0,35.0,37.0,39.0,42.0,45.0,49.0,53.0,55.0,58.0,64.0,76.0,inferred
Dover,2021-08-20,21.0,27.0,31.0,33.0,35.0,38.0,41.0,44.0,48.0,50.0,52.0,59.0,68.0,inferred
Dover,2021-08-21,16.0,22.0,26.0,28.0,29.0,32.0,35.0,37.0,40.0,42.0,44.0,51.0,59.0,inferred
Dover,2021-08-22,16.0,22.0,25.0,27.0,29.0,32.0,34.0,37.0,41.0,42.0,44.0,50.0,61.5,inferred
Dover,2021-08-23,25.0,31.0,36.0,38.0,39.0,43.0,46.0,49.4,53.0,55.0,57.0,64.0,73.5,inferred
Dover,2021-08-24,23.0,29.0,34.0,36.0,37.0,40.0,43.0,47.0,50.0,53.0,55.0,61.0,72.0,inferred
Dover,2021-08-25,23.0,29.0,35.0,36.0,38.0,41.0,44.0,47.0,51.0,53.0,56.0,62.0,73.0,inferred
Dover,2021-08-26,22.5,28.0,33.0,35.0,37.0,40.0,42.0,46.0,49.0,51.0,53.0,59.0,71.5,inferred
Dover,2021-08-27,20.0,26.0,30.0,32.0,34.0,37.0,39.0,42.0,46.0,47.0,49.0,56.0,67.0,inferred
Dover,2021-08-28,15.0,21.0,25.0,26.0,28.0,31.0,34.0,36.0,39.0,41.0,42.0,48.0,57.0,inferred
Dover,2021-08-29,16.0,21.0,25.0,27.0,28.0,31.0,34.0,37.0,40.0,42.0,44.0,50.0,60.0,inferred
Dover,2021-08-30,25.0,31.0,36.0,38.0,40.0,43.0,46.0,50.0,53.0,55.0,58.0,65.0,77.0,inferred
Dover,2021-08-31,25.0,30.0,35.0,37.0,38.0,41.0,45.0,48.0,52.0,54.0,56.0,63.0,75.0,inferred
Dover,2021-09-01,23.0,30.0,35.0,37.0,39.0,42.0,45.0,49.0,52.0,54.0,56.0,63.0,71.0,inferred
Dover,2021-09-02,22.0,28.0,33.0,35.0,37.0,40.0,43.0,46.0,49.0,51.0,54.0,60.0,71.0,inferred
Dover,2021-09-03,20.5,26.0,30.0,32.0,33.0,37.0,39.0,42.0,46.0,48.0,50.0,55.0,66.0,inferred
Dover,2021-09-04,15.0,21.0,24.0,26.0,27.0,30.0,32.0,35.0,38.0,40.0,42.0,49.0,59.0,inferred
Dover,2021-09-05,16.0,21.0,25.0,27.0,28.0,31.0,34.0,36.0,40.0,42.0,44.0,49.0,57.5,inferred
Dover,2021-09-06,24.0,30.0,34.0,37.0,38.0,41.0,44.0,47.0,51.3,53.0,56.0,62.0,73.0,inferred
Dover,2021-09-07,21.0,28.0,32.0,34.0,35.0,39.0,42.0,45.0,49.0,50.0,53.0,59.0,69.0,inferred
Dover,2021-09-08,21.5,28.0,32.0,34.0,35.0,38.0,41.0,44.0,48.0,50.0,52.0,58.0,69.0,inferred
Dover,2021-09-09,17.0,23.0,28.0,29.0,31.0,34.0,37.0,40.0,43.0,45.0,48.0,54.0,65.0,inferred
Dover,2021-09-10,14.0,20.0,24.0,25.0,27.0,29.0,32.0,35.0,38.0,40.0,43.0,48.0,59.0,inferred
Dover,2021-09-11,10.0,15.0,19.0,20.0,21.0,23.0,26.0,29.0,32.0,34.0,36.0,41.0,50.0,inferred
Dover,2021-09-12,10.0,15.0,19.0,20.0,21.0,24.0,26.0,29.0,31.0,33.0,34.0,40.0,49.0,inferred
Dover,2021-09-13,16.5,21.0,25.0,27.0,28.0,31.0,34.0,37.0,40.0,41.0,43.0,49.0,60.0,inferred
Dover,2021-09-14,15.0,20.0,23.0,25.0,26.0,29.0,32.0,35.0,38.0,40.0,42.0,49.0,58.5,inferred
Dover,2021-09-15,15.0,20.0,24.0,26.0,28.0,30.0,33.0,36.0,39.0,41.0,44.0,50.0,59.0,inferred
Dover,2021-09-16,14.0,20.0,24.0,25.0,26.0,29.0,32.0,34.0,37.0,39.0,41.0,47.0,57.0,inferred
Dover,2021-09-17,12.0,18.0,21.0,23.0,25.0,27.0,30.0,32.0,35.0,37.0,39.0,44.0,54.0,inferred
Dover,2021-09-18,10.0,15.0,18.0,19.0,21.0,23.0,25.0,27.0,30.0,32.0,34.0,39.0,48.0,inferred
Dover,2021-09-19,11.5,16.0,19.0,20.8,22.0,24.0,27.0,29.4,32.0,34.0,36.0,42.0,52.5,inferred
Dover,2021-09-20,17.0,23.0,27.0,29.0,31.0,34.0,37.0,40.0,43.0,45.0,47.0,53.0,64.0,inferred
Dover,2021-09-21,16.5,23.0,27.0,28.8,30.0,33.0,35.5,39.0,42.0,44.0,46.0,52.0,64.5,inferred
Dover,2021-09-22,18.0,23.0,27.0,29.0,31.0,33.0,37.0,39.0,42.0,44.0,46.0,53.0,63.0,inferred
Dover,2021-09-23,16.0,22.0,26.0,27.0,29.0,32.0,35.0,38.0,41.0,43.0,45.0,51.0,60.5,inferred
Dover,2021-09-24,15.0,20.0,24.0,25.0,27.0,29.0,32.0,35.0,38.0,40.0,42.0,47.0,57.0,inferred
Dover,2021-09-25,11.0,16.0,19.0,21.0,22.0,25.0,27.0,30.0,33.0,35.0,37.0,42.0,51.0,inferred
Dover,2021-09-26,12.0,17.0,20.0,21.0,23.0,25.0,28.0,30.0,33.0,35.0,37.0,42.0,52.0,inferred
Dover,2021-09-27,18.5,24.0,28.0,30.0,31.0,35.0,37.0,41.0,44.0,46.0,48.0,54.0,63.5,inferred
Dover,2021-09-28,16.0,23.0,27.0,29.0,30.7,33.0,36.0,39.0,43.0,45.0,47.0,52.0,63.0,inferred
Dover,2021-09-29,18.0,23.0,27.0,29.0,31.0,33.0,36.0,40.0,43.0,45.0,47.0,53.0,64.0,inferred
Dover,2021-09-30,16.0,22.0,26.0,27.8,29.0,32.0,35.0,38.0,41.0,43.0,45.0,51.0,60.5,inferred
Dover,2021-10-01,15.0,21.0,25.0,26.0,28.0,30.6,33.0,36.0,39.0,41.0,43.0,48.0,57.5,inferred
Dover,2021-10-02,12.0,17.0,20.0,22.0,23.0,26.0,28.0,31.0,34.0,36.0,38.0,43.0,51.0,inferred
Dover,2021-10-03,13.0,18.0,22.0,23.0,25.0,27.0,29.0,32.0,35.0,37.0,39.0,45.0,56.0,inferred
Dover,2021-10-04,20.0,27.0,31.0,33.0,35.0,38.0,40.0,44.0,47.0,49.0,52.0,59.0,70.5,inferred
Dover,2021-10-05,20.0,26.0,31.0,32.8,34.0,37.0,40.0,43.4,47.0,49.0,51.0,58.0,69.5,inferred
Dover,2021-10-06,22.0,27.0,32.0,34.0,36.0,39.0,42.0,45.0,48.0,51.0,53.0,59.0,69.0,inferred
Dover,2021-10-07,20.0,26.0,31.0,32.0,34.0,37.0,40.0,44.0,47.0,49.0,52.0,57.0,68.0,inferred
Dover,2021-10-08,19.0,25.0,29.0,31.0,32.7,36.0,39.0,42.0,45.0,47.0,49.0,55.0,67.0,inferred
Dover,2021-10-09,16.0,21.0,24.0,26.0,28.0,30.0,33.0,36.0,39.0,41.0,43.0,49.0,58.0,inferred
Dover,2021-10-10,17.0,22.0,26.0,28.0,29.0,32.0,35.0,38.0,42.0,44.0,46.0,51.0,62.0,inferred
Dover,2021-10-11,26.0,33.0,38.0,40.0,42.0,45.0,48.0,52.0,55.3,58.0,60.0,67.0,77.0,inferred
Dover,2021-10-12,25.0,32.0,37.0,38.0,40.0,43.0,47.0,50.0,54.0,56.0,59.0,66.0,77.0,inferred
Dover,2021-10-13,25.0,31.0,36.0,38.0,40.0,43.0,47.0,50.0,54.0,56.0,58.0,64.0,75.0,inferred
Dover,2021-10-14,21.0,28.0,33.0,35.0,36.0,39.0,43.0,46.0,50.0,52.0,54.0,62.0,76.5,inferred
Dover,2021-10-15,19.0,25.0,29.0,32.0,33.0,36.0,38.0,42.0,46.0,48.2,51.0,57.0,68.0,inferred
Dudley,2021-07-03,56.0,63.0,68.0,70.0,71.0,75.0,78.0,82.0,86.0,88.0,91.0,98.0,110.0,inferred
Dudley,2021-07-04,65.0,73.0,79.0,81.0,83.0,87.0,91.0,94.0,98.0,101.0,104.0,111.0,122.5,inferred
Dudley,2021-07-05,100.0,111.0,119.0,121.8,124.0,128.0,133.0,137.0,143.0,145.0,148.0,156.0,171.5,inferred
Dudley,2021-07-06,106.0,117.0,124.0,127.0,130.0,134.0,138.0,142.0,146.0,148.0,152.0,160.0,174.0,inferred
Dudley,2021-07-07,119.0,131.0,137.0,140.0,142.0,147.0,152.0,156.0,160.3,163.0,167.0,176.0,189.0,inferred
Dudley,2021-07-08,128.0,141.0,148.0,151.0,154.0,158.0,163.0,168.0,174.0,176.2,180.0,190.0,202.5,inferred
Dudley,2021-07-09,131.0,142.0,148.0,151.0,154.0,159.0,163.0,168.0,174.0,177.0,180.0,188.0,202.0,inferred
Dudley,2021-07-10,123.5,134.0,141.0,143.0,145.7,150.0,155.0,159.0,164.0,167.0,170.0,179.0,192.5,inferred
Dudley,2021-07-11,146.0,158.9,166.0,169.0,173.0,177.0,183.0,188.0,193.0,196.0,199.0,209.0,223.0,inferred
Dudley,2021-07-12,225.0,241.0,250.0,254.0,258.0,265.0,273.0,278.0,286.0,289.0,294.0,304.1,324.0,inferred
Dudley,2021-07-13,223.0,240.0,250.0,254.0,258.0,264.0,269.0,275.0,282.0,286.0,290.0,302.1,322.5,inferred
Dudley,2021-07-14,222.0,239.0,249.0,252.0,256.0,263.0,269.0,275.0,282.3,286.2,291.0,302.0,319.0,inferred
Dudley,2021-07-15,214.0,227.0,238.0,242.0,246.0,252.0,257.0,263.0,270.0,273.0,279.0,291.0,308.0,inferred
Dudley,2021-07-16,185.0,200.9,210.0,214.0,216.0,222.0,228.0,234.0,240.0,243.0,247.0,257.0,273.0,inferred
Dudley,2021-07-17,154.0,166.0,175.0,178.0,181.0,186.0,191.0,196.0,202.0,205.0,209.0,218.0,233.0,inferred
Dudley,2021-07-18,162.0,175.0,183.0,186.0,190.0,195.0,200.0,206.0,211.3,215.0,219.0,228.0,243.0,inferred
Dudley,2021-07-19,222.0,236.0,246.0,248.0,252.0,258.0,265.0,272.0,278.0,281.0,286.0,297.0,314.0,inferred
Dudley,2021-07-20,197.0,210.0,220.0,223.0,226.0,232.0,238.0,244.0,250.0,254.0,258.2,269.0,286.5,inferred
Dudley,2021-07-21,182.5,196.0,204.0,209.0,211.0,217.0,222.0,227.0,233.0,236.0,241.0,252.0,269.0,inferred
Dudley,2021-07-22,158.0,169.0,178.0,182.0,185.0,190.0,194.0,199.0,205.0,208.0,212.0,221.0,236.0,inferred
Dudley,2021-07-23,127.0,138.0,146.0,148.8,152.0,157.0,160.0,165.0,170.0,174.0,177.0,186.0,199.0,inferred
Dudley,2021-07-24,96.0,106.0,113.0,115.0,118.0,122.0,125.0,129.0,134.0,136.0,139.0,147.1,159.0,inferred
Dudley,2021-07-25,92.0,103.0,108.0,111.0,113.0,117.0,121.0,126.0,130.0,133.0,135.0,142.0,155.0,inferred
Dudley,2021-07-26,118.0,129.0,136.0,139.0,142.0,146.6,151.0,156.0,161.0,164.0,168.0,175.0,187.0,inferred
Dudley,2021-07-27,108.0,118.0,125.0,128.0,131.0,135.0,139.0,143.0,148.0,150.0,154.0,162.1,176.5,inferred
Dudley,2021-07-28,107.0,117.0,124.0,126.8,129.0,133.0,138.0,143.0,147.0,150.0,153.0,162.0,172.0,inferred
Dudley,2021-07-29,103.0,115.0,122.0,125.0,127.0,131.0,136.0,141.0,145.0,148.0,150.0,158.0,168.0,inferred
Dudley,2021-07-30,95.0,104.0,110.0,113.0,115.0,120.0,124.0,128.0,132.0,135.0,138.0,146.0,157.5,inferred
Dudley,2021-07-31,80.0,88.0,93.0,96.0,99.0,102.0,106.0,110.0,114.0,116.0,119.0,125.0,137.0,inferred
Dudley,2021-08-01,88.0,96.0,102.0,104.8,106.7,111.0,114.0,118.0,122.0,125.0,128.0,135.0,147.0,inferred
Dudley,2021-08-02,121.0,133.0,141.0,144.0,147.7,152.0,157.5,162.0,167.3,170.0,174.0,182.0,196.0,inferred
Dudley,2021-08-03,116.0,126.0,135.0,137.0,140.0,144.6,150.0,154.0,160.0,163.0,165.0,175.0,190.0,inferred
Dudley,2021-08-04,115.5,126.9,134.0,137.0,140.0,145.0,149.0,154.0,159.0,162.0,165.0,174.0,188.0,inferred
Dudley,2021-08-05,113.0,123.0,130.0,134.0,136.0,141.0,145.0,149.4,154.0,157.0,160.0,168.0,181.5,inferred
Dudley,2021-08-06,100.0,111.0,117.0,120.0,122.0,126.0,130.0,135.0,139.0,142.0,144.0,152.1,165.0,inferred
Dudley,2021-08-07,85.0,93.0,99.0,101.0,104.0,108.0,112.0,116.0,120.0,122.0,125.0,132.0,144.0,inferred
Dudley,2021-08-08,91.0,101.0,108.0,110.0,112.0,117.0,121.0,125.0,130.0,132.0,135.0,143.0,155.0,inferred
Dudley,2021-08-09,127.0,140.0,149.0,151.0,153.7,159.0,164.0,168.0,173.0,176.2,180.0,188.0,203.0,inferred
Dudley,2021-08-10,123.5,135.0,141.8,145.0,147.0,152.0,157.0,162.0,167.3,170.0,173.0,182.0,193.0,inferred
Dudley,2021-08-11,123.5,135.0,143.0,145.0,148.0,153.0,157.0,162.0,168.0,171.0,174.0,182.0,193.5,inferred
Dudley,2021-08-12,119.0,130.0,138.0,141.0,143.0,148.0,153.0,157.0,162.3,165.0,168.0,176.1,189.0,inferred
Dudley,2021-08-13,108.0,118.0,125.0,127.0,130.0,134.0,138.0,143.0,147.0,150.2,153.2,161.0,176.0,inferred
Dudley,2021-08-14,90.0,100.0,106.0,109.0,111.0,116.0,119.0,123.0,127.0,129.0,133.0,140.0,152.0,inferred
Dudley,2021-08-15,98.0,107.0,114.0,117.0,119.0,123.0,128.0,132.0,137.0,140.0,143.0,150.0,160.5,inferred
Dudley,2021-08-16,136.0,149.0,158.0,161.0,164.0,169.0,174.0,179.0,185.0,188.0,192.0,201.1,214.5,inferred
Dudley,2021-08-17,130.0,141.0,150.0,154.0,156.7,161.0,166.0,171.0,176.0,179.0,182.0,192.0,208.0,inferred
Dudley,2021-08-18,129.0,143.0,150.0,154.0,157.0,161.0,165.0,170.0,176.0,179.0,182.0,191.0,203.0,inferred
Dudley,2021-08-19,129.0,139.0,146.0,149.0,151.0,156.0,160.0,165.0,170.0,173.0,176.0,185.0,201.0,inferred
Dudley,2021-08-20,111.5,123.0,130.0,133.0,136.0,140.0,145.0,149.0,154.0,157.0,160.0,168.0,181.0,inferred
Dudley,2021-08-21,94.5,104.0,110.0,113.0,115.0,120.0,124.0,128.0,132.0,134.0,136.0,144.0,154.0,inferred
Dudley,2021-08-22,100.5,112.0,119.0,121.0,123.0,128.0,132.0,136.0,141.0,144.0,146.0,154.0,165.0,inferred
Dudley,2021-08-23,141.5,153.0,162.0,165.0,168.0,173.0,178.0,184.0,189.0,192.0,195.0,204.0,217.0,inferred
Dudley,2021-08-24,133.0,146.0,153.8,156.0,159.0,164.0,169.0,174.0,180.0,182.2,186.0,196.0,213.0,inferred
Dudley,2021-08-25,133.0,145.0,152.0,156.0,158.0,163.0,168.0,173.0,178.0,181.0,185.0,193.0,208.0,inferred
Dudley,2021-08-26,129.0,141.0,148.0,151.0,154.0,159.0,164.0,169.0,174.0,177.0,180.0,188.0,202.0,inferred
Dudley,2021-08-27,115.0,127.0,134.0,137.0,139.0,143.0,148.0,153.0,157.0,160.0,163.0,170.0,183.0,inferred
Dudley,2021-08-28,96.0,107.0,113.0,116.0,119.0,123.0,127.0,130.0,135.0,138.0,140.0,147.0,160.0,inferred
Dudley,2021-08-29,103.0,114.0,121.0,123.0,126.0,131.0,134.0,139.0,143.0,146.0,149.0,156.0,168.0,inferred
Dudley,2021-08-30,143.0,157.0,165.0,169.0,172.0,177.0,182.0,187.0,193.0,197.0,200.0,210.0,227.0,inferred
Dudley,2021-08-31,140.0,151.0,159.0,162.0,164.0,169.0,174.0,179.0,185.0,188.0,191.0,199.0,213.0,inferred
Dudley,2021-09-01,141.5,154.9,162.0,165.0,168.0,173.0,178.0,183.0,189.0,191.2,195.0,204.0,219.5,inferred
Dudley,2021-09-02,138.0,151.0,159.0,161.0,164.0,169.0,174.0,178.0,183.0,186.0,190.0,198.1,214.0,inferred
Dudley,2021-09-03,127.0,137.0,144.0,147.0,150.0,155.0,159.0,164.0,168.0,171.0,174.0,182.0,196.0,inferred
Dudley,2021-09-04,108.0,117.0,123.0,126.0,129.0,133.0,137.0,142.0,147.0,149.0,152.0,160.0,172.0,inferred
Dudley,2021-09-05,116.0,127.0,135.0,138.0,140.0,145.0,149.0,154.0,158.0,161.0,164.0,173.0,187.5,inferred
Dudley,2021-09-06,163.5,177.0,186.0,189.0,192.0,198.0,204.0,209.0,215.0,219.0,222.0,233.0,249.0,inferred
Dudley,2021-09-07,150.0,165.0,174.0,178.0,181.0,186.0,191.0,195.0,201.0,204.0,208.0,218.0,232.5,inferred
Dudley,2021-09-08,148.0,158.0,167.0,170.0,173.0,178.0,183.0,189.0,194.3,197.0,201.0,210.0,224.5,inferred
Dudley,2021-09-09,135.0,147.0,155.0,158.0,161.0,165.6,170.0,175.0,180.0,182.0,186.0,194.0,207.0,inferred
Dudley,2021-09-10,114.0,125.0,133.0,136.0,138.0,142.0,147.0,151.0,156.0,159.0,162.0,170.0,182.5,inferred
Dudley,2021-09-11,89.0,101.0,107.0,110.0,112.0,116.0,120.0,124.0,128.0,131.0,133.0,141.0,151.0,inferred
Dudley,2021-09-12,93.0,104.0,111.0,113.8,116.0,119.0,123.0,127.0,131.0,133.0,136.0,142.0,153.0,inferred
Dudley,2021-09-13,127.0,138.0,145.0,148.0,151.0,156.0,161.0,165.0,170.0,173.0,177.0,186.0,200.0,inferred
Dudley,2021-09-14,119.0,130.0,137.0,140.0,142.0,147.0,153.0,157.0,162.0,165.0,168.0,177.0,189.0,inferred
Dudley,2021-09-15,122.0,135.0,142.0,145.0,148.0,152.0,156.0,161.0,166.0,169.0,172.0,181.0,195.0,inferred
Dudley,2021-09-16,126.5,136.0,144.0,146.0,149.0,153.0,158.0,162.0,167.0,170.0,174.0,183.0,195.0,inferred
Dudley,2021-09-17,115.5,126.0,133.0,136.0,139.0,143.0,148.0,152.0,158.0,160.2,164.0,171.0,182.5,inferred
Dudley,2021-09-18,100.5,111.0,118.0,120.0,123.0,127.0,131.0,136.0,140.0,142.0,145.2,152.0,164.0,inferred
Dudley,2021-09-19,113.0,123.0,130.0,133.0,136.0,140.0,145.0,149.0,154.0,156.0,160.0,168.0,182.0,inferred
Dudley,2021-09-20,164.0,176.0,185.0,188.0,191.0,197.0,202.0,207.0,213.0,216.0,221.0,230.0,245.5,inferred
Dudley,2021-09-21,154.5,168.0,176.0,180.0,183.0,188.0,194.0,199.0,203.3,207.0,211.0,223.0,240.5,inferred
Dudley,2021-09-22,153.5,165.0,173.0,177.0,180.0,186.0,191.0,197.0,203.0,206.0,210.0,219.0,233.5,inferred
Dudley,2021-09-23,146.5,158.0,166.0,169.0,171.7,177.0,182.0,186.0,192.0,195.0,198.0,207.0,221.0,inferred
Dudley,2021-09-24,126.0,137.0,145.0,148.0,151.0,155.0,160.0,164.4,169.0,172.0,175.0,185.0,198.0,inferred
Dudley,2021-09-25,103.0,115.0,122.0,124.0,126.0,131.0,135.0,140.0,144.3,148.0,151.0,158.0,172.0,inferred
Dudley,2021-09-26,110.0,120.0,127.0,129.0,132.0,137.0,141.0,146.0,151.0,153.0,156.0,165.0,180.0,inferred
Dudley,2021-09-27,149.5,164.0,173.0,176.0,179.0,184.0,189.0,194.0,201.0,203.2,207.0,217.0,232.0,inferred
Dudley,2021-09-28,142.0,156.0,164.0,167.0,170.0,175.0,180.0,185.0,191.0,194.0,197.0,206.0,222.0,inferred
Dudley,2021-09-29,142.5,156.0,164.0,168.0,171.0,177.0,182.0,187.0,192.0,196.0,199.0,209.0,225.0,inferred
Dudley,2021-09-30,140.0,155.0,163.0,166.0,169.0,174.0,178.0,184.0,190.0,193.0,196.0,205.0,222.0,inferred
Dudley,2021-10-01,132.0,143.0,150.0,153.0,156.0,160.0,165.0,169.0,175.0,177.0,180.0,189.0,204.0,inferred
Dudley,2021-10-02,111.0,122.0,129.0,132.0,134.0,139.0,142.5,147.0,152.0,154.0,158.0,166.0,181.0,inferred
Dudley,2021-10-03,121.0,133.0,141.0,144.0,146.0,151.0,156.0,161.0,166.0,168.0,171.0,180.0,193.0,inferred
Dudley,2021-10-04,174.0,189.0,197.0,200.0,203.0,209.0,214.0,220.0,226.3,230.0,234.0,243.0,262.0,inferred
Dudley,2021-10-05,167.0,180.0,189.8,193.0,196.0,202.0,207.0,212.0,218.0,222.0,226.0,234.0,249.5,inferred
Dudley,2021-10-06,171.0,185.0,193.0,196.0,200.0,206.0,210.0,216.0,222.0,225.0,229.0,239.1,255.0,inferred
Dudley,2021-10-07,168.5,182.9,192.0,195.0,197.0,202.0,208.0,213.0,219.0,222.2,227.0,236.0,249.0,inferred
Dudley,2021-10-08,154.0,165.9,175.0,178.0,181.0,186.0,191.0,196.0,202.0,205.0,209.0,219.0,232.0,inferred
Dudley,2021-10-09,132.0,144.0,151.0,154.0,157.0,161.0,166.0,171.0,176.0,179.0,182.0,191.0,204.5,inferred
Dudley,2021-10-10,143.0,155.0,163.0,166.0,169.0,174.0,179.0,185.0,190.0,193.0,197.0,206.0,221.5,inferred
Dudley,2021-10-11,202.0,217.0,226.0,230.0,234.0,241.0,248.0,254.0,262.0,266.0,270.0,281.0,298.0,inferred
Dudley,2021-10-12,194.0,208.0,217.0,220.0,224.0,230.0,237.0,243.0,249.0,253.0,257.0,267.0,284.0,inferred
Dudley,2021-10-13,189.0,203.0,213.0,218.0,221.0,228.0,235.0,241.0,248.0,251.0,255.0,266.0,282.5,inferred
Dudley,2021-10-14,180.5,194.0,204.0,208.0,211.0,218.0,224.0,230.0,235.0,239.0,243.0,255.1,272.0,inferred
Dudley,2021-10-15,156.5,169.0,179.0,182.0,186.0,193.0,199.0,205.0,211.0,214.0,218.0,229.1,248.0,inferred
Dumfries and Galloway,2021-07-03,5.0,10.0,15.0,17.0,19.0,23.0,27.0,31.0,37.0,40.0,44.0,55.0,73.5,inferred
Dumfries and Galloway,2021-07-04,4.0,9.0,13.0,15.0,17.0,20.0,24.0,29.0,33.0,36.0,39.2,50.0,70.0,inferred
Dumfries and Galloway,2021-07-05,3.0,7.0,11.0,13.0,14.0,17.0,21.0,25.0,30.0,32.0,36.0,45.0,64.5,inferred
Dumfries and Galloway,2021-07-06,4.0,8.0,12.0,14.0,16.0,19.0,23.0,27.0,32.0,36.0,39.0,50.0,70.0,inferred
Dumfries and Galloway,2021-07-07,6.0,11.0,15.8,18.0,20.0,24.0,28.0,33.0,38.0,41.0,45.0,55.0,74.0,inferred
Dumfries and Galloway,2021-07-08,4.0,9.0,13.0,15.0,17.0,20.0,23.5,27.0,32.0,35.0,38.0,47.1,69.0,inferred
Dumfries and Galloway,2021-07-09,5.0,10.0,14.0,16.0,18.0,21.0,24.0,28.0,33.3,37.0,41.0,50.0,70.0,inferred
Dumfries and Galloway,2021-07-10,7.0,12.0,18.0,20.0,22.0,26.0,31.0,35.0,40.0,44.0,48.0,57.0,79.5,inferred
Dumfries and Galloway,2021-07-11,5.0,11.0,16.0,19.0,21.0,25.0,30.0,35.0,40.3,43.0,47.2,59.0,81.0,inferred
Dumfries and Galloway,2021-07-12,4.0,9.0,14.0,15.0,17.0,20.0,24.0,28.4,34.0,37.0,40.0,50.1,72.0,inferred
Dumfries and Galloway,2021-07-13,5.0,11.0,15.0,17.0,19.0,23.0,28.0,32.0,38.0,40.2,45.0,58.0,78.0,inferred
Dumfries and Galloway,2021-07-14,7.0,13.0,19.0,21.0,23.0,28.0,33.0,38.0,44.0,47.0,51.0,63.1,83.0,inferred
Dumfries and Galloway,2021-07-15,5.0,10.0,14.0,16.0,18.0,22.0,26.0,30.0,36.0,39.0,42.0,53.0,74.5,inferred
Dumfries and Galloway,2021-07-16,5.0,10.0,16.0,18.0,21.0,24.0,29.0,33.0,39.0,42.0,46.0,57.0,77.5,inferred
Dumfries and Galloway,2021-07-17,8.0,15.0,21.0,23.0,25.0,29.0,34.0,39.0,46.0,49.0,53.0,66.0,88.5,inferred
Dumfries and Galloway,2021-07-18,7.0,13.0,18.0,20.0,22.0,26.0,31.0,36.0,41.0,44.0,48.0,59.0,79.5,inferred
Dumfries and Galloway,2021-07-19,5.0,9.0,14.0,16.0,18.0,22.0,26.0,30.0,36.0,39.0,43.0,54.1,76.0,inferred
Dumfries and Galloway,2021-07-20,5.0,11.0,15.8,18.0,20.0,24.0,28.0,32.0,38.0,41.0,44.2,56.0,73.0,inferred
Dumfries and Galloway,2021-07-21,7.5,13.0,19.0,21.0,23.0,27.0,32.0,37.0,43.0,47.0,51.0,62.0,82.0,inferred
Dumfries and Galloway,2021-07-22,4.0,9.0,13.0,15.0,17.0,22.0,26.0,29.0,35.0,38.0,42.0,55.0,75.0,inferred
Dumfries and Galloway,2021-07-23,4.0,9.0,14.0,16.0,18.0,21.6,25.0,29.0,35.0,38.0,42.0,52.0,70.0,inferred
Dumfries and Galloway,2021-07-24,6.0,11.0,17.0,19.0,21.0,25.0,29.0,34.0,40.0,44.0,48.0,59.0,83.5,inferred
Dumfries and Galloway,2021-07-25,4.0,9.0,14.0,16.0,18.0,22.0,27.0,31.0,37.0,40.0,43.0,55.0,71.5,inferred
Dumfries and Galloway,2021-07-26,3.0,7.0,11.0,13.0,14.0,17.0,21.0,25.0,30.0,33.0,37.0,47.0,67.0,inferred
Dumfries and Galloway,2021-07-27,3.0,7.0,11.0,13.0,15.0,18.0,22.0,27.0,32.0,35.0,39.0,49.0,66.5,inferred
Dumfries and Galloway,2021-07-28,5.0,10.0,15.0,17.0,19.0,23.0,27.0,32.0,37.0,40.0,44.0,54.1,75.0,inferred
Dumfries and Galloway,2021-07-29,3.0,7.0,11.0,13.0,15.0,18.0,22.0,26.0,31.0,34.0,38.0,49.0,72.0,inferred
Dumfries and Galloway,2021-07-30,4.0,8.0,12.0,14.8,16.0,20.0,24.0,28.0,33.0,36.0,39.0,49.0,69.0,inferred
Dumfries and Galloway,2021-07-31,6.0,12.0,16.0,19.0,21.0,25.0,29.0,34.0,40.0,43.0,48.0,61.0,80.0,inferred
Dumfries and Galloway,2021-08-01,5.0,11.0,16.0,18.0,20.0,24.0,29.0,33.0,38.0,42.0,45.0,56.0,77.0,inferred
Dumfries and Galloway,2021-08-02,3.0,8.0,12.0,14.0,16.0,19.0,23.0,28.0,34.0,37.0,40.0,49.0,70.5,inferred
Dumfries and Galloway,2021-08-03,5.0,10.0,14.8,16.0,18.0,22.0,27.0,31.0,36.0,38.2,44.0,54.0,76.0,inferred
Dumfries and Galloway,2021-08-04,7.0,13.0,18.8,22.0,24.0,28.0,33.0,39.0,45.0,48.0,53.0,65.0,85.0,inferred
Dumfries and Galloway,2021-08-05,6.0,12.0,17.0,19.0,21.0,25.0,29.0,33.4,39.0,42.0,46.0,58.0,80.0,inferred
Dumfries and Galloway,2021-08-06,8.0,13.0,19.0,21.0,23.0,28.6,33.0,37.0,43.0,46.0,49.2,61.0,83.5,inferred
Dumfries and Galloway,2021-08-07,11.0,18.0,25.0,28.0,31.0,36.0,41.0,47.0,53.0,58.0,62.2,76.0,97.5,inferred
Dumfries and Galloway,2021-08-08,10.0,17.0,24.8,27.0,30.0,35.0,40.5,45.0,52.0,55.0,59.0,71.0,97.0,inferred
Dumfries and Galloway,2021-08-09,8.0,15.0,21.0,24.0,26.0,31.6,36.0,40.0,47.0,51.0,55.0,67.0,94.5,inferred
Dumfries and Galloway,2021-08-10,13.0,20.0,26.0,29.0,32.0,37.0,43.0,49.0,55.0,60.0,64.0,77.0,96.0,inferred
Dumfries and Galloway,2021-08-11,21.0,29.0,36.8,40.0,43.0,49.0,55.0,61.0,69.0,75.0,79.0,93.0,118.5,inferred
Dumfries and Galloway,2021-08-12,17.0,26.0,33.0,37.0,39.0,45.0,51.0,58.0,64.3,69.0,74.0,88.0,112.0,inferred
Dumfries and Galloway,2021-08-13,21.0,31.9,41.0,44.0,48.0,54.0,61.0,68.0,76.0,80.0,85.0,99.0,123.0,inferred
Dumfries and Galloway,2021-08-14,33.5,46.0,56.0,61.0,65.0,72.0,79.5,87.0,96.3,102.0,107.0,121.0,157.5,inferred
Dumfries and Galloway,2021-08-15,35.0,48.0,59.0,64.0,67.0,75.0,83.0,91.0,101.0,105.0,111.0,128.0,157.0,inferred
Dumfries and Galloway,2021-08-16,30.0,47.0,57.0,61.0,65.0,73.0,80.0,89.0,98.0,104.0,110.0,126.0,156.0,inferred
Dumfries and Galloway,2021-08-17,42.5,57.0,69.0,73.0,77.0,84.0,92.0,100.0,109.0,115.0,121.0,137.0,169.5,inferred
Dumfries and Galloway,2021-08-18,57.0,74.0,86.0,91.8,96.0,105.0,114.0,123.0,134.0,140.0,149.0,170.0,203.5,inferred
Dumfries and Galloway,2021-08-19,45.0,61.0,74.0,79.0,84.0,92.0,101.0,109.0,120.0,126.0,133.0,152.0,183.0,inferred
Dumfries and Galloway,2021-08-20,57.0,71.0,83.0,88.0,92.0,100.0,109.0,118.0,129.0,136.0,143.0,162.0,199.0,inferred
Dumfries and Galloway,2021-08-21,70.0,88.9,103.0,110.0,115.0,124.0,133.0,143.0,154.0,161.0,167.0,187.0,219.0,inferred
Dumfries and Galloway,2021-08-22,66.0,86.0,101.0,106.0,110.0,120.0,130.0,140.0,152.3,159.0,168.0,189.0,223.5,inferred
Dumfries and Galloway,2021-08-23,59.0,77.0,90.0,95.0,100.0,111.0,121.0,130.0,141.3,148.0,155.0,177.0,207.0,inferred
Dumfries and Galloway,2021-08-24,67.0,86.0,99.8,105.0,110.0,120.0,129.0,139.0,152.0,159.0,167.0,187.0,226.0,inferred
Dumfries and Galloway,2021-08-25,80.0,102.0,119.0,126.0,131.0,140.0,150.0,161.0,174.0,181.0,191.0,214.0,250.0,inferred
Dumfries and Galloway,2021-08-26,63.0,85.0,96.0,102.0,108.0,117.0,127.5,138.0,149.0,155.0,163.2,182.1,216.0,inferred
Dumfries and Galloway,2021-08-27,69.0,87.9,102.0,107.0,113.0,123.0,132.0,141.0,151.3,158.0,166.0,184.0,219.5,inferred
Dumfries and Galloway,2021-08-28,84.5,104.0,121.0,127.0,132.0,141.6,153.0,163.0,175.0,182.0,190.0,209.0,244.5,inferred
Dumfries and Galloway,2021-08-29,76.0,96.0,110.0,116.0,122.0,132.0,142.0,152.0,164.0,171.0,181.0,205.0,240.5,inferred
Dumfries and Galloway,2021-08-30,58.0,77.0,90.8,96.0,102.0,110.0,120.0,130.0,141.0,146.0,153.0,175.0,203.5,inferred
Dumfries and Galloway,2021-08-31,62.5,84.0,99.0,104.0,109.0,119.0,129.0,139.0,149.0,156.0,164.0,185.0,221.0,inferred
Dumfries and Galloway,2021-09-01,74.5,98.0,114.0,120.8,126.0,138.0,146.0,157.0,169.0,174.0,182.0,208.0,242.5,inferred
Dumfries and Galloway,2021-09-02,58.0,76.0,88.8,93.0,98.7,108.0,117.0,128.0,140.0,145.0,151.0,172.0,205.0,inferred
Dumfries and Galloway,2021-09-03,56.5,75.0,88.0,94.0,98.0,108.0,116.0,126.0,137.0,143.2,150.0,168.0,197.0,inferred
Dumfries and Galloway,2021-09-04,67.0,87.0,101.8,108.0,114.0,124.0,133.5,144.0,155.0,162.0,171.0,196.0,236.5,inferred
Dumfries and Galloway,2021-09-05,61.0,77.0,92.0,98.0,104.0,113.0,122.0,133.0,144.0,149.0,156.0,174.0,205.5,inferred
Dumfries and Galloway,2021-09-06,47.0,63.0,76.0,80.0,85.0,93.0,101.0,111.0,121.0,126.0,132.0,152.0,185.0,inferred
Dumfries and Galloway,2021-09-07,50.0,65.0,77.0,80.8,85.0,94.0,102.0,111.0,122.0,127.0,134.0,153.0,185.5,inferred
Dumfries and Galloway,2021-09-08,53.0,70.0,82.0,87.0,92.0,101.0,109.0,118.0,128.0,134.0,141.0,164.0,199.5,inferred
Dumfries and Galloway,2021-09-09,38.0,51.0,61.0,66.0,70.0,78.0,86.0,93.0,102.0,107.0,113.0,130.0,157.0,inferred
Dumfries and Galloway,2021-09-10,34.0,47.0,57.0,61.0,65.0,73.0,80.0,89.0,96.0,101.0,107.0,125.0,149.5,inferred
Dumfries and Galloway,2021-09-11,36.5,53.0,63.0,68.0,73.0,79.0,87.0,96.0,104.0,110.0,116.0,133.0,167.5,inferred
Dumfries and Galloway,2021-09-12,30.0,43.9,54.0,58.0,62.0,69.0,76.0,84.0,93.0,97.0,102.0,119.0,151.0,inferred
Dumfries and Galloway,2021-09-13,19.0,30.0,39.0,42.0,44.0,51.0,57.0,63.0,70.0,74.0,79.0,93.0,118.0,inferred
Dumfries and Galloway,2021-09-14,22.0,31.0,40.0,44.0,47.0,53.0,59.0,65.0,73.3,78.0,83.0,99.0,125.0,inferred
Dumfries and Galloway,2021-09-15,25.0,38.0,46.0,50.0,53.0,59.0,66.0,73.0,80.0,85.0,91.0,108.0,140.0,inferred
Dumfries and Galloway,2021-09-16,18.0,28.0,35.0,37.0,40.0,47.0,53.0,58.0,67.0,72.0,76.0,91.0,114.5,inferred
Dumfries and Galloway,2021-09-17,21.0,30.0,37.0,40.0,43.0,50.0,56.0,62.0,69.0,73.0,79.0,92.0,118.0,inferred
Dumfries and Galloway,2021-09-18,24.0,36.0,44.0,48.0,51.0,57.0,64.0,71.0,78.0,83.0,88.0,104.0,136.5,inferred
Dumfries and Galloway,2021-09-19,20.0,32.0,40.0,43.0,46.0,53.0,59.0,67.0,73.0,77.0,82.0,99.0,125.0,inferred
Dumfries and Galloway,2021-09-20,14.0,23.0,32.0,34.0,37.0,42.0,48.0,55.0,61.0,65.0,70.0,85.0,111.0,inferred
Dumfries and Galloway,2021-09-21,17.5,27.0,35.0,38.0,42.0,47.0,53.0,60.0,67.0,73.0,77.0,89.1,115.5,inferred
Dumfries and Galloway,2021-09-22,25.0,34.0,43.0,47.0,51.0,57.0,64.0,71.0,80.0,84.0,90.0,107.0,134.0,inferred
Dumfries and Galloway,2021-09-23,17.0,30.0,38.0,41.0,44.0,49.0,55.0,62.0,70.0,74.0,80.0,94.0,120.0,inferred
Dumfries and Galloway,2021-09-24,21.0,33.0,42.0,46.0,49.0,55.0,61.0,68.0,76.0,81.0,85.2,104.0,130.0,inferred
Dumfries and Galloway,2021-09-25,30.0,43.0,53.0,57.0,60.0,67.0,74.0,82.0,90.3,96.0,101.0,120.0,147.5,inferred
Dumfries and Galloway,2021-09-26,28.0,41.0,50.0,55.0,59.0,67.0,73.0,80.0,89.0,93.0,99.0,115.0,138.5,inferred
Dumfries and Galloway,2021-09-27,22.0,34.0,43.0,47.0,51.0,57.0,64.0,70.0,78.0,82.0,87.0,105.0,137.0,inferred
Dumfries and Galloway,2021-09-28,26.0,39.0,47.0,51.0,55.0,62.0,69.0,76.0,84.0,90.0,96.0,110.0,138.5,inferred
Dumfries and Galloway,2021-09-29,33.5,46.0,55.0,59.0,63.0,71.0,79.0,87.0,96.0,102.0,107.0,123.0,155.0,inferred
Dumfries and Galloway,2021-09-30,24.0,35.0,44.0,47.0,51.0,58.0,64.0,71.4,79.0,84.0,89.0,102.0,129.0,inferred
Dumfries and Galloway,2021-10-01,24.0,36.0,45.0,49.0,52.0,59.0,65.0,72.0,82.0,86.2,93.2,107.0,132.0,inferred
Dumfries and Galloway,2021-10-02,31.0,45.0,55.0,60.0,63.0,70.0,77.0,84.0,92.0,98.0,104.0,119.1,143.0,inferred
Dumfries and Galloway,2021-10-03,28.5,40.0,49.0,53.0,56.0,64.0,71.0,79.0,86.0,91.0,97.0,114.0,142.0,inferred
Dumfries and Galloway,2021-10-04,20.5,31.0,39.0,43.0,47.0,53.0,59.0,65.0,73.0,77.2,83.0,97.0,124.0,inferred
Dumfries and Galloway,2021-10-05,22.0,34.0,42.0,45.0,48.0,55.0,62.0,69.0,78.0,82.0,89.0,105.0,132.0,inferred
Dumfries and Galloway,2021-10-06,25.0,38.0,48.0,51.8,55.0,63.0,70.0,77.0,86.0,90.0,96.0,111.0,140.5,inferred
Dumfries and Galloway,2021-10-07,19.0,29.0,37.0,41.0,44.0,50.0,57.0,64.0,71.0,75.0,80.0,93.0,113.0,inferred
Dumfries and Galloway,2021-10-08,20.0,30.0,38.0,41.0,44.0,51.0,57.0,63.0,70.0,75.0,80.0,94.0,119.0,inferred
Dumfries and Galloway,2021-10-09,25.0,36.0,44.0,48.0,52.0,59.0,65.0,72.0,80.0,84.2,90.0,105.0,132.0,inferred
Dumfries and Galloway,2021-10-10,21.5,31.0,39.0,42.0,45.0,51.0,58.0,63.0,72.0,76.0,81.0,97.0,122.0,inferred
Dumfries and Galloway,2021-10-11,15.0,23.0,31.0,34.0,37.0,42.0,49.0,54.0,62.3,66.0,70.0,85.0,106.5,inferred
Dumfries and Galloway,2021-10-12,16.0,25.0,33.0,36.0,38.0,44.0,49.0,56.0,63.0,68.0,74.0,88.0,113.0,inferred
Dumfries and Galloway,2021-10-13,19.0,30.0,38.0,42.0,45.0,50.0,55.0,63.0,71.0,74.0,79.0,93.0,120.0,inferred
Dumfries and Galloway,2021-10-14,11.0,21.0,29.0,32.0,34.0,39.0,45.0,50.0,57.3,62.0,68.0,85.0,107.0,inferred
Dumfries and Galloway,2021-10-15,12.0,21.0,29.0,33.0,36.0,41.0,47.0,53.0,60.3,65.0,70.0,85.0,113.0,inferred
Dundee City,2021-07-03,210.5,262.0,299.0,313.0,329.0,358.6,388.0,422.0,454.0,474.2,494.0,551.1,654.5,inferred
Dundee City,2021-07-04,172.0,228.0,267.0,282.0,300.7,330.0,354.0,381.0,412.0,434.0,455.0,519.1,615.5,inferred
Dundee City,2021-07-05,142.4,191.0,223.0,235.0,248.0,272.0,293.0,322.4,351.0,365.0,382.0,438.1,526.1,inferred
Dundee City,2021-07-06,145.5,196.9,231.8,247.0,260.0,288.0,313.0,338.0,368.3,388.0,405.2,465.0,576.5,inferred
Dundee City,2021-07-07,176.0,222.0,262.0,278.0,292.0,316.0,338.0,363.0,396.0,411.0,434.0,495.0,591.5,inferred
Dundee City,2021-07-08,128.5,167.9,195.0,208.8,219.0,242.0,268.0,291.0,322.0,339.0,360.0,415.0,517.1,inferred
Dundee City,2021-07-09,115.5,161.0,193.0,204.0,216.0,240.0,266.0,291.4,313.3,331.0,351.0,405.1,493.5,inferred
Dundee City,2021-07-10,140.0,185.9,218.0,231.0,247.0,272.0,295.0,320.0,349.3,367.0,389.0,442.1,542.0,inferred
Dundee City,2021-07-11,117.0,159.0,187.0,201.0,214.0,237.0,260.0,285.0,316.0,333.2,353.0,405.1,473.5,inferred
Dundee City,2021-07-12,80.0,114.0,142.0,155.0,164.0,184.0,203.0,226.0,251.0,265.0,281.0,328.1,399.0,inferred
Dundee City,2021-07-13,76.5,115.9,147.0,159.0,169.0,190.0,212.0,232.4,256.3,274.0,289.0,347.1,420.5,inferred
Dundee City,2021-07-14,90.5,129.9,159.0,172.8,181.0,205.6,227.5,252.0,278.0,292.0,306.0,360.2,438.6,inferred
Dundee City,2021-07-15,62.0,90.0,114.0,122.0,131.0,151.0,171.0,192.0,215.0,227.0,239.2,285.0,367.6,inferred
Dundee City,2021-07-16,55.0,85.9,106.0,116.0,125.0,143.0,162.0,184.0,205.3,217.0,232.0,270.0,335.0,inferred
Dundee City,2021-07-17,60.0,92.0,118.8,127.0,135.7,155.0,174.0,194.0,215.3,229.0,247.0,288.1,359.0,inferred
Dundee City,2021-07-18,47.5,76.0,97.8,106.0,117.0,132.0,149.0,165.0,186.0,198.2,213.0,252.0,344.5,inferred
Dundee City,2021-07-19,30.0,51.0,70.0,77.0,83.0,98.0,113.0,131.0,150.0,160.2,175.0,211.1,278.0,inferred
Dundee City,2021-07-20,29.0,51.0,72.0,77.0,86.0,101.0,116.0,133.0,150.0,163.0,180.2,217.1,285.5,inferred
Dundee City,2021-07-21,32.0,55.0,75.0,83.0,89.0,105.0,120.0,138.0,155.0,166.0,178.2,219.0,283.0,inferred
Dundee City,2021-07-22,19.5,36.0,52.0,59.0,65.0,78.0,92.0,107.0,122.3,133.0,145.0,177.0,242.0,inferred
Dundee City,2021-07-23,19.0,34.0,49.0,55.0,62.0,73.0,88.0,102.4,120.3,129.0,140.0,175.0,239.6,inferred
Dundee City,2021-07-24,18.5,36.0,52.0,59.0,66.0,80.0,91.0,107.0,125.0,136.0,149.0,179.0,238.5,inferred
Dundee City,2021-07-25,17.0,31.0,43.0,50.0,56.0,67.0,81.0,93.0,110.0,119.0,130.0,164.0,216.5,inferred
Dundee City,2021-07-26,8.0,19.0,28.8,34.0,38.0,48.0,57.0,68.0,84.0,93.0,101.0,135.1,201.6,inferred
Dundee City,2021-07-27,8.0,18.0,29.0,34.0,38.0,49.0,60.0,72.0,86.0,96.0,108.0,138.1,206.5,inferred
Dundee City,2021-07-28,11.0,23.0,35.0,40.0,45.0,56.0,67.0,79.0,91.3,103.0,115.0,147.1,211.0,inferred
Dundee City,2021-07-29,6.5,15.0,25.0,29.0,33.0,43.0,52.5,65.0,79.0,86.0,95.0,125.0,178.6,inferred
Dundee City,2021-07-30,7.0,17.0,26.0,30.8,35.0,44.0,55.0,69.0,80.0,88.0,99.0,133.0,192.0,inferred
Dundee City,2021-07-31,9.0,20.0,30.0,35.0,41.0,52.0,64.0,75.0,89.0,97.0,109.0,143.0,202.5,inferred
Dundee City,2021-08-01,8.0,18.0,28.0,33.0,38.0,47.0,58.0,70.0,85.0,95.0,105.0,139.0,193.0,inferred
Dundee City,2021-08-02,4.0,11.0,19.0,22.0,27.0,36.0,46.0,57.0,69.0,77.0,86.0,117.0,174.0,inferred
Dundee City,2021-08-03,5.0,15.0,24.0,28.0,32.0,41.0,52.0,62.0,76.0,84.2,96.0,122.1,178.0,inferred
Dundee City,2021-08-04,9.0,21.0,32.0,37.0,42.0,51.0,62.0,75.0,91.0,100.0,109.0,139.0,199.0,inferred
Dundee City,2021-08-05,6.0,16.0,25.0,29.0,33.0,42.6,53.0,64.0,77.0,84.2,96.0,127.0,173.0,inferred
Dundee City,2021-08-06,7.0,17.0,27.0,32.0,37.0,46.0,56.0,67.0,82.0,89.0,100.0,127.0,178.0,inferred
Dundee City,2021-08-07,11.0,23.0,35.0,41.0,47.0,58.0,68.5,81.0,95.0,106.0,117.0,147.0,206.5,inferred
Dundee City,2021-08-08,10.0,22.0,36.0,41.0,45.0,57.0,67.0,79.0,93.0,101.0,111.0,142.0,207.0,inferred
Dundee City,2021-08-09,7.0,16.0,27.0,32.0,36.0,46.0,54.0,66.0,82.0,90.0,102.0,131.1,188.6,inferred
Dundee City,2021-08-10,9.0,20.0,31.0,36.0,42.7,53.0,64.0,76.0,90.0,98.0,110.0,141.0,198.1,inferred
Dundee City,2021-08-11,18.0,32.0,44.0,49.0,56.0,69.0,81.0,96.0,111.0,122.0,133.0,163.0,235.5,inferred
Dundee City,2021-08-12,12.0,26.0,39.0,44.0,50.0,61.0,72.0,85.0,101.0,111.0,123.2,155.0,208.0,inferred
Dundee City,2021-08-13,17.0,30.0,43.0,49.0,54.0,67.0,78.5,94.0,113.0,124.0,136.0,172.1,234.0,inferred
Dundee City,2021-08-14,28.0,44.0,61.0,69.0,75.0,89.0,104.0,119.0,139.0,150.0,160.2,194.0,264.5,inferred
Dundee City,2021-08-15,22.0,44.0,62.0,68.0,75.0,89.0,104.0,120.0,140.0,149.0,161.0,196.2,269.0,inferred
Dundee City,2021-08-16,19.0,36.0,51.0,58.0,65.0,79.0,92.0,107.0,126.0,136.0,148.2,186.0,246.0,inferred
Dundee City,2021-08-17,28.0,50.0,68.0,75.8,83.0,95.0,109.0,126.4,145.3,157.0,169.0,204.0,272.0,inferred
Dundee City,2021-08-18,41.5,68.0,92.0,100.0,108.0,124.0,140.0,160.0,177.0,192.0,207.2,254.1,329.6,inferred
Dundee City,2021-08-19,36.5,61.0,79.8,89.0,96.0,113.0,128.0,144.0,164.0,178.0,190.0,233.0,308.0,inferred
Dundee City,2021-08-20,44.5,71.0,94.0,103.0,111.0,127.0,145.0,163.4,184.0,195.0,214.0,250.0,322.6,inferred
Dundee City,2021-08-21,69.5,103.0,128.0,139.0,148.0,167.6,189.0,210.0,235.3,250.0,265.0,319.0,398.7,inferred
Dundee City,2021-08-22,72.0,105.0,129.0,143.0,154.7,174.0,195.0,216.0,241.0,256.0,272.0,323.0,410.0,inferred
Dundee City,2021-08-23,61.0,90.0,116.0,126.8,137.0,157.6,176.5,196.0,219.3,234.2,248.2,300.1,389.0,inferred
Dundee City,2021-08-24,78.5,114.0,143.0,155.0,166.0,191.0,211.0,234.0,261.0,277.2,295.0,338.1,418.5,inferred
Dundee City,2021-08-25,112.0,154.0,185.0,198.8,210.0,233.6,255.0,278.4,308.0,323.0,343.0,394.0,487.5,inferred
Dundee City,2021-08-26,92.0,128.0,158.0,171.8,181.7,203.0,226.0,251.0,276.0,292.0,308.0,353.0,450.0,inferred
Dundee City,2021-08-27,110.0,151.0,183.0,194.8,208.0,229.0,251.0,274.0,304.0,322.0,339.0,385.1,475.0,inferred
Dundee City,2021-08-28,144.5,188.9,224.8,241.0,254.7,275.0,299.5,329.0,359.0,372.0,393.0,453.0,544.0,inferred
Dundee City,2021-08-29,145.5,190.0,222.0,235.0,249.0,274.6,301.0,329.0,359.0,376.0,396.0,455.0,556.5,inferred
Dundee City,2021-08-30,122.5,161.9,196.0,210.0,223.0,245.6,269.5,293.0,323.0,339.0,360.0,414.0,504.6,inferred
Dundee City,2021-08-31,137.5,186.0,225.0,238.8,254.0,274.0,299.0,327.0,357.0,373.0,399.0,457.1,553.0,inferred
Dundee City,2021-09-01,175.0,226.8,264.0,282.0,295.0,323.0,349.0,378.0,415.3,438.0,463.0,520.0,632.1,inferred
Dundee City,2021-09-02,129.5,187.0,219.0,233.0,244.0,268.0,296.0,319.0,347.0,363.2,384.0,441.0,530.0,inferred
Dundee City,2021-09-03,146.5,192.0,224.0,238.0,252.0,278.0,304.0,335.0,364.0,384.0,405.0,462.0,563.5,inferred
Dundee City,2021-09-04,180.5,229.0,268.8,287.0,300.0,331.0,359.0,385.0,424.0,442.0,462.0,523.0,620.6,inferred
Dundee City,2021-09-05,162.0,206.0,245.0,266.8,281.0,309.0,335.0,368.4,399.0,418.0,443.2,502.0,622.0,inferred
Dundee City,2021-09-06,127.0,177.0,213.0,227.0,240.0,264.0,287.0,317.4,346.0,362.0,383.0,437.0,528.5,inferred
Dundee City,2021-09-07,142.5,190.0,221.0,236.0,249.7,275.0,306.0,335.0,366.0,385.0,404.0,462.0,561.0,inferred
Dundee City,2021-09-08,160.0,213.9,251.0,266.0,281.0,310.0,334.0,362.0,390.3,408.0,431.0,489.1,579.5,inferred
Dundee City,2021-09-09,103.0,142.9,179.8,194.0,208.7,232.0,254.0,278.0,305.0,320.0,337.2,389.1,478.0,inferred
Dundee City,2021-09-10,103.0,147.9,177.8,190.0,202.0,225.6,247.0,268.0,296.0,311.2,327.0,372.1,469.0,inferred
Dundee City,2021-09-11,112.0,153.0,184.0,199.0,214.0,237.0,264.0,288.0,318.0,332.0,351.2,399.0,503.0,inferred
Dundee City,2021-09-12,93.0,130.0,155.8,168.0,177.7,199.0,222.5,245.0,270.0,285.0,300.0,354.0,442.0,inferred
Dundee City,2021-09-13,63.5,98.0,123.0,131.0,141.0,162.0,180.0,197.0,219.3,231.0,248.0,294.0,367.0,inferred
Dundee City,2021-09-14,66.5,98.0,121.0,132.0,143.0,161.0,184.0,204.0,226.0,237.2,252.0,303.1,382.7,inferred
Dundee City,2021-09-15,78.0,110.0,139.0,151.0,160.0,181.0,203.0,225.0,247.0,263.0,283.0,325.1,415.6,inferred
Dundee City,2021-09-16,56.0,85.0,110.0,120.0,129.0,147.0,163.0,186.0,205.3,219.0,234.0,279.0,358.5,inferred
Dundee City,2021-09-17,59.0,85.0,110.0,119.0,129.0,147.0,165.0,185.0,209.0,220.0,235.0,278.1,349.5,inferred
Dundee City,2021-09-18,70.0,103.0,128.0,138.0,147.0,168.0,188.0,213.0,237.0,252.0,267.0,318.1,381.0,inferred
Dundee City,2021-09-19,63.0,93.0,114.0,126.0,136.0,153.0,172.0,193.0,219.0,231.0,246.0,295.0,370.6,inferred
Dundee City,2021-09-20,43.0,69.0,92.8,102.0,111.0,128.0,147.0,164.0,186.0,199.2,214.0,255.0,329.5,inferred
Dundee City,2021-09-21,50.0,79.0,97.8,108.0,118.0,134.0,152.0,174.0,196.0,208.0,223.0,268.0,332.6,inferred
Dundee City,2021-09-22,60.0,98.9,125.0,136.8,146.0,168.0,189.0,210.0,231.3,247.2,264.0,309.1,396.0,inferred
Dundee City,2021-09-23,54.5,81.9,102.0,111.0,120.0,136.0,154.0,172.0,196.0,208.2,225.0,267.0,339.5,inferred
Dundee City,2021-09-24,60.5,88.0,109.0,120.0,129.0,149.0,167.0,185.0,206.0,220.0,235.0,279.1,363.6,inferred
Dundee City,2021-09-25,82.0,118.0,145.0,155.0,165.0,183.0,204.0,226.0,249.0,265.0,283.2,333.0,415.1,inferred
Dundee City,2021-09-26,69.5,108.0,131.0,144.0,153.0,175.0,196.0,219.0,242.3,258.0,274.2,327.0,408.1,inferred
Dundee City,2021-09-27,58.0,90.0,113.0,124.8,133.7,152.0,169.0,188.0,210.3,225.0,242.2,285.0,362.6,inferred
Dundee City,2021-09-28,69.0,100.0,126.0,139.0,148.0,166.0,184.0,204.4,229.0,244.0,260.2,312.0,393.0,inferred
Dundee City,2021-09-29,83.0,118.0,149.0,159.0,171.0,194.0,215.0,234.0,261.0,275.0,293.0,347.1,428.6,inferred
Dundee City,2021-09-30,68.0,95.0,120.8,130.0,143.0,161.0,180.0,200.0,223.0,236.0,248.2,295.1,376.0,inferred
Dundee City,2021-10-01,63.0,96.9,122.8,133.0,143.7,162.0,181.0,201.0,224.3,237.0,254.0,300.0,383.5,inferred
Dundee City,2021-10-02,83.0,119.9,149.0,160.0,170.0,191.0,212.5,237.0,261.0,274.0,293.2,346.0,424.5,inferred
Dundee City,2021-10-03,74.5,110.0,138.0,149.0,158.0,177.0,198.0,221.0,248.0,267.0,280.0,323.0,403.0,inferred
Dundee City,2021-10-04,57.0,87.0,111.0,123.0,131.7,151.0,172.0,191.0,215.0,228.2,246.0,295.1,383.0,inferred
Dundee City,2021-10-05,66.5,99.9,124.0,137.0,146.0,165.0,181.0,203.0,230.0,246.0,265.0,311.1,389.0,inferred
Dundee City,2021-10-06,79.5,115.0,146.0,159.0,171.0,193.0,214.0,238.0,264.0,277.0,292.2,336.1,422.5,inferred
Dundee City,2021-10-07,65.0,90.0,118.0,128.0,139.0,158.0,178.5,198.0,222.0,235.0,249.0,292.1,378.5,inferred
Dundee City,2021-10-08,67.0,102.9,131.0,141.0,152.0,171.0,190.0,210.0,231.0,244.0,258.0,307.1,378.5,inferred
Dundee City,2021-10-09,82.5,124.0,149.0,164.0,175.0,199.0,220.0,242.0,269.0,282.2,300.0,352.2,461.0,inferred
Dundee City,2021-10-10,77.0,114.0,141.0,151.0,160.0,179.6,200.0,222.0,249.0,266.0,282.2,330.1,419.0,inferred
Dundee City,2021-10-11,58.5,90.0,115.0,127.0,138.0,156.6,174.5,198.0,222.0,237.0,254.0,297.0,383.5,inferred
Dundee City,2021-10-12,65.5,103.9,130.0,140.8,149.7,166.0,189.0,212.0,235.0,250.0,266.0,313.1,394.5,inferred
Dundee City,2021-10-13,85.0,126.0,158.0,168.0,180.0,203.0,224.0,249.0,275.0,288.0,306.2,357.0,450.0,inferred
Dundee City,2021-10-14,65.5,95.0,120.0,132.0,142.0,164.0,184.5,206.0,232.0,247.0,263.2,311.1,388.5,inferred
Dundee City,2021-10-15,67.5,103.0,131.8,143.0,154.0,176.0,195.0,215.0,241.0,259.0,275.0,326.0,410.6,inferred
Ealing,2021-07-03,66.0,73.0,79.0,81.0,83.0,86.0,89.0,92.0,95.0,97.0,100.0,106.0,116.0,inferred
Ealing,2021-07-04,72.0,79.0,84.0,86.0,88.0,91.0,94.0,98.0,101.0,104.0,106.0,112.0,123.0,inferred
Ealing,2021-07-05,106.0,114.0,120.0,123.0,125.0,129.0,133.0,137.0,142.0,144.0,146.2,154.0,166.5,inferred
Ealing,2021-07-06,109.0,116.0,122.0,124.0,127.0,131.0,134.0,138.0,142.0,145.0,147.0,154.0,165.0,inferred
Ealing,2021-07-07,117.0,126.0,132.0,134.0,137.0,141.0,145.0,149.0,153.0,155.0,157.0,164.0,175.0,inferred
Ealing,2021-07-08,119.0,127.0,135.0,138.0,140.0,144.0,148.0,152.0,156.0,159.0,162.0,169.0,179.5,inferred
Ealing,2021-07-09,115.0,124.0,130.0,133.0,135.0,140.0,144.0,147.0,152.0,154.0,156.0,163.0,175.0,inferred
Ealing,2021-07-10,103.0,111.0,118.0,120.0,122.0,126.0,130.0,133.0,137.0,139.0,142.0,149.0,161.5,inferred
Ealing,2021-07-11,109.0,119.0,126.0,128.0,130.0,135.0,139.0,142.0,146.0,149.0,152.0,159.0,171.5,inferred
Ealing,2021-07-12,164.0,175.0,184.0,187.0,189.0,195.0,199.0,204.0,210.0,213.0,216.0,225.0,238.0,inferred
Ealing,2021-07-13,163.0,175.0,183.0,186.0,189.0,194.0,199.0,204.0,210.0,213.0,216.0,226.0,242.0,inferred
Ealing,2021-07-14,168.5,181.0,189.0,192.0,196.0,202.0,207.0,211.0,216.0,220.0,223.0,232.0,244.5,inferred
Ealing,2021-07-15,167.5,181.0,188.0,190.0,193.0,198.0,202.0,208.0,213.0,216.0,218.0,227.0,241.0,inferred
Ealing,2021-07-16,152.5,165.0,173.0,176.0,179.0,184.0,189.0,192.0,197.0,200.0,203.0,211.0,224.5,inferred
Ealing,2021-07-17,132.5,143.0,149.8,152.0,154.0,158.0,162.0,166.0,171.0,173.0,176.0,183.0,196.5,inferred
Ealing,2021-07-18,133.5,145.0,152.0,155.0,157.0,161.0,165.0,169.0,174.0,176.0,179.0,188.0,201.0,inferred
Ealing,2021-07-19,187.5,200.0,209.0,212.0,215.0,220.0,226.0,231.0,237.0,240.0,243.0,251.0,267.0,inferred
Ealing,2021-07-20,177.0,189.0,197.0,200.0,203.0,208.0,213.0,218.0,224.0,227.0,231.0,240.0,254.0,inferred
Ealing,2021-07-21,168.0,179.9,189.0,192.0,195.0,200.6,205.5,210.0,215.0,218.0,221.0,229.0,241.0,inferred
Ealing,2021-07-22,153.0,164.0,172.0,175.0,177.0,182.0,187.0,192.0,197.0,199.0,203.0,211.0,224.0,inferred
Ealing,2021-07-23,130.0,141.0,148.0,150.0,152.0,156.0,161.0,165.0,170.0,172.0,174.0,182.0,196.0,inferred
Ealing,2021-07-24,103.0,112.0,118.0,120.0,122.0,126.0,129.0,133.0,137.0,140.0,142.0,149.0,160.0,inferred
Ealing,2021-07-25,97.0,105.0,111.0,113.0,116.0,119.0,123.0,126.0,130.0,133.0,135.0,142.0,150.0,inferred
Ealing,2021-07-26,128.0,139.0,146.0,148.0,151.0,155.0,160.0,165.0,169.0,171.0,174.0,181.0,194.0,inferred
Ealing,2021-07-27,120.0,131.0,138.0,141.8,144.0,148.0,152.0,156.0,161.0,163.0,166.0,173.0,187.0,inferred
Ealing,2021-07-28,123.0,134.0,141.0,144.0,146.0,150.0,154.0,159.0,163.0,166.0,169.0,176.0,187.0,inferred
Ealing,2021-07-29,122.0,131.0,138.0,141.0,143.0,148.0,151.0,156.0,161.0,164.0,167.0,174.0,187.0,inferred
Ealing,2021-07-30,112.0,121.0,128.0,131.0,133.0,137.0,141.0,145.0,149.0,151.0,154.0,162.0,173.0,inferred
Ealing,2021-07-31,93.0,103.0,109.0,112.0,114.0,118.0,121.0,125.0,129.0,132.0,134.0,141.0,152.0,inferred
Ealing,2021-08-01,97.0,106.0,112.0,114.0,116.0,120.0,123.0,127.0,131.0,133.0,136.0,142.0,153.0,inferred
Ealing,2021-08-02,137.0,148.0,155.0,158.0,161.0,165.0,170.0,175.0,179.0,181.0,184.0,192.0,205.0,inferred
Ealing,2021-08-03,131.5,142.0,149.0,153.0,155.0,160.0,164.0,168.0,173.0,176.0,179.0,187.0,198.0,inferred
Ealing,2021-08-04,134.0,145.9,152.0,155.0,157.0,162.0,166.0,170.0,175.0,178.0,181.0,189.1,200.0,inferred
Ealing,2021-08-05,128.5,140.0,147.0,150.0,152.0,157.0,160.0,165.0,169.0,172.0,175.0,183.0,195.0,inferred
Ealing,2021-08-06,116.0,126.0,133.0,135.0,137.0,142.0,146.0,149.0,154.0,156.0,159.0,166.0,177.5,inferred
Ealing,2021-08-07,99.0,107.0,114.0,115.0,117.0,121.0,125.0,129.0,133.0,135.0,138.0,145.0,155.0,inferred
Ealing,2021-08-08,98.0,107.0,113.0,115.0,117.0,121.0,125.0,128.0,132.0,134.0,136.0,143.0,154.0,inferred
Ealing,2021-08-09,136.0,146.0,154.0,157.0,159.0,164.6,169.0,174.0,179.0,182.0,184.0,192.0,205.5,inferred
Ealing,2021-08-10,130.0,142.0,149.0,151.0,154.0,159.0,162.0,166.0,171.0,174.0,177.0,185.0,199.0,inferred
Ealing,2021-08-11,134.0,145.0,151.0,153.0,156.0,161.0,165.0,170.0,175.0,178.0,181.0,189.0,199.0,inferred
Ealing,2021-08-12,128.0,138.0,144.0,147.0,150.0,155.0,159.0,163.0,168.0,170.0,173.0,181.0,194.0,inferred
Ealing,2021-08-13,118.0,127.0,133.0,135.0,138.0,142.0,146.0,150.0,154.0,157.0,160.0,166.0,178.0,inferred
Ealing,2021-08-14,98.5,106.0,112.0,114.0,116.0,120.0,124.0,127.0,131.0,133.0,136.0,142.0,152.0,inferred
Ealing,2021-08-15,97.0,106.0,112.0,115.0,117.0,120.0,123.0,127.0,131.0,133.0,136.0,143.0,153.5,inferred
Ealing,2021-08-16,134.0,147.0,154.0,157.0,160.0,165.0,169.0,173.0,177.0,180.0,183.0,191.0,204.0,inferred
Ealing,2021-08-17,131.0,140.0,146.0,149.0,152.0,156.0,160.0,164.0,169.0,172.0,175.0,182.0,195.0,inferred
Ealing,2021-08-18,129.0,140.0,148.0,151.0,153.0,157.0,162.0,165.0,170.0,173.0,176.0,184.0,196.0,inferred
Ealing,2021-08-19,123.5,134.0,141.0,143.0,146.0,150.0,154.0,158.0,163.0,166.0,169.0,177.0,188.0,inferred
Ealing,2021-08-20,110.5,121.0,128.0,130.0,132.0,136.0,140.0,143.0,147.3,150.0,152.0,160.0,171.0,inferred
Ealing,2021-08-21,90.0,101.0,107.0,109.0,111.0,115.0,118.0,122.0,125.3,128.0,130.0,137.0,147.0,inferred
Ealing,2021-08-22,91.5,101.0,107.0,109.0,111.0,114.0,118.0,121.0,125.0,127.0,129.0,135.0,146.0,inferred
Ealing,2021-08-23,128.0,138.0,145.0,148.0,150.0,154.0,157.0,161.0,166.3,169.0,173.0,180.0,191.0,inferred
Ealing,2021-08-24,123.0,132.0,139.0,141.0,144.0,148.0,152.0,156.0,161.0,164.0,167.0,174.0,186.0,inferred
Ealing,2021-08-25,125.0,136.0,143.0,146.0,148.0,152.6,156.0,160.0,164.0,167.0,170.0,178.0,189.0,inferred
Ealing,2021-08-26,121.5,133.0,139.0,142.0,145.0,148.0,152.0,156.0,160.0,163.0,166.0,174.0,184.0,inferred
Ealing,2021-08-27,111.0,120.9,127.0,130.0,132.0,136.0,140.0,144.0,148.0,150.0,153.0,160.0,172.0,inferred
Ealing,2021-08-28,94.0,103.0,109.0,111.0,113.0,117.0,121.0,124.0,128.0,130.0,132.0,138.1,149.0,inferred
Ealing,2021-08-29,95.5,104.0,110.0,113.0,115.0,119.0,122.0,126.0,129.0,131.0,134.0,140.0,150.0,inferred
Ealing,2021-08-30,136.0,147.0,153.0,156.0,159.0,164.0,168.0,172.0,177.0,180.0,183.0,191.0,206.5,inferred
Ealing,2021-08-31,131.0,139.0,147.0,149.0,152.0,156.0,161.0,165.0,171.0,173.0,176.0,183.0,196.5,inferred
Ealing,2021-09-01,131.0,141.0,148.8,152.0,154.0,159.0,163.0,167.0,172.0,174.0,178.0,186.0,200.5,inferred
Ealing,2021-09-02,126.0,137.0,143.0,146.0,149.0,153.0,157.0,161.0,165.0,168.0,171.0,178.0,191.5,inferred
Ealing,2021-09-03,115.0,124.0,130.0,133.0,135.0,139.0,143.0,147.0,151.3,154.0,156.0,164.0,175.0,inferred
Ealing,2021-09-04,94.0,104.0,110.0,113.0,115.0,118.0,122.0,125.0,129.0,131.0,134.0,140.0,150.5,inferred
Ealing,2021-09-05,95.0,104.0,110.0,112.0,114.0,118.0,121.0,125.0,129.0,131.0,133.0,140.0,152.0,inferred
Ealing,2021-09-06,133.0,142.0,150.0,153.0,156.0,160.0,165.0,169.0,174.0,177.0,180.0,188.0,203.0,inferred
Ealing,2021-09-07,123.0,132.0,140.0,142.0,145.0,149.0,153.0,158.0,163.0,165.0,168.0,174.1,187.0,inferred
Ealing,2021-09-08,118.0,128.0,135.0,137.0,139.0,144.6,148.0,152.0,157.0,160.0,163.0,171.0,183.0,inferred
Ealing,2021-09-09,108.0,117.0,123.0,125.0,127.0,131.0,135.0,138.0,143.0,145.0,148.0,155.0,165.0,inferred
Ealing,2021-09-10,91.0,99.0,105.0,108.0,110.0,113.0,117.0,120.0,123.0,125.0,128.0,135.0,145.0,inferred
Ealing,2021-09-11,71.0,78.9,83.0,86.0,87.0,91.0,94.0,97.0,100.3,102.0,104.0,109.0,120.0,inferred
Ealing,2021-09-12,66.0,75.0,80.0,82.0,84.0,87.0,90.0,93.0,96.0,98.0,100.0,107.0,116.0,inferred
Ealing,2021-09-13,90.0,99.0,105.0,107.0,109.0,112.0,116.0,119.0,123.0,125.0,128.0,135.0,144.5,inferred
Ealing,2021-09-14,84.0,92.0,98.0,100.0,102.0,106.0,110.0,114.0,117.0,119.0,122.0,129.0,138.0,inferred
Ealing,2021-09-15,87.0,96.0,102.0,104.0,106.0,110.0,113.0,116.0,120.0,123.0,125.0,130.0,139.0,inferred
Ealing,2021-09-16,85.0,94.0,99.0,102.0,104.0,107.0,111.0,114.0,118.0,120.0,122.0,128.0,138.5,inferred
Ealing,2021-09-17,78.0,86.0,92.0,95.0,97.0,100.0,103.0,106.0,110.0,112.0,114.0,121.0,132.0,inferred
Ealing,2021-09-18,67.0,74.0,80.0,82.0,83.0,86.0,90.0,93.0,97.0,99.0,101.0,107.0,115.0,inferred
Ealing,2021-09-19,71.0,78.0,82.0,85.0,86.0,90.0,93.0,96.0,99.0,101.0,103.0,109.0,118.0,inferred
Ealing,2021-09-20,101.0,111.0,117.0,119.0,121.0,126.0,130.0,133.0,138.0,140.0,142.2,150.0,161.5,inferred
Ealing,2021-09-21,98.0,107.0,113.0,116.0,118.0,121.0,125.0,129.0,133.0,136.0,138.0,146.0,157.0,inferred
Ealing,2021-09-22,100.0,109.0,115.0,117.0,120.0,123.0,127.0,131.0,136.0,138.0,141.0,148.0,160.0,inferred
Ealing,2021-09-23,98.0,106.0,112.0,115.0,117.0,121.0,124.0,128.0,132.0,134.0,137.0,143.0,156.0,inferred
Ealing,2021-09-24,90.0,98.0,103.0,105.0,107.0,110.0,114.0,118.0,121.0,124.0,126.0,133.0,142.5,inferred
Ealing,2021-09-25,75.0,81.0,87.0,88.0,90.0,94.0,98.0,101.0,105.0,107.0,109.0,115.0,125.5,inferred
Ealing,2021-09-26,75.0,84.0,89.0,91.0,93.0,96.0,100.0,103.0,106.0,109.0,111.0,117.0,127.5,inferred
Ealing,2021-09-27,104.0,116.0,122.0,125.0,127.0,131.0,135.5,139.0,143.0,146.0,149.0,156.1,168.5,inferred
Ealing,2021-09-28,101.0,112.0,118.0,120.0,123.0,126.0,130.0,134.0,138.0,141.0,144.0,151.0,163.5,inferred
Ealing,2021-09-29,105.0,114.0,119.8,122.0,125.0,129.0,133.0,137.0,141.0,143.0,146.0,154.0,166.0,inferred
Ealing,2021-09-30,100.0,110.0,116.0,119.0,121.0,124.0,128.0,132.0,136.0,138.0,141.0,148.0,158.0,inferred
Ealing,2021-10-01,91.5,100.0,106.0,108.0,110.0,114.0,117.0,121.0,125.0,128.0,130.0,136.0,149.0,inferred
Ealing,2021-10-02,77.0,85.0,90.0,92.0,94.0,97.0,101.0,105.0,108.0,110.0,113.0,119.0,130.5,inferred
Ealing,2021-10-03,78.0,85.0,91.0,93.0,94.0,98.0,101.0,104.0,108.0,110.0,112.0,119.0,130.0,inferred
Ealing,2021-10-04,109.0,118.0,124.0,127.0,129.0,133.6,138.0,143.0,147.0,149.0,152.0,159.0,172.0,inferred
Ealing,2021-10-05,106.0,115.0,120.0,122.0,125.0,129.0,133.0,137.0,142.0,144.0,146.0,154.0,166.0,inferred
Ealing,2021-10-06,108.0,118.0,124.8,127.0,130.0,133.0,137.0,140.0,144.0,147.0,149.0,157.0,168.0,inferred
Ealing,2021-10-07,106.0,116.0,122.0,124.0,126.7,131.0,134.0,138.0,142.0,144.0,147.0,153.1,164.5,inferred
Ealing,2021-10-08,99.0,108.0,113.0,116.0,118.0,122.0,125.0,128.0,132.0,135.0,137.0,144.0,154.0,inferred
Ealing,2021-10-09,85.0,92.0,98.0,100.0,102.0,106.0,109.0,113.0,116.0,118.0,120.0,127.0,135.0,inferred
Ealing,2021-10-10,84.5,95.0,100.0,102.0,104.0,108.0,112.0,115.0,119.0,121.0,123.0,130.0,140.0,inferred
Ealing,2021-10-11,123.0,133.0,141.0,143.0,145.0,150.0,154.0,158.4,164.0,166.0,169.0,176.0,189.0,inferred
Ealing,2021-10-12,121.0,131.0,137.0,140.0,142.0,145.0,150.0,154.0,159.0,161.0,164.0,172.0,186.0,inferred
Ealing,2021-10-13,122.0,131.0,139.0,142.0,145.0,149.0,153.0,157.0,162.0,164.0,167.0,175.0,188.0,inferred
Ealing,2021-10-14,116.0,127.0,134.0,136.0,139.0,143.0,147.0,151.0,156.0,160.0,162.0,171.0,185.0,inferred
Ealing,2021-10-15,104.5,114.9,122.0,124.0,126.0,131.0,135.0,139.4,145.0,147.0,150.0,158.0,171.0,inferred
East Ayrshire,2021-07-03,57.5,86.9,110.0,119.0,126.0,145.0,165.0,185.0,208.0,219.0,234.0,271.0,361.0,inferred
East Ayrshire,2021-07-04,54.0,77.0,96.0,105.0,114.0,132.0,148.0,164.0,187.0,198.0,212.0,249.1,316.5,inferred
East Ayrshire,2021-07-05,32.0,57.0,75.0,84.0,92.0,109.0,124.0,140.0,159.0,168.0,185.0,223.1,287.0,inferred
East Ayrshire,2021-07-06,38.0,62.0,84.0,92.0,99.0,113.0,129.0,144.0,163.0,176.0,191.0,232.1,306.1,inferred
East Ayrshire,2021-07-07,47.5,74.9,94.0,104.0,112.0,129.0,146.0,166.0,189.0,201.0,213.0,251.0,320.5,inferred
East Ayrshire,2021-07-08,29.5,51.0,71.0,78.0,87.0,101.0,117.0,133.0,151.0,161.0,174.0,210.2,297.0,inferred
East Ayrshire,2021-07-09,33.0,55.0,74.0,81.0,88.0,103.0,118.5,133.0,151.0,163.2,177.0,216.1,285.7,inferred
East Ayrshire,2021-07-10,40.0,60.0,81.0,89.8,96.7,113.0,127.0,144.0,162.0,176.0,192.0,236.0,316.5,inferred
East Ayrshire,2021-07-11,33.0,54.0,75.0,82.0,89.0,105.0,119.0,137.0,157.3,171.0,183.0,219.0,285.0,inferred
East Ayrshire,2021-07-12,22.0,42.0,57.0,64.0,72.0,86.0,100.0,115.0,131.0,142.0,155.0,196.0,260.0,inferred
East Ayrshire,2021-07-13,20.0,41.0,57.0,65.0,72.0,87.6,102.0,117.0,133.0,143.0,155.0,189.0,258.5,inferred
East Ayrshire,2021-07-14,30.0,53.0,70.0,78.0,86.0,100.6,114.0,128.0,148.0,158.0,172.0,211.1,275.0,inferred
East Ayrshire,2021-07-15,19.0,35.0,50.0,57.0,64.0,77.0,91.0,108.0,125.0,136.2,148.0,185.0,246.0,inferred
East Ayrshire,2021-07-16,18.0,35.0,52.0,59.0,66.0,78.0,91.0,105.0,122.3,132.0,142.0,178.0,246.5,inferred
East Ayrshire,2021-07-17,26.0,46.0,63.0,71.0,78.0,91.0,105.0,119.0,138.3,148.0,160.0,198.1,273.5,inferred
East Ayrshire,2021-07-18,20.0,36.9,54.0,60.0,67.0,80.0,93.0,109.4,127.0,137.0,150.2,191.0,270.5,inferred
East Ayrshire,2021-07-19,15.0,28.0,42.8,48.0,52.0,64.0,75.0,87.0,105.3,114.2,126.0,164.0,222.5,inferred
East Ayrshire,2021-07-20,15.0,29.0,44.0,51.0,58.0,71.0,84.5,97.0,113.0,121.0,132.0,162.1,220.0,inferred
East Ayrshire,2021-07-21,19.0,39.9,54.0,61.0,68.7,82.0,95.0,112.0,130.0,140.0,151.2,187.1,249.5,inferred
East Ayrshire,2021-07-22,12.0,27.0,41.0,47.0,53.0,63.0,76.0,89.0,105.0,114.0,125.2,159.0,220.0,inferred
East Ayrshire,2021-07-23,13.0,27.0,41.8,47.0,53.0,65.0,76.5,90.0,106.0,117.0,128.0,166.0,228.0,inferred
East Ayrshire,2021-07-24,17.0,32.0,46.0,54.0,60.0,74.0,88.0,102.0,121.0,131.2,144.0,178.0,235.0,inferred
East Ayrshire,2021-07-25,16.0,29.0,42.0,47.0,52.0,67.0,78.0,91.0,109.0,118.0,130.0,162.1,231.5,inferred
East Ayrshire,2021-07-26,9.0,20.0,32.0,36.0,42.0,53.0,65.0,78.0,93.0,103.0,114.0,146.0,201.5,inferred
East Ayrshire,2021-07-27,10.5,23.0,35.0,40.0,45.0,55.0,66.5,81.0,97.3,107.0,117.0,152.1,226.5,inferred
East Ayrshire,2021-07-28,15.0,30.0,42.0,49.0,55.0,68.0,82.0,96.0,114.0,125.2,139.0,175.1,247.0,inferred
East Ayrshire,2021-07-29,10.0,23.0,35.0,40.0,46.0,57.0,70.0,83.0,96.0,105.0,116.0,146.0,210.5,inferred
East Ayrshire,2021-07-30,13.5,26.0,38.0,43.8,48.0,60.0,72.0,84.0,100.0,112.0,124.0,158.0,221.5,inferred
East Ayrshire,2021-07-31,17.0,32.0,47.0,53.8,59.0,72.0,86.0,99.4,116.0,124.0,136.2,171.0,230.0,inferred
East Ayrshire,2021-08-01,13.0,28.9,42.0,48.0,54.0,65.0,79.0,91.0,106.0,117.0,127.0,157.0,218.5,inferred
East Ayrshire,2021-08-02,10.0,23.0,34.0,38.0,43.0,55.0,64.0,76.0,94.0,103.0,114.0,148.0,203.5,inferred
East Ayrshire,2021-08-03,10.5,24.0,37.0,43.0,48.0,58.0,70.0,85.0,100.0,108.2,120.0,152.0,211.0,inferred
East Ayrshire,2021-08-04,21.0,35.0,50.0,57.0,63.0,75.0,88.0,101.4,120.0,130.2,141.0,180.0,239.0,inferred
East Ayrshire,2021-08-05,12.5,25.0,38.0,44.0,49.7,62.0,74.0,88.0,105.0,113.0,126.0,158.0,209.5,inferred
East Ayrshire,2021-08-06,17.0,31.0,44.0,50.0,56.0,66.0,78.0,91.0,107.0,118.0,130.0,164.0,227.0,inferred
East Ayrshire,2021-08-07,21.0,38.0,54.0,60.0,67.0,80.0,94.0,108.0,128.0,139.0,152.0,187.1,255.5,inferred
East Ayrshire,2021-08-08,18.5,36.0,53.0,60.0,67.0,80.0,93.5,107.0,127.0,137.2,150.0,184.1,251.0,inferred
East Ayrshire,2021-08-09,14.0,30.0,42.0,48.8,55.0,66.6,80.0,93.0,109.3,119.2,132.0,168.0,228.0,inferred
East Ayrshire,2021-08-10,17.0,36.0,51.0,57.0,63.0,77.0,92.0,107.0,125.3,138.0,151.0,187.0,251.0,inferred
East Ayrshire,2021-08-11,28.0,49.0,70.0,79.0,87.0,101.0,114.0,130.0,149.0,161.2,172.2,210.0,283.0,inferred
East Ayrshire,2021-08-12,22.0,40.0,55.0,63.0,68.0,80.6,97.0,112.0,130.0,139.2,152.0,192.1,250.5,inferred
East Ayrshire,2021-08-13,25.0,48.0,65.0,72.8,81.0,96.0,111.0,125.0,145.0,156.2,175.0,210.1,269.0,inferred
East Ayrshire,2021-08-14,36.0,65.9,85.0,93.0,102.0,117.6,134.5,153.0,172.0,186.0,200.0,244.0,321.0,inferred
East Ayrshire,2021-08-15,38.0,63.0,86.0,96.0,102.0,119.0,134.0,153.4,173.0,185.0,198.2,243.1,316.5,inferred
East Ayrshire,2021-08-16,33.0,51.0,69.0,76.0,84.0,101.0,116.0,132.0,153.0,165.0,178.0,216.0,278.0,inferred
East Ayrshire,2021-08-17,39.0,65.0,85.0,94.0,102.0,118.0,136.0,154.4,178.0,190.2,207.0,248.1,314.0,inferred
East Ayrshire,2021-08-18,58.5,93.9,116.0,127.0,138.0,155.0,172.0,192.0,218.0,232.0,247.0,298.1,386.5,inferred
East Ayrshire,2021-08-19,50.0,79.9,103.0,111.0,119.0,135.0,153.0,171.0,191.3,206.0,221.0,262.0,348.0,inferred
East Ayrshire,2021-08-20,61.5,92.0,117.0,126.0,136.0,156.6,176.0,197.0,220.0,235.0,252.2,299.0,391.0,inferred
East Ayrshire,2021-08-21,93.0,127.0,156.0,170.0,182.0,203.0,228.0,248.0,273.0,290.0,306.2,349.2,454.0,inferred
East Ayrshire,2021-08-22,97.5,131.0,163.0,174.8,186.0,205.0,230.0,251.0,279.0,298.0,320.2,368.1,454.0,inferred
East Ayrshire,2021-08-23,80.5,113.0,142.0,153.0,163.0,185.0,208.5,228.0,256.3,270.0,286.0,338.0,406.0,inferred
East Ayrshire,2021-08-24,101.5,142.0,173.0,186.0,198.0,225.0,250.0,272.0,299.0,317.0,339.0,386.0,475.6,inferred
East Ayrshire,2021-08-25,139.0,186.0,220.0,234.0,247.0,276.0,300.0,326.0,356.0,375.2,397.0,447.2,542.0,inferred
East Ayrshire,2021-08-26,126.0,163.0,197.0,212.0,225.0,248.0,271.0,299.0,325.0,343.0,362.2,417.0,497.5,inferred
East Ayrshire,2021-08-27,138.0,188.0,221.8,237.0,247.7,273.0,294.5,322.0,349.0,367.2,388.0,447.0,544.0,inferred
East Ayrshire,2021-08-28,193.5,245.9,284.0,298.0,313.0,339.6,374.0,402.4,439.0,458.0,483.0,538.1,650.1,inferred
East Ayrshire,2021-08-29,179.0,231.0,275.8,295.0,311.0,344.0,371.5,400.0,432.3,453.2,477.0,540.0,649.1,inferred
East Ayrshire,2021-08-30,159.0,211.0,252.0,267.0,283.0,310.0,335.0,365.0,398.0,415.2,439.0,499.0,618.1,inferred
East Ayrshire,2021-08-31,193.0,241.0,283.0,301.0,315.0,344.0,375.0,407.0,440.3,458.0,479.0,545.0,643.6,inferred
East Ayrshire,2021-09-01,232.9,294.0,341.0,357.0,373.0,409.0,440.5,478.0,514.3,535.0,558.0,624.1,742.5,inferred
East Ayrshire,2021-09-02,190.0,241.0,283.8,300.0,313.0,345.0,370.0,399.0,435.0,458.0,476.2,536.0,652.1,inferred
East Ayrshire,2021-09-03,188.5,247.9,296.0,310.0,327.0,357.6,384.0,416.4,449.0,469.0,489.0,548.2,654.0,inferred
East Ayrshire,2021-09-04,252.5,310.0,353.0,372.0,386.7,415.0,447.0,481.0,521.3,541.0,562.0,622.0,741.0,inferred
East Ayrshire,2021-09-05,212.0,278.9,321.0,340.0,356.0,389.0,419.0,451.4,484.0,504.2,532.0,595.0,702.0,inferred
East Ayrshire,2021-09-06,178.5,229.0,270.0,287.8,299.0,326.0,354.0,384.0,414.0,434.0,459.0,529.0,624.5,inferred
East Ayrshire,2021-09-07,185.5,245.9,279.8,299.0,315.7,344.6,374.0,403.0,435.0,457.0,482.0,552.1,650.5,inferred
East Ayrshire,2021-09-08,198.9,268.0,309.8,326.0,341.7,376.0,405.5,438.0,473.0,491.0,514.0,575.1,695.0,inferred
East Ayrshire,2021-09-09,144.0,193.9,233.8,247.8,263.0,293.0,318.0,345.0,374.0,390.0,414.0,477.0,572.0,inferred
East Ayrshire,2021-09-10,135.5,186.0,219.8,233.0,246.7,272.0,296.0,325.0,352.0,368.0,388.2,445.0,525.5,inferred
East Ayrshire,2021-09-11,143.0,202.0,236.0,252.8,264.0,290.6,316.0,344.4,378.0,395.0,416.0,481.0,587.6,inferred
East Ayrshire,2021-09-12,122.5,167.9,202.0,216.0,228.0,251.0,277.5,307.0,334.0,349.0,370.0,424.1,508.5,inferred
East Ayrshire,2021-09-13,86.5,125.9,153.0,165.0,178.0,197.0,215.0,239.0,266.0,279.0,295.0,336.1,427.5,inferred
East Ayrshire,2021-09-14,87.5,126.0,153.0,166.0,178.0,201.0,223.0,248.0,271.0,288.2,306.0,359.0,450.0,inferred
East Ayrshire,2021-09-15,105.0,141.0,172.0,185.0,195.0,221.0,244.0,264.0,295.0,309.0,326.2,385.1,489.0,inferred
East Ayrshire,2021-09-16,77.0,109.9,138.8,152.0,162.0,181.0,202.0,224.0,249.0,261.0,276.0,320.0,410.5,inferred
East Ayrshire,2021-09-17,73.5,109.0,139.8,152.8,162.0,184.0,205.0,227.0,250.0,264.2,282.0,326.3,399.5,inferred
East Ayrshire,2021-09-18,97.5,134.0,165.0,177.0,189.0,211.0,232.0,258.4,284.0,301.0,317.2,367.2,455.0,inferred
East Ayrshire,2021-09-19,86.0,118.0,145.0,157.8,171.0,190.0,210.0,232.0,258.0,274.2,295.2,351.0,425.6,inferred
East Ayrshire,2021-09-20,58.5,88.9,112.0,123.0,134.0,153.0,172.0,194.4,216.0,229.0,245.2,299.0,391.0,inferred
East Ayrshire,2021-09-21,67.0,101.0,129.0,141.0,151.0,171.0,191.0,213.0,240.0,256.0,274.0,325.2,421.6,inferred
East Ayrshire,2021-09-22,94.0,127.0,161.0,171.0,181.0,201.0,223.0,246.4,272.0,288.0,307.0,356.0,455.0,inferred
East Ayrshire,2021-09-23,71.0,108.0,132.0,141.0,150.0,173.0,194.0,217.0,240.0,254.0,269.2,321.0,411.6,inferred
East Ayrshire,2021-09-24,75.5,114.0,139.8,153.0,166.0,186.0,208.0,231.0,257.0,271.0,286.0,328.0,423.5,inferred
East Ayrshire,2021-09-25,99.0,148.0,180.0,194.0,207.0,228.0,252.0,277.0,303.0,318.0,337.0,386.1,486.0,inferred
East Ayrshire,2021-09-26,107.0,141.9,173.0,187.0,198.7,219.0,244.0,268.0,294.3,310.0,325.0,377.1,458.5,inferred
East Ayrshire,2021-09-27,85.0,120.0,148.0,158.0,170.0,190.0,210.0,233.0,260.0,275.0,292.0,340.0,422.0,inferred
East Ayrshire,2021-09-28,83.0,127.0,159.0,170.8,182.0,207.0,226.0,251.0,278.0,293.0,309.0,360.0,444.5,inferred
East Ayrshire,2021-09-29,107.5,149.0,181.0,193.0,204.0,230.0,254.5,278.4,309.0,327.0,348.0,403.0,481.0,inferred
East Ayrshire,2021-09-30,77.0,117.0,143.0,153.8,165.0,186.0,206.5,227.0,251.0,264.2,282.0,325.0,408.0,inferred
East Ayrshire,2021-10-01,75.0,112.0,140.0,151.0,160.0,181.0,202.0,227.0,254.0,269.0,286.2,332.1,426.0,inferred
East Ayrshire,2021-10-02,94.5,131.0,162.0,175.0,184.0,208.0,227.0,252.0,280.0,294.0,313.0,356.1,436.5,inferred
East Ayrshire,2021-10-03,82.0,117.0,145.0,158.0,168.0,185.6,206.0,231.0,256.0,271.0,289.2,337.0,423.5,inferred
East Ayrshire,2021-10-04,59.5,93.0,117.0,126.8,136.0,155.0,175.5,193.4,214.0,228.0,243.2,291.0,371.5,inferred
East Ayrshire,2021-10-05,60.0,88.9,118.0,127.0,139.0,158.0,177.0,199.0,219.0,232.2,250.0,292.0,378.0,inferred
East Ayrshire,2021-10-06,84.0,111.0,144.0,154.0,162.0,183.0,203.0,224.0,250.0,265.0,280.2,326.1,411.5,inferred
East Ayrshire,2021-10-07,57.0,83.0,108.8,119.8,128.7,149.0,166.0,186.4,211.0,222.0,234.0,278.1,345.5,inferred
East Ayrshire,2021-10-08,60.5,90.0,114.8,125.0,134.0,153.0,174.5,194.0,215.0,228.0,244.0,291.0,377.0,inferred
East Ayrshire,2021-10-09,72.5,111.0,135.8,146.0,156.0,175.0,195.5,216.0,239.3,255.0,271.2,317.1,409.6,inferred
East Ayrshire,2021-10-10,61.0,91.9,120.8,131.0,142.0,163.0,184.0,205.0,233.0,245.2,261.0,306.0,399.5,inferred
East Ayrshire,2021-10-11,49.5,74.0,98.8,108.0,116.0,133.0,150.5,170.4,193.0,205.0,221.0,265.0,339.5,inferred
East Ayrshire,2021-10-12,56.5,84.9,107.0,116.0,127.0,145.0,163.5,184.4,209.0,220.0,237.0,279.1,367.1,inferred
East Ayrshire,2021-10-13,63.0,98.9,125.0,137.0,147.0,169.0,188.0,213.0,239.0,254.0,273.2,323.1,420.5,inferred
East Ayrshire,2021-10-14,46.5,76.0,104.0,112.0,123.0,141.0,161.0,182.0,209.0,223.0,240.0,282.1,358.1,inferred
East Ayrshire,2021-10-15,47.0,83.0,108.0,119.0,130.0,149.0,170.5,192.4,218.0,232.0,252.2,298.1,382.0,inferred
East Cambridgeshire,2021-07-03,2.0,5.0,7.0,7.0,8.0,10.0,11.0,13.0,15.0,16.0,17.0,20.0,26.0,inferred
East Cambridgeshire,2021-07-04,4.0,7.0,9.0,10.0,11.0,12.0,14.0,16.0,17.0,19.0,20.0,23.0,29.0,inferred
East Cambridgeshire,2021-07-05,10.0,13.0,16.0,17.0,18.0,20.0,22.0,24.0,26.0,28.0,29.0,33.0,40.0,inferred
East Cambridgeshire,2021-07-06,11.0,15.0,17.0,19.0,20.0,22.0,24.0,26.0,28.0,29.0,31.0,35.0,43.0,inferred
East Cambridgeshire,2021-07-07,12.0,17.0,20.0,21.0,22.0,24.0,26.0,28.0,31.0,32.0,33.0,38.0,45.0,inferred
East Cambridgeshire,2021-07-08,13.0,17.0,20.0,22.0,23.0,25.0,27.0,29.0,32.0,33.0,35.0,39.0,48.0,inferred
East Cambridgeshire,2021-07-09,13.0,17.0,20.0,22.0,23.0,25.0,27.0,29.4,32.0,33.0,35.0,39.0,46.5,inferred
East Cambridgeshire,2021-07-10,12.0,16.0,19.0,20.0,21.0,23.0,25.0,27.0,30.0,31.0,33.0,36.1,43.0,inferred
East Cambridgeshire,2021-07-11,13.5,18.0,21.0,23.0,23.0,26.0,28.0,30.0,32.0,34.0,36.0,40.0,48.0,inferred
East Cambridgeshire,2021-07-12,22.0,28.0,32.0,34.0,35.0,38.0,41.0,44.0,47.0,48.0,50.0,55.0,64.0,inferred
East Cambridgeshire,2021-07-13,21.0,27.0,32.0,33.0,35.0,37.0,40.0,42.0,45.0,47.0,49.0,55.0,63.0,inferred
East Cambridgeshire,2021-07-14,22.0,28.0,32.0,34.0,35.0,38.0,40.0,43.0,46.0,48.0,50.0,56.0,66.0,inferred
East Cambridgeshire,2021-07-15,20.0,25.0,30.0,31.0,32.7,35.0,38.0,41.0,44.0,45.0,47.0,53.0,62.0,inferred
East Cambridgeshire,2021-07-16,18.0,23.0,27.0,28.0,29.0,32.0,34.0,36.0,39.0,41.0,42.0,48.0,56.0,inferred
East Cambridgeshire,2021-07-17,13.0,18.0,21.0,22.0,24.0,26.0,28.0,30.0,33.0,35.0,36.0,40.1,47.0,inferred
East Cambridgeshire,2021-07-18,13.0,18.0,21.0,23.0,24.0,26.0,28.0,30.0,33.0,34.2,36.0,40.0,48.0,inferred
East Cambridgeshire,2021-07-19,20.0,25.0,29.0,30.0,31.0,34.0,37.0,39.0,42.0,44.0,46.0,50.0,58.0,inferred
East Cambridgeshire,2021-07-20,17.0,23.0,26.8,28.0,29.0,32.0,34.0,37.0,40.0,41.0,43.0,48.0,56.0,inferred
East Cambridgeshire,2021-07-21,17.0,22.0,26.0,27.0,28.0,31.0,33.0,36.0,38.0,40.0,42.0,47.0,56.0,inferred
East Cambridgeshire,2021-07-22,14.5,20.0,23.0,24.0,26.0,28.0,30.0,33.0,35.0,37.0,39.0,44.0,51.0,inferred
East Cambridgeshire,2021-07-23,13.0,17.0,21.0,22.0,23.0,25.0,27.0,29.0,32.0,33.0,35.0,40.0,48.0,inferred
East Cambridgeshire,2021-07-24,9.0,13.0,16.0,17.0,18.0,20.0,22.0,24.0,26.0,27.0,29.0,33.0,40.0,inferred
East Cambridgeshire,2021-07-25,9.0,13.0,16.0,17.0,18.0,20.0,22.0,24.0,26.0,28.0,29.0,33.0,40.0,inferred
East Cambridgeshire,2021-07-26,14.0,19.0,22.0,23.8,25.0,27.0,29.0,31.0,34.0,36.0,37.0,42.0,49.5,inferred
East Cambridgeshire,2021-07-27,14.0,18.0,21.0,22.0,23.0,26.0,28.0,30.0,33.0,34.0,36.0,40.1,49.0,inferred
East Cambridgeshire,2021-07-28,15.0,19.0,23.0,24.0,25.0,27.0,30.0,32.0,34.0,36.0,37.0,42.0,49.0,inferred
East Cambridgeshire,2021-07-29,14.0,19.0,23.0,24.0,25.0,27.0,30.0,32.4,35.0,37.0,38.0,43.0,50.0,inferred
East Cambridgeshire,2021-07-30,14.0,19.0,22.0,23.0,24.0,27.0,29.0,32.0,34.0,35.0,37.0,42.0,50.5,inferred
East Cambridgeshire,2021-07-31,11.0,16.0,19.0,20.0,21.0,23.0,26.0,28.0,30.0,31.0,33.0,37.1,46.0,inferred
East Cambridgeshire,2021-08-01,13.0,18.0,21.0,22.0,23.0,26.0,28.0,30.0,32.0,34.0,35.0,40.0,48.0,inferred
East Cambridgeshire,2021-08-02,20.0,26.0,30.0,32.0,33.7,36.0,39.0,42.0,45.0,46.0,49.0,54.0,63.5,inferred
East Cambridgeshire,2021-08-03,20.0,26.0,30.0,31.8,33.0,36.0,38.0,41.0,44.0,46.0,48.0,53.0,62.0,inferred
East Cambridgeshire,2021-08-04,22.0,28.0,31.0,33.0,34.0,37.0,39.0,42.0,45.0,47.0,49.0,55.0,63.0,inferred
East Cambridgeshire,2021-08-05,22.0,28.0,32.0,33.0,35.0,37.0,40.0,43.0,46.0,47.0,49.0,55.0,66.0,inferred
East Cambridgeshire,2021-08-06,20.0,26.0,29.0,31.0,32.0,35.0,37.0,40.0,43.0,44.0,46.0,51.0,60.0,inferred
East Cambridgeshire,2021-08-07,17.0,21.0,24.0,26.0,27.0,30.0,32.0,34.0,37.0,38.0,40.0,45.0,55.0,inferred
East Cambridgeshire,2021-08-08,18.0,23.0,26.0,28.0,29.0,31.0,34.0,37.0,40.0,41.0,43.0,48.0,56.0,inferred
East Cambridgeshire,2021-08-09,27.0,33.0,38.0,39.0,41.0,44.0,47.0,50.0,53.0,54.0,57.0,63.0,74.0,inferred
East Cambridgeshire,2021-08-10,25.0,32.0,37.0,38.0,40.0,43.0,45.0,48.0,52.0,54.0,56.0,62.0,70.0,inferred
East Cambridgeshire,2021-08-11,27.0,33.0,38.0,39.8,41.0,44.0,46.0,49.0,52.0,54.0,57.0,63.0,73.0,inferred
East Cambridgeshire,2021-08-12,26.0,32.0,36.0,38.0,39.0,42.0,45.0,47.0,51.0,52.0,55.0,60.0,70.0,inferred
East Cambridgeshire,2021-08-13,24.0,29.0,33.0,34.0,36.0,39.0,42.0,44.0,47.0,49.0,51.0,56.0,64.0,inferred
East Cambridgeshire,2021-08-14,18.0,23.0,27.0,28.0,30.0,32.0,35.0,37.0,40.0,41.0,44.0,49.0,56.5,inferred
East Cambridgeshire,2021-08-15,18.0,24.0,27.0,29.0,30.0,33.0,36.0,38.0,41.0,43.0,45.0,51.0,59.0,inferred
East Cambridgeshire,2021-08-16,27.0,34.0,39.0,41.0,42.0,45.0,48.0,51.0,53.0,55.0,58.0,64.0,73.0,inferred
East Cambridgeshire,2021-08-17,26.0,32.0,36.0,37.0,39.0,41.0,44.0,47.0,51.0,52.2,55.0,62.0,72.0,inferred
East Cambridgeshire,2021-08-18,25.0,31.0,35.0,37.0,38.0,41.0,44.0,47.0,51.0,52.0,54.0,60.0,69.0,inferred
East Cambridgeshire,2021-08-19,24.0,29.0,33.0,35.0,36.0,39.0,42.0,45.0,48.0,49.0,51.2,57.0,66.0,inferred
East Cambridgeshire,2021-08-20,19.0,25.0,29.0,30.0,31.0,34.0,37.0,39.0,42.0,44.0,46.0,51.0,60.0,inferred
East Cambridgeshire,2021-08-21,15.0,19.0,23.0,24.0,25.0,28.0,30.0,32.0,35.0,37.0,39.0,43.0,49.0,inferred
East Cambridgeshire,2021-08-22,15.0,20.0,23.0,25.0,26.0,28.0,30.0,33.0,36.0,37.0,39.0,43.1,52.0,inferred
East Cambridgeshire,2021-08-23,21.0,27.0,32.0,33.0,35.0,38.0,40.0,43.0,46.0,48.0,50.0,55.0,64.5,inferred
East Cambridgeshire,2021-08-24,20.0,25.0,29.0,31.0,32.0,35.0,38.0,40.0,43.0,45.0,47.0,52.0,60.0,inferred
East Cambridgeshire,2021-08-25,20.5,25.9,30.0,31.0,33.0,35.0,38.0,41.0,43.0,45.0,47.0,53.0,61.0,inferred
East Cambridgeshire,2021-08-26,20.0,24.0,28.0,29.0,31.0,33.0,35.0,38.0,41.0,43.0,45.0,49.0,58.5,inferred
East Cambridgeshire,2021-08-27,16.0,21.0,24.0,26.0,27.0,30.0,32.0,35.0,37.0,39.0,41.0,46.0,54.5,inferred
East Cambridgeshire,2021-08-28,13.0,17.0,20.0,21.0,23.0,25.0,27.0,29.0,31.0,32.2,34.0,39.0,46.0,inferred
East Cambridgeshire,2021-08-29,14.0,17.0,21.0,22.0,23.0,26.0,28.0,30.0,32.0,34.0,36.0,40.0,48.0,inferred
East Cambridgeshire,2021-08-30,19.0,25.0,29.0,30.0,32.0,35.0,37.0,40.0,43.0,44.0,46.0,51.1,61.0,inferred
East Cambridgeshire,2021-08-31,18.5,24.0,27.0,28.0,30.0,33.0,35.0,37.0,40.0,41.0,43.0,49.0,56.5,inferred
East Cambridgeshire,2021-09-01,17.0,23.0,27.0,29.0,30.0,32.0,35.0,37.0,40.0,41.0,43.2,49.0,56.5,inferred
East Cambridgeshire,2021-09-02,16.0,22.0,25.0,27.0,29.0,31.0,34.0,36.0,39.0,41.0,42.0,47.0,54.0,inferred
East Cambridgeshire,2021-09-03,14.0,19.0,22.0,24.0,25.0,28.0,30.0,33.0,35.0,36.0,38.0,42.0,49.0,inferred
East Cambridgeshire,2021-09-04,11.0,15.0,18.0,19.0,20.0,22.0,24.0,27.0,29.0,31.0,32.0,37.0,44.0,inferred
East Cambridgeshire,2021-09-05,12.0,16.0,19.0,20.0,21.0,23.0,25.0,28.0,30.0,32.0,33.0,38.0,45.0,inferred
East Cambridgeshire,2021-09-06,16.0,22.0,26.0,27.0,29.0,32.0,34.0,36.0,39.0,40.2,43.0,48.0,56.0,inferred
East Cambridgeshire,2021-09-07,14.5,20.0,24.0,25.0,27.0,29.0,31.0,34.0,37.0,38.0,39.2,44.0,52.0,inferred
East Cambridgeshire,2021-09-08,16.0,21.0,25.0,26.0,28.0,30.0,32.0,35.0,37.0,38.0,40.0,45.0,53.0,inferred
East Cambridgeshire,2021-09-09,15.0,20.0,23.0,24.0,26.0,28.0,30.0,33.0,35.0,37.0,38.0,42.0,52.0,inferred
East Cambridgeshire,2021-09-10,14.0,18.0,21.0,23.0,24.0,26.0,28.0,30.0,32.0,34.0,35.0,40.0,47.5,inferred
East Cambridgeshire,2021-09-11,11.0,15.0,17.0,18.0,20.0,22.0,24.0,26.0,29.0,30.0,31.0,36.0,43.0,inferred
East Cambridgeshire,2021-09-12,11.0,16.0,18.0,20.0,21.0,22.0,24.0,27.0,29.0,30.0,32.0,36.0,43.0,inferred
East Cambridgeshire,2021-09-13,18.0,23.0,26.0,27.8,29.0,31.0,33.0,36.0,39.0,41.0,43.0,48.0,57.0,inferred
East Cambridgeshire,2021-09-14,16.0,22.0,26.0,27.0,28.0,31.0,33.0,36.0,39.0,40.0,42.0,47.0,55.5,inferred
East Cambridgeshire,2021-09-15,20.0,25.0,29.0,30.0,32.0,34.0,37.0,39.0,42.0,44.0,46.0,51.0,60.0,inferred
East Cambridgeshire,2021-09-16,21.0,26.0,29.0,31.0,32.0,35.0,38.0,41.0,43.3,45.0,47.0,52.0,61.0,inferred
East Cambridgeshire,2021-09-17,20.0,26.0,29.0,31.0,33.0,35.0,38.0,40.0,43.0,45.0,47.0,52.0,61.0,inferred
East Cambridgeshire,2021-09-18,18.0,23.0,27.0,28.0,29.0,32.0,34.0,37.0,39.0,41.0,43.0,48.0,57.0,inferred
East Cambridgeshire,2021-09-19,20.5,26.0,30.0,32.0,33.0,36.0,38.0,40.4,44.0,45.0,47.0,52.0,62.0,inferred
East Cambridgeshire,2021-09-20,33.0,40.0,46.0,48.0,49.0,52.0,55.0,58.0,61.0,63.0,66.0,72.0,83.0,inferred
East Cambridgeshire,2021-09-21,33.0,40.0,45.0,47.0,48.0,52.0,55.0,58.0,62.0,64.0,66.0,72.0,83.0,inferred
East Cambridgeshire,2021-09-22,34.5,42.0,46.0,48.0,50.0,54.0,57.0,59.4,64.0,66.0,68.0,74.0,82.5,inferred
East Cambridgeshire,2021-09-23,33.0,41.0,46.0,48.0,49.0,53.0,56.0,59.0,63.0,65.0,67.0,73.0,83.0,inferred
East Cambridgeshire,2021-09-24,30.5,38.0,43.0,45.0,46.0,50.0,53.0,56.0,59.0,61.0,63.0,69.0,76.0,inferred
East Cambridgeshire,2021-09-25,25.0,32.0,36.0,38.0,40.0,42.0,45.0,47.4,51.0,53.0,55.0,60.0,69.0,inferred
East Cambridgeshire,2021-09-26,27.0,35.0,39.0,41.0,42.0,45.0,48.0,50.0,54.0,56.0,58.0,64.0,72.5,inferred
East Cambridgeshire,2021-09-27,41.0,48.0,54.0,56.0,58.0,62.0,65.0,69.0,72.3,75.0,77.0,84.0,95.0,inferred
East Cambridgeshire,2021-09-28,39.0,47.0,52.0,54.0,56.0,60.0,63.0,67.0,71.0,73.0,75.0,82.0,92.0,inferred
East Cambridgeshire,2021-09-29,41.0,48.0,54.0,56.0,58.0,61.0,64.0,68.0,72.0,74.0,77.0,83.0,93.5,inferred
East Cambridgeshire,2021-09-30,39.0,47.0,51.0,53.0,55.0,59.0,63.0,66.0,70.0,73.0,75.0,81.0,90.0,inferred
East Cambridgeshire,2021-10-01,37.0,44.0,49.0,51.0,53.0,56.0,59.0,62.0,66.0,67.0,69.0,76.0,85.0,inferred
East Cambridgeshire,2021-10-02,29.0,36.0,41.0,43.0,44.0,47.0,50.0,52.0,55.0,57.0,59.0,65.0,75.0,inferred
East Cambridgeshire,2021-10-03,31.0,38.0,43.0,45.0,47.0,49.0,52.0,55.0,58.0,60.0,63.0,70.0,78.0,inferred
East Cambridgeshire,2021-10-04,46.0,54.0,60.0,62.0,65.0,68.0,72.0,76.0,80.0,82.0,85.0,93.0,101.0,inferred
East Cambridgeshire,2021-10-05,44.0,53.0,58.0,60.0,62.0,66.0,70.0,73.0,77.0,79.0,81.0,89.0,99.0,inferred
East Cambridgeshire,2021-10-06,48.0,55.0,61.0,63.0,65.0,69.0,72.0,75.0,79.0,82.0,85.0,93.0,104.0,inferred
East Cambridgeshire,2021-10-07,45.0,53.0,59.0,61.0,63.0,67.0,70.0,74.0,78.0,80.0,83.0,89.0,99.0,inferred
East Cambridgeshire,2021-10-08,43.0,49.9,54.0,56.0,58.0,62.0,65.0,68.0,72.0,74.0,77.0,84.0,95.5,inferred
East Cambridgeshire,2021-10-09,33.0,41.0,46.0,48.0,50.0,54.0,57.0,60.0,63.0,66.0,68.0,74.0,85.0,inferred
East Cambridgeshire,2021-10-10,36.0,43.0,49.0,51.0,54.0,56.0,59.0,63.0,66.0,68.0,71.0,77.0,88.0,inferred
East Cambridgeshire,2021-10-11,53.0,62.0,68.0,71.0,73.0,77.0,81.0,85.0,89.0,92.0,95.0,102.0,114.0,inferred
East Cambridgeshire,2021-10-12,50.0,58.0,64.8,66.0,69.0,72.0,76.0,80.0,85.0,87.0,90.0,97.0,111.0,inferred
East Cambridgeshire,2021-10-13,50.5,58.0,64.0,66.0,68.0,72.0,76.0,80.0,84.3,87.0,90.0,96.1,109.0,inferred
East Cambridgeshire,2021-10-14,44.0,54.0,60.0,62.0,63.0,67.0,71.0,75.0,79.0,82.0,84.0,92.0,104.0,inferred
East Cambridgeshire,2021-10-15,40.0,46.0,51.8,54.0,56.0,59.0,63.0,66.0,70.0,73.0,76.0,83.0,95.0,inferred
East Devon,2021-07-03,12.0,17.0,20.0,21.0,22.0,24.0,26.0,28.0,30.0,32.0,34.0,38.1,46.0,inferred
East Devon,2021-07-04,16.0,20.0,23.0,25.0,26.0,28.0,30.0,32.0,35.0,36.0,37.0,42.0,51.0,inferred
East Devon,2021-07-05,29.0,34.0,38.0,39.0,41.0,43.0,46.0,48.0,51.0,53.0,55.0,60.0,68.0,inferred
East Devon,2021-07-06,32.0,38.0,42.0,43.0,44.0,47.0,50.0,53.0,56.0,58.0,60.0,65.0,73.0,inferred
East Devon,2021-07-07,35.0,41.0,46.0,48.0,49.0,52.0,55.0,58.0,61.0,63.0,65.0,70.0,79.0,inferred
East Devon,2021-07-08,38.0,45.0,50.0,52.0,54.0,57.0,60.0,63.0,66.0,68.0,70.0,76.0,84.0,inferred
East Devon,2021-07-09,40.0,47.0,51.0,53.0,54.0,57.0,60.0,63.0,67.0,69.0,71.0,78.0,88.5,inferred
East Devon,2021-07-10,36.0,42.0,46.0,48.0,50.0,53.0,56.0,59.0,62.0,64.0,66.0,72.0,82.0,inferred
East Devon,2021-07-11,41.0,50.0,55.0,57.0,59.0,62.0,65.0,68.0,72.0,74.0,76.0,82.0,92.0,inferred
East Devon,2021-07-12,67.5,78.0,84.0,87.0,89.0,93.0,97.0,101.0,106.0,108.2,111.0,118.0,130.0,inferred
East Devon,2021-07-13,72.0,83.0,89.0,92.0,95.0,99.0,104.0,107.0,112.0,114.0,117.0,125.0,138.0,inferred
East Devon,2021-07-14,68.0,79.0,86.0,89.0,91.0,95.0,100.0,104.0,108.0,110.0,113.0,121.0,133.0,inferred
East Devon,2021-07-15,66.0,75.0,81.0,83.0,86.0,90.0,94.0,98.0,102.0,104.0,106.0,114.0,125.0,inferred
East Devon,2021-07-16,57.0,65.0,70.0,73.0,74.0,78.0,82.0,86.0,90.0,92.0,95.0,101.0,113.0,inferred
East Devon,2021-07-17,42.0,51.0,56.0,58.0,60.0,63.0,66.0,69.0,73.0,74.0,77.0,83.0,93.0,inferred
East Devon,2021-07-18,43.0,51.0,56.0,57.0,59.0,62.0,65.0,68.0,72.0,74.0,76.0,82.0,91.0,inferred
East Devon,2021-07-19,59.0,67.9,74.0,76.0,78.0,82.0,86.0,89.0,93.0,96.0,98.0,106.0,116.0,inferred
East Devon,2021-07-20,57.0,66.0,72.0,74.0,77.0,80.0,84.0,88.0,92.0,94.0,97.0,103.0,114.0,inferred
East Devon,2021-07-21,53.0,61.0,67.0,69.0,71.0,75.0,78.0,82.0,86.0,88.0,90.0,97.0,108.0,inferred
East Devon,2021-07-22,48.0,56.0,62.0,64.0,65.0,69.0,72.0,76.0,79.0,81.2,85.0,92.0,102.5,inferred
East Devon,2021-07-23,41.0,48.0,53.0,55.0,57.0,60.0,63.0,66.0,70.0,72.0,74.0,80.0,90.5,inferred
East Devon,2021-07-24,32.0,37.0,42.0,43.0,44.0,47.0,50.0,52.0,55.0,57.0,59.0,64.0,72.0,inferred
East Devon,2021-07-25,30.0,37.0,41.0,42.8,44.0,47.0,50.0,53.0,56.0,58.0,59.0,64.0,72.5,inferred
East Devon,2021-07-26,42.5,50.0,54.0,56.0,58.0,61.0,64.0,67.0,71.0,73.0,75.0,82.0,93.5,inferred
East Devon,2021-07-27,44.0,50.0,54.0,56.0,58.0,62.0,65.0,69.0,73.0,75.0,77.0,82.0,93.5,inferred
East Devon,2021-07-28,40.0,49.0,53.0,55.0,57.0,61.0,64.0,67.0,70.0,72.0,75.0,81.0,90.0,inferred
East Devon,2021-07-29,41.0,49.0,54.0,56.0,57.0,60.0,63.0,67.0,70.0,72.0,74.0,80.0,89.0,inferred
East Devon,2021-07-30,37.5,44.0,49.0,51.0,52.0,55.0,58.0,61.0,65.0,67.0,68.0,74.0,84.0,inferred
East Devon,2021-07-31,30.0,37.0,41.0,43.0,44.0,46.0,49.0,52.0,55.0,56.0,59.0,64.0,74.0,inferred
East Devon,2021-08-01,31.0,38.0,43.0,44.0,46.0,49.0,52.0,54.0,58.0,59.2,62.0,67.0,77.0,inferred
East Devon,2021-08-02,46.0,55.0,61.0,63.0,65.0,69.0,72.0,75.0,79.0,81.0,83.0,90.0,104.0,inferred
East Devon,2021-08-03,48.0,56.0,62.0,64.0,66.0,70.0,74.0,77.0,82.0,83.0,86.0,93.0,102.0,inferred
East Devon,2021-08-04,45.0,55.0,60.0,63.0,64.7,68.0,72.0,75.0,79.0,81.0,83.2,90.0,101.5,inferred
East Devon,2021-08-05,46.5,54.0,59.0,61.0,63.0,66.0,69.0,73.0,77.0,79.0,80.0,87.0,98.0,inferred
East Devon,2021-08-06,40.0,47.0,53.0,55.0,57.0,60.0,63.0,66.0,70.0,72.0,74.0,81.0,91.0,inferred
East Devon,2021-08-07,32.0,39.0,43.0,45.0,46.0,49.0,52.0,55.0,59.0,60.0,62.0,67.0,79.0,inferred
East Devon,2021-08-08,34.0,39.0,44.0,46.0,48.0,51.0,54.0,56.0,60.0,62.0,64.0,69.0,78.0,inferred
East Devon,2021-08-09,48.0,57.0,62.0,64.0,66.0,69.0,72.0,76.0,80.0,82.0,85.0,92.0,104.0,inferred
East Devon,2021-08-10,52.5,62.0,67.0,69.0,71.0,75.0,78.0,82.0,85.0,88.0,90.0,97.0,107.0,inferred
East Devon,2021-08-11,56.0,65.0,71.0,73.0,75.7,79.0,83.0,87.0,91.0,93.0,96.0,102.0,114.0,inferred
East Devon,2021-08-12,62.0,71.0,76.0,79.0,81.0,85.0,89.0,93.0,97.0,99.0,102.0,109.0,120.0,inferred
East Devon,2021-08-13,63.0,72.0,78.0,80.0,82.0,86.0,90.0,93.0,97.0,100.0,103.0,110.0,121.0,inferred
East Devon,2021-08-14,57.0,65.0,71.0,73.0,75.0,78.0,82.0,85.0,89.0,91.2,94.0,100.0,110.0,inferred
East Devon,2021-08-15,66.0,75.0,81.0,83.0,85.0,89.0,93.0,98.0,102.0,105.0,107.0,114.0,126.0,inferred
East Devon,2021-08-16,103.0,115.0,122.0,125.0,127.7,133.0,138.0,142.0,148.0,151.0,155.0,163.0,177.0,inferred
East Devon,2021-08-17,107.0,118.0,126.0,129.0,132.0,137.0,142.0,147.4,154.0,158.0,161.0,170.0,185.0,inferred
East Devon,2021-08-18,101.0,110.0,119.0,121.0,123.7,128.0,133.0,138.0,143.0,146.0,150.0,158.0,171.0,inferred
East Devon,2021-08-19,90.5,102.0,109.8,112.0,115.0,120.0,123.0,128.0,132.0,134.0,137.0,144.0,157.0,inferred
East Devon,2021-08-20,76.0,86.0,92.0,94.0,97.0,101.0,105.0,108.0,113.0,116.0,118.0,126.0,139.0,inferred
East Devon,2021-08-21,55.5,64.0,69.0,71.0,74.0,77.0,81.0,85.0,89.0,91.0,94.0,100.0,111.5,inferred
East Devon,2021-08-22,55.0,61.0,67.0,70.0,71.0,75.0,78.0,81.0,85.0,87.0,89.0,96.0,107.0,inferred
East Devon,2021-08-23,71.0,80.0,87.0,90.0,92.7,97.0,101.0,105.0,109.0,113.0,116.0,123.0,137.0,inferred
East Devon,2021-08-24,69.0,79.0,85.0,88.0,90.0,94.0,98.0,103.0,108.0,110.0,113.0,120.0,132.0,inferred
East Devon,2021-08-25,65.0,75.0,81.0,83.0,85.0,89.0,93.0,97.0,102.0,105.0,107.0,114.1,126.0,inferred
East Devon,2021-08-26,62.0,71.9,78.0,80.0,82.0,86.0,90.0,94.0,97.3,100.0,102.0,109.0,121.5,inferred
East Devon,2021-08-27,55.0,64.0,70.0,72.0,74.0,78.0,82.0,85.0,90.0,92.0,94.0,101.0,110.0,inferred
East Devon,2021-08-28,44.0,52.0,56.8,58.0,60.0,63.0,66.0,69.0,72.0,74.0,76.0,83.0,93.0,inferred
East Devon,2021-08-29,43.0,51.0,57.0,59.0,60.0,64.0,67.0,70.0,74.0,76.0,78.0,85.0,95.5,inferred
East Devon,2021-08-30,61.0,71.0,77.8,80.0,82.0,86.0,89.0,93.0,97.0,100.0,103.0,110.1,123.0,inferred
East Devon,2021-08-31,61.0,69.0,75.0,77.0,79.0,84.0,87.0,92.0,95.3,98.0,100.0,108.0,119.5,inferred
East Devon,2021-09-01,55.0,64.0,70.0,72.0,74.0,78.0,82.0,86.0,90.0,92.0,95.0,101.1,113.0,inferred
East Devon,2021-09-02,52.0,58.0,64.0,66.0,68.0,72.0,76.0,80.0,84.0,86.0,88.0,95.0,105.0,inferred
East Devon,2021-09-03,43.0,51.0,55.0,57.0,59.0,63.0,66.0,69.0,73.0,75.0,77.0,84.0,94.0,inferred
East Devon,2021-09-04,32.0,39.0,43.0,44.0,46.0,49.0,52.0,55.0,58.0,60.0,61.0,67.0,75.0,inferred
East Devon,2021-09-05,32.0,37.0,42.0,44.0,45.0,48.0,51.0,54.0,57.0,59.0,61.0,67.0,76.0,inferred
East Devon,2021-09-06,44.5,51.0,56.0,58.0,59.0,62.0,66.0,69.0,73.0,75.0,77.0,83.0,96.5,inferred
East Devon,2021-09-07,41.0,49.0,54.0,56.0,57.0,61.0,64.0,67.0,71.0,73.0,75.0,82.1,94.0,inferred
East Devon,2021-09-08,40.0,46.0,51.0,52.0,54.0,57.0,60.0,63.0,66.0,69.0,71.0,76.0,85.0,inferred
East Devon,2021-09-09,34.0,41.0,46.0,48.0,49.0,53.0,55.0,58.0,62.0,64.0,66.0,71.0,81.0,inferred
East Devon,2021-09-10,29.0,36.0,40.0,41.0,43.0,46.0,48.0,51.0,54.0,56.0,58.0,63.0,71.0,inferred
East Devon,2021-09-11,21.0,27.0,31.0,32.0,34.0,36.0,38.0,41.0,43.0,45.0,47.0,52.0,60.5,inferred
East Devon,2021-09-12,21.0,26.0,30.0,31.0,33.0,35.0,38.0,40.0,43.0,44.0,46.0,51.0,59.0,inferred
East Devon,2021-09-13,30.0,36.0,40.0,42.0,44.0,47.0,49.5,52.0,55.3,57.0,60.0,65.0,73.0,inferred
East Devon,2021-09-14,31.0,37.0,41.0,43.0,44.0,47.0,50.0,53.0,56.0,58.0,60.0,65.0,75.0,inferred
East Devon,2021-09-15,30.0,37.0,41.0,43.0,45.0,47.0,50.0,53.0,55.0,57.0,59.0,65.0,75.0,inferred
East Devon,2021-09-16,31.0,38.0,42.0,43.0,45.0,48.0,50.0,53.0,56.0,58.0,60.0,66.0,75.0,inferred
East Devon,2021-09-17,29.0,35.9,40.0,41.0,43.0,45.0,48.0,51.0,54.0,56.0,58.0,63.0,71.0,inferred
East Devon,2021-09-18,22.0,29.0,32.0,34.0,35.0,38.0,41.0,43.0,46.0,47.0,49.0,54.0,62.0,inferred
East Devon,2021-09-19,25.0,31.0,35.0,36.0,38.0,41.0,43.0,46.0,49.0,51.0,52.0,57.0,66.0,inferred
East Devon,2021-09-20,39.0,46.0,51.0,53.0,54.0,58.0,61.0,64.0,67.0,70.0,72.0,79.0,89.0,inferred
East Devon,2021-09-21,41.0,48.0,53.0,55.0,56.7,59.0,62.0,66.0,69.0,71.0,73.0,80.0,90.0,inferred
East Devon,2021-09-22,41.0,48.0,53.0,55.0,57.0,59.0,63.0,66.4,70.0,72.0,74.0,80.0,89.0,inferred
East Devon,2021-09-23,42.0,48.0,52.0,54.0,56.0,59.0,63.0,66.0,69.0,71.0,74.0,80.0,89.5,inferred
East Devon,2021-09-24,36.0,43.0,49.0,51.0,52.0,55.0,58.0,62.0,65.0,67.0,69.0,75.0,84.0,inferred
East Devon,2021-09-25,31.0,37.0,41.0,43.0,45.0,47.0,50.0,53.0,56.0,57.0,59.0,65.0,73.5,inferred
East Devon,2021-09-26,32.0,39.0,44.0,45.0,47.0,49.0,52.0,55.0,58.0,60.0,62.0,68.0,80.0,inferred
East Devon,2021-09-27,48.0,56.0,62.0,64.0,66.0,70.0,73.0,77.0,81.0,83.0,86.0,93.0,103.5,inferred
East Devon,2021-09-28,48.0,57.0,63.0,66.0,67.0,71.0,74.0,78.0,82.0,85.0,88.0,95.0,106.0,inferred
East Devon,2021-09-29,49.0,57.0,62.0,64.0,66.0,69.0,73.0,77.0,80.0,82.0,85.0,91.0,102.0,inferred
East Devon,2021-09-30,48.0,55.0,60.0,62.0,64.0,68.0,71.0,74.0,78.0,80.0,82.0,88.0,99.0,inferred
East Devon,2021-10-01,42.0,50.0,55.0,57.0,59.0,62.0,65.0,68.0,71.0,73.0,76.0,82.0,91.0,inferred
East Devon,2021-10-02,35.0,40.0,45.0,46.8,48.0,51.0,54.0,57.0,60.0,62.0,64.0,70.0,77.0,inferred
East Devon,2021-10-03,35.0,42.0,46.0,48.0,50.0,53.0,56.0,59.0,62.0,65.0,67.0,73.0,81.0,inferred
East Devon,2021-10-04,51.0,60.0,66.0,67.0,69.0,73.0,77.0,80.0,84.3,87.0,89.0,97.1,110.0,inferred
East Devon,2021-10-05,54.0,63.0,69.0,71.0,73.0,76.0,80.0,83.0,87.0,90.0,92.0,100.0,112.0,inferred
East Devon,2021-10-06,57.0,64.0,70.0,73.0,74.0,78.6,82.0,85.0,89.0,92.0,95.0,102.0,112.5,inferred
East Devon,2021-10-07,60.0,68.0,74.0,76.0,78.0,82.0,85.0,89.0,93.0,95.0,98.0,105.0,115.5,inferred
East Devon,2021-10-08,54.0,64.0,70.0,73.0,75.0,79.0,83.0,86.0,90.0,93.0,96.0,103.0,112.0,inferred
East Devon,2021-10-09,48.0,56.0,62.0,64.0,66.0,69.0,73.0,76.0,80.0,82.0,84.0,92.0,103.0,inferred
East Devon,2021-10-10,52.0,61.9,68.0,70.0,72.0,75.0,79.0,82.0,86.0,89.0,91.0,97.0,108.0,inferred
East Devon,2021-10-11,81.0,91.0,98.0,101.0,104.0,108.0,113.0,117.0,122.0,125.0,128.0,136.0,149.5,inferred
East Devon,2021-10-12,85.0,96.0,103.0,106.0,108.0,113.0,117.0,121.0,126.0,129.0,132.0,140.0,153.0,inferred
East Devon,2021-10-13,80.5,92.0,100.0,103.0,105.0,110.0,114.0,118.0,123.0,126.2,130.0,139.0,151.5,inferred
East Devon,2021-10-14,79.0,88.9,96.0,98.0,100.0,106.0,110.0,114.0,120.0,123.0,126.0,134.0,147.0,inferred
East Devon,2021-10-15,68.0,78.0,85.0,88.0,90.0,95.0,100.0,104.0,109.0,112.0,115.0,123.0,137.0,inferred
East Dunbartonshire,2021-07-03,438.9,564.0,639.8,681.5,718.7,779.0,841.5,907.0,981.0,1017.2,1060.2,1189.1,1413.0,inferred
East Dunbartonshire,2021-07-04,402.0,505.0,581.0,612.8,646.0,705.0,770.0,829.4,905.3,950.2,993.2,1127.1,1327.1,inferred
East Dunbartonshire,2021-07-05,292.0,408.0,485.8,510.8,540.0,595.6,651.0,704.0,762.3,802.2,849.0,958.2,1160.6,inferred
East Dunbartonshire,2021-07-06,345.0,443.0,513.0,547.0,580.0,639.6,693.0,748.0,816.3,859.2,901.4,1015.2,1231.5,inferred
East Dunbartonshire,2021-07-07,379.0,502.8,595.0,633.0,665.7,726.6,783.0,841.4,926.3,967.2,1004.4,1133.1,1332.2,inferred
East Dunbartonshire,2021-07-08,297.5,388.0,461.8,493.0,522.0,578.0,629.0,686.0,750.6,786.0,823.0,936.1,1136.0,inferred
East Dunbartonshire,2021-07-09,303.4,390.0,475.8,507.0,531.0,587.0,643.0,696.0,754.2,790.5,837.2,957.1,1186.6,inferred
East Dunbartonshire,2021-07-10,340.5,442.0,531.8,559.0,594.0,657.0,719.0,777.4,843.0,881.0,928.0,1061.1,1301.5,inferred
East Dunbartonshire,2021-07-11,304.4,410.8,479.8,510.0,541.0,600.0,661.5,713.0,793.0,824.2,865.2,989.2,1206.1,inferred
East Dunbartonshire,2021-07-12,222.0,311.0,374.0,399.8,425.7,472.6,518.5,572.0,643.0,685.0,734.0,853.0,1042.1,inferred
East Dunbartonshire,2021-07-13,232.5,318.0,384.0,415.0,443.0,496.0,541.0,595.0,661.0,699.2,736.2,853.2,1051.5,inferred
East Dunbartonshire,2021-07-14,267.5,356.9,425.0,454.0,485.7,533.0,586.5,649.0,713.3,754.0,794.0,903.0,1137.1,inferred
East Dunbartonshire,2021-07-15,185.5,261.0,324.8,348.0,377.7,422.0,465.0,513.0,567.3,607.0,655.0,753.1,919.0,inferred
East Dunbartonshire,2021-07-16,176.5,257.0,315.0,342.0,367.0,419.0,465.0,511.0,567.0,596.0,638.0,746.0,955.7,inferred
East Dunbartonshire,2021-07-17,212.5,297.0,358.0,382.8,411.0,457.6,506.0,558.0,608.0,642.0,679.0,786.0,970.5,inferred
East Dunbartonshire,2021-07-18,158.5,246.0,309.8,332.8,356.0,399.0,443.0,490.4,550.0,579.0,615.4,728.2,923.0,inferred
East Dunbartonshire,2021-07-19,119.0,175.0,220.8,242.0,268.0,308.0,352.5,395.0,442.0,472.0,506.0,606.2,771.0,inferred
East Dunbartonshire,2021-07-20,107.0,177.0,226.0,246.0,268.0,310.0,352.0,397.0,442.0,475.2,509.4,605.0,796.0,inferred
East Dunbartonshire,2021-07-21,129.5,190.9,246.8,270.0,295.7,336.6,372.0,416.4,469.3,503.0,536.0,631.1,812.0,inferred
East Dunbartonshire,2021-07-22,78.0,133.0,175.0,197.0,213.0,251.0,289.5,330.4,377.0,400.5,432.0,516.0,705.6,inferred
East Dunbartonshire,2021-07-23,82.0,131.0,171.0,189.0,207.7,239.0,279.0,317.4,359.0,384.2,416.2,504.0,671.5,inferred
East Dunbartonshire,2021-07-24,85.0,143.9,183.0,201.0,218.0,256.0,293.5,328.0,372.0,396.0,431.0,526.0,688.5,inferred
East Dunbartonshire,2021-07-25,66.5,117.9,155.0,174.0,189.0,224.6,258.5,293.0,332.0,356.0,387.0,469.1,625.5,inferred
East Dunbartonshire,2021-07-26,42.0,78.0,112.0,126.0,140.0,166.6,197.5,232.0,277.0,299.0,329.4,398.1,557.7,inferred
East Dunbartonshire,2021-07-27,47.5,82.0,116.0,132.0,146.0,178.0,207.5,237.0,270.0,294.0,324.0,401.0,557.5,inferred
East Dunbartonshire,2021-07-28,62.5,103.9,142.0,160.8,176.0,206.0,239.0,274.0,310.0,332.2,359.2,440.2,582.6,inferred
East Dunbartonshire,2021-07-29,41.5,75.0,108.0,121.8,134.0,160.0,188.0,220.0,255.0,273.0,300.0,378.0,526.1,inferred
East Dunbartonshire,2021-07-30,45.0,81.0,113.0,126.0,141.0,169.0,199.5,233.0,271.3,292.0,320.2,408.1,538.5,inferred
East Dunbartonshire,2021-07-31,54.0,101.9,140.0,157.8,171.0,203.0,231.0,266.0,309.0,334.2,361.0,443.0,568.7,inferred
East Dunbartonshire,2021-08-01,46.0,85.0,121.0,134.0,153.0,185.6,218.0,251.0,294.0,313.2,341.0,418.0,577.0,inferred
East Dunbartonshire,2021-08-02,30.5,62.9,94.0,109.0,123.0,147.6,173.0,202.0,236.3,253.2,284.2,370.0,505.5,inferred
East Dunbartonshire,2021-08-03,43.0,77.0,110.8,126.0,140.0,168.6,200.0,235.0,277.0,301.2,325.0,402.1,557.0,inferred
East Dunbartonshire,2021-08-04,66.0,105.0,141.0,157.0,172.0,204.0,237.0,276.0,315.0,335.0,361.2,446.1,605.5,inferred
East Dunbartonshire,2021-08-05,51.0,87.0,117.0,133.8,151.0,181.6,215.0,245.0,282.0,305.2,330.0,407.0,561.0,inferred
East Dunbartonshire,2021-08-06,61.0,96.0,132.0,147.0,162.0,189.0,220.5,255.0,297.3,317.0,346.2,428.1,597.0,inferred
East Dunbartonshire,2021-08-07,81.0,132.0,171.0,191.0,209.0,242.0,276.0,310.0,354.3,381.0,405.2,492.0,690.8,inferred
East Dunbartonshire,2021-08-08,78.0,124.0,165.0,183.8,199.0,230.0,262.0,297.4,345.3,372.0,405.0,504.1,659.0,inferred
East Dunbartonshire,2021-08-09,56.0,97.9,137.0,153.0,170.0,200.0,226.0,263.0,306.3,333.0,366.0,437.1,598.0,inferred
East Dunbartonshire,2021-08-10,80.5,130.9,171.0,189.0,210.0,245.0,281.0,318.0,363.0,387.2,423.0,516.1,661.0,inferred
East Dunbartonshire,2021-08-11,118.0,177.9,227.0,253.8,272.0,310.0,350.5,395.4,444.3,472.0,512.2,600.1,755.1,inferred
East Dunbartonshire,2021-08-12,107.5,168.0,211.0,233.0,249.0,290.6,328.5,362.4,410.0,438.0,477.0,567.2,747.6,inferred
East Dunbartonshire,2021-08-13,124.5,191.9,247.0,270.0,291.0,333.0,370.0,414.0,460.0,490.0,524.0,618.1,753.0,inferred
East Dunbartonshire,2021-08-14,196.5,270.8,330.0,355.0,378.0,422.0,471.5,522.0,580.0,610.0,646.2,764.0,958.5,inferred
East Dunbartonshire,2021-08-15,194.0,277.0,341.8,368.0,393.0,436.6,484.0,541.0,598.0,628.2,662.2,774.0,959.0,inferred
East Dunbartonshire,2021-08-16,162.5,239.9,303.8,327.0,351.0,393.0,441.0,491.4,545.3,583.0,615.4,722.4,934.6,inferred
East Dunbartonshire,2021-08-17,229.4,313.0,381.8,405.8,434.0,493.0,543.5,596.0,656.0,683.2,727.0,835.3,1053.6,inferred
East Dunbartonshire,2021-08-18,341.0,447.9,531.6,562.0,589.4,648.6,705.0,769.0,844.0,883.2,935.2,1070.0,1302.6,inferred
East Dunbartonshire,2021-08-19,318.5,434.8,506.8,544.8,578.7,634.6,694.0,750.0,813.3,845.2,890.0,1007.1,1231.8,inferred
East Dunbartonshire,2021-08-20,406.9,521.9,609.0,642.0,679.0,743.0,817.0,876.0,946.3,978.2,1031.0,1161.0,1393.6,inferred
East Dunbartonshire,2021-08-21,603.0,738.0,845.8,892.0,929.0,1000.0,1070.0,1138.0,1219.3,1270.0,1333.2,1483.3,1803.0,inferred
East Dunbartonshire,2021-08-22,648.8,801.8,903.8,948.0,989.7,1066.0,1132.5,1204.4,1287.3,1341.2,1398.2,1547.1,1789.0,inferred
East Dunbartonshire,2021-08-23,590.0,746.0,847.8,896.8,943.0,1017.0,1089.0,1167.8,1255.3,1302.0,1355.0,1507.2,1752.6,inferred
East Dunbartonshire,2021-08-24,716.4,903.0,1037.8,1085.8,1139.7,1217.6,1307.5,1393.0,1485.3,1533.0,1606.2,1774.3,2013.0,inferred
East Dunbartonshire,2021-08-25,968.4,1173.0,1295.8,1344.0,1402.0,1496.0,1590.0,1680.0,1799.3,1868.0,1939.0,2098.2,2398.5,inferred
East Dunbartonshire,2021-08-26,857.0,1043.9,1157.8,1208.8,1249.7,1330.0,1406.5,1494.0,1584.0,1638.2,1691.2,1845.2,2144.1,inferred
East Dunbartonshire,2021-08-27,939.4,1124.7,1254.0,1313.8,1353.0,1450.2,1536.5,1619.4,1719.3,1775.0,1842.2,2016.2,2331.5,inferred
East Dunbartonshire,2021-08-28,1254.4,1447.9,1585.8,1646.8,1704.7,1803.0,1905.0,2011.0,2124.3,2179.8,2266.2,2441.1,2721.0,inferred
East Dunbartonshire,2021-08-29,1161.0,1398.7,1545.0,1615.0,1678.1,1784.0,1880.5,1971.4,2070.3,2132.0,2202.4,2379.8,2720.0,inferred
East Dunbartonshire,2021-08-30,1060.5,1259.0,1395.0,1461.0,1512.7,1612.6,1698.0,1806.0,1908.9,1971.0,2033.4,2203.0,2541.2,inferred
East Dunbartonshire,2021-08-31,1183.4,1378.8,1529.0,1599.5,1660.0,1766.6,1864.0,1961.0,2067.3,2121.0,2193.2,2387.0,2710.2,inferred
East Dunbartonshire,2021-09-01,1374.4,1620.9,1763.8,1842.5,1909.7,2027.8,2120.0,2238.0,2362.3,2433.0,2511.2,2708.3,2992.6,inferred
East Dunbartonshire,2021-09-02,1130.5,1312.7,1443.6,1506.0,1556.0,1651.6,1743.0,1845.4,1949.0,2011.2,2087.2,2292.0,2562.3,inferred
East Dunbartonshire,2021-09-03,1115.0,1320.9,1449.8,1496.0,1540.7,1646.0,1732.0,1846.0,1957.0,2019.0,2089.2,2286.2,2571.4,inferred
East Dunbartonshire,2021-09-04,1339.8,1541.9,1696.4,1741.8,1796.4,1900.0,1992.5,2103.4,2226.0,2289.2,2363.4,2579.1,2916.1,inferred
East Dunbartonshire,2021-09-05,1195.4,1407.7,1540.0,1591.8,1646.0,1752.0,1839.5,1941.8,2059.0,2111.0,2184.2,2362.2,2692.0,inferred
East Dunbartonshire,2021-09-06,969.5,1152.9,1264.4,1310.5,1360.0,1453.6,1550.5,1631.0,1730.0,1775.2,1860.2,2041.1,2404.0,inferred
East Dunbartonshire,2021-09-07,962.9,1145.9,1284.8,1347.8,1385.0,1468.6,1556.0,1649.4,1756.3,1803.2,1865.0,2051.1,2338.3,inferred
East Dunbartonshire,2021-09-08,969.2,1155.7,1306.0,1354.0,1411.7,1508.6,1603.0,1707.0,1807.0,1869.2,1931.0,2087.1,2498.6,inferred
East Dunbartonshire,2021-09-09,665.5,811.9,941.0,980.8,1021.7,1100.0,1182.0,1262.0,1355.3,1405.0,1472.2,1656.0,1952.5,inferred
East Dunbartonshire,2021-09-10,630.0,752.9,847.0,889.8,930.7,1012.6,1085.0,1150.4,1232.3,1272.0,1319.0,1448.1,1755.5,inferred
East Dunbartonshire,2021-09-11,604.5,752.8,856.0,902.8,947.0,1029.0,1102.0,1174.4,1256.3,1311.0,1373.2,1530.1,1786.5,inferred
East Dunbartonshire,2021-09-12,487.5,616.0,707.0,745.0,782.0,852.6,914.0,977.4,1055.0,1095.2,1146.0,1297.2,1510.1,inferred
East Dunbartonshire,2021-09-13,318.4,418.0,497.8,531.0,563.4,612.0,674.0,724.4,785.3,825.0,874.2,998.3,1228.7,inferred
East Dunbartonshire,2021-09-14,290.0,399.0,486.0,513.0,540.0,602.6,656.0,713.0,771.3,810.2,866.4,992.0,1190.6,inferred
East Dunbartonshire,2021-09-15,327.5,442.0,524.0,556.8,589.0,648.6,712.5,768.0,838.0,877.2,923.0,1056.0,1277.8,inferred
East Dunbartonshire,2021-09-16,254.0,338.9,394.0,427.5,453.0,504.0,555.0,613.0,676.3,710.2,746.0,853.1,1049.0,inferred
East Dunbartonshire,2021-09-17,231.4,315.0,388.8,414.0,443.7,490.6,536.0,584.0,649.3,692.0,729.2,835.2,1047.6,inferred
East Dunbartonshire,2021-09-18,257.5,353.9,425.0,456.0,479.7,532.0,591.5,658.0,723.0,759.2,802.0,922.1,1137.5,inferred
East Dunbartonshire,2021-09-19,204.0,294.0,363.0,393.0,422.0,470.6,523.0,573.8,633.0,669.5,717.2,843.1,1043.6,inferred
East Dunbartonshire,2021-09-20,148.5,217.9,278.6,302.8,334.0,377.6,427.5,473.4,522.0,551.2,590.2,704.0,882.0,inferred
East Dunbartonshire,2021-09-21,184.9,251.8,306.0,326.0,350.7,401.0,444.0,492.0,542.3,581.0,616.0,738.1,923.7,inferred
East Dunbartonshire,2021-09-22,218.5,308.0,376.0,403.0,427.0,480.0,533.0,584.8,649.6,686.2,725.0,836.0,1031.0,inferred
East Dunbartonshire,2021-09-23,184.5,264.0,329.0,357.0,375.7,424.0,471.0,519.4,573.0,604.0,647.2,741.1,925.6,inferred
East Dunbartonshire,2021-09-24,200.9,281.0,349.8,377.0,406.0,453.6,499.5,552.0,607.3,643.2,679.0,791.1,942.0,inferred
East Dunbartonshire,2021-09-25,267.5,366.0,444.8,474.8,500.0,549.0,590.0,648.0,714.0,749.0,790.2,906.2,1123.1,inferred
East Dunbartonshire,2021-09-26,245.3,344.9,419.0,446.8,478.0,535.6,593.0,647.4,711.0,747.0,791.0,913.0,1097.0,inferred
East Dunbartonshire,2021-09-27,208.4,292.9,363.6,388.0,411.7,459.0,507.0,553.0,615.3,646.0,677.2,790.1,996.6,inferred
East Dunbartonshire,2021-09-28,239.5,321.8,388.8,416.0,452.0,501.0,552.5,606.0,667.0,710.0,743.4,861.0,1060.5,inferred
East Dunbartonshire,2021-09-29,268.5,378.9,457.8,492.8,528.7,585.0,639.0,692.0,752.0,790.2,832.0,951.1,1172.1,inferred
East Dunbartonshire,2021-09-30,214.5,294.9,362.8,391.8,416.0,468.0,513.5,561.0,621.3,661.0,700.2,822.2,997.6,inferred
East Dunbartonshire,2021-10-01,219.0,309.9,378.0,408.0,434.0,489.0,540.5,589.0,652.3,685.0,723.0,833.0,1032.7,inferred
East Dunbartonshire,2021-10-02,255.0,352.0,430.0,469.8,493.0,551.0,601.0,666.0,722.3,755.2,803.2,923.2,1180.1,inferred
East Dunbartonshire,2021-10-03,255.5,334.9,400.8,427.0,457.7,511.0,560.0,614.0,686.0,717.2,766.0,880.3,1079.0,inferred
East Dunbartonshire,2021-10-04,183.9,259.0,321.0,348.0,374.0,420.0,461.5,520.0,581.0,618.0,655.2,770.1,929.5,inferred
East Dunbartonshire,2021-10-05,196.5,285.9,343.0,368.0,396.7,443.6,491.0,541.8,604.3,636.2,675.2,791.2,973.0,inferred
East Dunbartonshire,2021-10-06,231.9,325.8,401.0,444.5,475.0,527.6,577.0,625.0,691.0,725.0,771.0,891.2,1096.0,inferred
East Dunbartonshire,2021-10-07,182.0,256.9,324.8,349.8,374.0,419.0,471.0,523.0,574.3,614.0,652.0,752.1,931.1,inferred
East Dunbartonshire,2021-10-08,190.9,278.0,344.0,372.0,392.0,439.0,484.0,534.8,599.0,639.0,675.2,771.1,964.5,inferred
East Dunbartonshire,2021-10-09,230.0,318.9,392.8,424.0,449.7,501.0,557.0,611.0,673.0,715.0,765.0,877.3,1077.0,inferred
East Dunbartonshire,2021-10-10,195.9,288.0,348.0,378.8,405.0,453.0,505.0,556.0,615.0,649.0,690.4,806.0,988.5,inferred
East Dunbartonshire,2021-10-11,149.4,228.8,282.0,304.0,331.0,384.0,429.5,474.0,529.3,555.0,595.0,707.4,873.0,inferred
East Dunbartonshire,2021-10-12,155.9,247.0,306.8,337.0,362.7,406.6,453.0,505.0,560.3,597.0,633.0,741.0,907.1,inferred
East Dunbartonshire,2021-10-13,214.0,298.0,363.8,391.8,417.7,470.2,529.0,585.0,654.0,692.0,734.0,845.0,1058.6,inferred
East Dunbartonshire,2021-10-14,157.5,233.9,301.0,329.8,349.0,400.0,448.0,497.0,555.3,592.0,626.2,736.0,899.5,inferred
East Dunbartonshire,2021-10-15,162.9,244.0,298.8,332.0,359.0,405.0,448.0,500.0,558.0,598.0,637.0,763.1,974.8,inferred
East Hampshire,2021-07-03,9.0,13.0,15.0,16.0,17.0,19.0,21.0,23.0,25.0,26.0,27.0,31.0,38.0,inferred
East Hampshire,2021-07-04,11.0,15.0,18.0,19.0,20.0,22.0,23.0,25.0,27.0,29.0,30.0,35.0,42.0,inferred
East Hampshire,2021-07-05,18.0,23.0,27.0,28.0,30.0,32.0,34.0,37.0,39.0,41.0,43.0,47.0,54.0,inferred
East Hampshire,2021-07-06,20.0,25.0,28.0,29.8,31.0,33.0,35.0,38.0,40.0,41.0,43.0,48.0,56.5,inferred
East Hampshire,2021-07-07,23.0,28.0,31.0,33.0,34.0,36.0,38.0,41.0,44.3,46.0,48.0,53.0,61.0,inferred
East Hampshire,2021-07-08,23.0,28.0,32.0,34.0,35.0,38.0,40.0,43.0,45.3,47.0,49.0,55.0,63.0,inferred
East Hampshire,2021-07-09,23.0,29.9,33.0,35.0,36.0,38.0,41.0,44.0,47.0,49.0,50.0,55.0,65.0,inferred
East Hampshire,2021-07-10,21.0,28.0,32.0,33.0,34.0,36.6,39.0,42.0,45.0,46.0,48.0,53.0,62.0,inferred
East Hampshire,2021-07-11,26.0,32.0,36.0,37.0,39.0,41.6,44.0,46.0,49.0,51.0,53.0,58.0,67.0,inferred
East Hampshire,2021-07-12,40.0,47.0,53.0,55.0,57.0,60.0,63.0,66.0,71.0,73.0,75.0,82.0,92.0,inferred
East Hampshire,2021-07-13,40.0,49.0,54.0,56.0,58.0,62.0,65.0,68.0,72.0,73.0,76.0,82.0,92.0,inferred
East Hampshire,2021-07-14,43.0,49.0,54.0,56.0,57.0,61.0,64.0,67.0,71.0,73.0,75.0,81.0,92.0,inferred
East Hampshire,2021-07-15,39.0,44.9,49.0,50.0,52.0,56.0,59.0,62.0,66.0,68.0,70.0,76.0,86.5,inferred
East Hampshire,2021-07-16,32.5,40.0,44.0,46.0,48.0,50.0,53.0,57.0,59.0,61.0,64.0,69.0,79.0,inferred
East Hampshire,2021-07-17,26.5,32.0,35.0,37.0,38.0,41.0,44.0,46.0,50.0,51.0,53.0,59.0,66.5,inferred
East Hampshire,2021-07-18,26.0,31.0,35.0,37.0,38.0,41.0,44.0,46.0,50.0,51.0,53.0,58.0,67.0,inferred
East Hampshire,2021-07-19,35.0,42.0,47.0,49.0,50.0,54.0,57.0,60.0,63.0,66.0,68.0,75.0,84.0,inferred
East Hampshire,2021-07-20,32.0,38.0,43.0,45.0,47.0,50.0,52.0,55.0,58.0,60.2,62.0,68.0,80.0,inferred
East Hampshire,2021-07-21,29.0,36.0,40.0,42.0,43.0,47.0,49.0,52.0,55.0,57.0,59.0,65.0,75.0,inferred
East Hampshire,2021-07-22,25.0,31.0,34.0,36.0,38.0,40.0,43.0,46.0,49.0,50.0,52.0,58.0,66.0,inferred
East Hampshire,2021-07-23,20.0,25.0,29.0,30.0,32.0,34.0,37.0,40.0,43.0,44.0,46.0,51.0,60.0,inferred
East Hampshire,2021-07-24,14.0,19.0,22.0,24.0,25.0,27.0,29.0,31.0,33.0,35.0,37.0,41.0,49.0,inferred
East Hampshire,2021-07-25,13.5,18.0,21.0,23.0,24.0,26.0,28.0,30.0,32.0,33.0,35.0,39.0,48.0,inferred
East Hampshire,2021-07-26,19.0,24.0,28.0,29.0,30.0,33.0,35.0,37.0,40.0,41.0,43.0,48.0,56.0,inferred
East Hampshire,2021-07-27,18.0,22.0,25.0,27.0,28.0,31.0,33.0,35.0,38.0,40.0,41.0,46.0,53.5,inferred
East Hampshire,2021-07-28,18.0,23.0,26.0,27.0,29.0,31.0,33.5,36.0,38.0,40.0,42.0,46.0,55.0,inferred
East Hampshire,2021-07-29,17.0,22.0,26.0,27.0,29.0,31.0,33.0,35.0,38.0,39.0,41.0,46.0,53.0,inferred
East Hampshire,2021-07-30,16.0,20.0,24.0,25.0,27.0,29.0,31.0,33.0,36.0,38.0,39.0,44.0,51.0,inferred
East Hampshire,2021-07-31,13.0,17.0,21.0,22.0,23.0,25.0,27.0,29.0,32.0,33.0,34.0,38.0,47.0,inferred
East Hampshire,2021-08-01,15.0,19.0,22.0,23.0,24.0,26.0,29.0,31.0,33.0,35.0,36.0,41.0,50.0,inferred
East Hampshire,2021-08-02,22.0,27.0,32.0,33.0,35.0,37.0,39.5,42.0,45.0,46.0,48.0,53.0,61.0,inferred
East Hampshire,2021-08-03,21.0,27.0,31.0,33.0,34.0,36.0,39.0,41.0,44.0,45.0,47.0,52.0,60.0,inferred
East Hampshire,2021-08-04,23.0,28.0,32.0,33.0,34.7,37.0,40.0,43.0,46.0,47.0,49.0,54.0,62.0,inferred
East Hampshire,2021-08-05,21.5,26.0,30.0,31.0,33.0,36.0,38.0,40.0,43.0,45.0,47.0,53.0,61.0,inferred
East Hampshire,2021-08-06,19.0,25.0,29.0,30.0,31.0,34.0,36.0,39.0,42.0,43.0,45.0,50.0,58.0,inferred
East Hampshire,2021-08-07,17.0,21.0,24.0,26.0,27.0,29.0,32.0,34.0,36.0,37.0,39.0,44.0,50.0,inferred
East Hampshire,2021-08-08,17.0,22.0,25.0,27.0,28.0,31.0,33.0,35.0,37.0,39.0,40.0,45.0,54.0,inferred
East Hampshire,2021-08-09,26.0,31.0,36.0,37.0,39.0,41.0,44.0,47.0,50.0,52.0,54.0,59.0,67.5,inferred
East Hampshire,2021-08-10,26.0,32.0,36.0,37.0,39.0,41.0,44.0,47.0,51.0,52.0,53.0,58.0,67.0,inferred
East Hampshire,2021-08-11,28.0,33.0,37.0,39.0,41.0,43.0,46.0,49.0,52.0,53.0,55.0,61.0,70.0,inferred
East Hampshire,2021-08-12,27.0,33.0,37.0,39.0,40.0,43.0,46.0,49.0,52.0,53.0,55.0,61.0,70.0,inferred
East Hampshire,2021-08-13,26.0,32.0,36.0,38.0,39.0,42.0,45.0,47.0,50.0,52.0,54.0,59.0,69.0,inferred
East Hampshire,2021-08-14,22.0,28.0,32.0,33.0,35.0,37.0,40.0,42.0,45.0,47.0,49.0,54.1,63.0,inferred
East Hampshire,2021-08-15,25.0,30.9,34.0,36.0,38.0,40.0,43.0,46.0,49.0,51.0,53.0,58.0,66.0,inferred
East Hampshire,2021-08-16,39.0,46.0,51.0,52.0,54.0,57.0,60.0,63.4,67.0,70.0,72.0,77.0,88.0,inferred
East Hampshire,2021-08-17,38.0,45.0,50.0,52.0,54.0,57.0,60.0,63.0,67.0,69.0,71.0,77.1,89.0,inferred
East Hampshire,2021-08-18,39.0,46.0,51.0,53.0,55.0,59.0,62.0,65.0,68.0,70.0,73.0,79.0,89.0,inferred
East Hampshire,2021-08-19,36.0,43.0,48.0,50.0,51.0,54.0,57.0,61.0,64.0,66.0,68.0,73.0,82.5,inferred
East Hampshire,2021-08-20,32.0,39.0,43.0,45.0,47.0,50.0,54.0,56.0,60.0,62.0,63.0,70.0,80.0,inferred
East Hampshire,2021-08-21,27.0,33.0,36.0,38.0,40.0,42.0,45.0,47.0,51.0,52.0,54.0,59.0,67.0,inferred
East Hampshire,2021-08-22,28.0,33.0,37.0,39.0,40.0,43.0,46.0,49.0,52.0,54.0,56.0,61.0,70.0,inferred
East Hampshire,2021-08-23,40.0,48.0,52.0,54.0,56.0,59.0,62.0,66.0,69.0,71.0,73.0,78.0,88.0,inferred
East Hampshire,2021-08-24,36.0,44.0,50.0,52.0,54.0,57.0,60.0,64.0,67.0,69.0,71.0,77.0,86.0,inferred
East Hampshire,2021-08-25,40.0,46.0,51.0,53.0,55.0,58.0,60.0,64.0,67.0,69.0,71.0,78.0,87.0,inferred
East Hampshire,2021-08-26,36.0,43.0,48.0,50.0,51.0,55.0,57.0,60.0,64.0,66.0,68.0,74.0,83.0,inferred
East Hampshire,2021-08-27,32.0,39.0,44.0,46.0,48.0,51.0,54.0,57.0,60.0,62.0,64.0,70.0,78.0,inferred
East Hampshire,2021-08-28,26.5,33.0,37.0,38.0,39.0,42.0,45.0,48.0,51.0,52.0,55.0,60.1,71.0,inferred
East Hampshire,2021-08-29,27.0,33.0,38.0,40.0,41.0,44.0,46.0,49.0,52.0,54.0,56.0,62.0,72.0,inferred
East Hampshire,2021-08-30,40.5,47.0,52.0,54.0,56.0,60.0,63.0,66.0,69.3,71.0,74.0,80.0,90.5,inferred
East Hampshire,2021-08-31,36.5,45.0,50.0,51.0,53.0,57.0,60.0,63.0,67.0,69.0,72.0,78.0,87.0,inferred
East Hampshire,2021-09-01,37.0,44.0,49.0,51.0,53.0,56.0,59.0,62.4,67.0,69.0,71.0,77.1,87.0,inferred
East Hampshire,2021-09-02,34.0,40.0,45.0,47.0,49.0,52.0,55.0,58.0,62.0,64.0,66.0,71.0,82.0,inferred
East Hampshire,2021-09-03,31.0,37.0,41.0,43.0,45.0,47.0,50.0,53.0,56.0,57.0,60.0,65.0,73.0,inferred
East Hampshire,2021-09-04,23.0,29.0,32.0,34.0,36.0,38.6,41.0,43.0,46.0,48.0,50.0,55.0,62.0,inferred
East Hampshire,2021-09-05,24.0,29.0,33.0,35.0,36.0,39.0,41.0,44.0,47.0,49.0,51.0,56.0,64.0,inferred
East Hampshire,2021-09-06,33.0,40.0,45.0,47.0,48.0,52.0,54.0,57.0,60.3,62.0,65.0,70.0,80.5,inferred
East Hampshire,2021-09-07,30.0,37.0,41.0,43.0,44.0,47.0,50.0,53.0,57.0,59.0,60.0,66.0,76.0,inferred
East Hampshire,2021-09-08,30.0,36.0,40.0,42.0,44.0,46.0,49.0,52.0,55.0,57.0,59.0,64.0,73.0,inferred
East Hampshire,2021-09-09,26.0,32.0,36.0,38.0,40.0,42.0,45.0,48.0,51.0,53.0,55.0,60.1,70.0,inferred
East Hampshire,2021-09-10,23.0,29.0,32.0,34.0,35.0,38.0,41.0,43.0,46.0,48.0,50.0,55.0,63.0,inferred
East Hampshire,2021-09-11,17.0,22.0,25.0,27.0,28.0,31.0,33.0,35.0,38.0,39.0,41.0,46.0,52.0,inferred
East Hampshire,2021-09-12,17.0,22.0,25.0,27.0,28.0,30.0,33.0,35.0,38.0,39.0,41.0,46.0,53.0,inferred
East Hampshire,2021-09-13,24.0,30.0,35.0,36.0,38.0,40.0,43.0,46.0,49.0,51.0,53.0,59.0,67.0,inferred
East Hampshire,2021-09-14,24.0,29.9,34.0,35.0,37.0,40.0,42.0,45.0,48.0,49.0,51.0,56.0,65.0,inferred
East Hampshire,2021-09-15,25.0,31.0,35.0,37.0,38.0,41.0,43.0,46.0,49.0,51.0,53.0,58.0,67.0,inferred
East Hampshire,2021-09-16,25.0,30.0,34.0,36.0,37.0,40.0,42.0,45.0,48.0,50.0,52.0,57.0,65.5,inferred
East Hampshire,2021-09-17,24.0,29.0,33.0,35.0,36.0,39.0,41.0,43.0,46.0,48.0,50.0,55.0,64.0,inferred
East Hampshire,2021-09-18,21.0,25.0,29.0,30.0,32.0,34.0,36.0,39.0,42.0,43.0,45.0,50.0,58.0,inferred
East Hampshire,2021-09-19,22.0,27.0,31.0,32.0,34.0,36.0,38.5,41.0,44.0,45.0,48.0,53.0,61.0,inferred
East Hampshire,2021-09-20,33.0,40.0,44.0,46.0,48.0,51.0,53.0,56.0,60.0,62.0,64.0,70.0,80.0,inferred
East Hampshire,2021-09-21,32.0,39.0,44.0,45.0,47.0,50.0,53.0,56.0,59.0,61.0,64.0,70.0,79.5,inferred
East Hampshire,2021-09-22,33.0,40.0,45.0,46.0,48.0,51.0,54.0,57.0,61.0,64.0,65.2,70.0,80.0,inferred
East Hampshire,2021-09-23,31.0,38.0,42.0,44.0,46.0,49.0,51.5,54.0,58.0,60.0,62.0,67.0,76.0,inferred
East Hampshire,2021-09-24,30.0,36.0,40.0,42.0,43.0,46.0,49.0,52.0,55.0,56.0,59.0,64.0,73.0,inferred
East Hampshire,2021-09-25,24.0,29.0,33.0,35.0,36.0,39.0,41.0,44.0,47.0,48.0,50.0,55.0,63.0,inferred
East Hampshire,2021-09-26,25.0,30.0,34.0,35.0,37.0,39.0,42.0,45.0,48.0,50.0,52.0,57.0,66.0,inferred
East Hampshire,2021-09-27,36.0,43.0,48.0,50.0,52.0,55.0,58.0,61.0,65.0,67.0,69.0,75.0,85.0,inferred
East Hampshire,2021-09-28,35.5,42.0,46.0,48.0,50.0,54.0,57.0,60.0,63.0,65.0,67.0,73.0,83.0,inferred
East Hampshire,2021-09-29,36.5,43.0,48.0,50.0,51.0,55.0,58.0,61.0,64.0,66.0,68.0,74.0,83.0,inferred
East Hampshire,2021-09-30,34.0,41.0,46.0,48.0,49.0,52.6,55.0,59.0,62.0,64.0,67.0,73.0,83.0,inferred
East Hampshire,2021-10-01,32.0,38.9,43.0,45.0,47.0,49.0,52.0,55.0,58.0,60.0,62.0,68.0,78.0,inferred
East Hampshire,2021-10-02,26.0,31.0,35.0,37.0,39.0,42.0,45.0,47.0,50.0,52.0,54.0,60.0,67.0,inferred
East Hampshire,2021-10-03,27.0,33.0,37.0,39.0,41.0,43.0,46.0,49.0,52.0,53.0,55.0,61.0,71.0,inferred
East Hampshire,2021-10-04,41.0,48.0,53.0,55.0,57.0,60.0,63.0,66.0,70.0,72.0,74.0,80.0,89.0,inferred
East Hampshire,2021-10-05,40.0,46.0,51.0,53.0,54.0,58.0,61.0,65.0,68.0,71.0,73.0,79.0,90.0,inferred
East Hampshire,2021-10-06,43.0,50.0,55.0,57.0,59.0,63.0,66.0,69.0,72.0,75.0,77.0,83.1,92.5,inferred
East Hampshire,2021-10-07,42.0,50.0,55.0,58.0,60.0,63.0,66.0,70.0,74.0,76.0,78.0,83.0,95.0,inferred
East Hampshire,2021-10-08,43.0,50.0,54.8,56.0,58.0,61.0,64.0,67.0,71.0,73.0,76.0,82.0,93.0,inferred
East Hampshire,2021-10-09,37.0,44.0,48.0,50.0,52.0,55.0,59.0,62.0,65.0,67.0,69.0,76.0,83.0,inferred
East Hampshire,2021-10-10,39.0,48.0,53.0,55.0,57.0,60.0,63.0,67.0,70.0,72.0,75.0,82.0,91.0,inferred
East Hampshire,2021-10-11,63.0,71.9,77.0,79.0,82.0,86.0,90.0,94.0,99.0,101.0,104.0,111.0,123.5,inferred
East Hampshire,2021-10-12,61.0,70.0,77.8,80.0,82.0,87.0,90.0,94.0,98.0,100.0,103.0,111.0,123.5,inferred
East Hampshire,2021-10-13,64.0,74.0,80.0,82.0,84.0,89.0,92.0,96.4,101.0,104.0,106.0,114.0,128.5,inferred
East Hampshire,2021-10-14,62.0,71.0,77.0,79.8,82.0,87.0,90.0,94.0,98.0,101.0,103.0,110.0,124.0,inferred
East Hampshire,2021-10-15,57.0,67.0,72.0,75.0,77.0,82.0,85.0,90.0,94.0,96.0,99.0,107.0,121.0,inferred
East Hertfordshire,2021-07-03,25.0,31.0,36.0,37.8,39.0,43.0,46.0,50.0,53.0,56.0,59.0,66.0,78.5,inferred
East Hertfordshire,2021-07-04,29.0,36.0,41.0,43.8,45.0,48.0,52.0,56.0,60.0,62.0,66.0,73.0,84.0,inferred
East Hertfordshire,2021-07-05,48.5,57.0,64.0,67.0,69.0,73.0,78.0,82.0,87.0,90.0,93.0,100.0,114.0,inferred
East Hertfordshire,2021-07-06,52.0,60.0,66.0,68.0,70.0,75.0,79.0,83.0,88.0,91.0,94.0,102.0,116.0,inferred
East Hertfordshire,2021-07-07,57.0,66.0,72.8,75.0,78.0,82.0,86.0,91.0,96.0,98.0,101.0,110.0,124.0,inferred
East Hertfordshire,2021-07-08,59.5,69.0,76.0,79.0,81.0,85.0,89.0,94.0,99.0,102.0,105.0,114.0,126.5,inferred
East Hertfordshire,2021-07-09,57.0,67.0,75.0,77.0,79.0,84.0,88.0,93.0,98.0,101.0,105.0,113.0,127.0,inferred
East Hertfordshire,2021-07-10,51.0,61.0,68.0,70.0,72.0,77.0,81.0,85.0,90.0,92.0,95.0,104.0,117.5,inferred
East Hertfordshire,2021-07-11,59.5,69.9,76.0,79.0,82.0,86.0,91.0,96.0,101.0,103.0,106.0,115.0,132.0,inferred
East Hertfordshire,2021-07-12,91.5,104.0,113.0,117.0,120.0,126.0,131.0,136.0,142.0,146.0,149.0,159.0,178.0,inferred
East Hertfordshire,2021-07-13,89.0,100.0,110.0,114.0,117.0,123.0,129.0,135.0,141.0,145.0,149.0,159.0,175.0,inferred
East Hertfordshire,2021-07-14,91.0,103.0,111.0,115.0,118.0,124.0,130.0,135.0,141.0,144.0,148.0,159.0,177.0,inferred
East Hertfordshire,2021-07-15,84.5,97.0,104.0,108.0,111.0,117.0,122.0,127.0,133.0,137.0,140.0,152.0,170.5,inferred
East Hertfordshire,2021-07-16,73.0,84.0,93.0,96.0,99.0,104.0,110.0,114.0,119.0,122.0,125.0,135.0,149.0,inferred
East Hertfordshire,2021-07-17,58.0,68.0,75.0,78.0,80.0,85.0,89.0,94.0,99.0,102.0,106.0,115.0,130.0,inferred
East Hertfordshire,2021-07-18,57.5,67.0,76.0,79.0,81.0,85.0,89.0,94.0,99.0,102.0,105.0,115.0,130.0,inferred
East Hertfordshire,2021-07-19,81.0,94.0,101.0,105.0,108.0,112.0,118.0,123.0,128.0,131.0,135.0,145.0,164.0,inferred
East Hertfordshire,2021-07-20,72.0,83.0,91.0,94.0,96.0,102.0,107.0,112.0,117.0,121.0,125.0,134.0,150.0,inferred
East Hertfordshire,2021-07-21,69.0,78.0,87.0,89.0,92.0,97.0,102.0,106.0,112.0,115.0,118.0,127.0,143.0,inferred
East Hertfordshire,2021-07-22,60.0,69.0,76.0,79.0,81.0,85.6,90.0,94.0,99.0,102.0,106.0,115.1,130.0,inferred
East Hertfordshire,2021-07-23,50.0,59.0,66.0,68.0,70.0,74.0,78.0,83.0,87.0,90.0,93.0,100.0,114.0,inferred
East Hertfordshire,2021-07-24,36.0,45.0,50.0,52.0,54.7,59.0,62.0,66.0,70.0,72.0,75.0,83.0,94.5,inferred
East Hertfordshire,2021-07-25,36.0,45.0,50.0,53.0,55.0,58.0,62.0,65.4,69.0,71.0,74.0,83.0,93.0,inferred
East Hertfordshire,2021-07-26,49.0,57.0,63.0,66.0,68.0,73.0,77.0,81.0,87.0,89.0,92.0,101.0,116.5,inferred
East Hertfordshire,2021-07-27,44.0,54.0,60.0,62.0,64.0,69.0,73.0,78.0,82.0,85.0,88.0,96.0,109.5,inferred
East Hertfordshire,2021-07-28,47.0,56.0,62.0,64.0,67.0,71.0,77.0,80.0,84.3,87.0,90.0,98.0,109.0,inferred
East Hertfordshire,2021-07-29,45.0,54.0,61.0,63.0,65.0,70.0,74.0,78.0,83.3,86.0,89.2,98.0,112.0,inferred
East Hertfordshire,2021-07-30,44.0,51.0,56.8,59.0,62.0,66.0,69.5,73.0,78.0,81.0,84.0,91.0,106.0,inferred
East Hertfordshire,2021-07-31,35.0,42.0,48.0,50.0,51.0,56.0,59.0,63.0,67.0,69.0,72.0,80.0,92.0,inferred
East Hertfordshire,2021-08-01,37.0,45.0,51.0,54.0,55.0,59.0,62.0,65.4,70.0,72.0,76.0,83.1,96.0,inferred
East Hertfordshire,2021-08-02,54.0,64.9,71.0,74.0,76.0,81.0,86.0,91.0,96.0,99.0,103.0,112.1,127.0,inferred
East Hertfordshire,2021-08-03,51.5,60.0,67.0,69.0,72.0,77.0,81.0,85.0,91.0,93.0,96.0,104.0,116.0,inferred
East Hertfordshire,2021-08-04,51.0,59.0,66.8,69.0,71.0,75.0,80.0,84.0,89.0,92.0,96.0,105.0,117.0,inferred
East Hertfordshire,2021-08-05,47.0,56.0,62.0,64.0,67.0,71.0,75.0,79.0,83.0,86.0,89.0,97.0,108.0,inferred
East Hertfordshire,2021-08-06,40.0,48.0,55.0,57.0,59.0,64.0,68.0,72.0,76.0,78.0,81.0,88.0,102.0,inferred
East Hertfordshire,2021-08-07,32.0,40.0,45.0,47.0,49.0,53.0,56.0,60.0,64.0,66.0,68.0,77.0,87.0,inferred
East Hertfordshire,2021-08-08,33.0,41.0,46.0,48.0,50.0,54.0,57.0,60.0,65.0,67.0,70.0,77.0,89.0,inferred
East Hertfordshire,2021-08-09,46.0,56.0,63.0,65.0,67.0,71.0,76.0,80.0,85.0,88.0,91.0,99.0,115.0,inferred
East Hertfordshire,2021-08-10,42.0,52.0,57.8,60.0,62.0,67.0,70.0,74.0,79.0,82.0,85.0,94.0,107.5,inferred
East Hertfordshire,2021-08-11,43.0,53.0,59.0,62.0,64.0,68.0,72.0,76.0,80.0,82.0,85.0,94.0,109.0,inferred
East Hertfordshire,2021-08-12,40.0,50.0,55.0,58.0,60.0,63.6,68.0,71.0,76.0,78.0,81.0,88.0,101.0,inferred
East Hertfordshire,2021-08-13,35.0,43.9,50.0,52.0,54.0,58.0,62.0,66.0,70.0,72.0,75.0,82.0,94.0,inferred
East Hertfordshire,2021-08-14,29.0,36.0,41.0,43.0,45.0,48.0,52.0,55.4,59.0,62.0,64.0,70.0,80.0,inferred
East Hertfordshire,2021-08-15,29.0,37.0,42.0,45.0,46.7,50.0,53.0,56.0,61.0,63.0,66.0,73.0,86.0,inferred
East Hertfordshire,2021-08-16,43.0,52.0,58.0,60.0,62.0,66.0,70.0,75.0,79.0,82.0,85.0,94.0,105.0,inferred
East Hertfordshire,2021-08-17,40.0,48.0,54.0,56.0,58.0,63.0,66.0,70.0,74.0,77.0,80.0,88.0,100.0,inferred
East Hertfordshire,2021-08-18,38.5,47.0,52.0,55.0,57.0,62.0,66.0,69.0,74.0,77.0,80.0,88.1,102.0,inferred
East Hertfordshire,2021-08-19,37.0,44.0,51.0,53.0,55.0,59.0,62.0,66.0,70.0,73.0,76.0,85.0,98.0,inferred
East Hertfordshire,2021-08-20,30.0,39.9,45.0,47.0,49.0,53.0,56.0,60.0,64.0,66.0,69.0,76.0,87.0,inferred
East Hertfordshire,2021-08-21,25.0,32.0,36.0,38.0,40.0,43.0,46.0,50.0,54.0,56.0,58.0,65.0,78.0,inferred
East Hertfordshire,2021-08-22,25.0,31.0,36.0,38.0,40.0,44.0,47.0,51.0,54.3,57.0,59.0,65.0,75.0,inferred
East Hertfordshire,2021-08-23,37.0,45.0,51.0,53.0,54.7,59.0,63.0,66.0,70.0,73.0,76.0,84.0,99.0,inferred
East Hertfordshire,2021-08-24,34.0,41.0,47.0,49.0,51.0,54.0,58.0,62.0,67.0,69.0,72.0,79.1,91.5,inferred
East Hertfordshire,2021-08-25,35.0,42.0,47.0,50.0,52.0,55.0,59.0,63.0,67.0,70.0,72.0,80.0,92.0,inferred
East Hertfordshire,2021-08-26,34.0,41.0,47.0,49.0,51.0,54.0,57.0,61.0,66.0,68.0,70.0,78.0,89.0,inferred
East Hertfordshire,2021-08-27,30.0,37.0,42.0,45.0,47.0,50.0,53.0,57.0,60.0,62.0,65.0,73.0,86.0,inferred
East Hertfordshire,2021-08-28,24.0,30.0,35.0,37.0,39.0,42.0,45.0,49.0,53.0,55.0,58.0,65.0,76.0,inferred
East Hertfordshire,2021-08-29,25.0,32.0,37.0,39.0,41.0,44.0,47.0,51.0,55.0,57.0,59.0,66.0,76.0,inferred
East Hertfordshire,2021-08-30,39.0,46.9,52.0,55.0,56.7,60.0,64.0,68.0,73.0,75.0,78.0,86.0,97.0,inferred
East Hertfordshire,2021-08-31,36.0,45.0,50.0,53.0,55.0,59.0,62.0,66.0,71.0,74.0,76.0,83.1,96.0,inferred
East Hertfordshire,2021-09-01,37.5,45.9,52.0,54.0,56.0,59.6,63.0,67.0,71.3,74.0,77.0,84.1,97.0,inferred
East Hertfordshire,2021-09-02,36.0,44.0,49.0,51.0,53.0,57.0,61.0,65.0,69.0,71.0,73.0,81.0,93.0,inferred
East Hertfordshire,2021-09-03,31.5,40.0,45.8,47.0,49.0,53.0,57.0,60.0,64.0,66.0,69.0,76.1,88.5,inferred
East Hertfordshire,2021-09-04,27.0,33.0,38.0,40.0,42.0,45.0,48.0,51.0,54.0,57.0,59.0,65.0,76.0,inferred
East Hertfordshire,2021-09-05,28.0,34.0,39.0,41.8,43.0,46.0,50.0,54.0,57.0,59.0,62.0,68.0,79.0,inferred
East Hertfordshire,2021-09-06,39.0,49.0,55.0,57.0,60.0,64.0,68.0,72.0,77.0,79.0,82.0,90.0,101.0,inferred
East Hertfordshire,2021-09-07,36.0,45.0,51.0,53.0,55.0,59.0,63.0,67.0,72.0,75.0,78.0,85.1,96.0,inferred
East Hertfordshire,2021-09-08,37.5,45.0,51.0,54.0,56.0,60.0,64.0,68.0,72.3,75.0,78.0,84.1,97.5,inferred
East Hertfordshire,2021-09-09,34.0,43.0,48.0,50.0,52.0,56.0,60.0,64.0,68.0,71.0,74.0,80.0,93.0,inferred
East Hertfordshire,2021-09-10,30.0,37.0,43.0,45.0,47.0,51.0,54.0,57.0,60.0,63.0,65.0,73.0,84.0,inferred
East Hertfordshire,2021-09-11,23.0,30.0,34.0,36.0,38.0,42.0,45.0,48.0,51.0,54.0,56.0,62.0,73.0,inferred
East Hertfordshire,2021-09-12,24.0,31.0,35.0,37.0,39.0,42.0,45.0,48.0,52.0,54.0,56.0,63.0,75.0,inferred
East Hertfordshire,2021-09-13,34.5,43.0,49.8,52.0,54.0,57.0,61.0,64.0,69.0,71.0,73.0,81.0,92.5,inferred
East Hertfordshire,2021-09-14,33.0,41.0,47.0,49.0,51.0,55.0,59.0,63.0,67.0,69.0,72.0,79.0,93.0,inferred
East Hertfordshire,2021-09-15,35.0,44.0,50.0,52.0,54.0,58.0,62.0,66.0,70.0,73.0,75.0,84.0,96.0,inferred
East Hertfordshire,2021-09-16,37.0,44.0,50.0,52.0,54.0,58.0,62.0,65.0,70.0,72.0,75.0,82.0,95.0,inferred
East Hertfordshire,2021-09-17,32.0,41.0,46.0,49.0,50.0,55.0,58.0,62.0,66.0,69.0,72.0,79.0,90.0,inferred
East Hertfordshire,2021-09-18,28.0,35.0,41.0,43.0,45.0,48.0,51.0,55.0,58.0,60.0,63.0,69.0,81.0,inferred
East Hertfordshire,2021-09-19,31.0,39.0,44.8,47.0,48.0,52.0,55.0,59.0,63.0,65.0,68.0,75.0,87.5,inferred
East Hertfordshire,2021-09-20,48.0,57.0,63.0,66.0,68.0,73.0,76.0,81.0,86.0,88.0,91.0,100.0,112.0,inferred
East Hertfordshire,2021-09-21,45.0,55.0,61.0,64.0,66.0,70.6,75.0,80.0,84.0,86.0,89.0,97.0,111.0,inferred
East Hertfordshire,2021-09-22,45.5,55.0,61.0,64.0,66.7,71.0,75.0,78.0,83.0,86.0,88.0,97.0,112.0,inferred
East Hertfordshire,2021-09-23,43.0,52.0,59.0,61.0,63.0,67.0,71.0,76.0,81.0,83.0,86.0,95.0,109.0,inferred
East Hertfordshire,2021-09-24,40.0,48.0,54.0,56.0,58.0,62.0,66.0,69.0,74.0,77.0,79.0,88.0,102.0,inferred
East Hertfordshire,2021-09-25,32.0,39.0,44.0,46.0,48.0,52.0,55.0,59.0,63.0,66.0,68.0,75.0,86.0,inferred
East Hertfordshire,2021-09-26,33.0,40.0,45.0,47.0,49.0,53.0,57.0,61.4,66.0,68.0,70.0,77.0,89.5,inferred
East Hertfordshire,2021-09-27,47.0,58.0,64.0,66.0,69.0,73.0,77.0,81.0,85.0,88.0,91.0,100.0,116.0,inferred
East Hertfordshire,2021-09-28,45.0,54.0,61.0,64.0,66.0,70.0,74.0,79.0,83.0,86.0,88.0,97.0,110.0,inferred
East Hertfordshire,2021-09-29,48.0,57.0,64.0,66.0,69.0,73.0,77.0,82.0,86.0,89.0,91.0,100.0,113.0,inferred
East Hertfordshire,2021-09-30,46.0,56.0,62.0,64.0,67.0,71.0,75.0,79.0,84.0,88.0,91.0,100.0,114.0,inferred
East Hertfordshire,2021-10-01,44.0,52.9,58.0,61.0,63.0,67.0,71.0,76.0,80.0,83.0,86.0,92.1,106.5,inferred
East Hertfordshire,2021-10-02,36.0,44.0,50.0,52.0,54.0,58.0,62.0,65.0,70.0,72.0,74.0,83.0,94.0,inferred
East Hertfordshire,2021-10-03,39.0,47.0,53.0,56.0,58.0,61.0,66.0,69.0,74.0,76.0,79.0,87.0,100.0,inferred
East Hertfordshire,2021-10-04,57.0,68.0,75.0,78.0,81.0,86.0,90.0,95.0,100.0,103.0,107.0,116.0,131.0,inferred
East Hertfordshire,2021-10-05,58.5,68.0,75.0,78.0,81.0,85.0,90.0,95.0,101.0,103.0,106.0,114.0,128.0,inferred
East Hertfordshire,2021-10-06,63.0,73.0,81.0,84.0,86.0,91.0,95.0,99.0,106.0,109.0,112.0,121.0,134.0,inferred
East Hertfordshire,2021-10-07,64.0,73.9,81.0,84.0,86.0,91.0,96.0,101.0,106.0,109.0,113.0,122.0,139.5,inferred
East Hertfordshire,2021-10-08,60.0,72.0,79.0,82.0,84.0,88.0,92.0,96.0,102.0,105.0,108.0,116.0,131.0,inferred
East Hertfordshire,2021-10-09,51.5,62.0,69.0,71.8,74.0,78.0,83.0,87.0,92.0,95.0,97.0,105.0,120.0,inferred
East Hertfordshire,2021-10-10,58.0,68.0,76.0,79.0,81.0,86.0,90.0,95.0,100.0,103.0,106.0,115.0,130.0,inferred
East Hertfordshire,2021-10-11,86.0,100.0,109.0,113.0,116.0,122.0,127.0,132.0,139.0,142.0,147.0,157.0,174.5,inferred
East Hertfordshire,2021-10-12,87.0,98.0,105.0,109.8,113.0,119.0,123.0,129.0,135.0,139.0,143.0,154.0,171.0,inferred
East Hertfordshire,2021-10-13,89.0,101.0,110.0,113.0,116.0,121.0,127.0,132.0,138.0,141.0,146.0,157.0,174.5,inferred
East Hertfordshire,2021-10-14,82.5,94.0,103.0,106.0,109.0,115.0,121.0,126.0,132.0,136.0,139.0,150.0,168.0,inferred
East Hertfordshire,2021-10-15,72.0,84.0,93.0,96.0,100.0,105.0,111.0,116.0,122.0,126.0,130.0,140.0,158.5,inferred
East Lindsey,2021-07-03,20.0,25.0,29.0,30.0,32.0,34.0,37.0,40.0,43.0,45.0,47.0,52.0,60.0,inferred
East Lindsey,2021-07-04,24.0,30.0,34.0,36.0,37.0,40.0,43.0,46.0,48.0,50.0,52.0,57.0,70.0,inferred
East Lindsey,2021-07-05,40.5,47.0,52.0,54.0,56.0,59.0,62.0,66.0,69.0,71.0,74.0,81.0,89.0,inferred
East Lindsey,2021-07-06,39.5,47.0,52.0,54.0,56.0,59.0,62.0,65.0,69.0,71.0,74.0,80.0,90.0,inferred
East Lindsey,2021-07-07,41.0,49.0,54.0,56.0,58.0,61.0,65.0,68.0,72.0,75.0,77.0,83.0,93.0,inferred
East Lindsey,2021-07-08,42.0,49.0,54.0,56.0,58.0,62.0,65.0,68.0,71.0,74.0,76.0,82.1,93.0,inferred
East Lindsey,2021-07-09,39.0,46.0,51.0,53.0,55.0,59.0,62.0,65.0,69.0,71.0,73.0,79.0,89.0,inferred
East Lindsey,2021-07-10,34.0,40.0,45.0,47.0,48.0,52.0,54.0,57.0,60.0,63.0,65.0,71.1,82.0,inferred
East Lindsey,2021-07-11,38.0,45.0,50.0,52.0,53.7,57.0,61.0,64.0,67.0,69.0,71.0,77.1,88.0,inferred
East Lindsey,2021-07-12,57.0,67.0,72.0,74.0,77.0,81.0,85.0,89.0,94.0,96.0,98.0,107.0,119.0,inferred
East Lindsey,2021-07-13,55.0,63.0,69.0,71.0,74.0,78.0,82.0,87.0,90.0,92.0,96.0,104.0,117.0,inferred
East Lindsey,2021-07-14,53.0,63.0,69.0,71.0,73.0,77.0,81.0,85.0,89.0,91.0,94.0,102.0,113.0,inferred
East Lindsey,2021-07-15,50.0,59.9,65.0,67.0,69.0,73.0,76.0,80.0,84.0,87.0,89.0,97.0,108.0,inferred
East Lindsey,2021-07-16,44.0,52.0,57.0,59.0,61.0,64.0,68.0,71.0,75.0,77.0,80.0,86.0,96.0,inferred
East Lindsey,2021-07-17,34.0,41.0,46.0,48.0,50.0,53.0,56.0,60.0,63.0,65.0,67.0,73.1,82.0,inferred
East Lindsey,2021-07-18,35.0,43.0,48.0,50.0,52.0,55.0,58.5,62.0,66.0,68.0,70.0,75.0,86.0,inferred
East Lindsey,2021-07-19,49.5,59.0,64.0,67.0,69.0,73.0,77.0,81.0,85.0,87.0,90.2,98.0,110.0,inferred
East Lindsey,2021-07-20,44.0,53.0,58.0,61.0,63.0,67.0,70.0,74.0,78.0,80.0,83.0,90.0,101.0,inferred
East Lindsey,2021-07-21,43.5,52.0,56.8,59.0,60.7,64.0,68.0,72.0,75.0,78.0,80.0,87.0,97.0,inferred
East Lindsey,2021-07-22,40.5,47.0,52.0,54.0,56.0,59.0,62.0,65.0,70.0,72.0,74.0,80.0,90.5,inferred
East Lindsey,2021-07-23,34.0,41.0,46.0,48.0,49.0,52.0,55.0,58.0,62.0,63.0,66.0,73.0,82.0,inferred
East Lindsey,2021-07-24,26.0,32.0,36.0,38.0,40.0,42.0,45.0,48.0,51.0,53.0,55.0,62.0,71.0,inferred
East Lindsey,2021-07-25,27.0,33.0,37.0,39.0,40.0,43.0,46.0,49.0,51.3,53.0,55.0,61.0,71.0,inferred
East Lindsey,2021-07-26,38.0,45.0,50.0,53.0,54.0,58.0,61.0,65.0,69.0,71.0,73.0,80.0,90.5,inferred
East Lindsey,2021-07-27,36.0,43.0,47.0,50.0,51.0,55.0,58.0,61.0,65.0,67.0,69.0,76.0,86.0,inferred
East Lindsey,2021-07-28,38.0,44.0,50.0,52.0,53.0,56.0,59.0,63.0,66.0,68.0,70.0,76.0,87.5,inferred
East Lindsey,2021-07-29,37.0,44.0,49.0,51.0,52.0,55.0,59.0,62.4,66.0,67.0,70.0,76.0,89.0,inferred
East Lindsey,2021-07-30,33.0,40.0,44.0,47.0,48.0,52.0,55.0,58.0,61.0,64.0,65.2,72.0,81.0,inferred
East Lindsey,2021-07-31,27.0,34.0,38.0,40.0,42.0,44.0,48.0,51.0,54.0,56.0,58.0,64.0,74.0,inferred
East Lindsey,2021-08-01,32.0,38.0,42.0,44.0,46.0,49.6,53.0,56.0,59.0,61.0,63.0,69.0,78.5,inferred
East Lindsey,2021-08-02,47.0,56.0,61.0,64.0,65.0,69.0,73.0,76.0,80.0,83.0,86.0,92.0,102.0,inferred
East Lindsey,2021-08-03,45.5,53.0,60.0,62.0,64.0,67.0,70.0,74.0,78.0,80.0,83.0,89.0,100.0,inferred
East Lindsey,2021-08-04,47.0,55.0,61.0,64.0,66.0,69.0,73.0,77.0,80.3,83.0,85.0,91.0,103.5,inferred
East Lindsey,2021-08-05,46.5,55.0,60.0,62.0,64.0,68.0,72.0,75.0,79.0,82.0,84.0,92.0,105.0,inferred
East Lindsey,2021-08-06,42.0,49.0,54.0,56.8,59.0,63.0,66.0,70.0,73.0,75.2,78.0,84.0,95.0,inferred
East Lindsey,2021-08-07,35.0,43.0,47.0,49.0,51.0,54.0,57.0,60.0,64.0,66.0,68.0,74.0,85.0,inferred
East Lindsey,2021-08-08,39.0,46.0,51.0,53.0,55.0,59.0,62.0,66.0,69.0,71.0,73.0,79.0,90.0,inferred
East Lindsey,2021-08-09,56.0,66.0,72.0,75.0,77.7,82.0,86.0,89.0,94.0,97.0,100.0,107.0,120.5,inferred
East Lindsey,2021-08-10,54.0,62.0,69.0,71.0,74.0,78.0,82.0,86.0,90.0,93.0,96.0,103.1,116.0,inferred
East Lindsey,2021-08-11,57.0,64.0,71.0,73.0,75.0,79.0,83.0,87.0,91.0,94.0,96.0,105.0,116.0,inferred
East Lindsey,2021-08-12,54.0,63.0,68.0,71.0,73.0,78.0,82.0,85.0,90.0,92.0,95.0,102.0,115.5,inferred
East Lindsey,2021-08-13,48.0,57.0,63.0,65.0,67.0,69.0,73.0,77.0,81.0,83.0,85.0,94.0,103.0,inferred
East Lindsey,2021-08-14,39.5,47.0,53.0,55.0,56.0,60.0,63.0,66.4,70.0,72.0,74.0,81.0,89.5,inferred
East Lindsey,2021-08-15,43.0,51.0,56.0,58.0,60.0,63.0,67.0,70.4,73.0,76.0,78.0,85.0,96.0,inferred
East Lindsey,2021-08-16,61.0,71.0,78.0,80.0,83.0,87.0,91.0,95.0,100.0,103.0,105.0,113.0,125.0,inferred
East Lindsey,2021-08-17,58.5,67.0,73.0,76.0,78.0,82.0,86.0,90.0,95.0,97.0,100.0,108.0,122.0,inferred
East Lindsey,2021-08-18,57.0,66.0,73.0,75.0,77.0,82.0,85.0,89.0,93.0,96.0,98.2,105.0,118.5,inferred
East Lindsey,2021-08-19,57.0,64.0,70.0,72.0,75.0,79.0,82.0,85.0,90.0,93.0,95.2,102.0,112.0,inferred
East Lindsey,2021-08-20,49.0,57.9,63.0,65.0,67.0,71.0,74.0,78.0,82.0,84.0,86.0,93.0,104.0,inferred
East Lindsey,2021-08-21,40.0,47.0,53.0,55.0,56.7,60.0,63.0,66.0,71.0,73.0,75.0,81.0,92.0,inferred
East Lindsey,2021-08-22,42.0,51.0,56.0,58.0,60.0,64.0,67.0,70.0,74.0,76.0,79.0,86.0,96.0,inferred
East Lindsey,2021-08-23,61.5,71.0,78.0,81.0,83.0,87.0,92.0,95.0,100.0,102.0,105.0,113.0,124.0,inferred
East Lindsey,2021-08-24,58.0,66.0,72.0,75.0,77.0,81.0,85.0,89.0,93.0,96.0,99.0,107.0,119.5,inferred
East Lindsey,2021-08-25,56.5,65.0,71.0,74.0,76.0,79.0,83.0,87.0,91.0,94.0,97.0,104.0,116.0,inferred
East Lindsey,2021-08-26,53.5,62.0,68.0,70.0,72.0,76.0,80.0,84.0,87.0,90.0,93.0,100.0,112.0,inferred
East Lindsey,2021-08-27,46.0,54.0,60.0,62.0,64.0,67.0,71.0,74.0,78.3,81.0,83.2,91.0,103.0,inferred
East Lindsey,2021-08-28,37.0,44.0,49.0,51.0,53.0,56.0,60.0,63.0,67.0,68.0,71.0,77.0,87.5,inferred
East Lindsey,2021-08-29,40.0,47.0,52.0,54.0,56.0,59.0,62.0,66.0,69.0,72.0,74.0,82.0,91.0,inferred
East Lindsey,2021-08-30,54.0,65.0,72.0,74.0,77.0,81.0,85.0,89.0,93.0,95.0,98.0,105.0,117.5,inferred
East Lindsey,2021-08-31,52.0,61.0,67.0,70.0,72.0,76.0,79.5,83.0,87.0,89.0,92.0,100.0,113.0,inferred
East Lindsey,2021-09-01,52.0,61.0,67.0,69.0,71.0,75.0,79.0,83.0,88.0,90.0,93.0,100.0,112.0,inferred
East Lindsey,2021-09-02,50.0,59.0,65.0,66.0,68.0,72.0,76.0,80.0,84.0,86.0,88.0,95.0,106.0,inferred
East Lindsey,2021-09-03,43.0,52.0,57.0,59.0,61.0,64.0,68.0,71.0,75.0,77.0,79.0,86.0,97.5,inferred
East Lindsey,2021-09-04,35.0,42.9,48.0,49.8,51.0,54.0,58.0,61.0,65.0,67.0,70.0,75.0,86.0,inferred
East Lindsey,2021-09-05,37.0,45.0,49.8,52.0,53.0,57.0,60.0,64.0,67.0,70.0,72.0,78.0,88.0,inferred
East Lindsey,2021-09-06,54.0,63.0,69.0,71.0,73.0,77.0,81.0,85.0,90.0,92.0,95.0,102.0,115.0,inferred
East Lindsey,2021-09-07,50.0,57.9,63.0,66.0,68.0,72.0,76.0,80.0,84.0,86.0,89.0,97.0,108.0,inferred
East Lindsey,2021-09-08,46.5,56.0,62.0,64.0,66.0,70.0,73.0,77.0,81.0,83.0,86.2,94.0,106.0,inferred
East Lindsey,2021-09-09,44.0,52.0,58.0,60.0,62.0,65.0,68.0,72.0,76.0,79.0,81.0,88.0,97.0,inferred
East Lindsey,2021-09-10,37.5,45.0,50.0,52.0,54.0,57.0,60.0,63.0,67.0,69.0,71.0,77.0,88.0,inferred
East Lindsey,2021-09-11,29.0,36.0,40.0,42.0,44.0,46.6,50.0,53.0,56.0,58.0,60.0,65.0,75.5,inferred
East Lindsey,2021-09-12,32.0,38.0,43.0,45.0,46.0,49.0,52.0,55.0,58.0,60.0,62.0,68.0,78.0,inferred
East Lindsey,2021-09-13,44.0,51.0,57.0,59.0,61.0,65.0,68.0,72.0,76.3,79.0,82.0,89.1,100.5,inferred
East Lindsey,2021-09-14,40.0,49.0,55.0,57.0,59.0,62.0,66.0,69.0,74.0,76.0,79.0,86.0,97.5,inferred
East Lindsey,2021-09-15,43.0,51.0,56.0,58.0,60.0,64.0,67.0,71.0,75.0,77.0,80.0,87.0,97.0,inferred
East Lindsey,2021-09-16,43.0,51.0,57.0,59.0,61.0,63.6,67.0,71.0,75.0,77.0,79.0,86.0,97.0,inferred
East Lindsey,2021-09-17,38.5,46.0,51.0,53.0,55.0,59.0,62.0,65.0,69.0,71.0,73.0,79.1,87.0,inferred
East Lindsey,2021-09-18,34.0,41.0,45.0,47.0,49.0,52.0,54.0,57.0,61.0,62.0,64.0,72.0,82.0,inferred
East Lindsey,2021-09-19,38.0,44.0,49.0,51.0,53.0,56.0,60.0,63.0,67.0,69.0,71.0,78.0,88.0,inferred
East Lindsey,2021-09-20,56.0,64.0,71.0,73.0,75.7,79.0,83.0,87.0,91.0,94.0,96.0,104.0,116.0,inferred
East Lindsey,2021-09-21,54.0,62.0,68.0,70.0,73.0,77.0,81.0,85.0,90.0,92.0,95.0,101.0,113.0,inferred
East Lindsey,2021-09-22,54.0,63.0,69.8,72.0,74.0,78.0,82.0,87.0,91.0,94.0,97.0,104.0,116.0,inferred
East Lindsey,2021-09-23,54.5,64.0,69.0,72.0,74.0,78.0,82.0,86.0,91.0,93.0,96.0,104.0,116.0,inferred
East Lindsey,2021-09-24,50.0,58.0,64.0,66.0,68.0,72.0,76.0,79.0,83.0,86.0,88.0,95.0,107.0,inferred
East Lindsey,2021-09-25,43.0,50.0,55.0,57.0,59.0,62.0,65.0,69.0,72.0,74.0,76.0,82.0,94.0,inferred
East Lindsey,2021-09-26,46.0,54.0,59.8,62.0,64.0,68.0,72.0,75.0,79.0,82.0,84.0,92.0,105.0,inferred
East Lindsey,2021-09-27,67.5,77.0,84.0,86.0,88.0,93.0,97.0,102.0,106.0,109.0,113.0,121.0,134.5,inferred
East Lindsey,2021-09-28,65.0,74.0,80.0,82.0,85.0,89.0,93.0,98.0,103.0,105.0,108.0,115.0,131.5,inferred
East Lindsey,2021-09-29,65.0,73.0,80.0,83.0,85.0,89.0,93.0,98.0,103.0,105.0,108.0,117.0,129.0,inferred
East Lindsey,2021-09-30,63.0,72.0,79.0,81.0,83.0,87.0,91.0,94.0,99.0,101.0,105.0,112.0,126.0,inferred
East Lindsey,2021-10-01,53.5,63.0,70.0,72.0,74.0,79.0,83.0,87.0,91.0,94.0,96.0,103.0,115.0,inferred
East Lindsey,2021-10-02,46.5,54.0,59.0,62.0,63.0,67.0,71.0,75.0,78.0,81.0,83.0,89.0,101.0,inferred
East Lindsey,2021-10-03,51.0,59.0,65.0,67.0,69.0,72.6,76.0,79.0,83.0,85.0,88.0,96.0,108.5,inferred
East Lindsey,2021-10-04,73.5,84.0,92.0,94.0,96.0,101.0,105.5,110.0,115.0,118.0,120.0,128.0,143.0,inferred
East Lindsey,2021-10-05,72.0,81.0,88.0,90.0,93.0,98.0,102.0,106.0,111.0,113.0,117.0,125.0,138.0,inferred
East Lindsey,2021-10-06,73.0,84.0,91.0,93.0,96.0,101.0,105.0,110.0,114.0,118.0,121.0,130.0,143.0,inferred
East Lindsey,2021-10-07,74.0,84.0,91.0,94.0,96.0,100.0,105.0,109.0,115.0,118.0,121.0,129.0,143.0,inferred
East Lindsey,2021-10-08,69.5,80.0,86.0,88.0,90.0,95.0,99.0,103.0,108.0,110.0,113.0,121.0,135.0,inferred
East Lindsey,2021-10-09,60.0,68.0,75.0,77.0,80.0,84.0,88.0,92.0,96.0,98.0,101.0,109.0,120.0,inferred
East Lindsey,2021-10-10,66.0,77.0,83.0,86.0,88.0,93.0,97.0,101.0,106.0,109.0,111.0,119.0,131.0,inferred
East Lindsey,2021-10-11,101.0,112.0,119.0,123.0,125.7,131.0,136.0,141.0,148.0,151.0,154.0,164.0,181.0,inferred
East Lindsey,2021-10-12,95.0,106.0,114.0,118.0,120.0,125.0,130.0,135.0,141.0,143.0,147.0,157.0,174.0,inferred
East Lindsey,2021-10-13,93.0,104.0,112.0,116.0,118.0,123.0,128.0,132.0,139.0,142.0,145.0,156.0,169.5,inferred
East Lindsey,2021-10-14,86.0,98.0,106.0,109.0,112.0,117.0,122.5,128.0,133.0,137.0,140.0,149.1,166.0,inferred
East Lindsey,2021-10-15,77.0,86.0,94.0,97.0,99.7,105.0,110.0,115.0,120.0,123.0,126.0,136.0,150.0,inferred
East Lothian,2021-07-03,440.9,526.0,598.8,630.0,660.0,707.6,753.0,812.4,878.0,912.5,953.2,1067.1,1270.6,inferred
East Lothian,2021-07-04,361.0,452.9,533.8,563.0,589.0,638.0,688.0,746.4,805.0,837.2,874.2,990.1,1165.5,inferred
East Lothian,2021-07-05,302.0,391.0,457.0,484.0,508.7,551.6,599.0,643.0,695.3,721.0,754.0,868.0,1045.0,inferred
East Lothian,2021-07-06,346.9,423.0,484.0,510.0,537.0,582.0,624.5,669.4,727.3,766.2,800.0,903.1,1053.6,inferred
East Lothian,2021-07-07,383.5,477.9,546.0,572.0,599.7,654.0,703.5,756.0,813.3,837.0,869.2,975.0,1145.0,inferred
East Lothian,2021-07-08,271.5,361.0,417.0,447.8,474.0,522.0,565.0,613.0,669.0,705.2,735.4,829.0,973.5,inferred
East Lothian,2021-07-09,273.0,360.0,428.0,455.8,483.0,530.6,576.0,620.0,668.0,705.0,745.0,835.1,1010.0,inferred
East Lothian,2021-07-10,324.4,425.9,490.8,512.0,536.0,587.0,631.0,678.4,744.3,780.0,814.0,920.0,1109.5,inferred
East Lothian,2021-07-11,277.0,365.0,428.0,455.8,481.0,533.0,575.0,623.0,677.3,711.0,746.4,853.0,996.0,inferred
East Lothian,2021-07-12,209.0,286.0,344.8,369.0,391.0,432.0,472.5,518.0,571.0,599.0,630.0,732.2,906.0,inferred
East Lothian,2021-07-13,216.9,291.0,349.0,372.0,392.0,432.0,472.5,518.4,571.0,600.0,636.0,727.1,896.5,inferred
East Lothian,2021-07-14,227.5,326.9,392.0,415.0,435.7,480.0,525.5,571.0,620.0,655.2,691.2,783.0,949.1,inferred
East Lothian,2021-07-15,173.5,232.9,291.0,313.0,331.0,365.6,405.0,443.0,496.3,523.2,553.2,651.2,803.0,inferred
East Lothian,2021-07-16,155.9,222.0,277.0,300.0,319.7,355.0,390.0,430.0,479.0,503.2,533.2,613.2,769.5,inferred
East Lothian,2021-07-17,175.5,245.9,307.0,327.0,347.0,389.0,427.5,468.0,518.0,543.2,580.2,661.1,835.5,inferred
East Lothian,2021-07-18,146.0,211.0,263.0,284.0,301.0,338.0,376.0,414.0,454.0,476.0,507.2,597.0,744.5,inferred
East Lothian,2021-07-19,107.0,154.0,199.8,219.0,234.0,261.6,291.0,326.4,372.0,402.0,426.2,509.0,650.5,inferred
East Lothian,2021-07-20,100.0,147.0,196.0,213.0,231.7,264.0,298.5,335.0,373.0,398.2,425.0,503.1,650.5,inferred
East Lothian,2021-07-21,108.5,160.8,211.0,225.0,242.0,276.6,311.0,347.0,385.0,409.2,439.0,517.1,664.5,inferred
East Lothian,2021-07-22,70.0,112.0,151.0,164.0,179.0,204.0,235.0,265.4,301.0,321.2,349.0,415.0,540.5,inferred
East Lothian,2021-07-23,66.0,103.0,136.0,153.0,167.0,196.0,221.0,250.0,285.3,310.0,333.0,414.0,544.6,inferred
East Lothian,2021-07-24,73.0,109.9,149.0,163.0,176.7,210.0,239.0,272.0,312.0,329.0,355.2,424.1,550.6,inferred
East Lothian,2021-07-25,54.0,96.9,125.0,138.0,148.7,174.0,200.0,229.0,264.3,285.0,304.0,372.2,505.0,inferred
East Lothian,2021-07-26,33.5,62.0,88.0,103.0,116.7,138.0,160.0,185.0,219.3,239.0,260.0,318.0,406.5,inferred
East Lothian,2021-07-27,33.0,64.0,92.0,103.0,114.0,137.0,158.0,183.0,217.0,235.2,260.2,322.1,435.6,inferred
East Lothian,2021-07-28,45.0,76.9,107.0,121.0,134.0,160.0,187.0,218.0,250.0,270.2,292.0,353.0,456.0,inferred
East Lothian,2021-07-29,29.0,59.0,86.0,97.0,109.0,131.0,154.0,176.4,208.0,225.2,245.2,303.1,412.7,inferred
East Lothian,2021-07-30,34.0,62.0,89.8,103.0,115.0,139.0,163.0,188.0,214.3,236.2,259.0,320.1,431.0,inferred
East Lothian,2021-07-31,47.5,81.0,109.8,124.0,138.7,162.0,188.0,214.0,244.0,265.0,287.0,347.2,473.6,inferred
East Lothian,2021-08-01,38.5,71.0,98.0,112.0,124.0,149.0,173.0,201.4,229.0,248.0,268.0,337.0,443.0,inferred
East Lothian,2021-08-02,28.0,54.0,79.0,90.0,101.0,120.6,140.0,165.0,195.0,215.0,234.0,299.0,413.5,inferred
East Lothian,2021-08-03,28.5,62.0,91.0,104.0,115.0,136.0,162.5,186.0,219.0,238.0,256.0,324.0,425.5,inferred
East Lothian,2021-08-04,44.0,80.9,110.0,121.0,132.0,158.0,186.0,218.4,251.0,266.0,293.2,367.2,480.5,inferred
East Lothian,2021-08-05,40.0,71.0,95.0,106.0,117.0,140.0,165.0,191.0,222.0,240.0,259.0,316.0,423.6,inferred
East Lothian,2021-08-06,40.5,75.9,103.0,115.0,125.0,146.0,173.0,204.0,236.0,258.0,277.0,341.1,452.5,inferred
East Lothian,2021-08-07,65.0,103.0,136.0,152.0,164.0,192.0,217.0,250.0,282.3,307.0,331.0,394.0,509.5,inferred
East Lothian,2021-08-08,54.0,94.0,127.0,140.0,156.0,183.0,209.0,240.0,275.0,298.0,323.0,389.0,504.0,inferred
East Lothian,2021-08-09,42.5,80.0,111.0,123.0,135.7,164.6,188.5,218.0,253.0,267.0,286.4,355.0,461.0,inferred
East Lothian,2021-08-10,60.0,98.0,129.8,142.0,154.7,185.0,214.0,245.0,280.0,299.2,322.0,385.1,524.5,inferred
East Lothian,2021-08-11,83.5,132.9,170.8,186.0,201.0,228.6,264.0,302.0,340.0,361.2,388.0,463.0,580.6,inferred
East Lothian,2021-08-12,70.5,111.9,147.0,163.8,177.0,203.6,230.0,265.0,302.0,322.0,347.0,417.1,548.6,inferred
East Lothian,2021-08-13,87.0,135.0,173.8,185.0,203.0,227.6,259.5,290.0,328.0,350.0,375.0,449.1,589.6,inferred
East Lothian,2021-08-14,132.0,185.0,229.8,248.0,266.0,294.6,327.0,360.4,404.3,434.0,469.0,540.1,692.1,inferred
East Lothian,2021-08-15,125.0,180.0,217.0,237.8,258.0,296.0,330.0,366.4,415.0,444.0,482.0,562.1,697.7,inferred
East Lothian,2021-08-16,100.0,151.0,194.8,212.0,231.0,266.0,300.0,335.0,379.0,408.2,435.0,513.0,657.0,inferred
East Lothian,2021-08-17,136.0,191.0,243.8,266.0,284.7,324.0,362.0,405.0,447.3,468.0,494.2,576.1,720.2,inferred
East Lothian,2021-08-18,191.5,269.0,325.0,348.8,373.0,414.6,454.0,506.0,555.3,582.5,617.0,710.2,875.0,inferred
East Lothian,2021-08-19,182.0,242.9,295.0,316.8,336.0,384.0,421.0,459.0,505.0,537.0,572.0,667.1,832.5,inferred
East Lothian,2021-08-20,221.5,291.0,349.8,372.8,396.0,438.0,480.0,528.0,579.3,609.2,643.2,743.1,926.1,inferred
East Lothian,2021-08-21,328.0,406.9,479.8,507.0,531.0,579.6,626.0,682.4,736.3,768.0,805.0,907.0,1071.6,inferred
East Lothian,2021-08-22,320.5,411.6,479.8,510.8,539.0,585.0,627.5,672.0,735.0,768.0,805.2,921.2,1076.6,inferred
East Lothian,2021-08-23,285.5,386.9,456.0,487.0,512.7,558.0,611.5,665.0,719.0,754.0,790.2,893.1,1085.5,inferred
East Lothian,2021-08-24,361.4,456.0,540.8,568.0,595.7,646.6,698.0,753.0,817.3,853.2,887.2,990.0,1153.0,inferred
East Lothian,2021-08-25,449.5,570.9,657.8,692.0,724.7,783.0,839.0,894.0,965.0,998.5,1044.0,1178.0,1376.5,inferred
East Lothian,2021-08-26,385.0,498.9,571.0,602.8,629.7,683.0,737.5,792.0,851.0,887.0,927.0,1050.1,1239.6,inferred
East Lothian,2021-08-27,460.5,551.9,628.8,660.0,689.0,741.6,798.0,863.0,925.3,967.2,1005.2,1129.1,1302.0,inferred
East Lothian,2021-08-28,571.4,700.8,797.0,834.8,871.7,932.0,994.5,1064.0,1139.0,1179.0,1223.2,1363.0,1578.7,inferred
East Lothian,2021-08-29,570.4,687.0,777.8,813.0,848.7,901.0,969.0,1033.0,1098.0,1132.0,1178.4,1317.1,1516.2,inferred
East Lothian,2021-08-30,483.0,601.0,692.0,722.8,760.0,816.6,873.0,934.0,1000.0,1046.0,1085.4,1201.1,1410.7,inferred
East Lothian,2021-08-31,531.9,664.0,753.8,787.0,818.0,879.6,943.0,1011.0,1072.0,1117.5,1179.4,1294.2,1552.5,inferred
East Lothian,2021-09-01,642.0,779.0,880.0,923.8,962.0,1025.0,1095.0,1158.0,1235.0,1281.0,1323.2,1468.1,1699.5,inferred
East Lothian,2021-09-02,512.0,625.9,704.0,737.8,772.0,825.6,887.0,952.0,1022.0,1063.0,1115.0,1258.1,1454.1,inferred
East Lothian,2021-09-03,514.3,642.9,740.0,781.8,811.0,870.0,932.5,999.4,1064.0,1098.2,1150.2,1263.0,1479.0,inferred
East Lothian,2021-09-04,621.5,764.7,869.0,901.0,939.0,1004.0,1061.0,1120.4,1208.0,1248.0,1294.0,1412.2,1642.5,inferred
East Lothian,2021-09-05,576.0,706.8,792.8,836.2,868.7,925.0,985.0,1055.0,1127.0,1169.2,1221.2,1346.0,1537.6,inferred
East Lothian,2021-09-06,458.5,567.9,647.0,681.0,713.7,764.6,821.0,872.0,936.0,977.0,1024.0,1152.1,1383.5,inferred
East Lothian,2021-09-07,442.4,562.0,644.0,690.0,720.7,781.0,841.0,908.4,970.0,1017.2,1052.2,1170.0,1378.8,inferred
East Lothian,2021-09-08,497.5,606.0,698.8,732.0,768.0,837.0,901.0,964.0,1037.3,1070.0,1118.0,1246.1,1455.1,inferred
East Lothian,2021-09-09,330.5,425.9,494.8,530.0,555.7,606.0,653.0,704.4,767.0,801.2,844.2,951.1,1136.0,inferred
East Lothian,2021-09-10,315.0,406.9,473.8,500.5,527.0,577.0,625.0,678.4,736.0,762.2,796.0,906.1,1053.6,inferred
East Lothian,2021-09-11,326.0,418.0,486.0,516.8,540.7,589.6,635.0,691.8,750.0,780.2,819.0,926.0,1102.7,inferred
East Lothian,2021-09-12,238.0,318.0,378.0,404.0,424.0,479.0,525.0,577.4,629.0,656.2,696.0,798.1,980.0,inferred
East Lothian,2021-09-13,175.0,233.9,282.8,307.8,329.0,368.6,404.0,450.0,507.0,530.0,559.0,644.0,761.2,inferred
East Lothian,2021-09-14,159.9,227.9,284.8,310.0,331.0,368.0,403.0,438.0,486.3,515.0,546.0,638.1,785.0,inferred
East Lothian,2021-09-15,182.5,257.0,313.0,337.8,361.7,397.6,435.0,476.4,525.0,554.2,588.2,679.3,863.6,inferred
East Lothian,2021-09-16,130.0,183.0,233.0,256.0,276.7,311.0,341.5,380.0,427.3,452.2,481.0,567.0,702.5,inferred
East Lothian,2021-09-17,119.5,183.9,229.0,248.0,265.7,301.6,337.0,372.4,418.0,440.2,469.2,552.0,706.0,inferred
East Lothian,2021-09-18,146.0,204.0,260.0,280.0,300.0,337.0,374.0,412.0,457.0,479.2,511.0,599.1,750.0,inferred
East Lothian,2021-09-19,117.5,173.0,219.0,239.8,256.7,293.0,329.5,367.0,403.3,425.0,451.2,536.1,686.1,inferred
East Lothian,2021-09-20,76.5,130.0,169.0,184.8,200.0,230.0,260.0,295.0,332.0,353.0,379.0,456.0,592.0,inferred
East Lothian,2021-09-21,80.5,146.9,188.0,205.0,222.0,251.0,286.0,319.4,358.0,384.2,420.0,489.0,625.5,inferred
East Lothian,2021-09-22,132.0,186.0,234.0,255.8,273.0,311.6,347.5,385.0,423.3,449.0,482.0,551.1,666.5,inferred
East Lothian,2021-09-23,110.5,157.0,194.8,213.0,231.7,260.0,291.0,322.4,363.0,387.2,422.2,497.1,620.0,inferred
East Lothian,2021-09-24,114.5,170.0,214.0,231.0,252.0,282.0,315.0,351.0,392.0,419.2,451.2,530.2,687.0,inferred
East Lothian,2021-09-25,151.5,218.9,267.0,291.0,303.7,343.0,385.0,434.0,479.0,502.0,536.0,627.1,771.0,inferred
East Lothian,2021-09-26,144.0,210.9,258.0,279.0,296.0,335.0,374.5,413.4,459.0,489.2,519.2,607.1,768.0,inferred
East Lothian,2021-09-27,129.4,177.9,221.8,240.0,260.7,299.0,332.0,369.0,416.0,436.0,462.0,547.0,692.0,inferred
East Lothian,2021-09-28,132.5,199.0,248.8,272.0,287.0,323.6,361.0,401.4,441.0,466.0,493.0,587.1,762.5,inferred
East Lothian,2021-09-29,166.0,236.0,289.0,310.0,331.0,370.0,411.0,455.0,500.0,525.2,552.2,653.0,783.0,inferred
East Lothian,2021-09-30,128.9,187.0,233.8,255.8,274.0,308.0,338.0,375.0,417.0,442.2,471.2,553.0,708.1,inferred
East Lothian,2021-10-01,136.0,193.0,240.8,257.0,277.7,315.6,352.0,393.0,438.0,465.2,496.0,575.1,744.5,inferred
East Lothian,2021-10-02,174.5,240.9,289.8,312.0,331.0,374.0,409.0,447.0,491.0,520.0,553.2,654.2,821.6,inferred
East Lothian,2021-10-03,149.5,214.9,268.0,289.8,308.0,339.6,378.0,417.0,460.3,486.2,517.0,600.1,788.0,inferred
East Lothian,2021-10-04,116.0,166.0,213.8,235.8,254.0,288.6,323.5,362.0,405.0,433.2,466.2,551.1,679.6,inferred
East Lothian,2021-10-05,132.5,196.9,244.8,263.0,282.0,310.0,347.5,388.4,430.0,456.0,487.0,567.2,702.1,inferred
East Lothian,2021-10-06,183.0,235.9,287.0,307.0,328.7,365.6,400.0,441.4,486.0,512.2,544.2,631.0,768.0,inferred
East Lothian,2021-10-07,121.0,180.0,227.0,244.8,269.0,303.0,343.0,374.0,424.0,445.0,472.0,564.0,682.0,inferred
East Lothian,2021-10-08,141.4,207.9,253.0,271.0,290.0,323.0,353.0,387.4,434.0,460.0,492.0,579.0,723.1,inferred
East Lothian,2021-10-09,168.4,241.0,294.8,319.0,344.0,383.0,420.0,459.0,512.3,544.2,575.2,662.0,793.1,inferred
East Lothian,2021-10-10,164.4,223.9,281.8,300.8,323.0,356.6,393.0,433.0,482.0,510.2,539.2,625.2,763.6,inferred
East Lothian,2021-10-11,120.0,182.8,227.0,246.0,264.0,298.0,334.0,370.4,411.0,436.0,466.2,549.0,699.0,inferred
East Lothian,2021-10-12,140.0,194.0,244.0,263.0,285.7,321.6,360.0,398.0,444.0,478.2,510.0,602.1,749.0,inferred
East Lothian,2021-10-13,181.0,244.0,299.0,324.0,352.0,389.0,431.0,471.0,517.0,546.0,582.2,693.0,855.0,inferred
East Lothian,2021-10-14,132.0,199.0,244.0,268.0,285.0,315.6,356.0,395.4,443.3,470.2,498.0,598.0,788.6,inferred
East Lothian,2021-10-15,128.9,195.0,252.0,274.0,294.7,334.6,370.0,418.0,468.3,492.0,534.2,623.1,802.0,inferred
East Northamptonshire,2021-07-03,3.0,6.0,8.0,9.0,10.0,11.0,13.0,15.0,17.0,19.0,20.0,24.0,32.0,inferred
East Northamptonshire,2021-07-04,4.0,8.0,10.0,11.0,12.0,14.0,16.0,18.0,21.0,22.0,24.0,28.0,36.0,inferred
East Northamptonshire,2021-07-05,9.0,14.0,17.0,19.0,20.0,22.0,24.0,27.0,29.0,31.0,33.0,38.0,49.0,inferred
East Northamptonshire,2021-07-06,11.0,16.0,19.0,21.0,22.0,24.0,27.0,29.4,32.0,34.0,36.0,41.1,51.0,inferred
East Northamptonshire,2021-07-07,13.0,18.0,22.0,24.0,25.0,27.0,30.0,33.0,36.0,37.0,40.0,45.0,54.5,inferred
East Northamptonshire,2021-07-08,15.0,20.0,24.0,26.0,27.0,30.0,33.0,36.0,39.0,41.0,43.0,50.0,58.0,inferred
East Northamptonshire,2021-07-09,16.0,21.0,25.0,26.0,28.0,31.0,34.0,37.0,40.0,42.0,44.0,49.0,58.0,inferred
East Northamptonshire,2021-07-10,14.5,20.0,24.0,26.0,28.0,31.0,33.0,36.0,39.0,41.0,43.0,49.0,59.0,inferred
East Northamptonshire,2021-07-11,20.0,26.0,30.0,32.0,33.0,37.0,40.0,43.0,46.0,48.0,51.0,57.0,69.0,inferred
East Northamptonshire,2021-07-12,34.0,43.0,49.0,51.0,53.0,57.0,61.0,65.0,70.0,73.0,76.0,84.0,97.5,inferred
East Northamptonshire,2021-07-13,35.0,43.9,49.0,52.0,54.0,59.0,62.0,67.0,71.0,74.0,76.0,85.0,99.0,inferred
East Northamptonshire,2021-07-14,36.0,45.0,51.0,53.0,56.0,60.0,63.0,67.0,72.0,74.0,77.0,86.0,97.0,inferred
East Northamptonshire,2021-07-15,33.5,43.0,48.8,51.0,53.0,57.0,61.0,65.0,70.0,72.0,75.0,84.0,96.0,inferred
East Northamptonshire,2021-07-16,29.0,37.0,43.0,46.0,48.0,51.0,55.0,58.0,62.0,65.0,67.0,76.0,88.0,inferred
East Northamptonshire,2021-07-17,24.0,31.0,35.0,37.0,39.0,43.0,46.0,50.0,53.0,55.0,58.0,66.0,77.0,inferred
East Northamptonshire,2021-07-18,26.0,34.0,39.0,41.0,43.0,46.0,50.0,53.0,57.0,60.0,63.0,70.0,82.0,inferred
East Northamptonshire,2021-07-19,38.0,46.0,52.0,54.0,56.0,61.6,66.0,70.0,74.0,76.2,80.0,88.0,102.0,inferred
East Northamptonshire,2021-07-20,35.0,42.0,48.0,51.0,53.0,57.0,60.0,65.0,69.0,71.0,75.0,81.0,95.0,inferred
East Northamptonshire,2021-07-21,30.0,38.0,44.0,46.0,48.0,52.0,55.0,59.0,63.0,66.0,68.0,76.1,90.0,inferred
East Northamptonshire,2021-07-22,27.0,33.9,38.8,41.0,43.0,47.0,50.0,54.0,58.0,60.0,62.0,70.0,82.0,inferred
East Northamptonshire,2021-07-23,20.0,27.0,32.0,33.0,35.0,39.0,41.0,45.0,48.0,51.0,53.0,59.0,69.0,inferred
East Northamptonshire,2021-07-24,14.0,20.0,23.0,25.0,26.0,29.0,32.0,35.0,38.0,40.0,42.0,49.0,57.5,inferred
East Northamptonshire,2021-07-25,14.0,19.9,24.0,25.0,26.7,29.0,32.0,35.0,39.0,41.0,42.0,48.0,58.0,inferred
East Northamptonshire,2021-07-26,20.0,26.0,30.0,32.0,34.0,37.0,41.0,44.0,48.0,50.0,52.0,58.0,69.0,inferred
East Northamptonshire,2021-07-27,17.0,23.0,27.0,29.0,30.0,34.0,37.0,40.0,43.0,46.0,48.0,54.0,66.0,inferred
East Northamptonshire,2021-07-28,17.0,23.0,27.0,29.0,30.0,33.0,36.0,39.0,43.0,45.0,47.0,54.0,63.0,inferred
East Northamptonshire,2021-07-29,16.0,21.9,25.8,27.0,29.0,32.0,34.0,37.0,40.0,43.0,45.0,51.0,63.0,inferred
East Northamptonshire,2021-07-30,13.5,18.0,21.0,23.0,24.0,27.0,30.0,33.0,35.0,37.0,39.0,45.0,56.0,inferred
East Northamptonshire,2021-07-31,10.0,14.0,17.0,19.0,20.0,23.0,25.0,27.0,30.0,32.0,34.0,40.0,50.0,inferred
East Northamptonshire,2021-08-01,10.0,14.0,18.0,19.0,21.0,23.0,26.0,29.0,32.0,33.0,35.0,40.0,51.0,inferred
East Northamptonshire,2021-08-02,16.0,22.0,26.0,28.0,30.0,32.0,36.0,39.0,42.0,44.0,46.0,52.0,63.0,inferred
East Northamptonshire,2021-08-03,14.0,20.0,24.0,26.0,27.0,30.0,33.0,36.0,39.0,41.0,43.0,49.0,58.0,inferred
East Northamptonshire,2021-08-04,15.0,20.0,25.0,26.0,28.0,30.0,33.0,36.0,39.0,41.0,44.0,50.0,60.0,inferred
East Northamptonshire,2021-08-05,14.0,19.9,23.0,25.0,26.0,29.0,33.0,36.0,39.3,41.0,43.0,50.0,59.0,inferred
East Northamptonshire,2021-08-06,12.0,17.0,21.0,23.0,24.0,27.0,30.0,33.0,37.0,38.2,41.0,46.0,57.0,inferred
East Northamptonshire,2021-08-07,10.0,14.0,18.0,20.0,21.0,23.0,26.0,28.0,31.0,33.0,35.0,40.0,50.0,inferred
East Northamptonshire,2021-08-08,12.0,17.0,20.0,22.0,23.0,26.0,28.0,31.0,34.0,36.0,38.0,45.0,53.0,inferred
East Northamptonshire,2021-08-09,20.0,26.0,30.0,32.0,34.0,37.0,40.0,43.0,48.0,50.0,52.0,59.0,71.0,inferred
East Northamptonshire,2021-08-10,19.0,25.0,30.0,32.0,33.7,36.0,39.0,42.0,46.0,48.0,50.0,56.1,67.0,inferred
East Northamptonshire,2021-08-11,20.5,26.0,31.0,33.0,34.0,37.0,41.0,44.0,48.0,49.0,52.0,58.0,69.5,inferred
East Northamptonshire,2021-08-12,20.0,27.0,31.0,33.0,35.0,38.0,41.0,45.0,49.0,51.0,53.0,60.0,73.0,inferred
East Northamptonshire,2021-08-13,18.5,24.0,29.0,30.0,32.0,35.0,38.0,41.0,45.0,47.0,50.0,56.0,67.0,inferred
East Northamptonshire,2021-08-14,14.0,20.9,25.0,26.0,28.0,31.0,34.0,37.0,40.0,42.0,45.0,51.0,61.0,inferred
East Northamptonshire,2021-08-15,18.0,23.0,27.0,29.0,31.0,34.0,37.0,40.0,43.0,46.0,48.0,54.0,67.0,inferred
East Northamptonshire,2021-08-16,28.0,35.0,40.0,42.0,44.0,47.0,51.5,55.0,59.3,62.0,65.0,72.0,85.0,inferred
East Northamptonshire,2021-08-17,26.5,34.0,39.0,42.0,43.0,47.0,50.0,53.0,57.0,59.0,62.0,70.0,81.0,inferred
East Northamptonshire,2021-08-18,27.0,34.0,38.0,40.0,42.0,46.0,50.0,53.0,57.0,58.0,61.0,68.0,79.0,inferred
East Northamptonshire,2021-08-19,24.0,31.0,35.0,38.0,40.0,43.0,46.0,50.0,54.0,56.0,59.0,66.0,76.0,inferred
East Northamptonshire,2021-08-20,21.0,26.0,30.0,33.0,34.0,38.0,41.0,45.0,48.0,50.0,53.0,60.0,71.0,inferred
East Northamptonshire,2021-08-21,15.0,21.0,25.0,27.0,28.0,31.0,34.0,37.0,41.0,42.0,45.0,50.0,59.0,inferred
East Northamptonshire,2021-08-22,16.0,22.9,27.0,29.0,30.0,33.0,36.0,39.0,42.3,44.0,47.0,53.0,64.0,inferred
East Northamptonshire,2021-08-23,24.0,32.0,37.0,39.0,41.0,44.0,48.0,51.0,55.0,58.0,60.0,68.0,81.0,inferred
East Northamptonshire,2021-08-24,22.0,29.0,34.0,36.0,38.0,42.0,45.0,48.0,52.0,55.0,57.0,64.0,76.0,inferred
East Northamptonshire,2021-08-25,22.0,29.0,34.0,35.0,37.0,41.0,45.0,48.0,51.0,53.0,56.0,62.0,74.0,inferred
East Northamptonshire,2021-08-26,21.0,29.0,33.0,34.0,36.0,39.0,42.0,45.0,49.0,51.0,53.0,60.0,72.0,inferred
East Northamptonshire,2021-08-27,18.0,24.0,28.0,30.0,31.0,34.0,37.0,41.0,44.0,47.0,49.0,56.0,66.0,inferred
East Northamptonshire,2021-08-28,14.0,19.0,23.0,25.0,27.0,29.0,32.0,35.0,38.0,41.0,43.0,49.0,58.0,inferred
East Northamptonshire,2021-08-29,15.0,21.0,24.0,26.8,28.0,31.0,34.0,37.0,40.0,42.0,44.0,49.0,59.0,inferred
East Northamptonshire,2021-08-30,23.0,30.0,35.0,37.0,39.0,42.0,45.0,49.0,53.0,55.0,58.0,64.0,76.0,inferred
East Northamptonshire,2021-08-31,23.0,29.0,34.0,36.0,37.0,41.0,44.0,47.0,51.0,53.0,56.0,63.0,75.5,inferred
East Northamptonshire,2021-09-01,21.0,28.0,34.0,36.0,37.0,40.0,43.0,46.0,50.0,53.0,56.0,62.0,74.0,inferred
East Northamptonshire,2021-09-02,22.0,28.0,33.0,35.0,37.0,40.0,43.0,47.0,50.0,53.0,55.0,61.0,71.0,inferred
East Northamptonshire,2021-09-03,18.0,24.0,29.0,31.0,32.0,35.0,38.0,41.0,45.0,46.2,49.0,55.1,66.5,inferred
East Northamptonshire,2021-09-04,15.0,20.0,24.0,25.0,27.0,29.0,32.0,35.0,38.3,40.0,42.0,49.0,59.0,inferred
East Northamptonshire,2021-09-05,16.0,21.0,25.0,27.0,28.0,32.0,35.0,37.0,40.0,43.0,45.0,52.0,63.0,inferred
East Northamptonshire,2021-09-06,24.0,31.0,36.0,39.0,41.0,44.0,47.0,50.0,54.0,56.0,58.0,66.0,77.0,inferred
East Northamptonshire,2021-09-07,21.0,29.0,34.0,36.0,38.0,41.0,44.0,47.0,50.0,53.0,56.0,62.0,73.0,inferred
East Northamptonshire,2021-09-08,21.5,29.0,33.0,35.0,36.0,40.0,42.0,46.0,49.3,52.0,55.0,62.0,74.0,inferred
East Northamptonshire,2021-09-09,20.0,25.0,30.0,32.0,34.0,37.0,41.0,44.0,47.0,49.0,52.0,59.0,69.5,inferred
East Northamptonshire,2021-09-10,17.0,22.0,26.0,28.0,29.0,32.0,35.0,38.0,41.0,43.0,45.0,51.0,63.0,inferred
East Northamptonshire,2021-09-11,12.0,17.0,21.0,23.0,24.0,27.0,29.0,32.0,35.0,37.0,39.0,45.0,54.0,inferred
East Northamptonshire,2021-09-12,13.0,18.0,22.0,23.0,24.0,27.0,30.0,33.0,36.0,38.0,40.0,45.0,55.0,inferred
East Northamptonshire,2021-09-13,20.0,26.0,30.0,33.0,34.0,38.0,41.0,44.0,48.0,50.0,53.0,59.0,69.0,inferred
East Northamptonshire,2021-09-14,20.0,25.0,29.0,31.0,32.7,36.0,39.0,42.0,46.0,47.0,50.0,57.0,66.0,inferred
East Northamptonshire,2021-09-15,20.0,27.0,31.0,33.0,35.0,38.0,41.0,44.0,48.0,50.0,52.0,60.0,71.0,inferred
East Northamptonshire,2021-09-16,22.0,28.0,33.0,35.0,36.0,40.0,42.0,46.0,50.0,52.0,55.0,61.0,71.0,inferred
East Northamptonshire,2021-09-17,19.0,25.0,30.0,32.0,34.0,37.0,40.0,44.0,47.0,50.0,52.0,58.0,69.0,inferred
East Northamptonshire,2021-09-18,17.0,23.0,27.0,29.0,31.0,34.0,37.0,41.0,44.0,45.2,48.0,55.0,65.0,inferred
East Northamptonshire,2021-09-19,20.0,27.0,31.0,33.0,34.0,37.6,41.0,45.0,48.0,51.0,53.0,60.0,71.5,inferred
East Northamptonshire,2021-09-20,33.0,42.0,47.0,50.0,52.0,55.0,59.0,63.0,67.3,70.0,73.0,81.0,94.0,inferred
East Northamptonshire,2021-09-21,32.0,39.0,45.0,48.0,50.0,55.0,58.0,62.0,66.0,69.0,72.0,78.1,92.0,inferred
East Northamptonshire,2021-09-22,32.0,41.0,47.0,49.0,51.0,55.0,59.0,63.0,68.0,70.0,72.0,80.0,96.0,inferred
East Northamptonshire,2021-09-23,31.0,40.0,45.0,47.0,50.0,54.0,58.0,62.0,66.0,68.0,71.0,78.0,91.0,inferred
East Northamptonshire,2021-09-24,30.0,36.0,42.0,44.0,46.0,49.0,53.0,57.0,61.0,63.0,66.0,73.0,84.0,inferred
East Northamptonshire,2021-09-25,24.0,30.0,35.0,37.0,39.0,42.0,45.0,49.0,53.0,55.0,58.0,64.0,76.0,inferred
East Northamptonshire,2021-09-26,27.0,35.0,40.0,41.0,43.0,47.0,50.0,54.0,58.0,60.0,63.0,70.0,81.5,inferred
East Northamptonshire,2021-09-27,42.0,49.0,56.0,59.0,61.0,66.0,70.0,74.0,79.0,81.0,85.0,94.0,108.0,inferred
East Northamptonshire,2021-09-28,39.0,48.0,54.0,57.0,59.0,64.0,67.0,72.0,76.0,78.0,81.0,92.0,108.0,inferred
East Northamptonshire,2021-09-29,40.5,50.0,57.0,59.0,62.0,66.0,71.0,75.0,79.0,82.0,85.0,94.0,109.0,inferred
East Northamptonshire,2021-09-30,43.0,52.0,59.0,61.0,63.0,68.0,72.0,76.0,81.0,84.0,87.0,95.0,108.0,inferred
East Northamptonshire,2021-10-01,39.0,49.0,56.0,58.0,61.0,65.0,69.0,73.0,78.0,80.0,83.0,92.0,105.5,inferred
East Northamptonshire,2021-10-02,35.0,43.0,49.0,51.0,53.0,57.0,61.0,65.0,69.0,71.0,74.0,84.0,101.0,inferred
East Northamptonshire,2021-10-03,40.0,47.0,54.0,56.0,58.0,62.0,66.0,70.0,75.0,78.0,81.0,88.0,103.0,inferred
East Northamptonshire,2021-10-04,61.0,72.0,78.0,81.0,84.0,90.0,95.0,100.0,105.0,109.0,113.0,122.0,138.0,inferred
East Northamptonshire,2021-10-05,60.0,70.0,78.0,81.0,84.0,89.0,94.0,99.0,105.0,108.0,111.0,122.0,138.0,inferred
East Northamptonshire,2021-10-06,62.0,73.0,80.0,84.0,86.0,91.0,97.0,101.0,107.0,110.0,113.0,123.0,139.0,inferred
East Northamptonshire,2021-10-07,61.0,71.0,79.0,81.0,84.0,89.0,94.0,98.0,104.0,106.2,110.0,121.0,137.0,inferred
East Northamptonshire,2021-10-08,54.0,65.0,72.0,76.0,79.0,84.0,89.0,93.0,98.0,101.2,105.0,114.1,130.0,inferred
East Northamptonshire,2021-10-09,45.0,56.0,62.0,65.0,67.0,72.0,77.0,81.0,86.0,89.0,92.0,101.0,115.5,inferred
East Northamptonshire,2021-10-10,51.0,62.0,69.0,72.0,74.0,79.0,82.0,87.0,92.0,94.2,98.0,108.0,124.0,inferred
East Northamptonshire,2021-10-11,76.0,88.9,97.0,101.0,104.0,110.0,115.0,121.0,126.0,129.0,133.0,144.0,161.5,inferred
East Northamptonshire,2021-10-12,72.0,84.0,92.0,95.0,99.0,104.0,109.0,115.0,121.0,124.0,128.0,137.0,155.0,inferred
East Northamptonshire,2021-10-13,68.0,80.0,89.0,92.0,95.0,100.0,106.0,111.0,117.0,120.0,124.0,133.0,152.0,inferred
East Northamptonshire,2021-10-14,65.0,75.0,83.0,86.0,88.0,94.0,99.0,104.0,110.0,113.0,117.0,128.0,144.0,inferred
East Northamptonshire,2021-10-15,52.5,63.9,71.0,74.0,77.0,82.0,86.0,91.0,97.0,100.0,104.0,114.0,129.0,inferred
East Renfrewshire,2021-07-03,438.9,564.0,639.8,681.5,718.7,779.0,841.5,907.0,981.0,1017.2,1060.2,1189.1,1413.0,inferred
East Renfrewshire,2021-07-04,402.0,505.0,581.0,612.8,646.0,705.0,770.0,829.4,905.3,950.2,993.2,1127.1,1327.1,inferred
East Renfrewshire,2021-07-05,292.0,408.0,485.8,510.8,540.0,595.6,651.0,704.0,762.3,802.2,849.0,958.2,1160.6,inferred
East Renfrewshire,2021-07-06,345.0,443.0,513.0,547.0,580.0,639.6,693.0,748.0,816.3,859.2,901.4,1015.2,1231.5,inferred
East Renfrewshire,2021-07-07,379.0,502.8,595.0,633.0,665.7,726.6,783.0,841.4,926.3,967.2,1004.4,1133.1,1332.2,inferred
East Renfrewshire,2021-07-08,297.5,388.0,461.8,493.0,522.0,578.0,629.0,686.0,750.6,786.0,823.0,936.1,1136.0,inferred
East Renfrewshire,2021-07-09,303.4,390.0,475.8,507.0,531.0,587.0,643.0,696.0,754.2,790.5,837.2,957.1,1186.6,inferred
East Renfrewshire,2021-07-10,340.5,442.0,531.8,559.0,594.0,657.0,719.0,777.4,843.0,881.0,928.0,1061.1,1301.5,inferred
East Renfrewshire,2021-07-11,304.4,410.8,479.8,510.0,541.0,600.0,661.5,713.0,793.0,824.2,865.2,989.2,1206.1,inferred
East Renfrewshire,2021-07-12,222.0,311.0,374.0,399.8,425.7,472.6,518.5,572.0,643.0,685.0,734.0,853.0,1042.1,inferred
East Renfrewshire,2021-07-13,232.5,318.0,384.0,415.0,443.0,496.0,541.0,595.0,661.0,699.2,736.2,853.2,1051.5,inferred
East Renfrewshire,2021-07-14,267.5,356.9,425.0,454.0,485.7,533.0,586.5,649.0,713.3,754.0,794.0,903.0,1137.1,inferred
East Renfrewshire,2021-07-15,185.5,261.0,324.8,348.0,377.7,422.0,465.0,513.0,567.3,607.0,655.0,753.1,919.0,inferred
East Renfrewshire,2021-07-16,176.5,257.0,315.0,342.0,367.0,419.0,465.0,511.0,567.0,596.0,638.0,746.0,955.7,inferred
East Renfrewshire,2021-07-17,212.5,297.0,358.0,382.8,411.0,457.6,506.0,558.0,608.0,642.0,679.0,786.0,970.5,inferred
East Renfrewshire,2021-07-18,158.5,246.0,309.8,332.8,356.0,399.0,443.0,490.4,550.0,579.0,615.4,728.2,923.0,inferred
East Renfrewshire,2021-07-19,119.0,175.0,220.8,242.0,268.0,308.0,352.5,395.0,442.0,472.0,506.0,606.2,771.0,inferred
East Renfrewshire,2021-07-20,107.0,177.0,226.0,246.0,268.0,310.0,352.0,397.0,442.0,475.2,509.4,605.0,796.0,inferred
East Renfrewshire,2021-07-21,129.5,190.9,246.8,270.0,295.7,336.6,372.0,416.4,469.3,503.0,536.0,631.1,812.0,inferred
East Renfrewshire,2021-07-22,78.0,133.0,175.0,197.0,213.0,251.0,289.5,330.4,377.0,400.5,432.0,516.0,705.6,inferred
East Renfrewshire,2021-07-23,82.0,131.0,171.0,189.0,207.7,239.0,279.0,317.4,359.0,384.2,416.2,504.0,671.5,inferred
East Renfrewshire,2021-07-24,85.0,143.9,183.0,201.0,218.0,256.0,293.5,328.0,372.0,396.0,431.0,526.0,688.5,inferred
East Renfrewshire,2021-07-25,66.5,117.9,155.0,174.0,189.0,224.6,258.5,293.0,332.0,356.0,387.0,469.1,625.5,inferred
East Renfrewshire,2021-07-26,42.0,78.0,112.0,126.0,140.0,166.6,197.5,232.0,277.0,299.0,329.4,398.1,557.7,inferred
East Renfrewshire,2021-07-27,47.5,82.0,116.0,132.0,146.0,178.0,207.5,237.0,270.0,294.0,324.0,401.0,557.5,inferred
East Renfrewshire,2021-07-28,62.5,103.9,142.0,160.8,176.0,206.0,239.0,274.0,310.0,332.2,359.2,440.2,582.6,inferred
East Renfrewshire,2021-07-29,41.5,75.0,108.0,121.8,134.0,160.0,188.0,220.0,255.0,273.0,300.0,378.0,526.1,inferred
East Renfrewshire,2021-07-30,45.0,81.0,113.0,126.0,141.0,169.0,199.5,233.0,271.3,292.0,320.2,408.1,538.5,inferred
East Renfrewshire,2021-07-31,54.0,101.9,140.0,157.8,171.0,203.0,231.0,266.0,309.0,334.2,361.0,443.0,568.7,inferred
East Renfrewshire,2021-08-01,46.0,85.0,121.0,134.0,153.0,185.6,218.0,251.0,294.0,313.2,341.0,418.0,577.0,inferred
East Renfrewshire,2021-08-02,30.5,62.9,94.0,109.0,123.0,147.6,173.0,202.0,236.3,253.2,284.2,370.0,505.5,inferred
East Renfrewshire,2021-08-03,43.0,77.0,110.8,126.0,140.0,168.6,200.0,235.0,277.0,301.2,325.0,402.1,557.0,inferred
East Renfrewshire,2021-08-04,66.0,105.0,141.0,157.0,172.0,204.0,237.0,276.0,315.0,335.0,361.2,446.1,605.5,inferred
East Renfrewshire,2021-08-05,51.0,87.0,117.0,133.8,151.0,181.6,215.0,245.0,282.0,305.2,330.0,407.0,561.0,inferred
East Renfrewshire,2021-08-06,61.0,96.0,132.0,147.0,162.0,189.0,220.5,255.0,297.3,317.0,346.2,428.1,597.0,inferred
East Renfrewshire,2021-08-07,81.0,132.0,171.0,191.0,209.0,242.0,276.0,310.0,354.3,381.0,405.2,492.0,690.8,inferred
East Renfrewshire,2021-08-08,78.0,124.0,165.0,183.8,199.0,230.0,262.0,297.4,345.3,372.0,405.0,504.1,659.0,inferred
East Renfrewshire,2021-08-09,56.0,97.9,137.0,153.0,170.0,200.0,226.0,263.0,306.3,333.0,366.0,437.1,598.0,inferred
East Renfrewshire,2021-08-10,80.5,130.9,171.0,189.0,210.0,245.0,281.0,318.0,363.0,387.2,423.0,516.1,661.0,inferred
East Renfrewshire,2021-08-11,118.0,177.9,227.0,253.8,272.0,310.0,350.5,395.4,444.3,472.0,512.2,600.1,755.1,inferred
East Renfrewshire,2021-08-12,107.5,168.0,211.0,233.0,249.0,290.6,328.5,362.4,410.0,438.0,477.0,567.2,747.6,inferred
East Renfrewshire,2021-08-13,124.5,191.9,247.0,270.0,291.0,333.0,370.0,414.0,460.0,490.0,524.0,618.1,753.0,inferred
East Renfrewshire,2021-08-14,196.5,270.8,330.0,355.0,378.0,422.0,471.5,522.0,580.0,610.0,646.2,764.0,958.5,inferred
East Renfrewshire,2021-08-15,194.0,277.0,341.8,368.0,393.0,436.6,484.0,541.0,598.0,628.2,662.2,774.0,959.0,inferred
East Renfrewshire,2021-08-16,162.5,239.9,303.8,327.0,351.0,393.0,441.0,491.4,545.3,583.0,615.4,722.4,934.6,inferred
East Renfrewshire,2021-08-17,229.4,313.0,381.8,405.8,434.0,493.0,543.5,596.0,656.0,683.2,727.0,835.3,1053.6,inferred
East Renfrewshire,2021-08-18,341.0,447.9,531.6,562.0,589.4,648.6,705.0,769.0,844.0,883.2,935.2,1070.0,1302.6,inferred
East Renfrewshire,2021-08-19,318.5,434.8,506.8,544.8,578.7,634.6,694.0,750.0,813.3,845.2,890.0,1007.1,1231.8,inferred
East Renfrewshire,2021-08-20,406.9,521.9,609.0,642.0,679.0,743.0,817.0,876.0,946.3,978.2,1031.0,1161.0,1393.6,inferred
East Renfrewshire,2021-08-21,603.0,738.0,845.8,892.0,929.0,1000.0,1070.0,1138.0,1219.3,1270.0,1333.2,1483.3,1803.0,inferred
East Renfrewshire,2021-08-22,648.8,801.8,903.8,948.0,989.7,1066.0,1132.5,1204.4,1287.3,1341.2,1398.2,1547.1,1789.0,inferred
East Renfrewshire,2021-08-23,590.0,746.0,847.8,896.8,943.0,1017.0,1089.0,1167.8,1255.3,1302.0,1355.0,1507.2,1752.6,inferred
East Renfrewshire,2021-08-24,716.4,903.0,1037.8,1085.8,1139.7,1217.6,1307.5,1393.0,1485.3,1533.0,1606.2,1774.3,2013.0,inferred
East Renfrewshire,2021-08-25,968.4,1173.0,1295.8,1344.0,1402.0,1496.0,1590.0,1680.0,1799.3,1868.0,1939.0,2098.2,2398.5,inferred
East Renfrewshire,2021-08-26,857.0,1043.9,1157.8,1208.8,1249.7,1330.0,1406.5,1494.0,1584.0,1638.2,1691.2,1845.2,2144.1,inferred
East Renfrewshire,2021-08-27,939.4,1124.7,1254.0,1313.8,1353.0,1450.2,1536.5,1619.4,1719.3,1775.0,1842.2,2016.2,2331.5,inferred
East Renfrewshire,2021-08-28,1254.4,1447.9,1585.8,1646.8,1704.7,1803.0,1905.0,2011.0,2124.3,2179.8,2266.2,2441.1,2721.0,inferred
East Renfrewshire,2021-08-29,1161.0,1398.7,1545.0,1615.0,1678.1,1784.0,1880.5,1971.4,2070.3,2132.0,2202.4,2379.8,2720.0,inferred
East Renfrewshire,2021-08-30,1060.5,1259.0,1395.0,1461.0,1512.7,1612.6,1698.0,1806.0,1908.9,1971.0,2033.4,2203.0,2541.2,inferred
East Renfrewshire,2021-08-31,1183.4,1378.8,1529.0,1599.5,1660.0,1766.6,1864.0,1961.0,2067.3,2121.0,2193.2,2387.0,2710.2,inferred
East Renfrewshire,2021-09-01,1374.4,1620.9,1763.8,1842.5,1909.7,2027.8,2120.0,2238.0,2362.3,2433.0,2511.2,2708.3,2992.6,inferred
East Renfrewshire,2021-09-02,1130.5,1312.7,1443.6,1506.0,1556.0,1651.6,1743.0,1845.4,1949.0,2011.2,2087.2,2292.0,2562.3,inferred
East Renfrewshire,2021-09-03,1115.0,1320.9,1449.8,1496.0,1540.7,1646.0,1732.0,1846.0,1957.0,2019.0,2089.2,2286.2,2571.4,inferred
East Renfrewshire,2021-09-04,1339.8,1541.9,1696.4,1741.8,1796.4,1900.0,1992.5,2103.4,2226.0,2289.2,2363.4,2579.1,2916.1,inferred
East Renfrewshire,2021-09-05,1195.4,1407.7,1540.0,1591.8,1646.0,1752.0,1839.5,1941.8,2059.0,2111.0,2184.2,2362.2,2692.0,inferred
East Renfrewshire,2021-09-06,969.5,1152.9,1264.4,1310.5,1360.0,1453.6,1550.5,1631.0,1730.0,1775.2,1860.2,2041.1,2404.0,inferred
East Renfrewshire,2021-09-07,962.9,1145.9,1284.8,1347.8,1385.0,1468.6,1556.0,1649.4,1756.3,1803.2,1865.0,2051.1,2338.3,inferred
East Renfrewshire,2021-09-08,969.2,1155.7,1306.0,1354.0,1411.7,1508.6,1603.0,1707.0,1807.0,1869.2,1931.0,2087.1,2498.6,inferred
East Renfrewshire,2021-09-09,665.5,811.9,941.0,980.8,1021.7,1100.0,1182.0,1262.0,1355.3,1405.0,1472.2,1656.0,1952.5,inferred
East Renfrewshire,2021-09-10,630.0,752.9,847.0,889.8,930.7,1012.6,1085.0,1150.4,1232.3,1272.0,1319.0,1448.1,1755.5,inferred
East Renfrewshire,2021-09-11,604.5,752.8,856.0,902.8,947.0,1029.0,1102.0,1174.4,1256.3,1311.0,1373.2,1530.1,1786.5,inferred
East Renfrewshire,2021-09-12,487.5,616.0,707.0,745.0,782.0,852.6,914.0,977.4,1055.0,1095.2,1146.0,1297.2,1510.1,inferred
East Renfrewshire,2021-09-13,318.4,418.0,497.8,531.0,563.4,612.0,674.0,724.4,785.3,825.0,874.2,998.3,1228.7,inferred
East Renfrewshire,2021-09-14,290.0,399.0,486.0,513.0,540.0,602.6,656.0,713.0,771.3,810.2,866.4,992.0,1190.6,inferred
East Renfrewshire,2021-09-15,327.5,442.0,524.0,556.8,589.0,648.6,712.5,768.0,838.0,877.2,923.0,1056.0,1277.8,inferred
East Renfrewshire,2021-09-16,254.0,338.9,394.0,427.5,453.0,504.0,555.0,613.0,676.3,710.2,746.0,853.1,1049.0,inferred
East Renfrewshire,2021-09-17,231.4,315.0,388.8,414.0,443.7,490.6,536.0,584.0,649.3,692.0,729.2,835.2,1047.6,inferred
East Renfrewshire,2021-09-18,257.5,353.9,425.0,456.0,479.7,532.0,591.5,658.0,723.0,759.2,802.0,922.1,1137.5,inferred
East Renfrewshire,2021-09-19,204.0,294.0,363.0,393.0,422.0,470.6,523.0,573.8,633.0,669.5,717.2,843.1,1043.6,inferred
East Renfrewshire,2021-09-20,148.5,217.9,278.6,302.8,334.0,377.6,427.5,473.4,522.0,551.2,590.2,704.0,882.0,inferred
East Renfrewshire,2021-09-21,184.9,251.8,306.0,326.0,350.7,401.0,444.0,492.0,542.3,581.0,616.0,738.1,923.7,inferred
East Renfrewshire,2021-09-22,218.5,308.0,376.0,403.0,427.0,480.0,533.0,584.8,649.6,686.2,725.0,836.0,1031.0,inferred
East Renfrewshire,2021-09-23,184.5,264.0,329.0,357.0,375.7,424.0,471.0,519.4,573.0,604.0,647.2,741.1,925.6,inferred
East Renfrewshire,2021-09-24,200.9,281.0,349.8,377.0,406.0,453.6,499.5,552.0,607.3,643.2,679.0,791.1,942.0,inferred
East Renfrewshire,2021-09-25,267.5,366.0,444.8,474.8,500.0,549.0,590.0,648.0,714.0,749.0,790.2,906.2,1123.1,inferred
East Renfrewshire,2021-09-26,245.3,344.9,419.0,446.8,478.0,535.6,593.0,647.4,711.0,747.0,791.0,913.0,1097.0,inferred
East Renfrewshire,2021-09-27,208.4,292.9,363.6,388.0,411.7,459.0,507.0,553.0,615.3,646.0,677.2,790.1,996.6,inferred
East Renfrewshire,2021-09-28,239.5,321.8,388.8,416.0,452.0,501.0,552.5,606.0,667.0,710.0,743.4,861.0,1060.5,inferred
East Renfrewshire,2021-09-29,268.5,378.9,457.8,492.8,528.7,585.0,639.0,692.0,752.0,790.2,832.0,951.1,1172.1,inferred
East Renfrewshire,2021-09-30,214.5,294.9,362.8,391.8,416.0,468.0,513.5,561.0,621.3,661.0,700.2,822.2,997.6,inferred
East Renfrewshire,2021-10-01,219.0,309.9,378.0,408.0,434.0,489.0,540.5,589.0,652.3,685.0,723.0,833.0,1032.7,inferred
East Renfrewshire,2021-10-02,255.0,352.0,430.0,469.8,493.0,551.0,601.0,666.0,722.3,755.2,803.2,923.2,1180.1,inferred
East Renfrewshire,2021-10-03,255.5,334.9,400.8,427.0,457.7,511.0,560.0,614.0,686.0,717.2,766.0,880.3,1079.0,inferred
East Renfrewshire,2021-10-04,183.9,259.0,321.0,348.0,374.0,420.0,461.5,520.0,581.0,618.0,655.2,770.1,929.5,inferred
East Renfrewshire,2021-10-05,196.5,285.9,343.0,368.0,396.7,443.6,491.0,541.8,604.3,636.2,675.2,791.2,973.0,inferred
East Renfrewshire,2021-10-06,231.9,325.8,401.0,444.5,475.0,527.6,577.0,625.0,691.0,725.0,771.0,891.2,1096.0,inferred
East Renfrewshire,2021-10-07,182.0,256.9,324.8,349.8,374.0,419.0,471.0,523.0,574.3,614.0,652.0,752.1,931.1,inferred
East Renfrewshire,2021-10-08,190.9,278.0,344.0,372.0,392.0,439.0,484.0,534.8,599.0,639.0,675.2,771.1,964.5,inferred
East Renfrewshire,2021-10-09,230.0,318.9,392.8,424.0,449.7,501.0,557.0,611.0,673.0,715.0,765.0,877.3,1077.0,inferred
East Renfrewshire,2021-10-10,195.9,288.0,348.0,378.8,405.0,453.0,505.0,556.0,615.0,649.0,690.4,806.0,988.5,inferred
East Renfrewshire,2021-10-11,149.4,228.8,282.0,304.0,331.0,384.0,429.5,474.0,529.3,555.0,595.0,707.4,873.0,inferred
East Renfrewshire,2021-10-12,155.9,247.0,306.8,337.0,362.7,406.6,453.0,505.0,560.3,597.0,633.0,741.0,907.1,inferred
East Renfrewshire,2021-10-13,214.0,298.0,363.8,391.8,417.7,470.2,529.0,585.0,654.0,692.0,734.0,845.0,1058.6,inferred
East Renfrewshire,2021-10-14,157.5,233.9,301.0,329.8,349.0,400.0,448.0,497.0,555.3,592.0,626.2,736.0,899.5,inferred
East Renfrewshire,2021-10-15,162.9,244.0,298.8,332.0,359.0,405.0,448.0,500.0,558.0,598.0,637.0,763.1,974.8,inferred
East Riding of Yorkshire,2021-07-03,54.0,68.0,76.0,79.8,82.0,88.0,94.0,101.0,107.0,111.0,115.0,128.0,152.0,inferred
East Riding of Yorkshire,2021-07-04,72.0,85.0,94.0,97.0,100.0,108.0,114.0,120.0,128.0,131.0,135.0,148.0,168.0,inferred
East Riding of Yorkshire,2021-07-05,127.0,143.0,153.0,157.0,161.0,169.0,177.0,185.0,193.0,196.0,202.2,217.0,240.0,inferred
East Riding of Yorkshire,2021-07-06,132.0,150.0,161.0,166.0,170.0,177.0,184.0,191.0,198.3,203.0,207.0,222.0,245.0,inferred
East Riding of Yorkshire,2021-07-07,149.5,168.0,179.0,183.0,187.0,195.0,203.0,209.0,217.0,222.0,227.0,241.0,259.0,inferred
East Riding of Yorkshire,2021-07-08,159.0,175.0,187.0,191.0,197.0,204.0,211.5,219.0,227.0,231.0,235.0,250.0,273.0,inferred
East Riding of Yorkshire,2021-07-09,157.5,178.0,192.0,197.0,201.0,210.0,217.0,224.0,231.0,235.0,242.0,255.0,277.5,inferred
East Riding of Yorkshire,2021-07-10,147.0,164.0,177.0,181.0,185.0,191.0,199.0,206.0,214.0,218.0,223.0,238.0,259.5,inferred
East Riding of Yorkshire,2021-07-11,172.5,195.9,208.0,213.0,216.0,225.0,234.0,242.0,250.0,254.0,260.0,275.0,295.5,inferred
East Riding of Yorkshire,2021-07-12,274.0,301.0,319.0,326.0,333.0,344.0,353.0,363.0,373.0,380.0,386.0,404.1,432.0,inferred
East Riding of Yorkshire,2021-07-13,272.0,296.9,311.0,318.0,324.0,334.0,342.0,353.0,364.0,371.0,377.0,394.0,421.0,inferred
East Riding of Yorkshire,2021-07-14,269.0,290.0,304.0,311.0,317.0,326.6,337.0,348.0,359.0,364.0,370.0,388.0,420.0,inferred
East Riding of Yorkshire,2021-07-15,243.0,267.0,283.0,289.0,293.0,303.0,313.0,321.0,330.0,337.0,342.0,360.0,388.0,inferred
East Riding of Yorkshire,2021-07-16,216.0,237.0,251.0,255.0,260.0,270.0,277.0,286.0,296.0,301.0,307.0,321.0,349.0,inferred
East Riding of Yorkshire,2021-07-17,166.5,189.0,201.0,204.0,209.0,217.0,225.0,232.0,240.0,243.0,248.0,262.0,285.5,inferred
East Riding of Yorkshire,2021-07-18,176.0,192.0,205.0,210.0,214.0,222.0,230.0,238.0,246.0,250.0,255.0,269.0,293.0,inferred
East Riding of Yorkshire,2021-07-19,240.0,261.0,277.0,282.0,288.0,299.0,308.0,317.0,327.0,331.2,338.0,355.0,381.0,inferred
East Riding of Yorkshire,2021-07-20,208.0,230.9,245.0,250.0,255.0,262.0,270.0,279.0,290.0,295.0,301.0,316.0,343.5,inferred
East Riding of Yorkshire,2021-07-21,190.5,214.0,227.0,232.0,237.0,246.0,252.0,261.0,269.0,274.0,280.0,294.0,315.5,inferred
East Riding of Yorkshire,2021-07-22,167.0,183.0,195.0,199.0,204.7,213.0,221.0,228.0,238.0,243.0,248.0,262.0,284.0,inferred
East Riding of Yorkshire,2021-07-23,138.0,153.0,163.0,168.0,171.0,177.0,185.0,193.0,201.3,205.0,210.0,223.0,245.0,inferred
East Riding of Yorkshire,2021-07-24,98.0,113.9,123.0,127.0,131.0,137.0,143.0,150.0,156.0,161.0,164.0,176.0,195.5,inferred
East Riding of Yorkshire,2021-07-25,96.0,110.0,120.0,124.0,128.0,134.0,141.0,147.0,154.0,157.0,161.0,174.0,188.5,inferred
East Riding of Yorkshire,2021-07-26,129.5,144.0,157.0,161.0,165.0,171.0,178.0,185.0,193.0,198.0,204.0,218.0,238.5,inferred
East Riding of Yorkshire,2021-07-27,117.5,132.0,143.0,147.0,151.0,158.0,164.0,171.0,178.0,181.0,186.0,199.0,219.5,inferred
East Riding of Yorkshire,2021-07-28,117.0,134.0,145.0,149.0,152.0,159.0,165.0,172.0,180.0,184.0,189.0,202.1,225.5,inferred
East Riding of Yorkshire,2021-07-29,117.0,132.0,142.0,146.0,149.0,156.0,162.0,169.0,175.0,179.0,184.0,198.0,216.0,inferred
East Riding of Yorkshire,2021-07-30,106.0,123.0,132.0,137.0,141.0,147.0,153.0,159.0,166.0,170.0,175.0,185.0,204.0,inferred
East Riding of Yorkshire,2021-07-31,89.0,103.0,112.0,115.0,119.0,125.0,130.0,136.0,142.0,145.0,149.0,161.0,178.5,inferred
East Riding of Yorkshire,2021-08-01,97.0,111.0,120.0,123.0,126.0,134.0,139.0,146.0,153.0,156.0,160.0,170.0,190.0,inferred
East Riding of Yorkshire,2021-08-02,143.5,162.0,176.0,180.0,184.0,191.6,199.0,207.4,215.0,220.0,226.0,239.0,260.0,inferred
East Riding of Yorkshire,2021-08-03,137.0,156.0,167.0,171.0,175.0,183.0,189.5,197.0,205.3,209.2,215.0,228.0,250.0,inferred
East Riding of Yorkshire,2021-08-04,139.5,157.0,169.0,173.0,177.0,185.0,191.0,199.0,206.0,211.0,216.0,229.0,251.5,inferred
East Riding of Yorkshire,2021-08-05,134.5,152.0,162.0,166.0,170.0,178.0,184.0,191.0,197.0,202.0,207.0,219.1,241.0,inferred
East Riding of Yorkshire,2021-08-06,123.0,139.0,151.0,155.0,158.0,165.0,171.0,177.0,184.0,189.0,193.0,204.0,225.0,inferred
East Riding of Yorkshire,2021-08-07,99.5,114.0,123.0,127.0,130.0,137.0,143.0,149.0,156.0,160.0,165.0,178.0,197.0,inferred
East Riding of Yorkshire,2021-08-08,108.0,122.0,132.0,136.0,139.0,147.0,153.0,160.0,168.0,171.0,175.2,186.0,205.5,inferred
East Riding of Yorkshire,2021-08-09,160.5,177.0,188.8,193.0,198.0,205.0,213.0,221.0,229.0,233.2,239.0,252.0,276.0,inferred
East Riding of Yorkshire,2021-08-10,150.0,165.9,177.0,182.0,186.0,194.0,201.0,208.0,216.3,221.0,227.0,241.1,264.0,inferred
East Riding of Yorkshire,2021-08-11,150.0,167.0,180.0,185.0,189.0,197.0,204.0,211.0,220.0,225.0,230.0,244.0,267.5,inferred
East Riding of Yorkshire,2021-08-12,147.0,162.0,173.0,178.0,181.0,189.0,196.0,203.0,210.0,215.0,219.0,233.0,255.0,inferred
East Riding of Yorkshire,2021-08-13,133.0,149.0,160.0,164.0,167.0,174.0,181.0,187.4,196.0,201.0,206.0,218.0,241.0,inferred
East Riding of Yorkshire,2021-08-14,107.0,121.0,132.0,136.0,139.0,146.0,152.0,159.0,166.0,170.0,173.0,183.0,203.0,inferred
East Riding of Yorkshire,2021-08-15,117.5,130.0,140.0,144.0,148.0,155.0,161.0,167.0,174.0,179.0,183.0,195.0,221.5,inferred
East Riding of Yorkshire,2021-08-16,172.5,189.0,200.0,204.0,208.0,216.0,224.0,233.0,242.0,245.0,252.0,267.0,288.5,inferred
East Riding of Yorkshire,2021-08-17,156.0,174.9,187.0,191.0,195.0,202.0,210.0,217.4,227.0,231.0,237.0,250.1,276.5,inferred
East Riding of Yorkshire,2021-08-18,157.0,176.0,186.0,192.0,195.0,203.0,210.0,217.0,226.0,231.0,236.0,248.0,275.5,inferred
East Riding of Yorkshire,2021-08-19,147.0,164.0,176.0,180.0,184.0,192.0,200.0,207.0,216.0,219.0,224.0,237.0,259.5,inferred
East Riding of Yorkshire,2021-08-20,132.5,149.0,159.0,164.0,167.0,174.0,182.0,189.0,196.0,200.0,205.0,218.0,237.0,inferred
East Riding of Yorkshire,2021-08-21,105.5,121.0,129.0,134.0,137.0,143.6,150.0,157.0,164.0,168.0,172.0,182.1,201.5,inferred
East Riding of Yorkshire,2021-08-22,113.0,126.0,137.0,141.0,145.0,151.0,157.0,163.0,171.0,174.0,178.0,190.0,208.0,inferred
East Riding of Yorkshire,2021-08-23,162.0,178.0,189.0,195.0,199.0,207.0,215.0,223.0,231.0,237.0,242.0,255.0,279.0,inferred
East Riding of Yorkshire,2021-08-24,150.5,166.0,179.8,184.0,189.0,196.0,203.0,210.0,218.0,223.0,229.0,243.0,266.5,inferred
East Riding of Yorkshire,2021-08-25,154.0,173.0,183.0,187.0,191.0,199.0,207.0,214.0,222.0,227.0,231.2,245.0,269.0,inferred
East Riding of Yorkshire,2021-08-26,151.0,167.9,179.0,183.0,187.0,194.0,202.0,209.0,216.0,221.0,226.0,240.1,262.0,inferred
East Riding of Yorkshire,2021-08-27,135.0,154.0,165.0,170.0,174.0,182.0,188.0,194.0,201.0,205.0,209.0,223.0,244.0,inferred
East Riding of Yorkshire,2021-08-28,115.0,129.0,138.0,142.0,146.0,153.0,159.5,166.0,173.0,177.0,181.0,192.0,215.0,inferred
East Riding of Yorkshire,2021-08-29,123.0,140.0,151.0,156.0,159.0,166.0,172.0,178.0,185.0,189.0,194.0,205.0,226.5,inferred
East Riding of Yorkshire,2021-08-30,181.0,203.0,215.0,221.0,225.0,233.0,241.0,249.0,258.0,264.0,270.0,286.0,308.5,inferred
East Riding of Yorkshire,2021-08-31,175.0,193.0,204.0,209.0,214.0,222.0,230.0,237.0,247.0,252.0,258.0,274.0,296.0,inferred
East Riding of Yorkshire,2021-09-01,172.0,194.0,205.0,210.0,215.0,222.0,229.0,236.0,245.0,249.0,255.0,270.0,292.0,inferred
East Riding of Yorkshire,2021-09-02,166.0,182.0,193.8,198.0,203.0,212.0,219.0,227.0,237.0,241.0,246.2,260.0,283.5,inferred
East Riding of Yorkshire,2021-09-03,150.5,166.9,179.0,183.0,187.0,194.0,201.0,209.0,218.0,222.0,227.0,239.0,263.0,inferred
East Riding of Yorkshire,2021-09-04,122.5,137.0,147.0,152.0,156.0,162.0,168.0,175.0,182.0,187.0,191.0,203.0,223.0,inferred
East Riding of Yorkshire,2021-09-05,125.0,144.0,155.0,159.0,163.0,170.0,176.0,184.0,191.0,196.0,201.0,212.0,230.0,inferred
East Riding of Yorkshire,2021-09-06,185.0,204.0,216.0,221.0,226.0,235.0,244.0,252.0,261.0,266.0,270.2,285.0,311.0,inferred
East Riding of Yorkshire,2021-09-07,164.0,182.0,196.0,201.0,206.0,214.0,221.5,230.0,238.0,243.0,248.0,261.0,286.0,inferred
East Riding of Yorkshire,2021-09-08,157.0,171.0,183.0,188.0,192.0,200.6,209.0,217.0,225.0,230.0,236.0,250.0,271.0,inferred
East Riding of Yorkshire,2021-09-09,137.5,153.0,164.0,169.0,173.0,180.0,187.0,194.0,201.0,205.0,210.0,223.0,242.0,inferred
East Riding of Yorkshire,2021-09-10,115.0,129.0,140.0,144.0,147.0,154.0,160.0,167.0,175.0,180.0,184.0,195.0,214.0,inferred
East Riding of Yorkshire,2021-09-11,86.0,99.0,108.0,112.0,115.0,120.0,126.0,131.0,138.0,141.0,145.0,157.0,176.5,inferred
East Riding of Yorkshire,2021-09-12,85.0,99.0,107.8,110.0,114.0,120.0,125.0,132.0,139.0,142.0,145.0,157.0,173.0,inferred
East Riding of Yorkshire,2021-09-13,115.0,132.0,143.0,148.0,151.0,158.0,164.0,171.0,179.0,183.0,187.0,200.1,221.0,inferred
East Riding of Yorkshire,2021-09-14,105.0,121.0,130.0,135.0,139.0,146.0,153.5,160.0,167.0,171.0,174.0,187.0,208.0,inferred
East Riding of Yorkshire,2021-09-15,113.0,126.0,136.0,141.0,144.0,150.0,155.0,163.0,170.0,173.0,177.2,190.0,211.0,inferred
East Riding of Yorkshire,2021-09-16,111.5,127.0,136.0,140.0,143.0,149.0,154.0,162.0,170.0,174.0,179.0,190.1,209.0,inferred
East Riding of Yorkshire,2021-09-17,106.0,121.0,131.0,135.0,138.0,144.0,149.0,155.0,162.0,167.0,171.0,184.0,202.0,inferred
East Riding of Yorkshire,2021-09-18,92.0,103.0,112.0,115.0,118.0,124.6,130.0,135.0,143.0,146.2,151.0,162.0,182.0,inferred
East Riding of Yorkshire,2021-09-19,98.0,112.0,123.0,127.0,130.0,136.0,142.5,148.4,155.3,160.0,165.0,176.0,195.0,inferred
East Riding of Yorkshire,2021-09-20,150.0,168.0,181.0,185.0,189.0,197.0,204.0,212.0,221.0,225.0,230.0,245.0,268.0,inferred
East Riding of Yorkshire,2021-09-21,143.0,161.0,170.0,175.0,179.0,187.0,195.0,202.0,209.0,214.0,219.0,233.0,255.5,inferred
East Riding of Yorkshire,2021-09-22,141.0,160.0,172.0,176.0,181.0,188.6,196.0,203.0,210.0,214.0,220.0,231.0,254.0,inferred
East Riding of Yorkshire,2021-09-23,134.0,151.0,162.0,166.0,170.0,178.0,184.0,191.0,199.0,204.0,209.0,222.0,241.0,inferred
East Riding of Yorkshire,2021-09-24,123.5,137.0,147.0,151.8,155.0,162.0,169.0,176.0,184.0,187.0,192.0,205.0,225.0,inferred
East Riding of Yorkshire,2021-09-25,98.0,112.0,122.0,125.8,129.0,136.0,141.5,147.0,153.0,157.0,160.0,172.0,191.5,inferred
East Riding of Yorkshire,2021-09-26,105.0,118.0,128.0,132.0,136.0,142.0,148.0,154.0,161.0,165.0,170.0,183.0,199.0,inferred
East Riding of Yorkshire,2021-09-27,150.0,166.0,179.0,184.0,187.0,195.0,203.0,210.0,218.0,223.0,228.0,244.0,267.5,inferred
East Riding of Yorkshire,2021-09-28,142.0,158.0,169.8,174.0,178.0,185.0,192.0,198.0,207.0,213.0,219.0,232.1,256.5,inferred
East Riding of Yorkshire,2021-09-29,142.0,159.0,173.0,177.0,181.0,188.0,195.0,203.0,210.0,214.0,219.0,233.0,252.0,inferred
East Riding of Yorkshire,2021-09-30,140.0,155.0,165.0,169.0,173.0,180.0,187.0,194.0,201.0,206.0,211.0,225.0,245.0,inferred
East Riding of Yorkshire,2021-10-01,129.5,145.9,156.0,160.0,163.0,170.0,176.5,184.0,191.0,196.0,201.0,213.0,234.0,inferred
East Riding of Yorkshire,2021-10-02,105.0,119.0,130.0,134.0,138.0,144.0,150.0,156.0,162.0,166.0,170.0,183.1,203.0,inferred
East Riding of Yorkshire,2021-10-03,114.0,131.0,141.0,145.0,148.0,155.0,161.0,169.0,176.0,180.0,185.0,196.0,218.0,inferred
East Riding of Yorkshire,2021-10-04,166.0,188.0,202.0,206.0,210.0,219.0,227.0,235.0,244.0,249.2,255.0,270.0,293.5,inferred
East Riding of Yorkshire,2021-10-05,162.0,180.0,193.0,198.0,202.0,210.0,218.0,226.4,235.0,241.0,246.2,260.0,287.0,inferred
East Riding of Yorkshire,2021-10-06,165.0,186.0,198.0,203.0,208.0,216.0,223.0,231.0,240.0,245.0,251.0,263.0,289.5,inferred
East Riding of Yorkshire,2021-10-07,164.0,183.0,196.0,200.0,205.0,212.0,220.0,228.0,236.0,240.0,246.0,259.0,280.0,inferred
East Riding of Yorkshire,2021-10-08,153.0,169.0,182.0,187.0,191.0,199.0,205.0,211.0,219.0,225.0,230.0,244.0,269.5,inferred
East Riding of Yorkshire,2021-10-09,125.0,143.0,154.0,158.0,161.7,169.0,176.0,183.0,190.0,195.0,199.0,213.0,233.0,inferred
East Riding of Yorkshire,2021-10-10,141.0,155.9,166.0,172.0,175.0,183.0,190.0,198.0,205.0,210.0,215.0,229.0,247.0,inferred
East Riding of Yorkshire,2021-10-11,206.5,228.0,243.0,247.0,251.0,260.6,269.0,277.0,287.0,292.0,297.0,313.0,339.5,inferred
East Riding of Yorkshire,2021-10-12,195.0,213.0,228.0,233.0,238.0,246.0,255.0,263.0,273.0,279.0,285.0,300.1,328.5,inferred
East Riding of Yorkshire,2021-10-13,191.0,212.0,225.0,231.0,237.0,245.0,252.0,261.0,270.0,276.0,282.0,299.0,325.0,inferred
East Riding of Yorkshire,2021-10-14,180.0,197.0,211.0,216.0,221.0,230.0,238.0,247.0,257.0,261.0,268.0,280.0,309.5,inferred
East Riding of Yorkshire,2021-10-15,156.0,174.9,189.0,195.0,199.0,206.0,215.0,223.0,232.0,237.0,244.0,260.0,288.0,inferred
East Staffordshire,2021-07-03,23.0,28.0,31.0,33.0,34.0,37.0,39.0,41.0,44.0,45.0,47.0,52.0,60.0,inferred
East Staffordshire,2021-07-04,26.0,32.0,35.0,37.0,39.0,41.0,44.0,46.0,49.0,50.0,51.2,57.0,65.0,inferred
East Staffordshire,2021-07-05,42.0,48.0,53.0,55.0,56.0,59.0,62.0,65.0,68.0,71.0,73.0,78.0,87.0,inferred
East Staffordshire,2021-07-06,41.0,48.0,53.0,55.0,56.7,59.0,63.0,66.0,69.0,71.0,73.0,79.0,87.0,inferred
East Staffordshire,2021-07-07,44.0,51.0,56.0,58.0,60.0,63.0,65.0,68.0,71.0,73.0,75.0,82.0,91.0,inferred
East Staffordshire,2021-07-08,46.0,52.0,57.0,59.0,60.0,64.0,66.0,69.0,72.3,74.0,76.0,82.0,92.0,inferred
East Staffordshire,2021-07-09,43.0,49.0,53.0,55.0,57.0,60.0,63.0,66.0,70.0,71.0,73.2,79.0,89.0,inferred
East Staffordshire,2021-07-10,37.0,43.0,48.0,50.0,51.0,54.0,57.0,60.0,63.0,65.0,67.0,72.0,80.0,inferred
East Staffordshire,2021-07-11,43.0,50.0,55.0,57.0,58.0,61.0,64.0,67.0,70.0,72.0,74.0,80.0,88.5,inferred
East Staffordshire,2021-07-12,65.0,74.0,80.0,82.0,84.0,87.0,91.0,94.0,98.0,100.0,103.0,111.0,122.0,inferred
East Staffordshire,2021-07-13,62.0,71.0,76.0,79.0,81.0,84.0,88.0,92.0,95.0,98.0,100.0,107.0,117.0,inferred
East Staffordshire,2021-07-14,60.0,68.0,74.0,77.0,79.0,83.0,86.0,90.0,94.0,96.0,98.0,105.0,117.5,inferred
East Staffordshire,2021-07-15,56.0,64.0,70.0,72.0,74.0,77.0,80.0,84.0,87.0,89.0,92.0,98.0,110.0,inferred
East Staffordshire,2021-07-16,47.0,54.9,60.0,61.0,63.0,66.0,69.0,72.0,76.0,78.0,81.0,87.0,96.0,inferred
East Staffordshire,2021-07-17,38.0,44.0,49.0,51.0,52.0,55.0,58.0,60.0,63.0,64.0,66.0,72.0,80.0,inferred
East Staffordshire,2021-07-18,39.0,45.0,50.0,51.0,53.0,56.0,59.0,62.0,65.0,67.0,69.0,74.0,83.0,inferred
East Staffordshire,2021-07-19,53.0,60.0,66.0,68.0,70.0,73.0,77.0,80.0,84.0,86.0,88.0,94.0,103.0,inferred
East Staffordshire,2021-07-20,47.0,53.0,59.0,60.0,62.0,66.0,69.0,72.0,76.0,78.0,81.0,87.0,97.0,inferred
East Staffordshire,2021-07-21,43.0,49.0,54.0,56.0,58.0,61.0,64.0,66.0,70.0,71.2,74.0,79.0,89.0,inferred
East Staffordshire,2021-07-22,35.0,43.0,47.0,49.0,51.0,54.0,56.0,59.0,62.0,64.0,66.0,71.0,81.0,inferred
East Staffordshire,2021-07-23,29.0,35.0,39.0,40.8,42.0,45.0,47.0,50.0,52.0,54.0,55.0,60.0,68.0,inferred
East Staffordshire,2021-07-24,22.0,26.0,29.0,31.0,32.0,34.0,36.0,38.0,41.0,42.0,44.0,49.0,56.0,inferred
East Staffordshire,2021-07-25,21.0,26.0,29.0,30.0,32.0,34.0,36.0,38.0,41.0,42.0,43.0,48.0,55.0,inferred
East Staffordshire,2021-07-26,27.0,33.0,37.0,39.0,40.0,42.0,45.0,48.0,50.0,52.0,54.0,59.0,67.0,inferred
East Staffordshire,2021-07-27,25.0,30.0,34.8,36.0,37.0,39.0,41.0,44.0,47.0,48.0,50.0,55.0,64.0,inferred
East Staffordshire,2021-07-28,25.0,31.0,35.0,37.0,38.0,40.0,43.0,45.0,48.0,49.0,51.0,56.0,64.0,inferred
East Staffordshire,2021-07-29,25.0,30.0,35.0,36.0,37.0,40.0,42.0,45.0,47.0,49.0,51.0,56.0,63.0,inferred
East Staffordshire,2021-07-30,22.0,27.0,31.0,32.0,34.0,36.0,38.0,40.4,43.0,44.0,46.0,51.0,58.0,inferred
East Staffordshire,2021-07-31,19.0,23.0,27.0,28.0,29.0,31.0,34.0,36.0,38.0,40.0,41.0,46.0,53.0,inferred
East Staffordshire,2021-08-01,21.0,25.9,29.0,31.0,32.0,34.0,36.5,39.0,41.0,43.0,45.0,50.0,57.0,inferred
East Staffordshire,2021-08-02,32.0,37.0,42.0,43.0,45.0,48.0,51.0,53.0,56.0,58.0,60.0,65.0,73.0,inferred
East Staffordshire,2021-08-03,29.0,36.0,40.0,42.0,43.0,46.0,49.0,51.0,54.0,56.0,57.0,63.0,70.0,inferred
East Staffordshire,2021-08-04,30.0,35.0,40.0,42.0,43.0,46.0,48.0,51.0,54.0,56.0,58.0,62.0,71.0,inferred
East Staffordshire,2021-08-05,29.0,35.0,39.0,41.0,42.0,45.0,48.0,51.0,53.0,55.0,56.0,61.0,70.5,inferred
East Staffordshire,2021-08-06,27.0,31.0,35.0,37.0,38.0,40.0,43.0,46.0,49.0,50.0,52.0,56.0,63.0,inferred
East Staffordshire,2021-08-07,22.0,26.0,30.0,31.0,33.0,35.0,37.5,40.0,42.0,44.0,45.2,50.0,58.0,inferred
East Staffordshire,2021-08-08,24.0,29.0,33.0,34.0,35.0,38.0,40.0,43.0,45.0,47.0,49.0,53.0,60.0,inferred
East Staffordshire,2021-08-09,35.0,42.0,47.0,48.0,50.0,53.0,55.0,58.0,61.0,63.0,65.0,71.0,80.0,inferred
East Staffordshire,2021-08-10,35.0,41.0,45.0,46.0,48.0,51.0,54.0,56.0,59.0,61.0,63.0,68.0,76.5,inferred
East Staffordshire,2021-08-11,35.0,42.0,46.0,47.0,48.0,51.6,54.0,57.0,60.3,62.0,64.0,70.0,79.0,inferred
East Staffordshire,2021-08-12,34.0,40.0,45.0,46.0,47.0,50.0,52.0,55.0,58.0,60.0,62.0,67.0,75.0,inferred
East Staffordshire,2021-08-13,30.0,36.0,39.8,41.0,43.0,45.0,48.0,50.0,53.0,55.0,57.0,62.0,70.5,inferred
East Staffordshire,2021-08-14,24.0,30.0,34.0,35.0,36.0,39.0,41.0,43.0,46.0,48.0,50.0,54.0,62.0,inferred
East Staffordshire,2021-08-15,27.0,32.0,36.0,38.0,39.0,42.0,44.0,47.0,49.0,51.0,53.0,57.0,65.5,inferred
East Staffordshire,2021-08-16,40.0,46.0,51.0,52.0,54.0,57.0,60.0,63.0,66.0,69.0,70.0,75.1,85.0,inferred
East Staffordshire,2021-08-17,38.0,44.0,49.0,51.0,52.0,55.0,58.0,61.0,64.0,66.0,67.2,73.0,82.5,inferred
East Staffordshire,2021-08-18,39.0,45.0,50.0,51.0,53.0,56.0,59.0,61.0,64.3,67.0,69.0,75.0,83.0,inferred
East Staffordshire,2021-08-19,37.0,43.9,48.0,49.0,50.0,53.0,56.0,59.0,62.0,64.0,66.2,72.0,80.0,inferred
East Staffordshire,2021-08-20,32.5,38.0,43.0,45.0,46.0,49.0,52.0,55.0,58.0,60.0,62.0,67.0,75.0,inferred
East Staffordshire,2021-08-21,28.0,33.0,37.0,38.0,39.0,42.0,44.0,47.0,50.0,51.0,53.0,58.0,67.5,inferred
East Staffordshire,2021-08-22,31.0,35.0,39.0,41.0,43.0,45.0,48.0,50.0,53.0,55.0,56.0,61.0,69.0,inferred
East Staffordshire,2021-08-23,41.0,50.0,55.0,57.0,59.0,62.0,65.0,68.0,71.0,73.0,75.0,81.0,91.0,inferred
East Staffordshire,2021-08-24,41.0,48.0,52.0,54.0,56.0,59.0,61.0,64.4,68.0,70.0,72.0,78.0,87.0,inferred
East Staffordshire,2021-08-25,40.0,47.0,51.0,54.0,55.0,58.0,61.0,64.0,67.0,69.0,71.0,76.0,86.0,inferred
East Staffordshire,2021-08-26,39.0,45.0,49.0,51.0,53.0,56.0,59.0,62.0,65.0,67.0,69.0,75.0,83.0,inferred
East Staffordshire,2021-08-27,33.5,39.0,43.0,45.0,47.0,50.0,52.0,55.0,59.0,60.0,62.0,68.0,77.5,inferred
East Staffordshire,2021-08-28,28.0,33.0,36.0,38.0,39.7,42.0,45.0,47.0,51.0,52.0,54.0,59.0,66.0,inferred
East Staffordshire,2021-08-29,31.0,36.0,40.0,41.0,43.0,45.0,47.0,50.0,53.0,55.0,57.0,63.0,72.0,inferred
East Staffordshire,2021-08-30,44.0,50.0,55.0,57.0,59.0,63.0,66.0,69.0,72.0,74.0,76.0,82.0,92.0,inferred
East Staffordshire,2021-08-31,41.0,48.0,52.0,54.0,56.0,59.0,62.0,65.0,69.0,70.0,73.0,78.0,88.0,inferred
East Staffordshire,2021-09-01,41.0,48.0,53.0,55.0,57.0,60.0,63.0,66.0,69.0,71.0,73.0,78.0,87.5,inferred
East Staffordshire,2021-09-02,39.0,46.0,51.0,53.0,54.0,57.0,60.0,63.0,66.0,68.0,70.0,76.0,84.0,inferred
East Staffordshire,2021-09-03,36.0,42.0,46.0,47.0,49.0,52.0,54.0,57.0,60.0,62.0,64.0,70.0,78.0,inferred
East Staffordshire,2021-09-04,29.0,34.0,38.0,40.0,41.0,44.0,46.0,49.0,51.0,53.0,54.0,59.0,67.0,inferred
East Staffordshire,2021-09-05,31.0,36.0,40.0,42.0,43.0,46.0,49.0,51.0,54.0,56.0,58.0,63.0,71.0,inferred
East Staffordshire,2021-09-06,45.0,52.0,56.0,58.0,60.0,63.0,66.0,70.0,73.0,75.0,77.0,84.0,93.0,inferred
East Staffordshire,2021-09-07,41.0,48.0,52.0,54.0,56.0,59.0,62.0,65.0,68.0,70.0,72.0,78.0,86.0,inferred
East Staffordshire,2021-09-08,40.0,47.0,52.0,53.0,55.0,58.0,61.0,64.0,68.0,69.0,72.0,78.0,86.0,inferred
East Staffordshire,2021-09-09,38.0,44.0,48.0,50.0,52.0,55.0,58.0,60.0,63.0,65.0,67.0,72.0,81.0,inferred
East Staffordshire,2021-09-10,32.0,38.0,42.0,43.0,45.0,47.6,50.0,53.0,55.0,57.0,59.0,65.0,74.5,inferred
East Staffordshire,2021-09-11,25.0,31.0,34.0,35.0,37.0,39.0,42.0,44.0,47.0,49.0,51.0,56.0,64.0,inferred
East Staffordshire,2021-09-12,26.0,32.0,36.0,37.0,39.0,41.0,44.0,46.0,49.0,51.0,53.0,57.0,65.0,inferred
East Staffordshire,2021-09-13,38.0,44.0,48.0,50.0,52.0,55.0,58.0,61.0,64.0,66.0,68.0,74.0,83.0,inferred
East Staffordshire,2021-09-14,36.0,42.0,47.0,48.0,50.0,53.0,56.0,58.0,62.0,64.0,65.0,70.0,78.0,inferred
East Staffordshire,2021-09-15,37.0,44.0,48.0,50.0,52.0,54.0,57.0,60.0,63.0,65.0,67.0,73.1,81.0,inferred
East Staffordshire,2021-09-16,36.0,44.0,49.0,51.0,52.0,55.0,58.0,61.0,65.0,67.0,68.0,74.0,82.5,inferred
East Staffordshire,2021-09-17,35.0,40.0,45.0,46.0,48.0,51.0,54.0,57.0,60.0,61.0,63.2,69.0,76.0,inferred
East Staffordshire,2021-09-18,30.0,36.0,39.0,40.0,42.0,45.0,47.0,50.0,53.0,54.0,56.0,61.0,68.5,inferred
East Staffordshire,2021-09-19,33.0,38.0,43.0,44.0,46.0,49.0,51.0,54.0,57.0,59.0,61.0,65.0,75.0,inferred
East Staffordshire,2021-09-20,47.0,55.9,61.0,63.0,64.0,68.0,71.0,75.0,79.0,81.0,84.0,90.0,99.0,inferred
East Staffordshire,2021-09-21,46.0,53.0,58.0,59.0,61.0,64.0,67.0,71.0,74.0,76.0,78.0,84.0,94.0,inferred
East Staffordshire,2021-09-22,45.0,52.0,57.0,59.0,60.0,64.0,67.0,70.0,73.0,75.0,77.2,83.0,91.5,inferred
East Staffordshire,2021-09-23,43.0,49.0,54.0,56.0,57.0,60.0,63.0,65.0,69.0,70.0,73.0,78.0,89.0,inferred
East Staffordshire,2021-09-24,36.0,42.0,46.0,48.0,49.0,52.0,55.0,58.0,61.0,62.0,64.2,70.0,80.0,inferred
East Staffordshire,2021-09-25,29.0,34.0,38.0,39.0,41.0,44.0,46.0,49.0,52.0,53.0,55.0,60.1,69.0,inferred
East Staffordshire,2021-09-26,32.0,37.0,41.0,42.0,44.0,46.0,49.0,52.0,55.0,56.0,58.0,63.0,72.0,inferred
East Staffordshire,2021-09-27,44.0,51.0,56.0,58.0,60.0,63.0,66.0,69.0,73.0,75.0,77.0,82.0,92.0,inferred
East Staffordshire,2021-09-28,41.0,48.9,53.0,55.0,57.0,60.0,62.0,65.0,69.0,71.0,74.0,79.1,90.0,inferred
East Staffordshire,2021-09-29,41.0,48.0,54.0,56.0,58.0,61.0,64.0,66.0,70.0,72.0,74.0,80.0,90.0,inferred
East Staffordshire,2021-09-30,40.0,48.0,53.0,55.0,57.0,59.0,62.0,66.0,69.0,70.0,73.0,78.0,87.0,inferred
East Staffordshire,2021-10-01,36.0,43.0,48.0,49.0,51.0,54.0,57.0,60.0,63.0,64.0,66.0,72.0,81.5,inferred
East Staffordshire,2021-10-02,32.0,37.0,42.0,43.0,45.0,48.0,50.0,53.0,55.0,57.0,59.0,64.0,71.0,inferred
East Staffordshire,2021-10-03,34.0,40.0,44.0,46.0,47.0,50.0,53.0,56.0,59.0,61.0,63.0,68.0,77.0,inferred
East Staffordshire,2021-10-04,50.5,58.0,63.0,65.0,67.0,71.0,74.0,78.0,81.0,83.0,85.0,90.0,101.0,inferred
East Staffordshire,2021-10-05,49.0,57.0,62.0,64.0,66.0,69.6,73.0,76.0,80.0,82.0,84.0,91.0,103.0,inferred
East Staffordshire,2021-10-06,53.0,61.0,66.0,68.0,70.0,73.0,76.0,79.0,83.0,85.0,88.0,94.0,103.5,inferred
East Staffordshire,2021-10-07,52.5,61.0,66.0,68.0,70.0,73.0,77.0,80.0,84.0,86.0,88.0,94.0,106.0,inferred
East Staffordshire,2021-10-08,50.0,57.0,62.0,64.0,66.0,69.0,72.0,75.0,79.0,81.2,84.0,90.0,99.0,inferred
East Staffordshire,2021-10-09,42.0,50.0,54.0,56.0,58.0,61.0,64.0,67.0,70.0,72.0,74.2,80.0,88.0,inferred
East Staffordshire,2021-10-10,49.0,56.0,61.0,63.0,65.0,68.0,71.0,74.0,78.0,79.0,81.0,87.0,97.0,inferred
East Staffordshire,2021-10-11,72.0,80.9,87.0,89.0,91.0,95.0,99.0,103.0,107.0,110.0,113.2,120.1,135.0,inferred
East Staffordshire,2021-10-12,69.0,78.0,84.0,86.0,88.0,92.0,96.0,100.0,104.0,106.0,109.0,117.0,129.0,inferred
East Staffordshire,2021-10-13,70.0,79.0,85.0,87.0,89.0,93.0,97.0,101.0,105.0,108.0,111.0,119.0,130.5,inferred
East Staffordshire,2021-10-14,68.0,77.0,83.0,85.0,87.0,91.0,94.0,99.0,103.0,105.0,108.0,116.0,129.0,inferred
East Staffordshire,2021-10-15,58.5,68.0,74.0,75.0,77.0,81.0,84.0,88.0,92.0,95.0,98.0,105.0,116.0,inferred
East Suffolk,2021-07-03,5.0,7.9,10.0,11.0,12.0,14.0,15.0,17.0,19.0,21.0,22.0,26.0,33.0,inferred
East Suffolk,2021-07-04,7.0,10.0,13.0,14.0,15.0,17.0,19.0,21.0,23.0,25.0,26.0,31.0,40.0,inferred
East Suffolk,2021-07-05,13.5,18.0,22.0,24.0,25.0,27.0,30.0,32.0,35.0,37.0,39.0,44.0,54.0,inferred
East Suffolk,2021-07-06,17.0,22.0,25.0,27.0,28.0,31.0,34.0,36.0,39.0,41.0,43.0,49.0,57.0,inferred
East Suffolk,2021-07-07,21.0,26.0,30.0,32.0,33.0,36.0,39.0,42.0,45.0,46.0,48.0,54.0,62.0,inferred
East Suffolk,2021-07-08,23.0,29.0,33.0,35.0,37.0,39.0,42.0,45.0,48.0,50.0,53.0,59.0,68.0,inferred
East Suffolk,2021-07-09,25.0,31.0,35.0,37.0,39.0,41.0,44.0,47.0,51.0,52.0,55.0,61.0,69.0,inferred
East Suffolk,2021-07-10,23.0,29.0,34.0,35.0,37.0,40.0,43.0,46.0,49.0,50.0,52.0,59.0,68.0,inferred
East Suffolk,2021-07-11,30.0,37.0,41.0,43.0,45.0,48.0,51.0,55.0,58.0,60.0,62.0,67.0,77.0,inferred
East Suffolk,2021-07-12,50.0,58.0,64.0,66.0,68.0,73.0,76.0,81.0,85.0,87.0,91.0,99.0,113.0,inferred
East Suffolk,2021-07-13,50.0,59.0,66.0,69.0,71.0,75.6,79.0,84.0,88.0,91.0,94.0,101.0,113.0,inferred
East Suffolk,2021-07-14,53.0,64.0,69.0,72.0,75.0,79.0,83.0,88.0,92.0,95.0,98.0,107.0,120.5,inferred
East Suffolk,2021-07-15,51.0,62.0,69.0,71.0,74.0,78.0,82.0,86.0,89.0,92.0,94.0,102.0,115.0,inferred
East Suffolk,2021-07-16,49.0,58.0,64.0,66.0,68.0,72.0,76.0,79.0,84.0,86.0,88.0,97.0,109.0,inferred
East Suffolk,2021-07-17,40.0,49.0,54.0,56.0,58.0,62.0,65.0,68.0,73.0,75.0,77.0,85.0,95.5,inferred
East Suffolk,2021-07-18,44.0,52.0,57.0,59.0,61.0,65.0,69.0,72.0,76.0,78.0,81.0,88.0,100.0,inferred
East Suffolk,2021-07-19,63.0,73.0,80.0,82.0,85.0,90.0,94.0,98.0,103.0,106.0,109.0,116.0,127.0,inferred
East Suffolk,2021-07-20,59.5,69.0,76.0,79.0,81.0,85.0,90.0,94.0,99.0,101.0,104.0,113.0,124.0,inferred
East Suffolk,2021-07-21,57.0,68.9,75.0,78.0,80.0,85.0,88.0,93.0,97.0,100.0,103.0,111.0,127.0,inferred
East Suffolk,2021-07-22,56.5,64.0,71.0,73.0,76.0,80.0,84.0,88.0,92.0,95.0,98.0,106.0,119.0,inferred
East Suffolk,2021-07-23,48.5,57.0,63.0,65.0,67.0,71.0,74.0,78.0,83.0,85.0,88.0,95.0,108.0,inferred
East Suffolk,2021-07-24,38.5,45.0,51.0,53.0,55.0,59.0,62.0,65.0,69.0,71.0,73.0,79.0,91.0,inferred
East Suffolk,2021-07-25,39.0,47.0,52.0,54.0,57.0,60.0,64.0,67.0,71.0,73.0,76.0,83.0,96.0,inferred
East Suffolk,2021-07-26,56.0,65.0,71.0,74.0,76.0,80.0,84.0,88.0,93.0,95.0,98.0,106.0,122.0,inferred
East Suffolk,2021-07-27,52.5,62.0,68.0,70.0,72.0,76.0,80.0,84.0,88.0,90.0,93.0,100.0,113.0,inferred
East Suffolk,2021-07-28,52.0,62.0,68.0,70.0,72.0,76.0,79.0,84.0,88.0,91.0,94.0,103.0,116.0,inferred
East Suffolk,2021-07-29,50.5,59.0,65.0,67.0,69.0,73.0,77.0,81.0,85.0,87.0,91.0,100.0,111.0,inferred
East Suffolk,2021-07-30,45.5,54.0,59.0,61.0,63.0,67.0,71.0,74.0,78.3,81.0,83.0,91.1,102.0,inferred
East Suffolk,2021-07-31,37.0,43.0,48.0,50.8,52.0,55.0,59.0,63.0,66.0,68.0,72.0,78.0,87.0,inferred
East Suffolk,2021-08-01,37.0,44.0,50.0,52.0,54.0,58.0,61.0,64.0,68.0,70.0,73.0,80.0,91.0,inferred
East Suffolk,2021-08-02,51.0,61.0,68.0,70.0,73.0,76.0,80.0,85.0,90.0,92.0,95.0,103.0,116.5,inferred
East Suffolk,2021-08-03,48.0,57.0,63.0,65.8,68.0,71.0,75.0,79.0,85.0,87.0,90.0,99.0,109.0,inferred
East Suffolk,2021-08-04,48.0,58.0,64.0,67.0,69.0,73.0,77.0,80.0,85.0,87.0,91.0,97.0,108.0,inferred
East Suffolk,2021-08-05,46.0,55.0,60.0,62.0,64.0,68.0,72.0,76.0,80.0,83.0,85.0,92.0,104.0,inferred
East Suffolk,2021-08-06,41.0,49.0,54.0,56.0,58.0,63.0,66.0,69.0,73.0,75.0,77.2,84.0,97.0,inferred
East Suffolk,2021-08-07,33.0,40.0,45.0,46.8,48.0,51.0,55.0,58.0,61.0,62.0,65.0,72.0,80.0,inferred
East Suffolk,2021-08-08,33.5,41.0,46.0,48.0,50.7,54.0,57.0,60.0,64.0,66.0,69.0,74.0,84.0,inferred
East Suffolk,2021-08-09,48.5,56.0,62.0,64.0,66.0,71.0,75.0,79.0,84.0,86.0,89.0,97.0,108.0,inferred
East Suffolk,2021-08-10,45.0,53.0,60.0,62.0,64.0,68.0,72.0,76.0,79.3,82.0,85.0,92.0,104.5,inferred
East Suffolk,2021-08-11,47.0,57.0,62.8,65.0,67.0,70.0,74.0,78.0,83.0,85.0,88.0,96.0,109.0,inferred
East Suffolk,2021-08-12,47.0,56.0,62.0,64.0,66.0,70.0,74.0,77.0,81.0,83.0,86.0,94.0,108.0,inferred
East Suffolk,2021-08-13,42.0,51.0,57.0,59.0,61.0,65.0,68.0,73.0,77.0,79.2,82.0,90.0,102.0,inferred
East Suffolk,2021-08-14,36.0,43.0,48.0,51.0,53.0,56.0,60.0,63.0,67.0,69.0,72.0,78.0,90.0,inferred
East Suffolk,2021-08-15,39.0,46.0,52.0,55.0,57.0,61.0,64.0,68.0,71.0,73.0,76.0,83.0,94.0,inferred
East Suffolk,2021-08-16,58.0,68.0,75.0,78.0,80.0,85.0,89.0,93.0,98.0,100.0,102.0,111.0,124.0,inferred
East Suffolk,2021-08-17,55.0,66.0,72.0,75.0,78.0,82.0,86.0,90.0,95.0,97.0,100.0,108.0,121.0,inferred
East Suffolk,2021-08-18,59.0,67.0,74.0,76.0,78.0,83.0,88.0,91.0,96.0,99.0,101.0,110.0,123.0,inferred
East Suffolk,2021-08-19,56.0,65.0,71.0,74.0,77.0,81.0,86.0,89.0,95.0,97.0,100.0,107.0,120.0,inferred
East Suffolk,2021-08-20,52.0,61.0,67.0,69.0,72.0,75.0,79.0,83.0,87.0,89.0,93.0,99.0,110.0,inferred
East Suffolk,2021-08-21,43.0,50.0,56.0,58.0,60.0,63.0,67.0,70.0,75.0,77.0,80.0,85.1,97.5,inferred
East Suffolk,2021-08-22,44.0,52.0,58.0,60.0,62.0,66.0,70.0,73.0,77.0,80.0,82.0,89.0,101.5,inferred
East Suffolk,2021-08-23,65.0,74.0,81.0,84.0,86.0,91.0,95.0,99.4,105.0,108.0,111.0,120.0,132.0,inferred
East Suffolk,2021-08-24,60.0,70.0,77.0,80.0,82.0,87.0,91.5,96.0,100.0,102.0,105.0,113.0,127.5,inferred
East Suffolk,2021-08-25,61.0,72.0,79.0,82.0,84.0,89.0,92.0,97.0,102.0,105.0,108.0,115.0,128.0,inferred
East Suffolk,2021-08-26,62.0,72.0,78.0,80.0,82.0,86.6,91.0,96.0,100.0,102.0,105.2,114.0,125.5,inferred
East Suffolk,2021-08-27,55.0,65.0,71.8,74.0,76.0,80.0,84.0,88.0,92.0,94.0,97.0,105.0,119.0,inferred
East Suffolk,2021-08-28,46.0,54.0,60.0,62.0,64.0,68.0,72.0,75.0,79.0,82.0,85.0,92.0,105.0,inferred
East Suffolk,2021-08-29,50.0,58.0,63.0,66.0,68.0,72.0,76.0,80.0,84.0,87.0,89.0,98.0,111.0,inferred
East Suffolk,2021-08-30,71.0,81.0,88.0,91.0,94.0,99.0,104.0,108.0,112.0,116.0,119.0,128.0,142.0,inferred
East Suffolk,2021-08-31,68.5,80.0,88.0,91.0,93.0,97.0,102.0,107.0,111.0,115.0,118.0,126.1,139.5,inferred
East Suffolk,2021-09-01,73.5,84.0,91.0,94.0,96.0,101.0,105.0,110.0,115.0,118.0,121.2,130.1,141.0,inferred
East Suffolk,2021-09-02,72.0,83.0,90.0,93.0,96.0,100.0,105.0,109.0,115.0,117.0,120.0,130.0,147.0,inferred
East Suffolk,2021-09-03,68.0,79.0,86.0,89.0,91.0,95.0,100.0,103.0,109.0,111.0,113.0,121.0,134.5,inferred
East Suffolk,2021-09-04,57.0,67.0,74.0,76.0,78.0,82.0,86.0,90.0,94.0,96.0,99.0,108.0,121.0,inferred
East Suffolk,2021-09-05,62.0,72.0,78.0,80.8,83.0,87.0,91.5,96.0,101.0,103.0,106.0,114.0,127.0,inferred
East Suffolk,2021-09-06,91.0,101.9,110.0,113.8,116.0,122.0,127.0,133.0,138.0,141.0,144.0,153.0,172.5,inferred
East Suffolk,2021-09-07,86.0,98.0,106.0,109.0,112.0,117.0,121.0,126.0,132.0,135.0,139.0,148.0,161.0,inferred
East Suffolk,2021-09-08,84.0,96.9,105.0,108.0,110.0,115.0,121.0,125.0,131.0,134.0,138.0,148.0,162.0,inferred
East Suffolk,2021-09-09,78.0,91.0,98.0,101.0,104.0,108.0,112.0,117.0,122.0,125.0,127.2,137.0,152.5,inferred
East Suffolk,2021-09-10,69.0,79.0,86.0,89.0,92.0,96.0,100.0,104.0,110.0,112.0,116.0,124.0,137.5,inferred
East Suffolk,2021-09-11,56.0,64.0,70.0,73.0,75.0,79.0,83.0,87.0,92.0,94.0,97.0,103.0,117.0,inferred
East Suffolk,2021-09-12,55.0,65.0,71.0,74.0,76.0,80.0,84.0,88.0,92.0,95.0,98.0,106.0,119.5,inferred
East Suffolk,2021-09-13,77.0,87.0,95.0,98.0,100.0,105.0,110.0,114.4,120.0,123.0,126.0,135.0,152.0,inferred
East Suffolk,2021-09-14,71.0,84.0,90.0,93.0,95.0,99.0,104.0,108.0,113.0,116.0,120.0,129.0,143.0,inferred
East Suffolk,2021-09-15,73.5,85.0,92.0,95.0,98.0,103.0,108.0,112.0,117.0,120.0,124.0,132.0,145.0,inferred
East Suffolk,2021-09-16,74.5,84.0,92.0,95.0,97.0,102.0,107.0,111.0,116.0,119.0,122.0,130.0,144.0,inferred
East Suffolk,2021-09-17,68.0,78.0,85.0,87.0,90.0,95.0,99.0,103.0,108.0,111.0,114.0,124.0,136.0,inferred
East Suffolk,2021-09-18,58.0,67.0,74.0,76.0,78.0,82.0,86.0,91.0,94.0,97.0,100.0,107.0,120.0,inferred
East Suffolk,2021-09-19,60.0,71.0,77.0,80.0,83.0,87.0,92.0,96.0,100.0,103.0,106.0,114.0,128.0,inferred
East Suffolk,2021-09-20,91.5,102.0,110.0,113.0,116.0,121.0,126.0,130.0,137.0,140.0,143.0,152.0,169.0,inferred
East Suffolk,2021-09-21,87.0,98.0,106.0,109.0,112.0,117.0,122.0,127.0,132.0,136.0,139.0,148.1,164.5,inferred
East Suffolk,2021-09-22,90.0,100.0,109.0,112.0,115.0,120.0,125.0,130.0,135.0,138.0,142.0,152.0,168.5,inferred
East Suffolk,2021-09-23,87.0,97.0,104.0,106.8,109.0,115.0,119.0,124.0,130.0,133.0,136.0,145.0,159.0,inferred
East Suffolk,2021-09-24,79.0,89.0,96.0,99.0,101.0,106.0,111.0,115.0,120.0,123.0,126.0,135.0,151.0,inferred
East Suffolk,2021-09-25,65.0,74.0,81.0,83.0,86.0,90.0,94.0,99.0,102.0,105.0,108.0,116.1,129.0,inferred
East Suffolk,2021-09-26,69.5,78.0,85.0,87.0,90.0,94.0,99.0,103.0,108.0,110.2,114.0,122.0,134.0,inferred
East Suffolk,2021-09-27,97.0,110.0,117.0,120.0,123.0,128.0,134.0,139.0,145.0,148.0,152.0,162.0,177.0,inferred
East Suffolk,2021-09-28,93.0,105.0,114.0,117.0,120.0,125.0,131.0,135.0,141.0,144.2,148.0,159.0,171.0,inferred
East Suffolk,2021-09-29,97.0,107.0,115.0,119.0,121.0,126.6,132.0,137.0,143.0,147.0,151.0,160.0,177.5,inferred
East Suffolk,2021-09-30,93.0,106.0,114.0,116.0,120.0,125.0,130.0,135.0,141.0,144.0,148.0,157.0,174.0,inferred
East Suffolk,2021-10-01,90.0,99.0,107.0,111.0,113.0,119.0,123.0,128.0,133.0,136.0,139.2,148.0,162.0,inferred
East Suffolk,2021-10-02,74.0,83.0,92.0,94.0,97.0,101.0,106.0,111.0,115.0,118.0,121.0,129.1,143.0,inferred
East Suffolk,2021-10-03,79.0,91.0,98.0,101.0,104.0,108.0,113.0,118.0,123.0,126.0,129.0,139.0,154.5,inferred
East Suffolk,2021-10-04,114.0,127.0,136.0,141.0,144.0,151.0,156.0,162.0,168.0,171.0,175.0,186.0,204.0,inferred
East Suffolk,2021-10-05,111.5,125.0,134.8,138.0,141.0,147.0,152.0,158.0,164.0,167.0,171.0,182.0,197.5,inferred
East Suffolk,2021-10-06,117.0,132.0,141.0,145.0,148.0,154.0,159.0,164.0,170.0,174.0,178.0,189.0,207.0,inferred
East Suffolk,2021-10-07,117.0,130.0,138.0,142.0,145.0,151.0,156.0,161.4,168.0,172.0,177.0,186.0,203.0,inferred
East Suffolk,2021-10-08,109.5,121.9,131.0,134.0,137.0,142.0,147.0,153.0,158.0,161.0,164.0,176.0,191.0,inferred
East Suffolk,2021-10-09,91.0,103.0,112.0,115.0,118.0,122.0,127.0,132.0,137.0,140.0,144.0,151.1,167.0,inferred
East Suffolk,2021-10-10,97.0,110.0,120.0,123.0,127.0,133.0,138.0,143.0,148.0,150.0,155.0,165.0,181.0,inferred
East Suffolk,2021-10-11,142.0,155.0,166.0,170.0,174.0,181.0,187.0,192.0,200.0,203.0,208.0,219.1,237.0,inferred
East Suffolk,2021-10-12,136.5,151.0,160.0,163.0,166.0,173.0,179.0,185.0,193.0,196.0,201.0,211.0,232.0,inferred
East Suffolk,2021-10-13,136.0,151.0,162.0,165.0,168.0,175.0,182.0,188.0,194.0,198.0,203.0,216.0,235.5,inferred
East Suffolk,2021-10-14,130.0,143.9,155.0,158.0,162.0,168.0,174.0,181.0,188.0,191.0,196.0,208.1,229.0,inferred
East Suffolk,2021-10-15,112.0,128.0,139.0,144.0,147.0,153.0,160.0,167.0,173.0,177.0,181.0,194.0,216.5,inferred
Eastbourne,2021-07-03,5.0,7.0,9.0,10.0,11.0,12.0,14.0,15.0,17.0,18.0,19.0,23.0,29.0,inferred
Eastbourne,2021-07-04,6.0,9.9,12.0,13.0,14.0,15.0,17.0,19.0,21.0,22.0,24.0,27.0,32.0,inferred
Eastbourne,2021-07-05,13.0,17.0,20.0,21.0,23.0,25.0,27.0,29.0,31.0,32.0,34.0,38.0,46.0,inferred
Eastbourne,2021-07-06,15.0,19.0,22.0,24.0,25.0,27.0,29.0,32.0,34.0,35.0,37.0,42.0,49.0,inferred
Eastbourne,2021-07-07,18.0,23.0,26.0,27.0,29.0,31.0,33.0,35.0,37.0,39.0,40.0,45.0,53.0,inferred
Eastbourne,2021-07-08,19.0,24.0,28.0,29.0,30.0,32.0,34.0,37.0,40.0,41.0,43.0,48.0,55.0,inferred
Eastbourne,2021-07-09,20.0,25.0,28.0,30.0,31.0,33.0,36.0,38.0,41.0,42.2,44.0,49.0,56.0,inferred
Eastbourne,2021-07-10,18.0,23.0,27.0,28.0,29.0,32.0,34.0,36.0,39.0,40.0,42.0,47.0,54.0,inferred
Eastbourne,2021-07-11,22.0,27.0,31.0,33.0,34.0,37.0,39.0,41.0,44.0,46.0,48.0,53.0,61.0,inferred
Eastbourne,2021-07-12,36.5,43.0,48.0,49.0,51.0,54.0,58.0,61.0,64.0,66.0,68.0,73.0,83.0,inferred
Eastbourne,2021-07-13,36.0,43.0,48.0,50.0,51.0,54.0,58.0,61.0,64.0,66.0,69.0,75.0,84.0,inferred
Eastbourne,2021-07-14,36.0,44.0,49.0,51.0,52.0,55.0,58.0,61.0,64.0,66.0,68.0,75.0,84.5,inferred
Eastbourne,2021-07-15,33.0,40.0,44.0,46.0,48.0,51.0,54.0,57.0,61.0,62.0,64.0,70.0,78.0,inferred
Eastbourne,2021-07-16,29.5,35.0,40.0,41.0,43.0,46.0,48.0,51.0,54.0,55.0,57.0,63.1,72.0,inferred
Eastbourne,2021-07-17,24.0,28.0,32.0,34.0,35.0,38.0,40.0,42.0,45.0,47.0,48.0,53.0,61.0,inferred
Eastbourne,2021-07-18,23.0,28.0,32.0,34.0,35.7,38.0,40.0,42.0,45.0,47.0,49.0,53.1,62.0,inferred
Eastbourne,2021-07-19,31.0,39.0,43.0,45.0,47.0,50.0,52.0,55.0,59.0,61.0,63.0,69.0,79.5,inferred
Eastbourne,2021-07-20,28.0,35.0,39.0,41.0,42.0,45.0,48.0,50.0,53.3,55.0,58.0,64.0,73.0,inferred
Eastbourne,2021-07-21,28.0,33.0,37.0,38.0,40.0,42.0,45.0,48.0,51.0,52.0,54.0,59.1,67.0,inferred
Eastbourne,2021-07-22,23.0,28.0,32.0,33.0,34.7,37.0,40.0,42.0,45.0,46.2,48.0,54.0,62.0,inferred
Eastbourne,2021-07-23,18.0,23.0,27.0,28.0,30.0,32.0,34.0,37.0,39.0,40.2,42.0,47.0,54.0,inferred
Eastbourne,2021-07-24,14.0,17.0,21.0,22.0,23.0,25.0,27.0,29.0,31.0,33.0,34.0,38.0,45.0,inferred
Eastbourne,2021-07-25,12.0,17.0,20.0,21.0,22.0,24.0,26.0,28.0,30.0,32.0,33.0,37.0,43.0,inferred
Eastbourne,2021-07-26,18.0,22.0,26.0,27.0,29.0,31.0,33.0,35.0,38.0,39.0,40.0,44.1,52.0,inferred
Eastbourne,2021-07-27,16.0,20.0,23.0,25.0,26.0,28.0,30.0,33.0,35.0,37.0,38.0,43.0,50.0,inferred
Eastbourne,2021-07-28,15.0,20.0,23.0,25.0,26.0,28.0,31.0,33.0,35.0,36.0,38.0,42.0,49.0,inferred
Eastbourne,2021-07-29,15.0,20.0,23.0,24.0,25.0,27.0,29.0,31.0,34.0,35.0,37.0,41.0,48.0,inferred
Eastbourne,2021-07-30,13.0,18.0,21.0,22.0,23.0,25.0,27.0,29.0,31.0,33.0,34.0,38.0,46.0,inferred
Eastbourne,2021-07-31,10.0,14.0,17.0,18.0,19.0,21.0,23.0,25.0,27.0,29.0,30.0,34.0,40.0,inferred
Eastbourne,2021-08-01,11.0,15.0,18.0,19.0,20.0,22.0,24.0,26.0,28.0,29.0,31.0,35.0,41.5,inferred
Eastbourne,2021-08-02,17.0,22.0,25.0,27.0,28.0,30.0,33.0,35.0,38.0,39.0,41.0,45.0,53.0,inferred
Eastbourne,2021-08-03,18.0,23.0,26.0,28.0,29.0,31.0,34.0,36.0,39.0,40.0,42.0,46.0,54.0,inferred
Eastbourne,2021-08-04,18.0,24.0,27.0,29.0,30.0,33.0,35.0,38.0,40.0,42.0,44.0,47.0,55.0,inferred
Eastbourne,2021-08-05,19.0,25.0,28.0,30.0,31.0,33.0,36.0,39.0,41.0,43.0,45.0,48.0,56.5,inferred
Eastbourne,2021-08-06,18.0,24.0,28.0,29.0,30.0,33.0,35.0,37.0,39.0,41.0,43.0,48.0,55.0,inferred
Eastbourne,2021-08-07,16.0,21.0,24.0,25.8,26.0,29.0,31.0,33.0,36.0,37.0,39.0,43.0,49.0,inferred
Eastbourne,2021-08-08,18.0,23.0,26.0,27.0,29.0,31.0,33.0,36.0,38.0,40.0,42.0,46.0,54.5,inferred
Eastbourne,2021-08-09,28.5,34.0,38.0,40.0,41.0,44.6,47.0,50.0,53.0,55.0,57.0,62.0,71.0,inferred
Eastbourne,2021-08-10,29.0,35.0,39.0,40.0,42.0,45.0,47.5,50.0,53.0,55.0,56.2,62.0,73.0,inferred
Eastbourne,2021-08-11,30.0,36.0,41.0,42.0,44.0,46.0,49.0,52.0,56.0,58.0,60.0,66.0,74.0,inferred
Eastbourne,2021-08-12,29.0,36.0,40.0,41.0,43.0,46.0,49.0,51.0,54.0,56.0,58.0,63.1,74.5,inferred
Eastbourne,2021-08-13,29.0,35.0,39.0,40.0,42.0,44.0,46.5,49.0,52.0,54.0,56.0,61.0,70.0,inferred
Eastbourne,2021-08-14,23.0,29.0,33.0,34.0,36.0,38.0,41.0,43.4,47.0,48.0,50.0,55.0,63.0,inferred
Eastbourne,2021-08-15,25.0,31.0,35.0,36.0,38.0,41.0,43.0,46.0,48.0,50.0,52.0,57.0,65.5,inferred
Eastbourne,2021-08-16,38.0,45.0,50.0,52.0,54.0,57.0,60.0,63.0,67.0,69.0,71.0,77.0,87.0,inferred
Eastbourne,2021-08-17,36.0,43.0,48.0,50.0,52.0,56.0,59.0,62.0,65.0,67.0,69.0,75.0,85.0,inferred
Eastbourne,2021-08-18,35.5,43.0,48.0,50.0,52.0,55.0,58.0,61.0,65.0,67.0,69.0,75.0,86.0,inferred
Eastbourne,2021-08-19,35.0,41.0,45.0,47.0,49.0,52.0,55.0,57.0,61.0,63.0,65.0,71.0,80.0,inferred
Eastbourne,2021-08-20,30.0,37.0,41.0,43.0,44.0,47.0,50.0,52.4,56.0,58.0,59.0,64.0,72.5,inferred
Eastbourne,2021-08-21,25.0,30.0,34.0,35.0,36.0,40.0,42.0,44.0,47.0,48.0,51.0,56.0,63.5,inferred
Eastbourne,2021-08-22,24.0,30.0,34.0,35.0,37.0,39.0,42.0,45.0,48.0,49.0,51.0,57.0,65.0,inferred
Eastbourne,2021-08-23,37.0,43.0,47.0,49.0,50.0,54.0,56.5,60.0,63.0,65.0,68.0,73.0,82.0,inferred
Eastbourne,2021-08-24,33.0,40.0,43.0,45.0,47.0,50.0,53.0,56.0,59.0,61.0,62.0,68.0,78.5,inferred
Eastbourne,2021-08-25,33.0,39.0,44.0,45.0,47.0,51.0,53.0,56.0,59.0,61.0,62.0,68.1,77.0,inferred
Eastbourne,2021-08-26,30.0,36.0,40.0,42.0,44.0,47.0,50.0,53.0,56.0,58.0,60.0,65.0,73.0,inferred
Eastbourne,2021-08-27,27.0,33.0,37.0,39.0,40.0,43.0,45.0,48.0,51.0,53.0,55.0,60.0,68.0,inferred
Eastbourne,2021-08-28,21.0,27.0,30.0,32.0,33.0,36.0,38.0,41.0,43.0,45.0,47.0,53.0,62.0,inferred
Eastbourne,2021-08-29,22.0,27.0,31.0,33.0,34.0,36.0,39.0,41.0,44.0,46.0,47.0,52.0,61.0,inferred
Eastbourne,2021-08-30,31.0,38.0,42.0,44.0,46.0,49.0,51.0,54.0,57.0,59.0,61.0,68.0,76.0,inferred
Eastbourne,2021-08-31,30.0,36.0,40.0,42.0,43.0,46.0,49.0,51.0,55.0,57.0,59.0,64.0,73.0,inferred
Eastbourne,2021-09-01,29.0,35.0,39.0,41.0,42.7,46.0,49.0,51.0,54.0,57.0,59.0,64.0,73.0,inferred
Eastbourne,2021-09-02,26.0,32.0,36.0,37.0,39.0,42.0,44.0,47.0,50.0,51.0,53.0,59.0,67.0,inferred
Eastbourne,2021-09-03,23.0,28.0,32.0,33.0,34.0,37.0,39.0,42.0,45.0,46.0,48.0,53.0,61.0,inferred
Eastbourne,2021-09-04,17.0,22.0,25.0,27.0,28.0,31.0,33.0,35.0,38.0,39.0,41.0,46.0,54.0,inferred
Eastbourne,2021-09-05,18.0,22.0,25.0,27.0,28.0,30.0,33.0,35.0,37.0,39.0,40.0,45.0,53.0,inferred
Eastbourne,2021-09-06,24.0,30.0,33.0,35.0,37.0,39.0,42.0,45.0,47.0,49.0,50.2,55.0,63.0,inferred
Eastbourne,2021-09-07,21.0,27.0,30.0,32.0,33.0,36.0,38.0,41.0,44.0,45.0,47.0,52.0,61.0,inferred
Eastbourne,2021-09-08,20.0,25.0,29.0,30.0,32.0,34.0,37.0,39.0,42.0,43.0,45.0,50.0,58.0,inferred
Eastbourne,2021-09-09,16.0,21.0,25.0,26.0,28.0,30.0,32.0,35.0,37.0,39.0,41.0,45.0,52.0,inferred
Eastbourne,2021-09-10,14.0,18.0,22.0,23.0,24.0,26.0,28.0,31.0,33.0,34.0,36.0,41.0,47.0,inferred
Eastbourne,2021-09-11,10.0,14.0,17.0,18.0,19.0,21.0,23.0,25.0,27.0,28.0,30.0,33.0,39.5,inferred
Eastbourne,2021-09-12,9.0,13.0,16.0,17.0,18.0,20.0,22.0,24.0,26.0,27.0,28.0,32.0,38.5,inferred
Eastbourne,2021-09-13,14.0,18.0,21.0,22.0,24.0,26.0,28.0,30.0,33.0,34.0,36.0,40.0,48.0,inferred
Eastbourne,2021-09-14,13.5,17.0,20.0,21.0,23.0,25.0,27.0,29.0,31.0,33.0,34.0,38.0,45.0,inferred
Eastbourne,2021-09-15,12.0,17.0,20.0,22.0,23.0,25.0,26.0,28.0,31.0,32.0,34.0,39.0,46.0,inferred
Eastbourne,2021-09-16,12.5,16.0,19.0,20.0,22.0,24.0,26.0,28.0,30.0,32.0,33.0,37.0,44.5,inferred
Eastbourne,2021-09-17,10.0,15.0,17.0,19.0,20.0,22.0,24.0,26.0,28.0,29.0,31.0,34.0,41.0,inferred
Eastbourne,2021-09-18,9.0,12.0,15.0,16.0,17.0,18.0,20.0,22.0,24.0,25.0,27.0,30.0,35.5,inferred
Eastbourne,2021-09-19,9.5,13.0,15.0,16.0,17.0,19.0,21.0,23.0,24.0,26.0,27.0,31.0,37.0,inferred
Eastbourne,2021-09-20,14.0,19.0,22.0,23.0,24.0,27.0,28.0,30.0,33.0,34.0,36.0,40.0,48.0,inferred
Eastbourne,2021-09-21,14.0,18.0,21.0,23.0,24.0,26.0,28.0,30.0,32.0,34.0,35.0,39.0,47.0,inferred
Eastbourne,2021-09-22,14.0,19.0,22.0,23.0,24.0,26.0,28.0,31.0,33.0,34.0,36.0,40.0,48.0,inferred
Eastbourne,2021-09-23,13.0,17.0,21.0,22.0,23.0,25.0,26.0,29.0,31.0,32.0,34.0,39.0,47.0,inferred
Eastbourne,2021-09-24,13.0,16.0,19.0,20.0,21.0,23.0,26.0,27.0,30.0,31.0,33.0,37.0,44.0,inferred
Eastbourne,2021-09-25,10.0,14.0,16.0,17.0,18.0,20.0,22.0,24.0,26.0,27.0,29.0,32.0,39.5,inferred
Eastbourne,2021-09-26,10.0,14.0,17.0,18.0,19.0,21.0,23.0,24.0,27.0,28.0,30.0,34.0,40.0,inferred
Eastbourne,2021-09-27,16.0,21.0,24.0,26.0,27.0,29.0,31.0,33.0,36.0,37.0,39.0,44.0,53.0,inferred
Eastbourne,2021-09-28,16.0,21.0,24.0,25.0,27.0,29.0,31.0,33.0,35.0,37.0,38.0,42.0,50.0,inferred
Eastbourne,2021-09-29,16.0,21.0,24.0,25.0,27.0,29.0,31.0,34.0,36.0,38.0,39.0,44.0,52.0,inferred
Eastbourne,2021-09-30,16.0,21.0,24.0,25.0,27.0,29.0,31.0,33.0,36.0,37.0,39.0,43.0,50.0,inferred
Eastbourne,2021-10-01,16.0,20.0,23.0,25.0,26.0,28.0,30.0,32.0,34.0,36.0,37.0,42.0,49.0,inferred
Eastbourne,2021-10-02,13.0,17.0,20.0,21.0,22.0,24.0,26.0,28.0,30.0,32.0,33.0,37.1,44.5,inferred
Eastbourne,2021-10-03,14.0,18.0,21.0,22.8,24.0,26.0,28.0,30.0,32.0,33.0,35.0,39.0,47.0,inferred
Eastbourne,2021-10-04,22.0,27.0,31.0,32.0,34.0,36.0,39.0,41.0,44.0,45.0,47.0,52.0,59.0,inferred
Eastbourne,2021-10-05,22.0,27.0,31.0,32.0,33.0,36.0,38.0,41.0,44.0,45.0,47.0,52.0,60.0,inferred
Eastbourne,2021-10-06,23.0,29.0,33.0,35.0,36.0,39.0,42.0,44.0,46.3,48.0,50.0,55.0,62.0,inferred
Eastbourne,2021-10-07,23.5,30.0,33.0,35.0,36.0,39.0,41.0,44.0,47.0,48.0,51.0,56.0,65.0,inferred
Eastbourne,2021-10-08,24.0,29.0,33.0,35.0,36.0,38.0,41.0,43.0,46.0,48.0,50.0,55.0,63.0,inferred
Eastbourne,2021-10-09,21.0,26.0,30.0,31.0,32.0,35.0,37.0,40.0,42.0,44.0,46.0,50.0,59.0,inferred
Eastbourne,2021-10-10,23.0,29.0,32.0,34.0,36.0,38.0,41.0,43.0,45.0,47.0,49.0,55.0,62.5,inferred
Eastbourne,2021-10-11,35.5,43.0,47.0,49.8,51.0,54.0,57.0,61.0,64.0,66.2,69.0,75.0,85.0,inferred
Eastbourne,2021-10-12,37.0,44.0,49.0,51.0,52.0,56.0,58.0,62.0,65.0,67.0,70.0,76.0,86.0,inferred
Eastbourne,2021-10-13,40.0,46.0,51.0,53.0,55.0,58.0,61.0,64.0,68.0,71.0,73.0,79.0,87.5,inferred
Eastbourne,2021-10-14,39.0,46.0,51.0,53.0,55.0,58.6,62.0,65.0,69.0,71.0,74.0,80.0,90.0,inferred
Eastbourne,2021-10-15,36.0,43.0,49.0,51.0,53.0,56.0,60.0,63.0,67.0,69.0,71.0,79.0,88.0,inferred
Eastleigh,2021-07-03,22.0,28.0,31.0,33.0,35.0,38.0,40.5,43.0,46.0,48.0,50.0,57.0,67.0,inferred
Eastleigh,2021-07-04,26.0,33.0,37.0,38.0,40.0,43.0,46.0,49.0,52.0,54.0,56.0,61.0,71.0,inferred
Eastleigh,2021-07-05,43.0,50.0,55.0,57.0,59.0,63.0,67.0,71.0,74.0,76.0,78.0,84.0,96.0,inferred
Eastleigh,2021-07-06,46.0,53.0,58.0,60.0,62.0,66.0,69.0,72.0,76.0,78.0,81.0,88.0,98.0,inferred
Eastleigh,2021-07-07,48.0,57.0,63.0,65.0,67.0,71.0,74.0,78.0,81.0,84.0,86.0,94.0,106.0,inferred
Eastleigh,2021-07-08,49.0,58.0,63.8,66.0,68.0,71.0,75.0,78.0,83.0,85.0,87.2,95.0,107.0,inferred
Eastleigh,2021-07-09,48.5,58.0,63.0,65.0,67.0,71.0,74.0,78.0,81.0,84.0,86.0,93.0,102.5,inferred
Eastleigh,2021-07-10,44.0,51.0,57.0,59.0,60.7,63.0,67.0,71.0,74.0,76.0,79.0,85.0,96.0,inferred
Eastleigh,2021-07-11,47.5,55.0,61.0,63.0,65.0,69.0,73.0,76.0,80.0,82.0,85.0,92.0,103.0,inferred
Eastleigh,2021-07-12,74.0,82.0,89.0,92.0,95.0,99.0,103.0,108.0,113.0,116.0,119.0,127.0,142.0,inferred
Eastleigh,2021-07-13,72.0,82.0,89.0,92.0,94.0,98.0,103.0,107.0,112.0,115.0,118.0,126.0,139.0,inferred
Eastleigh,2021-07-14,73.0,81.0,89.0,91.0,94.0,99.0,103.0,107.0,111.0,114.0,117.0,125.1,140.0,inferred
Eastleigh,2021-07-15,65.0,75.0,81.0,84.0,86.0,90.0,94.0,98.0,103.0,105.0,109.0,117.0,129.0,inferred
Eastleigh,2021-07-16,59.0,67.0,73.0,76.0,78.0,82.0,85.0,89.0,93.0,95.0,98.0,106.0,118.0,inferred
Eastleigh,2021-07-17,45.0,54.9,60.0,62.0,64.0,67.0,70.0,73.0,77.0,79.0,82.0,89.0,100.0,inferred
Eastleigh,2021-07-18,48.0,54.0,60.0,62.0,64.0,67.0,71.0,74.0,78.0,80.0,83.0,89.0,101.0,inferred
Eastleigh,2021-07-19,64.0,72.0,79.0,81.0,84.0,88.0,92.0,96.0,100.0,103.0,106.0,113.0,126.0,inferred
Eastleigh,2021-07-20,57.0,66.9,73.0,75.0,78.0,82.0,85.0,89.0,93.0,96.0,99.0,106.0,121.0,inferred
Eastleigh,2021-07-21,56.0,64.0,70.0,73.0,75.0,78.0,82.0,85.0,89.0,91.0,94.0,102.0,115.5,inferred
Eastleigh,2021-07-22,50.0,57.0,62.0,64.0,66.0,70.0,73.0,76.0,80.0,82.0,85.0,92.0,104.0,inferred
Eastleigh,2021-07-23,42.0,48.9,53.0,56.0,58.0,61.0,64.0,67.0,71.0,73.2,76.0,82.0,93.5,inferred
Eastleigh,2021-07-24,31.0,38.0,42.0,44.0,46.0,49.0,52.0,55.0,58.0,60.0,62.0,68.0,77.0,inferred
Eastleigh,2021-07-25,29.0,37.0,41.0,43.0,45.0,48.0,51.0,54.0,57.0,59.0,61.0,66.0,77.0,inferred
Eastleigh,2021-07-26,40.0,48.0,54.0,55.0,57.0,61.6,65.0,68.0,72.0,74.0,76.0,83.1,92.0,inferred
Eastleigh,2021-07-27,38.0,45.0,50.0,52.0,54.0,57.0,61.0,64.0,67.0,70.0,72.0,78.1,88.0,inferred
Eastleigh,2021-07-28,38.0,46.0,52.0,54.0,55.0,59.0,62.0,65.0,69.0,70.0,73.0,79.0,89.0,inferred
Eastleigh,2021-07-29,37.0,44.0,49.0,51.0,53.0,56.0,59.0,62.0,66.0,68.0,70.0,77.0,87.0,inferred
Eastleigh,2021-07-30,35.0,42.0,46.0,48.0,50.0,52.0,56.0,59.0,62.0,64.0,66.2,72.0,80.0,inferred
Eastleigh,2021-07-31,28.0,35.0,39.0,41.0,43.0,45.0,48.0,51.0,54.0,56.0,58.0,62.0,71.0,inferred
Eastleigh,2021-08-01,30.0,36.0,41.0,42.0,44.0,47.0,50.0,53.0,56.0,57.0,59.0,65.0,74.0,inferred
Eastleigh,2021-08-02,42.0,50.0,56.0,58.0,60.0,64.0,67.0,70.4,75.0,77.0,79.0,86.0,98.0,inferred
Eastleigh,2021-08-03,42.0,50.0,55.0,57.0,59.0,62.0,66.0,70.0,73.0,75.0,78.0,84.0,94.0,inferred
Eastleigh,2021-08-04,43.0,49.0,56.0,58.0,60.0,63.0,66.0,69.0,73.0,75.0,78.0,85.1,96.0,inferred
Eastleigh,2021-08-05,40.0,49.0,54.0,56.0,57.0,61.0,64.0,67.0,71.0,73.0,75.0,82.0,93.0,inferred
Eastleigh,2021-08-06,37.0,44.0,48.0,50.0,52.0,56.0,59.0,62.0,65.0,67.0,69.0,76.0,86.0,inferred
Eastleigh,2021-08-07,30.0,36.0,41.0,43.0,44.0,48.0,50.0,53.0,57.0,58.2,61.0,66.0,76.0,inferred
Eastleigh,2021-08-08,31.0,38.0,42.0,44.0,46.0,49.0,52.0,55.0,58.0,60.0,63.0,68.0,78.0,inferred
Eastleigh,2021-08-09,46.0,53.0,59.0,61.0,63.0,67.0,70.0,74.0,77.0,80.0,82.0,89.0,100.0,inferred
Eastleigh,2021-08-10,43.0,51.0,57.0,60.0,61.0,65.0,68.0,72.0,76.0,79.0,81.0,87.0,98.0,inferred
Eastleigh,2021-08-11,45.0,53.0,59.0,61.0,63.0,67.0,71.0,74.0,78.0,80.0,82.0,89.0,98.0,inferred
Eastleigh,2021-08-12,44.0,51.9,57.0,59.0,61.0,64.0,67.0,71.0,75.0,78.0,80.0,86.0,98.5,inferred
Eastleigh,2021-08-13,41.0,49.0,54.0,56.0,58.0,61.0,64.0,68.0,71.0,74.0,77.0,83.0,92.0,inferred
Eastleigh,2021-08-14,34.0,41.0,46.0,48.0,50.0,53.0,56.0,59.0,62.0,64.0,66.0,72.0,82.0,inferred
Eastleigh,2021-08-15,37.0,44.0,49.0,51.0,52.0,56.0,59.5,63.0,66.0,68.0,71.0,76.0,85.0,inferred
Eastleigh,2021-08-16,54.0,62.0,68.0,70.0,72.0,76.0,80.0,83.0,86.0,89.0,92.0,99.0,110.0,inferred
Eastleigh,2021-08-17,53.0,60.0,66.0,68.0,70.0,74.0,78.0,81.4,85.0,88.0,91.0,98.0,110.0,inferred
Eastleigh,2021-08-18,52.5,60.0,66.0,68.0,71.0,74.0,78.0,82.0,86.0,88.0,90.0,97.0,108.0,inferred
Eastleigh,2021-08-19,46.5,56.0,62.0,64.0,66.0,70.0,73.0,78.0,81.0,84.0,86.0,93.0,104.0,inferred
Eastleigh,2021-08-20,44.0,51.0,55.0,58.0,59.0,62.0,66.0,69.0,73.0,75.0,78.0,84.0,96.0,inferred
Eastleigh,2021-08-21,35.0,41.0,46.0,48.0,50.0,53.0,56.0,59.0,63.0,65.0,68.0,74.0,83.0,inferred
Eastleigh,2021-08-22,34.0,41.0,46.0,48.0,50.0,53.0,56.0,60.0,63.0,65.0,67.0,73.0,85.0,inferred
Eastleigh,2021-08-23,48.0,57.0,63.0,65.0,67.0,71.0,74.0,78.0,82.0,84.0,87.0,95.0,107.0,inferred
Eastleigh,2021-08-24,47.0,54.9,60.0,62.0,64.0,68.0,71.5,75.0,79.0,82.0,84.0,90.0,101.0,inferred
Eastleigh,2021-08-25,47.0,55.0,61.0,63.0,65.0,68.0,72.0,75.0,79.0,81.0,84.0,91.0,104.0,inferred
Eastleigh,2021-08-26,45.0,52.9,58.0,60.0,61.7,65.0,68.0,72.0,76.0,78.0,80.0,87.0,100.0,inferred
Eastleigh,2021-08-27,39.0,47.0,53.0,55.0,57.0,61.0,64.0,67.0,71.0,73.0,75.0,81.0,92.0,inferred
Eastleigh,2021-08-28,34.0,40.0,45.0,47.0,49.0,51.0,54.0,57.0,60.0,62.0,64.0,70.0,79.0,inferred
Eastleigh,2021-08-29,35.0,42.0,46.0,48.0,50.0,53.6,56.0,59.0,63.0,65.0,67.0,73.0,83.0,inferred
Eastleigh,2021-08-30,50.0,57.0,64.0,66.0,68.0,71.0,75.0,79.0,82.0,85.0,87.0,94.0,107.0,inferred
Eastleigh,2021-08-31,49.0,57.0,62.0,64.0,66.0,69.0,73.0,76.0,81.0,83.0,85.0,92.0,103.0,inferred
Eastleigh,2021-09-01,49.0,55.0,62.0,64.0,66.0,70.0,73.0,77.0,80.0,82.0,84.0,91.0,102.0,inferred
Eastleigh,2021-09-02,44.0,52.0,58.0,59.8,61.0,65.0,68.0,72.0,76.0,78.0,80.0,86.0,96.0,inferred
Eastleigh,2021-09-03,39.5,47.0,53.0,55.0,56.0,59.0,63.0,66.0,70.0,72.0,74.0,80.0,90.0,inferred
Eastleigh,2021-09-04,32.0,38.0,43.0,45.0,47.0,50.0,52.0,55.0,59.0,61.0,63.0,69.0,79.0,inferred
Eastleigh,2021-09-05,32.0,39.0,44.0,46.0,47.0,50.0,53.0,56.0,60.0,62.0,64.0,69.1,82.0,inferred
Eastleigh,2021-09-06,47.0,54.0,59.0,61.0,63.0,67.0,70.0,74.0,78.0,80.0,82.0,91.0,102.5,inferred
Eastleigh,2021-09-07,43.0,50.0,55.0,57.0,59.7,63.0,66.0,70.0,73.0,75.0,77.0,83.1,94.0,inferred
Eastleigh,2021-09-08,39.5,48.0,53.0,55.0,57.0,61.0,64.0,68.0,72.0,74.0,76.0,82.1,93.0,inferred
Eastleigh,2021-09-09,39.0,45.0,50.0,52.0,53.0,56.0,60.0,62.0,66.0,68.0,70.0,77.0,88.0,inferred
Eastleigh,2021-09-10,33.0,40.0,44.0,46.0,48.0,50.0,53.0,56.0,59.0,61.0,63.0,69.1,79.0,inferred
Eastleigh,2021-09-11,25.0,32.0,36.0,37.0,39.0,42.0,44.0,48.0,50.0,52.0,54.0,60.0,69.0,inferred
Eastleigh,2021-09-12,26.5,32.0,36.0,38.0,39.0,42.0,45.0,47.0,50.0,52.0,54.0,59.0,67.0,inferred
Eastleigh,2021-09-13,37.0,44.0,49.0,51.0,52.0,56.0,59.0,62.0,66.0,68.0,70.0,77.0,87.0,inferred
Eastleigh,2021-09-14,35.5,42.0,47.0,49.0,51.0,54.0,58.0,61.0,64.0,66.0,68.0,75.0,87.0,inferred
Eastleigh,2021-09-15,38.0,45.0,50.0,52.0,54.0,57.0,61.0,64.0,68.0,70.0,72.0,78.0,88.0,inferred
Eastleigh,2021-09-16,38.0,46.0,52.0,53.0,55.0,58.0,62.0,65.0,69.0,71.0,73.0,80.0,89.0,inferred
Eastleigh,2021-09-17,37.0,46.0,51.0,53.0,54.0,57.0,60.0,63.4,67.0,70.0,72.0,78.0,86.0,inferred
Eastleigh,2021-09-18,33.0,41.0,45.0,47.0,49.0,52.0,54.0,58.0,61.0,63.0,65.0,72.0,81.0,inferred
Eastleigh,2021-09-19,38.0,44.0,49.0,51.0,53.0,56.0,59.0,62.0,66.0,68.0,71.0,77.0,86.0,inferred
Eastleigh,2021-09-20,55.5,64.0,71.0,73.0,75.0,80.0,83.0,87.0,91.0,93.0,96.0,104.0,115.0,inferred
Eastleigh,2021-09-21,57.0,65.0,71.0,74.0,75.7,79.0,83.0,87.0,91.0,94.0,97.0,104.0,116.0,inferred
Eastleigh,2021-09-22,57.5,68.0,73.0,76.0,78.0,82.0,86.0,90.0,94.0,96.0,99.0,107.1,119.0,inferred
Eastleigh,2021-09-23,58.0,67.0,72.0,74.0,76.0,81.0,84.0,88.0,91.0,94.0,97.0,105.0,115.0,inferred
Eastleigh,2021-09-24,53.5,61.0,68.0,70.0,72.0,76.0,80.0,84.0,88.0,90.0,93.0,100.0,110.5,inferred
Eastleigh,2021-09-25,45.0,53.0,58.0,60.0,62.0,66.0,69.0,73.0,76.0,78.0,81.0,88.0,99.0,inferred
Eastleigh,2021-09-26,49.0,58.0,63.0,65.0,67.0,71.0,74.0,78.0,82.0,84.0,86.0,94.0,103.0,inferred
Eastleigh,2021-09-27,71.0,82.0,88.8,91.0,94.0,98.0,102.0,107.0,111.0,113.0,116.0,125.0,139.0,inferred
Eastleigh,2021-09-28,71.0,81.0,87.0,89.0,91.0,95.0,100.0,104.0,108.0,111.0,114.0,121.0,134.0,inferred
Eastleigh,2021-09-29,72.0,81.0,89.0,91.0,93.0,98.0,102.0,107.0,111.0,114.0,117.0,125.0,137.0,inferred
Eastleigh,2021-09-30,68.0,78.0,85.0,88.0,90.0,94.0,98.0,102.0,107.0,109.0,112.2,120.0,134.0,inferred
Eastleigh,2021-10-01,64.0,74.0,80.0,82.0,85.0,88.0,92.0,97.0,100.0,103.0,106.0,114.0,127.5,inferred
Eastleigh,2021-10-02,54.0,62.9,68.0,70.0,72.0,76.0,80.0,83.0,87.0,89.0,92.0,98.0,109.0,inferred
Eastleigh,2021-10-03,56.0,66.0,72.0,74.0,76.0,80.0,84.0,87.0,91.0,93.0,96.0,104.0,118.0,inferred
Eastleigh,2021-10-04,83.0,92.0,99.0,102.0,104.0,109.0,113.5,118.0,123.3,126.0,130.0,137.0,154.0,inferred
Eastleigh,2021-10-05,81.0,91.0,98.0,101.0,104.0,108.0,113.0,117.4,123.0,125.0,128.0,137.0,153.0,inferred
Eastleigh,2021-10-06,83.0,95.0,103.0,106.0,108.0,113.0,117.0,122.0,127.0,129.0,132.0,141.0,154.0,inferred
Eastleigh,2021-10-07,85.0,95.0,102.0,104.0,106.0,111.0,116.0,119.0,125.0,127.0,131.0,139.0,151.5,inferred
Eastleigh,2021-10-08,79.0,90.9,98.0,101.0,104.0,108.0,113.0,117.0,122.0,125.0,128.0,135.0,146.0,inferred
Eastleigh,2021-10-09,70.0,79.0,86.0,89.0,91.0,95.0,99.0,104.0,108.0,111.0,114.0,122.0,134.0,inferred
Eastleigh,2021-10-10,74.0,84.0,92.0,94.0,96.0,101.0,104.0,109.0,114.0,116.0,120.0,129.0,140.0,inferred
Eastleigh,2021-10-11,109.0,121.0,130.0,133.0,136.0,142.0,147.0,153.0,158.0,162.0,166.0,176.0,192.5,inferred
Eastleigh,2021-10-12,109.5,121.0,128.8,132.0,135.0,140.0,145.0,150.0,155.3,159.0,163.0,173.0,189.0,inferred
Eastleigh,2021-10-13,109.5,124.0,133.0,136.0,139.0,144.0,149.0,154.0,160.0,162.0,166.0,175.0,192.5,inferred
Eastleigh,2021-10-14,102.0,116.0,125.0,128.0,131.0,137.0,142.0,147.0,152.0,155.0,159.0,169.0,184.0,inferred
Eastleigh,2021-10-15,96.0,108.0,116.8,119.0,122.0,128.0,132.0,137.0,143.0,146.0,150.0,162.0,178.0,inferred
Eden,2021-07-03,5.0,7.0,9.0,10.0,10.0,12.0,13.0,14.0,16.0,17.0,18.0,20.0,26.0,inferred
Eden,2021-07-04,5.0,8.0,10.0,10.0,11.0,13.0,14.0,15.0,17.0,18.0,19.0,22.0,27.5,inferred
Eden,2021-07-05,9.0,13.0,15.0,16.0,17.0,19.0,21.0,22.0,25.0,26.0,27.0,31.0,37.0,inferred
Eden,2021-07-06,9.0,12.0,15.0,16.0,17.0,18.0,20.0,21.0,23.0,25.0,26.0,30.0,35.0,inferred
Eden,2021-07-07,9.0,13.0,15.0,16.0,17.0,19.0,21.0,22.0,24.0,26.0,27.0,30.0,36.0,inferred
Eden,2021-07-08,9.0,12.0,15.0,16.0,17.0,18.0,20.0,22.0,23.3,25.0,26.0,30.0,36.5,inferred
Eden,2021-07-09,8.0,11.0,14.0,15.0,16.0,17.0,19.0,21.0,23.0,24.0,25.0,28.1,34.0,inferred
Eden,2021-07-10,6.0,9.0,12.0,12.0,13.0,15.0,16.0,18.0,20.0,21.0,22.2,26.0,31.0,inferred
Eden,2021-07-11,8.0,11.0,13.0,14.0,15.0,17.0,18.0,20.0,22.0,23.0,24.0,28.0,34.0,inferred
Eden,2021-07-12,12.0,17.0,20.0,21.0,22.0,24.0,26.0,28.0,31.0,32.0,33.0,38.0,44.0,inferred
Eden,2021-07-13,11.0,15.0,18.0,19.0,20.0,22.0,24.0,26.0,28.0,30.0,31.0,35.0,42.0,inferred
Eden,2021-07-14,11.0,15.0,17.0,18.0,19.0,22.0,23.0,25.0,27.0,28.0,30.0,34.0,42.0,inferred
Eden,2021-07-15,10.0,13.0,16.0,17.0,18.0,20.0,22.0,23.0,26.0,27.0,28.0,32.0,37.0,inferred
Eden,2021-07-16,8.0,11.0,13.0,14.0,15.0,17.0,19.0,20.0,22.0,24.0,25.0,28.0,34.0,inferred
Eden,2021-07-17,5.0,8.0,10.0,11.0,12.0,13.0,15.0,16.0,18.0,19.0,20.0,23.0,29.0,inferred
Eden,2021-07-18,5.0,8.0,10.0,11.0,12.0,13.0,15.0,17.0,18.0,19.0,20.0,24.0,29.0,inferred
Eden,2021-07-19,9.0,11.0,14.0,15.0,16.0,18.0,20.0,21.0,23.0,25.0,26.0,29.0,35.0,inferred
Eden,2021-07-20,7.0,10.0,12.0,13.0,14.0,16.0,17.0,19.0,21.0,22.0,23.0,27.0,31.0,inferred
Eden,2021-07-21,6.0,9.0,11.0,12.0,13.0,14.0,16.0,17.0,19.0,20.0,21.0,25.0,31.0,inferred
Eden,2021-07-22,5.0,8.0,10.0,11.0,11.0,13.0,14.0,15.0,17.0,18.0,19.0,23.0,28.0,inferred
Eden,2021-07-23,3.0,6.0,7.0,8.0,9.0,10.0,11.0,13.0,14.0,15.0,16.0,19.0,24.0,inferred
Eden,2021-07-24,2.0,4.0,5.0,6.0,6.0,8.0,9.0,10.0,11.0,12.0,13.0,16.0,21.0,inferred
Eden,2021-07-25,2.0,4.0,5.0,6.0,6.0,7.0,8.0,10.0,11.0,12.0,13.0,15.0,19.0,inferred
Eden,2021-07-26,3.0,5.0,7.0,8.0,8.0,9.0,11.0,12.0,14.0,15.0,16.0,19.0,24.0,inferred
Eden,2021-07-27,3.0,4.0,6.0,7.0,7.0,8.0,10.0,11.0,12.0,13.0,14.0,17.0,22.0,inferred
Eden,2021-07-28,2.0,4.0,6.0,6.0,7.0,8.0,9.0,10.0,12.0,13.0,14.0,16.0,21.0,inferred
Eden,2021-07-29,2.0,4.0,5.0,6.0,6.0,8.0,9.0,10.0,11.0,12.0,13.0,15.0,21.0,inferred
Eden,2021-07-30,1.0,3.0,4.0,5.0,6.0,7.0,8.0,9.0,10.0,11.0,11.0,14.0,17.0,inferred
Eden,2021-07-31,1.0,2.0,3.0,4.0,4.0,5.0,6.0,7.0,9.0,9.0,10.0,13.0,16.0,inferred
Eden,2021-08-01,1.0,3.0,4.0,4.0,5.0,6.0,7.0,8.0,9.0,9.0,10.0,13.0,17.0,inferred
Eden,2021-08-02,2.0,4.0,6.0,6.0,7.0,8.0,9.0,10.0,12.0,13.0,14.0,16.0,21.0,inferred
Eden,2021-08-03,2.0,4.0,5.0,6.0,7.0,8.0,9.0,10.0,11.0,12.0,13.0,16.0,21.0,inferred
Eden,2021-08-04,2.0,4.0,6.0,7.0,7.0,8.0,10.0,11.0,12.0,13.0,14.0,17.0,21.0,inferred
Eden,2021-08-05,3.0,5.0,6.0,7.0,7.0,9.0,10.0,11.0,12.0,13.0,14.0,17.0,20.0,inferred
Eden,2021-08-06,2.0,4.0,6.0,7.0,7.0,8.0,9.0,10.4,12.0,13.0,14.0,16.0,21.0,inferred
Eden,2021-08-07,2.0,4.0,5.0,5.0,6.0,7.0,8.0,10.0,11.0,12.0,13.0,15.0,20.0,inferred
Eden,2021-08-08,2.0,4.0,6.0,7.0,7.0,9.0,10.0,11.0,12.0,13.0,14.0,17.0,22.0,inferred
Eden,2021-08-09,5.0,8.0,10.0,11.0,12.0,13.0,15.0,16.0,18.0,19.0,20.0,24.0,29.0,inferred
Eden,2021-08-10,6.0,8.0,11.0,12.0,12.0,14.0,15.0,17.0,19.0,20.0,21.0,24.0,29.0,inferred
Eden,2021-08-11,7.0,10.0,12.0,13.0,14.0,15.0,17.0,19.0,21.0,22.0,23.0,26.1,32.0,inferred
Eden,2021-08-12,7.0,11.0,13.0,14.0,15.0,17.0,18.0,20.0,22.0,23.0,24.0,28.0,33.0,inferred
Eden,2021-08-13,8.0,11.0,14.0,15.0,16.0,17.0,19.0,21.0,23.0,24.0,25.0,28.0,34.0,inferred
Eden,2021-08-14,7.0,10.0,12.0,13.0,14.0,16.0,17.0,19.0,21.0,22.0,23.0,26.1,32.0,inferred
Eden,2021-08-15,8.0,12.0,15.0,16.0,17.0,18.0,20.0,22.0,24.0,25.0,26.0,30.0,36.0,inferred
Eden,2021-08-16,17.0,21.0,23.8,25.0,26.0,28.0,31.0,33.0,35.0,37.0,38.0,43.0,50.0,inferred
Eden,2021-08-17,15.0,20.0,23.0,24.0,25.0,27.0,29.0,32.0,35.0,36.0,37.0,42.0,49.0,inferred
Eden,2021-08-18,15.0,19.0,22.0,24.0,25.0,27.0,29.0,32.0,34.0,36.0,37.0,42.0,49.0,inferred
Eden,2021-08-19,14.0,18.9,22.0,23.0,24.0,26.0,28.0,30.0,32.0,34.0,35.0,40.0,46.5,inferred
Eden,2021-08-20,12.0,16.0,19.0,20.0,21.0,23.0,24.0,26.0,29.0,30.0,31.0,35.0,42.0,inferred
Eden,2021-08-21,9.0,12.0,15.0,16.0,17.0,18.0,20.0,22.0,24.0,25.0,26.0,30.0,36.0,inferred
Eden,2021-08-22,10.0,13.0,16.0,17.0,17.0,19.0,21.0,22.0,24.0,26.0,27.0,31.0,37.0,inferred
Eden,2021-08-23,14.0,18.0,21.0,23.0,23.0,26.0,28.0,30.0,33.0,34.0,36.0,41.0,47.5,inferred
Eden,2021-08-24,13.0,17.0,20.0,21.0,22.0,24.0,26.0,28.0,30.0,32.0,33.0,37.0,44.0,inferred
Eden,2021-08-25,14.0,17.0,20.0,21.0,22.0,25.0,27.0,28.0,31.0,32.0,33.0,38.0,45.0,inferred
Eden,2021-08-26,13.0,17.0,20.0,21.0,21.0,24.0,26.0,27.0,30.0,31.0,32.0,37.0,43.0,inferred
Eden,2021-08-27,11.0,15.0,17.0,19.0,20.0,21.0,23.0,25.0,27.0,28.0,30.0,34.0,40.0,inferred
Eden,2021-08-28,8.0,12.0,15.0,16.0,16.7,18.0,20.0,22.0,24.0,25.0,26.0,30.0,36.0,inferred
Eden,2021-08-29,9.0,13.0,15.0,17.0,18.0,19.0,21.0,23.0,25.0,27.0,28.0,31.0,37.0,inferred
Eden,2021-08-30,14.5,19.0,23.0,24.0,25.0,28.0,30.0,32.0,34.0,36.0,37.0,42.0,50.0,inferred
Eden,2021-08-31,14.0,19.0,22.0,24.0,25.0,27.0,29.0,31.0,33.0,34.0,36.0,41.0,47.0,inferred
Eden,2021-09-01,15.0,20.0,23.0,24.0,25.0,27.0,29.0,31.0,34.0,35.0,36.0,41.0,48.0,inferred
Eden,2021-09-02,14.0,18.0,21.0,23.0,24.0,26.0,28.0,30.0,32.0,33.0,35.0,40.0,46.0,inferred
Eden,2021-09-03,13.0,17.0,19.0,21.0,22.0,24.0,26.0,28.0,30.0,31.0,33.0,37.0,44.0,inferred
Eden,2021-09-04,10.0,14.0,16.8,18.0,19.0,20.0,22.0,24.0,26.0,27.0,28.0,32.0,37.5,inferred
Eden,2021-09-05,11.0,15.0,18.0,19.0,20.0,22.0,23.0,25.0,27.0,28.0,30.0,34.0,39.0,inferred
Eden,2021-09-06,18.0,23.0,26.0,27.0,29.0,31.0,33.0,35.0,38.0,39.0,41.0,46.0,54.0,inferred
Eden,2021-09-07,17.0,21.0,24.0,25.0,26.0,29.0,31.0,33.0,36.0,37.0,39.0,43.0,49.0,inferred
Eden,2021-09-08,15.0,20.0,23.0,25.0,26.0,28.0,30.0,32.0,34.0,36.0,37.0,42.0,50.0,inferred
Eden,2021-09-09,14.0,18.0,22.0,23.0,24.0,26.0,28.0,30.0,32.0,34.0,35.0,40.0,47.0,inferred
Eden,2021-09-10,12.0,15.0,18.0,19.0,21.0,23.0,25.0,27.0,29.0,30.0,31.0,35.0,42.0,inferred
Eden,2021-09-11,9.0,12.0,15.0,16.0,17.0,19.0,20.0,22.0,24.0,25.0,27.0,30.0,36.0,inferred
Eden,2021-09-12,10.0,13.0,15.0,17.0,17.0,19.0,21.0,23.0,25.0,26.0,27.0,31.0,37.0,inferred
Eden,2021-09-13,14.0,18.0,21.0,23.0,24.0,26.0,28.0,30.0,32.0,34.0,35.0,39.0,47.0,inferred
Eden,2021-09-14,12.0,16.0,19.0,20.0,21.0,23.0,25.0,27.0,30.0,31.0,32.0,37.0,44.0,inferred
Eden,2021-09-15,13.0,17.0,20.0,21.0,22.0,24.0,26.0,28.0,31.0,32.0,33.0,38.0,45.0,inferred
Eden,2021-09-16,13.0,17.0,19.0,20.0,21.0,24.0,25.0,27.0,30.0,31.0,32.0,36.0,43.5,inferred
Eden,2021-09-17,10.0,15.0,17.0,19.0,20.0,22.0,24.0,26.0,28.0,29.0,30.0,35.0,40.5,inferred
Eden,2021-09-18,9.0,12.0,15.0,16.0,17.0,18.0,20.0,21.0,24.0,25.0,26.0,30.0,35.5,inferred
Eden,2021-09-19,10.0,13.0,16.0,17.0,18.0,20.0,22.0,23.0,25.0,27.0,28.0,32.0,39.0,inferred
Eden,2021-09-20,16.0,21.0,24.0,25.0,26.0,29.0,31.0,33.0,35.0,37.0,38.0,42.0,50.0,inferred
Eden,2021-09-21,15.0,19.0,22.0,23.0,24.0,26.0,28.0,30.0,33.0,34.0,36.0,40.0,48.0,inferred
Eden,2021-09-22,14.0,19.0,22.0,23.0,24.0,26.0,28.0,31.0,33.0,35.0,36.0,40.0,48.0,inferred
Eden,2021-09-23,14.0,17.0,21.0,22.0,23.0,25.0,27.0,29.0,31.0,32.0,34.0,38.0,47.0,inferred
Eden,2021-09-24,12.0,16.0,19.0,20.0,21.0,23.0,25.0,27.0,28.0,30.0,31.0,35.0,41.0,inferred
Eden,2021-09-25,9.0,12.0,15.0,16.0,17.0,19.0,20.0,22.0,24.0,25.0,26.0,29.0,35.0,inferred
Eden,2021-09-26,10.0,13.0,16.0,17.0,18.0,20.0,22.0,24.0,25.0,26.0,28.0,32.0,38.5,inferred
Eden,2021-09-27,15.0,20.0,23.0,24.8,26.0,28.0,30.0,32.0,35.0,37.0,38.0,42.0,50.5,inferred
Eden,2021-09-28,14.0,18.0,21.0,22.0,24.0,26.0,28.0,30.0,33.0,34.0,36.0,39.1,47.0,inferred
Eden,2021-09-29,14.0,19.0,23.0,24.0,25.0,27.0,29.0,31.0,34.0,35.0,36.0,40.0,49.0,inferred
Eden,2021-09-30,14.0,19.0,22.0,23.0,24.0,27.0,29.0,31.0,33.0,35.0,36.0,41.0,48.0,inferred
Eden,2021-10-01,13.0,18.0,21.0,22.0,23.0,25.0,27.0,29.0,32.0,33.0,34.0,38.0,45.0,inferred
Eden,2021-10-02,11.5,15.0,18.0,19.0,20.0,22.0,24.0,26.0,28.0,29.0,31.0,34.0,42.0,inferred
Eden,2021-10-03,13.0,17.0,20.0,21.0,22.0,24.0,26.0,28.0,30.0,31.0,33.0,36.0,44.0,inferred
Eden,2021-10-04,20.0,26.0,29.0,31.0,32.0,35.0,37.0,39.0,42.0,44.0,45.0,50.0,58.0,inferred
Eden,2021-10-05,20.0,24.0,28.0,30.0,31.0,33.0,36.0,38.0,41.0,42.0,44.0,49.0,56.0,inferred
Eden,2021-10-06,19.0,25.0,28.0,30.0,31.0,33.0,36.0,38.0,41.0,43.0,45.0,49.0,56.5,inferred
Eden,2021-10-07,19.0,24.0,27.0,28.0,29.0,32.0,34.0,36.0,39.0,41.0,42.2,47.0,56.0,inferred
Eden,2021-10-08,17.0,22.0,25.0,26.0,27.0,30.0,32.0,34.0,36.0,38.0,40.0,44.0,50.0,inferred
Eden,2021-10-09,14.0,17.0,20.0,21.0,22.0,24.0,26.0,28.0,30.0,32.0,33.0,37.0,44.0,inferred
Eden,2021-10-10,15.0,18.0,22.0,23.0,24.0,26.0,28.0,30.0,32.3,34.0,35.0,40.0,46.0,inferred
Eden,2021-10-11,22.0,28.0,31.8,33.0,35.0,37.0,39.0,42.0,44.0,46.0,48.0,52.0,61.0,inferred
Eden,2021-10-12,20.0,25.0,29.0,31.0,32.0,34.0,37.0,39.0,42.0,43.0,45.0,50.0,60.0,inferred
Eden,2021-10-13,19.5,25.0,28.0,30.0,31.0,33.0,36.0,38.0,41.0,42.0,44.0,48.0,56.0,inferred
Eden,2021-10-14,18.0,22.0,25.0,27.0,28.0,30.0,33.0,36.0,38.0,39.0,41.0,45.0,53.0,inferred
Eden,2021-10-15,15.0,19.0,22.0,24.0,25.0,27.0,29.0,32.0,34.0,36.0,38.0,42.0,50.0,inferred
Elmbridge,2021-07-03,17.0,22.0,26.0,27.0,29.0,31.0,33.0,36.0,39.0,40.0,42.0,47.0,55.0,inferred
Elmbridge,2021-07-04,20.0,25.0,29.0,30.0,31.0,34.0,37.0,39.0,42.0,44.0,46.0,51.0,60.0,inferred
Elmbridge,2021-07-05,31.0,38.0,43.0,45.0,46.0,49.0,52.0,55.0,59.0,61.0,63.0,69.0,79.0,inferred
Elmbridge,2021-07-06,33.0,39.0,44.0,46.0,47.0,51.0,54.0,57.0,60.0,62.0,64.0,71.0,81.0,inferred
Elmbridge,2021-07-07,36.0,43.0,48.0,50.0,52.0,55.0,58.0,61.0,64.0,67.0,69.0,75.0,85.0,inferred
Elmbridge,2021-07-08,37.0,45.0,50.0,52.0,54.0,57.0,60.0,63.0,67.0,69.0,71.0,77.0,87.0,inferred
Elmbridge,2021-07-09,37.0,45.0,49.0,51.0,53.0,57.0,60.0,63.0,66.0,68.0,70.0,76.0,88.0,inferred
Elmbridge,2021-07-10,32.0,39.0,44.0,46.8,49.0,52.0,55.0,58.0,61.0,63.0,65.0,71.0,81.0,inferred
Elmbridge,2021-07-11,38.0,46.0,51.0,53.0,55.0,58.0,61.0,64.0,67.0,70.0,73.0,80.0,91.0,inferred
Elmbridge,2021-07-12,61.0,70.0,76.0,78.0,80.0,85.0,88.0,93.0,98.0,100.0,103.0,111.0,123.0,inferred
Elmbridge,2021-07-13,58.0,68.0,74.0,76.0,79.0,83.0,87.0,92.0,96.0,99.0,102.0,111.0,123.5,inferred
Elmbridge,2021-07-14,59.0,68.0,74.0,77.0,79.7,84.0,87.0,91.0,96.0,99.0,101.2,109.0,122.0,inferred
Elmbridge,2021-07-15,55.0,64.0,70.0,72.0,74.0,79.0,83.0,86.4,91.0,93.0,96.0,104.0,118.5,inferred
Elmbridge,2021-07-16,46.0,57.0,62.0,65.0,66.0,70.0,74.0,77.0,81.0,84.0,87.0,95.0,106.0,inferred
Elmbridge,2021-07-17,39.0,47.0,52.0,54.0,55.0,59.0,62.0,66.0,69.0,71.0,74.0,81.0,91.0,inferred
Elmbridge,2021-07-18,39.0,47.0,51.0,53.0,55.0,59.0,62.0,66.0,69.0,72.0,74.0,81.0,93.0,inferred
Elmbridge,2021-07-19,55.0,63.0,69.0,71.8,74.0,78.0,82.0,86.0,90.0,93.0,95.0,103.0,115.0,inferred
Elmbridge,2021-07-20,49.0,58.0,63.0,66.0,68.0,72.0,76.0,80.0,84.0,86.0,88.2,97.0,109.0,inferred
Elmbridge,2021-07-21,45.0,53.0,59.0,62.0,64.0,68.0,72.0,75.0,79.0,82.0,84.0,90.0,102.0,inferred
Elmbridge,2021-07-22,38.0,46.0,51.0,53.0,54.0,58.0,62.0,65.0,69.0,71.0,73.0,80.0,90.0,inferred
Elmbridge,2021-07-23,31.5,39.0,43.0,45.0,47.0,50.0,53.0,56.0,60.0,62.0,64.0,70.0,81.0,inferred
Elmbridge,2021-07-24,24.0,29.0,33.0,35.0,36.0,39.0,42.0,45.0,48.0,49.0,51.0,56.0,64.0,inferred
Elmbridge,2021-07-25,21.5,28.0,31.0,33.0,34.0,37.0,40.0,42.0,45.0,47.0,48.2,54.0,62.0,inferred
Elmbridge,2021-07-26,29.0,35.9,40.0,42.0,43.0,46.0,49.0,53.0,56.0,58.0,60.0,66.0,75.0,inferred
Elmbridge,2021-07-27,27.0,33.0,38.0,39.0,41.0,45.0,48.0,51.0,54.0,55.0,58.0,64.0,75.0,inferred
Elmbridge,2021-07-28,28.0,35.0,39.0,40.0,42.0,45.0,48.0,51.0,55.0,56.0,58.0,64.0,74.5,inferred
Elmbridge,2021-07-29,27.0,33.0,38.0,40.0,41.0,44.0,47.0,50.0,53.3,56.0,58.0,63.0,73.0,inferred
Elmbridge,2021-07-30,25.0,32.0,36.0,38.0,39.0,42.0,45.0,48.0,51.0,53.0,55.0,61.0,71.0,inferred
Elmbridge,2021-07-31,21.0,26.0,31.0,32.0,34.0,37.0,39.0,42.0,45.0,47.0,49.0,55.0,64.5,inferred
Elmbridge,2021-08-01,22.5,29.0,33.0,35.0,36.0,39.0,42.0,45.0,47.0,49.0,51.0,56.0,66.0,inferred
Elmbridge,2021-08-02,34.0,42.0,46.0,48.0,50.0,53.0,56.5,60.0,64.0,66.0,68.0,74.0,86.0,inferred
Elmbridge,2021-08-03,33.0,41.0,46.0,48.0,50.0,53.0,56.0,60.0,63.3,65.2,68.0,75.0,85.5,inferred
Elmbridge,2021-08-04,35.0,41.9,46.0,49.0,51.0,55.0,57.0,60.0,64.0,67.0,69.0,75.0,87.0,inferred
Elmbridge,2021-08-05,33.0,40.9,45.0,47.0,49.0,52.0,55.0,59.0,62.0,65.0,67.0,73.0,84.0,inferred
Elmbridge,2021-08-06,31.0,38.0,42.0,44.0,46.0,49.0,52.0,55.0,58.0,60.0,62.0,69.0,79.0,inferred
Elmbridge,2021-08-07,25.0,31.0,36.0,37.0,39.0,41.0,44.0,47.0,50.0,52.0,54.0,60.0,70.0,inferred
Elmbridge,2021-08-08,26.0,33.0,37.0,38.0,40.0,43.0,46.0,49.0,52.0,54.0,56.0,61.0,71.0,inferred
Elmbridge,2021-08-09,39.0,46.0,51.0,53.8,55.0,59.0,62.0,66.0,70.0,72.0,74.2,81.0,92.0,inferred
Elmbridge,2021-08-10,37.0,44.0,50.0,52.0,54.0,58.0,61.0,64.0,68.0,70.0,73.0,80.0,91.0,inferred
Elmbridge,2021-08-11,38.0,45.0,51.0,53.0,55.0,58.0,62.0,65.0,69.0,71.0,73.0,80.0,91.0,inferred
Elmbridge,2021-08-12,37.0,44.0,49.0,51.0,53.0,56.0,59.0,63.0,66.0,69.0,71.0,78.0,87.0,inferred
Elmbridge,2021-08-13,35.0,41.0,46.0,48.0,50.0,53.0,56.0,60.0,63.0,66.0,68.0,74.0,84.0,inferred
Elmbridge,2021-08-14,29.0,35.0,40.0,42.0,43.0,46.0,49.0,52.0,55.0,57.0,59.0,65.0,74.5,inferred
Elmbridge,2021-08-15,30.0,37.0,41.0,43.0,45.0,48.0,52.0,55.0,58.0,59.0,62.0,67.0,77.5,inferred
Elmbridge,2021-08-16,44.0,52.0,58.0,60.0,62.0,65.0,68.5,73.0,77.0,79.0,81.0,88.0,101.0,inferred
Elmbridge,2021-08-17,43.5,50.0,57.0,59.0,61.0,64.0,68.0,71.0,74.0,76.0,79.0,87.0,98.5,inferred
Elmbridge,2021-08-18,41.0,50.0,55.0,57.0,59.0,63.0,66.0,70.0,74.0,76.0,78.0,86.0,95.0,inferred
Elmbridge,2021-08-19,38.0,45.0,50.0,52.0,54.0,58.0,61.0,64.0,68.0,71.0,73.0,80.0,91.0,inferred
Elmbridge,2021-08-20,34.0,41.0,45.0,47.0,49.0,52.0,55.0,59.0,62.3,64.2,67.0,73.0,84.0,inferred
Elmbridge,2021-08-21,26.0,32.0,37.0,38.0,40.0,43.0,46.0,49.0,52.0,54.0,56.0,62.0,71.0,inferred
Elmbridge,2021-08-22,26.0,33.0,37.0,38.0,40.0,43.0,45.0,48.0,52.0,53.0,56.0,62.0,71.0,inferred
Elmbridge,2021-08-23,36.0,44.0,49.0,51.0,53.0,56.0,59.0,63.0,67.0,69.0,72.0,78.1,88.5,inferred
Elmbridge,2021-08-24,35.0,43.0,48.0,49.0,51.0,54.0,57.0,61.0,65.0,67.0,69.0,76.0,86.0,inferred
Elmbridge,2021-08-25,34.0,42.0,47.8,49.0,51.0,54.0,58.0,61.0,65.0,67.0,69.0,76.0,86.5,inferred
Elmbridge,2021-08-26,33.0,41.0,45.0,47.0,49.0,52.0,56.0,59.0,63.0,65.0,67.0,72.0,83.0,inferred
Elmbridge,2021-08-27,30.5,37.0,42.0,44.0,45.0,49.0,52.0,55.0,59.0,61.0,63.0,69.0,80.0,inferred
Elmbridge,2021-08-28,26.0,31.0,35.0,37.0,39.0,41.0,44.0,47.4,51.0,52.0,54.0,60.0,69.0,inferred
Elmbridge,2021-08-29,26.5,33.0,38.0,39.0,41.0,44.0,47.0,50.0,53.0,55.0,57.0,62.0,73.5,inferred
Elmbridge,2021-08-30,40.0,48.0,53.0,55.0,57.0,61.0,64.0,67.0,71.0,74.0,76.0,83.0,95.0,inferred
Elmbridge,2021-08-31,37.0,45.0,51.0,53.0,55.0,58.0,62.0,65.0,69.0,71.0,73.0,80.0,93.0,inferred
Elmbridge,2021-09-01,38.0,47.0,52.0,54.0,56.0,60.0,63.0,66.0,70.0,72.0,75.0,81.0,92.0,inferred
Elmbridge,2021-09-02,37.0,44.0,49.0,51.0,53.0,56.0,59.0,63.0,66.0,69.0,71.0,78.0,89.0,inferred
Elmbridge,2021-09-03,32.0,38.0,45.0,47.0,48.0,51.0,54.0,57.0,61.0,63.0,65.0,71.0,81.0,inferred
Elmbridge,2021-09-04,25.0,32.0,36.0,38.0,40.0,43.0,46.0,49.0,52.0,53.0,55.2,61.0,71.0,inferred
Elmbridge,2021-09-05,26.0,33.0,37.0,39.0,40.0,44.0,46.0,50.0,53.0,55.0,57.0,63.0,71.0,inferred
Elmbridge,2021-09-06,39.0,47.0,52.0,54.8,56.0,60.0,63.0,67.0,71.0,73.0,75.0,82.0,93.5,inferred
Elmbridge,2021-09-07,36.0,43.0,49.0,51.0,53.0,56.0,60.0,63.0,67.0,69.0,71.0,79.0,90.0,inferred
Elmbridge,2021-09-08,35.5,43.0,49.0,50.8,52.0,55.0,59.0,62.0,66.0,69.0,71.0,77.0,86.5,inferred
Elmbridge,2021-09-09,34.0,39.9,45.0,47.0,48.0,52.0,55.0,58.0,62.0,64.0,66.0,72.0,84.0,inferred
Elmbridge,2021-09-10,28.5,36.0,41.0,43.0,44.0,47.0,50.0,54.0,57.0,59.0,61.0,67.0,77.0,inferred
Elmbridge,2021-09-11,23.0,29.0,33.0,35.0,36.0,39.0,42.0,45.0,48.0,49.0,51.0,57.0,66.0,inferred
Elmbridge,2021-09-12,24.0,30.0,34.0,35.0,37.0,39.0,42.0,45.0,49.0,50.0,53.0,58.0,68.0,inferred
Elmbridge,2021-09-13,34.0,41.0,46.0,48.0,50.0,53.0,57.0,60.0,63.3,66.0,68.0,74.0,85.0,inferred
Elmbridge,2021-09-14,33.0,41.0,46.0,48.0,49.7,53.0,56.0,60.0,63.0,65.0,67.0,74.0,85.0,inferred
Elmbridge,2021-09-15,38.0,46.0,50.0,52.0,54.0,58.0,60.0,64.0,67.3,70.0,72.0,79.0,89.5,inferred
Elmbridge,2021-09-16,39.0,46.0,52.0,54.0,56.0,59.0,63.0,66.0,70.0,72.0,74.0,82.0,91.0,inferred
Elmbridge,2021-09-17,38.0,45.0,51.0,53.0,55.0,58.0,62.0,65.0,68.0,70.0,73.0,79.0,91.0,inferred
Elmbridge,2021-09-18,33.0,41.0,46.0,48.0,50.0,53.0,56.0,60.0,63.0,65.0,67.0,73.1,85.0,inferred
Elmbridge,2021-09-19,39.0,46.0,51.0,53.0,55.0,59.0,62.0,65.0,69.0,71.0,74.0,80.0,90.0,inferred
Elmbridge,2021-09-20,59.0,69.0,75.0,78.0,80.7,85.0,89.0,94.0,98.0,100.0,103.0,112.0,125.0,inferred
Elmbridge,2021-09-21,59.0,68.0,75.0,77.0,80.0,85.0,88.0,93.0,97.0,100.0,103.0,110.0,124.0,inferred
Elmbridge,2021-09-22,59.0,69.0,76.0,79.0,81.0,85.0,89.0,93.0,99.0,101.0,104.0,112.0,124.0,inferred
Elmbridge,2021-09-23,57.0,65.9,72.0,74.8,76.0,81.0,85.0,89.0,94.0,96.0,99.0,107.0,121.0,inferred
Elmbridge,2021-09-24,52.0,62.0,67.0,70.0,72.0,76.0,79.0,83.0,87.0,89.0,92.0,99.0,114.0,inferred
Elmbridge,2021-09-25,44.0,52.0,57.0,59.0,61.0,64.0,68.0,72.0,75.3,77.0,80.0,87.0,98.0,inferred
Elmbridge,2021-09-26,45.0,53.0,59.0,61.0,63.0,67.0,70.0,74.0,78.0,80.0,82.0,89.0,100.0,inferred
Elmbridge,2021-09-27,66.0,75.0,81.8,85.0,87.0,91.0,95.0,100.0,105.0,108.0,111.0,120.0,131.0,inferred
Elmbridge,2021-09-28,63.0,72.0,79.0,81.0,84.0,89.0,93.0,97.0,102.0,105.0,108.0,116.0,127.5,inferred
Elmbridge,2021-09-29,64.0,75.0,82.0,84.0,87.0,91.0,95.0,99.0,104.0,107.0,110.0,118.0,129.0,inferred
Elmbridge,2021-09-30,63.0,72.0,78.0,81.0,83.0,87.0,92.0,96.0,101.0,103.0,106.0,114.0,127.0,inferred
Elmbridge,2021-10-01,58.5,68.0,74.0,77.0,79.0,84.0,88.0,92.0,97.0,99.0,102.0,110.0,124.0,inferred
Elmbridge,2021-10-02,49.5,58.0,64.0,66.0,69.0,72.0,76.0,80.0,84.0,86.0,89.0,96.0,108.5,inferred
Elmbridge,2021-10-03,52.0,61.0,68.0,70.0,72.0,75.0,80.0,83.0,87.0,89.0,92.2,99.0,110.0,inferred
Elmbridge,2021-10-04,75.0,86.9,94.0,97.0,100.0,104.0,109.0,114.0,119.0,122.0,125.0,134.0,149.5,inferred
Elmbridge,2021-10-05,76.0,86.0,93.0,96.0,98.0,103.0,108.0,112.0,117.0,120.0,123.0,131.0,146.0,inferred
Elmbridge,2021-10-06,77.0,89.0,96.0,99.8,102.0,107.0,111.0,116.0,121.0,124.0,128.0,137.0,150.0,inferred
Elmbridge,2021-10-07,77.0,87.0,95.0,97.0,100.0,105.0,109.0,114.0,118.0,121.0,124.0,133.0,149.0,inferred
Elmbridge,2021-10-08,74.0,84.0,90.0,93.0,96.0,100.0,104.0,109.0,114.0,117.0,120.0,128.0,141.5,inferred
Elmbridge,2021-10-09,63.0,72.0,79.0,81.0,83.0,87.0,91.0,96.0,101.0,103.0,106.0,113.1,127.0,inferred
Elmbridge,2021-10-10,67.0,78.0,84.0,87.0,89.0,94.0,98.0,103.0,107.0,109.0,112.0,120.0,137.0,inferred
Elmbridge,2021-10-11,99.0,110.0,118.0,121.0,124.0,129.0,134.0,139.0,144.0,148.0,152.0,161.0,175.0,inferred
Elmbridge,2021-10-12,93.0,105.0,113.0,116.8,119.0,125.0,129.0,134.0,139.0,143.0,146.0,155.0,170.0,inferred
Elmbridge,2021-10-13,93.0,106.0,115.0,118.0,121.0,126.0,131.0,136.0,142.0,145.0,149.0,158.0,172.5,inferred
Elmbridge,2021-10-14,87.0,99.0,107.0,110.0,113.0,118.0,124.0,129.0,135.0,138.0,141.0,152.0,169.0,inferred
Elmbridge,2021-10-15,79.0,89.0,98.0,101.0,103.7,109.0,115.0,119.0,124.0,127.0,131.0,139.0,155.0,inferred
Enfield,2021-07-03,24.0,32.0,38.0,41.0,43.0,48.0,52.0,57.0,61.0,64.0,67.0,77.0,90.0,inferred
Enfield,2021-07-04,29.0,37.0,43.0,46.0,48.0,52.0,56.0,61.0,66.0,68.0,71.0,79.0,95.5,inferred
Enfield,2021-07-05,45.0,55.9,64.0,67.0,70.0,76.0,81.0,86.0,91.0,94.0,98.0,108.0,123.0,inferred
Enfield,2021-07-06,46.0,57.0,65.0,68.0,70.0,75.0,80.0,85.0,91.0,94.0,98.0,108.0,124.0,inferred
Enfield,2021-07-07,53.5,64.0,71.0,74.0,76.0,82.0,87.0,93.0,99.0,102.0,106.0,116.0,133.0,inferred
Enfield,2021-07-08,55.0,66.0,76.0,79.0,82.0,88.0,94.0,99.4,105.0,109.0,113.0,124.0,143.0,inferred
Enfield,2021-07-09,54.0,66.9,75.0,78.0,81.0,87.0,92.0,98.0,103.3,107.0,111.0,121.0,140.5,inferred
Enfield,2021-07-10,48.0,60.0,68.0,71.0,74.0,80.0,84.0,89.0,95.0,99.0,102.0,113.0,132.0,inferred
Enfield,2021-07-11,54.0,68.0,77.0,80.0,82.0,87.6,93.0,99.0,106.0,110.0,114.0,125.0,145.0,inferred
Enfield,2021-07-12,86.0,103.9,115.0,119.0,123.0,130.0,137.0,144.0,151.0,156.0,161.0,175.0,199.5,inferred
Enfield,2021-07-13,92.5,109.0,119.0,123.8,127.0,134.0,140.0,147.0,155.0,159.0,164.0,177.0,201.0,inferred
Enfield,2021-07-14,96.0,112.0,123.0,128.0,131.0,139.0,146.0,153.0,161.0,166.0,170.0,185.1,206.0,inferred
Enfield,2021-07-15,97.0,114.0,123.0,127.0,130.7,137.0,145.0,151.0,158.0,163.0,168.2,184.0,203.5,inferred
Enfield,2021-07-16,89.5,104.0,115.0,118.0,122.0,129.0,135.0,142.0,149.3,154.2,161.0,173.0,196.0,inferred
Enfield,2021-07-17,77.0,89.0,100.0,103.0,107.0,112.0,118.0,125.0,132.0,136.0,139.0,150.0,169.5,inferred
Enfield,2021-07-18,78.0,93.0,102.0,105.0,110.0,116.0,122.0,129.0,136.0,141.0,146.0,158.0,176.0,inferred
Enfield,2021-07-19,117.0,134.0,145.0,150.0,154.0,164.0,172.0,179.0,187.0,191.2,197.0,212.0,236.5,inferred
Enfield,2021-07-20,111.0,125.0,137.0,141.0,145.0,153.0,160.0,168.0,176.0,180.0,185.0,200.0,224.0,inferred
Enfield,2021-07-21,102.0,117.0,130.0,133.0,137.0,145.0,152.0,161.0,169.0,175.0,180.0,193.0,213.5,inferred
Enfield,2021-07-22,92.0,105.0,114.0,118.0,123.0,130.0,136.0,143.0,150.0,154.0,159.0,172.1,192.5,inferred
Enfield,2021-07-23,75.0,88.0,97.0,101.0,104.0,110.0,115.0,122.0,129.0,132.0,138.0,152.0,169.5,inferred
Enfield,2021-07-24,55.5,68.0,75.0,78.8,81.0,87.0,92.0,98.0,103.0,106.0,110.0,121.1,140.0,inferred
Enfield,2021-07-25,50.5,62.0,70.0,73.0,76.0,81.0,87.0,92.0,98.0,102.0,106.0,116.0,133.0,inferred
Enfield,2021-07-26,71.0,82.0,92.0,96.0,99.0,105.0,111.0,117.0,125.0,128.0,133.0,145.0,164.0,inferred
Enfield,2021-07-27,63.0,75.0,84.0,88.0,91.7,97.0,103.0,109.0,115.0,118.0,123.0,133.1,153.0,inferred
Enfield,2021-07-28,63.0,76.0,84.0,89.0,92.0,97.0,103.0,110.0,117.0,122.0,126.0,138.0,156.5,inferred
Enfield,2021-07-29,61.0,75.0,82.0,86.0,89.0,94.0,101.0,106.0,112.3,116.0,120.0,132.0,152.0,inferred
Enfield,2021-07-30,57.0,69.0,77.0,80.0,83.0,89.0,95.0,100.0,105.0,108.0,113.0,126.0,144.0,inferred
Enfield,2021-07-31,44.5,56.0,63.0,66.0,69.0,74.0,78.5,83.0,89.0,93.0,97.0,107.0,123.0,inferred
Enfield,2021-08-01,46.0,56.0,65.0,68.0,70.0,75.0,80.0,85.0,91.0,95.0,99.0,110.0,129.0,inferred
Enfield,2021-08-02,69.0,83.0,91.0,95.0,98.0,104.0,110.5,116.0,123.0,126.0,130.2,142.0,165.5,inferred
Enfield,2021-08-03,67.5,81.0,90.0,93.8,97.0,102.0,108.0,114.4,121.0,124.0,128.0,139.0,158.0,inferred
Enfield,2021-08-04,70.0,83.0,92.0,95.0,98.0,105.0,112.0,117.0,123.3,128.0,132.0,145.0,164.5,inferred
Enfield,2021-08-05,69.0,80.0,89.0,93.0,96.0,102.0,107.0,114.0,122.0,126.0,131.0,143.0,160.0,inferred
Enfield,2021-08-06,62.0,74.0,82.0,85.0,89.0,95.0,102.0,108.0,114.0,118.0,122.0,133.1,151.5,inferred
Enfield,2021-08-07,51.0,63.0,71.0,73.0,76.0,82.0,87.0,93.0,98.0,102.0,106.0,117.0,134.0,inferred
Enfield,2021-08-08,50.0,64.0,72.0,75.0,78.0,83.0,89.0,95.0,100.0,103.2,108.0,117.0,136.0,inferred
Enfield,2021-08-09,81.0,94.0,104.0,107.0,111.0,116.0,123.0,130.0,137.0,142.0,146.0,159.0,184.0,inferred
Enfield,2021-08-10,78.0,90.9,100.0,104.0,107.0,114.0,120.0,127.0,134.0,138.0,144.0,157.0,176.0,inferred
Enfield,2021-08-11,78.0,91.0,100.0,104.0,108.0,114.0,120.0,127.0,133.0,137.0,142.0,153.1,177.0,inferred
Enfield,2021-08-12,72.0,87.0,96.0,99.0,102.0,108.0,114.0,121.0,128.0,131.0,136.0,149.0,168.0,inferred
Enfield,2021-08-13,63.5,77.0,86.0,90.0,93.0,99.0,104.0,110.0,115.0,119.0,123.0,137.0,158.0,inferred
Enfield,2021-08-14,51.0,63.0,71.0,75.0,78.0,84.0,88.0,93.0,99.0,102.0,106.0,117.0,131.0,inferred
Enfield,2021-08-15,51.0,62.0,70.0,74.0,77.0,82.0,87.0,93.0,99.0,102.0,106.0,118.0,136.5,inferred
Enfield,2021-08-16,76.5,89.9,99.0,103.0,106.0,112.6,119.0,125.0,133.0,137.2,142.0,156.0,176.5,inferred
Enfield,2021-08-17,70.0,83.0,93.0,97.0,101.0,107.0,113.0,119.0,126.0,130.0,134.0,147.0,166.0,inferred
Enfield,2021-08-18,70.0,84.0,93.0,97.0,101.0,107.0,113.0,119.0,125.0,129.0,133.0,146.1,167.0,inferred
Enfield,2021-08-19,65.0,78.0,87.0,91.0,94.0,101.0,107.0,114.0,121.0,124.0,129.0,141.1,159.0,inferred
Enfield,2021-08-20,59.0,71.0,79.0,83.0,85.0,91.0,97.0,103.0,109.0,113.0,118.0,131.0,150.0,inferred
Enfield,2021-08-21,46.0,58.0,65.0,68.0,70.7,76.0,81.0,87.0,93.0,96.0,99.0,110.0,130.0,inferred
Enfield,2021-08-22,47.0,57.0,65.0,68.0,71.0,76.0,82.0,87.0,92.0,95.0,98.2,108.0,123.0,inferred
Enfield,2021-08-23,68.0,81.9,90.0,94.0,97.0,104.0,110.0,116.0,124.0,128.0,132.0,144.0,161.5,inferred
Enfield,2021-08-24,64.5,78.0,87.0,90.0,94.0,100.0,107.0,113.0,120.0,124.0,128.0,141.0,157.0,inferred
Enfield,2021-08-25,64.5,77.0,87.0,90.0,93.0,99.0,106.0,112.0,118.0,122.0,127.0,139.0,159.5,inferred
Enfield,2021-08-26,63.0,76.0,84.0,88.0,91.0,97.0,104.0,109.0,115.0,119.0,123.0,134.0,156.0,inferred
Enfield,2021-08-27,57.0,69.0,78.0,81.0,84.0,89.0,95.0,100.0,106.0,110.0,115.0,127.0,147.0,inferred
Enfield,2021-08-28,45.0,56.0,64.0,67.0,70.0,75.0,80.0,85.0,91.0,95.0,99.0,110.0,128.0,inferred
Enfield,2021-08-29,46.0,57.0,66.0,69.0,71.0,77.0,82.0,87.0,92.0,95.0,99.0,109.1,129.0,inferred
Enfield,2021-08-30,71.0,83.0,93.0,97.0,100.0,105.0,110.0,117.0,124.0,128.0,133.0,144.0,160.0,inferred
Enfield,2021-08-31,65.5,79.0,88.0,92.0,95.0,102.0,109.0,113.4,120.0,124.0,128.0,142.0,159.0,inferred
Enfield,2021-09-01,70.5,84.0,92.0,96.0,99.0,104.6,110.0,117.0,123.0,126.0,130.0,143.0,162.0,inferred
Enfield,2021-09-02,65.0,79.0,88.0,92.0,96.0,101.0,107.0,113.0,119.0,124.0,128.0,139.0,160.0,inferred
Enfield,2021-09-03,61.5,74.0,83.0,86.0,89.0,95.0,100.0,105.0,111.0,115.0,120.0,132.0,152.0,inferred
Enfield,2021-09-04,50.0,60.0,68.0,71.0,74.0,79.0,85.0,91.0,97.0,101.0,104.0,116.0,132.0,inferred
Enfield,2021-09-05,51.0,62.0,70.0,73.0,76.0,81.0,87.0,93.0,99.0,102.0,106.0,118.0,136.0,inferred
Enfield,2021-09-06,78.0,91.0,101.0,105.0,109.0,115.0,121.0,127.0,134.0,139.0,142.2,155.0,179.0,inferred
Enfield,2021-09-07,70.0,83.0,93.0,97.0,101.0,107.0,114.0,120.0,126.0,130.0,136.0,145.1,166.0,inferred
Enfield,2021-09-08,71.0,82.0,91.0,94.0,98.0,103.0,109.0,114.0,122.0,125.0,129.0,143.0,165.0,inferred
Enfield,2021-09-09,62.0,75.0,84.0,87.0,90.0,96.0,101.0,107.0,113.0,117.0,121.0,132.0,155.0,inferred
Enfield,2021-09-10,49.0,62.0,70.0,73.0,76.0,82.0,87.0,92.0,98.0,102.0,106.0,117.0,134.0,inferred
Enfield,2021-09-11,40.0,49.9,56.0,59.0,62.0,66.0,70.0,75.0,81.0,84.0,88.0,97.0,114.0,inferred
Enfield,2021-09-12,35.0,45.0,52.0,55.0,57.7,62.0,68.0,72.0,78.0,81.0,85.0,94.0,112.0,inferred
Enfield,2021-09-13,52.0,62.0,70.0,73.0,76.7,82.0,88.0,94.0,101.0,104.0,107.2,120.0,137.5,inferred
Enfield,2021-09-14,49.5,59.0,67.0,69.0,73.0,78.0,84.0,89.0,95.0,98.0,102.0,113.0,132.0,inferred
Enfield,2021-09-15,51.0,62.0,72.0,75.0,79.0,85.0,90.0,95.0,101.0,104.0,108.0,119.0,135.0,inferred
Enfield,2021-09-16,50.0,62.0,71.0,74.0,77.0,83.0,88.0,93.0,99.0,103.0,106.0,116.0,134.0,inferred
Enfield,2021-09-17,48.0,58.0,66.0,69.0,72.0,77.0,82.0,88.0,94.0,97.0,101.0,112.0,129.0,inferred
Enfield,2021-09-18,40.0,49.0,57.0,60.0,63.0,68.0,73.0,78.0,83.0,87.0,91.0,101.0,116.0,inferred
Enfield,2021-09-19,45.0,54.0,62.0,65.0,67.0,72.0,78.0,83.0,89.0,92.0,95.0,105.0,121.0,inferred
Enfield,2021-09-20,65.0,77.0,87.0,91.8,94.7,101.0,106.0,113.0,119.0,123.0,127.0,138.0,159.0,inferred
Enfield,2021-09-21,65.0,77.0,86.0,90.0,94.0,99.0,105.0,111.0,118.0,122.0,126.0,137.0,158.5,inferred
Enfield,2021-09-22,67.0,80.0,90.0,94.0,98.0,103.0,108.0,115.0,122.0,125.0,129.2,141.1,162.5,inferred
Enfield,2021-09-23,65.0,79.0,87.0,91.0,94.0,101.0,106.5,112.0,118.3,122.0,127.0,140.0,158.5,inferred
Enfield,2021-09-24,60.0,72.0,80.0,84.0,87.0,92.0,97.0,103.0,109.0,113.0,118.0,130.0,151.5,inferred
Enfield,2021-09-25,49.0,61.0,67.0,71.0,74.0,79.0,84.0,90.0,96.0,100.0,103.0,114.0,131.5,inferred
Enfield,2021-09-26,51.0,62.0,69.0,72.0,75.0,81.0,86.0,91.0,97.0,101.0,105.0,115.0,132.0,inferred
Enfield,2021-09-27,75.0,88.0,97.0,101.0,104.7,110.6,117.0,124.0,131.0,135.0,140.0,152.0,172.5,inferred
Enfield,2021-09-28,74.0,85.0,95.0,99.0,103.0,109.0,115.0,120.0,128.0,132.0,136.2,150.0,169.0,inferred
Enfield,2021-09-29,71.5,87.0,98.0,102.0,105.0,111.0,117.0,124.0,130.3,134.0,139.0,153.0,175.0,inferred
Enfield,2021-09-30,71.0,85.0,95.0,99.0,102.0,108.0,114.0,120.0,127.0,131.0,136.0,150.0,170.0,inferred
Enfield,2021-10-01,66.0,79.0,88.0,91.0,95.0,101.0,107.0,113.0,119.0,123.0,127.0,140.0,162.5,inferred
Enfield,2021-10-02,55.5,67.0,75.0,78.0,82.0,87.0,92.0,98.0,104.0,108.0,112.0,123.0,139.0,inferred
Enfield,2021-10-03,57.0,69.0,78.0,81.0,84.0,89.0,94.0,100.4,107.0,110.0,114.2,127.0,147.0,inferred
Enfield,2021-10-04,86.5,101.0,112.0,116.0,120.0,128.0,133.0,139.0,146.3,151.0,155.0,168.0,188.0,inferred
Enfield,2021-10-05,82.0,99.0,109.0,112.0,115.7,122.0,129.0,136.0,143.0,147.0,152.0,165.0,189.0,inferred
Enfield,2021-10-06,84.0,100.0,112.0,116.0,119.0,126.0,132.0,139.0,147.0,152.0,156.0,168.0,190.5,inferred
Enfield,2021-10-07,85.5,100.0,110.0,113.0,117.0,123.0,130.0,137.0,145.0,149.0,154.0,168.0,188.0,inferred
Enfield,2021-10-08,76.0,89.0,99.0,102.0,106.0,112.0,119.0,124.0,132.0,136.0,140.0,153.0,173.0,inferred
Enfield,2021-10-09,61.0,74.0,83.0,86.0,89.0,97.0,103.0,109.0,115.0,119.0,123.0,135.0,154.5,inferred
Enfield,2021-10-10,63.5,76.0,85.0,88.0,91.0,98.0,103.0,109.0,116.0,120.0,123.0,133.1,151.5,inferred
Enfield,2021-10-11,94.0,107.0,120.0,124.0,128.0,136.0,144.0,150.0,158.0,162.0,168.0,182.1,203.5,inferred
Enfield,2021-10-12,92.0,106.0,117.0,121.0,124.0,131.0,137.0,144.0,152.0,157.0,162.2,177.0,203.0,inferred
Enfield,2021-10-13,93.0,107.0,116.0,120.0,123.7,131.0,138.0,145.0,153.0,157.0,162.0,176.0,199.0,inferred
Enfield,2021-10-14,84.0,97.0,109.0,112.0,116.0,123.0,129.0,136.0,143.0,148.0,153.0,167.0,188.0,inferred
Enfield,2021-10-15,72.0,86.0,95.0,99.0,103.0,110.0,116.0,123.0,131.0,135.0,140.0,153.0,175.0,inferred
Epping Forest,2021-07-03,23.0,29.0,33.0,35.0,36.0,39.0,42.0,45.0,48.0,50.0,52.0,58.0,68.0,inferred
Epping Forest,2021-07-04,27.5,34.0,38.0,40.0,42.0,45.0,48.0,51.0,54.0,57.0,59.0,65.0,73.0,inferred
Epping Forest,2021-07-05,43.0,51.0,57.0,59.0,62.0,66.0,70.0,73.0,77.0,80.0,82.0,90.0,102.0,inferred
Epping Forest,2021-07-06,45.5,53.0,59.0,61.0,63.0,67.0,70.0,74.0,78.0,81.0,83.0,91.0,102.0,inferred
Epping Forest,2021-07-07,51.0,58.0,64.0,66.0,69.0,72.0,77.0,81.0,85.0,88.0,91.0,99.0,113.0,inferred
Epping Forest,2021-07-08,53.5,61.0,67.0,69.0,72.0,76.0,79.0,83.0,87.0,89.0,92.0,99.1,112.0,inferred
Epping Forest,2021-07-09,50.5,59.0,65.0,67.0,70.0,74.0,78.0,82.0,87.0,89.0,92.0,99.0,113.0,inferred
Epping Forest,2021-07-10,46.0,54.0,59.0,61.0,63.0,67.0,71.0,74.0,78.0,81.0,84.0,91.0,102.0,inferred
Epping Forest,2021-07-11,52.0,60.9,67.0,69.0,72.0,76.0,79.0,82.4,87.0,89.0,92.0,100.0,112.0,inferred
Epping Forest,2021-07-12,76.5,91.0,99.0,102.0,105.0,110.0,115.0,120.0,126.0,128.0,131.0,140.1,155.0,inferred
Epping Forest,2021-07-13,78.0,89.0,97.0,100.0,102.0,108.0,113.0,118.0,122.0,124.0,128.0,137.1,153.0,inferred
Epping Forest,2021-07-14,80.0,91.0,98.0,101.0,103.0,108.0,113.0,118.0,123.0,126.0,129.0,138.0,153.0,inferred
Epping Forest,2021-07-15,74.0,85.0,92.0,95.0,97.0,102.0,107.0,111.0,116.3,119.0,123.0,132.0,143.0,inferred
Epping Forest,2021-07-16,66.0,75.0,82.0,84.8,87.0,92.0,96.0,100.0,105.0,107.0,111.0,120.0,134.0,inferred
Epping Forest,2021-07-17,52.0,61.0,67.0,69.0,71.0,75.0,79.0,83.0,87.0,90.0,92.0,100.0,112.0,inferred
Epping Forest,2021-07-18,54.0,63.0,68.0,71.0,73.0,76.0,80.0,84.0,89.0,91.0,93.0,102.0,116.0,inferred
Epping Forest,2021-07-19,70.0,83.0,90.0,93.0,95.0,101.0,105.0,110.0,115.0,118.0,122.0,131.0,144.0,inferred
Epping Forest,2021-07-20,63.0,73.0,80.0,82.0,84.0,89.0,94.0,99.0,103.0,106.0,109.0,118.0,129.0,inferred
Epping Forest,2021-07-21,60.0,70.0,76.0,79.0,81.0,85.0,89.0,93.0,97.0,100.0,103.0,111.0,124.0,inferred
Epping Forest,2021-07-22,51.0,61.0,65.0,68.0,70.0,74.0,78.0,82.0,86.0,89.0,92.0,99.0,113.0,inferred
Epping Forest,2021-07-23,41.0,49.0,55.0,57.0,59.0,62.0,66.0,70.0,74.0,76.0,79.0,86.0,96.5,inferred
Epping Forest,2021-07-24,30.0,37.0,42.0,44.0,45.0,48.0,51.0,54.0,58.0,60.0,62.0,68.0,79.0,inferred
Epping Forest,2021-07-25,28.0,34.0,39.0,40.0,42.0,45.0,48.0,52.0,55.0,57.0,59.0,65.0,76.5,inferred
Epping Forest,2021-07-26,36.0,44.0,49.0,52.0,53.0,57.0,60.0,64.0,68.0,70.0,73.0,80.0,92.0,inferred
Epping Forest,2021-07-27,32.0,39.0,44.0,46.0,48.0,51.0,54.0,58.0,61.0,64.0,67.0,73.1,85.0,inferred
Epping Forest,2021-07-28,34.0,40.0,45.0,47.0,48.0,51.0,55.0,58.0,62.0,64.0,66.0,72.0,82.0,inferred
Epping Forest,2021-07-29,30.0,37.0,41.0,43.0,45.0,48.0,52.0,55.0,59.0,61.0,63.0,69.0,81.0,inferred
Epping Forest,2021-07-30,27.5,33.0,38.0,40.0,42.0,45.0,48.0,51.0,54.0,56.0,58.0,65.0,73.0,inferred
Epping Forest,2021-07-31,22.0,27.0,31.0,33.0,34.0,37.0,39.0,42.0,46.0,47.0,49.0,54.0,63.5,inferred
Epping Forest,2021-08-01,22.0,28.0,32.0,34.0,36.0,38.0,41.0,44.0,47.3,49.0,51.0,57.0,67.0,inferred
Epping Forest,2021-08-02,33.0,39.0,44.0,47.0,48.0,52.0,55.0,58.0,62.0,64.0,67.0,74.0,83.0,inferred
Epping Forest,2021-08-03,31.0,38.0,43.0,45.0,46.0,50.0,53.0,56.0,59.0,61.0,64.0,71.0,83.0,inferred
Epping Forest,2021-08-04,31.0,38.9,43.0,45.0,47.0,50.0,53.0,56.0,59.0,61.0,64.0,71.0,80.0,inferred
Epping Forest,2021-08-05,28.0,37.0,41.0,43.0,45.0,48.0,51.0,54.0,58.0,59.0,61.0,69.0,78.0,inferred
Epping Forest,2021-08-06,27.0,33.0,37.0,39.0,40.0,44.0,47.0,50.0,53.0,55.0,58.0,64.0,75.0,inferred
Epping Forest,2021-08-07,21.0,26.9,31.0,32.0,34.0,37.0,39.0,42.0,46.0,48.0,50.0,56.0,64.5,inferred
Epping Forest,2021-08-08,21.5,28.0,32.0,34.0,35.0,38.0,41.0,44.0,47.0,49.0,50.0,57.0,67.5,inferred
Epping Forest,2021-08-09,33.0,39.0,44.0,46.0,48.0,52.0,55.5,59.0,62.0,64.0,67.0,72.0,83.5,inferred
Epping Forest,2021-08-10,32.0,37.0,42.0,44.0,45.7,49.0,52.0,56.0,60.0,61.0,64.0,71.0,82.0,inferred
Epping Forest,2021-08-11,32.5,38.9,43.0,45.0,47.0,50.0,53.0,57.0,61.0,63.0,65.0,72.0,82.5,inferred
Epping Forest,2021-08-12,30.0,37.0,42.0,44.0,45.7,49.0,52.0,55.0,59.0,60.0,62.0,69.0,77.0,inferred
Epping Forest,2021-08-13,27.0,33.0,38.0,40.0,41.0,45.0,47.0,50.0,54.0,55.0,57.0,63.0,74.0,inferred
Epping Forest,2021-08-14,22.0,27.0,32.0,33.0,35.0,38.0,40.0,43.0,46.0,47.0,50.0,55.0,64.0,inferred
Epping Forest,2021-08-15,22.0,28.0,32.0,34.0,36.0,39.0,42.0,44.0,47.0,49.0,51.0,58.0,67.0,inferred
Epping Forest,2021-08-16,32.5,40.0,45.0,47.0,49.0,52.0,56.0,59.0,63.0,64.0,66.0,73.0,84.0,inferred
Epping Forest,2021-08-17,31.0,38.0,43.0,45.0,46.0,50.0,53.0,56.0,60.0,62.0,64.0,70.0,81.5,inferred
Epping Forest,2021-08-18,32.0,39.0,43.0,45.0,47.0,50.0,53.0,56.0,59.0,61.0,63.2,70.0,80.0,inferred
Epping Forest,2021-08-19,28.0,36.0,41.0,43.0,45.0,47.0,50.0,53.0,57.0,59.0,61.0,68.0,78.0,inferred
Epping Forest,2021-08-20,25.0,32.0,37.0,38.0,40.0,43.0,46.0,49.0,52.0,54.0,56.0,62.0,70.0,inferred
Epping Forest,2021-08-21,19.0,25.0,29.0,31.0,32.0,35.0,38.0,40.0,43.0,45.0,47.0,53.0,62.0,inferred
Epping Forest,2021-08-22,22.0,27.0,31.0,32.0,34.0,36.0,39.0,42.0,45.0,47.0,48.0,54.0,63.0,inferred
Epping Forest,2021-08-23,30.0,37.0,42.0,44.0,46.0,49.0,52.0,55.0,59.0,61.0,63.0,69.0,80.5,inferred
Epping Forest,2021-08-24,28.0,36.0,40.0,42.0,44.0,47.0,50.0,53.0,57.0,59.0,61.0,68.0,77.5,inferred
Epping Forest,2021-08-25,30.0,36.0,41.0,43.0,45.0,48.0,51.0,54.0,58.0,60.0,62.0,68.0,77.0,inferred
Epping Forest,2021-08-26,28.0,36.0,40.0,42.0,44.0,47.0,50.0,53.0,57.0,59.0,61.0,67.0,77.0,inferred
Epping Forest,2021-08-27,26.0,32.0,37.0,38.0,40.0,43.0,46.0,49.0,52.0,54.0,56.0,63.0,73.0,inferred
Epping Forest,2021-08-28,21.0,27.0,31.0,33.0,34.0,37.0,39.0,42.0,46.0,47.0,49.0,55.0,64.0,inferred
Epping Forest,2021-08-29,22.0,29.0,33.0,34.0,36.0,39.0,42.0,44.0,48.0,49.0,51.0,57.0,66.0,inferred
Epping Forest,2021-08-30,34.0,41.0,47.0,49.0,50.0,54.0,57.0,60.0,64.0,67.0,69.0,76.0,86.5,inferred
Epping Forest,2021-08-31,33.0,39.0,44.0,46.0,48.0,51.0,55.0,59.0,62.0,64.0,67.0,73.1,84.5,inferred
Epping Forest,2021-09-01,35.0,41.0,46.0,48.0,49.0,52.0,55.0,58.0,62.0,64.0,67.0,74.0,85.0,inferred
Epping Forest,2021-09-02,30.5,37.0,43.0,45.0,47.0,50.0,53.0,56.0,60.0,62.0,65.0,71.0,82.0,inferred
Epping Forest,2021-09-03,29.0,35.0,39.8,41.0,43.0,47.0,49.0,53.0,56.0,58.0,60.0,66.0,77.0,inferred
Epping Forest,2021-09-04,22.0,28.0,32.0,34.0,35.0,38.0,41.0,44.0,47.0,49.0,51.0,57.0,66.0,inferred
Epping Forest,2021-09-05,25.0,30.0,34.0,36.0,38.0,41.0,43.0,47.0,50.0,52.0,54.0,60.0,69.0,inferred
Epping Forest,2021-09-06,35.0,43.0,48.0,50.0,52.0,55.0,58.0,62.0,66.0,68.0,70.0,76.0,87.0,inferred
Epping Forest,2021-09-07,31.0,38.0,43.0,46.0,47.0,51.0,54.0,57.0,61.0,63.0,65.0,72.0,83.0,inferred
Epping Forest,2021-09-08,30.5,37.0,42.0,44.0,46.0,49.0,52.0,55.0,59.0,61.0,63.0,69.0,79.0,inferred
Epping Forest,2021-09-09,27.0,33.0,37.0,39.0,41.0,44.0,47.0,50.0,54.0,56.0,57.0,64.0,74.0,inferred
Epping Forest,2021-09-10,23.5,29.0,33.0,35.0,36.0,39.0,42.0,45.0,48.0,49.0,52.0,57.0,67.0,inferred
Epping Forest,2021-09-11,16.0,22.0,25.0,27.0,28.0,31.0,33.0,35.4,38.0,40.0,42.0,46.0,55.0,inferred
Epping Forest,2021-09-12,15.5,21.0,24.0,26.0,27.0,30.0,32.0,35.0,38.0,39.0,41.0,47.0,56.5,inferred
Epping Forest,2021-09-13,23.0,29.0,33.0,35.0,36.0,39.0,42.0,45.0,48.0,49.0,52.0,58.0,66.5,inferred
Epping Forest,2021-09-14,21.0,26.0,30.0,32.0,33.0,36.0,39.0,42.0,45.0,47.0,49.0,54.0,63.0,inferred
Epping Forest,2021-09-15,21.0,27.0,32.0,33.0,34.0,37.0,40.0,43.0,46.0,47.0,49.0,55.0,64.0,inferred
Epping Forest,2021-09-16,20.0,25.0,29.8,31.0,32.0,35.0,38.0,40.0,44.0,46.0,48.0,53.0,62.0,inferred
Epping Forest,2021-09-17,18.0,23.0,27.0,28.0,30.0,32.6,35.0,38.0,41.0,43.0,44.2,50.0,60.0,inferred
Epping Forest,2021-09-18,14.0,19.0,23.0,24.0,26.0,28.0,30.0,33.0,36.0,37.0,39.0,44.0,50.5,inferred
Epping Forest,2021-09-19,15.0,20.0,24.0,25.0,27.0,29.0,31.0,33.0,37.0,38.0,40.0,45.0,54.0,inferred
Epping Forest,2021-09-20,24.0,29.0,34.0,35.0,37.0,39.0,42.0,45.0,49.0,51.0,52.0,58.0,69.0,inferred
Epping Forest,2021-09-21,21.0,27.0,31.0,33.0,34.0,37.0,40.0,43.0,46.0,48.0,51.0,57.0,66.0,inferred
Epping Forest,2021-09-22,21.5,29.0,33.0,34.0,36.0,39.0,41.0,44.0,48.0,50.0,52.0,58.0,69.0,inferred
Epping Forest,2021-09-23,22.0,28.0,32.0,33.0,35.0,38.0,40.0,43.0,47.0,48.0,50.0,57.0,67.5,inferred
Epping Forest,2021-09-24,19.0,24.0,28.0,30.0,31.0,34.0,36.0,39.0,43.0,44.0,46.0,52.0,60.0,inferred
Epping Forest,2021-09-25,15.0,21.0,24.0,25.0,26.0,29.0,31.0,34.0,36.0,38.0,40.0,44.0,52.0,inferred
Epping Forest,2021-09-26,17.0,21.0,24.0,26.0,27.0,30.0,33.0,35.0,38.0,40.0,42.0,47.0,55.5,inferred
Epping Forest,2021-09-27,24.0,30.0,35.0,36.0,38.0,41.0,44.0,47.0,50.0,52.0,54.0,60.0,70.5,inferred
Epping Forest,2021-09-28,23.0,29.0,33.0,35.0,37.0,40.0,43.0,46.0,49.0,50.0,53.0,59.0,68.0,inferred
Epping Forest,2021-09-29,25.0,30.0,35.0,36.0,38.0,41.0,44.0,47.0,50.0,52.0,54.0,60.0,68.0,inferred
Epping Forest,2021-09-30,23.0,29.9,34.0,35.0,37.0,40.0,43.0,46.0,49.0,51.0,53.0,59.0,67.0,inferred
Epping Forest,2021-10-01,22.0,27.0,31.0,33.0,35.0,37.0,40.0,43.0,45.3,47.0,49.0,55.0,62.0,inferred
Epping Forest,2021-10-02,16.0,22.0,27.0,28.0,29.0,31.0,34.0,37.0,40.0,42.0,44.0,49.0,57.5,inferred
Epping Forest,2021-10-03,18.0,24.0,28.0,29.0,30.0,33.0,35.0,38.0,42.0,43.0,45.0,50.0,60.0,inferred
Epping Forest,2021-10-04,28.0,35.0,40.0,41.0,43.0,46.0,49.0,52.0,55.0,57.0,60.0,65.1,76.0,inferred
Epping Forest,2021-10-05,27.0,34.0,39.0,40.0,42.0,45.0,48.0,51.0,55.0,57.0,59.0,64.0,74.0,inferred
Epping Forest,2021-10-06,29.0,36.0,41.0,43.0,44.0,47.0,50.0,53.0,56.0,58.0,61.0,67.0,78.0,inferred
Epping Forest,2021-10-07,29.0,34.0,38.0,40.0,42.0,46.0,49.0,52.0,55.0,58.0,60.0,66.0,77.0,inferred
Epping Forest,2021-10-08,26.0,32.0,37.0,38.0,40.0,43.0,46.0,49.0,53.0,55.0,57.0,63.0,73.0,inferred
Epping Forest,2021-10-09,22.0,28.0,32.0,34.0,35.0,38.0,41.0,43.0,46.0,48.0,51.0,56.1,66.0,inferred
Epping Forest,2021-10-10,23.0,29.0,34.0,35.0,37.0,40.0,42.0,46.0,49.0,51.0,53.0,58.1,67.0,inferred
Epping Forest,2021-10-11,36.0,44.0,49.0,52.0,54.0,57.6,61.0,64.0,67.0,70.0,72.0,79.0,89.0,inferred
Epping Forest,2021-10-12,35.0,43.9,48.0,50.0,52.0,56.0,59.0,62.0,66.0,68.0,70.0,78.0,89.0,inferred
Epping Forest,2021-10-13,37.0,43.0,49.0,51.0,52.0,56.0,60.0,63.0,67.0,69.0,72.0,79.0,88.0,inferred
Epping Forest,2021-10-14,35.0,42.0,47.0,49.0,51.0,55.0,58.0,61.0,65.0,67.0,70.0,77.0,88.5,inferred
Epping Forest,2021-10-15,31.0,37.0,42.0,44.0,46.0,50.0,52.0,56.0,59.0,62.0,64.0,71.0,83.0,inferred
Epsom and Ewell,2021-07-03,16.5,21.0,24.0,25.0,26.0,29.0,31.0,33.0,36.0,38.0,39.0,44.0,51.0,inferred
Epsom and Ewell,2021-07-04,17.0,22.0,25.0,26.0,28.0,30.0,32.0,35.0,37.0,39.0,40.0,45.0,53.0,inferred
Epsom and Ewell,2021-07-05,25.0,31.0,35.0,37.0,38.0,41.0,43.0,46.4,49.0,51.0,53.0,59.0,68.0,inferred
Epsom and Ewell,2021-07-06,26.0,31.0,35.0,36.0,38.0,41.0,44.0,46.0,49.3,51.0,53.0,59.0,68.0,inferred
Epsom and Ewell,2021-07-07,28.0,34.0,38.0,40.0,42.0,45.0,48.0,50.0,53.0,55.0,57.0,63.0,73.0,inferred
Epsom and Ewell,2021-07-08,28.0,35.0,40.0,41.0,43.0,46.0,48.0,51.0,54.0,56.0,58.0,64.0,73.0,inferred
Epsom and Ewell,2021-07-09,28.0,34.0,38.0,40.0,42.0,45.0,48.0,50.0,53.0,55.0,57.0,63.0,73.0,inferred
Epsom and Ewell,2021-07-10,26.0,31.0,35.0,37.0,38.0,41.0,44.0,46.0,49.0,51.0,53.0,59.0,69.0,inferred
Epsom and Ewell,2021-07-11,29.0,35.0,39.0,41.0,43.0,45.0,49.0,51.0,54.0,56.0,58.0,63.0,72.0,inferred
Epsom and Ewell,2021-07-12,44.0,53.0,58.0,61.0,62.0,66.0,69.0,73.0,76.0,79.0,81.0,88.0,99.0,inferred
Epsom and Ewell,2021-07-13,43.0,51.0,56.8,59.0,61.0,64.0,68.0,71.0,75.0,77.0,80.0,85.0,97.0,inferred
Epsom and Ewell,2021-07-14,44.0,51.0,55.8,58.0,60.0,63.0,67.0,70.0,74.0,76.0,79.0,86.0,97.0,inferred
Epsom and Ewell,2021-07-15,37.0,45.0,50.0,51.0,53.0,57.0,60.0,63.0,68.0,69.0,72.0,78.1,89.0,inferred
Epsom and Ewell,2021-07-16,32.5,39.0,44.0,45.8,47.0,50.0,53.0,56.0,59.0,61.0,63.0,70.0,78.5,inferred
Epsom and Ewell,2021-07-17,25.0,31.0,35.0,37.0,38.0,41.0,43.0,46.0,49.0,51.0,53.0,59.0,67.0,inferred
Epsom and Ewell,2021-07-18,23.0,29.9,33.0,35.0,37.0,40.0,42.0,45.0,47.3,49.0,51.0,56.0,64.0,inferred
Epsom and Ewell,2021-07-19,33.0,40.0,45.0,46.0,48.0,51.0,54.0,57.0,60.0,62.0,65.0,71.0,80.0,inferred
Epsom and Ewell,2021-07-20,28.0,35.0,40.0,41.0,43.0,45.0,48.0,51.0,54.3,56.0,58.0,64.0,71.0,inferred
Epsom and Ewell,2021-07-21,25.0,31.0,35.0,37.0,39.0,42.0,44.0,48.0,51.0,53.0,55.0,60.0,70.0,inferred
Epsom and Ewell,2021-07-22,20.5,26.0,30.0,31.0,33.0,35.0,38.0,41.0,44.0,46.0,47.0,53.0,62.0,inferred
Epsom and Ewell,2021-07-23,17.0,21.0,25.0,26.0,27.0,30.0,32.0,34.0,37.0,38.0,40.0,45.0,54.0,inferred
Epsom and Ewell,2021-07-24,11.0,15.0,18.8,20.0,21.0,23.0,25.0,27.0,29.0,31.0,32.0,37.0,44.0,inferred
Epsom and Ewell,2021-07-25,10.0,14.0,17.0,18.0,19.0,21.0,23.0,25.0,27.0,28.0,30.0,34.0,41.0,inferred
Epsom and Ewell,2021-07-26,14.0,18.0,21.0,22.0,24.0,26.0,28.0,30.0,33.0,34.0,36.0,41.0,49.0,inferred
Epsom and Ewell,2021-07-27,12.0,17.0,19.0,21.0,22.0,24.0,26.0,28.0,31.0,32.0,34.0,38.0,45.0,inferred
Epsom and Ewell,2021-07-28,12.0,16.0,20.0,21.0,22.0,24.0,27.0,29.0,31.0,32.0,34.0,38.0,44.5,inferred
Epsom and Ewell,2021-07-29,12.0,16.0,19.0,20.0,21.0,23.0,25.0,27.0,30.0,31.0,33.0,37.0,44.5,inferred
Epsom and Ewell,2021-07-30,10.0,15.0,18.0,19.0,20.0,22.0,24.0,26.0,28.0,30.0,31.0,35.0,43.0,inferred
Epsom and Ewell,2021-07-31,9.0,13.0,15.0,16.0,17.0,19.0,21.0,22.0,24.0,26.0,27.0,31.0,38.0,inferred
Epsom and Ewell,2021-08-01,10.0,13.0,16.0,17.0,18.0,20.0,22.0,24.0,26.0,27.0,29.0,33.0,39.0,inferred
Epsom and Ewell,2021-08-02,14.0,19.0,22.0,24.0,25.0,27.0,30.0,32.0,35.0,36.0,38.0,43.0,51.0,inferred
Epsom and Ewell,2021-08-03,14.0,19.0,22.0,23.0,25.0,27.0,29.0,32.0,34.3,36.0,38.0,43.0,50.0,inferred
Epsom and Ewell,2021-08-04,15.0,20.0,24.0,25.0,26.0,28.0,30.0,32.0,35.0,36.0,38.0,42.0,49.0,inferred
Epsom and Ewell,2021-08-05,15.0,19.0,22.0,23.0,24.0,26.0,28.0,31.0,33.0,34.0,36.0,41.0,48.5,inferred
Epsom and Ewell,2021-08-06,13.0,17.9,21.0,22.0,23.0,25.0,27.0,29.0,32.0,33.0,34.2,39.0,47.0,inferred
Epsom and Ewell,2021-08-07,11.0,15.0,17.0,18.0,19.0,21.0,23.0,25.4,28.0,29.0,30.0,34.0,42.0,inferred
Epsom and Ewell,2021-08-08,10.5,15.0,18.0,20.0,21.0,23.0,25.0,27.0,29.0,31.0,32.0,36.0,44.0,inferred
Epsom and Ewell,2021-08-09,18.0,22.0,26.0,27.0,29.0,31.0,33.0,36.0,38.0,40.0,42.0,46.0,54.0,inferred
Epsom and Ewell,2021-08-10,17.0,22.0,26.0,27.0,28.0,30.0,33.0,35.0,38.0,40.0,41.0,46.0,54.5,inferred
Epsom and Ewell,2021-08-11,18.0,23.0,27.0,28.0,30.0,32.0,34.0,37.0,40.0,41.0,43.0,48.0,57.5,inferred
Epsom and Ewell,2021-08-12,17.0,22.0,25.0,26.0,28.0,30.0,33.0,35.0,38.0,39.0,41.0,46.0,53.0,inferred
Epsom and Ewell,2021-08-13,14.5,20.0,23.0,24.0,26.0,28.0,30.0,33.0,35.0,36.0,38.0,43.0,50.0,inferred
Epsom and Ewell,2021-08-14,13.0,17.0,20.0,21.0,22.0,24.0,27.0,29.0,31.0,32.0,34.0,38.0,46.0,inferred
Epsom and Ewell,2021-08-15,14.0,17.0,20.0,22.0,23.0,25.0,27.0,30.0,32.0,33.0,35.0,39.0,46.0,inferred
Epsom and Ewell,2021-08-16,21.0,26.0,30.0,31.0,32.7,35.0,38.0,40.0,43.0,45.0,47.0,52.0,61.0,inferred
Epsom and Ewell,2021-08-17,19.0,25.0,28.0,30.0,32.0,34.0,36.0,39.0,42.0,44.0,46.0,52.0,61.5,inferred
Epsom and Ewell,2021-08-18,19.0,24.0,28.0,30.0,31.0,34.0,36.0,39.0,41.0,43.0,45.0,50.0,58.0,inferred
Epsom and Ewell,2021-08-19,17.0,22.0,26.0,27.0,28.0,31.0,33.0,36.0,38.0,40.0,41.0,46.0,54.0,inferred
Epsom and Ewell,2021-08-20,16.0,20.0,23.0,24.0,26.0,28.0,30.0,32.0,35.0,36.0,38.0,42.0,49.0,inferred
Epsom and Ewell,2021-08-21,11.0,15.0,18.0,19.0,20.0,22.0,24.0,26.0,29.0,30.0,31.0,36.0,43.0,inferred
Epsom and Ewell,2021-08-22,11.5,15.0,18.0,19.0,20.0,22.0,24.0,26.0,28.0,30.0,31.0,35.0,43.0,inferred
Epsom and Ewell,2021-08-23,16.5,21.0,24.0,26.0,27.0,30.0,32.0,34.0,36.0,38.0,40.0,45.0,52.0,inferred
Epsom and Ewell,2021-08-24,15.0,20.0,23.0,24.0,26.0,28.0,30.0,33.0,35.0,37.0,39.0,43.0,53.0,inferred
Epsom and Ewell,2021-08-25,14.0,19.0,22.0,24.0,25.0,27.0,30.0,33.0,35.0,37.0,38.0,43.0,50.0,inferred
Epsom and Ewell,2021-08-26,14.0,18.0,21.0,23.0,24.0,26.0,28.0,31.0,33.0,34.0,36.0,40.0,48.0,inferred
Epsom and Ewell,2021-08-27,12.0,17.0,20.0,21.0,22.0,24.0,26.0,28.0,31.0,33.0,34.0,39.0,47.0,inferred
Epsom and Ewell,2021-08-28,10.0,14.0,17.0,18.0,19.0,21.0,23.0,25.0,28.0,29.0,30.0,34.0,43.0,inferred
Epsom and Ewell,2021-08-29,11.0,15.0,18.0,19.0,20.0,22.0,24.0,26.0,28.0,30.0,31.0,35.0,43.0,inferred
Epsom and Ewell,2021-08-30,17.0,21.0,25.0,27.0,28.0,30.0,32.0,35.0,37.0,39.0,41.0,46.0,53.0,inferred
Epsom and Ewell,2021-08-31,17.0,21.0,25.0,26.0,28.0,30.0,32.0,35.0,37.0,39.0,41.0,45.0,52.5,inferred
Epsom and Ewell,2021-09-01,17.0,22.0,25.0,26.0,28.0,30.0,32.5,35.0,38.0,39.2,41.0,46.0,55.0,inferred
Epsom and Ewell,2021-09-02,16.0,21.0,24.0,25.0,26.0,29.0,31.0,34.0,36.0,38.0,40.0,44.0,52.0,inferred
Epsom and Ewell,2021-09-03,14.5,20.0,23.0,24.0,25.0,27.0,29.0,32.0,34.0,36.0,38.0,43.0,50.0,inferred
Epsom and Ewell,2021-09-04,12.0,16.0,19.0,20.0,21.0,23.0,26.0,28.0,30.0,31.0,33.0,37.0,45.0,inferred
Epsom and Ewell,2021-09-05,12.0,17.0,19.8,21.0,22.0,24.0,26.0,28.0,31.0,32.0,34.0,39.0,46.0,inferred
Epsom and Ewell,2021-09-06,18.0,24.0,28.0,29.0,30.0,33.0,35.0,38.0,41.0,42.0,44.0,49.0,56.0,inferred
Epsom and Ewell,2021-09-07,17.5,22.0,25.0,27.0,28.0,31.0,33.0,36.0,38.0,40.0,41.0,46.0,55.0,inferred
Epsom and Ewell,2021-09-08,17.0,22.0,25.0,27.0,28.0,31.0,33.0,36.0,38.0,40.0,41.0,46.0,54.0,inferred
Epsom and Ewell,2021-09-09,16.0,20.0,24.0,25.0,26.0,28.0,31.0,33.0,35.0,37.0,38.0,43.0,51.0,inferred
Epsom and Ewell,2021-09-10,14.0,18.0,22.0,23.0,24.0,26.0,28.0,31.0,33.0,34.0,36.0,41.0,48.0,inferred
Epsom and Ewell,2021-09-11,10.5,14.0,18.0,19.0,20.0,22.0,24.0,25.0,28.0,29.0,31.0,35.0,42.5,inferred
Epsom and Ewell,2021-09-12,10.0,14.0,17.0,18.0,19.0,22.0,24.0,26.0,28.0,29.0,30.0,35.0,42.0,inferred
Epsom and Ewell,2021-09-13,16.0,21.0,24.0,26.0,27.0,29.0,32.0,34.0,37.0,38.0,40.0,44.0,52.0,inferred
Epsom and Ewell,2021-09-14,16.0,21.0,24.0,26.0,27.0,29.0,31.0,34.0,37.0,38.0,40.0,45.0,53.0,inferred
Epsom and Ewell,2021-09-15,19.0,23.0,27.0,28.0,30.0,32.0,34.0,37.0,40.0,41.0,43.0,48.0,55.0,inferred
Epsom and Ewell,2021-09-16,19.0,24.9,28.8,30.0,31.0,33.6,36.0,39.0,41.0,43.0,45.0,49.0,59.0,inferred
Epsom and Ewell,2021-09-17,20.0,24.0,28.0,30.0,31.0,33.0,36.0,38.0,41.0,43.0,45.0,50.0,58.0,inferred
Epsom and Ewell,2021-09-18,17.5,22.0,26.0,27.0,28.0,30.0,33.0,35.0,38.0,39.0,41.0,46.0,53.0,inferred
Epsom and Ewell,2021-09-19,19.0,24.0,28.0,29.0,31.0,33.0,36.0,38.0,42.0,43.0,45.0,50.0,59.5,inferred
Epsom and Ewell,2021-09-20,31.0,37.0,42.0,44.0,45.0,49.0,52.0,55.0,58.0,60.0,63.0,68.0,77.0,inferred
Epsom and Ewell,2021-09-21,31.0,37.9,42.0,44.0,46.0,49.0,51.0,55.0,58.0,60.0,61.0,68.0,78.0,inferred
Epsom and Ewell,2021-09-22,31.5,37.0,42.0,44.0,46.0,48.0,51.0,54.0,58.0,60.0,63.0,69.0,81.0,inferred
Epsom and Ewell,2021-09-23,29.0,35.0,39.0,41.0,43.0,45.0,48.0,51.0,54.0,56.0,58.0,64.0,74.0,inferred
Epsom and Ewell,2021-09-24,24.0,30.0,34.0,36.0,37.0,40.0,43.0,46.0,49.0,51.0,53.0,58.0,67.0,inferred
Epsom and Ewell,2021-09-25,20.0,25.0,29.0,31.0,32.0,34.0,37.0,39.0,42.0,43.0,45.0,51.0,59.0,inferred
Epsom and Ewell,2021-09-26,20.0,25.0,29.0,31.0,32.0,35.0,37.0,39.4,42.0,44.0,46.0,51.0,59.0,inferred
Epsom and Ewell,2021-09-27,29.0,35.0,40.0,41.0,43.0,46.0,49.0,52.0,55.0,57.0,59.0,64.0,73.0,inferred
Epsom and Ewell,2021-09-28,27.0,33.0,37.0,39.0,40.7,43.0,46.0,49.0,52.0,54.0,56.0,62.0,70.0,inferred
Epsom and Ewell,2021-09-29,26.0,33.0,37.0,39.0,40.0,43.0,46.0,49.0,52.0,54.0,56.0,62.0,72.0,inferred
Epsom and Ewell,2021-09-30,24.0,30.0,34.0,36.0,37.0,40.0,43.0,46.0,49.0,51.0,53.0,58.0,68.0,inferred
Epsom and Ewell,2021-10-01,22.0,28.0,32.0,33.0,34.0,37.0,39.0,42.0,45.0,46.0,48.0,53.0,62.0,inferred
Epsom and Ewell,2021-10-02,17.0,22.0,26.0,28.0,29.0,31.0,33.0,36.0,38.0,40.0,42.0,47.0,56.0,inferred
Epsom and Ewell,2021-10-03,17.0,23.0,26.0,28.0,30.0,32.0,34.0,37.0,40.0,41.0,43.0,48.0,57.0,inferred
Epsom and Ewell,2021-10-04,26.0,32.0,36.0,38.0,40.0,43.0,45.0,48.0,51.3,53.0,55.2,62.0,70.0,inferred
Epsom and Ewell,2021-10-05,24.5,31.0,35.0,37.0,38.0,41.0,44.0,47.0,50.0,52.0,54.0,59.0,68.0,inferred
Epsom and Ewell,2021-10-06,26.0,32.0,36.0,38.0,40.0,43.0,45.0,48.0,51.0,53.0,55.0,60.0,69.0,inferred
Epsom and Ewell,2021-10-07,25.0,31.0,35.0,37.0,39.0,41.0,44.0,47.0,50.0,52.0,54.0,59.0,69.0,inferred
Epsom and Ewell,2021-10-08,24.0,30.0,34.0,36.0,37.0,40.0,42.0,45.0,48.0,50.0,52.0,58.0,67.0,inferred
Epsom and Ewell,2021-10-09,21.0,26.0,30.0,31.0,33.0,36.0,38.0,40.0,43.0,45.0,46.0,52.0,59.5,inferred
Epsom and Ewell,2021-10-10,21.0,27.0,31.0,33.0,34.0,37.0,39.0,42.0,45.0,47.0,49.0,54.0,63.0,inferred
Epsom and Ewell,2021-10-11,34.0,41.0,45.0,47.0,49.0,52.0,55.0,58.0,62.0,63.0,66.0,73.0,81.5,inferred
Epsom and Ewell,2021-10-12,32.0,40.0,44.0,46.0,48.0,51.0,55.0,58.0,61.0,63.0,65.0,71.0,81.0,inferred
Epsom and Ewell,2021-10-13,33.5,41.0,45.0,47.0,49.0,52.0,56.0,59.0,62.0,65.0,67.0,74.0,84.5,inferred
Epsom and Ewell,2021-10-14,31.0,38.0,43.0,45.0,47.0,50.0,52.0,56.0,60.0,62.0,64.0,70.0,80.0,inferred
Epsom and Ewell,2021-10-15,27.0,34.9,39.0,41.0,43.0,46.0,50.0,53.0,56.0,59.0,61.0,67.0,76.0,inferred
Erewash,2021-07-03,24.0,30.0,34.0,35.0,37.0,39.0,42.0,45.0,48.0,49.0,51.0,57.0,66.0,inferred
Erewash,2021-07-04,30.0,36.0,41.0,42.0,44.0,47.0,50.0,53.0,57.0,59.0,61.0,67.0,76.0,inferred
Erewash,2021-07-05,49.0,57.0,63.0,65.0,67.0,71.0,74.0,77.0,81.0,84.0,87.0,94.0,104.0,inferred
Erewash,2021-07-06,53.0,61.0,66.0,69.0,71.0,74.0,77.0,80.0,83.0,86.0,89.0,94.0,105.0,inferred
Erewash,2021-07-07,58.0,67.0,72.0,74.0,76.0,80.0,83.0,86.0,90.0,92.0,94.0,99.0,109.0,inferred
Erewash,2021-07-08,61.5,69.0,75.0,77.0,79.0,83.0,86.0,89.0,93.0,96.0,98.0,106.0,116.0,inferred
Erewash,2021-07-09,59.0,67.0,73.0,75.0,77.0,80.0,84.0,87.0,91.0,93.0,96.0,102.0,112.0,inferred
Erewash,2021-07-10,54.0,62.0,67.0,69.0,71.0,74.0,77.0,81.0,84.0,86.0,89.0,94.0,105.0,inferred
Erewash,2021-07-11,63.0,72.0,78.0,81.0,82.0,86.0,90.0,94.0,97.0,99.0,102.0,108.0,119.0,inferred
Erewash,2021-07-12,96.5,107.0,114.0,118.0,120.0,124.0,129.0,133.0,138.0,141.0,144.0,152.0,164.0,inferred
Erewash,2021-07-13,92.0,102.0,110.0,113.0,115.0,119.0,124.0,128.0,132.0,135.0,138.0,146.1,161.0,inferred
Erewash,2021-07-14,89.5,100.0,106.0,109.0,111.0,116.0,120.0,124.0,129.0,132.0,134.0,142.0,156.0,inferred
Erewash,2021-07-15,79.0,89.0,96.0,99.0,101.0,105.0,109.0,113.0,118.0,120.0,123.0,131.0,142.5,inferred
Erewash,2021-07-16,67.0,75.0,81.0,83.0,85.0,89.0,92.0,96.4,100.0,102.2,105.0,111.0,122.0,inferred
Erewash,2021-07-17,50.0,57.0,63.0,65.0,67.0,70.0,73.0,76.0,80.0,82.0,84.0,89.0,99.5,inferred
Erewash,2021-07-18,51.0,58.0,63.0,65.0,66.0,70.0,73.0,76.0,80.0,82.0,84.0,91.0,102.0,inferred
Erewash,2021-07-19,67.0,75.0,81.0,83.0,86.0,90.0,93.0,96.4,101.0,102.0,105.0,112.1,124.0,inferred
Erewash,2021-07-20,57.0,66.0,71.0,73.0,75.0,78.0,82.0,85.0,89.0,91.0,94.0,100.0,111.0,inferred
Erewash,2021-07-21,51.0,58.0,63.0,65.0,67.0,70.6,74.0,77.0,81.0,83.0,85.0,91.0,101.5,inferred
Erewash,2021-07-22,45.0,51.0,56.0,57.0,59.0,62.0,65.0,68.0,72.0,73.0,75.0,81.0,89.0,inferred
Erewash,2021-07-23,34.0,40.0,44.0,46.0,47.0,50.0,53.0,55.0,59.0,61.0,63.0,67.0,74.0,inferred
Erewash,2021-07-24,25.0,29.0,33.0,34.8,36.0,38.0,41.0,43.0,46.0,48.0,49.0,54.0,63.0,inferred
Erewash,2021-07-25,23.0,28.0,33.0,34.0,35.0,37.0,40.0,42.0,45.0,47.0,49.0,53.0,61.0,inferred
Erewash,2021-07-26,31.0,37.0,41.0,43.0,44.0,47.0,50.0,53.0,56.0,57.0,59.0,64.0,73.0,inferred
Erewash,2021-07-27,28.0,33.0,37.8,39.0,41.0,44.0,46.0,48.0,51.0,53.0,55.0,61.0,69.0,inferred
Erewash,2021-07-28,30.0,36.0,40.0,41.0,43.0,46.0,49.0,51.4,54.0,56.0,57.0,63.0,71.0,inferred
Erewash,2021-07-29,30.0,37.0,40.0,42.0,43.0,46.0,48.0,51.0,54.0,56.0,57.0,62.0,70.0,inferred
Erewash,2021-07-30,29.0,34.0,38.0,40.0,41.0,44.0,46.0,49.0,52.0,53.0,55.0,60.1,69.0,inferred
Erewash,2021-07-31,24.0,29.0,33.0,35.0,36.0,39.0,41.0,43.0,46.0,48.0,50.0,54.0,62.0,inferred
Erewash,2021-08-01,28.0,34.0,38.0,39.0,40.0,43.0,46.0,48.0,51.0,53.0,54.2,59.0,68.5,inferred
Erewash,2021-08-02,42.0,49.0,54.0,56.0,57.0,61.0,64.0,67.0,71.0,72.0,74.0,80.0,92.0,inferred
Erewash,2021-08-03,41.0,49.0,54.0,55.0,57.0,60.0,62.5,66.0,69.0,70.0,72.0,79.0,88.0,inferred
Erewash,2021-08-04,42.0,49.0,54.0,56.0,58.0,61.0,64.0,67.0,70.0,72.0,74.0,79.0,86.0,inferred
Erewash,2021-08-05,41.0,48.0,53.0,54.0,56.0,59.0,62.0,65.0,69.0,71.0,73.0,78.1,88.0,inferred
Erewash,2021-08-06,37.0,44.0,48.0,50.0,51.0,54.0,57.0,59.0,63.0,64.0,66.0,73.0,82.0,inferred
Erewash,2021-08-07,31.0,37.0,41.0,43.0,44.0,47.0,49.0,52.0,55.0,56.0,58.0,64.0,70.5,inferred
Erewash,2021-08-08,33.5,40.0,45.0,47.0,48.0,51.0,54.0,56.0,59.0,61.0,62.2,68.0,78.0,inferred
Erewash,2021-08-09,51.0,58.0,63.0,66.0,67.0,71.0,74.0,78.0,81.0,83.0,85.0,91.0,102.0,inferred
Erewash,2021-08-10,48.0,56.0,61.0,62.8,64.0,67.0,71.0,74.0,78.0,79.0,81.0,87.0,97.0,inferred
Erewash,2021-08-11,48.0,56.0,61.0,62.8,65.0,68.0,71.0,74.0,78.0,80.0,82.0,88.0,98.5,inferred
Erewash,2021-08-12,48.0,54.0,59.0,61.0,63.0,66.0,69.0,72.4,75.0,78.0,80.0,86.0,95.0,inferred
Erewash,2021-08-13,41.0,48.0,53.0,55.0,56.0,59.0,62.0,65.0,68.0,70.0,72.0,78.0,87.0,inferred
Erewash,2021-08-14,34.0,40.0,44.0,46.0,47.0,51.0,54.0,56.0,59.0,61.0,63.0,68.0,77.0,inferred
Erewash,2021-08-15,36.0,43.0,47.0,49.0,51.0,53.0,56.0,59.0,62.0,64.0,66.0,71.1,81.0,inferred
Erewash,2021-08-16,54.0,61.0,66.0,68.0,70.0,73.0,76.0,80.0,83.0,85.0,87.0,94.0,103.0,inferred
Erewash,2021-08-17,49.5,57.0,62.0,65.0,66.0,69.0,73.0,76.0,80.0,82.0,84.0,91.0,101.0,inferred
Erewash,2021-08-18,50.0,57.0,62.0,64.0,67.0,70.0,73.0,76.4,80.0,83.0,85.0,90.0,101.0,inferred
Erewash,2021-08-19,48.0,55.0,60.0,62.0,64.0,68.0,71.0,75.0,78.0,80.0,82.0,87.1,97.0,inferred
Erewash,2021-08-20,44.0,50.0,55.0,57.0,58.0,61.0,65.0,67.0,70.0,72.0,74.0,80.0,90.0,inferred
Erewash,2021-08-21,36.0,42.0,47.0,48.0,49.0,52.0,55.0,58.0,61.0,63.0,65.0,70.0,78.0,inferred
Erewash,2021-08-22,38.0,45.0,49.0,51.0,52.7,55.0,59.0,61.0,64.0,66.0,68.0,74.0,82.0,inferred
Erewash,2021-08-23,57.0,63.0,68.0,70.0,72.0,76.0,80.0,83.0,87.0,89.0,91.0,98.0,109.0,inferred
Erewash,2021-08-24,51.0,59.0,64.0,67.0,69.0,72.0,76.0,79.0,83.0,85.0,88.0,94.0,104.0,inferred
Erewash,2021-08-25,53.0,61.0,66.0,68.0,70.0,74.0,77.0,81.0,84.0,86.0,88.0,94.0,105.0,inferred
Erewash,2021-08-26,53.0,60.0,65.0,68.0,69.0,73.0,76.0,79.0,83.0,85.0,87.0,93.0,104.0,inferred
Erewash,2021-08-27,48.0,55.0,59.0,61.0,63.0,66.0,69.0,72.4,76.0,78.0,80.0,86.0,94.0,inferred
Erewash,2021-08-28,40.0,47.0,51.0,54.0,55.0,58.0,61.0,64.0,67.0,69.0,71.0,76.0,84.5,inferred
Erewash,2021-08-29,44.0,51.0,56.0,58.0,60.0,63.0,66.0,69.0,73.0,75.0,77.0,83.0,90.5,inferred
Erewash,2021-08-30,64.0,73.0,79.0,81.0,83.0,87.0,91.0,95.0,98.0,100.0,103.0,110.0,119.5,inferred
Erewash,2021-08-31,63.0,70.0,76.0,78.0,80.0,83.0,87.0,90.0,94.0,96.0,99.0,106.0,117.5,inferred
Erewash,2021-09-01,60.0,69.9,75.0,78.0,79.0,83.0,86.0,90.0,94.0,96.0,98.0,106.0,115.0,inferred
Erewash,2021-09-02,58.0,68.0,72.0,74.0,76.0,80.0,83.0,87.0,90.0,92.0,94.0,101.1,110.5,inferred
Erewash,2021-09-03,50.0,57.0,63.0,64.0,66.0,70.0,73.0,76.0,80.0,82.0,83.0,90.0,101.0,inferred
Erewash,2021-09-04,41.0,47.0,52.0,54.0,56.0,58.0,61.0,64.0,67.0,69.0,71.0,77.0,85.0,inferred
Erewash,2021-09-05,44.0,50.0,55.0,56.0,58.0,61.0,63.0,66.0,70.0,72.0,74.0,80.0,90.5,inferred
Erewash,2021-09-06,60.0,68.0,73.0,76.0,78.0,82.0,85.0,88.0,92.0,94.2,97.0,104.0,115.0,inferred
Erewash,2021-09-07,53.0,61.9,67.0,69.0,70.0,74.0,77.0,80.0,84.0,86.0,88.0,94.0,104.0,inferred
Erewash,2021-09-08,49.0,55.9,61.0,63.0,65.0,67.0,71.0,74.0,77.0,80.0,82.0,88.0,99.0,inferred
Erewash,2021-09-09,42.0,50.0,53.0,55.0,57.0,60.0,63.0,66.0,70.0,71.2,74.0,80.0,90.5,inferred
Erewash,2021-09-10,34.0,39.0,43.0,45.0,47.0,49.0,52.0,54.0,57.0,59.0,61.0,66.0,75.0,inferred
Erewash,2021-09-11,25.0,29.0,33.0,34.0,36.0,38.0,41.0,43.0,46.0,47.0,49.0,54.0,59.5,inferred
Erewash,2021-09-12,23.0,29.0,32.0,34.0,35.0,38.0,40.0,43.0,45.0,47.0,48.0,53.0,60.0,inferred
Erewash,2021-09-13,31.0,38.0,42.0,44.0,45.0,48.0,51.0,53.0,57.0,58.0,60.0,66.0,75.0,inferred
Erewash,2021-09-14,29.0,35.0,39.0,41.0,42.0,45.0,48.0,51.0,53.0,55.0,57.0,62.0,69.5,inferred
Erewash,2021-09-15,32.0,38.0,41.0,43.0,45.0,48.0,51.0,53.0,56.0,57.0,59.2,64.0,72.0,inferred
Erewash,2021-09-16,33.0,39.0,43.0,45.0,46.0,48.0,51.0,54.0,57.0,59.0,61.0,66.0,75.0,inferred
Erewash,2021-09-17,31.0,37.0,41.0,43.0,44.0,47.0,49.0,52.0,55.0,57.0,58.0,64.0,72.0,inferred
Erewash,2021-09-18,27.5,33.0,37.0,38.0,40.0,42.0,44.0,47.0,50.0,51.0,53.0,58.0,66.0,inferred
Erewash,2021-09-19,32.0,38.0,42.0,44.0,45.0,47.0,50.0,52.0,55.0,57.0,59.0,64.0,73.0,inferred
Erewash,2021-09-20,49.0,56.0,61.0,63.0,65.0,68.0,71.5,75.0,78.0,80.0,83.0,89.0,99.5,inferred
Erewash,2021-09-21,46.0,54.0,59.0,60.0,62.0,65.0,69.0,72.0,76.0,78.0,80.0,86.0,95.5,inferred
Erewash,2021-09-22,47.0,54.0,58.0,60.0,62.0,66.0,69.0,73.0,77.0,79.0,81.0,86.0,96.0,inferred
Erewash,2021-09-23,44.0,51.0,57.0,58.0,60.0,63.0,67.0,70.0,72.0,74.2,76.0,82.0,93.5,inferred
Erewash,2021-09-24,38.0,46.0,50.0,52.0,54.0,57.0,60.0,63.0,65.0,68.0,69.0,75.0,85.0,inferred
Erewash,2021-09-25,31.0,38.0,42.0,44.0,45.0,48.0,50.0,53.0,56.0,58.0,60.0,64.0,73.0,inferred
Erewash,2021-09-26,35.0,41.0,45.0,47.0,49.0,52.0,55.0,57.0,60.0,62.0,64.0,69.0,78.0,inferred
Erewash,2021-09-27,49.0,58.0,63.0,65.0,67.0,70.0,73.0,77.0,80.0,83.0,85.0,90.0,99.0,inferred
Erewash,2021-09-28,47.0,55.0,60.0,62.0,64.0,67.0,70.0,73.0,77.0,79.0,81.0,86.0,97.0,inferred
Erewash,2021-09-29,49.0,56.0,61.0,63.0,65.0,68.0,71.0,74.0,77.0,80.0,82.0,88.0,99.0,inferred
Erewash,2021-09-30,48.0,54.0,59.0,61.0,63.0,66.0,69.0,72.0,75.0,77.0,79.0,85.0,96.0,inferred
Erewash,2021-10-01,42.0,49.0,53.0,55.0,57.0,60.0,63.0,66.0,69.0,71.0,73.0,79.0,89.0,inferred
Erewash,2021-10-02,33.0,40.0,45.0,47.0,48.0,51.0,54.0,56.0,59.0,61.0,63.0,68.1,77.0,inferred
Erewash,2021-10-03,38.0,45.0,49.0,51.0,52.0,55.0,58.0,60.4,63.0,65.0,67.0,73.0,82.0,inferred
Erewash,2021-10-04,55.0,63.0,68.0,70.0,72.0,75.0,78.0,82.0,85.0,88.0,90.0,96.0,106.0,inferred
Erewash,2021-10-05,51.0,58.0,63.0,66.0,68.0,71.0,75.0,77.0,81.0,83.0,85.2,92.0,101.5,inferred
Erewash,2021-10-06,50.0,59.0,65.0,67.0,68.0,71.0,75.0,78.0,81.3,84.0,86.0,92.0,101.5,inferred
Erewash,2021-10-07,49.0,57.0,62.0,64.0,66.0,69.0,72.0,75.0,79.0,81.0,83.0,88.0,97.5,inferred
Erewash,2021-10-08,45.0,52.0,56.0,58.0,60.0,62.0,65.0,68.0,72.0,73.2,75.0,80.0,89.0,inferred
Erewash,2021-10-09,36.0,42.0,47.0,49.0,51.0,54.0,56.0,59.0,62.0,64.0,66.0,71.1,80.5,inferred
Erewash,2021-10-10,40.5,46.0,51.0,52.0,54.0,57.0,60.0,63.0,67.0,68.0,70.0,76.0,85.0,inferred
Erewash,2021-10-11,57.0,65.0,70.0,72.0,74.0,78.0,82.0,85.0,89.0,91.0,94.0,101.0,110.5,inferred
Erewash,2021-10-12,52.0,60.0,65.0,68.0,70.0,73.0,76.0,80.0,84.0,86.0,88.0,95.0,104.5,inferred
Erewash,2021-10-13,52.0,59.0,64.0,66.0,68.0,72.0,75.0,79.0,82.3,85.0,87.0,92.0,101.0,inferred
Erewash,2021-10-14,47.5,55.0,60.0,62.0,64.0,67.0,70.0,74.0,78.0,80.0,82.0,88.0,98.0,inferred
Erewash,2021-10-15,39.0,47.0,51.0,54.0,55.0,58.0,62.0,64.0,68.0,70.0,72.0,77.1,86.0,inferred
Exeter,2021-07-03,22.0,27.0,31.0,33.0,34.0,37.0,39.0,42.0,45.0,47.0,48.0,53.0,61.5,inferred
Exeter,2021-07-04,22.0,29.0,32.0,34.0,35.0,38.0,41.0,44.0,47.0,48.0,50.0,55.0,64.0,inferred
Exeter,2021-07-05,35.0,41.0,47.0,49.0,51.0,54.0,57.0,60.0,63.0,65.0,68.0,75.0,85.0,inferred
Exeter,2021-07-06,37.0,43.0,48.0,50.0,52.0,56.0,59.0,62.0,66.0,68.0,71.0,77.0,87.0,inferred
Exeter,2021-07-07,38.0,45.0,50.0,52.0,54.0,57.0,60.0,63.0,67.0,69.0,71.0,77.0,88.0,inferred
Exeter,2021-07-08,37.0,45.0,51.0,53.0,55.0,58.0,61.0,65.0,68.0,70.0,72.0,80.0,90.0,inferred
Exeter,2021-07-09,36.0,43.9,48.0,50.0,52.0,55.0,58.0,62.0,65.0,68.0,70.0,77.0,89.0,inferred
Exeter,2021-07-10,30.0,36.0,41.0,43.0,45.0,48.0,51.0,54.0,57.0,59.0,61.0,67.1,77.0,inferred
Exeter,2021-07-11,34.0,41.0,46.0,48.0,50.0,53.0,56.0,59.0,63.0,65.0,67.0,74.0,85.0,inferred
Exeter,2021-07-12,51.0,61.0,67.8,70.0,72.0,77.0,81.0,85.4,90.0,93.0,96.0,103.0,116.0,inferred
Exeter,2021-07-13,53.0,64.0,71.0,73.0,76.0,80.0,84.0,88.0,93.0,95.0,98.2,107.0,118.0,inferred
Exeter,2021-07-14,54.0,63.0,69.0,71.0,73.0,77.0,81.0,86.0,90.0,93.0,96.0,104.0,115.0,inferred
Exeter,2021-07-15,53.0,61.0,67.0,70.0,72.0,76.0,80.0,84.0,89.0,91.0,94.0,102.0,112.0,inferred
Exeter,2021-07-16,47.0,55.0,61.0,63.0,65.0,69.0,72.0,76.0,79.0,82.0,85.0,92.1,104.0,inferred
Exeter,2021-07-17,38.0,45.0,50.0,52.0,53.0,56.0,59.0,63.0,67.0,69.0,71.0,78.0,89.0,inferred
Exeter,2021-07-18,38.0,44.0,50.0,52.0,54.0,57.0,61.0,64.0,68.0,70.0,73.0,79.0,90.5,inferred
Exeter,2021-07-19,54.0,63.0,69.0,71.0,73.0,77.0,81.5,86.0,90.0,92.0,95.0,104.0,117.0,inferred
Exeter,2021-07-20,55.5,65.0,72.0,74.0,76.0,80.0,84.0,88.0,92.0,96.0,99.0,107.0,118.0,inferred
Exeter,2021-07-21,56.5,64.0,71.0,73.0,75.0,80.0,84.0,88.0,92.0,95.0,98.0,107.0,119.5,inferred
Exeter,2021-07-22,57.0,65.0,71.0,74.0,76.0,80.0,84.0,88.0,93.0,96.0,99.0,107.0,118.0,inferred
Exeter,2021-07-23,54.0,62.0,68.0,70.0,72.0,76.0,80.0,84.0,88.0,90.0,93.0,101.0,114.0,inferred
Exeter,2021-07-24,44.0,52.0,58.0,60.0,62.0,65.0,69.0,72.0,77.0,79.0,82.0,89.0,100.5,inferred
Exeter,2021-07-25,47.0,54.0,60.0,63.0,65.0,69.0,72.0,75.0,80.0,82.0,85.0,91.0,102.0,inferred
Exeter,2021-07-26,68.0,79.0,86.0,89.0,92.0,96.0,101.0,105.0,110.0,113.0,116.0,124.0,138.0,inferred
Exeter,2021-07-27,72.0,83.0,91.0,94.0,96.0,101.0,106.0,111.0,116.0,119.0,123.0,132.0,148.0,inferred
Exeter,2021-07-28,74.0,85.0,93.0,95.0,98.0,103.0,107.0,111.0,116.0,118.2,122.0,132.0,144.0,inferred
Exeter,2021-07-29,76.0,84.0,92.0,95.0,98.0,104.0,109.0,114.0,119.0,121.0,124.0,132.0,143.0,inferred
Exeter,2021-07-30,70.0,81.0,88.0,91.0,93.0,97.0,101.0,105.0,110.0,113.0,115.0,124.0,138.0,inferred
Exeter,2021-07-31,58.0,67.0,74.0,76.8,79.0,83.6,88.0,91.0,95.3,98.0,101.0,108.0,120.0,inferred
Exeter,2021-08-01,62.0,73.0,79.0,81.0,84.0,88.0,93.0,97.0,101.0,104.0,107.0,116.0,126.0,inferred
Exeter,2021-08-02,91.5,103.0,112.0,115.0,118.0,123.0,128.0,133.0,139.0,143.0,146.0,155.0,171.0,inferred
Exeter,2021-08-03,91.0,105.0,113.0,117.0,120.0,125.0,130.0,135.0,141.0,145.0,149.0,158.0,172.0,inferred
Exeter,2021-08-04,89.0,99.0,107.0,110.0,113.0,118.0,123.0,127.0,133.0,136.0,139.0,148.1,164.0,inferred
Exeter,2021-08-05,81.0,91.0,99.0,102.0,105.0,110.0,115.0,120.0,126.0,128.0,131.0,141.0,153.0,inferred
Exeter,2021-08-06,69.5,79.0,86.0,89.0,92.0,96.6,101.0,105.0,110.0,112.0,115.0,123.0,135.0,inferred
Exeter,2021-08-07,53.0,60.0,66.0,68.0,71.0,74.0,78.0,82.0,86.0,89.0,92.0,100.0,112.0,inferred
Exeter,2021-08-08,52.0,61.0,67.0,69.0,71.0,75.0,79.0,82.0,87.0,89.0,92.0,99.0,113.5,inferred
Exeter,2021-08-09,70.0,81.0,89.0,91.0,93.0,98.0,102.0,106.0,112.0,115.0,118.2,126.0,138.5,inferred
Exeter,2021-08-10,72.0,84.0,90.8,93.0,96.0,100.0,105.0,110.0,114.0,117.0,120.0,129.0,142.0,inferred
Exeter,2021-08-11,74.0,85.0,92.0,94.0,97.0,101.0,106.0,110.0,115.0,117.0,120.0,130.0,146.0,inferred
Exeter,2021-08-12,75.0,86.0,92.0,95.0,98.0,102.0,107.0,111.0,115.0,117.0,120.0,128.0,145.0,inferred
Exeter,2021-08-13,71.0,82.0,88.0,91.0,93.0,98.0,102.0,107.0,112.0,114.0,117.0,125.0,139.0,inferred
Exeter,2021-08-14,60.0,69.0,74.0,77.0,79.0,83.0,87.0,92.0,97.0,99.0,102.0,110.1,121.5,inferred
Exeter,2021-08-15,65.5,74.0,80.0,83.0,86.0,90.0,94.0,99.0,104.0,106.0,109.0,118.0,132.0,inferred
Exeter,2021-08-16,99.0,109.0,117.0,121.0,123.0,129.0,134.0,139.0,144.0,147.0,151.0,162.0,178.0,inferred
Exeter,2021-08-17,96.5,108.0,117.0,119.0,123.0,128.0,134.0,139.0,145.0,149.0,152.0,161.0,175.0,inferred
Exeter,2021-08-18,86.5,100.0,108.0,111.0,114.0,119.0,124.0,129.0,135.0,137.0,140.0,149.1,166.0,inferred
Exeter,2021-08-19,79.0,90.0,98.0,101.0,103.0,108.0,112.0,117.0,122.0,125.0,129.0,138.0,150.0,inferred
Exeter,2021-08-20,64.0,76.0,82.0,85.0,87.0,92.0,96.0,101.0,105.0,108.0,111.0,119.0,130.0,inferred
Exeter,2021-08-21,50.0,56.0,62.0,64.0,67.0,70.0,74.0,77.0,81.0,84.0,86.0,93.0,105.5,inferred
Exeter,2021-08-22,45.0,54.0,59.0,61.0,63.0,67.0,71.0,74.0,78.0,81.0,84.0,91.0,102.0,inferred
Exeter,2021-08-23,61.0,70.0,76.0,78.8,81.0,86.0,90.0,95.0,99.0,102.0,105.0,113.0,126.0,inferred
Exeter,2021-08-24,59.0,67.0,74.0,77.0,79.0,83.0,87.0,91.0,95.0,98.0,101.0,108.0,120.0,inferred
Exeter,2021-08-25,53.0,62.0,69.0,71.0,73.0,77.0,81.0,85.0,89.0,92.0,95.0,103.0,116.0,inferred
Exeter,2021-08-26,51.0,58.0,65.0,67.0,69.0,73.0,77.0,81.0,85.0,87.0,90.0,97.0,109.0,inferred
Exeter,2021-08-27,43.0,51.0,56.0,58.8,61.0,65.0,68.0,71.0,75.0,77.0,80.0,87.0,97.5,inferred
Exeter,2021-08-28,33.0,38.0,43.0,46.0,48.0,51.0,54.0,57.0,61.0,63.0,65.0,72.0,82.0,inferred
Exeter,2021-08-29,32.0,38.0,43.0,45.0,47.0,50.0,53.0,57.0,60.0,63.0,65.0,71.0,81.0,inferred
Exeter,2021-08-30,44.0,52.0,59.0,61.0,62.0,66.0,69.0,73.0,77.0,79.2,82.2,90.0,102.5,inferred
Exeter,2021-08-31,43.0,51.0,57.0,59.0,61.0,64.0,68.0,72.0,76.0,78.0,80.0,88.0,99.0,inferred
Exeter,2021-09-01,41.5,49.0,55.0,57.0,59.0,62.0,66.0,70.0,74.0,76.0,78.0,85.0,96.0,inferred
Exeter,2021-09-02,40.0,48.0,53.0,56.0,57.0,61.0,64.0,67.0,71.0,73.0,75.0,81.0,91.0,inferred
Exeter,2021-09-03,35.0,42.0,46.0,49.0,50.0,54.0,57.0,60.0,64.0,65.0,68.0,75.0,85.5,inferred
Exeter,2021-09-04,26.0,32.9,37.0,39.0,40.0,43.0,46.0,49.0,53.0,55.0,57.0,63.0,73.0,inferred
Exeter,2021-09-05,25.0,32.0,37.0,39.0,40.0,43.0,46.0,49.0,52.0,54.0,56.0,62.0,73.0,inferred
Exeter,2021-09-06,37.0,45.0,50.0,52.0,54.0,58.0,62.0,66.0,69.0,71.0,75.0,81.0,91.5,inferred
Exeter,2021-09-07,35.0,43.0,49.0,51.0,52.0,56.0,60.0,64.0,68.0,69.0,72.0,79.0,90.0,inferred
Exeter,2021-09-08,33.0,39.0,45.0,46.0,48.0,52.0,54.0,58.0,61.0,64.0,67.0,73.0,85.0,inferred
Exeter,2021-09-09,30.0,36.0,42.0,43.0,45.0,48.0,51.0,54.0,57.0,60.0,62.0,68.0,78.5,inferred
Exeter,2021-09-10,25.0,31.0,35.0,37.0,39.0,41.0,44.0,48.0,51.0,52.0,55.0,60.0,69.0,inferred
Exeter,2021-09-11,18.0,23.0,27.0,28.0,29.0,32.0,35.0,37.0,40.0,42.0,44.0,50.0,59.0,inferred
Exeter,2021-09-12,17.5,23.0,26.0,28.0,30.0,32.0,35.0,37.0,40.0,42.0,43.0,49.0,56.0,inferred
Exeter,2021-09-13,26.0,31.0,36.0,38.0,39.0,43.0,45.0,48.0,51.0,53.0,55.0,61.0,70.5,inferred
Exeter,2021-09-14,26.0,31.0,35.0,37.0,39.0,42.0,45.0,49.0,52.0,54.0,56.0,61.0,71.0,inferred
Exeter,2021-09-15,25.0,31.0,35.0,37.0,38.0,42.0,44.0,47.0,50.0,52.0,54.0,60.0,69.0,inferred
Exeter,2021-09-16,23.0,30.0,34.0,36.0,37.7,41.0,44.0,47.0,50.0,52.0,54.0,59.1,70.0,inferred
Exeter,2021-09-17,23.0,28.0,33.0,34.0,36.0,38.0,41.0,44.0,46.3,48.2,50.0,56.0,65.0,inferred
Exeter,2021-09-18,18.0,23.0,26.0,28.0,29.0,32.0,34.0,36.0,39.0,41.0,43.0,48.0,56.0,inferred
Exeter,2021-09-19,19.0,24.0,28.0,29.0,31.0,33.0,36.0,38.0,41.0,43.0,45.0,49.0,58.0,inferred
Exeter,2021-09-20,29.0,35.0,39.0,41.0,43.0,46.0,50.0,53.0,57.0,59.0,61.0,67.0,76.0,inferred
Exeter,2021-09-21,31.0,37.0,41.0,43.0,45.0,48.0,51.0,54.0,58.0,60.0,63.0,68.0,77.5,inferred
Exeter,2021-09-22,31.0,37.0,42.0,44.0,45.0,48.0,51.0,54.0,58.0,60.0,62.0,69.1,81.0,inferred
Exeter,2021-09-23,31.0,37.0,42.0,44.0,45.7,49.0,52.0,55.0,58.0,60.0,63.0,69.0,78.0,inferred
Exeter,2021-09-24,29.0,35.0,39.0,41.0,42.0,45.6,49.0,52.0,55.0,57.0,59.0,66.0,75.0,inferred
Exeter,2021-09-25,23.0,29.0,33.0,35.0,36.0,39.0,42.0,45.0,48.0,50.0,52.0,59.0,68.0,inferred
Exeter,2021-09-26,25.0,31.0,36.0,38.0,39.0,42.0,45.0,48.0,51.0,53.0,55.0,61.0,70.0,inferred
Exeter,2021-09-27,38.0,46.0,51.0,53.0,55.0,58.0,62.0,65.0,69.0,72.0,74.0,81.0,93.0,inferred
Exeter,2021-09-28,41.0,48.0,52.0,55.0,57.0,61.0,64.0,68.0,72.0,74.0,76.0,83.0,94.5,inferred
Exeter,2021-09-29,38.0,46.0,52.0,55.0,57.0,60.0,63.0,67.0,70.0,72.2,75.0,82.0,94.0,inferred
Exeter,2021-09-30,39.0,46.0,52.0,53.0,55.0,59.0,62.0,66.0,70.0,72.0,74.0,80.0,91.0,inferred
Exeter,2021-10-01,34.5,41.0,47.0,49.0,51.0,54.0,57.0,60.0,64.0,66.0,68.0,74.0,83.5,inferred
Exeter,2021-10-02,27.0,33.0,38.0,39.0,41.0,44.0,47.0,51.0,54.0,56.0,58.0,65.0,74.0,inferred
Exeter,2021-10-03,28.0,34.0,39.0,41.0,42.0,45.0,49.0,52.0,55.0,57.0,59.0,65.0,75.0,inferred
Exeter,2021-10-04,42.0,50.0,56.0,58.0,60.0,64.0,67.0,71.0,75.0,77.0,80.0,88.0,100.5,inferred
Exeter,2021-10-05,41.0,50.0,55.0,57.0,60.0,64.0,67.0,71.0,75.0,78.0,81.0,88.0,99.0,inferred
Exeter,2021-10-06,42.0,49.0,55.0,57.0,59.0,63.0,66.0,70.0,73.0,75.0,78.0,84.0,95.5,inferred
Exeter,2021-10-07,42.0,49.0,54.0,56.0,58.0,62.0,65.0,68.0,72.0,74.0,76.0,83.0,95.0,inferred
Exeter,2021-10-08,36.0,44.0,49.0,51.0,53.0,56.0,59.0,63.0,66.0,68.0,71.0,77.1,88.0,inferred
Exeter,2021-10-09,29.0,35.0,40.0,42.0,43.0,46.0,49.0,52.0,56.0,57.0,60.0,66.0,75.0,inferred
Exeter,2021-10-10,30.0,37.0,41.0,43.0,45.0,48.0,51.0,54.0,58.0,60.0,62.0,68.1,79.0,inferred
Exeter,2021-10-11,43.0,53.0,58.0,60.0,62.0,66.0,70.0,74.0,78.0,81.0,84.0,90.0,102.5,inferred
Exeter,2021-10-12,44.0,52.0,57.0,59.0,62.0,66.0,70.0,73.0,78.0,80.0,82.0,91.0,103.0,inferred
Exeter,2021-10-13,40.5,48.0,54.0,56.0,58.0,61.0,65.0,69.0,73.0,75.0,78.0,84.0,96.5,inferred
Exeter,2021-10-14,36.0,44.0,49.0,52.0,54.0,58.0,61.0,65.0,69.0,71.0,74.0,81.0,95.0,inferred
Exeter,2021-10-15,31.0,38.0,43.0,45.0,47.0,51.0,54.0,58.0,61.0,64.0,67.0,74.0,85.0,inferred
Falkirk,2021-07-03,40.0,65.0,84.0,94.0,103.7,118.0,133.0,149.0,166.0,175.2,192.0,226.1,291.0,inferred
Falkirk,2021-07-04,35.0,60.0,78.0,87.0,93.0,106.0,120.0,136.4,154.0,166.0,179.0,217.0,278.0,inferred
Falkirk,2021-07-05,27.0,51.0,67.8,75.0,81.0,93.0,106.0,118.0,135.0,143.0,153.0,190.0,242.0,inferred
Falkirk,2021-07-06,35.0,54.0,70.0,77.0,86.0,101.0,117.0,133.4,151.0,159.2,170.0,207.0,262.0,inferred
Falkirk,2021-07-07,45.0,65.0,85.0,93.0,101.0,115.0,131.0,146.0,163.3,175.0,187.0,226.0,291.0,inferred
Falkirk,2021-07-08,29.5,49.0,66.0,72.0,80.0,93.0,105.0,120.0,138.0,147.0,161.0,195.0,248.5,inferred
Falkirk,2021-07-09,29.0,54.0,69.0,75.0,81.0,95.0,110.0,124.0,143.0,154.0,168.0,206.0,274.5,inferred
Falkirk,2021-07-10,43.5,66.0,83.0,91.0,99.0,116.0,131.0,149.0,166.3,178.0,190.0,228.0,282.0,inferred
Falkirk,2021-07-11,34.0,53.0,69.0,77.0,85.0,101.0,115.0,131.0,149.0,160.0,171.2,204.0,268.0,inferred
Falkirk,2021-07-12,24.0,43.0,56.8,62.0,69.0,84.0,98.0,112.4,129.0,140.0,153.0,191.0,238.0,inferred
Falkirk,2021-07-13,26.5,46.0,63.0,71.0,78.0,91.0,103.0,118.0,134.0,143.0,156.0,193.0,254.6,inferred
Falkirk,2021-07-14,33.5,53.0,71.0,79.0,85.7,101.6,117.0,132.0,151.0,162.0,174.0,210.0,272.0,inferred
Falkirk,2021-07-15,25.0,40.0,54.0,60.0,66.0,78.0,90.0,103.0,119.3,129.0,141.0,176.0,235.5,inferred
Falkirk,2021-07-16,25.0,40.0,53.8,61.0,67.7,80.0,92.0,103.0,120.0,132.0,142.0,177.1,243.0,inferred
Falkirk,2021-07-17,26.0,44.0,60.0,69.0,74.0,86.0,99.0,115.0,131.0,142.2,154.2,192.0,260.5,inferred
Falkirk,2021-07-18,21.0,39.0,55.0,62.0,68.0,81.0,93.0,108.0,125.0,134.0,149.0,181.1,249.5,inferred
Falkirk,2021-07-19,15.0,29.0,41.0,46.0,52.0,63.0,75.0,88.0,106.0,115.2,129.0,160.0,214.5,inferred
Falkirk,2021-07-20,16.0,31.0,44.0,50.0,55.0,67.0,78.0,91.0,105.0,112.2,122.0,155.0,217.0,inferred
Falkirk,2021-07-21,18.0,34.0,48.8,54.0,60.0,71.0,85.0,97.0,116.0,125.0,137.0,167.0,225.5,inferred
Falkirk,2021-07-22,10.0,21.0,33.0,38.0,43.0,53.0,62.0,75.0,89.3,98.0,108.0,133.1,184.5,inferred
Falkirk,2021-07-23,10.0,22.0,34.0,38.0,43.0,53.0,63.0,75.0,89.0,98.0,108.0,137.1,190.0,inferred
Falkirk,2021-07-24,12.5,25.0,38.0,43.0,50.0,59.0,70.0,81.4,97.0,107.0,116.0,144.0,199.0,inferred
Falkirk,2021-07-25,9.0,20.0,30.0,35.0,40.0,50.0,60.0,71.0,84.0,93.0,103.0,128.0,182.0,inferred
Falkirk,2021-07-26,5.0,14.0,22.0,27.0,30.7,38.0,46.0,56.0,68.3,76.0,84.0,108.1,161.5,inferred
Falkirk,2021-07-27,5.0,14.0,22.0,27.0,30.7,39.0,49.0,58.0,70.0,78.0,88.0,110.0,167.5,inferred
Falkirk,2021-07-28,8.5,18.0,28.0,34.0,37.7,47.0,55.0,66.0,78.0,86.0,95.0,121.0,175.0,inferred
Falkirk,2021-07-29,5.0,13.0,21.0,25.0,29.0,36.0,45.0,56.0,68.0,75.0,84.0,111.0,152.0,inferred
Falkirk,2021-07-30,5.0,12.0,20.0,24.8,28.0,36.0,45.0,55.0,68.0,74.0,82.0,111.0,156.0,inferred
Falkirk,2021-07-31,8.0,18.0,28.8,33.0,37.0,46.6,57.0,66.0,80.0,87.2,97.0,122.0,180.5,inferred
Falkirk,2021-08-01,5.0,14.0,22.0,26.8,31.0,38.0,47.0,58.0,70.0,78.0,85.0,109.0,173.5,inferred
Falkirk,2021-08-02,3.0,9.0,17.0,21.0,25.0,31.0,38.0,46.4,58.0,65.0,74.0,99.0,143.5,inferred
Falkirk,2021-08-03,5.0,12.0,20.0,24.0,28.0,36.0,44.0,54.0,65.0,73.0,82.0,108.0,150.0,inferred
Falkirk,2021-08-04,6.0,17.0,28.0,32.0,36.0,44.0,53.5,64.0,75.0,82.0,92.0,113.1,167.5,inferred
Falkirk,2021-08-05,4.0,13.0,21.0,25.0,29.0,39.0,46.0,57.0,67.3,74.0,84.2,109.0,158.0,inferred
Falkirk,2021-08-06,5.0,15.0,24.0,29.0,33.0,42.0,50.0,61.0,73.0,80.0,89.0,115.0,164.5,inferred
Falkirk,2021-08-07,10.0,20.0,32.0,36.0,40.7,49.0,59.0,71.0,83.0,91.0,100.0,131.0,183.0,inferred
Falkirk,2021-08-08,8.0,20.0,30.0,35.0,40.0,49.0,59.0,70.4,85.0,93.0,101.0,126.1,179.0,inferred
Falkirk,2021-08-09,7.0,15.0,24.0,28.0,32.0,40.0,49.0,59.0,73.0,80.0,90.0,113.0,161.5,inferred
Falkirk,2021-08-10,7.0,20.0,31.0,37.0,41.7,51.0,60.0,71.0,84.0,92.0,101.0,127.0,183.6,inferred
Falkirk,2021-08-11,15.0,28.9,41.0,48.0,53.0,63.0,74.5,86.0,101.0,109.2,121.0,150.0,204.0,inferred
Falkirk,2021-08-12,12.0,24.0,36.0,41.0,46.0,55.0,66.0,78.0,90.0,100.0,109.0,140.0,192.0,inferred
Falkirk,2021-08-13,13.0,27.0,41.0,46.0,51.0,62.0,73.0,85.0,100.0,110.0,119.0,150.0,197.0,inferred
Falkirk,2021-08-14,24.0,41.9,56.0,63.0,69.0,82.0,96.0,113.0,127.0,137.0,148.0,178.0,240.5,inferred
Falkirk,2021-08-15,21.0,38.0,54.0,62.0,68.0,80.0,92.5,108.0,124.3,136.0,148.0,177.1,242.5,inferred
Falkirk,2021-08-16,17.0,35.0,48.8,55.0,61.0,72.0,86.0,100.0,117.0,126.0,135.0,166.1,230.5,inferred
Falkirk,2021-08-17,29.0,46.0,63.0,71.0,77.0,90.0,105.0,120.0,136.0,146.0,160.0,195.0,251.5,inferred
Falkirk,2021-08-18,43.0,66.0,85.0,93.8,101.0,116.6,132.0,149.0,168.0,180.2,194.0,231.0,294.0,inferred
Falkirk,2021-08-19,42.0,61.0,80.0,88.0,95.0,110.0,125.0,141.0,160.0,171.0,185.0,227.0,292.0,inferred
Falkirk,2021-08-20,49.5,74.0,94.0,103.0,112.7,128.0,142.0,159.0,177.0,190.0,206.0,239.0,303.5,inferred
Falkirk,2021-08-21,74.0,106.0,128.8,139.0,149.0,167.0,188.0,207.0,231.0,242.0,258.0,299.0,375.5,inferred
Falkirk,2021-08-22,73.0,108.0,138.0,148.0,159.0,177.0,198.5,219.4,244.0,257.0,277.0,322.1,401.0,inferred
Falkirk,2021-08-23,69.0,101.9,128.8,139.0,146.7,165.6,185.5,204.0,227.0,241.0,256.0,297.0,374.6,inferred
Falkirk,2021-08-24,88.5,121.0,150.0,161.0,171.0,194.0,215.0,237.4,267.0,281.0,294.2,338.2,419.0,inferred
Falkirk,2021-08-25,119.0,162.9,197.0,210.0,221.0,241.6,261.0,283.0,314.3,330.2,344.0,392.1,468.0,inferred
Falkirk,2021-08-26,102.0,141.0,174.0,184.0,194.7,214.0,234.0,255.0,280.0,296.0,317.0,359.0,444.0,inferred
Falkirk,2021-08-27,119.0,160.0,185.0,198.0,211.0,234.0,256.0,281.0,307.0,321.0,341.0,382.0,456.5,inferred
Falkirk,2021-08-28,156.5,206.0,242.0,257.0,271.0,298.0,323.0,347.0,374.3,389.0,411.0,470.0,549.0,inferred
Falkirk,2021-08-29,161.0,208.0,245.0,259.0,271.0,297.0,319.0,342.0,371.0,387.0,406.0,465.1,548.0,inferred
Falkirk,2021-08-30,126.5,179.8,213.0,223.0,237.0,262.0,284.0,308.0,333.0,349.0,368.2,415.1,507.0,inferred
Falkirk,2021-08-31,159.0,208.9,243.0,259.0,270.0,293.0,317.0,344.0,371.0,388.0,407.2,463.0,544.5,inferred
Falkirk,2021-09-01,190.0,243.9,282.0,298.0,311.0,339.0,364.5,398.0,429.0,448.0,471.0,527.1,619.6,inferred
Falkirk,2021-09-02,152.9,201.0,232.0,245.0,257.7,282.0,310.0,335.4,364.0,379.0,400.2,453.1,530.0,inferred
Falkirk,2021-09-03,158.0,202.9,241.0,257.0,270.0,294.6,317.0,346.0,376.0,392.0,412.0,464.0,561.6,inferred
Falkirk,2021-09-04,191.5,250.9,291.0,308.0,320.0,344.6,371.5,402.0,436.0,452.2,475.2,528.0,629.0,inferred
Falkirk,2021-09-05,171.0,225.0,262.0,278.0,293.7,322.0,350.0,376.0,406.0,422.0,441.0,497.1,586.6,inferred
Falkirk,2021-09-06,136.0,185.9,220.0,235.0,250.0,272.0,296.0,321.4,349.0,368.0,387.0,437.0,523.5,inferred
Falkirk,2021-09-07,146.9,198.0,230.0,246.8,259.0,284.0,307.5,335.0,364.0,378.0,397.0,452.0,555.0,inferred
Falkirk,2021-09-08,166.0,212.0,244.8,259.0,272.0,300.0,324.0,351.0,380.0,396.0,416.0,483.0,576.5,inferred
Falkirk,2021-09-09,109.0,147.0,178.0,192.8,204.0,226.0,248.0,270.0,299.0,313.0,331.2,374.0,454.7,inferred
Falkirk,2021-09-10,102.0,138.0,164.0,176.0,189.0,209.0,231.0,252.0,275.0,291.2,309.2,354.1,433.0,inferred
Falkirk,2021-09-11,112.0,151.0,180.0,193.0,203.0,225.0,245.0,266.0,292.0,310.0,330.0,375.0,454.0,inferred
Falkirk,2021-09-12,83.5,122.0,146.8,159.8,169.0,191.0,212.0,233.0,256.0,268.0,282.2,327.0,410.0,inferred
Falkirk,2021-09-13,58.5,86.0,108.0,118.0,128.0,143.0,159.5,178.0,196.3,211.0,225.0,261.1,323.5,inferred
Falkirk,2021-09-14,57.0,86.0,108.0,116.0,125.0,143.0,159.0,176.0,195.0,208.0,226.0,270.1,339.0,inferred
Falkirk,2021-09-15,66.5,99.9,123.0,133.0,141.0,160.0,178.0,196.0,217.0,232.0,247.0,288.1,375.0,inferred
Falkirk,2021-09-16,45.0,74.0,93.0,102.0,111.0,125.0,139.0,157.0,177.0,188.0,202.2,243.0,307.5,inferred
Falkirk,2021-09-17,50.0,77.0,95.8,103.0,110.0,124.6,142.0,160.0,178.3,191.0,206.0,245.0,311.0,inferred
Falkirk,2021-09-18,55.0,84.0,109.0,119.0,128.0,148.0,167.0,186.0,206.0,217.0,234.2,279.0,340.0,inferred
Falkirk,2021-09-19,50.5,74.0,97.0,105.8,112.0,129.0,147.0,163.0,182.0,196.0,210.0,250.0,305.0,inferred
Falkirk,2021-09-20,38.0,59.0,78.0,86.0,92.7,106.0,122.0,138.0,156.0,168.0,182.2,227.2,286.0,inferred
Falkirk,2021-09-21,40.0,66.0,86.0,94.0,101.0,116.0,131.5,149.0,169.0,180.0,194.0,229.0,301.0,inferred
Falkirk,2021-09-22,57.0,83.9,103.0,113.0,122.0,139.0,157.0,173.0,197.0,208.0,223.0,260.1,325.5,inferred
Falkirk,2021-09-23,42.5,65.0,85.0,93.0,102.0,119.6,135.0,151.0,168.0,178.2,192.0,229.1,295.0,inferred
Falkirk,2021-09-24,53.0,76.0,95.0,105.0,113.7,131.0,147.0,164.0,184.0,195.0,208.2,249.1,321.5,inferred
Falkirk,2021-09-25,63.0,97.0,120.0,131.0,141.0,158.0,171.0,192.0,213.0,227.0,242.2,285.1,361.5,inferred
Falkirk,2021-09-26,62.0,92.0,113.0,124.0,132.0,149.0,169.0,186.0,208.0,222.0,236.0,278.1,328.0,inferred
Falkirk,2021-09-27,47.0,75.0,94.8,104.0,112.7,130.6,146.0,165.0,186.0,197.0,211.2,251.0,332.5,inferred
Falkirk,2021-09-28,58.0,87.0,108.0,118.0,126.0,143.0,161.0,180.0,200.0,214.0,229.2,267.0,339.5,inferred
Falkirk,2021-09-29,69.0,106.0,129.0,138.0,148.0,166.0,186.0,209.0,231.0,245.0,263.0,304.1,392.5,inferred
Falkirk,2021-09-30,54.0,82.0,106.0,114.0,122.0,139.0,156.0,174.0,194.0,208.0,221.0,263.0,333.0,inferred
Falkirk,2021-10-01,53.0,84.0,107.0,117.0,128.0,143.0,160.5,180.0,201.0,213.0,227.0,265.0,334.0,inferred
Falkirk,2021-10-02,74.5,105.0,128.0,138.0,147.0,168.0,186.5,206.0,229.0,243.0,259.0,307.1,376.5,inferred
Falkirk,2021-10-03,68.5,97.0,122.0,131.0,143.0,161.6,180.0,201.4,221.0,232.0,248.0,292.0,359.5,inferred
Falkirk,2021-10-04,53.0,76.0,97.8,106.0,113.7,128.0,147.0,166.0,186.0,196.0,208.0,246.0,305.5,inferred
Falkirk,2021-10-05,57.0,84.0,104.0,114.0,122.0,140.6,158.5,173.4,198.0,211.0,227.0,270.0,340.5,inferred
Falkirk,2021-10-06,72.0,104.0,128.0,138.0,147.0,164.0,182.0,201.0,224.0,236.0,255.0,298.0,390.5,inferred
Falkirk,2021-10-07,50.0,82.9,103.0,112.0,120.0,136.0,154.0,173.0,197.3,209.0,224.0,258.1,341.5,inferred
Falkirk,2021-10-08,56.5,89.0,112.0,122.0,130.0,146.0,164.0,180.0,203.3,218.0,231.0,280.0,355.0,inferred
Falkirk,2021-10-09,79.0,109.0,134.0,144.0,153.0,174.0,194.0,215.0,238.3,254.0,268.0,315.0,391.1,inferred
Falkirk,2021-10-10,63.0,95.0,120.0,133.0,144.7,164.6,183.0,202.0,226.0,238.0,252.0,298.0,370.0,inferred
Falkirk,2021-10-11,54.0,82.0,103.0,111.0,121.0,138.0,157.0,175.0,195.0,208.0,222.0,266.0,333.0,inferred
Falkirk,2021-10-12,64.5,96.0,122.0,131.0,139.7,157.0,174.0,194.0,212.3,226.2,241.0,281.0,365.0,inferred
Falkirk,2021-10-13,73.5,110.0,140.0,153.8,164.0,185.0,204.0,227.0,250.0,263.0,281.0,322.0,396.5,inferred
Falkirk,2021-10-14,68.5,97.0,121.0,131.0,140.0,157.0,175.0,195.0,218.0,232.0,247.2,295.1,383.0,inferred
Falkirk,2021-10-15,65.0,98.9,126.0,136.8,147.7,168.0,187.0,212.0,235.0,250.0,268.0,317.0,400.0,inferred
Fareham,2021-07-03,8.0,12.0,14.0,15.0,16.0,17.0,19.0,21.0,23.0,24.0,25.0,28.0,34.0,inferred
Fareham,2021-07-04,9.0,13.0,15.8,16.8,17.0,19.0,21.0,23.0,25.0,26.0,27.0,31.0,37.0,inferred
Fareham,2021-07-05,15.0,20.0,23.0,24.0,25.0,28.0,30.0,32.0,35.0,37.0,38.0,42.0,49.0,inferred
Fareham,2021-07-06,16.5,21.0,25.0,26.0,27.0,29.0,32.0,34.0,37.0,38.0,40.0,44.0,52.0,inferred
Fareham,2021-07-07,19.0,25.0,28.0,30.0,31.0,33.0,36.0,38.0,41.0,42.0,44.0,49.0,57.0,inferred
Fareham,2021-07-08,22.0,27.0,30.0,32.0,33.0,35.0,38.0,40.0,43.0,44.0,46.0,51.0,59.0,inferred
Fareham,2021-07-09,23.0,28.0,32.0,33.0,35.0,37.0,40.0,42.0,45.0,47.0,49.0,53.0,61.0,inferred
Fareham,2021-07-10,22.0,27.0,30.0,31.0,33.0,35.0,38.0,40.0,43.0,44.0,46.0,51.0,60.0,inferred
Fareham,2021-07-11,25.5,31.0,35.0,37.0,38.0,41.0,43.0,46.0,49.0,50.0,52.0,57.0,66.0,inferred
Fareham,2021-07-12,41.0,48.0,54.0,56.0,58.0,61.0,64.0,67.0,71.0,73.0,75.0,81.0,91.5,inferred
Fareham,2021-07-13,43.0,50.0,54.8,57.0,58.0,61.0,65.0,68.0,72.0,74.0,76.0,83.0,93.0,inferred
Fareham,2021-07-14,44.0,51.0,55.0,58.0,60.0,63.0,66.0,70.0,74.0,76.0,77.0,83.1,92.0,inferred
Fareham,2021-07-15,40.0,47.0,53.0,54.0,56.0,59.0,63.0,66.0,69.0,72.0,74.0,79.0,89.0,inferred
Fareham,2021-07-16,36.0,42.0,47.8,49.0,51.0,54.0,57.0,60.0,64.0,65.0,68.0,73.0,81.0,inferred
Fareham,2021-07-17,29.0,35.0,39.0,40.0,42.0,44.0,47.0,50.0,52.0,54.0,56.0,61.0,70.0,inferred
Fareham,2021-07-18,29.0,36.0,40.0,41.0,43.0,46.0,48.0,51.0,54.0,56.0,58.0,63.0,69.5,inferred
Fareham,2021-07-19,41.0,49.0,53.0,55.0,57.0,61.0,64.0,67.0,70.0,72.0,74.0,80.0,89.0,inferred
Fareham,2021-07-20,37.0,44.0,49.0,50.8,52.0,55.0,58.0,61.0,65.0,67.0,69.0,75.0,85.0,inferred
Fareham,2021-07-21,35.0,43.0,47.0,49.0,50.0,53.6,56.0,59.0,63.0,64.0,66.0,72.0,81.0,inferred
Fareham,2021-07-22,31.0,37.0,42.0,43.0,45.0,48.0,50.0,53.0,56.0,58.0,60.0,65.0,74.5,inferred
Fareham,2021-07-23,26.0,32.0,35.0,37.0,38.0,41.0,44.0,46.0,49.0,51.0,53.0,58.0,66.5,inferred
Fareham,2021-07-24,20.0,25.0,28.0,30.0,31.0,33.0,35.0,37.0,40.0,42.0,43.0,48.0,56.5,inferred
Fareham,2021-07-25,19.0,23.9,27.0,28.0,30.0,32.0,34.0,36.0,39.0,40.0,42.0,46.0,54.0,inferred
Fareham,2021-07-26,25.0,32.0,36.0,37.0,39.0,42.0,44.0,46.4,50.0,51.0,53.0,58.0,67.0,inferred
Fareham,2021-07-27,25.0,30.0,34.0,35.0,37.0,40.0,42.0,45.0,47.0,49.0,51.0,57.0,66.0,inferred
Fareham,2021-07-28,25.0,32.0,35.0,37.0,38.0,41.0,44.0,46.0,49.0,51.0,53.0,58.0,67.0,inferred
Fareham,2021-07-29,25.0,31.0,35.0,36.0,37.0,40.0,42.0,45.0,48.0,50.0,52.0,57.0,65.0,inferred
Fareham,2021-07-30,22.0,28.0,32.0,33.8,35.0,37.0,40.0,43.0,46.0,47.0,49.0,54.0,61.0,inferred
Fareham,2021-07-31,19.0,24.0,27.0,28.0,30.0,32.0,34.0,37.0,40.0,41.0,43.0,48.0,55.0,inferred
Fareham,2021-08-01,19.0,24.0,28.0,30.0,31.0,33.0,35.0,38.0,41.0,42.0,44.0,49.0,57.0,inferred
Fareham,2021-08-02,29.0,36.0,40.0,42.0,43.0,46.0,48.0,51.0,55.0,56.0,58.0,63.0,73.0,inferred
Fareham,2021-08-03,29.0,35.0,39.0,41.0,42.0,44.0,47.0,50.0,53.0,55.0,57.0,62.0,71.5,inferred
Fareham,2021-08-04,30.0,35.0,40.0,41.0,42.0,45.0,48.0,50.0,53.0,55.0,57.0,62.0,70.0,inferred
Fareham,2021-08-05,28.0,33.0,37.0,39.0,41.0,43.0,46.0,48.0,51.0,53.0,55.0,60.0,68.0,inferred
Fareham,2021-08-06,25.0,31.0,35.0,36.0,37.7,40.0,42.0,45.0,48.0,50.0,51.2,57.0,66.0,inferred
Fareham,2021-08-07,20.0,26.0,29.0,31.0,32.0,34.0,37.0,39.0,42.0,44.0,45.0,50.1,57.5,inferred
Fareham,2021-08-08,22.0,27.0,31.0,32.0,34.0,36.6,39.0,41.0,43.0,45.0,47.0,52.0,59.0,inferred
Fareham,2021-08-09,33.0,40.0,44.0,46.0,47.0,50.0,53.0,56.0,59.0,61.0,63.0,68.1,78.0,inferred
Fareham,2021-08-10,31.0,38.0,43.0,45.0,47.0,50.0,52.0,55.0,58.0,59.0,61.0,67.0,75.0,inferred
Fareham,2021-08-11,32.5,39.0,44.0,46.0,47.0,50.0,53.0,56.0,59.0,61.0,63.0,69.0,77.0,inferred
Fareham,2021-08-12,32.5,39.0,43.0,44.0,46.0,49.0,52.0,54.0,58.0,59.0,61.0,67.0,76.0,inferred
Fareham,2021-08-13,30.0,36.0,41.0,42.0,44.0,47.0,49.0,52.0,55.0,56.0,58.0,63.0,72.0,inferred
Fareham,2021-08-14,26.0,31.0,36.0,37.0,38.0,40.0,43.0,45.0,48.0,50.0,52.0,57.0,65.0,inferred
Fareham,2021-08-15,26.0,32.0,36.0,38.0,39.0,42.0,45.0,48.0,51.0,52.0,54.0,60.0,68.5,inferred
Fareham,2021-08-16,38.0,47.0,52.0,54.0,56.0,59.0,62.0,65.0,69.0,71.0,73.0,79.0,89.0,inferred
Fareham,2021-08-17,39.0,46.0,51.0,52.0,54.0,58.0,60.0,64.0,67.0,69.0,71.0,77.1,87.0,inferred
Fareham,2021-08-18,39.0,47.0,52.0,54.0,55.0,58.0,62.0,64.0,68.0,70.0,72.0,79.0,88.5,inferred
Fareham,2021-08-19,36.0,44.0,49.0,50.8,52.0,55.6,59.0,61.0,65.0,67.0,69.0,75.0,84.0,inferred
Fareham,2021-08-20,35.0,41.0,45.0,47.0,49.0,52.0,55.0,58.0,61.0,63.0,65.0,70.0,80.0,inferred
Fareham,2021-08-21,29.0,35.0,39.0,40.0,42.0,44.0,47.0,49.0,52.0,54.0,56.0,61.0,71.0,inferred
Fareham,2021-08-22,28.0,35.0,39.0,41.0,42.0,45.0,48.0,51.0,54.0,56.0,58.0,63.0,71.5,inferred
Fareham,2021-08-23,44.0,50.0,56.0,58.0,59.7,63.0,66.0,69.0,72.0,74.0,76.0,82.0,90.0,inferred
Fareham,2021-08-24,42.0,49.0,54.0,56.0,57.0,61.0,64.0,67.0,71.0,73.0,75.0,81.0,89.5,inferred
Fareham,2021-08-25,44.0,50.0,54.8,56.0,58.0,61.0,65.0,68.0,71.0,73.0,75.0,81.0,90.0,inferred
Fareham,2021-08-26,40.5,47.0,52.0,54.0,55.0,59.0,62.0,65.0,69.0,70.0,73.0,79.0,89.0,inferred
Fareham,2021-08-27,36.0,43.0,48.0,49.0,51.0,54.0,57.0,60.0,63.0,65.0,67.0,74.0,84.0,inferred
Fareham,2021-08-28,31.0,37.0,41.0,42.0,44.0,47.0,50.0,52.0,55.3,58.0,60.0,65.0,75.0,inferred
Fareham,2021-08-29,31.5,37.0,42.0,44.0,45.0,48.0,51.0,54.0,57.0,59.0,61.0,66.0,75.0,inferred
Fareham,2021-08-30,47.0,54.0,60.0,62.0,64.0,67.0,71.0,74.0,78.0,80.0,82.0,88.0,98.0,inferred
Fareham,2021-08-31,44.0,52.0,57.0,59.0,61.0,64.0,68.0,70.4,74.0,76.0,78.0,84.0,95.0,inferred
Fareham,2021-09-01,43.0,50.0,55.8,57.8,59.0,63.0,66.0,69.4,72.0,74.0,76.0,82.0,93.0,inferred
Fareham,2021-09-02,40.0,46.0,51.0,53.0,55.0,58.0,61.0,64.0,68.0,69.0,72.0,78.0,86.0,inferred
Fareham,2021-09-03,34.0,42.0,46.0,47.0,49.0,52.0,55.0,58.0,61.0,63.0,65.0,71.0,79.5,inferred
Fareham,2021-09-04,27.0,33.0,37.0,39.0,40.0,43.0,45.0,48.0,51.0,53.0,54.0,60.0,67.0,inferred
Fareham,2021-09-05,28.0,33.0,37.0,39.0,40.0,43.0,45.0,48.0,50.0,52.0,54.0,59.0,68.0,inferred
Fareham,2021-09-06,38.0,44.0,49.0,51.0,53.0,56.0,59.0,61.0,64.0,66.0,68.0,75.0,84.0,inferred
Fareham,2021-09-07,35.0,41.0,45.0,46.8,48.0,51.0,54.0,57.0,61.0,62.0,64.0,69.0,79.5,inferred
Fareham,2021-09-08,31.0,37.0,41.0,43.0,45.0,47.0,50.0,53.0,56.0,58.0,60.0,65.0,74.5,inferred
Fareham,2021-09-09,27.0,33.0,37.0,39.0,40.0,43.0,46.0,48.0,51.0,53.0,55.0,61.0,70.0,inferred
Fareham,2021-09-10,22.0,28.0,31.0,33.0,34.0,37.0,39.0,42.0,44.0,46.0,48.0,52.0,61.0,inferred
Fareham,2021-09-11,17.0,21.0,25.0,26.0,27.0,29.0,31.5,33.0,36.0,38.0,39.0,43.1,51.0,inferred
Fareham,2021-09-12,16.0,21.0,24.0,25.8,26.0,28.0,30.0,33.0,35.0,37.0,39.0,43.0,51.0,inferred
Fareham,2021-09-13,22.0,27.0,31.0,33.0,34.0,37.0,39.0,42.0,45.0,46.0,48.0,52.0,60.0,inferred
Fareham,2021-09-14,21.0,25.0,29.0,30.0,31.0,34.0,36.0,39.0,41.0,42.0,44.0,49.0,56.0,inferred
Fareham,2021-09-15,20.0,26.0,29.0,30.0,32.0,34.0,36.0,39.0,41.0,43.0,44.0,49.0,57.0,inferred
Fareham,2021-09-16,20.0,25.0,28.0,29.0,30.0,33.0,35.0,37.0,40.0,42.0,44.0,48.0,55.0,inferred
Fareham,2021-09-17,18.0,22.0,26.0,27.0,28.0,31.0,33.0,35.0,38.0,40.0,41.0,46.0,53.0,inferred
Fareham,2021-09-18,14.0,19.0,22.0,23.0,24.0,26.0,28.0,30.0,33.0,34.0,35.0,40.0,46.0,inferred
Fareham,2021-09-19,14.0,20.0,23.0,25.0,26.0,28.0,30.0,32.0,35.0,36.0,37.0,41.0,47.0,inferred
Fareham,2021-09-20,22.0,28.0,33.0,34.0,35.0,38.0,40.0,43.0,45.0,47.0,48.0,54.0,62.0,inferred
Fareham,2021-09-21,24.0,29.0,32.0,33.0,35.0,37.0,40.0,42.0,45.0,46.0,48.0,53.0,61.0,inferred
Fareham,2021-09-22,23.0,29.0,33.0,35.0,36.0,38.0,41.0,43.0,46.0,48.0,49.0,54.0,62.0,inferred
Fareham,2021-09-23,23.0,29.0,32.0,34.0,35.0,38.0,40.0,43.0,45.0,47.0,49.0,54.0,61.5,inferred
Fareham,2021-09-24,21.0,27.0,30.0,32.0,33.0,35.0,38.0,40.0,43.0,45.0,46.0,52.0,59.0,inferred
Fareham,2021-09-25,18.0,23.0,26.0,27.0,29.0,31.0,33.0,35.0,38.0,39.0,41.0,46.0,52.0,inferred
Fareham,2021-09-26,20.0,24.0,28.0,29.0,30.0,32.0,35.0,37.0,39.0,41.0,43.0,47.0,55.0,inferred
Fareham,2021-09-27,29.0,35.0,39.0,41.0,42.0,44.0,47.0,50.0,53.0,54.0,56.0,62.0,72.5,inferred
Fareham,2021-09-28,27.5,34.0,38.0,40.0,41.0,45.0,48.0,50.0,53.0,55.0,57.0,62.0,71.0,inferred
Fareham,2021-09-29,30.0,37.0,41.0,42.0,44.0,46.0,49.0,52.0,55.0,57.0,59.0,64.1,73.0,inferred
Fareham,2021-09-30,28.0,35.0,39.0,41.0,42.0,45.0,47.0,50.0,53.3,55.0,57.0,62.0,71.0,inferred
Fareham,2021-10-01,28.0,33.0,38.0,39.0,41.0,43.6,46.0,49.0,52.0,54.0,56.0,61.0,69.0,inferred
Fareham,2021-10-02,24.0,29.0,33.0,35.0,36.0,39.0,41.0,43.0,46.0,47.0,49.0,54.0,64.0,inferred
Fareham,2021-10-03,25.0,31.0,35.0,37.0,38.7,41.0,44.0,46.0,49.0,50.0,52.0,56.0,65.0,inferred
Fareham,2021-10-04,38.0,45.0,50.0,52.0,54.0,57.0,60.0,63.0,67.0,69.0,71.0,77.0,87.0,inferred
Fareham,2021-10-05,39.0,46.9,52.0,53.0,55.0,58.0,61.0,63.0,67.0,69.0,71.0,77.0,86.0,inferred
Fareham,2021-10-06,44.0,50.0,55.0,57.0,58.0,62.0,65.0,68.0,72.0,74.0,76.0,82.0,93.5,inferred
Fareham,2021-10-07,43.0,51.0,56.0,58.0,59.0,63.0,66.0,70.0,73.0,75.0,77.0,82.0,94.0,inferred
Fareham,2021-10-08,42.0,50.0,55.0,57.0,59.0,62.0,65.0,69.0,72.0,74.0,76.0,82.0,91.0,inferred
Fareham,2021-10-09,38.0,44.0,49.0,51.0,52.0,55.0,59.0,62.0,65.0,67.0,69.0,75.0,84.0,inferred
Fareham,2021-10-10,43.0,49.0,54.0,56.0,58.0,61.0,64.0,67.0,70.0,71.0,74.0,80.0,90.5,inferred
Fareham,2021-10-11,63.0,72.0,78.0,81.0,83.0,86.0,90.0,93.0,97.0,100.0,103.0,110.0,121.0,inferred
Fareham,2021-10-12,62.0,70.0,77.0,79.0,81.0,84.0,88.0,92.0,97.0,99.0,102.0,110.0,123.0,inferred
Fareham,2021-10-13,65.0,73.0,80.0,82.0,84.0,88.0,91.0,95.0,99.0,101.0,104.0,110.0,123.0,inferred
Fareham,2021-10-14,59.5,68.0,74.0,77.0,79.0,83.0,87.0,91.0,94.0,97.0,100.0,107.0,121.0,inferred
Fareham,2021-10-15,56.0,63.0,69.0,72.0,74.0,78.0,82.0,86.0,90.0,92.0,95.0,102.0,113.0,inferred
Fenland,2021-07-03,2.0,4.0,6.0,6.0,7.0,8.0,9.0,11.0,12.0,13.0,14.0,16.0,22.0,inferred
Fenland,2021-07-04,3.0,6.0,7.0,8.0,8.7,10.0,11.0,12.0,14.0,15.0,16.0,19.0,24.0,inferred
Fenland,2021-07-05,6.0,9.0,11.0,12.0,13.0,14.0,16.0,18.0,20.0,21.0,22.0,26.0,32.0,inferred
Fenland,2021-07-06,6.5,9.0,12.0,13.0,14.0,15.0,17.0,18.0,20.0,21.0,23.0,26.0,32.5,inferred
Fenland,2021-07-07,8.0,11.0,13.0,14.0,15.0,17.0,18.0,20.0,22.0,23.0,25.0,28.0,35.0,inferred
Fenland,2021-07-08,8.0,11.0,14.0,15.0,16.0,18.0,20.0,22.0,24.0,25.0,27.0,31.0,36.0,inferred
Fenland,2021-07-09,8.0,11.0,14.0,15.0,16.0,18.0,20.0,22.0,24.0,25.0,26.0,30.0,37.0,inferred
Fenland,2021-07-10,7.0,10.0,13.0,14.0,14.7,16.0,18.0,20.0,22.0,24.0,25.0,28.0,34.0,inferred
Fenland,2021-07-11,9.0,13.0,15.0,16.0,17.0,19.0,21.0,23.0,25.0,26.0,28.0,32.0,38.0,inferred
Fenland,2021-07-12,16.0,20.0,24.0,25.0,27.0,29.0,31.0,33.0,36.0,37.0,39.0,44.0,52.0,inferred
Fenland,2021-07-13,15.0,21.0,24.0,26.0,27.0,30.0,32.0,35.0,37.0,39.0,41.0,45.0,53.0,inferred
Fenland,2021-07-14,18.0,22.0,26.0,27.0,29.0,31.0,34.0,36.0,39.0,41.0,42.0,47.0,55.0,inferred
Fenland,2021-07-15,17.0,22.0,26.0,28.0,29.0,31.0,34.0,36.0,39.0,40.0,42.0,48.0,55.5,inferred
Fenland,2021-07-16,16.0,21.0,24.0,25.0,26.0,29.0,31.0,34.0,36.0,38.0,39.0,44.0,52.0,inferred
Fenland,2021-07-17,13.0,17.0,20.0,21.0,23.0,25.0,27.0,29.0,31.3,33.0,35.0,40.0,47.0,inferred
Fenland,2021-07-18,13.0,18.0,21.0,23.0,24.0,26.0,29.0,31.0,34.0,35.0,37.0,42.0,49.0,inferred
Fenland,2021-07-19,21.5,26.0,30.0,32.0,34.0,36.0,39.0,41.0,44.0,46.0,48.0,53.0,62.0,inferred
Fenland,2021-07-20,19.0,25.0,29.0,30.0,31.0,34.0,36.0,39.0,42.0,43.0,45.0,51.0,59.0,inferred
Fenland,2021-07-21,19.0,25.0,28.0,30.0,31.0,33.0,36.0,38.4,41.0,43.0,44.0,48.1,57.0,inferred
Fenland,2021-07-22,16.5,21.0,25.0,26.0,27.7,30.0,32.0,35.0,37.0,39.0,40.0,45.0,52.0,inferred
Fenland,2021-07-23,14.0,18.0,21.0,23.0,24.0,26.0,28.0,30.0,33.0,34.0,36.0,40.0,47.0,inferred
Fenland,2021-07-24,9.0,13.0,16.0,17.0,18.0,20.0,22.0,24.0,27.0,28.0,29.0,33.0,40.0,inferred
Fenland,2021-07-25,9.0,13.0,16.0,17.0,18.0,20.0,22.0,24.0,26.0,27.0,29.0,33.0,40.5,inferred
Fenland,2021-07-26,13.0,18.0,21.0,22.0,23.0,26.0,28.0,31.0,33.0,35.0,37.0,41.0,48.5,inferred
Fenland,2021-07-27,12.0,17.0,19.0,21.0,22.0,24.0,26.0,28.0,30.0,32.0,33.2,38.0,45.0,inferred
Fenland,2021-07-28,13.0,17.0,20.0,22.0,23.0,25.0,27.0,30.0,32.0,34.0,35.0,40.0,48.5,inferred
Fenland,2021-07-29,13.0,17.0,20.0,21.0,22.0,25.0,27.0,29.0,32.0,33.0,35.0,39.0,45.0,inferred
Fenland,2021-07-30,11.0,16.0,19.0,20.0,21.0,24.0,26.0,28.0,30.0,31.0,33.0,37.0,44.0,inferred
Fenland,2021-07-31,9.0,14.0,16.0,17.0,18.0,20.0,22.0,24.0,26.0,28.0,29.0,33.0,41.0,inferred
Fenland,2021-08-01,11.0,15.0,17.0,19.0,20.0,21.0,23.0,26.0,28.0,29.0,31.0,35.0,42.5,inferred
Fenland,2021-08-02,17.0,22.0,25.8,27.0,28.0,31.0,33.0,36.0,38.0,40.0,42.0,47.0,55.0,inferred
Fenland,2021-08-03,16.0,21.9,25.0,26.0,28.0,30.0,33.0,35.0,38.0,39.0,41.0,47.0,55.0,inferred
Fenland,2021-08-04,18.0,22.0,26.0,28.0,29.0,32.0,34.0,37.0,39.3,41.0,43.0,47.0,54.0,inferred
Fenland,2021-08-05,18.0,23.0,27.0,28.0,29.0,32.0,34.0,36.0,39.0,41.0,43.0,47.0,54.5,inferred
Fenland,2021-08-06,16.0,21.0,25.0,26.0,28.0,30.0,32.0,35.0,37.0,39.0,41.0,46.0,53.0,inferred
Fenland,2021-08-07,15.0,18.0,21.0,23.0,24.0,26.0,28.0,30.0,32.0,34.0,35.0,40.0,47.0,inferred
Fenland,2021-08-08,14.0,19.0,22.0,23.8,25.0,27.0,29.5,32.0,34.0,36.0,37.0,42.0,50.5,inferred
Fenland,2021-08-09,23.0,29.0,33.0,34.0,36.0,38.0,41.0,44.0,47.0,49.0,51.0,56.0,64.0,inferred
Fenland,2021-08-10,22.5,28.0,32.0,33.0,34.0,38.0,40.0,43.0,46.0,48.0,49.0,55.0,63.0,inferred
Fenland,2021-08-11,23.0,29.0,33.0,35.0,36.0,38.0,42.0,44.0,47.0,49.0,51.0,56.0,64.0,inferred
Fenland,2021-08-12,23.0,28.0,32.0,33.0,35.0,38.0,40.0,43.0,45.3,47.0,50.0,55.0,65.0,inferred
Fenland,2021-08-13,21.5,26.0,29.0,31.0,33.0,35.0,38.0,40.0,43.0,45.0,47.0,53.0,62.5,inferred
Fenland,2021-08-14,16.0,21.0,25.0,27.0,28.0,30.0,32.0,35.0,37.0,39.0,41.0,45.0,53.0,inferred
Fenland,2021-08-15,17.0,23.0,27.0,28.0,29.0,32.0,34.0,37.0,39.0,41.0,43.0,48.0,57.0,inferred
Fenland,2021-08-16,27.0,34.0,38.0,39.0,41.0,44.0,47.0,50.0,53.0,55.0,57.0,62.0,73.0,inferred
Fenland,2021-08-17,27.0,33.0,37.0,39.0,41.0,43.0,46.0,49.0,53.0,55.0,57.0,63.0,71.0,inferred
Fenland,2021-08-18,29.0,35.0,39.0,41.0,42.0,45.0,48.0,51.0,55.0,57.0,59.0,65.0,74.0,inferred
Fenland,2021-08-19,30.0,35.0,39.0,41.0,42.0,45.0,48.0,52.0,55.0,57.0,59.0,65.0,75.0,inferred
Fenland,2021-08-20,27.0,34.0,38.0,40.0,41.0,44.0,47.0,50.0,53.0,55.0,57.0,63.0,71.0,inferred
Fenland,2021-08-21,22.0,29.0,33.0,35.0,36.0,39.0,41.0,44.0,47.0,48.2,50.2,56.0,64.5,inferred
Fenland,2021-08-22,26.0,32.0,36.0,37.0,39.0,42.0,44.0,47.0,50.0,52.2,54.0,60.0,69.0,inferred
Fenland,2021-08-23,39.0,46.0,52.0,54.0,55.0,58.0,61.0,65.0,68.0,71.0,73.0,79.0,90.5,inferred
Fenland,2021-08-24,39.0,45.0,50.0,52.0,54.0,58.0,61.0,64.0,68.0,70.0,72.0,78.1,90.0,inferred
Fenland,2021-08-25,40.0,46.0,51.0,53.0,55.0,59.0,62.0,65.0,69.0,71.0,74.0,80.0,91.0,inferred
Fenland,2021-08-26,37.0,44.0,49.8,52.0,54.0,57.0,60.0,63.0,67.0,69.0,71.0,77.0,88.0,inferred
Fenland,2021-08-27,34.0,40.0,45.0,47.0,49.0,51.0,54.0,57.0,61.0,63.0,66.0,72.0,81.0,inferred
Fenland,2021-08-28,27.0,33.0,37.0,38.0,40.0,43.0,45.0,49.0,52.0,54.0,55.0,61.0,70.5,inferred
Fenland,2021-08-29,28.5,34.0,38.0,40.0,41.0,44.0,47.0,50.0,53.0,55.0,57.0,63.0,75.0,inferred
Fenland,2021-08-30,40.0,47.0,53.0,56.0,57.0,61.0,64.0,67.0,70.0,73.0,76.0,82.0,94.0,inferred
Fenland,2021-08-31,38.5,46.0,51.0,53.0,55.0,59.0,62.0,65.4,69.0,71.0,74.0,80.0,91.5,inferred
Fenland,2021-09-01,39.0,46.0,51.0,53.0,55.0,59.0,62.0,65.0,69.0,71.0,74.0,80.0,91.0,inferred
Fenland,2021-09-02,38.0,45.0,50.0,52.0,54.0,57.0,60.0,63.0,67.0,70.0,72.0,78.0,89.0,inferred
Fenland,2021-09-03,34.0,41.0,45.0,47.0,49.0,52.0,55.0,59.0,62.0,64.0,66.0,71.1,81.0,inferred
Fenland,2021-09-04,27.0,34.0,37.0,39.0,41.0,43.0,46.0,49.0,52.0,54.0,56.0,62.0,70.5,inferred
Fenland,2021-09-05,29.0,35.0,39.0,40.0,42.0,45.0,47.5,50.4,54.0,56.0,58.0,64.0,73.0,inferred
Fenland,2021-09-06,41.0,48.0,53.0,55.0,57.0,61.0,64.0,68.0,71.0,74.0,76.0,82.0,93.0,inferred
Fenland,2021-09-07,38.0,44.9,50.0,52.0,54.0,57.0,60.0,63.0,67.0,69.0,72.0,79.0,90.0,inferred
Fenland,2021-09-08,36.5,44.0,49.0,51.0,52.0,56.0,59.0,62.0,66.0,69.0,71.0,76.1,87.0,inferred
Fenland,2021-09-09,34.0,41.0,46.0,48.0,50.0,52.0,55.0,58.0,62.0,64.0,66.0,72.0,80.5,inferred
Fenland,2021-09-10,30.0,36.0,40.0,42.0,44.0,47.0,50.0,53.0,57.0,59.0,60.0,66.0,75.5,inferred
Fenland,2021-09-11,23.0,29.0,33.0,35.0,36.0,39.0,41.0,44.0,47.0,49.0,51.0,56.0,64.0,inferred
Fenland,2021-09-12,24.0,29.9,34.0,36.0,37.0,40.0,43.0,45.4,48.0,50.0,52.0,56.0,66.0,inferred
Fenland,2021-09-13,34.0,41.0,46.0,48.0,50.0,53.0,56.0,60.0,63.0,65.0,68.0,74.0,85.5,inferred
Fenland,2021-09-14,33.0,40.0,45.0,47.0,48.0,51.0,54.0,57.0,61.0,63.0,65.0,71.0,82.0,inferred
Fenland,2021-09-15,34.0,42.0,47.0,49.0,51.0,54.0,58.0,61.0,65.0,66.0,69.0,75.0,84.0,inferred
Fenland,2021-09-16,36.0,42.0,47.0,49.8,51.0,55.0,58.0,61.0,64.0,66.0,68.0,74.0,85.0,inferred
Fenland,2021-09-17,34.5,40.0,45.0,47.0,49.0,52.0,55.0,58.0,62.0,63.2,66.0,72.0,82.0,inferred
Fenland,2021-09-18,29.0,35.0,40.0,41.0,43.0,46.0,48.0,52.0,54.0,56.2,59.0,65.0,73.0,inferred
Fenland,2021-09-19,32.5,38.0,43.0,45.0,46.0,50.0,52.0,55.0,59.0,61.0,63.0,69.0,79.0,inferred
Fenland,2021-09-20,49.0,56.0,61.0,64.0,66.0,69.0,73.0,76.0,80.0,83.0,85.0,92.0,102.0,inferred
Fenland,2021-09-21,46.0,54.0,60.0,62.0,64.0,68.0,72.0,75.0,80.0,82.0,85.0,91.1,102.5,inferred
Fenland,2021-09-22,49.0,56.9,62.0,65.0,67.0,70.0,74.0,78.0,82.0,84.0,86.0,93.0,103.0,inferred
Fenland,2021-09-23,46.0,55.0,60.0,62.0,64.0,68.0,71.0,74.0,78.0,80.2,83.0,90.0,104.5,inferred
Fenland,2021-09-24,43.0,51.0,56.8,58.0,60.0,64.0,67.0,70.0,74.0,76.0,78.0,85.0,95.0,inferred
Fenland,2021-09-25,37.0,43.0,48.0,50.0,51.0,54.0,57.0,60.0,64.0,66.0,69.0,75.0,86.0,inferred
Fenland,2021-09-26,39.0,45.0,50.0,52.0,54.0,57.6,61.0,64.0,67.0,69.0,71.0,78.0,88.5,inferred
Fenland,2021-09-27,56.0,64.9,71.0,73.0,75.0,79.0,83.0,87.0,91.0,93.0,96.0,104.0,118.0,inferred
Fenland,2021-09-28,54.0,61.0,67.0,69.0,71.0,75.0,80.0,83.0,88.0,91.0,94.0,101.0,114.0,inferred
Fenland,2021-09-29,55.0,64.0,70.0,72.0,75.0,78.0,82.0,85.0,90.0,92.0,95.0,104.0,117.0,inferred
Fenland,2021-09-30,52.0,61.0,67.0,69.0,71.0,75.0,78.0,82.0,86.0,88.0,91.0,99.0,110.5,inferred
Fenland,2021-10-01,48.0,57.0,62.0,64.0,66.0,70.0,74.0,78.0,82.0,85.0,87.0,95.0,104.0,inferred
Fenland,2021-10-02,41.0,48.0,53.0,55.0,57.0,60.6,64.0,67.0,71.0,72.0,75.0,81.0,91.0,inferred
Fenland,2021-10-03,42.0,50.0,56.0,58.0,60.0,64.0,66.5,70.0,74.0,76.0,78.0,84.0,95.0,inferred
Fenland,2021-10-04,61.0,71.0,78.0,80.0,82.0,86.0,90.0,95.0,99.0,102.0,104.0,112.0,126.0,inferred
Fenland,2021-10-05,59.0,69.9,76.0,78.0,80.0,84.0,88.0,92.0,96.0,98.0,101.0,110.0,120.5,inferred
Fenland,2021-10-06,63.5,71.0,77.0,79.0,81.0,85.0,89.0,93.0,98.0,101.0,104.0,112.0,124.0,inferred
Fenland,2021-10-07,60.0,69.0,75.0,77.8,80.0,84.0,88.0,92.0,97.0,99.0,102.0,109.0,121.0,inferred
Fenland,2021-10-08,54.0,63.0,69.0,71.0,74.0,78.0,81.0,85.0,89.0,92.0,94.0,101.1,114.5,inferred
Fenland,2021-10-09,45.0,53.0,58.0,61.0,63.0,67.0,70.0,73.0,77.0,79.0,82.0,88.0,99.0,inferred
Fenland,2021-10-10,47.0,57.0,63.0,65.0,67.0,70.0,74.0,77.4,82.0,84.0,86.0,93.0,103.0,inferred
Fenland,2021-10-11,69.0,79.0,86.0,88.0,91.0,95.0,99.0,104.0,109.0,111.0,114.0,123.1,136.0,inferred
Fenland,2021-10-12,64.0,74.0,82.0,85.0,87.0,91.0,95.0,99.0,103.0,106.0,109.0,117.0,130.0,inferred
Fenland,2021-10-13,63.0,74.0,80.8,83.0,85.0,90.0,94.0,98.0,103.0,105.0,108.0,115.0,129.0,inferred
Fenland,2021-10-14,61.0,69.0,76.0,78.0,80.0,84.0,88.0,92.0,97.0,99.0,102.0,110.0,123.0,inferred
Fenland,2021-10-15,51.0,59.0,65.0,68.0,70.0,75.0,79.0,83.0,88.0,90.0,93.0,101.0,112.0,inferred
Fife,2021-07-03,107.0,144.0,173.0,186.0,195.7,218.6,238.5,261.0,287.3,303.0,316.0,363.0,453.5,inferred
Fife,2021-07-04,93.0,127.0,155.8,167.0,178.0,198.0,220.0,245.0,271.0,287.0,301.0,348.0,425.5,inferred
Fife,2021-07-05,77.5,110.0,133.8,143.0,154.0,172.0,188.0,207.0,230.0,245.0,261.0,307.0,391.1,inferred
Fife,2021-07-06,80.0,116.9,143.0,153.0,164.0,183.0,202.0,223.0,250.0,262.0,277.0,323.1,402.5,inferred
Fife,2021-07-07,98.0,136.0,165.0,175.0,185.0,206.0,225.5,250.0,278.0,292.2,308.0,355.0,436.5,inferred
Fife,2021-07-08,71.0,102.0,125.0,135.8,145.0,163.0,184.5,205.0,228.0,242.0,260.2,305.0,380.0,inferred
Fife,2021-07-09,72.0,104.0,126.0,136.0,147.0,166.0,185.5,204.0,225.0,238.2,258.0,306.1,392.0,inferred
Fife,2021-07-10,88.0,121.0,148.0,159.8,172.0,192.0,215.0,233.0,261.0,274.0,287.2,334.1,419.0,inferred
Fife,2021-07-11,75.5,107.0,131.0,142.0,151.0,172.0,190.5,213.0,239.0,253.0,270.0,320.1,399.5,inferred
Fife,2021-07-12,50.5,81.0,105.0,115.0,123.0,140.6,158.0,178.0,202.3,212.0,226.0,276.2,347.5,inferred
Fife,2021-07-13,53.5,83.0,105.0,116.8,125.7,144.0,164.0,184.0,206.0,220.0,233.0,280.1,356.0,inferred
Fife,2021-07-14,62.0,95.0,119.0,129.8,140.0,156.0,175.5,198.0,223.3,241.2,258.2,302.0,397.1,inferred
Fife,2021-07-15,44.0,68.0,92.0,101.8,111.0,127.0,143.0,161.0,180.0,193.0,210.0,247.2,324.0,inferred
Fife,2021-07-16,42.5,69.9,90.8,100.0,107.0,124.0,138.0,156.0,177.3,191.0,206.0,249.0,316.5,inferred
Fife,2021-07-17,47.5,76.9,101.0,111.0,121.0,139.0,155.0,173.0,193.0,203.0,219.0,259.0,332.0,inferred
Fife,2021-07-18,43.0,65.9,86.0,95.8,104.0,121.0,137.5,156.0,177.0,190.0,204.0,241.0,316.6,inferred
Fife,2021-07-19,31.5,50.9,68.0,76.0,82.0,97.6,109.5,126.0,144.0,154.2,167.2,205.0,280.5,inferred
Fife,2021-07-20,30.5,52.0,69.0,76.0,84.0,98.0,114.5,132.0,150.0,163.0,178.2,215.0,275.0,inferred
Fife,2021-07-21,32.0,57.0,77.0,86.0,93.0,108.0,123.0,139.0,158.0,173.0,184.2,224.0,292.6,inferred
Fife,2021-07-22,22.0,40.0,56.0,62.8,68.0,81.0,93.5,108.0,127.0,139.0,150.2,185.0,238.6,inferred
Fife,2021-07-23,21.0,39.0,56.0,62.0,68.0,82.0,95.0,109.0,125.0,135.0,148.0,187.0,249.6,inferred
Fife,2021-07-24,28.0,46.0,62.8,70.0,77.0,92.0,105.0,120.0,140.0,153.0,164.0,205.1,260.0,inferred
Fife,2021-07-25,19.0,38.0,51.0,58.8,66.0,77.0,90.0,106.0,124.3,136.0,147.2,185.0,243.0,inferred
Fife,2021-07-26,12.0,24.0,37.0,45.0,50.0,60.0,72.0,86.0,100.0,110.0,121.0,154.0,221.0,inferred
Fife,2021-07-27,15.5,30.0,43.0,47.0,53.0,63.0,75.0,89.0,105.0,115.0,123.0,157.1,228.5,inferred
Fife,2021-07-28,19.0,35.0,50.0,56.0,63.0,74.0,87.5,102.4,119.0,127.0,140.0,172.0,242.6,inferred
Fife,2021-07-29,14.0,27.0,40.0,45.0,51.0,62.0,72.0,85.0,103.0,112.0,123.2,154.0,211.0,inferred
Fife,2021-07-30,14.0,27.0,42.0,49.0,55.0,67.0,79.0,93.0,105.0,116.0,127.0,159.0,220.0,inferred
Fife,2021-07-31,20.5,35.0,52.8,60.0,65.0,76.0,90.0,104.0,123.0,134.0,144.0,184.0,246.0,inferred
Fife,2021-08-01,18.0,31.9,46.0,52.0,57.0,70.0,82.0,97.0,112.3,123.0,134.0,174.0,242.5,inferred
Fife,2021-08-02,10.0,23.0,37.0,43.0,48.0,60.0,72.0,85.0,101.0,109.0,119.0,151.0,207.5,inferred
Fife,2021-08-03,14.0,28.0,41.0,47.8,53.0,66.0,79.0,92.0,109.0,117.0,129.0,159.0,231.0,inferred
Fife,2021-08-04,22.0,39.0,53.8,61.0,67.0,80.0,93.0,109.0,126.0,136.0,146.0,186.0,245.1,inferred
Fife,2021-08-05,13.0,28.0,42.0,48.0,54.7,65.0,78.0,91.0,108.0,118.0,131.0,162.0,224.5,inferred
Fife,2021-08-06,15.0,32.0,47.8,53.0,58.0,71.0,85.0,99.0,115.0,125.0,137.2,165.0,225.1,inferred
Fife,2021-08-07,25.0,44.0,60.8,67.0,73.0,86.6,102.0,117.0,135.0,145.0,159.0,197.0,254.0,inferred
Fife,2021-08-08,22.0,39.9,59.0,65.0,72.7,85.6,98.5,115.0,132.0,142.0,152.0,186.0,247.5,inferred
Fife,2021-08-09,19.0,34.0,49.0,56.0,61.0,75.0,86.0,99.0,115.0,124.0,135.0,167.0,233.0,inferred
Fife,2021-08-10,20.0,39.0,54.0,61.0,69.0,82.0,95.0,109.0,127.0,137.0,149.2,183.0,238.0,inferred
Fife,2021-08-11,28.0,51.0,69.0,78.0,85.0,98.0,113.0,130.0,147.0,157.2,171.0,213.1,268.5,inferred
Fife,2021-08-12,25.5,42.0,57.0,63.8,70.0,84.0,97.5,112.0,128.0,138.0,150.0,189.0,266.5,inferred
Fife,2021-08-13,27.5,51.0,67.0,76.0,84.0,97.0,111.0,126.0,142.0,152.2,165.0,201.0,275.0,inferred
Fife,2021-08-14,37.0,61.0,83.0,91.0,99.7,115.0,131.0,151.0,169.0,180.0,196.0,240.1,310.0,inferred
Fife,2021-08-15,39.0,61.0,80.0,89.0,97.0,115.0,133.0,151.0,170.0,183.0,196.0,240.1,310.0,inferred
Fife,2021-08-16,30.0,52.0,68.0,78.0,86.0,103.0,116.0,132.0,152.0,162.2,177.2,213.0,284.5,inferred
Fife,2021-08-17,37.0,62.0,84.0,91.0,98.7,113.0,129.0,150.0,169.0,183.0,196.0,240.0,313.0,inferred
Fife,2021-08-18,55.0,83.0,107.0,116.0,125.0,142.0,161.0,182.0,206.0,220.0,235.0,287.1,369.6,inferred
Fife,2021-08-19,51.0,76.0,100.0,108.0,116.0,132.0,149.0,167.4,188.0,199.2,212.2,257.0,328.0,inferred
Fife,2021-08-20,57.0,91.0,115.0,123.0,131.0,149.0,168.0,188.4,211.3,225.2,239.0,275.1,344.0,inferred
Fife,2021-08-21,81.5,114.0,141.8,155.0,166.0,190.0,210.0,231.4,258.3,273.2,290.0,335.0,418.5,inferred
Fife,2021-08-22,84.5,117.0,144.0,155.0,165.0,187.0,208.0,228.0,254.0,269.2,284.0,333.1,424.6,inferred
Fife,2021-08-23,74.0,104.0,131.0,142.0,153.0,173.0,194.0,212.0,236.0,250.2,266.0,310.1,393.5,inferred
Fife,2021-08-24,84.0,123.0,150.0,164.0,175.7,199.0,225.0,248.0,272.0,286.0,303.0,350.0,441.0,inferred
Fife,2021-08-25,117.0,164.0,200.0,213.8,224.7,247.0,273.0,299.0,324.0,340.0,360.0,406.2,523.5,inferred
Fife,2021-08-26,107.0,144.9,172.8,182.0,197.0,220.0,240.0,265.0,293.0,308.0,331.2,392.0,481.5,inferred
Fife,2021-08-27,126.0,167.0,200.0,214.0,227.0,252.0,272.0,299.4,328.0,345.2,372.0,423.0,509.6,inferred
Fife,2021-08-28,164.0,214.9,253.8,270.8,285.0,311.0,338.0,367.0,401.0,418.2,441.0,504.0,599.5,inferred
Fife,2021-08-29,173.0,219.0,255.0,269.0,283.7,313.0,339.0,366.0,399.0,417.2,438.0,497.0,606.0,inferred
Fife,2021-08-30,135.5,186.0,220.0,235.0,251.0,279.0,302.0,332.0,366.0,382.0,400.2,467.0,566.5,inferred
Fife,2021-08-31,170.0,217.0,257.8,275.0,289.0,315.0,346.0,374.0,403.3,420.2,445.0,495.0,593.0,inferred
Fife,2021-09-01,213.5,274.9,320.0,337.0,351.0,382.0,411.0,445.0,482.0,504.2,523.0,580.0,685.0,inferred
Fife,2021-09-02,180.5,226.9,259.0,277.0,295.0,319.0,348.0,375.0,406.0,427.0,449.0,521.0,605.1,inferred
Fife,2021-09-03,191.0,239.9,286.0,304.0,316.0,341.0,371.0,400.0,434.0,450.0,477.2,539.1,650.1,inferred
Fife,2021-09-04,235.4,293.9,339.0,356.0,374.0,405.0,435.0,470.4,509.0,532.0,559.0,628.0,742.0,inferred
Fife,2021-09-05,220.0,278.0,323.0,340.8,355.0,393.0,426.0,462.0,497.0,512.0,538.0,598.0,711.0,inferred
Fife,2021-09-06,183.0,235.9,276.8,294.0,309.0,338.0,369.5,394.0,431.3,449.0,474.0,533.2,636.0,inferred
Fife,2021-09-07,200.5,253.0,294.0,307.0,325.0,357.0,387.0,417.4,452.0,470.2,494.0,557.0,651.5,inferred
Fife,2021-09-08,213.0,273.0,320.0,335.8,354.0,387.0,417.0,450.0,488.3,510.0,535.0,590.1,705.0,inferred
Fife,2021-09-09,146.5,202.9,240.0,253.0,266.0,294.0,321.0,349.4,382.0,394.0,412.2,467.2,560.6,inferred
Fife,2021-09-10,139.0,186.0,221.0,235.0,248.0,274.0,299.0,328.0,357.3,374.0,398.0,455.0,539.0,inferred
Fife,2021-09-11,153.0,199.0,237.0,253.0,265.7,293.0,321.0,351.0,382.0,400.0,422.0,475.1,582.0,inferred
Fife,2021-09-12,128.4,170.0,203.0,215.0,227.0,252.0,274.0,297.4,327.0,344.2,364.2,413.1,507.5,inferred
Fife,2021-09-13,85.0,121.0,150.8,161.0,172.0,194.0,217.0,239.0,262.0,279.0,297.2,345.0,428.0,inferred
Fife,2021-09-14,83.0,120.0,150.0,161.0,173.0,195.0,219.5,244.0,269.0,286.0,301.2,353.1,434.5,inferred
Fife,2021-09-15,98.0,137.0,164.0,177.0,189.0,212.0,235.5,261.0,289.0,305.0,322.0,372.1,464.1,inferred
Fife,2021-09-16,72.0,105.0,132.0,142.8,151.0,170.0,192.0,212.4,232.3,246.2,262.0,313.0,376.6,inferred
Fife,2021-09-17,74.0,108.0,131.0,143.0,151.0,172.0,191.0,212.0,238.0,250.2,267.0,313.1,389.1,inferred
Fife,2021-09-18,88.5,122.0,150.0,160.0,171.0,191.0,213.0,235.0,257.3,273.0,289.2,341.0,424.5,inferred
Fife,2021-09-19,69.5,104.0,130.0,141.0,152.0,176.0,194.0,215.0,239.3,255.0,270.0,317.0,402.0,inferred
Fife,2021-09-20,52.5,81.0,102.0,113.0,122.0,138.0,155.0,175.0,197.0,209.0,226.2,271.1,364.5,inferred
Fife,2021-09-21,57.0,86.0,112.0,122.0,131.0,151.6,173.0,191.0,211.3,228.0,248.2,285.1,356.5,inferred
Fife,2021-09-22,75.0,109.0,137.0,148.0,160.0,179.0,199.0,228.0,254.0,271.0,286.0,325.1,411.1,inferred
Fife,2021-09-23,65.0,94.0,120.0,130.0,137.0,156.0,173.0,190.0,213.0,227.0,245.0,285.0,353.0,inferred
Fife,2021-09-24,69.5,101.0,125.8,135.8,146.0,166.0,188.0,206.0,230.0,246.0,262.0,309.1,382.0,inferred
Fife,2021-09-25,87.5,126.0,159.0,171.0,182.0,203.0,226.0,247.4,273.3,291.2,306.2,363.0,451.5,inferred
Fife,2021-09-26,79.5,121.0,151.0,162.0,173.0,193.0,213.0,238.0,264.0,280.2,295.0,347.0,419.0,inferred
Fife,2021-09-27,71.0,100.0,124.0,134.0,143.0,162.6,182.0,204.0,230.0,243.0,259.0,310.1,390.5,inferred
Fife,2021-09-28,79.0,111.0,137.8,150.8,161.7,184.0,204.0,225.0,252.0,266.0,287.0,336.0,432.6,inferred
Fife,2021-09-29,95.0,133.0,163.0,178.0,190.0,213.0,232.0,253.4,280.3,297.0,316.0,370.0,449.0,inferred
Fife,2021-09-30,70.0,102.0,130.0,141.0,151.0,170.0,190.0,211.0,234.0,250.0,264.2,309.1,387.0,inferred
Fife,2021-10-01,71.0,107.0,134.0,145.0,156.0,177.0,197.0,221.0,249.0,265.0,281.0,325.0,414.0,inferred
Fife,2021-10-02,96.5,133.0,163.0,176.0,186.0,208.0,231.5,255.0,275.0,288.0,304.0,350.1,439.6,inferred
Fife,2021-10-03,85.0,120.0,146.0,157.0,166.0,186.0,204.5,233.0,259.3,276.0,291.0,341.1,403.0,inferred
Fife,2021-10-04,61.0,92.9,116.8,127.0,139.0,159.0,177.5,197.4,220.3,236.0,252.0,297.0,384.5,inferred
Fife,2021-10-05,74.0,108.0,131.0,142.0,152.0,171.0,190.0,213.0,235.0,250.2,264.0,316.1,391.6,inferred
Fife,2021-10-06,94.0,128.0,160.0,172.0,185.0,205.0,227.0,249.0,277.0,293.0,308.2,353.0,438.0,inferred
Fife,2021-10-07,74.0,106.0,129.0,140.0,151.0,170.6,189.0,211.0,236.0,252.0,272.0,318.0,395.5,inferred
Fife,2021-10-08,75.5,108.0,135.0,146.8,158.0,175.6,197.0,221.0,244.0,259.0,274.0,321.0,396.0,inferred
Fife,2021-10-09,99.0,138.0,169.8,182.0,194.0,216.0,235.5,262.0,290.0,306.0,322.0,375.0,476.0,inferred
Fife,2021-10-10,91.0,126.0,152.0,162.0,173.0,192.0,210.0,235.0,261.0,279.0,298.0,341.0,432.7,inferred
Fife,2021-10-11,65.5,100.0,126.8,137.0,150.0,169.0,188.0,208.4,234.3,250.2,266.0,311.0,388.0,inferred
Fife,2021-10-12,76.0,109.0,143.0,157.0,166.0,186.6,208.5,227.4,253.0,269.0,289.0,329.0,409.6,inferred
Fife,2021-10-13,100.0,140.0,169.0,181.0,193.0,217.0,241.0,267.4,294.0,311.0,327.0,379.1,468.5,inferred
Fife,2021-10-14,74.0,113.0,141.0,153.0,165.0,186.0,210.0,230.0,252.0,268.2,284.0,328.1,415.0,inferred
Fife,2021-10-15,80.5,115.9,146.0,158.0,172.7,196.0,217.0,241.4,274.0,293.0,312.2,368.1,452.1,inferred
Flintshire,2021-07-03,21.0,26.0,30.0,32.0,33.0,36.0,39.0,41.0,44.0,46.0,48.0,53.0,65.0,inferred
Flintshire,2021-07-04,21.0,27.0,31.0,32.0,34.0,36.0,39.0,41.0,44.0,46.0,48.0,53.0,60.0,inferred
Flintshire,2021-07-05,32.0,39.0,43.8,45.0,47.0,50.0,53.0,56.0,60.0,62.0,64.0,70.0,81.0,inferred
Flintshire,2021-07-06,33.0,41.0,45.0,46.0,48.0,51.0,55.0,58.0,61.0,63.0,66.0,72.0,83.5,inferred
Flintshire,2021-07-07,35.0,43.0,47.0,49.0,51.0,53.0,56.0,60.0,63.0,65.0,68.0,74.0,82.0,inferred
Flintshire,2021-07-08,35.0,42.0,47.0,49.0,51.0,54.0,58.0,61.0,65.0,67.0,69.2,76.0,86.5,inferred
Flintshire,2021-07-09,32.0,39.0,43.0,45.0,47.0,50.0,53.0,56.0,60.0,62.0,64.0,70.1,81.0,inferred
Flintshire,2021-07-10,28.0,34.0,38.0,40.0,41.0,44.0,47.0,50.0,53.0,55.0,57.0,64.0,73.5,inferred
Flintshire,2021-07-11,29.0,35.0,40.0,42.0,43.0,46.0,49.0,52.0,55.0,57.0,59.0,66.0,77.0,inferred
Flintshire,2021-07-12,46.0,53.0,58.0,60.0,63.0,67.0,70.0,74.0,79.0,82.0,85.0,91.0,104.5,inferred
Flintshire,2021-07-13,47.0,55.0,60.0,63.0,65.0,69.0,73.0,76.0,80.0,83.0,85.0,93.0,103.0,inferred
Flintshire,2021-07-14,46.0,54.0,60.0,62.0,64.0,67.0,71.0,75.0,78.0,80.0,83.0,90.0,102.0,inferred
Flintshire,2021-07-15,42.0,50.0,56.0,58.0,60.0,64.0,67.0,71.0,74.3,77.0,79.0,86.0,98.5,inferred
Flintshire,2021-07-16,36.0,43.0,47.0,49.0,51.0,55.0,58.0,62.0,65.3,68.0,71.0,77.0,86.0,inferred
Flintshire,2021-07-17,28.0,34.0,38.0,40.0,42.0,45.0,47.0,50.0,54.0,55.0,57.0,63.0,72.5,inferred
Flintshire,2021-07-18,26.0,33.0,38.0,40.0,41.0,44.0,47.0,51.0,54.0,56.0,58.0,65.0,74.0,inferred
Flintshire,2021-07-19,40.0,47.0,52.0,54.8,57.0,60.0,64.0,68.0,72.0,74.0,77.0,84.0,95.5,inferred
Flintshire,2021-07-20,38.0,45.0,50.0,52.0,54.0,58.0,62.0,65.0,69.0,71.0,74.0,81.0,93.5,inferred
Flintshire,2021-07-21,35.0,43.0,48.0,50.0,52.7,55.6,59.0,62.0,66.0,67.0,70.0,76.0,87.5,inferred
Flintshire,2021-07-22,33.0,39.0,44.0,46.0,47.7,51.0,54.0,57.0,60.0,62.0,65.0,71.0,81.0,inferred
Flintshire,2021-07-23,26.0,32.0,37.0,38.0,40.0,42.6,46.0,49.0,52.0,54.0,56.0,62.0,72.5,inferred
Flintshire,2021-07-24,19.0,25.0,29.0,30.0,32.0,34.0,37.0,39.0,43.0,44.0,46.0,52.0,61.5,inferred
Flintshire,2021-07-25,19.0,23.0,27.0,29.0,30.0,33.0,35.0,38.0,40.0,43.0,44.0,49.0,58.0,inferred
Flintshire,2021-07-26,26.0,32.0,36.0,39.0,40.0,43.0,46.0,49.0,53.0,55.0,57.0,63.0,73.0,inferred
Flintshire,2021-07-27,25.0,31.0,35.0,37.0,39.0,42.0,45.0,49.0,52.0,54.0,56.0,61.0,70.0,inferred
Flintshire,2021-07-28,24.5,30.0,34.0,36.0,38.0,41.0,44.0,46.0,50.0,52.0,54.0,60.0,69.0,inferred
Flintshire,2021-07-29,22.5,29.0,33.0,35.0,37.0,39.0,42.0,44.0,48.0,50.0,52.0,58.0,67.5,inferred
Flintshire,2021-07-30,20.0,26.0,29.0,31.0,32.0,35.0,37.0,40.0,43.0,45.0,47.0,52.0,61.5,inferred
Flintshire,2021-07-31,16.0,21.0,24.0,25.0,27.0,29.0,32.0,34.0,37.0,38.0,40.0,45.1,54.0,inferred
Flintshire,2021-08-01,15.0,20.0,24.0,25.0,27.0,29.0,32.0,34.0,37.0,38.0,40.0,44.0,53.0,inferred
Flintshire,2021-08-02,23.0,30.0,34.0,36.0,37.0,40.0,43.0,46.0,49.3,51.0,53.0,58.0,68.5,inferred
Flintshire,2021-08-03,25.0,32.0,35.0,37.0,38.0,42.0,44.0,47.0,50.0,52.0,54.0,61.0,69.0,inferred
Flintshire,2021-08-04,26.0,32.0,36.8,38.0,40.0,43.0,46.0,49.0,52.0,54.0,56.0,63.0,75.0,inferred
Flintshire,2021-08-05,26.0,32.0,36.0,38.0,40.0,43.0,46.0,49.0,53.0,55.0,56.2,62.0,73.0,inferred
Flintshire,2021-08-06,24.0,29.0,34.0,35.0,37.0,40.0,43.0,46.0,49.0,51.0,53.0,59.0,67.0,inferred
Flintshire,2021-08-07,20.0,26.0,30.0,32.0,33.0,36.0,38.0,41.0,43.0,45.0,47.0,52.0,61.0,inferred
Flintshire,2021-08-08,21.0,28.0,32.0,33.0,35.0,37.0,40.0,43.0,46.0,47.0,49.0,56.0,65.0,inferred
Flintshire,2021-08-09,35.0,43.0,48.0,50.0,52.0,55.0,58.0,61.0,65.0,68.0,70.0,76.0,88.0,inferred
Flintshire,2021-08-10,37.0,45.0,51.0,53.0,55.0,59.0,62.0,65.0,69.0,71.0,74.0,80.0,90.0,inferred
Flintshire,2021-08-11,38.0,47.0,53.0,55.0,57.0,61.0,65.0,69.0,73.0,75.0,77.0,85.0,97.0,inferred
Flintshire,2021-08-12,40.5,48.0,54.0,56.0,58.0,61.0,64.0,68.0,72.0,74.0,76.0,83.0,96.0,inferred
Flintshire,2021-08-13,37.0,45.0,50.0,52.0,53.0,57.0,60.0,64.0,68.0,70.0,73.0,80.0,92.0,inferred
Flintshire,2021-08-14,32.0,38.0,43.0,45.0,47.0,50.0,53.0,56.0,60.0,62.0,64.0,70.0,79.0,inferred
Flintshire,2021-08-15,33.5,40.0,46.0,48.0,49.0,53.0,56.0,59.0,63.0,65.0,68.0,74.0,85.0,inferred
Flintshire,2021-08-16,53.0,61.0,67.0,70.0,72.0,76.0,80.0,84.0,88.0,91.0,94.0,102.0,115.0,inferred
Flintshire,2021-08-17,52.0,62.0,68.0,71.0,73.0,77.0,81.0,85.0,89.0,92.0,95.0,103.0,115.0,inferred
Flintshire,2021-08-18,52.0,62.0,67.0,69.0,71.0,76.0,79.0,83.0,88.0,91.0,94.0,101.0,115.0,inferred
Flintshire,2021-08-19,49.0,58.0,64.0,66.0,68.0,72.0,76.0,80.0,83.0,86.0,89.0,96.1,108.0,inferred
Flintshire,2021-08-20,42.0,48.0,55.0,57.0,59.0,63.0,66.0,70.0,74.0,76.0,79.0,86.0,96.0,inferred
Flintshire,2021-08-21,32.0,41.0,46.0,48.0,50.0,53.0,57.0,60.0,63.0,65.0,68.0,73.0,85.0,inferred
Flintshire,2021-08-22,34.0,40.0,45.0,47.0,49.0,52.0,56.0,59.0,63.0,65.0,67.0,74.0,83.5,inferred
Flintshire,2021-08-23,49.0,57.9,64.0,66.0,68.0,72.0,76.0,79.0,84.0,86.0,89.0,97.0,109.0,inferred
Flintshire,2021-08-24,50.5,57.0,63.0,66.0,68.0,72.0,75.5,79.4,83.0,86.0,89.0,96.0,110.0,inferred
Flintshire,2021-08-25,48.5,57.0,64.0,66.0,69.0,73.0,77.0,81.0,85.0,87.0,89.0,96.0,111.0,inferred
Flintshire,2021-08-26,48.5,58.0,63.0,65.0,67.0,71.0,75.0,79.0,83.0,86.0,88.0,96.0,107.0,inferred
Flintshire,2021-08-27,42.0,50.0,56.0,58.0,60.0,64.0,68.0,72.0,76.0,78.0,81.0,88.0,98.0,inferred
Flintshire,2021-08-28,36.0,43.0,47.8,50.0,51.0,54.6,57.0,61.0,65.0,67.0,69.0,76.0,88.0,inferred
Flintshire,2021-08-29,35.5,44.0,49.0,51.0,53.0,55.0,59.0,62.0,66.0,68.0,71.0,78.0,90.0,inferred
Flintshire,2021-08-30,56.0,65.0,72.0,74.0,77.0,81.0,85.0,89.0,93.0,96.0,99.0,107.0,120.0,inferred
Flintshire,2021-08-31,57.0,67.0,74.0,76.0,78.0,83.0,87.0,91.0,96.0,98.0,101.0,111.0,123.0,inferred
Flintshire,2021-09-01,62.0,71.0,77.0,79.0,82.0,86.0,89.0,93.0,98.0,101.0,104.0,112.0,125.5,inferred
Flintshire,2021-09-02,60.0,68.0,75.0,78.0,80.0,84.0,88.0,92.0,97.0,99.0,102.0,110.0,123.0,inferred
Flintshire,2021-09-03,52.0,61.0,67.0,69.0,72.0,75.0,79.0,83.0,88.0,90.0,93.0,101.0,112.0,inferred
Flintshire,2021-09-04,42.5,51.0,57.0,60.0,62.0,66.0,70.0,73.0,77.0,80.0,82.0,90.0,103.0,inferred
Flintshire,2021-09-05,44.0,53.0,59.0,61.0,63.0,67.0,70.0,73.4,78.0,80.0,82.0,90.0,103.0,inferred
Flintshire,2021-09-06,67.0,78.0,86.0,88.0,91.0,95.0,100.0,104.0,109.0,112.0,115.0,125.0,136.0,inferred
Flintshire,2021-09-07,69.0,81.0,88.0,91.0,93.0,97.0,101.5,106.0,111.0,114.0,118.0,126.0,138.5,inferred
Flintshire,2021-09-08,73.0,83.0,91.0,93.0,96.0,101.0,105.0,109.0,114.0,116.0,120.0,129.0,141.0,inferred
Flintshire,2021-09-09,72.0,83.0,89.0,92.0,94.0,99.0,104.0,108.0,114.0,116.0,120.0,129.0,142.5,inferred
Flintshire,2021-09-10,66.0,76.0,82.0,85.0,87.0,92.0,96.0,100.0,105.0,108.0,111.0,119.0,132.0,inferred
Flintshire,2021-09-11,55.0,66.0,72.0,74.0,76.0,80.0,84.0,87.0,92.0,94.0,97.2,105.0,115.5,inferred
Flintshire,2021-09-12,59.0,68.0,74.0,77.0,79.0,84.0,87.0,91.0,95.3,98.0,101.0,108.0,122.0,inferred
Flintshire,2021-09-13,89.0,101.0,109.0,112.0,114.0,119.0,124.0,129.0,135.0,138.0,142.0,150.0,164.5,inferred
Flintshire,2021-09-14,91.5,103.0,111.0,115.0,117.0,122.0,127.0,132.0,138.0,141.0,145.0,154.0,169.0,inferred
Flintshire,2021-09-15,92.5,106.0,113.0,117.0,120.0,125.0,130.0,135.0,141.0,144.0,147.0,157.0,173.0,inferred
Flintshire,2021-09-16,93.0,104.0,112.0,115.0,117.0,123.0,127.0,133.0,139.0,142.0,145.0,154.0,169.0,inferred
Flintshire,2021-09-17,83.0,93.0,100.0,104.0,106.0,111.0,116.0,121.0,125.0,128.0,132.0,140.1,154.0,inferred
Flintshire,2021-09-18,67.0,79.0,87.0,89.0,92.0,97.0,100.0,105.0,109.0,112.0,115.0,123.0,135.5,inferred
Flintshire,2021-09-19,69.0,80.0,88.0,90.0,93.0,97.0,101.0,106.0,110.0,113.0,117.0,125.0,137.0,inferred
Flintshire,2021-09-20,104.0,117.0,125.0,128.0,131.7,137.0,143.0,148.0,153.0,156.0,160.0,170.0,188.0,inferred
Flintshire,2021-09-21,101.5,115.0,124.0,127.0,130.7,137.0,142.0,147.0,153.0,157.0,161.0,170.0,185.0,inferred
Flintshire,2021-09-22,100.0,111.0,119.0,122.0,125.0,131.0,135.0,141.0,146.0,149.0,153.0,162.0,177.0,inferred
Flintshire,2021-09-23,90.0,103.0,110.0,113.0,115.0,120.0,125.5,129.0,135.0,138.0,141.0,150.0,165.0,inferred
Flintshire,2021-09-24,75.0,85.0,93.0,95.0,97.0,101.0,106.0,110.0,114.0,118.0,122.0,130.0,143.5,inferred
Flintshire,2021-09-25,57.0,68.0,74.0,77.0,79.0,83.0,88.0,92.0,97.0,99.0,102.0,109.0,122.0,inferred
Flintshire,2021-09-26,56.0,65.0,71.0,74.0,76.0,80.0,84.0,87.0,92.0,95.0,98.0,106.0,120.0,inferred
Flintshire,2021-09-27,77.0,89.0,97.0,99.0,102.7,107.0,111.0,116.0,121.0,124.0,128.0,137.0,151.0,inferred
Flintshire,2021-09-28,77.0,87.0,95.0,97.0,100.0,105.0,109.0,114.0,119.0,121.0,124.0,133.0,150.0,inferred
Flintshire,2021-09-29,75.0,85.0,92.0,94.0,96.0,101.0,106.0,111.0,116.0,119.0,122.0,129.0,145.0,inferred
Flintshire,2021-09-30,68.0,79.0,86.0,89.0,92.0,96.0,101.0,105.0,110.0,113.0,116.0,122.0,137.0,inferred
Flintshire,2021-10-01,58.5,68.0,74.0,77.0,79.0,84.0,88.0,92.0,97.0,99.0,102.0,110.0,122.0,inferred
Flintshire,2021-10-02,48.0,56.0,62.0,64.0,66.0,70.0,74.0,78.0,82.0,85.0,87.0,95.0,106.0,inferred
Flintshire,2021-10-03,48.0,55.0,62.0,64.0,66.0,70.0,73.0,78.0,82.0,84.0,87.0,94.0,104.0,inferred
Flintshire,2021-10-04,67.5,79.0,86.0,89.0,91.0,96.0,101.0,105.0,110.0,113.0,116.0,125.0,138.0,inferred
Flintshire,2021-10-05,69.0,80.0,86.0,89.0,91.0,96.0,100.0,104.0,109.0,113.0,115.0,125.0,140.0,inferred
Flintshire,2021-10-06,66.0,78.0,85.0,87.0,89.0,94.0,98.0,103.0,108.0,111.0,114.0,122.0,134.0,inferred
Flintshire,2021-10-07,66.5,75.0,82.0,85.0,87.0,92.0,96.0,100.0,104.0,107.0,110.0,118.0,132.0,inferred
Flintshire,2021-10-08,57.0,66.0,72.0,75.0,77.0,81.0,85.0,89.0,94.0,96.0,99.0,106.0,118.0,inferred
Flintshire,2021-10-09,45.0,53.0,59.0,62.0,64.0,67.6,71.0,75.0,79.0,81.0,84.0,92.0,102.5,inferred
Flintshire,2021-10-10,45.0,54.0,60.0,62.0,64.0,67.0,71.0,75.0,79.0,82.0,84.0,92.1,104.0,inferred
Flintshire,2021-10-11,67.0,78.0,86.0,89.0,92.0,97.0,101.0,105.0,110.0,113.0,115.0,123.0,136.5,inferred
Flintshire,2021-10-12,65.0,75.0,82.0,86.0,88.0,93.0,97.0,101.0,106.0,109.0,112.0,121.0,134.0,inferred
Flintshire,2021-10-13,63.0,72.0,79.0,82.0,84.0,89.0,93.0,98.0,103.0,105.0,108.0,117.0,130.0,inferred
Flintshire,2021-10-14,57.0,65.0,71.0,74.0,77.0,81.0,85.0,89.0,94.0,97.0,100.0,108.1,122.0,inferred
Flintshire,2021-10-15,46.0,54.9,60.0,62.0,64.0,68.0,73.0,77.0,81.0,84.0,87.0,94.1,105.0,inferred
Folkestone and Hythe,2021-07-03,7.0,10.0,12.0,13.0,14.0,15.0,17.0,18.4,20.0,21.0,23.0,26.0,32.0,inferred
Folkestone and Hythe,2021-07-04,10.0,13.0,15.0,16.0,16.0,18.0,20.0,22.0,24.0,25.0,26.0,29.1,36.0,inferred
Folkestone and Hythe,2021-07-05,16.0,20.0,23.8,25.0,26.0,28.0,30.0,32.0,34.0,36.0,37.0,41.0,49.0,inferred
Folkestone and Hythe,2021-07-06,17.0,22.0,25.0,26.0,27.0,29.0,31.0,33.0,36.0,37.0,38.0,43.0,49.5,inferred
Folkestone and Hythe,2021-07-07,20.0,25.0,28.0,29.0,31.0,33.0,35.0,37.0,39.0,41.0,42.0,47.0,54.0,inferred
Folkestone and Hythe,2021-07-08,21.5,26.0,30.0,31.0,33.0,35.0,37.0,40.0,42.0,43.0,45.0,49.0,55.0,inferred
Folkestone and Hythe,2021-07-09,23.0,28.0,31.0,32.0,33.0,36.0,38.0,40.0,43.0,44.0,46.0,50.0,58.0,inferred
Folkestone and Hythe,2021-07-10,20.0,25.0,29.0,30.0,31.0,34.0,36.0,38.0,41.0,42.0,44.0,47.0,54.0,inferred
Folkestone and Hythe,2021-07-11,25.0,30.0,33.0,35.0,36.0,38.0,40.0,43.0,46.0,47.0,49.0,53.0,60.0,inferred
Folkestone and Hythe,2021-07-12,40.0,46.0,50.0,52.0,54.0,57.0,60.0,63.0,66.0,67.0,69.0,75.0,84.0,inferred
Folkestone and Hythe,2021-07-13,40.0,47.0,51.0,53.0,55.0,58.0,61.0,64.0,68.0,69.0,71.0,76.0,87.0,inferred
Folkestone and Hythe,2021-07-14,40.0,46.0,51.0,53.0,55.0,58.0,61.0,64.0,67.0,69.0,71.0,78.1,86.0,inferred
Folkestone and Hythe,2021-07-15,37.0,44.0,48.0,50.0,52.0,55.0,58.0,61.0,64.0,66.0,67.0,73.0,82.0,inferred
Folkestone and Hythe,2021-07-16,33.0,39.0,43.0,45.0,46.0,49.0,52.0,55.0,58.0,60.0,62.0,66.0,74.0,inferred
Folkestone and Hythe,2021-07-17,27.0,32.0,35.0,37.0,38.0,41.0,43.0,46.0,48.0,50.0,51.0,56.0,64.0,inferred
Folkestone and Hythe,2021-07-18,26.0,32.0,36.0,38.0,39.0,41.0,44.0,46.0,49.0,51.0,52.0,58.0,65.0,inferred
Folkestone and Hythe,2021-07-19,37.0,43.0,48.0,50.0,52.0,54.0,57.0,60.0,63.0,65.0,67.0,73.0,81.0,inferred
Folkestone and Hythe,2021-07-20,34.0,40.0,44.0,46.0,47.0,50.0,52.0,55.0,58.3,61.0,62.0,67.0,78.0,inferred
Folkestone and Hythe,2021-07-21,30.0,37.0,41.0,43.0,44.0,47.0,50.0,52.0,55.0,57.0,59.0,65.0,73.0,inferred
Folkestone and Hythe,2021-07-22,26.0,32.0,35.0,37.0,39.0,42.0,44.0,46.0,49.0,50.0,52.0,57.0,65.0,inferred
Folkestone and Hythe,2021-07-23,22.0,27.0,30.0,31.0,32.0,35.0,37.0,39.0,42.0,43.0,45.0,49.0,56.0,inferred
Folkestone and Hythe,2021-07-24,16.0,21.0,24.0,25.0,26.0,28.0,30.0,32.0,35.0,36.0,37.0,41.0,48.0,inferred
Folkestone and Hythe,2021-07-25,14.0,19.0,22.0,23.0,24.0,26.0,28.0,30.0,32.0,34.0,35.0,39.0,46.0,inferred
Folkestone and Hythe,2021-07-26,20.0,24.0,28.0,29.8,31.0,33.0,35.0,37.0,40.0,41.0,43.0,47.0,55.0,inferred
Folkestone and Hythe,2021-07-27,19.0,23.0,26.0,27.0,28.0,31.0,33.0,35.0,37.0,39.0,40.0,45.0,51.0,inferred
Folkestone and Hythe,2021-07-28,18.0,22.0,26.0,27.0,28.0,30.0,32.0,35.0,37.0,38.0,40.0,43.1,51.0,inferred
Folkestone and Hythe,2021-07-29,17.0,21.0,25.0,26.0,27.0,29.0,31.0,33.0,35.0,37.0,38.0,42.0,49.0,inferred
Folkestone and Hythe,2021-07-30,15.0,19.0,22.0,23.0,24.0,26.0,28.0,31.0,33.0,34.0,35.0,40.0,46.0,inferred
Folkestone and Hythe,2021-07-31,12.0,16.0,18.0,19.0,20.0,22.0,24.0,26.0,28.0,29.0,30.0,34.0,40.0,inferred
Folkestone and Hythe,2021-08-01,12.0,16.0,19.0,20.0,21.0,23.0,25.0,27.0,29.0,30.0,31.0,35.0,41.0,inferred
Folkestone and Hythe,2021-08-02,19.0,23.0,27.0,28.0,29.0,31.0,33.0,35.0,38.0,39.0,40.0,45.0,53.0,inferred
Folkestone and Hythe,2021-08-03,18.0,22.0,26.0,27.0,28.0,31.0,33.0,35.0,37.0,39.0,41.0,45.0,52.5,inferred
Folkestone and Hythe,2021-08-04,19.0,24.0,28.0,29.0,30.0,32.6,35.0,37.0,40.0,41.0,43.0,47.0,55.0,inferred
Folkestone and Hythe,2021-08-05,19.0,24.0,27.0,28.0,30.0,32.0,34.0,36.0,39.0,40.0,42.0,47.0,55.0,inferred
Folkestone and Hythe,2021-08-06,18.5,23.0,27.0,28.0,29.0,31.0,33.0,35.0,37.0,39.0,40.0,45.0,52.0,inferred
Folkestone and Hythe,2021-08-07,15.0,20.0,23.0,24.0,25.0,27.0,29.0,31.0,33.0,35.0,36.0,40.0,47.0,inferred
Folkestone and Hythe,2021-08-08,17.0,21.0,24.0,25.0,27.0,29.0,31.0,33.0,35.0,36.0,38.0,41.1,49.0,inferred
Folkestone and Hythe,2021-08-09,27.0,31.0,35.0,36.8,38.0,40.0,43.0,45.0,48.0,50.0,51.0,56.0,63.5,inferred
Folkestone and Hythe,2021-08-10,25.0,30.0,34.0,36.0,37.0,39.0,42.0,45.0,47.0,49.0,50.0,56.0,64.0,inferred
Folkestone and Hythe,2021-08-11,25.0,31.0,35.0,37.0,38.0,40.0,42.0,45.0,48.0,49.0,51.0,56.0,64.0,inferred
Folkestone and Hythe,2021-08-12,25.0,29.0,33.0,34.0,36.0,38.0,40.5,43.0,46.0,47.0,49.0,53.0,61.0,inferred
Folkestone and Hythe,2021-08-13,22.0,27.0,31.0,32.0,33.0,35.0,38.0,40.0,43.0,45.0,46.0,50.0,58.0,inferred
Folkestone and Hythe,2021-08-14,17.0,22.0,25.0,26.0,27.0,30.0,32.0,34.0,36.3,38.0,39.0,44.0,51.0,inferred
Folkestone and Hythe,2021-08-15,19.0,23.0,26.0,27.0,28.0,30.0,32.0,35.0,38.0,39.0,40.0,44.0,52.0,inferred
Folkestone and Hythe,2021-08-16,25.5,32.0,36.0,37.0,39.0,41.0,44.0,46.0,49.0,51.0,53.0,58.0,67.0,inferred
Folkestone and Hythe,2021-08-17,26.0,31.0,34.0,36.0,37.0,39.0,42.0,44.0,47.0,48.0,50.0,55.0,64.0,inferred
Folkestone and Hythe,2021-08-18,26.0,31.0,35.0,36.0,38.0,40.0,43.0,45.4,48.0,50.0,51.0,56.0,64.0,inferred
Folkestone and Hythe,2021-08-19,23.0,28.0,32.0,34.0,35.0,37.0,39.0,42.0,45.0,46.0,48.0,53.0,61.0,inferred
Folkestone and Hythe,2021-08-20,22.0,26.0,30.0,31.0,32.0,35.0,37.0,39.0,41.0,42.0,44.0,49.0,56.0,inferred
Folkestone and Hythe,2021-08-21,17.0,21.0,25.0,26.0,27.0,29.0,31.0,33.0,35.0,37.0,38.0,42.0,48.0,inferred
Folkestone and Hythe,2021-08-22,17.0,22.0,24.8,26.0,27.0,29.0,32.0,34.0,36.0,38.0,39.0,43.0,49.0,inferred
Folkestone and Hythe,2021-08-23,25.5,30.9,34.0,36.0,37.0,40.0,42.0,45.0,47.0,49.0,51.0,56.0,64.0,inferred
Folkestone and Hythe,2021-08-24,24.0,30.0,34.0,36.0,37.0,39.0,42.0,44.0,47.0,49.0,51.0,55.0,64.0,inferred
Folkestone and Hythe,2021-08-25,26.0,31.0,35.0,36.0,38.0,40.0,43.0,45.0,48.0,49.0,51.0,56.0,62.0,inferred
Folkestone and Hythe,2021-08-26,25.0,31.0,34.0,36.0,37.0,39.0,42.0,44.0,47.0,49.0,50.0,55.0,62.5,inferred
Folkestone and Hythe,2021-08-27,24.0,29.0,32.8,34.0,35.0,38.0,40.0,43.0,45.0,47.0,48.0,53.0,61.0,inferred
Folkestone and Hythe,2021-08-28,19.5,24.0,28.0,29.0,30.0,33.0,35.0,37.0,39.0,40.0,42.0,46.0,53.0,inferred
Folkestone and Hythe,2021-08-29,21.0,26.0,30.0,31.0,32.0,34.0,37.0,39.0,42.0,43.0,45.0,49.0,56.0,inferred
Folkestone and Hythe,2021-08-30,32.0,37.0,42.0,43.0,45.0,48.0,51.0,53.0,56.0,58.0,60.0,65.0,72.0,inferred
Folkestone and Hythe,2021-08-31,31.0,37.0,41.0,42.0,44.0,46.0,49.0,52.0,55.0,56.0,58.0,64.0,72.0,inferred
Folkestone and Hythe,2021-09-01,30.0,36.0,41.0,42.0,43.0,46.0,49.0,52.0,55.0,56.0,58.0,63.0,72.0,inferred
Folkestone and Hythe,2021-09-02,29.0,34.0,38.0,39.0,40.0,43.0,45.0,48.0,51.0,53.0,55.0,60.0,67.0,inferred
Folkestone and Hythe,2021-09-03,24.0,30.0,34.0,35.0,36.0,39.0,41.0,44.0,47.0,49.0,51.0,55.0,63.0,inferred
Folkestone and Hythe,2021-09-04,20.0,25.0,28.0,29.0,30.0,32.0,34.0,37.0,39.0,41.0,43.0,47.0,54.0,inferred
Folkestone and Hythe,2021-09-05,19.0,25.0,29.0,30.0,31.0,33.0,35.0,38.0,40.0,41.0,43.0,48.0,55.0,inferred
Folkestone and Hythe,2021-09-06,29.0,34.0,38.0,40.0,41.7,44.0,46.0,49.0,52.0,53.0,55.0,61.0,69.5,inferred
Folkestone and Hythe,2021-09-07,27.0,31.0,36.0,37.0,39.0,41.0,44.0,46.0,49.0,51.0,52.0,57.0,66.5,inferred
Folkestone and Hythe,2021-09-08,25.0,31.0,35.0,36.0,38.0,40.0,42.0,45.0,47.0,49.0,51.0,55.0,65.0,inferred
Folkestone and Hythe,2021-09-09,23.0,28.0,31.0,32.0,34.0,36.0,38.0,41.0,43.0,45.0,46.0,51.0,58.0,inferred
Folkestone and Hythe,2021-09-10,19.0,24.0,27.0,28.0,30.0,32.0,34.0,36.0,39.0,40.0,42.0,46.0,52.5,inferred
Folkestone and Hythe,2021-09-11,15.0,19.0,22.0,23.0,24.0,26.0,28.0,31.0,33.0,34.0,35.0,40.0,46.0,inferred
Folkestone and Hythe,2021-09-12,14.0,19.0,22.0,23.0,24.0,26.0,28.0,30.0,32.0,33.0,35.0,39.0,45.0,inferred
Folkestone and Hythe,2021-09-13,20.0,25.0,29.0,30.0,32.0,34.0,36.0,39.0,41.0,42.0,44.0,48.0,56.0,inferred
Folkestone and Hythe,2021-09-14,20.0,24.0,28.0,29.0,30.0,32.0,34.0,37.0,39.0,41.0,42.0,46.0,54.0,inferred
Folkestone and Hythe,2021-09-15,20.0,25.0,28.0,30.0,31.0,33.0,35.0,37.0,39.0,41.0,42.0,47.0,54.0,inferred
Folkestone and Hythe,2021-09-16,19.0,23.0,26.0,28.0,29.0,31.0,33.5,36.0,38.0,39.0,41.0,45.0,51.0,inferred
Folkestone and Hythe,2021-09-17,17.0,22.0,25.0,26.0,27.0,29.0,31.0,33.0,36.0,37.0,39.0,43.0,52.0,inferred
Folkestone and Hythe,2021-09-18,14.0,18.0,21.0,22.0,23.0,25.0,27.0,29.0,31.0,33.0,34.0,38.0,44.0,inferred
Folkestone and Hythe,2021-09-19,15.0,19.0,22.0,23.0,24.0,26.0,28.0,31.0,33.0,34.0,35.0,39.1,47.0,inferred
Folkestone and Hythe,2021-09-20,22.0,27.0,31.0,33.0,34.0,36.0,39.0,41.0,43.0,45.0,47.0,52.0,60.0,inferred
Folkestone and Hythe,2021-09-21,22.0,27.0,30.0,32.0,33.0,35.0,37.0,39.0,42.0,43.0,45.0,50.0,56.0,inferred
Folkestone and Hythe,2021-09-22,22.0,26.9,30.0,31.0,33.0,35.0,37.0,40.0,42.0,43.2,45.0,50.0,57.0,inferred
Folkestone and Hythe,2021-09-23,21.0,26.0,29.0,30.0,32.0,33.0,35.0,38.0,41.0,42.0,44.0,48.0,54.0,inferred
Folkestone and Hythe,2021-09-24,18.0,23.0,27.0,28.0,29.0,31.0,33.0,35.0,37.0,39.0,40.0,44.0,50.0,inferred
Folkestone and Hythe,2021-09-25,15.0,19.0,22.0,23.0,24.0,26.0,28.0,30.0,32.0,34.0,35.0,39.0,46.0,inferred
Folkestone and Hythe,2021-09-26,15.0,19.0,22.0,23.0,24.0,26.0,28.0,30.0,33.0,34.0,35.0,39.0,45.0,inferred
Folkestone and Hythe,2021-09-27,22.0,28.0,32.0,33.0,34.0,36.0,38.0,41.0,43.0,45.0,47.0,51.0,59.5,inferred
Folkestone and Hythe,2021-09-28,22.0,27.0,30.0,31.0,33.0,35.0,37.0,39.0,42.0,44.0,45.0,49.0,58.0,inferred
Folkestone and Hythe,2021-09-29,22.0,27.0,30.0,32.0,33.0,35.0,37.0,40.0,42.0,44.0,45.0,50.0,57.0,inferred
Folkestone and Hythe,2021-09-30,19.0,25.0,28.0,29.0,30.0,33.0,35.0,37.0,39.0,41.0,42.0,47.0,54.0,inferred
Folkestone and Hythe,2021-10-01,17.0,22.0,25.0,27.0,28.0,30.0,32.0,34.0,36.0,37.0,39.0,43.0,49.0,inferred
Folkestone and Hythe,2021-10-02,14.0,18.0,20.0,22.0,23.0,25.0,26.0,28.0,30.0,32.0,33.0,37.0,43.0,inferred
Folkestone and Hythe,2021-10-03,14.0,18.9,22.0,23.0,24.0,26.0,27.0,29.0,32.0,33.0,34.0,38.0,45.0,inferred
Folkestone and Hythe,2021-10-04,21.0,26.9,30.0,31.0,32.0,35.0,37.0,39.0,42.0,43.0,45.0,50.0,57.0,inferred
Folkestone and Hythe,2021-10-05,22.0,25.0,28.0,30.0,31.0,33.0,35.0,38.0,40.0,41.0,43.0,48.0,54.0,inferred
Folkestone and Hythe,2021-10-06,21.0,25.0,29.0,30.0,31.0,33.0,35.0,38.0,40.0,42.0,43.0,48.0,56.0,inferred
Folkestone and Hythe,2021-10-07,19.0,24.0,27.0,28.0,29.0,32.0,34.0,36.0,39.0,40.0,42.0,46.0,53.0,inferred
Folkestone and Hythe,2021-10-08,18.0,22.0,25.0,27.0,28.0,30.0,32.0,34.0,36.0,38.0,39.0,43.0,51.0,inferred
Folkestone and Hythe,2021-10-09,14.0,18.0,20.0,22.0,23.0,25.0,27.0,29.0,31.0,32.0,34.0,37.1,45.0,inferred
Folkestone and Hythe,2021-10-10,15.0,19.0,22.0,23.0,24.0,26.0,28.0,30.0,32.0,34.0,35.0,39.0,45.0,inferred
Folkestone and Hythe,2021-10-11,22.0,27.0,31.0,32.0,33.0,35.0,38.0,40.0,43.0,45.0,46.0,51.0,58.0,inferred
Folkestone and Hythe,2021-10-12,21.0,26.0,29.0,31.0,32.0,34.0,37.0,39.0,41.0,43.0,45.0,49.0,58.0,inferred
Folkestone and Hythe,2021-10-13,20.5,25.0,29.0,30.0,32.0,34.0,36.0,38.0,41.0,42.0,44.0,49.0,57.0,inferred
Folkestone and Hythe,2021-10-14,18.0,23.0,26.0,28.0,29.0,32.0,34.0,36.0,38.0,40.0,41.0,45.0,54.0,inferred
Folkestone and Hythe,2021-10-15,16.0,21.0,24.0,25.0,26.0,28.0,31.0,33.0,36.0,38.0,39.0,43.0,51.0,inferred
Forest of Dean,2021-07-03,3.5,6.0,8.0,9.0,10.0,12.0,14.0,15.0,17.0,18.0,20.0,23.0,31.0,inferred
Forest of Dean,2021-07-04,5.0,8.0,11.0,12.0,13.0,15.0,16.0,18.0,21.0,22.0,24.0,28.0,35.0,inferred
Forest of Dean,2021-07-05,11.0,15.0,18.0,19.0,21.0,23.0,25.0,28.0,30.0,32.0,34.0,38.0,47.0,inferred
Forest of Dean,2021-07-06,13.0,18.0,21.0,23.0,24.0,27.0,29.0,32.0,35.0,36.0,38.0,43.0,50.0,inferred
Forest of Dean,2021-07-07,16.0,21.0,24.0,26.0,27.0,30.0,32.0,35.0,37.0,39.0,41.0,47.1,56.5,inferred
Forest of Dean,2021-07-08,19.0,24.0,28.0,29.0,31.0,33.0,36.0,39.0,42.0,44.0,46.0,51.0,61.0,inferred
Forest of Dean,2021-07-09,20.0,25.0,29.0,31.0,32.7,35.0,37.0,40.0,44.0,46.0,47.0,53.0,63.5,inferred
Forest of Dean,2021-07-10,18.0,24.0,27.0,29.0,30.0,33.0,35.0,38.0,41.0,43.0,44.0,50.0,61.0,inferred
Forest of Dean,2021-07-11,23.0,28.0,32.0,34.0,35.7,38.0,41.0,44.0,48.0,49.0,51.0,57.0,67.0,inferred
Forest of Dean,2021-07-12,38.0,46.0,53.0,55.0,57.0,60.0,64.0,67.0,71.0,73.0,75.0,83.0,96.0,inferred
Forest of Dean,2021-07-13,40.0,48.9,54.0,56.0,58.7,62.0,66.0,70.0,74.0,76.0,79.0,87.0,98.5,inferred
Forest of Dean,2021-07-14,37.5,45.0,50.0,52.0,55.0,59.0,63.0,67.0,70.0,73.0,75.0,83.0,95.0,inferred
Forest of Dean,2021-07-15,33.5,41.0,46.0,48.0,50.0,53.0,57.0,61.0,65.0,67.0,70.0,76.0,89.0,inferred
Forest of Dean,2021-07-16,27.0,34.0,39.0,42.0,43.0,46.0,49.0,52.0,56.0,58.0,60.0,66.0,77.5,inferred
Forest of Dean,2021-07-17,20.0,25.0,29.0,31.0,32.0,35.0,37.0,40.0,43.0,45.0,47.0,53.0,63.0,inferred
Forest of Dean,2021-07-18,19.0,24.0,28.0,30.0,31.0,34.0,36.0,40.0,43.0,44.0,46.0,52.0,63.0,inferred
Forest of Dean,2021-07-19,25.5,32.0,37.0,39.0,41.0,44.0,47.0,51.0,54.0,56.0,59.0,65.0,75.0,inferred
Forest of Dean,2021-07-20,25.0,30.0,34.0,37.0,39.0,41.0,44.0,47.0,51.0,53.0,55.0,61.0,71.5,inferred
Forest of Dean,2021-07-21,20.0,26.0,30.0,32.0,33.0,36.0,39.0,42.0,45.0,47.0,50.0,55.0,65.0,inferred
Forest of Dean,2021-07-22,17.0,23.0,27.0,28.0,30.0,32.0,35.0,37.0,40.0,42.0,43.2,49.0,58.0,inferred
Forest of Dean,2021-07-23,13.0,18.0,20.0,22.0,24.0,26.0,28.0,31.0,34.0,35.0,37.0,42.0,52.0,inferred
Forest of Dean,2021-07-24,8.0,11.0,15.0,16.0,17.0,19.0,21.0,23.0,26.0,27.0,29.0,34.0,41.0,inferred
Forest of Dean,2021-07-25,7.0,11.0,13.0,14.0,16.0,18.0,20.0,22.0,24.0,25.0,27.0,31.0,39.0,inferred
Forest of Dean,2021-07-26,11.0,15.0,18.0,19.0,20.0,22.0,24.0,26.0,29.0,31.0,33.0,38.0,46.0,inferred
Forest of Dean,2021-07-27,9.0,14.0,17.0,18.0,19.0,21.0,24.0,26.0,28.0,29.0,31.0,36.0,44.0,inferred
Forest of Dean,2021-07-28,9.0,13.0,16.0,17.0,18.0,20.0,22.0,25.0,27.0,29.0,30.2,35.0,42.0,inferred
Forest of Dean,2021-07-29,9.0,12.0,15.0,16.0,17.0,19.0,21.0,23.0,26.0,27.0,29.0,33.0,40.0,inferred
Forest of Dean,2021-07-30,7.0,10.0,13.0,14.0,15.0,17.0,19.0,21.4,24.0,26.0,27.0,32.0,40.0,inferred
Forest of Dean,2021-07-31,6.0,8.0,11.0,12.0,12.0,14.0,16.0,18.0,20.0,21.0,23.0,27.0,33.0,inferred
Forest of Dean,2021-08-01,5.5,9.0,11.0,12.0,13.0,15.0,17.0,19.0,21.0,22.0,23.0,27.0,35.0,inferred
Forest of Dean,2021-08-02,9.0,13.0,16.0,18.0,19.0,21.0,23.0,25.0,27.0,29.0,31.0,37.0,44.0,inferred
Forest of Dean,2021-08-03,9.0,13.0,16.0,17.0,19.0,21.0,23.0,25.0,28.0,30.0,31.0,36.0,43.0,inferred
Forest of Dean,2021-08-04,9.0,13.0,16.8,18.0,19.0,21.0,23.0,25.0,28.0,29.0,31.0,35.0,43.0,inferred
Forest of Dean,2021-08-05,9.0,13.0,16.0,18.0,19.0,21.0,23.0,25.0,28.0,29.0,31.0,35.0,44.0,inferred
Forest of Dean,2021-08-06,8.0,12.0,15.0,16.0,17.0,19.0,21.0,23.0,26.0,27.0,29.0,33.0,41.0,inferred
Forest of Dean,2021-08-07,6.0,9.0,12.0,13.0,14.0,16.0,18.0,20.0,22.0,23.0,25.0,29.0,36.0,inferred
Forest of Dean,2021-08-08,7.0,10.0,12.0,14.0,15.0,16.0,18.0,20.0,23.0,24.0,26.0,29.0,36.0,inferred
Forest of Dean,2021-08-09,11.0,15.0,19.0,20.0,21.0,24.0,26.0,28.0,31.0,32.0,34.0,39.0,46.0,inferred
Forest of Dean,2021-08-10,12.0,17.0,20.8,22.0,23.0,25.0,28.0,30.0,33.0,34.0,36.0,41.0,48.0,inferred
Forest of Dean,2021-08-11,13.0,17.0,21.0,22.8,24.0,26.0,28.0,31.0,33.0,35.0,37.0,42.0,51.0,inferred
Forest of Dean,2021-08-12,14.0,19.0,22.0,23.0,25.0,27.0,29.5,32.0,34.0,36.0,38.0,43.0,51.0,inferred
Forest of Dean,2021-08-13,13.0,18.0,21.0,22.0,23.0,26.0,28.0,31.0,33.0,34.0,36.0,41.0,49.0,inferred
Forest of Dean,2021-08-14,11.0,15.0,18.0,19.0,21.0,23.0,25.0,27.0,29.0,31.0,33.0,37.0,44.5,inferred
Forest of Dean,2021-08-15,12.5,17.0,20.0,21.0,22.0,25.0,28.0,30.0,32.0,34.0,36.0,41.0,50.0,inferred
Forest of Dean,2021-08-16,20.0,26.0,31.0,33.0,34.0,37.0,40.0,43.0,46.0,48.0,49.0,56.0,66.5,inferred
Forest of Dean,2021-08-17,22.0,27.0,31.0,33.0,35.0,38.0,41.0,44.0,48.0,49.0,52.0,58.0,67.0,inferred
Forest of Dean,2021-08-18,19.0,26.0,31.0,32.0,34.0,36.0,39.0,43.0,46.0,48.0,50.0,56.0,65.5,inferred
Forest of Dean,2021-08-19,20.0,26.0,30.0,31.0,33.0,36.0,38.0,41.0,44.0,46.0,48.0,54.0,64.0,inferred
Forest of Dean,2021-08-20,17.5,23.0,26.0,28.0,30.0,32.0,35.0,37.0,41.0,42.0,44.0,50.0,61.0,inferred
Forest of Dean,2021-08-21,13.0,17.0,21.0,22.0,24.0,26.0,28.0,31.0,33.0,35.0,37.0,42.0,51.0,inferred
Forest of Dean,2021-08-22,13.0,19.0,22.0,23.0,24.0,27.0,29.0,31.0,34.0,36.0,38.0,43.0,50.0,inferred
Forest of Dean,2021-08-23,19.0,26.0,30.0,32.0,33.0,36.0,39.0,42.0,45.0,46.0,49.0,55.0,64.5,inferred
Forest of Dean,2021-08-24,20.0,26.0,31.0,32.0,34.0,37.0,40.0,43.0,46.3,48.0,51.0,57.0,67.0,inferred
Forest of Dean,2021-08-25,21.0,27.0,31.0,32.8,34.0,37.0,40.0,42.0,46.0,48.0,50.0,56.0,65.0,inferred
Forest of Dean,2021-08-26,20.0,26.0,31.0,32.0,34.0,37.0,40.0,42.0,46.0,48.0,50.0,56.0,66.5,inferred
Forest of Dean,2021-08-27,19.0,25.0,28.8,30.0,32.0,34.0,37.0,40.0,44.0,45.0,47.0,53.0,61.0,inferred
Forest of Dean,2021-08-28,16.0,20.9,24.0,25.0,27.0,30.0,32.0,35.0,38.0,39.0,41.0,45.0,53.5,inferred
Forest of Dean,2021-08-29,16.0,21.0,26.0,27.0,29.0,32.0,34.0,37.0,40.0,41.0,44.0,49.0,57.0,inferred
Forest of Dean,2021-08-30,26.5,33.0,37.0,39.0,41.0,44.0,48.0,51.0,55.0,57.0,60.0,66.0,76.0,inferred
Forest of Dean,2021-08-31,26.0,33.0,38.0,40.0,42.0,45.0,48.0,51.0,55.0,57.0,59.0,66.0,75.0,inferred
Forest of Dean,2021-09-01,24.0,30.0,35.0,37.0,39.0,42.0,45.0,48.0,52.0,54.0,56.0,62.0,71.5,inferred
Forest of Dean,2021-09-02,24.0,28.0,33.0,35.0,36.0,38.0,42.0,45.0,48.0,50.0,52.0,58.0,70.0,inferred
Forest of Dean,2021-09-03,18.0,23.0,28.0,29.0,31.0,33.0,36.0,38.0,41.0,43.0,45.0,50.0,59.0,inferred
Forest of Dean,2021-09-04,13.0,18.0,21.0,22.0,23.0,25.0,28.0,31.0,34.0,35.0,37.0,42.0,50.0,inferred
Forest of Dean,2021-09-05,12.5,17.0,20.0,22.0,23.0,25.0,28.0,30.0,33.0,34.2,36.0,41.0,50.0,inferred
Forest of Dean,2021-09-06,17.0,23.0,27.0,29.0,30.0,33.0,36.0,38.0,41.0,43.0,45.0,50.0,59.0,inferred
Forest of Dean,2021-09-07,16.0,21.0,25.0,26.0,28.0,30.0,33.0,36.0,39.0,41.0,43.0,49.0,58.0,inferred
Forest of Dean,2021-09-08,14.0,19.0,22.0,24.0,25.0,27.0,30.0,33.0,36.0,38.0,39.0,44.0,51.0,inferred
Forest of Dean,2021-09-09,11.0,16.0,19.0,20.0,22.0,24.0,26.0,29.0,31.0,33.0,34.0,39.0,47.0,inferred
Forest of Dean,2021-09-10,8.0,12.0,15.0,16.0,18.0,20.0,22.0,24.0,26.0,27.0,29.0,34.0,42.0,inferred
Forest of Dean,2021-09-11,5.0,9.0,11.0,12.0,13.0,15.0,17.0,19.0,21.0,22.0,24.0,28.0,34.0,inferred
Forest of Dean,2021-09-12,4.0,8.0,10.0,11.0,12.0,14.0,15.0,17.0,19.0,20.0,22.0,25.0,33.0,inferred
Forest of Dean,2021-09-13,7.0,11.0,14.0,15.0,16.0,18.0,20.0,22.0,24.0,25.0,27.0,31.0,38.0,inferred
Forest of Dean,2021-09-14,7.0,11.0,13.0,14.0,15.0,17.0,19.0,22.0,24.0,26.0,27.0,31.1,39.0,inferred
Forest of Dean,2021-09-15,8.0,12.0,15.0,16.0,17.0,19.0,20.0,23.0,25.0,26.0,28.0,32.1,40.0,inferred
Forest of Dean,2021-09-16,8.5,12.0,15.0,17.0,18.0,20.0,22.0,24.0,27.0,28.0,30.0,35.0,43.0,inferred
Forest of Dean,2021-09-17,9.0,13.0,16.0,17.0,18.0,20.0,22.0,24.0,26.0,28.0,30.0,34.0,43.0,inferred
Forest of Dean,2021-09-18,8.0,11.0,14.0,15.0,16.0,18.0,20.0,22.0,24.0,26.0,27.0,32.0,38.0,inferred
Forest of Dean,2021-09-19,9.0,13.0,16.0,17.0,18.0,21.0,23.0,25.0,28.0,29.0,31.0,35.0,42.0,inferred
Forest of Dean,2021-09-20,16.0,21.0,25.0,27.0,28.0,31.0,33.0,36.0,39.0,40.0,42.0,48.0,58.0,inferred
Forest of Dean,2021-09-21,16.0,22.0,26.0,28.0,29.0,32.0,35.0,38.0,41.0,43.0,45.0,50.0,60.0,inferred
Forest of Dean,2021-09-22,16.0,21.0,25.0,26.0,28.0,31.0,34.0,36.0,39.0,41.0,43.0,48.0,58.5,inferred
Forest of Dean,2021-09-23,15.0,20.0,23.0,25.0,27.0,29.0,32.0,35.0,37.0,39.0,41.0,46.0,56.0,inferred
Forest of Dean,2021-09-24,12.0,17.9,21.0,22.0,23.7,26.0,29.0,31.0,34.0,36.0,37.0,42.0,52.0,inferred
Forest of Dean,2021-09-25,10.0,13.0,16.0,18.0,19.0,21.0,23.0,25.0,28.0,29.0,31.0,35.0,44.0,inferred
Forest of Dean,2021-09-26,9.0,14.0,16.0,18.0,19.0,21.0,23.0,25.0,28.0,29.0,31.0,36.0,44.0,inferred
Forest of Dean,2021-09-27,14.0,19.0,23.0,24.0,25.7,28.0,31.0,33.0,36.0,39.0,41.0,45.0,54.0,inferred
Forest of Dean,2021-09-28,13.0,18.0,22.0,23.0,24.0,27.0,29.0,32.0,35.0,37.0,39.0,44.0,54.0,inferred
Forest of Dean,2021-09-29,13.0,18.0,21.0,22.0,23.0,26.0,28.0,31.0,34.0,35.0,37.0,43.0,51.0,inferred
Forest of Dean,2021-09-30,12.0,17.0,20.0,21.0,22.0,24.0,27.0,29.0,32.0,33.0,35.0,41.0,47.0,inferred
Forest of Dean,2021-10-01,10.0,14.0,17.0,18.0,19.0,21.0,24.0,26.0,28.0,30.0,31.0,36.0,44.0,inferred
Forest of Dean,2021-10-02,7.0,10.0,13.0,14.0,15.0,17.0,19.0,21.0,23.0,24.0,26.0,31.0,38.0,inferred
Forest of Dean,2021-10-03,6.0,10.0,12.8,14.0,15.0,17.0,18.0,20.4,23.0,24.0,26.0,30.0,37.0,inferred
Forest of Dean,2021-10-04,11.0,14.9,18.0,19.0,21.0,23.0,25.0,28.0,30.0,32.0,33.0,39.0,47.5,inferred
Forest of Dean,2021-10-05,13.0,17.0,20.0,21.0,22.0,25.0,28.0,30.0,33.0,34.0,36.0,41.0,50.0,inferred
Forest of Dean,2021-10-06,15.0,19.0,22.0,24.0,25.0,28.0,30.0,32.0,35.0,36.0,38.2,44.0,55.0,inferred
Forest of Dean,2021-10-07,17.0,21.0,25.0,26.0,28.0,31.0,33.0,36.0,40.0,41.0,44.0,49.0,58.5,inferred
Forest of Dean,2021-10-08,16.0,22.0,26.0,28.0,29.0,32.0,35.0,38.0,40.0,42.0,44.0,49.0,58.0,inferred
Forest of Dean,2021-10-09,15.0,21.0,25.0,26.0,28.0,30.0,32.0,35.0,38.0,40.0,42.0,47.0,56.0,inferred
Forest of Dean,2021-10-10,20.0,25.0,29.0,31.0,32.0,35.0,38.0,41.0,44.0,46.0,48.0,53.0,63.0,inferred
Forest of Dean,2021-10-11,32.0,40.0,47.0,49.0,51.0,54.6,58.0,62.0,66.0,69.0,71.0,78.0,89.0,inferred
Forest of Dean,2021-10-12,46.0,54.0,59.8,62.0,63.0,67.0,71.0,75.0,80.0,82.0,85.0,92.0,106.5,inferred
Forest of Dean,2021-10-13,56.0,66.0,74.0,76.0,78.0,83.0,88.0,92.0,96.0,99.0,101.2,110.0,123.0,inferred
Forest of Dean,2021-10-14,72.0,82.0,89.0,93.0,96.0,101.0,106.0,112.0,119.0,122.0,125.0,134.0,150.0,inferred
Forest of Dean,2021-10-15,80.0,94.0,101.0,105.0,108.0,114.0,121.0,128.0,134.0,137.2,142.0,153.0,174.0,inferred
Forth Valley,2021-07-03,40.0,65.0,84.0,94.0,103.7,118.0,133.0,149.0,166.0,175.2,192.0,226.1,291.0,inferred
Forth Valley,2021-07-04,35.0,60.0,78.0,87.0,93.0,106.0,120.0,136.4,154.0,166.0,179.0,217.0,278.0,inferred
Forth Valley,2021-07-05,27.0,51.0,67.8,75.0,81.0,93.0,106.0,118.0,135.0,143.0,153.0,190.0,242.0,inferred
Forth Valley,2021-07-06,35.0,54.0,70.0,77.0,86.0,101.0,117.0,133.4,151.0,159.2,170.0,207.0,262.0,inferred
Forth Valley,2021-07-07,45.0,65.0,85.0,93.0,101.0,115.0,131.0,146.0,163.3,175.0,187.0,226.0,291.0,inferred
Forth Valley,2021-07-08,29.5,49.0,66.0,72.0,80.0,93.0,105.0,120.0,138.0,147.0,161.0,195.0,248.5,inferred
Forth Valley,2021-07-09,29.0,54.0,69.0,75.0,81.0,95.0,110.0,124.0,143.0,154.0,168.0,206.0,274.5,inferred
Forth Valley,2021-07-10,43.5,66.0,83.0,91.0,99.0,116.0,131.0,149.0,166.3,178.0,190.0,228.0,282.0,inferred
Forth Valley,2021-07-11,34.0,53.0,69.0,77.0,85.0,101.0,115.0,131.0,149.0,160.0,171.2,204.0,268.0,inferred
Forth Valley,2021-07-12,24.0,43.0,56.8,62.0,69.0,84.0,98.0,112.4,129.0,140.0,153.0,191.0,238.0,inferred
Forth Valley,2021-07-13,26.5,46.0,63.0,71.0,78.0,91.0,103.0,118.0,134.0,143.0,156.0,193.0,254.6,inferred
Forth Valley,2021-07-14,33.5,53.0,71.0,79.0,85.7,101.6,117.0,132.0,151.0,162.0,174.0,210.0,272.0,inferred
Forth Valley,2021-07-15,25.0,40.0,54.0,60.0,66.0,78.0,90.0,103.0,119.3,129.0,141.0,176.0,235.5,inferred
Forth Valley,2021-07-16,25.0,40.0,53.8,61.0,67.7,80.0,92.0,103.0,120.0,132.0,142.0,177.1,243.0,inferred
Forth Valley,2021-07-17,26.0,44.0,60.0,69.0,74.0,86.0,99.0,115.0,131.0,142.2,154.2,192.0,260.5,inferred
Forth Valley,2021-07-18,21.0,39.0,55.0,62.0,68.0,81.0,93.0,108.0,125.0,134.0,149.0,181.1,249.5,inferred
Forth Valley,2021-07-19,15.0,29.0,41.0,46.0,52.0,63.0,75.0,88.0,106.0,115.2,129.0,160.0,214.5,inferred
Forth Valley,2021-07-20,16.0,31.0,44.0,50.0,55.0,67.0,78.0,91.0,105.0,112.2,122.0,155.0,217.0,inferred
Forth Valley,2021-07-21,18.0,34.0,48.8,54.0,60.0,71.0,85.0,97.0,116.0,125.0,137.0,167.0,225.5,inferred
Forth Valley,2021-07-22,10.0,21.0,33.0,38.0,43.0,53.0,62.0,75.0,89.3,98.0,108.0,133.1,184.5,inferred
Forth Valley,2021-07-23,10.0,22.0,34.0,38.0,43.0,53.0,63.0,75.0,89.0,98.0,108.0,137.1,190.0,inferred
Forth Valley,2021-07-24,12.5,25.0,38.0,43.0,50.0,59.0,70.0,81.4,97.0,107.0,116.0,144.0,199.0,inferred
Forth Valley,2021-07-25,9.0,20.0,30.0,35.0,40.0,50.0,60.0,71.0,84.0,93.0,103.0,128.0,182.0,inferred
Forth Valley,2021-07-26,5.0,14.0,22.0,27.0,30.7,38.0,46.0,56.0,68.3,76.0,84.0,108.1,161.5,inferred
Forth Valley,2021-07-27,5.0,14.0,22.0,27.0,30.7,39.0,49.0,58.0,70.0,78.0,88.0,110.0,167.5,inferred
Forth Valley,2021-07-28,8.5,18.0,28.0,34.0,37.7,47.0,55.0,66.0,78.0,86.0,95.0,121.0,175.0,inferred
Forth Valley,2021-07-29,5.0,13.0,21.0,25.0,29.0,36.0,45.0,56.0,68.0,75.0,84.0,111.0,152.0,inferred
Forth Valley,2021-07-30,5.0,12.0,20.0,24.8,28.0,36.0,45.0,55.0,68.0,74.0,82.0,111.0,156.0,inferred
Forth Valley,2021-07-31,8.0,18.0,28.8,33.0,37.0,46.6,57.0,66.0,80.0,87.2,97.0,122.0,180.5,inferred
Forth Valley,2021-08-01,5.0,14.0,22.0,26.8,31.0,38.0,47.0,58.0,70.0,78.0,85.0,109.0,173.5,inferred
Forth Valley,2021-08-02,3.0,9.0,17.0,21.0,25.0,31.0,38.0,46.4,58.0,65.0,74.0,99.0,143.5,inferred
Forth Valley,2021-08-03,5.0,12.0,20.0,24.0,28.0,36.0,44.0,54.0,65.0,73.0,82.0,108.0,150.0,inferred
Forth Valley,2021-08-04,6.0,17.0,28.0,32.0,36.0,44.0,53.5,64.0,75.0,82.0,92.0,113.1,167.5,inferred
Forth Valley,2021-08-05,4.0,13.0,21.0,25.0,29.0,39.0,46.0,57.0,67.3,74.0,84.2,109.0,158.0,inferred
Forth Valley,2021-08-06,5.0,15.0,24.0,29.0,33.0,42.0,50.0,61.0,73.0,80.0,89.0,115.0,164.5,inferred
Forth Valley,2021-08-07,10.0,20.0,32.0,36.0,40.7,49.0,59.0,71.0,83.0,91.0,100.0,131.0,183.0,inferred
Forth Valley,2021-08-08,8.0,20.0,30.0,35.0,40.0,49.0,59.0,70.4,85.0,93.0,101.0,126.1,179.0,inferred
Forth Valley,2021-08-09,7.0,15.0,24.0,28.0,32.0,40.0,49.0,59.0,73.0,80.0,90.0,113.0,161.5,inferred
Forth Valley,2021-08-10,7.0,20.0,31.0,37.0,41.7,51.0,60.0,71.0,84.0,92.0,101.0,127.0,183.6,inferred
Forth Valley,2021-08-11,15.0,28.9,41.0,48.0,53.0,63.0,74.5,86.0,101.0,109.2,121.0,150.0,204.0,inferred
Forth Valley,2021-08-12,12.0,24.0,36.0,41.0,46.0,55.0,66.0,78.0,90.0,100.0,109.0,140.0,192.0,inferred
Forth Valley,2021-08-13,13.0,27.0,41.0,46.0,51.0,62.0,73.0,85.0,100.0,110.0,119.0,150.0,197.0,inferred
Forth Valley,2021-08-14,24.0,41.9,56.0,63.0,69.0,82.0,96.0,113.0,127.0,137.0,148.0,178.0,240.5,inferred
Forth Valley,2021-08-15,21.0,38.0,54.0,62.0,68.0,80.0,92.5,108.0,124.3,136.0,148.0,177.1,242.5,inferred
Forth Valley,2021-08-16,17.0,35.0,48.8,55.0,61.0,72.0,86.0,100.0,117.0,126.0,135.0,166.1,230.5,inferred
Forth Valley,2021-08-17,29.0,46.0,63.0,71.0,77.0,90.0,105.0,120.0,136.0,146.0,160.0,195.0,251.5,inferred
Forth Valley,2021-08-18,43.0,66.0,85.0,93.8,101.0,116.6,132.0,149.0,168.0,180.2,194.0,231.0,294.0,inferred
Forth Valley,2021-08-19,42.0,61.0,80.0,88.0,95.0,110.0,125.0,141.0,160.0,171.0,185.0,227.0,292.0,inferred
Forth Valley,2021-08-20,49.5,74.0,94.0,103.0,112.7,128.0,142.0,159.0,177.0,190.0,206.0,239.0,303.5,inferred
Forth Valley,2021-08-21,74.0,106.0,128.8,139.0,149.0,167.0,188.0,207.0,231.0,242.0,258.0,299.0,375.5,inferred
Forth Valley,2021-08-22,73.0,108.0,138.0,148.0,159.0,177.0,198.5,219.4,244.0,257.0,277.0,322.1,401.0,inferred
Forth Valley,2021-08-23,69.0,101.9,128.8,139.0,146.7,165.6,185.5,204.0,227.0,241.0,256.0,297.0,374.6,inferred
Forth Valley,2021-08-24,88.5,121.0,150.0,161.0,171.0,194.0,215.0,237.4,267.0,281.0,294.2,338.2,419.0,inferred
Forth Valley,2021-08-25,119.0,162.9,197.0,210.0,221.0,241.6,261.0,283.0,314.3,330.2,344.0,392.1,468.0,inferred
Forth Valley,2021-08-26,102.0,141.0,174.0,184.0,194.7,214.0,234.0,255.0,280.0,296.0,317.0,359.0,444.0,inferred
Forth Valley,2021-08-27,119.0,160.0,185.0,198.0,211.0,234.0,256.0,281.0,307.0,321.0,341.0,382.0,456.5,inferred
Forth Valley,2021-08-28,156.5,206.0,242.0,257.0,271.0,298.0,323.0,347.0,374.3,389.0,411.0,470.0,549.0,inferred
Forth Valley,2021-08-29,161.0,208.0,245.0,259.0,271.0,297.0,319.0,342.0,371.0,387.0,406.0,465.1,548.0,inferred
Forth Valley,2021-08-30,126.5,179.8,213.0,223.0,237.0,262.0,284.0,308.0,333.0,349.0,368.2,415.1,507.0,inferred
Forth Valley,2021-08-31,159.0,208.9,243.0,259.0,270.0,293.0,317.0,344.0,371.0,388.0,407.2,463.0,544.5,inferred
Forth Valley,2021-09-01,190.0,243.9,282.0,298.0,311.0,339.0,364.5,398.0,429.0,448.0,471.0,527.1,619.6,inferred
Forth Valley,2021-09-02,152.9,201.0,232.0,245.0,257.7,282.0,310.0,335.4,364.0,379.0,400.2,453.1,530.0,inferred
Forth Valley,2021-09-03,158.0,202.9,241.0,257.0,270.0,294.6,317.0,346.0,376.0,392.0,412.0,464.0,561.6,inferred
Forth Valley,2021-09-04,191.5,250.9,291.0,308.0,320.0,344.6,371.5,402.0,436.0,452.2,475.2,528.0,629.0,inferred
Forth Valley,2021-09-05,171.0,225.0,262.0,278.0,293.7,322.0,350.0,376.0,406.0,422.0,441.0,497.1,586.6,inferred
Forth Valley,2021-09-06,136.0,185.9,220.0,235.0,250.0,272.0,296.0,321.4,349.0,368.0,387.0,437.0,523.5,inferred
Forth Valley,2021-09-07,146.9,198.0,230.0,246.8,259.0,284.0,307.5,335.0,364.0,378.0,397.0,452.0,555.0,inferred
Forth Valley,2021-09-08,166.0,212.0,244.8,259.0,272.0,300.0,324.0,351.0,380.0,396.0,416.0,483.0,576.5,inferred
Forth Valley,2021-09-09,109.0,147.0,178.0,192.8,204.0,226.0,248.0,270.0,299.0,313.0,331.2,374.0,454.7,inferred
Forth Valley,2021-09-10,102.0,138.0,164.0,176.0,189.0,209.0,231.0,252.0,275.0,291.2,309.2,354.1,433.0,inferred
Forth Valley,2021-09-11,112.0,151.0,180.0,193.0,203.0,225.0,245.0,266.0,292.0,310.0,330.0,375.0,454.0,inferred
Forth Valley,2021-09-12,83.5,122.0,146.8,159.8,169.0,191.0,212.0,233.0,256.0,268.0,282.2,327.0,410.0,inferred
Forth Valley,2021-09-13,58.5,86.0,108.0,118.0,128.0,143.0,159.5,178.0,196.3,211.0,225.0,261.1,323.5,inferred
Forth Valley,2021-09-14,57.0,86.0,108.0,116.0,125.0,143.0,159.0,176.0,195.0,208.0,226.0,270.1,339.0,inferred
Forth Valley,2021-09-15,66.5,99.9,123.0,133.0,141.0,160.0,178.0,196.0,217.0,232.0,247.0,288.1,375.0,inferred
Forth Valley,2021-09-16,45.0,74.0,93.0,102.0,111.0,125.0,139.0,157.0,177.0,188.0,202.2,243.0,307.5,inferred
Forth Valley,2021-09-17,50.0,77.0,95.8,103.0,110.0,124.6,142.0,160.0,178.3,191.0,206.0,245.0,311.0,inferred
Forth Valley,2021-09-18,55.0,84.0,109.0,119.0,128.0,148.0,167.0,186.0,206.0,217.0,234.2,279.0,340.0,inferred
Forth Valley,2021-09-19,50.5,74.0,97.0,105.8,112.0,129.0,147.0,163.0,182.0,196.0,210.0,250.0,305.0,inferred
Forth Valley,2021-09-20,38.0,59.0,78.0,86.0,92.7,106.0,122.0,138.0,156.0,168.0,182.2,227.2,286.0,inferred
Forth Valley,2021-09-21,40.0,66.0,86.0,94.0,101.0,116.0,131.5,149.0,169.0,180.0,194.0,229.0,301.0,inferred
Forth Valley,2021-09-22,57.0,83.9,103.0,113.0,122.0,139.0,157.0,173.0,197.0,208.0,223.0,260.1,325.5,inferred
Forth Valley,2021-09-23,42.5,65.0,85.0,93.0,102.0,119.6,135.0,151.0,168.0,178.2,192.0,229.1,295.0,inferred
Forth Valley,2021-09-24,53.0,76.0,95.0,105.0,113.7,131.0,147.0,164.0,184.0,195.0,208.2,249.1,321.5,inferred
Forth Valley,2021-09-25,63.0,97.0,120.0,131.0,141.0,158.0,171.0,192.0,213.0,227.0,242.2,285.1,361.5,inferred
Forth Valley,2021-09-26,62.0,92.0,113.0,124.0,132.0,149.0,169.0,186.0,208.0,222.0,236.0,278.1,328.0,inferred
Forth Valley,2021-09-27,47.0,75.0,94.8,104.0,112.7,130.6,146.0,165.0,186.0,197.0,211.2,251.0,332.5,inferred
Forth Valley,2021-09-28,58.0,87.0,108.0,118.0,126.0,143.0,161.0,180.0,200.0,214.0,229.2,267.0,339.5,inferred
Forth Valley,2021-09-29,69.0,106.0,129.0,138.0,148.0,166.0,186.0,209.0,231.0,245.0,263.0,304.1,392.5,inferred
Forth Valley,2021-09-30,54.0,82.0,106.0,114.0,122.0,139.0,156.0,174.0,194.0,208.0,221.0,263.0,333.0,inferred
Forth Valley,2021-10-01,53.0,84.0,107.0,117.0,128.0,143.0,160.5,180.0,201.0,213.0,227.0,265.0,334.0,inferred
Forth Valley,2021-10-02,74.5,105.0,128.0,138.0,147.0,168.0,186.5,206.0,229.0,243.0,259.0,307.1,376.5,inferred
Forth Valley,2021-10-03,68.5,97.0,122.0,131.0,143.0,161.6,180.0,201.4,221.0,232.0,248.0,292.0,359.5,inferred
Forth Valley,2021-10-04,53.0,76.0,97.8,106.0,113.7,128.0,147.0,166.0,186.0,196.0,208.0,246.0,305.5,inferred
Forth Valley,2021-10-05,57.0,84.0,104.0,114.0,122.0,140.6,158.5,173.4,198.0,211.0,227.0,270.0,340.5,inferred
Forth Valley,2021-10-06,72.0,104.0,128.0,138.0,147.0,164.0,182.0,201.0,224.0,236.0,255.0,298.0,390.5,inferred
Forth Valley,2021-10-07,50.0,82.9,103.0,112.0,120.0,136.0,154.0,173.0,197.3,209.0,224.0,258.1,341.5,inferred
Forth Valley,2021-10-08,56.5,89.0,112.0,122.0,130.0,146.0,164.0,180.0,203.3,218.0,231.0,280.0,355.0,inferred
Forth Valley,2021-10-09,79.0,109.0,134.0,144.0,153.0,174.0,194.0,215.0,238.3,254.0,268.0,315.0,391.1,inferred
Forth Valley,2021-10-10,63.0,95.0,120.0,133.0,144.7,164.6,183.0,202.0,226.0,238.0,252.0,298.0,370.0,inferred
Forth Valley,2021-10-11,54.0,82.0,103.0,111.0,121.0,138.0,157.0,175.0,195.0,208.0,222.0,266.0,333.0,inferred
Forth Valley,2021-10-12,64.5,96.0,122.0,131.0,139.7,157.0,174.0,194.0,212.3,226.2,241.0,281.0,365.0,inferred
Forth Valley,2021-10-13,73.5,110.0,140.0,153.8,164.0,185.0,204.0,227.0,250.0,263.0,281.0,322.0,396.5,inferred
Forth Valley,2021-10-14,68.5,97.0,121.0,131.0,140.0,157.0,175.0,195.0,218.0,232.0,247.2,295.1,383.0,inferred
Forth Valley,2021-10-15,65.0,98.9,126.0,136.8,147.7,168.0,187.0,212.0,235.0,250.0,268.0,317.0,400.0,inferred
Fylde,2021-07-03,18.0,23.0,27.0,28.0,29.0,31.0,33.0,35.0,38.0,39.0,41.0,45.0,51.0,inferred
Fylde,2021-07-04,22.0,27.0,31.0,32.0,33.0,36.0,38.0,40.0,42.0,44.0,46.0,50.0,57.0,inferred
Fylde,2021-07-05,36.0,42.0,47.0,48.0,50.0,53.0,55.0,58.0,61.0,63.0,65.0,70.0,78.0,inferred
Fylde,2021-07-06,38.0,44.0,47.0,49.0,51.0,53.0,56.0,59.0,61.0,63.0,65.0,70.0,77.0,inferred
Fylde,2021-07-07,40.0,48.0,52.0,54.0,55.0,58.0,61.0,64.0,67.0,68.0,71.0,76.0,86.0,inferred
Fylde,2021-07-08,42.0,50.0,54.0,56.0,58.0,61.0,64.0,67.0,70.0,71.0,74.0,79.0,88.5,inferred
Fylde,2021-07-09,40.0,47.0,52.0,53.0,55.0,58.0,61.0,64.0,66.0,68.0,70.0,75.0,82.0,inferred
Fylde,2021-07-10,36.0,42.0,46.8,48.0,49.0,53.0,56.0,58.0,62.0,63.0,65.0,70.0,78.0,inferred
Fylde,2021-07-11,43.0,50.0,54.0,56.0,57.0,60.0,63.0,66.0,69.0,71.0,72.0,78.0,87.0,inferred
Fylde,2021-07-12,67.0,76.0,82.0,84.0,87.0,90.0,93.0,97.0,101.0,103.0,105.0,112.0,125.0,inferred
Fylde,2021-07-13,66.0,74.0,79.0,82.0,84.0,88.0,92.0,95.0,100.0,102.0,104.0,110.0,120.0,inferred
Fylde,2021-07-14,67.0,75.0,80.0,82.0,85.0,88.0,91.0,95.0,99.0,101.0,104.0,110.0,120.0,inferred
Fylde,2021-07-15,61.5,70.0,75.0,76.0,78.0,82.0,85.0,89.0,92.0,94.0,97.0,103.0,113.0,inferred
Fylde,2021-07-16,51.0,58.0,63.0,65.0,67.0,71.0,74.0,77.0,80.0,82.0,84.0,90.0,100.0,inferred
Fylde,2021-07-17,40.0,46.0,50.0,52.0,54.0,56.0,59.0,62.0,65.0,67.0,68.0,74.0,83.0,inferred
Fylde,2021-07-18,41.0,47.0,52.0,53.0,55.0,58.0,61.0,64.0,67.0,69.0,71.0,76.0,84.5,inferred
Fylde,2021-07-19,58.0,66.0,71.0,73.8,75.0,79.0,82.0,86.0,89.0,91.0,93.0,99.0,110.5,inferred
Fylde,2021-07-20,51.0,59.0,64.0,66.0,68.0,71.0,74.0,77.0,81.0,82.0,85.0,90.0,98.0,inferred
Fylde,2021-07-21,47.0,54.0,59.0,61.0,63.0,66.0,69.0,71.0,75.0,76.2,79.0,84.0,93.0,inferred
Fylde,2021-07-22,40.0,47.0,52.0,53.0,55.0,58.0,61.0,64.0,67.0,69.0,71.0,76.1,83.0,inferred
Fylde,2021-07-23,31.0,36.0,40.0,42.0,43.0,46.0,49.0,52.0,54.0,56.0,58.0,63.0,71.0,inferred
Fylde,2021-07-24,22.0,27.0,31.0,32.0,33.0,36.0,38.0,40.0,43.0,44.0,45.0,50.0,57.0,inferred
Fylde,2021-07-25,21.0,26.0,30.0,31.0,32.0,35.0,37.0,39.0,41.0,42.2,44.0,48.0,55.0,inferred
Fylde,2021-07-26,29.0,35.0,39.0,40.0,42.0,44.0,46.0,49.0,52.0,54.0,56.0,61.0,67.0,inferred
Fylde,2021-07-27,26.0,30.0,34.0,36.0,37.0,39.0,42.0,44.0,47.0,48.0,50.0,54.0,61.0,inferred
Fylde,2021-07-28,25.0,30.0,34.0,35.0,36.0,39.0,41.0,44.0,46.0,48.0,49.2,53.0,60.0,inferred
Fylde,2021-07-29,23.0,28.0,32.0,33.0,34.0,37.0,39.0,41.0,43.0,45.0,47.0,52.0,59.0,inferred
Fylde,2021-07-30,19.0,24.0,28.0,29.0,30.0,33.0,35.0,37.0,39.0,40.0,42.0,46.0,52.0,inferred
Fylde,2021-07-31,15.5,19.0,22.0,23.0,24.0,26.0,28.0,30.0,32.0,33.0,34.2,39.0,45.0,inferred
Fylde,2021-08-01,16.5,20.9,23.0,25.0,26.0,28.0,30.0,32.0,34.0,35.0,36.0,41.0,47.0,inferred
Fylde,2021-08-02,24.0,29.0,34.0,35.0,36.0,38.0,41.0,43.0,45.0,47.0,49.0,53.0,60.0,inferred
Fylde,2021-08-03,22.5,27.0,30.0,31.0,33.0,35.0,38.0,40.0,42.0,43.0,45.0,49.0,57.0,inferred
Fylde,2021-08-04,23.0,27.0,30.0,32.0,33.0,35.0,37.0,39.0,42.0,43.0,45.0,49.0,57.0,inferred
Fylde,2021-08-05,21.0,26.0,29.0,30.0,32.0,34.0,36.0,38.0,41.0,42.0,44.0,48.0,55.0,inferred
Fylde,2021-08-06,18.0,22.0,25.0,26.0,28.0,30.0,32.0,34.0,36.0,37.0,38.0,43.0,49.0,inferred
Fylde,2021-08-07,14.0,18.0,20.0,21.0,22.0,24.0,26.0,28.0,30.0,32.0,33.0,37.0,43.0,inferred
Fylde,2021-08-08,15.0,19.0,22.0,23.0,24.0,26.0,28.0,30.0,32.0,34.0,35.0,39.0,45.0,inferred
Fylde,2021-08-09,22.5,27.0,31.0,33.0,34.0,36.0,38.0,41.0,43.0,45.0,46.0,50.0,58.0,inferred
Fylde,2021-08-10,21.0,25.0,29.0,30.0,32.0,34.0,37.0,39.0,41.0,43.0,44.0,49.0,56.0,inferred
Fylde,2021-08-11,22.0,27.0,30.0,32.0,33.0,35.0,37.0,40.0,42.0,44.0,45.0,49.0,57.0,inferred
Fylde,2021-08-12,22.0,26.9,29.0,30.8,32.0,34.0,36.0,38.0,41.0,42.0,44.0,48.0,57.0,inferred
Fylde,2021-08-13,19.0,23.0,27.0,28.0,29.0,31.0,33.0,35.0,38.0,39.0,41.0,45.0,51.0,inferred
Fylde,2021-08-14,15.0,19.0,22.0,23.0,24.0,26.0,28.0,30.0,32.0,33.0,35.0,38.0,45.0,inferred
Fylde,2021-08-15,16.0,21.0,24.0,25.0,26.0,28.0,30.0,32.0,34.0,35.0,37.0,41.0,49.0,inferred
Fylde,2021-08-16,26.0,31.0,35.0,36.0,38.0,40.0,42.0,45.0,48.0,49.0,51.0,56.0,65.0,inferred
Fylde,2021-08-17,24.0,30.0,33.0,35.0,36.0,38.0,40.0,43.0,45.0,47.0,48.0,54.0,59.5,inferred
Fylde,2021-08-18,25.0,30.0,34.0,35.0,37.0,39.0,41.0,44.0,46.0,47.0,49.0,54.0,62.0,inferred
Fylde,2021-08-19,24.0,28.0,32.0,33.0,35.0,37.0,39.0,42.0,45.0,46.0,47.0,52.0,60.0,inferred
Fylde,2021-08-20,20.0,25.0,28.0,30.0,31.0,33.0,35.0,37.0,39.0,41.0,42.0,47.0,53.5,inferred
Fylde,2021-08-21,16.0,20.0,23.0,24.0,25.0,27.0,29.0,31.0,33.0,34.0,36.0,40.0,46.0,inferred
Fylde,2021-08-22,17.0,22.0,25.0,26.0,27.0,29.0,31.0,33.0,35.0,36.0,38.0,42.0,49.0,inferred
Fylde,2021-08-23,27.0,32.0,36.0,37.0,38.0,41.0,43.0,46.0,49.0,50.0,51.2,56.1,64.0,inferred
Fylde,2021-08-24,25.0,30.0,34.0,35.0,36.0,39.0,42.0,44.0,47.0,48.0,50.0,54.0,62.0,inferred
Fylde,2021-08-25,24.0,31.0,34.0,36.0,37.0,39.0,42.0,44.0,47.0,48.0,50.0,55.0,62.0,inferred
Fylde,2021-08-26,25.0,30.0,33.0,35.0,36.0,38.0,41.0,43.0,46.0,47.0,49.0,53.0,60.0,inferred
Fylde,2021-08-27,22.0,26.0,30.0,31.0,32.7,35.0,37.0,39.0,42.0,43.0,44.0,49.0,56.0,inferred
Fylde,2021-08-28,17.0,21.0,24.0,25.0,27.0,29.0,31.0,33.0,35.0,36.0,38.0,42.0,48.5,inferred
Fylde,2021-08-29,19.0,24.0,27.0,28.0,29.0,31.0,33.0,35.0,37.0,39.0,40.0,45.0,51.5,inferred
Fylde,2021-08-30,31.0,36.0,40.0,42.0,43.0,45.0,48.0,50.0,53.0,55.0,57.0,62.0,70.0,inferred
Fylde,2021-08-31,29.0,35.0,39.0,40.0,42.0,44.0,47.0,50.0,52.0,54.0,56.0,61.0,68.0,inferred
Fylde,2021-09-01,32.0,37.0,41.0,43.0,44.0,47.0,49.0,52.0,55.0,56.0,58.0,63.0,71.5,inferred
Fylde,2021-09-02,31.0,37.0,42.0,43.0,45.0,47.0,50.0,53.0,55.0,56.0,59.0,64.0,72.0,inferred
Fylde,2021-09-03,28.0,34.0,39.0,40.0,42.0,44.0,46.0,48.0,51.0,53.0,55.0,59.0,68.0,inferred
Fylde,2021-09-04,25.0,30.0,33.0,34.0,35.0,38.0,40.0,42.0,44.0,46.0,48.0,52.0,60.0,inferred
Fylde,2021-09-05,27.0,33.0,36.0,38.0,39.0,41.0,44.0,46.0,49.0,50.0,52.0,57.0,65.0,inferred
Fylde,2021-09-06,42.0,48.9,53.0,55.0,56.0,60.0,63.0,65.0,69.0,70.0,72.0,78.0,87.0,inferred
Fylde,2021-09-07,41.0,46.0,50.0,52.0,53.0,56.0,58.0,62.0,65.0,66.0,68.0,74.0,83.0,inferred
Fylde,2021-09-08,37.0,44.0,49.0,51.0,52.0,55.0,58.0,60.0,63.0,65.0,68.0,73.0,80.5,inferred
Fylde,2021-09-09,36.0,42.0,47.0,48.0,50.0,52.0,55.0,58.0,61.0,62.0,64.0,69.0,76.0,inferred
Fylde,2021-09-10,29.0,35.0,39.0,40.0,42.0,44.0,47.0,50.0,53.0,54.0,56.0,60.0,68.5,inferred
Fylde,2021-09-11,24.0,28.0,31.0,33.0,34.0,36.0,39.0,41.0,43.0,45.0,47.0,51.0,60.0,inferred
Fylde,2021-09-12,23.0,29.0,33.0,34.0,36.0,38.0,40.0,43.0,45.0,46.0,48.0,53.0,60.0,inferred
Fylde,2021-09-13,35.0,42.0,46.0,48.0,49.0,52.0,55.0,58.0,61.0,62.0,64.0,70.0,77.0,inferred
Fylde,2021-09-14,34.0,39.0,43.0,45.0,46.0,49.0,51.0,54.0,57.0,59.0,61.0,66.0,75.0,inferred
Fylde,2021-09-15,35.0,40.0,45.0,46.0,48.0,51.0,53.0,56.0,58.0,60.0,62.0,67.0,75.0,inferred
Fylde,2021-09-16,32.0,39.0,43.0,45.0,46.0,49.0,52.0,54.0,57.0,59.0,61.0,66.0,74.0,inferred
Fylde,2021-09-17,29.0,35.0,39.0,40.0,42.0,44.0,47.0,49.0,52.0,54.0,55.0,60.0,68.0,inferred
Fylde,2021-09-18,24.5,29.9,33.0,34.0,35.0,38.0,40.0,42.0,45.0,46.0,48.0,52.0,59.0,inferred
Fylde,2021-09-19,26.5,31.0,35.0,36.0,38.0,40.0,42.0,45.0,48.0,49.0,51.0,55.0,65.0,inferred
Fylde,2021-09-20,41.0,46.0,51.0,53.0,55.0,58.0,60.0,63.0,66.0,68.0,71.0,76.0,85.0,inferred
Fylde,2021-09-21,37.0,43.9,47.0,49.0,51.0,54.0,56.0,59.0,62.0,64.0,66.0,72.0,79.0,inferred
Fylde,2021-09-22,36.0,42.0,47.0,48.0,49.7,52.0,55.0,58.0,61.0,62.0,64.0,69.0,78.0,inferred
Fylde,2021-09-23,34.0,40.0,44.0,45.0,46.0,49.0,51.0,54.0,57.0,59.0,60.0,66.0,73.0,inferred
Fylde,2021-09-24,27.0,33.0,37.0,38.0,39.0,41.0,44.0,46.0,49.0,50.2,52.0,57.0,64.0,inferred
Fylde,2021-09-25,21.0,25.0,29.0,30.0,32.0,34.0,36.0,38.0,40.0,41.0,43.0,47.0,53.0,inferred
Fylde,2021-09-26,20.0,25.0,29.0,30.0,31.0,34.0,36.0,38.0,40.0,42.0,44.0,48.0,55.0,inferred
Fylde,2021-09-27,31.0,36.0,40.0,42.0,43.0,46.0,48.0,51.0,54.0,55.0,57.0,62.0,70.0,inferred
Fylde,2021-09-28,26.0,33.0,36.0,38.0,40.0,42.0,45.0,47.0,50.0,51.0,53.0,57.0,65.0,inferred
Fylde,2021-09-29,27.5,33.0,37.0,38.0,39.0,42.0,44.0,47.0,49.0,51.0,53.0,57.0,64.0,inferred
Fylde,2021-09-30,26.0,32.0,35.0,37.0,38.0,41.0,43.0,45.0,48.0,49.0,51.0,56.0,63.0,inferred
Fylde,2021-10-01,23.0,28.0,31.0,32.0,33.0,36.0,38.0,40.0,43.0,44.0,45.0,50.0,57.0,inferred
Fylde,2021-10-02,17.0,22.0,25.0,27.0,28.0,30.0,32.0,34.0,36.0,37.0,39.0,42.0,49.0,inferred
Fylde,2021-10-03,20.0,24.0,27.0,29.0,30.0,32.0,34.0,36.0,38.3,40.0,41.0,45.1,52.0,inferred
Fylde,2021-10-04,29.0,35.0,39.0,40.8,42.0,44.0,47.0,50.0,52.0,54.0,55.0,61.0,69.0,inferred
Fylde,2021-10-05,28.0,33.0,37.0,38.0,40.0,42.0,45.0,47.0,50.0,52.0,54.0,58.0,66.5,inferred
Fylde,2021-10-06,30.0,36.0,40.0,41.0,42.0,45.0,47.0,50.0,53.0,54.0,56.0,61.0,68.5,inferred
Fylde,2021-10-07,31.0,35.9,39.0,41.0,42.0,44.0,47.0,49.0,52.0,54.0,56.0,60.0,69.0,inferred
Fylde,2021-10-08,27.0,33.0,37.0,38.0,39.0,41.0,44.0,46.0,48.0,50.0,52.0,56.0,64.0,inferred
Fylde,2021-10-09,23.0,28.0,31.0,32.0,33.0,36.0,38.0,40.0,43.0,44.0,46.0,50.0,58.0,inferred
Fylde,2021-10-10,26.0,30.0,34.0,36.0,37.0,40.0,42.0,44.0,47.0,48.0,50.0,55.0,62.0,inferred
Fylde,2021-10-11,39.0,46.0,51.0,53.0,55.0,58.0,61.0,64.0,66.0,68.0,70.0,75.0,84.5,inferred
Fylde,2021-10-12,38.0,44.0,49.0,51.0,52.0,55.0,58.0,61.0,64.0,66.0,67.0,73.0,82.0,inferred
Fylde,2021-10-13,39.0,45.0,49.0,51.0,53.0,56.0,58.0,61.0,64.0,67.0,69.0,74.0,84.0,inferred
Fylde,2021-10-14,37.0,43.0,47.0,49.0,50.0,54.0,57.0,60.0,62.0,64.0,66.0,72.0,83.0,inferred
Fylde,2021-10-15,31.0,37.0,41.0,43.0,44.0,47.0,49.0,52.0,55.0,57.0,59.0,65.0,73.0,inferred
Gateshead,2021-07-03,141.0,152.0,160.0,163.0,166.0,173.0,178.0,184.0,190.0,193.0,197.0,208.0,224.5,inferred
Gateshead,2021-07-04,162.0,175.0,184.0,188.0,191.0,196.0,201.0,207.0,212.0,215.0,219.0,229.0,244.5,inferred
Gateshead,2021-07-05,248.0,261.0,271.0,275.0,278.0,284.0,290.0,296.0,303.0,306.0,311.0,321.0,339.0,inferred
Gateshead,2021-07-06,237.0,253.0,262.0,266.0,269.7,275.0,281.0,287.0,293.0,296.0,299.0,309.0,327.0,inferred
Gateshead,2021-07-07,243.0,258.0,268.0,272.8,276.0,282.0,287.0,294.0,300.0,303.0,307.0,318.0,335.0,inferred
Gateshead,2021-07-08,236.0,252.0,260.0,264.0,267.0,273.0,278.0,283.0,289.0,293.0,298.0,308.0,326.0,inferred
Gateshead,2021-07-09,219.5,234.0,243.0,247.0,251.0,256.0,261.0,266.0,273.0,276.0,280.0,291.0,304.0,inferred
Gateshead,2021-07-10,186.0,199.0,208.0,212.0,215.0,219.6,225.0,230.0,235.0,238.0,241.0,252.0,269.0,inferred
Gateshead,2021-07-11,204.0,216.0,225.0,228.0,231.0,237.0,243.0,248.0,254.0,258.0,262.0,271.0,287.0,inferred
Gateshead,2021-07-12,292.0,307.0,318.0,323.0,327.0,334.0,341.0,347.0,356.0,359.2,364.2,377.0,396.5,inferred
Gateshead,2021-07-13,266.0,282.0,294.0,297.0,301.0,308.0,314.0,320.0,327.0,331.0,337.0,349.0,371.0,inferred
Gateshead,2021-07-14,249.0,265.0,276.0,280.0,283.0,290.0,296.0,302.0,308.0,312.0,315.0,326.0,343.0,inferred
Gateshead,2021-07-15,220.5,234.0,243.0,247.0,250.0,256.6,261.5,267.0,274.0,276.2,280.0,291.0,307.0,inferred
Gateshead,2021-07-16,182.0,195.0,204.0,207.0,210.0,216.0,221.0,226.0,231.0,235.0,238.0,247.0,261.0,inferred
Gateshead,2021-07-17,137.0,148.0,155.0,158.0,161.0,166.0,170.0,174.0,179.0,181.0,184.0,193.0,206.0,inferred
Gateshead,2021-07-18,132.0,144.0,151.0,154.0,156.0,162.0,166.0,171.0,176.0,179.0,182.0,189.0,201.0,inferred
Gateshead,2021-07-19,172.0,184.0,194.0,197.0,200.0,205.0,210.0,214.4,220.0,223.0,227.0,237.1,254.0,inferred
Gateshead,2021-07-20,147.0,159.0,166.0,169.0,171.0,177.0,181.0,186.0,191.0,193.0,196.0,205.0,217.0,inferred
Gateshead,2021-07-21,133.0,144.0,150.0,152.0,155.0,160.0,165.0,169.0,174.0,177.0,180.0,190.0,201.0,inferred
Gateshead,2021-07-22,114.0,123.0,130.0,133.0,135.0,140.0,144.0,148.0,152.0,155.0,158.0,165.0,179.0,inferred
Gateshead,2021-07-23,92.0,103.0,108.0,110.0,112.0,117.0,121.0,125.0,129.0,131.0,134.0,140.0,151.0,inferred
Gateshead,2021-07-24,68.0,76.0,82.0,84.0,86.0,89.0,92.0,96.0,99.0,101.0,104.0,110.0,118.0,inferred
Gateshead,2021-07-25,66.0,74.0,79.0,81.0,83.0,86.0,89.0,92.0,96.0,98.0,100.0,107.0,119.0,inferred
Gateshead,2021-07-26,86.0,95.0,100.8,103.0,105.0,109.0,113.0,117.0,122.0,124.0,126.0,133.0,145.0,inferred
Gateshead,2021-07-27,75.0,83.9,89.0,91.0,94.0,97.0,100.0,103.0,107.0,109.0,112.0,118.0,128.0,inferred
Gateshead,2021-07-28,70.0,80.0,85.0,87.0,89.0,92.0,96.0,100.0,103.0,105.0,107.0,113.0,124.0,inferred
Gateshead,2021-07-29,64.0,73.0,77.8,80.0,82.0,85.0,88.0,91.0,95.0,97.0,99.0,106.0,115.5,inferred
Gateshead,2021-07-30,56.0,63.0,68.0,70.0,72.0,75.0,77.5,81.0,84.0,86.0,88.0,95.0,105.0,inferred
Gateshead,2021-07-31,44.0,50.0,54.0,55.0,57.0,60.0,63.0,66.0,69.0,70.2,72.0,77.0,86.0,inferred
Gateshead,2021-08-01,44.0,51.0,55.0,57.0,59.0,61.0,64.0,67.0,70.0,72.0,74.0,79.0,87.0,inferred
Gateshead,2021-08-02,62.0,70.0,76.0,78.0,79.0,83.0,86.0,89.0,93.0,95.0,97.0,103.1,114.0,inferred
Gateshead,2021-08-03,55.0,64.0,69.0,71.0,73.0,76.0,79.0,82.0,86.0,88.0,89.0,96.0,104.0,inferred
Gateshead,2021-08-04,57.5,65.0,70.0,72.0,74.0,77.0,80.0,83.0,86.0,88.0,90.0,96.0,107.0,inferred
Gateshead,2021-08-05,56.0,63.0,67.0,69.0,71.0,74.0,77.0,80.0,83.0,85.0,87.2,94.0,103.0,inferred
Gateshead,2021-08-06,51.0,57.0,62.0,64.0,66.0,69.0,72.0,75.0,78.0,80.0,82.0,89.0,97.0,inferred
Gateshead,2021-08-07,40.0,47.0,52.0,53.0,55.0,58.0,60.0,63.0,66.0,68.0,70.0,75.0,84.0,inferred
Gateshead,2021-08-08,44.0,52.0,55.0,57.0,59.0,62.0,64.0,67.0,70.0,72.0,74.0,79.0,87.0,inferred
Gateshead,2021-08-09,65.0,73.0,78.0,81.0,83.0,86.0,89.0,93.0,97.0,99.0,101.0,107.0,116.5,inferred
Gateshead,2021-08-10,62.0,70.0,75.0,77.0,79.0,82.0,85.5,89.0,92.0,94.0,96.0,103.0,111.5,inferred
Gateshead,2021-08-11,63.0,72.0,77.0,79.0,81.0,84.0,87.0,90.0,93.0,95.2,98.0,104.0,114.0,inferred
Gateshead,2021-08-12,61.0,70.0,75.0,77.0,79.0,82.0,85.0,89.0,92.0,94.0,96.0,103.0,113.5,inferred
Gateshead,2021-08-13,57.0,64.0,70.0,72.0,74.0,77.0,80.0,83.0,86.0,88.0,90.0,95.0,104.0,inferred
Gateshead,2021-08-14,48.5,54.0,58.8,60.0,62.0,65.0,68.0,71.0,74.0,76.0,78.0,83.0,93.0,inferred
Gateshead,2021-08-15,52.0,60.0,64.0,66.0,68.0,71.0,73.0,76.0,79.0,81.0,82.0,88.0,97.0,inferred
Gateshead,2021-08-16,76.0,85.0,92.0,94.0,96.0,100.0,104.0,107.0,111.0,113.0,115.0,122.0,131.0,inferred
Gateshead,2021-08-17,74.0,82.0,88.0,89.0,92.0,95.0,98.0,101.0,105.0,107.0,109.0,116.0,127.0,inferred
Gateshead,2021-08-18,74.0,83.0,88.0,90.0,92.0,96.0,99.0,103.0,106.0,108.0,111.0,118.0,129.0,inferred
Gateshead,2021-08-19,73.0,80.0,85.0,88.0,89.0,93.0,96.0,100.0,103.0,105.0,108.0,114.0,124.0,inferred
Gateshead,2021-08-20,64.0,72.0,79.0,81.0,83.0,86.0,89.0,92.0,96.0,98.0,100.0,107.0,116.0,inferred
Gateshead,2021-08-21,53.0,61.0,66.0,68.0,69.0,72.0,76.0,79.0,83.0,85.0,86.0,92.0,100.0,inferred
Gateshead,2021-08-22,59.0,66.0,70.0,72.0,74.0,78.0,81.0,84.0,87.0,89.0,91.0,97.0,105.0,inferred
Gateshead,2021-08-23,87.0,95.0,101.0,103.0,106.0,110.0,113.5,117.0,121.0,124.0,126.2,133.0,145.0,inferred
Gateshead,2021-08-24,82.0,90.0,96.0,98.0,100.0,104.0,107.0,111.0,115.0,117.0,120.0,127.0,138.0,inferred
Gateshead,2021-08-25,82.0,90.0,96.0,99.0,101.0,105.0,109.0,113.0,116.3,119.0,121.0,127.0,136.5,inferred
Gateshead,2021-08-26,77.0,87.0,92.0,95.0,97.0,100.0,104.0,108.0,111.0,114.0,116.0,122.0,135.5,inferred
Gateshead,2021-08-27,72.0,80.0,84.0,87.0,89.0,92.0,96.0,99.0,103.0,105.0,107.0,114.0,123.0,inferred
Gateshead,2021-08-28,57.0,65.0,70.0,72.0,74.0,77.0,80.0,83.0,86.0,88.0,90.0,98.0,106.5,inferred
Gateshead,2021-08-29,62.0,70.0,75.0,77.0,79.0,82.0,85.0,88.0,92.0,94.0,96.0,101.0,111.0,inferred
Gateshead,2021-08-30,90.0,100.0,107.0,109.0,111.0,115.0,118.0,123.0,127.0,129.0,132.0,138.1,150.0,inferred
Gateshead,2021-08-31,85.5,94.0,100.0,102.0,104.0,108.0,111.0,115.0,119.0,121.0,124.0,131.0,142.0,inferred
Gateshead,2021-09-01,85.5,95.0,100.0,103.0,105.0,109.0,112.0,116.0,120.0,123.0,125.0,132.0,144.0,inferred
Gateshead,2021-09-02,83.0,92.0,98.0,100.0,102.0,105.0,108.0,112.0,116.3,118.0,121.0,127.0,138.0,inferred
Gateshead,2021-09-03,76.0,84.0,90.0,92.0,94.0,98.0,101.0,105.0,109.0,111.0,113.0,119.1,130.0,inferred
Gateshead,2021-09-04,62.0,70.0,74.0,76.0,78.0,81.0,84.0,87.0,91.0,93.0,95.0,101.0,109.0,inferred
Gateshead,2021-09-05,66.0,75.0,79.0,81.0,84.0,87.0,90.0,94.0,97.0,99.0,101.0,107.0,117.5,inferred
Gateshead,2021-09-06,97.0,106.0,112.0,115.0,117.0,121.0,125.0,129.0,133.0,135.0,138.2,145.0,158.0,inferred
Gateshead,2021-09-07,88.0,97.0,103.0,106.0,108.0,112.0,116.0,119.0,124.0,126.0,129.0,136.0,148.0,inferred
Gateshead,2021-09-08,84.0,94.0,101.0,103.0,105.0,109.0,113.0,116.0,120.0,123.0,125.0,133.0,144.5,inferred
Gateshead,2021-09-09,79.0,87.0,93.0,95.0,97.0,101.0,105.0,108.0,112.0,114.0,117.0,122.0,134.0,inferred
Gateshead,2021-09-10,68.0,76.0,81.0,83.0,85.0,89.0,92.0,96.0,99.0,101.0,103.0,109.1,120.0,inferred
Gateshead,2021-09-11,52.0,60.0,65.0,67.0,68.0,71.0,74.0,77.0,81.0,82.0,85.0,90.0,99.0,inferred
Gateshead,2021-09-12,53.0,62.0,66.0,68.0,70.0,73.0,76.0,79.0,83.0,85.0,87.0,93.0,102.0,inferred
Gateshead,2021-09-13,77.0,85.0,91.0,93.0,95.0,100.0,103.0,106.0,110.0,112.0,114.2,121.0,132.5,inferred
Gateshead,2021-09-14,73.0,82.0,88.0,90.0,91.0,95.0,99.0,102.0,106.0,108.0,110.0,117.0,128.0,inferred
Gateshead,2021-09-15,78.0,87.0,93.0,95.0,97.0,101.0,104.0,107.4,112.0,113.0,116.0,122.1,133.0,inferred
Gateshead,2021-09-16,81.0,89.0,96.0,98.0,100.0,104.0,108.0,111.0,115.0,117.0,120.0,126.0,136.0,inferred
Gateshead,2021-09-17,79.0,87.0,92.0,94.0,96.0,100.0,103.0,106.4,110.0,112.0,115.0,122.0,131.0,inferred
Gateshead,2021-09-18,68.0,76.0,81.0,83.0,85.0,89.0,92.0,96.0,99.0,102.0,104.0,110.0,118.0,inferred
Gateshead,2021-09-19,76.5,85.0,91.0,93.0,95.0,98.0,101.0,104.0,108.0,110.0,113.0,118.1,131.0,inferred
Gateshead,2021-09-20,117.0,126.0,134.0,136.0,139.0,144.0,148.0,153.0,157.0,159.0,162.0,170.0,184.0,inferred
Gateshead,2021-09-21,109.0,120.0,127.0,129.0,132.0,137.0,140.0,144.0,149.0,152.0,154.0,162.0,174.0,inferred
Gateshead,2021-09-22,106.0,116.0,123.0,126.0,128.0,132.0,136.0,141.0,145.0,147.0,150.0,158.0,171.0,inferred
Gateshead,2021-09-23,96.0,106.9,113.0,116.0,118.0,121.0,125.0,129.0,133.0,136.0,138.0,145.0,159.0,inferred
Gateshead,2021-09-24,83.0,93.0,100.0,102.0,104.0,108.0,112.0,115.0,119.0,121.0,123.0,131.0,140.0,inferred
Gateshead,2021-09-25,66.0,74.0,79.0,81.0,83.0,86.0,89.0,93.0,96.0,98.0,100.0,107.0,115.0,inferred
Gateshead,2021-09-26,67.0,75.0,80.0,82.0,84.0,87.0,91.0,94.0,98.0,100.0,102.0,108.0,117.0,inferred
Gateshead,2021-09-27,92.0,102.0,108.0,111.0,113.0,117.0,121.0,125.0,129.0,132.0,134.0,142.0,154.0,inferred
Gateshead,2021-09-28,86.0,94.0,100.0,102.0,104.0,108.0,111.0,116.0,120.0,122.0,124.0,131.0,142.0,inferred
Gateshead,2021-09-29,82.5,92.0,98.0,101.0,103.0,108.0,110.0,114.0,118.0,121.0,123.0,130.0,141.0,inferred
Gateshead,2021-09-30,81.0,88.0,94.0,96.0,98.0,102.0,106.0,109.4,113.0,115.0,118.0,125.0,136.0,inferred
Gateshead,2021-10-01,71.0,79.0,85.0,87.0,88.0,92.0,95.0,99.0,102.0,104.0,107.0,113.0,122.5,inferred
Gateshead,2021-10-02,58.0,65.0,70.0,72.0,74.0,77.0,80.0,83.0,86.0,88.0,91.0,97.0,107.0,inferred
Gateshead,2021-10-03,62.0,69.0,74.0,76.0,78.0,81.0,84.0,87.0,91.0,93.0,94.0,100.0,110.0,inferred
Gateshead,2021-10-04,87.0,97.0,103.0,105.0,107.0,112.0,116.0,120.0,123.0,126.0,129.0,136.0,147.0,inferred
Gateshead,2021-10-05,84.0,92.0,98.0,101.0,103.0,107.0,111.0,114.0,119.0,121.0,124.0,131.0,140.5,inferred
Gateshead,2021-10-06,89.0,99.0,106.0,108.0,110.0,113.0,117.0,121.0,125.0,127.2,130.0,137.0,148.0,inferred
Gateshead,2021-10-07,91.5,101.0,107.0,109.0,111.0,116.0,120.0,124.0,127.0,129.0,132.0,138.0,150.0,inferred
Gateshead,2021-10-08,89.0,98.0,106.0,107.0,109.0,113.0,117.0,120.0,125.0,127.0,129.0,136.0,147.0,inferred
Gateshead,2021-10-09,78.0,86.0,92.0,94.0,97.0,100.0,103.0,107.0,111.0,113.0,115.0,122.1,133.0,inferred
Gateshead,2021-10-10,88.0,98.0,105.0,107.0,109.0,112.0,116.0,119.4,124.0,126.0,129.0,136.0,146.0,inferred
Gateshead,2021-10-11,132.5,145.0,153.0,156.0,158.0,164.0,168.0,173.0,178.0,180.0,184.0,192.0,208.5,inferred
Gateshead,2021-10-12,129.0,139.0,147.0,150.0,152.0,157.0,162.0,166.0,171.0,174.0,176.0,184.0,197.0,inferred
Gateshead,2021-10-13,127.0,138.0,146.0,149.0,152.0,157.0,161.0,165.0,171.0,173.0,177.0,184.0,196.5,inferred
Gateshead,2021-10-14,120.0,130.0,138.0,141.0,144.0,149.0,153.0,158.0,162.0,165.0,168.0,177.0,192.0,inferred
Gateshead,2021-10-15,105.0,116.0,123.0,126.0,129.0,133.0,137.5,142.0,147.0,150.0,153.0,162.0,174.5,inferred
Gedling,2021-07-03,37.0,43.0,46.0,48.0,49.0,52.0,54.0,57.0,59.0,61.0,63.0,67.0,75.0,inferred
Gedling,2021-07-04,43.0,50.0,54.0,55.0,57.0,59.0,62.0,65.0,68.0,70.0,71.0,76.0,84.0,inferred
Gedling,2021-07-05,66.0,73.0,78.0,80.0,82.0,85.0,88.0,91.0,94.0,96.0,98.0,103.0,111.5,inferred
Gedling,2021-07-06,67.0,73.0,78.0,80.0,82.0,85.0,88.0,91.0,94.0,96.0,98.0,103.0,111.5,inferred
Gedling,2021-07-07,71.0,78.0,84.0,86.0,87.0,90.0,93.0,96.0,99.0,101.0,103.0,109.0,117.0,inferred
Gedling,2021-07-08,74.0,82.0,87.0,89.0,90.0,94.0,96.5,99.0,102.0,104.0,106.0,112.0,119.5,inferred
Gedling,2021-07-09,71.0,78.0,83.0,85.0,87.0,90.0,93.0,96.0,100.0,102.0,104.0,109.0,116.5,inferred
Gedling,2021-07-10,65.0,71.9,76.0,78.0,80.0,83.0,85.0,88.0,91.3,93.0,95.0,101.0,110.0,inferred
Gedling,2021-07-11,73.0,81.0,87.0,88.0,90.0,93.0,96.0,100.0,104.0,105.2,108.0,114.0,123.0,inferred
Gedling,2021-07-12,110.5,121.0,127.0,130.0,132.0,136.0,140.0,145.0,149.0,151.0,154.0,162.0,173.0,inferred
Gedling,2021-07-13,107.0,116.0,123.0,125.0,127.0,131.0,135.0,138.0,143.0,146.0,148.0,155.0,167.0,inferred
Gedling,2021-07-14,104.0,113.0,119.0,121.0,123.0,128.0,131.0,135.0,139.0,141.0,144.0,151.0,162.0,inferred
Gedling,2021-07-15,94.0,104.0,109.0,112.0,114.0,118.0,122.0,125.4,129.0,131.2,134.0,141.0,151.0,inferred
Gedling,2021-07-16,80.0,87.0,93.0,95.0,97.0,101.0,104.0,107.0,110.0,112.0,114.0,120.0,129.0,inferred
Gedling,2021-07-17,64.0,71.0,75.0,77.0,79.0,82.0,84.0,87.0,91.0,92.0,95.0,100.0,108.0,inferred
Gedling,2021-07-18,64.0,72.0,76.0,78.0,80.0,83.0,85.0,88.0,91.0,93.0,95.0,100.0,110.0,inferred
Gedling,2021-07-19,86.0,93.0,98.0,100.8,102.0,106.0,109.0,113.0,117.0,119.0,121.0,127.0,138.0,inferred
Gedling,2021-07-20,74.0,83.0,88.0,90.0,92.0,95.0,98.0,101.0,104.0,106.0,109.0,115.0,124.0,inferred
Gedling,2021-07-21,68.0,77.0,81.0,83.0,85.0,88.0,91.0,94.0,97.0,99.0,101.0,107.0,117.0,inferred
Gedling,2021-07-22,61.0,68.0,72.0,74.0,76.0,79.0,81.0,84.0,87.0,89.0,91.0,96.1,106.0,inferred
Gedling,2021-07-23,48.5,56.0,60.0,62.0,63.0,66.0,68.0,71.0,74.0,76.0,77.0,83.0,89.5,inferred
Gedling,2021-07-24,38.0,43.0,47.0,48.0,49.0,52.0,54.0,56.0,59.0,60.0,62.0,66.0,73.0,inferred
Gedling,2021-07-25,36.0,42.0,46.0,47.0,49.0,51.0,53.0,55.0,58.0,59.0,61.0,65.0,72.0,inferred
Gedling,2021-07-26,49.0,55.0,59.0,61.0,62.0,65.0,68.0,71.0,74.0,75.0,77.0,82.0,90.0,inferred
Gedling,2021-07-27,44.0,50.0,54.0,55.0,57.0,59.0,62.0,65.0,67.0,69.0,71.0,76.0,83.0,inferred
Gedling,2021-07-28,43.0,49.0,54.0,55.0,57.0,59.0,61.0,64.0,67.0,68.0,69.0,75.0,81.0,inferred
Gedling,2021-07-29,42.0,47.0,52.0,53.0,55.0,57.0,59.0,62.0,65.0,66.0,68.0,73.0,79.0,inferred
Gedling,2021-07-30,38.0,43.0,47.0,48.0,49.0,52.0,54.0,56.0,58.0,60.0,62.0,66.0,74.0,inferred
Gedling,2021-07-31,31.0,36.0,39.0,41.0,42.0,44.0,46.5,49.0,51.0,53.0,54.0,58.0,65.0,inferred
Gedling,2021-08-01,34.0,39.0,43.0,44.0,45.0,48.0,50.0,52.0,55.0,56.0,58.0,62.0,68.0,inferred
Gedling,2021-08-02,48.0,55.0,59.0,61.0,62.0,65.0,67.0,70.0,73.0,75.0,77.0,82.0,89.0,inferred
Gedling,2021-08-03,45.0,51.0,55.0,57.0,58.7,61.0,64.0,66.0,69.0,71.0,73.0,78.0,86.0,inferred
Gedling,2021-08-04,44.0,51.0,56.0,57.0,58.0,61.0,63.0,66.0,68.0,70.0,71.0,76.0,84.0,inferred
Gedling,2021-08-05,43.0,48.0,52.0,54.0,55.0,58.0,61.0,64.0,66.0,68.0,69.0,74.0,81.0,inferred
Gedling,2021-08-06,37.0,43.0,46.0,48.0,49.0,51.0,54.0,56.0,59.0,60.0,61.0,67.0,74.5,inferred
Gedling,2021-08-07,30.0,36.0,39.0,40.0,41.0,43.6,46.0,48.0,50.0,52.0,53.0,57.0,63.0,inferred
Gedling,2021-08-08,33.0,39.0,42.0,43.0,44.0,46.0,48.5,51.0,53.0,55.0,57.0,60.0,67.0,inferred
Gedling,2021-08-09,46.0,53.0,57.0,59.0,60.0,63.0,66.0,68.0,71.0,73.0,74.0,80.0,87.0,inferred
Gedling,2021-08-10,44.0,50.0,55.0,56.0,57.0,60.0,62.0,65.0,68.0,70.0,71.0,76.0,84.0,inferred
Gedling,2021-08-11,45.0,52.0,56.0,57.0,59.0,62.0,65.0,67.0,70.0,72.0,73.2,79.0,87.0,inferred
Gedling,2021-08-12,45.0,51.0,56.0,58.0,60.0,62.0,64.0,67.0,70.0,71.0,73.0,78.0,85.0,inferred
Gedling,2021-08-13,42.0,47.0,51.0,53.0,54.0,57.0,59.0,61.0,64.0,65.0,67.0,71.0,79.0,inferred
Gedling,2021-08-14,35.0,40.0,44.0,45.0,47.0,49.0,51.0,54.0,56.0,57.0,59.0,64.0,70.5,inferred
Gedling,2021-08-15,39.0,45.0,49.0,50.0,51.0,54.0,56.0,58.0,61.0,62.0,64.0,68.1,76.5,inferred
Gedling,2021-08-16,56.0,63.0,67.0,69.0,70.0,73.0,76.0,79.0,83.0,84.0,86.0,92.0,100.0,inferred
Gedling,2021-08-17,55.0,61.0,65.0,66.8,68.0,71.0,74.0,77.0,80.0,82.0,84.0,89.0,97.0,inferred
Gedling,2021-08-18,53.0,60.0,65.0,67.0,69.0,72.0,74.0,77.0,80.0,82.0,84.0,89.0,96.0,inferred
Gedling,2021-08-19,53.0,59.0,63.0,65.0,67.0,69.0,72.0,74.4,78.0,79.2,81.0,86.0,94.0,inferred
Gedling,2021-08-20,47.0,53.0,57.0,58.0,60.0,63.0,65.0,68.0,71.0,73.0,75.0,80.0,87.0,inferred
Gedling,2021-08-21,39.0,44.0,48.0,50.0,51.0,53.0,56.0,58.0,60.0,62.0,63.0,68.0,75.5,inferred
Gedling,2021-08-22,41.0,47.0,51.0,53.0,54.0,57.0,59.0,62.0,64.0,66.0,67.0,73.0,80.0,inferred
Gedling,2021-08-23,60.0,67.0,71.0,73.0,75.0,78.0,81.0,83.4,87.0,89.0,91.0,96.0,106.0,inferred
Gedling,2021-08-24,56.0,63.0,67.0,69.0,71.0,74.0,77.0,80.0,83.0,85.0,87.0,92.0,100.0,inferred
Gedling,2021-08-25,57.0,63.0,68.0,69.0,71.0,73.0,76.0,79.0,82.0,84.0,87.0,92.0,99.0,inferred
Gedling,2021-08-26,54.0,60.0,65.0,66.0,68.0,71.0,74.0,77.0,80.0,82.0,83.0,89.0,96.0,inferred
Gedling,2021-08-27,48.0,54.0,58.0,59.0,61.0,64.0,66.0,69.0,71.0,73.0,75.0,79.0,87.0,inferred
Gedling,2021-08-28,39.5,45.0,49.0,50.0,51.0,54.0,56.0,59.0,61.0,63.0,64.0,69.0,76.0,inferred
Gedling,2021-08-29,42.0,48.0,52.0,54.0,55.0,58.0,60.0,62.0,65.0,67.0,68.0,73.0,79.0,inferred
Gedling,2021-08-30,61.0,67.0,72.0,74.0,75.0,78.0,81.0,84.0,87.0,89.0,91.0,97.1,106.0,inferred
Gedling,2021-08-31,55.0,62.0,67.0,69.0,70.0,73.0,76.0,78.0,81.0,83.0,85.0,91.0,100.5,inferred
Gedling,2021-09-01,55.0,62.0,66.0,68.0,69.0,72.0,75.0,77.0,80.0,82.0,84.0,89.0,97.0,inferred
Gedling,2021-09-02,50.5,57.0,62.0,64.0,65.0,68.0,71.0,73.0,76.0,78.0,79.2,84.0,92.0,inferred
Gedling,2021-09-03,44.0,50.0,54.0,56.0,57.0,60.0,62.0,65.0,68.0,69.0,71.0,76.0,83.0,inferred
Gedling,2021-09-04,34.0,41.0,44.0,46.0,47.0,50.0,52.0,54.0,57.0,58.0,59.0,63.0,70.0,inferred
Gedling,2021-09-05,37.0,43.0,46.0,47.0,49.0,51.0,53.0,56.0,59.0,60.0,62.0,66.0,73.0,inferred
Gedling,2021-09-06,50.0,57.0,62.0,63.0,65.0,68.0,71.0,74.0,77.0,78.0,80.0,85.0,92.0,inferred
Gedling,2021-09-07,45.0,52.0,56.0,58.0,59.0,62.0,65.0,68.0,71.0,72.0,73.2,78.0,88.0,inferred
Gedling,2021-09-08,44.5,51.0,55.0,57.0,58.0,60.0,62.0,65.0,68.0,70.0,71.0,76.0,83.0,inferred
Gedling,2021-09-09,40.0,46.0,50.0,51.0,53.0,55.0,58.0,60.0,63.0,65.0,67.0,71.0,80.0,inferred
Gedling,2021-09-10,35.0,40.0,44.0,45.0,46.0,48.0,51.0,53.0,55.0,57.0,59.0,63.0,69.0,inferred
Gedling,2021-09-11,27.0,32.0,35.0,36.0,37.0,39.0,42.0,44.0,46.0,47.0,49.0,53.0,59.0,inferred
Gedling,2021-09-12,28.0,33.0,36.0,37.0,38.0,41.0,43.0,45.0,47.0,48.0,50.0,54.0,59.5,inferred
Gedling,2021-09-13,38.0,45.0,49.0,50.0,52.0,54.0,56.0,59.0,61.0,63.0,64.0,69.0,75.0,inferred
Gedling,2021-09-14,37.0,44.0,47.0,49.0,50.0,52.0,55.0,57.0,60.0,61.0,63.0,67.0,76.0,inferred
Gedling,2021-09-15,40.0,46.9,50.0,52.0,54.0,56.0,58.0,61.0,64.0,65.0,67.0,72.0,79.0,inferred
Gedling,2021-09-16,43.0,48.0,52.0,54.0,55.0,58.0,60.0,62.0,65.0,66.0,68.0,72.1,81.0,inferred
Gedling,2021-09-17,40.0,46.0,50.0,52.0,53.0,56.0,58.0,60.0,62.0,64.0,66.0,70.0,79.0,inferred
Gedling,2021-09-18,36.0,41.0,46.0,47.0,48.0,51.0,53.0,55.0,57.0,59.0,60.0,65.0,72.0,inferred
Gedling,2021-09-19,41.0,47.0,52.0,53.0,54.0,57.0,60.0,62.0,65.0,67.0,68.0,73.0,80.0,inferred
Gedling,2021-09-20,62.5,70.0,74.0,76.0,78.0,82.0,85.0,88.0,91.0,93.0,95.0,100.0,109.0,inferred
Gedling,2021-09-21,59.0,67.0,72.0,74.0,76.0,79.0,82.0,84.0,88.0,90.0,92.0,96.0,104.0,inferred
Gedling,2021-09-22,60.0,66.9,71.0,73.0,74.0,77.0,80.0,83.0,86.0,88.0,90.0,96.0,103.0,inferred
Gedling,2021-09-23,56.0,62.0,66.0,68.0,70.0,72.0,75.0,78.0,81.0,83.0,85.0,91.0,99.0,inferred
Gedling,2021-09-24,47.0,54.0,58.0,59.0,60.0,63.0,66.0,68.0,71.0,72.0,74.0,79.0,89.0,inferred
Gedling,2021-09-25,38.0,44.0,48.0,49.0,51.0,53.0,56.0,58.0,60.0,61.0,63.0,68.0,74.5,inferred
Gedling,2021-09-26,40.0,46.0,50.0,51.0,53.0,55.0,58.0,60.0,63.0,64.0,66.0,71.0,78.0,inferred
Gedling,2021-09-27,56.0,63.0,68.0,69.0,71.0,74.0,77.0,79.0,83.0,84.0,86.0,91.0,100.0,inferred
Gedling,2021-09-28,53.0,59.0,63.0,65.0,67.0,70.0,73.0,75.0,79.0,80.0,82.0,87.0,95.0,inferred
Gedling,2021-09-29,54.5,61.9,66.0,68.0,70.0,72.0,75.0,78.0,81.0,83.0,84.0,89.1,97.0,inferred
Gedling,2021-09-30,54.5,61.9,65.0,67.0,69.0,71.0,74.0,77.0,80.0,82.0,84.0,89.0,98.0,inferred
Gedling,2021-10-01,50.0,57.0,60.0,62.0,64.0,66.0,69.0,72.0,74.0,76.0,78.0,84.0,91.0,inferred
Gedling,2021-10-02,43.5,49.0,53.0,54.0,56.0,58.0,61.0,63.0,66.0,67.2,69.0,74.0,82.0,inferred
Gedling,2021-10-03,48.0,55.0,59.0,60.0,61.7,64.0,66.0,69.0,72.0,73.0,75.0,80.0,88.0,inferred
Gedling,2021-10-04,67.5,76.0,82.0,84.0,85.0,88.0,91.0,95.0,98.3,101.0,103.0,109.0,118.5,inferred
Gedling,2021-10-05,67.0,73.0,78.0,80.0,82.0,85.0,88.0,91.0,94.0,96.0,98.0,104.0,115.0,inferred
Gedling,2021-10-06,66.0,74.0,79.0,80.0,82.0,86.0,89.0,92.0,95.0,96.0,98.0,104.0,114.0,inferred
Gedling,2021-10-07,64.0,71.0,76.0,78.0,79.0,83.0,86.0,89.0,92.0,94.0,96.0,101.0,108.5,inferred
Gedling,2021-10-08,56.0,64.0,68.0,70.0,72.0,75.0,78.0,81.0,83.3,85.0,87.0,92.0,100.5,inferred
Gedling,2021-10-09,48.0,55.0,59.0,60.0,62.0,64.0,67.0,70.0,72.0,74.0,75.0,80.0,86.5,inferred
Gedling,2021-10-10,51.0,58.0,63.0,65.0,66.0,69.0,72.0,75.0,77.0,79.0,81.0,86.1,95.0,inferred
Gedling,2021-10-11,73.0,82.0,87.0,89.0,91.0,95.0,98.0,101.0,105.0,107.0,109.0,115.0,124.0,inferred
Gedling,2021-10-12,69.0,77.0,82.0,84.0,86.0,89.6,93.0,96.0,99.0,101.0,103.0,109.0,118.0,inferred
Gedling,2021-10-13,67.0,75.0,80.0,82.0,84.0,87.0,90.0,93.0,97.0,98.0,100.0,106.0,115.0,inferred
Gedling,2021-10-14,61.0,70.0,75.0,76.0,78.0,81.0,84.0,88.0,91.0,93.0,95.0,101.0,110.0,inferred
Gedling,2021-10-15,52.0,59.0,64.0,66.0,67.0,70.0,73.0,76.0,80.0,82.0,84.0,89.0,99.0,inferred
Glasgow City,2021-07-03,438.9,564.0,639.8,681.5,718.7,779.0,841.5,907.0,981.0,1017.2,1060.2,1189.1,1413.0,inferred
Glasgow City,2021-07-04,402.0,505.0,581.0,612.8,646.0,705.0,770.0,829.4,905.3,950.2,993.2,1127.1,1327.1,inferred
Glasgow City,2021-07-05,292.0,408.0,485.8,510.8,540.0,595.6,651.0,704.0,762.3,802.2,849.0,958.2,1160.6,inferred
Glasgow City,2021-07-06,345.0,443.0,513.0,547.0,580.0,639.6,693.0,748.0,816.3,859.2,901.4,1015.2,1231.5,inferred
Glasgow City,2021-07-07,379.0,502.8,595.0,633.0,665.7,726.6,783.0,841.4,926.3,967.2,1004.4,1133.1,1332.2,inferred
Glasgow City,2021-07-08,297.5,388.0,461.8,493.0,522.0,578.0,629.0,686.0,750.6,786.0,823.0,936.1,1136.0,inferred
Glasgow City,2021-07-09,303.4,390.0,475.8,507.0,531.0,587.0,643.0,696.0,754.2,790.5,837.2,957.1,1186.6,inferred
Glasgow City,2021-07-10,340.5,442.0,531.8,559.0,594.0,657.0,719.0,777.4,843.0,881.0,928.0,1061.1,1301.5,inferred
Glasgow City,2021-07-11,304.4,410.8,479.8,510.0,541.0,600.0,661.5,713.0,793.0,824.2,865.2,989.2,1206.1,inferred
Glasgow City,2021-07-12,222.0,311.0,374.0,399.8,425.7,472.6,518.5,572.0,643.0,685.0,734.0,853.0,1042.1,inferred
Glasgow City,2021-07-13,232.5,318.0,384.0,415.0,443.0,496.0,541.0,595.0,661.0,699.2,736.2,853.2,1051.5,inferred
Glasgow City,2021-07-14,267.5,356.9,425.0,454.0,485.7,533.0,586.5,649.0,713.3,754.0,794.0,903.0,1137.1,inferred
Glasgow City,2021-07-15,185.5,261.0,324.8,348.0,377.7,422.0,465.0,513.0,567.3,607.0,655.0,753.1,919.0,inferred
Glasgow City,2021-07-16,176.5,257.0,315.0,342.0,367.0,419.0,465.0,511.0,567.0,596.0,638.0,746.0,955.7,inferred
Glasgow City,2021-07-17,212.5,297.0,358.0,382.8,411.0,457.6,506.0,558.0,608.0,642.0,679.0,786.0,970.5,inferred
Glasgow City,2021-07-18,158.5,246.0,309.8,332.8,356.0,399.0,443.0,490.4,550.0,579.0,615.4,728.2,923.0,inferred
Glasgow City,2021-07-19,119.0,175.0,220.8,242.0,268.0,308.0,352.5,395.0,442.0,472.0,506.0,606.2,771.0,inferred
Glasgow City,2021-07-20,107.0,177.0,226.0,246.0,268.0,310.0,352.0,397.0,442.0,475.2,509.4,605.0,796.0,inferred
Glasgow City,2021-07-21,129.5,190.9,246.8,270.0,295.7,336.6,372.0,416.4,469.3,503.0,536.0,631.1,812.0,inferred
Glasgow City,2021-07-22,78.0,133.0,175.0,197.0,213.0,251.0,289.5,330.4,377.0,400.5,432.0,516.0,705.6,inferred
Glasgow City,2021-07-23,82.0,131.0,171.0,189.0,207.7,239.0,279.0,317.4,359.0,384.2,416.2,504.0,671.5,inferred
Glasgow City,2021-07-24,85.0,143.9,183.0,201.0,218.0,256.0,293.5,328.0,372.0,396.0,431.0,526.0,688.5,inferred
Glasgow City,2021-07-25,66.5,117.9,155.0,174.0,189.0,224.6,258.5,293.0,332.0,356.0,387.0,469.1,625.5,inferred
Glasgow City,2021-07-26,42.0,78.0,112.0,126.0,140.0,166.6,197.5,232.0,277.0,299.0,329.4,398.1,557.7,inferred
Glasgow City,2021-07-27,47.5,82.0,116.0,132.0,146.0,178.0,207.5,237.0,270.0,294.0,324.0,401.0,557.5,inferred
Glasgow City,2021-07-28,62.5,103.9,142.0,160.8,176.0,206.0,239.0,274.0,310.0,332.2,359.2,440.2,582.6,inferred
Glasgow City,2021-07-29,41.5,75.0,108.0,121.8,134.0,160.0,188.0,220.0,255.0,273.0,300.0,378.0,526.1,inferred
Glasgow City,2021-07-30,45.0,81.0,113.0,126.0,141.0,169.0,199.5,233.0,271.3,292.0,320.2,408.1,538.5,inferred
Glasgow City,2021-07-31,54.0,101.9,140.0,157.8,171.0,203.0,231.0,266.0,309.0,334.2,361.0,443.0,568.7,inferred
Glasgow City,2021-08-01,46.0,85.0,121.0,134.0,153.0,185.6,218.0,251.0,294.0,313.2,341.0,418.0,577.0,inferred
Glasgow City,2021-08-02,30.5,62.9,94.0,109.0,123.0,147.6,173.0,202.0,236.3,253.2,284.2,370.0,505.5,inferred
Glasgow City,2021-08-03,43.0,77.0,110.8,126.0,140.0,168.6,200.0,235.0,277.0,301.2,325.0,402.1,557.0,inferred
Glasgow City,2021-08-04,66.0,105.0,141.0,157.0,172.0,204.0,237.0,276.0,315.0,335.0,361.2,446.1,605.5,inferred
Glasgow City,2021-08-05,51.0,87.0,117.0,133.8,151.0,181.6,215.0,245.0,282.0,305.2,330.0,407.0,561.0,inferred
Glasgow City,2021-08-06,61.0,96.0,132.0,147.0,162.0,189.0,220.5,255.0,297.3,317.0,346.2,428.1,597.0,inferred
Glasgow City,2021-08-07,81.0,132.0,171.0,191.0,209.0,242.0,276.0,310.0,354.3,381.0,405.2,492.0,690.8,inferred
Glasgow City,2021-08-08,78.0,124.0,165.0,183.8,199.0,230.0,262.0,297.4,345.3,372.0,405.0,504.1,659.0,inferred
Glasgow City,2021-08-09,56.0,97.9,137.0,153.0,170.0,200.0,226.0,263.0,306.3,333.0,366.0,437.1,598.0,inferred
Glasgow City,2021-08-10,80.5,130.9,171.0,189.0,210.0,245.0,281.0,318.0,363.0,387.2,423.0,516.1,661.0,inferred
Glasgow City,2021-08-11,118.0,177.9,227.0,253.8,272.0,310.0,350.5,395.4,444.3,472.0,512.2,600.1,755.1,inferred
Glasgow City,2021-08-12,107.5,168.0,211.0,233.0,249.0,290.6,328.5,362.4,410.0,438.0,477.0,567.2,747.6,inferred
Glasgow City,2021-08-13,124.5,191.9,247.0,270.0,291.0,333.0,370.0,414.0,460.0,490.0,524.0,618.1,753.0,inferred
Glasgow City,2021-08-14,196.5,270.8,330.0,355.0,378.0,422.0,471.5,522.0,580.0,610.0,646.2,764.0,958.5,inferred
Glasgow City,2021-08-15,194.0,277.0,341.8,368.0,393.0,436.6,484.0,541.0,598.0,628.2,662.2,774.0,959.0,inferred
Glasgow City,2021-08-16,162.5,239.9,303.8,327.0,351.0,393.0,441.0,491.4,545.3,583.0,615.4,722.4,934.6,inferred
Glasgow City,2021-08-17,229.4,313.0,381.8,405.8,434.0,493.0,543.5,596.0,656.0,683.2,727.0,835.3,1053.6,inferred
Glasgow City,2021-08-18,341.0,447.9,531.6,562.0,589.4,648.6,705.0,769.0,844.0,883.2,935.2,1070.0,1302.6,inferred
Glasgow City,2021-08-19,318.5,434.8,506.8,544.8,578.7,634.6,694.0,750.0,813.3,845.2,890.0,1007.1,1231.8,inferred
Glasgow City,2021-08-20,406.9,521.9,609.0,642.0,679.0,743.0,817.0,876.0,946.3,978.2,1031.0,1161.0,1393.6,inferred
Glasgow City,2021-08-21,603.0,738.0,845.8,892.0,929.0,1000.0,1070.0,1138.0,1219.3,1270.0,1333.2,1483.3,1803.0,inferred
Glasgow City,2021-08-22,648.8,801.8,903.8,948.0,989.7,1066.0,1132.5,1204.4,1287.3,1341.2,1398.2,1547.1,1789.0,inferred
Glasgow City,2021-08-23,590.0,746.0,847.8,896.8,943.0,1017.0,1089.0,1167.8,1255.3,1302.0,1355.0,1507.2,1752.6,inferred
Glasgow City,2021-08-24,716.4,903.0,1037.8,1085.8,1139.7,1217.6,1307.5,1393.0,1485.3,1533.0,1606.2,1774.3,2013.0,inferred
Glasgow City,2021-08-25,968.4,1173.0,1295.8,1344.0,1402.0,1496.0,1590.0,1680.0,1799.3,1868.0,1939.0,2098.2,2398.5,inferred
Glasgow City,2021-08-26,857.0,1043.9,1157.8,1208.8,1249.7,1330.0,1406.5,1494.0,1584.0,1638.2,1691.2,1845.2,2144.1,inferred
Glasgow City,2021-08-27,939.4,1124.7,1254.0,1313.8,1353.0,1450.2,1536.5,1619.4,1719.3,1775.0,1842.2,2016.2,2331.5,inferred
Glasgow City,2021-08-28,1254.4,1447.9,1585.8,1646.8,1704.7,1803.0,1905.0,2011.0,2124.3,2179.8,2266.2,2441.1,2721.0,inferred
Glasgow City,2021-08-29,1161.0,1398.7,1545.0,1615.0,1678.1,1784.0,1880.5,1971.4,2070.3,2132.0,2202.4,2379.8,2720.0,inferred
Glasgow City,2021-08-30,1060.5,1259.0,1395.0,1461.0,1512.7,1612.6,1698.0,1806.0,1908.9,1971.0,2033.4,2203.0,2541.2,inferred
Glasgow City,2021-08-31,1183.4,1378.8,1529.0,1599.5,1660.0,1766.6,1864.0,1961.0,2067.3,2121.0,2193.2,2387.0,2710.2,inferred
Glasgow City,2021-09-01,1374.4,1620.9,1763.8,1842.5,1909.7,2027.8,2120.0,2238.0,2362.3,2433.0,2511.2,2708.3,2992.6,inferred
Glasgow City,2021-09-02,1130.5,1312.7,1443.6,1506.0,1556.0,1651.6,1743.0,1845.4,1949.0,2011.2,2087.2,2292.0,2562.3,inferred
Glasgow City,2021-09-03,1115.0,1320.9,1449.8,1496.0,1540.7,1646.0,1732.0,1846.0,1957.0,2019.0,2089.2,2286.2,2571.4,inferred
Glasgow City,2021-09-04,1339.8,1541.9,1696.4,1741.8,1796.4,1900.0,1992.5,2103.4,2226.0,2289.2,2363.4,2579.1,2916.1,inferred
Glasgow City,2021-09-05,1195.4,1407.7,1540.0,1591.8,1646.0,1752.0,1839.5,1941.8,2059.0,2111.0,2184.2,2362.2,2692.0,inferred
Glasgow City,2021-09-06,969.5,1152.9,1264.4,1310.5,1360.0,1453.6,1550.5,1631.0,1730.0,1775.2,1860.2,2041.1,2404.0,inferred
Glasgow City,2021-09-07,962.9,1145.9,1284.8,1347.8,1385.0,1468.6,1556.0,1649.4,1756.3,1803.2,1865.0,2051.1,2338.3,inferred
Glasgow City,2021-09-08,969.2,1155.7,1306.0,1354.0,1411.7,1508.6,1603.0,1707.0,1807.0,1869.2,1931.0,2087.1,2498.6,inferred
Glasgow City,2021-09-09,665.5,811.9,941.0,980.8,1021.7,1100.0,1182.0,1262.0,1355.3,1405.0,1472.2,1656.0,1952.5,inferred
Glasgow City,2021-09-10,630.0,752.9,847.0,889.8,930.7,1012.6,1085.0,1150.4,1232.3,1272.0,1319.0,1448.1,1755.5,inferred
Glasgow City,2021-09-11,604.5,752.8,856.0,902.8,947.0,1029.0,1102.0,1174.4,1256.3,1311.0,1373.2,1530.1,1786.5,inferred
Glasgow City,2021-09-12,487.5,616.0,707.0,745.0,782.0,852.6,914.0,977.4,1055.0,1095.2,1146.0,1297.2,1510.1,inferred
Glasgow City,2021-09-13,318.4,418.0,497.8,531.0,563.4,612.0,674.0,724.4,785.3,825.0,874.2,998.3,1228.7,inferred
Glasgow City,2021-09-14,290.0,399.0,486.0,513.0,540.0,602.6,656.0,713.0,771.3,810.2,866.4,992.0,1190.6,inferred
Glasgow City,2021-09-15,327.5,442.0,524.0,556.8,589.0,648.6,712.5,768.0,838.0,877.2,923.0,1056.0,1277.8,inferred
Glasgow City,2021-09-16,254.0,338.9,394.0,427.5,453.0,504.0,555.0,613.0,676.3,710.2,746.0,853.1,1049.0,inferred
Glasgow City,2021-09-17,231.4,315.0,388.8,414.0,443.7,490.6,536.0,584.0,649.3,692.0,729.2,835.2,1047.6,inferred
Glasgow City,2021-09-18,257.5,353.9,425.0,456.0,479.7,532.0,591.5,658.0,723.0,759.2,802.0,922.1,1137.5,inferred
Glasgow City,2021-09-19,204.0,294.0,363.0,393.0,422.0,470.6,523.0,573.8,633.0,669.5,717.2,843.1,1043.6,inferred
Glasgow City,2021-09-20,148.5,217.9,278.6,302.8,334.0,377.6,427.5,473.4,522.0,551.2,590.2,704.0,882.0,inferred
Glasgow City,2021-09-21,184.9,251.8,306.0,326.0,350.7,401.0,444.0,492.0,542.3,581.0,616.0,738.1,923.7,inferred
Glasgow City,2021-09-22,218.5,308.0,376.0,403.0,427.0,480.0,533.0,584.8,649.6,686.2,725.0,836.0,1031.0,inferred
Glasgow City,2021-09-23,184.5,264.0,329.0,357.0,375.7,424.0,471.0,519.4,573.0,604.0,647.2,741.1,925.6,inferred
Glasgow City,2021-09-24,200.9,281.0,349.8,377.0,406.0,453.6,499.5,552.0,607.3,643.2,679.0,791.1,942.0,inferred
Glasgow City,2021-09-25,267.5,366.0,444.8,474.8,500.0,549.0,590.0,648.0,714.0,749.0,790.2,906.2,1123.1,inferred
Glasgow City,2021-09-26,245.3,344.9,419.0,446.8,478.0,535.6,593.0,647.4,711.0,747.0,791.0,913.0,1097.0,inferred
Glasgow City,2021-09-27,208.4,292.9,363.6,388.0,411.7,459.0,507.0,553.0,615.3,646.0,677.2,790.1,996.6,inferred
Glasgow City,2021-09-28,239.5,321.8,388.8,416.0,452.0,501.0,552.5,606.0,667.0,710.0,743.4,861.0,1060.5,inferred
Glasgow City,2021-09-29,268.5,378.9,457.8,492.8,528.7,585.0,639.0,692.0,752.0,790.2,832.0,951.1,1172.1,inferred
Glasgow City,2021-09-30,214.5,294.9,362.8,391.8,416.0,468.0,513.5,561.0,621.3,661.0,700.2,822.2,997.6,inferred
Glasgow City,2021-10-01,219.0,309.9,378.0,408.0,434.0,489.0,540.5,589.0,652.3,685.0,723.0,833.0,1032.7,inferred
Glasgow City,2021-10-02,255.0,352.0,430.0,469.8,493.0,551.0,601.0,666.0,722.3,755.2,803.2,923.2,1180.1,inferred
Glasgow City,2021-10-03,255.5,334.9,400.8,427.0,457.7,511.0,560.0,614.0,686.0,717.2,766.0,880.3,1079.0,inferred
Glasgow City,2021-10-04,183.9,259.0,321.0,348.0,374.0,420.0,461.5,520.0,581.0,618.0,655.2,770.1,929.5,inferred
Glasgow City,2021-10-05,196.5,285.9,343.0,368.0,396.7,443.6,491.0,541.8,604.3,636.2,675.2,791.2,973.0,inferred
Glasgow City,2021-10-06,231.9,325.8,401.0,444.5,475.0,527.6,577.0,625.0,691.0,725.0,771.0,891.2,1096.0,inferred
Glasgow City,2021-10-07,182.0,256.9,324.8,349.8,374.0,419.0,471.0,523.0,574.3,614.0,652.0,752.1,931.1,inferred
Glasgow City,2021-10-08,190.9,278.0,344.0,372.0,392.0,439.0,484.0,534.8,599.0,639.0,675.2,771.1,964.5,inferred
Glasgow City,2021-10-09,230.0,318.9,392.8,424.0,449.7,501.0,557.0,611.0,673.0,715.0,765.0,877.3,1077.0,inferred
Glasgow City,2021-10-10,195.9,288.0,348.0,378.8,405.0,453.0,505.0,556.0,615.0,649.0,690.4,806.0,988.5,inferred
Glasgow City,2021-10-11,149.4,228.8,282.0,304.0,331.0,384.0,429.5,474.0,529.3,555.0,595.0,707.4,873.0,inferred
Glasgow City,2021-10-12,155.9,247.0,306.8,337.0,362.7,406.6,453.0,505.0,560.3,597.0,633.0,741.0,907.1,inferred
Glasgow City,2021-10-13,214.0,298.0,363.8,391.8,417.7,470.2,529.0,585.0,654.0,692.0,734.0,845.0,1058.6,inferred
Glasgow City,2021-10-14,157.5,233.9,301.0,329.8,349.0,400.0,448.0,497.0,555.3,592.0,626.2,736.0,899.5,inferred
Glasgow City,2021-10-15,162.9,244.0,298.8,332.0,359.0,405.0,448.0,500.0,558.0,598.0,637.0,763.1,974.8,inferred
Gloucester,2021-07-03,25.5,32.0,38.0,40.0,42.0,46.0,50.0,54.0,59.0,61.0,63.0,72.0,85.5,inferred
Gloucester,2021-07-04,28.0,35.0,40.0,42.0,44.0,47.0,51.0,55.0,60.0,63.0,66.0,75.0,88.5,inferred
Gloucester,2021-07-05,39.5,50.0,56.0,59.0,62.0,67.0,72.0,76.4,82.0,85.0,88.0,97.0,112.0,inferred
Gloucester,2021-07-06,42.0,52.0,59.0,62.0,65.0,69.0,73.0,78.0,83.0,86.0,90.0,98.0,115.5,inferred
Gloucester,2021-07-07,42.0,53.0,60.0,62.0,65.0,70.0,74.0,79.0,84.0,87.0,91.0,101.0,116.0,inferred
Gloucester,2021-07-08,42.0,53.0,60.0,64.0,66.0,70.6,76.0,81.0,86.0,90.0,93.0,101.0,119.0,inferred
Gloucester,2021-07-09,40.5,50.9,57.8,60.0,62.0,67.0,71.0,76.0,81.0,85.0,89.0,99.0,112.0,inferred
Gloucester,2021-07-10,33.0,41.0,48.0,51.0,53.0,58.0,62.0,66.0,71.0,74.0,77.0,87.0,101.5,inferred
Gloucester,2021-07-11,36.0,46.0,53.0,55.0,57.0,62.0,66.0,70.0,75.3,79.0,81.0,91.0,109.0,inferred
Gloucester,2021-07-12,56.0,69.0,77.0,80.0,83.0,89.0,95.0,101.0,107.0,110.0,115.0,127.0,145.5,inferred
Gloucester,2021-07-13,58.5,71.0,78.0,82.0,85.0,91.0,97.0,103.0,110.0,114.0,117.0,129.0,148.0,inferred
Gloucester,2021-07-14,58.0,68.0,76.0,79.0,82.0,89.0,95.0,100.0,106.0,110.0,114.0,126.0,142.5,inferred
Gloucester,2021-07-15,53.0,66.0,73.0,76.0,79.0,84.0,89.5,95.0,101.0,104.0,108.0,119.0,137.0,inferred
Gloucester,2021-07-16,46.0,58.0,65.0,68.0,70.7,76.0,81.0,85.0,91.0,94.0,98.0,109.0,127.5,inferred
Gloucester,2021-07-17,35.0,43.0,50.0,53.0,56.0,61.0,66.0,71.0,76.0,79.0,82.0,93.0,108.0,inferred
Gloucester,2021-07-18,35.0,45.0,51.0,54.0,56.0,61.0,65.0,70.0,76.0,79.0,82.0,93.0,107.5,inferred
Gloucester,2021-07-19,50.0,63.0,72.0,75.0,78.0,83.0,89.0,94.4,101.0,104.0,108.0,120.0,137.0,inferred
Gloucester,2021-07-20,52.0,62.0,70.0,73.0,75.0,81.0,86.0,93.0,98.0,102.0,105.0,116.0,133.0,inferred
Gloucester,2021-07-21,46.5,55.0,64.0,66.0,69.0,74.0,78.0,84.0,90.0,93.0,97.0,107.0,124.5,inferred
Gloucester,2021-07-22,43.0,51.0,58.0,61.0,63.0,69.0,73.0,78.0,83.0,86.0,89.0,99.0,115.0,inferred
Gloucester,2021-07-23,34.0,42.0,48.0,52.0,54.0,59.0,63.0,67.0,72.0,75.0,78.0,88.0,103.5,inferred
Gloucester,2021-07-24,24.0,31.0,37.8,40.0,42.0,46.0,50.0,53.0,58.0,60.0,64.0,72.0,86.0,inferred
Gloucester,2021-07-25,22.0,30.0,36.0,38.0,40.0,44.0,48.0,52.0,57.0,59.0,62.0,69.0,83.5,inferred
Gloucester,2021-07-26,32.0,41.9,48.0,50.0,53.0,57.0,62.0,67.0,71.0,75.0,78.0,87.0,104.5,inferred
Gloucester,2021-07-27,33.0,41.0,47.0,50.0,53.0,57.0,62.0,66.0,71.0,74.0,77.0,86.0,102.0,inferred
Gloucester,2021-07-28,32.0,41.0,47.0,49.0,52.0,56.0,61.0,66.0,70.3,73.0,76.0,86.0,100.0,inferred
Gloucester,2021-07-29,32.0,40.0,47.0,50.0,52.0,56.0,60.0,65.0,70.0,73.0,75.0,84.0,100.0,inferred
Gloucester,2021-07-30,30.0,38.0,43.0,46.0,48.0,52.0,56.0,60.0,65.0,69.0,72.0,81.1,94.0,inferred
Gloucester,2021-07-31,24.0,30.9,36.0,38.0,40.0,43.0,47.0,51.0,56.0,58.0,62.0,69.0,80.5,inferred
Gloucester,2021-08-01,25.0,33.0,39.0,41.0,43.0,46.0,50.0,54.0,58.0,61.0,64.0,72.0,84.0,inferred
Gloucester,2021-08-02,39.5,49.0,55.0,58.0,60.0,65.0,70.0,75.0,80.0,83.0,86.0,97.0,111.0,inferred
Gloucester,2021-08-03,39.0,50.0,57.0,60.0,62.7,67.0,71.0,77.0,82.0,85.0,89.0,99.1,115.0,inferred
Gloucester,2021-08-04,39.0,48.0,56.0,58.0,61.0,65.0,71.0,76.0,82.0,85.0,88.0,97.0,113.5,inferred
Gloucester,2021-08-05,39.0,48.0,55.0,57.0,60.0,64.0,69.0,74.0,80.0,83.0,86.0,96.0,110.0,inferred
Gloucester,2021-08-06,33.0,44.0,50.0,52.0,55.0,59.0,64.0,69.0,74.0,76.0,80.0,89.0,106.0,inferred
Gloucester,2021-08-07,26.0,34.0,39.0,42.0,44.0,50.0,53.0,57.0,63.0,65.0,68.0,77.0,90.0,inferred
Gloucester,2021-08-08,29.0,37.0,43.0,45.0,47.0,51.0,56.0,60.0,65.0,68.0,71.0,79.0,94.0,inferred
Gloucester,2021-08-09,43.0,53.0,61.0,63.0,66.0,71.0,77.0,82.0,88.0,91.0,95.0,107.0,126.5,inferred
Gloucester,2021-08-10,44.5,56.0,63.0,67.0,69.0,74.0,79.0,85.0,91.0,94.0,98.0,108.0,123.0,inferred
Gloucester,2021-08-11,44.0,56.0,62.0,64.0,67.0,73.0,78.0,82.0,88.0,91.0,96.0,105.0,122.0,inferred
Gloucester,2021-08-12,43.0,55.0,62.0,64.0,67.0,72.0,77.0,83.0,88.0,92.0,96.0,106.0,122.5,inferred
Gloucester,2021-08-13,40.0,49.0,56.0,59.0,61.0,66.0,70.0,75.0,81.0,84.0,87.0,97.0,113.0,inferred
Gloucester,2021-08-14,32.0,39.0,46.0,48.0,51.0,55.0,60.0,64.0,70.0,73.0,76.0,85.0,99.0,inferred
Gloucester,2021-08-15,33.0,42.0,49.0,52.0,54.0,58.0,62.0,66.0,71.0,74.0,77.0,86.1,102.0,inferred
Gloucester,2021-08-16,49.0,61.0,69.0,72.0,75.0,80.0,86.0,90.0,96.0,99.0,103.0,114.0,132.0,inferred
Gloucester,2021-08-17,48.0,59.0,67.0,71.0,74.0,80.0,85.0,90.0,96.0,100.0,105.0,115.0,133.0,inferred
Gloucester,2021-08-18,46.0,57.0,64.0,68.0,70.0,75.0,81.0,86.0,91.0,96.0,100.0,110.0,126.0,inferred
Gloucester,2021-08-19,42.0,52.0,59.0,61.8,64.0,70.0,74.0,79.0,84.0,87.0,91.0,101.0,117.0,inferred
Gloucester,2021-08-20,36.0,44.0,51.0,54.0,56.0,60.0,64.0,69.0,74.0,78.0,80.2,90.0,106.0,inferred
Gloucester,2021-08-21,26.0,33.0,38.0,41.0,43.0,47.0,51.0,55.0,59.0,62.0,64.2,73.0,87.0,inferred
Gloucester,2021-08-22,24.0,32.0,38.0,40.0,42.0,46.0,50.0,54.0,58.0,61.0,64.0,71.0,84.5,inferred
Gloucester,2021-08-23,37.0,46.0,52.0,55.0,57.0,62.0,66.0,71.0,75.0,78.0,82.0,92.0,107.0,inferred
Gloucester,2021-08-24,36.0,45.0,51.0,54.0,56.0,61.0,66.0,70.0,76.0,79.0,82.0,91.0,106.5,inferred
Gloucester,2021-08-25,35.0,44.0,51.0,53.0,55.0,60.0,65.0,69.0,75.0,79.0,82.0,92.0,108.5,inferred
Gloucester,2021-08-26,33.5,42.0,49.0,52.0,54.0,59.0,63.0,68.0,72.0,75.0,78.0,88.0,101.5,inferred
Gloucester,2021-08-27,31.0,39.0,45.0,48.0,49.0,54.0,58.0,62.0,67.0,70.0,73.2,82.0,96.0,inferred
Gloucester,2021-08-28,24.0,30.0,35.0,38.0,40.0,44.0,48.0,51.0,55.0,58.0,61.0,68.0,82.0,inferred
Gloucester,2021-08-29,24.0,33.0,39.0,41.0,43.0,47.0,51.0,54.0,59.0,62.0,65.0,73.0,87.5,inferred
Gloucester,2021-08-30,39.0,48.0,55.0,57.0,60.0,64.0,69.0,73.0,79.0,82.0,85.0,94.1,110.5,inferred
Gloucester,2021-08-31,35.0,47.0,53.0,56.0,58.0,64.0,68.0,73.0,79.0,82.0,86.0,95.1,111.0,inferred
Gloucester,2021-09-01,33.5,42.0,49.0,52.0,54.0,58.0,63.0,68.0,73.0,76.0,79.0,88.0,104.0,inferred
Gloucester,2021-09-02,31.0,39.0,44.0,47.0,49.0,53.0,57.0,62.0,67.0,70.0,73.0,82.0,95.0,inferred
Gloucester,2021-09-03,24.5,32.0,38.0,40.0,42.0,46.0,49.0,54.0,58.0,61.0,65.0,73.0,88.0,inferred
Gloucester,2021-09-04,17.0,22.0,28.0,30.0,31.0,35.0,38.0,42.0,46.0,48.0,51.0,59.0,69.0,inferred
Gloucester,2021-09-05,16.0,22.0,27.0,29.0,30.0,34.0,38.0,41.0,45.0,47.0,49.0,57.0,67.5,inferred
Gloucester,2021-09-06,22.0,29.0,34.0,36.0,39.0,43.0,47.0,51.0,55.0,58.0,60.0,69.0,85.5,inferred
Gloucester,2021-09-07,20.0,28.0,33.0,35.0,36.0,41.0,44.0,49.0,53.0,55.0,58.0,66.0,80.0,inferred
Gloucester,2021-09-08,18.0,23.0,28.0,30.0,32.0,35.0,38.0,42.0,46.0,49.0,51.2,59.0,70.5,inferred
Gloucester,2021-09-09,14.0,20.0,24.0,26.0,28.0,31.0,34.0,37.0,41.0,43.0,46.0,52.0,65.0,inferred
Gloucester,2021-09-10,10.0,15.0,19.0,20.0,22.0,25.0,28.0,30.0,34.0,36.0,39.0,46.0,56.0,inferred
Gloucester,2021-09-11,6.0,10.0,13.0,14.0,15.0,17.0,20.0,22.0,25.0,26.0,28.0,34.0,44.5,inferred
Gloucester,2021-09-12,5.0,8.0,11.0,12.0,14.0,16.0,18.0,21.0,24.0,25.0,28.0,34.0,44.0,inferred
Gloucester,2021-09-13,7.0,12.0,15.0,17.0,18.0,21.0,23.0,26.0,30.0,32.0,34.0,40.0,52.0,inferred
Gloucester,2021-09-14,8.0,12.9,15.0,17.0,18.0,21.0,23.0,26.0,29.0,31.0,33.0,40.0,49.0,inferred
Gloucester,2021-09-15,8.0,13.0,16.0,18.0,19.0,22.0,24.0,27.0,31.0,33.0,35.0,40.0,52.0,inferred
Gloucester,2021-09-16,9.0,14.0,17.0,18.0,20.0,23.0,25.0,28.0,32.0,34.0,36.0,42.0,53.0,inferred
Gloucester,2021-09-17,9.0,13.9,18.0,19.0,20.0,23.0,25.0,28.0,31.0,33.0,35.0,41.0,52.0,inferred
Gloucester,2021-09-18,7.0,11.0,14.0,16.0,17.0,19.0,21.0,24.0,27.0,29.0,31.0,37.0,46.0,inferred
Gloucester,2021-09-19,8.0,12.0,15.0,17.0,18.0,21.0,24.0,26.0,30.0,32.0,34.0,40.0,52.0,inferred
Gloucester,2021-09-20,13.5,19.0,24.0,26.0,28.0,31.0,34.0,38.0,42.0,44.0,47.0,54.0,65.0,inferred
Gloucester,2021-09-21,15.0,20.0,24.0,26.0,28.0,32.0,35.0,38.0,42.0,44.0,47.0,54.0,66.0,inferred
Gloucester,2021-09-22,12.0,18.0,22.0,24.0,26.0,29.0,32.0,35.0,39.0,41.0,43.0,51.0,62.0,inferred
Gloucester,2021-09-23,11.0,17.0,21.0,23.0,24.0,28.0,31.0,34.0,37.0,39.0,42.0,49.0,60.5,inferred
Gloucester,2021-09-24,10.0,14.0,18.0,19.0,21.0,24.0,27.0,29.0,32.0,34.0,37.0,43.0,54.0,inferred
Gloucester,2021-09-25,6.0,10.0,13.0,14.0,15.0,18.0,20.0,23.0,26.0,28.0,30.0,35.0,46.0,inferred
Gloucester,2021-09-26,6.0,10.0,13.0,14.0,15.0,17.0,19.0,22.0,25.0,27.0,29.0,34.1,43.0,inferred
Gloucester,2021-09-27,9.0,14.0,17.0,19.0,21.0,23.0,26.0,29.0,32.0,34.0,37.0,43.0,54.0,inferred
Gloucester,2021-09-28,9.0,13.0,17.0,18.0,20.0,22.0,25.0,28.0,31.0,33.0,35.0,42.0,52.0,inferred
Gloucester,2021-09-29,8.0,12.0,16.0,17.0,18.7,21.0,24.0,26.0,29.0,30.2,32.2,39.0,52.0,inferred
Gloucester,2021-09-30,6.0,10.0,13.0,15.0,16.0,19.0,22.0,24.0,27.0,29.0,31.0,37.0,48.0,inferred
Gloucester,2021-10-01,5.0,8.0,12.0,13.0,14.0,16.0,19.0,21.0,24.0,25.0,27.0,32.0,43.0,inferred
Gloucester,2021-10-02,3.0,6.0,8.0,9.0,10.0,12.0,14.0,16.0,19.0,20.0,22.0,26.0,35.0,inferred
Gloucester,2021-10-03,3.0,5.0,8.0,9.0,10.0,12.0,13.0,15.0,18.0,20.0,21.0,26.0,34.0,inferred
Gloucester,2021-10-04,5.0,8.0,11.0,12.8,14.0,16.0,18.0,21.0,23.0,25.0,27.0,33.0,42.0,inferred
Gloucester,2021-10-05,6.0,9.0,13.0,14.0,15.0,17.0,20.0,22.0,26.0,28.0,29.0,34.0,45.0,inferred
Gloucester,2021-10-06,6.0,10.0,14.0,15.0,17.0,20.0,22.0,25.0,29.0,30.0,32.0,38.0,48.0,inferred
Gloucester,2021-10-07,10.0,15.0,19.0,20.0,22.0,24.0,27.0,30.0,33.0,35.0,38.0,44.0,57.0,inferred
Gloucester,2021-10-08,11.0,15.0,19.0,20.0,22.0,25.0,28.0,31.0,35.0,37.0,39.0,45.0,58.0,inferred
Gloucester,2021-10-09,11.0,15.0,18.8,20.0,22.0,24.0,27.0,30.0,33.0,35.0,37.0,44.0,55.5,inferred
Gloucester,2021-10-10,12.0,18.0,22.8,24.0,26.0,29.0,33.0,36.0,40.0,43.0,46.0,52.0,64.0,inferred
Gloucester,2021-10-11,26.0,34.0,40.0,42.0,44.7,48.0,53.0,57.0,62.0,65.0,68.0,76.0,90.5,inferred
Gloucester,2021-10-12,40.0,49.0,57.0,59.0,62.0,66.6,71.0,76.0,82.0,85.0,87.0,97.0,112.0,inferred
Gloucester,2021-10-13,59.0,72.9,81.8,85.0,89.0,95.0,100.0,106.0,112.0,115.0,119.0,130.0,150.0,inferred
Gloucester,2021-10-14,88.0,102.0,113.0,117.0,121.0,129.0,136.0,143.0,151.0,155.2,160.0,173.0,194.0,inferred
Gloucester,2021-10-15,112.5,133.0,145.0,150.0,156.0,166.0,174.0,183.0,192.0,199.0,205.0,222.0,250.0,inferred
Gosport,2021-07-03,2.0,4.0,6.0,6.0,7.0,8.0,9.0,11.0,12.0,13.0,14.0,17.0,22.0,inferred
Gosport,2021-07-04,3.0,6.0,7.0,8.0,9.0,10.0,12.0,13.0,15.0,16.0,17.0,20.0,25.0,inferred
Gosport,2021-07-05,8.0,11.0,13.0,14.0,15.0,17.0,19.0,21.0,23.0,25.0,26.0,30.0,37.5,inferred
Gosport,2021-07-06,9.0,13.0,15.0,17.0,17.0,19.0,21.0,23.0,25.0,27.0,29.0,33.0,39.0,inferred
Gosport,2021-07-07,12.0,15.0,19.0,20.0,21.0,23.0,25.0,27.0,30.0,31.0,33.0,37.0,44.0,inferred
Gosport,2021-07-08,13.0,18.0,21.0,22.0,24.0,26.0,28.0,30.0,33.0,34.0,36.0,41.0,48.5,inferred
Gosport,2021-07-09,14.0,20.0,23.0,24.0,25.0,27.0,30.0,32.0,34.0,36.0,37.0,42.0,50.0,inferred
Gosport,2021-07-10,15.0,19.0,23.0,24.0,25.0,28.0,30.0,32.0,34.0,36.0,37.0,41.0,48.0,inferred
Gosport,2021-07-11,18.0,23.0,27.0,28.0,29.0,32.0,34.0,37.0,39.0,41.0,43.0,47.0,55.0,inferred
Gosport,2021-07-12,32.0,39.0,43.0,45.0,47.0,50.0,53.0,56.0,60.0,62.0,64.0,70.0,79.0,inferred
Gosport,2021-07-13,33.0,41.0,45.0,47.0,48.0,52.0,55.0,58.0,61.0,63.0,65.0,71.0,81.0,inferred
Gosport,2021-07-14,35.0,41.9,46.0,48.0,50.0,53.0,56.0,59.0,63.0,65.0,67.0,74.0,83.0,inferred
Gosport,2021-07-15,32.5,39.0,44.0,46.0,47.0,50.0,53.0,56.0,59.0,61.0,62.0,67.0,77.0,inferred
Gosport,2021-07-16,28.0,34.9,39.0,41.0,42.0,46.0,48.0,52.0,55.0,57.0,59.0,65.0,72.0,inferred
Gosport,2021-07-17,23.0,29.0,33.0,34.0,36.0,38.0,41.0,44.0,46.0,48.0,50.0,55.0,63.0,inferred
Gosport,2021-07-18,23.5,29.0,33.0,35.0,36.0,39.0,41.0,44.0,47.0,48.0,50.0,55.1,64.0,inferred
Gosport,2021-07-19,32.0,39.0,44.0,46.0,48.0,51.0,54.0,57.0,61.0,63.0,65.0,70.0,79.0,inferred
Gosport,2021-07-20,30.0,36.0,41.0,43.0,45.0,48.0,50.0,53.0,56.0,58.0,60.0,66.0,77.0,inferred
Gosport,2021-07-21,29.0,34.0,38.0,40.0,42.0,45.0,47.0,50.0,53.0,55.0,57.0,63.0,73.0,inferred
Gosport,2021-07-22,24.0,29.0,33.0,35.0,36.0,39.0,41.0,44.0,47.0,49.0,51.0,57.0,64.0,inferred
Gosport,2021-07-23,19.0,25.0,28.0,30.0,31.0,34.0,36.0,38.0,41.0,43.0,44.0,49.0,57.0,inferred
Gosport,2021-07-24,14.0,18.0,21.0,23.0,24.0,26.0,28.0,30.0,33.0,35.0,36.0,41.0,48.0,inferred
Gosport,2021-07-25,13.0,17.0,20.0,22.0,23.0,25.0,27.0,29.0,31.0,33.0,35.0,38.0,45.0,inferred
Gosport,2021-07-26,18.0,23.0,27.0,28.0,29.0,32.0,34.0,36.0,39.0,41.0,43.0,47.0,54.0,inferred
Gosport,2021-07-27,16.0,21.0,25.0,26.0,27.0,30.0,32.0,34.0,37.0,38.2,40.0,44.0,52.0,inferred
Gosport,2021-07-28,17.0,22.0,25.0,26.0,27.7,30.0,32.0,35.0,37.0,39.0,41.0,45.1,52.0,inferred
Gosport,2021-07-29,16.0,21.0,25.0,26.0,27.0,29.0,32.0,34.0,37.0,38.0,40.0,44.0,51.0,inferred
Gosport,2021-07-30,15.0,19.0,23.0,24.0,25.0,27.6,30.0,32.0,34.0,36.0,38.0,42.0,51.0,inferred
Gosport,2021-07-31,13.0,16.0,20.0,21.0,22.0,24.0,26.0,28.0,31.0,32.0,33.0,37.0,45.0,inferred
Gosport,2021-08-01,13.0,17.0,20.0,22.0,23.0,25.0,27.0,30.0,32.0,33.0,34.0,39.0,46.0,inferred
Gosport,2021-08-02,20.0,25.0,29.0,31.0,32.0,34.0,37.0,40.0,43.0,45.0,47.0,52.0,60.0,inferred
Gosport,2021-08-03,20.0,24.0,29.0,30.0,31.0,34.0,37.0,39.0,42.0,43.0,45.0,50.0,59.0,inferred
Gosport,2021-08-04,21.0,26.0,30.8,32.0,33.0,36.0,38.0,40.0,43.0,45.0,47.0,51.0,59.0,inferred
Gosport,2021-08-05,20.0,25.0,29.0,30.0,31.0,34.0,36.0,39.0,42.0,43.0,45.0,51.0,60.0,inferred
Gosport,2021-08-06,19.0,24.0,28.0,29.0,30.0,33.0,35.0,37.0,40.0,42.0,44.0,49.0,56.0,inferred
Gosport,2021-08-07,15.0,20.0,24.0,25.0,26.0,29.0,31.0,33.0,35.3,37.0,39.0,43.0,50.0,inferred
Gosport,2021-08-08,17.0,22.0,25.0,27.0,28.0,30.0,32.0,34.0,37.0,39.0,40.2,45.0,53.0,inferred
Gosport,2021-08-09,25.0,31.0,35.0,37.0,39.0,41.0,44.0,47.0,50.0,52.0,54.0,59.0,69.0,inferred
Gosport,2021-08-10,25.0,31.0,36.0,37.0,39.0,41.0,44.0,47.0,50.0,52.0,54.0,59.1,68.0,inferred
Gosport,2021-08-11,26.0,32.0,36.0,38.0,40.0,42.0,45.0,48.0,51.0,53.0,55.0,59.0,70.0,inferred
Gosport,2021-08-12,25.0,31.0,35.0,37.0,38.0,41.0,44.0,47.0,50.0,52.0,54.0,59.0,67.0,inferred
Gosport,2021-08-13,24.0,29.0,32.0,34.0,36.0,38.0,41.0,44.0,46.3,48.0,50.0,56.0,65.0,inferred
Gosport,2021-08-14,20.0,25.0,28.0,30.0,31.0,34.0,36.0,39.0,41.0,43.0,45.0,49.1,57.0,inferred
Gosport,2021-08-15,21.0,26.0,30.0,31.0,33.0,35.0,38.0,41.0,43.0,45.0,47.0,52.0,58.5,inferred
Gosport,2021-08-16,30.0,37.0,42.0,44.0,46.0,49.0,51.0,55.0,58.0,60.0,62.0,68.0,76.0,inferred
Gosport,2021-08-17,30.0,36.0,40.0,42.0,44.0,47.0,50.0,53.0,56.0,58.0,60.0,66.0,75.0,inferred
Gosport,2021-08-18,30.0,37.0,41.0,43.0,44.0,47.6,51.0,53.0,56.0,58.0,60.0,65.1,75.0,inferred
Gosport,2021-08-19,28.0,34.0,38.0,40.0,42.0,44.0,47.0,50.0,53.0,55.0,57.0,62.0,70.0,inferred
Gosport,2021-08-20,26.0,32.0,35.0,37.0,38.0,41.0,44.0,47.0,49.0,51.0,53.0,59.0,68.0,inferred
Gosport,2021-08-21,20.0,26.0,30.0,31.0,32.0,34.0,37.0,40.0,43.0,45.0,46.0,51.0,59.0,inferred
Gosport,2021-08-22,21.0,27.0,30.0,32.0,33.0,36.0,38.0,41.0,44.0,45.0,48.0,52.0,62.0,inferred
Gosport,2021-08-23,32.0,38.0,42.0,44.0,46.0,49.0,51.0,55.0,58.0,60.0,62.0,68.0,78.0,inferred
Gosport,2021-08-24,30.5,37.0,41.0,42.0,44.0,47.0,50.0,53.0,56.0,58.0,60.0,66.0,76.0,inferred
Gosport,2021-08-25,30.0,37.0,41.0,43.0,44.0,47.0,50.0,53.0,56.0,58.0,60.0,66.0,76.0,inferred
Gosport,2021-08-26,28.0,34.9,39.0,41.0,42.0,45.0,48.0,51.0,54.0,56.0,58.0,64.0,73.0,inferred
Gosport,2021-08-27,27.0,33.0,37.0,38.0,39.0,42.0,45.0,47.0,51.0,52.0,54.0,59.0,68.0,inferred
Gosport,2021-08-28,21.0,26.0,30.0,32.0,33.0,36.0,38.0,41.0,43.0,45.0,47.0,52.0,60.0,inferred
Gosport,2021-08-29,22.0,28.0,31.0,33.0,34.0,37.0,40.0,42.0,45.0,47.0,48.0,53.0,62.5,inferred
Gosport,2021-08-30,32.0,39.0,44.0,45.8,47.0,50.0,53.0,57.0,60.0,61.0,63.2,70.0,80.0,inferred
Gosport,2021-08-31,32.0,38.0,43.0,45.0,46.0,49.0,52.0,55.0,58.0,60.0,62.0,68.1,78.0,inferred
Gosport,2021-09-01,32.0,38.0,42.8,44.0,46.0,49.0,52.0,55.0,58.0,60.0,62.0,68.0,76.0,inferred
Gosport,2021-09-02,29.0,35.0,39.0,41.0,42.0,45.0,47.0,51.0,54.0,56.0,58.0,64.0,72.0,inferred
Gosport,2021-09-03,25.0,31.0,35.0,36.8,38.0,41.0,43.0,46.0,49.0,51.0,53.0,58.0,67.5,inferred
Gosport,2021-09-04,20.0,24.0,28.0,30.0,31.0,34.0,36.0,38.0,41.0,42.0,44.0,50.0,58.0,inferred
Gosport,2021-09-05,19.0,24.0,28.0,30.0,31.0,34.0,36.0,39.0,42.0,44.0,45.0,49.1,57.0,inferred
Gosport,2021-09-06,27.0,33.0,37.0,39.0,41.0,44.0,47.0,50.0,53.0,55.0,57.0,63.0,72.0,inferred
Gosport,2021-09-07,24.0,30.0,34.0,36.0,38.0,40.0,43.0,46.0,49.0,51.0,53.0,59.0,68.0,inferred
Gosport,2021-09-08,22.5,28.0,32.0,34.0,35.0,38.0,40.5,43.0,46.0,48.0,50.0,56.0,64.0,inferred
Gosport,2021-09-09,20.0,26.0,30.0,31.0,33.0,35.0,38.0,41.0,43.0,45.0,47.0,52.0,60.0,inferred
Gosport,2021-09-10,16.5,22.0,26.0,27.0,28.0,31.0,33.0,35.0,38.0,40.0,42.0,46.0,55.0,inferred
Gosport,2021-09-11,13.0,17.0,20.0,21.0,23.0,25.0,27.0,29.0,32.0,33.0,34.0,38.0,45.0,inferred
Gosport,2021-09-12,12.0,17.0,20.0,21.0,22.0,24.0,26.0,29.0,31.0,32.0,34.0,38.0,45.0,inferred
Gosport,2021-09-13,18.0,24.0,27.0,29.0,30.0,33.0,35.0,37.0,40.0,41.0,43.0,48.0,58.0,inferred
Gosport,2021-09-14,18.0,23.0,26.0,28.0,29.0,31.0,34.0,36.0,39.0,41.0,42.0,47.0,55.0,inferred
Gosport,2021-09-15,19.0,24.0,27.0,29.0,30.0,33.0,35.0,38.0,41.0,42.0,44.0,48.0,55.0,inferred
Gosport,2021-09-16,19.0,24.0,27.0,29.0,30.0,32.0,35.0,37.4,40.0,42.0,43.0,49.0,58.0,inferred
Gosport,2021-09-17,18.0,22.9,26.0,27.0,29.0,31.0,33.0,36.0,38.0,40.0,42.0,46.0,56.0,inferred
Gosport,2021-09-18,14.0,19.0,22.0,24.0,25.0,27.0,30.0,32.0,34.0,35.0,37.0,41.1,49.0,inferred
Gosport,2021-09-19,16.0,21.0,24.0,25.0,26.0,29.0,31.0,33.0,36.0,37.0,39.0,44.0,51.0,inferred
Gosport,2021-09-20,25.0,30.0,34.0,36.0,37.0,40.0,43.0,46.0,48.0,50.0,52.0,57.1,66.0,inferred
Gosport,2021-09-21,25.0,30.0,34.0,36.0,37.0,40.0,43.0,45.0,49.0,50.0,52.0,57.0,67.5,inferred
Gosport,2021-09-22,26.0,32.0,36.0,38.0,40.0,43.0,45.0,48.0,51.0,52.0,54.0,60.0,69.0,inferred
Gosport,2021-09-23,25.0,31.0,35.0,36.8,38.0,41.0,43.5,46.0,50.0,51.0,53.0,58.0,67.5,inferred
Gosport,2021-09-24,25.0,30.0,34.0,36.0,37.0,40.0,42.0,45.0,48.0,49.0,51.0,56.1,64.5,inferred
Gosport,2021-09-25,21.0,25.0,29.0,30.0,31.0,34.0,37.0,39.0,42.0,43.0,45.2,51.0,58.0,inferred
Gosport,2021-09-26,22.0,27.0,31.0,33.0,34.0,36.0,40.0,42.0,45.0,46.0,48.0,53.0,63.0,inferred
Gosport,2021-09-27,33.0,40.0,45.0,46.0,48.0,51.0,54.0,57.0,61.0,63.0,65.0,71.0,80.0,inferred
Gosport,2021-09-28,33.0,39.0,45.0,46.0,48.0,51.0,55.0,58.0,62.0,64.0,66.0,71.0,81.0,inferred
Gosport,2021-09-29,34.0,41.0,46.0,47.8,49.0,52.0,56.0,59.0,62.0,64.0,66.0,72.0,82.0,inferred
Gosport,2021-09-30,33.0,40.0,45.0,47.0,48.0,51.0,54.0,57.0,61.0,63.0,65.0,71.0,81.0,inferred
Gosport,2021-10-01,31.0,38.0,43.0,44.0,46.0,49.0,52.0,55.0,59.0,60.0,62.0,67.0,76.0,inferred
Gosport,2021-10-02,27.0,33.0,37.0,39.0,40.0,43.0,45.0,48.0,51.0,53.0,54.0,59.0,68.0,inferred
Gosport,2021-10-03,28.0,35.0,39.0,41.0,42.0,45.0,48.0,51.0,54.0,56.0,58.0,63.0,73.0,inferred
Gosport,2021-10-04,43.0,51.0,55.0,58.0,60.0,63.0,66.0,70.0,74.0,76.0,78.0,85.0,95.5,inferred
Gosport,2021-10-05,44.0,52.0,57.0,59.0,61.0,64.0,68.0,72.0,75.0,78.0,81.0,87.0,97.5,inferred
Gosport,2021-10-06,46.0,55.0,61.0,64.0,66.0,69.0,73.0,76.0,79.0,81.0,84.0,92.0,102.0,inferred
Gosport,2021-10-07,48.0,56.0,62.0,64.0,66.0,69.0,73.0,77.0,81.0,83.0,86.0,93.0,103.0,inferred
Gosport,2021-10-08,49.0,56.0,61.0,64.0,66.0,69.0,72.0,76.0,80.0,82.0,85.0,92.0,102.5,inferred
Gosport,2021-10-09,42.0,50.0,55.0,57.0,59.0,63.0,66.0,69.0,73.0,75.0,77.0,84.0,95.0,inferred
Gosport,2021-10-10,46.5,54.0,59.0,62.0,64.0,67.0,71.0,74.0,78.0,81.0,83.0,90.0,99.0,inferred
Gosport,2021-10-11,72.0,81.0,87.0,90.0,93.0,96.0,101.0,105.0,110.0,113.0,116.0,125.0,138.0,inferred
Gosport,2021-10-12,71.0,80.9,87.0,90.0,92.0,96.0,100.0,105.0,109.0,112.0,114.0,122.0,134.5,inferred
Gosport,2021-10-13,71.0,82.0,89.0,93.0,95.0,100.0,103.5,108.0,113.0,116.0,118.0,126.0,140.0,inferred
Gosport,2021-10-14,70.0,79.0,86.0,89.0,91.0,96.0,100.0,104.0,109.0,112.0,115.0,122.0,136.0,inferred
Gosport,2021-10-15,63.0,73.0,80.0,83.0,85.0,89.0,94.0,98.0,103.0,105.0,108.0,117.0,128.0,inferred
Grampian,2021-07-03,99.5,139.0,172.0,183.0,194.0,217.0,242.0,267.4,292.0,305.0,324.2,376.0,471.5,inferred
Grampian,2021-07-04,83.5,127.0,160.0,171.0,182.0,202.0,222.0,247.0,276.0,293.2,308.0,353.0,453.0,inferred
Grampian,2021-07-05,66.5,100.0,126.0,137.0,145.0,163.0,184.0,205.0,234.0,249.0,270.0,323.0,424.0,inferred
Grampian,2021-07-06,77.0,113.9,138.0,149.0,159.7,179.0,202.0,227.4,258.3,276.0,296.0,343.1,438.5,inferred
Grampian,2021-07-07,89.0,127.0,163.0,176.8,187.0,211.0,235.0,256.0,286.0,302.2,322.0,376.0,460.5,inferred
Grampian,2021-07-08,64.5,100.0,131.0,141.0,150.0,168.0,189.0,209.4,232.0,246.0,267.0,319.0,406.0,inferred
Grampian,2021-07-09,64.0,100.9,126.0,140.0,150.0,171.0,192.5,217.0,244.0,261.0,276.0,327.1,419.6,inferred
Grampian,2021-07-10,89.0,123.0,150.0,165.0,176.0,199.0,222.5,248.4,277.0,293.0,313.0,366.1,456.0,inferred
Grampian,2021-07-11,70.0,103.0,137.0,151.0,162.0,184.0,205.0,228.0,259.0,275.0,290.2,345.1,447.0,inferred
Grampian,2021-07-12,50.0,81.9,110.0,121.0,131.0,152.0,170.0,192.0,215.0,231.0,247.0,294.0,366.0,inferred
Grampian,2021-07-13,61.0,86.0,115.0,126.0,138.0,156.0,176.0,199.0,224.3,240.0,253.0,303.0,387.6,inferred
Grampian,2021-07-14,62.5,100.0,127.0,137.0,148.0,169.0,191.0,214.0,242.0,256.0,276.2,330.2,415.5,inferred
Grampian,2021-07-15,46.0,72.0,96.0,104.0,112.0,131.0,152.0,174.0,197.0,211.0,227.0,273.1,365.6,inferred
Grampian,2021-07-16,43.0,69.0,90.8,100.0,110.0,128.0,150.0,171.0,195.0,208.0,222.0,272.0,351.5,inferred
Grampian,2021-07-17,48.5,79.9,107.0,117.0,128.0,145.0,166.0,186.4,211.0,230.0,248.2,298.0,378.5,inferred
Grampian,2021-07-18,37.0,69.0,92.0,101.0,110.0,128.6,149.0,168.0,191.0,204.0,220.0,262.0,334.5,inferred
Grampian,2021-07-19,23.0,45.9,65.0,75.0,83.0,98.6,115.0,132.0,154.3,167.0,182.0,224.0,297.5,inferred
Grampian,2021-07-20,27.5,51.0,72.0,80.0,89.0,104.0,120.0,140.0,162.0,175.0,189.0,239.0,303.5,inferred
Grampian,2021-07-21,31.0,54.0,74.0,82.8,93.0,110.0,129.0,149.0,170.3,183.0,198.2,240.0,322.0,inferred
Grampian,2021-07-22,20.0,41.0,57.0,65.0,72.0,87.0,103.0,119.0,140.0,153.0,167.0,202.0,282.0,inferred
Grampian,2021-07-23,19.0,39.0,55.0,61.0,68.0,81.0,97.0,112.0,130.0,140.0,152.2,200.2,269.0,inferred
Grampian,2021-07-24,25.0,44.0,62.0,69.0,75.0,91.0,105.5,123.0,140.0,153.0,167.0,212.0,275.5,inferred
Grampian,2021-07-25,17.0,33.0,51.0,57.0,63.0,76.0,89.5,107.0,127.3,137.0,149.0,188.0,265.0,inferred
Grampian,2021-07-26,10.5,24.0,36.8,42.0,48.0,59.0,72.0,85.0,104.0,114.0,126.0,163.0,224.0,inferred
Grampian,2021-07-27,11.0,27.0,39.0,44.0,50.0,62.0,75.0,89.0,107.0,119.0,131.0,166.1,230.5,inferred
Grampian,2021-07-28,15.5,32.9,47.8,54.0,60.0,74.0,87.0,103.0,121.0,131.0,143.0,186.0,257.0,inferred
Grampian,2021-07-29,10.0,24.0,35.0,41.0,46.7,56.0,69.0,83.0,100.0,109.2,121.0,148.1,222.0,inferred
Grampian,2021-07-30,11.0,25.0,37.0,44.0,49.0,61.0,73.0,88.0,106.0,117.0,127.2,162.0,224.0,inferred
Grampian,2021-07-31,17.0,33.0,47.0,53.0,59.0,72.0,86.0,102.0,121.0,131.0,146.2,188.1,248.6,inferred
Grampian,2021-08-01,14.0,27.0,42.0,48.0,55.0,68.0,83.0,96.0,112.3,126.0,139.0,175.1,251.5,inferred
Grampian,2021-08-02,10.0,21.0,31.0,38.0,43.0,53.0,65.0,80.0,95.0,104.0,115.2,151.1,212.0,inferred
Grampian,2021-08-03,10.0,23.0,36.0,43.0,48.0,60.0,73.0,88.0,106.0,117.2,131.0,166.0,225.6,inferred
Grampian,2021-08-04,16.0,31.0,46.0,53.0,61.0,75.0,88.0,105.0,123.0,132.0,144.0,181.0,251.6,inferred
Grampian,2021-08-05,12.0,23.0,36.0,43.0,50.0,61.0,71.5,84.0,99.3,109.0,121.0,161.1,222.5,inferred
Grampian,2021-08-06,13.0,28.0,39.0,45.0,53.0,65.0,77.0,92.0,112.0,122.0,136.0,172.1,234.6,inferred
Grampian,2021-08-07,21.0,36.0,52.0,58.0,64.0,78.0,92.0,107.0,128.0,140.0,154.0,192.0,265.5,inferred
Grampian,2021-08-08,14.0,30.9,47.0,54.0,61.0,76.0,91.0,107.0,125.0,137.0,152.0,197.1,273.0,inferred
Grampian,2021-08-09,9.5,23.0,38.0,44.0,50.0,63.0,75.0,90.0,106.0,115.0,126.0,160.0,232.0,inferred
Grampian,2021-08-10,13.0,29.0,47.0,54.0,60.0,73.0,88.0,103.0,121.0,130.2,143.0,184.0,259.0,inferred
Grampian,2021-08-11,20.5,38.0,54.8,62.0,70.0,85.0,100.0,117.0,137.0,150.2,166.0,206.0,275.0,inferred
Grampian,2021-08-12,16.0,32.0,48.0,53.0,60.0,72.0,86.0,103.0,121.3,133.0,146.0,182.0,250.5,inferred
Grampian,2021-08-13,18.5,35.0,51.0,59.0,66.0,81.0,94.0,109.0,129.0,142.0,154.2,194.0,267.0,inferred
Grampian,2021-08-14,28.0,50.0,69.0,78.0,86.0,100.0,118.0,135.4,157.0,168.2,181.0,228.0,296.5,inferred
Grampian,2021-08-15,27.0,50.0,66.0,72.0,80.7,100.0,116.0,132.0,153.0,166.0,181.2,228.0,316.5,inferred
Grampian,2021-08-16,21.0,38.0,57.0,64.0,71.0,86.0,102.0,119.0,137.3,148.0,160.2,198.0,266.0,inferred
Grampian,2021-08-17,26.0,51.0,67.0,78.0,84.0,99.0,115.0,134.0,156.0,169.0,182.0,223.1,287.5,inferred
Grampian,2021-08-18,42.0,70.0,93.0,103.0,110.7,128.0,146.0,164.0,187.0,201.0,220.0,267.0,361.5,inferred
Grampian,2021-08-19,34.0,60.0,81.0,90.0,98.7,115.0,135.0,154.0,177.0,193.0,209.0,257.1,344.6,inferred
Grampian,2021-08-20,42.0,71.0,94.0,104.0,112.0,130.0,147.0,166.0,189.0,203.0,218.0,263.1,355.0,inferred
Grampian,2021-08-21,63.5,98.0,127.0,140.0,149.7,170.0,192.0,216.0,243.3,259.0,274.0,326.1,412.5,inferred
Grampian,2021-08-22,65.5,102.0,131.0,142.0,150.7,175.0,196.0,222.0,250.0,265.0,283.2,331.1,428.6,inferred
Grampian,2021-08-23,55.0,88.9,116.0,128.0,140.0,161.0,180.0,203.0,228.3,241.2,256.2,305.0,399.6,inferred
Grampian,2021-08-24,69.0,110.0,141.8,154.0,165.7,188.0,212.0,238.0,265.3,284.0,302.4,354.1,443.0,inferred
Grampian,2021-08-25,102.0,147.9,179.0,195.0,207.0,232.6,261.0,289.4,324.0,340.0,360.0,415.0,524.0,inferred
Grampian,2021-08-26,86.5,129.0,162.0,174.0,185.0,208.6,233.0,259.0,286.0,303.0,325.0,373.0,470.0,inferred
Grampian,2021-08-27,104.5,147.0,184.0,197.0,209.0,236.0,264.0,292.4,323.0,339.0,357.2,418.0,505.6,inferred
Grampian,2021-08-28,148.5,210.0,245.8,263.0,283.0,311.0,337.5,364.0,394.0,414.2,435.2,494.1,606.5,inferred
Grampian,2021-08-29,155.0,208.0,244.0,259.0,275.0,305.0,334.5,365.0,398.3,420.0,444.2,504.2,624.0,inferred
Grampian,2021-08-30,135.0,184.0,223.0,238.0,253.0,280.0,307.0,338.0,369.0,391.0,413.0,467.0,603.0,inferred
Grampian,2021-08-31,159.5,203.0,247.0,264.0,282.0,311.0,340.0,375.0,410.3,432.0,454.0,525.0,638.6,inferred
Grampian,2021-09-01,204.4,262.0,305.0,324.8,340.7,372.0,411.0,445.4,485.3,506.2,529.0,599.0,710.6,inferred
Grampian,2021-09-02,154.9,217.0,257.0,273.0,289.0,317.0,346.0,377.0,410.0,430.0,451.0,506.1,636.5,inferred
Grampian,2021-09-03,173.9,236.9,276.8,298.0,311.0,344.0,375.0,409.0,448.3,473.2,497.2,556.0,653.0,inferred
Grampian,2021-09-04,233.5,297.9,344.0,362.8,382.0,414.6,451.5,484.0,523.0,546.0,571.2,644.0,774.7,inferred
Grampian,2021-09-05,206.5,281.0,330.0,349.0,367.0,400.0,429.0,460.0,501.0,525.2,550.0,622.0,764.0,inferred
Grampian,2021-09-06,172.0,233.9,279.0,293.0,310.0,343.0,375.0,406.0,441.0,465.2,488.0,555.1,685.5,inferred
Grampian,2021-09-07,184.9,254.0,297.0,312.8,330.0,364.6,396.0,433.0,472.0,499.0,522.0,594.1,715.6,inferred
Grampian,2021-09-08,224.5,284.0,326.8,342.8,361.0,392.0,428.0,467.4,507.0,531.0,557.0,621.2,735.3,inferred
Grampian,2021-09-09,152.5,207.0,248.0,263.0,277.0,307.0,337.0,367.0,396.3,416.0,441.0,508.0,616.5,inferred
Grampian,2021-09-10,148.0,198.0,234.0,252.0,265.0,293.0,321.0,348.0,385.0,403.0,424.2,489.0,618.6,inferred
Grampian,2021-09-11,156.5,211.0,253.0,267.8,281.0,313.6,341.0,370.4,404.3,423.2,450.0,512.0,628.0,inferred
Grampian,2021-09-12,125.5,178.0,213.8,229.0,243.0,266.0,292.5,324.0,360.0,379.2,401.0,463.0,571.0,inferred
Grampian,2021-09-13,90.0,123.0,154.0,167.8,182.0,205.0,229.0,255.0,284.3,301.0,321.0,374.1,467.0,inferred
Grampian,2021-09-14,94.5,134.9,164.0,177.0,190.0,215.0,241.0,265.0,292.0,308.0,327.0,380.0,483.0,inferred
Grampian,2021-09-15,108.0,151.0,179.0,197.0,212.0,237.0,264.5,288.4,319.0,340.0,361.0,421.1,520.5,inferred
Grampian,2021-09-16,82.0,115.0,144.0,156.0,165.7,187.0,212.0,231.0,262.0,279.0,297.0,343.1,435.6,inferred
Grampian,2021-09-17,77.0,113.0,144.0,156.0,167.0,190.0,210.0,232.0,257.0,274.0,295.2,353.0,441.5,inferred
Grampian,2021-09-18,95.0,135.0,169.0,184.0,197.0,221.0,244.0,271.0,303.0,319.2,339.0,384.0,503.7,inferred
Grampian,2021-09-19,86.0,122.0,153.8,165.0,177.0,196.0,215.5,239.0,266.0,284.2,305.2,354.0,448.1,inferred
Grampian,2021-09-20,59.0,90.0,116.0,127.8,139.0,163.0,183.5,205.0,231.3,248.0,264.2,313.0,399.5,inferred
Grampian,2021-09-21,65.0,98.9,128.0,140.0,154.0,175.0,195.0,218.0,241.0,258.2,283.0,327.0,408.6,inferred
Grampian,2021-09-22,82.5,125.0,154.0,167.8,182.0,205.0,230.0,257.0,289.0,309.0,326.0,384.1,478.5,inferred
Grampian,2021-09-23,69.5,103.0,125.0,139.0,151.0,172.0,195.0,217.0,241.0,256.0,271.0,324.1,407.1,inferred
Grampian,2021-09-24,76.0,113.0,142.0,155.0,165.7,188.0,212.5,236.0,264.0,280.0,296.2,344.0,433.0,inferred
Grampian,2021-09-25,102.0,147.0,178.0,192.0,206.0,234.0,256.0,283.4,313.0,329.2,350.2,406.0,499.5,inferred
Grampian,2021-09-26,95.0,138.0,174.0,187.0,199.0,223.0,250.0,276.0,305.0,320.0,336.0,390.0,496.5,inferred
Grampian,2021-09-27,72.0,113.0,148.0,160.0,172.7,196.0,220.0,243.0,270.0,286.0,305.0,361.0,449.6,inferred
Grampian,2021-09-28,83.0,127.9,160.0,176.8,187.0,209.0,234.0,262.0,292.3,311.0,331.0,390.0,493.5,inferred
Grampian,2021-09-29,118.0,164.0,204.0,220.0,231.0,258.0,286.5,312.4,343.0,361.0,381.0,444.0,540.5,inferred
Grampian,2021-09-30,93.5,132.0,162.0,177.0,190.0,211.0,233.0,259.0,290.0,308.0,327.0,382.1,469.5,inferred
Grampian,2021-10-01,106.0,145.0,175.0,188.8,202.0,223.0,249.0,273.0,303.0,320.0,339.0,400.1,490.5,inferred
Grampian,2021-10-02,131.5,176.0,212.8,226.0,242.7,270.6,298.0,324.4,355.3,374.0,396.0,451.0,542.0,inferred
Grampian,2021-10-03,116.5,164.0,195.0,209.0,223.0,252.6,279.0,301.4,333.0,351.0,377.0,431.0,534.6,inferred
Grampian,2021-10-04,97.5,135.0,165.0,178.0,187.0,213.0,240.0,267.0,300.0,320.0,340.0,392.1,491.5,inferred
Grampian,2021-10-05,105.5,148.0,183.0,198.0,213.0,234.0,259.0,287.4,316.0,333.0,356.0,410.0,502.0,inferred
Grampian,2021-10-06,132.0,185.0,224.0,240.0,255.0,284.0,309.0,337.0,372.0,390.0,410.0,471.0,590.5,inferred
Grampian,2021-10-07,102.5,148.0,179.0,192.0,208.0,234.0,262.0,286.0,321.0,338.2,358.0,412.1,509.6,inferred
Grampian,2021-10-08,110.5,150.0,183.0,195.0,212.0,237.0,262.5,291.4,323.0,338.2,360.0,408.0,527.5,inferred
Grampian,2021-10-09,139.5,189.0,227.8,245.0,261.0,290.0,317.0,343.0,376.0,394.0,416.0,480.0,581.5,inferred
Grampian,2021-10-10,124.5,174.0,210.0,225.8,241.0,265.0,292.0,320.0,352.0,371.0,392.2,457.1,554.0,inferred
Grampian,2021-10-11,98.0,143.0,179.0,191.0,202.0,229.0,256.0,285.0,315.0,332.0,348.2,403.0,493.1,inferred
Grampian,2021-10-12,109.4,159.0,195.8,208.0,222.0,251.0,279.0,307.0,338.0,356.2,379.2,442.1,547.0,inferred
Grampian,2021-10-13,142.0,193.0,231.0,251.8,268.7,296.0,322.0,352.0,384.3,405.2,431.2,498.0,622.5,inferred
Grampian,2021-10-14,113.0,155.0,194.0,210.0,225.0,252.0,279.0,304.0,340.3,360.0,382.0,446.3,545.0,inferred
Grampian,2021-10-15,118.5,168.0,206.0,223.8,241.0,275.0,303.5,333.0,376.0,395.0,419.0,496.0,627.1,inferred
Gravesham,2021-07-03,14.0,18.0,20.0,21.0,23.0,24.0,26.0,28.0,30.0,32.0,33.0,37.0,44.0,inferred
Gravesham,2021-07-04,17.0,21.9,24.0,25.0,26.0,28.0,31.0,32.0,35.0,36.0,37.0,40.1,48.0,inferred
Gravesham,2021-07-05,27.0,33.0,37.0,39.0,40.0,42.0,44.0,47.0,49.0,51.0,53.0,57.0,64.0,inferred
Gravesham,2021-07-06,30.0,35.0,39.0,40.0,42.0,44.0,46.0,48.0,51.0,52.0,54.0,58.0,66.0,inferred
Gravesham,2021-07-07,33.0,39.0,42.0,44.0,45.0,48.0,50.0,52.0,55.0,56.0,58.0,62.1,69.0,inferred
Gravesham,2021-07-08,34.0,39.0,42.0,44.0,45.0,47.0,49.0,52.0,55.0,56.0,58.0,63.0,70.0,inferred
Gravesham,2021-07-09,32.0,38.0,42.0,43.0,44.0,47.0,49.0,51.0,54.0,56.0,57.0,61.0,68.0,inferred
Gravesham,2021-07-10,29.0,34.0,38.0,39.0,40.0,43.0,45.0,48.0,50.0,52.0,53.0,58.0,65.0,inferred
Gravesham,2021-07-11,31.0,37.0,41.0,43.0,45.0,47.0,50.0,52.0,55.0,56.0,58.0,62.1,70.0,inferred
Gravesham,2021-07-12,49.0,56.0,62.0,63.0,65.0,68.0,71.0,74.0,78.0,80.0,82.0,87.1,96.0,inferred
Gravesham,2021-07-13,50.5,56.0,61.0,63.0,65.0,68.0,71.0,74.0,77.0,79.0,81.0,86.0,95.0,inferred
Gravesham,2021-07-14,51.0,58.0,63.0,65.0,66.0,69.0,72.0,75.0,78.0,79.0,82.0,87.0,96.5,inferred
Gravesham,2021-07-15,47.0,54.0,59.0,61.0,62.0,65.0,69.0,71.0,75.0,76.0,78.0,84.0,92.5,inferred
Gravesham,2021-07-16,43.0,49.0,54.0,56.0,57.0,60.0,62.0,65.0,68.0,70.0,72.0,77.0,85.0,inferred
Gravesham,2021-07-17,35.0,41.0,45.0,47.0,48.0,50.0,53.0,56.0,59.0,60.0,62.0,66.0,73.0,inferred
Gravesham,2021-07-18,37.0,42.0,47.0,48.0,49.0,52.0,54.0,57.0,60.0,62.0,63.0,69.0,76.5,inferred
Gravesham,2021-07-19,51.0,58.0,63.0,65.0,67.0,70.0,73.0,76.0,80.0,81.0,83.0,88.1,97.0,inferred
Gravesham,2021-07-20,46.0,54.0,58.0,60.0,62.0,64.0,67.0,70.0,73.0,75.0,76.2,82.0,90.0,inferred
Gravesham,2021-07-21,45.0,50.0,54.0,56.0,58.0,61.0,64.0,67.0,70.0,71.0,73.0,80.0,88.0,inferred
Gravesham,2021-07-22,38.0,44.0,48.0,50.0,51.0,54.0,56.0,59.0,62.0,63.0,65.0,70.0,79.0,inferred
Gravesham,2021-07-23,31.0,37.0,40.0,42.0,43.0,45.0,48.0,50.0,52.3,54.0,56.0,61.0,67.0,inferred
Gravesham,2021-07-24,23.0,28.0,32.0,33.0,34.7,37.0,39.0,41.0,43.0,44.0,46.0,50.0,56.0,inferred
Gravesham,2021-07-25,22.0,26.0,29.8,31.0,32.0,34.0,36.0,38.0,40.0,42.0,43.0,47.0,54.0,inferred
Gravesham,2021-07-26,29.0,34.0,39.0,40.0,41.0,43.0,46.0,48.0,51.0,52.0,54.0,59.0,66.0,inferred
Gravesham,2021-07-27,27.0,32.0,35.0,37.0,38.0,40.0,43.0,45.0,48.0,49.0,51.0,54.1,63.0,inferred
Gravesham,2021-07-28,28.0,32.0,36.0,38.0,39.0,41.0,43.0,46.0,48.0,50.0,51.0,56.0,63.0,inferred
Gravesham,2021-07-29,27.0,31.0,35.0,36.0,37.0,40.0,42.0,44.0,46.0,48.0,49.0,53.0,58.0,inferred
Gravesham,2021-07-30,25.0,29.0,32.0,33.0,35.0,37.0,39.5,42.0,44.0,45.0,47.0,51.0,58.0,inferred
Gravesham,2021-07-31,20.0,25.0,28.0,29.0,30.0,32.0,34.0,36.0,38.3,40.0,41.0,45.0,51.0,inferred
Gravesham,2021-08-01,21.0,26.0,29.0,31.0,32.0,34.0,36.0,38.0,40.0,41.0,42.0,46.0,53.0,inferred
Gravesham,2021-08-02,31.0,37.0,41.0,42.0,44.0,47.0,49.0,52.0,54.0,56.0,58.0,62.0,70.0,inferred
Gravesham,2021-08-03,31.0,37.0,41.0,42.0,43.0,46.0,48.0,50.0,52.0,54.0,56.0,60.1,68.5,inferred
Gravesham,2021-08-04,32.0,38.0,41.0,43.0,44.0,47.0,49.0,52.0,54.0,56.0,57.0,62.0,69.0,inferred
Gravesham,2021-08-05,31.0,36.0,40.0,41.8,43.0,45.0,47.0,50.0,53.0,54.0,55.0,60.0,67.0,inferred
Gravesham,2021-08-06,27.5,33.0,37.0,39.0,40.0,42.0,44.0,46.0,49.0,50.0,52.0,56.0,62.0,inferred
Gravesham,2021-08-07,23.0,28.0,32.0,33.0,34.0,36.0,38.0,41.0,43.0,44.0,45.0,50.0,56.5,inferred
Gravesham,2021-08-08,25.0,30.0,33.0,34.0,36.0,38.0,40.0,42.0,44.0,46.0,48.0,52.0,59.0,inferred
Gravesham,2021-08-09,35.5,42.0,46.0,48.0,49.0,52.0,55.0,57.0,60.0,61.0,64.0,69.0,76.5,inferred
Gravesham,2021-08-10,36.0,41.0,45.0,46.0,47.0,50.0,53.0,55.0,58.0,60.0,62.0,67.0,75.0,inferred
Gravesham,2021-08-11,36.0,41.0,45.0,47.0,49.0,51.0,54.0,56.0,59.0,60.0,62.0,68.0,75.0,inferred
Gravesham,2021-08-12,34.0,39.0,43.0,45.0,46.0,49.0,51.0,54.0,57.0,58.0,60.0,64.1,72.0,inferred
Gravesham,2021-08-13,32.0,37.0,41.0,42.0,43.0,46.0,48.0,50.0,53.0,54.0,56.0,60.0,68.0,inferred
Gravesham,2021-08-14,26.0,31.0,34.0,35.0,37.0,39.0,41.0,44.0,46.0,48.0,49.0,54.0,61.0,inferred
Gravesham,2021-08-15,27.0,32.0,36.0,37.0,39.0,41.0,43.0,45.0,48.0,49.0,50.2,55.0,62.0,inferred
Gravesham,2021-08-16,39.0,45.0,49.0,51.0,52.0,55.0,58.0,60.0,63.0,65.0,66.0,72.0,79.0,inferred
Gravesham,2021-08-17,36.5,43.0,47.0,49.0,50.0,52.0,55.0,58.0,60.0,61.2,63.2,68.0,75.0,inferred
Gravesham,2021-08-18,36.0,42.0,46.0,47.0,49.0,51.0,54.0,56.0,59.0,61.0,63.0,67.0,76.0,inferred
Gravesham,2021-08-19,32.0,38.0,42.0,44.0,45.0,48.0,50.0,52.0,55.0,56.0,58.0,62.0,69.0,inferred
Gravesham,2021-08-20,29.0,33.0,37.0,39.0,40.0,42.0,45.0,47.0,49.0,51.0,53.0,57.0,65.0,inferred
Gravesham,2021-08-21,22.0,27.0,30.0,32.0,32.7,35.0,37.0,39.0,41.0,42.0,44.0,48.0,53.0,inferred
Gravesham,2021-08-22,22.0,27.0,30.0,31.0,33.0,35.0,37.0,39.0,41.0,42.0,44.0,48.0,54.0,inferred
Gravesham,2021-08-23,31.0,37.0,40.0,42.0,43.0,46.0,49.0,51.0,54.0,55.0,57.0,62.0,69.0,inferred
Gravesham,2021-08-24,29.0,35.0,38.0,40.0,42.0,44.0,47.0,49.0,52.0,53.0,55.0,60.0,68.0,inferred
Gravesham,2021-08-25,31.0,37.0,41.0,42.0,44.0,46.0,48.0,51.0,54.0,55.0,57.0,61.0,69.0,inferred
Gravesham,2021-08-26,31.0,36.0,40.0,41.0,42.0,45.0,47.0,50.0,52.0,53.2,55.0,60.0,68.0,inferred
Gravesham,2021-08-27,29.0,34.0,38.0,39.0,40.0,42.0,45.0,47.0,50.0,51.0,53.0,57.0,65.0,inferred
Gravesham,2021-08-28,25.0,30.0,33.0,34.0,35.0,37.0,40.0,42.0,45.0,46.0,48.0,52.0,59.0,inferred
Gravesham,2021-08-29,27.0,32.0,35.0,36.0,37.0,40.0,42.0,44.0,47.0,48.0,49.0,53.0,59.5,inferred
Gravesham,2021-08-30,38.0,44.9,49.0,50.0,52.0,55.0,58.0,60.0,63.0,65.0,67.0,73.0,80.0,inferred
Gravesham,2021-08-31,37.0,44.0,48.0,49.0,50.7,54.0,56.0,59.0,62.0,64.0,65.0,70.0,78.0,inferred
Gravesham,2021-09-01,37.0,43.0,48.0,49.0,51.0,53.0,56.0,58.4,61.0,63.0,65.0,70.0,78.5,inferred
Gravesham,2021-09-02,34.0,40.0,44.0,46.0,48.0,50.0,53.0,55.0,58.0,59.0,61.0,66.0,73.0,inferred
Gravesham,2021-09-03,32.0,37.0,41.0,42.0,43.0,46.0,48.0,51.0,54.0,55.0,57.0,61.0,69.0,inferred
Gravesham,2021-09-04,26.0,30.0,33.0,34.8,36.0,38.0,40.0,42.0,45.0,46.0,48.0,52.0,58.0,inferred
Gravesham,2021-09-05,26.0,30.0,34.0,35.0,36.0,39.0,41.0,43.0,46.0,47.0,49.0,53.0,60.0,inferred
Gravesham,2021-09-06,37.0,42.0,46.0,48.0,49.0,52.0,55.0,57.0,60.0,61.2,63.0,68.0,75.0,inferred
Gravesham,2021-09-07,34.0,40.0,43.0,44.0,46.0,49.0,51.0,54.0,56.3,58.0,59.0,64.0,71.0,inferred
Gravesham,2021-09-08,32.0,38.0,42.0,43.0,45.0,47.0,49.0,52.0,54.0,56.0,57.0,62.0,71.0,inferred
Gravesham,2021-09-09,29.0,35.0,38.0,39.0,41.0,43.0,45.0,47.0,50.0,51.0,53.0,57.0,65.0,inferred
Gravesham,2021-09-10,25.0,30.0,34.0,35.0,36.0,38.0,41.0,43.0,45.0,46.0,48.0,52.0,59.0,inferred
Gravesham,2021-09-11,19.0,24.0,27.0,28.0,29.0,31.0,33.0,35.0,37.0,38.0,40.0,44.0,49.0,inferred
Gravesham,2021-09-12,18.0,23.0,26.0,28.0,29.0,31.0,33.0,35.0,36.0,38.0,39.0,43.0,49.0,inferred
Gravesham,2021-09-13,27.0,31.0,34.8,36.0,37.0,39.0,41.0,44.0,46.0,47.2,49.0,54.0,61.5,inferred
Gravesham,2021-09-14,24.0,29.0,32.0,33.0,34.0,37.0,39.0,41.0,43.0,45.0,46.0,50.0,58.0,inferred
Gravesham,2021-09-15,23.0,28.0,32.0,33.0,34.0,36.0,38.0,40.0,42.0,44.0,45.0,49.0,55.5,inferred
Gravesham,2021-09-16,21.0,26.0,29.0,31.0,32.0,34.0,36.0,38.0,40.0,42.0,43.0,47.0,53.0,inferred
Gravesham,2021-09-17,18.5,23.0,26.0,27.0,28.0,30.0,32.0,34.0,36.0,38.0,39.0,43.0,50.0,inferred
Gravesham,2021-09-18,15.0,19.0,21.0,23.0,24.0,25.0,27.0,29.0,31.0,32.0,34.0,37.0,43.0,inferred
Gravesham,2021-09-19,16.0,19.0,22.0,23.0,24.0,26.0,28.0,29.0,31.0,32.0,34.0,38.0,43.5,inferred
Gravesham,2021-09-20,22.0,27.0,30.0,31.0,33.0,34.0,37.0,39.0,41.0,43.0,44.0,48.0,55.0,inferred
Gravesham,2021-09-21,21.0,25.0,28.0,29.0,30.0,32.0,35.0,37.0,39.0,40.0,42.0,46.0,53.0,inferred
Gravesham,2021-09-22,20.0,24.0,28.0,29.0,30.0,32.0,34.0,36.0,38.0,40.0,41.2,45.0,51.0,inferred
Gravesham,2021-09-23,19.0,23.0,26.0,27.0,28.0,30.0,32.0,34.0,36.0,37.0,39.0,43.0,49.0,inferred
Gravesham,2021-09-24,16.0,20.9,24.0,24.0,25.0,27.0,29.0,31.0,33.0,35.0,36.0,40.0,46.0,inferred
Gravesham,2021-09-25,13.0,17.0,19.0,20.0,21.0,23.0,25.0,26.0,28.0,29.0,30.0,34.0,39.0,inferred
Gravesham,2021-09-26,14.0,18.0,21.0,22.0,22.0,24.0,26.0,28.0,30.0,31.0,32.0,36.0,41.0,inferred
Gravesham,2021-09-27,20.0,25.0,28.0,29.0,30.0,32.0,34.0,36.0,38.0,39.0,41.0,45.0,51.0,inferred
Gravesham,2021-09-28,20.0,24.0,27.0,28.0,29.0,32.0,33.0,35.0,38.0,39.0,40.0,44.0,50.5,inferred
Gravesham,2021-09-29,20.0,24.0,27.0,29.0,30.0,32.0,34.0,36.0,39.0,40.0,41.0,45.0,51.0,inferred
Gravesham,2021-09-30,19.0,24.0,27.0,28.0,29.0,31.0,33.0,35.0,37.0,38.0,40.0,44.0,51.0,inferred
Gravesham,2021-10-01,18.0,22.0,25.0,26.0,27.0,29.0,31.0,33.0,35.0,36.0,37.2,41.0,48.0,inferred
Gravesham,2021-10-02,15.0,19.0,22.0,23.0,24.0,26.0,27.0,29.0,31.0,33.0,34.0,37.0,42.0,inferred
Gravesham,2021-10-03,16.0,20.0,23.0,24.0,25.0,27.0,29.0,30.0,32.0,33.0,35.0,39.0,45.0,inferred
Gravesham,2021-10-04,24.0,29.0,33.0,34.0,35.0,38.0,40.0,42.0,45.0,46.0,47.2,51.0,58.0,inferred
Gravesham,2021-10-05,24.0,30.0,33.0,34.0,36.0,38.0,40.0,43.0,45.0,46.0,47.0,52.0,58.0,inferred
Gravesham,2021-10-06,27.0,32.0,36.0,37.0,38.0,41.0,43.0,45.0,48.0,49.0,51.0,55.0,62.5,inferred
Gravesham,2021-10-07,28.0,33.0,36.0,37.0,39.0,41.0,44.0,46.0,49.0,50.0,52.0,56.0,63.0,inferred
Gravesham,2021-10-08,27.0,32.0,36.0,37.0,38.0,41.0,43.0,45.0,48.0,49.0,51.0,55.0,62.0,inferred
Gravesham,2021-10-09,25.0,29.0,32.0,33.0,35.0,37.0,39.0,41.0,43.0,45.0,46.0,50.0,57.0,inferred
Gravesham,2021-10-10,27.0,31.0,34.0,36.0,37.0,40.0,42.0,45.0,47.0,48.0,50.0,54.0,62.0,inferred
Gravesham,2021-10-11,40.0,46.0,50.0,52.0,53.7,56.0,59.0,62.0,65.0,67.0,68.0,74.0,81.0,inferred
Gravesham,2021-10-12,39.0,46.0,50.0,52.0,54.0,56.0,59.0,61.0,64.0,66.0,68.0,73.0,81.0,inferred
Gravesham,2021-10-13,41.0,48.0,52.0,53.0,54.0,57.0,60.0,63.0,66.0,68.0,69.2,74.1,82.5,inferred
Gravesham,2021-10-14,37.5,44.0,49.0,50.0,52.0,55.0,58.0,61.0,64.0,65.0,67.0,72.0,82.5,inferred
Gravesham,2021-10-15,34.5,41.0,46.0,47.0,49.0,51.6,54.0,57.0,60.0,62.0,64.0,68.0,77.0,inferred
Great Yarmouth,2021-07-03,4.0,6.9,8.0,9.0,10.0,12.0,13.0,15.0,17.0,19.0,21.0,24.0,31.0,inferred
Great Yarmouth,2021-07-04,6.0,9.0,12.0,13.0,14.0,16.0,18.0,21.0,23.0,25.0,26.0,31.0,39.0,inferred
Great Yarmouth,2021-07-05,15.0,19.0,22.0,24.0,25.0,28.0,31.0,33.0,36.0,38.0,39.0,44.0,54.0,inferred
Great Yarmouth,2021-07-06,17.0,22.0,26.0,28.0,29.0,32.0,34.0,37.0,39.0,41.0,43.0,48.0,57.0,inferred
Great Yarmouth,2021-07-07,22.0,28.0,32.0,33.8,35.0,38.0,40.0,43.0,46.0,47.0,49.0,54.0,64.0,inferred
Great Yarmouth,2021-07-08,24.0,30.0,35.0,37.0,38.0,41.0,44.0,47.0,51.0,53.0,55.0,61.0,70.0,inferred
Great Yarmouth,2021-07-09,26.0,33.0,38.0,40.0,41.0,43.6,46.0,50.0,53.0,55.0,57.0,63.0,73.0,inferred
Great Yarmouth,2021-07-10,26.0,32.0,36.0,37.0,39.0,42.0,45.0,48.0,51.0,53.0,55.0,61.0,70.0,inferred
Great Yarmouth,2021-07-11,33.0,40.0,44.0,46.0,48.0,51.0,55.0,58.0,61.0,62.0,65.0,71.0,79.0,inferred
Great Yarmouth,2021-07-12,56.0,63.0,70.0,72.0,74.0,79.0,82.0,87.0,92.0,95.0,97.0,105.0,120.0,inferred
Great Yarmouth,2021-07-13,55.0,65.0,71.0,74.0,76.0,81.0,85.0,89.0,94.0,97.0,100.0,110.0,123.0,inferred
Great Yarmouth,2021-07-14,57.0,67.0,73.8,76.0,79.0,83.0,87.0,92.0,96.0,99.0,102.0,110.0,122.5,inferred
Great Yarmouth,2021-07-15,54.0,64.0,70.0,73.0,75.0,79.0,83.0,86.0,91.0,93.0,96.0,103.0,115.5,inferred
Great Yarmouth,2021-07-16,49.0,57.0,63.0,65.0,67.0,71.0,74.0,78.0,82.0,85.0,87.0,95.0,106.0,inferred
Great Yarmouth,2021-07-17,39.0,46.0,51.0,54.0,56.0,60.0,63.0,66.0,70.0,72.0,75.0,81.0,92.0,inferred
Great Yarmouth,2021-07-18,39.0,48.0,53.0,55.0,57.0,61.0,64.0,68.0,71.0,74.0,76.0,84.0,95.0,inferred
Great Yarmouth,2021-07-19,56.0,65.0,71.0,74.0,76.0,80.0,84.0,88.0,93.0,95.0,98.0,107.0,120.0,inferred
Great Yarmouth,2021-07-20,49.0,60.0,65.0,68.0,70.0,73.0,78.0,82.0,86.0,89.0,91.0,99.0,111.0,inferred
Great Yarmouth,2021-07-21,49.5,57.0,63.0,65.0,67.0,70.0,74.0,78.0,83.0,85.0,88.0,95.0,108.5,inferred
Great Yarmouth,2021-07-22,41.0,50.0,56.0,58.0,60.0,64.0,67.0,71.0,74.0,77.0,79.0,86.0,97.5,inferred
Great Yarmouth,2021-07-23,35.0,42.0,47.0,49.0,51.0,54.0,58.0,61.0,65.0,67.0,70.0,76.0,85.0,inferred
Great Yarmouth,2021-07-24,25.0,31.0,36.0,37.0,39.0,43.0,46.0,49.0,52.0,54.0,56.0,62.0,71.5,inferred
Great Yarmouth,2021-07-25,26.0,31.0,35.0,37.0,39.0,42.0,44.0,47.0,51.0,52.0,55.0,61.0,71.0,inferred
Great Yarmouth,2021-07-26,35.0,41.0,46.0,48.0,50.0,53.0,56.0,60.0,64.0,67.0,69.0,75.0,84.0,inferred
Great Yarmouth,2021-07-27,30.5,37.0,42.0,44.0,46.0,49.0,52.0,55.0,59.0,61.0,63.0,69.0,79.5,inferred
Great Yarmouth,2021-07-28,31.0,37.0,42.0,44.0,46.0,49.0,52.0,55.0,59.0,60.0,62.0,67.0,78.0,inferred
Great Yarmouth,2021-07-29,29.0,34.0,38.0,41.0,42.0,45.0,48.0,51.0,54.0,56.0,58.0,64.0,74.0,inferred
Great Yarmouth,2021-07-30,25.0,31.0,35.0,36.0,37.0,40.6,43.0,46.4,49.0,51.0,53.0,59.0,68.0,inferred
Great Yarmouth,2021-07-31,19.0,24.0,28.0,30.0,31.0,34.0,36.0,39.0,42.0,43.0,45.0,50.0,59.0,inferred
Great Yarmouth,2021-08-01,20.0,26.0,29.0,31.0,32.0,35.0,37.0,40.0,43.0,45.0,46.0,51.0,61.0,inferred
Great Yarmouth,2021-08-02,29.0,35.0,40.0,42.0,43.0,47.0,50.0,53.0,57.0,59.0,61.0,67.0,77.0,inferred
Great Yarmouth,2021-08-03,27.0,34.0,38.0,40.0,41.0,44.6,48.0,51.0,55.0,56.2,59.0,66.0,75.0,inferred
Great Yarmouth,2021-08-04,27.0,34.0,38.0,40.0,42.0,45.0,48.0,51.0,54.0,56.0,58.0,65.0,75.0,inferred
Great Yarmouth,2021-08-05,27.0,32.0,37.0,39.0,40.0,43.0,46.0,49.0,52.0,54.0,57.0,62.0,71.0,inferred
Great Yarmouth,2021-08-06,25.0,31.0,34.0,36.0,38.0,41.0,44.0,46.0,49.0,51.0,53.0,59.0,69.0,inferred
Great Yarmouth,2021-08-07,18.5,24.0,28.0,29.0,31.0,33.0,36.0,38.0,41.0,43.0,45.0,51.0,59.0,inferred
Great Yarmouth,2021-08-08,20.0,25.0,29.0,31.0,32.0,35.0,38.0,40.0,44.0,45.2,47.0,52.0,60.0,inferred
Great Yarmouth,2021-08-09,28.5,35.9,40.0,42.0,44.0,47.0,50.0,53.0,57.0,59.0,61.0,68.0,79.0,inferred
Great Yarmouth,2021-08-10,28.0,33.0,38.0,40.0,42.0,45.0,48.0,51.0,54.0,56.0,59.0,65.0,75.5,inferred
Great Yarmouth,2021-08-11,28.0,35.0,39.0,41.0,42.0,46.0,49.0,52.0,56.0,58.0,60.0,66.0,76.0,inferred
Great Yarmouth,2021-08-12,26.0,33.0,37.0,39.0,41.0,44.0,47.0,50.0,53.0,55.0,57.0,63.0,72.0,inferred
Great Yarmouth,2021-08-13,23.0,29.0,33.0,35.0,36.0,39.0,42.0,45.0,48.0,50.0,52.0,57.0,67.0,inferred
Great Yarmouth,2021-08-14,19.0,25.0,28.0,30.0,31.0,33.0,36.0,39.0,41.0,43.0,45.0,50.0,59.0,inferred
Great Yarmouth,2021-08-15,19.0,25.0,29.0,30.8,32.0,35.0,37.0,40.0,42.0,44.0,46.0,51.1,60.0,inferred
Great Yarmouth,2021-08-16,29.0,35.0,40.0,42.0,43.0,47.0,50.0,54.0,57.0,60.0,62.0,67.0,79.0,inferred
Great Yarmouth,2021-08-17,26.0,33.0,38.0,40.0,42.0,45.0,48.0,51.0,55.0,56.0,59.0,66.0,74.5,inferred
Great Yarmouth,2021-08-18,28.0,34.0,38.0,40.0,42.0,45.0,48.0,51.0,55.0,57.0,59.0,66.0,77.0,inferred
Great Yarmouth,2021-08-19,26.0,33.0,37.0,39.0,41.0,44.0,47.0,50.0,53.0,55.0,57.0,62.0,73.0,inferred
Great Yarmouth,2021-08-20,24.0,30.0,34.0,36.0,37.0,39.0,42.0,45.0,48.0,50.0,52.0,58.0,69.0,inferred
Great Yarmouth,2021-08-21,18.0,24.0,28.0,29.0,31.0,33.0,35.0,38.0,41.0,43.0,45.0,50.0,60.0,inferred
Great Yarmouth,2021-08-22,20.0,25.0,29.0,30.0,32.0,35.0,37.0,39.0,42.0,44.0,46.0,52.0,61.0,inferred
Great Yarmouth,2021-08-23,29.0,35.0,40.0,42.0,44.0,47.0,50.0,54.0,57.0,59.0,61.0,68.0,78.0,inferred
Great Yarmouth,2021-08-24,27.5,34.0,39.0,41.0,42.0,45.0,48.0,51.0,55.0,57.0,59.0,66.0,75.0,inferred
Great Yarmouth,2021-08-25,29.0,35.0,39.0,41.0,43.0,46.0,49.0,52.0,56.0,58.0,60.2,67.0,76.5,inferred
Great Yarmouth,2021-08-26,27.0,34.0,39.0,40.0,42.0,45.0,48.0,51.0,54.0,56.0,58.0,64.0,72.0,inferred
Great Yarmouth,2021-08-27,25.0,31.0,36.0,37.0,39.0,42.0,45.0,47.0,50.0,52.0,54.0,60.0,70.0,inferred
Great Yarmouth,2021-08-28,20.0,26.0,30.0,31.0,32.0,35.0,38.0,40.0,43.0,45.0,47.0,52.0,61.5,inferred
Great Yarmouth,2021-08-29,21.0,27.0,31.0,33.0,34.0,37.0,40.0,42.0,45.0,47.0,49.0,55.0,63.0,inferred
Great Yarmouth,2021-08-30,31.0,38.0,43.0,45.0,47.0,51.0,54.0,57.0,61.0,63.0,65.0,71.0,84.5,inferred
Great Yarmouth,2021-08-31,30.0,37.0,42.0,44.0,45.0,49.0,52.0,55.0,59.0,60.2,63.0,69.0,80.0,inferred
Great Yarmouth,2021-09-01,31.0,38.0,43.0,45.0,47.0,50.0,54.0,57.0,60.0,63.0,65.0,71.0,81.0,inferred
Great Yarmouth,2021-09-02,30.0,37.0,41.0,43.0,45.0,49.0,52.0,55.0,58.0,60.0,62.0,69.0,81.0,inferred
Great Yarmouth,2021-09-03,28.0,34.0,38.0,40.0,42.0,45.0,48.0,51.0,55.0,57.0,59.0,64.0,74.5,inferred
Great Yarmouth,2021-09-04,22.0,28.0,32.0,34.0,35.0,38.0,41.0,43.0,47.0,49.0,51.0,56.0,67.0,inferred
Great Yarmouth,2021-09-05,24.0,29.0,33.0,35.0,36.0,40.0,42.0,45.0,49.0,51.0,52.0,58.0,66.0,inferred
Great Yarmouth,2021-09-06,34.0,42.0,47.0,49.0,52.0,55.0,58.0,61.0,65.0,68.0,70.0,78.0,87.0,inferred
Great Yarmouth,2021-09-07,33.0,40.0,46.0,48.0,49.0,52.0,56.0,59.0,63.0,65.0,67.0,73.0,85.0,inferred
Great Yarmouth,2021-09-08,34.0,40.0,45.0,48.0,50.0,53.0,57.0,60.0,64.0,66.0,68.0,75.0,87.0,inferred
Great Yarmouth,2021-09-09,32.0,38.0,44.0,46.0,47.0,50.0,53.0,57.0,60.0,62.0,65.0,71.0,82.0,inferred
Great Yarmouth,2021-09-10,28.5,35.0,39.0,41.0,43.0,46.0,49.0,52.0,55.0,57.0,59.0,65.0,76.0,inferred
Great Yarmouth,2021-09-11,22.0,28.0,32.0,34.0,35.0,38.0,41.0,44.0,47.0,49.0,51.0,56.0,66.0,inferred
Great Yarmouth,2021-09-12,23.0,29.0,33.0,35.0,37.0,40.0,43.0,45.0,48.0,50.0,52.0,57.0,66.0,inferred
Great Yarmouth,2021-09-13,32.0,41.0,45.0,47.0,49.0,53.0,55.0,59.0,62.0,65.0,67.0,73.1,83.0,inferred
Great Yarmouth,2021-09-14,33.0,39.0,45.0,46.0,48.0,51.0,54.0,58.0,61.0,63.0,66.0,72.0,84.0,inferred
Great Yarmouth,2021-09-15,34.0,41.0,46.0,48.0,50.0,53.0,57.0,59.0,63.0,65.0,68.0,74.1,86.0,inferred
Great Yarmouth,2021-09-16,34.0,41.0,47.0,48.0,50.0,53.0,56.0,60.0,63.0,66.0,68.0,74.0,87.0,inferred
Great Yarmouth,2021-09-17,31.0,38.0,43.0,45.0,47.0,50.0,54.0,57.0,60.0,62.0,65.0,71.0,81.0,inferred
Great Yarmouth,2021-09-18,27.0,33.0,37.0,39.0,41.0,43.0,46.0,49.0,52.0,54.0,56.2,63.0,72.0,inferred
Great Yarmouth,2021-09-19,30.0,35.0,41.0,42.0,43.0,47.0,50.0,53.0,57.0,59.0,61.0,68.0,76.0,inferred
Great Yarmouth,2021-09-20,43.0,52.0,58.0,60.0,62.0,66.0,69.5,73.0,77.0,80.0,83.0,90.0,101.0,inferred
Great Yarmouth,2021-09-21,45.0,52.0,57.0,59.0,61.0,65.0,68.0,72.0,76.0,79.0,82.0,89.0,102.0,inferred
Great Yarmouth,2021-09-22,45.0,53.0,60.0,62.0,64.0,67.0,71.0,75.0,79.0,82.0,84.0,92.0,102.5,inferred
Great Yarmouth,2021-09-23,45.0,53.0,59.0,60.0,62.0,66.0,69.0,73.0,77.0,80.0,82.0,89.0,100.5,inferred
Great Yarmouth,2021-09-24,39.0,48.0,54.0,56.0,57.0,61.0,65.0,68.0,72.0,74.0,76.0,82.0,92.0,inferred
Great Yarmouth,2021-09-25,33.0,40.0,46.0,47.0,49.0,52.0,55.0,58.0,62.0,64.0,66.0,72.0,82.0,inferred
Great Yarmouth,2021-09-26,35.0,43.0,48.0,50.0,52.0,55.0,58.0,62.0,65.0,68.0,70.0,78.0,88.0,inferred
Great Yarmouth,2021-09-27,51.0,60.0,67.0,69.0,71.0,76.0,80.0,84.0,88.0,91.0,93.0,101.0,114.0,inferred
Great Yarmouth,2021-09-28,49.0,58.0,63.0,65.8,67.0,72.0,76.0,80.0,84.3,86.0,89.0,97.0,108.0,inferred
Great Yarmouth,2021-09-29,48.0,57.0,62.0,65.0,67.0,71.0,76.0,79.0,84.0,86.0,89.0,96.0,108.0,inferred
Great Yarmouth,2021-09-30,45.0,54.9,60.0,62.0,64.0,68.0,71.0,76.0,80.0,82.0,84.0,91.0,104.0,inferred
Great Yarmouth,2021-10-01,41.0,48.0,53.0,55.0,57.0,60.0,64.0,67.0,71.0,74.0,76.0,82.0,93.0,inferred
Great Yarmouth,2021-10-02,32.0,39.0,43.0,45.0,47.0,50.0,53.0,56.0,59.0,61.0,63.0,69.0,80.0,inferred
Great Yarmouth,2021-10-03,32.0,39.0,44.0,46.0,48.0,51.0,54.0,57.0,61.0,63.0,65.0,71.0,81.0,inferred
Great Yarmouth,2021-10-04,46.0,54.9,60.0,61.0,63.7,68.0,71.0,75.0,79.0,82.0,85.0,91.0,101.5,inferred
Great Yarmouth,2021-10-05,41.0,50.0,56.0,58.0,60.0,63.0,67.0,71.0,75.0,78.0,80.0,87.0,98.0,inferred
Great Yarmouth,2021-10-06,43.5,52.0,57.0,60.0,62.0,66.0,69.0,73.0,77.0,79.0,82.0,90.0,101.0,inferred
Great Yarmouth,2021-10-07,41.0,49.0,55.0,57.0,59.0,63.0,66.0,70.0,73.3,76.0,78.0,85.0,95.0,inferred
Great Yarmouth,2021-10-08,36.0,45.0,50.0,52.0,54.0,57.0,61.0,64.0,68.0,71.0,73.0,80.0,89.0,inferred
Great Yarmouth,2021-10-09,31.0,37.0,41.8,43.0,45.0,48.0,51.0,54.0,58.0,60.0,62.0,67.0,77.5,inferred
Great Yarmouth,2021-10-10,32.0,38.0,43.0,45.0,47.0,50.0,54.0,57.0,61.0,63.0,65.0,71.0,83.0,inferred
Great Yarmouth,2021-10-11,46.0,54.9,60.0,63.0,65.0,69.0,72.5,76.0,81.0,84.0,86.0,94.0,105.0,inferred
Great Yarmouth,2021-10-12,40.0,50.0,57.0,59.0,61.0,65.0,68.0,73.0,77.0,80.0,83.0,90.0,102.5,inferred
Great Yarmouth,2021-10-13,43.0,51.0,56.0,59.0,61.0,64.0,68.0,72.0,76.0,79.0,82.0,89.0,101.5,inferred
Great Yarmouth,2021-10-14,39.0,47.0,53.0,56.0,58.0,62.0,65.0,69.0,74.0,76.0,79.0,86.0,101.0,inferred
Great Yarmouth,2021-10-15,34.0,43.0,48.0,50.0,52.0,55.0,59.0,63.0,66.0,69.0,71.0,78.0,89.0,inferred
Greater Glasgow and Clyde,2021-07-03,438.9,564.0,639.8,681.5,718.7,779.0,841.5,907.0,981.0,1017.2,1060.2,1189.1,1413.0,inferred
Greater Glasgow and Clyde,2021-07-04,402.0,505.0,581.0,612.8,646.0,705.0,770.0,829.4,905.3,950.2,993.2,1127.1,1327.1,inferred
Greater Glasgow and Clyde,2021-07-05,292.0,408.0,485.8,510.8,540.0,595.6,651.0,704.0,762.3,802.2,849.0,958.2,1160.6,inferred
Greater Glasgow and Clyde,2021-07-06,345.0,443.0,513.0,547.0,580.0,639.6,693.0,748.0,816.3,859.2,901.4,1015.2,1231.5,inferred
Greater Glasgow and Clyde,2021-07-07,379.0,502.8,595.0,633.0,665.7,726.6,783.0,841.4,926.3,967.2,1004.4,1133.1,1332.2,inferred
Greater Glasgow and Clyde,2021-07-08,297.5,388.0,461.8,493.0,522.0,578.0,629.0,686.0,750.6,786.0,823.0,936.1,1136.0,inferred
Greater Glasgow and Clyde,2021-07-09,303.4,390.0,475.8,507.0,531.0,587.0,643.0,696.0,754.2,790.5,837.2,957.1,1186.6,inferred
Greater Glasgow and Clyde,2021-07-10,340.5,442.0,531.8,559.0,594.0,657.0,719.0,777.4,843.0,881.0,928.0,1061.1,1301.5,inferred
Greater Glasgow and Clyde,2021-07-11,304.4,410.8,479.8,510.0,541.0,600.0,661.5,713.0,793.0,824.2,865.2,989.2,1206.1,inferred
Greater Glasgow and Clyde,2021-07-12,222.0,311.0,374.0,399.8,425.7,472.6,518.5,572.0,643.0,685.0,734.0,853.0,1042.1,inferred
Greater Glasgow and Clyde,2021-07-13,232.5,318.0,384.0,415.0,443.0,496.0,541.0,595.0,661.0,699.2,736.2,853.2,1051.5,inferred
Greater Glasgow and Clyde,2021-07-14,267.5,356.9,425.0,454.0,485.7,533.0,586.5,649.0,713.3,754.0,794.0,903.0,1137.1,inferred
Greater Glasgow and Clyde,2021-07-15,185.5,261.0,324.8,348.0,377.7,422.0,465.0,513.0,567.3,607.0,655.0,753.1,919.0,inferred
Greater Glasgow and Clyde,2021-07-16,176.5,257.0,315.0,342.0,367.0,419.0,465.0,511.0,567.0,596.0,638.0,746.0,955.7,inferred
Greater Glasgow and Clyde,2021-07-17,212.5,297.0,358.0,382.8,411.0,457.6,506.0,558.0,608.0,642.0,679.0,786.0,970.5,inferred
Greater Glasgow and Clyde,2021-07-18,158.5,246.0,309.8,332.8,356.0,399.0,443.0,490.4,550.0,579.0,615.4,728.2,923.0,inferred
Greater Glasgow and Clyde,2021-07-19,119.0,175.0,220.8,242.0,268.0,308.0,352.5,395.0,442.0,472.0,506.0,606.2,771.0,inferred
Greater Glasgow and Clyde,2021-07-20,107.0,177.0,226.0,246.0,268.0,310.0,352.0,397.0,442.0,475.2,509.4,605.0,796.0,inferred
Greater Glasgow and Clyde,2021-07-21,129.5,190.9,246.8,270.0,295.7,336.6,372.0,416.4,469.3,503.0,536.0,631.1,812.0,inferred
Greater Glasgow and Clyde,2021-07-22,78.0,133.0,175.0,197.0,213.0,251.0,289.5,330.4,377.0,400.5,432.0,516.0,705.6,inferred
Greater Glasgow and Clyde,2021-07-23,82.0,131.0,171.0,189.0,207.7,239.0,279.0,317.4,359.0,384.2,416.2,504.0,671.5,inferred
Greater Glasgow and Clyde,2021-07-24,85.0,143.9,183.0,201.0,218.0,256.0,293.5,328.0,372.0,396.0,431.0,526.0,688.5,inferred
Greater Glasgow and Clyde,2021-07-25,66.5,117.9,155.0,174.0,189.0,224.6,258.5,293.0,332.0,356.0,387.0,469.1,625.5,inferred
Greater Glasgow and Clyde,2021-07-26,42.0,78.0,112.0,126.0,140.0,166.6,197.5,232.0,277.0,299.0,329.4,398.1,557.7,inferred
Greater Glasgow and Clyde,2021-07-27,47.5,82.0,116.0,132.0,146.0,178.0,207.5,237.0,270.0,294.0,324.0,401.0,557.5,inferred
Greater Glasgow and Clyde,2021-07-28,62.5,103.9,142.0,160.8,176.0,206.0,239.0,274.0,310.0,332.2,359.2,440.2,582.6,inferred
Greater Glasgow and Clyde,2021-07-29,41.5,75.0,108.0,121.8,134.0,160.0,188.0,220.0,255.0,273.0,300.0,378.0,526.1,inferred
Greater Glasgow and Clyde,2021-07-30,45.0,81.0,113.0,126.0,141.0,169.0,199.5,233.0,271.3,292.0,320.2,408.1,538.5,inferred
Greater Glasgow and Clyde,2021-07-31,54.0,101.9,140.0,157.8,171.0,203.0,231.0,266.0,309.0,334.2,361.0,443.0,568.7,inferred
Greater Glasgow and Clyde,2021-08-01,46.0,85.0,121.0,134.0,153.0,185.6,218.0,251.0,294.0,313.2,341.0,418.0,577.0,inferred
Greater Glasgow and Clyde,2021-08-02,30.5,62.9,94.0,109.0,123.0,147.6,173.0,202.0,236.3,253.2,284.2,370.0,505.5,inferred
Greater Glasgow and Clyde,2021-08-03,43.0,77.0,110.8,126.0,140.0,168.6,200.0,235.0,277.0,301.2,325.0,402.1,557.0,inferred
Greater Glasgow and Clyde,2021-08-04,66.0,105.0,141.0,157.0,172.0,204.0,237.0,276.0,315.0,335.0,361.2,446.1,605.5,inferred
Greater Glasgow and Clyde,2021-08-05,51.0,87.0,117.0,133.8,151.0,181.6,215.0,245.0,282.0,305.2,330.0,407.0,561.0,inferred
Greater Glasgow and Clyde,2021-08-06,61.0,96.0,132.0,147.0,162.0,189.0,220.5,255.0,297.3,317.0,346.2,428.1,597.0,inferred
Greater Glasgow and Clyde,2021-08-07,81.0,132.0,171.0,191.0,209.0,242.0,276.0,310.0,354.3,381.0,405.2,492.0,690.8,inferred
Greater Glasgow and Clyde,2021-08-08,78.0,124.0,165.0,183.8,199.0,230.0,262.0,297.4,345.3,372.0,405.0,504.1,659.0,inferred
Greater Glasgow and Clyde,2021-08-09,56.0,97.9,137.0,153.0,170.0,200.0,226.0,263.0,306.3,333.0,366.0,437.1,598.0,inferred
Greater Glasgow and Clyde,2021-08-10,80.5,130.9,171.0,189.0,210.0,245.0,281.0,318.0,363.0,387.2,423.0,516.1,661.0,inferred
Greater Glasgow and Clyde,2021-08-11,118.0,177.9,227.0,253.8,272.0,310.0,350.5,395.4,444.3,472.0,512.2,600.1,755.1,inferred
Greater Glasgow and Clyde,2021-08-12,107.5,168.0,211.0,233.0,249.0,290.6,328.5,362.4,410.0,438.0,477.0,567.2,747.6,inferred
Greater Glasgow and Clyde,2021-08-13,124.5,191.9,247.0,270.0,291.0,333.0,370.0,414.0,460.0,490.0,524.0,618.1,753.0,inferred
Greater Glasgow and Clyde,2021-08-14,196.5,270.8,330.0,355.0,378.0,422.0,471.5,522.0,580.0,610.0,646.2,764.0,958.5,inferred
Greater Glasgow and Clyde,2021-08-15,194.0,277.0,341.8,368.0,393.0,436.6,484.0,541.0,598.0,628.2,662.2,774.0,959.0,inferred
Greater Glasgow and Clyde,2021-08-16,162.5,239.9,303.8,327.0,351.0,393.0,441.0,491.4,545.3,583.0,615.4,722.4,934.6,inferred
Greater Glasgow and Clyde,2021-08-17,229.4,313.0,381.8,405.8,434.0,493.0,543.5,596.0,656.0,683.2,727.0,835.3,1053.6,inferred
Greater Glasgow and Clyde,2021-08-18,341.0,447.9,531.6,562.0,589.4,648.6,705.0,769.0,844.0,883.2,935.2,1070.0,1302.6,inferred
Greater Glasgow and Clyde,2021-08-19,318.5,434.8,506.8,544.8,578.7,634.6,694.0,750.0,813.3,845.2,890.0,1007.1,1231.8,inferred
Greater Glasgow and Clyde,2021-08-20,406.9,521.9,609.0,642.0,679.0,743.0,817.0,876.0,946.3,978.2,1031.0,1161.0,1393.6,inferred
Greater Glasgow and Clyde,2021-08-21,603.0,738.0,845.8,892.0,929.0,1000.0,1070.0,1138.0,1219.3,1270.0,1333.2,1483.3,1803.0,inferred
Greater Glasgow and Clyde,2021-08-22,648.8,801.8,903.8,948.0,989.7,1066.0,1132.5,1204.4,1287.3,1341.2,1398.2,1547.1,1789.0,inferred
Greater Glasgow and Clyde,2021-08-23,590.0,746.0,847.8,896.8,943.0,1017.0,1089.0,1167.8,1255.3,1302.0,1355.0,1507.2,1752.6,inferred
Greater Glasgow and Clyde,2021-08-24,716.4,903.0,1037.8,1085.8,1139.7,1217.6,1307.5,1393.0,1485.3,1533.0,1606.2,1774.3,2013.0,inferred
Greater Glasgow and Clyde,2021-08-25,968.4,1173.0,1295.8,1344.0,1402.0,1496.0,1590.0,1680.0,1799.3,1868.0,1939.0,2098.2,2398.5,inferred
Greater Glasgow and Clyde,2021-08-26,857.0,1043.9,1157.8,1208.8,1249.7,1330.0,1406.5,1494.0,1584.0,1638.2,1691.2,1845.2,2144.1,inferred
Greater Glasgow and Clyde,2021-08-27,939.4,1124.7,1254.0,1313.8,1353.0,1450.2,1536.5,1619.4,1719.3,1775.0,1842.2,2016.2,2331.5,inferred
Greater Glasgow and Clyde,2021-08-28,1254.4,1447.9,1585.8,1646.8,1704.7,1803.0,1905.0,2011.0,2124.3,2179.8,2266.2,2441.1,2721.0,inferred
Greater Glasgow and Clyde,2021-08-29,1161.0,1398.7,1545.0,1615.0,1678.1,1784.0,1880.5,1971.4,2070.3,2132.0,2202.4,2379.8,2720.0,inferred
Greater Glasgow and Clyde,2021-08-30,1060.5,1259.0,1395.0,1461.0,1512.7,1612.6,1698.0,1806.0,1908.9,1971.0,2033.4,2203.0,2541.2,inferred
Greater Glasgow and Clyde,2021-08-31,1183.4,1378.8,1529.0,1599.5,1660.0,1766.6,1864.0,1961.0,2067.3,2121.0,2193.2,2387.0,2710.2,inferred
Greater Glasgow and Clyde,2021-09-01,1374.4,1620.9,1763.8,1842.5,1909.7,2027.8,2120.0,2238.0,2362.3,2433.0,2511.2,2708.3,2992.6,inferred
Greater Glasgow and Clyde,2021-09-02,1130.5,1312.7,1443.6,1506.0,1556.0,1651.6,1743.0,1845.4,1949.0,2011.2,2087.2,2292.0,2562.3,inferred
Greater Glasgow and Clyde,2021-09-03,1115.0,1320.9,1449.8,1496.0,1540.7,1646.0,1732.0,1846.0,1957.0,2019.0,2089.2,2286.2,2571.4,inferred
Greater Glasgow and Clyde,2021-09-04,1339.8,1541.9,1696.4,1741.8,1796.4,1900.0,1992.5,2103.4,2226.0,2289.2,2363.4,2579.1,2916.1,inferred
Greater Glasgow and Clyde,2021-09-05,1195.4,1407.7,1540.0,1591.8,1646.0,1752.0,1839.5,1941.8,2059.0,2111.0,2184.2,2362.2,2692.0,inferred
Greater Glasgow and Clyde,2021-09-06,969.5,1152.9,1264.4,1310.5,1360.0,1453.6,1550.5,1631.0,1730.0,1775.2,1860.2,2041.1,2404.0,inferred
Greater Glasgow and Clyde,2021-09-07,962.9,1145.9,1284.8,1347.8,1385.0,1468.6,1556.0,1649.4,1756.3,1803.2,1865.0,2051.1,2338.3,inferred
Greater Glasgow and Clyde,2021-09-08,969.2,1155.7,1306.0,1354.0,1411.7,1508.6,1603.0,1707.0,1807.0,1869.2,1931.0,2087.1,2498.6,inferred
Greater Glasgow and Clyde,2021-09-09,665.5,811.9,941.0,980.8,1021.7,1100.0,1182.0,1262.0,1355.3,1405.0,1472.2,1656.0,1952.5,inferred
Greater Glasgow and Clyde,2021-09-10,630.0,752.9,847.0,889.8,930.7,1012.6,1085.0,1150.4,1232.3,1272.0,1319.0,1448.1,1755.5,inferred
Greater Glasgow and Clyde,2021-09-11,604.5,752.8,856.0,902.8,947.0,1029.0,1102.0,1174.4,1256.3,1311.0,1373.2,1530.1,1786.5,inferred
Greater Glasgow and Clyde,2021-09-12,487.5,616.0,707.0,745.0,782.0,852.6,914.0,977.4,1055.0,1095.2,1146.0,1297.2,1510.1,inferred
Greater Glasgow and Clyde,2021-09-13,318.4,418.0,497.8,531.0,563.4,612.0,674.0,724.4,785.3,825.0,874.2,998.3,1228.7,inferred
Greater Glasgow and Clyde,2021-09-14,290.0,399.0,486.0,513.0,540.0,602.6,656.0,713.0,771.3,810.2,866.4,992.0,1190.6,inferred
Greater Glasgow and Clyde,2021-09-15,327.5,442.0,524.0,556.8,589.0,648.6,712.5,768.0,838.0,877.2,923.0,1056.0,1277.8,inferred
Greater Glasgow and Clyde,2021-09-16,254.0,338.9,394.0,427.5,453.0,504.0,555.0,613.0,676.3,710.2,746.0,853.1,1049.0,inferred
Greater Glasgow and Clyde,2021-09-17,231.4,315.0,388.8,414.0,443.7,490.6,536.0,584.0,649.3,692.0,729.2,835.2,1047.6,inferred
Greater Glasgow and Clyde,2021-09-18,257.5,353.9,425.0,456.0,479.7,532.0,591.5,658.0,723.0,759.2,802.0,922.1,1137.5,inferred
Greater Glasgow and Clyde,2021-09-19,204.0,294.0,363.0,393.0,422.0,470.6,523.0,573.8,633.0,669.5,717.2,843.1,1043.6,inferred
Greater Glasgow and Clyde,2021-09-20,148.5,217.9,278.6,302.8,334.0,377.6,427.5,473.4,522.0,551.2,590.2,704.0,882.0,inferred
Greater Glasgow and Clyde,2021-09-21,184.9,251.8,306.0,326.0,350.7,401.0,444.0,492.0,542.3,581.0,616.0,738.1,923.7,inferred
Greater Glasgow and Clyde,2021-09-22,218.5,308.0,376.0,403.0,427.0,480.0,533.0,584.8,649.6,686.2,725.0,836.0,1031.0,inferred
Greater Glasgow and Clyde,2021-09-23,184.5,264.0,329.0,357.0,375.7,424.0,471.0,519.4,573.0,604.0,647.2,741.1,925.6,inferred
Greater Glasgow and Clyde,2021-09-24,200.9,281.0,349.8,377.0,406.0,453.6,499.5,552.0,607.3,643.2,679.0,791.1,942.0,inferred
Greater Glasgow and Clyde,2021-09-25,267.5,366.0,444.8,474.8,500.0,549.0,590.0,648.0,714.0,749.0,790.2,906.2,1123.1,inferred
Greater Glasgow and Clyde,2021-09-26,245.3,344.9,419.0,446.8,478.0,535.6,593.0,647.4,711.0,747.0,791.0,913.0,1097.0,inferred
Greater Glasgow and Clyde,2021-09-27,208.4,292.9,363.6,388.0,411.7,459.0,507.0,553.0,615.3,646.0,677.2,790.1,996.6,inferred
Greater Glasgow and Clyde,2021-09-28,239.5,321.8,388.8,416.0,452.0,501.0,552.5,606.0,667.0,710.0,743.4,861.0,1060.5,inferred
Greater Glasgow and Clyde,2021-09-29,268.5,378.9,457.8,492.8,528.7,585.0,639.0,692.0,752.0,790.2,832.0,951.1,1172.1,inferred
Greater Glasgow and Clyde,2021-09-30,214.5,294.9,362.8,391.8,416.0,468.0,513.5,561.0,621.3,661.0,700.2,822.2,997.6,inferred
Greater Glasgow and Clyde,2021-10-01,219.0,309.9,378.0,408.0,434.0,489.0,540.5,589.0,652.3,685.0,723.0,833.0,1032.7,inferred
Greater Glasgow and Clyde,2021-10-02,255.0,352.0,430.0,469.8,493.0,551.0,601.0,666.0,722.3,755.2,803.2,923.2,1180.1,inferred
Greater Glasgow and Clyde,2021-10-03,255.5,334.9,400.8,427.0,457.7,511.0,560.0,614.0,686.0,717.2,766.0,880.3,1079.0,inferred
Greater Glasgow and Clyde,2021-10-04,183.9,259.0,321.0,348.0,374.0,420.0,461.5,520.0,581.0,618.0,655.2,770.1,929.5,inferred
Greater Glasgow and Clyde,2021-10-05,196.5,285.9,343.0,368.0,396.7,443.6,491.0,541.8,604.3,636.2,675.2,791.2,973.0,inferred
Greater Glasgow and Clyde,2021-10-06,231.9,325.8,401.0,444.5,475.0,527.6,577.0,625.0,691.0,725.0,771.0,891.2,1096.0,inferred
Greater Glasgow and Clyde,2021-10-07,182.0,256.9,324.8,349.8,374.0,419.0,471.0,523.0,574.3,614.0,652.0,752.1,931.1,inferred
Greater Glasgow and Clyde,2021-10-08,190.9,278.0,344.0,372.0,392.0,439.0,484.0,534.8,599.0,639.0,675.2,771.1,964.5,inferred
Greater Glasgow and Clyde,2021-10-09,230.0,318.9,392.8,424.0,449.7,501.0,557.0,611.0,673.0,715.0,765.0,877.3,1077.0,inferred
Greater Glasgow and Clyde,2021-10-10,195.9,288.0,348.0,378.8,405.0,453.0,505.0,556.0,615.0,649.0,690.4,806.0,988.5,inferred
Greater Glasgow and Clyde,2021-10-11,149.4,228.8,282.0,304.0,331.0,384.0,429.5,474.0,529.3,555.0,595.0,707.4,873.0,inferred
Greater Glasgow and Clyde,2021-10-12,155.9,247.0,306.8,337.0,362.7,406.6,453.0,505.0,560.3,597.0,633.0,741.0,907.1,inferred
Greater Glasgow and Clyde,2021-10-13,214.0,298.0,363.8,391.8,417.7,470.2,529.0,585.0,654.0,692.0,734.0,845.0,1058.6,inferred
Greater Glasgow and Clyde,2021-10-14,157.5,233.9,301.0,329.8,349.0,400.0,448.0,497.0,555.3,592.0,626.2,736.0,899.5,inferred
Greater Glasgow and Clyde,2021-10-15,162.9,244.0,298.8,332.0,359.0,405.0,448.0,500.0,558.0,598.0,637.0,763.1,974.8,inferred
Greenwich,2021-07-03,52.5,60.0,64.0,66.0,68.0,71.0,73.0,77.0,80.0,82.0,83.0,89.0,99.0,inferred
Greenwich,2021-07-04,56.0,63.0,68.0,70.0,71.0,74.0,77.0,80.0,83.0,85.0,87.0,93.0,103.0,inferred
Greenwich,2021-07-05,84.0,92.0,98.0,100.0,102.0,106.0,110.0,113.0,117.0,120.0,122.0,129.0,141.0,inferred
Greenwich,2021-07-06,86.0,94.0,100.0,102.0,104.0,107.0,111.0,114.0,118.0,120.0,123.0,130.0,138.5,inferred
Greenwich,2021-07-07,91.0,102.0,108.0,110.0,113.0,116.0,120.0,124.0,128.0,130.0,132.2,140.0,151.0,inferred
Greenwich,2021-07-08,95.0,105.0,111.0,114.0,116.0,121.0,124.0,127.0,132.0,134.0,137.0,144.0,155.0,inferred
Greenwich,2021-07-09,95.0,103.0,110.0,112.0,114.0,118.0,121.0,125.0,130.0,132.0,135.0,142.1,151.0,inferred
Greenwich,2021-07-10,84.0,94.0,100.0,102.0,104.0,107.0,111.0,115.0,119.0,121.0,124.0,131.0,141.0,inferred
Greenwich,2021-07-11,92.0,102.0,108.0,110.0,112.0,116.0,120.0,124.0,128.0,130.0,132.0,139.0,150.0,inferred
Greenwich,2021-07-12,140.0,150.0,159.0,162.0,165.0,170.0,175.0,180.0,185.0,188.0,191.0,199.0,213.0,inferred
Greenwich,2021-07-13,140.0,153.0,161.0,164.0,166.0,171.0,176.0,181.0,186.0,189.0,192.0,200.0,217.0,inferred
Greenwich,2021-07-14,146.0,158.0,166.0,169.0,171.7,176.0,181.0,186.0,191.0,194.0,196.0,205.0,219.5,inferred
Greenwich,2021-07-15,141.0,151.0,159.0,162.8,165.0,170.0,174.0,180.0,185.0,188.0,191.0,202.0,216.0,inferred
Greenwich,2021-07-16,127.0,138.0,145.0,147.0,151.0,156.0,160.0,165.0,169.0,172.0,175.0,183.0,197.0,inferred
Greenwich,2021-07-17,106.0,117.0,123.0,126.0,128.0,132.0,136.0,140.0,145.0,147.0,149.0,157.0,168.0,inferred
Greenwich,2021-07-18,107.0,118.0,124.0,127.0,129.0,133.0,138.0,142.0,146.0,149.0,152.0,159.0,169.0,inferred
Greenwich,2021-07-19,152.0,163.0,171.0,174.8,178.0,182.0,187.0,192.0,198.0,201.0,204.0,213.0,226.0,inferred
Greenwich,2021-07-20,139.0,151.0,159.0,161.8,164.0,170.0,175.0,179.0,184.0,187.0,191.2,200.0,213.0,inferred
Greenwich,2021-07-21,134.0,145.0,152.0,155.0,157.0,163.0,167.0,171.0,176.0,179.0,183.0,191.0,201.0,inferred
Greenwich,2021-07-22,119.0,130.0,137.0,139.0,142.0,146.0,150.0,155.0,160.0,162.0,165.0,172.0,182.5,inferred
Greenwich,2021-07-23,101.0,109.0,115.0,117.0,120.0,124.0,128.0,132.0,137.0,140.0,142.0,149.0,160.0,inferred
Greenwich,2021-07-24,76.0,84.0,90.0,93.0,95.0,98.6,102.0,105.0,109.0,111.0,113.0,119.1,130.0,inferred
Greenwich,2021-07-25,71.5,79.0,85.0,88.0,90.0,93.0,96.0,100.0,103.0,106.0,108.0,114.0,126.0,inferred
Greenwich,2021-07-26,95.0,104.0,111.0,113.0,115.0,119.0,123.0,126.0,130.0,133.0,135.2,142.0,155.0,inferred
Greenwich,2021-07-27,88.5,97.0,104.0,106.0,108.0,111.0,116.0,119.0,124.0,125.0,128.0,135.0,146.0,inferred
Greenwich,2021-07-28,88.5,98.0,104.0,107.0,110.0,114.0,117.0,121.0,125.0,127.0,129.0,137.0,147.0,inferred
Greenwich,2021-07-29,87.0,96.0,102.0,104.0,106.0,110.0,114.0,117.0,122.0,124.0,127.0,134.0,145.0,inferred
Greenwich,2021-07-30,78.0,87.0,94.0,96.0,98.0,102.0,105.0,109.0,112.0,114.0,117.0,124.0,134.0,inferred
Greenwich,2021-07-31,67.0,74.0,79.0,81.0,83.0,87.0,90.0,94.0,97.0,99.0,102.0,107.0,115.0,inferred
Greenwich,2021-08-01,67.0,76.0,80.0,82.0,84.0,88.0,91.0,94.0,98.0,100.0,102.0,108.0,118.0,inferred
Greenwich,2021-08-02,97.0,106.0,112.0,115.0,117.0,121.0,124.0,128.0,132.0,134.0,137.0,145.0,157.0,inferred
Greenwich,2021-08-03,91.0,101.0,107.0,109.0,111.0,116.0,120.0,124.0,128.0,130.0,133.0,140.0,153.0,inferred
Greenwich,2021-08-04,94.0,103.0,110.0,112.0,115.0,119.0,123.0,127.0,131.0,133.0,136.0,144.0,155.5,inferred
Greenwich,2021-08-05,90.0,100.0,106.0,108.0,111.0,115.0,119.0,123.0,127.0,129.0,131.0,139.0,151.0,inferred
Greenwich,2021-08-06,81.5,91.0,96.8,99.0,101.0,104.0,108.0,112.0,116.0,118.0,120.0,126.1,137.0,inferred
Greenwich,2021-08-07,68.0,76.9,82.0,84.0,86.0,89.0,93.0,96.0,100.0,102.0,104.2,111.0,122.0,inferred
Greenwich,2021-08-08,70.0,77.0,82.0,84.0,86.0,90.0,93.0,97.0,100.0,103.0,105.0,110.0,119.5,inferred
Greenwich,2021-08-09,100.0,109.0,114.0,117.0,119.0,124.0,127.0,131.0,135.0,138.0,140.0,147.0,160.0,inferred
Greenwich,2021-08-10,95.0,103.0,108.0,110.0,113.0,117.0,121.0,125.0,129.0,131.2,134.0,141.0,151.0,inferred
Greenwich,2021-08-11,94.0,103.0,109.0,112.0,114.0,117.0,121.0,125.0,130.0,132.0,135.0,142.0,154.0,inferred
Greenwich,2021-08-12,88.0,97.0,103.0,105.0,108.0,112.0,116.0,119.0,123.0,126.0,128.0,134.0,145.0,inferred
Greenwich,2021-08-13,80.0,88.0,93.0,95.0,97.0,101.0,104.0,108.0,112.0,114.0,116.0,123.0,134.5,inferred
Greenwich,2021-08-14,64.0,71.0,77.0,79.0,81.0,85.0,88.0,91.0,95.0,97.0,99.0,104.0,113.0,inferred
Greenwich,2021-08-15,64.0,71.0,76.0,78.0,80.0,83.0,86.5,90.0,93.0,95.0,97.0,104.0,114.0,inferred
Greenwich,2021-08-16,86.0,98.0,103.0,105.0,107.0,111.0,115.0,119.0,123.0,126.0,129.0,136.0,147.5,inferred
Greenwich,2021-08-17,83.0,92.0,98.0,99.0,101.0,105.0,109.0,113.0,118.0,120.0,123.0,129.0,140.0,inferred
Greenwich,2021-08-18,83.0,91.0,97.0,99.0,101.0,105.0,108.0,112.0,116.0,118.0,121.0,127.0,138.0,inferred
Greenwich,2021-08-19,77.0,85.0,90.0,92.0,95.0,99.0,102.0,106.0,109.0,112.0,114.0,120.0,131.0,inferred
Greenwich,2021-08-20,67.0,75.0,80.0,82.0,84.0,88.0,91.0,94.0,98.0,100.0,102.0,108.0,119.0,inferred
Greenwich,2021-08-21,55.5,62.0,68.0,69.0,71.0,74.0,77.0,79.0,83.0,85.0,87.0,93.0,102.0,inferred
Greenwich,2021-08-22,54.0,61.0,65.0,67.0,69.0,72.0,75.0,78.0,81.0,83.0,85.0,91.0,100.0,inferred
Greenwich,2021-08-23,73.0,81.9,87.0,90.0,92.0,96.0,100.0,103.0,107.0,109.0,111.2,118.0,130.0,inferred
Greenwich,2021-08-24,69.0,78.0,84.0,87.0,88.0,92.0,95.0,99.0,102.0,104.0,107.0,113.0,123.0,inferred
Greenwich,2021-08-25,72.0,80.0,85.0,87.0,89.0,92.0,96.0,99.0,103.0,105.0,107.0,114.0,123.0,inferred
Greenwich,2021-08-26,70.0,77.0,83.0,85.0,86.0,90.0,92.0,96.0,99.0,102.0,105.0,111.0,121.0,inferred
Greenwich,2021-08-27,62.0,70.0,75.0,77.0,79.0,82.0,85.0,88.0,92.0,94.0,96.0,102.0,112.0,inferred
Greenwich,2021-08-28,51.0,58.0,63.0,65.0,67.0,70.0,72.0,75.0,79.0,81.0,83.0,87.1,97.0,inferred
Greenwich,2021-08-29,52.0,59.0,63.0,65.0,66.0,69.0,72.0,75.0,78.3,81.0,83.0,89.0,97.0,inferred
Greenwich,2021-08-30,75.0,83.0,88.0,90.0,92.0,96.0,99.0,103.0,107.0,109.0,112.0,119.0,129.0,inferred
Greenwich,2021-08-31,72.0,80.0,86.0,88.0,90.0,93.0,97.0,100.0,104.0,106.0,108.0,115.0,125.0,inferred
Greenwich,2021-09-01,74.0,82.0,87.0,90.0,92.0,96.0,100.0,104.0,107.0,110.0,112.0,118.0,128.0,inferred
Greenwich,2021-09-02,71.0,81.0,87.0,89.0,90.0,94.0,97.0,101.0,104.0,106.0,109.0,115.0,126.0,inferred
Greenwich,2021-09-03,66.0,75.0,80.0,82.0,84.0,87.0,90.0,94.0,97.0,99.0,101.0,107.0,115.0,inferred
Greenwich,2021-09-04,56.0,62.0,67.0,69.0,71.0,74.0,78.0,81.0,84.0,85.0,88.0,93.0,102.0,inferred
Greenwich,2021-09-05,57.0,64.0,68.0,70.0,72.0,75.0,78.0,81.0,84.0,87.0,89.0,95.0,102.0,inferred
Greenwich,2021-09-06,81.0,90.0,95.0,97.0,100.0,103.0,107.0,111.0,115.0,117.0,119.0,125.0,136.0,inferred
Greenwich,2021-09-07,76.0,84.0,90.0,92.0,94.0,98.0,102.0,105.0,109.0,111.0,114.0,120.0,131.0,inferred
Greenwich,2021-09-08,74.0,82.0,87.0,89.0,91.0,95.0,98.0,102.0,106.0,108.0,110.2,117.0,127.0,inferred
Greenwich,2021-09-09,67.0,75.0,80.0,82.0,84.0,87.0,90.0,94.0,97.0,99.0,102.0,108.0,119.0,inferred
Greenwich,2021-09-10,57.0,63.0,68.0,71.0,72.0,75.0,79.0,82.0,86.0,88.0,90.0,95.0,104.0,inferred
Greenwich,2021-09-11,43.0,51.0,55.0,57.0,59.0,62.0,64.0,67.0,70.0,72.0,74.0,79.0,88.0,inferred
Greenwich,2021-09-12,42.0,48.0,53.0,55.0,56.0,59.0,62.0,64.0,67.0,69.0,71.0,75.1,84.0,inferred
Greenwich,2021-09-13,58.0,66.0,71.0,73.0,75.0,78.0,81.0,84.0,87.0,89.0,92.0,98.0,108.0,inferred
Greenwich,2021-09-14,56.0,62.0,67.0,69.0,71.0,74.0,76.0,79.0,82.0,84.0,86.0,92.0,100.5,inferred
Greenwich,2021-09-15,56.0,63.0,68.0,70.0,72.0,75.0,79.0,82.0,85.0,87.0,89.0,95.0,103.0,inferred
Greenwich,2021-09-16,57.0,62.0,67.0,69.8,71.0,74.0,77.0,80.0,84.0,85.0,87.2,93.0,100.5,inferred
Greenwich,2021-09-17,49.5,57.0,62.0,64.0,65.0,68.0,71.0,74.0,78.0,79.0,81.0,87.0,94.0,inferred
Greenwich,2021-09-18,43.0,49.0,53.0,55.0,56.0,59.0,61.0,65.0,68.0,69.0,71.0,76.0,84.5,inferred
Greenwich,2021-09-19,44.0,50.0,55.0,56.0,58.0,61.0,63.0,66.0,69.0,70.0,72.0,78.0,86.0,inferred
Greenwich,2021-09-20,64.0,72.0,77.0,79.0,80.0,84.0,87.0,90.0,94.0,96.0,98.0,104.0,113.0,inferred
Greenwich,2021-09-21,61.5,69.0,74.0,76.0,78.0,81.0,84.0,88.0,91.0,93.0,95.2,101.0,108.0,inferred
Greenwich,2021-09-22,63.0,72.0,76.0,78.0,80.0,84.0,87.0,89.0,93.0,95.0,98.0,104.0,113.5,inferred
Greenwich,2021-09-23,61.0,68.0,73.8,76.0,77.0,81.0,84.0,87.0,90.0,93.0,95.0,101.0,110.5,inferred
Greenwich,2021-09-24,54.0,62.0,67.0,69.0,71.0,74.0,77.0,80.0,83.0,86.0,88.0,93.0,101.5,inferred
Greenwich,2021-09-25,48.0,53.0,57.0,59.0,60.0,63.0,66.0,69.0,72.0,74.0,75.0,81.0,90.0,inferred
Greenwich,2021-09-26,47.5,54.0,58.0,60.0,61.0,64.0,67.0,70.0,73.0,75.0,77.0,82.0,90.5,inferred
Greenwich,2021-09-27,69.0,75.0,81.0,83.0,84.0,88.0,91.0,95.0,98.0,101.0,104.0,110.0,120.0,inferred
Greenwich,2021-09-28,64.0,72.0,77.8,79.0,81.0,84.6,87.5,91.0,94.0,96.0,99.0,106.0,114.5,inferred
Greenwich,2021-09-29,64.0,73.0,78.0,80.0,82.0,85.0,88.5,93.0,96.0,98.0,101.0,107.0,115.0,inferred
Greenwich,2021-09-30,62.0,69.0,75.0,77.0,78.0,82.0,85.0,88.0,91.0,93.0,95.0,101.0,108.0,inferred
Greenwich,2021-10-01,55.0,63.0,68.0,70.0,71.0,74.0,78.0,81.0,85.0,86.0,88.0,94.0,104.0,inferred
Greenwich,2021-10-02,46.0,53.0,57.0,59.0,61.0,63.0,66.0,69.0,71.0,73.0,75.0,80.0,88.5,inferred
Greenwich,2021-10-03,46.0,53.0,57.0,58.8,60.0,63.0,66.0,69.0,71.0,73.0,75.0,82.0,90.0,inferred
Greenwich,2021-10-04,65.5,74.0,79.0,81.0,83.0,86.0,89.0,93.0,97.0,99.0,101.0,107.0,116.0,inferred
Greenwich,2021-10-05,63.0,70.0,75.0,77.0,79.0,83.0,86.0,89.0,93.0,96.0,97.2,104.0,115.0,inferred
Greenwich,2021-10-06,65.0,73.0,78.0,80.0,82.0,86.0,89.0,93.0,96.0,98.0,101.0,107.0,117.0,inferred
Greenwich,2021-10-07,65.0,72.0,78.0,80.0,82.0,85.0,89.0,92.0,96.0,98.0,100.0,106.0,115.0,inferred
Greenwich,2021-10-08,61.5,68.0,73.0,75.0,77.0,80.0,84.0,87.0,90.0,92.0,94.0,101.0,111.0,inferred
Greenwich,2021-10-09,51.5,58.0,63.0,65.0,67.0,69.0,72.0,75.0,79.0,80.0,83.0,89.0,98.0,inferred
Greenwich,2021-10-10,52.0,60.0,65.0,67.0,68.0,71.0,74.0,77.0,81.0,83.0,85.0,91.0,99.5,inferred
Greenwich,2021-10-11,77.5,86.0,92.0,94.0,96.0,100.0,103.0,106.0,110.0,112.0,115.0,122.0,133.0,inferred
Greenwich,2021-10-12,75.0,84.0,89.0,91.0,93.0,96.6,100.0,104.0,107.0,109.0,112.0,119.0,131.5,inferred
Greenwich,2021-10-13,77.0,85.0,92.0,94.0,96.0,100.0,103.0,106.0,110.0,112.0,115.0,121.0,133.0,inferred
Greenwich,2021-10-14,73.0,81.0,87.0,90.0,92.0,96.0,99.0,103.0,107.0,109.0,112.0,119.0,129.0,inferred
Greenwich,2021-10-15,66.0,74.0,79.0,82.0,84.0,88.0,92.0,95.0,99.0,101.0,104.0,110.0,121.0,inferred
Guildford,2021-07-03,16.0,20.0,23.0,24.0,25.0,27.0,30.0,32.0,34.0,36.0,37.0,41.0,48.0,inferred
Guildford,2021-07-04,18.0,22.0,26.0,27.0,28.0,30.0,33.0,35.0,37.3,39.0,41.0,45.0,53.0,inferred
Guildford,2021-07-05,29.0,34.0,38.0,40.0,41.0,44.0,47.0,49.0,52.0,54.0,56.0,62.0,70.0,inferred
Guildford,2021-07-06,29.0,35.0,39.0,41.0,42.0,45.0,48.0,51.0,54.0,56.0,58.0,64.0,73.0,inferred
Guildford,2021-07-07,34.0,39.0,44.0,45.0,47.0,49.0,52.0,54.0,58.0,60.0,62.0,67.0,75.0,inferred
Guildford,2021-07-08,33.0,40.0,44.0,46.0,47.0,50.0,53.0,56.0,60.0,61.0,63.0,69.0,77.5,inferred
Guildford,2021-07-09,33.0,39.0,43.0,45.0,47.0,49.0,52.0,55.0,58.0,60.0,62.0,67.0,78.0,inferred
Guildford,2021-07-10,30.0,36.0,40.0,41.0,43.0,46.0,49.0,51.0,55.0,57.0,59.0,65.0,72.0,inferred
Guildford,2021-07-11,32.0,40.0,44.0,46.0,48.0,51.0,54.0,57.0,60.0,61.0,63.0,70.0,79.0,inferred
Guildford,2021-07-12,54.0,61.0,66.0,68.0,70.0,74.0,78.0,81.0,85.0,87.0,90.0,96.0,107.5,inferred
Guildford,2021-07-13,52.0,60.0,66.0,69.0,71.0,74.0,77.0,81.0,86.0,88.0,90.0,98.0,107.5,inferred
Guildford,2021-07-14,53.0,61.0,66.0,68.0,70.7,74.0,78.0,82.0,86.0,88.0,91.0,98.0,110.5,inferred
Guildford,2021-07-15,49.0,56.0,61.0,63.8,65.0,68.0,72.0,75.0,79.0,82.0,84.0,90.0,98.5,inferred
Guildford,2021-07-16,43.0,51.0,55.0,57.0,59.0,62.0,66.0,69.0,73.0,75.0,77.0,83.0,93.0,inferred
Guildford,2021-07-17,35.0,41.0,46.0,48.0,50.0,52.0,55.0,58.0,61.0,63.0,65.0,70.0,80.0,inferred
Guildford,2021-07-18,36.0,43.0,48.0,50.0,51.0,54.0,56.0,60.0,63.0,65.0,67.0,72.0,81.0,inferred
Guildford,2021-07-19,49.5,58.0,63.0,65.0,67.0,70.0,74.0,77.0,81.0,83.0,86.0,92.0,103.0,inferred
Guildford,2021-07-20,45.0,52.0,58.0,60.0,62.0,65.0,68.0,72.0,76.0,78.0,80.0,86.0,98.0,inferred
Guildford,2021-07-21,40.0,48.0,53.0,55.0,57.0,60.0,64.0,67.0,71.0,73.0,75.0,81.1,91.0,inferred
Guildford,2021-07-22,35.0,42.9,47.0,48.0,50.0,53.0,56.0,59.0,62.0,64.0,66.0,72.0,81.0,inferred
Guildford,2021-07-23,28.0,34.0,39.0,41.0,42.0,45.0,47.0,50.0,53.0,55.0,57.0,62.0,71.5,inferred
Guildford,2021-07-24,21.0,26.0,29.0,31.0,32.0,35.0,37.0,40.0,42.0,44.0,46.0,51.0,58.0,inferred
Guildford,2021-07-25,20.0,24.0,28.0,29.0,31.0,33.0,35.0,38.0,40.0,42.0,43.0,48.0,57.0,inferred
Guildford,2021-07-26,26.5,32.9,36.0,38.0,39.0,42.0,44.0,47.0,50.0,52.0,54.0,59.0,67.0,inferred
Guildford,2021-07-27,24.0,29.0,34.0,35.0,37.0,39.0,42.0,45.0,47.0,49.0,50.0,56.0,64.0,inferred
Guildford,2021-07-28,26.0,31.0,35.0,36.0,38.0,40.0,43.0,46.0,49.0,50.0,52.0,57.0,66.5,inferred
Guildford,2021-07-29,25.0,31.0,34.0,36.0,37.7,40.0,43.0,45.0,48.0,49.2,51.0,57.0,65.0,inferred
Guildford,2021-07-30,24.0,29.0,33.0,35.0,36.0,38.0,41.0,43.0,46.0,48.0,50.0,55.0,64.0,inferred
Guildford,2021-07-31,20.0,25.0,29.0,30.0,31.0,34.0,36.0,39.0,41.0,42.0,44.0,49.0,57.0,inferred
Guildford,2021-08-01,21.0,26.9,30.0,32.0,33.0,36.0,38.0,41.0,43.0,45.0,47.0,51.0,59.0,inferred
Guildford,2021-08-02,32.0,39.0,44.0,46.0,47.0,51.0,54.0,57.0,59.0,61.0,63.0,69.0,78.0,inferred
Guildford,2021-08-03,33.0,39.0,44.0,46.0,47.0,50.0,53.0,56.0,59.0,61.0,63.0,69.0,79.0,inferred
Guildford,2021-08-04,36.0,42.0,47.0,49.0,50.0,53.0,56.0,59.0,63.0,65.0,67.0,72.0,80.5,inferred
Guildford,2021-08-05,35.0,41.0,45.0,47.0,49.0,52.0,55.0,57.0,61.0,63.0,65.0,71.0,80.0,inferred
Guildford,2021-08-06,33.0,40.0,44.0,46.0,47.0,50.0,53.0,56.0,59.0,61.0,64.0,69.0,79.0,inferred
Guildford,2021-08-07,29.0,34.0,39.0,41.0,42.0,44.0,47.0,50.0,53.0,55.0,56.0,62.0,70.0,inferred
Guildford,2021-08-08,30.0,36.0,41.0,43.0,44.0,47.0,50.0,53.0,56.0,57.0,59.0,65.0,75.0,inferred
Guildford,2021-08-09,47.0,54.0,59.0,61.0,63.0,66.0,70.0,73.0,78.0,80.0,82.0,88.0,98.0,inferred
Guildford,2021-08-10,45.5,54.0,59.0,61.0,63.0,66.0,69.0,73.0,77.0,79.0,81.0,87.0,99.0,inferred
Guildford,2021-08-11,48.0,56.0,61.0,63.0,65.0,68.0,72.0,75.0,79.0,81.0,84.0,91.0,103.0,inferred
Guildford,2021-08-12,45.0,53.0,58.0,60.0,62.0,65.0,69.0,72.0,75.0,78.0,80.0,87.0,97.0,inferred
Guildford,2021-08-13,43.0,50.0,55.0,57.0,59.0,62.0,65.0,69.0,72.0,74.0,76.0,82.0,92.0,inferred
Guildford,2021-08-14,36.0,43.0,47.0,49.0,51.0,54.0,57.0,59.0,63.0,65.0,67.0,73.0,82.5,inferred
Guildford,2021-08-15,38.0,44.0,49.0,52.0,53.0,56.0,60.0,63.0,66.0,68.0,71.0,77.0,87.0,inferred
Guildford,2021-08-16,55.0,64.0,70.0,72.0,74.0,78.0,82.0,86.0,90.0,92.0,95.0,102.1,113.0,inferred
Guildford,2021-08-17,53.0,61.9,67.0,69.0,71.0,74.6,78.0,82.0,86.0,88.0,90.0,96.0,109.0,inferred
Guildford,2021-08-18,53.0,59.0,64.0,67.0,69.0,73.0,76.0,80.0,84.0,86.0,89.0,95.0,106.0,inferred
Guildford,2021-08-19,47.0,54.0,59.0,61.0,63.0,67.0,70.0,73.0,76.0,79.0,81.0,88.0,97.0,inferred
Guildford,2021-08-20,40.0,47.0,52.0,54.0,55.0,58.0,62.0,65.0,68.0,70.0,72.0,78.0,88.0,inferred
Guildford,2021-08-21,31.0,37.0,41.0,43.0,45.0,47.0,50.0,53.0,56.0,58.0,59.2,65.0,73.0,inferred
Guildford,2021-08-22,30.0,36.0,41.0,42.0,44.0,46.6,50.0,52.0,55.0,57.0,59.0,65.0,74.0,inferred
Guildford,2021-08-23,43.0,49.0,54.8,56.0,58.0,61.0,65.0,68.0,71.0,74.0,76.0,81.0,91.0,inferred
Guildford,2021-08-24,39.5,46.0,51.0,53.0,55.0,59.0,62.0,65.0,68.0,70.0,72.0,79.0,90.0,inferred
Guildford,2021-08-25,40.0,47.0,51.0,53.0,55.0,59.0,62.0,65.0,69.0,70.0,73.0,80.0,88.0,inferred
Guildford,2021-08-26,37.0,43.0,48.0,50.0,52.0,56.0,59.0,62.0,66.0,68.0,70.0,75.0,84.0,inferred
Guildford,2021-08-27,34.5,41.0,45.0,47.0,49.0,52.0,55.0,58.0,61.0,63.0,65.0,70.0,79.0,inferred
Guildford,2021-08-28,28.5,34.0,38.0,39.0,41.0,44.0,46.0,49.0,52.0,54.0,56.0,61.0,69.5,inferred
Guildford,2021-08-29,29.0,35.0,39.0,41.0,42.0,45.0,47.0,50.0,53.0,55.0,56.0,61.0,70.0,inferred
Guildford,2021-08-30,41.0,49.0,54.0,56.0,58.0,61.0,65.0,68.0,72.0,74.0,76.2,82.0,92.5,inferred
Guildford,2021-08-31,41.0,48.0,53.0,54.0,56.0,60.0,63.0,66.0,69.0,71.0,73.0,79.0,88.0,inferred
Guildford,2021-09-01,41.0,48.0,53.0,55.0,57.0,60.0,62.0,66.0,70.0,71.0,74.0,80.0,89.0,inferred
Guildford,2021-09-02,37.0,45.0,49.0,51.0,53.0,56.0,58.5,62.0,65.0,68.0,70.0,76.0,87.0,inferred
Guildford,2021-09-03,34.0,40.0,45.0,47.0,48.0,51.0,54.0,57.0,60.0,61.0,63.0,69.0,80.0,inferred
Guildford,2021-09-04,27.0,33.0,37.0,38.0,40.0,43.0,45.0,48.0,52.0,53.0,56.0,61.0,71.0,inferred
Guildford,2021-09-05,28.0,34.0,38.0,40.0,42.0,44.0,47.0,50.0,53.0,54.0,56.0,61.0,70.5,inferred
Guildford,2021-09-06,39.0,46.0,52.0,54.0,55.0,59.0,62.0,65.0,68.0,70.0,72.0,78.0,88.0,inferred
Guildford,2021-09-07,37.0,44.0,48.8,51.0,52.0,56.0,58.0,61.0,65.0,67.0,69.0,75.0,83.0,inferred
Guildford,2021-09-08,37.0,43.0,48.0,50.8,52.0,55.0,58.0,61.0,64.0,66.0,68.0,74.0,84.0,inferred
Guildford,2021-09-09,33.0,40.0,44.0,46.0,48.0,51.0,54.0,57.0,60.0,62.0,65.0,70.0,79.0,inferred
Guildford,2021-09-10,29.0,36.0,40.0,41.0,43.0,45.0,48.0,50.0,54.0,56.0,58.0,63.0,71.0,inferred
Guildford,2021-09-11,24.0,29.0,33.0,34.0,36.0,38.0,40.0,43.0,46.0,48.0,50.0,55.0,63.0,inferred
Guildford,2021-09-12,23.0,28.0,32.0,33.0,35.0,38.0,41.0,43.0,46.0,47.0,49.0,54.0,61.0,inferred
Guildford,2021-09-13,34.0,41.0,44.0,46.0,48.0,50.0,53.0,56.0,59.0,61.0,64.0,70.0,80.0,inferred
Guildford,2021-09-14,33.0,39.0,43.0,45.0,46.0,50.0,52.0,55.0,58.0,60.0,62.0,67.0,76.0,inferred
Guildford,2021-09-15,35.0,42.0,47.0,48.0,50.0,53.0,56.0,59.0,62.0,64.0,66.0,72.0,81.0,inferred
Guildford,2021-09-16,35.0,42.0,47.0,49.0,50.0,54.0,57.0,60.0,63.0,65.0,68.0,73.0,82.0,inferred
Guildford,2021-09-17,35.0,41.0,46.0,48.0,49.0,53.0,56.0,58.0,62.0,63.0,65.0,72.0,81.0,inferred
Guildford,2021-09-18,31.0,36.0,41.8,43.0,45.0,47.0,50.0,52.0,55.0,57.0,59.0,64.0,73.0,inferred
Guildford,2021-09-19,33.0,41.0,45.0,46.0,48.0,51.0,54.0,57.0,60.0,62.0,64.0,69.1,78.0,inferred
Guildford,2021-09-20,52.0,60.0,65.0,67.0,69.0,73.0,76.0,80.0,83.0,86.0,88.0,95.0,106.0,inferred
Guildford,2021-09-21,51.0,58.0,63.0,66.0,68.0,71.0,75.0,78.0,82.0,84.0,87.0,93.0,104.5,inferred
Guildford,2021-09-22,49.0,58.0,63.0,65.0,68.0,71.0,74.0,78.0,82.0,84.0,87.0,94.0,103.5,inferred
Guildford,2021-09-23,46.5,55.0,60.0,62.0,64.0,67.0,70.0,74.0,77.0,79.0,81.0,87.0,99.0,inferred
Guildford,2021-09-24,42.0,49.0,54.0,55.0,57.0,61.0,63.0,67.0,70.0,72.0,75.0,82.0,89.0,inferred
Guildford,2021-09-25,34.0,40.0,45.0,46.0,48.0,51.0,54.0,57.0,60.0,62.0,64.0,69.0,79.5,inferred
Guildford,2021-09-26,35.0,41.0,46.0,47.8,49.0,52.0,55.0,58.0,61.0,63.0,66.0,72.0,82.0,inferred
Guildford,2021-09-27,49.0,57.0,63.0,65.0,67.0,70.0,74.0,77.0,81.0,83.0,86.0,92.0,103.5,inferred
Guildford,2021-09-28,49.0,56.0,61.0,63.0,65.0,69.0,72.0,76.0,80.0,82.0,84.0,90.1,102.0,inferred
Guildford,2021-09-29,50.0,59.0,64.0,66.0,68.0,72.0,75.0,78.0,82.0,84.0,86.0,93.0,104.0,inferred
Guildford,2021-09-30,46.5,55.0,60.0,63.0,65.0,68.0,72.0,75.0,78.0,81.0,83.0,89.0,100.0,inferred
Guildford,2021-10-01,44.0,52.0,58.0,60.0,62.0,65.0,68.5,72.0,75.0,77.0,79.0,86.0,96.0,inferred
Guildford,2021-10-02,39.0,46.0,51.0,52.0,54.0,57.0,60.0,63.0,67.0,69.0,71.0,78.0,87.0,inferred
Guildford,2021-10-03,41.0,48.9,53.0,55.0,57.0,60.0,63.0,66.0,70.0,71.2,74.0,79.0,90.0,inferred
Guildford,2021-10-04,60.0,68.0,74.0,76.0,78.0,83.0,87.0,90.0,94.0,96.0,100.0,106.1,116.0,inferred
Guildford,2021-10-05,57.0,67.0,72.0,75.0,77.0,81.0,85.0,89.0,93.0,95.0,98.0,106.0,116.5,inferred
Guildford,2021-10-06,61.0,70.0,76.0,78.0,80.0,84.0,88.0,91.0,95.0,98.0,101.0,108.0,119.0,inferred
Guildford,2021-10-07,59.0,69.0,74.0,76.0,78.0,81.0,86.0,89.0,93.0,95.0,98.0,105.0,116.0,inferred
Guildford,2021-10-08,58.0,65.0,71.0,74.0,76.0,79.0,82.0,86.0,90.0,92.0,95.0,101.0,112.0,inferred
Guildford,2021-10-09,50.0,57.0,62.0,63.0,65.0,68.0,71.0,75.0,78.0,80.0,83.0,89.0,100.0,inferred
Guildford,2021-10-10,49.0,59.9,65.0,67.0,69.0,73.0,76.0,80.0,83.0,86.0,89.0,95.0,105.5,inferred
Guildford,2021-10-11,77.0,86.0,93.0,96.0,98.0,103.0,107.0,111.0,115.0,117.0,120.0,127.1,141.5,inferred
Guildford,2021-10-12,75.5,85.0,92.0,94.0,97.0,101.0,105.0,109.0,114.0,116.0,119.0,127.0,141.0,inferred
Guildford,2021-10-13,76.0,86.0,93.0,96.0,98.0,103.0,107.0,111.0,116.0,118.0,122.0,129.0,142.0,inferred
Guildford,2021-10-14,70.0,83.0,89.0,92.0,95.0,99.0,103.0,107.0,111.0,114.0,118.0,127.0,142.0,inferred
Guildford,2021-10-15,64.0,75.0,82.0,85.0,87.7,92.0,96.0,100.0,104.0,107.0,110.0,118.0,131.0,inferred
Gwynedd,2021-07-03,8.0,11.0,13.0,14.0,15.0,16.0,18.0,20.0,21.0,22.0,24.0,26.0,32.0,inferred
Gwynedd,2021-07-04,8.0,11.0,13.0,14.0,15.0,16.0,18.0,20.0,22.0,23.0,24.0,28.0,33.0,inferred
Gwynedd,2021-07-05,14.0,17.0,20.0,21.0,22.0,24.0,26.0,28.0,30.0,31.0,32.0,36.0,43.0,inferred
Gwynedd,2021-07-06,12.0,16.0,19.0,20.0,21.0,23.0,25.0,27.0,29.0,30.0,32.0,35.0,41.5,inferred
Gwynedd,2021-07-07,12.0,16.0,19.0,20.0,21.0,23.0,25.0,27.0,29.0,30.0,32.0,36.0,43.0,inferred
Gwynedd,2021-07-08,11.0,15.0,18.0,19.0,20.0,21.0,23.0,25.0,27.0,28.0,30.0,34.0,40.0,inferred
Gwynedd,2021-07-09,9.0,13.0,15.0,16.0,17.0,19.0,20.0,22.0,24.0,26.0,27.0,30.0,36.5,inferred
Gwynedd,2021-07-10,7.0,10.0,12.0,13.0,14.0,16.0,17.0,19.0,21.0,22.0,23.0,26.0,33.0,inferred
Gwynedd,2021-07-11,6.0,10.0,12.0,13.0,14.0,16.0,17.0,19.0,20.0,21.0,23.0,26.0,32.0,inferred
Gwynedd,2021-07-12,11.0,15.0,18.0,19.0,20.0,22.0,23.0,26.0,28.0,29.0,31.0,34.0,40.5,inferred
Gwynedd,2021-07-13,10.0,14.0,17.0,18.0,19.0,21.0,23.0,25.0,28.0,29.0,31.0,35.0,41.0,inferred
Gwynedd,2021-07-14,10.0,14.0,17.0,19.0,20.0,21.0,23.0,25.0,27.0,28.0,29.0,33.0,40.0,inferred
Gwynedd,2021-07-15,9.0,13.0,16.0,17.0,18.0,19.0,21.0,23.0,25.0,26.0,28.0,32.0,38.0,inferred
Gwynedd,2021-07-16,8.0,11.0,14.0,15.0,15.0,17.0,19.0,20.0,22.0,23.0,24.0,28.0,33.0,inferred
Gwynedd,2021-07-17,6.0,9.0,11.0,12.0,13.0,14.0,15.0,17.0,18.0,19.0,21.0,24.0,30.0,inferred
Gwynedd,2021-07-18,5.0,8.0,10.0,11.0,12.0,13.0,15.0,16.0,18.0,19.0,20.0,24.0,29.5,inferred
Gwynedd,2021-07-19,9.0,12.0,15.0,16.0,17.0,18.0,20.0,22.0,24.0,25.0,26.0,30.0,36.0,inferred
Gwynedd,2021-07-20,9.0,12.0,15.0,16.0,16.0,18.0,20.0,21.0,23.0,25.0,26.0,29.0,35.0,inferred
Gwynedd,2021-07-21,8.0,11.0,14.0,15.8,16.0,18.0,20.0,21.0,23.0,24.0,26.0,30.0,36.0,inferred
Gwynedd,2021-07-22,8.0,11.0,14.0,15.0,16.0,18.0,19.0,21.0,23.0,24.0,25.0,28.0,35.0,inferred
Gwynedd,2021-07-23,7.0,10.0,12.0,13.0,14.0,16.0,17.0,18.0,20.0,21.0,22.0,25.0,31.0,inferred
Gwynedd,2021-07-24,5.0,8.0,10.0,11.0,12.0,13.0,14.0,16.0,18.0,19.0,20.0,23.0,28.0,inferred
Gwynedd,2021-07-25,5.5,8.0,10.0,11.0,12.0,13.0,15.0,16.0,18.0,19.0,20.0,24.0,29.0,inferred
Gwynedd,2021-07-26,9.0,13.0,15.0,16.0,17.0,19.0,21.0,22.0,24.0,26.0,27.0,30.0,36.0,inferred
Gwynedd,2021-07-27,9.0,13.0,15.0,16.0,17.0,19.0,20.0,22.0,24.0,25.0,26.0,30.0,37.0,inferred
Gwynedd,2021-07-28,9.0,13.0,16.0,17.0,17.0,19.0,21.0,23.0,25.0,26.0,27.0,31.0,37.0,inferred
Gwynedd,2021-07-29,9.0,12.0,15.0,16.0,17.0,18.0,20.0,22.0,24.0,25.0,27.0,30.0,38.0,inferred
Gwynedd,2021-07-30,7.0,11.0,13.0,14.0,15.0,17.0,18.0,20.0,22.0,23.0,24.0,27.0,34.0,inferred
Gwynedd,2021-07-31,6.0,9.0,11.0,12.0,13.0,14.0,16.0,17.0,19.0,20.0,21.0,24.0,30.0,inferred
Gwynedd,2021-08-01,6.0,9.0,11.0,12.0,13.0,14.0,16.0,17.0,19.0,20.0,22.0,25.0,30.0,inferred
Gwynedd,2021-08-02,10.0,14.0,17.0,18.0,19.0,21.0,23.0,25.0,27.0,28.0,29.0,33.0,41.0,inferred
Gwynedd,2021-08-03,11.0,15.0,18.0,19.0,20.0,22.0,24.0,26.0,28.0,30.0,31.0,35.0,41.0,inferred
Gwynedd,2021-08-04,13.0,16.0,19.0,21.0,22.0,24.0,26.0,28.0,30.0,31.0,33.0,37.0,44.0,inferred
Gwynedd,2021-08-05,13.0,18.0,20.0,22.0,22.0,24.0,26.0,28.0,31.0,32.0,33.0,37.0,44.0,inferred
Gwynedd,2021-08-06,13.0,17.0,20.0,21.0,22.0,24.0,26.0,27.0,30.0,31.0,32.0,36.1,43.0,inferred
Gwynedd,2021-08-07,12.0,15.0,18.0,19.0,20.0,22.0,23.0,25.0,28.0,29.0,30.0,34.0,41.0,inferred
Gwynedd,2021-08-08,12.0,16.0,19.0,20.0,21.0,23.0,25.0,27.0,29.0,30.0,32.0,36.0,42.5,inferred
Gwynedd,2021-08-09,21.0,26.0,30.0,32.0,33.0,35.0,38.0,40.0,43.0,44.0,46.0,51.0,60.0,inferred
Gwynedd,2021-08-10,23.0,29.0,33.0,34.0,36.0,38.0,41.0,43.0,46.0,48.0,49.0,55.0,61.5,inferred
Gwynedd,2021-08-11,26.0,31.0,35.0,36.0,38.0,40.0,42.0,45.0,48.0,49.0,51.0,56.0,65.0,inferred
Gwynedd,2021-08-12,26.0,32.0,36.0,38.0,39.0,42.0,44.0,47.0,50.0,51.0,53.0,58.0,66.0,inferred
Gwynedd,2021-08-13,24.0,29.0,33.0,35.0,37.0,39.0,42.0,44.0,46.3,48.0,50.0,55.0,63.0,inferred
Gwynedd,2021-08-14,20.0,26.0,30.0,32.0,33.0,35.0,38.0,40.0,42.0,44.0,46.0,51.0,59.0,inferred
Gwynedd,2021-08-15,22.0,28.0,32.0,33.0,35.0,37.0,39.0,42.0,45.0,46.0,48.0,52.0,62.0,inferred
Gwynedd,2021-08-16,37.0,43.0,48.0,50.0,51.0,54.0,57.0,60.0,63.0,65.0,67.0,73.0,84.0,inferred
Gwynedd,2021-08-17,38.5,45.0,50.0,52.0,54.0,58.0,61.0,65.0,68.0,70.0,72.0,78.0,88.0,inferred
Gwynedd,2021-08-18,40.5,48.0,53.0,55.0,56.0,59.0,62.0,66.0,69.0,71.0,73.0,80.0,89.0,inferred
Gwynedd,2021-08-19,41.0,47.0,52.0,54.0,56.0,59.0,62.0,65.0,69.0,71.0,73.0,79.0,89.0,inferred
Gwynedd,2021-08-20,36.5,43.0,48.0,50.0,52.0,55.0,58.0,61.0,64.0,66.0,68.0,74.0,82.0,inferred
Gwynedd,2021-08-21,31.5,38.0,42.0,44.0,45.0,48.0,51.0,54.0,57.0,58.0,61.0,66.0,73.0,inferred
Gwynedd,2021-08-22,34.0,41.0,44.0,46.0,48.0,50.0,53.0,56.0,59.0,61.0,63.0,68.1,77.0,inferred
Gwynedd,2021-08-23,53.0,61.0,66.0,68.0,70.0,73.0,77.0,80.0,83.0,86.0,89.0,96.0,105.5,inferred
Gwynedd,2021-08-24,55.0,63.0,68.0,71.0,73.0,76.0,80.0,84.0,88.0,90.0,93.0,100.0,111.0,inferred
Gwynedd,2021-08-25,56.0,63.0,69.0,71.0,73.0,76.0,80.0,84.0,88.0,90.0,92.0,100.0,111.0,inferred
Gwynedd,2021-08-26,55.5,63.0,69.0,71.0,73.0,77.0,80.0,84.0,87.0,90.0,92.0,99.0,111.5,inferred
Gwynedd,2021-08-27,49.0,56.0,61.0,63.0,65.0,68.0,72.0,75.0,79.0,81.0,83.0,89.0,100.0,inferred
Gwynedd,2021-08-28,40.0,47.0,52.0,54.0,55.0,58.6,62.0,65.0,68.0,70.0,72.0,78.0,88.0,inferred
Gwynedd,2021-08-29,42.0,48.0,53.0,55.0,57.0,60.0,63.0,66.0,69.0,71.0,73.0,79.0,89.5,inferred
Gwynedd,2021-08-30,61.0,71.0,77.0,79.0,82.0,85.0,89.0,93.0,97.0,99.0,102.0,109.0,120.0,inferred
Gwynedd,2021-08-31,61.0,71.0,78.0,80.0,82.0,86.0,90.0,94.0,98.0,101.0,103.0,110.0,120.0,inferred
Gwynedd,2021-09-01,62.0,72.0,78.0,81.0,83.0,87.0,91.0,94.0,98.0,100.0,102.0,110.0,122.0,inferred
Gwynedd,2021-09-02,62.0,70.0,76.0,78.0,80.0,84.0,88.0,91.0,94.0,97.0,100.0,107.0,118.0,inferred
Gwynedd,2021-09-03,53.0,60.0,66.0,68.0,70.0,74.0,78.0,81.0,85.0,87.0,89.0,96.0,106.0,inferred
Gwynedd,2021-09-04,45.0,51.0,56.0,58.0,59.0,63.0,66.0,69.0,73.0,75.0,77.0,82.0,93.0,inferred
Gwynedd,2021-09-05,44.0,51.0,57.0,58.0,60.0,63.0,66.0,69.4,73.0,75.0,77.0,83.0,93.0,inferred
Gwynedd,2021-09-06,64.0,73.0,79.0,82.0,84.0,88.0,91.0,95.0,99.0,101.2,105.0,112.0,122.5,inferred
Gwynedd,2021-09-07,63.0,73.0,79.0,82.0,84.0,88.0,93.0,97.0,101.0,103.0,106.0,113.0,125.5,inferred
Gwynedd,2021-09-08,64.5,73.0,79.0,81.0,83.0,87.0,91.0,95.0,99.0,102.0,105.0,113.0,125.0,inferred
Gwynedd,2021-09-09,61.0,71.0,76.0,79.0,81.0,85.0,88.0,92.0,96.0,99.0,101.0,109.0,121.0,inferred
Gwynedd,2021-09-10,55.0,63.0,68.0,70.0,72.0,76.0,79.0,82.0,86.0,88.0,91.0,97.0,107.0,inferred
Gwynedd,2021-09-11,45.0,53.0,57.0,59.0,61.0,65.0,68.0,71.0,76.0,78.0,80.0,86.0,95.0,inferred
Gwynedd,2021-09-12,46.0,54.0,59.0,60.0,62.0,65.0,68.0,72.0,75.0,78.0,80.0,86.0,97.0,inferred
Gwynedd,2021-09-13,66.0,76.0,82.0,85.0,87.0,92.0,95.0,99.0,104.0,106.0,108.2,116.0,126.5,inferred
Gwynedd,2021-09-14,68.0,78.0,84.0,87.0,89.0,93.0,97.0,100.0,104.0,107.0,110.0,117.0,128.0,inferred
Gwynedd,2021-09-15,69.0,78.0,85.0,87.0,90.0,94.0,98.0,101.0,106.0,108.0,111.0,118.0,129.5,inferred
Gwynedd,2021-09-16,69.0,78.0,85.0,87.0,89.0,94.0,97.0,102.0,105.0,108.0,110.0,118.0,129.5,inferred
Gwynedd,2021-09-17,63.0,72.0,77.0,79.0,81.0,85.0,89.0,92.0,96.0,98.2,101.0,107.0,120.0,inferred
Gwynedd,2021-09-18,53.0,61.0,66.0,68.0,70.0,73.0,77.0,80.0,84.0,86.0,88.0,96.0,107.0,inferred
Gwynedd,2021-09-19,54.0,62.0,68.0,70.0,72.0,75.0,79.0,82.0,87.0,89.0,91.0,97.0,107.0,inferred
Gwynedd,2021-09-20,82.0,92.0,98.0,101.0,103.0,107.0,112.0,116.0,121.0,124.0,126.0,134.0,147.0,inferred
Gwynedd,2021-09-21,83.0,91.0,98.0,100.0,103.0,107.0,111.0,116.0,121.0,123.2,126.0,135.0,148.5,inferred
Gwynedd,2021-09-22,79.0,88.0,96.0,98.0,100.0,105.0,108.0,112.0,117.0,120.0,123.0,131.0,145.0,inferred
Gwynedd,2021-09-23,73.0,81.0,88.0,91.0,93.0,97.0,101.0,105.0,109.0,112.0,115.0,122.0,134.0,inferred
Gwynedd,2021-09-24,60.0,70.0,76.0,78.0,80.0,83.0,87.0,91.0,95.0,97.0,99.0,106.0,117.0,inferred
Gwynedd,2021-09-25,48.0,55.9,60.0,62.0,64.0,68.0,71.0,74.0,78.0,80.0,82.0,89.0,99.0,inferred
Gwynedd,2021-09-26,46.0,53.0,58.0,60.8,62.0,66.0,69.0,72.0,76.0,78.0,80.0,86.0,95.0,inferred
Gwynedd,2021-09-27,64.0,73.0,79.0,81.0,84.0,87.6,92.0,95.0,99.0,102.0,105.0,112.0,123.0,inferred
Gwynedd,2021-09-28,63.0,70.9,77.0,79.0,81.0,85.0,89.0,94.0,98.0,100.0,102.0,110.0,121.0,inferred
Gwynedd,2021-09-29,61.0,70.0,76.0,78.0,80.0,84.0,88.0,91.0,95.0,97.0,100.0,107.0,118.0,inferred
Gwynedd,2021-09-30,58.0,66.0,72.0,74.0,76.0,79.6,83.0,86.0,90.0,92.0,95.0,101.0,112.5,inferred
Gwynedd,2021-10-01,50.0,58.0,63.0,65.0,66.0,70.0,73.0,76.0,80.0,82.0,84.0,90.0,100.0,inferred
Gwynedd,2021-10-02,40.0,46.0,51.0,53.0,54.0,58.0,61.0,64.0,67.3,69.0,71.0,77.0,87.0,inferred
Gwynedd,2021-10-03,38.0,46.0,50.0,52.0,54.0,57.0,60.0,63.0,67.0,68.0,71.0,76.0,85.5,inferred
Gwynedd,2021-10-04,56.5,65.0,70.0,72.0,74.0,78.0,81.0,85.4,89.0,92.0,94.0,102.0,114.0,inferred
Gwynedd,2021-10-05,56.0,64.0,70.0,72.0,74.0,78.0,81.5,85.0,90.0,92.0,95.0,102.0,115.0,inferred
Gwynedd,2021-10-06,56.0,64.9,70.0,72.0,75.0,78.0,82.0,85.0,89.0,91.0,93.0,101.0,111.0,inferred
Gwynedd,2021-10-07,54.5,63.0,69.0,71.0,73.0,77.0,80.0,83.0,87.0,89.0,91.0,98.0,110.0,inferred
Gwynedd,2021-10-08,49.0,57.0,61.0,63.0,65.0,68.0,72.0,75.0,79.0,81.0,83.0,89.0,98.5,inferred
Gwynedd,2021-10-09,40.0,48.0,52.0,54.0,56.0,59.0,61.0,64.0,68.0,69.0,72.0,77.1,87.0,inferred
Gwynedd,2021-10-10,41.0,48.0,52.0,54.0,56.0,59.0,62.0,65.0,69.0,71.0,73.0,79.0,88.0,inferred
Gwynedd,2021-10-11,60.0,70.0,75.0,77.0,80.0,83.0,87.0,91.0,95.0,97.0,100.0,107.1,117.5,inferred
Gwynedd,2021-10-12,61.0,69.0,75.0,77.0,79.0,83.0,87.0,90.0,95.0,97.0,100.0,108.0,118.5,inferred
Gwynedd,2021-10-13,57.0,66.0,73.0,75.0,78.0,81.0,85.0,88.0,92.0,95.0,98.0,105.0,117.5,inferred
Gwynedd,2021-10-14,55.0,63.0,69.0,71.0,73.0,76.0,80.0,84.0,88.0,90.0,93.0,100.0,112.0,inferred
Gwynedd,2021-10-15,44.0,53.0,59.0,61.0,63.0,66.0,70.0,73.0,77.0,79.0,81.0,88.0,99.0,inferred
Hackney,2021-07-03,69.5,79.0,86.0,88.0,91.0,96.0,100.0,104.0,109.0,112.0,116.0,125.0,141.0,inferred
Hackney,2021-07-04,77.0,87.0,94.0,96.0,99.0,104.0,108.0,113.0,118.0,121.0,124.0,134.0,146.5,inferred
Hackney,2021-07-05,117.0,130.9,139.0,142.0,145.0,151.0,156.0,161.0,166.0,170.0,174.0,185.0,200.0,inferred
Hackney,2021-07-06,121.0,132.0,140.0,143.0,145.7,151.0,156.0,161.0,167.0,170.0,174.0,183.0,197.0,inferred
Hackney,2021-07-07,126.0,139.0,148.0,151.0,154.0,160.0,165.0,171.0,177.0,179.0,183.0,192.0,208.0,inferred
Hackney,2021-07-08,124.5,136.0,146.0,150.0,153.0,159.0,164.0,169.0,175.0,178.0,183.0,194.0,212.0,inferred
Hackney,2021-07-09,118.0,131.0,140.0,144.0,147.0,153.0,158.0,163.0,169.0,171.2,175.0,185.0,201.5,inferred
Hackney,2021-07-10,102.0,115.0,124.0,127.0,129.0,134.0,140.0,145.0,151.0,153.0,157.0,165.0,181.0,inferred
Hackney,2021-07-11,110.0,122.0,130.0,133.0,136.0,142.0,147.0,152.0,158.0,162.0,166.0,175.0,189.5,inferred
Hackney,2021-07-12,164.0,178.0,188.0,192.0,196.0,204.0,211.0,217.0,223.0,226.0,231.0,242.0,260.5,inferred
Hackney,2021-07-13,159.0,176.0,186.0,190.0,194.0,200.0,206.0,211.0,218.0,221.0,226.0,238.0,253.5,inferred
Hackney,2021-07-14,166.0,180.0,191.0,195.0,199.0,206.0,212.0,218.0,225.0,228.0,232.0,242.0,266.0,inferred
Hackney,2021-07-15,154.5,172.0,183.0,187.0,191.0,197.0,202.0,208.0,216.0,220.0,225.0,238.0,256.5,inferred
Hackney,2021-07-16,142.0,157.0,167.8,171.0,174.0,180.0,186.0,191.0,197.0,201.0,205.0,216.0,233.5,inferred
Hackney,2021-07-17,117.0,131.0,139.8,143.0,146.0,152.0,157.0,162.0,167.0,171.0,174.0,185.0,200.0,inferred
Hackney,2021-07-18,118.0,131.0,139.0,143.0,145.0,151.0,156.0,162.0,168.0,171.0,175.0,184.0,199.0,inferred
Hackney,2021-07-19,165.5,181.0,191.0,195.0,199.0,205.0,211.0,217.0,225.0,230.0,234.0,245.0,264.5,inferred
Hackney,2021-07-20,150.0,165.0,176.0,180.0,184.0,191.0,197.0,204.0,210.0,214.0,217.0,229.0,245.0,inferred
Hackney,2021-07-21,145.0,157.9,167.0,170.0,173.0,180.0,186.0,191.0,198.0,201.0,205.0,215.0,235.5,inferred
Hackney,2021-07-22,125.0,139.0,148.0,152.0,155.0,161.0,167.0,173.0,179.0,182.0,185.0,195.0,211.0,inferred
Hackney,2021-07-23,103.0,115.0,124.0,127.0,130.0,135.0,140.0,145.0,151.0,154.0,158.0,167.1,182.0,inferred
Hackney,2021-07-24,78.0,88.0,96.0,99.0,102.0,106.0,111.0,115.0,120.0,123.0,126.0,134.0,147.0,inferred
Hackney,2021-07-25,73.0,83.0,90.0,92.0,95.0,99.6,104.0,108.0,112.3,115.0,118.0,127.0,143.0,inferred
Hackney,2021-07-26,94.0,108.0,116.0,119.0,121.0,126.0,132.0,138.0,143.0,146.0,149.0,158.0,172.0,inferred
Hackney,2021-07-27,89.0,99.0,107.0,110.0,112.0,118.0,122.0,127.0,133.0,136.0,141.0,149.0,163.0,inferred
Hackney,2021-07-28,90.0,102.0,110.0,112.0,115.0,120.0,124.0,129.0,134.0,137.0,140.2,150.0,166.0,inferred
Hackney,2021-07-29,87.0,99.0,106.0,109.0,112.0,116.0,120.5,126.0,131.0,133.0,136.0,146.0,161.0,inferred
Hackney,2021-07-30,80.0,90.0,98.0,101.0,103.0,107.0,112.0,116.0,122.0,125.0,128.0,137.0,148.0,inferred
Hackney,2021-07-31,65.0,75.0,81.8,84.0,87.0,91.0,95.0,100.0,104.0,107.0,110.0,118.0,130.0,inferred
Hackney,2021-08-01,66.5,76.0,83.0,86.0,88.0,92.0,97.0,101.0,106.0,108.0,110.0,118.0,132.0,inferred
Hackney,2021-08-02,95.0,107.9,116.0,119.0,122.0,127.0,132.0,137.0,142.0,145.0,148.0,157.1,175.0,inferred
Hackney,2021-08-03,90.0,104.0,111.0,114.8,117.0,122.0,127.0,132.0,137.0,140.0,144.0,154.0,171.0,inferred
Hackney,2021-08-04,95.0,106.0,113.8,116.0,119.0,124.6,129.0,134.0,138.0,142.0,145.0,154.0,170.0,inferred
Hackney,2021-08-05,91.0,103.0,110.0,113.0,115.0,119.0,124.0,129.0,134.0,137.0,141.0,150.0,164.0,inferred
Hackney,2021-08-06,83.0,93.0,101.0,104.0,106.0,111.0,115.0,120.0,125.0,128.0,131.0,140.0,157.0,inferred
Hackney,2021-08-07,68.0,79.0,85.0,87.0,89.0,94.0,98.0,102.0,107.0,110.0,113.0,121.0,134.5,inferred
Hackney,2021-08-08,70.0,79.0,86.0,89.0,91.0,95.0,99.0,103.4,108.0,111.0,113.0,122.0,135.0,inferred
Hackney,2021-08-09,102.0,112.0,120.0,122.0,125.0,130.0,135.0,140.0,146.0,149.0,152.0,162.0,178.0,inferred
Hackney,2021-08-10,95.5,107.0,115.0,118.0,120.0,125.0,130.0,135.0,141.0,144.0,147.0,156.0,171.0,inferred
Hackney,2021-08-11,93.0,106.0,113.0,116.0,119.0,124.0,129.0,134.0,140.0,143.0,146.0,157.0,174.0,inferred
Hackney,2021-08-12,87.0,98.0,107.0,110.0,112.0,117.0,121.0,126.0,132.0,135.0,139.0,147.1,162.0,inferred
Hackney,2021-08-13,77.0,88.0,95.0,97.0,100.0,105.0,109.0,114.0,119.0,121.0,125.0,133.0,148.0,inferred
Hackney,2021-08-14,61.0,73.0,79.0,81.0,83.0,87.0,91.0,94.4,99.0,102.0,105.0,112.0,123.5,inferred
Hackney,2021-08-15,60.0,70.0,76.0,78.0,80.0,85.0,89.0,93.0,98.0,100.0,103.0,111.0,124.0,inferred
Hackney,2021-08-16,84.5,96.0,104.0,107.0,109.0,114.0,118.0,122.0,128.0,131.0,133.0,143.0,157.0,inferred
Hackney,2021-08-17,80.0,91.0,97.0,100.0,102.0,107.0,112.0,116.0,121.0,123.0,126.0,134.0,149.0,inferred
Hackney,2021-08-18,78.0,88.0,96.0,99.0,102.0,106.0,111.0,116.0,120.0,123.0,126.0,135.0,147.0,inferred
Hackney,2021-08-19,74.0,84.0,90.0,93.0,95.0,99.0,104.0,109.0,114.0,116.2,119.0,128.0,142.0,inferred
Hackney,2021-08-20,64.0,74.0,80.0,83.0,85.0,89.0,92.0,97.0,100.3,103.0,106.0,114.0,127.0,inferred
Hackney,2021-08-21,51.0,59.0,65.0,67.0,69.0,72.0,76.0,80.0,85.0,87.0,90.0,96.0,108.0,inferred
Hackney,2021-08-22,51.0,58.0,64.0,67.0,69.0,73.0,76.0,80.0,83.3,86.0,88.0,95.1,107.5,inferred
Hackney,2021-08-23,70.0,81.0,87.0,90.0,93.0,97.0,101.0,105.0,109.0,112.0,115.0,123.0,135.0,inferred
Hackney,2021-08-24,65.0,76.0,82.0,84.0,87.0,91.0,96.0,99.4,104.0,107.0,110.0,118.0,130.0,inferred
Hackney,2021-08-25,68.0,77.0,83.0,85.0,88.0,93.0,97.0,101.0,106.0,109.0,111.0,119.0,131.0,inferred
Hackney,2021-08-26,63.0,73.0,80.0,83.0,84.7,89.0,92.0,96.0,101.0,104.0,107.0,115.0,126.0,inferred
Hackney,2021-08-27,57.0,66.0,72.0,74.0,77.0,81.0,85.0,89.0,93.0,96.0,98.0,106.0,116.5,inferred
Hackney,2021-08-28,47.0,54.9,61.0,62.0,64.0,68.0,72.0,76.0,80.0,83.0,85.0,93.0,102.5,inferred
Hackney,2021-08-29,46.0,55.0,61.0,63.0,64.0,68.0,71.0,75.0,79.0,81.0,84.0,91.0,103.0,inferred
Hackney,2021-08-30,67.5,77.0,84.0,86.0,89.0,93.0,97.0,102.0,107.0,109.0,112.0,119.1,134.0,inferred
Hackney,2021-08-31,65.0,75.0,80.0,83.0,85.0,90.0,94.0,98.0,103.0,106.0,109.0,117.0,129.0,inferred
Hackney,2021-09-01,65.0,75.0,81.0,84.0,87.0,91.0,96.0,100.0,105.0,107.0,110.0,119.0,131.0,inferred
Hackney,2021-09-02,63.0,71.9,78.0,81.0,83.0,87.0,91.0,95.0,99.0,102.0,105.0,113.0,124.5,inferred
Hackney,2021-09-03,56.0,64.0,69.0,72.0,75.0,79.0,83.0,87.0,91.0,93.0,96.0,103.0,115.5,inferred
Hackney,2021-09-04,47.0,54.0,59.0,61.0,63.0,67.0,70.0,74.0,78.0,79.0,82.0,89.0,103.0,inferred
Hackney,2021-09-05,46.0,55.0,60.0,62.0,64.0,68.0,71.0,74.4,78.0,80.0,83.0,90.0,101.5,inferred
Hackney,2021-09-06,64.0,75.0,81.0,84.0,86.0,91.0,95.0,99.0,104.0,107.0,109.0,117.1,129.0,inferred
Hackney,2021-09-07,59.5,69.0,75.0,78.0,80.0,84.0,88.0,92.0,97.0,100.0,102.0,110.0,121.5,inferred
Hackney,2021-09-08,56.0,65.0,72.0,74.0,76.0,80.0,84.0,88.0,93.0,95.0,98.0,105.1,117.0,inferred
Hackney,2021-09-09,51.0,58.0,65.0,67.0,69.0,73.0,76.0,80.0,85.0,87.0,90.0,97.0,110.5,inferred
Hackney,2021-09-10,41.0,49.0,54.0,57.0,59.0,62.0,66.0,69.0,73.0,75.0,78.0,84.1,96.5,inferred
Hackney,2021-09-11,32.0,39.0,44.0,46.0,47.0,50.0,54.0,57.0,60.0,62.0,64.0,71.0,81.0,inferred
Hackney,2021-09-12,29.0,36.0,40.0,42.0,43.0,46.0,49.0,52.0,55.0,56.0,59.0,65.0,75.0,inferred
Hackney,2021-09-13,40.0,48.0,54.0,56.0,58.0,61.0,65.0,68.0,72.0,74.0,76.0,83.0,93.0,inferred
Hackney,2021-09-14,39.0,45.0,50.0,52.0,54.0,57.0,61.0,63.0,67.0,69.0,72.0,77.0,89.0,inferred
Hackney,2021-09-15,39.0,46.0,51.0,53.0,55.0,58.0,61.0,65.0,69.0,71.0,74.0,80.1,92.0,inferred
Hackney,2021-09-16,37.0,44.0,49.0,51.0,53.0,56.0,60.0,63.0,66.0,69.0,71.0,78.0,89.0,inferred
Hackney,2021-09-17,34.0,41.0,46.0,48.0,50.0,52.0,56.0,58.0,62.0,64.0,67.0,72.0,82.0,inferred
Hackney,2021-09-18,27.0,34.0,39.0,40.0,42.0,45.0,47.5,50.0,53.0,55.0,57.0,63.0,73.5,inferred
Hackney,2021-09-19,28.0,34.0,39.0,41.0,42.0,45.0,48.0,51.0,54.0,57.0,59.0,65.0,74.0,inferred
Hackney,2021-09-20,41.0,50.0,56.0,58.0,60.0,64.0,67.5,71.0,75.0,77.0,80.0,87.0,98.0,inferred
Hackney,2021-09-21,42.0,50.0,55.0,57.0,59.0,63.0,66.0,70.0,73.0,76.0,78.0,84.0,95.5,inferred
Hackney,2021-09-22,43.0,50.0,55.0,58.0,60.0,64.0,67.0,71.0,76.0,78.0,81.0,87.0,97.5,inferred
Hackney,2021-09-23,41.5,50.0,55.0,57.0,58.0,62.0,65.0,69.0,72.0,75.0,77.0,84.0,95.0,inferred
Hackney,2021-09-24,38.0,44.0,49.0,51.0,53.0,56.0,59.0,63.0,67.0,69.0,71.0,77.1,89.0,inferred
Hackney,2021-09-25,30.0,37.0,41.8,44.0,45.0,48.0,51.0,54.4,57.0,59.0,62.0,67.0,77.5,inferred
Hackney,2021-09-26,31.0,38.0,42.8,45.0,46.0,49.0,52.0,55.0,59.0,60.0,63.0,68.0,81.0,inferred
Hackney,2021-09-27,46.0,54.0,60.0,62.0,64.0,68.0,71.0,75.0,79.0,81.0,84.0,92.1,104.5,inferred
Hackney,2021-09-28,44.0,52.0,57.0,60.0,62.0,66.0,69.0,73.0,77.0,80.0,82.0,89.0,100.0,inferred
Hackney,2021-09-29,45.0,52.9,59.0,61.0,63.0,67.0,71.0,74.0,78.0,80.0,83.0,90.0,100.0,inferred
Hackney,2021-09-30,44.0,51.0,57.0,59.0,61.0,65.0,68.0,71.0,75.0,77.0,80.0,87.0,96.0,inferred
Hackney,2021-10-01,38.0,45.0,51.0,53.0,55.0,59.0,62.0,66.0,70.0,72.0,74.0,80.0,89.0,inferred
Hackney,2021-10-02,31.0,39.0,43.0,45.0,47.0,50.0,53.0,56.0,59.0,61.0,63.0,69.0,79.0,inferred
Hackney,2021-10-03,33.0,38.0,44.0,46.0,47.0,50.0,53.5,57.0,60.0,62.0,65.0,70.0,81.0,inferred
Hackney,2021-10-04,47.0,55.0,61.0,63.0,65.0,69.0,72.5,76.0,81.0,83.0,86.0,93.0,104.5,inferred
Hackney,2021-10-05,45.0,53.0,59.0,61.0,63.0,66.0,70.0,74.0,78.0,80.0,83.0,90.0,102.0,inferred
Hackney,2021-10-06,46.0,54.0,60.0,63.0,65.0,68.0,72.0,76.0,80.0,82.0,85.0,91.0,101.0,inferred
Hackney,2021-10-07,45.0,53.0,59.0,61.0,63.0,67.0,70.0,74.0,78.0,80.0,83.0,91.0,101.5,inferred
Hackney,2021-10-08,42.0,49.0,54.0,57.0,58.7,62.0,65.0,69.0,73.0,75.0,78.0,84.0,95.0,inferred
Hackney,2021-10-09,34.0,42.0,46.0,47.0,50.0,53.0,56.0,60.0,63.0,65.0,67.0,73.0,84.0,inferred
Hackney,2021-10-10,36.0,43.0,48.0,49.0,51.0,55.0,58.0,61.0,65.0,67.0,69.0,75.1,87.0,inferred
Hackney,2021-10-11,52.5,61.0,67.0,69.0,71.0,76.0,80.0,84.0,88.0,90.0,93.0,101.0,112.5,inferred
Hackney,2021-10-12,50.0,58.0,65.0,67.0,70.0,74.0,78.0,81.0,86.0,88.0,91.0,98.0,109.0,inferred
Hackney,2021-10-13,50.0,59.0,64.0,67.0,70.0,74.0,77.0,81.0,86.0,88.0,91.0,98.0,110.5,inferred
Hackney,2021-10-14,48.0,56.0,61.0,64.0,66.0,70.0,74.0,78.0,82.0,84.0,87.0,94.0,107.0,inferred
Hackney,2021-10-15,43.0,50.0,56.0,58.0,59.0,63.0,67.0,72.0,76.0,78.0,81.0,88.0,100.0,inferred
Hackney and City of London,2021-07-03,69.5,79.0,86.0,88.0,91.0,96.0,100.0,104.0,109.0,112.0,116.0,125.0,141.0,inferred
Hackney and City of London,2021-07-04,77.0,87.0,94.0,96.0,99.0,104.0,108.0,113.0,118.0,121.0,124.0,134.0,146.5,inferred
Hackney and City of London,2021-07-05,117.0,130.9,139.0,142.0,145.0,151.0,156.0,161.0,166.0,170.0,174.0,185.0,200.0,inferred
Hackney and City of London,2021-07-06,121.0,132.0,140.0,143.0,145.7,151.0,156.0,161.0,167.0,170.0,174.0,183.0,197.0,inferred
Hackney and City of London,2021-07-07,126.0,139.0,148.0,151.0,154.0,160.0,165.0,171.0,177.0,179.0,183.0,192.0,208.0,inferred
Hackney and City of London,2021-07-08,124.5,136.0,146.0,150.0,153.0,159.0,164.0,169.0,175.0,178.0,183.0,194.0,212.0,inferred
Hackney and City of London,2021-07-09,118.0,131.0,140.0,144.0,147.0,153.0,158.0,163.0,169.0,171.2,175.0,185.0,201.5,inferred
Hackney and City of London,2021-07-10,102.0,115.0,124.0,127.0,129.0,134.0,140.0,145.0,151.0,153.0,157.0,165.0,181.0,inferred
Hackney and City of London,2021-07-11,110.0,122.0,130.0,133.0,136.0,142.0,147.0,152.0,158.0,162.0,166.0,175.0,189.5,inferred
Hackney and City of London,2021-07-12,164.0,178.0,188.0,192.0,196.0,204.0,211.0,217.0,223.0,226.0,231.0,242.0,260.5,inferred
Hackney and City of London,2021-07-13,159.0,176.0,186.0,190.0,194.0,200.0,206.0,211.0,218.0,221.0,226.0,238.0,253.5,inferred
Hackney and City of London,2021-07-14,166.0,180.0,191.0,195.0,199.0,206.0,212.0,218.0,225.0,228.0,232.0,242.0,266.0,inferred
Hackney and City of London,2021-07-15,154.5,172.0,183.0,187.0,191.0,197.0,202.0,208.0,216.0,220.0,225.0,238.0,256.5,inferred
Hackney and City of London,2021-07-16,142.0,157.0,167.8,171.0,174.0,180.0,186.0,191.0,197.0,201.0,205.0,216.0,233.5,inferred
Hackney and City of London,2021-07-17,117.0,131.0,139.8,143.0,146.0,152.0,157.0,162.0,167.0,171.0,174.0,185.0,200.0,inferred
Hackney and City of London,2021-07-18,118.0,131.0,139.0,143.0,145.0,151.0,156.0,162.0,168.0,171.0,175.0,184.0,199.0,inferred
Hackney and City of London,2021-07-19,165.5,181.0,191.0,195.0,199.0,205.0,211.0,217.0,225.0,230.0,234.0,245.0,264.5,inferred
Hackney and City of London,2021-07-20,150.0,165.0,176.0,180.0,184.0,191.0,197.0,204.0,210.0,214.0,217.0,229.0,245.0,inferred
Hackney and City of London,2021-07-21,145.0,157.9,167.0,170.0,173.0,180.0,186.0,191.0,198.0,201.0,205.0,215.0,235.5,inferred
Hackney and City of London,2021-07-22,125.0,139.0,148.0,152.0,155.0,161.0,167.0,173.0,179.0,182.0,185.0,195.0,211.0,inferred
Hackney and City of London,2021-07-23,103.0,115.0,124.0,127.0,130.0,135.0,140.0,145.0,151.0,154.0,158.0,167.1,182.0,inferred
Hackney and City of London,2021-07-24,78.0,88.0,96.0,99.0,102.0,106.0,111.0,115.0,120.0,123.0,126.0,134.0,147.0,inferred
Hackney and City of London,2021-07-25,73.0,83.0,90.0,92.0,95.0,99.6,104.0,108.0,112.3,115.0,118.0,127.0,143.0,inferred
Hackney and City of London,2021-07-26,94.0,108.0,116.0,119.0,121.0,126.0,132.0,138.0,143.0,146.0,149.0,158.0,172.0,inferred
Hackney and City of London,2021-07-27,89.0,99.0,107.0,110.0,112.0,118.0,122.0,127.0,133.0,136.0,141.0,149.0,163.0,inferred
Hackney and City of London,2021-07-28,90.0,102.0,110.0,112.0,115.0,120.0,124.0,129.0,134.0,137.0,140.2,150.0,166.0,inferred
Hackney and City of London,2021-07-29,87.0,99.0,106.0,109.0,112.0,116.0,120.5,126.0,131.0,133.0,136.0,146.0,161.0,inferred
Hackney and City of London,2021-07-30,80.0,90.0,98.0,101.0,103.0,107.0,112.0,116.0,122.0,125.0,128.0,137.0,148.0,inferred
Hackney and City of London,2021-07-31,65.0,75.0,81.8,84.0,87.0,91.0,95.0,100.0,104.0,107.0,110.0,118.0,130.0,inferred
Hackney and City of London,2021-08-01,66.5,76.0,83.0,86.0,88.0,92.0,97.0,101.0,106.0,108.0,110.0,118.0,132.0,inferred
Hackney and City of London,2021-08-02,95.0,107.9,116.0,119.0,122.0,127.0,132.0,137.0,142.0,145.0,148.0,157.1,175.0,inferred
Hackney and City of London,2021-08-03,90.0,104.0,111.0,114.8,117.0,122.0,127.0,132.0,137.0,140.0,144.0,154.0,171.0,inferred
Hackney and City of London,2021-08-04,95.0,106.0,113.8,116.0,119.0,124.6,129.0,134.0,138.0,142.0,145.0,154.0,170.0,inferred
Hackney and City of London,2021-08-05,91.0,103.0,110.0,113.0,115.0,119.0,124.0,129.0,134.0,137.0,141.0,150.0,164.0,inferred
Hackney and City of London,2021-08-06,83.0,93.0,101.0,104.0,106.0,111.0,115.0,120.0,125.0,128.0,131.0,140.0,157.0,inferred
Hackney and City of London,2021-08-07,68.0,79.0,85.0,87.0,89.0,94.0,98.0,102.0,107.0,110.0,113.0,121.0,134.5,inferred
Hackney and City of London,2021-08-08,70.0,79.0,86.0,89.0,91.0,95.0,99.0,103.4,108.0,111.0,113.0,122.0,135.0,inferred
Hackney and City of London,2021-08-09,102.0,112.0,120.0,122.0,125.0,130.0,135.0,140.0,146.0,149.0,152.0,162.0,178.0,inferred
Hackney and City of London,2021-08-10,95.5,107.0,115.0,118.0,120.0,125.0,130.0,135.0,141.0,144.0,147.0,156.0,171.0,inferred
Hackney and City of London,2021-08-11,93.0,106.0,113.0,116.0,119.0,124.0,129.0,134.0,140.0,143.0,146.0,157.0,174.0,inferred
Hackney and City of London,2021-08-12,87.0,98.0,107.0,110.0,112.0,117.0,121.0,126.0,132.0,135.0,139.0,147.1,162.0,inferred
Hackney and City of London,2021-08-13,77.0,88.0,95.0,97.0,100.0,105.0,109.0,114.0,119.0,121.0,125.0,133.0,148.0,inferred
Hackney and City of London,2021-08-14,61.0,73.0,79.0,81.0,83.0,87.0,91.0,94.4,99.0,102.0,105.0,112.0,123.5,inferred
Hackney and City of London,2021-08-15,60.0,70.0,76.0,78.0,80.0,85.0,89.0,93.0,98.0,100.0,103.0,111.0,124.0,inferred
Hackney and City of London,2021-08-16,84.5,96.0,104.0,107.0,109.0,114.0,118.0,122.0,128.0,131.0,133.0,143.0,157.0,inferred
Hackney and City of London,2021-08-17,80.0,91.0,97.0,100.0,102.0,107.0,112.0,116.0,121.0,123.0,126.0,134.0,149.0,inferred
Hackney and City of London,2021-08-18,78.0,88.0,96.0,99.0,102.0,106.0,111.0,116.0,120.0,123.0,126.0,135.0,147.0,inferred
Hackney and City of London,2021-08-19,74.0,84.0,90.0,93.0,95.0,99.0,104.0,109.0,114.0,116.2,119.0,128.0,142.0,inferred
Hackney and City of London,2021-08-20,64.0,74.0,80.0,83.0,85.0,89.0,92.0,97.0,100.3,103.0,106.0,114.0,127.0,inferred
Hackney and City of London,2021-08-21,51.0,59.0,65.0,67.0,69.0,72.0,76.0,80.0,85.0,87.0,90.0,96.0,108.0,inferred
Hackney and City of London,2021-08-22,51.0,58.0,64.0,67.0,69.0,73.0,76.0,80.0,83.3,86.0,88.0,95.1,107.5,inferred
Hackney and City of London,2021-08-23,70.0,81.0,87.0,90.0,93.0,97.0,101.0,105.0,109.0,112.0,115.0,123.0,135.0,inferred
Hackney and City of London,2021-08-24,65.0,76.0,82.0,84.0,87.0,91.0,96.0,99.4,104.0,107.0,110.0,118.0,130.0,inferred
Hackney and City of London,2021-08-25,68.0,77.0,83.0,85.0,88.0,93.0,97.0,101.0,106.0,109.0,111.0,119.0,131.0,inferred
Hackney and City of London,2021-08-26,63.0,73.0,80.0,83.0,84.7,89.0,92.0,96.0,101.0,104.0,107.0,115.0,126.0,inferred
Hackney and City of London,2021-08-27,57.0,66.0,72.0,74.0,77.0,81.0,85.0,89.0,93.0,96.0,98.0,106.0,116.5,inferred
Hackney and City of London,2021-08-28,47.0,54.9,61.0,62.0,64.0,68.0,72.0,76.0,80.0,83.0,85.0,93.0,102.5,inferred
Hackney and City of London,2021-08-29,46.0,55.0,61.0,63.0,64.0,68.0,71.0,75.0,79.0,81.0,84.0,91.0,103.0,inferred
Hackney and City of London,2021-08-30,67.5,77.0,84.0,86.0,89.0,93.0,97.0,102.0,107.0,109.0,112.0,119.1,134.0,inferred
Hackney and City of London,2021-08-31,65.0,75.0,80.0,83.0,85.0,90.0,94.0,98.0,103.0,106.0,109.0,117.0,129.0,inferred
Hackney and City of London,2021-09-01,65.0,75.0,81.0,84.0,87.0,91.0,96.0,100.0,105.0,107.0,110.0,119.0,131.0,inferred
Hackney and City of London,2021-09-02,63.0,71.9,78.0,81.0,83.0,87.0,91.0,95.0,99.0,102.0,105.0,113.0,124.5,inferred
Hackney and City of London,2021-09-03,56.0,64.0,69.0,72.0,75.0,79.0,83.0,87.0,91.0,93.0,96.0,103.0,115.5,inferred
Hackney and City of London,2021-09-04,47.0,54.0,59.0,61.0,63.0,67.0,70.0,74.0,78.0,79.0,82.0,89.0,103.0,inferred
Hackney and City of London,2021-09-05,46.0,55.0,60.0,62.0,64.0,68.0,71.0,74.4,78.0,80.0,83.0,90.0,101.5,inferred
Hackney and City of London,2021-09-06,64.0,75.0,81.0,84.0,86.0,91.0,95.0,99.0,104.0,107.0,109.0,117.1,129.0,inferred
Hackney and City of London,2021-09-07,59.5,69.0,75.0,78.0,80.0,84.0,88.0,92.0,97.0,100.0,102.0,110.0,121.5,inferred
Hackney and City of London,2021-09-08,56.0,65.0,72.0,74.0,76.0,80.0,84.0,88.0,93.0,95.0,98.0,105.1,117.0,inferred
Hackney and City of London,2021-09-09,51.0,58.0,65.0,67.0,69.0,73.0,76.0,80.0,85.0,87.0,90.0,97.0,110.5,inferred
Hackney and City of London,2021-09-10,41.0,49.0,54.0,57.0,59.0,62.0,66.0,69.0,73.0,75.0,78.0,84.1,96.5,inferred
Hackney and City of London,2021-09-11,32.0,39.0,44.0,46.0,47.0,50.0,54.0,57.0,60.0,62.0,64.0,71.0,81.0,inferred
Hackney and City of London,2021-09-12,29.0,36.0,40.0,42.0,43.0,46.0,49.0,52.0,55.0,56.0,59.0,65.0,75.0,inferred
Hackney and City of London,2021-09-13,40.0,48.0,54.0,56.0,58.0,61.0,65.0,68.0,72.0,74.0,76.0,83.0,93.0,inferred
Hackney and City of London,2021-09-14,39.0,45.0,50.0,52.0,54.0,57.0,61.0,63.0,67.0,69.0,72.0,77.0,89.0,inferred
Hackney and City of London,2021-09-15,39.0,46.0,51.0,53.0,55.0,58.0,61.0,65.0,69.0,71.0,74.0,80.1,92.0,inferred
Hackney and City of London,2021-09-16,37.0,44.0,49.0,51.0,53.0,56.0,60.0,63.0,66.0,69.0,71.0,78.0,89.0,inferred
Hackney and City of London,2021-09-17,34.0,41.0,46.0,48.0,50.0,52.0,56.0,58.0,62.0,64.0,67.0,72.0,82.0,inferred
Hackney and City of London,2021-09-18,27.0,34.0,39.0,40.0,42.0,45.0,47.5,50.0,53.0,55.0,57.0,63.0,73.5,inferred
Hackney and City of London,2021-09-19,28.0,34.0,39.0,41.0,42.0,45.0,48.0,51.0,54.0,57.0,59.0,65.0,74.0,inferred
Hackney and City of London,2021-09-20,41.0,50.0,56.0,58.0,60.0,64.0,67.5,71.0,75.0,77.0,80.0,87.0,98.0,inferred
Hackney and City of London,2021-09-21,42.0,50.0,55.0,57.0,59.0,63.0,66.0,70.0,73.0,76.0,78.0,84.0,95.5,inferred
Hackney and City of London,2021-09-22,43.0,50.0,55.0,58.0,60.0,64.0,67.0,71.0,76.0,78.0,81.0,87.0,97.5,inferred
Hackney and City of London,2021-09-23,41.5,50.0,55.0,57.0,58.0,62.0,65.0,69.0,72.0,75.0,77.0,84.0,95.0,inferred
Hackney and City of London,2021-09-24,38.0,44.0,49.0,51.0,53.0,56.0,59.0,63.0,67.0,69.0,71.0,77.1,89.0,inferred
Hackney and City of London,2021-09-25,30.0,37.0,41.8,44.0,45.0,48.0,51.0,54.4,57.0,59.0,62.0,67.0,77.5,inferred
Hackney and City of London,2021-09-26,31.0,38.0,42.8,45.0,46.0,49.0,52.0,55.0,59.0,60.0,63.0,68.0,81.0,inferred
Hackney and City of London,2021-09-27,46.0,54.0,60.0,62.0,64.0,68.0,71.0,75.0,79.0,81.0,84.0,92.1,104.5,inferred
Hackney and City of London,2021-09-28,44.0,52.0,57.0,60.0,62.0,66.0,69.0,73.0,77.0,80.0,82.0,89.0,100.0,inferred
Hackney and City of London,2021-09-29,45.0,52.9,59.0,61.0,63.0,67.0,71.0,74.0,78.0,80.0,83.0,90.0,100.0,inferred
Hackney and City of London,2021-09-30,44.0,51.0,57.0,59.0,61.0,65.0,68.0,71.0,75.0,77.0,80.0,87.0,96.0,inferred
Hackney and City of London,2021-10-01,38.0,45.0,51.0,53.0,55.0,59.0,62.0,66.0,70.0,72.0,74.0,80.0,89.0,inferred
Hackney and City of London,2021-10-02,31.0,39.0,43.0,45.0,47.0,50.0,53.0,56.0,59.0,61.0,63.0,69.0,79.0,inferred
Hackney and City of London,2021-10-03,33.0,38.0,44.0,46.0,47.0,50.0,53.5,57.0,60.0,62.0,65.0,70.0,81.0,inferred
Hackney and City of London,2021-10-04,47.0,55.0,61.0,63.0,65.0,69.0,72.5,76.0,81.0,83.0,86.0,93.0,104.5,inferred
Hackney and City of London,2021-10-05,45.0,53.0,59.0,61.0,63.0,66.0,70.0,74.0,78.0,80.0,83.0,90.0,102.0,inferred
Hackney and City of London,2021-10-06,46.0,54.0,60.0,63.0,65.0,68.0,72.0,76.0,80.0,82.0,85.0,91.0,101.0,inferred
Hackney and City of London,2021-10-07,45.0,53.0,59.0,61.0,63.0,67.0,70.0,74.0,78.0,80.0,83.0,91.0,101.5,inferred
Hackney and City of London,2021-10-08,42.0,49.0,54.0,57.0,58.7,62.0,65.0,69.0,73.0,75.0,78.0,84.0,95.0,inferred
Hackney and City of London,2021-10-09,34.0,42.0,46.0,47.0,50.0,53.0,56.0,60.0,63.0,65.0,67.0,73.0,84.0,inferred
Hackney and City of London,2021-10-10,36.0,43.0,48.0,49.0,51.0,55.0,58.0,61.0,65.0,67.0,69.0,75.1,87.0,inferred
Hackney and City of London,2021-10-11,52.5,61.0,67.0,69.0,71.0,76.0,80.0,84.0,88.0,90.0,93.0,101.0,112.5,inferred
Hackney and City of London,2021-10-12,50.0,58.0,65.0,67.0,70.0,74.0,78.0,81.0,86.0,88.0,91.0,98.0,109.0,inferred
Hackney and City of London,2021-10-13,50.0,59.0,64.0,67.0,70.0,74.0,77.0,81.0,86.0,88.0,91.0,98.0,110.5,inferred
Hackney and City of London,2021-10-14,48.0,56.0,61.0,64.0,66.0,70.0,74.0,78.0,82.0,84.0,87.0,94.0,107.0,inferred
Hackney and City of London,2021-10-15,43.0,50.0,56.0,58.0,59.0,63.0,67.0,72.0,76.0,78.0,81.0,88.0,100.0,inferred
Halton,2021-07-03,31.0,36.0,39.0,40.0,41.0,44.0,46.0,48.0,51.0,52.0,54.0,59.0,65.0,inferred
Halton,2021-07-04,35.0,41.0,44.0,45.0,47.0,49.0,51.0,54.0,56.0,58.0,59.0,64.0,71.0,inferred
Halton,2021-07-05,54.0,62.0,66.0,68.0,69.0,72.0,74.0,77.0,80.0,82.0,84.0,89.0,98.0,inferred
Halton,2021-07-06,53.0,59.0,64.0,66.0,67.0,69.0,72.0,75.0,78.0,79.0,81.0,86.0,93.0,inferred
Halton,2021-07-07,56.0,63.0,67.0,69.0,71.0,74.0,76.0,79.0,82.0,84.0,85.0,91.0,98.0,inferred
Halton,2021-07-08,54.0,62.0,66.0,68.0,69.7,73.0,76.0,78.0,81.0,83.0,85.0,90.0,99.0,inferred
Halton,2021-07-09,49.0,56.0,60.0,62.0,63.0,66.0,69.0,71.4,75.0,76.0,78.0,82.0,90.0,inferred
Halton,2021-07-10,41.0,47.0,51.0,53.0,54.0,57.0,60.0,62.0,65.0,67.0,68.0,73.0,81.0,inferred
Halton,2021-07-11,46.0,52.0,57.0,58.8,60.0,62.6,65.0,68.0,71.0,72.0,74.0,79.0,87.0,inferred
Halton,2021-07-12,71.0,79.0,84.0,85.8,87.0,90.0,93.0,97.0,101.0,103.0,105.0,111.0,122.0,inferred
Halton,2021-07-13,66.0,74.0,79.0,81.0,83.0,86.0,89.0,93.0,96.0,99.0,101.0,107.0,115.0,inferred
Halton,2021-07-14,67.5,75.0,79.0,81.0,84.0,87.0,90.0,93.0,96.0,98.0,101.0,107.0,118.0,inferred
Halton,2021-07-15,63.0,71.0,76.0,78.0,80.0,83.0,86.0,88.4,93.0,95.0,96.2,103.0,111.0,inferred
Halton,2021-07-16,54.0,60.0,65.0,67.0,69.0,72.0,74.0,77.0,80.0,82.0,83.2,89.0,96.5,inferred
Halton,2021-07-17,42.0,48.0,52.0,54.0,56.0,58.0,61.0,63.0,67.0,68.0,70.0,75.0,81.0,inferred
Halton,2021-07-18,45.0,50.0,55.0,56.0,58.0,60.0,63.0,65.0,68.0,70.0,72.0,77.0,85.5,inferred
Halton,2021-07-19,63.0,70.0,75.0,77.0,79.0,82.0,85.0,88.0,91.3,93.0,95.0,101.0,112.0,inferred
Halton,2021-07-20,55.0,63.0,67.8,69.0,71.0,74.0,77.0,80.0,84.0,86.0,88.0,93.0,102.0,inferred
Halton,2021-07-21,53.0,60.0,64.0,66.0,67.0,71.0,73.0,76.0,80.0,82.0,84.0,89.0,96.0,inferred
Halton,2021-07-22,47.0,54.0,59.0,60.0,62.0,65.0,67.0,70.0,73.0,74.0,77.0,82.0,90.0,inferred
Halton,2021-07-23,39.0,45.0,49.0,50.0,52.0,54.0,57.0,59.0,61.0,63.0,64.0,69.0,77.5,inferred
Halton,2021-07-24,30.0,35.0,38.0,39.0,40.0,42.0,44.5,47.0,49.0,50.0,52.0,57.0,64.0,inferred
Halton,2021-07-25,29.0,34.0,37.0,39.0,40.0,42.0,45.0,47.0,49.0,50.0,52.0,56.0,63.0,inferred
Halton,2021-07-26,40.0,46.0,51.0,53.0,54.0,57.0,59.0,62.0,64.0,66.0,68.0,73.0,80.5,inferred
Halton,2021-07-27,37.0,43.0,47.0,48.0,50.0,52.0,55.0,57.0,60.0,61.0,63.0,68.0,75.0,inferred
Halton,2021-07-28,38.0,44.0,48.0,49.0,50.0,53.0,55.0,58.0,61.0,62.0,64.0,70.0,77.0,inferred
Halton,2021-07-29,37.0,43.0,47.0,49.0,50.0,53.0,55.0,58.0,60.0,61.0,63.0,68.0,76.0,inferred
Halton,2021-07-30,31.5,37.9,41.0,43.0,44.0,46.0,49.0,51.0,54.0,55.0,57.0,61.0,68.0,inferred
Halton,2021-07-31,25.0,31.0,34.0,35.0,37.0,39.0,41.0,43.0,46.0,47.0,48.0,52.0,58.0,inferred
Halton,2021-08-01,29.0,34.0,37.0,39.0,40.0,42.0,45.0,47.0,49.0,51.0,52.0,56.0,62.0,inferred
Halton,2021-08-02,42.5,50.0,53.8,55.0,57.0,60.0,62.0,65.0,68.0,69.0,71.0,76.0,85.0,inferred
Halton,2021-08-03,42.0,48.0,52.0,53.0,54.0,57.0,59.0,62.0,64.0,66.0,68.0,72.0,79.0,inferred
Halton,2021-08-04,42.0,48.0,52.0,54.0,55.0,57.0,60.0,63.0,66.0,67.0,69.0,74.0,83.0,inferred
Halton,2021-08-05,40.0,47.0,51.0,52.0,54.0,56.0,59.0,62.0,65.0,66.0,69.0,74.0,82.0,inferred
Halton,2021-08-06,37.0,42.0,45.0,47.0,48.0,50.0,53.0,55.0,58.0,59.0,61.0,65.0,72.0,inferred
Halton,2021-08-07,29.0,35.0,38.0,39.0,40.0,42.0,44.0,47.0,49.0,50.0,52.0,56.0,64.0,inferred
Halton,2021-08-08,31.0,37.0,40.0,41.0,43.0,45.0,47.0,50.0,52.0,53.0,55.0,59.0,66.0,inferred
Halton,2021-08-09,47.0,53.0,57.0,59.0,61.0,63.0,66.0,68.0,71.0,73.0,75.0,80.0,88.0,inferred
Halton,2021-08-10,43.0,49.0,53.0,55.0,57.0,60.0,62.0,65.0,68.0,70.0,72.0,77.0,85.0,inferred
Halton,2021-08-11,44.0,50.0,55.0,56.0,58.0,61.0,63.0,66.0,69.0,71.0,72.0,77.0,86.0,inferred
Halton,2021-08-12,43.0,50.0,54.0,55.0,57.0,59.0,61.0,64.0,67.0,68.0,70.0,75.0,82.0,inferred
Halton,2021-08-13,37.0,43.0,46.0,48.0,49.0,52.0,54.0,56.0,59.0,61.0,63.0,67.0,75.0,inferred
Halton,2021-08-14,30.5,35.0,38.0,40.0,41.0,43.0,46.0,48.0,50.0,52.0,53.0,57.0,64.0,inferred
Halton,2021-08-15,33.0,38.0,41.0,42.0,44.0,46.0,48.0,51.0,53.0,54.2,56.0,62.0,68.5,inferred
Halton,2021-08-16,47.0,54.0,59.0,61.0,62.0,65.0,68.0,70.0,74.0,75.0,77.0,82.0,90.5,inferred
Halton,2021-08-17,46.0,51.0,56.0,57.0,59.0,62.0,64.0,67.0,70.0,71.2,73.0,78.0,86.0,inferred
Halton,2021-08-18,46.0,52.0,56.0,57.8,59.0,62.0,65.0,67.0,71.0,72.0,74.0,79.0,87.0,inferred
Halton,2021-08-19,45.0,50.0,54.0,56.0,58.0,61.0,63.5,66.0,69.0,71.0,72.0,77.0,86.0,inferred
Halton,2021-08-20,39.0,44.0,48.0,50.0,51.0,54.0,56.0,59.0,61.0,63.0,65.0,69.0,77.5,inferred
Halton,2021-08-21,31.0,37.0,41.0,42.0,43.0,45.0,48.0,50.0,53.0,54.0,55.0,59.0,65.5,inferred
Halton,2021-08-22,34.0,39.0,43.0,45.0,46.0,49.0,51.0,54.0,56.0,58.0,59.0,64.0,71.0,inferred
Halton,2021-08-23,50.0,57.0,62.0,64.0,65.0,68.0,71.0,74.0,77.0,79.0,81.0,86.0,96.0,inferred
Halton,2021-08-24,49.0,55.0,59.0,61.0,63.0,66.0,70.0,72.0,75.0,77.0,79.0,84.1,92.5,inferred
Halton,2021-08-25,53.0,59.0,64.0,66.0,67.0,70.0,72.0,75.0,78.0,80.0,82.0,87.0,96.0,inferred
Halton,2021-08-26,51.0,58.0,63.0,65.0,67.0,69.0,72.0,75.0,78.0,80.0,82.0,87.0,96.0,inferred
Halton,2021-08-27,48.0,54.0,58.0,60.0,62.0,65.0,67.0,70.0,72.0,74.0,76.0,82.0,91.0,inferred
Halton,2021-08-28,40.0,46.0,50.0,52.0,53.0,56.0,58.0,61.0,63.0,65.0,66.0,71.0,79.0,inferred
Halton,2021-08-29,46.0,52.0,56.0,57.0,59.0,61.0,64.0,67.0,70.0,71.0,73.0,78.0,86.0,inferred
Halton,2021-08-30,69.0,76.0,82.0,84.0,86.0,89.0,92.0,95.0,98.0,100.0,102.0,109.0,119.0,inferred
Halton,2021-08-31,66.0,74.0,79.0,81.0,83.0,86.0,89.0,92.0,96.0,98.0,100.0,106.0,116.0,inferred
Halton,2021-09-01,66.0,74.0,79.0,81.0,83.0,87.0,90.0,93.0,97.0,99.0,101.2,107.0,117.0,inferred
Halton,2021-09-02,64.0,72.0,77.0,79.0,81.0,84.0,87.0,90.0,94.0,96.0,98.0,103.0,114.0,inferred
Halton,2021-09-03,58.0,63.0,68.0,70.0,71.0,74.0,77.0,80.0,83.0,85.0,87.0,92.0,100.0,inferred
Halton,2021-09-04,46.0,53.0,57.0,59.0,60.0,63.0,66.0,68.0,70.0,72.0,73.0,79.0,87.5,inferred
Halton,2021-09-05,49.0,56.0,60.0,62.0,63.0,66.0,69.0,71.0,75.0,76.0,78.0,83.0,91.0,inferred
Halton,2021-09-06,73.0,80.0,85.0,87.0,89.0,92.0,95.0,98.0,102.0,104.0,107.0,113.0,122.0,inferred
Halton,2021-09-07,65.0,73.0,78.0,80.0,81.0,85.0,88.0,92.0,95.0,97.0,99.0,105.0,114.0,inferred
Halton,2021-09-08,63.0,70.9,76.0,77.0,79.0,82.0,86.0,88.0,92.0,94.0,96.0,102.0,113.0,inferred
Halton,2021-09-09,58.0,65.0,69.0,71.0,73.0,75.0,78.0,82.0,85.0,87.0,89.0,94.0,102.5,inferred
Halton,2021-09-10,47.0,53.0,57.0,59.0,60.0,63.0,66.0,68.0,71.0,73.0,75.0,80.0,88.0,inferred
Halton,2021-09-11,36.0,41.0,45.0,47.0,48.0,50.0,52.0,55.0,57.0,59.0,60.0,65.0,72.0,inferred
Halton,2021-09-12,35.0,41.0,45.0,47.0,48.0,50.0,53.0,55.0,58.0,59.0,61.0,66.0,73.0,inferred
Halton,2021-09-13,51.0,57.0,61.0,63.0,65.0,68.0,71.0,73.0,77.0,78.0,81.0,86.0,94.0,inferred
Halton,2021-09-14,46.0,53.0,57.0,59.0,60.0,63.0,66.0,69.0,72.0,73.0,75.0,80.0,89.0,inferred
Halton,2021-09-15,48.0,54.0,58.0,60.0,62.0,64.0,67.0,70.0,73.0,74.0,76.0,81.0,90.0,inferred
Halton,2021-09-16,46.0,53.0,57.0,58.0,60.0,63.0,66.0,69.0,71.0,73.0,75.0,80.0,87.0,inferred
Halton,2021-09-17,42.0,48.0,52.0,53.0,55.0,57.0,60.0,62.0,65.0,66.0,68.0,73.0,81.0,inferred
Halton,2021-09-18,34.0,40.0,43.0,45.0,46.0,49.0,51.0,53.0,56.0,57.0,59.0,63.0,70.0,inferred
Halton,2021-09-19,37.0,43.0,46.0,48.0,49.0,52.0,54.0,57.0,60.0,62.0,63.2,68.0,76.0,inferred
Halton,2021-09-20,56.0,62.9,68.0,69.8,71.0,74.6,77.0,80.0,84.0,85.0,87.0,93.0,103.0,inferred
Halton,2021-09-21,52.0,59.0,64.0,65.0,67.0,70.0,73.0,76.0,79.0,81.0,83.0,89.0,97.0,inferred
Halton,2021-09-22,54.0,60.0,65.0,67.0,68.0,71.0,74.0,77.0,80.0,82.0,84.0,89.0,99.0,inferred
Halton,2021-09-23,53.0,59.0,63.0,65.0,66.0,70.0,73.0,76.0,79.0,81.0,83.0,88.0,95.5,inferred
Halton,2021-09-24,45.5,52.0,56.0,58.0,60.0,62.0,65.0,68.0,71.0,73.0,74.0,79.0,87.0,inferred
Halton,2021-09-25,38.0,44.0,48.0,50.0,51.0,53.0,56.0,58.0,61.0,62.0,64.0,69.0,76.0,inferred
Halton,2021-09-26,42.0,48.0,52.0,53.0,55.0,57.0,60.0,62.0,65.0,67.0,69.0,73.0,81.0,inferred
Halton,2021-09-27,63.0,69.0,74.0,77.0,79.0,82.0,85.0,88.0,92.0,93.0,96.0,101.0,112.5,inferred
Halton,2021-09-28,60.0,68.0,74.0,76.0,78.0,81.0,84.0,86.0,90.0,92.0,94.0,100.0,110.0,inferred
Halton,2021-09-29,65.0,73.0,77.0,79.0,82.0,84.0,87.0,91.0,95.0,96.0,98.0,104.0,113.0,inferred
Halton,2021-09-30,66.0,74.0,79.0,81.0,83.0,87.0,90.0,93.0,96.0,98.0,100.0,105.0,116.0,inferred
Halton,2021-10-01,61.0,68.0,73.0,75.0,77.0,80.0,83.0,87.0,90.0,92.0,94.0,99.0,108.0,inferred
Halton,2021-10-02,53.0,59.0,64.0,66.0,67.7,71.0,74.0,76.0,80.0,81.0,83.0,88.0,96.0,inferred
Halton,2021-10-03,59.0,67.0,72.0,74.0,75.0,78.0,81.0,84.0,88.0,90.0,92.0,97.0,108.0,inferred
Halton,2021-10-04,91.0,99.0,105.0,108.0,110.0,114.0,118.0,121.0,125.0,128.0,131.0,137.0,148.0,inferred
Halton,2021-10-05,89.0,97.9,103.0,106.0,108.0,112.0,116.0,119.0,123.0,125.0,127.0,134.0,144.0,inferred
Halton,2021-10-06,92.0,102.0,108.0,110.0,112.0,115.0,119.0,124.0,127.0,130.0,132.0,139.0,147.0,inferred
Halton,2021-10-07,91.0,101.0,107.0,109.0,111.0,115.0,118.0,122.0,125.0,127.0,130.0,137.0,147.0,inferred
Halton,2021-10-08,81.0,91.0,97.0,99.0,101.0,104.0,107.0,110.0,114.0,116.0,118.0,125.0,133.0,inferred
Halton,2021-10-09,69.0,76.0,82.0,84.0,85.0,88.6,92.0,96.0,99.0,101.0,103.0,109.0,117.0,inferred
Halton,2021-10-10,76.0,84.0,90.0,91.0,93.0,97.0,100.0,104.0,108.0,110.0,112.0,118.0,129.0,inferred
Halton,2021-10-11,113.5,123.0,129.0,132.0,134.0,139.0,143.0,147.0,152.0,154.0,157.0,165.0,177.0,inferred
Halton,2021-10-12,106.0,115.0,123.0,125.0,128.0,132.0,135.0,139.0,143.0,146.0,149.0,156.0,168.5,inferred
Halton,2021-10-13,103.0,113.0,120.0,123.0,125.0,129.0,133.0,137.0,141.0,143.2,146.0,154.0,167.0,inferred
Halton,2021-10-14,96.0,106.0,113.0,115.0,118.0,122.0,125.0,129.0,133.0,136.0,138.0,145.0,154.0,inferred
Halton,2021-10-15,80.0,90.0,96.0,99.0,101.0,104.0,108.0,112.0,115.0,117.0,120.0,128.0,139.0,inferred
Hambleton,2021-07-03,15.0,19.0,23.0,24.0,26.0,28.0,31.0,33.0,36.0,37.0,39.0,44.0,53.0,inferred
Hambleton,2021-07-04,21.0,26.0,29.0,31.0,32.0,35.0,38.0,40.0,43.0,45.0,47.0,52.0,61.5,inferred
Hambleton,2021-07-05,38.0,44.0,49.0,50.0,52.0,55.0,58.0,61.0,65.0,67.0,69.0,76.0,85.0,inferred
Hambleton,2021-07-06,39.0,46.0,50.0,52.0,54.0,57.0,60.0,63.0,66.0,68.0,70.0,76.0,86.0,inferred
Hambleton,2021-07-07,42.0,49.0,54.0,56.0,58.0,61.0,64.0,67.4,70.3,72.0,74.0,80.0,88.0,inferred
Hambleton,2021-07-08,43.5,51.0,56.0,57.8,60.0,63.0,66.0,70.0,73.0,74.0,77.0,83.0,93.0,inferred
Hambleton,2021-07-09,42.0,49.9,55.0,57.0,59.0,62.0,65.0,68.0,71.0,73.0,75.0,81.0,92.0,inferred
Hambleton,2021-07-10,38.0,44.0,49.0,51.0,53.0,56.0,59.0,61.0,66.0,68.0,70.0,76.0,84.0,inferred
Hambleton,2021-07-11,43.5,52.0,57.0,59.0,61.0,64.0,67.0,71.0,75.0,77.0,79.0,86.0,95.5,inferred
Hambleton,2021-07-12,72.0,80.0,86.0,89.0,91.0,96.0,100.0,104.0,109.0,112.0,116.0,124.0,137.0,inferred
Hambleton,2021-07-13,66.5,77.0,84.0,87.0,89.0,93.0,96.0,100.0,104.0,107.0,110.0,118.0,131.5,inferred
Hambleton,2021-07-14,66.0,75.0,81.0,83.0,85.0,90.0,94.0,98.0,103.0,106.0,109.0,116.0,128.0,inferred
Hambleton,2021-07-15,61.0,70.0,75.0,77.0,79.0,83.0,87.0,91.0,95.0,97.0,99.0,107.0,120.0,inferred
Hambleton,2021-07-16,51.5,60.0,65.0,67.0,70.0,73.0,77.0,80.0,83.0,86.0,89.0,95.0,105.5,inferred
Hambleton,2021-07-17,40.0,47.0,51.0,53.0,55.0,58.0,61.0,64.0,68.0,70.0,72.0,78.0,88.5,inferred
Hambleton,2021-07-18,40.5,48.0,53.0,55.0,57.0,60.0,63.0,66.0,69.0,72.0,74.0,80.0,89.0,inferred
Hambleton,2021-07-19,57.5,65.0,70.0,73.0,75.0,78.0,82.0,86.0,90.0,93.0,95.0,103.0,116.0,inferred
Hambleton,2021-07-20,49.0,56.0,62.0,63.0,65.0,69.0,72.0,76.0,79.3,82.0,84.0,91.0,102.0,inferred
Hambleton,2021-07-21,44.0,51.0,56.0,58.0,60.0,63.0,66.0,69.0,73.0,75.0,76.0,83.0,93.0,inferred
Hambleton,2021-07-22,36.0,43.0,48.0,49.0,51.0,54.0,58.0,61.0,64.0,66.0,68.0,74.0,82.0,inferred
Hambleton,2021-07-23,29.0,35.0,39.0,40.0,42.0,45.0,48.0,51.0,54.0,55.0,57.0,63.0,71.0,inferred
Hambleton,2021-07-24,20.0,25.0,29.0,30.0,31.0,34.0,36.0,38.0,41.0,42.0,44.0,48.0,56.5,inferred
Hambleton,2021-07-25,18.0,23.0,27.0,28.0,29.0,32.0,34.0,36.0,39.0,40.0,42.0,47.0,55.0,inferred
Hambleton,2021-07-26,24.0,30.0,35.0,37.0,38.0,40.0,43.0,46.0,49.0,51.0,53.0,58.0,66.5,inferred
Hambleton,2021-07-27,22.0,26.0,30.0,32.0,33.0,35.0,37.0,40.0,43.0,44.0,46.0,51.0,59.0,inferred
Hambleton,2021-07-28,20.0,25.0,29.0,30.0,32.0,34.0,36.0,39.0,41.0,43.0,45.0,50.0,57.5,inferred
Hambleton,2021-07-29,18.0,23.0,26.0,27.0,29.0,31.0,33.0,36.0,39.0,40.0,42.0,46.0,53.0,inferred
Hambleton,2021-07-30,15.0,20.0,23.0,24.0,25.0,27.0,29.0,32.0,34.0,36.0,37.0,41.0,49.0,inferred
Hambleton,2021-07-31,12.0,15.0,18.0,19.0,20.0,22.0,24.0,26.0,28.0,29.0,31.0,35.0,42.0,inferred
Hambleton,2021-08-01,12.0,16.0,18.0,20.0,21.0,22.0,25.0,27.0,29.0,30.0,32.0,36.0,43.0,inferred
Hambleton,2021-08-02,18.0,23.0,26.0,27.0,29.0,31.0,33.0,35.4,38.3,40.0,42.0,47.0,55.0,inferred
Hambleton,2021-08-03,17.0,21.0,25.0,26.0,27.0,29.0,31.0,34.0,36.0,37.0,39.0,44.0,52.0,inferred
Hambleton,2021-08-04,16.0,21.0,24.0,25.0,26.0,29.0,30.0,33.0,35.0,37.0,38.0,43.0,51.5,inferred
Hambleton,2021-08-05,15.0,19.0,23.0,24.0,25.0,27.0,29.0,31.0,34.0,35.0,37.0,40.0,47.0,inferred
Hambleton,2021-08-06,13.0,17.0,20.0,21.0,22.0,24.0,26.0,28.0,30.0,32.0,33.0,37.0,44.0,inferred
Hambleton,2021-08-07,10.0,13.0,16.0,17.0,18.0,20.0,22.0,24.0,26.0,27.0,28.0,32.0,37.5,inferred
Hambleton,2021-08-08,10.5,14.0,17.0,18.0,19.0,21.0,23.0,25.0,27.0,28.0,29.0,33.0,39.0,inferred
Hambleton,2021-08-09,16.0,21.0,24.0,25.0,27.0,29.0,31.0,34.0,36.0,38.0,39.0,44.0,52.0,inferred
Hambleton,2021-08-10,15.0,19.0,23.0,24.0,25.0,27.0,30.0,32.0,34.0,36.0,37.0,42.0,50.0,inferred
Hambleton,2021-08-11,15.0,20.0,23.0,25.0,26.0,28.0,30.0,32.0,35.0,36.0,37.0,42.0,51.0,inferred
Hambleton,2021-08-12,15.0,20.0,23.0,24.0,25.0,27.0,29.0,31.0,34.0,35.0,37.0,42.0,49.0,inferred
Hambleton,2021-08-13,14.0,18.0,21.0,22.0,23.0,25.0,27.0,29.0,31.3,33.0,34.0,39.0,47.0,inferred
Hambleton,2021-08-14,11.0,14.0,17.0,18.0,19.0,21.0,23.0,25.0,28.0,29.0,30.0,34.0,41.0,inferred
Hambleton,2021-08-15,12.0,16.0,18.8,20.0,21.0,23.0,25.0,27.0,29.0,30.0,31.2,36.0,43.5,inferred
Hambleton,2021-08-16,19.0,24.0,28.0,29.0,30.0,33.0,35.0,37.0,40.0,42.0,44.0,48.0,56.0,inferred
Hambleton,2021-08-17,18.0,23.0,26.0,28.0,29.0,31.0,34.0,36.0,39.0,40.0,42.0,46.0,54.0,inferred
Hambleton,2021-08-18,18.0,23.0,27.0,28.0,29.0,32.0,34.0,37.0,39.0,41.0,42.0,47.0,54.0,inferred
Hambleton,2021-08-19,17.0,22.0,25.0,27.0,28.0,31.0,33.0,35.0,38.0,39.0,41.0,45.0,53.0,inferred
Hambleton,2021-08-20,16.0,21.0,24.0,25.0,26.0,29.0,31.0,33.0,36.0,37.0,39.0,43.0,50.0,inferred
Hambleton,2021-08-21,13.0,17.0,20.0,21.0,22.0,24.0,26.0,28.0,30.0,31.0,33.0,37.0,44.0,inferred
Hambleton,2021-08-22,14.0,18.0,21.0,22.0,23.0,25.0,27.0,30.0,32.0,34.0,35.0,40.0,47.0,inferred
Hambleton,2021-08-23,21.0,27.0,31.0,33.0,34.0,36.0,38.0,41.0,44.0,45.0,47.0,52.0,59.0,inferred
Hambleton,2021-08-24,20.0,25.0,29.0,30.0,31.0,34.0,36.0,39.0,42.0,43.0,45.0,51.0,59.0,inferred
Hambleton,2021-08-25,21.0,26.0,30.0,31.0,33.0,35.0,38.0,40.0,43.0,44.0,46.0,51.0,58.0,inferred
Hambleton,2021-08-26,20.0,25.0,29.0,31.0,32.0,35.0,37.0,39.0,42.0,44.0,45.0,50.0,58.5,inferred
Hambleton,2021-08-27,18.0,24.0,27.0,28.0,30.0,32.0,34.0,36.0,39.0,41.0,43.0,47.0,54.0,inferred
Hambleton,2021-08-28,15.0,19.0,22.0,24.0,25.0,27.0,29.0,32.0,34.0,35.0,37.0,42.0,48.0,inferred
Hambleton,2021-08-29,17.0,21.0,25.0,26.0,27.0,29.0,32.0,34.0,36.0,37.0,39.0,43.0,52.0,inferred
Hambleton,2021-08-30,26.0,31.0,36.0,37.0,39.0,42.0,44.0,47.0,50.0,52.0,54.0,60.0,68.5,inferred
Hambleton,2021-08-31,23.0,30.0,34.0,35.0,37.0,39.0,42.0,45.0,48.0,50.0,51.2,57.0,67.5,inferred
Hambleton,2021-09-01,25.0,30.0,34.0,35.0,37.0,39.0,42.0,44.0,48.0,49.0,51.0,56.0,64.0,inferred
Hambleton,2021-09-02,23.0,28.0,31.0,33.0,34.0,37.0,39.0,42.0,45.0,47.0,49.0,54.0,62.0,inferred
Hambleton,2021-09-03,19.0,24.0,28.0,29.0,31.0,33.0,35.0,38.0,41.0,42.0,44.0,49.0,57.0,inferred
Hambleton,2021-09-04,15.0,20.0,22.0,24.0,25.0,27.0,29.0,31.0,34.0,35.0,37.0,41.0,48.0,inferred
Hambleton,2021-09-05,16.0,21.0,24.0,26.0,27.0,29.0,31.0,33.0,36.0,37.0,39.0,43.0,51.0,inferred
Hambleton,2021-09-06,24.0,30.0,34.0,35.0,37.0,39.0,42.0,44.4,48.0,49.0,51.0,56.0,65.0,inferred
Hambleton,2021-09-07,22.0,27.0,30.0,32.0,33.0,35.6,38.0,40.0,44.0,45.0,47.0,53.0,61.5,inferred
Hambleton,2021-09-08,21.0,26.0,30.0,31.0,33.0,35.0,37.0,40.0,42.0,44.0,46.0,51.0,60.0,inferred
Hambleton,2021-09-09,19.0,23.9,27.0,28.0,30.0,32.0,34.0,37.0,40.0,41.0,43.0,47.1,55.0,inferred
Hambleton,2021-09-10,16.0,21.0,24.0,25.0,26.0,28.0,30.0,32.0,35.0,36.0,38.0,43.0,51.0,inferred
Hambleton,2021-09-11,12.0,16.0,19.0,20.0,21.0,23.0,25.0,27.0,29.0,30.0,31.0,36.0,42.0,inferred
Hambleton,2021-09-12,12.0,16.0,19.0,20.0,21.0,23.0,25.0,27.0,29.0,31.0,32.0,36.1,44.0,inferred
Hambleton,2021-09-13,18.0,24.0,27.0,29.0,30.0,32.0,34.0,37.0,39.0,41.0,43.0,48.0,57.0,inferred
Hambleton,2021-09-14,18.0,22.0,26.0,27.0,28.0,31.0,33.0,36.0,38.0,40.0,42.0,46.0,54.0,inferred
Hambleton,2021-09-15,21.0,26.0,29.0,30.0,32.0,34.0,37.0,39.0,42.0,43.2,45.0,49.0,58.0,inferred
Hambleton,2021-09-16,22.0,27.0,31.0,32.0,34.0,36.0,39.0,41.0,44.0,46.0,47.0,53.0,62.0,inferred
Hambleton,2021-09-17,22.0,27.0,31.0,33.0,34.0,36.0,39.0,41.0,44.0,46.0,47.0,52.0,60.0,inferred
Hambleton,2021-09-18,20.0,26.0,29.0,31.0,32.0,34.0,36.0,39.0,41.0,43.0,44.0,49.0,56.0,inferred
Hambleton,2021-09-19,23.0,29.0,33.0,35.0,36.0,39.0,41.0,44.0,47.0,49.0,51.0,56.0,64.0,inferred
Hambleton,2021-09-20,40.5,48.0,53.0,55.0,57.0,60.0,63.0,66.0,70.0,72.0,74.0,80.0,91.0,inferred
Hambleton,2021-09-21,39.0,46.0,51.0,53.0,55.0,59.0,62.0,65.0,68.0,70.0,73.0,78.0,90.5,inferred
Hambleton,2021-09-22,41.0,48.0,52.0,54.0,56.0,59.0,62.0,65.0,69.0,71.0,73.0,79.0,90.0,inferred
Hambleton,2021-09-23,38.0,45.0,50.0,51.8,53.0,57.0,59.0,63.0,66.0,68.0,70.0,75.0,84.0,inferred
Hambleton,2021-09-24,34.0,41.0,46.0,47.0,49.0,52.0,55.0,58.0,61.0,63.0,65.0,71.0,79.0,inferred
Hambleton,2021-09-25,27.5,34.0,38.0,39.0,41.0,43.0,46.0,49.0,52.0,53.0,55.0,60.0,67.0,inferred
Hambleton,2021-09-26,30.0,36.0,40.0,41.0,43.0,46.0,49.0,52.0,55.0,57.0,59.0,64.1,73.0,inferred
Hambleton,2021-09-27,45.0,52.0,57.0,60.0,61.0,64.0,68.0,72.0,75.0,77.0,80.0,86.0,97.0,inferred
Hambleton,2021-09-28,40.0,48.0,53.0,55.0,56.0,59.0,62.0,66.0,70.0,72.0,74.0,80.0,91.0,inferred
Hambleton,2021-09-29,39.0,44.0,50.0,52.0,53.0,57.0,60.0,63.0,67.0,68.0,71.0,77.0,86.0,inferred
Hambleton,2021-09-30,34.5,42.0,46.0,48.0,50.0,53.0,55.0,58.0,62.0,64.0,67.0,72.0,82.0,inferred
Hambleton,2021-10-01,29.0,36.0,40.0,42.0,43.0,46.0,49.0,52.0,56.0,57.0,59.0,65.0,75.0,inferred
Hambleton,2021-10-02,22.0,28.0,31.0,33.0,34.0,37.0,40.0,43.0,46.0,47.0,49.0,53.0,61.0,inferred
Hambleton,2021-10-03,24.5,29.0,32.0,34.0,35.0,38.0,40.0,43.0,46.0,47.0,49.0,54.0,63.0,inferred
Hambleton,2021-10-04,34.0,41.0,45.0,47.0,48.0,52.0,54.0,58.0,61.0,63.0,65.0,70.0,79.5,inferred
Hambleton,2021-10-05,30.0,37.0,41.0,43.0,45.0,48.0,51.0,54.0,57.0,59.0,61.0,66.0,75.0,inferred
Hambleton,2021-10-06,31.0,37.0,42.0,44.0,45.0,48.0,51.0,54.0,57.0,59.0,61.0,66.0,76.0,inferred
Hambleton,2021-10-07,31.0,36.0,40.0,42.0,44.0,47.0,49.0,52.0,55.0,57.0,59.0,65.0,74.0,inferred
Hambleton,2021-10-08,27.0,34.0,38.0,39.0,41.0,44.0,47.0,49.0,52.0,53.0,55.0,60.1,68.5,inferred
Hambleton,2021-10-09,22.0,28.0,32.0,33.0,35.0,37.0,40.0,42.0,45.0,46.0,48.0,53.0,61.0,inferred
Hambleton,2021-10-10,25.0,30.0,34.0,36.0,37.0,40.0,43.0,46.0,49.0,50.0,52.0,57.0,67.0,inferred
Hambleton,2021-10-11,39.0,45.0,50.0,52.0,53.7,57.0,60.0,63.0,66.0,68.0,70.0,76.0,85.0,inferred
Hambleton,2021-10-12,35.5,42.0,46.0,48.0,50.0,53.0,56.0,59.0,63.0,65.0,67.0,72.1,81.5,inferred
Hambleton,2021-10-13,34.0,41.0,45.8,47.0,49.0,52.0,56.0,59.0,62.0,64.0,66.0,73.0,82.5,inferred
Hambleton,2021-10-14,30.0,37.0,41.0,43.0,44.0,47.0,51.0,54.0,57.0,59.0,61.2,68.0,77.0,inferred
Hambleton,2021-10-15,25.0,31.0,36.0,38.0,39.0,42.0,45.0,48.4,51.0,53.0,56.0,62.0,70.0,inferred
Hammersmith and Fulham,2021-07-03,51.0,59.0,64.0,67.0,69.0,73.0,77.0,81.0,86.0,88.2,92.0,100.0,110.0,inferred
Hammersmith and Fulham,2021-07-04,55.0,63.0,70.0,73.0,75.0,80.0,84.0,88.0,92.0,95.0,98.0,105.1,120.0,inferred
Hammersmith and Fulham,2021-07-05,86.5,97.9,106.0,109.0,111.0,115.0,120.0,125.0,131.0,133.0,137.0,146.0,161.0,inferred
Hammersmith and Fulham,2021-07-06,87.0,99.0,106.0,109.0,112.0,116.0,120.5,125.0,131.0,134.0,138.0,147.0,162.0,inferred
Hammersmith and Fulham,2021-07-07,92.5,103.0,111.0,114.0,117.0,121.0,126.0,130.4,135.0,139.0,142.0,151.0,164.0,inferred
Hammersmith and Fulham,2021-07-08,94.0,103.9,111.0,114.0,117.0,122.0,127.0,132.0,137.0,141.0,144.0,153.1,168.0,inferred
Hammersmith and Fulham,2021-07-09,85.5,97.0,104.0,108.0,110.7,116.0,120.0,126.0,131.0,134.0,137.2,147.0,162.5,inferred
Hammersmith and Fulham,2021-07-10,74.5,86.0,93.0,95.0,97.0,102.0,107.0,112.0,117.0,120.0,123.0,131.0,144.0,inferred
Hammersmith and Fulham,2021-07-11,79.0,91.0,98.0,101.0,103.0,107.0,112.0,117.0,122.0,125.0,128.0,138.1,152.0,inferred
Hammersmith and Fulham,2021-07-12,120.0,134.0,142.8,146.0,149.0,155.0,160.0,165.4,172.0,176.0,179.0,190.0,206.0,inferred
Hammersmith and Fulham,2021-07-13,117.5,129.9,139.0,143.0,146.0,152.0,158.0,164.0,170.0,173.0,177.0,188.1,206.0,inferred
Hammersmith and Fulham,2021-07-14,119.0,133.0,143.0,147.0,150.0,156.0,162.0,168.0,174.0,177.0,182.0,193.0,210.0,inferred
Hammersmith and Fulham,2021-07-15,116.0,129.0,137.0,140.0,143.0,149.0,154.0,159.0,165.0,169.0,173.0,183.0,197.0,inferred
Hammersmith and Fulham,2021-07-16,104.0,115.0,123.0,127.0,130.0,136.0,141.0,146.0,151.0,155.0,158.0,166.0,181.0,inferred
Hammersmith and Fulham,2021-07-17,84.0,95.0,102.0,105.0,109.0,114.0,118.0,123.0,129.0,133.0,135.0,144.1,158.0,inferred
Hammersmith and Fulham,2021-07-18,86.0,95.0,102.0,105.0,108.0,113.0,118.0,122.4,128.0,130.0,134.0,144.0,158.0,inferred
Hammersmith and Fulham,2021-07-19,116.5,132.0,141.0,145.0,148.0,153.0,159.0,164.0,170.0,174.2,178.0,190.0,206.0,inferred
Hammersmith and Fulham,2021-07-20,109.5,121.0,131.0,134.0,137.0,143.0,149.0,154.0,160.0,163.0,166.0,177.0,194.0,inferred
Hammersmith and Fulham,2021-07-21,105.5,116.0,124.0,127.0,130.0,136.0,140.0,146.0,151.0,155.0,159.0,168.0,183.0,inferred
Hammersmith and Fulham,2021-07-22,89.0,101.0,110.0,113.0,116.0,121.0,125.0,130.0,135.0,138.0,141.0,151.0,164.5,inferred
Hammersmith and Fulham,2021-07-23,74.0,85.0,92.0,95.0,98.0,102.0,107.0,111.0,117.0,120.0,123.0,131.0,148.0,inferred
Hammersmith and Fulham,2021-07-24,57.5,67.0,73.0,76.0,78.0,82.0,86.0,90.0,94.0,97.0,99.0,106.1,122.0,inferred
Hammersmith and Fulham,2021-07-25,52.0,62.0,69.0,71.0,73.0,77.0,81.0,84.0,89.0,91.0,94.0,102.0,115.0,inferred
Hammersmith and Fulham,2021-07-26,70.0,80.0,88.0,91.0,94.0,98.0,103.0,107.0,113.0,115.0,119.0,126.1,142.0,inferred
Hammersmith and Fulham,2021-07-27,66.0,76.0,83.0,86.0,88.0,92.0,97.0,101.0,106.0,108.2,112.0,120.0,132.0,inferred
Hammersmith and Fulham,2021-07-28,67.0,77.0,84.0,87.0,90.0,95.0,98.0,103.0,108.0,111.0,114.0,121.0,136.0,inferred
Hammersmith and Fulham,2021-07-29,66.5,77.0,83.8,86.0,89.0,93.0,97.0,102.0,106.0,109.0,112.0,121.0,133.0,inferred
Hammersmith and Fulham,2021-07-30,61.0,71.0,77.0,79.0,82.0,86.0,90.0,94.0,99.0,102.0,104.0,113.0,125.0,inferred
Hammersmith and Fulham,2021-07-31,51.0,59.0,65.0,67.0,69.7,73.0,77.0,81.0,85.0,87.0,90.0,97.0,111.5,inferred
Hammersmith and Fulham,2021-08-01,51.0,60.0,67.0,69.0,71.0,75.0,79.0,83.0,88.0,90.0,92.0,100.0,112.0,inferred
Hammersmith and Fulham,2021-08-02,74.0,84.0,92.0,95.0,98.0,102.0,106.0,111.0,116.0,120.0,122.0,131.0,146.0,inferred
Hammersmith and Fulham,2021-08-03,71.0,83.0,89.0,92.0,94.0,97.0,102.0,107.0,113.0,116.0,119.0,128.0,140.0,inferred
Hammersmith and Fulham,2021-08-04,73.0,82.0,89.0,92.0,94.7,99.0,104.0,109.0,114.0,117.0,120.0,130.1,144.5,inferred
Hammersmith and Fulham,2021-08-05,69.0,78.0,84.0,87.0,89.0,94.0,99.0,104.0,109.0,112.0,114.0,123.0,136.5,inferred
Hammersmith and Fulham,2021-08-06,62.0,71.0,77.0,79.0,82.0,86.0,90.0,94.0,99.0,102.0,105.0,112.0,124.5,inferred
Hammersmith and Fulham,2021-08-07,49.0,57.0,64.0,66.0,69.0,73.0,77.0,81.0,85.0,88.0,90.0,97.0,110.0,inferred
Hammersmith and Fulham,2021-08-08,50.0,59.0,65.0,68.0,70.0,75.0,78.0,82.0,86.0,88.0,91.0,98.0,113.0,inferred
Hammersmith and Fulham,2021-08-09,74.0,83.0,91.0,94.0,97.0,102.0,106.0,110.0,115.0,118.0,121.0,131.1,145.0,inferred
Hammersmith and Fulham,2021-08-10,69.0,79.0,86.0,89.0,91.0,96.0,101.0,104.0,110.0,113.0,116.0,124.0,139.0,inferred
Hammersmith and Fulham,2021-08-11,69.0,79.0,87.0,90.0,92.0,97.0,101.0,105.0,110.0,113.0,117.0,124.0,138.0,inferred
Hammersmith and Fulham,2021-08-12,66.0,76.0,83.0,85.0,87.0,91.6,95.5,100.0,105.0,108.0,111.0,119.0,132.0,inferred
Hammersmith and Fulham,2021-08-13,57.5,67.0,74.0,76.8,79.0,83.0,87.0,91.0,96.0,99.0,101.0,109.0,122.0,inferred
Hammersmith and Fulham,2021-08-14,47.0,55.0,61.0,63.0,65.0,69.0,74.0,77.0,81.0,83.2,86.0,93.0,105.5,inferred
Hammersmith and Fulham,2021-08-15,45.0,54.0,60.0,63.0,65.0,68.0,71.0,75.0,79.0,82.0,85.0,92.0,104.5,inferred
Hammersmith and Fulham,2021-08-16,66.0,77.0,83.0,85.8,88.0,93.0,98.0,102.0,107.0,110.0,113.0,122.0,136.0,inferred
Hammersmith and Fulham,2021-08-17,60.0,70.0,78.0,81.0,83.0,87.0,91.0,95.0,100.0,103.0,106.0,114.0,127.5,inferred
Hammersmith and Fulham,2021-08-18,60.5,72.0,78.0,82.0,84.0,87.6,91.0,96.0,101.0,104.0,108.0,115.0,127.5,inferred
Hammersmith and Fulham,2021-08-19,58.0,67.0,73.0,75.0,77.0,81.6,85.0,89.0,94.0,96.2,99.0,106.0,118.5,inferred
Hammersmith and Fulham,2021-08-20,51.0,59.0,65.0,67.0,69.0,73.0,77.0,81.0,85.0,87.2,90.0,98.0,110.0,inferred
Hammersmith and Fulham,2021-08-21,40.0,48.0,53.0,55.0,57.0,61.0,65.0,68.0,72.0,74.0,76.0,83.0,94.0,inferred
Hammersmith and Fulham,2021-08-22,39.0,47.0,52.0,54.0,56.0,59.0,62.0,66.0,70.0,72.0,75.0,82.0,93.5,inferred
Hammersmith and Fulham,2021-08-23,56.0,64.0,70.0,73.0,75.0,79.0,83.0,87.0,92.0,94.0,97.0,105.0,120.0,inferred
Hammersmith and Fulham,2021-08-24,51.0,60.0,66.0,68.0,71.0,75.0,79.0,83.0,87.0,89.0,92.0,101.0,113.0,inferred
Hammersmith and Fulham,2021-08-25,52.0,61.0,66.0,69.0,71.0,75.0,79.0,82.4,87.0,89.0,92.0,101.0,112.5,inferred
Hammersmith and Fulham,2021-08-26,49.0,57.0,63.0,65.8,67.0,71.0,75.0,79.0,83.0,86.0,88.0,95.0,108.0,inferred
Hammersmith and Fulham,2021-08-27,43.0,51.0,57.0,59.0,61.0,65.0,69.0,72.0,76.0,78.0,81.0,88.0,99.0,inferred
Hammersmith and Fulham,2021-08-28,33.0,41.0,47.0,49.0,51.0,54.0,57.0,61.0,65.0,67.0,69.0,76.0,88.0,inferred
Hammersmith and Fulham,2021-08-29,34.0,41.0,47.0,49.0,51.0,54.0,57.0,60.4,64.0,66.0,69.0,75.0,88.0,inferred
Hammersmith and Fulham,2021-08-30,50.0,58.0,64.0,67.0,68.0,72.0,76.0,80.0,84.0,87.0,90.0,98.0,109.0,inferred
Hammersmith and Fulham,2021-08-31,47.0,56.0,62.0,64.0,66.0,70.0,74.0,78.0,81.0,83.0,86.0,93.0,105.0,inferred
Hammersmith and Fulham,2021-09-01,48.5,57.0,62.8,65.0,67.0,71.0,75.0,79.0,83.0,85.2,88.0,94.0,108.0,inferred
Hammersmith and Fulham,2021-09-02,47.5,55.0,61.0,63.0,65.0,69.0,72.0,76.0,80.0,83.0,86.0,94.0,107.0,inferred
Hammersmith and Fulham,2021-09-03,42.0,50.0,55.0,57.0,60.0,63.0,66.0,70.0,74.0,76.0,78.0,86.0,97.0,inferred
Hammersmith and Fulham,2021-09-04,33.0,40.0,46.0,48.0,49.0,53.0,56.0,59.0,63.0,65.0,68.0,74.0,85.0,inferred
Hammersmith and Fulham,2021-09-05,34.5,41.0,46.0,48.0,50.0,53.0,57.0,60.0,64.0,66.0,69.0,76.0,86.0,inferred
Hammersmith and Fulham,2021-09-06,50.5,59.0,65.0,67.0,69.0,73.0,77.0,81.0,85.0,87.0,90.0,97.0,109.0,inferred
Hammersmith and Fulham,2021-09-07,46.0,53.0,60.0,62.0,64.0,67.0,71.0,75.0,80.0,83.0,85.2,93.0,104.0,inferred
Hammersmith and Fulham,2021-09-08,46.0,54.0,59.0,62.0,64.0,67.0,71.0,75.0,80.0,82.0,85.0,92.1,104.0,inferred
Hammersmith and Fulham,2021-09-09,40.0,48.0,54.0,56.0,58.0,62.0,65.0,68.4,73.0,75.0,77.0,84.0,97.0,inferred
Hammersmith and Fulham,2021-09-10,33.0,41.0,46.0,48.0,50.0,53.0,56.0,59.0,62.0,64.0,67.0,73.1,86.5,inferred
Hammersmith and Fulham,2021-09-11,26.0,31.0,36.0,38.0,39.0,43.0,45.0,48.0,52.0,53.0,55.0,62.0,70.0,inferred
Hammersmith and Fulham,2021-09-12,25.0,30.0,35.0,36.0,38.0,41.0,44.0,46.0,49.0,52.0,54.0,60.0,69.0,inferred
Hammersmith and Fulham,2021-09-13,35.0,42.0,47.0,49.0,51.0,54.0,58.0,61.0,64.0,66.0,68.0,75.0,87.0,inferred
Hammersmith and Fulham,2021-09-14,31.0,40.0,45.0,47.0,48.0,52.0,55.0,58.0,62.0,64.0,66.0,73.0,84.0,inferred
Hammersmith and Fulham,2021-09-15,34.5,41.0,46.0,48.0,50.0,53.0,56.0,59.0,63.0,65.0,68.0,74.0,85.0,inferred
Hammersmith and Fulham,2021-09-16,34.0,40.0,46.0,48.0,49.0,53.0,56.0,59.0,62.0,64.0,67.0,73.0,84.5,inferred
Hammersmith and Fulham,2021-09-17,31.0,37.0,42.0,44.0,45.0,49.0,52.0,55.0,58.0,60.0,63.0,69.0,80.0,inferred
Hammersmith and Fulham,2021-09-18,25.0,32.0,36.0,38.0,40.0,42.0,45.0,48.0,51.0,53.0,55.0,62.0,71.0,inferred
Hammersmith and Fulham,2021-09-19,26.0,32.0,37.0,39.0,40.0,44.0,47.0,50.0,53.0,54.0,57.0,63.0,74.5,inferred
Hammersmith and Fulham,2021-09-20,40.0,47.0,53.0,55.0,56.0,60.6,64.0,68.0,72.0,74.0,76.0,83.0,93.5,inferred
Hammersmith and Fulham,2021-09-21,38.0,45.0,51.0,53.0,55.0,58.0,61.0,65.0,69.0,71.0,73.0,80.0,92.0,inferred
Hammersmith and Fulham,2021-09-22,38.0,47.0,52.0,54.0,56.0,59.0,63.0,66.0,69.0,71.0,74.0,82.0,91.0,inferred
Hammersmith and Fulham,2021-09-23,37.0,44.0,49.0,51.8,53.7,57.0,60.0,64.0,68.0,69.2,72.0,79.0,92.0,inferred
Hammersmith and Fulham,2021-09-24,32.0,39.0,44.0,46.0,47.0,50.0,54.0,57.0,61.0,62.0,65.0,72.0,82.5,inferred
Hammersmith and Fulham,2021-09-25,27.0,32.9,37.0,39.0,40.0,44.0,47.0,50.0,53.0,55.0,57.0,62.0,73.0,inferred
Hammersmith and Fulham,2021-09-26,25.0,33.0,37.0,39.0,40.0,43.0,46.0,49.0,52.0,54.0,56.0,62.0,70.0,inferred
Hammersmith and Fulham,2021-09-27,39.0,47.0,53.0,54.0,56.0,59.0,62.0,66.0,70.0,72.0,75.0,82.0,94.5,inferred
Hammersmith and Fulham,2021-09-28,36.0,44.0,49.0,51.0,53.0,56.0,60.0,64.0,67.0,70.0,72.0,78.0,90.0,inferred
Hammersmith and Fulham,2021-09-29,37.0,45.0,50.0,52.0,54.0,57.0,61.0,64.0,68.0,71.0,73.0,79.0,90.0,inferred
Hammersmith and Fulham,2021-09-30,37.0,43.0,48.0,50.0,51.0,55.0,58.0,62.0,65.0,68.0,70.0,77.0,87.5,inferred
Hammersmith and Fulham,2021-10-01,32.0,38.0,44.0,45.8,47.0,51.0,54.0,57.0,61.0,63.0,65.0,71.0,80.5,inferred
Hammersmith and Fulham,2021-10-02,26.0,32.0,36.0,38.0,39.0,42.0,45.0,49.0,52.0,54.0,56.0,62.0,72.0,inferred
Hammersmith and Fulham,2021-10-03,26.0,32.0,36.0,38.0,39.0,42.0,45.0,48.0,52.0,54.0,56.0,62.0,69.0,inferred
Hammersmith and Fulham,2021-10-04,39.0,46.0,52.0,54.0,55.7,59.0,62.0,66.0,69.0,71.0,74.0,81.0,92.0,inferred
Hammersmith and Fulham,2021-10-05,38.0,45.0,50.0,52.0,53.0,57.0,61.0,64.0,68.0,70.0,72.0,79.0,91.0,inferred
Hammersmith and Fulham,2021-10-06,37.0,46.0,52.0,54.0,56.0,59.0,62.0,66.0,70.0,72.0,74.0,81.0,92.0,inferred
Hammersmith and Fulham,2021-10-07,36.0,45.0,50.0,52.0,54.0,58.0,61.0,65.0,69.0,71.0,74.0,80.0,91.0,inferred
Hammersmith and Fulham,2021-10-08,33.0,41.0,46.0,48.0,50.0,53.0,56.0,60.0,64.0,66.0,68.0,75.0,84.0,inferred
Hammersmith and Fulham,2021-10-09,29.0,36.0,41.0,42.0,44.0,47.0,50.0,54.0,57.0,59.0,61.0,68.0,78.0,inferred
Hammersmith and Fulham,2021-10-10,29.5,37.0,41.0,43.0,45.0,48.0,51.0,54.0,58.0,60.0,63.0,69.0,79.0,inferred
Hammersmith and Fulham,2021-10-11,45.0,53.0,60.0,62.0,64.0,68.0,72.0,76.0,80.0,82.0,84.0,92.0,107.0,inferred
Hammersmith and Fulham,2021-10-12,44.5,53.0,58.0,60.0,62.0,66.0,69.0,73.0,77.0,80.0,82.0,90.0,101.5,inferred
Hammersmith and Fulham,2021-10-13,43.5,52.0,58.0,60.0,63.0,66.6,70.5,74.0,78.0,81.0,84.0,91.0,101.0,inferred
Hammersmith and Fulham,2021-10-14,41.5,50.0,55.0,58.0,60.0,63.0,67.0,72.0,76.0,79.0,81.0,88.0,100.0,inferred
Hammersmith and Fulham,2021-10-15,35.5,44.0,50.0,52.0,54.0,58.0,62.0,65.0,69.0,72.0,75.0,81.0,93.0,inferred
Harborough,2021-07-03,7.5,11.0,14.0,15.0,16.0,18.0,20.0,22.0,24.0,26.0,27.0,32.0,39.5,inferred
Harborough,2021-07-04,9.5,14.0,17.0,18.0,19.0,22.0,24.0,26.0,29.0,31.0,32.0,38.0,45.0,inferred
Harborough,2021-07-05,17.0,22.0,26.0,28.0,29.0,31.0,34.0,37.0,40.0,42.0,44.0,50.0,60.0,inferred
Harborough,2021-07-06,18.0,23.0,27.0,28.0,29.0,32.0,34.0,37.0,40.0,42.0,44.0,50.0,59.0,inferred
Harborough,2021-07-07,17.0,23.0,27.0,29.0,31.0,34.0,37.0,39.0,42.0,44.0,47.0,53.0,62.5,inferred
Harborough,2021-07-08,20.0,25.0,30.0,32.0,33.0,36.0,38.0,42.0,45.0,47.0,49.0,55.0,65.0,inferred
Harborough,2021-07-09,19.0,25.0,29.0,31.0,32.0,35.0,38.0,40.0,43.0,45.0,47.0,54.0,66.0,inferred
Harborough,2021-07-10,16.5,23.0,27.0,28.0,30.0,32.0,35.0,37.4,40.0,42.0,44.0,50.0,60.0,inferred
Harborough,2021-07-11,21.0,27.0,31.0,33.0,34.0,38.0,41.0,43.0,47.0,48.0,51.0,58.0,68.5,inferred
Harborough,2021-07-12,35.0,42.0,47.0,49.0,51.0,55.0,59.0,63.0,67.0,70.0,72.0,81.0,93.0,inferred
Harborough,2021-07-13,34.0,42.0,46.0,49.0,51.0,55.0,58.0,62.0,66.0,68.0,71.0,79.0,89.0,inferred
Harborough,2021-07-14,36.0,41.0,47.0,49.0,51.0,54.0,58.0,62.0,66.0,69.0,72.0,80.0,91.0,inferred
Harborough,2021-07-15,32.0,39.0,45.0,48.0,50.0,54.0,58.0,61.0,65.0,67.0,69.0,77.0,88.0,inferred
Harborough,2021-07-16,29.0,36.0,41.0,43.0,44.0,47.6,51.0,54.0,58.0,60.0,63.0,69.0,81.0,inferred
Harborough,2021-07-17,23.0,29.0,33.0,35.0,36.0,39.6,43.0,46.0,49.0,51.0,54.0,60.0,70.0,inferred
Harborough,2021-07-18,25.0,31.0,35.0,37.0,39.0,42.0,46.0,49.0,52.0,54.2,57.0,63.0,74.0,inferred
Harborough,2021-07-19,34.5,42.0,49.0,51.0,53.0,57.0,60.0,64.0,69.0,71.0,74.0,81.0,94.0,inferred
Harborough,2021-07-20,31.0,39.0,44.0,46.0,48.0,52.0,55.0,58.0,62.0,65.0,67.0,75.0,86.0,inferred
Harborough,2021-07-21,28.0,35.0,41.0,43.0,45.0,49.0,52.0,55.0,59.0,62.0,64.0,70.0,83.0,inferred
Harborough,2021-07-22,25.0,32.0,37.0,38.0,40.0,43.6,46.0,50.0,53.0,56.0,58.0,64.0,75.5,inferred
Harborough,2021-07-23,20.0,25.0,30.0,32.0,33.0,36.0,39.0,42.0,45.0,47.0,49.0,55.0,64.5,inferred
Harborough,2021-07-24,14.5,19.0,23.0,24.0,25.0,28.0,30.0,33.0,36.0,38.0,40.0,45.0,55.0,inferred
Harborough,2021-07-25,12.0,18.0,22.0,24.0,25.0,28.0,31.0,33.0,36.0,38.0,40.0,45.0,55.0,inferred
Harborough,2021-07-26,20.0,26.0,31.0,32.0,34.0,37.0,39.0,42.0,45.0,47.0,50.0,56.0,65.0,inferred
Harborough,2021-07-27,19.0,24.0,28.0,30.0,31.0,34.0,36.5,39.0,42.0,44.0,46.0,52.0,61.0,inferred
Harborough,2021-07-28,19.5,25.0,29.8,31.0,33.0,35.0,38.0,41.0,44.0,46.0,49.0,54.0,62.0,inferred
Harborough,2021-07-29,20.0,25.0,29.0,31.0,33.0,35.0,38.0,42.0,45.0,47.0,50.0,55.1,66.0,inferred
Harborough,2021-07-30,16.0,22.0,26.0,28.0,30.0,33.0,35.0,38.0,41.0,43.0,45.0,51.0,59.0,inferred
Harborough,2021-07-31,14.0,19.0,23.0,24.0,26.0,28.0,31.0,33.0,36.0,38.0,40.0,45.0,54.0,inferred
Harborough,2021-08-01,16.0,22.0,26.0,27.0,29.0,32.0,34.0,37.0,40.0,42.0,44.0,50.0,59.0,inferred
Harborough,2021-08-02,26.0,33.0,37.0,40.0,41.7,45.0,48.0,52.0,55.0,57.0,60.0,67.0,79.0,inferred
Harborough,2021-08-03,25.0,32.0,36.0,38.0,40.0,43.0,46.0,49.0,53.0,55.0,58.0,64.0,76.0,inferred
Harborough,2021-08-04,26.0,32.0,37.0,39.0,41.0,44.0,48.0,51.0,55.0,57.0,59.0,66.0,75.5,inferred
Harborough,2021-08-05,25.0,32.0,37.0,39.0,41.0,44.0,47.0,50.0,54.0,56.0,59.0,65.0,77.0,inferred
Harborough,2021-08-06,22.0,28.0,33.0,34.0,36.0,39.0,42.0,45.0,48.0,50.0,53.0,59.0,69.0,inferred
Harborough,2021-08-07,18.0,23.9,28.0,29.0,31.0,34.0,36.0,40.0,43.0,45.0,47.0,52.0,62.0,inferred
Harborough,2021-08-08,20.0,26.0,31.0,32.0,34.0,36.6,39.0,42.0,46.0,48.0,50.0,56.0,65.0,inferred
Harborough,2021-08-09,32.0,38.0,44.0,46.0,48.0,51.0,55.0,58.0,62.0,65.0,67.0,75.0,88.5,inferred
Harborough,2021-08-10,28.0,36.0,42.0,44.0,45.0,49.0,53.0,56.0,60.0,63.0,65.0,72.0,84.0,inferred
Harborough,2021-08-11,32.0,38.0,43.0,45.0,46.7,50.0,54.0,57.0,61.0,63.0,65.0,71.0,85.0,inferred
Harborough,2021-08-12,28.0,35.0,41.0,43.0,45.0,48.0,52.0,55.0,58.0,60.0,63.0,70.0,83.0,inferred
Harborough,2021-08-13,26.0,34.0,38.0,40.0,42.0,45.0,48.0,52.0,55.0,58.0,60.0,66.0,76.0,inferred
Harborough,2021-08-14,21.0,27.0,32.0,34.0,36.0,38.0,42.0,45.0,48.0,50.0,52.0,59.0,70.0,inferred
Harborough,2021-08-15,24.0,30.0,35.0,36.0,39.0,42.0,45.0,48.0,52.0,53.0,56.0,63.0,71.5,inferred
Harborough,2021-08-16,37.0,44.0,50.0,52.0,54.0,59.0,62.0,66.0,70.0,72.0,74.0,83.0,93.0,inferred
Harborough,2021-08-17,34.0,42.0,47.8,50.0,52.0,56.0,60.0,64.0,68.0,70.0,72.0,80.0,90.0,inferred
Harborough,2021-08-18,35.0,42.0,48.0,51.0,53.0,56.6,60.0,63.0,68.0,70.0,73.0,80.0,92.0,inferred
Harborough,2021-08-19,33.0,41.0,46.0,48.0,51.0,55.0,58.0,62.0,66.0,68.0,71.0,78.0,91.0,inferred
Harborough,2021-08-20,29.0,36.0,41.0,43.0,45.0,48.0,51.0,55.0,59.0,61.0,64.0,70.0,81.0,inferred
Harborough,2021-08-21,22.5,29.0,34.0,36.0,38.0,41.0,44.0,47.0,51.0,53.0,55.0,61.0,70.5,inferred
Harborough,2021-08-22,26.0,31.0,37.0,39.0,40.0,44.0,47.0,51.0,54.0,56.0,59.0,66.0,78.0,inferred
Harborough,2021-08-23,37.5,47.0,52.0,54.0,56.0,60.0,64.0,68.0,72.0,75.0,77.0,84.0,94.0,inferred
Harborough,2021-08-24,34.5,43.0,49.0,51.0,53.0,57.0,61.0,64.0,68.0,70.0,73.0,80.0,90.5,inferred
Harborough,2021-08-25,34.5,42.0,49.0,51.0,52.0,56.0,60.0,63.0,68.0,70.0,72.0,79.0,91.0,inferred
Harborough,2021-08-26,33.0,40.0,45.0,48.0,50.0,54.0,57.0,61.0,65.0,68.0,70.0,76.0,88.0,inferred
Harborough,2021-08-27,28.0,35.0,41.0,43.0,45.0,48.0,51.0,55.0,60.0,62.0,65.0,71.0,80.5,inferred
Harborough,2021-08-28,23.0,30.0,35.0,36.8,38.0,41.0,44.0,48.0,51.0,53.0,55.0,62.0,71.0,inferred
Harborough,2021-08-29,25.0,32.0,36.0,39.0,40.0,43.0,46.0,50.0,53.0,55.0,58.0,65.0,77.0,inferred
Harborough,2021-08-30,38.0,45.0,51.0,54.0,56.0,59.0,63.0,67.0,71.0,74.0,76.0,84.0,96.5,inferred
Harborough,2021-08-31,35.0,43.0,49.0,51.0,53.0,56.0,60.0,64.0,68.0,70.0,73.0,80.0,92.0,inferred
Harborough,2021-09-01,35.0,42.0,49.0,51.0,53.0,57.0,61.0,65.0,69.0,71.0,75.0,81.0,93.0,inferred
Harborough,2021-09-02,34.0,42.0,47.0,50.0,51.0,55.0,58.0,62.0,66.0,69.0,71.0,79.0,92.0,inferred
Harborough,2021-09-03,30.0,37.0,42.0,45.0,47.0,50.0,54.0,57.0,61.0,63.0,65.0,72.0,84.0,inferred
Harborough,2021-09-04,25.0,32.0,36.0,38.0,39.0,43.0,46.0,49.0,53.0,55.0,58.0,65.0,78.0,inferred
Harborough,2021-09-05,27.5,35.0,39.0,41.0,43.0,47.0,50.0,53.0,57.0,59.0,62.0,69.0,79.5,inferred
Harborough,2021-09-06,42.0,50.0,56.0,58.0,60.0,64.0,67.0,71.4,76.0,79.0,82.0,91.0,103.0,inferred
Harborough,2021-09-07,38.0,47.0,53.0,55.0,57.0,60.0,64.0,68.0,72.0,74.0,77.0,83.0,98.0,inferred
Harborough,2021-09-08,37.0,46.0,52.0,54.0,56.0,60.0,64.0,67.0,71.0,74.0,77.0,84.1,97.0,inferred
Harborough,2021-09-09,35.0,43.0,48.0,50.0,51.0,55.0,60.0,63.0,67.0,69.0,71.0,80.0,91.5,inferred
Harborough,2021-09-10,29.0,36.0,42.0,44.0,46.0,49.0,52.0,55.0,59.0,62.0,64.0,71.0,83.0,inferred
Harborough,2021-09-11,23.0,30.0,34.0,36.0,38.0,41.0,43.5,47.0,50.0,53.0,55.0,61.0,69.0,inferred
Harborough,2021-09-12,24.0,30.9,35.0,37.0,39.0,42.0,45.0,48.0,52.0,54.0,56.0,63.0,73.5,inferred
Harborough,2021-09-13,35.0,43.0,48.0,50.0,52.0,56.0,60.0,64.0,68.0,71.0,73.0,81.0,93.5,inferred
Harborough,2021-09-14,35.0,42.0,48.0,50.0,52.0,56.0,59.0,63.0,67.0,70.0,72.0,79.0,92.0,inferred
Harborough,2021-09-15,39.0,46.0,52.0,54.0,56.0,60.0,64.0,68.0,72.0,74.0,77.0,84.0,97.0,inferred
Harborough,2021-09-16,40.0,49.0,55.0,57.0,59.7,64.0,67.0,70.0,74.0,77.0,80.0,87.0,101.0,inferred
Harborough,2021-09-17,39.0,47.0,52.0,54.0,56.0,61.0,64.0,69.0,73.0,75.0,77.0,84.0,97.0,inferred
Harborough,2021-09-18,36.0,43.0,48.0,51.0,53.0,56.0,59.0,63.0,68.0,70.0,72.0,79.0,89.0,inferred
Harborough,2021-09-19,40.0,50.0,56.0,58.0,60.0,64.0,68.0,72.0,76.0,78.0,81.0,88.0,101.0,inferred
Harborough,2021-09-20,65.5,77.0,84.0,87.0,89.0,94.0,98.0,103.0,109.0,111.0,115.0,123.0,138.5,inferred
Harborough,2021-09-21,64.0,74.0,81.0,84.0,86.0,90.0,95.0,99.0,104.0,107.0,111.0,120.1,138.0,inferred
Harborough,2021-09-22,61.0,72.0,79.0,82.0,84.0,88.0,93.0,98.0,103.0,106.0,109.2,119.0,134.0,inferred
Harborough,2021-09-23,56.0,67.0,74.0,77.0,80.0,84.0,88.0,93.0,98.0,101.0,104.0,114.0,126.5,inferred
Harborough,2021-09-24,49.0,57.0,63.0,66.0,68.0,72.0,76.0,80.0,84.0,87.0,90.0,97.0,110.0,inferred
Harborough,2021-09-25,38.0,46.0,52.0,54.0,56.0,59.0,63.0,67.0,72.0,74.0,76.0,84.0,95.5,inferred
Harborough,2021-09-26,37.5,46.0,53.0,55.0,57.0,61.0,65.0,68.0,72.0,75.0,78.0,86.0,98.0,inferred
Harborough,2021-09-27,55.0,65.9,72.0,74.0,76.0,81.0,86.0,90.0,94.0,97.0,100.0,110.0,124.0,inferred
Harborough,2021-09-28,49.0,59.0,64.0,67.0,69.0,73.0,77.0,82.0,86.0,89.0,92.0,101.0,115.0,inferred
Harborough,2021-09-29,46.0,56.0,62.0,65.0,68.0,72.0,76.0,80.0,85.0,87.0,90.0,99.1,111.5,inferred
Harborough,2021-09-30,44.0,54.0,59.8,61.0,64.0,69.0,72.5,76.0,81.0,83.0,86.0,94.0,107.0,inferred
Harborough,2021-10-01,37.0,45.0,52.0,54.0,55.0,59.0,63.0,66.0,71.0,74.0,77.0,84.0,95.0,inferred
Harborough,2021-10-02,29.0,37.0,41.0,44.0,45.0,49.0,52.0,56.0,61.0,62.0,65.0,72.0,82.0,inferred
Harborough,2021-10-03,31.0,39.0,43.0,45.0,47.0,51.0,54.0,58.0,62.0,64.0,67.0,74.0,84.0,inferred
Harborough,2021-10-04,44.0,54.0,60.0,62.0,64.0,68.0,72.0,76.0,80.0,83.0,86.0,94.0,105.0,inferred
Harborough,2021-10-05,40.0,48.0,54.0,57.0,59.0,63.0,66.0,71.0,75.0,77.0,80.0,88.0,100.0,inferred
Harborough,2021-10-06,40.0,48.0,54.0,56.0,59.0,63.0,67.0,71.0,75.0,78.0,80.0,89.0,103.0,inferred
Harborough,2021-10-07,37.0,47.0,53.0,55.0,57.0,61.0,65.0,69.0,73.0,76.0,79.0,85.0,96.0,inferred
Harborough,2021-10-08,34.0,42.0,47.0,50.0,51.0,55.0,59.0,63.0,67.0,69.0,72.0,79.0,88.5,inferred
Harborough,2021-10-09,29.0,35.0,40.0,42.0,44.0,47.0,50.0,54.0,57.0,59.0,62.0,69.0,79.0,inferred
Harborough,2021-10-10,30.0,37.0,42.0,44.0,46.0,49.0,53.0,56.0,60.0,63.0,66.0,73.0,84.0,inferred
Harborough,2021-10-11,44.0,53.0,60.0,62.0,65.0,69.0,73.0,76.0,81.0,84.0,86.0,95.0,110.5,inferred
Harborough,2021-10-12,39.0,49.0,55.0,58.0,60.0,64.0,68.0,72.0,77.0,80.0,82.0,90.0,101.0,inferred
Harborough,2021-10-13,39.0,47.0,53.0,55.0,57.0,61.0,65.0,69.0,74.0,76.0,79.0,86.0,99.0,inferred
Harborough,2021-10-14,35.0,43.0,48.0,50.0,52.0,56.0,60.0,64.0,69.0,71.0,74.0,81.0,93.0,inferred
Harborough,2021-10-15,28.0,35.0,41.0,42.0,45.0,49.0,52.0,56.0,59.0,62.0,65.0,73.0,83.0,inferred
Haringey,2021-07-03,50.0,58.0,64.0,66.0,68.0,72.0,76.0,80.0,84.0,87.0,89.0,97.0,109.0,inferred
Haringey,2021-07-04,55.5,64.0,70.0,72.0,74.0,78.0,82.0,86.0,90.0,93.0,95.2,102.0,115.0,inferred
Haringey,2021-07-05,84.0,95.9,104.0,106.0,109.0,113.0,118.0,122.0,127.0,130.0,133.0,142.0,156.0,inferred
Haringey,2021-07-06,87.0,96.0,103.0,106.0,109.0,114.0,118.0,122.0,127.0,130.0,133.0,140.0,155.0,inferred
Haringey,2021-07-07,94.0,103.0,110.0,112.0,115.0,120.0,124.0,129.0,134.0,138.0,141.0,148.0,164.0,inferred
Haringey,2021-07-08,91.0,103.0,111.0,113.0,116.0,120.0,125.0,130.0,136.0,139.0,142.0,151.0,165.0,inferred
Haringey,2021-07-09,88.0,97.0,105.0,108.0,111.0,115.0,120.0,124.0,130.0,132.0,135.0,144.0,156.5,inferred
Haringey,2021-07-10,75.0,86.0,93.0,95.8,98.0,102.0,106.0,111.0,116.0,119.0,121.0,129.0,144.0,inferred
Haringey,2021-07-11,81.0,91.0,98.0,101.0,103.0,107.0,112.0,116.0,121.0,125.0,128.0,135.0,148.0,inferred
Haringey,2021-07-12,123.0,133.0,141.8,145.0,149.0,155.0,160.0,166.0,172.0,175.0,179.0,188.0,202.5,inferred
Haringey,2021-07-13,119.5,131.0,142.0,145.0,148.0,153.0,158.0,164.0,170.0,173.0,177.0,187.0,205.0,inferred
Haringey,2021-07-14,123.5,136.0,145.8,150.0,152.0,158.0,164.0,170.0,176.0,179.0,182.2,193.0,208.0,inferred
Haringey,2021-07-15,122.0,135.0,144.0,147.0,150.0,156.0,161.0,167.0,172.3,176.0,180.0,190.0,206.5,inferred
Haringey,2021-07-16,113.0,125.0,134.0,137.0,141.0,146.0,151.0,155.0,161.0,164.0,168.0,178.0,195.0,inferred
Haringey,2021-07-17,95.0,107.0,114.0,117.0,120.0,125.0,130.0,135.0,140.0,143.0,146.0,154.0,167.0,inferred
Haringey,2021-07-18,96.0,108.0,115.8,119.0,122.0,126.0,131.0,136.0,141.0,145.0,149.0,158.0,174.0,inferred
Haringey,2021-07-19,141.0,153.0,162.0,165.0,169.0,175.0,181.0,187.0,193.0,196.0,199.0,211.0,227.0,inferred
Haringey,2021-07-20,130.0,139.0,149.0,152.0,156.0,163.0,168.0,174.0,181.0,184.0,188.0,200.0,217.5,inferred
Haringey,2021-07-21,121.0,135.9,145.0,148.0,151.0,156.0,161.0,166.4,172.0,176.0,179.0,188.0,206.0,inferred
Haringey,2021-07-22,106.5,120.0,128.0,131.0,134.0,140.0,145.0,150.0,155.0,158.0,161.2,172.0,187.0,inferred
Haringey,2021-07-23,90.0,101.0,108.0,111.0,114.0,119.0,123.0,127.0,133.0,135.0,139.0,147.0,161.0,inferred
Haringey,2021-07-24,68.5,78.0,84.0,87.0,89.0,94.0,98.0,102.0,107.0,109.0,112.0,120.0,134.0,inferred
Haringey,2021-07-25,63.0,72.0,78.0,81.0,83.0,87.6,91.0,96.0,100.0,103.0,105.0,113.0,125.0,inferred
Haringey,2021-07-26,85.5,95.0,102.0,105.0,108.0,112.0,116.0,121.0,127.0,129.2,133.0,142.0,158.0,inferred
Haringey,2021-07-27,78.0,88.0,96.0,98.0,101.0,105.0,110.0,115.0,120.0,123.0,125.0,133.0,147.0,inferred
Haringey,2021-07-28,79.5,89.0,97.0,99.0,102.0,106.0,110.0,114.4,120.0,122.0,125.0,134.0,148.0,inferred
Haringey,2021-07-29,76.0,87.0,93.0,96.0,98.0,102.0,107.0,111.0,116.0,118.0,121.0,130.0,145.0,inferred
Haringey,2021-07-30,68.0,77.0,84.0,86.0,88.0,93.0,97.0,101.0,106.0,109.0,112.0,120.0,132.5,inferred
Haringey,2021-07-31,56.0,66.0,71.0,74.0,76.0,79.0,83.0,87.0,91.0,93.0,96.0,102.0,113.0,inferred
Haringey,2021-08-01,57.0,65.0,71.0,73.0,75.0,80.0,84.0,87.0,91.0,93.0,96.0,103.0,113.0,inferred
Haringey,2021-08-02,82.0,92.0,99.0,102.0,104.0,109.0,113.0,119.0,123.0,126.0,130.0,137.0,148.5,inferred
Haringey,2021-08-03,77.0,89.0,95.0,98.0,101.0,105.0,109.0,114.0,119.0,121.0,124.0,133.0,149.0,inferred
Haringey,2021-08-04,81.0,90.0,97.0,100.0,102.0,107.0,111.0,115.0,121.0,123.0,126.0,135.0,149.0,inferred
Haringey,2021-08-05,77.0,87.0,94.0,97.0,99.7,104.0,108.0,112.0,117.0,120.0,123.0,131.0,145.0,inferred
Haringey,2021-08-06,67.0,80.0,86.0,88.0,91.0,95.0,99.0,104.0,108.0,111.0,114.0,121.0,135.0,inferred
Haringey,2021-08-07,60.0,68.0,73.0,75.0,77.7,82.0,85.0,89.0,94.0,97.0,100.0,108.0,120.0,inferred
Haringey,2021-08-08,59.0,68.0,74.0,76.0,78.0,82.0,86.0,90.0,95.0,97.0,99.0,105.0,118.5,inferred
Haringey,2021-08-09,85.0,96.0,104.0,106.0,109.0,114.0,118.0,124.0,129.0,131.0,135.0,144.0,158.0,inferred
Haringey,2021-08-10,81.0,91.0,99.0,102.0,104.0,109.0,114.0,118.4,123.0,126.0,130.0,138.0,152.0,inferred
Haringey,2021-08-11,81.5,92.0,100.0,103.0,105.0,110.0,114.0,119.0,124.0,127.0,129.0,138.0,152.5,inferred
Haringey,2021-08-12,76.0,87.0,94.0,97.0,100.0,105.0,109.0,113.0,118.0,120.0,123.0,133.0,146.0,inferred
Haringey,2021-08-13,68.0,79.0,85.0,87.0,90.0,94.0,99.0,102.0,107.0,109.0,112.0,121.0,135.0,inferred
Haringey,2021-08-14,57.0,64.0,71.0,73.0,75.0,79.0,83.0,86.0,90.0,93.0,95.0,103.0,117.5,inferred
Haringey,2021-08-15,55.0,64.0,69.0,72.0,74.0,78.0,82.0,85.0,89.0,92.0,95.0,101.0,113.0,inferred
Haringey,2021-08-16,78.0,88.0,94.0,96.0,99.0,104.0,109.0,113.0,118.0,121.0,124.2,133.0,147.0,inferred
Haringey,2021-08-17,73.0,83.0,90.0,92.0,95.0,99.0,104.0,108.0,112.0,115.0,117.0,126.0,138.5,inferred
Haringey,2021-08-18,71.0,81.0,88.0,91.0,93.0,97.0,102.0,106.0,111.0,113.0,116.0,124.0,139.0,inferred
Haringey,2021-08-19,66.0,77.0,83.0,86.0,88.0,92.0,96.0,100.0,105.0,107.0,110.0,117.0,128.0,inferred
Haringey,2021-08-20,59.0,68.0,74.0,76.0,78.0,82.0,86.0,90.0,94.0,96.0,99.0,107.0,120.0,inferred
Haringey,2021-08-21,47.0,54.0,60.0,62.0,64.0,68.0,72.0,75.0,80.0,82.0,84.0,91.0,103.0,inferred
Haringey,2021-08-22,46.0,54.0,59.0,62.0,64.0,67.0,71.0,74.0,78.0,80.0,83.0,89.0,99.0,inferred
Haringey,2021-08-23,65.0,75.0,81.0,84.0,86.0,90.0,94.0,98.0,103.0,105.0,108.0,116.0,128.0,inferred
Haringey,2021-08-24,61.0,71.0,76.0,78.0,81.0,85.0,89.0,93.0,98.0,100.0,103.0,110.0,122.0,inferred
Haringey,2021-08-25,62.0,72.0,77.0,80.0,82.0,86.0,90.0,94.0,98.3,101.0,103.2,111.0,124.0,inferred
Haringey,2021-08-26,58.0,68.0,74.0,76.0,79.0,83.0,86.0,90.0,95.0,97.0,100.0,108.1,122.0,inferred
Haringey,2021-08-27,52.0,60.9,66.0,69.0,71.0,75.0,79.0,83.0,88.0,90.0,93.0,100.0,111.5,inferred
Haringey,2021-08-28,44.0,51.0,56.0,58.0,60.0,63.0,67.0,70.0,74.0,76.0,79.0,84.0,95.0,inferred
Haringey,2021-08-29,43.0,51.0,57.0,59.0,60.0,64.0,68.0,71.0,74.0,76.0,78.0,85.0,96.0,inferred
Haringey,2021-08-30,62.5,73.0,80.0,82.0,85.0,88.0,92.0,96.4,101.0,104.0,107.0,115.0,127.0,inferred
Haringey,2021-08-31,62.0,70.0,77.0,79.0,81.0,85.0,89.0,93.0,97.0,100.0,103.0,112.0,122.0,inferred
Haringey,2021-09-01,64.0,73.0,79.0,81.0,84.0,88.0,92.0,96.0,101.0,104.0,106.0,114.0,126.0,inferred
Haringey,2021-09-02,60.5,71.0,78.0,81.0,83.0,87.0,91.0,95.0,99.0,101.0,104.0,111.0,123.5,inferred
Haringey,2021-09-03,57.5,66.0,73.0,75.0,77.0,81.0,85.0,88.0,92.0,95.0,97.0,105.0,116.0,inferred
Haringey,2021-09-04,47.0,55.0,60.0,63.0,65.0,69.0,72.5,76.0,80.0,82.0,84.0,91.0,103.0,inferred
Haringey,2021-09-05,47.0,56.0,62.0,64.0,66.0,70.0,73.0,77.0,80.0,83.0,85.2,93.0,103.5,inferred
Haringey,2021-09-06,69.0,80.0,87.0,89.0,91.0,96.0,100.0,104.0,109.0,111.0,115.0,122.0,136.0,inferred
Haringey,2021-09-07,66.0,76.0,83.0,85.0,87.0,91.0,95.0,99.0,104.0,107.0,110.0,117.0,130.5,inferred
Haringey,2021-09-08,63.0,74.0,79.0,82.0,84.0,88.0,92.0,96.0,101.0,104.0,106.0,113.0,125.5,inferred
Haringey,2021-09-09,56.5,65.0,71.0,74.0,77.0,81.0,85.0,88.0,93.0,95.0,98.0,105.0,120.0,inferred
Haringey,2021-09-10,50.0,57.0,63.0,65.0,67.0,71.0,75.0,78.0,82.0,84.0,87.0,94.0,103.0,inferred
Haringey,2021-09-11,38.5,45.0,50.0,52.0,54.0,58.0,60.0,63.0,67.0,69.0,71.0,77.0,86.0,inferred
Haringey,2021-09-12,35.0,42.0,48.0,50.0,52.0,55.0,58.0,62.0,65.0,67.0,69.0,75.0,84.5,inferred
Haringey,2021-09-13,50.5,58.0,64.0,66.0,68.0,72.0,75.0,79.0,83.0,85.0,88.0,95.0,107.0,inferred
Haringey,2021-09-14,47.0,55.0,60.0,62.0,65.0,68.0,72.0,76.0,80.0,83.0,84.0,91.0,103.0,inferred
Haringey,2021-09-15,48.5,56.0,62.0,64.0,66.0,70.0,73.0,77.0,82.0,84.0,86.0,93.0,103.0,inferred
Haringey,2021-09-16,49.0,56.0,62.0,64.0,66.0,70.0,73.0,77.0,81.0,83.0,86.0,93.0,104.0,inferred
Haringey,2021-09-17,46.0,53.0,59.0,62.0,64.0,67.0,70.0,74.0,78.0,80.0,83.0,89.0,103.0,inferred
Haringey,2021-09-18,39.0,46.0,51.0,53.0,55.0,58.0,61.0,64.0,68.0,70.0,72.0,79.0,89.0,inferred
Haringey,2021-09-19,40.0,47.0,52.0,54.0,55.0,59.0,62.0,65.4,69.0,72.0,74.0,79.0,90.0,inferred
Haringey,2021-09-20,58.5,67.0,73.0,76.0,78.0,83.0,87.0,91.0,96.0,98.0,101.0,108.0,120.0,inferred
Haringey,2021-09-21,56.0,65.0,71.0,74.0,76.0,80.0,84.0,87.4,92.0,94.0,97.0,104.0,116.5,inferred
Haringey,2021-09-22,57.0,66.0,72.8,75.0,77.0,81.0,85.0,88.0,93.0,95.0,98.0,107.0,119.0,inferred
Haringey,2021-09-23,55.0,65.0,70.0,73.0,75.0,78.0,82.0,86.0,90.0,92.0,95.0,102.0,114.0,inferred
Haringey,2021-09-24,50.0,59.0,63.0,66.0,68.0,72.0,75.0,79.0,83.0,86.0,89.0,96.0,106.5,inferred
Haringey,2021-09-25,40.0,48.0,52.0,54.0,56.0,59.0,62.0,66.0,69.0,71.2,74.0,80.0,91.0,inferred
Haringey,2021-09-26,39.0,47.0,53.0,55.0,57.0,60.0,64.0,67.0,70.0,73.0,75.0,83.0,93.0,inferred
Haringey,2021-09-27,57.0,67.0,73.0,76.0,78.0,82.0,86.0,90.0,94.0,96.0,99.0,107.0,119.0,inferred
Haringey,2021-09-28,53.0,65.0,70.8,73.0,74.0,78.0,82.0,87.0,91.0,94.0,96.0,104.0,117.0,inferred
Haringey,2021-09-29,58.0,66.0,72.0,74.0,76.0,81.0,84.0,88.0,93.0,95.0,98.0,105.0,118.0,inferred
Haringey,2021-09-30,55.0,64.0,70.0,73.0,75.0,79.0,82.0,86.0,90.0,93.0,95.0,103.0,115.0,inferred
Haringey,2021-10-01,50.0,57.0,63.0,65.0,67.0,71.0,75.0,78.0,83.0,85.0,87.0,94.0,105.0,inferred
Haringey,2021-10-02,41.0,48.0,53.0,55.0,57.0,61.0,65.0,68.0,72.0,73.0,76.0,82.0,95.0,inferred
Haringey,2021-10-03,42.0,49.0,55.0,57.0,58.0,62.0,66.0,69.0,73.0,75.0,77.0,83.0,96.0,inferred
Haringey,2021-10-04,60.0,70.0,77.0,79.0,82.0,86.0,91.0,94.0,98.0,100.0,103.0,111.0,125.0,inferred
Haringey,2021-10-05,59.0,68.0,74.0,76.0,78.0,82.0,86.0,91.0,95.0,98.0,101.0,108.0,123.0,inferred
Haringey,2021-10-06,62.0,72.0,77.0,80.0,82.0,86.0,91.0,95.0,99.0,101.0,104.0,112.0,123.0,inferred
Haringey,2021-10-07,61.0,70.0,76.0,79.0,81.0,85.0,89.0,93.0,98.0,100.0,103.0,110.1,122.0,inferred
Haringey,2021-10-08,57.0,64.0,70.0,73.0,75.0,79.0,83.0,87.0,91.0,94.0,96.0,104.0,116.0,inferred
Haringey,2021-10-09,46.0,55.0,61.0,63.0,65.0,69.0,72.0,75.0,80.0,82.0,85.0,91.0,102.0,inferred
Haringey,2021-10-10,48.0,55.9,62.0,64.0,67.0,70.0,73.0,77.0,81.0,83.0,85.0,92.0,103.5,inferred
Haringey,2021-10-11,71.5,81.0,87.0,91.0,93.0,98.0,102.0,106.0,111.0,114.0,117.0,125.0,138.0,inferred
Haringey,2021-10-12,67.5,78.0,85.0,87.0,89.0,93.0,98.0,102.0,107.0,109.0,112.0,119.0,132.5,inferred
Haringey,2021-10-13,68.0,78.0,84.0,87.0,90.0,95.0,99.0,103.0,108.0,110.0,114.0,121.1,136.0,inferred
Haringey,2021-10-14,65.0,73.0,80.8,83.0,85.0,89.0,93.0,97.0,102.0,104.0,108.0,116.0,128.5,inferred
Haringey,2021-10-15,56.0,65.0,71.0,73.8,76.0,79.0,84.0,88.0,93.0,95.0,98.0,105.0,117.5,inferred
Harlow,2021-07-03,15.0,19.0,22.0,24.0,25.0,27.0,29.0,32.0,34.0,35.0,37.0,42.0,52.0,inferred
Harlow,2021-07-04,17.0,22.0,25.0,27.0,28.0,31.0,33.0,36.0,38.0,40.0,42.0,47.0,55.0,inferred
Harlow,2021-07-05,29.0,35.0,39.0,41.0,42.0,45.0,47.0,50.0,53.0,55.0,57.0,62.0,70.5,inferred
Harlow,2021-07-06,29.0,35.0,39.0,41.0,42.0,45.0,48.0,51.0,54.0,55.0,58.0,63.0,71.5,inferred
Harlow,2021-07-07,32.0,38.0,41.0,43.0,45.0,47.0,50.0,53.0,57.0,58.0,60.0,67.0,77.0,inferred
Harlow,2021-07-08,31.0,38.0,42.0,44.0,45.0,48.0,51.0,54.0,57.0,59.0,61.0,66.0,75.5,inferred
Harlow,2021-07-09,30.0,36.0,40.0,42.0,44.0,46.0,49.0,52.0,55.0,57.0,59.0,65.0,74.0,inferred
Harlow,2021-07-10,26.0,32.0,36.0,38.0,39.0,42.0,45.0,48.0,50.0,52.0,54.0,59.0,71.0,inferred
Harlow,2021-07-11,30.0,36.0,40.0,42.0,44.0,47.0,49.0,52.0,55.0,57.0,59.0,65.0,75.0,inferred
Harlow,2021-07-12,46.0,54.0,60.0,62.0,64.0,68.0,71.0,75.0,79.0,81.0,83.0,91.0,102.0,inferred
Harlow,2021-07-13,45.0,53.0,59.0,61.0,63.0,66.0,69.0,72.0,76.0,79.0,81.0,87.0,97.0,inferred
Harlow,2021-07-14,45.0,52.9,58.0,60.0,62.0,65.0,69.0,72.0,76.0,78.0,81.0,89.0,100.5,inferred
Harlow,2021-07-15,42.5,50.0,55.0,57.0,59.0,62.0,66.0,69.0,72.0,74.0,77.0,83.0,93.0,inferred
Harlow,2021-07-16,38.0,45.0,50.0,52.0,54.0,57.0,60.0,63.0,67.0,69.0,71.0,78.0,87.0,inferred
Harlow,2021-07-17,30.0,36.0,41.0,42.0,44.0,46.6,49.0,52.0,56.0,58.0,60.0,66.0,73.5,inferred
Harlow,2021-07-18,31.0,37.0,41.0,43.0,45.0,48.0,51.0,54.0,57.0,59.0,61.0,67.0,78.0,inferred
Harlow,2021-07-19,42.0,50.0,55.0,58.0,60.0,64.0,67.0,70.0,75.0,77.0,80.0,85.0,96.0,inferred
Harlow,2021-07-20,39.0,45.0,50.0,53.0,55.0,57.0,61.0,64.0,68.0,70.0,73.0,79.0,89.5,inferred
Harlow,2021-07-21,36.0,43.0,48.0,50.0,52.0,55.0,58.0,61.0,65.0,67.0,70.0,76.0,86.0,inferred
Harlow,2021-07-22,31.0,38.0,42.0,44.0,46.0,48.0,51.0,54.0,58.0,60.0,62.0,68.0,76.0,inferred
Harlow,2021-07-23,24.0,30.0,35.0,36.0,38.0,40.0,43.0,46.0,49.0,51.0,53.0,59.0,67.0,inferred
Harlow,2021-07-24,19.0,23.0,26.0,28.0,29.0,31.0,33.0,36.0,39.0,40.0,42.0,47.0,55.0,inferred
Harlow,2021-07-25,18.0,22.0,26.0,27.0,28.0,30.0,33.0,35.0,37.0,39.0,41.0,46.0,55.0,inferred
Harlow,2021-07-26,23.0,29.0,32.0,34.0,35.0,38.0,41.0,44.0,47.0,48.0,50.0,55.0,63.5,inferred
Harlow,2021-07-27,20.0,26.0,29.0,31.0,32.0,35.0,37.0,40.0,43.0,44.0,46.0,51.0,61.0,inferred
Harlow,2021-07-28,22.0,27.0,31.0,32.0,33.0,36.0,38.0,41.0,44.0,46.0,47.0,52.0,60.0,inferred
Harlow,2021-07-29,21.0,26.0,29.0,31.0,32.0,34.0,37.0,40.0,42.0,44.0,46.0,50.0,58.0,inferred
Harlow,2021-07-30,19.0,23.0,27.0,28.0,29.0,32.0,34.0,36.0,39.0,40.0,42.0,47.0,54.5,inferred
Harlow,2021-07-31,15.0,19.0,22.0,24.0,25.0,27.0,29.0,31.0,34.0,35.0,37.0,41.0,48.0,inferred
Harlow,2021-08-01,16.0,21.0,24.0,25.0,26.0,29.0,31.0,33.0,36.0,37.0,39.0,44.0,52.0,inferred
Harlow,2021-08-02,23.0,30.0,34.0,35.0,37.0,39.0,42.0,45.0,48.0,49.0,51.0,56.0,65.0,inferred
Harlow,2021-08-03,23.0,28.0,32.0,33.0,35.0,37.6,40.0,43.0,45.0,47.0,49.0,54.0,62.0,inferred
Harlow,2021-08-04,23.0,29.0,33.0,34.0,36.0,38.0,41.0,43.0,47.0,48.0,50.0,55.0,67.0,inferred
Harlow,2021-08-05,23.0,28.0,31.0,33.0,34.0,37.0,40.0,42.0,45.0,46.0,48.0,53.0,62.0,inferred
Harlow,2021-08-06,19.0,25.0,29.0,31.0,32.0,34.0,37.0,39.0,42.0,43.0,45.0,50.0,59.0,inferred
Harlow,2021-08-07,16.0,21.0,25.0,26.0,27.0,30.0,32.0,34.0,36.0,38.0,40.0,45.0,53.0,inferred
Harlow,2021-08-08,17.0,22.0,25.0,27.0,28.0,31.0,33.0,35.0,38.0,39.0,41.0,46.1,53.5,inferred
Harlow,2021-08-09,26.0,32.0,36.0,38.0,39.0,42.0,45.0,47.0,50.0,52.0,54.0,60.0,68.5,inferred
Harlow,2021-08-10,24.0,30.0,35.0,37.0,38.0,41.0,43.5,46.0,49.0,51.0,53.0,58.0,66.0,inferred
Harlow,2021-08-11,27.0,32.0,36.0,38.0,39.0,42.0,45.0,47.0,51.0,52.0,54.0,60.0,68.0,inferred
Harlow,2021-08-12,27.0,32.0,36.0,38.0,39.0,41.0,44.0,47.0,49.0,51.0,53.0,59.0,67.0,inferred
Harlow,2021-08-13,24.0,28.0,32.0,34.0,35.0,37.0,40.0,43.0,46.0,47.0,49.0,55.0,63.0,inferred
Harlow,2021-08-14,19.0,23.0,26.0,28.0,29.0,32.0,34.0,37.0,39.0,40.0,42.0,47.0,53.5,inferred
Harlow,2021-08-15,19.0,24.0,28.0,29.0,31.0,33.0,36.0,38.0,41.0,42.0,44.0,49.0,57.0,inferred
Harlow,2021-08-16,28.0,34.0,39.0,41.0,42.0,45.0,48.0,51.0,54.0,56.0,58.0,64.0,74.0,inferred
Harlow,2021-08-17,25.5,31.0,36.0,38.0,39.0,42.6,45.0,48.0,51.0,53.0,56.0,60.0,69.0,inferred
Harlow,2021-08-18,25.5,32.0,37.0,38.0,40.0,43.0,45.0,48.0,51.0,53.0,54.0,60.0,69.5,inferred
Harlow,2021-08-19,24.0,30.0,33.0,35.0,37.0,39.6,42.0,45.0,48.0,49.0,51.0,57.0,65.5,inferred
Harlow,2021-08-20,20.0,25.0,29.0,31.0,32.0,34.0,37.0,40.0,42.0,44.0,45.2,51.0,57.5,inferred
Harlow,2021-08-21,16.0,20.0,24.0,25.0,26.0,28.0,30.0,33.0,36.0,37.0,39.0,42.0,50.0,inferred
Harlow,2021-08-22,15.0,20.0,23.0,25.0,26.0,28.0,31.0,33.0,35.0,37.0,38.0,43.0,52.0,inferred
Harlow,2021-08-23,22.0,28.0,33.0,34.0,35.0,38.0,41.0,43.0,46.0,47.0,49.0,54.0,63.0,inferred
Harlow,2021-08-24,22.0,26.0,30.0,32.0,33.0,36.0,38.0,40.0,44.0,45.0,47.0,52.0,59.0,inferred
Harlow,2021-08-25,21.0,26.0,30.0,32.0,33.0,36.0,38.0,41.0,44.0,46.0,48.0,53.0,60.0,inferred
Harlow,2021-08-26,20.5,25.0,29.0,30.0,32.0,34.0,37.0,40.0,42.0,44.0,46.0,51.0,60.5,inferred
Harlow,2021-08-27,18.0,23.0,27.0,28.0,29.0,31.0,34.0,36.0,39.0,41.0,42.0,47.0,55.0,inferred
Harlow,2021-08-28,14.0,19.0,22.0,23.0,24.0,26.0,29.0,31.0,33.0,34.2,36.0,41.0,49.0,inferred
Harlow,2021-08-29,15.0,19.0,23.0,24.0,25.0,28.0,30.0,32.0,35.0,36.0,38.0,43.0,50.0,inferred
Harlow,2021-08-30,22.0,28.0,32.0,34.0,35.0,38.0,40.0,43.0,45.0,47.0,49.0,54.0,62.5,inferred
Harlow,2021-08-31,21.0,26.0,31.0,32.0,34.0,36.0,39.0,42.0,45.0,46.0,48.0,53.0,62.0,inferred
Harlow,2021-09-01,22.0,28.0,32.0,33.0,35.0,37.0,39.0,42.4,46.0,48.0,49.0,54.0,61.0,inferred
Harlow,2021-09-02,20.0,26.0,30.0,32.0,33.0,36.0,38.0,40.0,43.0,45.0,46.0,52.0,61.0,inferred
Harlow,2021-09-03,18.0,23.0,27.0,28.0,30.0,32.0,35.0,37.0,40.0,42.0,44.0,49.0,57.0,inferred
Harlow,2021-09-04,15.0,19.0,23.0,24.0,25.0,27.0,30.0,32.0,35.0,36.0,38.0,42.0,50.0,inferred
Harlow,2021-09-05,16.0,21.0,24.0,25.0,27.0,29.0,31.0,34.0,36.0,37.0,39.0,43.0,50.0,inferred
Harlow,2021-09-06,23.0,29.0,33.0,34.0,36.0,38.0,41.0,44.0,47.0,48.0,51.0,56.0,63.5,inferred
Harlow,2021-09-07,22.0,27.0,31.0,32.0,33.0,36.0,38.0,41.0,44.0,46.0,48.0,54.0,61.0,inferred
Harlow,2021-09-08,21.0,25.0,29.0,31.0,32.0,35.0,37.0,39.0,43.0,44.0,46.0,51.0,60.0,inferred
Harlow,2021-09-09,18.0,23.0,26.0,28.0,29.0,32.0,33.5,36.0,39.0,40.0,42.0,47.0,54.0,inferred
Harlow,2021-09-10,14.5,19.0,22.0,24.0,25.0,27.0,29.0,31.0,34.0,36.0,37.0,42.0,49.0,inferred
Harlow,2021-09-11,11.0,15.0,17.0,19.0,20.0,22.0,24.0,26.0,28.0,29.0,31.0,35.0,41.0,inferred
Harlow,2021-09-12,11.0,15.0,17.0,18.0,19.0,21.0,23.0,25.4,28.0,29.0,31.0,35.0,42.0,inferred
Harlow,2021-09-13,15.0,19.0,23.0,24.0,26.0,28.0,30.0,32.0,35.0,37.0,38.0,43.0,49.0,inferred
Harlow,2021-09-14,14.0,18.0,21.0,22.0,24.0,26.0,28.0,30.0,32.0,34.0,35.0,40.0,46.5,inferred
Harlow,2021-09-15,14.0,18.0,22.0,23.0,24.0,26.0,29.0,31.0,33.0,35.0,36.0,41.0,48.0,inferred
Harlow,2021-09-16,14.0,18.0,21.0,22.0,24.0,26.0,28.0,30.0,33.0,34.0,36.0,40.0,46.0,inferred
Harlow,2021-09-17,13.0,16.0,19.0,20.0,21.0,23.0,26.0,28.0,30.0,31.0,33.0,37.0,44.0,inferred
Harlow,2021-09-18,9.0,14.0,16.0,17.0,18.0,20.0,22.0,24.0,26.0,27.0,29.0,33.0,40.0,inferred
Harlow,2021-09-19,11.0,15.0,18.0,19.0,20.0,22.0,23.0,25.0,28.0,29.0,30.0,34.0,41.0,inferred
Harlow,2021-09-20,18.0,22.0,25.0,26.0,28.0,30.0,32.0,35.0,37.0,39.0,41.0,45.0,53.0,inferred
Harlow,2021-09-21,16.0,20.0,24.0,25.0,26.0,29.0,31.0,33.0,35.0,37.0,38.0,43.0,51.0,inferred
Harlow,2021-09-22,16.0,21.0,25.0,26.0,27.0,30.0,32.0,35.0,37.0,39.0,40.0,45.0,53.0,inferred
Harlow,2021-09-23,16.0,21.0,24.0,25.0,27.0,29.0,31.0,33.0,36.0,37.0,39.0,44.0,52.0,inferred
Harlow,2021-09-24,15.0,19.0,23.0,24.0,25.0,27.0,29.0,32.0,34.0,36.0,37.0,42.0,48.0,inferred
Harlow,2021-09-25,11.0,16.0,19.0,20.0,21.0,23.0,25.0,28.0,30.0,31.0,33.0,37.0,45.0,inferred
Harlow,2021-09-26,13.0,18.0,21.0,22.0,23.0,25.0,27.0,29.0,31.3,33.0,35.0,39.0,46.0,inferred
Harlow,2021-09-27,19.5,25.0,28.0,30.0,32.0,34.0,36.0,39.0,41.0,43.0,45.0,50.0,57.0,inferred
Harlow,2021-09-28,19.0,24.0,28.0,29.0,31.0,33.0,35.0,38.0,41.0,42.0,44.0,49.0,56.0,inferred
Harlow,2021-09-29,21.0,25.0,29.0,30.0,32.0,34.0,36.5,39.0,42.0,44.0,46.0,51.0,59.0,inferred
Harlow,2021-09-30,19.0,25.0,28.0,29.0,31.0,33.0,36.0,38.0,41.0,43.0,45.0,50.0,58.0,inferred
Harlow,2021-10-01,18.0,23.0,26.0,28.0,29.0,31.0,33.0,36.0,39.0,41.0,42.0,47.0,54.0,inferred
Harlow,2021-10-02,15.0,19.0,23.0,24.0,25.0,27.0,29.0,31.0,34.0,35.0,37.0,42.0,49.0,inferred
Harlow,2021-10-03,16.0,21.0,24.0,26.0,27.0,29.0,31.0,34.0,36.0,37.0,39.0,44.0,51.0,inferred
Harlow,2021-10-04,24.0,30.0,35.0,36.0,38.0,40.0,43.0,45.0,49.0,51.0,53.0,58.0,67.0,inferred
Harlow,2021-10-05,24.0,30.0,35.0,36.0,38.0,40.0,43.0,45.0,49.0,51.0,53.0,58.0,66.0,inferred
Harlow,2021-10-06,26.0,33.0,37.0,38.0,40.0,42.6,45.0,48.0,51.0,52.0,54.0,60.0,70.0,inferred
Harlow,2021-10-07,27.0,33.0,37.0,39.0,40.0,43.0,46.0,48.0,51.0,53.0,55.0,61.0,71.0,inferred
Harlow,2021-10-08,25.0,30.0,35.0,37.0,38.0,41.0,43.0,46.0,49.0,51.0,53.0,59.0,67.0,inferred
Harlow,2021-10-09,21.0,27.0,30.0,31.0,33.0,35.6,38.0,40.0,43.0,45.0,47.0,51.0,58.0,inferred
Harlow,2021-10-10,23.0,28.0,33.0,34.0,35.0,38.0,41.0,43.0,46.0,48.0,50.0,55.0,63.0,inferred
Harlow,2021-10-11,35.0,42.0,47.0,49.0,51.0,54.0,57.0,61.0,65.0,67.0,69.0,75.0,84.0,inferred
Harlow,2021-10-12,33.0,40.0,45.0,47.0,49.0,52.0,56.0,59.0,62.0,63.0,66.0,72.0,82.0,inferred
Harlow,2021-10-13,35.0,42.0,47.0,48.0,50.0,53.0,56.0,59.0,63.0,65.0,67.0,73.0,84.0,inferred
Harlow,2021-10-14,31.0,39.0,44.0,46.0,48.0,51.0,54.0,57.0,61.0,63.0,65.0,72.0,81.0,inferred
Harlow,2021-10-15,28.0,34.0,39.0,41.0,43.0,46.0,50.0,53.0,56.0,58.0,60.0,67.0,76.5,inferred
Harrogate,2021-07-03,41.0,48.9,54.0,56.0,58.0,61.0,64.0,68.0,71.0,74.0,76.0,82.0,92.0,inferred
Harrogate,2021-07-04,47.0,55.0,61.0,63.0,65.0,68.0,72.0,75.0,79.0,81.0,84.0,91.0,103.0,inferred
Harrogate,2021-07-05,76.0,84.0,90.0,93.0,95.0,99.0,103.0,107.0,111.0,114.0,117.0,125.0,137.5,inferred
Harrogate,2021-07-06,72.0,81.0,87.0,90.0,92.0,96.0,101.0,105.0,110.0,112.0,115.0,122.0,135.0,inferred
Harrogate,2021-07-07,76.0,84.0,90.0,94.0,96.0,100.0,104.0,108.0,113.0,116.0,119.0,126.0,137.0,inferred
Harrogate,2021-07-08,74.0,84.0,91.0,93.0,95.0,100.0,104.0,107.0,112.0,114.0,116.0,125.0,136.0,inferred
Harrogate,2021-07-09,69.0,78.0,85.0,88.0,90.0,94.0,98.0,102.0,106.0,109.0,112.0,119.0,132.0,inferred
Harrogate,2021-07-10,58.0,66.9,72.0,75.0,77.0,81.0,85.0,89.0,93.0,95.0,98.0,105.0,120.5,inferred
Harrogate,2021-07-11,66.0,75.0,81.0,83.0,85.7,90.0,94.0,98.0,103.0,106.0,108.0,115.0,127.0,inferred
Harrogate,2021-07-12,99.0,110.0,117.0,121.0,124.0,129.0,134.0,140.0,146.0,149.0,153.0,162.0,177.0,inferred
Harrogate,2021-07-13,93.0,104.0,112.0,115.0,117.0,122.0,127.0,132.0,137.0,140.0,144.0,152.0,165.0,inferred
Harrogate,2021-07-14,91.0,103.0,110.8,113.0,115.0,120.0,124.0,130.0,136.0,139.0,142.0,153.0,166.0,inferred
Harrogate,2021-07-15,83.5,94.9,102.0,105.0,107.0,112.0,116.5,121.0,126.0,129.0,131.0,140.0,154.0,inferred
Harrogate,2021-07-16,73.0,83.0,90.0,92.0,95.0,99.0,103.0,107.0,112.0,114.2,118.0,125.0,138.0,inferred
Harrogate,2021-07-17,57.0,65.0,72.0,74.0,76.0,80.0,83.0,87.0,90.0,93.0,95.0,101.0,114.0,inferred
Harrogate,2021-07-18,57.0,66.0,73.0,75.0,77.0,81.0,85.0,89.0,92.0,95.0,98.0,105.1,116.0,inferred
Harrogate,2021-07-19,82.0,91.0,98.0,101.0,103.0,108.0,113.0,117.0,122.3,126.0,129.0,136.0,149.0,inferred
Harrogate,2021-07-20,71.0,81.0,88.0,90.0,93.0,97.0,101.0,106.0,110.0,113.0,116.0,125.0,137.0,inferred
Harrogate,2021-07-21,65.5,75.0,81.0,84.0,86.0,90.0,95.0,99.0,103.0,106.0,109.0,116.0,128.0,inferred
Harrogate,2021-07-22,56.0,65.0,70.0,73.0,75.0,80.0,84.0,88.0,91.0,94.0,96.0,104.0,115.5,inferred
Harrogate,2021-07-23,46.0,54.0,60.0,62.0,64.0,67.0,71.0,74.0,78.0,80.0,83.0,90.0,99.0,inferred
Harrogate,2021-07-24,33.0,40.0,45.0,47.0,49.0,52.0,55.0,58.0,61.0,63.0,65.0,70.1,82.0,inferred
Harrogate,2021-07-25,33.5,40.0,45.0,47.0,48.0,52.0,54.0,58.0,61.0,63.0,65.0,70.0,81.5,inferred
Harrogate,2021-07-26,44.0,53.0,59.0,61.0,63.0,66.0,70.0,74.0,78.0,80.0,82.0,89.0,99.0,inferred
Harrogate,2021-07-27,41.0,48.0,53.0,56.0,58.0,61.0,64.0,68.0,72.0,74.0,76.0,82.0,94.0,inferred
Harrogate,2021-07-28,42.0,49.0,54.0,56.0,58.0,61.0,65.0,68.0,71.0,73.0,76.0,83.0,92.0,inferred
Harrogate,2021-07-29,41.0,48.0,53.0,54.0,56.0,59.0,62.0,66.0,69.0,71.0,73.0,79.0,88.0,inferred
Harrogate,2021-07-30,36.0,43.0,48.0,50.0,52.0,55.0,58.0,61.0,64.0,66.0,69.0,75.0,85.0,inferred
Harrogate,2021-07-31,30.0,36.0,40.0,42.0,44.0,47.0,49.0,52.0,55.0,57.0,59.0,65.0,74.0,inferred
Harrogate,2021-08-01,31.0,39.0,43.0,45.0,46.0,49.0,52.0,55.0,58.0,60.0,62.0,67.0,76.0,inferred
Harrogate,2021-08-02,48.0,56.0,61.0,64.0,66.0,70.0,73.0,77.0,82.0,84.0,86.0,93.0,103.0,inferred
Harrogate,2021-08-03,44.0,52.0,57.0,59.8,62.0,65.0,69.0,72.0,76.0,78.0,81.0,88.0,99.0,inferred
Harrogate,2021-08-04,46.0,53.0,58.0,60.0,63.0,66.0,69.0,73.0,76.0,78.0,81.0,88.0,100.0,inferred
Harrogate,2021-08-05,43.5,51.0,56.0,58.0,59.7,63.0,66.0,69.4,73.0,75.0,78.0,85.0,95.0,inferred
Harrogate,2021-08-06,38.0,46.0,51.0,53.0,55.0,58.0,61.0,65.0,67.0,69.0,72.0,78.0,89.0,inferred
Harrogate,2021-08-07,31.0,37.0,41.0,43.0,45.0,49.0,52.0,54.0,58.0,60.0,62.0,67.0,77.0,inferred
Harrogate,2021-08-08,34.0,40.0,44.0,46.0,48.0,51.0,54.0,57.0,61.0,63.0,65.0,71.0,81.5,inferred
Harrogate,2021-08-09,51.0,59.0,65.0,67.0,69.0,72.0,76.0,80.0,84.0,87.0,89.0,96.0,106.0,inferred
Harrogate,2021-08-10,46.0,55.0,61.0,63.0,65.0,69.0,72.0,76.0,80.0,83.0,85.0,92.0,105.0,inferred
Harrogate,2021-08-11,47.0,57.0,62.0,64.0,66.0,70.0,73.0,77.0,81.0,84.0,86.0,93.0,107.0,inferred
Harrogate,2021-08-12,48.0,56.0,61.0,64.0,65.0,69.0,72.0,76.0,80.0,82.0,84.0,92.0,102.5,inferred
Harrogate,2021-08-13,44.0,52.0,57.0,59.0,61.0,65.0,68.0,71.0,75.0,77.0,79.0,86.0,96.0,inferred
Harrogate,2021-08-14,36.5,43.0,48.0,50.0,52.0,55.0,58.0,61.0,65.0,67.0,69.0,75.0,86.5,inferred
Harrogate,2021-08-15,40.0,48.0,53.0,54.0,56.0,59.0,63.0,66.0,70.0,72.0,74.0,82.0,92.0,inferred
Harrogate,2021-08-16,61.0,69.0,75.0,77.0,80.0,84.0,88.0,92.0,97.0,99.0,102.0,110.0,126.0,inferred
Harrogate,2021-08-17,58.0,65.0,71.0,73.8,75.0,80.0,83.0,87.0,91.0,93.0,95.2,103.1,115.0,inferred
Harrogate,2021-08-18,55.0,65.0,70.0,72.0,75.0,79.0,82.0,86.0,90.0,93.0,96.0,103.0,116.0,inferred
Harrogate,2021-08-19,52.0,60.0,66.0,68.0,70.0,74.0,78.0,82.0,85.3,88.0,90.0,97.0,108.5,inferred
Harrogate,2021-08-20,45.5,54.0,59.0,61.0,63.0,66.0,70.0,73.0,77.0,79.0,82.0,89.0,98.0,inferred
Harrogate,2021-08-21,36.0,44.0,48.0,50.0,52.0,55.0,58.0,62.0,66.0,67.0,70.0,75.0,86.0,inferred
Harrogate,2021-08-22,39.0,46.0,51.0,53.0,55.0,58.0,61.0,65.0,68.0,70.0,72.0,79.0,88.5,inferred
Harrogate,2021-08-23,56.0,66.0,71.0,74.0,76.0,80.0,83.0,87.4,92.0,94.0,97.0,104.1,117.0,inferred
Harrogate,2021-08-24,53.0,62.0,68.0,70.0,72.0,75.6,79.0,83.0,88.0,90.0,93.0,100.0,112.0,inferred
Harrogate,2021-08-25,55.0,63.0,70.0,72.0,75.0,78.0,82.0,86.0,90.0,93.0,95.0,103.0,114.0,inferred
Harrogate,2021-08-26,54.0,63.0,70.0,72.0,74.0,77.0,81.0,85.0,89.0,91.0,94.0,101.0,112.0,inferred
Harrogate,2021-08-27,52.5,60.0,66.0,68.0,69.7,73.0,77.0,80.0,85.0,87.0,90.0,97.0,107.0,inferred
Harrogate,2021-08-28,44.0,52.0,57.0,58.0,60.0,63.0,67.0,70.0,75.0,77.0,79.0,86.0,98.0,inferred
Harrogate,2021-08-29,47.0,56.0,62.0,63.0,65.0,69.0,72.5,76.0,80.0,82.0,84.0,92.0,103.0,inferred
Harrogate,2021-08-30,74.0,84.0,91.0,94.0,96.0,100.0,103.0,107.0,112.0,116.0,118.0,128.0,140.0,inferred
Harrogate,2021-08-31,69.5,78.9,86.0,88.0,91.0,95.0,99.0,103.0,108.0,111.0,114.0,122.0,135.5,inferred
Harrogate,2021-09-01,71.0,79.0,87.0,89.0,91.0,96.0,100.0,104.0,109.0,112.0,115.0,124.0,135.0,inferred
Harrogate,2021-09-02,67.5,77.0,84.0,87.0,89.0,93.0,97.0,101.0,105.0,107.0,109.2,119.0,132.0,inferred
Harrogate,2021-09-03,60.5,71.0,77.0,80.0,82.0,86.0,90.0,94.0,98.0,100.2,103.0,111.0,122.0,inferred
Harrogate,2021-09-04,50.5,58.0,63.8,66.0,67.7,72.0,75.0,79.0,83.0,85.0,88.0,94.0,106.0,inferred
Harrogate,2021-09-05,53.0,62.0,69.0,71.0,73.0,77.0,80.0,84.0,88.0,90.0,93.0,99.1,110.0,inferred
Harrogate,2021-09-06,79.0,90.0,97.0,100.0,102.0,107.0,112.0,116.0,120.0,122.0,126.0,133.1,149.0,inferred
Harrogate,2021-09-07,71.0,80.0,88.0,90.0,92.0,97.0,101.0,105.0,110.0,113.0,116.0,124.0,138.5,inferred
Harrogate,2021-09-08,68.0,77.0,84.0,87.0,89.0,93.0,97.0,101.0,106.0,109.0,112.0,119.0,129.0,inferred
Harrogate,2021-09-09,59.0,69.0,74.8,77.0,79.0,83.0,87.0,92.0,95.0,97.2,100.0,108.0,120.5,inferred
Harrogate,2021-09-10,50.0,58.0,64.0,66.0,67.0,71.0,75.0,78.0,82.0,84.0,87.0,94.0,105.0,inferred
Harrogate,2021-09-11,37.0,44.0,49.0,51.0,53.0,56.0,59.0,62.0,66.0,68.0,70.0,76.0,86.0,inferred
Harrogate,2021-09-12,36.0,44.0,49.0,50.0,52.0,55.0,58.0,62.0,65.0,67.0,69.0,75.0,85.0,inferred
Harrogate,2021-09-13,52.0,61.0,66.0,69.0,71.0,74.0,77.0,81.0,86.0,88.0,91.0,98.1,111.5,inferred
Harrogate,2021-09-14,48.0,57.0,62.0,65.0,67.0,70.0,74.0,78.0,82.0,84.0,87.0,95.0,106.0,inferred
Harrogate,2021-09-15,55.0,63.0,69.0,71.0,74.0,77.0,81.0,84.0,88.0,90.0,93.0,100.0,114.5,inferred
Harrogate,2021-09-16,57.5,66.0,73.0,75.0,77.0,82.0,85.0,89.0,93.0,96.0,98.2,106.0,119.0,inferred
Harrogate,2021-09-17,59.0,67.0,74.0,76.0,78.0,82.0,85.0,89.0,94.0,96.0,99.0,106.0,117.0,inferred
Harrogate,2021-09-18,53.0,61.0,67.0,69.0,71.0,75.0,79.0,83.0,87.0,89.0,91.0,97.0,108.0,inferred
Harrogate,2021-09-19,62.0,71.0,77.0,80.0,82.0,86.0,90.0,94.0,98.0,101.0,104.0,111.0,124.0,inferred
Harrogate,2021-09-20,98.0,111.0,119.0,122.0,124.0,130.0,135.0,141.0,147.0,150.0,153.0,162.0,175.5,inferred
Harrogate,2021-09-21,96.0,108.0,117.0,120.0,123.0,128.0,133.0,137.0,143.0,146.0,150.0,160.0,176.0,inferred
Harrogate,2021-09-22,99.0,111.0,119.0,122.0,124.0,129.0,134.0,139.0,145.0,147.0,151.0,162.0,173.0,inferred
Harrogate,2021-09-23,93.5,107.0,114.0,117.0,120.0,125.0,130.0,134.0,139.0,142.0,145.0,154.0,172.0,inferred
Harrogate,2021-09-24,87.0,97.0,105.0,107.8,110.0,115.0,119.0,124.0,129.0,132.0,135.0,143.0,157.0,inferred
Harrogate,2021-09-25,72.0,81.0,88.0,90.0,93.0,97.0,101.0,105.0,109.0,112.0,115.0,122.0,135.5,inferred
Harrogate,2021-09-26,77.5,87.0,95.0,97.0,99.0,104.0,108.0,113.0,117.3,121.0,124.0,132.0,146.0,inferred
Harrogate,2021-09-27,113.0,125.0,134.0,137.0,140.0,146.0,151.0,155.0,161.0,164.0,168.0,178.0,195.0,inferred
Harrogate,2021-09-28,107.0,118.0,126.0,129.0,132.0,136.0,141.0,146.0,152.0,155.0,158.0,169.0,185.0,inferred
Harrogate,2021-09-29,107.5,119.0,127.0,130.0,133.0,138.0,142.0,147.0,154.0,158.0,161.0,170.0,183.5,inferred
Harrogate,2021-09-30,103.0,115.0,122.8,126.0,129.0,133.0,138.0,143.0,148.3,152.0,155.0,165.0,181.0,inferred
Harrogate,2021-10-01,93.0,105.0,112.0,115.0,118.0,123.0,127.0,133.0,138.0,141.0,144.0,151.0,167.0,inferred
Harrogate,2021-10-02,76.5,87.0,94.0,97.0,99.0,104.0,108.0,113.0,118.0,120.0,123.0,130.0,145.0,inferred
Harrogate,2021-10-03,84.0,95.0,102.0,105.0,107.7,113.0,117.0,121.0,127.0,129.0,131.2,139.0,153.0,inferred
Harrogate,2021-10-04,122.0,135.9,144.0,147.0,151.0,155.0,161.0,167.0,173.0,177.0,180.0,188.0,204.0,inferred
Harrogate,2021-10-05,116.5,131.9,139.0,142.0,145.0,151.0,156.0,161.0,167.0,171.0,174.0,183.0,198.0,inferred
Harrogate,2021-10-06,121.5,133.9,142.0,146.0,150.0,155.0,161.0,166.0,171.0,174.0,178.0,187.0,203.0,inferred
Harrogate,2021-10-07,121.0,133.0,140.0,144.0,147.0,152.0,157.0,162.0,167.0,170.0,173.0,184.0,198.5,inferred
Harrogate,2021-10-08,113.0,124.0,132.0,134.0,137.0,141.6,146.0,152.0,158.0,161.0,165.0,175.0,189.0,inferred
Harrogate,2021-10-09,95.0,105.0,113.0,115.0,119.0,124.0,128.5,133.0,139.0,142.0,145.0,153.0,168.5,inferred
Harrogate,2021-10-10,103.0,114.0,121.0,125.0,127.0,133.0,138.0,143.0,148.0,151.0,154.0,163.0,174.5,inferred
Harrogate,2021-10-11,152.5,167.0,177.0,181.0,184.0,191.0,196.0,202.0,207.0,212.0,216.0,225.0,245.0,inferred
Harrogate,2021-10-12,141.5,156.9,167.0,170.0,173.0,180.0,185.0,191.0,197.0,200.0,205.0,217.0,235.0,inferred
Harrogate,2021-10-13,140.0,154.0,164.0,167.0,170.0,176.0,182.0,187.0,193.0,197.0,202.0,212.0,225.5,inferred
Harrogate,2021-10-14,127.0,140.0,150.0,153.0,157.0,163.0,168.0,175.0,181.0,185.0,189.0,200.0,216.5,inferred
Harrogate,2021-10-15,112.0,123.0,132.0,136.0,139.0,145.0,151.0,156.4,163.0,166.0,171.2,183.0,199.0,inferred
Harrow,2021-07-03,30.0,36.0,40.0,42.0,43.0,46.0,48.0,51.0,54.0,56.0,58.0,64.0,73.0,inferred
Harrow,2021-07-04,32.0,38.9,43.0,44.0,46.0,49.0,52.0,54.0,57.0,59.0,61.0,67.0,75.5,inferred
Harrow,2021-07-05,49.0,58.0,63.0,66.0,68.0,71.0,74.0,77.0,82.0,84.0,86.0,93.0,105.0,inferred
Harrow,2021-07-06,53.0,61.0,67.0,69.0,71.0,74.0,77.0,81.0,85.0,88.0,90.0,96.0,107.0,inferred
Harrow,2021-07-07,61.5,69.0,74.0,76.0,78.0,82.0,86.0,89.0,93.0,95.0,98.0,105.0,115.0,inferred
Harrow,2021-07-08,64.0,73.0,79.0,81.0,83.0,87.0,91.0,95.0,99.0,101.0,103.0,111.0,123.0,inferred
Harrow,2021-07-09,64.0,73.0,79.0,81.0,83.0,87.0,91.0,95.0,99.0,101.0,103.0,111.0,123.0,inferred
Harrow,2021-07-10,58.0,67.0,73.0,75.8,78.0,81.0,85.0,89.0,93.0,95.0,98.0,105.0,117.0,inferred
Harrow,2021-07-11,65.5,75.0,81.0,83.0,86.0,90.0,94.0,98.0,102.0,104.0,107.0,115.0,125.0,inferred
Harrow,2021-07-12,104.0,116.0,123.0,126.0,129.0,134.0,139.0,144.0,150.0,153.0,156.0,165.0,180.0,inferred
Harrow,2021-07-13,107.0,116.0,125.0,128.8,131.0,136.0,140.5,145.0,151.0,154.0,157.0,166.0,181.0,inferred
Harrow,2021-07-14,112.0,124.0,133.0,135.0,138.0,142.0,146.5,152.0,157.0,160.0,164.0,172.0,185.5,inferred
Harrow,2021-07-15,110.0,122.0,130.0,133.0,135.0,140.0,145.0,149.0,155.0,158.0,161.0,170.0,183.0,inferred
Harrow,2021-07-16,104.0,112.0,120.0,123.0,126.0,131.0,135.0,140.0,144.0,147.0,150.0,160.0,174.5,inferred
Harrow,2021-07-17,86.0,96.0,104.0,106.0,109.0,113.0,117.0,122.0,126.0,128.0,131.0,139.0,152.0,inferred
Harrow,2021-07-18,88.0,99.0,106.0,109.0,111.0,115.0,120.0,125.0,130.0,132.0,135.0,142.0,154.0,inferred
Harrow,2021-07-19,127.0,139.0,147.0,151.0,154.0,160.0,165.0,170.0,175.0,178.0,182.0,193.0,208.0,inferred
Harrow,2021-07-20,117.0,130.0,138.0,141.0,143.0,149.0,154.0,159.0,165.0,168.0,171.0,182.0,199.0,inferred
Harrow,2021-07-21,112.0,124.0,133.0,136.0,138.0,144.0,149.0,154.0,160.0,162.0,166.0,174.0,187.0,inferred
Harrow,2021-07-22,100.0,111.0,118.0,122.0,124.0,129.0,134.0,139.0,143.0,147.0,151.0,159.0,173.0,inferred
Harrow,2021-07-23,84.0,95.0,102.0,104.0,107.0,111.0,115.0,120.0,124.0,127.0,129.0,138.0,152.0,inferred
Harrow,2021-07-24,65.0,74.0,80.0,82.0,85.0,89.0,92.0,96.0,99.0,102.0,104.0,112.0,122.0,inferred
Harrow,2021-07-25,62.0,70.0,75.0,77.0,79.0,83.0,87.0,90.0,94.0,97.0,99.0,107.0,117.0,inferred
Harrow,2021-07-26,82.0,92.0,99.0,101.0,103.0,108.0,112.5,116.0,121.0,123.0,126.0,135.0,149.0,inferred
Harrow,2021-07-27,76.5,86.0,92.0,94.0,97.0,101.0,105.0,109.0,113.0,116.0,118.0,127.0,141.0,inferred
Harrow,2021-07-28,77.0,86.0,93.0,95.0,98.0,102.0,106.0,111.0,116.0,118.0,121.0,128.1,143.5,inferred
Harrow,2021-07-29,75.0,83.0,90.0,93.0,96.0,100.0,104.0,108.0,112.3,115.0,118.0,125.0,137.5,inferred
Harrow,2021-07-30,67.0,76.0,83.0,85.0,88.0,92.0,96.0,99.0,103.0,106.0,108.0,115.0,128.0,inferred
Harrow,2021-07-31,57.5,66.0,72.0,74.0,76.0,79.0,83.0,86.0,90.0,93.0,95.0,102.0,115.0,inferred
Harrow,2021-08-01,56.0,65.0,71.0,73.0,75.0,79.0,83.0,87.0,91.0,92.0,95.0,103.0,112.5,inferred
Harrow,2021-08-02,82.0,92.0,99.0,101.0,103.0,108.0,112.0,117.0,123.0,125.0,128.0,136.0,148.0,inferred
Harrow,2021-08-03,78.0,87.0,94.0,97.0,100.0,105.0,109.0,113.0,118.0,120.0,122.2,131.0,143.0,inferred
Harrow,2021-08-04,78.5,89.0,96.0,98.0,101.0,105.0,109.0,112.0,117.0,120.0,123.0,130.0,146.0,inferred
Harrow,2021-08-05,76.0,85.0,92.0,94.0,96.0,100.0,104.0,108.0,112.0,115.0,118.0,125.0,135.0,inferred
Harrow,2021-08-06,67.0,76.0,83.0,85.0,87.0,91.0,95.0,99.0,104.0,106.0,109.0,116.0,127.0,inferred
Harrow,2021-08-07,55.0,62.0,68.0,70.0,72.0,76.0,79.0,83.0,87.0,90.0,92.0,98.0,110.0,inferred
Harrow,2021-08-08,54.5,63.0,69.0,71.0,73.0,76.0,80.0,83.0,87.0,89.0,91.0,98.0,110.0,inferred
Harrow,2021-08-09,79.0,89.0,95.0,97.0,99.0,104.0,108.0,113.0,118.0,121.0,125.0,133.0,144.0,inferred
Harrow,2021-08-10,74.0,83.9,90.0,93.0,95.0,99.0,103.0,108.0,112.0,115.0,117.0,124.0,137.5,inferred
Harrow,2021-08-11,75.0,86.0,93.0,95.0,98.0,101.0,106.0,110.0,114.0,116.0,119.0,126.0,137.5,inferred
Harrow,2021-08-12,73.0,82.0,88.0,91.0,93.0,97.0,101.0,104.0,109.0,111.0,114.0,122.0,133.0,inferred
Harrow,2021-08-13,65.0,73.0,80.0,82.0,84.0,88.0,92.0,95.0,100.0,102.0,105.0,112.0,124.0,inferred
Harrow,2021-08-14,53.0,60.0,66.0,68.0,70.0,74.0,77.0,81.0,85.0,87.0,89.0,95.1,106.0,inferred
Harrow,2021-08-15,51.5,61.0,66.0,68.0,70.0,74.0,78.0,81.0,86.0,88.0,90.0,97.0,108.0,inferred
Harrow,2021-08-16,73.0,84.0,91.0,93.0,96.0,100.0,104.0,108.0,112.0,115.0,117.0,125.1,139.0,inferred
Harrow,2021-08-17,68.0,79.0,86.0,88.0,90.0,94.0,98.0,102.0,107.0,109.0,112.0,119.1,131.0,inferred
Harrow,2021-08-18,73.0,81.0,87.0,90.0,92.0,95.0,99.0,103.0,108.0,110.0,113.0,120.1,133.0,inferred
Harrow,2021-08-19,68.5,76.0,82.0,85.0,87.0,91.0,95.0,99.0,103.0,105.0,108.0,115.0,127.5,inferred
Harrow,2021-08-20,61.0,69.0,75.0,77.0,79.0,83.0,87.0,91.0,95.0,97.0,100.0,108.0,119.5,inferred
Harrow,2021-08-21,50.0,58.0,64.0,65.0,67.0,70.6,74.0,77.0,81.0,83.0,86.0,92.0,102.5,inferred
Harrow,2021-08-22,49.0,58.0,63.0,65.8,67.7,71.0,75.0,78.0,81.0,84.0,86.0,94.0,104.0,inferred
Harrow,2021-08-23,73.5,82.0,88.0,90.0,92.7,96.0,100.0,104.0,109.0,112.0,114.0,122.1,136.0,inferred
Harrow,2021-08-24,68.0,78.0,85.0,87.0,90.0,95.0,99.0,103.0,107.0,110.0,112.0,120.0,131.5,inferred
Harrow,2021-08-25,73.5,83.0,89.0,92.0,94.0,98.0,101.0,105.0,110.0,112.0,115.0,122.1,135.0,inferred
Harrow,2021-08-26,72.0,81.9,88.0,90.0,92.0,97.0,100.0,104.0,108.0,111.0,114.0,121.0,134.0,inferred
Harrow,2021-08-27,66.0,75.0,82.0,84.0,86.0,90.0,95.0,99.0,103.0,106.0,108.0,115.0,125.0,inferred
Harrow,2021-08-28,57.0,64.9,70.0,72.0,74.0,78.0,82.0,85.0,89.0,92.0,94.0,101.0,110.0,inferred
Harrow,2021-08-29,58.0,67.0,73.0,75.0,76.0,80.0,84.0,87.0,92.0,94.0,97.0,104.0,115.0,inferred
Harrow,2021-08-30,84.0,97.0,102.0,105.0,107.0,112.0,117.0,121.0,126.0,128.0,130.0,139.0,153.0,inferred
Harrow,2021-08-31,83.5,93.0,100.0,103.0,105.0,109.0,114.0,118.0,123.0,126.0,129.0,137.0,148.5,inferred
Harrow,2021-09-01,86.0,96.0,102.0,105.0,108.0,113.0,117.0,121.0,126.0,129.0,132.0,139.0,152.0,inferred
Harrow,2021-09-02,83.0,94.0,100.0,103.0,105.0,110.0,114.0,118.0,123.0,125.0,129.0,136.0,148.0,inferred
Harrow,2021-09-03,74.5,83.9,91.0,94.0,96.0,101.0,105.0,109.0,114.0,116.0,119.0,125.1,138.0,inferred
Harrow,2021-09-04,62.0,71.0,77.0,80.0,82.0,86.0,91.0,94.0,98.0,100.0,103.0,110.0,120.0,inferred
Harrow,2021-09-05,64.0,72.0,78.0,80.0,82.0,86.0,90.0,93.4,98.0,100.0,102.0,110.0,122.0,inferred
Harrow,2021-09-06,89.0,101.0,109.0,111.0,114.0,118.6,122.0,127.0,131.0,134.0,137.0,143.0,157.5,inferred
Harrow,2021-09-07,84.0,95.0,102.0,104.0,107.0,111.0,115.0,120.0,125.0,128.0,131.0,141.0,151.0,inferred
Harrow,2021-09-08,82.5,92.0,99.0,102.0,104.0,109.0,113.0,116.0,121.0,124.0,126.0,134.1,147.0,inferred
Harrow,2021-09-09,73.0,82.0,89.0,92.0,94.0,98.0,103.0,106.0,111.0,113.0,116.0,123.0,134.5,inferred
Harrow,2021-09-10,62.0,71.0,76.0,79.0,81.0,85.0,88.0,92.0,97.0,99.0,101.0,109.0,119.0,inferred
Harrow,2021-09-11,49.0,57.0,61.0,63.0,65.0,69.0,72.0,75.0,79.0,81.0,83.0,89.0,98.5,inferred
Harrow,2021-09-12,46.0,53.0,58.0,60.0,62.0,65.0,69.0,72.0,75.0,77.0,80.0,85.0,94.0,inferred
Harrow,2021-09-13,62.0,71.0,77.0,79.0,81.0,85.0,89.0,92.0,96.0,99.0,102.0,109.0,119.0,inferred
Harrow,2021-09-14,58.0,67.0,72.0,75.0,77.0,81.0,84.0,88.0,92.0,95.0,97.0,104.0,114.5,inferred
Harrow,2021-09-15,60.0,69.0,75.0,78.0,80.0,84.0,87.0,91.0,94.0,97.0,99.0,106.0,117.0,inferred
Harrow,2021-09-16,58.5,67.0,73.0,76.0,78.0,82.0,86.0,89.0,94.0,96.0,98.0,105.0,117.0,inferred
Harrow,2021-09-17,54.0,63.0,69.0,71.0,73.0,77.0,80.5,84.0,87.0,89.0,92.0,99.0,110.5,inferred
Harrow,2021-09-18,47.0,55.0,60.0,62.0,64.0,67.0,71.0,74.0,77.0,79.0,82.0,87.0,97.0,inferred
Harrow,2021-09-19,49.0,56.0,61.0,63.0,65.0,69.6,73.0,76.0,80.0,82.0,85.0,91.0,101.0,inferred
Harrow,2021-09-20,73.0,81.0,87.0,90.0,92.0,96.0,101.0,105.0,109.0,112.0,115.0,122.0,137.0,inferred
Harrow,2021-09-21,69.0,78.0,84.0,87.0,88.0,93.0,97.0,101.0,105.0,108.0,111.0,118.0,131.0,inferred
Harrow,2021-09-22,70.0,79.0,84.0,87.0,89.0,93.0,97.0,100.4,105.3,109.0,111.0,118.0,131.0,inferred
Harrow,2021-09-23,66.5,75.0,81.0,84.0,86.0,90.0,93.0,97.0,101.0,104.0,107.0,114.0,126.0,inferred
Harrow,2021-09-24,60.0,67.0,72.0,75.0,77.0,81.0,84.0,88.0,92.0,95.0,98.0,104.0,117.0,inferred
Harrow,2021-09-25,49.0,56.0,61.0,63.0,65.0,68.0,71.0,75.0,79.0,81.0,83.0,90.0,100.5,inferred
Harrow,2021-09-26,47.0,56.0,62.0,64.0,65.0,69.0,72.0,76.0,79.0,81.0,84.0,90.0,101.0,inferred
Harrow,2021-09-27,68.0,79.0,84.0,87.0,89.0,93.0,97.0,101.0,106.0,109.0,112.0,120.0,131.0,inferred
Harrow,2021-09-28,67.0,75.0,81.0,83.0,85.0,89.0,93.0,97.0,102.0,104.0,107.0,113.1,127.5,inferred
Harrow,2021-09-29,66.0,76.0,82.0,84.0,86.0,90.0,94.0,98.0,103.0,105.0,107.0,115.0,128.0,inferred
Harrow,2021-09-30,66.0,73.0,80.0,82.0,84.0,87.0,91.0,95.0,98.0,101.0,103.0,110.0,119.5,inferred
Harrow,2021-10-01,56.0,65.0,71.0,73.0,75.0,79.0,83.0,86.0,91.0,93.0,95.0,103.0,114.0,inferred
Harrow,2021-10-02,49.0,55.0,60.0,62.0,64.0,67.0,71.0,75.0,78.0,80.0,82.2,88.0,99.5,inferred
Harrow,2021-10-03,48.0,55.0,61.0,63.0,65.0,68.0,72.0,76.0,79.0,82.0,84.0,90.0,100.0,inferred
Harrow,2021-10-04,68.0,77.0,84.0,87.0,89.0,93.0,97.0,101.0,105.0,108.0,110.0,118.0,131.5,inferred
Harrow,2021-10-05,67.0,76.0,83.0,86.0,88.0,91.0,95.0,99.0,104.0,106.0,109.0,115.0,127.0,inferred
Harrow,2021-10-06,69.0,79.0,86.0,88.0,90.0,94.0,98.0,103.0,107.0,110.0,112.0,119.0,132.0,inferred
Harrow,2021-10-07,70.0,80.0,86.0,88.0,91.0,95.0,99.0,103.0,107.0,110.0,113.0,120.0,131.0,inferred
Harrow,2021-10-08,66.0,74.0,81.0,83.0,85.0,89.0,93.0,97.0,101.0,103.0,106.0,113.0,125.0,inferred
Harrow,2021-10-09,57.0,65.0,72.0,74.0,75.0,80.0,83.0,86.0,89.0,91.0,94.0,101.0,111.0,inferred
Harrow,2021-10-10,59.5,67.0,73.0,76.0,78.0,81.0,85.0,89.0,93.0,95.0,98.0,105.0,115.0,inferred
Harrow,2021-10-11,85.0,98.0,104.0,107.0,110.0,115.0,120.0,124.0,129.0,131.0,134.0,141.1,156.0,inferred
Harrow,2021-10-12,86.0,97.0,104.0,106.0,109.0,113.6,118.0,123.0,127.0,130.0,133.0,141.0,154.0,inferred
Harrow,2021-10-13,89.0,100.0,108.0,111.0,113.0,118.0,123.0,127.0,132.0,136.0,139.0,148.0,161.0,inferred
Harrow,2021-10-14,88.0,98.0,106.0,109.0,111.0,115.0,120.0,125.0,130.0,132.0,135.0,144.0,158.5,inferred
Harrow,2021-10-15,79.5,91.0,98.0,100.8,103.0,108.0,112.0,117.0,122.3,125.0,129.0,137.0,151.0,inferred
Hart,2021-07-03,8.0,11.0,13.0,14.0,15.0,16.0,18.0,19.0,21.0,22.0,23.0,27.0,32.5,inferred
Hart,2021-07-04,9.0,12.0,14.0,15.0,16.0,18.0,20.0,21.0,23.0,24.0,25.2,29.0,35.0,inferred
Hart,2021-07-05,14.0,18.0,21.0,22.0,23.0,25.0,27.0,29.0,31.0,33.0,34.0,38.0,44.0,inferred
Hart,2021-07-06,15.0,19.0,22.0,23.0,24.0,26.0,28.0,31.0,33.0,34.0,36.0,40.0,46.0,inferred
Hart,2021-07-07,18.0,22.0,25.0,27.0,28.0,30.0,32.0,34.0,37.0,39.0,40.0,44.0,52.0,inferred
Hart,2021-07-08,19.0,24.0,27.0,29.0,30.0,32.0,34.0,37.0,39.0,41.0,43.0,47.0,55.5,inferred
Hart,2021-07-09,20.0,25.0,29.0,30.0,31.0,34.0,36.0,38.0,41.0,43.0,44.0,49.0,56.5,inferred
Hart,2021-07-10,20.0,24.0,27.0,29.0,30.0,32.0,35.0,37.0,40.0,41.0,43.0,47.0,54.0,inferred
Hart,2021-07-11,23.0,29.0,32.8,34.0,35.0,38.0,40.0,43.0,45.0,47.0,49.0,54.0,64.0,inferred
Hart,2021-07-12,40.0,46.0,50.0,52.0,54.0,57.0,60.0,63.0,67.0,69.0,72.0,77.0,89.0,inferred
Hart,2021-07-13,39.0,47.0,52.0,54.0,56.0,59.0,62.0,65.0,69.0,71.0,73.0,79.0,89.5,inferred
Hart,2021-07-14,41.0,48.0,53.0,55.0,57.0,61.0,64.0,67.0,71.0,73.0,75.0,82.0,91.5,inferred
Hart,2021-07-15,38.0,45.0,50.0,51.0,53.0,56.6,60.0,63.0,66.0,68.0,70.0,77.0,87.0,inferred
Hart,2021-07-16,34.0,41.0,46.0,47.0,49.0,52.0,55.0,58.0,61.0,63.0,65.0,71.1,80.5,inferred
Hart,2021-07-17,28.0,33.0,38.0,39.0,41.0,44.0,46.0,49.0,52.0,53.0,55.0,61.0,70.0,inferred
Hart,2021-07-18,28.0,34.0,38.0,40.0,42.0,45.0,47.0,50.0,53.0,54.0,56.0,62.0,70.5,inferred
Hart,2021-07-19,41.0,48.0,53.0,55.0,57.0,60.0,63.0,66.0,70.0,72.0,75.0,81.0,91.0,inferred
Hart,2021-07-20,37.0,43.0,48.0,50.0,52.0,55.0,58.0,61.0,65.0,67.0,69.0,75.0,84.0,inferred
Hart,2021-07-21,33.0,40.0,45.0,47.0,48.0,51.0,54.0,57.0,61.0,63.0,65.0,70.0,81.0,inferred
Hart,2021-07-22,29.0,35.0,38.0,40.0,42.0,45.0,47.0,50.0,53.0,55.0,57.0,62.0,70.5,inferred
Hart,2021-07-23,22.0,29.0,32.0,34.0,35.0,38.0,40.0,43.0,46.0,47.0,49.0,54.0,62.0,inferred
Hart,2021-07-24,16.0,20.0,24.0,25.0,27.0,29.0,31.0,34.0,36.0,37.0,39.0,43.0,51.0,inferred
Hart,2021-07-25,15.0,20.0,23.0,24.0,26.0,28.0,30.0,32.0,34.0,35.0,37.0,41.0,48.0,inferred
Hart,2021-07-26,20.0,25.0,29.0,31.0,32.0,34.0,37.0,39.0,42.0,43.0,45.0,49.0,57.0,inferred
Hart,2021-07-27,18.0,24.0,27.0,29.0,30.0,32.0,34.0,37.0,39.0,41.0,43.0,48.0,55.0,inferred
Hart,2021-07-28,18.0,24.0,27.0,28.0,30.0,32.0,34.0,36.0,39.0,41.0,42.0,46.1,54.0,inferred
Hart,2021-07-29,18.0,22.0,26.0,27.0,28.0,31.0,33.0,36.0,38.0,40.0,41.0,46.0,53.0,inferred
Hart,2021-07-30,16.0,20.0,24.0,25.0,26.0,29.0,31.0,33.0,35.0,37.0,38.0,43.0,49.0,inferred
Hart,2021-07-31,13.0,17.0,20.0,21.0,23.0,25.0,26.5,28.0,31.0,32.0,34.0,37.1,45.0,inferred
Hart,2021-08-01,14.0,18.0,21.0,22.0,23.0,25.6,27.0,30.0,32.0,34.0,35.0,39.0,45.0,inferred
Hart,2021-08-02,19.0,26.0,30.0,32.0,33.0,35.0,38.0,40.0,43.0,45.0,47.0,52.0,60.5,inferred
Hart,2021-08-03,20.0,25.0,29.0,31.0,32.0,35.0,37.0,39.0,42.0,44.0,46.0,51.0,58.5,inferred
Hart,2021-08-04,21.0,26.0,29.0,31.0,32.0,34.0,37.0,39.0,42.0,44.0,45.0,50.0,58.0,inferred
Hart,2021-08-05,20.0,24.0,28.0,29.0,31.0,33.0,36.0,38.0,41.0,42.0,44.0,48.0,56.0,inferred
Hart,2021-08-06,18.0,22.0,26.0,27.0,28.0,31.0,33.0,35.0,37.0,39.0,40.0,45.0,52.0,inferred
Hart,2021-08-07,15.0,19.0,22.0,23.0,25.0,27.0,29.0,31.0,33.0,34.0,36.0,40.0,48.0,inferred
Hart,2021-08-08,15.0,20.0,23.0,24.0,25.0,28.0,30.0,32.0,34.0,36.0,37.0,41.0,49.0,inferred
Hart,2021-08-09,23.0,28.0,32.0,34.0,35.0,38.0,41.0,43.0,46.0,47.0,49.0,54.0,63.0,inferred
Hart,2021-08-10,23.0,27.0,31.0,33.0,34.0,37.0,39.0,42.0,45.0,47.0,49.0,54.0,63.0,inferred
Hart,2021-08-11,23.0,28.0,32.0,34.0,35.0,38.0,41.0,44.0,46.0,48.0,50.0,55.0,62.0,inferred
Hart,2021-08-12,22.0,28.0,32.0,33.0,35.0,37.0,40.0,42.0,45.0,46.0,48.0,54.0,63.0,inferred
Hart,2021-08-13,21.0,26.0,29.0,31.0,32.0,34.0,37.0,39.0,42.0,44.0,46.0,51.0,59.5,inferred
Hart,2021-08-14,18.0,22.0,25.0,27.0,28.0,30.0,33.0,35.0,37.0,39.0,41.0,45.0,54.0,inferred
Hart,2021-08-15,18.0,23.0,26.8,28.0,29.0,32.0,34.0,36.0,39.0,40.0,42.0,47.0,55.0,inferred
Hart,2021-08-16,27.0,34.0,38.0,40.0,41.0,44.0,47.0,50.0,53.0,55.0,57.0,62.0,72.0,inferred
Hart,2021-08-17,28.0,33.0,37.0,38.0,40.0,43.0,46.0,49.0,52.0,53.0,55.0,61.0,69.0,inferred
Hart,2021-08-18,27.0,33.0,37.0,39.0,40.0,43.0,46.0,48.0,51.0,53.0,55.0,60.0,69.0,inferred
Hart,2021-08-19,25.5,31.0,35.0,37.0,38.0,41.0,43.0,46.0,49.0,50.0,52.0,58.0,66.0,inferred
Hart,2021-08-20,21.0,27.0,31.0,33.0,34.0,37.0,39.0,42.0,45.0,46.0,48.0,52.0,60.5,inferred
Hart,2021-08-21,17.0,22.0,26.0,27.0,28.7,31.0,33.0,35.0,38.0,39.0,41.0,46.0,53.0,inferred
Hart,2021-08-22,17.0,23.0,26.0,27.0,28.0,31.0,33.0,35.0,37.0,39.0,41.0,45.0,53.5,inferred
Hart,2021-08-23,26.0,32.0,35.0,37.0,39.0,41.0,44.0,46.4,49.0,51.0,53.0,58.0,68.0,inferred
Hart,2021-08-24,24.0,30.0,34.0,35.0,37.0,40.0,42.0,44.0,47.0,49.0,51.0,56.0,64.5,inferred
Hart,2021-08-25,25.0,31.0,35.0,37.0,39.0,41.0,44.0,47.0,50.0,52.0,53.0,58.0,66.0,inferred
Hart,2021-08-26,25.0,31.0,35.0,36.0,38.0,40.0,43.0,45.0,48.0,50.0,51.0,56.0,64.0,inferred
Hart,2021-08-27,23.0,28.0,33.0,34.0,36.0,38.0,40.0,43.0,45.0,47.0,49.0,54.0,62.0,inferred
Hart,2021-08-28,19.0,25.0,28.0,30.0,31.0,33.0,35.0,37.0,40.0,41.0,43.0,48.1,55.0,inferred
Hart,2021-08-29,20.0,25.0,29.0,31.0,32.0,34.0,37.0,39.0,42.0,44.0,46.0,51.0,58.0,inferred
Hart,2021-08-30,31.0,37.0,41.0,43.0,44.0,47.0,50.0,53.0,56.0,58.0,60.0,65.0,74.0,inferred
Hart,2021-08-31,30.0,36.0,40.0,42.0,43.0,46.0,49.0,52.0,55.0,56.0,58.0,64.0,72.0,inferred
Hart,2021-09-01,29.0,35.0,40.0,41.0,43.0,46.0,48.0,51.0,54.0,56.0,58.0,64.0,72.5,inferred
Hart,2021-09-02,26.0,32.0,36.0,38.0,40.0,42.0,45.0,48.0,51.0,52.0,54.0,59.0,67.0,inferred
Hart,2021-09-03,23.0,29.0,32.0,34.0,35.0,38.0,40.0,43.0,46.0,48.0,49.2,55.0,62.0,inferred
Hart,2021-09-04,18.0,23.0,26.0,27.0,29.0,31.0,33.0,35.0,38.0,39.0,41.0,46.0,52.0,inferred
Hart,2021-09-05,17.0,23.0,26.0,28.0,29.0,32.0,34.0,36.0,38.0,40.0,42.0,47.0,54.0,inferred
Hart,2021-09-06,26.0,32.0,36.0,38.0,40.0,42.0,44.0,47.0,50.0,51.0,53.2,60.0,67.0,inferred
Hart,2021-09-07,24.0,29.0,34.0,35.0,37.0,40.0,42.0,45.0,48.0,50.0,51.0,56.0,66.0,inferred
Hart,2021-09-08,25.0,30.0,34.0,36.0,37.0,40.0,42.0,45.0,48.0,49.0,51.0,56.0,66.0,inferred
Hart,2021-09-09,23.0,28.0,32.0,33.0,34.0,37.0,39.0,42.0,45.0,46.0,48.0,53.0,60.0,inferred
Hart,2021-09-10,20.0,25.0,29.0,30.0,31.0,34.0,36.0,39.0,42.0,43.0,45.0,50.0,58.0,inferred
Hart,2021-09-11,16.0,20.0,24.0,25.0,27.0,29.0,31.0,33.0,36.0,37.0,39.0,43.0,51.5,inferred
Hart,2021-09-12,17.0,21.0,24.0,26.0,27.0,29.0,31.0,34.0,36.0,37.0,39.0,44.0,50.0,inferred
Hart,2021-09-13,24.0,29.0,33.0,35.0,36.0,39.0,42.0,44.0,47.0,49.0,51.0,55.0,65.0,inferred
Hart,2021-09-14,24.5,30.0,34.0,35.0,37.0,39.0,42.0,45.0,47.0,49.0,51.0,56.0,66.0,inferred
Hart,2021-09-15,27.0,32.0,37.0,38.0,40.0,42.0,45.0,48.0,51.0,53.0,55.0,60.0,68.0,inferred
Hart,2021-09-16,29.0,35.0,38.0,40.0,41.0,44.0,47.0,50.0,52.3,54.0,56.0,61.0,71.0,inferred
Hart,2021-09-17,27.5,35.0,39.0,40.0,42.0,44.0,47.0,50.0,53.0,55.0,57.0,62.0,71.0,inferred
Hart,2021-09-18,26.5,32.0,36.0,37.0,39.0,41.0,44.0,46.0,49.0,51.0,53.0,58.0,66.0,inferred
Hart,2021-09-19,30.0,36.0,40.0,41.0,43.0,45.0,48.0,51.0,54.0,55.0,57.0,62.1,72.0,inferred
Hart,2021-09-20,47.0,54.0,58.0,60.0,62.0,66.0,69.0,72.0,76.0,79.0,81.0,87.0,96.0,inferred
Hart,2021-09-21,46.5,54.0,59.0,62.0,63.0,67.0,70.0,74.0,78.0,80.0,82.0,89.0,98.0,inferred
Hart,2021-09-22,47.0,56.0,62.0,64.0,66.0,70.0,73.0,76.0,81.0,83.0,85.0,91.0,102.0,inferred
Hart,2021-09-23,47.5,55.0,60.0,63.0,65.0,67.0,71.0,75.0,78.0,80.0,83.0,90.0,99.0,inferred
Hart,2021-09-24,46.0,53.0,58.0,61.0,62.0,65.0,68.0,72.0,75.0,77.0,80.0,87.0,97.0,inferred
Hart,2021-09-25,39.0,45.0,50.0,52.0,54.0,57.0,60.0,63.0,67.0,69.0,72.0,77.0,88.0,inferred
Hart,2021-09-26,42.0,50.0,55.0,56.0,58.0,61.0,64.0,68.0,71.0,73.0,76.0,81.0,91.0,inferred
Hart,2021-09-27,61.0,70.0,76.0,78.0,80.0,84.0,87.0,91.0,95.0,97.0,100.2,108.0,120.0,inferred
Hart,2021-09-28,61.5,70.0,75.0,77.0,78.0,82.0,86.0,90.0,94.0,97.0,99.0,106.0,119.5,inferred
Hart,2021-09-29,60.0,69.0,76.0,78.0,80.0,84.0,88.0,92.0,96.0,98.2,101.0,109.0,120.0,inferred
Hart,2021-09-30,58.0,67.0,73.0,75.0,77.0,81.0,85.0,88.0,92.0,94.0,97.0,102.1,116.0,inferred
Hart,2021-10-01,54.0,62.0,68.0,70.0,72.0,76.0,79.0,82.0,86.0,89.0,91.0,99.0,109.5,inferred
Hart,2021-10-02,45.0,53.0,58.0,60.0,62.0,65.0,69.0,72.0,75.0,77.0,80.0,87.0,98.5,inferred
Hart,2021-10-03,47.0,54.0,61.0,63.0,64.0,67.0,71.0,75.0,78.3,81.0,83.0,89.0,98.0,inferred
Hart,2021-10-04,66.0,76.0,83.0,86.0,88.0,92.0,97.0,101.0,104.0,107.0,109.2,117.0,129.0,inferred
Hart,2021-10-05,66.0,76.0,83.0,85.0,87.0,91.0,95.0,98.0,102.0,105.0,107.0,115.0,127.0,inferred
Hart,2021-10-06,68.0,77.0,83.0,86.0,89.0,93.0,97.0,101.0,105.0,108.0,111.0,118.0,129.0,inferred
Hart,2021-10-07,66.0,75.0,81.0,83.0,85.0,89.0,93.0,97.0,101.0,104.0,106.0,113.0,125.0,inferred
Hart,2021-10-08,61.0,69.0,75.0,77.0,79.0,83.0,87.0,91.0,95.0,97.0,100.0,107.0,117.5,inferred
Hart,2021-10-09,51.0,60.0,65.0,67.0,69.0,73.0,76.0,79.0,83.0,85.0,88.0,93.0,104.0,inferred
Hart,2021-10-10,53.0,61.0,67.0,69.0,71.0,75.0,78.0,82.0,86.0,89.0,91.0,98.0,110.0,inferred
Hart,2021-10-11,75.5,85.0,93.0,95.0,98.0,102.0,106.0,111.0,115.0,118.0,121.0,129.0,140.0,inferred
Hart,2021-10-12,73.0,83.0,89.0,92.0,94.0,98.0,102.0,106.0,110.0,113.0,116.0,124.0,138.5,inferred
Hart,2021-10-13,71.0,81.0,88.0,91.0,93.0,98.0,102.0,106.0,111.0,114.0,117.0,126.0,138.0,inferred
Hart,2021-10-14,65.0,76.0,82.0,85.0,87.0,91.0,95.0,99.0,103.0,105.0,109.0,117.0,129.0,inferred
Hart,2021-10-15,59.0,68.0,74.0,77.0,79.0,83.0,87.0,91.0,96.0,98.2,102.0,110.0,124.0,inferred
Hartlepool,2021-07-03,47.0,54.0,59.0,61.0,63.0,67.0,70.0,74.0,79.0,82.0,85.0,93.0,104.0,inferred
Hartlepool,2021-07-04,59.0,67.0,73.0,75.0,77.0,81.0,84.0,88.0,92.0,94.0,97.0,105.0,119.0,inferred
Hartlepool,2021-07-05,97.0,107.0,114.0,117.0,119.0,124.0,128.0,132.0,137.0,140.0,143.0,150.0,163.0,inferred
Hartlepool,2021-07-06,99.0,107.0,115.0,118.0,120.0,124.6,129.0,133.0,137.0,140.0,142.0,149.0,162.0,inferred
Hartlepool,2021-07-07,104.0,113.0,121.0,124.0,126.0,130.0,134.0,139.0,144.0,146.0,149.0,156.0,168.0,inferred
Hartlepool,2021-07-08,106.0,116.0,122.0,125.0,127.0,132.0,136.0,140.0,144.0,147.0,149.0,156.1,167.0,inferred
Hartlepool,2021-07-09,99.5,111.0,118.0,120.0,122.0,126.0,130.0,135.0,139.0,142.0,145.0,152.0,163.0,inferred
Hartlepool,2021-07-10,86.5,95.0,102.0,105.0,107.0,111.0,115.0,119.0,123.0,125.0,128.0,135.0,147.0,inferred
Hartlepool,2021-07-11,98.0,108.0,115.0,117.8,120.0,124.0,128.0,132.0,136.0,138.0,141.0,149.0,161.0,inferred
Hartlepool,2021-07-12,148.0,160.0,169.0,172.0,175.0,180.0,186.0,191.0,197.0,200.0,204.0,213.0,229.0,inferred
Hartlepool,2021-07-13,137.0,151.0,159.0,163.0,165.0,171.0,175.0,180.4,185.0,188.0,191.2,201.0,215.0,inferred
Hartlepool,2021-07-14,132.0,144.0,151.0,154.0,157.7,162.0,167.0,172.0,177.0,180.0,184.0,191.0,204.0,inferred
Hartlepool,2021-07-15,116.5,127.0,135.0,137.8,140.0,145.0,150.0,155.0,160.0,163.0,166.0,174.0,188.0,inferred
Hartlepool,2021-07-16,99.0,108.0,115.0,118.0,120.0,125.0,129.0,133.0,138.0,141.0,144.0,152.0,164.0,inferred
Hartlepool,2021-07-17,74.0,82.9,88.0,90.0,92.0,96.0,99.0,103.0,107.0,109.0,112.0,119.0,127.0,inferred
Hartlepool,2021-07-18,73.0,81.0,86.0,89.0,91.0,95.0,98.0,102.0,106.0,108.0,110.0,117.0,131.0,inferred
Hartlepool,2021-07-19,98.0,108.0,113.8,117.0,119.0,123.0,128.0,132.0,136.0,139.0,142.0,149.0,162.0,inferred
Hartlepool,2021-07-20,80.0,90.0,96.0,99.0,101.0,104.0,108.0,113.0,117.0,119.0,122.0,129.0,139.0,inferred
Hartlepool,2021-07-21,71.5,80.0,86.0,89.0,90.0,94.0,97.0,101.0,105.0,107.0,110.0,117.0,128.0,inferred
Hartlepool,2021-07-22,59.0,67.0,72.0,74.0,75.0,79.0,82.0,85.0,89.0,91.0,93.0,99.0,110.0,inferred
Hartlepool,2021-07-23,47.0,52.0,58.0,60.0,61.0,64.0,67.0,70.0,73.0,75.0,77.0,82.0,93.0,inferred
Hartlepool,2021-07-24,31.5,37.0,41.0,43.0,44.0,46.0,49.0,51.4,55.0,56.0,58.0,63.0,71.0,inferred
Hartlepool,2021-07-25,29.0,35.0,39.0,40.0,41.0,44.0,47.0,50.0,52.0,54.0,56.0,60.0,69.0,inferred
Hartlepool,2021-07-26,37.0,43.0,48.0,50.0,52.0,55.0,58.0,60.0,63.0,65.0,67.0,72.0,81.0,inferred
Hartlepool,2021-07-27,32.0,38.0,42.0,43.0,45.0,47.0,50.0,52.0,55.0,57.0,59.0,64.0,72.0,inferred
Hartlepool,2021-07-28,30.0,36.0,40.0,41.0,43.0,45.0,48.0,50.0,53.0,55.0,57.0,62.0,69.5,inferred
Hartlepool,2021-07-29,27.5,34.0,37.0,38.0,40.0,42.0,44.0,46.4,49.0,51.0,53.0,57.0,65.0,inferred
Hartlepool,2021-07-30,24.0,29.0,32.0,34.0,35.0,37.0,39.0,42.0,45.0,46.0,47.0,52.0,61.0,inferred
Hartlepool,2021-07-31,18.0,23.0,26.0,27.8,28.0,31.0,33.0,35.0,37.0,38.0,40.0,43.0,50.0,inferred
Hartlepool,2021-08-01,19.0,23.0,27.0,28.0,29.0,31.0,33.0,35.0,37.3,39.0,41.0,45.0,53.0,inferred
Hartlepool,2021-08-02,27.5,32.0,37.0,39.0,40.0,42.0,45.0,47.4,50.0,52.0,54.0,58.0,65.0,inferred
Hartlepool,2021-08-03,25.0,31.0,34.0,36.0,37.0,39.0,41.0,44.0,47.0,48.0,50.0,54.0,62.0,inferred
Hartlepool,2021-08-04,25.0,30.0,34.0,35.0,36.0,39.0,41.0,44.0,46.0,48.0,49.0,54.0,61.0,inferred
Hartlepool,2021-08-05,24.0,29.0,32.0,34.0,35.0,37.0,40.0,42.0,45.0,46.0,48.0,52.0,59.0,inferred
Hartlepool,2021-08-06,21.0,26.0,29.0,30.0,32.0,34.0,36.0,38.0,41.0,42.0,43.0,47.0,55.0,inferred
Hartlepool,2021-08-07,16.5,21.0,24.0,25.0,26.0,28.0,30.0,32.0,34.0,35.0,37.0,40.0,47.5,inferred
Hartlepool,2021-08-08,19.0,23.0,25.0,27.0,27.0,29.0,31.0,34.0,36.0,37.0,39.0,42.0,48.0,inferred
Hartlepool,2021-08-09,27.0,32.0,36.0,38.0,39.0,42.0,44.0,47.0,49.0,51.0,53.0,57.0,65.0,inferred
Hartlepool,2021-08-10,26.0,31.0,34.0,36.0,37.0,40.0,42.0,44.0,47.0,49.0,50.0,55.0,62.0,inferred
Hartlepool,2021-08-11,27.0,32.0,35.0,37.0,38.0,41.0,44.0,46.0,49.0,50.0,52.0,57.0,64.0,inferred
Hartlepool,2021-08-12,26.0,31.0,36.0,37.0,38.0,40.0,42.0,45.0,47.0,49.0,51.0,55.0,62.5,inferred
Hartlepool,2021-08-13,24.0,29.0,32.0,34.0,35.0,38.0,40.0,42.0,45.0,46.0,48.0,53.0,59.0,inferred
Hartlepool,2021-08-14,19.0,24.0,27.0,29.0,30.0,32.0,34.0,36.0,39.0,40.0,42.0,45.0,51.5,inferred
Hartlepool,2021-08-15,22.0,26.0,29.0,31.0,32.0,34.0,36.5,39.0,41.0,42.0,44.0,48.0,54.0,inferred
Hartlepool,2021-08-16,32.0,38.0,43.0,44.0,46.0,49.0,51.0,53.0,56.0,58.0,60.0,65.0,72.0,inferred
Hartlepool,2021-08-17,32.0,36.0,40.0,42.0,43.0,45.0,48.0,50.0,53.0,55.0,56.0,61.0,70.0,inferred
Hartlepool,2021-08-18,31.0,37.0,41.0,42.0,44.0,46.0,49.0,51.0,54.0,56.0,58.0,62.0,71.0,inferred
Hartlepool,2021-08-19,29.0,34.0,38.0,40.0,41.0,44.0,46.0,49.0,51.0,53.0,55.0,59.0,67.0,inferred
Hartlepool,2021-08-20,27.0,32.0,36.0,37.0,38.0,41.0,43.0,45.0,48.0,50.0,51.0,56.0,63.5,inferred
Hartlepool,2021-08-21,21.0,25.0,29.0,30.0,31.0,33.0,35.0,38.0,40.0,41.0,43.0,47.0,55.0,inferred
Hartlepool,2021-08-22,22.0,27.0,30.0,32.0,33.0,35.0,37.0,40.0,42.0,44.0,45.0,49.0,56.0,inferred
Hartlepool,2021-08-23,33.0,40.0,44.0,46.0,47.0,50.0,53.0,56.0,59.0,60.0,62.0,68.0,75.0,inferred
Hartlepool,2021-08-24,31.0,37.0,41.0,43.0,44.0,47.0,50.0,52.0,55.0,57.0,59.0,64.0,71.0,inferred
Hartlepool,2021-08-25,32.5,38.0,42.0,43.0,45.0,47.0,50.0,53.0,56.0,57.0,59.0,64.0,72.0,inferred
Hartlepool,2021-08-26,30.0,36.0,40.0,41.0,42.0,45.0,48.0,50.0,53.0,54.0,56.0,62.0,70.0,inferred
Hartlepool,2021-08-27,28.0,33.0,38.0,39.0,40.0,42.0,45.0,47.0,50.0,52.0,54.0,58.0,64.5,inferred
Hartlepool,2021-08-28,22.0,27.0,31.0,32.0,33.0,36.0,38.0,40.0,43.0,44.0,45.0,50.0,56.0,inferred
Hartlepool,2021-08-29,24.0,30.0,34.0,35.0,36.0,38.0,41.0,43.0,47.0,48.0,49.0,54.0,61.0,inferred
Hartlepool,2021-08-30,38.0,44.0,48.0,50.0,52.0,55.0,58.0,60.0,63.0,65.0,67.0,72.0,80.5,inferred
Hartlepool,2021-08-31,36.0,43.0,47.0,49.0,50.0,53.0,56.0,59.0,62.0,64.0,66.0,71.0,79.0,inferred
Hartlepool,2021-09-01,38.0,44.0,49.0,51.0,53.0,55.0,58.0,61.0,64.3,66.0,68.0,73.0,81.0,inferred
Hartlepool,2021-09-02,38.0,44.0,49.0,51.0,52.0,55.0,58.0,60.0,63.0,64.0,66.0,72.0,81.0,inferred
Hartlepool,2021-09-03,36.0,42.0,46.0,48.0,49.0,52.0,55.0,57.0,60.0,62.0,64.0,69.0,76.5,inferred
Hartlepool,2021-09-04,30.0,36.0,40.0,41.0,43.0,45.0,47.0,50.0,52.0,54.0,55.0,60.0,67.0,inferred
Hartlepool,2021-09-05,33.0,39.0,43.0,45.0,46.0,49.0,51.0,54.0,57.0,58.0,61.0,66.0,75.0,inferred
Hartlepool,2021-09-06,49.0,57.0,62.0,64.0,66.0,70.0,73.0,77.0,80.0,82.0,84.0,89.0,98.0,inferred
Hartlepool,2021-09-07,45.0,53.0,58.0,60.0,61.0,64.0,67.0,70.0,74.0,76.0,78.0,84.0,94.0,inferred
Hartlepool,2021-09-08,43.0,51.0,55.0,57.0,59.0,62.0,65.0,67.0,70.0,72.0,74.0,81.0,89.0,inferred
Hartlepool,2021-09-09,38.0,45.0,49.0,51.0,53.0,55.0,57.0,61.0,64.0,66.0,67.2,73.0,83.0,inferred
Hartlepool,2021-09-10,32.0,37.0,41.0,43.0,44.0,47.0,50.0,52.0,55.0,57.0,59.0,64.0,71.5,inferred
Hartlepool,2021-09-11,23.5,28.0,32.0,33.0,34.0,37.0,39.0,41.0,44.0,45.0,47.0,51.0,58.0,inferred
Hartlepool,2021-09-12,23.0,28.0,32.0,33.0,34.0,37.0,38.0,41.0,43.0,45.0,47.0,51.0,58.0,inferred
Hartlepool,2021-09-13,32.0,38.0,42.0,44.0,45.0,48.0,50.0,53.0,56.0,58.0,59.0,64.0,72.0,inferred
Hartlepool,2021-09-14,28.0,34.0,37.0,39.0,40.0,43.0,45.0,48.0,51.0,53.0,54.0,59.0,67.0,inferred
Hartlepool,2021-09-15,28.0,33.0,37.0,39.0,40.0,43.0,45.0,48.0,50.0,52.0,54.0,59.0,67.0,inferred
Hartlepool,2021-09-16,27.0,32.0,36.0,37.0,39.0,41.0,43.0,46.0,48.0,50.0,52.0,56.1,64.0,inferred
Hartlepool,2021-09-17,24.0,29.0,33.0,34.0,35.0,38.0,40.0,42.0,45.0,46.0,48.0,53.0,60.0,inferred
Hartlepool,2021-09-18,20.0,24.0,27.0,29.0,30.0,32.0,34.0,36.0,39.0,40.0,41.0,45.0,52.0,inferred
Hartlepool,2021-09-19,21.5,26.0,29.0,30.0,31.0,34.0,36.0,38.0,40.0,42.0,43.0,47.1,56.0,inferred
Hartlepool,2021-09-20,31.0,37.0,41.0,43.0,44.0,47.0,49.0,52.0,55.0,56.2,58.0,63.0,71.0,inferred
Hartlepool,2021-09-21,28.0,34.0,38.0,39.0,41.0,43.0,46.0,49.0,51.0,53.0,55.0,59.0,67.0,inferred
Hartlepool,2021-09-22,27.0,32.0,36.0,37.0,38.0,41.0,43.0,46.0,49.0,50.0,52.0,56.0,64.0,inferred
Hartlepool,2021-09-23,23.0,29.0,32.0,33.0,35.0,37.0,39.0,41.0,44.0,45.0,47.0,51.0,58.0,inferred
Hartlepool,2021-09-24,19.0,24.0,27.0,28.0,29.0,32.0,34.0,36.0,38.0,39.0,41.0,45.0,51.5,inferred
Hartlepool,2021-09-25,14.0,18.0,21.0,22.0,23.0,25.0,27.0,28.0,30.0,32.0,33.0,37.0,42.0,inferred
Hartlepool,2021-09-26,14.0,18.9,21.0,22.0,23.0,25.0,27.0,29.0,31.0,32.0,34.0,37.0,45.0,inferred
Hartlepool,2021-09-27,20.5,25.0,28.0,29.0,31.0,33.0,35.0,37.4,40.0,41.0,43.0,47.0,54.0,inferred
Hartlepool,2021-09-28,19.0,23.0,26.0,27.0,28.0,31.0,33.0,35.0,37.0,38.0,40.0,44.0,51.0,inferred
Hartlepool,2021-09-29,19.5,24.0,27.0,28.0,29.0,31.0,33.0,35.0,37.0,39.0,40.0,45.0,51.0,inferred
Hartlepool,2021-09-30,18.0,22.0,26.0,27.0,28.0,30.0,32.0,34.0,36.0,38.0,39.0,44.0,50.0,inferred
Hartlepool,2021-10-01,17.0,21.0,24.0,25.0,26.0,28.0,30.0,32.0,34.0,36.0,37.0,40.0,48.0,inferred
Hartlepool,2021-10-02,13.0,17.0,20.0,21.0,23.0,25.0,26.0,28.0,30.0,31.0,33.0,36.0,43.0,inferred
Hartlepool,2021-10-03,15.0,19.0,22.0,23.0,24.0,26.0,28.0,30.0,32.0,33.0,35.0,38.0,44.0,inferred
Hartlepool,2021-10-04,24.0,29.0,32.0,33.0,34.0,37.0,40.0,42.0,45.0,46.0,48.0,53.0,62.0,inferred
Hartlepool,2021-10-05,22.0,27.0,31.0,33.0,34.0,36.0,38.0,41.0,43.0,45.0,46.0,50.0,58.0,inferred
Hartlepool,2021-10-06,24.0,30.0,33.0,34.0,36.0,38.0,40.0,43.0,45.0,47.0,48.0,52.0,60.0,inferred
Hartlepool,2021-10-07,24.0,29.9,33.0,34.0,35.0,37.0,40.0,42.0,45.0,46.0,48.0,52.0,61.0,inferred
Hartlepool,2021-10-08,23.0,28.0,32.0,33.0,34.0,36.0,38.0,41.0,43.0,44.0,46.0,50.0,56.0,inferred
Hartlepool,2021-10-09,19.0,24.0,27.0,28.0,29.0,31.0,33.0,36.0,38.0,39.0,41.0,45.0,52.0,inferred
Hartlepool,2021-10-10,22.0,27.0,30.0,32.0,33.0,35.0,37.0,39.0,41.0,43.0,44.0,49.0,56.0,inferred
Hartlepool,2021-10-11,34.0,41.0,45.0,46.8,48.0,51.0,54.0,56.4,60.0,61.0,63.0,68.0,77.0,inferred
Hartlepool,2021-10-12,31.0,38.0,42.0,44.0,45.0,48.0,51.0,54.0,57.0,59.0,60.0,65.0,73.0,inferred
Hartlepool,2021-10-13,32.0,38.0,41.0,43.0,45.0,47.0,50.0,53.0,56.0,58.0,60.0,65.0,73.0,inferred
Hartlepool,2021-10-14,30.0,35.0,40.0,41.0,43.0,45.0,48.0,50.0,53.0,55.0,57.0,62.0,71.0,inferred
Hartlepool,2021-10-15,26.0,31.0,35.0,36.0,38.0,40.0,43.0,46.0,48.0,50.0,51.0,56.0,66.5,inferred
Hastings,2021-07-03,17.0,22.0,26.0,28.0,29.0,32.0,35.0,38.0,41.0,42.0,44.0,50.0,59.0,inferred
Hastings,2021-07-04,18.0,24.0,28.0,29.0,31.0,34.0,36.0,39.0,42.0,43.0,45.0,50.0,60.0,inferred
Hastings,2021-07-05,27.5,33.0,39.0,41.0,42.0,46.0,49.0,52.0,55.3,57.0,60.0,66.0,77.0,inferred
Hastings,2021-07-06,25.0,31.0,36.0,38.0,40.0,43.0,46.0,49.0,53.0,55.0,57.2,64.0,73.5,inferred
Hastings,2021-07-07,26.0,32.0,37.0,38.0,40.0,44.0,47.0,50.0,53.0,55.0,58.0,64.0,75.0,inferred
Hastings,2021-07-08,23.5,29.0,34.0,36.0,38.0,41.0,44.0,47.0,50.0,52.0,55.0,61.0,71.0,inferred
Hastings,2021-07-09,22.0,28.0,32.0,34.0,36.0,38.0,41.0,44.0,48.0,49.0,52.0,57.0,66.0,inferred
Hastings,2021-07-10,17.0,22.0,26.0,28.0,29.0,32.0,35.0,37.0,41.0,43.0,44.0,50.0,59.0,inferred
Hastings,2021-07-11,17.0,23.0,27.0,29.0,30.0,33.0,36.0,39.0,43.0,44.0,47.0,52.1,64.0,inferred
Hastings,2021-07-12,28.0,34.0,39.0,41.0,43.0,46.0,49.0,52.0,56.0,58.0,60.0,68.0,78.0,inferred
Hastings,2021-07-13,25.0,33.0,38.0,39.0,41.0,44.0,48.0,51.0,55.0,57.0,59.0,66.0,76.5,inferred
Hastings,2021-07-14,27.0,33.0,38.0,40.0,42.0,45.0,48.0,51.0,55.0,57.0,59.0,66.0,75.0,inferred
Hastings,2021-07-15,24.0,30.0,35.0,37.0,39.0,42.0,45.0,48.0,51.0,53.0,56.0,62.0,73.0,inferred
Hastings,2021-07-16,22.0,28.0,32.0,34.0,35.0,38.0,41.0,44.0,47.0,50.0,52.0,59.0,71.0,inferred
Hastings,2021-07-17,17.0,23.0,27.0,29.0,30.0,33.0,35.0,38.0,41.0,43.0,45.0,51.0,59.0,inferred
Hastings,2021-07-18,18.0,23.0,26.0,28.0,30.0,32.0,35.0,38.0,41.0,43.0,45.0,51.0,60.0,inferred
Hastings,2021-07-19,25.0,33.0,37.0,38.0,40.0,43.0,47.0,50.0,54.0,55.0,58.0,65.0,77.0,inferred
Hastings,2021-07-20,23.0,29.0,34.0,35.8,38.0,41.0,43.0,47.0,50.0,52.0,55.0,62.0,73.0,inferred
Hastings,2021-07-21,21.0,27.0,33.0,34.0,36.0,39.0,42.0,45.0,49.0,50.0,53.0,59.0,71.0,inferred
Hastings,2021-07-22,18.5,24.0,28.8,30.0,32.0,34.6,37.0,40.0,43.0,45.0,46.2,52.0,62.0,inferred
Hastings,2021-07-23,16.0,21.0,25.0,26.0,28.0,30.0,32.0,35.0,38.0,40.0,42.0,48.0,55.5,inferred
Hastings,2021-07-24,10.5,15.0,19.0,20.0,22.0,24.0,26.0,29.0,31.0,33.0,34.0,39.0,48.0,inferred
Hastings,2021-07-25,11.0,16.0,18.0,20.0,21.0,24.0,26.0,28.0,31.0,32.0,34.0,39.1,48.0,inferred
Hastings,2021-07-26,16.0,21.0,25.0,27.0,28.0,31.0,33.0,36.0,40.0,41.0,44.0,49.0,58.0,inferred
Hastings,2021-07-27,15.0,20.0,24.0,25.0,26.0,28.6,31.0,34.0,36.0,38.0,40.0,45.0,53.0,inferred
Hastings,2021-07-28,13.0,19.0,22.0,24.0,25.0,28.0,31.0,33.0,36.0,38.0,39.0,45.0,54.0,inferred
Hastings,2021-07-29,13.0,17.0,21.0,22.0,23.0,26.0,28.0,31.0,33.3,35.0,37.0,42.0,52.5,inferred
Hastings,2021-07-30,11.0,15.0,19.0,20.0,22.0,24.0,26.0,28.4,31.0,32.0,34.0,38.0,48.0,inferred
Hastings,2021-07-31,8.0,12.0,15.0,16.0,17.7,20.0,22.0,24.0,27.0,28.0,29.2,34.0,43.0,inferred
Hastings,2021-08-01,9.0,12.0,15.0,16.0,17.0,20.0,22.0,24.0,26.0,28.0,29.0,33.0,41.0,inferred
Hastings,2021-08-02,13.0,18.0,21.0,22.0,24.0,26.0,28.0,30.0,34.0,35.0,37.0,43.0,52.0,inferred
Hastings,2021-08-03,13.0,17.0,20.0,22.0,23.0,25.0,28.0,30.0,33.0,35.0,36.0,42.0,49.5,inferred
Hastings,2021-08-04,13.0,17.0,21.0,23.0,24.0,26.0,29.0,31.0,34.0,36.0,37.0,43.0,53.0,inferred
Hastings,2021-08-05,13.0,18.0,21.0,22.0,23.0,25.0,28.0,30.0,33.0,35.0,37.0,43.0,50.0,inferred
Hastings,2021-08-06,11.0,15.9,19.0,20.0,21.0,24.0,26.0,28.0,31.0,33.0,35.0,40.0,49.0,inferred
Hastings,2021-08-07,10.0,13.0,16.0,17.0,19.0,21.0,23.0,26.0,28.0,30.0,31.0,35.0,44.0,inferred
Hastings,2021-08-08,11.0,15.0,18.0,19.0,20.0,23.0,25.0,27.0,30.0,32.0,33.0,38.0,45.0,inferred
Hastings,2021-08-09,16.5,22.0,26.0,28.0,29.0,32.0,35.0,38.0,41.0,43.0,45.0,50.0,58.5,inferred
Hastings,2021-08-10,17.0,23.0,26.0,28.0,30.0,32.0,35.0,38.0,41.0,43.0,45.0,51.0,61.5,inferred
Hastings,2021-08-11,19.0,25.0,29.0,31.0,32.0,35.0,39.0,41.0,45.0,46.0,49.0,55.0,64.5,inferred
Hastings,2021-08-12,20.0,26.0,30.0,32.0,33.0,36.0,39.0,43.0,46.0,48.0,50.0,56.0,64.0,inferred
Hastings,2021-08-13,20.0,26.0,30.0,32.0,34.0,37.0,40.0,43.0,46.0,48.0,50.0,57.0,68.0,inferred
Hastings,2021-08-14,18.0,23.9,27.0,29.0,31.0,34.0,36.0,38.0,42.0,43.0,46.0,52.0,61.0,inferred
Hastings,2021-08-15,21.0,26.0,30.0,32.0,34.0,37.0,40.0,43.0,46.0,48.0,50.0,56.0,66.0,inferred
Hastings,2021-08-16,34.0,40.0,45.8,48.0,50.0,53.0,57.0,61.0,65.0,67.0,70.0,77.1,86.0,inferred
Hastings,2021-08-17,33.0,41.0,46.0,48.0,50.0,54.0,57.0,61.0,64.0,67.0,69.0,76.0,89.0,inferred
Hastings,2021-08-18,33.5,41.0,46.0,49.0,50.0,54.0,57.0,61.0,65.0,67.0,70.0,77.0,89.0,inferred
Hastings,2021-08-19,32.0,38.0,44.0,46.0,48.0,51.0,54.0,58.0,62.0,64.0,67.0,74.0,84.0,inferred
Hastings,2021-08-20,29.0,36.0,40.0,42.0,44.0,48.0,51.0,55.0,58.0,60.0,63.0,70.0,80.0,inferred
Hastings,2021-08-21,22.0,30.0,35.0,36.0,38.0,40.0,43.0,46.0,50.0,51.0,54.0,60.0,70.0,inferred
Hastings,2021-08-22,24.0,30.0,35.0,37.0,39.0,42.0,45.0,48.0,51.0,53.0,55.0,62.0,73.5,inferred
Hastings,2021-08-23,35.0,44.0,49.0,52.0,54.0,57.0,61.0,65.0,69.0,71.0,74.0,81.0,93.0,inferred
Hastings,2021-08-24,34.0,41.0,47.0,49.0,51.0,55.0,59.0,62.0,66.0,68.0,70.0,76.0,88.0,inferred
Hastings,2021-08-25,35.0,42.0,47.0,49.0,51.0,55.0,58.0,62.0,67.0,69.0,72.0,78.0,89.0,inferred
Hastings,2021-08-26,31.0,39.0,43.0,45.0,47.0,50.0,54.0,58.0,62.0,64.0,67.0,74.0,86.5,inferred
Hastings,2021-08-27,28.0,34.0,39.0,41.0,43.0,47.0,49.0,53.0,57.0,59.0,61.0,68.0,79.0,inferred
Hastings,2021-08-28,22.0,28.0,33.0,34.0,36.0,39.0,42.0,45.0,48.0,50.0,52.0,59.0,68.0,inferred
Hastings,2021-08-29,23.0,29.0,33.0,35.0,37.0,40.0,43.0,46.0,49.0,50.0,52.0,59.0,68.0,inferred
Hastings,2021-08-30,31.5,41.0,45.0,47.0,49.0,53.0,56.0,60.0,64.0,66.0,68.0,75.0,87.0,inferred
Hastings,2021-08-31,30.0,37.0,41.0,44.0,46.0,50.0,53.0,57.0,60.0,62.0,65.0,72.0,84.0,inferred
Hastings,2021-09-01,29.0,36.0,41.0,43.0,45.0,48.0,51.0,54.0,58.0,61.0,63.0,70.0,80.5,inferred
Hastings,2021-09-02,25.5,32.0,36.0,37.0,39.0,42.0,45.0,48.0,51.0,53.0,56.0,62.0,72.0,inferred
Hastings,2021-09-03,20.0,27.0,31.0,33.0,35.0,37.0,40.0,43.0,46.0,48.0,50.0,56.0,64.0,inferred
Hastings,2021-09-04,15.0,20.0,24.0,25.0,26.0,29.0,32.0,34.0,37.0,39.0,40.0,46.0,55.0,inferred
Hastings,2021-09-05,14.0,19.0,23.0,24.0,25.0,28.0,30.0,33.0,35.0,37.0,39.0,44.0,53.0,inferred
Hastings,2021-09-06,18.0,25.0,29.0,30.0,32.0,35.0,37.0,40.0,44.0,46.0,48.0,54.0,65.0,inferred
Hastings,2021-09-07,16.0,22.0,26.0,28.0,29.0,32.0,35.0,37.0,40.0,42.0,44.0,49.1,58.5,inferred
Hastings,2021-09-08,15.5,20.0,24.0,26.0,27.0,30.0,32.0,35.0,38.0,40.0,41.0,46.0,56.0,inferred
Hastings,2021-09-09,12.5,16.9,20.0,22.0,23.0,25.0,28.0,30.0,33.0,35.0,37.0,42.0,50.5,inferred
Hastings,2021-09-10,10.0,14.0,17.0,19.0,20.0,22.0,24.0,26.0,29.0,30.2,32.0,37.0,45.0,inferred
Hastings,2021-09-11,6.5,10.0,12.0,14.0,14.0,16.0,18.0,20.0,23.0,24.0,25.0,30.0,36.0,inferred
Hastings,2021-09-12,7.0,10.0,12.0,13.0,14.0,16.0,18.0,20.0,22.0,24.0,25.0,29.0,36.0,inferred
Hastings,2021-09-13,9.0,13.0,16.0,16.0,18.0,20.0,22.0,25.0,27.0,28.0,30.0,35.0,43.5,inferred
Hastings,2021-09-14,8.0,11.0,14.0,15.0,16.0,18.0,20.0,22.0,25.0,27.0,28.0,33.0,41.0,inferred
Hastings,2021-09-15,7.0,11.0,14.0,15.0,16.0,18.0,20.0,22.0,24.0,26.0,27.0,32.0,40.0,inferred
Hastings,2021-09-16,6.0,10.0,13.0,14.0,15.0,17.0,19.0,21.0,23.0,25.0,26.0,30.0,38.0,inferred
Hastings,2021-09-17,6.0,9.0,12.0,13.0,14.0,16.0,17.0,19.0,22.0,23.0,24.0,28.0,34.5,inferred
Hastings,2021-09-18,5.0,7.0,10.0,10.0,11.0,13.0,14.0,16.0,18.0,20.0,21.0,25.0,32.0,inferred
Hastings,2021-09-19,4.0,7.0,10.0,10.0,11.0,13.0,15.0,16.0,19.0,20.0,21.0,25.0,33.0,inferred
Hastings,2021-09-20,7.0,11.0,14.0,15.0,17.0,19.0,21.0,23.0,25.0,26.0,28.0,33.0,41.0,inferred
Hastings,2021-09-21,7.0,11.0,14.0,15.0,16.0,18.0,20.0,22.0,24.0,25.2,27.0,32.0,39.0,inferred
Hastings,2021-09-22,8.0,12.0,14.0,16.0,17.0,18.0,21.0,23.0,25.0,27.0,28.0,33.0,41.0,inferred
Hastings,2021-09-23,8.0,11.0,13.0,14.0,16.0,18.0,20.0,22.0,24.0,25.0,27.0,31.0,38.0,inferred
Hastings,2021-09-24,7.0,10.0,13.0,14.0,15.0,17.0,19.0,21.0,23.0,24.0,26.0,31.0,37.0,inferred
Hastings,2021-09-25,5.5,8.0,11.0,12.0,13.0,15.0,16.0,18.0,20.0,21.0,23.0,27.0,33.0,inferred
Hastings,2021-09-26,6.0,9.0,11.0,12.0,13.0,15.0,17.0,19.0,21.0,23.0,24.0,28.0,36.0,inferred
Hastings,2021-09-27,9.0,14.0,16.8,18.0,19.0,21.0,23.0,25.0,28.0,29.0,31.0,36.0,44.5,inferred
Hastings,2021-09-28,9.0,13.0,16.0,18.0,19.0,21.0,23.0,25.0,28.0,29.0,31.0,36.0,44.0,inferred
Hastings,2021-09-29,10.0,13.9,17.0,18.0,19.0,21.0,23.0,25.0,28.0,29.0,31.0,36.0,44.0,inferred
Hastings,2021-09-30,10.0,13.0,16.0,17.0,19.0,21.0,23.0,25.0,28.0,29.0,31.0,35.0,43.0,inferred
Hastings,2021-10-01,8.0,12.0,15.0,16.0,17.0,19.0,21.0,24.0,26.0,28.0,29.0,34.0,41.0,inferred
Hastings,2021-10-02,7.0,10.0,13.0,14.0,15.0,17.0,19.0,21.0,23.0,25.0,26.0,31.0,38.0,inferred
Hastings,2021-10-03,7.0,11.0,14.0,15.0,16.0,18.0,20.0,22.0,25.0,26.0,27.0,32.0,40.0,inferred
Hastings,2021-10-04,12.0,17.0,20.0,22.0,23.0,26.0,28.0,31.0,34.0,35.0,37.0,43.0,51.0,inferred
Hastings,2021-10-05,13.0,18.0,21.0,22.0,23.0,26.0,29.0,31.0,34.0,35.0,37.0,43.0,53.0,inferred
Hastings,2021-10-06,14.0,19.0,23.0,24.0,26.0,28.0,31.0,33.0,36.0,38.0,39.0,44.0,53.0,inferred
Hastings,2021-10-07,13.0,19.0,22.0,24.0,25.0,28.0,30.0,33.0,36.0,37.0,39.0,44.0,53.0,inferred
Hastings,2021-10-08,14.0,18.0,22.0,23.0,24.0,27.0,30.0,32.0,35.0,37.0,39.0,43.1,52.0,inferred
Hastings,2021-10-09,11.0,16.0,19.0,20.0,22.0,25.0,27.0,29.0,32.0,33.0,35.0,39.0,48.0,inferred
Hastings,2021-10-10,13.0,18.0,21.0,23.0,24.0,27.0,29.0,31.0,34.0,36.0,37.0,43.0,52.0,inferred
Hastings,2021-10-11,22.0,28.0,32.0,34.0,35.0,38.0,41.0,44.0,47.0,50.0,52.0,58.0,66.0,inferred
Hastings,2021-10-12,21.0,27.0,32.0,34.0,35.0,38.0,41.0,44.0,47.0,50.0,52.0,58.0,68.0,inferred
Hastings,2021-10-13,22.5,29.0,34.0,35.0,37.0,40.0,43.0,46.0,50.0,52.0,54.0,60.0,69.0,inferred
Hastings,2021-10-14,21.0,28.0,32.0,34.0,35.0,38.0,42.0,45.0,48.0,50.0,53.0,60.0,70.0,inferred
Hastings,2021-10-15,19.0,26.0,30.0,32.0,34.0,37.0,40.0,43.0,46.0,48.0,51.0,57.0,66.5,inferred
Havant,2021-07-03,10.0,14.0,16.0,17.0,18.0,20.0,21.0,23.0,25.0,26.0,27.0,30.0,36.0,inferred
Havant,2021-07-04,11.0,15.0,18.0,19.0,20.0,22.0,24.0,25.0,27.0,28.0,30.0,33.0,39.0,inferred
Havant,2021-07-05,18.0,23.0,27.0,28.0,29.0,31.0,34.0,36.0,38.0,40.0,41.0,46.0,54.0,inferred
Havant,2021-07-06,20.0,25.0,28.0,30.0,31.0,33.0,36.0,38.0,41.0,42.0,44.0,49.0,57.0,inferred
Havant,2021-07-07,24.0,29.0,33.0,34.0,36.0,38.0,40.0,42.0,45.0,47.0,49.0,55.0,63.0,inferred
Havant,2021-07-08,26.0,31.0,35.0,37.0,38.0,41.0,43.0,46.0,48.0,50.0,52.0,58.0,67.0,inferred
Havant,2021-07-09,28.0,34.0,37.0,39.0,40.0,43.0,45.0,48.0,50.0,52.0,54.0,59.0,68.0,inferred
Havant,2021-07-10,25.0,31.0,35.0,36.0,38.0,40.0,42.0,45.0,47.0,49.0,51.0,55.0,62.0,inferred
Havant,2021-07-11,32.0,38.0,41.0,43.0,44.0,46.0,49.0,52.0,55.0,56.0,58.0,63.0,71.0,inferred
Havant,2021-07-12,50.0,57.0,62.0,64.0,65.0,69.0,72.0,76.0,79.0,81.0,83.0,89.0,99.0,inferred
Havant,2021-07-13,50.0,59.0,64.0,65.0,68.0,71.0,74.0,77.0,81.0,83.0,85.0,91.0,100.5,inferred
Havant,2021-07-14,52.0,59.0,65.0,67.0,68.0,71.0,74.5,78.0,81.0,83.0,86.0,92.0,102.0,inferred
Havant,2021-07-15,47.0,54.0,59.0,62.0,63.0,67.0,70.0,73.0,76.0,78.0,81.0,87.0,97.0,inferred
Havant,2021-07-16,42.0,49.0,54.0,56.0,58.0,61.0,64.0,66.0,69.0,71.0,73.0,79.0,89.0,inferred
Havant,2021-07-17,36.0,42.0,46.0,47.0,49.0,51.0,54.0,57.0,60.0,62.0,64.0,69.0,79.0,inferred
Havant,2021-07-18,35.5,41.0,46.0,47.0,49.0,52.0,55.0,57.0,60.0,62.0,64.0,69.0,77.0,inferred
Havant,2021-07-19,49.0,57.0,62.0,64.0,66.0,69.0,72.0,75.0,79.0,80.2,83.0,90.0,99.5,inferred
Havant,2021-07-20,46.0,53.0,57.0,59.0,61.0,64.0,67.0,70.0,74.0,76.0,77.2,83.0,92.0,inferred
Havant,2021-07-21,44.0,50.0,55.0,57.0,59.0,61.0,64.0,66.0,70.0,71.0,73.0,79.1,88.0,inferred
Havant,2021-07-22,37.0,43.9,48.0,49.0,51.0,54.0,57.0,59.0,62.0,64.0,66.0,71.0,80.0,inferred
Havant,2021-07-23,31.0,36.0,40.0,41.8,43.0,46.0,48.0,51.0,54.0,56.0,57.0,62.0,70.0,inferred
Havant,2021-07-24,23.0,28.0,32.0,33.0,34.0,37.0,39.0,41.0,44.0,45.0,47.0,51.0,59.0,inferred
Havant,2021-07-25,22.0,27.0,30.0,31.0,33.0,35.0,37.0,39.0,42.0,43.0,45.0,49.0,55.0,inferred
Havant,2021-07-26,30.0,35.0,39.0,41.0,42.0,44.0,47.0,49.0,52.0,54.0,56.0,61.0,70.0,inferred
Havant,2021-07-27,27.0,32.0,36.0,37.8,39.0,41.0,44.0,47.0,50.0,51.0,53.0,57.0,66.0,inferred
Havant,2021-07-28,28.0,34.0,38.0,39.0,40.0,43.0,45.0,47.0,50.0,52.0,54.0,58.0,66.0,inferred
Havant,2021-07-29,25.0,32.0,36.0,37.0,39.0,41.0,44.0,46.0,49.0,51.0,52.0,56.0,64.0,inferred
Havant,2021-07-30,24.0,29.0,33.0,34.0,35.0,38.0,40.0,43.0,45.0,47.0,49.0,53.0,60.0,inferred
Havant,2021-07-31,20.5,25.0,29.0,30.0,31.0,33.0,35.0,37.0,39.0,40.0,42.0,46.1,53.0,inferred
Havant,2021-08-01,22.0,26.0,29.0,31.0,32.0,35.0,37.0,39.0,42.0,43.0,45.0,49.0,56.0,inferred
Havant,2021-08-02,31.0,37.0,41.0,43.0,44.0,47.0,50.0,52.0,55.0,57.0,58.2,64.0,73.5,inferred
Havant,2021-08-03,31.0,36.9,40.0,42.0,43.0,46.0,48.0,51.0,54.0,56.0,57.0,63.0,71.0,inferred
Havant,2021-08-04,32.0,38.0,42.0,43.0,45.0,48.0,50.0,52.4,55.0,56.2,58.0,63.0,71.5,inferred
Havant,2021-08-05,29.0,36.0,39.0,41.0,42.0,45.0,47.0,50.0,52.0,54.0,56.0,60.0,68.0,inferred
Havant,2021-08-06,27.0,32.0,36.0,37.0,39.0,41.0,44.0,46.0,49.0,50.0,52.0,56.0,64.0,inferred
Havant,2021-08-07,23.0,27.0,30.0,32.0,33.0,36.0,37.0,39.0,42.0,43.0,45.0,49.0,56.0,inferred
Havant,2021-08-08,23.0,27.0,31.0,33.0,34.0,36.0,38.0,41.0,43.0,45.0,46.0,50.0,57.0,inferred
Havant,2021-08-09,33.0,40.0,44.0,45.0,46.0,50.0,52.0,55.0,58.0,59.0,61.0,67.0,75.0,inferred
Havant,2021-08-10,33.0,40.0,44.0,46.0,47.0,50.0,52.0,55.0,58.0,60.0,61.0,67.0,73.0,inferred
Havant,2021-08-11,35.0,41.0,46.0,47.0,49.0,51.0,54.0,57.0,60.0,61.0,63.0,68.0,77.0,inferred
Havant,2021-08-12,35.0,41.0,46.0,47.0,49.0,52.0,55.0,57.0,60.0,61.0,63.0,68.0,78.0,inferred
Havant,2021-08-13,33.0,40.0,45.0,46.0,47.0,50.0,52.0,55.0,58.0,60.0,62.0,66.0,75.0,inferred
Havant,2021-08-14,28.5,35.0,39.0,40.0,42.0,44.0,47.0,49.0,52.0,54.0,56.0,60.0,67.0,inferred
Havant,2021-08-15,32.0,38.0,42.0,43.0,45.0,48.0,50.0,53.0,55.0,57.0,59.0,64.0,73.0,inferred
Havant,2021-08-16,47.0,54.0,60.0,62.0,63.0,66.0,69.0,72.0,76.0,78.0,80.0,87.0,96.0,inferred
Havant,2021-08-17,47.0,55.0,60.0,62.0,63.0,66.0,69.0,73.0,76.0,78.0,80.0,85.0,95.0,inferred
Havant,2021-08-18,49.0,56.0,61.0,63.0,65.0,68.0,71.0,74.0,78.0,80.0,82.0,89.0,98.0,inferred
Havant,2021-08-19,46.0,54.0,59.0,61.0,63.0,66.0,69.0,72.0,76.0,78.0,80.0,85.0,95.0,inferred
Havant,2021-08-20,44.0,51.0,55.0,57.0,59.0,62.0,65.0,68.0,71.0,73.0,75.0,81.0,91.0,inferred
Havant,2021-08-21,37.0,43.0,47.0,49.0,51.0,53.0,56.0,59.0,62.0,63.0,66.0,71.0,79.0,inferred
Havant,2021-08-22,39.0,45.0,49.0,51.0,53.0,56.0,58.0,61.0,64.0,66.0,68.0,74.0,83.5,inferred
Havant,2021-08-23,56.0,64.0,69.0,71.0,73.0,76.0,80.0,83.0,86.0,89.0,92.0,98.0,109.5,inferred
Havant,2021-08-24,53.0,60.0,66.0,68.0,70.0,73.0,76.0,79.0,83.0,85.0,87.0,94.0,103.0,inferred
Havant,2021-08-25,53.0,60.0,65.0,67.0,69.0,72.0,76.0,78.0,82.0,84.0,87.0,93.0,102.0,inferred
Havant,2021-08-26,49.0,56.0,61.0,63.0,65.0,68.0,71.0,74.0,77.0,79.0,81.0,88.0,95.0,inferred
Havant,2021-08-27,42.0,50.0,55.0,57.0,59.0,62.0,65.0,68.0,71.0,73.0,75.0,81.0,89.0,inferred
Havant,2021-08-28,35.0,42.0,46.0,48.0,49.0,52.0,54.0,57.0,60.0,62.0,63.0,68.1,77.0,inferred
Havant,2021-08-29,35.0,42.0,47.0,48.0,50.0,53.0,55.0,58.0,61.0,62.0,64.0,69.0,79.0,inferred
Havant,2021-08-30,50.5,58.0,63.0,65.0,67.0,70.0,73.0,76.0,80.0,82.0,84.0,91.0,99.0,inferred
Havant,2021-08-31,48.0,54.9,60.0,61.0,63.0,66.0,70.0,72.0,76.0,78.0,79.0,85.0,95.5,inferred
Havant,2021-09-01,47.0,55.0,59.0,61.0,63.0,66.0,69.0,72.0,75.0,77.0,79.0,85.0,94.0,inferred
Havant,2021-09-02,42.5,49.0,54.0,56.0,57.0,60.0,63.0,66.0,70.0,71.2,73.0,79.0,88.0,inferred
Havant,2021-09-03,37.0,43.9,49.0,51.0,52.0,55.0,58.0,61.0,64.0,66.0,68.0,73.0,82.0,inferred
Havant,2021-09-04,30.0,36.0,40.8,42.0,44.0,46.0,48.0,51.0,54.0,55.0,57.0,62.0,70.0,inferred
Havant,2021-09-05,30.5,36.0,41.0,42.0,43.0,46.0,49.0,51.0,54.0,56.0,58.0,63.0,71.0,inferred
Havant,2021-09-06,42.0,50.0,55.0,57.0,59.0,61.0,64.0,67.0,70.0,72.0,74.0,80.0,89.0,inferred
Havant,2021-09-07,40.0,46.0,51.0,52.0,54.0,57.0,60.0,63.0,66.0,68.0,70.0,75.0,85.0,inferred
Havant,2021-09-08,36.0,44.0,49.0,50.0,52.0,55.0,58.0,60.4,64.0,66.0,68.0,73.0,83.0,inferred
Havant,2021-09-09,34.5,40.0,44.0,45.8,47.0,50.0,53.0,56.0,58.0,60.0,62.0,67.0,74.0,inferred
Havant,2021-09-10,30.0,35.0,39.0,41.0,42.0,45.0,47.0,50.0,53.0,54.0,56.0,61.0,68.0,inferred
Havant,2021-09-11,22.0,27.0,31.0,33.0,34.0,36.0,39.0,41.0,44.0,45.0,47.0,51.0,57.0,inferred
Havant,2021-09-12,22.0,28.0,31.0,32.0,33.0,36.0,38.0,40.0,43.0,44.0,46.0,50.1,58.0,inferred
Havant,2021-09-13,31.0,37.0,41.0,42.0,43.0,46.0,49.0,52.0,55.0,56.0,58.0,63.1,72.0,inferred
Havant,2021-09-14,29.0,35.0,39.0,41.0,42.0,45.0,47.0,50.0,52.0,54.0,56.0,60.0,68.0,inferred
Havant,2021-09-15,31.0,37.0,41.0,43.0,44.0,47.0,49.0,52.0,54.0,56.0,57.2,63.1,72.0,inferred
Havant,2021-09-16,30.0,35.0,39.0,41.0,42.0,45.0,47.0,50.0,53.0,54.0,56.0,61.0,69.0,inferred
Havant,2021-09-17,28.0,33.0,37.0,38.0,39.0,42.0,45.0,47.0,50.0,52.0,54.0,59.0,67.5,inferred
Havant,2021-09-18,23.0,29.0,32.0,34.0,35.0,37.0,39.0,42.0,45.0,46.0,48.0,52.0,59.0,inferred
Havant,2021-09-19,27.0,31.0,34.0,36.0,37.0,40.0,42.0,44.0,46.0,48.0,49.0,54.0,62.0,inferred
Havant,2021-09-20,37.0,43.0,48.0,50.0,51.0,54.0,56.5,59.0,62.0,64.0,66.0,71.0,80.0,inferred
Havant,2021-09-21,36.0,43.0,48.0,49.0,51.0,54.0,56.0,59.0,62.0,64.0,66.0,72.0,78.5,inferred
Havant,2021-09-22,38.0,44.0,49.0,50.0,52.0,55.0,58.0,61.0,64.0,66.0,67.0,72.0,81.0,inferred
Havant,2021-09-23,36.0,43.0,47.0,49.0,50.0,53.0,55.0,58.0,61.0,63.0,65.0,70.0,79.5,inferred
Havant,2021-09-24,34.0,41.0,45.0,47.0,48.0,51.0,54.0,56.0,59.0,61.0,63.0,69.0,78.0,inferred
Havant,2021-09-25,29.0,35.0,39.0,40.0,42.0,44.0,46.0,49.0,52.0,54.0,55.0,60.0,67.0,inferred
Havant,2021-09-26,32.0,37.0,41.0,43.0,44.0,47.0,49.0,52.0,55.0,56.0,58.0,64.0,72.0,inferred
Havant,2021-09-27,46.0,53.0,58.0,60.0,62.0,65.0,68.0,71.0,74.0,76.0,78.0,85.0,94.0,inferred
Havant,2021-09-28,46.0,52.0,57.0,59.0,61.0,64.0,66.0,70.0,73.0,75.0,77.0,83.0,92.0,inferred
Havant,2021-09-29,47.0,54.0,59.0,61.0,63.0,66.0,69.0,72.0,75.0,78.0,80.0,85.0,94.0,inferred
Havant,2021-09-30,45.0,52.0,56.0,58.0,59.0,63.0,65.0,69.0,72.0,74.0,76.0,82.0,92.0,inferred
Havant,2021-10-01,42.0,47.0,52.0,54.0,56.0,59.0,62.0,65.0,67.0,69.0,72.0,77.0,86.0,inferred
Havant,2021-10-02,34.0,40.0,44.0,46.0,48.0,50.0,53.0,56.0,59.0,60.0,62.0,67.0,75.0,inferred
Havant,2021-10-03,36.0,42.9,46.0,48.0,50.0,52.0,55.0,58.0,61.0,63.0,65.2,71.0,78.0,inferred
Havant,2021-10-04,53.0,60.0,65.8,67.0,69.0,73.0,75.0,79.0,83.0,85.0,87.0,94.0,103.5,inferred
Havant,2021-10-05,53.0,60.0,65.0,67.0,69.0,72.0,75.0,78.0,81.0,83.0,85.0,92.0,104.0,inferred
Havant,2021-10-06,55.0,62.0,68.0,70.0,71.0,75.0,78.0,82.0,85.0,87.0,89.0,95.0,104.0,inferred
Havant,2021-10-07,53.0,60.0,66.0,68.0,69.0,73.0,76.0,79.0,83.0,85.0,87.0,93.0,103.0,inferred
Havant,2021-10-08,50.5,58.0,63.0,65.0,67.0,70.0,73.0,77.0,80.0,82.0,84.0,90.0,100.0,inferred
Havant,2021-10-09,43.0,50.0,54.0,56.0,58.0,61.0,64.0,67.0,70.0,72.2,74.0,80.0,89.0,inferred
Havant,2021-10-10,46.0,53.0,59.0,60.0,62.0,66.0,68.0,72.0,75.0,77.0,79.0,84.0,95.0,inferred
Havant,2021-10-11,69.0,77.0,82.0,84.0,86.0,91.0,94.0,98.0,102.0,105.0,107.0,114.0,125.0,inferred
Havant,2021-10-12,66.5,75.0,81.0,83.0,85.0,89.0,92.0,96.0,100.0,102.0,104.0,110.0,120.0,inferred
Havant,2021-10-13,68.0,76.0,82.0,84.0,86.0,90.0,94.0,98.0,101.3,104.0,106.0,113.0,124.0,inferred
Havant,2021-10-14,64.0,72.0,78.0,80.0,82.0,85.0,89.0,93.0,97.0,99.0,101.2,108.1,119.0,inferred
Havant,2021-10-15,57.0,66.0,72.0,74.0,75.0,79.0,82.0,86.0,90.0,92.0,95.0,101.1,113.0,inferred
Havering,2021-07-03,33.0,38.0,43.0,45.0,46.7,50.0,53.0,55.4,59.0,61.0,63.0,69.0,80.0,inferred
Havering,2021-07-04,34.0,41.0,46.0,48.0,50.0,54.0,57.0,60.0,64.0,66.0,68.0,75.0,86.0,inferred
Havering,2021-07-05,57.0,66.0,71.0,74.0,76.0,80.0,83.0,87.4,92.0,94.0,97.0,105.0,116.5,inferred
Havering,2021-07-06,61.0,69.0,75.0,78.0,80.0,84.0,87.0,91.0,95.0,98.0,100.0,108.0,119.0,inferred
Havering,2021-07-07,68.0,77.0,83.0,86.0,88.0,92.0,96.5,101.0,105.0,107.0,110.0,117.0,128.0,inferred
Havering,2021-07-08,72.0,82.0,88.0,91.0,93.0,97.0,101.0,106.0,111.0,113.0,116.0,124.0,137.0,inferred
Havering,2021-07-09,73.0,83.0,89.0,91.0,93.0,97.0,101.0,107.0,111.0,113.0,116.0,124.0,137.0,inferred
Havering,2021-07-10,68.5,78.0,83.0,86.0,88.0,92.0,96.0,99.0,104.0,107.0,109.0,118.0,131.0,inferred
Havering,2021-07-11,77.0,86.0,92.8,95.0,97.0,102.0,105.5,110.0,115.0,118.0,120.0,128.0,140.0,inferred
Havering,2021-07-12,118.0,131.0,139.0,143.0,146.0,152.0,156.0,161.0,167.3,171.0,174.0,185.0,201.5,inferred
Havering,2021-07-13,121.0,132.0,140.0,143.0,146.0,152.0,157.0,162.0,169.0,172.0,175.2,185.0,201.5,inferred
Havering,2021-07-14,124.5,137.0,146.0,149.0,152.0,157.0,162.0,168.0,175.0,178.0,181.0,191.0,207.5,inferred
Havering,2021-07-15,122.0,133.0,142.0,145.0,148.0,154.0,159.0,163.0,169.0,173.0,177.0,187.0,201.0,inferred
Havering,2021-07-16,110.0,122.0,129.0,132.0,134.0,139.0,145.0,150.0,155.0,159.0,161.0,172.0,185.5,inferred
Havering,2021-07-17,90.0,101.0,110.0,113.0,115.0,119.0,124.0,129.0,133.0,136.0,139.0,147.0,160.0,inferred
Havering,2021-07-18,93.0,102.0,109.0,112.0,115.0,120.0,125.0,130.0,134.0,138.0,142.0,150.0,164.0,inferred
Havering,2021-07-19,131.0,143.0,152.0,155.0,158.0,164.0,170.0,175.0,181.0,184.2,189.0,199.0,212.5,inferred
Havering,2021-07-20,121.0,132.0,140.8,143.8,147.0,152.6,157.0,163.0,169.0,172.0,175.0,185.0,200.0,inferred
Havering,2021-07-21,112.0,125.0,133.0,137.0,140.0,145.0,150.0,155.0,162.0,165.0,169.0,177.0,193.0,inferred
Havering,2021-07-22,100.5,111.0,120.0,122.8,125.0,130.0,135.0,140.0,146.0,149.0,152.2,161.0,178.5,inferred
Havering,2021-07-23,84.0,94.0,101.0,103.0,106.0,111.0,115.0,120.0,125.0,128.0,131.0,139.0,153.0,inferred
Havering,2021-07-24,65.0,74.0,80.0,82.0,84.0,89.0,92.0,96.0,100.0,103.0,106.0,113.1,126.0,inferred
Havering,2021-07-25,60.0,68.0,74.0,76.0,78.0,83.0,86.0,90.0,94.0,96.0,99.0,106.0,117.0,inferred
Havering,2021-07-26,80.0,89.0,96.0,99.0,101.0,106.0,110.0,115.0,120.0,122.0,125.0,134.0,144.0,inferred
Havering,2021-07-27,71.5,83.0,89.0,91.0,93.0,99.0,103.0,107.0,112.0,114.0,117.0,125.0,136.0,inferred
Havering,2021-07-28,74.0,83.0,90.0,93.0,95.0,99.0,103.0,108.0,112.0,115.0,118.0,124.0,136.0,inferred
Havering,2021-07-29,71.5,81.0,87.0,90.0,93.0,97.0,101.0,105.0,110.0,112.0,115.0,124.0,137.0,inferred
Havering,2021-07-30,65.0,74.0,80.0,83.0,85.0,89.0,93.0,97.0,101.0,104.0,107.0,113.0,125.0,inferred
Havering,2021-07-31,53.0,62.0,67.0,69.0,72.0,75.0,79.0,83.0,87.0,90.0,92.0,99.0,111.0,inferred
Havering,2021-08-01,54.0,62.0,69.0,71.0,73.0,77.0,81.0,84.0,88.0,91.0,93.0,100.0,111.0,inferred
Havering,2021-08-02,80.0,89.0,96.0,98.0,101.0,105.0,110.0,114.0,118.0,121.0,124.0,132.0,145.5,inferred
Havering,2021-08-03,75.0,85.0,92.0,95.0,97.0,102.0,106.0,110.0,115.0,118.0,121.0,128.0,141.0,inferred
Havering,2021-08-04,75.5,86.0,94.0,97.0,99.0,104.0,108.0,111.0,116.0,118.0,122.0,130.0,144.5,inferred
Havering,2021-08-05,74.0,82.9,89.0,93.0,95.0,100.0,104.0,107.0,111.0,114.0,117.0,125.0,136.0,inferred
Havering,2021-08-06,67.0,76.0,83.0,85.0,88.0,91.0,95.0,99.0,104.0,106.0,109.0,118.0,129.0,inferred
Havering,2021-08-07,53.0,63.0,69.0,71.0,73.0,77.0,81.0,84.0,89.0,91.0,93.0,100.0,110.5,inferred
Havering,2021-08-08,55.0,63.0,69.0,72.0,74.0,77.0,81.0,84.4,88.0,91.0,93.0,101.0,110.0,inferred
Havering,2021-08-09,80.0,90.0,96.0,99.0,101.0,106.0,110.0,114.0,119.0,122.0,124.0,133.0,147.0,inferred
Havering,2021-08-10,74.0,84.0,91.0,93.0,96.0,100.0,104.0,109.0,113.0,116.0,119.0,128.0,141.0,inferred
Havering,2021-08-11,76.0,85.0,92.0,95.0,97.0,101.0,104.5,109.0,114.0,116.0,119.0,127.0,140.0,inferred
Havering,2021-08-12,71.0,80.0,86.0,89.0,91.0,96.0,100.0,104.0,109.0,111.0,114.0,122.1,135.0,inferred
Havering,2021-08-13,62.5,70.9,77.0,80.0,82.0,86.0,90.0,94.0,98.0,101.0,104.0,111.1,122.0,inferred
Havering,2021-08-14,51.0,59.0,64.8,66.0,68.0,72.0,75.0,79.0,83.0,85.0,87.2,95.0,104.5,inferred
Havering,2021-08-15,49.0,58.0,64.0,66.0,68.0,71.0,75.0,78.0,82.0,84.0,87.0,94.0,107.0,inferred
Havering,2021-08-16,71.5,81.0,88.0,90.0,92.0,97.0,101.0,105.0,109.0,112.0,115.0,123.0,136.5,inferred
Havering,2021-08-17,69.0,78.0,84.0,87.0,89.0,93.0,97.0,101.0,106.0,109.0,111.0,119.0,132.0,inferred
Havering,2021-08-18,69.0,78.0,84.0,87.0,89.0,93.0,97.0,102.0,106.0,108.0,111.0,119.0,133.0,inferred
Havering,2021-08-19,66.0,76.0,82.0,85.0,87.0,92.0,96.0,100.0,104.0,107.0,110.0,118.0,131.0,inferred
Havering,2021-08-20,59.0,69.0,75.0,77.0,79.0,84.0,87.0,91.0,95.0,97.0,100.0,109.0,120.0,inferred
Havering,2021-08-21,50.0,58.0,63.8,66.0,67.7,71.0,74.0,77.0,81.0,84.0,86.0,92.0,105.0,inferred
Havering,2021-08-22,49.0,57.0,63.0,66.0,68.0,71.0,75.0,78.0,82.0,84.0,86.0,94.0,104.0,inferred
Havering,2021-08-23,74.0,82.0,89.0,91.0,93.0,97.0,101.0,106.0,111.0,114.0,117.0,124.0,137.0,inferred
Havering,2021-08-24,69.0,79.0,86.0,89.0,91.0,95.0,99.0,103.0,107.0,110.0,113.0,120.0,134.5,inferred
Havering,2021-08-25,73.0,82.0,88.0,91.0,93.0,97.0,102.0,106.0,110.0,113.0,116.0,124.0,136.0,inferred
Havering,2021-08-26,70.5,80.0,86.0,89.0,90.0,95.0,99.0,103.0,108.0,111.0,113.0,122.0,133.0,inferred
Havering,2021-08-27,63.0,72.0,79.0,81.0,84.0,88.0,93.0,97.0,101.0,103.0,106.0,112.1,126.0,inferred
Havering,2021-08-28,53.0,61.0,67.0,70.0,72.0,76.0,80.0,83.4,87.0,89.0,92.0,99.0,111.0,inferred
Havering,2021-08-29,55.0,63.0,68.0,70.0,72.0,76.0,80.5,84.0,88.0,90.0,94.0,100.0,111.5,inferred
Havering,2021-08-30,79.0,90.0,96.0,99.0,101.0,106.0,110.0,115.0,120.0,122.0,124.2,134.0,148.5,inferred
Havering,2021-08-31,76.0,86.9,93.0,96.0,98.0,103.0,107.0,112.0,117.0,120.0,122.0,131.0,147.0,inferred
Havering,2021-09-01,77.5,89.0,95.0,98.0,100.0,105.0,109.0,114.0,118.0,120.0,123.0,132.0,145.0,inferred
Havering,2021-09-02,75.0,86.0,92.0,95.0,97.0,102.0,106.0,109.0,114.0,117.0,120.0,129.0,144.0,inferred
Havering,2021-09-03,68.5,78.0,84.0,86.0,88.7,93.0,97.0,102.0,106.0,109.0,112.0,119.0,129.0,inferred
Havering,2021-09-04,56.0,64.9,70.0,73.0,75.0,79.0,82.0,86.0,91.0,93.0,95.0,102.0,114.0,inferred
Havering,2021-09-05,56.0,65.0,71.0,74.0,75.0,79.0,83.0,87.0,91.0,93.0,95.0,103.0,116.0,inferred
Havering,2021-09-06,81.0,92.0,99.0,101.0,104.0,109.0,113.0,118.0,123.0,126.0,128.0,138.0,150.0,inferred
Havering,2021-09-07,76.0,85.9,93.0,95.0,98.0,102.0,106.0,111.0,115.0,118.0,121.0,128.0,141.0,inferred
Havering,2021-09-08,72.0,81.0,88.0,91.0,93.0,97.0,101.0,106.0,111.0,113.0,117.0,124.0,136.5,inferred
Havering,2021-09-09,65.0,74.0,80.0,82.0,84.0,88.0,92.0,96.0,101.0,103.0,106.0,114.1,127.0,inferred
Havering,2021-09-10,54.0,63.0,68.0,70.0,73.0,77.0,80.0,84.0,88.0,90.0,93.0,101.0,111.0,inferred
Havering,2021-09-11,41.0,49.0,54.0,56.0,58.0,61.0,64.0,67.0,71.0,73.0,75.0,81.0,93.5,inferred
Havering,2021-09-12,37.5,45.0,50.8,52.0,54.0,58.0,61.0,64.0,68.0,70.0,72.0,79.0,88.0,inferred
Havering,2021-09-13,54.0,62.0,67.0,69.8,71.0,75.0,79.0,83.0,86.0,88.2,91.0,98.0,109.5,inferred
Havering,2021-09-14,49.0,57.0,63.0,65.0,67.0,70.0,74.0,77.0,81.0,83.0,86.0,93.0,104.0,inferred
Havering,2021-09-15,49.0,58.0,63.0,65.0,68.0,72.0,75.0,80.0,84.0,85.0,88.0,94.0,103.5,inferred
Havering,2021-09-16,48.0,55.0,62.0,64.0,66.0,69.0,72.0,76.0,80.0,82.0,85.0,91.0,103.0,inferred
Havering,2021-09-17,44.0,51.0,57.0,59.0,60.7,64.0,67.0,71.0,75.0,77.0,80.0,86.0,96.0,inferred
Havering,2021-09-18,36.0,44.0,48.0,50.0,52.0,55.0,58.0,61.0,64.0,66.0,69.0,75.0,84.0,inferred
Havering,2021-09-19,37.0,44.0,49.0,51.0,53.0,56.0,59.0,62.0,66.0,68.0,70.0,77.0,86.0,inferred
Havering,2021-09-20,55.0,63.0,69.0,71.0,73.0,77.0,81.0,85.0,89.0,92.0,94.0,101.0,113.0,inferred
Havering,2021-09-21,52.5,61.0,67.0,70.0,72.0,75.0,79.0,83.0,87.0,89.0,92.0,99.0,111.0,inferred
Havering,2021-09-22,55.0,63.0,69.0,72.0,73.0,77.0,80.0,84.0,87.0,89.0,92.0,99.0,111.5,inferred
Havering,2021-09-23,53.0,62.0,68.0,70.0,72.0,76.0,79.0,83.0,87.0,89.0,91.0,98.0,107.0,inferred
Havering,2021-09-24,47.0,56.0,62.0,64.0,66.0,70.0,73.0,77.0,81.0,83.0,85.0,91.0,103.0,inferred
Havering,2021-09-25,41.0,48.0,53.0,55.0,57.0,60.0,63.0,66.0,70.0,72.0,75.0,81.0,92.0,inferred
Havering,2021-09-26,41.0,49.0,54.0,56.0,58.0,61.0,64.0,67.0,70.0,72.0,75.0,82.0,91.0,inferred
Havering,2021-09-27,61.0,69.0,76.0,79.0,81.0,85.0,89.0,93.0,97.0,99.0,102.0,111.0,125.0,inferred
Havering,2021-09-28,56.0,66.0,72.0,75.0,77.0,81.0,85.0,89.0,93.0,95.0,98.0,105.0,121.0,inferred
Havering,2021-09-29,59.0,68.0,74.0,76.0,78.0,82.0,85.0,89.0,94.0,96.0,98.0,105.0,118.0,inferred
Havering,2021-09-30,54.0,64.0,70.0,72.0,74.0,78.0,82.0,86.0,90.0,92.0,95.0,104.0,117.0,inferred
Havering,2021-10-01,49.0,57.0,62.0,65.0,67.0,71.0,74.0,77.0,81.0,84.0,86.0,93.0,104.0,inferred
Havering,2021-10-02,39.5,48.0,52.0,54.0,56.0,59.0,63.0,66.0,70.0,72.0,74.0,81.0,93.0,inferred
Havering,2021-10-03,41.0,48.0,53.0,55.0,57.0,60.0,63.0,66.4,70.0,72.0,75.0,81.0,92.5,inferred
Havering,2021-10-04,59.0,67.0,73.0,76.0,78.0,82.0,86.0,90.0,95.0,97.0,100.0,106.0,117.0,inferred
Havering,2021-10-05,56.0,66.0,72.0,74.0,76.0,80.0,84.0,88.0,92.0,94.0,97.0,104.0,116.0,inferred
Havering,2021-10-06,58.0,69.0,74.0,76.0,78.0,82.0,86.0,90.0,94.0,96.0,99.0,108.0,121.0,inferred
Havering,2021-10-07,58.5,68.0,73.0,76.0,78.0,81.0,85.0,89.0,93.0,95.0,98.0,105.0,116.5,inferred
Havering,2021-10-08,55.0,64.0,70.0,72.0,74.0,78.0,81.0,85.0,89.0,91.0,94.0,100.1,112.0,inferred
Havering,2021-10-09,47.0,54.0,59.0,61.0,63.0,67.0,70.0,74.0,77.3,80.0,82.0,88.0,99.0,inferred
Havering,2021-10-10,48.0,55.0,61.0,64.0,65.0,69.0,73.0,76.0,80.0,82.0,84.2,91.0,101.0,inferred
Havering,2021-10-11,72.0,81.0,88.0,90.0,92.0,97.0,101.0,105.0,110.0,112.0,115.0,123.0,134.0,inferred
Havering,2021-10-12,68.5,79.0,85.8,88.0,90.0,94.0,99.0,104.0,108.0,111.0,113.0,122.0,134.5,inferred
Havering,2021-10-13,72.0,81.0,88.0,90.0,92.0,96.0,100.0,104.0,109.0,112.0,114.0,122.0,135.0,inferred
Havering,2021-10-14,67.5,77.0,84.0,87.0,90.0,94.0,98.0,103.0,108.0,111.0,113.0,121.0,134.0,inferred
Havering,2021-10-15,63.0,72.0,78.0,80.0,83.0,87.0,91.0,95.0,100.0,103.0,106.0,114.1,127.0,inferred
"Herefordshire, County of",2021-07-03,9.0,12.0,15.0,16.0,17.0,18.0,20.0,22.0,24.0,25.0,27.0,30.0,37.0,inferred
"Herefordshire, County of",2021-07-04,10.0,14.0,16.0,18.0,19.0,21.0,23.0,25.0,27.0,28.0,29.0,33.0,39.0,inferred
"Herefordshire, County of",2021-07-05,16.0,21.9,25.0,26.0,28.0,30.0,32.0,35.0,37.0,39.0,40.0,46.0,53.0,inferred
"Herefordshire, County of",2021-07-06,18.0,23.0,26.0,28.0,29.0,31.0,34.0,36.0,39.0,40.0,42.0,47.0,56.0,inferred
"Herefordshire, County of",2021-07-07,21.0,25.0,29.0,31.0,32.0,35.0,38.0,40.0,43.0,45.0,47.0,52.0,60.0,inferred
"Herefordshire, County of",2021-07-08,22.0,29.0,33.0,34.0,36.0,39.0,41.0,44.0,47.0,49.0,51.0,57.0,65.0,inferred
"Herefordshire, County of",2021-07-09,24.0,30.0,33.0,35.0,36.7,39.0,42.0,45.0,48.0,50.0,52.0,57.0,65.0,inferred
"Herefordshire, County of",2021-07-10,22.0,28.0,32.0,33.0,34.0,38.0,40.0,43.0,46.0,47.0,49.0,54.0,63.0,inferred
"Herefordshire, County of",2021-07-11,27.0,34.0,38.0,40.0,42.0,44.0,47.0,50.0,53.0,55.0,58.0,64.0,74.5,inferred
"Herefordshire, County of",2021-07-12,47.0,55.0,61.0,63.0,65.0,68.6,72.0,76.4,81.0,83.0,86.0,93.0,104.0,inferred
"Herefordshire, County of",2021-07-13,45.5,55.0,60.0,62.0,64.0,69.0,72.0,76.0,80.0,83.0,86.0,93.0,105.0,inferred
"Herefordshire, County of",2021-07-14,47.0,55.0,61.0,63.0,66.0,69.0,73.0,77.0,82.0,84.0,87.0,93.0,107.0,inferred
"Herefordshire, County of",2021-07-15,44.0,54.0,59.0,62.0,64.0,68.0,71.0,74.0,78.0,81.0,83.0,90.0,102.0,inferred
"Herefordshire, County of",2021-07-16,41.0,49.0,53.0,55.0,57.0,60.0,63.0,67.0,70.0,72.0,74.0,81.0,92.5,inferred
"Herefordshire, County of",2021-07-17,33.0,40.0,44.0,46.0,48.0,51.0,54.0,57.0,61.0,63.0,65.0,71.0,83.5,inferred
"Herefordshire, County of",2021-07-18,35.5,42.0,47.0,49.0,51.0,54.0,58.0,61.0,65.0,67.0,69.0,75.0,86.0,inferred
"Herefordshire, County of",2021-07-19,50.0,59.0,64.0,67.0,69.0,72.6,76.0,80.0,85.0,87.0,89.0,96.0,106.0,inferred
"Herefordshire, County of",2021-07-20,47.0,53.0,59.0,61.0,63.0,67.0,70.0,74.0,79.0,81.0,84.0,90.0,101.0,inferred
"Herefordshire, County of",2021-07-21,42.0,50.0,55.0,57.0,59.0,63.0,67.0,70.0,75.0,77.0,79.0,85.0,98.0,inferred
"Herefordshire, County of",2021-07-22,38.5,45.0,50.0,52.0,54.0,58.0,61.0,65.0,68.0,70.0,72.0,78.0,90.0,inferred
"Herefordshire, County of",2021-07-23,30.5,38.0,42.0,44.0,46.0,49.0,52.0,55.0,59.0,61.0,63.0,69.0,79.0,inferred
"Herefordshire, County of",2021-07-24,24.0,29.0,33.0,34.0,36.0,39.0,41.0,44.0,47.0,48.0,50.0,55.0,63.5,inferred
"Herefordshire, County of",2021-07-25,23.0,28.0,32.0,34.0,36.0,38.0,41.0,44.0,47.0,48.0,50.0,56.0,64.0,inferred
"Herefordshire, County of",2021-07-26,31.0,38.0,42.0,44.0,45.0,48.0,52.0,55.0,58.0,60.0,62.0,69.0,78.0,inferred
"Herefordshire, County of",2021-07-27,29.0,34.0,38.0,40.0,41.0,44.0,47.0,50.0,53.0,55.0,58.0,63.0,73.0,inferred
"Herefordshire, County of",2021-07-28,27.0,33.0,37.8,39.0,41.0,44.0,47.0,50.0,53.0,55.0,57.0,62.0,71.0,inferred
"Herefordshire, County of",2021-07-29,25.0,31.0,35.0,37.0,39.0,42.0,44.0,47.0,50.0,52.0,54.0,60.0,69.0,inferred
"Herefordshire, County of",2021-07-30,21.0,27.0,31.0,33.0,35.0,37.0,40.0,42.0,45.0,47.0,49.0,54.0,64.0,inferred
"Herefordshire, County of",2021-07-31,16.0,22.0,25.0,27.0,28.0,31.0,33.0,35.0,39.0,40.0,42.0,47.0,55.0,inferred
"Herefordshire, County of",2021-08-01,18.0,23.0,27.0,28.0,29.0,32.0,34.0,37.0,40.0,41.0,43.0,49.0,57.0,inferred
"Herefordshire, County of",2021-08-02,26.0,33.0,37.0,39.0,40.0,44.0,46.0,49.0,52.0,54.0,56.0,63.0,73.0,inferred
"Herefordshire, County of",2021-08-03,26.0,33.0,37.0,38.0,40.0,43.0,46.0,48.0,52.0,54.0,56.0,61.1,71.0,inferred
"Herefordshire, County of",2021-08-04,27.0,35.0,39.0,41.0,42.0,45.0,48.0,51.0,55.0,57.0,59.0,65.0,74.0,inferred
"Herefordshire, County of",2021-08-05,30.0,37.0,41.0,43.0,45.0,48.0,51.0,53.0,57.0,59.0,61.0,67.0,77.0,inferred
"Herefordshire, County of",2021-08-06,28.0,35.0,39.0,41.0,43.0,46.0,49.0,52.0,55.0,57.0,59.0,64.1,73.5,inferred
"Herefordshire, County of",2021-08-07,25.0,30.0,35.0,37.0,38.0,41.0,44.0,47.0,50.0,52.0,53.0,59.0,67.0,inferred
"Herefordshire, County of",2021-08-08,29.0,36.0,41.0,42.0,44.0,47.0,50.0,53.4,58.0,60.0,62.0,67.0,76.0,inferred
"Herefordshire, County of",2021-08-09,47.0,56.0,62.0,64.0,66.0,71.0,74.0,78.0,82.0,84.0,87.0,94.0,106.5,inferred
"Herefordshire, County of",2021-08-10,47.0,57.0,62.0,64.0,67.0,70.0,74.0,78.0,82.0,84.0,87.0,95.0,106.0,inferred
"Herefordshire, County of",2021-08-11,52.0,60.0,66.8,68.0,71.0,75.0,79.0,83.0,87.0,89.0,92.0,99.0,110.5,inferred
"Herefordshire, County of",2021-08-12,52.5,62.0,68.0,70.0,72.0,76.0,80.0,84.0,88.0,90.0,93.0,100.0,110.0,inferred
"Herefordshire, County of",2021-08-13,49.5,58.0,64.0,66.0,69.0,72.0,76.0,79.4,83.0,86.0,89.0,96.0,108.0,inferred
"Herefordshire, County of",2021-08-14,43.0,52.0,57.0,59.0,61.0,65.0,69.0,72.0,76.3,79.0,81.0,88.0,98.0,inferred
"Herefordshire, County of",2021-08-15,50.0,59.0,65.0,67.0,69.0,73.0,77.0,81.0,85.0,88.0,90.0,98.0,109.5,inferred
"Herefordshire, County of",2021-08-16,76.0,87.0,95.0,98.0,100.0,105.0,110.0,114.0,120.0,123.0,126.0,136.0,150.5,inferred
"Herefordshire, County of",2021-08-17,73.0,84.0,91.0,94.0,97.0,102.0,106.0,111.0,116.0,119.0,122.0,131.0,147.0,inferred
"Herefordshire, County of",2021-08-18,75.0,84.0,91.0,94.0,97.0,101.0,106.0,110.0,115.0,118.0,121.0,130.0,143.0,inferred
"Herefordshire, County of",2021-08-19,70.0,79.0,86.0,89.0,91.0,96.0,100.0,104.0,109.0,112.0,115.0,124.0,136.0,inferred
"Herefordshire, County of",2021-08-20,61.0,71.0,77.8,80.0,82.0,86.0,90.0,94.0,98.0,101.0,104.0,112.0,124.5,inferred
"Herefordshire, County of",2021-08-21,48.0,56.0,62.8,64.8,67.0,71.0,74.0,78.0,83.0,85.0,87.2,94.1,104.0,inferred
"Herefordshire, County of",2021-08-22,50.5,59.0,65.0,68.0,70.0,73.0,78.0,82.0,86.0,89.0,91.0,99.0,109.5,inferred
"Herefordshire, County of",2021-08-23,72.0,81.0,89.0,92.0,94.0,100.0,104.0,108.0,112.0,116.0,118.0,126.0,143.5,inferred
"Herefordshire, County of",2021-08-24,66.0,77.0,84.0,87.0,89.0,93.0,97.0,101.0,107.0,109.0,112.0,120.0,132.5,inferred
"Herefordshire, County of",2021-08-25,67.0,76.0,82.0,85.0,87.0,91.0,96.0,100.0,105.0,108.0,111.0,119.0,130.5,inferred
"Herefordshire, County of",2021-08-26,61.5,72.0,78.8,81.0,83.7,87.0,92.0,96.0,101.0,104.0,106.0,114.0,128.0,inferred
"Herefordshire, County of",2021-08-27,56.0,64.0,70.8,73.0,75.0,79.0,83.0,86.0,90.0,93.0,95.0,102.0,115.0,inferred
"Herefordshire, County of",2021-08-28,44.0,53.0,58.0,60.0,62.0,66.0,69.0,73.0,77.0,79.0,82.0,89.0,101.0,inferred
"Herefordshire, County of",2021-08-29,47.5,56.0,62.0,64.0,66.0,70.0,73.0,77.0,81.0,84.0,86.0,93.1,105.0,inferred
"Herefordshire, County of",2021-08-30,69.0,79.0,85.0,88.0,90.0,95.0,99.0,104.0,109.0,111.0,114.0,123.0,135.0,inferred
"Herefordshire, County of",2021-08-31,63.0,73.0,80.0,83.0,86.0,90.0,95.0,99.0,103.0,106.0,109.0,117.0,131.5,inferred
"Herefordshire, County of",2021-09-01,62.0,74.0,81.0,83.0,86.0,90.0,95.0,99.0,103.3,106.0,110.0,117.0,129.0,inferred
"Herefordshire, County of",2021-09-02,62.0,72.0,78.0,81.0,83.0,87.0,91.0,95.0,99.0,101.0,105.0,113.0,125.0,inferred
"Herefordshire, County of",2021-09-03,55.0,64.0,70.0,72.0,74.0,78.0,81.0,85.0,90.0,92.0,95.0,103.0,115.5,inferred
"Herefordshire, County of",2021-09-04,45.0,54.0,59.0,61.0,63.0,67.0,70.0,74.0,78.0,80.0,82.0,90.0,102.0,inferred
"Herefordshire, County of",2021-09-05,48.0,57.0,63.0,65.0,67.0,71.0,75.0,79.0,83.0,85.0,87.2,95.0,107.0,inferred
"Herefordshire, County of",2021-09-06,70.0,79.0,87.0,89.0,92.0,97.0,101.0,106.0,111.0,114.0,117.0,125.0,140.0,inferred
"Herefordshire, County of",2021-09-07,68.0,76.0,83.0,85.0,88.0,92.0,96.0,101.0,106.0,108.0,112.0,121.0,136.5,inferred
"Herefordshire, County of",2021-09-08,64.0,75.0,81.0,83.0,86.0,91.0,95.0,100.0,104.0,107.0,110.0,118.0,130.0,inferred
"Herefordshire, County of",2021-09-09,65.0,73.0,80.0,82.0,85.0,88.0,93.0,97.0,101.0,103.0,106.0,114.0,127.0,inferred
"Herefordshire, County of",2021-09-10,57.0,66.0,72.0,73.0,75.7,79.0,83.0,87.0,91.0,94.0,96.0,104.0,116.0,inferred
"Herefordshire, County of",2021-09-11,45.5,53.9,59.0,61.0,63.0,67.0,71.0,74.0,79.0,82.0,84.0,90.0,101.0,inferred
"Herefordshire, County of",2021-09-12,50.0,57.0,63.0,65.0,67.0,71.0,75.0,79.0,83.0,85.0,88.0,95.0,107.0,inferred
"Herefordshire, County of",2021-09-13,71.0,81.0,89.0,92.0,94.0,99.0,103.0,108.0,113.0,116.0,119.0,128.0,141.0,inferred
"Herefordshire, County of",2021-09-14,72.0,80.0,88.0,91.0,93.0,97.0,102.0,106.0,111.0,114.0,117.0,125.0,139.5,inferred
"Herefordshire, County of",2021-09-15,79.0,89.0,96.0,99.0,101.0,106.0,111.0,116.0,120.0,123.0,126.0,134.0,148.0,inferred
"Herefordshire, County of",2021-09-16,83.0,93.0,100.8,103.0,106.0,111.0,115.0,120.0,125.0,128.0,131.0,140.0,155.0,inferred
"Herefordshire, County of",2021-09-17,81.0,91.0,99.0,102.0,104.0,109.0,113.0,118.0,123.0,125.2,128.0,136.0,153.5,inferred
"Herefordshire, County of",2021-09-18,72.5,83.0,91.0,94.0,96.0,100.0,105.0,109.0,114.0,116.0,119.0,128.0,141.0,inferred
"Herefordshire, County of",2021-09-19,87.0,97.0,105.0,108.0,110.0,115.0,120.0,124.0,130.0,133.0,137.0,145.0,160.0,inferred
"Herefordshire, County of",2021-09-20,130.5,145.0,155.0,160.0,164.0,170.0,175.5,182.0,188.0,191.0,196.0,206.1,224.0,inferred
"Herefordshire, County of",2021-09-21,129.5,144.0,154.0,158.0,162.0,167.0,173.0,179.0,185.0,188.0,192.0,203.0,219.5,inferred
"Herefordshire, County of",2021-09-22,134.5,146.0,157.0,160.8,164.0,169.0,175.0,180.0,187.0,191.0,196.0,207.0,222.0,inferred
"Herefordshire, County of",2021-09-23,128.5,143.0,152.0,156.0,159.0,165.0,170.0,177.0,182.0,186.0,190.0,201.0,217.0,inferred
"Herefordshire, County of",2021-09-24,116.0,127.0,136.0,140.0,142.0,149.0,154.0,160.0,166.0,169.0,172.0,183.0,199.0,inferred
"Herefordshire, County of",2021-09-25,98.0,109.0,117.0,119.0,122.0,127.0,132.0,136.0,142.0,145.0,148.0,157.0,174.0,inferred
"Herefordshire, County of",2021-09-26,103.0,117.0,125.0,128.0,130.0,136.0,141.0,146.0,151.0,154.0,158.0,168.0,185.0,inferred
"Herefordshire, County of",2021-09-27,150.0,162.0,171.0,174.8,178.0,184.0,190.0,196.0,202.0,207.0,210.0,221.0,240.5,inferred
"Herefordshire, County of",2021-09-28,136.0,150.0,159.0,163.0,166.0,172.0,178.0,184.0,190.0,194.0,199.0,211.0,229.0,inferred
"Herefordshire, County of",2021-09-29,132.0,144.0,152.0,155.0,159.0,165.0,170.0,176.0,182.0,185.0,189.0,201.0,217.0,inferred
"Herefordshire, County of",2021-09-30,121.5,132.0,141.0,145.0,148.0,153.0,159.0,164.0,169.0,172.0,175.0,186.1,201.5,inferred
"Herefordshire, County of",2021-10-01,101.0,113.0,120.0,123.0,127.0,132.0,137.0,142.0,147.0,150.0,154.0,163.0,177.0,inferred
"Herefordshire, County of",2021-10-02,81.0,90.0,97.0,99.0,102.0,107.0,110.0,116.0,120.0,123.0,126.0,136.0,148.0,inferred
"Herefordshire, County of",2021-10-03,81.0,91.0,100.0,103.0,105.0,110.0,115.0,119.0,124.0,127.0,130.0,140.0,152.0,inferred
"Herefordshire, County of",2021-10-04,109.5,122.0,130.0,133.0,137.0,143.0,149.0,154.0,160.0,163.0,167.0,178.0,193.0,inferred
"Herefordshire, County of",2021-10-05,100.0,112.0,119.0,122.0,125.0,130.0,136.0,141.0,147.0,150.0,154.0,163.1,181.0,inferred
"Herefordshire, County of",2021-10-06,97.0,109.0,116.0,119.0,122.0,127.0,133.0,138.0,144.0,148.0,151.0,161.0,178.0,inferred
"Herefordshire, County of",2021-10-07,93.0,106.0,113.0,115.0,118.0,122.0,128.0,133.0,137.0,140.0,145.0,154.0,171.0,inferred
"Herefordshire, County of",2021-10-08,81.0,92.0,99.0,101.0,103.0,108.0,113.0,118.0,122.0,126.0,128.2,136.0,149.0,inferred
"Herefordshire, County of",2021-10-09,68.0,76.0,82.0,85.0,88.0,91.0,96.0,100.0,105.0,107.0,111.0,118.0,131.5,inferred
"Herefordshire, County of",2021-10-10,69.5,80.0,86.0,89.0,92.0,96.0,100.0,104.0,109.0,112.0,114.0,122.0,135.0,inferred
"Herefordshire, County of",2021-10-11,97.5,109.0,117.0,120.0,124.0,129.0,134.0,139.0,145.0,148.0,151.2,161.0,175.0,inferred
"Herefordshire, County of",2021-10-12,92.0,103.0,111.0,113.8,116.0,121.0,127.0,133.0,138.0,141.0,144.0,154.0,168.5,inferred
"Herefordshire, County of",2021-10-13,86.0,100.0,109.0,113.0,116.0,122.0,126.0,132.0,137.0,140.0,145.0,154.1,168.5,inferred
"Herefordshire, County of",2021-10-14,86.0,98.0,105.0,109.0,111.0,117.0,122.0,128.0,134.0,137.0,140.0,151.0,167.0,inferred
"Herefordshire, County of",2021-10-15,75.0,86.0,95.0,98.0,101.0,106.0,111.0,116.0,121.0,124.0,128.0,139.0,155.5,inferred
Hertsmere,2021-07-03,10.0,14.0,17.0,19.0,20.0,23.0,25.0,28.0,31.0,32.0,34.0,40.0,49.5,inferred
Hertsmere,2021-07-04,12.0,17.0,21.0,22.0,24.0,26.0,29.0,32.0,35.0,37.0,39.0,46.0,54.0,inferred
Hertsmere,2021-07-05,21.0,28.0,32.0,34.0,36.0,39.0,42.0,45.0,49.0,51.0,53.0,59.0,70.0,inferred
Hertsmere,2021-07-06,23.0,29.0,33.0,35.0,37.0,40.0,44.0,47.0,50.0,52.0,55.0,62.0,73.0,inferred
Hertsmere,2021-07-07,25.0,32.0,37.0,38.8,41.0,44.0,47.0,50.0,55.0,57.0,59.0,66.0,77.0,inferred
Hertsmere,2021-07-08,27.0,34.0,39.0,41.0,43.0,47.0,50.0,54.0,58.0,60.0,63.0,69.0,83.0,inferred
Hertsmere,2021-07-09,25.0,33.0,39.0,41.0,44.0,47.0,51.0,55.0,59.0,61.0,64.0,70.0,82.0,inferred
Hertsmere,2021-07-10,24.0,31.0,36.0,38.0,40.0,43.0,46.0,50.0,54.0,56.0,58.0,65.0,77.0,inferred
Hertsmere,2021-07-11,29.0,37.0,42.0,44.0,46.0,49.0,53.0,56.0,60.3,63.0,65.0,73.0,85.0,inferred
Hertsmere,2021-07-12,47.0,57.0,65.0,67.0,70.0,74.0,78.5,84.0,89.0,91.0,95.0,103.0,116.0,inferred
Hertsmere,2021-07-13,48.0,58.0,65.0,68.0,70.0,74.0,79.0,83.0,89.0,92.0,95.0,104.0,118.5,inferred
Hertsmere,2021-07-14,51.0,60.0,68.0,70.0,72.0,76.0,81.0,86.0,90.0,94.0,97.0,106.0,122.0,inferred
Hertsmere,2021-07-15,48.0,58.0,65.0,67.0,69.0,74.0,79.0,83.0,88.0,91.0,95.0,105.0,121.0,inferred
Hertsmere,2021-07-16,44.5,52.9,59.0,62.0,64.0,68.0,73.0,78.0,82.0,85.0,88.0,96.0,111.0,inferred
Hertsmere,2021-07-17,34.0,43.0,48.0,51.0,54.0,57.0,61.0,65.0,70.0,73.0,76.0,84.0,97.5,inferred
Hertsmere,2021-07-18,37.0,45.0,51.0,54.0,56.0,60.0,63.0,67.0,71.0,74.0,77.0,86.0,97.0,inferred
Hertsmere,2021-07-19,50.0,62.0,69.0,72.0,75.0,80.0,85.0,89.0,94.0,97.0,101.0,110.0,124.0,inferred
Hertsmere,2021-07-20,47.0,56.0,63.0,66.0,68.0,72.0,76.0,82.0,87.0,89.0,92.0,101.0,115.0,inferred
Hertsmere,2021-07-21,44.0,53.0,60.0,62.0,64.0,68.0,72.5,77.0,82.0,85.0,88.0,96.0,109.0,inferred
Hertsmere,2021-07-22,35.0,44.0,50.0,52.0,55.0,59.0,62.0,67.0,71.0,74.0,77.0,87.0,100.0,inferred
Hertsmere,2021-07-23,28.5,36.0,41.0,43.0,45.0,49.0,53.0,56.0,60.0,62.0,65.0,73.0,84.5,inferred
Hertsmere,2021-07-24,21.0,27.0,31.0,33.0,34.7,38.0,41.0,44.0,48.0,50.0,53.0,59.0,71.5,inferred
Hertsmere,2021-07-25,17.5,24.0,29.0,31.0,32.0,36.0,39.0,42.0,46.0,48.0,50.0,57.0,67.0,inferred
Hertsmere,2021-07-26,25.0,32.0,37.0,40.0,42.0,45.0,49.0,53.0,57.0,59.0,61.0,67.0,80.0,inferred
Hertsmere,2021-07-27,22.0,28.0,34.0,36.0,38.0,41.0,44.0,48.0,52.0,54.0,57.0,63.0,73.0,inferred
Hertsmere,2021-07-28,23.0,30.0,34.0,36.0,38.0,42.0,45.0,48.0,52.0,54.0,57.0,64.0,74.5,inferred
Hertsmere,2021-07-29,22.0,29.0,34.0,35.0,37.0,41.0,44.0,47.0,51.0,53.0,55.2,63.0,74.0,inferred
Hertsmere,2021-07-30,19.0,26.0,31.0,33.0,35.0,38.0,41.0,44.0,48.0,50.0,52.0,59.0,70.0,inferred
Hertsmere,2021-07-31,16.0,21.0,26.0,28.0,29.0,32.0,34.5,37.0,40.0,42.0,45.0,51.0,61.0,inferred
Hertsmere,2021-08-01,16.0,22.0,26.0,28.0,30.0,33.0,36.0,39.0,43.0,45.0,47.0,53.0,63.0,inferred
Hertsmere,2021-08-02,26.0,32.0,38.0,40.0,42.0,46.0,50.0,53.0,57.0,59.0,62.0,69.0,79.0,inferred
Hertsmere,2021-08-03,24.0,31.0,37.0,39.0,41.0,44.0,48.0,52.0,56.0,58.0,61.0,68.0,79.0,inferred
Hertsmere,2021-08-04,26.0,34.0,38.8,40.0,42.0,46.0,49.0,53.0,57.0,59.0,62.0,69.0,81.0,inferred
Hertsmere,2021-08-05,25.0,32.0,37.0,39.0,41.0,44.0,47.5,51.0,55.0,57.0,60.0,67.0,80.0,inferred
Hertsmere,2021-08-06,24.0,30.0,35.0,37.0,38.0,42.0,45.0,49.0,52.0,55.0,57.0,64.0,75.0,inferred
Hertsmere,2021-08-07,19.0,25.0,29.0,30.0,32.0,35.0,38.0,41.0,45.0,47.0,49.0,56.0,65.0,inferred
Hertsmere,2021-08-08,18.0,26.0,31.0,33.0,34.7,38.0,41.0,45.0,49.0,51.0,53.0,60.0,72.5,inferred
Hertsmere,2021-08-09,30.0,38.0,43.0,46.0,48.0,51.0,55.0,59.0,63.0,65.0,68.0,76.0,88.5,inferred
Hertsmere,2021-08-10,27.0,35.0,40.0,43.0,45.0,49.0,53.0,56.0,61.0,63.0,66.0,73.0,84.5,inferred
Hertsmere,2021-08-11,28.0,36.0,41.0,43.0,46.0,49.0,53.0,56.0,60.0,62.0,65.0,72.0,85.0,inferred
Hertsmere,2021-08-12,26.0,34.0,39.0,41.0,43.0,47.0,50.0,54.0,58.0,60.0,63.0,70.0,82.0,inferred
Hertsmere,2021-08-13,23.0,29.9,34.8,36.0,38.0,42.0,45.0,48.0,52.0,54.0,57.0,63.0,75.0,inferred
Hertsmere,2021-08-14,17.0,23.0,28.0,30.0,31.0,34.0,37.0,40.0,44.0,46.0,49.0,55.0,68.0,inferred
Hertsmere,2021-08-15,19.0,24.0,28.0,30.0,31.0,34.0,38.0,41.0,44.0,46.0,49.0,55.0,66.0,inferred
Hertsmere,2021-08-16,26.0,33.0,39.0,41.0,43.0,46.0,50.0,54.0,59.0,61.0,64.0,70.0,82.0,inferred
Hertsmere,2021-08-17,24.0,31.0,36.0,38.0,40.0,44.0,47.0,51.0,54.0,56.0,59.0,67.0,78.0,inferred
Hertsmere,2021-08-18,24.0,32.0,36.0,39.0,40.0,44.0,48.0,51.0,55.0,57.0,60.0,68.0,81.0,inferred
Hertsmere,2021-08-19,23.5,30.0,35.0,37.0,39.0,42.0,45.0,48.0,52.0,54.0,56.0,63.0,74.0,inferred
Hertsmere,2021-08-20,19.0,26.0,31.0,33.0,34.0,37.0,41.0,44.0,48.0,50.0,52.0,60.0,71.5,inferred
Hertsmere,2021-08-21,16.0,21.0,25.0,26.0,28.0,31.0,34.0,37.0,40.0,42.0,44.0,50.0,60.0,inferred
Hertsmere,2021-08-22,15.0,21.0,25.0,27.0,28.0,31.0,34.0,37.0,41.0,43.0,45.0,51.0,61.0,inferred
Hertsmere,2021-08-23,23.0,31.0,36.0,38.0,40.0,43.0,46.0,50.0,54.0,56.0,59.0,66.0,76.0,inferred
Hertsmere,2021-08-24,22.0,29.0,33.0,35.0,37.0,40.0,44.0,47.0,51.0,54.0,57.0,64.0,74.5,inferred
Hertsmere,2021-08-25,22.0,29.0,34.0,36.0,39.0,42.0,45.0,49.0,53.0,55.0,57.0,65.0,76.5,inferred
Hertsmere,2021-08-26,23.0,29.0,34.0,36.0,38.0,41.0,44.0,48.0,51.0,53.0,56.0,63.0,76.0,inferred
Hertsmere,2021-08-27,21.0,27.0,31.0,33.0,35.0,38.0,41.0,45.0,49.0,52.0,54.0,60.0,70.5,inferred
Hertsmere,2021-08-28,17.0,22.0,27.0,28.0,30.0,33.0,36.0,39.0,43.0,45.0,47.0,53.1,64.0,inferred
Hertsmere,2021-08-29,17.0,23.0,28.0,30.0,31.0,34.0,37.0,40.0,44.0,45.0,48.0,53.0,64.0,inferred
Hertsmere,2021-08-30,28.0,35.0,40.0,42.0,44.0,48.0,51.0,55.0,59.0,61.0,63.0,70.0,84.0,inferred
Hertsmere,2021-08-31,25.0,33.0,38.0,40.0,42.0,45.0,49.0,52.0,57.0,59.0,61.0,69.0,79.0,inferred
Hertsmere,2021-09-01,27.0,34.0,39.0,41.0,43.0,46.0,50.0,54.0,57.0,60.0,62.0,70.0,83.0,inferred
Hertsmere,2021-09-02,24.5,32.0,37.0,39.0,41.0,44.0,48.0,52.0,56.0,58.0,61.0,68.0,81.0,inferred
Hertsmere,2021-09-03,23.0,29.0,34.0,36.0,38.0,41.0,44.0,48.0,52.0,53.0,56.0,63.0,75.0,inferred
Hertsmere,2021-09-04,18.0,24.0,28.0,30.0,32.0,35.0,38.0,41.0,44.0,47.0,48.2,55.0,66.0,inferred
Hertsmere,2021-09-05,19.0,25.0,29.0,31.0,33.0,36.0,39.0,42.0,45.3,47.0,50.0,57.0,68.0,inferred
Hertsmere,2021-09-06,28.0,36.0,41.0,43.0,45.0,49.0,53.0,57.0,61.0,64.0,66.0,73.0,85.0,inferred
Hertsmere,2021-09-07,27.0,33.0,38.0,40.0,42.7,46.0,49.0,52.0,57.0,59.0,62.0,69.0,81.5,inferred
Hertsmere,2021-09-08,26.0,32.0,37.0,39.0,40.0,44.0,48.0,51.0,54.0,57.0,60.0,67.0,79.5,inferred
Hertsmere,2021-09-09,22.0,29.0,34.0,36.0,38.0,41.0,44.0,47.0,51.0,54.0,56.0,62.0,75.0,inferred
Hertsmere,2021-09-10,18.0,24.0,28.0,30.0,31.0,34.0,37.0,41.0,45.0,47.0,50.0,55.0,67.0,inferred
Hertsmere,2021-09-11,13.0,19.0,23.0,24.0,26.0,28.0,31.0,34.0,37.0,39.0,41.0,47.1,58.5,inferred
Hertsmere,2021-09-12,14.0,18.0,22.0,24.0,25.0,28.0,31.0,34.0,37.0,39.0,41.0,46.0,56.0,inferred
Hertsmere,2021-09-13,19.0,25.0,30.0,32.0,34.0,37.0,40.0,43.0,47.0,49.0,52.0,59.0,70.5,inferred
Hertsmere,2021-09-14,18.0,25.0,29.0,31.0,32.0,35.6,38.0,42.0,45.0,47.0,49.0,55.0,67.0,inferred
Hertsmere,2021-09-15,21.0,26.0,30.0,32.0,34.0,37.0,40.0,44.0,48.0,50.0,53.0,59.0,70.0,inferred
Hertsmere,2021-09-16,20.0,27.0,32.0,34.0,35.0,39.0,42.0,45.0,49.0,51.0,53.0,61.0,74.0,inferred
Hertsmere,2021-09-17,19.0,26.0,31.0,32.0,34.0,37.0,41.0,44.0,48.0,50.0,53.0,59.0,70.0,inferred
Hertsmere,2021-09-18,17.0,23.0,26.0,28.0,30.0,33.0,36.0,39.0,42.0,44.0,46.0,52.0,62.5,inferred
Hertsmere,2021-09-19,19.5,25.0,30.0,32.0,33.0,36.0,39.0,42.0,46.0,48.0,50.0,57.0,69.0,inferred
Hertsmere,2021-09-20,30.0,38.0,43.0,46.0,48.0,51.0,55.0,59.0,63.0,66.0,68.0,76.0,90.0,inferred
Hertsmere,2021-09-21,29.0,37.0,42.0,44.0,46.0,50.0,54.0,58.0,63.0,65.0,68.0,76.0,90.0,inferred
Hertsmere,2021-09-22,30.0,38.0,43.0,45.0,47.0,52.0,55.0,59.0,64.0,66.0,69.0,77.0,90.0,inferred
Hertsmere,2021-09-23,28.0,36.0,41.0,43.0,45.0,49.0,52.0,56.0,60.0,63.0,67.0,75.0,87.0,inferred
Hertsmere,2021-09-24,25.0,33.0,38.0,40.0,42.0,46.0,49.0,52.0,56.0,59.0,61.0,70.0,81.0,inferred
Hertsmere,2021-09-25,21.0,28.0,32.0,34.0,35.0,39.0,42.0,45.0,50.0,51.0,53.0,60.0,70.5,inferred
Hertsmere,2021-09-26,23.0,29.0,34.0,36.0,38.0,41.0,44.0,48.0,51.3,53.0,56.0,64.0,74.5,inferred
Hertsmere,2021-09-27,35.0,43.0,49.0,51.0,53.0,58.0,61.0,65.4,70.0,73.0,76.0,83.0,96.0,inferred
Hertsmere,2021-09-28,33.5,41.0,47.0,49.0,51.0,55.0,59.0,62.0,67.0,69.0,72.0,80.0,94.0,inferred
Hertsmere,2021-09-29,35.0,43.0,49.0,51.8,54.0,57.0,61.0,65.0,70.0,72.0,74.2,83.0,96.5,inferred
Hertsmere,2021-09-30,35.0,42.0,47.0,49.0,51.0,56.0,59.0,63.0,68.0,70.0,73.0,80.0,94.0,inferred
Hertsmere,2021-10-01,30.0,39.0,44.0,46.0,48.0,52.0,56.0,60.0,63.0,65.0,68.0,75.0,89.0,inferred
Hertsmere,2021-10-02,25.0,32.0,37.0,38.0,40.0,44.0,47.0,51.0,54.3,57.0,60.0,68.0,80.0,inferred
Hertsmere,2021-10-03,26.0,34.0,39.0,41.0,43.0,47.0,51.0,54.0,59.0,61.0,63.0,71.0,85.0,inferred
Hertsmere,2021-10-04,39.5,49.0,56.0,58.0,61.0,65.0,69.0,74.0,79.0,81.0,84.0,93.0,107.0,inferred
Hertsmere,2021-10-05,40.0,47.0,54.0,57.0,58.0,63.0,67.0,70.0,76.0,79.0,82.0,91.0,104.0,inferred
Hertsmere,2021-10-06,42.0,50.0,56.0,59.0,61.0,66.0,70.0,75.0,79.3,82.2,85.0,94.0,108.0,inferred
Hertsmere,2021-10-07,39.0,48.0,55.0,57.0,59.0,64.0,68.0,73.0,77.0,80.0,83.0,91.0,105.5,inferred
Hertsmere,2021-10-08,37.0,45.0,51.0,53.0,55.0,59.0,63.0,68.0,73.0,76.0,79.0,88.0,103.0,inferred
Hertsmere,2021-10-09,30.0,37.9,44.0,46.0,48.0,51.0,55.0,59.0,64.0,66.0,69.0,76.0,88.5,inferred
Hertsmere,2021-10-10,33.0,41.0,47.0,50.0,51.0,55.0,59.0,63.0,68.0,70.0,73.0,81.0,94.0,inferred
Hertsmere,2021-10-11,50.0,60.0,66.0,69.0,72.0,76.0,81.0,85.0,91.0,94.0,98.0,108.0,123.0,inferred
Hertsmere,2021-10-12,48.0,56.9,64.0,66.0,69.0,73.0,78.0,82.0,87.0,91.0,94.0,103.0,119.0,inferred
Hertsmere,2021-10-13,47.5,57.0,64.8,68.0,70.0,74.6,79.0,84.0,90.0,93.0,96.0,105.0,124.0,inferred
Hertsmere,2021-10-14,45.0,56.0,61.8,64.0,67.0,72.0,76.0,81.0,86.0,89.0,93.0,102.0,116.0,inferred
Hertsmere,2021-10-15,39.0,48.0,55.0,58.0,60.0,64.0,68.0,73.0,78.0,81.0,85.0,92.0,107.0,inferred
High Peak,2021-07-03,28.0,33.0,37.0,38.0,40.0,42.0,44.0,47.0,49.0,51.0,53.0,57.0,64.5,inferred
High Peak,2021-07-04,34.0,39.0,43.0,44.0,45.7,48.0,50.0,53.0,56.0,57.0,59.0,63.0,71.0,inferred
High Peak,2021-07-05,50.5,57.0,61.0,63.0,65.0,68.0,71.0,74.0,77.0,79.0,81.0,87.0,96.0,inferred
High Peak,2021-07-06,50.0,56.0,60.0,62.0,64.0,67.0,70.0,72.0,75.0,76.0,78.0,84.0,93.0,inferred
High Peak,2021-07-07,51.0,58.0,63.0,64.0,65.0,68.0,71.0,74.0,77.0,79.0,81.0,87.0,96.5,inferred
High Peak,2021-07-08,51.0,57.0,62.0,63.0,65.0,68.0,71.0,74.0,77.0,79.0,81.0,86.0,94.0,inferred
High Peak,2021-07-09,45.0,52.0,57.0,58.0,60.0,63.0,66.0,68.0,72.0,73.0,75.0,81.0,89.5,inferred
High Peak,2021-07-10,38.0,45.0,50.0,51.0,53.0,55.0,58.0,61.0,63.0,65.0,67.0,72.0,80.0,inferred
High Peak,2021-07-11,44.0,50.0,54.0,56.0,58.0,60.0,63.0,66.0,69.0,70.0,72.0,77.0,85.0,inferred
High Peak,2021-07-12,63.0,71.0,77.0,79.0,81.0,84.0,87.0,90.0,94.0,96.0,98.0,105.0,115.0,inferred
High Peak,2021-07-13,57.0,65.9,71.0,73.0,75.0,79.0,82.0,85.0,89.0,91.0,93.0,99.0,109.0,inferred
High Peak,2021-07-14,55.0,63.0,68.0,69.0,71.0,74.0,77.0,80.4,84.0,86.0,88.0,94.0,104.0,inferred
High Peak,2021-07-15,51.0,57.0,61.0,63.0,64.0,68.0,70.0,73.0,77.0,79.0,81.0,87.0,95.0,inferred
High Peak,2021-07-16,41.0,46.0,50.8,52.0,53.0,56.0,59.0,61.0,64.0,66.0,68.0,72.0,80.0,inferred
High Peak,2021-07-17,30.0,36.0,39.0,41.0,42.7,45.0,47.0,49.4,52.0,54.0,55.0,60.0,66.0,inferred
High Peak,2021-07-18,30.0,35.0,39.0,40.0,42.0,44.0,46.0,49.0,51.0,53.0,55.0,59.0,65.0,inferred
High Peak,2021-07-19,40.0,46.0,51.0,52.0,54.0,57.0,59.0,62.0,65.0,67.0,68.0,73.0,81.0,inferred
High Peak,2021-07-20,34.0,41.0,44.0,46.0,47.0,50.0,52.0,55.0,58.0,59.0,61.0,66.0,73.0,inferred
High Peak,2021-07-21,32.0,37.0,41.0,42.0,44.0,46.0,49.0,51.0,54.0,56.0,58.0,62.0,70.0,inferred
High Peak,2021-07-22,28.0,33.0,36.0,38.0,39.0,42.0,44.0,46.0,48.3,50.0,52.0,56.0,64.0,inferred
High Peak,2021-07-23,22.0,27.0,30.0,31.8,33.0,35.0,37.0,39.0,42.0,43.0,44.0,49.0,55.5,inferred
High Peak,2021-07-24,17.0,21.0,24.0,25.0,26.0,28.0,30.0,31.0,33.3,35.0,37.0,40.0,46.5,inferred
High Peak,2021-07-25,17.0,21.0,24.0,25.0,26.0,28.0,30.0,32.0,34.0,35.0,37.0,41.0,48.0,inferred
High Peak,2021-07-26,23.0,28.0,31.0,32.0,34.0,36.0,38.0,40.0,42.0,44.0,45.0,49.0,56.5,inferred
High Peak,2021-07-27,21.0,26.0,29.0,30.0,31.0,33.0,35.0,38.0,40.0,41.0,42.0,47.0,53.5,inferred
High Peak,2021-07-28,21.0,25.0,29.0,30.0,31.0,34.0,36.0,38.0,40.0,41.0,43.0,47.0,53.0,inferred
High Peak,2021-07-29,21.0,25.0,29.0,30.0,31.0,33.0,35.0,37.0,39.0,41.0,43.0,46.1,52.0,inferred
High Peak,2021-07-30,18.0,23.0,26.0,27.0,28.0,30.0,32.0,34.0,36.0,38.0,39.0,43.0,49.0,inferred
High Peak,2021-07-31,16.0,19.0,22.0,23.0,24.0,26.0,28.0,30.0,32.0,33.0,34.0,38.0,43.0,inferred
High Peak,2021-08-01,17.0,21.0,23.0,24.0,25.7,27.0,29.0,31.0,33.0,34.0,36.0,39.0,43.5,inferred
High Peak,2021-08-02,25.0,30.0,33.0,34.0,36.0,38.0,40.0,43.0,45.0,47.0,48.0,52.0,59.5,inferred
High Peak,2021-08-03,23.0,28.0,31.0,32.0,34.0,36.0,38.0,41.0,43.0,45.0,46.0,50.0,57.0,inferred
High Peak,2021-08-04,23.0,29.0,32.0,33.0,34.0,36.6,39.0,41.0,44.0,45.0,47.0,51.0,57.0,inferred
High Peak,2021-08-05,23.5,28.0,31.0,32.0,34.0,36.0,38.0,40.0,43.0,44.0,46.0,50.0,58.0,inferred
High Peak,2021-08-06,20.0,25.0,28.0,29.0,31.0,33.0,35.0,37.0,39.0,40.0,42.0,46.0,52.0,inferred
High Peak,2021-08-07,17.0,21.0,24.0,25.0,26.0,28.0,30.0,32.0,34.0,35.0,36.0,40.0,46.0,inferred
High Peak,2021-08-08,18.0,23.0,25.8,27.0,28.0,30.0,32.0,34.0,36.0,38.0,39.0,43.0,49.0,inferred
High Peak,2021-08-09,27.0,33.0,36.0,37.0,39.0,41.0,44.0,46.0,49.0,50.0,52.0,56.0,63.5,inferred
High Peak,2021-08-10,25.0,31.0,35.0,36.0,38.0,40.0,42.0,44.0,47.0,48.0,50.0,54.0,63.0,inferred
High Peak,2021-08-11,27.0,32.0,36.0,37.0,38.0,41.0,43.0,45.0,48.0,49.0,51.0,56.0,62.0,inferred
High Peak,2021-08-12,27.0,32.0,35.0,37.0,38.0,40.0,42.0,45.0,47.0,48.0,50.0,54.1,61.0,inferred
High Peak,2021-08-13,24.0,28.0,31.0,33.0,34.0,36.0,38.0,41.0,43.0,45.0,47.0,51.0,57.0,inferred
High Peak,2021-08-14,19.0,24.0,27.0,28.0,29.0,32.0,34.0,36.0,38.0,39.0,41.0,44.0,51.0,inferred
High Peak,2021-08-15,22.0,27.0,30.0,31.0,32.0,34.0,37.0,39.0,41.0,42.0,44.0,48.0,54.0,inferred
High Peak,2021-08-16,33.0,39.0,42.0,44.0,45.0,48.0,50.0,53.0,56.0,58.0,59.0,64.0,72.0,inferred
High Peak,2021-08-17,31.0,37.0,41.0,42.0,43.0,46.0,49.0,51.0,54.0,55.0,57.0,62.0,70.0,inferred
High Peak,2021-08-18,31.0,37.9,42.0,43.0,44.0,47.0,50.0,52.0,55.0,56.0,58.0,63.0,70.0,inferred
High Peak,2021-08-19,31.0,37.0,41.0,42.0,44.0,46.0,49.0,51.0,54.0,55.0,57.0,62.0,70.0,inferred
High Peak,2021-08-20,28.0,33.0,37.0,39.0,40.0,42.0,45.0,47.0,50.0,51.0,52.0,57.0,65.0,inferred
High Peak,2021-08-21,24.0,28.0,31.0,33.0,34.0,36.0,39.0,41.0,44.0,45.0,47.0,51.0,57.0,inferred
High Peak,2021-08-22,27.0,31.0,35.0,36.0,37.0,40.0,42.0,44.0,47.0,48.0,50.0,54.0,61.0,inferred
High Peak,2021-08-23,39.0,45.0,49.0,51.0,52.0,55.0,57.0,60.0,63.0,65.0,67.0,73.0,81.5,inferred
High Peak,2021-08-24,37.0,43.0,47.0,49.0,50.7,53.0,56.0,58.0,61.0,62.2,64.0,70.0,78.0,inferred
High Peak,2021-08-25,39.0,45.0,49.0,51.0,52.0,55.0,57.0,60.0,63.0,65.0,67.0,72.1,80.0,inferred
High Peak,2021-08-26,39.0,45.0,49.0,50.0,52.0,55.0,57.0,60.0,63.0,65.0,66.0,70.0,80.0,inferred
High Peak,2021-08-27,36.0,41.0,45.0,47.0,49.0,51.0,53.5,56.0,59.0,61.0,62.2,67.0,74.5,inferred
High Peak,2021-08-28,30.0,35.9,39.0,41.0,42.0,44.0,47.0,49.0,52.0,53.0,55.0,60.0,66.0,inferred
High Peak,2021-08-29,33.0,40.0,43.0,45.0,46.0,48.0,51.0,54.0,57.0,58.0,60.0,66.0,74.0,inferred
High Peak,2021-08-30,48.0,56.0,61.0,63.0,65.0,68.0,71.0,74.0,78.0,80.0,83.0,88.0,96.5,inferred
High Peak,2021-08-31,48.0,55.0,60.0,62.0,64.0,66.0,69.0,72.0,75.0,77.0,79.0,84.0,94.5,inferred
High Peak,2021-09-01,49.0,55.9,60.0,62.0,63.0,66.0,69.0,72.0,75.0,77.0,79.0,84.0,95.0,inferred
High Peak,2021-09-02,46.0,53.0,58.0,59.0,61.0,65.0,67.0,70.0,73.0,75.0,76.0,82.0,92.0,inferred
High Peak,2021-09-03,40.0,46.0,51.0,53.0,54.0,57.0,60.0,63.0,65.0,67.0,69.0,73.0,81.0,inferred
High Peak,2021-09-04,32.0,39.0,42.0,44.0,45.0,48.0,50.0,53.0,56.0,57.0,59.0,63.0,71.0,inferred
High Peak,2021-09-05,34.0,40.0,44.0,46.0,47.0,50.0,52.0,55.0,58.0,59.0,61.0,66.0,73.0,inferred
High Peak,2021-09-06,47.5,55.0,60.0,62.0,64.0,67.0,70.0,73.0,76.0,77.2,79.0,84.0,93.0,inferred
High Peak,2021-09-07,43.0,51.0,56.0,57.0,58.0,61.0,64.0,67.0,70.0,72.0,74.0,79.0,87.0,inferred
High Peak,2021-09-08,42.0,49.0,53.0,55.0,56.0,59.0,61.0,64.0,67.0,69.0,70.0,76.0,85.0,inferred
High Peak,2021-09-09,39.0,45.0,49.0,50.0,51.0,54.0,57.0,59.0,62.0,64.0,66.0,70.0,78.0,inferred
High Peak,2021-09-10,31.0,38.0,41.0,43.0,44.0,46.0,48.0,51.0,54.0,55.0,57.0,62.0,69.0,inferred
High Peak,2021-09-11,25.0,30.0,33.0,34.0,35.0,38.0,40.0,43.0,45.0,46.0,48.0,52.0,60.0,inferred
High Peak,2021-09-12,26.0,31.0,34.0,36.0,37.0,39.0,41.0,43.0,46.0,47.0,49.0,53.0,59.0,inferred
High Peak,2021-09-13,37.0,42.0,46.0,47.0,49.0,52.0,55.0,57.0,60.0,61.0,63.0,68.0,77.0,inferred
High Peak,2021-09-14,34.0,40.0,44.0,46.0,47.0,50.0,52.0,54.4,57.0,59.0,61.0,65.0,73.0,inferred
High Peak,2021-09-15,37.0,43.0,47.0,49.0,50.0,53.0,56.0,58.0,61.0,62.0,64.0,68.0,77.5,inferred
High Peak,2021-09-16,37.5,44.0,48.0,49.0,51.0,54.0,56.0,59.0,62.0,63.0,65.0,71.0,79.0,inferred
High Peak,2021-09-17,36.0,41.0,45.0,47.0,48.0,51.0,54.0,56.0,59.0,61.0,63.0,68.0,75.0,inferred
High Peak,2021-09-18,31.0,37.0,41.0,43.0,44.0,46.0,48.0,51.0,53.3,55.0,57.0,61.0,69.0,inferred
High Peak,2021-09-19,37.0,42.0,46.0,48.0,49.0,52.0,54.0,57.0,59.0,61.0,63.0,67.1,74.0,inferred
High Peak,2021-09-20,54.0,62.0,67.0,69.0,70.0,74.0,76.0,80.0,83.3,86.0,88.0,94.0,102.5,inferred
High Peak,2021-09-21,53.0,60.0,64.0,66.0,68.0,71.0,74.0,77.0,80.3,83.0,85.0,90.0,101.5,inferred
High Peak,2021-09-22,54.0,60.9,65.0,67.0,69.0,72.0,75.0,78.0,82.0,84.0,86.0,92.0,101.5,inferred
High Peak,2021-09-23,52.0,59.0,63.0,65.0,66.0,70.0,73.0,75.0,79.0,81.0,83.0,89.0,96.0,inferred
High Peak,2021-09-24,45.0,52.0,56.0,58.0,60.0,63.0,65.0,68.0,72.0,73.0,75.0,80.0,89.0,inferred
High Peak,2021-09-25,37.0,44.0,48.0,50.0,51.0,54.0,57.0,59.0,62.0,63.0,65.0,71.0,78.5,inferred
High Peak,2021-09-26,41.0,48.0,52.0,54.0,55.0,59.0,62.0,64.0,67.0,69.0,70.0,75.0,84.0,inferred
High Peak,2021-09-27,61.0,68.0,72.0,74.0,76.0,79.0,82.0,86.0,89.0,91.2,94.0,100.0,109.0,inferred
High Peak,2021-09-28,56.0,63.0,69.0,71.0,73.0,76.0,79.0,82.0,86.0,88.0,90.0,96.0,106.0,inferred
High Peak,2021-09-29,57.0,65.0,70.0,72.0,74.0,77.0,80.0,83.0,87.0,88.0,91.0,97.0,105.0,inferred
High Peak,2021-09-30,57.5,64.0,69.0,71.0,72.0,75.0,78.0,81.0,85.0,86.2,88.0,94.0,105.0,inferred
High Peak,2021-10-01,49.0,57.0,61.0,63.0,65.0,68.0,71.0,74.0,77.3,79.0,81.0,87.0,95.5,inferred
High Peak,2021-10-02,44.0,49.0,53.0,55.0,56.0,58.0,61.0,64.0,67.0,68.0,70.0,75.0,83.0,inferred
High Peak,2021-10-03,46.0,52.0,57.0,59.0,60.0,63.0,66.0,69.0,72.0,74.0,76.0,81.0,88.5,inferred
High Peak,2021-10-04,66.0,74.0,79.0,82.0,84.0,87.0,91.0,94.0,98.0,100.0,102.0,108.0,117.0,inferred
High Peak,2021-10-05,63.0,71.0,76.0,78.0,80.7,84.0,87.0,90.0,94.0,96.0,98.0,104.0,114.0,inferred
High Peak,2021-10-06,63.0,72.0,77.0,80.0,81.0,85.0,88.0,91.0,95.0,97.0,99.0,105.0,114.5,inferred
High Peak,2021-10-07,62.5,71.0,76.0,78.0,79.0,83.0,87.0,90.0,94.0,96.0,98.0,104.0,114.5,inferred
High Peak,2021-10-08,57.0,64.0,69.0,71.0,72.0,75.0,78.0,82.0,85.0,87.0,89.0,95.0,104.0,inferred
High Peak,2021-10-09,48.0,55.0,60.0,62.0,63.0,66.0,69.0,72.0,75.0,77.0,78.0,84.0,94.5,inferred
High Peak,2021-10-10,52.0,59.9,64.0,66.0,68.0,71.0,74.0,77.0,80.0,82.0,85.0,90.0,99.0,inferred
High Peak,2021-10-11,77.0,84.0,91.0,93.0,95.0,99.0,102.0,106.0,110.0,112.0,114.0,122.0,133.5,inferred
High Peak,2021-10-12,73.0,80.0,86.0,88.0,90.0,94.0,98.0,102.0,105.0,108.0,111.0,117.0,128.0,inferred
High Peak,2021-10-13,71.0,79.0,86.0,88.0,89.0,93.0,97.0,100.4,104.0,106.2,108.2,116.0,126.0,inferred
High Peak,2021-10-14,66.0,76.0,81.0,83.0,85.0,89.0,92.0,96.0,99.0,102.0,104.0,111.0,123.0,inferred
High Peak,2021-10-15,56.0,65.0,71.0,72.0,74.7,78.0,81.0,85.0,89.0,91.0,93.0,100.0,110.0,inferred
Highland,2021-07-03,40.0,62.0,78.0,85.0,91.0,101.0,114.0,127.0,142.0,150.0,159.0,189.0,239.5,inferred
Highland,2021-07-04,37.0,55.0,73.0,79.0,84.0,95.0,106.0,118.0,132.3,141.2,151.0,178.0,231.5,inferred
Highland,2021-07-05,29.0,46.0,59.0,65.0,70.0,80.0,90.0,102.0,115.0,122.2,131.0,155.1,200.5,inferred
Highland,2021-07-06,34.0,51.0,65.0,70.0,74.7,85.0,95.0,108.0,121.0,127.0,138.2,162.0,204.0,inferred
Highland,2021-07-07,41.0,58.0,73.0,79.0,86.0,98.0,111.0,122.0,137.3,146.0,156.0,184.0,230.0,inferred
Highland,2021-07-08,28.0,43.0,57.0,63.0,69.0,79.0,89.0,100.0,112.0,121.0,133.0,158.0,205.5,inferred
Highland,2021-07-09,31.5,46.9,61.0,66.0,70.0,81.0,90.0,102.0,118.0,126.0,135.2,163.0,208.0,inferred
Highland,2021-07-10,39.0,58.0,72.0,78.0,83.0,95.0,107.0,121.0,133.0,142.0,152.0,181.0,221.0,inferred
Highland,2021-07-11,32.5,50.0,65.0,72.0,76.0,87.0,99.5,111.0,126.0,133.0,143.0,170.0,222.0,inferred
Highland,2021-07-12,21.0,36.0,50.0,55.8,61.0,72.0,83.0,95.0,107.0,115.0,123.0,152.0,197.0,inferred
Highland,2021-07-13,24.0,40.0,53.0,60.0,64.0,75.0,86.0,98.0,111.0,120.0,130.0,158.0,206.0,inferred
Highland,2021-07-14,30.0,50.0,64.0,70.0,75.0,87.0,98.0,110.4,124.0,131.2,141.2,171.0,220.0,inferred
Highland,2021-07-15,20.0,34.0,46.0,51.0,57.0,66.0,75.5,87.0,100.0,109.0,119.0,148.0,198.0,inferred
Highland,2021-07-16,22.5,37.0,48.0,53.0,59.0,69.0,79.0,90.0,105.0,111.0,120.2,144.0,192.0,inferred
Highland,2021-07-17,25.5,41.0,56.0,61.0,66.0,78.0,88.0,101.0,114.0,123.0,131.0,159.0,199.0,inferred
Highland,2021-07-18,23.0,37.0,49.0,54.0,58.0,68.0,78.0,91.0,104.0,114.0,123.0,149.0,201.5,inferred
Highland,2021-07-19,14.0,26.0,37.0,42.0,47.0,57.0,67.0,77.0,89.0,96.0,103.0,127.0,178.0,inferred
Highland,2021-07-20,15.0,28.0,38.0,43.0,48.0,57.0,66.0,76.0,88.0,96.0,104.0,129.1,171.0,inferred
Highland,2021-07-21,19.0,32.0,44.0,49.0,54.0,63.0,72.0,81.4,93.0,101.0,112.0,134.0,173.5,inferred
Highland,2021-07-22,12.0,24.0,32.0,36.0,40.0,48.0,59.0,68.0,79.0,85.0,92.0,114.0,146.5,inferred
Highland,2021-07-23,11.5,22.0,31.0,35.0,39.0,46.0,53.0,62.0,74.0,81.0,87.2,109.0,149.5,inferred
Highland,2021-07-24,13.0,23.0,35.0,38.8,43.0,51.0,60.0,70.0,81.0,89.0,97.0,122.0,168.0,inferred
Highland,2021-07-25,10.0,20.0,29.0,33.0,36.0,44.0,52.0,60.0,71.0,78.0,84.0,107.0,149.0,inferred
Highland,2021-07-26,6.0,14.0,21.0,25.0,27.7,34.0,40.5,48.0,58.0,65.0,73.0,91.0,124.5,inferred
Highland,2021-07-27,6.0,15.0,23.0,26.0,30.0,37.0,44.0,53.0,62.0,69.0,77.0,97.0,131.0,inferred
Highland,2021-07-28,10.0,17.0,26.0,30.0,34.0,40.0,48.0,57.0,68.0,74.0,81.0,102.1,140.0,inferred
Highland,2021-07-29,6.0,12.0,20.0,24.0,27.0,34.0,40.0,48.0,58.0,63.0,70.0,92.0,129.0,inferred
Highland,2021-07-30,5.0,14.0,21.0,24.0,27.0,34.0,41.0,49.0,59.0,65.0,71.2,89.1,134.0,inferred
Highland,2021-07-31,9.0,18.0,27.0,31.0,34.0,41.0,48.0,56.0,66.0,74.0,80.0,101.0,140.5,inferred
Highland,2021-08-01,8.0,15.9,24.0,27.0,31.0,38.0,46.0,54.0,64.0,69.2,76.0,95.1,131.0,inferred
Highland,2021-08-02,4.0,11.0,17.0,20.0,24.0,30.0,36.0,43.0,52.0,58.0,65.0,83.1,114.5,inferred
Highland,2021-08-03,5.0,13.0,20.0,24.0,27.0,34.0,41.0,49.0,59.0,65.0,73.0,92.1,131.5,inferred
Highland,2021-08-04,9.0,19.0,28.0,32.0,36.0,43.0,51.0,60.0,70.0,75.2,85.0,107.0,152.5,inferred
Highland,2021-08-05,7.0,15.0,23.8,27.0,30.0,36.0,43.5,52.0,62.3,69.0,76.0,93.0,136.0,inferred
Highland,2021-08-06,8.0,18.0,25.8,30.0,33.0,41.6,48.0,58.0,68.3,74.0,82.0,104.0,137.0,inferred
Highland,2021-08-07,14.0,25.0,36.0,41.0,45.0,53.6,63.0,72.0,83.0,89.0,98.0,119.0,155.0,inferred
Highland,2021-08-08,12.0,25.0,34.0,39.0,43.0,52.6,62.0,73.0,84.0,92.0,100.0,121.1,168.0,inferred
Highland,2021-08-09,10.0,20.0,29.0,32.0,37.0,44.0,53.0,62.0,72.0,78.0,87.0,106.0,146.0,inferred
Highland,2021-08-10,13.0,24.0,34.0,39.0,44.0,53.0,62.0,73.0,86.3,94.2,103.0,126.0,162.0,inferred
Highland,2021-08-11,18.0,35.0,47.0,52.0,57.0,68.0,78.5,89.0,104.0,112.0,120.2,145.0,192.0,inferred
Highland,2021-08-12,16.0,30.0,39.0,45.0,50.0,60.0,69.0,80.0,90.0,96.0,105.0,128.0,173.0,inferred
Highland,2021-08-13,21.0,35.0,47.0,52.0,56.0,67.0,77.0,87.0,101.0,109.0,118.2,145.0,185.5,inferred
Highland,2021-08-14,29.0,49.0,63.0,68.0,74.0,84.0,94.0,105.0,118.0,127.0,139.0,168.0,214.5,inferred
Highland,2021-08-15,32.0,48.0,62.0,68.0,74.0,86.0,97.0,109.0,122.0,130.0,140.0,168.0,211.0,inferred
Highland,2021-08-16,28.0,42.0,56.0,60.0,65.0,77.0,89.0,101.0,114.0,122.0,131.0,158.1,198.5,inferred
Highland,2021-08-17,32.0,49.0,67.0,73.0,78.0,90.0,102.0,116.0,131.0,140.0,150.2,177.0,229.0,inferred
Highland,2021-08-18,51.0,76.0,92.0,99.0,105.0,118.0,132.0,145.0,163.0,174.0,186.0,223.0,272.5,inferred
Highland,2021-08-19,44.5,64.0,82.8,88.0,95.0,106.0,119.0,132.4,148.0,158.0,167.2,201.0,252.0,inferred
Highland,2021-08-20,53.0,80.0,97.0,105.0,112.0,126.0,138.0,154.0,171.3,182.0,194.0,222.0,274.0,inferred
Highland,2021-08-21,78.5,109.9,131.0,141.0,149.0,164.0,179.0,196.0,216.0,227.0,239.0,268.0,323.5,inferred
Highland,2021-08-22,81.0,114.0,135.0,144.0,156.0,172.0,188.0,205.0,224.0,235.0,245.0,284.2,346.5,inferred
Highland,2021-08-23,72.0,103.0,124.0,132.0,139.0,155.0,172.0,190.0,210.0,222.0,235.0,272.0,330.5,inferred
Highland,2021-08-24,91.0,119.0,147.0,157.0,165.7,183.0,198.0,216.0,235.0,247.0,259.0,299.1,368.0,inferred
Highland,2021-08-25,120.0,157.9,184.0,194.0,205.0,223.0,240.5,258.4,279.0,291.2,307.0,347.0,415.6,inferred
Highland,2021-08-26,106.0,135.0,159.8,171.0,180.0,199.0,215.0,234.0,253.0,263.0,276.0,311.0,384.0,inferred
Highland,2021-08-27,120.0,154.9,178.0,190.0,199.0,218.0,235.0,253.0,276.0,288.0,301.0,343.0,402.0,inferred
Highland,2021-08-28,150.0,197.0,226.0,237.0,249.0,270.0,292.0,313.4,335.0,348.0,365.0,405.1,481.5,inferred
Highland,2021-08-29,158.0,193.0,220.0,234.0,245.0,266.0,287.0,309.0,333.0,347.0,363.0,404.1,471.0,inferred
Highland,2021-08-30,133.0,166.0,192.0,206.0,215.0,234.0,254.0,274.0,298.0,310.0,327.0,368.1,451.0,inferred
Highland,2021-08-31,144.5,192.0,224.0,236.0,246.0,267.0,286.0,308.0,333.0,349.0,365.2,410.1,478.6,inferred
Highland,2021-09-01,177.0,224.0,257.0,268.0,280.0,303.0,324.5,348.0,372.0,387.0,402.0,448.2,522.5,inferred
Highland,2021-09-02,138.0,178.0,210.0,222.8,235.0,258.0,278.0,299.0,321.0,331.0,347.0,388.0,463.5,inferred
Highland,2021-09-03,146.5,186.0,216.8,227.8,237.0,262.0,282.0,304.0,329.0,343.0,360.0,402.0,473.0,inferred
Highland,2021-09-04,183.0,222.9,255.0,268.0,280.0,303.0,323.0,345.0,369.0,380.2,396.0,436.0,518.5,inferred
Highland,2021-09-05,165.0,204.0,232.0,245.0,256.0,277.0,297.0,318.0,339.3,352.0,366.0,414.0,486.5,inferred
Highland,2021-09-06,130.0,163.0,191.0,205.0,216.0,236.0,257.0,279.0,302.0,315.0,329.0,367.0,439.0,inferred
Highland,2021-09-07,134.5,171.0,198.8,209.0,220.0,239.0,259.0,278.0,299.0,311.0,327.0,367.0,443.5,inferred
Highland,2021-09-08,130.9,184.0,213.0,222.0,233.7,251.0,272.0,295.0,318.0,332.2,347.0,390.0,472.0,inferred
Highland,2021-09-09,98.0,132.0,154.0,164.0,173.0,191.0,206.0,224.0,244.0,256.2,270.0,307.0,380.5,inferred
Highland,2021-09-10,90.5,120.0,142.0,150.0,158.7,174.6,191.0,208.0,225.0,235.0,251.0,285.1,346.5,inferred
Highland,2021-09-11,91.5,128.0,150.0,160.0,169.0,186.0,203.0,219.0,241.0,251.0,263.2,299.0,360.5,inferred
Highland,2021-09-12,72.5,100.0,123.0,131.0,141.0,153.0,170.0,187.0,205.0,217.0,230.0,261.1,320.6,inferred
Highland,2021-09-13,47.5,73.0,92.0,99.0,106.0,118.0,130.5,147.0,166.0,172.0,182.0,208.0,258.0,inferred
Highland,2021-09-14,49.5,67.0,86.0,94.0,101.0,114.0,126.0,139.0,155.0,165.2,175.2,206.0,263.5,inferred
Highland,2021-09-15,47.5,75.0,95.0,103.0,109.0,123.0,136.0,152.0,168.0,179.0,191.0,224.0,282.0,inferred
Highland,2021-09-16,36.0,56.0,73.0,78.0,85.0,96.0,109.0,121.0,135.0,144.0,154.2,186.0,236.0,inferred
Highland,2021-09-17,39.0,57.0,70.0,78.0,83.0,95.0,105.0,118.0,134.0,143.2,155.2,182.0,231.0,inferred
Highland,2021-09-18,45.0,63.0,78.0,83.0,89.0,102.0,115.0,129.0,144.0,155.0,165.0,196.1,243.0,inferred
Highland,2021-09-19,33.0,52.0,68.0,73.0,79.0,90.0,103.0,115.0,130.0,139.2,149.2,175.0,236.5,inferred
Highland,2021-09-20,22.5,38.0,52.0,57.0,62.0,73.0,84.0,95.0,109.0,117.0,125.0,149.0,195.5,inferred
Highland,2021-09-21,25.5,41.0,55.0,61.0,65.0,76.0,87.0,97.0,110.0,118.0,125.0,150.0,198.0,inferred
Highland,2021-09-22,30.0,48.0,63.8,69.0,75.0,88.0,99.0,111.0,126.0,136.0,146.0,170.0,217.5,inferred
Highland,2021-09-23,22.0,38.0,50.0,55.0,60.0,69.6,80.0,92.0,102.0,110.0,118.0,146.0,196.0,inferred
Highland,2021-09-24,25.5,41.9,53.0,59.0,64.7,75.0,86.0,98.0,111.0,117.0,125.0,153.0,198.0,inferred
Highland,2021-09-25,32.0,50.0,65.0,72.0,77.0,89.0,101.0,113.0,125.0,134.0,145.0,173.1,231.0,inferred
Highland,2021-09-26,27.0,46.0,60.0,67.0,73.0,85.0,96.0,108.0,122.0,131.0,142.0,168.1,217.0,inferred
Highland,2021-09-27,20.5,37.0,49.8,54.0,59.7,69.0,80.5,92.0,104.0,112.0,120.0,146.1,198.5,inferred
Highland,2021-09-28,24.0,40.0,53.0,58.0,64.0,75.0,86.0,100.0,112.0,120.0,129.0,156.0,201.0,inferred
Highland,2021-09-29,31.0,49.0,64.0,70.0,76.0,88.0,100.0,112.0,126.0,135.2,143.0,172.1,224.5,inferred
Highland,2021-09-30,24.0,39.0,52.0,57.0,62.0,72.0,82.5,94.0,107.3,115.0,123.2,148.0,194.0,inferred
Highland,2021-10-01,29.0,44.0,56.0,60.0,65.0,75.0,84.0,96.0,110.3,119.0,128.2,155.0,201.5,inferred
Highland,2021-10-02,34.0,52.0,68.0,75.0,80.0,92.0,104.0,117.0,130.0,137.0,148.0,172.0,231.0,inferred
Highland,2021-10-03,31.0,49.0,62.0,70.0,74.7,86.0,98.0,109.0,122.0,131.0,141.0,166.1,215.5,inferred
Highland,2021-10-04,23.0,38.0,49.8,55.8,61.0,70.0,80.0,90.0,104.0,112.0,122.0,149.0,196.5,inferred
Highland,2021-10-05,26.0,41.0,57.0,62.0,67.0,77.6,88.0,100.0,114.0,123.0,132.0,158.0,208.5,inferred
Highland,2021-10-06,34.5,51.0,67.0,74.0,81.0,91.0,102.0,113.0,129.0,140.0,151.0,179.0,231.0,inferred
Highland,2021-10-07,23.5,41.0,55.0,61.0,67.0,76.0,88.0,99.0,114.0,122.0,131.0,157.0,201.0,inferred
Highland,2021-10-08,28.5,46.0,59.0,65.8,72.0,83.0,94.0,106.4,121.0,130.0,139.2,168.0,210.5,inferred
Highland,2021-10-09,38.0,59.0,73.0,80.0,86.7,100.0,112.0,124.0,138.0,146.2,157.0,187.0,242.5,inferred
Highland,2021-10-10,33.0,53.0,68.0,74.0,81.0,92.0,103.0,114.0,128.0,136.0,147.0,179.1,222.5,inferred
Highland,2021-10-11,26.0,43.0,55.0,60.8,65.7,76.0,88.0,99.0,112.0,119.0,129.0,157.0,213.0,inferred
Highland,2021-10-12,29.0,50.0,63.0,69.0,75.0,87.0,97.0,110.0,126.3,135.0,148.0,171.1,235.5,inferred
Highland,2021-10-13,42.5,61.0,78.0,85.0,92.0,105.0,119.0,136.0,152.0,161.0,173.0,202.1,257.0,inferred
Highland,2021-10-14,30.0,49.9,64.0,71.0,78.0,90.0,103.0,115.0,131.0,138.0,147.0,177.0,227.5,inferred
Highland,2021-10-15,33.5,53.0,71.0,78.0,84.0,97.0,111.0,122.4,140.0,151.2,164.0,198.0,249.0,inferred
Hillingdon,2021-07-03,54.0,62.0,68.0,70.0,72.0,76.0,80.5,84.0,88.3,91.0,94.0,101.0,114.0,inferred
Hillingdon,2021-07-04,57.0,66.0,73.0,75.0,77.0,82.0,86.0,89.0,94.0,97.0,99.0,107.1,118.0,inferred
Hillingdon,2021-07-05,92.0,102.0,108.0,111.0,114.0,118.0,123.0,128.0,134.0,136.0,140.0,147.1,161.0,inferred
Hillingdon,2021-07-06,94.0,103.0,110.0,113.0,116.0,121.0,125.0,129.4,134.0,137.0,140.0,148.0,161.5,inferred
Hillingdon,2021-07-07,101.0,112.9,120.0,123.0,126.0,130.6,135.0,139.0,144.0,147.0,151.0,159.0,177.5,inferred
Hillingdon,2021-07-08,105.0,115.9,123.0,126.0,128.7,134.0,139.0,143.0,149.0,152.0,155.0,163.0,180.0,inferred
Hillingdon,2021-07-09,102.0,114.0,122.0,124.0,127.0,132.0,137.0,141.0,147.0,151.0,154.0,163.0,176.0,inferred
Hillingdon,2021-07-10,90.5,102.0,109.0,112.0,115.7,120.0,124.5,129.0,135.0,137.0,140.0,148.0,163.0,inferred
Hillingdon,2021-07-11,99.5,111.0,119.0,122.0,125.0,130.0,134.0,139.0,144.0,147.0,150.0,159.0,174.0,inferred
Hillingdon,2021-07-12,152.0,166.0,175.0,179.0,183.0,190.0,196.0,202.0,208.3,213.0,217.0,228.0,248.0,inferred
Hillingdon,2021-07-13,150.0,166.0,176.0,180.0,183.0,189.0,194.0,200.0,208.0,211.0,215.0,226.0,244.5,inferred
Hillingdon,2021-07-14,153.0,169.9,178.0,182.0,186.0,192.0,198.0,204.0,210.0,214.0,218.0,230.0,248.0,inferred
Hillingdon,2021-07-15,147.0,162.9,172.0,175.0,179.0,184.0,190.0,195.0,202.3,206.0,210.0,220.0,239.5,inferred
Hillingdon,2021-07-16,132.0,147.0,155.0,158.0,161.7,168.0,174.0,180.0,186.0,188.0,192.0,202.0,217.0,inferred
Hillingdon,2021-07-17,106.5,120.0,129.0,132.0,135.0,141.0,145.0,150.0,156.0,159.0,162.0,172.0,187.5,inferred
Hillingdon,2021-07-18,106.5,119.0,128.0,131.0,134.7,140.0,145.0,150.0,155.0,158.0,161.0,171.0,188.0,inferred
Hillingdon,2021-07-19,153.0,168.0,178.0,181.0,184.0,190.0,196.0,203.0,209.0,213.0,217.0,228.0,247.0,inferred
Hillingdon,2021-07-20,141.0,153.0,162.8,166.0,169.0,174.0,180.0,187.0,193.0,196.0,200.0,209.1,230.5,inferred
Hillingdon,2021-07-21,132.0,144.9,153.0,157.0,161.0,166.0,171.0,177.0,183.0,186.0,190.0,202.0,220.0,inferred
Hillingdon,2021-07-22,116.5,129.0,137.0,140.0,143.0,148.6,154.0,159.0,164.0,166.0,171.0,182.0,199.0,inferred
Hillingdon,2021-07-23,95.0,107.0,115.0,118.0,120.0,126.0,131.0,136.0,141.0,143.0,147.0,156.0,170.0,inferred
Hillingdon,2021-07-24,74.0,83.0,90.0,93.0,95.0,99.0,103.0,108.0,112.0,115.0,117.2,126.0,137.0,inferred
Hillingdon,2021-07-25,68.5,78.0,84.0,86.0,89.0,93.0,97.0,101.0,105.3,108.2,111.0,119.0,129.5,inferred
Hillingdon,2021-07-26,91.0,101.0,108.0,111.0,113.0,120.0,124.0,129.0,134.0,137.0,140.0,150.0,162.0,inferred
Hillingdon,2021-07-27,84.0,94.0,101.8,104.0,107.0,111.0,115.0,119.0,124.0,127.0,130.2,139.1,155.0,inferred
Hillingdon,2021-07-28,84.5,94.0,101.0,104.0,107.0,111.0,116.0,120.0,125.0,128.0,131.0,139.0,152.0,inferred
Hillingdon,2021-07-29,82.0,92.0,99.0,102.0,105.0,109.0,113.0,118.0,123.0,125.0,129.0,138.0,150.0,inferred
Hillingdon,2021-07-30,74.0,85.0,91.0,94.0,97.0,101.0,104.0,108.0,114.0,117.0,120.0,127.0,140.0,inferred
Hillingdon,2021-07-31,62.0,70.0,76.0,79.0,81.0,86.0,90.0,94.0,98.0,101.0,104.0,111.0,122.5,inferred
Hillingdon,2021-08-01,62.0,71.0,77.0,80.0,82.0,87.0,91.0,94.0,98.0,101.0,104.0,111.0,123.0,inferred
Hillingdon,2021-08-02,90.0,101.0,108.0,111.0,114.0,119.0,124.0,129.0,134.0,137.0,141.0,149.0,162.5,inferred
Hillingdon,2021-08-03,86.0,97.0,104.0,107.0,110.0,115.0,120.0,125.0,131.0,134.0,137.0,145.0,157.0,inferred
Hillingdon,2021-08-04,87.0,99.0,107.0,110.0,113.0,117.0,121.0,126.0,132.0,134.0,138.0,147.0,160.0,inferred
Hillingdon,2021-08-05,87.0,97.0,104.0,107.0,108.7,113.0,118.0,123.0,127.0,130.0,133.0,142.0,158.0,inferred
Hillingdon,2021-08-06,79.0,88.0,95.0,98.0,100.0,105.0,110.0,114.0,118.0,122.0,125.0,133.0,147.0,inferred
Hillingdon,2021-08-07,67.0,76.0,81.8,84.0,86.0,90.0,94.0,97.4,102.0,104.0,107.0,114.0,126.0,inferred
Hillingdon,2021-08-08,65.0,74.0,80.8,84.0,86.0,90.0,94.0,98.4,103.0,106.0,109.0,116.0,128.0,inferred
Hillingdon,2021-08-09,96.0,106.0,114.0,117.0,120.0,125.0,130.0,135.0,140.0,143.0,146.0,155.0,168.0,inferred
Hillingdon,2021-08-10,92.5,104.0,110.0,114.0,117.0,121.0,126.0,131.0,136.0,139.0,142.0,151.0,165.0,inferred
Hillingdon,2021-08-11,95.0,106.0,113.0,116.0,119.0,123.0,129.0,133.0,139.0,141.0,145.0,155.1,169.0,inferred
Hillingdon,2021-08-12,91.0,102.0,110.0,114.0,116.0,121.0,125.0,129.0,135.0,139.0,142.0,151.0,164.0,inferred
Hillingdon,2021-08-13,82.0,94.0,101.0,104.0,106.0,111.0,115.0,119.0,123.0,126.0,130.0,138.0,154.0,inferred
Hillingdon,2021-08-14,70.0,80.0,86.0,88.0,90.0,95.0,99.0,103.0,107.0,109.0,112.2,120.0,134.0,inferred
Hillingdon,2021-08-15,70.0,79.9,86.8,89.0,91.0,95.0,99.0,104.0,108.0,111.0,114.0,122.0,133.0,inferred
Hillingdon,2021-08-16,100.0,111.0,119.0,122.0,126.0,131.0,135.5,141.0,146.0,149.0,153.0,163.0,178.0,inferred
Hillingdon,2021-08-17,95.5,107.0,115.0,119.0,122.0,128.0,133.0,138.0,143.0,146.0,150.0,158.0,172.0,inferred
Hillingdon,2021-08-18,97.0,108.0,116.0,120.0,122.0,128.0,134.0,138.0,143.0,146.0,149.0,157.1,174.0,inferred
Hillingdon,2021-08-19,96.0,107.0,114.0,117.0,119.7,124.0,129.0,135.0,139.0,142.2,146.0,154.0,169.0,inferred
Hillingdon,2021-08-20,86.0,95.0,103.0,106.0,109.0,113.0,117.0,122.0,127.0,129.0,132.0,140.0,152.0,inferred
Hillingdon,2021-08-21,71.0,81.0,87.0,90.0,92.0,96.0,100.0,104.4,109.0,112.0,114.0,122.0,133.5,inferred
Hillingdon,2021-08-22,72.0,81.0,88.0,91.0,93.0,97.0,101.0,104.0,109.0,112.0,115.0,123.0,135.0,inferred
Hillingdon,2021-08-23,100.0,113.0,121.0,124.0,126.0,132.0,137.0,141.0,147.3,151.2,155.0,163.0,178.5,inferred
Hillingdon,2021-08-24,96.5,109.0,117.0,120.0,123.0,128.0,133.0,137.0,143.0,145.0,149.0,158.0,172.5,inferred
Hillingdon,2021-08-25,100.0,112.0,120.0,123.0,126.0,131.0,136.0,141.0,146.0,149.0,153.0,161.0,176.0,inferred
Hillingdon,2021-08-26,98.5,109.0,118.0,121.0,124.0,129.0,133.0,138.0,143.3,147.0,150.0,159.0,172.0,inferred
Hillingdon,2021-08-27,89.0,101.0,108.0,111.0,113.0,118.0,122.0,127.0,132.0,135.0,138.0,146.0,162.0,inferred
Hillingdon,2021-08-28,75.0,85.0,92.0,94.0,97.0,101.0,106.0,111.0,115.0,118.0,121.0,129.0,140.5,inferred
Hillingdon,2021-08-29,75.0,85.0,93.0,95.0,97.0,102.0,107.0,111.0,115.3,118.0,122.0,129.0,142.0,inferred
Hillingdon,2021-08-30,108.0,120.0,128.8,132.0,135.0,140.0,145.0,151.0,156.0,160.0,163.0,174.0,189.0,inferred
Hillingdon,2021-08-31,104.5,116.0,124.0,128.0,131.0,136.0,142.0,147.0,152.0,154.0,158.0,167.0,182.0,inferred
Hillingdon,2021-09-01,106.0,117.0,126.0,128.8,132.0,137.0,143.0,148.0,153.0,157.0,160.0,170.0,182.0,inferred
Hillingdon,2021-09-02,99.0,110.0,120.0,123.0,125.0,130.6,135.0,140.0,145.0,148.0,152.0,161.0,175.0,inferred
Hillingdon,2021-09-03,86.0,100.0,108.0,111.0,114.0,119.0,124.0,129.0,134.0,136.0,139.0,148.0,160.0,inferred
Hillingdon,2021-09-04,74.0,83.0,90.0,93.0,95.0,99.0,104.0,108.0,113.0,116.0,119.0,128.0,142.0,inferred
Hillingdon,2021-09-05,74.0,84.0,91.0,93.0,95.0,99.0,104.0,108.0,113.0,115.2,119.0,126.0,139.0,inferred
Hillingdon,2021-09-06,103.0,116.0,123.0,126.0,130.0,135.0,140.0,145.0,150.3,154.0,158.0,167.0,183.0,inferred
Hillingdon,2021-09-07,95.0,108.0,115.8,118.0,121.0,126.0,132.0,137.0,143.0,146.0,150.0,159.0,169.5,inferred
Hillingdon,2021-09-08,94.5,105.0,112.0,115.8,118.0,124.0,128.0,133.0,139.0,142.2,145.0,154.0,168.0,inferred
Hillingdon,2021-09-09,85.5,98.0,105.0,108.0,110.0,115.0,120.0,124.0,129.0,133.0,136.0,144.0,157.0,inferred
Hillingdon,2021-09-10,74.0,83.0,90.0,93.0,95.0,100.0,104.0,109.0,113.0,116.0,119.0,127.0,142.5,inferred
Hillingdon,2021-09-11,57.0,67.0,73.0,75.0,78.0,82.0,86.0,90.0,95.0,97.0,100.0,107.0,116.0,inferred
Hillingdon,2021-09-12,56.0,65.0,71.8,74.0,75.7,79.0,83.0,87.0,91.0,94.0,96.0,104.0,115.0,inferred
Hillingdon,2021-09-13,78.0,89.0,96.0,99.0,101.0,105.0,110.0,114.0,120.0,122.0,126.0,135.0,149.5,inferred
Hillingdon,2021-09-14,74.5,84.0,91.0,94.0,96.0,101.0,105.5,110.0,115.0,117.0,120.0,128.0,142.0,inferred
Hillingdon,2021-09-15,77.0,87.0,95.0,98.0,100.0,106.0,110.0,115.0,119.0,122.0,125.0,133.0,147.0,inferred
Hillingdon,2021-09-16,79.0,89.0,95.0,98.0,101.0,105.0,109.0,114.0,119.0,121.0,124.0,133.0,146.0,inferred
Hillingdon,2021-09-17,74.0,84.0,91.0,93.0,96.0,100.0,105.0,109.0,113.0,115.0,118.0,126.0,139.0,inferred
Hillingdon,2021-09-18,63.0,72.0,79.0,81.0,84.0,87.0,91.0,95.0,99.3,102.0,104.0,111.0,123.0,inferred
Hillingdon,2021-09-19,66.0,75.0,81.0,84.0,86.0,90.0,94.0,98.0,103.0,105.0,108.0,116.0,130.5,inferred
Hillingdon,2021-09-20,98.0,108.0,115.0,118.0,122.0,127.0,131.0,137.0,143.0,146.0,149.0,158.0,171.5,inferred
Hillingdon,2021-09-21,92.0,104.0,112.0,114.8,118.0,122.0,126.5,131.0,136.0,139.0,143.0,151.0,167.0,inferred
Hillingdon,2021-09-22,92.0,104.0,112.0,114.0,117.0,122.0,127.0,132.0,137.0,140.0,143.0,152.0,166.0,inferred
Hillingdon,2021-09-23,88.0,99.0,105.8,108.0,111.0,116.0,120.0,126.0,131.0,134.0,137.0,147.0,159.0,inferred
Hillingdon,2021-09-24,79.0,88.0,96.0,99.0,101.0,106.0,110.0,115.0,119.0,122.0,125.0,133.0,144.0,inferred
Hillingdon,2021-09-25,63.0,72.0,79.0,81.0,83.0,87.0,91.0,95.0,99.0,102.0,105.0,112.0,125.0,inferred
Hillingdon,2021-09-26,62.0,72.0,78.0,81.0,83.0,87.0,91.0,95.0,100.0,102.0,105.0,113.0,125.0,inferred
Hillingdon,2021-09-27,89.0,100.9,108.0,111.0,114.0,119.0,123.0,128.0,133.0,136.0,139.0,149.0,162.0,inferred
Hillingdon,2021-09-28,82.5,95.0,103.0,105.0,108.0,112.0,117.0,121.0,127.0,130.0,133.0,143.0,158.0,inferred
Hillingdon,2021-09-29,86.0,96.0,104.0,107.0,109.0,113.0,118.0,123.0,128.0,131.0,135.0,143.1,157.0,inferred
Hillingdon,2021-09-30,82.0,92.0,100.0,103.0,105.0,109.0,114.0,118.0,124.0,126.0,129.0,137.0,152.0,inferred
Hillingdon,2021-10-01,72.0,83.0,90.0,92.0,95.0,99.0,103.0,107.4,112.0,114.0,117.0,126.0,138.0,inferred
Hillingdon,2021-10-02,61.5,70.0,77.0,79.0,81.0,85.0,89.0,93.0,98.0,100.0,102.0,110.0,122.5,inferred
Hillingdon,2021-10-03,62.0,70.0,76.8,79.0,81.0,85.0,89.0,93.0,97.0,100.0,102.2,110.0,121.0,inferred
Hillingdon,2021-10-04,87.0,99.0,106.0,109.0,112.0,116.0,121.0,126.0,131.0,134.0,137.0,146.0,157.0,inferred
Hillingdon,2021-10-05,85.5,96.0,103.0,106.0,108.0,113.0,118.0,122.0,127.0,131.0,134.0,143.1,158.0,inferred
Hillingdon,2021-10-06,89.0,99.0,106.0,109.0,112.0,117.0,122.0,127.0,132.0,135.0,138.0,146.1,161.0,inferred
Hillingdon,2021-10-07,86.5,97.0,106.0,108.0,111.0,116.0,121.0,125.0,130.0,133.0,137.0,145.0,160.0,inferred
Hillingdon,2021-10-08,80.0,92.0,99.0,101.0,104.0,108.0,112.0,117.0,122.0,124.0,128.0,136.0,149.0,inferred
Hillingdon,2021-10-09,70.0,79.0,85.0,87.0,89.0,94.0,97.0,102.0,106.0,109.0,111.0,120.0,133.0,inferred
Hillingdon,2021-10-10,70.0,80.9,87.0,90.0,92.0,97.0,101.0,105.0,110.0,112.0,115.0,124.0,139.0,inferred
Hillingdon,2021-10-11,103.5,117.0,124.0,127.0,130.0,136.0,141.0,146.0,152.0,155.0,159.0,168.0,186.0,inferred
Hillingdon,2021-10-12,100.0,112.0,120.0,124.0,127.0,132.0,137.0,142.0,147.0,151.0,154.0,163.0,177.0,inferred
Hillingdon,2021-10-13,102.0,116.0,123.0,127.0,129.0,136.0,140.0,146.0,151.0,154.0,158.0,167.0,184.0,inferred
Hillingdon,2021-10-14,101.0,112.0,121.0,123.0,126.0,131.0,136.0,141.0,146.0,149.0,153.0,164.1,180.5,inferred
Hillingdon,2021-10-15,90.0,102.0,109.0,112.0,115.0,120.0,125.0,130.0,136.0,139.0,142.0,150.0,166.0,inferred
Hinckley and Bosworth,2021-07-03,13.0,16.0,19.0,20.0,21.0,22.0,24.0,26.0,28.0,29.0,30.0,34.0,39.0,inferred
Hinckley and Bosworth,2021-07-04,16.0,20.0,22.0,23.0,24.0,26.0,28.0,30.0,33.0,34.0,35.0,39.0,44.0,inferred
Hinckley and Bosworth,2021-07-05,26.0,31.0,34.0,35.0,37.0,39.0,41.0,43.0,46.0,47.0,49.0,53.0,60.0,inferred
Hinckley and Bosworth,2021-07-06,27.0,32.0,35.0,37.0,38.0,40.0,42.0,44.0,47.0,48.0,50.0,54.1,60.0,inferred
Hinckley and Bosworth,2021-07-07,30.0,35.0,39.0,41.0,42.0,45.0,47.0,49.0,52.0,53.0,55.0,59.0,66.0,inferred
Hinckley and Bosworth,2021-07-08,34.0,39.0,43.0,45.0,46.0,48.0,51.0,53.0,56.0,57.0,59.0,64.0,72.0,inferred
Hinckley and Bosworth,2021-07-09,32.0,39.0,42.0,44.0,46.0,48.0,51.0,53.0,56.0,57.0,59.0,63.0,71.5,inferred
Hinckley and Bosworth,2021-07-10,31.0,36.0,40.0,42.0,43.0,45.0,48.0,50.0,53.0,55.0,57.0,61.1,69.0,inferred
Hinckley and Bosworth,2021-07-11,38.0,43.0,48.0,50.0,51.0,53.0,56.0,59.0,62.0,64.0,65.0,71.0,79.0,inferred
Hinckley and Bosworth,2021-07-12,61.0,68.0,74.0,76.0,77.0,80.6,84.0,87.0,91.0,93.0,96.0,102.0,112.5,inferred
Hinckley and Bosworth,2021-07-13,60.0,67.0,73.0,75.0,76.0,80.0,84.0,88.0,91.0,93.0,95.0,101.0,111.0,inferred
Hinckley and Bosworth,2021-07-14,59.0,67.0,72.0,74.0,76.0,80.0,83.0,87.0,90.0,92.0,94.0,100.0,109.0,inferred
Hinckley and Bosworth,2021-07-15,55.0,62.9,67.0,70.0,72.0,75.0,78.0,81.0,84.0,86.0,89.0,96.0,105.0,inferred
Hinckley and Bosworth,2021-07-16,47.0,54.0,58.0,60.0,62.0,65.0,67.0,70.0,73.0,75.0,78.0,83.0,91.0,inferred
Hinckley and Bosworth,2021-07-17,37.0,44.0,48.0,50.0,51.0,54.0,57.0,59.0,61.0,63.0,65.0,70.0,77.0,inferred
Hinckley and Bosworth,2021-07-18,38.0,45.0,49.0,51.0,52.0,55.0,58.0,61.0,64.0,65.0,67.0,72.0,80.0,inferred
Hinckley and Bosworth,2021-07-19,54.0,61.0,66.0,67.0,69.0,72.0,75.0,78.0,81.0,83.0,85.0,91.0,102.0,inferred
Hinckley and Bosworth,2021-07-20,47.0,54.0,58.0,60.0,61.7,64.0,67.0,70.0,74.0,76.0,78.0,83.0,93.0,inferred
Hinckley and Bosworth,2021-07-21,43.0,49.9,54.0,55.0,57.0,60.0,63.0,65.0,68.0,70.0,72.0,78.0,86.0,inferred
Hinckley and Bosworth,2021-07-22,37.0,44.0,48.0,49.0,51.0,54.0,56.0,59.0,62.0,64.0,66.0,71.0,79.0,inferred
Hinckley and Bosworth,2021-07-23,31.0,36.0,40.0,41.0,42.0,45.0,47.0,49.0,52.0,53.0,55.0,59.0,67.0,inferred
Hinckley and Bosworth,2021-07-24,23.0,27.0,30.0,31.0,33.0,35.0,38.0,40.0,42.0,44.0,45.0,49.0,55.0,inferred
Hinckley and Bosworth,2021-07-25,22.0,27.0,30.0,31.0,32.0,35.0,37.0,39.0,42.0,43.0,44.0,48.0,55.0,inferred
Hinckley and Bosworth,2021-07-26,29.5,35.0,39.0,40.0,42.0,45.0,47.0,49.0,52.0,53.0,55.0,60.0,68.0,inferred
Hinckley and Bosworth,2021-07-27,28.0,32.0,37.0,39.0,40.0,42.0,44.0,47.0,49.0,51.0,53.0,57.0,65.0,inferred
Hinckley and Bosworth,2021-07-28,30.0,35.0,39.0,40.0,42.0,44.0,47.0,50.0,52.0,53.0,55.0,60.0,68.0,inferred
Hinckley and Bosworth,2021-07-29,32.0,37.0,41.0,42.0,44.0,46.0,49.0,51.0,54.0,55.0,57.0,62.0,69.0,inferred
Hinckley and Bosworth,2021-07-30,30.0,35.0,39.0,40.0,41.0,44.0,46.0,49.0,51.0,53.0,55.0,59.0,67.0,inferred
Hinckley and Bosworth,2021-07-31,26.0,32.0,35.0,37.0,38.0,40.0,42.0,45.0,47.0,48.0,50.0,55.0,62.0,inferred
Hinckley and Bosworth,2021-08-01,30.0,36.0,39.0,41.0,42.0,45.0,47.0,49.0,52.0,54.0,56.0,60.0,68.0,inferred
Hinckley and Bosworth,2021-08-02,47.0,53.0,59.0,60.0,62.0,65.0,68.0,70.0,74.0,76.0,78.0,84.0,91.0,inferred
Hinckley and Bosworth,2021-08-03,46.0,52.0,56.0,58.0,60.0,63.0,66.0,69.0,72.0,74.0,76.0,81.1,91.5,inferred
Hinckley and Bosworth,2021-08-04,45.0,52.0,58.0,59.0,61.0,64.0,67.0,70.0,73.0,74.0,77.0,82.0,91.0,inferred
Hinckley and Bosworth,2021-08-05,44.0,52.0,56.0,58.0,59.0,62.0,65.0,68.0,71.0,73.0,74.0,80.0,89.0,inferred
Hinckley and Bosworth,2021-08-06,39.0,45.0,50.0,51.0,53.0,56.0,58.0,61.0,64.0,65.0,67.0,73.0,83.0,inferred
Hinckley and Bosworth,2021-08-07,32.5,39.0,42.0,44.0,45.0,48.0,50.0,53.0,56.0,57.0,59.0,64.0,72.0,inferred
Hinckley and Bosworth,2021-08-08,35.0,41.0,45.0,47.0,48.0,51.0,53.0,56.0,59.0,61.0,63.0,68.0,77.0,inferred
Hinckley and Bosworth,2021-08-09,50.0,57.0,63.0,65.0,67.0,70.0,73.0,76.0,80.0,81.0,83.0,89.0,99.0,inferred
Hinckley and Bosworth,2021-08-10,48.0,55.0,60.0,62.0,64.0,67.0,69.0,72.0,76.0,77.2,80.0,86.0,95.0,inferred
Hinckley and Bosworth,2021-08-11,47.5,55.9,60.0,62.0,64.0,67.0,70.0,73.0,76.0,78.0,80.0,86.0,94.5,inferred
Hinckley and Bosworth,2021-08-12,47.5,54.0,59.0,61.0,62.0,65.0,68.0,71.0,74.0,76.0,78.0,84.0,93.0,inferred
Hinckley and Bosworth,2021-08-13,40.0,47.0,52.0,54.0,55.0,58.0,61.0,64.0,67.0,68.0,70.0,76.0,83.0,inferred
Hinckley and Bosworth,2021-08-14,34.0,39.0,44.0,46.0,47.0,50.0,52.0,55.0,58.0,59.0,61.0,65.0,72.5,inferred
Hinckley and Bosworth,2021-08-15,37.5,43.0,47.0,49.0,50.0,53.0,56.0,59.0,61.0,63.0,65.0,69.0,76.0,inferred
Hinckley and Bosworth,2021-08-16,53.0,60.0,65.0,67.0,69.0,72.0,75.0,78.0,82.0,83.0,85.0,91.0,100.0,inferred
Hinckley and Bosworth,2021-08-17,49.5,57.0,62.0,63.0,65.0,68.0,72.0,75.0,78.0,79.0,81.0,87.0,96.0,inferred
Hinckley and Bosworth,2021-08-18,50.0,57.0,61.0,63.0,65.0,68.0,72.0,75.0,77.0,80.0,82.0,88.0,97.0,inferred
Hinckley and Bosworth,2021-08-19,48.0,55.0,59.0,61.0,63.0,66.0,69.0,72.0,75.0,77.0,79.0,85.0,93.0,inferred
Hinckley and Bosworth,2021-08-20,44.0,50.0,54.0,56.0,58.0,60.0,63.0,66.0,69.0,71.0,72.0,78.0,86.0,inferred
Hinckley and Bosworth,2021-08-21,36.0,41.0,45.0,47.0,48.0,50.0,53.0,55.0,58.0,60.0,62.0,67.0,75.0,inferred
Hinckley and Bosworth,2021-08-22,37.0,44.0,48.0,50.0,51.0,54.0,56.0,59.0,62.0,64.0,65.0,70.0,79.0,inferred
Hinckley and Bosworth,2021-08-23,54.0,61.0,66.0,68.0,70.0,73.0,76.0,80.0,84.0,85.0,88.0,94.0,101.5,inferred
Hinckley and Bosworth,2021-08-24,50.0,57.0,62.0,64.0,66.0,69.0,72.0,75.0,78.0,80.0,83.0,89.0,99.0,inferred
Hinckley and Bosworth,2021-08-25,50.0,57.0,62.0,63.0,65.0,68.0,71.0,74.0,77.0,79.0,81.0,87.0,96.0,inferred
Hinckley and Bosworth,2021-08-26,48.0,54.0,58.0,60.0,62.0,65.0,68.0,71.0,75.0,77.0,79.0,84.0,94.0,inferred
Hinckley and Bosworth,2021-08-27,42.0,48.0,52.0,54.0,56.0,58.0,61.0,64.0,67.0,69.0,71.0,77.0,85.0,inferred
Hinckley and Bosworth,2021-08-28,35.0,40.0,44.0,46.0,47.0,49.0,52.0,54.0,57.0,58.0,60.0,65.0,73.0,inferred
Hinckley and Bosworth,2021-08-29,36.5,43.0,47.0,48.0,49.0,52.0,55.0,58.0,61.0,62.0,64.0,69.0,76.0,inferred
Hinckley and Bosworth,2021-08-30,54.0,60.0,65.0,67.0,69.0,72.0,75.0,78.4,82.0,84.0,86.0,93.0,101.0,inferred
Hinckley and Bosworth,2021-08-31,51.0,58.0,63.0,65.0,67.0,71.0,74.0,78.0,81.0,83.0,84.0,90.0,99.0,inferred
Hinckley and Bosworth,2021-09-01,55.0,63.0,68.0,70.0,72.0,75.0,78.0,81.0,85.0,87.0,89.0,95.0,105.0,inferred
Hinckley and Bosworth,2021-09-02,56.0,64.0,69.0,70.0,72.0,76.0,79.0,82.0,86.0,88.0,90.0,95.0,106.0,inferred
Hinckley and Bosworth,2021-09-03,53.0,61.0,66.0,68.0,69.0,73.0,76.0,78.0,82.3,85.0,87.0,92.0,102.0,inferred
Hinckley and Bosworth,2021-09-04,48.0,54.0,59.0,61.0,62.0,65.0,68.0,71.0,74.0,75.0,77.2,83.0,92.5,inferred
Hinckley and Bosworth,2021-09-05,53.0,60.0,66.0,68.0,69.0,73.0,76.0,79.0,82.0,84.0,86.0,92.0,102.0,inferred
Hinckley and Bosworth,2021-09-06,80.5,89.9,95.0,97.0,100.0,103.0,107.0,111.0,115.0,117.0,120.0,126.0,136.0,inferred
Hinckley and Bosworth,2021-09-07,77.0,85.0,90.0,93.0,94.0,98.0,102.0,105.0,110.0,112.0,115.0,121.0,132.0,inferred
Hinckley and Bosworth,2021-09-08,75.0,83.0,89.0,91.0,93.0,97.0,100.0,104.0,108.0,110.0,112.0,119.0,131.0,inferred
Hinckley and Bosworth,2021-09-09,70.0,77.0,82.0,85.0,87.0,91.0,94.0,97.0,101.0,103.0,106.0,112.0,122.0,inferred
Hinckley and Bosworth,2021-09-10,57.0,66.0,71.0,73.0,74.7,78.0,81.0,85.0,88.0,90.0,92.0,98.0,107.5,inferred
Hinckley and Bosworth,2021-09-11,46.0,53.0,57.0,59.0,61.0,64.0,67.0,70.0,73.0,75.0,77.0,83.0,91.0,inferred
Hinckley and Bosworth,2021-09-12,48.0,55.0,60.0,62.0,63.0,67.0,69.0,72.0,76.0,77.0,80.0,85.0,95.0,inferred
Hinckley and Bosworth,2021-09-13,67.0,74.9,79.0,82.0,84.0,87.0,91.0,95.0,99.0,101.0,103.0,109.0,120.0,inferred
Hinckley and Bosworth,2021-09-14,62.0,69.0,73.0,75.0,78.0,81.0,85.0,88.4,92.0,94.0,96.0,102.0,113.0,inferred
Hinckley and Bosworth,2021-09-15,61.0,70.0,76.0,78.0,80.0,84.0,86.0,90.0,94.0,96.0,98.0,105.0,115.0,inferred
Hinckley and Bosworth,2021-09-16,61.0,69.0,74.0,76.0,78.0,82.0,85.0,88.0,92.0,94.0,96.0,102.0,111.0,inferred
Hinckley and Bosworth,2021-09-17,56.0,64.0,69.0,71.0,72.7,76.0,79.0,82.0,85.0,87.0,89.0,96.0,105.0,inferred
Hinckley and Bosworth,2021-09-18,48.0,54.0,59.0,61.0,62.0,65.0,68.0,71.0,74.0,76.0,78.0,83.0,92.0,inferred
Hinckley and Bosworth,2021-09-19,53.0,60.0,65.0,67.0,68.7,71.0,74.0,77.0,81.0,83.0,85.0,90.0,99.0,inferred
Hinckley and Bosworth,2021-09-20,74.0,84.0,90.0,92.0,94.0,98.0,102.0,105.0,110.0,112.0,114.0,121.0,133.0,inferred
Hinckley and Bosworth,2021-09-21,69.0,78.0,83.0,86.0,87.0,91.0,95.0,98.0,102.0,104.0,107.0,115.0,126.0,inferred
Hinckley and Bosworth,2021-09-22,68.0,75.0,81.0,83.0,85.0,88.0,92.0,96.0,100.0,102.0,105.0,111.0,121.0,inferred
Hinckley and Bosworth,2021-09-23,64.0,70.0,76.0,78.0,80.0,83.0,86.0,89.0,93.0,95.0,97.0,104.0,114.0,inferred
Hinckley and Bosworth,2021-09-24,52.0,61.0,65.0,67.0,69.0,72.0,75.0,78.0,81.0,83.0,86.0,90.0,99.0,inferred
Hinckley and Bosworth,2021-09-25,41.0,49.0,53.0,54.0,56.0,59.0,61.0,64.0,68.0,69.0,71.0,77.0,85.0,inferred
Hinckley and Bosworth,2021-09-26,44.0,50.0,55.0,56.0,58.0,61.0,64.0,67.0,70.0,72.0,73.0,78.0,85.0,inferred
Hinckley and Bosworth,2021-09-27,60.0,68.0,74.0,76.0,78.0,81.0,84.0,87.0,91.0,93.0,96.0,102.0,111.0,inferred
Hinckley and Bosworth,2021-09-28,56.5,65.0,70.0,71.0,73.0,77.0,80.0,84.0,87.0,89.0,92.0,97.0,107.0,inferred
Hinckley and Bosworth,2021-09-29,58.0,66.0,72.0,74.0,75.0,79.0,82.0,85.0,88.0,90.0,93.0,98.0,108.0,inferred
Hinckley and Bosworth,2021-09-30,59.0,66.9,71.0,73.0,75.0,78.0,81.0,84.0,88.0,90.0,92.0,99.0,108.0,inferred
Hinckley and Bosworth,2021-10-01,54.0,61.0,65.0,67.0,69.0,71.0,74.0,77.0,81.0,82.0,85.0,90.0,100.5,inferred
Hinckley and Bosworth,2021-10-02,46.0,52.0,56.0,58.0,59.0,62.0,65.0,68.0,71.0,73.0,75.0,80.0,88.0,inferred
Hinckley and Bosworth,2021-10-03,49.5,56.9,62.0,64.0,65.0,68.0,71.0,74.0,77.3,79.0,81.0,88.0,96.0,inferred
Hinckley and Bosworth,2021-10-04,73.0,80.0,86.0,88.0,90.0,94.0,98.0,102.0,106.0,109.0,111.2,119.0,129.5,inferred
Hinckley and Bosworth,2021-10-05,69.0,76.9,82.0,84.0,87.0,90.0,94.0,97.0,100.0,102.0,105.0,112.0,123.0,inferred
Hinckley and Bosworth,2021-10-06,68.5,78.0,82.8,85.0,87.0,90.0,94.0,98.0,101.0,104.0,106.0,113.0,123.0,inferred
Hinckley and Bosworth,2021-10-07,65.0,74.0,79.0,81.0,83.0,87.0,91.0,94.0,97.0,100.0,102.0,109.0,118.0,inferred
Hinckley and Bosworth,2021-10-08,58.0,66.0,71.0,73.0,75.0,78.0,81.0,84.0,88.0,89.2,92.0,98.0,107.5,inferred
Hinckley and Bosworth,2021-10-09,48.0,55.0,60.0,62.0,63.0,66.0,69.0,72.0,75.0,77.0,79.0,85.0,94.0,inferred
Hinckley and Bosworth,2021-10-10,52.0,59.0,63.0,65.0,67.0,70.0,73.0,76.0,79.0,81.0,84.0,90.0,98.5,inferred
Hinckley and Bosworth,2021-10-11,71.5,81.0,87.0,89.0,92.0,95.0,99.0,103.0,106.3,109.0,111.0,118.0,129.0,inferred
Hinckley and Bosworth,2021-10-12,65.0,74.0,79.0,82.0,84.0,87.0,91.0,94.0,98.0,100.2,103.0,110.0,119.5,inferred
Hinckley and Bosworth,2021-10-13,62.5,71.0,76.0,78.0,80.7,84.0,87.0,91.0,95.0,97.0,99.0,106.0,117.0,inferred
Hinckley and Bosworth,2021-10-14,57.0,65.0,71.0,73.0,74.0,78.0,81.0,85.0,88.0,90.0,93.0,99.0,109.0,inferred
Hinckley and Bosworth,2021-10-15,47.0,54.0,59.0,61.0,63.0,66.0,70.0,73.0,76.0,78.0,80.0,87.0,97.0,inferred
Horsham,2021-07-03,20.0,24.0,26.0,28.0,29.0,31.0,33.0,34.0,36.0,38.0,39.0,43.0,50.0,inferred
Horsham,2021-07-04,21.0,25.0,29.0,30.0,31.0,33.0,35.0,37.0,39.0,40.0,41.0,45.0,52.0,inferred
Horsham,2021-07-05,34.0,38.0,42.0,43.0,45.0,47.0,50.0,52.0,54.0,56.0,57.0,62.0,68.0,inferred
Horsham,2021-07-06,34.0,39.0,43.0,45.0,46.0,48.0,51.0,53.0,55.0,57.0,59.0,63.0,72.0,inferred
Horsham,2021-07-07,38.0,43.0,47.0,48.8,50.0,52.0,55.0,57.0,60.0,62.0,63.0,69.0,76.5,inferred
Horsham,2021-07-08,38.0,45.0,49.0,50.0,52.0,55.0,57.0,60.0,63.0,64.0,66.0,70.0,79.0,inferred
Horsham,2021-07-09,39.0,45.0,49.0,50.0,52.0,55.0,57.0,60.0,62.0,64.0,65.0,70.0,78.0,inferred
Horsham,2021-07-10,34.0,41.0,45.0,46.0,48.0,50.0,53.0,55.0,58.0,59.0,61.0,66.0,74.0,inferred
Horsham,2021-07-11,40.0,46.0,50.0,52.0,53.0,56.0,59.0,61.0,64.0,66.0,68.0,73.0,81.0,inferred
Horsham,2021-07-12,60.0,68.0,74.0,76.0,78.0,82.0,85.0,88.0,92.0,94.0,96.0,102.0,111.0,inferred
Horsham,2021-07-13,60.0,68.0,73.0,75.0,77.0,80.0,83.0,87.0,90.0,92.0,94.0,101.0,112.0,inferred
Horsham,2021-07-14,60.0,68.0,73.0,75.0,76.7,80.0,83.0,86.0,90.0,92.0,94.0,100.0,111.0,inferred
Horsham,2021-07-15,55.0,61.0,66.0,69.0,71.0,73.0,76.0,79.0,83.0,85.0,87.0,92.0,101.0,inferred
Horsham,2021-07-16,46.0,53.9,58.0,60.0,61.0,65.0,67.0,70.0,73.0,75.0,77.0,83.0,90.0,inferred
Horsham,2021-07-17,37.0,43.0,47.0,49.0,50.0,53.0,55.0,58.0,60.3,62.0,64.0,69.0,77.0,inferred
Horsham,2021-07-18,36.0,42.0,46.0,48.0,50.0,52.0,55.0,57.0,60.0,62.0,63.0,68.0,75.0,inferred
Horsham,2021-07-19,48.0,56.0,61.0,62.0,64.0,67.0,70.0,73.0,76.0,78.0,80.0,85.0,95.0,inferred
Horsham,2021-07-20,43.0,50.0,54.0,56.0,58.0,61.0,63.0,66.0,69.0,71.0,73.0,78.0,87.0,inferred
Horsham,2021-07-21,41.0,47.0,52.0,53.0,54.0,57.0,60.0,63.0,66.0,68.0,70.0,75.0,82.0,inferred
Horsham,2021-07-22,36.5,42.0,46.0,47.0,49.0,51.0,54.0,56.0,58.0,60.0,61.0,67.0,75.0,inferred
Horsham,2021-07-23,30.0,35.0,39.0,40.0,41.0,43.0,46.0,48.0,51.0,53.0,54.0,59.0,66.0,inferred
Horsham,2021-07-24,23.0,27.0,30.0,31.0,33.0,35.0,37.0,39.0,41.0,42.0,44.0,49.0,56.0,inferred
Horsham,2021-07-25,21.0,26.0,29.0,30.0,32.0,34.0,36.0,38.0,40.0,42.0,43.0,47.0,54.0,inferred
Horsham,2021-07-26,29.0,34.0,38.0,39.0,41.0,43.0,45.0,47.0,50.0,52.0,54.0,58.0,65.0,inferred
Horsham,2021-07-27,27.0,32.9,36.0,38.0,39.0,41.0,44.0,46.0,49.0,50.0,52.0,56.0,63.0,inferred
Horsham,2021-07-28,29.0,35.0,39.0,40.0,41.0,44.0,46.0,48.0,50.0,52.0,53.0,58.0,66.0,inferred
Horsham,2021-07-29,29.0,34.0,38.0,39.0,41.0,43.0,46.0,48.0,51.0,52.2,54.0,59.0,65.0,inferred
Horsham,2021-07-30,29.0,33.0,36.0,38.0,39.0,41.0,44.0,46.0,48.0,50.0,52.0,56.0,62.0,inferred
Horsham,2021-07-31,25.0,29.0,33.0,34.0,35.0,37.0,39.0,41.0,44.0,45.0,46.0,50.0,56.0,inferred
Horsham,2021-08-01,27.0,32.0,35.0,37.0,38.0,40.0,42.0,44.0,47.0,48.0,50.0,54.0,62.0,inferred
Horsham,2021-08-02,38.0,44.0,49.0,50.0,52.0,55.0,58.0,61.0,64.0,66.0,68.0,73.0,81.0,inferred
Horsham,2021-08-03,38.0,44.0,49.0,50.0,52.0,55.0,57.0,60.0,63.0,64.0,66.0,71.0,79.0,inferred
Horsham,2021-08-04,40.0,45.0,50.0,51.0,53.0,56.0,58.0,61.0,64.0,66.0,68.0,72.0,79.5,inferred
Horsham,2021-08-05,37.0,44.0,48.0,49.0,51.0,53.0,56.0,58.0,61.0,63.0,65.0,70.0,78.0,inferred
Horsham,2021-08-06,34.0,40.0,44.0,46.0,47.0,49.0,52.0,54.0,57.0,58.0,60.0,65.0,73.0,inferred
Horsham,2021-08-07,28.0,34.0,37.0,39.0,40.0,43.0,44.0,47.0,50.0,51.0,53.0,57.0,63.0,inferred
Horsham,2021-08-08,29.0,34.0,38.0,39.0,40.0,43.0,45.0,48.0,51.0,52.0,54.0,59.0,66.0,inferred
Horsham,2021-08-09,42.0,48.0,53.0,55.0,56.0,59.0,62.0,65.0,68.0,69.0,71.0,77.0,86.0,inferred
Horsham,2021-08-10,39.0,46.0,51.0,53.0,54.0,57.0,59.0,62.0,65.0,67.0,69.0,74.0,82.0,inferred
Horsham,2021-08-11,41.0,47.0,52.0,53.0,55.0,58.0,60.0,63.0,66.0,68.0,70.0,75.0,82.0,inferred
Horsham,2021-08-12,38.5,44.0,49.0,51.0,52.0,55.0,58.0,60.0,63.0,65.0,67.0,72.0,80.0,inferred
Horsham,2021-08-13,35.0,41.0,45.0,46.0,48.0,50.0,53.0,55.0,58.0,60.0,61.0,66.0,72.0,inferred
Horsham,2021-08-14,29.0,34.0,38.0,39.0,40.0,43.0,46.0,48.0,50.0,51.0,53.0,58.1,66.0,inferred
Horsham,2021-08-15,30.0,35.0,39.0,41.0,42.0,45.0,47.0,49.0,52.0,54.0,55.0,60.0,66.0,inferred
Horsham,2021-08-16,42.0,49.0,54.0,56.0,58.0,61.0,64.0,66.0,69.0,71.0,73.0,78.1,88.0,inferred
Horsham,2021-08-17,41.0,47.0,52.0,53.0,55.0,58.0,61.0,64.0,67.0,69.0,71.0,77.0,85.0,inferred
Horsham,2021-08-18,42.0,47.0,51.0,53.0,54.0,57.0,60.0,62.0,66.0,67.0,69.0,74.0,82.5,inferred
Horsham,2021-08-19,38.5,44.0,48.0,49.0,51.0,53.0,56.0,58.0,61.0,63.0,64.0,70.0,78.0,inferred
Horsham,2021-08-20,34.0,39.0,43.0,44.8,46.0,48.0,51.0,53.0,55.0,57.0,59.0,63.0,69.0,inferred
Horsham,2021-08-21,27.0,32.0,36.0,37.0,38.0,40.0,42.0,45.0,47.0,49.0,51.0,55.0,62.0,inferred
Horsham,2021-08-22,27.0,32.0,35.0,37.0,38.0,40.0,42.0,45.0,47.0,48.2,50.0,54.0,60.0,inferred
Horsham,2021-08-23,38.0,43.0,48.0,49.0,51.0,53.0,57.0,59.0,62.0,63.2,65.0,71.0,78.0,inferred
Horsham,2021-08-24,36.0,42.0,46.0,48.0,49.0,51.0,54.0,57.0,60.0,61.0,63.0,68.0,75.0,inferred
Horsham,2021-08-25,36.0,43.0,47.0,49.0,50.0,53.0,56.0,58.0,61.0,63.0,64.0,69.0,78.0,inferred
Horsham,2021-08-26,35.5,41.0,45.0,47.0,48.0,51.0,53.0,56.0,58.0,60.0,61.0,66.0,74.0,inferred
Horsham,2021-08-27,32.0,38.0,42.0,43.0,45.0,47.0,49.0,52.0,54.0,56.0,57.2,62.0,69.0,inferred
Horsham,2021-08-28,27.0,32.0,36.0,37.0,38.0,41.0,43.0,45.0,48.0,49.0,51.0,55.0,62.0,inferred
Horsham,2021-08-29,28.5,33.9,37.0,38.0,40.0,42.0,44.0,47.0,49.0,51.0,53.0,57.0,65.0,inferred
Horsham,2021-08-30,41.0,47.0,51.0,53.0,55.0,58.0,60.0,63.0,66.0,68.0,70.0,75.0,84.0,inferred
Horsham,2021-08-31,38.0,44.0,49.0,50.0,52.0,55.0,57.0,60.0,63.0,64.0,67.0,71.0,81.0,inferred
Horsham,2021-09-01,39.0,45.0,49.0,50.0,52.0,55.0,57.0,60.0,63.0,65.0,67.0,72.0,80.0,inferred
Horsham,2021-09-02,36.0,41.0,45.0,46.0,48.0,51.0,53.0,56.0,59.0,60.0,62.0,67.0,74.0,inferred
Horsham,2021-09-03,31.0,37.0,41.0,42.0,44.0,46.0,48.0,51.0,53.0,55.0,57.0,61.0,69.0,inferred
Horsham,2021-09-04,26.0,31.0,34.0,35.0,37.0,39.0,41.0,43.0,46.0,47.0,49.0,53.0,59.0,inferred
Horsham,2021-09-05,25.0,30.0,34.0,35.0,36.0,39.0,41.0,43.0,45.0,46.2,48.0,52.0,60.0,inferred
Horsham,2021-09-06,36.0,42.0,45.0,47.0,49.0,51.0,54.0,56.4,59.0,61.0,63.0,68.0,74.0,inferred
Horsham,2021-09-07,33.0,38.0,42.0,44.0,45.0,48.0,50.0,53.0,55.0,57.0,58.0,63.0,70.0,inferred
Horsham,2021-09-08,31.0,36.0,40.0,41.0,43.0,45.0,48.0,50.0,53.0,54.2,56.0,61.0,70.0,inferred
Horsham,2021-09-09,27.0,32.0,36.0,37.0,39.0,41.0,44.0,46.0,48.0,50.0,51.0,56.0,62.0,inferred
Horsham,2021-09-10,22.0,27.0,30.0,32.0,33.0,35.0,37.0,40.0,42.0,44.0,45.0,49.0,56.0,inferred
Horsham,2021-09-11,17.0,21.0,24.0,25.0,26.0,28.0,30.0,32.0,34.0,35.0,37.0,40.0,46.0,inferred
Horsham,2021-09-12,17.0,20.0,23.0,25.0,26.0,28.0,29.0,31.4,34.0,35.0,36.0,40.0,45.0,inferred
Horsham,2021-09-13,22.0,27.0,31.0,32.0,33.0,35.0,37.0,39.0,42.0,43.0,44.0,49.0,56.0,inferred
Horsham,2021-09-14,22.0,27.0,30.0,31.0,33.0,35.0,37.0,39.0,41.0,42.0,44.0,48.0,54.0,inferred
Horsham,2021-09-15,23.5,29.0,32.0,33.0,34.0,37.0,39.0,41.0,43.0,45.0,46.0,50.0,56.0,inferred
Horsham,2021-09-16,23.0,29.0,33.0,34.0,35.0,37.0,39.5,42.0,45.0,46.0,47.0,51.0,59.0,inferred
Horsham,2021-09-17,24.0,29.0,32.0,33.0,35.0,37.0,39.0,41.0,43.0,45.0,46.0,51.0,57.0,inferred
Horsham,2021-09-18,22.0,27.0,29.0,30.0,32.0,34.0,36.0,38.0,40.0,41.0,43.0,47.0,54.0,inferred
Horsham,2021-09-19,23.0,28.0,32.0,33.0,34.0,36.0,38.0,41.0,43.0,45.0,46.0,50.0,57.0,inferred
Horsham,2021-09-20,36.0,42.0,46.0,48.0,49.0,52.0,55.0,57.0,60.0,62.0,64.0,69.0,77.0,inferred
Horsham,2021-09-21,36.0,42.0,46.0,48.0,50.0,52.0,55.0,58.0,61.0,62.0,64.0,68.1,77.0,inferred
Horsham,2021-09-22,39.0,45.0,49.0,50.0,52.0,55.0,57.0,60.0,63.0,64.0,66.0,71.0,81.0,inferred
Horsham,2021-09-23,38.0,44.0,48.0,49.0,51.0,54.0,56.0,59.0,62.0,64.0,65.0,70.0,77.0,inferred
Horsham,2021-09-24,36.0,42.0,46.0,47.0,49.0,51.0,54.0,56.0,59.0,61.0,62.0,68.0,75.0,inferred
Horsham,2021-09-25,30.5,35.9,40.0,41.0,43.0,45.0,48.0,50.0,52.0,54.0,56.0,60.0,67.5,inferred
Horsham,2021-09-26,33.0,39.0,43.0,44.0,46.0,48.6,51.0,54.0,56.0,58.0,59.0,64.0,72.0,inferred
Horsham,2021-09-27,50.0,56.0,61.0,63.0,65.0,68.0,70.0,74.0,77.0,79.0,81.0,87.0,96.5,inferred
Horsham,2021-09-28,49.0,56.0,60.0,62.0,64.0,67.0,69.0,72.0,76.0,78.0,80.0,85.0,96.0,inferred
Horsham,2021-09-29,50.0,58.0,63.0,64.0,66.0,69.0,72.0,75.0,79.0,81.0,83.0,89.0,98.0,inferred
Horsham,2021-09-30,50.0,57.0,61.0,62.0,64.0,68.0,70.0,74.0,76.0,78.0,80.0,87.0,94.5,inferred
Horsham,2021-10-01,46.0,53.0,57.0,59.0,61.0,64.0,66.0,69.0,72.0,74.0,76.0,82.0,91.0,inferred
Horsham,2021-10-02,38.0,45.0,49.0,51.0,52.7,55.0,58.0,61.0,64.0,65.0,67.0,73.0,80.5,inferred
Horsham,2021-10-03,42.0,48.0,53.0,54.0,56.0,59.0,62.0,64.0,68.0,69.0,71.0,76.0,85.0,inferred
Horsham,2021-10-04,61.0,68.0,73.0,75.0,77.0,81.0,84.0,88.0,91.0,93.0,95.0,101.0,111.0,inferred
Horsham,2021-10-05,59.0,67.0,73.0,75.0,76.0,80.0,84.0,87.0,90.0,92.0,94.0,100.0,111.0,inferred
Horsham,2021-10-06,62.0,71.0,76.0,78.0,80.0,84.0,88.0,91.0,95.0,97.0,99.0,105.1,115.0,inferred
Horsham,2021-10-07,64.0,71.0,76.0,78.0,80.0,83.0,86.0,90.0,93.0,95.0,98.0,104.0,112.5,inferred
Horsham,2021-10-08,60.0,67.0,73.0,75.0,77.0,80.0,84.0,87.0,90.0,92.0,94.0,99.0,108.0,inferred
Horsham,2021-10-09,53.0,60.0,65.0,67.0,68.0,72.0,75.0,77.4,81.0,83.0,84.0,90.0,99.0,inferred
Horsham,2021-10-10,58.0,64.0,69.0,71.0,72.0,76.0,79.0,82.0,86.0,88.0,90.0,95.0,105.0,inferred
Horsham,2021-10-11,82.5,92.0,98.0,100.0,102.0,106.0,109.0,113.0,117.0,119.0,122.0,130.0,142.0,inferred
Horsham,2021-10-12,82.5,91.0,97.0,99.0,101.0,105.0,109.0,112.0,117.0,119.0,121.0,129.0,140.0,inferred
Horsham,2021-10-13,84.0,92.0,100.0,102.0,105.0,108.0,112.0,116.0,120.0,122.2,125.0,133.0,144.0,inferred
Horsham,2021-10-14,79.0,88.0,95.0,98.0,100.0,104.0,108.0,112.0,116.0,118.2,122.0,129.0,141.0,inferred
Horsham,2021-10-15,73.0,81.0,88.0,92.0,94.0,98.0,102.0,106.0,110.0,113.0,116.0,123.0,135.5,inferred
Hounslow,2021-07-03,32.0,40.0,46.0,48.0,50.0,53.0,57.0,60.0,64.0,67.0,70.0,77.1,91.0,inferred
Hounslow,2021-07-04,37.5,45.0,50.0,53.0,55.0,58.0,62.0,66.0,70.0,73.0,75.0,83.0,94.0,inferred
Hounslow,2021-07-05,63.5,71.0,78.0,81.0,83.0,87.0,92.0,96.0,101.0,103.2,107.0,115.0,130.0,inferred
Hounslow,2021-07-06,60.5,71.0,78.0,80.0,82.0,87.6,92.0,97.0,102.0,104.0,107.2,116.0,130.0,inferred
Hounslow,2021-07-07,67.5,77.0,84.0,87.0,90.0,95.0,100.0,104.0,109.0,112.0,115.0,124.0,137.0,inferred
Hounslow,2021-07-08,69.5,79.0,87.0,89.0,91.0,97.0,101.0,105.0,111.0,113.0,116.0,123.0,137.0,inferred
Hounslow,2021-07-09,67.0,76.0,84.0,86.0,89.0,93.0,98.0,103.0,108.0,111.0,113.2,123.0,136.0,inferred
Hounslow,2021-07-10,57.5,67.0,75.0,77.0,79.0,83.0,87.0,92.0,97.0,100.0,103.0,111.0,124.0,inferred
Hounslow,2021-07-11,63.0,73.0,81.0,84.0,86.0,91.0,95.0,100.0,104.3,108.0,111.0,121.0,134.0,inferred
Hounslow,2021-07-12,98.0,113.0,121.0,125.0,128.0,133.0,138.0,144.0,151.0,154.0,158.0,170.0,187.0,inferred
Hounslow,2021-07-13,100.0,113.0,122.0,125.0,128.0,134.0,139.0,145.0,151.0,155.0,158.0,168.0,184.5,inferred
Hounslow,2021-07-14,104.0,116.0,125.0,129.0,133.0,139.0,143.5,149.0,155.0,158.0,163.0,175.0,192.0,inferred
Hounslow,2021-07-15,100.5,114.9,123.0,126.0,129.0,136.0,142.0,146.0,152.0,156.0,159.0,170.0,187.0,inferred
Hounslow,2021-07-16,92.0,104.9,113.0,116.0,119.0,124.0,131.0,136.4,142.0,145.0,148.0,158.0,175.0,inferred
Hounslow,2021-07-17,76.0,88.9,96.0,99.0,102.0,107.0,111.0,116.4,121.3,125.0,128.0,138.0,152.5,inferred
Hounslow,2021-07-18,79.0,90.0,99.0,101.0,104.0,108.0,113.0,118.0,123.0,126.0,130.0,140.0,154.0,inferred
Hounslow,2021-07-19,113.0,126.0,136.0,140.0,143.0,149.0,154.0,161.0,167.3,171.0,175.2,187.0,206.0,inferred
Hounslow,2021-07-20,105.5,120.0,129.0,132.0,135.0,141.0,147.0,152.0,158.0,162.0,166.0,176.0,194.0,inferred
Hounslow,2021-07-21,104.0,117.0,126.0,129.0,132.0,137.0,141.0,147.0,154.0,157.0,162.0,172.0,186.0,inferred
Hounslow,2021-07-22,93.0,104.0,112.0,115.0,118.0,124.0,129.0,134.0,140.0,143.0,146.0,156.0,172.5,inferred
Hounslow,2021-07-23,80.0,88.9,96.0,99.0,102.0,108.0,113.0,118.0,123.0,126.0,129.0,138.1,154.0,inferred
Hounslow,2021-07-24,60.0,69.0,76.0,79.0,81.0,85.0,90.0,94.0,99.0,102.0,105.0,115.0,129.0,inferred
Hounslow,2021-07-25,56.5,66.0,73.0,75.0,77.0,82.0,86.0,90.0,95.0,97.0,100.0,108.0,122.0,inferred
Hounslow,2021-07-26,76.0,87.0,95.0,98.0,100.0,105.0,111.0,117.0,122.0,125.0,128.0,136.0,151.0,inferred
Hounslow,2021-07-27,70.5,82.0,90.0,92.0,95.0,99.6,105.0,109.0,115.0,118.0,121.0,131.0,146.0,inferred
Hounslow,2021-07-28,72.0,84.0,92.0,95.0,97.0,102.0,107.0,112.0,118.0,121.0,124.0,134.0,150.0,inferred
Hounslow,2021-07-29,71.0,81.9,88.8,91.0,94.0,99.0,104.0,108.0,114.0,117.0,121.0,129.0,142.0,inferred
Hounslow,2021-07-30,64.0,75.0,83.0,86.0,88.0,92.0,96.0,101.0,106.0,109.0,112.0,121.0,135.0,inferred
Hounslow,2021-07-31,54.0,63.0,70.0,73.0,75.0,79.0,83.0,87.0,92.0,96.0,99.0,107.0,120.0,inferred
Hounslow,2021-08-01,55.5,65.0,72.0,74.0,76.0,81.0,85.0,89.0,94.0,96.0,99.0,109.0,123.0,inferred
Hounslow,2021-08-02,83.0,93.0,102.0,105.0,108.0,113.0,119.0,123.0,130.0,133.0,136.0,145.1,162.0,inferred
Hounslow,2021-08-03,77.5,90.0,98.0,101.0,104.0,109.0,114.0,120.0,125.0,128.0,131.0,140.0,157.0,inferred
Hounslow,2021-08-04,79.0,90.0,99.0,102.0,105.0,110.0,115.0,120.0,125.0,129.0,132.2,142.0,159.0,inferred
Hounslow,2021-08-05,77.5,88.0,95.0,99.0,101.0,106.0,110.0,115.0,121.0,124.0,129.0,138.0,153.0,inferred
Hounslow,2021-08-06,67.0,78.0,85.0,88.0,91.0,96.0,101.0,107.0,112.0,115.0,118.0,127.0,141.5,inferred
Hounslow,2021-08-07,57.0,67.0,74.0,76.0,78.7,83.0,87.0,91.0,96.0,99.0,102.0,110.0,125.0,inferred
Hounslow,2021-08-08,57.0,67.0,73.0,75.0,77.0,82.0,87.0,91.0,95.0,98.0,101.0,109.0,122.5,inferred
Hounslow,2021-08-09,84.0,94.0,102.0,105.0,108.0,113.0,118.0,123.0,129.0,133.0,136.0,145.1,160.5,inferred
Hounslow,2021-08-10,81.0,91.0,99.0,102.0,105.0,110.0,115.0,120.0,126.0,129.0,133.0,142.0,158.0,inferred
Hounslow,2021-08-11,82.5,94.0,101.0,104.0,107.0,113.0,118.0,123.0,129.0,132.0,135.0,145.0,163.0,inferred
Hounslow,2021-08-12,78.0,89.0,98.0,101.8,104.0,109.0,114.0,119.0,125.0,129.0,131.2,141.0,157.0,inferred
Hounslow,2021-08-13,72.0,81.9,90.0,92.0,96.0,101.0,106.0,110.0,115.0,118.0,121.0,130.1,147.0,inferred
Hounslow,2021-08-14,60.0,70.0,77.0,79.8,82.0,86.0,90.0,95.0,99.0,102.0,105.0,114.0,127.0,inferred
Hounslow,2021-08-15,60.0,70.9,77.0,80.0,82.0,87.0,92.0,96.0,101.0,103.0,106.0,114.0,127.0,inferred
Hounslow,2021-08-16,88.0,101.0,109.0,112.0,114.0,121.0,126.0,131.0,137.0,140.0,144.0,153.0,168.0,inferred
Hounslow,2021-08-17,83.0,95.0,104.0,107.0,110.0,115.0,121.0,125.0,130.0,133.0,137.0,148.0,165.0,inferred
Hounslow,2021-08-18,84.0,96.0,104.0,107.0,110.0,115.0,120.0,125.0,130.0,134.0,138.0,148.1,164.0,inferred
Hounslow,2021-08-19,82.0,94.0,101.0,104.0,107.0,113.0,118.0,123.0,128.0,130.0,133.0,143.0,157.0,inferred
Hounslow,2021-08-20,75.0,84.0,91.0,94.0,97.0,102.0,107.0,112.0,117.0,120.0,123.0,134.0,147.0,inferred
Hounslow,2021-08-21,60.0,70.0,77.0,79.0,82.0,86.0,90.5,95.0,100.0,103.0,106.0,113.0,131.0,inferred
Hounslow,2021-08-22,60.0,70.0,77.0,80.0,82.0,87.0,91.0,95.0,100.0,103.0,107.0,116.0,130.0,inferred
Hounslow,2021-08-23,87.0,98.0,106.0,109.0,113.0,118.0,123.0,129.0,134.0,137.0,141.0,152.0,166.0,inferred
Hounslow,2021-08-24,82.0,93.0,101.0,104.0,107.0,113.0,118.0,123.0,129.0,132.0,135.0,146.0,163.0,inferred
Hounslow,2021-08-25,85.5,95.0,103.0,107.0,110.0,116.0,120.0,125.0,132.0,135.0,139.0,148.0,167.0,inferred
Hounslow,2021-08-26,83.0,94.0,102.0,105.0,108.0,113.0,118.0,123.0,128.0,132.0,135.0,144.0,160.0,inferred
Hounslow,2021-08-27,74.5,84.0,91.0,94.0,98.0,103.0,107.5,113.0,119.0,122.0,126.0,135.0,147.5,inferred
Hounslow,2021-08-28,58.5,70.0,77.8,81.0,82.0,87.0,92.0,96.0,102.0,104.0,106.0,116.0,130.5,inferred
Hounslow,2021-08-29,60.5,72.0,79.0,81.0,83.0,88.0,92.0,96.0,101.3,105.0,108.0,116.0,129.0,inferred
Hounslow,2021-08-30,89.0,101.0,109.0,113.0,116.0,122.0,126.0,131.0,136.0,140.0,144.0,154.0,170.5,inferred
Hounslow,2021-08-31,86.0,97.0,105.0,108.0,111.0,116.0,121.0,126.0,133.0,135.0,139.0,150.0,168.5,inferred
Hounslow,2021-09-01,87.0,99.0,106.0,110.0,113.0,117.0,122.0,127.0,133.0,138.0,141.0,150.0,167.0,inferred
Hounslow,2021-09-02,82.5,93.0,101.0,105.0,108.0,113.0,118.0,123.0,129.0,132.0,135.0,146.0,159.0,inferred
Hounslow,2021-09-03,74.0,85.0,92.0,95.0,98.0,103.0,108.0,113.0,118.0,121.0,124.0,133.0,147.5,inferred
Hounslow,2021-09-04,61.0,69.0,77.0,80.0,82.7,87.0,92.0,96.0,101.0,104.0,107.0,116.0,130.0,inferred
Hounslow,2021-09-05,62.0,72.0,78.0,80.0,83.0,87.0,91.0,96.0,102.0,104.0,108.0,118.0,133.0,inferred
Hounslow,2021-09-06,87.5,100.0,109.0,112.0,115.0,119.0,125.0,130.0,136.0,139.0,143.0,152.0,168.0,inferred
Hounslow,2021-09-07,81.5,94.0,102.0,105.0,108.0,113.0,118.0,124.0,129.0,132.0,135.0,146.0,161.5,inferred
Hounslow,2021-09-08,82.0,93.0,101.0,104.0,106.0,111.0,116.0,122.0,126.0,130.0,134.0,144.0,160.0,inferred
Hounslow,2021-09-09,76.0,87.0,94.0,97.0,99.0,104.0,109.0,114.0,120.0,123.0,127.0,136.0,151.5,inferred
Hounslow,2021-09-10,64.0,75.0,82.0,85.0,88.0,92.0,97.0,101.0,107.0,110.0,114.0,123.0,139.0,inferred
Hounslow,2021-09-11,50.0,59.0,67.0,69.0,72.0,75.0,79.0,83.0,88.0,91.0,94.0,103.0,116.0,inferred
Hounslow,2021-09-12,51.0,59.9,66.0,68.0,70.0,75.0,79.0,84.0,88.0,90.0,93.0,101.0,115.0,inferred
Hounslow,2021-09-13,71.0,81.9,90.0,92.0,95.0,100.0,105.0,110.0,115.0,118.0,122.0,130.0,146.5,inferred
Hounslow,2021-09-14,69.0,78.9,87.0,89.0,91.7,96.0,100.0,106.0,111.0,114.0,117.0,127.0,143.0,inferred
Hounslow,2021-09-15,72.0,84.0,91.0,94.0,97.0,102.0,106.0,111.0,116.0,119.0,123.0,131.0,149.0,inferred
Hounslow,2021-09-16,75.5,85.0,92.0,96.0,98.0,103.0,107.0,111.0,116.0,119.0,123.0,132.0,146.0,inferred
Hounslow,2021-09-17,71.0,81.0,88.0,92.0,94.0,99.0,103.0,108.0,113.0,116.0,120.0,128.0,141.5,inferred
Hounslow,2021-09-18,59.0,69.0,76.0,79.0,81.0,86.0,91.0,95.0,101.0,103.2,107.0,115.0,128.0,inferred
Hounslow,2021-09-19,61.0,73.0,81.0,83.0,85.0,90.0,94.0,99.0,103.0,106.0,110.0,118.0,133.0,inferred
Hounslow,2021-09-20,92.0,107.0,115.0,118.0,121.0,127.0,133.0,139.0,145.0,149.0,152.0,161.0,177.0,inferred
Hounslow,2021-09-21,90.0,103.0,112.0,115.0,118.0,124.0,128.0,134.0,140.0,143.0,146.0,156.0,171.0,inferred
Hounslow,2021-09-22,91.0,104.0,113.0,116.0,119.0,125.0,131.0,136.0,141.0,145.0,149.0,159.0,172.0,inferred
Hounslow,2021-09-23,84.5,97.0,105.0,109.0,112.0,117.0,123.0,129.0,135.0,138.2,142.0,151.0,165.0,inferred
Hounslow,2021-09-24,78.0,90.0,98.0,101.0,104.0,109.0,114.0,119.0,125.0,128.0,132.0,139.1,155.0,inferred
Hounslow,2021-09-25,63.0,74.0,81.0,85.0,87.0,92.0,96.0,100.0,105.0,108.0,111.0,120.0,134.5,inferred
Hounslow,2021-09-26,64.0,75.0,81.0,84.0,87.0,92.0,97.0,102.0,107.0,111.0,113.0,121.0,135.5,inferred
Hounslow,2021-09-27,91.0,104.0,113.0,117.0,120.0,126.0,131.0,137.0,142.3,146.0,150.0,162.0,180.0,inferred
Hounslow,2021-09-28,89.0,103.0,111.0,114.0,117.0,123.0,128.0,134.0,139.0,142.0,145.0,154.0,169.0,inferred
Hounslow,2021-09-29,92.0,104.0,113.0,117.0,119.7,125.0,131.0,136.0,142.0,145.0,149.0,159.0,176.5,inferred
Hounslow,2021-09-30,90.0,103.0,111.0,114.0,118.0,123.0,128.5,134.0,140.0,142.0,147.0,157.0,171.0,inferred
Hounslow,2021-10-01,84.0,95.9,104.0,107.0,110.0,116.0,121.0,126.0,132.0,135.0,139.0,149.1,164.0,inferred
Hounslow,2021-10-02,70.0,81.0,89.0,93.0,95.0,100.0,104.5,109.0,114.0,117.0,121.0,130.0,146.0,inferred
Hounslow,2021-10-03,75.0,86.0,93.0,96.0,98.7,104.0,108.0,113.0,119.0,121.0,126.0,136.0,151.0,inferred
Hounslow,2021-10-04,107.0,120.0,129.0,133.0,137.0,143.0,149.0,155.0,161.0,164.0,168.0,179.0,195.0,inferred
Hounslow,2021-10-05,108.0,120.0,129.0,132.0,135.0,141.0,146.0,152.0,159.0,162.0,167.0,180.0,197.0,inferred
Hounslow,2021-10-06,113.0,127.0,137.0,140.0,144.0,149.0,154.0,160.0,167.0,171.0,175.0,186.0,204.5,inferred
Hounslow,2021-10-07,114.0,127.0,136.0,140.0,144.0,150.6,156.5,162.0,168.0,171.0,175.0,187.0,206.0,inferred
Hounslow,2021-10-08,104.0,120.0,129.0,132.0,135.0,141.0,147.0,152.0,159.0,163.0,166.0,177.0,193.0,inferred
Hounslow,2021-10-09,93.0,104.0,112.0,115.0,118.0,124.0,129.0,136.0,142.0,145.0,148.2,159.0,174.0,inferred
Hounslow,2021-10-10,97.0,110.0,118.0,121.0,124.0,130.0,135.0,140.0,146.0,150.0,155.0,166.0,184.5,inferred
Hounslow,2021-10-11,145.0,161.0,170.0,175.0,179.0,185.6,192.5,199.0,206.0,210.0,214.0,226.1,246.5,inferred
Hounslow,2021-10-12,138.5,156.9,166.0,170.8,175.0,181.0,187.0,194.0,201.0,204.2,209.0,221.0,242.0,inferred
Hounslow,2021-10-13,143.0,158.0,169.0,173.0,177.0,184.0,191.0,197.0,204.0,208.0,212.0,224.0,246.5,inferred
Hounslow,2021-10-14,136.5,152.0,163.0,167.0,171.0,178.0,184.0,191.0,199.0,202.0,207.0,220.0,238.0,inferred
Hounslow,2021-10-15,123.5,139.0,149.0,152.0,156.0,162.6,169.0,176.0,183.0,187.0,191.0,204.0,224.0,inferred
Huntingdonshire,2021-07-03,16.0,21.0,24.0,25.0,27.0,29.0,31.0,33.0,36.0,38.0,40.0,45.0,54.0,inferred
Huntingdonshire,2021-07-04,20.0,26.0,29.0,30.0,32.0,34.6,37.0,40.0,42.0,44.0,46.0,50.0,59.0,inferred
Huntingdonshire,2021-07-05,34.0,42.0,46.0,48.0,50.0,53.0,56.0,59.0,62.0,64.0,66.0,70.0,80.0,inferred
Huntingdonshire,2021-07-06,38.0,44.0,48.0,50.0,51.0,54.0,57.0,59.0,63.0,64.0,66.0,72.1,81.0,inferred
Huntingdonshire,2021-07-07,41.0,48.0,52.0,54.0,56.0,59.0,62.0,65.0,68.0,70.0,72.0,78.0,87.0,inferred
Huntingdonshire,2021-07-08,43.0,50.0,54.0,56.0,57.0,61.0,64.0,67.0,70.0,72.0,74.0,79.0,89.0,inferred
Huntingdonshire,2021-07-09,41.0,48.0,53.0,55.0,57.0,59.0,62.5,65.0,69.0,71.0,73.0,78.0,86.0,inferred
Huntingdonshire,2021-07-10,36.0,42.0,47.0,49.0,50.0,53.0,56.0,59.0,62.0,64.0,65.0,71.0,81.0,inferred
Huntingdonshire,2021-07-11,41.0,48.0,53.0,55.0,56.0,60.0,62.0,66.0,69.0,71.0,73.0,80.0,89.0,inferred
Huntingdonshire,2021-07-12,64.0,72.0,78.0,80.0,82.0,86.0,90.0,94.0,98.0,100.0,103.0,111.0,122.0,inferred
Huntingdonshire,2021-07-13,63.0,71.0,77.0,79.0,82.0,86.0,89.0,94.0,98.0,101.0,103.0,111.0,122.5,inferred
Huntingdonshire,2021-07-14,63.5,74.0,80.0,82.0,85.0,89.0,93.0,96.0,101.0,103.0,106.0,114.0,124.0,inferred
Huntingdonshire,2021-07-15,61.0,70.0,77.0,79.0,81.0,84.0,89.0,93.0,97.0,99.0,102.0,110.0,120.5,inferred
Huntingdonshire,2021-07-16,57.5,65.9,71.0,74.0,76.0,79.0,82.0,85.0,89.0,91.0,93.0,100.0,110.5,inferred
Huntingdonshire,2021-07-17,46.0,53.0,59.0,61.0,62.0,66.0,69.0,72.0,75.0,77.0,79.0,85.0,96.0,inferred
Huntingdonshire,2021-07-18,46.5,55.0,60.0,62.0,64.0,68.0,71.0,75.0,78.0,80.0,82.0,88.0,98.0,inferred
Huntingdonshire,2021-07-19,68.0,76.0,82.0,85.0,87.0,91.0,95.0,99.0,103.0,105.0,107.0,115.0,127.0,inferred
Huntingdonshire,2021-07-20,63.0,71.0,76.0,79.0,80.0,84.0,88.0,92.0,96.0,98.0,100.0,107.0,118.0,inferred
Huntingdonshire,2021-07-21,60.0,68.0,74.0,76.0,78.0,81.0,85.0,88.0,93.0,95.0,98.0,105.0,115.0,inferred
Huntingdonshire,2021-07-22,52.0,61.0,66.0,68.0,70.0,74.0,77.0,80.0,84.0,86.2,88.0,94.0,104.0,inferred
Huntingdonshire,2021-07-23,45.0,52.0,57.0,59.0,61.0,64.0,67.0,71.0,74.0,76.0,79.0,85.0,95.5,inferred
Huntingdonshire,2021-07-24,32.0,40.0,45.0,46.0,48.0,51.0,54.0,56.0,60.0,62.0,64.0,70.0,78.0,inferred
Huntingdonshire,2021-07-25,34.0,41.0,45.0,46.0,48.0,51.0,54.0,56.0,60.0,62.0,64.0,68.0,78.5,inferred
Huntingdonshire,2021-07-26,46.0,53.0,57.8,59.0,62.0,65.0,68.0,71.4,75.0,77.0,80.0,86.0,95.0,inferred
Huntingdonshire,2021-07-27,41.0,49.0,55.0,56.0,58.0,61.0,64.0,67.0,71.0,72.0,75.0,81.0,92.0,inferred
Huntingdonshire,2021-07-28,45.0,50.9,55.0,57.0,59.0,62.0,65.0,68.0,72.0,73.0,76.0,82.0,92.0,inferred
Huntingdonshire,2021-07-29,41.0,49.0,54.0,56.0,58.0,61.0,64.0,67.0,71.0,73.0,75.0,81.0,90.0,inferred
Huntingdonshire,2021-07-30,40.0,46.0,50.0,52.0,54.0,56.0,59.0,62.0,65.0,67.0,69.0,75.0,85.0,inferred
Huntingdonshire,2021-07-31,31.5,38.0,43.0,44.0,46.0,49.0,51.0,55.0,57.0,59.0,61.0,65.0,75.0,inferred
Huntingdonshire,2021-08-01,34.0,40.0,45.0,47.0,48.0,51.0,54.0,57.0,60.0,62.0,63.0,69.0,78.0,inferred
Huntingdonshire,2021-08-02,48.5,56.0,61.0,64.0,66.0,70.0,73.0,77.0,81.0,83.0,85.0,92.0,101.0,inferred
Huntingdonshire,2021-08-03,47.0,55.0,60.0,62.0,63.0,67.0,71.0,74.0,78.0,80.0,82.0,88.0,97.0,inferred
Huntingdonshire,2021-08-04,49.0,56.0,62.0,64.0,66.0,69.0,72.0,76.0,80.0,82.0,84.0,91.0,104.0,inferred
Huntingdonshire,2021-08-05,47.0,55.0,60.0,62.0,63.0,68.0,71.0,74.0,77.3,79.0,82.0,88.0,97.0,inferred
Huntingdonshire,2021-08-06,43.0,50.0,55.0,57.0,59.0,62.0,65.0,68.0,72.0,74.0,75.2,82.0,93.0,inferred
Huntingdonshire,2021-08-07,36.0,42.0,47.0,49.0,50.0,53.0,56.0,59.0,62.0,64.0,66.0,72.0,80.0,inferred
Huntingdonshire,2021-08-08,39.0,45.0,50.0,51.0,53.0,56.0,59.0,62.0,65.0,67.0,69.0,75.0,84.0,inferred
Huntingdonshire,2021-08-09,54.0,62.0,67.0,70.0,72.0,75.6,79.0,83.0,87.0,90.0,92.0,98.0,109.5,inferred
Huntingdonshire,2021-08-10,54.0,61.0,67.0,69.0,71.0,74.0,78.0,81.0,85.0,87.0,89.2,96.0,106.0,inferred
Huntingdonshire,2021-08-11,56.5,64.0,69.0,72.0,74.0,77.0,81.0,84.0,88.0,90.0,92.0,98.0,110.0,inferred
Huntingdonshire,2021-08-12,55.0,62.0,67.0,70.0,72.0,75.0,79.0,83.0,87.0,89.0,91.0,98.0,108.5,inferred
Huntingdonshire,2021-08-13,49.0,58.0,62.0,65.0,67.0,70.0,74.0,77.0,81.0,83.0,85.0,92.0,103.0,inferred
Huntingdonshire,2021-08-14,43.0,49.0,54.0,56.0,58.0,61.0,64.0,67.0,71.0,73.0,75.0,79.1,90.0,inferred
Huntingdonshire,2021-08-15,45.0,53.0,57.0,59.0,61.0,64.0,67.0,70.0,74.3,77.0,79.0,85.0,93.0,inferred
Huntingdonshire,2021-08-16,63.5,73.0,80.0,82.0,85.0,88.0,92.0,96.0,100.0,102.0,105.0,113.0,125.0,inferred
Huntingdonshire,2021-08-17,63.0,72.0,77.0,80.0,82.0,86.6,90.0,94.0,98.0,100.0,102.2,110.0,122.0,inferred
Huntingdonshire,2021-08-18,66.0,74.0,80.0,82.0,85.0,88.0,92.0,96.0,100.0,103.0,105.0,111.0,123.0,inferred
Huntingdonshire,2021-08-19,63.0,72.0,78.0,80.0,82.0,86.0,89.0,93.0,98.0,100.0,103.0,110.0,122.0,inferred
Huntingdonshire,2021-08-20,59.0,67.0,73.0,75.0,77.0,80.0,84.0,87.0,91.0,93.0,96.0,103.0,114.0,inferred
Huntingdonshire,2021-08-21,48.0,56.0,61.0,63.0,65.0,69.0,72.0,75.0,78.0,80.0,82.0,88.0,99.0,inferred
Huntingdonshire,2021-08-22,51.0,59.0,65.0,67.0,69.0,72.0,76.0,79.0,83.0,85.0,87.0,94.0,104.0,inferred
Huntingdonshire,2021-08-23,73.0,84.0,91.0,93.0,95.0,100.0,103.0,107.0,112.0,115.0,118.2,126.0,137.0,inferred
Huntingdonshire,2021-08-24,71.0,80.0,86.0,88.0,91.0,95.0,99.0,103.0,107.0,109.0,112.0,119.1,130.0,inferred
Huntingdonshire,2021-08-25,73.0,81.9,87.0,90.0,92.0,96.0,99.0,103.0,108.0,110.0,113.0,120.0,132.0,inferred
Huntingdonshire,2021-08-26,68.0,78.0,83.0,86.0,88.0,91.0,95.0,99.0,103.0,105.0,108.0,115.0,127.0,inferred
Huntingdonshire,2021-08-27,61.0,69.0,74.0,77.0,79.0,83.0,86.0,89.0,94.0,96.0,98.0,105.0,117.0,inferred
Huntingdonshire,2021-08-28,50.0,57.0,62.0,64.0,66.0,69.0,72.0,76.0,80.0,82.0,85.0,91.0,102.0,inferred
Huntingdonshire,2021-08-29,51.0,59.0,64.0,66.0,68.0,72.0,76.0,79.0,83.0,85.0,87.0,95.0,103.0,inferred
Huntingdonshire,2021-08-30,72.0,82.0,88.0,90.0,93.0,97.0,101.0,105.0,109.3,112.0,114.0,121.0,131.5,inferred
Huntingdonshire,2021-08-31,68.0,78.0,84.0,87.0,89.0,93.0,97.0,100.0,104.0,106.0,109.0,117.0,128.0,inferred
Huntingdonshire,2021-09-01,67.0,76.0,83.0,86.0,88.0,92.0,96.0,99.0,104.0,107.0,109.0,116.0,128.0,inferred
Huntingdonshire,2021-09-02,65.0,72.0,78.0,80.0,82.0,87.0,90.0,94.0,97.3,100.0,102.0,109.0,121.0,inferred
Huntingdonshire,2021-09-03,55.0,64.9,70.0,72.0,74.0,77.6,81.0,84.0,88.0,90.0,92.0,99.0,109.0,inferred
Huntingdonshire,2021-09-04,46.0,52.0,57.0,59.0,62.0,65.0,67.0,71.0,74.0,76.0,79.0,86.0,95.0,inferred
Huntingdonshire,2021-09-05,46.0,53.0,58.0,60.0,62.0,65.0,69.0,71.0,75.0,77.0,79.0,86.0,94.5,inferred
Huntingdonshire,2021-09-06,62.0,72.0,78.0,81.0,83.0,86.0,90.0,94.0,98.3,101.0,103.0,111.0,123.0,inferred
Huntingdonshire,2021-09-07,58.0,67.0,73.0,75.0,77.0,81.0,84.0,88.0,93.0,95.0,98.0,105.0,114.0,inferred
Huntingdonshire,2021-09-08,58.0,67.0,73.0,75.0,78.0,82.0,85.0,89.0,92.0,95.0,97.0,104.0,113.0,inferred
Huntingdonshire,2021-09-09,55.0,63.0,69.0,71.0,73.0,76.0,80.0,83.0,87.0,89.0,92.0,98.0,108.0,inferred
Huntingdonshire,2021-09-10,49.0,57.0,61.8,63.0,65.0,69.0,72.0,75.0,79.0,81.0,83.0,90.0,99.0,inferred
Huntingdonshire,2021-09-11,40.0,46.0,51.0,53.0,55.0,58.0,61.0,63.0,66.0,69.0,71.0,77.0,87.0,inferred
Huntingdonshire,2021-09-12,41.0,48.0,53.0,55.0,57.0,60.0,63.0,66.0,69.0,71.0,73.0,79.0,88.5,inferred
Huntingdonshire,2021-09-13,58.0,67.0,72.0,74.0,77.0,80.0,84.0,87.0,91.0,93.2,96.0,102.0,112.0,inferred
Huntingdonshire,2021-09-14,57.0,66.0,72.0,74.0,76.0,80.0,83.0,87.0,91.0,93.0,96.0,103.0,115.0,inferred
Huntingdonshire,2021-09-15,63.0,71.0,78.0,80.0,82.0,86.0,90.0,94.0,98.0,100.0,103.0,109.0,118.0,inferred
Huntingdonshire,2021-09-16,64.0,73.9,80.0,82.0,84.0,88.0,92.0,95.0,100.0,101.0,104.0,111.0,123.0,inferred
Huntingdonshire,2021-09-17,65.0,73.0,78.0,81.0,83.0,87.0,90.0,94.0,98.0,100.0,102.2,110.0,120.5,inferred
Huntingdonshire,2021-09-18,57.0,65.0,71.0,73.0,75.0,78.0,82.0,86.0,89.0,92.0,94.0,100.0,110.0,inferred
Huntingdonshire,2021-09-19,64.0,73.0,79.0,81.0,83.0,88.0,91.0,95.0,99.0,102.0,104.0,110.0,121.5,inferred
Huntingdonshire,2021-09-20,96.5,108.0,115.0,117.8,120.0,125.0,129.0,134.0,139.0,142.0,144.0,153.0,167.0,inferred
Huntingdonshire,2021-09-21,97.0,105.9,113.0,116.0,118.0,123.0,127.0,132.0,137.0,140.0,143.0,152.0,166.0,inferred
Huntingdonshire,2021-09-22,98.0,108.0,116.0,119.0,121.0,126.0,130.0,135.0,140.0,143.0,146.0,155.1,167.5,inferred
Huntingdonshire,2021-09-23,96.0,106.0,114.0,116.0,119.0,124.0,128.0,133.0,137.0,140.0,142.0,150.0,163.0,inferred
Huntingdonshire,2021-09-24,88.0,98.0,105.0,108.0,110.0,114.0,119.0,122.0,127.0,130.0,133.0,141.0,153.0,inferred
Huntingdonshire,2021-09-25,72.5,84.0,89.0,92.0,94.0,97.0,101.0,104.0,109.0,112.0,115.0,122.0,133.0,inferred
Huntingdonshire,2021-09-26,76.0,85.0,93.0,95.0,97.0,102.0,106.0,111.0,115.0,118.0,121.0,127.0,139.0,inferred
Huntingdonshire,2021-09-27,109.0,121.0,129.0,132.0,135.0,140.0,145.0,150.0,155.3,158.0,162.0,171.0,186.0,inferred
Huntingdonshire,2021-09-28,106.0,116.0,124.0,127.0,130.0,136.0,140.0,145.0,150.0,153.0,155.0,165.0,180.0,inferred
Huntingdonshire,2021-09-29,109.0,119.0,127.0,130.0,132.0,138.0,143.0,148.0,153.0,155.0,159.0,168.0,181.0,inferred
Huntingdonshire,2021-09-30,105.5,116.0,123.0,126.0,128.0,133.0,139.0,143.0,148.0,151.0,154.0,162.0,176.0,inferred
Huntingdonshire,2021-10-01,97.5,109.0,114.0,117.0,120.0,124.0,128.0,132.0,137.0,140.0,143.0,151.1,164.0,inferred
Huntingdonshire,2021-10-02,80.0,90.0,97.0,100.0,102.0,106.0,110.0,114.0,118.0,120.0,123.0,131.0,142.5,inferred
Huntingdonshire,2021-10-03,86.0,95.0,102.0,105.0,107.0,112.0,116.0,120.0,125.0,128.0,131.0,138.0,151.0,inferred
Huntingdonshire,2021-10-04,121.0,133.0,141.0,145.0,147.0,153.0,158.0,163.0,169.0,172.0,175.0,185.0,199.0,inferred
Huntingdonshire,2021-10-05,116.0,129.0,137.0,140.0,143.0,148.0,153.0,159.0,164.0,167.0,170.0,179.0,191.5,inferred
Huntingdonshire,2021-10-06,119.0,131.0,139.8,143.0,146.0,151.0,156.0,162.0,168.0,171.0,174.0,184.0,200.5,inferred
Huntingdonshire,2021-10-07,117.0,129.0,135.0,139.0,142.0,147.0,151.0,156.0,162.0,164.0,168.0,176.0,189.0,inferred
Huntingdonshire,2021-10-08,107.0,118.0,127.0,130.0,132.0,137.0,141.0,145.0,149.0,152.0,155.0,164.0,176.0,inferred
Huntingdonshire,2021-10-09,90.5,101.0,108.0,110.0,112.0,117.0,121.0,125.0,129.3,133.0,136.0,145.0,161.0,inferred
Huntingdonshire,2021-10-10,96.0,106.0,114.0,116.0,118.0,122.0,127.0,132.0,137.0,140.0,143.0,151.0,163.0,inferred
Huntingdonshire,2021-10-11,134.0,146.0,154.0,158.8,161.0,168.0,173.0,178.0,184.0,187.0,190.2,202.0,218.0,inferred
Huntingdonshire,2021-10-12,125.0,137.0,146.0,150.0,152.0,158.0,163.0,169.0,174.0,177.0,180.0,190.0,202.0,inferred
Huntingdonshire,2021-10-13,123.0,133.0,142.0,145.0,148.0,154.0,159.0,164.0,170.0,173.0,178.0,187.0,199.5,inferred
Huntingdonshire,2021-10-14,109.0,122.0,131.0,134.0,136.0,142.0,147.0,152.0,158.0,161.0,164.0,173.0,188.0,inferred
Huntingdonshire,2021-10-15,93.0,106.0,113.0,116.0,118.0,124.0,129.0,134.0,140.0,142.0,146.0,155.0,168.0,inferred
Hyndburn,2021-07-03,37.0,43.0,47.0,49.0,50.0,53.0,56.0,59.0,62.0,63.2,66.0,71.0,79.5,inferred
Hyndburn,2021-07-04,41.0,48.0,52.0,54.0,55.0,58.0,61.0,63.0,66.0,68.0,70.0,75.0,85.0,inferred
Hyndburn,2021-07-05,62.0,70.0,75.0,77.0,79.0,83.0,86.0,89.0,93.0,95.0,97.0,103.0,114.0,inferred
Hyndburn,2021-07-06,55.0,62.0,68.0,70.0,72.0,76.0,79.0,82.0,86.0,88.0,90.0,96.0,105.0,inferred
Hyndburn,2021-07-07,54.5,63.0,68.0,70.0,72.0,75.0,78.0,81.0,85.0,87.0,90.0,95.0,104.0,inferred
Hyndburn,2021-07-08,51.0,58.0,63.0,65.0,66.0,70.0,73.0,76.0,80.0,82.0,84.0,90.0,99.0,inferred
Hyndburn,2021-07-09,43.0,50.0,54.0,56.0,58.0,60.0,63.0,66.0,69.0,71.0,73.0,79.0,88.0,inferred
Hyndburn,2021-07-10,33.0,39.0,43.0,45.0,46.0,49.0,51.0,54.0,57.0,58.0,60.0,65.0,74.0,inferred
Hyndburn,2021-07-11,35.0,41.0,45.0,47.0,48.0,51.0,54.0,57.0,60.0,61.0,63.0,68.0,75.0,inferred
Hyndburn,2021-07-12,51.0,59.0,64.0,66.0,68.0,71.0,74.0,78.0,81.0,83.0,85.0,91.0,101.0,inferred
Hyndburn,2021-07-13,45.0,53.0,58.0,60.0,61.0,64.0,67.0,70.0,74.0,75.0,78.0,83.0,93.0,inferred
Hyndburn,2021-07-14,45.0,52.0,56.0,58.0,60.0,63.0,66.0,69.0,73.0,75.0,77.0,82.0,90.0,inferred
Hyndburn,2021-07-15,41.0,48.0,52.0,54.0,56.0,59.0,62.0,65.0,68.0,70.0,72.0,77.0,86.0,inferred
Hyndburn,2021-07-16,34.0,40.0,44.0,46.0,47.0,50.0,53.0,55.0,58.0,59.0,61.0,66.0,74.0,inferred
Hyndburn,2021-07-17,25.0,31.0,34.0,35.0,37.0,40.0,42.0,45.0,47.0,48.0,50.0,55.0,62.0,inferred
Hyndburn,2021-07-18,27.0,32.0,35.0,37.0,38.0,41.0,43.0,45.0,48.0,49.0,51.0,56.0,65.0,inferred
Hyndburn,2021-07-19,38.5,44.0,49.0,51.0,52.0,55.0,58.0,61.0,64.0,65.0,67.0,72.0,81.0,inferred
Hyndburn,2021-07-20,33.0,38.0,42.0,44.0,45.0,48.0,51.0,53.0,56.0,58.0,60.0,65.0,73.0,inferred
Hyndburn,2021-07-21,29.0,35.0,38.0,40.0,42.0,44.0,47.0,50.0,52.0,54.0,56.0,61.0,68.5,inferred
Hyndburn,2021-07-22,25.0,30.0,34.0,35.0,36.0,39.0,41.0,43.0,46.0,47.0,49.0,53.0,59.0,inferred
Hyndburn,2021-07-23,18.0,23.0,26.0,27.0,29.0,31.0,33.0,35.0,37.0,39.0,40.0,44.0,50.0,inferred
Hyndburn,2021-07-24,13.0,16.0,19.0,20.0,21.0,23.0,25.0,27.0,29.0,30.0,31.0,35.0,40.0,inferred
Hyndburn,2021-07-25,12.0,16.0,18.0,19.0,20.0,22.0,24.0,26.0,28.0,29.0,30.0,34.0,39.0,inferred
Hyndburn,2021-07-26,17.0,21.0,24.0,25.0,26.0,28.0,30.0,32.0,35.0,36.0,38.0,42.0,48.0,inferred
Hyndburn,2021-07-27,15.0,19.0,21.0,22.0,24.0,25.0,27.0,30.0,32.0,33.0,34.0,38.0,44.0,inferred
Hyndburn,2021-07-28,14.0,18.0,21.0,22.0,23.0,25.0,27.0,29.4,32.0,33.0,34.0,38.0,45.0,inferred
Hyndburn,2021-07-29,13.0,18.0,21.0,22.0,23.0,25.0,27.0,29.0,31.0,32.0,34.0,38.0,44.0,inferred
Hyndburn,2021-07-30,12.0,15.0,18.0,19.0,20.0,22.0,23.0,25.0,27.0,28.0,30.0,33.0,38.0,inferred
Hyndburn,2021-07-31,9.0,12.0,15.0,16.0,17.0,18.0,20.0,21.0,23.0,24.0,25.0,28.0,34.0,inferred
Hyndburn,2021-08-01,10.0,13.0,16.0,17.0,18.0,19.0,21.0,23.0,24.0,25.0,27.0,30.0,35.0,inferred
Hyndburn,2021-08-02,16.0,20.0,23.0,24.0,25.0,27.0,29.0,31.0,33.0,34.0,36.0,40.0,46.0,inferred
Hyndburn,2021-08-03,15.0,19.0,22.0,23.0,24.0,26.0,28.0,30.0,32.0,33.0,35.0,38.0,44.0,inferred
Hyndburn,2021-08-04,16.0,20.9,24.0,25.0,26.0,28.0,30.0,31.0,33.0,35.0,36.0,40.1,46.0,inferred
Hyndburn,2021-08-05,15.0,20.0,23.0,24.0,25.0,27.0,30.0,32.0,34.0,35.0,36.0,40.0,48.0,inferred
Hyndburn,2021-08-06,14.0,18.0,21.0,22.0,23.0,25.0,27.0,29.0,31.0,32.0,34.0,37.0,44.0,inferred
Hyndburn,2021-08-07,11.5,16.0,18.0,19.0,20.0,22.0,23.0,25.0,27.0,28.0,29.0,32.0,39.0,inferred
Hyndburn,2021-08-08,13.0,16.0,19.0,20.0,21.0,23.0,25.0,27.0,30.0,31.0,32.0,36.0,41.0,inferred
Hyndburn,2021-08-09,21.0,26.0,29.0,31.0,32.0,34.0,36.0,38.0,41.0,43.0,44.0,49.0,55.0,inferred
Hyndburn,2021-08-10,19.0,24.0,28.0,29.0,30.0,32.0,34.0,36.0,39.0,40.0,41.0,45.0,51.5,inferred
Hyndburn,2021-08-11,19.0,24.0,27.0,28.0,29.0,31.0,34.0,36.0,38.0,40.0,41.0,46.0,52.0,inferred
Hyndburn,2021-08-12,17.0,22.0,26.0,27.0,28.0,30.0,32.0,34.0,36.0,38.0,39.0,43.0,49.0,inferred
Hyndburn,2021-08-13,14.0,18.0,21.0,22.0,23.0,25.0,27.0,29.0,31.0,32.0,34.0,37.0,43.0,inferred
Hyndburn,2021-08-14,11.0,14.9,17.0,18.0,19.0,21.0,22.0,24.0,26.0,27.0,28.2,32.0,38.0,inferred
Hyndburn,2021-08-15,11.0,14.0,18.0,19.0,20.0,21.0,23.0,24.0,27.0,28.0,29.0,33.0,38.0,inferred
Hyndburn,2021-08-16,18.0,22.0,25.0,26.0,27.0,29.0,31.0,33.0,36.0,37.0,39.0,43.0,48.5,inferred
Hyndburn,2021-08-17,16.0,20.0,23.0,24.0,25.0,27.0,29.0,31.0,33.0,35.0,36.0,40.0,46.0,inferred
Hyndburn,2021-08-18,16.0,20.0,24.0,25.0,26.0,28.0,29.0,32.0,34.0,35.0,36.0,40.0,46.0,inferred
Hyndburn,2021-08-19,16.0,20.0,23.0,24.0,25.0,27.0,28.0,30.0,32.0,34.0,35.0,39.0,46.0,inferred
Hyndburn,2021-08-20,13.0,17.0,20.0,21.0,22.0,24.0,26.0,27.0,30.0,31.0,32.0,35.0,40.0,inferred
Hyndburn,2021-08-21,10.0,13.0,16.0,17.0,18.0,19.0,21.0,23.0,25.0,26.0,27.0,31.0,37.0,inferred
Hyndburn,2021-08-22,12.0,15.0,18.0,19.0,20.0,22.0,23.0,25.0,27.0,28.0,29.0,33.0,39.0,inferred
Hyndburn,2021-08-23,18.0,22.9,26.0,27.0,28.0,30.0,32.0,34.0,36.0,37.0,39.0,43.0,49.0,inferred
Hyndburn,2021-08-24,17.0,21.0,24.0,25.0,26.0,28.0,30.0,32.0,34.0,36.0,37.0,41.0,48.0,inferred
Hyndburn,2021-08-25,17.0,21.0,25.0,26.0,27.0,29.0,31.0,33.0,36.0,37.0,39.0,43.0,49.5,inferred
Hyndburn,2021-08-26,17.0,21.0,25.0,26.0,27.0,29.0,31.0,33.0,35.0,36.0,38.0,42.0,49.0,inferred
Hyndburn,2021-08-27,15.0,19.0,22.0,23.0,24.0,26.0,28.0,30.0,32.0,33.0,35.0,38.1,45.0,inferred
Hyndburn,2021-08-28,12.0,15.0,18.0,19.0,20.0,22.0,24.0,25.0,27.0,28.0,29.0,33.0,38.0,inferred
Hyndburn,2021-08-29,13.0,17.0,20.0,21.0,22.0,24.0,26.0,28.0,30.0,31.0,33.0,36.0,43.0,inferred
Hyndburn,2021-08-30,22.0,27.0,31.0,32.0,33.0,35.0,37.0,40.0,42.0,44.0,45.0,50.0,57.0,inferred
Hyndburn,2021-08-31,21.0,26.0,30.0,31.0,32.0,34.0,36.0,39.0,41.0,43.0,44.0,49.0,56.0,inferred
Hyndburn,2021-09-01,23.0,28.0,32.0,33.0,34.0,36.0,39.0,41.0,44.0,45.0,46.0,51.0,57.5,inferred
Hyndburn,2021-09-02,24.0,28.0,32.0,33.0,34.0,37.0,39.0,41.4,44.0,46.0,47.0,51.0,58.0,inferred
Hyndburn,2021-09-03,21.0,26.0,29.0,31.0,32.0,34.0,36.0,39.0,41.0,43.0,44.0,48.0,55.0,inferred
Hyndburn,2021-09-04,18.0,22.0,25.0,27.0,28.0,30.0,32.0,34.0,36.0,37.0,39.0,43.0,50.5,inferred
Hyndburn,2021-09-05,21.0,25.0,28.0,30.0,31.0,33.0,35.0,37.0,39.3,41.0,42.0,46.0,52.5,inferred
Hyndburn,2021-09-06,32.0,37.9,42.0,44.0,45.0,48.0,51.0,53.0,56.0,58.0,60.0,65.0,73.0,inferred
Hyndburn,2021-09-07,30.0,36.0,40.0,42.0,43.0,46.0,48.0,51.0,54.0,55.0,57.0,62.0,71.0,inferred
Hyndburn,2021-09-08,29.0,36.0,40.0,41.0,43.0,46.0,48.0,51.0,53.0,55.0,57.0,62.0,70.0,inferred
Hyndburn,2021-09-09,26.0,32.0,36.0,37.0,38.0,41.0,43.0,46.0,48.0,50.0,52.0,57.0,64.0,inferred
Hyndburn,2021-09-10,22.0,28.0,31.0,32.0,34.0,36.0,38.0,40.0,43.0,44.0,46.0,50.0,57.0,inferred
Hyndburn,2021-09-11,17.0,21.0,24.0,25.0,26.0,28.0,30.0,32.0,35.0,36.0,38.0,41.0,48.0,inferred
Hyndburn,2021-09-12,17.0,22.0,25.0,26.0,27.0,29.0,31.0,33.0,36.0,37.0,39.0,43.0,49.0,inferred
Hyndburn,2021-09-13,26.0,31.0,35.0,36.0,37.0,40.0,43.0,45.0,48.0,49.0,51.0,56.0,64.0,inferred
Hyndburn,2021-09-14,23.0,29.0,32.0,34.0,35.0,37.0,39.5,42.0,44.0,46.0,47.0,51.0,58.0,inferred
Hyndburn,2021-09-15,24.0,29.9,33.0,34.0,35.0,38.0,40.0,42.0,45.0,46.0,48.0,53.0,60.0,inferred
Hyndburn,2021-09-16,22.0,28.0,32.0,33.0,34.0,36.0,38.0,41.0,43.0,44.0,46.0,51.0,59.0,inferred
Hyndburn,2021-09-17,20.0,24.0,27.0,29.0,30.0,32.0,34.0,36.0,38.0,40.0,41.0,46.0,54.0,inferred
Hyndburn,2021-09-18,15.0,19.0,22.0,23.0,24.0,26.0,29.0,30.0,32.0,34.0,35.0,39.0,45.0,inferred
Hyndburn,2021-09-19,17.0,21.0,24.0,25.0,26.0,29.0,30.0,33.0,35.0,36.0,37.0,41.0,48.0,inferred
Hyndburn,2021-09-20,25.0,31.0,34.0,36.0,37.0,39.0,42.0,44.0,47.0,48.2,50.0,55.0,63.0,inferred
Hyndburn,2021-09-21,23.5,29.0,32.0,34.0,35.0,37.0,40.0,42.0,45.0,46.0,48.0,53.0,59.5,inferred
Hyndburn,2021-09-22,24.0,29.0,32.0,34.0,35.0,38.0,40.0,42.0,44.0,46.0,48.0,52.0,60.0,inferred
Hyndburn,2021-09-23,23.0,28.0,32.0,33.0,34.0,36.6,39.0,41.0,43.0,45.0,46.0,51.0,58.0,inferred
Hyndburn,2021-09-24,20.0,24.0,28.0,29.0,30.0,32.0,34.0,37.0,39.0,40.0,42.0,46.0,54.0,inferred
Hyndburn,2021-09-25,16.0,20.0,23.0,24.0,25.0,27.0,29.0,31.0,33.0,34.0,36.0,39.0,46.0,inferred
Hyndburn,2021-09-26,17.0,20.0,23.0,25.0,26.0,28.0,30.0,32.0,34.0,36.0,37.0,41.0,47.0,inferred
Hyndburn,2021-09-27,27.0,32.0,35.0,37.0,38.0,40.0,43.0,45.0,48.0,49.0,51.0,56.0,64.0,inferred
Hyndburn,2021-09-28,24.0,29.0,33.0,34.0,35.0,38.0,40.0,42.4,45.0,46.0,48.0,53.0,60.5,inferred
Hyndburn,2021-09-29,25.0,30.0,34.0,36.0,37.0,39.0,41.0,44.0,46.0,48.0,50.0,54.0,61.0,inferred
Hyndburn,2021-09-30,24.0,30.0,33.0,35.0,36.0,39.0,41.0,43.0,46.0,47.0,49.0,54.0,61.0,inferred
Hyndburn,2021-10-01,21.0,26.0,30.0,31.0,32.0,34.0,36.0,39.0,41.0,42.0,44.0,48.0,56.0,inferred
Hyndburn,2021-10-02,17.0,21.0,24.0,25.0,27.0,29.0,31.0,33.0,35.0,36.0,38.0,41.0,48.0,inferred
Hyndburn,2021-10-03,19.0,23.0,27.0,28.0,29.0,31.0,33.0,35.0,38.0,39.0,41.0,45.0,52.0,inferred
Hyndburn,2021-10-04,30.0,36.0,39.0,41.0,42.0,45.0,47.0,49.0,52.3,54.0,56.0,60.0,68.0,inferred
Hyndburn,2021-10-05,27.0,33.0,37.0,39.0,40.0,43.0,45.0,48.0,51.0,52.0,54.0,58.0,66.0,inferred
Hyndburn,2021-10-06,29.0,34.0,38.0,40.0,41.0,44.0,46.0,49.0,52.0,53.0,55.0,60.0,67.5,inferred
Hyndburn,2021-10-07,28.0,34.0,38.0,39.0,41.0,44.0,46.0,48.0,51.0,53.0,54.0,59.0,67.0,inferred
Hyndburn,2021-10-08,25.0,30.9,34.0,35.0,37.0,39.0,41.0,44.0,47.0,48.0,50.0,54.0,62.0,inferred
Hyndburn,2021-10-09,21.0,25.0,28.0,29.0,30.0,32.0,35.0,37.0,39.0,41.0,42.0,47.0,55.0,inferred
Hyndburn,2021-10-10,23.0,27.0,31.0,32.0,34.0,36.0,38.0,41.0,43.0,44.0,46.0,50.0,57.0,inferred
Hyndburn,2021-10-11,34.0,40.0,44.0,46.0,47.0,50.0,52.5,56.0,58.0,60.0,62.0,67.0,76.5,inferred
Hyndburn,2021-10-12,31.0,38.0,42.0,43.0,45.0,48.0,50.0,52.0,55.0,57.0,59.0,64.0,73.0,inferred
Hyndburn,2021-10-13,30.0,37.0,41.0,43.0,44.0,47.0,49.0,52.0,55.0,57.0,59.0,64.0,73.0,inferred
Hyndburn,2021-10-14,30.5,36.0,39.0,41.0,42.0,45.0,47.0,50.0,52.0,54.0,56.0,61.1,69.0,inferred
Hyndburn,2021-10-15,24.0,30.0,34.0,36.0,37.0,39.0,41.0,44.0,46.0,48.0,50.0,55.0,62.0,inferred
Inverclyde,2021-07-03,438.9,564.0,639.8,681.5,718.7,779.0,841.5,907.0,981.0,1017.2,1060.2,1189.1,1413.0,inferred
Inverclyde,2021-07-04,402.0,505.0,581.0,612.8,646.0,705.0,770.0,829.4,905.3,950.2,993.2,1127.1,1327.1,inferred
Inverclyde,2021-07-05,292.0,408.0,485.8,510.8,540.0,595.6,651.0,704.0,762.3,802.2,849.0,958.2,1160.6,inferred
Inverclyde,2021-07-06,345.0,443.0,513.0,547.0,580.0,639.6,693.0,748.0,816.3,859.2,901.4,1015.2,1231.5,inferred
Inverclyde,2021-07-07,379.0,502.8,595.0,633.0,665.7,726.6,783.0,841.4,926.3,967.2,1004.4,1133.1,1332.2,inferred
Inverclyde,2021-07-08,297.5,388.0,461.8,493.0,522.0,578.0,629.0,686.0,750.6,786.0,823.0,936.1,1136.0,inferred
Inverclyde,2021-07-09,303.4,390.0,475.8,507.0,531.0,587.0,643.0,696.0,754.2,790.5,837.2,957.1,1186.6,inferred
Inverclyde,2021-07-10,340.5,442.0,531.8,559.0,594.0,657.0,719.0,777.4,843.0,881.0,928.0,1061.1,1301.5,inferred
Inverclyde,2021-07-11,304.4,410.8,479.8,510.0,541.0,600.0,661.5,713.0,793.0,824.2,865.2,989.2,1206.1,inferred
Inverclyde,2021-07-12,222.0,311.0,374.0,399.8,425.7,472.6,518.5,572.0,643.0,685.0,734.0,853.0,1042.1,inferred
Inverclyde,2021-07-13,232.5,318.0,384.0,415.0,443.0,496.0,541.0,595.0,661.0,699.2,736.2,853.2,1051.5,inferred
Inverclyde,2021-07-14,267.5,356.9,425.0,454.0,485.7,533.0,586.5,649.0,713.3,754.0,794.0,903.0,1137.1,inferred
Inverclyde,2021-07-15,185.5,261.0,324.8,348.0,377.7,422.0,465.0,513.0,567.3,607.0,655.0,753.1,919.0,inferred
Inverclyde,2021-07-16,176.5,257.0,315.0,342.0,367.0,419.0,465.0,511.0,567.0,596.0,638.0,746.0,955.7,inferred
Inverclyde,2021-07-17,212.5,297.0,358.0,382.8,411.0,457.6,506.0,558.0,608.0,642.0,679.0,786.0,970.5,inferred
Inverclyde,2021-07-18,158.5,246.0,309.8,332.8,356.0,399.0,443.0,490.4,550.0,579.0,615.4,728.2,923.0,inferred
Inverclyde,2021-07-19,119.0,175.0,220.8,242.0,268.0,308.0,352.5,395.0,442.0,472.0,506.0,606.2,771.0,inferred
Inverclyde,2021-07-20,107.0,177.0,226.0,246.0,268.0,310.0,352.0,397.0,442.0,475.2,509.4,605.0,796.0,inferred
Inverclyde,2021-07-21,129.5,190.9,246.8,270.0,295.7,336.6,372.0,416.4,469.3,503.0,536.0,631.1,812.0,inferred
Inverclyde,2021-07-22,78.0,133.0,175.0,197.0,213.0,251.0,289.5,330.4,377.0,400.5,432.0,516.0,705.6,inferred
Inverclyde,2021-07-23,82.0,131.0,171.0,189.0,207.7,239.0,279.0,317.4,359.0,384.2,416.2,504.0,671.5,inferred
Inverclyde,2021-07-24,85.0,143.9,183.0,201.0,218.0,256.0,293.5,328.0,372.0,396.0,431.0,526.0,688.5,inferred
Inverclyde,2021-07-25,66.5,117.9,155.0,174.0,189.0,224.6,258.5,293.0,332.0,356.0,387.0,469.1,625.5,inferred
Inverclyde,2021-07-26,42.0,78.0,112.0,126.0,140.0,166.6,197.5,232.0,277.0,299.0,329.4,398.1,557.7,inferred
Inverclyde,2021-07-27,47.5,82.0,116.0,132.0,146.0,178.0,207.5,237.0,270.0,294.0,324.0,401.0,557.5,inferred
Inverclyde,2021-07-28,62.5,103.9,142.0,160.8,176.0,206.0,239.0,274.0,310.0,332.2,359.2,440.2,582.6,inferred
Inverclyde,2021-07-29,41.5,75.0,108.0,121.8,134.0,160.0,188.0,220.0,255.0,273.0,300.0,378.0,526.1,inferred
Inverclyde,2021-07-30,45.0,81.0,113.0,126.0,141.0,169.0,199.5,233.0,271.3,292.0,320.2,408.1,538.5,inferred
Inverclyde,2021-07-31,54.0,101.9,140.0,157.8,171.0,203.0,231.0,266.0,309.0,334.2,361.0,443.0,568.7,inferred
Inverclyde,2021-08-01,46.0,85.0,121.0,134.0,153.0,185.6,218.0,251.0,294.0,313.2,341.0,418.0,577.0,inferred
Inverclyde,2021-08-02,30.5,62.9,94.0,109.0,123.0,147.6,173.0,202.0,236.3,253.2,284.2,370.0,505.5,inferred
Inverclyde,2021-08-03,43.0,77.0,110.8,126.0,140.0,168.6,200.0,235.0,277.0,301.2,325.0,402.1,557.0,inferred
Inverclyde,2021-08-04,66.0,105.0,141.0,157.0,172.0,204.0,237.0,276.0,315.0,335.0,361.2,446.1,605.5,inferred
Inverclyde,2021-08-05,51.0,87.0,117.0,133.8,151.0,181.6,215.0,245.0,282.0,305.2,330.0,407.0,561.0,inferred
Inverclyde,2021-08-06,61.0,96.0,132.0,147.0,162.0,189.0,220.5,255.0,297.3,317.0,346.2,428.1,597.0,inferred
Inverclyde,2021-08-07,81.0,132.0,171.0,191.0,209.0,242.0,276.0,310.0,354.3,381.0,405.2,492.0,690.8,inferred
Inverclyde,2021-08-08,78.0,124.0,165.0,183.8,199.0,230.0,262.0,297.4,345.3,372.0,405.0,504.1,659.0,inferred
Inverclyde,2021-08-09,56.0,97.9,137.0,153.0,170.0,200.0,226.0,263.0,306.3,333.0,366.0,437.1,598.0,inferred
Inverclyde,2021-08-10,80.5,130.9,171.0,189.0,210.0,245.0,281.0,318.0,363.0,387.2,423.0,516.1,661.0,inferred
Inverclyde,2021-08-11,118.0,177.9,227.0,253.8,272.0,310.0,350.5,395.4,444.3,472.0,512.2,600.1,755.1,inferred
Inverclyde,2021-08-12,107.5,168.0,211.0,233.0,249.0,290.6,328.5,362.4,410.0,438.0,477.0,567.2,747.6,inferred
Inverclyde,2021-08-13,124.5,191.9,247.0,270.0,291.0,333.0,370.0,414.0,460.0,490.0,524.0,618.1,753.0,inferred
Inverclyde,2021-08-14,196.5,270.8,330.0,355.0,378.0,422.0,471.5,522.0,580.0,610.0,646.2,764.0,958.5,inferred
Inverclyde,2021-08-15,194.0,277.0,341.8,368.0,393.0,436.6,484.0,541.0,598.0,628.2,662.2,774.0,959.0,inferred
Inverclyde,2021-08-16,162.5,239.9,303.8,327.0,351.0,393.0,441.0,491.4,545.3,583.0,615.4,722.4,934.6,inferred
Inverclyde,2021-08-17,229.4,313.0,381.8,405.8,434.0,493.0,543.5,596.0,656.0,683.2,727.0,835.3,1053.6,inferred
Inverclyde,2021-08-18,341.0,447.9,531.6,562.0,589.4,648.6,705.0,769.0,844.0,883.2,935.2,1070.0,1302.6,inferred
Inverclyde,2021-08-19,318.5,434.8,506.8,544.8,578.7,634.6,694.0,750.0,813.3,845.2,890.0,1007.1,1231.8,inferred
Inverclyde,2021-08-20,406.9,521.9,609.0,642.0,679.0,743.0,817.0,876.0,946.3,978.2,1031.0,1161.0,1393.6,inferred
Inverclyde,2021-08-21,603.0,738.0,845.8,892.0,929.0,1000.0,1070.0,1138.0,1219.3,1270.0,1333.2,1483.3,1803.0,inferred
Inverclyde,2021-08-22,648.8,801.8,903.8,948.0,989.7,1066.0,1132.5,1204.4,1287.3,1341.2,1398.2,1547.1,1789.0,inferred
Inverclyde,2021-08-23,590.0,746.0,847.8,896.8,943.0,1017.0,1089.0,1167.8,1255.3,1302.0,1355.0,1507.2,1752.6,inferred
Inverclyde,2021-08-24,716.4,903.0,1037.8,1085.8,1139.7,1217.6,1307.5,1393.0,1485.3,1533.0,1606.2,1774.3,2013.0,inferred
Inverclyde,2021-08-25,968.4,1173.0,1295.8,1344.0,1402.0,1496.0,1590.0,1680.0,1799.3,1868.0,1939.0,2098.2,2398.5,inferred
Inverclyde,2021-08-26,857.0,1043.9,1157.8,1208.8,1249.7,1330.0,1406.5,1494.0,1584.0,1638.2,1691.2,1845.2,2144.1,inferred
Inverclyde,2021-08-27,939.4,1124.7,1254.0,1313.8,1353.0,1450.2,1536.5,1619.4,1719.3,1775.0,1842.2,2016.2,2331.5,inferred
Inverclyde,2021-08-28,1254.4,1447.9,1585.8,1646.8,1704.7,1803.0,1905.0,2011.0,2124.3,2179.8,2266.2,2441.1,2721.0,inferred
Inverclyde,2021-08-29,1161.0,1398.7,1545.0,1615.0,1678.1,1784.0,1880.5,1971.4,2070.3,2132.0,2202.4,2379.8,2720.0,inferred
Inverclyde,2021-08-30,1060.5,1259.0,1395.0,1461.0,1512.7,1612.6,1698.0,1806.0,1908.9,1971.0,2033.4,2203.0,2541.2,inferred
Inverclyde,2021-08-31,1183.4,1378.8,1529.0,1599.5,1660.0,1766.6,1864.0,1961.0,2067.3,2121.0,2193.2,2387.0,2710.2,inferred
Inverclyde,2021-09-01,1374.4,1620.9,1763.8,1842.5,1909.7,2027.8,2120.0,2238.0,2362.3,2433.0,2511.2,2708.3,2992.6,inferred
Inverclyde,2021-09-02,1130.5,1312.7,1443.6,1506.0,1556.0,1651.6,1743.0,1845.4,1949.0,2011.2,2087.2,2292.0,2562.3,inferred
Inverclyde,2021-09-03,1115.0,1320.9,1449.8,1496.0,1540.7,1646.0,1732.0,1846.0,1957.0,2019.0,2089.2,2286.2,2571.4,inferred
Inverclyde,2021-09-04,1339.8,1541.9,1696.4,1741.8,1796.4,1900.0,1992.5,2103.4,2226.0,2289.2,2363.4,2579.1,2916.1,inferred
Inverclyde,2021-09-05,1195.4,1407.7,1540.0,1591.8,1646.0,1752.0,1839.5,1941.8,2059.0,2111.0,2184.2,2362.2,2692.0,inferred
Inverclyde,2021-09-06,969.5,1152.9,1264.4,1310.5,1360.0,1453.6,1550.5,1631.0,1730.0,1775.2,1860.2,2041.1,2404.0,inferred
Inverclyde,2021-09-07,962.9,1145.9,1284.8,1347.8,1385.0,1468.6,1556.0,1649.4,1756.3,1803.2,1865.0,2051.1,2338.3,inferred
Inverclyde,2021-09-08,969.2,1155.7,1306.0,1354.0,1411.7,1508.6,1603.0,1707.0,1807.0,1869.2,1931.0,2087.1,2498.6,inferred
Inverclyde,2021-09-09,665.5,811.9,941.0,980.8,1021.7,1100.0,1182.0,1262.0,1355.3,1405.0,1472.2,1656.0,1952.5,inferred
Inverclyde,2021-09-10,630.0,752.9,847.0,889.8,930.7,1012.6,1085.0,1150.4,1232.3,1272.0,1319.0,1448.1,1755.5,inferred
Inverclyde,2021-09-11,604.5,752.8,856.0,902.8,947.0,1029.0,1102.0,1174.4,1256.3,1311.0,1373.2,1530.1,1786.5,inferred
Inverclyde,2021-09-12,487.5,616.0,707.0,745.0,782.0,852.6,914.0,977.4,1055.0,1095.2,1146.0,1297.2,1510.1,inferred
Inverclyde,2021-09-13,318.4,418.0,497.8,531.0,563.4,612.0,674.0,724.4,785.3,825.0,874.2,998.3,1228.7,inferred
Inverclyde,2021-09-14,290.0,399.0,486.0,513.0,540.0,602.6,656.0,713.0,771.3,810.2,866.4,992.0,1190.6,inferred
Inverclyde,2021-09-15,327.5,442.0,524.0,556.8,589.0,648.6,712.5,768.0,838.0,877.2,923.0,1056.0,1277.8,inferred
Inverclyde,2021-09-16,254.0,338.9,394.0,427.5,453.0,504.0,555.0,613.0,676.3,710.2,746.0,853.1,1049.0,inferred
Inverclyde,2021-09-17,231.4,315.0,388.8,414.0,443.7,490.6,536.0,584.0,649.3,692.0,729.2,835.2,1047.6,inferred
Inverclyde,2021-09-18,257.5,353.9,425.0,456.0,479.7,532.0,591.5,658.0,723.0,759.2,802.0,922.1,1137.5,inferred
Inverclyde,2021-09-19,204.0,294.0,363.0,393.0,422.0,470.6,523.0,573.8,633.0,669.5,717.2,843.1,1043.6,inferred
Inverclyde,2021-09-20,148.5,217.9,278.6,302.8,334.0,377.6,427.5,473.4,522.0,551.2,590.2,704.0,882.0,inferred
Inverclyde,2021-09-21,184.9,251.8,306.0,326.0,350.7,401.0,444.0,492.0,542.3,581.0,616.0,738.1,923.7,inferred
Inverclyde,2021-09-22,218.5,308.0,376.0,403.0,427.0,480.0,533.0,584.8,649.6,686.2,725.0,836.0,1031.0,inferred
Inverclyde,2021-09-23,184.5,264.0,329.0,357.0,375.7,424.0,471.0,519.4,573.0,604.0,647.2,741.1,925.6,inferred
Inverclyde,2021-09-24,200.9,281.0,349.8,377.0,406.0,453.6,499.5,552.0,607.3,643.2,679.0,791.1,942.0,inferred
Inverclyde,2021-09-25,267.5,366.0,444.8,474.8,500.0,549.0,590.0,648.0,714.0,749.0,790.2,906.2,1123.1,inferred
Inverclyde,2021-09-26,245.3,344.9,419.0,446.8,478.0,535.6,593.0,647.4,711.0,747.0,791.0,913.0,1097.0,inferred
Inverclyde,2021-09-27,208.4,292.9,363.6,388.0,411.7,459.0,507.0,553.0,615.3,646.0,677.2,790.1,996.6,inferred
Inverclyde,2021-09-28,239.5,321.8,388.8,416.0,452.0,501.0,552.5,606.0,667.0,710.0,743.4,861.0,1060.5,inferred
Inverclyde,2021-09-29,268.5,378.9,457.8,492.8,528.7,585.0,639.0,692.0,752.0,790.2,832.0,951.1,1172.1,inferred
Inverclyde,2021-09-30,214.5,294.9,362.8,391.8,416.0,468.0,513.5,561.0,621.3,661.0,700.2,822.2,997.6,inferred
Inverclyde,2021-10-01,219.0,309.9,378.0,408.0,434.0,489.0,540.5,589.0,652.3,685.0,723.0,833.0,1032.7,inferred
Inverclyde,2021-10-02,255.0,352.0,430.0,469.8,493.0,551.0,601.0,666.0,722.3,755.2,803.2,923.2,1180.1,inferred
Inverclyde,2021-10-03,255.5,334.9,400.8,427.0,457.7,511.0,560.0,614.0,686.0,717.2,766.0,880.3,1079.0,inferred
Inverclyde,2021-10-04,183.9,259.0,321.0,348.0,374.0,420.0,461.5,520.0,581.0,618.0,655.2,770.1,929.5,inferred
Inverclyde,2021-10-05,196.5,285.9,343.0,368.0,396.7,443.6,491.0,541.8,604.3,636.2,675.2,791.2,973.0,inferred
Inverclyde,2021-10-06,231.9,325.8,401.0,444.5,475.0,527.6,577.0,625.0,691.0,725.0,771.0,891.2,1096.0,inferred
Inverclyde,2021-10-07,182.0,256.9,324.8,349.8,374.0,419.0,471.0,523.0,574.3,614.0,652.0,752.1,931.1,inferred
Inverclyde,2021-10-08,190.9,278.0,344.0,372.0,392.0,439.0,484.0,534.8,599.0,639.0,675.2,771.1,964.5,inferred
Inverclyde,2021-10-09,230.0,318.9,392.8,424.0,449.7,501.0,557.0,611.0,673.0,715.0,765.0,877.3,1077.0,inferred
Inverclyde,2021-10-10,195.9,288.0,348.0,378.8,405.0,453.0,505.0,556.0,615.0,649.0,690.4,806.0,988.5,inferred
Inverclyde,2021-10-11,149.4,228.8,282.0,304.0,331.0,384.0,429.5,474.0,529.3,555.0,595.0,707.4,873.0,inferred
Inverclyde,2021-10-12,155.9,247.0,306.8,337.0,362.7,406.6,453.0,505.0,560.3,597.0,633.0,741.0,907.1,inferred
Inverclyde,2021-10-13,214.0,298.0,363.8,391.8,417.7,470.2,529.0,585.0,654.0,692.0,734.0,845.0,1058.6,inferred
Inverclyde,2021-10-14,157.5,233.9,301.0,329.8,349.0,400.0,448.0,497.0,555.3,592.0,626.2,736.0,899.5,inferred
Inverclyde,2021-10-15,162.9,244.0,298.8,332.0,359.0,405.0,448.0,500.0,558.0,598.0,637.0,763.1,974.8,inferred
Ipswich,2021-07-03,7.0,10.0,12.0,12.0,13.0,15.0,16.0,18.0,19.0,20.0,21.0,24.0,29.0,inferred
Ipswich,2021-07-04,9.0,12.0,14.0,15.0,16.0,18.0,19.0,20.0,22.0,23.0,24.0,27.0,32.0,inferred
Ipswich,2021-07-05,17.0,21.0,24.0,25.0,26.0,27.0,29.0,31.0,33.0,34.0,35.0,39.0,44.5,inferred
Ipswich,2021-07-06,17.0,22.0,25.0,26.0,27.0,29.0,31.0,32.0,34.0,35.0,36.0,40.0,46.0,inferred
Ipswich,2021-07-07,21.0,25.0,28.0,29.0,30.0,32.0,34.0,36.0,38.0,39.0,41.0,44.0,50.0,inferred
Ipswich,2021-07-08,22.0,26.0,29.0,31.0,32.0,34.0,36.0,38.0,40.0,41.0,42.2,46.0,52.0,inferred
Ipswich,2021-07-09,23.0,26.0,30.0,31.0,32.0,34.0,36.0,38.0,40.0,41.0,43.0,47.0,52.0,inferred
Ipswich,2021-07-10,21.0,25.0,28.0,29.0,30.0,32.0,34.0,35.0,37.0,39.0,40.0,43.0,49.0,inferred
Ipswich,2021-07-11,24.0,29.0,32.0,33.0,34.0,36.0,39.0,40.0,43.0,44.0,45.0,49.0,54.0,inferred
Ipswich,2021-07-12,39.0,45.0,48.0,50.0,51.0,54.0,57.0,59.0,62.0,63.0,65.0,70.0,76.5,inferred
Ipswich,2021-07-13,39.5,45.0,49.0,50.0,52.0,54.0,57.0,60.0,63.0,64.0,66.0,71.0,80.0,inferred
Ipswich,2021-07-14,41.0,47.0,51.0,53.0,54.0,56.0,59.0,61.0,64.0,66.0,68.0,73.0,81.0,inferred
Ipswich,2021-07-15,40.0,45.0,49.0,50.8,52.0,54.0,57.0,59.0,62.0,64.0,66.0,70.0,78.0,inferred
Ipswich,2021-07-16,35.0,41.9,45.8,47.0,49.0,51.0,53.0,55.0,58.0,60.0,61.0,66.0,73.0,inferred
Ipswich,2021-07-17,29.0,35.0,38.0,39.0,41.0,43.0,45.0,47.0,49.0,51.0,52.0,56.0,63.0,inferred
Ipswich,2021-07-18,31.0,36.0,40.0,42.0,43.0,45.0,47.0,50.0,52.0,54.0,55.0,59.0,67.0,inferred
Ipswich,2021-07-19,43.0,50.0,55.0,57.0,58.0,60.0,63.0,65.0,68.0,69.0,71.2,76.0,84.5,inferred
Ipswich,2021-07-20,41.0,47.0,51.0,52.0,54.0,57.0,59.0,62.0,64.3,66.0,68.0,73.0,81.0,inferred
Ipswich,2021-07-21,39.0,45.0,49.0,51.0,52.0,55.0,58.0,60.0,63.0,64.0,66.0,71.0,79.0,inferred
Ipswich,2021-07-22,36.0,41.0,45.0,47.0,48.0,50.0,53.0,55.0,58.0,59.0,61.0,65.0,74.0,inferred
Ipswich,2021-07-23,31.0,35.0,39.8,41.0,42.0,44.6,47.0,49.0,51.0,53.0,54.0,59.0,66.0,inferred
Ipswich,2021-07-24,23.0,28.0,31.8,33.0,34.0,36.0,38.0,40.0,42.0,43.0,44.0,48.1,54.0,inferred
Ipswich,2021-07-25,24.0,28.0,31.0,32.0,33.0,36.0,38.0,40.0,42.0,43.0,44.0,48.0,54.5,inferred
Ipswich,2021-07-26,32.0,37.0,41.0,42.0,43.0,46.0,48.0,51.0,53.0,55.0,56.0,61.0,68.5,inferred
Ipswich,2021-07-27,30.0,35.0,38.0,40.0,41.0,43.0,45.0,47.0,50.0,51.0,53.0,57.0,64.0,inferred
Ipswich,2021-07-28,30.0,35.0,39.0,40.0,41.0,43.0,45.0,47.0,50.0,51.0,53.0,57.0,63.0,inferred
Ipswich,2021-07-29,28.0,32.0,35.0,37.0,38.7,41.0,43.0,45.0,48.0,49.0,50.0,54.0,62.5,inferred
Ipswich,2021-07-30,23.5,29.0,32.0,33.0,35.0,37.0,39.0,41.0,43.0,44.0,46.0,50.0,56.0,inferred
Ipswich,2021-07-31,20.0,24.0,27.0,28.0,29.0,30.0,32.0,34.0,36.0,37.0,39.0,43.0,49.0,inferred
Ipswich,2021-08-01,19.0,24.0,27.0,28.0,29.0,32.0,34.0,35.0,37.0,39.0,40.0,44.0,49.0,inferred
Ipswich,2021-08-02,29.5,34.0,37.0,38.0,40.0,42.0,44.0,46.0,48.0,50.0,51.0,56.0,62.5,inferred
Ipswich,2021-08-03,26.0,31.0,34.0,36.0,37.0,39.0,41.0,43.0,46.0,47.0,48.0,52.0,58.0,inferred
Ipswich,2021-08-04,26.0,31.0,34.0,35.0,37.0,39.0,41.0,43.0,45.0,47.0,48.0,53.0,60.0,inferred
Ipswich,2021-08-05,24.0,29.0,32.0,33.0,34.0,37.0,39.0,41.0,43.0,44.2,46.0,50.0,56.0,inferred
Ipswich,2021-08-06,21.0,26.0,29.0,30.0,31.7,34.0,35.0,37.0,39.0,41.0,42.0,46.0,52.0,inferred
Ipswich,2021-08-07,17.0,21.0,24.0,25.0,26.0,27.0,29.0,31.0,33.0,34.0,35.0,39.0,43.0,inferred
Ipswich,2021-08-08,18.0,22.0,25.0,25.0,26.0,28.0,30.0,32.0,34.0,35.0,36.0,40.0,45.0,inferred
Ipswich,2021-08-09,25.0,31.0,34.0,35.0,36.0,38.0,40.0,42.0,45.0,46.0,47.0,51.0,58.0,inferred
Ipswich,2021-08-10,24.0,29.0,32.0,33.0,34.0,37.0,39.0,41.0,43.0,44.0,46.0,50.0,56.0,inferred
Ipswich,2021-08-11,25.0,30.0,34.0,35.0,36.0,39.0,40.0,43.0,45.0,46.0,48.0,52.0,59.0,inferred
Ipswich,2021-08-12,26.0,30.0,34.0,35.0,36.0,38.0,40.0,43.0,45.0,46.0,47.2,51.0,59.0,inferred
Ipswich,2021-08-13,25.0,29.0,32.0,33.0,34.7,37.0,39.0,41.0,43.0,44.0,46.0,50.0,56.0,inferred
Ipswich,2021-08-14,21.0,25.0,28.0,29.0,30.0,32.0,34.0,36.0,38.0,39.0,40.0,44.0,50.0,inferred
Ipswich,2021-08-15,22.0,26.0,30.0,31.0,32.0,34.0,36.0,38.0,40.0,41.0,43.0,47.0,54.0,inferred
Ipswich,2021-08-16,32.0,38.0,42.0,43.0,45.0,47.0,50.0,52.0,55.0,56.0,58.0,62.0,69.0,inferred
Ipswich,2021-08-17,32.5,37.0,41.0,42.0,44.0,46.0,48.0,51.0,54.0,55.0,57.0,61.0,68.0,inferred
Ipswich,2021-08-18,33.0,39.0,43.0,44.0,46.0,48.0,50.0,53.0,55.0,57.0,59.0,63.0,70.0,inferred
Ipswich,2021-08-19,33.0,38.0,42.0,44.0,45.0,47.0,50.0,51.0,54.0,56.0,57.0,61.0,67.0,inferred
Ipswich,2021-08-20,31.0,36.0,39.0,40.0,41.0,44.0,46.0,48.0,51.0,52.0,53.0,58.0,64.0,inferred
Ipswich,2021-08-21,24.0,29.0,33.0,34.0,35.0,37.0,39.0,41.0,43.0,45.0,46.0,50.0,58.0,inferred
Ipswich,2021-08-22,27.0,31.0,34.0,36.0,37.0,39.0,41.0,43.0,45.0,47.0,48.0,52.0,60.0,inferred
Ipswich,2021-08-23,38.0,44.0,48.0,50.0,51.0,54.0,56.0,59.0,61.3,63.0,65.0,70.0,78.5,inferred
Ipswich,2021-08-24,36.0,42.0,47.0,48.0,49.0,52.0,54.0,57.0,60.0,62.0,63.0,68.0,75.0,inferred
Ipswich,2021-08-25,37.0,43.0,47.0,49.0,50.0,53.0,55.0,58.0,61.0,62.0,64.0,68.0,76.0,inferred
Ipswich,2021-08-26,36.0,42.0,45.0,47.0,49.0,51.0,54.0,56.0,58.0,60.0,62.0,66.0,74.5,inferred
Ipswich,2021-08-27,34.0,38.9,42.0,44.0,45.0,47.0,50.0,52.0,55.0,56.0,58.0,63.0,69.0,inferred
Ipswich,2021-08-28,28.0,32.0,35.0,37.0,38.0,40.0,42.0,44.0,47.0,48.0,49.0,53.0,61.0,inferred
Ipswich,2021-08-29,28.0,34.0,37.0,39.0,40.0,42.0,44.0,47.0,49.0,50.0,52.0,56.0,63.0,inferred
Ipswich,2021-08-30,42.0,48.0,52.0,54.0,55.0,58.0,61.0,64.0,66.0,68.0,69.0,75.0,81.5,inferred
Ipswich,2021-08-31,40.0,45.0,49.0,51.0,52.0,55.0,57.0,60.0,63.0,65.0,66.0,71.0,78.0,inferred
Ipswich,2021-09-01,41.0,46.0,50.0,52.0,54.0,56.0,59.0,62.0,64.0,66.0,68.0,72.0,80.0,inferred
Ipswich,2021-09-02,38.0,45.0,49.0,51.0,52.0,55.0,57.0,59.0,62.0,64.0,65.0,70.0,77.0,inferred
Ipswich,2021-09-03,34.0,40.0,45.0,46.0,47.0,50.0,52.0,54.0,57.0,58.0,60.0,65.0,72.0,inferred
Ipswich,2021-09-04,29.0,34.0,37.0,39.0,40.0,42.0,45.0,47.0,50.0,51.0,52.0,57.0,64.0,inferred
Ipswich,2021-09-05,31.0,35.0,39.0,41.0,42.0,44.0,46.0,48.0,51.0,52.0,54.0,59.0,66.0,inferred
Ipswich,2021-09-06,43.0,49.0,54.0,55.0,57.0,59.0,62.0,65.0,68.0,69.0,71.0,77.0,84.0,inferred
Ipswich,2021-09-07,39.0,46.0,50.0,52.0,53.0,56.0,58.0,61.0,64.0,65.0,67.0,71.0,80.0,inferred
Ipswich,2021-09-08,40.0,45.0,50.0,51.0,53.0,55.0,58.0,61.0,63.0,65.0,67.0,71.0,79.5,inferred
Ipswich,2021-09-09,37.0,42.0,46.0,48.0,49.0,52.0,54.0,56.0,59.0,60.0,62.0,67.0,73.0,inferred
Ipswich,2021-09-10,32.0,37.0,41.0,42.0,44.0,46.0,48.0,51.0,53.0,54.0,56.0,60.0,68.5,inferred
Ipswich,2021-09-11,25.0,30.0,34.0,35.0,36.0,38.0,40.0,42.0,45.0,46.0,48.0,51.0,58.0,inferred
Ipswich,2021-09-12,26.0,30.0,34.0,35.0,36.0,38.0,40.0,42.0,45.0,46.0,47.0,51.0,57.5,inferred
Ipswich,2021-09-13,36.0,41.0,45.0,47.0,48.0,51.0,53.0,56.0,58.0,60.0,62.0,67.0,75.0,inferred
Ipswich,2021-09-14,36.0,41.0,44.8,46.0,47.0,50.0,52.0,54.0,58.0,59.0,60.0,65.1,74.5,inferred
Ipswich,2021-09-15,38.0,44.0,48.0,50.0,51.0,54.0,56.0,59.0,62.0,63.0,65.0,69.0,78.0,inferred
Ipswich,2021-09-16,39.0,46.0,49.0,51.0,52.0,54.6,57.0,60.0,62.0,64.0,65.0,70.0,76.0,inferred
Ipswich,2021-09-17,38.0,43.0,47.0,49.8,51.0,54.0,56.0,58.0,61.0,62.0,64.0,69.0,76.0,inferred
Ipswich,2021-09-18,34.0,39.0,43.0,44.0,46.0,48.0,50.0,53.0,55.0,56.0,58.0,62.0,70.0,inferred
Ipswich,2021-09-19,37.5,44.0,47.0,49.0,50.0,53.0,55.0,58.0,60.0,61.0,63.0,67.0,75.0,inferred
Ipswich,2021-09-20,56.0,63.0,69.0,70.0,72.0,75.0,78.0,81.0,84.0,86.0,88.0,94.0,103.0,inferred
Ipswich,2021-09-21,57.0,64.0,69.0,70.0,72.0,75.0,78.0,80.0,84.0,86.0,88.0,93.0,102.0,inferred
Ipswich,2021-09-22,60.0,67.0,73.0,74.8,76.0,79.0,82.0,85.0,88.0,90.0,92.0,97.0,106.0,inferred
Ipswich,2021-09-23,60.0,68.0,73.0,75.0,76.0,79.0,82.0,85.0,88.0,90.0,92.0,97.0,106.0,inferred
Ipswich,2021-09-24,58.0,65.0,69.0,71.0,72.0,76.0,79.0,82.0,85.0,87.0,89.0,93.0,102.0,inferred
Ipswich,2021-09-25,50.0,56.0,60.0,62.0,63.0,66.0,69.0,72.0,75.0,76.0,78.0,83.0,92.0,inferred
Ipswich,2021-09-26,55.0,61.0,66.0,68.0,69.0,72.0,75.0,78.0,81.0,83.0,85.0,90.0,99.0,inferred
Ipswich,2021-09-27,79.0,87.0,92.0,95.0,97.0,101.0,104.0,108.0,112.0,114.0,117.0,123.0,132.0,inferred
Ipswich,2021-09-28,78.0,87.0,92.0,94.0,96.0,99.0,103.0,107.0,111.0,113.0,115.0,122.0,131.0,inferred
Ipswich,2021-09-29,83.0,92.0,98.0,100.0,102.0,106.0,109.0,113.0,117.0,119.0,122.0,128.0,137.5,inferred
Ipswich,2021-09-30,85.0,93.0,99.0,101.0,103.0,107.0,111.0,115.0,118.0,120.0,123.0,129.0,141.0,inferred
Ipswich,2021-10-01,83.0,91.0,97.0,99.0,101.0,105.0,108.0,111.0,115.0,117.0,119.0,126.0,135.0,inferred
Ipswich,2021-10-02,72.0,80.0,85.0,88.0,89.0,92.0,96.0,98.0,102.0,104.0,106.0,112.0,121.0,inferred
Ipswich,2021-10-03,79.0,87.0,93.0,95.0,97.0,100.0,104.0,107.0,111.0,113.0,115.0,121.0,132.0,inferred
Ipswich,2021-10-04,116.0,125.0,132.0,135.0,138.0,142.0,146.0,150.0,155.0,157.0,160.0,167.0,178.0,inferred
Ipswich,2021-10-05,117.0,126.0,133.0,136.0,138.0,142.0,145.0,149.4,155.0,157.0,160.0,168.0,178.5,inferred
Ipswich,2021-10-06,121.0,132.0,139.0,142.0,144.0,148.0,152.0,156.0,161.0,164.0,167.0,174.0,188.5,inferred
Ipswich,2021-10-07,122.0,132.0,139.0,141.0,143.0,148.0,152.0,156.0,160.0,163.0,165.0,172.0,183.5,inferred
Ipswich,2021-10-08,117.0,125.9,131.0,134.0,136.0,140.0,144.0,148.0,152.0,154.0,157.0,164.0,177.0,inferred
Ipswich,2021-10-09,98.0,107.0,114.0,117.0,118.0,123.0,126.0,130.0,133.0,135.0,138.0,145.1,156.0,inferred
Ipswich,2021-10-10,106.0,116.0,123.0,125.0,128.0,133.0,136.0,140.0,145.0,147.0,150.0,156.0,168.0,inferred
Ipswich,2021-10-11,150.0,164.0,173.0,176.0,179.0,184.0,189.0,193.0,198.0,201.0,204.0,212.0,225.0,inferred
Ipswich,2021-10-12,150.0,160.0,170.0,172.0,175.0,179.0,184.0,190.0,194.0,197.0,200.0,209.0,223.5,inferred
Ipswich,2021-10-13,153.0,165.0,172.8,175.0,178.0,183.0,188.0,193.0,198.0,201.0,205.0,213.0,226.5,inferred
Ipswich,2021-10-14,145.0,157.0,165.0,168.0,170.0,175.0,180.5,185.0,191.0,193.2,197.0,206.1,220.0,inferred
Ipswich,2021-10-15,130.0,142.0,151.0,154.0,156.0,162.0,166.0,171.0,176.0,179.0,183.0,192.0,205.0,inferred
Isle of Anglesey,2021-07-03,3.0,5.0,7.0,7.0,8.0,9.0,10.0,11.0,12.0,13.0,14.0,16.0,19.0,inferred
Isle of Anglesey,2021-07-04,3.0,5.0,7.0,7.0,8.0,9.0,10.0,11.0,13.0,14.0,14.0,17.0,21.0,inferred
Isle of Anglesey,2021-07-05,6.0,8.0,10.0,11.0,11.0,13.0,14.0,15.0,17.0,18.0,19.0,22.0,27.0,inferred
Isle of Anglesey,2021-07-06,6.0,8.0,10.0,11.0,12.0,13.0,14.0,16.0,17.0,18.0,19.0,22.0,27.0,inferred
Isle of Anglesey,2021-07-07,6.0,8.0,10.0,11.0,11.0,13.0,14.0,16.0,17.0,18.0,19.0,21.0,26.0,inferred
Isle of Anglesey,2021-07-08,5.0,7.0,9.0,10.0,11.0,12.0,13.0,14.0,16.0,17.0,18.0,21.0,25.0,inferred
Isle of Anglesey,2021-07-09,4.0,6.0,8.0,8.0,9.0,10.0,11.0,13.0,14.0,15.0,16.0,18.0,22.0,inferred
Isle of Anglesey,2021-07-10,3.0,5.0,6.0,7.0,8.0,9.0,10.0,11.0,12.0,13.0,13.0,16.0,20.0,inferred
Isle of Anglesey,2021-07-11,3.0,4.0,6.0,7.0,7.0,8.0,9.0,10.0,12.0,12.0,13.0,16.0,20.0,inferred
Isle of Anglesey,2021-07-12,5.0,7.0,9.0,9.0,10.0,12.0,13.0,14.0,16.0,16.0,17.0,20.0,24.0,inferred
Isle of Anglesey,2021-07-13,4.0,6.0,8.0,9.0,10.0,11.0,12.0,13.0,15.0,16.0,16.0,19.0,23.0,inferred
Isle of Anglesey,2021-07-14,4.0,6.0,8.0,9.0,9.0,11.0,12.0,13.0,14.0,15.0,16.0,19.0,23.0,inferred
Isle of Anglesey,2021-07-15,4.0,6.0,8.0,8.0,9.0,10.0,11.0,12.0,14.0,14.0,15.0,18.0,22.0,inferred
Isle of Anglesey,2021-07-16,3.0,5.0,6.0,7.0,7.0,8.0,10.0,11.0,12.0,12.2,14.0,16.0,20.0,inferred
Isle of Anglesey,2021-07-17,2.0,3.0,5.0,6.0,6.0,7.0,8.0,9.0,10.0,11.0,12.0,14.0,18.0,inferred
Isle of Anglesey,2021-07-18,2.0,4.0,5.0,5.0,6.0,7.0,7.0,8.4,10.0,10.0,11.0,14.0,17.0,inferred
Isle of Anglesey,2021-07-19,4.0,5.0,7.0,8.0,8.0,10.0,11.0,12.0,13.0,14.0,15.0,18.0,21.0,inferred
Isle of Anglesey,2021-07-20,3.0,5.0,7.0,8.0,8.0,9.0,11.0,12.0,13.0,14.0,15.0,18.0,22.0,inferred
Isle of Anglesey,2021-07-21,3.0,5.0,7.0,8.0,8.0,9.0,10.0,12.0,13.0,14.0,15.0,17.0,22.0,inferred
Isle of Anglesey,2021-07-22,3.0,5.0,7.0,7.0,8.0,9.0,10.0,11.0,13.0,13.0,14.0,17.0,21.0,inferred
Isle of Anglesey,2021-07-23,2.0,4.0,6.0,6.0,6.0,7.0,9.0,10.0,11.0,12.0,13.0,15.0,19.0,inferred
Isle of Anglesey,2021-07-24,2.0,3.0,4.0,5.0,5.0,6.0,7.0,8.0,9.0,10.0,11.0,13.0,17.0,inferred
Isle of Anglesey,2021-07-25,2.0,3.0,4.0,5.0,5.0,6.0,7.0,8.0,10.0,10.0,11.0,13.0,16.0,inferred
Isle of Anglesey,2021-07-26,3.0,5.0,7.0,7.0,8.0,9.0,10.0,11.0,13.0,13.0,14.0,17.0,21.0,inferred
Isle of Anglesey,2021-07-27,3.0,5.0,7.0,7.0,8.0,9.0,10.0,11.0,13.0,13.0,14.0,16.0,21.0,inferred
Isle of Anglesey,2021-07-28,3.0,5.0,7.0,8.0,8.0,9.0,10.0,11.0,13.0,14.0,14.0,17.0,21.0,inferred
Isle of Anglesey,2021-07-29,3.0,5.0,7.0,7.0,8.0,9.0,10.0,11.0,12.0,13.0,14.0,16.0,21.0,inferred
Isle of Anglesey,2021-07-30,3.0,4.0,6.0,6.0,7.0,8.0,9.0,10.0,11.0,12.0,13.0,15.0,18.0,inferred
Isle of Anglesey,2021-07-31,2.0,3.0,4.0,5.0,6.0,6.0,7.0,8.0,10.0,10.0,11.0,13.0,17.0,inferred
Isle of Anglesey,2021-08-01,2.0,3.0,5.0,5.0,6.0,7.0,8.0,9.0,10.0,10.0,11.0,13.0,17.0,inferred
Isle of Anglesey,2021-08-02,3.0,5.0,7.0,8.0,8.0,9.0,10.0,11.0,13.0,13.0,14.0,17.0,21.5,inferred
Isle of Anglesey,2021-08-03,3.0,5.0,7.0,8.0,8.0,9.0,11.0,12.0,14.0,14.0,15.0,17.0,22.0,inferred
Isle of Anglesey,2021-08-04,3.0,6.0,7.0,8.0,8.7,10.0,11.0,12.0,13.0,14.0,15.0,17.0,22.0,inferred
Isle of Anglesey,2021-08-05,4.0,6.0,8.0,8.0,9.0,10.0,11.0,13.0,14.0,15.0,16.0,18.0,23.0,inferred
Isle of Anglesey,2021-08-06,3.0,5.0,7.0,8.0,8.0,9.0,11.0,12.0,13.0,14.0,15.0,17.0,21.0,inferred
Isle of Anglesey,2021-08-07,3.0,4.0,6.0,6.0,7.0,8.0,9.0,10.0,11.0,12.0,13.0,15.0,19.0,inferred
Isle of Anglesey,2021-08-08,3.0,5.0,6.0,7.0,7.0,8.0,9.0,10.0,12.0,13.0,13.2,16.0,20.5,inferred
Isle of Anglesey,2021-08-09,5.0,8.0,10.0,10.0,11.0,12.0,13.0,15.0,16.0,17.2,18.0,21.0,27.0,inferred
Isle of Anglesey,2021-08-10,6.0,8.0,10.0,11.0,11.0,13.0,14.0,16.0,17.0,18.0,19.0,22.0,27.0,inferred
Isle of Anglesey,2021-08-11,6.0,9.0,11.0,11.0,12.0,13.0,14.0,16.0,18.0,19.0,20.0,22.1,28.0,inferred
Isle of Anglesey,2021-08-12,6.0,9.0,11.0,12.0,12.0,14.0,15.0,17.0,18.0,19.0,20.0,23.0,28.0,inferred
Isle of Anglesey,2021-08-13,5.0,8.0,10.0,10.0,11.0,13.0,14.0,16.0,17.0,18.0,19.0,22.0,26.5,inferred
Isle of Anglesey,2021-08-14,4.0,7.0,8.0,9.0,10.0,11.0,12.0,13.0,15.0,16.0,17.0,20.0,23.0,inferred
Isle of Anglesey,2021-08-15,5.0,7.0,9.0,10.0,10.0,12.0,13.0,14.0,16.0,17.0,17.0,20.0,25.0,inferred
Isle of Anglesey,2021-08-16,8.0,11.0,14.0,15.0,15.0,17.0,19.0,21.0,23.0,24.0,25.0,28.0,34.0,inferred
Isle of Anglesey,2021-08-17,10.0,13.0,15.0,16.0,17.0,19.0,21.0,22.0,24.0,25.0,26.0,30.0,36.0,inferred
Isle of Anglesey,2021-08-18,11.0,14.0,17.0,18.0,19.0,20.0,22.0,23.0,25.0,26.0,28.0,31.0,37.0,inferred
Isle of Anglesey,2021-08-19,11.0,14.0,17.0,18.0,19.0,21.0,22.0,24.0,26.0,27.0,28.0,31.0,37.0,inferred
Isle of Anglesey,2021-08-20,10.0,13.0,16.0,17.0,18.0,19.0,21.0,22.0,24.0,25.0,26.0,29.0,35.5,inferred
Isle of Anglesey,2021-08-21,8.0,11.0,14.0,15.0,16.0,17.0,19.0,20.0,22.0,23.0,24.2,28.0,34.0,inferred
Isle of Anglesey,2021-08-22,10.0,13.0,15.0,16.0,17.0,19.0,20.0,22.0,23.0,24.0,25.0,29.0,35.5,inferred
Isle of Anglesey,2021-08-23,15.0,20.0,23.0,24.0,25.0,27.0,29.0,31.0,33.0,35.0,36.0,40.0,47.0,inferred
Isle of Anglesey,2021-08-24,17.0,21.0,24.0,25.0,26.0,28.0,31.0,33.0,35.0,36.0,38.0,42.0,48.0,inferred
Isle of Anglesey,2021-08-25,18.0,22.0,25.0,27.0,28.0,30.0,32.0,34.0,36.0,37.0,39.0,43.0,49.0,inferred
Isle of Anglesey,2021-08-26,19.0,23.0,26.0,27.0,28.0,30.0,32.0,34.0,36.0,37.0,39.0,43.0,50.0,inferred
Isle of Anglesey,2021-08-27,17.0,21.0,23.0,25.0,26.0,28.0,30.0,32.0,34.0,35.0,37.0,41.0,48.0,inferred
Isle of Anglesey,2021-08-28,14.0,18.0,20.0,22.0,23.0,25.0,26.0,28.0,30.0,31.0,33.0,36.0,42.5,inferred
Isle of Anglesey,2021-08-29,15.0,19.0,22.0,23.0,24.0,26.0,28.0,30.0,32.0,33.0,34.0,38.0,44.5,inferred
Isle of Anglesey,2021-08-30,24.0,29.0,33.0,34.0,36.0,38.0,40.0,43.0,45.0,47.0,48.2,52.0,60.0,inferred
Isle of Anglesey,2021-08-31,25.0,30.0,34.0,36.0,37.0,39.0,41.0,44.0,46.0,48.0,49.0,55.0,62.0,inferred
Isle of Anglesey,2021-09-01,26.0,31.0,35.0,36.0,38.0,40.0,43.0,45.0,48.0,50.0,51.0,56.0,63.0,inferred
Isle of Anglesey,2021-09-02,26.0,31.0,35.0,36.0,38.0,40.0,42.0,45.0,47.0,49.0,50.0,54.1,61.0,inferred
Isle of Anglesey,2021-09-03,22.5,28.0,31.0,32.0,34.0,36.0,38.0,40.0,43.0,44.0,46.0,50.0,58.0,inferred
Isle of Anglesey,2021-09-04,18.0,23.0,27.0,28.0,29.0,31.0,33.0,35.0,37.0,38.0,40.0,44.0,51.0,inferred
Isle of Anglesey,2021-09-05,19.0,24.0,27.0,29.0,30.0,32.0,34.0,36.0,38.0,39.0,41.0,45.0,51.5,inferred
Isle of Anglesey,2021-09-06,31.0,36.0,39.0,41.0,42.0,45.0,47.0,50.0,52.0,54.0,56.0,61.0,68.5,inferred
Isle of Anglesey,2021-09-07,31.0,36.0,40.0,42.0,43.0,46.0,48.0,51.0,53.0,55.0,56.0,61.0,70.0,inferred
Isle of Anglesey,2021-09-08,30.0,36.0,39.0,41.0,42.0,44.0,47.0,49.0,52.0,54.0,56.0,61.0,69.5,inferred
Isle of Anglesey,2021-09-09,28.0,34.0,38.0,39.0,40.0,43.0,45.0,47.0,50.0,51.0,53.0,58.0,67.0,inferred
Isle of Anglesey,2021-09-10,24.0,30.0,33.0,34.0,35.0,37.0,40.0,42.0,44.0,46.0,47.0,51.1,59.0,inferred
Isle of Anglesey,2021-09-11,19.0,23.9,27.0,28.0,29.0,31.6,33.5,36.0,38.0,39.0,41.0,45.0,52.0,inferred
Isle of Anglesey,2021-09-12,19.0,24.0,27.0,28.0,29.0,31.0,33.0,35.0,38.0,39.0,41.0,45.0,50.5,inferred
Isle of Anglesey,2021-09-13,28.0,34.0,38.0,39.0,41.0,43.0,45.0,48.0,51.0,53.0,54.0,59.0,67.0,inferred
Isle of Anglesey,2021-09-14,29.0,35.0,38.0,40.0,41.0,44.0,46.0,49.0,52.0,53.0,55.0,60.0,69.0,inferred
Isle of Anglesey,2021-09-15,30.0,36.0,40.0,41.0,43.0,45.0,48.0,50.0,53.0,54.0,56.0,60.0,69.0,inferred
Isle of Anglesey,2021-09-16,30.0,35.0,39.0,40.0,42.0,44.0,47.0,49.0,52.0,54.0,55.0,60.0,68.0,inferred
Isle of Anglesey,2021-09-17,26.0,31.0,35.0,36.0,37.7,40.0,42.5,45.0,48.0,49.0,50.0,55.0,62.0,inferred
Isle of Anglesey,2021-09-18,22.0,27.0,31.0,32.0,33.0,36.0,38.0,40.0,42.0,44.0,45.2,50.0,57.0,inferred
Isle of Anglesey,2021-09-19,23.0,28.0,32.0,33.0,34.0,36.0,38.0,41.0,43.0,45.0,46.0,51.0,58.0,inferred
Isle of Anglesey,2021-09-20,37.0,43.0,47.0,48.0,50.0,53.0,55.0,58.0,61.0,63.0,65.0,70.0,79.0,inferred
Isle of Anglesey,2021-09-21,36.0,43.0,48.0,50.0,51.0,54.0,56.0,59.0,62.0,64.0,66.0,71.0,80.0,inferred
Isle of Anglesey,2021-09-22,37.0,43.0,48.0,49.0,51.0,53.0,56.0,59.0,62.0,64.0,66.0,71.0,80.0,inferred
Isle of Anglesey,2021-09-23,36.0,42.0,46.0,47.0,49.0,52.0,54.0,57.0,60.0,61.0,63.0,68.0,75.5,inferred
Isle of Anglesey,2021-09-24,30.0,36.0,40.0,42.0,43.0,46.0,48.0,50.0,53.0,55.0,57.0,62.0,70.0,inferred
Isle of Anglesey,2021-09-25,25.0,30.0,33.0,35.0,36.0,38.0,41.0,43.0,45.0,47.0,48.0,53.0,59.5,inferred
Isle of Anglesey,2021-09-26,25.0,30.0,34.0,36.0,37.0,39.0,41.0,44.0,46.0,47.0,49.0,53.0,59.0,inferred
Isle of Anglesey,2021-09-27,37.0,43.0,47.0,49.0,50.0,53.0,56.0,59.0,62.0,63.0,65.0,70.0,79.0,inferred
Isle of Anglesey,2021-09-28,37.0,43.0,47.0,49.0,51.0,53.6,56.0,59.0,62.0,64.0,66.0,71.0,79.0,inferred
Isle of Anglesey,2021-09-29,36.0,42.0,46.0,48.0,50.0,53.0,56.0,58.0,62.0,63.0,65.0,69.0,77.0,inferred
Isle of Anglesey,2021-09-30,34.0,40.0,44.0,45.0,47.0,50.0,52.0,55.0,58.0,60.0,62.0,67.0,73.0,inferred
Isle of Anglesey,2021-10-01,28.0,34.0,38.0,40.0,42.0,44.0,47.0,49.0,52.0,53.0,55.0,59.0,66.0,inferred
Isle of Anglesey,2021-10-02,24.0,28.0,32.0,33.0,34.0,37.0,40.0,41.4,44.0,46.0,47.0,52.0,59.5,inferred
Isle of Anglesey,2021-10-03,24.0,28.0,32.0,33.0,34.0,36.6,39.0,41.0,43.0,45.0,46.0,51.0,58.0,inferred
Isle of Anglesey,2021-10-04,34.0,40.0,44.0,46.0,48.0,50.0,53.0,55.0,59.0,61.0,63.0,68.0,77.0,inferred
Isle of Anglesey,2021-10-05,34.0,40.0,44.8,46.0,48.0,51.0,53.0,56.0,59.0,61.0,63.0,68.0,77.0,inferred
Isle of Anglesey,2021-10-06,35.0,42.0,45.0,47.0,48.0,51.0,54.0,56.0,59.0,61.0,63.0,68.0,76.0,inferred
Isle of Anglesey,2021-10-07,34.0,40.0,44.0,46.0,47.0,50.0,53.0,55.0,58.0,60.0,62.0,67.0,75.0,inferred
Isle of Anglesey,2021-10-08,30.0,36.0,40.0,41.0,43.0,46.0,48.0,50.0,53.0,55.0,56.0,62.0,70.0,inferred
Isle of Anglesey,2021-10-09,26.0,30.0,34.0,36.0,37.0,39.0,41.0,44.0,46.0,48.0,50.0,54.0,61.0,inferred
Isle of Anglesey,2021-10-10,26.0,31.0,35.0,36.0,37.0,40.0,42.0,44.0,47.0,48.0,50.0,55.1,63.0,inferred
Isle of Anglesey,2021-10-11,40.0,46.0,50.0,52.0,54.0,57.0,60.0,62.0,65.0,67.0,69.0,75.0,83.0,inferred
Isle of Anglesey,2021-10-12,40.5,47.0,50.0,52.0,53.0,56.0,59.5,62.0,66.0,67.0,70.0,75.0,84.0,inferred
Isle of Anglesey,2021-10-13,39.0,46.0,50.0,52.0,53.0,56.0,59.0,62.0,65.0,67.0,69.0,74.0,83.0,inferred
Isle of Anglesey,2021-10-14,36.5,43.0,47.0,49.0,50.0,53.0,56.0,59.0,62.0,64.0,66.0,71.0,81.0,inferred
Isle of Anglesey,2021-10-15,29.0,35.0,40.0,41.8,43.0,46.0,49.0,51.0,55.0,56.0,58.0,63.0,72.0,inferred
Isle of Wight,2021-07-03,3.0,4.0,6.0,6.0,7.0,8.0,9.0,11.0,12.0,13.0,14.0,17.0,22.0,inferred
Isle of Wight,2021-07-04,3.0,6.0,8.0,8.0,9.0,10.0,11.0,13.0,14.0,15.0,16.0,19.0,23.5,inferred
Isle of Wight,2021-07-05,7.0,10.0,13.0,13.0,14.0,16.0,18.0,19.0,21.0,22.0,24.0,28.0,33.0,inferred
Isle of Wight,2021-07-06,8.0,11.0,14.0,15.0,16.0,18.0,19.0,21.0,23.0,24.0,26.0,29.0,35.0,inferred
Isle of Wight,2021-07-07,10.0,14.0,17.0,18.0,19.0,20.0,22.0,24.0,26.0,27.2,29.0,33.0,39.0,inferred
Isle of Wight,2021-07-08,12.0,16.0,19.0,20.0,21.0,22.0,24.0,26.0,28.0,30.0,31.0,34.0,41.0,inferred
Isle of Wight,2021-07-09,12.0,16.0,19.0,21.0,22.0,24.0,26.0,28.0,30.0,31.0,33.0,37.0,43.0,inferred
Isle of Wight,2021-07-10,12.0,16.0,18.0,19.8,20.0,22.0,24.0,26.0,28.0,30.0,31.0,35.0,42.0,inferred
Isle of Wight,2021-07-11,15.0,19.0,22.0,23.8,25.0,27.0,29.0,31.0,33.0,35.0,37.0,40.0,47.0,inferred
Isle of Wight,2021-07-12,26.0,31.0,36.0,37.0,39.0,41.0,44.0,47.0,50.0,51.0,53.0,57.1,66.0,inferred
Isle of Wight,2021-07-13,28.0,34.0,38.0,39.0,41.0,44.0,46.0,49.0,52.0,54.0,56.0,61.0,70.0,inferred
Isle of Wight,2021-07-14,28.0,35.0,39.0,41.0,43.0,45.0,48.0,50.0,54.0,55.0,57.0,64.0,72.0,inferred
Isle of Wight,2021-07-15,27.5,34.0,39.0,40.0,41.0,44.0,47.0,50.0,53.0,55.0,56.2,62.0,70.5,inferred
Isle of Wight,2021-07-16,26.0,31.0,36.0,37.0,39.0,42.0,44.0,47.0,50.0,52.0,53.0,58.0,68.0,inferred
Isle of Wight,2021-07-17,23.0,27.0,31.0,32.0,33.0,36.0,38.0,41.0,43.0,45.0,47.0,52.0,60.0,inferred
Isle of Wight,2021-07-18,23.0,28.0,32.0,33.0,35.0,37.0,40.0,42.0,45.0,46.0,48.0,54.0,62.0,inferred
Isle of Wight,2021-07-19,34.0,41.0,46.0,47.0,49.0,52.0,55.0,58.0,61.0,63.0,65.0,71.0,82.0,inferred
Isle of Wight,2021-07-20,33.0,39.0,43.0,45.0,46.7,50.0,52.0,55.0,59.0,60.0,62.0,67.0,77.0,inferred
Isle of Wight,2021-07-21,31.0,37.0,41.0,43.0,45.0,48.0,51.0,54.0,57.0,58.0,60.0,65.0,73.0,inferred
Isle of Wight,2021-07-22,27.0,33.0,37.0,38.0,40.0,43.0,45.0,48.0,51.0,53.0,55.0,60.0,69.0,inferred
Isle of Wight,2021-07-23,22.5,29.0,33.0,34.0,35.0,38.0,40.0,43.0,45.0,47.0,49.0,54.0,60.5,inferred
Isle of Wight,2021-07-24,18.0,22.0,25.8,27.0,28.0,30.0,32.0,35.0,37.0,39.0,40.0,44.0,51.5,inferred
Isle of Wight,2021-07-25,17.0,22.0,25.0,26.0,27.0,30.0,32.0,34.0,37.0,38.0,40.0,43.0,51.0,inferred
Isle of Wight,2021-07-26,23.0,29.0,33.0,35.0,36.0,38.0,41.0,43.0,46.0,48.0,50.0,54.0,63.0,inferred
Isle of Wight,2021-07-27,22.0,28.0,31.0,32.0,34.0,36.0,39.0,41.0,43.0,45.0,47.0,52.0,60.0,inferred
Isle of Wight,2021-07-28,22.0,28.0,31.0,33.0,34.0,36.0,39.0,41.0,44.0,45.0,47.0,51.0,59.0,inferred
Isle of Wight,2021-07-29,21.0,26.0,30.0,31.0,32.0,35.0,37.0,39.0,42.0,44.0,45.0,50.0,56.0,inferred
Isle of Wight,2021-07-30,18.0,23.9,27.0,28.0,29.0,32.0,34.0,36.0,39.0,40.0,42.0,46.0,53.5,inferred
Isle of Wight,2021-07-31,15.0,19.0,22.0,23.0,24.0,26.0,28.0,30.0,33.0,34.0,36.0,40.0,48.0,inferred
Isle of Wight,2021-08-01,15.0,20.0,23.0,25.0,26.0,28.0,30.0,32.0,35.0,36.0,37.0,41.0,48.0,inferred
Isle of Wight,2021-08-02,23.0,28.0,32.0,34.0,35.0,37.0,40.0,43.0,46.0,47.0,49.0,54.0,62.0,inferred
Isle of Wight,2021-08-03,22.0,28.0,32.0,34.0,35.0,38.0,40.0,43.0,46.0,47.0,49.0,54.0,62.0,inferred
Isle of Wight,2021-08-04,27.0,32.0,36.0,37.0,39.0,42.0,44.0,47.0,50.0,52.0,54.0,59.0,67.0,inferred
Isle of Wight,2021-08-05,27.0,33.0,37.0,39.0,40.0,43.0,45.0,48.0,51.0,53.0,55.0,60.0,68.0,inferred
Isle of Wight,2021-08-06,28.0,34.0,38.0,39.0,41.0,44.0,46.0,49.0,52.0,54.0,55.2,61.0,68.0,inferred
Isle of Wight,2021-08-07,25.5,30.9,35.0,37.0,38.0,40.0,43.0,45.0,48.0,50.0,51.0,57.0,64.5,inferred
Isle of Wight,2021-08-08,29.0,34.0,38.8,40.0,42.0,45.0,47.0,50.0,53.0,55.0,57.0,62.0,71.0,inferred
Isle of Wight,2021-08-09,45.0,53.0,59.0,61.0,62.0,66.0,69.0,73.0,76.0,79.0,81.0,87.0,97.0,inferred
Isle of Wight,2021-08-10,47.0,55.0,60.0,62.0,64.0,68.0,71.0,75.0,78.3,81.0,83.0,90.0,101.0,inferred
Isle of Wight,2021-08-11,51.0,59.0,65.0,67.0,69.0,73.0,76.0,79.0,83.0,86.0,88.0,95.0,106.0,inferred
Isle of Wight,2021-08-12,50.5,59.0,64.0,66.0,68.0,72.0,75.0,79.0,82.0,85.0,87.0,94.0,105.0,inferred
Isle of Wight,2021-08-13,49.5,57.0,62.0,64.0,66.0,70.0,73.0,77.0,80.0,82.0,85.0,91.0,101.0,inferred
Isle of Wight,2021-08-14,42.0,50.0,55.0,57.0,59.0,62.0,65.0,68.0,72.0,74.0,76.0,82.0,90.0,inferred
Isle of Wight,2021-08-15,47.0,54.0,59.0,60.0,62.0,66.0,69.0,73.0,76.0,78.0,81.0,87.0,97.0,inferred
Isle of Wight,2021-08-16,68.0,78.0,84.0,87.0,89.0,93.0,97.0,101.0,106.0,108.0,111.0,119.0,131.5,inferred
Isle of Wight,2021-08-17,66.0,75.0,82.0,85.0,87.0,91.0,94.0,98.0,102.0,105.0,107.0,115.0,127.0,inferred
Isle of Wight,2021-08-18,68.0,76.0,82.0,84.0,87.0,91.0,95.0,99.0,103.0,105.0,108.0,116.0,129.0,inferred
Isle of Wight,2021-08-19,62.0,70.0,76.0,79.0,81.0,84.0,88.0,91.4,96.0,98.0,100.0,108.1,119.0,inferred
Isle of Wight,2021-08-20,56.0,64.0,69.0,71.0,73.0,77.0,80.0,83.0,87.0,89.0,92.0,99.0,109.0,inferred
Isle of Wight,2021-08-21,45.0,52.0,57.0,59.0,60.7,64.0,67.0,69.0,73.0,75.0,78.0,84.0,93.5,inferred
Isle of Wight,2021-08-22,44.0,52.0,57.0,59.0,60.0,64.0,66.0,70.0,73.0,75.0,77.0,84.0,93.0,inferred
Isle of Wight,2021-08-23,61.0,69.0,75.0,78.0,80.0,84.0,88.0,92.0,97.0,99.0,102.0,109.0,119.0,inferred
Isle of Wight,2021-08-24,57.5,65.0,71.0,73.0,75.0,79.0,83.0,87.0,91.0,94.0,97.0,104.0,116.0,inferred
Isle of Wight,2021-08-25,58.0,65.0,71.0,73.0,75.0,78.0,82.0,85.0,89.0,92.0,94.0,102.0,113.0,inferred
Isle of Wight,2021-08-26,53.0,60.0,65.0,67.0,69.0,73.0,76.0,80.0,83.0,85.0,87.0,94.0,103.0,inferred
Isle of Wight,2021-08-27,46.0,54.0,59.0,60.0,62.0,65.0,68.0,71.0,76.0,78.0,80.0,86.0,96.0,inferred
Isle of Wight,2021-08-28,37.5,44.0,49.0,50.0,52.0,55.0,58.0,61.0,64.0,66.0,68.0,73.0,83.0,inferred
Isle of Wight,2021-08-29,37.0,44.0,48.0,50.0,52.0,55.0,58.0,61.0,64.0,66.0,69.0,74.0,83.0,inferred
Isle of Wight,2021-08-30,51.0,59.0,65.0,67.8,69.0,73.0,76.0,79.0,83.3,86.0,88.0,95.0,109.0,inferred
Isle of Wight,2021-08-31,49.0,57.0,62.0,64.0,66.0,70.0,73.0,77.0,80.0,82.2,85.0,91.0,102.5,inferred
Isle of Wight,2021-09-01,48.0,56.0,61.0,63.0,65.0,68.0,72.0,75.0,79.0,81.0,83.0,90.0,101.0,inferred
Isle of Wight,2021-09-02,45.0,51.0,57.0,58.0,61.0,64.0,67.0,70.0,74.0,77.0,79.0,84.0,94.5,inferred
Isle of Wight,2021-09-03,40.0,46.0,51.0,53.0,55.0,58.0,61.0,65.0,67.0,69.0,71.0,78.0,87.0,inferred
Isle of Wight,2021-09-04,32.0,37.0,42.0,44.0,45.0,48.0,51.0,53.0,57.0,58.0,60.0,65.0,74.0,inferred
Isle of Wight,2021-09-05,32.0,38.0,43.0,45.0,46.0,49.0,52.0,55.0,57.3,59.0,61.0,67.0,76.0,inferred
Isle of Wight,2021-09-06,45.0,52.0,57.0,59.0,61.0,64.0,67.0,71.0,74.0,76.0,78.0,84.0,94.0,inferred
Isle of Wight,2021-09-07,41.0,48.0,53.0,55.0,57.0,60.0,63.0,66.0,70.0,72.0,73.2,80.0,89.0,inferred
Isle of Wight,2021-09-08,40.0,47.0,52.0,53.0,55.0,58.0,61.0,64.0,68.0,70.0,72.0,78.0,89.0,inferred
Isle of Wight,2021-09-09,36.0,42.0,46.0,48.0,50.0,53.0,56.0,59.0,63.0,64.0,66.0,72.0,82.5,inferred
Isle of Wight,2021-09-10,31.5,38.0,42.0,43.0,45.0,47.0,50.0,53.0,55.3,57.0,59.2,65.0,75.0,inferred
Isle of Wight,2021-09-11,24.0,29.0,33.0,35.0,36.0,38.0,40.0,43.0,46.0,47.0,49.0,54.0,62.5,inferred
Isle of Wight,2021-09-12,24.0,29.0,33.0,34.0,35.0,38.0,40.0,42.0,45.0,47.0,49.0,54.0,62.0,inferred
Isle of Wight,2021-09-13,33.0,40.0,44.0,45.0,47.0,50.0,52.0,55.0,58.0,60.0,62.0,68.0,78.0,inferred
Isle of Wight,2021-09-14,32.0,37.0,42.0,44.0,45.0,48.0,51.0,54.0,57.0,59.0,61.0,67.0,75.0,inferred
Isle of Wight,2021-09-15,34.0,40.0,45.0,46.0,48.0,51.0,54.0,56.0,59.0,61.0,63.0,69.0,80.0,inferred
Isle of Wight,2021-09-16,33.0,41.0,45.0,47.0,48.0,51.0,54.0,56.4,59.0,61.0,63.0,70.0,79.0,inferred
Isle of Wight,2021-09-17,33.0,39.0,44.0,45.0,47.0,50.0,52.0,56.0,59.0,60.0,62.0,68.0,77.0,inferred
Isle of Wight,2021-09-18,28.0,34.0,39.0,41.0,42.0,45.0,48.0,50.0,53.0,55.0,57.0,62.1,71.0,inferred
Isle of Wight,2021-09-19,32.0,39.0,43.0,45.0,46.0,49.0,52.0,55.0,58.0,60.0,61.0,67.0,77.5,inferred
Isle of Wight,2021-09-20,49.0,57.0,63.0,65.0,67.0,70.0,73.0,77.0,81.0,83.0,85.0,92.0,103.0,inferred
Isle of Wight,2021-09-21,50.0,59.0,65.0,67.0,69.0,72.0,75.0,79.0,83.0,85.0,87.0,93.0,104.0,inferred
Isle of Wight,2021-09-22,54.0,63.0,69.0,71.0,73.0,77.0,81.0,85.0,89.0,91.0,93.0,100.0,111.0,inferred
Isle of Wight,2021-09-23,56.0,64.0,69.0,71.0,73.0,77.0,81.0,85.0,89.0,91.0,93.0,100.0,109.0,inferred
Isle of Wight,2021-09-24,54.0,62.9,68.0,71.0,73.0,76.0,79.0,83.0,87.0,89.0,92.0,99.0,109.0,inferred
Isle of Wight,2021-09-25,48.5,56.0,62.0,64.0,66.0,69.0,72.0,76.0,79.0,81.0,83.0,90.0,101.0,inferred
Isle of Wight,2021-09-26,53.0,62.0,67.0,69.0,71.0,75.0,78.0,82.0,86.0,89.0,91.0,98.0,110.0,inferred
Isle of Wight,2021-09-27,80.0,89.0,97.0,99.0,102.0,106.0,110.0,115.0,120.0,122.0,126.0,133.0,144.0,inferred
Isle of Wight,2021-09-28,80.0,89.0,96.0,99.0,101.0,106.0,110.0,114.0,119.0,121.0,125.0,133.0,145.0,inferred
Isle of Wight,2021-09-29,82.0,92.0,99.0,102.0,104.0,108.0,113.0,117.0,122.0,125.0,128.0,135.0,147.0,inferred
Isle of Wight,2021-09-30,80.0,88.9,95.0,97.0,100.0,104.0,108.0,112.0,116.3,119.0,122.0,131.0,141.5,inferred
Isle of Wight,2021-10-01,72.0,83.0,88.0,91.0,93.0,98.0,101.5,105.0,110.0,112.0,115.0,121.0,133.0,inferred
Isle of Wight,2021-10-02,62.0,69.0,75.0,77.0,80.0,83.0,87.0,91.0,95.0,98.0,100.0,106.0,117.0,inferred
Isle of Wight,2021-10-03,64.0,74.0,80.0,82.0,84.0,88.0,92.0,95.0,99.0,101.0,104.0,110.0,122.5,inferred
Isle of Wight,2021-10-04,92.0,102.0,109.0,112.0,115.0,120.0,124.0,129.0,134.0,136.0,139.0,147.1,160.0,inferred
Isle of Wight,2021-10-05,88.5,98.9,106.0,109.0,111.0,115.0,120.0,125.0,130.0,132.0,136.0,144.0,160.0,inferred
Isle of Wight,2021-10-06,91.0,101.0,108.0,110.0,112.0,117.0,121.0,125.0,130.0,133.2,136.0,145.0,158.5,inferred
Isle of Wight,2021-10-07,85.5,96.0,102.0,105.0,107.0,111.0,116.0,120.0,125.0,127.0,130.0,140.0,154.0,inferred
Isle of Wight,2021-10-08,78.0,88.0,93.0,96.0,98.0,102.0,107.0,111.0,116.0,118.0,121.0,129.0,141.0,inferred
Isle of Wight,2021-10-09,65.0,73.0,80.0,83.0,84.0,88.0,92.0,95.0,100.0,102.0,105.0,113.0,123.0,inferred
Isle of Wight,2021-10-10,69.0,77.0,83.0,85.0,87.0,91.0,94.0,98.0,103.0,105.0,108.0,115.0,126.0,inferred
Isle of Wight,2021-10-11,95.0,104.0,112.0,115.0,117.0,121.0,126.0,131.0,136.0,139.0,141.2,149.1,165.0,inferred
Isle of Wight,2021-10-12,90.0,101.0,107.0,110.0,113.0,118.0,122.0,127.0,132.0,134.0,137.0,145.0,157.0,inferred
Isle of Wight,2021-10-13,89.0,99.0,106.0,109.0,112.0,116.0,120.0,125.0,130.0,133.0,137.0,146.0,163.5,inferred
Isle of Wight,2021-10-14,81.0,91.0,98.0,101.0,103.7,108.0,113.0,117.0,122.0,125.0,128.0,137.0,151.5,inferred
Isle of Wight,2021-10-15,72.0,81.0,88.0,91.0,93.0,98.0,103.0,107.0,113.0,117.0,120.0,127.0,140.5,inferred
Isles of Scilly,2021-07-03,57.0,73.9,86.0,91.0,95.0,102.0,110.0,117.0,125.3,131.0,136.0,154.1,181.0,inferred
Isles of Scilly,2021-07-04,67.0,81.0,94.0,98.0,102.0,111.0,119.0,127.0,136.0,141.0,148.0,164.0,191.0,inferred
Isles of Scilly,2021-07-05,106.0,127.0,139.0,145.0,151.0,162.0,171.0,180.0,192.0,197.0,205.0,222.1,257.0,inferred
Isles of Scilly,2021-07-06,115.5,138.0,152.0,158.0,164.0,174.0,184.0,193.4,205.0,212.0,219.0,239.1,274.0,inferred
Isles of Scilly,2021-07-07,124.5,147.0,162.0,168.0,175.0,186.0,196.0,208.0,219.0,224.0,233.0,254.0,285.5,inferred
Isles of Scilly,2021-07-08,136.0,158.0,175.8,182.0,188.0,198.0,209.0,220.0,232.0,239.0,246.2,271.0,308.0,inferred
Isles of Scilly,2021-07-09,132.0,156.0,174.0,181.0,187.0,199.0,210.0,221.0,233.0,239.0,247.0,269.1,309.5,inferred
Isles of Scilly,2021-07-10,114.5,138.9,156.0,164.0,169.0,179.6,191.0,201.4,213.0,220.0,229.0,247.0,281.5,inferred
Isles of Scilly,2021-07-11,138.5,161.0,178.0,184.0,190.0,201.0,210.0,223.0,236.0,243.0,252.0,271.0,312.0,inferred
Isles of Scilly,2021-07-12,212.0,242.0,264.0,274.8,283.0,297.0,311.0,328.0,343.0,351.0,363.0,394.0,434.5,inferred
Isles of Scilly,2021-07-13,229.5,266.0,286.0,294.0,303.0,317.0,331.0,346.0,361.3,371.2,381.0,412.0,453.0,inferred
Isles of Scilly,2021-07-14,222.0,256.0,278.0,287.0,295.0,309.0,323.0,337.0,351.3,361.0,370.0,398.0,447.0,inferred
Isles of Scilly,2021-07-15,214.0,248.0,269.0,276.0,283.0,298.0,311.0,326.0,340.0,350.0,359.0,383.0,421.5,inferred
Isles of Scilly,2021-07-16,190.5,219.0,239.0,247.0,255.0,270.0,283.0,294.0,307.0,318.0,326.0,351.0,392.5,inferred
Isles of Scilly,2021-07-17,152.5,176.0,192.0,199.0,205.0,217.0,229.0,240.0,255.0,261.0,269.0,292.0,329.0,inferred
Isles of Scilly,2021-07-18,149.0,176.0,194.0,202.0,210.0,222.0,233.0,246.0,259.0,267.0,276.0,300.0,335.0,inferred
Isles of Scilly,2021-07-19,218.0,249.0,269.0,277.0,285.0,300.0,314.0,327.0,342.0,350.2,361.0,389.0,442.0,inferred
Isles of Scilly,2021-07-20,211.0,245.0,265.0,271.0,279.0,294.0,308.0,323.0,338.3,348.0,359.0,385.0,433.6,inferred
Isles of Scilly,2021-07-21,192.0,220.0,238.0,248.0,256.0,270.0,282.0,295.0,309.0,320.0,329.0,359.1,402.5,inferred
Isles of Scilly,2021-07-22,179.5,205.9,225.0,232.0,239.0,251.0,263.0,278.0,291.0,298.0,308.0,335.0,374.5,inferred
Isles of Scilly,2021-07-23,153.0,175.0,192.0,199.0,206.0,217.0,228.0,239.0,254.0,261.0,269.0,292.1,330.0,inferred
Isles of Scilly,2021-07-24,109.0,133.0,147.0,154.0,159.0,169.0,179.0,190.0,202.0,209.2,217.0,236.0,269.0,inferred
Isles of Scilly,2021-07-25,104.5,126.9,139.8,146.0,152.0,163.0,171.0,182.0,194.0,201.0,209.0,232.0,262.0,inferred
Isles of Scilly,2021-07-26,145.0,173.0,188.0,194.8,201.0,215.0,226.0,236.0,250.0,259.0,267.0,291.0,326.0,inferred
Isles of Scilly,2021-07-27,148.5,172.0,192.0,199.0,205.0,217.0,228.0,239.0,252.0,258.2,267.2,292.0,334.5,inferred
Isles of Scilly,2021-07-28,149.0,173.0,190.0,198.0,204.0,216.0,228.0,240.0,253.0,260.0,269.0,293.1,336.0,inferred
Isles of Scilly,2021-07-29,150.0,174.0,191.0,198.0,204.0,216.6,228.0,240.0,252.0,259.0,268.0,288.1,327.0,inferred
Isles of Scilly,2021-07-30,138.0,163.0,179.0,186.0,192.0,203.0,213.0,224.0,238.0,246.2,254.0,277.0,312.0,inferred
Isles of Scilly,2021-07-31,113.0,135.0,150.0,156.0,163.0,175.0,185.0,195.0,208.0,215.0,222.0,243.0,279.5,inferred
Isles of Scilly,2021-08-01,123.0,145.0,164.0,171.0,178.0,189.6,200.0,212.0,225.0,232.0,241.0,266.0,301.0,inferred
Isles of Scilly,2021-08-02,184.5,212.0,236.0,244.0,252.0,264.0,276.0,288.0,307.0,314.0,324.0,350.0,395.0,inferred
Isles of Scilly,2021-08-03,189.5,219.0,241.0,252.0,260.0,274.0,287.0,300.0,315.0,324.0,333.0,361.0,403.5,inferred
Isles of Scilly,2021-08-04,188.5,223.0,243.0,251.0,259.0,273.0,285.0,298.0,314.0,323.0,332.2,358.0,400.5,inferred
Isles of Scilly,2021-08-05,193.5,222.0,243.0,250.0,257.0,271.0,285.0,297.0,310.0,318.0,328.0,351.0,400.0,inferred
Isles of Scilly,2021-08-06,169.0,202.0,222.0,228.0,235.0,246.0,259.0,272.0,285.0,293.0,302.0,325.0,364.5,inferred
Isles of Scilly,2021-08-07,142.9,168.0,183.0,190.0,196.0,208.0,219.0,231.0,245.0,253.0,260.0,283.1,328.0,inferred
Isles of Scilly,2021-08-08,153.0,176.0,193.0,199.0,204.0,218.0,231.0,243.0,257.0,264.0,273.0,296.0,338.5,inferred
Isles of Scilly,2021-08-09,223.5,254.0,274.0,282.0,289.0,304.0,319.0,334.0,350.0,359.0,371.0,399.0,442.0,inferred
Isles of Scilly,2021-08-10,235.0,272.9,295.0,304.0,313.0,329.0,346.0,360.0,377.0,385.0,396.0,428.0,480.5,inferred
Isles of Scilly,2021-08-11,271.0,304.0,326.0,335.0,343.0,359.0,374.0,389.0,407.0,418.0,431.0,461.0,507.0,inferred
Isles of Scilly,2021-08-12,306.5,337.0,360.0,370.0,380.0,396.0,411.0,425.0,441.3,451.0,463.2,494.1,544.5,inferred
Isles of Scilly,2021-08-13,304.0,341.0,369.0,378.8,387.0,402.0,418.0,435.0,454.0,463.0,473.0,503.1,562.0,inferred
Isles of Scilly,2021-08-14,285.5,318.0,339.0,348.8,356.0,373.0,389.5,404.0,420.0,428.0,438.0,466.0,519.5,inferred
Isles of Scilly,2021-08-15,327.4,370.0,395.0,405.0,413.0,429.0,446.0,462.0,479.0,490.0,500.0,530.1,581.5,inferred
Isles of Scilly,2021-08-16,513.0,564.0,601.8,616.0,625.7,646.0,667.0,689.0,712.3,724.0,736.0,776.1,839.5,inferred
Isles of Scilly,2021-08-17,536.5,595.0,631.0,645.8,659.0,682.0,705.0,729.0,753.0,764.2,782.0,821.1,883.5,inferred
Isles of Scilly,2021-08-18,513.0,566.0,601.8,614.0,627.0,650.0,671.5,692.0,715.0,730.0,742.0,786.0,846.0,inferred
Isles of Scilly,2021-08-19,484.0,532.9,563.0,577.0,589.0,611.0,630.0,651.0,672.3,684.0,700.0,734.0,787.0,inferred
Isles of Scilly,2021-08-20,408.5,455.0,488.8,500.0,510.7,529.0,549.0,566.0,585.0,595.0,607.2,641.0,694.5,inferred
Isles of Scilly,2021-08-21,317.5,355.0,380.8,390.0,399.7,418.0,432.0,448.0,467.0,477.2,488.2,523.0,575.0,inferred
Isles of Scilly,2021-08-22,317.0,351.0,378.0,389.0,397.0,413.0,428.0,443.0,461.0,471.2,484.0,517.1,558.5,inferred
Isles of Scilly,2021-08-23,419.5,470.0,500.0,513.0,523.0,545.0,563.0,580.0,601.0,618.0,630.0,665.0,722.0,inferred
Isles of Scilly,2021-08-24,406.0,449.0,477.8,489.0,500.0,519.0,538.0,556.0,578.3,589.0,602.0,637.0,696.0,inferred
Isles of Scilly,2021-08-25,371.5,410.9,438.0,449.0,459.0,477.0,499.0,517.0,534.3,545.0,560.0,590.0,635.0,inferred
Isles of Scilly,2021-08-26,337.0,376.9,402.0,412.0,421.0,437.0,452.5,468.0,486.0,493.0,504.0,536.0,582.0,inferred
Isles of Scilly,2021-08-27,280.5,313.0,337.0,346.0,355.0,371.0,386.0,403.0,418.0,428.2,440.0,470.0,518.0,inferred
Isles of Scilly,2021-08-28,206.5,238.0,257.0,266.0,272.0,285.0,299.0,313.0,329.0,336.2,346.0,368.0,406.0,inferred
Isles of Scilly,2021-08-29,198.0,223.0,245.0,253.0,260.0,274.0,286.5,301.0,314.0,322.2,330.0,356.1,403.5,inferred
Isles of Scilly,2021-08-30,252.0,293.9,320.0,328.0,336.0,352.0,368.0,385.0,402.0,412.0,422.0,451.0,493.0,inferred
Isles of Scilly,2021-08-31,253.0,281.0,302.0,313.0,321.0,337.6,353.0,368.0,384.0,393.0,405.0,431.0,485.0,inferred
Isles of Scilly,2021-09-01,230.5,264.9,286.0,293.8,303.0,317.0,331.0,347.0,361.0,369.0,379.0,409.0,450.0,inferred
Isles of Scilly,2021-09-02,220.5,250.0,271.0,279.0,287.0,302.0,315.0,329.0,344.3,353.0,363.0,389.0,428.0,inferred
Isles of Scilly,2021-09-03,189.0,218.0,239.0,245.8,252.0,265.0,276.0,288.0,302.0,310.0,319.2,346.0,390.0,inferred
Isles of Scilly,2021-09-04,144.0,169.0,185.0,193.0,198.0,211.0,222.5,234.0,247.0,253.0,262.0,288.0,326.0,inferred
Isles of Scilly,2021-09-05,143.0,168.0,187.0,194.0,200.0,213.0,224.0,235.4,249.0,256.0,265.0,290.0,332.0,inferred
Isles of Scilly,2021-09-06,197.5,225.0,249.0,258.0,265.0,278.0,293.0,306.4,323.0,332.0,340.2,366.0,405.5,inferred
Isles of Scilly,2021-09-07,195.5,226.0,245.0,252.0,259.0,272.6,286.0,299.0,316.0,326.2,337.0,362.0,398.0,inferred
Isles of Scilly,2021-09-08,178.0,205.0,226.8,233.0,241.0,256.6,270.0,283.0,297.0,307.0,315.0,337.0,381.0,inferred
Isles of Scilly,2021-09-09,170.5,192.9,214.0,221.0,228.0,240.0,253.0,264.0,280.0,288.0,296.2,324.1,359.5,inferred
Isles of Scilly,2021-09-10,141.0,167.0,183.0,191.0,196.0,208.0,219.0,231.0,245.0,252.0,262.0,284.0,319.0,inferred
Isles of Scilly,2021-09-11,106.0,127.9,141.0,149.0,155.0,165.0,175.0,186.0,197.0,204.0,211.0,232.0,265.5,inferred
Isles of Scilly,2021-09-12,107.0,127.0,143.0,148.0,153.0,164.0,173.5,184.0,196.0,203.2,211.0,232.0,262.0,inferred
Isles of Scilly,2021-09-13,143.0,171.0,190.0,197.0,203.7,215.0,227.0,240.0,253.0,259.2,269.0,291.0,326.5,inferred
Isles of Scilly,2021-09-14,150.5,177.0,194.0,201.0,207.0,219.0,231.0,243.0,257.0,266.0,274.0,301.1,338.5,inferred
Isles of Scilly,2021-09-15,150.0,174.0,195.0,202.0,208.0,220.0,232.0,243.0,257.0,265.2,275.0,296.0,341.5,inferred
Isles of Scilly,2021-09-16,155.5,181.0,199.0,207.0,214.0,224.6,236.0,250.0,261.0,268.0,276.0,303.0,335.5,inferred
Isles of Scilly,2021-09-17,146.0,170.0,188.0,196.0,202.0,213.0,224.0,236.0,248.0,256.0,266.0,288.0,331.5,inferred
Isles of Scilly,2021-09-18,123.0,144.0,159.0,165.0,171.0,182.0,191.0,203.0,215.0,220.0,229.2,254.0,297.5,inferred
Isles of Scilly,2021-09-19,127.5,153.0,171.0,179.0,184.0,196.0,207.0,217.0,230.0,237.0,247.0,269.0,304.0,inferred
Isles of Scilly,2021-09-20,191.5,223.9,244.0,253.0,262.0,273.6,289.0,301.0,317.3,327.0,338.0,364.0,410.5,inferred
Isles of Scilly,2021-09-21,204.4,241.0,261.0,269.0,277.0,290.0,306.0,319.0,335.0,345.0,354.0,382.0,438.0,inferred
Isles of Scilly,2021-09-22,215.5,246.0,266.0,274.0,281.0,296.0,310.0,323.0,338.0,348.0,358.0,387.1,433.0,inferred
Isles of Scilly,2021-09-23,219.0,247.0,269.0,278.0,285.0,302.0,316.0,329.0,343.3,351.2,363.0,388.0,431.0,inferred
Isles of Scilly,2021-09-24,209.0,236.0,258.0,268.0,274.0,288.0,301.0,315.0,328.0,336.2,348.0,377.0,415.5,inferred
Isles of Scilly,2021-09-25,176.5,203.0,222.0,229.0,235.0,248.0,258.0,270.4,284.3,293.0,303.0,330.0,372.5,inferred
Isles of Scilly,2021-09-26,190.0,215.0,235.8,243.0,249.0,263.0,275.0,289.0,303.0,311.0,321.0,347.1,385.5,inferred
Isles of Scilly,2021-09-27,283.0,317.9,341.0,352.0,361.0,378.6,394.0,410.0,428.0,438.0,449.0,481.1,535.5,inferred
Isles of Scilly,2021-09-28,296.4,338.0,360.0,370.0,379.0,395.0,411.0,427.0,446.0,455.2,467.0,501.1,558.0,inferred
Isles of Scilly,2021-09-29,293.5,332.0,357.0,367.0,377.0,392.6,408.5,425.0,446.0,456.0,468.0,497.0,549.0,inferred
Isles of Scilly,2021-09-30,290.5,330.0,354.0,363.8,372.7,389.0,405.5,421.0,439.0,452.0,462.0,493.1,546.5,inferred
Isles of Scilly,2021-10-01,271.0,301.0,327.8,335.0,343.0,359.0,373.0,390.0,407.0,415.0,426.2,457.0,497.0,inferred
Isles of Scilly,2021-10-02,216.0,249.0,272.0,280.0,288.0,304.0,319.0,332.0,345.0,355.0,364.0,390.1,435.0,inferred
Isles of Scilly,2021-10-03,230.9,262.0,282.8,293.0,301.0,314.0,328.0,342.0,358.0,365.0,374.0,403.1,444.0,inferred
Isles of Scilly,2021-10-04,339.5,373.0,398.0,410.0,421.0,437.0,456.0,472.0,493.0,505.0,518.0,553.1,610.5,inferred
Isles of Scilly,2021-10-05,350.0,390.0,414.8,424.8,436.0,454.0,470.0,488.0,508.0,517.0,530.0,570.0,626.0,inferred
Isles of Scilly,2021-10-06,334.0,382.0,411.0,422.0,431.0,447.6,466.0,485.0,503.3,514.0,525.2,559.0,618.0,inferred
Isles of Scilly,2021-10-07,342.0,382.0,408.0,418.0,428.0,445.0,460.0,478.0,496.0,506.2,521.0,552.1,604.5,inferred
Isles of Scilly,2021-10-08,310.5,346.0,372.0,383.8,391.0,406.0,422.0,438.0,454.0,465.0,477.0,507.0,558.0,inferred
Isles of Scilly,2021-10-09,254.0,286.0,308.0,319.0,328.0,344.0,357.0,371.0,386.0,395.0,403.2,433.0,481.0,inferred
Isles of Scilly,2021-10-10,263.0,304.9,329.0,338.8,346.0,361.6,376.0,391.0,407.0,415.0,426.2,457.1,508.0,inferred
Isles of Scilly,2021-10-11,388.5,424.0,455.0,467.0,477.0,497.0,516.0,534.0,553.0,564.2,580.0,617.0,674.0,inferred
Isles of Scilly,2021-10-12,382.5,428.0,457.0,465.8,477.7,497.0,515.0,535.4,556.0,566.0,577.2,615.0,666.6,inferred
Isles of Scilly,2021-10-13,367.0,407.9,435.0,446.0,455.7,474.0,492.0,510.0,528.0,540.0,553.0,586.0,644.5,inferred
Isles of Scilly,2021-10-14,342.0,381.9,409.0,421.0,429.0,448.6,466.0,486.4,506.0,517.2,530.2,566.1,617.5,inferred
Isles of Scilly,2021-10-15,293.0,332.9,358.0,368.8,380.0,399.0,414.0,435.0,453.0,463.0,475.0,508.1,571.1,inferred
Islington,2021-07-03,60.0,69.0,74.0,77.0,79.0,83.0,86.0,90.0,94.0,97.0,99.0,107.0,117.0,inferred
Islington,2021-07-04,66.0,74.0,79.0,82.0,84.0,87.6,91.0,94.0,99.0,100.0,103.0,110.1,121.0,inferred
Islington,2021-07-05,99.0,109.0,116.0,118.0,121.0,126.0,130.0,134.0,138.0,141.0,143.0,152.0,166.0,inferred
Islington,2021-07-06,97.0,110.0,117.0,119.0,121.0,126.0,130.0,134.0,139.0,141.0,144.0,151.0,164.0,inferred
Islington,2021-07-07,105.0,116.0,123.0,126.0,128.0,132.0,136.0,140.0,145.0,148.0,151.0,159.0,171.5,inferred
Islington,2021-07-08,106.0,116.0,123.0,126.0,129.0,133.0,138.0,142.0,146.0,149.0,152.0,160.0,174.0,inferred
Islington,2021-07-09,99.0,110.0,118.0,121.0,123.0,128.0,132.0,137.0,142.0,145.0,147.0,156.0,168.0,inferred
Islington,2021-07-10,89.0,98.0,105.0,107.0,110.0,113.0,118.0,122.0,127.0,129.0,132.0,139.0,152.0,inferred
Islington,2021-07-11,93.0,103.0,111.0,113.0,116.0,120.0,125.0,130.0,134.0,137.0,139.0,147.0,161.0,inferred
Islington,2021-07-12,139.0,151.0,159.0,163.0,166.0,171.0,177.0,182.0,188.0,192.0,195.0,206.0,220.5,inferred
Islington,2021-07-13,137.0,150.0,158.0,161.0,164.0,169.0,175.0,181.0,187.0,191.0,194.2,204.0,221.0,inferred
Islington,2021-07-14,145.0,155.0,164.0,167.0,170.0,175.0,180.0,186.0,192.0,195.0,198.0,209.0,225.0,inferred
Islington,2021-07-15,136.0,150.0,158.0,161.0,164.7,170.0,175.0,181.0,187.0,189.0,193.0,202.0,218.0,inferred
Islington,2021-07-16,122.0,135.0,144.0,146.0,149.0,155.0,160.0,164.0,170.0,173.0,176.0,185.0,199.0,inferred
Islington,2021-07-17,103.5,115.0,121.0,124.0,127.0,132.0,137.0,141.0,146.0,149.0,152.0,160.0,175.0,inferred
Islington,2021-07-18,103.0,114.0,122.0,125.0,128.0,133.0,137.0,141.0,146.0,149.0,152.0,161.0,175.0,inferred
Islington,2021-07-19,146.0,159.0,168.0,171.0,173.0,179.0,184.0,190.0,195.0,198.0,202.0,213.0,229.0,inferred
Islington,2021-07-20,131.0,146.0,154.0,157.0,159.0,166.0,171.0,177.0,183.0,186.0,190.0,199.0,214.0,inferred
Islington,2021-07-21,128.0,138.0,147.0,150.0,153.0,158.0,163.0,168.0,174.0,177.0,180.2,190.0,204.5,inferred
Islington,2021-07-22,112.0,122.0,130.0,133.0,136.0,141.0,145.0,150.0,155.0,158.0,161.0,170.0,187.0,inferred
Islington,2021-07-23,92.0,102.0,109.0,112.0,114.0,119.0,123.0,127.0,132.0,135.0,137.0,146.0,159.0,inferred
Islington,2021-07-24,69.0,78.0,84.0,87.0,89.0,93.0,97.0,101.0,105.0,107.0,110.0,116.0,126.0,inferred
Islington,2021-07-25,63.0,73.0,78.8,81.0,83.0,87.0,90.0,94.0,98.0,101.0,103.0,110.0,121.0,inferred
Islington,2021-07-26,85.0,96.0,103.0,105.0,107.0,111.0,115.5,120.0,125.0,127.0,130.0,138.0,149.5,inferred
Islington,2021-07-27,77.0,87.0,94.0,96.0,98.0,103.0,107.0,111.0,115.0,117.0,120.0,127.0,141.5,inferred
Islington,2021-07-28,80.0,89.0,95.0,97.0,100.0,104.0,108.0,112.0,117.0,119.0,122.0,131.0,143.5,inferred
Islington,2021-07-29,78.0,86.0,92.0,95.0,97.0,101.0,106.0,109.0,113.0,116.0,118.0,126.0,137.0,inferred
Islington,2021-07-30,70.0,78.0,84.0,87.0,89.0,93.0,96.0,101.0,105.0,107.0,110.0,116.1,128.5,inferred
Islington,2021-07-31,57.0,65.0,71.0,73.0,75.0,79.0,82.0,86.0,90.0,92.0,95.0,101.0,111.0,inferred
Islington,2021-08-01,58.0,67.0,73.0,75.0,77.0,80.0,83.0,87.0,91.0,93.0,95.2,101.0,112.0,inferred
Islington,2021-08-02,82.5,93.0,100.0,102.0,105.0,110.0,114.0,118.0,123.0,126.0,128.0,136.0,150.0,inferred
Islington,2021-08-03,81.0,90.0,96.0,99.0,101.0,105.0,109.0,114.0,118.0,120.0,123.0,132.0,144.0,inferred
Islington,2021-08-04,82.0,92.0,99.0,102.0,104.0,108.0,112.0,117.0,121.0,124.0,127.0,134.0,145.0,inferred
Islington,2021-08-05,79.5,89.0,96.0,98.0,101.0,105.0,109.0,113.0,117.0,119.0,122.0,130.0,143.0,inferred
Islington,2021-08-06,72.0,81.0,87.0,90.0,92.0,97.0,100.0,104.0,109.0,111.0,113.0,121.0,134.0,inferred
Islington,2021-08-07,60.0,69.0,75.0,77.0,79.0,83.0,87.0,90.0,94.0,96.2,99.0,105.0,116.0,inferred
Islington,2021-08-08,60.0,70.0,76.0,78.0,80.0,84.0,87.0,91.0,94.0,97.0,99.0,106.0,117.0,inferred
Islington,2021-08-09,88.0,99.0,106.0,108.0,111.0,115.0,119.0,124.0,128.0,131.0,134.0,142.0,153.5,inferred
Islington,2021-08-10,85.5,95.0,101.0,103.0,106.0,110.0,114.0,118.0,123.0,126.0,129.0,136.0,151.0,inferred
Islington,2021-08-11,85.5,94.0,102.0,104.0,106.0,111.0,115.0,120.0,124.0,127.0,130.0,137.0,149.0,inferred
Islington,2021-08-12,80.0,89.0,96.0,98.0,101.0,105.0,109.0,112.0,116.0,119.0,121.0,132.0,144.0,inferred
Islington,2021-08-13,68.0,79.0,85.0,88.0,90.0,95.0,98.0,102.0,105.0,108.0,111.0,118.0,132.0,inferred
Islington,2021-08-14,57.0,66.0,71.0,73.0,75.0,79.0,82.0,85.0,89.0,92.0,94.0,100.0,112.0,inferred
Islington,2021-08-15,58.0,64.0,70.0,72.0,74.0,78.0,81.0,84.0,88.0,90.0,93.0,99.0,109.5,inferred
Islington,2021-08-16,79.0,87.0,94.0,97.0,100.0,104.0,108.0,112.0,116.0,118.2,122.0,130.0,142.0,inferred
Islington,2021-08-17,73.0,82.0,88.0,91.0,93.0,97.0,101.0,105.0,109.0,111.0,114.0,121.0,132.5,inferred
Islington,2021-08-18,73.0,82.0,88.0,90.0,92.0,96.0,100.0,104.0,109.0,111.0,114.0,121.0,131.0,inferred
Islington,2021-08-19,66.0,75.0,81.0,83.0,85.0,90.0,94.0,97.0,101.0,103.0,105.0,112.0,124.0,inferred
Islington,2021-08-20,58.0,67.0,72.0,74.0,76.0,80.0,83.0,87.0,91.0,93.0,95.0,103.0,114.0,inferred
Islington,2021-08-21,45.0,53.0,58.0,60.0,62.0,65.0,68.0,71.0,75.0,77.0,80.0,85.0,96.0,inferred
Islington,2021-08-22,44.0,51.0,56.0,58.0,60.0,63.0,66.0,69.0,72.0,74.0,76.0,83.0,93.0,inferred
Islington,2021-08-23,62.0,71.0,76.0,78.0,80.0,84.0,88.0,91.0,96.0,98.0,101.0,107.0,118.0,inferred
Islington,2021-08-24,58.0,66.0,71.0,74.0,75.0,79.0,83.0,86.0,90.0,92.0,95.0,101.0,111.0,inferred
Islington,2021-08-25,58.0,66.0,72.0,73.0,75.0,79.0,83.0,86.0,90.0,92.0,95.0,101.0,111.0,inferred
Islington,2021-08-26,52.0,62.0,67.0,70.0,71.0,75.0,78.0,82.0,86.0,88.0,90.0,96.1,107.0,inferred
Islington,2021-08-27,46.5,55.0,60.0,62.0,64.0,68.0,71.0,74.0,78.0,80.0,82.0,89.0,98.0,inferred
Islington,2021-08-28,38.0,45.0,50.0,52.0,53.0,56.0,59.0,62.0,66.0,68.0,70.0,76.0,85.0,inferred
Islington,2021-08-29,39.0,45.0,50.0,51.0,53.0,56.0,59.0,62.0,65.0,67.0,69.0,75.0,83.0,inferred
Islington,2021-08-30,55.0,63.0,68.0,71.0,73.0,77.0,80.0,84.0,88.0,90.0,92.0,99.0,110.5,inferred
Islington,2021-08-31,51.0,59.0,66.0,68.0,70.0,74.0,77.0,81.0,85.0,87.0,89.0,97.0,106.5,inferred
Islington,2021-09-01,53.5,62.0,67.0,70.0,72.0,75.0,79.0,82.4,86.0,88.0,91.0,96.0,105.0,inferred
Islington,2021-09-02,52.0,60.0,65.0,67.0,69.0,73.0,76.0,79.0,83.0,85.0,87.0,93.0,102.5,inferred
Islington,2021-09-03,48.0,55.0,60.0,62.0,64.0,67.0,70.0,73.0,77.0,79.0,81.0,87.0,96.0,inferred
Islington,2021-09-04,39.0,46.0,50.0,52.0,53.0,56.0,59.0,62.0,66.0,68.0,70.0,75.1,86.0,inferred
Islington,2021-09-05,38.5,46.0,51.0,53.0,55.0,58.0,61.0,64.0,67.0,69.0,71.0,77.0,86.0,inferred
Islington,2021-09-06,56.0,65.0,70.0,73.0,75.0,79.0,82.0,87.0,91.0,93.0,95.0,102.0,112.5,inferred
Islington,2021-09-07,53.0,60.0,66.0,68.0,70.0,73.0,77.0,81.0,84.0,87.0,89.0,95.0,105.0,inferred
Islington,2021-09-08,52.0,59.0,65.0,67.0,69.0,72.0,75.0,78.0,82.0,84.0,87.0,93.0,105.0,inferred
Islington,2021-09-09,46.0,54.0,59.0,61.0,63.0,66.0,69.0,72.0,76.0,78.0,79.2,86.0,95.5,inferred
Islington,2021-09-10,38.0,45.0,50.0,51.8,53.0,56.0,59.0,62.0,65.0,67.0,69.0,75.0,85.0,inferred
Islington,2021-09-11,30.0,35.0,39.0,41.0,42.0,45.0,48.0,51.0,54.0,55.0,57.0,62.0,71.0,inferred
Islington,2021-09-12,28.0,33.0,37.0,39.0,40.0,43.0,46.0,48.0,52.0,53.0,55.0,60.1,69.0,inferred
Islington,2021-09-13,38.5,45.0,49.0,51.0,53.0,56.0,59.0,61.4,65.0,67.0,69.0,75.0,84.0,inferred
Islington,2021-09-14,35.0,41.0,46.0,47.0,49.0,52.0,55.0,58.0,62.0,64.0,66.0,71.0,79.0,inferred
Islington,2021-09-15,36.0,42.0,47.0,49.0,50.0,54.0,56.0,60.0,63.0,65.0,67.0,73.0,83.0,inferred
Islington,2021-09-16,35.0,41.0,46.0,48.0,49.0,53.0,55.0,58.0,61.0,63.0,65.0,71.0,80.0,inferred
Islington,2021-09-17,31.5,38.0,42.0,44.0,46.0,48.0,51.0,53.4,57.0,58.0,60.0,65.0,72.0,inferred
Islington,2021-09-18,26.0,32.0,35.8,37.0,39.0,41.0,44.0,46.0,49.0,51.0,53.0,58.0,66.0,inferred
Islington,2021-09-19,26.5,32.0,35.0,37.0,38.0,41.0,44.0,47.0,50.0,51.0,53.0,58.0,66.0,inferred
Islington,2021-09-20,39.5,46.0,50.0,52.0,54.0,57.0,60.0,63.0,66.0,68.0,70.0,77.0,86.0,inferred
Islington,2021-09-21,37.0,44.0,48.0,50.0,51.0,54.0,57.0,60.0,64.0,65.0,67.2,73.0,82.0,inferred
Islington,2021-09-22,37.5,45.0,49.0,51.0,53.0,56.0,58.0,62.0,65.0,67.0,68.2,74.0,83.0,inferred
Islington,2021-09-23,36.0,43.0,47.0,49.0,51.0,53.0,56.0,59.0,63.0,64.0,66.0,72.0,78.0,inferred
Islington,2021-09-24,32.0,39.0,43.0,45.0,46.0,49.0,52.0,55.0,58.0,59.0,61.0,67.0,74.0,inferred
Islington,2021-09-25,27.0,32.0,36.0,37.0,39.0,41.0,44.0,46.0,49.0,51.0,53.0,59.0,66.0,inferred
Islington,2021-09-26,26.0,31.0,35.0,37.0,38.0,41.0,43.0,46.0,49.0,50.0,52.0,57.1,67.0,inferred
Islington,2021-09-27,40.0,46.0,51.0,53.0,54.0,57.0,61.0,64.0,67.0,69.0,71.0,76.0,86.0,inferred
Islington,2021-09-28,37.0,45.0,49.0,51.0,53.0,56.0,59.0,62.0,65.0,67.0,69.0,74.1,84.0,inferred
Islington,2021-09-29,37.0,45.0,50.0,52.0,53.0,56.0,59.0,62.0,65.0,67.0,69.0,75.0,86.5,inferred
Islington,2021-09-30,37.0,43.0,48.0,50.0,52.0,55.0,58.0,60.0,64.0,66.0,68.0,73.1,83.0,inferred
Islington,2021-10-01,33.0,40.0,44.0,46.0,47.0,50.0,53.0,56.0,59.0,60.0,62.0,68.0,76.0,inferred
Islington,2021-10-02,27.0,33.0,37.0,38.0,40.0,42.0,45.0,47.0,50.0,52.0,54.0,59.0,67.0,inferred
Islington,2021-10-03,27.0,33.0,38.0,39.0,41.0,43.0,46.0,48.0,51.0,53.0,55.0,60.0,67.0,inferred
Islington,2021-10-04,41.0,48.0,53.0,55.0,57.0,60.0,63.0,66.0,69.0,71.0,73.0,79.0,88.0,inferred
Islington,2021-10-05,39.0,46.0,51.0,53.0,55.0,59.0,62.0,65.0,68.0,70.0,72.0,78.0,87.0,inferred
Islington,2021-10-06,41.0,49.0,54.0,56.0,58.0,61.0,63.5,67.0,70.0,72.0,74.0,80.0,88.0,inferred
Islington,2021-10-07,41.0,47.0,52.0,54.0,56.0,59.0,62.0,65.0,68.0,70.0,72.0,78.0,86.0,inferred
Islington,2021-10-08,38.0,44.0,49.0,50.0,52.0,55.0,58.0,61.0,64.0,66.0,68.0,73.1,82.0,inferred
Islington,2021-10-09,31.0,37.0,42.0,43.0,45.0,48.0,50.0,53.0,56.0,58.0,60.0,65.0,73.0,inferred
Islington,2021-10-10,32.5,38.0,43.0,44.0,46.0,49.0,52.0,54.0,57.0,59.0,61.0,67.0,76.0,inferred
Islington,2021-10-11,47.5,55.0,61.0,63.0,64.0,68.0,72.0,75.4,79.0,81.0,84.0,89.0,102.0,inferred
Islington,2021-10-12,46.0,54.0,59.0,61.0,63.0,66.0,70.0,73.0,77.0,78.0,81.0,87.0,97.5,inferred
Islington,2021-10-13,47.0,54.0,60.0,62.0,64.0,67.0,71.0,74.0,78.0,80.0,82.0,88.0,100.0,inferred
Islington,2021-10-14,45.0,52.0,58.0,60.0,62.0,65.0,69.0,72.0,75.0,77.0,79.0,85.0,96.0,inferred
Islington,2021-10-15,39.0,47.0,53.0,55.0,57.0,59.0,62.0,65.0,69.0,71.0,73.0,80.0,89.5,inferred
Kensington and Chelsea,2021-07-03,36.0,41.0,45.0,47.0,48.0,50.0,53.0,55.0,57.3,59.0,61.0,66.0,73.0,inferred
Kensington and Chelsea,2021-07-04,38.0,44.0,47.0,49.0,50.0,53.0,56.0,58.0,60.0,62.0,64.0,69.0,75.0,inferred
Kensington and Chelsea,2021-07-05,57.0,64.0,69.0,70.0,72.0,75.0,78.0,80.0,83.0,85.0,87.0,92.0,101.0,inferred
Kensington and Chelsea,2021-07-06,55.5,63.0,67.0,69.0,71.0,73.0,76.0,79.0,82.0,84.0,85.0,90.0,100.0,inferred
Kensington and Chelsea,2021-07-07,59.0,66.0,70.0,72.0,74.0,77.0,79.0,82.0,85.0,87.0,89.0,94.0,103.5,inferred
Kensington and Chelsea,2021-07-08,58.5,65.0,70.0,71.0,73.0,75.0,78.0,81.0,84.0,86.0,88.0,93.0,102.0,inferred
Kensington and Chelsea,2021-07-09,54.0,60.0,64.8,67.0,68.0,71.0,74.0,77.0,79.0,81.0,83.0,87.0,96.0,inferred
Kensington and Chelsea,2021-07-10,46.0,52.0,57.0,58.0,60.0,62.0,65.0,68.0,70.0,72.0,74.0,79.0,87.0,inferred
Kensington and Chelsea,2021-07-11,47.0,54.0,59.0,60.0,62.0,64.0,67.0,70.0,73.0,74.0,77.0,82.0,89.0,inferred
Kensington and Chelsea,2021-07-12,68.5,78.0,83.0,85.0,87.0,90.6,94.0,97.0,101.0,103.0,105.0,112.0,122.0,inferred
Kensington and Chelsea,2021-07-13,70.0,77.0,82.0,84.0,86.0,89.0,92.0,96.0,99.0,101.0,104.0,109.0,120.5,inferred
Kensington and Chelsea,2021-07-14,72.0,79.0,84.0,86.0,88.0,91.0,95.0,98.0,102.0,103.0,106.0,113.0,123.0,inferred
Kensington and Chelsea,2021-07-15,69.0,77.0,82.0,84.0,86.0,88.0,91.0,95.0,98.0,100.0,102.0,108.0,118.0,inferred
Kensington and Chelsea,2021-07-16,61.0,69.0,74.0,76.0,77.0,80.0,83.0,86.0,89.0,91.0,94.0,99.0,109.5,inferred
Kensington and Chelsea,2021-07-17,51.0,58.0,62.0,63.0,65.0,67.0,70.0,73.0,76.0,78.0,80.0,85.0,94.0,inferred
Kensington and Chelsea,2021-07-18,51.0,57.0,61.0,63.0,65.0,68.0,70.0,73.0,76.0,78.0,80.0,84.0,92.0,inferred
Kensington and Chelsea,2021-07-19,71.0,80.0,85.0,87.0,88.0,92.0,96.0,99.0,102.0,105.0,107.0,112.0,121.0,inferred
Kensington and Chelsea,2021-07-20,65.0,72.0,77.0,80.0,81.0,84.0,87.0,90.0,93.0,96.0,98.0,104.0,113.0,inferred
Kensington and Chelsea,2021-07-21,62.0,68.0,74.0,76.0,77.0,81.0,83.0,86.0,89.0,91.0,93.0,99.0,108.0,inferred
Kensington and Chelsea,2021-07-22,54.0,60.0,64.0,66.0,68.0,71.0,74.0,77.0,80.0,81.0,83.0,88.0,97.0,inferred
Kensington and Chelsea,2021-07-23,45.0,51.0,55.0,57.0,58.0,61.0,63.0,65.0,68.0,70.0,72.0,77.0,86.0,inferred
Kensington and Chelsea,2021-07-24,33.0,39.0,43.0,44.0,45.0,47.0,50.0,52.0,55.0,56.0,58.0,61.0,67.0,inferred
Kensington and Chelsea,2021-07-25,31.0,36.0,40.0,41.0,42.0,45.0,47.0,49.0,52.0,53.0,55.0,59.0,65.0,inferred
Kensington and Chelsea,2021-07-26,42.0,48.0,52.0,53.0,55.0,57.0,60.0,62.0,65.0,66.0,68.0,73.0,80.0,inferred
Kensington and Chelsea,2021-07-27,39.0,44.0,48.0,49.0,51.0,53.0,56.0,59.0,61.0,63.0,65.0,69.0,76.5,inferred
Kensington and Chelsea,2021-07-28,40.0,45.0,49.0,51.0,52.0,55.0,58.0,60.0,62.0,64.0,66.0,71.0,78.0,inferred
Kensington and Chelsea,2021-07-29,38.5,44.9,48.0,50.0,52.0,54.0,57.0,59.0,61.0,63.0,65.0,69.0,77.0,inferred
Kensington and Chelsea,2021-07-30,35.0,41.0,44.0,45.8,47.0,49.0,52.0,54.0,57.0,58.0,60.0,64.0,72.0,inferred
Kensington and Chelsea,2021-07-31,30.0,34.0,37.0,39.0,40.0,42.0,44.0,46.0,49.0,50.0,51.0,56.0,62.0,inferred
Kensington and Chelsea,2021-08-01,29.0,34.0,38.0,39.0,41.0,43.0,45.0,47.0,49.0,51.0,52.0,55.0,62.0,inferred
Kensington and Chelsea,2021-08-02,42.5,49.0,52.0,54.0,55.0,58.0,60.0,63.0,66.0,68.0,70.0,75.0,82.5,inferred
Kensington and Chelsea,2021-08-03,39.0,46.0,50.0,52.0,53.0,56.0,59.0,61.0,64.0,66.0,67.0,72.0,79.0,inferred
Kensington and Chelsea,2021-08-04,41.0,47.0,51.0,53.0,55.0,57.0,59.0,62.0,64.0,66.0,68.0,72.0,80.0,inferred
Kensington and Chelsea,2021-08-05,39.0,45.0,50.0,51.0,52.0,55.0,57.0,60.0,63.0,64.0,66.0,70.0,77.0,inferred
Kensington and Chelsea,2021-08-06,36.0,41.0,44.0,46.0,48.0,50.0,52.0,55.0,58.0,59.0,61.0,66.0,74.0,inferred
Kensington and Chelsea,2021-08-07,29.0,35.0,38.0,39.0,40.0,43.0,45.0,47.0,49.0,51.0,52.0,57.0,64.0,inferred
Kensington and Chelsea,2021-08-08,30.0,35.0,38.8,40.0,41.0,43.0,45.0,48.0,50.0,51.0,53.0,57.0,64.0,inferred
Kensington and Chelsea,2021-08-09,43.0,50.0,54.0,55.0,57.0,59.6,62.0,64.0,67.0,69.0,71.0,75.0,82.0,inferred
Kensington and Chelsea,2021-08-10,41.0,48.0,52.0,53.0,55.0,58.0,60.0,63.0,65.0,67.0,69.0,73.0,82.0,inferred
Kensington and Chelsea,2021-08-11,42.0,48.0,52.0,54.0,55.0,58.0,61.0,63.0,66.0,67.0,69.0,74.0,82.0,inferred
Kensington and Chelsea,2021-08-12,41.0,46.0,51.0,52.0,54.0,56.0,59.0,61.0,63.3,65.2,67.0,72.0,80.0,inferred
Kensington and Chelsea,2021-08-13,37.0,42.0,45.8,47.0,48.0,51.0,53.0,55.0,58.0,59.0,61.0,65.0,73.0,inferred
Kensington and Chelsea,2021-08-14,29.0,35.0,38.0,40.0,41.0,43.0,45.0,48.0,50.0,51.0,53.0,57.0,64.0,inferred
Kensington and Chelsea,2021-08-15,29.0,34.0,38.0,39.0,41.0,43.0,45.0,47.0,50.0,51.0,53.0,57.0,64.0,inferred
Kensington and Chelsea,2021-08-16,42.0,48.0,53.0,55.0,56.0,59.0,61.0,64.0,67.0,68.0,70.0,75.0,83.0,inferred
Kensington and Chelsea,2021-08-17,40.0,46.0,50.0,52.0,53.0,56.0,58.0,61.0,64.0,66.0,67.0,72.0,79.0,inferred
Kensington and Chelsea,2021-08-18,41.0,47.0,51.0,52.0,53.0,56.0,58.0,61.0,64.0,65.0,67.0,71.0,78.0,inferred
Kensington and Chelsea,2021-08-19,38.0,43.0,47.0,48.0,50.0,52.0,54.0,56.0,59.0,61.0,63.0,68.0,75.5,inferred
Kensington and Chelsea,2021-08-20,31.5,37.0,41.0,43.0,44.0,47.0,49.0,51.0,54.0,55.0,56.0,61.0,68.0,inferred
Kensington and Chelsea,2021-08-21,26.0,31.0,34.0,35.0,37.0,39.0,41.0,43.0,45.0,46.2,48.0,51.0,59.0,inferred
Kensington and Chelsea,2021-08-22,27.0,31.0,34.0,35.0,36.0,39.0,40.0,43.0,45.0,46.0,48.0,52.0,59.0,inferred
Kensington and Chelsea,2021-08-23,36.0,41.0,46.0,47.0,49.0,51.0,54.0,56.0,59.0,60.0,62.0,67.0,74.0,inferred
Kensington and Chelsea,2021-08-24,33.0,40.0,43.0,45.0,46.0,49.0,51.0,54.0,56.0,57.0,59.0,63.0,71.0,inferred
Kensington and Chelsea,2021-08-25,35.0,41.0,44.0,45.0,47.0,49.0,51.0,53.0,56.0,57.0,59.0,63.0,71.0,inferred
Kensington and Chelsea,2021-08-26,33.0,38.0,41.0,43.0,45.0,47.0,49.0,51.0,54.0,55.0,57.0,61.0,69.0,inferred
Kensington and Chelsea,2021-08-27,30.0,34.0,38.0,39.0,40.0,42.0,45.0,47.0,50.0,51.0,53.0,57.0,62.0,inferred
Kensington and Chelsea,2021-08-28,24.0,29.0,32.0,33.0,34.0,36.0,38.0,40.0,43.0,44.0,46.0,49.0,55.0,inferred
Kensington and Chelsea,2021-08-29,24.0,29.0,32.0,33.0,34.0,36.0,38.0,41.0,43.0,44.0,46.0,50.0,56.0,inferred
Kensington and Chelsea,2021-08-30,35.0,41.0,45.0,46.0,48.0,50.0,52.0,55.0,58.0,59.0,61.0,65.0,73.0,inferred
Kensington and Chelsea,2021-08-31,33.5,39.0,43.0,45.0,46.0,49.0,51.0,54.0,56.0,58.0,59.0,63.0,70.0,inferred
Kensington and Chelsea,2021-09-01,36.0,41.0,45.0,46.0,47.0,50.0,52.0,54.0,57.0,59.0,60.0,64.0,71.0,inferred
Kensington and Chelsea,2021-09-02,36.0,41.0,45.0,46.0,47.0,50.0,52.0,54.0,57.0,58.0,60.0,64.0,72.0,inferred
Kensington and Chelsea,2021-09-03,32.0,37.0,41.0,42.0,44.0,46.0,48.0,51.0,53.0,54.0,56.0,60.0,67.0,inferred
Kensington and Chelsea,2021-09-04,26.0,31.0,35.0,36.0,37.0,39.0,41.0,43.4,46.0,48.0,49.0,53.0,60.0,inferred
Kensington and Chelsea,2021-09-05,27.0,32.0,35.0,37.0,38.0,40.0,42.0,44.0,46.0,48.0,49.0,54.0,61.0,inferred
Kensington and Chelsea,2021-09-06,40.5,46.0,51.0,52.0,53.0,56.0,59.0,61.0,64.0,66.0,67.0,72.0,79.0,inferred
Kensington and Chelsea,2021-09-07,38.0,44.0,48.0,49.0,50.0,53.0,55.0,58.0,61.0,62.0,64.0,68.0,76.0,inferred
Kensington and Chelsea,2021-09-08,37.0,43.0,47.0,48.0,49.0,52.0,54.0,56.0,59.3,61.0,63.0,67.0,74.0,inferred
Kensington and Chelsea,2021-09-09,34.0,40.0,43.0,44.0,46.0,48.0,50.0,52.0,55.0,57.0,58.0,63.0,70.0,inferred
Kensington and Chelsea,2021-09-10,29.5,34.0,38.0,39.0,40.0,42.0,44.0,47.0,49.0,50.0,51.0,56.0,61.5,inferred
Kensington and Chelsea,2021-09-11,23.0,27.0,30.0,31.0,32.0,34.0,36.0,38.0,41.0,42.0,43.0,47.0,52.0,inferred
Kensington and Chelsea,2021-09-12,22.0,26.0,29.0,30.0,31.0,33.0,35.0,37.0,39.0,41.0,42.0,46.0,51.0,inferred
Kensington and Chelsea,2021-09-13,30.5,36.0,39.0,40.0,42.0,44.0,46.0,49.0,51.0,53.0,54.0,59.0,65.0,inferred
Kensington and Chelsea,2021-09-14,29.0,34.0,37.0,39.0,40.0,42.0,44.0,46.0,49.0,51.0,52.0,56.0,63.0,inferred
Kensington and Chelsea,2021-09-15,31.0,37.0,40.0,41.0,42.0,44.0,47.0,49.0,51.0,53.0,54.0,59.0,66.0,inferred
Kensington and Chelsea,2021-09-16,31.0,36.0,40.0,41.0,42.0,44.0,46.0,49.0,51.0,52.2,54.0,59.0,65.0,inferred
Kensington and Chelsea,2021-09-17,27.0,33.0,36.0,37.0,39.0,41.0,44.0,46.0,48.0,49.0,50.0,54.0,61.0,inferred
Kensington and Chelsea,2021-09-18,24.0,29.0,32.0,33.0,34.0,36.0,38.0,40.0,42.0,43.0,45.0,48.0,54.5,inferred
Kensington and Chelsea,2021-09-19,24.0,29.0,33.0,34.0,35.0,37.0,39.0,41.0,43.0,44.0,45.2,49.1,56.0,inferred
Kensington and Chelsea,2021-09-20,36.0,42.0,46.0,47.0,49.0,51.0,54.0,56.0,59.0,60.0,62.0,67.0,74.0,inferred
Kensington and Chelsea,2021-09-21,36.0,41.0,45.0,46.0,47.0,50.0,52.0,54.0,57.0,59.0,60.0,65.0,73.0,inferred
Kensington and Chelsea,2021-09-22,35.0,41.0,45.0,46.0,47.0,50.0,52.0,54.0,57.0,58.0,60.0,64.0,71.0,inferred
Kensington and Chelsea,2021-09-23,34.0,40.0,43.0,45.0,46.0,48.0,50.0,53.0,55.0,57.0,58.0,63.0,69.0,inferred
Kensington and Chelsea,2021-09-24,30.0,35.0,38.0,40.0,41.0,43.0,45.0,48.0,50.0,51.0,53.0,57.0,64.0,inferred
Kensington and Chelsea,2021-09-25,25.0,29.0,32.0,33.0,34.0,36.0,38.0,40.0,43.0,44.0,45.0,49.0,55.0,inferred
Kensington and Chelsea,2021-09-26,25.0,29.0,32.0,33.0,34.0,36.0,38.0,41.0,43.0,44.0,45.0,50.0,56.0,inferred
Kensington and Chelsea,2021-09-27,35.0,41.0,44.0,46.0,47.0,49.6,52.0,54.0,57.0,58.0,60.0,65.0,72.0,inferred
Kensington and Chelsea,2021-09-28,34.0,39.0,43.0,44.0,45.0,48.0,50.0,52.0,55.0,56.0,58.0,62.0,70.0,inferred
Kensington and Chelsea,2021-09-29,34.0,39.0,43.0,45.0,46.0,48.0,50.0,53.0,55.0,57.0,59.0,63.0,69.5,inferred
Kensington and Chelsea,2021-09-30,33.0,37.0,41.0,43.0,44.0,46.0,48.0,51.0,53.0,55.0,56.0,60.0,66.5,inferred
Kensington and Chelsea,2021-10-01,29.0,34.0,37.0,39.0,40.0,42.0,44.0,46.0,49.0,50.0,52.0,56.0,62.0,inferred
Kensington and Chelsea,2021-10-02,23.0,28.0,31.0,32.0,33.0,35.0,37.0,39.0,41.0,43.0,44.0,47.0,54.0,inferred
Kensington and Chelsea,2021-10-03,23.0,28.0,31.0,32.0,33.0,35.0,37.0,39.0,41.0,42.0,44.0,48.0,54.0,inferred
Kensington and Chelsea,2021-10-04,34.0,39.0,43.0,44.0,46.0,48.0,50.0,53.0,55.0,57.0,58.0,63.0,70.0,inferred
Kensington and Chelsea,2021-10-05,33.0,37.0,42.0,43.0,44.0,47.0,49.0,51.0,53.0,55.0,56.0,61.0,68.0,inferred
Kensington and Chelsea,2021-10-06,33.0,39.0,43.0,44.0,45.0,48.0,50.0,52.0,55.0,56.0,58.0,63.0,70.0,inferred
Kensington and Chelsea,2021-10-07,32.0,38.0,42.0,43.0,44.0,47.0,49.0,52.0,54.0,55.0,57.0,61.0,70.0,inferred
Kensington and Chelsea,2021-10-08,30.0,35.0,38.0,40.0,41.0,44.0,46.0,48.0,51.0,52.0,53.0,57.0,64.0,inferred
Kensington and Chelsea,2021-10-09,25.0,30.0,33.0,34.0,35.0,37.0,39.0,41.0,43.0,45.0,46.0,51.0,56.0,inferred
Kensington and Chelsea,2021-10-10,27.0,31.0,34.0,35.0,36.0,38.0,41.0,43.0,45.0,46.0,48.0,52.0,58.5,inferred
Kensington and Chelsea,2021-10-11,38.0,44.0,48.0,50.0,51.0,53.6,56.0,59.0,61.0,63.0,65.0,69.0,76.0,inferred
Kensington and Chelsea,2021-10-12,37.0,43.0,47.0,48.8,50.0,52.0,54.5,57.0,60.0,61.0,62.0,67.0,74.0,inferred
Kensington and Chelsea,2021-10-13,38.0,43.0,47.0,48.0,50.0,53.0,55.0,58.0,60.0,62.0,64.0,68.0,76.5,inferred
Kensington and Chelsea,2021-10-14,35.0,41.0,45.0,47.0,48.0,50.0,52.0,55.0,58.0,59.0,61.0,66.0,74.5,inferred
Kensington and Chelsea,2021-10-15,32.0,37.0,41.0,42.0,44.0,46.0,49.0,51.0,54.0,55.2,57.0,62.0,69.0,inferred
Kettering,2021-07-03,3.0,5.0,7.0,7.0,8.0,9.0,10.0,11.0,13.0,13.0,14.0,17.0,21.0,inferred
Kettering,2021-07-04,4.0,6.0,8.0,9.0,10.0,11.0,12.0,13.0,15.0,15.0,16.0,19.0,23.0,inferred
Kettering,2021-07-05,8.0,11.0,13.0,14.0,15.0,17.0,18.0,19.0,21.0,22.0,23.0,27.0,31.5,inferred
Kettering,2021-07-06,9.0,12.0,14.0,15.0,16.0,18.0,19.0,21.0,22.0,23.0,24.0,27.0,33.0,inferred
Kettering,2021-07-07,11.0,15.0,17.0,18.0,19.0,21.0,22.0,24.0,26.0,27.0,28.0,31.0,38.0,inferred
Kettering,2021-07-08,13.0,17.0,20.0,21.0,22.0,24.0,26.0,28.0,30.0,31.0,32.0,35.0,41.0,inferred
Kettering,2021-07-09,15.0,19.0,22.0,22.0,23.0,25.0,27.0,29.0,31.0,32.0,33.0,37.0,45.0,inferred
Kettering,2021-07-10,14.0,18.0,21.0,22.0,23.0,25.0,27.0,28.0,31.0,32.0,33.0,37.0,42.0,inferred
Kettering,2021-07-11,19.0,24.0,27.0,28.0,29.0,31.0,33.0,35.0,38.0,39.0,41.0,45.0,52.0,inferred
Kettering,2021-07-12,33.5,40.0,44.0,46.0,47.0,50.0,53.0,56.0,58.0,60.0,62.0,67.0,76.0,inferred
Kettering,2021-07-13,37.0,42.0,47.0,48.0,50.0,53.0,55.0,58.0,62.0,64.0,65.0,71.0,79.0,inferred
Kettering,2021-07-14,39.0,45.0,50.0,51.0,53.0,56.0,59.0,61.0,64.0,66.0,68.0,73.0,81.5,inferred
Kettering,2021-07-15,41.0,47.0,51.0,52.0,54.0,57.0,60.0,63.0,66.0,68.0,70.0,76.0,83.5,inferred
Kettering,2021-07-16,37.0,43.0,48.0,49.0,51.0,54.0,56.0,59.0,62.0,63.0,65.0,70.0,78.0,inferred
Kettering,2021-07-17,32.0,37.9,41.0,43.0,44.0,47.0,50.0,52.0,55.0,57.0,58.0,63.0,70.0,inferred
Kettering,2021-07-18,35.5,42.0,45.0,47.0,49.0,51.0,54.0,57.0,60.0,61.2,63.0,69.0,76.0,inferred
Kettering,2021-07-19,54.0,61.0,65.8,67.0,69.0,73.0,76.0,79.0,83.0,85.0,87.0,93.0,104.0,inferred
Kettering,2021-07-20,48.0,55.9,60.0,62.0,64.0,67.0,70.0,74.0,77.0,80.0,82.0,88.0,97.0,inferred
Kettering,2021-07-21,46.5,53.0,58.0,60.0,62.0,65.0,67.5,71.0,75.0,77.0,78.0,85.0,94.0,inferred
Kettering,2021-07-22,42.0,48.0,53.0,55.0,57.0,60.0,63.0,65.0,68.0,70.0,73.0,78.0,86.0,inferred
Kettering,2021-07-23,35.0,41.0,44.0,46.0,47.0,50.0,53.0,56.0,59.0,60.0,62.0,66.0,74.0,inferred
Kettering,2021-07-24,27.0,32.0,36.0,37.0,38.0,41.0,43.0,45.0,48.0,49.0,51.0,55.0,61.0,inferred
Kettering,2021-07-25,27.0,32.0,36.0,37.0,38.0,41.0,43.0,46.0,48.0,50.0,52.0,56.0,63.0,inferred
Kettering,2021-07-26,36.0,43.0,47.0,49.0,50.0,53.0,56.0,58.0,61.0,63.0,65.0,71.0,79.0,inferred
Kettering,2021-07-27,35.0,41.0,44.0,46.0,47.0,50.0,53.0,55.0,58.0,60.0,62.0,67.0,76.0,inferred
Kettering,2021-07-28,35.0,40.0,45.0,47.0,48.0,51.0,53.0,56.0,58.0,60.2,63.0,67.0,76.0,inferred
Kettering,2021-07-29,33.0,40.0,43.0,45.0,46.0,49.0,52.0,54.0,57.0,58.0,60.0,64.0,73.0,inferred
Kettering,2021-07-30,30.0,35.0,39.0,41.0,42.0,44.0,47.0,49.0,52.0,53.0,55.0,60.0,69.0,inferred
Kettering,2021-07-31,25.0,30.0,33.0,35.0,36.0,39.0,41.0,43.0,46.0,47.0,49.0,54.0,62.0,inferred
Kettering,2021-08-01,27.0,32.0,36.0,37.0,39.0,41.0,44.0,46.0,49.0,51.0,52.0,56.0,64.0,inferred
Kettering,2021-08-02,40.0,46.0,51.0,52.8,54.0,57.0,60.0,63.0,66.0,67.0,70.0,74.1,85.0,inferred
Kettering,2021-08-03,37.0,44.0,49.0,50.0,52.0,55.0,57.0,60.0,63.0,65.0,67.0,72.0,80.5,inferred
Kettering,2021-08-04,38.0,45.0,49.0,51.0,53.0,55.0,58.0,60.0,63.0,64.0,66.0,71.0,79.0,inferred
Kettering,2021-08-05,36.5,43.0,47.0,49.0,51.0,53.0,56.0,59.0,62.0,63.0,66.0,71.0,81.0,inferred
Kettering,2021-08-06,32.0,38.0,42.0,44.0,45.0,48.0,50.0,53.0,56.0,57.0,59.0,64.0,73.0,inferred
Kettering,2021-08-07,28.5,33.0,37.0,39.0,40.0,42.0,44.0,47.0,49.0,51.0,53.0,57.0,64.0,inferred
Kettering,2021-08-08,30.0,35.0,39.0,40.0,42.0,44.0,47.0,49.0,52.0,53.0,55.0,60.0,68.0,inferred
Kettering,2021-08-09,44.0,50.9,55.0,56.0,58.0,62.0,65.0,67.0,71.0,73.0,74.0,80.0,91.0,inferred
Kettering,2021-08-10,41.0,47.0,52.0,53.0,55.0,58.0,61.0,64.0,67.0,69.0,70.0,76.0,85.0,inferred
Kettering,2021-08-11,41.0,47.0,51.0,53.0,55.0,58.0,61.0,63.0,66.0,69.0,71.0,76.0,85.5,inferred
Kettering,2021-08-12,38.0,46.0,50.0,51.0,52.0,55.0,58.0,61.0,64.0,66.0,68.0,73.0,83.0,inferred
Kettering,2021-08-13,34.0,40.0,44.0,46.0,47.0,50.0,52.0,55.0,58.0,60.0,62.0,66.1,74.0,inferred
Kettering,2021-08-14,29.0,33.0,37.0,38.0,40.0,42.0,44.0,46.0,49.0,50.0,52.0,57.0,64.0,inferred
Kettering,2021-08-15,30.0,35.0,39.0,40.0,42.0,44.0,47.0,49.0,52.0,53.0,55.2,60.0,67.0,inferred
Kettering,2021-08-16,43.0,49.0,54.0,55.0,57.0,60.0,63.0,66.0,70.0,71.0,73.0,78.0,86.0,inferred
Kettering,2021-08-17,40.0,46.0,50.0,52.0,53.0,56.0,59.0,62.0,65.0,67.0,69.0,73.0,81.0,inferred
Kettering,2021-08-18,40.0,47.0,51.0,52.0,54.0,57.0,60.0,62.0,65.0,67.0,69.0,74.1,83.0,inferred
Kettering,2021-08-19,39.0,45.0,49.0,51.0,52.0,55.0,58.0,61.0,64.0,66.0,68.0,72.0,82.0,inferred
Kettering,2021-08-20,35.0,40.0,44.0,45.0,47.0,50.0,52.0,55.0,57.0,59.0,61.0,66.0,73.0,inferred
Kettering,2021-08-21,29.0,34.0,38.0,39.0,40.0,43.0,45.0,48.0,50.0,52.0,53.0,58.0,66.0,inferred
Kettering,2021-08-22,31.0,37.0,41.0,43.0,44.0,46.0,49.0,52.0,55.0,56.0,58.0,63.0,72.0,inferred
Kettering,2021-08-23,46.0,53.0,58.0,59.8,61.0,64.0,67.0,70.0,73.0,75.0,77.0,83.0,94.0,inferred
Kettering,2021-08-24,43.0,50.0,55.0,57.0,59.0,61.0,64.0,67.0,71.0,72.0,75.0,80.0,89.0,inferred
Kettering,2021-08-25,45.0,51.0,56.0,57.0,59.0,62.0,65.0,68.0,71.0,73.0,75.0,81.0,91.0,inferred
Kettering,2021-08-26,43.0,50.0,55.0,57.0,58.0,61.0,64.0,66.0,70.0,71.0,74.0,79.0,89.0,inferred
Kettering,2021-08-27,38.0,45.0,49.0,51.0,52.0,55.0,58.0,61.0,64.0,66.0,68.0,73.0,82.0,inferred
Kettering,2021-08-28,32.0,38.0,42.0,44.0,45.0,48.0,50.0,52.0,56.0,57.0,59.0,64.0,71.5,inferred
Kettering,2021-08-29,35.0,42.0,46.0,47.0,49.0,52.0,54.0,57.0,60.0,61.0,63.0,68.0,78.0,inferred
Kettering,2021-08-30,51.5,60.0,65.0,67.0,69.0,72.0,75.0,78.0,81.0,83.0,86.0,92.0,102.0,inferred
Kettering,2021-08-31,49.0,57.0,62.0,64.0,65.0,68.0,71.0,74.0,78.0,80.0,82.0,89.0,99.0,inferred
Kettering,2021-09-01,49.0,57.0,62.0,64.0,66.0,69.0,72.0,76.0,79.0,81.0,83.0,90.0,100.0,inferred
Kettering,2021-09-02,48.0,56.0,61.0,63.0,64.0,67.0,70.0,73.0,76.0,78.0,80.0,86.0,96.0,inferred
Kettering,2021-09-03,44.0,50.0,54.8,56.0,58.0,61.0,64.0,67.0,70.0,72.0,73.0,79.0,85.0,inferred
Kettering,2021-09-04,36.0,42.0,46.0,47.0,49.0,52.0,54.0,57.0,60.0,61.0,63.0,68.0,78.0,inferred
Kettering,2021-09-05,38.0,45.0,49.0,51.0,53.0,55.0,58.0,60.0,63.3,65.0,67.0,73.0,82.0,inferred
Kettering,2021-09-06,54.0,62.9,68.0,70.0,72.0,75.6,79.0,82.0,85.0,87.0,89.0,96.0,104.5,inferred
Kettering,2021-09-07,50.5,58.0,63.0,65.0,67.0,70.0,73.0,77.0,80.0,82.0,84.0,91.0,100.0,inferred
Kettering,2021-09-08,51.0,58.0,64.0,65.0,67.0,70.0,73.0,77.0,80.0,82.0,85.0,90.0,100.5,inferred
Kettering,2021-09-09,50.0,57.0,62.0,64.0,66.0,69.0,72.0,75.0,78.0,80.0,82.0,88.0,97.0,inferred
Kettering,2021-09-10,43.0,50.0,55.0,57.0,58.0,61.0,64.0,67.0,70.0,72.0,74.0,80.0,88.0,inferred
Kettering,2021-09-11,35.0,41.0,46.0,48.0,49.0,52.6,55.0,58.0,60.0,62.0,64.0,69.0,76.0,inferred
Kettering,2021-09-12,38.0,45.0,49.0,51.0,52.0,55.0,58.0,60.0,64.0,65.0,67.0,73.0,82.5,inferred
Kettering,2021-09-13,56.0,63.0,68.0,70.0,72.0,75.0,79.0,82.0,85.0,88.0,91.0,97.0,107.5,inferred
Kettering,2021-09-14,54.5,63.0,69.0,71.0,73.0,76.0,79.5,83.0,87.0,89.0,91.0,97.0,105.0,inferred
Kettering,2021-09-15,65.0,73.0,79.0,80.0,82.0,86.0,89.0,93.0,96.0,98.2,101.0,106.0,118.0,inferred
Kettering,2021-09-16,72.5,80.0,86.0,88.0,90.0,94.0,97.0,101.0,105.0,107.0,109.0,116.0,126.0,inferred
Kettering,2021-09-17,72.5,81.0,87.0,88.0,91.0,95.0,98.0,102.0,105.0,108.0,110.0,117.0,126.0,inferred
Kettering,2021-09-18,67.5,77.0,82.0,84.0,86.0,90.0,93.0,97.0,100.0,103.0,106.0,113.0,123.5,inferred
Kettering,2021-09-19,82.0,91.0,98.0,100.0,103.0,106.0,110.0,114.0,117.0,120.0,123.0,129.0,140.5,inferred
Kettering,2021-09-20,129.0,141.0,149.0,151.0,154.0,159.0,164.0,168.0,174.0,177.0,180.0,189.0,203.0,inferred
Kettering,2021-09-21,125.0,138.0,146.0,149.0,151.0,157.0,161.0,165.0,171.0,174.0,177.0,187.0,200.0,inferred
Kettering,2021-09-22,125.0,137.0,145.0,148.0,151.0,155.0,160.0,165.0,169.0,172.0,175.0,184.0,200.5,inferred
Kettering,2021-09-23,118.0,130.0,137.0,140.0,142.0,148.0,152.0,156.0,161.0,164.0,167.0,176.0,188.0,inferred
Kettering,2021-09-24,104.0,113.0,120.0,123.0,125.0,130.0,134.0,138.0,143.0,146.0,149.0,157.0,168.0,inferred
Kettering,2021-09-25,84.0,95.0,100.0,103.0,105.0,108.0,113.0,116.0,121.0,123.0,125.0,132.0,144.0,inferred
Kettering,2021-09-26,89.0,100.0,105.0,108.0,110.0,114.0,117.0,121.0,126.0,128.0,130.0,137.0,149.5,inferred
Kettering,2021-09-27,124.0,134.0,141.0,145.0,147.0,152.0,155.0,160.0,165.0,168.0,171.0,179.0,193.0,inferred
Kettering,2021-09-28,112.0,124.0,130.0,133.8,136.0,141.0,146.0,150.0,155.0,158.0,160.0,170.0,182.5,inferred
Kettering,2021-09-29,109.0,121.0,127.0,130.0,133.0,137.6,142.0,146.0,150.0,153.0,156.0,162.0,177.0,inferred
Kettering,2021-09-30,103.0,112.0,119.0,121.0,124.0,128.0,132.0,136.0,140.0,142.0,145.0,153.0,165.5,inferred
Kettering,2021-10-01,87.0,96.0,103.0,105.0,107.0,111.0,114.0,118.0,122.0,124.0,127.0,135.0,146.0,inferred
Kettering,2021-10-02,68.5,78.0,84.0,86.0,88.0,92.0,95.0,99.0,102.0,104.0,107.0,114.0,124.0,inferred
Kettering,2021-10-03,73.0,81.0,87.0,89.0,91.0,95.0,98.0,102.0,106.0,109.0,111.2,119.0,128.0,inferred
Kettering,2021-10-04,99.0,109.0,116.0,118.0,120.0,125.0,129.0,134.0,138.0,140.0,143.0,151.0,166.0,inferred
Kettering,2021-10-05,90.0,99.0,106.0,108.0,110.0,114.0,118.0,122.0,126.0,129.0,132.0,139.0,152.0,inferred
Kettering,2021-10-06,88.0,97.0,103.0,105.0,107.7,112.0,115.0,119.0,124.0,127.0,130.0,136.0,149.0,inferred
Kettering,2021-10-07,81.0,90.0,96.0,98.0,101.0,104.0,108.0,112.0,116.0,118.0,120.0,127.0,137.5,inferred
Kettering,2021-10-08,70.0,77.0,82.0,85.0,87.0,90.0,94.0,98.0,101.3,104.0,106.0,113.0,123.0,inferred
Kettering,2021-10-09,57.0,63.0,68.0,70.0,72.0,75.0,78.0,82.0,85.0,87.0,90.0,96.0,105.0,inferred
Kettering,2021-10-10,60.0,67.0,71.0,74.0,76.0,79.0,82.0,85.0,89.0,91.0,93.0,99.0,110.0,inferred
Kettering,2021-10-11,78.0,88.0,94.0,97.0,99.0,103.0,107.0,111.0,115.0,118.0,121.0,129.0,140.0,inferred
Kettering,2021-10-12,72.0,80.0,86.0,88.0,90.0,94.0,97.0,101.0,105.0,107.0,110.0,116.0,127.5,inferred
Kettering,2021-10-13,66.0,76.0,81.0,83.0,84.0,88.0,92.0,96.0,100.0,102.0,104.0,111.0,121.0,inferred
Kettering,2021-10-14,58.0,67.0,73.0,74.8,76.0,80.0,83.0,87.0,91.0,93.0,96.0,102.0,110.5,inferred
Kettering,2021-10-15,48.0,56.0,60.0,63.0,64.0,68.0,71.0,74.0,78.0,80.0,82.0,88.0,99.0,inferred
King's Lynn and West Norfolk,2021-07-03,5.5,8.0,10.0,11.0,12.0,14.0,15.0,17.0,19.0,20.0,21.0,24.0,30.0,inferred
King's Lynn and West Norfolk,2021-07-04,8.0,11.0,14.0,14.0,15.0,17.0,18.0,20.0,22.0,23.0,24.0,27.0,33.0,inferred
King's Lynn and West Norfolk,2021-07-05,14.0,18.9,21.0,22.0,24.0,25.0,27.0,30.0,32.0,33.0,34.0,37.0,43.0,inferred
King's Lynn and West Norfolk,2021-07-06,15.0,19.0,22.0,23.0,24.0,26.0,28.0,30.0,32.0,34.0,35.0,39.0,45.0,inferred
King's Lynn and West Norfolk,2021-07-07,18.0,21.0,25.0,26.0,27.0,29.0,31.0,34.0,36.0,37.0,38.0,43.0,48.0,inferred
King's Lynn and West Norfolk,2021-07-08,18.0,23.0,26.0,27.0,28.0,31.0,33.0,35.0,37.0,39.0,40.2,45.0,52.0,inferred
King's Lynn and West Norfolk,2021-07-09,18.0,23.0,26.0,28.0,29.0,31.0,33.0,35.0,38.0,39.0,41.0,45.0,51.0,inferred
King's Lynn and West Norfolk,2021-07-10,17.0,21.0,24.0,26.0,27.0,29.0,31.0,33.0,35.0,37.0,38.0,42.0,49.0,inferred
King's Lynn and West Norfolk,2021-07-11,20.0,25.0,29.0,30.0,32.0,34.0,36.0,38.0,41.0,42.0,43.0,48.0,55.5,inferred
King's Lynn and West Norfolk,2021-07-12,34.0,40.0,45.0,46.0,48.0,50.0,53.0,56.0,59.0,61.0,64.0,69.0,79.0,inferred
King's Lynn and West Norfolk,2021-07-13,34.0,40.0,44.0,46.0,48.0,51.0,54.0,56.0,60.0,62.0,64.0,69.0,79.0,inferred
King's Lynn and West Norfolk,2021-07-14,36.0,41.0,46.0,47.0,49.0,52.0,55.0,58.0,61.0,63.0,65.0,71.0,79.0,inferred
King's Lynn and West Norfolk,2021-07-15,33.0,39.0,43.0,45.0,46.0,49.0,52.0,55.0,58.0,60.0,62.0,68.0,78.0,inferred
King's Lynn and West Norfolk,2021-07-16,30.0,35.0,39.0,41.0,42.0,45.0,47.0,50.0,53.0,55.0,57.0,62.0,70.0,inferred
King's Lynn and West Norfolk,2021-07-17,24.0,28.0,32.0,34.0,35.0,38.0,40.0,43.0,46.0,47.0,49.0,54.0,61.0,inferred
King's Lynn and West Norfolk,2021-07-18,23.5,29.0,32.0,34.0,35.0,38.0,40.0,43.0,46.0,47.0,49.0,54.0,61.0,inferred
King's Lynn and West Norfolk,2021-07-19,34.0,39.9,44.0,46.0,47.0,50.0,53.0,56.0,59.0,61.0,63.0,68.0,77.0,inferred
King's Lynn and West Norfolk,2021-07-20,30.5,37.0,41.0,43.0,44.0,47.0,49.0,52.0,55.0,57.0,59.0,64.0,72.5,inferred
King's Lynn and West Norfolk,2021-07-21,29.0,35.0,39.0,41.0,42.0,45.0,48.0,50.0,53.3,55.0,57.0,62.0,72.0,inferred
King's Lynn and West Norfolk,2021-07-22,27.0,32.0,36.0,37.0,38.0,41.0,43.0,46.0,49.0,50.0,52.0,57.0,64.0,inferred
King's Lynn and West Norfolk,2021-07-23,22.0,27.0,31.0,32.0,33.0,35.6,38.0,40.0,42.0,44.0,46.0,50.0,57.0,inferred
King's Lynn and West Norfolk,2021-07-24,16.0,21.0,24.0,25.0,26.0,28.0,30.0,32.0,35.0,36.0,38.0,43.0,50.0,inferred
King's Lynn and West Norfolk,2021-07-25,17.0,20.9,24.0,25.0,26.0,28.0,30.0,32.0,34.0,36.0,37.0,41.0,48.5,inferred
King's Lynn and West Norfolk,2021-07-26,23.0,28.0,31.0,32.0,34.0,36.0,38.0,41.0,44.0,45.0,47.0,51.0,58.5,inferred
King's Lynn and West Norfolk,2021-07-27,20.0,26.0,29.0,31.0,32.0,34.0,36.0,39.0,41.0,43.0,45.0,50.0,57.0,inferred
King's Lynn and West Norfolk,2021-07-28,21.5,27.0,30.0,32.0,33.0,35.0,37.0,39.0,42.0,43.0,45.0,50.0,57.0,inferred
King's Lynn and West Norfolk,2021-07-29,22.0,26.0,30.0,31.0,32.0,34.0,36.0,39.0,41.0,43.0,45.0,49.0,57.0,inferred
King's Lynn and West Norfolk,2021-07-30,19.0,23.0,26.0,28.0,29.0,31.0,34.0,36.0,39.0,40.0,42.0,46.0,53.5,inferred
King's Lynn and West Norfolk,2021-07-31,15.0,20.0,23.0,24.0,25.0,27.0,29.0,31.0,34.0,35.0,37.0,41.0,48.0,inferred
King's Lynn and West Norfolk,2021-08-01,17.0,21.0,24.0,25.0,27.0,29.0,31.0,33.0,35.0,36.0,38.0,42.0,50.0,inferred
King's Lynn and West Norfolk,2021-08-02,24.0,30.0,34.0,36.0,37.0,40.0,42.0,44.0,47.0,49.0,51.0,56.0,63.0,inferred
King's Lynn and West Norfolk,2021-08-03,24.0,30.0,34.0,36.0,37.0,40.0,43.0,45.0,48.0,49.0,51.0,55.0,64.0,inferred
King's Lynn and West Norfolk,2021-08-04,26.0,31.0,35.0,36.0,38.0,41.0,43.0,45.0,48.0,50.0,52.0,56.0,65.0,inferred
King's Lynn and West Norfolk,2021-08-05,25.0,31.0,35.0,36.0,38.0,40.0,43.0,45.0,48.0,50.0,52.0,57.0,64.0,inferred
King's Lynn and West Norfolk,2021-08-06,25.0,30.0,33.0,35.0,36.0,39.0,41.0,43.0,46.0,47.0,49.0,55.0,62.0,inferred
King's Lynn and West Norfolk,2021-08-07,21.0,25.0,29.0,31.0,32.0,34.0,36.0,39.0,41.0,42.0,44.0,47.0,55.0,inferred
King's Lynn and West Norfolk,2021-08-08,22.0,27.0,31.0,32.0,33.0,35.0,38.0,40.0,43.0,44.0,46.0,51.0,58.0,inferred
King's Lynn and West Norfolk,2021-08-09,32.0,39.0,43.0,45.0,46.0,49.0,52.0,55.0,58.0,60.0,62.0,67.0,76.0,inferred
King's Lynn and West Norfolk,2021-08-10,32.0,38.0,43.0,44.8,46.0,49.0,51.0,54.0,57.0,59.0,61.0,67.0,75.0,inferred
King's Lynn and West Norfolk,2021-08-11,35.0,41.0,45.0,47.0,48.0,51.0,54.0,57.0,60.0,62.0,64.0,69.0,77.0,inferred
King's Lynn and West Norfolk,2021-08-12,35.0,41.0,45.0,47.0,48.0,51.0,54.0,57.0,59.0,61.0,63.0,69.0,75.0,inferred
King's Lynn and West Norfolk,2021-08-13,32.0,38.0,42.0,44.0,46.0,48.0,51.0,53.0,56.0,58.0,60.0,65.0,74.0,inferred
King's Lynn and West Norfolk,2021-08-14,26.0,32.0,36.0,38.0,39.0,42.0,44.0,46.0,50.0,51.0,53.0,58.0,65.0,inferred
King's Lynn and West Norfolk,2021-08-15,29.0,35.0,39.0,41.0,42.0,44.0,47.0,49.0,52.0,54.0,56.0,61.0,69.0,inferred
King's Lynn and West Norfolk,2021-08-16,42.0,50.0,55.0,57.0,59.0,62.0,65.0,68.0,72.0,73.0,76.0,82.0,92.0,inferred
King's Lynn and West Norfolk,2021-08-17,42.0,49.0,54.0,56.0,57.0,61.0,63.0,67.0,70.0,72.0,74.0,79.0,90.0,inferred
King's Lynn and West Norfolk,2021-08-18,44.0,51.0,56.0,58.0,60.0,63.0,66.0,70.0,73.0,75.0,77.0,84.0,94.0,inferred
King's Lynn and West Norfolk,2021-08-19,43.0,51.0,55.0,57.0,59.0,62.0,65.0,68.0,71.0,73.0,75.0,82.0,92.5,inferred
King's Lynn and West Norfolk,2021-08-20,41.0,47.0,51.0,53.0,55.0,58.0,61.0,64.0,67.0,69.2,71.0,77.0,84.0,inferred
King's Lynn and West Norfolk,2021-08-21,35.0,41.0,45.0,46.8,48.0,51.0,53.0,56.0,59.0,61.0,63.0,68.0,76.0,inferred
King's Lynn and West Norfolk,2021-08-22,36.0,42.0,47.0,48.0,50.0,53.0,56.0,59.0,62.0,64.0,66.0,71.0,78.0,inferred
King's Lynn and West Norfolk,2021-08-23,53.0,61.0,67.0,69.0,71.0,74.0,78.0,81.0,85.0,87.0,89.0,97.0,106.0,inferred
King's Lynn and West Norfolk,2021-08-24,49.0,58.0,63.0,65.0,67.0,71.0,74.0,78.0,81.0,83.0,85.0,90.1,101.0,inferred
King's Lynn and West Norfolk,2021-08-25,51.0,58.0,63.0,65.0,67.0,71.0,74.0,77.0,80.0,83.0,85.0,91.0,101.0,inferred
King's Lynn and West Norfolk,2021-08-26,47.0,54.0,59.0,61.8,63.0,66.0,69.0,73.0,76.3,78.0,81.0,87.0,96.0,inferred
King's Lynn and West Norfolk,2021-08-27,42.0,48.9,53.0,55.0,56.0,59.0,62.0,65.0,69.0,71.0,73.0,79.0,88.0,inferred
King's Lynn and West Norfolk,2021-08-28,35.0,40.0,44.0,45.0,47.0,49.0,52.0,55.0,58.0,60.0,62.0,67.0,75.0,inferred
King's Lynn and West Norfolk,2021-08-29,35.0,41.0,45.0,47.0,48.0,51.0,54.0,56.4,59.0,61.0,63.0,69.0,78.0,inferred
King's Lynn and West Norfolk,2021-08-30,48.0,55.0,60.0,62.0,64.0,68.0,71.0,75.0,78.0,79.2,82.0,89.0,99.0,inferred
King's Lynn and West Norfolk,2021-08-31,46.0,53.0,57.0,59.0,61.0,65.0,68.0,71.0,75.0,76.0,78.0,84.0,94.0,inferred
King's Lynn and West Norfolk,2021-09-01,44.0,52.0,57.0,59.0,61.0,64.0,67.0,70.0,74.0,76.0,79.0,85.0,93.0,inferred
King's Lynn and West Norfolk,2021-09-02,42.0,50.0,55.0,57.0,58.0,61.0,64.0,67.0,70.0,72.0,74.0,80.0,89.0,inferred
King's Lynn and West Norfolk,2021-09-03,39.0,44.9,49.0,51.0,52.0,55.0,58.0,60.0,64.0,65.0,67.0,73.0,82.0,inferred
King's Lynn and West Norfolk,2021-09-04,31.0,36.0,40.0,41.0,43.0,46.0,48.0,51.0,54.0,55.2,58.0,63.0,71.0,inferred
King's Lynn and West Norfolk,2021-09-05,31.0,37.0,41.0,42.0,44.0,46.0,49.0,52.0,55.0,57.0,58.0,64.0,72.5,inferred
King's Lynn and West Norfolk,2021-09-06,43.0,49.0,55.0,57.0,59.0,62.0,65.0,69.0,73.0,75.0,77.0,83.0,94.0,inferred
King's Lynn and West Norfolk,2021-09-07,41.0,47.0,52.0,54.0,56.0,59.0,62.0,65.0,68.0,70.0,72.0,78.0,87.0,inferred
King's Lynn and West Norfolk,2021-09-08,39.5,47.0,51.0,53.0,55.0,58.0,61.0,64.0,67.0,69.0,70.0,77.0,85.5,inferred
King's Lynn and West Norfolk,2021-09-09,36.0,42.0,47.0,49.0,50.0,53.0,56.0,59.0,62.0,64.0,66.0,72.0,80.0,inferred
King's Lynn and West Norfolk,2021-09-10,32.0,38.0,42.0,44.0,45.0,47.6,51.0,53.0,56.0,57.0,59.0,64.0,71.0,inferred
King's Lynn and West Norfolk,2021-09-11,24.0,29.0,33.0,35.0,36.0,38.0,41.0,43.0,46.0,47.0,49.0,55.0,63.0,inferred
King's Lynn and West Norfolk,2021-09-12,24.0,29.9,34.0,35.0,36.0,39.0,42.0,45.0,47.0,49.0,50.0,55.0,63.0,inferred
King's Lynn and West Norfolk,2021-09-13,34.0,41.0,45.0,47.0,49.0,52.0,55.0,58.0,61.0,63.0,65.0,71.0,79.0,inferred
King's Lynn and West Norfolk,2021-09-14,33.0,39.0,43.0,45.0,46.0,50.0,52.0,55.0,58.0,60.0,62.0,68.0,76.0,inferred
King's Lynn and West Norfolk,2021-09-15,35.0,42.0,46.0,48.0,49.0,52.0,55.0,58.0,61.0,62.0,64.0,70.0,80.0,inferred
King's Lynn and West Norfolk,2021-09-16,36.0,42.0,46.0,48.0,49.0,52.0,54.0,58.0,61.0,62.0,64.0,70.0,78.0,inferred
King's Lynn and West Norfolk,2021-09-17,34.0,39.0,44.0,45.0,47.0,49.0,52.0,55.0,58.0,60.0,61.0,66.0,76.0,inferred
King's Lynn and West Norfolk,2021-09-18,28.0,33.9,37.0,39.0,40.0,43.0,45.0,48.0,51.0,52.0,54.0,60.0,67.0,inferred
King's Lynn and West Norfolk,2021-09-19,30.0,36.0,41.0,42.0,44.0,47.0,49.0,52.0,55.0,56.0,58.0,63.0,72.0,inferred
King's Lynn and West Norfolk,2021-09-20,45.0,52.0,58.0,60.0,61.0,65.0,68.0,71.0,74.0,76.0,79.0,85.0,95.0,inferred
King's Lynn and West Norfolk,2021-09-21,44.0,52.0,57.0,59.0,60.0,64.0,67.0,71.0,74.0,76.0,78.0,83.0,93.0,inferred
King's Lynn and West Norfolk,2021-09-22,46.5,54.0,59.0,61.0,64.0,67.0,70.0,73.0,76.0,78.0,81.0,87.0,97.0,inferred
King's Lynn and West Norfolk,2021-09-23,46.0,55.0,59.0,61.0,63.0,66.0,69.0,72.0,75.0,78.0,80.0,87.0,95.5,inferred
King's Lynn and West Norfolk,2021-09-24,45.0,51.0,56.0,57.0,59.0,62.0,65.0,68.0,71.0,73.0,75.0,81.0,90.0,inferred
King's Lynn and West Norfolk,2021-09-25,36.0,43.0,48.0,49.8,52.0,54.6,57.0,59.0,63.0,65.0,67.0,72.0,81.0,inferred
King's Lynn and West Norfolk,2021-09-26,39.0,46.0,51.0,53.0,54.0,57.0,60.0,64.0,67.0,69.0,71.0,76.0,85.0,inferred
King's Lynn and West Norfolk,2021-09-27,58.0,66.0,72.0,74.0,76.0,80.0,84.0,87.0,91.0,93.0,96.0,102.0,113.0,inferred
King's Lynn and West Norfolk,2021-09-28,55.0,64.0,69.0,71.0,73.0,77.0,81.0,84.0,88.0,90.0,92.0,99.0,110.0,inferred
King's Lynn and West Norfolk,2021-09-29,58.0,66.0,71.0,73.0,75.0,79.0,82.0,86.0,89.3,92.0,94.0,99.0,111.0,inferred
King's Lynn and West Norfolk,2021-09-30,56.0,63.0,68.0,70.0,72.0,76.0,79.0,83.0,87.0,89.0,91.0,97.0,108.0,inferred
King's Lynn and West Norfolk,2021-10-01,51.0,58.0,63.0,65.0,67.0,70.0,73.0,76.0,80.0,82.0,84.0,90.0,99.0,inferred
King's Lynn and West Norfolk,2021-10-02,42.0,49.0,53.0,55.0,57.0,60.0,63.0,66.0,70.0,71.0,73.0,79.0,90.0,inferred
King's Lynn and West Norfolk,2021-10-03,44.0,51.0,56.0,58.0,60.0,63.0,66.0,69.0,72.0,74.0,76.0,82.0,91.0,inferred
King's Lynn and West Norfolk,2021-10-04,64.0,72.0,78.0,80.0,82.0,86.0,91.0,94.0,98.0,100.0,102.0,109.0,120.5,inferred
King's Lynn and West Norfolk,2021-10-05,61.5,69.0,76.0,78.0,80.0,84.0,88.0,91.4,96.0,98.0,100.2,108.0,118.0,inferred
King's Lynn and West Norfolk,2021-10-06,64.0,72.0,78.0,81.0,83.0,87.0,90.0,94.0,98.0,101.0,104.0,111.1,123.0,inferred
King's Lynn and West Norfolk,2021-10-07,62.0,72.0,78.0,80.0,82.0,86.0,90.0,93.0,97.0,99.0,101.0,108.0,119.0,inferred
King's Lynn and West Norfolk,2021-10-08,59.5,67.0,73.0,75.0,77.0,81.0,84.0,88.0,92.0,94.0,97.0,103.0,115.0,inferred
King's Lynn and West Norfolk,2021-10-09,50.0,57.0,64.0,65.8,67.0,71.0,74.0,76.4,80.0,82.0,84.0,91.0,100.5,inferred
King's Lynn and West Norfolk,2021-10-10,54.0,62.0,67.0,69.0,71.0,75.0,78.0,82.0,85.0,87.0,89.0,96.0,106.0,inferred
King's Lynn and West Norfolk,2021-10-11,79.5,89.0,95.0,97.0,99.0,103.0,107.0,111.0,116.0,119.0,122.0,130.0,143.0,inferred
King's Lynn and West Norfolk,2021-10-12,77.0,86.0,93.0,95.0,97.0,101.0,105.0,109.0,114.0,116.0,118.0,126.0,137.5,inferred
King's Lynn and West Norfolk,2021-10-13,80.0,89.0,96.0,99.0,101.0,105.0,110.0,113.0,119.0,121.0,124.0,131.0,142.0,inferred
King's Lynn and West Norfolk,2021-10-14,76.0,86.0,92.0,95.0,97.0,101.0,106.0,111.0,116.0,118.0,121.0,129.0,141.0,inferred
King's Lynn and West Norfolk,2021-10-15,69.0,79.0,86.0,89.0,92.0,96.0,100.0,105.0,109.0,112.0,115.0,122.0,135.5,inferred
"Kingston upon Hull, City of",2021-07-03,35.0,45.0,51.0,53.0,56.0,61.0,65.0,70.0,75.0,78.0,82.0,92.0,110.5,inferred
"Kingston upon Hull, City of",2021-07-04,48.0,58.0,65.0,67.0,70.0,75.0,79.0,85.0,91.0,95.0,98.0,109.0,126.0,inferred
"Kingston upon Hull, City of",2021-07-05,87.0,99.0,108.0,112.0,115.0,121.0,127.0,133.0,140.0,144.0,148.2,160.0,179.0,inferred
"Kingston upon Hull, City of",2021-07-06,92.0,105.0,113.0,117.0,120.0,126.0,132.0,138.0,143.0,147.0,151.0,161.0,177.0,inferred
"Kingston upon Hull, City of",2021-07-07,103.0,118.0,127.0,132.0,135.0,141.0,147.0,153.0,159.0,162.0,166.2,177.0,196.0,inferred
"Kingston upon Hull, City of",2021-07-08,111.0,125.0,134.0,138.8,142.0,148.6,155.0,161.0,168.0,171.0,176.0,188.0,207.0,inferred
"Kingston upon Hull, City of",2021-07-09,114.0,128.0,138.0,141.0,145.0,150.6,156.0,162.0,169.0,173.0,178.0,188.0,210.0,inferred
"Kingston upon Hull, City of",2021-07-10,106.0,117.0,128.0,131.0,134.0,141.0,146.0,153.0,160.0,163.0,168.0,179.0,197.5,inferred
"Kingston upon Hull, City of",2021-07-11,126.0,140.0,151.0,155.0,159.0,166.0,173.0,179.4,186.0,190.0,195.2,209.0,227.5,inferred
"Kingston upon Hull, City of",2021-07-12,204.0,225.0,238.0,242.8,247.0,257.0,264.0,272.0,281.0,286.0,292.0,306.0,331.5,inferred
"Kingston upon Hull, City of",2021-07-13,203.0,221.0,233.8,240.0,246.0,254.0,262.5,270.4,279.0,283.0,289.0,305.0,328.0,inferred
"Kingston upon Hull, City of",2021-07-14,201.0,221.0,235.0,240.0,245.7,254.0,261.0,270.0,279.3,285.0,290.0,305.0,330.0,inferred
"Kingston upon Hull, City of",2021-07-15,187.0,209.0,223.0,229.0,234.0,242.0,249.0,257.0,266.0,270.0,276.0,293.0,316.0,inferred
"Kingston upon Hull, City of",2021-07-16,174.0,189.0,200.0,204.8,209.0,217.0,225.0,231.0,239.0,243.0,249.0,265.0,285.0,inferred
"Kingston upon Hull, City of",2021-07-17,138.0,154.0,165.0,169.0,173.0,181.0,188.0,195.0,202.0,206.0,210.0,222.0,241.0,inferred
"Kingston upon Hull, City of",2021-07-18,145.0,162.0,173.0,177.0,181.0,188.0,195.0,201.0,210.0,214.0,218.2,230.1,250.5,inferred
"Kingston upon Hull, City of",2021-07-19,206.5,225.0,237.0,243.0,247.0,257.0,265.0,275.0,283.0,288.0,293.0,308.0,334.5,inferred
"Kingston upon Hull, City of",2021-07-20,184.0,203.0,216.0,222.0,226.0,234.0,242.0,249.0,258.0,262.0,267.2,283.0,307.0,inferred
"Kingston upon Hull, City of",2021-07-21,176.0,195.0,209.0,215.0,218.0,227.0,235.0,243.0,252.0,257.0,262.0,276.0,299.0,inferred
"Kingston upon Hull, City of",2021-07-22,160.0,176.0,189.0,193.0,197.0,206.0,213.5,221.0,230.0,235.0,240.0,253.0,275.0,inferred
"Kingston upon Hull, City of",2021-07-23,138.0,155.0,167.0,171.8,175.0,182.0,188.0,195.0,203.0,206.0,211.2,223.0,246.0,inferred
"Kingston upon Hull, City of",2021-07-24,109.5,122.0,133.0,137.0,140.0,147.0,153.5,160.0,167.0,170.0,174.0,186.0,202.5,inferred
"Kingston upon Hull, City of",2021-07-25,111.0,125.0,135.8,140.0,144.0,149.0,155.0,161.0,167.0,171.0,175.0,187.0,208.0,inferred
"Kingston upon Hull, City of",2021-07-26,152.0,171.0,183.0,187.0,192.0,201.0,208.0,216.0,224.0,228.0,232.0,246.0,269.5,inferred
"Kingston upon Hull, City of",2021-07-27,142.0,159.0,171.0,176.0,179.7,189.0,195.0,202.0,210.0,214.0,218.2,232.0,253.0,inferred
"Kingston upon Hull, City of",2021-07-28,148.0,166.0,178.0,182.0,186.0,193.0,200.0,207.0,215.0,221.0,226.0,238.0,258.5,inferred
"Kingston upon Hull, City of",2021-07-29,147.5,165.0,176.0,180.0,184.0,191.0,198.0,205.0,212.0,216.0,222.0,235.0,255.5,inferred
"Kingston upon Hull, City of",2021-07-30,136.5,154.0,163.0,168.0,172.0,178.0,185.0,192.0,200.0,204.0,209.0,220.0,244.0,inferred
"Kingston upon Hull, City of",2021-07-31,117.5,130.0,142.0,145.0,149.0,155.0,161.0,167.0,175.0,179.0,183.0,195.0,214.5,inferred
"Kingston upon Hull, City of",2021-08-01,129.0,144.0,154.0,159.0,162.0,170.0,176.0,183.0,190.0,194.0,199.0,208.0,233.0,inferred
"Kingston upon Hull, City of",2021-08-02,189.0,208.0,221.0,226.0,232.0,240.0,249.0,257.0,267.0,272.0,278.0,291.0,314.0,inferred
"Kingston upon Hull, City of",2021-08-03,181.0,199.0,212.0,216.8,221.0,229.0,237.5,245.0,253.0,258.0,264.0,277.1,300.5,inferred
"Kingston upon Hull, City of",2021-08-04,183.0,203.0,217.0,221.0,225.7,233.0,241.0,248.0,257.0,261.0,267.0,283.0,305.5,inferred
"Kingston upon Hull, City of",2021-08-05,177.0,197.0,210.0,214.8,218.0,225.6,233.0,241.0,250.0,255.0,260.0,273.1,297.0,inferred
"Kingston upon Hull, City of",2021-08-06,162.0,181.0,192.0,197.0,201.0,209.0,217.0,225.0,232.0,237.0,243.0,257.0,276.0,inferred
"Kingston upon Hull, City of",2021-08-07,136.5,151.0,162.0,167.0,170.0,177.6,185.0,191.0,198.0,201.0,205.0,218.0,239.0,inferred
"Kingston upon Hull, City of",2021-08-08,146.0,162.0,174.0,179.0,182.0,190.0,196.0,202.0,210.0,214.0,220.0,232.0,252.0,inferred
"Kingston upon Hull, City of",2021-08-09,214.0,235.0,247.0,251.0,256.0,264.6,273.0,281.0,290.3,297.0,303.0,319.0,349.0,inferred
"Kingston upon Hull, City of",2021-08-10,197.0,216.9,232.0,237.0,242.0,250.0,258.0,266.0,274.3,280.0,286.0,299.0,324.5,inferred
"Kingston upon Hull, City of",2021-08-11,198.5,218.0,231.0,236.0,240.7,248.0,255.0,263.4,273.0,277.0,282.0,298.0,325.0,inferred
"Kingston upon Hull, City of",2021-08-12,186.0,204.0,215.0,220.8,225.0,232.0,240.0,247.0,257.0,261.0,266.0,279.0,301.0,inferred
"Kingston upon Hull, City of",2021-08-13,165.5,183.0,194.0,198.0,203.0,210.0,217.0,224.4,232.0,237.0,243.0,255.0,277.5,inferred
"Kingston upon Hull, City of",2021-08-14,131.5,146.0,156.0,160.0,164.0,171.0,177.0,184.4,192.0,196.0,200.0,213.0,233.0,inferred
"Kingston upon Hull, City of",2021-08-15,136.9,153.0,163.0,167.0,172.0,179.0,184.0,191.0,198.0,204.0,208.0,222.0,243.0,inferred
"Kingston upon Hull, City of",2021-08-16,194.5,213.0,225.0,230.0,235.0,244.0,253.0,262.0,272.0,278.0,284.0,299.0,321.0,inferred
"Kingston upon Hull, City of",2021-08-17,179.0,195.0,207.0,211.0,216.0,223.0,231.0,240.0,248.0,252.0,258.0,272.0,295.0,inferred
"Kingston upon Hull, City of",2021-08-18,176.0,192.0,207.0,211.0,214.7,223.0,230.0,238.0,246.0,251.0,256.0,271.0,294.0,inferred
"Kingston upon Hull, City of",2021-08-19,162.0,178.0,191.8,196.0,201.0,209.0,216.0,223.0,231.0,235.0,240.2,256.1,277.0,inferred
"Kingston upon Hull, City of",2021-08-20,142.0,160.0,172.0,176.0,180.7,187.0,195.0,202.0,208.3,213.0,217.0,231.0,248.5,inferred
"Kingston upon Hull, City of",2021-08-21,116.0,131.0,141.0,145.0,149.0,155.6,162.0,167.0,174.0,177.0,182.0,194.1,212.0,inferred
"Kingston upon Hull, City of",2021-08-22,122.0,136.0,148.0,151.0,155.0,162.0,168.0,174.0,181.0,185.0,189.0,202.0,218.0,inferred
"Kingston upon Hull, City of",2021-08-23,169.0,188.0,202.0,206.0,210.0,219.0,227.0,235.0,243.0,247.0,252.0,266.1,290.0,inferred
"Kingston upon Hull, City of",2021-08-24,153.0,175.0,187.0,192.0,196.0,206.0,213.0,219.0,227.0,231.0,237.0,248.0,278.0,inferred
"Kingston upon Hull, City of",2021-08-25,159.5,177.0,189.0,194.0,199.0,206.0,213.0,221.0,229.0,234.0,237.0,254.0,275.0,inferred
"Kingston upon Hull, City of",2021-08-26,155.0,170.0,182.0,186.0,190.0,197.0,205.0,213.0,220.0,225.0,230.0,246.0,269.0,inferred
"Kingston upon Hull, City of",2021-08-27,140.0,157.0,168.0,171.0,175.0,182.0,188.0,196.0,203.0,207.2,212.2,226.0,246.0,inferred
"Kingston upon Hull, City of",2021-08-28,116.0,129.0,138.0,142.0,146.0,153.0,159.0,166.0,173.0,177.0,180.0,192.0,210.0,inferred
"Kingston upon Hull, City of",2021-08-29,122.0,137.0,149.0,152.0,156.0,162.0,169.0,176.0,183.0,186.0,191.0,204.0,223.0,inferred
"Kingston upon Hull, City of",2021-08-30,178.0,199.0,211.0,215.0,219.0,227.0,235.0,244.0,252.0,257.0,263.0,276.1,304.0,inferred
"Kingston upon Hull, City of",2021-08-31,164.0,184.0,197.0,201.0,206.0,214.0,222.0,230.0,238.0,243.0,249.0,263.0,289.0,inferred
"Kingston upon Hull, City of",2021-09-01,171.0,187.0,199.0,204.0,208.0,215.0,223.0,230.0,239.0,244.0,249.0,264.0,290.5,inferred
"Kingston upon Hull, City of",2021-09-02,164.0,179.9,191.0,195.0,199.0,206.0,213.0,221.0,228.0,233.0,239.0,253.0,276.5,inferred
"Kingston upon Hull, City of",2021-09-03,146.5,163.0,174.0,177.8,181.0,188.0,195.0,201.4,209.0,213.2,218.0,233.0,258.5,inferred
"Kingston upon Hull, City of",2021-09-04,117.5,132.0,142.8,147.0,150.0,156.0,162.0,169.0,176.0,179.0,183.0,196.0,215.5,inferred
"Kingston upon Hull, City of",2021-09-05,123.0,138.0,150.0,154.0,158.0,165.0,172.0,179.0,186.0,190.0,195.0,207.0,230.0,inferred
"Kingston upon Hull, City of",2021-09-06,173.0,195.0,209.8,215.0,220.0,228.0,235.0,243.0,252.0,256.0,261.2,277.0,302.0,inferred
"Kingston upon Hull, City of",2021-09-07,161.5,177.9,190.0,194.0,198.0,205.0,212.0,220.0,229.0,233.0,238.0,253.0,276.0,inferred
"Kingston upon Hull, City of",2021-09-08,150.0,165.0,176.0,179.0,183.0,189.6,197.0,203.0,211.0,215.2,222.0,236.0,258.5,inferred
"Kingston upon Hull, City of",2021-09-09,126.0,142.0,152.0,156.8,160.0,167.0,174.0,180.0,187.0,192.0,196.0,209.0,226.5,inferred
"Kingston upon Hull, City of",2021-09-10,104.0,119.0,128.0,131.0,135.0,142.0,148.0,154.0,160.0,163.0,167.0,178.0,196.0,inferred
"Kingston upon Hull, City of",2021-09-11,78.0,88.0,96.0,99.0,102.0,108.0,113.0,118.0,124.0,128.0,132.0,143.0,157.0,inferred
"Kingston upon Hull, City of",2021-09-12,72.0,85.0,92.8,96.0,98.0,103.0,108.0,114.0,119.0,122.0,126.0,136.1,155.0,inferred
"Kingston upon Hull, City of",2021-09-13,98.0,112.0,120.0,124.0,127.7,133.0,139.0,145.0,152.0,156.0,160.0,173.0,192.5,inferred
"Kingston upon Hull, City of",2021-09-14,84.0,98.0,108.0,111.0,114.0,119.0,125.0,131.0,137.0,141.0,145.0,155.0,175.5,inferred
"Kingston upon Hull, City of",2021-09-15,84.0,97.0,106.0,110.0,113.0,118.0,123.0,129.0,136.0,140.0,143.0,153.0,171.0,inferred
"Kingston upon Hull, City of",2021-09-16,82.0,93.0,102.0,105.0,108.0,114.0,120.0,125.0,131.0,135.0,139.0,149.0,164.0,inferred
"Kingston upon Hull, City of",2021-09-17,74.0,87.0,94.0,97.0,100.0,105.0,109.0,115.0,120.0,124.0,127.0,136.0,154.5,inferred
"Kingston upon Hull, City of",2021-09-18,58.0,67.0,76.0,79.0,82.0,87.0,91.5,96.0,102.0,105.0,108.0,118.0,133.0,inferred
"Kingston upon Hull, City of",2021-09-19,62.0,74.0,82.0,84.0,86.0,91.0,96.0,100.0,106.0,109.0,112.0,122.0,139.0,inferred
"Kingston upon Hull, City of",2021-09-20,89.5,106.0,115.0,118.0,121.0,127.0,134.0,139.0,146.0,149.0,154.0,165.0,183.0,inferred
"Kingston upon Hull, City of",2021-09-21,84.5,97.0,107.0,110.0,113.0,119.0,124.0,130.0,136.0,139.0,143.0,154.1,175.0,inferred
"Kingston upon Hull, City of",2021-09-22,81.0,96.0,105.0,108.0,112.0,117.0,122.0,128.0,134.0,137.0,140.2,152.0,170.0,inferred
"Kingston upon Hull, City of",2021-09-23,79.0,91.0,99.0,102.0,106.0,111.0,115.0,120.0,127.0,130.0,135.0,145.0,159.5,inferred
"Kingston upon Hull, City of",2021-09-24,70.0,82.0,91.0,94.0,97.0,102.0,107.0,112.0,118.0,122.0,125.0,135.0,150.0,inferred
"Kingston upon Hull, City of",2021-09-25,57.0,66.0,74.0,77.0,79.0,84.0,88.0,93.0,98.0,101.0,105.0,113.0,130.0,inferred
"Kingston upon Hull, City of",2021-09-26,59.5,70.0,78.0,81.0,83.0,89.0,94.0,99.0,103.0,106.0,109.2,120.0,133.0,inferred
"Kingston upon Hull, City of",2021-09-27,86.5,100.0,109.0,113.0,116.0,122.0,127.0,133.0,139.0,144.0,149.0,158.0,176.5,inferred
"Kingston upon Hull, City of",2021-09-28,81.0,93.0,102.0,106.0,109.0,115.0,120.0,126.0,132.0,136.0,140.0,151.0,168.5,inferred
"Kingston upon Hull, City of",2021-09-29,80.0,94.0,103.0,107.0,109.0,115.0,120.0,126.0,132.0,135.2,140.0,149.0,165.0,inferred
"Kingston upon Hull, City of",2021-09-30,79.0,90.0,99.0,102.0,105.0,110.0,115.0,120.0,126.0,129.0,132.2,143.0,160.0,inferred
"Kingston upon Hull, City of",2021-10-01,71.0,81.0,90.0,93.0,96.0,101.0,106.0,111.0,116.0,119.0,122.0,132.0,150.0,inferred
"Kingston upon Hull, City of",2021-10-02,55.5,67.0,74.0,77.0,80.0,84.0,88.0,93.0,98.0,101.0,104.0,112.0,127.5,inferred
"Kingston upon Hull, City of",2021-10-03,59.0,71.0,78.0,81.0,83.0,88.0,93.0,97.0,103.0,106.0,110.0,119.0,136.0,inferred
"Kingston upon Hull, City of",2021-10-04,88.0,101.0,111.0,114.0,118.0,123.0,129.0,137.0,144.0,147.0,151.0,162.0,180.0,inferred
"Kingston upon Hull, City of",2021-10-05,84.0,97.0,105.0,109.0,112.0,118.0,122.0,128.0,134.0,138.0,141.0,152.1,172.0,inferred
"Kingston upon Hull, City of",2021-10-06,86.0,101.0,109.0,112.0,115.0,121.0,126.0,131.0,138.0,141.0,145.0,155.0,170.0,inferred
"Kingston upon Hull, City of",2021-10-07,86.0,98.0,106.0,109.8,112.0,119.0,124.0,129.0,136.0,140.0,143.0,154.0,170.5,inferred
"Kingston upon Hull, City of",2021-10-08,79.5,91.0,100.0,103.0,106.0,112.0,118.0,123.0,129.0,133.0,137.0,147.0,165.0,inferred
"Kingston upon Hull, City of",2021-10-09,66.0,78.0,86.0,88.0,91.0,97.0,101.0,106.0,112.0,115.0,119.0,129.0,144.5,inferred
"Kingston upon Hull, City of",2021-10-10,73.5,86.0,95.0,98.0,101.0,106.0,111.0,117.0,122.0,126.0,129.0,138.0,152.5,inferred
"Kingston upon Hull, City of",2021-10-11,113.0,128.0,137.0,141.0,144.0,151.0,158.0,165.0,172.0,176.0,181.0,194.0,212.5,inferred
"Kingston upon Hull, City of",2021-10-12,107.0,120.0,130.0,133.0,137.0,142.0,149.0,155.0,163.0,166.0,171.0,184.0,203.0,inferred
"Kingston upon Hull, City of",2021-10-13,105.0,120.0,130.0,134.0,137.0,144.0,150.0,156.0,163.0,167.2,172.0,183.0,208.0,inferred
"Kingston upon Hull, City of",2021-10-14,100.0,113.9,122.0,125.0,129.0,136.0,142.0,148.0,155.0,159.0,163.0,175.0,195.0,inferred
"Kingston upon Hull, City of",2021-10-15,85.5,101.0,111.0,114.0,117.0,123.0,129.0,135.0,142.0,146.0,150.0,161.0,182.0,inferred
Kingston upon Thames,2021-07-03,22.0,27.0,30.0,32.0,33.0,35.0,37.0,40.0,42.0,44.0,46.0,50.0,59.0,inferred
Kingston upon Thames,2021-07-04,24.0,29.0,33.0,35.0,36.0,38.0,40.0,43.0,45.0,47.0,48.0,53.0,60.0,inferred
Kingston upon Thames,2021-07-05,37.0,45.0,49.0,50.0,52.0,54.0,57.0,60.0,62.0,64.0,66.0,72.0,81.0,inferred
Kingston upon Thames,2021-07-06,39.0,45.0,50.0,52.0,53.0,56.0,59.0,61.4,65.0,67.0,69.0,74.0,82.0,inferred
Kingston upon Thames,2021-07-07,44.0,51.0,56.0,57.8,59.0,62.0,65.0,68.0,71.3,73.0,75.2,80.1,88.0,inferred
Kingston upon Thames,2021-07-08,47.0,54.0,59.0,61.0,62.0,65.0,68.0,71.4,74.0,76.2,79.0,85.0,95.0,inferred
Kingston upon Thames,2021-07-09,46.0,53.0,58.0,59.0,61.0,64.0,67.0,70.0,73.0,75.0,77.2,83.0,93.0,inferred
Kingston upon Thames,2021-07-10,42.5,48.0,53.0,55.0,56.0,59.0,62.0,65.0,68.0,69.0,71.0,77.0,87.0,inferred
Kingston upon Thames,2021-07-11,46.0,53.0,58.0,60.0,62.0,65.0,68.0,71.0,74.0,76.0,78.0,84.0,94.5,inferred
Kingston upon Thames,2021-07-12,72.0,81.0,88.0,91.0,93.0,97.0,100.0,104.0,109.0,111.2,114.0,122.0,134.0,inferred
Kingston upon Thames,2021-07-13,74.0,83.0,89.0,91.0,93.0,97.0,101.0,105.0,109.0,111.0,113.0,120.0,133.0,inferred
Kingston upon Thames,2021-07-14,74.0,85.0,91.0,93.0,96.0,99.0,103.0,107.0,111.0,113.0,115.2,123.0,133.0,inferred
Kingston upon Thames,2021-07-15,72.0,79.0,85.0,88.0,90.0,94.0,99.0,102.4,107.0,109.0,112.0,118.0,128.0,inferred
Kingston upon Thames,2021-07-16,64.0,72.9,78.0,80.0,81.7,85.0,88.0,92.0,96.0,98.0,100.0,107.0,117.5,inferred
Kingston upon Thames,2021-07-17,51.0,58.0,64.0,66.0,68.0,71.0,74.0,77.0,81.0,83.0,85.0,91.0,101.0,inferred
Kingston upon Thames,2021-07-18,51.0,58.0,63.0,65.0,67.0,70.0,74.0,76.0,80.0,82.0,84.0,90.1,101.5,inferred
Kingston upon Thames,2021-07-19,70.0,80.0,86.0,88.0,90.0,95.0,99.0,102.0,106.0,109.0,112.0,118.0,130.0,inferred
Kingston upon Thames,2021-07-20,67.0,74.0,79.8,82.0,84.0,87.6,91.0,95.0,99.0,101.0,104.0,111.0,121.5,inferred
Kingston upon Thames,2021-07-21,61.0,70.0,75.0,77.0,80.0,83.0,87.0,91.0,94.0,96.0,98.0,105.0,116.0,inferred
Kingston upon Thames,2021-07-22,54.0,62.0,67.0,69.0,71.0,74.0,77.0,81.0,85.0,87.0,89.0,95.1,104.0,inferred
Kingston upon Thames,2021-07-23,44.5,52.0,57.0,59.0,60.0,64.0,67.0,70.0,72.0,74.0,76.0,82.0,92.5,inferred
Kingston upon Thames,2021-07-24,33.5,39.0,44.8,46.0,47.0,50.0,52.0,55.0,58.0,60.0,62.0,68.0,75.0,inferred
Kingston upon Thames,2021-07-25,32.0,37.0,41.0,43.0,45.0,48.0,50.0,53.0,56.0,57.2,59.0,64.0,72.0,inferred
Kingston upon Thames,2021-07-26,42.0,49.0,53.0,55.0,57.0,60.0,63.0,66.0,69.0,72.0,74.0,79.0,91.0,inferred
Kingston upon Thames,2021-07-27,40.0,47.0,51.0,53.0,54.0,57.0,60.0,63.0,66.0,68.0,70.0,76.0,85.0,inferred
Kingston upon Thames,2021-07-28,42.0,48.0,53.0,54.8,56.0,59.0,62.0,65.0,68.0,70.0,72.0,78.0,87.0,inferred
Kingston upon Thames,2021-07-29,41.0,48.0,53.0,54.0,56.0,60.0,62.0,66.0,69.0,71.0,72.2,78.0,87.0,inferred
Kingston upon Thames,2021-07-30,39.0,45.0,50.0,51.0,53.0,56.0,59.0,61.0,65.0,67.0,69.0,75.0,83.0,inferred
Kingston upon Thames,2021-07-31,33.0,39.0,44.0,45.0,47.0,50.0,52.0,54.0,58.0,60.0,61.0,66.0,74.5,inferred
Kingston upon Thames,2021-08-01,34.0,40.0,45.0,46.0,48.0,51.0,53.0,56.0,59.0,60.0,62.0,67.0,75.0,inferred
Kingston upon Thames,2021-08-02,50.0,59.0,64.0,66.0,68.0,71.0,74.0,77.0,81.0,83.0,85.0,91.0,100.0,inferred
Kingston upon Thames,2021-08-03,50.0,56.0,62.0,64.0,66.0,69.0,73.0,76.0,80.0,81.0,83.0,90.0,99.5,inferred
Kingston upon Thames,2021-08-04,51.5,59.0,64.0,66.0,68.0,71.0,75.0,78.0,82.0,84.0,87.0,93.0,102.5,inferred
Kingston upon Thames,2021-08-05,50.0,57.0,62.0,64.0,66.0,69.0,72.0,75.0,79.0,81.0,84.0,90.0,98.5,inferred
Kingston upon Thames,2021-08-06,46.0,51.0,57.0,58.0,60.0,63.0,66.0,69.0,73.0,74.0,77.0,82.0,91.0,inferred
Kingston upon Thames,2021-08-07,37.0,43.0,48.0,49.0,51.0,54.0,57.0,60.0,63.0,65.0,66.2,72.0,80.0,inferred
Kingston upon Thames,2021-08-08,37.0,43.0,48.0,50.0,51.0,54.0,57.0,60.0,63.0,65.0,67.0,72.0,81.0,inferred
Kingston upon Thames,2021-08-09,54.0,63.0,68.0,70.0,72.0,75.0,79.0,82.0,86.0,88.0,90.0,96.0,105.0,inferred
Kingston upon Thames,2021-08-10,53.0,59.9,64.0,67.0,69.0,73.0,76.0,79.0,83.0,85.0,88.0,94.0,103.0,inferred
Kingston upon Thames,2021-08-11,55.0,63.0,68.0,70.0,71.0,75.0,78.0,81.0,85.0,87.0,89.0,95.0,106.0,inferred
Kingston upon Thames,2021-08-12,51.0,59.0,65.0,67.0,69.0,72.0,75.0,78.0,82.0,84.0,86.0,93.0,105.0,inferred
Kingston upon Thames,2021-08-13,46.5,54.0,59.0,61.0,63.0,66.0,69.0,72.0,76.0,77.0,80.0,85.1,96.0,inferred
Kingston upon Thames,2021-08-14,39.0,46.0,51.0,52.0,54.0,57.0,60.0,63.0,66.0,67.0,70.0,75.0,86.0,inferred
Kingston upon Thames,2021-08-15,40.0,46.9,51.0,53.0,54.0,57.0,61.0,63.4,66.0,68.0,70.0,75.0,85.0,inferred
Kingston upon Thames,2021-08-16,57.0,66.0,72.0,73.0,76.0,79.0,83.0,86.0,90.0,93.0,95.0,101.0,112.0,inferred
Kingston upon Thames,2021-08-17,54.0,61.0,67.0,69.0,71.0,75.0,78.0,82.0,85.0,88.0,90.0,97.0,107.0,inferred
Kingston upon Thames,2021-08-18,54.0,62.9,68.0,69.8,72.0,75.0,78.0,82.0,85.3,88.0,90.0,97.0,106.0,inferred
Kingston upon Thames,2021-08-19,51.0,58.0,64.0,65.0,67.0,71.0,74.0,77.0,81.0,83.0,85.0,91.0,101.5,inferred
Kingston upon Thames,2021-08-20,44.0,51.0,57.0,58.8,60.0,63.0,66.0,69.0,72.0,74.0,77.0,83.0,92.0,inferred
Kingston upon Thames,2021-08-21,35.0,42.0,46.0,48.0,49.0,52.0,54.0,57.0,60.0,62.0,64.0,69.0,76.0,inferred
Kingston upon Thames,2021-08-22,35.0,41.0,45.0,47.0,48.0,51.0,54.0,56.0,60.0,62.0,63.0,68.0,78.0,inferred
Kingston upon Thames,2021-08-23,48.0,55.0,61.0,63.0,65.0,68.0,71.0,74.0,78.0,80.0,82.0,88.0,97.0,inferred
Kingston upon Thames,2021-08-24,47.0,53.0,59.0,60.0,62.0,65.0,68.0,71.0,75.0,76.0,78.0,84.0,94.0,inferred
Kingston upon Thames,2021-08-25,47.0,54.0,59.0,61.0,62.0,65.6,68.0,72.0,75.0,77.0,79.0,85.0,93.0,inferred
Kingston upon Thames,2021-08-26,45.0,52.0,56.0,58.0,59.0,62.0,65.0,68.0,71.0,73.0,76.0,82.0,92.0,inferred
Kingston upon Thames,2021-08-27,39.0,46.0,51.0,53.0,54.0,57.0,61.0,63.0,66.0,68.0,70.0,76.0,85.0,inferred
Kingston upon Thames,2021-08-28,32.0,38.0,43.0,44.0,46.0,49.0,51.0,54.0,57.0,58.0,60.0,65.0,73.0,inferred
Kingston upon Thames,2021-08-29,31.5,38.0,42.0,44.0,45.0,48.0,51.0,54.0,56.0,58.0,60.0,65.0,74.0,inferred
Kingston upon Thames,2021-08-30,47.0,54.0,59.0,61.0,62.0,66.0,68.0,72.0,76.0,78.0,80.0,86.0,96.0,inferred
Kingston upon Thames,2021-08-31,44.0,52.0,57.0,59.0,60.0,63.0,66.0,69.0,73.0,74.2,77.0,82.0,91.0,inferred
Kingston upon Thames,2021-09-01,46.0,52.0,58.0,60.0,61.0,64.0,67.0,71.0,74.0,76.0,77.0,83.0,93.0,inferred
Kingston upon Thames,2021-09-02,43.0,49.0,54.0,56.0,58.0,61.0,64.0,67.0,70.0,72.0,74.0,79.0,90.0,inferred
Kingston upon Thames,2021-09-03,38.0,44.0,48.0,50.0,52.0,55.0,58.0,61.0,64.0,66.0,68.0,73.0,84.0,inferred
Kingston upon Thames,2021-09-04,32.0,37.0,41.0,42.0,44.0,46.0,49.0,52.0,54.0,56.0,58.0,63.0,71.5,inferred
Kingston upon Thames,2021-09-05,32.0,37.0,41.0,43.0,44.0,47.0,49.0,51.0,54.0,56.0,58.0,63.0,70.0,inferred
Kingston upon Thames,2021-09-06,45.0,52.0,57.0,58.0,60.0,63.0,65.5,68.0,71.0,73.0,76.0,81.0,91.0,inferred
Kingston upon Thames,2021-09-07,41.0,48.0,53.0,54.0,56.0,60.0,63.0,66.0,69.0,71.0,73.0,79.0,86.5,inferred
Kingston upon Thames,2021-09-08,41.0,47.0,52.0,54.0,56.0,59.0,62.0,65.0,68.0,70.0,73.0,79.0,88.0,inferred
Kingston upon Thames,2021-09-09,38.0,44.0,49.0,51.0,53.0,56.0,58.0,61.0,64.0,66.0,68.0,74.0,84.0,inferred
Kingston upon Thames,2021-09-10,33.0,38.0,43.0,45.0,46.0,49.0,52.0,55.0,58.0,60.0,61.2,66.0,74.5,inferred
Kingston upon Thames,2021-09-11,26.0,31.0,35.0,37.0,38.0,41.0,43.0,46.0,48.0,50.0,51.0,55.0,63.0,inferred
Kingston upon Thames,2021-09-12,24.5,30.0,34.0,36.0,37.0,40.0,42.0,44.0,46.0,48.0,50.0,54.1,62.0,inferred
Kingston upon Thames,2021-09-13,35.0,41.0,45.0,47.0,49.0,52.0,55.0,58.0,61.0,63.0,65.0,70.0,80.0,inferred
Kingston upon Thames,2021-09-14,35.0,41.0,45.0,46.0,48.0,51.0,54.0,57.0,60.0,62.0,64.0,70.0,78.0,inferred
Kingston upon Thames,2021-09-15,37.0,43.0,48.0,49.0,51.0,55.0,58.0,60.0,63.3,65.0,67.0,73.0,82.0,inferred
Kingston upon Thames,2021-09-16,39.0,45.0,50.0,51.0,53.0,56.0,59.0,62.0,65.0,67.0,69.0,75.0,84.0,inferred
Kingston upon Thames,2021-09-17,37.0,45.0,49.0,50.0,52.0,54.0,57.0,60.0,63.0,65.0,67.0,73.0,80.5,inferred
Kingston upon Thames,2021-09-18,32.5,38.0,42.0,44.0,45.0,49.0,51.0,54.0,57.0,59.0,61.0,65.0,72.0,inferred
Kingston upon Thames,2021-09-19,35.0,42.0,46.0,48.0,49.0,52.0,55.0,57.0,61.0,62.0,65.0,70.0,78.0,inferred
Kingston upon Thames,2021-09-20,54.0,62.0,67.0,69.0,71.0,75.0,78.0,82.0,85.0,87.0,90.0,97.0,107.5,inferred
Kingston upon Thames,2021-09-21,55.0,62.0,67.0,69.0,71.0,74.0,78.0,81.0,84.3,87.0,89.0,95.0,105.0,inferred
Kingston upon Thames,2021-09-22,56.5,63.0,69.0,71.0,73.0,76.0,80.0,84.0,87.0,90.0,92.0,98.0,107.0,inferred
Kingston upon Thames,2021-09-23,54.5,63.0,68.0,70.0,72.0,75.0,78.0,82.0,85.0,87.0,90.0,96.0,105.0,inferred
Kingston upon Thames,2021-09-24,49.5,58.0,63.0,65.0,67.0,70.0,73.0,76.0,80.0,82.0,84.0,89.0,98.0,inferred
Kingston upon Thames,2021-09-25,40.0,48.0,53.0,55.0,57.0,60.0,63.0,66.0,69.0,71.0,73.0,78.0,86.5,inferred
Kingston upon Thames,2021-09-26,42.0,49.0,54.0,56.0,58.0,61.0,64.0,67.0,70.0,72.0,74.0,80.0,90.0,inferred
Kingston upon Thames,2021-09-27,62.0,70.0,76.0,78.0,80.0,84.0,87.0,91.0,95.0,97.0,100.0,108.0,118.0,inferred
Kingston upon Thames,2021-09-28,60.0,68.0,74.0,76.0,78.0,82.0,85.0,89.0,92.3,95.0,97.0,104.0,114.5,inferred
Kingston upon Thames,2021-09-29,61.0,70.0,76.0,78.0,81.0,84.0,88.0,91.0,96.0,98.0,100.0,105.0,117.0,inferred
Kingston upon Thames,2021-09-30,60.0,69.0,74.8,77.0,79.0,82.0,85.0,88.0,92.0,94.0,97.0,103.0,116.0,inferred
Kingston upon Thames,2021-10-01,53.0,62.0,67.0,69.0,71.0,75.0,78.0,81.0,85.0,86.0,89.0,95.0,108.0,inferred
Kingston upon Thames,2021-10-02,47.0,53.0,58.0,60.0,61.0,65.0,67.0,70.0,74.0,76.0,79.0,84.0,95.0,inferred
Kingston upon Thames,2021-10-03,46.0,53.9,58.0,60.0,62.0,65.0,69.0,72.0,75.0,77.0,79.0,85.0,94.5,inferred
Kingston upon Thames,2021-10-04,68.0,76.9,82.0,85.0,87.0,90.0,94.0,98.0,102.0,104.0,107.0,114.0,126.0,inferred
Kingston upon Thames,2021-10-05,66.0,75.0,80.0,82.0,84.7,89.0,92.0,96.0,100.0,102.0,105.0,112.0,123.0,inferred
Kingston upon Thames,2021-10-06,71.0,79.0,85.0,87.0,88.7,92.0,96.0,99.0,103.0,106.0,109.0,116.0,126.0,inferred
Kingston upon Thames,2021-10-07,71.0,78.0,84.0,86.0,88.0,92.0,95.0,99.0,103.0,105.0,108.0,114.0,125.5,inferred
Kingston upon Thames,2021-10-08,64.0,72.0,77.0,80.0,82.0,86.0,90.0,94.0,98.0,100.0,102.0,109.0,122.5,inferred
Kingston upon Thames,2021-10-09,54.5,63.0,69.0,71.0,73.0,77.0,80.0,83.0,88.0,90.0,92.2,98.1,110.0,inferred
Kingston upon Thames,2021-10-10,58.0,67.0,72.0,74.0,75.0,79.0,82.0,86.0,89.0,91.0,94.0,99.0,111.0,inferred
Kingston upon Thames,2021-10-11,85.0,95.0,102.0,104.0,106.0,111.0,115.0,120.0,124.3,127.0,130.0,137.0,148.5,inferred
Kingston upon Thames,2021-10-12,83.0,93.0,101.0,103.0,105.0,109.6,113.0,117.0,122.0,124.0,127.0,135.0,146.5,inferred
Kingston upon Thames,2021-10-13,85.0,94.0,100.0,104.0,106.0,110.0,115.0,119.0,123.0,126.0,129.0,137.0,149.0,inferred
Kingston upon Thames,2021-10-14,81.0,90.0,96.0,100.0,102.0,107.0,111.0,115.0,119.0,122.0,124.0,133.0,146.0,inferred
Kingston upon Thames,2021-10-15,74.0,82.0,88.0,91.0,93.0,97.0,101.0,105.0,109.0,112.0,115.0,123.0,135.0,inferred
Kirklees,2021-07-03,103.0,116.0,126.8,131.0,135.0,141.0,148.0,155.0,161.3,166.0,171.0,184.0,208.0,inferred
Kirklees,2021-07-04,121.0,138.0,149.0,153.0,157.0,165.0,171.0,177.0,184.0,188.0,193.0,203.0,224.0,inferred
Kirklees,2021-07-05,189.5,210.9,222.0,228.0,232.0,239.0,247.0,255.0,263.0,267.0,273.0,289.0,310.0,inferred
Kirklees,2021-07-06,186.0,204.0,216.0,221.0,225.0,233.0,240.0,248.0,257.0,260.2,265.0,280.0,307.0,inferred
Kirklees,2021-07-07,192.5,211.0,223.0,228.0,233.0,241.0,249.0,256.0,264.0,269.0,274.0,289.0,311.0,inferred
Kirklees,2021-07-08,188.0,207.0,219.0,224.0,229.0,237.0,244.0,253.0,261.0,265.0,271.0,284.0,308.5,inferred
Kirklees,2021-07-09,179.0,196.0,207.0,211.0,216.0,224.0,232.0,239.0,246.0,251.0,257.0,271.0,296.5,inferred
Kirklees,2021-07-10,151.0,168.0,179.0,183.0,187.0,194.0,201.0,208.0,216.0,220.0,225.0,239.0,260.0,inferred
Kirklees,2021-07-11,165.0,183.9,197.0,201.0,205.0,213.0,221.0,229.0,237.0,242.0,247.0,261.0,282.0,inferred
Kirklees,2021-07-12,247.0,268.0,283.0,290.0,295.7,306.0,315.0,324.0,335.0,340.0,347.0,365.0,392.5,inferred
Kirklees,2021-07-13,233.0,256.0,269.0,274.0,280.0,289.0,299.0,309.0,320.0,326.0,333.0,349.0,380.0,inferred
Kirklees,2021-07-14,234.0,257.0,269.0,274.0,280.0,290.0,298.0,307.0,317.0,323.0,328.0,344.1,368.0,inferred
Kirklees,2021-07-15,217.0,239.0,253.0,259.0,263.7,273.0,282.0,290.0,300.0,306.0,311.0,326.0,351.5,inferred
Kirklees,2021-07-16,194.0,215.0,229.0,235.0,239.0,247.0,256.0,264.0,274.0,279.0,284.0,300.0,320.5,inferred
Kirklees,2021-07-17,158.0,175.0,186.8,191.0,195.0,203.6,211.0,217.0,226.0,231.0,236.0,252.0,275.5,inferred
Kirklees,2021-07-18,167.0,184.0,196.0,201.0,205.0,213.0,221.0,228.4,238.0,242.0,247.0,261.0,282.0,inferred
Kirklees,2021-07-19,230.0,254.0,267.0,273.0,279.0,289.0,297.0,306.0,317.0,323.0,329.0,347.0,374.0,inferred
Kirklees,2021-07-20,207.5,231.0,244.0,249.0,254.0,263.0,271.0,279.0,289.0,294.0,300.0,315.0,347.5,inferred
Kirklees,2021-07-21,196.5,216.0,230.0,235.0,240.0,248.0,257.0,265.0,275.3,280.0,286.0,303.0,326.0,inferred
Kirklees,2021-07-22,178.5,195.0,208.0,212.0,217.0,225.0,232.0,241.0,250.0,255.0,260.0,276.1,299.5,inferred
Kirklees,2021-07-23,150.5,168.0,180.0,184.0,188.0,195.0,202.0,209.0,217.0,221.0,225.2,240.0,261.0,inferred
Kirklees,2021-07-24,115.5,131.0,140.0,144.0,147.0,154.0,161.0,166.0,172.3,176.0,180.2,193.0,213.5,inferred
Kirklees,2021-07-25,115.5,129.0,140.0,144.0,148.0,154.0,160.0,166.0,173.0,178.0,183.0,195.0,218.0,inferred
Kirklees,2021-07-26,157.0,175.0,186.0,191.0,196.0,204.0,212.0,219.0,227.0,231.0,238.0,251.0,271.0,inferred
Kirklees,2021-07-27,146.0,162.0,174.0,178.0,183.0,190.0,198.0,205.0,213.0,218.0,223.0,236.0,260.5,inferred
Kirklees,2021-07-28,154.0,169.0,182.0,187.0,191.0,198.0,206.0,213.0,220.3,225.0,230.0,244.0,265.0,inferred
Kirklees,2021-07-29,156.0,169.0,181.0,186.0,190.0,198.0,205.0,213.0,222.0,226.0,231.0,245.0,264.0,inferred
Kirklees,2021-07-30,143.0,159.0,171.0,175.8,180.0,187.0,194.0,202.0,208.0,212.0,218.0,231.0,253.0,inferred
Kirklees,2021-07-31,122.0,136.0,145.0,149.0,153.0,160.0,166.0,172.0,178.0,182.0,187.0,201.0,224.0,inferred
Kirklees,2021-08-01,129.0,147.0,158.0,163.0,167.0,174.0,181.0,188.0,196.0,199.0,204.0,216.0,236.0,inferred
Kirklees,2021-08-02,195.0,217.0,231.0,235.0,240.0,247.0,257.0,265.0,273.0,277.0,284.0,300.0,326.0,inferred
Kirklees,2021-08-03,184.0,202.0,216.0,221.0,226.0,236.0,242.5,251.0,260.0,264.0,269.0,286.0,309.0,inferred
Kirklees,2021-08-04,182.5,201.0,215.0,220.0,225.0,233.0,241.0,249.0,259.0,264.0,270.0,282.1,308.0,inferred
Kirklees,2021-08-05,174.0,192.0,204.0,209.0,213.0,220.0,228.0,236.0,244.0,249.0,255.0,270.0,292.5,inferred
Kirklees,2021-08-06,157.5,175.0,185.0,190.0,194.0,200.0,209.0,215.0,222.0,227.0,233.0,247.0,271.5,inferred
Kirklees,2021-08-07,124.0,140.0,152.0,157.0,161.0,167.0,173.0,179.0,186.0,192.0,196.0,208.0,227.0,inferred
Kirklees,2021-08-08,134.5,149.0,159.8,164.0,168.0,175.0,182.0,189.0,197.0,200.2,205.0,218.0,238.0,inferred
Kirklees,2021-08-09,191.0,211.0,222.0,226.0,231.0,239.0,247.0,256.0,265.0,271.0,277.0,293.0,317.0,inferred
Kirklees,2021-08-10,181.0,197.0,209.0,214.8,219.0,227.0,235.0,243.0,251.0,256.0,261.0,274.0,300.0,inferred
Kirklees,2021-08-11,174.0,196.0,210.0,214.0,218.0,226.0,234.0,243.0,250.0,254.0,259.0,275.0,297.0,inferred
Kirklees,2021-08-12,170.0,187.0,199.0,203.0,207.0,215.0,223.0,231.0,241.0,246.0,251.0,264.0,286.0,inferred
Kirklees,2021-08-13,154.5,172.0,183.0,187.0,191.0,197.6,205.0,212.0,220.0,224.0,229.0,243.0,265.0,inferred
Kirklees,2021-08-14,126.0,140.0,149.0,153.0,157.0,164.0,171.0,178.0,185.0,189.0,194.0,207.0,225.5,inferred
Kirklees,2021-08-15,129.0,146.0,157.0,161.8,166.0,173.0,179.5,186.0,194.0,198.0,204.0,217.0,239.0,inferred
Kirklees,2021-08-16,191.0,211.0,224.0,229.0,234.0,243.0,251.0,259.0,268.0,274.0,279.0,297.0,322.0,inferred
Kirklees,2021-08-17,177.0,196.0,208.0,212.0,217.7,225.0,233.0,242.0,251.0,256.0,262.0,276.0,301.0,inferred
Kirklees,2021-08-18,177.0,195.0,207.0,211.8,215.0,222.6,231.0,238.4,247.0,253.0,257.0,271.0,296.0,inferred
Kirklees,2021-08-19,164.0,184.0,195.0,199.0,203.0,211.0,218.0,225.0,234.0,238.0,244.0,257.0,276.0,inferred
Kirklees,2021-08-20,147.0,164.0,176.0,180.0,185.0,192.0,200.0,207.0,215.0,220.0,225.0,239.0,261.0,inferred
Kirklees,2021-08-21,119.0,133.9,144.0,147.0,151.0,157.0,164.0,171.0,178.0,182.0,186.0,199.0,220.0,inferred
Kirklees,2021-08-22,124.0,140.0,151.0,154.0,158.0,166.0,172.0,179.0,185.0,190.0,194.2,208.0,226.0,inferred
Kirklees,2021-08-23,178.5,196.0,209.0,215.0,220.0,228.0,234.0,243.0,252.0,257.0,262.0,277.0,299.0,inferred
Kirklees,2021-08-24,164.0,182.0,194.0,199.0,204.0,211.0,219.0,226.0,234.0,239.0,243.0,258.0,283.0,inferred
Kirklees,2021-08-25,164.0,182.0,194.0,199.0,203.0,211.0,218.5,227.0,234.3,238.2,244.0,260.1,286.0,inferred
Kirklees,2021-08-26,151.5,172.0,184.0,190.0,194.0,203.0,210.0,217.0,225.0,230.0,235.0,248.0,268.0,inferred
Kirklees,2021-08-27,141.0,160.0,171.0,175.0,179.0,185.0,191.0,199.0,206.0,210.2,216.0,229.1,250.5,inferred
Kirklees,2021-08-28,117.0,130.0,140.8,144.0,147.7,155.0,162.0,168.0,175.0,178.0,182.2,194.0,215.0,inferred
Kirklees,2021-08-29,123.5,139.0,150.0,154.0,158.0,165.0,172.0,178.0,186.0,190.0,194.0,208.0,228.0,inferred
Kirklees,2021-08-30,178.5,198.0,212.0,217.0,221.0,229.0,236.0,244.0,252.0,257.2,263.0,279.0,304.0,inferred
Kirklees,2021-08-31,168.0,187.0,200.0,205.0,209.0,217.0,225.0,232.0,242.0,246.0,252.0,267.0,290.0,inferred
Kirklees,2021-09-01,170.5,191.0,202.0,206.0,211.0,220.0,228.0,235.0,245.0,250.0,254.2,270.0,293.0,inferred
Kirklees,2021-09-02,165.5,186.0,198.0,203.0,207.0,215.0,222.0,229.0,238.0,244.0,250.0,263.0,284.0,inferred
Kirklees,2021-09-03,153.0,171.0,184.0,189.0,193.0,201.0,207.0,215.0,223.0,227.2,232.2,246.0,270.0,inferred
Kirklees,2021-09-04,131.0,145.0,155.0,159.0,162.0,169.0,175.0,182.0,189.0,194.0,200.0,212.0,232.5,inferred
Kirklees,2021-09-05,136.0,153.9,165.0,169.0,174.0,182.0,189.0,196.0,203.0,208.0,213.0,226.0,248.5,inferred
Kirklees,2021-09-06,200.0,221.0,235.0,240.0,244.7,254.0,263.0,271.0,281.0,286.0,292.0,309.0,334.0,inferred
Kirklees,2021-09-07,187.0,207.0,219.0,225.0,229.0,237.0,245.0,252.0,261.0,266.0,272.0,288.0,313.0,inferred
Kirklees,2021-09-08,178.0,199.0,211.0,215.8,220.0,228.0,236.0,244.0,251.0,256.0,260.0,275.0,297.5,inferred
Kirklees,2021-09-09,163.0,180.0,191.0,196.0,200.0,209.0,215.0,224.0,232.0,236.0,240.0,254.0,279.5,inferred
Kirklees,2021-09-10,138.0,157.0,168.0,172.0,176.0,184.0,190.0,197.0,205.0,209.0,214.0,226.0,245.0,inferred
Kirklees,2021-09-11,107.0,121.9,131.0,134.0,138.0,145.0,151.0,158.0,165.0,169.0,173.0,185.0,204.5,inferred
Kirklees,2021-09-12,108.5,123.0,134.0,138.0,142.0,148.0,155.0,161.0,167.0,171.0,175.0,189.0,206.0,inferred
Kirklees,2021-09-13,151.5,171.0,182.0,187.0,190.0,198.0,205.0,213.0,221.0,226.0,230.0,244.0,267.5,inferred
Kirklees,2021-09-14,146.0,164.0,174.0,179.0,183.0,190.0,198.0,205.0,212.0,216.0,221.0,234.0,255.0,inferred
Kirklees,2021-09-15,157.5,176.9,190.0,193.0,198.0,207.0,213.0,219.4,227.0,232.0,238.0,253.0,274.0,inferred
Kirklees,2021-09-16,165.0,186.0,198.0,202.0,205.0,214.0,221.0,229.0,238.0,243.0,248.0,261.0,284.0,inferred
Kirklees,2021-09-17,163.0,180.0,193.0,197.0,202.0,209.0,217.5,226.0,233.3,238.0,244.0,257.0,282.5,inferred
Kirklees,2021-09-18,144.0,163.0,175.0,179.0,183.0,191.0,198.0,204.0,212.0,217.0,222.0,236.0,257.0,inferred
Kirklees,2021-09-19,167.0,190.0,200.0,205.0,209.0,216.6,223.0,231.0,239.0,243.0,250.0,264.0,289.0,inferred
Kirklees,2021-09-20,265.0,286.0,300.0,306.0,311.0,321.0,330.0,340.0,350.0,356.0,362.0,380.0,407.0,inferred
Kirklees,2021-09-21,251.0,273.0,289.0,294.0,299.0,308.0,317.0,326.0,336.0,342.0,349.0,368.0,396.5,inferred
Kirklees,2021-09-22,250.5,277.0,292.0,298.0,303.0,312.6,322.0,331.4,342.0,347.0,354.0,372.1,397.0,inferred
Kirklees,2021-09-23,240.5,263.9,276.8,283.0,288.0,297.0,305.0,315.0,324.0,329.0,335.0,353.1,381.5,inferred
Kirklees,2021-09-24,218.0,238.0,251.0,257.0,263.0,272.0,279.0,288.0,296.0,301.0,307.0,321.0,346.5,inferred
Kirklees,2021-09-25,180.0,196.0,208.0,212.0,216.7,225.0,232.0,240.0,249.0,253.0,258.2,273.0,299.5,inferred
Kirklees,2021-09-26,192.5,209.0,223.0,228.0,232.0,241.0,248.0,257.0,265.3,269.2,274.0,289.0,311.0,inferred
Kirklees,2021-09-27,271.5,293.0,311.0,317.0,323.0,333.0,342.0,352.0,361.0,367.0,374.0,394.0,422.0,inferred
Kirklees,2021-09-28,253.0,274.0,291.0,298.0,302.0,311.0,320.0,330.0,340.3,347.0,354.0,371.0,397.0,inferred
Kirklees,2021-09-29,248.0,271.0,288.0,295.0,299.0,308.0,317.0,327.0,336.0,341.0,347.0,365.0,397.0,inferred
Kirklees,2021-09-30,235.5,256.0,271.0,276.0,281.0,290.0,298.0,308.0,317.0,322.0,328.0,343.0,369.0,inferred
Kirklees,2021-10-01,211.0,230.9,244.0,250.0,254.0,262.6,271.0,279.0,288.0,294.0,299.0,315.0,340.5,inferred
Kirklees,2021-10-02,174.0,190.0,201.0,207.0,211.0,219.0,226.0,234.0,242.0,246.0,252.0,265.1,287.0,inferred
Kirklees,2021-10-03,179.5,196.0,208.0,214.0,218.0,227.0,234.0,242.0,251.0,256.0,262.0,276.0,299.5,inferred
Kirklees,2021-10-04,256.0,276.0,290.0,296.0,301.7,313.0,322.0,332.0,342.0,348.0,355.0,374.0,403.5,inferred
Kirklees,2021-10-05,244.5,264.0,276.0,282.0,286.0,296.0,305.0,315.0,325.0,332.0,337.0,353.1,381.0,inferred
Kirklees,2021-10-06,248.5,270.0,285.0,292.0,296.0,306.0,315.0,323.0,333.0,339.0,345.0,363.0,390.0,inferred
Kirklees,2021-10-07,246.0,268.0,282.0,288.0,294.0,302.0,311.0,320.0,332.0,337.0,343.0,360.0,385.0,inferred
Kirklees,2021-10-08,230.0,249.0,262.0,268.0,273.0,283.0,292.0,300.0,309.0,315.0,322.0,335.0,358.0,inferred
Kirklees,2021-10-09,193.5,215.0,227.0,231.0,236.0,245.0,253.0,260.0,269.0,272.0,277.0,293.1,317.5,inferred
Kirklees,2021-10-10,216.0,236.0,248.0,253.0,258.0,267.0,276.0,284.0,293.0,297.0,303.0,321.0,346.5,inferred
Kirklees,2021-10-11,312.0,338.0,355.0,360.0,365.0,377.0,387.0,398.0,410.0,415.0,425.0,444.1,472.0,inferred
Kirklees,2021-10-12,291.5,315.0,330.0,337.8,343.0,352.0,363.0,372.0,383.0,389.0,397.0,416.0,447.5,inferred
Kirklees,2021-10-13,281.0,310.0,326.0,332.0,337.0,347.0,357.0,367.0,378.0,383.2,391.0,409.0,443.0,inferred
Kirklees,2021-10-14,260.0,283.0,299.0,305.0,312.0,322.0,330.0,339.0,350.0,355.0,361.0,380.0,412.0,inferred
Kirklees,2021-10-15,220.5,248.0,262.0,268.0,273.0,281.0,291.0,300.4,311.0,317.0,324.0,343.0,369.0,inferred
Knowsley,2021-07-03,58.0,65.0,69.0,71.0,72.0,75.0,78.0,81.0,84.3,86.0,88.0,94.0,102.0,inferred
Knowsley,2021-07-04,65.0,71.9,76.0,79.0,80.0,83.0,86.0,89.0,92.0,94.0,97.0,102.0,111.0,inferred
Knowsley,2021-07-05,96.0,106.9,112.0,115.0,117.0,120.0,124.0,127.0,131.0,133.0,136.0,142.0,153.0,inferred
Knowsley,2021-07-06,95.0,102.0,108.0,110.0,111.0,115.0,119.0,122.0,126.0,128.0,130.0,136.0,145.0,inferred
Knowsley,2021-07-07,97.0,105.0,111.0,113.0,115.0,118.0,122.0,125.0,129.0,130.2,133.0,139.0,149.0,inferred
Knowsley,2021-07-08,92.0,102.0,106.8,109.0,111.0,115.0,118.0,121.0,125.0,127.0,129.0,136.0,147.0,inferred
Knowsley,2021-07-09,82.0,91.0,96.0,98.0,100.0,104.0,107.0,110.0,114.0,116.0,118.0,124.0,133.0,inferred
Knowsley,2021-07-10,68.0,75.0,80.0,82.0,84.0,87.0,90.0,93.0,97.0,99.0,101.0,107.0,116.5,inferred
Knowsley,2021-07-11,72.0,81.0,86.0,89.0,90.0,94.0,97.0,100.0,103.0,105.0,107.0,112.0,123.0,inferred
Knowsley,2021-07-12,108.0,117.9,124.0,126.0,128.0,132.0,136.0,140.0,144.0,146.0,149.0,156.1,168.0,inferred
Knowsley,2021-07-13,99.0,108.0,115.0,118.0,120.0,124.0,127.0,132.0,136.0,138.0,140.0,147.0,158.0,inferred
Knowsley,2021-07-14,99.0,108.0,115.0,117.8,120.0,123.0,126.0,130.0,134.0,136.0,139.0,145.0,156.5,inferred
Knowsley,2021-07-15,91.0,101.0,107.0,109.0,112.0,115.0,119.0,123.0,126.0,128.0,131.0,137.0,148.0,inferred
Knowsley,2021-07-16,78.0,86.0,92.0,94.0,96.0,99.0,102.0,106.0,109.0,111.0,113.2,119.0,129.0,inferred
Knowsley,2021-07-17,62.0,69.0,74.0,76.0,77.0,80.6,84.0,87.0,90.0,92.0,94.0,99.0,108.0,inferred
Knowsley,2021-07-18,64.0,71.0,76.0,77.0,79.0,83.0,86.0,88.0,92.0,94.0,96.0,102.0,111.0,inferred
Knowsley,2021-07-19,88.0,97.0,103.0,106.0,108.0,111.0,115.0,118.0,123.0,125.0,127.0,134.0,144.0,inferred
Knowsley,2021-07-20,80.0,88.0,94.0,96.0,98.0,102.0,105.0,108.0,112.0,114.0,116.0,122.0,132.0,inferred
Knowsley,2021-07-21,76.5,85.0,91.0,92.0,95.0,98.0,102.0,105.0,109.0,110.0,112.0,119.0,128.0,inferred
Knowsley,2021-07-22,72.0,79.0,84.0,86.0,88.0,91.0,94.0,97.0,101.0,103.0,105.0,111.0,121.0,inferred
Knowsley,2021-07-23,59.5,67.0,71.0,73.0,75.0,77.0,80.0,83.0,86.0,88.0,90.0,95.0,103.0,inferred
Knowsley,2021-07-24,46.0,53.0,56.0,58.0,59.0,62.0,65.0,67.0,70.0,72.0,73.0,78.0,85.0,inferred
Knowsley,2021-07-25,48.0,53.0,58.0,59.0,61.0,63.0,66.0,69.0,72.0,73.0,75.0,80.0,88.0,inferred
Knowsley,2021-07-26,67.0,74.0,80.0,82.0,84.0,87.0,90.0,93.0,97.0,99.0,101.0,106.0,116.0,inferred
Knowsley,2021-07-27,62.0,69.0,74.0,76.0,78.0,81.0,84.0,87.0,90.0,92.0,94.0,100.0,109.0,inferred
Knowsley,2021-07-28,63.0,70.0,75.0,77.0,79.0,82.0,86.0,88.0,91.0,93.0,95.0,101.0,109.0,inferred
Knowsley,2021-07-29,61.0,68.0,73.0,75.0,76.0,80.0,83.0,86.0,90.0,92.0,94.0,99.0,110.0,inferred
Knowsley,2021-07-30,54.0,61.0,66.0,67.0,69.0,72.0,75.0,77.0,80.0,82.0,84.0,88.0,98.0,inferred
Knowsley,2021-07-31,44.0,50.0,54.0,56.0,57.0,60.0,63.0,65.0,68.0,70.0,71.0,76.0,83.0,inferred
Knowsley,2021-08-01,48.0,53.0,58.0,60.0,61.0,64.0,67.0,69.0,72.0,73.0,75.0,80.0,90.0,inferred
Knowsley,2021-08-02,71.0,77.9,83.0,85.0,87.0,90.0,93.5,97.0,101.0,103.0,105.0,111.0,120.0,inferred
Knowsley,2021-08-03,66.5,73.0,78.8,80.8,82.0,86.0,89.0,92.0,96.0,98.0,100.0,106.0,114.5,inferred
Knowsley,2021-08-04,68.0,76.0,80.0,82.0,84.0,87.0,90.0,93.0,97.0,99.0,101.0,107.0,116.0,inferred
Knowsley,2021-08-05,67.0,74.0,78.0,80.0,82.0,85.0,88.0,92.0,95.0,97.0,98.0,105.0,114.0,inferred
Knowsley,2021-08-06,58.0,65.0,70.0,72.0,74.0,77.0,79.0,82.0,85.0,87.0,89.0,94.0,102.0,inferred
Knowsley,2021-08-07,48.0,54.0,58.0,60.0,62.0,64.0,66.0,69.0,72.0,74.0,76.0,80.0,88.5,inferred
Knowsley,2021-08-08,51.0,57.0,62.0,64.0,66.0,69.0,71.0,74.0,77.0,78.0,81.0,86.0,94.0,inferred
Knowsley,2021-08-09,76.0,84.0,90.0,92.0,94.0,97.0,100.0,104.0,108.0,109.0,112.0,118.0,128.5,inferred
Knowsley,2021-08-10,71.0,79.0,84.0,86.0,88.0,92.0,95.0,98.0,102.0,103.2,106.0,112.0,121.0,inferred
Knowsley,2021-08-11,72.0,79.0,84.0,87.0,88.0,91.0,94.0,98.0,101.0,103.0,105.0,111.0,121.5,inferred
Knowsley,2021-08-12,69.0,76.0,81.0,83.0,85.0,88.0,91.0,94.0,97.0,99.0,102.0,108.0,117.0,inferred
Knowsley,2021-08-13,60.0,66.9,71.0,72.0,74.0,77.0,80.0,83.0,87.0,88.0,90.2,96.0,105.0,inferred
Knowsley,2021-08-14,48.0,55.0,59.0,60.8,62.0,65.0,67.0,70.0,73.0,75.0,76.0,82.0,88.0,inferred
Knowsley,2021-08-15,51.0,57.0,62.0,63.0,65.0,68.0,71.0,74.0,76.0,78.0,80.0,85.0,93.0,inferred
Knowsley,2021-08-16,74.0,82.0,88.0,90.0,91.0,95.0,98.0,102.0,106.0,108.0,110.0,117.0,127.0,inferred
Knowsley,2021-08-17,70.0,77.0,83.0,85.8,87.0,91.0,94.0,97.0,101.0,102.2,105.0,111.1,121.0,inferred
Knowsley,2021-08-18,70.5,78.9,85.0,86.0,88.0,92.0,95.0,99.0,102.0,104.0,107.0,112.0,122.0,inferred
Knowsley,2021-08-19,69.0,77.0,82.0,84.0,86.0,89.0,92.0,95.0,99.0,101.0,103.0,108.0,116.5,inferred
Knowsley,2021-08-20,62.0,70.0,74.0,76.0,77.0,80.0,83.0,86.0,89.0,91.0,93.0,99.0,108.0,inferred
Knowsley,2021-08-21,51.5,59.0,63.0,65.0,66.0,69.0,71.0,74.0,76.0,78.0,80.0,86.0,93.0,inferred
Knowsley,2021-08-22,55.0,61.0,66.0,68.0,70.0,73.0,75.0,78.0,81.0,83.0,85.0,90.0,97.0,inferred
Knowsley,2021-08-23,81.0,90.0,95.0,98.0,100.0,103.0,106.0,110.0,114.0,116.0,118.0,124.0,135.0,inferred
Knowsley,2021-08-24,75.0,84.0,90.0,92.0,94.0,98.0,101.0,104.0,108.0,110.0,112.0,118.0,129.0,inferred
Knowsley,2021-08-25,77.0,86.0,92.0,94.0,96.0,99.0,102.5,106.0,110.0,112.0,114.0,120.0,128.0,inferred
Knowsley,2021-08-26,76.0,84.9,90.0,92.0,93.0,97.0,101.0,104.0,107.0,110.0,112.0,118.0,127.0,inferred
Knowsley,2021-08-27,68.0,75.0,80.0,82.0,84.0,87.0,90.0,93.0,96.0,98.0,100.0,106.0,115.0,inferred
Knowsley,2021-08-28,56.0,63.0,67.0,69.0,71.0,73.6,76.5,79.0,83.0,84.0,86.0,91.0,99.0,inferred
Knowsley,2021-08-29,62.0,68.0,73.0,75.0,76.0,80.0,83.0,86.0,89.0,91.0,93.0,99.0,107.0,inferred
Knowsley,2021-08-30,90.0,99.9,105.0,108.0,110.0,113.0,117.0,121.0,125.0,127.0,129.0,136.0,146.0,inferred
Knowsley,2021-08-31,86.0,94.0,100.0,102.0,104.0,108.0,111.0,115.0,118.0,120.0,123.0,129.0,139.0,inferred
Knowsley,2021-09-01,86.0,95.0,101.0,103.0,105.0,108.0,112.0,116.0,120.0,122.0,124.0,130.0,141.0,inferred
Knowsley,2021-09-02,83.0,92.0,98.0,99.8,101.0,105.0,108.0,111.0,115.0,117.0,120.0,127.0,135.0,inferred
Knowsley,2021-09-03,74.0,82.0,86.0,88.0,90.0,92.0,95.0,99.0,103.0,105.0,107.0,113.0,122.0,inferred
Knowsley,2021-09-04,59.0,65.0,70.0,72.0,73.7,77.0,80.0,83.0,86.0,88.0,89.0,95.0,105.0,inferred
Knowsley,2021-09-05,61.0,69.0,74.0,76.0,78.0,81.0,83.5,86.4,90.0,91.0,94.0,100.0,108.0,inferred
Knowsley,2021-09-06,88.0,98.0,104.0,106.0,108.0,113.0,116.0,120.0,124.0,125.2,128.0,134.0,143.0,inferred
Knowsley,2021-09-07,80.5,90.0,95.0,97.0,99.0,102.0,106.0,109.0,113.0,115.0,118.0,124.0,134.0,inferred
Knowsley,2021-09-08,78.5,85.0,91.0,93.0,95.0,99.0,102.0,105.0,109.0,111.0,114.0,119.1,130.0,inferred
Knowsley,2021-09-09,71.0,79.0,84.0,86.0,88.0,91.0,95.0,98.0,101.0,103.0,105.0,111.0,119.0,inferred
Knowsley,2021-09-10,58.0,66.0,70.0,72.0,74.0,77.0,80.0,83.0,86.0,88.0,90.0,95.0,104.0,inferred
Knowsley,2021-09-11,46.5,52.0,56.0,57.0,59.0,62.0,64.0,67.0,70.0,72.0,73.2,78.0,85.0,inferred
Knowsley,2021-09-12,45.0,52.0,56.0,58.0,60.0,62.6,65.0,68.0,71.0,73.0,75.0,79.0,88.0,inferred
Knowsley,2021-09-13,65.0,72.0,77.0,79.0,81.0,85.0,88.0,91.0,94.0,96.0,98.0,104.0,113.5,inferred
Knowsley,2021-09-14,61.0,67.0,72.0,73.0,75.0,79.0,82.0,85.0,88.0,90.0,92.0,97.0,106.0,inferred
Knowsley,2021-09-15,60.0,68.0,73.0,75.0,77.0,80.0,83.0,87.0,89.0,91.0,93.0,99.0,108.0,inferred
Knowsley,2021-09-16,60.0,66.0,71.0,73.0,75.0,78.0,81.0,84.0,87.0,89.0,91.0,96.0,105.0,inferred
Knowsley,2021-09-17,52.0,58.0,63.0,65.0,67.0,70.0,73.0,75.0,78.0,80.0,82.0,87.0,96.0,inferred
Knowsley,2021-09-18,43.0,50.0,54.0,55.0,57.0,59.0,61.0,64.0,66.0,68.0,70.0,75.0,82.0,inferred
Knowsley,2021-09-19,47.0,53.0,57.0,59.0,60.0,63.0,65.0,68.0,71.0,73.0,75.0,79.0,86.0,inferred
Knowsley,2021-09-20,68.0,76.0,82.0,84.0,85.7,89.0,92.0,95.0,98.0,100.0,102.0,107.0,117.5,inferred
Knowsley,2021-09-21,63.0,70.0,75.0,77.0,79.0,82.0,85.0,88.0,92.0,94.0,96.0,102.0,110.0,inferred
Knowsley,2021-09-22,61.0,70.0,75.0,77.0,78.0,82.0,84.0,87.0,90.0,92.0,94.0,100.0,110.0,inferred
Knowsley,2021-09-23,56.5,64.0,69.0,70.8,72.0,75.0,78.0,81.4,85.0,87.0,89.0,94.0,103.0,inferred
Knowsley,2021-09-24,49.0,55.0,59.0,61.0,62.0,65.0,68.0,70.0,73.0,75.0,77.0,81.0,90.0,inferred
Knowsley,2021-09-25,38.0,44.0,47.0,49.0,50.0,52.0,55.0,57.0,59.0,61.0,63.0,67.0,76.0,inferred
Knowsley,2021-09-26,40.0,45.0,49.0,50.0,51.0,54.0,57.0,59.0,61.0,62.0,64.0,69.0,76.0,inferred
Knowsley,2021-09-27,57.0,63.0,68.0,70.0,71.0,74.0,77.0,80.0,84.0,85.0,87.0,93.0,101.0,inferred
Knowsley,2021-09-28,52.0,58.0,63.0,64.0,66.0,69.0,72.0,75.0,78.0,79.0,81.0,87.1,95.5,inferred
Knowsley,2021-09-29,52.0,59.0,63.0,65.0,66.0,69.0,72.0,75.0,78.0,79.0,82.0,87.0,97.0,inferred
Knowsley,2021-09-30,50.0,56.0,60.0,62.0,64.0,66.0,69.0,72.0,75.0,77.0,79.0,83.0,89.5,inferred
Knowsley,2021-10-01,43.0,49.9,53.0,55.0,56.7,59.0,61.0,64.0,67.0,68.0,70.0,74.1,83.0,inferred
Knowsley,2021-10-02,35.0,41.0,45.0,46.0,47.0,49.0,52.0,54.0,56.0,58.0,59.2,64.0,71.0,inferred
Knowsley,2021-10-03,36.0,43.0,47.0,48.0,50.0,52.0,54.0,57.0,59.0,61.0,63.0,67.0,74.0,inferred
Knowsley,2021-10-04,55.0,63.0,67.0,69.0,71.0,73.0,76.0,79.0,83.0,85.0,87.0,93.0,100.0,inferred
Knowsley,2021-10-05,55.0,60.0,65.0,66.0,68.0,71.0,74.0,77.0,80.0,82.0,83.0,88.0,96.0,inferred
Knowsley,2021-10-06,57.0,63.0,68.0,70.0,72.0,75.0,78.0,81.0,84.0,85.0,87.0,93.0,101.0,inferred
Knowsley,2021-10-07,57.0,64.0,68.0,70.0,72.0,75.0,77.0,80.0,83.0,85.0,87.0,92.0,99.0,inferred
Knowsley,2021-10-08,52.0,58.0,63.0,64.0,66.0,69.0,71.0,74.0,77.0,79.0,81.0,86.0,94.0,inferred
Knowsley,2021-10-09,44.0,50.0,54.0,56.0,57.0,60.0,62.0,65.0,68.0,69.0,71.0,76.0,83.0,inferred
Knowsley,2021-10-10,50.5,56.0,61.0,62.0,64.0,67.0,69.0,71.0,75.0,76.0,78.0,83.0,91.0,inferred
Knowsley,2021-10-11,75.0,83.0,89.0,91.0,93.0,96.0,99.0,102.0,106.0,108.0,111.0,118.0,127.0,inferred
Knowsley,2021-10-12,71.0,78.0,83.0,85.0,87.0,91.0,94.0,98.0,102.0,104.0,106.0,113.0,123.0,inferred
Knowsley,2021-10-13,69.0,80.0,85.0,87.0,89.0,92.0,95.0,99.0,102.0,104.0,107.0,114.0,123.0,inferred
Knowsley,2021-10-14,68.0,75.0,80.0,82.0,84.0,87.0,91.0,94.0,98.0,100.0,102.0,108.0,118.0,inferred
Knowsley,2021-10-15,57.0,64.0,70.0,72.0,74.0,77.0,79.0,83.0,86.0,89.0,91.0,97.0,108.5,inferred
Lambeth,2021-07-03,99.0,110.0,117.0,119.0,121.0,126.0,130.0,134.0,140.0,143.0,146.0,157.0,170.0,inferred
Lambeth,2021-07-04,109.0,119.0,127.0,129.0,132.0,136.0,141.0,145.0,150.0,152.0,155.0,164.0,178.0,inferred
Lambeth,2021-07-05,167.5,179.0,187.0,190.0,193.0,199.0,203.0,209.0,213.0,216.2,220.0,230.0,243.0,inferred
Lambeth,2021-07-06,171.0,183.0,190.0,193.0,196.0,201.0,205.0,210.0,215.0,218.0,221.0,229.0,242.0,inferred
Lambeth,2021-07-07,184.0,195.0,205.0,207.0,210.0,216.0,220.0,226.0,230.0,234.0,237.0,246.1,260.0,inferred
Lambeth,2021-07-08,187.0,199.0,208.0,210.0,213.0,218.0,223.0,228.0,234.0,237.0,240.0,249.0,263.5,inferred
Lambeth,2021-07-09,181.0,192.0,200.0,203.0,206.0,212.0,217.0,222.0,228.0,231.0,233.0,242.0,256.0,inferred
Lambeth,2021-07-10,158.0,171.0,179.0,182.0,185.0,189.0,195.0,199.0,205.0,208.0,210.0,220.0,234.0,inferred
Lambeth,2021-07-11,170.0,182.9,192.0,195.0,198.0,203.0,208.0,213.0,218.0,221.0,224.0,233.1,250.0,inferred
Lambeth,2021-07-12,251.0,266.0,277.0,282.0,285.0,292.0,298.0,305.0,312.0,316.0,320.0,331.0,349.0,inferred
Lambeth,2021-07-13,248.0,263.9,273.0,277.0,281.0,288.0,294.0,300.0,307.0,311.0,316.0,326.0,342.5,inferred
Lambeth,2021-07-14,251.0,266.0,276.0,280.0,284.0,290.0,297.0,303.0,309.0,314.0,318.0,330.0,349.0,inferred
Lambeth,2021-07-15,241.0,255.0,265.0,268.0,271.0,278.0,284.0,290.0,297.0,301.0,304.0,316.0,330.0,inferred
Lambeth,2021-07-16,212.5,228.0,238.0,241.0,244.0,249.0,255.0,260.4,266.0,269.2,274.0,284.0,297.0,inferred
Lambeth,2021-07-17,174.5,188.0,197.0,200.0,203.0,208.0,213.0,219.0,225.0,228.0,231.0,240.0,255.0,inferred
Lambeth,2021-07-18,173.0,186.0,195.0,198.0,202.0,208.0,212.5,218.0,223.0,226.0,230.0,239.0,253.5,inferred
Lambeth,2021-07-19,237.5,253.0,263.0,267.0,271.0,278.0,284.0,290.0,296.0,299.0,303.0,315.0,332.0,inferred
Lambeth,2021-07-20,217.0,231.0,242.0,246.0,249.0,256.0,261.5,267.0,274.0,278.0,282.0,292.0,310.0,inferred
Lambeth,2021-07-21,205.5,217.0,227.0,231.0,235.0,241.0,246.0,251.0,258.0,261.2,265.0,275.0,291.0,inferred
Lambeth,2021-07-22,181.5,193.9,202.0,205.0,209.0,214.0,220.0,225.0,231.0,235.0,238.0,247.0,261.5,inferred
Lambeth,2021-07-23,149.0,161.0,169.0,171.0,174.0,179.0,184.0,189.0,194.0,197.0,200.0,208.1,226.0,inferred
Lambeth,2021-07-24,114.0,123.0,131.0,133.0,135.0,139.0,144.0,148.0,153.0,155.0,159.0,166.0,178.5,inferred
Lambeth,2021-07-25,106.0,115.0,122.0,124.0,127.0,131.0,135.0,138.0,142.0,145.0,148.0,156.0,169.5,inferred
Lambeth,2021-07-26,134.0,146.0,155.0,158.0,161.0,166.0,170.0,175.0,181.0,184.0,186.0,195.0,207.0,inferred
Lambeth,2021-07-27,125.0,137.0,144.0,147.0,149.0,154.0,158.0,163.0,168.0,171.0,173.0,181.0,195.5,inferred
Lambeth,2021-07-28,129.0,141.0,149.0,152.0,155.0,159.0,163.0,169.0,173.0,176.0,179.0,187.0,201.0,inferred
Lambeth,2021-07-29,128.0,138.0,146.0,149.0,152.0,157.0,161.0,165.0,170.0,172.0,175.0,184.0,195.0,inferred
Lambeth,2021-07-30,117.0,129.0,135.0,138.0,141.0,145.0,149.0,154.0,159.0,162.0,165.0,172.0,185.5,inferred
Lambeth,2021-07-31,101.5,111.0,117.0,119.0,121.0,126.0,130.0,134.0,138.0,140.0,143.0,150.0,162.5,inferred
Lambeth,2021-08-01,102.0,113.0,119.0,122.0,124.0,128.0,132.0,136.4,141.0,143.0,146.0,152.0,164.5,inferred
Lambeth,2021-08-02,147.0,158.0,167.0,170.0,172.0,177.0,182.0,187.0,193.0,196.0,199.2,208.0,223.0,inferred
Lambeth,2021-08-03,142.0,154.0,163.0,165.0,168.0,173.0,177.0,183.0,189.0,192.0,195.0,204.0,218.0,inferred
Lambeth,2021-08-04,146.0,158.0,165.0,168.0,170.0,175.0,180.0,185.4,191.0,193.0,197.0,206.0,218.0,inferred
Lambeth,2021-08-05,141.5,153.0,161.0,163.0,166.0,170.0,175.0,179.0,184.0,188.0,191.0,199.0,214.0,inferred
Lambeth,2021-08-06,129.0,140.0,147.0,149.0,152.0,157.0,161.0,166.0,172.0,174.0,177.0,185.0,197.0,inferred
Lambeth,2021-08-07,109.0,117.0,124.0,127.0,129.0,134.0,138.0,143.0,147.0,149.2,152.0,160.0,170.0,inferred
Lambeth,2021-08-08,109.0,119.0,126.0,129.0,131.0,136.0,140.0,144.0,148.0,151.0,154.0,161.0,173.0,inferred
Lambeth,2021-08-09,153.0,165.0,174.0,178.0,180.0,185.0,190.0,195.0,200.0,203.0,207.0,217.0,230.0,inferred
Lambeth,2021-08-10,146.0,158.0,166.0,170.0,172.0,178.0,182.0,186.0,192.0,195.0,198.0,208.0,225.0,inferred
Lambeth,2021-08-11,147.0,158.0,167.0,170.0,173.0,178.0,183.0,188.0,193.0,195.0,199.0,208.0,221.5,inferred
Lambeth,2021-08-12,137.5,149.0,156.0,159.0,163.0,168.0,172.5,177.0,182.0,185.0,188.0,196.1,213.0,inferred
Lambeth,2021-08-13,123.5,134.0,141.0,144.0,147.0,151.0,156.0,160.0,165.0,168.0,171.0,179.0,193.0,inferred
Lambeth,2021-08-14,99.0,111.0,118.0,120.0,122.0,127.0,130.0,134.0,139.0,141.0,144.0,151.0,162.0,inferred
Lambeth,2021-08-15,100.0,110.0,116.0,118.0,121.0,125.0,129.0,133.0,137.0,139.0,141.0,149.0,162.0,inferred
Lambeth,2021-08-16,139.0,151.0,158.0,161.0,163.0,168.0,173.0,177.0,182.0,185.0,188.0,197.0,210.0,inferred
Lambeth,2021-08-17,130.0,140.0,147.0,150.0,152.0,157.0,161.0,165.0,170.0,173.0,176.0,185.0,201.0,inferred
Lambeth,2021-08-18,126.0,136.0,144.0,146.0,149.0,153.0,158.0,162.0,168.0,171.0,175.0,183.0,196.0,inferred
Lambeth,2021-08-19,118.0,128.0,135.0,138.0,140.7,145.0,149.0,153.0,159.0,161.0,164.0,172.0,186.5,inferred
Lambeth,2021-08-20,102.5,112.9,119.0,122.0,124.0,128.0,132.0,136.0,141.0,143.0,146.0,153.1,165.0,inferred
Lambeth,2021-08-21,82.0,90.0,97.0,99.0,101.0,105.0,109.0,113.0,117.0,119.0,121.0,128.0,140.0,inferred
Lambeth,2021-08-22,82.0,90.0,95.0,97.0,99.0,102.0,106.0,109.0,114.0,116.0,118.0,124.0,136.0,inferred
Lambeth,2021-08-23,110.0,120.0,127.0,129.0,132.0,136.0,140.0,145.0,149.0,152.0,154.0,161.0,175.0,inferred
Lambeth,2021-08-24,104.0,114.0,121.0,123.0,125.0,129.0,133.0,137.0,142.0,144.0,147.0,154.0,166.0,inferred
Lambeth,2021-08-25,104.5,114.0,120.0,123.0,125.0,130.0,134.0,138.0,142.0,145.0,148.0,156.0,168.0,inferred
Lambeth,2021-08-26,98.5,109.0,115.0,118.0,120.7,125.0,129.0,133.0,137.0,140.0,143.0,151.0,162.5,inferred
Lambeth,2021-08-27,90.0,99.0,105.0,107.0,110.0,114.0,117.0,121.0,125.0,127.0,130.0,136.0,149.0,inferred
Lambeth,2021-08-28,73.5,83.0,88.0,90.0,92.0,96.0,100.0,104.0,107.0,110.0,112.0,117.0,128.0,inferred
Lambeth,2021-08-29,74.0,82.9,88.0,91.0,93.0,97.0,100.0,104.0,108.0,110.0,113.0,120.0,131.0,inferred
Lambeth,2021-08-30,102.5,114.0,120.0,123.0,126.0,130.0,135.0,139.0,143.3,146.0,149.0,157.0,170.0,inferred
Lambeth,2021-08-31,100.0,110.0,116.0,119.0,122.0,126.0,130.0,134.0,138.0,141.0,144.0,151.0,162.0,inferred
Lambeth,2021-09-01,102.0,113.0,118.0,121.0,123.0,127.0,131.0,135.0,139.0,142.0,145.0,153.0,164.0,inferred
Lambeth,2021-09-02,96.0,107.0,113.0,116.0,118.0,123.0,127.0,130.0,135.0,137.0,140.0,147.0,161.0,inferred
Lambeth,2021-09-03,89.0,99.0,105.0,107.0,109.0,113.0,116.0,120.0,123.0,126.0,128.0,136.0,146.0,inferred
Lambeth,2021-09-04,74.0,81.0,87.0,89.0,91.0,94.0,98.0,101.0,104.3,106.2,108.0,115.0,124.5,inferred
Lambeth,2021-09-05,73.0,81.0,87.0,89.0,91.0,95.0,98.5,102.0,106.0,108.0,110.0,117.0,127.0,inferred
Lambeth,2021-09-06,104.0,114.0,121.0,124.0,126.0,130.0,134.0,138.0,143.0,144.0,147.0,155.0,169.0,inferred
Lambeth,2021-09-07,94.0,105.0,112.0,114.0,117.0,121.0,125.0,129.0,134.0,136.0,140.0,146.0,158.0,inferred
Lambeth,2021-09-08,92.0,102.0,108.0,110.0,113.0,117.0,121.0,124.0,129.0,131.0,134.0,141.0,151.0,inferred
Lambeth,2021-09-09,83.0,93.0,98.0,101.0,102.0,106.0,110.0,114.0,118.0,120.0,123.0,130.0,140.0,inferred
Lambeth,2021-09-10,71.0,79.0,84.0,86.0,88.0,91.0,95.0,98.0,102.0,104.0,107.0,113.0,123.5,inferred
Lambeth,2021-09-11,54.0,62.0,67.0,68.0,70.0,73.0,76.0,79.0,82.0,85.0,87.0,92.0,102.0,inferred
Lambeth,2021-09-12,51.0,59.0,63.0,65.0,67.0,70.0,73.0,75.0,78.0,80.0,82.0,88.0,97.0,inferred
Lambeth,2021-09-13,69.0,77.0,82.0,84.0,86.0,90.0,94.0,97.0,101.0,103.0,105.0,111.0,121.0,inferred
Lambeth,2021-09-14,63.0,72.0,77.0,79.0,81.0,85.0,88.0,91.0,94.3,96.0,99.0,105.0,115.0,inferred
Lambeth,2021-09-15,65.0,73.0,78.0,80.0,82.0,86.0,89.0,92.0,96.0,98.0,100.0,106.0,115.0,inferred
Lambeth,2021-09-16,63.0,71.0,76.0,78.0,80.0,84.0,87.0,91.0,94.0,96.0,99.0,105.0,114.0,inferred
Lambeth,2021-09-17,57.5,65.0,69.0,72.0,73.0,77.0,80.0,84.0,87.0,89.0,91.0,97.0,105.5,inferred
Lambeth,2021-09-18,49.0,55.0,60.0,62.0,63.0,66.0,69.0,72.0,75.0,77.0,79.0,84.0,93.0,inferred
Lambeth,2021-09-19,48.0,56.0,61.0,62.0,64.0,67.0,70.0,73.0,76.0,78.0,79.0,85.0,93.0,inferred
Lambeth,2021-09-20,69.0,78.0,84.0,86.0,88.0,91.6,95.0,98.0,102.0,105.0,108.0,114.0,126.0,inferred
Lambeth,2021-09-21,68.0,76.0,81.0,83.0,84.7,88.0,92.0,95.0,99.0,101.0,103.0,109.0,119.0,inferred
Lambeth,2021-09-22,66.0,75.0,80.0,82.0,83.0,87.6,91.0,95.0,98.0,100.0,102.0,109.0,119.0,inferred
Lambeth,2021-09-23,64.0,71.0,77.0,79.0,81.0,84.0,88.0,90.0,94.0,96.0,98.2,104.0,113.0,inferred
Lambeth,2021-09-24,56.0,64.0,69.0,71.0,73.0,76.0,79.0,81.0,85.0,87.0,89.0,95.0,104.0,inferred
Lambeth,2021-09-25,47.0,53.0,57.0,59.0,61.0,64.0,67.0,70.0,73.0,74.0,77.0,82.0,91.0,inferred
Lambeth,2021-09-26,46.0,52.0,57.0,59.0,61.0,64.0,66.0,69.0,72.0,74.0,77.0,82.0,90.0,inferred
Lambeth,2021-09-27,66.5,74.0,79.0,81.0,83.0,87.0,90.0,93.0,96.3,99.0,101.0,107.0,116.0,inferred
Lambeth,2021-09-28,62.0,70.0,75.0,77.0,79.0,82.0,86.0,89.0,93.0,95.0,97.0,103.0,113.0,inferred
Lambeth,2021-09-29,63.0,70.0,76.0,78.0,80.0,83.0,86.0,90.0,93.0,95.0,98.0,104.0,113.0,inferred
Lambeth,2021-09-30,60.0,68.0,72.0,74.0,76.0,80.0,83.0,86.0,89.0,91.0,93.0,99.0,109.0,inferred
Lambeth,2021-10-01,53.0,61.0,65.0,67.0,69.0,72.0,75.0,78.0,81.0,83.0,86.0,91.0,100.0,inferred
Lambeth,2021-10-02,44.0,51.0,55.0,57.0,58.0,61.0,64.0,67.0,70.0,72.0,74.0,79.0,88.0,inferred
Lambeth,2021-10-03,44.0,50.0,54.0,56.0,58.0,61.0,64.0,67.0,70.0,72.0,73.0,79.0,87.0,inferred
Lambeth,2021-10-04,63.0,71.0,75.8,77.8,79.0,83.0,86.0,90.0,94.0,95.0,98.0,105.0,116.0,inferred
Lambeth,2021-10-05,61.0,69.0,74.0,76.0,78.0,81.0,84.0,87.0,91.0,94.0,96.0,101.1,111.0,inferred
Lambeth,2021-10-06,64.0,71.0,76.0,78.0,80.0,83.0,87.0,90.0,94.0,96.0,98.0,103.0,114.0,inferred
Lambeth,2021-10-07,61.0,69.9,75.0,77.0,79.0,82.0,85.0,89.0,93.0,94.0,97.0,103.0,112.0,inferred
Lambeth,2021-10-08,58.0,66.0,70.0,72.0,74.0,78.0,81.0,84.0,87.3,90.0,92.0,99.0,108.0,inferred
Lambeth,2021-10-09,51.0,56.0,61.0,63.0,64.0,67.0,70.0,73.0,76.0,78.0,80.0,85.0,94.5,inferred
Lambeth,2021-10-10,50.0,58.0,63.0,65.0,66.0,69.0,73.0,76.0,79.0,81.0,83.0,89.0,99.0,inferred
Lambeth,2021-10-11,73.5,82.0,89.0,91.0,93.0,97.0,101.0,104.0,108.0,111.0,113.0,120.0,130.0,inferred
Lambeth,2021-10-12,71.0,81.0,86.0,89.0,91.0,94.0,98.0,102.0,106.0,108.0,111.0,117.0,128.0,inferred
Lambeth,2021-10-13,71.0,82.0,88.0,90.0,93.0,97.0,101.0,105.0,109.0,112.0,114.0,121.0,131.0,inferred
Lambeth,2021-10-14,69.0,79.0,85.0,88.0,90.0,94.0,97.0,101.0,105.0,107.0,110.0,117.0,129.0,inferred
Lambeth,2021-10-15,62.0,71.0,77.0,79.0,81.0,85.0,89.0,93.0,96.0,99.0,101.0,109.0,119.0,inferred
Lanarkshire,2021-07-03,138.0,193.0,233.0,254.0,268.0,300.0,333.0,366.4,409.3,432.0,455.2,532.1,685.0,inferred
Lanarkshire,2021-07-04,132.0,178.0,221.0,233.0,250.0,279.0,308.0,336.4,373.3,390.0,415.2,482.0,578.6,inferred
Lanarkshire,2021-07-05,96.5,139.0,176.0,190.8,207.0,234.0,261.0,291.0,324.3,346.0,367.2,435.0,551.5,inferred
Lanarkshire,2021-07-06,107.5,153.9,192.8,207.0,221.0,245.6,274.0,306.0,340.3,367.0,390.0,466.1,593.6,inferred
Lanarkshire,2021-07-07,130.5,183.0,228.8,245.0,264.7,295.0,331.5,367.0,403.3,426.2,452.0,515.0,625.5,inferred
Lanarkshire,2021-07-08,107.0,147.0,186.8,204.0,219.0,249.0,273.0,302.0,336.0,352.0,376.0,449.1,548.0,inferred
Lanarkshire,2021-07-09,104.0,151.0,184.0,202.0,215.0,243.0,274.0,305.0,341.0,364.0,390.2,461.0,578.6,inferred
Lanarkshire,2021-07-10,128.5,183.0,226.0,243.8,267.7,297.0,331.0,365.0,412.3,435.0,455.0,528.1,639.0,inferred
Lanarkshire,2021-07-11,113.5,163.9,204.8,222.0,238.0,267.0,298.5,332.4,370.3,392.0,416.0,486.1,607.5,inferred
Lanarkshire,2021-07-12,84.0,130.9,169.0,183.0,199.0,229.6,261.0,290.0,324.0,348.2,370.2,436.1,560.6,inferred
Lanarkshire,2021-07-13,98.5,148.0,182.0,197.0,211.7,242.0,271.0,302.0,334.3,354.0,382.2,450.0,581.5,inferred
Lanarkshire,2021-07-14,121.0,171.0,216.0,232.0,247.0,278.0,310.0,337.0,380.0,403.0,429.0,502.1,625.1,inferred
Lanarkshire,2021-07-15,84.0,129.0,163.0,179.0,192.0,220.0,248.5,279.0,311.0,328.0,350.0,416.0,523.1,inferred
Lanarkshire,2021-07-16,82.0,127.0,163.0,178.0,193.7,218.0,245.0,276.0,308.3,330.2,350.2,407.1,518.0,inferred
Lanarkshire,2021-07-17,100.0,151.9,185.8,201.0,216.0,248.0,283.0,313.0,350.3,373.2,402.0,473.0,602.0,inferred
Lanarkshire,2021-07-18,83.0,136.0,172.0,187.8,204.0,229.0,259.0,291.0,325.0,346.0,371.0,437.0,548.5,inferred
Lanarkshire,2021-07-19,66.0,104.9,137.0,149.0,161.0,184.0,214.0,243.0,268.3,287.0,308.2,370.0,479.0,inferred
Lanarkshire,2021-07-20,73.0,113.0,146.0,158.8,169.0,197.6,224.5,248.0,279.0,299.0,324.0,392.1,514.5,inferred
Lanarkshire,2021-07-21,79.5,125.0,162.0,175.0,189.0,217.0,246.0,279.0,314.0,334.0,364.0,426.1,535.6,inferred
Lanarkshire,2021-07-22,56.5,96.0,124.8,137.0,149.0,171.0,195.0,221.4,258.0,276.0,298.0,358.0,467.5,inferred
Lanarkshire,2021-07-23,58.5,95.0,121.8,135.0,148.0,173.0,199.0,222.0,254.0,273.0,298.2,352.1,446.6,inferred
Lanarkshire,2021-07-24,72.5,110.0,145.8,160.0,172.0,201.0,225.0,251.0,282.3,301.0,324.0,387.1,513.0,inferred
Lanarkshire,2021-07-25,61.5,95.0,128.0,141.0,151.0,174.6,201.0,230.0,258.3,275.0,293.0,356.2,463.5,inferred
Lanarkshire,2021-07-26,45.5,73.0,99.0,114.0,124.0,144.0,168.0,190.0,219.3,234.0,260.0,316.0,418.5,inferred
Lanarkshire,2021-07-27,40.5,80.0,106.8,120.0,133.0,155.0,179.0,200.0,230.0,247.0,269.0,321.0,418.0,inferred
Lanarkshire,2021-07-28,60.5,96.0,128.0,142.0,155.0,181.0,206.5,233.0,260.0,278.2,303.2,362.0,458.5,inferred
Lanarkshire,2021-07-29,43.0,74.0,99.0,110.8,123.0,145.0,167.0,190.0,221.0,237.0,258.0,310.0,420.0,inferred
Lanarkshire,2021-07-30,46.0,79.9,105.0,117.0,127.0,151.6,176.0,197.0,232.3,248.2,270.2,326.0,430.6,inferred
Lanarkshire,2021-07-31,59.0,99.0,128.0,141.0,153.0,179.0,203.0,228.0,261.0,277.0,298.0,360.1,465.6,inferred
Lanarkshire,2021-08-01,53.0,87.0,117.0,129.0,142.0,166.6,191.0,216.0,248.0,270.0,290.2,354.0,472.6,inferred
Lanarkshire,2021-08-02,40.5,71.0,97.0,107.8,119.0,139.0,160.0,185.4,210.3,226.0,249.0,310.3,405.0,inferred
Lanarkshire,2021-08-03,44.5,77.9,105.0,118.0,129.0,153.0,175.0,200.0,229.3,248.2,269.0,332.0,451.0,inferred
Lanarkshire,2021-08-04,66.0,105.0,135.0,149.0,161.0,183.0,210.0,238.4,275.0,294.2,318.2,382.0,498.7,inferred
Lanarkshire,2021-08-05,46.0,78.9,107.0,117.0,128.0,149.0,173.5,202.0,231.0,248.0,267.0,321.0,428.0,inferred
Lanarkshire,2021-08-06,47.0,85.0,116.0,126.0,137.0,159.0,184.0,206.0,233.3,251.0,273.2,333.0,453.5,inferred
Lanarkshire,2021-08-07,69.5,105.9,140.0,153.0,167.0,189.0,215.0,246.0,280.0,298.0,320.0,385.0,509.5,inferred
Lanarkshire,2021-08-08,63.0,100.0,132.0,145.0,158.0,182.0,206.0,236.4,264.3,284.2,306.2,363.0,465.6,inferred
Lanarkshire,2021-08-09,44.5,73.0,104.0,115.0,126.0,147.0,171.0,199.0,229.0,247.0,268.0,332.0,454.5,inferred
Lanarkshire,2021-08-10,61.0,93.9,122.0,135.0,146.0,170.0,198.0,226.4,258.3,277.0,296.0,362.2,486.8,inferred
Lanarkshire,2021-08-11,76.5,126.0,159.0,174.8,190.0,216.6,248.0,282.4,317.3,338.0,360.0,426.0,536.0,inferred
Lanarkshire,2021-08-12,71.0,111.0,143.0,158.0,171.0,196.6,221.0,250.4,280.3,298.0,321.0,383.1,496.0,inferred
Lanarkshire,2021-08-13,77.0,125.0,157.0,172.0,186.0,210.0,239.0,272.0,312.0,331.0,352.0,413.1,517.0,inferred
Lanarkshire,2021-08-14,113.5,164.9,200.0,218.0,235.0,266.0,297.0,331.0,368.0,390.0,417.2,493.0,625.0,inferred
Lanarkshire,2021-08-15,105.0,160.9,198.8,214.8,230.0,266.0,294.5,328.0,375.0,401.0,428.0,487.0,633.0,inferred
Lanarkshire,2021-08-16,89.5,135.0,174.0,188.0,202.0,231.6,266.0,300.0,334.0,354.0,378.0,453.0,574.0,inferred
Lanarkshire,2021-08-17,131.9,185.0,223.0,241.0,258.7,291.0,325.0,356.4,393.0,417.0,441.0,524.0,684.0,inferred
Lanarkshire,2021-08-18,182.0,247.8,300.0,324.0,344.0,383.0,421.0,459.0,502.0,528.2,559.0,640.1,791.2,inferred
Lanarkshire,2021-08-19,178.0,238.0,286.0,308.0,326.0,362.0,398.5,440.4,488.0,513.0,538.0,620.0,749.0,inferred
Lanarkshire,2021-08-20,214.0,287.0,340.0,364.0,387.0,431.0,473.5,514.0,563.3,594.5,631.0,712.0,864.6,inferred
Lanarkshire,2021-08-21,317.4,415.9,478.0,505.0,533.0,584.6,633.5,679.4,731.0,755.0,792.0,887.0,1050.5,inferred
Lanarkshire,2021-08-22,342.0,441.0,500.0,531.0,555.0,605.0,647.0,701.0,752.0,780.0,815.2,923.0,1097.5,inferred
Lanarkshire,2021-08-23,311.5,409.0,482.8,510.0,537.7,582.6,636.0,683.4,731.0,756.0,796.0,894.0,1061.6,inferred
Lanarkshire,2021-08-24,389.5,494.8,579.0,614.8,641.7,692.0,748.0,799.0,856.0,887.0,931.2,1043.0,1204.1,inferred
Lanarkshire,2021-08-25,522.4,643.0,725.0,765.8,794.0,849.0,900.0,966.0,1036.0,1078.5,1115.2,1246.2,1450.5,inferred
Lanarkshire,2021-08-26,451.5,577.8,656.8,689.0,716.0,764.0,817.0,870.0,930.3,967.2,992.2,1102.0,1302.1,inferred
Lanarkshire,2021-08-27,529.5,640.9,722.0,759.8,791.0,848.0,896.5,951.0,1007.0,1047.0,1099.4,1214.1,1395.0,inferred
Lanarkshire,2021-08-28,678.5,815.9,918.8,956.0,985.7,1054.0,1106.0,1169.4,1252.3,1295.0,1348.2,1461.3,1708.6,inferred
Lanarkshire,2021-08-29,659.4,798.0,912.0,945.0,983.7,1050.0,1114.0,1177.0,1254.3,1296.2,1338.2,1459.3,1681.5,inferred
Lanarkshire,2021-08-30,590.9,737.0,821.6,854.8,888.0,951.0,1006.0,1064.4,1137.3,1173.0,1218.2,1345.3,1551.1,inferred
Lanarkshire,2021-08-31,657.4,815.9,903.8,941.0,972.0,1031.6,1097.5,1153.4,1239.0,1283.0,1331.0,1451.1,1686.1,inferred
Lanarkshire,2021-09-01,771.4,944.0,1051.6,1091.8,1130.0,1196.0,1268.0,1343.8,1412.0,1447.2,1492.6,1624.0,1849.0,inferred
Lanarkshire,2021-09-02,621.0,744.0,845.0,875.8,906.7,971.0,1035.0,1093.0,1158.0,1201.0,1250.0,1366.1,1553.6,inferred
Lanarkshire,2021-09-03,633.5,757.0,845.6,876.8,914.0,981.0,1042.0,1094.4,1176.3,1210.5,1266.0,1371.1,1555.1,inferred
Lanarkshire,2021-09-04,732.4,866.9,960.0,1001.8,1037.7,1092.0,1159.5,1218.0,1301.0,1339.0,1390.2,1538.1,1761.0,inferred
Lanarkshire,2021-09-05,667.0,794.9,883.0,917.8,958.7,1018.0,1080.5,1147.0,1216.0,1254.2,1293.0,1406.0,1642.1,inferred
Lanarkshire,2021-09-06,522.5,639.9,717.0,749.8,781.7,838.0,895.0,950.4,1016.3,1060.5,1097.0,1212.2,1403.5,inferred
Lanarkshire,2021-09-07,497.0,635.9,716.8,745.0,775.0,843.0,894.5,953.0,1019.9,1050.5,1091.0,1208.2,1414.0,inferred
Lanarkshire,2021-09-08,528.0,647.9,742.0,771.0,801.0,866.0,925.5,990.4,1060.3,1100.0,1147.2,1271.1,1452.0,inferred
Lanarkshire,2021-09-09,364.4,466.0,531.8,562.0,587.7,638.6,688.5,740.0,794.3,826.0,861.0,962.0,1128.5,inferred
Lanarkshire,2021-09-10,322.5,428.0,488.0,511.0,536.0,586.0,631.0,682.4,737.0,770.0,808.0,903.2,1076.2,inferred
Lanarkshire,2021-09-11,347.0,434.0,504.8,531.0,554.7,601.6,649.0,694.4,750.3,783.2,827.0,928.0,1120.0,inferred
Lanarkshire,2021-09-12,271.4,339.9,404.8,428.0,450.0,494.0,542.0,582.0,631.0,658.2,697.0,800.0,967.6,inferred
Lanarkshire,2021-09-13,181.0,240.0,295.0,313.8,331.0,375.0,407.0,445.0,484.3,508.0,536.2,628.1,735.0,inferred
Lanarkshire,2021-09-14,159.5,227.0,281.0,301.8,320.0,361.6,402.5,438.0,483.3,509.0,537.0,611.0,754.6,inferred
Lanarkshire,2021-09-15,200.9,266.9,315.0,334.8,357.0,394.0,430.0,470.0,515.0,540.0,575.0,653.2,806.5,inferred
Lanarkshire,2021-09-16,137.5,195.9,236.8,256.0,272.0,308.0,342.0,378.4,413.0,436.0,463.0,551.1,695.0,inferred
Lanarkshire,2021-09-17,138.0,187.0,231.0,253.0,274.0,306.6,336.5,368.0,403.0,425.0,449.0,539.0,678.6,inferred
Lanarkshire,2021-09-18,156.0,218.0,261.0,281.0,304.0,341.6,376.5,413.0,458.0,483.2,515.0,600.2,753.0,inferred
Lanarkshire,2021-09-19,130.9,192.0,234.0,254.0,271.0,305.0,335.0,372.0,412.0,436.2,466.0,545.1,662.5,inferred
Lanarkshire,2021-09-20,96.0,143.0,183.0,199.0,215.0,241.0,270.0,298.0,338.0,361.0,386.0,450.1,583.5,inferred
Lanarkshire,2021-09-21,106.4,155.0,195.0,213.0,227.0,254.6,284.0,318.0,358.0,378.0,409.0,485.1,627.5,inferred
Lanarkshire,2021-09-22,137.0,201.0,245.0,262.8,284.0,318.0,351.5,395.0,433.0,455.0,482.0,565.1,682.6,inferred
Lanarkshire,2021-09-23,108.5,164.0,212.0,228.0,241.7,269.0,299.0,333.0,371.0,391.0,415.2,488.0,612.0,inferred
Lanarkshire,2021-09-24,126.0,185.9,227.0,244.0,261.0,291.0,328.0,364.4,408.0,433.0,454.2,527.1,646.5,inferred
Lanarkshire,2021-09-25,170.5,234.0,286.8,305.0,328.0,365.0,400.5,437.0,480.3,506.0,533.0,603.1,751.5,inferred
Lanarkshire,2021-09-26,161.0,222.9,272.8,296.0,314.0,350.0,386.0,427.0,463.3,487.0,516.2,604.1,724.5,inferred
Lanarkshire,2021-09-27,132.5,187.0,233.0,251.0,270.0,301.0,338.0,377.0,419.0,442.0,470.0,543.0,682.5,inferred
Lanarkshire,2021-09-28,157.0,217.9,263.8,282.0,300.7,333.0,372.0,409.4,448.0,466.0,491.2,572.0,685.6,inferred
Lanarkshire,2021-09-29,178.0,254.0,310.0,332.0,354.0,391.0,432.0,471.0,514.0,541.2,568.2,651.2,791.1,inferred
Lanarkshire,2021-09-30,129.5,196.9,245.0,266.0,285.7,321.0,353.0,386.4,423.0,447.0,472.0,545.1,690.0,inferred
Lanarkshire,2021-10-01,147.5,207.0,251.0,269.0,287.0,317.6,355.0,388.0,433.0,457.0,484.2,571.1,710.1,inferred
Lanarkshire,2021-10-02,175.5,242.9,294.0,315.0,333.0,372.6,404.5,444.0,488.0,514.0,538.2,625.1,742.0,inferred
Lanarkshire,2021-10-03,160.9,219.0,262.8,283.0,302.0,336.0,372.0,415.0,456.0,477.0,507.2,590.3,741.0,inferred
Lanarkshire,2021-10-04,118.0,174.0,212.8,233.0,251.7,281.6,310.0,341.4,384.0,411.0,441.0,518.0,633.0,inferred
Lanarkshire,2021-10-05,136.5,189.9,231.0,248.0,265.0,299.0,333.5,366.4,406.0,430.2,455.0,527.1,661.5,inferred
Lanarkshire,2021-10-06,164.5,229.0,271.8,294.0,311.0,347.0,383.0,423.0,466.0,492.0,518.0,607.0,739.0,inferred
Lanarkshire,2021-10-07,114.0,175.0,215.8,236.0,252.0,288.0,319.0,353.4,395.0,420.0,446.0,525.0,667.1,inferred
Lanarkshire,2021-10-08,127.5,179.9,217.0,235.0,253.7,284.0,320.0,351.4,390.0,415.0,439.2,504.0,629.0,inferred
Lanarkshire,2021-10-09,159.5,217.0,263.0,282.0,299.0,332.0,367.0,402.0,443.0,468.0,496.0,576.0,714.5,inferred
Lanarkshire,2021-10-10,138.9,188.0,229.0,249.0,264.0,297.0,332.0,370.0,407.0,436.0,463.2,536.1,653.5,inferred
Lanarkshire,2021-10-11,95.0,149.0,192.0,206.0,221.0,252.0,285.0,324.0,364.0,385.2,412.0,493.1,604.5,inferred
Lanarkshire,2021-10-12,105.5,161.9,207.0,225.0,243.0,272.0,308.5,344.0,385.0,407.2,438.0,501.1,632.5,inferred
Lanarkshire,2021-10-13,131.5,192.0,240.0,260.8,279.0,312.0,345.0,382.0,424.0,452.2,480.0,564.2,683.5,inferred
Lanarkshire,2021-10-14,95.4,145.9,191.0,207.0,225.0,263.0,297.0,329.4,373.0,398.2,428.2,498.0,648.0,inferred
Lanarkshire,2021-10-15,107.0,164.0,203.0,221.0,236.0,270.0,300.5,337.0,386.3,410.0,440.0,519.1,676.7,inferred
Lancaster,2021-07-03,51.0,59.0,64.8,66.0,68.0,72.0,75.0,79.0,83.0,84.0,87.0,93.0,102.0,inferred
Lancaster,2021-07-04,56.5,65.0,70.0,72.0,75.0,79.0,82.0,85.0,89.0,91.0,93.0,100.0,111.0,inferred
Lancaster,2021-07-05,85.0,94.0,101.0,104.0,106.0,110.0,114.0,118.0,122.0,125.0,128.0,136.0,148.0,inferred
Lancaster,2021-07-06,79.0,89.0,95.0,98.0,100.0,105.0,108.5,113.0,118.0,120.0,123.0,130.0,142.0,inferred
Lancaster,2021-07-07,82.0,90.0,98.0,101.0,103.0,107.0,111.0,115.0,120.0,123.0,126.0,133.0,145.0,inferred
Lancaster,2021-07-08,79.0,90.0,96.0,99.0,101.0,105.0,109.0,113.0,118.0,120.0,123.0,131.0,141.0,inferred
Lancaster,2021-07-09,71.0,80.0,86.0,88.0,91.0,95.0,98.0,102.0,106.0,108.0,111.0,118.0,131.0,inferred
Lancaster,2021-07-10,58.0,67.0,73.0,75.0,77.0,81.0,85.0,88.4,92.0,94.0,97.0,104.0,114.0,inferred
Lancaster,2021-07-11,64.5,74.0,80.0,82.0,84.0,88.0,92.0,96.0,100.0,102.0,105.0,112.0,124.5,inferred
Lancaster,2021-07-12,98.0,108.0,116.0,119.0,121.7,126.0,130.0,135.0,140.0,143.0,147.0,155.1,170.0,inferred
Lancaster,2021-07-13,91.0,102.0,109.0,112.0,114.0,119.0,124.0,129.0,133.0,137.0,140.0,148.0,160.5,inferred
Lancaster,2021-07-14,89.0,100.0,108.0,111.0,114.0,118.0,122.0,126.0,131.0,133.0,136.0,144.0,158.0,inferred
Lancaster,2021-07-15,84.5,94.0,100.0,102.0,105.0,110.0,114.0,118.0,122.0,125.2,128.0,138.0,151.5,inferred
Lancaster,2021-07-16,72.0,79.0,86.0,88.0,90.0,94.0,98.0,102.0,106.0,109.0,111.0,118.0,131.0,inferred
Lancaster,2021-07-17,54.5,63.0,69.0,71.0,73.0,76.0,80.0,83.0,87.0,89.2,92.0,98.0,110.0,inferred
Lancaster,2021-07-18,56.0,65.0,70.0,72.0,74.0,77.0,81.0,85.0,89.0,91.0,93.0,100.0,111.0,inferred
Lancaster,2021-07-19,79.0,89.0,96.0,98.0,101.0,106.0,110.0,114.0,118.0,121.0,124.0,133.0,147.0,inferred
Lancaster,2021-07-20,69.0,79.0,84.0,87.0,89.0,93.0,97.0,101.0,106.0,108.0,111.0,118.0,130.0,inferred
Lancaster,2021-07-21,64.0,72.0,78.0,80.0,82.0,86.0,90.5,94.0,98.0,101.0,104.0,111.0,122.5,inferred
Lancaster,2021-07-22,54.0,63.0,68.0,71.0,73.0,77.0,81.0,84.0,88.0,90.0,93.0,99.0,109.0,inferred
Lancaster,2021-07-23,42.0,49.0,54.0,56.0,57.0,61.0,64.5,68.0,71.0,73.0,75.0,81.0,91.0,inferred
Lancaster,2021-07-24,31.0,37.0,41.0,43.0,44.0,47.0,50.0,52.0,55.0,57.0,59.0,64.0,72.0,inferred
Lancaster,2021-07-25,28.0,35.9,40.0,41.0,43.0,45.0,48.0,51.0,54.0,56.0,58.0,62.0,72.0,inferred
Lancaster,2021-07-26,38.0,46.0,51.0,53.0,55.0,58.0,61.0,64.0,68.0,70.0,72.0,78.0,87.0,inferred
Lancaster,2021-07-27,33.0,41.0,45.0,47.0,49.0,51.0,54.0,57.0,61.0,63.0,66.0,71.0,80.0,inferred
Lancaster,2021-07-28,33.0,40.0,45.0,47.0,49.0,52.0,55.0,57.0,61.0,62.0,64.0,70.0,79.0,inferred
Lancaster,2021-07-29,32.0,38.0,42.0,44.0,45.0,49.0,52.0,55.0,58.0,60.0,61.0,68.0,77.0,inferred
Lancaster,2021-07-30,26.5,33.0,37.0,38.0,40.0,42.0,45.0,48.0,51.0,52.0,54.0,59.0,67.0,inferred
Lancaster,2021-07-31,21.0,26.0,30.0,32.0,33.0,35.0,38.0,40.0,43.0,44.0,45.0,51.0,57.0,inferred
Lancaster,2021-08-01,23.0,28.0,31.0,33.0,34.0,37.0,39.0,41.0,44.0,46.0,48.0,53.0,61.0,inferred
Lancaster,2021-08-02,33.0,40.0,44.8,46.0,48.0,52.0,54.0,57.0,60.0,62.0,65.0,71.0,80.5,inferred
Lancaster,2021-08-03,32.0,38.0,42.0,44.0,46.0,49.0,51.0,55.0,58.0,59.0,61.0,67.0,75.0,inferred
Lancaster,2021-08-04,32.5,39.0,43.0,45.0,47.0,50.0,53.0,56.0,59.0,61.0,63.0,68.0,77.0,inferred
Lancaster,2021-08-05,32.0,39.0,43.0,45.0,47.0,50.0,53.0,55.0,59.0,61.0,63.0,69.0,78.0,inferred
Lancaster,2021-08-06,30.0,35.9,39.0,41.0,42.0,45.0,48.0,51.0,53.0,55.0,57.0,63.0,71.0,inferred
Lancaster,2021-08-07,24.5,29.0,33.0,35.0,36.0,39.0,41.0,43.0,46.0,48.0,49.0,54.0,62.0,inferred
Lancaster,2021-08-08,27.0,32.0,36.0,38.0,39.0,42.0,44.0,47.0,50.0,52.0,54.0,58.0,67.0,inferred
Lancaster,2021-08-09,41.0,48.0,53.0,55.0,57.0,60.0,63.0,67.0,71.0,73.0,75.0,81.0,91.0,inferred
Lancaster,2021-08-10,37.5,45.0,50.0,52.0,53.0,57.0,60.0,63.0,66.3,68.0,70.2,76.0,85.0,inferred
Lancaster,2021-08-11,38.5,46.0,51.0,53.0,54.0,57.0,61.0,64.0,67.0,69.0,71.0,76.0,86.0,inferred
Lancaster,2021-08-12,38.0,44.0,49.0,51.0,53.0,56.0,59.0,62.0,65.0,67.0,69.0,75.0,86.0,inferred
Lancaster,2021-08-13,33.0,39.0,43.0,45.0,47.0,50.0,52.0,55.0,58.0,60.0,62.0,67.0,77.0,inferred
Lancaster,2021-08-14,26.0,32.0,36.0,37.0,39.0,41.0,44.0,47.0,50.0,51.0,53.0,58.0,67.0,inferred
Lancaster,2021-08-15,28.0,35.0,38.0,40.0,42.0,44.0,47.0,49.0,52.0,54.0,56.0,61.0,71.0,inferred
Lancaster,2021-08-16,42.0,50.0,55.0,57.0,58.7,62.0,65.0,68.0,72.0,74.0,76.2,82.0,93.0,inferred
Lancaster,2021-08-17,40.0,47.0,52.0,54.0,56.0,59.0,62.0,66.0,69.0,71.0,73.0,79.0,89.0,inferred
Lancaster,2021-08-18,41.0,48.9,54.0,56.0,58.0,61.0,64.0,67.0,71.0,73.0,75.0,81.0,92.0,inferred
Lancaster,2021-08-19,42.0,49.0,54.0,56.0,57.0,60.0,63.0,67.0,70.0,71.0,74.0,80.0,89.0,inferred
Lancaster,2021-08-20,36.0,43.0,48.0,50.0,51.0,54.0,57.0,60.0,63.0,65.0,67.0,73.0,83.0,inferred
Lancaster,2021-08-21,29.0,35.0,40.0,41.0,43.0,46.0,48.0,51.0,54.0,56.0,58.0,63.0,72.0,inferred
Lancaster,2021-08-22,32.0,39.0,43.0,45.0,47.0,50.0,52.5,55.0,59.0,60.0,62.0,68.0,78.0,inferred
Lancaster,2021-08-23,48.5,57.0,63.0,65.0,67.0,71.0,74.0,78.0,82.0,84.0,86.0,94.0,105.0,inferred
Lancaster,2021-08-24,48.0,54.0,60.0,62.0,64.0,67.0,71.0,74.0,78.0,80.0,82.0,89.0,100.0,inferred
Lancaster,2021-08-25,48.0,56.0,60.0,63.0,64.0,68.0,71.0,74.0,78.0,80.0,82.0,90.0,101.0,inferred
Lancaster,2021-08-26,47.0,54.0,59.0,61.0,63.0,66.0,69.0,72.0,76.0,78.0,80.0,86.0,97.0,inferred
Lancaster,2021-08-27,39.0,47.0,52.0,54.0,55.0,59.0,62.0,65.0,68.0,70.0,73.0,78.0,89.0,inferred
Lancaster,2021-08-28,33.0,39.0,43.0,44.0,46.0,49.0,52.0,55.0,58.0,60.0,62.0,68.0,76.0,inferred
Lancaster,2021-08-29,35.5,41.0,46.0,47.0,49.0,52.0,55.0,58.0,61.0,63.0,66.0,71.0,81.0,inferred
Lancaster,2021-08-30,53.0,61.0,66.0,68.0,70.0,74.0,77.5,81.0,85.0,87.0,90.0,98.0,108.0,inferred
Lancaster,2021-08-31,51.0,58.0,64.0,66.0,68.0,71.0,74.0,78.0,82.0,84.0,87.0,92.0,104.0,inferred
Lancaster,2021-09-01,50.0,59.0,65.0,67.0,69.0,72.6,76.0,79.0,83.0,85.0,88.0,94.0,104.0,inferred
Lancaster,2021-09-02,48.0,57.0,63.0,65.0,67.0,70.0,74.0,77.0,80.0,83.0,85.0,92.0,102.5,inferred
Lancaster,2021-09-03,42.0,50.0,55.0,57.0,59.0,62.0,65.0,68.0,72.0,74.0,76.0,83.0,91.0,inferred
Lancaster,2021-09-04,36.0,42.0,47.0,48.0,50.0,53.0,55.0,58.0,62.0,64.0,66.0,73.0,81.0,inferred
Lancaster,2021-09-05,37.0,44.0,49.0,50.8,52.0,55.0,59.0,62.0,65.0,67.0,69.0,75.0,85.0,inferred
Lancaster,2021-09-06,57.0,66.0,71.0,73.0,75.0,79.0,83.0,87.0,91.0,93.0,96.0,102.1,116.0,inferred
Lancaster,2021-09-07,54.0,62.0,67.0,69.0,71.7,75.0,79.0,82.0,86.0,88.0,91.0,97.0,108.0,inferred
Lancaster,2021-09-08,55.0,63.0,68.0,70.0,73.0,76.0,80.0,83.0,87.0,89.0,92.0,98.0,112.0,inferred
Lancaster,2021-09-09,50.5,60.0,66.0,68.0,70.0,73.0,76.0,80.0,84.0,86.0,88.0,95.1,107.0,inferred
Lancaster,2021-09-10,46.0,53.0,58.0,60.0,62.0,66.0,69.0,72.0,76.0,78.0,81.0,86.0,97.0,inferred
Lancaster,2021-09-11,38.0,44.0,49.0,51.0,52.0,55.0,58.0,61.0,64.3,67.0,69.0,74.0,83.0,inferred
Lancaster,2021-09-12,41.0,48.0,52.0,54.0,56.0,59.0,62.0,66.0,69.0,71.0,73.0,79.0,89.0,inferred
Lancaster,2021-09-13,60.0,68.0,74.0,77.0,79.0,83.0,87.0,91.0,95.0,97.2,100.0,108.0,121.5,inferred
Lancaster,2021-09-14,58.0,67.0,73.0,75.0,77.0,81.0,85.0,89.0,93.0,95.0,98.0,105.0,116.0,inferred
Lancaster,2021-09-15,61.0,69.0,76.0,78.0,80.0,84.0,88.0,92.0,96.0,99.0,101.0,107.1,117.0,inferred
Lancaster,2021-09-16,61.5,71.0,76.0,78.0,80.0,84.0,87.0,91.0,95.0,97.0,100.0,107.0,118.5,inferred
Lancaster,2021-09-17,57.0,64.0,70.0,72.0,74.0,78.0,81.0,84.0,88.0,91.0,93.0,100.0,111.0,inferred
Lancaster,2021-09-18,46.5,53.0,59.0,61.0,62.7,66.0,69.0,72.0,76.0,78.0,81.0,87.0,96.0,inferred
Lancaster,2021-09-19,51.0,59.0,65.0,67.0,68.7,72.0,76.0,80.0,83.0,86.0,88.0,94.0,105.0,inferred
Lancaster,2021-09-20,75.5,87.0,94.0,96.0,99.0,104.0,108.0,113.0,117.0,120.0,124.0,132.0,144.5,inferred
Lancaster,2021-09-21,72.5,82.0,89.0,92.0,94.0,98.0,102.0,106.0,111.0,114.0,117.0,124.0,135.0,inferred
Lancaster,2021-09-22,72.0,83.0,90.0,92.0,94.0,98.0,102.0,107.0,111.0,113.0,117.0,125.0,138.0,inferred
Lancaster,2021-09-23,67.5,78.0,85.0,87.0,89.0,93.0,97.0,100.0,104.0,107.0,110.0,117.0,130.0,inferred
Lancaster,2021-09-24,59.0,67.0,72.0,75.0,77.0,81.0,84.0,88.0,92.0,94.0,96.0,103.0,114.0,inferred
Lancaster,2021-09-25,46.0,53.0,58.0,60.0,62.0,65.0,69.0,72.0,76.0,78.0,80.0,86.0,96.0,inferred
Lancaster,2021-09-26,49.0,56.0,61.0,63.0,65.0,68.0,71.0,75.0,78.0,81.0,83.0,89.0,99.0,inferred
Lancaster,2021-09-27,70.0,79.0,86.0,88.0,90.0,94.0,98.0,102.0,107.0,109.0,112.0,119.0,131.5,inferred
Lancaster,2021-09-28,62.0,71.0,78.0,81.0,83.0,87.0,91.0,95.0,99.0,101.0,104.0,111.0,122.0,inferred
Lancaster,2021-09-29,63.0,72.0,78.0,80.0,82.0,86.0,90.0,94.0,98.0,100.0,103.0,110.0,121.0,inferred
Lancaster,2021-09-30,61.0,69.0,75.0,77.0,79.0,82.0,86.0,90.0,94.0,96.0,98.0,104.0,114.0,inferred
Lancaster,2021-10-01,51.0,59.0,65.0,67.0,69.0,72.0,76.0,80.0,84.0,86.0,88.0,95.0,104.5,inferred
Lancaster,2021-10-02,42.0,48.0,53.0,55.0,57.0,61.0,64.0,67.0,70.0,72.0,74.0,81.0,90.0,inferred
Lancaster,2021-10-03,45.0,52.0,56.0,58.0,60.0,64.0,67.0,70.0,73.0,75.2,77.0,84.0,93.5,inferred
Lancaster,2021-10-04,66.0,76.0,81.8,83.0,85.0,89.0,92.0,96.0,101.0,104.0,106.0,114.0,124.0,inferred
Lancaster,2021-10-05,60.0,69.0,76.0,78.0,80.0,84.0,88.0,92.0,96.0,98.0,101.0,108.0,120.0,inferred
Lancaster,2021-10-06,60.0,71.0,76.0,79.0,81.0,84.0,89.0,92.0,96.0,98.0,102.0,109.0,122.0,inferred
Lancaster,2021-10-07,60.0,68.0,74.0,76.0,78.0,82.0,85.0,89.0,93.3,96.0,99.0,105.0,115.0,inferred
Lancaster,2021-10-08,50.0,59.0,65.0,67.0,70.0,73.0,77.0,80.0,84.0,86.2,89.0,95.0,106.0,inferred
Lancaster,2021-10-09,43.0,50.0,55.0,57.0,59.0,62.0,64.0,67.0,70.0,72.0,74.0,80.0,88.0,inferred
Lancaster,2021-10-10,45.0,52.0,57.0,60.0,62.0,65.0,69.0,72.0,76.0,78.0,80.0,87.0,97.0,inferred
Lancaster,2021-10-11,67.0,75.9,82.0,85.0,87.0,91.0,95.0,99.0,104.0,106.0,109.0,117.0,129.0,inferred
Lancaster,2021-10-12,63.0,71.0,77.0,80.0,81.7,85.0,89.0,93.0,97.0,99.0,102.0,109.0,123.0,inferred
Lancaster,2021-10-13,60.0,68.0,75.0,77.8,80.0,83.0,87.0,91.0,95.3,98.0,100.0,107.0,120.5,inferred
Lancaster,2021-10-14,55.0,63.0,69.0,72.0,74.0,78.0,81.0,85.0,89.0,91.0,94.0,100.0,111.0,inferred
Lancaster,2021-10-15,43.0,52.0,57.0,60.0,62.0,66.0,69.0,73.0,77.0,79.0,82.0,89.0,100.5,inferred
Leeds,2021-07-03,354.0,386.0,407.0,416.0,423.0,439.0,450.0,463.4,478.0,485.0,496.0,520.0,557.5,inferred
Leeds,2021-07-04,412.0,441.9,462.0,471.0,479.0,492.0,504.0,518.0,532.0,540.0,548.2,577.0,617.0,inferred
Leeds,2021-07-05,616.0,650.9,674.0,684.0,692.0,708.0,725.0,741.0,756.3,765.2,775.0,800.0,847.5,inferred
Leeds,2021-07-06,591.5,625.9,651.0,660.0,668.0,683.0,699.0,713.0,726.0,733.0,743.2,767.0,814.5,inferred
Leeds,2021-07-07,607.5,646.0,668.0,677.0,686.0,701.0,713.0,729.0,746.0,753.0,762.0,786.0,822.0,inferred
Leeds,2021-07-08,596.0,632.0,654.0,663.0,671.0,686.0,702.0,716.0,731.0,738.0,747.2,776.0,822.5,inferred
Leeds,2021-07-09,555.5,587.0,610.0,617.0,625.0,641.0,658.0,672.0,687.0,695.0,706.0,732.1,774.0,inferred
Leeds,2021-07-10,466.5,501.0,522.0,531.0,539.0,554.0,567.0,578.0,593.0,599.0,608.0,634.0,677.0,inferred
Leeds,2021-07-11,512.0,545.0,568.0,577.0,584.7,601.0,614.0,630.0,645.0,654.0,664.2,690.0,733.0,inferred
Leeds,2021-07-12,741.0,781.0,814.8,825.0,833.0,850.0,867.0,885.0,906.0,917.0,928.0,959.0,1019.0,inferred
Leeds,2021-07-13,697.0,730.0,757.0,768.8,780.0,797.0,814.0,833.0,848.0,858.2,872.0,900.0,941.5,inferred
Leeds,2021-07-14,681.5,718.0,742.0,751.0,761.0,779.0,792.0,809.0,828.0,837.0,846.2,875.0,923.0,inferred
Leeds,2021-07-15,618.5,653.0,676.0,686.8,695.0,710.6,726.0,741.0,758.0,768.0,779.0,810.0,850.5,inferred
Leeds,2021-07-16,536.0,576.0,597.0,606.0,612.0,628.0,642.0,656.0,671.0,681.2,691.0,719.0,758.5,inferred
Leeds,2021-07-17,427.5,457.0,479.0,486.0,493.0,506.0,520.5,532.0,546.0,554.0,563.0,586.0,628.5,inferred
Leeds,2021-07-18,436.5,461.9,484.8,492.0,500.0,514.0,527.0,540.0,553.0,560.0,568.0,596.0,629.0,inferred
Leeds,2021-07-19,597.0,632.0,654.0,664.0,672.7,689.0,703.0,718.0,734.3,746.0,758.0,787.0,828.0,inferred
Leeds,2021-07-20,525.0,561.0,582.0,590.8,598.0,613.6,629.0,645.0,661.0,669.0,681.0,710.0,752.0,inferred
Leeds,2021-07-21,490.0,525.9,547.0,556.0,565.0,579.0,593.0,606.0,622.0,631.0,640.0,663.0,700.0,inferred
Leeds,2021-07-22,443.0,473.0,494.0,502.0,508.0,522.0,535.0,548.0,563.0,569.0,578.0,602.0,639.0,inferred
Leeds,2021-07-23,376.0,404.0,421.0,430.0,436.0,449.0,459.0,471.0,484.0,492.2,500.0,523.0,561.5,inferred
Leeds,2021-07-24,288.0,314.0,330.0,338.0,344.0,354.0,363.0,373.0,382.3,390.0,397.0,416.0,442.5,inferred
Leeds,2021-07-25,286.0,311.0,327.0,333.0,338.0,350.6,362.0,373.0,383.0,390.0,397.2,418.0,448.5,inferred
Leeds,2021-07-26,380.0,411.0,431.0,439.0,446.0,458.0,469.0,481.0,495.0,503.0,511.2,536.0,571.0,inferred
Leeds,2021-07-27,347.0,376.0,395.0,401.0,408.0,421.0,434.0,446.0,459.0,467.0,476.0,499.0,530.0,inferred
Leeds,2021-07-28,355.5,386.0,407.0,415.0,422.0,435.0,445.5,458.0,470.0,477.0,485.0,506.0,547.0,inferred
Leeds,2021-07-29,354.0,381.0,400.0,407.0,414.0,425.0,437.0,448.0,461.0,467.0,475.0,501.0,532.0,inferred
Leeds,2021-07-30,331.5,357.0,374.0,380.0,387.0,400.0,410.0,420.0,432.0,440.2,449.0,467.0,503.0,inferred
Leeds,2021-07-31,277.5,302.0,320.0,326.0,332.0,343.0,352.0,363.0,374.0,381.0,388.0,406.0,439.0,inferred
Leeds,2021-08-01,301.0,327.0,345.0,351.0,357.0,368.0,380.0,393.0,407.0,414.0,421.0,439.1,477.0,inferred
Leeds,2021-08-02,434.0,468.9,489.0,499.0,507.0,523.6,537.0,552.0,565.0,573.0,581.0,603.1,642.0,inferred
Leeds,2021-08-03,409.0,442.0,463.0,470.8,479.0,492.0,504.0,517.0,532.0,540.0,550.0,576.0,615.0,inferred
Leeds,2021-08-04,412.5,447.0,469.0,477.0,484.0,496.0,510.0,524.0,539.0,545.0,552.2,576.0,609.0,inferred
Leeds,2021-08-05,391.5,426.0,447.0,453.0,460.0,474.0,487.0,499.0,511.0,518.0,525.0,548.1,586.5,inferred
Leeds,2021-08-06,360.0,390.0,407.8,415.0,422.0,434.0,445.0,457.0,470.0,477.0,485.0,506.0,542.5,inferred
Leeds,2021-08-07,293.5,319.0,337.0,343.0,349.0,360.0,371.0,383.4,396.0,403.0,410.0,430.1,462.0,inferred
Leeds,2021-08-08,315.0,339.0,357.0,364.0,371.0,383.0,394.0,405.0,419.0,426.0,434.0,453.1,486.0,inferred
Leeds,2021-08-09,438.0,477.0,499.0,508.0,515.0,531.0,545.5,559.0,572.3,581.0,588.0,611.0,649.0,inferred
Leeds,2021-08-10,413.5,443.0,465.8,475.0,482.0,494.0,507.0,520.0,535.0,542.0,552.0,574.0,615.0,inferred
Leeds,2021-08-11,406.5,434.0,458.0,466.0,476.0,488.6,500.0,511.0,525.0,532.0,541.0,566.0,600.0,inferred
Leeds,2021-08-12,384.0,411.9,431.0,438.0,445.0,457.6,468.0,482.0,497.0,504.0,512.0,533.0,572.5,inferred
Leeds,2021-08-13,338.5,368.0,387.0,395.0,401.0,414.0,426.0,438.0,450.0,456.2,465.0,485.1,520.5,inferred
Leeds,2021-08-14,275.0,299.0,315.0,321.0,326.0,338.0,349.0,359.4,372.0,377.0,384.0,401.0,430.0,inferred
Leeds,2021-08-15,280.0,308.0,328.0,334.0,340.7,352.0,363.0,374.0,385.0,392.0,400.0,416.0,456.5,inferred
Leeds,2021-08-16,401.0,432.0,452.0,459.0,466.7,481.0,495.5,507.0,521.0,530.0,538.0,563.0,599.0,inferred
Leeds,2021-08-17,365.0,396.0,416.0,423.0,430.0,444.0,456.0,467.0,481.0,488.2,496.0,518.0,561.0,inferred
Leeds,2021-08-18,364.0,387.9,408.8,417.0,422.0,433.0,446.0,458.0,471.0,478.0,485.2,511.0,556.0,inferred
Leeds,2021-08-19,338.0,364.0,384.0,391.0,399.0,412.0,423.0,435.0,448.0,455.0,463.0,481.0,511.0,inferred
Leeds,2021-08-20,300.0,327.0,344.0,351.0,358.0,369.0,380.0,392.0,403.0,410.0,417.0,435.1,469.0,inferred
Leeds,2021-08-21,240.5,265.0,284.0,289.0,294.0,304.0,314.0,324.0,333.0,340.0,347.2,363.1,392.0,inferred
Leeds,2021-08-22,251.0,275.0,292.0,298.8,304.0,314.0,324.0,334.0,345.0,352.0,359.0,378.0,409.0,inferred
Leeds,2021-08-23,352.5,381.0,400.0,410.0,417.0,429.0,441.0,455.0,468.0,475.0,484.0,504.1,540.0,inferred
Leeds,2021-08-24,331.5,361.0,379.0,385.0,391.0,403.0,415.0,428.0,440.0,447.0,456.0,480.0,515.0,inferred
Leeds,2021-08-25,336.0,363.0,383.0,390.0,397.0,409.0,419.5,432.0,443.0,449.0,457.0,479.0,515.0,inferred
Leeds,2021-08-26,326.0,351.9,370.0,378.0,384.0,395.0,407.0,420.0,429.0,435.0,443.0,463.0,497.0,inferred
Leeds,2021-08-27,299.0,326.0,343.0,350.0,356.0,369.0,378.0,390.0,401.0,408.0,417.0,438.1,471.0,inferred
Leeds,2021-08-28,250.0,273.0,288.0,294.0,298.0,309.0,319.0,329.0,341.0,346.0,353.2,372.0,400.5,inferred
Leeds,2021-08-29,274.0,295.0,311.0,317.0,323.0,333.0,343.0,355.0,367.0,373.0,381.0,398.0,429.5,inferred
Leeds,2021-08-30,384.5,419.0,440.0,447.0,455.0,468.0,481.0,494.0,507.0,514.0,523.0,550.0,587.5,inferred
Leeds,2021-08-31,366.5,398.0,419.0,427.0,433.0,443.0,456.0,469.0,481.0,488.0,497.0,522.0,558.0,inferred
Leeds,2021-09-01,373.0,404.0,424.0,432.0,439.0,453.0,465.0,477.0,488.0,497.0,506.2,528.0,563.5,inferred
Leeds,2021-09-02,359.5,387.0,409.0,415.8,421.0,433.0,446.0,458.0,470.0,477.0,486.0,507.0,539.0,inferred
Leeds,2021-09-03,330.0,359.0,378.0,384.0,390.0,402.0,413.0,424.0,438.0,445.0,454.0,474.0,506.5,inferred
Leeds,2021-09-04,275.5,298.0,315.0,321.0,328.0,339.0,348.0,358.0,370.0,376.0,383.0,404.0,435.0,inferred
Leeds,2021-09-05,293.5,321.0,339.0,344.0,349.7,360.6,370.0,382.0,394.3,400.0,409.0,429.0,462.0,inferred
Leeds,2021-09-06,415.0,449.9,470.0,478.0,485.0,501.0,515.0,529.0,543.0,550.0,558.0,580.1,615.0,inferred
Leeds,2021-09-07,376.0,408.0,429.0,435.0,442.7,455.6,469.0,480.0,493.0,501.0,509.0,533.0,568.5,inferred
Leeds,2021-09-08,362.0,391.0,408.0,414.0,422.0,433.0,445.0,457.0,469.0,476.0,484.0,508.0,539.0,inferred
Leeds,2021-09-09,317.0,343.0,361.0,368.0,374.0,389.0,400.0,411.0,423.0,429.0,436.0,456.0,491.5,inferred
Leeds,2021-09-10,265.5,289.0,305.0,311.0,317.0,328.0,337.0,349.0,360.0,366.2,373.0,392.0,422.5,inferred
Leeds,2021-09-11,200.0,222.0,238.0,244.0,250.0,259.0,268.0,277.0,287.0,293.0,298.0,316.0,343.5,inferred
Leeds,2021-09-12,195.0,220.0,234.0,241.0,246.0,255.0,265.0,275.0,285.0,292.0,298.0,318.0,347.0,inferred
Leeds,2021-09-13,270.5,295.0,311.0,317.0,324.0,336.0,347.0,358.0,368.0,375.0,381.2,402.0,430.0,inferred
Leeds,2021-09-14,251.0,274.0,292.0,298.0,304.0,315.0,324.0,335.0,346.0,353.0,360.2,381.0,411.5,inferred
Leeds,2021-09-15,267.0,290.9,306.8,312.0,317.7,328.0,338.0,348.0,359.0,366.0,373.0,393.1,425.0,inferred
Leeds,2021-09-16,269.0,296.0,313.0,319.0,325.0,335.0,346.0,356.0,366.0,372.0,378.0,396.1,428.0,inferred
Leeds,2021-09-17,266.5,288.0,303.0,309.0,316.0,326.0,335.0,345.0,357.0,364.0,370.0,392.0,421.0,inferred
Leeds,2021-09-18,224.0,247.0,264.0,270.8,276.0,286.0,294.5,304.0,314.0,320.0,325.0,342.0,374.0,inferred
Leeds,2021-09-19,252.0,279.0,294.0,300.0,306.0,317.0,328.0,338.0,350.0,356.0,365.0,382.0,413.5,inferred
Leeds,2021-09-20,378.0,414.0,434.0,442.0,448.0,462.0,475.0,486.0,501.0,508.0,518.0,541.0,578.5,inferred
Leeds,2021-09-21,369.0,399.0,419.0,426.0,432.0,444.0,457.0,469.0,482.0,488.0,497.0,521.0,558.0,inferred
Leeds,2021-09-22,373.0,402.9,422.0,429.0,437.0,449.6,461.0,473.0,486.0,494.0,501.0,523.0,559.5,inferred
Leeds,2021-09-23,355.0,381.0,401.0,411.0,417.0,431.0,442.0,453.0,466.0,473.0,480.0,501.0,539.5,inferred
Leeds,2021-09-24,323.0,352.0,369.8,376.8,383.0,395.0,406.0,418.0,428.0,435.0,443.0,464.0,501.0,inferred
Leeds,2021-09-25,264.5,293.0,311.0,316.0,321.0,333.0,343.0,353.0,365.0,371.0,378.0,397.0,425.5,inferred
Leeds,2021-09-26,286.0,312.0,329.0,337.0,342.0,354.0,363.0,373.0,386.0,392.0,399.0,420.0,456.0,inferred
Leeds,2021-09-27,407.5,441.0,465.0,472.0,479.0,492.0,504.0,516.0,530.0,537.0,547.0,573.0,609.5,inferred
Leeds,2021-09-28,381.5,418.0,439.0,447.0,453.0,467.0,480.0,493.0,507.0,517.0,527.0,547.0,585.5,inferred
Leeds,2021-09-29,395.0,428.0,449.0,457.0,464.0,476.0,489.0,502.0,515.0,522.0,530.0,554.1,593.0,inferred
Leeds,2021-09-30,383.5,416.0,437.0,445.0,453.0,465.0,477.0,489.0,503.0,509.0,518.2,540.0,571.0,inferred
Leeds,2021-10-01,360.5,387.9,406.0,413.0,420.0,430.0,442.0,454.0,467.3,476.0,484.0,508.1,547.0,inferred
Leeds,2021-10-02,307.0,330.0,346.0,353.0,358.0,369.0,380.0,390.0,400.0,406.0,415.2,436.0,463.0,inferred
Leeds,2021-10-03,328.0,356.0,374.0,381.0,388.0,399.0,411.0,422.0,435.0,441.0,448.2,469.0,503.0,inferred
Leeds,2021-10-04,475.0,504.0,528.0,537.8,545.0,563.0,576.0,592.0,608.0,615.2,626.0,650.1,692.0,inferred
Leeds,2021-10-05,452.0,486.0,509.0,517.0,525.0,540.0,553.0,565.0,580.0,587.0,597.0,622.0,672.0,inferred
Leeds,2021-10-06,465.0,501.0,519.0,529.0,536.0,551.0,564.0,577.0,592.0,600.2,609.0,633.0,675.5,inferred
Leeds,2021-10-07,451.5,487.0,510.0,518.0,524.0,537.0,551.0,564.0,579.0,588.0,597.0,619.1,653.0,inferred
Leeds,2021-10-08,425.0,458.0,477.0,486.8,493.0,506.6,519.0,532.0,547.3,557.2,564.0,587.1,627.0,inferred
Leeds,2021-10-09,364.5,392.0,411.0,416.0,421.0,435.0,444.0,456.0,469.0,476.0,483.0,507.0,542.5,inferred
Leeds,2021-10-10,395.0,428.0,444.0,452.0,460.0,472.0,484.0,495.0,508.0,515.0,523.0,545.0,583.5,inferred
Leeds,2021-10-11,565.0,608.0,632.0,641.0,649.0,666.0,677.0,694.0,709.3,718.2,731.0,760.0,802.5,inferred
Leeds,2021-10-12,531.0,567.0,593.0,601.0,609.0,623.0,638.0,653.0,669.0,677.0,687.0,719.0,762.5,inferred
Leeds,2021-10-13,529.5,563.0,584.8,594.0,601.0,616.0,630.5,646.0,663.0,671.0,681.2,707.0,753.6,inferred
Leeds,2021-10-14,467.5,515.0,542.0,549.0,556.0,572.0,586.0,602.0,618.0,627.0,638.0,661.0,710.0,inferred
Leeds,2021-10-15,419.5,452.0,475.8,484.0,492.0,509.0,524.0,541.0,557.0,563.0,573.0,604.0,638.0,inferred
Leicester,2021-07-03,65.0,73.0,77.0,80.0,82.0,85.0,88.0,92.0,96.0,98.0,101.0,108.0,118.5,inferred
Leicester,2021-07-04,74.0,83.0,89.0,91.0,93.0,97.0,100.0,104.0,109.0,111.0,113.0,121.0,132.0,inferred
Leicester,2021-07-05,113.0,123.0,130.0,133.0,135.0,140.0,144.0,148.0,152.0,154.0,157.0,165.0,178.0,inferred
Leicester,2021-07-06,113.0,122.0,129.0,131.0,134.0,137.0,141.0,145.0,149.0,152.0,155.0,163.0,176.0,inferred
Leicester,2021-07-07,119.5,129.0,136.0,139.0,141.0,145.0,149.0,154.0,159.0,161.0,164.0,172.0,185.0,inferred
Leicester,2021-07-08,122.0,131.0,138.8,141.0,144.0,148.0,152.0,156.0,161.0,164.0,167.0,176.0,189.0,inferred
Leicester,2021-07-09,113.0,123.0,131.0,133.0,136.0,141.0,145.0,150.0,154.3,157.0,159.0,166.0,179.0,inferred
Leicester,2021-07-10,101.5,111.0,118.0,121.0,123.0,127.0,131.0,135.0,139.0,142.0,144.0,153.0,162.5,inferred
Leicester,2021-07-11,115.0,126.0,133.0,135.8,138.0,143.0,148.0,152.0,157.0,160.0,163.0,171.0,181.5,inferred
Leicester,2021-07-12,169.0,183.0,192.0,196.0,199.0,205.0,210.0,215.0,221.0,224.0,228.0,238.0,256.0,inferred
Leicester,2021-07-13,165.0,180.0,188.0,192.0,195.7,201.0,206.0,212.0,218.0,222.0,225.0,236.0,253.5,inferred
Leicester,2021-07-14,168.0,183.0,191.0,195.0,199.0,205.0,210.0,215.0,221.0,224.0,228.0,239.0,253.0,inferred
Leicester,2021-07-15,166.0,178.0,188.0,192.0,194.0,199.0,204.0,210.0,216.0,220.0,223.0,233.0,247.0,inferred
Leicester,2021-07-16,149.0,162.0,171.0,174.0,177.0,182.0,187.0,192.0,197.0,199.0,202.0,214.0,227.0,inferred
Leicester,2021-07-17,125.0,138.0,145.0,147.0,150.0,156.0,160.0,164.0,169.0,172.0,175.0,182.0,196.5,inferred
Leicester,2021-07-18,137.0,147.0,154.0,157.0,160.7,165.0,170.0,175.0,181.0,184.0,187.0,196.0,208.0,inferred
Leicester,2021-07-19,188.5,202.0,212.0,215.0,219.0,224.0,230.0,236.0,242.0,246.0,251.0,261.0,278.0,inferred
Leicester,2021-07-20,174.5,187.0,196.0,199.0,203.0,208.0,213.0,219.0,226.0,230.0,234.0,244.0,259.0,inferred
Leicester,2021-07-21,168.0,180.0,189.0,192.0,195.0,201.0,206.0,212.0,218.0,221.0,224.0,234.0,248.0,inferred
Leicester,2021-07-22,153.0,167.0,174.0,177.0,180.7,186.0,191.0,195.0,201.0,204.0,207.0,216.1,233.0,inferred
Leicester,2021-07-23,131.5,142.0,149.0,152.0,154.0,160.0,165.0,169.0,175.0,178.0,181.0,189.1,203.5,inferred
Leicester,2021-07-24,103.0,115.0,121.0,123.0,126.0,131.0,135.0,139.0,143.0,146.0,149.0,156.0,168.5,inferred
Leicester,2021-07-25,105.0,116.0,123.0,126.0,129.0,133.0,138.0,142.0,146.0,149.0,152.0,160.0,171.0,inferred
Leicester,2021-07-26,142.0,155.0,163.0,166.8,169.0,175.0,180.0,184.0,190.0,193.0,196.0,205.0,222.5,inferred
Leicester,2021-07-27,132.5,146.9,155.0,158.0,161.0,165.0,170.0,175.0,180.0,183.0,186.0,197.0,211.0,inferred
Leicester,2021-07-28,141.0,152.0,160.8,163.0,166.0,171.0,176.0,180.4,186.0,188.0,191.0,201.0,214.0,inferred
Leicester,2021-07-29,138.5,152.0,160.0,163.0,166.0,171.0,175.0,180.0,185.0,188.0,192.0,203.0,216.0,inferred
Leicester,2021-07-30,128.0,142.0,150.0,153.0,156.0,160.0,165.0,170.0,176.0,179.0,181.0,190.0,202.5,inferred
Leicester,2021-07-31,116.0,125.0,132.0,135.0,137.0,142.0,146.0,151.0,155.0,157.2,161.0,170.0,184.0,inferred
Leicester,2021-08-01,129.0,139.0,146.0,149.0,152.0,156.0,161.0,165.0,171.0,174.0,177.0,185.0,200.0,inferred
Leicester,2021-08-02,181.5,196.0,204.0,208.0,212.0,218.6,224.0,230.0,236.0,240.0,243.0,255.0,272.0,inferred
Leicester,2021-08-03,177.0,189.0,198.0,202.0,206.0,212.0,217.0,223.0,229.0,232.0,236.0,247.0,263.0,inferred
Leicester,2021-08-04,177.5,190.9,199.0,203.8,207.0,213.0,218.0,224.0,229.0,232.0,235.0,246.0,262.0,inferred
Leicester,2021-08-05,173.0,186.0,196.0,199.0,202.0,208.0,213.0,218.0,224.0,228.0,232.0,240.0,256.0,inferred
Leicester,2021-08-06,152.0,165.0,175.0,178.0,181.0,186.0,191.0,196.0,201.0,204.0,207.0,217.0,231.0,inferred
Leicester,2021-08-07,128.0,140.9,149.0,152.0,154.0,158.0,164.0,168.0,173.0,176.0,179.0,188.0,203.0,inferred
Leicester,2021-08-08,140.0,151.9,158.0,161.0,164.0,169.0,174.0,179.0,184.0,187.0,190.0,199.0,214.0,inferred
Leicester,2021-08-09,194.0,210.0,219.0,223.0,227.0,233.0,237.0,243.0,250.0,254.2,258.0,268.0,284.0,inferred
Leicester,2021-08-10,183.0,196.0,205.8,210.0,213.0,220.0,225.0,231.0,237.0,241.0,245.0,256.0,271.0,inferred
Leicester,2021-08-11,185.0,198.0,208.0,211.0,215.0,221.0,226.0,232.0,239.0,242.0,246.0,256.0,271.0,inferred
Leicester,2021-08-12,180.0,192.0,201.0,205.0,208.0,215.0,220.0,226.0,232.0,236.0,239.0,248.0,263.0,inferred
Leicester,2021-08-13,161.0,173.0,183.0,186.0,189.0,194.0,200.0,204.0,209.0,213.0,216.0,226.0,240.0,inferred
Leicester,2021-08-14,133.5,146.0,154.0,157.0,160.0,165.0,171.0,175.0,179.0,182.0,185.0,196.0,210.0,inferred
Leicester,2021-08-15,146.0,159.0,167.0,170.0,172.0,178.0,183.0,187.0,193.0,196.0,199.0,208.0,221.0,inferred
Leicester,2021-08-16,202.5,219.0,228.0,232.0,236.0,242.0,249.0,254.0,260.0,263.0,267.0,278.0,294.0,inferred
Leicester,2021-08-17,195.0,207.0,216.0,220.0,223.0,229.0,235.0,241.0,247.0,250.2,255.0,267.0,286.0,inferred
Leicester,2021-08-18,191.0,205.0,216.0,219.0,223.0,229.0,235.0,241.0,247.0,251.0,254.0,265.0,279.0,inferred
Leicester,2021-08-19,187.0,199.0,208.0,212.0,216.0,221.0,227.0,233.0,238.0,240.2,244.0,255.0,269.0,inferred
Leicester,2021-08-20,164.0,176.0,186.0,189.0,193.0,198.0,203.0,208.0,214.0,217.0,221.0,230.0,246.0,inferred
Leicester,2021-08-21,138.0,149.0,156.0,159.0,161.0,166.0,171.0,176.0,181.0,183.0,187.0,196.0,209.0,inferred
Leicester,2021-08-22,143.0,157.0,166.0,169.0,172.0,177.0,182.0,186.0,192.0,195.0,197.0,206.0,220.0,inferred
Leicester,2021-08-23,200.0,214.0,224.0,228.0,231.0,238.0,244.0,249.0,256.0,260.0,264.0,276.0,291.0,inferred
Leicester,2021-08-24,185.0,200.0,211.0,215.0,218.0,223.0,229.0,235.0,242.0,245.0,248.0,260.0,275.0,inferred
Leicester,2021-08-25,182.0,198.0,207.0,211.0,214.0,219.0,225.0,230.0,237.0,239.0,243.0,253.0,269.0,inferred
Leicester,2021-08-26,171.0,185.0,195.0,199.0,202.0,207.0,213.0,218.0,224.0,227.0,231.0,241.0,256.0,inferred
Leicester,2021-08-27,150.0,162.0,170.0,174.0,176.0,181.0,186.0,191.0,196.3,200.0,203.0,212.0,226.0,inferred
Leicester,2021-08-28,123.5,133.0,141.0,144.0,147.0,152.0,156.0,161.0,165.0,168.0,171.0,180.0,193.0,inferred
Leicester,2021-08-29,128.5,141.0,149.0,151.0,154.0,158.0,162.0,167.0,173.0,175.2,179.0,187.0,201.0,inferred
Leicester,2021-08-30,173.0,189.0,199.0,203.0,206.0,211.6,218.0,223.0,229.0,233.0,237.0,246.0,264.5,inferred
Leicester,2021-08-31,168.5,180.0,189.8,193.0,197.0,202.0,208.0,213.0,218.0,222.0,225.0,235.0,250.0,inferred
Leicester,2021-09-01,170.5,185.0,194.0,198.0,201.0,207.0,212.0,217.0,223.0,226.0,230.0,239.0,254.0,inferred
Leicester,2021-09-02,172.0,185.0,193.8,197.0,200.0,205.0,211.0,216.0,221.0,224.0,228.0,238.0,254.0,inferred
Leicester,2021-09-03,157.0,169.0,177.0,181.0,185.0,190.0,196.0,201.0,206.0,209.0,213.0,223.1,237.0,inferred
Leicester,2021-09-04,137.0,148.0,156.0,159.0,162.0,167.0,172.0,176.0,181.0,184.0,187.0,196.0,210.0,inferred
Leicester,2021-09-05,151.0,163.0,171.0,174.0,177.0,183.0,188.0,193.0,198.0,202.0,205.0,213.1,227.5,inferred
Leicester,2021-09-06,215.0,229.9,241.0,244.0,248.0,254.0,260.0,266.0,274.3,279.0,282.0,294.0,312.5,inferred
Leicester,2021-09-07,202.0,216.9,227.0,231.0,234.0,240.6,247.0,253.0,259.0,263.0,267.0,277.0,294.0,inferred
Leicester,2021-09-08,196.0,209.0,220.0,223.0,226.0,232.0,239.0,244.0,251.0,254.0,258.0,268.0,283.0,inferred
Leicester,2021-09-09,180.0,193.0,201.0,205.0,208.7,215.0,221.0,227.0,232.0,236.0,240.0,248.1,264.0,inferred
Leicester,2021-09-10,153.5,165.0,174.0,177.0,180.7,186.0,191.0,197.0,203.0,206.0,210.0,219.0,233.0,inferred
Leicester,2021-09-11,124.0,135.0,142.0,145.0,148.0,152.0,157.0,161.0,167.0,170.0,172.0,180.1,196.0,inferred
Leicester,2021-09-12,128.0,139.0,146.0,149.0,151.0,156.0,160.0,165.0,170.0,173.0,177.0,185.1,200.5,inferred
Leicester,2021-09-13,169.0,182.0,192.0,195.0,198.0,204.0,209.0,215.0,221.0,225.0,229.0,238.0,254.0,inferred
Leicester,2021-09-14,157.0,171.0,179.0,182.0,185.0,191.0,196.0,201.0,207.0,210.0,214.0,224.0,242.0,inferred
Leicester,2021-09-15,157.0,168.0,177.0,182.0,185.0,191.0,196.0,201.0,207.0,210.0,213.0,222.0,237.0,inferred
Leicester,2021-09-16,152.0,163.0,172.0,176.0,178.0,184.0,190.0,195.0,201.0,204.0,207.0,216.0,232.0,inferred
Leicester,2021-09-17,135.5,148.0,157.0,160.0,163.0,167.0,173.0,177.0,183.0,185.0,189.0,198.0,210.0,inferred
Leicester,2021-09-18,117.0,126.9,134.0,136.0,139.0,143.0,148.0,152.0,157.0,160.0,162.0,170.0,184.0,inferred
Leicester,2021-09-19,122.0,134.0,142.0,145.0,148.0,153.0,157.5,162.0,166.0,169.0,172.2,181.0,193.0,inferred
Leicester,2021-09-20,171.0,186.0,195.8,199.0,202.0,208.0,214.0,219.0,225.0,228.0,232.0,241.0,261.0,inferred
Leicester,2021-09-21,158.0,172.0,181.0,185.0,188.0,194.0,199.0,204.0,211.0,214.0,218.0,228.0,243.0,inferred
Leicester,2021-09-22,156.5,168.0,176.0,179.0,182.0,188.0,192.0,197.0,204.0,207.0,211.0,220.0,236.0,inferred
Leicester,2021-09-23,144.0,155.0,163.0,167.0,170.0,175.0,180.0,185.0,190.0,193.0,196.0,205.0,219.0,inferred
Leicester,2021-09-24,123.0,134.0,142.0,144.0,147.0,152.0,156.0,161.0,166.0,169.0,173.0,181.0,194.0,inferred
Leicester,2021-09-25,99.0,110.0,116.0,119.0,121.0,126.0,130.0,134.0,138.0,141.0,144.0,152.0,161.0,inferred
Leicester,2021-09-26,102.0,112.0,119.0,121.0,124.0,129.0,133.0,138.0,142.0,144.0,147.0,155.0,167.0,inferred
Leicester,2021-09-27,138.5,151.0,158.0,161.0,164.0,169.0,175.0,180.0,185.0,188.0,191.0,201.0,215.5,inferred
Leicester,2021-09-28,128.0,140.0,147.0,150.0,153.0,157.0,162.0,167.0,172.0,175.0,179.0,187.0,203.0,inferred
Leicester,2021-09-29,127.0,138.0,145.0,149.0,151.7,156.0,161.0,165.4,171.0,174.0,177.0,186.0,202.0,inferred
Leicester,2021-09-30,120.0,132.0,140.0,143.0,146.0,151.0,156.0,161.0,165.0,168.0,172.0,180.0,193.0,inferred
Leicester,2021-10-01,108.0,119.0,126.0,129.0,131.0,136.0,140.0,144.0,148.0,151.0,153.0,163.0,175.0,inferred
Leicester,2021-10-02,89.0,99.0,105.0,107.0,110.0,114.0,118.0,122.0,127.0,129.0,131.0,139.0,149.0,inferred
Leicester,2021-10-03,94.0,105.0,111.0,114.0,117.0,121.0,126.0,129.0,133.0,136.0,140.0,148.0,161.5,inferred
Leicester,2021-10-04,133.0,145.0,153.0,156.0,158.0,163.0,169.0,174.0,178.0,182.0,186.0,194.0,207.0,inferred
Leicester,2021-10-05,125.0,137.0,145.0,148.0,150.7,155.0,160.0,165.0,170.0,173.0,177.0,186.0,201.0,inferred
Leicester,2021-10-06,127.0,138.0,146.0,149.0,151.0,156.0,161.0,165.0,170.3,173.0,176.0,186.0,201.0,inferred
Leicester,2021-10-07,123.0,133.0,141.0,143.0,146.0,151.0,155.0,160.0,165.0,168.0,171.0,179.0,193.0,inferred
Leicester,2021-10-08,111.0,120.9,128.0,130.0,132.0,136.0,141.0,145.0,150.0,153.0,156.0,163.1,177.0,inferred
Leicester,2021-10-09,93.0,101.0,107.0,110.0,112.0,116.6,121.0,124.4,129.0,131.0,135.0,143.0,155.5,inferred
Leicester,2021-10-10,99.0,109.0,116.0,118.0,121.0,125.0,129.0,133.0,138.0,141.0,144.0,151.0,165.0,inferred
Leicester,2021-10-11,138.0,151.0,160.0,162.8,166.0,170.0,176.0,181.0,187.0,190.0,194.0,203.0,220.0,inferred
Leicester,2021-10-12,127.5,140.0,149.0,152.0,155.0,161.0,166.0,171.0,177.0,179.0,183.0,192.0,203.0,inferred
Leicester,2021-10-13,127.0,138.0,146.0,149.0,152.0,157.0,161.0,166.0,171.0,174.0,178.0,188.0,203.0,inferred
Leicester,2021-10-14,117.0,128.0,136.0,140.0,142.0,147.0,152.0,157.0,162.0,165.0,169.0,178.0,193.0,inferred
Leicester,2021-10-15,102.0,112.0,119.8,122.0,124.0,129.0,133.0,138.0,144.0,146.0,149.0,158.1,173.0,inferred
Lewes,2021-07-03,15.0,19.0,23.0,24.0,25.0,27.6,30.0,32.0,34.0,36.0,38.0,42.0,49.0,inferred
Lewes,2021-07-04,18.5,23.0,26.0,27.0,29.0,31.0,33.0,36.0,38.0,40.0,42.0,46.0,54.0,inferred
Lewes,2021-07-05,30.0,36.0,40.0,42.0,43.0,46.0,49.0,51.0,54.0,55.0,58.0,63.0,73.0,inferred
Lewes,2021-07-06,31.0,37.0,41.0,43.0,44.0,47.0,50.0,52.0,55.0,57.0,59.0,63.0,71.5,inferred
Lewes,2021-07-07,32.0,38.0,42.0,44.0,45.0,48.0,50.0,53.0,56.0,58.0,60.0,65.0,75.0,inferred
Lewes,2021-07-08,30.0,36.0,41.0,42.0,44.0,47.0,49.0,52.0,55.0,57.0,59.0,63.0,71.0,inferred
Lewes,2021-07-09,30.0,35.0,39.0,41.0,42.0,45.0,47.0,50.0,52.0,54.0,56.0,60.0,68.5,inferred
Lewes,2021-07-10,24.0,30.0,33.0,35.0,36.0,39.0,41.0,43.0,46.0,47.0,49.0,54.0,61.0,inferred
Lewes,2021-07-11,26.0,31.0,35.0,37.0,39.0,41.0,43.0,46.0,48.0,50.0,52.0,57.0,66.0,inferred
Lewes,2021-07-12,40.0,46.0,50.0,52.0,54.0,57.0,60.0,63.0,66.0,68.0,70.0,76.0,84.5,inferred
Lewes,2021-07-13,37.0,43.0,48.0,50.0,51.0,54.0,58.0,61.0,64.0,66.0,68.0,74.0,84.0,inferred
Lewes,2021-07-14,37.0,43.0,48.0,49.0,51.0,54.0,56.0,59.4,63.0,64.0,66.0,73.0,82.0,inferred
Lewes,2021-07-15,32.0,38.0,42.0,44.0,45.7,48.0,51.0,54.0,58.0,60.0,61.0,67.0,75.0,inferred
Lewes,2021-07-16,27.0,33.0,37.0,39.0,40.0,43.0,45.0,48.0,51.0,53.0,54.0,59.0,67.0,inferred
Lewes,2021-07-17,20.5,26.0,30.0,31.0,33.0,35.0,37.0,39.0,42.0,43.0,45.0,50.0,57.5,inferred
Lewes,2021-07-18,20.0,25.0,29.0,30.0,31.0,33.0,36.0,38.0,41.0,43.0,44.0,49.0,55.5,inferred
Lewes,2021-07-19,28.0,34.0,38.0,39.0,41.0,44.0,46.0,49.0,52.0,54.0,55.2,61.0,71.0,inferred
Lewes,2021-07-20,25.0,30.0,34.0,36.0,37.0,40.0,43.0,45.0,48.0,49.0,51.0,57.0,65.0,inferred
Lewes,2021-07-21,23.0,29.0,32.0,34.0,35.0,38.0,41.0,43.0,45.0,47.0,49.0,54.0,61.0,inferred
Lewes,2021-07-22,20.0,25.0,29.0,30.0,32.0,34.0,36.0,39.0,41.0,43.0,44.0,49.0,55.0,inferred
Lewes,2021-07-23,17.0,22.0,25.0,26.0,28.0,29.0,32.0,34.0,36.0,38.0,39.0,44.0,51.0,inferred
Lewes,2021-07-24,12.0,17.0,19.0,21.0,22.0,24.0,26.0,28.0,30.0,31.0,32.0,36.0,43.0,inferred
Lewes,2021-07-25,13.0,17.0,20.0,21.0,22.0,24.0,25.0,27.0,29.0,31.0,32.0,36.0,43.0,inferred
Lewes,2021-07-26,18.0,23.0,26.0,28.0,29.0,31.0,33.0,35.0,38.0,39.0,41.0,45.0,52.0,inferred
Lewes,2021-07-27,17.0,21.0,25.0,26.0,27.0,29.0,32.0,34.0,36.0,37.0,39.0,43.0,50.5,inferred
Lewes,2021-07-28,17.0,22.0,25.0,27.0,28.0,30.0,32.0,35.0,37.0,39.0,40.0,45.0,53.0,inferred
Lewes,2021-07-29,16.5,21.0,25.0,26.0,27.0,29.0,32.0,34.0,36.0,37.0,39.0,43.0,51.0,inferred
Lewes,2021-07-30,16.0,20.0,23.0,24.0,25.0,27.0,30.0,31.0,34.0,35.0,37.0,41.0,48.5,inferred
Lewes,2021-07-31,13.0,17.0,20.0,21.0,22.0,24.0,26.0,27.0,30.0,31.0,33.0,37.0,43.0,inferred
Lewes,2021-08-01,13.0,18.0,20.0,21.8,23.0,25.0,27.0,29.0,31.0,32.0,34.0,38.0,45.0,inferred
Lewes,2021-08-02,21.0,26.0,29.0,31.0,32.0,34.0,37.0,39.0,41.0,43.0,45.0,49.0,57.0,inferred
Lewes,2021-08-03,19.0,25.0,28.0,30.0,31.0,33.0,36.0,38.0,41.0,42.0,44.0,49.0,56.0,inferred
Lewes,2021-08-04,20.0,25.0,29.0,30.0,32.0,34.0,36.5,39.0,42.0,43.0,45.0,50.0,57.0,inferred
Lewes,2021-08-05,19.0,24.0,28.0,29.0,30.0,33.0,35.0,37.0,40.0,41.0,43.0,48.0,54.0,inferred
Lewes,2021-08-06,18.0,22.0,25.8,26.8,28.0,30.0,32.0,34.0,36.0,37.0,39.0,43.1,50.0,inferred
Lewes,2021-08-07,14.0,19.0,21.0,23.0,24.0,26.0,28.0,30.0,32.0,33.0,35.0,39.0,45.5,inferred
Lewes,2021-08-08,15.0,19.0,23.0,24.0,25.0,27.0,29.0,31.0,33.0,35.0,36.0,40.0,48.0,inferred
Lewes,2021-08-09,23.0,28.0,31.0,33.0,34.0,37.0,39.0,41.0,44.0,45.2,47.0,52.0,62.0,inferred
Lewes,2021-08-10,21.0,27.0,31.0,33.0,34.0,37.0,39.0,41.0,44.0,46.0,47.0,52.0,60.0,inferred
Lewes,2021-08-11,23.5,29.0,32.0,33.0,35.0,38.0,40.0,43.0,46.0,47.0,49.0,54.0,62.0,inferred
Lewes,2021-08-12,22.5,28.0,32.0,33.0,35.0,37.0,40.0,42.0,45.0,46.0,48.0,53.0,61.0,inferred
Lewes,2021-08-13,22.0,27.0,30.0,32.0,33.0,36.0,38.0,40.0,43.0,44.0,46.0,51.0,58.0,inferred
Lewes,2021-08-14,18.0,23.0,26.0,27.0,29.0,31.0,33.0,35.4,38.0,39.0,41.0,45.0,53.0,inferred
Lewes,2021-08-15,20.0,24.0,28.0,29.0,30.0,33.0,35.0,37.0,39.0,41.0,43.0,48.0,56.0,inferred
Lewes,2021-08-16,29.0,35.0,39.0,40.8,42.0,45.0,48.0,50.0,53.0,55.0,57.0,63.0,71.0,inferred
Lewes,2021-08-17,28.5,34.0,38.0,40.0,41.0,44.0,46.0,49.0,52.0,53.0,56.0,61.0,70.0,inferred
Lewes,2021-08-18,27.5,33.0,38.0,39.0,40.0,43.0,46.0,49.0,52.0,54.0,56.0,60.0,69.0,inferred
Lewes,2021-08-19,25.0,30.0,34.0,36.0,37.0,40.0,42.0,45.0,48.0,50.0,52.0,57.0,65.0,inferred
Lewes,2021-08-20,22.5,27.0,31.0,32.0,34.0,36.0,38.0,41.0,43.0,45.0,47.0,51.0,58.5,inferred
Lewes,2021-08-21,17.0,22.0,25.0,27.0,28.0,30.0,32.0,34.0,37.0,38.0,40.0,44.0,51.0,inferred
Lewes,2021-08-22,17.0,21.0,25.0,27.0,28.0,30.0,32.0,34.0,36.0,38.0,39.0,43.0,50.0,inferred
Lewes,2021-08-23,25.0,30.0,34.0,35.0,36.0,39.0,42.0,45.0,47.3,49.0,51.0,56.0,64.0,inferred
Lewes,2021-08-24,24.0,28.0,32.0,34.0,35.0,38.0,40.0,43.0,45.0,47.0,49.0,54.0,60.0,inferred
Lewes,2021-08-25,23.0,28.0,32.0,34.0,35.0,38.0,40.0,43.0,45.0,47.0,48.0,53.0,61.5,inferred
Lewes,2021-08-26,22.0,27.0,31.0,32.0,33.0,36.0,38.0,40.0,43.0,44.0,46.0,50.0,58.5,inferred
Lewes,2021-08-27,19.5,25.0,28.0,30.0,31.0,33.0,35.0,37.0,40.0,41.0,43.0,47.0,55.0,inferred
Lewes,2021-08-28,16.0,20.0,23.0,25.0,26.0,28.0,30.0,32.0,35.0,36.0,37.0,42.0,49.0,inferred
Lewes,2021-08-29,16.0,22.0,24.0,26.0,27.0,29.0,31.0,33.0,36.0,37.0,39.0,44.0,49.0,inferred
Lewes,2021-08-30,25.0,30.0,34.0,36.0,37.0,39.0,42.0,44.0,47.0,49.0,51.0,56.0,63.0,inferred
Lewes,2021-08-31,23.5,29.0,33.0,34.0,36.0,38.0,41.0,44.0,46.0,48.0,49.0,54.0,61.0,inferred
Lewes,2021-09-01,22.5,28.0,31.0,33.0,34.0,36.0,39.0,41.0,44.0,46.0,47.0,52.0,61.0,inferred
Lewes,2021-09-02,21.0,25.0,29.0,30.0,32.0,34.0,36.0,39.0,41.0,43.0,44.0,48.1,55.5,inferred
Lewes,2021-09-03,18.0,22.0,25.0,27.0,28.0,30.0,32.0,34.0,37.0,38.0,39.0,44.0,50.0,inferred
Lewes,2021-09-04,13.0,18.0,20.0,21.0,22.0,24.0,26.0,28.0,31.0,32.0,34.0,38.0,45.0,inferred
Lewes,2021-09-05,14.0,17.0,20.0,21.0,22.0,24.0,26.0,28.0,30.0,32.0,33.0,37.0,43.0,inferred
Lewes,2021-09-06,19.0,24.0,27.0,29.0,30.0,32.0,35.0,37.0,39.0,41.0,42.0,46.0,53.0,inferred
Lewes,2021-09-07,17.0,21.0,24.0,26.0,27.0,29.0,31.0,33.0,36.0,37.0,39.0,43.0,52.0,inferred
Lewes,2021-09-08,16.0,20.0,23.0,24.0,25.0,27.0,29.0,31.0,34.0,35.0,37.0,41.0,47.0,inferred
Lewes,2021-09-09,13.0,16.0,19.0,20.0,21.0,23.0,25.0,27.0,30.0,31.0,32.0,36.0,43.0,inferred
Lewes,2021-09-10,10.0,14.0,17.0,18.0,19.0,21.0,22.0,24.0,26.0,27.0,29.0,32.0,38.0,inferred
Lewes,2021-09-11,7.0,10.0,13.0,14.0,14.0,16.0,17.0,19.0,21.0,22.0,23.0,26.0,32.0,inferred
Lewes,2021-09-12,7.0,10.0,12.0,13.0,14.0,15.0,17.0,19.0,20.0,21.0,23.0,26.0,31.0,inferred
Lewes,2021-09-13,10.0,13.0,15.0,16.0,17.0,19.0,21.0,23.0,25.0,26.0,27.0,31.0,38.0,inferred
Lewes,2021-09-14,9.0,12.0,15.0,16.0,17.0,18.0,20.0,22.0,24.0,25.0,27.0,30.0,37.0,inferred
Lewes,2021-09-15,9.0,12.0,14.0,16.0,16.0,18.0,20.0,22.0,24.0,25.0,26.0,29.0,36.0,inferred
Lewes,2021-09-16,9.0,12.0,14.0,15.0,16.0,18.0,19.0,21.0,23.0,24.0,25.0,29.0,35.5,inferred
Lewes,2021-09-17,9.0,11.0,13.0,14.0,15.0,17.0,18.0,20.0,22.0,23.0,24.0,27.0,33.0,inferred
Lewes,2021-09-18,6.0,10.0,12.0,13.0,13.0,15.0,16.0,18.0,20.0,21.0,22.0,25.0,31.0,inferred
Lewes,2021-09-19,7.0,10.0,12.0,13.0,14.0,15.6,17.0,19.0,20.0,21.0,23.0,26.0,31.0,inferred
Lewes,2021-09-20,11.0,15.0,18.0,19.0,20.0,22.0,24.0,26.0,28.0,29.0,30.0,34.0,40.0,inferred
Lewes,2021-09-21,11.0,15.0,18.0,19.0,20.0,22.0,23.0,25.0,27.0,28.0,30.0,34.0,39.0,inferred
Lewes,2021-09-22,11.0,15.0,18.0,19.0,20.0,22.0,24.0,25.0,27.0,29.0,30.0,34.0,40.0,inferred
Lewes,2021-09-23,11.0,14.0,17.0,18.0,19.0,21.0,23.0,25.0,27.0,28.0,29.0,33.0,40.0,inferred
Lewes,2021-09-24,10.0,14.0,16.0,17.0,18.0,20.0,22.0,24.0,26.0,27.0,29.0,32.0,39.0,inferred
Lewes,2021-09-25,8.0,11.0,14.0,15.0,16.0,18.0,19.0,21.0,23.0,24.0,25.0,29.0,35.0,inferred
Lewes,2021-09-26,10.0,13.0,15.0,16.0,17.0,19.0,20.0,22.0,24.0,25.0,26.0,30.0,36.0,inferred
Lewes,2021-09-27,14.0,18.0,21.0,22.0,23.0,25.0,27.0,30.0,32.0,33.0,34.0,38.0,44.0,inferred
Lewes,2021-09-28,13.0,17.0,20.0,22.0,23.0,25.0,27.0,29.0,31.0,32.0,34.0,38.0,45.0,inferred
Lewes,2021-09-29,13.0,18.0,21.0,22.0,23.0,25.0,27.0,29.0,31.3,33.0,34.0,39.0,45.0,inferred
Lewes,2021-09-30,13.0,17.0,20.0,21.0,22.0,24.0,27.0,28.4,31.0,32.0,33.0,38.0,44.5,inferred
Lewes,2021-10-01,12.0,16.0,19.0,19.8,20.7,23.0,25.0,27.0,29.0,30.0,31.0,35.0,41.0,inferred
Lewes,2021-10-02,10.0,13.0,16.0,17.0,18.0,19.0,21.0,23.0,25.0,26.0,28.0,32.0,39.0,inferred
Lewes,2021-10-03,10.0,14.0,17.0,18.0,19.0,21.0,23.0,24.0,26.0,28.0,29.0,33.0,40.0,inferred
Lewes,2021-10-04,17.0,21.0,25.0,26.0,27.0,29.0,31.0,34.0,36.0,37.0,39.0,44.0,51.0,inferred
Lewes,2021-10-05,16.0,21.0,25.0,26.0,27.0,30.0,32.0,34.0,36.0,38.0,39.0,44.0,50.0,inferred
Lewes,2021-10-06,19.0,24.0,27.0,28.0,29.0,32.0,33.5,36.0,38.0,40.0,42.0,45.0,53.0,inferred
Lewes,2021-10-07,19.0,24.0,26.8,28.0,29.0,32.0,34.0,37.0,39.0,40.0,42.0,47.0,54.0,inferred
Lewes,2021-10-08,18.0,23.0,26.0,28.0,29.0,31.0,33.0,36.0,38.0,40.0,41.0,46.0,54.0,inferred
Lewes,2021-10-09,17.0,21.0,24.0,25.0,26.0,28.0,31.0,33.0,35.0,37.0,38.0,42.0,49.0,inferred
Lewes,2021-10-10,18.0,23.0,27.0,28.0,29.0,32.0,34.0,35.0,38.0,39.2,41.0,46.0,53.5,inferred
Lewes,2021-10-11,29.0,35.0,39.0,41.0,42.0,45.0,48.0,51.0,53.0,55.0,57.0,61.1,71.0,inferred
Lewes,2021-10-12,30.0,36.0,41.0,42.0,43.0,46.0,49.0,52.0,55.0,57.0,59.0,65.0,73.0,inferred
Lewes,2021-10-13,33.0,39.0,43.0,45.0,46.0,49.0,52.0,55.0,59.0,61.0,63.0,68.0,77.0,inferred
Lewes,2021-10-14,33.0,39.0,43.0,45.0,46.7,49.0,52.0,55.0,58.0,60.0,62.0,68.0,78.0,inferred
Lewes,2021-10-15,31.0,37.0,42.0,44.0,45.0,48.0,51.0,54.0,57.0,59.0,61.0,67.0,77.5,inferred
Lewisham,2021-07-03,68.0,77.0,82.0,85.0,87.0,91.0,95.0,99.0,103.0,105.0,108.0,116.0,130.0,inferred
Lewisham,2021-07-04,74.5,84.0,90.0,93.0,95.0,98.0,102.0,106.0,111.0,114.0,117.0,124.0,136.0,inferred
Lewisham,2021-07-05,116.0,125.0,134.0,137.0,139.0,144.0,149.0,153.0,159.0,162.0,166.0,174.1,187.0,inferred
Lewisham,2021-07-06,116.5,129.0,136.0,140.0,142.0,147.0,151.0,155.0,161.0,163.0,167.0,176.0,189.5,inferred
Lewisham,2021-07-07,129.0,140.0,148.0,150.0,153.0,158.0,163.0,167.0,172.0,175.0,178.0,187.0,200.0,inferred
Lewisham,2021-07-08,129.5,142.0,149.0,152.0,155.0,160.0,165.0,170.0,175.0,178.0,181.0,189.0,203.5,inferred
Lewisham,2021-07-09,125.0,138.0,145.0,148.0,151.0,156.0,160.0,164.0,169.0,172.0,176.0,185.1,198.0,inferred
Lewisham,2021-07-10,112.0,124.0,131.0,134.0,136.0,141.0,145.0,150.0,155.0,157.0,161.0,169.0,184.0,inferred
Lewisham,2021-07-11,119.5,131.0,139.0,142.0,145.0,151.0,156.0,160.0,166.0,168.0,171.2,180.0,197.0,inferred
Lewisham,2021-07-12,179.5,194.0,202.8,207.0,210.0,217.0,223.0,229.0,234.3,239.0,242.0,253.0,270.0,inferred
Lewisham,2021-07-13,175.0,190.0,199.0,204.0,207.0,213.0,219.0,226.0,232.0,235.0,239.0,249.0,265.0,inferred
Lewisham,2021-07-14,180.0,194.0,203.0,207.0,210.0,216.0,222.0,227.0,234.0,237.0,241.0,251.0,268.0,inferred
Lewisham,2021-07-15,169.0,184.0,193.0,196.0,199.0,205.0,211.0,216.0,222.0,226.0,230.0,241.0,255.0,inferred
Lewisham,2021-07-16,152.0,165.0,173.0,177.0,180.0,186.0,191.0,196.0,201.0,204.0,208.0,218.0,235.0,inferred
Lewisham,2021-07-17,124.5,136.0,144.0,147.0,150.0,154.0,160.0,164.0,170.0,173.0,176.0,185.0,200.0,inferred
Lewisham,2021-07-18,121.0,133.0,141.0,144.0,147.0,151.0,156.0,161.0,167.0,169.0,173.0,181.0,196.0,inferred
Lewisham,2021-07-19,171.0,184.0,192.0,195.0,198.0,204.0,210.0,216.0,222.0,226.0,229.0,240.0,257.0,inferred
Lewisham,2021-07-20,152.0,166.0,177.0,180.0,183.0,188.0,193.0,199.0,204.0,207.0,211.0,222.0,235.5,inferred
Lewisham,2021-07-21,142.0,157.0,166.0,169.0,172.0,178.0,183.0,188.0,193.0,197.0,201.0,210.0,225.0,inferred
Lewisham,2021-07-22,126.0,139.0,148.0,151.0,154.0,158.0,163.0,168.0,173.3,177.0,180.0,189.0,202.5,inferred
Lewisham,2021-07-23,107.0,117.0,125.0,128.0,130.0,135.0,139.0,144.0,148.0,151.0,155.0,162.0,176.5,inferred
Lewisham,2021-07-24,81.5,90.0,97.0,99.0,102.0,106.6,110.0,114.4,119.0,121.0,124.0,131.0,143.0,inferred
Lewisham,2021-07-25,74.0,84.0,90.0,93.0,95.0,100.0,103.0,107.0,111.0,114.0,117.0,124.0,135.0,inferred
Lewisham,2021-07-26,99.0,110.0,117.0,120.0,123.0,127.0,132.0,135.0,141.0,144.0,147.0,156.0,169.5,inferred
Lewisham,2021-07-27,92.5,103.0,110.0,113.0,115.0,120.0,124.0,129.0,134.0,136.0,139.0,147.0,160.0,inferred
Lewisham,2021-07-28,96.0,107.0,115.0,117.0,119.0,124.0,129.0,133.0,138.0,141.0,144.0,152.0,165.0,inferred
Lewisham,2021-07-29,95.0,106.0,113.0,116.0,119.0,123.0,127.0,132.0,137.0,140.0,142.2,150.0,162.5,inferred
Lewisham,2021-07-30,88.0,99.0,106.0,109.0,111.0,116.0,120.0,123.0,128.0,131.0,134.0,142.0,155.5,inferred
Lewisham,2021-07-31,76.0,86.0,92.0,95.0,97.0,101.0,105.0,109.0,113.0,115.0,117.0,124.1,138.0,inferred
Lewisham,2021-08-01,80.0,88.0,95.0,97.0,99.0,103.0,108.0,111.0,116.0,118.0,121.0,129.0,141.0,inferred
Lewisham,2021-08-02,115.0,127.0,135.0,139.0,141.0,146.0,150.0,155.0,161.0,164.0,167.0,175.0,188.0,inferred
Lewisham,2021-08-03,111.0,123.0,130.0,134.0,137.0,141.0,146.0,151.0,157.0,159.0,162.2,171.0,185.0,inferred
Lewisham,2021-08-04,116.0,127.0,135.0,137.0,140.0,145.0,149.0,154.0,159.0,162.0,165.0,174.0,187.0,inferred
Lewisham,2021-08-05,111.5,124.0,130.0,133.0,136.0,141.0,146.0,151.0,156.0,159.0,162.0,170.0,186.0,inferred
Lewisham,2021-08-06,103.0,113.0,120.0,123.0,126.0,131.0,134.5,139.0,144.0,146.0,150.0,157.0,169.0,inferred
Lewisham,2021-08-07,86.0,95.0,102.0,105.0,108.0,112.0,117.0,121.0,125.0,127.0,131.0,138.0,150.0,inferred
Lewisham,2021-08-08,87.5,97.0,104.0,107.0,109.0,113.6,118.0,122.0,127.0,129.0,132.0,140.0,153.5,inferred
Lewisham,2021-08-09,125.5,137.0,145.0,148.0,151.0,156.0,161.0,166.0,172.0,175.0,178.0,187.1,203.0,inferred
Lewisham,2021-08-10,118.0,130.9,139.0,142.0,145.0,149.0,153.0,158.0,163.0,166.0,170.0,179.0,196.0,inferred
Lewisham,2021-08-11,118.0,131.0,138.0,142.0,144.0,150.0,154.0,159.0,164.0,167.0,171.0,181.0,197.0,inferred
Lewisham,2021-08-12,112.0,123.0,131.0,134.0,136.0,141.0,146.0,150.0,155.0,158.0,161.0,169.0,185.0,inferred
Lewisham,2021-08-13,97.0,109.0,116.0,118.0,121.0,125.0,129.0,134.0,138.3,141.0,144.0,152.0,164.0,inferred
Lewisham,2021-08-14,80.0,90.0,96.0,98.0,101.0,105.0,108.0,113.0,117.0,120.0,122.0,129.0,142.0,inferred
Lewisham,2021-08-15,78.0,88.0,93.8,96.0,98.0,102.0,106.0,110.0,114.0,116.0,120.0,126.0,137.0,inferred
Lewisham,2021-08-16,107.0,120.0,127.8,130.0,133.0,139.0,144.0,148.0,153.0,156.0,159.0,168.0,181.0,inferred
Lewisham,2021-08-17,102.0,111.0,118.0,121.0,124.0,129.0,133.0,138.0,143.0,146.0,148.0,156.0,170.0,inferred
Lewisham,2021-08-18,100.0,110.0,117.0,121.0,123.0,127.0,132.0,136.0,141.0,144.0,147.0,155.0,168.5,inferred
Lewisham,2021-08-19,92.0,103.0,110.0,113.0,115.0,119.0,123.0,127.0,131.0,134.0,137.0,145.0,159.0,inferred
Lewisham,2021-08-20,82.0,89.0,97.0,99.0,101.0,105.0,109.0,113.0,118.0,121.0,123.0,131.0,143.0,inferred
Lewisham,2021-08-21,65.0,74.0,79.0,81.0,83.0,87.0,91.0,94.0,98.0,101.0,104.0,111.0,122.5,inferred
Lewisham,2021-08-22,62.0,72.0,78.0,80.0,81.0,85.0,88.0,92.0,96.0,98.0,100.0,108.0,119.0,inferred
Lewisham,2021-08-23,86.0,97.0,103.0,106.0,108.0,113.0,117.0,122.0,126.0,129.0,131.0,139.0,152.0,inferred
Lewisham,2021-08-24,80.5,90.0,96.0,99.0,101.0,105.0,110.0,114.0,118.3,121.0,124.0,131.1,145.0,inferred
Lewisham,2021-08-25,81.0,90.0,97.0,100.0,102.0,106.0,110.0,114.0,118.0,120.0,123.0,130.0,142.5,inferred
Lewisham,2021-08-26,77.0,86.0,92.0,94.8,97.0,101.0,105.0,110.0,114.0,117.0,119.0,126.0,141.0,inferred
Lewisham,2021-08-27,70.0,78.0,84.0,86.0,88.0,91.0,95.0,99.0,103.0,106.0,108.0,115.0,129.0,inferred
Lewisham,2021-08-28,58.0,65.0,71.0,73.0,75.0,78.0,81.0,85.0,89.0,91.0,93.0,99.0,109.0,inferred
Lewisham,2021-08-29,56.5,64.0,69.0,71.0,73.0,76.0,80.0,83.4,87.3,90.0,92.0,98.0,109.0,inferred
Lewisham,2021-08-30,81.0,90.0,96.0,98.0,100.0,105.0,109.0,112.0,117.0,120.0,123.0,131.0,144.0,inferred
Lewisham,2021-08-31,76.5,86.9,93.0,95.0,97.0,101.0,104.5,109.0,113.0,116.0,120.0,127.0,139.0,inferred
Lewisham,2021-09-01,80.0,88.0,94.0,97.0,99.0,103.0,107.5,111.0,115.0,117.0,120.0,127.0,140.0,inferred
Lewisham,2021-09-02,74.5,85.0,91.0,93.0,96.0,101.0,105.0,109.0,113.0,116.0,118.0,126.0,136.5,inferred
Lewisham,2021-09-03,68.0,78.0,84.0,86.0,88.0,91.0,96.0,100.0,104.0,106.0,109.0,116.0,126.5,inferred
Lewisham,2021-09-04,59.0,66.0,72.0,75.0,76.0,80.0,83.0,86.0,89.0,91.0,94.0,100.0,110.0,inferred
Lewisham,2021-09-05,59.0,67.0,72.0,74.0,76.0,80.0,83.0,86.0,90.0,93.0,95.0,101.0,111.0,inferred
Lewisham,2021-09-06,83.0,92.0,100.0,102.0,104.0,109.0,113.0,117.0,122.0,124.0,127.0,134.0,147.0,inferred
Lewisham,2021-09-07,78.5,87.0,94.0,96.0,98.0,102.6,107.0,111.0,115.0,118.0,121.0,128.0,138.0,inferred
Lewisham,2021-09-08,75.5,85.0,91.0,93.0,95.0,99.0,103.0,107.0,112.0,114.0,116.0,124.0,135.0,inferred
Lewisham,2021-09-09,68.0,77.0,84.0,86.0,88.0,92.0,96.0,100.0,104.0,106.0,109.0,116.0,127.0,inferred
Lewisham,2021-09-10,58.5,66.0,72.0,74.0,75.0,79.0,82.0,86.0,89.0,92.0,94.0,100.0,110.0,inferred
Lewisham,2021-09-11,47.0,53.0,57.0,59.0,61.0,64.0,67.0,71.0,74.0,77.0,79.0,85.0,93.5,inferred
Lewisham,2021-09-12,42.0,48.0,53.0,56.0,57.0,61.0,64.0,67.0,71.0,73.0,75.0,81.0,89.5,inferred
Lewisham,2021-09-13,56.0,65.0,71.0,73.0,75.0,79.0,82.0,86.0,90.0,92.0,94.0,101.0,112.0,inferred
Lewisham,2021-09-14,53.0,62.0,67.0,70.0,72.0,75.0,78.0,82.0,85.0,87.0,90.0,96.0,105.0,inferred
Lewisham,2021-09-15,54.5,63.0,68.0,71.0,73.0,76.0,79.0,83.0,86.0,88.0,90.0,97.0,106.0,inferred
Lewisham,2021-09-16,52.0,61.0,66.0,68.0,70.0,74.0,78.0,81.0,84.0,86.0,88.0,94.0,104.5,inferred
Lewisham,2021-09-17,48.0,55.0,61.0,63.0,65.0,68.0,71.0,74.0,78.0,80.0,82.0,88.0,98.0,inferred
Lewisham,2021-09-18,39.0,46.0,52.0,53.0,55.0,58.0,61.0,64.0,67.0,69.0,71.0,77.0,87.0,inferred
Lewisham,2021-09-19,42.0,48.0,53.0,54.0,56.0,59.0,62.0,65.0,69.0,71.0,73.0,79.0,88.0,inferred
Lewisham,2021-09-20,60.0,69.0,74.0,76.0,78.0,82.0,85.0,89.0,92.0,95.0,97.0,104.0,115.0,inferred
Lewisham,2021-09-21,57.0,65.0,70.0,72.0,74.0,78.0,82.0,86.0,89.0,91.0,94.0,100.0,111.5,inferred
Lewisham,2021-09-22,58.0,65.0,71.0,73.0,75.0,78.0,81.5,85.0,89.0,90.0,93.0,99.0,111.0,inferred
Lewisham,2021-09-23,52.0,61.0,66.0,68.0,70.0,74.0,77.0,80.0,84.0,86.0,87.0,94.0,105.0,inferred
Lewisham,2021-09-24,47.0,54.0,59.0,61.0,62.0,66.0,69.0,72.0,76.0,78.0,81.0,87.0,97.0,inferred
Lewisham,2021-09-25,37.0,45.0,49.0,50.0,52.0,55.0,58.0,60.0,64.0,66.0,69.0,74.0,82.0,inferred
Lewisham,2021-09-26,37.0,44.0,49.0,50.0,52.0,55.0,57.0,60.0,63.0,65.0,67.0,73.0,82.5,inferred
Lewisham,2021-09-27,53.0,61.0,67.0,69.0,71.7,75.0,78.0,81.0,85.0,88.0,90.0,97.0,106.0,inferred
Lewisham,2021-09-28,51.0,59.0,63.0,65.0,68.0,71.0,75.0,78.0,82.0,84.0,86.0,93.0,105.5,inferred
Lewisham,2021-09-29,51.0,59.0,65.0,66.0,68.0,72.0,75.0,78.0,82.0,83.2,86.0,92.0,103.0,inferred
Lewisham,2021-09-30,50.0,57.0,62.0,64.0,66.0,69.0,72.0,76.0,79.0,81.0,83.0,90.0,100.0,inferred
Lewisham,2021-10-01,44.0,51.9,56.0,58.8,60.0,64.0,66.0,69.0,73.0,75.0,77.0,82.0,90.5,inferred
Lewisham,2021-10-02,36.0,43.0,47.0,49.0,51.0,53.0,56.0,59.0,63.0,64.0,66.0,71.0,79.0,inferred
Lewisham,2021-10-03,35.0,43.0,48.0,49.0,51.0,54.0,56.5,60.0,63.0,65.0,67.0,72.0,81.5,inferred
Lewisham,2021-10-04,52.0,61.0,66.0,69.0,70.0,74.0,77.0,81.0,84.0,86.0,89.0,95.0,104.5,inferred
Lewisham,2021-10-05,51.0,59.0,65.0,67.0,69.0,73.0,76.0,79.0,83.0,85.0,87.0,92.1,102.0,inferred
Lewisham,2021-10-06,53.0,61.0,67.0,69.0,71.0,74.0,78.0,81.0,85.0,87.0,89.0,95.0,105.0,inferred
Lewisham,2021-10-07,54.0,60.0,66.0,68.0,70.0,73.0,76.0,80.0,83.0,86.0,88.2,94.0,105.0,inferred
Lewisham,2021-10-08,48.0,56.0,61.0,63.0,65.0,69.0,72.0,75.0,78.0,81.0,83.0,89.0,99.5,inferred
Lewisham,2021-10-09,41.0,49.0,54.0,55.0,57.0,59.0,62.0,66.0,69.0,71.0,73.0,79.0,88.0,inferred
Lewisham,2021-10-10,42.0,50.0,55.0,56.0,58.7,62.0,64.0,67.0,71.0,73.0,75.0,81.0,89.0,inferred
Lewisham,2021-10-11,63.0,71.0,77.8,80.0,82.0,86.0,89.0,93.0,97.0,100.0,103.0,109.0,120.0,inferred
Lewisham,2021-10-12,61.0,70.0,76.0,78.0,80.0,84.0,87.0,91.0,96.0,98.0,100.0,107.0,118.0,inferred
Lewisham,2021-10-13,62.0,71.0,77.0,79.0,81.0,85.0,89.0,93.0,97.0,99.0,102.0,109.0,120.0,inferred
Lewisham,2021-10-14,59.5,69.0,75.0,77.0,79.0,83.0,87.0,90.4,95.0,97.0,100.0,106.0,118.0,inferred
Lewisham,2021-10-15,54.0,62.0,68.0,70.0,72.0,76.0,79.0,83.0,86.0,89.0,91.0,99.0,110.0,inferred
Lichfield,2021-07-03,21.5,26.0,30.0,31.0,32.0,35.0,38.0,40.0,42.0,44.0,46.0,50.0,57.5,inferred
Lichfield,2021-07-04,24.5,29.0,33.0,35.0,36.0,39.0,41.0,44.0,47.0,48.0,50.0,55.0,62.0,inferred
Lichfield,2021-07-05,37.0,44.0,48.0,50.0,52.0,55.0,58.0,61.0,64.0,66.0,68.0,73.0,84.0,inferred
Lichfield,2021-07-06,38.0,44.0,49.0,50.0,52.0,55.0,58.0,61.0,64.0,66.0,68.0,73.0,83.0,inferred
Lichfield,2021-07-07,39.0,47.0,51.0,53.0,55.0,58.0,61.0,64.0,67.0,69.0,71.0,77.0,86.0,inferred
Lichfield,2021-07-08,41.0,49.0,53.0,55.0,57.0,60.0,62.0,65.0,69.0,71.0,73.0,79.0,88.0,inferred
Lichfield,2021-07-09,39.0,46.0,50.0,52.0,54.0,57.0,61.0,64.0,67.0,69.0,70.0,76.0,85.0,inferred
Lichfield,2021-07-10,34.0,41.0,46.0,48.0,49.0,52.0,55.0,58.0,61.0,63.0,65.0,71.0,80.5,inferred
Lichfield,2021-07-11,41.0,48.0,53.0,55.0,57.0,60.0,63.0,66.0,70.0,72.0,75.0,80.0,91.5,inferred
Lichfield,2021-07-12,62.5,71.0,78.0,81.0,83.0,87.0,91.0,95.0,99.0,101.0,105.0,111.0,122.0,inferred
Lichfield,2021-07-13,62.0,69.9,76.0,78.0,80.0,84.0,87.0,91.0,95.0,98.0,101.0,108.0,119.0,inferred
Lichfield,2021-07-14,60.5,68.0,73.0,76.0,78.0,82.0,86.0,89.0,93.0,96.0,99.0,105.0,117.0,inferred
Lichfield,2021-07-15,54.0,62.0,68.0,70.0,72.0,76.0,79.0,83.0,87.0,89.0,92.0,99.0,110.0,inferred
Lichfield,2021-07-16,46.0,52.0,58.0,60.0,62.0,65.0,69.0,72.0,76.0,78.0,80.0,86.0,97.0,inferred
Lichfield,2021-07-17,37.0,42.0,47.0,49.0,51.0,54.0,56.0,59.0,63.0,65.0,67.0,72.0,82.0,inferred
Lichfield,2021-07-18,35.0,42.0,47.0,49.0,51.0,54.0,56.0,59.0,63.0,65.0,67.0,73.0,81.5,inferred
Lichfield,2021-07-19,50.0,57.0,62.0,64.0,67.0,70.0,73.0,77.0,81.0,83.0,86.0,92.0,100.0,inferred
Lichfield,2021-07-20,43.0,50.0,55.0,57.0,59.0,62.0,65.0,68.0,72.3,75.0,76.0,82.0,91.0,inferred
Lichfield,2021-07-21,36.5,45.0,50.0,52.0,53.0,56.0,60.0,63.0,66.0,68.0,70.0,76.0,86.0,inferred
Lichfield,2021-07-22,32.0,39.0,43.0,45.0,47.0,49.0,52.0,55.0,58.0,60.0,61.0,67.1,77.0,inferred
Lichfield,2021-07-23,24.0,30.0,34.0,36.0,37.0,40.0,43.0,45.0,48.0,50.0,51.0,56.0,65.0,inferred
Lichfield,2021-07-24,17.0,22.0,26.0,27.0,28.0,31.0,33.0,35.0,38.0,39.0,41.0,45.0,51.0,inferred
Lichfield,2021-07-25,16.0,21.0,24.8,26.0,27.0,29.0,32.0,34.0,36.0,37.0,39.0,43.0,50.5,inferred
Lichfield,2021-07-26,22.0,27.0,31.0,33.0,34.0,37.0,39.0,42.0,45.0,46.0,48.0,53.0,62.0,inferred
Lichfield,2021-07-27,19.0,24.0,28.0,29.0,31.0,33.0,35.0,37.0,40.0,41.0,43.0,48.0,56.0,inferred
Lichfield,2021-07-28,19.0,24.0,28.0,29.0,31.0,33.0,35.0,38.0,40.0,42.0,44.0,48.0,57.0,inferred
Lichfield,2021-07-29,20.0,25.0,28.0,30.0,31.0,33.0,36.0,38.0,41.0,42.0,44.0,49.0,57.0,inferred
Lichfield,2021-07-30,17.5,22.0,26.0,27.0,28.0,30.0,33.0,35.0,38.0,39.0,41.0,45.0,53.0,inferred
Lichfield,2021-07-31,15.0,20.0,22.0,24.0,25.0,27.0,29.0,31.0,34.0,35.0,36.0,41.0,47.0,inferred
Lichfield,2021-08-01,17.0,21.0,24.0,26.0,27.0,29.0,31.0,33.0,36.0,37.0,39.0,44.0,50.0,inferred
Lichfield,2021-08-02,26.0,32.0,35.0,37.0,38.0,41.0,44.0,46.0,49.0,51.0,53.0,58.0,65.0,inferred
Lichfield,2021-08-03,24.0,29.0,33.0,35.0,36.0,39.0,41.5,44.0,47.0,48.0,50.0,55.0,62.5,inferred
Lichfield,2021-08-04,25.0,30.9,34.0,36.0,37.0,40.0,42.0,45.0,48.0,49.2,51.0,56.0,64.0,inferred
Lichfield,2021-08-05,24.0,30.0,34.0,35.0,36.0,39.0,41.0,44.0,47.0,48.0,50.0,55.0,62.0,inferred
Lichfield,2021-08-06,21.0,26.0,30.0,31.0,33.0,35.0,38.0,40.0,43.0,44.0,46.0,50.0,58.0,inferred
Lichfield,2021-08-07,17.0,22.0,25.0,26.0,27.0,30.0,32.0,34.0,37.0,38.0,40.0,44.0,51.0,inferred
Lichfield,2021-08-08,19.0,24.0,27.0,29.0,30.0,32.0,34.0,37.0,39.0,40.0,42.0,47.0,54.0,inferred
Lichfield,2021-08-09,28.0,34.0,38.0,40.0,41.0,44.0,46.0,49.0,52.0,54.0,56.2,62.0,71.0,inferred
Lichfield,2021-08-10,27.0,33.0,37.0,38.0,40.0,42.0,45.0,47.0,51.0,53.0,54.0,60.0,70.0,inferred
Lichfield,2021-08-11,27.0,33.0,37.0,39.0,40.0,43.0,45.0,48.0,51.0,53.0,55.0,60.0,68.0,inferred
Lichfield,2021-08-12,25.0,32.0,36.0,38.0,39.0,42.0,45.0,47.0,50.0,51.2,53.0,59.0,66.0,inferred
Lichfield,2021-08-13,22.5,28.9,32.0,34.0,35.0,37.0,40.0,43.0,45.0,47.0,49.0,54.0,63.0,inferred
Lichfield,2021-08-14,19.0,24.9,28.0,29.0,31.0,33.0,35.0,37.0,40.0,41.0,43.0,47.0,54.0,inferred
Lichfield,2021-08-15,22.0,27.0,30.0,32.0,33.0,35.0,38.0,40.0,43.0,45.0,46.2,51.0,60.0,inferred
Lichfield,2021-08-16,30.0,38.0,43.0,44.0,46.0,49.0,52.0,55.0,58.0,60.0,62.0,67.0,77.0,inferred
Lichfield,2021-08-17,30.0,37.0,41.0,43.0,44.0,47.0,50.0,53.0,56.0,58.0,60.0,66.0,76.0,inferred
Lichfield,2021-08-18,31.0,38.0,42.0,44.0,46.0,49.0,52.0,54.0,57.0,59.0,61.0,66.1,77.5,inferred
Lichfield,2021-08-19,31.0,36.0,41.0,43.0,44.0,47.0,50.0,53.0,55.0,57.0,59.0,64.1,74.0,inferred
Lichfield,2021-08-20,27.0,33.0,37.0,38.0,40.0,43.0,45.0,48.0,51.0,53.0,55.0,61.0,69.0,inferred
Lichfield,2021-08-21,22.0,28.0,32.0,33.0,34.0,37.0,40.0,42.0,45.0,46.0,48.0,53.0,61.0,inferred
Lichfield,2021-08-22,24.0,30.0,34.0,35.0,37.0,39.0,42.0,45.0,48.0,49.0,50.0,56.0,65.0,inferred
Lichfield,2021-08-23,36.0,43.0,47.0,49.0,50.0,53.0,56.0,60.0,63.0,65.0,67.0,74.0,85.0,inferred
Lichfield,2021-08-24,33.0,39.0,44.0,46.0,48.0,51.0,54.0,57.0,60.0,62.0,64.0,70.0,78.0,inferred
Lichfield,2021-08-25,34.0,40.0,45.0,46.8,48.0,51.0,54.0,57.0,60.0,62.0,64.0,70.0,79.0,inferred
Lichfield,2021-08-26,33.0,39.0,43.0,45.0,46.0,49.0,53.0,55.0,58.0,60.0,62.0,69.0,80.0,inferred
Lichfield,2021-08-27,29.0,34.0,38.0,40.0,41.0,44.0,47.0,50.0,53.0,55.0,57.0,61.0,72.0,inferred
Lichfield,2021-08-28,24.0,29.0,33.0,34.0,36.0,38.0,40.0,43.0,45.0,47.0,49.0,54.0,62.0,inferred
Lichfield,2021-08-29,26.0,31.0,35.0,37.0,39.0,41.0,44.0,46.0,49.0,51.0,53.0,57.1,67.5,inferred
Lichfield,2021-08-30,39.0,46.0,51.0,53.0,55.0,58.0,61.0,64.0,67.0,69.0,71.0,78.0,87.0,inferred
Lichfield,2021-08-31,37.5,44.0,48.0,50.0,52.0,54.0,58.0,61.0,65.0,67.0,69.0,75.0,83.0,inferred
Lichfield,2021-09-01,38.0,45.0,49.0,51.0,53.0,56.0,59.0,62.0,66.0,68.0,70.0,76.0,86.0,inferred
Lichfield,2021-09-02,38.0,44.0,49.0,50.0,52.0,56.0,59.0,61.0,65.0,67.0,69.0,75.0,83.0,inferred
Lichfield,2021-09-03,33.0,40.0,45.0,46.0,48.0,51.0,54.0,56.0,59.0,61.0,63.0,69.0,78.0,inferred
Lichfield,2021-09-04,28.0,34.0,38.0,40.0,41.0,44.0,46.0,49.0,52.0,54.0,56.0,61.0,69.5,inferred
Lichfield,2021-09-05,32.0,37.9,41.0,43.0,45.0,48.0,51.0,53.0,56.0,59.0,60.0,65.0,74.0,inferred
Lichfield,2021-09-06,45.5,54.0,59.0,61.0,63.0,66.0,70.0,72.0,76.0,78.0,80.0,87.0,97.0,inferred
Lichfield,2021-09-07,43.0,51.0,56.0,58.0,60.0,63.0,66.0,70.0,73.0,75.0,78.0,84.0,93.0,inferred
Lichfield,2021-09-08,43.0,50.0,55.0,57.0,59.0,62.0,65.0,68.0,72.0,74.0,77.0,83.0,93.0,inferred
Lichfield,2021-09-09,39.0,47.0,52.0,54.0,56.0,59.0,62.0,66.0,70.0,71.2,73.0,79.0,90.0,inferred
Lichfield,2021-09-10,35.0,42.0,46.0,48.0,50.0,52.0,56.0,58.0,61.0,63.0,65.0,71.0,80.0,inferred
Lichfield,2021-09-11,28.0,34.0,38.0,40.0,41.0,44.0,47.0,49.0,52.0,54.0,56.0,61.0,69.0,inferred
Lichfield,2021-09-12,30.0,36.0,41.0,42.0,44.0,47.0,49.0,52.0,55.0,57.0,59.0,64.0,74.0,inferred
Lichfield,2021-09-13,43.0,51.0,56.0,58.0,60.0,63.0,66.0,70.0,73.0,75.0,77.0,84.0,93.5,inferred
Lichfield,2021-09-14,42.0,50.0,54.0,56.0,58.0,62.0,65.0,68.0,71.0,73.0,76.0,82.0,92.0,inferred
Lichfield,2021-09-15,46.0,53.0,58.0,60.0,62.0,66.0,69.0,73.0,76.0,78.0,80.0,87.0,98.0,inferred
Lichfield,2021-09-16,47.0,55.0,61.0,63.0,65.0,69.0,72.0,75.4,79.0,81.0,84.0,90.1,99.0,inferred
Lichfield,2021-09-17,46.0,53.0,59.0,61.0,63.0,66.0,69.0,73.0,76.0,78.0,80.0,87.0,98.0,inferred
Lichfield,2021-09-18,41.0,48.9,53.0,55.0,57.0,61.0,64.0,67.0,71.0,73.0,75.0,81.0,90.0,inferred
Lichfield,2021-09-19,47.5,57.0,62.0,64.0,66.0,69.6,73.0,76.0,79.0,82.0,84.0,91.0,100.0,inferred
Lichfield,2021-09-20,75.0,86.0,92.0,94.0,97.0,101.0,105.0,109.4,114.0,117.0,120.0,129.0,143.5,inferred
Lichfield,2021-09-21,74.0,82.0,89.0,91.0,94.0,98.0,102.0,106.0,110.0,112.0,115.0,123.0,136.0,inferred
Lichfield,2021-09-22,73.0,82.0,89.0,91.0,93.0,98.0,101.0,105.4,111.0,113.0,115.0,122.0,135.5,inferred
Lichfield,2021-09-23,69.5,78.0,84.0,86.0,88.0,93.0,97.0,100.0,104.0,107.0,110.0,117.0,129.0,inferred
Lichfield,2021-09-24,57.0,67.0,73.0,75.0,77.0,81.0,85.0,88.0,92.0,94.0,97.0,105.0,115.5,inferred
Lichfield,2021-09-25,46.0,55.0,60.0,63.0,64.0,68.0,71.0,74.0,78.0,80.0,82.0,89.0,100.0,inferred
Lichfield,2021-09-26,49.0,58.0,64.0,66.0,68.0,71.0,75.0,78.0,82.0,84.0,87.0,93.0,104.0,inferred
Lichfield,2021-09-27,72.0,81.0,87.0,90.0,93.0,96.0,100.0,104.0,109.0,111.0,114.0,122.0,134.0,inferred
Lichfield,2021-09-28,66.0,75.0,81.0,83.0,86.0,90.0,94.0,98.0,103.0,104.0,107.0,114.0,125.0,inferred
Lichfield,2021-09-29,67.0,75.0,82.0,85.0,87.0,90.6,94.0,98.0,102.3,105.0,107.2,115.0,127.0,inferred
Lichfield,2021-09-30,66.0,73.0,79.8,82.0,84.0,88.0,91.0,95.0,100.0,102.0,105.0,113.0,124.0,inferred
Lichfield,2021-10-01,57.0,66.0,72.0,74.0,76.0,80.0,84.0,88.0,92.0,94.0,97.0,104.0,114.0,inferred
Lichfield,2021-10-02,48.0,56.0,61.0,63.0,66.0,69.0,72.0,76.0,80.0,82.0,84.0,90.1,103.0,inferred
Lichfield,2021-10-03,51.0,61.0,66.0,68.0,70.0,73.6,77.0,80.0,84.0,86.0,89.0,96.0,106.5,inferred
Lichfield,2021-10-04,75.0,84.0,90.0,93.0,95.0,100.0,104.0,108.0,114.0,116.0,119.0,127.0,140.0,inferred
Lichfield,2021-10-05,70.5,81.0,87.0,90.0,92.0,96.0,100.0,104.0,108.0,111.0,114.0,123.0,134.0,inferred
Lichfield,2021-10-06,74.0,83.0,90.0,93.0,95.0,99.0,103.0,107.0,111.0,114.0,116.0,125.0,136.0,inferred
Lichfield,2021-10-07,73.0,82.0,89.0,91.0,94.0,98.0,102.0,105.4,110.0,112.0,115.0,123.0,135.5,inferred
Lichfield,2021-10-08,66.0,74.0,80.0,83.0,86.0,89.0,93.0,97.0,101.0,104.0,106.0,114.0,125.0,inferred
Lichfield,2021-10-09,57.0,64.0,69.0,71.8,74.0,77.0,81.0,84.0,89.0,91.0,93.0,100.0,111.5,inferred
Lichfield,2021-10-10,61.0,70.0,76.0,78.0,80.0,84.0,88.0,91.0,96.0,98.0,101.0,108.1,119.0,inferred
Lichfield,2021-10-11,87.0,99.0,106.0,109.0,111.0,116.0,120.0,126.0,131.0,134.0,137.0,145.0,158.0,inferred
Lichfield,2021-10-12,81.0,93.0,100.0,102.0,105.0,110.0,115.0,119.0,124.0,127.0,129.0,138.0,150.0,inferred
Lichfield,2021-10-13,80.0,92.0,99.0,102.0,104.0,109.0,113.0,117.0,122.0,125.0,128.0,136.0,148.5,inferred
Lichfield,2021-10-14,76.0,86.0,93.0,95.0,98.0,102.0,106.0,111.0,115.0,118.0,121.0,129.0,141.0,inferred
Lichfield,2021-10-15,63.0,73.0,79.0,82.0,85.0,89.0,93.0,97.0,102.0,104.0,107.0,115.0,129.0,inferred
Lincoln,2021-07-03,14.0,20.0,23.0,25.0,27.0,29.0,32.0,35.0,38.0,40.0,42.0,48.0,58.0,inferred
Lincoln,2021-07-04,18.0,23.0,28.0,29.0,31.0,34.0,37.0,40.0,43.0,45.0,48.0,54.0,64.5,inferred
Lincoln,2021-07-05,28.0,35.0,41.0,44.0,45.0,49.0,52.0,55.0,59.0,62.0,64.0,71.0,80.0,inferred
Lincoln,2021-07-06,28.5,35.0,40.0,42.0,44.0,47.0,51.0,54.0,58.0,60.0,63.0,70.0,82.5,inferred
Lincoln,2021-07-07,28.0,35.0,41.0,43.0,45.0,49.0,52.0,56.0,60.0,62.0,65.0,72.0,84.0,inferred
Lincoln,2021-07-08,29.0,37.0,42.0,44.0,45.0,49.0,52.0,56.0,60.0,63.0,65.0,73.0,85.0,inferred
Lincoln,2021-07-09,26.5,34.0,38.0,40.0,42.0,46.0,50.0,53.0,58.0,60.0,63.0,70.0,80.0,inferred
Lincoln,2021-07-10,21.0,28.0,33.0,35.0,37.0,40.0,43.0,47.0,50.0,53.0,55.0,62.0,72.0,inferred
Lincoln,2021-07-11,26.0,32.9,37.8,40.0,41.0,45.0,48.0,52.0,56.0,58.0,61.0,68.0,82.0,inferred
Lincoln,2021-07-12,42.0,49.0,55.0,58.0,60.0,63.0,68.0,71.0,76.0,79.0,82.0,91.0,106.0,inferred
Lincoln,2021-07-13,37.0,45.0,52.0,55.0,57.0,61.0,65.0,69.0,74.0,77.0,80.0,88.0,102.0,inferred
Lincoln,2021-07-14,38.0,46.0,51.0,53.0,56.0,60.0,64.0,69.0,73.0,75.0,78.0,87.0,99.0,inferred
Lincoln,2021-07-15,34.0,43.0,49.0,51.0,53.0,58.0,61.0,65.0,70.0,72.0,75.0,83.0,97.0,inferred
Lincoln,2021-07-16,31.0,38.0,43.0,46.0,47.0,51.0,55.0,58.0,63.0,65.0,67.0,77.0,91.0,inferred
Lincoln,2021-07-17,23.0,30.0,35.0,37.0,39.0,42.0,45.0,49.0,52.0,54.0,56.0,64.0,75.0,inferred
Lincoln,2021-07-18,26.0,32.0,37.0,39.0,41.0,44.0,48.0,51.0,55.0,57.0,60.0,67.0,79.0,inferred
Lincoln,2021-07-19,38.0,45.0,51.0,53.0,55.0,60.0,65.0,69.0,74.0,76.0,80.0,88.0,103.0,inferred
Lincoln,2021-07-20,34.5,43.0,49.0,51.0,53.0,57.0,61.0,66.0,70.0,73.0,76.0,84.0,99.0,inferred
Lincoln,2021-07-21,37.0,47.0,53.0,55.0,57.0,61.0,66.0,70.0,74.0,77.0,79.0,88.0,102.5,inferred
Lincoln,2021-07-22,41.0,49.0,55.0,57.0,59.7,64.0,68.0,72.0,76.0,78.0,81.0,88.1,102.0,inferred
Lincoln,2021-07-23,37.0,46.0,52.0,55.0,57.0,61.0,66.0,70.0,74.0,77.0,80.0,88.0,101.0,inferred
Lincoln,2021-07-24,33.0,40.0,46.0,48.0,51.0,55.0,60.0,64.0,68.0,71.0,74.0,81.0,94.0,inferred
Lincoln,2021-07-25,39.0,48.0,54.0,56.8,58.0,63.0,66.0,70.0,75.0,77.0,80.0,88.0,101.0,inferred
Lincoln,2021-07-26,62.0,72.0,81.0,84.0,86.0,91.0,96.0,101.4,107.0,110.0,114.0,124.0,140.5,inferred
Lincoln,2021-07-27,60.0,72.0,79.0,83.0,85.0,91.0,96.0,101.0,107.0,109.0,113.0,122.0,137.0,inferred
Lincoln,2021-07-28,62.0,72.0,79.8,83.0,86.0,91.0,96.0,101.0,107.0,110.0,114.0,126.0,143.5,inferred
Lincoln,2021-07-29,61.0,71.9,79.0,82.0,85.0,90.0,95.0,100.0,105.0,108.0,112.0,120.0,138.0,inferred
Lincoln,2021-07-30,52.0,63.0,70.0,73.0,76.0,80.0,84.0,89.0,94.3,98.0,102.0,112.0,125.0,inferred
Lincoln,2021-07-31,45.0,53.0,60.0,62.0,65.0,69.0,73.0,77.0,82.0,85.0,88.0,98.0,116.0,inferred
Lincoln,2021-08-01,47.0,58.0,66.0,68.0,70.0,75.0,79.0,84.0,89.0,92.0,96.0,104.1,119.5,inferred
Lincoln,2021-08-02,71.5,82.0,91.0,95.0,97.0,103.0,108.0,114.0,120.0,123.0,126.2,137.0,154.5,inferred
Lincoln,2021-08-03,64.0,76.0,84.0,87.0,90.0,95.0,100.0,105.0,110.0,114.0,118.2,128.0,146.0,inferred
Lincoln,2021-08-04,62.0,73.0,81.0,84.0,87.0,92.0,97.0,102.0,107.0,111.0,114.0,124.0,141.0,inferred
Lincoln,2021-08-05,56.0,67.0,74.0,77.0,79.0,84.0,89.0,93.0,98.0,101.0,105.0,115.0,130.5,inferred
Lincoln,2021-08-06,44.0,55.0,61.0,64.0,66.0,71.0,75.0,79.0,85.0,88.0,91.0,101.0,115.0,inferred
Lincoln,2021-08-07,34.0,43.0,49.0,51.0,53.7,58.0,61.0,65.0,69.0,71.0,74.0,82.0,97.0,inferred
Lincoln,2021-08-08,36.0,44.0,49.0,52.0,54.0,58.0,62.0,65.0,70.0,72.0,74.0,82.0,97.5,inferred
Lincoln,2021-08-09,49.5,59.0,65.0,68.0,70.0,74.0,79.0,84.0,89.0,93.0,95.0,105.0,120.0,inferred
Lincoln,2021-08-10,42.0,53.0,60.0,62.0,64.0,69.0,73.0,77.0,83.0,86.0,89.0,99.0,112.5,inferred
Lincoln,2021-08-11,41.0,51.0,57.0,59.8,62.0,66.0,70.0,74.0,78.0,81.0,84.2,93.0,106.0,inferred
Lincoln,2021-08-12,38.0,46.0,53.0,55.0,58.0,62.0,66.0,70.0,74.0,77.0,79.0,87.0,101.0,inferred
Lincoln,2021-08-13,31.5,38.0,45.0,48.0,49.0,53.0,58.0,62.0,66.0,68.0,71.0,78.0,92.0,inferred
Lincoln,2021-08-14,24.0,31.0,36.0,39.0,40.0,44.0,48.0,52.0,55.0,57.0,60.0,67.1,79.0,inferred
Lincoln,2021-08-15,25.0,32.0,38.0,41.0,43.0,45.0,49.0,52.0,56.0,59.0,61.0,69.0,81.0,inferred
Lincoln,2021-08-16,37.0,45.0,52.0,54.0,56.0,60.0,64.0,69.0,73.3,76.0,78.0,86.0,100.0,inferred
Lincoln,2021-08-17,33.5,42.0,47.0,49.0,52.0,56.0,60.0,65.0,70.0,72.0,75.0,82.0,94.0,inferred
Lincoln,2021-08-18,34.0,41.0,47.0,50.0,52.0,55.0,60.0,64.0,68.0,71.0,73.0,80.0,93.5,inferred
Lincoln,2021-08-19,32.0,39.9,45.0,47.0,49.0,53.0,57.0,61.0,65.0,67.0,69.0,77.0,91.5,inferred
Lincoln,2021-08-20,26.0,34.0,40.0,42.0,43.0,47.0,50.0,54.0,58.0,60.0,62.0,69.1,81.5,inferred
Lincoln,2021-08-21,20.0,27.0,31.0,33.0,35.0,38.0,41.0,45.0,48.0,50.0,53.0,59.0,70.0,inferred
Lincoln,2021-08-22,22.0,28.0,33.0,35.0,37.0,40.0,43.0,47.0,51.0,54.0,56.0,63.0,76.0,inferred
Lincoln,2021-08-23,33.0,41.0,46.0,49.0,51.0,54.0,58.5,62.0,67.0,69.0,72.0,79.0,91.0,inferred
Lincoln,2021-08-24,30.5,37.0,44.0,46.0,48.0,52.0,55.0,59.0,63.0,66.0,69.0,77.0,88.0,inferred
Lincoln,2021-08-25,31.0,37.0,43.0,46.0,47.0,51.0,55.0,59.0,64.0,66.0,69.0,76.0,87.5,inferred
Lincoln,2021-08-26,27.5,35.0,41.0,43.0,45.0,48.0,52.0,56.0,60.0,62.0,65.0,71.0,86.5,inferred
Lincoln,2021-08-27,25.0,31.0,36.0,38.0,40.0,44.0,47.0,51.0,55.0,57.0,60.0,67.0,78.0,inferred
Lincoln,2021-08-28,20.0,26.0,30.0,32.0,34.0,37.0,40.0,43.0,47.0,49.0,51.0,56.0,70.0,inferred
Lincoln,2021-08-29,22.0,28.0,32.0,34.0,36.0,39.0,43.0,46.0,50.0,52.0,55.0,62.0,73.5,inferred
Lincoln,2021-08-30,32.0,40.0,45.0,48.0,50.0,54.0,58.0,62.0,66.0,69.0,72.0,80.0,93.0,inferred
Lincoln,2021-08-31,30.0,37.9,44.0,46.0,48.0,51.0,55.0,59.0,63.0,66.0,68.0,76.0,89.0,inferred
Lincoln,2021-09-01,30.0,38.0,43.0,45.0,48.0,51.0,55.0,59.0,63.0,66.0,69.0,77.1,89.0,inferred
Lincoln,2021-09-02,29.0,37.0,43.0,45.0,47.0,51.0,54.0,58.0,61.0,64.0,67.0,74.0,87.0,inferred
Lincoln,2021-09-03,26.5,33.0,38.0,41.0,42.0,46.0,49.0,52.0,56.0,58.0,61.0,68.0,80.0,inferred
Lincoln,2021-09-04,21.0,27.0,32.0,34.0,35.0,39.0,41.0,45.0,49.0,51.0,53.2,61.0,71.5,inferred
Lincoln,2021-09-05,22.0,28.0,33.0,35.0,37.0,40.0,44.0,48.0,51.0,54.0,56.0,64.0,76.0,inferred
Lincoln,2021-09-06,34.0,42.0,47.0,50.0,52.0,56.0,60.0,64.0,68.0,71.0,73.0,81.0,94.0,inferred
Lincoln,2021-09-07,31.0,39.0,44.0,46.0,48.0,52.0,56.0,60.0,65.0,67.0,70.0,77.0,89.0,inferred
Lincoln,2021-09-08,28.0,36.0,42.0,44.0,46.0,50.0,53.0,57.0,61.0,63.0,66.2,76.0,86.5,inferred
Lincoln,2021-09-09,25.5,33.0,38.0,40.0,42.0,46.0,49.0,53.0,57.0,60.0,63.0,71.0,83.0,inferred
Lincoln,2021-09-10,21.0,28.0,32.0,35.0,36.0,40.0,43.0,47.0,50.0,52.0,55.0,62.0,72.0,inferred
Lincoln,2021-09-11,15.0,21.0,25.0,27.0,29.0,32.0,35.0,38.0,42.0,43.0,45.0,51.0,60.5,inferred
Lincoln,2021-09-12,16.0,22.0,26.0,28.0,30.0,33.0,36.0,39.0,42.0,44.0,46.0,54.0,63.0,inferred
Lincoln,2021-09-13,24.0,31.0,36.0,38.0,40.0,44.0,47.0,50.0,54.0,56.0,59.0,67.0,78.0,inferred
Lincoln,2021-09-14,21.0,28.0,33.0,35.0,36.7,39.0,43.0,46.0,50.0,52.0,54.0,61.0,73.0,inferred
Lincoln,2021-09-15,22.0,28.0,33.0,36.0,37.0,40.0,44.0,47.0,51.0,53.0,56.0,62.0,72.5,inferred
Lincoln,2021-09-16,21.0,28.0,33.0,35.0,37.0,40.0,43.5,47.0,51.0,53.0,55.0,62.0,74.0,inferred
Lincoln,2021-09-17,18.5,25.0,29.0,31.0,32.0,36.0,39.0,43.0,46.0,48.0,51.0,58.0,68.0,inferred
Lincoln,2021-09-18,15.0,21.0,26.0,27.0,29.0,32.0,34.0,37.0,40.0,43.0,45.0,51.0,64.0,inferred
Lincoln,2021-09-19,17.0,23.0,27.0,29.0,31.0,34.0,37.0,40.0,43.0,45.0,47.0,53.1,64.0,inferred
Lincoln,2021-09-20,26.0,35.0,40.0,43.0,45.0,48.0,52.0,55.0,60.0,62.0,65.0,72.0,84.0,inferred
Lincoln,2021-09-21,25.5,32.0,37.0,39.0,41.0,45.0,48.0,52.0,56.0,58.0,60.0,68.0,79.0,inferred
Lincoln,2021-09-22,25.0,33.0,38.0,40.0,42.0,45.0,48.0,52.0,56.0,59.0,62.0,68.0,79.0,inferred
Lincoln,2021-09-23,24.0,30.0,35.8,37.0,39.0,42.0,46.0,49.0,54.0,56.0,58.0,65.0,75.5,inferred
Lincoln,2021-09-24,20.0,27.0,32.0,33.0,35.0,38.0,42.0,45.0,49.0,51.0,54.0,61.0,72.0,inferred
Lincoln,2021-09-25,16.0,21.0,26.0,28.0,29.0,32.0,35.0,38.0,42.0,43.0,45.0,52.0,64.0,inferred
Lincoln,2021-09-26,17.0,23.0,27.0,29.0,30.0,33.0,37.0,40.0,43.0,45.0,48.0,54.0,67.0,inferred
Lincoln,2021-09-27,28.0,34.0,39.0,41.0,43.0,47.0,50.0,53.0,57.0,60.0,62.0,71.0,85.0,inferred
Lincoln,2021-09-28,24.0,31.0,36.0,38.0,40.0,44.0,47.0,51.0,55.0,57.0,59.0,67.0,79.5,inferred
Lincoln,2021-09-29,24.0,31.9,37.0,39.0,40.0,44.0,47.0,50.0,55.0,57.0,60.0,67.0,79.0,inferred
Lincoln,2021-09-30,23.0,30.0,35.0,37.0,39.0,42.0,46.0,50.0,54.0,56.0,58.0,64.0,77.0,inferred
Lincoln,2021-10-01,21.0,26.0,31.0,33.0,35.0,38.0,41.0,45.0,48.0,50.0,53.0,60.0,70.5,inferred
Lincoln,2021-10-02,17.0,22.0,26.0,28.0,29.0,33.0,36.0,39.0,42.0,44.0,46.0,53.0,63.0,inferred
Lincoln,2021-10-03,18.0,25.0,29.0,30.8,32.0,35.0,38.0,41.0,45.0,47.0,49.0,56.0,67.0,inferred
Lincoln,2021-10-04,28.0,35.0,41.0,43.0,45.0,49.0,52.0,57.0,61.0,63.0,66.0,74.0,84.5,inferred
Lincoln,2021-10-05,26.0,34.0,39.0,41.0,43.0,46.0,49.0,53.0,57.0,60.0,62.0,69.0,80.5,inferred
Lincoln,2021-10-06,27.0,34.0,39.0,41.0,43.0,47.0,51.0,55.0,59.0,61.0,64.0,72.0,84.0,inferred
Lincoln,2021-10-07,27.0,34.0,39.0,41.0,43.0,47.0,50.0,54.0,58.0,60.0,62.0,69.0,83.0,inferred
Lincoln,2021-10-08,24.0,30.0,35.0,37.0,39.0,42.0,46.0,49.0,53.0,55.0,57.0,64.0,77.0,inferred
Lincoln,2021-10-09,21.0,26.0,30.0,33.0,34.0,37.0,41.0,44.0,48.0,50.0,52.0,60.0,70.0,inferred
Lincoln,2021-10-10,22.0,29.0,34.0,36.0,37.0,41.0,44.0,48.0,52.0,54.0,56.0,63.0,74.0,inferred
Lincoln,2021-10-11,35.0,44.0,49.0,51.0,53.0,57.0,61.0,65.0,70.0,73.0,77.0,85.0,98.0,inferred
Lincoln,2021-10-12,33.0,41.0,48.0,50.0,52.0,56.0,60.0,64.0,68.0,70.0,73.0,81.0,94.0,inferred
Lincoln,2021-10-13,34.0,41.0,47.0,50.0,52.0,56.0,60.0,64.0,68.0,71.0,74.0,82.0,93.0,inferred
Lincoln,2021-10-14,32.0,40.0,45.0,48.0,50.0,54.0,57.0,61.0,65.0,67.2,70.0,79.0,93.5,inferred
Lincoln,2021-10-15,27.0,33.0,39.0,41.0,43.0,47.0,50.0,54.0,59.0,61.0,64.2,74.0,88.0,inferred
Liverpool,2021-07-03,224.0,243.0,254.0,259.0,263.0,270.0,277.0,285.0,294.0,299.0,304.0,318.0,338.0,inferred
Liverpool,2021-07-04,246.0,263.0,275.0,279.8,284.0,292.0,299.0,306.0,314.0,318.2,324.0,341.0,364.5,inferred
Liverpool,2021-07-05,355.0,377.0,391.0,396.0,401.0,410.0,419.0,427.0,436.3,443.0,451.0,467.0,493.5,inferred
Liverpool,2021-07-06,332.0,354.0,370.0,374.0,379.0,388.0,396.0,406.0,415.0,420.0,425.0,440.0,465.0,inferred
Liverpool,2021-07-07,331.0,354.0,370.0,376.0,381.0,390.0,399.0,407.0,415.0,422.0,427.0,443.0,469.0,inferred
Liverpool,2021-07-08,322.0,343.9,357.0,363.0,368.0,377.0,385.0,394.0,404.0,409.0,415.0,431.0,457.0,inferred
Liverpool,2021-07-09,287.0,304.9,317.0,322.0,326.7,335.0,343.0,351.0,359.0,363.0,369.0,386.0,409.0,inferred
Liverpool,2021-07-10,231.0,251.9,264.0,268.0,272.0,280.0,287.0,295.0,303.0,307.0,313.0,328.0,349.0,inferred
Liverpool,2021-07-11,248.5,269.0,281.0,286.0,291.0,300.0,307.0,315.0,322.0,327.0,333.0,347.0,373.0,inferred
Liverpool,2021-07-12,359.0,380.9,398.0,403.0,408.0,419.0,428.0,438.0,447.0,452.0,459.0,475.0,500.5,inferred
Liverpool,2021-07-13,333.5,354.0,368.0,373.0,379.0,388.6,398.0,408.0,417.0,422.0,427.0,443.0,470.5,inferred
Liverpool,2021-07-14,327.5,348.0,365.0,370.0,375.0,384.0,392.0,403.0,413.0,418.0,424.0,439.0,466.0,inferred
Liverpool,2021-07-15,301.0,325.0,338.8,344.0,348.0,357.0,367.0,377.0,388.0,393.0,398.0,412.0,434.0,inferred
Liverpool,2021-07-16,259.0,278.0,291.0,296.0,300.0,308.0,316.0,325.0,333.0,338.0,344.0,358.0,380.0,inferred
Liverpool,2021-07-17,205.0,222.0,232.8,237.0,242.0,249.0,256.0,264.0,271.0,275.0,280.0,295.0,312.0,inferred
Liverpool,2021-07-18,213.0,229.0,239.0,244.0,248.0,256.0,263.0,270.0,277.0,282.0,287.2,304.0,322.5,inferred
Liverpool,2021-07-19,288.0,312.9,326.0,332.0,337.0,345.0,354.0,361.0,371.0,376.0,382.0,397.0,426.0,inferred
Liverpool,2021-07-20,264.5,286.0,300.0,305.0,309.0,316.0,325.0,333.0,340.0,346.0,350.0,364.0,391.0,inferred
Liverpool,2021-07-21,258.0,278.0,291.0,296.0,300.0,309.0,318.0,325.4,335.0,339.0,344.0,358.0,384.0,inferred
Liverpool,2021-07-22,239.0,258.0,272.0,277.0,281.0,290.0,298.0,305.0,314.0,318.0,323.0,337.0,357.0,inferred
Liverpool,2021-07-23,204.0,223.0,233.0,238.0,241.0,248.0,255.5,263.0,271.0,274.0,279.0,291.0,313.5,inferred
Liverpool,2021-07-24,161.0,175.0,186.0,190.0,193.0,199.0,205.0,212.0,219.0,222.0,226.2,238.0,255.0,inferred
Liverpool,2021-07-25,163.0,180.0,191.0,195.0,199.0,206.0,213.0,219.0,226.0,230.0,235.0,247.0,265.0,inferred
Liverpool,2021-07-26,229.0,247.0,259.0,264.0,268.0,276.0,283.0,290.0,298.0,304.0,309.0,323.0,353.0,inferred
Liverpool,2021-07-27,212.0,230.0,241.0,245.8,250.0,258.0,266.0,273.0,282.0,286.0,290.0,305.0,325.5,inferred
Liverpool,2021-07-28,217.0,234.0,246.8,252.0,257.0,263.0,270.0,277.0,285.0,290.0,294.0,306.1,331.0,inferred
Liverpool,2021-07-29,210.0,228.0,239.0,244.0,248.0,255.0,262.0,270.0,277.0,282.0,287.0,301.0,320.5,inferred
Liverpool,2021-07-30,184.5,200.0,212.8,217.0,221.0,228.0,234.0,241.0,250.0,254.0,258.0,272.0,295.5,inferred
Liverpool,2021-07-31,157.5,170.0,181.0,184.0,188.0,194.0,200.0,206.0,213.0,217.0,222.0,233.0,251.5,inferred
Liverpool,2021-08-01,163.0,179.0,192.0,196.0,200.0,206.0,211.5,218.0,225.0,230.0,234.0,247.0,264.5,inferred
Liverpool,2021-08-02,242.0,259.0,271.0,276.0,280.0,288.0,295.0,303.0,311.0,315.0,323.0,336.0,359.0,inferred
Liverpool,2021-08-03,227.5,247.0,257.0,262.0,267.0,276.0,283.0,291.0,299.0,304.0,309.0,323.0,345.5,inferred
Liverpool,2021-08-04,226.0,247.0,258.8,264.0,269.0,278.0,285.0,293.0,301.0,306.0,312.0,325.0,346.0,inferred
Liverpool,2021-08-05,220.0,240.0,251.0,257.0,261.0,268.0,277.0,284.0,292.0,296.0,300.0,314.0,337.0,inferred
Liverpool,2021-08-06,195.0,211.0,223.0,227.0,231.0,240.0,246.0,252.0,259.0,263.0,268.2,281.0,302.0,inferred
Liverpool,2021-08-07,158.5,175.0,186.0,190.0,194.0,201.0,206.0,212.0,218.3,222.0,227.0,239.0,255.0,inferred
Liverpool,2021-08-08,170.0,187.0,197.0,202.0,205.0,212.0,219.0,226.0,233.0,237.2,242.0,254.0,272.0,inferred
Liverpool,2021-08-09,246.5,268.0,281.0,286.0,290.0,298.0,306.0,313.0,323.0,327.0,333.0,347.0,371.5,inferred
Liverpool,2021-08-10,231.0,251.0,264.0,268.0,272.0,282.6,289.0,296.0,304.0,308.0,314.0,326.0,347.5,inferred
Liverpool,2021-08-11,232.0,251.0,262.0,267.0,272.0,280.0,288.0,295.0,304.0,308.2,314.0,327.1,350.5,inferred
Liverpool,2021-08-12,218.5,239.0,251.0,255.0,259.0,266.0,274.0,282.0,290.0,294.0,299.0,314.0,334.0,inferred
Liverpool,2021-08-13,189.0,207.0,217.0,222.0,226.0,234.0,240.0,247.0,254.0,258.0,262.0,277.0,298.5,inferred
Liverpool,2021-08-14,151.0,168.0,178.0,182.0,185.0,192.0,198.0,204.0,211.3,215.0,220.0,230.0,250.0,inferred
Liverpool,2021-08-15,163.5,180.0,189.0,192.0,196.0,202.0,208.0,214.0,222.0,227.0,231.2,242.0,261.0,inferred
Liverpool,2021-08-16,230.5,248.0,261.0,265.0,270.0,278.0,286.0,293.0,302.0,307.0,313.0,328.0,351.0,inferred
Liverpool,2021-08-17,214.0,233.0,245.0,249.0,253.7,261.0,269.0,277.0,286.0,291.0,296.0,309.0,330.0,inferred
Liverpool,2021-08-18,217.0,236.0,247.0,251.0,255.7,263.0,270.0,277.0,285.3,290.0,295.0,308.0,332.0,inferred
Liverpool,2021-08-19,207.0,224.0,236.8,241.0,245.0,252.0,259.0,266.0,274.0,278.2,283.0,297.0,320.0,inferred
Liverpool,2021-08-20,180.0,197.0,208.0,211.0,215.0,223.0,229.0,235.0,243.0,247.0,252.0,265.0,283.5,inferred
Liverpool,2021-08-21,146.0,160.0,170.0,175.0,179.0,186.0,192.0,198.0,204.0,208.0,212.0,223.0,242.0,inferred
Liverpool,2021-08-22,158.5,173.0,183.0,187.0,191.0,197.0,204.0,210.0,216.3,221.0,225.0,235.0,254.0,inferred
Liverpool,2021-08-23,225.0,244.0,256.0,262.0,266.0,273.0,281.0,288.0,296.0,300.0,306.0,319.0,338.0,inferred
Liverpool,2021-08-24,213.0,230.0,242.0,247.0,251.0,258.0,266.0,273.0,281.0,287.0,293.0,306.0,329.0,inferred
Liverpool,2021-08-25,217.0,233.0,246.0,251.0,256.0,264.0,271.5,280.0,288.0,293.0,298.0,311.0,333.0,inferred
Liverpool,2021-08-26,212.5,229.0,242.0,247.0,251.0,258.0,265.0,273.0,281.0,285.0,290.0,302.0,325.5,inferred
Liverpool,2021-08-27,188.0,204.0,215.0,219.0,223.0,230.0,237.0,243.0,251.0,255.0,260.0,273.1,292.5,inferred
Liverpool,2021-08-28,157.0,171.0,183.0,187.0,190.0,197.0,203.0,209.0,215.0,218.2,223.0,234.0,250.0,inferred
Liverpool,2021-08-29,168.0,185.0,195.0,200.0,204.0,210.0,217.0,224.0,231.0,236.0,240.0,251.1,271.5,inferred
Liverpool,2021-08-30,247.0,269.0,281.0,285.8,289.0,297.0,305.0,314.0,323.0,328.0,333.0,347.0,374.0,inferred
Liverpool,2021-08-31,236.0,255.9,269.0,273.8,279.0,286.0,294.0,301.0,310.0,314.0,318.2,332.0,353.5,inferred
Liverpool,2021-09-01,243.0,260.0,273.0,278.0,282.0,290.0,297.0,304.0,313.0,318.0,324.0,340.1,363.5,inferred
Liverpool,2021-09-02,233.0,252.0,266.0,270.0,274.0,282.0,290.0,298.0,305.0,310.0,316.0,329.0,351.0,inferred
Liverpool,2021-09-03,207.0,224.0,235.0,240.0,244.0,250.0,257.0,265.0,272.0,276.0,281.0,295.0,313.0,inferred
Liverpool,2021-09-04,169.5,185.0,195.0,199.0,202.0,210.0,216.0,223.0,229.3,234.0,240.0,251.0,268.0,inferred
Liverpool,2021-09-05,179.5,197.0,208.0,213.0,217.0,223.0,229.0,236.0,243.0,247.0,252.0,264.0,282.5,inferred
Liverpool,2021-09-06,260.0,279.0,292.0,297.0,302.0,310.0,318.0,325.0,333.3,338.0,345.0,359.0,379.0,inferred
Liverpool,2021-09-07,238.5,259.9,271.0,275.0,280.0,287.0,295.0,302.0,310.0,314.0,320.0,334.0,360.5,inferred
Liverpool,2021-09-08,232.0,249.0,261.0,265.0,270.7,278.0,285.0,293.4,301.0,305.0,312.0,325.0,350.5,inferred
Liverpool,2021-09-09,210.0,228.0,242.0,246.0,249.0,257.0,263.0,270.0,278.0,282.2,288.0,301.0,322.0,inferred
Liverpool,2021-09-10,175.0,193.0,203.0,207.0,211.0,218.0,225.0,231.0,238.0,242.0,248.0,259.0,279.5,inferred
Liverpool,2021-09-11,138.0,153.9,163.0,166.0,169.0,175.0,181.0,186.0,193.0,197.0,201.0,211.0,228.5,inferred
Liverpool,2021-09-12,142.0,155.0,165.0,169.0,172.0,178.0,184.0,190.0,196.0,200.0,205.0,217.0,235.0,inferred
Liverpool,2021-09-13,194.0,212.0,223.0,228.0,232.0,240.0,248.0,253.0,262.0,266.0,271.2,285.0,305.5,inferred
Liverpool,2021-09-14,179.0,199.0,210.0,214.0,218.0,225.0,231.0,239.0,246.0,250.0,254.0,267.1,287.5,inferred
Liverpool,2021-09-15,186.0,203.0,213.0,217.0,220.0,228.0,235.0,241.0,248.0,253.0,258.0,272.0,294.0,inferred
Liverpool,2021-09-16,183.0,199.0,210.0,214.0,218.0,225.0,231.0,238.0,246.0,250.0,255.0,269.0,289.5,inferred
Liverpool,2021-09-17,163.5,179.0,190.0,193.0,197.0,204.0,209.0,216.0,223.0,227.0,231.0,244.0,264.0,inferred
Liverpool,2021-09-18,137.5,150.9,159.8,163.0,166.7,172.6,178.0,184.0,191.0,194.0,198.0,210.0,229.5,inferred
Liverpool,2021-09-19,149.0,164.0,173.0,176.0,181.0,187.0,193.0,199.0,206.0,209.0,214.0,224.0,243.0,inferred
Liverpool,2021-09-20,217.5,234.0,245.8,250.0,254.0,263.0,269.0,277.0,286.0,291.0,296.0,310.1,331.5,inferred
Liverpool,2021-09-21,203.0,219.0,230.0,234.0,239.0,247.0,253.5,261.0,269.0,273.0,277.0,290.0,314.0,inferred
Liverpool,2021-09-22,200.0,215.0,227.0,232.0,236.0,244.6,251.0,257.0,265.0,269.0,273.0,288.0,307.5,inferred
Liverpool,2021-09-23,184.0,201.0,210.0,214.0,219.0,227.0,234.0,240.0,248.0,252.0,257.0,269.0,289.0,inferred
Liverpool,2021-09-24,155.5,169.0,180.0,184.0,188.0,194.0,201.0,207.0,214.0,218.2,222.0,233.0,252.0,inferred
Liverpool,2021-09-25,122.0,136.0,145.0,149.0,152.0,157.0,163.0,169.0,173.0,177.0,181.0,191.0,211.0,inferred
Liverpool,2021-09-26,125.0,140.0,149.0,152.0,156.0,161.0,167.0,173.0,179.0,182.0,187.0,197.0,212.0,inferred
Liverpool,2021-09-27,180.0,194.0,205.0,208.0,212.0,220.0,227.0,233.0,240.3,245.0,250.0,264.0,285.0,inferred
Liverpool,2021-09-28,165.5,180.0,191.0,194.0,198.0,205.0,211.0,217.0,224.0,229.0,234.0,245.0,265.0,inferred
Liverpool,2021-09-29,168.0,181.0,193.0,197.0,200.7,208.0,214.0,220.0,229.0,233.0,237.0,248.1,266.0,inferred
Liverpool,2021-09-30,161.0,177.0,187.0,191.0,194.0,201.0,208.0,215.0,222.0,225.0,229.0,240.0,260.0,inferred
Liverpool,2021-10-01,142.5,155.0,165.0,169.0,172.0,179.0,185.0,192.0,199.0,202.0,207.0,218.0,235.5,inferred
Liverpool,2021-10-02,117.0,130.0,139.8,143.0,146.0,151.0,156.0,162.0,168.0,171.0,175.0,185.0,202.0,inferred
Liverpool,2021-10-03,125.0,138.0,147.0,151.0,155.0,162.0,168.0,173.0,179.0,183.0,186.0,196.0,212.0,inferred
Liverpool,2021-10-04,182.0,199.0,211.0,214.0,219.0,226.0,233.0,239.0,247.0,252.0,257.0,271.1,292.0,inferred
Liverpool,2021-10-05,171.5,189.0,200.0,203.0,207.0,214.0,220.0,227.0,235.3,239.0,243.0,256.0,279.0,inferred
Liverpool,2021-10-06,180.0,194.0,206.0,210.0,214.0,221.0,227.0,233.0,241.0,245.0,249.0,260.0,281.0,inferred
Liverpool,2021-10-07,170.5,189.0,200.0,204.0,207.7,214.0,220.0,227.0,235.0,239.0,243.2,256.0,279.0,inferred
Liverpool,2021-10-08,150.0,167.0,178.0,182.0,186.0,192.0,198.0,205.0,211.0,215.0,219.0,230.0,249.0,inferred
Liverpool,2021-10-09,125.0,140.0,149.0,153.0,156.0,162.0,168.0,174.0,180.0,184.0,188.0,200.0,218.5,inferred
Liverpool,2021-10-10,140.0,153.0,163.0,166.8,170.0,176.0,182.0,188.0,194.0,198.0,202.0,212.0,233.0,inferred
Liverpool,2021-10-11,198.5,217.0,230.0,234.0,238.0,247.0,254.0,261.0,271.0,276.0,281.0,294.0,316.5,inferred
Liverpool,2021-10-12,185.5,202.0,213.0,218.0,222.0,229.0,236.0,243.0,250.0,254.0,260.0,273.1,295.5,inferred
Liverpool,2021-10-13,180.5,198.0,208.0,212.0,216.0,224.0,230.0,237.0,245.0,249.0,253.2,267.1,290.0,inferred
Liverpool,2021-10-14,165.0,182.0,193.0,198.0,201.0,208.0,215.0,222.0,231.0,235.0,239.0,252.0,274.0,inferred
Liverpool,2021-10-15,141.0,153.9,163.0,166.8,170.0,176.0,182.0,189.0,196.0,200.0,205.0,219.0,237.0,inferred
Lothian,2021-07-03,440.9,526.0,598.8,630.0,660.0,707.6,753.0,812.4,878.0,912.5,953.2,1067.1,1270.6,inferred
Lothian,2021-07-04,361.0,452.9,533.8,563.0,589.0,638.0,688.0,746.4,805.0,837.2,874.2,990.1,1165.5,inferred
Lothian,2021-07-05,302.0,391.0,457.0,484.0,508.7,551.6,599.0,643.0,695.3,721.0,754.0,868.0,1045.0,inferred
Lothian,2021-07-06,346.9,423.0,484.0,510.0,537.0,582.0,624.5,669.4,727.3,766.2,800.0,903.1,1053.6,inferred
Lothian,2021-07-07,383.5,477.9,546.0,572.0,599.7,654.0,703.5,756.0,813.3,837.0,869.2,975.0,1145.0,inferred
Lothian,2021-07-08,271.5,361.0,417.0,447.8,474.0,522.0,565.0,613.0,669.0,705.2,735.4,829.0,973.5,inferred
Lothian,2021-07-09,273.0,360.0,428.0,455.8,483.0,530.6,576.0,620.0,668.0,705.0,745.0,835.1,1010.0,inferred
Lothian,2021-07-10,324.4,425.9,490.8,512.0,536.0,587.0,631.0,678.4,744.3,780.0,814.0,920.0,1109.5,inferred
Lothian,2021-07-11,277.0,365.0,428.0,455.8,481.0,533.0,575.0,623.0,677.3,711.0,746.4,853.0,996.0,inferred
Lothian,2021-07-12,209.0,286.0,344.8,369.0,391.0,432.0,472.5,518.0,571.0,599.0,630.0,732.2,906.0,inferred
Lothian,2021-07-13,216.9,291.0,349.0,372.0,392.0,432.0,472.5,518.4,571.0,600.0,636.0,727.1,896.5,inferred
Lothian,2021-07-14,227.5,326.9,392.0,415.0,435.7,480.0,525.5,571.0,620.0,655.2,691.2,783.0,949.1,inferred
Lothian,2021-07-15,173.5,232.9,291.0,313.0,331.0,365.6,405.0,443.0,496.3,523.2,553.2,651.2,803.0,inferred
Lothian,2021-07-16,155.9,222.0,277.0,300.0,319.7,355.0,390.0,430.0,479.0,503.2,533.2,613.2,769.5,inferred
Lothian,2021-07-17,175.5,245.9,307.0,327.0,347.0,389.0,427.5,468.0,518.0,543.2,580.2,661.1,835.5,inferred
Lothian,2021-07-18,146.0,211.0,263.0,284.0,301.0,338.0,376.0,414.0,454.0,476.0,507.2,597.0,744.5,inferred
Lothian,2021-07-19,107.0,154.0,199.8,219.0,234.0,261.6,291.0,326.4,372.0,402.0,426.2,509.0,650.5,inferred
Lothian,2021-07-20,100.0,147.0,196.0,213.0,231.7,264.0,298.5,335.0,373.0,398.2,425.0,503.1,650.5,inferred
Lothian,2021-07-21,108.5,160.8,211.0,225.0,242.0,276.6,311.0,347.0,385.0,409.2,439.0,517.1,664.5,inferred
Lothian,2021-07-22,70.0,112.0,151.0,164.0,179.0,204.0,235.0,265.4,301.0,321.2,349.0,415.0,540.5,inferred
Lothian,2021-07-23,66.0,103.0,136.0,153.0,167.0,196.0,221.0,250.0,285.3,310.0,333.0,414.0,544.6,inferred
Lothian,2021-07-24,73.0,109.9,149.0,163.0,176.7,210.0,239.0,272.0,312.0,329.0,355.2,424.1,550.6,inferred
Lothian,2021-07-25,54.0,96.9,125.0,138.0,148.7,174.0,200.0,229.0,264.3,285.0,304.0,372.2,505.0,inferred
Lothian,2021-07-26,33.5,62.0,88.0,103.0,116.7,138.0,160.0,185.0,219.3,239.0,260.0,318.0,406.5,inferred
Lothian,2021-07-27,33.0,64.0,92.0,103.0,114.0,137.0,158.0,183.0,217.0,235.2,260.2,322.1,435.6,inferred
Lothian,2021-07-28,45.0,76.9,107.0,121.0,134.0,160.0,187.0,218.0,250.0,270.2,292.0,353.0,456.0,inferred
Lothian,2021-07-29,29.0,59.0,86.0,97.0,109.0,131.0,154.0,176.4,208.0,225.2,245.2,303.1,412.7,inferred
Lothian,2021-07-30,34.0,62.0,89.8,103.0,115.0,139.0,163.0,188.0,214.3,236.2,259.0,320.1,431.0,inferred
Lothian,2021-07-31,47.5,81.0,109.8,124.0,138.7,162.0,188.0,214.0,244.0,265.0,287.0,347.2,473.6,inferred
Lothian,2021-08-01,38.5,71.0,98.0,112.0,124.0,149.0,173.0,201.4,229.0,248.0,268.0,337.0,443.0,inferred
Lothian,2021-08-02,28.0,54.0,79.0,90.0,101.0,120.6,140.0,165.0,195.0,215.0,234.0,299.0,413.5,inferred
Lothian,2021-08-03,28.5,62.0,91.0,104.0,115.0,136.0,162.5,186.0,219.0,238.0,256.0,324.0,425.5,inferred
Lothian,2021-08-04,44.0,80.9,110.0,121.0,132.0,158.0,186.0,218.4,251.0,266.0,293.2,367.2,480.5,inferred
Lothian,2021-08-05,40.0,71.0,95.0,106.0,117.0,140.0,165.0,191.0,222.0,240.0,259.0,316.0,423.6,inferred
Lothian,2021-08-06,40.5,75.9,103.0,115.0,125.0,146.0,173.0,204.0,236.0,258.0,277.0,341.1,452.5,inferred
Lothian,2021-08-07,65.0,103.0,136.0,152.0,164.0,192.0,217.0,250.0,282.3,307.0,331.0,394.0,509.5,inferred
Lothian,2021-08-08,54.0,94.0,127.0,140.0,156.0,183.0,209.0,240.0,275.0,298.0,323.0,389.0,504.0,inferred
Lothian,2021-08-09,42.5,80.0,111.0,123.0,135.7,164.6,188.5,218.0,253.0,267.0,286.4,355.0,461.0,inferred
Lothian,2021-08-10,60.0,98.0,129.8,142.0,154.7,185.0,214.0,245.0,280.0,299.2,322.0,385.1,524.5,inferred
Lothian,2021-08-11,83.5,132.9,170.8,186.0,201.0,228.6,264.0,302.0,340.0,361.2,388.0,463.0,580.6,inferred
Lothian,2021-08-12,70.5,111.9,147.0,163.8,177.0,203.6,230.0,265.0,302.0,322.0,347.0,417.1,548.6,inferred
Lothian,2021-08-13,87.0,135.0,173.8,185.0,203.0,227.6,259.5,290.0,328.0,350.0,375.0,449.1,589.6,inferred
Lothian,2021-08-14,132.0,185.0,229.8,248.0,266.0,294.6,327.0,360.4,404.3,434.0,469.0,540.1,692.1,inferred
Lothian,2021-08-15,125.0,180.0,217.0,237.8,258.0,296.0,330.0,366.4,415.0,444.0,482.0,562.1,697.7,inferred
Lothian,2021-08-16,100.0,151.0,194.8,212.0,231.0,266.0,300.0,335.0,379.0,408.2,435.0,513.0,657.0,inferred
Lothian,2021-08-17,136.0,191.0,243.8,266.0,284.7,324.0,362.0,405.0,447.3,468.0,494.2,576.1,720.2,inferred
Lothian,2021-08-18,191.5,269.0,325.0,348.8,373.0,414.6,454.0,506.0,555.3,582.5,617.0,710.2,875.0,inferred
Lothian,2021-08-19,182.0,242.9,295.0,316.8,336.0,384.0,421.0,459.0,505.0,537.0,572.0,667.1,832.5,inferred
Lothian,2021-08-20,221.5,291.0,349.8,372.8,396.0,438.0,480.0,528.0,579.3,609.2,643.2,743.1,926.1,inferred
Lothian,2021-08-21,328.0,406.9,479.8,507.0,531.0,579.6,626.0,682.4,736.3,768.0,805.0,907.0,1071.6,inferred
Lothian,2021-08-22,320.5,411.6,479.8,510.8,539.0,585.0,627.5,672.0,735.0,768.0,805.2,921.2,1076.6,inferred
Lothian,2021-08-23,285.5,386.9,456.0,487.0,512.7,558.0,611.5,665.0,719.0,754.0,790.2,893.1,1085.5,inferred
Lothian,2021-08-24,361.4,456.0,540.8,568.0,595.7,646.6,698.0,753.0,817.3,853.2,887.2,990.0,1153.0,inferred
Lothian,2021-08-25,449.5,570.9,657.8,692.0,724.7,783.0,839.0,894.0,965.0,998.5,1044.0,1178.0,1376.5,inferred
Lothian,2021-08-26,385.0,498.9,571.0,602.8,629.7,683.0,737.5,792.0,851.0,887.0,927.0,1050.1,1239.6,inferred
Lothian,2021-08-27,460.5,551.9,628.8,660.0,689.0,741.6,798.0,863.0,925.3,967.2,1005.2,1129.1,1302.0,inferred
Lothian,2021-08-28,571.4,700.8,797.0,834.8,871.7,932.0,994.5,1064.0,1139.0,1179.0,1223.2,1363.0,1578.7,inferred
Lothian,2021-08-29,570.4,687.0,777.8,813.0,848.7,901.0,969.0,1033.0,1098.0,1132.0,1178.4,1317.1,1516.2,inferred
Lothian,2021-08-30,483.0,601.0,692.0,722.8,760.0,816.6,873.0,934.0,1000.0,1046.0,1085.4,1201.1,1410.7,inferred
Lothian,2021-08-31,531.9,664.0,753.8,787.0,818.0,879.6,943.0,1011.0,1072.0,1117.5,1179.4,1294.2,1552.5,inferred
Lothian,2021-09-01,642.0,779.0,880.0,923.8,962.0,1025.0,1095.0,1158.0,1235.0,1281.0,1323.2,1468.1,1699.5,inferred
Lothian,2021-09-02,512.0,625.9,704.0,737.8,772.0,825.6,887.0,952.0,1022.0,1063.0,1115.0,1258.1,1454.1,inferred
Lothian,2021-09-03,514.3,642.9,740.0,781.8,811.0,870.0,932.5,999.4,1064.0,1098.2,1150.2,1263.0,1479.0,inferred
Lothian,2021-09-04,621.5,764.7,869.0,901.0,939.0,1004.0,1061.0,1120.4,1208.0,1248.0,1294.0,1412.2,1642.5,inferred
Lothian,2021-09-05,576.0,706.8,792.8,836.2,868.7,925.0,985.0,1055.0,1127.0,1169.2,1221.2,1346.0,1537.6,inferred
Lothian,2021-09-06,458.5,567.9,647.0,681.0,713.7,764.6,821.0,872.0,936.0,977.0,1024.0,1152.1,1383.5,inferred
Lothian,2021-09-07,442.4,562.0,644.0,690.0,720.7,781.0,841.0,908.4,970.0,1017.2,1052.2,1170.0,1378.8,inferred
Lothian,2021-09-08,497.5,606.0,698.8,732.0,768.0,837.0,901.0,964.0,1037.3,1070.0,1118.0,1246.1,1455.1,inferred
Lothian,2021-09-09,330.5,425.9,494.8,530.0,555.7,606.0,653.0,704.4,767.0,801.2,844.2,951.1,1136.0,inferred
Lothian,2021-09-10,315.0,406.9,473.8,500.5,527.0,577.0,625.0,678.4,736.0,762.2,796.0,906.1,1053.6,inferred
Lothian,2021-09-11,326.0,418.0,486.0,516.8,540.7,589.6,635.0,691.8,750.0,780.2,819.0,926.0,1102.7,inferred
Lothian,2021-09-12,238.0,318.0,378.0,404.0,424.0,479.0,525.0,577.4,629.0,656.2,696.0,798.1,980.0,inferred
Lothian,2021-09-13,175.0,233.9,282.8,307.8,329.0,368.6,404.0,450.0,507.0,530.0,559.0,644.0,761.2,inferred
Lothian,2021-09-14,159.9,227.9,284.8,310.0,331.0,368.0,403.0,438.0,486.3,515.0,546.0,638.1,785.0,inferred
Lothian,2021-09-15,182.5,257.0,313.0,337.8,361.7,397.6,435.0,476.4,525.0,554.2,588.2,679.3,863.6,inferred
Lothian,2021-09-16,130.0,183.0,233.0,256.0,276.7,311.0,341.5,380.0,427.3,452.2,481.0,567.0,702.5,inferred
Lothian,2021-09-17,119.5,183.9,229.0,248.0,265.7,301.6,337.0,372.4,418.0,440.2,469.2,552.0,706.0,inferred
Lothian,2021-09-18,146.0,204.0,260.0,280.0,300.0,337.0,374.0,412.0,457.0,479.2,511.0,599.1,750.0,inferred
Lothian,2021-09-19,117.5,173.0,219.0,239.8,256.7,293.0,329.5,367.0,403.3,425.0,451.2,536.1,686.1,inferred
Lothian,2021-09-20,76.5,130.0,169.0,184.8,200.0,230.0,260.0,295.0,332.0,353.0,379.0,456.0,592.0,inferred
Lothian,2021-09-21,80.5,146.9,188.0,205.0,222.0,251.0,286.0,319.4,358.0,384.2,420.0,489.0,625.5,inferred
Lothian,2021-09-22,132.0,186.0,234.0,255.8,273.0,311.6,347.5,385.0,423.3,449.0,482.0,551.1,666.5,inferred
Lothian,2021-09-23,110.5,157.0,194.8,213.0,231.7,260.0,291.0,322.4,363.0,387.2,422.2,497.1,620.0,inferred
Lothian,2021-09-24,114.5,170.0,214.0,231.0,252.0,282.0,315.0,351.0,392.0,419.2,451.2,530.2,687.0,inferred
Lothian,2021-09-25,151.5,218.9,267.0,291.0,303.7,343.0,385.0,434.0,479.0,502.0,536.0,627.1,771.0,inferred
Lothian,2021-09-26,144.0,210.9,258.0,279.0,296.0,335.0,374.5,413.4,459.0,489.2,519.2,607.1,768.0,inferred
Lothian,2021-09-27,129.4,177.9,221.8,240.0,260.7,299.0,332.0,369.0,416.0,436.0,462.0,547.0,692.0,inferred
Lothian,2021-09-28,132.5,199.0,248.8,272.0,287.0,323.6,361.0,401.4,441.0,466.0,493.0,587.1,762.5,inferred
Lothian,2021-09-29,166.0,236.0,289.0,310.0,331.0,370.0,411.0,455.0,500.0,525.2,552.2,653.0,783.0,inferred
Lothian,2021-09-30,128.9,187.0,233.8,255.8,274.0,308.0,338.0,375.0,417.0,442.2,471.2,553.0,708.1,inferred
Lothian,2021-10-01,136.0,193.0,240.8,257.0,277.7,315.6,352.0,393.0,438.0,465.2,496.0,575.1,744.5,inferred
Lothian,2021-10-02,174.5,240.9,289.8,312.0,331.0,374.0,409.0,447.0,491.0,520.0,553.2,654.2,821.6,inferred
Lothian,2021-10-03,149.5,214.9,268.0,289.8,308.0,339.6,378.0,417.0,460.3,486.2,517.0,600.1,788.0,inferred
Lothian,2021-10-04,116.0,166.0,213.8,235.8,254.0,288.6,323.5,362.0,405.0,433.2,466.2,551.1,679.6,inferred
Lothian,2021-10-05,132.5,196.9,244.8,263.0,282.0,310.0,347.5,388.4,430.0,456.0,487.0,567.2,702.1,inferred
Lothian,2021-10-06,183.0,235.9,287.0,307.0,328.7,365.6,400.0,441.4,486.0,512.2,544.2,631.0,768.0,inferred
Lothian,2021-10-07,121.0,180.0,227.0,244.8,269.0,303.0,343.0,374.0,424.0,445.0,472.0,564.0,682.0,inferred
Lothian,2021-10-08,141.4,207.9,253.0,271.0,290.0,323.0,353.0,387.4,434.0,460.0,492.0,579.0,723.1,inferred
Lothian,2021-10-09,168.4,241.0,294.8,319.0,344.0,383.0,420.0,459.0,512.3,544.2,575.2,662.0,793.1,inferred
Lothian,2021-10-10,164.4,223.9,281.8,300.8,323.0,356.6,393.0,433.0,482.0,510.2,539.2,625.2,763.6,inferred
Lothian,2021-10-11,120.0,182.8,227.0,246.0,264.0,298.0,334.0,370.4,411.0,436.0,466.2,549.0,699.0,inferred
Lothian,2021-10-12,140.0,194.0,244.0,263.0,285.7,321.6,360.0,398.0,444.0,478.2,510.0,602.1,749.0,inferred
Lothian,2021-10-13,181.0,244.0,299.0,324.0,352.0,389.0,431.0,471.0,517.0,546.0,582.2,693.0,855.0,inferred
Lothian,2021-10-14,132.0,199.0,244.0,268.0,285.0,315.6,356.0,395.4,443.3,470.2,498.0,598.0,788.6,inferred
Lothian,2021-10-15,128.9,195.0,252.0,274.0,294.7,334.6,370.0,418.0,468.3,492.0,534.2,623.1,802.0,inferred
Luton,2021-07-03,33.0,42.0,48.0,50.0,52.0,57.0,61.0,64.0,69.0,72.0,75.0,83.0,97.0,inferred
Luton,2021-07-04,39.0,48.0,54.0,56.0,59.0,63.0,67.0,71.0,76.0,78.0,82.0,92.1,107.0,inferred
Luton,2021-07-05,62.0,73.0,80.0,82.0,85.0,90.0,94.0,99.0,105.0,108.0,112.0,121.0,140.0,inferred
Luton,2021-07-06,60.0,71.0,79.0,82.0,84.0,90.0,95.0,99.0,104.0,107.0,111.0,121.0,138.0,inferred
Luton,2021-07-07,63.0,74.0,82.0,85.0,88.0,93.0,99.0,104.0,110.0,113.0,116.0,126.0,139.0,inferred
Luton,2021-07-08,64.0,75.0,82.0,86.0,89.0,94.0,99.5,105.0,110.0,113.0,117.0,125.0,142.0,inferred
Luton,2021-07-09,60.5,72.0,80.0,82.8,85.0,91.0,95.0,100.0,106.0,110.0,113.0,123.0,137.0,inferred
Luton,2021-07-10,49.0,60.0,67.0,70.0,73.7,78.0,83.0,87.0,92.0,95.0,98.0,108.0,123.0,inferred
Luton,2021-07-11,56.0,68.0,74.0,77.0,79.7,84.0,88.5,94.0,100.0,103.0,107.0,117.0,133.0,inferred
Luton,2021-07-12,84.0,99.0,107.8,112.0,115.7,122.0,127.0,133.0,140.0,143.0,147.0,158.0,176.0,inferred
Luton,2021-07-13,81.0,94.0,103.0,107.0,111.0,117.0,123.0,130.0,137.0,141.0,145.0,157.0,175.0,inferred
Luton,2021-07-14,85.0,98.0,106.0,110.0,113.0,118.0,124.0,130.0,137.0,141.0,145.0,156.0,176.5,inferred
Luton,2021-07-15,79.5,92.0,101.0,104.0,107.0,113.0,119.0,125.0,131.0,135.0,140.0,150.1,169.0,inferred
Luton,2021-07-16,71.0,83.0,92.0,95.0,97.0,103.0,108.0,114.0,120.0,122.0,127.0,137.0,156.5,inferred
Luton,2021-07-17,55.0,68.0,75.0,78.0,81.0,86.0,90.0,95.0,101.3,104.0,107.0,118.0,132.0,inferred
Luton,2021-07-18,58.0,70.0,78.0,81.0,83.0,88.0,93.0,98.0,105.0,108.0,112.0,122.0,138.0,inferred
Luton,2021-07-19,85.0,97.9,106.0,109.0,112.0,118.0,123.0,129.0,135.0,138.0,142.0,154.0,171.5,inferred
Luton,2021-07-20,75.5,88.9,97.0,100.0,103.0,108.0,113.0,119.0,125.0,129.0,133.0,144.0,163.0,inferred
Luton,2021-07-21,72.0,84.0,93.0,96.0,99.0,104.0,110.0,115.0,122.0,126.0,129.2,139.0,155.0,inferred
Luton,2021-07-22,62.0,74.0,82.0,86.0,89.0,95.0,99.0,105.0,111.0,115.0,118.0,128.0,143.0,inferred
Luton,2021-07-23,51.0,64.0,71.0,74.0,77.0,81.0,86.0,90.0,96.0,98.0,102.0,112.0,129.0,inferred
Luton,2021-07-24,39.0,48.0,54.0,57.0,59.0,65.0,69.0,73.0,78.0,80.0,83.2,91.1,105.5,inferred
Luton,2021-07-25,38.5,47.0,53.0,55.0,58.0,62.0,66.0,71.0,76.0,78.0,82.0,90.0,106.0,inferred
Luton,2021-07-26,52.0,63.0,70.0,73.0,76.0,81.0,85.5,91.0,96.0,99.0,103.0,112.0,128.0,inferred
Luton,2021-07-27,48.0,57.0,65.0,68.0,70.0,75.0,79.0,84.0,89.0,92.0,95.0,106.0,121.5,inferred
Luton,2021-07-28,49.5,60.0,68.0,70.0,72.0,78.0,83.0,88.0,94.0,97.0,101.0,110.0,127.0,inferred
Luton,2021-07-29,51.0,61.0,67.0,70.0,73.0,78.0,82.0,87.0,92.0,95.0,99.0,108.0,124.0,inferred
Luton,2021-07-30,48.0,57.0,64.0,66.0,68.0,73.0,77.0,81.0,86.0,89.0,93.0,102.0,117.0,inferred
Luton,2021-07-31,38.0,48.0,54.0,57.0,59.0,63.0,67.0,72.0,77.0,79.2,83.0,91.0,105.5,inferred
Luton,2021-08-01,43.0,53.0,60.0,62.0,64.0,68.6,73.0,78.0,82.0,84.0,87.0,97.0,110.0,inferred
Luton,2021-08-02,64.0,75.0,84.0,86.0,89.0,94.0,99.0,105.0,111.0,114.0,118.0,129.0,143.5,inferred
Luton,2021-08-03,61.0,73.0,80.0,84.0,86.0,92.0,97.0,103.0,108.0,111.0,115.0,125.0,142.0,inferred
Luton,2021-08-04,64.0,75.0,83.0,86.0,89.0,95.0,100.0,106.0,112.0,115.0,119.0,130.0,147.0,inferred
Luton,2021-08-05,63.0,73.0,81.0,84.0,87.0,92.0,97.0,102.0,108.3,111.0,115.0,126.0,141.5,inferred
Luton,2021-08-06,55.5,66.0,74.0,77.0,80.0,85.0,90.0,95.0,100.3,104.0,107.0,116.0,130.0,inferred
Luton,2021-08-07,46.0,55.0,63.0,65.0,68.0,73.0,77.0,81.0,86.0,89.0,92.0,102.0,116.0,inferred
Luton,2021-08-08,46.5,57.0,64.0,67.0,70.0,74.0,79.0,83.0,88.0,92.0,95.0,104.0,121.0,inferred
Luton,2021-08-09,70.0,82.0,90.0,93.8,97.0,103.0,108.0,113.0,119.0,123.0,127.0,138.0,154.0,inferred
Luton,2021-08-10,66.5,78.0,86.0,89.0,92.0,97.0,103.0,109.0,114.0,118.0,121.0,132.0,149.0,inferred
Luton,2021-08-11,69.5,81.0,89.0,91.0,94.7,99.0,104.5,110.0,116.0,119.0,123.2,133.0,151.0,inferred
Luton,2021-08-12,65.0,77.0,86.0,89.0,91.0,96.6,102.0,106.0,112.0,115.0,119.0,130.0,146.0,inferred
Luton,2021-08-13,59.0,70.0,77.0,80.0,83.0,88.0,93.0,98.0,104.0,107.0,110.2,121.0,141.0,inferred
Luton,2021-08-14,48.5,58.0,65.0,68.0,70.0,75.0,79.0,84.0,89.0,92.0,95.0,104.0,118.0,inferred
Luton,2021-08-15,49.5,59.0,67.0,70.0,72.0,77.0,82.0,87.0,92.0,95.0,98.0,107.0,123.5,inferred
Luton,2021-08-16,74.0,85.0,93.0,96.0,99.0,104.0,110.0,116.0,121.0,124.0,128.0,140.0,159.5,inferred
Luton,2021-08-17,69.0,80.0,88.0,91.0,94.0,100.0,106.0,111.0,116.0,120.0,124.0,138.0,152.0,inferred
Luton,2021-08-18,67.0,80.0,89.0,93.0,96.0,101.0,106.0,111.0,118.0,121.2,125.0,136.0,154.0,inferred
Luton,2021-08-19,67.0,77.0,85.0,88.0,91.0,96.0,101.0,107.0,113.0,116.0,119.0,129.0,147.0,inferred
Luton,2021-08-20,59.5,70.0,77.0,80.0,83.0,88.0,93.0,98.0,104.0,107.0,110.0,119.0,137.0,inferred
Luton,2021-08-21,47.5,57.0,64.0,67.0,69.0,73.0,78.0,83.0,88.0,91.0,95.0,104.0,120.5,inferred
Luton,2021-08-22,49.5,59.0,66.0,69.0,72.0,77.0,82.0,86.4,92.0,95.0,99.0,108.0,126.5,inferred
Luton,2021-08-23,72.0,84.0,93.0,96.0,99.0,104.0,110.0,115.0,121.0,124.0,128.0,139.0,156.0,inferred
Luton,2021-08-24,69.0,79.0,88.0,91.0,93.0,99.0,104.0,109.0,116.0,119.0,122.0,134.0,150.0,inferred
Luton,2021-08-25,73.0,83.0,91.0,95.0,98.0,104.0,109.0,115.0,121.0,125.0,129.0,138.0,154.0,inferred
Luton,2021-08-26,69.5,83.0,91.0,94.0,97.0,104.0,109.0,115.0,121.0,124.0,128.0,139.0,160.0,inferred
Luton,2021-08-27,67.0,79.0,86.0,89.0,92.0,98.0,103.0,109.0,115.0,118.0,122.0,131.0,148.0,inferred
Luton,2021-08-28,54.5,66.0,73.0,75.0,78.0,83.0,88.0,93.0,98.0,101.2,105.0,114.0,130.5,inferred
Luton,2021-08-29,58.5,70.9,79.0,81.0,84.0,89.0,94.0,99.0,104.0,107.0,111.0,120.0,136.5,inferred
Luton,2021-08-30,87.0,102.0,111.0,114.0,118.0,123.0,129.0,135.0,141.0,146.0,150.0,161.0,176.5,inferred
Luton,2021-08-31,83.0,96.9,107.0,110.0,114.0,119.0,125.0,131.0,137.0,141.0,145.0,157.0,175.0,inferred
Luton,2021-09-01,88.0,101.9,110.0,113.0,116.0,122.0,128.0,134.0,141.0,145.0,149.0,160.0,179.0,inferred
Luton,2021-09-02,83.0,96.0,106.0,109.0,113.0,119.0,124.0,130.0,135.0,139.0,143.0,154.0,170.0,inferred
Luton,2021-09-03,78.0,89.0,97.0,101.0,104.0,109.0,115.0,121.0,126.0,130.0,133.0,143.0,160.5,inferred
Luton,2021-09-04,61.0,74.0,82.0,85.0,88.0,93.0,98.0,103.0,108.0,111.0,115.0,124.1,137.0,inferred
Luton,2021-09-05,65.0,77.0,84.0,88.0,90.0,96.0,100.0,106.0,113.0,116.0,120.0,130.1,145.0,inferred
Luton,2021-09-06,93.0,108.0,117.0,120.0,123.0,129.0,135.0,141.0,148.0,152.0,156.0,169.0,187.5,inferred
Luton,2021-09-07,87.0,99.0,108.8,111.0,115.0,121.0,127.0,132.0,139.0,142.0,146.2,157.0,174.0,inferred
Luton,2021-09-08,81.0,95.0,104.0,108.0,111.0,117.0,123.0,128.0,134.0,137.0,141.0,153.0,175.0,inferred
Luton,2021-09-09,73.5,87.0,94.0,98.0,100.0,106.0,111.0,116.0,122.0,125.0,129.0,142.0,159.5,inferred
Luton,2021-09-10,61.0,73.0,81.8,85.0,88.0,92.0,98.0,103.0,109.0,112.0,116.0,127.1,143.0,inferred
Luton,2021-09-11,47.0,57.0,64.0,67.0,69.0,74.0,78.0,83.0,87.0,90.0,93.0,102.0,118.0,inferred
Luton,2021-09-12,46.0,56.0,63.0,65.0,68.0,73.0,77.0,82.0,87.0,90.0,94.0,102.0,118.0,inferred
Luton,2021-09-13,64.0,75.0,83.0,87.0,89.0,95.0,100.0,105.0,111.0,114.0,118.0,129.0,148.0,inferred
Luton,2021-09-14,58.0,69.0,76.0,79.0,83.0,87.0,93.0,97.0,102.0,105.0,109.0,118.0,136.0,inferred
Luton,2021-09-15,59.0,71.0,80.0,83.0,86.0,91.0,96.0,101.0,107.0,111.0,114.0,123.0,139.5,inferred
Luton,2021-09-16,59.0,69.0,77.0,80.0,83.0,88.0,93.0,99.0,104.0,107.0,111.0,120.0,136.0,inferred
Luton,2021-09-17,55.0,63.0,71.0,73.0,76.0,81.0,87.0,92.0,97.0,99.0,103.0,112.0,129.0,inferred
Luton,2021-09-18,43.5,53.0,61.0,64.0,66.0,71.0,75.0,80.0,84.0,88.0,91.0,99.0,115.0,inferred
Luton,2021-09-19,48.0,58.0,65.0,68.0,70.0,75.0,79.0,84.0,90.0,92.0,96.0,107.0,120.0,inferred
Luton,2021-09-20,71.0,82.0,91.0,94.0,97.0,102.0,108.0,113.0,119.0,123.0,127.0,138.0,156.0,inferred
Luton,2021-09-21,67.0,78.0,87.0,90.0,92.0,98.0,103.0,108.0,114.0,118.0,122.0,131.0,150.0,inferred
Luton,2021-09-22,68.0,78.0,87.0,90.0,92.0,98.0,103.0,109.0,115.0,118.0,122.0,132.0,149.0,inferred
Luton,2021-09-23,63.0,74.0,81.0,84.0,87.0,92.0,97.0,102.0,108.0,112.0,116.0,124.0,140.5,inferred
Luton,2021-09-24,55.0,65.0,72.0,75.0,78.0,83.0,87.0,92.0,97.0,100.0,104.0,113.0,131.0,inferred
Luton,2021-09-25,43.0,52.9,59.0,62.0,64.0,70.0,73.5,78.0,83.0,86.0,89.0,98.0,112.5,inferred
Luton,2021-09-26,46.0,54.0,61.0,64.0,66.7,71.0,75.0,81.0,85.0,88.0,91.0,100.0,114.0,inferred
Luton,2021-09-27,63.5,75.0,83.0,86.0,88.0,95.0,100.0,106.0,111.0,114.0,118.0,129.0,147.0,inferred
Luton,2021-09-28,60.0,71.0,79.0,82.0,85.0,90.0,96.0,101.0,105.0,109.0,113.0,122.1,137.0,inferred
Luton,2021-09-29,61.0,74.0,83.0,86.0,89.0,94.0,98.0,103.0,109.0,112.0,116.0,126.0,143.0,inferred
Luton,2021-09-30,63.0,74.0,82.0,86.0,89.0,94.0,99.0,104.0,109.0,112.0,116.0,126.0,143.5,inferred
Luton,2021-10-01,58.0,70.0,76.8,80.0,82.0,87.0,92.0,97.0,102.0,105.0,108.0,119.0,136.0,inferred
Luton,2021-10-02,48.0,58.0,65.0,68.0,70.0,75.0,79.0,83.0,88.0,91.0,95.0,105.0,119.0,inferred
Luton,2021-10-03,52.0,62.0,69.0,72.0,75.0,80.0,84.0,89.0,95.0,98.0,102.0,110.0,127.0,inferred
Luton,2021-10-04,78.0,90.0,99.0,104.0,107.0,112.0,118.0,124.0,129.0,133.0,138.0,148.0,164.5,inferred
Luton,2021-10-05,77.0,87.9,97.0,100.0,103.0,109.0,115.0,120.0,126.0,130.0,134.0,145.0,164.5,inferred
Luton,2021-10-06,78.0,92.0,101.0,104.0,107.0,112.0,118.0,124.0,130.0,134.0,140.0,151.0,170.5,inferred
Luton,2021-10-07,79.0,91.0,99.0,103.0,106.0,111.0,116.0,121.0,127.0,132.0,135.2,147.0,164.0,inferred
Luton,2021-10-08,70.5,84.0,92.0,95.0,97.0,103.0,109.0,115.0,120.0,123.0,127.0,137.0,156.5,inferred
Luton,2021-10-09,59.0,70.0,78.0,81.0,84.0,90.0,94.0,99.0,105.0,108.0,112.0,121.0,137.5,inferred
Luton,2021-10-10,62.0,73.0,82.0,85.0,88.0,93.6,99.0,104.0,110.0,113.0,116.0,126.0,145.0,inferred
Luton,2021-10-11,94.0,107.0,116.0,120.8,124.0,130.0,136.0,143.0,149.0,153.0,158.0,169.0,188.0,inferred
Luton,2021-10-12,91.0,102.0,111.0,114.0,118.0,123.0,129.0,136.0,142.0,146.0,151.0,162.0,182.0,inferred
Luton,2021-10-13,88.0,102.0,112.0,115.0,118.0,124.0,130.0,136.0,143.0,147.0,152.0,163.1,180.5,inferred
Luton,2021-10-14,81.0,96.0,105.0,108.0,112.0,118.0,123.0,129.0,136.0,139.0,143.0,153.0,173.5,inferred
Luton,2021-10-15,69.5,84.0,92.0,96.0,100.0,105.0,110.0,115.0,122.0,125.0,131.0,142.0,162.0,inferred
Maidstone,2021-07-03,29.0,35.0,38.0,39.0,41.0,43.0,45.0,47.0,50.0,51.0,53.0,57.0,64.0,inferred
Maidstone,2021-07-04,32.0,38.0,42.0,43.0,45.0,47.0,49.0,52.0,54.0,56.0,58.0,62.0,69.5,inferred
Maidstone,2021-07-05,51.0,58.0,62.0,64.0,65.0,68.0,71.0,74.0,77.0,78.0,80.0,86.0,95.0,inferred
Maidstone,2021-07-06,53.0,59.0,64.0,66.0,68.0,71.0,74.0,77.0,79.0,81.0,83.0,89.0,95.0,inferred
Maidstone,2021-07-07,59.0,67.0,71.0,73.0,74.0,77.0,80.0,83.0,86.0,88.0,91.0,95.0,104.0,inferred
Maidstone,2021-07-08,61.0,68.0,73.0,75.0,76.0,80.0,82.0,85.0,89.0,90.0,93.0,98.0,106.0,inferred
Maidstone,2021-07-09,61.0,69.0,74.0,76.0,78.0,81.0,83.0,87.0,90.0,92.0,94.0,100.0,110.0,inferred
Maidstone,2021-07-10,55.5,63.0,68.0,70.0,72.0,75.0,78.0,81.0,84.0,86.0,88.0,94.0,102.5,inferred
Maidstone,2021-07-11,64.5,71.0,76.0,77.0,79.0,83.0,86.0,89.0,93.0,95.0,97.0,103.0,112.0,inferred
Maidstone,2021-07-12,93.5,105.0,113.0,115.0,118.0,122.0,125.0,129.0,134.0,136.0,140.0,146.0,158.0,inferred
Maidstone,2021-07-13,98.5,108.0,114.0,116.0,118.7,123.0,126.0,130.4,135.0,138.0,140.0,147.0,161.0,inferred
Maidstone,2021-07-14,99.0,108.0,115.0,117.0,120.0,125.0,129.0,132.0,137.0,139.0,142.0,148.0,162.0,inferred
Maidstone,2021-07-15,92.0,102.0,108.0,111.0,113.0,117.0,121.0,125.0,129.0,132.0,134.0,141.0,153.0,inferred
Maidstone,2021-07-16,83.0,94.0,100.0,102.0,104.0,107.0,111.0,115.0,118.0,120.0,122.0,129.0,139.0,inferred
Maidstone,2021-07-17,71.0,78.0,83.0,85.0,87.0,91.0,94.0,98.0,101.0,103.0,105.0,112.0,123.5,inferred
Maidstone,2021-07-18,73.0,80.0,85.0,87.0,89.0,93.0,97.0,100.0,103.3,105.0,108.0,114.0,123.0,inferred
Maidstone,2021-07-19,99.0,108.0,115.0,118.0,120.0,124.0,128.0,132.0,136.0,139.0,142.0,149.0,161.0,inferred
Maidstone,2021-07-20,89.0,99.0,105.0,108.0,110.0,114.0,118.0,121.0,126.0,128.0,131.0,139.0,151.0,inferred
Maidstone,2021-07-21,83.0,91.0,97.0,100.0,102.0,106.0,110.0,114.0,118.0,120.0,122.0,129.0,141.0,inferred
Maidstone,2021-07-22,71.0,79.0,84.0,86.0,88.0,92.0,95.0,99.0,103.0,104.2,107.0,113.0,123.0,inferred
Maidstone,2021-07-23,57.0,65.0,70.0,72.0,74.0,77.0,81.0,84.0,87.0,88.0,91.0,97.0,107.0,inferred
Maidstone,2021-07-24,43.0,50.0,54.0,56.0,58.0,60.0,63.0,65.0,68.0,70.0,72.0,77.0,85.0,inferred
Maidstone,2021-07-25,39.5,46.0,50.0,52.0,53.0,55.0,58.0,61.0,64.0,65.0,67.0,71.1,80.0,inferred
Maidstone,2021-07-26,51.0,58.0,63.0,64.0,66.0,69.0,72.0,75.0,78.0,80.0,82.0,87.0,96.0,inferred
Maidstone,2021-07-27,46.0,52.0,56.0,58.0,60.0,63.0,66.0,69.0,72.0,73.0,75.0,81.0,89.0,inferred
Maidstone,2021-07-28,44.0,50.9,55.8,57.0,58.0,61.0,64.0,66.0,69.0,71.0,73.0,78.0,87.0,inferred
Maidstone,2021-07-29,39.0,46.0,51.0,52.0,54.0,57.0,60.0,62.0,65.0,66.0,68.0,74.0,81.0,inferred
Maidstone,2021-07-30,38.0,43.0,47.0,48.0,50.0,52.0,54.0,57.0,59.0,61.0,62.0,67.0,74.0,inferred
Maidstone,2021-07-31,29.0,34.0,38.0,39.0,40.0,43.0,45.0,47.0,50.0,51.0,53.0,57.0,63.0,inferred
Maidstone,2021-08-01,30.0,35.0,39.0,40.0,41.0,43.0,46.0,48.0,51.0,52.0,54.0,59.0,64.0,inferred
Maidstone,2021-08-02,42.0,49.0,53.0,54.0,55.0,58.6,61.0,64.0,67.0,69.0,70.0,76.0,84.0,inferred
Maidstone,2021-08-03,41.0,46.0,51.0,52.8,54.0,56.0,59.0,61.0,64.0,66.0,68.0,73.0,81.0,inferred
Maidstone,2021-08-04,42.0,47.0,52.0,53.0,55.0,57.0,60.0,63.0,66.0,67.0,69.0,74.0,82.0,inferred
Maidstone,2021-08-05,38.0,44.0,49.0,50.0,52.0,54.0,57.0,59.0,63.0,64.0,66.0,71.0,79.0,inferred
Maidstone,2021-08-06,35.0,41.0,45.0,47.0,48.0,51.0,53.0,56.0,59.0,60.0,62.0,67.0,74.0,inferred
Maidstone,2021-08-07,29.5,35.0,38.0,39.0,41.0,43.0,45.0,47.0,50.0,52.0,54.0,58.0,66.0,inferred
Maidstone,2021-08-08,31.0,36.0,40.0,41.0,43.0,45.0,47.0,50.0,52.0,54.0,55.0,59.0,66.0,inferred
Maidstone,2021-08-09,43.0,50.0,54.0,56.0,58.0,60.0,63.0,66.0,69.0,71.0,73.0,78.0,88.5,inferred
Maidstone,2021-08-10,42.0,50.0,54.0,55.0,57.0,59.0,62.0,65.0,68.0,70.0,71.2,76.0,86.0,inferred
Maidstone,2021-08-11,44.0,51.0,55.0,56.0,58.0,60.0,63.0,66.0,69.0,70.0,72.0,78.0,86.0,inferred
Maidstone,2021-08-12,41.5,48.0,52.0,54.0,55.0,58.0,61.0,64.0,67.0,68.0,70.0,75.0,83.0,inferred
Maidstone,2021-08-13,39.0,45.0,49.0,51.0,52.0,54.0,57.0,59.0,62.0,63.2,66.0,71.0,78.0,inferred
Maidstone,2021-08-14,33.0,38.0,42.0,43.0,45.0,47.0,49.0,52.0,54.0,56.0,57.0,61.0,68.0,inferred
Maidstone,2021-08-15,35.0,41.0,44.0,45.0,47.0,49.0,51.0,54.0,56.0,58.0,60.0,65.0,74.0,inferred
Maidstone,2021-08-16,50.0,58.0,61.0,63.8,65.0,68.0,71.0,74.0,77.0,79.0,81.2,87.0,96.0,inferred
Maidstone,2021-08-17,48.0,55.0,60.0,61.0,63.0,66.0,69.0,71.0,75.0,77.0,79.0,84.0,95.0,inferred
Maidstone,2021-08-18,47.0,55.0,60.0,62.0,64.0,67.0,70.0,72.0,75.0,77.0,79.0,85.0,95.0,inferred
Maidstone,2021-08-19,45.0,52.0,56.0,58.0,59.0,62.0,65.0,67.0,71.0,72.0,74.0,79.0,88.0,inferred
Maidstone,2021-08-20,40.0,47.0,51.0,53.0,54.0,57.0,60.0,62.0,65.3,68.0,69.0,75.0,84.0,inferred
Maidstone,2021-08-21,33.0,39.0,43.0,45.0,46.0,49.0,51.0,54.0,56.0,58.0,60.0,64.0,73.0,inferred
Maidstone,2021-08-22,35.0,40.0,45.0,46.0,48.0,50.0,53.0,55.0,58.0,59.0,61.0,66.0,74.0,inferred
Maidstone,2021-08-23,49.0,56.0,60.0,62.0,63.0,66.0,69.0,72.0,76.0,77.0,80.0,86.0,95.5,inferred
Maidstone,2021-08-24,46.0,54.0,58.0,60.0,62.0,65.0,68.0,71.0,74.0,76.0,77.0,83.0,92.0,inferred
Maidstone,2021-08-25,46.0,54.0,59.0,61.0,63.0,66.0,69.0,71.0,74.0,76.0,78.0,84.0,93.0,inferred
Maidstone,2021-08-26,45.0,53.0,57.0,59.0,61.0,64.0,67.0,69.0,72.0,74.0,76.0,81.0,89.0,inferred
Maidstone,2021-08-27,43.0,48.0,53.0,54.0,56.0,59.0,62.0,65.0,68.0,70.0,72.0,77.0,85.0,inferred
Maidstone,2021-08-28,37.0,42.0,46.0,47.0,49.0,51.0,54.0,56.0,59.0,60.0,62.0,67.0,74.0,inferred
Maidstone,2021-08-29,38.0,43.0,48.0,49.0,50.0,53.0,55.0,58.0,61.0,62.0,64.0,69.1,78.0,inferred
Maidstone,2021-08-30,53.0,61.0,66.0,67.0,69.0,73.0,76.0,79.0,82.0,84.0,86.0,92.0,100.5,inferred
Maidstone,2021-08-31,51.0,58.0,63.0,65.0,67.0,70.0,73.0,76.0,79.0,81.0,82.0,89.0,97.0,inferred
Maidstone,2021-09-01,50.0,58.0,62.0,64.0,66.0,69.0,72.0,75.0,78.0,79.0,82.0,87.0,97.0,inferred
Maidstone,2021-09-02,47.0,53.0,57.0,59.0,61.0,63.0,67.0,70.0,73.0,74.0,77.0,83.0,89.5,inferred
Maidstone,2021-09-03,41.0,47.0,52.0,53.0,55.0,57.0,60.0,63.0,66.0,68.0,70.0,74.1,82.0,inferred
Maidstone,2021-09-04,34.0,39.0,43.0,44.0,45.0,48.0,51.0,53.0,56.0,57.0,59.0,63.0,71.0,inferred
Maidstone,2021-09-05,33.0,39.0,43.0,45.0,46.0,48.0,51.0,53.0,56.0,57.0,59.0,63.1,71.0,inferred
Maidstone,2021-09-06,45.0,52.0,57.0,59.0,60.0,63.0,66.0,69.0,72.0,74.0,76.0,82.0,90.0,inferred
Maidstone,2021-09-07,42.5,49.0,53.0,55.0,57.0,60.0,62.0,65.0,68.0,69.0,71.0,76.0,84.0,inferred
Maidstone,2021-09-08,40.5,48.0,52.0,54.0,55.0,58.0,61.0,64.0,66.0,68.0,70.0,75.0,84.0,inferred
Maidstone,2021-09-09,38.0,44.0,48.0,49.0,51.0,53.0,55.5,58.0,61.0,62.0,64.0,69.0,77.0,inferred
Maidstone,2021-09-10,33.0,38.0,42.0,43.0,45.0,47.0,50.0,52.0,55.0,57.0,59.0,63.0,70.5,inferred
Maidstone,2021-09-11,26.0,31.0,34.0,36.0,37.0,40.0,42.0,44.0,46.0,47.0,49.0,53.0,60.0,inferred
Maidstone,2021-09-12,25.0,31.0,34.0,35.0,37.0,39.0,41.0,43.0,46.0,47.0,49.0,53.0,60.0,inferred
Maidstone,2021-09-13,35.0,41.0,45.0,47.0,48.0,51.0,53.0,56.0,58.0,60.0,62.0,67.0,76.0,inferred
Maidstone,2021-09-14,34.0,40.0,44.0,45.0,47.0,49.0,52.0,54.0,57.0,59.0,60.0,65.0,73.0,inferred
Maidstone,2021-09-15,35.0,42.0,46.0,47.0,49.0,51.0,54.0,56.0,59.0,60.0,62.0,67.0,75.0,inferred
Maidstone,2021-09-16,36.0,42.0,46.0,47.0,48.0,51.0,53.0,55.0,58.0,60.0,62.0,65.0,73.0,inferred
Maidstone,2021-09-17,34.0,39.0,43.0,45.0,46.0,48.0,51.0,53.0,56.0,57.0,59.0,64.0,70.5,inferred
Maidstone,2021-09-18,30.0,35.0,38.0,40.0,41.0,43.0,45.0,47.0,50.0,51.0,53.0,57.0,64.0,inferred
Maidstone,2021-09-19,31.5,37.0,40.0,42.0,43.0,46.0,48.0,50.0,53.0,54.0,56.0,60.0,67.0,inferred
Maidstone,2021-09-20,47.0,53.0,58.0,60.0,62.0,64.0,67.0,70.0,73.0,75.0,77.0,82.0,92.0,inferred
Maidstone,2021-09-21,46.0,53.0,57.0,59.0,61.0,64.0,66.0,69.0,72.0,74.0,76.0,81.0,90.0,inferred
Maidstone,2021-09-22,46.0,53.0,58.0,60.0,61.0,64.0,67.0,70.0,73.0,75.0,77.0,82.0,90.5,inferred
Maidstone,2021-09-23,43.0,51.0,56.0,58.0,59.0,62.0,65.0,67.0,71.0,72.0,74.0,80.0,89.0,inferred
Maidstone,2021-09-24,41.0,48.0,52.0,54.0,55.0,58.0,61.0,63.0,66.3,68.0,70.0,75.0,83.0,inferred
Maidstone,2021-09-25,35.0,41.0,45.0,46.0,48.0,50.0,52.5,55.0,58.0,60.0,61.0,65.0,72.0,inferred
Maidstone,2021-09-26,36.0,42.0,46.0,48.0,50.0,52.0,55.0,57.0,60.0,62.0,64.0,68.0,75.0,inferred
Maidstone,2021-09-27,53.0,59.9,64.0,66.0,69.0,72.0,75.0,78.0,81.0,82.0,85.0,91.0,101.0,inferred
Maidstone,2021-09-28,52.0,59.0,63.0,65.0,66.0,70.0,72.0,75.0,79.0,80.0,82.0,88.0,97.0,inferred
Maidstone,2021-09-29,51.5,59.0,64.0,66.0,68.0,71.0,74.0,76.0,80.0,82.0,84.0,89.0,98.0,inferred
Maidstone,2021-09-30,50.0,57.0,61.0,63.0,65.0,67.0,70.0,73.0,76.0,78.0,81.0,86.0,95.0,inferred
Maidstone,2021-10-01,47.0,54.0,58.0,60.0,61.0,64.0,67.0,69.0,72.0,74.0,76.0,82.0,90.0,inferred
Maidstone,2021-10-02,41.0,46.0,50.0,51.0,52.0,55.0,57.0,60.0,63.0,65.0,66.0,71.0,79.0,inferred
Maidstone,2021-10-03,41.0,47.0,51.0,52.0,54.0,57.0,59.0,62.0,65.0,67.0,69.0,73.0,81.0,inferred
Maidstone,2021-10-04,58.0,66.0,71.0,74.0,75.0,79.0,82.0,85.0,89.0,91.0,93.0,99.0,109.5,inferred
Maidstone,2021-10-05,58.0,67.0,71.0,73.0,75.0,78.0,80.0,84.0,88.0,90.0,92.0,98.0,109.0,inferred
Maidstone,2021-10-06,61.0,68.0,74.0,76.0,78.0,81.0,84.0,87.0,91.0,93.0,95.0,101.0,110.5,inferred
Maidstone,2021-10-07,62.0,68.0,73.0,75.0,77.0,80.0,83.0,87.0,90.0,92.0,94.0,101.0,110.0,inferred
Maidstone,2021-10-08,58.0,66.0,71.0,72.0,73.7,77.0,80.0,83.0,87.0,89.0,91.0,96.0,107.0,inferred
Maidstone,2021-10-09,50.0,57.0,62.0,64.0,65.0,69.0,71.0,73.4,77.0,79.0,81.0,86.0,93.5,inferred
Maidstone,2021-10-10,54.0,61.9,66.0,68.0,69.0,73.0,76.0,79.0,83.0,85.0,87.0,92.0,102.5,inferred
Maidstone,2021-10-11,77.5,86.0,92.0,95.0,97.0,101.0,104.0,108.0,112.0,115.0,117.0,124.0,135.5,inferred
Maidstone,2021-10-12,78.0,86.0,92.0,94.0,96.0,100.0,104.0,107.4,112.0,114.0,116.0,122.0,134.0,inferred
Maidstone,2021-10-13,80.0,88.0,94.0,97.0,98.0,102.6,106.0,110.0,114.0,117.0,119.2,126.0,137.0,inferred
Maidstone,2021-10-14,74.0,83.0,89.0,92.0,94.0,98.0,102.0,106.0,110.0,113.0,115.0,122.0,131.0,inferred
Maidstone,2021-10-15,69.0,78.0,84.0,86.0,89.0,93.0,96.0,100.0,104.0,107.0,109.0,117.0,130.0,inferred
Maldon,2021-07-03,5.0,7.0,9.0,10.0,11.0,12.0,14.0,15.0,17.0,18.0,19.0,22.0,27.0,inferred
Maldon,2021-07-04,7.0,9.0,12.0,12.0,13.0,15.0,16.0,18.0,19.0,20.0,22.0,25.0,29.0,inferred
Maldon,2021-07-05,11.0,15.0,18.0,19.0,20.0,22.0,24.0,25.0,27.0,28.0,29.2,33.0,38.0,inferred
Maldon,2021-07-06,12.0,15.0,18.0,19.0,20.0,22.0,24.0,26.0,28.0,29.0,31.0,34.0,42.0,inferred
Maldon,2021-07-07,14.0,17.0,20.0,22.0,23.0,24.0,26.0,28.0,30.0,31.0,32.0,36.0,42.0,inferred
Maldon,2021-07-08,14.0,18.0,21.0,22.0,23.0,25.0,27.0,29.0,32.0,33.0,35.0,38.0,44.0,inferred
Maldon,2021-07-09,14.0,18.0,21.0,22.0,23.0,25.0,27.0,28.0,31.0,32.0,34.0,38.0,45.0,inferred
Maldon,2021-07-10,14.0,17.0,20.0,21.0,22.0,24.0,26.0,28.0,30.0,31.0,32.0,36.0,42.0,inferred
Maldon,2021-07-11,16.0,19.0,23.0,24.0,25.0,27.0,29.0,31.0,33.0,34.2,36.0,40.0,46.0,inferred
Maldon,2021-07-12,26.0,31.0,34.0,36.0,37.0,40.0,42.0,45.0,47.0,49.0,51.0,56.0,64.0,inferred
Maldon,2021-07-13,26.0,31.9,35.0,36.0,38.0,40.0,42.0,45.0,48.0,50.0,51.0,57.0,65.5,inferred
Maldon,2021-07-14,27.0,32.0,36.0,37.0,39.0,41.0,44.0,46.0,49.0,51.0,53.0,57.0,64.0,inferred
Maldon,2021-07-15,25.5,31.0,34.0,36.0,37.0,40.0,42.0,45.0,47.0,49.0,51.0,55.0,63.5,inferred
Maldon,2021-07-16,23.0,27.0,31.0,32.0,33.0,36.0,38.0,40.0,43.0,44.0,46.0,50.0,58.0,inferred
Maldon,2021-07-17,18.0,22.0,25.0,27.0,28.0,30.0,32.0,35.0,37.0,38.0,40.0,44.0,52.0,inferred
Maldon,2021-07-18,19.0,23.0,26.0,27.0,29.0,31.0,33.0,35.0,37.0,39.0,40.0,45.0,52.0,inferred
Maldon,2021-07-19,27.0,32.0,36.0,38.0,39.0,41.0,44.0,46.0,49.0,51.0,53.0,57.0,65.0,inferred
Maldon,2021-07-20,24.0,29.0,33.0,34.0,35.0,38.0,40.0,42.0,45.0,46.2,49.0,53.0,61.0,inferred
Maldon,2021-07-21,21.0,26.0,30.0,31.0,33.0,35.0,37.0,39.0,42.0,44.0,45.0,50.0,57.0,inferred
Maldon,2021-07-22,18.0,23.0,26.0,27.0,28.0,30.0,33.0,35.0,37.0,38.0,40.0,44.0,50.0,inferred
Maldon,2021-07-23,14.0,18.0,21.0,22.0,23.0,25.0,27.0,29.0,31.0,33.0,34.0,38.0,44.0,inferred
Maldon,2021-07-24,10.0,13.0,15.0,16.0,17.0,19.0,21.0,22.0,24.0,25.0,27.0,29.1,34.0,inferred
Maldon,2021-07-25,9.0,12.0,14.0,15.0,16.0,17.0,19.0,20.0,22.0,23.0,24.0,28.0,33.0,inferred
Maldon,2021-07-26,11.0,15.0,18.0,19.0,20.0,22.0,23.0,25.0,27.0,28.0,30.0,33.0,40.0,inferred
Maldon,2021-07-27,9.0,13.0,15.0,16.0,17.0,19.0,20.0,22.0,24.0,25.0,26.0,30.0,35.0,inferred
Maldon,2021-07-28,10.0,13.0,15.0,16.0,17.0,19.0,20.0,22.0,24.0,25.0,26.0,29.0,35.0,inferred
Maldon,2021-07-29,8.5,12.0,14.0,15.0,16.0,17.0,19.0,20.0,22.0,23.0,24.0,28.0,33.5,inferred
Maldon,2021-07-30,7.0,10.0,12.0,13.0,14.0,16.0,17.0,19.0,21.0,22.0,23.0,26.0,32.0,inferred
Maldon,2021-07-31,6.0,8.0,10.0,11.0,11.0,13.0,14.0,16.0,17.0,18.0,19.0,22.0,27.0,inferred
Maldon,2021-08-01,5.5,8.0,10.0,11.0,12.0,13.0,15.0,16.0,18.0,19.0,20.0,23.0,28.0,inferred
Maldon,2021-08-02,9.0,12.0,15.0,15.0,16.0,18.0,20.0,22.0,23.0,24.0,26.0,29.0,35.0,inferred
Maldon,2021-08-03,8.0,12.0,14.0,15.0,16.0,17.0,19.0,21.0,23.0,24.0,25.0,28.0,34.0,inferred
Maldon,2021-08-04,9.5,12.0,15.0,16.0,17.0,18.0,20.0,22.0,23.0,25.0,26.0,29.0,35.0,inferred
Maldon,2021-08-05,9.0,12.0,14.0,15.0,16.0,18.0,20.0,21.0,23.0,24.0,25.0,29.0,35.0,inferred
Maldon,2021-08-06,8.0,11.0,14.0,15.0,15.0,17.0,18.0,20.0,22.0,23.0,24.0,27.0,33.0,inferred
Maldon,2021-08-07,6.0,9.0,11.0,12.0,13.0,14.0,16.0,18.0,19.0,20.0,22.0,25.0,30.0,inferred
Maldon,2021-08-08,7.0,10.0,12.0,13.0,14.0,15.0,17.0,19.0,20.0,21.0,22.0,25.0,31.0,inferred
Maldon,2021-08-09,11.0,15.0,18.0,19.0,20.0,22.0,23.0,25.0,27.0,28.0,30.0,34.0,40.0,inferred
Maldon,2021-08-10,11.0,15.0,17.0,18.0,19.0,21.0,23.0,24.0,26.0,28.0,29.0,33.0,38.0,inferred
Maldon,2021-08-11,11.0,14.9,17.0,18.0,19.0,21.0,22.0,24.0,26.0,28.0,29.0,33.0,40.0,inferred
Maldon,2021-08-12,10.0,14.0,17.0,18.0,18.0,20.0,22.0,24.0,26.0,27.0,28.0,32.0,37.0,inferred
Maldon,2021-08-13,10.0,13.0,15.0,16.0,17.0,19.0,21.0,23.0,24.0,26.0,27.0,30.0,37.0,inferred
Maldon,2021-08-14,7.0,10.0,12.0,13.0,14.0,16.0,17.0,19.0,21.0,22.0,23.0,26.0,31.0,inferred
Maldon,2021-08-15,8.0,11.0,13.0,14.0,15.0,16.0,18.0,20.0,21.0,23.0,24.0,27.0,32.0,inferred
Maldon,2021-08-16,12.0,16.0,19.0,20.0,21.0,22.0,24.0,26.0,28.0,29.0,31.0,35.0,41.5,inferred
Maldon,2021-08-17,11.0,15.0,18.0,19.0,20.0,22.0,23.0,25.0,27.0,28.0,30.0,34.0,39.0,inferred
Maldon,2021-08-18,12.0,15.0,18.0,19.0,20.0,22.0,24.0,25.0,27.0,28.0,30.0,33.0,39.0,inferred
Maldon,2021-08-19,11.0,14.0,17.0,18.0,19.0,20.0,22.0,24.0,26.0,27.0,28.0,32.0,39.0,inferred
Maldon,2021-08-20,9.0,13.0,15.0,16.0,17.0,19.0,20.0,22.0,24.0,25.0,26.0,29.0,36.0,inferred
Maldon,2021-08-21,7.0,10.0,12.0,13.0,13.0,15.0,17.0,18.0,20.0,21.0,22.0,25.0,30.0,inferred
Maldon,2021-08-22,7.0,10.0,13.0,14.0,14.0,16.0,17.0,19.0,21.0,22.0,23.0,26.0,31.5,inferred
Maldon,2021-08-23,11.0,15.0,17.0,18.0,19.0,21.0,23.0,25.0,27.0,28.0,29.0,33.0,40.0,inferred
Maldon,2021-08-24,10.0,14.0,17.0,17.0,18.0,20.0,22.0,24.0,25.0,27.0,28.0,31.0,37.0,inferred
Maldon,2021-08-25,11.0,14.0,17.0,18.0,18.0,20.0,22.0,24.0,26.0,27.0,28.0,32.0,37.0,inferred
Maldon,2021-08-26,10.0,13.0,16.0,17.0,18.0,19.0,21.0,23.0,25.0,26.0,28.0,31.0,37.5,inferred
Maldon,2021-08-27,9.0,12.0,15.0,16.0,16.0,18.0,20.0,21.0,23.0,25.0,26.0,29.0,35.0,inferred
Maldon,2021-08-28,7.0,10.0,13.0,13.0,14.0,16.0,17.0,19.0,21.0,21.0,23.0,26.0,32.0,inferred
Maldon,2021-08-29,8.0,11.0,13.0,14.0,15.0,17.0,18.0,20.0,22.0,23.0,24.0,28.0,33.0,inferred
Maldon,2021-08-30,13.0,17.0,19.0,20.0,22.0,24.0,26.0,27.0,29.0,31.0,32.0,36.0,44.0,inferred
Maldon,2021-08-31,12.0,17.0,19.0,20.0,21.0,23.0,25.0,27.0,29.0,30.0,32.0,35.0,41.0,inferred
Maldon,2021-09-01,14.0,18.0,21.0,22.0,23.0,25.0,26.0,28.0,30.0,31.2,33.0,36.0,42.0,inferred
Maldon,2021-09-02,13.0,18.0,20.0,21.0,22.0,24.0,26.0,28.0,30.0,31.0,33.0,36.0,42.0,inferred
Maldon,2021-09-03,12.0,16.0,19.0,20.0,21.0,23.0,25.0,26.0,28.3,30.0,31.0,34.0,40.0,inferred
Maldon,2021-09-04,10.0,13.0,16.0,17.0,18.0,19.0,21.0,23.0,25.0,26.0,27.0,31.0,37.0,inferred
Maldon,2021-09-05,11.0,15.0,17.0,18.0,19.0,21.0,22.0,24.0,26.0,27.0,28.0,32.0,38.0,inferred
Maldon,2021-09-06,16.5,21.0,24.0,25.0,26.0,29.0,31.0,33.0,35.0,36.0,37.2,41.1,49.0,inferred
Maldon,2021-09-07,15.0,19.0,22.0,23.0,24.0,26.0,28.0,31.0,33.0,34.0,36.0,39.0,45.0,inferred
Maldon,2021-09-08,15.0,19.0,22.0,23.0,24.0,26.0,28.0,30.0,32.0,34.0,35.0,39.0,46.0,inferred
Maldon,2021-09-09,14.0,17.0,20.0,21.0,22.0,24.0,26.0,28.0,30.0,32.0,33.0,37.0,43.0,inferred
Maldon,2021-09-10,11.5,15.0,18.0,19.0,20.0,21.0,23.0,25.0,27.0,29.0,30.0,34.0,40.0,inferred
Maldon,2021-09-11,8.0,11.0,13.8,14.0,15.0,17.0,18.0,20.0,22.0,23.0,24.0,27.0,33.0,inferred
Maldon,2021-09-12,8.0,11.0,13.0,14.0,15.0,17.0,18.0,20.0,22.0,23.0,24.0,28.0,35.0,inferred
Maldon,2021-09-13,12.0,15.0,18.0,19.0,20.0,22.0,24.0,26.0,28.0,29.0,31.0,34.1,42.0,inferred
Maldon,2021-09-14,11.0,14.0,17.0,18.0,19.0,21.0,23.0,25.0,26.0,28.0,29.0,33.0,39.0,inferred
Maldon,2021-09-15,11.0,15.0,17.0,18.0,19.0,21.0,23.0,25.0,27.0,28.0,30.0,33.0,39.0,inferred
Maldon,2021-09-16,11.0,14.0,16.0,17.0,18.0,20.0,22.0,24.0,26.0,27.0,28.0,32.0,38.0,inferred
Maldon,2021-09-17,9.0,12.0,15.0,16.0,17.0,19.0,20.0,22.0,24.0,25.0,26.0,29.0,35.0,inferred
Maldon,2021-09-18,8.0,10.0,13.0,13.0,14.0,16.0,17.0,18.0,20.0,21.0,22.0,26.0,32.0,inferred
Maldon,2021-09-19,8.0,11.0,13.0,14.0,15.0,16.0,18.0,19.0,21.0,22.0,23.0,27.0,32.0,inferred
Maldon,2021-09-20,12.0,15.0,18.0,19.0,20.0,22.0,24.0,26.0,28.0,30.0,31.0,35.0,41.0,inferred
Maldon,2021-09-21,11.0,15.0,17.0,18.0,19.0,21.0,23.0,25.0,27.0,28.0,29.0,32.0,39.0,inferred
Maldon,2021-09-22,11.0,14.0,17.0,18.0,19.0,21.0,22.0,24.0,26.0,27.0,29.0,33.0,37.0,inferred
Maldon,2021-09-23,9.0,13.0,16.0,17.0,18.0,19.6,21.0,23.0,25.0,26.0,27.0,31.0,37.0,inferred
Maldon,2021-09-24,8.0,11.0,14.0,15.0,15.0,17.0,19.0,20.0,22.0,23.0,25.0,28.0,33.0,inferred
Maldon,2021-09-25,6.0,9.0,11.0,12.0,12.0,14.0,15.0,17.0,18.0,19.0,20.0,24.0,29.0,inferred
Maldon,2021-09-26,6.0,9.0,11.0,12.0,12.0,14.0,15.0,17.0,19.0,19.0,20.2,24.0,29.0,inferred
Maldon,2021-09-27,9.0,13.0,15.0,16.0,17.0,19.0,20.0,22.0,24.0,25.0,26.0,30.0,37.0,inferred
Maldon,2021-09-28,9.0,12.0,14.0,15.0,16.0,18.0,19.0,21.0,22.0,23.0,25.0,28.0,34.0,inferred
Maldon,2021-09-29,8.0,12.0,14.0,15.0,16.0,18.0,19.0,21.0,23.0,24.0,25.0,29.0,34.0,inferred
Maldon,2021-09-30,8.0,11.0,14.0,15.0,16.0,17.0,19.0,20.0,22.0,23.0,25.0,28.0,34.0,inferred
Maldon,2021-10-01,7.0,10.0,13.0,13.8,14.0,16.0,18.0,19.0,21.0,22.0,23.0,27.0,32.0,inferred
Maldon,2021-10-02,5.0,8.0,11.0,11.0,12.0,14.0,15.0,17.0,18.0,19.0,20.0,23.0,28.0,inferred
Maldon,2021-10-03,6.0,9.0,11.0,11.0,12.0,14.0,15.0,17.0,18.0,19.0,20.0,24.0,29.0,inferred
Maldon,2021-10-04,9.0,13.0,15.0,17.0,18.0,20.0,21.0,23.0,25.0,26.0,27.0,31.0,36.0,inferred
Maldon,2021-10-05,10.0,13.0,16.0,17.0,18.0,20.0,21.0,23.0,25.0,26.0,27.0,31.0,37.0,inferred
Maldon,2021-10-06,11.0,15.0,18.0,19.0,20.0,22.0,23.0,25.0,27.0,29.0,30.0,34.0,40.0,inferred
Maldon,2021-10-07,13.0,16.9,19.0,20.0,21.0,23.0,25.0,27.0,29.0,30.0,32.0,35.0,42.0,inferred
Maldon,2021-10-08,12.0,16.0,19.0,20.0,21.0,23.0,24.0,27.0,29.0,30.0,32.0,36.0,41.0,inferred
Maldon,2021-10-09,11.0,14.0,17.0,18.0,19.0,21.0,23.0,25.0,27.0,28.0,29.0,32.0,39.0,inferred
Maldon,2021-10-10,13.0,17.0,20.0,21.0,22.0,24.0,26.0,28.0,30.0,31.0,33.0,36.0,42.5,inferred
Maldon,2021-10-11,22.0,26.0,30.0,31.0,32.0,35.0,37.0,40.0,42.0,44.0,46.0,50.0,58.5,inferred
Maldon,2021-10-12,22.0,26.0,30.0,32.0,33.0,36.0,38.0,40.0,42.0,44.0,45.0,50.0,58.0,inferred
Maldon,2021-10-13,22.0,28.0,31.0,33.0,34.0,36.0,38.0,41.0,44.0,46.0,47.0,52.0,60.0,inferred
Maldon,2021-10-14,21.0,26.0,30.0,32.0,33.0,36.0,38.0,40.0,43.0,45.0,46.0,51.0,59.0,inferred
Maldon,2021-10-15,18.5,24.0,28.0,29.0,30.0,33.0,35.0,38.0,40.0,42.0,44.0,49.0,57.0,inferred
Malvern Hills,2021-07-03,6.0,9.0,10.8,11.0,12.0,13.0,14.5,16.0,18.0,18.0,19.2,22.0,27.0,inferred
Malvern Hills,2021-07-04,7.0,10.0,12.0,13.0,14.0,15.0,17.0,18.0,20.0,21.0,22.0,25.0,30.0,inferred
Malvern Hills,2021-07-05,13.0,16.0,19.0,20.0,21.0,22.0,24.0,26.0,28.0,30.0,31.0,35.0,40.5,inferred
Malvern Hills,2021-07-06,13.0,17.0,20.0,21.0,22.0,24.0,25.5,27.0,29.3,31.0,32.0,36.0,42.0,inferred
Malvern Hills,2021-07-07,15.0,19.0,21.0,23.0,24.0,26.0,28.0,30.0,32.0,33.0,35.0,39.0,46.0,inferred
Malvern Hills,2021-07-08,16.0,20.0,24.0,25.0,26.0,28.0,30.0,32.0,34.0,35.0,37.0,41.0,48.0,inferred
Malvern Hills,2021-07-09,16.0,21.0,24.0,25.0,26.0,28.0,30.0,32.0,34.0,36.0,37.0,41.0,48.0,inferred
Malvern Hills,2021-07-10,15.5,19.0,22.0,23.0,25.0,26.6,28.0,31.0,33.0,34.0,35.0,39.0,45.0,inferred
Malvern Hills,2021-07-11,18.0,23.0,26.0,27.0,29.0,31.0,33.0,35.0,38.0,39.0,41.0,46.0,53.0,inferred
Malvern Hills,2021-07-12,31.0,37.0,41.0,43.0,44.0,47.0,49.5,52.0,55.0,57.0,59.0,64.0,73.0,inferred
Malvern Hills,2021-07-13,30.0,36.0,40.0,42.0,44.0,46.6,49.0,52.0,55.0,56.0,58.0,64.0,72.0,inferred
Malvern Hills,2021-07-14,29.0,35.0,40.0,41.0,42.0,45.0,48.0,51.0,54.0,56.0,58.0,63.0,71.0,inferred
Malvern Hills,2021-07-15,26.0,32.0,36.0,38.0,39.0,42.0,44.0,47.0,50.0,51.0,53.0,59.0,65.0,inferred
Malvern Hills,2021-07-16,23.0,28.0,31.0,33.0,34.0,36.0,38.0,40.0,43.0,45.0,47.0,51.0,60.0,inferred
Malvern Hills,2021-07-17,16.0,21.0,24.0,25.0,27.0,29.0,31.0,33.0,35.0,37.0,38.0,42.0,50.0,inferred
Malvern Hills,2021-07-18,16.0,21.0,24.0,26.0,27.0,29.0,31.0,33.0,35.0,37.0,38.0,42.0,50.0,inferred
Malvern Hills,2021-07-19,23.0,29.0,33.0,34.0,36.0,38.0,40.0,43.0,45.0,47.0,48.0,53.0,60.5,inferred
Malvern Hills,2021-07-20,19.0,24.0,28.0,29.0,31.0,33.0,35.0,38.0,40.0,41.0,43.0,47.0,55.0,inferred
Malvern Hills,2021-07-21,18.0,23.0,26.0,27.0,28.0,30.0,32.0,34.0,36.3,38.0,40.0,44.0,51.0,inferred
Malvern Hills,2021-07-22,14.0,18.0,21.0,22.0,24.0,26.0,28.0,30.0,32.0,34.0,35.0,39.0,45.0,inferred
Malvern Hills,2021-07-23,11.0,14.0,17.0,18.0,19.0,21.0,23.0,24.0,27.0,28.0,29.0,33.0,39.0,inferred
Malvern Hills,2021-07-24,7.0,10.0,12.0,13.0,14.0,15.0,17.0,19.0,21.0,22.0,23.0,26.0,31.5,inferred
Malvern Hills,2021-07-25,7.0,10.0,12.0,13.0,14.0,15.0,17.0,18.0,20.0,21.0,22.0,25.0,31.0,inferred
Malvern Hills,2021-07-26,10.0,13.0,16.0,16.0,17.0,19.0,21.0,22.4,24.0,25.0,27.0,30.0,36.0,inferred
Malvern Hills,2021-07-27,8.0,11.0,13.8,14.0,15.0,16.0,18.0,20.0,22.0,23.0,24.0,27.0,32.5,inferred
Malvern Hills,2021-07-28,8.0,11.0,13.0,14.0,15.0,17.0,18.0,20.0,22.0,23.0,24.0,27.0,33.0,inferred
Malvern Hills,2021-07-29,6.5,10.0,12.0,13.0,14.0,15.0,17.0,19.0,21.0,22.0,23.0,26.0,32.0,inferred
Malvern Hills,2021-07-30,5.0,9.0,10.0,12.0,12.0,13.0,15.0,17.0,19.0,20.0,21.0,24.0,28.0,inferred
Malvern Hills,2021-07-31,4.0,7.0,9.0,9.0,10.0,11.0,13.0,14.0,16.0,17.0,18.0,21.0,26.0,inferred
Malvern Hills,2021-08-01,5.0,7.0,9.0,10.0,11.0,12.0,14.0,15.0,17.0,18.0,19.0,22.0,27.0,inferred
Malvern Hills,2021-08-02,7.0,11.0,13.0,14.0,15.0,17.0,19.0,20.0,22.0,23.0,24.0,28.0,33.0,inferred
Malvern Hills,2021-08-03,8.0,11.0,13.0,14.0,15.0,16.0,18.0,19.0,21.0,22.0,23.0,27.0,33.0,inferred
Malvern Hills,2021-08-04,8.0,11.0,13.0,14.0,15.0,16.0,18.0,20.0,22.0,23.0,24.0,28.0,33.0,inferred
Malvern Hills,2021-08-05,8.0,11.0,13.0,14.0,15.0,17.0,18.0,20.0,22.0,23.0,24.0,27.0,33.0,inferred
Malvern Hills,2021-08-06,7.0,10.0,13.0,14.0,15.0,16.0,17.0,19.0,21.0,22.0,23.0,26.0,32.0,inferred
Malvern Hills,2021-08-07,6.0,9.0,11.0,12.0,13.0,14.0,16.0,17.0,19.0,20.0,21.0,24.0,30.0,inferred
Malvern Hills,2021-08-08,7.0,10.0,12.0,13.0,14.0,16.0,17.0,19.0,21.0,22.0,23.0,26.0,31.0,inferred
Malvern Hills,2021-08-09,12.0,16.0,19.0,20.0,21.0,23.0,25.0,27.0,29.0,30.2,32.0,36.0,42.0,inferred
Malvern Hills,2021-08-10,12.0,16.0,19.0,20.0,21.0,22.0,24.0,26.0,28.0,30.0,31.0,35.0,42.0,inferred
Malvern Hills,2021-08-11,13.0,16.0,19.0,20.0,21.0,23.0,25.0,27.0,29.0,30.0,31.0,35.0,42.0,inferred
Malvern Hills,2021-08-12,12.0,16.0,18.0,19.0,20.0,23.0,25.0,27.0,29.0,30.0,32.0,36.0,42.0,inferred
Malvern Hills,2021-08-13,11.0,15.0,17.0,18.0,19.0,21.0,23.0,25.0,27.0,28.0,29.0,33.0,38.0,inferred
Malvern Hills,2021-08-14,9.0,13.0,15.0,16.0,17.0,19.0,20.0,22.0,24.0,25.0,26.0,30.0,36.0,inferred
Malvern Hills,2021-08-15,11.0,14.0,17.0,18.0,19.0,20.0,22.0,24.0,26.0,27.0,28.0,32.0,39.0,inferred
Malvern Hills,2021-08-16,16.5,22.0,25.0,26.0,27.0,29.0,32.0,34.0,36.0,37.0,39.0,43.0,50.0,inferred
Malvern Hills,2021-08-17,16.0,21.0,24.0,25.0,26.0,28.0,30.0,32.0,35.0,36.0,37.0,42.0,49.0,inferred
Malvern Hills,2021-08-18,16.0,20.0,24.0,25.0,26.0,28.0,30.0,33.0,35.0,37.0,38.0,42.0,49.0,inferred
Malvern Hills,2021-08-19,15.0,19.0,22.0,24.0,25.0,27.0,29.0,31.0,33.0,35.0,36.0,40.0,47.0,inferred
Malvern Hills,2021-08-20,13.0,18.0,20.0,21.0,22.0,24.0,26.0,28.0,30.0,31.0,33.0,37.0,43.0,inferred
Malvern Hills,2021-08-21,10.0,14.0,16.0,17.0,18.0,20.0,21.0,23.0,25.0,26.0,27.0,31.0,37.5,inferred
Malvern Hills,2021-08-22,11.0,14.0,17.0,18.0,19.0,21.0,22.0,24.0,26.0,27.0,29.0,33.0,39.0,inferred
Malvern Hills,2021-08-23,16.0,21.0,24.0,25.0,26.0,28.0,30.0,32.0,35.0,36.0,38.0,43.0,49.0,inferred
Malvern Hills,2021-08-24,15.0,19.0,22.0,24.0,25.0,27.0,29.0,31.0,33.0,35.0,36.0,40.1,47.5,inferred
Malvern Hills,2021-08-25,15.0,19.0,22.0,23.0,24.0,26.0,28.0,30.0,33.0,34.0,35.0,39.0,46.0,inferred
Malvern Hills,2021-08-26,14.0,18.0,21.0,22.0,23.0,25.0,27.0,29.0,31.0,32.0,34.0,38.0,45.0,inferred
Malvern Hills,2021-08-27,12.0,16.0,19.0,20.0,21.0,23.0,25.0,26.0,28.0,30.0,31.0,34.0,41.0,inferred
Malvern Hills,2021-08-28,10.0,13.0,15.0,16.0,17.0,19.0,21.0,22.0,24.0,25.0,26.0,30.0,35.0,inferred
Malvern Hills,2021-08-29,10.0,14.0,16.0,17.0,18.0,20.0,22.0,24.0,26.0,27.0,28.0,32.0,37.0,inferred
Malvern Hills,2021-08-30,15.0,20.0,23.0,25.0,26.0,28.0,30.0,32.0,34.0,35.0,37.0,41.0,47.0,inferred
Malvern Hills,2021-08-31,15.0,19.0,21.0,22.0,23.0,25.0,27.0,29.0,32.0,33.0,34.0,38.0,45.0,inferred
Malvern Hills,2021-09-01,13.0,18.0,21.0,22.0,23.0,25.0,27.0,29.0,31.0,32.0,34.0,38.0,45.0,inferred
Malvern Hills,2021-09-02,13.0,17.0,20.0,21.0,22.0,24.0,26.0,27.0,30.0,31.0,32.0,36.0,43.0,inferred
Malvern Hills,2021-09-03,11.0,14.0,16.0,17.0,19.0,20.0,22.0,24.0,26.0,27.0,28.0,32.0,38.0,inferred
Malvern Hills,2021-09-04,8.0,11.0,14.0,14.0,15.0,17.0,19.0,20.0,22.0,23.0,24.0,28.0,33.0,inferred
Malvern Hills,2021-09-05,9.0,12.0,14.0,15.0,16.0,18.0,20.0,22.0,23.0,24.0,26.0,29.0,35.0,inferred
Malvern Hills,2021-09-06,13.0,16.0,20.0,21.0,22.0,24.0,25.0,27.0,30.0,31.0,32.0,36.0,43.0,inferred
Malvern Hills,2021-09-07,11.0,15.0,18.0,19.0,20.0,22.0,24.0,25.0,28.0,29.0,30.0,34.0,40.5,inferred
Malvern Hills,2021-09-08,11.0,14.0,17.0,18.0,19.0,21.0,23.0,24.0,26.0,27.0,29.0,32.0,38.0,inferred
Malvern Hills,2021-09-09,10.0,13.0,16.0,17.0,18.0,20.0,21.0,23.0,25.0,26.0,28.0,31.0,36.0,inferred
Malvern Hills,2021-09-10,8.0,11.0,13.0,14.0,15.0,17.0,18.0,20.0,21.0,22.0,24.0,27.0,33.0,inferred
Malvern Hills,2021-09-11,5.0,8.0,10.0,11.0,12.0,13.0,15.0,16.0,18.0,19.0,20.0,23.0,27.0,inferred
Malvern Hills,2021-09-12,6.0,9.0,11.0,11.0,12.0,14.0,15.0,16.0,18.0,19.0,20.0,24.0,30.0,inferred
Malvern Hills,2021-09-13,9.0,13.0,15.0,16.0,17.0,19.0,20.0,22.0,23.0,24.0,26.0,29.0,35.0,inferred
Malvern Hills,2021-09-14,8.0,12.0,14.0,15.0,16.0,17.0,19.0,21.0,23.0,24.0,25.0,28.0,34.0,inferred
Malvern Hills,2021-09-15,9.0,13.0,15.0,16.0,17.0,19.0,20.0,22.0,24.0,25.0,26.0,29.0,35.0,inferred
Malvern Hills,2021-09-16,9.0,12.0,15.0,16.0,17.0,18.0,20.0,22.0,24.0,25.0,26.0,30.0,36.0,inferred
Malvern Hills,2021-09-17,8.0,12.0,14.0,15.0,16.0,18.0,19.0,21.0,23.0,24.0,25.0,28.0,33.0,inferred
Malvern Hills,2021-09-18,7.0,10.0,12.0,13.0,13.0,15.0,16.0,18.0,20.0,21.0,22.0,25.0,31.0,inferred
Malvern Hills,2021-09-19,8.0,11.0,14.0,15.0,15.0,17.0,19.0,20.0,22.0,23.0,24.0,28.0,33.0,inferred
Malvern Hills,2021-09-20,13.0,18.0,20.0,21.0,22.0,25.0,27.0,29.0,31.0,32.0,34.0,38.0,44.0,inferred
Malvern Hills,2021-09-21,13.0,17.0,20.0,21.0,22.0,24.0,26.0,28.0,30.0,31.0,33.0,36.0,43.0,inferred
Malvern Hills,2021-09-22,14.0,17.0,20.0,21.0,23.0,25.0,27.0,29.0,31.0,32.0,34.0,38.0,44.0,inferred
Malvern Hills,2021-09-23,14.0,17.0,20.0,21.0,22.0,24.0,26.0,28.0,30.0,31.2,33.0,37.0,44.0,inferred
Malvern Hills,2021-09-24,10.0,14.0,18.0,19.0,20.0,22.0,23.5,25.0,28.0,29.0,30.0,34.0,40.5,inferred
Malvern Hills,2021-09-25,9.0,13.0,15.0,16.0,17.0,19.0,21.0,23.0,24.0,26.0,27.0,30.0,37.0,inferred
Malvern Hills,2021-09-26,10.0,14.0,17.0,18.0,19.0,20.0,22.0,24.0,26.0,27.0,28.0,32.0,39.0,inferred
Malvern Hills,2021-09-27,16.0,20.0,23.0,25.0,26.0,28.0,30.0,32.0,35.0,36.0,38.0,42.0,49.0,inferred
Malvern Hills,2021-09-28,15.0,20.0,23.0,24.0,25.0,27.0,29.0,31.0,33.0,34.0,36.0,40.0,48.0,inferred
Malvern Hills,2021-09-29,16.0,20.0,23.0,24.0,25.0,27.0,29.0,31.0,34.0,35.0,36.0,40.0,47.0,inferred
Malvern Hills,2021-09-30,14.5,18.0,21.0,23.0,24.0,26.0,28.0,30.0,32.0,33.0,35.0,39.0,45.0,inferred
Malvern Hills,2021-10-01,12.0,16.0,19.0,20.0,21.0,23.0,25.0,27.0,29.0,30.0,31.0,35.0,41.0,inferred
Malvern Hills,2021-10-02,10.0,13.0,16.0,17.0,18.0,20.0,21.0,23.0,25.0,26.0,28.0,31.0,37.0,inferred
Malvern Hills,2021-10-03,10.0,14.0,17.0,18.0,19.0,20.6,22.0,24.0,26.0,27.0,29.0,32.0,38.0,inferred
Malvern Hills,2021-10-04,17.0,20.0,24.0,25.0,27.0,28.0,30.0,33.0,35.0,36.0,38.0,42.1,50.0,inferred
Malvern Hills,2021-10-05,15.5,20.0,23.0,24.0,25.0,27.0,29.0,31.0,34.0,36.0,38.0,42.0,49.0,inferred
Malvern Hills,2021-10-06,16.0,21.0,24.0,25.0,26.7,29.0,31.0,33.0,36.0,37.0,38.0,43.0,49.0,inferred
Malvern Hills,2021-10-07,16.0,21.0,24.0,26.0,27.0,29.0,31.0,33.0,36.0,37.0,39.0,43.0,50.0,inferred
Malvern Hills,2021-10-08,16.0,20.0,23.0,24.0,25.0,27.0,29.0,31.0,34.0,35.0,37.0,41.0,47.0,inferred
Malvern Hills,2021-10-09,14.0,17.0,20.0,21.0,22.0,24.0,26.0,28.0,30.0,31.2,33.0,37.0,44.5,inferred
Malvern Hills,2021-10-10,16.0,20.0,23.0,24.0,25.0,27.0,29.0,32.0,34.0,35.0,37.0,40.0,48.0,inferred
Malvern Hills,2021-10-11,25.0,30.0,34.0,36.0,37.0,40.0,42.0,45.0,48.0,49.0,51.0,56.0,64.0,inferred
Malvern Hills,2021-10-12,24.0,30.0,34.0,35.0,37.0,39.0,42.0,44.0,47.0,49.0,51.0,56.0,65.0,inferred
Malvern Hills,2021-10-13,27.0,31.0,35.0,37.0,38.0,41.0,44.0,46.0,49.0,51.0,53.0,58.0,66.5,inferred
Malvern Hills,2021-10-14,26.0,31.0,36.0,37.0,39.0,42.0,44.0,47.0,50.0,52.0,54.0,59.0,68.0,inferred
Malvern Hills,2021-10-15,24.0,30.0,34.0,35.0,36.0,39.0,42.0,45.0,48.0,50.0,52.0,57.0,66.0,inferred
Manchester,2021-07-03,264.0,283.0,295.0,300.0,303.0,311.0,318.0,325.0,332.0,336.0,342.0,354.0,374.5,inferred
Manchester,2021-07-04,283.0,301.9,313.0,318.0,323.0,330.0,338.0,345.0,353.0,358.0,363.0,376.0,399.5,inferred
Manchester,2021-07-05,413.5,434.0,449.0,453.0,459.0,468.0,476.0,485.0,494.0,499.2,504.2,519.0,541.0,inferred
Manchester,2021-07-06,390.0,412.0,425.0,430.0,434.7,444.0,452.0,462.0,470.3,476.0,483.0,498.0,525.0,inferred
Manchester,2021-07-07,392.5,416.0,431.0,437.0,441.0,451.0,461.0,470.0,479.0,484.0,491.0,504.0,528.0,inferred
Manchester,2021-07-08,384.0,408.0,423.0,429.0,435.0,444.0,451.5,460.0,470.0,475.0,481.0,497.0,522.0,inferred
Manchester,2021-07-09,340.0,365.0,379.0,385.8,390.0,397.6,406.0,415.0,424.0,429.0,434.2,449.0,469.0,inferred
Manchester,2021-07-10,289.0,309.0,321.0,327.0,332.0,340.0,349.0,356.0,364.0,368.0,374.0,387.0,407.0,inferred
Manchester,2021-07-11,311.0,332.0,345.8,351.0,356.0,364.0,373.0,383.0,391.0,397.0,402.0,415.1,437.0,inferred
Manchester,2021-07-12,449.0,475.0,494.0,499.0,506.0,519.0,531.0,541.0,553.0,559.0,567.2,586.0,615.0,inferred
Manchester,2021-07-13,425.0,449.9,466.0,473.0,478.0,487.0,497.0,508.0,518.0,524.0,532.2,551.0,579.5,inferred
Manchester,2021-07-14,421.5,445.0,461.0,467.0,473.0,482.0,491.0,500.0,510.3,516.2,523.2,542.1,570.0,inferred
Manchester,2021-07-15,395.5,417.0,434.0,440.0,445.0,454.0,463.0,472.0,483.0,488.0,493.0,508.1,533.5,inferred
Manchester,2021-07-16,338.0,360.0,374.0,379.0,384.0,392.0,401.0,407.0,417.0,422.0,427.0,442.0,466.5,inferred
Manchester,2021-07-17,266.0,287.0,300.0,305.0,309.0,317.0,325.0,333.0,341.0,344.0,350.0,364.0,386.0,inferred
Manchester,2021-07-18,277.5,298.0,311.0,316.0,320.0,328.0,335.0,343.0,350.0,355.0,361.0,375.0,402.0,inferred
Manchester,2021-07-19,381.0,405.0,421.0,427.0,432.0,442.0,450.0,459.4,469.0,476.0,482.0,501.0,526.5,inferred
Manchester,2021-07-20,342.5,363.0,378.0,384.0,389.0,397.0,406.0,415.4,426.0,431.0,437.0,454.0,479.0,inferred
Manchester,2021-07-21,323.5,347.0,358.0,364.0,369.0,377.0,385.0,394.0,403.0,409.0,415.0,431.0,456.0,inferred
Manchester,2021-07-22,286.0,308.0,320.0,325.8,331.0,339.0,347.0,355.0,362.0,367.0,373.0,386.1,408.5,inferred
Manchester,2021-07-23,237.0,253.9,265.0,270.0,274.0,283.0,290.0,296.0,305.0,309.0,313.0,326.0,349.5,inferred
Manchester,2021-07-24,181.5,195.0,206.0,210.0,214.0,220.0,225.0,231.0,238.0,242.0,247.0,258.0,274.0,inferred
Manchester,2021-07-25,178.0,195.0,204.0,208.0,211.7,218.0,225.0,231.0,237.0,241.0,245.0,256.0,278.0,inferred
Manchester,2021-07-26,238.0,255.9,267.0,272.0,277.0,285.0,293.0,301.0,309.0,314.0,318.0,332.0,354.5,inferred
Manchester,2021-07-27,219.0,237.9,250.0,254.0,257.0,264.0,271.5,279.0,287.0,292.0,297.0,311.0,330.0,inferred
Manchester,2021-07-28,222.5,241.0,253.0,258.0,262.0,269.0,277.0,284.0,292.0,297.0,302.2,314.0,334.0,inferred
Manchester,2021-07-29,223.0,241.0,251.0,255.0,258.0,266.0,273.0,280.0,289.0,293.0,298.0,311.0,332.5,inferred
Manchester,2021-07-30,200.0,216.9,226.8,232.0,235.0,243.0,249.0,256.0,263.0,267.0,271.0,282.1,299.0,inferred
Manchester,2021-07-31,167.0,181.0,193.0,196.0,199.0,205.0,210.0,217.0,224.0,228.0,234.0,245.0,262.0,inferred
Manchester,2021-08-01,182.5,196.0,206.8,211.0,215.7,223.0,229.0,236.0,242.0,246.0,250.0,263.0,283.5,inferred
Manchester,2021-08-02,263.0,281.9,295.0,301.0,304.0,313.0,321.0,330.0,338.0,344.0,349.0,362.1,385.0,inferred
Manchester,2021-08-03,251.0,269.0,281.0,285.0,290.0,297.0,305.0,313.4,321.0,326.0,330.2,343.1,367.0,inferred
Manchester,2021-08-04,255.0,271.0,283.0,287.0,291.0,298.0,306.5,314.0,322.3,327.0,333.0,348.0,369.0,inferred
Manchester,2021-08-05,244.5,263.0,275.0,278.0,282.0,290.0,297.0,304.4,312.0,316.0,320.0,334.0,358.5,inferred
Manchester,2021-08-06,215.0,230.0,241.0,245.0,249.0,256.0,262.0,269.0,277.0,281.0,287.0,297.0,317.5,inferred
Manchester,2021-08-07,173.0,189.0,201.0,205.0,208.0,214.0,221.0,226.0,233.0,237.0,241.0,253.0,275.0,inferred
Manchester,2021-08-08,187.0,202.0,213.0,217.0,221.0,228.0,234.0,240.4,248.0,252.0,257.0,268.0,287.5,inferred
Manchester,2021-08-09,266.0,285.0,297.0,303.0,306.0,315.0,323.0,331.0,338.0,343.0,349.0,364.0,386.0,inferred
Manchester,2021-08-10,248.0,264.0,278.0,283.0,288.0,295.0,303.0,310.0,318.0,324.0,329.0,342.0,366.0,inferred
Manchester,2021-08-11,249.0,266.0,279.0,283.0,288.0,295.0,302.0,310.0,319.0,324.0,329.0,343.0,365.0,inferred
Manchester,2021-08-12,235.5,253.0,267.0,271.0,274.0,282.0,289.5,296.0,303.0,307.0,312.0,325.0,341.0,inferred
Manchester,2021-08-13,206.0,221.0,231.0,235.0,239.0,245.0,252.0,258.0,266.0,270.0,274.2,286.0,306.5,inferred
Manchester,2021-08-14,164.0,182.0,191.0,195.0,198.0,204.0,210.0,216.0,223.0,227.0,231.0,242.0,259.5,inferred
Manchester,2021-08-15,176.0,189.0,200.0,204.0,208.0,214.0,220.0,226.0,233.0,237.0,241.0,253.0,269.0,inferred
Manchester,2021-08-16,246.5,261.0,274.0,279.0,284.0,292.0,299.0,306.4,315.0,321.0,326.0,339.0,363.0,inferred
Manchester,2021-08-17,227.0,245.0,256.0,261.0,265.0,273.0,280.0,289.0,297.0,301.0,305.2,320.0,341.5,inferred
Manchester,2021-08-18,224.0,245.0,256.0,261.0,265.0,272.0,279.0,285.0,294.0,298.0,302.0,317.0,337.5,inferred
Manchester,2021-08-19,214.5,234.0,244.0,248.0,253.0,259.0,266.0,273.0,281.0,285.0,289.0,304.0,326.0,inferred
Manchester,2021-08-20,188.0,202.0,212.0,216.0,220.0,227.0,234.0,240.0,247.0,251.0,256.0,268.0,287.0,inferred
Manchester,2021-08-21,151.0,165.0,175.0,178.8,182.0,188.0,193.0,199.0,204.0,207.0,211.0,223.0,241.5,inferred
Manchester,2021-08-22,157.0,175.0,185.0,188.8,192.0,198.0,205.0,210.0,216.0,221.0,225.0,236.0,253.0,inferred
Manchester,2021-08-23,228.0,246.0,257.0,262.0,265.7,274.0,281.0,289.0,296.0,300.0,305.0,318.0,340.5,inferred
Manchester,2021-08-24,212.0,228.0,239.8,244.0,247.7,256.0,262.0,269.0,277.0,282.0,287.0,298.1,318.0,inferred
Manchester,2021-08-25,214.0,228.0,239.0,244.0,248.0,255.0,262.0,269.0,276.0,280.0,286.0,297.1,317.5,inferred
Manchester,2021-08-26,203.5,221.0,231.0,235.0,239.0,246.0,253.0,259.0,266.0,271.0,276.0,288.0,310.0,inferred
Manchester,2021-08-27,175.0,190.0,201.0,205.0,209.0,215.0,221.0,227.0,234.0,238.0,243.0,253.0,268.0,inferred
Manchester,2021-08-28,142.0,156.0,165.0,170.0,173.0,179.0,184.0,190.0,195.3,199.0,202.0,213.0,229.5,inferred
Manchester,2021-08-29,155.0,167.0,177.0,180.0,183.7,189.0,195.5,201.0,207.0,211.0,214.0,224.0,241.0,inferred
Manchester,2021-08-30,215.0,235.0,247.8,252.0,256.0,264.0,272.0,278.0,286.0,291.0,296.0,308.0,329.0,inferred
Manchester,2021-08-31,209.0,224.0,235.0,239.0,243.0,250.0,258.0,264.0,272.0,277.0,282.0,295.0,312.0,inferred
Manchester,2021-09-01,211.0,226.0,238.0,243.0,247.0,253.0,260.0,267.0,275.0,279.0,284.0,296.0,321.0,inferred
Manchester,2021-09-02,204.0,222.0,233.0,237.0,240.0,246.0,253.0,259.0,267.0,271.0,276.0,290.0,311.5,inferred
Manchester,2021-09-03,178.5,194.0,205.0,209.0,212.0,218.0,225.0,230.0,237.0,241.0,245.0,259.0,278.0,inferred
Manchester,2021-09-04,149.0,162.0,171.0,174.0,178.0,184.0,189.0,195.0,201.0,205.0,209.2,220.0,237.0,inferred
Manchester,2021-09-05,160.0,172.0,182.0,185.0,189.0,195.0,201.0,207.0,213.0,217.0,220.2,232.0,252.0,inferred
Manchester,2021-09-06,228.0,245.9,257.0,262.0,266.0,274.0,281.0,287.0,296.0,301.0,305.2,318.0,338.0,inferred
Manchester,2021-09-07,207.0,223.0,234.0,239.0,244.0,252.0,258.5,265.0,273.0,278.0,283.0,295.1,315.0,inferred
Manchester,2021-09-08,197.5,213.0,223.0,227.0,231.0,238.0,245.5,252.4,261.0,265.0,270.0,282.0,301.0,inferred
Manchester,2021-09-09,171.0,191.0,202.0,208.0,211.0,217.0,224.0,230.0,237.0,240.0,245.0,257.1,275.0,inferred
Manchester,2021-09-10,143.0,157.0,167.0,170.0,173.0,179.0,184.0,190.0,197.0,201.0,206.0,217.0,233.0,inferred
Manchester,2021-09-11,109.0,121.0,131.0,134.0,136.0,141.6,147.0,152.0,157.0,161.0,164.0,173.1,189.5,inferred
Manchester,2021-09-12,108.5,120.0,128.0,132.0,135.0,140.0,144.0,150.0,156.0,159.0,162.0,173.0,190.0,inferred
Manchester,2021-09-13,147.9,162.0,172.0,175.0,179.0,185.0,191.0,198.0,204.0,207.0,212.0,222.0,241.0,inferred
Manchester,2021-09-14,137.0,150.9,159.0,162.0,165.0,170.0,176.0,182.0,188.0,191.0,195.0,208.0,227.0,inferred
Manchester,2021-09-15,139.0,152.0,161.0,165.0,168.0,174.0,179.0,185.0,192.0,195.0,199.0,211.0,228.0,inferred
Manchester,2021-09-16,135.5,148.0,157.0,161.0,164.0,169.0,175.0,181.0,187.0,191.0,194.2,203.0,220.0,inferred
Manchester,2021-09-17,119.0,132.0,141.0,144.0,148.0,152.0,158.0,163.0,169.0,172.0,176.0,186.0,199.5,inferred
Manchester,2021-09-18,99.0,111.0,119.0,122.0,124.0,129.0,134.0,139.0,144.0,147.0,150.0,160.0,175.0,inferred
Manchester,2021-09-19,107.0,120.0,127.0,131.0,133.7,138.0,143.0,148.0,154.0,157.0,160.2,170.0,182.0,inferred
Manchester,2021-09-20,155.0,170.9,182.0,186.0,189.0,195.0,201.0,207.0,214.0,217.0,221.0,231.1,250.0,inferred
Manchester,2021-09-21,147.0,160.0,171.0,175.0,179.0,185.0,190.0,197.0,203.0,207.0,210.0,222.0,240.0,inferred
Manchester,2021-09-22,149.5,163.0,172.0,176.0,179.0,185.0,191.0,196.0,203.0,206.0,210.0,220.0,237.0,inferred
Manchester,2021-09-23,141.0,156.0,165.0,169.0,172.0,178.0,183.0,189.0,195.0,199.0,203.0,214.0,230.0,inferred
Manchester,2021-09-24,122.5,134.0,143.0,147.0,150.0,156.0,161.0,166.0,172.0,174.0,178.0,187.0,203.0,inferred
Manchester,2021-09-25,97.5,110.0,118.0,121.0,124.0,129.6,134.0,138.0,144.0,147.0,151.0,159.0,175.0,inferred
Manchester,2021-09-26,107.0,118.0,126.0,130.0,133.0,138.0,143.0,147.0,153.0,156.0,160.0,168.1,183.0,inferred
Manchester,2021-09-27,155.0,168.0,177.0,181.0,184.0,191.0,197.0,203.0,209.0,212.0,216.0,227.0,242.0,inferred
Manchester,2021-09-28,147.0,160.0,170.0,174.0,177.0,184.0,189.0,195.0,202.3,206.0,210.0,222.0,237.0,inferred
Manchester,2021-09-29,152.5,166.0,176.0,180.0,183.0,190.0,196.0,202.0,208.0,212.0,216.0,227.0,243.5,inferred
Manchester,2021-09-30,150.5,166.0,174.8,178.0,181.7,188.0,194.0,199.4,206.0,211.0,214.0,225.0,243.0,inferred
Manchester,2021-10-01,138.0,152.0,161.0,165.0,168.0,173.0,179.0,183.4,190.0,194.0,198.0,208.0,228.5,inferred
Manchester,2021-10-02,118.0,130.0,138.0,142.0,145.0,150.0,155.0,160.0,165.0,168.0,172.0,180.0,197.0,inferred
Manchester,2021-10-03,127.0,141.0,150.0,155.0,158.0,163.0,168.0,174.0,180.0,184.0,188.0,198.0,215.0,inferred
Manchester,2021-10-04,192.0,210.0,221.0,225.8,230.0,236.0,243.0,250.0,258.0,262.0,267.0,279.0,295.5,inferred
Manchester,2021-10-05,184.0,199.0,212.0,216.0,220.0,227.0,233.0,241.0,249.0,253.0,259.0,271.0,289.0,inferred
Manchester,2021-10-06,194.0,210.0,222.0,226.0,230.0,236.0,243.0,249.0,257.0,262.0,266.0,278.0,296.0,inferred
Manchester,2021-10-07,190.0,206.0,218.0,223.0,227.0,233.0,241.0,247.0,254.0,258.0,262.0,273.0,294.0,inferred
Manchester,2021-10-08,172.5,189.0,199.0,203.0,207.0,213.0,219.0,225.0,232.0,236.0,240.0,251.0,268.0,inferred
Manchester,2021-10-09,145.5,160.0,170.0,173.0,176.0,182.0,187.0,193.0,199.0,203.0,208.0,218.0,235.5,inferred
Manchester,2021-10-10,159.5,174.0,183.0,187.0,191.0,197.0,203.0,208.0,215.0,219.0,223.0,234.0,252.0,inferred
Manchester,2021-10-11,237.5,254.0,266.0,270.0,275.0,283.0,290.0,297.0,305.0,310.0,315.0,326.0,350.0,inferred
Manchester,2021-10-12,220.0,239.0,250.0,255.0,260.0,267.0,274.0,281.0,290.0,294.0,299.2,312.0,334.0,inferred
Manchester,2021-10-13,216.5,237.0,248.0,253.0,257.0,265.0,273.0,279.0,287.0,292.0,297.0,311.0,333.0,inferred
Manchester,2021-10-14,203.0,223.0,235.0,240.0,244.0,251.0,259.0,267.0,274.0,278.0,283.0,296.0,317.0,inferred
Manchester,2021-10-15,176.0,191.0,202.0,206.0,211.0,218.0,224.5,232.0,240.0,245.0,249.0,263.0,286.0,inferred
Mansfield,2021-07-03,11.0,15.0,17.0,18.0,19.0,21.0,23.0,25.0,27.0,28.0,29.0,33.0,41.0,inferred
Mansfield,2021-07-04,13.0,17.0,20.0,21.0,22.0,25.0,26.0,29.0,31.0,32.0,33.0,38.0,44.0,inferred
Mansfield,2021-07-05,23.0,28.0,31.0,32.0,34.0,36.0,39.0,41.0,44.0,46.0,47.0,52.0,60.0,inferred
Mansfield,2021-07-06,24.0,29.0,33.0,34.0,35.0,38.0,40.0,43.0,45.0,47.0,49.0,54.0,62.0,inferred
Mansfield,2021-07-07,25.0,32.0,36.0,38.0,39.0,42.0,44.0,47.0,50.0,52.0,54.0,59.0,68.0,inferred
Mansfield,2021-07-08,28.0,35.0,39.0,40.0,42.0,45.0,47.0,50.0,53.0,55.0,57.0,63.0,71.0,inferred
Mansfield,2021-07-09,29.5,35.0,39.0,41.0,43.0,45.0,48.0,50.0,53.0,54.0,56.0,61.0,70.0,inferred
Mansfield,2021-07-10,26.0,33.0,37.0,38.0,40.0,43.0,45.0,47.0,50.0,52.0,54.0,59.0,68.0,inferred
Mansfield,2021-07-11,33.0,39.0,44.0,45.0,47.0,50.0,53.0,56.0,59.0,61.0,63.0,68.0,78.0,inferred
Mansfield,2021-07-12,53.0,63.0,68.0,70.0,72.0,76.0,79.0,83.0,87.0,89.0,91.0,98.0,110.0,inferred
Mansfield,2021-07-13,53.0,63.0,68.0,70.0,72.0,75.0,79.0,83.0,86.0,89.0,91.0,97.0,107.5,inferred
Mansfield,2021-07-14,55.0,64.0,69.8,72.0,74.0,77.0,81.0,85.0,89.0,91.0,93.0,99.0,112.0,inferred
Mansfield,2021-07-15,54.0,62.0,68.0,70.0,72.0,75.0,79.0,82.0,86.0,88.0,90.0,97.0,106.5,inferred
Mansfield,2021-07-16,49.0,56.0,61.0,62.0,64.0,68.0,71.0,74.0,78.0,80.0,82.0,89.0,102.0,inferred
Mansfield,2021-07-17,39.0,46.0,51.0,52.0,54.0,57.0,60.0,64.0,67.0,69.0,71.0,76.0,86.0,inferred
Mansfield,2021-07-18,41.5,50.0,55.0,57.0,58.0,62.0,64.0,68.0,72.0,73.0,75.0,82.0,93.0,inferred
Mansfield,2021-07-19,61.0,69.0,75.0,77.0,80.0,83.0,87.0,91.0,95.0,97.2,100.0,108.0,119.0,inferred
Mansfield,2021-07-20,54.5,64.0,70.0,72.0,74.0,78.0,81.0,85.0,89.0,91.0,94.0,101.0,115.0,inferred
Mansfield,2021-07-21,53.5,62.0,68.0,70.0,72.0,75.0,78.0,82.0,86.0,88.0,91.0,97.0,108.5,inferred
Mansfield,2021-07-22,50.0,58.0,63.0,65.0,67.0,70.0,74.0,77.0,81.0,83.0,85.0,93.0,103.0,inferred
Mansfield,2021-07-23,41.0,49.0,54.0,56.0,58.0,61.0,64.0,67.0,71.0,73.0,75.0,81.0,92.0,inferred
Mansfield,2021-07-24,34.0,39.0,43.0,45.0,46.0,49.0,52.5,55.0,58.0,60.0,62.0,69.0,77.5,inferred
Mansfield,2021-07-25,34.0,41.0,45.0,47.0,49.0,52.0,54.0,57.0,60.0,62.0,64.0,70.0,79.0,inferred
Mansfield,2021-07-26,47.0,55.0,60.0,62.0,64.0,68.0,71.0,74.0,77.0,80.0,82.0,88.0,98.5,inferred
Mansfield,2021-07-27,45.0,52.0,57.0,60.0,61.0,65.0,68.0,71.0,75.0,77.0,79.0,85.0,96.0,inferred
Mansfield,2021-07-28,46.0,54.0,59.0,61.0,63.0,66.0,70.0,73.0,77.0,79.0,81.0,88.0,97.0,inferred
Mansfield,2021-07-29,46.0,55.0,60.0,62.0,64.0,67.0,70.0,73.0,76.0,78.0,80.0,88.0,98.0,inferred
Mansfield,2021-07-30,42.0,50.0,55.0,57.0,59.0,62.0,65.0,68.0,71.0,73.0,75.0,81.0,92.0,inferred
Mansfield,2021-07-31,37.0,42.0,47.0,49.0,51.0,54.0,57.0,59.0,62.0,64.0,67.0,72.0,81.0,inferred
Mansfield,2021-08-01,41.0,48.0,53.0,55.0,56.0,60.0,62.0,66.0,69.0,71.0,73.0,79.0,88.0,inferred
Mansfield,2021-08-02,61.0,68.0,74.0,76.0,79.0,83.0,87.0,90.4,95.0,97.0,100.0,107.0,118.0,inferred
Mansfield,2021-08-03,59.0,67.0,71.0,74.0,77.0,81.0,84.0,88.0,92.0,94.0,97.0,104.0,114.0,inferred
Mansfield,2021-08-04,60.0,68.0,74.0,76.0,79.0,83.0,86.0,90.0,94.0,96.0,99.0,107.0,118.0,inferred
Mansfield,2021-08-05,60.0,68.0,73.0,75.0,77.0,81.0,84.0,88.0,92.0,94.0,96.0,103.0,113.0,inferred
Mansfield,2021-08-06,53.0,60.0,66.0,68.0,70.0,73.0,76.0,80.0,83.0,86.0,88.0,93.0,106.0,inferred
Mansfield,2021-08-07,45.0,52.0,57.0,59.0,60.0,64.0,67.0,70.0,74.0,76.0,78.0,85.0,94.0,inferred
Mansfield,2021-08-08,47.0,56.0,61.0,63.0,65.0,68.0,71.0,75.0,78.0,80.0,83.0,89.0,101.5,inferred
Mansfield,2021-08-09,70.0,80.0,86.0,89.0,91.0,96.0,99.0,103.0,107.0,109.0,112.0,119.0,133.0,inferred
Mansfield,2021-08-10,67.0,76.0,83.0,85.0,87.0,91.6,95.0,99.0,104.0,106.0,108.0,115.1,127.0,inferred
Mansfield,2021-08-11,68.0,78.0,85.0,87.0,89.0,93.0,97.0,101.0,105.0,108.0,111.0,118.0,131.0,inferred
Mansfield,2021-08-12,67.0,77.0,83.0,85.0,87.0,91.0,95.0,99.0,103.0,105.0,108.0,115.0,128.0,inferred
Mansfield,2021-08-13,60.0,69.0,74.0,77.0,79.0,83.0,87.0,91.0,95.0,97.0,99.0,107.0,117.5,inferred
Mansfield,2021-08-14,51.5,59.0,64.0,67.0,68.7,72.0,75.0,79.0,82.0,84.0,86.0,93.0,104.0,inferred
Mansfield,2021-08-15,56.0,64.0,70.0,72.0,74.0,78.0,82.0,86.0,90.0,92.0,95.0,101.0,114.0,inferred
Mansfield,2021-08-16,83.0,92.0,99.0,101.0,103.0,108.0,112.0,116.0,121.0,123.0,126.0,133.0,146.0,inferred
Mansfield,2021-08-17,76.0,88.0,93.0,96.0,98.0,102.6,106.0,110.0,114.0,117.0,119.0,128.0,140.0,inferred
Mansfield,2021-08-18,73.0,85.0,92.0,94.0,96.0,101.0,105.0,110.0,114.0,117.0,119.0,127.0,139.0,inferred
Mansfield,2021-08-19,71.0,81.0,89.0,91.0,93.0,98.0,102.0,105.0,109.3,112.0,114.2,122.0,135.0,inferred
Mansfield,2021-08-20,64.0,72.0,78.0,80.0,82.0,86.0,90.0,94.0,98.0,100.2,103.0,110.0,120.0,inferred
Mansfield,2021-08-21,52.0,60.0,65.0,67.0,69.0,73.0,76.0,80.0,84.0,86.0,88.0,93.0,103.0,inferred
Mansfield,2021-08-22,56.0,64.0,69.0,71.0,74.0,77.0,80.0,84.0,87.0,90.0,92.0,98.0,110.0,inferred
Mansfield,2021-08-23,79.0,89.0,95.0,97.0,100.0,104.0,107.0,112.0,117.0,120.0,122.0,130.0,142.0,inferred
Mansfield,2021-08-24,70.5,82.0,88.0,91.0,93.0,97.0,101.0,105.0,109.0,112.0,114.0,121.0,134.5,inferred
Mansfield,2021-08-25,70.5,79.0,85.0,87.0,90.0,94.0,98.0,102.0,106.0,109.0,112.0,120.0,131.0,inferred
Mansfield,2021-08-26,65.0,74.0,80.0,83.0,85.0,89.0,92.0,96.0,101.0,103.0,106.0,113.0,125.0,inferred
Mansfield,2021-08-27,55.5,64.0,70.0,72.0,74.0,78.0,81.0,84.0,88.0,91.0,93.0,100.0,112.0,inferred
Mansfield,2021-08-28,45.0,52.0,57.0,59.0,61.0,65.0,68.0,71.0,74.0,76.0,79.0,85.0,94.0,inferred
Mansfield,2021-08-29,48.0,55.0,60.0,62.0,64.0,67.0,70.0,73.0,77.0,80.0,82.0,88.0,98.0,inferred
Mansfield,2021-08-30,65.0,74.9,81.0,83.0,85.0,90.0,93.0,97.0,102.0,104.0,107.0,114.0,125.0,inferred
Mansfield,2021-08-31,61.0,69.0,74.0,77.0,79.0,83.0,87.0,90.0,94.0,96.0,99.0,105.0,115.5,inferred
Mansfield,2021-09-01,57.0,67.0,73.0,75.0,77.0,81.0,84.0,88.0,92.0,95.0,97.0,104.0,115.0,inferred
Mansfield,2021-09-02,54.0,63.0,69.0,71.0,73.0,77.0,80.0,83.0,87.0,89.0,92.0,99.0,110.0,inferred
Mansfield,2021-09-03,47.0,54.0,60.0,62.0,63.0,67.0,70.0,73.0,77.0,79.0,82.0,88.0,101.0,inferred
Mansfield,2021-09-04,37.0,44.0,49.0,51.0,52.0,56.0,59.0,62.0,65.0,67.0,69.0,75.1,86.0,inferred
Mansfield,2021-09-05,40.0,47.0,52.0,54.0,55.0,58.0,61.0,64.0,68.0,69.0,71.0,77.0,87.0,inferred
Mansfield,2021-09-06,56.0,63.0,70.0,72.0,74.0,78.0,81.0,85.0,89.0,91.0,94.0,100.0,112.0,inferred
Mansfield,2021-09-07,52.0,59.0,66.0,67.0,69.0,72.0,75.0,79.0,83.0,85.0,88.0,94.0,104.0,inferred
Mansfield,2021-09-08,49.0,57.0,63.0,65.0,67.0,70.0,74.0,77.0,81.0,83.0,85.0,92.0,104.0,inferred
Mansfield,2021-09-09,46.0,54.0,59.0,61.8,63.0,67.0,70.0,73.0,77.0,78.2,81.0,87.0,99.0,inferred
Mansfield,2021-09-10,40.0,46.0,52.0,53.0,55.0,58.0,61.0,64.0,68.0,70.0,72.0,78.0,89.0,inferred
Mansfield,2021-09-11,32.0,38.0,42.0,44.0,45.0,48.0,51.0,53.0,56.0,58.0,60.0,65.0,74.0,inferred
Mansfield,2021-09-12,33.0,39.0,44.0,45.0,47.0,50.0,52.0,55.0,58.0,60.0,62.0,67.0,76.0,inferred
Mansfield,2021-09-13,46.0,54.0,59.0,61.0,63.0,66.0,69.0,72.0,76.0,78.0,80.2,87.0,97.0,inferred
Mansfield,2021-09-14,43.0,50.9,56.0,57.0,59.0,63.0,65.0,69.0,73.0,75.0,77.0,83.0,94.0,inferred
Mansfield,2021-09-15,45.0,52.0,58.0,60.0,62.0,65.0,68.0,71.0,75.0,77.0,79.0,86.0,96.0,inferred
Mansfield,2021-09-16,45.5,52.0,58.0,61.0,62.0,65.0,69.0,71.0,75.0,77.0,80.0,87.0,96.0,inferred
Mansfield,2021-09-17,41.0,49.0,54.0,56.0,58.0,61.0,64.0,67.0,71.0,73.0,75.0,81.0,89.0,inferred
Mansfield,2021-09-18,35.0,43.0,47.0,49.0,51.0,53.6,57.0,60.0,63.0,66.0,68.0,73.0,82.0,inferred
Mansfield,2021-09-19,41.0,48.0,54.0,56.0,57.0,61.0,64.0,67.0,70.0,72.0,74.0,79.0,89.0,inferred
Mansfield,2021-09-20,60.0,70.0,77.0,79.0,81.0,85.0,89.0,92.0,96.0,98.0,101.2,109.0,122.0,inferred
Mansfield,2021-09-21,58.5,67.0,72.0,74.0,76.0,80.0,84.0,88.0,91.0,93.0,96.0,104.0,115.0,inferred
Mansfield,2021-09-22,58.0,66.0,72.0,74.0,76.0,80.0,83.0,87.0,91.0,92.2,95.0,102.0,113.0,inferred
Mansfield,2021-09-23,53.5,62.0,68.0,70.0,72.0,76.0,79.0,83.0,87.0,89.0,91.0,98.0,108.0,inferred
Mansfield,2021-09-24,46.0,53.0,58.0,60.8,63.0,66.0,69.0,72.0,76.0,78.0,80.0,86.0,96.0,inferred
Mansfield,2021-09-25,36.0,43.0,48.0,50.0,51.0,54.0,57.0,60.0,64.0,66.0,67.2,73.0,83.0,inferred
Mansfield,2021-09-26,38.0,46.0,50.0,51.0,53.0,56.0,59.0,62.0,65.0,67.0,69.0,74.0,84.0,inferred
Mansfield,2021-09-27,54.0,62.0,68.0,70.0,72.0,75.6,79.0,82.0,86.0,88.0,91.0,98.0,110.0,inferred
Mansfield,2021-09-28,52.0,59.0,64.0,66.0,68.0,71.0,75.0,78.4,82.0,85.0,87.0,95.0,105.0,inferred
Mansfield,2021-09-29,52.0,60.0,66.0,68.0,70.0,73.0,77.0,80.0,85.0,87.0,90.0,96.0,108.0,inferred
Mansfield,2021-09-30,54.5,63.0,67.0,69.0,71.0,75.0,78.0,82.0,86.0,88.0,90.0,97.0,109.0,inferred
Mansfield,2021-10-01,51.0,58.0,62.0,64.0,66.7,70.0,73.0,76.0,80.0,82.0,84.0,91.0,103.0,inferred
Mansfield,2021-10-02,43.0,49.0,54.0,56.0,57.0,60.0,64.0,67.0,71.0,73.0,75.0,81.0,94.0,inferred
Mansfield,2021-10-03,48.0,55.0,61.0,62.8,64.0,68.0,71.0,74.4,78.0,80.0,82.0,89.0,98.0,inferred
Mansfield,2021-10-04,72.5,81.0,87.0,89.0,92.0,96.0,100.0,104.0,108.0,110.0,113.0,120.0,134.0,inferred
Mansfield,2021-10-05,67.0,75.0,82.0,85.0,87.0,92.0,96.0,100.0,105.0,107.0,110.0,117.0,127.0,inferred
Mansfield,2021-10-06,68.0,78.0,83.0,85.0,88.0,91.0,95.0,98.0,103.0,106.0,108.0,115.0,129.0,inferred
Mansfield,2021-10-07,64.0,73.9,79.0,82.0,84.0,87.0,91.0,95.0,100.0,102.0,105.0,113.0,125.0,inferred
Mansfield,2021-10-08,57.0,65.0,70.0,72.0,74.0,78.0,82.0,85.0,89.0,91.0,94.0,100.0,110.0,inferred
Mansfield,2021-10-09,46.0,54.0,59.0,61.0,63.0,66.0,70.0,73.0,77.0,79.0,81.0,87.0,97.5,inferred
Mansfield,2021-10-10,50.0,57.0,62.0,64.0,66.0,69.0,73.0,77.0,80.0,82.0,84.0,90.0,102.0,inferred
Mansfield,2021-10-11,69.0,80.0,86.0,88.0,90.0,94.0,98.0,102.0,107.0,109.0,113.0,120.0,131.0,inferred
Mansfield,2021-10-12,63.5,72.9,78.0,81.0,83.0,87.0,91.0,95.0,100.0,102.0,105.0,112.0,122.0,inferred
Mansfield,2021-10-13,58.5,69.0,75.0,77.0,79.0,83.0,87.0,91.0,95.0,98.0,100.0,107.0,119.5,inferred
Mansfield,2021-10-14,54.0,63.0,69.0,71.0,73.0,77.0,81.0,84.0,88.0,91.0,93.2,100.0,112.0,inferred
Mansfield,2021-10-15,45.0,53.0,58.0,60.0,62.0,66.0,69.0,72.0,76.0,78.0,81.0,88.0,96.0,inferred
Medway,2021-07-03,26.0,33.0,37.0,38.0,40.0,43.0,45.0,49.0,52.0,54.0,55.0,61.0,71.0,inferred
Medway,2021-07-04,32.0,39.0,43.0,45.0,46.0,49.0,53.0,55.0,59.0,61.0,63.0,69.0,78.0,inferred
Medway,2021-07-05,53.0,59.0,65.0,67.0,69.0,73.0,76.0,80.0,84.0,86.0,89.0,95.0,107.0,inferred
Medway,2021-07-06,54.0,64.0,70.0,73.0,75.0,78.0,82.0,85.0,88.0,90.0,93.0,100.0,109.0,inferred
Medway,2021-07-07,62.0,71.0,77.0,80.0,81.0,85.0,88.0,92.0,96.0,98.0,100.0,106.0,117.0,inferred
Medway,2021-07-08,67.0,76.0,81.0,84.0,86.0,89.0,93.0,96.0,100.0,102.0,105.0,111.0,123.5,inferred
Medway,2021-07-09,66.0,76.0,82.0,84.8,87.0,90.0,94.0,98.0,102.0,104.0,107.0,115.0,128.0,inferred
Medway,2021-07-10,63.0,71.0,78.0,79.0,81.7,85.0,89.0,92.0,97.0,99.0,102.0,108.1,120.0,inferred
Medway,2021-07-11,70.5,81.0,88.0,90.0,93.0,97.0,101.0,105.0,110.0,112.0,115.0,123.0,134.0,inferred
Medway,2021-07-12,113.0,125.0,133.0,136.0,138.0,143.0,148.0,153.0,158.0,162.0,164.0,172.0,187.0,inferred
Medway,2021-07-13,117.5,129.0,138.0,141.0,143.7,149.0,153.0,159.0,165.0,168.0,171.0,179.0,193.0,inferred
Medway,2021-07-14,124.0,137.0,145.0,148.0,152.0,157.0,162.0,167.0,172.0,175.0,178.0,188.0,204.0,inferred
Medway,2021-07-15,124.0,136.0,144.0,147.0,149.0,154.0,159.0,164.0,169.0,172.0,175.0,183.0,196.0,inferred
Medway,2021-07-16,117.0,129.0,137.0,140.0,142.0,147.0,152.0,157.4,163.0,165.0,168.0,176.0,189.0,inferred
Medway,2021-07-17,102.0,110.0,118.0,121.0,124.0,129.0,133.0,138.0,143.0,146.0,149.0,156.1,172.0,inferred
Medway,2021-07-18,107.5,118.0,127.0,130.0,132.0,137.0,141.0,146.0,151.0,154.0,157.0,166.0,179.5,inferred
Medway,2021-07-19,151.5,166.0,174.0,178.0,181.0,187.0,193.0,199.0,205.0,208.0,212.0,224.0,241.0,inferred
Medway,2021-07-20,144.0,157.0,166.8,171.0,173.7,180.0,185.0,190.0,196.0,200.0,203.0,214.0,231.5,inferred
Medway,2021-07-21,139.5,151.0,160.0,163.0,166.0,171.0,176.0,183.0,189.0,192.0,196.0,206.0,222.5,inferred
Medway,2021-07-22,123.0,136.0,143.0,146.0,149.7,155.0,159.0,165.0,170.0,173.0,176.0,186.0,201.0,inferred
Medway,2021-07-23,108.0,119.0,126.0,128.0,131.0,136.0,141.0,145.0,150.0,153.0,156.0,164.1,180.0,inferred
Medway,2021-07-24,84.0,93.0,99.0,102.0,104.0,109.0,113.0,118.0,122.0,125.0,128.0,135.1,148.0,inferred
Medway,2021-07-25,80.0,91.0,97.0,100.0,103.0,107.0,111.0,115.0,119.0,122.0,125.0,132.0,144.5,inferred
Medway,2021-07-26,104.5,117.0,125.0,128.0,131.0,137.0,141.0,147.0,152.0,155.0,157.0,166.1,182.0,inferred
Medway,2021-07-27,100.0,111.0,118.0,121.0,124.0,128.0,133.0,138.0,143.0,146.0,149.0,158.0,170.5,inferred
Medway,2021-07-28,99.0,110.0,118.0,121.0,123.0,128.0,132.0,137.0,143.0,145.0,149.0,158.0,172.0,inferred
Medway,2021-07-29,94.0,103.9,111.0,113.0,116.0,120.0,124.0,128.0,133.0,136.0,140.0,147.0,161.0,inferred
Medway,2021-07-30,83.0,94.0,101.0,104.0,107.0,111.0,115.0,119.0,124.0,126.0,129.0,137.0,151.0,inferred
Medway,2021-07-31,69.0,78.0,84.8,87.0,89.0,93.0,97.0,101.0,105.0,108.0,110.2,117.0,129.0,inferred
Medway,2021-08-01,73.0,82.0,88.0,90.0,92.0,96.0,100.0,103.0,108.0,110.0,112.0,120.0,131.0,inferred
Medway,2021-08-02,98.0,109.0,116.0,119.0,122.0,127.0,131.0,136.0,141.0,145.0,148.0,157.0,169.5,inferred
Medway,2021-08-03,94.0,105.0,111.0,114.0,116.0,121.6,126.0,131.0,135.3,138.0,141.0,150.0,163.0,inferred
Medway,2021-08-04,94.0,104.0,111.0,114.0,116.0,121.0,125.0,130.0,135.0,138.0,141.0,150.0,165.0,inferred
Medway,2021-08-05,88.0,98.0,105.0,107.0,110.0,114.0,118.0,122.0,127.0,130.0,133.0,140.0,152.0,inferred
Medway,2021-08-06,79.0,88.0,95.0,97.0,99.0,104.0,108.0,112.0,117.0,119.0,122.0,130.0,144.5,inferred
Medway,2021-08-07,65.0,73.0,79.0,82.0,84.0,87.0,91.0,94.0,99.0,101.0,104.0,110.0,122.0,inferred
Medway,2021-08-08,67.0,76.0,82.0,84.0,87.0,91.0,94.0,98.0,102.0,104.0,107.0,114.0,124.0,inferred
Medway,2021-08-09,93.0,103.0,110.0,113.0,116.0,120.0,124.0,129.0,134.0,137.0,140.2,149.0,162.5,inferred
Medway,2021-08-10,90.0,99.0,105.0,107.0,110.0,115.0,119.0,124.0,129.0,131.0,134.0,141.0,155.0,inferred
Medway,2021-08-11,87.0,97.0,105.0,107.0,110.0,114.0,118.0,122.0,127.3,130.0,133.0,141.0,153.0,inferred
Medway,2021-08-12,79.0,89.0,96.0,99.0,101.0,105.0,110.0,114.0,118.0,121.0,123.0,130.0,142.0,inferred
Medway,2021-08-13,72.0,81.0,87.0,89.0,92.0,96.0,100.0,104.0,108.0,109.0,112.0,119.0,131.0,inferred
Medway,2021-08-14,58.0,67.0,73.0,75.0,77.0,81.0,84.0,87.0,91.0,94.0,96.0,102.0,112.0,inferred
Medway,2021-08-15,59.0,67.0,73.0,75.0,77.0,80.0,84.0,88.0,92.0,93.0,96.0,103.0,113.0,inferred
Medway,2021-08-16,79.0,90.9,97.0,100.0,102.0,106.0,110.0,114.4,119.0,122.0,124.0,133.0,147.0,inferred
Medway,2021-08-17,77.0,85.9,92.0,95.0,97.0,101.0,104.5,108.4,113.0,116.0,118.0,127.0,140.5,inferred
Medway,2021-08-18,74.0,83.0,90.0,93.0,95.0,99.0,103.0,107.0,112.0,114.0,117.0,126.0,136.5,inferred
Medway,2021-08-19,68.0,77.0,83.0,86.0,88.0,92.0,95.0,99.0,104.0,106.0,109.0,116.0,128.0,inferred
Medway,2021-08-20,61.0,69.0,75.0,77.0,79.0,82.0,86.0,89.0,94.0,96.0,99.0,106.0,117.0,inferred
Medway,2021-08-21,48.0,57.0,62.0,64.0,65.0,68.6,72.0,76.0,79.0,81.0,83.0,90.0,99.0,inferred
Medway,2021-08-22,48.0,56.0,61.0,63.0,65.0,68.0,72.0,75.0,78.0,81.0,83.0,90.0,101.5,inferred
Medway,2021-08-23,69.0,76.0,82.0,85.0,87.0,91.0,95.0,100.0,103.0,106.0,108.0,116.0,128.0,inferred
Medway,2021-08-24,65.0,73.0,79.0,81.0,84.0,88.0,92.0,96.0,100.0,102.0,106.0,112.0,123.0,inferred
Medway,2021-08-25,66.0,75.0,81.0,83.8,85.0,90.0,93.0,97.0,101.0,103.0,106.0,112.0,125.0,inferred
Medway,2021-08-26,62.0,71.0,78.0,80.0,82.0,86.0,90.0,94.0,99.0,101.0,104.0,112.0,122.0,inferred
Medway,2021-08-27,59.5,68.0,75.0,77.0,79.0,83.0,87.0,90.0,93.0,96.0,98.0,104.1,116.0,inferred
Medway,2021-08-28,52.0,60.0,65.0,67.0,69.0,72.0,75.0,79.0,83.0,85.0,87.0,94.0,103.0,inferred
Medway,2021-08-29,54.0,62.0,67.0,70.0,72.0,75.0,78.0,81.0,86.0,88.0,90.0,97.0,107.0,inferred
Medway,2021-08-30,80.0,88.0,94.0,97.0,99.0,103.0,108.0,112.0,116.0,119.0,121.0,129.0,142.5,inferred
Medway,2021-08-31,74.0,85.0,91.0,94.0,96.7,101.0,105.0,109.0,114.0,116.0,119.0,126.0,140.0,inferred
Medway,2021-09-01,76.0,85.0,93.0,95.0,98.0,102.0,106.0,110.0,114.0,117.0,119.0,127.0,142.0,inferred
Medway,2021-09-02,70.5,81.0,86.8,88.8,91.0,95.0,99.0,103.0,108.0,110.0,113.0,121.0,133.0,inferred
Medway,2021-09-03,65.0,74.0,80.0,82.0,84.0,87.0,91.0,95.0,99.0,102.0,104.0,111.0,122.5,inferred
Medway,2021-09-04,54.0,61.0,66.0,68.0,70.0,73.0,77.0,80.0,84.0,86.0,89.0,96.0,105.5,inferred
Medway,2021-09-05,53.5,63.0,68.0,70.0,72.0,75.0,78.0,82.0,86.0,88.0,91.0,98.0,107.0,inferred
Medway,2021-09-06,76.0,86.0,93.0,95.0,97.0,102.0,106.0,110.0,114.0,117.0,120.0,127.0,139.0,inferred
Medway,2021-09-07,72.0,81.0,88.0,90.0,92.0,96.0,100.0,104.0,109.0,111.2,114.0,122.0,133.0,inferred
Medway,2021-09-08,69.0,78.0,85.0,88.0,90.0,95.0,98.0,102.0,107.0,109.0,112.0,119.0,131.0,inferred
Medway,2021-09-09,63.0,73.0,78.0,81.0,83.0,86.0,90.0,94.0,98.0,100.0,102.0,110.0,121.0,inferred
Medway,2021-09-10,54.0,64.0,69.0,71.0,73.0,77.0,80.0,83.0,88.0,90.0,93.0,99.0,110.5,inferred
Medway,2021-09-11,44.0,52.0,56.0,58.0,60.0,63.0,66.0,70.0,73.0,76.0,78.0,85.0,94.0,inferred
Medway,2021-09-12,42.0,50.0,55.0,57.0,59.0,62.0,65.0,68.0,72.0,74.0,76.0,82.0,92.0,inferred
Medway,2021-09-13,59.5,68.0,73.0,76.0,78.0,82.0,86.0,89.0,93.0,96.0,98.0,106.0,116.0,inferred
Medway,2021-09-14,57.0,64.0,70.0,72.0,75.0,78.0,82.0,86.0,90.0,92.0,94.0,101.0,112.0,inferred
Medway,2021-09-15,56.0,64.9,70.0,73.0,74.7,78.0,82.0,85.0,89.0,92.0,94.0,101.0,113.0,inferred
Medway,2021-09-16,54.0,62.0,68.0,70.0,72.0,75.0,79.0,82.0,86.0,88.0,91.0,98.0,108.0,inferred
Medway,2021-09-17,49.0,57.0,62.0,64.0,66.0,70.0,73.0,76.0,80.0,82.0,85.0,91.0,101.0,inferred
Medway,2021-09-18,40.0,48.0,52.0,55.0,56.0,59.0,62.0,65.0,69.0,71.0,73.0,78.0,86.0,inferred
Medway,2021-09-19,42.5,50.0,54.0,56.0,58.0,61.0,64.0,68.0,71.0,73.0,75.0,81.0,91.0,inferred
Medway,2021-09-20,59.0,68.0,74.0,76.0,78.0,82.0,86.0,89.0,93.0,95.0,98.0,105.0,116.0,inferred
Medway,2021-09-21,58.5,66.0,72.0,74.0,77.0,80.0,84.0,87.0,91.0,94.0,96.0,104.0,115.5,inferred
Medway,2021-09-22,59.0,68.0,74.0,76.0,78.0,82.0,86.0,89.0,93.0,95.0,98.0,105.0,117.0,inferred
Medway,2021-09-23,58.0,66.0,72.0,74.0,76.0,80.0,84.0,88.0,91.0,93.0,96.0,103.0,113.5,inferred
Medway,2021-09-24,54.0,63.0,68.0,70.0,72.0,76.0,79.0,83.0,87.0,88.0,91.0,99.0,109.5,inferred
Medway,2021-09-25,45.0,53.0,58.0,60.0,62.0,66.0,69.0,72.0,76.0,78.0,80.0,86.0,96.0,inferred
Medway,2021-09-26,49.0,56.0,61.0,63.0,65.0,69.0,72.0,76.0,79.0,81.0,84.0,91.0,101.0,inferred
Medway,2021-09-27,70.0,78.0,85.0,87.0,89.7,94.0,97.0,102.0,106.0,108.0,111.0,119.0,130.0,inferred
Medway,2021-09-28,67.0,77.0,84.0,86.0,88.0,93.0,97.0,101.0,105.0,107.0,110.0,118.0,130.5,inferred
Medway,2021-09-29,67.5,79.0,85.0,88.0,90.0,94.0,98.0,103.0,107.0,109.0,112.0,120.0,130.0,inferred
Medway,2021-09-30,67.5,76.0,82.0,85.0,87.0,91.0,94.0,98.0,103.0,105.0,108.0,115.0,125.0,inferred
Medway,2021-10-01,62.0,71.9,78.0,80.0,82.0,86.0,89.0,93.0,97.0,99.0,102.0,110.0,120.5,inferred
Medway,2021-10-02,53.0,61.0,66.0,68.0,70.0,73.0,77.0,80.0,84.0,87.0,89.0,95.0,105.0,inferred
Medway,2021-10-03,56.5,63.0,68.0,71.0,72.0,77.0,80.0,84.0,87.0,90.0,92.0,100.0,112.0,inferred
Medway,2021-10-04,78.0,88.0,95.0,98.0,101.0,105.0,109.0,113.0,118.0,120.0,123.0,132.0,145.0,inferred
Medway,2021-10-05,78.5,87.0,94.0,97.0,99.0,103.0,107.0,111.0,116.0,118.0,121.0,128.1,144.0,inferred
Medway,2021-10-06,80.0,90.0,96.0,100.0,102.0,106.0,110.0,114.0,119.0,122.0,125.0,133.0,146.0,inferred
Medway,2021-10-07,80.0,89.0,95.0,98.0,101.0,105.0,110.0,114.0,118.0,121.0,124.0,132.0,144.0,inferred
Medway,2021-10-08,76.0,85.0,91.0,93.0,95.0,100.0,103.0,108.0,112.0,114.2,117.0,125.0,136.0,inferred
Medway,2021-10-09,65.0,73.9,79.0,81.0,84.0,88.0,91.0,95.0,100.0,102.0,104.0,111.0,122.0,inferred
Medway,2021-10-10,69.5,78.0,84.0,87.0,89.0,93.0,96.0,100.0,105.0,107.0,109.0,115.0,127.0,inferred
Medway,2021-10-11,96.0,109.0,116.0,119.0,121.0,126.0,131.0,136.0,141.0,143.2,147.0,156.0,168.5,inferred
Medway,2021-10-12,95.0,106.0,114.0,117.0,120.0,125.0,130.0,134.0,139.0,142.0,145.2,154.0,169.5,inferred
Medway,2021-10-13,96.0,107.0,114.0,117.0,120.0,125.0,129.5,134.0,139.0,142.0,145.0,153.0,168.0,inferred
Medway,2021-10-14,90.0,100.0,107.0,111.0,113.0,117.0,122.0,126.0,131.0,134.0,137.2,145.0,159.0,inferred
Medway,2021-10-15,79.5,91.0,98.0,101.0,103.0,108.0,112.0,116.0,121.3,124.0,127.0,137.1,151.0,inferred
Melton,2021-07-03,4.0,6.0,8.0,9.0,10.0,12.0,14.0,16.0,18.0,19.0,20.0,25.0,32.5,inferred
Melton,2021-07-04,6.0,9.0,12.0,13.0,14.0,16.0,18.0,21.0,23.0,25.0,26.0,31.0,39.0,inferred
Melton,2021-07-05,14.0,19.0,22.0,24.0,25.0,28.0,30.0,33.0,36.0,37.0,40.0,44.0,52.0,inferred
Melton,2021-07-06,16.0,21.0,25.0,26.0,27.0,30.0,32.5,35.0,38.0,39.0,41.0,46.0,53.0,inferred
Melton,2021-07-07,18.0,23.0,26.0,27.0,29.0,31.0,34.0,36.0,39.0,41.0,43.0,48.0,57.0,inferred
Melton,2021-07-08,19.0,24.0,27.0,28.0,30.0,32.0,35.0,37.0,40.0,42.0,44.0,49.0,57.0,inferred
Melton,2021-07-09,17.0,21.0,25.0,26.0,28.0,30.0,33.0,36.0,38.0,40.0,41.0,46.0,55.0,inferred
Melton,2021-07-10,14.0,18.9,22.0,23.0,25.0,27.0,30.0,32.0,35.0,36.0,37.0,43.0,51.0,inferred
Melton,2021-07-11,16.0,21.0,25.0,26.0,28.0,30.0,33.0,35.0,38.0,40.0,42.0,47.0,56.0,inferred
Melton,2021-07-12,26.0,32.0,37.0,38.0,40.0,43.0,46.0,50.0,53.0,55.0,57.0,63.1,75.0,inferred
Melton,2021-07-13,24.0,30.0,34.0,36.0,38.0,41.0,44.0,47.0,50.0,52.0,54.0,61.0,69.0,inferred
Melton,2021-07-14,23.0,29.0,33.8,35.0,37.0,39.0,42.0,45.0,48.0,50.0,52.0,58.0,67.0,inferred
Melton,2021-07-15,20.5,26.0,30.0,32.0,33.0,35.0,38.0,41.0,45.0,46.0,48.0,54.0,62.0,inferred
Melton,2021-07-16,16.0,22.0,25.0,26.0,28.0,31.0,33.0,36.0,38.0,40.0,41.0,47.0,56.0,inferred
Melton,2021-07-17,11.0,17.0,19.0,21.0,22.0,24.0,26.0,29.0,31.0,33.0,34.0,39.0,47.0,inferred
Melton,2021-07-18,12.0,15.9,19.0,20.0,22.0,24.0,26.0,28.0,31.0,32.0,34.0,39.0,46.0,inferred
Melton,2021-07-19,15.0,22.0,26.0,27.0,28.0,31.0,33.0,36.0,39.0,40.0,42.0,47.0,55.0,inferred
Melton,2021-07-20,14.5,18.0,22.0,23.0,24.0,27.0,29.0,31.0,34.0,36.0,38.0,42.0,50.0,inferred
Melton,2021-07-21,12.0,16.0,19.0,20.0,21.0,24.0,26.0,28.0,31.0,32.0,34.0,38.0,45.0,inferred
Melton,2021-07-22,10.0,14.0,17.0,18.0,19.0,21.0,23.0,25.0,28.0,29.0,31.0,35.0,43.5,inferred
Melton,2021-07-23,7.0,10.0,13.0,14.0,15.0,17.0,19.0,21.0,23.0,24.0,26.0,30.0,35.0,inferred
Melton,2021-07-24,5.0,8.0,10.0,11.0,11.0,13.0,15.0,17.0,18.0,19.0,20.0,24.0,29.0,inferred
Melton,2021-07-25,4.0,7.0,9.0,10.0,11.0,13.0,15.0,16.0,18.0,19.0,20.0,23.1,29.0,inferred
Melton,2021-07-26,7.0,10.0,12.0,13.0,14.0,16.0,18.0,20.0,22.0,23.0,24.0,29.0,35.0,inferred
Melton,2021-07-27,5.0,8.0,11.0,12.0,13.0,14.0,16.0,18.0,20.0,21.0,22.0,26.0,33.0,inferred
Melton,2021-07-28,5.0,8.0,10.0,11.0,12.0,14.0,16.0,17.0,19.0,20.0,22.0,25.0,32.0,inferred
Melton,2021-07-29,5.0,7.0,10.0,11.0,11.0,13.0,15.0,16.4,18.0,19.0,20.0,24.0,30.0,inferred
Melton,2021-07-30,4.0,6.0,8.0,9.0,10.0,11.0,13.0,15.0,17.0,18.0,19.0,23.0,29.0,inferred
Melton,2021-07-31,3.0,5.0,7.0,7.0,8.0,9.0,11.0,12.0,14.0,15.0,16.0,20.0,26.0,inferred
Melton,2021-08-01,3.0,5.0,7.0,8.0,9.0,10.0,12.0,13.0,15.0,16.0,17.0,20.0,26.0,inferred
Melton,2021-08-02,5.5,9.0,11.0,12.0,13.0,15.0,16.0,18.0,20.0,21.0,23.0,26.0,33.5,inferred
Melton,2021-08-03,5.0,8.0,10.0,11.0,12.0,14.0,15.0,17.0,19.0,20.0,21.0,25.0,32.0,inferred
Melton,2021-08-04,5.0,8.0,10.0,11.0,12.0,14.0,16.0,17.0,19.0,21.0,22.0,27.0,31.0,inferred
Melton,2021-08-05,5.0,8.0,10.0,11.0,12.0,13.0,15.0,17.0,19.0,20.0,22.0,25.0,33.0,inferred
Melton,2021-08-06,4.0,7.0,9.0,10.0,11.0,12.0,14.0,16.0,17.3,19.0,20.0,24.0,30.5,inferred
Melton,2021-08-07,3.0,6.0,8.0,9.0,9.0,11.0,12.0,14.0,15.3,16.0,18.0,21.0,27.0,inferred
Melton,2021-08-08,3.0,6.0,8.0,9.0,10.0,11.0,13.0,15.0,17.0,18.0,19.0,22.0,29.0,inferred
Melton,2021-08-09,6.0,10.0,13.0,13.0,14.0,16.0,18.0,20.0,22.0,23.0,25.0,29.0,35.0,inferred
Melton,2021-08-10,6.0,10.0,12.0,13.0,14.0,16.0,18.0,20.0,22.0,23.0,25.0,29.0,37.0,inferred
Melton,2021-08-11,7.0,10.0,13.0,14.0,15.0,17.0,19.0,21.0,23.0,24.0,25.0,29.0,36.0,inferred
Melton,2021-08-12,7.0,10.0,13.0,14.0,15.0,17.0,19.0,21.0,23.0,24.0,26.0,30.0,36.5,inferred
Melton,2021-08-13,6.0,10.0,12.0,13.0,14.0,15.0,18.0,19.0,21.0,23.0,24.0,28.0,36.0,inferred
Melton,2021-08-14,5.0,8.0,10.0,11.0,12.0,14.0,15.0,17.0,19.0,20.0,21.0,25.0,31.0,inferred
Melton,2021-08-15,5.0,9.0,11.0,12.0,13.0,15.0,17.0,19.0,21.0,22.0,24.0,27.1,34.0,inferred
Melton,2021-08-16,10.0,14.0,17.0,19.0,20.0,22.0,24.0,26.0,28.0,30.0,31.0,36.0,43.0,inferred
Melton,2021-08-17,9.0,14.0,17.0,18.0,19.0,21.0,23.0,25.0,28.0,29.0,31.0,35.0,42.0,inferred
Melton,2021-08-18,10.0,14.0,16.8,18.0,19.0,21.0,23.0,25.0,28.0,29.0,31.0,35.0,41.0,inferred
Melton,2021-08-19,10.0,14.0,17.0,18.0,19.0,21.0,23.0,25.0,28.0,29.0,31.0,35.0,41.0,inferred
Melton,2021-08-20,8.0,12.0,15.0,16.0,17.0,19.0,20.0,23.0,25.0,26.0,28.0,32.0,39.0,inferred
Melton,2021-08-21,6.0,9.0,12.0,12.8,14.0,15.0,17.0,19.0,21.0,22.0,24.0,28.0,35.0,inferred
Melton,2021-08-22,7.0,11.0,13.0,14.0,15.0,17.0,19.0,21.0,23.0,25.0,26.0,30.0,37.5,inferred
Melton,2021-08-23,11.0,16.0,19.0,21.0,22.0,24.0,26.0,29.0,31.0,33.0,34.0,39.0,46.0,inferred
Melton,2021-08-24,10.0,15.0,18.0,19.0,21.0,23.0,25.0,27.0,30.0,31.0,33.0,37.0,45.0,inferred
Melton,2021-08-25,12.0,16.0,19.0,20.0,21.0,23.0,26.0,28.0,31.0,32.0,34.0,39.0,47.0,inferred
Melton,2021-08-26,11.0,15.0,18.0,20.0,21.0,23.0,25.0,28.0,30.0,31.2,33.0,37.1,46.0,inferred
Melton,2021-08-27,10.0,13.0,17.0,18.0,19.0,21.0,23.0,25.0,27.0,29.0,31.0,35.0,43.0,inferred
Melton,2021-08-28,7.0,11.0,14.0,15.0,16.0,18.0,20.0,22.0,24.0,25.0,26.0,31.0,38.5,inferred
Melton,2021-08-29,9.0,13.0,15.0,17.0,18.0,19.0,21.0,24.0,26.0,28.0,29.0,33.0,41.0,inferred
Melton,2021-08-30,14.0,19.0,22.0,24.0,25.0,28.0,31.0,33.0,35.0,37.0,39.0,44.0,51.0,inferred
Melton,2021-08-31,13.0,18.0,21.0,23.0,24.0,26.0,29.0,31.0,34.0,35.0,37.0,42.0,50.0,inferred
Melton,2021-09-01,14.0,18.9,22.0,23.0,25.0,28.0,30.0,32.0,34.0,36.0,38.0,43.0,52.0,inferred
Melton,2021-09-02,14.0,18.0,21.0,23.0,24.0,27.0,29.0,31.0,34.0,36.0,38.0,43.0,52.0,inferred
Melton,2021-09-03,12.0,16.0,19.0,20.0,22.0,24.0,26.0,29.0,31.0,32.0,34.0,38.0,45.0,inferred
Melton,2021-09-04,9.0,13.0,16.0,17.0,18.7,21.0,23.0,25.0,27.0,28.0,30.0,35.0,42.0,inferred
Melton,2021-09-05,10.0,14.0,18.0,19.0,20.0,22.0,24.0,26.0,28.0,30.0,31.0,35.0,43.0,inferred
Melton,2021-09-06,17.0,21.0,25.0,26.8,28.0,30.0,33.0,36.0,39.0,41.0,42.0,47.0,56.0,inferred
Melton,2021-09-07,15.0,20.0,23.0,25.0,26.0,28.0,31.0,33.0,36.0,38.0,39.0,45.0,53.0,inferred
Melton,2021-09-08,14.0,19.0,23.0,24.0,25.0,28.0,31.0,33.0,36.0,37.0,39.0,43.0,52.0,inferred
Melton,2021-09-09,14.0,18.0,21.0,22.0,24.0,26.0,28.0,31.0,33.0,35.0,37.0,42.0,50.0,inferred
Melton,2021-09-10,12.0,15.0,18.0,19.0,20.0,22.0,24.0,27.0,29.0,31.0,32.0,36.0,44.5,inferred
Melton,2021-09-11,8.0,11.0,14.0,16.0,17.0,18.0,20.0,22.0,24.0,26.0,27.0,31.0,38.0,inferred
Melton,2021-09-12,9.0,12.0,15.0,16.0,17.0,20.0,21.0,24.0,26.0,27.0,29.0,33.0,40.0,inferred
Melton,2021-09-13,13.0,17.0,21.0,22.0,23.0,26.0,28.0,30.0,33.0,34.0,36.0,41.0,48.5,inferred
Melton,2021-09-14,13.0,17.9,20.0,22.0,23.0,25.0,27.0,30.0,32.0,34.0,35.0,40.0,49.0,inferred
Melton,2021-09-15,14.0,18.0,22.0,23.0,24.0,27.0,29.0,31.0,34.0,35.0,37.0,41.0,51.5,inferred
Melton,2021-09-16,15.0,19.0,23.0,24.0,25.0,27.0,30.0,33.0,35.0,37.0,39.0,44.0,52.0,inferred
Melton,2021-09-17,14.0,18.0,22.0,23.0,24.0,27.0,29.0,32.0,34.0,36.0,37.0,42.0,50.0,inferred
Melton,2021-09-18,12.0,17.0,20.0,21.0,22.0,25.0,27.0,29.0,31.0,33.0,34.0,39.1,47.0,inferred
Melton,2021-09-19,15.0,19.9,23.0,24.0,26.0,28.0,30.0,33.0,35.0,37.0,39.0,44.0,52.0,inferred
Melton,2021-09-20,25.5,31.0,36.0,37.0,39.0,42.0,45.0,47.0,50.0,53.0,55.0,61.0,72.5,inferred
Melton,2021-09-21,22.5,29.0,34.0,36.0,37.0,40.6,43.0,46.0,50.0,51.0,54.0,59.0,70.0,inferred
Melton,2021-09-22,22.0,29.0,33.0,34.0,36.0,39.0,42.0,45.0,48.0,50.0,52.0,58.0,69.0,inferred
Melton,2021-09-23,21.0,27.0,31.0,32.0,34.0,36.0,39.0,42.0,45.0,47.0,48.2,54.0,64.0,inferred
Melton,2021-09-24,17.0,22.0,26.0,27.0,29.0,31.0,34.0,36.0,40.0,41.0,43.0,48.0,56.0,inferred
Melton,2021-09-25,13.0,17.0,21.0,22.0,23.0,26.0,28.0,30.0,33.0,34.0,36.0,41.0,49.0,inferred
Melton,2021-09-26,13.0,18.0,21.0,23.0,24.0,26.6,29.0,32.0,34.0,36.0,37.0,42.0,49.0,inferred
Melton,2021-09-27,20.0,26.0,30.0,31.0,33.0,36.0,39.0,41.0,44.0,46.0,48.0,53.0,62.0,inferred
Melton,2021-09-28,19.0,24.0,28.0,29.0,31.0,34.0,36.0,39.0,42.0,43.0,45.0,51.0,58.0,inferred
Melton,2021-09-29,18.0,23.0,27.0,29.0,30.0,33.0,36.0,38.0,41.0,43.0,45.0,49.0,58.0,inferred
Melton,2021-09-30,17.0,23.0,26.0,27.0,29.0,31.0,34.0,36.0,39.0,41.0,43.0,49.0,56.0,inferred
Melton,2021-10-01,16.0,20.0,23.0,25.0,26.0,28.0,30.0,32.0,35.0,37.0,38.0,43.0,50.5,inferred
Melton,2021-10-02,12.0,16.0,19.0,21.0,22.0,24.0,26.0,28.0,30.0,32.0,34.0,39.0,47.5,inferred
Melton,2021-10-03,13.0,17.0,21.0,22.0,23.0,25.0,27.0,30.0,33.0,34.0,36.0,41.0,50.0,inferred
Melton,2021-10-04,19.0,25.0,29.0,31.0,32.0,35.0,38.0,40.0,44.0,45.0,48.0,54.0,62.0,inferred
Melton,2021-10-05,18.0,23.0,27.0,29.0,30.0,33.0,35.0,38.0,41.0,43.0,44.0,50.0,58.5,inferred
Melton,2021-10-06,19.0,24.0,28.0,29.0,30.0,33.0,36.0,38.0,41.0,43.0,45.0,50.0,58.5,inferred
Melton,2021-10-07,18.0,23.0,26.0,28.0,29.0,32.0,35.0,37.0,40.0,41.0,43.0,49.0,58.5,inferred
Melton,2021-10-08,16.0,20.0,23.0,25.0,26.0,29.0,31.0,33.0,36.0,38.0,40.0,46.0,55.0,inferred
Melton,2021-10-09,13.0,17.0,20.0,22.0,23.0,25.0,27.0,30.0,32.0,33.2,35.0,40.0,48.5,inferred
Melton,2021-10-10,13.0,18.0,22.0,23.0,24.0,27.0,29.0,31.0,34.0,36.0,37.0,43.0,52.0,inferred
Melton,2021-10-11,21.0,26.0,31.0,32.0,34.0,37.0,39.0,42.0,45.0,47.0,49.0,54.0,64.0,inferred
Melton,2021-10-12,19.0,24.0,28.0,30.0,31.0,34.0,37.0,39.0,42.0,44.0,45.2,50.0,60.0,inferred
Melton,2021-10-13,18.0,23.0,27.0,28.0,30.0,32.0,35.0,37.0,40.0,42.0,44.0,49.0,56.0,inferred
Melton,2021-10-14,16.0,21.0,24.0,26.0,27.0,30.0,32.0,35.0,37.0,39.0,41.0,47.0,56.5,inferred
Melton,2021-10-15,12.0,17.0,20.0,21.0,23.0,25.0,28.0,30.0,33.0,35.0,36.2,41.0,49.5,inferred
Mendip,2021-07-03,4.0,7.0,9.0,10.0,11.0,13.0,15.0,17.0,19.0,21.0,22.0,27.0,35.0,inferred
Mendip,2021-07-04,5.0,8.0,11.0,12.0,13.0,15.0,17.0,19.0,22.0,23.0,25.0,30.0,39.0,inferred
Mendip,2021-07-05,11.0,15.0,19.0,20.8,22.0,24.0,27.0,30.0,33.0,35.0,37.0,42.0,52.0,inferred
Mendip,2021-07-06,13.0,19.0,23.0,25.0,26.0,29.0,31.0,34.0,38.0,39.0,41.0,47.0,58.0,inferred
Mendip,2021-07-07,17.0,22.0,26.0,28.0,29.0,32.0,35.0,38.0,42.0,44.0,46.2,53.0,63.0,inferred
Mendip,2021-07-08,19.0,26.0,30.0,32.0,34.0,36.0,40.0,43.0,46.0,48.0,51.0,57.0,69.0,inferred
Mendip,2021-07-09,21.5,27.0,32.0,34.0,36.0,39.0,42.0,45.0,48.0,50.0,52.0,59.0,73.0,inferred
Mendip,2021-07-10,20.0,26.0,30.0,32.0,34.0,37.0,40.0,43.0,47.0,48.0,50.0,57.0,68.0,inferred
Mendip,2021-07-11,24.0,32.0,37.0,39.0,41.0,45.0,48.0,52.0,56.0,58.0,61.0,67.0,79.0,inferred
Mendip,2021-07-12,46.0,54.9,61.0,64.0,66.0,71.0,75.0,80.0,85.0,88.0,91.0,99.0,113.0,inferred
Mendip,2021-07-13,50.0,59.0,65.0,68.0,70.0,75.0,80.0,84.0,89.0,92.0,96.0,105.0,119.5,inferred
Mendip,2021-07-14,49.0,57.0,64.0,67.0,69.7,74.0,78.0,82.0,87.0,90.0,94.0,102.0,115.0,inferred
Mendip,2021-07-15,44.0,53.0,59.0,62.0,64.0,69.0,73.0,77.0,82.0,85.0,88.0,97.0,111.0,inferred
Mendip,2021-07-16,37.0,45.0,51.0,53.0,56.0,60.0,65.0,68.0,72.0,75.0,77.0,86.0,99.0,inferred
Mendip,2021-07-17,27.0,34.0,40.0,42.0,44.0,48.0,51.0,55.0,59.0,61.0,63.0,70.0,82.0,inferred
Mendip,2021-07-18,27.0,35.0,40.0,42.0,43.0,47.0,51.0,54.0,59.0,61.0,63.0,70.0,81.5,inferred
Mendip,2021-07-19,40.0,48.0,54.0,56.0,59.0,63.0,67.0,71.0,75.3,78.0,81.0,89.0,102.0,inferred
Mendip,2021-07-20,36.0,45.0,51.0,53.0,55.0,59.0,64.0,68.0,72.0,74.0,78.0,87.0,97.5,inferred
Mendip,2021-07-21,32.0,38.0,44.0,47.0,49.0,53.0,56.0,60.0,65.0,67.0,69.0,76.0,89.0,inferred
Mendip,2021-07-22,27.0,34.0,39.0,41.0,43.0,46.0,50.0,53.0,57.0,59.0,62.0,70.0,84.5,inferred
Mendip,2021-07-23,20.0,26.0,31.0,33.0,35.0,38.0,40.0,44.0,47.0,49.0,51.0,58.0,70.0,inferred
Mendip,2021-07-24,13.0,19.0,22.0,24.0,25.0,28.0,31.0,33.4,37.0,39.0,40.0,46.1,56.0,inferred
Mendip,2021-07-25,12.0,16.0,20.0,22.0,23.0,26.0,28.0,31.0,34.0,36.0,38.0,44.0,56.0,inferred
Mendip,2021-07-26,17.0,23.0,27.0,29.0,30.0,33.0,37.0,40.0,43.0,45.0,47.0,53.0,63.0,inferred
Mendip,2021-07-27,15.0,21.0,26.0,28.0,30.0,33.0,35.5,38.0,41.0,43.0,45.0,52.0,63.0,inferred
Mendip,2021-07-28,15.0,21.0,25.0,27.0,28.0,31.0,34.0,37.0,40.0,42.0,44.0,51.0,61.0,inferred
Mendip,2021-07-29,16.0,21.0,25.0,27.0,28.0,31.0,34.0,37.0,40.0,42.0,44.0,49.0,59.0,inferred
Mendip,2021-07-30,14.0,19.0,23.0,25.0,26.0,29.0,32.0,35.0,37.0,39.0,41.0,47.0,56.0,inferred
Mendip,2021-07-31,10.0,15.0,18.0,20.0,21.0,24.0,26.0,29.0,32.0,34.0,36.0,41.0,49.0,inferred
Mendip,2021-08-01,10.5,15.0,19.0,21.0,22.0,25.0,27.0,30.0,33.0,34.0,37.0,43.0,52.0,inferred
Mendip,2021-08-02,18.0,23.9,28.0,30.0,32.0,35.0,38.0,41.0,45.0,47.0,49.0,55.0,66.0,inferred
Mendip,2021-08-03,19.0,25.0,30.0,31.0,33.0,36.0,39.0,42.0,46.0,47.0,50.0,57.0,67.0,inferred
Mendip,2021-08-04,19.0,25.0,30.0,31.0,33.0,36.0,38.0,42.0,45.0,47.0,49.0,56.0,68.0,inferred
Mendip,2021-08-05,19.0,25.0,29.0,31.0,33.0,36.0,39.0,42.0,46.0,48.0,50.0,56.0,66.0,inferred
Mendip,2021-08-06,16.5,22.0,27.0,29.0,30.0,34.0,36.0,39.0,43.0,45.0,47.0,53.0,67.0,inferred
Mendip,2021-08-07,13.0,18.0,22.0,24.0,25.0,28.0,31.0,33.0,36.0,38.0,41.0,46.0,57.0,inferred
Mendip,2021-08-08,15.0,20.0,24.0,26.0,27.0,30.0,32.5,36.0,39.0,41.0,43.0,49.0,58.0,inferred
Mendip,2021-08-09,23.0,29.9,34.0,36.0,38.0,41.0,44.0,48.0,52.0,54.0,57.0,63.0,75.0,inferred
Mendip,2021-08-10,24.0,31.0,36.0,38.0,40.0,43.0,47.0,50.0,55.0,57.0,59.0,67.0,78.5,inferred
Mendip,2021-08-11,25.5,33.0,38.0,40.0,42.0,45.0,49.0,52.0,56.0,58.0,60.0,68.0,80.5,inferred
Mendip,2021-08-12,26.0,33.0,38.0,40.0,42.0,46.0,49.0,53.0,57.0,59.0,62.0,69.0,81.0,inferred
Mendip,2021-08-13,24.0,32.0,37.0,39.0,41.0,44.0,48.0,51.0,55.0,57.0,60.0,66.1,80.0,inferred
Mendip,2021-08-14,21.0,27.9,32.0,34.0,36.0,39.0,42.0,45.0,49.0,52.0,54.0,60.0,72.0,inferred
Mendip,2021-08-15,22.0,30.0,35.0,37.0,39.0,42.0,45.0,49.0,52.3,55.0,58.0,65.0,76.5,inferred
Mendip,2021-08-16,38.0,46.0,52.0,55.0,57.0,62.0,65.5,70.0,74.0,77.0,80.0,88.0,104.5,inferred
Mendip,2021-08-17,40.0,48.0,55.0,58.0,60.0,64.0,68.0,72.0,76.0,79.0,81.0,90.1,105.0,inferred
Mendip,2021-08-18,38.0,46.0,52.0,55.0,57.0,61.0,65.0,69.0,73.0,76.0,79.0,87.0,102.0,inferred
Mendip,2021-08-19,35.0,45.0,50.0,53.0,55.0,59.0,63.0,67.0,71.0,74.0,77.0,85.0,97.5,inferred
Mendip,2021-08-20,29.0,37.9,43.0,45.8,48.0,51.0,55.0,59.0,63.0,65.0,68.0,75.0,86.5,inferred
Mendip,2021-08-21,22.0,29.0,34.0,36.0,37.0,41.0,44.0,47.0,51.0,53.0,56.0,63.0,74.0,inferred
Mendip,2021-08-22,22.0,29.0,34.0,36.0,38.0,41.0,45.0,48.0,52.0,54.0,56.2,64.0,74.5,inferred
Mendip,2021-08-23,34.0,43.0,48.0,50.0,53.0,57.0,61.0,65.0,69.0,71.0,74.0,82.0,95.0,inferred
Mendip,2021-08-24,33.0,42.0,48.0,50.0,52.0,55.0,60.0,64.4,69.0,71.0,74.0,82.0,93.0,inferred
Mendip,2021-08-25,34.0,42.0,47.0,49.0,51.0,55.0,59.0,63.4,68.0,71.0,74.0,82.0,94.0,inferred
Mendip,2021-08-26,36.0,42.0,47.0,50.0,51.0,55.0,60.0,64.0,68.0,70.0,73.0,81.0,94.0,inferred
Mendip,2021-08-27,30.0,38.0,44.0,46.0,48.0,51.0,55.0,59.0,63.0,65.0,68.0,76.0,87.0,inferred
Mendip,2021-08-28,23.0,31.0,35.0,37.0,38.0,42.0,46.0,49.0,53.0,55.0,57.0,64.0,76.0,inferred
Mendip,2021-08-29,25.0,33.0,38.0,39.0,42.0,45.0,48.0,51.0,55.0,57.0,59.0,66.0,79.0,inferred
Mendip,2021-08-30,39.0,47.0,53.0,56.0,58.0,62.0,66.0,71.0,76.0,78.0,81.0,89.0,104.0,inferred
Mendip,2021-08-31,39.0,48.0,55.0,57.0,59.0,64.0,68.0,72.0,77.0,80.0,84.0,91.0,105.5,inferred
Mendip,2021-09-01,37.0,46.0,51.0,54.0,56.0,61.0,65.0,69.0,74.0,77.0,80.0,89.0,103.0,inferred
Mendip,2021-09-02,37.0,45.0,52.0,54.0,56.0,60.0,63.0,67.0,72.0,75.0,78.0,86.0,100.0,inferred
Mendip,2021-09-03,32.0,40.0,46.0,48.0,49.0,53.0,57.0,61.0,64.0,67.0,69.0,77.0,87.5,inferred
Mendip,2021-09-04,25.0,31.0,36.0,38.0,40.0,43.0,45.0,49.0,53.0,55.0,58.0,65.0,75.0,inferred
Mendip,2021-09-05,25.5,32.0,38.0,39.0,42.0,45.0,49.0,52.0,56.0,58.0,61.0,68.0,80.0,inferred
Mendip,2021-09-06,36.0,44.0,50.0,53.0,55.0,59.0,63.0,67.0,72.0,75.0,79.0,87.0,101.0,inferred
Mendip,2021-09-07,35.0,43.0,49.0,51.0,54.0,58.0,62.0,66.0,71.0,74.0,77.0,86.0,99.0,inferred
Mendip,2021-09-08,34.0,40.0,46.0,49.0,51.0,55.0,59.0,62.0,67.0,70.0,72.0,80.0,92.0,inferred
Mendip,2021-09-09,30.0,36.0,42.0,44.0,46.0,50.0,54.0,58.0,62.0,64.0,66.0,73.0,87.0,inferred
Mendip,2021-09-10,23.0,31.0,35.8,37.0,39.0,43.0,46.0,50.0,54.0,56.0,59.0,66.0,77.0,inferred
Mendip,2021-09-11,18.0,23.0,27.0,29.0,31.0,34.0,37.0,40.0,43.3,45.0,47.0,54.0,67.0,inferred
Mendip,2021-09-12,16.0,22.0,27.0,28.0,30.0,33.0,36.0,39.0,42.0,44.0,46.2,54.0,64.5,inferred
Mendip,2021-09-13,24.0,31.0,36.0,38.0,40.0,43.0,46.0,50.0,53.0,56.0,58.0,65.0,78.0,inferred
Mendip,2021-09-14,24.0,31.0,36.0,38.0,40.0,44.0,47.0,50.0,54.0,57.0,59.0,66.0,78.0,inferred
Mendip,2021-09-15,26.0,32.0,38.0,40.0,42.0,46.0,50.0,53.0,57.0,59.0,61.0,68.0,81.0,inferred
Mendip,2021-09-16,27.0,34.0,40.0,42.0,44.0,47.0,51.0,55.0,59.0,60.0,62.0,71.0,83.0,inferred
Mendip,2021-09-17,25.0,32.9,37.0,39.0,41.0,45.0,49.0,52.0,56.0,58.0,60.0,67.0,78.5,inferred
Mendip,2021-09-18,21.0,27.0,32.0,34.0,35.0,38.0,41.5,45.0,49.0,51.0,53.0,59.0,71.0,inferred
Mendip,2021-09-19,22.0,30.0,35.0,37.0,39.0,42.0,46.0,49.0,53.0,55.0,57.2,64.0,75.0,inferred
Mendip,2021-09-20,35.0,46.0,51.0,54.0,56.0,60.0,64.0,68.0,73.0,76.0,79.0,87.0,99.5,inferred
Mendip,2021-09-21,41.0,50.0,56.0,59.0,61.0,65.0,69.0,73.0,78.0,81.0,83.0,93.0,109.0,inferred
Mendip,2021-09-22,41.0,51.9,58.0,60.8,63.0,68.0,72.0,76.0,81.0,83.2,87.0,97.0,111.0,inferred
Mendip,2021-09-23,46.0,55.0,62.0,64.0,66.0,71.0,75.0,80.0,85.0,87.0,91.0,100.0,115.0,inferred
Mendip,2021-09-24,46.0,55.0,62.0,64.0,66.0,71.0,74.0,79.0,84.0,86.0,89.0,97.0,113.0,inferred
Mendip,2021-09-25,39.0,47.0,53.0,56.0,58.0,63.0,66.0,70.0,74.0,76.0,80.0,88.0,102.0,inferred
Mendip,2021-09-26,45.0,53.0,59.0,62.0,65.0,69.0,74.0,78.0,83.0,85.2,89.0,96.0,111.0,inferred
Mendip,2021-09-27,71.0,81.0,89.0,91.0,94.0,99.0,105.0,110.0,116.0,119.0,123.0,133.0,150.0,inferred
Mendip,2021-09-28,71.0,83.0,91.0,95.0,98.0,103.0,108.0,113.0,120.0,124.0,127.0,138.0,154.0,inferred
Mendip,2021-09-29,65.0,77.0,86.0,90.0,92.0,98.0,102.0,107.0,113.0,116.0,120.0,130.0,145.0,inferred
Mendip,2021-09-30,60.0,72.0,79.0,82.8,85.0,90.0,95.0,100.0,105.0,108.0,111.0,120.0,136.5,inferred
Mendip,2021-10-01,53.0,61.0,68.0,70.0,72.0,77.0,81.0,86.0,92.0,94.0,98.0,107.0,124.0,inferred
Mendip,2021-10-02,37.0,45.0,51.0,53.0,56.0,60.0,64.0,68.0,73.0,75.0,78.0,85.0,98.5,inferred
Mendip,2021-10-03,36.0,44.0,50.0,53.0,54.0,59.0,63.0,67.0,72.0,75.0,78.0,85.1,98.0,inferred
Mendip,2021-10-04,48.0,59.0,66.0,69.0,71.0,75.6,80.0,86.0,91.0,93.0,97.0,106.0,119.5,inferred
Mendip,2021-10-05,51.5,61.0,69.0,72.0,75.0,80.0,84.5,89.0,94.3,97.0,100.0,109.0,124.5,inferred
Mendip,2021-10-06,54.0,63.0,71.0,74.0,77.0,81.0,86.0,90.0,96.0,98.0,101.0,110.0,125.0,inferred
Mendip,2021-10-07,58.0,67.0,75.0,78.0,81.0,85.0,90.0,94.0,99.3,103.0,106.0,116.0,133.0,inferred
Mendip,2021-10-08,55.0,66.0,73.0,77.0,79.0,83.0,88.0,93.0,98.0,101.0,104.0,112.0,129.0,inferred
Mendip,2021-10-09,47.5,59.0,66.0,68.0,70.0,75.0,79.0,83.0,88.0,90.0,94.0,103.0,116.0,inferred
Mendip,2021-10-10,54.5,64.0,71.8,75.0,78.0,83.0,87.0,92.0,98.0,100.0,104.0,114.0,128.0,inferred
Mendip,2021-10-11,84.0,98.0,107.0,111.0,115.0,121.0,127.0,133.0,139.0,143.0,148.0,158.0,174.5,inferred
Mendip,2021-10-12,96.0,110.9,119.0,124.0,127.0,135.0,141.0,146.0,152.3,156.0,160.0,174.0,192.0,inferred
Mendip,2021-10-13,109.0,123.0,134.0,138.0,142.0,148.0,154.0,160.0,167.0,172.0,176.0,188.0,209.0,inferred
Mendip,2021-10-14,119.0,136.0,147.0,151.0,154.7,162.0,169.0,176.0,185.0,189.0,194.2,208.0,230.5,inferred
Mendip,2021-10-15,117.5,136.9,149.0,154.0,158.0,166.0,173.0,180.0,190.0,194.0,200.0,213.0,238.0,inferred
Merthyr Tydfil,2021-07-03,0.0,2.0,2.0,3.0,3.0,4.0,4.0,5.0,6.0,6.0,7.0,9.0,11.0,inferred
Merthyr Tydfil,2021-07-04,1.0,2.0,3.0,3.0,3.0,4.0,5.0,6.0,7.0,7.0,8.0,9.0,13.0,inferred
Merthyr Tydfil,2021-07-05,2.0,4.0,5.0,5.0,6.0,7.0,8.0,9.0,10.0,10.0,11.0,13.0,16.0,inferred
Merthyr Tydfil,2021-07-06,2.0,4.0,5.0,6.0,6.0,7.0,8.0,9.0,10.0,11.0,12.0,14.0,17.0,inferred
Merthyr Tydfil,2021-07-07,2.0,4.0,6.0,6.0,7.0,8.0,9.0,10.0,11.0,11.0,12.0,14.0,18.0,inferred
Merthyr Tydfil,2021-07-08,2.0,4.0,6.0,6.0,7.0,8.0,9.0,10.0,11.0,12.0,13.0,15.0,18.0,inferred
Merthyr Tydfil,2021-07-09,2.0,4.0,5.0,6.0,6.7,8.0,9.0,10.0,11.0,12.0,12.0,15.0,18.0,inferred
Merthyr Tydfil,2021-07-10,2.0,3.0,5.0,5.0,6.0,7.0,8.0,9.0,10.0,11.0,11.0,14.0,18.0,inferred
Merthyr Tydfil,2021-07-11,2.0,4.0,5.0,6.0,6.0,7.0,8.0,9.0,11.0,11.0,12.0,14.0,18.0,inferred
Merthyr Tydfil,2021-07-12,5.0,7.0,9.0,10.0,10.0,11.6,13.0,14.0,16.0,16.0,17.0,20.0,25.0,inferred
Merthyr Tydfil,2021-07-13,5.0,8.0,9.0,10.0,11.0,12.0,13.0,15.0,16.0,17.0,19.0,21.0,26.0,inferred
Merthyr Tydfil,2021-07-14,5.0,7.0,10.0,10.0,11.0,12.0,14.0,15.0,16.0,17.0,18.0,21.0,26.0,inferred
Merthyr Tydfil,2021-07-15,6.0,8.0,10.0,10.0,11.0,12.0,13.5,15.0,16.0,17.0,18.0,21.0,26.0,inferred
Merthyr Tydfil,2021-07-16,5.0,7.0,9.0,9.0,10.0,11.0,12.0,14.0,15.0,16.0,16.0,19.0,24.0,inferred
Merthyr Tydfil,2021-07-17,3.0,6.0,7.0,8.0,8.0,9.0,10.0,12.0,13.0,14.0,14.2,17.0,21.0,inferred
Merthyr Tydfil,2021-07-18,4.0,5.0,7.0,8.0,8.0,9.6,11.0,12.0,13.0,14.0,15.0,17.0,21.5,inferred
Merthyr Tydfil,2021-07-19,6.0,9.0,11.0,11.0,12.0,13.0,15.0,16.0,18.0,18.0,19.0,22.0,27.0,inferred
Merthyr Tydfil,2021-07-20,6.0,8.0,10.0,11.0,12.0,13.0,15.0,16.0,18.0,19.0,20.0,22.0,28.0,inferred
Merthyr Tydfil,2021-07-21,5.0,8.0,10.0,11.0,11.0,13.0,14.0,15.0,17.0,18.0,19.0,21.0,26.0,inferred
Merthyr Tydfil,2021-07-22,5.0,7.0,9.0,10.0,11.0,12.0,13.0,14.0,16.0,16.0,18.0,21.0,25.0,inferred
Merthyr Tydfil,2021-07-23,4.0,6.0,8.0,8.0,9.0,10.0,11.0,12.0,14.0,15.0,15.0,18.0,22.0,inferred
Merthyr Tydfil,2021-07-24,2.5,4.0,6.0,7.0,7.0,8.0,9.0,10.0,12.0,13.0,13.0,15.0,19.0,inferred
Merthyr Tydfil,2021-07-25,2.0,4.0,6.0,7.0,7.0,8.0,9.0,10.0,11.0,12.0,13.0,15.0,18.0,inferred
Merthyr Tydfil,2021-07-26,5.0,7.0,9.0,10.0,10.0,11.0,13.0,14.0,15.0,16.0,17.0,20.0,24.0,inferred
Merthyr Tydfil,2021-07-27,4.0,6.0,8.0,9.0,10.0,11.0,12.0,13.0,15.0,16.0,17.0,20.0,24.0,inferred
Merthyr Tydfil,2021-07-28,4.0,6.0,8.0,8.0,9.0,11.0,12.0,13.0,14.0,15.0,16.0,19.0,23.0,inferred
Merthyr Tydfil,2021-07-29,4.0,6.0,8.0,8.0,9.0,10.0,11.0,12.0,14.0,15.0,15.0,18.0,22.5,inferred
Merthyr Tydfil,2021-07-30,3.0,5.0,6.0,7.0,8.0,9.0,10.0,11.0,12.0,13.0,14.0,16.0,19.5,inferred
Merthyr Tydfil,2021-07-31,2.0,4.0,5.0,5.0,6.0,7.0,8.0,9.0,10.0,11.0,12.0,14.0,17.0,inferred
Merthyr Tydfil,2021-08-01,2.0,3.9,5.0,5.0,6.0,7.0,8.0,9.0,10.0,10.0,11.0,13.0,17.0,inferred
Merthyr Tydfil,2021-08-02,3.0,5.0,7.0,7.0,8.0,9.0,10.0,12.0,13.0,14.0,15.0,17.0,21.0,inferred
Merthyr Tydfil,2021-08-03,3.0,5.0,7.0,8.0,8.0,9.0,10.0,12.0,13.0,14.0,15.0,17.0,21.5,inferred
Merthyr Tydfil,2021-08-04,3.0,5.0,7.0,8.0,8.0,9.0,11.0,12.0,13.0,14.0,15.0,17.0,22.0,inferred
Merthyr Tydfil,2021-08-05,3.0,5.0,7.0,8.0,8.0,9.0,11.0,12.0,13.0,14.0,14.0,17.0,21.0,inferred
Merthyr Tydfil,2021-08-06,2.0,5.0,6.0,7.0,7.0,8.0,9.0,10.0,12.0,13.0,13.0,16.0,20.0,inferred
Merthyr Tydfil,2021-08-07,2.0,3.9,5.0,5.0,6.0,7.0,8.0,9.0,10.0,11.0,11.0,14.0,18.0,inferred
Merthyr Tydfil,2021-08-08,2.0,4.0,5.0,5.0,6.0,7.0,8.0,9.0,10.0,11.0,12.0,14.0,17.0,inferred
Merthyr Tydfil,2021-08-09,4.0,6.0,8.0,8.0,9.0,10.0,12.0,13.0,15.0,15.0,16.0,19.0,23.0,inferred
Merthyr Tydfil,2021-08-10,4.0,6.0,8.0,9.0,10.0,11.0,12.0,13.0,15.0,16.0,17.0,19.0,24.0,inferred
Merthyr Tydfil,2021-08-11,5.0,8.0,9.0,10.0,11.0,12.0,13.0,14.0,16.0,17.0,18.0,21.0,26.0,inferred
Merthyr Tydfil,2021-08-12,5.0,8.0,10.0,10.0,11.0,12.0,14.0,15.0,17.0,18.0,19.0,21.0,26.5,inferred
Merthyr Tydfil,2021-08-13,5.0,7.0,9.0,10.0,11.0,12.0,13.0,15.0,16.0,17.0,18.0,21.0,26.0,inferred
Merthyr Tydfil,2021-08-14,4.0,7.0,8.0,9.0,10.0,11.0,12.0,13.4,15.0,16.0,16.0,19.0,24.0,inferred
Merthyr Tydfil,2021-08-15,5.0,7.0,9.0,10.0,11.0,12.0,13.0,14.0,16.0,17.0,18.0,21.0,26.0,inferred
Merthyr Tydfil,2021-08-16,9.0,12.0,15.0,16.0,16.0,18.0,20.0,21.0,23.0,24.0,25.0,29.0,36.0,inferred
Merthyr Tydfil,2021-08-17,11.0,14.0,17.0,17.0,18.0,20.0,21.0,23.0,25.0,26.0,28.0,31.0,36.0,inferred
Merthyr Tydfil,2021-08-18,12.0,16.0,18.0,19.0,20.0,21.0,23.0,25.0,27.0,28.0,30.0,33.0,38.0,inferred
Merthyr Tydfil,2021-08-19,13.0,17.0,20.0,21.0,22.0,23.0,25.0,27.0,29.0,30.0,31.0,34.1,40.0,inferred
Merthyr Tydfil,2021-08-20,12.0,16.0,18.8,20.0,21.0,22.0,24.0,26.0,28.0,30.0,31.0,35.0,40.0,inferred
Merthyr Tydfil,2021-08-21,12.0,15.0,18.0,18.8,19.0,21.0,23.0,25.0,27.0,28.0,29.0,33.0,38.5,inferred
Merthyr Tydfil,2021-08-22,13.0,17.0,20.0,21.0,22.0,24.0,25.0,27.0,29.0,30.0,32.0,36.0,41.0,inferred
Merthyr Tydfil,2021-08-23,23.0,29.0,32.0,34.0,35.0,37.0,39.0,42.0,44.0,46.0,48.0,52.0,59.0,inferred
Merthyr Tydfil,2021-08-24,27.0,32.0,36.0,37.0,39.0,41.0,44.0,46.0,49.0,50.0,52.0,57.0,65.0,inferred
Merthyr Tydfil,2021-08-25,31.0,36.0,40.0,41.0,43.0,45.0,48.0,50.0,53.0,55.0,57.0,62.0,70.0,inferred
Merthyr Tydfil,2021-08-26,32.0,38.0,43.0,44.0,46.0,48.0,51.0,54.0,57.0,59.0,60.0,65.0,73.0,inferred
Merthyr Tydfil,2021-08-27,31.0,37.0,41.0,42.0,44.0,46.0,49.0,51.0,54.0,56.0,58.0,62.1,71.0,inferred
Merthyr Tydfil,2021-08-28,29.0,34.0,38.0,39.0,40.0,43.0,45.0,47.0,50.0,52.0,53.0,58.0,65.0,inferred
Merthyr Tydfil,2021-08-29,30.5,37.0,41.0,42.0,44.0,46.0,49.0,51.0,54.0,56.0,58.0,62.0,70.0,inferred
Merthyr Tydfil,2021-08-30,52.0,58.0,63.0,65.0,67.0,70.0,73.0,76.0,80.0,82.0,85.0,90.0,99.0,inferred
Merthyr Tydfil,2021-08-31,53.0,60.0,65.0,67.0,69.0,72.0,76.0,79.0,83.0,85.0,87.2,93.1,104.0,inferred
Merthyr Tydfil,2021-09-01,53.0,60.0,65.0,67.0,69.0,72.0,75.0,78.0,82.0,84.0,86.0,92.0,100.0,inferred
Merthyr Tydfil,2021-09-02,49.5,57.0,62.0,64.0,66.0,69.0,72.0,75.0,78.0,81.0,82.2,87.0,97.0,inferred
Merthyr Tydfil,2021-09-03,43.0,49.0,54.0,55.0,57.0,60.0,63.0,66.0,69.0,71.0,73.0,78.0,87.0,inferred
Merthyr Tydfil,2021-09-04,36.0,41.0,45.0,47.0,48.0,51.0,53.0,56.0,59.0,60.0,62.0,66.1,75.0,inferred
Merthyr Tydfil,2021-09-05,35.0,40.0,45.0,46.0,48.0,51.0,53.0,55.0,58.0,60.0,62.0,67.0,74.0,inferred
Merthyr Tydfil,2021-09-06,50.5,58.0,63.0,64.0,66.0,69.0,72.0,75.0,78.0,81.0,83.0,89.0,97.0,inferred
Merthyr Tydfil,2021-09-07,51.0,58.0,63.0,65.0,67.0,70.0,73.0,76.0,80.0,82.0,84.0,88.0,98.0,inferred
Merthyr Tydfil,2021-09-08,49.0,56.0,61.0,63.0,65.0,68.0,71.0,74.0,78.0,79.0,82.0,88.0,97.0,inferred
Merthyr Tydfil,2021-09-09,48.0,55.0,60.0,62.0,63.0,66.0,69.0,72.0,75.3,78.0,80.0,85.0,93.5,inferred
Merthyr Tydfil,2021-09-10,41.0,47.0,52.0,54.0,55.0,58.0,61.0,64.0,67.0,69.0,71.0,75.1,85.0,inferred
Merthyr Tydfil,2021-09-11,34.0,39.0,43.0,45.0,47.0,49.0,52.0,54.0,57.0,59.0,60.0,65.0,73.0,inferred
Merthyr Tydfil,2021-09-12,34.0,40.0,44.0,46.0,47.0,50.0,52.0,55.0,58.0,60.0,62.0,67.0,74.0,inferred
Merthyr Tydfil,2021-09-13,50.0,56.0,62.0,64.0,66.0,69.0,72.0,75.0,79.0,80.0,83.0,89.0,98.0,inferred
Merthyr Tydfil,2021-09-14,50.0,58.0,63.0,66.0,67.0,71.0,74.0,77.0,80.0,81.0,84.0,90.0,99.0,inferred
Merthyr Tydfil,2021-09-15,52.0,59.0,64.0,66.0,68.0,71.0,75.0,78.0,81.0,83.0,86.0,92.0,101.0,inferred
Merthyr Tydfil,2021-09-16,52.0,59.0,64.0,66.0,67.0,70.0,73.0,77.0,80.0,82.0,84.0,90.0,100.0,inferred
Merthyr Tydfil,2021-09-17,44.0,53.0,58.0,60.0,61.0,64.0,67.0,70.0,73.0,75.0,77.0,83.0,91.5,inferred
Merthyr Tydfil,2021-09-18,38.5,45.0,50.0,52.0,53.0,56.0,58.0,61.0,64.0,66.0,67.0,73.0,81.0,inferred
Merthyr Tydfil,2021-09-19,39.5,46.0,50.0,52.0,53.0,56.0,58.0,62.0,65.0,67.0,69.0,74.0,84.0,inferred
Merthyr Tydfil,2021-09-20,59.5,68.0,73.0,75.0,77.0,80.0,83.0,87.0,91.0,93.0,95.0,101.0,110.5,inferred
Merthyr Tydfil,2021-09-21,57.0,65.0,70.0,72.0,74.0,77.0,81.0,85.0,88.0,90.0,92.0,98.0,108.0,inferred
Merthyr Tydfil,2021-09-22,52.5,59.0,64.0,66.0,68.0,71.0,74.0,77.0,81.0,83.0,85.0,91.0,100.5,inferred
Merthyr Tydfil,2021-09-23,44.0,51.0,56.0,57.0,59.0,62.6,65.0,68.0,71.0,73.0,75.0,81.0,90.0,inferred
Merthyr Tydfil,2021-09-24,34.0,40.0,44.0,46.0,47.0,50.0,52.0,55.0,58.0,60.0,61.0,66.0,73.0,inferred
Merthyr Tydfil,2021-09-25,24.0,29.0,33.0,34.0,35.0,38.0,40.0,42.0,45.0,46.0,48.0,52.0,59.0,inferred
Merthyr Tydfil,2021-09-26,21.0,26.0,29.0,30.0,32.0,34.0,36.0,38.0,40.0,42.0,43.0,47.0,54.0,inferred
Merthyr Tydfil,2021-09-27,28.0,34.0,38.0,39.0,40.0,43.0,45.0,47.0,50.0,51.0,53.0,58.0,66.0,inferred
Merthyr Tydfil,2021-09-28,25.0,31.0,35.0,36.0,37.0,40.0,42.0,44.0,47.0,48.0,50.0,54.0,61.0,inferred
Merthyr Tydfil,2021-09-29,24.0,29.0,33.0,34.0,35.0,37.0,39.0,42.0,44.0,46.0,48.0,52.0,58.0,inferred
Merthyr Tydfil,2021-09-30,22.0,26.9,30.0,31.0,32.0,34.0,36.0,39.0,41.0,42.0,44.0,48.0,54.0,inferred
Merthyr Tydfil,2021-10-01,18.0,22.0,25.0,26.0,27.0,29.0,32.0,33.0,36.0,37.0,38.0,42.0,49.0,inferred
Merthyr Tydfil,2021-10-02,13.0,17.0,20.0,21.0,22.0,24.0,26.0,27.4,29.0,30.0,32.0,36.0,42.0,inferred
Merthyr Tydfil,2021-10-03,13.0,16.0,19.0,20.0,21.0,23.0,24.0,26.0,28.0,30.0,31.0,34.0,40.0,inferred
Merthyr Tydfil,2021-10-04,19.0,23.0,26.0,28.0,29.0,31.0,33.0,35.0,37.0,39.0,40.0,44.0,51.0,inferred
Merthyr Tydfil,2021-10-05,19.0,23.0,26.0,27.0,28.0,30.0,32.0,35.0,37.0,39.0,40.0,44.0,51.0,inferred
Merthyr Tydfil,2021-10-06,19.0,23.9,27.0,28.0,29.0,31.0,34.0,36.0,38.0,40.0,41.0,45.0,52.0,inferred
Merthyr Tydfil,2021-10-07,20.0,24.0,27.0,28.0,29.0,32.0,34.0,36.0,38.0,39.0,41.0,45.0,51.0,inferred
Merthyr Tydfil,2021-10-08,17.0,21.0,24.0,26.0,27.0,29.0,31.0,33.0,35.0,36.0,38.0,41.0,48.0,inferred
Merthyr Tydfil,2021-10-09,14.0,18.0,21.0,22.0,23.0,25.0,27.0,28.0,30.0,31.0,33.0,36.0,44.0,inferred
Merthyr Tydfil,2021-10-10,15.5,19.0,22.0,23.0,24.0,26.0,28.0,30.0,32.0,33.0,34.0,38.0,44.0,inferred
Merthyr Tydfil,2021-10-11,24.0,29.0,32.0,34.0,35.0,38.0,40.0,42.0,45.0,46.0,48.0,52.0,60.0,inferred
Merthyr Tydfil,2021-10-12,29.0,34.0,38.0,40.0,41.0,44.0,46.0,49.0,51.0,53.0,55.0,59.0,66.5,inferred
Merthyr Tydfil,2021-10-13,36.0,43.0,47.0,49.0,50.0,53.0,56.0,59.0,62.0,64.0,66.0,71.0,80.0,inferred
Merthyr Tydfil,2021-10-14,43.5,52.0,56.0,58.0,60.0,64.0,67.0,70.0,74.0,76.0,78.0,85.0,94.0,inferred
Merthyr Tydfil,2021-10-15,46.0,55.0,61.0,63.0,65.0,69.0,72.0,75.0,79.0,81.0,84.0,90.0,101.0,inferred
Merton,2021-07-03,27.0,33.0,38.0,40.0,41.0,45.0,48.0,52.0,55.3,57.0,60.0,66.0,76.0,inferred
Merton,2021-07-04,29.5,36.0,41.0,43.0,45.0,48.0,51.0,54.0,58.0,60.0,63.0,70.0,81.0,inferred
Merton,2021-07-05,47.0,55.0,62.0,64.0,66.0,69.0,73.0,77.0,81.0,84.0,87.0,95.0,106.0,inferred
Merton,2021-07-06,47.0,56.0,62.0,65.0,67.0,71.0,75.0,78.0,83.0,85.0,88.0,96.0,110.0,inferred
Merton,2021-07-07,53.0,62.9,70.0,72.0,74.0,79.0,83.0,87.0,91.0,94.0,97.0,105.0,117.5,inferred
Merton,2021-07-08,58.0,69.0,75.0,77.0,79.0,84.0,88.0,92.0,97.0,99.0,102.0,109.1,124.5,inferred
Merton,2021-07-09,57.0,67.0,74.0,77.0,79.0,83.0,87.0,92.0,96.3,99.0,101.0,109.0,121.5,inferred
Merton,2021-07-10,52.0,62.0,69.0,71.0,73.0,77.0,82.0,85.0,90.0,93.0,96.0,105.0,120.0,inferred
Merton,2021-07-11,60.0,69.0,75.0,78.0,80.0,86.0,90.0,94.0,99.0,101.0,104.0,112.0,125.5,inferred
Merton,2021-07-12,95.5,106.9,114.0,117.0,121.0,126.0,132.0,138.0,144.0,148.0,152.0,162.0,177.0,inferred
Merton,2021-07-13,93.0,107.0,115.0,119.0,122.0,128.0,133.0,138.0,144.0,147.0,151.0,161.0,176.5,inferred
Merton,2021-07-14,95.0,107.0,116.0,119.0,123.0,128.0,134.0,140.0,146.0,149.0,153.0,162.0,177.0,inferred
Merton,2021-07-15,91.0,103.0,112.0,115.0,118.0,123.0,128.0,132.0,138.0,141.0,145.0,155.0,173.0,inferred
Merton,2021-07-16,82.0,92.0,100.0,103.0,105.0,110.0,115.0,120.0,126.0,129.0,133.0,143.0,159.5,inferred
Merton,2021-07-17,64.0,75.0,82.0,85.0,88.0,92.0,97.0,101.0,106.0,108.0,111.0,121.0,136.5,inferred
Merton,2021-07-18,66.0,75.0,81.0,84.0,86.0,91.0,95.5,100.0,106.0,108.0,111.0,120.0,135.5,inferred
Merton,2021-07-19,88.0,102.0,111.0,115.0,117.0,123.0,128.0,133.0,138.0,142.0,145.0,156.0,171.0,inferred
Merton,2021-07-20,83.0,94.0,102.0,105.0,108.0,113.0,118.0,124.0,130.0,133.0,137.0,146.0,162.0,inferred
Merton,2021-07-21,79.0,89.0,97.0,100.0,103.0,108.0,113.0,118.0,123.0,126.0,129.0,139.0,156.0,inferred
Merton,2021-07-22,68.0,80.0,87.0,90.0,92.0,97.0,102.0,106.0,111.0,113.0,116.0,125.0,140.0,inferred
Merton,2021-07-23,56.0,66.0,73.0,75.0,77.0,82.0,86.0,90.0,95.0,98.0,101.0,108.0,121.0,inferred
Merton,2021-07-24,42.0,50.0,56.0,58.0,60.0,64.0,67.0,71.0,75.0,77.0,80.0,88.0,101.0,inferred
Merton,2021-07-25,37.0,45.0,51.0,54.0,56.0,59.0,63.0,67.0,71.0,73.0,76.0,83.0,96.0,inferred
Merton,2021-07-26,52.0,60.0,67.0,70.0,72.0,76.0,80.0,84.0,89.0,92.0,96.0,104.0,116.0,inferred
Merton,2021-07-27,47.0,57.0,63.0,66.0,68.0,72.0,76.0,80.0,85.0,88.0,91.0,99.0,110.0,inferred
Merton,2021-07-28,49.0,60.0,67.0,69.8,72.0,75.0,79.0,83.0,87.0,90.0,93.0,100.0,113.0,inferred
Merton,2021-07-29,51.0,60.0,65.0,68.0,70.0,74.0,78.0,82.0,86.0,89.0,92.0,100.0,111.0,inferred
Merton,2021-07-30,47.0,56.9,62.0,64.0,66.0,70.0,74.0,78.0,82.0,85.0,88.0,96.0,108.0,inferred
Merton,2021-07-31,39.5,47.0,53.0,55.0,57.0,61.0,65.0,69.0,73.0,76.0,79.0,86.0,97.0,inferred
Merton,2021-08-01,41.0,49.0,56.0,58.0,60.0,63.0,67.0,71.0,75.3,78.0,81.0,88.0,99.0,inferred
Merton,2021-08-02,63.0,74.0,80.0,83.0,85.0,90.0,94.0,99.0,103.3,106.0,110.0,118.0,133.5,inferred
Merton,2021-08-03,61.0,71.0,78.0,81.0,83.0,88.0,92.0,97.0,102.0,105.0,108.0,116.0,131.0,inferred
Merton,2021-08-04,63.0,73.0,80.0,83.0,85.0,89.0,94.0,98.0,104.0,106.0,109.0,117.0,135.0,inferred
Merton,2021-08-05,59.0,70.0,78.0,81.0,83.7,88.0,92.0,97.0,102.0,106.0,109.0,118.0,130.0,inferred
Merton,2021-08-06,55.0,64.0,71.0,73.0,75.0,80.0,84.0,88.0,93.0,96.0,99.0,108.0,121.0,inferred
Merton,2021-08-07,46.0,54.0,60.0,63.0,65.0,69.0,72.0,76.0,81.0,84.0,86.0,94.0,103.0,inferred
Merton,2021-08-08,46.0,54.0,60.0,63.0,65.0,69.0,72.0,76.0,81.0,84.0,86.0,93.0,105.5,inferred
Merton,2021-08-09,66.0,77.0,85.0,88.0,90.0,95.0,99.0,104.0,109.0,112.0,116.0,124.0,140.5,inferred
Merton,2021-08-10,64.5,74.0,81.0,84.0,86.0,91.0,95.0,99.0,104.0,108.0,110.2,120.0,133.0,inferred
Merton,2021-08-11,65.0,75.0,82.0,85.0,87.0,92.0,97.0,101.0,106.0,109.0,113.0,122.0,136.0,inferred
Merton,2021-08-12,61.0,71.0,78.0,81.0,84.0,89.0,94.0,98.0,104.0,106.0,109.0,117.1,131.0,inferred
Merton,2021-08-13,55.0,65.0,71.0,74.0,76.0,80.0,85.0,89.0,93.0,96.0,100.0,107.0,119.5,inferred
Merton,2021-08-14,45.0,54.0,60.0,62.0,64.0,68.0,72.0,75.0,80.0,82.0,85.0,94.0,105.0,inferred
Merton,2021-08-15,46.0,52.9,59.0,62.0,64.0,67.0,72.0,75.4,80.0,82.0,85.0,93.0,106.5,inferred
Merton,2021-08-16,66.0,76.0,83.0,86.0,89.0,94.0,98.0,102.0,107.0,110.0,113.0,123.0,135.0,inferred
Merton,2021-08-17,63.0,72.0,79.0,81.0,83.0,88.0,92.0,96.0,102.0,104.0,108.0,116.0,127.0,inferred
Merton,2021-08-18,62.0,71.0,77.8,80.0,82.0,87.0,92.0,96.0,101.0,104.0,107.0,116.0,131.0,inferred
Merton,2021-08-19,56.0,66.0,74.0,76.0,79.0,83.0,87.0,91.0,96.0,99.0,102.0,110.0,123.0,inferred
Merton,2021-08-20,48.0,58.0,64.0,67.0,69.0,74.0,78.0,82.0,86.0,88.0,91.0,98.0,110.0,inferred
Merton,2021-08-21,39.0,47.0,53.0,55.0,57.0,61.0,64.0,68.0,72.0,75.0,78.0,84.0,95.5,inferred
Merton,2021-08-22,37.0,46.0,52.0,54.0,56.0,60.0,64.0,67.0,71.0,74.0,77.0,84.0,96.0,inferred
Merton,2021-08-23,54.0,65.0,71.0,74.0,76.0,81.0,85.0,89.0,94.0,96.0,100.0,107.0,120.5,inferred
Merton,2021-08-24,50.0,60.0,67.0,69.0,72.0,76.0,80.0,84.0,88.0,91.0,94.0,102.0,116.0,inferred
Merton,2021-08-25,51.0,60.0,67.0,69.0,72.0,76.0,80.0,84.0,88.0,91.0,93.0,101.0,115.0,inferred
Merton,2021-08-26,49.0,57.0,63.0,65.0,68.0,72.0,76.0,80.0,85.0,88.0,90.0,98.0,112.0,inferred
Merton,2021-08-27,45.0,52.0,58.0,60.0,62.0,66.0,70.0,73.0,77.0,80.0,83.0,91.0,103.0,inferred
Merton,2021-08-28,35.0,43.0,48.0,50.0,52.0,55.0,58.0,62.0,66.0,68.0,71.0,78.0,87.0,inferred
Merton,2021-08-29,35.5,43.0,48.0,50.0,52.0,56.0,59.0,63.0,66.0,69.0,72.0,79.0,90.0,inferred
Merton,2021-08-30,52.0,60.0,67.0,70.0,72.0,76.0,80.0,85.0,90.0,92.0,95.0,104.0,117.0,inferred
Merton,2021-08-31,50.0,58.0,65.0,67.0,69.0,73.0,77.0,82.0,86.0,89.0,92.0,101.0,114.0,inferred
Merton,2021-09-01,51.0,60.0,67.0,69.0,71.0,76.0,80.0,84.4,89.0,92.0,94.0,103.0,115.0,inferred
Merton,2021-09-02,49.0,58.0,64.0,67.0,70.0,74.0,78.0,82.0,87.0,89.0,92.0,101.0,111.5,inferred
Merton,2021-09-03,43.0,52.0,59.0,61.0,63.0,67.0,71.0,76.0,80.0,82.0,85.0,92.0,105.0,inferred
Merton,2021-09-04,36.0,43.0,48.0,51.0,53.0,57.0,60.0,64.0,67.3,70.0,73.0,80.0,92.0,inferred
Merton,2021-09-05,37.0,43.0,50.0,52.0,54.0,57.0,61.0,64.4,68.0,70.2,73.0,80.0,92.0,inferred
Merton,2021-09-06,54.0,63.0,70.0,72.0,74.0,79.0,83.0,87.0,92.0,94.0,98.0,107.0,120.0,inferred
Merton,2021-09-07,49.0,58.0,65.0,68.0,70.0,74.0,78.0,82.0,86.0,89.0,93.0,102.0,115.0,inferred
Merton,2021-09-08,47.0,57.0,63.0,65.0,67.0,71.0,76.0,80.0,84.0,87.0,91.0,99.0,112.0,inferred
Merton,2021-09-09,45.0,53.0,59.0,61.0,64.0,68.0,72.0,76.0,80.0,82.0,85.0,92.1,107.0,inferred
Merton,2021-09-10,38.0,45.0,51.0,53.0,55.0,59.0,62.0,66.0,70.0,73.0,75.0,82.0,95.0,inferred
Merton,2021-09-11,30.0,36.0,41.0,42.0,44.0,47.0,51.0,54.0,58.0,60.0,62.0,69.0,82.0,inferred
Merton,2021-09-12,29.0,34.9,39.0,41.0,43.0,46.0,49.0,52.0,56.0,58.0,60.0,66.0,76.0,inferred
Merton,2021-09-13,40.0,48.0,53.0,55.0,57.0,61.0,65.0,69.0,73.0,75.0,77.2,84.0,97.0,inferred
Merton,2021-09-14,37.0,46.0,51.0,53.0,55.0,59.0,63.0,66.0,71.0,73.0,76.0,83.0,94.0,inferred
Merton,2021-09-15,40.0,48.0,54.8,57.0,59.0,63.0,66.0,70.0,74.0,76.0,79.0,87.0,99.0,inferred
Merton,2021-09-16,42.0,50.0,56.0,59.0,60.0,64.0,67.5,71.0,75.0,78.0,81.0,88.0,98.0,inferred
Merton,2021-09-17,38.5,46.0,52.0,54.0,57.0,61.0,65.0,68.0,73.0,76.0,78.2,87.0,98.0,inferred
Merton,2021-09-18,34.5,43.0,47.0,49.0,51.0,55.0,58.0,62.0,66.0,68.0,70.0,78.0,90.0,inferred
Merton,2021-09-19,37.0,44.0,50.0,52.0,55.0,58.0,61.5,65.0,69.0,71.0,73.0,80.0,92.5,inferred
Merton,2021-09-20,56.0,67.0,74.0,77.0,79.0,83.0,87.5,92.0,97.0,100.0,103.0,112.0,127.0,inferred
Merton,2021-09-21,55.0,65.0,72.0,74.0,77.0,81.0,85.0,89.0,94.0,97.0,100.0,108.0,121.0,inferred
Merton,2021-09-22,56.0,66.0,74.0,76.0,78.0,83.0,87.0,92.0,96.0,99.0,102.0,110.1,123.0,inferred
Merton,2021-09-23,54.0,63.0,70.0,73.0,75.0,79.0,84.0,88.0,92.0,95.0,98.0,106.0,120.5,inferred
Merton,2021-09-24,48.0,56.0,63.0,65.0,68.0,72.0,76.0,80.0,85.0,88.0,91.0,98.0,109.0,inferred
Merton,2021-09-25,39.5,47.0,53.0,55.0,57.0,61.0,64.0,68.0,72.3,75.0,77.0,84.0,98.0,inferred
Merton,2021-09-26,40.5,48.0,54.0,56.0,58.0,62.0,65.0,69.0,73.0,75.0,77.0,85.0,97.0,inferred
Merton,2021-09-27,57.0,67.0,74.0,77.0,79.0,84.0,88.0,92.0,97.0,99.0,102.0,112.0,124.0,inferred
Merton,2021-09-28,54.0,65.0,71.0,74.0,76.0,80.0,84.0,89.0,93.0,96.0,98.0,108.0,122.0,inferred
Merton,2021-09-29,55.0,64.0,70.0,73.0,75.0,80.6,85.0,89.0,94.0,96.0,99.0,107.0,121.0,inferred
Merton,2021-09-30,51.0,60.0,66.0,69.0,71.0,76.0,80.0,84.0,88.0,90.0,93.0,101.0,115.0,inferred
Merton,2021-10-01,44.0,52.9,58.0,61.0,63.0,68.0,72.0,75.0,80.0,83.0,85.0,92.0,106.0,inferred
Merton,2021-10-02,38.0,44.0,49.0,51.0,53.0,57.0,61.0,64.0,68.0,70.0,72.2,80.0,91.0,inferred
Merton,2021-10-03,35.0,43.0,48.0,50.0,52.0,55.0,59.0,63.0,68.0,70.0,72.0,79.0,90.0,inferred
Merton,2021-10-04,52.0,61.0,68.0,71.0,73.0,78.0,81.0,85.0,90.0,93.0,96.0,105.0,117.0,inferred
Merton,2021-10-05,49.0,58.0,64.0,67.0,69.0,73.0,78.0,82.0,87.0,89.0,92.0,101.0,113.0,inferred
Merton,2021-10-06,52.0,61.0,67.0,70.0,72.0,76.0,80.0,84.0,88.0,90.0,93.0,102.0,116.5,inferred
Merton,2021-10-07,50.0,60.0,66.0,69.0,71.0,75.0,79.0,83.0,87.0,89.0,92.0,100.1,114.0,inferred
Merton,2021-10-08,46.0,55.0,61.0,63.0,66.0,70.0,73.0,78.0,82.0,85.0,87.0,95.0,107.5,inferred
Merton,2021-10-09,37.0,46.0,52.0,54.0,56.0,59.0,63.0,67.0,71.0,73.0,76.0,83.0,96.5,inferred
Merton,2021-10-10,38.0,46.0,53.0,56.0,58.0,62.0,66.0,70.0,73.0,75.0,78.0,86.0,98.0,inferred
Merton,2021-10-11,61.0,69.0,76.0,79.0,81.0,86.0,90.0,94.0,99.0,101.0,105.0,114.0,126.0,inferred
Merton,2021-10-12,57.0,67.0,74.0,77.0,79.0,83.0,87.0,92.0,97.0,100.0,103.0,112.1,126.0,inferred
Merton,2021-10-13,57.0,68.0,75.0,78.0,81.0,85.0,89.0,94.0,99.0,102.0,105.0,113.0,128.0,inferred
Merton,2021-10-14,55.0,65.0,72.0,75.0,77.0,81.0,86.0,90.0,95.0,97.0,100.0,110.0,124.0,inferred
Merton,2021-10-15,49.0,59.0,66.0,68.0,71.0,75.0,79.0,83.0,88.0,91.0,94.0,102.0,115.5,inferred
Mid Devon,2021-07-03,3.0,6.0,8.0,9.0,9.0,11.0,12.0,14.0,15.0,16.0,18.0,21.0,27.0,inferred
Mid Devon,2021-07-04,4.5,7.0,9.0,10.0,11.0,12.0,14.0,16.0,18.0,19.0,20.0,24.0,30.5,inferred
Mid Devon,2021-07-05,10.0,13.0,16.0,17.0,19.0,21.0,23.0,25.0,27.0,29.0,31.0,36.0,44.0,inferred
Mid Devon,2021-07-06,12.0,16.0,20.0,21.0,22.0,24.0,27.0,29.0,32.0,33.0,35.0,40.0,50.0,inferred
Mid Devon,2021-07-07,14.0,19.0,22.0,24.0,25.0,27.0,29.0,32.0,34.0,36.0,38.0,43.0,52.0,inferred
Mid Devon,2021-07-08,15.5,21.0,25.0,26.0,27.0,30.0,32.0,34.0,37.0,39.0,40.0,45.0,53.0,inferred
Mid Devon,2021-07-09,16.0,21.0,25.0,26.0,27.0,29.0,32.0,35.0,38.0,39.0,41.0,46.0,55.5,inferred
Mid Devon,2021-07-10,15.0,20.0,23.0,24.0,26.0,28.0,30.0,33.0,35.0,36.0,38.0,43.0,50.5,inferred
Mid Devon,2021-07-11,18.0,22.9,26.0,28.0,29.0,32.0,35.0,37.0,40.0,42.0,44.0,49.0,58.5,inferred
Mid Devon,2021-07-12,30.0,37.0,42.0,43.0,45.0,47.0,51.0,54.0,58.0,59.0,62.0,68.0,77.5,inferred
Mid Devon,2021-07-13,32.0,38.0,44.0,46.0,47.0,51.0,54.0,57.0,60.3,62.0,65.0,71.0,80.0,inferred
Mid Devon,2021-07-14,29.0,36.0,41.0,43.0,44.0,47.6,50.5,54.0,57.3,59.0,62.0,69.0,79.0,inferred
Mid Devon,2021-07-15,27.5,33.0,38.0,40.0,41.0,44.0,48.0,50.0,54.0,55.2,58.0,64.0,75.0,inferred
Mid Devon,2021-07-16,23.0,28.0,32.0,33.0,35.0,38.0,40.0,43.0,46.0,48.0,50.0,55.0,64.0,inferred
Mid Devon,2021-07-17,16.0,20.0,24.0,25.0,26.0,29.0,31.0,34.0,37.0,38.0,40.0,45.0,54.0,inferred
Mid Devon,2021-07-18,15.0,20.0,23.0,25.0,25.0,27.6,30.0,32.0,35.0,36.0,38.0,43.0,52.0,inferred
Mid Devon,2021-07-19,21.0,26.0,30.0,32.0,33.0,36.0,39.0,41.0,44.0,47.0,48.0,54.0,63.0,inferred
Mid Devon,2021-07-20,19.0,25.0,29.0,30.0,32.0,35.0,38.0,40.0,43.0,45.0,47.0,53.0,63.0,inferred
Mid Devon,2021-07-21,19.0,24.0,27.0,29.0,30.0,33.0,35.0,38.0,41.0,43.0,45.0,50.0,60.0,inferred
Mid Devon,2021-07-22,17.0,22.0,25.0,27.0,28.0,31.0,33.0,36.0,38.0,40.0,42.0,47.0,56.0,inferred
Mid Devon,2021-07-23,14.0,19.0,22.0,24.0,25.0,27.0,30.0,32.0,35.0,36.0,38.0,42.0,49.0,inferred
Mid Devon,2021-07-24,10.0,14.0,17.0,18.0,19.0,21.0,23.0,25.0,28.0,29.0,31.0,35.0,42.0,inferred
Mid Devon,2021-07-25,10.0,14.0,17.0,18.0,19.0,21.0,23.0,25.0,28.0,29.0,31.0,35.0,43.0,inferred
Mid Devon,2021-07-26,15.0,20.0,24.0,25.0,27.0,29.0,32.0,34.0,37.0,38.0,40.0,45.0,54.0,inferred
Mid Devon,2021-07-27,16.0,21.0,24.0,26.0,27.0,30.0,32.0,35.0,37.0,39.0,41.0,46.0,54.0,inferred
Mid Devon,2021-07-28,16.0,21.0,24.0,26.0,27.0,30.0,32.0,34.0,37.0,39.0,41.0,45.0,54.0,inferred
Mid Devon,2021-07-29,16.5,22.0,25.0,26.0,28.0,30.0,32.0,35.0,38.0,40.0,42.0,47.0,56.0,inferred
Mid Devon,2021-07-30,15.0,20.0,23.0,24.0,26.0,28.0,31.0,33.0,36.0,37.0,39.0,44.0,50.0,inferred
Mid Devon,2021-07-31,12.0,16.9,20.0,21.0,22.0,24.0,26.0,29.0,31.0,33.0,34.0,39.0,46.0,inferred
Mid Devon,2021-08-01,13.0,18.0,21.0,22.0,24.0,26.0,28.0,30.0,33.0,35.0,36.0,41.0,50.0,inferred
Mid Devon,2021-08-02,22.0,27.0,31.0,33.0,34.0,37.0,39.0,42.0,45.0,47.0,49.0,56.0,65.0,inferred
Mid Devon,2021-08-03,23.0,29.0,33.0,34.0,36.0,38.0,41.0,44.0,47.0,49.0,51.0,56.0,66.0,inferred
Mid Devon,2021-08-04,22.0,28.0,32.0,33.0,34.0,37.0,40.0,43.0,46.0,48.0,51.0,56.0,66.0,inferred
Mid Devon,2021-08-05,21.0,27.0,31.0,33.0,34.0,37.0,39.0,42.0,45.0,47.0,49.0,55.0,63.5,inferred
Mid Devon,2021-08-06,20.0,24.0,28.0,30.0,31.0,34.0,36.0,39.0,42.0,43.2,46.0,51.0,59.0,inferred
Mid Devon,2021-08-07,14.0,19.0,23.0,24.0,25.0,28.0,30.0,32.0,35.0,37.0,39.0,43.0,52.0,inferred
Mid Devon,2021-08-08,15.0,20.0,23.0,25.0,26.0,28.0,31.0,33.0,36.0,38.0,39.0,44.0,53.5,inferred
Mid Devon,2021-08-09,23.0,29.0,33.0,35.0,37.0,40.0,43.0,45.4,49.0,51.0,53.0,59.0,69.0,inferred
Mid Devon,2021-08-10,25.0,31.0,35.0,37.0,39.0,42.0,45.0,48.0,52.0,53.0,55.0,62.0,72.5,inferred
Mid Devon,2021-08-11,28.0,34.0,38.0,40.0,42.0,45.0,47.0,51.0,54.0,56.0,59.0,65.0,74.5,inferred
Mid Devon,2021-08-12,31.0,38.0,43.0,44.0,46.0,49.0,52.0,55.0,59.0,60.0,63.0,69.0,79.0,inferred
Mid Devon,2021-08-13,31.0,37.0,42.0,44.0,46.0,49.0,52.0,55.0,58.0,60.0,62.0,68.0,77.5,inferred
Mid Devon,2021-08-14,28.0,34.0,39.0,40.0,42.0,45.0,47.0,50.0,53.0,55.0,56.0,62.0,75.0,inferred
Mid Devon,2021-08-15,31.0,38.0,43.0,45.0,47.0,50.0,53.0,56.0,60.0,62.0,65.0,71.1,81.0,inferred
Mid Devon,2021-08-16,51.5,60.0,67.0,70.0,72.0,76.0,79.0,83.0,87.0,90.0,92.0,100.0,114.0,inferred
Mid Devon,2021-08-17,54.0,64.0,71.0,73.0,75.0,79.0,83.0,87.0,91.0,94.0,96.0,105.0,117.5,inferred
Mid Devon,2021-08-18,52.0,60.0,66.0,68.0,70.0,74.0,78.0,82.0,87.0,89.0,92.0,98.0,111.0,inferred
Mid Devon,2021-08-19,47.0,55.0,61.0,63.0,65.0,69.0,73.0,76.0,80.0,82.0,85.0,93.0,104.0,inferred
Mid Devon,2021-08-20,38.0,47.0,52.0,54.0,56.0,60.0,62.0,66.0,70.0,72.0,74.0,81.0,91.5,inferred
Mid Devon,2021-08-21,30.0,36.0,41.0,42.0,44.0,47.0,50.0,53.0,56.0,58.0,61.0,67.0,78.0,inferred
Mid Devon,2021-08-22,28.0,35.0,39.0,41.0,43.0,46.0,49.0,52.0,55.0,57.0,60.0,65.0,76.0,inferred
Mid Devon,2021-08-23,41.0,48.0,53.0,55.0,57.0,60.0,63.0,67.0,71.0,73.0,76.0,82.0,92.0,inferred
Mid Devon,2021-08-24,38.0,46.0,50.0,53.0,55.0,58.0,61.0,65.0,68.0,71.0,73.0,79.0,90.0,inferred
Mid Devon,2021-08-25,34.0,42.0,47.0,49.0,51.0,54.0,58.0,61.0,65.0,67.0,69.0,77.0,87.0,inferred
Mid Devon,2021-08-26,33.0,39.9,44.0,46.0,48.0,51.0,55.0,57.0,61.0,63.0,65.0,71.0,82.5,inferred
Mid Devon,2021-08-27,28.0,35.0,39.0,41.0,43.0,46.0,49.0,52.0,55.0,57.0,59.0,65.0,75.5,inferred
Mid Devon,2021-08-28,21.0,26.0,30.0,32.0,34.0,36.0,39.0,41.0,44.0,46.0,48.0,53.0,62.0,inferred
Mid Devon,2021-08-29,21.0,26.0,30.0,32.0,33.0,36.0,38.0,41.0,44.0,46.0,48.0,53.0,62.0,inferred
Mid Devon,2021-08-30,29.0,36.0,41.0,43.0,45.0,48.0,51.0,54.0,58.0,60.0,62.0,68.1,79.0,inferred
Mid Devon,2021-08-31,28.0,36.0,40.0,42.0,44.0,46.0,50.0,53.0,56.0,59.0,61.0,68.0,79.0,inferred
Mid Devon,2021-09-01,28.0,34.0,38.0,40.0,42.0,44.0,47.0,50.0,53.0,56.0,58.0,64.0,73.0,inferred
Mid Devon,2021-09-02,25.5,31.0,35.0,37.0,38.0,41.0,44.0,47.0,50.0,51.0,54.0,60.0,69.0,inferred
Mid Devon,2021-09-03,20.0,26.0,30.0,31.0,33.0,36.0,38.0,41.0,44.0,45.0,48.0,54.0,62.0,inferred
Mid Devon,2021-09-04,15.0,20.0,23.8,25.0,26.0,28.0,31.0,33.0,36.0,38.0,39.0,44.0,52.0,inferred
Mid Devon,2021-09-05,15.0,20.0,23.0,24.0,25.0,28.0,30.0,32.0,35.0,36.0,38.0,43.0,51.0,inferred
Mid Devon,2021-09-06,21.0,27.0,31.0,33.0,34.0,37.0,40.0,42.0,46.0,47.0,49.0,55.0,64.0,inferred
Mid Devon,2021-09-07,19.0,26.0,29.0,31.0,32.0,34.0,37.0,40.0,42.0,44.0,46.0,52.0,63.0,inferred
Mid Devon,2021-09-08,17.0,22.0,25.0,27.0,28.0,31.0,33.0,36.0,39.0,40.0,42.2,48.0,56.0,inferred
Mid Devon,2021-09-09,15.0,19.0,22.0,24.0,25.0,27.0,29.0,32.0,34.0,36.0,38.0,42.0,49.5,inferred
Mid Devon,2021-09-10,11.0,15.9,19.0,20.0,21.0,23.0,25.0,27.0,30.0,32.0,33.0,37.0,45.0,inferred
Mid Devon,2021-09-11,7.0,11.0,13.0,14.0,15.0,17.0,19.0,21.0,23.0,24.0,26.0,30.0,37.0,inferred
Mid Devon,2021-09-12,6.0,10.0,13.0,14.0,15.0,16.0,18.0,20.0,22.0,23.0,24.0,28.0,35.0,inferred
Mid Devon,2021-09-13,10.0,14.0,17.0,18.0,19.0,21.0,23.0,26.0,28.0,29.0,31.0,35.0,43.0,inferred
Mid Devon,2021-09-14,9.0,13.0,16.0,17.0,18.0,20.0,22.0,24.0,27.0,28.0,29.0,34.0,41.0,inferred
Mid Devon,2021-09-15,9.0,13.0,16.0,17.0,18.0,20.0,21.0,23.0,25.0,27.0,29.0,33.0,41.0,inferred
Mid Devon,2021-09-16,8.0,12.0,15.0,16.0,17.0,19.0,21.0,23.0,26.0,27.0,28.0,32.0,39.0,inferred
Mid Devon,2021-09-17,8.0,11.0,14.0,15.0,16.0,18.0,20.0,22.0,24.0,25.0,26.0,30.0,37.0,inferred
Mid Devon,2021-09-18,5.0,9.0,11.0,12.0,13.0,14.0,16.0,18.0,20.0,21.0,22.0,26.0,32.0,inferred
Mid Devon,2021-09-19,6.0,9.0,11.0,12.0,13.0,15.0,17.0,18.4,20.0,22.0,23.0,27.0,33.0,inferred
Mid Devon,2021-09-20,10.0,14.0,17.0,18.0,19.0,21.0,23.0,25.0,27.0,29.0,30.0,35.0,42.0,inferred
Mid Devon,2021-09-21,10.5,14.0,18.0,19.0,20.0,22.0,24.0,26.0,29.0,30.0,31.0,36.0,43.0,inferred
Mid Devon,2021-09-22,10.0,15.0,18.0,19.0,20.0,22.0,24.0,26.0,29.0,30.0,32.0,37.0,44.0,inferred
Mid Devon,2021-09-23,11.0,15.0,19.0,20.0,21.0,23.0,25.0,27.0,29.0,31.0,33.0,37.0,45.0,inferred
Mid Devon,2021-09-24,10.0,14.0,17.0,19.0,20.0,22.0,24.0,26.0,28.0,30.0,31.0,35.0,43.0,inferred
Mid Devon,2021-09-25,8.0,12.0,14.0,16.0,17.0,18.0,20.0,22.0,25.0,26.0,28.0,32.0,39.0,inferred
Mid Devon,2021-09-26,9.0,13.0,16.0,17.0,18.0,20.0,22.0,24.0,26.0,28.0,29.0,33.0,39.5,inferred
Mid Devon,2021-09-27,16.0,21.0,25.0,26.0,27.0,29.0,32.0,34.0,37.0,39.0,41.0,45.0,54.0,inferred
Mid Devon,2021-09-28,16.0,23.0,26.0,27.0,29.0,31.6,34.0,36.0,39.0,40.0,42.0,48.0,56.0,inferred
Mid Devon,2021-09-29,17.0,21.9,26.0,27.0,29.0,31.0,33.0,36.0,39.0,40.0,42.0,47.0,55.5,inferred
Mid Devon,2021-09-30,18.0,22.0,26.0,27.0,29.0,31.0,33.0,36.0,39.0,41.0,42.0,48.0,57.5,inferred
Mid Devon,2021-10-01,15.0,20.0,24.0,25.0,26.0,29.0,31.0,33.0,36.0,38.0,40.0,45.0,54.0,inferred
Mid Devon,2021-10-02,13.0,17.0,20.0,21.0,22.0,24.0,26.0,29.0,31.0,33.0,35.0,39.0,46.0,inferred
Mid Devon,2021-10-03,12.0,17.0,20.0,22.0,23.0,25.0,27.0,30.0,32.0,34.0,36.0,40.0,48.0,inferred
Mid Devon,2021-10-04,20.0,26.0,30.0,31.0,33.0,35.0,38.0,41.0,44.0,45.0,47.0,53.0,62.5,inferred
Mid Devon,2021-10-05,21.0,27.0,32.0,34.0,35.0,38.0,41.0,44.0,47.0,49.0,51.0,57.0,66.0,inferred
Mid Devon,2021-10-06,24.0,30.0,33.0,35.0,36.7,39.0,43.0,46.0,49.0,51.0,53.0,59.0,69.0,inferred
Mid Devon,2021-10-07,27.0,33.0,37.0,39.0,41.0,44.0,46.0,49.0,52.0,54.0,56.0,63.0,72.0,inferred
Mid Devon,2021-10-08,26.0,33.0,37.0,39.0,41.0,44.0,47.0,50.0,53.0,55.0,56.2,62.0,71.5,inferred
Mid Devon,2021-10-09,24.0,30.0,34.0,36.0,37.0,40.0,42.0,45.0,48.0,50.0,52.0,58.0,66.5,inferred
Mid Devon,2021-10-10,27.0,34.0,38.0,40.0,42.0,45.0,48.0,51.0,54.0,56.0,59.0,64.0,73.0,inferred
Mid Devon,2021-10-11,46.0,54.0,60.0,62.0,64.0,67.6,71.0,75.0,78.0,81.0,84.0,90.0,100.0,inferred
Mid Devon,2021-10-12,49.0,57.0,63.0,65.0,67.0,71.0,75.0,79.0,83.0,85.2,88.2,96.0,108.0,inferred
Mid Devon,2021-10-13,48.0,56.0,63.0,65.0,67.0,71.0,75.0,79.0,84.0,86.0,88.0,96.0,109.0,inferred
Mid Devon,2021-10-14,46.0,55.0,62.0,65.0,67.0,71.0,75.0,79.0,83.0,86.0,88.2,96.0,109.0,inferred
Mid Devon,2021-10-15,43.0,51.0,57.0,59.0,61.0,64.0,68.0,73.0,77.0,79.0,82.0,90.0,104.0,inferred
Mid Suffolk,2021-07-03,2.0,4.0,5.8,6.0,7.0,8.0,9.0,10.0,11.0,12.0,13.0,15.0,19.0,inferred
Mid Suffolk,2021-07-04,3.0,5.0,7.0,7.0,8.0,9.0,10.0,11.0,13.0,14.0,15.0,17.0,22.0,inferred
Mid Suffolk,2021-07-05,6.0,9.0,11.0,12.0,13.0,14.0,16.0,17.0,19.0,19.2,20.0,24.0,28.0,inferred
Mid Suffolk,2021-07-06,6.0,10.0,12.0,13.0,13.0,15.0,16.0,18.0,19.0,20.0,21.0,24.0,29.0,inferred
Mid Suffolk,2021-07-07,8.0,11.0,13.0,14.0,15.0,16.0,18.0,19.0,21.0,22.0,23.0,26.0,32.0,inferred
Mid Suffolk,2021-07-08,9.0,12.0,14.0,15.0,16.0,17.0,19.0,20.0,22.0,23.0,24.0,27.0,32.0,inferred
Mid Suffolk,2021-07-09,9.0,12.0,14.0,15.0,16.0,17.0,19.0,20.0,22.0,23.0,24.0,27.0,32.0,inferred
Mid Suffolk,2021-07-10,8.0,11.0,13.0,14.0,15.0,16.0,18.0,20.0,21.0,22.0,23.0,26.0,32.0,inferred
Mid Suffolk,2021-07-11,10.0,13.0,15.0,16.0,17.0,19.0,20.0,22.0,24.0,25.0,26.0,29.0,35.0,inferred
Mid Suffolk,2021-07-12,17.0,21.0,24.0,25.0,27.0,28.0,31.0,33.0,35.0,36.0,37.0,41.0,48.0,inferred
Mid Suffolk,2021-07-13,18.0,22.0,25.0,27.0,28.0,29.0,31.0,34.0,36.0,37.0,39.0,43.0,49.0,inferred
Mid Suffolk,2021-07-14,19.0,24.0,27.0,28.0,30.0,32.0,34.0,36.0,39.0,40.0,42.0,46.0,52.5,inferred
Mid Suffolk,2021-07-15,19.0,24.0,27.0,29.0,30.0,32.0,34.0,36.0,38.0,39.0,41.0,45.0,52.0,inferred
Mid Suffolk,2021-07-16,18.0,22.0,25.0,27.0,28.0,30.0,32.0,34.0,36.0,38.0,39.0,43.0,50.0,inferred
Mid Suffolk,2021-07-17,14.0,19.0,22.0,23.0,24.0,26.0,28.0,29.0,32.0,33.0,34.0,38.0,44.0,inferred
Mid Suffolk,2021-07-18,17.0,20.0,23.0,25.0,26.0,27.6,29.0,32.0,34.0,35.0,37.0,40.0,47.0,inferred
Mid Suffolk,2021-07-19,23.0,29.0,32.0,34.0,35.0,38.0,40.0,42.0,45.0,47.0,48.0,53.0,60.0,inferred
Mid Suffolk,2021-07-20,22.0,27.0,30.0,32.0,33.0,35.0,38.0,40.0,43.0,44.0,46.0,50.0,58.0,inferred
Mid Suffolk,2021-07-21,22.0,26.0,30.0,31.0,33.0,35.0,37.0,40.0,42.0,44.0,45.0,50.0,57.0,inferred
Mid Suffolk,2021-07-22,19.0,25.0,27.0,29.0,30.0,32.0,34.0,36.0,39.0,40.0,42.0,46.0,54.0,inferred
Mid Suffolk,2021-07-23,16.5,21.0,24.0,25.0,26.0,28.0,30.0,33.0,35.0,36.0,37.0,41.0,47.0,inferred
Mid Suffolk,2021-07-24,13.0,16.0,19.0,20.0,21.0,23.0,25.0,26.0,29.0,30.0,31.0,35.0,39.5,inferred
Mid Suffolk,2021-07-25,13.0,16.9,19.0,20.0,21.0,23.0,25.0,27.0,29.0,30.0,31.0,34.1,41.0,inferred
Mid Suffolk,2021-07-26,18.0,23.0,26.0,27.0,28.0,31.0,33.0,35.0,37.0,39.0,40.0,44.0,52.0,inferred
Mid Suffolk,2021-07-27,16.0,21.0,24.0,25.0,26.0,28.0,30.0,32.0,35.0,36.0,37.0,41.0,48.0,inferred
Mid Suffolk,2021-07-28,17.0,21.0,25.0,26.0,27.0,29.0,31.0,33.0,36.0,37.0,39.0,42.0,48.0,inferred
Mid Suffolk,2021-07-29,16.0,20.0,24.0,25.0,26.0,28.0,30.0,32.0,34.0,35.0,37.0,40.0,46.5,inferred
Mid Suffolk,2021-07-30,13.0,18.0,21.0,22.0,23.0,25.0,27.0,29.0,31.0,32.0,34.0,37.0,43.0,inferred
Mid Suffolk,2021-07-31,11.0,15.0,17.0,18.0,19.0,21.0,22.0,24.0,26.0,27.0,28.0,31.0,37.0,inferred
Mid Suffolk,2021-08-01,11.0,15.0,18.0,19.0,20.0,21.0,23.0,25.0,27.0,28.0,29.0,33.0,38.0,inferred
Mid Suffolk,2021-08-02,17.0,21.0,24.0,25.0,27.0,29.0,31.0,33.0,35.0,37.0,38.0,42.0,49.0,inferred
Mid Suffolk,2021-08-03,16.0,20.0,23.0,24.0,25.0,27.6,30.0,32.0,34.0,35.0,36.0,40.0,47.0,inferred
Mid Suffolk,2021-08-04,16.0,20.0,24.0,25.0,26.0,28.0,30.0,33.0,35.0,36.0,37.0,41.0,49.0,inferred
Mid Suffolk,2021-08-05,15.0,20.0,23.0,24.0,26.0,28.0,29.0,31.0,33.3,35.0,36.0,40.0,45.0,inferred
Mid Suffolk,2021-08-06,15.0,19.0,21.0,22.0,23.0,25.0,27.0,29.0,31.0,32.0,34.0,37.0,43.0,inferred
Mid Suffolk,2021-08-07,11.0,15.0,18.0,19.0,20.0,22.0,23.0,25.0,27.0,28.0,29.0,33.0,38.0,inferred
Mid Suffolk,2021-08-08,12.5,16.0,18.8,19.0,21.0,22.0,24.0,26.0,28.0,29.0,30.0,34.0,40.5,inferred
Mid Suffolk,2021-08-09,19.0,23.0,26.0,28.0,29.0,31.0,33.0,35.0,37.0,39.0,40.0,45.0,52.0,inferred
Mid Suffolk,2021-08-10,19.0,22.9,26.0,27.0,28.0,30.0,32.0,34.0,37.0,38.0,40.0,45.0,52.0,inferred
Mid Suffolk,2021-08-11,19.0,24.0,27.0,28.0,29.0,31.0,33.0,36.0,38.0,40.0,42.0,46.0,54.0,inferred
Mid Suffolk,2021-08-12,19.5,24.0,27.0,29.0,30.0,32.0,34.0,36.0,39.0,40.0,41.0,45.0,53.0,inferred
Mid Suffolk,2021-08-13,19.0,23.0,26.0,27.0,28.0,30.0,32.0,34.0,37.0,38.0,39.0,43.1,51.0,inferred
Mid Suffolk,2021-08-14,15.5,19.0,22.0,23.0,25.0,26.0,28.0,30.0,32.0,33.0,35.0,39.0,45.5,inferred
Mid Suffolk,2021-08-15,17.0,21.0,24.0,25.0,27.0,29.0,31.0,33.0,35.0,36.0,38.0,42.0,48.0,inferred
Mid Suffolk,2021-08-16,26.0,30.0,35.0,36.0,37.0,40.0,42.0,44.0,47.0,48.0,50.0,55.0,62.5,inferred
Mid Suffolk,2021-08-17,25.0,30.0,33.0,35.0,36.0,38.0,40.0,43.0,45.0,47.0,48.0,53.0,60.0,inferred
Mid Suffolk,2021-08-18,25.0,30.0,33.8,35.0,36.0,38.6,41.0,43.0,46.0,47.0,49.0,54.0,62.0,inferred
Mid Suffolk,2021-08-19,23.0,28.0,32.0,33.0,34.0,37.0,39.0,41.0,44.0,46.0,47.0,51.0,59.5,inferred
Mid Suffolk,2021-08-20,20.0,25.0,28.0,29.0,31.0,33.0,35.0,37.0,40.0,41.0,43.0,47.0,53.0,inferred
Mid Suffolk,2021-08-21,16.0,20.0,23.0,24.0,25.0,27.0,29.0,31.0,33.0,34.0,36.0,40.0,46.0,inferred
Mid Suffolk,2021-08-22,17.0,21.0,24.0,25.0,26.0,28.0,30.0,32.0,35.0,36.0,37.0,41.0,47.0,inferred
Mid Suffolk,2021-08-23,23.5,29.0,33.0,35.0,36.0,38.0,40.0,43.0,45.0,46.0,48.0,52.0,60.0,inferred
Mid Suffolk,2021-08-24,22.0,27.0,31.0,32.0,33.0,36.0,38.0,40.0,43.0,45.0,46.0,51.0,58.0,inferred
Mid Suffolk,2021-08-25,24.0,29.0,32.0,33.0,34.0,36.0,39.0,41.0,44.0,45.0,47.0,51.1,58.0,inferred
Mid Suffolk,2021-08-26,21.5,27.0,30.0,31.8,33.0,35.0,37.0,40.0,42.0,43.0,45.0,50.0,57.0,inferred
Mid Suffolk,2021-08-27,20.0,24.0,27.0,29.0,30.0,32.0,34.0,36.0,39.0,40.0,41.0,45.0,52.0,inferred
Mid Suffolk,2021-08-28,16.0,19.0,22.0,24.0,25.0,27.0,28.0,30.0,33.0,34.0,36.0,39.0,47.0,inferred
Mid Suffolk,2021-08-29,16.0,20.0,23.0,24.0,25.0,28.0,30.0,32.0,34.0,36.0,37.0,41.0,47.0,inferred
Mid Suffolk,2021-08-30,25.0,30.0,34.0,35.0,36.0,38.0,41.0,43.0,46.0,47.0,49.0,53.0,61.0,inferred
Mid Suffolk,2021-08-31,23.0,29.0,32.0,33.0,35.0,37.0,39.0,41.0,43.0,45.0,47.0,51.0,60.0,inferred
Mid Suffolk,2021-09-01,24.0,29.0,33.0,34.0,35.0,38.0,40.0,42.0,45.0,46.0,48.0,53.0,61.0,inferred
Mid Suffolk,2021-09-02,23.0,28.0,32.0,33.0,34.0,37.0,39.0,41.0,44.0,45.0,46.0,52.0,58.0,inferred
Mid Suffolk,2021-09-03,21.0,26.0,30.0,31.0,32.0,34.0,37.0,39.0,41.0,42.0,44.0,49.0,56.0,inferred
Mid Suffolk,2021-09-04,17.0,22.0,24.0,26.0,27.0,29.0,31.0,33.0,36.0,37.0,39.0,43.0,50.0,inferred
Mid Suffolk,2021-09-05,18.0,23.0,26.0,27.0,28.0,30.0,32.0,34.0,37.0,38.0,39.0,43.0,49.0,inferred
Mid Suffolk,2021-09-06,26.0,32.0,36.8,38.0,40.0,42.0,44.0,47.0,49.0,50.0,52.0,57.0,65.0,inferred
Mid Suffolk,2021-09-07,25.0,30.0,33.0,35.0,36.0,39.0,41.0,43.0,46.0,47.0,49.0,54.0,62.0,inferred
Mid Suffolk,2021-09-08,24.0,29.0,33.0,35.0,36.0,38.0,41.0,43.0,45.0,47.0,48.0,53.0,61.0,inferred
Mid Suffolk,2021-09-09,22.5,28.0,31.0,32.0,33.0,36.0,38.0,40.0,43.0,44.0,46.0,50.0,56.0,inferred
Mid Suffolk,2021-09-10,19.0,23.0,27.0,28.0,29.0,32.0,33.0,35.0,38.0,39.0,40.0,45.0,51.0,inferred
Mid Suffolk,2021-09-11,14.0,19.0,21.0,22.0,24.0,25.0,27.0,29.0,31.0,33.0,34.0,38.0,44.0,inferred
Mid Suffolk,2021-09-12,14.0,18.0,22.0,23.0,24.0,26.0,28.0,30.0,32.0,33.0,35.0,39.0,45.0,inferred
Mid Suffolk,2021-09-13,21.0,26.0,30.0,31.0,32.7,34.0,36.0,39.0,41.0,42.0,44.0,48.0,55.0,inferred
Mid Suffolk,2021-09-14,20.0,24.0,28.0,29.0,30.0,33.0,35.0,37.0,40.0,41.0,43.0,47.0,54.0,inferred
Mid Suffolk,2021-09-15,23.0,27.0,31.0,32.0,34.0,36.0,38.0,40.0,43.0,45.0,46.0,51.0,57.0,inferred
Mid Suffolk,2021-09-16,23.0,28.0,31.0,33.0,34.0,36.0,38.0,40.0,43.0,44.0,46.0,51.0,59.0,inferred
Mid Suffolk,2021-09-17,22.0,27.0,31.0,32.0,33.0,36.0,38.0,40.0,43.0,44.0,45.0,50.0,56.5,inferred
Mid Suffolk,2021-09-18,20.0,24.0,27.0,29.0,30.0,32.0,34.0,36.0,38.0,40.0,41.0,45.0,52.0,inferred
Mid Suffolk,2021-09-19,22.0,26.0,29.0,31.0,32.0,34.0,36.0,39.0,41.0,42.0,44.0,48.0,55.5,inferred
Mid Suffolk,2021-09-20,32.0,39.0,43.0,45.0,46.0,49.0,52.0,55.0,58.0,60.0,61.0,66.0,75.0,inferred
Mid Suffolk,2021-09-21,33.0,38.0,43.0,44.0,46.0,48.0,51.0,54.0,57.0,58.0,60.0,65.0,73.0,inferred
Mid Suffolk,2021-09-22,35.0,40.0,44.0,46.0,47.0,50.0,53.0,56.0,59.0,61.0,63.0,68.0,77.0,inferred
Mid Suffolk,2021-09-23,34.0,40.0,44.0,46.0,47.0,50.0,52.0,55.0,58.0,60.0,62.0,66.0,74.0,inferred
Mid Suffolk,2021-09-24,31.5,38.0,42.0,43.0,45.0,47.0,49.0,52.0,55.0,57.0,58.0,64.0,71.0,inferred
Mid Suffolk,2021-09-25,27.0,32.0,36.0,37.0,39.0,41.0,44.0,46.0,49.0,50.0,52.0,57.0,64.0,inferred
Mid Suffolk,2021-09-26,29.0,35.0,39.0,40.0,41.7,44.0,46.0,49.0,52.0,53.0,55.0,60.0,68.0,inferred
Mid Suffolk,2021-09-27,43.0,50.0,54.0,56.0,58.0,61.0,64.0,66.4,70.0,72.0,74.0,79.0,89.0,inferred
Mid Suffolk,2021-09-28,41.0,47.0,52.0,54.0,55.0,58.0,61.0,64.0,66.0,69.0,71.0,76.0,87.0,inferred
Mid Suffolk,2021-09-29,42.0,48.0,53.0,55.0,56.0,59.0,62.0,65.0,68.3,70.0,72.0,78.0,88.0,inferred
Mid Suffolk,2021-09-30,41.0,47.0,51.0,53.0,55.0,58.0,60.0,63.0,66.0,68.0,69.0,74.0,83.0,inferred
Mid Suffolk,2021-10-01,36.0,42.0,46.0,48.0,49.0,52.0,55.0,58.0,61.0,62.0,64.0,70.0,77.0,inferred
Mid Suffolk,2021-10-02,30.0,36.0,40.0,41.0,43.0,45.0,47.0,50.0,53.0,54.0,56.0,61.0,68.0,inferred
Mid Suffolk,2021-10-03,30.0,36.0,40.0,42.0,43.0,46.0,49.0,51.0,54.0,56.0,58.0,63.0,71.5,inferred
Mid Suffolk,2021-10-04,45.0,52.0,57.0,59.0,61.0,64.0,66.5,70.0,73.0,75.0,77.0,82.0,91.0,inferred
Mid Suffolk,2021-10-05,44.0,51.0,55.0,57.0,59.0,62.0,65.0,68.0,71.0,73.0,75.0,81.0,90.5,inferred
Mid Suffolk,2021-10-06,45.0,53.0,58.0,60.0,62.0,65.0,68.0,71.0,74.0,76.0,78.0,84.0,92.0,inferred
Mid Suffolk,2021-10-07,45.0,53.0,57.0,59.0,61.0,64.0,67.0,70.0,73.0,75.2,78.0,84.0,91.0,inferred
Mid Suffolk,2021-10-08,43.0,50.0,54.8,56.0,58.0,61.0,63.0,66.0,69.0,71.0,73.0,78.0,88.0,inferred
Mid Suffolk,2021-10-09,37.0,43.0,47.0,49.0,51.0,53.0,56.0,59.0,62.0,63.2,66.0,72.0,80.0,inferred
Mid Suffolk,2021-10-10,40.0,47.0,52.0,53.0,55.0,57.0,60.0,63.0,66.0,68.0,71.0,76.0,85.0,inferred
Mid Suffolk,2021-10-11,60.0,67.0,73.0,75.0,77.0,81.0,85.0,88.0,92.0,94.0,96.0,103.0,114.0,inferred
Mid Suffolk,2021-10-12,57.0,66.0,72.0,74.0,76.0,79.0,82.0,86.0,90.0,92.0,94.0,102.0,113.0,inferred
Mid Suffolk,2021-10-13,60.0,68.0,74.0,76.0,78.0,82.0,85.5,90.0,93.0,95.0,98.0,105.0,116.0,inferred
Mid Suffolk,2021-10-14,59.0,67.0,71.0,73.0,76.0,79.0,83.0,87.0,91.0,93.0,96.0,102.0,112.0,inferred
Mid Suffolk,2021-10-15,54.0,61.0,66.0,68.0,70.0,74.0,77.0,81.0,85.0,88.0,90.0,97.0,107.0,inferred
Mid Sussex,2021-07-03,26.0,32.0,36.0,38.0,40.0,43.0,46.0,49.4,53.0,55.0,58.0,64.0,74.0,inferred
Mid Sussex,2021-07-04,29.0,36.0,41.0,43.0,44.0,47.0,50.0,54.0,57.0,59.0,61.2,69.0,79.0,inferred
Mid Sussex,2021-07-05,47.0,54.0,60.0,63.0,65.0,69.0,73.0,77.0,81.0,83.0,86.0,94.0,105.0,inferred
Mid Sussex,2021-07-06,49.5,57.0,63.0,65.0,67.0,70.0,74.0,78.0,82.0,84.0,87.0,94.0,105.0,inferred
Mid Sussex,2021-07-07,51.0,61.0,67.0,69.0,71.0,75.0,79.0,83.0,87.0,89.0,92.0,99.0,111.5,inferred
Mid Sussex,2021-07-08,52.0,62.0,68.0,70.8,72.0,77.0,80.0,84.0,89.0,91.0,94.0,103.0,114.0,inferred
Mid Sussex,2021-07-09,53.0,61.0,67.0,70.0,72.0,76.0,80.0,83.0,88.0,90.0,92.0,99.0,110.5,inferred
Mid Sussex,2021-07-10,46.0,53.0,59.0,62.0,64.0,68.0,72.0,76.0,80.0,82.0,85.0,91.0,104.0,inferred
Mid Sussex,2021-07-11,53.0,61.0,66.0,68.8,71.0,75.0,79.0,83.0,88.0,90.0,93.0,100.0,114.0,inferred
Mid Sussex,2021-07-12,78.0,89.0,97.0,100.0,103.0,108.0,112.0,117.0,122.0,125.0,129.0,139.0,153.5,inferred
Mid Sussex,2021-07-13,77.0,88.0,96.0,99.0,102.0,107.0,111.0,116.0,121.0,124.0,128.0,135.1,154.0,inferred
Mid Sussex,2021-07-14,74.5,86.0,94.0,97.0,99.0,104.0,109.0,114.0,119.0,122.0,126.0,135.0,150.0,inferred
Mid Sussex,2021-07-15,69.0,78.0,86.0,88.0,91.0,95.0,100.0,104.0,109.0,112.0,115.0,123.1,140.5,inferred
Mid Sussex,2021-07-16,58.0,68.0,75.0,78.0,80.0,84.0,88.0,93.0,97.0,100.0,103.0,110.0,123.0,inferred
Mid Sussex,2021-07-17,44.0,53.0,60.0,62.0,64.0,68.0,72.0,75.0,79.0,82.0,85.0,91.0,104.5,inferred
Mid Sussex,2021-07-18,45.0,52.0,58.0,61.0,63.0,67.0,71.0,74.0,78.0,80.0,83.0,90.0,102.0,inferred
Mid Sussex,2021-07-19,62.0,71.0,78.0,80.0,82.0,87.0,91.0,95.0,99.0,102.0,105.0,115.0,128.5,inferred
Mid Sussex,2021-07-20,55.0,63.0,69.0,72.0,74.0,78.6,83.0,87.0,91.0,94.0,96.0,104.0,117.0,inferred
Mid Sussex,2021-07-21,49.0,58.0,64.0,66.0,68.7,73.0,77.0,81.0,85.0,88.0,91.0,98.1,112.0,inferred
Mid Sussex,2021-07-22,43.5,51.0,56.0,58.0,60.0,64.0,68.0,71.0,75.0,77.0,79.0,86.0,96.0,inferred
Mid Sussex,2021-07-23,34.0,42.0,47.0,49.0,51.0,54.0,58.0,61.0,65.0,67.0,70.0,76.0,87.0,inferred
Mid Sussex,2021-07-24,26.0,32.0,37.0,38.0,40.0,44.0,46.0,50.0,53.0,55.0,57.0,63.0,72.0,inferred
Mid Sussex,2021-07-25,23.0,31.0,35.0,37.0,38.0,41.0,44.0,47.0,51.0,53.0,55.0,61.0,70.0,inferred
Mid Sussex,2021-07-26,31.0,39.0,45.0,46.0,48.0,52.0,55.0,58.0,63.0,65.0,67.0,73.1,85.0,inferred
Mid Sussex,2021-07-27,31.0,38.0,42.0,44.0,46.0,49.0,53.0,56.0,59.0,62.0,64.0,70.0,81.0,inferred
Mid Sussex,2021-07-28,34.0,41.0,45.0,47.0,49.0,52.0,55.0,59.0,63.0,64.2,67.0,73.0,85.0,inferred
Mid Sussex,2021-07-29,33.0,40.0,45.0,47.0,49.0,52.0,55.0,59.0,62.0,64.0,66.0,73.0,83.0,inferred
Mid Sussex,2021-07-30,33.0,38.9,43.0,45.0,47.0,50.0,54.0,57.0,61.0,63.0,65.0,71.0,82.5,inferred
Mid Sussex,2021-07-31,27.5,33.0,38.0,39.0,41.0,44.0,47.0,50.0,53.0,55.0,58.0,65.0,74.0,inferred
Mid Sussex,2021-08-01,29.0,35.0,40.0,41.8,43.7,47.0,50.0,53.0,57.0,59.0,62.0,69.0,80.0,inferred
Mid Sussex,2021-08-02,44.5,52.0,58.0,60.0,62.0,66.0,70.0,74.0,78.0,81.0,83.0,91.0,104.0,inferred
Mid Sussex,2021-08-03,42.0,52.0,58.0,60.0,62.0,66.0,70.0,73.4,77.0,79.0,82.0,89.0,102.5,inferred
Mid Sussex,2021-08-04,44.0,53.0,59.0,61.0,63.0,66.0,70.0,74.0,78.0,80.0,83.0,89.0,102.5,inferred
Mid Sussex,2021-08-05,40.0,50.0,55.0,57.8,60.0,63.0,67.0,71.0,75.0,78.0,80.0,88.0,99.5,inferred
Mid Sussex,2021-08-06,39.0,45.9,51.0,53.0,55.0,59.0,62.0,66.0,70.0,72.0,74.0,81.0,94.0,inferred
Mid Sussex,2021-08-07,32.0,38.0,43.0,45.0,47.0,50.0,53.0,56.0,59.0,62.0,64.0,71.0,80.0,inferred
Mid Sussex,2021-08-08,33.0,39.0,43.8,46.0,48.0,51.0,55.0,58.0,61.0,64.0,66.0,73.0,84.0,inferred
Mid Sussex,2021-08-09,47.0,56.0,61.8,64.0,66.0,70.0,74.0,78.0,83.0,85.0,87.0,95.0,108.0,inferred
Mid Sussex,2021-08-10,44.0,53.0,59.0,61.0,63.0,67.0,71.0,75.0,80.0,82.0,84.0,91.1,105.0,inferred
Mid Sussex,2021-08-11,47.0,55.0,61.0,63.0,65.0,69.0,72.0,76.0,81.0,83.0,86.0,93.0,106.0,inferred
Mid Sussex,2021-08-12,42.0,51.0,57.0,59.0,61.0,65.0,69.0,73.0,77.0,80.0,82.0,89.0,100.0,inferred
Mid Sussex,2021-08-13,41.0,48.0,54.0,55.0,57.0,61.0,64.0,68.0,72.0,73.2,76.0,83.0,94.0,inferred
Mid Sussex,2021-08-14,34.0,40.0,45.0,47.0,49.0,52.0,55.0,59.0,62.0,64.0,67.0,73.0,85.0,inferred
Mid Sussex,2021-08-15,34.0,41.9,47.0,49.0,51.0,54.0,58.0,61.0,65.0,67.0,69.0,76.0,87.0,inferred
Mid Sussex,2021-08-16,50.0,58.0,64.0,66.0,68.0,73.0,77.0,81.0,86.0,88.0,91.0,98.0,110.0,inferred
Mid Sussex,2021-08-17,47.0,56.0,62.0,64.8,67.0,71.0,75.0,79.0,83.0,86.0,88.0,96.0,109.5,inferred
Mid Sussex,2021-08-18,46.0,55.0,61.0,63.0,65.0,69.0,73.0,77.0,81.0,84.0,86.0,94.0,106.0,inferred
Mid Sussex,2021-08-19,43.0,51.0,56.0,59.0,61.0,65.0,68.0,71.0,76.0,78.0,81.0,88.0,99.0,inferred
Mid Sussex,2021-08-20,37.0,46.0,51.0,53.0,55.0,59.0,62.0,65.0,69.0,71.0,73.0,81.0,94.0,inferred
Mid Sussex,2021-08-21,30.0,37.0,42.0,43.0,45.0,48.0,51.0,54.0,58.0,60.0,62.0,68.0,78.0,inferred
Mid Sussex,2021-08-22,29.5,37.0,42.0,44.0,46.0,48.0,51.0,54.4,58.0,61.0,63.0,68.0,78.0,inferred
Mid Sussex,2021-08-23,42.0,50.0,56.0,58.0,60.0,63.6,67.0,71.0,75.0,77.0,79.0,88.0,100.0,inferred
Mid Sussex,2021-08-24,39.0,47.0,52.8,55.0,57.0,60.0,64.0,68.0,72.0,74.0,77.0,84.0,93.5,inferred
Mid Sussex,2021-08-25,40.0,48.0,53.0,56.0,57.0,61.0,65.0,69.0,72.0,75.0,78.0,85.0,98.0,inferred
Mid Sussex,2021-08-26,38.0,45.0,50.0,52.8,55.0,58.0,61.0,65.0,69.0,71.0,74.0,81.0,91.0,inferred
Mid Sussex,2021-08-27,33.5,42.0,47.0,49.0,51.0,54.0,58.0,61.0,65.0,66.2,68.0,75.0,85.5,inferred
Mid Sussex,2021-08-28,29.0,35.0,39.0,41.0,43.0,46.0,49.0,53.0,56.0,58.0,61.0,67.0,78.0,inferred
Mid Sussex,2021-08-29,29.0,36.0,41.0,43.0,45.0,48.0,51.0,54.0,57.0,59.0,61.0,67.0,77.0,inferred
Mid Sussex,2021-08-30,45.0,52.0,58.0,61.0,63.0,67.0,70.0,74.0,78.0,81.0,84.0,91.0,101.0,inferred
Mid Sussex,2021-08-31,39.5,48.0,54.0,56.0,59.0,62.0,66.0,70.0,74.0,77.0,79.0,86.0,95.5,inferred
Mid Sussex,2021-09-01,40.0,48.0,54.0,56.0,58.0,62.0,65.0,69.0,73.0,76.0,78.0,85.0,97.0,inferred
Mid Sussex,2021-09-02,36.0,44.0,50.0,52.0,54.0,57.0,61.0,64.0,68.0,70.0,73.0,79.0,91.5,inferred
Mid Sussex,2021-09-03,32.0,39.0,43.0,45.0,47.0,51.0,54.0,57.0,61.0,63.0,65.0,71.0,83.0,inferred
Mid Sussex,2021-09-04,25.0,31.0,35.0,37.0,39.0,42.0,45.0,47.0,51.0,53.0,55.0,61.0,71.0,inferred
Mid Sussex,2021-09-05,24.0,31.0,35.0,36.0,37.0,41.0,44.0,47.0,50.0,52.0,54.0,60.0,70.0,inferred
Mid Sussex,2021-09-06,35.0,42.0,47.0,49.0,50.0,54.0,57.0,60.0,64.0,66.0,69.0,75.0,84.5,inferred
Mid Sussex,2021-09-07,29.0,37.0,42.0,44.0,46.0,49.0,52.0,55.4,59.0,61.0,64.0,71.0,81.0,inferred
Mid Sussex,2021-09-08,29.0,35.0,40.0,42.0,43.0,46.0,49.0,53.0,56.0,58.0,60.0,66.0,76.0,inferred
Mid Sussex,2021-09-09,23.5,29.0,34.0,36.0,38.0,41.0,44.0,47.0,50.0,51.0,54.0,60.0,69.5,inferred
Mid Sussex,2021-09-10,19.0,24.0,28.0,30.0,32.0,35.0,37.0,40.0,43.0,45.0,47.0,52.0,61.0,inferred
Mid Sussex,2021-09-11,14.0,18.0,22.0,24.0,25.0,27.0,29.0,32.0,35.0,36.0,38.0,43.0,52.0,inferred
Mid Sussex,2021-09-12,13.0,17.0,21.0,22.0,24.0,26.0,28.0,30.0,33.0,34.0,36.0,41.0,49.0,inferred
Mid Sussex,2021-09-13,18.0,23.0,27.0,29.0,31.0,33.0,35.0,38.0,41.0,43.0,45.0,50.0,59.5,inferred
Mid Sussex,2021-09-14,18.0,23.0,27.0,28.0,29.0,32.0,35.0,37.0,40.0,42.0,44.0,49.0,58.0,inferred
Mid Sussex,2021-09-15,18.5,24.0,28.0,29.0,31.0,34.0,37.0,39.0,42.0,44.0,46.0,52.0,61.0,inferred
Mid Sussex,2021-09-16,18.5,24.0,28.0,30.0,31.0,34.0,37.0,40.0,43.0,44.0,46.0,52.0,62.0,inferred
Mid Sussex,2021-09-17,19.0,24.0,28.0,30.0,32.0,34.0,37.0,39.0,42.0,44.0,46.0,51.1,59.0,inferred
Mid Sussex,2021-09-18,15.0,21.0,25.0,26.8,28.0,31.0,33.0,36.0,39.0,40.0,42.0,47.0,55.5,inferred
Mid Sussex,2021-09-19,18.0,24.0,27.0,29.0,30.0,33.0,36.0,38.0,42.0,44.0,46.0,51.0,60.0,inferred
Mid Sussex,2021-09-20,29.0,35.0,40.0,43.0,44.0,47.0,50.0,54.0,58.0,60.0,62.0,69.0,79.0,inferred
Mid Sussex,2021-09-21,30.0,37.0,41.0,43.0,45.0,48.0,51.0,53.0,57.0,60.0,62.0,68.0,79.0,inferred
Mid Sussex,2021-09-22,31.0,38.0,44.0,45.0,47.0,50.0,53.0,57.0,61.0,62.0,65.0,71.1,83.0,inferred
Mid Sussex,2021-09-23,30.5,37.0,42.0,44.0,46.0,49.0,52.0,55.0,58.0,60.0,62.0,69.1,81.0,inferred
Mid Sussex,2021-09-24,28.0,35.0,40.0,41.0,43.0,46.0,48.5,52.0,56.0,58.0,60.0,67.0,76.0,inferred
Mid Sussex,2021-09-25,25.0,30.0,34.0,36.0,37.0,40.0,43.0,46.0,49.0,51.0,53.0,58.0,66.5,inferred
Mid Sussex,2021-09-26,25.0,32.0,37.0,38.8,40.0,43.0,46.0,49.0,52.0,54.0,56.0,61.1,71.0,inferred
Mid Sussex,2021-09-27,38.5,46.0,51.0,53.0,55.0,59.0,63.0,66.0,70.0,72.0,75.0,83.0,95.0,inferred
Mid Sussex,2021-09-28,36.0,43.0,49.0,51.0,54.0,57.0,61.0,64.0,68.0,70.0,72.0,80.0,93.0,inferred
Mid Sussex,2021-09-29,37.0,45.0,50.0,52.0,54.0,57.0,60.0,64.0,68.0,70.0,73.0,80.0,91.0,inferred
Mid Sussex,2021-09-30,34.0,41.0,46.0,48.0,50.0,53.0,57.0,60.0,65.0,67.0,69.0,75.0,88.0,inferred
Mid Sussex,2021-10-01,31.0,37.0,42.0,44.0,46.0,50.0,52.0,55.0,59.0,61.0,63.0,70.0,81.0,inferred
Mid Sussex,2021-10-02,24.0,30.0,35.0,36.0,38.0,40.0,43.0,46.0,49.0,51.0,53.0,59.1,68.0,inferred
Mid Sussex,2021-10-03,24.0,30.0,35.0,37.0,39.0,42.0,45.0,48.0,51.0,53.0,55.0,61.0,72.0,inferred
Mid Sussex,2021-10-04,37.0,44.0,49.0,51.0,53.0,56.0,60.0,63.0,67.0,69.0,72.0,79.0,92.5,inferred
Mid Sussex,2021-10-05,34.0,42.0,48.0,50.0,52.0,56.0,59.0,63.0,67.0,69.0,71.0,77.0,90.0,inferred
Mid Sussex,2021-10-06,37.0,46.0,51.0,53.0,55.0,59.0,62.0,65.0,70.0,72.0,74.0,81.0,92.5,inferred
Mid Sussex,2021-10-07,37.0,45.0,50.0,52.0,54.0,57.0,61.0,65.0,68.0,70.0,73.0,80.0,91.5,inferred
Mid Sussex,2021-10-08,36.0,43.0,49.0,51.0,54.0,57.0,60.0,63.0,67.0,69.0,71.0,78.0,91.0,inferred
Mid Sussex,2021-10-09,29.5,38.0,43.0,45.0,46.0,50.0,53.0,56.0,60.0,62.0,64.0,71.1,82.0,inferred
Mid Sussex,2021-10-10,34.0,41.0,46.0,48.0,50.0,53.0,57.0,60.0,64.0,66.0,68.0,73.0,84.0,inferred
Mid Sussex,2021-10-11,50.0,59.0,66.0,67.0,70.0,74.0,79.0,83.0,87.0,90.0,93.0,101.0,116.0,inferred
Mid Sussex,2021-10-12,49.5,58.9,65.0,68.0,69.0,73.0,77.0,81.0,86.0,89.0,91.2,99.0,115.5,inferred
Mid Sussex,2021-10-13,51.0,61.9,68.0,70.0,72.0,77.0,80.5,85.0,90.0,92.0,95.0,103.0,114.5,inferred
Mid Sussex,2021-10-14,48.0,58.0,64.0,66.0,69.0,73.0,77.0,82.0,87.0,89.0,92.0,100.0,114.0,inferred
Mid Sussex,2021-10-15,45.5,54.0,61.0,63.0,65.0,69.0,73.0,76.0,81.0,84.0,87.0,95.0,108.0,inferred
Middlesbrough,2021-07-03,56.0,66.0,72.0,74.0,77.0,81.0,86.0,92.0,98.0,102.0,107.0,120.0,138.5,inferred
Middlesbrough,2021-07-04,72.5,83.0,90.0,93.0,96.0,102.0,108.0,114.4,121.0,125.0,129.0,141.0,160.0,inferred
Middlesbrough,2021-07-05,124.0,139.0,150.0,154.0,157.0,164.6,171.0,178.0,186.0,191.0,195.2,209.0,229.0,inferred
Middlesbrough,2021-07-06,135.5,149.0,157.0,162.0,165.0,172.0,178.0,184.0,190.0,194.0,198.0,210.0,228.0,inferred
Middlesbrough,2021-07-07,148.0,166.0,176.0,180.0,184.0,191.0,197.0,202.0,210.0,213.0,217.0,228.0,244.0,inferred
Middlesbrough,2021-07-08,160.0,174.0,184.0,187.0,192.0,199.0,204.0,210.0,217.3,221.0,225.0,236.0,256.0,inferred
Middlesbrough,2021-07-09,160.5,174.9,186.0,189.0,193.0,199.0,205.0,211.0,217.0,221.0,225.0,238.0,256.5,inferred
Middlesbrough,2021-07-10,146.0,159.0,170.0,173.0,177.0,182.0,188.0,194.0,200.0,204.2,209.0,219.0,235.0,inferred
Middlesbrough,2021-07-11,172.5,187.0,198.0,202.0,206.0,212.0,219.0,225.0,231.0,234.0,239.0,252.0,271.0,inferred
Middlesbrough,2021-07-12,269.0,288.0,302.0,307.0,311.0,319.6,328.0,336.0,344.0,348.0,354.0,370.0,391.0,inferred
Middlesbrough,2021-07-13,256.0,276.0,290.0,294.0,299.0,307.0,315.0,323.0,332.0,337.2,343.0,358.0,380.0,inferred
Middlesbrough,2021-07-14,251.0,271.0,282.8,287.0,292.0,300.0,309.0,317.0,325.0,330.0,335.0,347.0,372.0,inferred
Middlesbrough,2021-07-15,228.0,246.0,257.0,262.0,266.0,273.0,281.0,287.0,296.0,300.0,305.0,318.0,338.0,inferred
Middlesbrough,2021-07-16,194.0,210.0,222.0,226.0,230.0,237.0,243.0,250.0,257.0,261.0,266.0,277.0,296.5,inferred
Middlesbrough,2021-07-17,149.5,165.0,174.0,177.0,181.0,187.0,193.0,199.0,205.3,209.0,213.0,223.1,242.0,inferred
Middlesbrough,2021-07-18,150.0,165.0,175.0,178.8,182.0,188.0,193.0,199.4,205.0,209.0,213.0,224.0,241.0,inferred
Middlesbrough,2021-07-19,203.5,220.0,231.0,235.0,239.0,246.0,253.0,259.4,266.0,271.0,275.0,289.0,308.0,inferred
Middlesbrough,2021-07-20,176.5,189.0,200.0,203.0,208.0,214.0,220.0,227.0,235.0,239.0,243.0,254.1,275.0,inferred
Middlesbrough,2021-07-21,157.0,173.0,182.0,185.0,188.0,194.0,200.0,205.4,212.0,216.0,220.0,232.0,248.0,inferred
Middlesbrough,2021-07-22,132.0,146.0,156.0,160.0,162.0,168.0,173.0,178.0,184.0,188.0,191.0,202.0,218.0,inferred
Middlesbrough,2021-07-23,108.0,118.0,125.8,129.0,132.0,137.0,142.0,147.0,153.0,156.0,160.0,169.0,185.0,inferred
Middlesbrough,2021-07-24,75.5,87.0,93.0,96.0,98.0,103.0,108.0,112.0,117.0,120.0,122.0,130.0,143.5,inferred
Middlesbrough,2021-07-25,70.0,82.0,88.0,91.0,94.0,98.0,101.0,106.0,111.0,113.0,116.0,124.0,136.0,inferred
Middlesbrough,2021-07-26,90.5,103.0,111.0,114.8,117.0,122.0,126.0,131.0,138.0,141.0,144.0,152.0,166.0,inferred
Middlesbrough,2021-07-27,79.0,89.0,96.0,99.0,102.0,106.0,111.0,114.0,119.0,123.0,126.0,134.0,147.0,inferred
Middlesbrough,2021-07-28,72.0,84.0,92.0,95.0,97.0,102.0,106.0,110.0,115.0,118.0,120.0,129.0,142.0,inferred
Middlesbrough,2021-07-29,66.0,76.0,83.0,86.0,88.0,93.0,98.0,102.0,106.0,109.0,112.0,121.0,133.0,inferred
Middlesbrough,2021-07-30,59.0,68.0,74.0,77.0,79.0,83.0,86.0,90.0,95.0,97.0,100.0,107.0,122.0,inferred
Middlesbrough,2021-07-31,46.0,53.0,58.0,60.0,62.0,66.0,69.0,73.0,77.0,79.0,82.0,88.0,101.0,inferred
Middlesbrough,2021-08-01,45.0,55.0,60.0,62.0,64.0,68.0,71.0,75.0,79.0,81.0,83.0,90.0,103.0,inferred
Middlesbrough,2021-08-02,65.0,75.0,82.0,84.0,87.0,91.6,96.0,100.0,105.0,108.0,111.0,118.0,133.0,inferred
Middlesbrough,2021-08-03,58.5,67.0,73.0,76.0,79.0,83.0,87.0,92.0,96.0,98.0,101.0,109.0,121.0,inferred
Middlesbrough,2021-08-04,59.0,68.0,74.0,77.0,79.0,83.0,86.0,91.0,95.0,97.0,100.0,108.0,119.0,inferred
Middlesbrough,2021-08-05,57.0,64.0,70.0,72.0,74.0,78.0,82.0,85.0,89.0,92.0,94.0,103.0,113.0,inferred
Middlesbrough,2021-08-06,48.0,56.0,62.0,64.0,66.0,70.0,74.0,77.0,81.0,83.0,86.0,93.0,106.0,inferred
Middlesbrough,2021-08-07,39.0,45.0,50.0,52.0,53.0,57.0,61.0,64.0,68.0,70.0,73.0,80.0,89.5,inferred
Middlesbrough,2021-08-08,38.0,47.0,52.0,54.0,56.0,59.0,63.0,66.0,69.0,71.0,74.0,80.0,90.0,inferred
Middlesbrough,2021-08-09,57.0,66.0,72.0,75.0,78.0,82.0,86.0,90.0,94.0,97.0,100.0,108.0,120.0,inferred
Middlesbrough,2021-08-10,52.5,62.0,67.0,69.0,72.0,75.0,79.0,82.0,86.0,89.0,91.2,99.0,109.0,inferred
Middlesbrough,2021-08-11,50.5,60.0,66.0,68.0,70.0,74.0,78.0,82.0,86.0,88.0,90.0,97.0,110.0,inferred
Middlesbrough,2021-08-12,47.5,55.0,61.8,63.0,66.0,70.0,73.0,76.0,80.3,82.0,85.0,92.0,104.0,inferred
Middlesbrough,2021-08-13,41.0,49.0,55.0,56.0,59.0,62.0,66.0,69.0,73.0,75.0,78.0,85.0,94.0,inferred
Middlesbrough,2021-08-14,33.0,40.0,44.0,46.0,48.0,51.0,54.0,57.0,61.0,63.0,65.0,71.0,82.0,inferred
Middlesbrough,2021-08-15,34.5,41.0,46.0,48.0,50.0,53.0,56.0,60.0,63.0,65.0,68.0,74.0,83.0,inferred
Middlesbrough,2021-08-16,52.5,60.0,65.0,68.0,70.0,74.0,77.0,81.0,85.0,87.0,90.0,97.0,109.0,inferred
Middlesbrough,2021-08-17,49.0,56.0,61.0,63.0,65.0,69.0,73.0,76.4,81.0,83.0,86.0,92.0,103.5,inferred
Middlesbrough,2021-08-18,48.0,56.0,62.0,65.0,67.0,71.0,75.0,78.0,82.0,84.0,87.0,94.0,105.0,inferred
Middlesbrough,2021-08-19,48.0,56.0,61.0,63.0,65.0,69.0,72.0,75.0,79.0,81.0,84.0,92.0,105.0,inferred
Middlesbrough,2021-08-20,44.0,51.9,57.0,59.8,61.0,65.0,69.0,72.0,75.0,77.0,80.0,87.0,98.0,inferred
Middlesbrough,2021-08-21,36.0,43.0,48.0,50.0,51.0,55.0,58.0,61.0,66.0,68.0,70.0,76.0,86.5,inferred
Middlesbrough,2021-08-22,40.0,47.0,52.0,54.0,56.0,59.0,62.0,66.0,70.0,72.0,74.0,81.0,91.0,inferred
Middlesbrough,2021-08-23,59.0,69.0,75.0,77.0,79.7,84.0,88.0,92.0,97.0,100.0,103.0,111.0,125.0,inferred
Middlesbrough,2021-08-24,55.0,65.0,71.0,74.0,76.0,80.0,84.0,88.0,92.0,94.0,97.0,105.0,117.0,inferred
Middlesbrough,2021-08-25,56.5,65.0,71.0,74.0,76.0,81.0,84.0,89.0,93.0,96.0,98.0,105.0,118.0,inferred
Middlesbrough,2021-08-26,52.5,63.0,68.0,71.0,73.0,77.0,80.0,84.0,88.0,91.0,94.0,102.0,111.5,inferred
Middlesbrough,2021-08-27,48.0,57.0,63.0,65.0,67.0,71.0,74.0,78.0,81.0,84.0,86.0,93.0,105.0,inferred
Middlesbrough,2021-08-28,39.0,46.0,52.0,54.0,56.0,59.0,62.5,66.0,70.0,72.0,73.0,81.0,92.0,inferred
Middlesbrough,2021-08-29,43.0,50.0,56.0,58.0,60.0,64.0,67.0,71.0,74.0,77.0,79.0,85.0,95.5,inferred
Middlesbrough,2021-08-30,66.0,74.0,80.0,82.0,85.0,89.0,92.0,96.0,101.0,104.0,107.0,115.0,128.0,inferred
Middlesbrough,2021-08-31,60.0,69.0,75.0,78.0,80.0,84.0,89.0,93.0,98.0,100.0,102.2,112.0,125.0,inferred
Middlesbrough,2021-09-01,62.0,71.0,77.0,80.0,82.0,86.0,90.0,94.0,99.0,101.0,105.0,113.0,125.0,inferred
Middlesbrough,2021-09-02,61.5,71.0,76.0,78.0,80.0,85.0,89.0,93.0,97.0,100.0,102.0,110.0,123.0,inferred
Middlesbrough,2021-09-03,56.0,66.0,72.0,74.0,76.0,79.6,84.0,87.0,91.0,94.0,97.0,103.0,114.0,inferred
Middlesbrough,2021-09-04,46.5,54.0,60.0,62.0,64.0,68.0,72.0,75.0,79.0,81.0,83.0,90.0,100.5,inferred
Middlesbrough,2021-09-05,50.0,59.0,65.0,67.0,69.0,73.0,76.0,80.0,84.3,87.0,90.0,97.0,109.0,inferred
Middlesbrough,2021-09-06,74.5,87.0,93.0,96.0,99.0,103.0,108.0,112.0,118.0,120.0,124.0,132.1,147.0,inferred
Middlesbrough,2021-09-07,68.5,80.0,86.0,89.0,92.0,96.0,100.0,104.0,109.0,112.0,115.0,123.0,137.0,inferred
Middlesbrough,2021-09-08,65.0,76.0,84.0,86.0,89.0,92.0,96.0,101.0,106.0,108.0,111.0,120.0,132.0,inferred
Middlesbrough,2021-09-09,59.0,69.0,75.0,78.0,80.0,84.0,88.0,92.0,96.0,99.0,102.0,109.0,121.0,inferred
Middlesbrough,2021-09-10,51.0,58.9,64.0,67.0,68.0,72.0,75.0,79.0,84.0,86.0,88.0,95.0,106.0,inferred
Middlesbrough,2021-09-11,38.0,45.0,50.0,52.0,54.0,57.0,60.0,64.0,67.0,69.0,71.0,77.1,89.0,inferred
Middlesbrough,2021-09-12,38.0,44.0,50.0,52.0,54.0,57.0,60.0,63.0,67.0,69.0,71.0,77.0,88.0,inferred
Middlesbrough,2021-09-13,54.0,62.0,68.0,70.0,72.0,76.0,80.0,83.0,87.0,90.0,93.0,100.0,113.0,inferred
Middlesbrough,2021-09-14,48.0,57.0,62.0,64.0,66.0,69.6,73.0,77.0,81.0,83.0,86.0,93.0,103.0,inferred
Middlesbrough,2021-09-15,48.0,56.9,62.0,64.0,66.0,70.0,73.0,77.0,81.0,83.0,86.0,94.0,106.0,inferred
Middlesbrough,2021-09-16,46.0,55.0,60.0,63.0,65.0,69.0,72.0,76.0,79.0,82.0,84.0,92.0,102.0,inferred
Middlesbrough,2021-09-17,43.0,50.0,56.0,58.0,60.0,63.0,66.0,70.0,74.0,76.0,78.0,85.0,97.0,inferred
Middlesbrough,2021-09-18,35.0,42.0,46.0,48.0,50.0,53.0,56.0,60.0,63.0,65.0,68.0,73.0,83.5,inferred
Middlesbrough,2021-09-19,38.0,45.0,50.0,51.0,53.0,57.0,60.0,63.0,67.0,69.0,72.0,79.0,89.0,inferred
Middlesbrough,2021-09-20,58.0,67.0,72.0,74.0,76.0,80.0,84.0,88.0,93.0,96.0,99.0,106.0,118.0,inferred
Middlesbrough,2021-09-21,52.0,60.0,67.0,69.0,71.0,75.0,79.0,83.0,87.0,89.0,91.0,98.0,111.0,inferred
Middlesbrough,2021-09-22,49.0,57.0,63.0,66.0,68.0,72.0,76.0,80.0,84.0,86.0,89.0,97.0,109.0,inferred
Middlesbrough,2021-09-23,46.0,53.0,58.0,60.0,62.0,66.0,70.0,73.0,77.0,79.0,82.0,89.0,101.0,inferred
Middlesbrough,2021-09-24,39.0,46.0,51.0,53.0,54.0,57.0,61.0,64.0,68.0,70.0,72.0,78.0,88.0,inferred
Middlesbrough,2021-09-25,30.0,36.0,41.0,43.0,44.0,47.0,50.0,53.0,56.0,58.0,59.0,65.0,75.0,inferred
Middlesbrough,2021-09-26,31.0,37.0,42.0,43.0,45.0,48.0,51.0,53.0,56.0,59.0,60.0,66.1,77.0,inferred
Middlesbrough,2021-09-27,44.0,51.0,57.0,59.0,61.0,64.0,68.0,72.0,76.0,78.0,80.0,87.0,98.0,inferred
Middlesbrough,2021-09-28,40.0,47.0,53.0,54.0,56.0,60.0,63.0,67.0,70.0,72.0,75.0,82.0,94.0,inferred
Middlesbrough,2021-09-29,41.0,48.0,53.8,55.0,57.0,60.0,63.0,67.0,70.0,72.0,75.0,82.0,92.5,inferred
Middlesbrough,2021-09-30,38.0,46.0,52.0,54.0,56.0,58.0,62.0,65.0,69.0,71.0,74.0,80.0,90.5,inferred
Middlesbrough,2021-10-01,34.0,42.0,47.0,49.0,51.0,54.0,57.0,61.0,64.0,65.0,68.0,74.0,85.0,inferred
Middlesbrough,2021-10-02,28.0,34.0,39.0,41.0,42.7,45.0,48.0,51.0,55.0,57.0,59.0,64.0,73.5,inferred
Middlesbrough,2021-10-03,31.0,38.0,43.0,44.0,46.0,49.0,52.0,55.0,58.0,60.0,62.0,70.0,80.5,inferred
Middlesbrough,2021-10-04,48.0,55.0,61.0,63.0,66.0,69.0,72.0,76.0,80.0,82.0,85.0,92.0,102.0,inferred
Middlesbrough,2021-10-05,47.0,55.0,59.0,62.0,63.0,67.0,71.0,75.0,79.0,81.0,83.0,90.0,100.0,inferred
Middlesbrough,2021-10-06,45.5,56.0,61.0,63.0,65.0,68.0,72.0,76.0,80.0,82.0,85.0,91.0,103.5,inferred
Middlesbrough,2021-10-07,46.0,54.0,59.0,62.0,65.0,69.0,72.0,76.0,79.0,82.0,84.0,90.0,101.0,inferred
Middlesbrough,2021-10-08,44.0,52.0,57.0,59.0,61.0,65.0,68.0,72.0,76.0,78.0,81.0,88.0,100.0,inferred
Middlesbrough,2021-10-09,38.0,44.0,49.0,51.0,53.0,56.0,59.0,63.0,66.0,68.0,71.0,78.0,90.0,inferred
Middlesbrough,2021-10-10,42.0,49.0,55.0,56.0,58.0,61.0,65.0,69.0,72.0,75.0,77.0,84.0,93.5,inferred
Middlesbrough,2021-10-11,64.0,73.0,80.0,82.0,85.0,89.0,93.0,98.0,103.0,105.0,108.0,116.0,128.0,inferred
Middlesbrough,2021-10-12,60.0,69.0,76.0,78.0,80.0,85.0,89.0,94.0,98.0,101.0,104.0,112.0,124.0,inferred
Middlesbrough,2021-10-13,60.0,70.0,76.0,78.0,80.0,84.0,89.0,93.0,97.0,99.0,102.2,110.0,121.5,inferred
Middlesbrough,2021-10-14,53.5,63.0,70.0,72.0,74.0,78.0,82.0,86.0,91.0,93.0,96.0,104.0,114.0,inferred
Middlesbrough,2021-10-15,48.0,56.0,61.0,63.0,66.0,70.0,74.0,78.0,82.0,85.0,88.0,96.0,108.0,inferred
Midlothian,2021-07-03,440.9,526.0,598.8,630.0,660.0,707.6,753.0,812.4,878.0,912.5,953.2,1067.1,1270.6,inferred
Midlothian,2021-07-04,361.0,452.9,533.8,563.0,589.0,638.0,688.0,746.4,805.0,837.2,874.2,990.1,1165.5,inferred
Midlothian,2021-07-05,302.0,391.0,457.0,484.0,508.7,551.6,599.0,643.0,695.3,721.0,754.0,868.0,1045.0,inferred
Midlothian,2021-07-06,346.9,423.0,484.0,510.0,537.0,582.0,624.5,669.4,727.3,766.2,800.0,903.1,1053.6,inferred
Midlothian,2021-07-07,383.5,477.9,546.0,572.0,599.7,654.0,703.5,756.0,813.3,837.0,869.2,975.0,1145.0,inferred
Midlothian,2021-07-08,271.5,361.0,417.0,447.8,474.0,522.0,565.0,613.0,669.0,705.2,735.4,829.0,973.5,inferred
Midlothian,2021-07-09,273.0,360.0,428.0,455.8,483.0,530.6,576.0,620.0,668.0,705.0,745.0,835.1,1010.0,inferred
Midlothian,2021-07-10,324.4,425.9,490.8,512.0,536.0,587.0,631.0,678.4,744.3,780.0,814.0,920.0,1109.5,inferred
Midlothian,2021-07-11,277.0,365.0,428.0,455.8,481.0,533.0,575.0,623.0,677.3,711.0,746.4,853.0,996.0,inferred
Midlothian,2021-07-12,209.0,286.0,344.8,369.0,391.0,432.0,472.5,518.0,571.0,599.0,630.0,732.2,906.0,inferred
Midlothian,2021-07-13,216.9,291.0,349.0,372.0,392.0,432.0,472.5,518.4,571.0,600.0,636.0,727.1,896.5,inferred
Midlothian,2021-07-14,227.5,326.9,392.0,415.0,435.7,480.0,525.5,571.0,620.0,655.2,691.2,783.0,949.1,inferred
Midlothian,2021-07-15,173.5,232.9,291.0,313.0,331.0,365.6,405.0,443.0,496.3,523.2,553.2,651.2,803.0,inferred
Midlothian,2021-07-16,155.9,222.0,277.0,300.0,319.7,355.0,390.0,430.0,479.0,503.2,533.2,613.2,769.5,inferred
Midlothian,2021-07-17,175.5,245.9,307.0,327.0,347.0,389.0,427.5,468.0,518.0,543.2,580.2,661.1,835.5,inferred
Midlothian,2021-07-18,146.0,211.0,263.0,284.0,301.0,338.0,376.0,414.0,454.0,476.0,507.2,597.0,744.5,inferred
Midlothian,2021-07-19,107.0,154.0,199.8,219.0,234.0,261.6,291.0,326.4,372.0,402.0,426.2,509.0,650.5,inferred
Midlothian,2021-07-20,100.0,147.0,196.0,213.0,231.7,264.0,298.5,335.0,373.0,398.2,425.0,503.1,650.5,inferred
Midlothian,2021-07-21,108.5,160.8,211.0,225.0,242.0,276.6,311.0,347.0,385.0,409.2,439.0,517.1,664.5,inferred
Midlothian,2021-07-22,70.0,112.0,151.0,164.0,179.0,204.0,235.0,265.4,301.0,321.2,349.0,415.0,540.5,inferred
Midlothian,2021-07-23,66.0,103.0,136.0,153.0,167.0,196.0,221.0,250.0,285.3,310.0,333.0,414.0,544.6,inferred
Midlothian,2021-07-24,73.0,109.9,149.0,163.0,176.7,210.0,239.0,272.0,312.0,329.0,355.2,424.1,550.6,inferred
Midlothian,2021-07-25,54.0,96.9,125.0,138.0,148.7,174.0,200.0,229.0,264.3,285.0,304.0,372.2,505.0,inferred
Midlothian,2021-07-26,33.5,62.0,88.0,103.0,116.7,138.0,160.0,185.0,219.3,239.0,260.0,318.0,406.5,inferred
Midlothian,2021-07-27,33.0,64.0,92.0,103.0,114.0,137.0,158.0,183.0,217.0,235.2,260.2,322.1,435.6,inferred
Midlothian,2021-07-28,45.0,76.9,107.0,121.0,134.0,160.0,187.0,218.0,250.0,270.2,292.0,353.0,456.0,inferred
Midlothian,2021-07-29,29.0,59.0,86.0,97.0,109.0,131.0,154.0,176.4,208.0,225.2,245.2,303.1,412.7,inferred
Midlothian,2021-07-30,34.0,62.0,89.8,103.0,115.0,139.0,163.0,188.0,214.3,236.2,259.0,320.1,431.0,inferred
Midlothian,2021-07-31,47.5,81.0,109.8,124.0,138.7,162.0,188.0,214.0,244.0,265.0,287.0,347.2,473.6,inferred
Midlothian,2021-08-01,38.5,71.0,98.0,112.0,124.0,149.0,173.0,201.4,229.0,248.0,268.0,337.0,443.0,inferred
Midlothian,2021-08-02,28.0,54.0,79.0,90.0,101.0,120.6,140.0,165.0,195.0,215.0,234.0,299.0,413.5,inferred
Midlothian,2021-08-03,28.5,62.0,91.0,104.0,115.0,136.0,162.5,186.0,219.0,238.0,256.0,324.0,425.5,inferred
Midlothian,2021-08-04,44.0,80.9,110.0,121.0,132.0,158.0,186.0,218.4,251.0,266.0,293.2,367.2,480.5,inferred
Midlothian,2021-08-05,40.0,71.0,95.0,106.0,117.0,140.0,165.0,191.0,222.0,240.0,259.0,316.0,423.6,inferred
Midlothian,2021-08-06,40.5,75.9,103.0,115.0,125.0,146.0,173.0,204.0,236.0,258.0,277.0,341.1,452.5,inferred
Midlothian,2021-08-07,65.0,103.0,136.0,152.0,164.0,192.0,217.0,250.0,282.3,307.0,331.0,394.0,509.5,inferred
Midlothian,2021-08-08,54.0,94.0,127.0,140.0,156.0,183.0,209.0,240.0,275.0,298.0,323.0,389.0,504.0,inferred
Midlothian,2021-08-09,42.5,80.0,111.0,123.0,135.7,164.6,188.5,218.0,253.0,267.0,286.4,355.0,461.0,inferred
Midlothian,2021-08-10,60.0,98.0,129.8,142.0,154.7,185.0,214.0,245.0,280.0,299.2,322.0,385.1,524.5,inferred
Midlothian,2021-08-11,83.5,132.9,170.8,186.0,201.0,228.6,264.0,302.0,340.0,361.2,388.0,463.0,580.6,inferred
Midlothian,2021-08-12,70.5,111.9,147.0,163.8,177.0,203.6,230.0,265.0,302.0,322.0,347.0,417.1,548.6,inferred
Midlothian,2021-08-13,87.0,135.0,173.8,185.0,203.0,227.6,259.5,290.0,328.0,350.0,375.0,449.1,589.6,inferred
Midlothian,2021-08-14,132.0,185.0,229.8,248.0,266.0,294.6,327.0,360.4,404.3,434.0,469.0,540.1,692.1,inferred
Midlothian,2021-08-15,125.0,180.0,217.0,237.8,258.0,296.0,330.0,366.4,415.0,444.0,482.0,562.1,697.7,inferred
Midlothian,2021-08-16,100.0,151.0,194.8,212.0,231.0,266.0,300.0,335.0,379.0,408.2,435.0,513.0,657.0,inferred
Midlothian,2021-08-17,136.0,191.0,243.8,266.0,284.7,324.0,362.0,405.0,447.3,468.0,494.2,576.1,720.2,inferred
Midlothian,2021-08-18,191.5,269.0,325.0,348.8,373.0,414.6,454.0,506.0,555.3,582.5,617.0,710.2,875.0,inferred
Midlothian,2021-08-19,182.0,242.9,295.0,316.8,336.0,384.0,421.0,459.0,505.0,537.0,572.0,667.1,832.5,inferred
Midlothian,2021-08-20,221.5,291.0,349.8,372.8,396.0,438.0,480.0,528.0,579.3,609.2,643.2,743.1,926.1,inferred
Midlothian,2021-08-21,328.0,406.9,479.8,507.0,531.0,579.6,626.0,682.4,736.3,768.0,805.0,907.0,1071.6,inferred
Midlothian,2021-08-22,320.5,411.6,479.8,510.8,539.0,585.0,627.5,672.0,735.0,768.0,805.2,921.2,1076.6,inferred
Midlothian,2021-08-23,285.5,386.9,456.0,487.0,512.7,558.0,611.5,665.0,719.0,754.0,790.2,893.1,1085.5,inferred
Midlothian,2021-08-24,361.4,456.0,540.8,568.0,595.7,646.6,698.0,753.0,817.3,853.2,887.2,990.0,1153.0,inferred
Midlothian,2021-08-25,449.5,570.9,657.8,692.0,724.7,783.0,839.0,894.0,965.0,998.5,1044.0,1178.0,1376.5,inferred
Midlothian,2021-08-26,385.0,498.9,571.0,602.8,629.7,683.0,737.5,792.0,851.0,887.0,927.0,1050.1,1239.6,inferred
Midlothian,2021-08-27,460.5,551.9,628.8,660.0,689.0,741.6,798.0,863.0,925.3,967.2,1005.2,1129.1,1302.0,inferred
Midlothian,2021-08-28,571.4,700.8,797.0,834.8,871.7,932.0,994.5,1064.0,1139.0,1179.0,1223.2,1363.0,1578.7,inferred
Midlothian,2021-08-29,570.4,687.0,777.8,813.0,848.7,901.0,969.0,1033.0,1098.0,1132.0,1178.4,1317.1,1516.2,inferred
Midlothian,2021-08-30,483.0,601.0,692.0,722.8,760.0,816.6,873.0,934.0,1000.0,1046.0,1085.4,1201.1,1410.7,inferred
Midlothian,2021-08-31,531.9,664.0,753.8,787.0,818.0,879.6,943.0,1011.0,1072.0,1117.5,1179.4,1294.2,1552.5,inferred
Midlothian,2021-09-01,642.0,779.0,880.0,923.8,962.0,1025.0,1095.0,1158.0,1235.0,1281.0,1323.2,1468.1,1699.5,inferred
Midlothian,2021-09-02,512.0,625.9,704.0,737.8,772.0,825.6,887.0,952.0,1022.0,1063.0,1115.0,1258.1,1454.1,inferred
Midlothian,2021-09-03,514.3,642.9,740.0,781.8,811.0,870.0,932.5,999.4,1064.0,1098.2,1150.2,1263.0,1479.0,inferred
Midlothian,2021-09-04,621.5,764.7,869.0,901.0,939.0,1004.0,1061.0,1120.4,1208.0,1248.0,1294.0,1412.2,1642.5,inferred
Midlothian,2021-09-05,576.0,706.8,792.8,836.2,868.7,925.0,985.0,1055.0,1127.0,1169.2,1221.2,1346.0,1537.6,inferred
Midlothian,2021-09-06,458.5,567.9,647.0,681.0,713.7,764.6,821.0,872.0,936.0,977.0,1024.0,1152.1,1383.5,inferred
Midlothian,2021-09-07,442.4,562.0,644.0,690.0,720.7,781.0,841.0,908.4,970.0,1017.2,1052.2,1170.0,1378.8,inferred
Midlothian,2021-09-08,497.5,606.0,698.8,732.0,768.0,837.0,901.0,964.0,1037.3,1070.0,1118.0,1246.1,1455.1,inferred
Midlothian,2021-09-09,330.5,425.9,494.8,530.0,555.7,606.0,653.0,704.4,767.0,801.2,844.2,951.1,1136.0,inferred
Midlothian,2021-09-10,315.0,406.9,473.8,500.5,527.0,577.0,625.0,678.4,736.0,762.2,796.0,906.1,1053.6,inferred
Midlothian,2021-09-11,326.0,418.0,486.0,516.8,540.7,589.6,635.0,691.8,750.0,780.2,819.0,926.0,1102.7,inferred
Midlothian,2021-09-12,238.0,318.0,378.0,404.0,424.0,479.0,525.0,577.4,629.0,656.2,696.0,798.1,980.0,inferred
Midlothian,2021-09-13,175.0,233.9,282.8,307.8,329.0,368.6,404.0,450.0,507.0,530.0,559.0,644.0,761.2,inferred
Midlothian,2021-09-14,159.9,227.9,284.8,310.0,331.0,368.0,403.0,438.0,486.3,515.0,546.0,638.1,785.0,inferred
Midlothian,2021-09-15,182.5,257.0,313.0,337.8,361.7,397.6,435.0,476.4,525.0,554.2,588.2,679.3,863.6,inferred
Midlothian,2021-09-16,130.0,183.0,233.0,256.0,276.7,311.0,341.5,380.0,427.3,452.2,481.0,567.0,702.5,inferred
Midlothian,2021-09-17,119.5,183.9,229.0,248.0,265.7,301.6,337.0,372.4,418.0,440.2,469.2,552.0,706.0,inferred
Midlothian,2021-09-18,146.0,204.0,260.0,280.0,300.0,337.0,374.0,412.0,457.0,479.2,511.0,599.1,750.0,inferred
Midlothian,2021-09-19,117.5,173.0,219.0,239.8,256.7,293.0,329.5,367.0,403.3,425.0,451.2,536.1,686.1,inferred
Midlothian,2021-09-20,76.5,130.0,169.0,184.8,200.0,230.0,260.0,295.0,332.0,353.0,379.0,456.0,592.0,inferred
Midlothian,2021-09-21,80.5,146.9,188.0,205.0,222.0,251.0,286.0,319.4,358.0,384.2,420.0,489.0,625.5,inferred
Midlothian,2021-09-22,132.0,186.0,234.0,255.8,273.0,311.6,347.5,385.0,423.3,449.0,482.0,551.1,666.5,inferred
Midlothian,2021-09-23,110.5,157.0,194.8,213.0,231.7,260.0,291.0,322.4,363.0,387.2,422.2,497.1,620.0,inferred
Midlothian,2021-09-24,114.5,170.0,214.0,231.0,252.0,282.0,315.0,351.0,392.0,419.2,451.2,530.2,687.0,inferred
Midlothian,2021-09-25,151.5,218.9,267.0,291.0,303.7,343.0,385.0,434.0,479.0,502.0,536.0,627.1,771.0,inferred
Midlothian,2021-09-26,144.0,210.9,258.0,279.0,296.0,335.0,374.5,413.4,459.0,489.2,519.2,607.1,768.0,inferred
Midlothian,2021-09-27,129.4,177.9,221.8,240.0,260.7,299.0,332.0,369.0,416.0,436.0,462.0,547.0,692.0,inferred
Midlothian,2021-09-28,132.5,199.0,248.8,272.0,287.0,323.6,361.0,401.4,441.0,466.0,493.0,587.1,762.5,inferred
Midlothian,2021-09-29,166.0,236.0,289.0,310.0,331.0,370.0,411.0,455.0,500.0,525.2,552.2,653.0,783.0,inferred
Midlothian,2021-09-30,128.9,187.0,233.8,255.8,274.0,308.0,338.0,375.0,417.0,442.2,471.2,553.0,708.1,inferred
Midlothian,2021-10-01,136.0,193.0,240.8,257.0,277.7,315.6,352.0,393.0,438.0,465.2,496.0,575.1,744.5,inferred
Midlothian,2021-10-02,174.5,240.9,289.8,312.0,331.0,374.0,409.0,447.0,491.0,520.0,553.2,654.2,821.6,inferred
Midlothian,2021-10-03,149.5,214.9,268.0,289.8,308.0,339.6,378.0,417.0,460.3,486.2,517.0,600.1,788.0,inferred
Midlothian,2021-10-04,116.0,166.0,213.8,235.8,254.0,288.6,323.5,362.0,405.0,433.2,466.2,551.1,679.6,inferred
Midlothian,2021-10-05,132.5,196.9,244.8,263.0,282.0,310.0,347.5,388.4,430.0,456.0,487.0,567.2,702.1,inferred
Midlothian,2021-10-06,183.0,235.9,287.0,307.0,328.7,365.6,400.0,441.4,486.0,512.2,544.2,631.0,768.0,inferred
Midlothian,2021-10-07,121.0,180.0,227.0,244.8,269.0,303.0,343.0,374.0,424.0,445.0,472.0,564.0,682.0,inferred
Midlothian,2021-10-08,141.4,207.9,253.0,271.0,290.0,323.0,353.0,387.4,434.0,460.0,492.0,579.0,723.1,inferred
Midlothian,2021-10-09,168.4,241.0,294.8,319.0,344.0,383.0,420.0,459.0,512.3,544.2,575.2,662.0,793.1,inferred
Midlothian,2021-10-10,164.4,223.9,281.8,300.8,323.0,356.6,393.0,433.0,482.0,510.2,539.2,625.2,763.6,inferred
Midlothian,2021-10-11,120.0,182.8,227.0,246.0,264.0,298.0,334.0,370.4,411.0,436.0,466.2,549.0,699.0,inferred
Midlothian,2021-10-12,140.0,194.0,244.0,263.0,285.7,321.6,360.0,398.0,444.0,478.2,510.0,602.1,749.0,inferred
Midlothian,2021-10-13,181.0,244.0,299.0,324.0,352.0,389.0,431.0,471.0,517.0,546.0,582.2,693.0,855.0,inferred
Midlothian,2021-10-14,132.0,199.0,244.0,268.0,285.0,315.6,356.0,395.4,443.3,470.2,498.0,598.0,788.6,inferred
Midlothian,2021-10-15,128.9,195.0,252.0,274.0,294.7,334.6,370.0,418.0,468.3,492.0,534.2,623.1,802.0,inferred
Milton Keynes,2021-07-03,46.0,55.0,61.0,63.8,66.0,70.0,74.0,77.4,82.0,85.0,88.0,95.0,108.0,inferred
Milton Keynes,2021-07-04,49.0,59.0,65.0,68.0,70.0,74.0,78.0,82.0,87.0,90.0,93.0,101.1,114.5,inferred
Milton Keynes,2021-07-05,77.0,87.0,95.0,98.0,100.0,105.0,110.0,115.0,121.0,124.0,127.2,136.0,151.5,inferred
Milton Keynes,2021-07-06,80.5,91.0,99.0,101.0,104.0,108.0,113.0,118.0,124.0,127.0,130.2,140.1,155.0,inferred
Milton Keynes,2021-07-07,87.0,99.0,107.0,111.0,113.0,118.0,123.0,128.4,133.0,136.0,140.0,149.0,163.0,inferred
Milton Keynes,2021-07-08,89.0,101.0,109.0,112.0,115.0,120.0,125.0,131.0,137.0,140.0,144.0,154.0,169.0,inferred
Milton Keynes,2021-07-09,90.0,101.0,109.0,113.0,115.0,121.0,126.0,130.0,136.0,139.0,142.0,153.0,169.0,inferred
Milton Keynes,2021-07-10,82.0,92.0,100.0,103.0,106.0,111.0,117.0,121.0,127.0,130.0,133.0,143.0,159.0,inferred
Milton Keynes,2021-07-11,91.0,104.0,111.8,115.0,118.0,123.0,128.0,133.0,139.0,142.0,146.0,155.1,172.0,inferred
Milton Keynes,2021-07-12,139.0,154.0,164.0,168.0,172.0,178.0,183.5,191.0,198.0,201.0,206.0,220.0,236.0,inferred
Milton Keynes,2021-07-13,137.5,151.0,163.0,168.0,172.0,179.0,185.0,191.0,198.3,203.0,206.0,219.0,237.0,inferred
Milton Keynes,2021-07-14,141.0,155.0,164.0,168.0,171.0,177.0,184.0,190.0,196.0,201.0,205.0,218.0,238.0,inferred
Milton Keynes,2021-07-15,127.0,139.0,150.0,154.0,158.0,165.0,171.0,178.0,185.0,188.0,193.0,204.0,222.5,inferred
Milton Keynes,2021-07-16,113.0,127.0,136.0,139.0,143.0,149.0,154.0,160.0,166.0,170.0,174.0,185.0,204.5,inferred
Milton Keynes,2021-07-17,92.0,103.0,111.0,115.0,118.0,124.0,129.0,135.0,141.0,144.0,147.0,157.0,172.0,inferred
Milton Keynes,2021-07-18,91.0,105.0,112.0,116.0,119.0,124.0,129.0,135.0,141.0,145.0,148.0,156.1,172.0,inferred
Milton Keynes,2021-07-19,125.0,140.0,150.0,154.0,157.0,163.0,169.0,174.0,181.0,185.0,189.0,200.0,220.0,inferred
Milton Keynes,2021-07-20,113.0,128.0,138.0,142.0,145.0,151.0,156.0,162.0,168.0,173.0,177.0,188.0,207.0,inferred
Milton Keynes,2021-07-21,109.0,123.0,133.0,136.0,139.7,146.0,151.0,156.0,163.0,166.2,170.0,180.0,198.0,inferred
Milton Keynes,2021-07-22,96.0,108.0,117.0,120.0,123.0,129.0,134.5,141.0,146.0,150.0,154.0,165.0,182.0,inferred
Milton Keynes,2021-07-23,84.0,94.0,103.0,106.8,109.0,115.0,120.0,125.0,130.3,134.0,138.0,148.0,163.0,inferred
Milton Keynes,2021-07-24,63.0,75.0,82.0,85.0,87.0,92.0,96.0,101.0,106.0,110.0,112.0,119.1,133.5,inferred
Milton Keynes,2021-07-25,62.0,74.0,80.0,83.0,85.0,90.0,94.0,98.0,104.0,107.0,110.0,118.0,130.0,inferred
Milton Keynes,2021-07-26,84.0,97.0,105.0,107.0,111.0,116.0,122.0,127.0,133.0,137.0,140.0,150.0,168.0,inferred
Milton Keynes,2021-07-27,80.0,91.0,97.8,101.0,104.0,110.0,115.0,120.0,125.0,128.0,131.0,140.0,158.5,inferred
Milton Keynes,2021-07-28,79.0,90.9,99.0,102.0,105.0,110.0,115.0,120.0,125.0,129.0,132.0,140.0,155.0,inferred
Milton Keynes,2021-07-29,78.0,88.0,95.8,98.0,101.0,106.0,111.0,117.0,122.0,124.0,127.0,136.0,153.0,inferred
Milton Keynes,2021-07-30,70.0,81.0,88.0,91.0,94.0,99.0,104.0,108.0,113.0,116.0,119.0,127.0,141.5,inferred
Milton Keynes,2021-07-31,56.0,67.0,74.0,76.8,79.0,83.0,88.0,92.0,97.0,100.0,102.0,111.0,123.0,inferred
Milton Keynes,2021-08-01,60.0,70.0,76.0,79.0,81.0,86.0,90.0,95.0,100.0,103.0,106.0,114.0,130.0,inferred
Milton Keynes,2021-08-02,84.0,98.0,107.0,109.0,112.0,118.0,122.0,128.0,133.0,137.0,140.0,150.0,166.0,inferred
Milton Keynes,2021-08-03,85.0,96.0,103.0,106.0,109.0,115.0,120.0,125.0,131.0,134.0,138.0,148.0,165.0,inferred
Milton Keynes,2021-08-04,85.0,97.0,105.0,107.0,110.0,115.0,121.0,127.0,132.0,135.0,139.0,148.0,166.5,inferred
Milton Keynes,2021-08-05,81.0,93.0,100.0,103.0,106.0,111.0,115.0,121.0,127.0,130.0,133.0,141.0,156.0,inferred
Milton Keynes,2021-08-06,73.5,85.0,92.0,95.0,98.0,103.0,108.0,112.0,116.0,119.0,123.0,133.1,148.0,inferred
Milton Keynes,2021-08-07,61.0,72.0,78.0,81.0,84.0,88.0,92.0,97.0,102.0,105.0,108.0,116.0,130.0,inferred
Milton Keynes,2021-08-08,64.0,73.0,80.0,83.0,85.0,90.0,95.0,99.0,104.0,107.0,110.0,118.0,131.0,inferred
Milton Keynes,2021-08-09,90.0,103.0,110.0,114.0,116.0,122.0,127.0,132.0,138.0,142.0,146.0,156.0,173.5,inferred
Milton Keynes,2021-08-10,88.0,100.0,107.0,110.8,114.0,119.0,124.0,130.0,136.0,140.0,143.0,152.1,168.5,inferred
Milton Keynes,2021-08-11,90.0,101.0,109.0,112.0,115.0,121.0,126.0,131.0,138.0,142.0,145.0,155.1,170.5,inferred
Milton Keynes,2021-08-12,86.0,97.0,105.0,108.0,111.0,117.0,122.0,128.0,133.0,136.0,139.0,149.0,166.5,inferred
Milton Keynes,2021-08-13,80.0,91.0,98.0,101.0,103.0,109.0,114.5,119.0,124.0,128.0,131.0,141.1,157.5,inferred
Milton Keynes,2021-08-14,67.0,77.0,84.0,88.0,90.0,94.0,98.0,103.0,109.0,112.0,115.0,123.0,136.0,inferred
Milton Keynes,2021-08-15,70.0,80.0,88.0,90.0,93.0,99.0,103.0,108.0,114.0,116.0,119.0,129.0,143.0,inferred
Milton Keynes,2021-08-16,102.0,113.9,123.0,126.0,130.0,135.0,140.0,145.4,151.0,154.0,158.0,170.0,188.0,inferred
Milton Keynes,2021-08-17,97.0,109.0,118.0,120.0,124.0,129.0,136.0,141.0,147.0,150.0,154.0,164.0,181.5,inferred
Milton Keynes,2021-08-18,94.0,108.0,116.0,119.0,123.0,129.0,134.0,139.0,145.0,149.0,153.0,164.0,179.5,inferred
Milton Keynes,2021-08-19,90.0,100.0,110.0,112.0,115.0,119.6,125.0,130.0,135.0,138.0,142.0,151.0,167.0,inferred
Milton Keynes,2021-08-20,80.0,89.0,96.0,99.0,102.0,107.0,112.0,117.0,122.0,125.0,128.0,138.1,153.0,inferred
Milton Keynes,2021-08-21,65.0,74.0,80.0,84.0,86.0,92.0,96.0,101.0,106.0,108.0,111.0,119.0,133.0,inferred
Milton Keynes,2021-08-22,65.0,74.0,81.8,84.0,87.0,92.0,96.0,102.0,106.0,109.0,112.0,121.0,135.0,inferred
Milton Keynes,2021-08-23,88.0,101.0,109.0,112.0,115.0,121.0,126.0,131.0,137.0,140.0,144.2,154.0,172.5,inferred
Milton Keynes,2021-08-24,85.5,97.0,106.0,109.0,112.0,117.0,122.5,127.4,133.0,136.0,140.0,151.0,167.0,inferred
Milton Keynes,2021-08-25,86.5,99.0,107.0,110.0,113.0,118.0,123.0,128.0,133.0,137.0,140.0,149.0,164.0,inferred
Milton Keynes,2021-08-26,82.0,94.0,102.0,106.0,108.0,113.0,118.0,123.0,128.0,130.0,133.0,142.0,159.0,inferred
Milton Keynes,2021-08-27,76.0,86.0,94.0,97.0,100.0,104.0,109.0,115.0,119.0,123.0,126.0,136.0,150.0,inferred
Milton Keynes,2021-08-28,62.5,72.0,79.0,82.0,85.0,90.0,95.0,98.0,103.0,106.0,109.0,116.0,128.5,inferred
Milton Keynes,2021-08-29,65.0,75.0,82.0,85.0,88.0,92.0,97.0,101.0,107.0,110.0,113.0,122.0,139.0,inferred
Milton Keynes,2021-08-30,95.0,104.0,113.0,117.0,120.0,126.0,132.0,138.0,144.0,147.0,151.0,162.1,182.5,inferred
Milton Keynes,2021-08-31,88.5,102.0,111.0,114.0,117.0,123.0,128.0,133.0,139.0,142.0,146.0,156.0,171.0,inferred
Milton Keynes,2021-09-01,89.0,102.0,110.0,113.0,116.0,122.0,127.0,132.0,138.0,142.0,146.0,157.0,172.0,inferred
Milton Keynes,2021-09-02,86.0,97.0,104.0,107.0,110.0,116.0,121.0,126.0,131.0,134.0,138.0,146.0,163.5,inferred
Milton Keynes,2021-09-03,77.0,88.0,96.0,99.0,101.0,106.0,110.0,115.0,120.0,123.0,126.0,136.0,148.5,inferred
Milton Keynes,2021-09-04,63.0,73.0,80.0,83.0,85.0,89.0,94.0,98.0,104.0,106.0,109.0,117.0,131.5,inferred
Milton Keynes,2021-09-05,65.5,75.0,82.0,85.0,88.0,93.0,97.0,101.0,106.0,108.0,112.0,120.0,138.0,inferred
Milton Keynes,2021-09-06,89.0,102.0,111.0,114.0,118.0,123.0,129.0,134.0,140.0,143.0,147.0,157.0,172.0,inferred
Milton Keynes,2021-09-07,84.0,96.0,105.0,108.0,111.0,117.0,122.0,127.0,132.0,136.0,139.0,148.0,162.0,inferred
Milton Keynes,2021-09-08,82.0,95.0,103.0,106.0,110.0,115.0,120.0,125.0,131.0,134.0,137.0,147.0,161.0,inferred
Milton Keynes,2021-09-09,75.0,86.0,93.0,96.0,99.0,104.0,109.0,114.0,119.0,123.0,127.0,136.0,153.0,inferred
Milton Keynes,2021-09-10,66.5,76.0,84.0,87.0,89.7,94.0,98.0,104.0,109.0,112.0,115.0,123.0,139.0,inferred
Milton Keynes,2021-09-11,51.0,62.0,68.0,71.0,74.0,78.0,82.0,86.0,91.0,93.0,96.0,104.0,117.0,inferred
Milton Keynes,2021-09-12,52.0,62.0,69.0,72.0,74.0,78.0,82.0,86.0,91.0,93.0,96.0,104.0,119.0,inferred
Milton Keynes,2021-09-13,74.5,85.0,93.0,96.0,98.0,103.0,107.5,112.0,118.0,121.0,124.0,134.0,147.0,inferred
Milton Keynes,2021-09-14,68.0,81.0,88.0,91.0,94.0,99.0,104.0,109.0,114.0,117.0,121.0,129.0,144.0,inferred
Milton Keynes,2021-09-15,75.0,85.0,92.0,95.0,99.0,103.0,108.0,113.0,119.0,122.0,125.0,134.0,152.0,inferred
Milton Keynes,2021-09-16,71.0,82.0,88.0,92.0,95.0,99.0,104.0,110.0,115.0,118.0,121.0,131.0,148.0,inferred
Milton Keynes,2021-09-17,67.0,77.0,85.0,88.0,90.0,94.0,99.0,103.0,108.0,111.0,115.0,124.0,139.0,inferred
Milton Keynes,2021-09-18,58.0,67.0,73.0,76.0,78.0,83.0,87.0,91.0,96.0,98.0,101.0,110.0,122.0,inferred
Milton Keynes,2021-09-19,61.5,71.0,78.0,81.0,83.0,88.0,92.0,96.0,101.0,104.0,107.0,117.0,133.0,inferred
Milton Keynes,2021-09-20,87.0,101.0,110.0,113.0,116.0,121.0,126.0,131.0,137.0,141.0,144.2,155.0,172.0,inferred
Milton Keynes,2021-09-21,87.0,99.0,108.0,111.0,114.0,119.0,124.0,129.0,135.0,138.0,142.0,152.0,169.0,inferred
Milton Keynes,2021-09-22,92.0,102.0,111.0,115.0,117.0,122.0,128.0,133.0,139.0,142.0,146.0,156.0,173.5,inferred
Milton Keynes,2021-09-23,87.0,99.0,106.0,109.0,113.0,118.0,123.0,128.0,133.0,137.0,141.0,151.0,167.0,inferred
Milton Keynes,2021-09-24,79.0,91.0,99.0,102.0,104.0,110.0,114.0,120.0,125.0,127.0,131.0,140.0,156.0,inferred
Milton Keynes,2021-09-25,68.0,78.0,85.0,88.0,91.0,95.0,100.0,105.0,110.0,113.0,116.0,126.0,138.0,inferred
Milton Keynes,2021-09-26,70.0,81.0,88.0,90.0,93.0,98.0,103.0,108.0,113.0,116.0,119.0,128.0,144.0,inferred
Milton Keynes,2021-09-27,102.0,114.0,123.0,126.0,129.0,135.0,141.0,146.0,153.0,156.0,160.0,170.0,188.0,inferred
Milton Keynes,2021-09-28,100.0,111.0,119.0,123.0,126.0,132.0,138.0,143.0,149.0,152.0,156.0,165.0,182.5,inferred
Milton Keynes,2021-09-29,100.5,116.0,124.0,127.0,130.0,135.0,142.0,147.0,153.0,156.0,160.0,170.0,185.0,inferred
Milton Keynes,2021-09-30,98.0,110.0,117.0,121.0,123.0,129.6,135.0,141.0,147.0,151.0,154.2,162.0,178.0,inferred
Milton Keynes,2021-10-01,88.0,101.0,110.0,113.0,116.0,122.0,127.0,133.0,138.3,142.0,145.0,154.0,170.0,inferred
Milton Keynes,2021-10-02,75.5,85.0,93.0,96.0,99.0,104.0,109.0,114.0,119.0,122.0,126.0,136.0,150.0,inferred
Milton Keynes,2021-10-03,78.0,91.9,99.0,102.0,104.0,109.0,114.0,119.0,124.0,127.0,130.0,138.0,153.0,inferred
Milton Keynes,2021-10-04,111.5,126.0,137.0,140.0,143.0,149.0,154.0,160.0,167.0,170.0,175.0,186.0,205.0,inferred
Milton Keynes,2021-10-05,110.5,123.0,133.0,136.0,140.0,146.0,151.0,158.0,164.0,168.0,172.0,182.1,199.0,inferred
Milton Keynes,2021-10-06,114.0,127.0,136.0,140.0,142.0,148.0,154.0,159.0,165.0,168.0,172.0,183.0,202.0,inferred
Milton Keynes,2021-10-07,109.0,122.0,131.0,135.0,138.0,144.0,150.0,156.0,162.0,165.0,168.0,179.0,201.5,inferred
Milton Keynes,2021-10-08,102.0,115.0,123.0,127.0,130.0,135.0,140.0,145.0,151.0,155.0,159.0,170.0,187.5,inferred
Milton Keynes,2021-10-09,85.0,98.0,106.0,109.0,111.0,116.0,122.0,128.0,132.0,135.0,139.0,149.0,163.0,inferred
Milton Keynes,2021-10-10,90.0,102.0,110.0,114.0,117.0,122.0,127.0,132.0,139.0,142.0,146.0,157.0,176.5,inferred
Milton Keynes,2021-10-11,131.0,145.0,155.0,158.0,162.0,168.0,174.0,181.0,188.0,192.0,196.0,209.0,228.0,inferred
Milton Keynes,2021-10-12,127.0,142.0,151.0,155.0,158.0,164.0,171.0,177.0,184.0,188.0,193.0,205.0,227.0,inferred
Milton Keynes,2021-10-13,127.5,143.9,153.0,158.0,161.0,168.0,175.0,182.0,188.0,192.0,196.0,207.0,222.0,inferred
Milton Keynes,2021-10-14,120.0,136.0,144.0,149.0,153.0,159.0,165.0,171.0,179.0,183.0,189.0,199.0,215.0,inferred
Milton Keynes,2021-10-15,109.0,124.0,134.8,138.0,142.0,148.0,155.0,160.0,167.0,171.0,177.0,189.0,209.5,inferred
Mole Valley,2021-07-03,7.0,11.0,13.0,14.0,15.0,16.0,18.0,20.0,22.0,23.0,24.0,28.0,35.0,inferred
Mole Valley,2021-07-04,9.0,12.0,15.0,16.0,17.0,19.0,21.0,22.0,24.3,26.0,27.0,32.0,38.0,inferred
Mole Valley,2021-07-05,15.0,20.0,23.0,25.0,26.0,28.0,30.0,32.0,35.0,36.0,38.0,43.0,49.0,inferred
Mole Valley,2021-07-06,17.0,21.0,25.0,26.0,27.0,30.0,32.0,34.0,37.0,38.0,40.0,44.0,52.5,inferred
Mole Valley,2021-07-07,19.0,25.0,28.0,29.0,30.0,33.0,35.0,37.0,40.0,41.0,43.0,47.1,56.0,inferred
Mole Valley,2021-07-08,21.0,26.0,29.0,31.0,32.0,35.0,37.0,39.0,42.0,43.0,45.0,49.0,56.0,inferred
Mole Valley,2021-07-09,20.5,26.0,29.0,31.0,32.0,35.0,37.0,39.0,41.3,43.0,44.0,50.0,57.0,inferred
Mole Valley,2021-07-10,19.0,24.0,27.0,28.0,29.0,32.0,34.0,36.0,39.0,40.0,42.0,47.0,54.0,inferred
Mole Valley,2021-07-11,21.0,26.0,31.0,32.0,34.0,36.0,38.0,41.0,44.0,45.0,47.0,51.0,59.0,inferred
Mole Valley,2021-07-12,36.0,43.0,47.0,49.0,50.0,53.0,56.0,59.0,63.0,65.0,67.0,74.0,81.0,inferred
Mole Valley,2021-07-13,35.0,42.0,47.0,49.0,51.0,53.0,56.0,60.0,63.0,64.0,66.0,73.0,82.0,inferred
Mole Valley,2021-07-14,35.0,41.0,46.0,48.0,49.0,53.0,56.0,59.0,62.0,64.0,66.0,72.0,81.5,inferred
Mole Valley,2021-07-15,32.0,39.0,43.0,45.0,46.0,50.0,52.0,55.0,58.0,60.0,62.0,67.0,76.0,inferred
Mole Valley,2021-07-16,28.0,33.0,38.0,40.0,41.0,44.0,47.0,50.0,53.0,54.0,56.0,62.0,71.0,inferred
Mole Valley,2021-07-17,22.0,27.0,30.0,32.0,33.0,36.0,38.0,41.0,44.0,45.0,47.0,51.0,60.0,inferred
Mole Valley,2021-07-18,21.0,26.0,30.0,31.0,32.7,35.0,38.0,40.0,42.0,44.0,46.0,51.0,58.0,inferred
Mole Valley,2021-07-19,29.0,35.0,40.0,41.0,43.0,46.0,49.0,52.0,55.0,57.0,59.0,64.0,72.0,inferred
Mole Valley,2021-07-20,26.0,32.0,36.0,38.0,39.0,42.0,45.0,47.0,50.0,52.0,54.0,59.0,67.0,inferred
Mole Valley,2021-07-21,24.0,29.0,33.0,35.0,36.0,39.0,41.0,44.0,47.0,48.0,50.0,56.0,64.0,inferred
Mole Valley,2021-07-22,19.0,24.0,28.0,29.0,30.0,33.0,35.0,37.0,40.0,41.0,43.0,48.0,56.0,inferred
Mole Valley,2021-07-23,15.0,20.0,23.0,24.0,25.0,28.0,30.0,32.0,34.0,36.0,37.0,41.0,48.5,inferred
Mole Valley,2021-07-24,10.0,15.0,17.0,18.0,19.0,21.0,23.0,25.0,27.0,29.0,30.0,34.0,40.5,inferred
Mole Valley,2021-07-25,10.0,13.0,15.0,16.0,17.0,19.0,21.0,23.0,25.0,27.0,28.0,32.0,38.0,inferred
Mole Valley,2021-07-26,12.0,16.0,20.0,21.0,23.0,25.0,27.0,29.0,31.0,32.0,34.0,38.0,46.0,inferred
Mole Valley,2021-07-27,12.0,16.0,19.0,20.0,21.0,23.0,25.0,27.0,29.0,30.0,32.0,36.0,43.0,inferred
Mole Valley,2021-07-28,12.0,16.0,19.0,20.0,21.0,24.0,25.0,27.0,30.0,31.0,32.0,37.0,44.5,inferred
Mole Valley,2021-07-29,12.0,15.0,18.0,19.0,20.0,22.0,24.0,27.0,29.0,30.0,32.0,36.0,43.0,inferred
Mole Valley,2021-07-30,11.0,15.0,17.0,18.0,19.0,21.0,23.0,24.0,26.0,28.0,29.0,33.0,40.0,inferred
Mole Valley,2021-07-31,9.0,12.0,14.0,16.0,16.0,18.0,20.0,22.0,24.0,25.0,26.0,29.1,36.0,inferred
Mole Valley,2021-08-01,10.0,13.0,15.0,17.0,18.0,19.0,21.0,23.0,25.0,26.0,27.0,31.0,37.0,inferred
Mole Valley,2021-08-02,15.0,19.0,22.0,24.0,25.0,27.0,29.0,31.0,34.0,35.0,36.0,41.0,47.0,inferred
Mole Valley,2021-08-03,15.0,19.0,23.0,24.0,25.0,27.0,29.0,31.0,33.0,35.0,36.0,40.0,48.0,inferred
Mole Valley,2021-08-04,15.0,20.0,23.0,24.0,26.0,28.0,30.0,32.0,34.0,36.0,37.0,43.0,49.0,inferred
Mole Valley,2021-08-05,14.0,19.0,22.0,23.0,25.0,27.0,29.0,31.0,33.3,35.0,36.0,40.0,46.5,inferred
Mole Valley,2021-08-06,13.0,17.0,20.0,21.0,22.0,25.0,27.0,29.0,31.0,32.0,34.0,39.0,45.0,inferred
Mole Valley,2021-08-07,11.0,15.0,18.0,19.0,20.0,22.0,24.0,25.0,27.0,29.0,30.0,35.0,42.0,inferred
Mole Valley,2021-08-08,11.0,16.0,18.0,19.0,20.7,23.0,24.0,26.0,29.0,30.0,32.0,36.0,42.0,inferred
Mole Valley,2021-08-09,18.0,22.0,26.0,27.0,29.0,31.0,33.0,36.0,38.0,40.0,42.0,47.0,54.0,inferred
Mole Valley,2021-08-10,16.0,23.0,26.0,27.0,28.0,30.0,33.0,35.0,38.0,39.0,40.0,45.0,52.0,inferred
Mole Valley,2021-08-11,18.0,23.0,27.0,28.0,29.0,32.0,34.0,36.0,39.0,41.0,42.0,47.0,54.0,inferred
Mole Valley,2021-08-12,18.0,23.0,26.0,27.0,29.0,31.0,33.0,35.4,38.0,40.0,41.0,46.0,53.0,inferred
Mole Valley,2021-08-13,16.0,21.9,25.0,26.0,27.0,29.0,31.0,33.0,36.0,38.0,39.0,44.0,52.0,inferred
Mole Valley,2021-08-14,15.0,18.0,21.0,22.0,23.0,26.0,28.0,30.0,32.0,34.0,35.0,39.0,47.5,inferred
Mole Valley,2021-08-15,15.0,19.0,22.0,24.0,25.0,27.0,29.0,31.0,34.0,35.0,37.0,41.0,48.0,inferred
Mole Valley,2021-08-16,23.5,28.0,32.0,33.0,35.0,37.0,40.0,42.0,45.0,47.0,49.0,54.0,64.0,inferred
Mole Valley,2021-08-17,23.0,28.0,31.0,32.0,34.0,36.0,39.0,41.0,44.0,45.0,47.0,52.0,60.0,inferred
Mole Valley,2021-08-18,21.0,26.0,30.0,32.0,33.0,35.6,38.0,40.0,43.0,44.0,47.0,52.0,61.0,inferred
Mole Valley,2021-08-19,19.0,24.0,27.0,29.0,30.0,33.0,35.0,38.0,40.0,42.0,44.0,48.0,57.0,inferred
Mole Valley,2021-08-20,16.0,21.0,24.0,26.0,27.0,29.0,32.0,34.0,36.0,38.0,39.0,44.0,51.0,inferred
Mole Valley,2021-08-21,12.0,16.0,20.0,21.0,22.0,24.0,26.0,28.0,30.0,32.0,33.0,37.0,45.0,inferred
Mole Valley,2021-08-22,12.0,17.0,20.0,21.0,22.0,24.0,26.0,28.0,30.0,31.0,33.0,37.0,44.0,inferred
Mole Valley,2021-08-23,17.5,22.0,25.0,27.0,28.0,31.0,33.0,35.4,38.0,39.0,41.0,46.0,54.0,inferred
Mole Valley,2021-08-24,16.0,21.0,24.0,26.0,27.0,30.0,32.0,34.0,37.0,38.0,40.0,45.0,54.0,inferred
Mole Valley,2021-08-25,18.0,22.0,25.0,27.0,28.0,30.0,32.0,34.0,37.0,38.0,40.0,46.0,54.0,inferred
Mole Valley,2021-08-26,16.0,21.0,25.0,26.0,27.0,29.0,31.0,33.0,35.0,37.0,39.0,43.0,51.5,inferred
Mole Valley,2021-08-27,14.0,19.0,23.0,24.0,25.0,27.0,29.0,32.0,34.0,35.0,37.0,41.0,48.0,inferred
Mole Valley,2021-08-28,12.0,16.0,19.0,20.0,21.0,23.0,25.0,27.0,30.0,31.0,32.0,36.1,45.0,inferred
Mole Valley,2021-08-29,13.0,18.0,20.0,22.0,23.0,25.0,27.0,29.0,31.0,32.0,34.0,39.0,46.0,inferred
Mole Valley,2021-08-30,20.0,25.0,29.0,30.0,32.0,34.0,37.0,39.0,42.0,44.0,46.0,50.0,57.0,inferred
Mole Valley,2021-08-31,19.0,25.0,28.0,30.0,31.0,34.0,36.0,38.0,41.0,42.0,44.0,49.0,57.0,inferred
Mole Valley,2021-09-01,20.0,24.0,28.0,29.0,30.0,33.0,35.0,37.0,40.0,42.0,44.0,49.0,57.0,inferred
Mole Valley,2021-09-02,17.0,22.0,26.0,27.0,29.0,31.0,34.0,36.0,38.0,40.0,42.0,46.0,54.0,inferred
Mole Valley,2021-09-03,15.0,20.0,24.0,25.0,26.0,28.0,30.0,32.0,35.0,36.0,38.0,43.0,49.0,inferred
Mole Valley,2021-09-04,13.0,17.0,20.0,21.0,22.0,23.0,25.0,27.4,30.0,31.0,32.0,37.0,43.0,inferred
Mole Valley,2021-09-05,12.0,16.0,19.0,20.0,21.0,23.0,25.0,27.0,30.0,31.0,33.0,37.0,43.0,inferred
Mole Valley,2021-09-06,18.0,23.0,26.0,28.0,29.0,31.0,33.0,35.0,38.0,40.0,41.0,46.0,54.0,inferred
Mole Valley,2021-09-07,17.0,21.0,24.0,26.0,27.0,29.0,31.0,34.0,36.0,38.0,40.0,44.0,52.0,inferred
Mole Valley,2021-09-08,15.0,20.0,23.0,24.0,25.0,28.0,30.0,32.0,34.0,36.0,37.0,42.0,50.0,inferred
Mole Valley,2021-09-09,14.0,18.0,21.0,22.0,23.0,25.0,27.0,29.0,31.0,33.0,34.0,39.0,45.0,inferred
Mole Valley,2021-09-10,11.0,15.0,18.0,19.0,20.0,22.0,23.5,25.4,28.0,29.0,31.0,35.0,42.0,inferred
Mole Valley,2021-09-11,9.0,12.0,14.0,15.0,16.0,18.0,20.0,21.0,23.0,24.0,26.0,30.0,36.0,inferred
Mole Valley,2021-09-12,8.0,11.0,13.8,15.0,16.0,17.0,19.0,21.0,22.0,23.0,25.0,28.0,35.0,inferred
Mole Valley,2021-09-13,12.0,15.0,18.0,20.0,21.0,23.0,25.0,27.0,29.0,30.0,32.0,37.0,44.0,inferred
Mole Valley,2021-09-14,11.0,15.0,18.0,19.0,20.0,22.0,24.0,26.0,28.0,29.0,31.0,34.0,42.0,inferred
Mole Valley,2021-09-15,12.0,16.0,19.0,20.0,22.0,24.0,26.0,28.0,30.0,32.0,33.0,37.0,44.0,inferred
Mole Valley,2021-09-16,12.0,16.0,19.0,20.0,21.0,24.0,26.0,28.0,30.0,31.0,33.0,36.0,43.5,inferred
Mole Valley,2021-09-17,13.0,16.0,19.0,20.0,21.0,23.0,25.0,27.0,29.0,31.0,32.0,36.0,42.0,inferred
Mole Valley,2021-09-18,11.0,14.0,17.0,18.0,19.0,21.0,23.0,25.0,27.0,28.0,29.0,33.0,40.0,inferred
Mole Valley,2021-09-19,12.0,16.0,19.0,20.0,21.0,23.0,25.0,27.0,29.0,31.0,32.0,36.0,42.0,inferred
Mole Valley,2021-09-20,19.0,24.0,28.0,29.0,31.0,33.0,36.0,38.0,41.0,43.0,44.0,50.0,57.0,inferred
Mole Valley,2021-09-21,20.0,24.0,28.0,29.0,31.0,33.0,35.0,37.0,40.0,41.0,43.0,48.0,58.0,inferred
Mole Valley,2021-09-22,20.0,24.0,27.0,29.0,30.0,32.0,35.0,37.0,40.0,42.0,43.0,48.0,55.0,inferred
Mole Valley,2021-09-23,18.0,22.9,26.0,27.0,28.0,31.0,33.0,35.0,38.0,40.0,41.0,46.0,53.0,inferred
Mole Valley,2021-09-24,15.0,19.9,23.0,24.0,26.0,28.0,30.0,32.0,34.0,36.0,38.0,42.0,49.0,inferred
Mole Valley,2021-09-25,12.0,17.0,20.0,21.0,22.0,24.0,26.0,28.0,30.0,31.0,32.0,37.0,44.0,inferred
Mole Valley,2021-09-26,14.0,17.0,20.0,21.0,22.0,24.0,26.0,28.0,30.0,32.0,33.0,38.0,45.0,inferred
Mole Valley,2021-09-27,19.0,24.0,28.0,29.0,31.0,33.0,35.0,38.0,40.0,41.0,43.0,49.0,57.0,inferred
Mole Valley,2021-09-28,20.0,24.0,27.0,29.0,30.0,32.0,35.0,38.0,40.0,42.0,43.0,48.0,55.0,inferred
Mole Valley,2021-09-29,19.0,24.0,28.0,29.0,31.0,33.0,36.0,38.0,40.0,42.0,44.0,48.0,57.0,inferred
Mole Valley,2021-09-30,18.5,24.0,27.0,28.0,29.0,32.0,34.0,36.0,38.0,40.0,42.0,47.0,55.0,inferred
Mole Valley,2021-10-01,17.0,22.0,25.0,26.0,28.0,30.0,32.0,35.0,37.3,39.0,41.0,45.0,52.0,inferred
Mole Valley,2021-10-02,14.0,18.0,22.0,23.0,24.0,26.0,28.0,30.0,33.0,34.0,36.0,40.0,47.0,inferred
Mole Valley,2021-10-03,14.0,20.0,23.0,24.0,25.0,27.0,29.0,32.0,34.0,36.0,37.0,41.0,48.0,inferred
Mole Valley,2021-10-04,23.0,28.0,32.0,33.0,35.0,37.0,39.0,42.0,45.0,46.0,48.0,53.0,62.0,inferred
Mole Valley,2021-10-05,22.0,27.0,31.0,33.0,34.0,37.0,39.0,42.0,44.0,46.0,48.0,53.0,60.0,inferred
Mole Valley,2021-10-06,23.0,29.0,33.0,34.0,36.0,38.0,40.0,43.0,45.0,47.0,49.0,54.0,63.0,inferred
Mole Valley,2021-10-07,23.0,29.0,32.0,34.0,35.0,37.0,40.0,43.0,45.0,47.0,49.0,54.0,62.0,inferred
Mole Valley,2021-10-08,22.0,27.0,31.0,33.0,34.0,36.0,39.0,41.0,44.0,45.0,47.0,52.0,61.0,inferred
Mole Valley,2021-10-09,18.0,23.0,27.0,28.0,29.0,31.0,34.0,36.0,39.0,41.0,42.2,47.0,55.0,inferred
Mole Valley,2021-10-10,21.0,26.0,29.0,31.0,32.0,34.0,37.0,39.0,42.0,43.0,45.0,50.0,56.0,inferred
Mole Valley,2021-10-11,32.0,37.0,42.0,43.0,45.0,48.0,51.0,54.0,57.0,59.0,61.0,68.0,77.5,inferred
Mole Valley,2021-10-12,32.0,38.0,42.0,44.0,46.0,48.0,51.0,54.0,57.0,58.0,60.0,66.0,74.0,inferred
Mole Valley,2021-10-13,31.0,38.0,42.0,44.0,46.0,49.0,52.0,55.0,58.0,60.0,62.0,70.0,78.5,inferred
Mole Valley,2021-10-14,31.0,37.0,42.0,44.0,45.0,49.0,51.0,55.0,58.0,60.0,62.0,67.0,78.0,inferred
Mole Valley,2021-10-15,28.0,34.0,38.8,40.0,42.0,45.0,47.0,50.0,54.0,56.0,58.0,64.0,73.5,inferred
Monmouthshire,2021-07-03,4.0,6.0,8.0,9.0,9.0,11.0,12.0,13.0,15.0,15.0,16.0,19.0,24.0,inferred
Monmouthshire,2021-07-04,5.0,7.0,9.0,10.0,10.0,12.0,13.0,14.0,16.0,17.0,18.0,20.0,25.0,inferred
Monmouthshire,2021-07-05,7.0,11.0,13.0,14.0,15.0,16.0,18.0,20.0,22.0,23.0,24.0,27.0,32.5,inferred
Monmouthshire,2021-07-06,8.0,12.0,14.0,15.0,16.0,18.0,19.0,21.0,23.0,24.0,25.0,28.0,34.0,inferred
Monmouthshire,2021-07-07,9.0,12.0,15.0,16.0,17.0,18.0,20.0,21.0,23.0,24.0,26.0,29.0,35.0,inferred
Monmouthshire,2021-07-08,9.5,13.0,15.0,16.0,17.0,18.0,20.0,22.0,24.0,25.0,26.0,29.0,35.0,inferred
Monmouthshire,2021-07-09,8.0,11.0,13.0,14.0,15.0,17.0,18.5,20.0,22.0,23.0,25.0,28.0,33.0,inferred
Monmouthshire,2021-07-10,7.0,9.0,12.0,13.0,13.0,15.0,16.0,18.0,20.0,21.0,22.0,25.0,31.0,inferred
Monmouthshire,2021-07-11,7.0,10.0,13.0,14.0,14.0,16.0,17.0,19.0,21.0,22.0,23.0,27.0,31.0,inferred
Monmouthshire,2021-07-12,13.0,17.0,19.0,20.0,21.0,24.0,25.0,27.0,29.0,31.0,32.0,36.0,43.0,inferred
Monmouthshire,2021-07-13,13.0,17.0,20.0,21.0,22.0,25.0,26.0,28.0,31.0,32.0,33.0,37.0,43.0,inferred
Monmouthshire,2021-07-14,12.0,16.0,19.0,20.0,21.0,23.0,25.0,27.0,29.0,30.0,32.0,36.0,42.0,inferred
Monmouthshire,2021-07-15,12.0,15.0,18.0,19.0,20.0,22.0,23.0,25.0,27.0,29.0,30.0,34.0,40.0,inferred
Monmouthshire,2021-07-16,9.0,12.0,15.0,16.0,16.0,18.0,20.0,22.0,23.0,24.0,25.0,29.0,35.0,inferred
Monmouthshire,2021-07-17,6.0,9.0,11.0,12.0,13.0,15.0,16.0,18.0,20.0,21.0,22.0,25.0,30.0,inferred
Monmouthshire,2021-07-18,6.0,9.0,11.0,12.0,12.0,14.0,16.0,17.0,19.0,20.0,21.0,24.0,29.5,inferred
Monmouthshire,2021-07-19,10.0,13.0,16.0,17.0,17.0,19.0,21.0,23.0,25.0,26.0,27.0,31.0,36.0,inferred
Monmouthshire,2021-07-20,9.0,12.0,15.0,16.0,17.0,18.0,20.0,22.0,24.0,25.0,26.0,30.0,36.0,inferred
Monmouthshire,2021-07-21,9.0,12.0,14.0,15.0,16.0,18.0,19.0,21.0,23.0,24.0,25.0,29.0,34.0,inferred
Monmouthshire,2021-07-22,7.0,11.0,13.0,14.0,15.0,16.0,18.0,20.0,22.0,23.0,24.0,27.0,32.0,inferred
Monmouthshire,2021-07-23,6.0,9.0,11.0,12.0,13.0,14.0,16.0,17.0,19.0,20.0,21.0,24.0,30.0,inferred
Monmouthshire,2021-07-24,4.0,7.0,9.0,9.0,10.0,11.0,13.0,14.0,16.0,17.0,18.0,21.0,27.0,inferred
Monmouthshire,2021-07-25,4.0,7.0,9.0,9.0,10.0,11.0,13.0,14.0,15.3,16.0,17.0,20.0,26.0,inferred
Monmouthshire,2021-07-26,7.0,10.0,12.0,13.0,14.0,16.0,17.0,19.0,21.0,21.2,23.0,26.0,32.0,inferred
Monmouthshire,2021-07-27,6.0,10.0,12.0,13.0,14.0,15.0,17.0,18.0,20.0,21.0,22.0,26.0,31.0,inferred
Monmouthshire,2021-07-28,7.0,10.0,13.0,13.0,14.0,16.0,17.0,19.0,21.0,22.0,23.0,27.0,33.0,inferred
Monmouthshire,2021-07-29,7.0,9.0,11.0,12.0,13.0,15.0,17.0,18.0,20.0,21.0,22.0,25.0,31.0,inferred
Monmouthshire,2021-07-30,6.0,9.0,10.0,11.0,12.0,13.0,15.0,16.0,17.0,19.0,20.0,23.0,29.0,inferred
Monmouthshire,2021-07-31,4.0,7.0,9.0,9.0,10.0,12.0,13.0,14.0,16.0,17.0,18.0,21.0,25.0,inferred
Monmouthshire,2021-08-01,4.0,7.0,9.0,9.0,10.0,12.0,13.0,14.0,16.0,17.0,18.2,21.0,26.0,inferred
Monmouthshire,2021-08-02,8.0,11.0,13.0,14.0,15.0,17.0,18.0,20.0,22.0,23.0,24.0,28.0,33.0,inferred
Monmouthshire,2021-08-03,8.5,12.0,14.0,15.0,16.0,17.0,19.0,21.0,23.0,24.0,25.0,29.0,35.0,inferred
Monmouthshire,2021-08-04,8.0,12.0,15.0,16.0,16.0,18.0,20.0,21.0,23.0,24.0,26.0,29.0,35.0,inferred
Monmouthshire,2021-08-05,9.0,12.0,14.0,15.0,16.0,18.0,20.0,22.0,23.0,24.0,25.0,29.0,35.0,inferred
Monmouthshire,2021-08-06,7.0,11.0,13.0,14.0,15.0,17.0,18.0,20.0,22.0,23.0,24.0,27.0,33.0,inferred
Monmouthshire,2021-08-07,6.0,9.0,11.0,12.0,13.0,14.0,16.0,17.0,19.0,20.0,21.0,24.0,29.5,inferred
Monmouthshire,2021-08-08,7.0,9.0,11.0,12.0,13.0,15.0,16.0,18.0,20.0,21.0,22.0,25.0,30.0,inferred
Monmouthshire,2021-08-09,11.0,15.0,18.0,19.0,20.0,22.0,24.0,26.0,28.0,29.0,30.0,33.1,39.0,inferred
Monmouthshire,2021-08-10,12.0,16.0,18.0,19.0,20.0,22.0,24.0,27.0,29.0,30.0,31.0,35.0,41.0,inferred
Monmouthshire,2021-08-11,14.0,17.9,21.0,22.0,23.0,24.0,27.0,29.0,31.0,32.0,33.0,37.0,42.5,inferred
Monmouthshire,2021-08-12,14.0,18.0,21.0,23.0,24.0,26.0,28.0,30.0,32.0,33.0,35.0,39.0,46.0,inferred
Monmouthshire,2021-08-13,14.0,17.0,20.0,22.0,23.0,25.0,26.0,29.0,31.0,32.0,33.0,37.0,43.0,inferred
Monmouthshire,2021-08-14,12.0,16.0,19.0,20.0,21.0,23.0,24.0,27.0,29.0,30.0,31.0,34.0,41.5,inferred
Monmouthshire,2021-08-15,13.0,17.0,20.0,21.0,22.0,24.0,26.0,28.0,31.0,32.0,33.0,37.0,43.0,inferred
Monmouthshire,2021-08-16,23.0,27.0,31.0,33.0,34.0,36.0,39.0,41.0,44.0,45.0,47.0,52.0,59.0,inferred
Monmouthshire,2021-08-17,24.0,29.0,32.0,34.0,35.0,38.0,40.0,43.0,46.0,48.0,49.0,54.0,64.0,inferred
Monmouthshire,2021-08-18,23.0,29.0,32.0,34.0,36.0,38.0,40.0,43.0,45.0,47.0,49.0,53.0,62.0,inferred
Monmouthshire,2021-08-19,23.0,28.0,32.0,33.0,35.0,37.0,40.0,42.0,44.0,46.0,48.0,52.0,60.5,inferred
Monmouthshire,2021-08-20,19.0,24.0,28.0,29.0,30.0,33.0,35.0,38.0,40.0,42.0,43.0,47.0,54.0,inferred
Monmouthshire,2021-08-21,15.0,20.0,23.0,25.0,26.0,28.0,30.0,32.0,34.0,35.0,36.0,40.1,47.0,inferred
Monmouthshire,2021-08-22,16.0,20.0,23.0,24.0,26.0,28.0,30.0,32.0,34.0,36.0,37.0,41.0,48.0,inferred
Monmouthshire,2021-08-23,24.0,29.9,33.0,35.0,36.0,39.0,41.0,44.0,47.0,48.2,50.0,55.0,63.0,inferred
Monmouthshire,2021-08-24,24.0,30.0,34.0,36.0,37.0,39.6,42.0,45.0,48.0,49.0,51.0,56.0,63.5,inferred
Monmouthshire,2021-08-25,24.0,29.9,33.0,35.0,36.0,38.0,40.5,43.0,46.0,48.0,50.0,55.0,62.0,inferred
Monmouthshire,2021-08-26,24.0,29.0,33.0,34.0,35.0,38.0,40.0,42.0,45.0,46.0,48.0,53.0,60.0,inferred
Monmouthshire,2021-08-27,20.0,24.0,28.0,29.0,31.0,33.0,35.0,37.0,40.0,41.0,43.0,48.0,56.0,inferred
Monmouthshire,2021-08-28,16.0,20.0,23.0,25.0,26.0,28.0,30.0,32.0,34.0,36.0,37.0,42.0,48.0,inferred
Monmouthshire,2021-08-29,16.0,21.0,24.0,25.0,26.0,28.0,30.0,33.0,35.0,36.0,38.0,42.0,50.0,inferred
Monmouthshire,2021-08-30,25.0,31.0,35.0,36.0,38.0,40.0,42.0,45.0,48.0,49.0,51.0,56.0,64.5,inferred
Monmouthshire,2021-08-31,25.0,31.0,34.0,36.0,37.0,40.0,42.0,45.0,47.0,50.0,51.0,56.0,64.0,inferred
Monmouthshire,2021-09-01,24.5,30.0,34.0,35.0,37.0,39.0,42.0,44.0,47.0,49.0,51.0,56.0,63.0,inferred
Monmouthshire,2021-09-02,22.0,28.0,32.0,33.0,35.0,37.0,39.0,42.0,44.0,46.0,48.0,53.0,60.0,inferred
Monmouthshire,2021-09-03,18.0,23.9,27.0,28.0,29.0,32.0,34.0,36.0,38.0,40.0,41.0,46.0,54.0,inferred
Monmouthshire,2021-09-04,15.0,19.0,22.0,23.0,24.0,26.0,28.0,30.0,33.0,34.0,35.0,40.0,45.0,inferred
Monmouthshire,2021-09-05,14.0,18.0,21.0,22.0,23.0,25.0,27.0,29.0,31.0,33.0,34.0,38.0,44.0,inferred
Monmouthshire,2021-09-06,21.0,26.0,29.0,30.0,32.0,34.0,36.0,39.0,41.0,43.0,44.0,48.1,56.0,inferred
Monmouthshire,2021-09-07,20.0,25.0,29.0,30.0,31.0,34.0,36.0,38.0,41.0,42.0,44.0,49.0,55.5,inferred
Monmouthshire,2021-09-08,20.0,25.0,28.0,30.0,31.0,33.0,35.0,37.0,40.0,41.0,43.0,48.0,55.0,inferred
Monmouthshire,2021-09-09,19.0,24.0,27.0,28.0,29.0,31.0,33.0,36.0,38.0,40.0,42.0,46.0,52.0,inferred
Monmouthshire,2021-09-10,15.0,20.0,23.0,24.0,25.0,27.0,30.0,32.0,34.0,35.0,37.0,41.0,47.0,inferred
Monmouthshire,2021-09-11,12.0,16.0,19.0,20.0,21.0,23.0,25.0,27.0,29.0,30.0,32.0,35.0,41.0,inferred
Monmouthshire,2021-09-12,12.0,16.0,19.0,20.0,21.0,23.0,25.0,27.0,29.0,30.0,32.0,36.0,42.0,inferred
Monmouthshire,2021-09-13,20.0,24.0,27.0,29.0,30.0,32.0,35.0,37.0,39.0,41.0,42.0,47.0,55.5,inferred
Monmouthshire,2021-09-14,21.0,25.0,29.0,30.0,32.0,34.0,37.0,39.0,42.0,43.0,45.0,49.0,56.0,inferred
Monmouthshire,2021-09-15,22.0,28.0,32.0,33.0,35.0,37.0,39.0,41.0,44.0,45.0,47.0,52.0,60.0,inferred
Monmouthshire,2021-09-16,24.5,30.0,33.0,34.0,36.0,39.0,41.0,44.0,46.0,48.0,50.0,55.0,63.0,inferred
Monmouthshire,2021-09-17,24.0,29.0,32.0,34.0,35.0,37.0,40.0,42.0,44.0,45.0,47.0,52.0,60.0,inferred
Monmouthshire,2021-09-18,22.0,26.0,30.0,31.0,33.0,35.0,37.0,39.0,42.0,44.0,46.0,50.0,57.0,inferred
Monmouthshire,2021-09-19,23.0,29.0,33.0,34.0,35.0,38.0,40.0,42.0,45.0,46.0,48.2,53.0,61.0,inferred
Monmouthshire,2021-09-20,38.0,45.0,50.0,52.0,53.0,56.0,59.0,62.0,66.0,68.0,70.0,77.0,87.0,inferred
Monmouthshire,2021-09-21,39.5,47.0,52.0,53.0,55.0,59.0,62.0,65.0,68.0,70.0,72.2,78.0,86.5,inferred
Monmouthshire,2021-09-22,39.0,46.0,51.0,53.0,54.0,58.0,61.0,64.0,67.0,69.0,72.0,78.0,87.0,inferred
Monmouthshire,2021-09-23,36.0,43.0,47.0,49.0,51.0,54.0,57.0,60.0,63.0,64.0,66.0,72.0,80.0,inferred
Monmouthshire,2021-09-24,31.0,37.0,42.0,43.0,44.0,47.0,50.0,52.0,55.0,57.0,59.0,64.0,72.0,inferred
Monmouthshire,2021-09-25,23.0,29.0,33.0,35.0,36.0,39.0,41.0,43.0,46.0,48.0,50.0,54.0,62.0,inferred
Monmouthshire,2021-09-26,23.0,29.0,32.0,33.0,35.0,37.0,40.0,43.0,45.0,47.0,48.0,53.0,60.0,inferred
Monmouthshire,2021-09-27,34.0,40.0,44.0,46.0,48.0,51.0,53.0,56.0,60.0,62.0,64.0,69.0,78.5,inferred
Monmouthshire,2021-09-28,34.0,40.0,44.0,46.0,48.0,50.0,53.0,56.0,59.0,61.0,62.2,69.0,77.0,inferred
Monmouthshire,2021-09-29,34.0,40.0,44.0,46.0,47.0,50.0,53.0,56.0,59.0,61.0,63.0,68.0,77.0,inferred
Monmouthshire,2021-09-30,31.0,38.0,43.0,44.0,45.0,48.0,51.0,54.0,57.0,58.0,60.0,66.0,75.0,inferred
Monmouthshire,2021-10-01,28.0,33.0,37.0,39.0,40.0,43.0,45.0,48.0,51.0,53.0,54.0,59.0,67.0,inferred
Monmouthshire,2021-10-02,23.0,28.0,32.0,34.0,35.0,37.0,40.0,42.0,45.0,46.2,48.0,52.0,60.0,inferred
Monmouthshire,2021-10-03,23.5,29.0,32.0,34.0,35.0,38.0,40.0,43.0,45.0,47.0,49.0,53.0,61.0,inferred
Monmouthshire,2021-10-04,35.0,42.0,46.0,48.0,50.0,53.0,56.0,59.0,63.0,64.0,67.0,72.0,81.5,inferred
Monmouthshire,2021-10-05,38.0,44.0,49.0,51.0,52.0,56.0,59.0,62.0,65.0,66.0,68.0,74.1,84.5,inferred
Monmouthshire,2021-10-06,41.0,47.0,52.0,54.0,55.0,59.0,62.0,65.0,68.0,70.0,72.0,78.0,86.0,inferred
Monmouthshire,2021-10-07,42.0,49.0,53.0,56.0,57.0,60.6,63.0,66.0,69.0,71.0,73.0,79.0,88.0,inferred
Monmouthshire,2021-10-08,39.0,45.0,50.0,51.0,53.0,56.0,59.0,62.0,66.0,67.0,69.0,75.0,83.0,inferred
Monmouthshire,2021-10-09,34.5,40.0,44.0,46.0,48.0,50.0,53.0,55.0,59.0,60.0,62.0,68.0,76.0,inferred
Monmouthshire,2021-10-10,36.0,43.0,47.0,49.0,51.0,53.0,56.0,59.0,62.0,64.0,67.0,72.0,82.5,inferred
Monmouthshire,2021-10-11,58.0,66.0,71.0,73.0,75.0,79.0,82.0,86.0,90.0,92.0,95.0,101.0,111.0,inferred
Monmouthshire,2021-10-12,63.5,73.0,80.0,82.0,83.7,87.0,92.0,95.0,99.0,102.0,104.0,111.0,121.0,inferred
Monmouthshire,2021-10-13,72.5,83.0,89.0,92.0,94.0,98.0,101.0,105.4,111.0,113.0,116.0,123.1,136.0,inferred
Monmouthshire,2021-10-14,78.0,90.0,96.0,99.0,101.0,106.0,110.0,114.0,119.0,122.0,126.0,134.0,151.0,inferred
Monmouthshire,2021-10-15,76.0,88.0,95.0,98.0,100.0,106.0,110.0,115.0,121.0,124.0,127.0,134.0,149.0,inferred
Moray,2021-07-03,99.5,139.0,172.0,183.0,194.0,217.0,242.0,267.4,292.0,305.0,324.2,376.0,471.5,inferred
Moray,2021-07-04,83.5,127.0,160.0,171.0,182.0,202.0,222.0,247.0,276.0,293.2,308.0,353.0,453.0,inferred
Moray,2021-07-05,66.5,100.0,126.0,137.0,145.0,163.0,184.0,205.0,234.0,249.0,270.0,323.0,424.0,inferred
Moray,2021-07-06,77.0,113.9,138.0,149.0,159.7,179.0,202.0,227.4,258.3,276.0,296.0,343.1,438.5,inferred
Moray,2021-07-07,89.0,127.0,163.0,176.8,187.0,211.0,235.0,256.0,286.0,302.2,322.0,376.0,460.5,inferred
Moray,2021-07-08,64.5,100.0,131.0,141.0,150.0,168.0,189.0,209.4,232.0,246.0,267.0,319.0,406.0,inferred
Moray,2021-07-09,64.0,100.9,126.0,140.0,150.0,171.0,192.5,217.0,244.0,261.0,276.0,327.1,419.6,inferred
Moray,2021-07-10,89.0,123.0,150.0,165.0,176.0,199.0,222.5,248.4,277.0,293.0,313.0,366.1,456.0,inferred
Moray,2021-07-11,70.0,103.0,137.0,151.0,162.0,184.0,205.0,228.0,259.0,275.0,290.2,345.1,447.0,inferred
Moray,2021-07-12,50.0,81.9,110.0,121.0,131.0,152.0,170.0,192.0,215.0,231.0,247.0,294.0,366.0,inferred
Moray,2021-07-13,61.0,86.0,115.0,126.0,138.0,156.0,176.0,199.0,224.3,240.0,253.0,303.0,387.6,inferred
Moray,2021-07-14,62.5,100.0,127.0,137.0,148.0,169.0,191.0,214.0,242.0,256.0,276.2,330.2,415.5,inferred
Moray,2021-07-15,46.0,72.0,96.0,104.0,112.0,131.0,152.0,174.0,197.0,211.0,227.0,273.1,365.6,inferred
Moray,2021-07-16,43.0,69.0,90.8,100.0,110.0,128.0,150.0,171.0,195.0,208.0,222.0,272.0,351.5,inferred
Moray,2021-07-17,48.5,79.9,107.0,117.0,128.0,145.0,166.0,186.4,211.0,230.0,248.2,298.0,378.5,inferred
Moray,2021-07-18,37.0,69.0,92.0,101.0,110.0,128.6,149.0,168.0,191.0,204.0,220.0,262.0,334.5,inferred
Moray,2021-07-19,23.0,45.9,65.0,75.0,83.0,98.6,115.0,132.0,154.3,167.0,182.0,224.0,297.5,inferred
Moray,2021-07-20,27.5,51.0,72.0,80.0,89.0,104.0,120.0,140.0,162.0,175.0,189.0,239.0,303.5,inferred
Moray,2021-07-21,31.0,54.0,74.0,82.8,93.0,110.0,129.0,149.0,170.3,183.0,198.2,240.0,322.0,inferred
Moray,2021-07-22,20.0,41.0,57.0,65.0,72.0,87.0,103.0,119.0,140.0,153.0,167.0,202.0,282.0,inferred
Moray,2021-07-23,19.0,39.0,55.0,61.0,68.0,81.0,97.0,112.0,130.0,140.0,152.2,200.2,269.0,inferred
Moray,2021-07-24,25.0,44.0,62.0,69.0,75.0,91.0,105.5,123.0,140.0,153.0,167.0,212.0,275.5,inferred
Moray,2021-07-25,17.0,33.0,51.0,57.0,63.0,76.0,89.5,107.0,127.3,137.0,149.0,188.0,265.0,inferred
Moray,2021-07-26,10.5,24.0,36.8,42.0,48.0,59.0,72.0,85.0,104.0,114.0,126.0,163.0,224.0,inferred
Moray,2021-07-27,11.0,27.0,39.0,44.0,50.0,62.0,75.0,89.0,107.0,119.0,131.0,166.1,230.5,inferred
Moray,2021-07-28,15.5,32.9,47.8,54.0,60.0,74.0,87.0,103.0,121.0,131.0,143.0,186.0,257.0,inferred
Moray,2021-07-29,10.0,24.0,35.0,41.0,46.7,56.0,69.0,83.0,100.0,109.2,121.0,148.1,222.0,inferred
Moray,2021-07-30,11.0,25.0,37.0,44.0,49.0,61.0,73.0,88.0,106.0,117.0,127.2,162.0,224.0,inferred
Moray,2021-07-31,17.0,33.0,47.0,53.0,59.0,72.0,86.0,102.0,121.0,131.0,146.2,188.1,248.6,inferred
Moray,2021-08-01,14.0,27.0,42.0,48.0,55.0,68.0,83.0,96.0,112.3,126.0,139.0,175.1,251.5,inferred
Moray,2021-08-02,10.0,21.0,31.0,38.0,43.0,53.0,65.0,80.0,95.0,104.0,115.2,151.1,212.0,inferred
Moray,2021-08-03,10.0,23.0,36.0,43.0,48.0,60.0,73.0,88.0,106.0,117.2,131.0,166.0,225.6,inferred
Moray,2021-08-04,16.0,31.0,46.0,53.0,61.0,75.0,88.0,105.0,123.0,132.0,144.0,181.0,251.6,inferred
Moray,2021-08-05,12.0,23.0,36.0,43.0,50.0,61.0,71.5,84.0,99.3,109.0,121.0,161.1,222.5,inferred
Moray,2021-08-06,13.0,28.0,39.0,45.0,53.0,65.0,77.0,92.0,112.0,122.0,136.0,172.1,234.6,inferred
Moray,2021-08-07,21.0,36.0,52.0,58.0,64.0,78.0,92.0,107.0,128.0,140.0,154.0,192.0,265.5,inferred
Moray,2021-08-08,14.0,30.9,47.0,54.0,61.0,76.0,91.0,107.0,125.0,137.0,152.0,197.1,273.0,inferred
Moray,2021-08-09,9.5,23.0,38.0,44.0,50.0,63.0,75.0,90.0,106.0,115.0,126.0,160.0,232.0,inferred
Moray,2021-08-10,13.0,29.0,47.0,54.0,60.0,73.0,88.0,103.0,121.0,130.2,143.0,184.0,259.0,inferred
Moray,2021-08-11,20.5,38.0,54.8,62.0,70.0,85.0,100.0,117.0,137.0,150.2,166.0,206.0,275.0,inferred
Moray,2021-08-12,16.0,32.0,48.0,53.0,60.0,72.0,86.0,103.0,121.3,133.0,146.0,182.0,250.5,inferred
Moray,2021-08-13,18.5,35.0,51.0,59.0,66.0,81.0,94.0,109.0,129.0,142.0,154.2,194.0,267.0,inferred
Moray,2021-08-14,28.0,50.0,69.0,78.0,86.0,100.0,118.0,135.4,157.0,168.2,181.0,228.0,296.5,inferred
Moray,2021-08-15,27.0,50.0,66.0,72.0,80.7,100.0,116.0,132.0,153.0,166.0,181.2,228.0,316.5,inferred
Moray,2021-08-16,21.0,38.0,57.0,64.0,71.0,86.0,102.0,119.0,137.3,148.0,160.2,198.0,266.0,inferred
Moray,2021-08-17,26.0,51.0,67.0,78.0,84.0,99.0,115.0,134.0,156.0,169.0,182.0,223.1,287.5,inferred
Moray,2021-08-18,42.0,70.0,93.0,103.0,110.7,128.0,146.0,164.0,187.0,201.0,220.0,267.0,361.5,inferred
Moray,2021-08-19,34.0,60.0,81.0,90.0,98.7,115.0,135.0,154.0,177.0,193.0,209.0,257.1,344.6,inferred
Moray,2021-08-20,42.0,71.0,94.0,104.0,112.0,130.0,147.0,166.0,189.0,203.0,218.0,263.1,355.0,inferred
Moray,2021-08-21,63.5,98.0,127.0,140.0,149.7,170.0,192.0,216.0,243.3,259.0,274.0,326.1,412.5,inferred
Moray,2021-08-22,65.5,102.0,131.0,142.0,150.7,175.0,196.0,222.0,250.0,265.0,283.2,331.1,428.6,inferred
Moray,2021-08-23,55.0,88.9,116.0,128.0,140.0,161.0,180.0,203.0,228.3,241.2,256.2,305.0,399.6,inferred
Moray,2021-08-24,69.0,110.0,141.8,154.0,165.7,188.0,212.0,238.0,265.3,284.0,302.4,354.1,443.0,inferred
Moray,2021-08-25,102.0,147.9,179.0,195.0,207.0,232.6,261.0,289.4,324.0,340.0,360.0,415.0,524.0,inferred
Moray,2021-08-26,86.5,129.0,162.0,174.0,185.0,208.6,233.0,259.0,286.0,303.0,325.0,373.0,470.0,inferred
Moray,2021-08-27,104.5,147.0,184.0,197.0,209.0,236.0,264.0,292.4,323.0,339.0,357.2,418.0,505.6,inferred
Moray,2021-08-28,148.5,210.0,245.8,263.0,283.0,311.0,337.5,364.0,394.0,414.2,435.2,494.1,606.5,inferred
Moray,2021-08-29,155.0,208.0,244.0,259.0,275.0,305.0,334.5,365.0,398.3,420.0,444.2,504.2,624.0,inferred
Moray,2021-08-30,135.0,184.0,223.0,238.0,253.0,280.0,307.0,338.0,369.0,391.0,413.0,467.0,603.0,inferred
Moray,2021-08-31,159.5,203.0,247.0,264.0,282.0,311.0,340.0,375.0,410.3,432.0,454.0,525.0,638.6,inferred
Moray,2021-09-01,204.4,262.0,305.0,324.8,340.7,372.0,411.0,445.4,485.3,506.2,529.0,599.0,710.6,inferred
Moray,2021-09-02,154.9,217.0,257.0,273.0,289.0,317.0,346.0,377.0,410.0,430.0,451.0,506.1,636.5,inferred
Moray,2021-09-03,173.9,236.9,276.8,298.0,311.0,344.0,375.0,409.0,448.3,473.2,497.2,556.0,653.0,inferred
Moray,2021-09-04,233.5,297.9,344.0,362.8,382.0,414.6,451.5,484.0,523.0,546.0,571.2,644.0,774.7,inferred
Moray,2021-09-05,206.5,281.0,330.0,349.0,367.0,400.0,429.0,460.0,501.0,525.2,550.0,622.0,764.0,inferred
Moray,2021-09-06,172.0,233.9,279.0,293.0,310.0,343.0,375.0,406.0,441.0,465.2,488.0,555.1,685.5,inferred
Moray,2021-09-07,184.9,254.0,297.0,312.8,330.0,364.6,396.0,433.0,472.0,499.0,522.0,594.1,715.6,inferred
Moray,2021-09-08,224.5,284.0,326.8,342.8,361.0,392.0,428.0,467.4,507.0,531.0,557.0,621.2,735.3,inferred
Moray,2021-09-09,152.5,207.0,248.0,263.0,277.0,307.0,337.0,367.0,396.3,416.0,441.0,508.0,616.5,inferred
Moray,2021-09-10,148.0,198.0,234.0,252.0,265.0,293.0,321.0,348.0,385.0,403.0,424.2,489.0,618.6,inferred
Moray,2021-09-11,156.5,211.0,253.0,267.8,281.0,313.6,341.0,370.4,404.3,423.2,450.0,512.0,628.0,inferred
Moray,2021-09-12,125.5,178.0,213.8,229.0,243.0,266.0,292.5,324.0,360.0,379.2,401.0,463.0,571.0,inferred
Moray,2021-09-13,90.0,123.0,154.0,167.8,182.0,205.0,229.0,255.0,284.3,301.0,321.0,374.1,467.0,inferred
Moray,2021-09-14,94.5,134.9,164.0,177.0,190.0,215.0,241.0,265.0,292.0,308.0,327.0,380.0,483.0,inferred
Moray,2021-09-15,108.0,151.0,179.0,197.0,212.0,237.0,264.5,288.4,319.0,340.0,361.0,421.1,520.5,inferred
Moray,2021-09-16,82.0,115.0,144.0,156.0,165.7,187.0,212.0,231.0,262.0,279.0,297.0,343.1,435.6,inferred
Moray,2021-09-17,77.0,113.0,144.0,156.0,167.0,190.0,210.0,232.0,257.0,274.0,295.2,353.0,441.5,inferred
Moray,2021-09-18,95.0,135.0,169.0,184.0,197.0,221.0,244.0,271.0,303.0,319.2,339.0,384.0,503.7,inferred
Moray,2021-09-19,86.0,122.0,153.8,165.0,177.0,196.0,215.5,239.0,266.0,284.2,305.2,354.0,448.1,inferred
Moray,2021-09-20,59.0,90.0,116.0,127.8,139.0,163.0,183.5,205.0,231.3,248.0,264.2,313.0,399.5,inferred
Moray,2021-09-21,65.0,98.9,128.0,140.0,154.0,175.0,195.0,218.0,241.0,258.2,283.0,327.0,408.6,inferred
Moray,2021-09-22,82.5,125.0,154.0,167.8,182.0,205.0,230.0,257.0,289.0,309.0,326.0,384.1,478.5,inferred
Moray,2021-09-23,69.5,103.0,125.0,139.0,151.0,172.0,195.0,217.0,241.0,256.0,271.0,324.1,407.1,inferred
Moray,2021-09-24,76.0,113.0,142.0,155.0,165.7,188.0,212.5,236.0,264.0,280.0,296.2,344.0,433.0,inferred
Moray,2021-09-25,102.0,147.0,178.0,192.0,206.0,234.0,256.0,283.4,313.0,329.2,350.2,406.0,499.5,inferred
Moray,2021-09-26,95.0,138.0,174.0,187.0,199.0,223.0,250.0,276.0,305.0,320.0,336.0,390.0,496.5,inferred
Moray,2021-09-27,72.0,113.0,148.0,160.0,172.7,196.0,220.0,243.0,270.0,286.0,305.0,361.0,449.6,inferred
Moray,2021-09-28,83.0,127.9,160.0,176.8,187.0,209.0,234.0,262.0,292.3,311.0,331.0,390.0,493.5,inferred
Moray,2021-09-29,118.0,164.0,204.0,220.0,231.0,258.0,286.5,312.4,343.0,361.0,381.0,444.0,540.5,inferred
Moray,2021-09-30,93.5,132.0,162.0,177.0,190.0,211.0,233.0,259.0,290.0,308.0,327.0,382.1,469.5,inferred
Moray,2021-10-01,106.0,145.0,175.0,188.8,202.0,223.0,249.0,273.0,303.0,320.0,339.0,400.1,490.5,inferred
Moray,2021-10-02,131.5,176.0,212.8,226.0,242.7,270.6,298.0,324.4,355.3,374.0,396.0,451.0,542.0,inferred
Moray,2021-10-03,116.5,164.0,195.0,209.0,223.0,252.6,279.0,301.4,333.0,351.0,377.0,431.0,534.6,inferred
Moray,2021-10-04,97.5,135.0,165.0,178.0,187.0,213.0,240.0,267.0,300.0,320.0,340.0,392.1,491.5,inferred
Moray,2021-10-05,105.5,148.0,183.0,198.0,213.0,234.0,259.0,287.4,316.0,333.0,356.0,410.0,502.0,inferred
Moray,2021-10-06,132.0,185.0,224.0,240.0,255.0,284.0,309.0,337.0,372.0,390.0,410.0,471.0,590.5,inferred
Moray,2021-10-07,102.5,148.0,179.0,192.0,208.0,234.0,262.0,286.0,321.0,338.2,358.0,412.1,509.6,inferred
Moray,2021-10-08,110.5,150.0,183.0,195.0,212.0,237.0,262.5,291.4,323.0,338.2,360.0,408.0,527.5,inferred
Moray,2021-10-09,139.5,189.0,227.8,245.0,261.0,290.0,317.0,343.0,376.0,394.0,416.0,480.0,581.5,inferred
Moray,2021-10-10,124.5,174.0,210.0,225.8,241.0,265.0,292.0,320.0,352.0,371.0,392.2,457.1,554.0,inferred
Moray,2021-10-11,98.0,143.0,179.0,191.0,202.0,229.0,256.0,285.0,315.0,332.0,348.2,403.0,493.1,inferred
Moray,2021-10-12,109.4,159.0,195.8,208.0,222.0,251.0,279.0,307.0,338.0,356.2,379.2,442.1,547.0,inferred
Moray,2021-10-13,142.0,193.0,231.0,251.8,268.7,296.0,322.0,352.0,384.3,405.2,431.2,498.0,622.5,inferred
Moray,2021-10-14,113.0,155.0,194.0,210.0,225.0,252.0,279.0,304.0,340.3,360.0,382.0,446.3,545.0,inferred
Moray,2021-10-15,118.5,168.0,206.0,223.8,241.0,275.0,303.5,333.0,376.0,395.0,419.0,496.0,627.1,inferred
Na h-Eileanan Siar,2021-07-03,0.0,0.0,0.0,0.0,0.0,0.0,1.0,1.0,2.0,2.0,3.0,4.0,7.0,inferred
Na h-Eileanan Siar,2021-07-04,0.0,0.0,0.0,0.0,0.0,1.0,1.0,1.0,2.0,2.0,3.0,5.0,8.0,inferred
Na h-Eileanan Siar,2021-07-05,0.0,0.0,0.0,0.0,0.0,0.0,1.0,1.0,2.0,2.0,3.0,4.0,7.0,inferred
Na h-Eileanan Siar,2021-07-06,0.0,0.0,0.0,0.0,0.0,1.0,1.0,1.0,2.0,2.0,3.0,4.0,8.0,inferred
Na h-Eileanan Siar,2021-07-07,0.0,0.0,0.0,0.0,1.0,1.0,1.0,2.0,3.0,3.0,4.0,5.0,9.0,inferred
Na h-Eileanan Siar,2021-07-08,0.0,0.0,0.0,0.0,0.0,1.0,1.0,2.0,2.0,3.0,3.0,5.0,8.0,inferred
Na h-Eileanan Siar,2021-07-09,0.0,0.0,0.0,0.0,0.0,1.0,1.0,2.0,2.0,3.0,3.0,5.0,8.0,inferred
Na h-Eileanan Siar,2021-07-10,0.0,0.0,0.0,0.0,1.0,1.0,1.5,2.0,3.0,3.0,4.0,5.0,9.0,inferred
Na h-Eileanan Siar,2021-07-11,0.0,0.0,0.0,0.0,1.0,1.0,2.0,2.0,3.0,3.0,4.0,5.0,9.0,inferred
Na h-Eileanan Siar,2021-07-12,0.0,0.0,0.0,0.0,0.0,1.0,1.0,2.0,3.0,3.0,4.0,5.0,9.0,inferred
Na h-Eileanan Siar,2021-07-13,0.0,0.0,0.0,0.0,1.0,1.0,2.0,2.0,3.0,3.0,4.0,6.0,9.0,inferred
Na h-Eileanan Siar,2021-07-14,0.0,0.0,0.0,1.0,1.0,1.0,2.0,3.0,4.0,4.0,5.0,7.0,10.0,inferred
Na h-Eileanan Siar,2021-07-15,0.0,0.0,0.0,1.0,1.0,1.0,2.0,2.0,3.0,4.0,4.0,6.0,10.0,inferred
Na h-Eileanan Siar,2021-07-16,0.0,0.0,0.0,1.0,1.0,2.0,2.0,3.0,4.0,4.0,5.0,7.0,11.0,inferred
Na h-Eileanan Siar,2021-07-17,0.0,0.0,1.0,1.0,1.0,2.0,3.0,4.0,5.0,5.0,6.0,8.0,12.0,inferred
Na h-Eileanan Siar,2021-07-18,0.0,0.0,1.0,1.0,1.0,2.0,3.0,4.0,5.0,5.0,6.0,8.0,12.0,inferred
Na h-Eileanan Siar,2021-07-19,0.0,0.0,1.0,1.0,1.0,2.0,3.0,3.0,4.0,5.0,5.0,7.0,11.0,inferred
Na h-Eileanan Siar,2021-07-20,0.0,0.0,1.0,1.0,2.0,2.0,3.0,4.0,5.0,6.0,7.0,9.0,14.0,inferred
Na h-Eileanan Siar,2021-07-21,0.0,1.0,1.0,2.0,2.0,3.0,4.0,5.0,6.0,6.0,7.0,10.0,15.0,inferred
Na h-Eileanan Siar,2021-07-22,0.0,0.0,1.0,1.0,2.0,2.0,3.0,4.0,5.0,6.0,7.0,9.0,13.0,inferred
Na h-Eileanan Siar,2021-07-23,0.0,1.0,1.0,2.0,2.0,3.0,4.0,4.0,5.0,6.0,7.0,9.0,13.0,inferred
Na h-Eileanan Siar,2021-07-24,0.0,1.0,2.0,2.0,3.0,4.0,5.0,6.0,7.0,7.0,8.0,11.0,15.0,inferred
Na h-Eileanan Siar,2021-07-25,0.0,1.0,2.0,2.0,3.0,3.0,4.0,5.0,6.0,7.0,8.0,10.0,14.5,inferred
Na h-Eileanan Siar,2021-07-26,0.0,1.0,1.0,2.0,2.0,3.0,4.0,5.0,6.0,6.0,7.0,10.0,14.0,inferred
Na h-Eileanan Siar,2021-07-27,0.0,1.0,2.0,2.0,2.0,3.0,4.0,5.0,6.0,7.0,7.0,10.0,14.0,inferred
Na h-Eileanan Siar,2021-07-28,0.0,1.0,2.0,2.0,3.0,4.0,5.0,6.0,7.0,8.0,8.0,11.0,15.0,inferred
Na h-Eileanan Siar,2021-07-29,0.0,1.0,1.0,2.0,2.0,3.0,4.0,5.0,6.0,6.0,7.0,10.0,14.0,inferred
Na h-Eileanan Siar,2021-07-30,0.0,1.0,1.0,2.0,2.0,3.0,4.0,5.0,6.0,7.0,7.0,10.0,14.0,inferred
Na h-Eileanan Siar,2021-07-31,0.0,1.0,2.0,2.0,2.0,3.0,4.0,5.0,6.0,7.0,8.0,10.0,14.5,inferred
Na h-Eileanan Siar,2021-08-01,0.0,1.0,2.0,2.0,2.0,3.0,4.0,5.0,6.0,7.0,8.0,10.0,15.0,inferred
Na h-Eileanan Siar,2021-08-02,0.0,0.0,1.0,1.0,2.0,2.0,3.0,4.0,5.0,6.0,7.0,9.0,13.0,inferred
Na h-Eileanan Siar,2021-08-03,0.0,1.0,1.0,2.0,2.0,3.0,3.0,4.0,5.0,6.0,7.0,9.0,13.0,inferred
Na h-Eileanan Siar,2021-08-04,0.0,1.0,2.0,2.0,2.0,3.0,4.0,5.0,6.0,6.0,7.0,10.0,14.0,inferred
Na h-Eileanan Siar,2021-08-05,0.0,0.0,1.0,1.0,2.0,2.0,3.0,4.0,5.0,5.0,6.0,8.0,11.0,inferred
Na h-Eileanan Siar,2021-08-06,0.0,0.0,1.0,1.0,2.0,2.0,3.0,4.0,5.0,6.0,7.0,9.0,13.0,inferred
Na h-Eileanan Siar,2021-08-07,0.0,1.0,1.0,2.0,2.0,3.0,4.0,4.0,6.0,6.0,7.0,10.0,14.0,inferred
Na h-Eileanan Siar,2021-08-08,0.0,0.0,1.0,1.0,2.0,3.0,3.0,4.0,5.0,6.0,7.0,9.0,13.0,inferred
Na h-Eileanan Siar,2021-08-09,0.0,0.0,1.0,1.0,1.0,2.0,3.0,3.0,4.0,5.0,6.0,8.0,11.0,inferred
Na h-Eileanan Siar,2021-08-10,0.0,0.0,1.0,1.0,2.0,2.0,3.0,4.0,4.0,5.0,6.0,8.0,11.5,inferred
Na h-Eileanan Siar,2021-08-11,0.0,0.0,1.0,2.0,2.0,3.0,4.0,4.0,5.0,6.0,7.0,9.0,13.0,inferred
Na h-Eileanan Siar,2021-08-12,0.0,0.0,1.0,1.0,2.0,2.0,3.0,4.0,5.0,5.0,6.0,8.1,12.0,inferred
Na h-Eileanan Siar,2021-08-13,0.0,0.0,1.0,2.0,2.0,3.0,3.0,4.0,5.0,6.0,7.0,9.0,13.0,inferred
Na h-Eileanan Siar,2021-08-14,0.0,1.0,2.0,2.0,3.0,3.0,4.0,5.0,6.0,7.0,8.0,10.0,15.0,inferred
Na h-Eileanan Siar,2021-08-15,0.0,1.0,1.0,2.0,2.0,3.0,4.0,5.0,6.0,7.0,7.0,10.0,14.0,inferred
Na h-Eileanan Siar,2021-08-16,0.0,0.0,1.0,2.0,2.0,3.0,3.0,4.0,5.0,6.0,7.0,9.0,12.0,inferred
Na h-Eileanan Siar,2021-08-17,0.0,1.0,1.0,2.0,2.0,3.0,4.0,5.0,6.0,6.0,7.0,10.0,14.0,inferred
Na h-Eileanan Siar,2021-08-18,0.0,1.0,2.0,3.0,3.0,4.0,5.0,6.0,7.0,8.0,8.0,11.0,16.0,inferred
Na h-Eileanan Siar,2021-08-19,0.0,1.0,2.0,2.0,2.0,3.0,4.0,5.0,6.0,7.0,8.0,10.0,15.0,inferred
Na h-Eileanan Siar,2021-08-20,0.0,1.0,2.0,2.0,3.0,4.0,4.0,5.0,7.0,7.0,8.0,11.0,15.0,inferred
Na h-Eileanan Siar,2021-08-21,0.0,2.0,2.0,3.0,4.0,5.0,5.0,6.0,8.0,9.0,9.0,12.0,17.0,inferred
Na h-Eileanan Siar,2021-08-22,0.0,1.0,2.0,3.0,3.0,4.0,5.0,6.0,7.0,8.0,9.0,11.0,16.5,inferred
Na h-Eileanan Siar,2021-08-23,0.0,1.0,2.0,2.0,3.0,4.0,4.0,6.0,7.0,7.0,8.0,10.0,15.0,inferred
Na h-Eileanan Siar,2021-08-24,0.0,1.0,2.0,3.0,3.0,4.0,5.0,6.0,7.0,8.0,9.0,12.0,17.0,inferred
Na h-Eileanan Siar,2021-08-25,0.0,2.0,3.0,4.0,4.0,5.0,6.0,7.0,9.0,9.0,10.0,14.0,18.0,inferred
Na h-Eileanan Siar,2021-08-26,0.0,1.0,3.0,3.0,3.0,4.0,5.0,6.0,7.3,8.0,9.0,12.0,16.5,inferred
Na h-Eileanan Siar,2021-08-27,0.0,1.0,3.0,3.0,4.0,4.0,6.0,7.0,8.0,9.0,10.0,13.0,18.0,inferred
Na h-Eileanan Siar,2021-08-28,1.0,2.0,3.0,4.0,5.0,5.0,7.0,8.0,9.0,10.0,11.0,14.0,18.5,inferred
Na h-Eileanan Siar,2021-08-29,0.5,2.0,3.0,4.0,4.0,5.0,6.0,7.0,9.0,9.0,10.0,13.0,17.0,inferred
Na h-Eileanan Siar,2021-08-30,0.0,1.0,3.0,3.0,3.0,4.0,5.0,6.0,8.0,9.0,9.0,12.0,16.0,inferred
Na h-Eileanan Siar,2021-08-31,0.0,2.0,3.0,3.0,4.0,5.0,6.0,7.0,8.0,9.0,10.0,12.0,17.0,inferred
Na h-Eileanan Siar,2021-09-01,1.0,2.0,4.0,4.0,5.0,6.0,7.0,8.0,9.0,10.0,11.0,13.0,18.0,inferred
Na h-Eileanan Siar,2021-09-02,0.0,2.0,3.0,3.0,4.0,5.0,6.0,6.0,8.0,8.0,9.0,12.0,17.0,inferred
Na h-Eileanan Siar,2021-09-03,0.0,2.0,3.0,3.0,3.0,4.0,5.0,6.0,8.0,8.0,9.0,12.0,17.0,inferred
Na h-Eileanan Siar,2021-09-04,1.0,2.0,3.0,4.0,4.0,5.0,6.0,8.0,9.0,10.0,11.0,14.0,18.0,inferred
Na h-Eileanan Siar,2021-09-05,0.5,2.0,3.0,3.0,4.0,5.0,6.0,7.0,8.0,9.0,10.0,12.0,17.0,inferred
Na h-Eileanan Siar,2021-09-06,0.0,1.0,2.0,2.0,3.0,4.0,5.0,6.0,7.0,8.0,8.0,11.0,15.0,inferred
Na h-Eileanan Siar,2021-09-07,0.0,1.0,2.0,3.0,3.0,4.0,5.0,6.0,7.0,8.0,9.0,11.0,16.5,inferred
Na h-Eileanan Siar,2021-09-08,0.0,1.0,3.0,3.0,4.0,5.0,6.0,7.0,8.0,9.0,10.0,12.0,17.0,inferred
Na h-Eileanan Siar,2021-09-09,0.0,1.0,2.0,2.0,3.0,4.0,5.0,6.0,7.0,7.0,8.0,11.0,15.0,inferred
Na h-Eileanan Siar,2021-09-10,0.0,1.0,2.0,2.0,3.0,3.0,4.0,5.0,6.0,7.0,8.0,10.0,15.0,inferred
Na h-Eileanan Siar,2021-09-11,0.0,1.0,2.0,3.0,3.0,4.0,5.0,6.0,8.0,9.0,9.0,12.0,16.0,inferred
Na h-Eileanan Siar,2021-09-12,0.0,1.0,2.0,2.0,3.0,4.0,5.0,6.0,7.0,8.0,9.0,11.0,16.0,inferred
Na h-Eileanan Siar,2021-09-13,0.0,1.0,1.0,2.0,2.0,3.0,4.0,5.0,6.0,6.0,7.0,9.0,13.5,inferred
Na h-Eileanan Siar,2021-09-14,0.0,1.0,2.0,2.0,2.0,3.0,4.0,5.0,6.0,6.0,7.0,10.0,14.0,inferred
Na h-Eileanan Siar,2021-09-15,0.0,1.0,2.0,3.0,3.0,4.0,5.0,6.0,7.0,8.0,8.2,11.0,15.0,inferred
Na h-Eileanan Siar,2021-09-16,0.0,1.0,2.0,2.0,2.0,3.0,4.0,5.0,6.0,6.0,7.0,10.0,14.0,inferred
Na h-Eileanan Siar,2021-09-17,0.0,1.0,2.0,2.0,3.0,3.0,4.0,5.0,6.0,7.0,8.0,10.0,15.0,inferred
Na h-Eileanan Siar,2021-09-18,0.0,1.0,2.0,3.0,3.0,4.0,5.0,6.0,7.0,8.0,9.0,12.0,18.0,inferred
Na h-Eileanan Siar,2021-09-19,0.0,1.0,2.0,3.0,3.0,4.0,5.0,6.0,7.0,8.0,9.0,12.0,16.0,inferred
Na h-Eileanan Siar,2021-09-20,0.0,1.0,2.0,2.0,3.0,3.0,4.0,5.0,6.0,7.0,8.0,11.0,14.0,inferred
Na h-Eileanan Siar,2021-09-21,0.0,1.0,2.0,3.0,3.0,4.0,5.0,6.0,7.0,8.0,9.0,11.0,16.0,inferred
Na h-Eileanan Siar,2021-09-22,0.0,2.0,3.0,4.0,4.0,5.0,6.0,7.4,9.0,10.0,11.0,14.0,20.0,inferred
Na h-Eileanan Siar,2021-09-23,1.0,2.0,3.0,3.0,4.0,5.0,5.5,7.0,8.0,9.0,9.0,12.0,16.5,inferred
Na h-Eileanan Siar,2021-09-24,1.0,2.0,3.0,3.0,4.0,5.0,6.0,7.0,8.0,9.0,10.0,13.0,17.0,inferred
Na h-Eileanan Siar,2021-09-25,1.0,3.0,4.0,5.0,5.0,6.0,7.0,9.0,10.0,11.0,12.0,15.0,20.0,inferred
Na h-Eileanan Siar,2021-09-26,1.0,2.0,4.0,4.0,5.0,6.0,7.0,8.0,10.0,11.0,12.0,14.0,20.0,inferred
Na h-Eileanan Siar,2021-09-27,1.0,2.0,4.0,4.0,4.0,5.0,7.0,8.0,9.0,10.0,11.0,14.0,18.5,inferred
Na h-Eileanan Siar,2021-09-28,1.0,2.0,4.0,4.0,5.0,6.0,7.0,9.0,10.0,11.0,12.0,14.0,20.0,inferred
Na h-Eileanan Siar,2021-09-29,1.0,3.0,5.0,5.0,6.0,7.0,9.0,10.0,12.0,13.0,14.0,17.0,22.0,inferred
Na h-Eileanan Siar,2021-09-30,1.0,2.0,4.0,4.0,5.0,6.0,7.0,8.0,10.0,11.0,11.0,14.0,19.0,inferred
Na h-Eileanan Siar,2021-10-01,1.0,2.0,4.0,4.0,5.0,6.0,7.0,9.0,10.0,11.0,12.0,14.1,21.0,inferred
Na h-Eileanan Siar,2021-10-02,1.0,3.0,5.0,5.0,6.0,7.0,8.0,10.0,11.3,12.0,13.0,16.0,22.0,inferred
Na h-Eileanan Siar,2021-10-03,1.0,3.0,4.0,5.0,5.0,6.0,8.0,9.0,10.0,11.0,12.0,15.0,21.0,inferred
Na h-Eileanan Siar,2021-10-04,0.0,2.0,3.0,4.0,4.0,5.0,6.0,7.0,9.0,10.0,10.2,13.0,17.0,inferred
Na h-Eileanan Siar,2021-10-05,1.0,2.0,3.0,4.0,4.0,5.0,6.0,8.0,9.0,10.0,11.0,14.0,19.0,inferred
Na h-Eileanan Siar,2021-10-06,1.0,3.0,4.0,4.0,5.0,6.0,7.0,9.0,10.0,11.0,12.0,14.0,20.0,inferred
Na h-Eileanan Siar,2021-10-07,0.0,2.0,3.0,3.0,4.0,5.0,6.0,7.0,8.0,9.0,10.0,12.0,17.0,inferred
Na h-Eileanan Siar,2021-10-08,0.0,1.0,3.0,3.0,3.0,5.0,6.0,7.0,8.0,9.0,10.0,12.0,18.0,inferred
Na h-Eileanan Siar,2021-10-09,1.0,2.0,3.0,4.0,4.0,5.0,6.0,7.0,9.0,10.0,11.0,13.0,18.5,inferred
Na h-Eileanan Siar,2021-10-10,0.0,1.0,3.0,3.0,4.0,5.0,6.0,7.0,8.0,9.0,10.0,12.0,17.0,inferred
Na h-Eileanan Siar,2021-10-11,0.0,1.0,2.0,2.8,3.0,4.0,5.0,6.0,7.0,7.0,8.0,11.0,16.0,inferred
Na h-Eileanan Siar,2021-10-12,0.0,1.0,2.0,2.0,3.0,4.0,5.0,6.0,7.0,8.0,9.0,11.0,15.0,inferred
Na h-Eileanan Siar,2021-10-13,0.0,1.0,2.0,3.0,3.0,4.0,5.0,6.0,8.0,9.0,9.2,12.0,17.0,inferred
Na h-Eileanan Siar,2021-10-14,0.0,1.0,2.0,2.0,3.0,3.0,4.0,5.0,6.0,7.0,8.0,10.0,16.0,inferred
Na h-Eileanan Siar,2021-10-15,0.0,1.0,2.0,2.0,2.0,3.0,4.0,5.0,7.0,7.0,8.0,11.0,17.0,inferred
Neath Port Talbot,2021-07-03,4.0,6.0,8.0,9.0,9.0,11.0,12.0,13.0,15.0,16.0,17.0,19.0,23.0,inferred
Neath Port Talbot,2021-07-04,5.0,7.9,9.0,10.0,10.0,12.0,13.0,14.0,15.0,16.0,17.0,20.0,25.0,inferred
Neath Port Talbot,2021-07-05,9.0,12.0,14.0,15.0,16.0,17.0,19.0,20.0,22.0,23.0,24.0,27.0,33.0,inferred
Neath Port Talbot,2021-07-06,9.0,12.0,14.0,15.0,16.0,18.0,19.0,21.0,22.0,23.2,25.0,28.0,34.0,inferred
Neath Port Talbot,2021-07-07,9.0,12.0,15.0,16.0,16.0,18.0,19.0,21.0,23.0,24.0,25.0,28.0,34.0,inferred
Neath Port Talbot,2021-07-08,9.0,12.0,14.0,15.0,16.0,17.0,19.0,21.0,23.0,24.0,25.0,29.0,34.5,inferred
Neath Port Talbot,2021-07-09,7.0,11.0,13.0,14.0,15.0,17.0,18.0,19.0,21.0,22.0,23.0,26.0,33.0,inferred
Neath Port Talbot,2021-07-10,6.0,9.0,11.0,12.0,13.0,14.0,16.0,17.0,19.0,20.0,21.0,24.0,30.0,inferred
Neath Port Talbot,2021-07-11,6.0,9.0,12.0,13.0,13.7,15.0,17.0,18.0,20.0,21.0,22.0,25.0,31.0,inferred
Neath Port Talbot,2021-07-12,11.0,15.0,18.0,19.0,20.0,22.0,24.0,26.0,28.0,30.0,31.0,35.0,43.0,inferred
Neath Port Talbot,2021-07-13,13.0,16.0,19.0,20.0,21.0,23.0,25.0,27.0,29.0,31.0,32.0,36.0,43.0,inferred
Neath Port Talbot,2021-07-14,13.0,16.0,19.0,20.0,21.0,23.0,25.0,27.0,29.0,30.0,32.0,36.0,42.0,inferred
Neath Port Talbot,2021-07-15,11.0,15.0,18.0,19.0,20.0,22.0,24.0,26.0,28.0,29.0,30.0,35.0,41.0,inferred
Neath Port Talbot,2021-07-16,10.0,13.0,16.0,17.0,17.0,19.0,21.0,23.0,25.0,26.0,27.0,31.0,37.0,inferred
Neath Port Talbot,2021-07-17,8.0,11.0,13.0,14.0,15.0,16.0,18.0,19.0,22.0,23.0,24.0,27.0,33.0,inferred
Neath Port Talbot,2021-07-18,8.0,11.0,12.0,13.0,14.0,16.0,17.0,19.0,21.0,22.0,23.0,27.0,32.0,inferred
Neath Port Talbot,2021-07-19,12.0,16.0,19.0,20.0,21.0,23.0,24.0,26.0,29.0,30.0,31.0,35.0,42.0,inferred
Neath Port Talbot,2021-07-20,12.0,16.0,19.0,20.0,21.0,23.0,25.0,27.0,29.0,30.0,31.2,36.0,43.0,inferred
Neath Port Talbot,2021-07-21,12.0,16.0,19.0,20.0,21.0,23.0,24.0,26.0,29.0,30.0,31.0,35.0,41.0,inferred
Neath Port Talbot,2021-07-22,12.0,15.0,18.0,19.0,20.0,22.0,24.0,25.0,27.0,29.0,30.0,34.0,40.0,inferred
Neath Port Talbot,2021-07-23,10.0,13.0,16.0,17.0,17.0,19.0,21.0,23.0,25.0,26.0,27.0,31.0,37.0,inferred
Neath Port Talbot,2021-07-24,8.0,11.0,13.0,14.0,15.0,16.0,18.0,20.0,21.0,22.0,23.0,27.0,33.5,inferred
Neath Port Talbot,2021-07-25,7.0,11.0,13.0,14.0,15.0,16.0,18.0,20.0,21.0,23.0,24.0,27.0,33.0,inferred
Neath Port Talbot,2021-07-26,12.5,17.0,19.0,21.0,22.0,24.0,25.0,27.0,29.0,30.0,32.0,36.0,42.0,inferred
Neath Port Talbot,2021-07-27,12.0,16.9,19.0,20.0,21.0,23.0,25.0,27.0,29.0,31.0,32.2,37.0,44.0,inferred
Neath Port Talbot,2021-07-28,13.0,17.0,20.0,21.0,22.0,23.0,26.0,28.0,30.0,31.0,33.0,37.0,43.0,inferred
Neath Port Talbot,2021-07-29,12.0,16.0,19.0,20.0,21.0,23.0,25.0,27.0,29.0,31.0,32.0,35.0,42.0,inferred
Neath Port Talbot,2021-07-30,11.0,14.0,17.0,18.0,19.0,21.0,23.0,24.0,27.0,28.0,29.0,33.0,40.0,inferred
Neath Port Talbot,2021-07-31,9.0,12.0,15.0,15.0,16.0,18.0,19.0,21.0,23.0,24.0,25.0,28.0,34.0,inferred
Neath Port Talbot,2021-08-01,9.0,12.0,14.0,15.0,16.0,18.0,20.0,22.0,23.0,24.0,26.0,29.0,34.0,inferred
Neath Port Talbot,2021-08-02,13.5,18.0,22.0,23.0,23.0,26.0,28.0,30.0,32.0,33.0,35.0,39.0,46.0,inferred
Neath Port Talbot,2021-08-03,15.0,19.0,23.0,24.0,25.0,27.0,29.0,31.0,33.0,34.0,36.0,41.0,48.0,inferred
Neath Port Talbot,2021-08-04,17.0,21.0,24.0,26.0,26.0,29.0,31.0,33.0,36.0,37.0,38.0,42.0,49.0,inferred
Neath Port Talbot,2021-08-05,17.0,22.0,25.0,26.0,28.0,30.0,32.0,34.0,37.0,38.0,40.0,44.0,51.0,inferred
Neath Port Talbot,2021-08-06,17.0,21.0,24.0,25.0,26.0,28.0,30.0,32.0,35.0,36.0,37.0,41.0,48.0,inferred
Neath Port Talbot,2021-08-07,14.0,18.0,21.0,23.0,24.0,26.0,28.0,30.0,32.0,33.0,35.0,39.0,47.0,inferred
Neath Port Talbot,2021-08-08,15.5,20.0,23.0,24.0,25.0,27.0,29.0,32.0,34.0,36.0,37.0,42.0,49.0,inferred
Neath Port Talbot,2021-08-09,26.0,32.0,36.0,37.0,39.0,41.6,44.0,46.0,49.0,51.0,53.0,58.0,66.0,inferred
Neath Port Talbot,2021-08-10,29.5,35.0,40.0,41.0,43.0,46.0,48.0,51.0,54.0,55.0,57.0,63.0,72.0,inferred
Neath Port Talbot,2021-08-11,34.0,41.0,45.0,46.0,48.0,51.0,54.0,57.0,60.0,62.0,64.0,70.0,80.0,inferred
Neath Port Talbot,2021-08-12,37.0,43.0,47.0,49.0,51.0,54.0,58.0,60.0,64.0,65.0,68.0,73.0,84.0,inferred
Neath Port Talbot,2021-08-13,37.0,43.0,48.0,49.0,51.0,54.0,57.0,59.0,63.0,64.0,66.0,72.0,80.0,inferred
Neath Port Talbot,2021-08-14,34.0,40.0,44.0,46.0,47.0,51.0,54.0,57.0,60.0,62.0,64.0,69.0,76.5,inferred
Neath Port Talbot,2021-08-15,38.5,45.0,50.0,52.0,53.0,57.0,60.0,63.0,66.0,68.0,70.0,75.0,85.0,inferred
Neath Port Talbot,2021-08-16,63.0,72.0,78.0,80.0,83.0,87.0,90.0,94.0,99.0,101.0,104.0,111.0,124.0,inferred
Neath Port Talbot,2021-08-17,71.0,78.0,84.0,87.0,89.0,93.0,97.0,101.0,106.0,109.0,112.0,119.0,131.5,inferred
Neath Port Talbot,2021-08-18,73.0,83.0,90.0,93.0,95.0,98.0,102.0,106.0,111.0,113.0,117.0,124.0,136.0,inferred
Neath Port Talbot,2021-08-19,75.0,84.0,91.0,93.0,95.0,99.0,103.0,107.0,111.0,114.0,117.0,125.0,136.5,inferred
Neath Port Talbot,2021-08-20,68.0,77.0,84.0,86.0,88.0,92.0,96.0,99.0,103.0,105.0,108.0,115.0,127.0,inferred
Neath Port Talbot,2021-08-21,58.0,68.0,73.0,75.0,77.0,81.0,85.0,88.0,92.0,94.0,97.0,103.0,113.0,inferred
Neath Port Talbot,2021-08-22,63.0,72.0,78.0,80.0,82.0,86.0,89.0,93.0,97.0,100.0,102.0,109.0,120.0,inferred
Neath Port Talbot,2021-08-23,96.0,108.0,115.0,118.0,121.0,125.0,130.0,135.0,140.0,143.0,146.0,155.0,168.0,inferred
Neath Port Talbot,2021-08-24,100.0,113.0,121.0,124.0,126.0,131.0,136.0,140.0,145.0,148.0,151.0,160.0,174.0,inferred
Neath Port Talbot,2021-08-25,103.5,115.0,122.0,125.0,127.0,133.0,137.5,142.0,147.0,150.0,153.0,162.0,174.5,inferred
Neath Port Talbot,2021-08-26,104.0,114.0,121.0,124.0,126.0,131.0,136.0,140.0,144.3,147.0,150.2,159.0,173.0,inferred
Neath Port Talbot,2021-08-27,91.0,102.0,109.0,112.0,115.0,119.0,123.0,127.0,132.0,134.2,137.0,145.0,159.5,inferred
Neath Port Talbot,2021-08-28,80.0,89.0,94.0,97.0,99.0,104.0,107.0,111.0,116.0,118.0,121.0,130.0,142.0,inferred
Neath Port Talbot,2021-08-29,80.0,90.0,97.0,99.0,101.0,105.0,109.0,114.0,118.0,120.0,123.0,130.0,142.0,inferred
Neath Port Talbot,2021-08-30,120.0,132.0,139.0,143.0,145.0,150.0,155.0,160.0,166.0,169.0,173.0,182.0,198.0,inferred
Neath Port Talbot,2021-08-31,122.0,134.0,141.0,144.0,147.0,152.0,158.0,162.0,168.0,171.0,175.0,185.0,201.5,inferred
Neath Port Talbot,2021-09-01,122.0,133.0,143.0,146.0,149.0,153.0,158.0,163.0,168.0,171.0,175.0,183.0,197.5,inferred
Neath Port Talbot,2021-09-02,117.0,128.0,138.0,141.0,144.0,149.0,154.0,159.0,164.0,166.0,170.0,179.0,197.5,inferred
Neath Port Talbot,2021-09-03,104.0,115.0,123.0,126.0,128.0,132.0,137.0,141.0,146.0,149.0,153.0,161.0,174.0,inferred
Neath Port Talbot,2021-09-04,85.5,97.9,104.0,107.0,109.0,114.0,118.0,122.0,126.0,129.0,131.0,139.0,152.5,inferred
Neath Port Talbot,2021-09-05,88.5,98.0,105.0,108.0,110.0,115.0,118.0,122.0,127.0,130.0,133.0,140.1,154.5,inferred
Neath Port Talbot,2021-09-06,126.0,140.0,148.0,151.0,154.0,159.0,164.0,169.0,175.0,179.0,182.0,192.0,209.0,inferred
Neath Port Talbot,2021-09-07,129.5,142.0,150.0,154.0,156.0,161.0,166.0,172.0,177.0,181.0,185.0,194.0,210.0,inferred
Neath Port Talbot,2021-09-08,132.0,142.9,152.0,155.8,159.0,164.0,169.0,174.0,180.0,183.0,187.0,196.0,210.0,inferred
Neath Port Talbot,2021-09-09,128.0,140.0,149.0,152.0,156.0,161.0,166.0,172.0,177.0,180.0,183.0,193.0,207.5,inferred
Neath Port Talbot,2021-09-10,116.0,126.0,133.0,137.0,140.0,144.0,149.0,154.0,159.0,162.0,165.0,172.0,186.5,inferred
Neath Port Talbot,2021-09-11,98.0,109.0,116.0,119.0,121.0,126.0,130.0,134.0,138.0,141.0,144.0,152.0,164.0,inferred
Neath Port Talbot,2021-09-12,101.0,111.9,119.0,122.0,124.0,128.6,133.0,137.0,142.0,144.0,147.2,156.0,169.0,inferred
Neath Port Talbot,2021-09-13,147.0,159.0,170.0,172.0,176.0,182.0,187.0,192.0,198.0,202.0,207.0,216.0,233.0,inferred
Neath Port Talbot,2021-09-14,152.0,165.0,174.0,178.0,182.0,187.0,192.0,198.0,204.0,207.0,211.0,222.0,238.0,inferred
Neath Port Talbot,2021-09-15,155.0,170.0,178.0,182.0,186.0,190.0,196.0,201.0,208.0,211.0,215.0,224.0,242.0,inferred
Neath Port Talbot,2021-09-16,153.0,168.0,177.0,180.0,183.0,189.0,195.0,200.0,207.0,209.0,212.0,222.0,241.0,inferred
Neath Port Talbot,2021-09-17,140.0,154.0,162.0,165.0,168.0,174.0,178.0,182.0,188.0,191.0,194.0,204.0,218.0,inferred
Neath Port Talbot,2021-09-18,122.0,133.0,141.0,144.0,146.0,152.0,156.0,161.0,167.0,169.0,173.0,182.0,194.0,inferred
Neath Port Talbot,2021-09-19,125.0,137.0,144.0,147.0,150.0,155.0,159.0,164.0,170.0,173.0,177.0,185.0,201.0,inferred
Neath Port Talbot,2021-09-20,183.0,198.0,208.0,211.8,215.0,221.0,227.0,233.0,240.0,244.0,247.0,259.0,277.0,inferred
Neath Port Talbot,2021-09-21,180.5,195.0,205.0,208.8,212.0,219.0,225.0,231.0,238.0,242.0,245.0,256.0,274.0,inferred
Neath Port Talbot,2021-09-22,167.0,183.0,193.0,196.0,200.0,205.0,211.0,216.0,223.0,226.0,231.0,242.0,257.0,inferred
Neath Port Talbot,2021-09-23,150.0,162.0,171.0,175.0,178.0,184.0,189.0,194.4,201.0,204.0,208.0,218.0,234.0,inferred
Neath Port Talbot,2021-09-24,121.0,132.0,140.0,143.0,146.0,150.0,156.0,161.0,166.0,170.0,173.0,181.0,193.0,inferred
Neath Port Talbot,2021-09-25,93.0,104.0,110.0,113.0,115.0,119.0,124.0,128.0,133.0,135.0,138.0,146.0,158.0,inferred
Neath Port Talbot,2021-09-26,85.5,94.0,102.0,105.0,107.0,111.0,115.0,119.0,123.0,126.0,129.0,136.0,148.5,inferred
Neath Port Talbot,2021-09-27,113.0,125.0,133.0,136.0,138.0,143.0,148.0,153.0,158.0,161.0,164.0,174.0,188.0,inferred
Neath Port Talbot,2021-09-28,108.5,118.0,126.0,129.0,132.0,137.0,142.0,146.0,152.0,155.0,158.0,167.0,180.5,inferred
Neath Port Talbot,2021-09-29,102.0,112.0,119.0,122.0,125.0,130.0,134.0,139.0,144.0,146.0,150.0,158.0,169.0,inferred
Neath Port Talbot,2021-09-30,94.0,105.0,113.0,115.0,118.0,122.0,126.0,130.0,135.0,138.0,141.0,148.0,161.0,inferred
Neath Port Talbot,2021-10-01,78.0,88.0,95.0,97.0,100.0,104.0,108.0,112.0,117.0,119.0,122.0,129.0,141.0,inferred
Neath Port Talbot,2021-10-02,63.0,73.0,78.0,81.0,83.0,86.0,90.0,93.0,97.0,100.0,102.0,109.0,122.0,inferred
Neath Port Talbot,2021-10-03,61.0,70.0,76.0,78.0,80.0,84.0,87.0,90.0,93.0,96.0,99.0,106.0,118.5,inferred
Neath Port Talbot,2021-10-04,87.0,98.0,105.0,107.0,110.0,114.0,118.0,123.0,127.0,131.0,134.0,143.0,157.0,inferred
Neath Port Talbot,2021-10-05,87.0,97.0,104.0,107.0,109.0,114.0,118.0,123.0,127.0,130.0,132.0,140.0,154.5,inferred
Neath Port Talbot,2021-10-06,88.0,97.0,104.0,106.0,109.0,113.0,118.0,123.0,127.0,130.0,132.0,141.1,155.0,inferred
Neath Port Talbot,2021-10-07,84.0,95.0,101.0,104.0,106.0,110.0,114.0,118.0,123.0,126.0,129.0,136.1,148.0,inferred
Neath Port Talbot,2021-10-08,73.0,83.0,89.0,92.0,94.0,98.0,102.0,106.0,111.0,113.0,115.0,123.0,136.5,inferred
Neath Port Talbot,2021-10-09,62.0,70.0,77.0,79.0,81.0,85.0,89.0,92.0,97.0,99.0,101.0,108.1,119.0,inferred
Neath Port Talbot,2021-10-10,63.0,72.0,78.0,80.0,82.0,86.0,90.0,93.0,98.0,100.0,103.0,110.0,121.5,inferred
Neath Port Talbot,2021-10-11,93.0,103.9,112.0,115.0,119.0,123.0,128.0,133.0,138.0,141.0,144.0,153.0,167.0,inferred
Neath Port Talbot,2021-10-12,109.0,120.0,128.0,131.0,133.7,138.0,144.0,149.0,155.0,157.0,160.0,169.0,184.5,inferred
Neath Port Talbot,2021-10-13,131.0,143.0,152.0,155.0,159.0,164.0,169.0,175.0,181.0,184.0,187.0,198.0,211.5,inferred
Neath Port Talbot,2021-10-14,147.0,163.0,173.0,177.0,181.7,188.0,195.0,201.0,209.0,213.0,217.0,229.0,249.0,inferred
Neath Port Talbot,2021-10-15,149.0,168.0,178.0,182.0,187.0,194.0,202.0,209.0,217.3,222.2,228.0,242.0,264.0,inferred
New Forest,2021-07-03,18.0,23.0,25.0,26.0,28.0,29.0,31.0,33.0,35.0,36.0,38.0,42.0,49.0,inferred
New Forest,2021-07-04,20.0,25.0,28.0,30.0,31.0,33.0,35.0,37.0,39.0,40.0,42.0,46.0,53.0,inferred
New Forest,2021-07-05,35.0,40.0,44.0,45.0,46.0,49.0,51.0,53.0,56.0,57.0,59.0,64.0,71.0,inferred
New Forest,2021-07-06,36.0,42.0,45.0,47.0,49.0,51.0,53.0,56.0,58.0,60.0,62.0,66.0,73.0,inferred
New Forest,2021-07-07,42.0,47.0,51.0,53.0,54.0,56.0,59.0,61.0,64.0,66.0,68.0,72.0,80.0,inferred
New Forest,2021-07-08,43.0,48.0,53.0,54.0,56.0,58.0,61.0,63.0,67.0,68.0,70.0,74.0,82.0,inferred
New Forest,2021-07-09,45.0,51.0,55.0,56.0,58.0,60.0,63.0,65.0,68.0,70.0,71.0,76.0,85.0,inferred
New Forest,2021-07-10,42.0,47.0,51.0,53.0,54.0,56.0,59.0,61.0,64.0,66.0,68.0,73.0,80.0,inferred
New Forest,2021-07-11,47.0,54.0,58.0,60.0,61.0,64.0,67.0,70.0,73.0,75.0,77.0,82.0,89.5,inferred
New Forest,2021-07-12,74.0,82.0,87.0,89.0,91.0,95.0,99.0,102.0,106.0,108.0,110.0,117.0,125.5,inferred
New Forest,2021-07-13,74.0,82.0,88.0,91.0,92.0,96.0,99.0,103.0,107.0,110.0,112.0,118.0,128.0,inferred
New Forest,2021-07-14,74.0,82.0,89.0,91.0,93.0,97.0,100.0,104.0,108.0,109.0,111.0,117.0,130.0,inferred
New Forest,2021-07-15,70.0,78.9,83.0,85.0,87.0,90.0,93.0,97.0,100.0,102.2,105.0,111.0,121.0,inferred
New Forest,2021-07-16,62.5,70.0,75.0,77.0,79.0,82.0,86.0,89.0,92.0,94.0,97.0,103.0,112.5,inferred
New Forest,2021-07-17,50.0,58.0,62.0,64.0,66.0,68.0,71.0,74.0,78.0,79.0,81.0,87.0,96.0,inferred
New Forest,2021-07-18,52.0,59.0,63.0,64.0,66.0,68.6,71.0,74.0,77.0,79.0,81.0,86.0,97.0,inferred
New Forest,2021-07-19,69.0,77.0,83.0,85.0,87.0,90.0,93.0,97.0,100.0,102.0,105.0,111.0,123.5,inferred
New Forest,2021-07-20,64.5,72.0,77.0,79.0,81.0,84.0,87.0,90.0,93.0,95.0,97.0,102.0,112.0,inferred
New Forest,2021-07-21,60.0,68.0,74.0,76.0,78.0,81.0,83.0,87.0,90.0,92.0,94.0,100.0,109.5,inferred
New Forest,2021-07-22,53.0,61.0,66.0,67.0,69.0,72.0,75.0,78.0,81.0,83.0,84.0,91.0,101.0,inferred
New Forest,2021-07-23,47.0,53.0,57.0,59.0,61.0,63.0,66.0,69.0,72.0,74.0,76.0,81.0,89.5,inferred
New Forest,2021-07-24,37.0,41.0,46.0,47.0,49.0,51.0,54.0,56.0,59.0,60.0,62.0,67.0,75.0,inferred
New Forest,2021-07-25,35.0,41.0,45.0,46.0,47.0,50.0,52.0,55.0,57.0,59.0,61.0,65.0,74.0,inferred
New Forest,2021-07-26,48.0,55.0,59.0,61.0,62.0,65.0,68.0,71.0,74.0,76.0,78.0,83.0,92.5,inferred
New Forest,2021-07-27,44.0,52.0,56.0,58.0,59.0,62.0,65.0,67.0,70.3,72.0,74.0,80.0,88.5,inferred
New Forest,2021-07-28,47.0,53.0,58.0,59.0,61.0,64.0,66.0,69.0,72.0,74.0,76.0,81.0,90.0,inferred
New Forest,2021-07-29,46.0,51.9,56.0,57.0,59.0,62.0,65.0,67.0,70.0,72.0,74.0,79.0,87.0,inferred
New Forest,2021-07-30,42.0,48.0,52.0,54.0,55.0,58.0,61.0,63.0,66.0,67.0,69.0,74.0,81.0,inferred
New Forest,2021-07-31,35.0,41.0,45.0,46.0,48.0,50.0,52.0,55.0,58.0,59.0,61.0,65.0,73.0,inferred
New Forest,2021-08-01,36.0,42.0,47.0,49.0,50.0,52.0,55.0,57.0,60.0,61.0,63.0,68.0,75.0,inferred
New Forest,2021-08-02,53.0,60.0,65.0,66.8,68.0,71.0,74.0,77.0,81.0,82.0,84.0,90.0,100.0,inferred
New Forest,2021-08-03,50.0,57.0,62.0,64.0,65.0,69.0,72.0,75.0,78.0,80.0,82.0,87.0,97.0,inferred
New Forest,2021-08-04,51.0,58.0,64.0,65.0,67.0,70.0,73.0,75.0,79.0,81.0,83.0,89.0,99.0,inferred
New Forest,2021-08-05,49.0,56.0,60.0,62.0,63.0,66.0,69.0,72.0,75.0,77.0,79.0,84.0,93.0,inferred
New Forest,2021-08-06,44.0,51.0,55.0,56.0,58.0,61.0,64.0,66.0,69.0,71.0,73.0,78.0,86.0,inferred
New Forest,2021-08-07,36.0,42.0,45.0,47.0,48.0,51.0,54.0,56.0,59.0,61.0,63.0,68.0,75.0,inferred
New Forest,2021-08-08,37.0,43.0,46.0,48.0,49.0,52.0,54.0,57.0,60.0,62.0,63.0,69.0,75.0,inferred
New Forest,2021-08-09,52.5,59.0,64.0,66.0,67.0,71.0,74.0,76.0,80.0,82.0,84.0,90.0,100.0,inferred
New Forest,2021-08-10,50.0,57.9,62.0,64.0,65.0,68.0,71.0,74.0,77.0,79.0,81.0,87.0,97.0,inferred
New Forest,2021-08-11,51.0,58.0,63.0,64.0,66.0,69.0,72.0,75.0,78.0,80.0,82.0,88.1,95.0,inferred
New Forest,2021-08-12,48.0,56.0,61.0,62.0,64.0,66.0,69.0,72.0,75.0,77.0,79.0,84.0,92.0,inferred
New Forest,2021-08-13,44.0,52.0,56.0,57.0,59.0,62.0,64.0,67.0,70.0,71.0,73.0,78.0,86.0,inferred
New Forest,2021-08-14,38.0,44.0,47.0,48.8,50.0,53.0,56.0,58.0,60.0,62.0,64.0,69.0,77.0,inferred
New Forest,2021-08-15,40.0,45.0,49.0,51.0,52.7,55.0,58.0,60.0,63.0,64.0,66.0,70.0,78.0,inferred
New Forest,2021-08-16,56.0,63.0,67.0,69.0,71.0,74.0,77.0,80.0,84.0,86.0,88.0,94.0,103.0,inferred
New Forest,2021-08-17,54.0,60.0,65.0,66.0,68.0,71.0,74.0,77.0,80.3,82.0,84.0,91.0,100.0,inferred
New Forest,2021-08-18,52.0,59.0,64.0,65.0,67.0,70.0,73.0,76.0,79.0,82.0,84.0,89.0,99.0,inferred
New Forest,2021-08-19,47.0,53.0,58.0,60.0,62.0,65.0,67.5,70.0,74.0,76.0,78.0,84.0,91.5,inferred
New Forest,2021-08-20,43.0,48.0,52.0,54.0,55.0,58.0,61.0,63.0,66.0,68.0,70.0,74.0,82.0,inferred
New Forest,2021-08-21,34.5,40.0,43.0,45.0,46.0,48.0,51.0,53.0,55.0,56.2,58.0,63.0,71.0,inferred
New Forest,2021-08-22,33.0,39.0,42.0,44.0,45.0,47.0,50.0,52.0,55.0,56.0,58.0,63.0,71.0,inferred
New Forest,2021-08-23,45.0,52.0,57.0,58.0,60.0,63.0,66.0,68.0,71.0,73.0,75.0,80.0,89.0,inferred
New Forest,2021-08-24,43.0,50.0,54.0,56.0,58.0,61.0,63.0,66.0,69.0,71.0,72.0,77.0,86.5,inferred
New Forest,2021-08-25,44.5,51.0,56.0,58.0,59.0,62.0,64.0,67.0,70.0,71.0,73.0,78.0,88.0,inferred
New Forest,2021-08-26,43.0,49.0,54.0,55.0,56.0,59.0,62.0,65.0,68.0,70.0,71.0,76.0,85.0,inferred
New Forest,2021-08-27,40.0,45.9,50.0,51.0,53.0,55.0,58.0,60.0,63.0,65.0,66.0,71.0,79.0,inferred
New Forest,2021-08-28,34.0,39.0,43.0,44.0,46.0,48.0,50.0,53.0,55.0,57.0,59.0,63.0,70.0,inferred
New Forest,2021-08-29,36.0,41.0,45.0,46.0,47.7,50.0,52.0,55.0,58.0,59.0,61.0,65.0,73.0,inferred
New Forest,2021-08-30,50.0,58.0,63.0,64.0,66.0,69.0,72.0,75.0,78.0,80.0,82.0,87.0,95.0,inferred
New Forest,2021-08-31,50.0,56.0,60.0,62.0,64.0,66.0,69.0,72.0,75.0,77.0,79.0,84.0,94.0,inferred
New Forest,2021-09-01,50.0,57.0,61.0,63.0,65.0,68.0,71.0,74.0,77.0,79.0,81.0,86.0,94.0,inferred
New Forest,2021-09-02,47.0,53.9,58.0,59.0,61.0,64.0,66.0,69.0,72.0,74.0,76.0,82.0,89.5,inferred
New Forest,2021-09-03,43.0,49.0,52.0,54.0,56.0,58.0,61.0,64.0,67.0,68.0,70.0,76.0,83.0,inferred
New Forest,2021-09-04,33.0,40.0,44.0,45.0,46.0,49.0,51.0,54.0,56.0,58.0,59.0,64.0,74.0,inferred
New Forest,2021-09-05,35.0,41.0,44.0,46.0,47.0,50.0,52.0,55.0,57.0,59.0,60.0,65.0,73.0,inferred
New Forest,2021-09-06,50.0,56.0,60.0,62.0,63.0,66.0,69.0,72.0,75.0,77.0,79.0,85.0,93.0,inferred
New Forest,2021-09-07,46.0,52.0,57.0,59.0,60.0,63.0,66.0,69.0,72.0,74.0,75.0,80.0,90.0,inferred
New Forest,2021-09-08,44.0,51.0,55.0,57.0,58.0,62.0,64.0,67.0,70.0,72.0,74.0,79.0,85.0,inferred
New Forest,2021-09-09,41.0,47.0,51.0,53.0,54.0,57.0,59.0,62.0,64.0,66.0,68.0,73.0,81.0,inferred
New Forest,2021-09-10,36.0,41.0,46.0,47.0,49.0,51.0,53.0,55.0,58.0,60.0,61.0,66.0,74.0,inferred
New Forest,2021-09-11,28.0,33.0,36.0,38.0,39.0,41.0,43.0,46.0,48.0,50.0,51.0,55.0,62.0,inferred
New Forest,2021-09-12,28.0,33.0,36.8,38.0,39.0,41.0,44.0,45.0,48.0,49.0,50.0,54.0,61.0,inferred
New Forest,2021-09-13,38.0,44.0,49.0,51.0,52.0,55.0,57.0,60.0,63.0,64.0,66.0,71.0,79.0,inferred
New Forest,2021-09-14,37.5,44.0,48.0,49.8,51.0,53.0,56.0,58.0,61.0,63.0,65.0,69.0,76.5,inferred
New Forest,2021-09-15,40.0,45.0,50.0,52.0,53.0,56.0,59.0,62.0,65.0,66.0,68.0,73.0,81.0,inferred
New Forest,2021-09-16,40.0,47.0,51.0,53.0,54.0,56.0,59.0,61.0,64.0,65.0,67.0,72.0,79.0,inferred
New Forest,2021-09-17,39.0,45.0,49.0,51.0,52.0,55.0,58.0,60.0,63.0,64.0,66.0,71.0,79.0,inferred
New Forest,2021-09-18,34.0,40.0,44.0,45.0,46.0,49.0,52.0,54.0,56.0,58.0,60.0,64.0,71.0,inferred
New Forest,2021-09-19,37.0,43.0,47.0,49.0,50.0,53.0,55.0,58.0,61.0,62.0,64.0,69.0,77.0,inferred
New Forest,2021-09-20,55.0,63.0,68.0,70.0,72.0,75.0,78.0,81.0,85.0,86.2,89.0,94.0,103.0,inferred
New Forest,2021-09-21,55.0,62.0,67.0,69.0,71.0,74.0,77.0,81.0,84.0,86.0,88.0,94.0,105.0,inferred
New Forest,2021-09-22,57.0,64.0,70.0,71.0,73.0,77.0,80.0,83.0,86.0,88.0,90.0,96.0,105.5,inferred
New Forest,2021-09-23,57.0,63.0,67.0,69.0,71.0,74.0,77.0,80.0,83.0,85.0,87.0,92.0,100.0,inferred
New Forest,2021-09-24,51.0,58.0,62.0,64.0,66.0,69.0,72.0,75.0,78.0,80.0,82.0,87.0,95.5,inferred
New Forest,2021-09-25,43.0,49.0,53.0,55.0,57.0,60.0,62.0,65.0,68.0,70.0,71.0,76.0,85.0,inferred
New Forest,2021-09-26,47.0,52.0,57.0,59.0,60.0,63.0,66.0,68.0,71.0,73.0,75.0,80.0,88.0,inferred
New Forest,2021-09-27,64.0,73.0,79.0,81.0,83.0,86.0,90.0,93.0,96.0,98.0,100.0,105.0,116.0,inferred
New Forest,2021-09-28,64.0,71.0,77.0,78.0,80.0,84.0,87.0,90.0,94.0,95.0,98.0,104.0,112.0,inferred
New Forest,2021-09-29,65.0,72.9,78.0,80.0,81.0,85.0,88.0,91.0,94.0,96.0,99.0,105.0,116.0,inferred
New Forest,2021-09-30,61.0,69.0,74.0,76.0,77.0,81.0,84.0,87.0,90.0,92.0,94.0,101.0,109.5,inferred
New Forest,2021-10-01,56.0,63.0,68.0,69.0,71.0,74.0,77.0,80.0,83.0,85.0,87.0,93.0,103.0,inferred
New Forest,2021-10-02,46.0,53.0,58.0,59.0,61.0,64.0,67.0,70.0,72.3,74.0,76.0,81.0,87.5,inferred
New Forest,2021-10-03,50.0,56.0,60.0,62.0,63.0,67.0,69.0,72.0,75.0,76.0,79.0,84.0,92.0,inferred
New Forest,2021-10-04,69.0,76.0,82.0,84.0,86.0,89.0,93.0,96.0,100.0,102.0,104.0,111.0,121.5,inferred
New Forest,2021-10-05,68.5,76.0,81.0,83.0,85.0,89.0,92.0,96.0,99.0,101.0,103.0,110.0,119.0,inferred
New Forest,2021-10-06,73.0,82.0,88.0,90.0,92.0,95.0,98.0,102.0,105.3,107.0,110.0,116.1,127.5,inferred
New Forest,2021-10-07,73.5,82.0,88.0,90.0,91.7,95.0,98.0,101.0,105.3,107.0,110.0,116.0,127.0,inferred
New Forest,2021-10-08,74.0,81.0,86.0,88.0,90.0,93.0,97.0,100.0,103.3,105.0,108.0,113.0,121.0,inferred
New Forest,2021-10-09,65.0,72.0,77.0,79.0,81.0,84.0,87.0,90.0,94.0,96.0,98.0,104.0,112.5,inferred
New Forest,2021-10-10,72.0,78.0,84.0,86.0,88.0,91.0,94.0,98.0,101.0,103.0,105.0,111.0,120.0,inferred
New Forest,2021-10-11,103.0,113.0,120.8,123.0,125.0,130.0,133.5,138.0,142.0,145.0,147.0,155.0,167.0,inferred
New Forest,2021-10-12,102.0,114.0,122.0,124.0,126.0,130.0,134.0,138.0,143.0,145.0,148.0,156.0,166.0,inferred
New Forest,2021-10-13,110.0,122.9,130.0,132.0,134.0,139.0,143.0,147.0,152.0,154.0,157.0,165.0,178.0,inferred
New Forest,2021-10-14,109.0,121.0,128.0,131.0,134.0,139.0,143.0,147.0,152.0,155.0,158.0,167.0,178.0,inferred
New Forest,2021-10-15,104.0,115.0,122.0,125.0,128.0,133.0,138.0,142.0,147.0,150.0,153.0,162.0,176.0,inferred
Newark and Sherwood,2021-07-03,19.0,24.0,27.0,28.0,30.0,32.0,35.0,37.0,41.0,42.0,44.0,49.0,57.0,inferred
Newark and Sherwood,2021-07-04,24.0,30.0,34.0,35.0,37.0,39.0,42.0,44.0,47.0,49.0,51.0,57.0,68.0,inferred
Newark and Sherwood,2021-07-05,42.0,48.0,53.0,55.0,56.7,60.0,63.0,67.0,71.0,73.0,75.0,82.0,93.0,inferred
Newark and Sherwood,2021-07-06,44.0,52.0,57.0,59.0,60.0,64.0,66.0,70.0,73.0,75.0,78.0,84.0,95.5,inferred
Newark and Sherwood,2021-07-07,52.0,59.0,64.0,66.0,68.0,71.0,75.0,78.0,81.0,83.0,86.0,92.0,102.0,inferred
Newark and Sherwood,2021-07-08,56.0,64.0,69.0,71.0,73.0,77.0,80.0,83.0,87.0,90.0,93.0,99.0,108.5,inferred
Newark and Sherwood,2021-07-09,55.0,64.0,69.0,71.0,73.0,77.0,80.0,84.0,87.0,89.0,91.2,99.0,111.0,inferred
Newark and Sherwood,2021-07-10,54.0,61.0,67.0,68.0,70.7,74.0,77.0,80.0,83.0,85.0,87.0,94.0,103.5,inferred
Newark and Sherwood,2021-07-11,64.0,73.0,79.0,81.0,83.0,87.0,91.0,95.0,99.0,101.0,103.2,111.0,121.5,inferred
Newark and Sherwood,2021-07-12,103.0,113.0,121.0,124.0,127.0,131.0,136.0,140.0,145.0,149.0,152.0,160.0,173.5,inferred
Newark and Sherwood,2021-07-13,101.0,113.0,120.0,123.0,125.0,130.0,134.0,139.0,144.0,146.2,150.0,158.0,171.0,inferred
Newark and Sherwood,2021-07-14,100.0,111.0,118.0,122.0,124.0,128.6,133.0,137.0,142.0,144.0,148.0,156.0,167.0,inferred
Newark and Sherwood,2021-07-15,95.0,104.0,111.0,114.0,116.0,120.0,124.0,129.0,134.0,136.0,140.0,148.0,160.0,inferred
Newark and Sherwood,2021-07-16,81.0,89.0,95.0,97.0,99.0,104.0,108.0,112.0,117.0,120.0,122.0,129.0,142.0,inferred
Newark and Sherwood,2021-07-17,62.5,72.0,78.0,80.0,82.0,85.0,89.0,92.0,96.0,98.0,100.0,108.0,119.0,inferred
Newark and Sherwood,2021-07-18,64.0,73.0,79.0,81.0,84.0,87.0,92.0,95.0,99.0,101.0,104.0,111.0,123.0,inferred
Newark and Sherwood,2021-07-19,89.0,99.0,106.0,109.0,111.0,116.0,120.0,124.0,128.0,131.0,134.2,143.0,157.5,inferred
Newark and Sherwood,2021-07-20,77.5,89.0,95.0,98.0,100.0,104.0,108.0,111.0,116.0,119.0,122.0,130.0,141.0,inferred
Newark and Sherwood,2021-07-21,73.5,83.0,89.0,92.0,94.0,98.0,101.5,105.0,110.0,112.0,115.2,122.0,132.0,inferred
Newark and Sherwood,2021-07-22,67.0,75.0,81.0,83.0,85.0,89.0,92.0,96.0,100.0,102.2,104.0,111.0,121.0,inferred
Newark and Sherwood,2021-07-23,54.0,61.0,67.0,69.0,71.0,75.0,78.0,82.0,86.0,88.0,90.0,96.0,107.0,inferred
Newark and Sherwood,2021-07-24,41.0,48.0,53.0,55.0,56.0,59.0,62.0,65.0,68.3,70.0,73.0,78.0,88.0,inferred
Newark and Sherwood,2021-07-25,41.0,48.0,53.0,54.0,56.0,59.0,62.0,65.0,68.0,71.0,73.0,79.0,88.5,inferred
Newark and Sherwood,2021-07-26,55.0,63.0,69.0,71.0,73.0,77.0,80.0,84.0,88.0,90.0,92.0,99.0,111.0,inferred
Newark and Sherwood,2021-07-27,50.0,58.0,62.0,64.0,66.0,70.0,73.0,77.0,80.0,82.0,84.0,91.0,100.0,inferred
Newark and Sherwood,2021-07-28,48.0,56.0,61.0,63.0,64.0,68.0,71.0,75.0,78.0,80.0,83.0,89.0,98.0,inferred
Newark and Sherwood,2021-07-29,46.0,53.0,58.0,60.0,61.0,64.0,68.0,70.0,74.0,76.0,79.0,85.0,94.0,inferred
Newark and Sherwood,2021-07-30,38.5,46.0,51.0,53.0,55.0,58.0,61.0,64.0,67.0,69.0,71.0,76.0,85.0,inferred
Newark and Sherwood,2021-07-31,32.5,38.0,43.0,44.0,46.0,48.0,51.0,54.0,57.0,58.0,60.0,66.0,74.5,inferred
Newark and Sherwood,2021-08-01,34.0,40.0,45.0,47.0,49.0,51.0,54.0,57.0,60.0,62.0,64.0,69.0,79.0,inferred
Newark and Sherwood,2021-08-02,49.0,57.0,62.0,64.0,66.0,70.0,73.0,76.0,79.0,81.0,84.0,91.0,100.0,inferred
Newark and Sherwood,2021-08-03,45.0,52.0,57.0,59.0,61.0,65.0,68.0,71.0,74.0,77.0,79.0,85.0,96.5,inferred
Newark and Sherwood,2021-08-04,43.0,50.0,55.0,57.0,59.0,62.0,65.0,69.0,72.0,74.0,76.0,82.0,92.0,inferred
Newark and Sherwood,2021-08-05,41.0,48.0,53.0,55.0,56.0,59.0,62.0,65.0,69.0,70.0,73.0,78.0,89.0,inferred
Newark and Sherwood,2021-08-06,35.0,42.0,47.0,48.0,50.0,53.0,55.0,58.0,61.0,62.0,64.0,70.0,78.0,inferred
Newark and Sherwood,2021-08-07,28.0,34.0,38.0,39.0,41.0,44.0,46.0,49.0,52.0,53.0,55.0,60.0,70.0,inferred
Newark and Sherwood,2021-08-08,30.0,36.0,40.0,42.0,43.0,46.0,48.0,51.0,54.0,55.0,57.0,62.0,71.0,inferred
Newark and Sherwood,2021-08-09,42.0,50.0,55.0,57.0,59.0,62.0,65.0,68.0,71.0,73.0,76.0,81.1,92.0,inferred
Newark and Sherwood,2021-08-10,40.5,48.0,52.0,54.0,55.0,59.0,62.0,65.0,68.0,70.0,72.0,78.0,88.0,inferred
Newark and Sherwood,2021-08-11,40.5,48.0,53.0,55.0,57.0,60.0,63.0,66.0,70.0,71.0,73.0,79.0,88.0,inferred
Newark and Sherwood,2021-08-12,42.0,49.0,53.0,55.0,57.0,59.0,63.0,66.0,69.0,71.0,73.0,79.0,88.5,inferred
Newark and Sherwood,2021-08-13,37.0,44.0,48.0,50.0,52.0,54.0,57.0,60.0,63.0,65.0,67.0,73.0,82.0,inferred
Newark and Sherwood,2021-08-14,31.0,37.9,42.0,44.0,45.0,48.0,51.0,53.4,56.0,58.0,60.0,65.0,73.0,inferred
Newark and Sherwood,2021-08-15,36.0,41.0,46.0,47.0,49.0,52.0,54.0,57.0,60.0,62.0,64.0,69.0,78.5,inferred
Newark and Sherwood,2021-08-16,51.0,58.0,64.0,66.0,68.0,71.0,75.0,78.0,82.0,84.0,86.0,93.0,104.0,inferred
Newark and Sherwood,2021-08-17,48.0,56.0,61.0,63.0,65.0,68.0,72.0,75.0,78.0,81.0,83.0,90.0,99.5,inferred
Newark and Sherwood,2021-08-18,48.0,55.0,61.0,63.0,65.0,68.6,72.0,74.0,78.0,80.0,82.0,88.0,99.0,inferred
Newark and Sherwood,2021-08-19,46.0,52.0,58.0,60.0,62.0,65.0,68.0,71.0,75.0,77.0,79.0,85.0,96.5,inferred
Newark and Sherwood,2021-08-20,42.0,48.0,52.0,54.0,56.0,59.0,62.0,65.0,68.0,70.0,72.0,78.0,87.0,inferred
Newark and Sherwood,2021-08-21,33.0,40.0,44.0,46.0,47.0,50.0,53.0,56.0,58.0,60.0,62.0,67.0,76.5,inferred
Newark and Sherwood,2021-08-22,36.0,43.0,47.0,48.0,50.0,53.0,56.0,59.0,62.0,64.0,67.0,72.0,81.0,inferred
Newark and Sherwood,2021-08-23,52.0,60.0,65.0,68.0,69.0,73.0,76.0,79.0,82.0,84.0,87.0,93.0,104.0,inferred
Newark and Sherwood,2021-08-24,47.0,55.9,61.0,62.0,64.0,67.0,70.0,74.0,77.0,79.0,82.0,89.0,98.5,inferred
Newark and Sherwood,2021-08-25,48.0,54.0,60.0,61.8,63.0,67.0,70.0,73.0,76.0,78.0,81.0,87.0,97.0,inferred
Newark and Sherwood,2021-08-26,44.0,52.0,56.0,58.0,60.0,63.0,66.0,69.0,73.0,75.0,77.0,83.0,92.0,inferred
Newark and Sherwood,2021-08-27,38.0,45.0,49.0,51.0,52.0,56.0,58.0,61.0,65.0,67.0,69.0,74.1,82.5,inferred
Newark and Sherwood,2021-08-28,31.0,36.0,41.0,42.0,44.0,47.0,49.0,52.0,55.0,57.0,59.0,64.0,71.0,inferred
Newark and Sherwood,2021-08-29,33.0,38.0,42.0,44.0,45.0,48.0,51.0,54.0,57.0,59.0,61.0,66.0,75.0,inferred
Newark and Sherwood,2021-08-30,46.0,54.0,59.0,60.0,62.0,66.0,69.0,72.0,76.0,78.0,80.0,86.0,95.0,inferred
Newark and Sherwood,2021-08-31,42.0,49.0,55.0,57.0,58.0,62.0,65.0,68.0,72.0,74.0,75.2,80.0,90.0,inferred
Newark and Sherwood,2021-09-01,42.0,50.0,55.0,57.0,58.0,61.0,64.0,68.0,71.0,73.0,75.0,81.0,90.0,inferred
Newark and Sherwood,2021-09-02,40.0,47.0,52.0,54.0,56.0,59.0,62.0,65.0,68.0,71.0,73.0,79.0,88.0,inferred
Newark and Sherwood,2021-09-03,36.0,42.0,47.0,49.0,50.0,53.0,56.0,59.0,62.0,64.0,65.0,71.0,81.0,inferred
Newark and Sherwood,2021-09-04,28.0,35.0,39.0,41.0,42.0,45.0,48.0,50.0,53.0,55.0,57.0,62.0,69.5,inferred
Newark and Sherwood,2021-09-05,32.0,37.0,41.0,43.0,45.0,48.0,51.0,54.0,57.0,59.0,61.0,67.0,74.0,inferred
Newark and Sherwood,2021-09-06,46.0,54.0,58.0,60.0,62.0,65.0,69.0,72.0,75.0,78.0,80.0,86.0,96.5,inferred
Newark and Sherwood,2021-09-07,43.0,50.0,54.0,56.0,58.0,61.0,63.0,67.0,70.0,72.0,74.0,80.0,89.0,inferred
Newark and Sherwood,2021-09-08,39.5,47.0,52.0,53.0,55.0,58.0,61.0,65.0,68.0,70.0,72.2,78.0,87.0,inferred
Newark and Sherwood,2021-09-09,37.0,44.0,49.0,50.0,52.0,55.0,58.0,61.0,64.0,66.0,68.0,73.0,82.0,inferred
Newark and Sherwood,2021-09-10,31.0,37.0,42.0,44.0,45.0,48.0,50.0,53.0,56.3,58.2,60.0,65.0,74.0,inferred
Newark and Sherwood,2021-09-11,24.0,30.0,34.0,35.0,36.0,39.0,41.0,44.0,46.0,48.0,50.0,55.0,62.0,inferred
Newark and Sherwood,2021-09-12,25.0,31.0,35.0,36.0,37.0,40.0,42.0,45.0,47.0,49.0,51.0,56.0,62.5,inferred
Newark and Sherwood,2021-09-13,35.0,42.0,47.0,49.0,51.0,53.0,56.0,60.0,62.0,64.0,67.0,72.0,81.5,inferred
Newark and Sherwood,2021-09-14,33.0,40.0,45.0,47.0,48.0,51.0,54.0,57.0,60.0,61.0,63.0,69.0,78.0,inferred
Newark and Sherwood,2021-09-15,35.0,41.0,46.0,48.0,50.0,53.0,56.0,58.0,61.0,63.0,65.0,71.0,79.0,inferred
Newark and Sherwood,2021-09-16,36.0,43.0,47.8,49.0,51.0,54.0,57.0,60.0,63.0,64.0,67.0,72.0,82.5,inferred
Newark and Sherwood,2021-09-17,34.0,41.0,45.0,46.0,48.0,51.0,54.0,57.0,60.0,61.0,64.0,70.0,78.0,inferred
Newark and Sherwood,2021-09-18,30.0,36.0,39.0,41.0,42.0,45.0,48.0,51.0,54.0,55.0,57.0,62.0,72.0,inferred
Newark and Sherwood,2021-09-19,33.0,40.0,45.0,47.0,48.0,51.0,54.0,57.0,60.0,62.0,64.0,69.0,77.0,inferred
Newark and Sherwood,2021-09-20,53.5,61.0,66.0,68.8,70.0,74.0,77.0,81.0,85.0,87.0,89.0,96.0,107.5,inferred
Newark and Sherwood,2021-09-21,50.0,57.0,63.0,65.0,67.0,71.0,75.0,78.0,81.0,84.0,86.0,92.0,103.0,inferred
Newark and Sherwood,2021-09-22,50.0,58.0,64.0,66.0,68.0,71.0,74.0,78.0,81.0,84.0,86.0,92.0,102.0,inferred
Newark and Sherwood,2021-09-23,49.0,56.0,62.0,64.0,65.0,69.0,72.0,75.0,79.0,81.0,83.0,89.0,101.0,inferred
Newark and Sherwood,2021-09-24,44.0,50.0,54.0,56.0,58.0,61.0,64.0,67.0,70.0,72.0,74.0,79.0,89.0,inferred
Newark and Sherwood,2021-09-25,34.0,42.0,46.0,48.0,49.0,52.0,55.0,57.0,61.0,62.0,64.0,70.0,80.0,inferred
Newark and Sherwood,2021-09-26,39.0,44.0,49.0,51.0,53.0,55.0,58.0,61.0,64.0,66.0,68.0,74.0,83.5,inferred
Newark and Sherwood,2021-09-27,54.0,63.0,69.0,71.0,72.7,76.0,79.0,82.0,86.0,88.0,90.0,96.1,108.0,inferred
Newark and Sherwood,2021-09-28,53.0,59.0,65.0,66.0,68.0,72.0,76.0,79.0,83.0,85.0,88.0,94.0,103.0,inferred
Newark and Sherwood,2021-09-29,54.0,60.0,66.0,68.0,70.0,74.0,77.0,80.4,84.0,87.0,89.0,95.0,104.0,inferred
Newark and Sherwood,2021-09-30,53.0,59.9,65.0,67.0,69.0,72.0,76.0,80.0,84.0,86.0,88.0,94.0,105.0,inferred
Newark and Sherwood,2021-10-01,46.0,55.0,60.0,61.0,63.0,67.0,70.0,73.0,77.0,79.0,81.0,86.0,95.0,inferred
Newark and Sherwood,2021-10-02,38.0,46.0,52.0,54.0,55.0,58.0,61.0,64.0,67.0,69.0,71.0,76.0,85.0,inferred
Newark and Sherwood,2021-10-03,44.0,51.0,56.0,57.0,59.0,63.0,66.0,69.0,72.0,74.0,76.0,82.0,91.0,inferred
Newark and Sherwood,2021-10-04,64.0,73.0,78.0,81.0,83.0,87.0,90.0,94.0,98.0,101.0,103.0,110.0,122.0,inferred
Newark and Sherwood,2021-10-05,61.0,69.0,75.0,77.0,79.0,82.0,85.0,89.0,94.0,96.0,98.0,106.0,117.0,inferred
Newark and Sherwood,2021-10-06,61.5,70.0,76.0,78.0,80.0,84.0,87.0,91.0,95.0,97.0,99.0,105.0,116.0,inferred
Newark and Sherwood,2021-10-07,62.0,69.0,74.0,76.0,78.0,82.0,86.0,89.0,93.0,95.0,97.0,104.0,114.0,inferred
Newark and Sherwood,2021-10-08,54.0,62.0,67.0,69.0,71.0,74.0,78.0,81.0,85.0,87.0,90.0,96.0,105.0,inferred
Newark and Sherwood,2021-10-09,46.0,53.0,57.0,59.0,61.0,64.0,67.0,70.0,74.0,76.0,78.0,85.0,94.0,inferred
Newark and Sherwood,2021-10-10,48.0,56.0,61.0,63.0,65.0,68.0,72.0,75.0,79.0,81.0,83.0,89.0,100.0,inferred
Newark and Sherwood,2021-10-11,73.0,81.0,87.0,89.0,91.0,95.0,99.0,103.0,107.0,109.0,111.0,119.0,129.0,inferred
Newark and Sherwood,2021-10-12,65.0,74.0,81.0,83.0,85.0,89.0,92.0,96.0,101.0,103.0,105.0,113.0,124.5,inferred
Newark and Sherwood,2021-10-13,65.0,73.0,79.0,82.0,84.0,87.0,91.0,94.0,99.0,102.0,105.0,111.0,122.0,inferred
Newark and Sherwood,2021-10-14,59.0,69.0,75.0,77.8,79.0,83.0,87.0,91.0,94.0,96.0,99.0,106.0,117.0,inferred
Newark and Sherwood,2021-10-15,50.0,59.0,64.0,66.0,68.0,72.0,75.0,79.0,83.0,84.2,87.0,94.0,105.0,inferred
Newcastle upon Tyne,2021-07-03,222.5,238.0,247.0,251.0,254.0,260.0,267.0,273.0,280.0,284.0,288.0,301.0,321.5,inferred
Newcastle upon Tyne,2021-07-04,248.5,264.0,275.0,279.0,282.0,288.0,294.5,301.0,307.0,310.0,314.0,327.0,344.5,inferred
Newcastle upon Tyne,2021-07-05,365.0,385.0,398.0,403.0,406.0,414.0,420.0,428.0,435.0,439.0,443.0,455.0,474.5,inferred
Newcastle upon Tyne,2021-07-06,354.0,369.0,380.0,384.0,389.0,396.0,403.0,408.0,415.0,418.0,424.0,435.0,452.0,inferred
Newcastle upon Tyne,2021-07-07,355.5,374.0,386.0,390.8,395.0,401.0,407.0,413.0,421.0,425.0,429.0,441.0,459.0,inferred
Newcastle upon Tyne,2021-07-08,343.5,360.0,371.0,375.0,379.7,387.0,393.0,399.0,406.0,410.0,414.0,426.0,445.0,inferred
Newcastle upon Tyne,2021-07-09,318.0,332.9,343.0,347.0,350.7,357.0,364.0,372.0,378.0,381.2,386.0,398.0,416.0,inferred
Newcastle upon Tyne,2021-07-10,265.0,281.0,291.0,295.0,298.0,304.0,310.0,316.0,323.0,326.0,330.0,340.0,355.5,inferred
Newcastle upon Tyne,2021-07-11,283.0,300.0,311.0,315.0,319.0,326.0,332.0,339.0,346.0,350.0,354.0,366.0,385.0,inferred
Newcastle upon Tyne,2021-07-12,403.5,425.0,439.0,443.0,448.0,455.0,463.0,469.0,478.0,483.0,487.2,503.0,522.5,inferred
Newcastle upon Tyne,2021-07-13,369.0,386.9,400.0,405.0,409.0,418.0,425.0,433.0,441.0,445.0,450.0,464.0,484.0,inferred
Newcastle upon Tyne,2021-07-14,348.0,367.0,379.0,384.0,388.0,396.0,402.0,409.0,416.0,421.0,426.0,440.1,465.5,inferred
Newcastle upon Tyne,2021-07-15,315.0,328.0,337.0,342.0,346.0,353.0,360.0,366.0,373.0,377.0,382.0,394.0,414.0,inferred
Newcastle upon Tyne,2021-07-16,262.0,275.9,286.0,290.0,294.0,302.0,307.5,313.0,320.0,324.0,328.0,339.0,356.5,inferred
Newcastle upon Tyne,2021-07-17,201.5,215.0,223.0,226.0,229.0,234.0,239.0,244.0,250.0,253.0,256.0,266.0,281.0,inferred
Newcastle upon Tyne,2021-07-18,195.0,210.0,219.0,222.0,226.0,231.0,237.0,242.0,248.0,252.0,255.0,264.0,278.0,inferred
Newcastle upon Tyne,2021-07-19,255.0,271.0,282.0,286.0,289.0,296.0,303.0,311.0,317.0,321.0,326.0,336.0,357.0,inferred
Newcastle upon Tyne,2021-07-20,219.5,235.0,245.0,250.0,253.0,258.6,264.0,271.0,277.0,281.0,285.0,294.0,312.0,inferred
Newcastle upon Tyne,2021-07-21,204.0,218.0,227.0,231.0,234.0,239.0,245.0,251.0,257.0,259.0,263.0,274.0,289.0,inferred
Newcastle upon Tyne,2021-07-22,178.0,192.0,199.0,202.0,204.0,210.0,216.0,220.0,226.0,230.0,233.0,243.0,258.0,inferred
Newcastle upon Tyne,2021-07-23,146.5,160.0,168.0,171.0,174.0,178.0,183.0,188.0,193.0,196.0,199.0,209.0,223.0,inferred
Newcastle upon Tyne,2021-07-24,114.0,125.0,130.0,133.0,135.0,139.0,144.0,148.0,152.0,154.2,157.0,165.0,175.0,inferred
Newcastle upon Tyne,2021-07-25,110.0,120.0,127.0,129.0,131.0,136.0,140.0,144.0,149.0,151.0,154.0,161.1,173.0,inferred
Newcastle upon Tyne,2021-07-26,142.0,156.0,164.0,167.0,170.0,175.0,180.0,186.0,191.0,194.0,197.0,206.0,219.0,inferred
Newcastle upon Tyne,2021-07-27,128.0,139.0,146.0,149.0,152.0,156.0,161.0,165.0,170.0,173.0,175.0,183.0,196.0,inferred
Newcastle upon Tyne,2021-07-28,124.0,137.0,144.0,147.0,150.0,155.0,159.0,163.0,167.0,170.0,173.0,180.0,191.5,inferred
Newcastle upon Tyne,2021-07-29,119.5,130.0,136.0,139.0,142.0,146.0,150.0,154.0,159.0,161.0,164.0,172.1,185.0,inferred
Newcastle upon Tyne,2021-07-30,106.5,116.0,122.0,125.0,128.0,131.0,135.0,139.0,143.0,146.0,148.0,157.0,170.0,inferred
Newcastle upon Tyne,2021-07-31,85.0,95.0,101.0,103.0,105.0,109.0,112.0,116.0,120.0,123.0,125.0,132.0,142.0,inferred
Newcastle upon Tyne,2021-08-01,90.5,99.0,105.0,108.0,110.0,113.0,117.0,121.0,125.0,128.0,130.0,137.0,149.0,inferred
Newcastle upon Tyne,2021-08-02,127.0,138.0,146.0,148.0,151.0,156.0,161.0,165.0,170.0,173.0,176.0,185.0,199.0,inferred
Newcastle upon Tyne,2021-08-03,117.0,127.0,135.0,137.0,140.0,144.0,149.0,153.0,157.0,160.0,163.0,171.0,184.0,inferred
Newcastle upon Tyne,2021-08-04,116.5,126.0,134.0,136.0,139.0,144.0,147.0,152.0,156.0,159.0,162.2,169.0,181.0,inferred
Newcastle upon Tyne,2021-08-05,112.0,121.0,127.0,129.0,131.0,136.0,140.0,144.0,149.0,151.0,154.0,162.0,174.0,inferred
Newcastle upon Tyne,2021-08-06,99.0,109.9,116.0,118.0,120.0,124.0,128.0,132.0,136.0,138.0,141.0,148.0,159.0,inferred
Newcastle upon Tyne,2021-08-07,81.0,90.0,95.0,98.0,100.0,103.6,106.0,110.0,114.0,116.0,119.0,125.0,135.0,inferred
Newcastle upon Tyne,2021-08-08,84.5,94.0,100.0,102.0,104.0,108.0,112.0,115.0,119.0,122.0,125.0,131.0,139.5,inferred
Newcastle upon Tyne,2021-08-09,121.0,131.0,139.8,143.0,145.0,150.0,153.0,158.0,162.0,165.0,167.2,176.0,189.0,inferred
Newcastle upon Tyne,2021-08-10,110.0,121.0,129.0,131.0,134.0,139.0,143.0,147.0,152.0,155.0,157.0,165.0,177.5,inferred
Newcastle upon Tyne,2021-08-11,111.0,122.0,128.0,131.0,133.0,137.0,142.0,146.0,150.0,153.0,156.0,164.0,175.0,inferred
Newcastle upon Tyne,2021-08-12,105.0,113.0,120.0,123.0,125.0,129.0,133.0,137.0,141.0,144.0,147.0,154.0,165.5,inferred
Newcastle upon Tyne,2021-08-13,94.0,103.9,109.0,111.0,113.0,117.0,121.0,125.0,129.0,132.0,135.0,142.0,154.0,inferred
Newcastle upon Tyne,2021-08-14,75.0,83.0,89.0,91.0,94.0,97.0,101.0,104.0,108.0,110.0,113.0,119.0,130.5,inferred
Newcastle upon Tyne,2021-08-15,80.0,88.0,94.0,96.0,98.0,102.0,106.0,109.0,113.0,115.0,117.0,125.0,135.0,inferred
Newcastle upon Tyne,2021-08-16,113.0,123.0,130.0,133.0,136.0,140.0,144.0,148.0,153.0,156.0,158.0,166.0,179.0,inferred
Newcastle upon Tyne,2021-08-17,105.0,115.0,121.0,124.0,126.0,130.0,134.5,139.0,143.3,146.0,148.0,156.0,169.0,inferred
Newcastle upon Tyne,2021-08-18,105.0,113.0,120.0,123.0,125.0,129.0,133.0,138.0,142.0,145.0,147.0,155.0,167.0,inferred
Newcastle upon Tyne,2021-08-19,97.0,107.0,115.0,117.0,120.0,124.0,127.0,131.0,135.0,138.0,141.0,148.0,157.0,inferred
Newcastle upon Tyne,2021-08-20,89.5,98.0,104.0,106.0,109.0,112.0,116.0,120.0,124.0,126.0,129.0,136.0,148.0,inferred
Newcastle upon Tyne,2021-08-21,71.0,80.0,85.0,88.0,90.0,93.0,96.0,99.0,103.0,105.0,107.0,113.0,123.5,inferred
Newcastle upon Tyne,2021-08-22,76.5,85.0,90.0,93.0,95.0,98.0,101.0,105.0,109.0,112.0,114.0,121.0,130.0,inferred
Newcastle upon Tyne,2021-08-23,110.5,120.0,128.0,130.0,133.0,137.0,142.0,146.0,150.0,153.0,156.0,163.0,174.0,inferred
Newcastle upon Tyne,2021-08-24,102.0,111.0,117.0,120.0,123.0,126.0,131.0,135.0,139.0,142.0,145.0,153.0,167.0,inferred
Newcastle upon Tyne,2021-08-25,101.5,113.0,118.0,121.0,123.0,128.0,131.0,135.0,139.0,142.0,144.0,153.0,163.5,inferred
Newcastle upon Tyne,2021-08-26,97.0,107.0,113.0,115.0,118.0,122.0,126.0,129.0,134.0,136.0,139.0,146.0,157.0,inferred
Newcastle upon Tyne,2021-08-27,89.0,98.9,104.0,106.0,108.0,111.0,115.0,118.0,123.0,125.0,127.0,134.0,145.0,inferred
Newcastle upon Tyne,2021-08-28,71.5,80.0,85.0,87.0,90.0,93.0,96.0,100.0,104.0,106.0,108.0,114.0,125.0,inferred
Newcastle upon Tyne,2021-08-29,77.0,85.0,91.0,93.0,95.0,99.0,102.0,105.0,110.0,112.0,114.0,121.0,131.5,inferred
Newcastle upon Tyne,2021-08-30,111.0,121.0,127.0,130.0,132.0,138.0,142.0,146.0,150.0,152.0,156.0,164.0,178.0,inferred
Newcastle upon Tyne,2021-08-31,104.0,115.0,122.0,125.0,127.0,131.6,136.0,140.0,145.0,147.0,151.0,158.1,172.0,inferred
Newcastle upon Tyne,2021-09-01,110.0,120.0,127.0,129.0,132.0,137.0,140.0,144.4,149.0,151.0,154.0,162.0,176.0,inferred
Newcastle upon Tyne,2021-09-02,112.0,121.0,128.0,131.0,133.0,137.0,141.0,146.0,150.0,152.0,155.0,162.0,173.0,inferred
Newcastle upon Tyne,2021-09-03,106.0,115.0,121.0,124.0,126.0,130.0,134.0,138.0,142.3,145.0,148.0,155.0,166.0,inferred
Newcastle upon Tyne,2021-09-04,91.0,98.9,104.0,107.0,109.0,112.0,116.0,120.0,124.3,127.0,129.0,136.0,146.0,inferred
Newcastle upon Tyne,2021-09-05,99.5,109.0,115.0,117.0,119.0,123.0,128.0,132.0,136.0,138.0,141.0,148.0,161.0,inferred
Newcastle upon Tyne,2021-09-06,146.0,158.0,167.0,170.0,172.0,177.0,183.0,187.0,192.0,194.0,198.0,209.0,222.0,inferred
Newcastle upon Tyne,2021-09-07,137.0,149.0,157.0,160.0,163.0,168.0,172.0,177.0,182.0,186.0,189.0,197.0,209.0,inferred
Newcastle upon Tyne,2021-09-08,134.5,146.0,154.0,157.0,160.0,164.0,169.0,173.4,179.0,182.0,185.0,194.0,205.0,inferred
Newcastle upon Tyne,2021-09-09,126.0,136.0,143.0,145.0,148.0,153.0,157.0,162.0,167.0,170.0,173.0,180.0,192.0,inferred
Newcastle upon Tyne,2021-09-10,109.0,119.0,126.0,129.0,131.0,136.0,139.0,143.0,148.0,150.0,153.0,160.0,173.0,inferred
Newcastle upon Tyne,2021-09-11,87.0,95.0,102.0,104.0,106.0,110.0,113.0,117.0,121.0,124.0,126.0,134.0,146.0,inferred
Newcastle upon Tyne,2021-09-12,90.0,99.0,105.0,107.0,109.0,113.0,116.0,120.0,125.0,127.0,130.0,136.0,148.0,inferred
Newcastle upon Tyne,2021-09-13,122.0,133.9,142.0,145.0,147.7,152.0,157.0,162.0,167.0,169.2,172.0,181.0,194.0,inferred
Newcastle upon Tyne,2021-09-14,114.5,125.0,133.0,136.0,138.0,143.0,147.0,152.0,157.0,159.0,162.0,171.0,182.0,inferred
Newcastle upon Tyne,2021-09-15,119.5,129.0,137.0,139.0,142.0,146.0,151.0,155.0,160.0,163.0,165.0,174.0,185.0,inferred
Newcastle upon Tyne,2021-09-16,117.0,127.0,136.0,138.0,141.0,144.6,149.0,153.0,158.0,161.0,163.0,172.0,183.0,inferred
Newcastle upon Tyne,2021-09-17,110.0,120.0,127.0,129.0,131.7,137.0,141.0,145.0,149.0,152.0,155.0,162.0,174.0,inferred
Newcastle upon Tyne,2021-09-18,93.0,104.0,109.0,111.8,114.0,118.0,121.0,125.0,129.0,132.0,135.0,141.1,153.0,inferred
Newcastle upon Tyne,2021-09-19,102.0,111.0,118.0,120.0,122.0,127.0,131.0,136.0,140.0,142.0,145.0,152.0,163.5,inferred
Newcastle upon Tyne,2021-09-20,150.0,161.0,168.0,171.0,174.0,180.0,184.0,190.0,195.0,198.0,202.0,211.0,226.0,inferred
Newcastle upon Tyne,2021-09-21,138.5,149.0,158.0,161.0,163.0,167.0,172.0,177.0,182.0,185.0,188.0,197.0,211.0,inferred
Newcastle upon Tyne,2021-09-22,134.0,145.9,154.0,157.0,160.0,164.0,169.0,174.0,178.0,181.0,184.0,191.0,205.0,inferred
Newcastle upon Tyne,2021-09-23,121.0,133.0,141.0,144.0,146.0,151.0,155.0,160.0,164.0,167.0,170.2,177.0,192.0,inferred
Newcastle upon Tyne,2021-09-24,106.0,117.0,123.0,126.0,128.0,133.0,137.0,141.0,145.0,148.0,150.0,158.0,170.0,inferred
Newcastle upon Tyne,2021-09-25,85.0,94.0,99.0,101.8,104.0,108.0,111.0,115.0,119.0,121.0,124.0,131.0,141.0,inferred
Newcastle upon Tyne,2021-09-26,87.0,96.0,101.0,104.0,106.0,110.0,114.0,118.0,122.0,123.0,126.0,132.0,142.0,inferred
Newcastle upon Tyne,2021-09-27,120.5,130.0,138.0,141.0,143.0,148.0,152.0,157.4,162.0,164.0,167.0,176.0,189.0,inferred
Newcastle upon Tyne,2021-09-28,111.0,120.0,127.0,130.0,133.0,137.0,141.0,145.0,150.0,152.0,155.0,163.0,175.0,inferred
Newcastle upon Tyne,2021-09-29,111.0,122.0,128.0,130.0,133.0,138.0,142.0,146.4,151.0,153.0,156.0,164.0,176.0,inferred
Newcastle upon Tyne,2021-09-30,105.0,117.0,123.0,126.0,129.0,133.0,137.0,141.0,145.0,148.0,150.0,158.0,170.0,inferred
Newcastle upon Tyne,2021-10-01,98.0,107.9,113.0,116.0,118.0,122.0,126.0,130.0,134.0,137.0,140.0,146.0,159.0,inferred
Newcastle upon Tyne,2021-10-02,81.0,89.0,95.0,98.0,99.0,103.0,107.0,110.0,114.0,116.0,118.0,126.0,136.0,inferred
Newcastle upon Tyne,2021-10-03,86.0,96.0,102.0,104.0,106.0,110.0,113.0,117.0,121.0,123.0,126.0,133.0,143.0,inferred
Newcastle upon Tyne,2021-10-04,124.0,135.0,142.0,145.0,147.0,152.0,157.0,161.0,166.0,168.0,172.0,178.0,193.0,inferred
Newcastle upon Tyne,2021-10-05,115.0,126.0,134.0,136.8,139.0,143.0,147.5,152.0,157.0,159.0,163.0,171.0,187.0,inferred
Newcastle upon Tyne,2021-10-06,119.0,129.0,136.0,139.0,141.0,146.0,150.0,155.0,160.0,162.0,165.0,173.0,184.0,inferred
Newcastle upon Tyne,2021-10-07,116.0,125.0,131.0,134.0,137.0,142.0,146.0,151.0,155.0,158.0,162.0,170.0,183.0,inferred
Newcastle upon Tyne,2021-10-08,106.0,117.0,124.0,127.0,129.0,133.0,137.0,140.0,144.0,147.0,149.0,156.1,169.0,inferred
Newcastle upon Tyne,2021-10-09,88.0,99.0,105.0,107.0,109.0,113.0,117.0,121.0,125.0,127.0,130.0,136.0,147.0,inferred
Newcastle upon Tyne,2021-10-10,97.0,107.0,113.8,116.0,118.0,122.0,125.0,130.0,134.0,136.0,139.0,147.0,159.0,inferred
Newcastle upon Tyne,2021-10-11,143.0,155.0,163.0,166.0,168.0,173.0,178.0,182.4,188.0,191.0,194.0,204.0,216.5,inferred
Newcastle upon Tyne,2021-10-12,134.0,143.0,151.0,154.0,157.0,161.0,166.0,171.0,176.0,179.0,182.0,191.0,205.0,inferred
Newcastle upon Tyne,2021-10-13,129.0,142.0,149.0,152.0,155.0,160.0,164.0,169.0,174.0,177.0,181.0,189.0,201.5,inferred
Newcastle upon Tyne,2021-10-14,120.0,131.0,139.0,142.0,144.0,149.0,154.0,158.0,163.0,166.0,169.0,178.0,193.5,inferred
Newcastle upon Tyne,2021-10-15,103.0,115.0,123.0,125.0,128.0,133.0,138.0,142.4,148.0,151.0,154.0,163.0,175.0,inferred
Newcastle-under-Lyme,2021-07-03,23.0,30.0,34.0,36.0,37.0,40.0,44.0,47.0,51.0,53.2,57.0,63.1,77.0,inferred
Newcastle-under-Lyme,2021-07-04,29.0,36.0,41.0,43.0,45.0,49.0,52.0,55.0,59.0,61.0,64.0,71.0,84.0,inferred
Newcastle-under-Lyme,2021-07-05,48.5,57.0,63.0,66.0,68.0,72.0,76.0,79.0,84.0,87.0,89.0,97.0,111.0,inferred
Newcastle-under-Lyme,2021-07-06,48.0,58.0,65.0,68.0,69.0,73.0,77.0,81.0,85.0,88.0,90.0,98.0,109.0,inferred
Newcastle-under-Lyme,2021-07-07,55.0,62.0,70.0,72.0,75.0,79.0,82.0,86.0,91.0,94.0,96.0,104.0,119.0,inferred
Newcastle-under-Lyme,2021-07-08,54.0,64.0,70.0,73.0,75.7,79.0,84.0,87.0,91.0,94.0,97.0,106.0,117.5,inferred
Newcastle-under-Lyme,2021-07-09,52.0,62.0,68.0,70.8,72.7,77.0,81.0,85.0,89.0,91.0,94.0,103.0,116.0,inferred
Newcastle-under-Lyme,2021-07-10,47.5,56.0,62.0,65.0,67.0,71.6,75.0,79.0,83.0,86.0,89.0,96.0,110.0,inferred
Newcastle-under-Lyme,2021-07-11,54.0,64.0,71.0,74.0,76.0,80.0,84.0,89.0,93.0,97.0,100.0,109.0,122.0,inferred
Newcastle-under-Lyme,2021-07-12,85.0,96.9,105.0,108.0,111.0,117.0,123.0,127.0,133.0,136.0,140.0,150.0,164.0,inferred
Newcastle-under-Lyme,2021-07-13,81.0,93.9,102.0,105.0,107.0,112.0,117.0,122.0,128.0,131.0,135.0,145.0,160.5,inferred
Newcastle-under-Lyme,2021-07-14,78.0,90.0,99.0,102.0,105.0,111.0,115.0,120.0,126.0,129.0,133.0,143.0,159.5,inferred
Newcastle-under-Lyme,2021-07-15,70.5,81.0,89.0,92.0,94.0,99.0,104.5,109.0,115.0,117.0,121.0,131.0,146.5,inferred
Newcastle-under-Lyme,2021-07-16,58.0,69.0,76.0,79.0,82.0,86.0,90.0,94.0,99.0,102.0,104.0,114.0,126.0,inferred
Newcastle-under-Lyme,2021-07-17,45.5,54.0,60.0,62.0,64.0,69.0,72.0,76.4,81.0,84.0,87.0,94.0,107.0,inferred
Newcastle-under-Lyme,2021-07-18,46.0,54.0,60.0,63.0,65.0,69.0,73.0,77.0,81.0,84.0,86.0,95.0,107.0,inferred
Newcastle-under-Lyme,2021-07-19,63.0,72.0,78.0,81.0,84.0,88.0,92.0,97.0,102.0,105.2,109.0,117.0,132.0,inferred
Newcastle-under-Lyme,2021-07-20,52.0,62.0,68.0,71.0,74.0,78.0,82.0,87.0,92.0,94.0,97.0,105.1,119.0,inferred
Newcastle-under-Lyme,2021-07-21,45.0,55.0,61.0,63.0,66.0,70.0,74.0,78.0,83.0,85.0,88.0,95.0,106.0,inferred
Newcastle-under-Lyme,2021-07-22,39.0,47.0,52.0,54.0,57.0,61.0,64.0,68.0,73.0,75.0,78.0,85.0,97.0,inferred
Newcastle-under-Lyme,2021-07-23,29.0,37.0,42.0,44.0,46.0,50.0,52.0,55.0,59.0,61.0,64.0,70.0,81.0,inferred
Newcastle-under-Lyme,2021-07-24,21.0,26.0,31.0,32.0,34.0,37.0,40.0,43.0,46.0,48.0,50.0,56.0,66.0,inferred
Newcastle-under-Lyme,2021-07-25,19.0,25.0,29.0,31.0,32.0,35.0,38.0,41.0,44.0,46.0,47.0,53.0,61.0,inferred
Newcastle-under-Lyme,2021-07-26,27.0,33.0,37.0,39.0,40.7,44.0,47.0,51.0,54.0,56.0,58.2,65.0,76.0,inferred
Newcastle-under-Lyme,2021-07-27,22.0,28.0,33.0,35.0,36.0,39.0,42.0,45.0,49.0,50.2,53.0,58.1,69.0,inferred
Newcastle-under-Lyme,2021-07-28,22.0,28.0,32.0,34.0,36.0,39.0,42.0,44.0,48.0,50.0,52.0,59.0,69.0,inferred
Newcastle-under-Lyme,2021-07-29,21.0,27.0,31.0,32.0,34.0,37.0,40.0,43.0,46.0,48.0,50.0,56.0,65.0,inferred
Newcastle-under-Lyme,2021-07-30,17.0,22.0,26.0,28.0,29.0,32.0,35.0,38.0,41.0,43.0,45.0,51.0,61.0,inferred
Newcastle-under-Lyme,2021-07-31,14.0,19.0,23.0,24.0,26.0,28.0,31.0,34.0,37.0,38.0,40.0,45.0,54.0,inferred
Newcastle-under-Lyme,2021-08-01,15.0,20.0,24.0,26.0,27.0,29.0,31.0,34.0,37.0,39.0,41.0,46.0,58.0,inferred
Newcastle-under-Lyme,2021-08-02,24.0,30.0,34.0,36.0,38.0,41.0,44.0,46.0,50.0,52.0,54.0,60.0,69.0,inferred
Newcastle-under-Lyme,2021-08-03,22.0,28.0,33.0,35.0,36.0,39.0,42.0,46.0,49.0,51.0,53.0,59.0,69.0,inferred
Newcastle-under-Lyme,2021-08-04,23.5,29.0,34.0,37.0,38.0,41.0,44.0,47.0,51.0,53.0,55.0,61.0,72.0,inferred
Newcastle-under-Lyme,2021-08-05,23.0,30.0,34.0,36.0,37.0,40.0,44.0,47.0,51.0,53.0,55.0,61.0,70.0,inferred
Newcastle-under-Lyme,2021-08-06,21.0,27.0,31.8,33.0,35.0,38.0,40.0,43.0,47.0,49.0,51.0,57.0,67.0,inferred
Newcastle-under-Lyme,2021-08-07,18.0,23.0,27.0,29.0,30.0,33.0,35.0,38.0,42.0,43.0,45.0,51.0,60.0,inferred
Newcastle-under-Lyme,2021-08-08,20.0,26.0,30.0,32.0,33.0,36.0,39.0,42.0,46.0,47.0,49.0,56.0,66.0,inferred
Newcastle-under-Lyme,2021-08-09,31.0,38.9,44.0,46.0,48.0,51.0,55.0,58.0,62.0,65.0,67.0,73.0,87.0,inferred
Newcastle-under-Lyme,2021-08-10,29.0,37.0,42.0,43.0,45.0,49.0,51.0,55.0,59.0,62.0,64.0,72.0,82.5,inferred
Newcastle-under-Lyme,2021-08-11,30.0,37.0,43.0,44.8,46.0,49.0,53.0,56.0,60.0,63.0,65.0,71.0,81.5,inferred
Newcastle-under-Lyme,2021-08-12,29.0,36.0,41.0,43.0,45.0,48.0,51.0,54.0,58.0,61.0,63.0,69.0,80.0,inferred
Newcastle-under-Lyme,2021-08-13,26.0,33.0,37.0,39.0,41.0,44.0,47.0,50.0,53.0,56.0,58.2,65.0,77.0,inferred
Newcastle-under-Lyme,2021-08-14,20.0,26.0,30.0,32.0,34.0,36.0,39.0,42.0,46.0,47.0,50.0,56.0,66.5,inferred
Newcastle-under-Lyme,2021-08-15,24.0,29.0,34.0,36.0,37.0,40.0,43.0,46.0,50.0,52.0,54.0,59.0,70.0,inferred
Newcastle-under-Lyme,2021-08-16,34.0,42.0,48.0,50.0,52.0,55.0,59.0,63.0,67.0,69.0,72.0,78.0,89.0,inferred
Newcastle-under-Lyme,2021-08-17,34.0,42.0,46.0,48.8,50.0,54.0,57.0,61.0,65.0,67.0,70.0,76.0,87.0,inferred
Newcastle-under-Lyme,2021-08-18,35.0,42.0,47.0,49.0,51.0,55.0,58.0,61.0,66.0,68.2,71.0,79.0,90.0,inferred
Newcastle-under-Lyme,2021-08-19,36.0,42.0,47.0,49.0,51.0,55.0,58.0,62.0,66.0,68.0,71.0,77.0,89.0,inferred
Newcastle-under-Lyme,2021-08-20,31.0,38.0,44.0,46.0,47.0,51.0,54.0,58.0,61.0,64.0,66.0,72.0,84.5,inferred
Newcastle-under-Lyme,2021-08-21,27.0,33.0,38.0,40.0,42.0,45.6,48.0,51.0,55.0,57.0,59.0,65.0,75.0,inferred
Newcastle-under-Lyme,2021-08-22,30.0,38.0,42.0,44.0,46.0,49.0,52.5,56.0,59.0,61.0,63.0,70.0,81.5,inferred
Newcastle-under-Lyme,2021-08-23,46.0,56.0,61.0,64.0,66.0,70.0,74.0,79.0,84.0,86.0,89.0,96.0,108.5,inferred
Newcastle-under-Lyme,2021-08-24,46.5,55.0,61.0,64.0,66.0,70.0,74.0,78.0,82.0,84.0,87.0,96.0,109.0,inferred
Newcastle-under-Lyme,2021-08-25,48.0,57.0,63.0,65.0,67.0,71.0,75.0,79.0,84.0,86.0,89.0,97.0,110.0,inferred
Newcastle-under-Lyme,2021-08-26,47.5,56.0,62.0,65.0,67.0,71.0,75.0,79.0,83.0,86.0,89.0,97.1,111.0,inferred
Newcastle-under-Lyme,2021-08-27,43.5,52.0,58.0,60.0,62.0,66.0,69.0,74.0,78.0,80.0,83.0,90.0,103.0,inferred
Newcastle-under-Lyme,2021-08-28,36.0,44.0,49.0,51.0,53.0,57.0,61.0,64.0,68.0,70.0,73.0,81.0,92.5,inferred
Newcastle-under-Lyme,2021-08-29,41.0,48.0,54.0,56.0,58.7,62.0,66.0,69.0,74.0,75.2,78.0,86.0,99.0,inferred
Newcastle-under-Lyme,2021-08-30,59.0,69.0,77.0,80.0,82.0,87.0,92.0,95.0,101.0,103.0,106.0,116.0,131.5,inferred
Newcastle-under-Lyme,2021-08-31,58.0,67.0,74.0,76.0,78.0,82.0,87.0,90.0,96.0,98.0,101.0,112.0,125.0,inferred
Newcastle-under-Lyme,2021-09-01,57.0,66.0,73.0,76.0,78.0,82.0,86.0,90.0,95.0,98.0,101.0,110.0,123.0,inferred
Newcastle-under-Lyme,2021-09-02,53.0,61.0,68.0,70.0,72.0,77.0,81.0,86.0,90.0,92.2,96.0,104.0,116.0,inferred
Newcastle-under-Lyme,2021-09-03,45.0,54.0,59.0,61.0,64.0,67.0,71.0,75.0,79.0,82.0,84.0,92.0,103.0,inferred
Newcastle-under-Lyme,2021-09-04,34.5,43.0,48.0,50.0,52.0,55.0,59.0,62.0,66.0,68.0,71.0,79.0,89.5,inferred
Newcastle-under-Lyme,2021-09-05,35.0,44.0,50.0,52.0,54.0,58.0,61.0,64.0,68.0,70.0,73.0,80.0,90.5,inferred
Newcastle-under-Lyme,2021-09-06,50.0,60.0,66.0,69.0,72.0,77.0,81.0,85.0,89.0,92.0,95.0,103.0,114.0,inferred
Newcastle-under-Lyme,2021-09-07,46.0,56.0,62.0,65.0,67.0,70.6,74.0,79.0,83.0,85.0,88.0,95.0,106.5,inferred
Newcastle-under-Lyme,2021-09-08,46.0,54.0,59.8,62.0,64.0,67.0,71.0,76.0,81.0,83.0,86.0,93.0,104.5,inferred
Newcastle-under-Lyme,2021-09-09,41.0,49.9,56.0,59.0,60.0,64.0,68.0,72.0,76.0,78.0,81.0,89.0,102.0,inferred
Newcastle-under-Lyme,2021-09-10,34.5,43.0,48.0,50.0,52.0,56.0,60.0,64.0,67.0,69.0,72.0,79.0,90.0,inferred
Newcastle-under-Lyme,2021-09-11,28.0,34.0,39.0,41.0,43.0,46.0,49.0,53.0,57.0,59.0,61.0,67.0,79.0,inferred
Newcastle-under-Lyme,2021-09-12,27.0,35.0,41.0,42.0,44.0,47.0,51.0,54.0,58.0,61.0,63.0,68.1,80.0,inferred
Newcastle-under-Lyme,2021-09-13,42.0,50.0,56.0,58.0,60.0,64.0,68.0,72.0,77.0,79.0,82.0,89.0,103.0,inferred
Newcastle-under-Lyme,2021-09-14,40.0,47.0,53.0,56.0,58.0,62.0,66.0,69.0,73.0,76.0,78.0,86.0,100.0,inferred
Newcastle-under-Lyme,2021-09-15,40.0,48.0,55.0,57.0,59.0,63.0,67.0,71.0,75.0,77.0,80.0,87.1,101.0,inferred
Newcastle-under-Lyme,2021-09-16,40.0,48.0,55.0,57.0,59.0,63.0,67.0,71.0,75.0,78.0,80.0,87.0,98.0,inferred
Newcastle-under-Lyme,2021-09-17,37.0,45.0,50.0,52.0,54.0,58.0,62.0,66.0,70.0,73.0,75.0,82.0,93.0,inferred
Newcastle-under-Lyme,2021-09-18,32.0,39.0,44.0,46.0,48.0,52.0,55.0,59.0,62.3,64.0,67.0,74.0,84.5,inferred
Newcastle-under-Lyme,2021-09-19,37.0,44.0,49.0,51.0,54.0,58.0,61.0,65.0,69.0,71.0,74.0,82.0,92.5,inferred
Newcastle-under-Lyme,2021-09-20,56.0,66.0,72.8,75.0,77.0,82.0,86.0,90.0,95.0,98.0,101.0,109.0,121.0,inferred
Newcastle-under-Lyme,2021-09-21,53.0,63.0,69.0,71.0,74.0,78.0,83.0,87.0,92.0,95.0,98.0,105.1,120.0,inferred
Newcastle-under-Lyme,2021-09-22,55.0,64.0,70.0,73.0,76.0,81.0,85.0,89.0,94.0,96.0,99.2,108.0,121.0,inferred
Newcastle-under-Lyme,2021-09-23,54.0,62.0,70.0,72.0,74.0,78.0,83.0,87.0,91.0,94.0,97.0,106.0,118.0,inferred
Newcastle-under-Lyme,2021-09-24,48.0,55.9,62.0,64.0,67.0,71.0,75.0,79.0,84.0,87.0,90.0,98.0,109.5,inferred
Newcastle-under-Lyme,2021-09-25,39.0,48.0,53.0,55.0,58.0,61.6,65.0,69.0,73.0,75.0,78.0,86.0,99.0,inferred
Newcastle-under-Lyme,2021-09-26,43.0,52.0,58.0,60.0,62.0,66.0,70.0,74.0,78.0,80.2,84.0,91.0,104.0,inferred
Newcastle-under-Lyme,2021-09-27,65.0,74.0,81.0,84.0,87.0,91.0,96.0,100.0,106.0,108.0,112.0,121.0,134.5,inferred
Newcastle-under-Lyme,2021-09-28,60.0,71.0,78.0,81.0,83.0,88.0,92.0,96.0,101.0,104.0,107.0,117.0,131.0,inferred
Newcastle-under-Lyme,2021-09-29,64.0,74.0,81.0,84.0,87.0,91.0,96.0,100.0,105.0,107.0,110.0,117.0,131.0,inferred
Newcastle-under-Lyme,2021-09-30,63.0,73.0,81.0,84.0,86.0,91.0,96.0,100.0,105.0,108.0,111.0,119.0,132.0,inferred
Newcastle-under-Lyme,2021-10-01,57.0,68.0,74.0,77.0,79.0,83.0,88.0,92.0,97.0,100.0,102.0,112.0,122.5,inferred
Newcastle-under-Lyme,2021-10-02,47.5,58.0,63.0,66.0,68.0,72.0,76.5,81.0,86.0,88.0,91.0,98.0,110.5,inferred
Newcastle-under-Lyme,2021-10-03,55.0,65.0,72.0,74.0,76.0,80.0,84.0,88.0,93.0,95.0,99.0,107.0,120.5,inferred
Newcastle-under-Lyme,2021-10-04,81.0,93.0,102.0,105.0,107.0,112.0,118.0,123.0,128.0,131.0,135.0,145.0,158.0,inferred
Newcastle-under-Lyme,2021-10-05,76.5,89.0,97.0,100.8,103.0,108.0,114.0,118.0,124.0,127.0,131.0,140.0,153.0,inferred
Newcastle-under-Lyme,2021-10-06,78.0,89.0,98.0,101.0,104.0,109.0,114.0,119.0,124.0,128.0,131.0,141.0,154.5,inferred
Newcastle-under-Lyme,2021-10-07,77.5,88.0,96.0,99.0,102.0,107.0,112.0,117.0,122.0,125.0,128.0,138.0,152.0,inferred
Newcastle-under-Lyme,2021-10-08,70.0,80.0,87.0,90.0,92.0,97.0,102.0,107.0,112.0,115.0,118.0,127.0,139.0,inferred
Newcastle-under-Lyme,2021-10-09,57.0,68.0,74.0,76.0,78.0,83.0,87.0,92.0,96.0,99.0,103.0,111.1,125.0,inferred
Newcastle-under-Lyme,2021-10-10,63.0,73.0,81.0,83.0,85.0,90.0,95.0,99.0,105.0,108.0,111.0,119.0,133.0,inferred
Newcastle-under-Lyme,2021-10-11,91.5,104.0,114.0,116.0,119.0,124.0,130.0,136.0,141.0,145.0,148.0,158.1,175.5,inferred
Newcastle-under-Lyme,2021-10-12,86.0,98.0,107.0,111.0,114.0,118.0,123.0,129.0,135.0,138.0,141.0,152.0,168.0,inferred
Newcastle-under-Lyme,2021-10-13,86.0,99.0,106.0,110.0,112.0,118.0,123.0,128.0,134.0,137.2,141.0,152.0,168.0,inferred
Newcastle-under-Lyme,2021-10-14,79.0,92.0,100.0,103.0,107.0,112.0,116.0,122.0,128.0,131.0,136.0,146.0,162.0,inferred
Newcastle-under-Lyme,2021-10-15,69.0,81.0,89.0,91.8,94.0,100.0,105.0,110.0,116.0,118.0,123.0,132.0,152.0,inferred
Newham,2021-07-03,52.0,59.0,65.0,67.0,69.0,72.0,76.0,79.0,84.0,86.0,89.0,95.0,107.0,inferred
Newham,2021-07-04,55.5,63.0,69.0,71.0,73.0,76.0,80.0,83.4,88.0,90.0,93.0,100.0,111.0,inferred
Newham,2021-07-05,82.0,92.0,99.0,101.0,104.0,108.0,112.0,117.0,122.0,124.2,128.0,137.0,149.5,inferred
Newham,2021-07-06,82.0,92.0,98.0,101.0,103.0,108.0,112.0,116.0,121.0,123.0,126.0,134.0,148.0,inferred
Newham,2021-07-07,85.0,97.0,104.0,107.0,109.0,114.0,118.0,122.0,127.0,129.0,132.0,141.0,154.0,inferred
Newham,2021-07-08,86.5,98.0,105.0,108.0,110.0,114.0,119.0,123.0,128.0,131.0,134.0,142.1,156.0,inferred
Newham,2021-07-09,84.0,94.0,101.0,104.0,106.7,111.0,115.0,119.0,124.0,127.0,130.0,138.0,152.0,inferred
Newham,2021-07-10,72.0,82.0,89.0,91.0,94.0,98.0,103.0,106.0,111.0,114.0,117.0,127.0,140.0,inferred
Newham,2021-07-11,78.0,88.0,94.0,97.0,99.0,103.0,108.0,112.0,117.0,120.0,123.0,130.0,143.0,inferred
Newham,2021-07-12,117.0,129.9,139.0,142.0,146.0,151.6,157.0,162.0,168.0,171.0,175.0,185.0,200.0,inferred
Newham,2021-07-13,117.0,130.0,139.0,142.0,145.0,151.0,156.0,162.0,168.0,170.0,174.0,182.0,197.5,inferred
Newham,2021-07-14,124.0,136.0,145.0,148.0,151.0,156.0,162.0,167.0,172.0,175.0,179.0,189.0,203.0,inferred
Newham,2021-07-15,123.0,134.9,142.0,146.0,148.0,154.0,159.0,164.4,171.0,174.0,178.0,188.0,204.0,inferred
Newham,2021-07-16,110.0,123.9,131.0,135.0,138.0,144.0,148.0,153.0,158.0,161.0,164.0,174.0,191.0,inferred
Newham,2021-07-17,94.0,105.0,113.0,116.0,118.0,123.0,127.0,132.0,137.0,140.0,143.0,151.0,165.5,inferred
Newham,2021-07-18,98.0,108.0,116.0,119.0,121.0,126.0,130.0,135.0,141.0,144.0,147.2,155.1,169.0,inferred
Newham,2021-07-19,137.0,151.0,161.0,165.0,168.0,174.0,180.0,185.0,191.0,196.0,199.0,209.0,226.0,inferred
Newham,2021-07-20,132.5,144.0,152.0,155.8,158.0,164.0,170.0,176.0,182.0,186.0,190.0,200.0,217.0,inferred
Newham,2021-07-21,125.0,139.0,148.8,152.0,154.0,160.0,166.0,171.0,177.0,180.0,184.0,197.0,215.5,inferred
Newham,2021-07-22,119.0,131.0,139.0,142.0,144.0,150.0,155.0,159.0,164.0,168.0,171.2,181.0,198.0,inferred
Newham,2021-07-23,100.0,112.0,119.0,122.0,125.0,129.0,134.0,139.0,144.3,148.0,152.0,161.0,176.0,inferred
Newham,2021-07-24,80.0,89.0,96.0,99.0,101.0,106.0,110.0,114.0,119.0,121.0,124.0,131.0,144.5,inferred
Newham,2021-07-25,75.0,87.0,93.0,96.0,98.0,103.0,107.0,111.0,116.0,119.0,122.0,129.0,146.0,inferred
Newham,2021-07-26,105.0,117.0,125.0,128.0,131.0,136.0,141.0,146.0,151.0,154.0,157.0,166.0,180.0,inferred
Newham,2021-07-27,100.0,112.0,120.0,123.0,126.0,131.0,135.0,140.0,145.0,148.0,151.0,159.0,173.0,inferred
Newham,2021-07-28,105.5,117.0,124.0,128.0,130.0,135.6,141.0,146.0,151.0,154.2,158.0,167.0,180.0,inferred
Newham,2021-07-29,104.0,115.9,124.0,127.0,130.0,135.0,140.0,145.0,150.0,153.0,156.0,166.0,181.5,inferred
Newham,2021-07-30,98.0,108.0,116.0,119.0,122.0,127.0,132.0,137.0,142.0,144.0,148.0,157.0,171.0,inferred
Newham,2021-07-31,84.0,94.0,101.0,104.0,107.0,110.0,115.0,120.0,125.0,128.0,131.0,139.0,153.0,inferred
Newham,2021-08-01,87.0,97.0,105.0,108.0,111.0,115.0,120.0,125.0,129.0,132.0,135.0,143.0,158.0,inferred
Newham,2021-08-02,126.0,140.0,149.0,152.0,155.0,160.0,167.0,172.0,178.0,182.0,186.0,197.0,214.0,inferred
Newham,2021-08-03,124.5,137.0,146.0,150.0,152.0,159.0,165.0,170.0,175.0,178.0,182.0,192.0,208.0,inferred
Newham,2021-08-04,127.0,140.0,149.0,153.0,156.0,162.6,168.0,174.0,179.0,182.0,186.0,194.1,212.0,inferred
Newham,2021-08-05,122.5,137.0,146.0,150.0,152.0,158.0,164.0,169.0,175.0,179.0,182.0,192.0,207.0,inferred
Newham,2021-08-06,114.0,126.9,134.0,137.0,140.0,145.0,150.0,156.0,162.0,165.0,169.0,178.0,194.0,inferred
Newham,2021-08-07,96.0,109.0,116.0,119.0,121.0,126.0,130.0,135.0,141.0,143.0,147.0,154.0,167.0,inferred
Newham,2021-08-08,98.0,110.0,117.0,120.0,122.0,127.0,132.0,137.0,142.0,145.0,148.0,156.0,171.0,inferred
Newham,2021-08-09,140.0,153.0,162.0,166.0,169.0,175.0,181.0,187.0,194.0,197.0,200.0,213.0,227.5,inferred
Newham,2021-08-10,130.0,145.0,154.0,157.0,161.0,167.0,172.0,178.0,184.0,188.0,190.0,201.0,218.0,inferred
Newham,2021-08-11,134.0,146.0,154.0,157.0,161.0,166.0,172.0,177.0,183.0,187.0,190.0,200.0,217.0,inferred
Newham,2021-08-12,123.5,136.0,144.8,148.0,151.0,157.0,162.0,167.0,173.0,176.0,180.2,189.1,204.0,inferred
Newham,2021-08-13,108.0,121.0,130.0,133.0,136.0,141.0,145.0,150.0,155.0,157.0,160.0,170.0,185.0,inferred
Newham,2021-08-14,87.0,98.0,104.0,107.0,110.0,114.0,118.5,123.0,128.0,131.0,134.0,144.0,160.0,inferred
Newham,2021-08-15,84.5,96.0,103.0,106.0,108.0,112.0,117.0,121.0,126.0,129.0,132.0,140.0,155.0,inferred
Newham,2021-08-16,118.0,130.0,139.0,141.0,144.0,150.0,155.0,160.0,166.0,170.0,174.0,183.0,198.0,inferred
Newham,2021-08-17,110.0,123.0,131.0,134.0,137.0,142.0,146.0,151.0,157.0,159.0,162.2,171.1,187.0,inferred
Newham,2021-08-18,109.0,119.0,128.0,131.0,135.0,139.0,144.0,148.4,153.0,156.0,160.0,169.0,184.0,inferred
Newham,2021-08-19,100.0,110.0,119.0,122.0,125.0,130.0,134.0,138.0,143.0,146.0,150.0,159.0,174.0,inferred
Newham,2021-08-20,86.5,99.0,105.0,109.0,111.0,116.0,120.0,124.0,129.0,132.0,135.0,145.0,160.0,inferred
Newham,2021-08-21,70.0,79.0,86.0,88.0,90.0,94.0,98.0,103.0,108.0,111.0,113.0,120.0,132.0,inferred
Newham,2021-08-22,68.0,77.0,84.0,87.0,89.0,93.0,98.0,102.0,106.0,109.0,112.0,119.0,131.0,inferred
Newham,2021-08-23,94.0,104.0,113.0,116.0,119.0,123.0,128.0,133.0,139.0,142.0,146.0,154.0,168.0,inferred
Newham,2021-08-24,87.0,99.0,106.0,109.0,111.0,115.0,120.0,124.0,130.0,132.0,135.0,144.1,158.5,inferred
Newham,2021-08-25,89.0,98.9,106.0,109.0,112.0,117.0,122.0,126.0,131.0,134.0,138.0,146.0,159.0,inferred
Newham,2021-08-26,84.0,94.9,102.0,105.0,108.0,112.0,117.0,120.0,125.0,129.0,132.0,141.0,156.5,inferred
Newham,2021-08-27,77.0,86.0,93.0,95.0,98.0,102.0,107.0,111.0,116.0,119.0,122.0,130.0,142.5,inferred
Newham,2021-08-28,62.0,72.0,79.0,81.0,83.0,87.0,91.0,95.0,99.0,102.0,105.0,112.0,123.5,inferred
Newham,2021-08-29,62.5,72.0,78.0,81.0,83.0,88.0,91.0,94.4,99.0,102.0,104.0,111.0,122.0,inferred
Newham,2021-08-30,90.0,100.0,109.0,111.0,114.0,119.0,124.0,128.0,134.0,137.0,140.0,149.0,163.0,inferred
Newham,2021-08-31,87.0,97.0,105.0,108.0,111.0,115.0,120.0,125.0,130.0,133.0,136.0,145.0,160.0,inferred
Newham,2021-09-01,92.5,102.0,108.0,111.0,114.0,119.0,124.0,128.0,132.0,135.0,139.0,148.0,160.5,inferred
Newham,2021-09-02,87.0,99.0,106.0,109.0,112.0,116.0,120.0,125.0,130.0,133.0,136.0,144.0,157.5,inferred
Newham,2021-09-03,81.0,92.0,99.0,101.0,104.0,108.0,113.0,117.0,122.3,125.0,128.0,136.0,149.5,inferred
Newham,2021-09-04,69.0,78.9,84.0,87.0,89.0,93.0,97.0,101.0,105.0,107.0,110.0,117.1,131.0,inferred
Newham,2021-09-05,69.0,79.0,86.0,88.0,90.0,95.0,99.0,103.0,107.0,110.0,113.0,121.0,132.5,inferred
Newham,2021-09-06,102.0,113.0,119.0,122.0,126.0,131.0,136.0,141.0,146.0,148.2,152.0,162.0,177.0,inferred
Newham,2021-09-07,91.0,104.0,111.0,114.0,117.0,122.0,127.0,132.0,137.0,140.0,143.0,152.0,165.5,inferred
Newham,2021-09-08,89.0,100.0,108.0,111.0,113.0,118.0,122.0,127.0,132.0,135.0,138.0,149.0,163.0,inferred
Newham,2021-09-09,76.0,89.0,95.0,98.0,101.0,106.0,110.0,115.0,119.0,122.0,126.0,134.0,147.0,inferred
Newham,2021-09-10,69.0,76.0,83.0,85.0,88.0,91.0,95.5,99.0,104.0,107.0,110.0,118.0,129.0,inferred
Newham,2021-09-11,51.0,60.0,64.0,66.0,68.0,73.0,76.0,79.0,83.0,86.0,88.0,93.1,104.0,inferred
Newham,2021-09-12,46.5,55.0,61.0,63.0,65.0,69.0,72.0,76.0,79.0,81.0,83.0,90.0,101.5,inferred
Newham,2021-09-13,65.0,73.0,79.0,82.0,84.0,89.0,93.0,97.0,102.0,104.0,107.0,114.0,126.0,inferred
Newham,2021-09-14,60.0,68.0,75.0,78.0,80.0,84.0,88.0,91.4,96.0,98.0,100.2,108.1,119.0,inferred
Newham,2021-09-15,60.0,69.0,76.0,79.0,81.0,84.6,88.0,92.0,96.0,99.0,102.0,109.0,121.0,inferred
Newham,2021-09-16,60.0,68.0,75.0,77.0,79.0,83.0,86.0,90.0,94.0,97.0,100.0,107.0,119.0,inferred
Newham,2021-09-17,55.0,62.0,68.0,70.0,72.0,76.0,79.0,83.0,87.0,90.0,93.0,100.0,111.0,inferred
Newham,2021-09-18,44.0,53.0,57.0,59.0,61.0,65.0,68.0,72.0,75.0,78.0,80.0,87.0,98.0,inferred
Newham,2021-09-19,45.0,53.0,58.0,60.0,62.0,66.0,68.0,72.0,76.0,78.0,81.0,89.0,99.0,inferred
Newham,2021-09-20,65.5,75.0,81.0,84.0,86.0,90.0,94.0,98.0,103.0,105.0,109.0,116.0,128.0,inferred
Newham,2021-09-21,63.0,73.0,79.0,83.0,85.0,88.0,92.0,96.0,100.0,103.0,105.0,113.0,125.0,inferred
Newham,2021-09-22,63.0,73.0,79.0,82.0,85.0,89.0,92.0,96.0,101.0,103.0,106.0,113.0,126.0,inferred
Newham,2021-09-23,62.0,71.9,77.0,80.0,81.0,86.0,89.0,93.0,98.0,100.0,104.0,111.0,124.0,inferred
Newham,2021-09-24,57.0,64.0,70.0,73.0,75.0,78.0,82.0,85.0,90.0,92.0,95.0,102.0,113.0,inferred
Newham,2021-09-25,46.0,53.9,59.0,61.0,63.0,67.0,70.0,73.0,77.0,79.0,81.0,89.0,98.0,inferred
Newham,2021-09-26,48.0,55.0,60.0,63.0,64.0,68.0,71.0,75.0,79.0,80.2,83.0,90.0,103.0,inferred
Newham,2021-09-27,67.0,77.0,84.0,86.0,88.0,92.0,96.0,100.0,104.0,107.0,110.0,118.0,129.5,inferred
Newham,2021-09-28,64.0,74.0,81.0,83.0,85.0,89.0,94.0,98.0,102.3,105.0,107.0,116.0,127.5,inferred
Newham,2021-09-29,64.5,75.0,82.0,85.0,87.0,91.0,95.0,99.0,103.0,106.0,109.0,116.0,127.0,inferred
Newham,2021-09-30,64.0,72.0,77.0,80.0,82.0,86.6,90.0,94.0,99.0,101.0,104.0,111.0,123.0,inferred
Newham,2021-10-01,57.5,65.0,71.0,73.0,75.7,79.0,82.0,86.0,90.0,93.0,96.0,103.0,114.0,inferred
Newham,2021-10-02,47.0,53.0,59.0,61.0,63.0,66.0,69.0,73.0,77.0,78.0,81.0,88.0,99.0,inferred
Newham,2021-10-03,46.0,53.0,59.0,60.0,63.0,66.0,70.0,73.0,77.0,79.0,81.0,88.0,99.0,inferred
Newham,2021-10-04,68.0,76.0,82.0,84.0,87.0,91.0,95.0,99.0,104.0,106.0,108.2,116.0,131.0,inferred
Newham,2021-10-05,64.0,73.0,79.0,81.0,83.0,87.0,91.0,95.0,100.0,102.0,104.0,112.1,126.0,inferred
Newham,2021-10-06,65.0,75.0,80.8,83.0,85.0,90.0,94.0,98.0,102.0,105.0,107.0,114.0,127.0,inferred
Newham,2021-10-07,64.0,73.0,79.0,81.0,84.0,88.0,92.0,96.0,100.3,103.0,106.0,113.0,127.0,inferred
Newham,2021-10-08,58.0,67.0,73.0,75.0,77.0,81.0,85.0,89.0,93.0,96.0,99.0,106.1,118.0,inferred
Newham,2021-10-09,49.0,56.9,62.0,65.0,66.0,70.0,74.0,77.0,81.0,83.0,86.0,93.0,105.5,inferred
Newham,2021-10-10,49.0,58.0,64.0,66.0,68.0,72.0,76.0,80.0,84.0,86.0,89.0,96.0,105.0,inferred
Newham,2021-10-11,74.0,84.0,91.0,94.0,97.0,101.0,105.0,110.0,115.0,118.0,121.0,129.0,143.0,inferred
Newham,2021-10-12,74.0,82.0,89.0,92.0,95.0,98.0,103.0,107.0,112.0,115.0,117.0,125.0,137.0,inferred
Newham,2021-10-13,75.0,84.0,90.0,93.0,95.0,100.0,105.0,109.0,114.0,116.0,119.0,128.0,141.5,inferred
Newham,2021-10-14,71.5,80.9,88.0,91.0,93.0,97.0,102.0,106.0,110.0,113.0,116.0,125.0,139.0,inferred
Newham,2021-10-15,65.0,74.0,80.0,83.0,85.0,89.0,94.0,98.0,103.0,105.0,108.0,115.0,127.5,inferred
Newport,2021-07-03,9.0,12.0,15.0,15.0,16.0,18.0,19.0,20.0,22.0,23.0,24.0,27.0,32.0,inferred
Newport,2021-07-04,11.0,13.0,16.0,16.0,17.0,19.0,20.0,22.0,23.0,24.0,26.0,28.0,33.0,inferred
Newport,2021-07-05,18.0,22.0,25.0,26.0,27.0,29.0,30.0,32.0,34.0,35.0,36.0,40.0,45.5,inferred
Newport,2021-07-06,19.0,23.0,26.0,27.0,28.0,30.0,32.0,33.0,35.0,37.0,38.0,41.0,46.0,inferred
Newport,2021-07-07,19.0,24.0,27.0,28.0,29.0,31.0,33.0,35.0,36.0,37.0,39.0,42.0,47.0,inferred
Newport,2021-07-08,20.0,24.9,27.0,28.0,29.0,31.0,33.0,35.0,37.0,38.0,39.0,43.0,49.0,inferred
Newport,2021-07-09,19.0,22.0,25.0,26.0,27.0,29.0,31.0,32.0,34.0,35.0,37.0,40.0,45.0,inferred
Newport,2021-07-10,15.0,19.0,21.0,22.0,23.0,25.0,27.0,29.0,30.0,32.0,33.0,36.0,41.5,inferred
Newport,2021-07-11,16.0,20.0,23.0,24.0,25.0,27.0,28.0,30.0,32.0,33.0,34.0,38.0,44.0,inferred
Newport,2021-07-12,26.0,31.0,34.0,36.0,37.0,39.0,41.0,44.0,46.0,47.0,49.0,53.0,60.0,inferred
Newport,2021-07-13,26.0,32.0,35.0,36.0,38.0,40.0,42.0,44.0,47.0,48.0,50.0,53.0,59.0,inferred
Newport,2021-07-14,26.0,31.0,34.0,36.0,37.0,39.0,42.0,44.0,46.0,47.0,49.0,53.0,60.0,inferred
Newport,2021-07-15,25.0,30.0,33.0,34.0,35.0,37.0,39.0,42.0,44.0,45.0,46.0,50.0,56.0,inferred
Newport,2021-07-16,21.0,25.0,28.0,29.0,30.0,32.0,34.0,36.0,38.0,39.0,40.0,44.0,50.0,inferred
Newport,2021-07-17,16.0,20.0,23.0,24.0,25.0,27.0,28.0,30.0,32.0,33.0,34.0,38.0,43.0,inferred
Newport,2021-07-18,16.0,20.0,23.0,24.0,24.0,26.0,28.0,30.0,32.0,33.0,34.0,38.0,43.0,inferred
Newport,2021-07-19,23.0,27.0,31.0,32.0,33.0,35.0,37.0,39.0,42.0,43.0,45.0,49.0,56.0,inferred
Newport,2021-07-20,23.0,27.0,30.0,32.0,33.0,35.0,37.0,39.0,41.0,43.0,44.0,48.0,54.0,inferred
Newport,2021-07-21,22.0,27.0,30.0,31.0,32.0,34.0,36.0,38.0,41.0,42.0,43.0,47.0,53.0,inferred
Newport,2021-07-22,21.5,25.0,28.0,29.0,31.0,33.0,35.0,37.0,39.0,40.0,41.0,45.0,51.5,inferred
Newport,2021-07-23,18.0,22.0,25.0,26.0,27.0,29.0,31.0,32.0,34.0,35.0,36.2,40.0,45.0,inferred
Newport,2021-07-24,14.0,17.0,20.0,21.0,22.0,24.0,26.0,27.0,29.0,30.0,32.0,34.0,40.0,inferred
Newport,2021-07-25,14.0,17.0,20.0,21.0,22.0,23.0,25.0,27.0,29.0,30.0,31.0,34.0,39.0,inferred
Newport,2021-07-26,20.0,25.0,28.0,29.0,30.0,32.0,34.0,36.0,39.0,40.0,41.0,45.0,51.0,inferred
Newport,2021-07-27,21.0,25.0,28.0,30.0,31.0,33.0,35.0,37.0,39.0,40.0,42.0,46.0,52.0,inferred
Newport,2021-07-28,22.0,26.0,29.0,30.0,31.0,33.0,35.0,37.0,39.0,41.0,42.0,46.0,52.0,inferred
Newport,2021-07-29,21.0,26.0,29.0,30.0,31.0,33.0,35.0,37.0,39.0,40.0,41.0,45.0,52.0,inferred
Newport,2021-07-30,18.0,23.0,26.0,27.0,28.0,29.6,32.0,33.0,35.0,36.0,38.0,41.0,47.5,inferred
Newport,2021-07-31,15.0,20.0,22.0,23.0,24.0,26.0,28.0,30.0,32.0,33.0,34.0,37.0,42.0,inferred
Newport,2021-08-01,16.0,20.0,23.0,24.0,25.0,27.0,28.0,30.0,32.0,33.0,35.0,38.0,44.0,inferred
Newport,2021-08-02,25.0,30.0,34.0,35.0,36.0,39.0,41.0,43.0,45.0,47.0,48.0,52.0,59.0,inferred
Newport,2021-08-03,27.0,32.0,35.0,37.0,38.0,40.0,43.0,45.0,47.0,49.0,50.0,54.0,60.0,inferred
Newport,2021-08-04,29.0,33.0,37.0,39.0,40.0,42.0,45.0,47.0,50.0,51.0,53.0,57.0,64.0,inferred
Newport,2021-08-05,30.0,35.0,39.0,40.0,41.0,44.0,46.0,48.0,50.0,52.0,54.0,58.0,64.0,inferred
Newport,2021-08-06,27.0,33.0,36.0,37.0,39.0,41.0,43.0,45.0,47.0,49.0,50.0,54.0,60.0,inferred
Newport,2021-08-07,24.0,29.0,32.0,33.0,34.0,36.0,38.0,41.0,43.0,44.0,45.0,49.0,55.0,inferred
Newport,2021-08-08,26.0,31.0,33.0,35.0,36.0,38.0,40.0,42.0,45.0,46.0,47.2,51.0,59.0,inferred
Newport,2021-08-09,41.0,47.0,51.0,52.0,53.0,56.0,59.0,61.0,65.0,66.0,68.0,73.0,81.0,inferred
Newport,2021-08-10,43.0,49.0,54.0,56.0,57.0,60.0,63.0,66.0,69.0,71.0,73.0,78.0,87.0,inferred
Newport,2021-08-11,46.0,52.0,57.0,58.0,60.0,63.0,65.0,68.0,71.0,73.0,75.0,80.0,88.0,inferred
Newport,2021-08-12,46.5,53.0,58.0,60.0,62.0,65.0,67.0,69.0,73.0,74.0,76.0,81.1,89.0,inferred
Newport,2021-08-13,43.0,50.0,54.0,56.0,57.0,60.0,63.0,65.0,68.0,70.0,71.2,77.0,85.0,inferred
Newport,2021-08-14,38.0,44.0,48.0,50.0,51.0,54.0,56.0,59.0,62.0,63.0,65.0,70.0,76.0,inferred
Newport,2021-08-15,40.0,47.0,51.0,53.0,54.0,57.0,59.0,62.0,65.0,66.0,68.0,72.0,81.0,inferred
Newport,2021-08-16,62.0,69.0,75.0,77.0,79.0,82.0,85.0,89.0,92.0,94.0,96.0,103.0,112.0,inferred
Newport,2021-08-17,65.0,73.0,77.0,80.0,82.0,85.0,88.0,92.0,95.0,97.0,99.0,105.0,116.0,inferred
Newport,2021-08-18,68.0,75.0,80.0,81.0,83.0,86.0,89.0,93.0,97.0,99.0,101.0,107.0,118.0,inferred
Newport,2021-08-19,65.0,71.0,77.0,79.0,81.0,84.0,87.0,90.0,94.0,96.0,98.0,103.0,113.0,inferred
Newport,2021-08-20,57.0,64.0,69.0,70.0,72.0,75.0,78.0,81.0,84.0,86.0,88.0,94.0,102.5,inferred
Newport,2021-08-21,47.0,55.0,58.0,60.0,62.0,65.0,67.0,70.0,74.0,75.0,77.0,82.0,91.0,inferred
Newport,2021-08-22,48.0,55.0,60.0,61.0,63.0,66.0,69.0,72.0,75.0,76.0,78.0,83.0,91.0,inferred
Newport,2021-08-23,70.0,79.0,85.0,87.0,89.0,93.0,96.0,99.0,102.0,104.0,107.0,114.0,125.0,inferred
Newport,2021-08-24,73.0,80.0,86.0,89.0,91.0,95.0,98.0,102.0,105.0,107.0,110.0,117.0,126.5,inferred
Newport,2021-08-25,74.0,83.0,88.0,90.0,93.0,96.0,100.0,103.0,106.0,109.0,111.0,117.0,128.0,inferred
Newport,2021-08-26,72.5,81.0,87.0,89.0,91.0,94.0,98.0,101.0,104.0,106.0,109.0,115.0,125.0,inferred
Newport,2021-08-27,65.0,73.0,78.0,79.0,81.0,84.0,88.0,91.0,94.0,96.0,98.0,104.0,113.0,inferred
Newport,2021-08-28,55.0,62.0,67.0,69.0,70.0,73.0,76.0,79.0,82.0,84.0,86.0,91.0,99.5,inferred
Newport,2021-08-29,57.0,64.0,69.0,71.0,72.0,75.0,78.0,80.0,83.0,85.0,87.0,93.0,102.0,inferred
Newport,2021-08-30,84.0,93.0,98.0,100.8,102.0,106.0,110.0,113.0,117.0,119.0,122.0,129.0,140.0,inferred
Newport,2021-08-31,83.0,94.0,100.0,102.0,105.0,108.0,111.0,115.0,119.0,121.0,124.0,130.0,139.0,inferred
Newport,2021-09-01,84.0,93.0,99.0,101.0,103.0,107.0,111.0,115.0,119.0,120.0,123.0,129.0,140.0,inferred
Newport,2021-09-02,81.0,89.0,96.0,98.0,100.0,104.0,108.0,111.0,114.0,116.0,118.0,125.0,136.0,inferred
Newport,2021-09-03,71.5,79.0,85.0,86.0,88.0,91.0,95.0,98.0,101.0,103.0,106.0,111.0,121.0,inferred
Newport,2021-09-04,59.0,67.0,71.0,73.0,75.0,78.0,80.0,84.0,86.0,88.0,90.0,96.0,105.5,inferred
Newport,2021-09-05,58.0,66.0,71.0,72.0,74.0,77.0,80.0,83.0,86.0,88.0,90.0,95.0,103.0,inferred
Newport,2021-09-06,84.0,93.0,100.0,102.0,104.0,108.0,111.0,115.0,119.0,122.0,124.0,131.0,142.0,inferred
Newport,2021-09-07,84.0,93.0,98.0,101.0,103.0,107.0,111.0,114.0,118.0,120.0,123.0,129.0,140.0,inferred
Newport,2021-09-08,84.0,91.0,97.0,99.0,101.0,105.0,109.0,112.0,116.0,118.0,121.0,127.0,136.5,inferred
Newport,2021-09-09,79.0,87.0,93.0,95.0,97.0,101.0,104.0,107.0,111.0,113.0,116.0,122.0,131.0,inferred
Newport,2021-09-10,70.0,77.0,82.0,84.0,86.0,89.0,92.0,95.0,99.0,101.0,103.0,110.0,119.0,inferred
Newport,2021-09-11,56.0,65.0,69.0,71.0,73.0,76.0,79.0,81.0,84.0,86.0,89.0,94.0,104.0,inferred
Newport,2021-09-12,55.0,64.0,69.0,71.0,72.0,76.0,79.0,82.0,85.0,87.0,89.0,94.1,104.0,inferred
Newport,2021-09-13,82.0,90.0,97.0,99.0,102.0,106.0,109.0,113.0,117.0,119.0,121.0,129.0,138.0,inferred
Newport,2021-09-14,85.0,95.0,101.0,104.0,106.0,110.0,113.0,117.0,121.0,123.0,125.0,132.0,145.0,inferred
Newport,2021-09-15,93.5,102.0,109.0,110.0,113.0,116.6,120.0,124.0,128.0,130.0,133.0,140.0,151.0,inferred
Newport,2021-09-16,98.0,107.0,113.0,116.0,118.0,121.0,125.0,128.0,132.0,135.0,138.0,145.0,154.0,inferred
Newport,2021-09-17,93.0,102.0,108.0,110.0,112.0,115.0,119.0,123.0,126.3,129.0,132.0,138.0,147.0,inferred
Newport,2021-09-18,84.0,92.0,98.0,100.0,102.0,105.0,108.0,112.0,116.0,118.0,120.0,126.0,136.0,inferred
Newport,2021-09-19,90.0,98.0,104.0,106.0,108.0,112.0,116.0,119.0,124.0,126.0,128.2,136.0,147.0,inferred
Newport,2021-09-20,135.0,146.0,153.0,157.0,159.0,164.0,169.0,174.0,179.0,182.0,185.0,194.0,208.0,inferred
Newport,2021-09-21,136.0,148.0,156.0,159.0,162.7,167.0,171.0,176.0,181.3,184.0,187.0,196.0,209.0,inferred
Newport,2021-09-22,132.0,143.0,151.0,154.0,156.0,161.0,165.0,170.0,175.0,178.0,181.0,189.0,201.0,inferred
Newport,2021-09-23,122.0,132.0,138.0,140.0,142.0,148.0,151.0,156.0,160.0,162.0,165.2,173.0,185.0,inferred
Newport,2021-09-24,100.0,108.0,115.0,118.0,120.0,124.0,127.0,130.4,134.0,137.0,139.0,147.0,159.0,inferred
Newport,2021-09-25,77.5,86.0,91.0,94.0,96.0,100.0,103.0,107.0,110.0,112.0,114.0,121.0,131.0,inferred
Newport,2021-09-26,73.0,81.0,87.0,89.0,90.0,94.0,97.0,100.0,104.0,106.0,109.0,115.0,125.0,inferred
Newport,2021-09-27,100.0,109.0,115.8,118.0,120.0,124.0,128.0,132.0,137.0,139.0,141.2,148.0,161.5,inferred
Newport,2021-09-28,94.0,104.0,110.0,113.0,115.0,119.0,123.0,127.0,131.0,134.0,136.0,144.0,154.0,inferred
Newport,2021-09-29,91.0,100.0,106.0,109.0,111.0,115.0,119.0,122.0,127.0,128.0,131.0,137.0,147.5,inferred
Newport,2021-09-30,85.0,94.0,100.0,101.0,104.0,107.0,111.0,115.0,119.0,121.0,123.0,129.0,139.0,inferred
Newport,2021-10-01,71.0,79.9,85.0,87.0,89.0,92.0,95.0,98.0,101.0,103.0,106.0,112.0,122.0,inferred
Newport,2021-10-02,57.0,65.0,69.0,71.8,73.0,76.0,79.0,82.0,85.0,86.0,88.0,94.0,102.0,inferred
Newport,2021-10-03,54.0,61.0,67.0,68.0,70.0,73.0,76.0,79.0,83.0,84.0,87.0,92.0,100.0,inferred
Newport,2021-10-04,76.0,86.0,92.0,94.0,96.0,100.0,103.0,107.0,111.0,113.0,115.0,121.1,133.0,inferred
Newport,2021-10-05,78.0,86.0,91.8,94.0,96.0,99.0,103.0,106.0,110.0,112.0,114.0,120.0,130.0,inferred
Newport,2021-10-06,80.5,89.0,95.0,97.0,99.0,102.0,106.0,109.0,114.0,116.0,118.0,125.0,136.0,inferred
Newport,2021-10-07,80.5,89.9,95.0,98.0,100.0,103.0,107.0,111.0,114.0,117.0,120.0,125.0,137.0,inferred
Newport,2021-10-08,76.0,83.0,88.0,91.0,92.0,95.0,98.0,102.0,106.0,108.0,110.0,116.0,126.0,inferred
Newport,2021-10-09,64.0,71.0,77.0,79.0,80.0,84.0,87.0,90.0,94.0,96.0,98.0,104.0,113.0,inferred
Newport,2021-10-10,68.0,76.0,81.0,83.0,85.0,88.0,91.0,94.0,98.0,100.0,102.0,107.0,118.0,inferred
Newport,2021-10-11,102.0,111.0,118.0,121.0,123.0,129.0,133.0,137.0,141.0,144.0,147.0,154.0,167.0,inferred
Newport,2021-10-12,114.0,125.0,132.0,134.8,137.0,142.0,146.0,150.0,155.0,158.0,161.0,169.0,181.0,inferred
Newport,2021-10-13,132.0,142.9,150.0,152.0,155.0,159.0,164.0,169.0,173.0,176.0,179.0,188.0,202.0,inferred
Newport,2021-10-14,143.5,156.0,164.0,168.0,171.0,177.0,182.0,188.0,193.0,197.0,200.2,210.0,225.5,inferred
Newport,2021-10-15,143.0,156.0,165.0,169.0,172.0,178.0,184.0,190.0,197.0,200.2,204.0,215.0,234.0,inferred
North Ayrshire,2021-07-03,57.5,86.9,110.0,119.0,126.0,145.0,165.0,185.0,208.0,219.0,234.0,271.0,361.0,inferred
North Ayrshire,2021-07-04,54.0,77.0,96.0,105.0,114.0,132.0,148.0,164.0,187.0,198.0,212.0,249.1,316.5,inferred
North Ayrshire,2021-07-05,32.0,57.0,75.0,84.0,92.0,109.0,124.0,140.0,159.0,168.0,185.0,223.1,287.0,inferred
North Ayrshire,2021-07-06,38.0,62.0,84.0,92.0,99.0,113.0,129.0,144.0,163.0,176.0,191.0,232.1,306.1,inferred
North Ayrshire,2021-07-07,47.5,74.9,94.0,104.0,112.0,129.0,146.0,166.0,189.0,201.0,213.0,251.0,320.5,inferred
North Ayrshire,2021-07-08,29.5,51.0,71.0,78.0,87.0,101.0,117.0,133.0,151.0,161.0,174.0,210.2,297.0,inferred
North Ayrshire,2021-07-09,33.0,55.0,74.0,81.0,88.0,103.0,118.5,133.0,151.0,163.2,177.0,216.1,285.7,inferred
North Ayrshire,2021-07-10,40.0,60.0,81.0,89.8,96.7,113.0,127.0,144.0,162.0,176.0,192.0,236.0,316.5,inferred
North Ayrshire,2021-07-11,33.0,54.0,75.0,82.0,89.0,105.0,119.0,137.0,157.3,171.0,183.0,219.0,285.0,inferred
North Ayrshire,2021-07-12,22.0,42.0,57.0,64.0,72.0,86.0,100.0,115.0,131.0,142.0,155.0,196.0,260.0,inferred
North Ayrshire,2021-07-13,20.0,41.0,57.0,65.0,72.0,87.6,102.0,117.0,133.0,143.0,155.0,189.0,258.5,inferred
North Ayrshire,2021-07-14,30.0,53.0,70.0,78.0,86.0,100.6,114.0,128.0,148.0,158.0,172.0,211.1,275.0,inferred
North Ayrshire,2021-07-15,19.0,35.0,50.0,57.0,64.0,77.0,91.0,108.0,125.0,136.2,148.0,185.0,246.0,inferred
North Ayrshire,2021-07-16,18.0,35.0,52.0,59.0,66.0,78.0,91.0,105.0,122.3,132.0,142.0,178.0,246.5,inferred
North Ayrshire,2021-07-17,26.0,46.0,63.0,71.0,78.0,91.0,105.0,119.0,138.3,148.0,160.0,198.1,273.5,inferred
North Ayrshire,2021-07-18,20.0,36.9,54.0,60.0,67.0,80.0,93.0,109.4,127.0,137.0,150.2,191.0,270.5,inferred
North Ayrshire,2021-07-19,15.0,28.0,42.8,48.0,52.0,64.0,75.0,87.0,105.3,114.2,126.0,164.0,222.5,inferred
North Ayrshire,2021-07-20,15.0,29.0,44.0,51.0,58.0,71.0,84.5,97.0,113.0,121.0,132.0,162.1,220.0,inferred
North Ayrshire,2021-07-21,19.0,39.9,54.0,61.0,68.7,82.0,95.0,112.0,130.0,140.0,151.2,187.1,249.5,inferred
North Ayrshire,2021-07-22,12.0,27.0,41.0,47.0,53.0,63.0,76.0,89.0,105.0,114.0,125.2,159.0,220.0,inferred
North Ayrshire,2021-07-23,13.0,27.0,41.8,47.0,53.0,65.0,76.5,90.0,106.0,117.0,128.0,166.0,228.0,inferred
North Ayrshire,2021-07-24,17.0,32.0,46.0,54.0,60.0,74.0,88.0,102.0,121.0,131.2,144.0,178.0,235.0,inferred
North Ayrshire,2021-07-25,16.0,29.0,42.0,47.0,52.0,67.0,78.0,91.0,109.0,118.0,130.0,162.1,231.5,inferred
North Ayrshire,2021-07-26,9.0,20.0,32.0,36.0,42.0,53.0,65.0,78.0,93.0,103.0,114.0,146.0,201.5,inferred
North Ayrshire,2021-07-27,10.5,23.0,35.0,40.0,45.0,55.0,66.5,81.0,97.3,107.0,117.0,152.1,226.5,inferred
North Ayrshire,2021-07-28,15.0,30.0,42.0,49.0,55.0,68.0,82.0,96.0,114.0,125.2,139.0,175.1,247.0,inferred
North Ayrshire,2021-07-29,10.0,23.0,35.0,40.0,46.0,57.0,70.0,83.0,96.0,105.0,116.0,146.0,210.5,inferred
North Ayrshire,2021-07-30,13.5,26.0,38.0,43.8,48.0,60.0,72.0,84.0,100.0,112.0,124.0,158.0,221.5,inferred
North Ayrshire,2021-07-31,17.0,32.0,47.0,53.8,59.0,72.0,86.0,99.4,116.0,124.0,136.2,171.0,230.0,inferred
North Ayrshire,2021-08-01,13.0,28.9,42.0,48.0,54.0,65.0,79.0,91.0,106.0,117.0,127.0,157.0,218.5,inferred
North Ayrshire,2021-08-02,10.0,23.0,34.0,38.0,43.0,55.0,64.0,76.0,94.0,103.0,114.0,148.0,203.5,inferred
North Ayrshire,2021-08-03,10.5,24.0,37.0,43.0,48.0,58.0,70.0,85.0,100.0,108.2,120.0,152.0,211.0,inferred
North Ayrshire,2021-08-04,21.0,35.0,50.0,57.0,63.0,75.0,88.0,101.4,120.0,130.2,141.0,180.0,239.0,inferred
North Ayrshire,2021-08-05,12.5,25.0,38.0,44.0,49.7,62.0,74.0,88.0,105.0,113.0,126.0,158.0,209.5,inferred
North Ayrshire,2021-08-06,17.0,31.0,44.0,50.0,56.0,66.0,78.0,91.0,107.0,118.0,130.0,164.0,227.0,inferred
North Ayrshire,2021-08-07,21.0,38.0,54.0,60.0,67.0,80.0,94.0,108.0,128.0,139.0,152.0,187.1,255.5,inferred
North Ayrshire,2021-08-08,18.5,36.0,53.0,60.0,67.0,80.0,93.5,107.0,127.0,137.2,150.0,184.1,251.0,inferred
North Ayrshire,2021-08-09,14.0,30.0,42.0,48.8,55.0,66.6,80.0,93.0,109.3,119.2,132.0,168.0,228.0,inferred
North Ayrshire,2021-08-10,17.0,36.0,51.0,57.0,63.0,77.0,92.0,107.0,125.3,138.0,151.0,187.0,251.0,inferred
North Ayrshire,2021-08-11,28.0,49.0,70.0,79.0,87.0,101.0,114.0,130.0,149.0,161.2,172.2,210.0,283.0,inferred
North Ayrshire,2021-08-12,22.0,40.0,55.0,63.0,68.0,80.6,97.0,112.0,130.0,139.2,152.0,192.1,250.5,inferred
North Ayrshire,2021-08-13,25.0,48.0,65.0,72.8,81.0,96.0,111.0,125.0,145.0,156.2,175.0,210.1,269.0,inferred
North Ayrshire,2021-08-14,36.0,65.9,85.0,93.0,102.0,117.6,134.5,153.0,172.0,186.0,200.0,244.0,321.0,inferred
North Ayrshire,2021-08-15,38.0,63.0,86.0,96.0,102.0,119.0,134.0,153.4,173.0,185.0,198.2,243.1,316.5,inferred
North Ayrshire,2021-08-16,33.0,51.0,69.0,76.0,84.0,101.0,116.0,132.0,153.0,165.0,178.0,216.0,278.0,inferred
North Ayrshire,2021-08-17,39.0,65.0,85.0,94.0,102.0,118.0,136.0,154.4,178.0,190.2,207.0,248.1,314.0,inferred
North Ayrshire,2021-08-18,58.5,93.9,116.0,127.0,138.0,155.0,172.0,192.0,218.0,232.0,247.0,298.1,386.5,inferred
North Ayrshire,2021-08-19,50.0,79.9,103.0,111.0,119.0,135.0,153.0,171.0,191.3,206.0,221.0,262.0,348.0,inferred
North Ayrshire,2021-08-20,61.5,92.0,117.0,126.0,136.0,156.6,176.0,197.0,220.0,235.0,252.2,299.0,391.0,inferred
North Ayrshire,2021-08-21,93.0,127.0,156.0,170.0,182.0,203.0,228.0,248.0,273.0,290.0,306.2,349.2,454.0,inferred
North Ayrshire,2021-08-22,97.5,131.0,163.0,174.8,186.0,205.0,230.0,251.0,279.0,298.0,320.2,368.1,454.0,inferred
North Ayrshire,2021-08-23,80.5,113.0,142.0,153.0,163.0,185.0,208.5,228.0,256.3,270.0,286.0,338.0,406.0,inferred
North Ayrshire,2021-08-24,101.5,142.0,173.0,186.0,198.0,225.0,250.0,272.0,299.0,317.0,339.0,386.0,475.6,inferred
North Ayrshire,2021-08-25,139.0,186.0,220.0,234.0,247.0,276.0,300.0,326.0,356.0,375.2,397.0,447.2,542.0,inferred
North Ayrshire,2021-08-26,126.0,163.0,197.0,212.0,225.0,248.0,271.0,299.0,325.0,343.0,362.2,417.0,497.5,inferred
North Ayrshire,2021-08-27,138.0,188.0,221.8,237.0,247.7,273.0,294.5,322.0,349.0,367.2,388.0,447.0,544.0,inferred
North Ayrshire,2021-08-28,193.5,245.9,284.0,298.0,313.0,339.6,374.0,402.4,439.0,458.0,483.0,538.1,650.1,inferred
North Ayrshire,2021-08-29,179.0,231.0,275.8,295.0,311.0,344.0,371.5,400.0,432.3,453.2,477.0,540.0,649.1,inferred
North Ayrshire,2021-08-30,159.0,211.0,252.0,267.0,283.0,310.0,335.0,365.0,398.0,415.2,439.0,499.0,618.1,inferred
North Ayrshire,2021-08-31,193.0,241.0,283.0,301.0,315.0,344.0,375.0,407.0,440.3,458.0,479.0,545.0,643.6,inferred
North Ayrshire,2021-09-01,232.9,294.0,341.0,357.0,373.0,409.0,440.5,478.0,514.3,535.0,558.0,624.1,742.5,inferred
North Ayrshire,2021-09-02,190.0,241.0,283.8,300.0,313.0,345.0,370.0,399.0,435.0,458.0,476.2,536.0,652.1,inferred
North Ayrshire,2021-09-03,188.5,247.9,296.0,310.0,327.0,357.6,384.0,416.4,449.0,469.0,489.0,548.2,654.0,inferred
North Ayrshire,2021-09-04,252.5,310.0,353.0,372.0,386.7,415.0,447.0,481.0,521.3,541.0,562.0,622.0,741.0,inferred
North Ayrshire,2021-09-05,212.0,278.9,321.0,340.0,356.0,389.0,419.0,451.4,484.0,504.2,532.0,595.0,702.0,inferred
North Ayrshire,2021-09-06,178.5,229.0,270.0,287.8,299.0,326.0,354.0,384.0,414.0,434.0,459.0,529.0,624.5,inferred
North Ayrshire,2021-09-07,185.5,245.9,279.8,299.0,315.7,344.6,374.0,403.0,435.0,457.0,482.0,552.1,650.5,inferred
North Ayrshire,2021-09-08,198.9,268.0,309.8,326.0,341.7,376.0,405.5,438.0,473.0,491.0,514.0,575.1,695.0,inferred
North Ayrshire,2021-09-09,144.0,193.9,233.8,247.8,263.0,293.0,318.0,345.0,374.0,390.0,414.0,477.0,572.0,inferred
North Ayrshire,2021-09-10,135.5,186.0,219.8,233.0,246.7,272.0,296.0,325.0,352.0,368.0,388.2,445.0,525.5,inferred
North Ayrshire,2021-09-11,143.0,202.0,236.0,252.8,264.0,290.6,316.0,344.4,378.0,395.0,416.0,481.0,587.6,inferred
North Ayrshire,2021-09-12,122.5,167.9,202.0,216.0,228.0,251.0,277.5,307.0,334.0,349.0,370.0,424.1,508.5,inferred
North Ayrshire,2021-09-13,86.5,125.9,153.0,165.0,178.0,197.0,215.0,239.0,266.0,279.0,295.0,336.1,427.5,inferred
North Ayrshire,2021-09-14,87.5,126.0,153.0,166.0,178.0,201.0,223.0,248.0,271.0,288.2,306.0,359.0,450.0,inferred
North Ayrshire,2021-09-15,105.0,141.0,172.0,185.0,195.0,221.0,244.0,264.0,295.0,309.0,326.2,385.1,489.0,inferred
North Ayrshire,2021-09-16,77.0,109.9,138.8,152.0,162.0,181.0,202.0,224.0,249.0,261.0,276.0,320.0,410.5,inferred
North Ayrshire,2021-09-17,73.5,109.0,139.8,152.8,162.0,184.0,205.0,227.0,250.0,264.2,282.0,326.3,399.5,inferred
North Ayrshire,2021-09-18,97.5,134.0,165.0,177.0,189.0,211.0,232.0,258.4,284.0,301.0,317.2,367.2,455.0,inferred
North Ayrshire,2021-09-19,86.0,118.0,145.0,157.8,171.0,190.0,210.0,232.0,258.0,274.2,295.2,351.0,425.6,inferred
North Ayrshire,2021-09-20,58.5,88.9,112.0,123.0,134.0,153.0,172.0,194.4,216.0,229.0,245.2,299.0,391.0,inferred
North Ayrshire,2021-09-21,67.0,101.0,129.0,141.0,151.0,171.0,191.0,213.0,240.0,256.0,274.0,325.2,421.6,inferred
North Ayrshire,2021-09-22,94.0,127.0,161.0,171.0,181.0,201.0,223.0,246.4,272.0,288.0,307.0,356.0,455.0,inferred
North Ayrshire,2021-09-23,71.0,108.0,132.0,141.0,150.0,173.0,194.0,217.0,240.0,254.0,269.2,321.0,411.6,inferred
North Ayrshire,2021-09-24,75.5,114.0,139.8,153.0,166.0,186.0,208.0,231.0,257.0,271.0,286.0,328.0,423.5,inferred
North Ayrshire,2021-09-25,99.0,148.0,180.0,194.0,207.0,228.0,252.0,277.0,303.0,318.0,337.0,386.1,486.0,inferred
North Ayrshire,2021-09-26,107.0,141.9,173.0,187.0,198.7,219.0,244.0,268.0,294.3,310.0,325.0,377.1,458.5,inferred
North Ayrshire,2021-09-27,85.0,120.0,148.0,158.0,170.0,190.0,210.0,233.0,260.0,275.0,292.0,340.0,422.0,inferred
North Ayrshire,2021-09-28,83.0,127.0,159.0,170.8,182.0,207.0,226.0,251.0,278.0,293.0,309.0,360.0,444.5,inferred
North Ayrshire,2021-09-29,107.5,149.0,181.0,193.0,204.0,230.0,254.5,278.4,309.0,327.0,348.0,403.0,481.0,inferred
North Ayrshire,2021-09-30,77.0,117.0,143.0,153.8,165.0,186.0,206.5,227.0,251.0,264.2,282.0,325.0,408.0,inferred
North Ayrshire,2021-10-01,75.0,112.0,140.0,151.0,160.0,181.0,202.0,227.0,254.0,269.0,286.2,332.1,426.0,inferred
North Ayrshire,2021-10-02,94.5,131.0,162.0,175.0,184.0,208.0,227.0,252.0,280.0,294.0,313.0,356.1,436.5,inferred
North Ayrshire,2021-10-03,82.0,117.0,145.0,158.0,168.0,185.6,206.0,231.0,256.0,271.0,289.2,337.0,423.5,inferred
North Ayrshire,2021-10-04,59.5,93.0,117.0,126.8,136.0,155.0,175.5,193.4,214.0,228.0,243.2,291.0,371.5,inferred
North Ayrshire,2021-10-05,60.0,88.9,118.0,127.0,139.0,158.0,177.0,199.0,219.0,232.2,250.0,292.0,378.0,inferred
North Ayrshire,2021-10-06,84.0,111.0,144.0,154.0,162.0,183.0,203.0,224.0,250.0,265.0,280.2,326.1,411.5,inferred
North Ayrshire,2021-10-07,57.0,83.0,108.8,119.8,128.7,149.0,166.0,186.4,211.0,222.0,234.0,278.1,345.5,inferred
North Ayrshire,2021-10-08,60.5,90.0,114.8,125.0,134.0,153.0,174.5,194.0,215.0,228.0,244.0,291.0,377.0,inferred
North Ayrshire,2021-10-09,72.5,111.0,135.8,146.0,156.0,175.0,195.5,216.0,239.3,255.0,271.2,317.1,409.6,inferred
North Ayrshire,2021-10-10,61.0,91.9,120.8,131.0,142.0,163.0,184.0,205.0,233.0,245.2,261.0,306.0,399.5,inferred
North Ayrshire,2021-10-11,49.5,74.0,98.8,108.0,116.0,133.0,150.5,170.4,193.0,205.0,221.0,265.0,339.5,inferred
North Ayrshire,2021-10-12,56.5,84.9,107.0,116.0,127.0,145.0,163.5,184.4,209.0,220.0,237.0,279.1,367.1,inferred
North Ayrshire,2021-10-13,63.0,98.9,125.0,137.0,147.0,169.0,188.0,213.0,239.0,254.0,273.2,323.1,420.5,inferred
North Ayrshire,2021-10-14,46.5,76.0,104.0,112.0,123.0,141.0,161.0,182.0,209.0,223.0,240.0,282.1,358.1,inferred
North Ayrshire,2021-10-15,47.0,83.0,108.0,119.0,130.0,149.0,170.5,192.4,218.0,232.0,252.2,298.1,382.0,inferred
North Devon,2021-07-03,4.0,6.0,8.0,9.0,10.0,11.0,13.0,14.0,16.0,17.0,18.0,21.0,28.0,inferred
North Devon,2021-07-04,5.0,8.0,10.0,11.0,12.0,13.0,15.0,16.0,18.0,19.0,20.0,24.0,29.0,inferred
North Devon,2021-07-05,11.0,15.0,17.0,18.0,19.0,21.6,23.0,26.0,28.0,30.0,31.0,36.0,42.5,inferred
North Devon,2021-07-06,14.0,18.0,22.0,23.0,24.0,26.0,28.0,30.0,33.0,34.0,36.0,40.1,48.0,inferred
North Devon,2021-07-07,17.0,22.0,25.0,26.0,27.7,30.0,32.0,35.0,37.0,39.0,41.0,45.1,54.0,inferred
North Devon,2021-07-08,22.0,26.0,30.0,31.0,32.0,35.0,37.0,39.0,42.0,44.0,45.2,50.0,58.0,inferred
North Devon,2021-07-09,24.0,29.0,32.0,34.0,35.0,38.0,40.0,42.0,45.0,47.0,48.0,54.0,64.0,inferred
North Devon,2021-07-10,22.0,28.0,31.0,33.0,34.0,37.0,40.0,42.0,45.0,46.2,48.0,53.0,60.5,inferred
North Devon,2021-07-11,31.0,36.0,40.0,42.0,43.0,46.0,48.0,51.0,54.0,56.0,58.0,62.0,71.5,inferred
North Devon,2021-07-12,51.0,59.0,65.0,67.0,69.0,73.0,76.0,80.0,84.0,86.0,88.0,95.0,106.0,inferred
North Devon,2021-07-13,57.0,65.0,71.0,73.0,75.0,79.0,83.0,87.0,90.0,92.0,95.0,102.0,113.0,inferred
North Devon,2021-07-14,54.0,63.0,68.0,71.0,73.0,77.0,81.0,85.0,89.0,91.0,94.0,100.0,112.0,inferred
North Devon,2021-07-15,53.0,60.0,65.0,67.0,69.0,73.0,76.0,80.0,84.0,86.0,88.0,95.0,104.0,inferred
North Devon,2021-07-16,44.5,52.0,58.0,59.8,61.0,65.0,68.0,71.0,75.0,77.0,79.0,85.0,95.5,inferred
North Devon,2021-07-17,34.0,41.0,45.0,47.0,49.0,52.0,54.5,57.0,60.0,61.0,64.0,69.0,77.5,inferred
North Devon,2021-07-18,35.0,41.0,45.0,47.0,49.0,52.0,55.0,57.0,60.0,62.0,65.0,70.0,80.0,inferred
North Devon,2021-07-19,48.0,55.0,61.0,63.0,65.0,68.0,72.0,75.0,79.0,81.0,83.0,90.0,99.5,inferred
North Devon,2021-07-20,45.0,53.0,58.0,60.0,63.0,66.0,69.0,72.0,75.0,77.0,80.0,86.0,96.0,inferred
North Devon,2021-07-21,41.0,47.9,52.0,53.8,55.0,58.0,61.0,64.0,67.3,69.0,72.0,77.0,87.0,inferred
North Devon,2021-07-22,35.0,41.0,46.0,47.0,48.7,51.0,54.0,57.0,60.0,62.0,64.0,70.0,80.0,inferred
North Devon,2021-07-23,26.0,33.0,37.0,39.0,40.0,43.0,45.0,48.0,51.0,53.0,55.0,61.0,70.0,inferred
North Devon,2021-07-24,20.0,25.0,28.0,29.0,30.0,32.0,34.5,37.0,39.0,41.0,42.0,46.1,53.0,inferred
North Devon,2021-07-25,18.0,22.0,26.0,27.0,28.0,31.0,33.0,36.0,38.0,40.0,42.0,46.0,54.0,inferred
North Devon,2021-07-26,24.0,30.0,34.0,35.0,36.0,39.0,41.0,44.0,47.0,49.0,50.2,56.0,65.0,inferred
North Devon,2021-07-27,23.0,28.0,32.0,34.0,36.0,38.0,41.0,43.0,46.0,48.0,49.0,54.0,63.5,inferred
North Devon,2021-07-28,23.0,28.0,32.0,34.0,35.0,37.0,40.0,42.0,45.0,46.0,48.0,53.0,60.0,inferred
North Devon,2021-07-29,24.0,28.0,32.0,33.0,34.7,37.0,39.0,42.0,45.0,46.0,48.0,53.0,61.0,inferred
North Devon,2021-07-30,21.0,26.0,29.0,31.0,32.0,34.0,36.5,39.0,42.0,43.0,45.0,49.0,56.0,inferred
North Devon,2021-07-31,17.0,21.0,25.0,26.0,27.0,29.0,31.0,34.0,36.0,38.0,39.0,44.0,51.5,inferred
North Devon,2021-08-01,18.0,22.9,26.0,27.0,28.0,31.0,33.0,35.0,38.0,39.0,41.0,45.0,53.0,inferred
North Devon,2021-08-02,28.0,34.9,38.0,40.0,41.0,44.0,46.0,49.0,52.0,54.0,56.0,61.0,70.0,inferred
North Devon,2021-08-03,29.5,35.0,40.0,42.0,43.0,46.0,49.0,51.0,54.0,56.0,58.0,63.0,71.0,inferred
North Devon,2021-08-04,29.0,36.0,40.0,42.0,43.0,46.0,49.0,52.0,55.0,56.2,58.0,64.0,71.0,inferred
North Devon,2021-08-05,31.0,36.0,41.0,42.0,44.0,47.0,49.0,52.0,55.0,57.0,59.0,65.0,73.0,inferred
North Devon,2021-08-06,28.0,34.0,38.0,39.0,41.0,44.0,47.0,49.0,52.0,53.0,56.0,61.0,70.0,inferred
North Devon,2021-08-07,23.0,29.0,32.0,34.0,35.0,38.0,40.0,43.0,45.0,47.0,48.2,53.0,62.0,inferred
North Devon,2021-08-08,25.0,30.0,33.0,35.0,36.0,39.0,42.0,44.0,47.0,49.0,50.0,55.0,64.0,inferred
North Devon,2021-08-09,37.0,44.0,49.0,50.0,52.0,55.0,58.0,61.0,64.0,66.0,68.0,74.0,84.0,inferred
North Devon,2021-08-10,39.0,46.0,51.0,53.0,54.0,58.0,61.0,64.0,68.0,70.0,72.0,78.0,88.0,inferred
North Devon,2021-08-11,41.0,48.0,53.0,55.0,57.0,60.0,63.0,66.0,69.0,71.0,73.0,80.0,88.0,inferred
North Devon,2021-08-12,43.0,49.0,55.0,57.0,58.0,61.0,65.0,67.0,71.0,73.0,75.0,81.0,91.0,inferred
North Devon,2021-08-13,41.0,49.0,53.0,55.0,57.0,60.0,63.0,66.0,69.0,71.0,73.0,80.0,88.5,inferred
North Devon,2021-08-14,36.0,41.0,46.0,47.8,49.0,52.0,55.0,57.0,61.0,63.0,65.0,70.0,80.0,inferred
North Devon,2021-08-15,39.0,46.0,51.0,53.0,55.0,58.0,61.0,63.0,67.0,69.0,71.0,77.0,86.0,inferred
North Devon,2021-08-16,59.0,68.0,75.0,77.0,79.0,83.0,86.0,91.0,95.0,98.0,100.0,107.0,119.0,inferred
North Devon,2021-08-17,63.0,71.0,77.0,79.0,81.0,85.0,88.5,93.0,97.0,99.0,103.0,109.0,122.0,inferred
North Devon,2021-08-18,58.0,66.0,72.0,74.0,76.0,80.0,84.0,87.0,91.0,94.0,96.0,104.0,115.0,inferred
North Devon,2021-08-19,53.0,61.0,66.0,69.0,71.0,74.0,77.0,81.0,85.0,87.0,89.0,95.0,105.0,inferred
North Devon,2021-08-20,44.0,50.0,56.0,58.0,60.0,64.0,67.0,70.0,73.0,75.0,78.0,85.0,94.0,inferred
North Devon,2021-08-21,32.0,38.0,42.0,44.0,46.0,49.0,52.0,55.0,58.0,60.0,62.0,68.0,76.0,inferred
North Devon,2021-08-22,31.0,37.9,42.0,44.0,45.0,48.0,51.0,53.0,56.0,58.0,61.0,65.0,74.0,inferred
North Devon,2021-08-23,42.0,49.9,55.0,56.0,59.0,62.0,65.0,68.0,72.0,74.0,76.0,82.0,92.0,inferred
North Devon,2021-08-24,42.5,49.0,54.0,56.0,58.0,61.0,64.0,67.0,71.0,73.0,75.0,81.1,91.0,inferred
North Devon,2021-08-25,39.0,46.0,51.0,53.0,54.0,58.0,61.0,64.0,67.0,70.0,72.0,77.0,86.0,inferred
North Devon,2021-08-26,38.0,45.0,49.0,51.0,52.0,55.0,59.0,61.0,65.0,66.0,68.0,74.0,85.0,inferred
North Devon,2021-08-27,32.0,38.0,43.0,44.0,46.0,49.0,52.0,55.0,58.0,59.2,62.0,67.0,75.5,inferred
North Devon,2021-08-28,25.0,30.0,34.0,36.0,37.0,40.0,42.0,45.0,48.0,49.0,51.0,57.0,67.0,inferred
North Devon,2021-08-29,25.0,30.0,34.0,35.0,37.0,39.6,42.0,45.0,48.0,49.0,51.0,56.0,64.0,inferred
North Devon,2021-08-30,36.0,43.0,47.0,49.0,51.0,53.6,56.0,59.0,62.3,64.0,67.0,74.0,85.0,inferred
North Devon,2021-08-31,36.0,42.0,47.0,49.0,50.0,53.0,56.5,60.0,64.0,66.0,68.0,74.0,83.5,inferred
North Devon,2021-09-01,34.5,42.0,46.0,48.0,49.0,52.0,55.5,58.0,62.0,64.0,66.0,72.0,80.0,inferred
North Devon,2021-09-02,35.0,40.0,45.0,47.0,48.0,51.0,54.0,57.0,60.0,62.0,64.0,69.0,79.5,inferred
North Devon,2021-09-03,31.0,36.0,40.0,42.0,43.0,46.0,49.0,52.0,55.0,57.0,58.0,64.0,73.0,inferred
North Devon,2021-09-04,23.0,29.0,33.0,35.0,36.0,39.0,41.0,44.0,47.0,48.0,50.0,55.0,65.0,inferred
North Devon,2021-09-05,25.0,30.0,34.0,36.0,37.0,40.0,42.0,44.0,47.0,49.0,51.0,56.0,65.0,inferred
North Devon,2021-09-06,36.0,43.0,48.0,50.0,51.0,54.0,58.0,61.0,64.0,66.0,68.0,74.0,83.0,inferred
North Devon,2021-09-07,36.0,43.0,47.0,49.0,51.0,53.0,57.0,60.0,63.3,65.0,67.0,73.0,83.0,inferred
North Devon,2021-09-08,31.0,37.9,42.0,44.0,46.0,49.0,52.0,55.0,58.0,60.0,62.0,68.0,77.0,inferred
North Devon,2021-09-09,29.0,34.0,38.8,40.0,42.0,45.0,47.0,50.0,53.0,55.0,57.0,61.0,69.5,inferred
North Devon,2021-09-10,24.0,29.0,32.0,34.0,35.0,38.0,40.0,43.0,45.0,47.0,49.0,54.0,63.0,inferred
North Devon,2021-09-11,17.0,21.0,24.0,25.0,26.0,29.0,30.0,33.0,35.0,37.0,38.0,42.0,49.0,inferred
North Devon,2021-09-12,15.0,20.0,23.0,24.0,25.0,27.0,29.0,32.0,34.0,36.0,37.0,41.0,49.0,inferred
North Devon,2021-09-13,21.0,26.0,29.0,31.0,32.0,35.0,37.0,40.0,43.0,44.0,46.0,51.0,59.0,inferred
North Devon,2021-09-14,20.0,26.0,29.0,31.0,32.0,34.0,37.0,39.0,42.0,43.0,45.0,49.0,57.0,inferred
North Devon,2021-09-15,20.0,25.0,28.0,30.0,31.0,33.0,35.0,37.0,40.0,41.0,43.0,48.0,55.0,inferred
North Devon,2021-09-16,19.0,24.0,28.0,29.0,30.0,33.0,35.0,37.0,40.0,41.0,43.0,47.0,56.0,inferred
North Devon,2021-09-17,17.0,22.0,25.0,26.0,27.0,30.0,32.0,34.0,37.0,38.0,40.0,44.0,50.0,inferred
North Devon,2021-09-18,13.5,18.0,21.0,22.0,24.0,25.6,28.0,30.0,32.0,33.0,35.0,38.0,45.0,inferred
North Devon,2021-09-19,15.0,19.0,22.0,23.0,24.0,26.0,28.0,30.0,33.0,34.0,36.0,40.0,47.0,inferred
North Devon,2021-09-20,22.0,28.0,32.0,33.0,35.0,37.0,40.0,43.0,45.0,46.0,48.0,53.0,61.0,inferred
North Devon,2021-09-21,24.5,30.0,33.0,35.0,36.0,39.0,42.0,44.0,47.0,49.0,51.0,56.0,64.0,inferred
North Devon,2021-09-22,26.0,32.0,36.0,37.0,39.0,41.0,44.0,46.0,49.0,50.0,52.0,57.0,67.0,inferred
North Devon,2021-09-23,27.0,33.0,36.0,38.0,39.0,42.0,45.0,48.0,51.0,52.0,54.2,60.0,68.0,inferred
North Devon,2021-09-24,25.0,32.0,36.0,38.0,39.0,42.0,44.0,47.0,49.0,51.0,52.0,57.1,66.0,inferred
North Devon,2021-09-25,22.0,27.0,30.0,32.0,33.0,36.0,38.0,40.4,43.0,44.0,46.0,51.0,58.0,inferred
North Devon,2021-09-26,25.0,31.0,35.0,36.0,38.0,40.0,43.0,45.0,48.0,50.0,51.0,56.0,66.0,inferred
North Devon,2021-09-27,38.0,45.0,50.0,52.0,54.0,56.0,59.0,63.0,66.0,68.0,70.0,77.0,87.5,inferred
North Devon,2021-09-28,41.0,47.0,53.0,55.0,56.0,59.0,62.0,66.0,69.0,71.0,73.0,80.0,92.0,inferred
North Devon,2021-09-29,40.0,47.0,52.0,53.0,55.0,58.0,62.0,65.0,68.0,70.0,72.2,79.0,88.0,inferred
North Devon,2021-09-30,39.0,46.0,51.0,52.0,54.0,57.0,61.0,64.0,67.0,69.0,72.0,77.0,86.0,inferred
North Devon,2021-10-01,35.0,42.0,46.0,48.0,50.0,53.0,55.0,58.0,60.0,62.0,65.0,70.0,78.0,inferred
North Devon,2021-10-02,28.0,34.0,37.0,39.0,40.0,43.0,45.0,48.0,51.0,53.0,55.0,61.0,69.5,inferred
North Devon,2021-10-03,28.5,34.0,38.0,40.0,42.0,44.0,47.0,50.0,53.0,54.0,56.0,61.0,70.0,inferred
North Devon,2021-10-04,42.5,48.0,53.0,56.0,57.0,61.0,63.5,67.0,70.0,72.0,75.0,81.0,89.0,inferred
North Devon,2021-10-05,43.0,51.0,56.0,57.0,59.0,62.0,66.0,69.0,72.0,74.0,76.0,83.0,93.0,inferred
North Devon,2021-10-06,43.0,49.0,55.0,56.8,58.0,62.0,65.0,68.0,71.0,73.0,75.0,81.0,92.0,inferred
North Devon,2021-10-07,42.0,49.0,54.0,56.0,58.0,61.0,64.0,67.0,70.0,72.0,75.0,81.0,91.0,inferred
North Devon,2021-10-08,38.0,45.0,50.0,51.0,53.0,56.0,59.0,63.0,66.0,68.0,70.0,76.0,86.0,inferred
North Devon,2021-10-09,31.0,37.0,41.0,43.0,44.0,47.0,50.0,52.0,55.0,57.0,59.0,64.0,73.0,inferred
North Devon,2021-10-10,32.0,39.0,43.0,45.0,46.0,49.0,52.0,55.0,58.0,60.0,61.0,67.0,75.0,inferred
North Devon,2021-10-11,48.0,56.0,61.0,63.0,65.0,69.0,72.0,76.0,80.0,82.0,84.0,91.0,102.0,inferred
North Devon,2021-10-12,48.0,56.0,61.0,63.0,65.0,69.0,72.0,76.0,80.0,82.0,84.0,91.0,102.0,inferred
North Devon,2021-10-13,46.0,54.0,60.0,62.0,64.0,67.0,71.0,74.0,77.0,79.0,81.0,89.0,99.5,inferred
North Devon,2021-10-14,43.5,52.0,57.0,59.0,61.0,64.0,68.0,72.0,75.0,77.0,79.0,86.0,96.0,inferred
North Devon,2021-10-15,37.0,44.0,50.0,52.0,54.0,58.0,60.0,64.0,68.0,70.0,73.0,79.0,91.0,inferred
North East Derbyshire,2021-07-03,11.0,15.0,18.0,19.0,20.0,22.0,24.0,26.0,28.0,30.0,31.0,35.0,42.0,inferred
North East Derbyshire,2021-07-04,14.0,18.0,21.8,23.0,24.0,26.0,29.0,31.0,33.0,35.0,36.0,41.0,48.0,inferred
North East Derbyshire,2021-07-05,25.0,30.0,34.0,36.0,37.7,40.0,43.0,46.0,49.0,51.0,52.0,57.0,63.0,inferred
North East Derbyshire,2021-07-06,26.5,32.0,36.0,38.0,39.0,42.0,45.0,48.0,51.0,53.0,54.0,60.1,68.0,inferred
North East Derbyshire,2021-07-07,31.0,38.0,42.0,44.0,45.0,48.0,50.0,53.0,57.0,58.0,60.0,66.0,74.0,inferred
North East Derbyshire,2021-07-08,36.0,42.0,46.0,48.0,50.0,53.0,55.0,59.0,62.0,64.0,66.0,71.1,80.0,inferred
North East Derbyshire,2021-07-09,37.0,43.0,48.0,50.0,51.0,54.0,57.0,60.0,64.0,66.0,68.0,74.0,83.0,inferred
North East Derbyshire,2021-07-10,34.0,41.0,45.0,48.0,49.0,52.0,55.0,59.0,62.0,64.0,65.0,71.0,80.5,inferred
North East Derbyshire,2021-07-11,41.0,51.0,56.0,58.0,60.0,63.0,66.0,70.0,73.0,75.0,77.0,84.0,94.0,inferred
North East Derbyshire,2021-07-12,71.0,82.0,88.0,91.0,93.0,97.0,101.0,105.0,109.0,112.0,114.0,123.0,133.5,inferred
North East Derbyshire,2021-07-13,71.0,80.0,87.0,90.0,92.0,96.0,100.0,104.0,109.0,111.0,114.0,121.0,133.0,inferred
North East Derbyshire,2021-07-14,71.0,80.9,87.0,90.0,92.0,96.0,101.0,105.0,109.0,112.0,115.0,121.0,135.0,inferred
North East Derbyshire,2021-07-15,66.5,77.0,82.0,85.0,87.0,91.0,95.0,98.0,103.0,105.0,108.0,115.0,127.0,inferred
North East Derbyshire,2021-07-16,56.0,65.0,71.0,73.0,75.0,79.0,83.0,86.0,90.0,92.0,95.0,103.0,114.0,inferred
North East Derbyshire,2021-07-17,45.0,53.0,58.0,60.0,61.0,65.0,68.0,71.0,75.0,77.0,79.0,87.0,99.0,inferred
North East Derbyshire,2021-07-18,46.0,54.0,60.0,62.0,63.0,66.0,70.0,74.0,77.0,79.0,82.0,87.1,97.0,inferred
North East Derbyshire,2021-07-19,65.0,74.0,81.0,83.0,85.0,88.6,92.0,96.0,101.0,103.0,105.0,113.0,124.0,inferred
North East Derbyshire,2021-07-20,57.0,65.0,71.0,74.0,76.0,79.0,83.0,87.0,91.0,93.0,96.0,102.0,114.0,inferred
North East Derbyshire,2021-07-21,52.0,59.0,65.0,67.0,69.0,73.0,76.0,80.0,83.0,85.0,88.0,95.0,105.5,inferred
North East Derbyshire,2021-07-22,44.0,52.0,57.0,59.0,61.0,64.0,67.0,71.0,74.0,76.0,78.0,83.1,93.0,inferred
North East Derbyshire,2021-07-23,35.0,41.0,45.0,47.0,49.0,52.0,55.0,58.0,61.0,63.0,65.0,70.0,79.0,inferred
North East Derbyshire,2021-07-24,25.0,29.0,34.0,36.0,37.0,40.0,42.0,45.0,48.0,50.0,52.0,57.0,65.5,inferred
North East Derbyshire,2021-07-25,24.0,30.0,33.0,35.0,37.0,39.0,42.0,44.0,47.0,48.0,50.0,55.0,63.0,inferred
North East Derbyshire,2021-07-26,33.0,39.0,43.0,45.0,47.0,50.0,53.0,56.0,59.0,61.0,63.0,68.0,77.0,inferred
North East Derbyshire,2021-07-27,29.0,35.0,40.0,41.0,43.0,45.6,49.0,51.0,54.0,56.0,58.0,63.0,72.0,inferred
North East Derbyshire,2021-07-28,28.0,34.0,38.0,40.0,42.0,44.0,47.0,50.0,53.0,54.0,57.0,62.0,71.0,inferred
North East Derbyshire,2021-07-29,28.0,34.0,37.0,39.0,40.0,43.0,46.0,48.0,52.0,53.0,55.0,60.0,68.5,inferred
North East Derbyshire,2021-07-30,23.5,29.0,33.0,34.0,35.0,38.0,41.0,43.0,46.0,48.0,49.0,54.0,62.0,inferred
North East Derbyshire,2021-07-31,18.5,24.0,28.0,29.0,30.0,33.0,35.0,38.0,40.0,42.0,43.0,48.0,55.5,inferred
North East Derbyshire,2021-08-01,21.0,26.0,30.0,31.0,32.0,35.0,37.0,40.0,42.0,44.0,46.0,50.0,59.0,inferred
North East Derbyshire,2021-08-02,31.0,38.0,42.0,44.0,45.0,48.0,51.0,54.0,57.0,59.0,61.0,67.0,76.0,inferred
North East Derbyshire,2021-08-03,28.0,34.0,38.0,40.0,42.0,45.0,48.0,50.0,54.0,56.0,57.0,63.0,71.5,inferred
North East Derbyshire,2021-08-04,27.0,34.0,38.0,40.0,41.0,44.0,46.0,49.0,52.0,54.0,56.0,62.0,70.0,inferred
North East Derbyshire,2021-08-05,26.0,32.0,36.0,37.0,39.0,42.0,45.0,48.0,50.0,51.0,53.0,58.0,67.0,inferred
North East Derbyshire,2021-08-06,22.5,28.0,32.0,33.0,35.0,37.0,40.0,43.0,46.0,47.0,49.0,53.0,61.0,inferred
North East Derbyshire,2021-08-07,18.0,23.0,26.0,27.0,29.0,31.0,33.0,36.0,38.0,40.0,41.0,46.0,53.0,inferred
North East Derbyshire,2021-08-08,19.0,24.0,28.0,29.0,30.0,33.0,35.0,37.0,40.0,41.0,43.0,48.0,55.0,inferred
North East Derbyshire,2021-08-09,27.0,34.0,38.0,39.0,40.0,43.0,46.0,48.0,51.0,54.0,55.0,61.0,69.0,inferred
North East Derbyshire,2021-08-10,25.0,31.0,35.0,37.0,38.0,41.0,44.0,46.0,50.0,51.0,53.0,58.0,67.0,inferred
North East Derbyshire,2021-08-11,26.0,31.0,35.0,36.8,38.0,41.0,43.0,45.0,48.0,50.0,52.0,58.0,66.0,inferred
North East Derbyshire,2021-08-12,24.0,30.0,34.0,35.0,37.0,39.0,42.0,44.0,47.0,48.0,50.0,55.0,64.0,inferred
North East Derbyshire,2021-08-13,20.0,26.0,30.0,31.0,33.0,35.0,38.0,40.0,42.0,44.0,46.0,50.0,58.0,inferred
North East Derbyshire,2021-08-14,16.5,22.0,25.0,26.0,27.0,30.0,32.0,34.0,37.0,38.0,39.2,43.0,49.0,inferred
North East Derbyshire,2021-08-15,18.0,23.0,26.0,28.0,29.0,31.6,34.0,36.0,39.0,41.0,42.0,47.0,55.0,inferred
North East Derbyshire,2021-08-16,27.5,33.0,37.0,39.0,40.0,43.0,46.0,48.0,52.0,53.0,55.0,60.0,68.0,inferred
North East Derbyshire,2021-08-17,25.0,31.0,35.0,37.0,38.0,40.0,43.0,46.0,49.0,51.0,52.0,57.0,66.0,inferred
North East Derbyshire,2021-08-18,25.0,31.0,35.0,37.0,38.0,41.0,43.0,46.0,49.0,51.0,53.0,58.0,67.0,inferred
North East Derbyshire,2021-08-19,25.0,30.0,34.0,36.0,37.0,40.0,42.0,45.0,47.3,49.0,51.0,56.0,64.0,inferred
North East Derbyshire,2021-08-20,21.0,27.0,30.0,32.0,34.0,36.0,39.0,41.0,44.0,45.0,47.0,51.0,60.0,inferred
North East Derbyshire,2021-08-21,18.0,23.0,26.0,27.0,28.0,31.0,33.0,36.0,39.0,40.0,42.0,46.0,54.0,inferred
North East Derbyshire,2021-08-22,20.0,24.0,28.0,29.0,31.0,33.0,35.0,38.0,41.0,42.0,44.0,48.0,56.0,inferred
North East Derbyshire,2021-08-23,29.0,34.0,39.0,41.0,42.0,45.0,48.0,50.0,54.0,55.0,57.0,63.0,72.0,inferred
North East Derbyshire,2021-08-24,28.0,33.0,37.0,39.0,40.0,43.0,46.0,49.0,52.0,54.0,55.2,61.0,71.0,inferred
North East Derbyshire,2021-08-25,27.0,33.0,37.0,39.0,40.0,43.0,46.0,49.0,51.0,53.0,55.0,60.0,69.5,inferred
North East Derbyshire,2021-08-26,26.0,32.0,36.0,37.0,39.0,41.0,44.0,46.0,50.0,51.0,53.0,58.0,65.0,inferred
North East Derbyshire,2021-08-27,23.0,28.0,32.0,34.0,35.0,38.0,41.0,43.0,46.0,47.0,49.0,54.0,62.0,inferred
North East Derbyshire,2021-08-28,19.0,23.9,27.0,29.0,30.0,32.0,34.0,37.0,39.0,40.2,42.0,47.0,55.0,inferred
North East Derbyshire,2021-08-29,21.0,25.0,28.0,30.0,31.7,34.0,37.0,39.0,42.0,43.0,45.0,50.0,57.5,inferred
North East Derbyshire,2021-08-30,29.0,37.0,42.0,43.0,45.0,47.0,50.0,53.0,56.0,58.0,60.0,65.0,74.0,inferred
North East Derbyshire,2021-08-31,29.0,36.0,40.0,41.0,43.0,46.0,48.0,51.0,54.0,56.0,58.0,63.0,72.0,inferred
North East Derbyshire,2021-09-01,30.0,36.0,40.0,42.0,43.0,46.0,49.0,51.0,55.0,56.2,58.0,64.0,73.0,inferred
North East Derbyshire,2021-09-02,28.0,35.0,40.0,41.0,43.0,46.0,49.0,51.0,54.0,56.0,58.0,63.0,72.0,inferred
North East Derbyshire,2021-09-03,27.0,32.0,37.0,38.0,40.0,43.0,45.0,48.0,51.0,53.0,55.0,61.0,69.0,inferred
North East Derbyshire,2021-09-04,22.0,28.0,32.0,33.8,35.0,38.0,40.0,42.0,45.0,47.0,48.0,53.0,63.0,inferred
North East Derbyshire,2021-09-05,25.0,30.0,34.8,36.0,37.0,40.0,43.0,46.0,49.0,50.0,52.0,57.0,65.0,inferred
North East Derbyshire,2021-09-06,38.0,45.0,49.0,51.0,53.0,56.0,59.0,62.4,66.0,68.0,71.0,76.0,85.0,inferred
North East Derbyshire,2021-09-07,35.0,43.0,48.0,49.0,51.0,54.0,57.0,60.0,64.0,66.0,67.2,73.0,84.5,inferred
North East Derbyshire,2021-09-08,36.0,42.0,46.0,48.0,50.0,54.0,56.0,59.0,63.0,65.0,67.0,73.0,82.0,inferred
North East Derbyshire,2021-09-09,32.0,39.0,44.0,46.0,48.0,50.0,53.0,56.0,59.0,61.0,63.0,69.0,79.0,inferred
North East Derbyshire,2021-09-10,28.0,34.0,39.0,40.0,41.0,44.0,47.0,50.0,53.0,55.0,57.0,62.0,72.0,inferred
North East Derbyshire,2021-09-11,23.0,28.0,31.0,33.0,34.0,36.0,39.0,41.4,44.0,46.0,47.0,52.0,60.0,inferred
North East Derbyshire,2021-09-12,25.0,30.0,34.0,35.0,36.0,39.0,41.0,44.0,46.0,48.0,50.0,55.0,62.0,inferred
North East Derbyshire,2021-09-13,34.0,41.0,46.0,47.0,49.0,52.0,55.0,58.0,61.0,63.0,64.0,70.0,80.0,inferred
North East Derbyshire,2021-09-14,32.0,39.0,44.0,46.0,48.0,50.0,53.0,56.0,59.0,61.0,63.0,69.0,77.0,inferred
North East Derbyshire,2021-09-15,34.0,41.0,45.0,47.0,48.0,52.0,55.0,58.0,61.0,63.0,64.0,71.0,80.0,inferred
North East Derbyshire,2021-09-16,35.0,41.0,45.8,47.0,49.0,52.0,55.0,57.0,60.0,62.2,65.0,71.0,80.5,inferred
North East Derbyshire,2021-09-17,31.0,39.0,43.0,44.8,46.0,49.0,52.0,54.0,57.0,59.0,61.0,67.0,75.0,inferred
North East Derbyshire,2021-09-18,27.0,33.0,37.0,38.0,40.0,42.0,45.0,48.0,51.0,52.0,54.0,59.0,69.0,inferred
North East Derbyshire,2021-09-19,31.0,37.0,41.0,43.0,44.0,47.0,50.0,53.0,56.0,58.0,60.0,65.0,74.0,inferred
North East Derbyshire,2021-09-20,45.5,53.0,59.0,61.0,63.0,67.0,69.0,73.0,76.0,79.0,81.0,87.0,100.0,inferred
North East Derbyshire,2021-09-21,44.0,51.9,56.0,58.0,60.0,63.0,66.0,69.4,73.0,76.0,78.0,83.0,94.0,inferred
North East Derbyshire,2021-09-22,43.0,50.0,56.0,57.0,59.0,63.0,66.0,69.0,73.0,75.0,78.0,83.0,93.0,inferred
North East Derbyshire,2021-09-23,41.0,48.0,53.0,55.0,56.0,60.0,63.0,66.0,69.0,71.0,73.0,80.0,90.0,inferred
North East Derbyshire,2021-09-24,35.0,42.0,46.0,48.0,49.0,52.0,55.0,58.0,61.0,63.0,66.0,72.0,81.0,inferred
North East Derbyshire,2021-09-25,27.0,34.0,38.0,40.0,41.0,44.0,47.0,49.0,52.0,54.0,56.0,61.0,68.5,inferred
North East Derbyshire,2021-09-26,30.0,35.0,40.0,42.0,43.0,46.0,49.0,51.0,55.0,56.0,58.0,63.0,72.0,inferred
North East Derbyshire,2021-09-27,42.0,50.0,56.0,57.0,59.0,63.0,66.0,69.0,72.0,74.0,76.0,82.0,92.0,inferred
North East Derbyshire,2021-09-28,41.0,49.0,54.0,56.0,58.0,62.0,65.0,67.0,71.0,73.0,75.0,82.0,92.0,inferred
North East Derbyshire,2021-09-29,43.0,50.0,55.0,57.0,59.0,62.0,65.0,69.0,72.0,74.0,77.0,83.0,93.0,inferred
North East Derbyshire,2021-09-30,43.0,50.0,55.0,57.0,59.0,63.0,66.0,69.0,72.0,74.0,77.0,83.0,95.0,inferred
North East Derbyshire,2021-10-01,40.0,46.0,51.0,53.0,55.0,58.0,61.0,65.0,68.0,70.0,72.2,78.0,88.0,inferred
North East Derbyshire,2021-10-02,34.0,40.0,44.0,47.0,48.0,51.0,54.0,57.0,60.0,62.0,63.0,69.0,79.0,inferred
North East Derbyshire,2021-10-03,38.0,45.0,50.0,52.0,53.0,56.0,59.0,63.0,66.0,68.0,70.0,76.1,87.0,inferred
North East Derbyshire,2021-10-04,58.0,66.0,72.0,74.0,76.0,81.0,84.0,88.0,91.0,94.0,97.0,104.0,114.0,inferred
North East Derbyshire,2021-10-05,57.0,66.0,71.0,73.0,76.0,79.0,83.0,87.0,90.0,93.0,95.0,103.0,114.0,inferred
North East Derbyshire,2021-10-06,61.0,68.9,74.0,77.0,79.0,83.0,86.0,90.0,94.0,97.0,100.0,107.0,117.0,inferred
North East Derbyshire,2021-10-07,60.0,70.0,76.0,78.0,80.0,84.0,87.0,91.0,95.0,97.0,100.0,106.0,117.0,inferred
North East Derbyshire,2021-10-08,57.0,65.0,70.0,72.0,74.0,78.0,81.0,85.0,89.0,91.0,95.0,101.0,112.0,inferred
North East Derbyshire,2021-10-09,48.5,57.0,63.0,65.0,67.0,70.0,73.0,77.0,81.0,83.0,85.0,93.0,103.0,inferred
North East Derbyshire,2021-10-10,57.0,64.0,70.0,73.0,74.0,78.0,81.0,85.0,89.0,90.0,93.0,100.0,112.0,inferred
North East Derbyshire,2021-10-11,84.0,95.0,102.0,105.0,107.0,111.0,116.0,120.0,125.0,128.0,131.0,138.0,152.0,inferred
North East Derbyshire,2021-10-12,83.5,92.0,99.0,101.0,103.0,108.0,112.0,117.0,121.0,124.2,128.0,136.0,146.0,inferred
North East Derbyshire,2021-10-13,82.5,91.0,98.0,100.0,103.0,108.0,112.0,117.0,121.0,124.0,127.0,137.0,148.0,inferred
North East Derbyshire,2021-10-14,75.0,86.0,94.0,97.0,99.0,103.0,108.0,112.0,117.0,120.0,122.0,130.1,146.0,inferred
North East Derbyshire,2021-10-15,65.0,76.0,83.0,85.0,88.0,92.0,97.0,101.0,106.0,108.0,111.0,119.0,133.0,inferred
North East Lincolnshire,2021-07-03,108.0,121.0,129.0,133.0,135.0,141.0,147.0,152.0,158.0,161.0,166.0,176.0,191.5,inferred
North East Lincolnshire,2021-07-04,125.0,139.0,148.0,151.0,154.0,159.0,164.0,169.0,176.0,179.0,182.0,193.1,208.5,inferred
North East Lincolnshire,2021-07-05,192.0,206.0,217.0,221.0,225.0,231.0,237.0,243.0,250.0,254.0,258.2,270.0,289.0,inferred
North East Lincolnshire,2021-07-06,186.0,200.0,210.0,214.0,217.0,223.0,228.0,234.0,241.0,244.0,249.2,260.1,275.0,inferred
North East Lincolnshire,2021-07-07,191.0,205.0,214.8,218.0,222.0,228.0,234.0,241.0,247.0,252.0,255.0,266.0,285.0,inferred
North East Lincolnshire,2021-07-08,183.0,200.0,210.0,213.0,216.0,222.0,229.0,235.0,241.0,245.0,249.0,261.0,277.5,inferred
North East Lincolnshire,2021-07-09,170.0,185.0,196.0,199.0,202.0,208.0,214.0,221.0,227.0,230.0,235.0,247.0,265.0,inferred
North East Lincolnshire,2021-07-10,143.0,158.0,166.0,169.8,173.0,179.0,184.0,190.0,196.0,199.2,204.0,215.0,232.0,inferred
North East Lincolnshire,2021-07-11,157.0,171.0,180.0,183.0,186.0,193.0,198.5,204.0,210.0,214.0,218.0,228.0,246.0,inferred
North East Lincolnshire,2021-07-12,229.0,246.0,259.0,263.0,268.0,276.0,284.0,291.0,299.0,303.0,307.0,319.0,337.5,inferred
North East Lincolnshire,2021-07-13,213.0,230.0,241.0,246.0,249.0,256.0,262.0,269.0,278.0,282.0,286.0,298.1,315.0,inferred
North East Lincolnshire,2021-07-14,206.0,222.0,231.8,237.0,240.0,248.0,254.0,261.0,268.0,273.0,278.0,290.0,307.0,inferred
North East Lincolnshire,2021-07-15,183.0,200.0,211.0,215.0,218.0,225.0,231.0,237.0,245.0,249.0,252.0,264.0,281.5,inferred
North East Lincolnshire,2021-07-16,158.0,174.0,183.0,187.0,190.0,197.0,203.0,208.0,214.0,217.0,222.0,232.0,248.0,inferred
North East Lincolnshire,2021-07-17,125.0,136.0,144.0,147.8,151.0,157.0,162.0,166.0,172.0,175.0,179.0,187.0,204.0,inferred
North East Lincolnshire,2021-07-18,124.0,136.0,145.0,148.0,151.0,156.0,161.0,166.0,172.0,175.0,179.0,188.0,204.0,inferred
North East Lincolnshire,2021-07-19,165.0,180.0,191.0,195.0,199.0,205.0,211.0,217.0,223.0,227.0,231.0,242.0,259.0,inferred
North East Lincolnshire,2021-07-20,143.0,158.9,168.0,171.0,174.0,180.0,185.0,191.0,198.0,201.0,205.0,216.0,232.0,inferred
North East Lincolnshire,2021-07-21,132.0,146.0,154.0,157.0,160.0,167.0,173.0,177.4,183.3,188.0,191.0,202.0,217.0,inferred
North East Lincolnshire,2021-07-22,113.0,125.0,134.0,137.0,140.0,146.0,150.0,156.0,160.0,164.0,168.0,177.0,193.0,inferred
North East Lincolnshire,2021-07-23,95.0,105.0,113.0,116.0,118.7,123.0,127.0,131.0,136.0,139.0,142.0,149.1,168.0,inferred
North East Lincolnshire,2021-07-24,69.0,78.0,84.0,87.0,90.0,94.0,98.0,102.0,107.0,110.0,112.0,119.0,132.0,inferred
North East Lincolnshire,2021-07-25,67.0,77.0,83.0,85.0,88.0,92.0,96.0,99.0,104.0,107.0,110.0,117.0,128.0,inferred
North East Lincolnshire,2021-07-26,88.0,101.0,108.0,111.0,113.0,118.0,123.0,128.0,133.0,135.0,139.0,147.0,162.0,inferred
North East Lincolnshire,2021-07-27,79.0,90.0,96.0,99.0,102.0,106.0,111.0,115.0,120.0,123.0,126.0,133.0,147.0,inferred
North East Lincolnshire,2021-07-28,81.0,90.0,97.0,100.0,103.0,107.0,111.0,115.0,120.0,122.0,124.2,133.0,146.5,inferred
North East Lincolnshire,2021-07-29,78.0,87.0,93.0,96.0,99.0,103.0,108.0,112.0,118.0,120.0,123.0,131.0,144.5,inferred
North East Lincolnshire,2021-07-30,70.0,80.0,86.0,88.0,91.0,95.0,100.0,104.0,108.0,110.0,113.0,120.0,130.0,inferred
North East Lincolnshire,2021-07-31,57.0,66.0,73.0,75.0,77.0,81.0,84.0,88.0,92.0,95.0,97.0,104.0,115.0,inferred
North East Lincolnshire,2021-08-01,62.0,70.0,76.0,79.0,81.0,85.0,89.0,93.0,98.0,100.0,103.0,111.0,123.5,inferred
North East Lincolnshire,2021-08-02,92.0,103.0,110.0,112.0,115.7,120.0,125.0,130.0,135.0,138.0,141.0,151.0,165.0,inferred
North East Lincolnshire,2021-08-03,85.0,95.0,103.0,106.0,108.0,113.0,118.0,122.0,127.0,130.0,134.0,142.0,156.0,inferred
North East Lincolnshire,2021-08-04,85.0,96.0,103.0,106.0,108.0,113.0,117.0,121.0,127.0,130.0,132.0,142.0,154.0,inferred
North East Lincolnshire,2021-08-05,79.0,91.0,97.0,100.0,102.0,107.0,112.0,116.0,121.0,124.0,127.0,135.0,146.0,inferred
North East Lincolnshire,2021-08-06,73.0,83.0,89.0,92.0,94.0,98.0,102.0,106.0,110.0,113.0,116.0,124.0,136.0,inferred
North East Lincolnshire,2021-08-07,58.0,67.0,72.0,75.0,77.0,81.0,84.0,88.0,92.0,94.0,97.0,103.0,116.5,inferred
North East Lincolnshire,2021-08-08,62.0,72.0,77.0,80.0,82.0,86.0,90.0,94.0,98.0,101.0,103.0,111.0,123.5,inferred
North East Lincolnshire,2021-08-09,90.0,100.0,108.0,111.0,113.0,118.0,123.0,127.0,132.0,135.0,138.0,148.0,161.0,inferred
North East Lincolnshire,2021-08-10,85.0,94.0,101.0,104.0,107.0,112.0,116.0,120.0,125.0,128.0,131.0,140.0,154.5,inferred
North East Lincolnshire,2021-08-11,82.0,92.0,100.0,102.0,104.0,109.0,113.0,118.0,122.0,124.0,127.0,135.0,151.0,inferred
North East Lincolnshire,2021-08-12,74.0,86.0,93.0,95.0,97.0,101.0,106.0,111.0,116.0,118.0,120.0,129.0,142.0,inferred
North East Lincolnshire,2021-08-13,66.0,76.0,82.0,85.0,87.0,91.0,95.0,99.0,104.0,106.0,109.0,116.0,130.0,inferred
North East Lincolnshire,2021-08-14,54.0,61.0,67.0,69.0,71.0,75.0,79.0,82.0,86.0,88.0,91.0,97.0,109.0,inferred
North East Lincolnshire,2021-08-15,55.5,64.0,70.0,72.0,74.0,77.0,81.0,85.0,90.0,92.0,94.0,101.0,113.0,inferred
North East Lincolnshire,2021-08-16,80.0,91.0,97.0,99.0,101.0,106.0,111.0,115.0,120.0,122.0,125.0,134.0,150.0,inferred
North East Lincolnshire,2021-08-17,71.5,80.9,87.0,90.0,93.0,98.0,102.0,106.0,111.0,113.0,116.0,125.0,136.0,inferred
North East Lincolnshire,2021-08-18,70.5,80.0,86.0,89.0,91.0,95.0,99.0,103.0,108.0,110.0,113.0,120.1,133.0,inferred
North East Lincolnshire,2021-08-19,64.5,74.0,80.0,83.0,85.0,89.0,93.0,97.0,102.0,104.0,107.0,114.0,127.0,inferred
North East Lincolnshire,2021-08-20,57.0,66.0,72.0,74.0,76.0,80.0,83.0,87.0,91.0,94.0,96.0,102.0,114.5,inferred
North East Lincolnshire,2021-08-21,45.0,53.0,57.0,60.0,61.7,65.0,69.0,72.0,76.0,79.0,81.0,87.0,100.0,inferred
North East Lincolnshire,2021-08-22,47.0,55.0,60.0,63.0,65.0,68.0,71.0,74.0,78.0,81.0,83.0,90.0,100.0,inferred
North East Lincolnshire,2021-08-23,67.0,76.0,82.0,85.0,88.0,92.0,96.0,100.0,105.0,108.0,110.2,117.1,130.0,inferred
North East Lincolnshire,2021-08-24,62.0,71.0,77.0,80.0,82.0,86.0,90.0,94.0,98.0,101.0,103.0,111.0,122.0,inferred
North East Lincolnshire,2021-08-25,61.0,70.0,76.0,79.0,81.0,85.0,89.0,93.0,97.0,99.0,102.0,110.0,122.0,inferred
North East Lincolnshire,2021-08-26,57.0,66.0,73.0,75.0,77.0,81.0,85.0,89.0,93.0,95.0,98.0,106.0,116.5,inferred
North East Lincolnshire,2021-08-27,51.5,60.0,66.0,68.0,70.0,74.0,77.0,80.0,84.0,86.0,89.0,96.0,107.5,inferred
North East Lincolnshire,2021-08-28,42.0,49.9,54.0,56.0,58.0,61.0,64.0,68.0,71.0,74.0,76.0,82.0,93.0,inferred
North East Lincolnshire,2021-08-29,42.5,51.0,57.0,59.0,60.0,64.0,68.0,71.0,75.0,77.0,79.0,85.0,95.5,inferred
North East Lincolnshire,2021-08-30,65.0,74.0,80.0,82.0,85.0,89.0,93.0,97.0,102.0,104.0,107.0,115.0,129.0,inferred
North East Lincolnshire,2021-08-31,59.5,67.0,73.0,76.0,78.0,82.0,86.0,90.0,95.0,97.0,100.0,107.0,119.0,inferred
North East Lincolnshire,2021-09-01,59.0,68.0,74.0,76.0,78.0,83.0,86.0,90.0,94.0,97.0,101.0,108.0,118.5,inferred
North East Lincolnshire,2021-09-02,55.0,65.0,70.0,72.0,74.0,78.0,82.0,86.0,90.0,92.0,95.0,103.0,115.0,inferred
North East Lincolnshire,2021-09-03,50.0,59.0,64.0,66.0,68.0,72.0,76.0,79.0,83.0,85.0,88.0,94.0,104.0,inferred
North East Lincolnshire,2021-09-04,41.0,47.0,52.0,54.0,56.0,60.0,63.0,66.0,70.0,72.0,74.0,80.0,91.5,inferred
North East Lincolnshire,2021-09-05,42.5,50.0,55.0,57.0,59.0,62.0,65.0,69.0,73.0,75.0,77.0,84.0,95.5,inferred
North East Lincolnshire,2021-09-06,61.5,71.0,79.0,81.0,83.0,88.0,92.0,96.0,100.0,103.0,106.0,114.0,126.5,inferred
North East Lincolnshire,2021-09-07,57.0,66.0,72.0,74.0,77.0,80.6,84.0,87.4,92.0,94.0,97.0,104.0,116.0,inferred
North East Lincolnshire,2021-09-08,58.0,66.0,72.0,74.0,76.0,80.0,84.0,88.0,92.0,94.0,97.0,104.0,115.0,inferred
North East Lincolnshire,2021-09-09,52.0,61.0,67.0,69.0,71.0,75.0,78.0,81.0,85.3,88.0,90.0,97.0,108.0,inferred
North East Lincolnshire,2021-09-10,46.0,54.0,60.0,62.0,64.0,67.0,71.0,74.0,78.0,80.0,82.0,88.0,100.0,inferred
North East Lincolnshire,2021-09-11,37.0,43.0,48.0,50.0,52.0,55.0,57.0,61.0,64.0,66.0,68.0,73.0,84.0,inferred
North East Lincolnshire,2021-09-12,39.0,46.0,51.0,52.0,54.0,57.0,60.0,63.0,67.0,69.0,71.0,77.0,86.0,inferred
North East Lincolnshire,2021-09-13,55.0,64.0,70.0,72.0,74.0,78.0,82.0,86.0,90.0,92.0,95.0,102.0,114.5,inferred
North East Lincolnshire,2021-09-14,51.0,59.0,64.0,67.0,69.0,73.0,76.0,80.0,84.0,86.0,89.0,95.0,105.0,inferred
North East Lincolnshire,2021-09-15,53.0,60.0,66.0,68.0,70.0,74.0,78.0,81.0,85.0,87.0,90.0,97.0,108.5,inferred
North East Lincolnshire,2021-09-16,51.0,59.0,65.0,67.0,69.0,72.0,76.0,79.0,83.0,85.0,88.0,95.1,107.0,inferred
North East Lincolnshire,2021-09-17,47.0,55.0,60.0,62.0,64.0,68.0,71.0,74.0,79.0,81.0,83.0,90.0,99.0,inferred
North East Lincolnshire,2021-09-18,38.0,45.0,50.0,52.0,54.0,57.0,60.0,64.0,67.0,70.0,72.0,79.0,90.0,inferred
North East Lincolnshire,2021-09-19,41.5,49.0,55.0,56.0,58.0,62.0,65.0,68.0,72.0,74.0,76.0,83.0,93.5,inferred
North East Lincolnshire,2021-09-20,62.0,71.0,78.0,81.0,83.0,87.0,91.0,95.0,99.0,102.0,104.0,112.0,122.5,inferred
North East Lincolnshire,2021-09-21,58.0,67.0,73.0,76.0,78.0,82.0,86.0,89.0,93.0,96.0,98.0,106.0,117.0,inferred
North East Lincolnshire,2021-09-22,57.0,66.0,72.0,74.0,76.0,80.0,84.0,88.0,92.0,94.0,97.0,106.0,118.0,inferred
North East Lincolnshire,2021-09-23,53.0,62.0,67.0,69.0,72.0,75.0,79.0,83.0,86.0,89.0,91.0,98.0,110.0,inferred
North East Lincolnshire,2021-09-24,47.5,55.0,61.0,63.0,65.0,68.0,71.0,75.0,78.0,80.0,82.0,90.0,98.5,inferred
North East Lincolnshire,2021-09-25,36.0,44.0,49.0,50.0,52.0,55.0,58.0,61.0,64.0,66.0,69.0,75.0,86.0,inferred
North East Lincolnshire,2021-09-26,39.0,46.0,51.0,53.0,55.0,58.0,61.0,64.0,68.0,70.0,72.0,78.0,89.5,inferred
North East Lincolnshire,2021-09-27,56.0,64.0,69.0,71.0,73.0,77.0,81.0,86.0,91.0,93.0,95.0,103.0,116.0,inferred
North East Lincolnshire,2021-09-28,50.0,59.0,65.0,67.0,69.0,73.0,76.0,79.0,84.0,86.0,89.0,96.0,109.0,inferred
North East Lincolnshire,2021-09-29,51.0,59.0,64.0,66.0,68.0,72.0,76.0,79.0,83.0,85.0,88.0,96.0,107.0,inferred
North East Lincolnshire,2021-09-30,48.0,55.0,61.0,63.0,64.0,68.0,71.0,75.0,78.0,80.0,83.0,90.0,100.0,inferred
North East Lincolnshire,2021-10-01,42.0,50.0,55.0,57.0,58.0,62.0,66.0,69.0,73.0,75.0,77.0,84.0,95.0,inferred
North East Lincolnshire,2021-10-02,34.5,41.0,45.0,47.0,49.0,52.0,55.0,58.0,62.0,63.0,66.0,72.1,81.5,inferred
North East Lincolnshire,2021-10-03,37.0,44.0,49.0,50.0,52.0,56.0,58.0,62.0,65.0,67.0,70.0,77.0,88.0,inferred
North East Lincolnshire,2021-10-04,53.0,62.0,68.0,71.0,73.0,77.0,80.0,84.0,88.0,90.0,93.0,100.0,114.0,inferred
North East Lincolnshire,2021-10-05,49.0,59.0,64.0,66.0,68.0,72.0,76.0,80.0,84.0,86.0,88.0,95.0,108.5,inferred
North East Lincolnshire,2021-10-06,53.0,60.0,66.0,68.0,70.0,74.0,77.0,81.0,86.0,88.0,91.0,98.0,110.0,inferred
North East Lincolnshire,2021-10-07,53.0,60.0,65.0,67.0,69.0,73.0,76.0,80.0,84.0,87.0,89.0,96.1,108.0,inferred
North East Lincolnshire,2021-10-08,47.0,55.0,61.0,63.0,66.0,69.0,73.0,77.0,81.0,83.0,85.0,92.0,102.0,inferred
North East Lincolnshire,2021-10-09,40.0,47.0,52.0,54.0,56.0,59.6,63.0,65.0,69.0,71.0,73.0,80.0,89.0,inferred
North East Lincolnshire,2021-10-10,43.0,51.0,56.0,58.0,61.0,64.0,68.0,70.0,74.0,76.0,78.0,84.0,94.5,inferred
North East Lincolnshire,2021-10-11,65.0,74.0,81.0,83.0,86.0,90.0,94.0,97.0,102.0,105.0,108.0,117.0,128.5,inferred
North East Lincolnshire,2021-10-12,61.5,71.0,77.0,80.0,82.0,86.0,90.0,94.0,98.0,100.0,103.0,110.0,123.0,inferred
North East Lincolnshire,2021-10-13,61.0,71.0,77.0,79.0,82.0,85.6,90.0,94.0,98.0,100.0,103.0,111.0,124.0,inferred
North East Lincolnshire,2021-10-14,57.0,66.0,72.0,74.8,77.0,81.0,84.0,88.0,93.0,95.0,98.0,106.0,120.0,inferred
North East Lincolnshire,2021-10-15,50.0,59.0,65.0,68.0,70.0,74.0,77.0,80.0,85.0,87.0,90.0,99.0,110.0,inferred
North Hertfordshire,2021-07-03,16.0,21.0,24.0,25.0,27.0,29.0,32.0,34.0,37.0,38.0,40.0,44.0,54.0,inferred
North Hertfordshire,2021-07-04,19.0,24.0,27.0,29.0,30.0,33.0,35.0,37.0,40.0,42.0,43.0,48.0,56.0,inferred
North Hertfordshire,2021-07-05,30.0,36.0,41.0,43.0,45.0,47.0,50.0,53.0,57.0,58.0,60.0,66.0,75.0,inferred
North Hertfordshire,2021-07-06,31.0,37.0,42.0,44.0,46.0,48.0,51.0,54.0,57.0,59.0,61.0,67.0,76.0,inferred
North Hertfordshire,2021-07-07,35.0,41.0,46.0,48.0,50.0,53.0,56.0,59.0,62.0,65.0,67.0,72.0,82.0,inferred
North Hertfordshire,2021-07-08,37.0,44.0,49.0,51.0,52.0,56.0,59.0,62.0,65.0,67.0,69.0,74.0,85.0,inferred
North Hertfordshire,2021-07-09,36.0,43.0,48.0,50.0,52.0,55.0,58.0,61.0,65.0,67.0,69.0,75.0,85.0,inferred
North Hertfordshire,2021-07-10,33.0,39.0,44.0,46.0,47.0,50.0,53.0,56.0,59.0,62.0,64.0,69.0,76.5,inferred
North Hertfordshire,2021-07-11,39.0,45.0,50.0,52.0,54.0,57.0,60.0,63.0,67.0,69.0,71.2,77.0,88.0,inferred
North Hertfordshire,2021-07-12,60.0,68.0,75.0,77.0,79.0,83.0,86.0,90.0,95.0,98.0,101.0,108.0,120.0,inferred
North Hertfordshire,2021-07-13,60.0,68.0,74.0,77.0,79.0,83.0,87.0,90.0,95.0,98.0,101.0,109.0,121.5,inferred
North Hertfordshire,2021-07-14,60.5,69.0,74.0,77.0,79.0,83.0,87.0,91.0,95.0,98.0,100.0,107.0,120.0,inferred
North Hertfordshire,2021-07-15,56.0,64.0,70.0,72.0,74.7,78.0,82.0,86.0,90.3,93.0,96.0,102.0,114.0,inferred
North Hertfordshire,2021-07-16,50.0,58.0,63.0,65.0,67.0,71.0,74.0,78.0,82.0,84.0,87.0,94.0,105.0,inferred
North Hertfordshire,2021-07-17,40.0,47.0,52.0,54.0,56.0,59.0,62.0,65.0,69.0,71.0,73.0,80.0,90.0,inferred
North Hertfordshire,2021-07-18,40.0,47.0,52.0,54.0,56.0,60.0,63.0,67.0,70.0,72.0,74.0,80.0,91.0,inferred
North Hertfordshire,2021-07-19,57.0,65.0,72.0,74.0,76.0,80.0,84.0,88.0,92.0,94.0,96.0,104.0,114.0,inferred
North Hertfordshire,2021-07-20,51.0,59.0,64.0,66.0,68.0,72.0,76.0,80.0,83.0,86.0,89.0,96.0,108.0,inferred
North Hertfordshire,2021-07-21,47.5,55.0,60.0,63.0,64.0,68.0,71.0,74.0,78.0,80.0,83.0,90.0,99.0,inferred
North Hertfordshire,2021-07-22,40.0,47.0,52.0,54.0,56.0,60.0,63.0,67.0,70.0,72.0,74.0,81.0,91.0,inferred
North Hertfordshire,2021-07-23,33.0,40.0,44.0,46.0,47.0,50.0,53.0,56.0,59.0,61.2,64.0,69.0,78.0,inferred
North Hertfordshire,2021-07-24,24.0,29.0,33.0,35.0,36.0,39.0,41.0,44.0,47.0,49.0,50.0,56.0,64.0,inferred
North Hertfordshire,2021-07-25,21.0,28.0,32.0,33.0,35.0,38.0,40.0,43.0,46.0,47.0,49.0,54.0,63.0,inferred
North Hertfordshire,2021-07-26,30.0,36.0,40.0,42.0,44.0,47.0,50.0,53.0,56.0,58.0,61.0,66.0,76.0,inferred
North Hertfordshire,2021-07-27,27.5,34.0,38.0,40.0,41.0,44.0,47.0,49.0,53.0,55.0,57.0,62.0,72.0,inferred
North Hertfordshire,2021-07-28,29.0,35.0,39.0,41.0,43.0,46.0,48.0,52.0,55.0,57.0,59.0,64.0,72.0,inferred
North Hertfordshire,2021-07-29,29.0,35.0,39.0,41.0,43.0,46.0,49.0,52.0,55.0,57.0,59.0,64.1,73.0,inferred
North Hertfordshire,2021-07-30,27.0,33.0,37.0,39.0,40.0,43.0,46.0,48.0,51.0,53.0,55.0,60.0,69.0,inferred
North Hertfordshire,2021-07-31,22.5,28.0,32.0,34.0,35.0,37.0,40.0,42.0,45.0,46.0,48.0,53.0,62.0,inferred
North Hertfordshire,2021-08-01,23.5,30.0,33.8,35.0,37.0,39.0,42.0,44.0,47.0,49.0,51.0,55.0,62.5,inferred
North Hertfordshire,2021-08-02,36.0,42.0,48.0,50.0,51.0,54.6,57.0,61.0,63.0,65.0,68.0,74.0,84.0,inferred
North Hertfordshire,2021-08-03,35.5,41.0,46.0,48.0,49.7,53.0,56.0,59.0,62.0,64.0,67.0,73.0,83.0,inferred
North Hertfordshire,2021-08-04,35.0,42.0,46.0,48.0,50.0,53.0,56.0,59.0,63.0,65.0,68.0,74.0,83.0,inferred
North Hertfordshire,2021-08-05,33.0,41.0,45.0,47.0,48.0,51.0,54.0,57.0,60.0,62.0,65.0,70.0,81.0,inferred
North Hertfordshire,2021-08-06,30.0,36.0,41.0,43.0,44.0,47.0,50.0,52.0,56.0,57.0,59.0,65.0,75.0,inferred
North Hertfordshire,2021-08-07,24.0,30.0,33.0,34.8,36.0,39.0,42.0,44.0,47.0,49.0,51.0,57.0,64.0,inferred
North Hertfordshire,2021-08-08,26.0,31.0,35.0,36.0,38.0,41.0,43.0,46.0,49.0,51.0,53.0,58.0,68.0,inferred
North Hertfordshire,2021-08-09,37.0,43.0,48.0,50.0,52.0,55.0,58.0,62.0,65.0,68.0,70.0,76.0,87.0,inferred
North Hertfordshire,2021-08-10,34.0,41.0,46.0,48.0,50.0,53.0,56.0,59.0,62.0,64.0,67.0,73.0,81.0,inferred
North Hertfordshire,2021-08-11,37.0,44.0,49.0,51.0,53.0,56.0,59.0,62.4,66.0,68.0,70.0,77.0,87.5,inferred
North Hertfordshire,2021-08-12,35.0,42.9,47.0,49.0,51.0,54.0,57.0,60.0,63.3,65.0,68.0,75.0,84.0,inferred
North Hertfordshire,2021-08-13,32.5,39.0,43.0,45.0,47.0,50.0,53.0,55.0,59.0,61.0,63.0,69.0,77.0,inferred
North Hertfordshire,2021-08-14,27.0,33.0,37.0,39.0,40.0,43.0,46.0,48.0,51.0,53.0,54.0,60.0,69.5,inferred
North Hertfordshire,2021-08-15,29.0,35.0,39.0,41.0,42.0,45.0,48.0,51.0,54.0,56.0,58.0,65.0,74.0,inferred
North Hertfordshire,2021-08-16,43.0,49.0,54.0,56.0,58.0,62.0,65.0,69.0,73.0,75.0,77.0,84.0,94.0,inferred
North Hertfordshire,2021-08-17,40.0,47.0,52.0,54.0,56.0,59.0,62.0,66.0,69.0,72.0,74.0,80.0,91.0,inferred
North Hertfordshire,2021-08-18,40.0,47.0,52.0,54.0,56.0,59.0,63.0,67.0,71.0,73.0,75.0,81.0,90.0,inferred
North Hertfordshire,2021-08-19,38.0,45.0,50.0,52.0,53.0,57.0,60.0,63.0,67.0,68.0,71.0,77.0,88.5,inferred
North Hertfordshire,2021-08-20,34.0,40.0,44.8,47.0,48.0,51.0,54.5,57.0,61.0,62.0,64.0,70.1,80.0,inferred
North Hertfordshire,2021-08-21,27.0,32.0,37.0,38.0,40.0,42.0,45.0,48.0,51.0,53.0,55.0,60.0,68.5,inferred
North Hertfordshire,2021-08-22,28.0,33.0,38.0,39.0,41.0,43.6,46.0,49.0,52.0,54.0,56.0,61.0,70.0,inferred
North Hertfordshire,2021-08-23,38.0,45.0,50.0,53.0,55.0,58.0,61.0,64.0,68.0,70.0,73.0,80.0,91.0,inferred
North Hertfordshire,2021-08-24,37.0,44.0,49.0,51.0,52.7,56.0,59.0,62.0,65.0,67.0,69.0,75.1,85.0,inferred
North Hertfordshire,2021-08-25,39.0,45.0,50.0,52.0,54.0,57.0,60.0,63.0,66.0,68.0,71.0,76.0,87.5,inferred
North Hertfordshire,2021-08-26,36.0,43.0,48.0,50.0,52.0,55.0,58.0,61.0,64.0,66.0,69.0,75.0,86.0,inferred
North Hertfordshire,2021-08-27,32.0,39.0,43.0,45.0,47.0,51.0,54.0,56.0,60.0,62.0,64.0,69.0,78.0,inferred
North Hertfordshire,2021-08-28,27.0,32.0,37.0,38.8,40.0,43.0,45.0,48.0,51.0,53.0,55.0,61.0,68.0,inferred
North Hertfordshire,2021-08-29,28.0,34.0,38.0,40.0,42.0,45.0,48.0,50.0,53.0,55.0,57.0,63.0,73.0,inferred
North Hertfordshire,2021-08-30,41.0,48.0,53.0,56.0,58.0,61.0,64.0,68.0,71.3,73.0,76.0,83.0,94.0,inferred
North Hertfordshire,2021-08-31,39.0,46.0,51.0,53.0,55.0,59.0,62.0,65.0,69.0,72.0,74.0,80.0,89.0,inferred
North Hertfordshire,2021-09-01,39.0,46.9,52.0,53.0,55.0,58.0,62.0,65.0,69.0,71.0,73.0,79.0,89.0,inferred
North Hertfordshire,2021-09-02,35.0,43.0,47.8,50.0,52.0,55.0,58.0,61.0,65.0,67.0,69.0,75.1,87.0,inferred
North Hertfordshire,2021-09-03,33.0,39.0,43.0,45.0,47.0,50.0,53.0,55.0,58.0,60.0,62.0,68.0,77.0,inferred
North Hertfordshire,2021-09-04,26.0,31.9,35.0,37.0,39.0,42.0,44.0,47.0,50.0,52.0,54.0,59.0,68.0,inferred
North Hertfordshire,2021-09-05,26.0,32.0,37.0,38.0,40.0,43.0,45.0,48.0,51.0,53.0,55.0,60.0,68.0,inferred
North Hertfordshire,2021-09-06,37.5,45.0,50.0,52.0,53.0,56.0,60.0,63.0,66.0,68.0,70.2,77.0,89.0,inferred
North Hertfordshire,2021-09-07,36.0,42.0,46.8,48.0,50.0,53.0,56.0,59.0,62.0,64.0,67.0,73.0,84.0,inferred
North Hertfordshire,2021-09-08,33.0,41.0,46.0,47.0,49.0,52.0,55.0,58.0,62.0,64.0,66.0,72.0,83.0,inferred
North Hertfordshire,2021-09-09,29.0,36.0,40.0,42.0,43.0,47.0,50.0,53.0,56.0,58.0,60.0,66.1,74.0,inferred
North Hertfordshire,2021-09-10,25.0,31.0,35.0,36.0,38.0,41.0,43.0,46.0,49.0,51.0,53.0,58.0,68.0,inferred
North Hertfordshire,2021-09-11,19.0,23.0,27.0,29.0,30.0,33.0,35.0,38.0,41.0,42.0,44.0,49.0,57.0,inferred
North Hertfordshire,2021-09-12,20.0,24.0,28.0,29.0,30.0,32.0,35.0,37.0,40.0,42.0,43.2,49.0,57.0,inferred
North Hertfordshire,2021-09-13,25.0,32.0,37.0,38.0,40.0,43.0,46.0,49.0,53.0,55.0,57.0,63.0,73.0,inferred
North Hertfordshire,2021-09-14,26.0,32.0,36.0,37.0,39.0,41.0,44.0,47.0,50.0,52.0,54.0,59.0,67.0,inferred
North Hertfordshire,2021-09-15,27.5,33.0,37.0,39.0,41.0,44.0,47.0,50.0,52.0,54.0,56.0,62.0,72.0,inferred
North Hertfordshire,2021-09-16,28.0,34.0,37.0,39.0,41.0,44.0,46.0,49.0,52.0,54.0,56.0,61.0,69.5,inferred
North Hertfordshire,2021-09-17,25.0,31.0,36.0,37.0,39.0,41.0,44.0,47.0,50.0,53.0,54.0,60.0,66.5,inferred
North Hertfordshire,2021-09-18,21.0,27.0,31.0,32.0,34.0,36.0,38.0,41.0,44.0,45.0,47.0,52.0,61.0,inferred
North Hertfordshire,2021-09-19,23.5,29.0,33.0,35.0,37.0,40.0,42.0,44.0,48.0,49.0,51.0,57.0,64.0,inferred
North Hertfordshire,2021-09-20,36.0,43.0,48.0,50.0,51.0,54.0,58.0,61.0,65.0,66.2,69.0,75.0,84.0,inferred
North Hertfordshire,2021-09-21,35.0,43.0,48.0,50.0,52.0,55.0,58.0,61.0,65.0,67.0,69.0,75.0,84.0,inferred
North Hertfordshire,2021-09-22,37.0,44.0,49.0,51.0,53.0,56.0,59.0,63.0,66.0,69.0,71.0,76.0,87.5,inferred
North Hertfordshire,2021-09-23,36.0,44.0,49.0,51.0,53.0,56.0,59.0,62.0,65.0,67.0,69.0,75.1,85.0,inferred
North Hertfordshire,2021-09-24,35.0,41.0,46.0,48.0,50.0,53.0,56.0,59.0,62.0,64.0,66.0,72.0,81.5,inferred
North Hertfordshire,2021-09-25,28.0,34.0,39.0,40.0,42.0,45.0,48.0,51.0,54.0,56.0,58.0,64.0,73.0,inferred
North Hertfordshire,2021-09-26,32.0,38.0,42.0,43.0,45.0,48.0,51.0,54.0,57.0,60.0,62.0,68.0,77.0,inferred
North Hertfordshire,2021-09-27,47.0,54.0,60.0,62.0,64.0,68.0,71.0,75.0,79.0,81.0,84.0,91.0,103.0,inferred
North Hertfordshire,2021-09-28,45.0,54.0,59.0,61.0,64.0,67.0,71.0,74.0,78.0,80.0,82.0,89.0,101.0,inferred
North Hertfordshire,2021-09-29,47.0,55.0,61.0,63.0,65.0,68.0,72.0,76.0,79.3,82.0,85.0,92.0,103.0,inferred
North Hertfordshire,2021-09-30,45.0,54.0,60.0,61.0,63.0,67.0,70.0,74.0,78.0,81.0,83.0,90.0,101.0,inferred
North Hertfordshire,2021-10-01,42.0,50.0,55.0,57.0,59.0,63.0,66.0,70.0,74.0,75.2,78.0,84.0,95.0,inferred
North Hertfordshire,2021-10-02,34.0,43.0,47.0,49.0,51.0,54.0,57.0,60.0,64.0,65.0,68.0,73.0,84.0,inferred
North Hertfordshire,2021-10-03,37.0,45.0,50.0,52.0,54.0,57.0,61.0,64.0,67.0,69.0,71.0,79.0,88.5,inferred
North Hertfordshire,2021-10-04,56.0,64.9,70.0,72.0,74.0,78.0,82.0,86.0,90.0,92.0,95.0,104.0,114.0,inferred
North Hertfordshire,2021-10-05,53.5,62.0,67.0,70.0,72.0,76.0,80.0,83.0,88.0,90.0,93.0,100.0,114.0,inferred
North Hertfordshire,2021-10-06,56.0,64.0,70.0,72.0,74.0,78.0,82.0,86.0,89.0,92.0,95.0,101.0,113.0,inferred
North Hertfordshire,2021-10-07,53.0,62.0,67.0,69.8,71.0,75.0,79.0,82.0,86.0,89.0,91.0,98.0,109.0,inferred
North Hertfordshire,2021-10-08,47.0,56.0,62.0,64.0,66.0,69.0,74.0,77.0,81.0,83.2,86.0,92.0,103.0,inferred
North Hertfordshire,2021-10-09,40.5,48.0,53.0,55.0,57.0,60.0,64.0,67.0,70.0,73.0,75.0,82.0,91.0,inferred
North Hertfordshire,2021-10-10,44.0,51.0,56.0,58.0,60.0,64.0,67.0,71.0,75.0,77.0,79.0,85.0,95.0,inferred
North Hertfordshire,2021-10-11,63.0,72.0,79.0,82.0,84.0,87.0,91.0,95.0,99.0,102.0,105.0,112.0,124.0,inferred
North Hertfordshire,2021-10-12,59.0,69.0,75.0,77.0,80.0,83.6,88.0,92.0,96.0,99.0,101.0,108.0,123.0,inferred
North Hertfordshire,2021-10-13,61.0,69.0,75.0,77.0,79.0,83.0,87.0,91.0,95.0,98.0,100.0,107.0,122.0,inferred
North Hertfordshire,2021-10-14,54.0,63.0,69.0,71.0,73.0,77.0,81.0,85.0,89.3,92.0,94.0,102.0,115.0,inferred
North Hertfordshire,2021-10-15,46.5,55.0,62.0,64.0,66.0,70.0,74.0,77.0,82.0,84.0,87.0,95.0,105.0,inferred
North Kesteven,2021-07-03,10.0,15.0,17.0,18.0,20.0,22.0,23.0,25.0,28.0,29.0,31.0,35.0,42.0,inferred
North Kesteven,2021-07-04,13.0,17.0,20.0,21.8,23.0,25.0,27.0,29.0,32.0,33.0,34.0,39.0,46.0,inferred
North Kesteven,2021-07-05,22.0,27.0,30.0,32.0,34.0,36.0,38.0,41.0,44.0,46.0,48.0,53.0,62.0,inferred
North Kesteven,2021-07-06,22.0,26.0,30.0,32.0,33.7,36.0,38.0,41.0,43.0,45.0,47.0,52.0,61.0,inferred
North Kesteven,2021-07-07,22.0,28.0,31.8,33.0,34.0,37.0,39.0,42.0,45.0,46.0,48.0,53.0,60.5,inferred
North Kesteven,2021-07-08,22.0,28.0,31.0,33.0,34.0,36.0,39.0,41.0,44.0,45.0,47.0,52.0,60.0,inferred
North Kesteven,2021-07-09,20.0,25.0,29.0,30.0,31.0,34.0,36.0,39.0,42.0,43.0,45.0,50.0,57.0,inferred
North Kesteven,2021-07-10,17.0,21.0,25.0,26.0,27.0,30.0,32.0,34.0,37.0,38.0,40.0,44.0,51.5,inferred
North Kesteven,2021-07-11,19.0,24.0,28.0,29.0,30.0,32.0,35.0,38.0,40.0,42.0,44.0,49.0,58.0,inferred
North Kesteven,2021-07-12,28.5,36.0,40.0,41.0,43.0,46.0,49.0,52.0,56.0,58.0,60.0,65.1,76.0,inferred
North Kesteven,2021-07-13,28.0,34.0,37.0,39.0,41.0,44.0,47.0,50.0,53.3,55.2,57.0,63.0,72.0,inferred
North Kesteven,2021-07-14,29.0,34.0,38.0,40.0,41.0,44.0,46.0,49.4,53.0,54.0,56.0,63.0,73.0,inferred
North Kesteven,2021-07-15,27.0,34.0,37.0,39.0,41.0,43.0,46.0,49.0,52.0,54.0,56.0,61.0,69.0,inferred
North Kesteven,2021-07-16,23.0,29.0,33.0,35.0,36.0,38.0,41.0,44.0,47.0,49.0,51.0,56.0,64.0,inferred
North Kesteven,2021-07-17,19.0,24.0,28.0,29.0,30.0,33.0,35.0,37.0,40.0,42.0,44.0,49.0,57.0,inferred
North Kesteven,2021-07-18,20.0,26.0,29.0,31.0,32.0,34.0,37.0,39.0,42.0,43.0,45.0,51.0,59.0,inferred
North Kesteven,2021-07-19,29.0,35.0,40.0,42.0,44.0,47.0,49.5,53.0,56.0,58.0,60.0,66.0,76.5,inferred
North Kesteven,2021-07-20,28.0,35.0,39.0,40.0,42.0,45.0,48.0,51.0,54.0,55.0,57.0,63.0,73.0,inferred
North Kesteven,2021-07-21,30.0,35.0,40.0,41.0,43.0,46.0,49.0,53.0,56.0,58.0,60.0,65.0,75.0,inferred
North Kesteven,2021-07-22,29.5,36.0,40.0,41.0,43.0,46.0,49.0,52.0,55.0,57.0,59.0,65.0,75.0,inferred
North Kesteven,2021-07-23,26.5,33.0,37.0,39.0,40.0,43.0,46.0,48.0,51.0,53.0,56.0,61.0,70.0,inferred
North Kesteven,2021-07-24,23.0,29.0,33.0,34.0,35.7,38.0,40.0,43.0,46.0,48.0,50.0,55.0,64.0,inferred
North Kesteven,2021-07-25,26.0,32.0,36.0,38.0,40.0,43.0,45.0,48.0,51.0,53.0,55.0,60.0,70.0,inferred
North Kesteven,2021-07-26,41.0,48.0,53.0,55.0,57.0,61.0,64.0,67.0,72.0,74.0,76.0,82.0,94.0,inferred
North Kesteven,2021-07-27,41.0,48.9,54.0,56.0,58.0,61.0,64.0,68.0,71.0,74.0,76.0,83.0,92.5,inferred
North Kesteven,2021-07-28,43.0,50.0,56.0,58.0,60.0,63.0,66.0,69.0,73.0,75.0,78.0,84.1,96.0,inferred
North Kesteven,2021-07-29,43.0,50.0,56.0,58.0,60.0,63.0,66.0,69.4,74.0,76.0,78.0,85.0,96.5,inferred
North Kesteven,2021-07-30,40.0,47.0,52.0,53.0,56.0,59.0,62.0,65.0,69.0,71.0,74.0,80.0,89.5,inferred
North Kesteven,2021-07-31,34.5,41.0,45.0,47.0,49.0,51.0,54.5,58.0,61.0,63.0,65.0,71.0,81.5,inferred
North Kesteven,2021-08-01,37.5,43.0,49.0,51.0,52.0,56.0,59.0,63.0,66.0,69.0,71.0,76.0,87.0,inferred
North Kesteven,2021-08-02,55.5,64.0,70.0,72.0,74.0,78.0,82.0,85.0,90.0,93.0,95.0,102.0,114.5,inferred
North Kesteven,2021-08-03,51.0,61.0,67.0,69.0,71.0,75.0,78.0,82.0,86.0,88.0,91.0,98.0,110.0,inferred
North Kesteven,2021-08-04,51.0,59.0,64.8,67.0,69.0,73.0,77.0,81.0,85.0,87.0,89.0,97.0,108.0,inferred
North Kesteven,2021-08-05,47.0,55.0,61.0,63.0,65.0,69.0,73.0,76.0,80.0,82.0,85.0,93.0,106.0,inferred
North Kesteven,2021-08-06,41.0,48.0,54.0,56.0,58.0,62.0,65.0,68.0,72.0,74.0,77.0,83.0,93.5,inferred
North Kesteven,2021-08-07,33.0,40.0,44.0,46.0,48.0,51.0,53.0,56.0,60.0,62.0,64.0,70.0,81.0,inferred
North Kesteven,2021-08-08,36.0,42.0,47.0,48.0,50.0,53.0,56.0,59.0,63.0,64.0,66.0,72.1,83.0,inferred
North Kesteven,2021-08-09,49.0,58.0,63.0,66.0,68.0,72.0,76.0,79.0,83.0,85.2,88.0,95.0,104.0,inferred
North Kesteven,2021-08-10,45.0,53.0,59.0,61.0,63.0,67.0,70.0,74.0,78.0,80.0,82.0,89.0,100.0,inferred
North Kesteven,2021-08-11,45.0,53.0,58.0,60.0,62.0,65.0,69.0,72.0,76.0,78.0,81.0,87.1,99.0,inferred
North Kesteven,2021-08-12,43.0,50.0,55.0,57.0,59.0,63.0,66.0,69.0,74.0,76.0,78.0,84.0,94.0,inferred
North Kesteven,2021-08-13,36.0,44.0,49.0,51.0,52.0,56.0,59.0,62.0,65.3,68.0,70.0,77.0,85.0,inferred
North Kesteven,2021-08-14,30.0,36.0,40.0,42.0,43.0,46.0,49.0,52.0,55.0,57.0,59.2,65.0,76.0,inferred
North Kesteven,2021-08-15,31.0,37.0,42.0,44.0,45.0,48.0,51.0,54.0,58.0,59.0,62.0,68.0,75.0,inferred
North Kesteven,2021-08-16,45.0,52.0,57.0,59.0,61.0,65.0,68.0,71.0,76.0,78.0,80.0,87.0,98.0,inferred
North Kesteven,2021-08-17,41.0,48.0,53.0,55.0,57.0,61.0,64.0,68.0,71.0,73.0,76.0,83.0,92.5,inferred
North Kesteven,2021-08-18,38.0,47.0,52.0,54.0,56.0,59.0,62.0,66.0,69.0,71.0,74.0,80.0,91.0,inferred
North Kesteven,2021-08-19,37.0,45.0,49.0,51.0,53.0,56.0,59.0,62.0,66.0,68.0,70.0,76.0,86.0,inferred
North Kesteven,2021-08-20,31.0,38.0,43.0,44.0,46.0,49.0,52.0,56.0,59.0,61.0,64.0,69.0,78.0,inferred
North Kesteven,2021-08-21,24.5,31.0,35.0,37.0,38.0,41.0,44.0,47.0,50.0,52.0,54.0,59.0,68.0,inferred
North Kesteven,2021-08-22,27.0,33.0,38.0,39.0,41.0,44.0,46.0,49.0,53.0,54.0,56.0,62.0,71.0,inferred
North Kesteven,2021-08-23,39.0,46.0,51.0,53.0,55.0,58.0,61.0,64.0,68.0,70.0,72.0,78.0,88.5,inferred
North Kesteven,2021-08-24,37.0,43.0,48.0,49.0,51.0,54.0,57.0,60.0,64.0,65.0,68.0,75.0,85.0,inferred
North Kesteven,2021-08-25,35.0,41.0,46.0,48.0,50.0,54.0,57.0,60.0,64.0,66.0,68.0,74.0,83.0,inferred
North Kesteven,2021-08-26,34.0,40.0,45.0,47.0,48.0,52.0,54.0,57.0,61.0,63.0,65.0,70.0,82.0,inferred
North Kesteven,2021-08-27,29.0,35.0,39.0,41.0,42.0,45.0,48.0,51.0,54.0,56.0,58.0,63.0,71.0,inferred
North Kesteven,2021-08-28,21.5,28.0,32.0,34.0,35.0,38.0,40.0,43.0,46.0,48.0,50.0,56.0,63.0,inferred
North Kesteven,2021-08-29,24.0,29.0,34.0,36.0,37.0,40.0,43.0,45.0,48.0,50.0,52.0,58.0,67.0,inferred
North Kesteven,2021-08-30,35.0,42.0,47.0,49.0,51.0,54.0,57.0,60.0,63.0,65.0,67.0,74.0,83.5,inferred
North Kesteven,2021-08-31,33.0,40.0,44.0,46.0,48.0,51.0,54.0,57.0,61.0,62.0,65.0,70.0,79.0,inferred
North Kesteven,2021-09-01,33.0,39.0,44.0,47.0,48.0,52.0,55.0,57.0,60.0,62.0,65.0,70.0,79.0,inferred
North Kesteven,2021-09-02,32.0,39.0,43.0,45.0,47.0,50.0,53.0,57.0,60.0,61.0,63.0,69.0,77.5,inferred
North Kesteven,2021-09-03,29.0,35.0,39.0,41.0,42.0,45.0,47.0,51.0,53.0,55.0,57.0,63.0,72.0,inferred
North Kesteven,2021-09-04,24.0,30.0,33.0,35.0,36.0,39.0,41.0,44.0,47.0,49.0,50.0,55.0,64.0,inferred
North Kesteven,2021-09-05,26.0,31.0,35.0,37.0,38.0,41.0,43.0,47.0,50.0,51.0,54.0,59.0,67.0,inferred
North Kesteven,2021-09-06,37.0,44.9,49.8,51.8,53.0,57.0,60.0,63.0,67.0,70.0,72.0,78.0,89.0,inferred
North Kesteven,2021-09-07,36.0,43.0,47.0,49.0,51.0,54.0,57.0,61.0,64.0,66.0,69.0,75.0,84.5,inferred
North Kesteven,2021-09-08,37.0,42.0,47.0,49.0,50.0,53.0,56.0,59.0,63.0,65.0,67.0,73.0,85.0,inferred
North Kesteven,2021-09-09,34.0,41.0,46.0,48.0,49.0,53.0,56.0,59.0,62.0,64.0,66.0,72.0,81.0,inferred
North Kesteven,2021-09-10,29.0,35.0,40.0,42.0,43.0,46.0,48.0,51.0,55.0,56.0,58.2,64.0,73.0,inferred
North Kesteven,2021-09-11,24.0,29.0,33.0,35.0,36.0,39.0,41.0,44.0,47.0,48.0,50.0,56.0,64.0,inferred
North Kesteven,2021-09-12,25.0,31.0,35.0,36.0,38.0,41.0,43.0,46.0,48.0,50.0,52.0,57.0,65.0,inferred
North Kesteven,2021-09-13,36.0,43.0,48.0,50.0,52.0,55.0,58.0,61.0,65.0,67.0,69.0,75.0,85.0,inferred
North Kesteven,2021-09-14,34.0,41.0,47.0,48.8,50.0,53.0,57.0,60.0,63.0,65.0,67.0,73.0,84.5,inferred
North Kesteven,2021-09-15,37.0,43.0,48.0,50.0,51.0,55.0,58.0,61.0,64.0,67.0,69.0,75.0,86.0,inferred
North Kesteven,2021-09-16,37.0,44.0,49.0,51.0,53.0,56.0,59.0,63.0,66.0,67.2,69.2,76.0,86.0,inferred
North Kesteven,2021-09-17,35.0,41.0,46.0,47.0,49.0,52.0,56.0,59.0,62.0,65.0,67.0,72.0,82.0,inferred
North Kesteven,2021-09-18,29.5,36.0,40.0,42.0,43.0,47.0,49.0,52.0,56.0,57.0,60.0,65.0,74.0,inferred
North Kesteven,2021-09-19,34.5,40.0,45.0,47.0,49.0,52.0,55.0,58.0,62.0,64.0,66.0,71.0,81.0,inferred
North Kesteven,2021-09-20,52.5,61.0,66.0,69.0,70.0,74.0,78.0,82.0,85.0,88.0,90.2,97.0,108.0,inferred
North Kesteven,2021-09-21,49.0,57.0,63.0,65.0,67.0,71.0,75.0,78.0,82.0,84.0,87.0,95.0,107.0,inferred
North Kesteven,2021-09-22,49.0,58.0,64.0,66.0,68.0,72.0,75.0,78.0,82.0,85.0,87.0,96.0,106.0,inferred
North Kesteven,2021-09-23,46.0,54.0,59.0,61.0,63.0,67.0,70.0,74.0,78.0,79.0,82.0,89.0,99.0,inferred
North Kesteven,2021-09-24,41.0,48.0,53.0,54.0,57.0,60.0,63.0,67.0,70.0,72.0,75.0,82.0,92.5,inferred
North Kesteven,2021-09-25,32.0,39.0,44.0,45.0,47.0,50.0,53.0,56.0,59.0,61.0,63.0,69.0,79.0,inferred
North Kesteven,2021-09-26,35.0,42.0,46.0,48.0,50.0,53.0,56.0,60.0,64.0,65.0,67.0,72.1,82.0,inferred
North Kesteven,2021-09-27,49.0,57.0,64.0,66.0,68.0,72.0,75.0,79.0,83.0,86.0,88.0,95.0,106.0,inferred
North Kesteven,2021-09-28,46.0,54.0,59.0,61.0,63.7,67.0,70.0,74.0,78.0,80.0,82.0,90.0,102.5,inferred
North Kesteven,2021-09-29,47.0,54.0,59.0,61.0,63.0,66.0,70.0,74.0,78.0,80.0,83.0,90.0,101.5,inferred
North Kesteven,2021-09-30,44.0,52.9,57.0,59.0,61.0,65.0,68.0,70.0,74.0,77.0,80.0,86.0,97.0,inferred
North Kesteven,2021-10-01,39.0,46.0,51.0,53.0,55.0,58.0,61.0,64.0,67.0,70.0,72.0,79.0,88.0,inferred
North Kesteven,2021-10-02,32.0,38.0,43.0,44.0,46.0,49.0,53.0,56.0,59.0,60.2,63.0,68.0,77.0,inferred
North Kesteven,2021-10-03,34.0,40.0,44.0,46.0,49.0,52.0,55.0,58.0,61.0,63.0,65.0,72.0,81.0,inferred
North Kesteven,2021-10-04,50.0,57.0,63.0,65.0,68.0,71.0,75.0,79.0,83.0,85.0,88.0,95.0,105.0,inferred
North Kesteven,2021-10-05,47.0,55.0,61.0,63.0,65.0,69.0,73.0,76.0,81.0,83.0,85.0,92.0,101.5,inferred
North Kesteven,2021-10-06,49.0,58.0,64.0,67.0,69.0,73.0,76.0,80.0,84.0,86.2,89.0,95.1,108.0,inferred
North Kesteven,2021-10-07,53.0,61.0,66.0,68.0,70.0,73.0,77.0,81.0,85.0,88.0,90.0,98.0,108.5,inferred
North Kesteven,2021-10-08,49.0,56.0,62.0,64.0,66.0,70.0,73.0,77.0,81.0,83.0,86.0,92.1,102.0,inferred
North Kesteven,2021-10-09,41.0,49.9,55.0,57.0,59.0,62.0,66.0,69.0,73.0,75.0,78.0,84.0,95.0,inferred
North Kesteven,2021-10-10,51.0,58.0,63.0,65.0,67.0,71.0,74.0,77.0,81.0,84.0,86.0,93.1,104.0,inferred
North Kesteven,2021-10-11,73.5,83.0,90.0,93.0,95.0,99.0,104.0,108.0,113.0,116.0,119.0,127.0,140.5,inferred
North Kesteven,2021-10-12,71.0,80.0,87.0,90.0,93.0,98.0,102.0,106.0,111.0,114.0,117.0,125.0,138.0,inferred
North Kesteven,2021-10-13,74.0,84.0,91.0,93.0,96.0,100.0,105.0,109.0,115.0,118.0,120.2,128.0,140.0,inferred
North Kesteven,2021-10-14,71.0,82.0,89.0,92.0,95.0,99.0,104.0,108.0,113.0,115.0,119.0,127.0,140.0,inferred
North Kesteven,2021-10-15,64.5,74.0,81.0,83.0,86.0,91.0,94.5,99.0,104.0,106.0,110.0,118.1,132.0,inferred
North Lanarkshire,2021-07-03,138.0,193.0,233.0,254.0,268.0,300.0,333.0,366.4,409.3,432.0,455.2,532.1,685.0,inferred
North Lanarkshire,2021-07-04,132.0,178.0,221.0,233.0,250.0,279.0,308.0,336.4,373.3,390.0,415.2,482.0,578.6,inferred
North Lanarkshire,2021-07-05,96.5,139.0,176.0,190.8,207.0,234.0,261.0,291.0,324.3,346.0,367.2,435.0,551.5,inferred
North Lanarkshire,2021-07-06,107.5,153.9,192.8,207.0,221.0,245.6,274.0,306.0,340.3,367.0,390.0,466.1,593.6,inferred
North Lanarkshire,2021-07-07,130.5,183.0,228.8,245.0,264.7,295.0,331.5,367.0,403.3,426.2,452.0,515.0,625.5,inferred
North Lanarkshire,2021-07-08,107.0,147.0,186.8,204.0,219.0,249.0,273.0,302.0,336.0,352.0,376.0,449.1,548.0,inferred
North Lanarkshire,2021-07-09,104.0,151.0,184.0,202.0,215.0,243.0,274.0,305.0,341.0,364.0,390.2,461.0,578.6,inferred
North Lanarkshire,2021-07-10,128.5,183.0,226.0,243.8,267.7,297.0,331.0,365.0,412.3,435.0,455.0,528.1,639.0,inferred
North Lanarkshire,2021-07-11,113.5,163.9,204.8,222.0,238.0,267.0,298.5,332.4,370.3,392.0,416.0,486.1,607.5,inferred
North Lanarkshire,2021-07-12,84.0,130.9,169.0,183.0,199.0,229.6,261.0,290.0,324.0,348.2,370.2,436.1,560.6,inferred
North Lanarkshire,2021-07-13,98.5,148.0,182.0,197.0,211.7,242.0,271.0,302.0,334.3,354.0,382.2,450.0,581.5,inferred
North Lanarkshire,2021-07-14,121.0,171.0,216.0,232.0,247.0,278.0,310.0,337.0,380.0,403.0,429.0,502.1,625.1,inferred
North Lanarkshire,2021-07-15,84.0,129.0,163.0,179.0,192.0,220.0,248.5,279.0,311.0,328.0,350.0,416.0,523.1,inferred
North Lanarkshire,2021-07-16,82.0,127.0,163.0,178.0,193.7,218.0,245.0,276.0,308.3,330.2,350.2,407.1,518.0,inferred
North Lanarkshire,2021-07-17,100.0,151.9,185.8,201.0,216.0,248.0,283.0,313.0,350.3,373.2,402.0,473.0,602.0,inferred
North Lanarkshire,2021-07-18,83.0,136.0,172.0,187.8,204.0,229.0,259.0,291.0,325.0,346.0,371.0,437.0,548.5,inferred
North Lanarkshire,2021-07-19,66.0,104.9,137.0,149.0,161.0,184.0,214.0,243.0,268.3,287.0,308.2,370.0,479.0,inferred
North Lanarkshire,2021-07-20,73.0,113.0,146.0,158.8,169.0,197.6,224.5,248.0,279.0,299.0,324.0,392.1,514.5,inferred
North Lanarkshire,2021-07-21,79.5,125.0,162.0,175.0,189.0,217.0,246.0,279.0,314.0,334.0,364.0,426.1,535.6,inferred
North Lanarkshire,2021-07-22,56.5,96.0,124.8,137.0,149.0,171.0,195.0,221.4,258.0,276.0,298.0,358.0,467.5,inferred
North Lanarkshire,2021-07-23,58.5,95.0,121.8,135.0,148.0,173.0,199.0,222.0,254.0,273.0,298.2,352.1,446.6,inferred
North Lanarkshire,2021-07-24,72.5,110.0,145.8,160.0,172.0,201.0,225.0,251.0,282.3,301.0,324.0,387.1,513.0,inferred
North Lanarkshire,2021-07-25,61.5,95.0,128.0,141.0,151.0,174.6,201.0,230.0,258.3,275.0,293.0,356.2,463.5,inferred
North Lanarkshire,2021-07-26,45.5,73.0,99.0,114.0,124.0,144.0,168.0,190.0,219.3,234.0,260.0,316.0,418.5,inferred
North Lanarkshire,2021-07-27,40.5,80.0,106.8,120.0,133.0,155.0,179.0,200.0,230.0,247.0,269.0,321.0,418.0,inferred
North Lanarkshire,2021-07-28,60.5,96.0,128.0,142.0,155.0,181.0,206.5,233.0,260.0,278.2,303.2,362.0,458.5,inferred
North Lanarkshire,2021-07-29,43.0,74.0,99.0,110.8,123.0,145.0,167.0,190.0,221.0,237.0,258.0,310.0,420.0,inferred
North Lanarkshire,2021-07-30,46.0,79.9,105.0,117.0,127.0,151.6,176.0,197.0,232.3,248.2,270.2,326.0,430.6,inferred
North Lanarkshire,2021-07-31,59.0,99.0,128.0,141.0,153.0,179.0,203.0,228.0,261.0,277.0,298.0,360.1,465.6,inferred
North Lanarkshire,2021-08-01,53.0,87.0,117.0,129.0,142.0,166.6,191.0,216.0,248.0,270.0,290.2,354.0,472.6,inferred
North Lanarkshire,2021-08-02,40.5,71.0,97.0,107.8,119.0,139.0,160.0,185.4,210.3,226.0,249.0,310.3,405.0,inferred
North Lanarkshire,2021-08-03,44.5,77.9,105.0,118.0,129.0,153.0,175.0,200.0,229.3,248.2,269.0,332.0,451.0,inferred
North Lanarkshire,2021-08-04,66.0,105.0,135.0,149.0,161.0,183.0,210.0,238.4,275.0,294.2,318.2,382.0,498.7,inferred
North Lanarkshire,2021-08-05,46.0,78.9,107.0,117.0,128.0,149.0,173.5,202.0,231.0,248.0,267.0,321.0,428.0,inferred
North Lanarkshire,2021-08-06,47.0,85.0,116.0,126.0,137.0,159.0,184.0,206.0,233.3,251.0,273.2,333.0,453.5,inferred
North Lanarkshire,2021-08-07,69.5,105.9,140.0,153.0,167.0,189.0,215.0,246.0,280.0,298.0,320.0,385.0,509.5,inferred
North Lanarkshire,2021-08-08,63.0,100.0,132.0,145.0,158.0,182.0,206.0,236.4,264.3,284.2,306.2,363.0,465.6,inferred
North Lanarkshire,2021-08-09,44.5,73.0,104.0,115.0,126.0,147.0,171.0,199.0,229.0,247.0,268.0,332.0,454.5,inferred
North Lanarkshire,2021-08-10,61.0,93.9,122.0,135.0,146.0,170.0,198.0,226.4,258.3,277.0,296.0,362.2,486.8,inferred
North Lanarkshire,2021-08-11,76.5,126.0,159.0,174.8,190.0,216.6,248.0,282.4,317.3,338.0,360.0,426.0,536.0,inferred
North Lanarkshire,2021-08-12,71.0,111.0,143.0,158.0,171.0,196.6,221.0,250.4,280.3,298.0,321.0,383.1,496.0,inferred
North Lanarkshire,2021-08-13,77.0,125.0,157.0,172.0,186.0,210.0,239.0,272.0,312.0,331.0,352.0,413.1,517.0,inferred
North Lanarkshire,2021-08-14,113.5,164.9,200.0,218.0,235.0,266.0,297.0,331.0,368.0,390.0,417.2,493.0,625.0,inferred
North Lanarkshire,2021-08-15,105.0,160.9,198.8,214.8,230.0,266.0,294.5,328.0,375.0,401.0,428.0,487.0,633.0,inferred
North Lanarkshire,2021-08-16,89.5,135.0,174.0,188.0,202.0,231.6,266.0,300.0,334.0,354.0,378.0,453.0,574.0,inferred
North Lanarkshire,2021-08-17,131.9,185.0,223.0,241.0,258.7,291.0,325.0,356.4,393.0,417.0,441.0,524.0,684.0,inferred
North Lanarkshire,2021-08-18,182.0,247.8,300.0,324.0,344.0,383.0,421.0,459.0,502.0,528.2,559.0,640.1,791.2,inferred
North Lanarkshire,2021-08-19,178.0,238.0,286.0,308.0,326.0,362.0,398.5,440.4,488.0,513.0,538.0,620.0,749.0,inferred
North Lanarkshire,2021-08-20,214.0,287.0,340.0,364.0,387.0,431.0,473.5,514.0,563.3,594.5,631.0,712.0,864.6,inferred
North Lanarkshire,2021-08-21,317.4,415.9,478.0,505.0,533.0,584.6,633.5,679.4,731.0,755.0,792.0,887.0,1050.5,inferred
North Lanarkshire,2021-08-22,342.0,441.0,500.0,531.0,555.0,605.0,647.0,701.0,752.0,780.0,815.2,923.0,1097.5,inferred
North Lanarkshire,2021-08-23,311.5,409.0,482.8,510.0,537.7,582.6,636.0,683.4,731.0,756.0,796.0,894.0,1061.6,inferred
North Lanarkshire,2021-08-24,389.5,494.8,579.0,614.8,641.7,692.0,748.0,799.0,856.0,887.0,931.2,1043.0,1204.1,inferred
North Lanarkshire,2021-08-25,522.4,643.0,725.0,765.8,794.0,849.0,900.0,966.0,1036.0,1078.5,1115.2,1246.2,1450.5,inferred
North Lanarkshire,2021-08-26,451.5,577.8,656.8,689.0,716.0,764.0,817.0,870.0,930.3,967.2,992.2,1102.0,1302.1,inferred
North Lanarkshire,2021-08-27,529.5,640.9,722.0,759.8,791.0,848.0,896.5,951.0,1007.0,1047.0,1099.4,1214.1,1395.0,inferred
North Lanarkshire,2021-08-28,678.5,815.9,918.8,956.0,985.7,1054.0,1106.0,1169.4,1252.3,1295.0,1348.2,1461.3,1708.6,inferred
North Lanarkshire,2021-08-29,659.4,798.0,912.0,945.0,983.7,1050.0,1114.0,1177.0,1254.3,1296.2,1338.2,1459.3,1681.5,inferred
North Lanarkshire,2021-08-30,590.9,737.0,821.6,854.8,888.0,951.0,1006.0,1064.4,1137.3,1173.0,1218.2,1345.3,1551.1,inferred
North Lanarkshire,2021-08-31,657.4,815.9,903.8,941.0,972.0,1031.6,1097.5,1153.4,1239.0,1283.0,1331.0,1451.1,1686.1,inferred
North Lanarkshire,2021-09-01,771.4,944.0,1051.6,1091.8,1130.0,1196.0,1268.0,1343.8,1412.0,1447.2,1492.6,1624.0,1849.0,inferred
North Lanarkshire,2021-09-02,621.0,744.0,845.0,875.8,906.7,971.0,1035.0,1093.0,1158.0,1201.0,1250.0,1366.1,1553.6,inferred
North Lanarkshire,2021-09-03,633.5,757.0,845.6,876.8,914.0,981.0,1042.0,1094.4,1176.3,1210.5,1266.0,1371.1,1555.1,inferred
North Lanarkshire,2021-09-04,732.4,866.9,960.0,1001.8,1037.7,1092.0,1159.5,1218.0,1301.0,1339.0,1390.2,1538.1,1761.0,inferred
North Lanarkshire,2021-09-05,667.0,794.9,883.0,917.8,958.7,1018.0,1080.5,1147.0,1216.0,1254.2,1293.0,1406.0,1642.1,inferred
North Lanarkshire,2021-09-06,522.5,639.9,717.0,749.8,781.7,838.0,895.0,950.4,1016.3,1060.5,1097.0,1212.2,1403.5,inferred
North Lanarkshire,2021-09-07,497.0,635.9,716.8,745.0,775.0,843.0,894.5,953.0,1019.9,1050.5,1091.0,1208.2,1414.0,inferred
North Lanarkshire,2021-09-08,528.0,647.9,742.0,771.0,801.0,866.0,925.5,990.4,1060.3,1100.0,1147.2,1271.1,1452.0,inferred
North Lanarkshire,2021-09-09,364.4,466.0,531.8,562.0,587.7,638.6,688.5,740.0,794.3,826.0,861.0,962.0,1128.5,inferred
North Lanarkshire,2021-09-10,322.5,428.0,488.0,511.0,536.0,586.0,631.0,682.4,737.0,770.0,808.0,903.2,1076.2,inferred
North Lanarkshire,2021-09-11,347.0,434.0,504.8,531.0,554.7,601.6,649.0,694.4,750.3,783.2,827.0,928.0,1120.0,inferred
North Lanarkshire,2021-09-12,271.4,339.9,404.8,428.0,450.0,494.0,542.0,582.0,631.0,658.2,697.0,800.0,967.6,inferred
North Lanarkshire,2021-09-13,181.0,240.0,295.0,313.8,331.0,375.0,407.0,445.0,484.3,508.0,536.2,628.1,735.0,inferred
North Lanarkshire,2021-09-14,159.5,227.0,281.0,301.8,320.0,361.6,402.5,438.0,483.3,509.0,537.0,611.0,754.6,inferred
North Lanarkshire,2021-09-15,200.9,266.9,315.0,334.8,357.0,394.0,430.0,470.0,515.0,540.0,575.0,653.2,806.5,inferred
North Lanarkshire,2021-09-16,137.5,195.9,236.8,256.0,272.0,308.0,342.0,378.4,413.0,436.0,463.0,551.1,695.0,inferred
North Lanarkshire,2021-09-17,138.0,187.0,231.0,253.0,274.0,306.6,336.5,368.0,403.0,425.0,449.0,539.0,678.6,inferred
North Lanarkshire,2021-09-18,156.0,218.0,261.0,281.0,304.0,341.6,376.5,413.0,458.0,483.2,515.0,600.2,753.0,inferred
North Lanarkshire,2021-09-19,130.9,192.0,234.0,254.0,271.0,305.0,335.0,372.0,412.0,436.2,466.0,545.1,662.5,inferred
North Lanarkshire,2021-09-20,96.0,143.0,183.0,199.0,215.0,241.0,270.0,298.0,338.0,361.0,386.0,450.1,583.5,inferred
North Lanarkshire,2021-09-21,106.4,155.0,195.0,213.0,227.0,254.6,284.0,318.0,358.0,378.0,409.0,485.1,627.5,inferred
North Lanarkshire,2021-09-22,137.0,201.0,245.0,262.8,284.0,318.0,351.5,395.0,433.0,455.0,482.0,565.1,682.6,inferred
North Lanarkshire,2021-09-23,108.5,164.0,212.0,228.0,241.7,269.0,299.0,333.0,371.0,391.0,415.2,488.0,612.0,inferred
North Lanarkshire,2021-09-24,126.0,185.9,227.0,244.0,261.0,291.0,328.0,364.4,408.0,433.0,454.2,527.1,646.5,inferred
North Lanarkshire,2021-09-25,170.5,234.0,286.8,305.0,328.0,365.0,400.5,437.0,480.3,506.0,533.0,603.1,751.5,inferred
North Lanarkshire,2021-09-26,161.0,222.9,272.8,296.0,314.0,350.0,386.0,427.0,463.3,487.0,516.2,604.1,724.5,inferred
North Lanarkshire,2021-09-27,132.5,187.0,233.0,251.0,270.0,301.0,338.0,377.0,419.0,442.0,470.0,543.0,682.5,inferred
North Lanarkshire,2021-09-28,157.0,217.9,263.8,282.0,300.7,333.0,372.0,409.4,448.0,466.0,491.2,572.0,685.6,inferred
North Lanarkshire,2021-09-29,178.0,254.0,310.0,332.0,354.0,391.0,432.0,471.0,514.0,541.2,568.2,651.2,791.1,inferred
North Lanarkshire,2021-09-30,129.5,196.9,245.0,266.0,285.7,321.0,353.0,386.4,423.0,447.0,472.0,545.1,690.0,inferred
North Lanarkshire,2021-10-01,147.5,207.0,251.0,269.0,287.0,317.6,355.0,388.0,433.0,457.0,484.2,571.1,710.1,inferred
North Lanarkshire,2021-10-02,175.5,242.9,294.0,315.0,333.0,372.6,404.5,444.0,488.0,514.0,538.2,625.1,742.0,inferred
North Lanarkshire,2021-10-03,160.9,219.0,262.8,283.0,302.0,336.0,372.0,415.0,456.0,477.0,507.2,590.3,741.0,inferred
North Lanarkshire,2021-10-04,118.0,174.0,212.8,233.0,251.7,281.6,310.0,341.4,384.0,411.0,441.0,518.0,633.0,inferred
North Lanarkshire,2021-10-05,136.5,189.9,231.0,248.0,265.0,299.0,333.5,366.4,406.0,430.2,455.0,527.1,661.5,inferred
North Lanarkshire,2021-10-06,164.5,229.0,271.8,294.0,311.0,347.0,383.0,423.0,466.0,492.0,518.0,607.0,739.0,inferred
North Lanarkshire,2021-10-07,114.0,175.0,215.8,236.0,252.0,288.0,319.0,353.4,395.0,420.0,446.0,525.0,667.1,inferred
North Lanarkshire,2021-10-08,127.5,179.9,217.0,235.0,253.7,284.0,320.0,351.4,390.0,415.0,439.2,504.0,629.0,inferred
North Lanarkshire,2021-10-09,159.5,217.0,263.0,282.0,299.0,332.0,367.0,402.0,443.0,468.0,496.0,576.0,714.5,inferred
North Lanarkshire,2021-10-10,138.9,188.0,229.0,249.0,264.0,297.0,332.0,370.0,407.0,436.0,463.2,536.1,653.5,inferred
North Lanarkshire,2021-10-11,95.0,149.0,192.0,206.0,221.0,252.0,285.0,324.0,364.0,385.2,412.0,493.1,604.5,inferred
North Lanarkshire,2021-10-12,105.5,161.9,207.0,225.0,243.0,272.0,308.5,344.0,385.0,407.2,438.0,501.1,632.5,inferred
North Lanarkshire,2021-10-13,131.5,192.0,240.0,260.8,279.0,312.0,345.0,382.0,424.0,452.2,480.0,564.2,683.5,inferred
North Lanarkshire,2021-10-14,95.4,145.9,191.0,207.0,225.0,263.0,297.0,329.4,373.0,398.2,428.2,498.0,648.0,inferred
North Lanarkshire,2021-10-15,107.0,164.0,203.0,221.0,236.0,270.0,300.5,337.0,386.3,410.0,440.0,519.1,676.7,inferred
North Lincolnshire,2021-07-03,26.0,32.0,36.0,38.0,40.0,42.0,46.0,48.0,51.0,53.0,55.0,61.0,72.0,inferred
North Lincolnshire,2021-07-04,33.0,38.0,43.0,45.0,47.0,50.0,53.0,56.0,59.0,61.0,64.0,69.0,80.0,inferred
North Lincolnshire,2021-07-05,52.0,60.0,65.0,67.0,69.0,73.0,77.0,80.0,85.0,87.0,90.0,97.0,107.0,inferred
North Lincolnshire,2021-07-06,51.5,59.0,64.0,66.0,68.0,72.0,75.0,79.0,83.0,85.0,88.0,94.0,104.0,inferred
North Lincolnshire,2021-07-07,55.0,63.0,68.8,70.0,73.0,76.0,80.0,83.0,87.0,90.0,92.0,98.1,109.0,inferred
North Lincolnshire,2021-07-08,56.5,63.0,68.0,71.0,74.0,77.0,81.0,85.0,90.0,92.0,95.0,102.0,114.0,inferred
North Lincolnshire,2021-07-09,55.0,62.0,67.0,69.0,72.0,76.0,79.0,83.0,87.0,89.0,91.0,98.0,109.0,inferred
North Lincolnshire,2021-07-10,47.0,55.0,60.0,62.0,64.0,68.0,71.0,74.0,77.0,80.0,82.0,89.0,99.0,inferred
North Lincolnshire,2021-07-11,54.0,62.0,68.0,70.0,73.0,76.0,80.0,84.0,87.0,90.0,92.0,99.0,111.0,inferred
North Lincolnshire,2021-07-12,83.0,94.0,101.0,104.0,107.0,111.0,116.0,121.0,125.0,129.0,132.0,141.0,154.0,inferred
North Lincolnshire,2021-07-13,79.0,89.0,96.0,99.0,101.0,106.0,110.0,115.0,119.0,122.0,126.0,135.0,149.0,inferred
North Lincolnshire,2021-07-14,77.0,88.0,95.0,98.0,100.0,105.0,109.0,114.0,118.0,121.0,124.0,133.0,146.0,inferred
North Lincolnshire,2021-07-15,74.0,85.0,91.0,94.0,96.0,101.0,105.0,109.0,113.0,116.0,119.0,126.0,139.5,inferred
North Lincolnshire,2021-07-16,65.0,74.0,81.0,83.0,86.0,90.0,93.0,98.0,103.0,105.0,109.0,117.0,130.0,inferred
North Lincolnshire,2021-07-17,52.0,60.0,65.0,67.0,69.0,73.0,76.0,80.0,84.0,86.0,89.0,96.0,106.0,inferred
North Lincolnshire,2021-07-18,53.0,62.0,67.0,70.0,72.0,75.0,79.0,83.4,88.0,90.0,93.0,99.0,111.0,inferred
North Lincolnshire,2021-07-19,77.0,87.0,94.8,97.0,99.0,104.0,108.0,112.0,117.0,120.0,124.0,132.0,147.0,inferred
North Lincolnshire,2021-07-20,66.5,77.0,84.0,86.0,89.0,93.0,98.0,102.0,107.0,109.0,112.0,121.0,132.0,inferred
North Lincolnshire,2021-07-21,66.0,75.0,82.0,84.0,86.0,90.0,94.0,98.0,103.0,106.0,109.0,116.0,129.0,inferred
North Lincolnshire,2021-07-22,58.5,67.0,73.0,76.0,78.0,82.0,86.0,90.0,94.0,96.0,98.2,106.1,118.0,inferred
North Lincolnshire,2021-07-23,50.0,57.0,63.0,65.0,67.0,71.0,74.0,78.0,82.0,84.0,86.0,93.0,103.0,inferred
North Lincolnshire,2021-07-24,36.0,44.9,50.0,52.0,53.0,56.0,59.0,63.0,66.0,67.0,69.0,76.0,87.5,inferred
North Lincolnshire,2021-07-25,38.0,45.0,50.0,52.0,54.0,57.0,61.0,64.0,67.3,70.0,72.0,78.0,87.0,inferred
North Lincolnshire,2021-07-26,52.0,62.0,68.0,70.0,73.0,76.0,80.0,84.0,88.0,90.0,93.0,101.0,114.0,inferred
North Lincolnshire,2021-07-27,50.0,59.0,64.0,66.0,68.0,72.0,76.0,79.0,83.0,85.0,88.0,95.1,108.0,inferred
North Lincolnshire,2021-07-28,51.0,61.0,67.0,69.0,71.0,75.0,79.0,83.0,87.0,90.0,92.0,100.1,113.0,inferred
North Lincolnshire,2021-07-29,53.0,61.0,68.0,69.0,71.0,75.0,78.5,82.0,86.0,88.0,90.0,97.1,110.0,inferred
North Lincolnshire,2021-07-30,50.0,58.0,64.0,66.0,68.0,72.0,76.0,80.0,84.0,86.0,88.0,95.0,106.0,inferred
North Lincolnshire,2021-07-31,41.5,50.0,56.0,58.0,60.0,63.0,66.0,69.0,73.0,75.0,77.0,84.0,93.0,inferred
North Lincolnshire,2021-08-01,49.0,56.0,61.0,63.0,65.0,69.0,73.0,76.0,81.0,83.0,85.0,92.0,105.0,inferred
North Lincolnshire,2021-08-02,73.0,82.9,91.0,93.0,96.0,100.0,104.5,109.0,113.0,116.0,119.0,127.0,141.0,inferred
North Lincolnshire,2021-08-03,68.0,78.0,86.0,89.0,91.0,95.0,99.0,104.0,109.0,112.0,115.0,123.0,135.5,inferred
North Lincolnshire,2021-08-04,71.0,81.0,86.0,89.0,92.0,96.0,101.0,104.4,109.0,112.0,116.0,123.0,137.5,inferred
North Lincolnshire,2021-08-05,67.5,78.0,85.0,87.0,90.0,94.0,98.0,103.0,107.0,109.0,112.2,120.0,133.0,inferred
North Lincolnshire,2021-08-06,63.0,71.0,78.0,80.0,82.0,86.0,90.0,94.0,99.0,101.0,104.0,112.0,125.0,inferred
North Lincolnshire,2021-08-07,53.0,60.0,66.0,68.0,69.0,73.0,76.0,80.0,84.0,86.0,89.0,96.0,109.0,inferred
North Lincolnshire,2021-08-08,55.0,64.0,69.0,71.0,73.0,77.0,80.0,85.0,89.0,91.2,94.0,101.0,112.0,inferred
North Lincolnshire,2021-08-09,81.0,92.0,99.0,103.0,105.0,110.0,115.0,119.0,124.0,126.0,129.0,137.1,151.0,inferred
North Lincolnshire,2021-08-10,74.0,84.0,92.0,94.0,96.0,101.0,105.0,109.0,115.0,117.0,120.0,128.0,141.0,inferred
North Lincolnshire,2021-08-11,74.0,83.0,91.0,94.0,97.0,101.0,105.0,110.0,114.0,117.0,119.2,128.0,142.0,inferred
North Lincolnshire,2021-08-12,71.0,79.0,85.0,88.0,90.0,94.0,98.0,102.0,107.0,110.0,112.0,121.0,132.5,inferred
North Lincolnshire,2021-08-13,62.0,72.0,78.0,80.0,82.0,86.0,90.0,93.0,96.0,99.0,102.0,109.0,122.0,inferred
North Lincolnshire,2021-08-14,49.0,57.0,62.0,64.0,66.0,70.0,73.0,77.0,80.0,82.2,85.0,92.0,105.0,inferred
North Lincolnshire,2021-08-15,51.5,58.9,65.0,67.0,69.0,73.0,76.0,80.0,84.0,86.0,89.0,96.0,106.5,inferred
North Lincolnshire,2021-08-16,72.0,83.0,90.0,93.0,96.0,100.0,104.0,109.0,114.0,116.0,119.0,128.0,139.0,inferred
North Lincolnshire,2021-08-17,64.0,75.0,83.0,85.0,88.0,92.0,96.0,100.0,104.0,107.0,110.0,118.0,131.0,inferred
North Lincolnshire,2021-08-18,65.0,75.0,82.0,84.0,86.0,90.0,93.0,98.0,102.0,104.0,107.0,114.0,125.0,inferred
North Lincolnshire,2021-08-19,60.0,69.0,75.0,77.0,80.0,84.0,87.0,91.0,96.0,98.0,101.0,109.0,120.0,inferred
North Lincolnshire,2021-08-20,51.0,59.0,65.0,68.0,70.0,74.0,78.0,82.0,85.0,88.0,90.0,97.0,110.0,inferred
North Lincolnshire,2021-08-21,39.5,48.0,53.0,55.0,57.0,60.0,64.0,67.0,71.0,73.0,75.0,82.0,91.0,inferred
North Lincolnshire,2021-08-22,41.0,48.0,54.0,56.0,58.0,61.0,65.0,68.0,72.0,74.0,76.0,84.0,96.0,inferred
North Lincolnshire,2021-08-23,60.0,68.0,75.0,77.0,80.0,84.0,88.0,92.0,97.0,100.0,103.0,110.0,122.0,inferred
North Lincolnshire,2021-08-24,55.0,64.0,70.0,72.0,74.0,78.0,82.0,86.0,91.0,93.0,96.0,103.0,116.0,inferred
North Lincolnshire,2021-08-25,57.5,66.0,72.0,74.0,77.0,81.0,84.5,88.0,92.0,95.0,97.0,105.0,117.0,inferred
North Lincolnshire,2021-08-26,56.0,63.0,69.0,71.0,74.0,78.0,82.0,85.0,90.0,93.0,96.0,102.0,113.0,inferred
North Lincolnshire,2021-08-27,51.0,59.0,64.0,66.0,68.0,72.0,76.0,79.0,83.0,85.0,88.0,95.0,108.0,inferred
North Lincolnshire,2021-08-28,41.0,48.0,54.0,56.0,58.0,61.0,65.0,68.0,72.0,74.0,76.0,82.0,92.0,inferred
North Lincolnshire,2021-08-29,46.0,53.0,59.0,61.0,62.0,66.0,69.5,73.0,77.0,79.0,81.0,87.0,98.5,inferred
North Lincolnshire,2021-08-30,69.0,78.0,85.0,88.0,90.0,95.0,99.0,103.0,108.0,110.0,113.0,121.0,133.0,inferred
North Lincolnshire,2021-08-31,64.0,73.0,79.0,82.0,85.0,89.0,93.0,97.0,101.0,104.0,107.0,115.0,127.0,inferred
North Lincolnshire,2021-09-01,65.0,75.0,81.0,83.8,86.0,90.0,94.0,98.0,102.0,105.0,107.0,116.0,128.0,inferred
North Lincolnshire,2021-09-02,63.0,71.0,78.0,80.0,82.0,86.0,91.0,95.0,99.0,101.0,104.0,112.0,125.0,inferred
North Lincolnshire,2021-09-03,58.0,66.0,71.8,74.0,76.0,80.0,84.0,88.0,91.0,94.0,97.0,104.0,116.0,inferred
North Lincolnshire,2021-09-04,47.0,55.0,60.0,62.0,64.0,67.0,71.0,75.0,78.0,81.0,83.0,91.0,100.0,inferred
North Lincolnshire,2021-09-05,50.0,58.0,63.0,66.0,68.0,71.0,76.0,79.0,83.0,86.0,88.0,95.0,107.5,inferred
North Lincolnshire,2021-09-06,73.0,84.0,91.0,94.0,97.0,101.0,106.0,110.0,115.0,118.0,121.0,129.0,141.0,inferred
North Lincolnshire,2021-09-07,67.0,77.0,85.0,87.0,89.0,94.0,97.5,101.4,107.0,109.0,112.0,120.0,133.0,inferred
North Lincolnshire,2021-09-08,68.0,78.0,83.0,86.0,88.7,93.0,97.0,101.0,105.0,107.0,110.0,117.0,131.0,inferred
North Lincolnshire,2021-09-09,63.0,73.0,79.0,81.0,83.0,87.0,91.0,95.0,99.0,101.0,104.0,112.0,124.0,inferred
North Lincolnshire,2021-09-10,57.0,65.0,71.0,73.0,75.0,79.0,83.0,86.0,90.0,93.0,95.0,102.0,115.0,inferred
North Lincolnshire,2021-09-11,45.0,52.0,57.0,59.0,61.0,65.0,68.0,72.0,76.0,78.0,80.0,86.0,96.5,inferred
North Lincolnshire,2021-09-12,46.0,54.0,61.0,62.0,65.0,68.0,72.0,75.0,79.0,81.0,83.0,89.0,100.0,inferred
North Lincolnshire,2021-09-13,68.5,79.0,85.0,88.0,90.0,94.0,99.0,104.0,108.0,111.0,114.0,121.0,135.0,inferred
North Lincolnshire,2021-09-14,67.5,77.0,83.0,85.0,88.0,92.0,96.0,100.0,105.3,108.0,111.0,119.0,133.0,inferred
North Lincolnshire,2021-09-15,76.0,85.0,91.0,95.0,97.0,101.6,107.0,111.0,115.0,118.0,121.0,131.0,144.0,inferred
North Lincolnshire,2021-09-16,80.0,90.9,98.0,100.8,103.0,107.0,112.0,116.0,122.0,125.0,128.0,136.0,149.0,inferred
North Lincolnshire,2021-09-17,81.5,93.0,100.0,102.0,105.0,109.0,114.0,118.0,123.0,125.0,128.0,136.0,147.0,inferred
North Lincolnshire,2021-09-18,74.0,84.0,90.0,93.0,95.7,100.0,104.0,108.0,113.0,116.0,119.0,127.0,140.0,inferred
North Lincolnshire,2021-09-19,88.0,98.0,106.0,108.0,111.0,115.0,120.0,125.0,130.0,132.0,136.0,145.0,158.0,inferred
North Lincolnshire,2021-09-20,138.0,150.0,160.0,164.0,167.0,173.0,179.0,184.0,191.0,194.0,198.0,211.0,229.0,inferred
North Lincolnshire,2021-09-21,134.0,148.0,158.0,162.0,166.0,171.0,176.0,183.0,189.0,192.0,196.0,208.0,227.0,inferred
North Lincolnshire,2021-09-22,140.0,152.0,163.0,166.0,169.0,175.0,181.0,186.0,192.0,195.0,200.0,210.0,229.0,inferred
North Lincolnshire,2021-09-23,133.5,148.0,156.0,159.0,163.0,168.0,174.0,180.0,187.0,190.0,194.0,204.0,220.0,inferred
North Lincolnshire,2021-09-24,123.0,136.0,146.0,149.0,153.0,159.0,164.0,170.0,175.0,178.0,182.0,192.0,205.0,inferred
North Lincolnshire,2021-09-25,101.5,115.0,123.0,126.0,129.0,134.0,139.0,144.0,150.0,153.0,156.0,165.0,180.0,inferred
North Lincolnshire,2021-09-26,112.0,124.0,133.0,136.0,139.0,144.0,148.0,154.0,160.0,162.0,166.0,174.0,190.0,inferred
North Lincolnshire,2021-09-27,163.0,178.0,189.0,192.0,196.0,202.0,209.0,215.0,223.0,226.0,231.0,242.0,260.0,inferred
North Lincolnshire,2021-09-28,150.5,165.0,175.0,179.0,182.0,189.0,195.0,202.0,208.0,212.0,217.0,227.0,247.0,inferred
North Lincolnshire,2021-09-29,146.0,162.9,172.0,176.0,179.0,186.0,192.0,198.0,204.0,208.0,211.0,223.0,240.5,inferred
North Lincolnshire,2021-09-30,137.0,150.9,160.0,164.0,167.0,173.0,179.0,184.0,190.0,194.0,197.0,206.0,223.0,inferred
North Lincolnshire,2021-10-01,120.0,134.0,142.0,145.0,149.0,153.0,159.0,164.0,171.0,173.2,178.0,190.0,206.0,inferred
North Lincolnshire,2021-10-02,94.0,106.0,113.0,115.0,118.0,123.0,128.0,133.0,138.0,141.0,145.0,154.0,171.0,inferred
North Lincolnshire,2021-10-03,98.0,110.0,117.0,120.0,123.0,128.0,133.0,139.0,144.0,147.0,149.2,159.0,174.0,inferred
North Lincolnshire,2021-10-04,135.0,149.9,160.0,163.0,166.0,173.0,178.0,184.0,191.0,194.0,197.0,208.0,224.0,inferred
North Lincolnshire,2021-10-05,123.0,136.0,145.0,149.0,152.0,156.0,162.0,168.0,173.0,176.0,180.0,188.0,206.0,inferred
North Lincolnshire,2021-10-06,119.0,130.0,138.0,141.0,145.0,150.0,155.0,161.0,166.0,169.0,173.0,183.0,200.5,inferred
North Lincolnshire,2021-10-07,104.0,117.0,126.0,129.0,132.0,137.0,142.0,147.0,153.0,156.0,160.0,170.0,182.5,inferred
North Lincolnshire,2021-10-08,93.0,104.0,111.0,114.0,117.0,121.0,125.0,130.0,135.0,139.0,142.0,151.0,165.0,inferred
North Lincolnshire,2021-10-09,71.0,80.0,87.0,89.8,92.0,96.0,100.0,105.0,110.0,112.0,115.0,123.0,135.0,inferred
North Lincolnshire,2021-10-10,73.0,83.0,90.0,92.0,94.0,99.0,102.0,107.0,112.0,114.0,117.0,125.0,137.0,inferred
North Lincolnshire,2021-10-11,97.0,111.0,120.0,123.0,126.0,131.0,136.0,140.0,146.0,149.0,153.0,163.0,180.5,inferred
North Lincolnshire,2021-10-12,86.0,97.9,105.0,107.0,110.0,115.0,120.0,125.0,130.0,134.0,138.0,146.1,163.0,inferred
North Lincolnshire,2021-10-13,79.0,91.0,99.0,102.0,104.0,109.0,113.0,118.0,123.0,126.0,129.0,138.0,154.0,inferred
North Lincolnshire,2021-10-14,69.0,80.0,87.0,89.0,92.0,97.0,101.0,106.0,111.0,114.0,117.0,125.0,137.0,inferred
North Lincolnshire,2021-10-15,57.0,66.0,73.0,76.0,78.0,82.0,87.0,91.0,95.0,98.0,101.0,109.0,122.0,inferred
North Norfolk,2021-07-03,0.0,1.0,2.0,3.0,3.0,4.0,5.0,6.0,7.0,8.0,8.0,10.0,14.0,inferred
North Norfolk,2021-07-04,1.0,2.0,3.0,3.0,4.0,5.0,5.0,6.0,8.0,8.0,9.0,11.0,15.0,inferred
North Norfolk,2021-07-05,2.0,4.0,5.0,6.0,6.0,7.0,8.0,9.0,11.0,11.0,12.0,15.0,19.0,inferred
North Norfolk,2021-07-06,2.0,4.0,5.0,6.0,7.0,8.0,9.0,10.0,12.0,13.0,14.0,16.0,21.0,inferred
North Norfolk,2021-07-07,3.0,5.0,7.0,8.0,8.0,10.0,11.0,12.0,14.0,15.0,16.0,18.0,23.0,inferred
North Norfolk,2021-07-08,4.0,6.0,8.0,9.0,9.0,11.0,12.0,14.0,15.0,16.0,18.0,21.0,26.0,inferred
North Norfolk,2021-07-09,4.0,7.0,9.0,9.0,10.0,12.0,13.0,15.0,17.0,18.0,19.0,22.0,27.0,inferred
North Norfolk,2021-07-10,5.0,7.0,9.0,9.0,10.0,12.0,13.0,15.0,16.3,17.0,18.0,22.0,27.0,inferred
North Norfolk,2021-07-11,6.0,9.0,11.0,12.0,13.0,14.0,16.0,18.0,19.0,20.0,22.0,25.0,30.0,inferred
North Norfolk,2021-07-12,12.0,17.0,20.0,21.0,22.0,24.0,26.0,28.0,30.0,31.0,33.0,37.0,44.0,inferred
North Norfolk,2021-07-13,13.0,18.0,21.0,22.0,23.0,26.0,28.0,30.0,32.0,33.0,35.0,40.0,46.0,inferred
North Norfolk,2021-07-14,14.0,20.0,23.0,24.0,26.0,28.0,30.0,32.0,35.0,37.0,38.0,43.0,50.5,inferred
North Norfolk,2021-07-15,15.0,20.0,23.0,25.0,26.0,28.0,30.0,32.0,35.0,36.2,38.0,43.0,50.0,inferred
North Norfolk,2021-07-16,15.0,19.0,22.0,23.0,24.0,27.0,29.0,31.0,34.0,35.0,37.0,41.0,48.0,inferred
North Norfolk,2021-07-17,12.0,16.0,19.0,20.0,21.0,23.6,25.0,27.0,30.0,31.0,33.0,37.0,44.0,inferred
North Norfolk,2021-07-18,13.0,18.0,21.0,22.0,23.0,25.0,28.0,30.0,32.0,34.0,35.0,40.0,47.0,inferred
North Norfolk,2021-07-19,21.0,26.0,30.0,32.0,33.0,36.0,38.0,40.4,43.0,45.0,47.0,52.0,61.0,inferred
North Norfolk,2021-07-20,20.0,25.0,28.0,30.0,31.0,33.0,36.0,38.0,41.0,42.0,44.0,50.0,59.0,inferred
North Norfolk,2021-07-21,20.0,25.0,28.0,30.0,31.0,34.0,36.0,39.0,41.0,43.0,45.0,50.0,59.0,inferred
North Norfolk,2021-07-22,18.0,23.0,26.0,27.0,29.0,31.0,33.0,36.0,39.0,40.0,42.0,46.0,55.5,inferred
North Norfolk,2021-07-23,15.0,20.0,23.0,25.0,26.0,28.0,30.0,33.0,35.0,37.0,39.0,43.0,51.0,inferred
North Norfolk,2021-07-24,12.0,16.0,19.0,20.0,21.0,23.0,25.0,27.0,29.0,31.0,32.0,37.0,43.0,inferred
North Norfolk,2021-07-25,12.5,17.0,20.0,21.0,22.0,24.0,26.0,28.0,30.0,32.0,33.0,37.0,44.0,inferred
North Norfolk,2021-07-26,19.0,24.0,27.0,28.0,30.0,32.0,34.0,37.0,39.0,41.0,43.0,47.0,54.0,inferred
North Norfolk,2021-07-27,17.0,21.0,25.0,26.0,27.0,30.0,32.0,34.0,37.0,39.0,40.0,46.0,54.0,inferred
North Norfolk,2021-07-28,17.0,21.0,24.0,26.0,27.0,30.0,32.0,34.0,37.0,38.0,40.0,46.0,52.0,inferred
North Norfolk,2021-07-29,14.5,19.0,22.0,24.0,25.0,27.0,29.0,32.0,34.0,35.0,37.0,41.0,49.0,inferred
North Norfolk,2021-07-30,13.5,17.0,20.0,21.0,22.0,24.0,26.0,28.0,30.0,32.0,33.0,37.0,44.0,inferred
North Norfolk,2021-07-31,9.0,13.0,16.0,17.0,17.0,19.0,21.0,23.0,25.0,26.0,28.0,31.0,37.0,inferred
North Norfolk,2021-08-01,9.0,12.0,15.0,16.0,17.0,19.0,21.0,23.0,25.0,26.0,28.0,32.0,39.0,inferred
North Norfolk,2021-08-02,13.0,18.0,21.0,22.0,23.0,25.0,27.0,29.0,32.0,33.0,35.0,38.0,46.0,inferred
North Norfolk,2021-08-03,11.0,16.0,18.0,20.0,21.0,23.0,25.0,27.0,29.0,31.0,32.0,36.0,43.0,inferred
North Norfolk,2021-08-04,12.0,15.0,18.0,19.0,20.0,22.0,24.0,26.0,28.0,30.0,32.0,36.0,42.0,inferred
North Norfolk,2021-08-05,10.0,13.0,16.0,18.0,18.0,20.0,22.0,24.0,27.0,28.0,29.0,32.0,39.5,inferred
North Norfolk,2021-08-06,8.0,12.0,14.0,15.0,16.0,18.0,20.0,22.0,24.0,25.0,27.0,31.0,36.5,inferred
North Norfolk,2021-08-07,6.0,9.0,11.0,12.0,13.0,15.0,16.0,18.0,20.0,21.0,22.0,25.0,31.0,inferred
North Norfolk,2021-08-08,6.0,9.0,11.0,12.0,13.0,15.0,16.0,18.0,20.0,21.0,22.0,26.0,31.0,inferred
North Norfolk,2021-08-09,10.0,13.0,16.0,17.0,18.0,20.0,22.0,24.0,26.0,27.0,28.0,33.0,39.0,inferred
North Norfolk,2021-08-10,9.0,12.0,15.0,16.0,17.0,19.0,21.0,23.0,25.0,26.0,27.2,31.0,37.5,inferred
North Norfolk,2021-08-11,9.0,13.0,15.0,16.0,17.0,19.0,21.0,23.0,25.0,26.0,27.0,32.0,38.0,inferred
North Norfolk,2021-08-12,9.0,13.0,15.0,16.0,17.0,19.0,21.0,23.0,25.0,26.0,27.0,31.0,37.5,inferred
North Norfolk,2021-08-13,8.0,11.0,14.0,15.0,16.0,18.0,20.0,21.0,23.0,24.0,26.0,29.0,36.0,inferred
North Norfolk,2021-08-14,7.0,10.0,12.0,13.0,14.0,15.0,17.0,18.0,20.0,21.0,22.0,26.0,32.0,inferred
North Norfolk,2021-08-15,7.0,10.0,13.0,13.0,15.0,16.0,18.0,20.0,22.0,23.0,24.0,28.0,34.0,inferred
North Norfolk,2021-08-16,11.0,15.0,18.0,19.0,21.0,23.0,25.0,27.0,29.0,30.0,32.0,36.0,44.0,inferred
North Norfolk,2021-08-17,11.0,15.0,18.0,19.0,20.0,22.0,24.0,26.0,28.0,29.0,30.2,35.0,42.0,inferred
North Norfolk,2021-08-18,12.0,16.0,19.0,20.0,21.0,23.0,25.0,27.0,30.0,31.0,32.0,36.0,43.5,inferred
North Norfolk,2021-08-19,12.0,16.0,19.0,20.0,21.0,23.0,25.0,27.0,29.0,30.0,32.0,37.0,44.0,inferred
North Norfolk,2021-08-20,10.0,14.0,17.0,18.0,19.0,21.0,23.0,25.0,27.0,28.0,30.0,33.0,41.0,inferred
North Norfolk,2021-08-21,8.0,11.0,14.0,15.0,16.0,18.0,20.0,21.0,23.0,25.0,26.0,30.0,36.0,inferred
North Norfolk,2021-08-22,9.0,12.0,15.0,16.0,17.0,19.0,21.0,23.0,25.0,26.0,27.0,31.0,37.0,inferred
North Norfolk,2021-08-23,14.0,19.0,22.0,23.0,24.0,27.0,29.0,31.0,33.0,35.0,36.0,40.1,48.0,inferred
North Norfolk,2021-08-24,13.0,18.0,21.0,22.0,23.0,26.0,28.0,30.0,32.0,33.0,35.0,40.0,47.0,inferred
North Norfolk,2021-08-25,14.0,18.0,22.0,23.0,24.0,26.0,29.0,31.0,33.0,35.0,37.0,41.0,48.0,inferred
North Norfolk,2021-08-26,14.0,18.0,21.0,22.0,24.0,26.0,28.0,30.0,32.0,34.0,35.0,39.0,47.0,inferred
North Norfolk,2021-08-27,12.0,17.0,20.0,21.0,22.0,24.0,26.0,28.0,31.0,32.0,34.0,38.0,45.0,inferred
North Norfolk,2021-08-28,10.0,14.0,16.0,17.0,18.0,20.0,22.0,24.0,26.0,28.0,29.0,34.0,40.0,inferred
North Norfolk,2021-08-29,11.0,15.0,18.0,19.0,20.0,21.0,23.0,25.0,27.0,28.0,30.0,34.0,41.0,inferred
North Norfolk,2021-08-30,17.0,22.0,25.0,27.0,28.0,30.0,32.0,34.0,37.0,39.0,40.0,45.0,51.5,inferred
North Norfolk,2021-08-31,16.0,21.0,24.0,26.0,27.0,29.0,32.0,34.0,36.0,38.0,39.0,43.1,51.5,inferred
North Norfolk,2021-09-01,16.0,21.0,25.0,26.0,27.0,30.0,32.0,34.0,36.0,38.0,39.0,44.0,51.0,inferred
North Norfolk,2021-09-02,16.0,20.0,23.0,25.0,26.0,28.0,30.0,33.0,35.0,36.0,38.0,43.0,51.0,inferred
North Norfolk,2021-09-03,14.5,19.0,21.0,22.0,23.0,25.0,27.0,29.0,32.0,33.0,35.0,40.0,48.0,inferred
North Norfolk,2021-09-04,10.0,14.0,17.0,18.0,19.0,21.0,23.0,25.0,28.0,29.0,30.0,34.0,41.0,inferred
North Norfolk,2021-09-05,10.5,14.0,17.0,18.0,20.0,22.0,24.0,26.0,28.0,29.0,31.0,36.0,41.0,inferred
North Norfolk,2021-09-06,16.0,21.0,25.0,26.0,27.0,30.0,32.0,34.4,37.0,38.0,40.0,45.0,53.0,inferred
North Norfolk,2021-09-07,15.0,20.0,23.0,24.0,25.0,28.0,30.0,32.0,34.0,36.0,38.0,43.0,50.0,inferred
North Norfolk,2021-09-08,15.0,20.0,24.0,25.0,26.0,28.0,30.0,33.0,35.0,36.2,38.0,42.0,49.5,inferred
North Norfolk,2021-09-09,14.0,18.0,21.0,22.0,24.0,26.0,28.0,30.0,33.0,34.0,36.0,39.0,46.0,inferred
North Norfolk,2021-09-10,11.5,16.0,19.0,20.0,21.0,23.0,25.0,27.0,29.0,31.0,32.0,36.0,43.0,inferred
North Norfolk,2021-09-11,9.5,13.0,15.0,16.0,17.0,19.0,21.0,23.0,24.3,26.0,27.0,31.0,38.0,inferred
North Norfolk,2021-09-12,9.0,13.0,16.0,17.0,18.0,20.0,22.0,23.0,25.0,26.0,28.0,31.1,38.0,inferred
North Norfolk,2021-09-13,13.0,18.0,21.0,22.0,23.7,26.0,28.0,30.0,33.0,34.0,36.0,40.0,47.0,inferred
North Norfolk,2021-09-14,13.0,17.0,20.0,21.0,22.0,24.0,26.0,29.0,31.0,33.0,34.0,39.0,45.0,inferred
North Norfolk,2021-09-15,13.0,17.0,20.0,21.0,23.0,25.0,27.0,29.0,31.0,32.0,34.0,38.0,45.0,inferred
North Norfolk,2021-09-16,12.0,16.0,19.0,21.0,22.0,24.0,25.0,28.0,30.0,32.0,33.0,38.0,45.0,inferred
North Norfolk,2021-09-17,11.0,15.0,18.0,19.0,20.0,22.0,24.0,26.0,28.0,29.0,31.0,35.0,42.0,inferred
North Norfolk,2021-09-18,9.0,12.0,15.0,16.0,17.0,19.0,20.0,22.0,24.0,25.0,27.0,30.0,37.0,inferred
North Norfolk,2021-09-19,9.0,13.0,15.0,16.0,17.0,19.0,21.0,23.0,25.0,26.0,28.0,31.0,39.0,inferred
North Norfolk,2021-09-20,14.0,18.0,21.0,23.0,24.0,26.0,29.0,31.0,33.0,34.0,36.0,40.0,48.0,inferred
North Norfolk,2021-09-21,13.0,18.0,21.0,22.0,23.0,26.0,27.0,29.0,32.0,33.0,35.0,39.0,48.0,inferred
North Norfolk,2021-09-22,13.0,17.9,21.0,22.0,23.0,26.0,27.5,30.0,32.0,34.0,35.0,40.0,47.0,inferred
North Norfolk,2021-09-23,13.0,16.0,20.0,21.0,22.0,24.0,26.0,28.0,30.0,32.0,34.0,38.0,45.5,inferred
North Norfolk,2021-09-24,11.0,15.0,17.0,18.0,19.0,21.0,23.0,26.0,28.0,29.0,30.0,34.0,41.0,inferred
North Norfolk,2021-09-25,9.0,12.0,15.0,15.0,16.0,18.0,20.0,21.0,24.0,25.0,26.0,30.0,36.0,inferred
North Norfolk,2021-09-26,9.0,12.0,15.0,16.0,17.0,19.0,21.0,23.0,25.0,26.0,28.0,32.0,37.5,inferred
North Norfolk,2021-09-27,14.0,18.0,22.0,23.0,24.0,26.0,28.0,30.0,33.0,34.0,35.2,40.1,47.0,inferred
North Norfolk,2021-09-28,14.0,18.0,21.0,22.0,23.0,25.0,27.0,30.0,32.0,34.0,35.0,39.0,47.0,inferred
North Norfolk,2021-09-29,14.0,18.0,22.0,23.0,24.0,26.0,28.0,30.0,33.0,34.0,36.0,39.0,47.0,inferred
North Norfolk,2021-09-30,13.0,17.0,20.8,22.0,23.0,25.0,27.0,29.0,32.0,33.0,35.0,39.0,46.0,inferred
North Norfolk,2021-10-01,12.0,16.0,19.0,20.0,21.0,24.0,25.0,27.0,30.0,31.0,32.0,37.0,44.0,inferred
North Norfolk,2021-10-02,9.0,13.0,16.0,17.0,18.0,20.0,22.0,24.0,26.0,27.0,29.0,33.0,39.0,inferred
North Norfolk,2021-10-03,10.0,14.0,17.0,18.0,20.0,21.0,23.0,25.0,27.0,29.0,30.0,34.0,41.0,inferred
North Norfolk,2021-10-04,17.0,21.0,25.0,26.0,28.0,30.0,32.0,34.0,37.0,39.0,41.0,45.0,52.0,inferred
North Norfolk,2021-10-05,17.0,22.0,25.0,26.0,27.0,30.0,32.0,35.0,38.0,39.0,41.0,45.0,53.0,inferred
North Norfolk,2021-10-06,19.0,24.0,27.0,29.0,30.0,33.0,35.0,38.0,40.0,42.0,44.0,49.0,56.0,inferred
North Norfolk,2021-10-07,19.0,24.0,28.0,29.0,31.0,33.0,36.0,38.0,41.0,42.0,44.0,49.0,58.0,inferred
North Norfolk,2021-10-08,18.5,24.0,28.0,29.0,31.0,33.0,35.0,38.0,40.0,42.0,44.0,48.0,57.0,inferred
North Norfolk,2021-10-09,16.0,21.0,25.0,26.0,27.0,30.0,32.0,34.0,37.0,38.0,40.0,44.0,52.5,inferred
North Norfolk,2021-10-10,18.5,24.0,27.0,29.0,30.0,33.0,35.0,38.0,41.0,43.0,44.0,49.0,56.0,inferred
North Norfolk,2021-10-11,30.0,37.0,41.0,43.0,44.0,48.0,50.0,54.0,57.0,59.0,61.0,67.0,78.0,inferred
North Norfolk,2021-10-12,30.0,36.0,40.0,42.0,44.0,47.0,49.0,52.0,55.0,57.0,59.0,65.0,74.0,inferred
North Norfolk,2021-10-13,30.5,37.0,42.0,44.0,45.0,48.0,52.0,55.0,58.0,60.0,62.0,68.0,77.0,inferred
North Norfolk,2021-10-14,29.0,35.0,40.0,42.0,43.0,46.0,49.0,53.0,56.0,58.0,60.0,66.0,76.0,inferred
North Norfolk,2021-10-15,28.0,34.0,38.0,40.0,41.0,44.0,47.0,49.4,53.0,55.0,57.0,62.0,72.5,inferred
North Somerset,2021-07-03,43.5,52.0,56.0,58.0,60.0,63.6,66.0,70.0,74.0,76.0,78.0,85.0,97.5,inferred
North Somerset,2021-07-04,49.0,56.0,62.0,64.0,66.0,70.0,73.0,76.0,80.0,82.0,84.0,91.0,102.0,inferred
North Somerset,2021-07-05,77.0,85.0,92.0,94.0,96.0,100.0,104.0,108.0,113.0,115.0,118.0,126.0,139.0,inferred
North Somerset,2021-07-06,87.0,96.0,102.0,105.0,107.0,111.0,115.0,119.0,124.0,126.0,129.0,136.0,149.0,inferred
North Somerset,2021-07-07,93.0,104.0,111.0,113.0,115.0,120.0,124.0,129.0,134.0,136.0,139.0,147.0,159.0,inferred
North Somerset,2021-07-08,102.0,112.0,119.0,121.8,124.0,129.0,133.0,137.0,142.0,145.0,148.0,156.0,170.0,inferred
North Somerset,2021-07-09,102.0,112.0,119.0,122.0,125.0,129.0,134.0,139.0,143.0,146.0,149.0,158.0,170.5,inferred
North Somerset,2021-07-10,91.0,101.0,108.0,111.0,114.0,118.0,123.0,127.0,132.0,135.0,137.0,147.0,160.5,inferred
North Somerset,2021-07-11,102.0,113.0,122.0,125.8,129.0,134.0,139.0,143.0,149.0,151.0,155.0,164.0,180.0,inferred
North Somerset,2021-07-12,159.0,172.9,183.0,187.0,191.0,199.0,205.0,212.0,219.3,224.0,230.0,242.0,258.5,inferred
North Somerset,2021-07-13,162.0,179.0,191.0,195.0,199.0,207.0,214.0,221.0,229.0,235.0,240.0,252.0,270.5,inferred
North Somerset,2021-07-14,154.0,169.0,181.0,185.0,188.0,196.0,203.0,210.0,216.0,220.0,225.0,236.0,258.0,inferred
North Somerset,2021-07-15,143.0,159.0,170.0,173.0,176.0,182.0,188.0,194.0,201.0,204.2,209.0,219.0,240.0,inferred
North Somerset,2021-07-16,122.0,135.0,146.0,149.0,153.0,158.0,163.0,169.0,175.0,179.0,183.0,193.0,208.5,inferred
North Somerset,2021-07-17,93.0,103.0,112.0,115.0,118.0,123.0,128.0,132.0,137.0,141.0,144.0,154.0,167.0,inferred
North Somerset,2021-07-18,90.5,102.0,109.0,112.0,115.0,120.0,125.0,130.0,136.0,139.0,142.0,153.0,168.0,inferred
North Somerset,2021-07-19,122.0,136.0,145.0,148.0,151.0,156.0,162.0,168.0,175.0,178.0,182.0,193.0,208.0,inferred
North Somerset,2021-07-20,114.5,128.0,136.0,139.0,142.0,147.6,154.0,159.0,167.0,171.0,175.0,185.0,201.5,inferred
North Somerset,2021-07-21,101.0,113.0,121.0,124.0,127.0,132.0,137.0,142.0,149.0,153.0,156.0,167.0,181.5,inferred
North Somerset,2021-07-22,86.0,100.0,107.0,109.0,112.0,118.0,123.0,127.0,132.0,136.0,139.0,147.0,162.0,inferred
North Somerset,2021-07-23,72.0,82.0,88.0,91.0,93.0,98.0,102.0,106.0,110.0,113.0,116.0,123.0,135.0,inferred
North Somerset,2021-07-24,50.0,59.0,64.0,66.0,68.0,73.0,76.0,80.0,84.0,87.0,89.0,96.0,106.0,inferred
North Somerset,2021-07-25,47.0,54.0,60.0,62.0,64.0,68.0,71.0,75.0,78.0,81.0,83.0,90.0,102.0,inferred
North Somerset,2021-07-26,59.0,68.0,76.0,78.0,80.0,85.0,89.0,92.0,96.3,99.0,103.0,110.0,123.5,inferred
North Somerset,2021-07-27,54.0,64.9,71.0,73.0,76.0,80.6,85.0,89.0,93.0,96.0,99.0,107.0,119.0,inferred
North Somerset,2021-07-28,52.0,61.0,67.0,69.0,71.0,76.0,79.0,83.0,88.0,90.0,93.0,101.0,114.5,inferred
North Somerset,2021-07-29,51.0,59.0,65.0,67.0,69.0,73.0,77.0,81.0,84.0,87.0,90.0,97.0,109.5,inferred
North Somerset,2021-07-30,42.0,51.0,56.0,58.0,60.0,65.0,69.0,72.0,76.0,78.0,81.0,87.0,99.0,inferred
North Somerset,2021-07-31,35.0,41.0,46.0,48.0,49.0,52.0,55.0,59.0,62.0,64.0,66.0,72.0,82.0,inferred
North Somerset,2021-08-01,36.0,43.0,47.0,49.0,50.0,53.6,56.0,60.0,63.0,65.0,67.0,74.0,84.0,inferred
North Somerset,2021-08-02,49.0,57.0,63.0,66.0,68.0,72.0,76.0,80.0,85.0,87.0,90.0,96.0,107.0,inferred
North Somerset,2021-08-03,49.5,58.0,65.0,67.0,69.0,74.0,77.0,81.0,86.0,88.0,90.0,99.0,110.0,inferred
North Somerset,2021-08-04,50.0,58.0,64.0,67.0,69.0,72.0,76.0,80.0,84.0,86.0,89.0,98.0,108.0,inferred
North Somerset,2021-08-05,49.5,58.0,63.0,65.0,67.0,71.0,75.0,79.0,83.0,85.0,88.0,95.0,106.0,inferred
North Somerset,2021-08-06,46.0,54.0,59.8,61.0,64.0,67.0,71.0,74.0,78.0,80.0,83.0,89.0,101.0,inferred
North Somerset,2021-08-07,37.0,44.0,50.0,52.0,53.0,57.0,60.0,63.0,67.0,68.0,71.0,78.0,88.0,inferred
North Somerset,2021-08-08,39.0,47.0,52.0,54.0,56.0,60.0,63.0,66.0,69.0,72.0,74.0,81.0,91.0,inferred
North Somerset,2021-08-09,58.5,68.0,74.0,77.0,79.0,83.0,87.0,91.0,96.0,98.0,101.0,109.0,123.5,inferred
North Somerset,2021-08-10,61.0,70.0,76.0,79.0,82.0,87.0,91.0,95.0,100.0,103.0,106.0,114.0,128.5,inferred
North Somerset,2021-08-11,62.0,72.0,78.0,80.0,83.0,88.0,91.0,95.0,100.0,103.0,106.0,114.0,127.5,inferred
North Somerset,2021-08-12,66.0,75.0,80.0,83.0,85.0,89.0,94.0,99.0,104.0,107.0,109.0,116.0,127.5,inferred
North Somerset,2021-08-13,61.0,70.0,77.0,79.0,81.0,85.0,89.0,93.0,97.0,100.0,102.0,110.0,123.0,inferred
North Somerset,2021-08-14,50.0,59.0,65.0,67.0,69.0,73.0,76.0,80.0,84.0,87.0,89.0,96.0,106.0,inferred
North Somerset,2021-08-15,55.0,64.0,70.0,72.0,74.0,78.0,82.0,86.0,91.0,93.0,96.0,103.0,116.5,inferred
North Somerset,2021-08-16,82.0,93.0,100.0,104.0,106.0,111.0,117.0,121.0,126.0,129.0,133.0,144.0,157.5,inferred
North Somerset,2021-08-17,84.0,95.9,104.0,106.0,109.0,115.0,120.0,125.0,131.0,134.0,137.0,147.0,160.0,inferred
North Somerset,2021-08-18,83.0,93.9,102.0,104.8,107.0,112.6,118.0,122.0,127.0,130.0,134.0,144.0,157.5,inferred
North Somerset,2021-08-19,80.0,92.0,100.0,103.0,106.0,111.0,116.0,120.0,125.0,128.0,132.0,141.0,155.5,inferred
North Somerset,2021-08-20,72.0,83.0,90.0,93.0,95.0,100.0,104.0,109.0,114.0,116.0,119.0,127.0,141.0,inferred
North Somerset,2021-08-21,60.0,68.0,74.0,77.0,78.7,83.0,87.0,91.0,94.0,96.0,99.0,107.0,121.5,inferred
North Somerset,2021-08-22,60.0,70.0,76.0,78.0,81.0,85.0,89.5,93.0,98.0,100.0,104.0,111.0,123.5,inferred
North Somerset,2021-08-23,84.0,98.0,106.0,109.0,112.0,117.0,121.0,126.0,131.0,134.0,138.0,148.0,166.0,inferred
North Somerset,2021-08-24,88.0,100.0,108.0,111.0,113.7,119.0,124.0,130.0,135.0,139.0,143.0,153.0,169.0,inferred
North Somerset,2021-08-25,87.0,98.0,107.0,109.8,112.0,117.0,122.0,127.0,132.0,134.0,137.0,147.0,162.0,inferred
North Somerset,2021-08-26,85.0,97.0,104.0,107.0,110.0,116.0,120.0,125.0,131.0,133.0,136.0,145.0,159.0,inferred
North Somerset,2021-08-27,79.0,90.0,97.0,99.0,102.0,106.0,110.0,115.0,120.0,123.0,126.0,134.0,149.0,inferred
North Somerset,2021-08-28,64.0,74.0,80.0,82.0,84.0,88.0,92.0,95.0,100.0,103.0,106.0,113.0,126.0,inferred
North Somerset,2021-08-29,66.0,76.0,83.0,85.0,87.0,92.0,96.0,100.0,105.0,107.0,110.0,118.0,131.0,inferred
North Somerset,2021-08-30,88.0,102.0,112.0,116.0,119.0,125.0,131.0,136.0,142.0,144.0,148.0,158.0,171.5,inferred
North Somerset,2021-08-31,92.0,103.0,111.0,115.0,118.0,124.0,129.0,134.0,141.0,144.0,147.0,156.1,173.0,inferred
North Somerset,2021-09-01,87.0,96.0,105.0,107.0,110.0,115.0,121.0,126.0,131.0,134.0,137.0,146.0,161.0,inferred
North Somerset,2021-09-02,78.5,90.0,97.0,100.0,103.0,108.0,113.0,117.0,122.0,125.0,129.0,137.0,148.5,inferred
North Somerset,2021-09-03,67.0,77.0,84.0,87.0,89.0,94.0,98.0,101.0,106.0,108.0,111.0,120.0,134.5,inferred
North Somerset,2021-09-04,51.0,60.0,66.0,68.0,70.0,73.6,77.0,81.0,85.0,87.0,89.0,97.0,108.0,inferred
North Somerset,2021-09-05,49.5,59.0,64.0,66.0,68.0,72.0,76.0,79.0,83.0,85.0,88.0,95.0,106.0,inferred
North Somerset,2021-09-06,68.0,77.0,84.0,86.0,89.0,93.0,98.0,102.0,107.0,110.0,113.0,121.0,134.5,inferred
North Somerset,2021-09-07,62.0,71.0,77.0,80.0,82.0,87.0,91.0,96.0,100.0,104.0,106.0,114.0,128.0,inferred
North Somerset,2021-09-08,53.0,62.0,69.0,71.0,74.0,78.0,82.0,86.0,90.0,93.0,95.0,103.0,116.0,inferred
North Somerset,2021-09-09,47.0,54.0,60.0,62.0,64.0,69.0,72.0,76.0,80.0,82.0,85.0,92.0,102.0,inferred
North Somerset,2021-09-10,38.0,45.0,49.0,52.0,53.0,57.0,60.0,63.0,67.0,69.0,72.0,78.0,88.0,inferred
North Somerset,2021-09-11,27.0,32.0,36.0,37.0,39.0,42.0,44.0,47.0,50.0,52.0,54.0,59.0,67.0,inferred
North Somerset,2021-09-12,23.0,29.0,33.0,35.0,36.0,39.0,42.0,44.0,48.0,49.0,51.0,57.0,66.0,inferred
North Somerset,2021-09-13,30.0,38.0,43.0,45.0,46.0,49.0,52.0,56.0,59.0,62.0,64.0,70.0,78.0,inferred
North Somerset,2021-09-14,33.0,39.0,43.0,45.0,46.0,50.0,52.0,56.0,59.0,61.0,63.0,70.0,81.0,inferred
North Somerset,2021-09-15,33.5,40.0,45.0,47.0,49.0,52.0,54.5,57.0,61.0,63.0,65.0,71.0,82.0,inferred
North Somerset,2021-09-16,37.5,43.0,49.0,51.0,53.0,56.0,60.0,63.0,66.0,68.2,70.0,76.0,86.0,inferred
North Somerset,2021-09-17,37.0,44.0,48.0,50.0,52.0,55.0,59.0,62.0,65.3,68.0,70.0,77.0,86.0,inferred
North Somerset,2021-09-18,31.0,38.0,43.0,44.0,46.0,49.0,52.0,55.4,59.0,60.0,62.0,69.0,79.5,inferred
North Somerset,2021-09-19,36.0,42.0,47.0,49.0,51.0,54.0,57.0,60.0,64.0,66.0,68.0,74.0,84.0,inferred
North Somerset,2021-09-20,55.5,64.0,71.0,73.0,76.0,80.0,85.0,89.0,93.0,95.0,99.0,106.0,119.5,inferred
North Somerset,2021-09-21,56.0,66.0,73.0,75.0,78.0,82.0,86.0,91.0,96.0,98.0,101.0,110.1,124.0,inferred
North Somerset,2021-09-22,54.0,65.0,71.0,73.0,75.0,80.0,83.0,88.0,92.0,95.0,98.0,105.0,119.0,inferred
North Somerset,2021-09-23,52.0,61.0,67.0,70.0,72.0,76.6,80.0,84.0,89.0,91.0,94.0,102.0,114.0,inferred
North Somerset,2021-09-24,47.0,54.0,60.0,62.0,64.0,68.0,71.0,75.0,79.0,81.0,84.0,91.0,101.0,inferred
North Somerset,2021-09-25,35.0,42.0,48.0,50.0,51.0,55.0,58.0,61.0,64.0,66.0,68.0,74.0,84.0,inferred
North Somerset,2021-09-26,35.0,43.0,48.0,50.0,52.0,55.0,59.0,62.0,66.0,67.0,70.0,74.0,85.5,inferred
North Somerset,2021-09-27,51.5,59.0,66.0,68.0,70.0,74.0,78.0,82.0,86.0,89.0,92.0,99.0,112.0,inferred
North Somerset,2021-09-28,49.0,58.0,64.0,66.0,68.0,73.0,77.0,80.0,84.0,87.0,89.0,96.0,108.0,inferred
North Somerset,2021-09-29,43.0,52.0,58.0,60.0,62.0,66.0,70.0,73.0,77.0,79.0,82.0,89.0,101.0,inferred
North Somerset,2021-09-30,40.0,48.0,53.0,55.0,57.0,60.0,64.0,67.0,71.0,72.2,75.0,82.0,92.0,inferred
North Somerset,2021-10-01,34.0,40.0,45.0,46.0,48.0,51.0,55.0,58.0,61.0,63.0,66.0,72.0,81.0,inferred
North Somerset,2021-10-02,25.0,30.0,34.0,36.0,37.0,40.0,42.0,45.0,48.0,50.0,52.0,57.0,65.5,inferred
North Somerset,2021-10-03,23.0,29.0,33.0,34.0,36.0,39.0,41.0,44.0,46.0,48.0,50.0,56.0,65.0,inferred
North Somerset,2021-10-04,31.0,38.0,43.0,45.0,47.0,50.0,53.0,57.0,60.0,62.0,64.0,70.0,80.5,inferred
North Somerset,2021-10-05,33.0,42.0,47.0,49.0,50.0,54.0,57.0,61.0,65.0,67.0,69.0,75.0,86.0,inferred
North Somerset,2021-10-06,42.0,49.0,54.0,56.0,58.0,62.0,65.0,68.0,72.0,74.0,76.0,83.0,93.0,inferred
North Somerset,2021-10-07,49.0,56.9,62.0,64.8,67.0,71.0,74.0,78.0,82.0,84.0,87.0,93.0,105.0,inferred
North Somerset,2021-10-08,51.0,61.0,67.0,69.0,71.7,76.0,80.0,83.0,87.0,89.0,92.0,99.0,111.0,inferred
North Somerset,2021-10-09,50.0,59.0,65.0,67.0,69.0,72.0,77.0,80.0,84.0,86.2,89.0,97.0,108.0,inferred
North Somerset,2021-10-10,60.5,69.0,76.0,79.0,82.0,86.0,90.0,94.0,99.0,102.0,105.0,113.0,128.0,inferred
North Somerset,2021-10-11,100.0,115.0,124.0,127.0,130.0,136.0,141.0,147.0,154.0,158.0,162.0,175.0,194.0,inferred
North Somerset,2021-10-12,131.5,147.0,158.0,162.0,166.0,172.0,179.0,186.0,193.0,197.0,201.0,213.1,237.0,inferred
North Somerset,2021-10-13,172.5,190.0,201.0,206.0,210.0,218.0,226.0,233.0,241.0,246.0,251.0,264.1,286.0,inferred
North Somerset,2021-10-14,216.0,237.0,253.0,258.0,264.0,273.6,283.0,291.0,301.0,309.0,316.0,333.0,362.0,inferred
North Somerset,2021-10-15,245.0,274.0,293.0,302.0,309.0,321.0,334.0,347.0,359.3,367.0,375.0,397.0,436.0,inferred
North Tyneside,2021-07-03,122.0,134.0,141.0,145.0,148.0,153.0,158.0,163.0,168.0,171.2,175.0,186.0,201.5,inferred
North Tyneside,2021-07-04,134.0,147.0,157.0,160.0,163.0,168.0,174.0,179.0,185.0,188.0,191.0,201.0,215.0,inferred
North Tyneside,2021-07-05,205.5,219.0,228.0,231.0,235.0,241.6,248.0,254.0,260.0,263.0,267.0,278.0,293.5,inferred
North Tyneside,2021-07-06,192.0,207.0,217.0,220.0,224.0,231.0,237.0,242.0,249.0,252.0,256.0,267.0,285.5,inferred
North Tyneside,2021-07-07,194.5,211.0,220.0,223.0,227.0,234.0,239.0,245.4,252.0,255.0,259.0,272.0,290.0,inferred
North Tyneside,2021-07-08,190.0,204.0,213.0,217.0,221.0,228.0,234.0,239.0,247.0,250.0,254.0,265.1,281.0,inferred
North Tyneside,2021-07-09,175.0,189.0,198.0,201.8,205.0,211.0,218.0,224.0,230.0,233.2,238.0,248.0,266.5,inferred
North Tyneside,2021-07-10,144.0,159.9,168.0,172.0,175.0,181.0,187.0,192.0,198.0,201.0,205.0,216.0,232.5,inferred
North Tyneside,2021-07-11,158.0,171.0,181.0,185.0,188.0,194.0,200.0,206.0,212.0,216.0,220.0,230.0,247.5,inferred
North Tyneside,2021-07-12,228.5,246.0,257.0,261.0,265.0,272.0,278.0,286.0,294.0,299.0,303.0,315.0,335.0,inferred
North Tyneside,2021-07-13,212.0,227.0,238.0,242.0,245.0,251.0,258.0,264.0,272.0,276.2,281.0,295.0,315.0,inferred
North Tyneside,2021-07-14,198.5,216.0,226.8,231.0,235.0,241.0,248.0,254.4,262.0,266.0,270.0,281.0,300.0,inferred
North Tyneside,2021-07-15,179.0,195.0,205.0,208.0,212.0,219.0,225.0,231.0,237.0,240.0,244.0,255.0,267.5,inferred
North Tyneside,2021-07-16,153.0,167.0,176.0,180.0,184.0,189.0,194.0,200.0,206.3,210.0,214.0,224.0,240.0,inferred
North Tyneside,2021-07-17,116.0,128.9,138.0,140.0,143.0,149.0,154.0,158.0,164.0,166.0,170.0,179.0,194.5,inferred
North Tyneside,2021-07-18,119.5,129.0,137.0,139.8,142.0,147.0,153.0,158.0,163.0,166.0,169.0,179.0,194.5,inferred
North Tyneside,2021-07-19,156.5,169.0,178.0,181.0,185.0,192.0,198.0,204.0,210.0,214.0,218.0,228.0,246.0,inferred
North Tyneside,2021-07-20,136.5,148.0,157.0,161.0,164.0,169.0,175.0,181.0,187.0,190.0,194.0,203.1,219.5,inferred
North Tyneside,2021-07-21,125.0,138.0,146.8,150.0,153.0,158.0,163.0,169.0,174.0,177.0,180.0,189.0,206.0,inferred
North Tyneside,2021-07-22,108.0,120.9,128.0,132.0,135.0,139.0,144.0,149.0,155.0,158.0,161.0,171.0,184.0,inferred
North Tyneside,2021-07-23,94.0,103.0,109.0,112.0,114.0,119.0,123.0,127.4,133.0,135.0,138.0,147.0,160.0,inferred
North Tyneside,2021-07-24,69.0,77.0,84.0,86.0,88.0,93.0,96.0,100.0,103.0,106.0,109.0,117.0,129.0,inferred
North Tyneside,2021-07-25,68.0,76.0,82.0,84.0,86.0,90.0,94.0,98.0,103.0,105.0,108.0,115.0,126.5,inferred
North Tyneside,2021-07-26,89.0,100.0,107.0,110.0,113.0,117.0,122.0,127.0,132.0,135.0,138.0,146.0,159.5,inferred
North Tyneside,2021-07-27,79.0,88.0,95.0,97.0,100.0,105.0,108.0,113.0,118.0,121.0,124.0,131.0,144.5,inferred
North Tyneside,2021-07-28,75.0,86.0,92.0,95.0,98.0,102.0,105.0,110.0,115.0,117.0,120.0,128.0,140.0,inferred
North Tyneside,2021-07-29,71.5,80.0,86.0,89.0,91.0,96.0,99.0,103.0,107.0,110.0,113.0,121.0,133.0,inferred
North Tyneside,2021-07-30,62.0,70.0,76.0,78.0,80.0,84.0,88.0,92.0,96.0,98.0,101.0,109.0,119.5,inferred
North Tyneside,2021-07-31,49.0,56.9,62.0,64.0,66.0,69.0,72.0,76.0,79.0,81.0,84.0,90.0,100.0,inferred
North Tyneside,2021-08-01,51.0,58.0,64.0,66.0,68.0,71.0,74.0,78.0,81.0,84.0,86.0,93.0,103.5,inferred
North Tyneside,2021-08-02,70.5,81.0,88.0,91.0,93.0,97.0,101.0,105.0,109.0,111.0,114.0,122.0,135.0,inferred
North Tyneside,2021-08-03,67.0,76.0,82.0,85.0,87.0,91.0,95.0,99.0,103.0,106.0,110.0,117.0,130.0,inferred
North Tyneside,2021-08-04,67.0,76.0,82.0,85.0,88.0,92.0,96.0,100.0,104.0,107.0,109.0,117.0,130.0,inferred
North Tyneside,2021-08-05,64.0,74.0,80.0,83.0,85.0,89.0,93.0,97.0,100.0,103.0,106.0,112.0,123.0,inferred
North Tyneside,2021-08-06,59.0,67.0,72.0,75.0,77.0,81.0,84.0,88.0,92.0,94.0,97.0,104.0,115.0,inferred
North Tyneside,2021-08-07,48.0,56.0,60.0,62.0,64.0,68.0,71.0,74.0,78.0,80.0,83.0,90.0,99.0,inferred
North Tyneside,2021-08-08,49.0,59.0,65.0,67.0,69.0,72.6,76.0,79.0,84.0,86.0,88.0,96.0,106.5,inferred
North Tyneside,2021-08-09,75.0,85.0,92.0,95.0,98.0,102.0,106.0,110.0,115.0,117.0,121.0,128.0,140.0,inferred
North Tyneside,2021-08-10,72.0,80.0,87.0,90.0,92.0,96.0,99.5,104.0,108.0,111.0,114.0,120.0,134.0,inferred
North Tyneside,2021-08-11,71.0,80.0,87.0,90.0,92.0,96.0,100.0,104.0,109.0,112.0,115.0,121.1,134.0,inferred
North Tyneside,2021-08-12,68.0,79.0,85.0,88.0,90.0,94.0,97.0,101.0,105.0,108.0,111.0,118.0,129.5,inferred
North Tyneside,2021-08-13,62.0,72.0,77.8,80.0,82.0,86.0,90.0,93.0,97.3,99.0,102.0,110.0,122.0,inferred
North Tyneside,2021-08-14,51.0,58.0,64.0,66.0,68.0,71.0,74.0,78.0,81.0,84.0,87.0,92.0,103.0,inferred
North Tyneside,2021-08-15,53.5,62.0,68.0,70.0,72.0,76.0,79.0,82.0,86.0,89.0,92.0,99.0,110.0,inferred
North Tyneside,2021-08-16,80.0,91.0,97.0,100.0,102.0,107.0,110.5,114.0,119.0,121.0,123.2,132.0,146.0,inferred
North Tyneside,2021-08-17,72.0,83.0,90.0,93.0,95.0,100.0,104.0,108.0,112.0,115.0,117.2,125.0,139.0,inferred
North Tyneside,2021-08-18,74.0,83.0,90.0,93.0,95.0,100.0,103.0,108.0,112.0,115.0,118.0,124.0,136.0,inferred
North Tyneside,2021-08-19,70.5,80.0,86.0,89.0,91.0,96.0,100.0,104.0,109.0,111.0,114.0,122.0,137.0,inferred
North Tyneside,2021-08-20,63.0,74.0,81.0,83.0,84.7,88.0,92.0,96.0,100.0,102.0,105.0,112.0,123.0,inferred
North Tyneside,2021-08-21,52.5,60.0,65.0,68.0,70.0,73.0,77.0,80.0,84.0,87.0,89.0,95.0,105.0,inferred
North Tyneside,2021-08-22,57.0,64.0,70.0,73.0,75.0,78.6,82.0,86.0,89.0,91.2,94.0,100.0,111.0,inferred
North Tyneside,2021-08-23,84.0,92.0,100.0,103.0,105.0,110.0,115.0,119.0,124.0,127.0,129.0,138.0,152.0,inferred
North Tyneside,2021-08-24,77.0,87.0,94.0,97.0,99.0,103.0,107.0,111.0,116.0,119.0,122.0,131.0,142.0,inferred
North Tyneside,2021-08-25,79.0,89.0,96.0,99.0,101.0,105.0,110.0,114.0,118.0,121.0,123.0,131.0,142.5,inferred
North Tyneside,2021-08-26,78.0,86.0,92.0,95.0,97.0,102.0,106.0,110.0,115.0,117.0,120.0,129.0,141.5,inferred
North Tyneside,2021-08-27,69.0,78.0,85.0,87.0,90.0,94.0,98.0,101.0,106.0,108.0,111.0,118.0,131.0,inferred
North Tyneside,2021-08-28,57.0,65.0,70.0,73.0,75.0,79.0,82.0,86.0,90.0,92.0,95.0,102.0,114.0,inferred
North Tyneside,2021-08-29,62.0,71.0,76.0,79.0,81.0,85.0,89.0,92.0,96.0,98.0,101.0,108.0,118.5,inferred
North Tyneside,2021-08-30,90.0,101.0,108.0,111.0,113.7,119.0,123.0,128.0,133.0,135.0,139.0,147.1,159.0,inferred
North Tyneside,2021-08-31,86.0,98.0,105.0,108.0,110.0,115.0,120.0,124.0,128.0,131.0,134.2,143.1,154.5,inferred
North Tyneside,2021-09-01,91.0,100.0,108.0,111.0,113.0,118.0,123.0,128.0,133.0,135.0,138.0,147.0,161.0,inferred
North Tyneside,2021-09-02,91.0,101.0,108.0,111.0,113.0,117.0,121.0,126.0,130.0,133.0,136.0,145.0,158.0,inferred
North Tyneside,2021-09-03,84.0,94.0,101.8,104.0,107.0,111.0,115.0,119.0,124.0,126.0,129.0,137.0,149.0,inferred
North Tyneside,2021-09-04,71.0,80.0,86.0,89.0,91.0,95.0,99.0,103.0,107.0,109.0,112.0,120.0,130.0,inferred
North Tyneside,2021-09-05,77.5,88.0,95.0,97.0,99.0,104.0,107.0,112.0,117.0,119.0,121.2,129.0,143.0,inferred
North Tyneside,2021-09-06,120.0,130.0,137.0,141.0,144.0,149.0,153.0,158.0,164.0,166.0,171.0,182.0,198.0,inferred
North Tyneside,2021-09-07,107.0,118.0,126.0,129.0,132.0,137.6,143.0,148.0,153.0,156.0,160.0,171.0,186.0,inferred
North Tyneside,2021-09-08,101.0,116.0,124.0,126.0,129.0,134.0,139.0,144.0,149.0,152.0,155.2,163.1,177.0,inferred
North Tyneside,2021-09-09,95.0,106.0,113.0,116.0,119.0,124.0,128.0,132.0,137.0,140.0,143.0,151.0,164.5,inferred
North Tyneside,2021-09-10,82.0,93.0,99.0,102.0,103.0,108.0,112.0,116.0,121.0,123.0,126.0,134.0,150.0,inferred
North Tyneside,2021-09-11,63.0,72.0,78.0,80.0,82.0,86.0,89.0,94.0,98.0,100.0,103.0,110.0,122.0,inferred
North Tyneside,2021-09-12,65.0,73.0,79.0,82.0,84.0,88.0,91.0,95.0,99.0,102.0,104.0,111.0,123.5,inferred
North Tyneside,2021-09-13,89.0,99.0,107.0,109.0,112.0,117.0,121.0,125.0,130.0,133.0,137.0,145.0,158.5,inferred
North Tyneside,2021-09-14,81.0,91.0,99.0,101.0,104.0,108.0,113.0,117.0,122.0,124.0,127.0,136.0,147.0,inferred
North Tyneside,2021-09-15,83.0,92.0,100.0,102.0,104.7,109.0,113.0,117.0,122.0,124.0,127.0,135.0,147.0,inferred
North Tyneside,2021-09-16,80.5,89.0,96.8,99.0,102.0,106.0,110.0,114.0,118.0,120.0,123.0,132.0,144.0,inferred
North Tyneside,2021-09-17,74.0,83.0,89.0,92.0,94.0,99.0,102.0,107.0,111.0,113.2,116.0,123.1,136.0,inferred
North Tyneside,2021-09-18,60.0,68.0,75.0,77.0,79.0,83.0,87.0,90.0,95.0,97.0,99.0,106.0,116.0,inferred
North Tyneside,2021-09-19,66.0,75.0,81.0,83.0,85.0,89.0,93.0,97.0,102.0,104.0,106.0,114.0,127.0,inferred
North Tyneside,2021-09-20,96.0,108.0,115.0,118.0,121.0,126.0,130.0,135.0,140.0,143.0,145.0,154.0,168.0,inferred
North Tyneside,2021-09-21,91.0,101.0,108.0,111.0,114.0,119.0,123.0,128.0,133.0,136.0,139.0,147.0,163.5,inferred
North Tyneside,2021-09-22,86.0,99.0,107.0,110.0,113.0,118.0,123.0,127.0,132.0,135.0,139.0,147.0,158.0,inferred
North Tyneside,2021-09-23,84.5,95.0,102.0,104.0,107.0,111.0,115.0,120.0,125.0,127.0,130.0,138.0,150.5,inferred
North Tyneside,2021-09-24,77.0,86.0,92.0,95.0,97.0,101.0,105.0,110.0,114.0,116.0,119.0,127.0,139.5,inferred
North Tyneside,2021-09-25,61.0,68.0,74.0,76.0,79.0,82.0,86.5,91.0,94.0,97.0,100.0,107.0,119.0,inferred
North Tyneside,2021-09-26,65.0,73.0,78.0,81.0,83.0,87.0,91.0,95.0,99.0,102.0,104.0,112.0,124.5,inferred
North Tyneside,2021-09-27,90.5,103.0,112.0,114.0,117.0,121.0,126.0,130.0,135.0,137.0,141.0,150.0,163.0,inferred
North Tyneside,2021-09-28,86.0,95.9,103.0,106.0,108.0,112.0,117.0,122.0,126.3,129.0,132.0,142.0,155.0,inferred
North Tyneside,2021-09-29,90.0,102.0,108.0,110.0,113.0,117.0,122.0,125.0,130.0,133.0,137.0,146.0,159.0,inferred
North Tyneside,2021-09-30,87.0,98.0,106.0,108.0,111.0,115.0,119.0,123.0,128.0,131.0,134.0,143.0,157.0,inferred
North Tyneside,2021-10-01,84.0,93.0,100.0,102.0,105.0,110.0,114.0,119.0,124.0,127.0,129.0,136.0,147.5,inferred
North Tyneside,2021-10-02,71.0,80.0,85.0,88.0,90.0,94.0,98.0,101.0,106.0,108.0,111.0,119.0,132.0,inferred
North Tyneside,2021-10-03,77.0,87.0,94.0,97.0,99.0,103.0,107.0,111.0,116.0,119.0,122.0,129.0,142.5,inferred
North Tyneside,2021-10-04,118.0,129.0,137.0,140.0,143.0,147.6,153.0,159.0,165.0,168.0,172.0,182.0,200.0,inferred
North Tyneside,2021-10-05,115.0,128.0,135.8,139.0,141.0,147.0,151.0,156.0,161.3,165.0,168.0,179.0,191.0,inferred
North Tyneside,2021-10-06,123.0,135.0,143.0,147.0,150.0,155.0,160.0,165.0,170.0,173.0,177.0,185.0,200.0,inferred
North Tyneside,2021-10-07,125.0,136.9,144.0,147.0,150.0,155.0,160.5,165.0,171.0,174.0,177.0,187.0,203.0,inferred
North Tyneside,2021-10-08,120.0,132.9,140.0,143.0,146.0,151.0,156.0,161.0,167.0,169.0,173.0,182.0,197.5,inferred
North Tyneside,2021-10-09,104.0,115.0,122.0,125.0,128.0,132.0,138.0,143.0,147.0,150.0,154.0,162.0,178.0,inferred
North Tyneside,2021-10-10,117.0,130.0,139.0,141.0,144.0,150.0,155.0,160.0,165.0,168.0,171.0,180.1,196.0,inferred
North Tyneside,2021-10-11,177.0,191.0,202.0,206.0,210.0,217.0,223.0,229.0,237.0,241.0,245.0,257.0,274.0,inferred
North Tyneside,2021-10-12,169.5,184.9,195.0,198.0,201.0,208.0,214.0,219.0,225.0,229.0,235.0,246.0,265.0,inferred
North Tyneside,2021-10-13,172.0,184.0,193.0,198.0,201.0,207.0,213.0,219.0,225.0,228.0,233.0,245.0,265.0,inferred
North Tyneside,2021-10-14,159.0,172.9,183.0,186.0,190.0,195.0,203.0,209.0,215.0,219.0,222.0,234.0,252.0,inferred
North Tyneside,2021-10-15,143.0,156.0,165.0,169.0,173.0,179.0,185.0,192.0,198.0,202.0,205.2,216.0,236.0,inferred
North Warwickshire,2021-07-03,17.0,22.0,26.0,27.0,29.0,32.0,34.0,37.0,40.0,41.2,43.0,49.0,58.0,inferred
North Warwickshire,2021-07-04,22.0,27.0,32.0,33.0,35.0,38.0,40.0,43.0,47.0,48.0,50.0,55.0,64.0,inferred
North Warwickshire,2021-07-05,38.0,45.0,50.0,52.0,54.0,56.0,60.0,63.0,67.0,69.0,71.0,78.0,89.0,inferred
North Warwickshire,2021-07-06,39.0,46.0,51.0,53.0,55.0,58.0,61.0,64.0,68.0,70.0,72.0,79.0,89.0,inferred
North Warwickshire,2021-07-07,41.0,48.0,54.0,56.0,58.0,61.0,65.0,68.0,72.0,74.0,77.0,84.0,94.0,inferred
North Warwickshire,2021-07-08,44.0,51.0,56.0,58.0,60.0,63.0,66.0,70.0,74.0,76.0,78.0,84.0,95.0,inferred
North Warwickshire,2021-07-09,41.0,48.0,54.0,56.0,57.0,60.0,64.0,67.0,71.0,72.0,75.0,81.0,92.0,inferred
North Warwickshire,2021-07-10,35.0,44.0,48.0,50.0,51.0,55.0,58.0,61.0,64.0,66.2,69.0,74.0,83.5,inferred
North Warwickshire,2021-07-11,41.5,49.0,54.0,57.0,59.0,62.0,65.0,68.0,72.0,74.0,76.0,84.0,94.0,inferred
North Warwickshire,2021-07-12,64.0,74.0,81.0,83.0,85.0,89.0,93.0,97.0,101.0,104.0,107.0,116.0,127.0,inferred
North Warwickshire,2021-07-13,60.0,69.0,75.0,78.0,80.0,84.0,89.0,92.0,97.0,100.0,102.0,110.0,122.0,inferred
North Warwickshire,2021-07-14,57.5,66.0,72.0,74.0,77.0,81.0,85.0,88.0,92.0,94.0,97.0,104.0,115.5,inferred
North Warwickshire,2021-07-15,48.0,57.0,63.0,65.0,67.0,71.0,75.0,78.0,82.0,84.0,86.0,93.0,105.0,inferred
North Warwickshire,2021-07-16,40.0,47.0,52.0,54.0,56.0,59.0,62.0,66.0,70.0,71.0,74.0,79.0,90.0,inferred
North Warwickshire,2021-07-17,29.0,35.0,40.0,41.0,43.0,46.0,48.0,51.0,55.0,57.0,59.0,65.0,75.0,inferred
North Warwickshire,2021-07-18,29.0,35.0,39.0,40.0,42.0,45.0,47.0,50.0,54.0,55.0,57.0,63.0,75.0,inferred
North Warwickshire,2021-07-19,38.0,45.0,50.0,52.0,53.0,57.0,60.0,64.0,68.0,70.0,72.2,79.0,89.0,inferred
North Warwickshire,2021-07-20,31.0,38.0,43.0,45.0,46.0,49.0,52.0,55.0,58.0,60.0,62.0,68.0,76.0,inferred
North Warwickshire,2021-07-21,27.0,33.0,37.0,39.0,40.0,44.0,47.0,49.0,53.0,54.0,56.0,62.0,71.0,inferred
North Warwickshire,2021-07-22,22.0,28.0,32.0,33.0,35.0,37.0,40.0,43.0,46.0,48.0,50.0,55.0,64.0,inferred
North Warwickshire,2021-07-23,16.0,22.0,26.0,27.0,28.0,30.0,33.0,35.0,38.0,40.0,42.0,47.0,54.5,inferred
North Warwickshire,2021-07-24,11.5,15.9,18.0,19.0,21.0,23.0,25.0,27.0,29.0,31.0,32.0,36.0,45.0,inferred
North Warwickshire,2021-07-25,10.0,14.0,17.0,18.0,19.0,21.0,23.0,26.0,28.0,29.0,31.0,35.0,42.0,inferred
North Warwickshire,2021-07-26,15.0,19.0,22.0,23.0,24.0,27.0,29.0,32.0,34.0,35.0,37.0,43.0,50.0,inferred
North Warwickshire,2021-07-27,11.0,16.0,19.0,21.0,22.0,24.0,26.0,28.0,31.0,33.0,34.0,39.0,46.0,inferred
North Warwickshire,2021-07-28,12.0,16.0,19.0,20.0,21.0,23.0,25.0,28.0,30.0,31.0,32.0,37.0,45.0,inferred
North Warwickshire,2021-07-29,11.5,16.0,19.0,20.0,21.0,23.0,25.0,27.0,29.0,31.0,32.0,36.0,43.0,inferred
North Warwickshire,2021-07-30,10.0,13.0,16.0,17.0,18.0,20.0,22.0,24.0,26.0,27.0,28.0,33.0,41.0,inferred
North Warwickshire,2021-07-31,8.0,11.0,14.0,14.8,15.0,17.0,19.0,21.0,23.0,24.0,25.0,29.0,35.0,inferred
North Warwickshire,2021-08-01,8.0,12.0,14.0,16.0,17.0,19.0,20.0,22.0,24.0,25.0,26.0,30.0,37.0,inferred
North Warwickshire,2021-08-02,13.0,18.0,21.0,22.0,23.0,26.0,28.0,30.0,33.0,34.0,36.0,41.0,49.0,inferred
North Warwickshire,2021-08-03,12.0,17.0,20.0,21.0,22.0,24.0,26.0,28.0,31.0,32.0,34.0,39.0,47.0,inferred
North Warwickshire,2021-08-04,12.0,17.0,20.0,21.0,23.0,25.0,27.0,29.0,32.0,33.0,35.0,39.0,46.5,inferred
North Warwickshire,2021-08-05,12.0,16.0,19.0,21.0,22.0,24.0,26.0,29.0,31.0,33.0,34.0,38.0,46.0,inferred
North Warwickshire,2021-08-06,10.0,14.0,17.0,18.0,20.0,22.0,24.0,26.0,28.0,29.2,31.0,35.0,42.0,inferred
North Warwickshire,2021-08-07,8.0,11.0,14.0,16.0,16.0,18.0,20.0,22.0,24.0,25.0,27.0,31.0,37.0,inferred
North Warwickshire,2021-08-08,10.0,13.0,16.0,17.0,18.0,20.0,22.0,24.0,26.0,27.0,29.0,33.0,40.0,inferred
North Warwickshire,2021-08-09,14.0,19.0,22.0,24.0,25.0,27.0,30.0,32.0,35.0,36.0,38.0,43.0,50.0,inferred
North Warwickshire,2021-08-10,13.5,18.0,21.0,22.0,24.0,26.0,28.0,30.0,33.0,34.0,36.0,41.0,47.0,inferred
North Warwickshire,2021-08-11,13.5,18.0,22.0,23.0,24.0,26.0,28.0,30.4,33.0,34.0,36.0,40.0,48.0,inferred
North Warwickshire,2021-08-12,13.0,17.0,20.0,21.0,23.0,25.0,27.0,29.0,32.0,33.0,35.0,39.1,47.0,inferred
North Warwickshire,2021-08-13,12.0,16.0,18.0,19.0,21.0,23.0,25.0,27.0,29.0,30.0,32.0,36.0,43.0,inferred
North Warwickshire,2021-08-14,9.0,13.0,15.0,16.0,17.0,19.0,21.0,23.0,25.0,26.0,28.0,31.0,38.0,inferred
North Warwickshire,2021-08-15,10.0,13.0,16.0,18.0,19.0,21.0,23.0,25.0,27.0,29.0,30.0,34.0,42.0,inferred
North Warwickshire,2021-08-16,16.0,21.0,24.0,25.0,27.0,29.0,31.5,34.0,37.0,39.0,41.0,45.0,54.5,inferred
North Warwickshire,2021-08-17,15.0,20.0,23.0,25.0,26.0,28.0,31.0,33.0,36.0,37.0,39.0,44.0,51.5,inferred
North Warwickshire,2021-08-18,15.0,19.0,23.0,25.0,26.0,28.0,31.0,33.0,36.0,37.0,38.0,44.0,52.0,inferred
North Warwickshire,2021-08-19,15.0,19.0,23.0,25.0,26.0,28.0,30.0,33.0,35.0,37.0,38.0,44.0,52.0,inferred
North Warwickshire,2021-08-20,13.0,17.0,21.0,22.0,23.0,25.0,27.0,29.0,32.0,34.0,35.0,40.0,47.0,inferred
North Warwickshire,2021-08-21,10.0,14.0,17.0,18.0,19.0,21.0,23.0,25.0,28.0,29.0,31.0,35.0,41.0,inferred
North Warwickshire,2021-08-22,12.0,16.0,19.0,20.0,21.0,23.0,25.0,27.0,30.0,31.0,33.0,37.0,44.0,inferred
North Warwickshire,2021-08-23,19.0,24.0,27.0,29.0,30.0,33.0,35.0,38.0,40.0,42.0,44.0,49.0,57.0,inferred
North Warwickshire,2021-08-24,16.0,22.0,25.8,27.0,28.0,31.0,33.0,36.0,39.0,40.0,42.0,47.0,55.5,inferred
North Warwickshire,2021-08-25,17.0,23.0,26.0,28.0,29.0,32.0,34.0,37.0,40.0,41.0,43.0,47.0,55.0,inferred
North Warwickshire,2021-08-26,17.0,21.0,25.0,26.0,28.0,30.0,32.0,34.0,38.0,39.0,41.0,45.1,54.0,inferred
North Warwickshire,2021-08-27,15.0,19.0,22.0,23.0,25.0,27.0,29.0,32.0,34.0,35.0,37.0,42.0,49.0,inferred
North Warwickshire,2021-08-28,12.0,16.0,19.0,20.0,21.0,23.0,25.0,27.0,29.0,31.0,32.0,37.0,44.0,inferred
North Warwickshire,2021-08-29,13.0,17.0,20.0,21.0,23.0,25.0,26.5,29.0,31.0,32.0,34.0,39.0,46.5,inferred
North Warwickshire,2021-08-30,19.0,25.0,29.0,30.0,32.0,34.0,37.0,39.0,41.0,43.0,45.0,51.0,57.0,inferred
North Warwickshire,2021-08-31,19.0,24.0,28.0,29.0,31.0,33.0,36.0,38.0,41.0,43.0,44.0,49.0,57.0,inferred
North Warwickshire,2021-09-01,19.0,25.0,29.0,30.0,31.7,34.0,37.0,39.0,42.0,44.0,45.0,51.0,60.0,inferred
North Warwickshire,2021-09-02,20.0,25.0,29.0,30.0,31.0,34.0,36.0,38.0,41.0,43.0,45.0,50.0,59.0,inferred
North Warwickshire,2021-09-03,17.0,23.0,26.0,28.0,29.0,32.0,34.0,36.0,39.0,41.0,43.0,47.0,56.0,inferred
North Warwickshire,2021-09-04,14.5,19.0,22.0,24.0,25.0,28.0,30.0,32.0,34.0,36.0,38.0,42.0,50.0,inferred
North Warwickshire,2021-09-05,16.0,21.0,24.0,26.0,27.0,30.0,32.0,34.0,37.0,39.0,41.0,46.0,55.0,inferred
North Warwickshire,2021-09-06,26.0,32.0,36.0,38.0,39.0,42.0,45.0,48.0,51.0,53.0,55.0,60.0,69.0,inferred
North Warwickshire,2021-09-07,23.0,28.9,32.0,35.0,36.0,39.0,42.0,44.0,47.0,49.0,51.0,56.0,66.0,inferred
North Warwickshire,2021-09-08,23.0,27.9,31.0,33.0,34.0,37.0,40.0,42.0,45.0,47.0,49.0,54.0,64.0,inferred
North Warwickshire,2021-09-09,20.0,25.0,29.0,31.0,32.0,35.0,37.0,40.0,43.0,44.0,46.0,50.0,59.0,inferred
North Warwickshire,2021-09-10,15.0,21.0,25.0,26.0,28.0,30.0,32.0,34.4,37.0,38.0,40.0,45.0,53.0,inferred
North Warwickshire,2021-09-11,13.0,16.0,20.0,21.0,22.0,24.0,26.0,29.0,31.0,32.0,34.0,39.0,45.0,inferred
North Warwickshire,2021-09-12,13.0,17.0,21.0,22.0,23.0,25.0,27.0,29.0,32.0,33.0,35.0,39.0,47.0,inferred
North Warwickshire,2021-09-13,18.0,24.0,28.0,30.0,31.0,34.0,36.0,39.0,41.0,43.0,44.0,49.0,57.0,inferred
North Warwickshire,2021-09-14,18.0,23.0,26.0,28.0,29.0,32.0,34.0,37.0,40.0,41.0,43.0,48.0,56.0,inferred
North Warwickshire,2021-09-15,21.0,25.0,28.0,30.0,31.0,34.0,36.0,39.0,42.0,43.0,45.0,51.0,61.0,inferred
North Warwickshire,2021-09-16,20.0,25.0,29.0,30.0,32.0,34.0,37.0,39.0,42.0,44.0,46.0,51.0,60.5,inferred
North Warwickshire,2021-09-17,19.0,24.0,27.0,29.0,30.0,33.0,35.0,37.0,40.0,42.0,44.0,49.0,59.0,inferred
North Warwickshire,2021-09-18,15.0,20.0,24.0,26.0,27.0,29.0,31.0,34.0,36.0,37.0,39.0,44.0,52.5,inferred
North Warwickshire,2021-09-19,18.0,23.0,27.0,28.0,30.0,32.0,35.0,37.0,41.0,42.0,44.0,49.0,57.0,inferred
North Warwickshire,2021-09-20,30.0,36.0,40.0,42.0,44.0,47.0,50.0,53.0,56.0,58.0,60.0,65.0,75.0,inferred
North Warwickshire,2021-09-21,27.0,34.0,38.0,40.0,41.0,45.0,48.0,51.0,54.0,56.0,58.0,64.0,74.0,inferred
North Warwickshire,2021-09-22,27.0,34.0,38.0,40.0,41.0,44.0,47.0,50.0,53.0,55.0,57.0,63.0,72.0,inferred
North Warwickshire,2021-09-23,26.0,32.0,36.0,38.0,39.0,42.0,45.0,48.0,51.0,53.0,55.0,61.0,69.0,inferred
North Warwickshire,2021-09-24,22.0,27.0,31.8,33.0,35.0,37.0,40.0,42.0,45.0,47.0,49.0,54.0,64.0,inferred
North Warwickshire,2021-09-25,18.0,23.0,26.0,27.0,29.0,31.0,33.0,36.0,38.0,40.0,42.0,47.0,55.0,inferred
North Warwickshire,2021-09-26,18.0,23.0,27.0,28.0,30.0,32.0,35.0,37.0,40.0,42.0,43.0,48.0,57.5,inferred
North Warwickshire,2021-09-27,27.0,33.0,38.0,39.0,40.7,43.0,47.0,50.0,53.0,54.0,57.0,62.0,70.5,inferred
North Warwickshire,2021-09-28,25.0,31.0,36.0,38.0,39.0,42.0,45.0,48.0,51.0,53.0,55.0,60.0,69.0,inferred
North Warwickshire,2021-09-29,26.0,31.0,35.0,37.0,38.0,42.0,44.0,47.0,50.0,51.0,54.0,59.0,68.0,inferred
North Warwickshire,2021-09-30,24.0,30.0,33.0,35.0,37.0,39.0,42.0,45.0,48.0,50.0,51.2,57.0,66.0,inferred
North Warwickshire,2021-10-01,21.0,26.0,30.0,31.0,33.0,36.0,38.0,41.0,44.0,46.0,48.0,53.0,62.0,inferred
North Warwickshire,2021-10-02,17.0,22.0,25.0,27.0,28.0,31.0,33.0,35.0,38.0,39.2,41.0,46.0,53.0,inferred
North Warwickshire,2021-10-03,19.0,23.0,27.0,29.0,30.0,32.0,35.0,37.0,40.0,42.0,43.0,48.0,56.0,inferred
North Warwickshire,2021-10-04,27.0,34.0,39.0,40.0,42.0,46.0,48.0,51.0,54.0,56.0,58.0,63.0,72.0,inferred
North Warwickshire,2021-10-05,25.0,31.0,36.0,39.0,40.0,43.0,45.0,48.0,51.0,53.0,55.0,61.0,72.0,inferred
North Warwickshire,2021-10-06,28.0,33.0,38.0,39.0,40.0,43.0,46.0,49.0,52.0,53.0,56.0,62.0,70.5,inferred
North Warwickshire,2021-10-07,27.0,32.0,36.0,38.0,39.0,42.0,45.0,48.0,51.0,52.0,55.0,61.0,70.0,inferred
North Warwickshire,2021-10-08,23.0,29.0,33.0,34.0,36.0,38.0,41.0,44.0,47.0,49.0,50.0,55.0,65.0,inferred
North Warwickshire,2021-10-09,19.0,24.0,28.0,29.0,30.0,33.0,35.0,38.0,40.0,42.0,44.0,49.0,56.5,inferred
North Warwickshire,2021-10-10,21.0,26.0,29.0,31.0,33.0,35.0,38.0,41.0,44.0,45.0,47.0,52.0,60.0,inferred
North Warwickshire,2021-10-11,32.0,37.9,42.0,44.0,46.0,50.0,52.0,55.0,59.0,61.0,63.0,69.0,79.0,inferred
North Warwickshire,2021-10-12,29.5,37.0,41.0,42.0,44.0,47.0,49.0,52.4,56.0,57.0,60.0,66.0,76.0,inferred
North Warwickshire,2021-10-13,28.0,34.0,39.0,41.0,42.0,45.0,48.0,51.0,54.0,56.0,58.0,64.0,75.0,inferred
North Warwickshire,2021-10-14,26.0,32.0,36.0,38.0,39.0,42.0,44.0,47.0,50.0,52.0,54.0,60.0,72.5,inferred
North Warwickshire,2021-10-15,22.0,27.0,31.0,32.0,33.0,36.0,39.0,42.0,45.0,46.0,49.0,53.0,62.0,inferred
North West Leicestershire,2021-07-03,22.0,28.0,33.0,34.8,37.0,40.0,44.0,47.0,51.3,54.0,57.0,64.0,77.5,inferred
North West Leicestershire,2021-07-04,28.5,36.0,41.0,43.0,45.0,49.0,52.0,56.0,60.0,63.0,65.0,73.0,85.5,inferred
North West Leicestershire,2021-07-05,48.5,58.0,65.0,68.0,70.0,74.0,79.0,83.0,88.0,91.0,94.0,101.1,118.0,inferred
North West Leicestershire,2021-07-06,47.0,57.0,63.0,66.0,68.0,73.0,78.0,82.0,87.0,90.0,93.2,102.0,115.0,inferred
North West Leicestershire,2021-07-07,53.0,60.0,67.0,69.8,72.0,77.0,81.0,85.0,90.0,92.0,96.0,105.0,117.5,inferred
North West Leicestershire,2021-07-08,51.0,60.0,68.0,70.0,73.0,78.0,83.0,87.0,92.0,94.0,97.0,105.0,120.0,inferred
North West Leicestershire,2021-07-09,48.5,57.0,64.0,67.0,70.0,73.0,78.0,82.0,87.0,90.0,93.0,102.0,116.0,inferred
North West Leicestershire,2021-07-10,42.0,50.0,57.0,60.0,62.0,66.0,70.0,75.0,79.0,81.0,84.2,93.0,105.5,inferred
North West Leicestershire,2021-07-11,47.0,57.0,64.0,67.0,69.0,74.0,78.0,82.0,87.0,90.0,93.0,102.0,117.0,inferred
North West Leicestershire,2021-07-12,71.0,84.0,93.0,96.0,99.0,105.0,109.0,117.0,124.0,127.0,130.0,141.0,158.0,inferred
North West Leicestershire,2021-07-13,67.5,80.0,88.0,92.0,95.0,100.0,106.0,110.0,117.0,120.0,123.0,132.1,151.0,inferred
North West Leicestershire,2021-07-14,66.0,78.0,86.0,89.0,92.0,97.0,102.0,107.0,113.3,116.0,120.0,130.0,145.0,inferred
North West Leicestershire,2021-07-15,63.0,72.0,78.0,81.0,84.0,90.0,94.0,99.0,104.0,107.0,111.0,121.0,136.5,inferred
North West Leicestershire,2021-07-16,50.0,59.0,66.0,68.8,71.0,75.0,79.5,85.0,90.0,93.0,97.0,106.0,121.5,inferred
North West Leicestershire,2021-07-17,38.0,46.0,52.0,55.0,57.0,60.0,64.0,68.0,73.0,75.0,78.0,86.1,99.5,inferred
North West Leicestershire,2021-07-18,38.0,47.0,53.0,55.0,57.0,61.0,65.0,69.0,74.0,77.0,80.0,88.0,101.0,inferred
North West Leicestershire,2021-07-19,51.0,61.0,68.0,70.0,72.0,77.0,82.0,88.0,93.0,96.0,99.0,109.0,123.5,inferred
North West Leicestershire,2021-07-20,43.0,53.0,58.0,61.0,64.0,68.0,72.0,76.0,82.0,84.0,87.0,98.0,112.0,inferred
North West Leicestershire,2021-07-21,39.0,48.0,53.0,56.0,58.0,62.0,66.0,70.0,75.0,77.0,80.0,88.0,101.5,inferred
North West Leicestershire,2021-07-22,33.0,41.0,47.0,49.0,51.0,55.0,58.0,62.0,67.0,70.0,73.0,80.0,93.5,inferred
North West Leicestershire,2021-07-23,25.0,31.0,36.0,38.0,40.0,44.0,47.0,51.0,55.0,57.0,60.0,67.0,80.0,inferred
North West Leicestershire,2021-07-24,17.5,23.0,28.0,29.0,31.0,34.0,37.0,40.0,43.0,45.0,47.0,53.0,64.0,inferred
North West Leicestershire,2021-07-25,17.0,22.0,27.0,28.0,30.0,33.0,36.0,39.0,43.0,44.0,47.0,54.0,65.0,inferred
North West Leicestershire,2021-07-26,23.0,30.0,35.0,37.0,38.0,42.0,45.0,49.0,53.0,55.0,57.0,64.0,75.5,inferred
North West Leicestershire,2021-07-27,21.0,28.0,32.0,34.0,36.0,39.0,42.0,45.0,49.0,51.0,53.0,59.0,71.0,inferred
North West Leicestershire,2021-07-28,20.0,27.0,33.0,34.0,36.0,39.0,43.0,46.0,49.0,51.0,54.0,59.0,73.0,inferred
North West Leicestershire,2021-07-29,22.0,27.0,32.0,34.0,36.0,40.0,43.0,46.0,50.0,52.0,55.0,61.1,72.0,inferred
North West Leicestershire,2021-07-30,19.0,24.0,29.0,31.0,32.0,35.0,38.0,42.0,45.3,47.0,49.0,57.0,69.0,inferred
North West Leicestershire,2021-07-31,15.0,20.0,24.0,26.0,28.0,30.0,33.0,36.0,39.0,41.0,43.0,49.0,60.0,inferred
North West Leicestershire,2021-08-01,17.0,22.0,27.0,28.0,30.0,33.0,36.0,39.0,42.0,44.0,46.0,52.0,64.0,inferred
North West Leicestershire,2021-08-02,25.0,34.0,39.0,41.0,43.0,46.0,50.0,54.0,58.0,60.0,63.0,69.1,82.0,inferred
North West Leicestershire,2021-08-03,24.0,32.0,37.0,39.0,40.0,44.0,47.0,51.0,55.0,57.0,60.0,67.1,79.0,inferred
North West Leicestershire,2021-08-04,25.0,32.0,36.0,38.0,40.0,44.0,47.0,51.0,55.0,57.0,59.2,67.0,79.0,inferred
North West Leicestershire,2021-08-05,24.0,31.0,36.0,38.0,40.0,44.0,47.0,50.0,54.0,57.0,59.0,65.0,77.5,inferred
North West Leicestershire,2021-08-06,21.0,28.0,33.0,35.0,36.0,39.0,42.0,46.0,49.0,52.0,54.0,61.0,71.0,inferred
North West Leicestershire,2021-08-07,16.0,22.0,27.0,29.0,30.0,33.0,36.0,39.0,43.0,45.0,47.0,53.0,63.0,inferred
North West Leicestershire,2021-08-08,19.0,25.0,29.0,31.0,32.0,35.0,38.0,42.0,45.0,47.0,50.0,57.0,69.5,inferred
North West Leicestershire,2021-08-09,29.0,37.0,42.0,45.0,47.0,50.0,54.0,58.0,62.0,64.0,66.0,74.0,86.0,inferred
North West Leicestershire,2021-08-10,27.0,35.0,41.0,43.0,45.0,48.0,52.0,56.0,60.0,62.0,65.0,72.1,84.0,inferred
North West Leicestershire,2021-08-11,28.0,37.0,42.0,44.0,46.0,49.0,53.0,57.0,61.0,63.0,66.0,73.0,86.0,inferred
North West Leicestershire,2021-08-12,29.0,36.0,41.0,42.0,45.0,48.0,52.0,56.0,60.0,62.0,65.0,73.0,85.0,inferred
North West Leicestershire,2021-08-13,25.0,31.0,35.0,37.0,39.0,42.0,46.0,49.0,53.0,56.0,58.0,66.0,77.5,inferred
North West Leicestershire,2021-08-14,20.0,26.0,30.0,32.0,34.0,37.0,41.0,44.0,47.0,49.0,53.0,59.0,70.0,inferred
North West Leicestershire,2021-08-15,22.5,29.0,33.0,35.0,37.0,40.0,44.0,47.0,51.0,53.0,56.0,63.0,75.0,inferred
North West Leicestershire,2021-08-16,34.0,42.0,48.0,50.0,52.0,57.0,61.0,64.4,69.0,71.0,74.2,83.0,95.0,inferred
North West Leicestershire,2021-08-17,32.0,41.0,46.0,49.0,50.0,54.0,58.0,62.0,67.0,69.0,72.0,80.0,97.0,inferred
North West Leicestershire,2021-08-18,32.0,41.0,47.0,49.0,51.0,55.0,58.0,62.0,66.0,69.0,72.0,81.0,93.0,inferred
North West Leicestershire,2021-08-19,32.5,41.0,46.0,48.0,51.0,55.0,59.0,62.4,67.0,70.0,72.0,79.0,92.0,inferred
North West Leicestershire,2021-08-20,30.0,37.0,42.0,44.0,46.0,50.0,54.0,57.0,62.0,64.0,67.0,72.1,85.0,inferred
North West Leicestershire,2021-08-21,24.0,30.0,35.0,37.0,39.0,42.0,46.0,50.0,54.0,56.0,59.0,65.0,77.5,inferred
North West Leicestershire,2021-08-22,26.0,33.0,39.0,41.0,42.0,46.0,49.0,53.0,57.0,59.0,62.0,69.0,80.5,inferred
North West Leicestershire,2021-08-23,39.5,49.0,55.0,57.0,59.0,63.0,68.0,72.0,76.0,79.0,82.0,90.0,103.0,inferred
North West Leicestershire,2021-08-24,39.0,47.0,53.0,55.0,57.0,61.0,65.0,69.0,73.0,77.0,81.0,90.0,103.5,inferred
North West Leicestershire,2021-08-25,37.0,46.0,52.0,55.0,58.0,62.0,66.0,71.0,75.0,78.0,81.0,89.0,101.0,inferred
North West Leicestershire,2021-08-26,37.0,45.9,52.0,54.0,56.0,60.0,64.0,68.0,73.0,76.0,79.0,88.0,101.0,inferred
North West Leicestershire,2021-08-27,31.0,40.0,46.0,48.0,50.0,54.0,58.0,62.0,66.0,69.0,72.0,80.0,92.0,inferred
North West Leicestershire,2021-08-28,27.5,34.0,40.0,42.0,43.0,47.0,50.0,54.0,58.0,61.0,63.0,70.0,83.0,inferred
North West Leicestershire,2021-08-29,30.0,38.0,43.0,45.0,47.0,50.0,54.0,58.0,63.0,65.0,68.0,76.0,89.0,inferred
North West Leicestershire,2021-08-30,45.0,54.0,61.0,64.0,66.7,71.0,75.0,80.0,85.3,88.2,92.0,99.0,114.0,inferred
North West Leicestershire,2021-08-31,43.0,54.0,60.0,62.0,64.0,69.0,73.0,77.0,82.0,85.0,88.0,97.0,112.5,inferred
North West Leicestershire,2021-09-01,48.5,58.0,64.0,67.0,69.0,73.0,78.0,82.0,87.0,89.0,93.0,101.0,116.0,inferred
North West Leicestershire,2021-09-02,49.5,58.0,64.8,67.0,69.0,74.0,78.0,83.0,88.0,91.0,94.0,102.0,116.0,inferred
North West Leicestershire,2021-09-03,44.5,55.0,61.0,64.0,66.0,71.0,75.0,79.4,84.0,86.0,90.0,98.0,115.0,inferred
North West Leicestershire,2021-09-04,40.0,49.0,55.0,57.0,59.0,64.0,68.0,72.0,77.0,79.0,83.0,91.0,101.5,inferred
North West Leicestershire,2021-09-05,45.0,53.0,60.0,63.0,65.0,69.0,73.0,78.0,83.0,86.0,89.0,99.0,113.5,inferred
North West Leicestershire,2021-09-06,67.0,80.0,88.0,91.0,94.0,100.0,105.0,110.0,116.0,119.0,123.0,134.0,150.0,inferred
North West Leicestershire,2021-09-07,63.0,76.9,85.0,88.0,91.0,96.0,101.0,106.0,112.0,115.0,118.2,129.0,143.5,inferred
North West Leicestershire,2021-09-08,63.0,74.0,82.0,85.0,88.0,93.0,98.0,103.0,108.0,111.2,115.0,124.0,141.0,inferred
North West Leicestershire,2021-09-09,56.5,67.0,75.0,78.0,81.0,86.0,91.0,96.0,102.0,105.0,109.0,118.0,134.0,inferred
North West Leicestershire,2021-09-10,49.0,59.0,65.0,68.0,71.0,76.0,80.0,85.0,90.0,93.0,96.0,104.0,119.0,inferred
North West Leicestershire,2021-09-11,38.0,47.0,53.0,55.0,57.0,61.0,65.0,69.0,74.0,77.0,80.0,88.0,102.0,inferred
North West Leicestershire,2021-09-12,40.0,49.0,55.0,56.0,58.0,62.0,66.0,71.0,76.0,78.0,81.2,91.1,104.5,inferred
North West Leicestershire,2021-09-13,57.0,66.0,73.0,76.0,79.0,84.0,89.0,93.0,99.0,101.0,105.0,115.0,129.5,inferred
North West Leicestershire,2021-09-14,53.0,64.0,70.0,72.8,75.0,80.0,85.0,90.0,95.0,97.0,101.0,111.0,125.5,inferred
North West Leicestershire,2021-09-15,54.0,65.0,72.0,75.0,77.0,82.0,86.5,92.0,97.0,100.0,103.0,112.1,126.0,inferred
North West Leicestershire,2021-09-16,55.5,66.0,72.8,75.0,78.0,83.0,88.0,93.0,97.0,100.0,104.0,113.0,126.5,inferred
North West Leicestershire,2021-09-17,51.5,61.0,67.0,70.0,72.0,77.0,82.0,86.4,91.0,94.0,98.0,107.0,122.0,inferred
North West Leicestershire,2021-09-18,42.0,52.0,59.0,61.0,64.0,68.0,71.0,76.0,80.0,84.0,87.0,96.0,111.0,inferred
North West Leicestershire,2021-09-19,51.0,60.0,66.0,69.0,72.0,76.0,81.0,85.0,90.0,93.0,96.0,105.0,119.0,inferred
North West Leicestershire,2021-09-20,76.0,86.0,95.0,98.8,101.0,106.0,111.0,116.0,123.0,127.0,131.0,142.0,157.0,inferred
North West Leicestershire,2021-09-21,69.0,82.9,90.8,95.0,98.0,102.0,107.0,112.0,118.0,121.0,126.0,137.0,154.0,inferred
North West Leicestershire,2021-09-22,68.0,80.0,87.0,91.0,94.0,100.0,104.0,110.0,114.0,118.0,122.0,132.0,147.5,inferred
North West Leicestershire,2021-09-23,65.0,75.0,82.0,85.8,89.0,94.0,99.0,104.0,110.0,113.0,117.0,127.0,141.0,inferred
North West Leicestershire,2021-09-24,54.5,64.0,71.0,74.0,77.0,81.0,86.0,91.0,96.0,99.0,103.0,111.0,128.5,inferred
North West Leicestershire,2021-09-25,43.0,52.0,59.0,61.0,64.0,68.0,72.0,76.0,81.0,83.0,86.0,96.0,111.0,inferred
North West Leicestershire,2021-09-26,43.0,54.0,61.0,63.0,65.0,69.0,73.0,78.0,83.0,86.0,89.0,97.0,111.0,inferred
North West Leicestershire,2021-09-27,62.0,74.0,82.0,86.0,88.0,93.0,98.0,103.0,108.0,112.0,115.2,126.0,141.0,inferred
North West Leicestershire,2021-09-28,58.0,69.0,76.0,79.0,81.0,86.0,91.0,96.0,102.0,105.0,108.0,117.0,132.0,inferred
North West Leicestershire,2021-09-29,55.5,66.0,74.0,77.0,80.0,85.0,89.0,94.0,99.0,102.0,105.0,114.0,128.5,inferred
North West Leicestershire,2021-09-30,54.0,63.0,71.0,74.0,76.0,80.0,85.0,90.0,95.0,98.0,102.0,110.0,128.5,inferred
North West Leicestershire,2021-10-01,47.0,56.0,62.0,64.0,66.0,71.0,75.0,79.0,84.0,87.0,91.0,99.0,113.0,inferred
North West Leicestershire,2021-10-02,36.0,44.0,49.0,52.0,54.0,57.0,62.0,66.0,71.0,73.0,76.0,83.1,96.0,inferred
North West Leicestershire,2021-10-03,37.0,46.0,52.0,54.0,57.0,61.0,65.0,69.0,74.0,76.0,79.0,87.0,102.5,inferred
North West Leicestershire,2021-10-04,55.0,64.0,71.0,74.0,77.0,82.0,87.0,91.0,97.0,100.0,103.0,113.0,127.0,inferred
North West Leicestershire,2021-10-05,49.0,59.0,66.0,69.0,71.0,76.0,80.0,85.0,90.0,93.0,96.2,106.0,121.0,inferred
North West Leicestershire,2021-10-06,49.0,59.0,65.0,68.0,70.0,75.0,80.0,84.0,90.0,93.0,96.0,105.0,121.0,inferred
North West Leicestershire,2021-10-07,47.0,56.0,63.0,65.0,68.0,72.0,77.0,81.0,85.0,88.0,91.2,100.0,113.0,inferred
North West Leicestershire,2021-10-08,41.0,49.0,55.0,58.0,59.0,64.0,68.0,72.0,77.0,79.0,82.0,91.0,106.0,inferred
North West Leicestershire,2021-10-09,32.0,39.0,45.0,47.0,49.0,53.0,57.0,61.0,65.0,68.0,71.0,79.0,91.5,inferred
North West Leicestershire,2021-10-10,33.0,41.0,47.0,49.0,52.0,56.0,59.0,63.0,68.0,71.0,73.0,83.0,95.0,inferred
North West Leicestershire,2021-10-11,48.0,59.0,65.0,68.0,71.0,75.0,80.0,84.0,89.0,92.0,95.0,105.0,121.5,inferred
North West Leicestershire,2021-10-12,44.5,54.0,61.0,63.0,65.0,70.0,74.0,78.0,84.0,87.0,89.0,97.0,111.0,inferred
North West Leicestershire,2021-10-13,40.0,50.0,56.0,58.0,60.0,65.0,69.0,73.0,78.0,81.0,84.0,93.0,107.0,inferred
North West Leicestershire,2021-10-14,37.0,46.0,52.0,54.0,56.0,60.0,64.0,68.0,73.0,75.0,79.0,87.0,100.5,inferred
North West Leicestershire,2021-10-15,28.5,37.0,42.0,45.0,47.0,51.0,54.0,58.0,63.0,66.0,68.0,75.0,90.0,inferred
Northampton,2021-07-03,16.0,20.0,23.0,24.0,25.0,27.0,29.0,31.0,34.0,35.0,37.0,41.0,49.0,inferred
Northampton,2021-07-04,18.0,24.0,27.0,29.0,30.0,32.0,34.0,37.0,39.0,41.0,42.0,46.0,53.0,inferred
Northampton,2021-07-05,31.0,37.0,41.0,43.0,45.0,47.0,49.0,52.0,55.0,57.0,59.0,64.0,73.0,inferred
Northampton,2021-07-06,33.0,38.0,43.0,45.0,46.0,49.0,51.0,54.0,57.0,59.0,60.0,65.0,74.5,inferred
Northampton,2021-07-07,38.5,44.0,48.0,50.0,52.0,55.0,58.0,61.0,64.0,66.0,68.0,74.0,83.0,inferred
Northampton,2021-07-08,43.0,49.0,53.8,55.0,56.0,60.0,63.0,65.0,69.0,71.0,73.0,79.0,89.0,inferred
Northampton,2021-07-09,43.0,50.0,55.0,57.0,58.0,62.0,65.0,67.0,71.0,72.0,74.2,81.0,90.0,inferred
Northampton,2021-07-10,41.0,47.0,51.0,54.0,56.0,59.0,62.0,65.0,68.0,70.0,72.0,78.0,87.0,inferred
Northampton,2021-07-11,48.5,57.9,63.0,65.0,67.0,71.0,74.0,77.0,81.0,83.0,86.0,93.0,102.0,inferred
Northampton,2021-07-12,83.0,92.0,98.0,101.0,104.0,108.6,112.0,117.0,122.0,124.0,127.0,135.0,148.0,inferred
Northampton,2021-07-13,87.0,96.0,102.0,105.0,107.0,112.0,116.0,120.0,125.0,128.0,131.0,138.0,152.0,inferred
Northampton,2021-07-14,89.0,100.0,107.0,110.0,113.0,117.0,121.0,126.0,130.0,133.0,136.2,145.0,158.0,inferred
Northampton,2021-07-15,92.0,101.9,109.0,112.0,115.0,119.0,123.0,127.0,131.0,135.0,137.2,145.0,158.5,inferred
Northampton,2021-07-16,84.0,95.0,101.0,104.0,106.0,111.0,115.0,119.0,124.0,127.0,129.0,136.0,150.0,inferred
Northampton,2021-07-17,73.0,82.0,89.0,91.0,93.0,97.0,101.0,106.0,109.0,111.0,114.0,121.0,131.5,inferred
Northampton,2021-07-18,82.0,91.0,97.0,100.0,102.0,106.0,110.0,115.0,120.0,122.0,125.0,132.0,143.5,inferred
Northampton,2021-07-19,120.0,131.0,139.0,142.0,145.0,149.0,155.0,159.0,164.3,167.0,171.0,180.0,193.5,inferred
Northampton,2021-07-20,111.0,121.0,130.0,133.0,136.0,141.0,146.0,151.0,155.0,158.0,162.0,171.0,186.0,inferred
Northampton,2021-07-21,104.0,116.0,123.0,126.0,129.0,134.0,138.0,142.0,147.3,151.0,154.0,163.0,174.0,inferred
Northampton,2021-07-22,95.0,104.0,111.0,114.0,117.0,121.0,125.0,129.0,134.0,136.0,140.0,148.0,160.0,inferred
Northampton,2021-07-23,79.0,86.0,93.0,96.0,98.0,103.0,107.0,111.0,115.0,117.0,119.0,127.0,138.0,inferred
Northampton,2021-07-24,60.0,69.0,74.0,76.0,78.0,81.0,85.0,88.0,92.0,94.0,97.0,103.1,113.0,inferred
Northampton,2021-07-25,60.0,69.0,75.0,77.0,79.0,83.0,86.0,89.0,93.0,96.0,98.2,105.0,117.5,inferred
Northampton,2021-07-26,80.0,90.0,97.0,99.0,102.0,107.0,111.0,115.0,120.0,122.0,125.0,131.0,145.0,inferred
Northampton,2021-07-27,74.0,84.9,90.8,93.0,95.0,99.0,103.0,107.0,112.0,114.0,117.0,124.0,135.0,inferred
Northampton,2021-07-28,77.0,86.0,92.8,95.0,97.0,101.0,104.0,108.0,113.0,115.0,118.0,125.0,139.0,inferred
Northampton,2021-07-29,75.0,85.0,91.0,93.0,95.0,99.0,103.0,107.0,111.0,113.0,115.0,122.1,134.5,inferred
Northampton,2021-07-30,68.0,76.0,82.0,85.0,87.0,91.0,95.0,98.0,103.0,105.0,107.0,113.0,125.0,inferred
Northampton,2021-07-31,57.0,65.0,71.0,73.0,75.0,79.0,82.0,85.0,89.0,92.0,94.0,101.0,110.0,inferred
Northampton,2021-08-01,63.0,71.0,77.0,79.0,81.0,85.0,88.5,92.0,96.0,98.0,101.0,107.1,117.0,inferred
Northampton,2021-08-02,91.0,102.9,108.0,112.0,114.7,119.0,123.0,127.0,132.0,135.0,138.0,145.1,160.0,inferred
Northampton,2021-08-03,88.0,97.0,104.0,107.0,110.0,114.0,117.0,122.0,126.0,128.0,132.0,141.0,153.0,inferred
Northampton,2021-08-04,87.0,97.0,104.0,107.0,109.0,113.0,118.0,122.0,127.0,130.0,133.0,140.0,149.0,inferred
Northampton,2021-08-05,86.0,94.0,101.0,104.0,107.0,111.0,115.0,119.0,124.0,127.0,129.0,137.0,149.0,inferred
Northampton,2021-08-06,76.0,85.0,91.0,94.0,96.0,100.0,104.0,108.0,111.0,114.0,117.0,124.0,138.0,inferred
Northampton,2021-08-07,64.0,72.0,78.0,80.0,82.0,85.0,88.0,92.0,96.0,99.0,101.0,108.0,118.0,inferred
Northampton,2021-08-08,69.5,78.0,84.0,86.0,88.0,92.0,96.0,99.0,103.0,105.0,108.0,115.0,127.0,inferred
Northampton,2021-08-09,95.0,105.0,113.0,116.0,119.0,124.0,129.0,133.0,138.0,141.0,144.0,153.0,167.0,inferred
Northampton,2021-08-10,90.0,101.0,108.0,111.0,113.0,118.0,122.0,127.0,132.0,134.0,138.0,146.0,161.0,inferred
Northampton,2021-08-11,92.0,101.0,109.0,111.0,114.0,118.0,122.0,126.0,131.0,133.0,136.0,145.0,159.0,inferred
Northampton,2021-08-12,87.0,97.0,104.0,107.0,109.0,113.0,116.0,121.0,126.0,129.0,132.0,140.0,151.0,inferred
Northampton,2021-08-13,75.5,86.0,92.8,95.0,97.0,101.0,105.0,109.0,113.0,115.0,117.2,125.0,137.0,inferred
Northampton,2021-08-14,63.0,72.0,77.0,79.0,81.0,85.0,89.0,92.0,96.0,99.0,102.0,109.0,120.0,inferred
Northampton,2021-08-15,67.0,76.0,81.0,84.0,86.7,90.6,94.0,98.0,102.0,104.0,107.0,114.0,125.0,inferred
Northampton,2021-08-16,95.0,104.0,112.0,115.0,117.0,121.0,125.0,129.0,134.0,137.0,140.0,148.0,163.0,inferred
Northampton,2021-08-17,88.0,99.0,105.0,107.0,110.0,114.0,119.0,123.0,127.0,130.0,133.0,141.0,152.0,inferred
Northampton,2021-08-18,85.0,95.0,102.0,105.0,107.0,112.0,116.0,120.0,126.0,128.0,130.0,138.0,150.5,inferred
Northampton,2021-08-19,83.0,91.0,97.0,99.0,101.0,106.0,110.0,114.0,118.0,120.0,123.0,131.0,142.0,inferred
Northampton,2021-08-20,71.0,80.0,85.0,87.0,89.0,93.0,97.0,101.0,104.3,108.0,110.0,117.0,128.0,inferred
Northampton,2021-08-21,57.5,65.0,71.0,73.0,75.0,78.0,81.0,85.0,88.0,91.0,94.0,101.0,111.0,inferred
Northampton,2021-08-22,60.0,69.0,74.0,76.0,78.0,81.0,85.0,89.0,93.0,95.0,98.0,104.0,112.5,inferred
Northampton,2021-08-23,83.5,93.0,100.0,103.0,105.0,111.0,114.0,118.0,123.0,126.0,128.0,135.0,149.5,inferred
Northampton,2021-08-24,76.0,86.0,93.0,96.0,98.0,103.0,107.0,111.0,115.0,117.0,120.0,128.0,140.5,inferred
Northampton,2021-08-25,77.0,87.0,93.0,96.0,98.0,102.0,106.0,110.0,114.0,116.0,119.0,126.1,138.5,inferred
Northampton,2021-08-26,74.0,83.0,89.0,92.0,94.0,98.0,102.0,106.0,111.0,113.0,115.2,123.0,136.0,inferred
Northampton,2021-08-27,65.0,73.9,79.0,81.0,83.0,87.0,91.0,95.0,99.0,101.0,104.0,110.0,120.5,inferred
Northampton,2021-08-28,53.0,61.0,67.0,69.0,70.0,74.0,77.0,81.0,85.0,87.0,90.0,96.0,106.0,inferred
Northampton,2021-08-29,58.0,65.0,71.0,73.0,75.0,78.0,82.0,85.0,88.3,91.0,94.0,100.0,110.0,inferred
Northampton,2021-08-30,80.0,90.0,97.0,99.0,102.0,106.0,110.0,114.0,119.0,121.0,124.0,131.0,144.0,inferred
Northampton,2021-08-31,76.0,85.0,91.0,94.0,96.0,101.0,105.0,109.0,113.0,115.0,118.0,125.0,137.5,inferred
Northampton,2021-09-01,76.0,85.0,92.0,94.0,96.0,101.0,105.0,109.0,114.0,116.0,119.0,127.0,137.0,inferred
Northampton,2021-09-02,75.0,82.9,89.0,91.0,93.0,97.0,102.0,106.0,110.0,113.0,116.0,123.1,133.0,inferred
Northampton,2021-09-03,65.0,73.0,79.0,81.0,83.0,87.0,90.0,94.0,98.0,100.0,102.0,109.0,122.0,inferred
Northampton,2021-09-04,54.0,62.0,66.0,69.0,71.0,74.0,78.0,81.0,84.0,87.0,89.0,96.0,107.0,inferred
Northampton,2021-09-05,57.0,65.0,71.0,73.0,75.0,79.0,82.0,86.0,90.0,92.0,94.0,102.0,110.0,inferred
Northampton,2021-09-06,81.0,91.0,97.0,100.0,102.7,107.0,111.0,115.0,119.0,122.0,125.0,133.0,145.0,inferred
Northampton,2021-09-07,76.0,85.0,91.0,94.0,96.0,100.0,104.0,108.0,112.0,115.0,117.0,125.0,137.0,inferred
Northampton,2021-09-08,72.0,83.0,89.0,91.0,93.0,98.0,102.0,106.0,110.0,112.0,115.0,122.0,134.0,inferred
Northampton,2021-09-09,69.0,78.0,84.0,87.0,89.0,93.0,96.5,100.0,104.0,107.0,109.0,117.0,128.0,inferred
Northampton,2021-09-10,62.0,69.0,74.0,76.0,78.0,82.0,85.0,88.0,93.0,95.0,98.0,105.0,115.0,inferred
Northampton,2021-09-11,47.0,55.0,60.0,62.0,64.0,67.0,71.0,74.0,77.0,79.0,81.0,88.0,98.0,inferred
Northampton,2021-09-12,51.0,58.0,63.0,65.0,67.0,71.0,74.0,77.0,81.0,83.0,85.0,91.0,102.0,inferred
Northampton,2021-09-13,71.0,80.0,86.0,89.0,91.0,94.0,99.0,102.4,107.0,109.0,112.0,120.0,131.0,inferred
Northampton,2021-09-14,70.5,80.0,85.0,88.0,90.0,94.0,98.0,102.0,106.0,109.0,111.0,119.0,130.0,inferred
Northampton,2021-09-15,80.0,89.0,96.0,98.0,100.0,104.0,108.0,112.0,117.0,119.0,122.0,130.0,144.0,inferred
Northampton,2021-09-16,86.5,96.0,102.0,105.0,108.0,112.0,116.0,120.0,125.0,127.2,130.0,139.0,152.0,inferred
Northampton,2021-09-17,87.0,96.0,103.0,105.0,107.0,112.0,115.0,119.0,124.0,126.0,130.0,137.0,151.0,inferred
Northampton,2021-09-18,80.0,88.0,95.0,98.0,100.0,104.0,109.0,112.0,116.0,119.0,122.0,130.0,142.0,inferred
Northampton,2021-09-19,94.5,105.9,112.0,115.0,117.0,121.0,125.0,129.0,134.0,137.0,140.0,148.0,161.0,inferred
Northampton,2021-09-20,146.0,159.0,168.0,171.8,175.0,181.0,186.0,192.0,198.0,202.0,205.0,215.0,233.0,inferred
Northampton,2021-09-21,147.0,159.0,167.0,170.0,173.0,179.0,184.0,189.4,196.0,199.0,203.0,213.1,229.5,inferred
Northampton,2021-09-22,149.5,162.0,171.0,174.0,177.0,182.0,188.0,194.0,200.0,204.0,207.0,216.1,234.0,inferred
Northampton,2021-09-23,145.0,158.0,168.0,171.0,174.0,180.0,186.0,191.0,196.0,199.0,203.0,212.0,227.5,inferred
Northampton,2021-09-24,131.5,143.0,151.0,154.0,157.0,163.0,168.0,173.0,179.0,182.0,186.0,195.0,207.5,inferred
Northampton,2021-09-25,112.0,122.0,130.0,132.0,135.0,139.0,144.0,149.0,154.0,157.0,159.2,168.0,180.0,inferred
Northampton,2021-09-26,120.0,132.0,139.0,142.0,144.0,149.0,155.0,160.0,166.0,169.0,172.0,180.0,195.5,inferred
Northampton,2021-09-27,170.0,183.0,193.0,197.0,201.0,207.0,212.0,218.0,224.0,227.0,232.0,242.0,261.0,inferred
Northampton,2021-09-28,159.0,172.0,183.0,186.0,189.7,195.0,201.0,207.0,214.0,217.0,221.0,232.0,253.0,inferred
Northampton,2021-09-29,162.0,175.0,184.0,188.0,191.0,197.0,203.0,208.0,215.0,218.0,221.0,232.0,248.0,inferred
Northampton,2021-09-30,153.5,167.0,176.0,180.0,183.0,189.0,195.0,200.0,206.0,209.0,212.0,223.0,240.0,inferred
Northampton,2021-10-01,140.0,151.0,158.0,161.8,164.0,169.0,174.0,179.0,185.0,187.2,191.0,200.0,215.5,inferred
Northampton,2021-10-02,113.5,126.0,134.0,136.0,139.0,145.0,149.0,154.0,159.0,162.0,165.0,172.0,187.0,inferred
Northampton,2021-10-03,123.0,133.0,143.0,146.0,149.0,154.0,158.0,163.0,168.0,171.0,174.0,183.0,196.5,inferred
Northampton,2021-10-04,169.0,185.0,194.0,198.0,201.0,206.0,213.0,219.0,226.0,230.0,234.0,245.0,264.0,inferred
Northampton,2021-10-05,161.0,176.0,184.0,188.0,191.0,197.0,202.5,209.0,216.0,220.0,223.0,233.0,248.0,inferred
Northampton,2021-10-06,163.0,178.0,187.0,190.8,194.0,200.0,205.0,211.0,217.0,221.0,225.0,234.0,250.0,inferred
Northampton,2021-10-07,162.0,174.9,184.0,187.0,190.0,196.0,201.0,207.0,213.0,217.0,221.0,231.0,248.5,inferred
Northampton,2021-10-08,145.0,157.0,166.0,169.0,172.0,177.0,182.0,187.0,193.0,196.0,200.0,210.0,223.0,inferred
Northampton,2021-10-09,125.0,136.0,142.0,145.8,148.0,153.0,158.0,163.0,168.0,171.0,174.0,183.0,196.0,inferred
Northampton,2021-10-10,130.5,146.0,153.0,156.0,160.0,165.0,170.0,175.0,180.0,184.0,188.0,197.0,211.0,inferred
Northampton,2021-10-11,187.5,202.0,213.8,217.0,220.0,226.0,233.0,238.0,245.0,249.0,253.0,263.0,280.5,inferred
Northampton,2021-10-12,173.0,189.0,199.0,203.0,207.0,214.0,219.0,224.0,231.0,235.0,238.0,249.0,268.0,inferred
Northampton,2021-10-13,169.0,185.0,194.0,198.0,201.0,207.0,213.0,220.0,226.0,230.0,234.0,245.0,264.0,inferred
Northampton,2021-10-14,157.0,172.0,182.8,186.0,189.0,195.0,201.0,207.0,213.0,217.0,221.0,234.0,250.0,inferred
Northampton,2021-10-15,135.5,148.0,158.0,162.0,165.0,170.6,176.0,181.0,187.0,191.0,195.0,206.0,224.5,inferred
Northumberland,2021-07-03,122.0,134.0,143.0,147.0,150.0,156.0,162.0,168.0,175.0,179.0,184.2,199.1,218.5,inferred
Northumberland,2021-07-04,146.0,159.0,168.0,171.0,175.0,182.0,187.0,194.0,201.0,205.0,210.0,223.0,244.0,inferred
Northumberland,2021-07-05,227.5,245.0,257.0,262.0,266.0,274.0,281.0,289.0,297.0,301.0,306.0,320.0,339.5,inferred
Northumberland,2021-07-06,230.0,248.9,259.0,263.8,268.0,275.0,282.0,288.0,294.0,298.0,303.0,316.0,335.0,inferred
Northumberland,2021-07-07,248.0,263.0,274.0,278.0,282.0,288.0,295.0,301.0,309.0,312.0,317.0,327.1,344.0,inferred
Northumberland,2021-07-08,244.5,263.0,274.0,278.0,282.0,290.0,296.0,303.0,310.0,314.0,319.0,332.0,347.0,inferred
Northumberland,2021-07-09,237.0,254.0,264.0,268.0,272.0,279.0,286.0,292.0,299.0,303.0,308.0,319.0,336.0,inferred
Northumberland,2021-07-10,206.5,221.0,232.0,236.0,239.0,246.0,251.0,257.0,264.0,268.0,272.0,284.0,301.0,inferred
Northumberland,2021-07-11,234.0,249.0,259.0,263.0,267.0,272.0,279.0,285.0,292.0,296.0,300.0,311.0,330.0,inferred
Northumberland,2021-07-12,342.0,358.9,374.0,379.0,384.0,392.6,402.0,411.0,420.0,425.0,430.0,447.0,469.0,inferred
Northumberland,2021-07-13,317.0,336.0,350.0,355.0,359.0,367.0,376.0,382.0,391.0,396.0,401.0,416.0,440.5,inferred
Northumberland,2021-07-14,303.5,320.0,333.8,338.0,342.0,350.0,357.0,365.0,374.0,378.0,384.0,398.0,420.0,inferred
Northumberland,2021-07-15,267.0,286.0,298.0,303.0,306.0,313.0,319.0,326.0,334.0,339.0,344.0,356.0,375.0,inferred
Northumberland,2021-07-16,224.0,242.0,252.0,254.0,259.0,266.0,273.0,279.0,286.0,289.0,294.0,308.0,325.0,inferred
Northumberland,2021-07-17,173.0,187.0,195.0,198.8,201.0,208.0,214.0,220.0,226.0,230.0,234.0,244.0,261.5,inferred
Northumberland,2021-07-18,169.0,182.0,191.0,195.0,198.0,205.0,212.0,217.0,222.0,226.0,230.0,240.1,258.0,inferred
Northumberland,2021-07-19,221.5,240.0,250.0,254.0,258.0,265.0,271.0,279.0,285.0,290.2,294.2,307.0,326.0,inferred
Northumberland,2021-07-20,192.5,206.0,216.0,220.0,224.0,231.0,237.0,244.0,251.0,255.0,259.0,271.0,286.0,inferred
Northumberland,2021-07-21,177.0,189.0,197.0,201.0,205.0,211.0,217.0,222.0,229.0,232.0,237.0,248.0,266.0,inferred
Northumberland,2021-07-22,152.0,165.0,174.0,178.0,181.0,186.0,191.0,197.0,203.0,206.2,210.0,219.0,235.5,inferred
Northumberland,2021-07-23,124.0,138.0,146.0,149.0,152.0,156.0,162.0,167.0,172.0,175.0,179.0,188.1,203.0,inferred
Northumberland,2021-07-24,94.0,104.0,111.0,114.0,116.0,121.0,126.0,130.0,134.0,137.0,139.0,148.0,161.0,inferred
Northumberland,2021-07-25,91.0,102.0,108.0,111.0,113.0,117.0,121.0,125.0,131.0,133.0,136.0,144.0,155.0,inferred
Northumberland,2021-07-26,118.0,130.0,139.0,143.0,145.0,150.0,156.0,161.0,166.0,169.0,172.2,182.0,195.0,inferred
Northumberland,2021-07-27,104.0,116.0,123.0,127.0,129.0,133.0,138.0,143.0,148.0,151.0,154.0,164.0,176.5,inferred
Northumberland,2021-07-28,100.0,112.0,119.0,122.0,125.0,130.0,134.0,139.0,143.0,146.0,150.0,158.0,174.0,inferred
Northumberland,2021-07-29,94.0,105.0,112.0,115.0,117.0,122.0,126.0,131.0,135.0,138.0,140.0,148.0,162.0,inferred
Northumberland,2021-07-30,85.0,94.0,101.0,103.0,105.0,110.0,115.0,118.0,123.0,126.0,128.0,136.0,150.0,inferred
Northumberland,2021-07-31,66.5,75.0,81.0,84.0,86.0,90.0,94.0,98.0,101.0,103.0,107.0,114.0,126.0,inferred
Northumberland,2021-08-01,71.0,80.0,86.0,88.0,90.0,94.0,98.0,102.0,106.0,108.0,111.0,117.0,128.0,inferred
Northumberland,2021-08-02,99.0,112.0,119.0,122.0,124.0,129.0,134.0,138.0,143.0,146.0,150.0,159.0,171.0,inferred
Northumberland,2021-08-03,93.0,102.0,110.0,113.0,116.0,120.0,124.0,128.0,133.0,135.0,139.0,147.0,160.0,inferred
Northumberland,2021-08-04,93.0,104.0,111.0,114.0,116.0,121.0,126.0,130.0,135.3,138.0,141.0,149.0,165.0,inferred
Northumberland,2021-08-05,89.0,100.0,106.0,109.0,111.0,115.0,119.5,123.0,128.0,131.0,134.0,143.0,154.0,inferred
Northumberland,2021-08-06,79.0,90.0,97.0,100.0,102.0,106.0,111.0,115.0,119.0,122.0,125.0,132.0,146.0,inferred
Northumberland,2021-08-07,67.0,76.0,81.0,83.0,85.0,90.0,94.0,97.0,101.0,103.0,106.0,113.0,124.5,inferred
Northumberland,2021-08-08,71.0,81.0,87.0,89.0,91.0,95.0,99.0,103.0,107.0,110.0,113.0,120.0,131.0,inferred
Northumberland,2021-08-09,105.0,116.0,123.0,126.0,128.0,134.0,138.0,143.0,148.0,151.0,154.0,163.0,179.0,inferred
Northumberland,2021-08-10,98.0,108.0,116.0,119.0,122.0,127.0,132.0,137.0,141.0,145.0,148.0,156.0,168.0,inferred
Northumberland,2021-08-11,103.0,112.0,120.0,123.0,126.0,131.0,136.0,141.0,146.0,149.0,153.0,161.0,176.0,inferred
Northumberland,2021-08-12,100.5,112.0,118.0,122.0,124.0,128.0,133.0,138.0,143.0,147.0,149.0,157.0,170.0,inferred
Northumberland,2021-08-13,94.0,105.0,113.0,116.0,118.0,123.0,127.0,131.0,136.0,138.0,142.0,150.0,163.0,inferred
Northumberland,2021-08-14,78.5,89.0,96.0,98.0,100.0,104.0,108.0,113.0,118.0,120.0,124.0,131.0,144.5,inferred
Northumberland,2021-08-15,87.0,97.0,105.0,107.0,110.0,115.0,119.0,123.0,128.0,130.0,133.0,141.0,153.0,inferred
Northumberland,2021-08-16,129.0,143.0,151.0,154.0,157.0,162.0,168.0,173.0,179.0,182.0,186.0,196.0,213.0,inferred
Northumberland,2021-08-17,120.0,133.0,142.0,145.0,148.0,153.0,158.0,164.0,169.0,172.0,176.0,186.0,202.0,inferred
Northumberland,2021-08-18,123.0,134.0,142.0,146.0,149.0,154.0,159.0,164.0,170.0,173.0,177.0,187.0,202.0,inferred
Northumberland,2021-08-19,118.0,128.0,136.0,140.0,143.0,148.0,152.0,157.0,162.0,165.0,168.0,176.1,194.5,inferred
Northumberland,2021-08-20,105.0,116.0,124.0,127.0,129.0,134.0,139.0,143.0,147.0,150.0,153.0,161.0,174.0,inferred
Northumberland,2021-08-21,83.0,94.0,101.0,104.0,106.0,111.0,115.0,120.0,124.0,126.0,129.0,138.0,150.0,inferred
Northumberland,2021-08-22,89.5,100.0,107.0,110.0,113.0,117.0,122.0,126.0,130.0,133.0,136.0,144.0,156.5,inferred
Northumberland,2021-08-23,129.0,140.0,149.0,152.0,155.0,160.0,165.0,171.0,176.0,179.0,183.0,194.0,209.5,inferred
Northumberland,2021-08-24,118.0,130.0,138.0,141.0,144.0,150.0,155.0,160.0,166.0,169.0,172.0,182.0,196.0,inferred
Northumberland,2021-08-25,118.5,130.0,138.0,141.8,145.0,149.0,154.0,159.0,165.0,168.0,171.0,180.0,194.5,inferred
Northumberland,2021-08-26,115.0,125.0,132.0,135.0,137.0,142.0,147.0,152.0,157.0,161.0,163.0,172.0,184.0,inferred
Northumberland,2021-08-27,100.0,110.0,118.0,121.0,124.0,128.0,133.0,138.0,143.0,145.0,148.0,157.0,170.0,inferred
Northumberland,2021-08-28,84.0,93.0,98.0,101.0,103.0,108.0,112.0,115.0,119.0,123.0,126.0,133.0,147.0,inferred
Northumberland,2021-08-29,88.0,97.0,104.0,107.0,110.0,114.0,118.0,122.0,126.0,130.0,132.0,142.0,153.0,inferred
Northumberland,2021-08-30,125.0,137.0,146.0,148.0,151.0,156.0,161.0,166.0,171.0,175.0,178.0,188.1,206.5,inferred
Northumberland,2021-08-31,118.0,131.0,138.0,141.0,145.0,149.0,155.0,160.0,165.0,168.0,172.0,182.0,199.0,inferred
Northumberland,2021-09-01,124.0,134.0,142.0,144.0,147.0,153.0,158.0,162.0,168.0,171.0,174.0,183.0,197.5,inferred
Northumberland,2021-09-02,122.0,133.0,141.0,143.0,146.0,151.0,157.0,161.0,166.0,169.0,172.0,181.0,194.0,inferred
Northumberland,2021-09-03,115.0,126.0,134.0,136.0,138.0,143.0,148.0,153.0,158.0,161.0,164.0,173.0,183.5,inferred
Northumberland,2021-09-04,97.0,107.0,114.0,116.0,118.0,123.0,127.0,132.0,137.0,140.0,143.0,151.0,163.0,inferred
Northumberland,2021-09-05,103.0,115.0,123.0,126.0,128.0,133.0,138.0,142.0,148.0,150.0,153.0,161.1,176.0,inferred
Northumberland,2021-09-06,154.0,167.0,177.0,180.0,183.7,189.0,195.0,200.0,207.0,212.0,216.0,225.0,242.0,inferred
Northumberland,2021-09-07,143.0,157.0,165.0,168.0,172.0,177.0,183.0,189.0,195.0,199.0,203.0,213.1,231.0,inferred
Northumberland,2021-09-08,143.0,156.0,165.0,168.0,171.0,177.0,183.0,188.0,194.0,197.0,200.0,211.0,228.0,inferred
Northumberland,2021-09-09,134.5,147.0,156.0,159.0,162.0,167.6,173.0,177.0,184.0,187.0,190.0,198.1,215.0,inferred
Northumberland,2021-09-10,118.0,131.0,139.0,143.0,146.0,151.0,156.0,161.0,166.0,170.0,173.0,180.0,192.0,inferred
Northumberland,2021-09-11,95.5,106.0,113.0,116.0,119.0,123.0,127.0,132.0,137.0,139.2,143.0,150.0,163.0,inferred
Northumberland,2021-09-12,99.0,110.0,118.0,121.0,123.0,128.0,132.0,137.0,142.0,145.0,147.0,156.0,170.0,inferred
Northumberland,2021-09-13,142.0,155.9,164.0,167.0,170.0,176.0,181.0,186.0,192.0,195.0,199.0,209.0,224.0,inferred
Northumberland,2021-09-14,132.0,146.0,153.0,157.0,161.0,166.0,172.0,177.0,182.0,186.0,190.0,200.0,215.5,inferred
Northumberland,2021-09-15,139.0,153.0,161.0,164.0,168.0,174.0,178.0,183.0,188.3,191.0,195.0,205.0,222.0,inferred
Northumberland,2021-09-16,142.0,153.0,161.0,165.0,168.0,173.0,178.0,183.0,189.0,192.0,197.0,206.1,219.5,inferred
Northumberland,2021-09-17,131.5,144.0,153.0,156.0,159.0,164.0,169.0,175.0,181.0,184.0,187.0,198.0,212.5,inferred
Northumberland,2021-09-18,113.0,125.9,132.0,136.0,138.0,143.0,148.0,152.0,157.0,160.0,164.0,173.0,189.0,inferred
Northumberland,2021-09-19,124.0,137.0,145.0,148.0,151.0,156.0,162.0,166.0,173.0,176.0,179.0,188.0,203.5,inferred
Northumberland,2021-09-20,187.5,201.0,211.0,215.0,218.0,224.0,231.0,237.0,244.0,248.0,251.0,263.0,279.0,inferred
Northumberland,2021-09-21,174.0,188.0,198.0,202.0,206.0,213.0,219.0,224.0,231.0,234.0,238.0,250.0,269.5,inferred
Northumberland,2021-09-22,172.5,187.0,196.0,200.0,203.0,210.0,215.0,221.0,227.0,231.0,235.0,246.0,264.0,inferred
Northumberland,2021-09-23,161.0,176.0,185.0,189.0,192.0,197.0,203.0,209.0,214.0,217.0,222.0,232.0,248.0,inferred
Northumberland,2021-09-24,144.0,156.0,165.0,168.0,171.0,176.0,182.0,187.0,194.0,198.0,200.0,210.0,225.0,inferred
Northumberland,2021-09-25,116.0,126.0,134.0,138.0,140.0,145.0,151.0,155.0,160.0,162.0,166.0,175.0,187.0,inferred
Northumberland,2021-09-26,120.0,133.0,141.0,144.0,146.7,152.0,157.0,162.0,167.0,170.0,173.0,183.0,198.0,inferred
Northumberland,2021-09-27,169.5,184.0,194.0,198.0,201.0,208.0,214.0,220.0,226.0,230.0,234.0,244.0,263.0,inferred
Northumberland,2021-09-28,155.5,169.9,179.0,182.0,185.7,193.0,199.0,205.0,211.0,215.0,218.0,228.0,244.5,inferred
Northumberland,2021-09-29,159.5,171.9,181.0,184.8,188.0,194.0,200.0,206.0,213.0,217.0,221.0,230.0,245.0,inferred
Northumberland,2021-09-30,155.0,168.0,177.0,181.0,184.0,189.0,194.0,199.0,205.0,209.0,213.0,223.0,236.0,inferred
Northumberland,2021-10-01,140.0,153.0,161.8,165.0,168.0,174.0,180.0,184.0,190.0,193.0,197.0,208.0,222.0,inferred
Northumberland,2021-10-02,117.0,128.0,137.0,140.0,142.0,147.0,152.0,157.0,161.0,164.0,167.2,177.0,192.0,inferred
Northumberland,2021-10-03,125.5,137.0,146.0,149.0,152.0,157.0,162.0,166.0,172.0,175.0,179.0,188.0,203.5,inferred
Northumberland,2021-10-04,182.5,197.0,207.0,211.0,214.0,221.0,227.0,233.0,240.0,244.0,248.0,259.0,278.0,inferred
Northumberland,2021-10-05,173.0,188.0,198.0,201.0,205.0,211.0,217.0,223.0,228.0,231.0,235.0,246.0,262.0,inferred
Northumberland,2021-10-06,179.5,194.9,204.0,208.0,211.0,217.0,224.0,230.0,236.0,240.0,244.0,254.1,272.0,inferred
Northumberland,2021-10-07,177.0,191.0,201.0,205.0,208.0,214.0,220.0,225.0,233.0,236.0,240.0,250.1,267.5,inferred
Northumberland,2021-10-08,165.5,179.0,189.0,193.0,196.0,201.0,207.0,212.0,218.0,221.0,225.0,236.0,253.0,inferred
Northumberland,2021-10-09,142.0,154.0,163.0,167.0,170.0,175.0,180.0,186.0,191.0,195.0,199.0,208.0,221.0,inferred
Northumberland,2021-10-10,155.0,168.0,177.0,180.0,183.7,189.0,194.0,200.0,206.0,211.0,214.0,224.0,238.5,inferred
Northumberland,2021-10-11,226.5,244.9,257.0,261.0,266.0,272.0,279.0,286.0,293.0,298.0,303.0,314.0,336.0,inferred
Northumberland,2021-10-12,217.0,231.9,242.0,246.0,250.0,258.0,265.0,271.0,279.0,283.0,287.0,299.1,320.0,inferred
Northumberland,2021-10-13,213.0,232.0,243.0,248.0,252.0,259.0,265.0,271.0,278.0,282.0,288.0,300.1,321.5,inferred
Northumberland,2021-10-14,203.0,221.0,232.0,236.0,240.0,247.0,253.0,260.0,267.0,271.0,275.0,287.0,306.0,inferred
Northumberland,2021-10-15,182.0,200.0,211.0,215.0,218.0,225.0,232.0,238.0,246.0,250.0,255.0,268.0,288.5,inferred
Norwich,2021-07-03,10.0,13.0,16.0,17.0,18.0,20.0,22.0,24.0,26.0,27.0,29.0,33.0,39.0,inferred
Norwich,2021-07-04,13.0,17.0,20.0,21.0,22.0,24.0,26.0,28.0,31.0,32.0,34.0,38.0,45.0,inferred
Norwich,2021-07-05,25.0,29.0,33.0,35.0,36.0,39.0,41.0,44.0,46.0,48.0,50.0,54.0,62.0,inferred
Norwich,2021-07-06,26.0,32.0,36.0,37.0,38.0,41.0,43.0,46.0,48.0,50.0,52.0,57.0,64.0,inferred
Norwich,2021-07-07,30.0,36.0,40.0,41.0,42.0,45.0,48.0,50.0,53.0,54.0,56.0,61.0,69.5,inferred
Norwich,2021-07-08,31.0,37.0,41.0,43.0,44.0,47.0,49.0,51.0,54.0,56.0,57.0,63.0,71.0,inferred
Norwich,2021-07-09,31.0,37.0,41.0,42.0,43.0,46.0,48.0,51.0,54.0,55.0,57.0,61.1,70.0,inferred
Norwich,2021-07-10,27.0,33.0,36.0,38.0,39.0,42.0,45.0,47.0,50.0,51.0,53.0,57.0,66.0,inferred
Norwich,2021-07-11,31.0,38.0,42.0,43.0,45.0,47.0,50.0,53.0,56.0,58.0,60.0,64.0,73.0,inferred
Norwich,2021-07-12,49.0,58.0,62.0,64.0,66.0,69.0,72.0,76.0,79.0,81.0,84.0,91.0,100.0,inferred
Norwich,2021-07-13,50.0,58.0,63.0,64.0,66.0,69.0,73.0,76.0,79.0,81.0,84.0,90.0,100.0,inferred
Norwich,2021-07-14,51.0,59.0,64.0,66.0,68.0,71.0,75.0,78.0,82.0,84.0,86.2,93.0,103.5,inferred
Norwich,2021-07-15,49.0,57.0,63.0,65.0,67.0,71.0,73.0,77.0,80.0,82.0,84.0,90.0,100.0,inferred
Norwich,2021-07-16,46.0,53.0,58.0,59.0,61.0,64.0,67.0,70.0,73.0,75.0,77.0,82.0,92.0,inferred
Norwich,2021-07-17,38.0,44.0,49.0,50.0,52.0,55.0,58.0,61.0,63.0,65.0,67.0,73.0,81.0,inferred
Norwich,2021-07-18,40.5,46.0,50.0,52.0,54.0,57.0,59.0,62.0,66.0,68.0,70.0,76.0,84.5,inferred
Norwich,2021-07-19,57.0,65.0,70.0,72.0,74.0,78.0,81.0,85.0,89.0,91.0,93.0,99.0,110.5,inferred
Norwich,2021-07-20,54.0,61.0,66.0,68.8,71.0,74.0,78.0,81.0,85.0,87.0,90.0,96.0,107.0,inferred
Norwich,2021-07-21,55.0,64.0,69.0,71.0,72.0,76.0,79.0,82.0,86.0,88.0,91.0,97.0,108.0,inferred
Norwich,2021-07-22,54.0,61.0,66.0,68.0,70.0,73.0,77.0,80.0,84.0,86.0,88.0,95.0,103.0,inferred
Norwich,2021-07-23,48.0,55.0,60.0,62.0,64.0,67.0,70.0,73.0,77.0,78.2,81.0,88.0,100.0,inferred
Norwich,2021-07-24,40.0,46.0,50.0,52.0,54.0,57.0,60.0,62.0,66.0,67.0,69.0,76.0,85.0,inferred
Norwich,2021-07-25,43.0,49.0,53.0,54.0,56.0,60.0,62.0,66.0,69.0,70.0,72.0,78.0,87.0,inferred
Norwich,2021-07-26,60.0,68.0,73.0,75.0,77.0,81.0,85.0,88.0,92.0,94.0,96.0,103.0,110.0,inferred
Norwich,2021-07-27,57.0,66.0,72.0,74.0,75.0,80.0,83.0,86.0,90.0,92.0,95.0,101.0,113.0,inferred
Norwich,2021-07-28,61.0,70.0,75.0,77.0,79.0,82.0,86.0,90.0,94.0,96.0,99.0,106.0,119.0,inferred
Norwich,2021-07-29,61.0,69.0,75.0,77.0,79.0,82.0,86.0,89.0,93.0,95.0,97.0,104.0,115.0,inferred
Norwich,2021-07-30,57.5,65.0,70.0,71.0,73.0,77.0,80.0,83.0,86.0,89.0,91.0,97.0,106.5,inferred
Norwich,2021-07-31,46.5,54.0,59.0,61.0,63.0,66.0,69.0,72.0,76.0,78.0,80.0,85.0,95.0,inferred
Norwich,2021-08-01,49.0,58.0,63.0,65.0,67.0,70.0,73.0,76.0,80.0,82.0,84.0,90.0,99.5,inferred
Norwich,2021-08-02,72.5,82.0,88.0,90.0,92.0,96.0,100.0,104.0,108.0,111.0,113.0,119.0,131.0,inferred
Norwich,2021-08-03,69.0,78.0,84.0,86.0,89.0,92.0,96.0,100.0,104.0,106.0,108.0,116.0,128.0,inferred
Norwich,2021-08-04,69.0,78.0,84.0,87.0,89.0,93.0,96.0,99.0,104.0,106.0,108.0,115.0,126.0,inferred
Norwich,2021-08-05,63.0,72.0,77.0,80.0,82.0,86.0,89.0,93.0,97.0,99.0,101.0,107.1,117.0,inferred
Norwich,2021-08-06,57.0,64.0,69.0,72.0,73.0,77.0,80.0,83.0,87.0,89.0,91.0,98.0,107.0,inferred
Norwich,2021-08-07,45.0,52.0,57.0,59.0,60.0,63.0,66.0,69.0,73.0,75.0,76.0,82.0,90.0,inferred
Norwich,2021-08-08,45.0,52.0,57.0,59.0,61.0,64.0,67.0,70.0,73.0,75.0,77.0,83.0,92.5,inferred
Norwich,2021-08-09,63.0,70.0,76.0,79.0,81.0,85.0,89.0,92.0,96.0,98.0,100.0,106.0,116.5,inferred
Norwich,2021-08-10,58.0,66.0,71.0,73.0,75.7,79.0,82.0,85.0,89.0,91.0,94.0,101.0,111.0,inferred
Norwich,2021-08-11,58.0,66.0,72.0,74.0,76.0,80.0,83.0,87.0,90.0,92.0,95.0,100.0,110.0,inferred
Norwich,2021-08-12,56.0,63.0,69.0,71.0,73.0,76.0,79.0,82.0,86.0,88.0,91.0,97.0,106.0,inferred
Norwich,2021-08-13,50.0,56.0,62.0,64.0,65.0,69.0,72.0,75.0,79.0,81.0,83.0,89.0,98.0,inferred
Norwich,2021-08-14,41.0,47.0,51.0,53.0,55.0,58.0,61.0,63.0,66.0,68.0,70.0,75.1,83.0,inferred
Norwich,2021-08-15,42.0,49.0,53.0,55.0,57.0,60.0,62.0,65.0,69.0,70.2,72.0,78.0,87.0,inferred
Norwich,2021-08-16,58.0,67.0,72.0,75.0,77.0,80.0,83.0,87.0,91.0,93.0,96.0,102.0,112.0,inferred
Norwich,2021-08-17,55.0,62.0,68.0,70.0,72.0,76.0,79.0,82.0,87.0,89.0,91.0,97.0,107.0,inferred
Norwich,2021-08-18,55.0,63.0,67.0,69.0,71.0,75.0,78.0,81.0,84.0,86.0,89.0,95.0,106.0,inferred
Norwich,2021-08-19,50.0,58.0,63.0,64.0,66.0,69.0,73.0,76.0,80.0,82.0,84.0,90.0,100.0,inferred
Norwich,2021-08-20,43.0,51.0,56.0,57.0,59.0,62.0,65.0,68.0,71.0,73.0,75.0,81.0,89.0,inferred
Norwich,2021-08-21,35.0,41.0,44.0,46.0,48.0,50.0,53.0,56.0,59.0,61.0,63.0,68.0,74.5,inferred
Norwich,2021-08-22,35.0,41.0,45.0,47.0,48.0,51.0,53.0,56.0,59.0,60.0,62.0,67.0,77.0,inferred
Norwich,2021-08-23,47.5,55.0,60.0,62.0,64.0,67.0,70.0,73.0,77.0,79.0,82.0,88.0,97.0,inferred
Norwich,2021-08-24,45.0,52.0,57.0,59.0,60.0,63.0,67.0,70.0,73.0,74.0,76.2,82.0,90.0,inferred
Norwich,2021-08-25,45.0,53.0,58.0,59.0,61.0,65.0,68.0,71.0,74.0,76.0,78.0,83.0,91.0,inferred
Norwich,2021-08-26,43.0,50.0,55.0,57.0,58.0,61.0,64.0,67.0,71.0,72.0,75.0,80.0,89.0,inferred
Norwich,2021-08-27,39.0,45.0,50.0,51.0,53.0,56.0,59.0,62.0,65.0,66.0,69.0,74.0,82.0,inferred
Norwich,2021-08-28,32.0,38.0,42.0,43.0,44.0,47.0,49.0,52.0,55.0,57.0,59.0,64.0,72.0,inferred
Norwich,2021-08-29,33.0,39.0,43.0,45.0,47.0,49.0,52.0,54.0,57.0,59.0,61.0,66.0,75.0,inferred
Norwich,2021-08-30,47.0,55.0,59.0,61.0,63.0,66.0,69.5,72.0,76.0,77.0,80.0,86.0,95.5,inferred
Norwich,2021-08-31,43.5,51.0,55.0,57.0,59.0,63.0,66.0,69.0,72.0,74.0,76.0,82.0,90.0,inferred
Norwich,2021-09-01,43.0,50.0,55.0,57.0,59.0,62.0,65.0,68.0,71.0,73.0,75.0,81.0,89.0,inferred
Norwich,2021-09-02,40.0,48.0,53.0,54.0,56.0,59.0,62.0,65.0,68.0,70.0,72.0,77.1,86.0,inferred
Norwich,2021-09-03,36.0,42.0,46.0,48.0,49.7,52.0,55.0,57.0,60.0,62.0,64.0,69.0,78.0,inferred
Norwich,2021-09-04,27.5,34.0,37.0,39.0,40.0,43.0,45.0,48.0,51.0,52.0,54.0,59.0,66.0,inferred
Norwich,2021-09-05,29.0,35.0,39.0,41.0,42.0,45.0,47.0,49.0,52.0,53.0,55.0,60.0,69.0,inferred
Norwich,2021-09-06,41.0,46.9,51.0,53.0,55.0,58.0,61.0,64.0,67.0,68.0,71.0,76.0,84.0,inferred
Norwich,2021-09-07,35.0,42.0,47.0,48.0,50.0,53.0,56.0,59.0,62.0,64.0,66.0,71.0,81.0,inferred
Norwich,2021-09-08,36.0,41.0,45.0,47.0,48.0,51.0,54.0,57.0,60.0,62.0,64.0,69.0,78.0,inferred
Norwich,2021-09-09,31.0,38.0,42.0,43.0,45.0,47.0,50.0,53.0,55.0,57.0,58.2,64.0,72.0,inferred
Norwich,2021-09-10,27.0,32.0,36.0,38.0,39.0,41.0,44.0,46.0,49.0,50.0,52.0,56.0,64.0,inferred
Norwich,2021-09-11,20.0,25.0,29.0,30.0,31.0,33.0,35.0,37.0,40.0,41.0,43.0,47.0,55.0,inferred
Norwich,2021-09-12,21.0,25.0,28.0,30.0,31.0,33.0,35.0,37.0,40.0,41.0,43.0,47.0,55.0,inferred
Norwich,2021-09-13,27.0,34.0,38.0,40.0,41.0,44.0,46.0,48.0,51.0,53.0,55.0,60.0,66.0,inferred
Norwich,2021-09-14,27.0,32.0,36.0,37.0,39.0,41.0,44.0,46.0,49.0,50.0,52.0,57.0,64.0,inferred
Norwich,2021-09-15,28.0,33.0,37.8,39.0,40.0,43.0,45.0,47.0,50.0,51.0,53.0,59.0,68.0,inferred
Norwich,2021-09-16,28.0,33.0,37.0,38.0,40.0,42.0,44.0,46.0,49.0,51.0,53.0,58.0,67.0,inferred
Norwich,2021-09-17,25.0,30.0,34.0,36.0,37.0,40.0,42.0,44.0,47.0,49.0,50.0,55.0,62.5,inferred
Norwich,2021-09-18,21.0,26.0,30.0,31.0,32.0,35.0,37.0,39.0,42.0,43.0,45.0,49.0,56.0,inferred
Norwich,2021-09-19,23.0,28.0,31.8,33.0,34.0,37.0,39.0,42.0,44.0,46.0,47.0,52.0,58.0,inferred
Norwich,2021-09-20,36.0,41.0,46.0,47.0,49.0,51.0,54.0,56.0,59.0,61.0,64.0,69.0,77.5,inferred
Norwich,2021-09-21,34.0,40.0,44.0,46.0,47.0,50.0,53.0,56.0,59.0,60.0,62.0,67.0,75.0,inferred
Norwich,2021-09-22,35.0,42.0,46.0,48.0,50.0,52.6,55.0,58.0,61.0,63.0,65.0,70.0,79.0,inferred
Norwich,2021-09-23,37.0,42.0,46.0,48.0,49.0,52.0,55.0,58.0,61.0,62.0,64.0,70.0,78.0,inferred
Norwich,2021-09-24,34.0,39.0,43.0,45.0,47.0,50.0,52.0,55.0,58.0,59.0,61.0,66.0,73.0,inferred
Norwich,2021-09-25,28.0,33.0,37.0,38.0,40.0,43.0,46.0,48.0,51.0,52.2,54.0,59.0,65.5,inferred
Norwich,2021-09-26,31.0,36.0,40.0,42.0,44.0,46.0,49.0,51.0,54.0,55.0,57.0,62.0,71.0,inferred
Norwich,2021-09-27,44.5,53.0,57.0,59.0,61.0,64.0,66.0,70.0,73.0,75.0,77.0,83.0,94.0,inferred
Norwich,2021-09-28,43.0,51.0,56.0,57.0,59.0,62.0,65.0,68.0,71.0,73.0,75.0,81.0,91.0,inferred
Norwich,2021-09-29,45.5,52.0,57.0,59.0,61.0,64.0,67.0,70.0,73.0,75.0,77.0,83.0,91.0,inferred
Norwich,2021-09-30,43.0,51.0,55.0,57.0,58.0,61.0,64.0,67.0,70.0,72.0,75.0,80.1,90.0,inferred
Norwich,2021-10-01,38.0,44.0,49.0,51.0,53.0,56.0,59.0,61.0,64.0,66.0,68.0,74.0,82.0,inferred
Norwich,2021-10-02,32.0,38.0,42.0,44.0,45.0,48.0,50.0,53.0,56.0,58.0,59.0,64.0,73.0,inferred
Norwich,2021-10-03,33.0,39.0,44.0,45.0,47.0,50.0,52.0,55.0,58.0,60.0,61.0,66.0,73.5,inferred
Norwich,2021-10-04,48.0,55.0,60.0,62.0,64.0,67.0,70.0,73.0,77.0,79.0,81.0,87.0,96.0,inferred
Norwich,2021-10-05,47.0,54.0,59.0,61.0,62.0,66.0,69.0,73.0,75.0,77.0,79.0,86.0,95.0,inferred
Norwich,2021-10-06,50.5,57.0,63.0,65.0,67.0,70.0,73.0,76.0,79.0,81.0,83.2,90.0,99.0,inferred
Norwich,2021-10-07,51.0,58.0,62.0,64.0,66.0,69.0,72.0,75.0,80.0,82.0,84.0,90.0,99.5,inferred
Norwich,2021-10-08,47.0,55.0,60.0,62.0,64.0,67.0,70.0,73.0,76.0,78.0,80.0,87.0,95.0,inferred
Norwich,2021-10-09,41.0,48.0,52.0,54.0,56.0,59.0,62.0,65.0,68.0,70.0,72.0,77.0,86.5,inferred
Norwich,2021-10-10,45.0,53.0,57.0,59.0,60.0,64.0,67.0,70.0,74.0,75.0,77.0,84.0,93.0,inferred
Norwich,2021-10-11,69.0,78.0,83.0,85.0,87.0,91.0,94.0,98.0,103.0,106.0,108.0,115.0,127.0,inferred
Norwich,2021-10-12,66.0,75.0,81.0,83.0,85.0,89.0,93.0,96.0,101.0,103.0,106.0,113.0,124.5,inferred
Norwich,2021-10-13,69.5,78.0,84.0,86.0,88.0,93.0,97.0,100.0,105.0,107.0,109.0,116.0,127.5,inferred
Norwich,2021-10-14,66.0,75.0,82.0,84.0,86.0,91.0,94.0,98.0,101.0,103.0,106.0,112.0,125.0,inferred
Norwich,2021-10-15,61.0,69.0,74.8,77.0,79.0,83.0,86.0,90.0,94.0,97.0,100.0,106.1,119.0,inferred
Nottingham,2021-07-03,122.5,133.0,142.0,145.0,147.0,152.0,157.0,162.0,167.0,170.0,174.0,184.0,197.5,inferred
Nottingham,2021-07-04,138.0,151.0,158.0,160.8,164.0,169.0,174.0,180.0,185.0,188.0,193.0,203.0,215.0,inferred
Nottingham,2021-07-05,201.5,217.0,226.8,231.0,233.0,239.0,244.5,249.0,255.0,259.0,263.0,273.0,292.0,inferred
Nottingham,2021-07-06,194.5,209.0,219.0,223.0,226.0,233.0,239.0,244.0,250.0,253.2,257.0,268.0,284.5,inferred
Nottingham,2021-07-07,202.0,217.0,227.0,230.0,234.0,240.0,246.0,252.0,258.0,262.0,266.0,277.0,293.0,inferred
Nottingham,2021-07-08,205.0,218.0,228.0,233.0,236.0,242.0,248.0,254.0,260.0,264.0,267.0,277.0,293.0,inferred
Nottingham,2021-07-09,191.0,203.0,212.0,216.0,220.0,226.0,231.0,237.0,244.0,248.0,252.0,261.0,279.0,inferred
Nottingham,2021-07-10,167.0,181.0,189.0,193.0,196.0,201.0,207.0,211.0,218.0,222.0,226.0,237.0,254.5,inferred
Nottingham,2021-07-11,187.0,201.0,211.0,215.0,219.0,224.0,230.0,236.0,242.0,246.0,249.0,260.0,279.0,inferred
Nottingham,2021-07-12,272.5,290.0,301.0,306.0,310.0,318.0,325.0,333.0,342.0,346.0,352.0,363.0,383.5,inferred
Nottingham,2021-07-13,261.0,277.0,288.0,293.0,297.0,304.0,311.0,319.0,326.0,331.0,336.0,349.1,367.0,inferred
Nottingham,2021-07-14,257.0,272.0,285.0,289.0,293.0,299.0,306.0,313.0,321.0,325.0,330.0,344.0,365.5,inferred
Nottingham,2021-07-15,241.0,257.0,268.0,272.0,276.0,283.0,289.0,295.0,303.0,306.0,311.0,324.0,343.0,inferred
Nottingham,2021-07-16,208.0,221.9,231.0,235.0,238.7,245.0,251.0,257.0,264.0,269.0,273.0,283.1,303.5,inferred
Nottingham,2021-07-17,169.0,182.0,191.0,194.0,197.0,203.0,209.0,215.0,221.0,225.0,229.0,238.0,254.0,inferred
Nottingham,2021-07-18,173.0,187.0,197.0,201.0,204.0,210.0,215.0,221.0,227.0,230.0,235.0,246.0,263.0,inferred
Nottingham,2021-07-19,233.0,251.0,261.8,266.0,270.7,278.0,285.0,291.0,298.0,302.0,306.0,319.0,337.0,inferred
Nottingham,2021-07-20,209.0,227.0,237.0,241.0,244.0,251.0,258.0,265.0,272.0,275.0,279.0,289.0,310.0,inferred
Nottingham,2021-07-21,201.0,215.0,224.0,228.0,232.0,237.0,244.0,250.0,257.0,261.0,265.0,276.0,292.0,inferred
Nottingham,2021-07-22,179.0,193.0,202.0,206.0,210.0,216.0,222.0,228.0,234.0,239.0,242.0,254.0,272.0,inferred
Nottingham,2021-07-23,152.0,164.0,173.0,176.0,178.0,184.0,190.0,194.0,200.0,204.0,208.0,216.0,229.0,inferred
Nottingham,2021-07-24,119.0,130.0,138.0,140.0,143.0,148.0,153.0,158.0,163.0,166.0,169.0,177.0,189.0,inferred
Nottingham,2021-07-25,118.0,130.0,138.0,141.0,143.0,149.0,153.0,157.4,163.0,165.0,169.0,180.0,193.0,inferred
Nottingham,2021-07-26,156.5,169.0,178.0,181.0,185.0,191.6,197.0,202.0,208.0,211.0,216.0,226.0,243.0,inferred
Nottingham,2021-07-27,144.5,158.0,167.0,170.8,174.0,179.0,184.0,189.0,195.0,198.0,202.0,212.0,226.0,inferred
Nottingham,2021-07-28,146.0,160.0,169.0,172.0,175.0,181.0,186.0,192.0,197.0,200.0,204.0,214.0,230.0,inferred
Nottingham,2021-07-29,144.0,158.0,166.0,169.0,172.0,178.0,183.0,188.0,195.0,197.0,200.0,209.0,222.0,inferred
Nottingham,2021-07-30,129.0,141.0,150.0,153.0,155.0,161.0,166.0,171.0,176.3,180.2,184.0,192.0,206.0,inferred
Nottingham,2021-07-31,111.5,123.0,130.0,133.0,135.0,140.0,144.0,149.0,154.0,157.0,160.0,168.0,182.0,inferred
Nottingham,2021-08-01,120.0,132.0,141.0,144.0,146.0,151.0,156.0,161.0,166.0,169.0,173.0,183.0,198.5,inferred
Nottingham,2021-08-02,174.0,189.0,197.0,200.0,204.0,209.0,214.0,220.0,226.0,229.0,234.0,244.0,260.0,inferred
Nottingham,2021-08-03,161.0,176.0,186.0,189.0,193.0,198.0,203.0,209.0,215.0,219.0,223.0,233.0,250.0,inferred
Nottingham,2021-08-04,162.5,175.0,184.0,188.0,191.0,197.0,203.0,209.0,215.0,218.0,221.0,231.0,248.5,inferred
Nottingham,2021-08-05,157.0,169.0,177.0,180.0,183.0,188.0,193.5,199.0,206.0,209.0,214.0,225.0,239.0,inferred
Nottingham,2021-08-06,135.5,147.0,157.0,160.0,162.0,169.0,174.0,179.0,184.0,187.0,190.0,200.0,214.0,inferred
Nottingham,2021-08-07,113.0,125.0,132.0,135.0,138.0,143.0,147.0,152.0,158.0,161.0,164.0,172.0,186.0,inferred
Nottingham,2021-08-08,124.0,133.0,141.0,144.0,147.0,152.0,157.0,162.0,167.0,170.0,173.0,181.0,195.5,inferred
Nottingham,2021-08-09,169.0,182.0,193.0,196.0,199.0,206.0,211.0,217.0,222.0,226.0,230.0,241.0,257.0,inferred
Nottingham,2021-08-10,162.0,173.0,181.0,185.0,188.0,194.0,199.0,204.0,211.0,215.0,219.0,229.0,244.0,inferred
Nottingham,2021-08-11,157.0,173.0,180.0,184.0,187.0,193.0,198.0,203.0,209.0,212.0,216.0,227.0,245.0,inferred
Nottingham,2021-08-12,153.0,165.0,174.0,177.0,180.0,186.0,191.0,197.0,203.0,205.0,210.0,219.0,233.5,inferred
Nottingham,2021-08-13,133.0,147.0,156.0,158.0,161.0,166.0,171.0,176.0,182.0,185.0,188.0,197.0,210.0,inferred
Nottingham,2021-08-14,112.0,123.0,131.0,134.0,137.0,141.0,146.0,150.0,155.0,158.0,161.0,170.0,187.0,inferred
Nottingham,2021-08-15,121.0,132.0,140.0,143.0,145.0,150.0,155.0,160.0,164.0,166.0,170.0,179.0,194.0,inferred
Nottingham,2021-08-16,162.0,178.0,187.0,191.0,194.0,201.0,207.0,213.0,220.0,223.0,227.0,237.0,255.0,inferred
Nottingham,2021-08-17,156.0,169.0,178.0,182.0,185.0,190.0,195.0,202.0,207.0,211.0,215.0,224.0,240.0,inferred
Nottingham,2021-08-18,153.5,168.0,177.0,181.0,184.0,190.0,196.0,202.0,208.0,212.0,216.0,225.0,240.0,inferred
Nottingham,2021-08-19,150.0,162.0,171.0,175.0,177.0,183.0,188.0,193.0,199.0,202.0,205.0,215.1,232.0,inferred
Nottingham,2021-08-20,132.5,144.0,153.0,156.0,159.0,164.0,169.0,173.0,179.0,181.0,185.0,194.0,208.5,inferred
Nottingham,2021-08-21,109.5,120.9,128.0,131.0,133.0,138.0,142.5,147.0,152.0,155.0,158.0,166.0,182.0,inferred
Nottingham,2021-08-22,116.5,128.0,136.0,139.0,142.0,146.0,151.0,156.0,161.0,164.0,168.0,176.1,189.0,inferred
Nottingham,2021-08-23,161.5,176.0,185.0,189.0,191.7,197.0,202.0,208.0,215.0,218.2,222.0,233.0,246.0,inferred
Nottingham,2021-08-24,150.5,162.0,172.0,175.0,179.0,184.0,190.0,195.0,200.0,203.0,207.0,217.0,235.0,inferred
Nottingham,2021-08-25,146.0,159.9,167.0,171.0,175.0,180.0,186.0,192.0,197.0,201.0,204.0,214.0,229.0,inferred
Nottingham,2021-08-26,140.0,153.0,161.0,163.8,166.0,171.0,177.0,182.0,187.0,191.0,195.0,205.0,216.5,inferred
Nottingham,2021-08-27,121.0,134.0,142.0,145.0,147.7,152.0,158.0,162.4,168.0,171.0,174.0,183.0,195.5,inferred
Nottingham,2021-08-28,100.0,112.0,119.0,121.0,123.0,128.0,132.0,136.0,141.0,144.0,147.0,156.0,167.0,inferred
Nottingham,2021-08-29,107.0,117.0,124.0,127.0,129.0,134.0,138.0,143.0,148.0,152.0,154.0,163.0,176.5,inferred
Nottingham,2021-08-30,145.0,159.0,168.0,172.0,175.0,181.0,186.0,191.0,198.0,201.0,205.0,214.0,228.0,inferred
Nottingham,2021-08-31,139.0,149.0,157.0,160.0,163.0,168.0,173.0,178.0,184.0,187.0,190.0,200.0,217.0,inferred
Nottingham,2021-09-01,134.0,145.0,153.0,156.0,159.0,164.6,170.0,175.0,181.0,184.0,187.0,196.0,211.0,inferred
Nottingham,2021-09-02,126.0,136.0,144.0,148.0,151.0,156.0,161.0,166.0,171.0,174.0,178.0,187.0,204.0,inferred
Nottingham,2021-09-03,110.0,120.0,127.0,130.0,133.0,138.0,142.0,146.0,152.0,155.0,158.0,167.0,181.0,inferred
Nottingham,2021-09-04,88.0,98.0,105.0,108.0,110.0,115.0,119.0,122.0,127.0,130.0,133.0,141.0,154.0,inferred
Nottingham,2021-09-05,91.5,102.0,108.0,111.0,114.0,118.0,122.0,127.0,131.0,134.0,137.0,145.0,159.5,inferred
Nottingham,2021-09-06,126.0,137.9,145.0,148.0,151.0,156.0,162.0,167.4,173.0,176.0,180.0,190.0,204.5,inferred
Nottingham,2021-09-07,115.0,125.0,133.0,136.0,138.0,143.0,148.0,152.0,157.0,159.0,163.0,172.0,187.0,inferred
Nottingham,2021-09-08,105.0,117.0,126.0,128.0,130.0,135.0,139.0,143.0,149.0,152.0,156.0,165.0,180.5,inferred
Nottingham,2021-09-09,95.5,107.0,113.0,115.0,118.0,122.0,127.0,131.0,136.0,138.0,141.0,149.0,164.0,inferred
Nottingham,2021-09-10,77.0,87.0,94.0,97.0,99.0,104.0,107.0,111.0,115.0,118.0,121.0,129.0,141.0,inferred
Nottingham,2021-09-11,61.0,69.0,75.0,77.0,79.0,83.0,86.0,90.0,94.0,96.0,99.0,104.0,115.0,inferred
Nottingham,2021-09-12,61.0,70.0,76.0,78.0,80.0,83.0,87.0,90.0,94.0,96.0,98.0,104.0,117.0,inferred
Nottingham,2021-09-13,82.0,91.0,97.0,100.0,102.0,107.0,111.0,115.0,119.0,122.0,125.0,133.0,145.0,inferred
Nottingham,2021-09-14,75.5,85.0,92.0,94.0,96.0,101.0,105.0,110.0,115.0,117.0,120.0,127.0,140.0,inferred
Nottingham,2021-09-15,79.0,90.0,95.8,98.8,101.0,105.0,109.0,113.0,117.0,120.0,122.2,130.0,142.0,inferred
Nottingham,2021-09-16,81.0,90.9,97.0,99.0,102.0,106.0,111.0,115.0,119.0,122.0,124.0,132.0,144.0,inferred
Nottingham,2021-09-17,76.0,84.0,91.0,94.0,96.0,100.0,104.0,108.0,112.0,115.0,118.0,125.1,137.0,inferred
Nottingham,2021-09-18,66.0,75.0,81.0,83.0,85.0,88.0,92.0,96.0,100.0,102.2,105.0,111.1,121.0,inferred
Nottingham,2021-09-19,74.0,83.0,89.0,92.0,94.0,98.0,102.0,106.0,111.0,113.0,116.0,123.0,136.0,inferred
Nottingham,2021-09-20,109.5,122.0,129.0,132.0,135.0,140.0,144.0,149.0,155.0,158.0,160.0,169.0,186.0,inferred
Nottingham,2021-09-21,102.0,114.0,122.8,125.0,128.0,133.0,138.0,143.0,148.0,151.0,154.0,162.0,174.0,inferred
Nottingham,2021-09-22,101.5,112.0,119.0,122.0,125.0,130.0,135.0,139.0,144.3,147.0,151.0,159.0,174.0,inferred
Nottingham,2021-09-23,94.5,105.0,112.0,115.0,118.0,122.0,127.0,131.0,135.3,138.0,141.0,149.0,164.0,inferred
Nottingham,2021-09-24,82.0,91.0,99.0,102.0,103.0,107.0,111.0,115.0,119.0,122.0,124.2,132.0,143.0,inferred
Nottingham,2021-09-25,65.0,73.0,78.0,81.0,83.0,87.0,91.0,95.0,99.0,101.0,104.0,111.0,122.0,inferred
Nottingham,2021-09-26,68.0,77.0,83.0,85.0,87.0,91.0,95.0,100.0,104.0,107.0,109.0,116.0,127.5,inferred
Nottingham,2021-09-27,96.5,106.0,113.0,116.0,119.0,123.0,128.0,131.0,136.0,139.0,142.0,150.0,165.0,inferred
Nottingham,2021-09-28,90.0,100.0,106.0,109.0,112.0,116.0,120.0,124.0,129.0,132.0,135.0,142.0,155.0,inferred
Nottingham,2021-09-29,91.0,100.0,107.0,110.0,112.0,117.0,121.0,125.0,130.0,132.0,135.0,143.0,155.0,inferred
Nottingham,2021-09-30,89.0,98.0,105.0,108.0,110.0,114.0,118.0,123.0,127.0,129.2,133.0,140.0,155.5,inferred
Nottingham,2021-10-01,78.0,89.0,95.8,97.0,100.0,104.0,107.0,112.0,116.0,118.0,121.2,128.0,142.0,inferred
Nottingham,2021-10-02,66.0,75.0,81.0,83.0,86.0,89.0,93.0,97.0,101.0,103.0,106.0,112.0,123.0,inferred
Nottingham,2021-10-03,73.0,81.0,88.0,90.0,92.0,96.0,99.0,104.0,108.0,110.0,113.0,121.0,133.0,inferred
Nottingham,2021-10-04,103.0,115.0,122.0,125.0,128.0,133.0,138.0,143.0,147.0,149.2,153.0,160.0,177.5,inferred
Nottingham,2021-10-05,99.0,109.0,116.0,119.0,121.0,126.0,131.0,135.0,140.0,142.2,146.0,155.0,169.0,inferred
Nottingham,2021-10-06,100.5,111.0,119.0,122.0,125.0,129.0,133.0,137.4,142.0,145.0,149.0,157.0,171.0,inferred
Nottingham,2021-10-07,98.0,109.0,116.0,120.0,122.0,127.0,131.0,135.0,140.0,143.0,146.0,156.0,171.0,inferred
Nottingham,2021-10-08,90.0,99.0,105.0,108.0,110.0,114.0,118.0,123.0,127.0,130.0,133.0,141.0,154.0,inferred
Nottingham,2021-10-09,74.0,84.0,89.0,92.0,94.0,98.0,102.0,106.0,111.0,113.0,116.0,123.0,134.5,inferred
Nottingham,2021-10-10,81.0,91.0,97.0,100.0,101.7,106.0,110.0,114.0,119.0,121.0,124.0,131.0,142.0,inferred
Nottingham,2021-10-11,115.5,126.0,135.0,138.0,141.0,146.0,151.0,156.0,161.0,164.0,168.0,176.0,192.5,inferred
Nottingham,2021-10-12,107.0,119.0,128.0,131.0,133.0,138.0,142.0,148.0,153.0,155.2,159.0,166.0,181.0,inferred
Nottingham,2021-10-13,104.0,116.0,124.0,127.0,130.0,135.0,139.0,144.0,150.0,153.0,156.0,165.0,181.0,inferred
Nottingham,2021-10-14,96.0,109.0,116.0,119.0,122.0,128.0,132.0,137.0,142.0,145.0,149.0,157.0,172.0,inferred
Nottingham,2021-10-15,84.0,93.0,100.8,104.0,107.0,112.0,116.0,121.0,127.0,130.0,133.0,141.0,156.0,inferred
Nuneaton and Bedworth,2021-07-03,25.0,31.0,36.0,37.0,39.0,41.0,45.0,48.0,51.0,53.0,55.0,62.0,71.0,inferred
Nuneaton and Bedworth,2021-07-04,30.0,36.0,41.0,43.0,44.0,47.0,50.0,54.0,58.0,60.0,62.0,68.0,79.0,inferred
Nuneaton and Bedworth,2021-07-05,46.0,55.0,62.0,64.0,66.0,70.0,73.0,77.0,81.0,84.0,86.0,93.0,104.5,inferred
Nuneaton and Bedworth,2021-07-06,49.0,57.0,63.0,65.0,67.0,70.0,74.0,77.4,82.0,84.0,87.0,94.0,107.0,inferred
Nuneaton and Bedworth,2021-07-07,54.0,63.0,69.0,72.0,74.0,78.0,81.0,85.0,90.0,92.0,95.0,102.0,114.0,inferred
Nuneaton and Bedworth,2021-07-08,58.0,67.0,74.0,77.0,79.0,83.0,87.0,91.0,95.3,98.0,101.0,109.0,120.0,inferred
Nuneaton and Bedworth,2021-07-09,56.5,66.0,73.0,75.0,77.0,82.0,86.0,90.0,94.0,97.0,100.0,108.0,122.5,inferred
Nuneaton and Bedworth,2021-07-10,54.0,62.0,68.0,70.0,73.0,76.0,80.0,83.0,88.0,90.0,94.0,101.0,114.0,inferred
Nuneaton and Bedworth,2021-07-11,65.0,74.0,81.0,83.0,86.0,90.0,95.0,99.0,104.0,106.2,110.0,119.0,133.0,inferred
Nuneaton and Bedworth,2021-07-12,101.0,115.0,124.0,127.8,130.0,136.0,141.0,146.0,152.0,155.0,159.0,170.0,188.0,inferred
Nuneaton and Bedworth,2021-07-13,102.0,113.0,122.0,125.0,128.0,135.0,140.0,145.0,152.0,155.0,159.0,168.1,181.5,inferred
Nuneaton and Bedworth,2021-07-14,98.0,111.0,119.0,124.0,126.0,131.0,138.0,143.0,148.0,152.0,156.0,165.0,182.0,inferred
Nuneaton and Bedworth,2021-07-15,93.0,105.0,112.0,115.0,118.0,124.0,129.0,134.0,140.0,143.0,146.0,156.0,172.0,inferred
Nuneaton and Bedworth,2021-07-16,79.0,90.0,96.0,99.0,102.0,106.0,111.0,115.0,120.0,123.0,126.0,135.0,148.5,inferred
Nuneaton and Bedworth,2021-07-17,59.0,70.0,77.0,79.0,82.0,86.6,91.0,95.0,99.0,102.0,105.2,113.0,125.5,inferred
Nuneaton and Bedworth,2021-07-18,63.0,72.0,80.0,83.0,85.0,90.0,93.0,97.4,103.0,105.0,108.0,116.0,129.0,inferred
Nuneaton and Bedworth,2021-07-19,85.0,96.0,104.0,108.0,110.7,115.6,120.0,125.4,131.0,134.0,137.0,146.0,160.5,inferred
Nuneaton and Bedworth,2021-07-20,72.0,85.0,92.0,96.0,98.0,102.0,107.0,112.0,117.0,120.0,124.0,132.0,146.0,inferred
Nuneaton and Bedworth,2021-07-21,67.0,77.0,84.0,87.0,89.0,93.0,97.0,102.0,106.0,109.0,112.0,120.0,135.0,inferred
Nuneaton and Bedworth,2021-07-22,55.5,65.0,72.0,74.0,76.0,81.0,85.0,89.0,93.3,96.0,99.0,107.0,118.0,inferred
Nuneaton and Bedworth,2021-07-23,44.0,52.0,57.0,59.0,61.0,64.0,68.0,72.0,76.0,78.0,81.0,88.0,101.5,inferred
Nuneaton and Bedworth,2021-07-24,31.0,37.0,41.0,43.0,45.0,48.6,52.0,55.0,58.0,60.0,62.0,68.1,78.0,inferred
Nuneaton and Bedworth,2021-07-25,29.0,35.0,40.0,42.0,44.0,47.0,50.0,53.0,56.0,58.0,60.0,67.0,76.0,inferred
Nuneaton and Bedworth,2021-07-26,37.0,44.0,49.0,52.0,54.0,58.0,61.0,64.0,68.0,70.0,73.0,80.0,94.0,inferred
Nuneaton and Bedworth,2021-07-27,33.0,39.0,44.0,46.0,48.0,51.0,55.0,58.0,62.0,64.0,67.0,73.0,85.0,inferred
Nuneaton and Bedworth,2021-07-28,33.0,39.0,45.0,47.0,49.0,52.0,55.0,58.0,61.0,63.0,66.0,72.0,83.0,inferred
Nuneaton and Bedworth,2021-07-29,31.0,37.0,42.0,44.0,46.0,49.0,52.0,56.0,59.0,61.0,64.0,70.0,80.0,inferred
Nuneaton and Bedworth,2021-07-30,27.5,34.0,39.0,41.0,43.0,45.0,48.0,51.0,54.0,56.0,59.0,66.0,77.0,inferred
Nuneaton and Bedworth,2021-07-31,22.0,28.0,33.0,34.0,36.0,39.0,42.0,45.0,48.0,50.0,52.0,58.0,67.5,inferred
Nuneaton and Bedworth,2021-08-01,25.0,31.0,36.0,38.0,39.0,42.0,45.0,48.0,51.0,53.0,55.0,62.0,71.0,inferred
Nuneaton and Bedworth,2021-08-02,39.0,46.0,51.0,53.0,55.0,58.0,62.0,65.0,70.0,72.0,75.0,82.0,92.0,inferred
Nuneaton and Bedworth,2021-08-03,36.0,43.0,49.0,51.0,53.0,57.0,60.0,63.0,68.0,70.0,72.0,79.0,90.5,inferred
Nuneaton and Bedworth,2021-08-04,38.0,45.0,49.0,52.0,54.0,57.0,61.0,64.0,68.3,71.0,74.0,81.0,92.0,inferred
Nuneaton and Bedworth,2021-08-05,37.0,44.0,50.0,52.0,54.0,57.0,60.0,64.0,68.0,70.0,73.0,79.0,91.0,inferred
Nuneaton and Bedworth,2021-08-06,33.0,39.0,44.0,46.0,48.0,51.0,54.0,58.0,61.0,63.0,65.0,72.0,82.0,inferred
Nuneaton and Bedworth,2021-08-07,26.0,33.9,38.0,40.0,42.0,44.0,48.0,51.0,54.0,56.0,58.0,64.1,74.0,inferred
Nuneaton and Bedworth,2021-08-08,31.0,37.0,41.8,43.0,45.0,48.0,52.0,55.0,58.0,60.0,62.0,69.0,79.0,inferred
Nuneaton and Bedworth,2021-08-09,45.0,54.0,60.0,62.0,64.0,67.0,71.0,75.0,80.0,82.0,85.0,92.0,107.0,inferred
Nuneaton and Bedworth,2021-08-10,43.0,51.0,57.0,59.0,61.0,65.0,69.0,72.0,77.0,79.0,82.0,90.0,102.0,inferred
Nuneaton and Bedworth,2021-08-11,43.0,52.0,58.0,60.0,62.0,65.0,69.0,73.0,77.0,79.0,82.0,90.0,102.0,inferred
Nuneaton and Bedworth,2021-08-12,44.0,51.0,56.0,58.0,60.0,64.0,67.0,71.0,75.0,77.0,79.0,86.0,98.0,inferred
Nuneaton and Bedworth,2021-08-13,38.0,46.0,51.0,53.0,55.0,59.0,62.0,65.0,69.0,71.0,74.0,80.1,91.0,inferred
Nuneaton and Bedworth,2021-08-14,31.0,38.0,43.0,46.0,47.0,50.0,54.0,57.0,60.0,62.0,64.0,70.0,80.0,inferred
Nuneaton and Bedworth,2021-08-15,33.0,41.0,46.0,48.0,50.0,53.0,57.0,59.0,63.0,65.0,68.0,76.0,85.5,inferred
Nuneaton and Bedworth,2021-08-16,50.0,59.0,65.0,67.8,69.0,74.0,77.0,81.0,85.0,88.0,90.0,98.1,110.5,inferred
Nuneaton and Bedworth,2021-08-17,46.5,56.0,62.0,64.0,66.0,70.0,74.0,78.0,82.0,84.2,87.0,94.0,107.0,inferred
Nuneaton and Bedworth,2021-08-18,49.0,56.0,62.0,65.0,67.0,71.0,74.0,78.0,83.0,85.0,88.0,96.0,107.0,inferred
Nuneaton and Bedworth,2021-08-19,46.0,53.0,59.0,61.0,63.0,67.0,70.0,74.0,78.0,80.0,83.0,91.0,103.0,inferred
Nuneaton and Bedworth,2021-08-20,41.0,48.0,54.0,56.0,58.0,61.0,64.0,68.0,72.0,75.0,77.0,84.1,95.0,inferred
Nuneaton and Bedworth,2021-08-21,34.0,40.0,45.0,47.0,49.0,51.0,54.0,58.0,61.0,64.0,67.0,74.0,83.0,inferred
Nuneaton and Bedworth,2021-08-22,34.0,42.0,47.0,49.0,51.0,55.0,58.0,62.0,65.0,67.0,70.0,77.0,88.0,inferred
Nuneaton and Bedworth,2021-08-23,50.5,59.0,66.0,69.0,71.0,76.0,79.0,83.0,87.0,89.0,92.0,101.0,113.0,inferred
Nuneaton and Bedworth,2021-08-24,47.0,57.0,63.0,65.0,67.0,71.0,74.0,78.0,82.0,85.0,88.0,95.0,107.0,inferred
Nuneaton and Bedworth,2021-08-25,48.0,56.0,62.0,64.0,66.0,70.0,74.0,78.0,82.0,85.0,88.0,96.0,109.0,inferred
Nuneaton and Bedworth,2021-08-26,44.0,52.0,58.0,60.0,62.0,66.0,70.0,74.0,79.0,81.0,84.0,93.0,104.0,inferred
Nuneaton and Bedworth,2021-08-27,39.0,47.0,52.0,54.0,56.0,60.0,63.0,66.0,70.0,73.0,76.0,82.0,93.0,inferred
Nuneaton and Bedworth,2021-08-28,31.5,38.0,43.0,45.0,47.0,50.0,53.0,56.0,60.0,62.0,64.0,70.1,82.0,inferred
Nuneaton and Bedworth,2021-08-29,34.0,41.0,46.0,48.0,49.0,53.0,56.0,60.0,63.0,66.0,68.0,75.0,85.0,inferred
Nuneaton and Bedworth,2021-08-30,48.0,57.0,62.8,65.0,67.0,70.6,75.0,79.0,83.0,86.0,89.0,96.0,109.0,inferred
Nuneaton and Bedworth,2021-08-31,45.5,55.0,60.0,62.0,64.7,68.0,72.0,76.0,80.3,83.0,85.0,92.0,106.0,inferred
Nuneaton and Bedworth,2021-09-01,49.0,56.0,63.0,65.0,67.0,71.0,74.0,78.0,83.0,85.0,87.0,96.0,107.0,inferred
Nuneaton and Bedworth,2021-09-02,48.0,57.0,63.8,66.0,68.0,72.0,76.0,80.0,84.0,86.0,89.0,96.0,110.0,inferred
Nuneaton and Bedworth,2021-09-03,45.5,53.0,59.0,61.0,64.0,68.0,71.0,75.0,80.0,82.0,84.0,91.0,100.0,inferred
Nuneaton and Bedworth,2021-09-04,39.0,47.0,52.0,55.0,56.0,60.0,63.0,67.0,70.0,73.0,76.0,83.0,95.0,inferred
Nuneaton and Bedworth,2021-09-05,45.0,52.9,57.8,60.0,62.0,66.0,69.0,73.0,77.0,80.0,82.0,89.0,101.0,inferred
Nuneaton and Bedworth,2021-09-06,66.0,77.0,83.0,86.0,89.0,93.0,98.0,102.0,107.0,109.0,112.0,121.0,133.0,inferred
Nuneaton and Bedworth,2021-09-07,62.5,73.0,79.0,82.0,84.0,88.0,92.0,96.0,101.0,103.0,107.0,115.0,129.0,inferred
Nuneaton and Bedworth,2021-09-08,59.0,70.0,76.0,79.0,82.0,87.0,91.0,95.0,99.0,103.0,105.0,114.0,128.0,inferred
Nuneaton and Bedworth,2021-09-09,55.0,64.0,71.0,73.0,75.0,80.0,83.0,87.0,92.0,94.0,97.0,105.0,116.0,inferred
Nuneaton and Bedworth,2021-09-10,46.5,55.9,61.0,63.0,65.0,69.0,73.0,77.0,81.0,84.0,86.0,93.0,105.0,inferred
Nuneaton and Bedworth,2021-09-11,37.0,44.0,49.0,51.0,53.0,56.0,59.0,63.0,67.0,69.0,72.0,79.0,90.0,inferred
Nuneaton and Bedworth,2021-09-12,38.0,47.0,51.0,54.0,55.0,59.0,62.0,65.0,69.0,71.0,74.0,81.0,90.0,inferred
Nuneaton and Bedworth,2021-09-13,53.0,62.0,68.0,70.0,73.0,77.0,82.0,85.0,90.0,92.0,95.0,103.0,116.0,inferred
Nuneaton and Bedworth,2021-09-14,50.0,59.0,65.0,68.0,70.0,74.0,78.0,82.0,86.0,89.0,92.0,100.0,112.0,inferred
Nuneaton and Bedworth,2021-09-15,56.0,64.0,69.0,72.0,74.0,78.0,82.0,86.0,91.0,94.0,97.0,105.0,118.0,inferred
Nuneaton and Bedworth,2021-09-16,55.5,65.0,72.0,74.0,77.0,81.0,85.0,90.0,94.0,97.0,100.0,108.0,123.0,inferred
Nuneaton and Bedworth,2021-09-17,54.0,63.0,69.0,71.0,73.0,78.0,82.0,86.0,90.0,93.0,96.0,103.0,115.0,inferred
Nuneaton and Bedworth,2021-09-18,48.0,57.0,63.0,65.0,67.0,70.0,74.0,78.0,82.0,85.0,88.0,96.0,106.0,inferred
Nuneaton and Bedworth,2021-09-19,55.0,65.0,71.0,74.0,76.0,80.0,85.0,88.4,93.0,96.0,99.0,106.0,119.0,inferred
Nuneaton and Bedworth,2021-09-20,83.0,97.0,104.0,107.0,111.0,116.0,121.0,126.0,132.0,135.0,138.2,147.1,164.0,inferred
Nuneaton and Bedworth,2021-09-21,81.0,94.0,102.0,105.0,108.0,114.0,119.0,123.0,129.0,132.0,136.0,145.0,159.5,inferred
Nuneaton and Bedworth,2021-09-22,85.0,96.0,104.0,107.0,110.0,115.0,119.0,124.0,130.0,133.0,136.0,145.0,160.0,inferred
Nuneaton and Bedworth,2021-09-23,83.5,95.0,102.0,105.0,107.0,112.0,118.0,122.0,128.0,130.0,133.0,142.0,159.0,inferred
Nuneaton and Bedworth,2021-09-24,74.0,85.0,92.0,95.0,97.0,101.0,106.0,110.0,115.0,118.0,121.0,129.0,141.0,inferred
Nuneaton and Bedworth,2021-09-25,61.5,71.0,78.0,81.0,84.0,87.6,91.0,96.0,100.0,103.0,105.0,113.0,125.0,inferred
Nuneaton and Bedworth,2021-09-26,69.0,78.0,85.0,88.0,90.0,95.0,99.0,103.0,108.0,111.0,114.0,123.0,136.5,inferred
Nuneaton and Bedworth,2021-09-27,95.5,110.0,118.0,121.0,124.0,129.0,135.0,140.0,146.0,150.0,154.0,163.0,179.5,inferred
Nuneaton and Bedworth,2021-09-28,95.0,106.0,114.0,117.0,120.0,125.0,130.0,135.0,140.0,143.0,147.0,156.1,173.0,inferred
Nuneaton and Bedworth,2021-09-29,95.0,108.0,116.0,120.0,122.0,127.0,133.0,137.0,143.0,146.0,149.0,159.0,174.0,inferred
Nuneaton and Bedworth,2021-09-30,92.5,106.0,113.0,116.0,119.0,124.0,128.0,133.0,139.0,142.0,145.0,155.0,170.0,inferred
Nuneaton and Bedworth,2021-10-01,83.5,96.0,103.0,106.0,108.7,113.0,118.0,122.0,127.0,130.2,134.0,144.0,156.5,inferred
Nuneaton and Bedworth,2021-10-02,70.0,80.0,88.0,91.0,93.0,98.0,102.0,107.0,111.0,114.0,117.0,125.0,139.0,inferred
Nuneaton and Bedworth,2021-10-03,78.0,88.9,96.0,99.8,103.0,107.0,112.0,116.0,120.3,124.0,127.0,137.0,150.5,inferred
Nuneaton and Bedworth,2021-10-04,111.5,125.9,135.0,138.0,141.0,146.0,152.0,157.0,164.0,167.0,171.0,182.0,200.0,inferred
Nuneaton and Bedworth,2021-10-05,104.0,118.0,126.0,129.0,132.0,138.0,143.0,149.4,156.0,160.0,163.0,173.0,188.0,inferred
Nuneaton and Bedworth,2021-10-06,104.0,118.0,126.0,129.0,132.0,138.0,143.0,148.0,154.0,157.0,161.0,171.0,187.0,inferred
Nuneaton and Bedworth,2021-10-07,102.0,114.0,121.0,125.0,128.0,133.0,138.0,144.0,150.0,153.0,156.0,166.0,181.0,inferred
Nuneaton and Bedworth,2021-10-08,88.0,100.9,108.0,111.0,114.0,118.0,123.0,128.0,134.0,136.0,140.0,149.0,165.0,inferred
Nuneaton and Bedworth,2021-10-09,73.0,85.0,91.0,94.0,97.0,101.0,105.0,109.0,114.0,117.0,120.0,128.0,144.0,inferred
Nuneaton and Bedworth,2021-10-10,77.0,88.0,95.0,99.0,101.0,106.0,111.0,115.0,121.0,124.0,127.0,137.0,152.5,inferred
Nuneaton and Bedworth,2021-10-11,111.0,123.9,132.0,135.0,138.0,144.0,149.0,156.0,162.0,165.0,169.0,180.0,198.0,inferred
Nuneaton and Bedworth,2021-10-12,103.0,115.0,124.0,128.0,131.0,135.0,141.0,146.0,152.0,155.0,159.0,169.0,187.0,inferred
Nuneaton and Bedworth,2021-10-13,97.0,112.0,120.0,124.0,126.0,132.0,138.0,143.0,149.0,153.0,157.0,167.0,182.0,inferred
Nuneaton and Bedworth,2021-10-14,92.0,104.0,113.0,117.0,119.0,124.0,129.0,134.0,139.0,142.0,146.0,157.0,174.0,inferred
Nuneaton and Bedworth,2021-10-15,77.5,90.0,98.0,101.0,104.0,109.0,114.0,120.0,126.0,128.0,132.0,141.0,156.0,inferred
Oadby and Wigston,2021-07-03,6.0,9.0,11.0,11.0,12.0,13.0,14.0,16.0,17.0,18.0,19.0,21.0,25.0,inferred
Oadby and Wigston,2021-07-04,8.0,10.0,12.0,13.0,13.0,15.0,16.0,18.0,19.0,20.0,21.0,24.0,28.0,inferred
Oadby and Wigston,2021-07-05,12.0,15.0,18.0,19.0,20.0,21.0,23.0,24.0,26.0,27.0,28.0,31.0,37.0,inferred
Oadby and Wigston,2021-07-06,12.0,15.0,17.0,18.0,19.0,20.0,22.0,24.0,26.0,27.0,28.0,31.0,35.0,inferred
Oadby and Wigston,2021-07-07,12.0,16.0,18.0,19.0,20.0,22.0,23.0,25.0,27.0,28.0,29.0,31.1,37.0,inferred
Oadby and Wigston,2021-07-08,13.0,16.9,19.0,20.0,21.0,22.0,24.0,25.0,27.0,29.0,30.0,33.0,38.5,inferred
Oadby and Wigston,2021-07-09,12.0,15.0,18.0,19.0,20.0,21.0,23.0,24.0,26.0,27.0,28.0,31.0,36.5,inferred
Oadby and Wigston,2021-07-10,11.0,14.0,16.0,17.0,18.0,19.0,21.0,22.0,24.0,25.0,26.0,29.0,34.5,inferred
Oadby and Wigston,2021-07-11,13.0,16.0,19.0,19.0,20.0,22.0,24.0,25.0,27.0,28.0,29.0,32.0,37.0,inferred
Oadby and Wigston,2021-07-12,20.0,24.0,28.0,29.0,30.0,32.0,34.0,36.0,38.0,39.0,41.0,44.0,50.0,inferred
Oadby and Wigston,2021-07-13,19.0,25.0,27.0,28.0,30.0,32.0,34.0,36.0,38.0,39.0,40.0,44.0,51.0,inferred
Oadby and Wigston,2021-07-14,20.0,24.0,27.0,28.8,30.0,32.0,34.0,36.0,38.0,39.0,40.0,44.0,50.0,inferred
Oadby and Wigston,2021-07-15,19.0,23.0,26.0,28.0,29.0,31.0,33.0,34.0,36.3,38.0,39.0,43.0,49.0,inferred
Oadby and Wigston,2021-07-16,16.0,20.0,24.0,24.0,25.0,27.0,29.0,30.0,32.0,34.0,35.0,39.0,44.0,inferred
Oadby and Wigston,2021-07-17,13.0,16.0,19.0,20.0,21.0,23.0,24.0,26.0,28.0,29.0,30.0,34.0,39.0,inferred
Oadby and Wigston,2021-07-18,14.0,18.0,20.0,21.0,22.0,24.0,26.0,27.0,29.0,30.0,31.0,34.1,40.5,inferred
Oadby and Wigston,2021-07-19,21.0,25.0,27.0,29.0,30.0,32.0,34.0,36.0,38.0,39.0,41.0,45.0,52.0,inferred
Oadby and Wigston,2021-07-20,17.0,22.0,25.0,26.0,27.0,29.0,31.0,33.0,35.0,36.0,38.0,42.0,48.0,inferred
Oadby and Wigston,2021-07-21,17.0,21.0,24.0,25.0,26.0,28.0,30.0,32.0,34.0,35.0,36.0,39.0,45.0,inferred
Oadby and Wigston,2021-07-22,15.0,19.0,21.0,23.0,23.0,25.0,27.0,29.0,30.0,32.0,33.0,36.0,42.0,inferred
Oadby and Wigston,2021-07-23,12.0,15.0,18.0,18.0,19.0,21.0,22.0,24.0,26.0,27.0,28.0,31.0,36.0,inferred
Oadby and Wigston,2021-07-24,9.0,11.0,14.0,14.0,15.0,17.0,18.0,19.0,21.0,22.0,23.0,26.0,30.0,inferred
Oadby and Wigston,2021-07-25,9.0,12.0,14.0,15.0,15.0,17.0,18.0,20.0,21.0,22.0,23.2,26.1,30.0,inferred
Oadby and Wigston,2021-07-26,12.0,16.0,18.0,19.0,20.0,22.0,23.0,25.0,27.0,28.0,29.0,32.0,37.0,inferred
Oadby and Wigston,2021-07-27,12.0,15.0,17.0,18.0,19.0,21.0,22.0,24.0,26.0,27.0,28.0,31.0,36.0,inferred
Oadby and Wigston,2021-07-28,13.0,16.0,18.0,19.0,20.0,22.0,23.0,25.0,27.0,28.0,29.0,32.0,37.0,inferred
Oadby and Wigston,2021-07-29,13.0,16.0,18.8,19.8,20.0,22.0,24.0,25.0,27.0,28.0,29.0,33.0,38.0,inferred
Oadby and Wigston,2021-07-30,12.0,15.0,18.0,19.0,19.0,21.0,22.0,24.0,26.0,27.0,28.0,31.0,36.0,inferred
Oadby and Wigston,2021-07-31,10.0,13.0,15.0,16.0,17.0,19.0,20.0,22.0,23.0,24.0,25.0,29.0,34.0,inferred
Oadby and Wigston,2021-08-01,11.5,15.0,18.0,18.0,19.0,21.0,23.0,24.0,26.0,27.0,28.0,31.0,37.0,inferred
Oadby and Wigston,2021-08-02,19.0,23.0,26.0,27.0,28.0,30.0,32.0,34.0,36.0,37.0,39.0,42.0,48.0,inferred
Oadby and Wigston,2021-08-03,18.0,22.0,25.0,26.0,27.0,29.0,31.0,33.0,35.0,36.0,38.0,42.0,48.0,inferred
Oadby and Wigston,2021-08-04,19.0,23.0,27.0,28.0,29.0,31.0,33.0,35.0,37.0,38.0,40.0,43.0,50.0,inferred
Oadby and Wigston,2021-08-05,18.0,23.0,26.0,27.0,28.0,29.0,32.0,33.4,36.0,37.0,38.0,42.0,47.0,inferred
Oadby and Wigston,2021-08-06,17.0,21.0,23.0,25.0,26.0,27.0,29.0,31.0,33.0,34.0,36.0,39.0,46.0,inferred
Oadby and Wigston,2021-08-07,14.0,18.0,20.0,21.0,22.0,24.0,25.0,27.0,29.0,30.0,31.0,35.0,40.0,inferred
Oadby and Wigston,2021-08-08,15.0,19.0,22.0,23.0,24.0,25.0,27.0,29.0,31.0,32.0,33.0,37.0,43.0,inferred
Oadby and Wigston,2021-08-09,22.5,28.0,31.0,32.0,33.0,35.0,37.0,39.0,42.0,43.0,44.0,48.0,54.5,inferred
Oadby and Wigston,2021-08-10,22.0,26.0,29.0,31.0,32.0,34.0,36.0,38.0,40.0,42.0,43.0,47.0,54.0,inferred
Oadby and Wigston,2021-08-11,21.0,26.0,29.0,30.0,32.0,34.0,36.0,38.0,40.0,41.0,42.0,46.0,53.0,inferred
Oadby and Wigston,2021-08-12,21.0,26.0,29.0,30.0,31.0,33.0,35.0,37.0,39.0,41.0,42.0,46.0,52.0,inferred
Oadby and Wigston,2021-08-13,18.0,22.9,26.0,27.0,28.0,30.0,32.0,34.0,36.0,37.0,38.0,42.0,48.0,inferred
Oadby and Wigston,2021-08-14,15.0,19.0,22.0,23.0,24.0,25.0,27.0,29.0,31.0,32.0,33.0,36.0,41.0,inferred
Oadby and Wigston,2021-08-15,17.0,21.0,24.0,25.0,26.0,27.0,29.0,31.0,33.0,34.0,36.0,39.0,44.0,inferred
Oadby and Wigston,2021-08-16,24.0,29.0,32.0,34.0,35.0,37.0,39.0,41.0,44.0,45.0,47.0,51.0,59.0,inferred
Oadby and Wigston,2021-08-17,23.0,27.9,31.0,33.0,34.0,36.0,38.0,40.0,42.0,44.0,45.0,50.0,57.0,inferred
Oadby and Wigston,2021-08-18,23.0,28.0,31.0,33.0,34.0,36.0,38.0,40.0,42.0,43.0,45.0,49.0,54.0,inferred
Oadby and Wigston,2021-08-19,22.0,27.0,30.0,31.0,32.0,35.0,37.0,39.0,41.0,42.0,43.2,48.0,54.0,inferred
Oadby and Wigston,2021-08-20,19.0,24.0,27.0,28.0,29.0,31.0,32.0,34.0,37.0,38.0,39.0,43.0,48.0,inferred
Oadby and Wigston,2021-08-21,15.0,20.0,22.0,24.0,25.0,26.0,28.0,30.0,32.0,33.0,35.0,38.0,43.0,inferred
Oadby and Wigston,2021-08-22,17.0,22.0,24.0,25.0,26.0,28.0,30.0,31.4,34.0,34.0,36.0,40.0,46.0,inferred
Oadby and Wigston,2021-08-23,25.0,30.0,34.0,35.0,36.0,38.0,41.0,43.0,45.0,46.0,48.0,52.1,58.5,inferred
Oadby and Wigston,2021-08-24,25.0,29.0,32.0,33.0,34.0,36.0,38.0,40.0,42.0,44.0,45.0,49.0,55.5,inferred
Oadby and Wigston,2021-08-25,23.0,27.0,30.0,32.0,33.0,35.0,37.0,39.0,41.0,43.0,44.0,48.0,54.0,inferred
Oadby and Wigston,2021-08-26,21.5,26.0,29.0,30.0,31.0,33.0,35.0,37.0,40.0,41.0,42.0,46.0,52.5,inferred
Oadby and Wigston,2021-08-27,18.0,23.0,26.0,27.0,28.0,30.0,32.0,34.0,36.0,37.0,39.0,42.0,47.0,inferred
Oadby and Wigston,2021-08-28,15.0,19.0,21.0,22.0,23.0,25.0,27.0,28.0,30.0,31.0,33.0,36.0,41.0,inferred
Oadby and Wigston,2021-08-29,15.0,19.0,22.0,23.0,24.0,26.0,28.0,30.0,32.0,33.0,34.0,37.1,43.0,inferred
Oadby and Wigston,2021-08-30,22.0,27.0,30.0,31.0,33.0,35.0,37.0,39.0,41.0,43.0,44.0,49.0,55.0,inferred
Oadby and Wigston,2021-08-31,21.0,25.9,28.0,30.0,31.0,33.0,35.0,37.0,39.0,41.0,42.0,46.0,52.0,inferred
Oadby and Wigston,2021-09-01,22.0,27.0,30.0,31.0,32.0,34.0,36.0,38.0,41.0,42.0,44.0,48.0,54.0,inferred
Oadby and Wigston,2021-09-02,22.0,26.0,29.0,31.0,32.0,34.0,36.0,38.0,40.0,42.0,43.0,47.0,54.0,inferred
Oadby and Wigston,2021-09-03,21.0,25.0,27.0,29.0,30.0,32.0,34.0,36.0,38.0,39.0,40.0,44.0,51.0,inferred
Oadby and Wigston,2021-09-04,17.0,21.0,24.0,25.0,26.0,28.0,30.0,32.0,34.0,35.0,36.0,40.0,46.0,inferred
Oadby and Wigston,2021-09-05,19.0,23.0,26.0,28.0,29.0,30.0,32.0,34.0,36.0,38.0,39.0,43.0,49.0,inferred
Oadby and Wigston,2021-09-06,28.0,34.0,38.0,39.0,40.0,43.0,45.0,47.4,50.0,52.0,53.0,58.0,64.0,inferred
Oadby and Wigston,2021-09-07,27.0,31.0,35.0,36.0,38.0,40.0,42.0,44.0,47.0,48.0,50.0,54.0,60.5,inferred
Oadby and Wigston,2021-09-08,25.0,30.0,33.0,35.0,36.0,38.0,40.0,42.0,45.0,46.0,47.0,51.0,58.0,inferred
Oadby and Wigston,2021-09-09,23.0,27.0,30.0,32.0,33.0,35.0,37.0,39.0,41.0,42.0,44.0,48.0,54.0,inferred
Oadby and Wigston,2021-09-10,19.0,23.0,26.0,27.0,28.0,30.0,31.0,33.0,35.0,36.0,38.0,42.0,49.0,inferred
Oadby and Wigston,2021-09-11,14.0,18.0,20.0,21.0,22.0,24.0,25.0,27.0,29.0,30.0,31.0,34.0,39.5,inferred
Oadby and Wigston,2021-09-12,14.0,18.0,20.0,21.0,22.0,24.0,26.0,27.4,30.0,31.0,32.0,36.0,41.0,inferred
Oadby and Wigston,2021-09-13,20.0,25.0,28.0,29.0,30.0,32.0,34.0,36.0,38.0,39.0,41.0,45.0,52.0,inferred
Oadby and Wigston,2021-09-14,19.0,23.0,26.0,27.0,28.0,30.0,32.0,34.0,36.0,37.0,38.0,42.0,48.0,inferred
Oadby and Wigston,2021-09-15,19.0,23.0,27.0,28.0,29.0,31.0,32.0,34.0,37.0,38.0,39.2,43.0,48.0,inferred
Oadby and Wigston,2021-09-16,19.0,23.0,26.0,27.0,29.0,30.0,33.0,34.0,37.0,38.0,39.0,43.0,49.0,inferred
Oadby and Wigston,2021-09-17,17.0,22.0,24.0,25.0,26.0,28.0,30.0,32.0,34.0,36.0,37.0,40.0,47.0,inferred
Oadby and Wigston,2021-09-18,15.0,18.0,21.0,22.0,23.0,25.0,26.0,28.0,30.0,31.0,32.0,36.0,41.0,inferred
Oadby and Wigston,2021-09-19,16.0,20.0,23.0,24.0,25.0,27.0,28.0,30.0,32.0,33.0,35.0,38.0,44.0,inferred
Oadby and Wigston,2021-09-20,26.0,30.0,33.0,34.0,35.0,38.0,40.0,42.0,44.0,45.0,47.0,52.0,58.0,inferred
Oadby and Wigston,2021-09-21,23.0,28.0,31.0,33.0,34.0,36.0,38.0,40.0,43.0,44.0,45.0,49.1,56.5,inferred
Oadby and Wigston,2021-09-22,23.0,28.0,31.0,32.8,34.0,36.0,38.0,40.0,42.0,43.0,45.0,48.0,56.0,inferred
Oadby and Wigston,2021-09-23,22.0,27.0,30.0,31.0,33.0,35.0,37.0,39.0,41.0,42.0,44.0,48.0,55.0,inferred
Oadby and Wigston,2021-09-24,19.0,23.0,26.0,28.0,29.0,31.0,32.0,34.0,36.0,38.0,39.0,43.0,49.0,inferred
Oadby and Wigston,2021-09-25,16.0,19.0,22.0,23.0,24.0,26.0,28.0,30.0,32.0,33.0,34.0,38.0,42.0,inferred
Oadby and Wigston,2021-09-26,17.0,21.0,24.0,25.0,26.0,28.0,30.0,32.0,34.0,35.0,36.2,40.0,47.0,inferred
Oadby and Wigston,2021-09-27,25.0,31.0,34.0,35.0,36.0,39.0,41.0,43.0,45.0,47.0,48.0,53.0,59.0,inferred
Oadby and Wigston,2021-09-28,24.0,29.0,33.0,34.0,35.0,37.0,39.0,41.0,44.0,45.0,47.0,51.0,57.0,inferred
Oadby and Wigston,2021-09-29,25.0,30.0,33.0,35.0,36.0,38.0,40.0,43.0,45.0,46.0,48.0,52.0,58.0,inferred
Oadby and Wigston,2021-09-30,25.0,30.0,33.0,35.0,36.0,38.0,40.0,42.0,44.0,45.0,47.0,51.0,57.0,inferred
Oadby and Wigston,2021-10-01,22.5,27.0,30.0,31.0,33.0,35.0,37.0,38.0,40.0,42.0,43.0,47.0,53.0,inferred
Oadby and Wigston,2021-10-02,19.0,23.0,26.0,27.0,28.0,30.0,31.0,33.0,35.0,36.0,38.0,41.0,47.0,inferred
Oadby and Wigston,2021-10-03,21.0,25.0,28.0,29.0,30.0,32.0,34.0,36.0,39.0,40.0,42.0,45.1,52.0,inferred
Oadby and Wigston,2021-10-04,30.5,36.0,40.0,41.0,43.0,45.0,47.0,50.0,52.0,53.0,55.0,59.0,67.0,inferred
Oadby and Wigston,2021-10-05,29.0,34.0,38.0,39.0,41.0,43.0,46.0,48.0,51.0,52.0,53.0,58.0,64.0,inferred
Oadby and Wigston,2021-10-06,29.0,35.0,38.0,40.0,41.0,43.0,46.0,48.0,50.0,52.0,53.0,57.1,65.0,inferred
Oadby and Wigston,2021-10-07,30.0,34.0,37.0,39.0,40.0,43.0,45.0,47.0,50.0,51.0,53.0,58.0,66.0,inferred
Oadby and Wigston,2021-10-08,26.0,31.0,34.0,36.0,37.0,39.0,41.0,43.0,46.0,47.0,49.0,53.0,60.0,inferred
Oadby and Wigston,2021-10-09,22.0,27.0,30.0,31.0,32.0,34.0,36.0,38.0,40.0,41.0,43.0,47.0,53.0,inferred
Oadby and Wigston,2021-10-10,25.0,29.0,33.0,34.0,35.0,37.0,39.0,41.0,44.0,45.0,47.0,50.0,57.0,inferred
Oadby and Wigston,2021-10-11,35.5,41.0,45.0,47.0,48.0,51.0,54.0,56.0,59.0,61.0,63.0,67.0,75.0,inferred
Oadby and Wigston,2021-10-12,33.0,39.0,43.0,44.0,46.0,48.0,51.0,53.0,56.0,57.0,59.0,64.0,71.0,inferred
Oadby and Wigston,2021-10-13,32.0,39.0,42.0,44.0,45.0,48.0,50.0,52.0,55.0,56.0,58.0,63.0,70.0,inferred
Oadby and Wigston,2021-10-14,31.0,36.0,40.0,42.0,43.0,46.0,48.0,51.0,53.0,55.0,56.0,61.0,68.0,inferred
Oadby and Wigston,2021-10-15,26.0,31.0,35.0,36.0,38.0,40.0,42.0,45.0,47.0,49.0,50.0,55.0,62.0,inferred
Oldham,2021-07-03,112.0,125.0,135.0,139.0,143.0,149.0,155.0,161.0,168.0,172.0,176.0,187.0,202.0,inferred
Oldham,2021-07-04,127.0,141.0,150.0,154.0,158.0,165.0,172.0,179.0,186.0,191.0,195.0,207.0,229.0,inferred
Oldham,2021-07-05,192.5,210.0,222.0,227.0,230.0,238.0,245.0,253.0,261.0,265.0,271.0,285.0,312.0,inferred
Oldham,2021-07-06,185.5,203.9,216.0,220.0,224.0,231.0,238.0,247.0,255.0,259.2,265.0,278.0,300.0,inferred
Oldham,2021-07-07,191.0,211.0,222.0,227.0,232.0,240.0,248.0,255.0,264.0,269.0,275.0,289.0,307.5,inferred
Oldham,2021-07-08,190.0,211.0,223.0,227.0,231.0,240.0,247.0,255.0,263.0,268.0,273.2,290.1,313.0,inferred
Oldham,2021-07-09,170.5,187.9,200.0,205.0,209.0,217.0,224.0,232.0,240.0,244.0,250.0,266.0,286.5,inferred
Oldham,2021-07-10,145.0,162.0,173.0,177.0,182.0,189.0,195.0,202.0,210.0,215.0,219.0,232.0,252.0,inferred
Oldham,2021-07-11,164.0,179.0,190.0,195.0,198.0,207.0,215.0,223.0,231.0,235.2,240.0,253.0,277.0,inferred
Oldham,2021-07-12,244.0,269.0,282.0,287.0,291.7,300.0,308.0,318.0,328.0,333.0,340.0,358.0,381.0,inferred
Oldham,2021-07-13,230.0,250.9,264.0,269.0,275.0,285.0,294.0,303.0,312.0,317.0,323.0,337.0,365.0,inferred
Oldham,2021-07-14,226.0,247.0,261.0,266.0,270.0,278.0,287.0,295.0,305.0,310.0,315.0,332.1,356.0,inferred
Oldham,2021-07-15,210.0,229.0,242.0,246.0,250.0,259.0,267.0,275.0,284.0,289.0,294.0,310.0,337.0,inferred
Oldham,2021-07-16,173.5,192.0,203.0,207.8,211.0,219.0,225.0,233.0,241.0,246.0,251.0,267.0,294.5,inferred
Oldham,2021-07-17,136.5,151.0,162.0,166.0,169.0,176.6,183.0,190.0,197.0,201.0,206.0,219.0,236.5,inferred
Oldham,2021-07-18,137.0,154.0,165.0,169.0,172.0,180.0,186.0,193.0,201.0,204.0,209.0,222.0,242.0,inferred
Oldham,2021-07-19,189.5,211.0,222.0,227.0,231.0,239.0,247.0,254.0,264.0,269.0,274.0,289.0,314.0,inferred
Oldham,2021-07-20,164.5,184.0,195.0,200.0,204.0,211.0,218.0,226.0,234.0,237.2,243.0,257.1,281.0,inferred
Oldham,2021-07-21,151.0,171.0,181.0,185.0,190.0,197.0,203.0,211.0,218.3,224.0,228.0,242.0,263.5,inferred
Oldham,2021-07-22,132.5,146.9,159.0,163.0,167.0,172.0,179.0,185.0,192.0,196.0,200.2,213.0,232.5,inferred
Oldham,2021-07-23,103.5,116.0,126.0,129.0,132.0,139.0,145.0,150.0,157.0,161.0,164.0,175.0,190.0,inferred
Oldham,2021-07-24,74.5,85.9,94.0,97.8,101.0,106.0,111.0,116.0,121.0,125.0,128.0,139.0,155.5,inferred
Oldham,2021-07-25,70.5,82.0,90.0,93.0,96.0,101.0,106.0,112.0,118.0,121.0,125.0,134.0,151.0,inferred
Oldham,2021-07-26,95.0,109.0,117.0,121.0,125.0,131.0,136.0,142.0,149.0,153.0,157.0,168.0,187.0,inferred
Oldham,2021-07-27,84.0,96.9,105.0,108.0,111.0,117.0,122.0,127.0,134.0,137.0,141.0,152.0,169.0,inferred
Oldham,2021-07-28,85.0,97.0,105.0,108.0,112.0,117.0,122.0,128.0,134.0,138.0,141.0,152.0,169.5,inferred
Oldham,2021-07-29,80.0,92.0,101.0,104.0,107.0,114.0,118.0,123.4,130.0,133.0,137.0,147.0,163.5,inferred
Oldham,2021-07-30,70.0,82.0,90.0,93.0,96.0,101.0,106.0,111.0,116.0,119.0,122.0,132.0,146.5,inferred
Oldham,2021-07-31,58.0,67.0,74.0,76.8,79.0,84.0,89.0,93.0,98.0,101.0,105.0,114.0,126.0,inferred
Oldham,2021-08-01,61.5,72.0,79.0,82.0,85.0,89.0,95.0,99.0,104.0,106.2,110.2,119.1,132.0,inferred
Oldham,2021-08-02,90.5,104.0,112.0,116.0,119.7,125.0,130.0,136.0,141.0,144.0,149.0,159.1,177.0,inferred
Oldham,2021-08-03,85.0,97.0,107.0,110.0,112.0,118.0,123.0,128.0,134.0,137.0,141.0,150.1,171.0,inferred
Oldham,2021-08-04,84.5,97.0,105.0,108.0,112.0,118.0,123.0,129.0,135.0,138.0,143.0,153.1,171.5,inferred
Oldham,2021-08-05,81.0,94.0,102.0,106.0,110.0,115.0,120.0,126.0,131.0,135.0,138.0,149.0,165.0,inferred
Oldham,2021-08-06,71.0,82.0,91.0,93.0,96.0,101.0,106.0,111.0,116.0,120.0,124.0,133.1,149.0,inferred
Oldham,2021-08-07,58.0,68.0,75.0,78.0,80.0,84.6,89.0,94.0,99.0,101.0,104.0,113.0,129.0,inferred
Oldham,2021-08-08,62.0,72.0,79.0,82.0,85.0,89.0,94.0,99.0,105.0,108.0,111.0,120.1,136.5,inferred
Oldham,2021-08-09,92.0,104.0,114.0,117.0,120.0,127.0,132.0,138.0,143.0,147.0,151.0,163.0,180.5,inferred
Oldham,2021-08-10,87.0,98.0,107.0,110.0,113.0,120.0,125.0,130.0,136.0,140.0,143.0,155.0,173.0,inferred
Oldham,2021-08-11,83.0,97.0,106.0,110.0,113.0,118.0,124.0,129.0,135.0,138.0,142.2,154.0,171.5,inferred
Oldham,2021-08-12,80.0,92.0,100.0,103.0,106.0,111.0,116.0,122.0,128.0,131.0,135.0,147.0,164.0,inferred
Oldham,2021-08-13,68.0,79.0,86.0,89.0,92.0,97.0,102.0,107.0,112.0,114.0,118.0,127.0,146.0,inferred
Oldham,2021-08-14,53.0,63.0,70.0,73.0,76.0,80.0,84.0,89.0,94.0,97.0,100.0,107.0,123.0,inferred
Oldham,2021-08-15,56.0,65.0,72.0,75.0,77.0,83.0,87.0,92.0,97.0,100.0,103.0,114.0,129.5,inferred
Oldham,2021-08-16,82.0,94.0,103.0,106.0,109.0,115.0,119.0,125.0,130.0,135.0,139.0,148.0,166.0,inferred
Oldham,2021-08-17,77.0,88.0,96.0,99.0,102.0,106.6,112.0,118.0,123.0,126.0,130.0,140.0,156.5,inferred
Oldham,2021-08-18,76.0,86.0,95.0,98.8,101.0,107.0,112.0,117.0,123.0,126.0,129.0,139.0,155.0,inferred
Oldham,2021-08-19,72.0,84.0,92.0,95.0,97.0,103.0,108.0,112.0,118.0,122.0,125.0,135.0,151.0,inferred
Oldham,2021-08-20,61.0,72.0,80.0,83.0,86.0,91.0,96.0,100.0,106.0,109.0,112.0,122.0,136.5,inferred
Oldham,2021-08-21,51.0,61.0,66.0,69.0,71.0,76.0,79.0,84.0,89.0,92.0,95.0,103.0,118.5,inferred
Oldham,2021-08-22,54.0,63.0,70.0,73.0,75.0,80.0,84.0,88.0,93.0,96.0,99.0,108.0,123.0,inferred
Oldham,2021-08-23,81.0,92.0,100.0,103.0,106.0,112.0,117.0,122.0,128.0,132.0,136.0,145.0,163.0,inferred
Oldham,2021-08-24,72.0,83.0,92.0,95.0,98.0,103.0,109.0,114.0,120.0,124.0,127.0,137.0,151.0,inferred
Oldham,2021-08-25,72.0,85.0,92.0,96.0,98.0,103.0,109.0,114.0,119.0,122.0,126.0,136.0,151.0,inferred
Oldham,2021-08-26,71.0,82.0,90.0,93.0,95.7,100.0,105.0,110.0,115.0,118.0,121.0,133.0,149.0,inferred
Oldham,2021-08-27,61.0,71.0,77.0,80.0,83.0,88.0,93.0,98.0,103.0,106.0,109.0,120.0,134.0,inferred
Oldham,2021-08-28,48.0,57.0,62.0,65.0,67.7,72.0,76.0,81.0,85.0,87.2,91.0,100.0,113.0,inferred
Oldham,2021-08-29,51.0,61.0,68.0,71.0,74.0,78.0,82.0,87.0,92.0,95.0,97.0,105.1,120.0,inferred
Oldham,2021-08-30,77.5,88.0,96.0,99.0,102.7,109.0,114.0,119.0,124.0,128.0,132.0,143.0,161.0,inferred
Oldham,2021-08-31,73.0,84.0,92.0,95.0,97.0,103.0,108.0,114.0,120.0,124.0,128.0,137.0,154.5,inferred
Oldham,2021-09-01,73.0,87.0,96.0,99.0,102.0,107.0,112.0,117.0,123.0,126.0,130.0,140.0,162.0,inferred
Oldham,2021-09-02,75.0,88.0,97.0,100.0,103.0,108.0,113.0,118.0,123.0,127.0,130.0,140.0,155.0,inferred
Oldham,2021-09-03,69.5,79.0,87.0,90.0,93.0,98.0,103.0,107.0,113.0,116.0,120.0,130.0,147.0,inferred
Oldham,2021-09-04,57.0,66.0,73.0,76.0,79.0,83.0,88.0,93.0,98.0,101.0,104.2,113.0,130.0,inferred
Oldham,2021-09-05,62.5,72.0,80.0,83.0,86.0,90.6,95.5,100.0,105.0,108.2,112.0,120.0,138.0,inferred
Oldham,2021-09-06,96.0,108.0,115.8,119.0,123.0,129.0,134.0,140.0,146.0,149.0,153.0,166.0,183.0,inferred
Oldham,2021-09-07,86.5,99.9,109.0,113.0,116.0,122.0,127.0,132.0,139.0,143.0,147.0,158.0,175.0,inferred
Oldham,2021-09-08,86.0,98.0,106.0,110.0,113.0,118.0,123.0,129.0,135.0,138.0,142.0,151.0,169.0,inferred
Oldham,2021-09-09,78.0,89.0,98.0,101.0,104.0,110.0,115.0,120.0,126.0,130.0,134.0,144.0,160.5,inferred
Oldham,2021-09-10,64.0,75.0,82.0,85.0,87.0,92.0,97.0,101.0,107.0,110.0,114.0,123.0,138.0,inferred
Oldham,2021-09-11,49.0,58.0,65.0,68.0,70.0,74.0,78.0,82.0,87.0,89.0,92.0,100.0,113.0,inferred
Oldham,2021-09-12,48.5,58.0,65.0,68.0,70.0,75.0,79.0,84.0,89.0,91.0,95.0,104.0,116.0,inferred
Oldham,2021-09-13,68.5,83.0,91.0,94.0,97.0,102.0,107.0,112.0,118.0,121.0,124.0,134.0,151.0,inferred
Oldham,2021-09-14,66.0,78.0,85.0,88.0,90.0,95.0,100.0,105.0,111.0,115.0,119.0,129.0,143.0,inferred
Oldham,2021-09-15,68.0,79.0,86.0,88.0,91.0,96.0,101.0,106.0,111.0,114.0,118.0,127.0,144.0,inferred
Oldham,2021-09-16,66.0,77.0,84.0,87.0,90.0,95.0,100.0,105.0,110.0,113.0,116.0,126.0,139.5,inferred
Oldham,2021-09-17,58.0,70.0,76.0,79.0,81.0,86.0,90.0,95.0,100.0,103.0,107.0,116.0,131.0,inferred
Oldham,2021-09-18,48.0,57.0,64.0,66.0,68.0,73.0,77.0,82.0,86.0,88.2,92.0,101.0,114.0,inferred
Oldham,2021-09-19,52.5,62.0,69.0,71.0,73.0,78.0,82.5,88.0,93.0,95.0,99.0,106.1,122.0,inferred
Oldham,2021-09-20,78.0,93.9,101.0,103.0,106.0,111.0,117.0,123.0,129.0,132.0,136.0,145.0,163.5,inferred
Oldham,2021-09-21,75.5,86.0,95.0,98.0,101.0,106.0,112.0,117.0,122.0,126.0,129.0,138.1,155.0,inferred
Oldham,2021-09-22,76.0,88.0,96.0,99.0,102.0,107.6,113.0,118.0,124.0,127.0,130.2,141.0,156.0,inferred
Oldham,2021-09-23,72.0,84.0,91.0,95.0,97.7,103.0,108.0,113.0,118.0,121.0,125.0,134.0,152.0,inferred
Oldham,2021-09-24,60.0,72.0,79.0,83.0,86.0,90.0,96.0,100.0,106.0,109.0,113.0,121.0,134.5,inferred
Oldham,2021-09-25,49.0,59.0,65.0,68.0,71.0,75.0,80.0,84.0,89.0,92.0,95.0,104.0,116.0,inferred
Oldham,2021-09-26,53.5,62.0,69.0,72.0,74.0,79.0,83.0,89.0,93.0,96.0,99.0,107.0,123.0,inferred
Oldham,2021-09-27,77.0,90.0,98.0,101.0,104.0,110.0,116.0,121.0,127.0,130.0,134.0,145.0,162.0,inferred
Oldham,2021-09-28,75.0,86.0,93.0,96.0,100.0,105.0,110.0,115.0,121.0,124.0,127.0,137.0,152.0,inferred
Oldham,2021-09-29,78.0,89.0,98.0,101.0,104.0,110.0,115.0,120.0,125.0,129.0,132.0,141.0,159.0,inferred
Oldham,2021-09-30,75.0,87.0,95.0,98.0,102.0,107.0,113.0,118.0,123.0,127.0,131.0,141.0,155.0,inferred
Oldham,2021-10-01,66.0,79.0,86.0,89.0,92.0,97.0,101.0,106.4,112.0,116.0,119.0,127.0,142.0,inferred
Oldham,2021-10-02,53.0,64.0,71.0,74.0,77.0,81.0,86.0,91.0,95.0,98.0,102.0,111.0,126.0,inferred
Oldham,2021-10-03,61.0,72.0,79.0,82.0,85.0,90.0,94.0,99.0,104.0,107.0,109.2,119.0,136.0,inferred
Oldham,2021-10-04,92.0,106.0,115.0,119.0,122.0,129.0,134.0,139.0,145.0,149.0,153.0,164.0,180.0,inferred
Oldham,2021-10-05,87.0,100.0,109.0,113.0,116.0,123.0,127.0,133.0,139.0,143.0,148.0,158.0,175.0,inferred
Oldham,2021-10-06,91.0,105.0,113.0,117.0,120.0,125.0,131.0,136.0,142.0,144.0,148.0,159.0,177.5,inferred
Oldham,2021-10-07,88.0,102.0,109.0,112.0,115.0,121.0,126.0,131.0,137.0,140.0,145.0,156.0,174.0,inferred
Oldham,2021-10-08,76.0,88.0,96.8,99.0,102.0,107.0,113.0,118.0,124.0,127.0,131.0,141.0,157.5,inferred
Oldham,2021-10-09,62.0,72.0,79.0,82.0,86.0,90.0,95.0,100.0,105.0,109.0,112.0,121.0,136.5,inferred
Oldham,2021-10-10,69.0,80.0,87.0,91.0,93.0,97.0,101.0,107.0,112.0,116.0,119.0,129.0,145.0,inferred
Oldham,2021-10-11,102.0,115.0,123.0,127.0,131.0,137.0,144.0,150.0,157.0,161.0,164.0,176.0,194.5,inferred
Oldham,2021-10-12,90.0,106.0,114.8,118.0,121.0,127.0,133.0,139.0,145.0,148.0,151.0,162.0,179.0,inferred
Oldham,2021-10-13,92.0,104.0,113.0,116.0,120.0,126.0,131.0,136.0,142.3,146.0,151.0,161.0,179.5,inferred
Oldham,2021-10-14,83.0,94.0,104.0,107.0,110.0,116.0,121.0,127.0,134.0,138.0,142.0,152.0,169.0,inferred
Oldham,2021-10-15,66.0,78.0,87.0,90.0,92.0,99.0,103.0,109.0,116.0,118.0,122.0,131.1,148.0,inferred
Orkney,2021-07-03,0.0,0.0,0.0,0.0,1.0,1.0,1.0,2.0,3.0,3.0,4.0,5.0,8.0,inferred
Orkney,2021-07-04,0.0,0.0,0.0,0.0,1.0,1.0,2.0,2.0,3.0,3.0,4.0,5.0,9.0,inferred
Orkney,2021-07-05,0.0,0.0,0.0,0.8,1.0,1.0,2.0,2.0,3.0,4.0,4.0,6.0,9.0,inferred
Orkney,2021-07-06,0.0,0.0,1.0,1.0,1.0,2.0,2.0,3.0,4.0,4.0,5.0,6.0,10.0,inferred
Orkney,2021-07-07,0.0,0.0,1.0,1.0,2.0,2.0,3.0,3.0,4.0,5.0,5.0,7.0,11.0,inferred
Orkney,2021-07-08,0.0,0.0,0.0,1.0,1.0,1.0,2.0,3.0,3.0,4.0,4.0,6.0,10.0,inferred
Orkney,2021-07-09,0.0,0.0,0.0,1.0,1.0,1.0,2.0,3.0,3.0,4.0,4.0,6.0,9.0,inferred
Orkney,2021-07-10,0.0,0.0,1.0,1.0,1.0,2.0,2.0,3.0,4.0,4.0,5.0,7.0,10.0,inferred
Orkney,2021-07-11,0.0,0.0,0.0,1.0,1.0,1.0,2.0,3.0,3.0,4.0,5.0,6.0,10.0,inferred
Orkney,2021-07-12,0.0,0.0,0.0,0.0,1.0,1.0,2.0,2.0,3.0,3.0,4.0,5.0,9.0,inferred
Orkney,2021-07-13,0.0,0.0,0.0,0.0,1.0,1.0,2.0,2.0,3.0,3.0,4.0,5.0,8.5,inferred
Orkney,2021-07-14,0.0,0.0,0.0,1.0,1.0,1.0,2.0,2.0,3.0,4.0,4.0,6.0,9.0,inferred
Orkney,2021-07-15,0.0,0.0,0.0,0.0,1.0,1.0,1.0,2.0,3.0,3.0,3.0,5.0,8.0,inferred
Orkney,2021-07-16,0.0,0.0,0.0,0.0,1.0,1.0,1.0,2.0,3.0,3.0,4.0,5.0,8.0,inferred
Orkney,2021-07-17,0.0,0.0,0.0,0.0,1.0,1.0,1.0,2.0,3.0,3.0,4.0,5.0,8.5,inferred
Orkney,2021-07-18,0.0,0.0,0.0,0.0,0.0,1.0,1.0,2.0,3.0,3.0,3.0,5.0,8.0,inferred
Orkney,2021-07-19,0.0,0.0,0.0,0.0,0.0,1.0,1.0,1.0,2.0,2.0,3.0,4.0,7.0,inferred
Orkney,2021-07-20,0.0,0.0,0.0,0.0,0.0,1.0,1.0,1.0,2.0,2.0,3.0,4.0,7.0,inferred
Orkney,2021-07-21,0.0,0.0,0.0,0.0,0.0,1.0,1.0,2.0,2.0,3.0,3.0,5.0,8.0,inferred
Orkney,2021-07-22,0.0,0.0,0.0,0.0,0.0,0.0,1.0,1.0,2.0,2.0,3.0,4.0,7.0,inferred
Orkney,2021-07-23,0.0,0.0,0.0,0.0,0.0,0.0,1.0,1.0,2.0,2.0,3.0,4.0,6.5,inferred
Orkney,2021-07-24,0.0,0.0,0.0,0.0,0.0,1.0,1.0,1.0,2.0,2.0,3.0,4.0,7.0,inferred
Orkney,2021-07-25,0.0,0.0,0.0,0.0,0.0,0.0,1.0,1.0,2.0,2.0,3.0,4.0,7.0,inferred
Orkney,2021-07-26,0.0,0.0,0.0,0.0,0.0,0.0,0.0,1.0,1.0,2.0,2.0,3.0,6.0,inferred
Orkney,2021-07-27,0.0,0.0,0.0,0.0,0.0,0.0,1.0,1.0,1.0,2.0,2.0,3.0,6.0,inferred
Orkney,2021-07-28,0.0,0.0,0.0,0.0,0.0,0.0,1.0,1.0,2.0,2.0,2.0,4.0,6.0,inferred
Orkney,2021-07-29,0.0,0.0,0.0,0.0,0.0,0.0,0.0,1.0,1.0,2.0,2.0,3.0,6.0,inferred
Orkney,2021-07-30,0.0,0.0,0.0,0.0,0.0,0.0,0.0,1.0,1.0,2.0,2.0,3.0,6.0,inferred
Orkney,2021-07-31,0.0,0.0,0.0,0.0,0.0,0.0,1.0,1.0,2.0,2.0,2.0,3.0,6.0,inferred
Orkney,2021-08-01,0.0,0.0,0.0,0.0,0.0,0.0,0.0,1.0,1.0,2.0,2.0,3.0,7.0,inferred
Orkney,2021-08-02,0.0,0.0,0.0,0.0,0.0,0.0,0.0,1.0,1.0,1.0,2.0,3.0,6.0,inferred
Orkney,2021-08-03,0.0,0.0,0.0,0.0,0.0,0.0,0.0,1.0,1.0,1.0,2.0,3.0,6.0,inferred
Orkney,2021-08-04,0.0,0.0,0.0,0.0,0.0,0.0,1.0,1.0,2.0,2.0,2.0,4.0,6.0,inferred
Orkney,2021-08-05,0.0,0.0,0.0,0.0,0.0,0.0,0.0,1.0,1.0,2.0,2.0,3.0,6.0,inferred
Orkney,2021-08-06,0.0,0.0,0.0,0.0,0.0,0.0,1.0,1.0,1.0,2.0,2.0,3.0,6.0,inferred
Orkney,2021-08-07,0.0,0.0,0.0,0.0,0.0,0.0,1.0,1.0,2.0,2.0,3.0,4.0,6.0,inferred
Orkney,2021-08-08,0.0,0.0,0.0,0.0,0.0,0.0,1.0,1.0,2.0,2.0,2.0,4.0,7.0,inferred
Orkney,2021-08-09,0.0,0.0,0.0,0.0,0.0,0.0,1.0,1.0,2.0,2.0,2.2,4.0,7.0,inferred
Orkney,2021-08-10,0.0,0.0,0.0,0.0,0.0,0.0,1.0,1.0,2.0,2.0,2.0,4.0,6.0,inferred
Orkney,2021-08-11,0.0,0.0,0.0,0.0,0.0,1.0,1.0,2.0,2.0,2.0,3.0,5.0,7.0,inferred
Orkney,2021-08-12,0.0,0.0,0.0,0.0,0.0,0.0,1.0,1.0,2.0,2.0,3.0,4.0,6.0,inferred
Orkney,2021-08-13,0.0,0.0,0.0,0.0,0.0,0.0,1.0,1.0,2.0,2.0,3.0,4.0,7.0,inferred
Orkney,2021-08-14,0.0,0.0,0.0,0.0,0.0,1.0,1.0,2.0,2.0,3.0,3.0,5.0,7.0,inferred
Orkney,2021-08-15,0.0,0.0,0.0,0.0,0.0,1.0,1.0,1.0,2.0,2.0,3.0,4.0,7.0,inferred
Orkney,2021-08-16,0.0,0.0,0.0,0.0,0.0,0.0,1.0,1.0,2.0,2.0,3.0,4.0,7.0,inferred
Orkney,2021-08-17,0.0,0.0,0.0,0.0,0.0,1.0,1.0,1.0,2.0,2.0,3.0,4.0,7.0,inferred
Orkney,2021-08-18,0.0,0.0,0.0,0.0,0.0,1.0,1.0,2.0,2.0,3.0,3.0,5.0,8.0,inferred
Orkney,2021-08-19,0.0,0.0,0.0,0.0,0.0,1.0,1.0,1.0,2.0,2.0,3.0,5.0,8.0,inferred
Orkney,2021-08-20,0.0,0.0,0.0,0.0,0.0,1.0,1.0,2.0,2.0,3.0,3.0,5.0,8.0,inferred
Orkney,2021-08-21,0.0,0.0,0.0,0.0,1.0,1.0,1.0,2.0,3.0,3.0,4.0,5.0,8.0,inferred
Orkney,2021-08-22,0.0,0.0,0.0,0.0,0.0,1.0,1.0,2.0,3.0,3.0,4.0,5.0,9.0,inferred
Orkney,2021-08-23,0.0,0.0,0.0,0.0,0.0,1.0,1.0,2.0,2.0,3.0,3.0,5.0,8.0,inferred
Orkney,2021-08-24,0.0,0.0,0.0,0.0,0.0,1.0,1.0,2.0,3.0,3.0,3.0,5.0,8.0,inferred
Orkney,2021-08-25,0.0,0.0,0.0,1.0,1.0,1.0,2.0,2.0,3.0,3.0,4.0,6.0,9.0,inferred
Orkney,2021-08-26,0.0,0.0,0.0,0.0,0.0,1.0,1.0,2.0,3.0,3.0,3.0,5.0,8.0,inferred
Orkney,2021-08-27,0.0,0.0,0.0,0.0,1.0,1.0,2.0,2.0,3.0,3.0,4.0,6.0,9.0,inferred
Orkney,2021-08-28,0.0,0.0,0.8,1.0,1.0,2.0,2.0,3.0,4.0,4.0,5.0,7.0,10.0,inferred
Orkney,2021-08-29,0.0,0.0,0.0,1.0,1.0,1.0,2.0,3.0,3.0,4.0,4.0,6.0,9.5,inferred
Orkney,2021-08-30,0.0,0.0,0.0,1.0,1.0,1.0,2.0,2.0,3.0,4.0,4.0,6.0,10.0,inferred
Orkney,2021-08-31,0.0,0.0,1.0,1.0,1.0,1.0,2.0,3.0,4.0,4.0,5.0,7.0,10.0,inferred
Orkney,2021-09-01,0.0,0.0,1.0,1.0,2.0,2.0,3.0,4.0,5.0,5.0,6.0,8.0,11.0,inferred
Orkney,2021-09-02,0.0,0.0,1.0,1.0,1.0,2.0,2.0,3.0,4.0,4.0,5.0,7.0,10.0,inferred
Orkney,2021-09-03,0.0,0.0,1.0,1.0,1.0,2.0,3.0,3.0,4.0,5.0,5.0,8.0,11.0,inferred
Orkney,2021-09-04,0.0,1.0,1.0,2.0,2.0,3.0,3.0,4.0,5.0,6.0,7.0,9.0,12.0,inferred
Orkney,2021-09-05,0.0,1.0,1.0,2.0,2.0,3.0,3.0,4.0,5.0,6.0,7.0,8.1,13.0,inferred
Orkney,2021-09-06,0.0,0.0,1.0,1.0,2.0,2.0,3.0,4.0,5.0,5.0,6.0,7.0,11.0,inferred
Orkney,2021-09-07,0.0,1.0,1.0,2.0,2.0,3.0,4.0,4.0,5.0,6.0,7.0,9.0,12.0,inferred
Orkney,2021-09-08,0.0,1.0,2.0,2.0,3.0,4.0,4.0,5.0,7.0,7.0,8.0,10.0,15.0,inferred
Orkney,2021-09-09,0.0,1.0,2.0,2.0,2.0,3.0,4.0,4.0,6.0,6.0,7.0,9.0,13.0,inferred
Orkney,2021-09-10,0.0,1.0,2.0,2.0,2.0,3.0,4.0,5.0,6.0,6.0,7.0,9.0,13.0,inferred
Orkney,2021-09-11,0.0,1.0,2.0,2.0,3.0,4.0,5.0,5.0,7.0,7.0,8.0,10.0,15.0,inferred
Orkney,2021-09-12,0.0,1.0,2.0,2.0,3.0,3.0,4.0,5.0,6.0,7.0,8.0,10.0,13.0,inferred
Orkney,2021-09-13,0.0,0.0,1.0,2.0,2.0,3.0,3.0,4.0,5.0,6.0,6.0,8.0,12.0,inferred
Orkney,2021-09-14,0.0,1.0,1.0,2.0,2.0,3.0,4.0,4.0,5.0,6.0,7.0,9.0,13.0,inferred
Orkney,2021-09-15,0.0,1.0,2.0,2.0,2.0,3.0,4.0,5.0,6.0,6.0,7.0,9.0,13.0,inferred
Orkney,2021-09-16,0.0,0.0,1.0,1.0,2.0,2.0,3.0,4.0,5.0,5.0,6.0,7.0,11.0,inferred
Orkney,2021-09-17,0.0,0.0,1.0,1.0,2.0,2.0,3.0,4.0,5.0,5.0,6.0,8.0,12.0,inferred
Orkney,2021-09-18,0.0,1.0,1.0,2.0,2.0,3.0,3.0,4.0,5.0,6.0,6.0,8.0,12.0,inferred
Orkney,2021-09-19,0.0,0.0,1.0,1.0,2.0,2.0,3.0,4.0,5.0,5.0,6.0,8.0,12.0,inferred
Orkney,2021-09-20,0.0,0.0,1.0,1.0,1.0,2.0,2.0,3.0,4.0,4.0,5.0,7.0,11.0,inferred
Orkney,2021-09-21,0.0,0.0,1.0,1.0,1.0,2.0,2.0,3.0,4.0,4.0,5.0,6.0,10.0,inferred
Orkney,2021-09-22,0.0,0.0,1.0,1.0,1.0,2.0,3.0,3.0,4.0,5.0,5.0,7.0,11.0,inferred
Orkney,2021-09-23,0.0,0.0,0.0,1.0,1.0,1.0,2.0,3.0,3.0,4.0,4.0,6.0,9.0,inferred
Orkney,2021-09-24,0.0,0.0,0.0,1.0,1.0,1.0,2.0,2.0,3.0,4.0,4.0,6.0,9.0,inferred
Orkney,2021-09-25,0.0,0.0,1.0,1.0,1.0,2.0,2.0,3.0,4.0,4.0,5.0,7.0,10.0,inferred
Orkney,2021-09-26,0.0,0.0,0.0,1.0,1.0,1.0,2.0,2.0,3.0,4.0,4.0,6.0,9.0,inferred
Orkney,2021-09-27,0.0,0.0,0.0,0.0,1.0,1.0,1.0,2.0,3.0,3.0,4.0,5.0,8.0,inferred
Orkney,2021-09-28,0.0,0.0,0.0,0.0,1.0,1.0,1.0,2.0,3.0,3.0,4.0,5.0,9.0,inferred
Orkney,2021-09-29,0.0,0.0,0.0,1.0,1.0,1.0,2.0,2.0,3.0,4.0,4.0,6.0,9.0,inferred
Orkney,2021-09-30,0.0,0.0,0.0,0.0,1.0,1.0,1.0,2.0,3.0,3.0,4.0,5.0,8.0,inferred
Orkney,2021-10-01,0.0,0.0,0.0,0.0,0.0,1.0,1.0,2.0,3.0,3.0,4.0,5.0,9.0,inferred
Orkney,2021-10-02,0.0,0.0,0.0,0.0,1.0,1.0,2.0,2.0,3.0,3.0,4.0,5.0,9.0,inferred
Orkney,2021-10-03,0.0,0.0,0.0,0.0,1.0,1.0,2.0,2.0,3.0,3.0,4.0,5.0,9.0,inferred
Orkney,2021-10-04,0.0,0.0,0.0,0.0,0.0,1.0,1.0,2.0,2.0,3.0,3.0,5.0,7.0,inferred
Orkney,2021-10-05,0.0,0.0,0.0,0.0,0.0,1.0,1.0,2.0,3.0,3.0,4.0,5.0,9.0,inferred
Orkney,2021-10-06,0.0,0.0,0.0,1.0,1.0,1.0,2.0,2.0,3.0,4.0,4.0,6.0,9.0,inferred
Orkney,2021-10-07,0.0,0.0,0.0,0.0,1.0,1.0,1.0,2.0,3.0,3.0,3.0,5.0,8.0,inferred
Orkney,2021-10-08,0.0,0.0,0.0,1.0,1.0,1.0,2.0,2.0,3.0,4.0,4.0,6.0,9.0,inferred
Orkney,2021-10-09,0.0,0.0,0.0,1.0,1.0,1.0,2.0,2.0,3.0,4.0,4.0,6.0,9.0,inferred
Orkney,2021-10-10,0.0,0.0,0.0,1.0,1.0,1.0,2.0,2.0,3.0,4.0,4.0,6.0,9.0,inferred
Orkney,2021-10-11,0.0,0.0,0.0,0.0,1.0,1.0,2.0,2.0,3.0,3.0,4.0,5.0,8.0,inferred
Orkney,2021-10-12,0.0,0.0,0.0,0.0,1.0,1.0,2.0,3.0,3.0,4.0,4.0,6.0,9.0,inferred
Orkney,2021-10-13,0.0,0.0,1.0,1.0,1.0,2.0,2.0,3.0,4.0,4.0,5.0,7.0,10.5,inferred
Orkney,2021-10-14,0.0,0.0,0.0,1.0,1.0,1.0,2.0,3.0,3.0,4.0,5.0,6.0,10.0,inferred
Orkney,2021-10-15,0.0,0.0,1.0,1.0,1.0,2.0,2.0,3.0,4.0,4.0,5.0,7.0,12.0,inferred
Orkney Islands,2021-07-03,0.0,0.0,0.0,0.0,1.0,1.0,1.0,2.0,3.0,3.0,4.0,5.0,8.0,inferred
Orkney Islands,2021-07-04,0.0,0.0,0.0,0.0,1.0,1.0,2.0,2.0,3.0,3.0,4.0,5.0,9.0,inferred
Orkney Islands,2021-07-05,0.0,0.0,0.0,0.8,1.0,1.0,2.0,2.0,3.0,4.0,4.0,6.0,9.0,inferred
Orkney Islands,2021-07-06,0.0,0.0,1.0,1.0,1.0,2.0,2.0,3.0,4.0,4.0,5.0,6.0,10.0,inferred
Orkney Islands,2021-07-07,0.0,0.0,1.0,1.0,2.0,2.0,3.0,3.0,4.0,5.0,5.0,7.0,11.0,inferred
Orkney Islands,2021-07-08,0.0,0.0,0.0,1.0,1.0,1.0,2.0,3.0,3.0,4.0,4.0,6.0,10.0,inferred
Orkney Islands,2021-07-09,0.0,0.0,0.0,1.0,1.0,1.0,2.0,3.0,3.0,4.0,4.0,6.0,9.0,inferred
Orkney Islands,2021-07-10,0.0,0.0,1.0,1.0,1.0,2.0,2.0,3.0,4.0,4.0,5.0,7.0,10.0,inferred
Orkney Islands,2021-07-11,0.0,0.0,0.0,1.0,1.0,1.0,2.0,3.0,3.0,4.0,5.0,6.0,10.0,inferred
Orkney Islands,2021-07-12,0.0,0.0,0.0,0.0,1.0,1.0,2.0,2.0,3.0,3.0,4.0,5.0,9.0,inferred
Orkney Islands,2021-07-13,0.0,0.0,0.0,0.0,1.0,1.0,2.0,2.0,3.0,3.0,4.0,5.0,8.5,inferred
Orkney Islands,2021-07-14,0.0,0.0,0.0,1.0,1.0,1.0,2.0,2.0,3.0,4.0,4.0,6.0,9.0,inferred
Orkney Islands,2021-07-15,0.0,0.0,0.0,0.0,1.0,1.0,1.0,2.0,3.0,3.0,3.0,5.0,8.0,inferred
Orkney Islands,2021-07-16,0.0,0.0,0.0,0.0,1.0,1.0,1.0,2.0,3.0,3.0,4.0,5.0,8.0,inferred
Orkney Islands,2021-07-17,0.0,0.0,0.0,0.0,1.0,1.0,1.0,2.0,3.0,3.0,4.0,5.0,8.5,inferred
Orkney Islands,2021-07-18,0.0,0.0,0.0,0.0,0.0,1.0,1.0,2.0,3.0,3.0,3.0,5.0,8.0,inferred
Orkney Islands,2021-07-19,0.0,0.0,0.0,0.0,0.0,1.0,1.0,1.0,2.0,2.0,3.0,4.0,7.0,inferred
Orkney Islands,2021-07-20,0.0,0.0,0.0,0.0,0.0,1.0,1.0,1.0,2.0,2.0,3.0,4.0,7.0,inferred
Orkney Islands,2021-07-21,0.0,0.0,0.0,0.0,0.0,1.0,1.0,2.0,2.0,3.0,3.0,5.0,8.0,inferred
Orkney Islands,2021-07-22,0.0,0.0,0.0,0.0,0.0,0.0,1.0,1.0,2.0,2.0,3.0,4.0,7.0,inferred
Orkney Islands,2021-07-23,0.0,0.0,0.0,0.0,0.0,0.0,1.0,1.0,2.0,2.0,3.0,4.0,6.5,inferred
Orkney Islands,2021-07-24,0.0,0.0,0.0,0.0,0.0,1.0,1.0,1.0,2.0,2.0,3.0,4.0,7.0,inferred
Orkney Islands,2021-07-25,0.0,0.0,0.0,0.0,0.0,0.0,1.0,1.0,2.0,2.0,3.0,4.0,7.0,inferred
Orkney Islands,2021-07-26,0.0,0.0,0.0,0.0,0.0,0.0,0.0,1.0,1.0,2.0,2.0,3.0,6.0,inferred
Orkney Islands,2021-07-27,0.0,0.0,0.0,0.0,0.0,0.0,1.0,1.0,1.0,2.0,2.0,3.0,6.0,inferred
Orkney Islands,2021-07-28,0.0,0.0,0.0,0.0,0.0,0.0,1.0,1.0,2.0,2.0,2.0,4.0,6.0,inferred
Orkney Islands,2021-07-29,0.0,0.0,0.0,0.0,0.0,0.0,0.0,1.0,1.0,2.0,2.0,3.0,6.0,inferred
Orkney Islands,2021-07-30,0.0,0.0,0.0,0.0,0.0,0.0,0.0,1.0,1.0,2.0,2.0,3.0,6.0,inferred
Orkney Islands,2021-07-31,0.0,0.0,0.0,0.0,0.0,0.0,1.0,1.0,2.0,2.0,2.0,3.0,6.0,inferred
Orkney Islands,2021-08-01,0.0,0.0,0.0,0.0,0.0,0.0,0.0,1.0,1.0,2.0,2.0,3.0,7.0,inferred
Orkney Islands,2021-08-02,0.0,0.0,0.0,0.0,0.0,0.0,0.0,1.0,1.0,1.0,2.0,3.0,6.0,inferred
Orkney Islands,2021-08-03,0.0,0.0,0.0,0.0,0.0,0.0,0.0,1.0,1.0,1.0,2.0,3.0,6.0,inferred
Orkney Islands,2021-08-04,0.0,0.0,0.0,0.0,0.0,0.0,1.0,1.0,2.0,2.0,2.0,4.0,6.0,inferred
Orkney Islands,2021-08-05,0.0,0.0,0.0,0.0,0.0,0.0,0.0,1.0,1.0,2.0,2.0,3.0,6.0,inferred
Orkney Islands,2021-08-06,0.0,0.0,0.0,0.0,0.0,0.0,1.0,1.0,1.0,2.0,2.0,3.0,6.0,inferred
Orkney Islands,2021-08-07,0.0,0.0,0.0,0.0,0.0,0.0,1.0,1.0,2.0,2.0,3.0,4.0,6.0,inferred
Orkney Islands,2021-08-08,0.0,0.0,0.0,0.0,0.0,0.0,1.0,1.0,2.0,2.0,2.0,4.0,7.0,inferred
Orkney Islands,2021-08-09,0.0,0.0,0.0,0.0,0.0,0.0,1.0,1.0,2.0,2.0,2.2,4.0,7.0,inferred
Orkney Islands,2021-08-10,0.0,0.0,0.0,0.0,0.0,0.0,1.0,1.0,2.0,2.0,2.0,4.0,6.0,inferred
Orkney Islands,2021-08-11,0.0,0.0,0.0,0.0,0.0,1.0,1.0,2.0,2.0,2.0,3.0,5.0,7.0,inferred
Orkney Islands,2021-08-12,0.0,0.0,0.0,0.0,0.0,0.0,1.0,1.0,2.0,2.0,3.0,4.0,6.0,inferred
Orkney Islands,2021-08-13,0.0,0.0,0.0,0.0,0.0,0.0,1.0,1.0,2.0,2.0,3.0,4.0,7.0,inferred
Orkney Islands,2021-08-14,0.0,0.0,0.0,0.0,0.0,1.0,1.0,2.0,2.0,3.0,3.0,5.0,7.0,inferred
Orkney Islands,2021-08-15,0.0,0.0,0.0,0.0,0.0,1.0,1.0,1.0,2.0,2.0,3.0,4.0,7.0,inferred
Orkney Islands,2021-08-16,0.0,0.0,0.0,0.0,0.0,0.0,1.0,1.0,2.0,2.0,3.0,4.0,7.0,inferred
Orkney Islands,2021-08-17,0.0,0.0,0.0,0.0,0.0,1.0,1.0,1.0,2.0,2.0,3.0,4.0,7.0,inferred
Orkney Islands,2021-08-18,0.0,0.0,0.0,0.0,0.0,1.0,1.0,2.0,2.0,3.0,3.0,5.0,8.0,inferred
Orkney Islands,2021-08-19,0.0,0.0,0.0,0.0,0.0,1.0,1.0,1.0,2.0,2.0,3.0,5.0,8.0,inferred
Orkney Islands,2021-08-20,0.0,0.0,0.0,0.0,0.0,1.0,1.0,2.0,2.0,3.0,3.0,5.0,8.0,inferred
Orkney Islands,2021-08-21,0.0,0.0,0.0,0.0,1.0,1.0,1.0,2.0,3.0,3.0,4.0,5.0,8.0,inferred
Orkney Islands,2021-08-22,0.0,0.0,0.0,0.0,0.0,1.0,1.0,2.0,3.0,3.0,4.0,5.0,9.0,inferred
Orkney Islands,2021-08-23,0.0,0.0,0.0,0.0,0.0,1.0,1.0,2.0,2.0,3.0,3.0,5.0,8.0,inferred
Orkney Islands,2021-08-24,0.0,0.0,0.0,0.0,0.0,1.0,1.0,2.0,3.0,3.0,3.0,5.0,8.0,inferred
Orkney Islands,2021-08-25,0.0,0.0,0.0,1.0,1.0,1.0,2.0,2.0,3.0,3.0,4.0,6.0,9.0,inferred
Orkney Islands,2021-08-26,0.0,0.0,0.0,0.0,0.0,1.0,1.0,2.0,3.0,3.0,3.0,5.0,8.0,inferred
Orkney Islands,2021-08-27,0.0,0.0,0.0,0.0,1.0,1.0,2.0,2.0,3.0,3.0,4.0,6.0,9.0,inferred
Orkney Islands,2021-08-28,0.0,0.0,0.8,1.0,1.0,2.0,2.0,3.0,4.0,4.0,5.0,7.0,10.0,inferred
Orkney Islands,2021-08-29,0.0,0.0,0.0,1.0,1.0,1.0,2.0,3.0,3.0,4.0,4.0,6.0,9.5,inferred
Orkney Islands,2021-08-30,0.0,0.0,0.0,1.0,1.0,1.0,2.0,2.0,3.0,4.0,4.0,6.0,10.0,inferred
Orkney Islands,2021-08-31,0.0,0.0,1.0,1.0,1.0,1.0,2.0,3.0,4.0,4.0,5.0,7.0,10.0,inferred
Orkney Islands,2021-09-01,0.0,0.0,1.0,1.0,2.0,2.0,3.0,4.0,5.0,5.0,6.0,8.0,11.0,inferred
Orkney Islands,2021-09-02,0.0,0.0,1.0,1.0,1.0,2.0,2.0,3.0,4.0,4.0,5.0,7.0,10.0,inferred
Orkney Islands,2021-09-03,0.0,0.0,1.0,1.0,1.0,2.0,3.0,3.0,4.0,5.0,5.0,8.0,11.0,inferred
Orkney Islands,2021-09-04,0.0,1.0,1.0,2.0,2.0,3.0,3.0,4.0,5.0,6.0,7.0,9.0,12.0,inferred
Orkney Islands,2021-09-05,0.0,1.0,1.0,2.0,2.0,3.0,3.0,4.0,5.0,6.0,7.0,8.1,13.0,inferred
Orkney Islands,2021-09-06,0.0,0.0,1.0,1.0,2.0,2.0,3.0,4.0,5.0,5.0,6.0,7.0,11.0,inferred
Orkney Islands,2021-09-07,0.0,1.0,1.0,2.0,2.0,3.0,4.0,4.0,5.0,6.0,7.0,9.0,12.0,inferred
Orkney Islands,2021-09-08,0.0,1.0,2.0,2.0,3.0,4.0,4.0,5.0,7.0,7.0,8.0,10.0,15.0,inferred
Orkney Islands,2021-09-09,0.0,1.0,2.0,2.0,2.0,3.0,4.0,4.0,6.0,6.0,7.0,9.0,13.0,inferred
Orkney Islands,2021-09-10,0.0,1.0,2.0,2.0,2.0,3.0,4.0,5.0,6.0,6.0,7.0,9.0,13.0,inferred
Orkney Islands,2021-09-11,0.0,1.0,2.0,2.0,3.0,4.0,5.0,5.0,7.0,7.0,8.0,10.0,15.0,inferred
Orkney Islands,2021-09-12,0.0,1.0,2.0,2.0,3.0,3.0,4.0,5.0,6.0,7.0,8.0,10.0,13.0,inferred
Orkney Islands,2021-09-13,0.0,0.0,1.0,2.0,2.0,3.0,3.0,4.0,5.0,6.0,6.0,8.0,12.0,inferred
Orkney Islands,2021-09-14,0.0,1.0,1.0,2.0,2.0,3.0,4.0,4.0,5.0,6.0,7.0,9.0,13.0,inferred
Orkney Islands,2021-09-15,0.0,1.0,2.0,2.0,2.0,3.0,4.0,5.0,6.0,6.0,7.0,9.0,13.0,inferred
Orkney Islands,2021-09-16,0.0,0.0,1.0,1.0,2.0,2.0,3.0,4.0,5.0,5.0,6.0,7.0,11.0,inferred
Orkney Islands,2021-09-17,0.0,0.0,1.0,1.0,2.0,2.0,3.0,4.0,5.0,5.0,6.0,8.0,12.0,inferred
Orkney Islands,2021-09-18,0.0,1.0,1.0,2.0,2.0,3.0,3.0,4.0,5.0,6.0,6.0,8.0,12.0,inferred
Orkney Islands,2021-09-19,0.0,0.0,1.0,1.0,2.0,2.0,3.0,4.0,5.0,5.0,6.0,8.0,12.0,inferred
Orkney Islands,2021-09-20,0.0,0.0,1.0,1.0,1.0,2.0,2.0,3.0,4.0,4.0,5.0,7.0,11.0,inferred
Orkney Islands,2021-09-21,0.0,0.0,1.0,1.0,1.0,2.0,2.0,3.0,4.0,4.0,5.0,6.0,10.0,inferred
Orkney Islands,2021-09-22,0.0,0.0,1.0,1.0,1.0,2.0,3.0,3.0,4.0,5.0,5.0,7.0,11.0,inferred
Orkney Islands,2021-09-23,0.0,0.0,0.0,1.0,1.0,1.0,2.0,3.0,3.0,4.0,4.0,6.0,9.0,inferred
Orkney Islands,2021-09-24,0.0,0.0,0.0,1.0,1.0,1.0,2.0,2.0,3.0,4.0,4.0,6.0,9.0,inferred
Orkney Islands,2021-09-25,0.0,0.0,1.0,1.0,1.0,2.0,2.0,3.0,4.0,4.0,5.0,7.0,10.0,inferred
Orkney Islands,2021-09-26,0.0,0.0,0.0,1.0,1.0,1.0,2.0,2.0,3.0,4.0,4.0,6.0,9.0,inferred
Orkney Islands,2021-09-27,0.0,0.0,0.0,0.0,1.0,1.0,1.0,2.0,3.0,3.0,4.0,5.0,8.0,inferred
Orkney Islands,2021-09-28,0.0,0.0,0.0,0.0,1.0,1.0,1.0,2.0,3.0,3.0,4.0,5.0,9.0,inferred
Orkney Islands,2021-09-29,0.0,0.0,0.0,1.0,1.0,1.0,2.0,2.0,3.0,4.0,4.0,6.0,9.0,inferred
Orkney Islands,2021-09-30,0.0,0.0,0.0,0.0,1.0,1.0,1.0,2.0,3.0,3.0,4.0,5.0,8.0,inferred
Orkney Islands,2021-10-01,0.0,0.0,0.0,0.0,0.0,1.0,1.0,2.0,3.0,3.0,4.0,5.0,9.0,inferred
Orkney Islands,2021-10-02,0.0,0.0,0.0,0.0,1.0,1.0,2.0,2.0,3.0,3.0,4.0,5.0,9.0,inferred
Orkney Islands,2021-10-03,0.0,0.0,0.0,0.0,1.0,1.0,2.0,2.0,3.0,3.0,4.0,5.0,9.0,inferred
Orkney Islands,2021-10-04,0.0,0.0,0.0,0.0,0.0,1.0,1.0,2.0,2.0,3.0,3.0,5.0,7.0,inferred
Orkney Islands,2021-10-05,0.0,0.0,0.0,0.0,0.0,1.0,1.0,2.0,3.0,3.0,4.0,5.0,9.0,inferred
Orkney Islands,2021-10-06,0.0,0.0,0.0,1.0,1.0,1.0,2.0,2.0,3.0,4.0,4.0,6.0,9.0,inferred
Orkney Islands,2021-10-07,0.0,0.0,0.0,0.0,1.0,1.0,1.0,2.0,3.0,3.0,3.0,5.0,8.0,inferred
Orkney Islands,2021-10-08,0.0,0.0,0.0,1.0,1.0,1.0,2.0,2.0,3.0,4.0,4.0,6.0,9.0,inferred
Orkney Islands,2021-10-09,0.0,0.0,0.0,1.0,1.0,1.0,2.0,2.0,3.0,4.0,4.0,6.0,9.0,inferred
Orkney Islands,2021-10-10,0.0,0.0,0.0,1.0,1.0,1.0,2.0,2.0,3.0,4.0,4.0,6.0,9.0,inferred
Orkney Islands,2021-10-11,0.0,0.0,0.0,0.0,1.0,1.0,2.0,2.0,3.0,3.0,4.0,5.0,8.0,inferred
Orkney Islands,2021-10-12,0.0,0.0,0.0,0.0,1.0,1.0,2.0,3.0,3.0,4.0,4.0,6.0,9.0,inferred
Orkney Islands,2021-10-13,0.0,0.0,1.0,1.0,1.0,2.0,2.0,3.0,4.0,4.0,5.0,7.0,10.5,inferred
Orkney Islands,2021-10-14,0.0,0.0,0.0,1.0,1.0,1.0,2.0,3.0,3.0,4.0,5.0,6.0,10.0,inferred
Orkney Islands,2021-10-15,0.0,0.0,1.0,1.0,1.0,2.0,2.0,3.0,4.0,4.0,5.0,7.0,12.0,inferred
Oxford,2021-07-03,63.0,72.0,77.8,79.8,82.0,86.0,90.0,94.0,98.0,101.0,104.0,111.0,125.0,inferred
Oxford,2021-07-04,59.0,69.0,76.0,78.8,81.0,85.0,90.0,94.0,99.0,102.0,105.0,114.0,128.0,inferred
Oxford,2021-07-05,82.0,95.0,103.0,105.0,109.0,114.0,118.0,123.4,128.0,131.0,134.0,144.0,158.0,inferred
Oxford,2021-07-06,75.0,87.0,95.8,99.0,102.0,106.0,111.0,116.0,121.0,123.2,127.0,137.0,150.5,inferred
Oxford,2021-07-07,73.0,85.0,93.0,96.0,98.0,103.0,108.0,113.0,119.0,122.0,125.0,134.0,147.0,inferred
Oxford,2021-07-08,70.0,78.0,85.0,88.0,90.7,95.0,100.0,104.0,110.0,113.0,117.0,125.0,140.5,inferred
Oxford,2021-07-09,60.0,70.0,76.0,79.0,82.0,87.0,91.0,95.0,100.0,103.0,106.0,114.0,127.5,inferred
Oxford,2021-07-10,48.0,57.0,62.8,65.0,67.0,71.0,75.0,79.0,83.0,86.0,89.0,96.0,109.0,inferred
Oxford,2021-07-11,48.0,58.0,63.0,66.0,68.0,72.0,76.0,79.0,83.0,86.0,89.0,97.0,110.0,inferred
Oxford,2021-07-12,67.5,78.0,86.0,89.0,91.0,97.0,101.0,106.0,110.3,113.0,117.0,125.1,141.0,inferred
Oxford,2021-07-13,62.0,72.9,81.0,84.0,86.0,91.0,96.0,100.0,105.0,108.0,111.0,120.0,134.0,inferred
Oxford,2021-07-14,64.0,73.0,79.8,82.0,85.0,90.0,95.0,99.0,105.0,108.0,111.0,120.0,134.5,inferred
Oxford,2021-07-15,60.0,69.0,75.0,78.0,80.0,84.0,88.0,93.0,97.0,100.0,103.0,111.1,124.0,inferred
Oxford,2021-07-16,52.0,60.0,68.0,70.0,72.0,76.0,81.0,85.0,90.0,93.0,95.0,103.0,117.0,inferred
Oxford,2021-07-17,42.5,50.0,56.0,57.0,60.0,64.0,68.0,72.0,76.0,78.0,81.0,88.0,99.0,inferred
Oxford,2021-07-18,43.0,51.0,57.0,59.0,61.0,65.0,69.0,73.0,78.0,80.0,82.0,90.0,100.5,inferred
Oxford,2021-07-19,61.5,70.0,76.0,79.0,81.0,86.0,91.0,96.0,101.0,104.0,107.0,115.0,130.5,inferred
Oxford,2021-07-20,57.0,66.0,73.0,75.0,78.0,82.0,86.0,90.0,95.0,98.0,101.0,108.0,120.0,inferred
Oxford,2021-07-21,54.0,64.0,69.0,72.0,74.0,78.0,82.0,86.0,90.0,93.0,96.0,103.0,117.0,inferred
Oxford,2021-07-22,48.0,55.0,61.0,63.0,65.0,69.0,73.0,77.0,82.0,84.0,88.0,95.0,107.0,inferred
Oxford,2021-07-23,39.0,49.0,54.0,56.0,58.0,62.0,65.0,69.0,74.0,76.0,79.0,86.0,97.0,inferred
Oxford,2021-07-24,30.0,37.0,42.0,44.0,46.0,50.0,53.0,56.0,59.0,61.0,63.0,71.0,80.0,inferred
Oxford,2021-07-25,30.0,37.0,42.8,45.0,46.0,49.0,52.0,55.0,59.0,61.0,64.0,70.0,81.0,inferred
Oxford,2021-07-26,41.0,49.0,55.0,57.0,59.0,63.0,67.0,71.0,75.0,77.0,80.0,86.0,97.0,inferred
Oxford,2021-07-27,38.0,46.0,51.0,54.0,56.0,60.0,63.0,67.0,71.0,73.0,76.0,82.0,93.0,inferred
Oxford,2021-07-28,38.0,46.0,52.0,54.0,56.0,60.0,63.0,67.0,71.0,73.0,76.0,83.0,96.0,inferred
Oxford,2021-07-29,37.0,44.0,49.0,51.0,53.0,57.0,60.0,64.0,68.0,70.0,73.0,79.0,92.0,inferred
Oxford,2021-07-30,33.0,40.0,45.0,47.0,49.0,53.0,56.0,59.0,63.0,66.0,68.0,74.1,85.0,inferred
Oxford,2021-07-31,26.0,33.0,38.0,40.0,42.0,45.0,48.0,51.0,55.0,57.0,59.0,66.0,76.0,inferred
Oxford,2021-08-01,27.0,34.0,39.0,41.0,43.0,46.0,49.0,52.0,56.0,58.0,60.0,66.0,76.0,inferred
Oxford,2021-08-02,39.5,46.0,53.0,55.0,57.0,60.0,65.0,69.0,73.0,76.0,78.0,86.0,98.0,inferred
Oxford,2021-08-03,38.0,46.0,51.0,53.0,56.0,60.0,63.0,67.0,72.0,74.0,77.0,84.0,97.0,inferred
Oxford,2021-08-04,40.0,47.0,53.0,55.0,57.0,61.0,64.0,68.0,73.0,75.0,78.0,85.0,96.0,inferred
Oxford,2021-08-05,38.0,45.0,50.0,52.0,54.0,58.0,62.0,66.0,70.0,72.0,74.0,82.0,95.0,inferred
Oxford,2021-08-06,34.0,42.0,47.0,50.0,52.0,55.0,59.0,62.0,66.0,68.0,70.0,78.0,87.0,inferred
Oxford,2021-08-07,28.0,35.0,40.0,42.0,43.7,47.0,50.0,54.0,58.0,60.0,62.0,68.0,79.0,inferred
Oxford,2021-08-08,29.5,36.0,42.0,44.0,45.0,49.0,52.0,55.0,59.0,62.0,64.0,70.0,80.0,inferred
Oxford,2021-08-09,44.0,52.0,58.0,60.0,62.0,66.0,70.0,74.0,78.0,81.0,84.0,91.0,103.0,inferred
Oxford,2021-08-10,43.0,51.0,57.0,59.0,61.0,65.0,70.0,73.0,77.0,80.0,83.0,90.0,101.0,inferred
Oxford,2021-08-11,44.0,53.0,59.0,62.0,64.0,68.0,72.0,76.0,80.0,82.0,85.0,92.0,106.0,inferred
Oxford,2021-08-12,44.0,52.0,59.0,61.0,63.0,67.0,70.0,74.0,78.0,80.0,83.0,89.0,101.5,inferred
Oxford,2021-08-13,41.0,49.0,55.0,57.0,59.0,63.0,66.0,70.0,74.0,76.0,80.0,87.0,99.0,inferred
Oxford,2021-08-14,35.0,43.0,48.0,50.0,52.0,55.0,59.0,62.0,65.3,68.0,71.0,76.0,88.0,inferred
Oxford,2021-08-15,37.0,45.0,50.0,52.0,54.0,58.0,61.0,65.0,69.0,71.2,74.0,81.0,94.0,inferred
Oxford,2021-08-16,55.0,66.0,72.0,75.8,78.0,82.0,85.0,90.0,95.0,97.0,100.0,109.0,121.0,inferred
Oxford,2021-08-17,54.5,64.0,71.0,73.0,76.0,80.0,84.0,88.0,93.0,95.0,98.2,106.0,120.5,inferred
Oxford,2021-08-18,54.5,63.0,69.0,71.8,74.0,78.0,82.0,86.0,91.0,93.0,96.0,105.0,118.0,inferred
Oxford,2021-08-19,49.0,58.0,64.0,67.0,69.0,73.0,77.0,81.0,85.0,88.0,91.0,98.0,113.0,inferred
Oxford,2021-08-20,44.0,51.0,57.0,59.0,61.0,65.0,69.0,73.0,77.0,79.0,82.0,90.0,102.0,inferred
Oxford,2021-08-21,35.0,42.0,47.0,49.0,51.0,54.0,57.0,61.0,65.0,67.0,69.0,76.0,86.5,inferred
Oxford,2021-08-22,33.0,40.0,46.0,48.8,51.0,54.0,57.0,61.0,65.0,67.0,69.0,76.0,85.0,inferred
Oxford,2021-08-23,49.0,57.0,63.0,65.0,68.0,72.0,76.0,80.0,85.0,88.0,90.0,97.0,111.0,inferred
Oxford,2021-08-24,45.0,54.0,60.0,62.0,64.0,68.0,72.0,76.0,80.3,83.0,86.0,95.0,108.0,inferred
Oxford,2021-08-25,45.0,53.0,60.0,62.0,63.0,68.0,71.0,75.0,80.0,82.0,85.0,92.0,105.5,inferred
Oxford,2021-08-26,43.0,50.0,56.0,58.0,60.0,64.0,67.0,71.0,75.0,77.0,80.0,88.0,101.0,inferred
Oxford,2021-08-27,37.0,45.0,50.0,53.0,55.0,59.0,62.0,65.0,69.0,71.0,74.0,82.0,91.0,inferred
Oxford,2021-08-28,30.0,37.0,42.8,45.0,46.0,50.0,54.0,57.0,61.0,63.0,65.0,71.0,82.0,inferred
Oxford,2021-08-29,31.0,37.0,43.0,45.0,46.0,50.0,53.0,56.0,60.0,62.0,64.0,70.0,83.0,inferred
Oxford,2021-08-30,45.0,54.0,60.0,62.0,64.0,69.0,72.0,76.0,81.0,83.0,86.0,95.1,107.5,inferred
Oxford,2021-08-31,43.5,52.0,58.0,60.0,62.0,66.0,70.0,74.0,78.0,80.0,82.0,90.0,104.0,inferred
Oxford,2021-09-01,44.5,52.0,58.0,60.8,63.0,67.0,71.0,74.0,78.0,81.0,83.0,91.0,102.5,inferred
Oxford,2021-09-02,42.0,49.0,55.0,56.0,59.0,62.0,67.0,70.0,74.0,76.0,79.0,87.0,98.0,inferred
Oxford,2021-09-03,36.0,45.0,51.0,52.8,54.0,58.0,61.0,64.0,68.0,71.0,73.2,80.0,93.0,inferred
Oxford,2021-09-04,30.0,36.0,41.8,43.0,45.0,49.0,52.0,55.0,58.0,60.0,63.0,68.0,78.0,inferred
Oxford,2021-09-05,30.0,38.0,42.0,44.0,46.0,49.0,52.0,55.0,59.0,61.2,64.0,71.0,80.5,inferred
Oxford,2021-09-06,45.5,53.0,59.0,61.0,63.0,67.0,70.0,74.0,78.0,81.0,84.0,92.0,103.0,inferred
Oxford,2021-09-07,41.0,50.0,55.0,58.0,60.0,64.0,67.0,71.0,75.0,78.0,81.0,88.0,101.5,inferred
Oxford,2021-09-08,42.0,50.0,56.0,58.0,60.0,65.0,68.0,72.0,76.0,78.0,81.0,89.0,101.0,inferred
Oxford,2021-09-09,37.0,45.0,51.0,53.0,55.0,59.0,63.0,66.0,71.0,73.0,75.2,82.0,94.0,inferred
Oxford,2021-09-10,35.0,43.0,48.0,49.0,51.0,55.0,58.0,62.0,65.0,68.0,71.0,78.0,86.5,inferred
Oxford,2021-09-11,27.0,34.0,39.0,41.0,42.0,45.0,48.5,52.0,55.0,58.0,60.0,66.0,78.0,inferred
Oxford,2021-09-12,28.0,34.0,39.0,41.0,43.0,47.0,50.0,53.0,56.0,59.0,61.0,67.0,81.0,inferred
Oxford,2021-09-13,40.0,48.0,54.0,56.0,58.0,62.0,65.0,69.0,74.0,76.0,79.0,87.0,98.0,inferred
Oxford,2021-09-14,41.0,48.0,54.0,56.0,58.0,62.0,66.0,70.0,74.0,76.0,79.0,86.0,98.5,inferred
Oxford,2021-09-15,45.0,53.0,58.0,61.0,63.0,66.0,71.0,75.0,79.0,81.2,85.0,93.0,104.0,inferred
Oxford,2021-09-16,44.0,53.0,60.0,62.0,64.0,69.0,72.0,76.0,80.0,82.0,85.0,92.0,106.0,inferred
Oxford,2021-09-17,44.0,52.0,58.0,60.8,62.0,67.0,71.0,75.0,79.0,82.0,84.0,91.0,103.0,inferred
Oxford,2021-09-18,40.0,48.0,53.0,55.0,57.0,61.0,64.5,68.0,73.0,75.0,78.0,85.0,96.0,inferred
Oxford,2021-09-19,45.0,53.0,59.0,61.0,63.0,67.0,71.0,75.0,79.0,81.0,85.0,92.0,106.0,inferred
Oxford,2021-09-20,68.0,77.9,86.0,88.8,91.0,96.0,101.0,105.0,111.0,114.0,117.0,124.0,139.5,inferred
Oxford,2021-09-21,65.5,77.0,83.0,86.0,89.0,94.0,99.0,103.0,108.0,111.0,114.0,123.0,139.5,inferred
Oxford,2021-09-22,66.0,77.0,84.0,87.0,90.0,94.0,98.0,103.0,108.0,111.0,114.0,122.0,139.0,inferred
Oxford,2021-09-23,58.5,70.0,78.0,81.0,83.0,88.0,93.0,96.0,102.0,105.0,107.0,117.0,129.0,inferred
Oxford,2021-09-24,53.5,64.0,70.0,73.0,75.0,80.0,83.0,87.0,92.0,95.0,98.0,106.0,120.0,inferred
Oxford,2021-09-25,44.0,52.0,58.0,60.0,62.0,66.0,69.0,73.0,78.0,80.0,83.0,91.0,103.5,inferred
Oxford,2021-09-26,44.5,52.0,58.0,61.0,63.0,67.0,71.0,75.0,79.0,82.0,85.0,93.0,105.0,inferred
Oxford,2021-09-27,64.0,72.0,79.0,82.0,85.0,89.0,93.0,98.0,103.0,106.0,109.0,118.0,131.0,inferred
Oxford,2021-09-28,58.0,69.0,76.0,78.0,81.0,84.6,90.0,94.0,99.0,101.0,105.0,113.0,126.0,inferred
Oxford,2021-09-29,59.0,68.0,75.0,77.0,80.0,83.6,88.0,93.0,98.0,101.0,104.0,114.0,126.0,inferred
Oxford,2021-09-30,55.0,64.0,70.0,72.0,75.0,79.0,83.0,88.0,93.0,95.0,98.0,107.0,121.5,inferred
Oxford,2021-10-01,47.0,57.0,63.0,66.0,68.0,71.0,75.0,80.0,84.0,87.0,90.0,98.0,110.0,inferred
Oxford,2021-10-02,39.0,46.0,52.0,54.0,56.0,60.0,63.0,67.0,71.0,73.0,76.0,85.0,96.0,inferred
Oxford,2021-10-03,39.0,47.0,52.0,55.0,57.0,61.0,64.0,68.0,72.0,75.0,77.0,84.0,96.0,inferred
Oxford,2021-10-04,56.0,65.9,72.0,75.0,78.0,82.0,86.0,90.0,96.0,98.0,100.0,109.0,123.5,inferred
Oxford,2021-10-05,53.0,61.0,68.0,70.0,73.0,77.0,81.0,85.0,90.0,93.0,95.0,103.0,119.0,inferred
Oxford,2021-10-06,53.0,62.0,67.0,70.0,72.0,77.0,81.0,84.0,89.0,92.0,95.0,102.0,115.0,inferred
Oxford,2021-10-07,49.0,57.0,63.0,65.0,67.0,71.0,75.5,79.0,84.0,87.0,90.0,98.0,111.0,inferred
Oxford,2021-10-08,44.0,51.0,57.0,59.8,62.0,65.0,69.0,73.0,76.0,79.0,82.0,90.0,101.0,inferred
Oxford,2021-10-09,35.0,42.0,47.0,49.0,51.0,54.0,58.0,62.0,65.0,68.0,70.0,77.0,89.0,inferred
Oxford,2021-10-10,36.0,43.0,48.0,50.0,52.0,55.6,59.0,63.0,67.0,70.0,72.0,79.0,88.0,inferred
Oxford,2021-10-11,52.0,61.0,67.0,70.0,71.0,75.0,79.0,84.0,88.0,91.0,94.0,102.0,118.0,inferred
Oxford,2021-10-12,49.5,57.0,64.0,66.0,69.0,73.0,77.0,81.0,85.0,88.0,91.0,98.0,109.5,inferred
Oxford,2021-10-13,49.0,58.0,65.0,67.0,70.0,74.0,78.0,82.0,86.3,89.0,92.0,100.0,115.0,inferred
Oxford,2021-10-14,45.0,54.0,61.0,64.0,66.0,71.0,75.0,79.0,84.0,86.0,89.0,97.0,110.0,inferred
Oxford,2021-10-15,43.0,51.0,56.0,59.0,62.0,65.0,70.0,74.0,78.0,81.0,84.0,91.0,103.0,inferred
Pembrokeshire,2021-07-03,2.0,3.0,5.0,6.0,6.0,7.0,8.0,9.0,10.0,11.0,12.0,14.0,18.0,inferred
Pembrokeshire,2021-07-04,2.0,4.0,5.0,6.0,6.0,7.0,8.0,9.0,11.0,11.0,12.0,15.0,19.0,inferred
Pembrokeshire,2021-07-05,4.0,6.0,7.0,8.0,9.0,10.0,11.0,13.0,14.0,15.0,16.0,19.0,23.0,inferred
Pembrokeshire,2021-07-06,4.0,6.0,8.0,8.0,9.0,10.0,11.0,13.0,14.0,15.0,16.0,19.0,24.0,inferred
Pembrokeshire,2021-07-07,4.0,7.0,8.0,9.0,10.0,11.0,12.0,14.0,15.0,16.0,17.0,20.0,24.0,inferred
Pembrokeshire,2021-07-08,4.0,6.0,8.0,9.0,10.0,11.0,12.0,14.0,15.0,16.0,17.0,20.0,26.0,inferred
Pembrokeshire,2021-07-09,4.0,6.0,8.0,9.0,9.0,10.0,12.0,13.0,14.0,15.0,16.0,19.0,23.0,inferred
Pembrokeshire,2021-07-10,3.0,5.0,7.0,8.0,8.0,9.0,11.0,12.0,13.0,14.0,15.0,18.0,23.0,inferred
Pembrokeshire,2021-07-11,3.0,5.0,7.0,8.0,9.0,10.0,11.0,12.0,14.0,15.0,16.0,19.0,23.0,inferred
Pembrokeshire,2021-07-12,6.5,10.0,12.0,13.0,14.0,15.0,17.0,19.0,20.0,21.0,23.0,26.0,32.0,inferred
Pembrokeshire,2021-07-13,7.0,10.0,13.0,14.0,14.0,16.0,18.0,20.0,21.0,23.0,24.0,28.0,34.0,inferred
Pembrokeshire,2021-07-14,7.0,11.0,14.0,15.0,15.0,17.0,19.0,20.0,22.0,23.0,25.0,28.0,35.0,inferred
Pembrokeshire,2021-07-15,8.0,11.0,13.0,14.0,15.0,17.0,18.0,20.0,22.0,23.0,25.0,28.0,34.0,inferred
Pembrokeshire,2021-07-16,7.0,10.0,12.0,13.0,14.0,15.0,16.0,18.0,20.0,21.0,22.0,25.0,31.0,inferred
Pembrokeshire,2021-07-17,5.0,8.0,10.0,10.0,11.0,13.0,14.0,16.0,17.0,18.0,19.0,22.0,27.0,inferred
Pembrokeshire,2021-07-18,5.0,8.0,10.0,11.0,11.0,13.0,14.0,16.0,17.0,18.0,20.0,23.0,28.0,inferred
Pembrokeshire,2021-07-19,9.0,12.0,15.0,16.0,17.0,18.6,20.0,22.0,24.0,25.0,26.2,30.0,36.0,inferred
Pembrokeshire,2021-07-20,8.0,11.0,14.0,15.0,16.0,18.0,20.0,22.0,23.0,24.0,26.0,29.0,36.0,inferred
Pembrokeshire,2021-07-21,9.0,11.0,14.0,15.0,16.0,18.0,19.0,21.0,23.0,24.0,25.0,29.0,35.0,inferred
Pembrokeshire,2021-07-22,7.0,10.0,13.0,14.0,15.0,17.0,18.0,20.0,22.0,23.0,24.0,28.0,34.0,inferred
Pembrokeshire,2021-07-23,6.0,9.0,11.0,12.0,12.0,14.0,15.0,17.0,19.0,20.0,21.0,24.0,29.5,inferred
Pembrokeshire,2021-07-24,5.0,7.0,9.0,9.0,10.0,12.0,13.0,14.0,16.0,17.0,18.0,21.0,26.0,inferred
Pembrokeshire,2021-07-25,4.0,6.0,8.0,9.0,10.0,11.0,13.0,14.0,16.0,16.0,17.0,20.0,25.0,inferred
Pembrokeshire,2021-07-26,7.0,10.0,12.0,13.0,14.0,16.0,17.0,19.0,21.0,22.0,23.0,26.0,32.0,inferred
Pembrokeshire,2021-07-27,7.0,10.0,12.0,13.0,14.0,16.0,17.0,19.0,21.0,22.0,23.0,26.0,33.0,inferred
Pembrokeshire,2021-07-28,7.0,10.0,12.0,13.0,14.0,16.0,17.0,19.0,21.0,22.0,23.0,26.0,31.0,inferred
Pembrokeshire,2021-07-29,7.0,10.0,12.0,13.0,14.0,15.0,17.0,19.0,20.0,21.0,23.0,26.0,33.0,inferred
Pembrokeshire,2021-07-30,6.0,8.9,11.0,12.0,12.0,14.0,15.0,17.0,19.0,19.0,21.0,24.0,29.0,inferred
Pembrokeshire,2021-07-31,4.0,7.0,9.0,10.0,10.0,12.0,13.0,14.0,16.0,17.0,18.0,21.0,25.0,inferred
Pembrokeshire,2021-08-01,4.0,7.0,9.0,10.0,10.0,12.0,13.0,15.0,16.0,17.0,18.0,21.0,26.0,inferred
Pembrokeshire,2021-08-02,8.0,11.0,13.0,14.0,15.0,17.0,18.0,20.0,22.0,23.0,24.0,28.0,35.0,inferred
Pembrokeshire,2021-08-03,8.0,12.0,14.0,15.0,16.0,17.0,19.0,21.0,23.0,24.0,25.0,29.0,34.0,inferred
Pembrokeshire,2021-08-04,9.0,12.0,15.0,16.0,17.0,19.0,21.0,22.0,24.0,26.0,27.0,31.0,37.5,inferred
Pembrokeshire,2021-08-05,10.0,14.0,16.0,17.0,18.0,20.0,22.0,24.0,26.0,27.0,28.2,32.0,38.5,inferred
Pembrokeshire,2021-08-06,9.0,12.0,15.0,16.0,17.0,19.0,20.0,22.0,24.0,25.0,27.0,30.0,36.0,inferred
Pembrokeshire,2021-08-07,7.0,11.0,13.0,15.0,15.0,17.0,19.0,20.0,22.0,24.0,25.0,28.0,34.0,inferred
Pembrokeshire,2021-08-08,9.0,12.9,15.0,16.0,17.0,19.0,20.0,22.0,24.0,25.0,26.2,30.0,35.0,inferred
Pembrokeshire,2021-08-09,16.0,20.0,23.0,24.0,26.0,28.0,30.0,32.0,35.0,36.0,38.0,42.0,48.5,inferred
Pembrokeshire,2021-08-10,17.0,22.0,26.0,27.0,29.0,31.0,33.0,36.0,38.0,40.0,42.0,48.0,56.0,inferred
Pembrokeshire,2021-08-11,21.0,26.0,31.0,32.0,34.0,36.0,39.0,41.0,44.0,45.0,47.0,52.0,58.0,inferred
Pembrokeshire,2021-08-12,24.0,29.0,33.0,34.0,36.0,38.0,41.0,43.0,46.0,48.0,50.0,55.0,63.0,inferred
Pembrokeshire,2021-08-13,24.0,30.0,33.0,35.0,36.0,39.0,41.0,44.0,47.0,48.0,50.0,55.0,62.0,inferred
Pembrokeshire,2021-08-14,23.0,28.0,32.0,33.0,35.0,37.0,39.0,42.0,45.0,46.0,48.0,53.0,61.0,inferred
Pembrokeshire,2021-08-15,26.0,32.0,36.0,37.0,39.0,42.0,44.0,47.0,50.0,52.0,54.0,59.0,68.0,inferred
Pembrokeshire,2021-08-16,46.0,53.0,58.0,60.0,62.0,65.0,69.0,72.0,75.0,78.0,80.0,86.0,97.0,inferred
Pembrokeshire,2021-08-17,50.0,58.0,64.0,66.0,67.0,71.0,75.0,78.0,82.0,84.0,87.0,94.0,104.5,inferred
Pembrokeshire,2021-08-18,51.5,59.0,65.0,67.0,69.0,73.0,76.0,79.0,84.0,86.0,89.0,96.0,107.0,inferred
Pembrokeshire,2021-08-19,50.0,59.0,64.0,66.0,69.0,72.0,75.0,79.0,83.0,85.0,87.0,94.0,104.5,inferred
Pembrokeshire,2021-08-20,46.0,53.0,58.0,60.0,62.0,65.0,68.0,71.0,75.0,77.0,79.0,86.0,96.0,inferred
Pembrokeshire,2021-08-21,38.0,45.0,50.0,52.0,54.0,56.6,59.0,62.0,65.0,67.0,69.0,75.0,85.0,inferred
Pembrokeshire,2021-08-22,40.0,46.0,51.0,53.0,55.0,58.0,60.0,63.0,67.0,69.0,71.0,77.0,86.0,inferred
Pembrokeshire,2021-08-23,60.0,68.0,74.0,76.0,78.0,82.0,86.0,89.4,93.0,96.0,99.0,106.0,117.0,inferred
Pembrokeshire,2021-08-24,60.5,69.9,76.0,78.0,81.0,84.0,88.0,92.0,96.0,98.0,101.0,108.0,118.0,inferred
Pembrokeshire,2021-08-25,63.0,71.0,76.0,79.0,80.0,84.0,87.0,91.0,95.0,98.0,100.0,108.0,118.0,inferred
Pembrokeshire,2021-08-26,59.0,68.0,74.0,76.0,78.0,81.0,85.0,89.0,93.0,95.0,97.0,105.0,117.5,inferred
Pembrokeshire,2021-08-27,52.0,59.9,65.0,67.0,69.0,72.0,75.0,79.0,83.0,85.0,87.0,94.0,105.0,inferred
Pembrokeshire,2021-08-28,42.0,50.0,55.0,57.0,58.0,62.0,65.0,68.0,71.0,73.0,75.0,81.0,92.0,inferred
Pembrokeshire,2021-08-29,42.0,49.0,54.0,56.0,58.0,61.0,65.0,68.0,71.0,73.0,75.0,82.0,92.5,inferred
Pembrokeshire,2021-08-30,62.0,71.0,76.0,79.0,81.0,84.0,88.0,92.0,96.0,98.0,101.0,108.0,121.0,inferred
Pembrokeshire,2021-08-31,62.0,70.0,76.0,78.0,81.0,84.0,88.0,92.0,96.0,99.0,101.0,107.0,117.0,inferred
Pembrokeshire,2021-09-01,58.0,67.0,72.0,75.0,76.0,81.0,85.0,88.0,93.0,95.0,97.0,104.0,114.5,inferred
Pembrokeshire,2021-09-02,54.0,62.0,67.0,70.0,72.0,75.0,78.0,82.0,86.0,88.0,90.0,97.0,107.0,inferred
Pembrokeshire,2021-09-03,44.0,52.0,57.0,58.0,60.0,64.0,67.0,70.0,74.0,76.0,78.0,85.0,93.5,inferred
Pembrokeshire,2021-09-04,34.0,40.0,45.0,47.0,48.0,51.0,54.0,57.0,60.0,63.0,65.0,70.0,78.0,inferred
Pembrokeshire,2021-09-05,31.0,39.0,43.0,45.0,47.0,50.0,53.0,55.0,58.0,60.0,62.0,68.0,76.0,inferred
Pembrokeshire,2021-09-06,46.0,54.0,59.0,61.8,64.0,67.0,70.0,73.0,76.0,78.0,81.0,87.0,97.0,inferred
Pembrokeshire,2021-09-07,46.0,53.0,58.0,60.0,62.0,65.0,69.0,72.0,75.0,77.2,80.0,87.0,96.0,inferred
Pembrokeshire,2021-09-08,41.0,50.0,56.0,58.0,60.0,63.0,66.0,70.0,73.0,75.0,78.0,83.0,92.0,inferred
Pembrokeshire,2021-09-09,40.0,48.0,53.0,55.0,57.0,59.0,62.0,66.0,69.0,72.0,74.0,79.0,88.0,inferred
Pembrokeshire,2021-09-10,36.0,42.0,46.0,48.0,49.0,52.0,55.0,58.0,61.3,63.0,65.0,71.0,82.0,inferred
Pembrokeshire,2021-09-11,29.0,34.0,38.0,39.0,41.0,44.0,46.0,49.0,52.0,53.0,55.0,60.0,68.0,inferred
Pembrokeshire,2021-09-12,28.0,33.0,38.0,39.0,40.0,43.0,46.0,48.0,51.0,52.0,54.0,60.0,68.0,inferred
Pembrokeshire,2021-09-13,41.0,48.0,53.0,55.0,57.0,60.0,63.0,66.0,70.0,71.0,73.0,80.0,91.0,inferred
Pembrokeshire,2021-09-14,42.0,49.0,54.0,56.0,58.0,61.0,64.0,68.0,71.0,73.0,76.0,82.0,92.0,inferred
Pembrokeshire,2021-09-15,43.0,51.0,56.0,59.0,61.0,64.0,67.0,70.0,74.0,76.0,78.0,84.0,94.0,inferred
Pembrokeshire,2021-09-16,46.0,53.0,58.0,60.0,61.7,65.0,68.0,72.0,76.0,77.0,80.0,86.0,97.0,inferred
Pembrokeshire,2021-09-17,44.0,50.0,54.0,55.0,57.0,60.0,64.0,67.0,70.0,72.0,73.0,79.1,89.5,inferred
Pembrokeshire,2021-09-18,35.0,43.0,48.0,50.0,52.0,54.0,57.0,60.0,63.0,65.0,67.0,73.0,82.0,inferred
Pembrokeshire,2021-09-19,40.0,47.0,50.8,52.0,54.0,58.0,60.0,63.0,66.0,68.0,70.0,76.0,85.0,inferred
Pembrokeshire,2021-09-20,61.0,68.0,74.0,77.0,79.0,83.0,86.0,91.0,95.0,97.0,100.0,107.0,118.0,inferred
Pembrokeshire,2021-09-21,63.0,71.0,77.0,79.0,81.0,85.0,89.0,93.0,97.0,99.0,102.0,110.0,121.0,inferred
Pembrokeshire,2021-09-22,63.0,73.0,78.0,80.0,83.0,86.0,90.0,94.4,98.0,101.0,103.0,110.0,121.0,inferred
Pembrokeshire,2021-09-23,62.0,70.0,76.0,78.0,80.0,84.0,87.0,91.0,95.0,98.0,101.0,107.0,117.0,inferred
Pembrokeshire,2021-09-24,54.0,62.0,68.0,70.0,72.0,75.0,79.0,82.0,86.0,88.0,90.0,97.0,109.5,inferred
Pembrokeshire,2021-09-25,45.0,53.0,58.0,60.0,62.0,65.0,68.0,72.0,75.0,77.0,79.0,85.0,95.0,inferred
Pembrokeshire,2021-09-26,46.0,54.0,59.0,61.0,63.0,66.6,70.0,73.0,76.0,78.0,81.0,87.0,96.0,inferred
Pembrokeshire,2021-09-27,70.5,80.0,86.0,88.0,90.0,94.0,98.0,101.0,106.0,109.0,111.2,119.0,132.0,inferred
Pembrokeshire,2021-09-28,72.0,81.0,88.0,90.0,92.0,96.0,100.0,104.0,109.0,111.0,114.0,121.0,134.0,inferred
Pembrokeshire,2021-09-29,74.0,84.0,90.0,92.0,94.0,99.0,102.0,107.0,111.0,113.0,116.0,123.1,135.0,inferred
Pembrokeshire,2021-09-30,73.5,83.0,88.0,91.0,93.0,97.0,101.0,105.0,110.0,112.0,115.0,123.0,134.0,inferred
Pembrokeshire,2021-10-01,63.0,73.9,80.0,82.0,84.0,88.0,91.0,95.0,100.0,102.0,105.0,112.1,124.0,inferred
Pembrokeshire,2021-10-02,56.0,63.0,69.0,71.0,73.0,76.0,80.0,84.0,87.0,89.0,91.2,97.0,109.0,inferred
Pembrokeshire,2021-10-03,55.0,65.0,71.0,72.8,74.0,78.0,81.0,85.0,89.0,91.0,94.0,99.0,111.0,inferred
Pembrokeshire,2021-10-04,84.0,94.0,101.0,103.0,106.0,111.0,115.0,119.0,124.0,127.0,130.0,138.0,153.0,inferred
Pembrokeshire,2021-10-05,87.0,97.0,104.0,107.0,109.7,114.0,119.0,123.0,129.0,131.0,135.0,143.0,157.5,inferred
Pembrokeshire,2021-10-06,90.5,101.0,108.0,111.0,113.7,118.0,122.0,126.0,131.0,134.0,137.0,146.0,158.0,inferred
Pembrokeshire,2021-10-07,92.0,101.0,109.0,111.0,114.7,119.6,124.0,128.0,132.0,135.0,138.0,145.0,159.0,inferred
Pembrokeshire,2021-10-08,83.0,93.9,101.0,103.0,106.0,110.0,114.0,118.0,123.0,126.0,129.0,135.0,147.0,inferred
Pembrokeshire,2021-10-09,73.0,82.0,89.0,91.0,93.0,97.0,101.0,105.0,109.0,111.0,114.0,121.0,133.0,inferred
Pembrokeshire,2021-10-10,75.0,85.0,92.0,94.0,96.0,101.0,105.0,109.0,114.0,116.0,119.0,127.0,141.0,inferred
Pembrokeshire,2021-10-11,112.0,124.0,134.0,137.0,140.0,145.0,150.0,155.0,161.0,164.0,167.0,176.0,193.0,inferred
Pembrokeshire,2021-10-12,117.5,130.0,139.0,141.0,144.0,149.0,154.0,160.0,165.0,168.0,171.0,180.0,194.5,inferred
Pembrokeshire,2021-10-13,117.0,129.0,137.0,140.0,142.0,148.0,153.0,157.4,163.0,166.0,170.0,178.1,195.0,inferred
Pembrokeshire,2021-10-14,111.0,123.0,131.0,134.0,137.0,142.0,147.0,152.0,157.3,160.0,164.0,173.0,189.5,inferred
Pembrokeshire,2021-10-15,93.0,105.9,115.0,118.0,120.0,125.0,131.0,136.0,141.0,144.0,147.0,155.0,170.0,inferred
Pendle,2021-07-03,22.0,27.0,31.0,33.0,34.7,37.0,39.0,42.0,45.0,46.0,48.0,53.0,61.5,inferred
Pendle,2021-07-04,26.0,32.0,35.0,37.0,38.0,40.0,43.0,46.0,48.0,50.0,52.0,56.0,64.0,inferred
Pendle,2021-07-05,42.0,48.0,53.0,54.0,56.0,59.0,62.0,65.0,68.0,70.0,72.0,79.0,89.0,inferred
Pendle,2021-07-06,37.0,44.0,49.0,51.0,53.0,56.0,59.0,62.0,66.0,67.2,70.0,76.0,85.0,inferred
Pendle,2021-07-07,39.0,45.0,50.0,52.0,54.0,57.0,60.0,63.0,66.0,68.0,70.0,75.0,85.0,inferred
Pendle,2021-07-08,38.0,45.0,49.8,52.0,53.0,56.0,58.0,61.0,65.0,67.0,69.0,75.0,85.0,inferred
Pendle,2021-07-09,33.0,39.0,44.0,46.0,47.0,50.0,53.0,56.0,59.0,61.0,63.0,67.0,76.0,inferred
Pendle,2021-07-10,27.0,32.0,37.0,39.0,40.0,43.0,45.0,48.0,51.0,52.0,54.0,59.0,67.0,inferred
Pendle,2021-07-11,29.0,35.0,40.0,41.0,43.0,46.0,48.0,51.0,54.0,56.0,58.0,63.0,73.0,inferred
Pendle,2021-07-12,45.5,53.9,59.0,61.0,62.0,65.0,69.0,72.0,76.0,78.0,80.0,87.0,96.5,inferred
Pendle,2021-07-13,43.0,50.0,55.0,57.8,59.0,63.0,66.0,69.0,72.0,74.0,77.0,83.0,93.5,inferred
Pendle,2021-07-14,43.0,50.0,55.0,56.0,58.0,62.0,65.0,68.0,72.0,74.0,76.0,82.1,93.0,inferred
Pendle,2021-07-15,40.0,47.0,52.0,54.0,55.0,58.0,62.0,65.0,68.3,71.0,72.0,78.0,89.0,inferred
Pendle,2021-07-16,34.0,40.0,45.0,47.0,48.0,51.0,54.0,56.4,59.0,61.0,63.0,68.0,78.0,inferred
Pendle,2021-07-17,25.5,32.0,36.0,37.0,38.0,41.0,44.0,47.0,50.0,52.0,54.0,59.0,68.0,inferred
Pendle,2021-07-18,28.0,33.0,37.0,39.0,40.0,43.0,46.0,49.0,52.0,53.0,55.0,61.0,69.0,inferred
Pendle,2021-07-19,40.0,47.0,52.0,54.0,56.0,59.0,61.0,64.0,67.0,69.0,71.0,77.0,90.0,inferred
Pendle,2021-07-20,35.0,42.0,46.0,48.0,50.0,53.0,56.0,59.0,63.0,64.0,66.0,72.0,82.0,inferred
Pendle,2021-07-21,31.0,38.0,42.8,44.0,46.0,49.0,52.0,55.0,58.0,60.0,62.0,69.0,78.0,inferred
Pendle,2021-07-22,29.0,34.0,38.0,40.0,41.0,44.0,47.0,49.0,53.0,54.0,56.0,61.0,70.0,inferred
Pendle,2021-07-23,21.0,27.0,30.0,32.0,33.0,36.0,38.0,41.0,43.0,45.0,47.0,52.0,60.0,inferred
Pendle,2021-07-24,15.0,19.0,23.0,24.0,25.0,27.0,29.0,31.0,34.0,35.0,37.0,41.0,47.0,inferred
Pendle,2021-07-25,14.0,19.0,22.0,24.0,25.0,27.0,29.0,31.0,33.0,35.0,36.0,40.0,47.0,inferred
Pendle,2021-07-26,21.0,26.0,30.0,32.0,33.0,35.0,37.0,40.0,42.0,44.0,46.0,50.0,58.0,inferred
Pendle,2021-07-27,19.0,24.0,27.0,28.0,29.0,32.0,34.0,36.0,39.0,41.0,42.0,47.0,53.5,inferred
Pendle,2021-07-28,18.0,23.0,27.0,28.0,29.0,32.0,34.0,36.0,39.0,40.0,42.0,47.0,55.0,inferred
Pendle,2021-07-29,17.0,22.0,26.0,27.0,28.0,31.0,33.0,35.0,38.0,40.0,41.0,46.0,54.0,inferred
Pendle,2021-07-30,14.0,19.0,22.0,24.0,25.0,27.0,29.0,31.0,34.0,35.0,37.0,41.0,48.0,inferred
Pendle,2021-07-31,12.0,16.0,19.0,20.0,21.0,23.0,24.0,26.0,28.3,30.0,31.0,35.0,42.0,inferred
Pendle,2021-08-01,12.5,17.0,20.0,21.0,22.0,24.0,27.0,28.0,30.0,31.0,33.0,37.0,43.0,inferred
Pendle,2021-08-02,20.0,25.0,28.0,30.0,32.0,34.0,36.0,39.0,42.0,43.2,45.0,50.0,57.0,inferred
Pendle,2021-08-03,19.0,23.0,26.8,28.0,30.0,32.0,34.0,37.0,39.0,41.0,42.2,47.0,54.0,inferred
Pendle,2021-08-04,19.0,24.0,27.0,29.0,30.0,32.0,34.0,37.0,40.0,41.0,43.0,48.0,56.0,inferred
Pendle,2021-08-05,18.0,23.0,26.0,28.0,29.0,31.0,34.0,36.0,38.3,40.0,42.0,46.0,54.5,inferred
Pendle,2021-08-06,15.0,20.0,23.0,24.0,25.0,27.0,30.0,32.0,35.0,36.0,38.0,42.0,48.0,inferred
Pendle,2021-08-07,12.0,16.0,19.0,20.0,21.0,23.0,25.0,27.0,29.0,30.0,32.0,36.0,42.5,inferred
Pendle,2021-08-08,13.0,18.0,21.0,22.0,23.0,25.0,26.5,29.0,31.0,32.0,34.0,38.0,45.5,inferred
Pendle,2021-08-09,21.0,27.0,30.0,32.0,33.0,36.0,38.0,40.4,43.0,45.0,46.0,51.0,58.0,inferred
Pendle,2021-08-10,21.0,26.0,29.0,30.0,31.0,34.0,36.0,38.0,41.0,42.0,44.0,49.0,57.5,inferred
Pendle,2021-08-11,20.0,25.0,29.0,31.0,32.0,34.0,37.0,39.0,42.0,43.0,45.0,50.0,58.0,inferred
Pendle,2021-08-12,20.0,25.0,29.0,30.0,31.0,33.0,36.0,38.0,41.0,42.0,44.0,49.0,57.0,inferred
Pendle,2021-08-13,16.5,21.0,25.0,26.0,27.0,29.0,32.0,34.0,37.0,38.0,40.0,43.1,51.0,inferred
Pendle,2021-08-14,14.0,17.0,20.0,21.0,22.7,24.6,27.0,29.0,31.0,33.0,34.0,38.0,45.0,inferred
Pendle,2021-08-15,15.0,19.0,22.0,23.0,25.0,27.0,29.0,31.0,34.0,35.0,37.0,41.0,48.0,inferred
Pendle,2021-08-16,23.0,28.0,32.0,34.0,35.0,37.0,40.0,42.0,45.0,48.0,49.0,54.0,62.0,inferred
Pendle,2021-08-17,22.0,27.0,31.0,32.0,34.0,36.0,39.0,41.0,44.0,46.0,47.0,52.0,60.0,inferred
Pendle,2021-08-18,22.0,29.0,32.0,34.0,35.0,38.0,40.0,42.0,45.0,47.0,49.0,54.0,62.0,inferred
Pendle,2021-08-19,22.0,27.0,31.0,33.0,34.0,37.0,39.0,42.0,44.0,46.0,48.0,53.1,61.0,inferred
Pendle,2021-08-20,19.0,25.0,28.0,30.0,31.0,33.0,35.0,38.0,41.0,42.0,44.0,49.0,55.0,inferred
Pendle,2021-08-21,16.0,20.0,23.0,24.0,26.0,28.0,30.0,32.0,35.0,36.0,38.0,42.0,49.0,inferred
Pendle,2021-08-22,17.0,21.0,25.0,26.0,28.0,30.0,32.0,34.0,37.0,38.0,40.0,44.0,51.0,inferred
Pendle,2021-08-23,26.0,32.0,36.0,38.0,40.0,43.0,45.0,48.0,51.0,53.0,55.0,60.0,70.0,inferred
Pendle,2021-08-24,24.0,30.0,34.0,36.0,37.0,40.0,43.0,45.0,48.0,50.0,51.0,56.0,63.0,inferred
Pendle,2021-08-25,26.0,31.0,35.0,36.0,38.0,41.0,43.0,46.0,49.0,50.0,52.2,58.0,66.0,inferred
Pendle,2021-08-26,24.0,30.0,33.0,35.0,36.0,39.0,42.0,44.0,47.0,48.2,50.0,56.0,64.0,inferred
Pendle,2021-08-27,21.0,26.0,29.0,31.0,32.0,35.0,37.0,40.0,43.0,45.0,46.0,50.0,58.0,inferred
Pendle,2021-08-28,16.0,20.0,24.0,25.0,27.0,29.0,31.0,34.0,36.0,38.0,39.0,44.0,51.0,inferred
Pendle,2021-08-29,17.5,23.0,26.0,27.0,29.0,31.0,33.0,36.0,38.0,40.0,41.0,46.0,54.5,inferred
Pendle,2021-08-30,28.0,34.0,38.0,40.0,41.0,44.0,47.0,49.0,52.0,54.0,56.0,62.0,69.5,inferred
Pendle,2021-08-31,26.0,31.0,36.0,38.0,39.0,42.0,45.0,47.0,51.0,52.0,54.0,59.0,67.0,inferred
Pendle,2021-09-01,28.0,34.0,37.0,39.0,40.0,43.0,46.0,49.0,52.0,53.0,55.0,60.0,69.0,inferred
Pendle,2021-09-02,27.0,32.0,37.0,38.0,40.0,42.6,45.0,48.0,51.0,53.0,54.0,59.0,67.5,inferred
Pendle,2021-09-03,24.0,29.0,32.8,34.0,35.0,37.0,40.0,42.0,45.0,46.0,48.0,53.0,60.0,inferred
Pendle,2021-09-04,17.0,22.0,26.0,28.0,29.0,31.0,33.0,36.0,38.0,39.0,41.0,46.0,54.0,inferred
Pendle,2021-09-05,20.0,25.0,29.0,30.0,31.0,34.0,36.0,39.0,41.0,43.0,45.0,50.0,57.0,inferred
Pendle,2021-09-06,31.0,37.0,42.0,44.0,45.0,48.0,50.0,53.0,57.0,59.0,61.0,66.0,75.0,inferred
Pendle,2021-09-07,29.0,34.0,38.0,40.0,42.0,44.0,47.0,50.0,53.0,55.0,57.0,62.0,71.0,inferred
Pendle,2021-09-08,28.0,34.0,38.0,40.0,41.7,44.0,47.0,50.0,53.0,55.0,57.0,62.0,71.0,inferred
Pendle,2021-09-09,26.0,32.0,36.0,37.0,39.0,42.0,44.0,47.0,50.0,51.0,53.0,59.0,68.0,inferred
Pendle,2021-09-10,22.0,28.0,31.0,32.0,34.0,36.0,38.0,41.0,43.0,45.0,47.0,52.0,59.0,inferred
Pendle,2021-09-11,18.0,21.0,25.0,26.0,27.7,30.0,32.0,34.0,36.0,38.0,40.0,44.0,52.0,inferred
Pendle,2021-09-12,18.0,22.0,26.0,27.0,29.0,31.0,33.0,35.0,37.3,39.0,41.0,45.0,53.0,inferred
Pendle,2021-09-13,27.0,33.0,37.0,38.0,40.0,42.0,45.0,48.0,51.0,53.0,55.0,60.0,68.0,inferred
Pendle,2021-09-14,24.0,30.0,34.0,35.0,37.0,39.0,42.0,45.0,48.0,49.0,51.0,56.0,66.0,inferred
Pendle,2021-09-15,24.0,30.0,34.0,36.0,37.0,40.0,43.0,45.0,48.0,50.0,51.0,56.0,64.0,inferred
Pendle,2021-09-16,24.0,30.0,34.0,35.0,36.0,39.0,42.0,44.0,47.0,48.0,50.0,54.0,63.0,inferred
Pendle,2021-09-17,20.0,25.0,29.0,30.8,32.0,35.0,37.0,39.0,42.0,43.0,45.0,49.0,57.0,inferred
Pendle,2021-09-18,16.0,21.0,24.0,25.0,26.0,28.0,30.0,33.0,35.0,36.0,38.0,43.0,50.0,inferred
Pendle,2021-09-19,18.0,22.0,25.0,27.0,28.0,31.0,33.0,35.0,37.0,39.0,40.0,44.0,51.0,inferred
Pendle,2021-09-20,26.0,32.0,37.0,38.0,39.0,42.0,44.0,47.0,50.0,52.2,54.0,59.0,67.0,inferred
Pendle,2021-09-21,23.0,30.0,34.0,36.0,37.0,40.0,42.0,45.0,48.0,50.0,52.0,56.1,65.0,inferred
Pendle,2021-09-22,24.0,29.0,33.0,35.0,36.0,39.0,42.0,45.0,48.0,49.0,51.0,56.0,64.0,inferred
Pendle,2021-09-23,22.0,28.0,32.0,33.0,35.0,38.0,40.0,43.0,45.0,47.0,48.0,54.0,61.0,inferred
Pendle,2021-09-24,19.0,24.0,27.0,28.0,30.0,32.0,34.0,37.0,39.0,41.0,42.0,47.0,54.5,inferred
Pendle,2021-09-25,15.0,19.0,22.0,23.0,24.0,26.0,28.0,30.0,33.0,34.0,36.0,40.0,47.0,inferred
Pendle,2021-09-26,15.0,20.0,23.0,24.0,25.0,28.0,30.0,32.0,34.3,36.0,37.0,42.0,50.5,inferred
Pendle,2021-09-27,23.0,29.0,33.0,35.0,36.0,39.0,41.0,43.0,46.0,48.0,50.0,55.0,63.0,inferred
Pendle,2021-09-28,22.0,27.9,31.0,32.0,34.0,36.0,39.0,41.0,44.0,46.0,48.0,53.0,61.5,inferred
Pendle,2021-09-29,22.0,28.0,32.0,33.8,35.0,38.0,40.0,43.0,46.0,47.0,49.0,54.0,64.0,inferred
Pendle,2021-09-30,22.0,28.0,32.0,34.0,35.0,37.0,39.0,42.0,44.0,46.0,48.0,53.0,62.0,inferred
Pendle,2021-10-01,20.0,25.0,29.0,30.0,31.0,33.6,36.0,38.0,41.0,43.0,45.0,49.0,57.0,inferred
Pendle,2021-10-02,16.0,21.0,24.0,25.0,27.0,29.0,31.0,33.0,35.0,37.0,39.0,42.0,49.5,inferred
Pendle,2021-10-03,18.0,23.0,26.0,28.0,29.0,31.0,34.0,36.0,39.0,40.0,42.0,46.0,54.0,inferred
Pendle,2021-10-04,29.0,36.0,39.0,41.0,42.0,45.0,48.0,51.0,53.0,55.0,57.0,62.0,70.0,inferred
Pendle,2021-10-05,28.0,34.0,38.0,39.0,41.0,43.0,46.0,49.0,52.0,53.0,55.0,60.0,69.0,inferred
Pendle,2021-10-06,30.0,35.0,39.0,41.0,42.0,45.0,48.0,51.0,54.0,56.0,58.0,64.0,71.0,inferred
Pendle,2021-10-07,28.0,34.0,38.0,40.0,41.0,45.0,47.0,49.4,53.0,54.0,56.0,61.0,69.5,inferred
Pendle,2021-10-08,25.0,31.0,35.0,36.0,37.0,40.0,42.0,44.0,48.0,49.0,51.0,57.0,65.0,inferred
Pendle,2021-10-09,20.0,25.0,29.0,30.0,32.0,34.0,36.0,39.0,41.0,43.0,44.0,49.1,57.0,inferred
Pendle,2021-10-10,23.0,28.0,32.0,33.0,34.0,37.0,40.0,42.0,45.0,47.0,48.0,53.0,62.5,inferred
Pendle,2021-10-11,35.0,41.0,46.0,48.0,50.0,53.0,56.0,59.0,63.0,65.0,67.0,72.0,82.0,inferred
Pendle,2021-10-12,33.0,39.0,44.0,45.0,47.0,50.0,53.0,56.0,59.0,61.0,63.0,69.0,78.0,inferred
Pendle,2021-10-13,32.0,39.0,43.0,45.0,47.0,50.0,53.0,56.0,59.0,61.0,63.0,69.0,78.0,inferred
Pendle,2021-10-14,30.0,36.0,41.0,43.0,44.0,48.0,51.0,53.0,57.0,59.0,61.0,68.0,76.0,inferred
Pendle,2021-10-15,26.0,32.0,36.0,37.0,39.0,42.0,45.0,48.0,51.0,53.0,54.0,60.0,70.0,inferred
Perth and Kinross,2021-07-03,210.5,262.0,299.0,313.0,329.0,358.6,388.0,422.0,454.0,474.2,494.0,551.1,654.5,inferred
Perth and Kinross,2021-07-04,172.0,228.0,267.0,282.0,300.7,330.0,354.0,381.0,412.0,434.0,455.0,519.1,615.5,inferred
Perth and Kinross,2021-07-05,142.4,191.0,223.0,235.0,248.0,272.0,293.0,322.4,351.0,365.0,382.0,438.1,526.1,inferred
Perth and Kinross,2021-07-06,145.5,196.9,231.8,247.0,260.0,288.0,313.0,338.0,368.3,388.0,405.2,465.0,576.5,inferred
Perth and Kinross,2021-07-07,176.0,222.0,262.0,278.0,292.0,316.0,338.0,363.0,396.0,411.0,434.0,495.0,591.5,inferred
Perth and Kinross,2021-07-08,128.5,167.9,195.0,208.8,219.0,242.0,268.0,291.0,322.0,339.0,360.0,415.0,517.1,inferred
Perth and Kinross,2021-07-09,115.5,161.0,193.0,204.0,216.0,240.0,266.0,291.4,313.3,331.0,351.0,405.1,493.5,inferred
Perth and Kinross,2021-07-10,140.0,185.9,218.0,231.0,247.0,272.0,295.0,320.0,349.3,367.0,389.0,442.1,542.0,inferred
Perth and Kinross,2021-07-11,117.0,159.0,187.0,201.0,214.0,237.0,260.0,285.0,316.0,333.2,353.0,405.1,473.5,inferred
Perth and Kinross,2021-07-12,80.0,114.0,142.0,155.0,164.0,184.0,203.0,226.0,251.0,265.0,281.0,328.1,399.0,inferred
Perth and Kinross,2021-07-13,76.5,115.9,147.0,159.0,169.0,190.0,212.0,232.4,256.3,274.0,289.0,347.1,420.5,inferred
Perth and Kinross,2021-07-14,90.5,129.9,159.0,172.8,181.0,205.6,227.5,252.0,278.0,292.0,306.0,360.2,438.6,inferred
Perth and Kinross,2021-07-15,62.0,90.0,114.0,122.0,131.0,151.0,171.0,192.0,215.0,227.0,239.2,285.0,367.6,inferred
Perth and Kinross,2021-07-16,55.0,85.9,106.0,116.0,125.0,143.0,162.0,184.0,205.3,217.0,232.0,270.0,335.0,inferred
Perth and Kinross,2021-07-17,60.0,92.0,118.8,127.0,135.7,155.0,174.0,194.0,215.3,229.0,247.0,288.1,359.0,inferred
Perth and Kinross,2021-07-18,47.5,76.0,97.8,106.0,117.0,132.0,149.0,165.0,186.0,198.2,213.0,252.0,344.5,inferred
Perth and Kinross,2021-07-19,30.0,51.0,70.0,77.0,83.0,98.0,113.0,131.0,150.0,160.2,175.0,211.1,278.0,inferred
Perth and Kinross,2021-07-20,29.0,51.0,72.0,77.0,86.0,101.0,116.0,133.0,150.0,163.0,180.2,217.1,285.5,inferred
Perth and Kinross,2021-07-21,32.0,55.0,75.0,83.0,89.0,105.0,120.0,138.0,155.0,166.0,178.2,219.0,283.0,inferred
Perth and Kinross,2021-07-22,19.5,36.0,52.0,59.0,65.0,78.0,92.0,107.0,122.3,133.0,145.0,177.0,242.0,inferred
Perth and Kinross,2021-07-23,19.0,34.0,49.0,55.0,62.0,73.0,88.0,102.4,120.3,129.0,140.0,175.0,239.6,inferred
Perth and Kinross,2021-07-24,18.5,36.0,52.0,59.0,66.0,80.0,91.0,107.0,125.0,136.0,149.0,179.0,238.5,inferred
Perth and Kinross,2021-07-25,17.0,31.0,43.0,50.0,56.0,67.0,81.0,93.0,110.0,119.0,130.0,164.0,216.5,inferred
Perth and Kinross,2021-07-26,8.0,19.0,28.8,34.0,38.0,48.0,57.0,68.0,84.0,93.0,101.0,135.1,201.6,inferred
Perth and Kinross,2021-07-27,8.0,18.0,29.0,34.0,38.0,49.0,60.0,72.0,86.0,96.0,108.0,138.1,206.5,inferred
Perth and Kinross,2021-07-28,11.0,23.0,35.0,40.0,45.0,56.0,67.0,79.0,91.3,103.0,115.0,147.1,211.0,inferred
Perth and Kinross,2021-07-29,6.5,15.0,25.0,29.0,33.0,43.0,52.5,65.0,79.0,86.0,95.0,125.0,178.6,inferred
Perth and Kinross,2021-07-30,7.0,17.0,26.0,30.8,35.0,44.0,55.0,69.0,80.0,88.0,99.0,133.0,192.0,inferred
Perth and Kinross,2021-07-31,9.0,20.0,30.0,35.0,41.0,52.0,64.0,75.0,89.0,97.0,109.0,143.0,202.5,inferred
Perth and Kinross,2021-08-01,8.0,18.0,28.0,33.0,38.0,47.0,58.0,70.0,85.0,95.0,105.0,139.0,193.0,inferred
Perth and Kinross,2021-08-02,4.0,11.0,19.0,22.0,27.0,36.0,46.0,57.0,69.0,77.0,86.0,117.0,174.0,inferred
Perth and Kinross,2021-08-03,5.0,15.0,24.0,28.0,32.0,41.0,52.0,62.0,76.0,84.2,96.0,122.1,178.0,inferred
Perth and Kinross,2021-08-04,9.0,21.0,32.0,37.0,42.0,51.0,62.0,75.0,91.0,100.0,109.0,139.0,199.0,inferred
Perth and Kinross,2021-08-05,6.0,16.0,25.0,29.0,33.0,42.6,53.0,64.0,77.0,84.2,96.0,127.0,173.0,inferred
Perth and Kinross,2021-08-06,7.0,17.0,27.0,32.0,37.0,46.0,56.0,67.0,82.0,89.0,100.0,127.0,178.0,inferred
Perth and Kinross,2021-08-07,11.0,23.0,35.0,41.0,47.0,58.0,68.5,81.0,95.0,106.0,117.0,147.0,206.5,inferred
Perth and Kinross,2021-08-08,10.0,22.0,36.0,41.0,45.0,57.0,67.0,79.0,93.0,101.0,111.0,142.0,207.0,inferred
Perth and Kinross,2021-08-09,7.0,16.0,27.0,32.0,36.0,46.0,54.0,66.0,82.0,90.0,102.0,131.1,188.6,inferred
Perth and Kinross,2021-08-10,9.0,20.0,31.0,36.0,42.7,53.0,64.0,76.0,90.0,98.0,110.0,141.0,198.1,inferred
Perth and Kinross,2021-08-11,18.0,32.0,44.0,49.0,56.0,69.0,81.0,96.0,111.0,122.0,133.0,163.0,235.5,inferred
Perth and Kinross,2021-08-12,12.0,26.0,39.0,44.0,50.0,61.0,72.0,85.0,101.0,111.0,123.2,155.0,208.0,inferred
Perth and Kinross,2021-08-13,17.0,30.0,43.0,49.0,54.0,67.0,78.5,94.0,113.0,124.0,136.0,172.1,234.0,inferred
Perth and Kinross,2021-08-14,28.0,44.0,61.0,69.0,75.0,89.0,104.0,119.0,139.0,150.0,160.2,194.0,264.5,inferred
Perth and Kinross,2021-08-15,22.0,44.0,62.0,68.0,75.0,89.0,104.0,120.0,140.0,149.0,161.0,196.2,269.0,inferred
Perth and Kinross,2021-08-16,19.0,36.0,51.0,58.0,65.0,79.0,92.0,107.0,126.0,136.0,148.2,186.0,246.0,inferred
Perth and Kinross,2021-08-17,28.0,50.0,68.0,75.8,83.0,95.0,109.0,126.4,145.3,157.0,169.0,204.0,272.0,inferred
Perth and Kinross,2021-08-18,41.5,68.0,92.0,100.0,108.0,124.0,140.0,160.0,177.0,192.0,207.2,254.1,329.6,inferred
Perth and Kinross,2021-08-19,36.5,61.0,79.8,89.0,96.0,113.0,128.0,144.0,164.0,178.0,190.0,233.0,308.0,inferred
Perth and Kinross,2021-08-20,44.5,71.0,94.0,103.0,111.0,127.0,145.0,163.4,184.0,195.0,214.0,250.0,322.6,inferred
Perth and Kinross,2021-08-21,69.5,103.0,128.0,139.0,148.0,167.6,189.0,210.0,235.3,250.0,265.0,319.0,398.7,inferred
Perth and Kinross,2021-08-22,72.0,105.0,129.0,143.0,154.7,174.0,195.0,216.0,241.0,256.0,272.0,323.0,410.0,inferred
Perth and Kinross,2021-08-23,61.0,90.0,116.0,126.8,137.0,157.6,176.5,196.0,219.3,234.2,248.2,300.1,389.0,inferred
Perth and Kinross,2021-08-24,78.5,114.0,143.0,155.0,166.0,191.0,211.0,234.0,261.0,277.2,295.0,338.1,418.5,inferred
Perth and Kinross,2021-08-25,112.0,154.0,185.0,198.8,210.0,233.6,255.0,278.4,308.0,323.0,343.0,394.0,487.5,inferred
Perth and Kinross,2021-08-26,92.0,128.0,158.0,171.8,181.7,203.0,226.0,251.0,276.0,292.0,308.0,353.0,450.0,inferred
Perth and Kinross,2021-08-27,110.0,151.0,183.0,194.8,208.0,229.0,251.0,274.0,304.0,322.0,339.0,385.1,475.0,inferred
Perth and Kinross,2021-08-28,144.5,188.9,224.8,241.0,254.7,275.0,299.5,329.0,359.0,372.0,393.0,453.0,544.0,inferred
Perth and Kinross,2021-08-29,145.5,190.0,222.0,235.0,249.0,274.6,301.0,329.0,359.0,376.0,396.0,455.0,556.5,inferred
Perth and Kinross,2021-08-30,122.5,161.9,196.0,210.0,223.0,245.6,269.5,293.0,323.0,339.0,360.0,414.0,504.6,inferred
Perth and Kinross,2021-08-31,137.5,186.0,225.0,238.8,254.0,274.0,299.0,327.0,357.0,373.0,399.0,457.1,553.0,inferred
Perth and Kinross,2021-09-01,175.0,226.8,264.0,282.0,295.0,323.0,349.0,378.0,415.3,438.0,463.0,520.0,632.1,inferred
Perth and Kinross,2021-09-02,129.5,187.0,219.0,233.0,244.0,268.0,296.0,319.0,347.0,363.2,384.0,441.0,530.0,inferred
Perth and Kinross,2021-09-03,146.5,192.0,224.0,238.0,252.0,278.0,304.0,335.0,364.0,384.0,405.0,462.0,563.5,inferred
Perth and Kinross,2021-09-04,180.5,229.0,268.8,287.0,300.0,331.0,359.0,385.0,424.0,442.0,462.0,523.0,620.6,inferred
Perth and Kinross,2021-09-05,162.0,206.0,245.0,266.8,281.0,309.0,335.0,368.4,399.0,418.0,443.2,502.0,622.0,inferred
Perth and Kinross,2021-09-06,127.0,177.0,213.0,227.0,240.0,264.0,287.0,317.4,346.0,362.0,383.0,437.0,528.5,inferred
Perth and Kinross,2021-09-07,142.5,190.0,221.0,236.0,249.7,275.0,306.0,335.0,366.0,385.0,404.0,462.0,561.0,inferred
Perth and Kinross,2021-09-08,160.0,213.9,251.0,266.0,281.0,310.0,334.0,362.0,390.3,408.0,431.0,489.1,579.5,inferred
Perth and Kinross,2021-09-09,103.0,142.9,179.8,194.0,208.7,232.0,254.0,278.0,305.0,320.0,337.2,389.1,478.0,inferred
Perth and Kinross,2021-09-10,103.0,147.9,177.8,190.0,202.0,225.6,247.0,268.0,296.0,311.2,327.0,372.1,469.0,inferred
Perth and Kinross,2021-09-11,112.0,153.0,184.0,199.0,214.0,237.0,264.0,288.0,318.0,332.0,351.2,399.0,503.0,inferred
Perth and Kinross,2021-09-12,93.0,130.0,155.8,168.0,177.7,199.0,222.5,245.0,270.0,285.0,300.0,354.0,442.0,inferred
Perth and Kinross,2021-09-13,63.5,98.0,123.0,131.0,141.0,162.0,180.0,197.0,219.3,231.0,248.0,294.0,367.0,inferred
Perth and Kinross,2021-09-14,66.5,98.0,121.0,132.0,143.0,161.0,184.0,204.0,226.0,237.2,252.0,303.1,382.7,inferred
Perth and Kinross,2021-09-15,78.0,110.0,139.0,151.0,160.0,181.0,203.0,225.0,247.0,263.0,283.0,325.1,415.6,inferred
Perth and Kinross,2021-09-16,56.0,85.0,110.0,120.0,129.0,147.0,163.0,186.0,205.3,219.0,234.0,279.0,358.5,inferred
Perth and Kinross,2021-09-17,59.0,85.0,110.0,119.0,129.0,147.0,165.0,185.0,209.0,220.0,235.0,278.1,349.5,inferred
Perth and Kinross,2021-09-18,70.0,103.0,128.0,138.0,147.0,168.0,188.0,213.0,237.0,252.0,267.0,318.1,381.0,inferred
Perth and Kinross,2021-09-19,63.0,93.0,114.0,126.0,136.0,153.0,172.0,193.0,219.0,231.0,246.0,295.0,370.6,inferred
Perth and Kinross,2021-09-20,43.0,69.0,92.8,102.0,111.0,128.0,147.0,164.0,186.0,199.2,214.0,255.0,329.5,inferred
Perth and Kinross,2021-09-21,50.0,79.0,97.8,108.0,118.0,134.0,152.0,174.0,196.0,208.0,223.0,268.0,332.6,inferred
Perth and Kinross,2021-09-22,60.0,98.9,125.0,136.8,146.0,168.0,189.0,210.0,231.3,247.2,264.0,309.1,396.0,inferred
Perth and Kinross,2021-09-23,54.5,81.9,102.0,111.0,120.0,136.0,154.0,172.0,196.0,208.2,225.0,267.0,339.5,inferred
Perth and Kinross,2021-09-24,60.5,88.0,109.0,120.0,129.0,149.0,167.0,185.0,206.0,220.0,235.0,279.1,363.6,inferred
Perth and Kinross,2021-09-25,82.0,118.0,145.0,155.0,165.0,183.0,204.0,226.0,249.0,265.0,283.2,333.0,415.1,inferred
Perth and Kinross,2021-09-26,69.5,108.0,131.0,144.0,153.0,175.0,196.0,219.0,242.3,258.0,274.2,327.0,408.1,inferred
Perth and Kinross,2021-09-27,58.0,90.0,113.0,124.8,133.7,152.0,169.0,188.0,210.3,225.0,242.2,285.0,362.6,inferred
Perth and Kinross,2021-09-28,69.0,100.0,126.0,139.0,148.0,166.0,184.0,204.4,229.0,244.0,260.2,312.0,393.0,inferred
Perth and Kinross,2021-09-29,83.0,118.0,149.0,159.0,171.0,194.0,215.0,234.0,261.0,275.0,293.0,347.1,428.6,inferred
Perth and Kinross,2021-09-30,68.0,95.0,120.8,130.0,143.0,161.0,180.0,200.0,223.0,236.0,248.2,295.1,376.0,inferred
Perth and Kinross,2021-10-01,63.0,96.9,122.8,133.0,143.7,162.0,181.0,201.0,224.3,237.0,254.0,300.0,383.5,inferred
Perth and Kinross,2021-10-02,83.0,119.9,149.0,160.0,170.0,191.0,212.5,237.0,261.0,274.0,293.2,346.0,424.5,inferred
Perth and Kinross,2021-10-03,74.5,110.0,138.0,149.0,158.0,177.0,198.0,221.0,248.0,267.0,280.0,323.0,403.0,inferred
Perth and Kinross,2021-10-04,57.0,87.0,111.0,123.0,131.7,151.0,172.0,191.0,215.0,228.2,246.0,295.1,383.0,inferred
Perth and Kinross,2021-10-05,66.5,99.9,124.0,137.0,146.0,165.0,181.0,203.0,230.0,246.0,265.0,311.1,389.0,inferred
Perth and Kinross,2021-10-06,79.5,115.0,146.0,159.0,171.0,193.0,214.0,238.0,264.0,277.0,292.2,336.1,422.5,inferred
Perth and Kinross,2021-10-07,65.0,90.0,118.0,128.0,139.0,158.0,178.5,198.0,222.0,235.0,249.0,292.1,378.5,inferred
Perth and Kinross,2021-10-08,67.0,102.9,131.0,141.0,152.0,171.0,190.0,210.0,231.0,244.0,258.0,307.1,378.5,inferred
Perth and Kinross,2021-10-09,82.5,124.0,149.0,164.0,175.0,199.0,220.0,242.0,269.0,282.2,300.0,352.2,461.0,inferred
Perth and Kinross,2021-10-10,77.0,114.0,141.0,151.0,160.0,179.6,200.0,222.0,249.0,266.0,282.2,330.1,419.0,inferred
Perth and Kinross,2021-10-11,58.5,90.0,115.0,127.0,138.0,156.6,174.5,198.0,222.0,237.0,254.0,297.0,383.5,inferred
Perth and Kinross,2021-10-12,65.5,103.9,130.0,140.8,149.7,166.0,189.0,212.0,235.0,250.0,266.0,313.1,394.5,inferred
Perth and Kinross,2021-10-13,85.0,126.0,158.0,168.0,180.0,203.0,224.0,249.0,275.0,288.0,306.2,357.0,450.0,inferred
Perth and Kinross,2021-10-14,65.5,95.0,120.0,132.0,142.0,164.0,184.5,206.0,232.0,247.0,263.2,311.1,388.5,inferred
Perth and Kinross,2021-10-15,67.5,103.0,131.8,143.0,154.0,176.0,195.0,215.0,241.0,259.0,275.0,326.0,410.6,inferred
Peterborough,2021-07-03,16.0,22.0,26.0,27.0,28.0,31.0,33.0,36.0,39.0,40.0,42.0,47.0,56.0,inferred
Peterborough,2021-07-04,16.0,24.0,27.0,29.0,31.0,33.0,36.0,38.0,41.0,43.0,45.0,50.0,60.0,inferred
Peterborough,2021-07-05,28.0,34.0,39.0,41.0,42.0,45.0,49.0,52.0,56.0,57.0,59.0,65.0,74.0,inferred
Peterborough,2021-07-06,27.5,34.0,39.0,41.0,43.0,46.0,49.0,53.0,56.0,58.0,60.0,65.0,76.5,inferred
Peterborough,2021-07-07,30.0,39.0,43.0,45.0,47.0,50.0,54.0,57.0,60.0,62.0,65.0,71.0,81.0,inferred
Peterborough,2021-07-08,34.0,40.0,46.0,48.0,49.0,53.0,56.0,60.0,64.0,66.0,68.0,74.1,86.0,inferred
Peterborough,2021-07-09,32.0,40.0,45.0,47.0,49.0,52.0,56.0,59.0,63.0,65.0,68.0,74.0,84.0,inferred
Peterborough,2021-07-10,29.0,37.0,42.0,43.0,45.0,48.0,52.0,55.0,58.0,60.0,62.0,68.0,80.0,inferred
Peterborough,2021-07-11,33.0,42.0,47.0,49.0,51.0,55.0,58.0,62.0,66.0,68.0,71.0,78.0,90.5,inferred
Peterborough,2021-07-12,54.5,65.0,71.0,74.0,76.0,80.0,85.0,90.0,94.0,97.0,100.0,107.0,122.0,inferred
Peterborough,2021-07-13,55.0,65.0,72.0,75.0,78.0,82.0,87.0,91.0,97.0,99.0,102.0,110.1,126.0,inferred
Peterborough,2021-07-14,60.0,68.0,75.0,77.0,81.0,85.0,90.0,94.4,100.0,103.0,106.0,116.0,129.0,inferred
Peterborough,2021-07-15,55.5,67.0,74.0,76.0,79.0,83.0,88.0,92.0,97.0,99.0,102.0,110.0,126.0,inferred
Peterborough,2021-07-16,53.0,62.0,68.0,71.0,73.0,78.0,83.0,87.0,92.0,95.0,98.0,105.0,118.0,inferred
Peterborough,2021-07-17,43.0,52.0,58.0,60.0,63.0,67.0,71.0,75.4,80.0,83.0,85.0,93.0,107.0,inferred
Peterborough,2021-07-18,48.0,56.0,62.0,64.0,66.0,71.0,75.0,78.0,83.0,85.0,88.0,96.0,110.5,inferred
Peterborough,2021-07-19,68.0,80.0,88.0,90.0,93.0,98.0,103.0,107.0,113.0,115.0,119.0,129.0,145.0,inferred
Peterborough,2021-07-20,63.5,75.0,82.0,85.0,87.0,92.0,97.0,101.0,107.0,110.0,113.0,122.1,137.0,inferred
Peterborough,2021-07-21,65.0,75.0,83.0,86.0,88.0,93.0,98.0,103.0,108.0,110.2,114.0,121.1,135.0,inferred
Peterborough,2021-07-22,62.0,71.0,78.0,81.0,84.0,89.0,93.0,97.0,102.0,104.0,108.0,116.0,132.0,inferred
Peterborough,2021-07-23,54.5,64.0,71.0,72.8,75.0,78.0,83.0,88.0,92.0,95.0,98.0,107.0,120.0,inferred
Peterborough,2021-07-24,43.0,51.0,57.0,59.0,61.0,65.0,69.0,73.0,78.0,80.0,83.0,90.0,101.0,inferred
Peterborough,2021-07-25,45.0,54.0,59.0,61.0,64.0,68.0,72.0,75.4,79.3,82.0,85.0,93.0,104.5,inferred
Peterborough,2021-07-26,63.0,74.0,81.0,83.0,86.0,91.0,96.0,100.0,105.0,108.0,111.0,120.0,135.5,inferred
Peterborough,2021-07-27,62.0,72.0,79.0,82.0,84.0,89.0,93.0,98.4,103.3,106.0,109.0,118.0,134.0,inferred
Peterborough,2021-07-28,65.0,76.0,85.0,87.0,90.0,95.0,100.0,105.0,110.0,113.0,116.0,124.1,140.0,inferred
Peterborough,2021-07-29,70.0,79.0,88.0,90.0,93.0,97.6,102.0,107.0,112.0,115.0,118.0,127.0,142.0,inferred
Peterborough,2021-07-30,65.5,77.0,84.0,86.0,89.0,93.0,98.0,103.0,108.0,111.0,115.0,123.0,138.0,inferred
Peterborough,2021-07-31,59.5,68.0,75.0,77.8,80.0,84.0,89.0,93.0,98.0,101.0,104.0,113.0,125.0,inferred
Peterborough,2021-08-01,66.0,76.0,82.0,85.0,88.0,91.0,96.0,101.0,107.0,110.0,113.0,121.0,136.0,inferred
Peterborough,2021-08-02,99.0,111.0,119.0,122.0,126.0,132.0,137.0,143.0,148.0,151.0,155.0,167.0,183.0,inferred
Peterborough,2021-08-03,95.0,108.0,117.0,121.0,124.0,129.0,135.0,140.0,146.0,149.2,154.0,164.1,181.0,inferred
Peterborough,2021-08-04,100.0,113.0,122.0,125.0,128.0,134.0,140.0,146.0,152.0,155.0,160.0,170.0,187.0,inferred
Peterborough,2021-08-05,100.0,113.0,121.0,124.0,128.0,134.0,139.0,144.0,151.0,153.0,158.0,170.1,188.5,inferred
Peterborough,2021-08-06,92.0,106.0,114.0,118.0,120.7,125.0,130.0,135.0,142.0,145.0,149.0,159.0,176.0,inferred
Peterborough,2021-08-07,78.0,89.0,97.0,100.0,102.7,108.0,113.0,118.0,123.0,126.0,130.0,139.0,156.5,inferred
Peterborough,2021-08-08,83.5,95.0,104.0,107.0,110.0,116.0,121.0,126.0,132.0,135.0,139.0,148.0,162.0,inferred
Peterborough,2021-08-09,120.0,136.0,147.0,150.0,154.0,160.0,166.0,173.0,179.0,183.0,187.0,199.0,215.0,inferred
Peterborough,2021-08-10,119.0,132.0,141.0,145.0,148.0,154.0,159.0,165.0,173.0,177.0,181.0,192.0,212.5,inferred
Peterborough,2021-08-11,117.0,133.0,142.0,146.0,149.0,155.0,161.0,167.0,174.0,178.0,182.0,192.0,210.0,inferred
Peterborough,2021-08-12,108.0,124.0,135.0,139.0,142.0,147.0,153.0,158.0,163.0,166.0,170.0,181.0,199.0,inferred
Peterborough,2021-08-13,99.0,111.9,120.0,123.0,126.0,133.0,138.0,144.0,151.0,154.0,158.0,167.0,183.5,inferred
Peterborough,2021-08-14,80.0,91.0,99.0,102.0,105.0,110.0,114.0,120.0,125.0,128.0,131.0,139.0,157.0,inferred
Peterborough,2021-08-15,81.0,93.0,101.0,104.0,107.0,111.6,117.0,122.0,127.0,130.0,134.0,144.0,161.5,inferred
Peterborough,2021-08-16,112.5,125.0,136.0,139.0,143.0,149.0,155.0,161.0,169.0,173.0,177.0,188.0,206.0,inferred
Peterborough,2021-08-17,108.0,121.0,130.0,133.0,136.0,143.0,149.0,155.0,161.0,165.0,168.2,179.0,196.0,inferred
Peterborough,2021-08-18,109.0,122.9,132.0,135.0,138.0,145.0,151.0,157.0,163.0,166.0,170.0,182.0,200.0,inferred
Peterborough,2021-08-19,103.5,118.0,127.0,131.0,134.0,140.0,145.0,151.0,156.0,160.0,164.2,176.0,194.0,inferred
Peterborough,2021-08-20,94.0,109.0,118.0,121.0,124.0,129.0,133.0,139.0,144.0,148.0,152.0,162.0,181.5,inferred
Peterborough,2021-08-21,78.0,90.0,98.0,101.0,104.0,109.0,113.0,118.0,123.0,126.0,130.0,139.0,155.0,inferred
Peterborough,2021-08-22,85.0,95.0,103.0,105.0,107.0,112.0,118.0,124.0,129.0,132.0,136.0,147.0,162.5,inferred
Peterborough,2021-08-23,116.0,130.0,140.0,143.8,147.0,153.0,159.0,165.0,172.0,176.0,181.0,192.0,209.5,inferred
Peterborough,2021-08-24,109.0,123.0,133.0,137.0,140.7,146.0,152.0,157.4,163.0,168.0,172.0,184.0,200.0,inferred
Peterborough,2021-08-25,110.0,123.0,134.0,137.0,140.0,147.0,152.0,158.0,165.0,169.0,173.0,183.0,199.0,inferred
Peterborough,2021-08-26,103.0,117.9,127.0,130.0,133.0,138.0,144.0,149.0,155.0,159.0,162.0,172.1,187.0,inferred
Peterborough,2021-08-27,91.0,104.0,112.0,115.0,118.0,123.0,128.0,134.0,140.0,144.0,147.0,157.0,174.5,inferred
Peterborough,2021-08-28,74.0,84.0,92.0,95.0,97.0,102.0,107.0,112.0,117.3,120.0,124.0,133.0,149.5,inferred
Peterborough,2021-08-29,76.0,88.0,95.0,98.0,101.0,106.0,111.0,115.0,121.0,124.0,128.0,136.0,153.0,inferred
Peterborough,2021-08-30,105.0,119.0,128.0,132.0,135.0,140.0,145.0,151.0,158.0,161.0,165.0,175.0,191.0,inferred
Peterborough,2021-08-31,99.0,110.0,120.0,124.0,127.0,132.0,138.0,142.4,148.0,152.0,156.0,166.0,180.5,inferred
Peterborough,2021-09-01,100.0,112.0,120.0,123.0,126.0,132.0,138.0,144.0,150.0,154.0,158.0,169.0,183.0,inferred
Peterborough,2021-09-02,95.0,107.0,115.0,118.0,121.0,126.0,132.0,137.0,142.0,145.0,150.0,159.1,177.0,inferred
Peterborough,2021-09-03,85.0,94.0,103.0,106.0,108.0,113.0,118.0,124.0,129.0,133.0,136.0,144.0,161.0,inferred
Peterborough,2021-09-04,68.0,78.0,85.0,87.0,89.0,94.0,98.0,103.4,109.0,112.0,115.0,125.0,140.0,inferred
Peterborough,2021-09-05,68.0,79.0,86.8,90.0,93.0,98.0,103.0,107.0,113.0,116.0,119.0,128.0,141.5,inferred
Peterborough,2021-09-06,95.5,109.0,118.0,121.0,124.0,130.0,135.0,141.0,147.0,151.0,154.0,165.0,182.5,inferred
Peterborough,2021-09-07,88.5,100.0,108.0,111.0,114.0,119.0,124.0,130.0,137.0,140.2,144.0,154.0,167.5,inferred
Peterborough,2021-09-08,84.0,96.0,105.0,108.0,111.0,117.0,122.0,127.0,131.0,134.0,138.2,149.0,167.5,inferred
Peterborough,2021-09-09,76.0,88.0,94.0,98.0,100.0,105.0,110.0,115.0,121.0,124.0,127.0,136.0,153.5,inferred
Peterborough,2021-09-10,64.0,75.0,83.0,86.0,88.0,93.0,97.0,102.0,107.0,109.0,112.2,122.0,137.0,inferred
Peterborough,2021-09-11,51.0,60.0,66.0,68.0,70.0,74.0,78.0,82.0,86.0,89.0,92.0,99.1,111.0,inferred
Peterborough,2021-09-12,50.0,58.0,65.0,68.0,70.0,73.0,77.5,82.0,87.0,90.0,93.0,101.0,114.5,inferred
Peterborough,2021-09-13,68.0,79.0,86.0,89.0,92.0,97.0,101.0,106.0,111.0,114.0,116.0,126.0,140.0,inferred
Peterborough,2021-09-14,65.0,74.0,81.0,83.0,86.0,91.0,95.0,99.0,104.0,107.0,111.0,119.0,133.0,inferred
Peterborough,2021-09-15,65.0,76.0,84.0,87.0,89.0,94.0,98.0,103.0,108.0,112.0,115.0,124.0,136.0,inferred
Peterborough,2021-09-16,64.5,73.9,81.0,84.0,87.0,92.0,96.0,101.0,106.0,108.0,112.0,121.0,137.5,inferred
Peterborough,2021-09-17,60.5,70.9,77.0,80.0,82.0,87.0,91.0,96.0,100.0,103.0,105.0,114.0,128.0,inferred
Peterborough,2021-09-18,48.0,60.0,66.0,68.0,70.7,75.0,79.0,83.0,88.0,91.0,94.0,103.0,114.0,inferred
Peterborough,2021-09-19,53.0,63.0,70.0,73.0,75.0,80.0,84.0,88.0,93.0,96.0,99.0,108.0,120.5,inferred
Peterborough,2021-09-20,80.0,90.9,99.0,102.0,105.0,110.0,116.0,121.0,127.0,131.0,134.0,144.0,158.5,inferred
Peterborough,2021-09-21,78.5,89.9,97.0,100.0,103.0,108.0,113.0,118.0,124.0,127.0,131.0,141.0,159.5,inferred
Peterborough,2021-09-22,83.0,94.0,102.0,105.0,108.0,113.0,118.0,124.0,129.0,132.0,136.0,146.0,160.5,inferred
Peterborough,2021-09-23,82.5,94.9,103.0,106.0,108.0,113.0,118.0,124.0,129.0,132.0,136.0,145.0,161.0,inferred
Peterborough,2021-09-24,77.0,89.0,97.0,100.0,103.0,108.0,112.0,117.0,123.0,125.0,129.0,137.0,152.0,inferred
Peterborough,2021-09-25,66.5,77.0,84.0,87.0,90.0,94.0,99.0,104.0,109.0,112.0,115.0,122.0,135.0,inferred
Peterborough,2021-09-26,72.0,82.0,90.0,93.0,96.0,102.0,106.0,111.0,117.0,119.0,123.0,131.0,146.5,inferred
Peterborough,2021-09-27,106.0,119.9,128.0,131.0,134.0,140.0,145.0,151.0,159.0,162.0,166.0,178.0,196.0,inferred
Peterborough,2021-09-28,103.5,119.0,127.0,130.8,134.0,140.0,145.0,152.0,157.3,161.0,165.0,176.0,194.5,inferred
Peterborough,2021-09-29,111.0,124.0,135.0,138.0,142.0,147.0,153.0,159.0,165.0,169.0,172.0,184.0,203.0,inferred
Peterborough,2021-09-30,110.0,124.0,133.0,137.0,140.0,146.0,152.0,158.0,164.0,168.0,172.0,182.0,203.0,inferred
Peterborough,2021-10-01,104.0,118.0,127.0,130.0,134.0,140.0,145.0,151.0,157.0,161.0,165.0,176.0,194.0,inferred
Peterborough,2021-10-02,88.0,101.0,110.0,113.0,116.0,122.0,127.0,132.0,137.0,141.0,144.2,155.0,168.0,inferred
Peterborough,2021-10-03,99.0,111.0,120.0,123.0,126.0,132.0,137.0,142.0,148.0,152.0,155.0,166.0,182.5,inferred
Peterborough,2021-10-04,145.0,158.0,169.0,173.0,176.0,184.0,191.0,197.0,205.0,208.0,213.0,225.0,246.0,inferred
Peterborough,2021-10-05,140.5,156.0,166.0,171.0,174.0,181.0,187.0,193.0,199.0,203.0,208.0,222.0,245.0,inferred
Peterborough,2021-10-06,147.0,163.0,175.0,178.0,182.0,189.0,195.0,202.0,208.0,212.0,216.0,227.0,246.0,inferred
Peterborough,2021-10-07,148.0,161.0,171.0,176.0,179.0,186.0,193.0,201.0,207.0,211.0,215.0,226.1,245.0,inferred
Peterborough,2021-10-08,136.0,152.0,161.0,166.0,169.0,175.0,181.0,187.0,194.0,198.0,202.0,213.0,233.0,inferred
Peterborough,2021-10-09,115.5,129.0,138.0,142.0,146.0,152.0,158.0,163.0,169.0,173.0,177.0,189.0,205.5,inferred
Peterborough,2021-10-10,123.0,139.0,148.0,152.0,155.0,162.0,168.0,173.0,179.0,183.0,188.0,199.0,216.5,inferred
Peterborough,2021-10-11,175.0,193.9,207.0,213.0,217.0,226.0,233.0,240.0,248.0,252.0,257.0,272.0,290.0,inferred
Peterborough,2021-10-12,171.0,186.0,198.0,202.0,205.0,212.0,218.0,225.0,233.0,238.0,242.2,256.0,275.0,inferred
Peterborough,2021-10-13,168.5,188.0,199.0,204.0,208.0,215.0,222.0,229.0,237.0,242.0,247.0,260.0,282.0,inferred
Peterborough,2021-10-14,156.5,175.0,185.8,190.0,193.0,200.0,209.0,217.0,224.0,229.0,233.0,247.0,267.5,inferred
Peterborough,2021-10-15,133.0,152.0,164.0,170.0,174.0,182.0,189.0,195.0,204.3,210.0,215.0,228.0,250.0,inferred
Plymouth,2021-07-03,31.0,44.0,54.0,58.0,62.0,69.0,77.0,85.0,93.0,98.0,105.0,121.0,150.0,inferred
Plymouth,2021-07-04,45.0,59.0,68.8,74.0,78.0,86.0,93.0,102.0,110.0,116.0,122.0,139.0,171.5,inferred
Plymouth,2021-07-05,83.0,101.0,115.0,120.0,126.0,135.0,145.0,156.0,170.0,176.0,183.0,206.0,239.0,inferred
Plymouth,2021-07-06,104.0,125.0,139.0,145.0,151.0,161.0,171.0,180.4,193.0,199.0,207.2,226.1,259.0,inferred
Plymouth,2021-07-07,117.0,139.0,156.0,163.0,168.0,178.0,188.0,199.0,209.0,216.0,223.2,247.1,279.0,inferred
Plymouth,2021-07-08,132.0,152.0,171.8,177.0,184.0,197.0,208.0,219.0,232.0,239.2,246.0,269.0,306.5,inferred
Plymouth,2021-07-09,141.0,166.0,181.0,188.0,192.0,202.6,213.5,224.0,236.0,243.0,250.0,273.0,308.0,inferred
Plymouth,2021-07-10,125.5,148.0,163.0,171.0,177.0,188.0,198.0,209.0,221.3,229.0,236.0,258.0,289.5,inferred
Plymouth,2021-07-11,151.5,180.0,198.0,205.0,210.0,221.6,234.0,246.4,261.0,269.0,276.0,298.1,334.5,inferred
Plymouth,2021-07-12,250.5,286.0,311.0,320.0,328.0,342.0,357.0,373.0,389.0,398.0,409.0,436.1,481.5,inferred
Plymouth,2021-07-13,273.0,306.0,327.0,338.0,346.0,361.6,376.0,391.4,408.0,418.0,429.0,461.0,504.0,inferred
Plymouth,2021-07-14,252.5,289.0,313.0,322.0,331.0,345.0,360.0,374.0,391.0,399.0,410.0,438.0,500.0,inferred
Plymouth,2021-07-15,232.0,265.0,290.0,298.0,306.0,321.0,334.0,349.0,367.0,374.0,383.0,410.0,452.5,inferred
Plymouth,2021-07-16,204.0,231.0,251.0,259.0,267.0,280.0,291.0,306.0,320.0,328.0,337.0,362.0,399.5,inferred
Plymouth,2021-07-17,148.0,176.0,192.0,198.0,207.0,219.0,230.0,241.0,255.0,262.0,270.0,292.1,329.0,inferred
Plymouth,2021-07-18,142.5,167.9,186.0,193.0,200.0,212.0,225.0,238.0,250.0,258.0,265.0,287.0,325.0,inferred
Plymouth,2021-07-19,197.0,229.0,250.8,258.0,266.0,279.6,292.0,305.0,319.0,328.0,336.2,361.1,410.5,inferred
Plymouth,2021-07-20,188.0,215.0,235.0,242.0,251.0,265.0,278.0,291.4,306.0,313.0,322.0,347.0,386.0,inferred
Plymouth,2021-07-21,161.0,192.0,211.8,217.0,224.0,236.0,248.5,263.0,276.0,284.0,293.2,316.0,360.5,inferred
Plymouth,2021-07-22,146.0,173.0,192.0,199.0,205.0,215.6,227.0,236.0,249.3,258.0,265.0,287.0,323.5,inferred
Plymouth,2021-07-23,121.5,145.0,160.8,167.0,173.0,183.0,194.0,203.0,215.0,221.0,227.2,250.0,292.5,inferred
Plymouth,2021-07-24,87.0,104.0,119.0,125.0,130.0,138.0,146.0,156.4,166.0,173.0,181.0,200.0,230.0,inferred
Plymouth,2021-07-25,82.0,101.0,114.0,120.0,124.0,134.0,142.0,152.0,162.0,169.0,176.0,193.1,225.0,inferred
Plymouth,2021-07-26,107.5,131.0,146.0,152.0,158.0,169.0,180.0,190.0,202.0,209.0,214.0,236.0,269.0,inferred
Plymouth,2021-07-27,104.0,129.9,143.0,149.0,155.0,165.0,176.0,185.0,196.0,204.0,211.0,235.0,267.0,inferred
Plymouth,2021-07-28,104.0,126.0,140.0,146.0,151.0,164.0,173.0,184.4,195.0,201.0,207.0,228.0,259.0,inferred
Plymouth,2021-07-29,103.0,125.0,139.0,145.0,149.0,160.0,170.0,181.0,192.3,199.0,207.0,228.0,261.0,inferred
Plymouth,2021-07-30,91.0,112.0,127.0,131.0,136.0,145.0,155.0,165.0,177.0,183.0,189.0,208.0,242.0,inferred
Plymouth,2021-07-31,74.0,91.0,103.0,107.0,112.0,119.0,127.0,136.0,146.0,152.0,158.0,173.0,201.5,inferred
Plymouth,2021-08-01,76.0,94.0,105.0,109.0,115.0,124.0,133.0,142.0,153.0,159.0,166.0,183.1,214.5,inferred
Plymouth,2021-08-02,111.5,135.0,150.0,156.0,161.0,172.0,182.0,193.0,204.0,210.0,219.0,239.0,278.5,inferred
Plymouth,2021-08-03,116.0,135.0,151.0,156.0,161.7,173.0,183.0,195.0,208.0,214.2,222.0,243.1,278.0,inferred
Plymouth,2021-08-04,105.0,126.0,143.0,148.8,154.0,164.0,174.0,184.0,195.3,202.0,210.0,228.0,260.5,inferred
Plymouth,2021-08-05,97.0,120.0,133.0,138.0,145.0,156.0,166.0,176.0,188.0,195.0,202.2,223.0,256.0,inferred
Plymouth,2021-08-06,85.0,103.0,118.0,124.0,129.0,138.0,147.0,156.0,166.0,172.2,179.0,197.0,228.5,inferred
Plymouth,2021-08-07,63.0,79.0,92.0,96.0,100.0,109.0,116.0,124.0,134.0,140.0,146.0,160.0,191.0,inferred
Plymouth,2021-08-08,59.5,77.0,91.0,95.0,101.0,109.0,117.0,125.0,135.0,141.0,146.0,164.0,188.0,inferred
Plymouth,2021-08-09,88.5,111.0,125.0,131.0,137.0,146.0,156.0,165.0,178.0,185.0,191.0,210.1,245.5,inferred
Plymouth,2021-08-10,97.0,115.0,128.0,133.8,139.0,148.0,160.0,170.0,181.0,186.0,194.0,214.0,250.5,inferred
Plymouth,2021-08-11,98.5,117.0,129.0,135.0,140.0,151.0,161.0,171.0,181.0,187.0,195.0,216.0,247.0,inferred
Plymouth,2021-08-12,95.0,119.9,134.0,140.0,146.0,155.0,164.5,175.0,186.0,193.0,200.0,219.1,249.5,inferred
Plymouth,2021-08-13,94.5,113.9,129.0,133.0,139.0,148.0,157.0,168.0,177.0,185.0,192.0,213.0,243.0,inferred
Plymouth,2021-08-14,77.0,96.0,109.0,114.0,120.0,129.0,138.0,147.0,157.0,163.0,170.0,187.0,216.5,inferred
Plymouth,2021-08-15,90.0,108.0,120.0,125.0,130.0,139.0,149.0,159.0,170.0,175.2,183.0,202.0,233.0,inferred
Plymouth,2021-08-16,136.0,157.0,176.0,181.0,187.0,199.0,210.0,219.0,233.0,238.0,245.0,269.0,306.0,inferred
Plymouth,2021-08-17,139.5,167.0,186.0,191.8,198.0,210.0,221.0,235.0,248.0,255.2,263.0,285.0,320.0,inferred
Plymouth,2021-08-18,133.0,158.0,176.0,184.8,191.0,203.0,215.0,225.0,240.3,249.0,256.0,280.0,316.5,inferred
Plymouth,2021-08-19,132.0,160.0,174.0,180.0,186.7,198.0,211.0,222.0,238.0,245.2,253.0,273.1,306.0,inferred
Plymouth,2021-08-20,122.5,144.0,161.0,166.0,172.0,182.0,191.5,202.0,214.0,221.2,229.0,251.0,286.0,inferred
Plymouth,2021-08-21,96.0,116.0,130.0,136.0,141.0,151.0,161.0,172.0,182.0,188.0,195.0,215.0,245.0,inferred
Plymouth,2021-08-22,99.5,120.0,135.0,140.0,146.0,155.0,165.0,174.0,186.0,191.0,198.2,218.0,254.5,inferred
Plymouth,2021-08-23,144.5,168.9,186.0,193.8,200.7,212.0,223.5,234.0,248.0,255.0,263.0,285.0,322.5,inferred
Plymouth,2021-08-24,143.0,169.0,187.8,196.0,203.0,215.0,225.0,236.0,251.0,258.0,267.0,288.1,325.0,inferred
Plymouth,2021-08-25,136.0,158.9,178.0,185.0,191.0,202.0,212.0,224.0,236.0,245.0,254.0,275.0,309.0,inferred
Plymouth,2021-08-26,126.0,149.0,167.0,174.0,178.0,190.0,200.0,213.0,225.0,230.2,237.0,260.0,298.0,inferred
Plymouth,2021-08-27,111.0,132.0,147.0,153.0,158.0,168.0,180.0,189.0,201.0,207.0,216.0,239.1,273.0,inferred
Plymouth,2021-08-28,82.0,101.0,116.0,120.0,125.0,134.0,144.0,155.0,164.3,170.0,178.0,193.0,226.0,inferred
Plymouth,2021-08-29,81.0,99.0,114.0,120.0,125.0,135.0,145.0,154.0,164.0,169.0,177.0,196.0,228.0,inferred
Plymouth,2021-08-30,114.0,135.0,152.0,159.0,166.0,177.0,187.0,197.0,209.0,217.0,224.0,245.0,279.0,inferred
Plymouth,2021-08-31,115.5,137.0,153.0,160.0,166.0,176.0,187.0,198.0,208.0,213.0,220.0,239.0,276.0,inferred
Plymouth,2021-09-01,108.0,131.0,145.0,150.0,155.0,166.0,175.0,185.0,198.0,205.2,212.0,234.0,264.0,inferred
Plymouth,2021-09-02,102.0,122.0,137.0,143.0,149.0,159.0,169.0,178.0,187.0,194.0,203.0,221.0,251.5,inferred
Plymouth,2021-09-03,87.5,106.0,119.0,124.0,129.0,137.0,147.0,157.0,167.0,172.0,180.0,199.0,227.5,inferred
Plymouth,2021-09-04,67.0,83.0,96.0,100.0,105.0,113.0,121.0,131.0,140.3,146.0,151.0,168.0,198.0,inferred
Plymouth,2021-09-05,66.0,83.9,94.0,99.0,103.0,112.0,121.0,129.0,139.0,145.0,151.0,169.0,193.0,inferred
Plymouth,2021-09-06,94.0,113.0,129.0,134.0,140.0,149.0,159.0,169.0,180.0,187.0,194.0,214.0,248.5,inferred
Plymouth,2021-09-07,91.0,110.0,123.0,131.0,136.0,144.0,153.0,163.0,175.0,181.0,187.0,207.1,244.0,inferred
Plymouth,2021-09-08,80.0,100.0,112.0,117.0,122.0,133.0,142.0,152.0,163.0,169.0,176.0,191.0,223.0,inferred
Plymouth,2021-09-09,75.0,91.0,102.0,107.0,111.7,121.0,130.0,138.0,148.0,152.0,160.0,178.1,202.0,inferred
Plymouth,2021-09-10,55.0,74.9,86.0,91.0,95.0,103.0,111.0,119.0,128.0,132.0,139.0,154.1,185.0,inferred
Plymouth,2021-09-11,41.0,54.0,64.0,68.0,72.0,78.0,85.0,93.0,101.0,106.0,111.0,127.1,154.5,inferred
Plymouth,2021-09-12,42.0,53.0,63.0,67.0,70.0,78.0,85.0,92.0,100.0,104.0,109.0,124.1,147.0,inferred
Plymouth,2021-09-13,54.0,73.0,82.0,87.0,92.0,99.0,107.0,116.0,125.0,131.0,139.0,158.0,188.5,inferred
Plymouth,2021-09-14,54.0,72.9,87.0,91.0,95.0,102.0,110.0,117.4,127.0,133.0,139.0,157.1,187.0,inferred
Plymouth,2021-09-15,58.0,74.0,86.0,90.0,94.0,102.0,109.0,117.0,126.0,131.0,137.0,153.0,183.0,inferred
Plymouth,2021-09-16,56.0,73.0,86.0,91.0,95.0,104.0,111.0,120.0,129.0,134.0,140.0,156.1,184.0,inferred
Plymouth,2021-09-17,54.0,70.0,83.0,87.0,92.0,100.0,107.0,116.0,125.0,129.0,133.2,152.0,178.0,inferred
Plymouth,2021-09-18,44.0,58.0,67.0,71.0,74.0,82.0,90.0,98.0,107.0,111.0,115.0,131.0,160.5,inferred
Plymouth,2021-09-19,48.0,63.0,74.0,78.0,81.7,90.0,96.0,103.4,111.0,117.0,123.0,140.0,164.5,inferred
Plymouth,2021-09-20,73.0,93.0,106.0,112.0,117.0,125.0,134.0,143.0,153.0,159.0,166.0,184.0,221.0,inferred
Plymouth,2021-09-21,76.0,93.0,107.0,112.0,117.0,127.0,136.0,145.0,156.0,162.0,170.0,190.0,220.5,inferred
Plymouth,2021-09-22,71.0,91.0,104.0,110.0,115.0,124.0,134.0,142.0,152.0,159.0,165.0,183.0,215.0,inferred
Plymouth,2021-09-23,70.0,88.0,101.0,106.0,111.0,118.0,128.0,137.0,146.0,150.0,156.2,177.1,213.5,inferred
Plymouth,2021-09-24,63.0,79.0,92.0,97.0,101.0,109.0,116.0,125.0,134.0,140.0,146.0,161.0,194.5,inferred
Plymouth,2021-09-25,48.0,62.9,73.0,77.0,81.0,88.0,95.0,103.0,110.0,116.0,122.0,141.0,169.0,inferred
Plymouth,2021-09-26,51.0,64.0,76.0,80.0,85.0,92.0,99.0,107.0,114.0,118.0,125.0,141.0,168.0,inferred
Plymouth,2021-09-27,76.0,93.0,107.0,113.0,118.0,127.0,137.0,145.0,154.0,160.0,166.0,187.0,221.0,inferred
Plymouth,2021-09-28,75.0,95.0,109.0,115.0,120.0,129.0,140.0,149.0,159.0,166.0,173.0,191.0,224.0,inferred
Plymouth,2021-09-29,77.0,96.0,109.0,115.0,120.0,129.0,138.0,148.0,160.0,165.0,171.0,190.0,222.0,inferred
Plymouth,2021-09-30,79.0,99.0,112.0,117.0,120.0,130.0,139.0,148.0,158.0,164.0,170.0,190.0,216.0,inferred
Plymouth,2021-10-01,74.0,91.0,104.0,108.0,112.7,122.6,131.0,139.0,148.0,154.0,161.0,180.0,207.5,inferred
Plymouth,2021-10-02,56.0,71.0,83.0,89.0,93.0,101.0,110.0,118.0,127.0,132.2,139.0,158.0,187.0,inferred
Plymouth,2021-10-03,61.0,79.0,90.0,95.0,99.0,109.0,117.0,125.0,134.0,139.0,145.0,162.0,200.5,inferred
Plymouth,2021-10-04,99.0,117.0,131.0,137.0,142.0,151.0,160.0,170.0,181.3,186.0,193.0,212.1,244.0,inferred
Plymouth,2021-10-05,98.5,120.0,135.0,141.0,147.0,157.0,168.0,179.0,191.3,198.0,205.0,225.0,259.0,inferred
Plymouth,2021-10-06,100.5,120.0,136.0,142.0,148.0,157.0,167.0,176.0,188.3,194.0,201.2,221.1,255.0,inferred
Plymouth,2021-10-07,99.0,119.0,134.0,141.0,146.0,155.0,163.0,174.0,186.0,192.0,201.0,220.1,250.0,inferred
Plymouth,2021-10-08,89.0,111.0,125.0,130.0,135.0,144.0,153.0,162.0,174.0,181.0,188.2,209.0,240.5,inferred
Plymouth,2021-10-09,75.0,90.0,104.0,108.0,113.0,121.0,129.0,137.0,147.0,153.0,161.0,179.0,206.5,inferred
Plymouth,2021-10-10,79.0,97.0,108.0,113.0,117.0,127.0,135.0,144.0,155.0,161.0,167.0,186.0,219.5,inferred
Plymouth,2021-10-11,116.5,140.0,156.0,161.0,166.0,177.0,188.0,199.0,212.0,219.0,227.0,248.1,286.0,inferred
Plymouth,2021-10-12,121.5,143.0,159.0,164.8,170.0,181.0,191.0,202.0,214.0,223.0,230.2,255.0,295.0,inferred
Plymouth,2021-10-13,116.0,139.0,153.0,159.8,166.7,177.0,188.0,199.0,210.0,219.0,226.0,247.1,277.5,inferred
Plymouth,2021-10-14,110.5,132.0,148.0,154.0,159.0,170.0,179.5,191.0,202.0,208.0,215.2,236.0,274.0,inferred
Plymouth,2021-10-15,94.0,116.0,131.0,137.0,143.0,152.0,163.0,172.0,184.0,191.0,198.0,220.0,253.5,inferred
Portsmouth,2021-07-03,31.0,37.0,42.0,43.0,45.0,48.0,51.0,55.0,59.0,60.2,63.0,70.0,79.0,inferred
Portsmouth,2021-07-04,34.0,41.0,46.0,48.0,50.0,54.0,57.0,60.0,64.0,66.0,69.0,76.0,87.5,inferred
Portsmouth,2021-07-05,54.5,64.0,70.0,72.8,75.0,79.0,83.0,87.0,91.0,94.0,96.0,104.0,117.5,inferred
Portsmouth,2021-07-06,60.0,68.0,75.0,77.0,79.0,83.0,87.0,91.0,95.0,97.0,100.0,107.0,120.0,inferred
Portsmouth,2021-07-07,66.0,76.0,83.0,85.0,88.0,92.0,96.0,100.0,105.0,108.0,110.0,119.0,132.0,inferred
Portsmouth,2021-07-08,70.0,79.0,86.0,89.0,92.0,96.0,100.0,104.0,109.0,111.2,114.0,122.1,134.0,inferred
Portsmouth,2021-07-09,74.0,83.0,90.0,92.0,94.0,99.0,103.0,107.0,111.0,114.0,117.0,126.0,139.0,inferred
Portsmouth,2021-07-10,67.0,75.0,82.0,85.0,87.0,92.0,96.0,99.0,104.0,107.0,110.0,118.0,130.5,inferred
Portsmouth,2021-07-11,77.5,88.0,94.0,97.0,100.0,104.0,109.0,114.0,118.0,121.0,125.0,133.0,145.0,inferred
Portsmouth,2021-07-12,122.0,134.0,142.0,145.0,149.0,154.0,160.0,166.0,172.0,175.0,179.0,191.0,206.5,inferred
Portsmouth,2021-07-13,121.0,134.9,145.0,148.0,152.0,158.0,164.0,169.0,176.0,179.0,182.2,194.0,211.0,inferred
Portsmouth,2021-07-14,125.0,138.0,147.0,151.0,155.0,160.0,166.0,172.0,178.0,181.0,185.0,195.0,212.0,inferred
Portsmouth,2021-07-15,118.0,130.0,140.0,143.0,146.0,151.0,156.0,162.0,167.0,170.0,174.0,184.0,200.0,inferred
Portsmouth,2021-07-16,106.0,118.0,127.0,130.0,133.0,138.0,144.0,149.0,156.0,159.0,163.0,171.1,186.0,inferred
Portsmouth,2021-07-17,88.5,101.0,108.0,111.0,113.0,118.6,123.0,127.0,133.0,136.0,139.0,148.0,160.5,inferred
Portsmouth,2021-07-18,91.0,103.0,111.0,114.0,117.0,121.0,127.0,131.0,136.0,139.0,142.0,151.0,166.0,inferred
Portsmouth,2021-07-19,124.0,138.0,148.0,152.0,155.0,161.0,166.5,172.0,178.0,181.0,185.0,196.0,215.0,inferred
Portsmouth,2021-07-20,115.0,128.0,137.0,140.0,142.0,148.0,153.0,158.0,165.0,168.0,173.0,183.0,201.0,inferred
Portsmouth,2021-07-21,106.0,120.0,128.0,132.0,135.0,140.0,146.0,151.0,157.0,160.0,164.0,174.0,189.0,inferred
Portsmouth,2021-07-22,93.0,104.0,112.8,115.0,118.0,124.0,128.0,132.0,139.0,142.0,146.0,155.0,170.0,inferred
Portsmouth,2021-07-23,80.0,88.0,96.0,98.0,102.0,106.0,110.0,115.0,120.0,123.0,126.0,134.0,146.0,inferred
Portsmouth,2021-07-24,60.0,69.0,76.0,78.0,81.0,84.0,89.0,92.0,97.0,100.0,103.0,110.0,121.5,inferred
Portsmouth,2021-07-25,55.5,66.0,72.0,74.0,77.0,81.0,84.0,89.0,93.0,96.0,99.0,106.0,119.0,inferred
Portsmouth,2021-07-26,73.0,84.0,91.0,94.0,97.0,102.0,106.0,112.0,117.0,121.0,124.0,132.0,144.0,inferred
Portsmouth,2021-07-27,69.0,78.0,86.0,88.0,91.0,96.0,100.0,104.0,109.0,112.0,115.0,124.0,135.5,inferred
Portsmouth,2021-07-28,71.0,81.0,88.0,90.0,93.0,97.0,101.0,105.0,110.0,113.0,115.0,124.0,136.0,inferred
Portsmouth,2021-07-29,67.0,77.0,83.0,86.0,88.0,92.0,97.0,101.0,106.0,108.0,112.0,119.0,131.0,inferred
Portsmouth,2021-07-30,64.0,72.9,78.8,81.0,83.0,87.0,91.0,95.0,100.0,102.0,105.0,113.0,126.0,inferred
Portsmouth,2021-07-31,53.0,60.0,67.0,69.0,71.0,74.0,78.0,82.0,86.0,89.0,91.0,99.0,112.0,inferred
Portsmouth,2021-08-01,54.0,63.0,69.0,72.0,74.0,78.0,82.0,85.0,90.0,92.0,95.0,103.0,117.0,inferred
Portsmouth,2021-08-02,77.5,88.0,95.0,98.0,101.0,105.0,110.0,115.0,121.0,124.0,127.0,135.0,148.5,inferred
Portsmouth,2021-08-03,77.0,86.0,93.8,96.0,99.0,103.0,108.0,112.0,116.0,119.0,122.0,130.0,144.0,inferred
Portsmouth,2021-08-04,74.0,86.0,93.0,96.0,99.0,103.0,109.0,113.0,117.0,121.0,124.0,132.0,146.0,inferred
Portsmouth,2021-08-05,72.0,84.0,90.0,92.0,95.0,99.0,103.0,108.0,113.0,115.0,118.0,127.0,140.0,inferred
Portsmouth,2021-08-06,68.0,77.0,83.0,86.0,88.0,92.0,96.0,100.0,104.0,107.0,110.0,119.0,130.0,inferred
Portsmouth,2021-08-07,56.0,64.0,70.0,72.0,74.0,79.0,82.0,86.0,91.0,93.0,95.2,104.0,114.0,inferred
Portsmouth,2021-08-08,58.0,67.0,73.0,76.0,78.0,82.0,86.0,90.0,94.0,97.0,100.0,108.1,120.5,inferred
Portsmouth,2021-08-09,83.0,93.0,101.0,104.0,106.0,111.0,115.0,120.0,125.0,127.2,131.0,141.0,158.5,inferred
Portsmouth,2021-08-10,81.5,91.0,99.0,101.0,103.7,108.0,112.0,117.0,123.0,126.0,129.0,138.0,152.0,inferred
Portsmouth,2021-08-11,83.0,94.9,102.0,105.0,107.0,112.0,117.0,122.0,127.0,130.0,133.0,143.0,159.0,inferred
Portsmouth,2021-08-12,82.0,92.0,99.0,102.0,105.0,110.0,114.0,119.0,124.0,127.0,130.0,138.0,150.0,inferred
Portsmouth,2021-08-13,77.0,88.0,95.0,98.0,101.0,105.0,109.0,114.0,119.0,122.0,124.0,132.0,145.5,inferred
Portsmouth,2021-08-14,67.0,77.0,83.0,86.0,89.0,93.0,97.0,101.0,105.0,108.0,110.0,118.0,131.0,inferred
Portsmouth,2021-08-15,72.0,80.0,87.0,89.0,91.0,96.0,101.0,106.0,111.0,114.0,118.0,125.0,139.0,inferred
Portsmouth,2021-08-16,103.0,113.0,122.0,125.0,128.0,133.0,139.0,143.0,149.0,152.0,156.0,166.0,181.0,inferred
Portsmouth,2021-08-17,100.5,112.0,120.0,124.0,127.0,132.0,138.0,143.0,149.0,152.0,155.0,165.0,183.0,inferred
Portsmouth,2021-08-18,103.5,116.0,125.0,129.0,132.0,137.0,142.0,147.0,153.0,157.0,160.0,169.0,184.0,inferred
Portsmouth,2021-08-19,101.0,112.0,121.0,124.0,128.0,133.0,138.0,143.0,149.0,152.0,156.0,165.0,179.5,inferred
Portsmouth,2021-08-20,94.0,105.0,112.0,116.0,118.0,123.0,129.0,134.0,139.0,142.0,146.0,154.1,168.5,inferred
Portsmouth,2021-08-21,79.0,90.0,97.0,100.0,103.0,107.0,112.0,117.0,121.0,124.0,127.0,137.0,150.0,inferred
Portsmouth,2021-08-22,84.5,95.0,102.0,105.0,108.0,113.0,118.0,123.0,128.0,131.0,133.0,143.0,154.0,inferred
Portsmouth,2021-08-23,118.0,132.0,142.0,145.0,148.0,154.0,159.0,165.0,170.0,173.0,177.0,189.0,207.0,inferred
Portsmouth,2021-08-24,115.0,128.0,137.0,141.0,144.0,149.0,155.0,160.0,167.0,170.0,174.0,184.1,200.0,inferred
Portsmouth,2021-08-25,111.0,127.0,136.0,139.0,142.0,148.0,153.0,158.0,164.0,167.0,171.0,180.0,194.5,inferred
Portsmouth,2021-08-26,108.0,117.0,126.0,129.0,132.0,137.0,142.0,147.0,153.0,156.0,159.0,169.0,184.0,inferred
Portsmouth,2021-08-27,94.0,104.0,113.0,116.0,119.0,124.0,129.0,134.0,140.0,142.0,145.0,153.0,172.0,inferred
Portsmouth,2021-08-28,73.5,84.0,92.0,94.0,97.0,101.0,106.0,110.0,116.0,119.0,122.0,130.0,142.5,inferred
Portsmouth,2021-08-29,76.0,88.0,95.0,97.0,100.0,104.0,109.0,113.0,118.0,121.0,124.0,131.0,144.0,inferred
Portsmouth,2021-08-30,104.0,116.0,124.0,127.0,131.0,136.0,142.0,147.0,152.0,155.2,160.0,169.0,184.0,inferred
Portsmouth,2021-08-31,97.0,110.0,117.0,121.0,123.0,129.0,134.0,139.0,145.0,148.0,151.0,160.0,177.0,inferred
Portsmouth,2021-09-01,96.0,107.9,115.0,118.0,121.7,127.0,132.0,137.0,142.0,145.0,148.0,159.0,175.0,inferred
Portsmouth,2021-09-02,88.5,99.0,108.0,110.0,113.0,118.0,123.0,128.0,133.0,135.0,138.0,148.0,164.0,inferred
Portsmouth,2021-09-03,80.0,89.0,96.0,99.0,101.0,106.0,110.0,115.0,119.0,122.0,125.0,135.0,149.0,inferred
Portsmouth,2021-09-04,63.0,73.0,79.0,82.0,84.0,89.0,93.0,97.0,100.3,103.0,106.0,114.0,126.0,inferred
Portsmouth,2021-09-05,62.5,72.0,78.0,80.0,83.0,88.0,92.0,95.0,100.0,102.0,105.0,113.0,125.5,inferred
Portsmouth,2021-09-06,84.5,95.0,103.0,106.0,109.0,114.0,119.0,125.0,130.0,133.0,136.0,145.0,160.0,inferred
Portsmouth,2021-09-07,79.0,91.0,98.0,101.0,104.0,108.0,112.0,117.0,122.0,125.0,128.0,137.0,152.0,inferred
Portsmouth,2021-09-08,75.0,86.0,93.0,96.0,98.0,103.0,107.0,111.0,116.0,119.0,122.0,130.1,143.5,inferred
Portsmouth,2021-09-09,67.5,78.0,85.0,87.0,89.0,93.0,97.0,102.0,106.0,109.0,113.0,121.0,136.0,inferred
Portsmouth,2021-09-10,57.5,67.0,73.0,76.0,77.0,82.0,86.0,90.0,94.0,96.0,99.0,107.0,120.0,inferred
Portsmouth,2021-09-11,45.5,54.0,60.0,62.0,64.0,67.0,70.0,74.0,78.0,80.0,82.0,89.0,99.0,inferred
Portsmouth,2021-09-12,44.0,52.0,57.0,59.0,62.0,65.0,69.0,72.0,76.0,78.0,81.0,88.0,100.0,inferred
Portsmouth,2021-09-13,61.5,71.0,76.0,79.0,81.0,85.0,90.0,94.0,98.0,101.0,104.0,111.0,123.5,inferred
Portsmouth,2021-09-14,56.0,66.0,72.0,75.0,78.0,82.0,85.0,90.0,94.0,96.0,99.0,106.0,118.5,inferred
Portsmouth,2021-09-15,60.0,69.0,75.0,77.0,79.0,83.0,87.0,91.0,96.0,99.0,102.0,109.0,122.0,inferred
Portsmouth,2021-09-16,58.0,68.0,74.0,76.0,78.0,82.0,86.0,91.0,96.0,98.2,101.0,108.0,121.5,inferred
Portsmouth,2021-09-17,56.5,66.0,72.0,74.0,76.0,80.0,84.0,88.0,93.0,95.0,98.0,106.0,117.5,inferred
Portsmouth,2021-09-18,47.0,56.0,62.0,64.0,66.0,71.0,75.0,78.0,82.0,84.0,86.0,94.0,106.0,inferred
Portsmouth,2021-09-19,51.0,60.0,66.0,69.0,71.0,75.0,78.0,82.0,86.0,88.0,91.0,98.0,109.0,inferred
Portsmouth,2021-09-20,75.0,87.0,95.0,97.0,100.0,105.0,110.0,114.0,119.0,122.0,126.0,133.0,146.5,inferred
Portsmouth,2021-09-21,76.0,86.0,94.0,96.0,99.0,103.0,108.0,113.0,118.0,121.0,124.0,133.0,148.0,inferred
Portsmouth,2021-09-22,80.0,89.0,96.0,99.0,102.0,107.0,111.0,116.0,121.0,124.0,126.2,137.0,150.0,inferred
Portsmouth,2021-09-23,76.5,88.0,95.0,98.0,100.0,104.0,109.0,113.0,118.0,121.0,125.0,134.0,147.0,inferred
Portsmouth,2021-09-24,72.5,81.0,88.0,91.0,94.0,98.0,102.0,107.0,111.0,114.0,116.0,125.0,137.0,inferred
Portsmouth,2021-09-25,60.0,69.0,76.0,78.0,81.0,85.0,89.0,94.0,98.0,101.0,104.0,112.0,126.5,inferred
Portsmouth,2021-09-26,65.0,74.0,81.0,83.0,86.0,90.0,94.0,98.0,104.0,106.0,109.0,116.0,128.0,inferred
Portsmouth,2021-09-27,90.0,103.0,112.0,115.0,118.0,124.0,128.0,134.0,139.0,142.0,146.0,155.0,170.0,inferred
Portsmouth,2021-09-28,89.0,101.0,109.0,111.0,114.0,119.0,124.0,129.0,134.3,138.0,141.0,150.0,167.0,inferred
Portsmouth,2021-09-29,91.5,102.0,110.0,113.0,116.0,121.0,125.0,130.0,136.0,139.0,143.0,152.1,165.5,inferred
Portsmouth,2021-09-30,86.0,97.0,105.0,108.0,110.0,115.0,119.0,124.0,129.0,132.0,135.0,145.0,159.5,inferred
Portsmouth,2021-10-01,79.0,89.0,96.0,99.0,102.0,106.0,111.0,116.0,121.0,124.0,127.0,135.0,149.5,inferred
Portsmouth,2021-10-02,65.5,74.0,81.0,84.0,86.0,90.0,95.0,99.0,103.0,106.0,109.0,117.0,131.0,inferred
Portsmouth,2021-10-03,68.0,78.0,85.0,88.0,90.0,95.0,99.0,103.0,108.0,110.0,113.0,121.0,134.0,inferred
Portsmouth,2021-10-04,98.0,108.0,117.0,120.0,123.0,128.0,133.0,138.0,143.0,147.0,151.0,161.0,176.0,inferred
Portsmouth,2021-10-05,97.0,108.0,115.0,119.0,121.0,126.0,132.0,137.0,143.0,145.0,149.0,159.0,174.0,inferred
Portsmouth,2021-10-06,99.5,111.0,119.0,122.0,124.7,129.0,135.0,140.0,146.0,148.2,152.0,161.0,174.5,inferred
Portsmouth,2021-10-07,99.0,109.0,117.0,120.0,123.0,128.0,132.0,137.0,143.0,147.0,150.0,160.0,175.0,inferred
Portsmouth,2021-10-08,91.0,102.0,111.0,114.0,116.0,122.0,126.0,132.0,137.0,139.0,143.0,151.1,165.0,inferred
Portsmouth,2021-10-09,80.5,90.0,97.0,100.0,102.0,107.0,111.0,115.0,120.0,123.0,126.0,135.0,149.0,inferred
Portsmouth,2021-10-10,85.5,95.0,102.0,105.0,108.0,112.0,116.5,121.0,126.0,129.0,132.0,142.0,158.5,inferred
Portsmouth,2021-10-11,120.5,134.0,143.0,146.0,149.0,155.0,161.0,166.0,172.0,176.0,180.0,191.0,207.0,inferred
Portsmouth,2021-10-12,119.0,132.0,140.0,143.0,147.0,153.0,159.0,164.0,170.0,174.0,177.0,188.0,204.5,inferred
Portsmouth,2021-10-13,121.0,133.0,142.0,145.0,148.0,154.0,159.0,166.0,171.3,175.0,179.0,189.0,207.0,inferred
Portsmouth,2021-10-14,112.0,125.0,133.0,137.0,140.0,146.0,151.0,156.4,163.0,167.0,170.0,180.0,196.0,inferred
Portsmouth,2021-10-15,101.0,114.0,123.0,126.0,130.0,135.0,141.0,146.0,153.0,156.0,160.0,169.0,186.0,inferred
Powys,2021-07-03,6.0,9.0,12.0,12.0,13.0,15.0,16.0,18.0,20.0,21.0,22.0,25.0,31.0,inferred
Powys,2021-07-04,8.0,12.0,14.0,15.0,16.0,17.0,19.0,21.0,23.0,24.0,25.0,29.0,35.0,inferred
Powys,2021-07-05,16.0,20.0,23.0,24.0,25.0,27.0,29.0,31.0,34.0,35.0,37.0,41.0,48.0,inferred
Powys,2021-07-06,18.0,22.0,25.0,27.0,28.0,30.0,32.0,34.0,37.0,38.0,40.0,44.0,50.0,inferred
Powys,2021-07-07,19.0,24.0,27.0,29.0,30.0,32.0,34.0,36.0,39.0,40.0,42.0,46.0,52.0,inferred
Powys,2021-07-08,21.0,25.0,28.0,30.0,31.0,33.0,35.0,37.0,40.0,41.0,42.0,47.0,54.5,inferred
Powys,2021-07-09,19.0,23.0,26.0,28.0,29.0,31.0,33.0,35.0,38.0,39.0,41.0,45.0,51.5,inferred
Powys,2021-07-10,16.0,21.0,23.0,24.0,25.0,28.0,30.0,32.0,34.0,35.0,36.0,41.0,46.5,inferred
Powys,2021-07-11,18.0,22.0,25.0,26.0,27.0,29.0,31.0,33.0,36.0,37.0,39.0,43.0,50.0,inferred
Powys,2021-07-12,28.0,34.0,37.0,39.0,41.0,43.0,46.0,48.0,52.0,53.2,55.0,59.0,67.5,inferred
Powys,2021-07-13,30.0,35.0,39.0,41.0,42.0,45.0,47.0,50.0,53.0,55.0,56.0,62.0,69.0,inferred
Powys,2021-07-14,28.0,35.0,38.0,40.0,42.0,44.0,47.0,49.0,52.0,53.0,55.0,60.0,68.0,inferred
Powys,2021-07-15,27.0,32.0,36.0,38.0,39.0,41.0,44.0,46.0,49.0,50.0,52.0,57.0,64.0,inferred
Powys,2021-07-16,22.0,27.0,30.0,32.0,33.0,35.0,37.5,40.0,42.0,44.0,46.0,49.0,56.5,inferred
Powys,2021-07-17,17.0,22.0,25.0,26.0,27.0,29.0,31.0,33.0,35.0,36.0,38.0,42.0,50.0,inferred
Powys,2021-07-18,17.0,21.0,23.0,25.0,26.0,28.0,30.0,32.0,34.0,36.0,37.0,41.0,47.0,inferred
Powys,2021-07-19,24.0,30.0,33.0,35.0,36.0,38.0,40.0,43.0,45.0,47.0,49.0,53.0,61.0,inferred
Powys,2021-07-20,24.0,29.0,32.0,34.0,35.0,38.0,40.0,42.0,45.0,46.0,48.0,52.0,60.0,inferred
Powys,2021-07-21,22.0,28.0,31.0,33.0,34.0,37.0,39.0,41.0,43.0,45.0,47.0,51.0,58.0,inferred
Powys,2021-07-22,21.0,26.0,29.0,30.0,31.0,33.0,36.0,38.0,40.3,42.0,44.0,48.0,55.0,inferred
Powys,2021-07-23,16.0,21.0,24.0,25.0,26.0,28.0,30.0,32.0,35.0,36.0,38.0,42.0,49.0,inferred
Powys,2021-07-24,14.0,17.0,20.0,21.0,22.0,24.0,25.0,27.0,29.0,30.0,32.0,35.0,40.5,inferred
Powys,2021-07-25,13.0,16.9,19.0,20.0,21.0,23.0,24.0,26.0,28.0,29.0,31.0,34.0,39.0,inferred
Powys,2021-07-26,18.0,23.0,26.0,27.0,29.0,31.0,33.0,35.0,37.0,38.0,40.0,44.0,51.0,inferred
Powys,2021-07-27,18.0,22.0,25.0,27.0,28.0,30.0,32.0,34.0,37.0,38.0,39.0,42.1,50.0,inferred
Powys,2021-07-28,17.0,21.0,25.0,26.0,27.0,29.0,31.0,33.0,36.0,37.0,38.0,42.1,49.0,inferred
Powys,2021-07-29,16.0,21.0,24.0,25.0,26.0,28.0,30.0,32.0,34.0,36.0,37.0,41.0,47.0,inferred
Powys,2021-07-30,13.0,17.0,20.0,21.0,22.0,24.0,26.0,28.0,30.0,31.0,33.0,36.0,43.0,inferred
Powys,2021-07-31,10.0,14.0,16.0,18.0,18.0,20.0,22.0,23.0,25.0,26.0,27.0,31.0,37.0,inferred
Powys,2021-08-01,10.0,13.0,16.0,17.0,18.0,20.0,22.0,23.0,25.0,26.0,28.0,31.0,36.0,inferred
Powys,2021-08-02,15.0,20.0,23.0,24.0,25.0,28.0,30.0,32.0,34.0,35.0,36.0,41.0,48.0,inferred
Powys,2021-08-03,17.0,21.0,24.0,25.0,26.0,28.0,30.0,32.0,34.0,36.0,37.0,41.0,47.0,inferred
Powys,2021-08-04,17.0,21.0,24.0,25.0,26.0,29.0,30.0,32.0,34.0,36.0,37.0,42.0,48.0,inferred
Powys,2021-08-05,16.0,21.0,24.0,25.0,27.0,29.0,30.0,33.0,35.0,36.0,38.0,42.0,48.0,inferred
Powys,2021-08-06,15.0,19.0,22.0,23.0,24.0,26.0,28.0,30.0,31.0,32.0,34.0,38.0,44.0,inferred
Powys,2021-08-07,12.0,16.0,19.0,20.0,21.0,22.0,24.0,26.0,28.0,29.0,30.0,34.0,40.0,inferred
Powys,2021-08-08,13.0,17.0,19.0,21.0,21.0,23.0,25.0,27.0,29.0,30.0,31.0,35.0,39.0,inferred
Powys,2021-08-09,21.0,26.0,29.0,31.0,32.0,34.0,36.0,39.0,41.0,43.0,44.0,49.0,57.0,inferred
Powys,2021-08-10,22.5,27.9,32.0,33.0,34.0,36.0,38.0,41.0,43.0,45.0,46.0,51.0,60.0,inferred
Powys,2021-08-11,25.0,30.0,34.0,35.0,36.0,39.0,41.0,44.0,47.0,48.0,50.0,54.0,62.0,inferred
Powys,2021-08-12,26.0,32.0,36.0,37.0,38.0,41.0,43.0,45.0,48.0,50.0,52.0,56.1,64.5,inferred
Powys,2021-08-13,25.0,30.0,34.0,35.8,37.0,39.0,41.0,44.0,46.0,47.0,49.0,53.0,60.0,inferred
Powys,2021-08-14,21.0,26.0,30.0,31.0,32.0,35.0,37.0,39.0,41.0,43.0,45.0,49.0,55.5,inferred
Powys,2021-08-15,23.0,29.0,32.0,33.0,34.0,37.0,39.0,41.0,44.0,45.0,47.0,52.0,59.0,inferred
Powys,2021-08-16,38.0,44.0,48.0,50.0,52.0,55.0,58.0,61.0,64.0,66.0,69.0,73.0,82.0,inferred
Powys,2021-08-17,38.0,45.0,50.0,52.0,54.0,57.0,60.0,63.0,66.0,68.0,71.0,77.0,86.0,inferred
Powys,2021-08-18,41.0,48.0,52.0,54.0,56.0,58.0,62.0,64.0,67.0,69.0,71.0,78.0,87.5,inferred
Powys,2021-08-19,40.0,47.0,51.0,53.0,55.0,57.0,61.0,63.0,67.0,68.0,70.0,76.0,86.0,inferred
Powys,2021-08-20,35.0,42.0,46.0,47.0,49.0,51.0,54.0,57.0,60.0,62.0,64.0,69.0,78.0,inferred
Powys,2021-08-21,30.0,36.0,39.8,41.0,42.0,45.0,47.0,50.0,52.0,54.0,56.0,60.0,68.0,inferred
Powys,2021-08-22,31.0,36.0,40.0,42.0,43.0,46.0,49.0,51.0,54.0,56.0,58.0,63.0,70.0,inferred
Powys,2021-08-23,46.0,54.0,59.0,61.0,62.0,65.0,68.0,72.0,75.0,77.0,79.2,85.0,96.5,inferred
Powys,2021-08-24,47.5,55.0,60.0,61.0,63.0,67.0,70.0,73.0,76.0,78.0,81.0,87.0,99.5,inferred
Powys,2021-08-25,48.0,55.0,61.0,62.0,64.0,68.0,70.0,74.0,77.0,79.0,81.0,87.0,97.0,inferred
Powys,2021-08-26,48.0,55.0,60.0,62.0,63.0,66.0,70.0,73.0,76.0,78.0,80.0,86.0,97.0,inferred
Powys,2021-08-27,41.5,48.0,53.0,54.0,56.0,59.0,63.0,65.0,69.0,71.0,72.0,78.0,86.0,inferred
Powys,2021-08-28,35.0,41.0,46.0,47.0,49.0,52.0,54.0,57.0,60.0,62.0,64.0,70.0,77.0,inferred
Powys,2021-08-29,35.0,42.0,46.0,48.0,49.0,52.0,55.0,58.0,61.0,62.0,64.0,69.0,77.0,inferred
Powys,2021-08-30,54.0,61.9,67.0,69.0,71.0,74.0,77.0,81.0,84.0,86.0,89.0,94.1,105.0,inferred
Powys,2021-08-31,55.0,63.0,69.0,71.0,73.0,76.0,79.5,83.0,87.0,89.0,92.0,98.0,110.0,inferred
Powys,2021-09-01,57.0,64.0,70.0,71.8,73.0,77.0,80.0,84.0,87.0,89.0,92.0,98.0,108.0,inferred
Powys,2021-09-02,56.0,63.0,68.0,70.0,72.0,75.0,79.0,82.0,85.0,87.0,90.0,96.0,106.0,inferred
Powys,2021-09-03,49.0,56.0,61.0,63.0,65.0,68.0,71.0,74.0,77.0,79.0,80.2,86.1,95.0,inferred
Powys,2021-09-04,41.0,48.0,52.0,54.0,56.0,59.0,62.0,66.0,69.0,71.0,72.0,77.0,86.0,inferred
Powys,2021-09-05,42.0,49.0,53.0,55.0,57.0,60.0,62.0,65.0,68.0,71.0,73.0,79.0,88.0,inferred
Powys,2021-09-06,62.0,71.0,77.0,79.0,82.0,86.0,89.0,93.0,96.3,98.2,101.0,108.0,117.0,inferred
Powys,2021-09-07,64.0,73.0,77.8,80.0,82.0,86.0,89.0,93.0,97.0,100.0,103.0,108.0,119.0,inferred
Powys,2021-09-08,65.0,74.0,79.0,82.0,84.0,87.6,91.0,95.0,98.0,100.0,102.0,110.0,122.0,inferred
Powys,2021-09-09,64.0,72.0,77.0,79.0,81.0,85.0,88.0,92.0,95.0,98.0,100.0,106.0,116.5,inferred
Powys,2021-09-10,57.0,63.0,68.0,71.0,73.0,76.0,79.0,82.0,86.0,88.0,90.0,97.0,106.0,inferred
Powys,2021-09-11,46.0,54.0,58.0,61.0,62.0,65.0,68.0,71.0,74.0,76.0,78.0,84.0,94.0,inferred
Powys,2021-09-12,47.0,54.0,59.0,61.0,62.0,65.0,69.0,72.0,75.0,77.0,79.0,86.0,95.0,inferred
Powys,2021-09-13,68.5,78.0,84.0,86.0,88.0,92.0,96.0,100.0,104.0,106.0,109.0,116.0,128.0,inferred
Powys,2021-09-14,71.0,79.0,85.0,87.0,89.0,93.0,97.0,101.0,105.0,107.0,110.0,116.0,127.0,inferred
Powys,2021-09-15,71.0,78.0,83.0,86.0,88.0,92.0,96.0,99.0,103.0,105.0,108.0,115.0,126.0,inferred
Powys,2021-09-16,66.0,75.0,80.8,83.0,84.7,88.0,92.5,96.0,99.0,101.0,104.0,110.0,121.0,inferred
Powys,2021-09-17,58.0,65.0,70.0,73.0,74.0,78.0,81.0,84.0,87.0,89.0,92.0,98.0,107.0,inferred
Powys,2021-09-18,48.0,55.0,59.0,61.0,62.0,66.0,69.0,72.0,75.0,77.0,79.0,85.0,94.0,inferred
Powys,2021-09-19,47.0,53.0,59.0,61.0,63.0,66.0,69.0,72.0,75.0,77.0,79.0,84.0,93.0,inferred
Powys,2021-09-20,68.0,77.0,82.0,85.0,87.0,90.0,95.0,99.0,102.0,105.0,107.0,114.0,125.0,inferred
Powys,2021-09-21,66.0,75.0,81.0,83.0,85.0,88.0,92.0,96.0,100.0,103.0,106.0,112.0,123.0,inferred
Powys,2021-09-22,64.0,72.0,78.0,80.0,82.0,86.0,89.0,93.0,97.0,99.0,102.0,108.0,119.0,inferred
Powys,2021-09-23,58.0,66.0,71.0,73.0,75.0,79.0,82.0,86.0,90.0,92.0,94.0,100.0,111.0,inferred
Powys,2021-09-24,48.0,55.0,61.0,62.0,64.0,68.0,71.0,74.0,77.0,79.0,81.0,87.0,98.0,inferred
Powys,2021-09-25,37.5,44.0,49.0,50.0,52.0,55.0,57.0,60.0,63.0,65.0,67.0,72.0,80.0,inferred
Powys,2021-09-26,37.0,42.0,46.0,48.0,50.0,53.0,55.0,58.0,61.0,62.0,64.0,70.0,78.0,inferred
Powys,2021-09-27,49.0,58.0,63.0,65.0,67.0,70.0,74.0,77.0,81.0,82.0,85.0,91.0,101.0,inferred
Powys,2021-09-28,51.0,58.0,64.0,66.0,67.0,71.0,74.0,77.0,81.0,83.0,85.0,91.0,99.0,inferred
Powys,2021-09-29,52.5,60.0,65.0,67.0,69.0,72.0,76.0,79.0,82.0,84.0,87.0,93.0,104.0,inferred
Powys,2021-09-30,54.0,61.0,66.0,68.0,70.0,74.0,76.0,79.0,83.0,84.0,87.0,92.1,103.0,inferred
Powys,2021-10-01,50.0,56.0,61.0,63.0,65.0,68.0,71.0,74.0,77.0,79.0,81.0,87.1,97.0,inferred
Powys,2021-10-02,42.0,48.0,53.0,55.0,57.0,60.0,63.0,66.0,69.0,71.0,73.0,79.0,88.0,inferred
Powys,2021-10-03,44.0,50.0,55.0,57.0,59.0,62.0,65.0,68.0,71.0,73.0,75.0,81.0,90.0,inferred
Powys,2021-10-04,67.0,76.0,81.0,84.0,86.0,90.6,94.0,98.0,102.0,103.0,107.0,113.0,125.0,inferred
Powys,2021-10-05,69.0,79.0,85.0,88.0,90.0,94.0,97.0,101.0,105.0,108.0,111.0,118.0,128.0,inferred
Powys,2021-10-06,74.5,83.0,88.0,90.0,92.0,97.0,101.0,105.0,108.0,111.0,113.0,121.0,132.0,inferred
Powys,2021-10-07,71.0,82.0,87.0,90.0,93.0,96.0,100.0,104.0,108.0,110.0,112.0,119.0,130.0,inferred
Powys,2021-10-08,66.0,74.0,79.0,82.0,84.0,87.0,91.0,94.0,99.0,101.0,104.0,110.0,120.0,inferred
Powys,2021-10-09,57.0,64.0,69.0,71.0,73.0,77.0,80.0,83.0,87.0,89.0,91.0,97.0,106.0,inferred
Powys,2021-10-10,58.0,67.0,72.0,74.0,76.0,79.0,83.0,86.0,90.0,92.0,94.0,101.0,113.0,inferred
Powys,2021-10-11,87.0,98.0,105.0,107.0,110.0,114.0,119.0,123.0,128.0,130.2,134.0,141.0,153.0,inferred
Powys,2021-10-12,92.0,101.0,108.0,111.0,113.0,117.0,122.0,126.0,130.0,133.0,136.0,144.0,157.0,inferred
Powys,2021-10-13,92.0,102.0,109.0,112.0,114.0,118.0,121.0,126.0,131.0,133.0,136.2,144.1,157.0,inferred
Powys,2021-10-14,88.0,98.0,106.0,109.0,111.0,115.0,120.0,123.0,128.0,131.0,135.0,143.0,158.0,inferred
Powys,2021-10-15,75.0,86.0,93.0,96.0,98.7,103.0,107.0,111.0,116.0,119.0,122.0,131.0,145.5,inferred
Preston,2021-07-03,37.0,42.0,46.0,47.0,48.0,51.0,54.0,56.0,59.0,61.0,62.0,67.0,74.5,inferred
Preston,2021-07-04,40.0,46.0,50.0,52.0,53.0,55.0,58.0,61.0,64.0,65.0,67.0,72.0,81.0,inferred
Preston,2021-07-05,61.0,68.9,73.0,75.0,77.0,80.0,84.0,87.0,90.0,92.0,95.0,100.0,110.0,inferred
Preston,2021-07-06,61.0,68.0,73.0,74.0,76.0,79.0,82.0,86.0,89.0,91.0,93.0,99.0,109.0,inferred
Preston,2021-07-07,66.0,72.0,77.0,79.0,80.0,84.0,87.0,90.0,94.0,96.0,98.0,103.0,114.0,inferred
Preston,2021-07-08,68.0,75.0,79.0,81.0,83.0,86.0,89.0,92.0,95.0,97.0,100.0,106.0,115.0,inferred
Preston,2021-07-09,61.0,67.0,72.0,75.0,76.7,80.0,82.0,86.0,89.0,91.0,93.0,99.0,109.0,inferred
Preston,2021-07-10,52.0,59.0,64.0,66.0,67.0,70.0,73.0,77.0,80.0,81.0,84.0,89.0,98.5,inferred
Preston,2021-07-11,58.0,67.0,72.0,73.0,75.0,79.0,82.0,85.0,88.0,91.0,93.0,98.1,108.0,inferred
Preston,2021-07-12,93.0,102.0,109.0,111.0,113.0,117.0,121.0,125.0,129.0,132.0,134.0,142.0,154.0,inferred
Preston,2021-07-13,89.0,98.0,105.0,107.0,109.0,114.0,118.0,122.0,126.0,128.0,131.0,138.0,151.0,inferred
Preston,2021-07-14,91.0,100.0,107.0,110.0,112.0,116.0,120.0,124.0,128.0,130.0,133.0,140.0,151.0,inferred
Preston,2021-07-15,89.0,97.0,103.0,105.8,107.0,111.0,115.0,119.0,123.0,125.0,128.0,135.0,147.0,inferred
Preston,2021-07-16,76.0,84.0,90.0,93.0,95.0,99.0,102.0,105.0,109.0,112.0,114.0,121.0,131.0,inferred
Preston,2021-07-17,62.0,69.0,75.0,76.0,78.0,82.0,85.0,88.0,92.0,94.0,96.0,102.0,112.0,inferred
Preston,2021-07-18,66.0,75.0,80.0,82.0,84.0,87.0,91.0,94.0,98.0,100.0,102.0,108.0,118.0,inferred
Preston,2021-07-19,96.5,104.0,111.0,114.0,116.0,120.0,125.0,129.0,132.0,134.0,137.0,144.0,155.0,inferred
Preston,2021-07-20,86.5,94.9,100.0,103.0,105.0,109.0,112.5,116.0,121.0,123.0,126.0,133.0,145.0,inferred
Preston,2021-07-21,77.5,88.0,95.0,97.0,99.0,103.0,106.0,110.0,114.0,116.0,119.0,125.0,135.0,inferred
Preston,2021-07-22,67.0,77.0,82.0,84.0,86.0,90.0,93.0,97.0,101.3,104.0,107.0,114.0,125.5,inferred
Preston,2021-07-23,54.0,62.0,67.0,69.0,70.0,73.0,76.0,79.0,83.0,84.2,86.0,92.0,102.0,inferred
Preston,2021-07-24,40.0,45.9,49.0,51.0,53.0,55.0,58.0,61.0,64.0,66.0,68.0,73.0,80.5,inferred
Preston,2021-07-25,38.5,44.0,48.0,50.0,51.0,54.0,57.0,60.0,63.0,64.0,66.0,70.0,79.0,inferred
Preston,2021-07-26,52.0,58.0,63.0,65.0,67.0,70.0,73.0,76.0,79.0,81.0,83.0,88.0,98.0,inferred
Preston,2021-07-27,45.0,53.0,57.8,59.0,61.0,64.0,67.0,70.0,73.0,74.0,77.0,82.0,90.0,inferred
Preston,2021-07-28,47.0,53.0,57.0,59.0,61.0,63.0,66.0,69.0,73.0,75.0,77.0,82.0,91.0,inferred
Preston,2021-07-29,45.0,51.0,56.0,57.8,59.0,62.0,65.0,68.0,70.0,72.0,74.0,79.0,87.0,inferred
Preston,2021-07-30,39.0,45.0,49.0,51.0,52.0,55.0,57.0,60.0,62.0,64.0,66.0,72.0,79.0,inferred
Preston,2021-07-31,30.0,36.0,40.0,41.0,43.0,45.0,48.0,50.0,53.0,54.0,56.0,61.0,68.0,inferred
Preston,2021-08-01,31.0,39.0,43.0,44.0,45.0,48.0,50.0,53.0,56.0,58.0,59.0,64.0,72.0,inferred
Preston,2021-08-02,49.0,56.0,61.0,63.0,64.0,67.0,70.0,73.0,77.0,79.0,81.0,87.0,96.0,inferred
Preston,2021-08-03,46.0,52.0,57.0,59.0,60.7,64.0,67.0,70.0,73.0,75.0,77.0,82.0,90.0,inferred
Preston,2021-08-04,44.0,55.0,59.0,60.0,62.0,66.0,69.0,71.0,74.3,76.0,78.0,84.0,92.0,inferred
Preston,2021-08-05,46.0,53.0,57.0,58.0,60.0,63.0,66.0,68.4,72.0,74.0,76.0,81.0,90.0,inferred
Preston,2021-08-06,40.0,47.0,51.0,53.0,54.0,57.0,60.0,63.0,66.0,68.0,70.0,76.0,83.5,inferred
Preston,2021-08-07,32.0,39.0,42.0,44.0,46.0,48.0,50.0,53.0,55.3,57.0,59.0,64.0,72.5,inferred
Preston,2021-08-08,36.0,42.0,46.0,47.0,49.0,51.0,54.0,57.0,60.0,61.0,63.0,69.0,77.0,inferred
Preston,2021-08-09,52.0,60.0,65.0,67.0,69.0,73.0,76.0,79.0,83.0,85.0,87.0,92.0,102.0,inferred
Preston,2021-08-10,51.0,57.0,62.0,64.0,66.0,68.0,72.0,75.0,78.0,80.0,82.0,88.0,96.0,inferred
Preston,2021-08-11,50.0,57.0,62.0,64.0,65.0,69.0,71.0,74.0,78.0,80.0,82.0,87.0,96.0,inferred
Preston,2021-08-12,47.0,53.0,58.0,60.0,62.0,65.0,68.0,71.0,74.0,76.0,78.2,84.0,93.0,inferred
Preston,2021-08-13,40.0,47.0,51.0,53.0,55.0,58.0,60.0,62.0,66.0,67.0,69.0,75.0,83.5,inferred
Preston,2021-08-14,33.0,38.0,41.0,43.0,44.0,47.0,50.0,53.0,55.0,57.0,58.0,63.0,71.0,inferred
Preston,2021-08-15,34.0,40.0,44.0,45.0,47.0,49.0,52.0,55.0,57.0,59.0,60.0,64.0,73.0,inferred
Preston,2021-08-16,49.5,56.0,62.0,64.0,66.0,69.0,72.0,75.0,79.0,80.0,82.0,89.0,99.0,inferred
Preston,2021-08-17,45.5,53.0,57.0,59.0,61.0,64.0,66.0,70.0,73.0,74.0,77.0,82.0,92.0,inferred
Preston,2021-08-18,46.0,52.0,58.0,59.0,61.0,64.0,67.0,70.0,73.0,75.0,77.0,82.0,92.0,inferred
Preston,2021-08-19,45.5,51.0,56.0,58.0,59.0,62.0,65.0,68.0,71.0,72.0,74.0,79.0,89.0,inferred
Preston,2021-08-20,39.0,45.0,49.0,50.0,52.0,55.0,57.0,60.0,63.0,65.0,66.2,71.0,79.0,inferred
Preston,2021-08-21,31.0,36.0,40.0,41.0,43.0,45.0,47.0,49.0,52.0,53.0,55.0,59.0,67.0,inferred
Preston,2021-08-22,33.0,38.0,42.0,43.0,45.0,48.0,50.0,52.0,55.0,57.0,59.0,63.0,70.0,inferred
Preston,2021-08-23,48.0,56.0,61.0,62.0,64.0,67.0,70.0,73.0,76.0,78.0,80.0,85.0,93.0,inferred
Preston,2021-08-24,46.0,52.0,56.0,58.0,59.0,63.0,65.0,68.0,72.0,74.0,76.0,81.0,91.0,inferred
Preston,2021-08-25,45.0,52.0,57.0,59.0,60.0,64.0,66.0,69.0,73.0,74.0,77.0,83.0,92.0,inferred
Preston,2021-08-26,44.0,51.0,54.0,56.0,58.0,61.0,63.0,66.0,70.0,71.0,73.0,78.1,87.0,inferred
Preston,2021-08-27,38.0,44.0,48.0,50.0,51.0,54.0,57.0,60.0,62.3,64.0,66.0,71.0,79.0,inferred
Preston,2021-08-28,31.0,36.0,40.0,42.0,43.0,45.0,47.0,50.0,53.0,55.0,56.0,61.0,67.5,inferred
Preston,2021-08-29,33.0,39.0,43.0,44.0,45.0,48.0,50.0,53.0,56.0,57.0,59.0,64.0,71.5,inferred
Preston,2021-08-30,48.0,56.0,61.0,63.0,64.0,67.6,70.0,73.0,76.0,78.0,81.0,86.0,97.5,inferred
Preston,2021-08-31,46.0,54.0,59.0,61.0,62.0,66.0,69.0,71.0,74.3,77.0,79.0,84.0,93.0,inferred
Preston,2021-09-01,47.0,56.0,61.0,62.0,64.0,68.0,71.0,74.0,77.0,79.0,81.0,87.0,96.0,inferred
Preston,2021-09-02,49.0,56.0,61.0,63.0,64.0,68.0,71.0,74.0,77.0,79.0,80.0,87.0,95.0,inferred
Preston,2021-09-03,44.0,50.0,55.0,57.0,58.0,61.0,64.0,67.0,70.0,72.0,74.0,79.0,86.0,inferred
Preston,2021-09-04,36.0,42.9,46.0,48.0,49.0,52.0,55.0,57.0,60.0,61.0,63.0,69.0,77.0,inferred
Preston,2021-09-05,41.0,47.0,51.0,53.0,55.0,57.0,60.0,63.0,66.0,67.0,69.0,74.0,83.0,inferred
Preston,2021-09-06,61.0,69.0,73.0,75.0,77.0,81.0,84.0,88.0,92.0,94.0,96.0,103.0,112.5,inferred
Preston,2021-09-07,58.0,65.0,70.0,72.0,74.0,77.0,80.0,84.0,87.0,90.0,92.0,98.0,107.0,inferred
Preston,2021-09-08,59.0,67.0,72.0,74.0,76.0,79.0,82.0,85.0,89.0,91.0,93.0,98.0,108.5,inferred
Preston,2021-09-09,57.0,64.0,69.0,71.0,73.0,76.0,80.0,83.0,86.0,88.0,90.0,95.0,105.0,inferred
Preston,2021-09-10,49.0,56.0,61.0,62.0,64.0,67.0,70.0,73.0,76.0,78.0,80.0,85.0,96.0,inferred
Preston,2021-09-11,40.0,45.0,50.0,51.0,53.0,56.0,58.0,61.0,64.0,65.0,67.0,72.0,81.0,inferred
Preston,2021-09-12,42.0,48.0,53.0,54.0,56.0,59.0,61.0,64.0,67.0,69.0,70.0,75.1,86.0,inferred
Preston,2021-09-13,63.0,71.0,75.0,77.0,79.0,83.0,86.0,89.0,93.0,95.0,97.0,102.0,111.0,inferred
Preston,2021-09-14,59.0,67.0,72.0,74.0,76.0,79.0,82.0,85.0,89.0,91.0,93.0,100.0,109.0,inferred
Preston,2021-09-15,61.0,68.0,74.0,76.0,78.0,81.0,85.0,88.0,92.0,94.0,96.0,103.0,113.5,inferred
Preston,2021-09-16,60.0,68.0,73.0,75.0,77.0,80.0,83.0,86.0,90.0,92.0,94.0,100.0,109.5,inferred
Preston,2021-09-17,53.0,60.0,65.0,68.0,69.0,72.0,75.0,78.0,81.0,83.0,85.0,90.1,99.0,inferred
Preston,2021-09-18,43.0,50.0,55.0,56.0,58.0,60.0,63.0,66.0,69.0,71.0,73.0,78.0,87.0,inferred
Preston,2021-09-19,46.5,54.0,58.0,60.0,62.0,65.0,68.0,71.0,75.0,76.0,78.0,83.0,93.0,inferred
Preston,2021-09-20,70.0,78.0,84.0,86.0,88.0,91.0,95.0,98.0,102.0,104.0,107.0,114.0,124.5,inferred
Preston,2021-09-21,64.0,72.0,77.0,79.0,81.0,84.0,88.0,92.0,95.0,97.0,100.0,106.0,116.0,inferred
Preston,2021-09-22,60.0,70.0,75.0,77.0,79.0,83.0,86.0,89.0,92.0,94.0,96.0,102.0,111.5,inferred
Preston,2021-09-23,55.5,64.0,69.0,71.0,73.0,76.0,79.0,82.0,86.0,88.0,90.0,96.0,106.0,inferred
Preston,2021-09-24,46.0,53.0,58.0,59.0,61.0,64.0,67.0,70.0,73.0,75.0,77.0,83.0,91.0,inferred
Preston,2021-09-25,36.0,42.0,46.0,48.0,49.0,52.0,54.0,57.0,60.0,62.0,63.0,68.0,76.0,inferred
Preston,2021-09-26,36.5,42.0,46.0,48.0,50.0,53.0,55.0,58.0,61.0,63.0,64.0,70.0,78.0,inferred
Preston,2021-09-27,54.0,60.0,65.0,67.0,68.7,72.0,75.0,78.0,81.0,83.0,85.0,92.0,100.0,inferred
Preston,2021-09-28,49.0,56.0,61.0,62.0,64.0,67.0,70.0,73.0,76.0,77.0,79.0,85.0,94.0,inferred
Preston,2021-09-29,49.0,56.9,61.0,63.0,64.0,67.6,70.0,74.0,76.3,78.0,80.0,86.0,95.0,inferred
Preston,2021-09-30,48.0,55.0,59.0,61.0,62.0,66.0,69.0,72.0,75.0,77.0,79.0,84.0,94.0,inferred
Preston,2021-10-01,41.0,48.0,53.0,54.0,56.0,59.0,62.0,64.0,67.0,69.0,70.0,77.0,86.5,inferred
Preston,2021-10-02,34.0,40.0,44.0,45.0,47.0,49.0,52.0,54.0,57.0,58.0,60.0,65.0,73.0,inferred
Preston,2021-10-03,37.5,42.9,47.0,48.0,50.0,52.0,55.0,57.0,60.3,62.0,64.0,69.0,76.0,inferred
Preston,2021-10-04,54.0,61.0,66.0,68.0,70.0,73.0,76.0,80.0,83.0,85.0,87.0,93.0,102.0,inferred
Preston,2021-10-05,51.5,59.9,64.0,66.0,68.0,71.0,74.0,77.0,80.0,83.0,85.0,90.0,100.0,inferred
Preston,2021-10-06,55.0,62.9,68.0,70.0,72.0,75.0,78.0,81.0,84.0,86.0,89.0,94.1,104.5,inferred
Preston,2021-10-07,56.0,64.0,69.0,71.0,73.0,76.0,79.0,82.0,86.0,88.0,90.0,96.0,105.0,inferred
Preston,2021-10-08,51.0,59.0,64.0,66.0,67.0,70.6,73.0,76.0,79.0,81.0,83.0,89.0,98.0,inferred
Preston,2021-10-09,45.0,51.0,54.8,57.0,58.0,61.0,64.0,67.0,70.0,72.0,74.0,80.0,88.0,inferred
Preston,2021-10-10,48.5,57.0,61.0,63.0,65.0,68.0,71.0,74.0,77.0,79.0,81.0,87.0,95.0,inferred
Preston,2021-10-11,77.0,85.0,91.0,94.0,96.0,100.0,104.0,107.0,111.0,113.0,116.0,122.0,132.0,inferred
Preston,2021-10-12,71.5,81.0,88.0,90.0,91.0,95.0,99.0,103.0,107.0,109.0,111.0,119.0,129.0,inferred
Preston,2021-10-13,71.0,80.0,86.0,89.0,91.0,95.0,99.0,102.0,105.3,108.0,110.0,117.0,129.0,inferred
Preston,2021-10-14,66.0,75.0,82.0,84.0,86.0,90.0,94.0,97.0,101.0,103.0,105.0,113.0,123.5,inferred
Preston,2021-10-15,57.0,65.0,70.0,72.8,74.7,78.0,81.0,84.0,88.0,90.0,93.0,99.0,110.0,inferred
Reading,2021-07-03,26.0,32.0,36.0,38.0,39.0,42.0,44.0,46.4,49.3,51.0,53.0,57.0,65.0,inferred
Reading,2021-07-04,27.0,33.0,38.0,39.0,41.0,44.0,46.0,48.0,51.0,52.0,54.0,59.0,67.0,inferred
Reading,2021-07-05,40.0,48.0,52.8,54.0,56.0,59.0,62.0,65.0,68.0,70.0,72.0,77.0,88.0,inferred
Reading,2021-07-06,41.0,48.0,53.0,55.0,57.0,60.0,63.0,65.0,69.0,71.0,73.0,78.0,88.0,inferred
Reading,2021-07-07,44.0,51.0,56.0,59.0,60.0,64.0,66.5,70.0,73.0,75.0,78.0,84.0,93.0,inferred
Reading,2021-07-08,45.0,52.0,57.0,59.0,61.0,64.0,67.0,70.0,74.0,76.0,78.0,84.0,93.0,inferred
Reading,2021-07-09,43.0,50.0,56.0,58.0,60.0,63.0,66.0,69.0,73.0,75.0,77.0,83.0,94.0,inferred
Reading,2021-07-10,39.0,45.0,50.0,52.0,53.0,56.0,60.0,63.0,66.0,68.0,70.0,76.0,84.5,inferred
Reading,2021-07-11,42.0,50.0,55.0,57.0,59.0,62.0,66.0,69.0,73.0,75.0,78.0,84.0,94.0,inferred
Reading,2021-07-12,64.0,74.0,80.0,83.0,85.0,89.0,93.0,96.0,101.0,103.0,106.0,113.0,125.0,inferred
Reading,2021-07-13,62.5,74.0,81.0,83.0,85.0,89.0,94.0,97.0,102.0,104.0,107.0,115.0,127.0,inferred
Reading,2021-07-14,68.0,76.0,82.0,85.0,87.0,91.0,95.0,99.0,103.0,106.0,109.0,117.0,129.5,inferred
Reading,2021-07-15,63.0,71.0,77.0,79.0,81.0,86.0,90.0,93.0,98.0,100.0,102.0,108.1,118.0,inferred
Reading,2021-07-16,55.0,64.0,70.0,72.0,74.0,78.0,81.0,85.0,89.0,91.0,93.0,102.0,111.0,inferred
Reading,2021-07-17,46.0,53.0,58.0,60.0,62.0,66.0,69.0,73.0,76.0,78.0,81.0,87.0,96.0,inferred
Reading,2021-07-18,46.0,54.0,60.0,62.0,64.0,67.0,70.5,73.0,77.0,79.0,82.0,88.0,98.0,inferred
Reading,2021-07-19,64.0,73.0,80.0,82.0,85.0,89.0,93.0,97.0,101.0,103.0,106.0,114.0,125.0,inferred
Reading,2021-07-20,60.0,69.0,75.0,77.0,80.0,84.0,87.0,91.0,96.0,98.0,101.0,108.0,120.0,inferred
Reading,2021-07-21,55.0,65.0,71.0,73.0,75.0,79.0,82.0,86.0,90.0,93.0,95.0,102.0,116.0,inferred
Reading,2021-07-22,49.0,57.0,63.0,65.0,67.0,70.0,74.0,77.0,81.0,83.0,86.0,93.0,104.5,inferred
Reading,2021-07-23,41.0,48.0,53.0,55.0,57.0,60.0,63.0,66.0,70.0,72.0,74.0,80.0,91.0,inferred
Reading,2021-07-24,33.0,38.0,42.0,44.0,45.0,48.0,52.0,54.0,57.0,59.0,61.0,66.0,75.5,inferred
Reading,2021-07-25,30.0,36.0,40.0,41.0,43.0,46.0,49.0,52.0,55.0,57.0,59.0,64.0,72.5,inferred
Reading,2021-07-26,41.0,48.0,53.0,55.0,56.0,60.0,62.0,66.0,70.0,72.0,74.0,79.0,91.0,inferred
Reading,2021-07-27,38.0,46.0,51.0,52.0,54.0,57.0,60.0,63.4,67.0,69.0,71.0,77.0,87.0,inferred
Reading,2021-07-28,41.0,48.0,53.0,55.0,57.0,60.0,63.0,66.0,70.0,71.0,73.0,79.0,90.0,inferred
Reading,2021-07-29,39.0,46.0,51.0,53.0,55.0,57.6,61.0,64.0,68.0,70.0,72.0,78.0,88.0,inferred
Reading,2021-07-30,38.0,45.0,49.0,51.0,53.0,56.0,58.0,61.0,65.0,67.0,69.2,76.0,85.0,inferred
Reading,2021-07-31,32.0,38.0,42.0,44.0,46.0,49.0,51.0,54.0,57.0,59.0,61.0,67.0,76.0,inferred
Reading,2021-08-01,35.0,41.0,46.0,47.0,49.0,52.0,55.0,58.0,62.0,64.0,66.0,72.0,82.0,inferred
Reading,2021-08-02,52.0,59.0,64.0,67.0,68.7,72.0,76.0,79.0,83.0,86.0,89.0,95.0,107.0,inferred
Reading,2021-08-03,49.0,59.0,64.0,66.0,68.0,72.0,75.0,79.0,83.0,85.0,88.0,95.0,107.0,inferred
Reading,2021-08-04,53.0,61.0,66.0,68.0,70.0,74.0,78.0,82.0,86.0,88.0,91.0,97.0,108.5,inferred
Reading,2021-08-05,51.0,59.0,64.0,67.0,69.0,72.0,76.0,79.0,82.0,85.0,87.0,94.0,104.0,inferred
Reading,2021-08-06,48.0,56.0,61.0,63.0,65.0,68.0,71.0,74.0,78.0,80.0,82.0,89.0,100.0,inferred
Reading,2021-08-07,41.0,48.0,52.0,55.0,56.0,60.0,63.0,66.0,69.0,71.0,73.0,78.0,89.0,inferred
Reading,2021-08-08,43.0,50.0,55.0,57.0,59.0,62.0,65.0,69.0,72.0,74.0,76.0,82.0,93.0,inferred
Reading,2021-08-09,60.5,71.0,76.0,79.0,82.0,85.0,89.0,92.0,97.0,100.0,102.0,110.0,123.0,inferred
Reading,2021-08-10,60.0,68.0,74.0,77.0,79.0,83.0,87.0,91.0,95.0,98.0,100.0,108.0,117.5,inferred
Reading,2021-08-11,60.5,71.0,76.0,78.0,80.0,84.0,88.0,92.0,96.0,98.0,101.0,109.0,120.0,inferred
Reading,2021-08-12,58.0,67.0,73.0,75.0,77.0,81.0,85.0,88.0,92.0,95.0,97.0,105.0,116.0,inferred
Reading,2021-08-13,52.0,61.0,67.0,69.0,71.0,75.0,78.0,82.0,85.3,87.0,90.0,96.0,108.5,inferred
Reading,2021-08-14,44.0,52.0,56.0,59.0,61.0,64.0,67.0,70.0,73.0,75.0,77.0,84.0,94.5,inferred
Reading,2021-08-15,46.0,54.0,59.0,61.0,63.0,66.0,70.0,73.0,76.0,79.0,81.0,87.0,96.0,inferred
Reading,2021-08-16,67.0,75.0,81.0,84.0,86.0,90.0,94.0,98.0,103.0,105.0,108.0,115.0,128.0,inferred
Reading,2021-08-17,63.0,72.0,78.0,81.0,83.0,87.0,91.0,94.0,98.0,100.0,103.0,111.0,121.0,inferred
Reading,2021-08-18,63.0,72.0,78.0,80.0,82.0,87.0,91.0,95.0,99.0,101.0,104.0,112.0,123.0,inferred
Reading,2021-08-19,59.0,67.0,73.0,75.0,77.0,81.0,85.0,89.0,93.0,95.0,98.0,105.0,117.0,inferred
Reading,2021-08-20,53.0,61.0,67.0,69.0,71.0,74.0,77.0,81.0,85.0,87.0,89.0,96.0,109.0,inferred
Reading,2021-08-21,42.0,50.0,54.8,57.0,58.0,62.0,65.0,68.0,72.0,73.0,75.0,82.0,91.5,inferred
Reading,2021-08-22,44.0,51.0,56.0,58.0,60.0,63.0,66.0,69.0,73.0,75.0,78.0,83.0,94.0,inferred
Reading,2021-08-23,58.5,68.0,75.0,77.0,79.0,83.0,87.0,91.0,95.0,98.0,100.0,107.0,117.5,inferred
Reading,2021-08-24,58.5,67.0,72.0,75.0,77.0,80.0,84.0,88.0,92.0,94.0,97.0,105.0,115.0,inferred
Reading,2021-08-25,60.0,68.0,74.0,76.0,78.0,82.0,85.0,89.0,94.0,96.0,98.0,105.0,117.0,inferred
Reading,2021-08-26,58.0,66.0,73.0,75.0,77.0,81.0,84.0,88.0,92.0,94.0,97.0,104.0,114.0,inferred
Reading,2021-08-27,55.0,63.0,68.0,71.0,73.0,77.0,80.0,84.0,87.0,90.0,92.0,99.0,110.0,inferred
Reading,2021-08-28,46.0,54.0,59.0,61.0,63.0,66.0,69.0,73.0,76.0,79.0,81.0,87.0,98.0,inferred
Reading,2021-08-29,47.0,56.0,62.0,64.0,66.0,69.0,73.0,77.0,80.0,82.0,85.0,92.0,103.0,inferred
Reading,2021-08-30,69.0,79.0,87.0,90.0,92.0,96.0,100.0,104.0,108.0,111.0,114.0,121.0,133.0,inferred
Reading,2021-08-31,71.0,79.0,84.0,87.0,89.0,93.0,97.0,101.0,105.0,108.0,111.0,118.0,131.0,inferred
Reading,2021-09-01,70.0,79.0,85.0,87.0,89.7,94.0,97.0,100.0,105.0,107.0,110.0,118.0,132.5,inferred
Reading,2021-09-02,61.0,70.0,77.0,79.0,82.0,86.0,90.0,94.0,98.0,100.0,103.0,111.0,122.5,inferred
Reading,2021-09-03,55.5,64.0,70.0,72.0,74.0,78.0,81.0,84.0,88.3,91.0,94.0,101.0,113.0,inferred
Reading,2021-09-04,44.0,52.0,57.0,60.0,61.7,65.0,67.0,71.0,74.0,76.0,78.0,85.0,95.0,inferred
Reading,2021-09-05,46.0,53.0,57.0,59.0,61.0,65.0,68.0,71.0,75.0,76.0,79.0,84.0,96.0,inferred
Reading,2021-09-06,62.0,70.0,77.0,79.0,81.0,84.6,88.0,92.0,96.0,98.0,101.0,108.0,119.0,inferred
Reading,2021-09-07,54.0,63.0,70.0,72.0,74.0,78.0,82.0,86.0,90.0,92.0,95.0,102.0,113.0,inferred
Reading,2021-09-08,54.0,63.0,68.0,70.0,72.0,76.0,80.0,83.0,87.0,89.0,92.0,100.0,111.0,inferred
Reading,2021-09-09,48.0,55.0,61.0,63.0,65.0,68.0,72.0,75.0,79.0,82.0,84.0,90.0,100.0,inferred
Reading,2021-09-10,43.0,49.0,53.0,55.0,57.0,61.0,64.0,67.0,70.0,72.0,74.0,80.0,91.0,inferred
Reading,2021-09-11,33.0,39.0,44.0,45.0,47.0,50.0,52.0,56.0,59.0,61.0,63.0,69.0,77.5,inferred
Reading,2021-09-12,32.0,38.0,43.0,45.0,46.0,49.0,52.0,55.0,58.0,60.0,62.0,67.0,77.0,inferred
Reading,2021-09-13,44.0,51.0,56.0,58.0,60.0,64.0,67.0,70.0,74.0,76.0,78.0,85.0,97.0,inferred
Reading,2021-09-14,41.0,49.0,54.0,56.0,58.0,61.0,64.0,67.0,71.0,73.0,75.0,81.0,91.0,inferred
Reading,2021-09-15,43.5,51.0,55.0,57.0,59.0,63.0,66.0,69.0,73.0,75.0,77.0,83.0,94.0,inferred
Reading,2021-09-16,42.0,50.0,55.0,57.0,59.0,62.0,65.0,68.0,72.0,74.0,76.0,82.0,92.5,inferred
Reading,2021-09-17,41.0,47.0,51.0,53.0,55.0,59.0,62.0,65.0,68.0,70.0,72.0,79.0,90.0,inferred
Reading,2021-09-18,34.0,41.0,45.0,47.0,49.0,52.0,55.0,57.0,61.0,63.0,64.0,71.0,80.0,inferred
Reading,2021-09-19,36.0,43.0,48.0,50.0,52.0,55.0,58.0,61.0,64.0,66.0,68.0,75.0,86.0,inferred
Reading,2021-09-20,54.0,63.0,69.0,71.0,73.0,76.0,80.0,83.0,87.0,90.0,92.0,100.0,111.0,inferred
Reading,2021-09-21,51.0,59.0,65.0,68.0,70.0,73.0,77.0,81.0,85.0,88.0,90.0,96.0,107.0,inferred
Reading,2021-09-22,52.5,61.0,66.0,69.0,71.0,75.0,78.0,82.0,85.3,88.0,90.0,97.0,108.0,inferred
Reading,2021-09-23,50.0,57.0,62.8,65.0,67.0,70.0,73.0,77.0,81.0,83.0,85.0,92.0,102.0,inferred
Reading,2021-09-24,45.0,52.0,57.0,59.8,62.0,65.0,68.0,71.0,75.0,76.0,79.0,86.0,96.0,inferred
Reading,2021-09-25,36.0,43.0,48.0,50.0,51.0,54.0,58.0,61.0,64.0,66.0,68.0,73.0,82.5,inferred
Reading,2021-09-26,38.0,44.0,49.0,51.0,52.0,56.0,59.0,62.0,65.0,67.0,69.0,75.0,84.5,inferred
Reading,2021-09-27,53.0,61.0,66.0,68.0,71.0,74.0,78.0,82.0,86.0,88.0,90.0,97.1,108.0,inferred
Reading,2021-09-28,51.0,59.0,64.0,66.0,68.0,72.0,75.0,79.0,83.0,84.0,87.0,93.0,105.5,inferred
Reading,2021-09-29,51.0,59.0,64.0,67.0,69.0,72.0,75.0,80.0,84.0,86.0,88.0,95.0,104.0,inferred
Reading,2021-09-30,48.5,56.0,61.0,64.0,65.0,69.0,73.0,76.0,80.0,82.0,84.0,91.0,102.0,inferred
Reading,2021-10-01,44.0,51.0,56.0,58.0,61.0,64.0,67.0,70.0,74.0,76.0,79.0,85.0,96.0,inferred
Reading,2021-10-02,35.0,43.0,48.0,49.0,51.0,54.0,57.0,60.0,63.0,65.0,67.0,73.0,83.0,inferred
Reading,2021-10-03,39.0,45.0,50.0,52.0,53.0,57.0,59.0,62.0,65.0,67.0,69.0,75.0,86.0,inferred
Reading,2021-10-04,55.0,64.0,70.0,71.0,73.0,77.0,81.0,84.0,88.0,90.0,93.0,100.0,111.0,inferred
Reading,2021-10-05,54.0,63.0,68.0,70.0,73.0,77.0,80.0,84.0,88.0,90.0,92.0,99.1,109.5,inferred
Reading,2021-10-06,59.0,67.0,72.0,75.0,77.0,81.0,85.0,89.0,92.0,95.0,97.0,104.0,116.0,inferred
Reading,2021-10-07,60.0,68.0,74.0,76.0,78.0,82.0,85.0,90.0,94.0,96.0,99.0,106.1,117.0,inferred
Reading,2021-10-08,58.0,67.0,73.0,75.8,77.0,81.0,84.0,87.0,92.0,95.0,97.0,103.0,116.5,inferred
Reading,2021-10-09,51.0,59.0,65.0,68.0,70.0,73.0,76.0,80.0,84.0,86.0,89.0,95.0,107.0,inferred
Reading,2021-10-10,58.0,67.0,73.0,75.0,77.0,81.0,84.0,87.0,91.0,93.0,96.0,103.0,116.0,inferred
Reading,2021-10-11,88.0,97.0,104.0,107.0,110.0,114.0,119.0,123.0,128.0,131.0,135.0,143.1,158.0,inferred
Reading,2021-10-12,91.0,101.0,108.0,111.0,114.0,118.0,123.0,127.0,132.0,135.0,138.0,146.0,159.0,inferred
Reading,2021-10-13,97.0,107.0,115.0,118.0,121.0,126.0,131.0,136.0,141.0,144.0,148.0,158.0,171.0,inferred
Reading,2021-10-14,97.0,108.0,116.0,119.0,122.0,128.0,133.5,138.0,144.0,147.0,150.0,159.1,171.0,inferred
Reading,2021-10-15,94.0,105.0,114.0,117.0,120.0,126.0,131.0,136.0,142.0,146.0,150.0,160.0,177.0,inferred
Redbridge,2021-07-03,48.5,56.0,61.0,63.0,65.0,68.0,72.0,75.0,79.0,80.0,83.0,88.0,98.0,inferred
Redbridge,2021-07-04,53.0,60.0,65.0,67.0,69.0,73.0,75.0,79.0,82.0,84.0,87.0,92.0,101.0,inferred
Redbridge,2021-07-05,80.0,89.0,95.0,98.0,100.0,104.0,107.5,112.0,116.0,118.0,121.0,128.0,140.0,inferred
Redbridge,2021-07-06,78.0,88.0,94.0,96.0,98.0,102.0,106.0,110.0,113.0,116.0,118.0,126.0,137.5,inferred
Redbridge,2021-07-07,83.0,92.0,97.0,100.0,102.0,106.0,110.0,114.0,119.0,121.0,123.0,130.0,141.0,inferred
Redbridge,2021-07-08,82.0,92.0,99.0,101.0,103.0,107.0,111.0,115.0,118.0,121.0,123.0,130.0,144.5,inferred
Redbridge,2021-07-09,75.0,86.0,92.0,95.0,97.0,100.0,104.0,108.0,113.0,115.0,118.0,126.0,138.0,inferred
Redbridge,2021-07-10,66.5,75.0,81.0,83.0,85.0,89.0,93.0,96.0,99.0,101.0,104.0,111.0,121.0,inferred
Redbridge,2021-07-11,69.0,77.0,83.0,85.8,88.0,92.0,96.0,100.0,103.0,105.2,108.0,114.1,128.0,inferred
Redbridge,2021-07-12,104.0,115.0,122.0,125.0,127.0,131.0,135.0,140.0,145.0,147.0,150.0,158.0,170.0,inferred
Redbridge,2021-07-13,100.5,112.0,119.0,122.0,125.0,130.0,134.0,138.0,144.0,146.0,149.0,156.0,170.0,inferred
Redbridge,2021-07-14,107.0,117.0,124.0,127.0,130.0,134.0,139.0,143.0,148.0,151.0,153.0,162.0,175.5,inferred
Redbridge,2021-07-15,103.0,114.0,121.0,123.0,126.0,131.0,135.0,140.0,144.0,147.0,149.0,158.0,172.0,inferred
Redbridge,2021-07-16,94.0,104.0,111.0,113.0,116.0,121.0,124.0,128.0,132.0,135.0,138.0,145.0,160.0,inferred
Redbridge,2021-07-17,79.5,87.0,94.0,96.0,99.0,103.0,106.0,110.0,115.0,118.0,120.0,127.0,138.0,inferred
Redbridge,2021-07-18,79.0,90.0,96.0,99.0,101.0,105.0,109.0,112.0,117.0,119.0,122.0,129.0,140.0,inferred
Redbridge,2021-07-19,114.0,126.0,133.0,137.0,139.0,144.0,148.0,153.0,159.0,162.0,165.0,173.0,186.0,inferred
Redbridge,2021-07-20,109.0,118.9,126.0,128.8,131.0,136.0,141.0,145.0,149.3,152.0,155.0,164.0,179.0,inferred
Redbridge,2021-07-21,102.0,114.9,122.0,124.0,127.0,132.0,137.0,141.0,146.0,149.0,152.0,160.0,172.0,inferred
Redbridge,2021-07-22,95.0,107.0,113.0,116.0,118.0,122.0,127.0,132.0,136.0,139.0,142.0,148.0,160.0,inferred
Redbridge,2021-07-23,82.0,91.0,98.0,100.0,102.0,106.0,110.0,115.0,119.0,121.0,124.0,133.0,142.0,inferred
Redbridge,2021-07-24,65.0,73.0,78.0,81.0,83.0,87.0,90.0,93.0,97.0,99.0,102.0,108.0,119.0,inferred
Redbridge,2021-07-25,62.0,70.0,76.0,78.0,80.0,84.0,87.0,91.0,95.0,97.0,99.0,105.0,117.0,inferred
Redbridge,2021-07-26,87.0,95.0,101.0,104.0,106.0,110.0,114.0,118.0,123.0,125.0,128.0,136.0,149.0,inferred
Redbridge,2021-07-27,81.0,89.0,96.0,99.0,101.0,105.0,109.0,113.0,117.0,119.0,122.0,131.0,141.0,inferred
Redbridge,2021-07-28,84.0,93.0,100.0,102.0,105.0,109.0,113.0,117.0,121.0,123.0,126.0,134.0,145.5,inferred
Redbridge,2021-07-29,82.0,92.0,98.0,101.0,103.0,107.0,111.0,116.0,120.0,122.0,125.0,132.0,146.0,inferred
Redbridge,2021-07-30,77.0,86.0,92.0,95.0,97.0,101.0,104.0,109.0,112.0,114.0,117.0,124.0,135.0,inferred
Redbridge,2021-07-31,65.0,73.0,78.0,81.0,83.0,86.0,90.0,93.0,97.3,100.0,102.0,109.0,120.0,inferred
Redbridge,2021-08-01,66.0,75.0,80.0,82.0,84.0,88.0,91.0,96.0,100.0,102.0,105.0,111.0,120.0,inferred
Redbridge,2021-08-02,94.0,106.0,113.0,116.0,118.0,123.0,127.0,131.0,136.0,138.0,141.0,150.0,161.5,inferred
Redbridge,2021-08-03,92.0,101.0,108.0,111.0,113.0,117.0,122.0,127.0,130.0,133.0,136.0,144.1,157.5,inferred
Redbridge,2021-08-04,93.0,103.0,110.0,113.0,116.0,120.0,124.0,128.0,133.0,135.0,138.0,146.0,158.0,inferred
Redbridge,2021-08-05,90.0,101.0,107.0,109.8,112.0,116.0,120.0,124.0,128.0,131.0,134.0,141.0,154.0,inferred
Redbridge,2021-08-06,79.5,90.0,96.0,99.0,101.0,105.0,110.0,113.0,117.0,120.0,122.0,129.0,140.0,inferred
Redbridge,2021-08-07,67.0,76.0,82.0,84.0,86.0,90.0,94.0,97.0,101.0,102.0,105.0,111.0,123.0,inferred
Redbridge,2021-08-08,68.0,76.0,82.0,84.0,87.0,90.0,94.0,98.0,102.0,105.0,107.0,114.0,125.0,inferred
Redbridge,2021-08-09,96.0,106.0,113.0,115.0,118.0,123.0,128.0,132.0,137.0,139.0,142.0,150.0,164.0,inferred
Redbridge,2021-08-10,94.0,103.0,110.0,112.0,115.0,119.0,123.0,127.0,132.0,135.0,137.0,145.0,157.0,inferred
Redbridge,2021-08-11,94.5,103.0,110.0,112.0,115.0,119.0,123.0,128.0,133.0,136.0,139.0,147.0,161.0,inferred
Redbridge,2021-08-12,89.0,98.0,105.0,108.0,110.0,114.0,118.0,122.0,127.0,130.0,133.0,140.0,152.0,inferred
Redbridge,2021-08-13,79.0,89.0,95.0,98.0,100.0,104.0,107.0,110.4,115.0,118.0,120.0,127.0,137.5,inferred
Redbridge,2021-08-14,64.5,73.0,79.0,81.0,83.0,87.0,91.0,94.0,98.0,100.0,102.2,109.0,118.0,inferred
Redbridge,2021-08-15,64.0,72.9,78.0,80.0,82.0,86.0,90.0,93.0,97.0,98.2,101.0,108.0,119.0,inferred
Redbridge,2021-08-16,90.0,101.0,107.0,110.0,112.0,117.0,121.0,125.0,129.0,131.0,134.0,143.0,156.0,inferred
Redbridge,2021-08-17,85.5,94.0,101.0,104.0,107.0,111.0,115.0,119.0,123.0,126.0,128.0,135.0,147.5,inferred
Redbridge,2021-08-18,86.5,96.0,102.0,105.0,107.0,111.0,115.0,119.0,124.0,126.0,129.0,136.0,151.5,inferred
Redbridge,2021-08-19,81.0,91.0,98.0,100.0,102.0,106.0,110.0,114.0,119.0,121.0,124.0,131.0,142.0,inferred
Redbridge,2021-08-20,73.0,81.9,88.8,91.0,93.0,97.0,101.0,104.0,108.0,110.0,113.0,120.0,132.0,inferred
Redbridge,2021-08-21,60.0,68.0,74.0,75.0,77.0,80.0,84.0,88.0,93.0,94.0,97.0,102.1,113.0,inferred
Redbridge,2021-08-22,58.5,66.0,72.0,74.0,76.0,80.0,83.0,87.0,90.0,93.0,95.0,101.0,112.0,inferred
Redbridge,2021-08-23,83.0,93.0,99.0,102.0,104.0,109.0,113.0,117.0,121.0,124.0,127.0,134.0,145.5,inferred
Redbridge,2021-08-24,81.0,89.0,95.0,98.0,100.0,105.0,108.0,112.0,116.0,118.0,121.0,129.0,141.5,inferred
Redbridge,2021-08-25,83.0,93.0,97.0,100.0,103.0,107.0,110.0,114.0,119.0,122.0,124.0,132.0,143.0,inferred
Redbridge,2021-08-26,79.0,89.0,95.0,98.0,100.0,104.0,108.0,111.0,115.0,117.0,120.0,128.0,140.0,inferred
Redbridge,2021-08-27,72.0,81.0,86.0,89.0,92.0,96.0,100.0,103.0,107.3,110.0,113.0,119.0,129.0,inferred
Redbridge,2021-08-28,62.0,68.0,73.8,76.0,78.0,81.0,85.0,89.0,93.0,96.0,98.0,104.0,114.0,inferred
Redbridge,2021-08-29,62.0,70.0,76.0,77.8,80.0,83.0,87.0,90.0,94.0,96.0,98.0,105.0,115.0,inferred
Redbridge,2021-08-30,89.0,99.0,105.0,108.0,111.0,115.0,119.0,124.0,128.0,131.0,134.0,141.0,153.5,inferred
Redbridge,2021-08-31,87.0,98.0,103.0,106.0,109.0,113.0,117.0,121.0,126.0,128.0,131.0,139.0,151.0,inferred
Redbridge,2021-09-01,91.0,101.0,108.0,111.0,113.0,117.0,121.0,124.0,129.0,132.0,135.0,143.1,155.5,inferred
Redbridge,2021-09-02,92.5,102.0,108.0,110.0,112.0,116.0,120.0,125.0,129.0,131.0,134.2,141.0,154.0,inferred
Redbridge,2021-09-03,84.0,93.0,100.0,102.0,104.0,108.0,112.0,115.0,120.0,122.0,124.0,132.1,147.0,inferred
Redbridge,2021-09-04,72.0,81.9,87.0,89.0,92.0,96.0,99.0,103.0,107.0,109.0,112.0,119.0,131.0,inferred
Redbridge,2021-09-05,73.0,82.0,88.0,91.0,93.0,97.0,101.0,105.0,110.0,112.0,115.0,123.0,132.0,inferred
Redbridge,2021-09-06,108.5,118.0,125.0,128.0,131.0,135.0,140.0,145.0,150.0,153.0,156.0,163.0,176.0,inferred
Redbridge,2021-09-07,100.0,110.0,118.0,121.0,123.0,128.0,132.0,136.0,141.0,143.0,146.0,154.0,166.0,inferred
Redbridge,2021-09-08,96.0,106.0,113.0,115.0,118.0,122.0,126.0,130.0,135.0,138.0,140.0,149.0,163.0,inferred
Redbridge,2021-09-09,84.0,94.0,101.0,103.0,106.0,110.0,114.0,119.0,123.0,126.0,128.2,137.0,148.0,inferred
Redbridge,2021-09-10,71.5,82.0,88.0,90.0,92.0,96.0,99.0,103.0,107.0,109.0,111.0,118.0,129.0,inferred
Redbridge,2021-09-11,55.0,63.0,68.0,70.0,72.0,75.0,78.0,82.0,86.0,88.0,90.0,96.0,108.0,inferred
Redbridge,2021-09-12,52.0,59.0,64.0,66.0,68.0,71.0,74.0,78.0,81.0,83.0,85.0,91.1,102.0,inferred
Redbridge,2021-09-13,69.0,79.0,84.0,86.0,89.0,93.0,97.0,100.0,104.0,107.0,109.0,115.0,127.0,inferred
Redbridge,2021-09-14,66.5,74.0,80.0,82.0,84.0,88.0,91.0,95.0,99.0,101.0,104.0,111.0,121.0,inferred
Redbridge,2021-09-15,68.0,76.0,81.0,84.0,86.0,90.0,93.0,97.0,101.0,104.0,106.0,112.0,122.0,inferred
Redbridge,2021-09-16,65.5,73.0,78.0,81.0,83.0,87.0,91.0,94.0,98.0,100.0,103.0,110.0,120.0,inferred
Redbridge,2021-09-17,60.0,68.0,73.0,75.0,77.0,80.0,83.0,86.0,90.0,93.0,96.0,103.0,114.0,inferred
Redbridge,2021-09-18,50.0,57.0,63.0,64.0,66.7,70.0,73.0,76.0,79.0,81.0,83.0,89.0,100.0,inferred
Redbridge,2021-09-19,50.0,59.0,64.0,66.0,67.0,70.0,74.0,77.0,80.0,83.0,85.0,91.0,100.0,inferred
Redbridge,2021-09-20,74.0,82.0,88.8,91.0,93.0,97.0,101.0,105.0,109.0,111.0,113.0,122.0,133.0,inferred
Redbridge,2021-09-21,70.0,79.0,85.0,86.8,89.0,93.0,96.5,100.0,105.0,107.0,110.0,116.0,127.0,inferred
Redbridge,2021-09-22,71.0,79.0,85.0,88.0,90.0,94.0,98.0,102.0,106.0,108.0,111.0,118.0,128.0,inferred
Redbridge,2021-09-23,67.0,75.0,81.0,83.0,85.0,89.0,93.0,97.0,100.0,102.0,105.0,112.0,124.0,inferred
Redbridge,2021-09-24,60.0,68.0,73.0,75.0,77.0,81.0,84.0,88.0,91.0,94.0,96.0,103.0,113.0,inferred
Redbridge,2021-09-25,49.0,57.0,62.0,64.0,66.0,69.0,72.0,75.0,78.0,80.0,82.0,88.0,98.0,inferred
Redbridge,2021-09-26,49.0,57.0,61.0,63.0,65.0,69.0,72.0,75.0,79.0,81.0,83.0,89.0,100.0,inferred
Redbridge,2021-09-27,71.0,80.0,86.0,88.0,90.0,94.0,98.0,102.0,106.0,108.0,111.0,118.0,127.0,inferred
Redbridge,2021-09-28,68.0,76.0,82.0,85.0,87.0,91.0,94.0,98.0,102.0,104.0,106.0,113.0,123.5,inferred
Redbridge,2021-09-29,68.0,77.0,84.0,85.8,88.0,92.0,95.0,99.0,103.0,105.0,108.0,115.0,125.5,inferred
Redbridge,2021-09-30,65.0,74.0,80.0,82.0,84.0,88.0,91.0,95.0,98.0,100.0,103.0,109.0,119.0,inferred
Redbridge,2021-10-01,59.0,67.0,73.0,74.0,76.0,80.0,83.0,87.0,91.0,93.0,95.0,101.1,114.0,inferred
Redbridge,2021-10-02,49.0,57.0,62.0,64.0,66.0,69.0,72.0,75.0,78.0,80.0,82.0,88.0,97.0,inferred
Redbridge,2021-10-03,50.0,57.0,62.0,64.0,65.0,69.0,73.0,76.0,79.0,81.0,83.0,89.0,99.5,inferred
Redbridge,2021-10-04,70.0,80.0,86.0,88.0,90.0,95.0,98.0,102.0,106.0,108.0,111.0,117.0,127.0,inferred
Redbridge,2021-10-05,69.0,78.0,84.0,86.0,88.0,92.6,96.0,100.0,104.0,106.0,108.0,116.0,129.0,inferred
Redbridge,2021-10-06,74.0,82.0,88.0,90.0,92.0,96.0,100.0,104.4,109.0,111.0,114.0,121.0,133.0,inferred
Redbridge,2021-10-07,74.0,83.0,88.0,90.0,92.0,97.0,100.0,104.0,108.0,110.0,113.0,120.0,132.0,inferred
Redbridge,2021-10-08,69.0,77.0,83.0,85.0,87.0,91.0,95.0,99.0,102.0,105.0,107.2,114.0,126.0,inferred
Redbridge,2021-10-09,60.5,67.0,74.0,76.0,77.0,81.0,84.0,88.0,92.0,94.0,96.0,103.0,114.0,inferred
Redbridge,2021-10-10,61.0,70.0,76.0,78.8,81.0,84.0,88.0,91.0,95.0,97.0,100.0,107.0,117.0,inferred
Redbridge,2021-10-11,92.0,102.9,109.0,112.0,115.0,119.0,123.0,128.0,133.0,136.0,139.0,147.0,161.5,inferred
Redbridge,2021-10-12,90.0,101.0,107.0,110.0,113.0,117.0,122.0,126.0,131.0,134.0,137.0,145.0,158.0,inferred
Redbridge,2021-10-13,95.0,104.9,112.0,114.0,116.0,121.0,125.0,129.0,134.0,137.0,140.0,148.0,161.0,inferred
Redbridge,2021-10-14,92.0,101.0,109.0,112.0,114.0,118.6,123.0,127.0,132.0,134.0,137.2,145.0,161.0,inferred
Redbridge,2021-10-15,84.0,94.0,100.0,103.0,105.0,110.0,114.0,118.0,123.0,125.0,129.0,137.0,149.0,inferred
Redcar and Cleveland,2021-07-03,53.0,62.0,68.0,71.0,73.0,78.0,82.0,87.0,91.0,95.0,98.2,107.1,124.0,inferred
Redcar and Cleveland,2021-07-04,67.0,75.0,82.0,85.0,88.0,93.0,97.0,102.0,108.0,111.0,115.0,125.0,142.5,inferred
Redcar and Cleveland,2021-07-05,108.0,121.0,131.0,134.0,138.0,144.0,150.0,156.0,164.0,168.0,173.2,186.0,208.0,inferred
Redcar and Cleveland,2021-07-06,117.0,131.0,139.0,143.0,146.0,153.0,158.0,164.0,170.0,175.0,180.0,191.0,211.0,inferred
Redcar and Cleveland,2021-07-07,134.0,148.0,159.0,163.0,165.0,172.0,178.0,184.0,191.0,195.0,199.0,210.1,232.5,inferred
Redcar and Cleveland,2021-07-08,147.0,161.0,173.0,177.0,180.0,187.0,193.0,199.0,206.0,210.0,214.0,228.0,247.5,inferred
Redcar and Cleveland,2021-07-09,155.0,171.0,181.0,185.0,188.0,195.0,201.0,208.0,213.0,217.0,221.0,233.0,253.0,inferred
Redcar and Cleveland,2021-07-10,148.0,161.9,172.0,176.0,179.0,185.0,190.0,196.0,202.0,205.0,210.0,219.0,239.0,inferred
Redcar and Cleveland,2021-07-11,179.0,195.0,206.0,211.0,214.0,221.0,227.0,233.0,240.0,244.0,248.0,259.0,281.0,inferred
Redcar and Cleveland,2021-07-12,290.0,311.0,324.0,329.0,333.0,343.0,353.0,361.0,370.0,375.0,381.0,395.0,418.5,inferred
Redcar and Cleveland,2021-07-13,278.0,300.0,314.0,318.8,323.0,333.0,342.0,349.0,357.3,363.0,369.0,383.1,409.0,inferred
Redcar and Cleveland,2021-07-14,269.5,289.0,303.0,307.0,312.0,320.0,328.0,336.0,346.3,352.0,358.2,372.0,394.0,inferred
Redcar and Cleveland,2021-07-15,239.0,258.0,271.0,275.0,279.0,288.0,295.0,303.0,311.0,315.0,321.0,335.0,356.0,inferred
Redcar and Cleveland,2021-07-16,206.0,220.0,231.0,234.0,239.0,246.0,253.0,260.0,267.0,270.0,275.2,287.0,303.0,inferred
Redcar and Cleveland,2021-07-17,155.0,169.0,180.0,184.0,187.0,193.0,199.0,205.0,210.0,214.0,217.0,230.0,245.5,inferred
Redcar and Cleveland,2021-07-18,153.0,167.0,176.0,179.0,183.0,189.0,194.0,200.0,208.0,211.0,215.0,225.0,243.0,inferred
Redcar and Cleveland,2021-07-19,202.5,220.0,230.0,234.0,238.0,245.0,253.0,259.0,267.0,271.0,276.0,290.0,312.5,inferred
Redcar and Cleveland,2021-07-20,168.5,184.0,195.0,199.0,203.0,209.0,216.0,223.0,230.0,235.0,240.0,252.0,272.5,inferred
Redcar and Cleveland,2021-07-21,150.0,164.0,174.0,177.0,181.0,187.0,193.0,200.0,207.0,210.0,215.0,226.0,245.0,inferred
Redcar and Cleveland,2021-07-22,124.5,137.0,146.0,149.0,152.0,158.6,164.0,169.0,175.0,178.2,182.0,195.0,213.0,inferred
Redcar and Cleveland,2021-07-23,94.5,108.0,116.0,118.0,122.0,126.0,131.0,136.0,142.0,145.0,148.0,157.0,173.0,inferred
Redcar and Cleveland,2021-07-24,68.0,77.0,84.0,86.0,88.0,93.0,97.0,102.0,106.0,109.0,112.0,119.0,132.5,inferred
Redcar and Cleveland,2021-07-25,62.0,72.0,78.0,80.0,82.0,87.0,90.0,94.0,98.0,101.0,104.0,111.1,124.0,inferred
Redcar and Cleveland,2021-07-26,79.0,90.0,96.0,99.0,101.0,106.0,110.0,115.0,120.0,123.0,126.0,135.0,152.0,inferred
Redcar and Cleveland,2021-07-27,65.0,75.0,82.0,84.0,86.0,90.0,94.0,99.0,103.0,106.0,109.0,116.0,131.0,inferred
Redcar and Cleveland,2021-07-28,60.5,71.0,77.8,80.0,82.0,86.0,89.0,94.0,99.0,101.0,104.0,113.0,124.0,inferred
Redcar and Cleveland,2021-07-29,55.0,63.0,69.0,72.0,74.0,78.0,82.0,86.0,90.0,92.0,95.0,103.0,117.0,inferred
Redcar and Cleveland,2021-07-30,47.0,54.0,60.0,62.0,64.0,68.0,72.0,75.0,80.0,82.0,85.0,91.0,103.0,inferred
Redcar and Cleveland,2021-07-31,35.0,43.0,48.0,50.0,52.0,55.0,58.0,61.0,65.3,67.0,70.0,76.0,87.0,inferred
Redcar and Cleveland,2021-08-01,37.0,45.0,50.0,52.0,53.0,57.0,60.0,64.0,67.0,69.0,72.0,78.0,89.0,inferred
Redcar and Cleveland,2021-08-02,52.0,60.0,66.0,69.0,71.0,75.6,80.0,83.0,88.0,90.0,93.0,100.1,113.0,inferred
Redcar and Cleveland,2021-08-03,46.5,55.0,61.0,63.0,65.0,69.0,72.0,76.0,80.0,83.0,86.0,93.0,104.0,inferred
Redcar and Cleveland,2021-08-04,47.0,54.0,60.0,62.0,65.0,68.6,73.0,76.0,80.0,83.0,85.0,92.0,103.0,inferred
Redcar and Cleveland,2021-08-05,44.0,53.0,58.0,60.0,62.0,66.0,69.0,73.0,77.0,79.0,82.0,88.0,100.0,inferred
Redcar and Cleveland,2021-08-06,41.0,47.0,52.0,53.0,55.0,59.0,62.0,66.0,70.0,71.2,74.0,80.0,91.5,inferred
Redcar and Cleveland,2021-08-07,31.0,37.0,42.0,44.0,46.0,49.0,52.0,55.0,59.0,61.0,62.2,69.0,79.0,inferred
Redcar and Cleveland,2021-08-08,34.0,40.0,44.0,46.0,48.0,51.0,54.0,57.0,61.0,63.0,65.0,71.0,80.0,inferred
Redcar and Cleveland,2021-08-09,48.0,56.0,63.0,65.0,67.0,71.0,75.0,78.0,83.0,85.0,88.0,96.0,107.0,inferred
Redcar and Cleveland,2021-08-10,43.0,52.0,58.0,60.0,62.0,66.0,69.0,73.0,77.0,80.0,82.2,90.0,103.0,inferred
Redcar and Cleveland,2021-08-11,43.0,51.9,57.0,59.0,61.0,65.0,68.0,72.0,76.0,78.0,80.0,86.0,97.5,inferred
Redcar and Cleveland,2021-08-12,41.0,48.0,53.0,55.0,57.0,61.0,64.0,67.0,71.0,73.0,76.0,83.1,94.5,inferred
Redcar and Cleveland,2021-08-13,36.0,43.0,47.0,49.0,51.0,54.0,57.0,60.0,64.0,66.0,68.0,75.0,85.0,inferred
Redcar and Cleveland,2021-08-14,28.0,34.0,38.0,40.0,41.0,45.0,48.0,51.0,54.0,56.0,58.0,63.1,74.0,inferred
Redcar and Cleveland,2021-08-15,30.0,36.0,40.8,42.0,44.0,47.0,50.0,53.0,56.0,58.0,60.0,66.0,76.0,inferred
Redcar and Cleveland,2021-08-16,43.0,51.0,56.0,58.0,60.0,64.0,68.0,72.0,75.0,78.0,81.0,88.0,101.0,inferred
Redcar and Cleveland,2021-08-17,38.0,47.0,53.0,55.0,56.0,60.0,64.0,67.0,71.0,74.0,76.0,82.0,93.0,inferred
Redcar and Cleveland,2021-08-18,42.0,50.0,55.0,57.0,58.0,62.0,65.0,69.0,73.0,76.0,78.0,84.0,95.0,inferred
Redcar and Cleveland,2021-08-19,39.0,47.0,53.0,55.0,57.0,60.0,64.0,67.0,72.0,74.0,77.0,83.0,94.0,inferred
Redcar and Cleveland,2021-08-20,38.0,45.0,50.0,52.0,53.0,57.0,60.0,63.0,67.0,69.0,72.0,79.0,89.0,inferred
Redcar and Cleveland,2021-08-21,30.5,37.0,42.0,44.0,45.0,48.0,52.0,55.0,58.0,60.0,62.0,68.0,78.0,inferred
Redcar and Cleveland,2021-08-22,33.5,40.0,45.0,47.0,49.0,52.0,55.0,58.0,62.0,64.0,67.0,72.0,82.0,inferred
Redcar and Cleveland,2021-08-23,52.0,60.0,66.0,68.0,71.0,75.0,79.0,83.0,87.0,90.0,93.0,100.0,112.0,inferred
Redcar and Cleveland,2021-08-24,48.0,56.0,63.0,64.0,67.0,71.0,75.0,78.0,82.0,84.0,87.0,94.0,109.0,inferred
Redcar and Cleveland,2021-08-25,50.0,58.0,63.0,65.0,67.0,72.0,76.0,79.0,83.0,86.0,88.0,95.0,108.0,inferred
Redcar and Cleveland,2021-08-26,47.0,55.0,61.0,63.0,66.0,70.0,73.0,77.0,81.0,83.0,86.0,94.0,104.0,inferred
Redcar and Cleveland,2021-08-27,43.0,50.0,56.0,58.0,60.0,63.0,67.0,71.0,75.0,77.0,80.0,87.0,99.0,inferred
Redcar and Cleveland,2021-08-28,34.5,41.0,46.0,48.0,49.0,53.6,56.0,60.0,64.0,65.0,68.0,74.0,84.0,inferred
Redcar and Cleveland,2021-08-29,37.5,45.0,50.0,51.8,53.0,57.0,61.0,64.0,67.0,70.0,72.0,79.0,89.0,inferred
Redcar and Cleveland,2021-08-30,54.5,65.0,71.0,73.0,75.0,80.0,83.0,88.0,92.0,95.0,98.0,106.0,120.0,inferred
Redcar and Cleveland,2021-08-31,52.0,61.0,68.0,70.0,72.0,76.0,79.0,83.0,87.3,90.0,93.0,101.0,113.0,inferred
Redcar and Cleveland,2021-09-01,52.5,62.0,68.0,71.0,73.0,77.0,81.0,85.0,89.0,92.0,95.0,103.0,114.5,inferred
Redcar and Cleveland,2021-09-02,53.0,62.0,68.0,70.0,72.0,75.0,79.0,83.0,87.0,90.0,93.0,100.0,112.0,inferred
Redcar and Cleveland,2021-09-03,46.0,55.0,62.0,64.0,67.0,70.6,74.0,78.0,82.0,84.0,87.0,94.0,107.0,inferred
Redcar and Cleveland,2021-09-04,41.0,47.0,52.0,54.0,56.0,59.0,63.0,66.0,70.0,72.0,75.0,81.0,92.5,inferred
Redcar and Cleveland,2021-09-05,41.0,51.0,56.0,59.0,60.0,64.0,67.0,71.0,75.0,77.0,80.0,86.0,99.0,inferred
Redcar and Cleveland,2021-09-06,65.0,75.0,81.0,84.0,86.0,91.0,95.0,100.0,105.0,108.0,111.2,120.0,134.0,inferred
Redcar and Cleveland,2021-09-07,59.0,68.0,75.0,77.0,80.0,84.0,88.0,93.0,96.3,100.0,102.0,109.1,125.0,inferred
Redcar and Cleveland,2021-09-08,57.5,66.0,72.0,75.0,77.0,81.0,85.0,89.0,94.0,97.0,99.0,107.0,120.0,inferred
Redcar and Cleveland,2021-09-09,51.0,59.0,65.0,67.0,70.0,74.0,77.0,81.0,85.0,87.0,90.0,97.0,109.5,inferred
Redcar and Cleveland,2021-09-10,44.0,51.0,57.0,59.0,61.0,64.0,68.0,71.0,75.3,78.0,80.0,86.0,98.0,inferred
Redcar and Cleveland,2021-09-11,32.0,39.0,45.0,46.0,48.0,51.0,54.0,57.0,61.0,63.0,65.0,71.0,80.0,inferred
Redcar and Cleveland,2021-09-12,33.0,41.0,44.0,46.0,48.0,51.0,55.0,58.0,61.0,63.0,66.0,73.0,83.0,inferred
Redcar and Cleveland,2021-09-13,47.0,56.0,62.0,64.0,66.0,69.0,73.0,77.0,80.0,83.0,85.2,93.0,106.0,inferred
Redcar and Cleveland,2021-09-14,42.0,50.0,55.0,57.0,59.0,63.0,66.0,70.0,74.0,76.0,79.0,85.0,96.0,inferred
Redcar and Cleveland,2021-09-15,41.0,49.0,54.0,56.0,58.0,61.0,65.0,69.0,73.0,75.0,77.0,85.0,96.0,inferred
Redcar and Cleveland,2021-09-16,40.0,46.0,51.0,53.0,55.0,58.0,62.0,65.0,69.0,71.0,74.0,80.0,93.0,inferred
Redcar and Cleveland,2021-09-17,36.0,42.0,47.0,49.0,51.0,54.0,57.0,60.0,63.0,66.0,68.0,72.1,85.0,inferred
Redcar and Cleveland,2021-09-18,27.0,33.0,37.0,39.0,41.0,44.0,47.0,50.0,53.0,55.0,58.0,63.0,72.5,inferred
Redcar and Cleveland,2021-09-19,29.0,35.0,39.0,41.0,43.0,46.0,49.0,52.0,56.0,57.0,59.0,65.0,75.0,inferred
Redcar and Cleveland,2021-09-20,41.0,50.0,55.0,57.0,59.0,63.0,67.0,70.0,74.0,76.0,78.0,85.0,96.0,inferred
Redcar and Cleveland,2021-09-21,38.0,46.0,51.0,53.0,55.0,58.0,62.0,66.0,71.0,72.0,75.0,81.0,92.0,inferred
Redcar and Cleveland,2021-09-22,38.0,46.0,50.0,52.0,54.0,57.0,60.0,64.0,68.0,70.0,73.0,80.0,91.5,inferred
Redcar and Cleveland,2021-09-23,34.0,41.0,47.0,49.0,50.0,53.6,57.0,60.0,63.0,65.0,67.0,74.0,85.0,inferred
Redcar and Cleveland,2021-09-24,31.0,38.0,43.0,45.0,46.0,49.0,52.0,55.0,59.0,60.0,63.0,69.0,78.5,inferred
Redcar and Cleveland,2021-09-25,24.0,30.0,34.0,36.0,37.0,40.0,43.0,46.0,49.0,51.0,53.0,58.0,66.0,inferred
Redcar and Cleveland,2021-09-26,24.5,31.0,36.0,37.0,39.0,42.0,45.0,48.0,51.0,52.0,55.0,61.0,70.0,inferred
Redcar and Cleveland,2021-09-27,38.0,45.0,51.0,53.0,55.0,59.0,62.0,65.0,69.0,71.0,74.0,80.0,93.0,inferred
Redcar and Cleveland,2021-09-28,35.0,43.0,49.0,51.0,52.0,55.0,58.5,62.0,65.0,67.0,70.0,75.0,86.5,inferred
Redcar and Cleveland,2021-09-29,36.0,44.0,49.0,51.0,53.0,56.0,59.0,63.0,67.0,69.0,72.0,78.0,89.0,inferred
Redcar and Cleveland,2021-09-30,37.0,44.0,49.0,51.0,53.0,56.0,59.0,62.0,66.0,68.0,71.0,77.0,88.5,inferred
Redcar and Cleveland,2021-10-01,33.0,41.0,46.0,48.0,50.0,53.0,56.0,60.0,63.0,65.0,67.0,73.0,83.0,inferred
Redcar and Cleveland,2021-10-02,28.5,35.0,40.0,41.0,43.0,46.0,49.0,52.0,55.0,57.0,59.0,65.0,77.0,inferred
Redcar and Cleveland,2021-10-03,30.0,38.0,42.0,44.0,46.0,50.0,53.0,56.0,59.0,60.0,62.0,69.0,80.0,inferred
Redcar and Cleveland,2021-10-04,49.0,57.0,63.8,66.0,68.0,72.0,76.0,80.0,84.0,86.0,88.0,97.0,110.0,inferred
Redcar and Cleveland,2021-10-05,47.0,56.0,62.0,64.0,66.0,70.0,74.0,77.0,82.0,84.2,87.0,94.0,106.0,inferred
Redcar and Cleveland,2021-10-06,52.0,61.0,66.8,69.0,71.0,75.0,79.0,83.0,87.0,90.0,93.0,101.0,113.0,inferred
Redcar and Cleveland,2021-10-07,53.0,62.0,68.0,70.0,72.0,76.0,80.0,84.0,88.0,91.0,94.0,102.0,113.0,inferred
Redcar and Cleveland,2021-10-08,52.0,61.0,66.0,68.0,71.0,74.0,78.0,81.0,86.0,88.0,91.0,98.0,110.5,inferred
Redcar and Cleveland,2021-10-09,44.0,53.0,58.0,61.0,63.0,66.0,70.0,74.0,78.0,80.0,83.0,90.0,101.0,inferred
Redcar and Cleveland,2021-10-10,50.0,60.0,66.0,68.0,70.0,74.0,77.0,81.0,86.0,88.0,90.0,98.0,111.0,inferred
Redcar and Cleveland,2021-10-11,80.5,91.0,99.0,101.0,104.0,109.0,115.0,119.0,125.0,127.0,130.0,139.0,153.0,inferred
Redcar and Cleveland,2021-10-12,77.0,88.0,95.0,97.0,100.0,105.0,109.0,114.0,120.0,123.0,127.0,136.0,150.0,inferred
Redcar and Cleveland,2021-10-13,78.5,90.0,98.0,101.0,103.0,109.0,114.0,119.0,124.0,127.0,131.0,139.1,152.0,inferred
Redcar and Cleveland,2021-10-14,76.0,87.0,95.0,97.0,100.0,105.0,110.0,114.0,120.0,123.0,126.0,135.0,150.5,inferred
Redcar and Cleveland,2021-10-15,68.0,79.0,87.0,89.0,92.0,97.0,102.0,106.0,112.0,115.0,118.0,128.0,145.0,inferred
Redditch,2021-07-03,8.0,12.0,14.0,15.0,16.0,17.0,19.0,21.0,23.0,24.0,25.0,28.0,33.0,inferred
Redditch,2021-07-04,10.0,14.0,16.0,17.0,18.0,20.0,21.0,23.0,25.0,26.2,28.0,31.0,37.0,inferred
Redditch,2021-07-05,17.0,22.0,24.0,26.0,27.0,29.0,31.0,34.0,36.0,38.0,39.0,43.0,50.0,inferred
Redditch,2021-07-06,17.0,22.0,25.0,26.0,28.0,30.0,32.0,34.0,36.0,37.0,39.0,43.0,50.0,inferred
Redditch,2021-07-07,19.0,25.0,28.0,29.0,31.0,33.0,35.0,37.0,40.0,41.0,43.0,47.1,55.0,inferred
Redditch,2021-07-08,21.0,27.0,30.0,31.0,33.0,35.0,38.0,40.0,42.0,43.0,45.0,50.0,57.0,inferred
Redditch,2021-07-09,22.0,26.0,30.0,31.0,33.0,35.0,37.0,40.0,42.0,43.0,45.0,50.0,58.0,inferred
Redditch,2021-07-10,20.0,24.0,28.0,29.0,31.0,33.0,35.0,37.0,40.0,41.0,43.0,47.0,54.5,inferred
Redditch,2021-07-11,24.0,30.0,33.0,35.0,36.0,39.0,41.0,44.0,47.0,48.0,50.0,54.0,62.0,inferred
Redditch,2021-07-12,40.0,47.0,52.0,54.0,56.0,59.0,61.5,65.0,68.0,69.0,71.0,77.0,88.5,inferred
Redditch,2021-07-13,40.0,47.0,52.0,53.0,55.0,58.0,61.0,64.0,67.0,69.0,71.0,78.0,89.0,inferred
Redditch,2021-07-14,40.0,47.0,52.0,54.0,56.0,59.0,62.0,65.0,69.0,71.0,73.0,78.0,89.0,inferred
Redditch,2021-07-15,38.5,46.0,50.0,52.8,54.0,57.0,60.0,63.0,66.0,68.0,70.0,76.0,86.5,inferred
Redditch,2021-07-16,34.0,40.0,44.0,46.0,47.0,50.0,53.0,56.0,59.0,61.0,62.0,68.0,76.0,inferred
Redditch,2021-07-17,26.0,33.0,37.0,38.0,40.0,42.0,45.0,47.0,50.0,52.0,53.0,59.0,68.0,inferred
Redditch,2021-07-18,28.0,35.0,39.0,40.0,42.0,44.0,47.0,50.0,53.0,55.0,56.0,62.0,72.0,inferred
Redditch,2021-07-19,40.0,48.0,53.0,55.0,57.0,60.0,63.0,66.0,70.0,72.0,74.0,80.0,89.0,inferred
Redditch,2021-07-20,36.0,43.0,47.0,49.0,50.0,53.0,56.0,59.0,62.0,64.0,66.0,72.0,81.0,inferred
Redditch,2021-07-21,33.0,40.0,44.0,45.0,47.0,50.0,53.0,55.0,58.0,60.0,62.0,67.0,79.0,inferred
Redditch,2021-07-22,28.0,34.0,38.0,39.0,41.0,44.0,46.0,48.0,51.0,53.0,55.0,60.0,68.0,inferred
Redditch,2021-07-23,22.0,27.0,31.0,32.0,33.0,36.0,38.0,41.0,43.0,45.0,46.0,51.0,60.0,inferred
Redditch,2021-07-24,16.0,20.0,23.0,25.0,26.0,28.0,30.0,32.0,35.0,36.0,37.2,41.0,48.0,inferred
Redditch,2021-07-25,16.0,20.0,23.0,24.0,25.0,27.0,29.5,32.0,34.0,35.0,37.0,41.0,47.0,inferred
Redditch,2021-07-26,22.0,26.0,30.0,31.0,32.0,34.0,37.0,39.0,42.0,43.0,45.0,50.0,57.0,inferred
Redditch,2021-07-27,19.0,23.0,27.0,28.0,29.0,31.0,34.0,36.0,38.0,40.0,42.0,46.0,53.0,inferred
Redditch,2021-07-28,18.0,23.0,26.0,28.0,29.0,31.0,34.0,37.0,39.0,40.0,42.0,46.0,53.0,inferred
Redditch,2021-07-29,18.0,23.0,26.0,28.0,29.0,31.0,33.0,35.0,38.0,39.0,41.0,45.0,53.0,inferred
Redditch,2021-07-30,16.0,20.0,24.0,25.0,26.0,28.0,30.0,32.0,35.0,36.0,37.0,41.1,49.0,inferred
Redditch,2021-07-31,13.0,17.0,20.0,21.0,22.0,24.0,26.0,28.0,30.0,32.0,33.0,38.0,44.0,inferred
Redditch,2021-08-01,16.0,19.0,22.0,23.0,24.0,26.0,28.0,30.0,33.0,34.0,35.0,39.0,46.0,inferred
Redditch,2021-08-02,22.0,28.0,32.0,33.0,35.0,37.0,40.0,42.0,45.0,46.0,48.0,53.0,61.0,inferred
Redditch,2021-08-03,21.0,27.0,30.0,31.0,33.0,35.0,37.0,40.0,43.0,44.0,46.0,50.0,58.0,inferred
Redditch,2021-08-04,22.0,27.0,31.0,33.0,34.0,36.0,38.0,41.0,43.0,45.0,46.0,51.0,58.0,inferred
Redditch,2021-08-05,21.0,26.0,29.0,31.0,32.0,35.0,37.0,39.0,42.0,43.0,45.0,50.0,57.0,inferred
Redditch,2021-08-06,18.0,24.0,27.0,28.0,29.0,32.0,34.0,36.0,39.0,40.0,42.0,46.0,53.5,inferred
Redditch,2021-08-07,15.0,19.0,22.0,23.0,24.0,26.0,28.0,31.0,33.0,34.0,36.0,40.0,47.0,inferred
Redditch,2021-08-08,16.0,21.0,24.0,26.0,27.0,28.0,31.0,33.0,35.0,37.0,38.0,43.0,51.0,inferred
Redditch,2021-08-09,24.0,30.0,34.0,35.0,37.0,40.0,42.0,44.0,47.0,49.0,51.0,55.0,63.0,inferred
Redditch,2021-08-10,22.0,28.0,32.0,33.0,35.0,37.0,39.0,42.0,44.0,46.0,48.0,52.0,59.0,inferred
Redditch,2021-08-11,22.0,27.0,31.0,32.0,34.0,36.0,38.0,41.0,43.0,45.0,47.0,53.0,60.0,inferred
Redditch,2021-08-12,21.0,26.0,30.0,31.0,32.0,35.0,37.0,39.0,42.0,44.0,45.0,50.0,59.0,inferred
Redditch,2021-08-13,18.0,23.0,26.0,27.0,28.7,30.0,33.0,35.0,38.0,39.0,41.0,45.0,53.0,inferred
Redditch,2021-08-14,14.0,19.0,22.0,23.0,24.0,26.0,28.0,30.0,33.0,34.0,35.0,39.0,45.0,inferred
Redditch,2021-08-15,16.0,20.0,23.0,25.0,26.0,28.0,30.0,32.0,34.0,35.0,37.0,41.0,49.0,inferred
Redditch,2021-08-16,24.0,29.0,33.0,34.0,36.0,38.0,41.0,43.0,46.0,47.0,49.0,54.0,62.0,inferred
Redditch,2021-08-17,21.0,27.0,30.0,32.0,33.0,36.0,38.0,41.0,44.0,45.0,47.0,51.0,61.0,inferred
Redditch,2021-08-18,22.0,27.0,31.0,32.0,34.0,36.0,38.0,40.0,43.0,44.0,46.0,51.0,58.0,inferred
Redditch,2021-08-19,20.0,25.0,28.8,30.0,31.0,34.0,36.0,38.0,41.0,42.0,44.0,49.0,57.0,inferred
Redditch,2021-08-20,17.0,22.0,25.0,27.0,28.0,30.0,32.0,35.0,37.0,38.0,40.0,44.0,52.0,inferred
Redditch,2021-08-21,13.0,18.0,21.0,22.0,24.0,25.6,27.0,30.0,32.0,33.0,35.0,38.0,47.0,inferred
Redditch,2021-08-22,15.0,20.0,23.0,24.0,25.0,27.0,29.0,31.0,34.0,35.0,36.0,41.0,47.0,inferred
Redditch,2021-08-23,22.0,28.0,32.0,33.0,34.0,37.0,39.0,42.0,45.0,46.0,48.0,53.0,60.0,inferred
Redditch,2021-08-24,20.0,26.0,30.0,31.0,32.0,35.0,37.0,40.0,42.0,44.0,45.0,51.0,59.5,inferred
Redditch,2021-08-25,22.0,27.0,30.0,31.0,33.0,36.0,38.0,40.0,43.0,45.0,46.0,51.0,58.0,inferred
Redditch,2021-08-26,20.0,25.0,29.0,31.0,32.0,35.0,37.0,39.0,42.0,43.0,45.0,49.0,57.0,inferred
Redditch,2021-08-27,18.0,24.0,27.0,28.0,29.7,32.0,34.0,37.0,39.0,41.0,43.0,46.0,53.5,inferred
Redditch,2021-08-28,16.0,20.0,23.0,24.0,25.0,27.0,29.0,32.0,34.0,35.0,37.0,41.0,48.0,inferred
Redditch,2021-08-29,17.5,22.0,25.0,26.0,27.0,30.0,32.0,34.0,36.0,38.0,39.0,44.0,50.5,inferred
Redditch,2021-08-30,26.0,32.0,36.0,37.0,38.0,41.0,43.0,46.0,49.0,51.0,52.2,58.0,67.0,inferred
Redditch,2021-08-31,24.0,31.0,34.0,36.0,37.0,40.0,42.0,45.0,48.0,49.0,51.0,56.0,65.0,inferred
Redditch,2021-09-01,25.0,30.9,35.0,36.0,37.0,40.0,43.0,45.0,48.0,50.0,52.0,56.0,65.5,inferred
Redditch,2021-09-02,25.0,30.0,34.0,35.0,37.0,39.0,42.0,45.0,47.0,49.0,51.0,55.0,63.0,inferred
Redditch,2021-09-03,22.0,27.0,31.0,32.0,33.0,36.0,38.0,41.0,43.0,45.0,46.0,51.0,57.0,inferred
Redditch,2021-09-04,18.0,23.0,26.0,28.0,29.0,31.0,33.0,36.0,38.0,39.0,41.0,45.0,52.0,inferred
Redditch,2021-09-05,19.0,25.0,28.0,29.0,31.0,33.0,36.0,38.0,41.0,42.0,44.0,49.0,56.0,inferred
Redditch,2021-09-06,29.0,36.0,40.0,41.0,43.0,46.0,48.0,51.0,54.0,56.0,58.0,63.0,72.0,inferred
Redditch,2021-09-07,28.5,34.0,38.0,40.0,41.0,44.0,46.0,49.0,52.0,54.0,56.0,60.1,70.0,inferred
Redditch,2021-09-08,27.0,34.0,38.0,39.0,40.0,43.0,45.0,48.0,51.0,53.0,55.0,60.0,68.0,inferred
Redditch,2021-09-09,26.0,32.0,35.0,37.0,38.0,41.0,43.0,46.0,48.0,50.0,52.0,57.0,66.0,inferred
Redditch,2021-09-10,22.0,28.0,31.0,33.0,34.0,36.0,39.0,41.0,44.0,45.0,47.0,52.0,59.5,inferred
Redditch,2021-09-11,18.0,23.0,26.0,27.0,29.0,31.0,33.0,35.0,38.0,39.0,41.0,45.0,52.0,inferred
Redditch,2021-09-12,19.0,24.0,28.0,29.0,30.0,33.0,35.0,37.0,40.0,41.0,43.0,48.0,54.0,inferred
Redditch,2021-09-13,29.0,35.0,38.0,40.0,41.0,44.0,47.0,49.0,53.0,54.0,56.0,61.0,68.5,inferred
Redditch,2021-09-14,27.0,33.0,37.0,39.0,41.0,43.0,46.0,49.0,52.0,54.0,55.0,60.0,70.0,inferred
Redditch,2021-09-15,31.0,36.0,40.0,42.0,44.0,46.0,49.0,52.0,55.0,57.0,59.0,64.0,72.0,inferred
Redditch,2021-09-16,33.0,39.0,43.0,45.0,46.0,49.0,52.0,54.0,58.0,59.0,61.0,67.0,76.5,inferred
Redditch,2021-09-17,31.0,37.0,42.0,43.0,45.0,48.0,51.0,53.0,57.0,59.0,61.0,65.0,74.0,inferred
Redditch,2021-09-18,29.0,35.0,39.0,40.0,42.0,45.0,47.0,50.0,53.0,54.0,56.0,62.0,70.0,inferred
Redditch,2021-09-19,35.0,41.0,45.0,47.0,49.0,52.0,54.0,57.0,61.0,62.0,64.0,69.0,78.5,inferred
Redditch,2021-09-20,54.5,62.0,68.0,70.0,73.0,76.0,79.0,83.0,86.0,89.0,91.0,98.0,108.5,inferred
Redditch,2021-09-21,53.0,61.0,66.0,68.0,70.0,74.0,77.5,81.0,85.0,88.0,90.0,96.0,107.0,inferred
Redditch,2021-09-22,54.0,61.0,66.0,68.0,70.0,74.0,77.0,81.0,84.0,86.0,89.0,96.0,104.0,inferred
Redditch,2021-09-23,52.0,60.0,65.0,67.0,68.0,72.0,74.0,79.0,82.0,84.0,86.0,93.0,103.0,inferred
Redditch,2021-09-24,45.0,51.0,56.0,58.0,60.0,63.0,66.0,69.0,72.0,75.0,77.0,83.0,93.0,inferred
Redditch,2021-09-25,36.0,43.0,47.0,49.0,51.0,53.0,56.0,59.0,62.0,64.0,66.0,72.0,81.0,inferred
Redditch,2021-09-26,40.0,45.0,50.0,52.0,54.0,57.0,59.5,62.0,66.0,67.0,70.0,75.0,85.0,inferred
Redditch,2021-09-27,55.0,63.0,69.0,71.0,73.0,76.0,80.0,83.0,87.0,89.0,91.0,99.0,111.0,inferred
Redditch,2021-09-28,50.0,58.0,64.0,66.0,68.0,72.0,75.0,78.0,82.0,85.0,87.0,93.0,105.0,inferred
Redditch,2021-09-29,51.0,58.0,64.0,66.0,68.0,71.0,75.0,78.0,82.0,84.0,86.0,93.0,103.0,inferred
Redditch,2021-09-30,47.5,56.0,61.0,63.0,65.0,68.0,72.0,75.0,78.3,81.0,83.0,89.0,101.0,inferred
Redditch,2021-10-01,42.0,50.0,55.0,57.0,58.0,62.0,64.0,67.0,71.0,72.0,74.0,81.0,91.0,inferred
Redditch,2021-10-02,35.0,40.9,45.0,47.0,49.0,52.0,55.0,57.0,61.0,63.0,65.0,71.0,80.5,inferred
Redditch,2021-10-03,38.0,44.0,49.0,50.0,52.0,55.0,58.0,61.0,64.0,66.0,68.0,74.0,82.0,inferred
Redditch,2021-10-04,52.5,61.0,67.8,69.0,72.0,75.0,79.0,82.0,86.0,88.0,91.0,97.0,107.0,inferred
Redditch,2021-10-05,51.0,59.0,65.0,66.0,68.0,72.0,75.0,78.0,82.0,84.0,86.0,94.0,103.0,inferred
Redditch,2021-10-06,51.0,59.9,65.0,67.0,69.0,73.0,76.0,79.0,83.0,85.0,87.0,93.0,103.0,inferred
Redditch,2021-10-07,51.0,58.0,63.0,65.0,67.0,71.0,74.0,77.0,82.0,84.0,86.0,92.0,102.0,inferred
Redditch,2021-10-08,44.5,52.0,57.0,59.0,61.0,64.0,67.0,71.0,74.0,76.0,78.0,84.0,94.0,inferred
Redditch,2021-10-09,37.5,44.0,49.0,51.0,52.0,55.0,58.0,61.0,64.0,65.0,68.0,73.0,82.5,inferred
Redditch,2021-10-10,40.5,47.0,52.0,54.0,56.0,59.0,62.0,65.0,69.0,71.0,73.0,78.0,88.0,inferred
Redditch,2021-10-11,58.0,68.0,73.0,76.0,78.0,82.0,86.0,89.0,93.0,95.0,97.0,104.0,114.5,inferred
Redditch,2021-10-12,55.0,64.0,70.0,72.0,74.0,78.0,81.0,84.0,89.0,90.0,93.0,100.0,113.0,inferred
Redditch,2021-10-13,54.0,62.0,68.0,71.0,73.0,76.0,80.0,84.0,88.0,90.0,92.0,99.0,110.0,inferred
Redditch,2021-10-14,52.0,60.0,65.0,68.0,70.0,74.0,77.0,81.0,85.0,87.0,90.0,98.0,108.0,inferred
Redditch,2021-10-15,45.0,52.0,57.0,59.0,61.0,65.0,68.0,73.0,76.0,78.0,81.0,86.0,98.5,inferred
Reigate and Banstead,2021-07-03,17.0,23.0,27.0,28.0,30.0,33.0,36.0,39.0,43.0,45.0,47.0,53.0,63.0,inferred
Reigate and Banstead,2021-07-04,21.0,27.0,31.0,32.8,34.0,37.0,40.0,44.0,47.0,50.0,52.0,59.0,70.0,inferred
Reigate and Banstead,2021-07-05,32.0,42.0,47.0,50.0,52.0,55.0,59.0,63.0,67.0,69.0,72.0,80.0,93.0,inferred
Reigate and Banstead,2021-07-06,36.0,44.0,49.8,52.0,54.0,58.0,61.5,66.0,71.0,73.0,76.0,84.0,97.5,inferred
Reigate and Banstead,2021-07-07,42.0,51.0,57.0,59.8,62.0,66.0,69.0,73.0,78.0,80.0,83.2,91.1,106.5,inferred
Reigate and Banstead,2021-07-08,43.0,53.0,59.0,62.0,64.0,69.0,73.0,77.0,82.0,84.0,87.0,96.0,112.0,inferred
Reigate and Banstead,2021-07-09,46.0,55.0,62.0,63.0,66.0,71.0,75.0,79.0,84.0,87.0,90.0,97.0,114.0,inferred
Reigate and Banstead,2021-07-10,44.0,52.0,58.0,60.0,62.0,67.0,71.0,75.0,80.3,84.0,87.0,95.0,109.0,inferred
Reigate and Banstead,2021-07-11,53.0,62.0,67.8,70.0,73.0,78.0,82.0,86.0,91.0,94.0,97.0,107.0,121.5,inferred
Reigate and Banstead,2021-07-12,82.0,94.0,103.0,107.0,109.0,115.0,121.0,126.0,133.0,137.0,141.0,150.0,166.0,inferred
Reigate and Banstead,2021-07-13,82.0,94.0,102.0,106.0,109.0,115.0,121.0,125.0,132.0,137.0,140.0,151.0,167.0,inferred
Reigate and Banstead,2021-07-14,81.0,93.0,101.0,104.0,108.0,114.0,119.0,124.0,130.0,134.0,138.2,149.0,168.5,inferred
Reigate and Banstead,2021-07-15,75.0,85.0,93.0,96.0,99.0,105.0,109.0,114.0,121.0,124.0,128.0,138.0,157.0,inferred
Reigate and Banstead,2021-07-16,63.0,74.0,81.0,84.0,86.0,91.0,96.0,101.0,107.0,111.0,115.0,124.0,139.0,inferred
Reigate and Banstead,2021-07-17,47.5,59.0,66.0,69.0,71.0,76.0,80.0,84.4,90.0,93.0,95.0,105.0,117.0,inferred
Reigate and Banstead,2021-07-18,46.5,57.0,63.8,67.0,69.0,73.0,78.0,83.0,89.0,91.0,95.0,103.0,118.0,inferred
Reigate and Banstead,2021-07-19,67.0,76.0,84.0,87.0,91.0,96.0,101.0,106.0,111.0,114.0,118.0,128.0,146.5,inferred
Reigate and Banstead,2021-07-20,59.0,69.0,76.0,79.0,82.0,87.0,92.0,96.0,102.0,104.2,108.0,118.0,131.5,inferred
Reigate and Banstead,2021-07-21,53.0,63.0,70.0,73.0,76.0,80.0,85.0,90.0,94.0,97.0,101.0,108.0,121.0,inferred
Reigate and Banstead,2021-07-22,45.0,53.0,59.0,62.0,64.0,68.0,72.0,77.0,82.0,84.0,87.0,96.0,111.0,inferred
Reigate and Banstead,2021-07-23,34.5,42.0,48.0,51.0,53.0,57.0,61.0,65.0,69.0,72.0,75.0,82.0,96.0,inferred
Reigate and Banstead,2021-07-24,25.5,32.0,36.0,38.0,39.7,43.0,46.0,50.0,54.0,56.0,59.0,64.0,76.0,inferred
Reigate and Banstead,2021-07-25,23.0,29.9,34.0,36.0,38.0,41.0,44.0,48.0,51.0,54.0,56.0,64.0,76.0,inferred
Reigate and Banstead,2021-07-26,29.0,37.0,43.0,45.0,47.0,50.0,54.0,58.0,61.3,64.0,66.2,74.0,89.0,inferred
Reigate and Banstead,2021-07-27,27.0,34.0,38.8,41.0,43.0,46.0,49.0,54.0,57.3,60.0,63.0,70.0,81.0,inferred
Reigate and Banstead,2021-07-28,29.0,35.0,41.0,43.0,45.0,49.0,52.0,55.0,60.0,62.0,65.0,73.0,86.0,inferred
Reigate and Banstead,2021-07-29,28.5,36.0,41.0,43.0,44.0,48.0,51.0,54.0,59.0,61.0,64.0,71.0,83.0,inferred
Reigate and Banstead,2021-07-30,25.0,33.0,37.0,40.0,41.0,45.0,48.0,52.0,56.0,59.0,62.0,69.0,82.0,inferred
Reigate and Banstead,2021-07-31,22.0,28.0,32.0,34.0,36.0,39.0,42.0,46.0,50.0,52.0,55.0,61.0,72.0,inferred
Reigate and Banstead,2021-08-01,23.0,30.0,35.0,37.0,39.0,42.0,46.0,49.0,53.0,55.0,58.0,64.1,76.0,inferred
Reigate and Banstead,2021-08-02,37.0,45.0,51.0,54.0,56.0,60.0,64.0,68.0,73.0,76.0,79.0,87.1,99.0,inferred
Reigate and Banstead,2021-08-03,37.0,46.0,51.0,53.0,56.0,60.0,63.0,68.0,72.0,74.0,77.0,86.0,100.0,inferred
Reigate and Banstead,2021-08-04,37.0,46.0,51.0,53.0,56.0,60.0,64.0,68.0,73.0,76.0,78.0,87.0,99.5,inferred
Reigate and Banstead,2021-08-05,35.0,44.0,50.0,52.0,54.0,57.0,61.0,65.0,69.0,72.0,75.0,82.0,96.0,inferred
Reigate and Banstead,2021-08-06,31.0,40.0,45.0,47.0,49.0,53.0,57.0,61.0,65.0,67.0,69.0,78.0,90.5,inferred
Reigate and Banstead,2021-08-07,26.0,34.0,38.0,40.0,42.0,45.6,49.0,52.0,57.0,59.0,62.0,69.0,82.0,inferred
Reigate and Banstead,2021-08-08,27.0,34.0,39.0,42.0,44.0,47.0,50.0,54.0,58.0,61.0,63.0,70.0,82.0,inferred
Reigate and Banstead,2021-08-09,41.0,50.0,57.0,58.0,60.0,65.0,69.0,73.0,79.0,82.0,84.2,94.0,108.0,inferred
Reigate and Banstead,2021-08-10,41.0,49.0,55.0,57.0,59.0,63.0,67.0,72.0,77.0,79.0,83.0,91.0,105.0,inferred
Reigate and Banstead,2021-08-11,41.0,50.0,57.0,59.0,62.0,66.0,70.0,73.0,78.0,81.0,84.0,93.0,107.5,inferred
Reigate and Banstead,2021-08-12,39.0,49.0,55.0,57.0,60.0,64.0,68.0,73.0,76.0,79.0,82.0,90.0,103.0,inferred
Reigate and Banstead,2021-08-13,37.0,46.0,51.0,54.0,56.0,60.0,64.0,68.0,72.0,75.0,78.0,87.0,99.5,inferred
Reigate and Banstead,2021-08-14,31.0,39.0,44.0,46.0,48.0,51.0,55.0,59.0,63.0,66.0,69.0,77.0,87.5,inferred
Reigate and Banstead,2021-08-15,32.0,40.0,45.0,48.0,49.7,53.0,57.0,61.0,65.0,67.0,71.0,78.0,91.5,inferred
Reigate and Banstead,2021-08-16,46.5,57.0,64.0,67.0,70.0,75.0,79.0,83.0,88.0,90.0,94.0,103.0,119.0,inferred
Reigate and Banstead,2021-08-17,48.0,56.0,62.0,64.0,66.0,72.0,76.0,80.0,86.0,88.0,91.0,101.0,114.0,inferred
Reigate and Banstead,2021-08-18,45.0,54.0,61.0,63.0,65.0,70.0,74.0,79.0,84.0,87.0,90.0,99.0,112.0,inferred
Reigate and Banstead,2021-08-19,40.0,49.0,57.0,60.0,62.0,66.0,69.0,74.0,79.0,81.0,84.2,94.0,108.0,inferred
Reigate and Banstead,2021-08-20,35.5,45.0,50.0,53.0,55.0,59.0,63.0,67.0,71.0,73.0,76.0,84.0,97.0,inferred
Reigate and Banstead,2021-08-21,28.0,35.0,41.0,44.0,45.7,50.0,53.0,57.0,61.0,64.0,67.0,73.0,84.0,inferred
Reigate and Banstead,2021-08-22,28.0,37.0,42.0,44.0,46.0,49.0,52.0,56.0,60.0,62.0,65.0,73.0,85.5,inferred
Reigate and Banstead,2021-08-23,40.0,48.0,55.0,57.0,59.0,64.0,68.0,72.0,76.0,78.2,82.0,90.0,105.0,inferred
Reigate and Banstead,2021-08-24,38.5,47.0,53.0,55.0,57.0,62.0,66.0,70.0,73.0,76.0,79.0,88.0,101.5,inferred
Reigate and Banstead,2021-08-25,39.0,48.0,55.0,57.0,59.0,62.0,67.0,71.0,76.0,79.0,82.0,91.0,102.0,inferred
Reigate and Banstead,2021-08-26,37.0,45.0,51.0,53.0,55.0,59.0,63.0,67.0,71.0,74.0,77.0,85.0,98.0,inferred
Reigate and Banstead,2021-08-27,33.0,41.0,47.0,50.0,52.0,55.0,59.0,64.0,68.0,70.0,73.0,80.0,95.0,inferred
Reigate and Banstead,2021-08-28,26.0,34.0,40.0,42.0,44.0,47.0,51.0,54.0,59.0,61.0,63.0,71.1,83.5,inferred
Reigate and Banstead,2021-08-29,27.5,36.0,41.0,44.0,45.0,49.0,52.0,57.0,61.0,64.0,66.0,74.0,86.5,inferred
Reigate and Banstead,2021-08-30,41.0,51.0,58.0,61.0,63.0,67.0,71.0,75.0,81.0,84.0,87.0,96.0,111.5,inferred
Reigate and Banstead,2021-08-31,40.0,50.0,57.0,59.0,61.0,66.0,70.0,74.0,78.0,81.0,84.0,93.0,108.0,inferred
Reigate and Banstead,2021-09-01,41.0,49.0,56.0,58.0,61.0,65.0,69.0,73.0,79.0,82.0,85.0,92.0,107.0,inferred
Reigate and Banstead,2021-09-02,38.0,47.0,53.0,55.8,58.0,62.0,65.0,70.0,75.0,77.0,80.0,89.0,102.0,inferred
Reigate and Banstead,2021-09-03,33.0,41.0,48.0,50.0,53.0,56.0,60.0,63.0,67.0,70.0,72.0,79.0,91.0,inferred
Reigate and Banstead,2021-09-04,28.0,34.0,39.0,41.0,43.0,47.0,51.0,54.0,58.0,60.0,63.0,70.0,82.5,inferred
Reigate and Banstead,2021-09-05,27.0,35.0,40.0,42.0,43.7,47.0,50.0,54.0,58.0,61.0,64.0,71.0,86.0,inferred
Reigate and Banstead,2021-09-06,39.0,49.0,55.0,57.0,60.0,64.0,68.0,72.4,77.0,80.0,83.0,92.0,105.0,inferred
Reigate and Banstead,2021-09-07,37.0,45.0,51.0,54.0,56.0,60.0,65.0,69.0,73.0,75.0,78.0,86.0,100.0,inferred
Reigate and Banstead,2021-09-08,36.0,44.0,50.8,53.0,55.0,59.0,63.0,66.0,71.0,74.0,77.0,85.0,99.0,inferred
Reigate and Banstead,2021-09-09,34.0,41.0,46.0,48.0,50.0,54.0,58.0,62.0,67.0,69.0,72.0,80.0,93.0,inferred
Reigate and Banstead,2021-09-10,29.0,37.0,42.0,44.0,46.0,50.0,53.0,57.0,61.0,63.0,66.0,73.0,86.0,inferred
Reigate and Banstead,2021-09-11,21.0,29.0,34.0,36.0,37.0,40.0,44.0,47.0,51.0,53.0,56.0,63.0,75.0,inferred
Reigate and Banstead,2021-09-12,21.5,29.0,34.0,36.0,38.0,41.0,44.0,48.0,51.0,54.0,56.0,63.0,74.0,inferred
Reigate and Banstead,2021-09-13,32.0,40.0,45.0,48.0,50.0,54.0,58.0,61.0,65.0,68.0,71.0,78.0,93.0,inferred
Reigate and Banstead,2021-09-14,34.0,41.0,47.0,49.0,51.0,55.0,58.0,62.0,66.0,68.0,72.0,80.0,92.5,inferred
Reigate and Banstead,2021-09-15,35.0,45.0,51.0,54.0,56.0,60.0,63.0,67.0,72.0,75.0,78.2,87.0,101.0,inferred
Reigate and Banstead,2021-09-16,37.0,47.0,53.0,55.0,57.0,61.0,66.0,71.0,76.0,78.0,81.0,91.0,105.0,inferred
Reigate and Banstead,2021-09-17,38.0,47.0,54.0,56.0,58.0,62.6,66.0,70.0,75.0,78.0,80.0,88.0,100.5,inferred
Reigate and Banstead,2021-09-18,35.0,42.0,49.0,51.0,53.0,57.0,60.5,64.0,68.0,71.0,75.0,82.0,95.5,inferred
Reigate and Banstead,2021-09-19,40.0,49.0,54.0,57.0,59.0,63.0,67.0,71.0,75.0,78.0,81.0,89.0,103.0,inferred
Reigate and Banstead,2021-09-20,60.0,72.0,79.0,83.0,85.0,90.0,95.0,101.0,106.0,109.0,112.0,123.0,138.0,inferred
Reigate and Banstead,2021-09-21,59.0,72.0,79.0,81.0,85.0,90.0,94.0,99.0,104.0,108.0,111.0,121.0,137.0,inferred
Reigate and Banstead,2021-09-22,62.0,73.0,79.0,82.0,85.0,90.0,94.0,100.0,105.0,108.0,111.0,121.0,137.0,inferred
Reigate and Banstead,2021-09-23,51.5,65.0,72.0,75.0,78.0,83.0,88.0,93.0,98.0,101.0,104.0,114.0,128.5,inferred
Reigate and Banstead,2021-09-24,50.5,59.0,66.0,69.0,71.0,75.0,80.0,85.0,90.0,93.0,96.0,104.0,118.0,inferred
Reigate and Banstead,2021-09-25,39.0,47.0,54.0,56.0,58.0,62.0,67.0,71.0,76.0,78.0,81.0,90.0,102.5,inferred
Reigate and Banstead,2021-09-26,37.5,47.0,53.0,56.0,58.0,62.0,67.0,71.0,76.0,79.0,83.0,91.0,104.0,inferred
Reigate and Banstead,2021-09-27,57.0,67.0,75.0,77.0,79.0,85.0,89.0,94.0,99.0,102.0,106.0,114.0,129.5,inferred
Reigate and Banstead,2021-09-28,54.0,64.0,71.0,74.0,76.0,80.0,85.0,90.0,95.0,98.0,101.0,110.0,127.0,inferred
Reigate and Banstead,2021-09-29,55.0,64.0,71.0,74.0,76.7,81.0,85.0,90.0,95.0,98.0,102.0,110.0,124.5,inferred
Reigate and Banstead,2021-09-30,50.0,59.0,67.0,70.0,73.0,78.0,82.0,86.0,91.0,94.0,97.0,105.0,121.0,inferred
Reigate and Banstead,2021-10-01,46.0,55.0,62.0,65.0,67.0,71.0,75.0,79.0,83.0,86.0,89.0,99.1,111.0,inferred
Reigate and Banstead,2021-10-02,36.0,45.0,52.0,55.0,57.0,60.6,64.0,68.0,73.0,75.0,78.0,87.0,99.0,inferred
Reigate and Banstead,2021-10-03,38.0,47.0,53.0,55.0,57.0,61.0,65.0,70.0,74.0,76.2,80.0,88.0,101.5,inferred
Reigate and Banstead,2021-10-04,56.0,67.0,74.0,77.0,79.0,84.0,89.0,94.0,99.0,102.0,105.0,115.0,132.0,inferred
Reigate and Banstead,2021-10-05,54.0,65.0,73.0,75.0,78.0,83.0,87.0,92.0,97.0,101.0,104.0,112.0,129.0,inferred
Reigate and Banstead,2021-10-06,57.5,70.0,76.0,79.0,82.0,87.0,91.0,96.4,102.0,105.0,109.0,118.1,134.5,inferred
Reigate and Banstead,2021-10-07,58.0,68.0,75.0,79.0,81.7,87.0,91.0,96.0,102.0,105.0,109.0,117.1,133.5,inferred
Reigate and Banstead,2021-10-08,56.0,66.0,73.0,76.0,79.0,83.0,88.0,92.0,98.0,102.0,104.2,114.0,126.0,inferred
Reigate and Banstead,2021-10-09,47.0,59.0,65.0,68.0,70.0,75.0,80.0,85.0,89.0,92.0,95.0,104.0,118.0,inferred
Reigate and Banstead,2021-10-10,53.0,64.0,70.0,73.0,76.0,80.0,85.0,90.0,95.0,98.0,102.0,112.0,128.0,inferred
Reigate and Banstead,2021-10-11,79.5,93.0,102.0,106.0,109.0,115.0,120.0,125.0,132.0,135.0,139.0,149.0,166.5,inferred
Reigate and Banstead,2021-10-12,79.5,91.0,100.0,103.0,106.0,111.0,117.0,123.0,129.0,132.0,136.0,148.0,166.0,inferred
Reigate and Banstead,2021-10-13,81.0,95.0,103.0,106.0,110.0,116.0,121.0,126.0,132.0,136.0,140.0,151.0,171.0,inferred
Reigate and Banstead,2021-10-14,74.0,87.0,96.0,100.0,104.0,110.0,114.5,120.0,127.0,131.0,136.0,146.0,164.0,inferred
Reigate and Banstead,2021-10-15,70.0,82.0,91.0,94.0,97.0,103.0,108.0,113.0,118.3,122.0,126.0,138.0,158.0,inferred
Renfrewshire,2021-07-03,438.9,564.0,639.8,681.5,718.7,779.0,841.5,907.0,981.0,1017.2,1060.2,1189.1,1413.0,inferred
Renfrewshire,2021-07-04,402.0,505.0,581.0,612.8,646.0,705.0,770.0,829.4,905.3,950.2,993.2,1127.1,1327.1,inferred
Renfrewshire,2021-07-05,292.0,408.0,485.8,510.8,540.0,595.6,651.0,704.0,762.3,802.2,849.0,958.2,1160.6,inferred
Renfrewshire,2021-07-06,345.0,443.0,513.0,547.0,580.0,639.6,693.0,748.0,816.3,859.2,901.4,1015.2,1231.5,inferred
Renfrewshire,2021-07-07,379.0,502.8,595.0,633.0,665.7,726.6,783.0,841.4,926.3,967.2,1004.4,1133.1,1332.2,inferred
Renfrewshire,2021-07-08,297.5,388.0,461.8,493.0,522.0,578.0,629.0,686.0,750.6,786.0,823.0,936.1,1136.0,inferred
Renfrewshire,2021-07-09,303.4,390.0,475.8,507.0,531.0,587.0,643.0,696.0,754.2,790.5,837.2,957.1,1186.6,inferred
Renfrewshire,2021-07-10,340.5,442.0,531.8,559.0,594.0,657.0,719.0,777.4,843.0,881.0,928.0,1061.1,1301.5,inferred
Renfrewshire,2021-07-11,304.4,410.8,479.8,510.0,541.0,600.0,661.5,713.0,793.0,824.2,865.2,989.2,1206.1,inferred
Renfrewshire,2021-07-12,222.0,311.0,374.0,399.8,425.7,472.6,518.5,572.0,643.0,685.0,734.0,853.0,1042.1,inferred
Renfrewshire,2021-07-13,232.5,318.0,384.0,415.0,443.0,496.0,541.0,595.0,661.0,699.2,736.2,853.2,1051.5,inferred
Renfrewshire,2021-07-14,267.5,356.9,425.0,454.0,485.7,533.0,586.5,649.0,713.3,754.0,794.0,903.0,1137.1,inferred
Renfrewshire,2021-07-15,185.5,261.0,324.8,348.0,377.7,422.0,465.0,513.0,567.3,607.0,655.0,753.1,919.0,inferred
Renfrewshire,2021-07-16,176.5,257.0,315.0,342.0,367.0,419.0,465.0,511.0,567.0,596.0,638.0,746.0,955.7,inferred
Renfrewshire,2021-07-17,212.5,297.0,358.0,382.8,411.0,457.6,506.0,558.0,608.0,642.0,679.0,786.0,970.5,inferred
Renfrewshire,2021-07-18,158.5,246.0,309.8,332.8,356.0,399.0,443.0,490.4,550.0,579.0,615.4,728.2,923.0,inferred
Renfrewshire,2021-07-19,119.0,175.0,220.8,242.0,268.0,308.0,352.5,395.0,442.0,472.0,506.0,606.2,771.0,inferred
Renfrewshire,2021-07-20,107.0,177.0,226.0,246.0,268.0,310.0,352.0,397.0,442.0,475.2,509.4,605.0,796.0,inferred
Renfrewshire,2021-07-21,129.5,190.9,246.8,270.0,295.7,336.6,372.0,416.4,469.3,503.0,536.0,631.1,812.0,inferred
Renfrewshire,2021-07-22,78.0,133.0,175.0,197.0,213.0,251.0,289.5,330.4,377.0,400.5,432.0,516.0,705.6,inferred
Renfrewshire,2021-07-23,82.0,131.0,171.0,189.0,207.7,239.0,279.0,317.4,359.0,384.2,416.2,504.0,671.5,inferred
Renfrewshire,2021-07-24,85.0,143.9,183.0,201.0,218.0,256.0,293.5,328.0,372.0,396.0,431.0,526.0,688.5,inferred
Renfrewshire,2021-07-25,66.5,117.9,155.0,174.0,189.0,224.6,258.5,293.0,332.0,356.0,387.0,469.1,625.5,inferred
Renfrewshire,2021-07-26,42.0,78.0,112.0,126.0,140.0,166.6,197.5,232.0,277.0,299.0,329.4,398.1,557.7,inferred
Renfrewshire,2021-07-27,47.5,82.0,116.0,132.0,146.0,178.0,207.5,237.0,270.0,294.0,324.0,401.0,557.5,inferred
Renfrewshire,2021-07-28,62.5,103.9,142.0,160.8,176.0,206.0,239.0,274.0,310.0,332.2,359.2,440.2,582.6,inferred
Renfrewshire,2021-07-29,41.5,75.0,108.0,121.8,134.0,160.0,188.0,220.0,255.0,273.0,300.0,378.0,526.1,inferred
Renfrewshire,2021-07-30,45.0,81.0,113.0,126.0,141.0,169.0,199.5,233.0,271.3,292.0,320.2,408.1,538.5,inferred
Renfrewshire,2021-07-31,54.0,101.9,140.0,157.8,171.0,203.0,231.0,266.0,309.0,334.2,361.0,443.0,568.7,inferred
Renfrewshire,2021-08-01,46.0,85.0,121.0,134.0,153.0,185.6,218.0,251.0,294.0,313.2,341.0,418.0,577.0,inferred
Renfrewshire,2021-08-02,30.5,62.9,94.0,109.0,123.0,147.6,173.0,202.0,236.3,253.2,284.2,370.0,505.5,inferred
Renfrewshire,2021-08-03,43.0,77.0,110.8,126.0,140.0,168.6,200.0,235.0,277.0,301.2,325.0,402.1,557.0,inferred
Renfrewshire,2021-08-04,66.0,105.0,141.0,157.0,172.0,204.0,237.0,276.0,315.0,335.0,361.2,446.1,605.5,inferred
Renfrewshire,2021-08-05,51.0,87.0,117.0,133.8,151.0,181.6,215.0,245.0,282.0,305.2,330.0,407.0,561.0,inferred
Renfrewshire,2021-08-06,61.0,96.0,132.0,147.0,162.0,189.0,220.5,255.0,297.3,317.0,346.2,428.1,597.0,inferred
Renfrewshire,2021-08-07,81.0,132.0,171.0,191.0,209.0,242.0,276.0,310.0,354.3,381.0,405.2,492.0,690.8,inferred
Renfrewshire,2021-08-08,78.0,124.0,165.0,183.8,199.0,230.0,262.0,297.4,345.3,372.0,405.0,504.1,659.0,inferred
Renfrewshire,2021-08-09,56.0,97.9,137.0,153.0,170.0,200.0,226.0,263.0,306.3,333.0,366.0,437.1,598.0,inferred
Renfrewshire,2021-08-10,80.5,130.9,171.0,189.0,210.0,245.0,281.0,318.0,363.0,387.2,423.0,516.1,661.0,inferred
Renfrewshire,2021-08-11,118.0,177.9,227.0,253.8,272.0,310.0,350.5,395.4,444.3,472.0,512.2,600.1,755.1,inferred
Renfrewshire,2021-08-12,107.5,168.0,211.0,233.0,249.0,290.6,328.5,362.4,410.0,438.0,477.0,567.2,747.6,inferred
Renfrewshire,2021-08-13,124.5,191.9,247.0,270.0,291.0,333.0,370.0,414.0,460.0,490.0,524.0,618.1,753.0,inferred
Renfrewshire,2021-08-14,196.5,270.8,330.0,355.0,378.0,422.0,471.5,522.0,580.0,610.0,646.2,764.0,958.5,inferred
Renfrewshire,2021-08-15,194.0,277.0,341.8,368.0,393.0,436.6,484.0,541.0,598.0,628.2,662.2,774.0,959.0,inferred
Renfrewshire,2021-08-16,162.5,239.9,303.8,327.0,351.0,393.0,441.0,491.4,545.3,583.0,615.4,722.4,934.6,inferred
Renfrewshire,2021-08-17,229.4,313.0,381.8,405.8,434.0,493.0,543.5,596.0,656.0,683.2,727.0,835.3,1053.6,inferred
Renfrewshire,2021-08-18,341.0,447.9,531.6,562.0,589.4,648.6,705.0,769.0,844.0,883.2,935.2,1070.0,1302.6,inferred
Renfrewshire,2021-08-19,318.5,434.8,506.8,544.8,578.7,634.6,694.0,750.0,813.3,845.2,890.0,1007.1,1231.8,inferred
Renfrewshire,2021-08-20,406.9,521.9,609.0,642.0,679.0,743.0,817.0,876.0,946.3,978.2,1031.0,1161.0,1393.6,inferred
Renfrewshire,2021-08-21,603.0,738.0,845.8,892.0,929.0,1000.0,1070.0,1138.0,1219.3,1270.0,1333.2,1483.3,1803.0,inferred
Renfrewshire,2021-08-22,648.8,801.8,903.8,948.0,989.7,1066.0,1132.5,1204.4,1287.3,1341.2,1398.2,1547.1,1789.0,inferred
Renfrewshire,2021-08-23,590.0,746.0,847.8,896.8,943.0,1017.0,1089.0,1167.8,1255.3,1302.0,1355.0,1507.2,1752.6,inferred
Renfrewshire,2021-08-24,716.4,903.0,1037.8,1085.8,1139.7,1217.6,1307.5,1393.0,1485.3,1533.0,1606.2,1774.3,2013.0,inferred
Renfrewshire,2021-08-25,968.4,1173.0,1295.8,1344.0,1402.0,1496.0,1590.0,1680.0,1799.3,1868.0,1939.0,2098.2,2398.5,inferred
Renfrewshire,2021-08-26,857.0,1043.9,1157.8,1208.8,1249.7,1330.0,1406.5,1494.0,1584.0,1638.2,1691.2,1845.2,2144.1,inferred
Renfrewshire,2021-08-27,939.4,1124.7,1254.0,1313.8,1353.0,1450.2,1536.5,1619.4,1719.3,1775.0,1842.2,2016.2,2331.5,inferred
Renfrewshire,2021-08-28,1254.4,1447.9,1585.8,1646.8,1704.7,1803.0,1905.0,2011.0,2124.3,2179.8,2266.2,2441.1,2721.0,inferred
Renfrewshire,2021-08-29,1161.0,1398.7,1545.0,1615.0,1678.1,1784.0,1880.5,1971.4,2070.3,2132.0,2202.4,2379.8,2720.0,inferred
Renfrewshire,2021-08-30,1060.5,1259.0,1395.0,1461.0,1512.7,1612.6,1698.0,1806.0,1908.9,1971.0,2033.4,2203.0,2541.2,inferred
Renfrewshire,2021-08-31,1183.4,1378.8,1529.0,1599.5,1660.0,1766.6,1864.0,1961.0,2067.3,2121.0,2193.2,2387.0,2710.2,inferred
Renfrewshire,2021-09-01,1374.4,1620.9,1763.8,1842.5,1909.7,2027.8,2120.0,2238.0,2362.3,2433.0,2511.2,2708.3,2992.6,inferred
Renfrewshire,2021-09-02,1130.5,1312.7,1443.6,1506.0,1556.0,1651.6,1743.0,1845.4,1949.0,2011.2,2087.2,2292.0,2562.3,inferred
Renfrewshire,2021-09-03,1115.0,1320.9,1449.8,1496.0,1540.7,1646.0,1732.0,1846.0,1957.0,2019.0,2089.2,2286.2,2571.4,inferred
Renfrewshire,2021-09-04,1339.8,1541.9,1696.4,1741.8,1796.4,1900.0,1992.5,2103.4,2226.0,2289.2,2363.4,2579.1,2916.1,inferred
Renfrewshire,2021-09-05,1195.4,1407.7,1540.0,1591.8,1646.0,1752.0,1839.5,1941.8,2059.0,2111.0,2184.2,2362.2,2692.0,inferred
Renfrewshire,2021-09-06,969.5,1152.9,1264.4,1310.5,1360.0,1453.6,1550.5,1631.0,1730.0,1775.2,1860.2,2041.1,2404.0,inferred
Renfrewshire,2021-09-07,962.9,1145.9,1284.8,1347.8,1385.0,1468.6,1556.0,1649.4,1756.3,1803.2,1865.0,2051.1,2338.3,inferred
Renfrewshire,2021-09-08,969.2,1155.7,1306.0,1354.0,1411.7,1508.6,1603.0,1707.0,1807.0,1869.2,1931.0,2087.1,2498.6,inferred
Renfrewshire,2021-09-09,665.5,811.9,941.0,980.8,1021.7,1100.0,1182.0,1262.0,1355.3,1405.0,1472.2,1656.0,1952.5,inferred
Renfrewshire,2021-09-10,630.0,752.9,847.0,889.8,930.7,1012.6,1085.0,1150.4,1232.3,1272.0,1319.0,1448.1,1755.5,inferred
Renfrewshire,2021-09-11,604.5,752.8,856.0,902.8,947.0,1029.0,1102.0,1174.4,1256.3,1311.0,1373.2,1530.1,1786.5,inferred
Renfrewshire,2021-09-12,487.5,616.0,707.0,745.0,782.0,852.6,914.0,977.4,1055.0,1095.2,1146.0,1297.2,1510.1,inferred
Renfrewshire,2021-09-13,318.4,418.0,497.8,531.0,563.4,612.0,674.0,724.4,785.3,825.0,874.2,998.3,1228.7,inferred
Renfrewshire,2021-09-14,290.0,399.0,486.0,513.0,540.0,602.6,656.0,713.0,771.3,810.2,866.4,992.0,1190.6,inferred
Renfrewshire,2021-09-15,327.5,442.0,524.0,556.8,589.0,648.6,712.5,768.0,838.0,877.2,923.0,1056.0,1277.8,inferred
Renfrewshire,2021-09-16,254.0,338.9,394.0,427.5,453.0,504.0,555.0,613.0,676.3,710.2,746.0,853.1,1049.0,inferred
Renfrewshire,2021-09-17,231.4,315.0,388.8,414.0,443.7,490.6,536.0,584.0,649.3,692.0,729.2,835.2,1047.6,inferred
Renfrewshire,2021-09-18,257.5,353.9,425.0,456.0,479.7,532.0,591.5,658.0,723.0,759.2,802.0,922.1,1137.5,inferred
Renfrewshire,2021-09-19,204.0,294.0,363.0,393.0,422.0,470.6,523.0,573.8,633.0,669.5,717.2,843.1,1043.6,inferred
Renfrewshire,2021-09-20,148.5,217.9,278.6,302.8,334.0,377.6,427.5,473.4,522.0,551.2,590.2,704.0,882.0,inferred
Renfrewshire,2021-09-21,184.9,251.8,306.0,326.0,350.7,401.0,444.0,492.0,542.3,581.0,616.0,738.1,923.7,inferred
Renfrewshire,2021-09-22,218.5,308.0,376.0,403.0,427.0,480.0,533.0,584.8,649.6,686.2,725.0,836.0,1031.0,inferred
Renfrewshire,2021-09-23,184.5,264.0,329.0,357.0,375.7,424.0,471.0,519.4,573.0,604.0,647.2,741.1,925.6,inferred
Renfrewshire,2021-09-24,200.9,281.0,349.8,377.0,406.0,453.6,499.5,552.0,607.3,643.2,679.0,791.1,942.0,inferred
Renfrewshire,2021-09-25,267.5,366.0,444.8,474.8,500.0,549.0,590.0,648.0,714.0,749.0,790.2,906.2,1123.1,inferred
Renfrewshire,2021-09-26,245.3,344.9,419.0,446.8,478.0,535.6,593.0,647.4,711.0,747.0,791.0,913.0,1097.0,inferred
Renfrewshire,2021-09-27,208.4,292.9,363.6,388.0,411.7,459.0,507.0,553.0,615.3,646.0,677.2,790.1,996.6,inferred
Renfrewshire,2021-09-28,239.5,321.8,388.8,416.0,452.0,501.0,552.5,606.0,667.0,710.0,743.4,861.0,1060.5,inferred
Renfrewshire,2021-09-29,268.5,378.9,457.8,492.8,528.7,585.0,639.0,692.0,752.0,790.2,832.0,951.1,1172.1,inferred
Renfrewshire,2021-09-30,214.5,294.9,362.8,391.8,416.0,468.0,513.5,561.0,621.3,661.0,700.2,822.2,997.6,inferred
Renfrewshire,2021-10-01,219.0,309.9,378.0,408.0,434.0,489.0,540.5,589.0,652.3,685.0,723.0,833.0,1032.7,inferred
Renfrewshire,2021-10-02,255.0,352.0,430.0,469.8,493.0,551.0,601.0,666.0,722.3,755.2,803.2,923.2,1180.1,inferred
Renfrewshire,2021-10-03,255.5,334.9,400.8,427.0,457.7,511.0,560.0,614.0,686.0,717.2,766.0,880.3,1079.0,inferred
Renfrewshire,2021-10-04,183.9,259.0,321.0,348.0,374.0,420.0,461.5,520.0,581.0,618.0,655.2,770.1,929.5,inferred
Renfrewshire,2021-10-05,196.5,285.9,343.0,368.0,396.7,443.6,491.0,541.8,604.3,636.2,675.2,791.2,973.0,inferred
Renfrewshire,2021-10-06,231.9,325.8,401.0,444.5,475.0,527.6,577.0,625.0,691.0,725.0,771.0,891.2,1096.0,inferred
Renfrewshire,2021-10-07,182.0,256.9,324.8,349.8,374.0,419.0,471.0,523.0,574.3,614.0,652.0,752.1,931.1,inferred
Renfrewshire,2021-10-08,190.9,278.0,344.0,372.0,392.0,439.0,484.0,534.8,599.0,639.0,675.2,771.1,964.5,inferred
Renfrewshire,2021-10-09,230.0,318.9,392.8,424.0,449.7,501.0,557.0,611.0,673.0,715.0,765.0,877.3,1077.0,inferred
Renfrewshire,2021-10-10,195.9,288.0,348.0,378.8,405.0,453.0,505.0,556.0,615.0,649.0,690.4,806.0,988.5,inferred
Renfrewshire,2021-10-11,149.4,228.8,282.0,304.0,331.0,384.0,429.5,474.0,529.3,555.0,595.0,707.4,873.0,inferred
Renfrewshire,2021-10-12,155.9,247.0,306.8,337.0,362.7,406.6,453.0,505.0,560.3,597.0,633.0,741.0,907.1,inferred
Renfrewshire,2021-10-13,214.0,298.0,363.8,391.8,417.7,470.2,529.0,585.0,654.0,692.0,734.0,845.0,1058.6,inferred
Renfrewshire,2021-10-14,157.5,233.9,301.0,329.8,349.0,400.0,448.0,497.0,555.3,592.0,626.2,736.0,899.5,inferred
Renfrewshire,2021-10-15,162.9,244.0,298.8,332.0,359.0,405.0,448.0,500.0,558.0,598.0,637.0,763.1,974.8,inferred
Rhondda Cynon Taf,2021-07-03,12.0,17.0,21.0,22.0,24.0,26.0,29.0,32.0,35.0,37.0,39.0,45.0,56.0,inferred
Rhondda Cynon Taf,2021-07-04,13.0,19.0,23.0,25.0,27.0,30.0,33.0,35.0,39.0,42.0,44.0,52.0,63.0,inferred
Rhondda Cynon Taf,2021-07-05,25.0,31.0,37.0,39.0,41.0,44.0,48.0,52.0,56.0,58.0,61.0,71.0,86.0,inferred
Rhondda Cynon Taf,2021-07-06,26.0,33.0,39.0,41.0,43.0,47.0,51.0,55.0,59.0,62.0,65.0,73.0,87.0,inferred
Rhondda Cynon Taf,2021-07-07,27.0,36.0,41.0,44.0,46.0,50.0,53.0,57.0,62.0,64.0,67.0,75.0,90.5,inferred
Rhondda Cynon Taf,2021-07-08,27.0,35.0,41.0,43.0,45.0,49.0,53.0,57.0,62.0,64.0,68.0,77.0,89.0,inferred
Rhondda Cynon Taf,2021-07-09,25.0,32.0,37.0,39.0,42.0,45.0,49.0,53.0,56.3,59.0,62.0,69.0,82.0,inferred
Rhondda Cynon Taf,2021-07-10,22.0,27.9,33.0,35.0,36.0,40.0,44.0,48.0,53.0,55.0,58.0,65.0,78.5,inferred
Rhondda Cynon Taf,2021-07-11,24.0,30.0,35.0,37.0,39.0,42.0,46.0,50.0,54.0,56.0,58.2,66.0,80.0,inferred
Rhondda Cynon Taf,2021-07-12,36.5,46.0,53.0,56.0,57.0,62.0,67.0,72.0,77.0,80.0,83.0,93.0,107.5,inferred
Rhondda Cynon Taf,2021-07-13,38.0,48.0,54.0,57.0,59.0,64.0,69.0,73.0,78.0,80.0,84.0,93.0,107.0,inferred
Rhondda Cynon Taf,2021-07-14,37.0,45.9,51.0,54.0,56.0,61.0,66.0,70.4,75.0,78.0,81.0,91.0,105.5,inferred
Rhondda Cynon Taf,2021-07-15,35.0,41.0,48.0,50.0,52.7,57.0,61.0,66.0,71.0,74.0,77.0,86.0,100.0,inferred
Rhondda Cynon Taf,2021-07-16,27.0,35.0,41.0,42.0,45.0,49.0,53.0,57.0,62.0,64.0,68.0,76.0,90.5,inferred
Rhondda Cynon Taf,2021-07-17,21.0,27.9,32.0,34.0,36.0,39.0,43.0,47.0,51.0,53.0,56.0,64.0,76.0,inferred
Rhondda Cynon Taf,2021-07-18,20.0,27.0,32.0,34.0,36.0,40.0,43.0,46.0,51.0,53.0,56.0,63.0,75.0,inferred
Rhondda Cynon Taf,2021-07-19,31.0,39.0,45.0,47.0,49.0,53.0,58.0,62.0,67.0,69.0,72.0,80.0,96.0,inferred
Rhondda Cynon Taf,2021-07-20,28.0,37.0,42.0,45.0,47.0,51.0,56.0,60.0,64.0,67.0,70.0,79.0,95.0,inferred
Rhondda Cynon Taf,2021-07-21,27.0,35.0,40.0,43.0,45.0,49.0,53.0,57.0,62.0,64.0,67.0,75.0,88.0,inferred
Rhondda Cynon Taf,2021-07-22,25.0,33.0,38.0,40.0,42.0,46.0,50.0,54.0,57.0,60.0,63.0,70.0,84.0,inferred
Rhondda Cynon Taf,2021-07-23,20.0,26.0,31.0,33.0,35.0,38.0,41.5,45.0,50.0,52.0,55.0,63.0,76.0,inferred
Rhondda Cynon Taf,2021-07-24,14.5,20.0,24.0,26.0,28.0,31.0,34.0,37.0,41.0,43.0,45.2,53.0,64.0,inferred
Rhondda Cynon Taf,2021-07-25,13.0,18.0,24.0,25.0,27.0,29.0,33.0,36.0,40.0,42.0,44.0,51.0,62.0,inferred
Rhondda Cynon Taf,2021-07-26,20.0,26.0,32.0,34.0,36.0,40.0,44.0,48.0,53.0,55.0,58.0,65.0,78.0,inferred
Rhondda Cynon Taf,2021-07-27,18.0,26.0,31.0,33.0,35.0,39.0,43.0,47.0,51.0,53.0,56.0,63.0,76.0,inferred
Rhondda Cynon Taf,2021-07-28,19.5,26.0,31.0,33.0,34.0,38.0,42.0,45.4,50.0,52.0,55.0,63.0,74.0,inferred
Rhondda Cynon Taf,2021-07-29,19.0,25.0,30.0,31.0,33.0,36.0,40.0,43.0,47.0,49.0,51.0,59.0,73.0,inferred
Rhondda Cynon Taf,2021-07-30,15.0,21.0,25.0,27.0,29.0,32.0,35.0,38.0,42.0,44.0,46.0,53.0,64.0,inferred
Rhondda Cynon Taf,2021-07-31,11.5,17.0,21.0,23.0,24.0,27.0,30.0,33.0,37.0,39.0,41.0,47.0,57.0,inferred
Rhondda Cynon Taf,2021-08-01,11.0,17.0,21.0,22.0,24.0,27.0,30.0,33.0,36.0,38.0,40.0,46.0,60.0,inferred
Rhondda Cynon Taf,2021-08-02,18.0,26.0,30.0,32.0,34.0,38.0,41.0,45.0,48.0,51.0,54.0,61.1,74.5,inferred
Rhondda Cynon Taf,2021-08-03,20.0,26.0,31.0,33.0,35.0,39.0,43.0,47.0,51.0,53.0,56.0,64.0,77.0,inferred
Rhondda Cynon Taf,2021-08-04,21.0,28.0,33.0,35.0,37.0,40.0,44.0,48.0,51.0,54.0,57.0,65.0,76.0,inferred
Rhondda Cynon Taf,2021-08-05,22.0,30.0,35.0,37.0,39.0,43.0,46.0,49.4,54.0,56.0,59.0,68.0,81.0,inferred
Rhondda Cynon Taf,2021-08-06,20.0,27.0,32.0,35.0,37.0,40.0,44.0,47.0,52.0,54.0,57.0,65.0,79.0,inferred
Rhondda Cynon Taf,2021-08-07,17.0,24.0,29.0,31.0,32.7,36.0,39.0,44.0,47.0,50.0,52.0,60.0,71.0,inferred
Rhondda Cynon Taf,2021-08-08,21.0,27.0,31.0,33.0,35.0,38.0,42.0,46.0,50.0,52.0,55.0,62.0,76.0,inferred
Rhondda Cynon Taf,2021-08-09,35.0,44.0,50.8,53.0,55.0,60.0,64.0,69.0,74.0,77.0,80.0,89.0,104.0,inferred
Rhondda Cynon Taf,2021-08-10,38.0,49.0,57.0,59.0,62.0,67.0,71.0,76.0,81.0,84.0,88.0,96.0,110.5,inferred
Rhondda Cynon Taf,2021-08-11,45.0,56.0,63.0,66.0,69.0,73.0,78.0,83.0,89.0,92.0,96.0,105.0,122.0,inferred
Rhondda Cynon Taf,2021-08-12,52.0,61.0,68.0,71.0,73.7,79.0,84.0,89.0,95.0,98.0,102.0,113.0,129.0,inferred
Rhondda Cynon Taf,2021-08-13,51.0,61.0,68.0,70.8,73.0,79.0,84.0,89.0,95.0,97.0,101.0,112.1,127.5,inferred
Rhondda Cynon Taf,2021-08-14,46.0,56.0,65.0,68.0,71.0,76.0,81.0,85.0,90.0,94.0,97.0,106.0,119.5,inferred
Rhondda Cynon Taf,2021-08-15,53.5,65.0,73.0,76.0,80.0,85.0,90.0,95.0,101.0,104.2,108.0,118.0,134.0,inferred
Rhondda Cynon Taf,2021-08-16,87.5,102.0,113.0,117.8,121.0,128.0,135.0,141.0,149.0,153.0,158.0,171.0,190.0,inferred
Rhondda Cynon Taf,2021-08-17,98.0,112.0,123.0,128.0,131.0,139.0,146.0,151.0,159.0,163.0,168.2,182.1,207.5,inferred
Rhondda Cynon Taf,2021-08-18,101.0,118.0,129.0,133.0,136.0,143.0,150.0,157.0,164.0,169.0,174.0,187.0,207.5,inferred
Rhondda Cynon Taf,2021-08-19,103.0,118.0,127.0,131.0,135.0,142.0,149.0,156.0,163.0,169.0,173.0,186.0,206.0,inferred
Rhondda Cynon Taf,2021-08-20,93.0,106.0,117.0,120.0,123.0,130.0,137.0,144.0,151.0,155.0,160.0,173.0,195.0,inferred
Rhondda Cynon Taf,2021-08-21,78.0,92.0,100.0,104.0,108.0,113.0,120.0,125.0,132.0,136.0,141.0,151.0,170.5,inferred
Rhondda Cynon Taf,2021-08-22,83.0,96.0,105.0,110.0,113.0,118.0,125.0,130.0,137.0,142.0,146.0,158.0,179.0,inferred
Rhondda Cynon Taf,2021-08-23,127.0,144.0,154.0,159.0,163.0,170.0,178.0,187.0,196.0,201.0,206.0,222.0,245.0,inferred
Rhondda Cynon Taf,2021-08-24,131.0,149.0,163.0,167.8,171.0,179.0,186.0,193.0,203.0,207.0,213.0,226.0,252.5,inferred
Rhondda Cynon Taf,2021-08-25,130.0,153.0,165.0,170.0,174.0,182.0,189.0,197.0,206.0,211.0,216.0,232.0,253.0,inferred
Rhondda Cynon Taf,2021-08-26,134.0,152.0,163.0,168.0,171.0,179.0,188.0,194.0,204.0,209.0,215.0,228.1,255.0,inferred
Rhondda Cynon Taf,2021-08-27,121.0,136.0,148.8,152.0,157.0,164.0,171.0,177.0,185.0,190.0,195.0,210.0,230.0,inferred
Rhondda Cynon Taf,2021-08-28,103.0,117.9,128.0,132.0,136.0,142.0,149.0,155.0,163.0,168.0,171.0,183.0,202.0,inferred
Rhondda Cynon Taf,2021-08-29,105.0,120.0,131.0,135.0,138.0,145.0,152.0,161.0,168.0,172.0,177.0,189.0,210.5,inferred
Rhondda Cynon Taf,2021-08-30,159.0,178.0,190.0,196.0,200.7,208.0,216.0,225.0,235.3,241.0,247.0,262.0,287.0,inferred
Rhondda Cynon Taf,2021-08-31,161.5,179.0,192.8,199.0,203.0,212.0,220.0,228.0,236.0,241.2,248.0,262.0,291.5,inferred
Rhondda Cynon Taf,2021-09-01,160.0,179.0,192.0,198.0,203.7,212.0,220.0,228.0,238.0,243.0,248.0,263.0,287.0,inferred
Rhondda Cynon Taf,2021-09-02,150.0,170.0,182.0,187.0,192.0,201.0,209.0,218.0,228.0,233.0,238.0,253.0,281.5,inferred
Rhondda Cynon Taf,2021-09-03,132.0,150.0,161.0,166.0,171.0,180.0,187.0,195.0,203.0,208.0,213.0,227.0,249.0,inferred
Rhondda Cynon Taf,2021-09-04,108.5,124.0,135.0,139.0,142.7,149.0,157.0,165.0,173.0,176.0,182.0,195.0,217.0,inferred
Rhondda Cynon Taf,2021-09-05,110.0,125.0,136.0,140.8,144.0,152.0,158.0,165.0,174.0,178.2,183.0,196.0,215.0,inferred
Rhondda Cynon Taf,2021-09-06,157.0,176.0,189.0,195.0,200.0,208.0,216.0,225.0,233.0,240.0,245.0,261.0,288.5,inferred
Rhondda Cynon Taf,2021-09-07,157.0,177.0,193.0,198.0,202.0,212.0,221.0,230.0,238.0,243.0,250.0,267.0,293.5,inferred
Rhondda Cynon Taf,2021-09-08,160.0,184.0,196.0,201.0,206.0,214.0,223.0,231.0,239.0,244.0,251.0,265.0,286.0,inferred
Rhondda Cynon Taf,2021-09-09,159.5,181.0,192.0,197.0,201.0,211.0,219.0,228.0,237.0,242.0,248.0,263.1,291.5,inferred
Rhondda Cynon Taf,2021-09-10,146.0,164.0,176.0,181.0,184.0,192.0,199.0,206.4,215.0,220.0,226.0,243.0,266.0,inferred
Rhondda Cynon Taf,2021-09-11,123.5,139.0,151.0,155.0,159.0,166.0,176.0,183.0,192.0,196.0,201.0,214.0,237.0,inferred
Rhondda Cynon Taf,2021-09-12,128.0,142.0,154.0,158.0,162.0,170.0,176.0,184.4,191.0,196.0,201.0,215.1,240.0,inferred
Rhondda Cynon Taf,2021-09-13,186.0,207.0,222.8,228.0,233.0,242.0,252.0,261.0,270.0,276.0,281.0,298.0,328.6,inferred
Rhondda Cynon Taf,2021-09-14,194.0,217.0,234.0,240.0,245.0,254.0,263.0,272.0,283.0,289.0,296.0,310.0,334.0,inferred
Rhondda Cynon Taf,2021-09-15,212.0,230.0,244.0,251.0,256.0,266.6,276.0,285.0,295.3,302.0,309.0,323.0,350.5,inferred
Rhondda Cynon Taf,2021-09-16,212.0,233.0,248.0,253.0,259.0,268.0,277.0,288.0,297.0,302.0,309.0,324.1,350.0,inferred
Rhondda Cynon Taf,2021-09-17,196.5,221.0,234.0,239.0,244.0,254.0,262.5,271.0,281.0,288.0,295.0,311.0,336.0,inferred
Rhondda Cynon Taf,2021-09-18,173.5,193.0,206.0,212.0,218.0,227.0,235.0,243.0,253.0,259.0,265.0,280.0,303.5,inferred
Rhondda Cynon Taf,2021-09-19,183.5,204.0,218.0,222.0,226.0,236.0,245.0,254.0,263.0,269.0,274.0,289.0,315.0,inferred
Rhondda Cynon Taf,2021-09-20,280.0,303.0,319.0,326.0,332.0,343.0,354.0,364.0,377.0,384.0,391.0,411.0,436.0,inferred
Rhondda Cynon Taf,2021-09-21,274.0,300.0,319.0,325.0,330.7,342.0,353.0,364.0,375.0,382.0,389.2,408.0,440.0,inferred
Rhondda Cynon Taf,2021-09-22,255.5,279.9,297.8,304.0,310.0,319.0,329.0,340.0,351.0,357.0,363.0,382.0,414.5,inferred
Rhondda Cynon Taf,2021-09-23,223.0,247.0,261.8,267.8,274.0,283.0,294.0,302.0,313.0,318.0,325.0,344.0,371.0,inferred
Rhondda Cynon Taf,2021-09-24,178.0,198.0,212.0,217.0,222.0,231.0,239.0,246.0,255.0,260.0,265.0,279.1,307.0,inferred
Rhondda Cynon Taf,2021-09-25,137.0,151.0,161.0,166.0,170.0,179.0,185.0,193.0,201.0,206.0,211.0,227.0,251.0,inferred
Rhondda Cynon Taf,2021-09-26,118.5,136.0,147.0,152.0,156.0,163.6,171.0,177.0,185.0,190.0,196.0,210.0,232.5,inferred
Rhondda Cynon Taf,2021-09-27,161.0,180.9,192.0,198.0,202.7,211.0,218.0,227.0,236.0,241.0,247.0,261.0,284.0,inferred
Rhondda Cynon Taf,2021-09-28,148.0,170.0,184.0,188.0,192.0,201.0,208.0,216.0,225.0,230.0,235.0,253.0,276.0,inferred
Rhondda Cynon Taf,2021-09-29,144.0,163.0,175.0,179.0,184.0,192.0,200.0,210.0,217.0,223.0,230.0,243.0,269.5,inferred
Rhondda Cynon Taf,2021-09-30,138.0,155.0,168.0,172.0,177.0,184.0,192.0,199.0,207.0,212.0,217.0,232.0,254.0,inferred
Rhondda Cynon Taf,2021-10-01,116.0,130.0,143.0,148.0,152.0,159.0,166.0,172.4,180.0,183.0,188.0,201.0,220.5,inferred
Rhondda Cynon Taf,2021-10-02,92.0,108.0,118.0,122.0,125.0,132.0,137.0,144.0,150.3,154.0,158.0,170.0,189.0,inferred
Rhondda Cynon Taf,2021-10-03,89.5,103.0,114.0,118.8,122.0,129.0,136.0,141.4,149.0,153.0,158.0,172.0,191.0,inferred
Rhondda Cynon Taf,2021-10-04,128.0,145.0,159.0,164.0,167.0,175.0,183.0,190.0,200.0,204.0,209.2,224.0,246.5,inferred
Rhondda Cynon Taf,2021-10-05,126.0,143.0,155.0,159.8,164.0,171.0,179.0,187.0,194.0,198.0,203.0,217.0,240.0,inferred
Rhondda Cynon Taf,2021-10-06,124.5,141.0,154.0,158.0,162.0,170.0,178.0,185.0,193.0,198.0,204.0,217.0,237.5,inferred
Rhondda Cynon Taf,2021-10-07,115.5,135.0,147.0,152.0,156.0,163.0,170.0,178.0,186.0,190.2,195.0,208.0,230.5,inferred
Rhondda Cynon Taf,2021-10-08,102.0,116.0,128.0,132.0,136.0,143.0,150.0,156.0,163.0,167.0,172.0,187.0,206.0,inferred
Rhondda Cynon Taf,2021-10-09,85.0,100.0,110.0,113.0,116.0,122.0,128.0,134.0,141.0,145.0,148.0,161.0,183.0,inferred
Rhondda Cynon Taf,2021-10-10,85.0,98.0,109.0,113.0,117.0,122.0,129.0,135.0,142.0,145.0,151.0,162.0,183.0,inferred
Rhondda Cynon Taf,2021-10-11,127.0,145.0,156.0,160.0,164.0,171.6,178.0,187.0,194.3,201.0,206.0,220.1,246.0,inferred
Rhondda Cynon Taf,2021-10-12,142.5,159.9,173.0,179.0,183.0,191.0,200.0,208.0,216.0,220.0,226.0,242.0,268.5,inferred
Rhondda Cynon Taf,2021-10-13,169.0,189.0,204.0,209.0,214.7,223.0,231.0,239.0,247.0,252.0,259.0,274.0,299.0,inferred
Rhondda Cynon Taf,2021-10-14,192.0,213.0,230.0,236.0,243.0,253.0,263.0,272.0,281.0,288.0,293.0,312.0,340.0,inferred
Rhondda Cynon Taf,2021-10-15,192.9,219.9,240.0,246.0,252.0,263.0,273.0,284.0,295.0,302.0,309.0,328.1,358.0,inferred
Ribble Valley,2021-07-03,14.0,19.0,21.0,22.0,23.0,25.0,27.0,29.0,31.0,32.0,33.0,37.0,43.0,inferred
Ribble Valley,2021-07-04,16.0,20.0,23.0,24.0,25.0,27.0,29.0,31.0,33.0,34.0,35.0,39.0,46.0,inferred
Ribble Valley,2021-07-05,24.0,30.0,33.0,35.0,36.0,38.0,40.0,42.0,45.0,46.0,48.0,52.0,60.0,inferred
Ribble Valley,2021-07-06,24.0,28.0,31.0,33.0,34.0,36.0,38.0,40.0,42.0,43.2,45.0,49.0,56.5,inferred
Ribble Valley,2021-07-07,23.0,28.0,32.0,33.0,34.0,37.0,39.0,41.0,43.0,45.0,46.0,51.0,58.0,inferred
Ribble Valley,2021-07-08,23.0,28.0,31.0,32.0,33.0,36.0,38.0,40.0,42.0,44.0,45.0,49.0,55.0,inferred
Ribble Valley,2021-07-09,20.0,25.0,28.0,29.0,30.0,32.0,34.0,36.0,39.0,40.0,41.0,45.0,51.0,inferred
Ribble Valley,2021-07-10,16.0,20.0,23.0,24.0,25.0,27.0,29.0,31.0,33.0,34.0,35.0,39.0,45.0,inferred
Ribble Valley,2021-07-11,18.0,22.0,25.0,26.0,27.0,29.0,31.0,33.0,36.0,37.0,38.0,42.0,48.5,inferred
Ribble Valley,2021-07-12,28.0,33.0,36.0,38.0,39.0,41.0,43.0,46.0,49.0,50.0,52.0,56.0,64.0,inferred
Ribble Valley,2021-07-13,25.0,31.0,34.0,36.0,37.0,39.0,42.0,44.0,47.0,49.0,50.0,55.0,62.0,inferred
Ribble Valley,2021-07-14,26.0,31.0,34.0,35.0,37.0,39.0,41.0,43.0,46.0,48.0,49.0,53.0,62.0,inferred
Ribble Valley,2021-07-15,23.0,28.0,31.0,33.0,34.0,37.0,39.0,41.0,43.0,45.0,46.0,50.0,56.0,inferred
Ribble Valley,2021-07-16,19.0,23.0,26.0,27.0,29.0,31.0,33.0,35.0,37.0,39.0,40.0,44.0,50.0,inferred
Ribble Valley,2021-07-17,15.0,18.0,21.0,22.0,23.0,25.0,27.0,29.0,31.0,32.0,33.0,37.0,43.0,inferred
Ribble Valley,2021-07-18,15.0,19.0,22.0,23.0,24.0,26.0,27.0,29.0,31.0,32.0,34.0,37.0,43.0,inferred
Ribble Valley,2021-07-19,22.0,27.0,31.0,32.0,33.0,35.0,37.0,40.0,42.0,43.0,45.0,49.0,56.0,inferred
Ribble Valley,2021-07-20,19.0,23.0,26.0,27.0,28.0,30.0,33.0,35.0,37.0,38.0,40.0,44.0,50.5,inferred
Ribble Valley,2021-07-21,18.0,22.0,24.0,26.0,27.0,28.0,30.0,32.0,34.0,36.0,37.0,41.1,47.0,inferred
Ribble Valley,2021-07-22,15.0,18.0,21.0,22.0,23.0,25.0,27.0,29.0,31.0,32.0,33.0,37.0,43.0,inferred
Ribble Valley,2021-07-23,11.0,14.0,17.0,18.0,19.0,20.0,22.0,23.0,25.0,26.0,27.0,31.0,37.0,inferred
Ribble Valley,2021-07-24,7.0,10.0,12.0,13.0,14.0,15.0,17.0,18.0,20.0,20.0,21.0,24.0,29.0,inferred
Ribble Valley,2021-07-25,7.0,10.0,12.0,12.0,13.0,14.0,15.0,17.0,18.0,19.0,20.0,23.0,29.0,inferred
Ribble Valley,2021-07-26,9.0,13.0,16.0,16.0,17.0,19.0,20.0,22.0,24.0,25.0,26.0,29.0,35.0,inferred
Ribble Valley,2021-07-27,9.0,12.0,14.0,15.0,16.0,17.0,18.0,20.0,22.0,23.0,24.0,27.0,32.0,inferred
Ribble Valley,2021-07-28,9.0,12.0,14.0,15.0,16.0,17.0,19.0,20.0,22.0,23.0,24.0,28.0,34.0,inferred
Ribble Valley,2021-07-29,8.0,12.0,14.0,15.0,16.0,17.0,19.0,20.0,22.0,23.0,24.0,27.0,32.0,inferred
Ribble Valley,2021-07-30,7.0,10.0,12.0,13.0,14.0,15.0,17.0,18.0,20.0,21.0,22.0,25.0,31.0,inferred
Ribble Valley,2021-07-31,6.0,8.0,10.0,11.0,11.0,13.0,14.0,15.0,17.0,18.0,19.0,21.0,26.0,inferred
Ribble Valley,2021-08-01,6.0,9.0,11.0,12.0,12.0,14.0,15.0,16.4,18.0,19.0,20.0,23.0,27.0,inferred
Ribble Valley,2021-08-02,11.0,14.0,17.0,17.0,19.0,20.0,22.0,23.0,25.0,26.0,27.0,31.0,35.5,inferred
Ribble Valley,2021-08-03,10.0,14.0,16.0,17.0,18.0,20.0,21.0,23.0,25.0,26.0,27.0,31.0,35.0,inferred
Ribble Valley,2021-08-04,12.0,15.0,17.0,18.0,19.0,20.0,22.0,24.0,25.0,27.0,28.0,31.0,36.0,inferred
Ribble Valley,2021-08-05,11.0,15.0,17.0,18.0,19.0,21.0,23.0,25.0,26.0,27.0,29.0,32.0,37.0,inferred
Ribble Valley,2021-08-06,9.0,13.0,16.0,17.0,18.0,19.0,21.0,22.0,24.0,25.0,26.0,30.0,35.0,inferred
Ribble Valley,2021-08-07,8.0,11.0,13.0,14.0,15.0,16.0,18.0,19.0,21.0,22.0,23.0,26.0,31.0,inferred
Ribble Valley,2021-08-08,9.0,12.0,15.0,16.0,17.0,18.0,20.0,21.0,23.0,24.0,25.0,28.0,33.0,inferred
Ribble Valley,2021-08-09,15.0,19.0,22.0,23.0,25.0,27.0,29.0,30.0,32.0,33.0,35.0,38.0,44.0,inferred
Ribble Valley,2021-08-10,15.0,18.0,21.0,22.0,23.0,25.0,28.0,30.0,31.0,33.0,34.0,38.0,43.0,inferred
Ribble Valley,2021-08-11,15.5,19.0,22.0,23.0,24.0,26.0,28.0,30.0,32.0,33.0,35.0,39.0,44.0,inferred
Ribble Valley,2021-08-12,14.0,19.0,21.0,23.0,23.0,25.0,27.0,29.0,31.0,32.0,33.0,38.0,43.0,inferred
Ribble Valley,2021-08-13,13.0,16.0,19.0,20.0,21.0,23.0,24.0,26.0,28.0,29.0,30.0,34.0,40.0,inferred
Ribble Valley,2021-08-14,10.0,13.0,15.0,16.0,17.0,19.0,20.0,22.0,23.0,24.0,25.0,28.1,33.5,inferred
Ribble Valley,2021-08-15,10.0,14.0,16.0,17.0,18.0,20.0,21.0,23.0,25.0,26.0,27.0,30.0,36.0,inferred
Ribble Valley,2021-08-16,17.5,22.0,24.0,25.0,27.0,29.0,30.0,32.0,34.0,36.0,37.0,41.0,48.0,inferred
Ribble Valley,2021-08-17,16.0,20.0,23.0,24.0,25.0,27.0,29.0,30.0,32.0,34.0,35.0,39.0,46.0,inferred
Ribble Valley,2021-08-18,15.0,20.0,23.0,24.0,25.0,27.0,29.0,31.0,33.0,34.0,36.0,39.0,45.0,inferred
Ribble Valley,2021-08-19,14.0,19.0,22.0,23.0,24.0,26.0,28.0,30.0,32.0,33.0,34.0,38.0,44.0,inferred
Ribble Valley,2021-08-20,13.0,16.0,18.0,20.0,21.0,23.0,24.0,26.0,28.0,29.0,30.0,34.0,39.0,inferred
Ribble Valley,2021-08-21,10.0,13.0,15.0,16.0,17.0,19.0,20.0,22.0,24.0,25.0,26.0,29.0,35.0,inferred
Ribble Valley,2021-08-22,11.0,14.0,17.0,18.0,19.0,20.0,22.0,23.0,25.0,26.0,28.0,30.0,36.0,inferred
Ribble Valley,2021-08-23,17.5,21.0,24.0,25.0,26.0,28.0,30.0,32.0,34.0,36.0,37.0,41.0,48.0,inferred
Ribble Valley,2021-08-24,15.0,19.0,22.0,24.0,24.0,26.0,28.0,30.0,31.0,33.0,34.0,38.0,44.0,inferred
Ribble Valley,2021-08-25,15.0,19.0,22.0,23.0,24.0,26.0,28.0,30.0,32.0,33.0,35.0,38.0,44.0,inferred
Ribble Valley,2021-08-26,14.0,18.0,21.0,22.0,23.0,25.0,27.0,28.0,31.0,32.0,33.0,37.0,43.0,inferred
Ribble Valley,2021-08-27,12.0,15.0,18.0,19.0,20.0,22.0,23.0,25.0,27.0,28.0,30.0,33.0,39.0,inferred
Ribble Valley,2021-08-28,9.0,12.0,14.0,15.0,16.0,17.6,19.0,20.0,22.0,23.0,24.0,28.0,32.0,inferred
Ribble Valley,2021-08-29,10.0,13.0,15.0,16.0,17.0,18.0,20.0,21.0,23.0,24.0,25.0,28.0,34.0,inferred
Ribble Valley,2021-08-30,15.0,19.0,22.0,23.0,24.0,26.0,27.0,29.0,31.0,33.0,34.0,38.0,44.0,inferred
Ribble Valley,2021-08-31,13.0,17.0,20.0,21.0,22.0,24.0,26.0,28.0,30.0,31.0,33.0,36.1,43.0,inferred
Ribble Valley,2021-09-01,15.5,19.0,21.0,23.0,24.0,25.0,27.5,29.0,31.0,32.0,33.0,37.0,43.0,inferred
Ribble Valley,2021-09-02,15.0,19.0,22.0,23.0,24.0,26.0,28.0,30.0,32.0,33.0,35.0,38.0,44.0,inferred
Ribble Valley,2021-09-03,13.0,18.0,20.0,21.0,22.0,24.0,26.0,28.0,30.0,31.0,33.0,36.0,42.0,inferred
Ribble Valley,2021-09-04,11.0,15.0,18.0,19.0,20.0,21.0,23.0,25.0,27.0,27.0,28.0,32.0,36.0,inferred
Ribble Valley,2021-09-05,14.0,17.0,20.0,21.0,22.0,23.0,25.0,27.0,29.0,30.0,31.0,35.0,39.0,inferred
Ribble Valley,2021-09-06,21.0,26.0,30.0,31.0,32.0,34.0,36.0,38.0,41.0,42.0,44.0,48.0,54.0,inferred
Ribble Valley,2021-09-07,20.0,25.0,28.8,30.0,31.0,33.0,35.0,37.0,39.0,41.0,42.0,46.0,52.0,inferred
Ribble Valley,2021-09-08,21.0,26.0,30.0,31.0,32.0,34.0,36.0,38.0,41.0,42.0,43.0,47.0,54.0,inferred
Ribble Valley,2021-09-09,21.0,26.0,29.0,30.0,31.0,34.0,36.0,38.0,40.0,41.0,43.0,47.0,54.0,inferred
Ribble Valley,2021-09-10,19.0,23.0,26.0,27.0,28.0,30.0,32.0,34.0,36.0,37.0,39.0,42.0,49.0,inferred
Ribble Valley,2021-09-11,15.0,19.0,22.0,23.0,23.7,25.0,27.0,29.0,31.0,32.0,34.0,37.0,43.0,inferred
Ribble Valley,2021-09-12,17.0,21.0,23.0,24.0,26.0,27.0,29.0,31.0,33.0,34.0,36.0,40.0,46.0,inferred
Ribble Valley,2021-09-13,26.0,31.0,35.0,36.8,38.0,40.0,42.0,45.0,47.0,49.0,51.0,55.0,63.0,inferred
Ribble Valley,2021-09-14,26.0,30.0,34.0,35.0,37.0,39.0,42.0,44.0,46.0,48.0,49.0,54.0,61.5,inferred
Ribble Valley,2021-09-15,27.0,32.0,35.0,37.0,38.0,41.0,43.0,45.0,48.0,50.0,51.0,56.0,65.5,inferred
Ribble Valley,2021-09-16,27.0,33.0,36.0,38.0,39.0,41.0,44.0,46.0,49.0,50.0,52.0,56.0,62.0,inferred
Ribble Valley,2021-09-17,23.0,30.0,33.0,35.0,36.0,38.0,41.0,43.0,45.0,47.0,48.0,53.0,60.0,inferred
Ribble Valley,2021-09-18,21.0,26.0,29.0,30.0,31.0,33.0,36.0,38.0,40.0,42.0,43.0,47.0,54.5,inferred
Ribble Valley,2021-09-19,24.0,28.0,32.0,33.0,35.0,37.0,39.0,41.0,44.0,45.0,47.0,50.0,57.0,inferred
Ribble Valley,2021-09-20,36.5,43.0,47.0,49.0,51.0,53.0,55.0,58.0,61.0,63.0,65.0,70.0,79.0,inferred
Ribble Valley,2021-09-21,34.0,40.0,45.0,46.0,47.0,50.0,53.0,56.0,59.0,61.0,62.0,68.0,76.0,inferred
Ribble Valley,2021-09-22,32.5,39.0,44.0,45.0,47.0,49.0,51.0,54.0,57.0,58.2,60.0,65.0,72.0,inferred
Ribble Valley,2021-09-23,31.5,37.0,40.0,42.0,43.0,46.0,48.0,50.0,53.0,54.0,56.0,61.0,68.0,inferred
Ribble Valley,2021-09-24,25.0,30.0,33.0,35.0,36.0,39.0,41.0,43.0,46.0,48.0,50.0,54.0,62.0,inferred
Ribble Valley,2021-09-25,20.0,24.0,27.0,28.0,29.0,31.0,33.0,35.0,37.0,39.0,40.0,45.0,52.0,inferred
Ribble Valley,2021-09-26,20.0,25.0,28.0,29.0,30.0,32.0,34.0,37.0,39.0,40.0,42.0,46.0,52.0,inferred
Ribble Valley,2021-09-27,30.0,35.0,39.0,41.0,42.0,44.0,47.0,49.0,52.0,53.0,55.0,59.0,67.0,inferred
Ribble Valley,2021-09-28,28.0,32.0,36.0,37.0,38.0,41.0,43.0,46.0,49.0,50.0,52.0,57.0,64.0,inferred
Ribble Valley,2021-09-29,27.0,32.0,35.0,37.0,38.0,41.0,43.0,45.0,48.0,50.0,52.0,56.0,63.0,inferred
Ribble Valley,2021-09-30,26.0,31.0,35.0,36.0,37.0,39.0,42.0,44.0,46.0,48.0,50.0,54.0,61.0,inferred
Ribble Valley,2021-10-01,22.0,27.0,30.0,32.0,33.0,35.0,37.0,39.0,42.0,43.0,45.0,49.0,57.0,inferred
Ribble Valley,2021-10-02,18.0,22.9,25.0,27.0,28.0,30.0,32.0,34.0,36.0,38.0,39.0,43.0,50.0,inferred
Ribble Valley,2021-10-03,20.0,24.0,28.0,29.0,30.0,32.0,35.0,37.0,39.0,41.0,42.0,46.0,54.0,inferred
Ribble Valley,2021-10-04,29.0,36.0,40.0,42.0,43.0,46.0,48.0,51.0,54.0,56.0,57.0,62.0,69.0,inferred
Ribble Valley,2021-10-05,29.0,34.0,38.0,40.0,41.0,44.0,46.0,48.0,51.0,52.0,54.0,59.0,67.0,inferred
Ribble Valley,2021-10-06,30.0,36.0,39.0,41.0,42.0,44.0,47.0,49.0,52.0,54.0,55.0,61.0,68.0,inferred
Ribble Valley,2021-10-07,29.0,34.0,38.0,39.0,41.0,43.0,46.0,48.0,51.0,52.0,54.0,59.0,65.0,inferred
Ribble Valley,2021-10-08,25.0,30.0,34.0,36.0,37.0,39.0,41.0,44.0,46.0,48.0,49.0,55.0,61.0,inferred
Ribble Valley,2021-10-09,22.0,26.0,29.0,30.0,31.0,33.0,36.0,38.0,40.0,41.0,43.0,47.0,54.0,inferred
Ribble Valley,2021-10-10,23.0,28.0,31.0,33.0,34.0,36.0,38.0,40.0,43.0,44.0,45.0,50.0,57.0,inferred
Ribble Valley,2021-10-11,37.0,42.0,46.8,48.0,50.0,53.0,55.0,58.0,61.0,62.0,64.0,69.0,78.0,inferred
Ribble Valley,2021-10-12,34.5,41.0,46.0,47.0,48.0,51.0,54.0,56.0,59.0,61.0,62.0,67.0,75.0,inferred
Ribble Valley,2021-10-13,35.0,42.0,46.0,47.0,49.0,52.0,55.0,57.0,60.0,61.0,63.0,68.0,77.0,inferred
Ribble Valley,2021-10-14,34.0,41.0,45.0,46.0,47.0,50.0,53.0,56.0,59.0,61.0,63.0,68.0,76.0,inferred
Ribble Valley,2021-10-15,31.0,36.0,40.0,41.0,43.0,45.0,48.0,50.0,53.0,55.0,57.0,62.0,70.0,inferred
Richmond upon Thames,2021-07-03,30.0,36.0,40.0,42.0,43.0,46.0,49.0,52.0,56.0,58.0,60.0,65.0,74.0,inferred
Richmond upon Thames,2021-07-04,32.0,39.0,43.0,45.0,46.0,49.0,52.0,55.0,58.0,60.0,62.0,68.0,77.5,inferred
Richmond upon Thames,2021-07-05,50.0,57.0,63.0,65.0,67.0,71.0,75.0,78.0,82.0,84.0,86.0,93.0,103.0,inferred
Richmond upon Thames,2021-07-06,52.0,60.0,66.0,68.0,70.0,73.0,77.0,80.0,84.0,86.0,89.0,97.0,108.0,inferred
Richmond upon Thames,2021-07-07,59.0,66.0,72.0,74.0,76.0,81.0,84.0,88.0,92.0,94.0,97.0,103.0,114.0,inferred
Richmond upon Thames,2021-07-08,62.0,72.0,77.0,80.0,82.0,86.0,90.0,94.0,98.0,100.0,103.0,110.0,122.0,inferred
Richmond upon Thames,2021-07-09,63.0,72.0,77.0,80.0,82.0,86.0,91.0,94.0,98.0,101.0,103.0,112.0,123.0,inferred
Richmond upon Thames,2021-07-10,58.0,66.0,72.0,74.0,77.0,81.0,85.0,88.0,93.0,95.0,98.0,104.0,117.5,inferred
Richmond upon Thames,2021-07-11,64.5,74.0,80.0,83.0,85.0,89.0,93.0,97.0,101.0,104.0,107.0,114.0,126.0,inferred
Richmond upon Thames,2021-07-12,100.0,113.0,120.0,123.0,126.0,131.0,135.0,141.0,146.0,150.0,153.0,162.0,178.5,inferred
Richmond upon Thames,2021-07-13,100.0,111.0,119.0,123.0,126.0,132.0,137.0,142.0,147.0,151.0,154.0,164.0,178.5,inferred
Richmond upon Thames,2021-07-14,104.0,115.0,123.0,126.0,129.0,134.0,139.0,144.0,150.0,153.0,156.0,164.0,180.0,inferred
Richmond upon Thames,2021-07-15,96.0,108.0,116.0,120.0,123.0,128.0,133.0,139.0,144.0,146.0,149.2,158.0,173.0,inferred
Richmond upon Thames,2021-07-16,87.0,99.0,107.0,110.0,112.0,116.0,121.0,125.0,130.0,133.0,136.0,144.0,159.5,inferred
Richmond upon Thames,2021-07-17,71.5,81.0,88.0,91.0,93.0,97.0,101.0,106.0,110.0,113.0,115.0,123.0,134.5,inferred
Richmond upon Thames,2021-07-18,72.0,81.0,88.0,90.0,92.0,97.0,101.0,105.0,110.0,113.0,115.0,124.0,137.0,inferred
Richmond upon Thames,2021-07-19,99.5,112.0,120.0,123.0,126.0,131.0,136.0,141.0,147.0,150.0,153.0,161.0,177.0,inferred
Richmond upon Thames,2021-07-20,90.0,101.0,108.0,111.0,114.0,119.0,124.0,129.0,133.0,137.0,141.0,150.0,163.5,inferred
Richmond upon Thames,2021-07-21,85.0,94.0,102.0,105.0,107.0,112.0,117.0,122.0,126.0,130.0,133.0,142.0,153.0,inferred
Richmond upon Thames,2021-07-22,73.0,83.0,90.0,93.0,96.0,101.0,104.0,108.0,113.0,116.0,119.0,127.0,139.0,inferred
Richmond upon Thames,2021-07-23,62.0,69.9,76.0,78.0,80.0,84.0,88.0,92.0,97.0,99.0,102.0,108.0,121.0,inferred
Richmond upon Thames,2021-07-24,45.0,53.0,58.0,60.0,62.0,66.0,69.0,72.0,76.0,79.0,82.0,88.0,98.0,inferred
Richmond upon Thames,2021-07-25,40.0,49.0,54.0,56.0,57.0,61.0,65.0,68.0,71.0,73.2,76.0,81.0,91.0,inferred
Richmond upon Thames,2021-07-26,55.0,63.0,69.0,71.8,73.0,77.0,82.0,86.0,90.0,92.0,95.0,102.0,113.0,inferred
Richmond upon Thames,2021-07-27,51.0,58.0,64.0,66.0,68.0,72.0,76.0,79.0,83.0,86.0,88.0,95.0,105.0,inferred
Richmond upon Thames,2021-07-28,49.0,59.0,64.0,67.0,69.0,72.0,76.0,80.0,85.0,87.0,89.0,96.0,106.0,inferred
Richmond upon Thames,2021-07-29,50.0,57.0,62.0,65.0,67.0,70.0,73.0,77.0,81.0,83.0,86.0,93.0,103.0,inferred
Richmond upon Thames,2021-07-30,44.0,51.0,57.0,59.0,61.0,65.0,68.0,72.0,75.0,77.0,79.0,85.1,95.5,inferred
Richmond upon Thames,2021-07-31,35.0,42.0,48.0,49.0,51.0,54.0,58.0,61.0,64.0,66.0,68.0,74.0,84.0,inferred
Richmond upon Thames,2021-08-01,36.0,43.0,48.0,50.0,52.0,55.0,58.0,61.0,65.0,67.0,69.0,75.0,85.0,inferred
Richmond upon Thames,2021-08-02,52.0,61.0,67.0,69.0,71.0,75.0,79.0,83.0,87.0,89.0,91.0,99.0,109.5,inferred
Richmond upon Thames,2021-08-03,49.5,59.0,65.0,67.0,69.0,72.0,76.0,80.0,84.0,86.0,89.0,96.0,107.5,inferred
Richmond upon Thames,2021-08-04,50.0,59.0,64.0,67.0,69.0,73.0,77.0,81.0,85.0,87.0,90.0,96.0,107.0,inferred
Richmond upon Thames,2021-08-05,49.5,56.9,62.0,64.0,66.0,70.0,74.0,77.0,81.0,83.0,86.0,93.0,105.0,inferred
Richmond upon Thames,2021-08-06,44.0,51.0,56.0,58.0,60.0,64.0,67.0,70.0,74.0,77.0,79.0,87.0,98.0,inferred
Richmond upon Thames,2021-08-07,34.0,42.0,48.0,49.0,51.0,55.0,58.0,61.0,65.0,67.0,69.0,75.0,86.0,inferred
Richmond upon Thames,2021-08-08,35.5,43.0,47.0,49.0,51.0,55.0,58.0,61.0,64.0,67.0,69.0,76.0,87.0,inferred
Richmond upon Thames,2021-08-09,52.0,61.0,66.0,68.0,71.0,75.0,78.0,82.0,86.0,88.0,92.0,100.0,110.5,inferred
Richmond upon Thames,2021-08-10,50.0,58.0,64.0,66.0,69.0,73.0,76.0,80.0,85.0,87.0,90.0,98.0,108.0,inferred
Richmond upon Thames,2021-08-11,52.0,60.0,66.0,68.0,71.0,75.0,79.0,82.0,87.0,88.0,90.0,98.0,108.0,inferred
Richmond upon Thames,2021-08-12,51.0,59.0,65.0,67.0,69.0,73.0,76.0,80.0,84.0,86.0,89.0,96.0,108.0,inferred
Richmond upon Thames,2021-08-13,46.0,54.0,59.0,61.0,64.0,67.0,70.0,74.0,78.0,80.0,82.2,89.0,100.5,inferred
Richmond upon Thames,2021-08-14,39.0,46.0,51.0,53.0,55.0,58.0,61.0,64.0,68.0,70.0,73.0,79.0,90.0,inferred
Richmond upon Thames,2021-08-15,40.0,48.0,52.0,54.0,56.0,59.0,62.0,65.0,69.0,72.0,74.0,81.0,92.0,inferred
Richmond upon Thames,2021-08-16,59.0,68.0,75.0,77.0,79.0,83.0,87.0,91.0,95.0,98.0,101.0,107.0,123.0,inferred
Richmond upon Thames,2021-08-17,57.0,65.0,72.0,74.0,76.0,80.0,84.0,88.0,92.0,94.0,97.0,104.0,115.0,inferred
Richmond upon Thames,2021-08-18,58.0,66.9,73.0,75.0,77.0,81.0,85.0,89.0,93.0,95.0,98.0,105.0,118.0,inferred
Richmond upon Thames,2021-08-19,56.0,64.0,70.0,72.0,74.0,78.0,81.0,85.0,90.0,92.0,95.0,102.0,113.0,inferred
Richmond upon Thames,2021-08-20,48.0,58.0,63.0,65.0,67.0,71.0,74.0,78.0,81.0,83.0,85.0,92.0,103.0,inferred
Richmond upon Thames,2021-08-21,39.0,47.0,52.0,54.0,56.0,60.0,63.0,66.0,70.0,71.0,73.0,79.0,88.0,inferred
Richmond upon Thames,2021-08-22,39.0,46.9,51.0,53.0,55.0,58.0,62.0,65.0,69.0,72.0,74.0,80.0,90.0,inferred
Richmond upon Thames,2021-08-23,58.0,66.0,72.0,74.0,76.0,80.0,84.0,88.0,92.0,94.0,97.0,104.0,115.5,inferred
Richmond upon Thames,2021-08-24,54.0,62.0,68.0,70.0,72.0,76.0,80.0,83.0,86.0,89.0,92.0,99.0,112.0,inferred
Richmond upon Thames,2021-08-25,54.0,63.0,69.0,71.0,73.0,77.0,80.0,84.0,88.0,90.0,93.0,100.0,113.0,inferred
Richmond upon Thames,2021-08-26,52.0,60.0,66.0,68.0,70.0,74.0,78.0,82.0,85.0,88.0,90.0,97.0,107.0,inferred
Richmond upon Thames,2021-08-27,46.0,54.0,59.0,61.0,63.0,66.0,70.0,74.0,78.0,80.0,82.0,91.0,102.0,inferred
Richmond upon Thames,2021-08-28,37.5,44.0,49.0,51.0,53.0,56.0,60.0,64.0,67.0,69.0,71.0,78.0,89.0,inferred
Richmond upon Thames,2021-08-29,37.5,45.0,50.0,52.0,54.0,57.0,60.0,63.0,67.0,69.0,72.0,78.0,91.0,inferred
Richmond upon Thames,2021-08-30,55.0,64.0,70.0,72.0,74.0,79.0,83.0,87.0,91.0,93.0,95.2,103.0,116.0,inferred
Richmond upon Thames,2021-08-31,53.0,60.0,66.0,69.0,71.0,74.0,77.5,82.0,86.0,88.0,91.0,99.0,108.5,inferred
Richmond upon Thames,2021-09-01,52.0,62.0,68.0,70.0,73.0,76.0,80.0,83.0,88.0,90.0,93.0,100.0,111.5,inferred
Richmond upon Thames,2021-09-02,50.0,59.0,65.0,67.0,69.0,73.0,77.0,80.0,84.0,87.0,90.0,97.0,108.5,inferred
Richmond upon Thames,2021-09-03,47.0,54.0,59.0,61.0,63.0,66.6,70.0,74.0,78.0,80.0,83.0,89.0,101.0,inferred
Richmond upon Thames,2021-09-04,38.0,45.0,49.0,51.0,53.0,56.6,60.0,63.0,66.0,68.0,71.0,76.0,87.0,inferred
Richmond upon Thames,2021-09-05,38.0,45.0,49.0,51.0,53.0,56.0,59.0,63.0,66.0,68.0,70.0,77.0,87.0,inferred
Richmond upon Thames,2021-09-06,55.0,62.0,69.0,70.0,73.0,76.0,80.0,84.0,88.0,91.0,94.0,101.0,112.5,inferred
Richmond upon Thames,2021-09-07,50.0,58.0,64.0,66.0,68.0,72.0,75.0,79.0,83.0,85.0,88.0,94.0,108.0,inferred
Richmond upon Thames,2021-09-08,48.0,56.9,63.0,65.0,67.0,71.0,74.0,78.0,82.0,84.0,87.0,94.0,106.0,inferred
Richmond upon Thames,2021-09-09,44.0,52.0,58.0,60.0,62.0,65.0,69.0,72.0,76.0,79.0,81.2,89.0,100.0,inferred
Richmond upon Thames,2021-09-10,40.0,46.0,51.0,53.0,55.0,58.0,61.0,64.0,68.0,70.0,72.0,79.0,90.0,inferred
Richmond upon Thames,2021-09-11,29.5,36.0,41.0,43.0,44.0,47.0,50.0,53.0,57.0,59.0,61.0,67.0,75.5,inferred
Richmond upon Thames,2021-09-12,28.0,35.0,39.0,41.0,43.0,46.0,49.0,51.0,55.0,57.0,59.0,65.0,73.0,inferred
Richmond upon Thames,2021-09-13,41.0,49.0,55.0,57.0,59.0,62.0,65.0,69.0,72.0,74.0,76.0,83.0,94.0,inferred
Richmond upon Thames,2021-09-14,40.0,47.9,53.0,55.0,57.0,60.0,63.0,67.0,71.0,73.0,75.0,82.0,90.0,inferred
Richmond upon Thames,2021-09-15,45.0,52.0,57.0,59.0,62.0,65.0,68.0,71.0,75.0,77.0,80.0,86.0,97.5,inferred
Richmond upon Thames,2021-09-16,45.0,53.0,58.0,60.0,62.0,66.0,70.0,73.0,77.0,79.0,81.0,88.0,101.0,inferred
Richmond upon Thames,2021-09-17,42.0,50.0,55.8,57.0,59.0,62.0,66.0,69.0,73.0,75.0,78.0,84.0,96.0,inferred
Richmond upon Thames,2021-09-18,37.5,45.0,50.0,52.0,54.0,57.0,59.0,63.0,66.0,68.0,70.0,77.0,87.0,inferred
Richmond upon Thames,2021-09-19,40.0,47.9,53.0,55.0,57.0,60.0,63.0,66.4,70.0,72.0,74.0,81.0,92.0,inferred
Richmond upon Thames,2021-09-20,61.0,70.0,76.0,79.0,81.0,85.0,89.0,93.0,98.0,100.0,103.0,111.0,126.0,inferred
Richmond upon Thames,2021-09-21,60.5,69.0,76.0,78.0,80.0,85.0,89.0,92.0,96.0,99.0,101.0,110.0,123.0,inferred
Richmond upon Thames,2021-09-22,61.0,70.0,77.0,79.8,82.0,86.0,90.0,94.0,99.0,101.0,103.2,111.0,125.5,inferred
Richmond upon Thames,2021-09-23,59.0,69.0,74.0,76.0,79.0,83.0,87.0,91.0,96.0,98.0,101.0,108.0,118.0,inferred
Richmond upon Thames,2021-09-24,54.0,62.0,69.0,71.0,73.0,77.0,80.0,83.0,87.0,90.0,92.0,98.0,110.0,inferred
Richmond upon Thames,2021-09-25,45.0,53.0,58.0,60.0,62.0,66.0,69.0,72.0,75.0,77.0,80.0,87.0,99.0,inferred
Richmond upon Thames,2021-09-26,45.5,53.0,58.0,60.0,62.0,65.0,69.0,72.0,76.0,78.0,81.0,89.0,99.5,inferred
Richmond upon Thames,2021-09-27,64.0,75.0,82.0,84.0,87.0,91.0,95.0,99.0,103.0,105.0,108.0,116.0,128.0,inferred
Richmond upon Thames,2021-09-28,62.0,73.0,79.0,82.0,83.0,88.0,92.0,95.4,100.0,103.0,106.0,114.0,128.5,inferred
Richmond upon Thames,2021-09-29,65.0,74.0,81.0,83.0,86.0,90.0,94.0,99.0,103.0,106.0,109.0,116.0,129.0,inferred
Richmond upon Thames,2021-09-30,63.5,73.9,80.0,82.0,84.0,88.0,92.0,96.0,100.0,102.0,106.0,114.0,128.0,inferred
Richmond upon Thames,2021-10-01,60.0,68.0,75.0,77.0,79.0,84.0,88.0,91.0,96.0,97.0,100.0,108.0,118.0,inferred
Richmond upon Thames,2021-10-02,50.0,58.0,64.0,66.0,67.7,71.0,75.0,78.0,82.0,84.0,87.0,93.0,105.0,inferred
Richmond upon Thames,2021-10-03,51.0,59.0,64.0,67.0,69.0,73.0,76.0,80.0,84.0,87.0,90.0,96.0,108.0,inferred
Richmond upon Thames,2021-10-04,74.5,86.0,92.0,95.0,97.0,103.0,106.0,111.0,116.0,119.0,122.0,129.0,143.0,inferred
Richmond upon Thames,2021-10-05,74.0,84.0,91.0,94.0,96.0,101.0,105.0,109.0,115.0,117.0,120.0,128.0,140.0,inferred
Richmond upon Thames,2021-10-06,78.0,89.0,96.0,99.0,101.7,106.0,110.0,115.0,119.0,122.0,126.0,134.0,147.0,inferred
Richmond upon Thames,2021-10-07,80.0,90.0,97.0,100.0,102.0,107.0,112.0,116.0,121.0,124.0,127.0,135.0,150.0,inferred
Richmond upon Thames,2021-10-08,76.0,87.0,94.0,96.0,98.0,102.0,106.0,110.0,114.0,117.0,120.0,129.0,144.0,inferred
Richmond upon Thames,2021-10-09,64.5,74.0,81.0,83.0,86.0,90.0,94.0,99.0,104.0,106.0,109.0,117.0,129.0,inferred
Richmond upon Thames,2021-10-10,69.0,78.0,85.0,88.0,90.0,94.0,98.5,103.0,107.0,109.0,113.0,121.0,136.0,inferred
Richmond upon Thames,2021-10-11,104.5,114.0,123.0,126.0,129.0,135.0,140.0,145.0,150.0,153.0,157.0,166.0,183.0,inferred
Richmond upon Thames,2021-10-12,101.0,112.0,120.0,123.0,125.0,132.0,137.0,143.0,148.0,151.0,155.0,164.0,179.0,inferred
Richmond upon Thames,2021-10-13,102.0,115.0,123.0,126.0,129.0,134.0,139.0,144.0,150.3,154.0,159.0,169.0,184.0,inferred
Richmond upon Thames,2021-10-14,96.0,111.9,120.0,122.0,125.0,130.0,135.0,140.0,147.0,150.0,153.0,163.0,180.5,inferred
Richmond upon Thames,2021-10-15,90.5,100.0,109.0,112.0,115.0,120.0,125.0,130.0,135.0,138.0,142.0,152.0,171.0,inferred
Richmondshire,2021-07-03,6.0,9.0,11.0,13.0,14.0,15.0,17.0,19.0,21.0,22.0,23.0,27.0,33.0,inferred
Richmondshire,2021-07-04,8.0,11.0,14.0,15.0,16.0,18.0,20.0,21.0,24.0,25.0,27.0,31.0,38.0,inferred
Richmondshire,2021-07-05,14.0,19.0,22.0,23.0,25.0,27.0,29.0,32.0,34.0,36.0,38.0,43.0,50.0,inferred
Richmondshire,2021-07-06,16.0,21.0,24.0,25.0,26.0,28.0,30.0,33.0,35.0,36.0,38.0,43.0,51.5,inferred
Richmondshire,2021-07-07,17.5,22.0,26.0,27.0,28.0,31.0,33.0,36.0,38.0,40.0,41.0,46.0,54.0,inferred
Richmondshire,2021-07-08,19.0,23.0,27.0,28.0,30.0,32.0,34.0,37.0,40.0,42.0,43.0,49.0,57.0,inferred
Richmondshire,2021-07-09,18.0,23.0,27.0,28.0,30.0,32.0,35.0,37.0,40.0,41.0,43.0,49.0,57.0,inferred
Richmondshire,2021-07-10,15.0,21.0,24.0,25.0,27.0,29.0,31.0,34.0,36.0,38.0,40.0,45.0,52.0,inferred
Richmondshire,2021-07-11,20.0,24.0,28.0,30.0,31.0,34.0,37.0,39.0,42.0,44.0,46.0,51.0,60.0,inferred
Richmondshire,2021-07-12,32.0,40.0,45.0,47.0,49.0,53.0,56.0,59.0,62.0,64.0,66.0,72.0,84.0,inferred
Richmondshire,2021-07-13,31.0,38.0,43.0,45.0,47.0,50.0,53.0,56.0,60.0,62.0,64.0,70.0,81.0,inferred
Richmondshire,2021-07-14,32.0,37.0,42.0,44.0,45.0,49.0,52.0,55.0,58.0,60.0,63.0,69.0,79.0,inferred
Richmondshire,2021-07-15,26.0,33.0,37.0,39.0,41.0,44.0,46.0,49.0,53.0,55.0,57.0,62.0,72.0,inferred
Richmondshire,2021-07-16,23.0,29.0,33.0,34.0,35.0,38.0,41.0,44.0,47.0,49.0,51.0,56.0,67.0,inferred
Richmondshire,2021-07-17,14.0,20.0,24.0,25.0,27.0,29.0,31.0,34.0,36.0,38.0,40.0,45.0,53.0,inferred
Richmondshire,2021-07-18,16.0,21.0,24.0,25.0,27.0,29.0,31.0,34.0,37.0,38.0,40.0,44.0,52.0,inferred
Richmondshire,2021-07-19,22.0,28.0,33.0,34.0,36.0,39.0,42.0,45.0,48.0,50.0,52.0,57.0,65.0,inferred
Richmondshire,2021-07-20,19.0,24.0,28.0,29.0,31.0,33.0,36.0,39.0,41.0,43.0,45.0,50.0,59.0,inferred
Richmondshire,2021-07-21,17.0,22.0,25.0,27.0,28.0,31.0,33.0,36.0,39.0,40.0,42.0,47.0,57.0,inferred
Richmondshire,2021-07-22,14.0,19.0,22.0,23.0,24.0,27.0,29.0,31.0,34.0,35.0,37.0,42.0,48.0,inferred
Richmondshire,2021-07-23,11.0,15.0,17.0,19.0,20.0,22.0,24.0,26.0,29.0,30.0,32.0,36.0,44.0,inferred
Richmondshire,2021-07-24,7.0,10.0,13.0,14.0,15.0,17.0,19.0,21.0,23.0,24.0,25.0,29.0,36.0,inferred
Richmondshire,2021-07-25,7.0,10.0,13.0,14.0,14.0,16.0,18.0,20.0,22.0,23.0,25.0,29.0,35.0,inferred
Richmondshire,2021-07-26,10.0,14.0,17.0,18.0,19.0,22.0,24.0,26.0,28.0,29.0,31.0,35.0,42.0,inferred
Richmondshire,2021-07-27,9.0,13.0,15.0,17.0,17.0,20.0,21.0,23.0,26.0,27.0,28.0,32.0,40.0,inferred
Richmondshire,2021-07-28,8.0,12.0,15.0,16.0,17.0,19.0,21.0,23.0,25.0,26.0,28.0,32.0,38.0,inferred
Richmondshire,2021-07-29,8.0,11.0,14.0,15.0,16.0,18.0,20.0,22.0,24.0,25.0,27.0,31.0,38.0,inferred
Richmondshire,2021-07-30,6.0,10.0,12.0,13.0,14.0,16.0,18.0,20.0,21.0,23.0,24.0,28.0,34.0,inferred
Richmondshire,2021-07-31,5.0,8.0,10.0,11.0,12.0,13.0,15.0,16.0,18.0,20.0,21.0,24.0,31.0,inferred
Richmondshire,2021-08-01,5.0,8.0,11.0,12.0,12.0,14.0,16.0,17.0,19.0,20.0,21.0,25.1,32.0,inferred
Richmondshire,2021-08-02,8.0,12.0,15.8,17.0,18.0,20.0,22.0,24.0,26.0,28.0,29.0,34.0,41.0,inferred
Richmondshire,2021-08-03,9.0,12.0,15.0,16.0,17.0,19.0,20.0,22.0,24.0,26.0,27.0,31.0,38.5,inferred
Richmondshire,2021-08-04,8.0,12.0,14.8,16.0,17.0,19.0,21.0,23.0,25.0,26.0,27.0,31.0,38.0,inferred
Richmondshire,2021-08-05,8.0,11.0,14.0,15.0,16.0,18.0,20.0,22.0,24.0,25.0,27.0,31.0,39.0,inferred
Richmondshire,2021-08-06,7.0,10.0,12.0,13.0,14.0,16.0,18.0,20.0,22.0,23.0,24.0,28.0,35.0,inferred
Richmondshire,2021-08-07,5.0,8.0,10.0,11.0,12.0,13.0,15.0,17.0,18.0,19.0,21.0,24.0,30.0,inferred
Richmondshire,2021-08-08,6.0,9.0,11.0,12.0,13.0,15.0,16.0,18.0,20.0,21.0,22.0,26.0,33.0,inferred
Richmondshire,2021-08-09,9.0,13.0,16.0,17.0,18.0,21.0,23.0,25.0,27.0,28.2,30.0,34.0,42.0,inferred
Richmondshire,2021-08-10,9.0,12.0,15.0,17.0,18.0,19.0,21.0,23.0,25.0,26.0,28.0,33.0,41.5,inferred
Richmondshire,2021-08-11,10.0,13.0,16.0,17.0,18.0,20.0,22.0,24.0,26.0,27.0,29.0,34.0,41.0,inferred
Richmondshire,2021-08-12,8.5,12.0,15.0,16.0,17.0,19.0,21.0,23.0,25.0,27.0,28.0,32.0,39.0,inferred
Richmondshire,2021-08-13,8.0,11.0,14.0,15.0,16.0,18.0,20.0,22.0,24.0,25.0,27.0,31.0,37.5,inferred
Richmondshire,2021-08-14,6.0,9.0,11.0,13.0,14.0,15.0,17.0,19.0,21.0,22.0,23.0,26.0,33.0,inferred
Richmondshire,2021-08-15,7.0,10.0,13.0,14.0,15.0,17.0,18.0,20.0,22.0,23.2,25.0,28.0,35.0,inferred
Richmondshire,2021-08-16,11.0,15.0,19.0,20.0,21.0,23.0,25.0,27.0,30.0,31.0,33.0,38.0,44.5,inferred
Richmondshire,2021-08-17,10.0,14.0,17.0,19.0,20.0,22.0,24.0,26.0,28.0,30.0,31.0,36.0,43.0,inferred
Richmondshire,2021-08-18,10.0,14.0,17.0,19.0,20.0,22.0,24.0,26.0,28.0,29.0,31.0,35.0,42.0,inferred
Richmondshire,2021-08-19,9.0,13.0,16.0,17.0,18.0,20.0,22.0,24.0,27.0,28.0,29.0,33.0,40.0,inferred
Richmondshire,2021-08-20,8.0,11.0,14.0,15.0,16.0,18.0,20.0,21.0,24.0,25.0,26.0,30.0,37.0,inferred
Richmondshire,2021-08-21,6.0,9.0,11.0,12.0,13.0,14.0,16.0,18.0,20.0,21.0,22.0,26.0,33.0,inferred
Richmondshire,2021-08-22,6.0,9.0,12.0,13.0,14.0,15.0,17.0,18.0,21.0,22.0,23.0,27.0,34.0,inferred
Richmondshire,2021-08-23,10.0,14.0,17.0,18.0,19.0,21.0,23.0,25.0,27.0,29.0,30.0,35.0,42.0,inferred
Richmondshire,2021-08-24,9.0,13.0,16.0,17.0,18.0,20.0,22.0,24.0,26.0,27.0,28.2,33.0,39.0,inferred
Richmondshire,2021-08-25,9.0,12.0,15.0,16.0,17.0,19.0,21.0,23.0,26.0,27.0,28.0,32.0,38.0,inferred
Richmondshire,2021-08-26,7.0,11.0,14.0,15.0,16.0,18.0,20.0,22.0,24.0,26.0,27.0,31.0,39.0,inferred
Richmondshire,2021-08-27,6.0,10.0,13.0,14.0,15.0,17.0,19.0,21.0,23.0,24.0,25.0,28.0,35.0,inferred
Richmondshire,2021-08-28,5.0,8.0,10.0,11.0,12.0,14.0,15.0,17.0,19.0,20.0,21.0,25.0,31.0,inferred
Richmondshire,2021-08-29,6.0,9.0,11.0,12.0,13.0,14.0,16.0,18.0,20.0,21.0,23.0,27.0,33.0,inferred
Richmondshire,2021-08-30,10.0,14.0,17.0,18.0,19.0,21.0,23.0,25.0,28.0,29.0,30.2,35.0,42.0,inferred
Richmondshire,2021-08-31,9.0,13.0,15.8,17.0,18.0,20.0,22.0,24.0,26.0,28.0,29.2,34.0,41.0,inferred
Richmondshire,2021-09-01,10.0,13.0,16.0,17.0,18.0,20.0,22.0,24.4,27.0,28.0,29.0,34.0,40.0,inferred
Richmondshire,2021-09-02,9.0,13.0,16.0,17.0,18.0,20.0,22.0,24.0,26.0,27.0,29.0,33.0,40.0,inferred
Richmondshire,2021-09-03,8.0,12.0,14.0,15.0,17.0,18.0,20.0,22.0,24.0,26.0,27.0,31.0,38.0,inferred
Richmondshire,2021-09-04,7.0,10.0,12.0,13.0,14.0,16.0,18.0,19.0,21.0,22.0,24.0,28.0,34.0,inferred
Richmondshire,2021-09-05,8.0,11.0,13.0,15.0,15.0,17.0,19.0,21.0,23.0,24.0,26.0,30.0,37.0,inferred
Richmondshire,2021-09-06,12.0,16.0,20.0,21.0,22.0,24.0,26.0,29.0,31.0,33.0,34.0,39.0,46.0,inferred
Richmondshire,2021-09-07,11.0,15.0,18.0,19.0,20.0,22.0,24.0,26.0,29.0,30.0,32.0,36.0,44.0,inferred
Richmondshire,2021-09-08,10.0,14.0,17.0,18.0,19.0,21.0,23.0,25.0,28.0,29.0,31.0,35.0,42.0,inferred
Richmondshire,2021-09-09,8.0,12.0,15.0,16.0,17.0,19.0,21.0,23.0,25.0,26.0,27.0,31.0,37.0,inferred
Richmondshire,2021-09-10,7.0,10.0,13.0,14.0,15.0,16.0,18.0,20.0,22.0,23.0,24.0,28.0,34.0,inferred
Richmondshire,2021-09-11,5.0,7.0,9.0,10.0,11.0,13.0,14.0,16.0,18.0,19.0,21.0,24.0,31.0,inferred
Richmondshire,2021-09-12,5.0,7.0,9.0,10.0,11.0,13.0,14.0,16.0,18.0,19.0,20.0,24.0,30.0,inferred
Richmondshire,2021-09-13,7.0,11.0,14.0,15.0,16.0,17.0,19.0,21.0,23.0,25.0,26.0,30.0,37.0,inferred
Richmondshire,2021-09-14,7.0,10.0,13.0,14.0,15.0,16.0,18.0,20.0,22.0,23.0,25.0,29.0,36.0,inferred
Richmondshire,2021-09-15,7.0,11.0,13.0,14.0,15.0,17.0,19.0,21.0,23.0,24.0,25.0,29.0,36.0,inferred
Richmondshire,2021-09-16,7.0,11.0,13.0,14.0,15.0,17.0,19.0,21.0,22.0,24.0,25.0,29.0,36.0,inferred
Richmondshire,2021-09-17,7.0,10.0,12.0,13.0,14.0,16.0,18.0,19.0,21.0,23.0,24.0,28.0,34.0,inferred
Richmondshire,2021-09-18,5.0,8.0,10.0,11.0,12.0,14.0,15.0,17.0,19.0,20.0,22.0,26.0,32.0,inferred
Richmondshire,2021-09-19,6.0,9.0,12.0,13.0,14.0,16.0,17.0,19.0,21.0,23.0,24.0,28.0,35.0,inferred
Richmondshire,2021-09-20,11.0,16.0,19.0,20.0,21.0,23.0,26.0,28.0,30.0,32.0,33.0,37.0,44.5,inferred
Richmondshire,2021-09-21,11.0,15.0,18.0,19.0,20.0,22.0,24.0,26.0,29.0,30.0,32.0,36.0,45.0,inferred
Richmondshire,2021-09-22,11.0,15.0,18.0,19.0,20.0,23.0,25.0,27.0,29.0,30.0,32.0,36.0,42.0,inferred
Richmondshire,2021-09-23,10.0,14.0,17.0,18.0,19.0,21.0,23.0,25.0,28.0,29.0,30.0,35.1,43.0,inferred
Richmondshire,2021-09-24,9.0,13.0,15.0,17.0,18.0,19.0,21.0,24.0,26.0,27.0,28.0,32.0,38.0,inferred
Richmondshire,2021-09-25,7.0,10.0,12.0,13.0,14.0,16.0,18.0,20.0,22.0,23.0,24.0,28.0,36.0,inferred
Richmondshire,2021-09-26,7.0,10.0,13.0,14.0,15.0,17.0,19.0,21.0,23.0,24.0,26.0,29.1,36.0,inferred
Richmondshire,2021-09-27,12.0,16.0,19.0,20.0,22.0,24.0,26.0,28.0,31.0,33.0,34.0,39.0,46.0,inferred
Richmondshire,2021-09-28,11.0,15.0,18.0,19.0,20.0,22.0,25.0,27.0,29.0,30.0,32.0,36.0,43.5,inferred
Richmondshire,2021-09-29,11.0,14.0,17.0,18.0,19.0,22.0,24.0,26.0,28.0,29.0,31.0,35.0,42.0,inferred
Richmondshire,2021-09-30,10.0,13.0,16.0,17.0,18.0,20.0,22.0,25.0,27.0,29.0,30.0,34.0,41.0,inferred
Richmondshire,2021-10-01,8.0,12.0,15.0,16.0,17.0,18.0,20.0,22.0,24.0,25.0,27.0,31.0,38.0,inferred
Richmondshire,2021-10-02,6.0,9.0,11.0,12.0,13.0,15.0,17.0,18.0,21.0,21.0,23.0,26.0,33.0,inferred
Richmondshire,2021-10-03,7.0,10.0,12.0,13.0,14.0,16.0,18.0,19.0,21.3,23.0,24.0,28.0,33.0,inferred
Richmondshire,2021-10-04,11.0,15.0,18.0,19.0,20.0,22.0,24.0,27.0,29.0,30.0,32.0,36.0,44.5,inferred
Richmondshire,2021-10-05,9.0,14.0,17.0,18.0,19.0,20.0,23.0,25.0,27.0,28.0,30.0,35.0,43.0,inferred
Richmondshire,2021-10-06,10.0,13.0,16.0,17.0,18.0,20.0,23.0,25.0,27.0,29.0,30.2,35.0,41.0,inferred
Richmondshire,2021-10-07,10.0,13.0,16.0,17.0,18.0,20.0,22.0,24.0,26.0,27.0,29.0,33.0,40.0,inferred
Richmondshire,2021-10-08,9.0,12.0,14.0,15.0,16.0,18.0,20.0,22.0,24.0,25.0,26.2,31.0,38.5,inferred
Richmondshire,2021-10-09,6.0,9.0,12.0,13.0,14.0,15.0,17.0,19.0,21.0,22.0,23.0,26.0,32.0,inferred
Richmondshire,2021-10-10,7.0,10.0,12.0,13.0,14.0,16.0,17.0,19.0,21.0,23.0,24.0,28.0,34.0,inferred
Richmondshire,2021-10-11,11.0,15.0,18.0,19.0,20.0,22.0,24.0,27.0,30.0,31.0,33.0,37.0,45.0,inferred
Richmondshire,2021-10-12,9.5,13.0,16.0,17.0,18.7,20.0,23.0,24.0,27.0,28.0,30.0,34.0,40.0,inferred
Richmondshire,2021-10-13,9.0,13.0,16.0,17.0,18.0,20.0,22.0,24.0,26.0,28.0,29.0,33.0,41.0,inferred
Richmondshire,2021-10-14,8.0,11.0,14.0,15.0,16.0,18.0,20.0,22.0,24.0,25.0,26.0,31.0,38.0,inferred
Richmondshire,2021-10-15,7.0,10.0,12.0,13.0,14.0,16.0,17.0,19.0,22.0,23.0,24.0,28.0,35.0,inferred
Rochdale,2021-07-03,103.0,112.0,118.0,120.0,122.0,126.0,130.0,134.0,138.0,141.0,143.0,151.0,163.0,inferred
Rochdale,2021-07-04,116.0,125.0,132.0,135.0,137.0,141.0,145.0,149.0,153.0,156.0,159.0,166.0,179.0,inferred
Rochdale,2021-07-05,178.0,188.0,197.0,199.0,202.0,207.0,212.0,217.0,221.0,224.0,227.2,236.0,249.0,inferred
Rochdale,2021-07-06,173.5,186.0,193.0,196.0,199.0,204.0,208.0,212.0,217.0,219.0,223.0,230.0,243.0,inferred
Rochdale,2021-07-07,183.0,195.0,201.0,204.0,207.0,211.0,216.0,220.0,225.0,228.0,231.0,239.0,252.0,inferred
Rochdale,2021-07-08,183.0,194.0,201.0,204.0,207.0,211.0,216.0,220.0,225.0,227.0,230.2,238.0,250.0,inferred
Rochdale,2021-07-09,165.0,175.0,184.0,187.0,189.0,194.0,198.0,202.0,207.0,209.0,213.0,221.0,232.0,inferred
Rochdale,2021-07-10,140.0,151.0,157.0,160.0,162.0,167.0,171.0,174.0,179.0,181.0,184.0,191.0,202.0,inferred
Rochdale,2021-07-11,155.5,165.9,173.0,176.0,178.0,182.0,187.0,191.0,197.0,200.0,202.0,211.0,223.5,inferred
Rochdale,2021-07-12,226.0,242.0,251.0,254.0,257.0,263.0,268.0,274.0,280.0,284.0,287.0,296.0,310.0,inferred
Rochdale,2021-07-13,213.5,227.0,236.0,239.0,242.0,248.0,252.0,258.0,263.0,266.0,269.0,278.0,296.0,inferred
Rochdale,2021-07-14,209.0,220.0,229.0,233.0,236.0,243.0,247.0,252.0,258.0,261.0,264.0,274.0,285.5,inferred
Rochdale,2021-07-15,192.0,205.0,214.0,217.0,220.0,225.0,229.0,234.0,239.0,243.0,246.0,253.0,267.0,inferred
Rochdale,2021-07-16,160.5,172.0,180.0,183.0,186.0,189.0,194.0,199.0,204.0,206.0,210.0,220.0,233.0,inferred
Rochdale,2021-07-17,128.0,137.0,143.0,146.0,148.7,153.0,157.0,160.0,165.0,167.0,170.0,177.1,189.5,inferred
Rochdale,2021-07-18,129.0,140.0,146.8,149.0,151.0,155.0,158.0,162.0,167.0,169.0,172.0,179.0,192.0,inferred
Rochdale,2021-07-19,175.0,187.0,194.0,198.0,201.0,205.0,210.0,215.0,220.0,223.0,227.0,236.0,251.0,inferred
Rochdale,2021-07-20,154.0,166.0,173.0,176.0,178.0,183.0,188.0,192.0,197.0,200.0,203.0,211.0,225.5,inferred
Rochdale,2021-07-21,141.0,152.0,159.0,161.0,164.0,169.0,173.0,177.0,182.0,185.0,188.0,195.0,207.0,inferred
Rochdale,2021-07-22,122.0,132.0,139.0,141.0,144.0,148.0,152.0,156.0,160.0,162.0,165.0,172.0,185.0,inferred
Rochdale,2021-07-23,97.0,105.0,110.8,113.0,115.0,118.0,121.5,125.0,130.0,132.0,134.0,141.0,151.0,inferred
Rochdale,2021-07-24,70.0,78.0,83.0,85.0,87.0,90.0,93.0,97.0,100.0,102.0,103.0,108.0,118.0,inferred
Rochdale,2021-07-25,69.0,75.0,80.0,82.0,83.0,87.0,90.0,93.0,96.0,98.0,100.0,105.0,115.0,inferred
Rochdale,2021-07-26,88.0,97.0,103.0,105.0,107.0,111.0,114.0,117.0,121.0,123.0,125.0,132.0,142.5,inferred
Rochdale,2021-07-27,76.0,86.0,91.0,93.0,95.0,99.0,102.0,105.0,108.0,110.0,112.0,118.0,129.5,inferred
Rochdale,2021-07-28,78.0,85.0,90.0,92.0,94.0,98.0,101.0,105.0,108.0,111.0,112.2,118.0,126.0,inferred
Rochdale,2021-07-29,74.0,81.0,86.0,88.0,90.0,94.0,97.0,100.0,103.0,105.0,107.0,112.1,121.0,inferred
Rochdale,2021-07-30,64.5,71.0,76.0,78.0,79.0,82.6,85.0,88.0,92.0,93.0,95.0,101.0,109.0,inferred
Rochdale,2021-07-31,53.0,59.0,64.0,65.0,67.0,70.0,72.0,75.0,78.0,80.0,82.0,87.0,94.0,inferred
Rochdale,2021-08-01,56.0,62.9,67.0,69.0,71.0,73.0,77.0,79.0,82.0,84.0,86.0,90.0,98.5,inferred
Rochdale,2021-08-02,80.0,89.0,94.0,96.0,98.0,101.0,104.0,108.0,112.0,114.0,116.0,122.0,131.0,inferred
Rochdale,2021-08-03,75.0,83.0,88.0,90.0,92.0,95.6,99.0,102.0,105.0,108.0,110.0,116.0,126.0,inferred
Rochdale,2021-08-04,76.5,83.0,89.0,91.0,93.0,96.0,99.0,103.0,106.0,108.0,110.0,116.0,126.0,inferred
Rochdale,2021-08-05,74.0,81.0,86.0,88.0,90.0,93.0,97.0,100.0,103.0,104.0,107.0,112.0,120.0,inferred
Rochdale,2021-08-06,63.0,71.0,76.0,78.0,80.0,83.0,85.0,88.0,92.0,94.0,95.0,100.1,109.5,inferred
Rochdale,2021-08-07,53.0,59.0,63.0,65.0,67.0,69.0,72.0,74.0,77.0,79.0,81.0,86.0,94.0,inferred
Rochdale,2021-08-08,56.0,62.0,67.0,68.0,70.0,73.0,76.0,79.0,82.0,84.0,85.0,91.0,99.0,inferred
Rochdale,2021-08-09,81.0,89.0,94.0,96.0,98.0,101.0,105.0,108.0,112.0,114.0,116.0,122.0,134.0,inferred
Rochdale,2021-08-10,75.0,84.0,89.0,91.0,93.0,96.0,100.0,103.0,106.0,108.0,111.0,117.0,126.0,inferred
Rochdale,2021-08-11,75.0,83.0,88.0,90.0,92.0,95.0,98.0,101.0,105.0,107.0,109.0,115.0,124.5,inferred
Rochdale,2021-08-12,69.0,77.0,82.0,84.0,86.0,89.0,92.5,96.0,99.0,101.0,103.0,108.1,117.0,inferred
Rochdale,2021-08-13,59.0,66.0,71.0,73.0,74.7,78.0,81.0,83.0,86.0,88.0,90.0,96.0,104.0,inferred
Rochdale,2021-08-14,47.0,54.0,58.0,60.0,61.0,64.0,67.0,70.0,72.0,74.0,75.0,80.0,88.0,inferred
Rochdale,2021-08-15,50.0,57.0,61.0,62.0,64.0,66.0,69.0,72.0,75.0,77.0,78.0,83.0,91.0,inferred
Rochdale,2021-08-16,70.0,78.0,84.0,86.0,88.0,91.0,94.0,97.0,101.0,103.0,106.0,112.0,122.0,inferred
Rochdale,2021-08-17,66.5,74.0,79.0,82.0,83.0,86.0,90.0,92.0,96.0,97.0,100.0,105.0,114.0,inferred
Rochdale,2021-08-18,68.0,75.0,80.0,82.0,84.0,87.0,90.0,93.0,97.0,99.0,101.0,107.0,116.0,inferred
Rochdale,2021-08-19,66.5,74.0,78.0,80.0,82.0,85.0,88.0,91.0,95.0,97.0,99.0,104.0,113.5,inferred
Rochdale,2021-08-20,58.5,65.9,70.0,72.0,73.0,76.0,79.0,82.0,85.0,87.0,89.0,93.0,100.5,inferred
Rochdale,2021-08-21,48.0,54.0,58.0,60.0,61.0,64.0,66.0,69.0,72.0,73.0,75.0,80.0,89.0,inferred
Rochdale,2021-08-22,50.0,58.0,62.0,63.8,65.0,68.0,70.0,74.0,76.0,78.0,79.0,85.0,94.0,inferred
Rochdale,2021-08-23,75.0,83.0,89.0,91.0,93.0,96.0,99.0,103.0,106.0,108.0,111.0,117.0,126.0,inferred
Rochdale,2021-08-24,72.0,79.0,84.0,86.0,88.0,91.0,94.0,97.0,100.0,102.0,104.2,110.0,120.0,inferred
Rochdale,2021-08-25,71.5,79.0,84.0,86.0,87.0,91.0,94.0,97.0,100.0,102.0,105.0,111.0,120.0,inferred
Rochdale,2021-08-26,67.0,75.0,80.0,82.0,84.0,87.0,90.0,93.0,96.0,98.0,100.0,105.1,114.0,inferred
Rochdale,2021-08-27,59.0,67.0,71.0,73.0,74.0,77.0,80.0,83.0,86.0,88.0,90.0,96.0,103.5,inferred
Rochdale,2021-08-28,48.0,54.0,58.0,60.0,61.0,64.0,66.0,69.0,72.0,74.0,76.0,80.0,87.5,inferred
Rochdale,2021-08-29,51.0,57.0,62.0,64.0,66.0,68.0,71.0,74.0,76.0,78.0,79.0,85.0,93.0,inferred
Rochdale,2021-08-30,75.0,83.0,88.0,90.0,91.7,95.0,98.0,102.0,105.0,107.0,109.0,115.0,123.5,inferred
Rochdale,2021-08-31,72.0,80.0,85.0,87.0,88.0,92.0,95.0,98.0,101.0,103.0,106.0,112.0,119.0,inferred
Rochdale,2021-09-01,75.0,83.0,87.0,89.0,91.0,94.0,98.0,101.0,105.0,106.0,109.0,115.0,124.0,inferred
Rochdale,2021-09-02,74.0,82.0,87.0,89.0,91.0,94.0,98.0,101.0,104.0,105.0,108.0,113.0,123.0,inferred
Rochdale,2021-09-03,66.0,73.0,79.0,80.0,82.0,86.0,88.0,91.0,95.0,97.0,99.0,105.0,112.0,inferred
Rochdale,2021-09-04,56.0,62.0,67.0,69.0,70.0,73.0,76.0,79.0,81.3,83.0,85.0,90.0,98.0,inferred
Rochdale,2021-09-05,61.0,68.0,73.0,75.0,76.0,79.0,81.0,84.0,87.0,89.0,91.0,96.0,105.0,inferred
Rochdale,2021-09-06,90.0,99.0,104.0,106.0,108.0,112.0,115.0,119.0,122.0,125.0,127.0,133.0,143.5,inferred
Rochdale,2021-09-07,82.0,91.0,96.0,99.0,100.0,104.0,107.0,111.0,115.0,117.0,119.0,124.1,134.5,inferred
Rochdale,2021-09-08,79.0,86.0,92.8,95.0,97.0,100.0,103.0,106.4,110.0,111.0,114.0,120.0,131.0,inferred
Rochdale,2021-09-09,73.0,79.9,84.8,87.0,89.0,91.0,95.0,98.0,101.0,103.0,105.0,111.0,119.5,inferred
Rochdale,2021-09-10,58.0,65.0,70.0,72.0,73.0,76.0,79.0,82.0,85.0,86.0,88.0,93.0,101.0,inferred
Rochdale,2021-09-11,45.0,51.0,54.0,56.0,57.0,60.0,63.0,65.0,67.0,69.0,71.0,76.0,83.0,inferred
Rochdale,2021-09-12,45.0,50.0,55.0,56.0,58.0,61.0,63.0,66.0,69.0,70.0,72.0,77.0,84.0,inferred
Rochdale,2021-09-13,63.0,69.0,74.0,76.0,77.0,81.0,83.0,86.0,89.0,92.0,94.0,99.0,109.0,inferred
Rochdale,2021-09-14,56.0,63.0,67.0,69.0,70.0,73.0,76.0,79.0,82.0,84.0,86.0,93.0,100.0,inferred
Rochdale,2021-09-15,57.0,64.0,69.0,70.0,72.0,75.0,78.0,81.0,84.0,86.0,88.0,94.0,102.0,inferred
Rochdale,2021-09-16,55.0,61.0,66.0,68.0,70.0,73.0,76.0,79.0,81.0,83.0,85.0,90.0,98.0,inferred
Rochdale,2021-09-17,49.0,55.0,59.0,61.0,63.0,65.0,68.0,70.0,73.0,74.2,76.0,81.0,90.0,inferred
Rochdale,2021-09-18,39.0,46.0,50.0,51.0,52.0,55.0,57.0,59.0,61.0,63.0,65.0,70.0,76.0,inferred
Rochdale,2021-09-19,42.0,48.0,52.0,54.0,55.0,57.0,60.0,63.0,66.0,67.0,69.0,73.0,82.0,inferred
Rochdale,2021-09-20,62.0,69.0,74.0,76.0,77.0,80.0,83.0,86.0,90.0,92.0,93.0,98.1,106.5,inferred
Rochdale,2021-09-21,58.0,66.0,70.0,71.0,73.0,76.0,79.0,82.0,85.0,87.0,89.0,94.0,102.0,inferred
Rochdale,2021-09-22,58.0,66.0,70.0,72.0,73.0,77.0,79.0,82.0,85.0,87.0,89.0,94.0,102.0,inferred
Rochdale,2021-09-23,56.0,63.0,67.0,69.0,70.0,73.0,76.0,79.0,82.0,84.0,86.0,91.0,98.0,inferred
Rochdale,2021-09-24,46.5,54.0,59.0,61.0,62.0,65.0,67.0,70.0,73.0,74.0,76.0,82.0,89.0,inferred
Rochdale,2021-09-25,40.0,44.0,48.0,50.0,51.0,54.0,56.0,58.0,61.0,63.0,64.2,69.0,77.0,inferred
Rochdale,2021-09-26,42.0,48.0,52.0,53.0,54.0,57.0,60.0,62.0,65.0,67.0,68.0,72.0,79.0,inferred
Rochdale,2021-09-27,61.0,68.0,74.0,75.0,77.0,80.0,83.0,87.0,90.0,92.0,94.0,99.0,109.0,inferred
Rochdale,2021-09-28,60.0,67.0,72.0,73.0,75.0,78.0,81.0,85.0,87.0,89.0,91.0,96.0,106.0,inferred
Rochdale,2021-09-29,64.0,70.0,76.0,78.0,79.0,82.0,84.0,88.0,91.0,93.0,95.0,100.0,110.0,inferred
Rochdale,2021-09-30,66.0,72.0,77.0,79.0,80.0,83.0,86.0,89.0,93.0,95.0,97.0,103.0,112.5,inferred
Rochdale,2021-10-01,60.0,66.0,71.0,73.0,75.0,78.0,80.0,83.0,86.0,88.0,90.0,96.0,105.0,inferred
Rochdale,2021-10-02,52.0,58.0,63.0,64.0,66.0,69.0,71.0,74.0,76.0,78.0,80.0,85.0,92.0,inferred
Rochdale,2021-10-03,59.0,66.0,70.0,72.0,73.0,77.0,79.0,82.0,85.0,87.0,89.0,94.0,102.0,inferred
Rochdale,2021-10-04,89.5,99.0,104.0,106.8,109.0,112.0,116.0,119.0,123.0,125.0,128.0,135.0,144.5,inferred
Rochdale,2021-10-05,90.0,97.0,103.0,105.0,107.0,111.0,115.0,119.0,123.0,125.0,128.0,135.0,144.0,inferred
Rochdale,2021-10-06,96.0,105.0,110.0,113.0,115.0,119.0,122.0,125.0,130.0,132.0,134.0,141.0,152.0,inferred
Rochdale,2021-10-07,100.0,108.0,114.0,116.0,118.0,122.0,125.0,128.0,132.0,134.0,136.0,142.0,154.0,inferred
Rochdale,2021-10-08,89.5,99.0,105.0,107.0,109.0,113.0,116.0,120.0,123.0,125.0,128.0,134.0,144.5,inferred
Rochdale,2021-10-09,79.0,87.0,92.0,94.0,96.0,99.0,103.0,106.0,110.0,112.0,114.0,120.0,129.0,inferred
Rochdale,2021-10-10,88.5,97.0,103.0,105.0,107.0,111.0,114.0,118.0,122.0,124.0,126.0,132.0,143.0,inferred
Rochdale,2021-10-11,135.0,145.0,152.0,155.0,157.0,162.0,166.0,171.0,175.0,178.0,180.0,189.1,202.0,inferred
Rochdale,2021-10-12,129.5,141.0,149.0,152.0,154.7,158.0,163.0,167.0,172.0,174.0,176.0,184.0,195.0,inferred
Rochdale,2021-10-13,132.0,144.0,151.0,154.0,157.0,161.0,165.0,169.0,174.0,177.0,179.0,188.0,199.0,inferred
Rochdale,2021-10-14,128.0,138.0,146.0,149.0,151.0,156.0,160.0,164.0,168.0,171.0,174.0,181.1,192.0,inferred
Rochdale,2021-10-15,111.5,121.0,129.0,131.0,134.0,139.0,143.0,147.0,152.0,155.0,157.0,165.0,176.0,inferred
Rochford,2021-07-03,9.0,13.0,16.0,17.0,18.0,20.0,22.0,25.0,27.0,29.0,30.0,35.0,44.0,inferred
Rochford,2021-07-04,12.0,16.0,19.0,20.0,22.0,24.0,26.0,29.0,32.0,33.0,35.0,40.0,48.0,inferred
Rochford,2021-07-05,20.5,27.0,31.0,32.0,34.0,37.0,39.0,42.0,46.0,47.2,49.0,55.0,64.0,inferred
Rochford,2021-07-06,22.0,28.0,32.0,34.0,36.0,39.0,41.5,44.0,48.0,50.0,52.0,59.0,68.0,inferred
Rochford,2021-07-07,26.0,32.0,37.0,39.0,41.0,43.0,46.0,49.0,53.0,55.0,58.0,63.0,75.0,inferred
Rochford,2021-07-08,29.0,36.0,40.0,42.0,44.0,47.0,50.0,53.0,57.0,59.0,60.0,67.0,77.0,inferred
Rochford,2021-07-09,30.0,36.0,40.0,42.0,44.0,47.0,50.0,54.0,57.0,59.0,62.0,68.0,80.0,inferred
Rochford,2021-07-10,27.0,33.0,38.0,39.0,41.0,44.0,47.0,50.0,53.0,55.0,58.0,64.0,73.0,inferred
Rochford,2021-07-11,32.0,39.0,44.0,46.0,48.0,51.0,54.0,58.0,61.0,63.0,66.0,72.0,83.0,inferred
Rochford,2021-07-12,53.0,61.0,68.0,70.0,72.0,76.0,80.0,84.0,89.0,92.0,95.0,103.0,117.0,inferred
Rochford,2021-07-13,53.0,62.0,68.0,71.0,73.0,77.0,81.0,84.0,88.0,91.0,94.0,102.0,115.0,inferred
Rochford,2021-07-14,52.0,61.0,68.0,71.0,73.0,77.0,81.0,85.0,90.0,93.0,96.0,104.0,117.5,inferred
Rochford,2021-07-15,48.0,57.0,63.0,65.0,67.0,71.0,75.0,79.0,83.0,86.0,88.0,94.0,107.0,inferred
Rochford,2021-07-16,42.0,50.0,55.8,58.0,60.0,63.0,67.0,71.0,75.0,77.0,80.0,86.0,96.5,inferred
Rochford,2021-07-17,32.0,40.0,45.0,47.0,48.0,52.0,55.0,58.0,62.0,64.0,67.0,73.0,84.0,inferred
Rochford,2021-07-18,33.0,39.0,44.0,46.0,48.0,52.0,55.0,59.0,62.0,64.0,67.0,73.0,82.5,inferred
Rochford,2021-07-19,44.5,53.0,59.8,62.0,64.0,68.0,72.0,75.0,79.0,82.0,84.0,91.0,104.0,inferred
Rochford,2021-07-20,37.0,47.0,53.0,55.0,57.0,60.0,64.0,67.0,71.0,74.0,76.0,82.0,94.0,inferred
Rochford,2021-07-21,35.0,41.0,47.0,49.0,50.0,54.0,58.0,61.0,65.0,67.0,69.0,77.0,89.0,inferred
Rochford,2021-07-22,29.0,35.0,40.0,42.0,43.0,47.0,50.0,53.0,57.0,59.0,61.0,67.0,75.5,inferred
Rochford,2021-07-23,22.0,29.0,32.0,34.0,36.0,39.0,41.0,44.0,48.0,49.0,51.0,56.0,66.0,inferred
Rochford,2021-07-24,14.0,19.0,23.0,24.0,26.0,29.0,31.0,34.0,36.0,38.0,39.0,44.0,52.0,inferred
Rochford,2021-07-25,14.0,18.0,21.0,22.0,24.0,26.0,28.0,30.0,33.0,34.0,36.0,41.0,50.0,inferred
Rochford,2021-07-26,18.0,23.0,26.0,28.0,29.0,32.0,34.5,37.0,40.0,42.0,43.0,48.0,57.0,inferred
Rochford,2021-07-27,14.0,19.0,23.0,24.0,25.0,28.0,30.0,32.0,35.0,37.0,38.0,43.0,50.5,inferred
Rochford,2021-07-28,13.0,18.0,22.0,23.0,25.0,27.0,29.0,31.0,34.0,35.0,37.0,42.0,49.0,inferred
Rochford,2021-07-29,11.0,17.0,20.0,21.0,22.0,25.0,27.0,29.0,32.0,34.0,36.0,40.0,49.0,inferred
Rochford,2021-07-30,10.0,14.0,17.0,18.0,19.0,21.0,23.5,26.0,28.0,29.0,31.0,35.0,44.0,inferred
Rochford,2021-07-31,7.0,10.0,13.0,14.0,15.0,17.0,19.0,20.0,23.0,24.0,25.2,29.0,36.0,inferred
Rochford,2021-08-01,7.0,10.0,13.0,14.0,15.0,16.0,18.0,20.0,23.0,24.0,25.0,29.0,37.0,inferred
Rochford,2021-08-02,10.0,14.0,17.0,19.0,20.0,22.0,24.0,26.0,29.0,31.0,32.0,37.0,46.0,inferred
Rochford,2021-08-03,9.0,13.0,16.0,18.0,19.0,21.0,23.0,25.0,27.0,28.0,30.0,34.0,41.0,inferred
Rochford,2021-08-04,9.0,13.0,16.0,18.0,19.0,21.0,23.0,25.0,27.0,28.0,30.0,34.0,40.5,inferred
Rochford,2021-08-05,9.0,13.0,15.0,16.0,17.0,19.0,21.0,24.0,26.0,27.0,28.2,33.1,42.0,inferred
Rochford,2021-08-06,8.0,11.0,14.0,15.0,16.0,18.0,19.0,21.4,24.0,25.0,27.0,31.0,38.0,inferred
Rochford,2021-08-07,6.0,9.0,11.0,12.0,13.0,15.0,17.0,19.0,21.0,22.0,23.0,27.0,33.0,inferred
Rochford,2021-08-08,7.0,10.0,12.0,13.0,14.0,16.0,18.0,20.0,22.0,23.0,25.0,29.0,36.0,inferred
Rochford,2021-08-09,10.5,15.0,18.0,19.0,20.0,22.0,24.0,26.0,29.0,31.0,32.0,37.0,44.0,inferred
Rochford,2021-08-10,10.5,14.0,17.0,18.0,19.0,21.0,23.0,26.0,28.0,30.0,31.2,36.0,43.0,inferred
Rochford,2021-08-11,10.0,14.0,17.0,19.0,20.0,22.0,24.0,26.0,29.0,30.0,32.0,37.0,44.0,inferred
Rochford,2021-08-12,9.5,14.0,17.0,18.0,19.0,22.0,24.0,26.0,28.0,29.0,31.0,35.0,43.0,inferred
Rochford,2021-08-13,8.5,12.0,15.0,17.0,18.0,20.0,22.0,24.0,26.0,28.0,29.0,34.0,41.0,inferred
Rochford,2021-08-14,7.0,10.0,12.0,13.0,14.0,16.0,18.0,20.0,22.0,23.0,25.0,29.0,36.0,inferred
Rochford,2021-08-15,8.0,11.0,13.0,14.0,15.0,17.0,19.0,21.0,23.0,25.0,26.0,30.0,37.0,inferred
Rochford,2021-08-16,12.0,16.0,19.0,21.0,22.0,24.0,26.0,29.0,31.0,32.0,34.0,39.0,47.0,inferred
Rochford,2021-08-17,11.0,15.0,18.0,19.0,20.0,22.0,24.0,27.0,29.0,31.0,32.0,38.0,45.5,inferred
Rochford,2021-08-18,12.0,15.0,18.0,19.0,20.0,23.0,25.0,27.0,30.0,31.2,33.0,38.0,47.0,inferred
Rochford,2021-08-19,11.0,15.0,17.0,18.0,20.0,22.0,24.0,26.0,29.0,30.0,32.0,37.0,44.5,inferred
Rochford,2021-08-20,9.0,13.0,16.0,17.0,18.0,20.0,22.0,24.0,27.0,28.0,29.0,34.0,40.0,inferred
Rochford,2021-08-21,8.0,11.0,13.0,14.0,15.0,16.0,18.0,20.0,22.0,24.0,25.0,30.0,37.0,inferred
Rochford,2021-08-22,7.0,11.0,13.0,14.8,16.0,17.0,19.0,21.0,24.0,25.0,26.0,31.0,38.0,inferred
Rochford,2021-08-23,11.0,16.0,19.0,20.0,22.0,24.0,26.0,28.0,31.0,32.0,34.0,38.0,46.5,inferred
Rochford,2021-08-24,11.0,15.0,18.0,19.0,20.0,23.0,25.0,27.0,30.0,31.0,33.0,38.0,46.0,inferred
Rochford,2021-08-25,12.0,16.0,20.0,21.0,23.0,25.0,27.0,29.0,32.0,33.0,35.0,40.0,47.0,inferred
Rochford,2021-08-26,12.0,16.0,19.0,20.0,21.0,24.0,26.0,28.0,31.0,32.0,34.0,39.0,45.5,inferred
Rochford,2021-08-27,10.5,15.0,18.0,19.0,21.0,23.0,25.0,27.0,30.0,31.0,33.0,38.0,46.0,inferred
Rochford,2021-08-28,9.0,13.0,16.0,17.0,18.0,20.0,22.0,24.0,26.0,28.0,29.0,34.0,41.0,inferred
Rochford,2021-08-29,10.0,14.0,17.0,19.0,20.0,22.0,24.0,26.0,29.0,30.0,31.0,36.0,43.0,inferred
Rochford,2021-08-30,16.0,21.0,25.0,26.0,28.0,30.0,32.0,35.0,38.0,40.0,41.0,46.0,56.0,inferred
Rochford,2021-08-31,15.0,20.0,24.0,26.0,27.0,29.0,32.0,35.0,38.0,39.0,41.0,46.0,54.0,inferred
Rochford,2021-09-01,16.5,22.0,25.0,27.0,28.0,31.0,33.0,36.0,39.0,40.0,42.0,47.0,56.0,inferred
Rochford,2021-09-02,16.0,21.0,25.0,26.0,28.0,30.0,33.0,35.0,38.0,40.0,41.0,46.0,56.5,inferred
Rochford,2021-09-03,15.0,20.0,23.0,25.0,26.0,29.0,31.0,34.0,37.0,38.0,40.0,45.0,53.0,inferred
Rochford,2021-09-04,12.0,16.0,19.0,21.0,22.0,24.0,27.0,29.0,31.0,33.0,35.0,39.0,47.0,inferred
Rochford,2021-09-05,13.0,17.0,21.0,22.0,23.0,26.0,28.0,31.0,34.0,35.0,37.0,43.0,52.0,inferred
Rochford,2021-09-06,20.0,26.0,30.0,32.0,34.0,36.0,39.0,42.0,45.0,47.0,49.0,54.0,63.0,inferred
Rochford,2021-09-07,19.0,25.0,28.0,29.8,31.0,34.0,36.0,39.0,42.0,44.0,46.0,51.1,60.5,inferred
Rochford,2021-09-08,18.5,24.0,27.0,29.0,31.0,33.0,36.0,39.0,42.0,44.0,46.0,51.0,60.0,inferred
Rochford,2021-09-09,18.0,22.0,25.0,27.0,28.0,31.0,33.0,36.0,39.0,41.0,42.0,48.0,56.0,inferred
Rochford,2021-09-10,14.0,18.0,22.0,23.0,24.0,27.0,29.0,31.0,34.0,36.0,37.0,42.0,50.0,inferred
Rochford,2021-09-11,10.0,14.0,17.0,18.0,19.0,22.0,24.0,26.0,29.0,30.0,32.0,36.0,44.0,inferred
Rochford,2021-09-12,10.0,14.0,17.0,18.0,19.0,22.0,24.0,26.0,28.0,30.0,32.0,36.0,43.5,inferred
Rochford,2021-09-13,15.0,20.0,23.0,24.0,26.0,28.0,31.0,33.0,36.0,38.0,40.0,45.0,53.0,inferred
Rochford,2021-09-14,13.0,18.0,22.0,23.0,24.0,27.0,29.0,32.0,34.0,36.0,37.0,42.0,51.0,inferred
Rochford,2021-09-15,14.0,19.0,23.0,24.0,25.0,28.0,31.0,33.0,35.0,37.0,39.0,43.0,52.0,inferred
Rochford,2021-09-16,14.0,19.0,22.0,24.0,25.0,27.0,29.0,32.0,35.0,36.0,38.0,43.0,51.0,inferred
Rochford,2021-09-17,13.0,17.0,20.0,21.0,23.0,25.0,27.0,29.0,32.0,33.0,35.0,40.0,49.0,inferred
Rochford,2021-09-18,10.0,14.0,17.0,18.0,19.0,22.0,24.0,26.0,28.0,30.0,31.0,36.0,43.5,inferred
Rochford,2021-09-19,11.0,15.0,18.0,20.0,21.0,23.0,25.0,27.0,30.0,32.0,33.0,38.0,47.0,inferred
Rochford,2021-09-20,18.0,23.0,26.0,28.0,29.0,32.0,34.0,37.0,40.0,42.0,44.0,49.0,58.5,inferred
Rochford,2021-09-21,17.0,22.0,26.0,27.0,29.0,31.0,33.0,36.0,39.0,41.0,43.0,48.0,56.0,inferred
Rochford,2021-09-22,18.0,23.0,26.0,27.0,29.0,32.0,34.0,37.0,40.0,42.0,45.0,51.0,59.0,inferred
Rochford,2021-09-23,17.0,22.0,26.0,28.0,29.0,32.0,35.0,37.0,40.0,42.0,43.0,48.0,56.0,inferred
Rochford,2021-09-24,15.5,21.0,24.0,26.0,27.0,30.0,32.0,35.0,38.0,39.0,41.0,46.0,55.0,inferred
Rochford,2021-09-25,13.0,17.0,20.0,22.0,23.0,25.0,27.0,30.0,32.0,34.0,35.0,40.0,48.0,inferred
Rochford,2021-09-26,14.0,18.0,22.0,23.0,25.0,27.0,29.0,31.0,35.0,36.0,38.0,44.0,53.0,inferred
Rochford,2021-09-27,22.0,27.0,31.0,33.0,34.0,38.0,40.0,44.0,47.0,49.0,51.0,55.1,66.0,inferred
Rochford,2021-09-28,21.0,26.0,30.0,32.0,33.0,36.0,38.0,41.0,44.0,46.0,48.0,54.0,64.0,inferred
Rochford,2021-09-29,20.5,27.0,31.0,33.0,35.0,37.0,39.0,42.0,45.0,47.0,50.0,55.0,65.0,inferred
Rochford,2021-09-30,21.0,27.0,31.0,33.0,34.0,37.0,39.0,42.0,45.0,46.0,48.2,54.0,65.0,inferred
Rochford,2021-10-01,19.0,23.0,27.0,29.0,30.0,33.0,36.0,39.0,42.0,43.0,45.0,50.0,58.0,inferred
Rochford,2021-10-02,15.0,19.9,23.0,25.0,26.0,29.0,31.0,34.0,37.0,38.0,40.0,45.0,54.0,inferred
Rochford,2021-10-03,17.0,22.0,25.0,27.0,28.0,31.0,33.0,36.0,39.0,41.0,43.0,48.0,56.0,inferred
Rochford,2021-10-04,26.0,32.0,37.0,39.0,40.0,44.0,47.0,50.0,53.0,55.0,57.0,64.0,74.0,inferred
Rochford,2021-10-05,26.0,32.0,37.0,39.0,40.0,43.0,46.0,49.0,52.0,54.0,57.0,62.0,72.0,inferred
Rochford,2021-10-06,27.0,34.0,39.0,41.0,42.0,46.0,49.0,52.0,55.3,58.0,61.0,66.0,77.0,inferred
Rochford,2021-10-07,29.0,36.0,41.0,42.8,44.0,47.0,50.0,54.0,57.0,59.0,61.0,67.0,77.0,inferred
Rochford,2021-10-08,27.0,34.0,38.0,40.0,42.0,45.0,48.0,51.0,55.0,57.0,59.0,66.0,79.0,inferred
Rochford,2021-10-09,24.0,30.0,35.0,36.0,38.0,41.0,43.0,46.0,49.0,51.0,53.0,60.0,69.5,inferred
Rochford,2021-10-10,26.0,33.0,38.0,40.0,41.0,45.0,47.0,51.0,54.0,56.0,58.0,64.0,72.0,inferred
Rochford,2021-10-11,42.0,50.0,55.0,58.0,60.0,64.0,68.0,71.0,76.0,78.0,81.0,87.0,100.0,inferred
Rochford,2021-10-12,44.0,52.0,58.0,60.0,61.0,65.0,68.0,72.0,76.0,79.0,81.0,88.0,98.5,inferred
Rochford,2021-10-13,46.0,55.0,61.0,63.0,65.0,69.0,73.0,76.4,81.0,84.0,87.0,95.0,107.5,inferred
Rochford,2021-10-14,45.0,55.0,61.0,63.0,65.0,69.0,73.0,77.0,82.0,85.0,87.0,95.0,109.0,inferred
Rochford,2021-10-15,43.0,51.0,58.0,60.0,62.0,66.0,69.0,74.0,79.0,81.0,84.0,93.0,104.5,inferred
Rossendale,2021-07-03,32.0,39.0,43.0,44.0,46.0,48.0,51.0,53.0,57.0,58.0,60.0,66.0,74.0,inferred
Rossendale,2021-07-04,36.0,42.0,47.0,49.0,50.0,53.0,56.0,58.0,61.0,63.0,65.0,70.0,78.0,inferred
Rossendale,2021-07-05,56.0,63.0,68.0,70.0,72.0,76.0,79.0,82.0,85.0,88.0,90.0,96.0,105.0,inferred
Rossendale,2021-07-06,51.0,60.0,65.0,67.0,69.0,72.0,76.0,79.0,82.0,84.0,86.0,92.0,101.0,inferred
Rossendale,2021-07-07,53.0,60.0,65.0,67.0,69.0,72.0,76.0,79.0,82.0,84.0,86.2,93.0,103.5,inferred
Rossendale,2021-07-08,50.0,58.0,63.0,64.0,66.0,69.0,72.0,75.0,79.0,80.0,83.0,89.0,100.0,inferred
Rossendale,2021-07-09,43.0,51.0,55.0,57.0,59.0,62.0,65.0,67.0,71.0,73.0,75.0,81.0,88.5,inferred
Rossendale,2021-07-10,35.0,42.0,46.0,48.0,49.0,51.0,54.0,57.0,60.0,61.0,63.0,68.0,78.0,inferred
Rossendale,2021-07-11,37.5,44.0,49.0,50.0,52.0,55.0,58.0,61.0,64.0,66.0,68.0,72.1,81.0,inferred
Rossendale,2021-07-12,57.0,65.0,71.0,72.0,74.0,78.0,81.0,84.0,88.0,90.0,92.0,99.0,110.0,inferred
Rossendale,2021-07-13,51.0,59.0,64.0,66.0,68.0,71.0,75.0,78.0,82.0,84.0,86.0,92.0,101.0,inferred
Rossendale,2021-07-14,50.0,58.0,63.0,65.0,66.0,70.0,73.0,76.0,80.0,82.0,84.0,90.0,101.0,inferred
Rossendale,2021-07-15,44.0,52.0,57.0,58.0,60.0,63.0,66.0,69.0,72.0,74.0,76.0,82.0,90.0,inferred
Rossendale,2021-07-16,36.0,42.0,46.0,48.0,49.0,52.0,55.0,58.0,61.0,63.0,65.0,70.0,80.0,inferred
Rossendale,2021-07-17,26.0,32.0,35.0,37.0,38.0,40.0,43.0,45.0,48.0,50.0,51.0,55.0,63.0,inferred
Rossendale,2021-07-18,25.0,31.0,35.0,37.0,38.0,40.0,42.0,45.0,47.0,49.0,51.0,55.0,62.0,inferred
Rossendale,2021-07-19,35.5,42.0,46.0,48.0,50.0,53.0,56.0,58.0,61.0,63.0,65.0,70.0,79.0,inferred
Rossendale,2021-07-20,30.0,35.0,40.0,41.0,43.0,45.0,48.0,50.0,53.0,55.0,57.0,62.0,69.0,inferred
Rossendale,2021-07-21,28.0,32.0,36.0,37.0,39.0,41.0,43.0,46.0,48.0,50.0,51.0,56.0,64.0,inferred
Rossendale,2021-07-22,22.0,27.0,31.0,32.0,33.0,36.0,38.0,40.0,43.0,45.0,46.0,50.0,57.0,inferred
Rossendale,2021-07-23,16.0,20.0,23.0,25.0,26.0,28.0,30.0,32.0,34.0,35.0,37.0,40.0,46.0,inferred
Rossendale,2021-07-24,11.0,14.0,17.0,18.0,19.0,21.0,22.0,24.0,26.0,27.0,28.0,31.0,39.0,inferred
Rossendale,2021-07-25,10.0,13.9,16.0,17.0,18.0,20.0,21.0,23.0,25.0,26.0,28.0,31.0,36.0,inferred
Rossendale,2021-07-26,14.0,18.0,21.0,22.0,23.0,25.0,27.0,29.0,31.0,33.0,34.0,37.0,43.0,inferred
Rossendale,2021-07-27,12.0,15.0,18.0,19.0,20.0,22.0,24.0,26.0,28.0,29.0,30.0,34.0,40.0,inferred
Rossendale,2021-07-28,11.5,15.0,18.0,19.0,20.0,22.0,24.0,25.0,27.0,29.0,30.0,34.0,40.0,inferred
Rossendale,2021-07-29,11.0,15.0,17.0,18.0,19.0,21.0,23.0,24.0,26.0,27.0,29.0,32.0,38.0,inferred
Rossendale,2021-07-30,9.0,12.0,15.0,16.0,17.0,19.0,20.0,22.0,23.0,24.0,26.0,29.0,35.0,inferred
Rossendale,2021-07-31,7.0,10.0,12.0,13.0,14.0,15.0,17.0,18.0,20.0,21.0,22.0,25.0,31.0,inferred
Rossendale,2021-08-01,8.0,11.0,13.0,14.0,15.0,16.0,18.0,19.0,21.0,22.0,24.0,27.0,31.0,inferred
Rossendale,2021-08-02,13.0,17.0,19.0,20.0,21.0,23.0,25.0,27.0,29.0,30.2,32.0,36.0,42.0,inferred
Rossendale,2021-08-03,12.0,16.0,19.0,20.0,21.0,23.0,24.0,26.0,28.0,29.0,30.0,34.0,39.5,inferred
Rossendale,2021-08-04,13.0,16.0,19.0,20.0,21.0,23.0,25.0,26.0,28.0,29.0,31.0,34.0,40.0,inferred
Rossendale,2021-08-05,12.0,16.0,19.0,20.0,21.0,23.0,24.0,26.0,28.0,30.0,31.0,35.0,40.5,inferred
Rossendale,2021-08-06,10.0,14.0,16.0,17.0,19.0,20.0,22.0,23.0,26.0,27.0,28.0,31.0,38.5,inferred
Rossendale,2021-08-07,8.0,11.0,14.0,15.0,15.0,17.0,19.0,20.0,22.0,23.0,24.0,28.0,32.0,inferred
Rossendale,2021-08-08,10.0,13.0,15.0,16.0,17.0,19.0,20.0,22.0,24.0,25.0,26.0,29.0,35.0,inferred
Rossendale,2021-08-09,16.0,20.0,22.0,23.0,24.0,26.0,28.0,30.0,32.0,33.0,35.0,39.0,45.0,inferred
Rossendale,2021-08-10,14.0,18.0,20.0,22.0,23.0,25.0,27.0,28.4,31.0,32.0,34.0,38.0,44.0,inferred
Rossendale,2021-08-11,14.0,17.0,20.0,21.0,22.0,24.0,26.0,28.0,30.3,32.0,33.0,36.0,42.0,inferred
Rossendale,2021-08-12,12.0,16.0,19.0,20.0,22.0,23.0,25.0,27.0,29.0,30.0,31.0,35.0,41.0,inferred
Rossendale,2021-08-13,10.5,14.0,17.0,18.0,19.0,20.0,22.0,24.0,26.0,27.0,28.0,31.1,37.0,inferred
Rossendale,2021-08-14,8.0,11.0,13.0,14.0,15.0,16.0,18.0,19.0,21.0,22.0,23.0,27.0,31.0,inferred
Rossendale,2021-08-15,8.0,12.0,14.0,15.0,15.0,17.0,19.0,20.0,22.0,23.0,24.0,28.0,33.0,inferred
Rossendale,2021-08-16,13.0,17.0,20.0,21.0,22.0,24.0,26.0,28.0,30.0,31.0,32.0,36.0,42.0,inferred
Rossendale,2021-08-17,12.0,15.0,18.0,19.0,20.0,22.0,24.0,26.0,28.0,29.0,30.0,34.0,40.0,inferred
Rossendale,2021-08-18,13.0,16.0,19.0,20.0,21.0,23.0,24.0,26.0,28.0,29.0,30.2,34.0,40.0,inferred
Rossendale,2021-08-19,11.0,15.0,18.0,19.0,20.0,22.0,24.0,26.0,27.0,29.0,30.0,33.0,39.0,inferred
Rossendale,2021-08-20,9.0,13.0,16.0,17.0,18.0,19.0,21.0,23.0,25.0,26.0,27.0,31.0,35.5,inferred
Rossendale,2021-08-21,8.0,11.0,13.0,14.0,14.0,16.0,18.0,19.0,21.0,21.0,23.0,26.0,30.5,inferred
Rossendale,2021-08-22,8.0,11.0,13.0,14.0,15.0,17.0,18.0,20.0,22.0,23.0,24.0,27.0,33.0,inferred
Rossendale,2021-08-23,12.5,17.0,20.0,21.0,22.0,25.0,26.0,28.0,30.0,31.0,33.0,37.0,44.0,inferred
Rossendale,2021-08-24,12.0,16.0,19.0,20.0,21.0,23.0,25.0,27.0,29.0,30.0,31.0,35.0,41.0,inferred
Rossendale,2021-08-25,12.0,16.0,19.0,21.0,22.0,24.0,25.0,27.0,29.0,30.0,32.0,35.0,41.0,inferred
Rossendale,2021-08-26,12.0,16.0,19.0,20.0,22.0,23.0,25.0,27.0,29.0,30.0,31.0,35.0,41.0,inferred
Rossendale,2021-08-27,11.5,15.0,18.0,19.0,19.0,21.0,23.0,24.0,26.0,27.0,28.0,32.0,37.0,inferred
Rossendale,2021-08-28,9.0,12.0,14.0,15.0,16.0,17.0,19.0,20.0,22.0,23.0,24.0,28.0,33.5,inferred
Rossendale,2021-08-29,9.0,13.0,15.0,16.0,17.0,19.0,21.0,22.0,24.0,25.0,26.0,30.0,35.0,inferred
Rossendale,2021-08-30,16.0,20.0,23.0,24.0,26.0,27.0,29.0,31.0,33.0,34.0,36.0,40.0,47.0,inferred
Rossendale,2021-08-31,15.0,19.0,22.0,23.0,25.0,27.0,28.0,30.0,33.0,34.0,36.0,40.0,45.0,inferred
Rossendale,2021-09-01,16.0,20.0,23.0,24.0,25.0,27.0,29.0,31.0,33.0,35.0,36.0,41.0,47.0,inferred
Rossendale,2021-09-02,16.0,19.9,23.0,24.0,25.0,27.0,28.0,31.0,33.0,34.0,36.0,39.0,45.0,inferred
Rossendale,2021-09-03,14.0,17.0,20.0,21.0,22.0,24.0,25.0,27.0,30.0,31.0,32.0,36.0,43.0,inferred
Rossendale,2021-09-04,10.0,14.0,16.0,17.8,18.0,20.0,22.0,24.0,25.0,26.0,28.0,31.0,37.0,inferred
Rossendale,2021-09-05,12.0,15.0,18.0,19.0,20.0,22.0,24.0,25.0,27.0,29.0,30.0,34.0,40.0,inferred
Rossendale,2021-09-06,20.0,24.0,27.0,29.0,30.0,32.0,34.0,36.0,38.0,40.0,41.0,46.0,52.0,inferred
Rossendale,2021-09-07,17.0,21.0,24.0,26.0,27.0,29.0,32.0,34.0,36.0,38.0,39.0,44.0,51.0,inferred
Rossendale,2021-09-08,18.0,22.0,25.0,27.0,28.0,30.0,32.0,34.0,37.0,38.0,40.0,44.0,52.0,inferred
Rossendale,2021-09-09,17.0,21.0,24.0,26.0,27.0,29.0,31.0,33.0,35.0,36.0,37.0,42.0,48.5,inferred
Rossendale,2021-09-10,14.0,18.0,20.8,22.0,23.0,25.0,27.0,28.4,30.0,32.0,33.0,37.0,42.0,inferred
Rossendale,2021-09-11,10.0,14.0,16.0,18.0,18.0,20.0,22.0,24.0,26.0,27.0,29.0,32.0,38.0,inferred
Rossendale,2021-09-12,12.0,15.0,18.0,19.0,20.0,21.0,23.0,25.0,27.0,28.0,29.0,33.0,40.0,inferred
Rossendale,2021-09-13,18.0,22.0,26.0,27.0,28.0,30.0,32.0,34.0,37.0,38.0,40.0,43.0,50.0,inferred
Rossendale,2021-09-14,16.0,20.0,24.0,25.0,26.0,28.0,30.0,32.0,34.0,36.0,37.0,42.0,48.0,inferred
Rossendale,2021-09-15,17.0,22.0,25.0,26.0,27.0,29.0,31.0,33.0,35.0,37.0,38.0,42.1,49.0,inferred
Rossendale,2021-09-16,17.0,21.0,24.0,25.0,26.0,28.0,30.0,32.0,34.0,35.0,37.0,41.0,47.0,inferred
Rossendale,2021-09-17,14.0,18.0,20.0,22.0,23.0,25.0,27.0,29.0,31.0,33.0,34.0,38.0,43.5,inferred
Rossendale,2021-09-18,11.0,15.0,17.0,18.0,19.0,21.0,23.0,25.0,27.0,28.0,29.0,33.0,40.0,inferred
Rossendale,2021-09-19,12.0,16.0,18.0,20.0,20.0,22.0,24.0,26.0,28.0,29.0,30.0,34.0,40.0,inferred
Rossendale,2021-09-20,19.0,24.0,27.0,28.0,29.0,31.0,33.5,36.0,38.0,40.0,42.0,46.0,53.0,inferred
Rossendale,2021-09-21,18.0,22.0,26.0,27.0,29.0,31.0,33.0,35.0,37.0,38.0,40.0,44.0,50.0,inferred
Rossendale,2021-09-22,18.0,23.0,26.0,27.0,28.0,30.0,33.0,35.0,37.0,38.0,40.0,44.0,51.0,inferred
Rossendale,2021-09-23,17.5,22.0,25.0,26.0,28.0,30.0,32.0,34.0,36.0,37.0,39.0,43.0,50.0,inferred
Rossendale,2021-09-24,15.0,19.0,22.0,23.0,24.0,26.0,28.0,30.0,32.0,33.0,34.2,39.0,46.0,inferred
Rossendale,2021-09-25,11.0,15.0,18.0,19.0,20.0,22.0,24.0,25.0,27.0,29.0,30.0,33.0,39.0,inferred
Rossendale,2021-09-26,13.0,17.0,20.0,21.0,22.0,24.0,25.5,27.0,29.0,30.0,31.0,36.0,42.0,inferred
Rossendale,2021-09-27,20.0,25.0,28.0,30.0,31.0,33.0,35.0,37.0,40.0,42.0,43.0,48.0,55.0,inferred
Rossendale,2021-09-28,19.5,24.0,27.0,28.0,30.0,32.0,35.0,37.0,39.0,41.0,43.0,47.0,54.0,inferred
Rossendale,2021-09-29,22.0,26.9,30.0,31.0,33.0,34.0,37.0,39.0,41.0,43.0,45.0,49.0,55.0,inferred
Rossendale,2021-09-30,22.0,27.0,30.0,32.0,33.0,35.0,38.0,40.0,42.0,43.0,45.0,50.0,56.0,inferred
Rossendale,2021-10-01,19.0,24.0,27.0,28.0,30.0,32.0,34.0,36.0,39.0,40.0,42.0,46.0,53.0,inferred
Rossendale,2021-10-02,16.0,20.0,23.0,24.0,26.0,27.0,29.0,31.0,33.0,35.0,36.0,41.0,46.0,inferred
Rossendale,2021-10-03,18.0,22.0,26.0,27.0,28.0,30.0,32.0,34.0,36.0,38.0,39.0,44.0,52.0,inferred
Rossendale,2021-10-04,28.0,35.0,39.0,40.0,42.0,44.0,47.0,49.0,52.0,54.0,55.2,60.1,69.0,inferred
Rossendale,2021-10-05,28.0,33.0,37.0,39.0,41.0,43.0,45.0,48.0,51.0,52.0,54.0,59.0,67.5,inferred
Rossendale,2021-10-06,28.0,34.9,38.0,40.0,41.0,44.0,46.0,49.0,52.0,53.0,55.0,61.0,69.0,inferred
Rossendale,2021-10-07,28.0,34.0,38.0,39.0,40.0,43.0,46.0,49.0,51.0,53.0,55.0,60.0,69.0,inferred
Rossendale,2021-10-08,25.0,30.0,34.0,35.0,36.0,39.0,41.0,44.0,46.0,47.0,49.0,53.0,60.0,inferred
Rossendale,2021-10-09,20.0,26.0,29.0,30.0,31.0,33.0,35.0,37.0,40.0,41.0,43.0,47.0,54.0,inferred
Rossendale,2021-10-10,22.0,27.0,31.0,32.0,33.0,36.0,38.0,41.0,43.0,44.2,46.2,50.0,58.0,inferred
Rossendale,2021-10-11,35.0,41.0,45.0,47.0,48.0,51.0,54.0,57.0,60.0,61.0,63.0,68.0,77.0,inferred
Rossendale,2021-10-12,32.0,39.0,43.0,45.0,46.0,49.0,52.0,55.0,58.0,60.0,61.0,67.0,74.0,inferred
Rossendale,2021-10-13,33.5,40.0,44.0,45.0,47.0,49.0,52.0,55.0,58.0,60.0,62.0,68.0,76.0,inferred
Rossendale,2021-10-14,32.0,38.0,43.0,44.0,45.0,48.0,51.0,54.0,57.0,59.0,61.0,67.0,76.5,inferred
Rossendale,2021-10-15,28.0,33.0,37.0,38.0,40.0,43.0,45.0,47.4,50.0,52.0,54.0,59.0,67.0,inferred
Rother,2021-07-03,6.0,10.0,12.0,13.0,14.0,16.0,17.0,19.0,21.0,23.0,24.0,27.1,34.5,inferred
Rother,2021-07-04,8.0,11.0,13.0,14.0,16.0,17.0,19.0,21.0,23.0,24.0,26.0,29.0,36.0,inferred
Rother,2021-07-05,12.0,17.0,20.0,21.0,23.0,25.0,27.0,29.0,31.0,33.0,34.0,39.0,46.0,inferred
Rother,2021-07-06,13.0,17.0,20.0,21.0,22.0,24.0,26.0,28.0,30.0,32.0,34.0,38.0,44.0,inferred
Rother,2021-07-07,15.0,19.0,22.0,23.0,24.0,26.0,28.0,30.0,33.0,34.0,36.0,40.1,47.0,inferred
Rother,2021-07-08,14.0,18.0,22.0,23.0,24.0,26.0,29.0,31.0,33.0,35.0,36.0,41.0,48.0,inferred
Rother,2021-07-09,14.0,18.0,22.0,23.0,24.0,26.0,29.0,31.0,34.0,35.0,37.0,42.0,50.0,inferred
Rother,2021-07-10,12.5,16.0,20.0,21.0,22.0,24.0,26.0,28.0,30.0,32.0,33.0,38.0,45.0,inferred
Rother,2021-07-11,13.0,18.0,21.0,23.0,24.0,26.0,28.0,31.0,33.0,35.0,37.0,42.0,49.5,inferred
Rother,2021-07-12,22.0,28.0,33.0,35.0,36.0,39.0,42.0,44.0,47.0,49.0,51.0,56.0,66.0,inferred
Rother,2021-07-13,23.0,29.0,33.0,35.0,36.0,39.0,41.0,44.0,48.0,49.0,51.0,56.0,66.0,inferred
Rother,2021-07-14,23.0,29.0,34.0,35.0,37.0,40.0,43.0,46.0,49.0,51.0,53.0,58.0,69.0,inferred
Rother,2021-07-15,22.0,27.0,32.0,33.0,35.0,38.0,41.0,43.0,46.0,48.0,50.0,55.0,65.0,inferred
Rother,2021-07-16,19.0,24.0,28.0,30.0,31.0,34.0,36.0,39.0,42.0,44.0,46.0,51.0,58.0,inferred
Rother,2021-07-17,15.0,21.0,24.0,25.0,27.0,29.0,31.0,33.0,36.0,37.0,39.0,43.0,52.0,inferred
Rother,2021-07-18,16.0,21.0,24.0,25.0,27.0,29.0,31.0,33.0,36.0,38.0,39.0,44.0,52.0,inferred
Rother,2021-07-19,23.0,28.0,33.0,34.0,36.0,39.0,41.0,44.0,47.0,49.0,50.0,56.0,64.0,inferred
Rother,2021-07-20,21.0,26.0,30.0,31.0,33.0,36.0,38.0,41.0,44.0,46.0,48.0,54.0,62.5,inferred
Rother,2021-07-21,19.0,25.0,28.0,30.0,31.0,34.0,36.0,39.0,42.0,43.0,46.0,51.0,60.0,inferred
Rother,2021-07-22,16.0,21.0,24.0,25.0,27.0,29.0,32.0,35.0,37.0,39.0,41.0,46.0,54.0,inferred
Rother,2021-07-23,13.0,18.0,20.0,21.0,23.0,25.0,27.0,30.0,32.0,34.0,35.0,40.0,48.0,inferred
Rother,2021-07-24,9.0,13.0,16.0,17.0,18.0,20.0,22.0,24.0,26.0,27.0,29.0,33.0,40.0,inferred
Rother,2021-07-25,9.0,12.0,15.0,16.0,17.0,19.0,21.0,23.0,25.0,26.0,28.0,32.0,39.0,inferred
Rother,2021-07-26,13.0,16.0,19.0,20.0,22.0,24.0,26.0,29.0,31.0,33.0,34.2,39.0,46.0,inferred
Rother,2021-07-27,11.0,15.0,18.0,19.0,21.0,23.0,25.0,26.0,29.0,30.0,32.0,36.0,43.0,inferred
Rother,2021-07-28,11.0,15.0,17.0,18.0,20.0,22.0,24.0,26.0,28.0,29.0,31.0,35.0,42.0,inferred
Rother,2021-07-29,9.0,13.0,16.0,17.0,18.0,20.0,22.0,24.0,26.0,27.0,29.0,33.0,40.0,inferred
Rother,2021-07-30,8.0,11.0,15.0,15.8,16.0,18.0,20.0,22.0,24.0,25.0,27.0,31.0,37.5,inferred
Rother,2021-07-31,6.0,9.0,11.0,12.0,13.0,15.0,17.0,18.0,20.0,22.0,23.0,27.0,33.0,inferred
Rother,2021-08-01,6.0,9.0,12.0,12.0,13.0,15.0,17.0,18.0,20.0,22.0,23.0,26.0,32.5,inferred
Rother,2021-08-02,9.0,14.0,16.8,17.0,19.0,21.0,22.0,24.0,26.0,28.0,29.0,33.0,40.0,inferred
Rother,2021-08-03,9.0,12.0,15.0,16.0,17.0,19.0,21.0,23.0,25.0,27.0,28.0,33.0,40.0,inferred
Rother,2021-08-04,10.0,13.0,16.0,17.0,18.0,20.0,22.0,24.0,26.0,27.2,29.0,33.0,41.0,inferred
Rother,2021-08-05,9.0,13.0,15.0,16.0,18.0,19.0,21.0,23.0,25.3,27.0,28.0,31.1,37.0,inferred
Rother,2021-08-06,8.0,12.0,14.0,16.0,17.0,18.0,21.0,23.0,24.3,26.0,27.0,31.0,38.0,inferred
Rother,2021-08-07,7.0,10.0,12.0,13.0,14.0,16.0,17.0,19.0,21.0,22.0,24.0,27.0,34.0,inferred
Rother,2021-08-08,8.0,10.0,13.0,14.0,15.0,17.0,19.0,21.0,23.0,24.0,25.0,29.0,35.5,inferred
Rother,2021-08-09,12.0,17.0,19.0,21.0,22.0,24.0,26.0,28.0,31.0,32.0,34.0,39.0,48.0,inferred
Rother,2021-08-10,13.0,17.0,20.0,21.0,22.0,25.0,27.0,29.0,31.0,33.0,34.0,39.0,47.5,inferred
Rother,2021-08-11,14.5,20.0,23.0,24.0,25.0,28.0,30.0,32.0,35.0,36.0,38.0,43.0,50.0,inferred
Rother,2021-08-12,16.0,20.0,23.0,25.0,26.0,28.0,30.0,33.0,35.0,37.0,39.0,44.0,52.5,inferred
Rother,2021-08-13,15.0,20.0,24.0,25.0,26.0,29.0,31.0,33.0,36.0,37.0,39.0,44.0,51.0,inferred
Rother,2021-08-14,15.0,19.0,22.0,23.0,24.0,26.0,29.0,31.0,34.0,35.0,36.0,41.0,48.0,inferred
Rother,2021-08-15,16.0,21.0,25.0,26.0,27.0,30.0,32.0,35.0,37.0,39.0,41.0,45.0,53.0,inferred
Rother,2021-08-16,26.0,32.0,37.0,39.0,40.0,43.0,46.0,49.0,52.0,54.0,56.0,62.0,71.0,inferred
Rother,2021-08-17,25.5,32.0,37.0,39.0,40.0,43.0,46.0,49.0,52.0,54.0,56.0,61.0,71.0,inferred
Rother,2021-08-18,28.0,33.0,37.0,39.0,40.0,43.0,46.0,49.0,52.0,54.0,56.0,62.0,70.5,inferred
Rother,2021-08-19,24.0,31.0,34.0,36.0,38.0,41.0,44.0,47.0,50.0,52.0,54.0,59.0,68.0,inferred
Rother,2021-08-20,22.0,28.0,31.0,33.0,34.0,37.0,40.0,43.0,46.0,48.0,50.0,54.1,63.0,inferred
Rother,2021-08-21,18.0,23.0,27.0,28.0,29.0,32.0,34.0,37.0,40.0,41.0,43.0,48.0,54.0,inferred
Rother,2021-08-22,19.0,23.0,27.0,28.0,30.0,32.0,35.0,37.0,40.0,42.0,43.0,49.0,57.0,inferred
Rother,2021-08-23,27.0,33.0,37.0,39.0,41.0,44.0,47.0,50.0,53.0,55.0,57.0,64.0,73.5,inferred
Rother,2021-08-24,25.0,31.0,35.0,37.0,39.0,42.0,45.0,47.0,51.0,52.0,54.0,60.0,70.0,inferred
Rother,2021-08-25,26.0,32.0,36.0,38.0,39.0,41.0,44.0,47.0,50.0,52.0,54.0,60.0,68.0,inferred
Rother,2021-08-26,24.0,30.0,34.0,35.0,37.0,39.0,42.0,45.0,47.0,49.0,51.0,56.0,66.0,inferred
Rother,2021-08-27,20.0,26.0,30.0,31.0,33.0,35.0,38.0,40.0,43.0,45.0,47.0,52.0,62.5,inferred
Rother,2021-08-28,16.0,21.0,24.0,25.0,27.0,29.0,32.0,34.0,37.0,38.0,40.0,44.0,53.0,inferred
Rother,2021-08-29,16.0,22.0,25.0,26.0,27.0,30.0,32.0,35.0,37.0,38.0,40.0,45.0,53.0,inferred
Rother,2021-08-30,23.0,29.0,33.0,35.0,37.0,39.0,42.0,44.0,48.0,50.0,51.0,58.0,67.0,inferred
Rother,2021-08-31,22.0,27.0,31.0,32.0,34.0,37.0,39.0,42.0,45.0,47.0,49.0,55.0,63.0,inferred
Rother,2021-09-01,20.0,27.0,30.0,32.0,34.0,36.0,39.0,42.0,44.0,46.0,48.0,53.0,62.0,inferred
Rother,2021-09-02,18.0,23.0,26.0,28.0,29.0,31.0,34.0,36.0,39.0,40.0,42.0,47.0,57.5,inferred
Rother,2021-09-03,15.0,20.0,23.0,24.0,25.0,28.0,30.0,32.0,35.0,36.0,38.0,42.0,49.0,inferred
Rother,2021-09-04,10.5,15.0,17.0,19.0,20.0,22.0,24.0,26.0,28.0,29.0,31.0,35.0,42.0,inferred
Rother,2021-09-05,10.0,14.0,17.0,18.0,19.0,21.0,23.0,25.0,28.0,29.0,30.0,34.0,41.0,inferred
Rother,2021-09-06,14.0,19.0,22.0,23.0,25.0,27.0,30.0,32.0,35.0,36.0,38.0,43.0,51.0,inferred
Rother,2021-09-07,13.0,16.9,20.0,21.0,22.0,24.0,27.0,29.0,31.0,33.0,34.0,38.0,45.5,inferred
Rother,2021-09-08,11.0,16.0,19.0,20.0,21.0,23.0,25.0,27.0,29.0,31.0,32.0,36.0,42.0,inferred
Rother,2021-09-09,9.0,13.0,16.0,17.0,18.0,20.0,22.0,24.4,27.0,28.0,30.0,34.0,41.0,inferred
Rother,2021-09-10,7.0,11.0,13.0,14.0,15.0,17.0,19.0,21.0,23.0,24.0,26.0,30.0,37.5,inferred
Rother,2021-09-11,5.0,8.0,10.0,11.0,12.0,14.0,15.0,17.0,19.0,20.0,22.0,25.0,32.0,inferred
Rother,2021-09-12,5.0,8.0,10.0,11.0,12.0,14.0,15.0,16.0,19.0,20.0,21.0,25.0,30.0,inferred
Rother,2021-09-13,8.0,11.0,13.0,15.0,16.0,17.6,19.0,21.0,24.0,25.0,26.0,30.0,37.0,inferred
Rother,2021-09-14,7.0,10.0,13.0,14.0,15.0,17.0,19.0,20.0,22.0,24.0,25.0,29.0,36.0,inferred
Rother,2021-09-15,8.0,11.0,14.0,15.0,16.0,18.0,19.0,21.0,23.0,24.0,26.0,30.0,37.5,inferred
Rother,2021-09-16,7.0,11.0,13.0,14.0,15.0,17.0,19.0,21.0,23.0,24.0,26.0,30.0,37.0,inferred
Rother,2021-09-17,7.0,10.0,13.0,14.0,15.0,16.0,18.0,20.0,22.0,23.0,24.0,28.0,36.5,inferred
Rother,2021-09-18,6.0,9.0,11.0,12.0,13.0,15.0,16.0,18.0,20.0,21.0,22.0,26.0,31.0,inferred
Rother,2021-09-19,6.0,9.0,12.0,13.0,13.0,15.0,17.0,19.0,21.0,22.0,23.0,27.0,33.0,inferred
Rother,2021-09-20,10.0,14.0,17.0,19.0,20.0,21.6,24.0,26.0,28.0,29.0,31.0,35.1,43.0,inferred
Rother,2021-09-21,11.0,15.0,17.0,18.0,19.0,22.0,24.0,26.0,28.0,29.0,30.0,35.0,43.0,inferred
Rother,2021-09-22,11.0,15.0,18.0,19.0,20.0,23.0,25.0,27.0,29.0,30.0,32.0,36.0,45.0,inferred
Rother,2021-09-23,11.0,14.0,18.0,19.0,20.0,22.0,24.0,26.0,28.0,30.0,31.0,35.0,43.0,inferred
Rother,2021-09-24,10.0,14.0,16.0,18.0,19.0,20.0,22.0,25.0,27.0,28.0,30.0,33.0,41.0,inferred
Rother,2021-09-25,8.0,12.0,14.0,15.0,16.0,17.0,19.0,21.0,23.0,24.0,26.0,29.1,37.0,inferred
Rother,2021-09-26,8.0,12.0,14.0,16.0,17.0,18.0,20.0,22.0,25.0,26.0,27.0,31.0,37.5,inferred
Rother,2021-09-27,13.0,18.0,21.0,22.0,24.0,26.0,28.0,30.0,32.0,34.0,35.0,40.0,49.0,inferred
Rother,2021-09-28,12.0,17.0,20.0,22.0,23.0,25.0,27.0,29.0,32.0,33.0,35.0,39.0,47.0,inferred
Rother,2021-09-29,13.0,17.0,21.0,22.0,23.0,25.0,27.0,29.0,32.0,33.0,35.0,39.0,47.0,inferred
Rother,2021-09-30,12.0,16.0,19.0,21.0,22.0,24.0,26.0,28.0,30.3,32.0,34.0,38.0,46.0,inferred
Rother,2021-10-01,10.0,14.0,17.0,18.0,20.0,22.0,24.0,26.0,28.0,30.0,31.0,36.0,44.0,inferred
Rother,2021-10-02,8.0,12.0,14.0,15.0,16.0,18.0,20.0,22.0,24.0,25.0,27.0,31.0,38.0,inferred
Rother,2021-10-03,9.0,12.0,15.0,16.0,17.0,19.0,21.0,23.0,25.0,27.0,28.0,32.0,40.0,inferred
Rother,2021-10-04,14.0,19.0,22.0,24.0,25.0,27.0,29.0,32.0,34.0,36.0,37.0,42.0,51.0,inferred
Rother,2021-10-05,14.5,19.0,22.0,24.0,25.0,27.0,29.0,31.0,34.0,35.0,37.0,42.0,50.5,inferred
Rother,2021-10-06,15.0,19.0,23.0,25.0,26.0,28.0,30.0,32.0,35.0,37.0,38.0,43.0,51.0,inferred
Rother,2021-10-07,15.0,20.0,23.0,24.0,25.0,28.0,30.0,32.0,34.0,36.0,38.0,43.0,52.0,inferred
Rother,2021-10-08,14.0,19.0,22.0,23.0,24.0,27.0,29.0,31.0,33.3,35.0,37.0,41.0,49.0,inferred
Rother,2021-10-09,11.0,16.0,19.0,20.0,21.0,23.0,25.0,28.0,30.0,32.0,33.0,38.0,45.0,inferred
Rother,2021-10-10,13.0,17.0,21.0,22.0,23.0,25.0,27.0,29.0,32.0,33.0,35.0,39.0,46.0,inferred
Rother,2021-10-11,21.0,26.0,30.0,32.0,33.0,35.0,38.0,41.0,44.0,46.0,48.0,54.0,62.0,inferred
Rother,2021-10-12,19.0,25.0,30.0,31.0,33.0,35.0,38.0,40.0,43.0,45.0,47.0,52.0,61.0,inferred
Rother,2021-10-13,21.0,27.0,31.0,32.0,34.0,36.0,39.0,42.0,45.0,46.0,48.0,54.0,64.0,inferred
Rother,2021-10-14,20.0,25.0,29.0,31.0,33.0,36.0,38.0,41.0,44.0,46.0,48.0,54.0,61.5,inferred
Rother,2021-10-15,18.0,24.0,28.0,29.0,31.0,33.0,36.0,39.0,42.0,44.0,45.0,51.0,61.0,inferred
Rotherham,2021-07-03,54.0,62.0,67.0,69.0,71.0,75.0,78.0,81.0,85.0,88.0,90.0,97.1,110.0,inferred
Rotherham,2021-07-04,65.0,73.0,78.0,80.0,83.0,86.0,90.0,94.0,98.0,100.0,102.0,110.0,122.0,inferred
Rotherham,2021-07-05,105.0,115.0,122.0,125.0,127.0,131.0,135.0,140.0,145.0,148.0,151.0,160.0,172.5,inferred
Rotherham,2021-07-06,108.0,118.0,125.0,127.0,130.0,134.0,138.0,143.0,146.0,149.0,152.0,159.1,174.0,inferred
Rotherham,2021-07-07,119.5,130.0,137.0,139.0,141.0,145.0,149.0,154.0,158.0,161.0,163.0,171.0,183.5,inferred
Rotherham,2021-07-08,125.0,135.0,142.0,145.0,148.0,152.0,156.0,160.4,165.0,167.0,170.0,178.0,191.0,inferred
Rotherham,2021-07-09,124.0,134.0,141.0,144.0,146.0,150.0,155.0,159.0,163.0,166.0,169.0,175.0,187.0,inferred
Rotherham,2021-07-10,112.0,122.0,129.0,131.0,133.0,137.0,141.0,145.0,149.0,151.0,154.0,162.0,174.0,inferred
Rotherham,2021-07-11,129.0,139.9,147.0,150.0,152.0,157.0,161.0,165.0,170.0,173.0,176.0,184.0,197.0,inferred
Rotherham,2021-07-12,199.5,213.0,223.0,227.0,230.0,236.0,242.0,247.0,253.0,256.0,261.0,270.1,285.5,inferred
Rotherham,2021-07-13,192.5,205.0,216.0,219.0,222.0,228.0,233.0,239.0,245.0,248.0,252.0,263.0,278.0,inferred
Rotherham,2021-07-14,194.0,207.0,216.0,220.0,223.0,228.0,234.5,239.0,245.0,248.0,252.0,262.0,277.5,inferred
Rotherham,2021-07-15,181.5,196.0,203.0,206.0,209.0,216.0,221.0,226.0,233.0,236.0,239.0,248.0,263.0,inferred
Rotherham,2021-07-16,164.5,176.0,183.0,187.0,190.0,194.0,200.0,204.0,210.0,213.0,216.0,225.0,237.0,inferred
Rotherham,2021-07-17,132.0,142.0,149.0,152.0,155.0,159.0,164.0,168.0,172.0,175.0,177.0,186.0,199.5,inferred
Rotherham,2021-07-18,137.5,149.0,156.0,159.0,162.0,166.6,171.0,176.0,181.0,184.0,187.0,194.0,206.0,inferred
Rotherham,2021-07-19,192.0,205.0,214.0,217.0,220.0,227.0,232.0,238.0,244.0,247.0,251.0,259.0,273.0,inferred
Rotherham,2021-07-20,172.0,184.0,192.0,195.0,198.0,203.0,208.0,214.0,220.0,223.0,227.0,238.0,252.0,inferred
Rotherham,2021-07-21,161.0,175.0,183.0,186.0,188.0,194.0,198.0,203.0,208.0,211.0,214.0,223.0,237.0,inferred
Rotherham,2021-07-22,145.0,156.0,164.0,167.0,169.0,175.0,179.0,183.0,189.0,191.0,194.0,202.0,216.0,inferred
Rotherham,2021-07-23,121.0,133.0,140.0,143.0,145.7,150.0,154.0,158.0,163.0,165.0,168.0,176.0,189.0,inferred
Rotherham,2021-07-24,95.0,103.0,109.0,111.0,113.0,117.0,121.0,125.0,129.0,131.0,134.0,141.0,152.0,inferred
Rotherham,2021-07-25,93.5,101.0,108.0,110.0,112.0,117.0,120.0,125.0,128.0,131.0,133.0,140.0,152.0,inferred
Rotherham,2021-07-26,124.5,135.0,143.0,145.0,147.0,153.0,157.0,161.0,166.0,169.0,172.0,181.0,195.0,inferred
Rotherham,2021-07-27,113.5,124.0,131.0,133.0,136.0,140.0,145.0,149.0,153.0,156.0,159.0,167.1,180.0,inferred
Rotherham,2021-07-28,115.0,127.0,133.0,136.0,138.0,142.0,146.0,150.0,155.0,158.0,161.0,168.0,178.0,inferred
Rotherham,2021-07-29,112.5,123.0,128.0,131.0,133.7,138.0,142.0,146.0,151.0,153.2,157.0,163.0,175.0,inferred
Rotherham,2021-07-30,103.0,113.0,119.0,122.0,124.0,128.0,131.0,136.0,140.0,142.0,145.0,153.0,163.0,inferred
Rotherham,2021-07-31,85.0,94.0,101.0,103.0,104.7,109.0,113.0,116.0,120.0,122.0,124.0,131.0,142.0,inferred
Rotherham,2021-08-01,92.0,101.0,107.0,109.0,112.0,116.0,119.0,123.0,127.0,130.0,132.0,140.0,150.0,inferred
Rotherham,2021-08-02,135.0,144.0,152.0,155.0,158.0,162.0,167.0,172.0,177.0,180.0,183.0,192.0,204.0,inferred
Rotherham,2021-08-03,126.0,136.0,143.0,146.0,149.0,154.0,158.0,163.0,168.0,171.0,174.0,183.0,197.0,inferred
Rotherham,2021-08-04,128.0,139.0,145.0,148.0,150.0,155.0,160.0,164.0,169.0,173.0,176.0,183.0,198.0,inferred
Rotherham,2021-08-05,123.0,134.0,140.0,143.0,145.0,150.0,155.0,159.0,163.0,166.0,169.0,177.0,190.0,inferred
Rotherham,2021-08-06,115.0,124.0,131.0,133.0,135.0,139.0,143.0,147.0,152.0,154.0,157.0,163.1,176.0,inferred
Rotherham,2021-08-07,94.0,104.0,109.0,111.0,113.0,117.0,121.0,125.0,129.0,132.0,134.0,141.0,152.0,inferred
Rotherham,2021-08-08,101.0,110.0,117.0,119.0,122.0,126.0,130.0,133.0,137.0,140.0,142.0,148.0,159.0,inferred
Rotherham,2021-08-09,143.0,154.0,163.0,166.0,169.0,174.0,179.0,184.0,189.0,192.0,195.0,204.0,219.0,inferred
Rotherham,2021-08-10,134.0,146.0,153.0,156.0,158.7,164.0,169.0,173.0,178.0,181.0,184.0,191.0,205.0,inferred
Rotherham,2021-08-11,135.5,147.0,155.0,157.0,160.0,164.0,169.0,173.0,177.0,180.0,183.2,192.0,206.0,inferred
Rotherham,2021-08-12,129.0,141.0,148.0,150.0,153.0,157.0,161.0,166.0,170.0,173.0,176.0,183.0,193.0,inferred
Rotherham,2021-08-13,117.0,128.0,135.0,138.0,140.0,143.0,148.0,152.0,157.0,159.0,162.0,170.0,180.5,inferred
Rotherham,2021-08-14,95.5,105.0,111.0,113.0,115.0,119.0,123.0,127.0,131.0,134.0,137.0,143.0,155.0,inferred
Rotherham,2021-08-15,103.0,112.0,118.0,121.0,123.0,127.0,131.0,134.4,139.0,141.0,144.0,150.0,163.0,inferred
Rotherham,2021-08-16,144.0,154.9,163.0,166.0,169.0,174.0,179.0,183.0,189.0,192.0,195.0,203.0,216.5,inferred
Rotherham,2021-08-17,132.5,145.0,152.0,156.0,158.0,163.0,168.0,173.0,177.3,180.0,183.0,190.0,205.0,inferred
Rotherham,2021-08-18,136.0,148.0,154.0,157.0,160.0,164.0,169.0,173.0,178.0,180.0,183.0,191.0,205.0,inferred
Rotherham,2021-08-19,129.0,140.0,148.0,150.0,153.0,158.0,162.0,166.0,172.0,174.0,177.0,184.0,196.5,inferred
Rotherham,2021-08-20,118.0,128.0,135.0,138.0,140.0,144.0,148.0,152.0,156.0,158.0,160.0,168.0,182.0,inferred
Rotherham,2021-08-21,96.0,105.0,112.0,115.0,117.0,121.0,125.0,129.0,133.0,135.0,137.0,143.0,154.0,inferred
Rotherham,2021-08-22,104.0,112.0,119.0,121.0,124.0,128.0,133.0,136.0,140.0,142.0,145.0,153.0,165.0,inferred
Rotherham,2021-08-23,148.0,158.9,167.0,170.0,173.0,178.0,183.0,188.0,193.0,195.0,198.0,206.0,219.0,inferred
Rotherham,2021-08-24,136.5,148.0,157.0,159.0,162.0,168.0,173.0,177.0,182.0,185.0,188.0,196.0,208.0,inferred
Rotherham,2021-08-25,140.5,152.9,160.0,163.0,165.0,170.0,174.0,178.0,184.0,186.0,189.0,198.0,211.0,inferred
Rotherham,2021-08-26,137.5,148.0,156.0,158.0,161.0,166.0,170.0,175.0,179.0,181.0,184.0,192.0,207.0,inferred
Rotherham,2021-08-27,128.0,139.0,145.0,148.0,150.0,155.0,159.0,163.0,167.0,169.0,172.0,179.0,191.5,inferred
Rotherham,2021-08-28,106.0,116.0,122.0,125.0,127.0,131.0,135.0,139.0,143.0,145.0,148.0,155.0,166.5,inferred
Rotherham,2021-08-29,115.0,125.0,132.0,135.0,137.0,141.0,145.0,149.0,153.0,156.0,158.0,167.0,178.0,inferred
Rotherham,2021-08-30,166.0,178.0,187.0,190.0,193.0,198.0,203.0,208.0,213.0,216.0,219.0,228.0,243.0,inferred
Rotherham,2021-08-31,153.5,168.0,176.0,179.0,181.0,187.0,191.0,196.0,202.0,205.0,208.0,218.0,233.0,inferred
Rotherham,2021-09-01,153.0,166.0,174.0,178.0,181.0,185.6,191.0,195.0,201.0,203.0,207.0,216.0,230.0,inferred
Rotherham,2021-09-02,147.0,159.0,167.0,169.0,172.0,176.0,180.0,185.0,191.0,193.0,196.0,204.0,218.0,inferred
Rotherham,2021-09-03,134.0,144.0,150.0,153.0,156.0,160.0,164.0,169.0,174.0,176.0,179.0,187.0,199.0,inferred
Rotherham,2021-09-04,106.5,117.0,123.0,125.0,128.0,132.0,136.0,140.0,144.0,147.0,149.0,157.0,168.0,inferred
Rotherham,2021-09-05,113.0,122.0,129.0,132.0,134.0,139.0,143.0,147.0,152.0,154.0,157.0,164.0,177.0,inferred
Rotherham,2021-09-06,158.0,171.0,179.0,182.0,184.0,190.0,195.0,200.0,205.0,208.0,211.0,222.1,235.5,inferred
Rotherham,2021-09-07,144.5,157.0,164.0,167.0,170.0,175.0,179.0,184.0,190.0,192.0,196.0,205.0,217.0,inferred
Rotherham,2021-09-08,143.0,153.0,161.0,163.0,166.0,170.0,174.0,179.0,184.0,187.0,190.0,197.0,210.0,inferred
Rotherham,2021-09-09,130.0,141.0,148.0,151.0,153.0,158.0,162.0,167.0,171.0,174.0,177.0,185.0,197.5,inferred
Rotherham,2021-09-10,114.0,124.0,130.0,133.0,135.0,139.0,143.0,147.0,151.0,154.0,156.0,163.0,178.0,inferred
Rotherham,2021-09-11,90.0,98.0,104.0,107.0,109.0,113.0,116.0,120.0,124.0,126.0,129.0,135.0,146.0,inferred
Rotherham,2021-09-12,91.0,100.0,107.0,109.0,111.0,115.0,119.0,122.0,126.0,129.0,131.2,139.0,151.0,inferred
Rotherham,2021-09-13,126.0,138.0,146.0,149.0,151.0,156.0,161.0,166.0,170.0,173.0,177.0,185.0,198.0,inferred
Rotherham,2021-09-14,120.0,130.0,138.0,141.0,144.0,149.0,153.0,158.0,162.0,165.0,167.0,175.0,189.0,inferred
Rotherham,2021-09-15,130.0,141.0,148.0,150.0,152.0,157.0,162.0,167.0,172.0,174.0,177.0,186.0,199.0,inferred
Rotherham,2021-09-16,131.0,143.0,150.0,153.0,155.0,159.0,164.0,169.0,174.0,176.0,179.0,187.0,204.0,inferred
Rotherham,2021-09-17,126.0,137.0,144.0,147.0,149.0,154.0,158.0,163.0,168.0,170.0,173.0,182.0,194.0,inferred
Rotherham,2021-09-18,111.0,120.0,127.0,130.0,132.0,136.0,140.0,144.0,149.0,152.0,155.0,161.0,173.5,inferred
Rotherham,2021-09-19,126.0,135.0,142.0,145.0,147.0,153.0,157.0,161.0,166.0,169.0,171.0,180.0,191.0,inferred
Rotherham,2021-09-20,187.0,201.0,210.0,214.0,217.0,222.0,227.0,232.0,238.0,241.0,245.0,256.1,272.0,inferred
Rotherham,2021-09-21,178.0,189.0,198.0,201.0,204.0,210.0,216.0,221.0,228.0,230.0,234.0,243.0,258.0,inferred
Rotherham,2021-09-22,174.5,186.0,195.0,198.0,201.0,206.0,212.0,218.0,223.0,225.0,229.0,238.0,255.0,inferred
Rotherham,2021-09-23,162.0,174.0,182.0,184.0,187.0,192.0,196.0,201.0,207.0,210.0,213.0,222.0,237.0,inferred
Rotherham,2021-09-24,143.0,154.0,161.0,163.0,166.0,170.6,175.0,179.0,185.0,187.0,190.0,198.0,210.0,inferred
Rotherham,2021-09-25,113.0,122.0,129.0,132.0,134.0,138.0,142.0,146.0,150.3,153.0,155.0,163.0,175.0,inferred
Rotherham,2021-09-26,114.5,127.0,134.0,136.0,139.0,143.0,147.0,151.0,156.0,158.0,161.0,168.0,179.0,inferred
Rotherham,2021-09-27,161.5,175.0,183.0,187.0,189.0,194.0,200.0,205.0,210.0,213.0,216.0,224.0,240.5,inferred
Rotherham,2021-09-28,150.5,162.0,170.0,172.8,175.0,180.0,185.0,189.0,195.0,197.2,200.0,208.0,221.5,inferred
Rotherham,2021-09-29,153.5,165.0,171.0,174.0,177.0,182.0,186.0,191.0,197.0,200.0,202.2,212.0,227.0,inferred
Rotherham,2021-09-30,146.0,159.0,166.0,169.0,171.0,176.0,181.0,186.0,191.0,193.0,197.0,205.0,218.0,inferred
Rotherham,2021-10-01,134.0,146.0,153.0,155.0,158.0,162.6,167.0,171.0,175.3,178.0,181.0,191.0,206.0,inferred
Rotherham,2021-10-02,112.0,122.0,128.8,131.0,133.0,138.0,142.0,146.0,150.0,152.0,155.0,163.0,174.0,inferred
Rotherham,2021-10-03,119.0,129.0,138.0,140.0,143.0,147.0,152.0,156.0,161.0,164.0,167.0,174.1,188.0,inferred
Rotherham,2021-10-04,174.0,187.0,196.0,198.0,201.0,206.0,211.0,217.0,223.0,226.0,230.0,241.0,256.0,inferred
Rotherham,2021-10-05,169.0,180.0,188.0,191.0,194.0,199.0,204.0,209.0,215.0,218.0,222.0,232.0,246.0,inferred
Rotherham,2021-10-06,177.0,189.0,197.0,201.0,205.0,209.0,214.0,219.0,224.0,227.0,230.0,238.0,256.0,inferred
Rotherham,2021-10-07,175.0,189.0,197.0,201.0,204.0,209.0,214.0,219.0,225.0,227.0,230.0,238.0,253.0,inferred
Rotherham,2021-10-08,169.0,181.0,190.0,193.0,195.0,200.0,205.0,210.0,215.0,218.0,221.0,230.0,243.0,inferred
Rotherham,2021-10-09,147.0,158.0,166.0,169.0,172.0,176.0,180.0,185.0,190.0,192.0,196.0,204.0,218.5,inferred
Rotherham,2021-10-10,164.0,175.0,184.0,188.0,190.0,196.0,201.0,206.0,211.0,214.0,216.0,224.1,240.0,inferred
Rotherham,2021-10-11,243.0,257.0,268.8,273.0,276.0,283.0,289.0,295.0,302.0,306.0,310.0,320.0,337.5,inferred
Rotherham,2021-10-12,228.0,242.0,252.0,256.0,260.0,266.0,272.0,278.0,284.0,288.0,292.0,304.0,320.0,inferred
Rotherham,2021-10-13,220.0,235.0,247.0,251.0,255.0,261.0,267.0,272.0,279.0,283.0,287.0,297.0,314.0,inferred
Rotherham,2021-10-14,201.0,216.0,226.0,229.0,232.0,239.0,245.0,251.0,257.0,260.0,264.0,275.0,291.5,inferred
Rotherham,2021-10-15,175.5,187.0,197.0,201.0,204.0,210.0,216.0,223.0,229.0,232.0,236.0,248.0,262.0,inferred
Rugby,2021-07-03,20.0,24.0,27.0,29.0,30.0,32.0,34.0,37.0,39.0,41.0,43.0,47.0,54.0,inferred
Rugby,2021-07-04,24.0,29.0,32.8,34.0,35.0,37.0,40.0,42.0,45.0,47.0,49.0,54.0,60.0,inferred
Rugby,2021-07-05,38.0,45.0,49.0,51.0,52.0,55.0,58.0,61.0,64.0,65.2,67.0,73.0,81.5,inferred
Rugby,2021-07-06,38.0,44.0,49.0,51.0,53.0,56.0,59.0,62.0,65.0,67.0,69.0,73.0,81.0,inferred
Rugby,2021-07-07,42.0,48.0,52.0,54.0,56.0,58.0,61.0,64.0,68.0,69.0,71.0,77.0,87.0,inferred
Rugby,2021-07-08,42.5,49.0,54.0,56.0,58.0,60.0,63.0,66.0,69.0,71.0,74.0,79.0,87.0,inferred
Rugby,2021-07-09,39.5,46.9,51.0,53.0,54.7,57.0,60.0,63.0,66.0,68.0,70.0,76.0,84.5,inferred
Rugby,2021-07-10,36.0,41.0,46.0,48.0,49.0,52.0,55.0,58.0,61.0,62.0,64.0,69.1,78.0,inferred
Rugby,2021-07-11,40.5,47.0,51.0,54.0,55.0,59.0,62.0,65.0,68.0,70.0,72.0,77.0,86.0,inferred
Rugby,2021-07-12,64.0,72.0,78.0,80.0,82.0,86.0,89.0,93.0,97.0,99.0,102.0,109.0,120.0,inferred
Rugby,2021-07-13,62.0,71.0,76.0,78.0,80.0,84.0,88.0,91.0,95.0,97.0,100.0,106.0,117.0,inferred
Rugby,2021-07-14,61.0,70.0,76.0,78.0,80.0,84.0,87.0,91.0,94.0,96.0,98.0,104.0,115.0,inferred
Rugby,2021-07-15,58.0,66.0,72.0,74.0,76.0,79.0,82.0,86.0,90.0,91.0,94.0,101.0,113.0,inferred
Rugby,2021-07-16,50.0,57.0,62.0,64.0,66.0,70.0,73.0,76.0,79.0,81.0,84.0,90.1,102.0,inferred
Rugby,2021-07-17,41.0,46.9,51.0,52.0,54.0,57.0,60.0,63.0,66.0,68.0,70.0,76.0,87.0,inferred
Rugby,2021-07-18,42.0,48.0,53.0,55.0,57.0,59.0,62.0,66.0,69.0,71.0,73.0,79.0,87.0,inferred
Rugby,2021-07-19,57.0,65.0,71.0,73.0,75.0,79.0,82.0,86.0,90.0,92.0,94.0,101.0,113.0,inferred
Rugby,2021-07-20,51.5,59.0,64.0,66.0,68.0,71.0,74.0,78.0,81.0,84.0,86.0,92.0,104.0,inferred
Rugby,2021-07-21,46.0,53.0,58.0,60.0,62.0,65.0,68.0,71.0,75.0,77.0,79.0,86.0,96.5,inferred
Rugby,2021-07-22,38.5,47.0,51.0,53.0,54.0,57.0,60.0,63.0,66.0,68.0,70.0,75.0,83.0,inferred
Rugby,2021-07-23,31.0,37.0,41.0,43.0,44.0,46.0,49.0,52.0,55.0,56.0,58.0,63.0,71.0,inferred
Rugby,2021-07-24,22.0,27.0,31.0,32.8,34.0,36.0,38.0,40.0,43.0,45.0,46.0,51.0,58.0,inferred
Rugby,2021-07-25,21.5,26.0,30.0,31.0,32.0,35.0,37.0,39.0,42.0,43.0,44.0,50.0,57.0,inferred
Rugby,2021-07-26,28.0,34.0,37.0,39.0,41.0,43.0,46.0,49.0,52.0,53.0,55.0,60.0,68.0,inferred
Rugby,2021-07-27,26.0,31.0,35.0,36.0,37.0,40.0,43.0,45.0,48.0,49.0,51.0,55.0,62.0,inferred
Rugby,2021-07-28,26.0,32.0,36.0,37.0,38.0,41.0,43.0,46.0,49.0,50.0,52.0,57.0,66.0,inferred
Rugby,2021-07-29,26.0,31.0,35.0,37.0,38.0,41.0,43.0,45.0,48.0,49.0,51.0,57.0,64.0,inferred
Rugby,2021-07-30,23.0,29.0,32.0,33.0,34.0,37.0,39.0,41.0,44.0,45.0,47.0,51.0,59.0,inferred
Rugby,2021-07-31,18.0,24.0,27.0,28.0,30.0,32.0,34.0,36.0,38.0,40.0,42.0,46.0,53.0,inferred
Rugby,2021-08-01,22.0,27.0,30.0,32.0,33.0,35.0,37.0,40.0,42.0,44.0,45.0,50.0,57.0,inferred
Rugby,2021-08-02,34.0,39.0,44.0,45.0,46.0,49.0,52.0,54.0,57.0,59.0,61.0,67.0,76.0,inferred
Rugby,2021-08-03,31.0,37.0,42.0,43.0,45.0,47.0,50.0,53.0,56.0,57.0,59.0,65.0,73.0,inferred
Rugby,2021-08-04,33.0,39.0,43.0,45.0,47.0,49.0,52.0,55.0,58.0,59.0,62.0,67.0,74.0,inferred
Rugby,2021-08-05,33.0,39.0,43.0,45.0,47.0,49.0,52.0,55.0,58.0,59.0,61.0,67.0,75.0,inferred
Rugby,2021-08-06,29.0,36.0,40.0,41.0,43.0,46.0,48.0,51.0,53.0,55.0,57.0,63.0,70.0,inferred
Rugby,2021-08-07,25.0,31.0,35.0,36.0,37.0,40.0,42.0,45.0,48.0,49.0,51.0,56.0,64.0,inferred
Rugby,2021-08-08,28.0,33.0,37.0,39.0,40.0,43.0,46.0,48.0,51.0,53.0,55.0,60.0,67.0,inferred
Rugby,2021-08-09,43.0,50.0,55.0,57.0,59.0,62.0,65.0,69.0,72.0,74.0,76.0,82.0,90.5,inferred
Rugby,2021-08-10,42.5,49.0,53.0,55.0,57.0,60.0,63.0,66.0,69.0,71.0,73.0,79.0,90.0,inferred
Rugby,2021-08-11,43.0,51.0,55.0,57.0,59.0,62.0,65.0,68.0,71.0,73.0,75.0,81.0,90.5,inferred
Rugby,2021-08-12,43.0,51.0,56.0,58.0,60.0,63.0,65.0,68.0,71.0,73.0,75.0,82.0,91.5,inferred
Rugby,2021-08-13,40.0,46.0,51.0,53.0,54.0,57.0,60.0,63.0,66.0,68.0,70.0,76.0,84.5,inferred
Rugby,2021-08-14,32.0,39.0,44.0,45.0,47.0,50.0,53.0,55.0,59.0,60.0,62.0,67.0,74.0,inferred
Rugby,2021-08-15,38.0,45.0,49.0,51.0,52.0,55.0,58.0,61.0,64.0,66.0,68.0,73.0,83.0,inferred
Rugby,2021-08-16,55.0,63.0,69.0,71.0,73.0,77.0,80.0,83.0,87.0,89.0,91.0,98.0,108.5,inferred
Rugby,2021-08-17,51.0,59.0,65.0,67.0,68.7,72.0,75.0,79.0,83.0,85.0,87.0,94.0,105.5,inferred
Rugby,2021-08-18,51.0,59.0,64.0,66.0,68.0,71.0,75.0,78.0,82.0,84.0,86.0,93.0,103.0,inferred
Rugby,2021-08-19,51.0,57.9,63.0,65.0,66.0,69.0,72.0,76.0,79.0,81.0,84.0,90.0,100.0,inferred
Rugby,2021-08-20,43.0,50.0,55.0,56.0,58.0,61.0,64.0,67.0,71.0,73.0,75.0,80.0,90.0,inferred
Rugby,2021-08-21,35.0,40.0,45.0,47.0,48.0,51.0,54.0,57.0,60.0,62.0,64.0,69.0,77.0,inferred
Rugby,2021-08-22,37.0,43.9,48.0,50.0,52.0,55.0,58.0,60.0,63.0,65.0,67.0,73.0,82.0,inferred
Rugby,2021-08-23,54.0,61.0,66.0,68.8,70.0,73.0,77.0,80.0,84.0,86.0,89.0,95.0,106.5,inferred
Rugby,2021-08-24,48.0,56.0,61.0,63.0,65.0,68.0,71.0,74.0,77.0,79.0,82.0,88.1,98.5,inferred
Rugby,2021-08-25,46.0,54.0,59.0,61.0,63.0,66.0,70.0,72.4,76.0,78.0,80.0,86.0,96.0,inferred
Rugby,2021-08-26,43.0,50.0,55.0,57.0,59.0,63.0,65.0,68.0,72.0,74.0,76.0,81.0,91.0,inferred
Rugby,2021-08-27,38.0,44.0,48.0,50.0,51.0,54.0,57.0,60.0,63.0,65.0,67.0,73.0,81.0,inferred
Rugby,2021-08-28,28.5,35.0,39.0,41.0,42.0,45.0,47.0,50.0,53.0,54.0,56.0,61.0,69.0,inferred
Rugby,2021-08-29,31.0,37.0,41.0,43.0,44.0,47.0,49.0,52.0,55.0,56.0,58.0,63.0,73.0,inferred
Rugby,2021-08-30,43.0,50.0,55.0,57.0,59.0,62.0,65.0,68.0,72.0,74.0,76.0,82.0,91.5,inferred
Rugby,2021-08-31,40.0,47.0,52.0,54.0,55.0,58.0,61.0,64.0,68.0,69.0,72.0,78.0,87.0,inferred
Rugby,2021-09-01,41.0,48.0,53.0,55.0,57.0,60.0,63.0,66.0,68.0,70.0,73.0,78.0,86.0,inferred
Rugby,2021-09-02,42.0,48.0,53.8,55.0,56.0,60.0,62.0,66.0,69.0,70.0,72.0,78.0,87.0,inferred
Rugby,2021-09-03,37.0,44.0,48.0,50.0,52.0,55.0,57.0,60.0,63.0,65.0,67.0,72.1,81.0,inferred
Rugby,2021-09-04,32.0,38.0,42.0,44.0,45.0,48.0,51.0,53.0,56.0,58.0,59.0,64.0,73.0,inferred
Rugby,2021-09-05,36.0,42.0,46.0,48.0,49.0,52.0,55.0,57.0,60.0,63.0,65.0,70.0,77.0,inferred
Rugby,2021-09-06,52.0,59.0,65.0,67.0,69.0,73.0,76.0,79.0,83.0,85.0,88.0,93.0,103.0,inferred
Rugby,2021-09-07,51.0,58.0,63.0,65.0,66.0,70.0,73.0,76.0,80.0,82.0,85.0,91.0,101.0,inferred
Rugby,2021-09-08,49.5,57.0,62.8,64.0,66.0,70.0,73.0,77.0,81.0,82.0,85.0,91.0,99.5,inferred
Rugby,2021-09-09,48.0,55.0,60.0,62.0,64.0,67.0,70.0,73.0,77.0,79.0,82.0,88.0,99.0,inferred
Rugby,2021-09-10,41.0,48.0,53.0,55.0,57.0,59.0,63.0,65.0,69.0,70.0,72.0,78.0,88.0,inferred
Rugby,2021-09-11,35.5,41.0,45.0,47.0,48.0,51.0,54.0,56.0,59.0,61.0,63.0,69.0,77.0,inferred
Rugby,2021-09-12,37.0,44.0,48.0,50.0,52.0,55.0,58.0,60.0,64.0,65.0,67.0,72.0,80.5,inferred
Rugby,2021-09-13,54.0,62.0,67.0,69.0,71.0,74.0,77.5,81.0,85.0,87.0,89.0,96.0,106.5,inferred
Rugby,2021-09-14,53.0,62.0,67.0,69.0,71.0,74.6,78.0,81.0,85.0,88.0,90.0,96.0,106.0,inferred
Rugby,2021-09-15,60.0,68.0,74.0,75.0,77.0,81.0,84.0,88.0,92.0,94.0,97.0,102.0,112.0,inferred
Rugby,2021-09-16,64.0,72.9,78.0,80.0,83.0,86.0,90.0,94.0,97.0,99.0,102.0,109.0,119.0,inferred
Rugby,2021-09-17,63.0,72.0,77.0,80.0,82.0,86.0,89.0,93.0,97.0,99.0,101.0,108.0,118.0,inferred
Rugby,2021-09-18,57.0,66.0,71.0,73.0,75.0,78.0,82.0,85.0,89.0,91.0,93.0,99.0,110.0,inferred
Rugby,2021-09-19,70.0,77.0,83.0,85.0,87.0,91.0,95.0,99.0,103.0,105.0,108.0,115.0,126.0,inferred
Rugby,2021-09-20,105.0,115.0,122.0,125.0,127.0,132.0,136.5,141.0,146.0,149.0,152.0,160.0,172.0,inferred
Rugby,2021-09-21,100.0,111.0,119.0,122.0,125.0,130.0,134.0,138.0,142.0,146.0,148.0,157.0,170.0,inferred
Rugby,2021-09-22,100.5,111.0,118.0,121.0,123.0,127.0,132.0,136.0,141.0,144.0,146.0,155.1,167.0,inferred
Rugby,2021-09-23,94.0,103.0,111.0,114.0,116.0,121.0,125.0,128.0,133.0,136.0,139.0,147.0,159.0,inferred
Rugby,2021-09-24,81.0,91.0,96.0,98.8,101.0,105.0,109.0,113.0,118.0,120.0,123.0,130.0,142.0,inferred
Rugby,2021-09-25,65.0,74.0,80.0,82.0,84.0,88.0,91.0,95.0,99.0,101.0,103.0,111.0,121.0,inferred
Rugby,2021-09-26,68.0,78.0,84.0,86.0,88.0,92.0,95.0,99.0,103.0,106.0,108.0,115.0,125.5,inferred
Rugby,2021-09-27,94.5,104.0,111.0,114.0,116.0,121.0,124.0,129.0,133.0,136.0,139.0,148.0,160.0,inferred
Rugby,2021-09-28,85.0,95.0,101.0,103.0,106.0,110.0,114.0,118.0,123.0,125.0,128.0,136.0,148.5,inferred
Rugby,2021-09-29,82.0,90.0,96.0,98.8,101.0,105.0,109.0,113.0,117.0,119.0,122.0,129.0,138.0,inferred
Rugby,2021-09-30,73.0,82.0,88.0,90.0,92.0,95.0,99.0,103.0,107.0,110.0,112.0,119.0,131.0,inferred
Rugby,2021-10-01,60.0,68.0,74.0,76.0,78.0,82.0,86.0,89.0,93.0,95.0,97.0,104.0,115.0,inferred
Rugby,2021-10-02,48.0,54.0,59.0,61.0,63.0,66.0,69.0,72.0,76.0,77.0,80.0,86.0,96.0,inferred
Rugby,2021-10-03,48.0,56.0,61.0,63.0,64.0,67.0,71.0,74.0,77.0,79.2,81.0,87.0,99.0,inferred
Rugby,2021-10-04,65.5,74.9,81.0,83.0,84.0,88.0,92.0,95.0,100.0,103.0,105.0,112.0,124.0,inferred
Rugby,2021-10-05,61.5,70.0,75.0,78.0,79.0,82.0,86.0,89.0,93.0,95.0,97.0,103.0,113.0,inferred
Rugby,2021-10-06,60.0,68.0,74.0,76.0,78.0,81.0,85.0,88.0,92.0,94.0,97.0,104.0,114.0,inferred
Rugby,2021-10-07,57.5,65.0,71.0,73.0,75.0,79.0,82.0,85.0,89.0,91.0,93.0,100.0,109.0,inferred
Rugby,2021-10-08,51.5,59.0,64.0,65.0,67.0,70.0,73.0,77.0,80.0,82.0,85.0,91.0,100.0,inferred
Rugby,2021-10-09,43.5,50.0,54.0,56.0,57.0,60.0,63.0,66.0,69.0,71.0,73.0,79.0,89.5,inferred
Rugby,2021-10-10,46.0,51.0,57.0,59.0,61.0,64.0,67.0,70.0,73.3,76.0,78.0,84.0,92.0,inferred
Rugby,2021-10-11,65.0,73.0,79.0,82.0,83.0,87.0,91.0,94.0,98.0,101.0,103.0,109.0,121.0,inferred
Rugby,2021-10-12,60.0,68.0,74.0,76.0,78.0,82.0,86.0,89.0,93.0,96.0,98.0,105.0,116.0,inferred
Rugby,2021-10-13,59.5,68.0,74.0,76.0,78.0,82.0,85.0,89.0,93.0,95.2,98.0,104.1,116.0,inferred
Rugby,2021-10-14,57.0,66.0,72.0,74.0,75.0,79.0,83.0,86.0,91.0,93.0,96.0,103.0,114.0,inferred
Rugby,2021-10-15,49.0,58.0,63.0,66.0,67.0,70.0,74.0,78.0,82.0,85.0,87.0,94.0,105.0,inferred
Runnymede,2021-07-03,11.0,14.0,16.0,17.0,17.0,19.0,21.0,22.4,24.0,26.0,27.0,30.0,35.5,inferred
Runnymede,2021-07-04,12.0,16.0,19.0,20.0,20.7,22.0,24.0,26.0,28.0,29.0,30.0,33.0,38.0,inferred
Runnymede,2021-07-05,21.0,25.0,29.0,30.0,31.0,33.0,35.0,37.0,40.0,41.0,42.0,46.1,52.0,inferred
Runnymede,2021-07-06,21.0,26.0,29.0,31.0,32.0,34.0,37.0,39.0,41.0,42.0,43.0,47.0,54.0,inferred
Runnymede,2021-07-07,24.5,30.0,33.0,34.0,35.0,37.0,39.0,41.0,44.0,45.0,46.0,50.1,58.0,inferred
Runnymede,2021-07-08,24.0,29.0,33.0,34.0,35.0,37.0,40.0,42.0,44.0,45.0,47.0,51.0,57.0,inferred
Runnymede,2021-07-09,23.0,29.0,32.0,34.0,35.0,37.0,39.0,41.0,43.0,44.0,46.0,50.0,55.0,inferred
Runnymede,2021-07-10,21.0,26.0,29.0,30.0,31.0,33.0,35.0,37.0,40.0,41.0,42.0,46.0,52.5,inferred
Runnymede,2021-07-11,24.0,29.0,33.0,34.0,35.0,37.0,39.0,41.0,43.0,45.0,46.2,50.0,56.0,inferred
Runnymede,2021-07-12,37.0,43.0,48.0,49.0,51.0,53.0,56.0,59.0,62.0,63.0,65.0,70.0,79.0,inferred
Runnymede,2021-07-13,37.0,43.9,47.0,48.0,50.0,53.0,56.0,58.0,61.0,62.0,64.0,70.0,77.0,inferred
Runnymede,2021-07-14,36.0,42.9,47.0,49.0,50.0,53.0,55.0,58.0,61.0,62.0,64.0,69.0,78.0,inferred
Runnymede,2021-07-15,34.0,39.0,44.0,45.0,47.0,49.0,52.0,55.0,57.0,59.0,60.0,65.0,73.0,inferred
Runnymede,2021-07-16,29.0,34.0,38.0,40.0,41.0,44.0,46.0,49.0,51.0,52.0,54.0,58.0,64.5,inferred
Runnymede,2021-07-17,24.0,28.0,32.0,33.0,34.0,36.0,38.0,40.0,43.0,44.0,46.0,50.0,57.0,inferred
Runnymede,2021-07-18,24.0,29.0,32.0,33.0,34.0,36.0,39.0,41.0,43.0,44.0,45.0,49.0,56.0,inferred
Runnymede,2021-07-19,32.0,38.0,42.0,43.0,45.0,47.0,50.0,52.0,55.0,56.0,57.2,62.0,71.0,inferred
Runnymede,2021-07-20,29.0,34.0,37.0,39.0,40.0,43.0,45.0,48.0,50.0,52.0,53.0,58.0,64.0,inferred
Runnymede,2021-07-21,25.0,31.0,35.0,36.0,37.0,40.0,42.0,44.0,47.0,48.0,50.0,54.0,61.5,inferred
Runnymede,2021-07-22,22.0,26.0,29.0,31.0,32.0,34.0,36.0,38.0,40.0,41.0,43.0,47.0,53.0,inferred
Runnymede,2021-07-23,17.0,22.0,24.0,26.0,27.0,29.0,30.0,32.0,34.0,35.0,36.0,40.0,45.5,inferred
Runnymede,2021-07-24,12.0,16.0,18.0,20.0,21.0,22.0,24.0,25.0,27.0,28.0,29.0,32.0,37.0,inferred
Runnymede,2021-07-25,11.0,15.0,17.0,18.0,19.0,20.0,22.0,24.0,26.0,27.0,28.0,31.0,36.0,inferred
Runnymede,2021-07-26,15.0,19.0,22.0,23.0,24.0,26.0,27.0,29.0,31.0,32.0,33.0,37.0,44.0,inferred
Runnymede,2021-07-27,14.0,18.0,20.0,22.0,23.0,24.0,26.0,28.0,30.0,31.0,32.0,36.0,41.0,inferred
Runnymede,2021-07-28,15.0,19.0,21.0,22.0,23.0,25.0,27.0,28.0,31.0,32.0,33.0,36.0,42.0,inferred
Runnymede,2021-07-29,13.0,18.0,21.0,22.0,23.0,24.0,26.0,28.0,30.0,31.0,32.0,35.0,41.5,inferred
Runnymede,2021-07-30,13.0,16.0,19.0,20.0,21.0,23.0,24.0,27.0,28.0,29.0,31.0,34.0,40.0,inferred
Runnymede,2021-07-31,11.0,14.0,17.0,18.0,19.0,20.0,22.0,23.0,25.0,26.0,27.0,29.1,35.0,inferred
Runnymede,2021-08-01,12.0,15.0,17.0,18.0,19.0,21.0,22.0,24.0,26.0,27.0,28.0,32.0,37.0,inferred
Runnymede,2021-08-02,17.0,21.0,24.0,26.0,27.0,29.0,31.0,33.0,35.0,36.0,38.0,41.0,48.0,inferred
Runnymede,2021-08-03,18.0,21.0,24.0,25.0,27.0,28.0,30.0,32.0,34.0,35.0,36.0,40.0,46.5,inferred
Runnymede,2021-08-04,18.0,22.0,25.0,26.0,27.0,30.0,31.0,34.0,36.0,37.0,38.0,42.0,48.0,inferred
Runnymede,2021-08-05,18.0,22.0,25.0,26.0,27.0,29.0,31.0,33.0,35.0,37.0,38.0,41.0,47.0,inferred
Runnymede,2021-08-06,17.0,21.0,24.0,25.0,26.0,28.0,30.0,31.0,33.0,34.0,36.0,39.0,45.0,inferred
Runnymede,2021-08-07,14.0,17.0,20.0,21.0,22.0,24.0,25.0,27.0,29.0,30.0,31.0,35.0,40.0,inferred
Runnymede,2021-08-08,15.0,19.0,22.0,23.0,24.0,25.0,27.0,29.0,31.0,32.0,34.0,37.1,43.0,inferred
Runnymede,2021-08-09,23.5,29.0,32.0,33.0,34.0,36.0,38.0,40.0,42.0,44.0,45.0,50.0,56.0,inferred
Runnymede,2021-08-10,23.0,28.0,31.0,32.0,33.0,35.0,37.0,40.0,42.0,43.0,45.0,49.0,55.0,inferred
Runnymede,2021-08-11,25.0,30.0,33.0,34.0,35.0,38.0,40.0,42.0,44.0,45.0,47.0,51.0,59.0,inferred
Runnymede,2021-08-12,24.0,28.0,32.0,33.0,34.0,37.0,39.0,41.0,43.0,45.0,46.0,50.0,57.0,inferred
Runnymede,2021-08-13,22.0,27.0,30.0,31.0,32.0,34.6,36.0,39.0,41.0,43.0,44.0,48.0,54.0,inferred
Runnymede,2021-08-14,19.0,23.0,26.0,27.0,28.0,30.0,32.0,34.0,36.0,37.0,39.0,42.0,49.0,inferred
Runnymede,2021-08-15,20.0,25.0,28.0,29.0,30.0,32.0,34.0,36.0,38.0,40.0,42.0,45.0,51.0,inferred
Runnymede,2021-08-16,30.0,35.0,39.0,41.0,42.0,44.0,47.0,49.0,52.0,53.0,55.0,59.0,67.0,inferred
Runnymede,2021-08-17,28.0,33.0,37.0,39.0,40.0,42.0,45.0,47.0,49.0,50.0,52.0,56.0,63.0,inferred
Runnymede,2021-08-18,28.0,33.0,36.0,37.0,39.0,41.0,44.0,46.0,48.0,50.0,52.0,55.0,63.0,inferred
Runnymede,2021-08-19,25.5,30.0,33.0,35.0,36.0,38.0,40.0,42.0,45.0,46.0,47.0,52.0,59.0,inferred
Runnymede,2021-08-20,22.0,26.0,29.0,30.0,32.0,34.0,35.0,37.0,40.0,41.0,43.0,47.0,53.0,inferred
Runnymede,2021-08-21,17.0,20.0,23.0,24.0,25.0,27.0,29.0,31.0,32.0,34.0,35.0,38.0,44.5,inferred
Runnymede,2021-08-22,16.0,20.0,23.0,24.0,25.0,27.0,29.0,30.0,32.0,34.0,35.0,38.0,44.0,inferred
Runnymede,2021-08-23,23.0,27.0,31.0,32.0,33.0,35.0,37.0,39.0,42.0,43.0,45.0,49.0,54.0,inferred
Runnymede,2021-08-24,21.0,25.9,29.0,30.0,31.0,33.0,35.0,37.0,39.0,41.0,42.2,46.0,53.0,inferred
Runnymede,2021-08-25,23.0,27.0,30.0,31.0,32.0,34.0,36.0,38.0,40.0,42.0,43.0,47.0,53.5,inferred
Runnymede,2021-08-26,21.0,25.0,28.0,29.0,31.0,33.0,35.0,37.0,39.0,40.0,41.0,46.0,52.0,inferred
Runnymede,2021-08-27,19.5,23.0,26.0,28.0,29.0,31.0,33.0,35.0,37.0,38.0,40.0,43.0,49.0,inferred
Runnymede,2021-08-28,16.0,19.0,22.0,23.0,24.0,26.0,28.0,30.0,32.0,33.0,35.0,38.0,45.0,inferred
Runnymede,2021-08-29,17.0,21.0,24.0,25.0,26.0,27.0,29.0,31.0,33.0,34.0,36.0,39.0,46.0,inferred
Runnymede,2021-08-30,25.0,30.0,33.0,34.0,36.0,38.0,40.0,42.0,44.0,46.0,47.0,51.0,59.0,inferred
Runnymede,2021-08-31,23.5,28.0,31.0,33.0,34.0,36.0,38.0,40.0,43.0,44.0,46.0,50.0,56.0,inferred
Runnymede,2021-09-01,24.0,28.0,31.0,33.0,34.0,36.0,38.0,40.0,42.0,44.0,45.0,49.0,56.0,inferred
Runnymede,2021-09-02,21.0,26.0,29.0,30.0,31.0,33.0,35.0,37.0,40.0,41.0,43.0,46.1,52.0,inferred
Runnymede,2021-09-03,18.5,22.0,26.0,27.0,28.0,30.0,32.0,34.0,36.0,37.0,38.0,43.0,49.0,inferred
Runnymede,2021-09-04,15.0,18.0,21.0,22.0,23.0,25.0,26.0,28.0,30.0,31.0,32.0,36.0,42.0,inferred
Runnymede,2021-09-05,14.0,18.0,21.0,22.0,23.0,24.0,26.0,28.0,31.0,32.0,33.0,36.0,41.0,inferred
Runnymede,2021-09-06,21.0,25.0,28.0,30.0,31.0,33.0,35.0,37.0,39.0,40.0,42.0,46.0,52.0,inferred
Runnymede,2021-09-07,19.0,24.0,27.0,28.0,29.0,31.0,33.0,35.0,37.0,38.0,40.0,43.0,50.0,inferred
Runnymede,2021-09-08,19.0,23.0,26.0,27.0,28.0,30.0,31.0,33.0,35.0,37.0,38.0,42.0,48.0,inferred
Runnymede,2021-09-09,15.5,20.0,23.0,24.0,25.0,27.0,29.0,31.0,33.0,34.0,35.0,39.0,46.0,inferred
Runnymede,2021-09-10,14.0,18.0,21.0,21.0,22.0,24.0,26.0,28.0,30.0,31.0,32.0,35.0,41.0,inferred
Runnymede,2021-09-11,11.0,14.0,17.0,18.0,19.0,20.0,22.0,23.0,25.0,26.0,27.0,30.0,35.0,inferred
Runnymede,2021-09-12,11.0,14.0,16.0,17.0,18.0,20.0,21.0,23.0,25.0,26.0,27.0,31.0,35.0,inferred
Runnymede,2021-09-13,15.0,19.0,22.0,23.0,24.0,26.0,28.0,29.0,31.0,33.0,34.0,38.0,44.0,inferred
Runnymede,2021-09-14,14.0,18.0,21.0,22.0,23.0,25.0,26.0,28.0,30.0,31.0,33.0,37.0,43.0,inferred
Runnymede,2021-09-15,15.0,19.0,22.0,23.0,24.0,26.0,28.0,30.0,32.0,33.0,34.0,38.0,44.0,inferred
Runnymede,2021-09-16,15.0,19.0,21.0,22.0,24.0,26.0,27.0,29.0,31.0,32.0,34.0,38.0,43.5,inferred
Runnymede,2021-09-17,14.0,18.0,21.0,22.0,23.0,25.0,26.0,28.0,30.0,31.0,33.0,36.0,42.0,inferred
Runnymede,2021-09-18,12.0,16.0,18.0,19.0,20.0,22.0,23.5,25.0,27.0,28.0,29.0,33.0,39.0,inferred
Runnymede,2021-09-19,13.0,17.0,19.0,20.0,21.0,23.0,24.0,26.0,28.0,29.0,30.0,34.0,40.0,inferred
Runnymede,2021-09-20,20.0,25.0,27.0,29.0,30.0,32.0,34.0,36.0,38.0,40.0,41.0,45.0,51.5,inferred
Runnymede,2021-09-21,20.0,24.0,27.0,28.0,29.0,31.0,33.0,35.0,37.0,38.0,39.0,43.0,51.0,inferred
Runnymede,2021-09-22,19.0,23.0,27.0,28.0,29.0,31.0,33.0,35.0,37.0,38.0,40.0,44.0,49.5,inferred
Runnymede,2021-09-23,17.0,21.0,24.0,25.0,27.0,29.0,31.0,32.0,34.0,36.0,37.0,40.0,45.0,inferred
Runnymede,2021-09-24,16.0,20.0,22.0,23.0,25.0,26.0,28.0,30.0,32.0,33.0,34.0,38.0,44.0,inferred
Runnymede,2021-09-25,13.0,16.0,19.0,20.0,21.0,22.0,24.0,25.0,27.0,28.0,30.0,33.0,39.0,inferred
Runnymede,2021-09-26,13.0,17.0,19.0,20.0,21.0,23.0,24.0,26.0,28.0,29.0,30.0,34.0,39.0,inferred
Runnymede,2021-09-27,19.0,24.0,27.0,28.0,29.0,31.0,32.0,35.0,37.0,38.0,40.0,44.0,51.0,inferred
Runnymede,2021-09-28,19.0,23.0,26.0,27.0,29.0,31.0,32.0,34.0,37.0,38.0,39.0,43.0,49.0,inferred
Runnymede,2021-09-29,19.0,24.0,27.0,28.0,29.0,31.0,33.0,35.0,38.0,39.0,40.0,44.0,51.0,inferred
Runnymede,2021-09-30,19.0,23.0,26.0,27.0,28.0,30.0,33.0,35.0,37.0,38.0,40.0,44.0,50.0,inferred
Runnymede,2021-10-01,18.0,23.0,26.0,27.0,28.0,30.0,32.0,34.0,36.0,37.0,38.0,42.0,49.0,inferred
Runnymede,2021-10-02,16.0,20.0,22.0,23.0,24.0,26.0,28.0,30.0,32.0,33.0,34.0,37.1,43.0,inferred
Runnymede,2021-10-03,17.0,20.0,23.0,24.0,25.0,27.0,29.0,31.0,33.0,34.0,35.0,39.0,45.0,inferred
Runnymede,2021-10-04,25.0,30.0,34.0,35.0,36.0,38.0,41.0,43.0,45.0,46.0,48.0,52.0,60.0,inferred
Runnymede,2021-10-05,26.0,31.0,34.0,35.0,37.0,39.0,41.0,43.0,46.0,47.0,48.0,53.0,61.0,inferred
Runnymede,2021-10-06,27.0,32.0,36.0,37.0,38.0,41.0,43.0,45.0,48.0,49.0,51.0,55.0,61.0,inferred
Runnymede,2021-10-07,26.0,32.0,35.0,36.0,38.0,40.0,42.0,45.0,47.0,49.0,50.0,55.0,62.0,inferred
Runnymede,2021-10-08,25.0,30.0,33.0,35.0,36.0,38.0,41.0,43.0,45.0,47.0,48.0,52.0,60.0,inferred
Runnymede,2021-10-09,21.0,26.0,29.0,31.0,32.0,34.0,36.0,38.0,40.0,41.0,43.0,47.0,54.0,inferred
Runnymede,2021-10-10,24.0,28.0,32.0,33.0,34.0,36.0,38.0,40.4,43.0,44.0,45.0,49.0,57.0,inferred
Runnymede,2021-10-11,35.0,41.0,45.0,47.0,48.0,51.0,53.0,56.0,59.0,61.0,62.0,67.1,75.5,inferred
Runnymede,2021-10-12,36.0,41.0,45.0,47.0,48.0,51.0,53.0,56.0,58.0,61.0,62.0,67.0,75.0,inferred
Runnymede,2021-10-13,35.0,42.0,46.0,48.0,49.0,52.0,54.0,57.0,59.0,61.0,63.2,68.0,75.0,inferred
Runnymede,2021-10-14,35.0,40.0,44.0,46.0,47.0,50.0,52.0,55.0,58.0,59.0,61.0,66.0,76.0,inferred
Runnymede,2021-10-15,32.0,38.0,42.0,43.0,45.0,48.0,50.0,53.0,55.0,57.0,59.0,64.1,71.0,inferred
Rushcliffe,2021-07-03,36.0,42.0,47.0,49.0,50.0,54.0,57.0,60.0,64.0,66.0,68.0,74.0,84.0,inferred
Rushcliffe,2021-07-04,41.0,49.0,54.0,56.0,58.0,61.0,64.0,67.0,71.0,73.0,75.0,81.0,92.5,inferred
Rushcliffe,2021-07-05,63.0,72.0,78.0,80.0,82.0,86.0,90.0,94.0,99.0,102.0,104.0,111.0,122.5,inferred
Rushcliffe,2021-07-06,62.5,72.0,78.0,80.0,82.0,87.0,91.0,94.0,99.0,102.0,105.0,111.0,124.0,inferred
Rushcliffe,2021-07-07,67.0,76.0,82.0,84.0,87.0,91.0,94.0,98.0,102.0,105.0,108.0,116.0,129.5,inferred
Rushcliffe,2021-07-08,69.0,79.0,85.0,88.0,90.0,94.0,98.0,103.0,107.0,109.0,113.0,119.0,130.0,inferred
Rushcliffe,2021-07-09,64.0,75.0,81.0,83.0,85.0,89.0,93.0,97.0,102.0,104.0,108.0,115.0,127.0,inferred
Rushcliffe,2021-07-10,57.0,66.0,72.8,75.0,77.0,81.0,85.0,89.0,93.0,95.0,98.0,105.0,117.0,inferred
Rushcliffe,2021-07-11,66.0,76.0,83.0,85.0,87.0,91.0,95.0,99.0,104.0,106.0,109.0,116.0,127.0,inferred
Rushcliffe,2021-07-12,102.0,113.0,121.0,123.0,126.0,132.0,137.0,142.0,147.0,150.0,154.0,163.0,178.5,inferred
Rushcliffe,2021-07-13,94.0,107.0,114.0,117.0,120.0,125.0,130.0,135.0,141.0,144.0,147.0,156.0,173.0,inferred
Rushcliffe,2021-07-14,92.0,104.0,112.0,115.0,118.0,123.0,128.0,133.0,138.0,141.0,144.0,154.0,167.0,inferred
Rushcliffe,2021-07-15,87.0,97.0,105.0,108.0,110.0,116.0,120.0,124.0,130.0,133.0,136.0,144.0,159.0,inferred
Rushcliffe,2021-07-16,72.5,81.0,88.0,92.0,94.0,98.0,102.0,107.0,111.0,114.0,117.0,125.0,138.5,inferred
Rushcliffe,2021-07-17,57.0,67.0,72.0,75.0,77.0,81.0,84.0,89.0,93.0,95.0,97.0,104.0,118.0,inferred
Rushcliffe,2021-07-18,59.0,68.0,74.0,76.0,79.0,83.0,86.0,90.0,95.0,97.0,100.0,107.1,118.0,inferred
Rushcliffe,2021-07-19,78.0,89.0,97.0,100.0,102.0,107.0,112.0,116.0,121.0,124.0,127.0,135.0,149.0,inferred
Rushcliffe,2021-07-20,70.0,80.0,87.0,89.0,92.0,96.0,100.0,104.0,109.0,112.0,115.0,122.0,138.0,inferred
Rushcliffe,2021-07-21,68.0,77.0,83.0,85.0,88.0,92.0,96.0,100.0,105.0,107.0,110.0,118.0,130.0,inferred
Rushcliffe,2021-07-22,59.0,69.0,75.0,77.0,79.0,83.0,87.0,90.0,94.0,97.0,99.0,107.0,119.5,inferred
Rushcliffe,2021-07-23,50.0,58.0,63.0,65.0,67.0,70.0,73.0,77.0,81.0,83.0,86.0,93.0,104.0,inferred
Rushcliffe,2021-07-24,37.0,44.0,49.0,51.0,53.0,56.0,59.0,62.0,66.0,69.0,71.0,78.0,88.0,inferred
Rushcliffe,2021-07-25,37.0,44.0,48.0,50.0,52.0,55.0,59.0,62.0,65.0,67.0,70.0,76.0,87.0,inferred
Rushcliffe,2021-07-26,51.0,59.0,65.0,67.0,69.0,73.0,77.0,81.0,84.0,87.0,90.0,98.0,110.0,inferred
Rushcliffe,2021-07-27,46.5,55.0,60.0,62.0,64.0,68.0,71.0,75.0,79.0,81.0,84.0,91.0,101.0,inferred
Rushcliffe,2021-07-28,47.0,54.0,60.0,62.0,63.0,67.0,70.0,74.0,77.0,79.0,82.0,89.0,100.5,inferred
Rushcliffe,2021-07-29,45.0,52.0,58.0,60.0,61.0,65.0,68.0,71.0,75.0,77.0,80.0,86.0,100.0,inferred
Rushcliffe,2021-07-30,40.0,47.0,51.0,53.0,55.0,58.0,61.0,64.0,68.0,70.0,73.0,79.0,90.0,inferred
Rushcliffe,2021-07-31,30.5,37.0,42.0,43.0,45.0,48.0,51.0,54.0,58.0,60.0,62.0,69.0,79.0,inferred
Rushcliffe,2021-08-01,35.0,42.0,47.0,48.0,50.0,53.0,56.0,59.0,62.0,64.0,66.0,72.0,84.0,inferred
Rushcliffe,2021-08-02,50.0,58.0,63.0,66.0,68.0,71.0,75.0,79.0,83.0,85.0,87.0,94.0,105.0,inferred
Rushcliffe,2021-08-03,45.0,53.0,58.0,60.0,62.0,65.0,69.0,73.0,77.0,79.0,81.2,89.0,100.0,inferred
Rushcliffe,2021-08-04,42.0,51.0,56.8,59.0,61.0,64.0,68.0,71.0,75.0,77.0,80.0,87.0,97.0,inferred
Rushcliffe,2021-08-05,41.0,48.0,52.0,54.0,56.0,60.0,64.0,67.0,71.0,73.0,76.0,83.0,92.0,inferred
Rushcliffe,2021-08-06,33.0,41.0,45.0,47.0,49.0,52.0,55.0,58.0,61.0,63.0,65.0,71.0,81.0,inferred
Rushcliffe,2021-08-07,28.0,33.0,37.0,39.0,40.0,44.0,46.0,49.0,52.0,54.0,56.2,61.1,71.5,inferred
Rushcliffe,2021-08-08,27.0,34.0,38.0,40.0,41.0,44.0,47.0,50.0,53.0,55.0,57.0,62.0,71.0,inferred
Rushcliffe,2021-08-09,38.5,48.0,53.0,55.0,57.0,60.0,63.0,67.0,70.0,72.0,74.0,81.0,93.0,inferred
Rushcliffe,2021-08-10,36.0,44.0,49.0,51.0,53.0,56.0,59.0,62.0,66.0,68.0,71.0,77.0,87.0,inferred
Rushcliffe,2021-08-11,38.5,45.0,50.0,52.0,54.0,57.0,60.0,63.0,67.0,68.0,71.0,77.0,87.0,inferred
Rushcliffe,2021-08-12,36.0,44.0,49.0,51.0,53.0,56.0,59.0,62.0,65.0,67.0,70.0,77.0,88.0,inferred
Rushcliffe,2021-08-13,33.0,40.0,44.0,47.0,48.0,52.0,54.0,57.0,60.0,63.0,65.0,70.0,80.0,inferred
Rushcliffe,2021-08-14,27.5,33.0,37.0,39.0,41.0,44.0,47.0,50.0,53.0,55.0,57.0,62.0,71.0,inferred
Rushcliffe,2021-08-15,30.0,37.0,41.0,44.0,45.0,48.0,51.0,53.0,57.0,59.0,61.0,67.0,78.0,inferred
Rushcliffe,2021-08-16,44.0,52.0,58.0,60.0,62.0,66.0,69.0,73.0,77.0,79.0,81.0,87.0,99.0,inferred
Rushcliffe,2021-08-17,41.0,49.0,54.0,56.0,58.0,61.0,65.0,69.0,73.0,75.0,78.0,86.0,96.5,inferred
Rushcliffe,2021-08-18,41.0,48.9,54.0,57.0,58.0,62.0,65.0,68.0,72.0,75.0,77.0,84.0,95.0,inferred
Rushcliffe,2021-08-19,39.0,47.0,52.0,53.0,55.0,58.0,61.0,65.0,68.3,71.0,73.0,80.0,88.0,inferred
Rushcliffe,2021-08-20,34.0,41.0,45.0,47.0,49.0,52.0,55.0,58.0,61.0,63.0,65.2,71.0,82.0,inferred
Rushcliffe,2021-08-21,26.0,33.0,37.0,39.0,41.0,43.0,46.0,49.0,52.0,54.0,56.0,62.0,70.0,inferred
Rushcliffe,2021-08-22,28.0,36.0,40.0,42.0,43.0,46.0,50.0,52.0,56.0,58.0,60.0,66.0,78.0,inferred
Rushcliffe,2021-08-23,41.0,50.0,55.0,57.0,59.0,62.0,66.0,69.0,73.0,74.0,78.0,84.0,95.0,inferred
Rushcliffe,2021-08-24,39.0,47.0,52.0,54.0,56.0,59.0,62.0,66.0,69.0,71.0,74.0,80.0,91.0,inferred
Rushcliffe,2021-08-25,40.0,48.0,52.0,54.0,56.0,59.0,62.0,66.0,70.0,72.0,74.0,80.0,91.0,inferred
Rushcliffe,2021-08-26,37.0,45.0,50.0,52.0,53.0,56.0,59.0,62.0,66.0,68.0,70.0,76.0,86.5,inferred
Rushcliffe,2021-08-27,32.0,39.0,44.0,46.0,48.0,51.0,53.0,56.0,59.0,61.0,64.0,70.0,79.0,inferred
Rushcliffe,2021-08-28,26.0,33.0,37.0,38.0,40.0,42.0,45.0,48.0,51.0,52.0,55.0,60.0,69.5,inferred
Rushcliffe,2021-08-29,28.0,34.0,39.0,40.0,42.0,45.0,47.0,50.0,54.0,55.0,58.0,63.0,74.0,inferred
Rushcliffe,2021-08-30,41.0,49.0,53.8,56.0,58.0,61.0,65.0,68.0,72.0,74.0,76.0,83.0,96.0,inferred
Rushcliffe,2021-08-31,38.0,46.0,51.0,53.0,54.0,58.0,61.0,65.0,69.0,71.0,73.0,79.0,90.0,inferred
Rushcliffe,2021-09-01,39.0,46.0,51.0,54.0,55.0,59.0,62.0,65.0,69.0,71.0,73.0,79.0,90.0,inferred
Rushcliffe,2021-09-02,38.0,45.0,50.0,52.0,54.0,57.0,60.0,63.0,67.0,69.0,71.0,77.0,89.0,inferred
Rushcliffe,2021-09-03,35.5,41.0,46.0,48.0,49.0,52.0,55.0,58.0,61.0,63.0,66.0,72.0,82.5,inferred
Rushcliffe,2021-09-04,27.5,34.0,38.0,40.0,42.0,45.0,47.0,50.0,53.0,55.0,57.0,63.0,71.0,inferred
Rushcliffe,2021-09-05,30.0,36.0,40.8,42.0,44.0,47.0,49.0,53.0,56.0,58.0,60.0,66.0,75.0,inferred
Rushcliffe,2021-09-06,45.0,52.0,57.0,59.0,61.0,65.0,68.0,72.0,76.0,79.0,81.0,87.1,99.0,inferred
Rushcliffe,2021-09-07,40.0,48.0,53.0,55.0,57.0,61.0,65.0,68.0,71.3,74.0,76.0,82.1,93.5,inferred
Rushcliffe,2021-09-08,40.0,47.0,51.0,54.0,56.0,59.0,62.0,66.0,70.0,72.0,74.0,81.0,92.0,inferred
Rushcliffe,2021-09-09,37.0,43.0,48.0,50.0,52.0,55.0,58.0,61.0,65.0,67.0,70.0,76.0,85.0,inferred
Rushcliffe,2021-09-10,31.0,37.0,42.0,43.0,45.0,48.0,51.0,54.0,58.0,60.0,61.0,67.0,78.0,inferred
Rushcliffe,2021-09-11,24.0,30.0,34.0,36.0,37.0,39.0,42.0,44.0,47.0,49.0,51.0,56.0,65.0,inferred
Rushcliffe,2021-09-12,25.0,31.0,35.0,37.0,38.0,41.0,43.0,46.0,49.0,51.0,53.0,59.0,68.0,inferred
Rushcliffe,2021-09-13,35.5,43.0,47.0,49.0,51.0,54.0,57.0,61.0,64.0,66.0,68.0,76.0,88.0,inferred
Rushcliffe,2021-09-14,33.0,41.0,45.8,47.0,49.0,52.0,56.0,58.0,63.0,65.0,67.0,73.0,83.0,inferred
Rushcliffe,2021-09-15,35.0,43.9,48.0,50.0,51.0,55.0,58.0,61.0,65.0,67.0,69.0,75.0,85.0,inferred
Rushcliffe,2021-09-16,38.0,45.0,49.0,51.0,53.0,56.0,59.0,62.0,66.0,68.0,70.0,76.0,87.0,inferred
Rushcliffe,2021-09-17,34.0,42.0,46.0,48.0,50.0,54.0,57.0,60.0,63.0,65.0,68.0,74.0,85.0,inferred
Rushcliffe,2021-09-18,30.0,36.0,41.0,43.0,45.0,48.0,51.0,54.0,58.0,59.0,61.0,67.0,77.0,inferred
Rushcliffe,2021-09-19,35.0,42.9,47.0,49.0,51.0,54.0,58.0,61.0,64.3,66.2,69.0,75.0,86.0,inferred
Rushcliffe,2021-09-20,54.0,63.0,69.0,71.0,74.0,78.0,81.0,85.0,89.0,91.0,94.0,102.0,113.0,inferred
Rushcliffe,2021-09-21,51.5,61.0,67.0,69.0,71.0,75.0,78.0,82.0,86.0,88.0,90.0,98.0,111.0,inferred
Rushcliffe,2021-09-22,51.0,59.0,66.0,68.0,70.7,74.0,78.0,81.0,86.0,88.0,91.0,98.0,110.0,inferred
Rushcliffe,2021-09-23,49.0,58.0,64.0,66.0,68.0,71.0,75.0,79.0,82.0,85.0,87.0,94.0,105.0,inferred
Rushcliffe,2021-09-24,42.5,50.0,55.0,58.0,60.0,63.0,66.0,70.0,74.0,76.0,78.0,85.0,94.5,inferred
Rushcliffe,2021-09-25,34.0,42.0,47.0,49.0,50.0,53.0,56.0,60.0,64.0,66.0,68.0,73.0,83.0,inferred
Rushcliffe,2021-09-26,36.0,43.0,48.0,50.0,52.0,55.0,59.0,62.0,65.0,67.0,70.0,76.0,85.0,inferred
Rushcliffe,2021-09-27,54.0,62.0,67.0,70.0,72.0,76.0,80.0,83.0,87.0,90.0,92.0,100.0,112.0,inferred
Rushcliffe,2021-09-28,48.5,58.0,64.0,66.0,69.0,73.0,77.0,81.0,85.0,88.0,90.0,98.0,109.0,inferred
Rushcliffe,2021-09-29,53.0,62.0,67.0,70.0,71.0,75.0,80.0,84.0,88.0,90.0,93.0,101.0,113.0,inferred
Rushcliffe,2021-09-30,55.0,63.0,69.0,71.0,73.0,77.0,80.0,84.0,88.0,90.0,94.0,100.0,111.0,inferred
Rushcliffe,2021-10-01,50.0,58.0,64.0,66.0,68.0,72.0,76.0,79.0,84.0,86.0,88.2,96.0,106.0,inferred
Rushcliffe,2021-10-02,42.5,51.0,56.0,58.0,60.0,63.0,67.0,70.0,73.0,75.0,77.0,84.0,95.0,inferred
Rushcliffe,2021-10-03,49.0,57.0,62.0,65.0,67.0,70.0,74.0,78.0,81.3,84.0,86.0,94.0,106.5,inferred
Rushcliffe,2021-10-04,72.0,84.0,91.0,93.0,96.0,100.0,104.0,108.0,112.0,116.0,119.0,127.0,140.0,inferred
Rushcliffe,2021-10-05,68.0,80.9,88.0,90.0,92.0,96.0,101.0,105.0,110.0,112.0,115.0,124.0,137.0,inferred
Rushcliffe,2021-10-06,72.5,83.0,90.0,94.0,96.0,101.0,105.0,109.4,114.0,117.0,120.0,128.0,141.0,inferred
Rushcliffe,2021-10-07,74.5,84.0,91.0,94.0,96.0,100.0,105.0,109.0,114.0,116.0,119.0,128.0,141.5,inferred
Rushcliffe,2021-10-08,68.0,78.0,84.8,87.0,89.0,93.0,97.0,101.0,106.0,109.0,112.0,120.0,132.0,inferred
Rushcliffe,2021-10-09,59.0,68.0,74.0,76.0,78.0,83.0,86.0,91.0,95.0,98.0,100.0,107.0,120.0,inferred
Rushcliffe,2021-10-10,65.5,75.0,81.0,84.0,86.0,91.0,95.0,100.0,104.0,107.0,110.0,117.0,132.0,inferred
Rushcliffe,2021-10-11,97.0,109.0,117.0,119.0,122.0,128.0,132.0,136.0,142.0,144.0,148.0,158.0,171.0,inferred
Rushcliffe,2021-10-12,91.0,104.0,111.0,113.0,116.0,120.0,126.0,131.0,136.0,139.0,142.0,150.0,164.0,inferred
Rushcliffe,2021-10-13,87.0,98.0,106.0,109.0,111.0,116.0,120.0,125.0,130.0,133.0,136.0,145.0,158.5,inferred
Rushcliffe,2021-10-14,77.0,89.0,97.0,99.0,102.0,106.0,112.0,116.0,122.0,125.0,128.0,137.0,152.0,inferred
Rushcliffe,2021-10-15,68.0,77.0,83.0,86.0,89.0,93.0,98.0,102.0,108.0,110.0,113.0,121.0,134.0,inferred
Rushmoor,2021-07-03,6.0,9.0,12.0,13.0,14.0,16.0,18.0,20.0,23.0,24.0,26.0,31.0,41.0,inferred
Rushmoor,2021-07-04,7.0,11.0,13.0,14.0,15.0,17.0,19.0,22.0,24.0,25.0,27.0,32.0,40.0,inferred
Rushmoor,2021-07-05,11.0,16.0,19.0,20.0,22.0,24.0,27.0,29.0,32.0,33.0,36.0,41.0,51.5,inferred
Rushmoor,2021-07-06,12.5,17.0,20.0,22.0,23.0,25.0,28.0,30.0,33.0,35.0,37.0,42.0,51.0,inferred
Rushmoor,2021-07-07,14.0,19.0,23.0,24.0,26.0,28.0,31.0,34.0,37.0,39.0,41.0,47.0,57.0,inferred
Rushmoor,2021-07-08,15.5,21.0,24.0,26.0,28.0,30.0,33.0,36.0,39.0,41.0,43.0,49.0,61.0,inferred
Rushmoor,2021-07-09,15.0,21.0,26.0,27.0,29.0,31.6,34.0,37.0,40.0,42.0,44.0,49.1,60.0,inferred
Rushmoor,2021-07-10,14.0,20.0,24.0,26.0,27.0,30.0,33.0,36.0,38.0,40.0,42.0,48.0,59.0,inferred
Rushmoor,2021-07-11,18.0,24.0,28.0,30.0,31.0,34.0,37.0,40.0,44.0,46.0,49.0,55.0,64.0,inferred
Rushmoor,2021-07-12,30.0,38.0,43.8,46.0,48.0,52.0,56.0,59.0,63.0,65.0,68.0,75.0,87.5,inferred
Rushmoor,2021-07-13,31.0,39.0,45.0,46.0,48.0,52.0,55.0,59.0,63.0,66.0,69.0,76.0,90.0,inferred
Rushmoor,2021-07-14,32.0,39.0,44.0,46.0,49.0,52.0,56.0,59.4,64.0,66.0,69.0,76.0,90.0,inferred
Rushmoor,2021-07-15,27.5,35.0,41.0,43.0,45.0,48.0,52.0,56.0,59.0,62.0,65.0,73.0,86.0,inferred
Rushmoor,2021-07-16,23.0,30.0,36.0,38.0,39.0,43.0,46.0,49.0,53.0,55.0,57.2,64.0,75.0,inferred
Rushmoor,2021-07-17,18.5,25.0,28.0,30.0,32.0,35.0,38.0,41.0,44.0,46.0,49.0,55.0,65.0,inferred
Rushmoor,2021-07-18,18.0,24.0,28.0,30.0,31.0,35.0,37.0,40.0,44.0,46.0,48.0,54.0,64.0,inferred
Rushmoor,2021-07-19,25.0,32.0,37.0,40.0,41.0,45.0,48.0,52.0,57.0,59.0,61.0,67.0,78.0,inferred
Rushmoor,2021-07-20,22.0,28.0,34.0,35.0,37.0,40.0,43.0,47.0,51.0,53.0,55.0,62.0,72.0,inferred
Rushmoor,2021-07-21,19.0,26.0,31.0,33.0,35.0,37.0,40.0,43.0,47.0,49.0,51.0,57.0,70.0,inferred
Rushmoor,2021-07-22,17.0,22.0,26.0,28.0,30.0,32.0,35.0,38.0,42.0,44.0,45.0,51.0,61.5,inferred
Rushmoor,2021-07-23,14.0,18.0,21.0,23.0,24.0,27.0,29.0,32.0,35.0,37.0,39.0,45.1,55.0,inferred
Rushmoor,2021-07-24,9.0,12.0,15.0,17.0,18.0,20.0,23.0,26.0,28.0,30.0,31.0,37.0,46.0,inferred
Rushmoor,2021-07-25,8.0,12.0,14.0,16.0,17.0,19.0,21.0,24.0,26.0,28.0,30.0,34.0,43.5,inferred
Rushmoor,2021-07-26,11.0,16.0,19.0,21.0,22.0,25.0,27.0,30.0,32.0,35.0,36.0,42.0,51.0,inferred
Rushmoor,2021-07-27,9.0,14.0,17.8,19.0,21.0,23.0,25.0,28.0,30.3,32.0,34.0,38.1,48.0,inferred
Rushmoor,2021-07-28,11.0,15.0,19.0,20.0,21.0,23.0,26.0,28.4,32.0,33.0,36.0,41.0,50.0,inferred
Rushmoor,2021-07-29,10.0,14.0,18.0,19.0,20.0,23.0,25.0,28.0,30.3,32.0,34.0,39.0,49.0,inferred
Rushmoor,2021-07-30,8.0,13.0,16.0,17.0,19.0,21.0,24.0,26.0,28.0,30.0,32.0,37.0,46.5,inferred
Rushmoor,2021-07-31,8.0,11.0,14.0,15.0,16.0,18.0,20.5,23.0,26.0,27.0,29.0,34.0,42.0,inferred
Rushmoor,2021-08-01,8.0,12.0,15.0,16.0,17.0,19.0,22.0,24.0,27.0,28.0,30.0,35.0,43.0,inferred
Rushmoor,2021-08-02,13.0,18.0,22.0,23.0,24.0,27.0,30.0,33.0,36.0,38.0,40.0,46.0,56.0,inferred
Rushmoor,2021-08-03,13.0,18.0,22.0,23.0,25.0,27.0,30.0,32.4,36.0,37.0,40.0,46.0,55.0,inferred
Rushmoor,2021-08-04,14.0,18.0,22.0,24.0,25.0,28.0,31.0,34.0,37.0,39.0,41.0,47.0,56.0,inferred
Rushmoor,2021-08-05,13.5,18.0,22.0,24.0,25.0,28.0,31.0,34.0,37.0,39.0,41.0,46.0,55.0,inferred
Rushmoor,2021-08-06,12.5,18.0,21.0,22.0,24.0,26.0,29.0,32.0,34.3,36.0,38.0,43.0,53.0,inferred
Rushmoor,2021-08-07,10.0,15.0,18.0,19.0,21.0,23.0,26.0,28.0,31.0,33.0,35.0,40.1,50.0,inferred
Rushmoor,2021-08-08,12.0,16.0,19.0,21.0,22.0,25.0,27.0,29.0,32.0,34.0,36.0,42.0,52.0,inferred
Rushmoor,2021-08-09,18.0,24.0,28.0,30.0,32.0,35.0,38.0,41.0,45.0,47.0,49.0,56.0,66.0,inferred
Rushmoor,2021-08-10,18.0,25.0,28.0,30.0,31.0,35.0,38.0,41.0,44.0,46.0,48.0,54.0,67.0,inferred
Rushmoor,2021-08-11,18.5,25.0,29.0,32.0,33.0,36.0,39.0,42.0,46.0,48.0,50.0,58.0,69.0,inferred
Rushmoor,2021-08-12,19.0,24.0,28.0,30.0,32.0,35.0,38.0,41.0,44.0,47.0,49.0,55.0,66.0,inferred
Rushmoor,2021-08-13,18.0,23.0,27.0,29.0,31.0,34.0,37.0,39.0,43.0,45.0,47.0,53.0,64.5,inferred
Rushmoor,2021-08-14,14.0,19.0,23.0,25.0,26.0,29.0,31.0,34.0,37.0,39.0,41.0,47.0,55.5,inferred
Rushmoor,2021-08-15,15.0,21.0,24.0,26.0,27.0,30.0,32.0,35.0,39.0,40.0,42.0,48.0,59.5,inferred
Rushmoor,2021-08-16,23.0,30.0,35.0,37.0,39.0,42.0,45.0,48.0,52.0,54.0,57.0,64.0,75.0,inferred
Rushmoor,2021-08-17,23.0,29.0,34.0,35.8,37.0,41.0,44.0,47.0,51.0,53.0,56.0,63.0,74.5,inferred
Rushmoor,2021-08-18,21.0,28.0,34.0,35.0,37.0,41.0,44.0,47.0,51.0,53.0,55.0,62.0,75.0,inferred
Rushmoor,2021-08-19,20.0,26.0,31.0,32.0,34.0,37.0,40.0,43.0,47.0,49.0,52.0,58.0,67.0,inferred
Rushmoor,2021-08-20,17.0,23.0,27.0,29.0,30.0,33.0,36.0,39.0,42.0,44.0,47.0,53.0,63.0,inferred
Rushmoor,2021-08-21,13.0,18.0,22.0,23.0,24.0,27.0,30.0,33.0,36.0,37.0,39.0,45.0,55.0,inferred
Rushmoor,2021-08-22,13.0,18.0,22.0,24.0,25.0,28.0,31.0,34.0,36.0,38.0,40.0,46.0,56.5,inferred
Rushmoor,2021-08-23,20.0,25.0,30.0,31.0,33.0,37.0,39.5,43.0,47.0,49.0,52.0,59.0,69.0,inferred
Rushmoor,2021-08-24,17.0,23.0,28.0,30.0,32.0,36.0,38.0,42.0,46.0,48.0,50.0,56.0,66.0,inferred
Rushmoor,2021-08-25,19.5,25.0,30.0,32.0,33.0,37.0,40.0,43.0,47.0,49.0,51.0,57.0,69.5,inferred
Rushmoor,2021-08-26,19.5,25.0,29.0,31.0,32.0,36.0,39.0,42.0,46.0,47.0,50.0,55.0,66.0,inferred
Rushmoor,2021-08-27,17.0,23.0,27.0,29.0,30.0,34.0,36.0,39.0,43.0,45.0,47.0,54.0,64.0,inferred
Rushmoor,2021-08-28,14.0,20.0,24.0,25.0,26.0,29.0,32.0,35.0,38.0,40.0,42.0,47.1,57.5,inferred
Rushmoor,2021-08-29,15.0,21.0,25.0,26.0,28.0,30.0,33.0,36.0,39.0,41.0,43.0,49.0,58.0,inferred
Rushmoor,2021-08-30,24.0,30.9,35.0,37.0,39.0,42.0,46.0,49.0,53.0,55.0,57.0,65.0,75.0,inferred
Rushmoor,2021-08-31,22.0,29.0,33.8,36.0,38.0,41.0,44.0,47.0,50.3,53.0,56.0,63.0,76.0,inferred
Rushmoor,2021-09-01,22.0,29.0,34.0,36.0,38.0,41.0,44.0,48.0,52.0,54.0,56.0,65.0,74.0,inferred
Rushmoor,2021-09-02,21.0,27.0,32.0,34.0,36.0,39.0,42.0,45.0,49.0,51.0,53.0,59.1,71.0,inferred
Rushmoor,2021-09-03,18.0,23.0,28.0,30.0,32.0,35.0,37.0,40.4,44.0,45.0,48.0,54.0,66.0,inferred
Rushmoor,2021-09-04,13.0,19.0,22.0,24.0,25.0,28.0,31.0,34.0,37.0,39.0,41.0,47.0,57.0,inferred
Rushmoor,2021-09-05,13.0,19.0,23.0,24.0,26.0,28.0,31.0,34.0,37.0,39.0,41.0,47.0,57.0,inferred
Rushmoor,2021-09-06,20.0,27.0,33.0,34.0,36.0,39.0,42.0,45.0,49.0,51.0,53.0,60.0,70.0,inferred
Rushmoor,2021-09-07,19.5,25.9,29.0,31.0,33.0,36.0,39.0,41.4,45.0,47.0,49.0,55.0,64.5,inferred
Rushmoor,2021-09-08,18.0,23.0,27.0,29.0,31.0,34.0,38.0,41.0,45.0,47.0,49.0,55.0,66.0,inferred
Rushmoor,2021-09-09,16.0,22.0,26.0,28.0,29.0,32.0,34.5,38.0,41.0,43.0,45.0,52.0,63.0,inferred
Rushmoor,2021-09-10,14.0,19.0,23.0,25.0,26.0,28.0,32.0,34.0,38.0,40.0,42.0,48.0,57.0,inferred
Rushmoor,2021-09-11,11.0,15.0,19.0,21.0,22.0,25.0,27.0,29.0,32.0,34.0,36.0,41.1,51.0,inferred
Rushmoor,2021-09-12,11.0,15.0,18.0,20.0,21.0,24.0,27.0,29.0,32.0,34.0,36.0,42.0,52.0,inferred
Rushmoor,2021-09-13,16.0,22.0,27.0,28.0,30.0,33.0,36.0,39.0,42.0,44.0,46.0,53.0,62.0,inferred
Rushmoor,2021-09-14,16.0,22.0,26.0,27.0,29.0,32.0,34.0,37.0,41.0,43.0,45.0,51.0,61.0,inferred
Rushmoor,2021-09-15,18.0,24.0,29.0,30.0,32.0,35.0,37.0,41.0,44.0,46.0,48.0,54.0,66.0,inferred
Rushmoor,2021-09-16,19.0,25.0,28.0,30.0,32.0,35.0,38.0,41.0,44.0,46.0,48.0,54.0,64.0,inferred
Rushmoor,2021-09-17,18.0,24.9,28.0,30.0,32.0,34.0,37.0,41.0,44.0,46.0,48.0,53.0,63.0,inferred
Rushmoor,2021-09-18,16.0,21.0,25.0,26.0,28.0,31.0,33.0,36.0,39.0,41.0,43.0,49.0,60.0,inferred
Rushmoor,2021-09-19,18.0,23.0,27.0,29.0,31.0,33.0,36.0,40.0,43.0,45.0,47.0,52.1,63.5,inferred
Rushmoor,2021-09-20,27.0,36.0,41.0,43.0,44.7,48.0,52.0,56.0,60.0,63.0,65.0,72.0,84.5,inferred
Rushmoor,2021-09-21,27.0,35.0,40.0,42.0,44.7,48.0,51.0,55.0,59.0,61.0,64.0,72.0,83.5,inferred
Rushmoor,2021-09-22,29.0,37.0,41.0,43.0,45.0,49.0,52.0,56.0,60.0,62.2,65.0,73.0,86.0,inferred
Rushmoor,2021-09-23,26.5,34.0,38.0,40.0,42.0,45.0,49.0,53.0,56.0,59.0,61.0,69.0,81.0,inferred
Rushmoor,2021-09-24,23.0,29.0,34.0,36.0,38.0,42.0,45.0,48.0,51.3,53.0,55.2,63.0,73.5,inferred
Rushmoor,2021-09-25,19.0,25.0,28.8,30.0,32.0,35.0,38.0,41.0,45.0,47.0,50.0,55.0,66.0,inferred
Rushmoor,2021-09-26,19.0,25.0,29.0,31.0,33.0,35.0,39.0,42.0,45.0,47.0,49.0,56.0,66.5,inferred
Rushmoor,2021-09-27,28.0,35.0,41.0,43.0,45.0,49.0,52.0,55.0,59.0,61.0,64.0,72.0,82.0,inferred
Rushmoor,2021-09-28,26.5,34.0,39.0,41.0,43.0,46.0,49.0,53.0,57.0,59.0,62.0,68.0,81.0,inferred
Rushmoor,2021-09-29,27.0,34.0,38.0,40.0,42.0,45.0,49.0,52.0,56.0,58.0,61.0,68.0,79.5,inferred
Rushmoor,2021-09-30,25.0,31.0,35.0,37.0,38.0,42.0,45.0,48.0,53.0,55.0,57.0,64.0,76.0,inferred
Rushmoor,2021-10-01,21.0,27.0,32.0,34.0,36.0,39.0,42.0,46.0,49.0,51.0,53.0,59.0,70.0,inferred
Rushmoor,2021-10-02,16.5,22.0,26.0,27.0,29.0,32.0,35.0,38.0,41.0,43.0,45.0,51.0,60.5,inferred
Rushmoor,2021-10-03,18.0,23.0,27.0,29.0,31.0,33.0,36.0,39.0,42.0,45.0,47.0,53.0,64.5,inferred
Rushmoor,2021-10-04,25.0,33.0,38.0,40.0,42.0,46.0,49.0,53.0,56.0,59.0,61.0,69.0,83.0,inferred
Rushmoor,2021-10-05,26.0,33.0,38.8,40.0,42.0,46.0,49.0,53.0,57.0,59.0,61.0,68.0,80.0,inferred
Rushmoor,2021-10-06,27.0,34.0,39.0,42.0,44.0,47.0,51.0,54.0,58.0,60.0,63.0,70.0,83.5,inferred
Rushmoor,2021-10-07,26.0,33.0,38.0,40.0,42.7,46.0,49.0,53.0,57.0,59.0,62.0,69.0,79.0,inferred
Rushmoor,2021-10-08,25.0,32.0,38.0,40.0,41.0,45.0,48.0,52.0,55.0,57.0,60.0,67.0,78.0,inferred
Rushmoor,2021-10-09,23.0,28.0,33.0,35.0,36.0,39.0,42.5,46.0,49.0,52.0,54.0,61.0,72.5,inferred
Rushmoor,2021-10-10,24.0,30.0,35.0,37.0,39.0,42.0,46.0,49.0,53.0,55.0,57.0,64.0,76.0,inferred
Rushmoor,2021-10-11,38.0,47.0,53.0,55.0,57.0,61.0,64.0,68.0,73.0,76.0,78.0,86.1,100.0,inferred
Rushmoor,2021-10-12,37.0,46.0,52.0,55.0,57.0,61.0,65.0,69.0,74.0,77.0,80.0,86.0,99.0,inferred
Rushmoor,2021-10-13,37.0,46.0,53.0,56.0,58.0,62.0,66.0,70.0,75.0,78.0,81.0,89.0,102.0,inferred
Rushmoor,2021-10-14,34.0,43.0,49.0,51.0,54.0,59.0,63.0,67.0,72.0,75.0,77.0,86.0,102.0,inferred
Rushmoor,2021-10-15,32.0,40.0,46.0,49.0,51.0,55.0,59.0,62.0,67.0,70.0,73.0,81.0,94.0,inferred
Rutland,2021-07-03,1.0,3.0,4.0,5.0,5.0,6.0,7.0,8.0,10.0,10.0,11.0,13.0,18.0,inferred
Rutland,2021-07-04,2.0,3.0,5.0,5.0,6.0,7.0,8.0,9.0,10.0,11.0,12.0,14.0,18.0,inferred
Rutland,2021-07-05,4.0,6.0,8.0,9.0,10.0,11.0,12.0,13.0,14.0,15.0,16.0,19.0,23.0,inferred
Rutland,2021-07-06,4.0,6.0,8.0,8.0,9.0,10.0,12.0,13.0,15.0,15.0,16.0,19.0,23.5,inferred
Rutland,2021-07-07,5.0,7.0,8.0,9.0,10.0,11.0,12.0,14.0,15.0,16.0,17.0,20.0,25.0,inferred
Rutland,2021-07-08,4.5,7.0,9.0,10.0,10.0,12.0,13.0,14.0,16.0,17.0,18.0,21.0,26.0,inferred
Rutland,2021-07-09,4.0,6.0,8.0,9.0,10.0,11.0,12.0,14.0,15.0,16.0,17.0,20.0,25.0,inferred
Rutland,2021-07-10,4.0,5.0,7.0,8.0,9.0,10.0,11.0,12.0,14.0,15.0,16.0,18.0,22.0,inferred
Rutland,2021-07-11,4.0,7.0,9.0,9.0,10.0,11.0,13.0,14.0,16.0,17.0,18.0,20.0,24.5,inferred
Rutland,2021-07-12,8.0,11.0,13.8,14.0,15.0,17.0,19.0,21.0,23.0,24.0,25.0,28.0,33.0,inferred
Rutland,2021-07-13,8.0,11.0,14.0,15.0,16.0,17.0,19.0,20.0,22.0,23.0,25.0,27.0,33.0,inferred
Rutland,2021-07-14,9.0,12.0,14.0,15.0,16.0,17.0,19.0,21.0,22.0,23.0,25.0,28.0,34.0,inferred
Rutland,2021-07-15,8.0,11.0,14.0,14.0,15.0,17.0,19.0,20.0,22.0,23.0,24.0,28.0,33.0,inferred
Rutland,2021-07-16,6.5,10.0,12.0,13.0,14.0,16.0,17.0,19.0,21.0,21.2,23.0,26.0,32.0,inferred
Rutland,2021-07-17,6.0,8.0,10.0,11.0,12.0,13.0,15.0,16.0,18.0,19.0,20.0,23.0,27.0,inferred
Rutland,2021-07-18,6.0,9.0,11.0,12.0,13.0,14.0,16.0,17.0,19.0,20.0,21.0,24.0,29.0,inferred
Rutland,2021-07-19,10.0,13.0,15.0,16.0,17.0,19.0,21.0,23.0,25.0,26.0,28.0,31.0,36.5,inferred
Rutland,2021-07-20,8.0,11.0,14.0,15.0,16.0,18.0,19.0,21.0,23.0,24.0,25.0,29.0,34.0,inferred
Rutland,2021-07-21,7.5,11.0,14.0,15.0,16.0,17.0,19.0,20.0,22.3,24.0,25.0,28.0,33.0,inferred
Rutland,2021-07-22,7.0,10.0,12.0,13.0,14.0,15.0,17.0,19.0,20.0,21.0,23.0,26.1,32.0,inferred
Rutland,2021-07-23,6.0,8.0,11.0,11.0,12.0,14.0,15.0,16.0,18.0,19.0,20.0,23.0,27.5,inferred
Rutland,2021-07-24,4.0,6.0,8.0,9.0,10.0,11.0,12.0,13.0,15.0,15.2,16.2,19.0,24.0,inferred
Rutland,2021-07-25,4.0,7.0,9.0,9.0,10.0,11.0,13.0,14.0,15.0,16.0,17.0,20.0,25.0,inferred
Rutland,2021-07-26,7.0,10.0,12.0,13.0,13.0,15.0,16.5,18.0,20.0,21.0,22.0,25.0,30.0,inferred
Rutland,2021-07-27,6.0,9.0,11.0,12.0,13.0,14.0,16.0,17.0,19.0,20.0,21.0,24.0,28.5,inferred
Rutland,2021-07-28,6.0,9.0,11.0,12.0,13.0,14.0,15.0,17.0,19.0,20.0,21.0,24.0,29.0,inferred
Rutland,2021-07-29,6.0,9.0,10.0,11.0,12.0,13.0,15.0,16.0,18.0,19.0,20.0,23.0,29.0,inferred
Rutland,2021-07-30,5.0,8.0,9.0,10.0,11.0,12.0,14.0,15.0,17.0,18.0,19.0,21.0,26.0,inferred
Rutland,2021-07-31,4.0,6.0,7.0,8.0,9.0,10.0,11.0,12.0,14.0,15.0,16.0,19.0,23.0,inferred
Rutland,2021-08-01,4.0,6.0,8.0,9.0,10.0,11.0,12.0,13.0,15.0,16.0,17.0,20.0,24.0,inferred
Rutland,2021-08-02,6.0,9.0,11.0,12.0,13.0,15.0,16.0,18.0,19.0,20.0,21.0,24.0,30.0,inferred
Rutland,2021-08-03,6.0,8.0,10.0,11.0,12.0,14.0,15.0,16.0,18.0,19.0,20.0,23.0,30.0,inferred
Rutland,2021-08-04,6.0,9.0,11.0,11.0,12.0,14.0,15.0,16.0,18.0,19.0,20.0,24.0,28.0,inferred
Rutland,2021-08-05,6.0,8.0,10.0,11.0,12.0,13.0,14.0,16.0,17.0,18.0,19.0,22.0,27.0,inferred
Rutland,2021-08-06,4.0,7.0,9.0,9.0,10.0,11.0,12.0,14.0,15.0,16.0,17.0,20.0,25.0,inferred
Rutland,2021-08-07,3.0,5.0,7.0,7.0,8.0,9.0,10.5,12.0,13.0,14.0,15.0,17.0,22.0,inferred
Rutland,2021-08-08,3.0,5.0,7.0,8.0,8.0,9.0,11.0,12.0,14.0,14.0,15.0,18.0,23.0,inferred
Rutland,2021-08-09,6.0,8.0,10.0,11.0,12.0,14.0,15.0,17.0,19.0,20.0,21.0,24.0,29.0,inferred
Rutland,2021-08-10,5.0,8.0,10.0,11.0,11.0,13.0,14.0,16.0,17.0,18.0,20.0,23.0,28.0,inferred
Rutland,2021-08-11,6.0,8.0,10.0,11.0,12.0,13.0,15.0,16.0,18.0,19.0,20.0,23.0,29.0,inferred
Rutland,2021-08-12,6.0,8.0,10.0,11.0,12.0,13.0,15.0,16.0,18.0,19.0,20.0,23.0,27.5,inferred
Rutland,2021-08-13,5.0,7.0,9.0,10.0,11.0,12.0,14.0,15.0,17.0,17.0,18.0,21.0,26.0,inferred
Rutland,2021-08-14,4.0,6.0,8.0,8.0,9.0,10.6,12.0,13.0,15.0,15.0,16.0,19.0,23.0,inferred
Rutland,2021-08-15,4.0,7.0,9.0,10.0,10.0,12.0,13.0,14.0,16.0,17.0,18.0,20.0,25.0,inferred
Rutland,2021-08-16,8.0,11.0,13.0,14.0,15.0,16.6,18.0,20.0,22.0,23.0,24.0,27.0,33.0,inferred
Rutland,2021-08-17,7.0,10.0,13.0,13.0,14.0,16.0,17.0,19.0,21.0,22.0,23.0,26.0,32.0,inferred
Rutland,2021-08-18,7.5,10.0,13.0,14.0,15.0,16.0,18.0,19.0,21.0,22.0,23.0,27.0,31.0,inferred
Rutland,2021-08-19,7.0,10.0,13.0,14.0,15.0,16.0,18.0,19.0,21.0,22.0,23.0,26.0,30.5,inferred
Rutland,2021-08-20,7.0,9.9,11.0,12.0,13.0,15.0,16.0,18.0,19.0,20.0,22.0,25.0,31.0,inferred
Rutland,2021-08-21,5.0,7.9,10.0,10.0,11.0,13.0,14.0,15.0,17.0,18.0,19.0,22.0,26.0,inferred
Rutland,2021-08-22,6.0,8.0,10.0,11.0,12.0,13.0,15.0,16.0,18.0,19.0,20.0,23.0,27.0,inferred
Rutland,2021-08-23,9.0,13.0,15.0,16.0,17.0,19.0,21.0,22.0,24.0,25.0,27.0,30.0,36.0,inferred
Rutland,2021-08-24,8.0,12.0,14.0,15.0,16.0,18.0,20.0,21.0,23.0,24.0,26.0,29.0,35.0,inferred
Rutland,2021-08-25,9.0,13.0,15.0,16.0,17.0,18.0,20.0,21.0,23.0,24.0,25.0,29.0,34.0,inferred
Rutland,2021-08-26,9.0,12.0,14.0,15.0,16.0,17.0,19.0,21.0,22.0,23.0,25.0,28.0,34.0,inferred
Rutland,2021-08-27,7.0,10.0,13.0,13.0,14.0,16.0,17.0,19.0,21.0,22.0,23.0,26.0,32.0,inferred
Rutland,2021-08-28,6.0,8.0,10.0,11.0,12.0,14.0,15.0,17.0,18.0,19.0,20.0,23.0,28.0,inferred
Rutland,2021-08-29,6.0,9.0,12.0,12.0,13.0,15.0,16.0,18.0,19.0,20.0,21.2,25.0,30.0,inferred
Rutland,2021-08-30,11.0,14.0,16.0,17.0,18.0,20.0,22.0,24.0,26.0,27.0,29.0,32.0,38.0,inferred
Rutland,2021-08-31,9.0,13.0,16.0,17.0,18.0,20.0,21.0,23.0,25.0,26.0,28.0,32.0,38.0,inferred
Rutland,2021-09-01,10.0,13.0,16.0,17.0,18.0,20.0,22.0,23.0,25.0,26.0,28.0,31.0,36.0,inferred
Rutland,2021-09-02,10.0,13.0,16.0,17.0,17.0,19.0,21.0,23.0,25.0,26.0,27.0,31.0,36.0,inferred
Rutland,2021-09-03,8.5,11.9,14.0,15.0,15.0,17.0,19.0,21.0,22.3,24.0,25.0,28.0,34.0,inferred
Rutland,2021-09-04,6.0,9.0,11.0,12.0,13.0,14.0,16.0,17.0,19.0,20.0,21.0,24.0,30.0,inferred
Rutland,2021-09-05,7.0,10.0,13.0,13.0,14.0,16.0,17.0,19.0,20.0,21.0,23.0,26.0,31.0,inferred
Rutland,2021-09-06,11.0,15.0,17.0,18.0,19.0,21.0,23.0,25.0,27.0,28.0,29.0,33.0,39.0,inferred
Rutland,2021-09-07,10.0,14.0,16.0,17.0,18.0,20.0,21.0,23.0,25.0,26.0,28.0,31.0,37.0,inferred
Rutland,2021-09-08,8.0,12.0,15.0,16.0,17.0,19.0,21.0,22.0,24.0,25.0,27.0,30.0,36.0,inferred
Rutland,2021-09-09,8.5,11.0,14.0,15.0,15.0,17.0,19.0,20.0,22.0,23.0,25.0,29.0,35.0,inferred
Rutland,2021-09-10,6.0,9.0,11.0,12.0,13.0,15.0,16.0,18.0,19.0,20.0,21.0,25.0,30.0,inferred
Rutland,2021-09-11,4.0,7.0,9.0,10.0,10.0,12.0,13.0,15.0,16.0,17.0,18.0,21.0,26.0,inferred
Rutland,2021-09-12,5.0,7.0,9.0,10.0,10.0,12.0,13.0,14.0,16.0,17.0,18.0,21.0,26.0,inferred
Rutland,2021-09-13,7.0,10.0,12.0,13.0,14.0,16.0,17.0,19.0,21.0,22.0,23.0,26.0,31.0,inferred
Rutland,2021-09-14,6.0,10.0,12.0,12.0,13.0,15.0,16.0,18.0,19.0,20.0,22.0,24.0,29.0,inferred
Rutland,2021-09-15,7.0,10.0,12.0,13.0,13.0,15.0,16.0,18.0,20.0,20.0,22.0,25.0,30.0,inferred
Rutland,2021-09-16,7.0,10.0,12.0,13.0,14.0,15.0,17.0,18.0,20.0,21.0,22.0,26.0,31.0,inferred
Rutland,2021-09-17,7.0,9.0,11.0,12.0,13.0,14.0,16.0,17.0,19.0,20.0,21.0,24.0,29.0,inferred
Rutland,2021-09-18,5.0,8.0,10.0,11.0,11.7,13.0,14.0,15.4,17.0,18.0,19.0,22.0,27.0,inferred
Rutland,2021-09-19,6.0,9.0,11.0,12.0,13.0,14.0,15.0,17.0,19.0,20.0,21.0,24.0,30.0,inferred
Rutland,2021-09-20,10.0,14.0,17.0,18.0,19.0,21.0,22.0,24.0,26.0,27.0,28.0,32.0,39.0,inferred
Rutland,2021-09-21,10.0,14.0,16.0,17.0,18.0,20.0,21.0,23.0,25.0,26.0,27.0,31.0,38.0,inferred
Rutland,2021-09-22,10.0,14.0,16.0,17.0,18.0,20.0,22.0,24.0,26.0,27.0,28.0,31.0,37.0,inferred
Rutland,2021-09-23,10.0,13.0,16.0,17.0,18.0,19.0,21.0,23.0,25.0,26.0,27.0,31.0,36.0,inferred
Rutland,2021-09-24,8.0,11.0,14.0,15.0,16.0,17.0,19.0,20.0,22.0,23.0,24.0,27.0,33.0,inferred
Rutland,2021-09-25,6.0,9.0,11.0,12.0,13.0,14.0,16.0,17.0,19.0,20.0,22.0,25.0,30.0,inferred
Rutland,2021-09-26,7.0,10.0,12.0,13.0,14.0,16.0,17.0,19.0,21.0,22.0,23.0,26.0,31.0,inferred
Rutland,2021-09-27,11.0,15.0,17.0,18.0,20.0,21.0,23.0,25.0,27.0,28.0,30.0,34.0,41.0,inferred
Rutland,2021-09-28,11.0,14.0,17.0,18.0,19.0,21.0,23.0,25.0,27.0,28.0,29.0,32.1,39.0,inferred
Rutland,2021-09-29,11.0,15.0,17.0,19.0,19.0,21.0,23.0,25.0,27.0,28.0,29.0,34.0,40.0,inferred
Rutland,2021-09-30,11.0,15.0,18.0,19.0,20.0,21.0,23.0,25.0,27.0,28.0,29.0,33.0,38.5,inferred
Rutland,2021-10-01,10.0,13.0,16.0,17.0,18.0,20.0,21.0,23.0,25.0,26.0,27.0,31.0,37.0,inferred
Rutland,2021-10-02,8.0,12.0,14.0,15.0,15.0,17.0,19.0,20.0,22.0,23.0,25.0,28.0,34.0,inferred
Rutland,2021-10-03,9.0,12.0,15.0,16.0,17.0,19.0,20.0,22.0,24.0,25.0,27.0,30.0,35.0,inferred
Rutland,2021-10-04,15.0,19.0,21.8,23.0,24.0,26.0,28.0,30.0,33.0,34.0,36.0,40.0,47.0,inferred
Rutland,2021-10-05,14.0,18.0,21.0,23.0,24.0,26.0,28.0,30.0,32.0,33.0,34.0,38.0,45.5,inferred
Rutland,2021-10-06,15.0,19.0,22.8,24.0,25.0,27.0,29.0,31.0,34.0,35.0,36.0,41.0,48.0,inferred
Rutland,2021-10-07,15.0,19.0,22.0,24.0,24.0,27.0,29.0,31.0,34.0,35.0,36.0,40.0,45.5,inferred
Rutland,2021-10-08,14.0,19.0,22.0,23.0,24.0,26.0,27.0,29.0,31.0,33.0,34.0,38.0,45.5,inferred
Rutland,2021-10-09,13.0,16.0,18.0,20.0,21.0,23.0,25.0,26.0,29.0,30.0,31.0,35.0,41.0,inferred
Rutland,2021-10-10,15.0,19.0,22.0,23.0,24.0,26.0,28.0,30.0,32.0,33.0,35.0,39.0,45.0,inferred
Rutland,2021-10-11,23.0,29.0,32.0,34.0,35.0,37.0,39.0,42.0,45.0,46.0,48.0,53.0,61.0,inferred
Rutland,2021-10-12,22.0,27.0,31.0,32.0,33.0,36.0,38.0,40.0,43.0,44.0,46.0,51.0,59.0,inferred
Rutland,2021-10-13,21.0,26.0,30.0,31.0,33.0,36.0,38.0,41.0,43.0,45.0,46.0,51.0,58.0,inferred
Rutland,2021-10-14,20.0,25.0,29.0,30.0,31.0,33.0,36.0,38.0,41.0,42.0,44.0,49.0,55.0,inferred
Rutland,2021-10-15,17.0,22.0,25.0,26.0,28.0,30.0,32.0,34.0,36.0,37.0,39.0,44.0,53.0,inferred
Ryedale,2021-07-03,3.0,4.0,6.0,7.0,7.0,8.0,9.0,11.0,12.0,13.0,14.0,16.0,21.0,inferred
Ryedale,2021-07-04,3.0,5.0,6.0,7.0,8.0,9.0,10.0,11.0,13.0,14.0,14.0,17.0,22.0,inferred
Ryedale,2021-07-05,6.0,8.0,10.0,11.0,12.0,13.0,15.0,16.0,18.0,19.0,20.0,23.0,28.0,inferred
Ryedale,2021-07-06,5.0,8.0,10.0,10.0,11.0,13.0,14.0,16.0,18.0,19.0,20.0,24.0,29.0,inferred
Ryedale,2021-07-07,6.0,9.0,11.0,11.0,12.0,14.0,15.0,17.0,19.0,20.0,21.0,23.0,29.5,inferred
Ryedale,2021-07-08,6.0,9.0,11.0,12.0,13.0,14.0,16.0,18.0,19.0,20.0,22.0,25.0,30.0,inferred
Ryedale,2021-07-09,7.0,9.0,11.0,12.0,13.0,14.0,16.0,18.0,20.0,21.0,22.0,25.0,30.5,inferred
Ryedale,2021-07-10,5.0,8.0,10.0,11.0,12.0,13.0,15.0,16.0,18.0,19.0,20.0,23.0,28.5,inferred
Ryedale,2021-07-11,7.0,10.0,12.0,13.0,14.0,15.0,17.0,18.0,20.0,21.0,22.0,25.0,32.0,inferred
Ryedale,2021-07-12,13.0,17.0,20.0,21.0,22.0,24.0,26.0,28.0,30.0,31.0,33.0,37.0,43.0,inferred
Ryedale,2021-07-13,12.0,16.0,19.0,20.0,21.0,23.0,25.0,27.0,29.0,30.0,32.0,36.0,42.0,inferred
Ryedale,2021-07-14,12.0,16.0,18.0,19.0,21.0,23.0,25.0,27.0,29.0,30.0,32.0,35.0,42.0,inferred
Ryedale,2021-07-15,11.0,15.0,18.0,19.0,20.0,21.0,23.0,25.0,28.0,29.0,30.0,34.0,41.0,inferred
Ryedale,2021-07-16,9.0,13.0,15.0,16.0,17.0,19.0,21.0,22.0,25.0,26.0,27.0,30.0,36.0,inferred
Ryedale,2021-07-17,7.0,10.0,12.0,13.0,14.0,16.0,17.0,19.0,21.0,21.0,22.0,26.0,31.0,inferred
Ryedale,2021-07-18,7.0,10.0,13.0,13.0,14.0,16.0,17.0,19.0,21.0,22.0,23.0,27.0,32.0,inferred
Ryedale,2021-07-19,11.0,15.0,18.0,19.0,20.0,22.0,24.0,26.0,28.0,29.0,31.0,35.0,41.0,inferred
Ryedale,2021-07-20,10.0,13.0,16.0,17.0,18.0,20.0,21.5,23.0,25.0,26.0,28.0,32.0,39.0,inferred
Ryedale,2021-07-21,8.0,12.0,15.0,16.0,17.0,18.0,20.0,22.0,24.0,25.0,26.0,29.0,35.5,inferred
Ryedale,2021-07-22,7.0,10.0,13.0,14.0,15.0,16.0,18.0,20.0,21.0,22.0,23.0,27.0,33.0,inferred
Ryedale,2021-07-23,6.0,8.0,10.0,11.0,12.0,13.0,15.0,17.0,18.0,19.0,20.0,24.0,30.0,inferred
Ryedale,2021-07-24,4.0,6.0,7.8,8.0,9.0,10.0,11.0,13.0,14.0,15.0,16.0,19.0,24.0,inferred
Ryedale,2021-07-25,4.0,6.0,8.0,8.0,9.0,10.0,11.0,13.0,14.0,15.0,17.0,19.0,23.0,inferred
Ryedale,2021-07-26,6.0,9.0,11.0,11.0,12.0,14.0,15.0,17.0,19.0,19.0,21.0,24.0,29.0,inferred
Ryedale,2021-07-27,5.0,8.0,9.0,10.0,11.0,12.0,14.0,15.0,17.0,18.0,19.0,22.0,27.0,inferred
Ryedale,2021-07-28,5.0,8.0,10.0,10.0,11.0,12.0,14.0,16.0,17.0,18.0,19.0,22.0,27.5,inferred
Ryedale,2021-07-29,5.0,7.0,9.0,10.0,11.0,12.0,13.0,15.0,16.0,17.0,19.0,21.1,27.0,inferred
Ryedale,2021-07-30,5.0,7.0,9.0,9.0,10.0,11.0,13.0,14.0,16.0,16.0,17.0,21.0,26.0,inferred
Ryedale,2021-07-31,3.0,5.0,7.0,8.0,8.0,10.0,11.0,12.0,14.0,14.0,15.0,18.0,24.0,inferred
Ryedale,2021-08-01,3.0,6.0,8.0,9.0,9.0,11.0,12.0,13.0,15.0,16.0,17.0,20.0,25.0,inferred
Ryedale,2021-08-02,7.0,10.0,12.0,13.0,14.0,15.0,17.0,19.0,20.0,22.0,23.0,27.0,33.0,inferred
Ryedale,2021-08-03,7.0,10.0,12.0,13.0,14.0,15.0,17.0,18.0,20.0,21.0,23.0,26.0,32.0,inferred
Ryedale,2021-08-04,8.0,10.0,13.0,14.0,15.0,16.0,18.0,20.0,22.0,23.0,24.0,27.0,34.0,inferred
Ryedale,2021-08-05,7.0,11.0,13.0,14.0,15.0,17.0,18.0,20.0,22.0,23.0,24.0,28.0,34.0,inferred
Ryedale,2021-08-06,8.0,11.0,13.0,14.0,15.0,17.0,18.0,20.0,21.0,22.0,24.0,27.0,33.0,inferred
Ryedale,2021-08-07,6.0,9.0,12.0,12.0,13.0,15.0,16.0,18.0,20.0,21.0,22.0,25.0,31.0,inferred
Ryedale,2021-08-08,8.0,11.0,13.0,14.0,15.0,17.0,18.0,20.0,22.0,23.0,24.0,27.0,34.0,inferred
Ryedale,2021-08-09,13.0,18.0,20.0,22.0,23.0,25.0,27.0,29.0,31.0,32.0,34.0,39.0,45.0,inferred
Ryedale,2021-08-10,12.0,17.0,20.0,21.0,22.0,24.0,26.0,28.0,30.0,32.0,33.0,38.0,44.0,inferred
Ryedale,2021-08-11,13.0,18.0,21.0,22.0,23.0,25.0,27.0,29.0,32.0,33.0,35.0,39.0,46.0,inferred
Ryedale,2021-08-12,13.0,17.9,21.0,22.0,23.0,25.0,27.0,29.0,31.0,32.0,34.0,38.0,45.0,inferred
Ryedale,2021-08-13,12.0,16.0,19.0,20.0,21.0,23.0,25.0,27.0,29.0,30.0,31.0,35.0,42.5,inferred
Ryedale,2021-08-14,10.0,13.0,16.0,17.0,18.0,20.0,22.0,24.0,26.0,27.0,28.0,32.0,38.0,inferred
Ryedale,2021-08-15,12.0,15.0,18.0,19.0,20.0,22.0,24.0,26.0,28.0,29.0,31.0,34.0,41.0,inferred
Ryedale,2021-08-16,19.0,24.0,27.0,28.0,29.0,32.0,34.0,36.0,39.0,41.0,42.0,47.0,56.0,inferred
Ryedale,2021-08-17,17.0,22.0,25.0,27.0,28.0,30.0,32.0,34.0,38.0,39.0,40.0,45.0,53.0,inferred
Ryedale,2021-08-18,17.0,22.0,25.0,26.0,27.0,30.0,32.0,34.0,37.0,38.0,39.0,44.0,52.0,inferred
Ryedale,2021-08-19,15.0,20.0,23.0,25.0,26.0,28.0,30.0,32.0,34.0,36.0,38.0,42.0,49.0,inferred
Ryedale,2021-08-20,13.0,17.0,20.0,21.0,22.0,24.0,26.0,28.0,31.0,32.0,33.0,38.0,45.0,inferred
Ryedale,2021-08-21,11.0,14.0,16.0,17.0,18.0,20.0,22.0,24.0,26.0,27.0,29.0,32.0,38.0,inferred
Ryedale,2021-08-22,10.0,14.0,17.0,18.0,19.0,21.0,23.0,25.0,27.0,28.0,29.0,33.0,39.5,inferred
Ryedale,2021-08-23,17.0,21.0,25.0,26.0,27.0,29.0,31.0,34.0,36.0,38.0,39.0,44.0,51.0,inferred
Ryedale,2021-08-24,14.5,19.0,22.0,23.0,24.7,26.0,29.0,31.0,33.0,34.0,36.0,40.0,47.0,inferred
Ryedale,2021-08-25,14.0,18.0,21.0,22.0,24.0,26.0,28.0,30.0,33.0,34.0,35.0,40.0,48.0,inferred
Ryedale,2021-08-26,13.0,17.0,20.0,21.0,22.0,24.0,26.0,28.0,30.0,32.0,33.0,37.0,43.0,inferred
Ryedale,2021-08-27,11.0,15.0,18.0,19.0,20.0,22.0,24.0,26.0,28.0,30.0,31.0,35.0,40.0,inferred
Ryedale,2021-08-28,8.0,12.0,15.0,16.0,16.0,18.0,20.0,22.0,24.0,25.0,26.0,30.0,36.0,inferred
Ryedale,2021-08-29,10.0,13.0,15.0,17.0,18.0,19.0,21.0,23.0,25.0,26.0,28.0,31.0,37.0,inferred
Ryedale,2021-08-30,16.0,20.0,23.0,24.0,25.0,27.0,29.0,31.0,34.0,35.0,37.0,41.0,48.0,inferred
Ryedale,2021-08-31,14.0,18.0,21.0,22.0,23.0,25.0,27.0,29.0,32.0,33.0,35.0,39.0,46.0,inferred
Ryedale,2021-09-01,14.0,18.0,21.0,22.0,23.0,25.0,27.0,29.0,32.0,33.0,34.0,39.0,45.0,inferred
Ryedale,2021-09-02,13.0,17.0,20.0,21.0,22.0,24.0,26.0,28.0,30.0,31.0,33.0,37.0,44.5,inferred
Ryedale,2021-09-03,11.0,15.0,18.0,19.0,20.0,22.0,23.0,25.0,27.0,29.0,30.0,34.0,39.0,inferred
Ryedale,2021-09-04,8.0,11.0,14.0,15.0,16.0,18.0,19.0,21.0,22.0,24.0,25.0,29.0,34.0,inferred
Ryedale,2021-09-05,8.0,12.0,14.0,15.0,16.0,18.0,20.0,21.0,23.0,24.0,25.0,29.0,36.0,inferred
Ryedale,2021-09-06,13.0,17.0,20.0,22.0,23.0,25.0,27.0,29.0,31.0,32.0,34.0,37.1,45.0,inferred
Ryedale,2021-09-07,11.0,15.0,18.0,20.0,21.0,23.0,25.0,27.0,29.0,30.0,31.0,35.0,41.0,inferred
Ryedale,2021-09-08,11.0,15.0,17.0,18.0,19.0,21.0,23.0,25.0,27.0,28.0,29.0,34.0,40.0,inferred
Ryedale,2021-09-09,10.0,13.0,15.0,16.0,17.0,19.0,21.0,23.0,25.0,26.0,27.0,31.0,37.0,inferred
Ryedale,2021-09-10,7.0,11.0,13.0,14.0,15.0,16.0,18.0,19.0,21.0,22.0,24.0,27.0,33.0,inferred
Ryedale,2021-09-11,5.0,8.0,10.0,11.0,12.0,13.0,14.0,16.0,17.0,18.0,19.0,23.0,28.0,inferred
Ryedale,2021-09-12,5.0,8.0,10.0,11.0,11.0,13.0,14.0,16.0,18.0,19.0,20.0,23.0,28.0,inferred
Ryedale,2021-09-13,8.0,11.0,14.0,15.0,16.0,17.0,19.0,21.0,23.0,24.0,25.0,29.0,35.5,inferred
Ryedale,2021-09-14,7.0,11.0,13.0,14.0,15.0,16.0,18.0,19.0,21.0,22.2,24.0,27.0,33.0,inferred
Ryedale,2021-09-15,8.0,11.0,14.0,15.0,16.0,17.0,19.0,20.0,22.0,23.0,25.0,28.0,34.0,inferred
Ryedale,2021-09-16,8.0,11.0,14.0,15.0,15.0,17.0,19.0,20.0,22.0,23.0,25.0,28.0,34.0,inferred
Ryedale,2021-09-17,8.0,11.0,13.0,14.0,15.0,17.0,18.0,20.0,22.0,23.0,24.0,28.0,33.0,inferred
Ryedale,2021-09-18,6.0,9.0,12.0,12.0,13.0,15.0,16.0,18.0,20.0,21.0,22.0,25.0,31.5,inferred
Ryedale,2021-09-19,8.0,11.0,14.0,14.0,15.0,17.0,19.0,21.0,22.0,23.0,24.0,27.0,33.0,inferred
Ryedale,2021-09-20,14.0,18.0,21.0,22.0,23.0,25.0,27.0,29.0,31.0,32.0,34.0,38.0,44.0,inferred
Ryedale,2021-09-21,13.0,17.0,20.0,21.0,22.0,24.0,26.0,28.0,30.0,32.0,33.0,38.0,44.0,inferred
Ryedale,2021-09-22,12.5,17.0,20.0,21.0,22.0,24.0,26.0,28.0,30.0,31.0,33.0,37.0,43.5,inferred
Ryedale,2021-09-23,12.0,16.0,19.0,20.0,21.0,23.0,24.0,26.0,28.0,30.0,31.0,35.0,42.0,inferred
Ryedale,2021-09-24,10.0,13.0,16.0,17.0,18.0,20.0,21.0,23.0,25.0,26.0,28.0,32.0,38.5,inferred
Ryedale,2021-09-25,7.0,10.0,13.0,14.0,14.0,16.0,18.0,20.0,21.0,22.0,24.0,27.0,32.0,inferred
Ryedale,2021-09-26,8.0,12.0,14.0,15.0,16.0,18.0,19.0,21.0,23.0,24.0,25.0,28.0,34.0,inferred
Ryedale,2021-09-27,13.0,17.0,20.0,21.0,22.0,24.0,26.0,28.0,30.0,31.0,32.0,36.0,43.0,inferred
Ryedale,2021-09-28,12.0,15.0,18.0,19.0,20.0,22.0,24.0,26.0,29.0,30.0,31.0,35.0,41.0,inferred
Ryedale,2021-09-29,12.0,16.0,19.0,20.0,21.0,23.0,25.0,27.0,29.0,30.0,32.0,35.0,42.0,inferred
Ryedale,2021-09-30,12.0,15.0,18.0,19.0,20.0,22.0,24.0,26.0,28.0,29.0,31.0,35.0,42.0,inferred
Ryedale,2021-10-01,10.5,14.0,17.0,18.0,19.0,21.0,23.0,24.0,27.0,28.0,29.0,33.0,39.0,inferred
Ryedale,2021-10-02,8.5,12.0,14.0,15.0,16.0,18.0,19.0,21.0,23.0,24.0,25.0,29.0,35.0,inferred
Ryedale,2021-10-03,9.0,13.0,15.0,17.0,17.0,19.0,21.0,23.0,25.0,26.0,27.0,30.0,37.0,inferred
Ryedale,2021-10-04,15.0,20.0,23.0,24.0,25.0,28.0,30.0,32.0,35.0,36.0,38.0,42.0,48.0,inferred
Ryedale,2021-10-05,16.0,20.0,23.0,24.0,25.0,27.0,29.0,31.0,34.0,35.0,37.0,41.0,48.0,inferred
Ryedale,2021-10-06,17.0,21.0,25.0,26.0,27.0,29.0,31.0,33.0,36.0,37.0,39.0,43.0,51.0,inferred
Ryedale,2021-10-07,17.0,21.0,25.0,26.0,27.0,30.0,32.0,34.0,36.0,38.0,40.0,45.0,52.0,inferred
Ryedale,2021-10-08,16.0,21.0,24.0,25.0,26.0,29.0,31.0,33.0,35.0,37.0,38.0,42.0,51.0,inferred
Ryedale,2021-10-09,13.0,17.0,20.0,21.0,23.0,25.0,27.0,29.0,31.0,33.0,34.0,39.0,45.0,inferred
Ryedale,2021-10-10,15.0,20.0,23.0,24.0,25.0,27.0,30.0,32.0,34.0,36.0,37.0,42.0,48.5,inferred
Ryedale,2021-10-11,25.0,31.0,35.0,37.0,38.0,41.0,43.0,46.0,49.0,50.0,52.0,57.0,66.0,inferred
Ryedale,2021-10-12,24.0,31.0,34.0,36.0,37.0,40.0,42.0,45.0,48.0,49.0,51.0,55.0,64.0,inferred
Ryedale,2021-10-13,25.0,31.0,35.0,37.0,38.0,41.0,43.0,46.0,49.0,51.0,52.0,57.0,66.0,inferred
Ryedale,2021-10-14,24.0,30.0,34.0,35.0,37.0,40.0,42.0,45.0,47.0,48.0,50.0,56.0,65.0,inferred
Ryedale,2021-10-15,21.0,27.0,30.0,32.0,33.0,36.0,38.0,41.0,44.0,45.2,48.0,53.0,62.0,inferred
Salford,2021-07-03,119.0,129.0,135.0,137.0,139.0,143.0,147.0,150.0,154.0,156.0,159.0,166.0,178.0,inferred
Salford,2021-07-04,132.5,143.0,149.0,152.0,154.0,158.0,162.5,166.0,170.0,172.0,175.0,182.0,193.0,inferred
Salford,2021-07-05,203.0,212.0,219.0,223.0,225.0,229.0,233.0,237.0,242.0,245.0,248.0,257.0,269.0,inferred
Salford,2021-07-06,193.0,205.0,212.0,215.0,217.0,222.0,226.0,230.0,235.0,238.0,240.0,248.0,259.0,inferred
Salford,2021-07-07,199.5,210.0,219.0,221.0,224.0,229.0,233.0,238.0,242.3,244.0,247.0,255.0,269.0,inferred
Salford,2021-07-08,199.0,209.9,218.0,221.0,223.0,228.0,232.0,237.0,241.0,244.0,247.0,255.0,266.0,inferred
Salford,2021-07-09,178.5,190.0,197.0,200.0,202.0,207.0,211.0,216.0,220.0,223.0,225.0,233.0,246.5,inferred
Salford,2021-07-10,149.5,161.0,169.0,171.8,174.0,178.0,183.0,187.0,192.0,194.0,197.0,204.0,215.0,inferred
Salford,2021-07-11,166.0,178.0,185.0,187.8,191.0,195.0,199.0,204.0,209.0,212.0,214.0,222.0,233.0,inferred
Salford,2021-07-12,242.0,256.0,266.0,269.0,273.0,279.0,285.0,290.0,296.0,299.0,303.0,314.0,330.0,inferred
Salford,2021-07-13,232.0,245.0,254.0,257.8,260.0,266.0,271.0,277.0,283.0,286.0,290.0,301.0,317.0,inferred
Salford,2021-07-14,233.0,247.0,255.0,258.0,262.0,268.0,273.0,278.0,283.0,287.0,291.0,300.1,316.5,inferred
Salford,2021-07-15,222.5,234.0,243.0,247.0,249.0,254.0,260.0,265.0,270.0,273.0,277.0,286.0,300.5,inferred
Salford,2021-07-16,194.0,205.0,213.0,216.0,218.0,223.0,227.0,232.0,236.0,239.0,242.0,250.0,262.0,inferred
Salford,2021-07-17,156.0,166.0,173.0,176.0,178.0,183.0,187.0,191.0,196.0,198.0,201.0,209.0,223.0,inferred
Salford,2021-07-18,162.0,174.0,181.0,184.0,186.0,190.0,194.0,199.0,204.0,207.0,209.2,218.0,230.0,inferred
Salford,2021-07-19,224.5,239.0,247.0,251.0,254.0,260.0,265.0,271.0,277.0,280.0,284.0,294.0,310.0,inferred
Salford,2021-07-20,202.0,215.0,224.0,226.0,229.0,235.0,240.0,245.0,251.0,253.0,257.0,265.0,279.0,inferred
Salford,2021-07-21,192.0,204.0,213.0,216.0,219.0,223.0,228.0,233.0,239.0,241.0,244.0,252.0,266.5,inferred
Salford,2021-07-22,171.5,182.0,189.0,193.0,195.0,200.0,205.0,209.0,214.0,216.0,219.0,228.0,241.0,inferred
Salford,2021-07-23,139.0,149.9,155.0,158.0,160.0,164.0,168.0,172.0,177.0,179.0,181.0,189.0,201.5,inferred
Salford,2021-07-24,106.0,115.0,121.0,122.0,124.0,128.0,131.0,135.0,139.0,141.0,144.0,150.0,159.0,inferred
Salford,2021-07-25,104.0,113.0,118.0,120.0,122.0,126.0,129.0,133.0,137.0,139.0,141.0,148.0,157.0,inferred
Salford,2021-07-26,139.0,149.0,156.0,159.0,161.0,166.0,170.0,174.0,179.0,181.0,184.0,191.0,203.0,inferred
Salford,2021-07-27,125.0,134.0,141.0,144.0,147.0,150.0,154.0,159.0,162.0,165.0,167.0,175.0,186.0,inferred
Salford,2021-07-28,127.5,136.0,143.0,146.0,149.0,153.0,157.0,161.0,165.0,167.0,170.0,178.0,187.0,inferred
Salford,2021-07-29,124.0,134.0,139.0,142.0,144.0,148.0,152.0,156.0,160.0,163.0,166.0,173.0,184.0,inferred
Salford,2021-07-30,110.0,118.0,125.0,127.0,129.0,133.0,136.0,139.0,143.0,146.0,148.0,155.0,165.0,inferred
Salford,2021-07-31,91.0,98.0,104.0,106.0,107.0,111.0,114.0,117.0,121.0,122.0,125.0,131.0,141.5,inferred
Salford,2021-08-01,97.0,105.0,111.0,113.0,115.0,119.0,122.0,125.0,129.0,131.0,133.0,139.0,148.0,inferred
Salford,2021-08-02,138.0,150.0,157.0,160.0,162.0,166.0,171.0,175.0,179.0,181.0,184.0,192.0,204.0,inferred
Salford,2021-08-03,130.5,141.0,147.0,150.0,153.0,157.0,161.0,165.0,169.0,171.0,174.0,181.0,192.5,inferred
Salford,2021-08-04,132.0,141.0,148.0,151.0,153.0,156.6,161.0,164.0,168.0,171.0,173.0,181.0,192.5,inferred
Salford,2021-08-05,126.0,135.0,142.0,145.0,147.0,151.0,155.0,159.0,163.0,165.0,168.0,174.0,186.0,inferred
Salford,2021-08-06,111.0,119.0,125.0,127.0,129.0,133.0,137.0,141.0,145.0,147.0,150.0,156.0,164.5,inferred
Salford,2021-08-07,90.0,98.0,104.0,106.0,108.0,111.0,114.0,117.0,120.0,122.0,125.0,130.1,140.0,inferred
Salford,2021-08-08,97.0,104.9,110.0,112.0,114.0,117.0,121.0,124.0,128.0,130.0,132.0,139.0,149.5,inferred
Salford,2021-08-09,135.0,146.0,153.8,156.0,158.0,163.0,167.0,171.0,176.0,178.0,181.0,189.0,202.0,inferred
Salford,2021-08-10,127.5,137.0,144.0,146.0,149.0,153.0,157.0,160.0,165.0,168.0,170.0,178.0,190.0,inferred
Salford,2021-08-11,125.0,136.0,143.0,145.0,147.7,151.0,155.0,159.0,163.0,165.0,169.0,176.0,188.0,inferred
Salford,2021-08-12,118.0,129.0,135.0,138.0,140.0,145.0,148.0,152.0,156.0,158.0,160.2,166.0,178.0,inferred
Salford,2021-08-13,103.5,112.0,118.0,120.0,121.0,125.0,129.0,133.0,137.0,139.0,141.0,148.0,157.0,inferred
Salford,2021-08-14,83.0,91.0,97.0,99.0,101.0,104.0,107.0,110.0,114.0,115.0,118.0,123.0,133.0,inferred
Salford,2021-08-15,88.0,97.0,102.0,104.0,105.0,109.0,112.0,115.0,119.0,121.0,122.0,129.0,138.0,inferred
Salford,2021-08-16,124.0,134.0,141.0,144.0,146.0,151.0,154.0,158.0,163.0,165.0,168.0,175.0,185.0,inferred
Salford,2021-08-17,117.0,125.0,132.0,134.0,136.0,141.0,144.0,148.0,152.0,154.0,157.0,164.0,176.0,inferred
Salford,2021-08-18,116.0,127.0,133.0,135.0,137.0,141.0,145.0,148.0,151.0,154.0,156.0,164.0,175.0,inferred
Salford,2021-08-19,112.5,121.0,127.0,129.0,131.7,135.0,139.0,142.0,146.0,149.0,151.0,158.0,168.0,inferred
Salford,2021-08-20,97.0,106.0,112.0,114.0,116.0,120.0,123.0,126.0,130.0,132.0,134.0,140.1,149.5,inferred
Salford,2021-08-21,81.0,88.0,93.0,95.0,97.0,100.0,102.0,106.0,109.0,111.0,113.0,119.0,129.0,inferred
Salford,2021-08-22,84.0,93.0,98.0,100.0,101.7,105.0,108.0,112.0,115.0,117.0,118.0,124.0,133.0,inferred
Salford,2021-08-23,122.0,131.0,137.0,139.0,141.0,145.0,149.0,153.0,157.3,160.0,162.0,171.0,182.0,inferred
Salford,2021-08-24,114.0,122.0,129.0,131.0,133.0,137.0,141.0,144.0,148.0,151.0,153.0,160.0,169.0,inferred
Salford,2021-08-25,115.0,124.0,130.0,132.0,135.0,138.0,142.0,145.0,149.3,152.0,154.0,161.0,173.0,inferred
Salford,2021-08-26,111.0,121.0,126.0,128.0,129.0,133.0,136.0,140.0,144.0,146.0,148.0,156.0,165.0,inferred
Salford,2021-08-27,97.0,106.0,111.0,113.0,115.0,118.0,121.0,125.0,128.0,130.0,132.0,139.0,147.0,inferred
Salford,2021-08-28,80.0,87.0,92.0,94.0,96.0,98.0,101.0,104.0,107.3,110.0,112.0,117.0,126.0,inferred
Salford,2021-08-29,84.0,92.0,97.0,100.0,101.0,105.0,108.0,111.0,115.0,117.0,119.0,125.0,133.0,inferred
Salford,2021-08-30,120.0,130.0,136.0,139.0,142.0,146.0,149.0,154.0,158.0,161.0,163.0,170.0,180.0,inferred
Salford,2021-08-31,114.0,124.0,130.0,132.0,134.0,138.0,142.0,146.0,150.0,152.0,155.0,161.0,170.0,inferred
Salford,2021-09-01,118.0,126.0,133.0,135.0,138.0,141.0,145.0,148.0,152.0,155.0,157.0,164.1,175.0,inferred
Salford,2021-09-02,113.0,123.0,129.0,131.0,133.0,137.0,141.0,144.0,149.0,150.0,153.0,159.0,169.5,inferred
Salford,2021-09-03,101.0,109.0,114.0,116.0,118.0,122.0,126.0,129.0,133.0,135.0,138.0,144.0,152.0,inferred
Salford,2021-09-04,83.0,91.0,96.0,98.0,100.0,103.0,106.0,109.0,113.0,115.0,116.0,122.0,131.0,inferred
Salford,2021-09-05,88.0,97.0,102.0,104.0,106.0,109.0,112.0,115.0,119.0,121.0,123.0,128.0,137.5,inferred
Salford,2021-09-06,126.0,137.0,144.0,147.0,149.0,153.0,157.0,161.0,165.0,168.0,170.0,178.0,189.0,inferred
Salford,2021-09-07,116.0,126.0,132.0,134.0,137.0,141.0,144.0,148.0,152.0,155.0,158.0,165.0,175.0,inferred
Salford,2021-09-08,112.0,121.0,127.0,129.0,131.0,135.0,138.0,142.0,146.0,148.0,151.0,157.0,168.0,inferred
Salford,2021-09-09,101.0,109.0,116.0,117.0,119.0,123.0,126.0,130.0,133.0,135.0,137.0,144.0,153.0,inferred
Salford,2021-09-10,82.0,90.0,95.0,97.0,99.0,102.0,105.0,108.0,111.0,113.0,116.0,122.0,131.0,inferred
Salford,2021-09-11,63.0,70.0,75.0,77.0,78.0,81.0,83.0,86.0,89.0,91.0,93.0,99.0,106.0,inferred
Salford,2021-09-12,63.5,70.0,75.0,76.0,78.0,81.0,84.0,87.0,90.0,91.0,93.0,98.0,105.5,inferred
Salford,2021-09-13,86.0,95.0,100.0,102.0,104.0,108.0,111.0,114.0,118.0,120.0,122.0,128.0,137.0,inferred
Salford,2021-09-14,80.0,87.0,93.0,95.0,97.0,101.0,104.0,107.0,110.0,112.0,114.0,120.0,128.0,inferred
Salford,2021-09-15,84.0,90.0,96.0,98.0,100.0,103.0,107.0,110.0,113.0,115.2,117.2,123.0,132.0,inferred
Salford,2021-09-16,82.0,89.0,94.0,97.0,99.0,102.0,106.0,109.0,112.0,114.0,116.0,122.0,132.0,inferred
Salford,2021-09-17,73.0,81.0,86.0,88.0,89.0,93.0,96.0,99.0,102.0,104.0,106.0,111.0,120.0,inferred
Salford,2021-09-18,62.0,69.0,73.8,76.0,77.0,80.0,83.0,86.0,88.0,90.0,92.0,97.0,104.0,inferred
Salford,2021-09-19,69.0,76.0,81.0,82.0,84.0,87.0,90.0,93.0,96.0,98.0,99.2,105.0,113.0,inferred
Salford,2021-09-20,99.5,108.0,115.0,117.0,119.0,123.0,126.0,130.0,134.0,136.0,138.0,145.0,156.0,inferred
Salford,2021-09-21,96.0,104.0,109.0,112.0,114.0,118.0,121.0,124.0,127.0,129.0,131.0,139.0,149.0,inferred
Salford,2021-09-22,97.0,105.0,111.0,113.0,115.0,119.0,122.0,126.0,129.0,131.0,133.0,140.0,149.0,inferred
Salford,2021-09-23,95.0,102.9,107.0,109.0,111.0,114.0,117.0,121.0,125.0,127.0,129.0,134.1,144.0,inferred
Salford,2021-09-24,82.0,89.0,94.0,96.0,98.0,101.0,105.0,108.0,111.0,113.0,116.0,121.0,131.0,inferred
Salford,2021-09-25,68.0,74.0,78.0,80.0,82.0,85.0,88.0,91.0,94.0,96.0,98.0,102.0,111.0,inferred
Salford,2021-09-26,71.0,78.0,83.0,85.0,87.0,90.0,93.0,96.0,99.0,101.0,103.0,109.0,117.0,inferred
Salford,2021-09-27,103.0,112.0,118.0,120.0,122.0,126.0,130.0,133.0,137.0,139.0,142.0,149.0,158.0,inferred
Salford,2021-09-28,99.0,107.9,113.0,115.0,117.0,121.0,124.0,128.0,131.0,133.0,136.0,142.1,152.0,inferred
Salford,2021-09-29,103.0,112.0,117.0,119.0,122.0,125.0,129.0,132.0,136.0,138.0,141.0,148.0,159.0,inferred
Salford,2021-09-30,102.0,111.0,116.0,119.0,122.0,125.0,128.0,131.0,135.3,137.0,140.0,146.0,155.0,inferred
Salford,2021-10-01,92.5,101.0,106.0,109.0,111.0,114.0,117.0,120.0,124.0,126.0,128.0,134.0,144.0,inferred
Salford,2021-10-02,78.0,86.0,91.0,93.0,94.0,98.0,101.0,104.0,107.0,109.0,110.0,116.0,124.5,inferred
Salford,2021-10-03,86.0,94.0,100.0,102.0,104.0,107.0,110.0,113.0,116.0,118.0,121.0,127.0,136.0,inferred
Salford,2021-10-04,126.5,136.0,143.0,146.0,148.0,152.0,156.0,160.0,164.0,167.0,169.0,176.0,187.5,inferred
Salford,2021-10-05,123.0,131.9,137.0,140.0,142.0,146.0,150.0,155.0,158.0,161.0,163.2,170.0,180.0,inferred
Salford,2021-10-06,124.0,134.0,139.0,142.0,145.0,149.0,153.0,157.0,161.0,163.0,165.0,172.0,183.5,inferred
Salford,2021-10-07,120.0,130.0,136.0,138.0,140.0,144.0,148.0,152.0,155.3,159.0,161.0,168.0,178.0,inferred
Salford,2021-10-08,105.5,115.0,121.0,123.0,125.0,128.0,132.0,136.0,140.0,142.0,144.2,151.0,161.0,inferred
Salford,2021-10-09,87.0,96.0,101.0,103.0,105.0,108.0,112.0,115.0,118.0,120.0,123.0,129.0,139.0,inferred
Salford,2021-10-10,95.0,102.0,107.0,110.0,111.0,115.0,118.0,122.0,125.0,127.0,130.0,135.0,145.5,inferred
Salford,2021-10-11,134.0,144.0,152.0,155.0,158.0,162.0,166.0,170.0,175.0,178.0,181.0,189.0,201.0,inferred
Salford,2021-10-12,122.0,134.0,141.0,144.0,146.0,150.0,154.0,158.4,162.0,164.0,167.0,175.0,187.0,inferred
Salford,2021-10-13,119.0,130.0,136.0,138.0,141.0,146.0,149.0,153.0,158.0,161.0,164.0,172.0,182.0,inferred
Salford,2021-10-14,110.0,119.0,125.8,128.0,131.0,135.0,140.0,143.0,147.0,149.0,152.0,159.0,169.5,inferred
Salford,2021-10-15,90.0,100.0,106.0,108.0,111.0,115.0,119.0,123.0,126.0,129.0,131.0,138.0,149.0,inferred
Sandwell,2021-07-03,81.0,91.0,99.0,101.0,104.0,109.0,114.0,118.0,124.0,127.0,131.0,142.1,157.0,inferred
Sandwell,2021-07-04,96.0,107.0,116.0,119.0,122.0,126.0,131.0,136.0,141.0,144.0,147.0,157.0,171.0,inferred
Sandwell,2021-07-05,146.5,159.0,171.0,174.0,177.0,184.0,190.0,195.4,202.0,205.0,209.0,219.0,235.0,inferred
Sandwell,2021-07-06,152.0,163.0,172.0,176.0,179.0,184.0,191.0,196.0,201.0,204.0,208.0,217.0,231.5,inferred
Sandwell,2021-07-07,158.0,173.0,182.0,185.0,188.7,194.0,200.0,205.0,211.0,214.0,219.0,228.0,245.0,inferred
Sandwell,2021-07-08,163.0,178.0,187.0,190.0,194.0,200.0,206.0,212.0,219.0,221.0,225.0,236.1,255.0,inferred
Sandwell,2021-07-09,157.0,169.0,180.0,183.0,186.0,191.0,197.0,202.0,208.0,212.0,215.2,226.0,245.0,inferred
Sandwell,2021-07-10,140.0,153.0,162.0,166.0,168.0,175.0,180.0,185.0,191.0,194.0,198.0,207.1,223.0,inferred
Sandwell,2021-07-11,162.0,178.0,187.0,191.0,194.0,200.0,206.0,211.0,218.0,220.0,225.0,236.0,257.0,inferred
Sandwell,2021-07-12,241.0,261.0,273.0,278.0,282.0,291.0,297.0,305.0,312.0,316.0,320.0,333.0,356.5,inferred
Sandwell,2021-07-13,237.0,254.0,266.0,269.0,274.0,280.0,286.5,294.0,303.0,307.0,311.0,324.0,346.5,inferred
Sandwell,2021-07-14,233.0,250.0,263.0,268.0,271.0,278.0,285.0,292.0,300.0,304.0,310.0,323.0,338.5,inferred
Sandwell,2021-07-15,222.0,237.0,249.0,253.0,257.0,263.0,271.0,277.0,285.0,288.0,293.0,306.0,324.0,inferred
Sandwell,2021-07-16,190.0,206.0,215.0,220.0,223.0,230.0,236.0,242.0,249.0,253.0,257.0,268.0,286.0,inferred
Sandwell,2021-07-17,156.0,168.9,178.0,182.0,186.0,191.0,197.0,202.0,208.0,212.0,216.0,227.0,243.0,inferred
Sandwell,2021-07-18,160.0,175.0,185.0,189.0,192.0,199.0,204.0,210.0,216.0,219.0,223.0,234.0,251.0,inferred
Sandwell,2021-07-19,216.5,233.9,246.0,250.0,254.0,260.0,267.0,274.0,283.0,287.0,292.0,303.0,324.5,inferred
Sandwell,2021-07-20,195.0,210.0,220.0,224.0,228.0,235.0,242.0,248.0,255.0,259.0,262.0,274.0,292.5,inferred
Sandwell,2021-07-21,179.0,194.0,205.0,208.0,212.0,218.0,224.0,230.0,236.0,240.0,245.0,256.0,274.0,inferred
Sandwell,2021-07-22,159.0,172.0,182.0,185.0,188.0,193.0,199.0,204.0,210.0,213.0,218.0,229.0,246.0,inferred
Sandwell,2021-07-23,129.0,141.0,149.0,153.0,155.0,161.0,166.0,171.0,177.0,179.2,183.0,193.0,208.5,inferred
Sandwell,2021-07-24,97.5,109.0,116.0,118.0,121.7,127.0,131.0,135.0,140.3,143.0,146.0,154.0,166.0,inferred
Sandwell,2021-07-25,97.0,107.0,114.0,117.0,119.0,125.0,129.0,134.0,139.0,142.0,145.0,153.0,164.0,inferred
Sandwell,2021-07-26,124.0,138.0,146.8,150.0,153.0,158.0,163.0,168.0,174.0,177.0,180.0,190.0,205.5,inferred
Sandwell,2021-07-27,114.0,126.0,134.0,138.0,140.0,145.0,149.0,155.0,161.0,165.0,168.0,177.0,192.0,inferred
Sandwell,2021-07-28,117.0,128.0,136.8,140.0,142.0,147.0,152.0,157.0,161.0,164.0,168.0,178.0,191.0,inferred
Sandwell,2021-07-29,115.0,126.9,134.0,138.0,141.0,145.0,149.0,154.0,160.0,164.0,167.2,176.0,191.0,inferred
Sandwell,2021-07-30,101.0,113.0,121.0,124.0,127.0,132.0,137.0,142.0,147.0,150.0,153.0,161.1,177.0,inferred
Sandwell,2021-07-31,87.5,98.0,105.0,108.0,110.0,114.0,118.0,122.0,128.0,131.0,134.0,142.1,155.0,inferred
Sandwell,2021-08-01,95.0,107.0,114.0,117.0,119.0,123.0,128.0,133.0,138.0,141.0,144.0,152.0,167.0,inferred
Sandwell,2021-08-02,135.0,148.9,159.0,162.0,165.0,170.0,176.0,181.0,187.0,191.0,194.2,205.0,221.0,inferred
Sandwell,2021-08-03,128.0,143.0,150.0,154.0,157.0,162.0,166.5,172.0,178.0,182.0,185.0,195.0,215.0,inferred
Sandwell,2021-08-04,129.0,142.0,150.0,154.0,157.0,162.0,167.0,172.0,178.0,181.0,185.0,196.0,214.0,inferred
Sandwell,2021-08-05,125.0,137.0,144.8,147.8,150.0,156.0,161.0,165.4,172.0,175.0,179.0,188.1,200.0,inferred
Sandwell,2021-08-06,111.0,122.0,129.0,132.0,135.0,140.0,145.0,150.0,155.0,157.0,160.0,169.1,184.0,inferred
Sandwell,2021-08-07,91.0,103.0,110.0,112.0,115.0,119.0,124.0,129.0,133.0,136.0,139.0,147.0,161.0,inferred
Sandwell,2021-08-08,99.0,109.0,117.0,120.0,122.0,127.0,131.0,136.0,141.0,143.2,147.0,155.1,168.5,inferred
Sandwell,2021-08-09,137.0,152.0,161.0,164.0,167.0,173.0,179.0,184.0,191.0,194.0,198.0,207.1,224.5,inferred
Sandwell,2021-08-10,128.0,141.0,152.0,155.0,158.0,164.0,170.0,175.0,181.0,185.0,188.0,198.0,213.5,inferred
Sandwell,2021-08-11,130.0,143.0,152.0,156.0,159.0,164.0,169.0,175.0,181.0,183.2,188.0,197.1,211.5,inferred
Sandwell,2021-08-12,125.0,139.0,147.0,150.0,153.0,158.0,164.0,169.0,175.0,178.0,182.0,192.0,207.0,inferred
Sandwell,2021-08-13,111.0,124.0,132.0,135.0,138.0,142.0,147.0,152.0,157.0,160.0,164.0,172.0,184.0,inferred
Sandwell,2021-08-14,92.0,103.0,111.0,115.0,118.0,122.0,127.0,131.0,137.0,140.0,143.0,150.0,162.0,inferred
Sandwell,2021-08-15,99.5,110.0,118.0,120.0,123.0,128.0,133.0,138.0,143.0,146.0,149.0,158.0,171.5,inferred
Sandwell,2021-08-16,140.0,153.0,162.0,165.0,167.0,173.0,179.0,185.0,191.0,195.0,199.0,210.0,226.0,inferred
Sandwell,2021-08-17,131.5,143.0,152.0,156.0,159.0,165.0,170.0,176.0,181.0,185.0,188.0,198.0,214.5,inferred
Sandwell,2021-08-18,131.0,144.0,153.0,156.0,158.0,163.0,169.0,174.0,180.0,183.0,188.0,198.0,218.0,inferred
Sandwell,2021-08-19,127.0,139.0,148.0,151.0,154.0,159.0,165.0,170.0,175.0,179.0,182.0,191.0,206.5,inferred
Sandwell,2021-08-20,111.0,123.0,132.0,135.0,138.0,143.0,148.0,153.0,159.0,162.0,165.0,174.0,189.0,inferred
Sandwell,2021-08-21,94.0,106.0,112.0,114.0,117.0,122.6,127.0,131.0,136.0,139.0,142.0,150.0,166.5,inferred
Sandwell,2021-08-22,98.0,111.0,119.0,121.8,124.0,129.0,133.0,137.0,142.0,145.0,149.0,157.0,170.0,inferred
Sandwell,2021-08-23,140.0,154.0,162.0,165.0,169.0,175.0,180.0,185.0,190.0,194.0,198.0,207.0,226.0,inferred
Sandwell,2021-08-24,130.0,142.0,152.0,156.0,159.0,165.0,170.0,175.0,180.3,184.0,187.0,198.0,216.0,inferred
Sandwell,2021-08-25,131.0,143.0,151.0,154.0,158.0,163.0,168.0,174.0,180.0,183.0,188.0,198.0,214.0,inferred
Sandwell,2021-08-26,127.0,138.9,147.0,150.0,153.0,158.0,164.0,169.0,174.0,177.0,181.0,190.0,203.0,inferred
Sandwell,2021-08-27,111.0,122.0,130.0,133.0,136.7,142.0,147.0,152.0,157.0,160.0,163.0,173.0,187.0,inferred
Sandwell,2021-08-28,92.0,103.0,110.0,113.0,116.0,120.0,124.0,129.0,133.0,136.0,139.0,148.0,161.0,inferred
Sandwell,2021-08-29,98.5,109.0,117.0,120.0,123.0,128.0,133.0,137.0,142.0,144.0,148.0,157.0,169.0,inferred
Sandwell,2021-08-30,139.5,152.0,161.0,164.0,168.0,173.0,179.0,184.0,191.0,194.0,197.0,208.0,224.0,inferred
Sandwell,2021-08-31,132.0,144.0,153.0,156.8,160.0,165.6,170.0,176.0,183.0,186.0,190.0,199.0,213.0,inferred
Sandwell,2021-09-01,135.0,147.0,156.8,160.0,163.0,169.0,174.0,180.0,185.0,189.0,192.0,203.0,218.0,inferred
Sandwell,2021-09-02,131.0,145.0,154.0,157.0,160.0,165.0,170.0,175.0,182.0,185.0,188.0,199.0,215.0,inferred
Sandwell,2021-09-03,120.0,133.0,140.0,143.0,145.0,151.0,155.0,160.0,165.0,169.0,173.0,181.1,195.0,inferred
Sandwell,2021-09-04,102.0,113.0,120.8,123.0,127.0,131.0,135.0,140.0,145.0,148.0,151.0,160.0,175.5,inferred
Sandwell,2021-09-05,110.0,121.0,129.0,132.0,135.0,140.0,146.0,151.0,156.0,159.0,163.0,172.0,183.0,inferred
Sandwell,2021-09-06,156.5,170.0,181.0,183.8,186.0,193.0,198.0,204.4,211.0,214.0,218.0,230.0,245.5,inferred
Sandwell,2021-09-07,146.0,160.0,169.0,173.0,176.0,181.0,187.0,192.4,198.0,201.0,205.0,215.0,230.5,inferred
Sandwell,2021-09-08,142.0,155.0,163.0,166.0,169.0,174.0,179.0,184.0,190.0,193.2,197.0,206.1,222.5,inferred
Sandwell,2021-09-09,127.5,140.0,149.0,153.0,156.0,161.0,166.0,172.0,178.0,180.0,184.0,193.0,207.0,inferred
Sandwell,2021-09-10,107.0,120.0,127.0,130.0,133.0,137.0,142.0,147.0,152.0,155.0,159.2,168.0,182.0,inferred
Sandwell,2021-09-11,84.0,95.0,103.0,106.0,108.0,113.0,117.0,122.0,127.0,129.0,132.2,141.0,154.0,inferred
Sandwell,2021-09-12,86.0,98.0,105.0,108.0,110.0,114.0,119.0,123.0,127.0,130.0,133.0,141.0,155.0,inferred
Sandwell,2021-09-13,115.5,129.0,137.0,140.0,144.0,148.0,154.0,158.0,164.0,167.0,171.0,179.0,194.0,inferred
Sandwell,2021-09-14,111.5,122.0,129.0,132.0,135.0,140.0,145.0,150.0,156.0,158.0,161.0,172.0,185.0,inferred
Sandwell,2021-09-15,117.0,127.0,136.0,139.0,141.0,147.0,151.0,156.0,161.3,165.0,168.0,176.1,193.0,inferred
Sandwell,2021-09-16,118.0,130.0,138.0,140.0,143.0,148.0,153.0,158.0,164.0,167.0,170.0,179.0,195.0,inferred
Sandwell,2021-09-17,108.5,122.0,130.0,132.0,135.0,140.0,144.0,150.0,155.0,157.2,161.0,170.0,184.0,inferred
Sandwell,2021-09-18,96.0,107.0,114.0,116.0,119.0,124.0,128.0,133.0,138.0,141.0,145.0,151.1,165.5,inferred
Sandwell,2021-09-19,109.0,119.0,127.0,131.0,133.0,138.0,143.0,148.0,153.0,155.0,159.0,167.0,181.0,inferred
Sandwell,2021-09-20,158.0,170.0,179.0,183.0,185.7,192.0,198.0,204.4,210.0,214.0,218.0,230.0,247.0,inferred
Sandwell,2021-09-21,147.0,162.0,171.0,174.0,177.0,183.0,189.0,196.0,202.0,205.0,209.0,219.0,238.5,inferred
Sandwell,2021-09-22,145.5,159.0,169.0,172.0,175.0,181.0,186.0,192.0,198.0,201.0,205.0,215.0,231.0,inferred
Sandwell,2021-09-23,136.0,149.0,159.0,162.0,165.0,171.0,175.0,180.0,186.0,189.0,192.0,203.0,222.0,inferred
Sandwell,2021-09-24,116.5,129.0,138.0,140.0,143.7,149.0,154.0,159.0,164.0,167.0,170.0,180.1,195.0,inferred
Sandwell,2021-09-25,92.0,104.0,112.0,114.0,117.0,122.0,126.0,131.0,135.0,138.0,140.0,149.0,161.5,inferred
Sandwell,2021-09-26,96.0,108.0,116.0,119.0,122.0,127.0,131.0,136.0,141.0,144.0,146.2,155.0,167.0,inferred
Sandwell,2021-09-27,132.0,146.0,155.0,159.0,162.0,168.0,173.5,179.0,185.0,188.0,192.2,202.0,217.0,inferred
Sandwell,2021-09-28,122.5,138.0,147.0,150.0,153.0,159.0,163.0,169.0,174.0,176.0,179.0,188.0,201.5,inferred
Sandwell,2021-09-29,122.5,135.0,144.0,148.0,150.0,156.0,161.0,166.0,172.0,175.0,179.0,189.0,204.0,inferred
Sandwell,2021-09-30,119.0,132.0,140.0,143.0,146.0,151.0,156.0,160.0,166.0,170.0,173.0,183.0,197.5,inferred
Sandwell,2021-10-01,106.0,117.0,125.0,128.0,131.0,136.0,140.0,145.0,150.0,152.0,156.0,165.0,180.5,inferred
Sandwell,2021-10-02,87.0,99.0,106.0,108.0,110.0,115.0,119.0,123.0,129.0,131.2,135.0,144.0,157.0,inferred
Sandwell,2021-10-03,97.0,105.9,113.0,116.0,118.0,123.0,127.0,132.0,136.0,139.0,142.0,151.0,163.0,inferred
Sandwell,2021-10-04,134.0,146.0,155.0,158.0,161.0,167.0,173.0,178.0,184.0,187.0,190.0,200.0,219.0,inferred
Sandwell,2021-10-05,125.0,137.0,147.0,150.8,154.0,159.0,164.5,170.0,176.0,179.0,182.0,191.0,206.0,inferred
Sandwell,2021-10-06,129.0,143.0,152.0,155.0,158.0,164.0,169.0,175.0,181.0,184.0,187.0,198.0,212.5,inferred
Sandwell,2021-10-07,128.0,141.0,149.0,153.0,156.0,161.0,167.0,172.0,178.0,181.0,184.2,194.0,209.0,inferred
Sandwell,2021-10-08,120.0,130.0,139.0,141.8,144.0,150.0,155.0,159.0,164.0,167.2,171.0,182.0,195.0,inferred
Sandwell,2021-10-09,99.0,112.0,119.0,122.0,125.0,129.0,134.0,138.0,144.0,146.0,150.0,159.0,172.5,inferred
Sandwell,2021-10-10,110.0,121.0,129.0,132.0,135.0,141.0,146.0,151.0,156.0,159.0,162.0,172.0,187.0,inferred
Sandwell,2021-10-11,158.0,172.0,183.0,186.0,189.0,196.0,202.0,208.0,214.0,217.0,221.0,231.0,248.0,inferred
Sandwell,2021-10-12,149.5,164.9,173.0,176.0,180.0,185.0,190.5,196.0,203.0,207.0,212.0,221.0,237.0,inferred
Sandwell,2021-10-13,146.0,161.0,171.0,175.0,177.0,183.0,189.0,195.0,201.0,204.0,207.0,218.0,233.0,inferred
Sandwell,2021-10-14,137.0,151.9,161.0,164.0,167.0,174.0,179.0,185.0,190.0,194.0,198.0,208.0,225.5,inferred
Sandwell,2021-10-15,118.5,133.0,140.8,144.0,147.0,153.0,158.0,163.0,169.0,173.0,177.0,188.0,206.5,inferred
Scarborough,2021-07-03,16.0,20.0,22.0,23.0,24.0,26.0,27.0,29.0,31.0,32.0,33.0,36.0,41.0,inferred
Scarborough,2021-07-04,20.0,24.0,26.0,27.0,28.0,30.0,32.0,33.0,35.0,36.0,38.0,41.0,47.0,inferred
Scarborough,2021-07-05,34.0,39.0,42.0,44.0,45.0,47.0,49.0,51.0,53.0,55.0,57.0,60.0,66.5,inferred
Scarborough,2021-07-06,37.0,41.0,44.0,46.0,47.0,49.0,51.0,53.0,56.0,57.0,58.0,62.0,68.5,inferred
Scarborough,2021-07-07,41.0,47.0,50.0,51.0,52.0,55.0,57.0,59.0,61.0,63.0,64.0,68.0,75.0,inferred
Scarborough,2021-07-08,43.5,50.0,53.0,55.0,56.0,59.0,61.0,63.0,66.0,68.0,69.0,73.0,79.0,inferred
Scarborough,2021-07-09,46.0,51.0,56.0,57.0,58.0,60.0,63.0,65.0,67.0,69.0,70.0,75.0,81.5,inferred
Scarborough,2021-07-10,43.0,48.0,51.0,53.0,54.0,57.0,59.0,62.0,64.0,65.0,66.0,70.0,76.0,inferred
Scarborough,2021-07-11,52.0,57.0,62.0,63.0,64.0,67.0,69.0,72.0,75.0,76.0,78.0,82.0,89.0,inferred
Scarborough,2021-07-12,83.0,91.0,96.0,98.0,100.0,103.0,107.0,110.0,114.0,116.0,118.0,124.0,134.0,inferred
Scarborough,2021-07-13,82.5,89.9,95.0,97.0,99.0,102.0,105.0,108.0,111.0,113.0,116.0,121.0,130.0,inferred
Scarborough,2021-07-14,80.5,88.0,93.0,95.0,97.0,100.0,104.0,107.0,111.0,112.2,114.0,119.0,128.0,inferred
Scarborough,2021-07-15,73.0,82.0,86.0,88.0,90.0,93.0,96.0,99.0,101.0,103.0,105.0,110.0,118.0,inferred
Scarborough,2021-07-16,63.5,71.0,75.0,77.0,79.0,81.0,84.0,87.0,90.0,92.0,94.0,99.0,106.0,inferred
Scarborough,2021-07-17,50.0,56.0,60.0,62.0,63.0,66.0,68.0,70.0,73.0,74.0,76.0,81.0,88.0,inferred
Scarborough,2021-07-18,51.0,57.0,61.0,62.8,64.0,66.0,69.0,71.0,74.0,75.0,77.0,82.0,89.0,inferred
Scarborough,2021-07-19,71.0,77.0,82.0,84.0,86.0,88.0,91.0,94.0,97.0,99.0,101.0,106.1,114.5,inferred
Scarborough,2021-07-20,61.0,69.0,73.0,74.8,76.0,78.0,81.0,83.0,86.0,88.0,90.0,95.0,104.0,inferred
Scarborough,2021-07-21,56.0,63.0,67.0,68.0,70.0,73.0,75.5,78.0,80.0,82.0,83.0,88.0,96.0,inferred
Scarborough,2021-07-22,50.0,55.0,58.0,60.0,61.0,64.0,66.0,69.0,72.0,73.0,75.0,79.0,86.0,inferred
Scarborough,2021-07-23,41.0,46.0,49.0,50.0,52.0,54.0,56.0,58.0,61.0,62.0,64.0,67.1,74.0,inferred
Scarborough,2021-07-24,31.0,35.0,38.0,39.0,40.0,42.0,43.0,45.0,47.0,48.0,50.0,53.0,59.0,inferred
Scarborough,2021-07-25,29.0,33.0,37.0,38.0,39.0,41.0,43.0,45.0,47.0,48.0,49.0,52.0,57.0,inferred
Scarborough,2021-07-26,39.0,44.0,47.0,49.0,50.0,53.0,55.0,57.0,59.0,61.0,62.0,66.0,73.0,inferred
Scarborough,2021-07-27,34.5,39.0,42.0,44.0,45.0,47.0,49.0,51.0,53.0,55.0,56.0,60.0,67.0,inferred
Scarborough,2021-07-28,34.0,38.0,41.0,43.0,44.0,46.0,48.0,51.0,52.0,54.0,55.0,59.0,64.0,inferred
Scarborough,2021-07-29,31.0,35.0,39.0,40.0,41.0,43.0,45.0,47.0,50.0,51.0,52.0,56.0,62.0,inferred
Scarborough,2021-07-30,28.0,32.0,36.0,37.0,38.0,40.0,41.0,43.0,45.0,46.0,48.0,51.0,57.0,inferred
Scarborough,2021-07-31,22.0,26.0,29.0,30.0,31.0,33.0,34.0,36.0,38.0,39.0,41.0,43.0,48.0,inferred
Scarborough,2021-08-01,24.0,27.0,30.0,31.0,32.0,34.0,36.0,38.0,39.0,41.0,42.0,45.0,52.0,inferred
Scarborough,2021-08-02,34.0,39.0,43.0,44.0,45.0,48.0,50.0,52.0,54.0,55.0,57.0,60.0,67.0,inferred
Scarborough,2021-08-03,31.0,36.0,39.0,40.8,42.0,44.0,46.0,48.0,50.0,51.0,53.0,56.1,63.0,inferred
Scarborough,2021-08-04,31.0,36.0,39.0,41.0,42.0,44.0,46.0,48.0,50.0,52.0,53.0,57.0,63.5,inferred
Scarborough,2021-08-05,30.0,35.0,38.0,39.0,40.0,43.0,45.0,47.0,49.0,50.0,51.0,55.0,60.0,inferred
Scarborough,2021-08-06,28.0,32.0,35.0,36.0,37.0,39.0,41.0,43.0,45.0,46.0,47.0,51.0,56.0,inferred
Scarborough,2021-08-07,22.0,26.0,29.0,30.0,31.0,33.0,34.0,36.0,38.0,39.0,40.0,43.0,48.0,inferred
Scarborough,2021-08-08,24.0,28.0,31.0,32.0,33.0,34.0,36.0,38.0,40.0,41.0,43.0,46.0,51.0,inferred
Scarborough,2021-08-09,36.0,41.0,44.0,45.0,46.0,48.0,50.0,52.0,55.0,56.0,58.0,62.0,69.0,inferred
Scarborough,2021-08-10,32.0,37.0,41.0,42.0,43.0,45.0,47.0,49.0,52.0,53.0,54.0,58.0,64.5,inferred
Scarborough,2021-08-11,32.0,37.0,41.0,42.0,43.0,46.0,48.0,50.0,52.0,53.0,55.0,58.0,65.0,inferred
Scarborough,2021-08-12,32.0,36.0,39.0,40.0,41.0,43.0,45.0,47.0,49.0,50.0,51.0,55.0,61.0,inferred
Scarborough,2021-08-13,28.0,32.0,35.8,36.0,38.0,40.0,42.0,44.0,46.0,47.0,48.0,52.0,57.0,inferred
Scarborough,2021-08-14,22.0,26.0,29.0,30.0,31.0,33.0,35.0,36.0,38.0,39.0,40.2,44.0,49.0,inferred
Scarborough,2021-08-15,24.0,28.0,31.0,32.0,33.0,35.0,37.0,38.0,40.0,41.0,42.0,46.0,51.0,inferred
Scarborough,2021-08-16,35.0,40.0,43.0,45.0,46.0,48.0,50.0,52.0,55.0,56.0,58.0,62.0,68.0,inferred
Scarborough,2021-08-17,34.0,38.0,41.0,42.0,44.0,46.0,48.0,50.0,52.0,53.0,55.0,58.0,64.0,inferred
Scarborough,2021-08-18,34.0,39.0,42.0,43.0,44.0,47.0,48.0,50.0,53.0,54.0,56.0,59.0,65.0,inferred
Scarborough,2021-08-19,32.0,37.0,40.0,42.0,43.0,45.0,47.0,49.0,52.0,53.0,54.0,58.0,64.5,inferred
Scarborough,2021-08-20,30.5,35.0,38.0,40.0,41.0,42.0,44.5,46.0,49.0,50.0,51.0,54.0,60.0,inferred
Scarborough,2021-08-21,25.0,29.0,32.0,33.0,34.0,36.0,38.0,40.0,42.0,43.0,44.0,47.0,53.0,inferred
Scarborough,2021-08-22,27.5,32.0,35.0,36.0,37.0,39.0,41.0,43.0,45.0,46.0,47.0,50.0,56.0,inferred
Scarborough,2021-08-23,40.0,46.0,49.0,51.0,52.0,55.0,57.0,60.0,62.0,63.2,65.0,69.0,77.0,inferred
Scarborough,2021-08-24,38.0,44.0,48.0,49.0,50.0,53.0,54.5,57.0,59.0,60.2,62.0,66.0,73.0,inferred
Scarborough,2021-08-25,39.5,45.0,48.0,50.0,51.0,53.0,55.0,58.0,60.0,62.0,63.0,67.0,73.0,inferred
Scarborough,2021-08-26,38.0,43.9,47.0,49.0,50.0,52.0,54.0,56.0,58.0,60.0,61.0,66.0,72.0,inferred
Scarborough,2021-08-27,35.0,41.0,44.0,45.0,47.0,48.0,50.0,52.0,55.0,56.0,57.0,61.0,68.0,inferred
Scarborough,2021-08-28,29.0,33.0,36.0,38.0,39.0,41.0,42.0,44.0,46.0,47.0,49.0,52.0,58.0,inferred
Scarborough,2021-08-29,31.0,36.0,39.0,41.0,42.0,44.0,45.0,48.0,50.0,51.0,52.0,56.0,63.0,inferred
Scarborough,2021-08-30,47.0,53.0,57.0,58.0,60.0,62.0,65.0,67.0,70.0,71.0,73.0,78.0,84.0,inferred
Scarborough,2021-08-31,44.0,50.0,54.0,56.0,57.0,59.0,62.0,64.0,67.0,68.0,70.0,74.0,81.0,inferred
Scarborough,2021-09-01,44.5,50.0,54.0,56.0,57.0,60.0,62.0,64.0,67.0,68.0,70.0,74.0,81.0,inferred
Scarborough,2021-09-02,44.0,49.0,53.0,54.0,56.0,58.0,60.0,62.0,65.0,66.0,68.0,71.0,77.0,inferred
Scarborough,2021-09-03,39.0,45.0,50.0,51.0,52.0,54.0,56.0,58.0,60.0,62.0,63.0,67.0,74.0,inferred
Scarborough,2021-09-04,34.0,38.0,41.0,42.0,44.0,46.0,47.0,50.0,52.0,53.0,55.0,58.0,65.0,inferred
Scarborough,2021-09-05,36.0,40.0,44.0,45.0,46.0,49.0,50.5,52.0,55.0,56.0,57.0,61.0,67.0,inferred
Scarborough,2021-09-06,53.0,58.0,62.0,64.0,65.0,68.0,70.0,73.0,76.0,77.0,79.0,83.0,91.0,inferred
Scarborough,2021-09-07,48.0,54.0,58.0,59.0,61.0,63.0,66.0,68.0,71.0,72.0,74.0,78.0,85.0,inferred
Scarborough,2021-09-08,46.0,53.0,57.0,58.0,59.0,62.0,64.0,66.0,69.0,70.0,72.0,77.0,83.0,inferred
Scarborough,2021-09-09,44.0,49.0,53.0,54.0,55.0,58.0,60.0,62.0,65.0,66.0,68.0,72.0,80.0,inferred
Scarborough,2021-09-10,39.0,44.0,47.0,48.0,50.0,52.0,54.0,56.0,58.0,59.0,61.0,65.0,72.0,inferred
Scarborough,2021-09-11,30.0,35.0,38.0,39.0,40.0,42.0,44.0,46.0,48.0,49.0,50.2,55.0,60.0,inferred
Scarborough,2021-09-12,31.0,36.0,39.0,40.0,41.0,43.0,45.0,47.0,49.0,50.0,51.0,55.0,61.0,inferred
Scarborough,2021-09-13,44.0,49.0,53.0,54.0,55.0,58.0,60.5,63.0,66.0,67.0,69.0,74.0,81.0,inferred
Scarborough,2021-09-14,40.0,46.0,50.0,51.0,52.0,55.0,57.0,60.0,62.0,63.0,65.0,70.0,77.0,inferred
Scarborough,2021-09-15,43.0,48.0,51.8,53.0,54.0,57.0,59.0,61.0,63.0,65.0,67.0,71.0,79.0,inferred
Scarborough,2021-09-16,42.0,47.0,51.8,53.0,54.0,56.0,58.0,61.0,63.0,65.0,66.0,70.0,77.0,inferred
Scarborough,2021-09-17,40.0,45.0,49.0,50.0,51.0,54.0,56.0,58.0,60.0,62.0,63.0,67.0,73.0,inferred
Scarborough,2021-09-18,34.0,39.0,42.0,44.0,45.0,47.0,49.0,51.0,53.0,54.0,56.0,60.0,65.0,inferred
Scarborough,2021-09-19,38.0,43.0,47.0,48.0,49.0,52.0,54.0,56.0,58.0,59.0,61.0,65.0,71.0,inferred
Scarborough,2021-09-20,56.5,64.0,68.0,70.0,71.0,74.0,77.0,80.0,82.0,84.0,86.0,90.0,98.0,inferred
Scarborough,2021-09-21,55.0,62.0,66.0,67.0,69.0,72.0,74.0,77.0,80.0,81.0,83.0,88.0,95.0,inferred
Scarborough,2021-09-22,57.0,63.0,67.0,69.0,70.0,72.6,75.0,78.0,81.0,82.0,84.0,89.0,96.0,inferred
Scarborough,2021-09-23,56.0,61.9,65.0,67.0,68.0,71.0,73.0,76.0,78.0,80.0,82.0,87.0,94.5,inferred
Scarborough,2021-09-24,50.0,56.0,60.0,61.0,63.0,65.0,68.0,70.0,73.0,74.0,76.0,81.0,87.5,inferred
Scarborough,2021-09-25,42.0,47.0,51.0,52.0,53.0,56.0,58.0,60.0,63.0,64.0,66.0,70.0,75.0,inferred
Scarborough,2021-09-26,44.0,50.0,54.0,55.0,57.0,60.0,62.0,64.0,67.0,68.0,70.0,74.0,81.0,inferred
Scarborough,2021-09-27,66.0,73.0,78.0,79.0,81.0,84.0,87.0,89.4,92.3,94.0,96.0,101.0,108.0,inferred
Scarborough,2021-09-28,61.0,68.0,72.0,74.0,76.0,79.0,81.0,84.0,87.0,89.0,91.0,96.0,104.0,inferred
Scarborough,2021-09-29,61.0,67.0,72.0,74.0,75.0,78.0,81.0,84.0,86.0,88.0,90.0,95.0,104.0,inferred
Scarborough,2021-09-30,58.0,64.0,68.0,70.0,71.0,74.0,76.0,79.0,82.0,84.0,86.0,91.0,98.0,inferred
Scarborough,2021-10-01,52.0,58.0,62.0,63.0,65.0,67.0,70.0,72.0,75.0,76.0,78.0,82.0,88.5,inferred
Scarborough,2021-10-02,42.0,47.0,51.0,52.0,53.0,56.0,58.0,60.0,63.0,64.0,66.0,69.0,76.0,inferred
Scarborough,2021-10-03,45.0,51.0,54.0,55.0,57.0,59.0,61.0,63.0,66.0,67.0,69.0,73.0,79.0,inferred
Scarborough,2021-10-04,64.0,71.0,75.0,77.0,79.0,82.0,85.0,88.0,91.0,93.0,95.0,100.0,107.0,inferred
Scarborough,2021-10-05,58.5,66.0,71.0,72.8,74.0,76.0,79.0,82.0,85.0,87.0,89.0,94.0,102.0,inferred
Scarborough,2021-10-06,60.0,66.0,71.0,72.0,73.0,76.0,79.0,81.0,84.0,86.0,89.0,93.0,100.0,inferred
Scarborough,2021-10-07,57.5,63.0,68.0,69.0,70.7,73.0,76.0,78.0,81.0,82.0,84.0,89.0,96.0,inferred
Scarborough,2021-10-08,51.0,57.0,61.0,62.0,64.0,66.0,69.0,71.0,74.0,76.0,77.0,82.0,89.0,inferred
Scarborough,2021-10-09,42.0,47.0,50.0,52.0,53.0,55.0,57.0,60.0,62.0,64.0,65.0,69.0,75.0,inferred
Scarborough,2021-10-10,44.0,49.0,53.0,54.0,56.0,58.0,60.0,63.0,65.0,67.0,68.0,73.0,79.0,inferred
Scarborough,2021-10-11,64.0,71.0,75.0,77.0,78.0,81.0,84.0,87.0,90.0,92.0,93.0,98.0,106.5,inferred
Scarborough,2021-10-12,58.0,65.0,69.0,71.0,72.0,75.0,78.0,80.0,83.0,85.0,87.0,91.1,99.0,inferred
Scarborough,2021-10-13,57.0,64.0,68.0,70.0,71.0,74.0,76.0,79.0,82.0,83.0,85.0,90.0,99.5,inferred
Scarborough,2021-10-14,51.5,58.0,62.0,64.0,66.0,69.0,71.0,74.0,77.0,78.2,80.2,86.0,93.5,inferred
Scarborough,2021-10-15,44.0,51.0,56.0,58.0,59.0,62.0,64.0,66.0,69.0,71.0,73.0,78.0,86.5,inferred
Scottish Borders,2021-07-03,19.5,28.0,35.0,37.0,39.0,43.0,48.0,53.0,58.0,62.0,66.0,76.0,91.5,inferred
Scottish Borders,2021-07-04,17.0,26.0,33.0,35.0,37.0,41.0,45.5,50.0,56.0,60.0,63.0,73.0,86.0,inferred
Scottish Borders,2021-07-05,13.0,20.0,25.0,28.0,30.0,35.6,40.0,44.0,49.0,52.0,56.0,66.0,82.0,inferred
Scottish Borders,2021-07-06,16.0,23.0,29.0,31.0,33.0,38.0,43.0,47.0,53.0,56.0,59.0,68.0,88.0,inferred
Scottish Borders,2021-07-07,18.0,26.0,32.0,35.0,37.0,42.0,47.0,52.0,57.0,60.0,64.0,74.0,93.0,inferred
Scottish Borders,2021-07-08,11.0,19.0,24.0,27.0,29.0,33.0,38.0,42.0,47.0,50.0,53.0,64.0,79.0,inferred
Scottish Borders,2021-07-09,13.0,19.0,25.0,28.0,29.0,34.0,38.0,42.0,47.0,50.0,53.2,64.0,81.5,inferred
Scottish Borders,2021-07-10,15.0,23.0,29.0,32.0,34.0,37.0,42.0,46.4,52.0,54.0,58.0,68.0,86.0,inferred
Scottish Borders,2021-07-11,12.0,19.0,25.0,28.0,30.0,34.0,38.0,43.0,47.0,50.0,54.0,65.0,80.0,inferred
Scottish Borders,2021-07-12,9.0,15.0,20.0,22.0,24.0,27.6,31.0,35.0,40.0,43.0,46.0,54.0,68.0,inferred
Scottish Borders,2021-07-13,9.0,15.0,20.0,22.0,24.0,29.0,33.0,37.0,42.0,45.0,48.0,58.0,74.0,inferred
Scottish Borders,2021-07-14,11.0,17.9,23.0,25.0,27.0,31.0,36.0,41.0,45.0,50.0,53.0,63.0,79.0,inferred
Scottish Borders,2021-07-15,8.0,13.0,18.0,20.0,22.0,25.0,29.0,33.0,37.0,41.0,44.0,52.0,67.0,inferred
Scottish Borders,2021-07-16,8.0,13.0,17.0,19.0,21.0,25.0,28.0,32.0,36.0,39.0,43.0,52.0,68.0,inferred
Scottish Borders,2021-07-17,9.0,15.0,20.0,22.8,24.0,28.0,32.0,36.0,41.0,44.0,47.0,56.0,72.5,inferred
Scottish Borders,2021-07-18,8.0,13.0,17.0,20.0,21.0,25.0,28.0,32.4,37.0,40.0,42.0,51.1,69.0,inferred
Scottish Borders,2021-07-19,5.0,9.0,13.0,15.0,17.0,20.0,23.0,27.0,32.0,34.0,37.0,46.0,61.0,inferred
Scottish Borders,2021-07-20,5.0,10.0,14.0,15.0,17.0,20.0,23.0,27.0,31.0,33.0,36.0,46.0,60.0,inferred
Scottish Borders,2021-07-21,7.0,12.0,16.0,18.0,20.0,23.0,26.0,30.0,34.0,37.0,40.0,48.1,62.0,inferred
Scottish Borders,2021-07-22,4.0,8.0,12.0,13.0,15.0,18.0,21.0,24.0,29.0,31.0,34.0,42.0,57.0,inferred
Scottish Borders,2021-07-23,4.0,8.0,11.0,13.0,14.0,18.0,21.0,24.0,27.0,29.0,32.0,41.0,57.0,inferred
Scottish Borders,2021-07-24,5.0,9.0,13.0,15.0,17.0,20.0,23.0,27.0,31.0,34.0,37.0,45.0,59.0,inferred
Scottish Borders,2021-07-25,4.0,8.0,11.0,13.0,14.0,17.0,20.0,23.0,27.0,29.0,32.0,40.0,53.0,inferred
Scottish Borders,2021-07-26,2.5,5.0,8.0,10.0,11.0,13.0,16.0,19.0,23.0,25.0,28.0,36.0,52.0,inferred
Scottish Borders,2021-07-27,3.0,6.0,9.0,10.0,11.0,14.0,17.0,20.0,24.0,27.0,29.0,37.0,50.0,inferred
Scottish Borders,2021-07-28,3.0,7.0,10.0,12.0,13.0,16.0,19.0,22.0,26.0,28.0,30.2,39.0,54.0,inferred
Scottish Borders,2021-07-29,2.0,5.0,8.0,9.0,11.0,13.0,16.0,19.0,23.0,25.0,28.0,35.1,50.0,inferred
Scottish Borders,2021-07-30,2.0,6.0,9.0,10.0,11.0,13.0,16.0,19.0,22.3,24.0,27.0,34.0,48.5,inferred
Scottish Borders,2021-07-31,4.0,7.0,11.0,12.0,14.0,16.0,19.5,22.0,27.0,29.0,32.0,39.1,56.5,inferred
Scottish Borders,2021-08-01,3.0,7.0,10.0,11.0,12.0,15.0,18.0,21.0,24.0,27.0,30.0,37.0,52.0,inferred
Scottish Borders,2021-08-02,2.0,5.0,7.0,9.0,10.0,13.0,15.0,18.0,22.0,24.0,26.0,33.0,47.0,inferred
Scottish Borders,2021-08-03,2.0,6.0,9.0,10.0,12.0,15.0,17.0,19.0,23.0,26.0,28.0,35.0,47.0,inferred
Scottish Borders,2021-08-04,4.5,9.0,12.0,14.0,15.0,18.0,21.0,24.0,28.0,31.0,35.0,42.0,55.5,inferred
Scottish Borders,2021-08-05,3.0,6.0,9.0,11.0,12.0,15.0,18.0,21.0,25.0,26.2,29.2,37.1,49.0,inferred
Scottish Borders,2021-08-06,4.0,8.0,11.0,12.0,14.0,17.0,19.0,23.0,27.0,28.0,31.0,38.0,53.0,inferred
Scottish Borders,2021-08-07,6.0,10.0,14.0,16.0,17.7,21.0,25.0,29.0,33.0,35.0,38.0,46.0,64.5,inferred
Scottish Borders,2021-08-08,5.0,10.0,14.0,15.0,16.7,19.0,23.0,26.4,30.0,33.0,36.0,44.0,61.0,inferred
Scottish Borders,2021-08-09,3.5,7.0,11.0,12.0,13.0,17.0,20.0,24.0,28.0,30.0,33.0,43.0,57.0,inferred
Scottish Borders,2021-08-10,6.0,10.0,14.0,16.0,17.0,20.0,23.0,27.0,32.0,35.0,38.0,47.0,63.0,inferred
Scottish Borders,2021-08-11,7.0,13.0,18.0,19.0,21.0,25.0,29.0,32.0,37.0,40.0,43.0,52.0,69.0,inferred
Scottish Borders,2021-08-12,7.0,12.0,16.0,17.0,18.0,21.0,25.0,29.0,33.0,35.0,38.0,47.0,64.0,inferred
Scottish Borders,2021-08-13,8.0,13.0,18.0,20.0,21.0,25.0,29.0,33.0,38.0,40.0,43.2,52.0,67.0,inferred
Scottish Borders,2021-08-14,12.0,18.0,24.0,26.0,28.0,32.0,37.0,41.0,47.0,49.0,53.0,64.0,79.5,inferred
Scottish Borders,2021-08-15,11.5,19.0,24.0,26.0,28.0,32.0,36.0,41.0,46.0,49.0,52.0,62.0,78.0,inferred
Scottish Borders,2021-08-16,9.0,16.0,21.0,23.0,25.0,29.0,33.0,37.0,42.0,44.0,48.0,60.0,75.0,inferred
Scottish Borders,2021-08-17,13.0,21.0,26.0,28.0,30.0,34.0,38.0,42.0,48.0,51.2,55.0,65.0,82.5,inferred
Scottish Borders,2021-08-18,18.0,26.0,33.8,36.0,39.0,44.0,49.0,54.0,60.0,63.0,67.0,79.0,98.5,inferred
Scottish Borders,2021-08-19,16.0,24.0,30.0,33.0,35.0,40.0,44.0,49.0,55.0,58.0,62.0,72.0,95.0,inferred
Scottish Borders,2021-08-20,19.0,28.0,34.0,37.0,40.0,45.0,49.0,54.0,61.0,63.0,68.0,78.0,94.0,inferred
Scottish Borders,2021-08-21,27.0,37.0,45.0,48.0,50.0,56.0,61.0,66.0,72.0,76.0,80.0,93.0,113.5,inferred
Scottish Borders,2021-08-22,26.0,36.0,43.0,47.0,50.0,56.0,62.0,68.0,74.0,78.0,83.0,96.0,115.0,inferred
Scottish Borders,2021-08-23,22.0,33.0,39.0,42.0,46.0,50.0,56.0,61.0,67.0,70.0,75.0,86.0,109.5,inferred
Scottish Borders,2021-08-24,27.0,36.0,45.8,49.0,51.7,57.0,63.0,69.0,75.0,79.0,83.2,97.0,120.5,inferred
Scottish Borders,2021-08-25,35.0,46.0,55.0,59.0,62.0,68.0,74.0,81.0,87.0,91.0,96.0,108.0,127.5,inferred
Scottish Borders,2021-08-26,27.0,37.0,46.0,49.0,52.0,57.0,62.0,68.0,75.0,79.0,84.0,96.0,114.0,inferred
Scottish Borders,2021-08-27,31.0,42.0,49.0,53.0,56.0,62.0,68.0,75.0,81.0,85.0,88.0,103.0,123.5,inferred
Scottish Borders,2021-08-28,40.0,50.0,59.0,63.0,66.0,73.0,79.0,85.0,93.0,97.0,102.0,117.0,139.5,inferred
Scottish Borders,2021-08-29,35.0,48.0,57.0,60.0,63.0,69.0,75.0,81.0,89.0,93.0,98.0,110.0,134.0,inferred
Scottish Borders,2021-08-30,29.0,41.0,49.0,52.0,55.0,60.0,66.0,72.0,79.0,83.0,87.0,99.0,119.5,inferred
Scottish Borders,2021-08-31,33.0,46.0,54.0,57.0,60.0,66.6,72.5,79.0,87.0,91.0,97.0,110.0,135.0,inferred
Scottish Borders,2021-09-01,42.0,54.0,63.0,67.0,72.0,78.0,84.0,91.0,100.0,104.0,108.0,124.0,149.5,inferred
Scottish Borders,2021-09-02,31.0,43.0,51.0,54.0,57.0,63.0,69.0,76.0,82.0,86.0,90.0,102.0,126.0,inferred
Scottish Borders,2021-09-03,36.0,46.0,54.0,57.0,61.0,67.0,73.0,79.0,86.0,89.0,94.0,106.0,130.5,inferred
Scottish Borders,2021-09-04,41.0,55.0,64.0,68.0,71.7,77.0,84.0,91.0,98.0,102.0,107.0,124.0,147.0,inferred
Scottish Borders,2021-09-05,36.0,50.0,59.0,63.0,66.0,73.0,79.0,86.0,93.0,97.0,102.0,116.0,136.0,inferred
Scottish Borders,2021-09-06,30.0,41.9,49.0,52.8,56.0,62.0,68.0,75.0,81.0,85.0,90.0,101.0,123.0,inferred
Scottish Borders,2021-09-07,31.0,44.0,52.0,56.0,59.0,65.0,70.0,77.0,83.0,88.0,92.0,104.0,126.5,inferred
Scottish Borders,2021-09-08,37.0,47.0,57.0,61.0,64.0,71.0,77.0,84.0,91.0,95.0,99.0,112.0,136.0,inferred
Scottish Borders,2021-09-09,26.0,35.0,43.0,46.0,49.0,54.0,59.5,65.0,72.0,77.0,82.0,94.0,115.0,inferred
Scottish Borders,2021-09-10,24.0,32.0,40.0,43.0,47.0,53.0,59.0,64.0,71.0,74.0,77.0,90.0,108.5,inferred
Scottish Borders,2021-09-11,29.0,39.9,47.0,51.0,54.0,59.0,64.0,70.0,76.0,80.0,85.0,98.0,118.0,inferred
Scottish Borders,2021-09-12,23.0,31.0,39.0,41.0,44.0,50.0,54.0,60.0,67.0,71.0,75.0,86.0,104.0,inferred
Scottish Borders,2021-09-13,16.0,24.0,30.0,32.0,35.0,39.0,43.0,48.0,53.0,56.0,60.0,71.0,87.5,inferred
Scottish Borders,2021-09-14,16.0,24.0,30.0,33.0,35.0,40.0,44.0,49.0,55.3,58.2,62.0,71.0,92.0,inferred
Scottish Borders,2021-09-15,18.0,28.0,33.0,36.0,38.0,42.0,47.0,53.0,58.0,62.0,66.0,79.0,98.0,inferred
Scottish Borders,2021-09-16,13.0,20.0,26.0,28.0,30.0,35.0,39.0,44.0,49.0,52.0,55.0,64.0,85.5,inferred
Scottish Borders,2021-09-17,12.0,19.0,24.0,26.0,28.0,32.0,36.0,41.0,46.0,50.0,53.0,63.0,81.0,inferred
Scottish Borders,2021-09-18,15.5,23.0,28.8,31.0,33.0,37.0,41.0,45.0,51.0,54.0,57.0,69.0,85.0,inferred
Scottish Borders,2021-09-19,12.0,19.0,25.0,27.0,29.0,32.0,36.0,41.0,46.0,49.0,53.0,62.0,78.0,inferred
Scottish Borders,2021-09-20,8.0,14.0,19.0,21.0,23.0,27.0,31.0,35.0,39.0,42.0,45.0,54.0,71.0,inferred
Scottish Borders,2021-09-21,9.0,15.0,20.0,22.0,24.0,27.0,32.0,36.0,41.0,43.2,47.0,56.0,72.0,inferred
Scottish Borders,2021-09-22,11.0,19.0,25.0,27.0,29.0,32.0,37.0,41.0,46.0,49.0,52.0,63.0,80.0,inferred
Scottish Borders,2021-09-23,9.0,14.9,19.0,21.0,23.0,27.0,30.0,34.0,39.0,41.0,45.0,55.0,72.0,inferred
Scottish Borders,2021-09-24,9.0,15.0,20.0,22.0,24.0,28.0,31.0,36.0,40.0,43.0,46.0,54.0,72.0,inferred
Scottish Borders,2021-09-25,12.0,19.0,24.0,26.0,29.0,32.0,36.0,41.0,46.0,49.0,53.0,63.0,81.0,inferred
Scottish Borders,2021-09-26,11.0,17.0,22.0,25.0,27.0,31.0,36.0,40.0,45.0,49.0,52.0,61.0,82.0,inferred
Scottish Borders,2021-09-27,9.0,14.0,19.0,21.0,23.0,26.0,30.0,34.0,38.0,41.0,44.0,52.0,67.0,inferred
Scottish Borders,2021-09-28,9.0,16.0,21.0,23.0,25.0,29.0,33.0,38.0,42.0,45.0,49.0,58.0,73.5,inferred
Scottish Borders,2021-09-29,11.5,21.0,27.0,29.0,31.0,36.0,40.0,45.0,50.0,53.0,57.0,66.0,87.5,inferred
Scottish Borders,2021-09-30,9.5,16.0,21.0,24.0,26.0,30.0,34.0,38.0,43.0,46.0,49.0,60.0,76.0,inferred
Scottish Borders,2021-10-01,11.5,18.0,24.0,26.0,29.0,33.0,37.0,42.0,47.0,49.0,53.0,62.0,79.0,inferred
Scottish Borders,2021-10-02,17.0,24.0,30.0,33.0,36.0,40.0,45.0,50.0,56.0,59.0,62.0,74.1,90.0,inferred
Scottish Borders,2021-10-03,14.0,23.0,29.0,32.0,34.0,39.0,43.0,48.0,54.0,58.0,61.0,72.0,91.0,inferred
Scottish Borders,2021-10-04,12.0,20.0,26.0,28.0,30.0,34.0,38.0,42.0,47.0,51.0,55.0,67.0,84.0,inferred
Scottish Borders,2021-10-05,15.0,23.0,29.0,31.8,34.0,38.0,42.0,47.0,53.0,57.0,60.0,70.0,89.0,inferred
Scottish Borders,2021-10-06,21.5,30.0,36.0,39.0,41.0,46.0,51.0,57.0,63.0,66.2,70.0,81.0,100.0,inferred
Scottish Borders,2021-10-07,16.0,25.0,30.0,33.0,36.0,41.0,45.0,50.0,55.0,59.0,62.0,72.0,93.0,inferred
Scottish Borders,2021-10-08,19.0,26.0,33.0,35.0,38.0,42.0,46.0,51.0,58.0,61.0,65.0,77.0,95.0,inferred
Scottish Borders,2021-10-09,23.0,32.0,40.0,43.0,46.0,52.0,57.0,62.0,68.0,71.0,76.0,88.0,105.5,inferred
Scottish Borders,2021-10-10,23.0,31.0,38.0,41.0,44.0,48.6,54.0,59.0,65.0,68.0,72.0,83.1,104.0,inferred
Scottish Borders,2021-10-11,17.0,26.0,31.8,34.0,36.0,42.0,46.0,51.0,56.0,60.0,65.0,75.0,93.0,inferred
Scottish Borders,2021-10-12,20.0,29.0,36.0,39.0,42.0,46.0,51.0,56.0,61.0,65.0,69.0,82.1,104.0,inferred
Scottish Borders,2021-10-13,27.0,35.0,43.0,47.0,50.0,55.0,61.0,66.0,73.0,76.0,82.0,93.0,112.5,inferred
Scottish Borders,2021-10-14,20.0,29.0,37.0,40.0,42.0,48.0,53.0,59.0,65.3,69.2,73.0,85.0,108.5,inferred
Scottish Borders,2021-10-15,21.5,30.0,38.0,41.0,44.0,50.0,55.0,61.0,69.0,72.0,77.0,88.0,114.5,inferred
Sedgemoor,2021-07-03,3.0,5.9,8.0,9.0,10.0,12.0,13.5,16.0,18.0,19.0,21.0,26.0,34.0,inferred
Sedgemoor,2021-07-04,3.0,6.0,9.0,10.0,11.0,13.0,15.0,17.0,20.0,21.0,23.0,28.0,36.5,inferred
Sedgemoor,2021-07-05,7.0,11.0,15.0,16.0,17.0,20.0,22.0,25.0,28.0,30.0,32.0,37.0,48.0,inferred
Sedgemoor,2021-07-06,8.0,13.0,16.0,18.0,19.0,22.0,25.0,27.0,30.0,32.0,34.0,40.0,51.5,inferred
Sedgemoor,2021-07-07,11.0,16.0,19.0,21.0,23.0,25.0,28.0,30.0,34.0,36.0,38.0,44.0,55.0,inferred
Sedgemoor,2021-07-08,13.0,19.0,23.0,24.0,26.0,29.0,31.0,35.0,38.0,40.0,42.0,49.0,62.0,inferred
Sedgemoor,2021-07-09,14.0,20.0,24.0,26.0,27.0,30.0,34.0,36.4,40.0,42.0,44.0,51.0,62.0,inferred
Sedgemoor,2021-07-10,13.0,17.0,22.0,23.0,25.0,28.0,31.0,34.0,37.0,40.0,42.0,48.1,60.5,inferred
Sedgemoor,2021-07-11,15.0,22.0,26.0,28.0,30.0,33.0,36.0,40.0,44.0,46.0,49.0,55.0,66.5,inferred
Sedgemoor,2021-07-12,27.0,37.0,43.0,46.0,48.0,53.0,58.0,61.0,67.0,69.2,72.0,82.0,93.0,inferred
Sedgemoor,2021-07-13,33.0,41.0,47.0,50.0,52.0,57.0,60.0,65.0,70.0,73.0,76.0,86.0,101.5,inferred
Sedgemoor,2021-07-14,31.0,39.0,45.0,48.0,50.0,54.0,59.0,63.0,68.0,71.0,74.0,84.0,101.6,inferred
Sedgemoor,2021-07-15,28.0,37.0,43.0,46.0,48.0,53.0,57.0,61.0,65.0,68.0,71.0,81.0,95.0,inferred
Sedgemoor,2021-07-16,24.0,32.0,38.0,40.0,42.0,47.0,51.0,55.0,59.0,62.0,64.0,72.0,86.0,inferred
Sedgemoor,2021-07-17,18.0,24.9,30.0,32.0,34.0,37.0,41.0,45.0,49.0,51.0,54.0,60.0,73.0,inferred
Sedgemoor,2021-07-18,17.0,24.0,30.0,32.0,34.0,37.0,40.0,44.0,48.0,50.0,53.0,61.0,76.0,inferred
Sedgemoor,2021-07-19,27.0,34.0,41.0,43.0,45.0,50.0,54.0,57.0,63.0,65.0,69.0,78.0,93.0,inferred
Sedgemoor,2021-07-20,26.0,33.0,40.0,42.0,44.0,48.0,52.0,56.0,61.0,63.0,66.0,75.0,90.5,inferred
Sedgemoor,2021-07-21,25.0,31.0,36.0,38.8,41.0,45.0,49.0,53.0,57.0,59.0,62.0,71.0,83.0,inferred
Sedgemoor,2021-07-22,21.0,29.0,34.0,36.0,38.0,41.0,45.0,49.0,53.0,55.0,58.0,65.1,82.0,inferred
Sedgemoor,2021-07-23,16.0,23.0,28.0,30.0,31.0,35.0,38.0,41.0,46.0,48.0,51.0,57.1,70.0,inferred
Sedgemoor,2021-07-24,12.0,16.0,21.0,23.0,25.0,27.0,30.0,34.0,37.0,39.0,41.0,48.0,59.0,inferred
Sedgemoor,2021-07-25,12.0,16.0,20.0,22.0,23.0,26.0,29.0,32.0,36.0,38.0,40.0,46.0,56.5,inferred
Sedgemoor,2021-07-26,16.0,22.0,27.0,28.0,30.0,33.0,37.0,41.0,45.0,47.0,50.0,56.0,68.0,inferred
Sedgemoor,2021-07-27,16.0,23.0,28.0,30.0,31.0,35.0,38.0,42.0,46.0,48.0,51.0,57.0,71.0,inferred
Sedgemoor,2021-07-28,17.0,23.9,28.0,30.0,32.0,35.0,39.0,42.0,46.0,48.2,51.0,59.0,72.0,inferred
Sedgemoor,2021-07-29,17.0,24.0,29.0,31.0,33.0,36.0,40.0,44.0,47.0,50.0,53.0,60.0,71.0,inferred
Sedgemoor,2021-07-30,17.0,23.0,28.0,30.0,31.7,35.0,38.0,42.0,46.0,48.0,51.0,58.0,70.0,inferred
Sedgemoor,2021-07-31,14.0,20.0,24.0,25.0,27.0,30.0,33.0,36.0,40.0,42.0,45.0,52.0,63.0,inferred
Sedgemoor,2021-08-01,16.0,21.0,26.0,27.8,29.0,32.0,36.0,39.0,43.0,45.0,48.0,54.0,65.5,inferred
Sedgemoor,2021-08-02,26.0,34.0,39.0,42.0,44.0,48.0,52.0,55.0,60.0,64.0,67.0,74.0,90.5,inferred
Sedgemoor,2021-08-03,29.0,37.0,44.0,46.0,49.0,53.0,56.0,60.0,65.3,68.0,71.0,81.0,97.0,inferred
Sedgemoor,2021-08-04,30.0,41.0,47.0,49.0,52.0,56.0,60.0,65.0,71.0,73.0,77.0,85.0,101.0,inferred
Sedgemoor,2021-08-05,37.0,46.0,52.0,54.0,56.0,61.0,65.0,69.0,74.0,77.0,80.0,88.0,104.0,inferred
Sedgemoor,2021-08-06,36.0,45.0,52.0,54.0,57.0,62.0,66.0,71.0,76.0,79.0,83.0,90.0,107.0,inferred
Sedgemoor,2021-08-07,31.0,40.9,47.0,49.0,51.0,55.0,59.0,63.0,68.0,71.0,74.0,83.0,96.5,inferred
Sedgemoor,2021-08-08,36.0,46.0,53.0,56.0,58.0,63.0,67.0,72.0,78.0,81.0,84.0,93.0,109.0,inferred
Sedgemoor,2021-08-09,62.0,73.0,81.0,84.0,88.0,94.0,99.5,105.0,112.0,116.0,120.0,131.0,151.0,inferred
Sedgemoor,2021-08-10,65.5,80.0,88.8,93.0,96.0,102.0,108.0,115.0,121.0,125.0,129.0,140.0,160.0,inferred
Sedgemoor,2021-08-11,69.0,82.0,91.0,94.0,99.0,105.0,111.0,118.0,125.0,129.0,134.0,146.0,167.0,inferred
Sedgemoor,2021-08-12,71.0,86.0,96.0,99.0,102.0,108.0,114.0,119.0,126.0,129.0,133.0,145.0,167.0,inferred
Sedgemoor,2021-08-13,70.0,83.0,92.0,96.0,99.0,105.0,111.0,117.0,124.0,127.0,132.0,143.0,162.0,inferred
Sedgemoor,2021-08-14,58.0,71.9,79.0,83.0,86.0,91.0,96.0,101.0,107.0,111.0,115.0,125.0,143.0,inferred
Sedgemoor,2021-08-15,65.0,77.0,86.0,89.0,92.0,98.0,103.0,109.0,116.0,120.0,124.0,136.0,153.0,inferred
Sedgemoor,2021-08-16,102.0,117.0,127.0,131.0,134.0,143.0,151.0,157.0,165.0,170.0,175.0,189.0,211.0,inferred
Sedgemoor,2021-08-17,100.0,118.0,130.0,135.0,138.7,146.0,153.0,161.0,169.0,174.0,179.0,193.0,213.5,inferred
Sedgemoor,2021-08-18,96.0,111.0,123.0,127.0,130.0,137.0,143.0,150.0,157.3,162.0,167.0,180.0,201.5,inferred
Sedgemoor,2021-08-19,90.0,103.0,114.0,118.0,122.0,130.0,135.0,142.0,149.0,153.0,158.0,170.0,189.0,inferred
Sedgemoor,2021-08-20,75.0,86.0,96.0,100.0,103.0,109.0,115.0,121.0,128.0,133.0,137.0,150.0,170.5,inferred
Sedgemoor,2021-08-21,56.0,67.0,75.0,78.8,82.0,87.0,92.0,97.0,103.0,107.0,111.0,121.0,138.0,inferred
Sedgemoor,2021-08-22,54.0,67.0,74.0,77.0,80.0,85.0,89.0,94.0,100.0,104.0,107.0,117.0,135.0,inferred
Sedgemoor,2021-08-23,74.0,87.0,97.0,100.8,104.0,110.0,117.0,123.0,130.3,134.0,138.0,148.1,167.0,inferred
Sedgemoor,2021-08-24,69.0,83.0,93.0,97.0,100.0,107.0,113.0,119.0,127.0,130.2,135.0,147.0,169.0,inferred
Sedgemoor,2021-08-25,68.0,80.0,89.0,92.0,95.0,101.0,106.0,113.0,119.0,122.0,126.2,138.0,156.0,inferred
Sedgemoor,2021-08-26,61.0,73.0,81.8,85.0,88.0,94.0,100.0,106.0,112.3,116.0,121.0,132.0,151.5,inferred
Sedgemoor,2021-08-27,53.0,64.0,71.0,74.0,76.0,81.0,87.0,92.0,98.0,101.0,105.0,116.0,132.0,inferred
Sedgemoor,2021-08-28,39.0,49.0,55.0,58.0,60.0,65.0,70.0,74.0,79.0,82.0,86.0,95.0,111.0,inferred
Sedgemoor,2021-08-29,40.0,48.0,54.8,57.0,60.0,64.0,68.0,73.0,78.0,81.0,85.0,94.0,110.0,inferred
Sedgemoor,2021-08-30,56.0,67.0,74.0,78.0,80.7,85.0,90.0,96.0,102.0,106.0,109.0,120.0,137.0,inferred
Sedgemoor,2021-08-31,52.0,63.0,71.0,74.0,77.0,83.0,88.0,93.0,100.0,103.0,106.0,117.0,139.0,inferred
Sedgemoor,2021-09-01,47.0,59.0,66.0,69.0,72.0,77.0,82.0,88.0,93.0,96.0,100.0,111.0,128.0,inferred
Sedgemoor,2021-09-02,42.0,52.0,61.0,63.0,66.0,70.0,75.0,80.0,86.0,89.0,93.0,102.0,117.5,inferred
Sedgemoor,2021-09-03,36.0,45.9,52.0,55.0,57.0,61.0,66.0,70.0,74.0,77.0,81.0,90.0,103.5,inferred
Sedgemoor,2021-09-04,25.0,33.0,40.0,42.0,44.0,47.0,51.0,55.0,59.0,61.0,64.0,72.0,86.5,inferred
Sedgemoor,2021-09-05,24.0,32.0,37.0,39.0,41.0,46.0,49.0,53.0,58.0,60.2,64.0,71.0,84.5,inferred
Sedgemoor,2021-09-06,34.0,43.0,50.0,53.0,56.0,60.0,65.0,69.0,74.0,77.0,81.0,90.0,104.0,inferred
Sedgemoor,2021-09-07,33.0,42.0,47.0,51.0,53.0,57.0,61.0,66.0,71.0,74.0,78.0,87.0,104.0,inferred
Sedgemoor,2021-09-08,27.0,36.0,43.0,45.0,47.0,51.0,55.0,59.0,63.3,66.0,69.0,78.0,93.0,inferred
Sedgemoor,2021-09-09,24.0,31.0,37.0,40.0,41.0,45.0,49.0,54.0,58.0,60.0,63.0,71.0,85.0,inferred
Sedgemoor,2021-09-10,19.0,26.0,31.0,33.0,35.0,38.0,41.0,45.0,49.0,52.0,55.0,62.0,77.0,inferred
Sedgemoor,2021-09-11,12.5,17.0,22.0,23.0,25.0,28.0,32.0,35.0,38.0,40.0,42.0,49.0,59.0,inferred
Sedgemoor,2021-09-12,12.0,17.0,21.0,23.0,24.0,27.0,30.0,33.0,36.0,38.0,41.0,47.0,61.0,inferred
Sedgemoor,2021-09-13,16.0,23.0,27.0,29.0,31.0,35.0,38.0,42.0,46.0,47.0,50.0,56.0,67.0,inferred
Sedgemoor,2021-09-14,17.0,23.0,28.0,30.0,32.0,35.0,39.0,42.0,46.0,48.0,50.0,58.0,71.0,inferred
Sedgemoor,2021-09-15,18.0,25.0,29.0,31.0,34.0,37.0,40.0,43.0,48.0,50.0,53.0,60.0,74.5,inferred
Sedgemoor,2021-09-16,19.0,26.0,31.0,32.0,34.0,38.0,41.0,45.0,49.0,51.0,54.0,61.1,74.0,inferred
Sedgemoor,2021-09-17,18.0,25.0,30.0,32.0,34.0,37.0,41.0,45.0,49.0,51.0,53.0,61.0,72.0,inferred
Sedgemoor,2021-09-18,15.0,21.0,26.0,28.0,29.0,32.0,36.0,39.0,43.0,45.0,48.0,53.1,66.5,inferred
Sedgemoor,2021-09-19,17.0,24.0,29.0,31.0,32.0,36.0,39.0,43.0,46.0,49.0,51.0,59.0,71.0,inferred
Sedgemoor,2021-09-20,27.0,36.0,43.0,46.0,48.0,53.0,57.0,62.0,66.0,69.0,72.0,80.0,95.0,inferred
Sedgemoor,2021-09-21,31.5,38.0,45.0,48.0,50.0,55.0,59.0,63.0,68.0,71.0,74.0,82.0,99.0,inferred
Sedgemoor,2021-09-22,29.0,39.0,45.0,48.0,50.0,54.0,57.0,62.0,67.0,69.0,73.0,83.0,97.5,inferred
Sedgemoor,2021-09-23,32.0,40.0,45.0,48.0,50.0,54.0,58.0,63.0,67.0,70.0,73.0,83.0,98.0,inferred
Sedgemoor,2021-09-24,27.0,37.0,42.0,45.0,46.7,50.0,55.0,59.0,64.0,67.0,69.0,78.0,90.0,inferred
Sedgemoor,2021-09-25,22.0,30.0,35.0,37.0,39.0,42.0,46.0,50.0,53.3,57.0,59.2,68.0,80.0,inferred
Sedgemoor,2021-09-26,24.0,31.0,36.0,39.0,41.0,45.0,49.0,52.0,57.0,59.0,62.0,69.0,84.0,inferred
Sedgemoor,2021-09-27,36.0,46.0,53.0,56.0,58.0,64.0,68.0,73.0,79.0,83.0,86.0,96.0,113.0,inferred
Sedgemoor,2021-09-28,37.0,46.0,52.0,55.0,57.0,62.0,67.0,71.0,76.0,79.0,83.0,93.0,105.0,inferred
Sedgemoor,2021-09-29,33.0,42.9,49.0,51.0,53.0,58.0,63.0,67.0,73.0,76.0,79.0,90.0,105.0,inferred
Sedgemoor,2021-09-30,30.5,38.0,46.0,48.0,50.0,54.0,59.0,63.0,67.0,71.0,75.0,84.0,100.0,inferred
Sedgemoor,2021-10-01,25.0,33.0,38.0,40.0,42.0,46.0,49.0,53.0,57.0,60.0,63.0,71.0,87.5,inferred
Sedgemoor,2021-10-02,17.0,24.0,29.0,31.0,33.0,36.0,39.0,42.0,46.0,49.0,51.0,58.0,70.0,inferred
Sedgemoor,2021-10-03,16.5,23.0,28.0,30.0,32.0,35.0,38.0,42.0,46.0,48.0,50.0,56.0,69.0,inferred
Sedgemoor,2021-10-04,23.0,32.0,37.0,39.0,42.0,46.0,50.0,54.0,58.0,61.0,64.0,72.0,84.0,inferred
Sedgemoor,2021-10-05,25.5,33.0,39.0,42.0,44.0,48.0,51.0,56.0,61.0,64.0,67.0,76.0,90.0,inferred
Sedgemoor,2021-10-06,29.0,37.0,44.0,46.0,48.0,53.0,57.0,61.0,66.0,68.0,72.0,80.1,96.0,inferred
Sedgemoor,2021-10-07,33.0,41.0,48.0,50.0,53.0,58.0,62.0,66.0,71.0,74.0,77.0,87.0,104.0,inferred
Sedgemoor,2021-10-08,35.0,44.0,50.0,53.0,55.0,59.0,63.5,68.0,74.0,77.0,80.0,88.0,103.5,inferred
Sedgemoor,2021-10-09,34.0,41.0,47.0,49.0,51.0,56.0,60.0,64.0,69.0,72.0,75.0,84.0,99.5,inferred
Sedgemoor,2021-10-10,38.0,48.0,55.0,57.0,60.0,65.0,70.0,74.0,79.0,82.0,85.0,95.1,113.0,inferred
Sedgemoor,2021-10-11,65.0,78.0,87.0,91.0,94.0,100.0,106.0,112.0,119.0,123.0,127.0,139.0,159.0,inferred
Sedgemoor,2021-10-12,76.0,89.0,99.0,102.0,106.0,113.0,120.0,126.0,134.0,137.0,142.0,154.0,174.0,inferred
Sedgemoor,2021-10-13,82.0,99.0,109.0,114.0,117.0,124.0,130.0,136.0,144.0,149.0,154.0,167.0,188.0,inferred
Sedgemoor,2021-10-14,91.5,107.0,119.0,123.0,126.0,134.0,141.0,148.0,156.0,161.0,165.0,180.0,202.5,inferred
Sedgemoor,2021-10-15,89.0,107.0,120.0,124.0,128.0,137.0,144.0,153.0,162.0,167.0,172.0,188.0,210.0,inferred
Sefton,2021-07-03,104.0,116.0,125.0,129.0,132.0,138.0,144.0,149.0,155.0,159.0,163.0,174.0,192.0,inferred
Sefton,2021-07-04,113.0,127.9,136.0,140.0,143.0,149.0,155.0,161.0,168.0,171.0,175.0,187.0,203.0,inferred
Sefton,2021-07-05,170.0,189.9,200.0,204.0,208.0,215.0,222.0,229.0,238.0,242.2,247.0,261.0,281.5,inferred
Sefton,2021-07-06,162.0,179.0,190.0,194.0,198.0,206.0,213.0,219.0,227.0,231.0,235.0,247.0,268.0,inferred
Sefton,2021-07-07,164.5,181.0,191.0,196.0,200.0,208.0,214.0,221.0,228.0,232.0,237.0,251.0,272.0,inferred
Sefton,2021-07-08,158.0,173.0,184.0,188.0,192.0,198.0,205.0,212.0,219.0,224.0,229.0,243.0,263.5,inferred
Sefton,2021-07-09,138.0,152.0,163.0,168.0,172.0,177.0,184.0,192.0,199.0,203.0,208.0,220.0,240.0,inferred
Sefton,2021-07-10,114.0,126.0,135.0,139.0,142.0,149.0,155.0,160.0,167.0,171.0,175.0,186.0,205.0,inferred
Sefton,2021-07-11,122.0,137.0,146.0,150.0,154.0,160.0,166.0,171.0,178.0,182.0,186.0,198.0,215.0,inferred
Sefton,2021-07-12,175.0,193.9,206.0,211.0,215.0,223.0,231.0,238.0,246.3,252.0,256.0,270.0,291.0,inferred
Sefton,2021-07-13,165.0,180.0,192.0,196.0,199.0,207.0,214.0,223.0,230.0,235.0,240.0,254.0,276.5,inferred
Sefton,2021-07-14,156.0,174.0,187.0,191.0,195.0,202.0,209.0,216.0,224.0,228.0,233.0,246.0,267.0,inferred
Sefton,2021-07-15,146.5,161.0,173.0,177.0,181.0,189.0,195.0,201.0,209.0,214.0,219.0,231.0,254.0,inferred
Sefton,2021-07-16,123.0,137.0,147.8,151.0,154.0,162.0,168.0,174.0,181.0,184.2,190.0,201.1,222.5,inferred
Sefton,2021-07-17,94.0,108.0,117.0,120.0,123.0,129.0,134.0,140.0,146.0,150.0,153.0,163.0,180.0,inferred
Sefton,2021-07-18,100.0,112.0,121.0,124.0,128.0,133.0,138.0,144.0,150.0,154.0,158.0,168.0,188.0,inferred
Sefton,2021-07-19,136.0,153.0,163.0,167.0,171.0,179.0,186.0,191.0,198.0,203.0,207.0,219.1,240.5,inferred
Sefton,2021-07-20,123.5,139.0,148.0,152.0,155.0,161.0,167.0,173.0,180.0,184.0,188.2,198.0,217.5,inferred
Sefton,2021-07-21,118.0,133.0,143.0,146.0,149.0,156.0,162.0,167.0,174.0,178.0,182.0,193.0,212.0,inferred
Sefton,2021-07-22,106.0,120.0,129.0,132.0,136.0,142.0,147.0,154.0,161.0,165.0,169.0,180.0,198.5,inferred
Sefton,2021-07-23,88.0,99.9,107.0,111.0,114.0,120.0,124.0,130.0,136.0,140.0,144.0,154.0,169.5,inferred
Sefton,2021-07-24,65.0,76.0,84.0,87.0,90.0,95.0,100.0,105.0,111.0,115.0,118.0,128.0,147.0,inferred
Sefton,2021-07-25,68.0,77.9,84.0,87.8,90.0,96.0,101.0,106.0,112.0,115.0,118.0,129.0,143.0,inferred
Sefton,2021-07-26,93.0,107.0,117.0,120.8,124.0,129.0,135.0,141.0,147.0,151.0,155.0,167.0,186.0,inferred
Sefton,2021-07-27,85.0,98.0,106.0,110.0,113.0,119.0,125.0,130.0,136.0,139.0,143.0,153.0,171.0,inferred
Sefton,2021-07-28,88.0,101.0,110.0,113.0,116.0,121.0,126.0,131.0,138.0,142.0,145.0,156.0,175.0,inferred
Sefton,2021-07-29,86.0,96.0,104.0,108.0,111.0,117.0,122.0,127.0,134.0,137.0,141.0,151.0,168.0,inferred
Sefton,2021-07-30,71.0,85.0,92.8,95.8,98.0,103.0,108.0,113.0,118.0,121.0,125.0,136.0,151.0,inferred
Sefton,2021-07-31,58.0,69.0,76.0,79.0,82.0,86.0,91.0,95.0,100.0,103.0,106.0,114.0,129.0,inferred
Sefton,2021-08-01,61.0,73.9,81.0,83.0,86.0,91.0,96.0,100.0,106.0,109.0,112.0,121.0,138.5,inferred
Sefton,2021-08-02,92.0,104.0,115.0,118.0,121.0,127.0,132.0,138.0,145.0,148.0,152.0,162.0,178.0,inferred
Sefton,2021-08-03,88.0,100.0,107.8,111.0,114.0,121.0,126.0,132.0,138.0,141.0,144.0,154.0,170.0,inferred
Sefton,2021-08-04,88.0,100.0,109.0,112.0,116.0,122.0,127.0,133.0,139.0,143.0,146.0,157.0,172.0,inferred
Sefton,2021-08-05,87.0,98.0,106.0,109.8,112.7,118.0,123.0,128.0,135.0,138.0,142.0,154.0,171.5,inferred
Sefton,2021-08-06,75.5,86.0,94.8,97.0,100.0,105.0,110.0,114.4,119.0,122.0,126.0,136.0,152.5,inferred
Sefton,2021-08-07,60.0,71.9,79.0,81.0,84.0,88.0,93.0,97.0,102.0,106.0,108.0,118.0,132.5,inferred
Sefton,2021-08-08,67.0,79.0,85.0,88.0,90.0,95.0,99.0,104.0,109.0,112.0,115.0,126.0,142.0,inferred
Sefton,2021-08-09,99.0,112.0,120.0,123.0,126.0,133.0,138.0,144.0,150.0,154.0,157.2,170.0,187.0,inferred
Sefton,2021-08-10,91.5,106.0,115.0,118.0,121.7,127.0,133.0,138.0,144.3,148.0,151.2,163.0,178.0,inferred
Sefton,2021-08-11,96.0,107.0,115.0,118.0,121.0,127.0,132.0,138.0,145.0,149.0,153.0,163.0,181.0,inferred
Sefton,2021-08-12,91.0,103.0,112.8,116.0,119.0,125.0,130.0,136.0,142.0,146.0,149.0,159.0,178.0,inferred
Sefton,2021-08-13,80.0,91.0,99.0,102.0,105.0,110.0,115.0,121.0,126.0,129.0,133.0,142.1,155.0,inferred
Sefton,2021-08-14,66.0,76.0,82.8,86.0,88.0,93.0,98.0,102.0,107.0,110.0,114.0,123.0,139.0,inferred
Sefton,2021-08-15,67.0,79.0,87.0,90.0,93.0,97.6,102.0,107.0,113.0,116.0,120.0,129.0,144.0,inferred
Sefton,2021-08-16,101.0,114.0,124.0,127.0,131.0,137.0,143.0,149.0,155.3,159.0,163.0,174.0,188.0,inferred
Sefton,2021-08-17,96.0,110.0,119.0,122.0,125.0,130.6,136.0,141.0,147.0,150.0,155.0,166.0,182.0,inferred
Sefton,2021-08-18,97.0,111.0,121.0,124.0,127.0,134.0,140.0,146.0,152.0,155.0,159.0,170.1,191.0,inferred
Sefton,2021-08-19,96.5,110.0,118.0,122.0,125.0,131.0,136.0,143.0,149.0,153.0,157.0,168.0,185.0,inferred
Sefton,2021-08-20,85.5,97.0,105.0,109.0,111.0,116.0,121.0,127.0,133.0,136.0,139.0,150.0,166.5,inferred
Sefton,2021-08-21,71.0,81.9,89.0,92.0,95.0,100.0,105.0,110.0,114.0,117.0,121.0,130.0,146.0,inferred
Sefton,2021-08-22,75.5,86.0,95.0,98.0,101.0,107.0,112.0,116.0,122.0,125.0,129.0,139.1,156.0,inferred
Sefton,2021-08-23,112.0,126.0,136.0,140.0,143.0,150.0,156.0,162.0,169.0,173.0,177.2,188.0,206.0,inferred
Sefton,2021-08-24,105.5,120.0,131.0,135.0,139.0,145.0,151.0,156.0,162.0,166.0,170.0,179.1,198.5,inferred
Sefton,2021-08-25,109.0,123.0,133.0,137.0,139.0,146.0,153.0,158.0,164.0,168.0,172.0,185.0,203.0,inferred
Sefton,2021-08-26,107.0,120.0,129.0,133.0,136.0,142.0,148.0,154.0,161.0,165.0,169.0,181.0,201.0,inferred
Sefton,2021-08-27,93.0,106.0,114.0,118.0,121.0,126.0,132.0,137.0,143.0,147.0,151.0,161.0,180.0,inferred
Sefton,2021-08-28,75.0,87.0,95.0,98.0,101.0,106.0,111.0,116.0,122.0,126.0,130.0,140.0,155.0,inferred
Sefton,2021-08-29,81.0,93.0,102.0,105.0,108.0,114.0,119.0,124.0,130.0,133.0,136.0,146.0,161.5,inferred
Sefton,2021-08-30,121.5,138.0,147.0,152.0,156.0,162.0,168.0,174.0,180.0,184.0,188.0,201.0,222.5,inferred
Sefton,2021-08-31,116.0,130.0,140.0,144.0,147.7,153.0,160.0,166.0,173.3,177.0,181.0,193.1,210.5,inferred
Sefton,2021-09-01,118.0,130.0,141.0,145.0,148.0,155.0,161.0,169.0,176.0,180.0,184.0,195.0,213.0,inferred
Sefton,2021-09-02,114.0,128.0,138.0,142.0,145.0,151.0,157.0,162.0,169.0,173.0,177.0,189.0,211.0,inferred
Sefton,2021-09-03,98.0,111.0,121.0,124.0,127.0,133.0,139.0,144.0,151.0,155.0,158.0,168.0,185.0,inferred
Sefton,2021-09-04,80.0,91.0,100.0,103.0,106.0,112.0,117.0,121.0,127.0,131.0,135.0,144.0,163.0,inferred
Sefton,2021-09-05,83.5,95.0,104.0,108.0,111.0,117.0,123.0,128.0,133.0,137.0,140.0,150.0,165.0,inferred
Sefton,2021-09-06,125.0,139.0,149.0,152.0,156.0,164.0,169.5,177.0,184.0,187.0,192.0,203.0,221.0,inferred
Sefton,2021-09-07,115.5,131.0,140.0,144.0,147.0,153.0,158.0,165.0,171.0,175.0,180.0,190.0,211.0,inferred
Sefton,2021-09-08,112.5,127.0,136.0,139.0,142.0,149.0,155.0,160.0,167.0,171.0,175.0,188.0,205.0,inferred
Sefton,2021-09-09,103.0,117.0,127.0,130.0,133.0,139.0,145.0,151.0,158.0,161.0,166.0,177.0,198.0,inferred
Sefton,2021-09-10,87.0,98.0,108.0,111.0,114.0,119.0,125.0,130.0,137.0,140.0,143.0,154.0,172.5,inferred
Sefton,2021-09-11,70.0,80.0,87.0,90.0,93.0,99.0,103.0,108.0,113.0,116.0,119.0,129.0,143.0,inferred
Sefton,2021-09-12,71.5,83.0,91.0,95.0,97.0,102.0,106.0,111.0,117.0,119.2,123.0,133.0,149.0,inferred
Sefton,2021-09-13,104.0,117.9,127.0,131.0,134.0,139.0,144.0,150.0,156.0,159.2,163.0,174.0,194.0,inferred
Sefton,2021-09-14,99.5,112.0,120.0,123.0,126.0,132.0,138.5,144.0,151.0,154.0,158.0,170.0,189.0,inferred
Sefton,2021-09-15,103.0,118.0,127.0,130.0,133.0,140.0,146.0,151.0,157.0,161.0,165.0,175.0,194.5,inferred
Sefton,2021-09-16,106.0,120.0,128.0,132.0,135.0,141.0,147.0,153.0,160.0,163.0,168.0,179.0,200.0,inferred
Sefton,2021-09-17,96.0,110.0,120.0,123.0,126.7,132.0,137.0,143.0,149.0,152.0,155.0,167.0,185.0,inferred
Sefton,2021-09-18,85.0,96.0,104.0,108.0,110.0,116.0,121.0,126.0,133.0,136.0,139.0,150.0,165.5,inferred
Sefton,2021-09-19,95.0,109.0,118.0,121.8,125.0,130.0,136.0,141.0,147.3,151.0,155.0,165.0,183.5,inferred
Sefton,2021-09-20,147.5,163.0,174.0,178.0,182.0,189.0,196.0,202.0,209.0,213.0,218.0,231.0,252.0,inferred
Sefton,2021-09-21,141.0,156.0,167.0,171.0,174.0,180.0,187.0,193.0,200.3,205.0,210.0,221.0,244.0,inferred
Sefton,2021-09-22,133.0,151.9,162.0,166.0,170.0,177.0,183.0,191.0,198.0,202.0,207.0,220.0,239.0,inferred
Sefton,2021-09-23,126.5,144.0,153.0,157.0,161.0,168.0,174.0,180.0,186.0,190.0,195.2,208.0,227.0,inferred
Sefton,2021-09-24,108.0,123.0,132.0,135.0,139.0,146.0,152.0,157.0,164.0,167.0,172.0,182.0,200.0,inferred
Sefton,2021-09-25,85.0,98.0,106.0,109.0,112.0,117.0,123.0,129.0,134.0,138.0,142.0,153.0,169.5,inferred
Sefton,2021-09-26,88.0,101.0,110.0,112.0,116.0,122.0,127.0,133.0,140.0,143.0,147.0,158.0,176.0,inferred
Sefton,2021-09-27,128.5,144.0,154.0,157.0,161.0,168.0,175.0,181.0,187.0,191.0,195.2,208.0,227.0,inferred
Sefton,2021-09-28,118.0,133.0,142.0,145.0,150.0,156.0,162.0,168.0,175.0,179.0,183.0,195.0,217.0,inferred
Sefton,2021-09-29,116.0,132.0,142.0,146.0,150.0,156.0,162.0,168.4,175.3,179.2,184.0,195.0,216.0,inferred
Sefton,2021-09-30,109.5,124.0,134.0,137.0,142.0,148.0,155.0,161.0,168.0,172.0,177.0,188.0,206.5,inferred
Sefton,2021-10-01,97.0,109.0,117.0,121.0,125.0,130.0,136.0,141.0,148.0,151.0,155.0,166.0,184.0,inferred
Sefton,2021-10-02,77.0,89.0,98.0,101.0,104.0,109.0,114.0,119.0,125.0,128.0,132.0,141.0,156.0,inferred
Sefton,2021-10-03,81.0,94.0,103.0,106.0,108.0,114.0,119.0,125.0,130.0,133.0,137.0,146.1,164.5,inferred
Sefton,2021-10-04,119.0,135.0,145.0,149.0,152.0,159.0,165.0,171.0,178.0,182.0,187.0,199.0,218.0,inferred
Sefton,2021-10-05,112.0,127.0,135.0,139.0,143.0,149.0,156.0,161.0,168.0,173.0,176.0,189.0,207.5,inferred
Sefton,2021-10-06,116.0,130.0,140.0,144.0,147.0,154.0,160.0,167.0,173.0,177.0,180.2,193.1,215.5,inferred
Sefton,2021-10-07,111.0,126.0,137.0,140.0,143.0,149.0,155.0,160.0,167.0,171.0,176.0,186.0,207.5,inferred
Sefton,2021-10-08,100.0,114.0,123.0,127.0,130.0,136.0,141.0,147.0,153.0,156.0,160.0,171.0,188.0,inferred
Sefton,2021-10-09,85.0,94.0,102.0,105.0,108.0,114.0,119.0,124.0,129.0,133.0,136.0,147.0,164.0,inferred
Sefton,2021-10-10,91.0,103.0,110.0,114.0,117.0,122.6,128.0,133.0,139.0,142.0,145.0,156.0,174.0,inferred
Sefton,2021-10-11,132.0,148.0,160.0,164.0,167.0,174.0,179.0,187.0,194.0,198.0,202.0,214.0,234.0,inferred
Sefton,2021-10-12,123.5,139.0,147.0,151.0,155.0,163.0,171.0,177.0,184.0,187.0,191.0,204.0,223.0,inferred
Sefton,2021-10-13,119.0,134.0,144.8,148.0,152.0,159.0,166.0,172.0,180.0,183.0,187.0,199.0,219.0,inferred
Sefton,2021-10-14,111.5,126.0,135.0,139.0,142.0,148.0,155.0,161.0,169.0,172.0,176.2,187.0,209.5,inferred
Sefton,2021-10-15,90.0,106.0,114.0,118.0,121.0,128.0,133.0,139.0,147.0,151.0,156.0,168.1,186.0,inferred
Selby,2021-07-03,19.0,24.0,27.0,29.0,30.0,32.0,34.0,36.0,39.0,40.0,42.0,46.0,53.0,inferred
Selby,2021-07-04,21.5,26.0,30.0,31.0,33.0,35.0,37.0,39.4,42.0,44.0,45.0,50.0,57.0,inferred
Selby,2021-07-05,35.0,40.0,45.0,47.0,48.0,51.0,53.0,56.0,59.0,61.0,62.0,68.0,76.5,inferred
Selby,2021-07-06,33.0,38.0,42.0,44.0,45.0,48.0,51.0,53.0,56.0,58.0,60.0,65.0,74.0,inferred
Selby,2021-07-07,34.5,39.0,44.0,45.8,47.0,50.0,53.0,56.0,59.0,60.0,63.0,68.0,77.0,inferred
Selby,2021-07-08,33.5,40.0,44.0,46.0,47.0,50.0,53.0,56.0,59.0,61.0,63.0,67.0,76.0,inferred
Selby,2021-07-09,32.0,38.0,42.0,44.0,46.0,48.0,51.0,54.0,57.0,58.0,60.0,66.0,74.0,inferred
Selby,2021-07-10,27.0,33.0,37.0,38.0,40.0,42.0,45.0,47.0,50.0,51.0,53.0,57.1,67.0,inferred
Selby,2021-07-11,32.0,38.0,42.0,44.0,45.0,48.0,51.0,53.0,56.0,58.0,60.0,64.0,73.0,inferred
Selby,2021-07-12,49.0,57.0,62.0,64.0,66.0,70.0,73.0,77.0,80.0,82.0,85.0,91.0,102.0,inferred
Selby,2021-07-13,47.0,55.0,60.0,62.0,64.0,67.0,71.0,74.0,77.0,79.0,81.0,87.0,98.0,inferred
Selby,2021-07-14,48.0,56.0,60.0,63.0,65.0,69.0,72.0,76.0,79.0,81.0,83.0,89.1,99.0,inferred
Selby,2021-07-15,46.0,53.0,58.0,60.0,62.0,65.0,68.0,71.0,74.0,77.0,79.0,85.0,94.0,inferred
Selby,2021-07-16,40.0,48.0,52.0,54.0,56.0,59.0,62.0,65.0,68.0,70.0,72.0,77.0,87.5,inferred
Selby,2021-07-17,32.0,37.0,42.0,43.0,44.0,47.0,50.0,53.0,56.0,58.0,60.0,65.0,73.0,inferred
Selby,2021-07-18,33.0,39.0,43.0,45.0,46.0,49.0,52.0,55.0,58.0,59.0,62.0,67.0,76.0,inferred
Selby,2021-07-19,47.5,55.0,60.0,63.0,64.0,68.0,71.0,74.0,78.0,80.0,82.0,88.0,98.0,inferred
Selby,2021-07-20,41.0,49.0,54.0,56.0,58.0,61.0,64.0,67.0,70.0,72.0,74.0,80.0,88.5,inferred
Selby,2021-07-21,38.0,45.0,48.0,51.0,52.0,55.0,58.0,61.0,65.0,66.0,68.0,74.0,82.0,inferred
Selby,2021-07-22,32.0,38.0,42.0,44.0,45.0,48.0,51.0,53.0,56.0,58.0,60.0,65.0,74.5,inferred
Selby,2021-07-23,24.0,30.0,35.0,36.0,37.7,40.0,42.0,45.0,47.0,49.0,51.0,55.0,63.0,inferred
Selby,2021-07-24,18.0,22.0,26.0,27.0,28.0,30.0,32.0,34.0,37.0,38.0,40.0,44.0,50.0,inferred
Selby,2021-07-25,18.0,22.0,25.0,26.0,27.0,29.0,31.0,34.0,36.0,37.0,39.0,43.0,49.0,inferred
Selby,2021-07-26,23.0,28.0,32.0,34.0,35.0,38.0,40.0,43.0,46.0,47.0,49.0,54.0,62.0,inferred
Selby,2021-07-27,21.0,27.0,30.0,31.0,32.0,35.0,37.0,40.0,43.0,44.0,46.0,50.0,57.0,inferred
Selby,2021-07-28,21.0,27.0,30.0,32.0,33.0,36.0,37.5,40.0,43.0,44.0,45.0,50.0,57.0,inferred
Selby,2021-07-29,22.0,26.0,30.0,31.0,33.0,35.0,37.0,40.0,42.3,44.0,46.0,50.0,57.0,inferred
Selby,2021-07-30,20.0,25.0,28.0,30.0,31.0,33.0,36.0,38.0,40.0,41.0,43.0,47.0,54.0,inferred
Selby,2021-07-31,16.0,20.0,23.0,25.0,26.0,28.0,30.0,32.0,35.0,36.0,38.0,41.0,49.0,inferred
Selby,2021-08-01,17.0,22.0,25.0,27.0,28.0,30.0,32.0,35.0,37.0,38.0,40.0,45.0,52.0,inferred
Selby,2021-08-02,28.0,34.0,38.0,39.0,40.7,43.0,46.0,49.0,52.0,53.2,55.0,60.0,68.0,inferred
Selby,2021-08-03,26.0,31.0,35.0,37.0,38.0,40.6,43.0,45.0,48.0,50.0,52.0,57.0,64.0,inferred
Selby,2021-08-04,26.0,31.0,35.0,37.0,38.0,40.0,43.0,46.0,48.0,50.0,52.0,56.0,65.0,inferred
Selby,2021-08-05,24.0,29.0,33.0,35.0,36.0,39.0,41.0,44.0,46.0,48.0,50.0,54.0,63.0,inferred
Selby,2021-08-06,21.0,26.0,29.0,31.0,32.0,35.0,37.0,39.0,42.0,44.0,45.0,50.0,58.0,inferred
Selby,2021-08-07,16.5,22.0,25.0,26.0,27.0,29.0,31.0,33.0,35.0,37.0,38.0,43.0,50.0,inferred
Selby,2021-08-08,18.0,23.0,26.0,27.0,29.0,31.0,33.0,35.0,37.0,39.0,40.0,44.0,52.0,inferred
Selby,2021-08-09,26.0,33.0,37.0,38.0,40.0,43.0,45.0,48.0,51.0,53.0,55.0,59.0,68.0,inferred
Selby,2021-08-10,25.5,31.0,35.0,36.0,38.0,40.0,43.0,45.0,48.0,50.0,52.0,57.0,65.0,inferred
Selby,2021-08-11,26.0,31.0,35.0,37.0,38.0,41.0,43.0,46.0,48.0,50.0,52.0,56.0,64.5,inferred
Selby,2021-08-12,25.5,31.0,34.0,36.0,37.0,40.0,42.0,45.0,48.0,49.0,51.0,55.0,64.0,inferred
Selby,2021-08-13,23.0,28.0,32.0,33.0,34.7,37.0,40.0,42.0,45.0,46.0,48.0,52.0,61.0,inferred
Selby,2021-08-14,19.0,23.0,26.0,27.0,28.0,30.0,33.0,35.0,37.0,38.0,40.0,44.0,52.0,inferred
Selby,2021-08-15,20.0,24.0,28.0,29.0,30.0,33.0,35.0,38.0,40.0,41.0,43.0,47.0,55.0,inferred
Selby,2021-08-16,30.0,36.0,40.0,42.0,44.0,46.0,49.0,52.0,54.0,56.0,58.0,63.0,72.0,inferred
Selby,2021-08-17,28.0,34.0,38.0,39.0,41.0,43.0,46.0,49.0,52.0,54.0,55.0,61.0,68.0,inferred
Selby,2021-08-18,30.0,35.0,39.0,41.0,42.7,45.0,47.0,50.0,52.0,54.0,56.0,62.0,70.0,inferred
Selby,2021-08-19,27.5,34.0,37.0,39.0,40.0,43.0,46.0,48.0,51.0,53.0,55.0,59.0,68.0,inferred
Selby,2021-08-20,25.0,31.0,34.0,36.0,37.0,40.0,42.0,45.0,47.0,49.0,50.0,55.0,63.0,inferred
Selby,2021-08-21,19.0,25.0,28.0,30.0,31.0,33.0,35.0,37.0,40.0,41.0,43.0,47.0,55.0,inferred
Selby,2021-08-22,22.0,27.0,31.0,33.0,34.0,36.0,38.0,40.0,43.0,45.0,47.0,51.0,58.5,inferred
Selby,2021-08-23,34.0,40.0,44.0,46.0,47.7,50.0,53.0,55.0,59.0,61.0,63.0,67.0,77.0,inferred
Selby,2021-08-24,31.5,37.0,41.0,43.0,44.0,47.0,50.0,53.0,56.0,57.0,60.0,65.0,73.0,inferred
Selby,2021-08-25,33.0,39.0,43.0,44.0,46.0,48.0,51.0,54.0,57.0,58.0,60.0,66.0,73.0,inferred
Selby,2021-08-26,30.0,37.0,41.0,42.0,44.0,47.0,50.0,52.0,56.0,57.0,59.0,65.0,72.0,inferred
Selby,2021-08-27,28.0,34.0,38.0,40.0,41.0,43.0,47.0,49.0,52.0,54.0,56.0,61.0,69.0,inferred
Selby,2021-08-28,24.0,28.0,32.0,33.0,34.0,37.0,39.0,42.0,44.0,46.0,48.0,53.0,59.5,inferred
Selby,2021-08-29,26.0,31.0,35.0,36.8,38.0,40.0,43.0,46.0,49.0,50.0,52.0,57.0,65.0,inferred
Selby,2021-08-30,39.0,46.0,51.0,53.0,54.0,57.0,61.0,64.0,67.0,69.0,71.0,77.0,85.0,inferred
Selby,2021-08-31,36.0,43.0,48.0,49.0,51.0,54.0,57.0,60.0,63.0,65.0,67.0,72.1,81.0,inferred
Selby,2021-09-01,36.0,43.0,47.0,49.0,51.0,54.0,57.0,60.0,64.0,65.0,67.0,72.0,82.0,inferred
Selby,2021-09-02,34.0,40.0,44.0,46.0,47.0,50.0,53.0,56.0,59.0,61.0,63.0,68.0,77.0,inferred
Selby,2021-09-03,29.0,35.0,39.0,41.0,42.0,44.6,47.0,50.0,53.0,55.0,57.0,62.0,71.0,inferred
Selby,2021-09-04,23.0,28.0,31.8,33.0,34.0,37.0,39.0,41.0,44.0,45.0,47.0,51.1,60.0,inferred
Selby,2021-09-05,24.0,29.0,32.0,34.0,35.0,38.0,41.0,43.0,45.0,47.0,48.0,53.0,62.0,inferred
Selby,2021-09-06,34.0,41.0,45.0,47.0,48.0,51.0,54.0,57.0,60.0,61.0,64.0,69.0,79.0,inferred
Selby,2021-09-07,30.0,36.0,40.0,42.0,43.0,46.0,49.0,52.0,55.0,56.0,58.0,63.0,72.0,inferred
Selby,2021-09-08,28.0,34.0,38.0,39.0,41.0,43.0,46.0,48.0,51.0,53.0,55.0,60.0,68.0,inferred
Selby,2021-09-09,24.0,30.0,33.0,35.0,36.0,39.0,41.0,43.0,46.0,48.0,50.0,55.0,63.5,inferred
Selby,2021-09-10,19.0,25.0,28.0,30.0,31.0,33.0,35.0,37.0,40.0,41.0,43.0,48.0,54.0,inferred
Selby,2021-09-11,14.0,18.0,21.0,22.0,23.0,25.0,27.0,29.0,32.0,33.0,34.0,38.0,45.0,inferred
Selby,2021-09-12,14.0,19.0,22.0,23.0,24.0,26.0,28.0,30.0,32.0,33.0,34.0,38.0,45.0,inferred
Selby,2021-09-13,21.0,26.0,29.0,30.0,32.0,34.0,36.0,38.4,41.0,43.0,45.0,49.0,57.0,inferred
Selby,2021-09-14,20.0,25.0,28.0,29.0,31.0,33.0,35.0,37.0,40.0,41.0,43.0,48.0,55.0,inferred
Selby,2021-09-15,23.0,28.0,32.0,33.0,34.0,37.0,39.0,42.0,44.0,46.0,47.0,52.0,59.0,inferred
Selby,2021-09-16,24.0,30.0,33.0,35.0,36.0,38.6,41.0,43.0,46.0,48.0,49.0,54.0,62.0,inferred
Selby,2021-09-17,25.0,30.0,34.0,36.0,37.0,40.0,42.0,44.0,47.0,49.0,50.0,55.0,64.0,inferred
Selby,2021-09-18,23.0,28.0,31.0,33.0,34.0,36.0,38.5,41.0,44.0,45.0,47.0,52.0,59.5,inferred
Selby,2021-09-19,28.0,33.0,37.0,39.0,40.0,42.0,45.0,47.0,50.0,52.0,54.0,59.0,67.0,inferred
Selby,2021-09-20,45.0,52.0,58.0,60.0,62.0,64.0,67.0,71.0,74.0,77.0,79.0,85.0,96.0,inferred
Selby,2021-09-21,44.0,51.0,56.0,58.0,60.0,63.0,66.0,69.0,73.0,75.0,77.0,83.1,94.0,inferred
Selby,2021-09-22,46.0,51.0,56.0,58.0,60.0,63.6,66.5,70.0,73.0,75.0,78.0,84.0,94.0,inferred
Selby,2021-09-23,41.0,48.0,53.0,55.0,56.0,59.0,63.0,66.0,69.0,71.0,73.0,79.0,89.0,inferred
Selby,2021-09-24,36.0,43.0,47.0,49.0,51.0,54.0,57.0,60.0,63.0,65.0,67.0,73.0,81.0,inferred
Selby,2021-09-25,29.0,35.0,39.0,40.0,42.0,44.0,47.0,49.0,52.0,53.2,55.0,60.0,68.0,inferred
Selby,2021-09-26,31.0,36.0,40.0,42.0,43.0,46.0,48.0,51.0,54.0,56.0,58.0,63.0,70.0,inferred
Selby,2021-09-27,45.0,52.0,57.0,59.0,61.0,64.0,67.0,71.0,74.0,76.0,78.0,85.0,94.5,inferred
Selby,2021-09-28,42.0,48.0,53.0,54.8,56.0,59.0,62.0,66.0,69.0,71.0,73.0,79.0,89.5,inferred
Selby,2021-09-29,42.0,48.0,53.0,55.0,57.0,60.0,63.0,66.0,69.0,71.0,73.0,79.0,90.0,inferred
Selby,2021-09-30,41.0,47.0,51.0,53.0,54.0,57.0,60.0,63.0,66.0,68.0,70.0,76.0,85.5,inferred
Selby,2021-10-01,35.0,42.0,46.0,48.0,49.0,53.0,55.0,58.0,62.0,64.0,66.0,71.0,81.5,inferred
Selby,2021-10-02,30.0,35.0,39.0,41.0,42.0,45.0,47.0,50.0,53.0,54.0,56.0,61.0,68.0,inferred
Selby,2021-10-03,32.0,37.0,41.0,43.0,44.0,47.0,50.0,53.0,56.0,57.0,59.0,65.0,74.0,inferred
Selby,2021-10-04,47.0,54.0,59.0,61.0,63.0,66.0,69.0,72.0,76.0,78.0,80.0,87.0,97.0,inferred
Selby,2021-10-05,45.0,51.0,56.0,58.0,60.0,63.0,66.0,69.0,73.0,75.0,77.0,83.1,92.0,inferred
Selby,2021-10-06,47.0,54.0,59.0,61.0,63.0,66.0,69.0,72.0,76.0,78.0,80.0,86.0,95.0,inferred
Selby,2021-10-07,46.0,54.0,59.0,60.0,62.0,65.0,68.0,72.0,75.0,77.0,79.0,86.0,96.5,inferred
Selby,2021-10-08,43.0,50.0,54.8,57.0,59.0,62.0,64.5,67.0,71.0,73.0,75.0,80.0,90.0,inferred
Selby,2021-10-09,37.0,43.0,47.0,48.0,50.0,53.0,56.0,58.4,62.0,63.0,65.0,70.1,80.0,inferred
Selby,2021-10-10,40.0,46.0,51.0,53.0,55.0,57.0,60.0,63.0,66.0,69.0,71.0,77.0,85.0,inferred
Selby,2021-10-11,60.0,69.0,75.0,77.0,79.0,83.0,86.0,90.0,94.0,96.0,99.0,106.0,117.0,inferred
Selby,2021-10-12,57.0,64.0,69.0,71.0,73.0,77.0,81.0,84.0,88.0,90.0,92.0,99.0,109.5,inferred
Selby,2021-10-13,54.0,62.0,67.8,69.0,71.0,75.0,79.0,81.0,86.0,88.0,91.0,97.0,109.0,inferred
Selby,2021-10-14,48.5,56.0,62.0,64.0,66.0,69.0,72.0,76.0,79.0,81.0,84.0,90.0,100.0,inferred
Selby,2021-10-15,41.0,49.0,53.0,55.0,57.0,60.0,63.0,67.0,70.0,72.0,74.0,80.1,92.5,inferred
Sevenoaks,2021-07-03,14.0,18.0,21.0,22.0,23.0,25.0,27.0,30.0,32.0,34.0,35.0,40.0,47.0,inferred
Sevenoaks,2021-07-04,17.0,22.0,25.0,26.0,27.0,30.0,32.0,34.0,37.0,38.0,39.2,44.0,52.5,inferred
Sevenoaks,2021-07-05,29.0,34.0,38.0,40.0,41.0,44.6,47.0,50.0,53.0,55.0,56.0,62.0,70.0,inferred
Sevenoaks,2021-07-06,30.0,36.0,41.0,42.0,44.0,47.0,49.0,52.0,55.0,57.0,59.0,64.1,74.0,inferred
Sevenoaks,2021-07-07,36.0,41.9,46.0,48.0,49.0,52.0,55.0,58.0,61.0,63.0,64.0,71.0,79.5,inferred
Sevenoaks,2021-07-08,37.0,44.0,49.0,51.0,52.0,56.0,58.0,61.0,65.0,66.0,68.0,74.0,83.0,inferred
Sevenoaks,2021-07-09,37.0,45.0,50.0,51.0,53.0,56.0,59.0,63.0,66.0,68.0,70.0,76.0,86.5,inferred
Sevenoaks,2021-07-10,35.0,42.0,47.0,48.0,50.0,53.0,55.0,59.0,62.0,64.0,65.0,71.0,80.0,inferred
Sevenoaks,2021-07-11,41.0,48.0,53.0,55.8,57.0,60.0,63.0,67.0,70.0,72.0,75.0,81.0,91.0,inferred
Sevenoaks,2021-07-12,66.0,74.0,81.0,83.0,85.0,90.0,93.0,98.0,102.0,105.0,108.0,116.0,126.0,inferred
Sevenoaks,2021-07-13,66.0,76.0,82.0,84.0,86.0,90.0,94.5,98.4,103.0,105.0,108.0,115.1,128.0,inferred
Sevenoaks,2021-07-14,67.0,76.0,83.0,85.0,87.0,92.0,95.0,99.0,104.0,106.2,110.0,118.0,130.0,inferred
Sevenoaks,2021-07-15,63.0,72.0,78.0,80.0,82.0,87.0,91.0,95.0,99.0,102.0,104.0,110.0,122.0,inferred
Sevenoaks,2021-07-16,57.0,65.0,70.0,73.0,75.0,78.0,82.0,85.0,90.0,92.0,95.0,103.0,113.0,inferred
Sevenoaks,2021-07-17,48.0,55.0,59.0,61.0,63.0,66.0,69.5,73.0,77.0,79.0,81.0,88.0,97.0,inferred
Sevenoaks,2021-07-18,48.0,56.0,60.0,63.0,65.0,69.0,72.0,75.0,78.0,80.2,83.0,89.0,99.5,inferred
Sevenoaks,2021-07-19,65.0,74.0,80.0,83.0,85.0,90.0,94.0,98.0,102.0,105.0,108.0,116.0,128.0,inferred
Sevenoaks,2021-07-20,59.0,69.0,74.0,76.0,78.0,82.0,86.0,90.0,94.0,97.0,100.0,108.0,119.0,inferred
Sevenoaks,2021-07-21,53.5,62.0,67.0,70.0,72.0,76.0,80.0,83.0,87.0,89.0,92.0,99.0,109.0,inferred
Sevenoaks,2021-07-22,46.0,53.0,58.0,60.0,62.0,65.0,69.0,72.0,76.0,78.0,80.0,87.0,97.0,inferred
Sevenoaks,2021-07-23,36.0,42.0,48.0,49.8,51.0,54.0,57.0,60.0,63.0,65.0,67.0,73.0,82.0,inferred
Sevenoaks,2021-07-24,26.0,31.0,35.0,37.0,38.0,41.0,44.0,47.0,50.0,51.0,53.0,58.0,65.5,inferred
Sevenoaks,2021-07-25,24.0,29.0,33.0,35.0,36.0,39.0,41.0,44.0,47.0,48.0,50.0,55.0,62.0,inferred
Sevenoaks,2021-07-26,30.0,37.0,41.0,43.0,45.0,48.0,50.0,53.0,56.0,58.0,60.0,66.0,76.0,inferred
Sevenoaks,2021-07-27,28.0,33.0,37.0,39.0,40.7,43.0,46.0,49.0,51.0,53.0,55.0,60.0,69.5,inferred
Sevenoaks,2021-07-28,27.0,32.0,36.0,38.0,40.0,43.0,45.0,48.0,51.0,53.0,54.2,60.0,67.0,inferred
Sevenoaks,2021-07-29,24.0,30.0,34.0,36.0,37.0,39.0,42.0,44.0,47.0,48.0,50.0,55.0,64.0,inferred
Sevenoaks,2021-07-30,21.0,26.0,30.0,31.0,33.0,35.0,37.0,40.0,43.0,44.0,46.0,50.0,58.0,inferred
Sevenoaks,2021-07-31,16.0,21.0,24.0,26.0,27.0,29.0,31.0,34.0,36.0,37.0,39.0,44.0,50.0,inferred
Sevenoaks,2021-08-01,17.0,21.0,24.0,26.0,27.0,30.0,31.5,34.0,36.0,37.2,40.0,44.0,52.0,inferred
Sevenoaks,2021-08-02,24.0,29.9,33.0,35.0,36.0,39.0,41.0,44.0,47.0,49.0,51.0,56.0,64.0,inferred
Sevenoaks,2021-08-03,22.0,27.0,32.0,33.0,34.0,37.0,40.0,42.0,45.0,47.0,48.0,53.0,62.0,inferred
Sevenoaks,2021-08-04,22.0,28.0,32.0,33.0,34.0,37.0,40.0,42.0,45.0,47.0,49.0,54.0,62.0,inferred
Sevenoaks,2021-08-05,21.0,26.0,30.0,31.0,33.0,35.0,37.0,40.0,43.0,44.0,46.0,51.0,59.0,inferred
Sevenoaks,2021-08-06,18.0,23.0,27.0,28.0,30.0,32.0,34.0,37.0,39.0,41.0,43.0,47.0,56.0,inferred
Sevenoaks,2021-08-07,15.0,20.0,23.0,24.0,26.0,28.0,30.0,32.0,34.0,36.0,37.0,41.0,48.0,inferred
Sevenoaks,2021-08-08,16.0,21.0,24.0,25.0,26.0,28.0,30.0,33.0,35.0,36.0,38.0,43.0,50.0,inferred
Sevenoaks,2021-08-09,23.0,29.0,33.0,34.0,35.0,38.0,40.0,43.0,46.0,47.2,50.0,55.0,64.0,inferred
Sevenoaks,2021-08-10,23.0,28.0,32.0,34.0,35.0,37.0,40.0,42.0,45.0,47.0,49.0,54.0,62.5,inferred
Sevenoaks,2021-08-11,24.0,29.0,34.0,35.0,36.0,39.0,41.0,44.0,47.0,48.0,50.0,56.0,65.0,inferred
Sevenoaks,2021-08-12,23.0,28.0,32.0,34.0,35.0,37.0,40.0,42.0,45.0,47.0,49.0,54.0,62.0,inferred
Sevenoaks,2021-08-13,22.0,27.0,31.0,32.0,34.0,36.0,38.0,41.0,43.0,45.0,46.0,51.0,59.0,inferred
Sevenoaks,2021-08-14,18.0,23.0,26.0,28.0,29.0,31.0,33.0,35.0,38.0,40.0,41.0,45.1,52.0,inferred
Sevenoaks,2021-08-15,20.0,24.9,28.0,30.0,31.0,33.0,35.0,37.0,40.0,41.0,42.0,48.0,56.0,inferred
Sevenoaks,2021-08-16,28.0,34.0,39.0,40.0,42.0,44.0,47.0,50.0,54.0,56.0,57.0,62.0,70.5,inferred
Sevenoaks,2021-08-17,29.0,34.0,38.0,40.0,41.0,44.0,47.0,49.0,53.0,54.0,56.0,61.0,71.0,inferred
Sevenoaks,2021-08-18,27.5,33.9,37.0,39.0,41.0,44.0,46.0,49.0,52.0,54.0,56.0,60.0,69.0,inferred
Sevenoaks,2021-08-19,25.0,30.0,34.0,36.0,37.0,40.0,42.0,45.0,48.0,50.0,52.0,57.0,66.0,inferred
Sevenoaks,2021-08-20,22.0,27.0,31.0,32.0,33.0,36.0,38.0,41.0,44.0,45.0,47.0,52.0,60.0,inferred
Sevenoaks,2021-08-21,17.0,21.0,25.0,26.0,27.0,30.0,32.0,34.0,36.0,38.0,39.0,43.0,51.0,inferred
Sevenoaks,2021-08-22,16.5,21.0,25.0,26.0,27.0,30.0,32.0,34.0,36.0,37.0,39.0,44.0,52.0,inferred
Sevenoaks,2021-08-23,24.0,30.0,33.0,35.0,36.0,39.0,41.0,44.0,47.0,49.0,51.0,55.0,66.0,inferred
Sevenoaks,2021-08-24,23.0,28.0,31.0,33.0,35.0,37.0,39.0,42.0,45.0,46.0,48.0,53.0,61.0,inferred
Sevenoaks,2021-08-25,25.0,29.0,33.0,34.0,36.0,38.0,41.0,43.0,46.0,48.0,50.0,54.0,62.0,inferred
Sevenoaks,2021-08-26,22.0,28.0,32.0,33.0,35.0,38.0,40.0,43.0,46.0,48.0,50.0,55.0,62.0,inferred
Sevenoaks,2021-08-27,23.0,27.0,31.0,32.0,33.0,36.0,39.0,41.0,43.0,45.0,46.0,51.0,59.0,inferred
Sevenoaks,2021-08-28,19.0,23.0,27.0,28.0,30.0,32.0,34.0,36.0,39.0,40.0,41.2,46.0,53.5,inferred
Sevenoaks,2021-08-29,20.0,25.0,28.0,30.0,31.0,34.0,36.0,38.4,41.0,42.0,44.0,49.0,58.0,inferred
Sevenoaks,2021-08-30,30.0,36.0,41.0,43.0,44.0,47.0,50.0,53.0,56.0,58.0,60.0,66.0,78.0,inferred
Sevenoaks,2021-08-31,31.0,36.0,40.0,42.0,44.0,46.6,49.5,52.0,56.0,57.0,59.0,65.0,73.5,inferred
Sevenoaks,2021-09-01,31.0,37.0,41.0,43.0,45.0,48.0,50.0,54.0,57.0,59.0,61.0,67.0,77.0,inferred
Sevenoaks,2021-09-02,29.0,35.0,40.0,41.0,43.0,46.0,48.0,52.0,55.0,56.0,59.0,64.0,74.0,inferred
Sevenoaks,2021-09-03,27.0,33.0,37.0,38.0,40.0,43.0,45.0,48.0,51.0,52.0,55.0,60.0,69.0,inferred
Sevenoaks,2021-09-04,22.0,28.0,32.0,33.0,34.0,36.0,39.0,41.0,44.0,46.0,47.0,52.0,61.0,inferred
Sevenoaks,2021-09-05,22.0,28.0,32.0,33.0,35.0,37.0,40.0,42.0,45.0,46.0,49.0,53.0,61.0,inferred
Sevenoaks,2021-09-06,33.0,39.0,44.0,46.0,48.0,50.0,53.0,56.0,60.0,62.0,64.0,69.1,78.0,inferred
Sevenoaks,2021-09-07,32.0,38.0,42.0,44.0,46.0,48.0,51.0,54.0,58.0,59.2,62.0,67.0,75.5,inferred
Sevenoaks,2021-09-08,32.0,38.0,42.0,44.0,46.0,49.0,51.0,54.0,57.0,59.0,61.0,67.0,77.0,inferred
Sevenoaks,2021-09-09,29.0,36.0,39.0,41.0,42.0,46.0,48.0,51.0,54.0,56.0,58.0,63.0,72.0,inferred
Sevenoaks,2021-09-10,27.0,32.0,36.0,38.0,40.0,42.0,45.0,47.0,50.0,52.0,54.0,60.0,68.0,inferred
Sevenoaks,2021-09-11,22.0,27.0,31.0,32.0,33.0,36.0,38.0,41.0,43.0,45.0,47.0,52.0,59.0,inferred
Sevenoaks,2021-09-12,22.0,28.0,31.0,32.0,34.0,36.0,39.0,42.0,44.0,45.0,47.0,52.0,59.0,inferred
Sevenoaks,2021-09-13,32.0,39.0,43.0,45.0,47.0,49.6,52.0,55.0,59.0,61.0,63.0,68.0,77.0,inferred
Sevenoaks,2021-09-14,33.0,38.0,43.0,44.0,46.0,49.0,52.0,55.0,58.0,60.0,62.0,69.0,77.5,inferred
Sevenoaks,2021-09-15,34.0,40.0,45.0,47.0,49.0,52.0,55.0,58.0,61.0,63.0,65.0,71.0,81.0,inferred
Sevenoaks,2021-09-16,35.0,41.0,45.8,47.0,49.0,52.0,55.0,58.0,61.0,63.0,65.0,71.0,80.5,inferred
Sevenoaks,2021-09-17,34.0,40.0,45.0,46.0,48.0,51.0,54.0,56.0,60.0,62.0,64.0,70.0,78.0,inferred
Sevenoaks,2021-09-18,30.0,36.0,40.0,42.0,43.0,46.0,48.0,51.0,53.0,56.0,58.0,62.0,70.0,inferred
Sevenoaks,2021-09-19,33.0,39.0,44.0,45.0,47.0,50.0,53.0,55.0,59.0,60.0,63.0,68.0,79.0,inferred
Sevenoaks,2021-09-20,49.0,57.9,63.0,65.0,67.0,71.0,74.0,78.0,82.0,84.0,86.0,93.0,104.5,inferred
Sevenoaks,2021-09-21,50.0,57.0,62.0,65.0,67.0,71.0,74.0,78.0,81.0,83.0,85.0,93.0,103.0,inferred
Sevenoaks,2021-09-22,51.0,58.0,64.0,66.0,68.0,71.0,75.0,77.0,81.0,84.0,86.0,93.0,103.0,inferred
Sevenoaks,2021-09-23,49.0,56.0,61.0,62.8,64.0,67.0,71.0,74.0,77.0,79.0,81.0,88.0,98.0,inferred
Sevenoaks,2021-09-24,43.0,50.0,55.0,57.0,59.0,62.0,66.0,69.0,72.0,74.0,76.0,82.0,91.0,inferred
Sevenoaks,2021-09-25,35.0,41.0,46.0,48.0,50.0,53.0,56.0,59.0,62.0,63.0,65.0,71.0,82.0,inferred
Sevenoaks,2021-09-26,36.0,43.0,47.0,49.0,51.0,54.0,57.0,60.0,63.0,65.0,67.0,73.0,83.0,inferred
Sevenoaks,2021-09-27,52.0,59.0,65.0,67.0,69.0,73.0,77.0,80.0,84.0,87.0,89.0,96.0,106.0,inferred
Sevenoaks,2021-09-28,50.0,58.0,64.0,66.0,67.0,71.0,74.0,77.0,81.0,83.0,85.0,93.0,102.0,inferred
Sevenoaks,2021-09-29,51.0,58.0,63.0,65.0,67.0,71.0,74.0,78.0,82.0,84.0,86.0,93.0,102.0,inferred
Sevenoaks,2021-09-30,46.0,54.0,59.0,61.0,63.0,66.0,70.0,73.0,77.0,79.2,82.0,89.0,99.0,inferred
Sevenoaks,2021-10-01,43.0,50.0,54.0,57.0,58.0,61.0,65.0,68.0,71.0,73.0,75.0,81.0,91.0,inferred
Sevenoaks,2021-10-02,35.0,42.0,46.0,48.0,50.0,53.0,56.0,58.0,62.0,64.0,66.0,71.0,81.0,inferred
Sevenoaks,2021-10-03,37.0,43.0,48.0,50.0,51.0,54.0,57.0,60.0,63.0,65.0,68.0,74.0,83.5,inferred
Sevenoaks,2021-10-04,53.0,61.0,66.0,68.0,70.0,73.0,77.0,80.0,84.0,87.0,89.0,95.0,109.0,inferred
Sevenoaks,2021-10-05,51.0,59.0,64.0,66.0,68.0,71.0,75.0,78.0,82.0,84.0,86.0,93.0,106.0,inferred
Sevenoaks,2021-10-06,54.0,61.9,66.0,69.0,72.0,76.0,79.0,83.0,86.0,88.0,91.0,97.0,108.0,inferred
Sevenoaks,2021-10-07,51.5,59.0,65.0,67.0,70.0,74.0,77.0,81.0,85.0,87.0,90.0,97.0,106.0,inferred
Sevenoaks,2021-10-08,49.0,57.9,63.0,65.0,67.0,71.0,74.0,78.0,82.0,84.0,86.0,93.0,102.5,inferred
Sevenoaks,2021-10-09,42.0,50.0,55.0,57.0,59.0,62.0,65.0,69.0,72.0,74.0,77.0,82.0,95.0,inferred
Sevenoaks,2021-10-10,45.0,54.0,59.0,62.0,64.0,67.0,70.0,73.0,77.0,79.0,82.0,88.0,100.0,inferred
Sevenoaks,2021-10-11,69.0,78.9,85.0,88.0,89.7,94.0,98.0,101.4,106.0,109.0,111.0,119.0,131.0,inferred
Sevenoaks,2021-10-12,71.0,79.0,85.0,87.0,90.0,94.0,98.0,102.0,107.0,109.0,112.0,118.1,130.5,inferred
Sevenoaks,2021-10-13,73.0,82.0,88.0,91.0,93.0,97.0,101.0,106.0,110.0,113.0,116.0,124.0,137.0,inferred
Sevenoaks,2021-10-14,69.0,79.0,86.0,88.0,91.0,95.0,100.0,103.4,109.0,111.0,114.0,121.0,136.0,inferred
Sevenoaks,2021-10-15,63.0,74.0,80.0,83.0,85.0,90.0,95.0,99.0,104.0,106.0,109.0,118.0,133.0,inferred
Sheffield,2021-07-03,164.0,176.0,184.0,188.0,190.0,196.0,201.0,207.0,213.0,217.0,221.0,233.0,250.0,inferred
Sheffield,2021-07-04,188.0,200.0,209.0,212.0,215.0,221.0,227.0,232.0,238.0,242.0,246.0,256.0,273.0,inferred
Sheffield,2021-07-05,285.0,301.0,312.0,315.0,319.0,325.0,331.0,337.0,344.0,347.0,352.0,365.0,383.0,inferred
Sheffield,2021-07-06,282.5,298.0,308.0,311.0,315.0,321.0,327.0,332.0,339.0,342.0,345.0,356.0,372.0,inferred
Sheffield,2021-07-07,304.0,320.0,330.0,334.0,337.0,344.0,350.0,356.0,363.0,367.0,371.0,381.0,399.0,inferred
Sheffield,2021-07-08,308.5,325.0,338.0,342.0,345.0,352.0,359.0,365.0,371.0,375.0,380.0,392.0,411.0,inferred
Sheffield,2021-07-09,302.0,321.0,331.8,336.0,340.0,347.0,352.0,359.0,367.0,370.0,374.0,384.0,405.0,inferred
Sheffield,2021-07-10,270.5,288.0,297.0,301.0,305.0,312.6,318.0,324.0,330.3,335.0,339.0,350.1,369.0,inferred
Sheffield,2021-07-11,309.0,328.0,338.0,342.0,345.7,353.0,359.0,366.0,374.0,377.0,382.0,395.1,413.0,inferred
Sheffield,2021-07-12,459.0,486.0,501.0,508.0,513.0,523.0,532.0,541.0,550.0,555.2,561.0,577.0,600.5,inferred
Sheffield,2021-07-13,445.0,470.0,482.0,487.0,493.0,502.0,510.0,519.0,531.0,536.0,541.0,556.0,582.5,inferred
Sheffield,2021-07-14,444.0,468.0,482.8,488.0,492.0,500.0,509.0,517.0,527.0,531.0,538.0,554.0,582.0,inferred
Sheffield,2021-07-15,417.0,438.0,451.0,455.8,461.0,470.0,478.0,484.4,493.0,498.0,503.0,518.0,538.0,inferred
Sheffield,2021-07-16,374.0,393.0,405.0,409.0,414.0,422.0,428.0,437.0,445.0,449.0,454.0,468.0,486.0,inferred
Sheffield,2021-07-17,300.5,318.0,330.0,334.0,338.0,346.0,351.0,357.0,366.0,370.0,375.0,387.1,405.0,inferred
Sheffield,2021-07-18,311.0,330.0,341.0,345.0,349.0,356.0,363.0,371.0,378.0,383.0,387.2,400.0,422.0,inferred
Sheffield,2021-07-19,426.0,450.0,465.0,470.8,476.0,484.0,493.0,502.0,510.3,517.0,523.0,538.0,557.5,inferred
Sheffield,2021-07-20,387.0,410.0,425.0,431.0,435.0,444.0,452.0,460.0,470.0,475.0,480.0,494.0,517.0,inferred
Sheffield,2021-07-21,384.0,405.0,416.0,421.0,426.0,434.0,442.0,450.0,458.0,462.0,467.0,481.0,504.5,inferred
Sheffield,2021-07-22,357.5,378.0,389.0,394.0,397.0,406.0,413.0,421.0,429.0,433.0,438.0,452.0,474.0,inferred
Sheffield,2021-07-23,319.0,336.9,349.0,353.8,357.7,365.0,371.5,378.0,386.0,390.0,394.0,406.0,426.0,inferred
Sheffield,2021-07-24,259.0,272.0,284.0,287.0,290.0,297.0,302.0,309.0,315.0,318.0,322.0,332.0,351.0,inferred
Sheffield,2021-07-25,265.0,281.0,292.0,296.0,300.0,307.0,314.0,320.0,326.0,329.2,333.0,343.0,363.0,inferred
Sheffield,2021-07-26,362.0,382.0,396.0,401.0,406.0,414.0,422.0,430.0,440.0,445.0,450.0,464.0,485.5,inferred
Sheffield,2021-07-27,339.0,360.0,373.0,379.0,382.0,390.0,396.0,404.0,412.0,417.0,423.0,435.0,455.5,inferred
Sheffield,2021-07-28,352.0,369.0,381.0,386.0,390.0,398.0,405.0,413.4,422.0,426.0,431.0,443.1,462.0,inferred
Sheffield,2021-07-29,344.0,360.0,374.0,378.0,382.0,389.6,396.5,404.0,411.0,416.0,420.0,435.0,456.0,inferred
Sheffield,2021-07-30,321.0,339.0,349.0,352.8,356.7,363.0,370.0,377.0,385.0,388.0,392.0,404.0,427.0,inferred
Sheffield,2021-07-31,271.0,288.0,298.0,301.0,304.0,310.6,317.0,323.0,330.0,335.0,338.2,350.0,370.0,inferred
Sheffield,2021-08-01,290.0,306.0,318.0,322.0,326.0,332.0,340.0,346.0,352.0,356.0,361.0,374.1,393.0,inferred
Sheffield,2021-08-02,415.0,435.0,449.0,454.0,460.0,469.0,478.0,486.0,496.0,502.0,508.0,522.0,544.5,inferred
Sheffield,2021-08-03,385.0,405.0,418.0,423.0,427.0,435.0,443.0,451.0,460.0,464.0,470.0,487.0,510.0,inferred
Sheffield,2021-08-04,371.0,394.0,407.0,412.0,416.0,424.0,431.0,439.0,448.0,452.0,457.0,471.0,493.0,inferred
Sheffield,2021-08-05,348.5,364.9,376.0,380.0,385.0,392.0,399.0,407.0,416.0,421.0,426.0,438.0,458.0,inferred
Sheffield,2021-08-06,304.0,321.0,332.0,335.0,340.0,347.0,354.0,361.0,368.3,372.0,377.0,389.1,409.0,inferred
Sheffield,2021-08-07,245.0,258.0,267.0,271.0,275.0,281.0,286.0,292.0,299.0,303.0,306.0,318.0,334.0,inferred
Sheffield,2021-08-08,249.0,263.0,273.0,277.0,281.0,288.0,294.0,300.0,306.0,310.0,315.0,325.0,343.0,inferred
Sheffield,2021-08-09,336.0,356.9,369.0,373.0,378.0,386.0,393.0,400.0,409.0,413.0,419.0,432.0,451.0,inferred
Sheffield,2021-08-10,304.0,322.0,333.0,338.0,342.0,349.0,357.0,363.0,371.0,375.0,381.0,395.0,420.0,inferred
Sheffield,2021-08-11,294.5,313.0,325.0,330.0,333.0,340.0,345.0,353.0,360.0,364.0,370.0,383.0,404.0,inferred
Sheffield,2021-08-12,274.0,291.0,302.0,305.8,309.0,315.0,322.0,328.0,335.3,339.0,344.0,357.0,372.0,inferred
Sheffield,2021-08-13,240.5,257.0,268.0,271.0,274.0,280.0,286.0,292.0,299.0,302.0,305.0,316.0,333.5,inferred
Sheffield,2021-08-14,194.0,208.0,215.0,219.0,221.0,226.0,232.0,237.0,243.0,246.0,250.0,259.0,273.5,inferred
Sheffield,2021-08-15,197.0,210.0,220.0,223.8,226.0,232.0,237.5,243.0,250.0,253.0,257.0,266.0,283.0,inferred
Sheffield,2021-08-16,265.5,286.0,297.0,301.8,305.0,312.0,319.0,326.0,333.0,337.0,341.0,353.0,375.0,inferred
Sheffield,2021-08-17,245.0,259.9,273.0,277.0,281.0,287.0,294.0,300.0,306.0,310.0,313.0,325.0,344.0,inferred
Sheffield,2021-08-18,247.0,262.0,272.0,276.0,280.0,287.0,292.0,298.0,306.0,310.0,314.0,323.0,342.5,inferred
Sheffield,2021-08-19,231.0,248.0,259.0,264.0,267.0,272.0,278.0,284.0,291.0,294.0,299.0,310.0,327.0,inferred
Sheffield,2021-08-20,211.5,226.0,236.0,239.0,242.0,249.0,254.0,259.0,265.0,269.0,273.0,283.0,299.0,inferred
Sheffield,2021-08-21,175.0,188.9,197.0,200.0,203.0,207.0,213.0,218.0,223.0,227.0,231.0,239.1,252.0,inferred
Sheffield,2021-08-22,185.0,198.0,207.0,210.0,212.7,218.0,223.0,229.0,234.0,237.0,241.0,252.0,268.0,inferred
Sheffield,2021-08-23,257.0,273.0,285.0,289.0,294.0,302.6,309.0,315.0,323.0,328.0,332.0,345.0,362.0,inferred
Sheffield,2021-08-24,239.5,258.0,268.8,272.0,275.0,283.0,290.0,297.0,303.0,307.0,311.0,321.0,340.0,inferred
Sheffield,2021-08-25,246.5,262.0,272.0,277.0,280.0,287.0,293.0,300.0,307.0,310.0,315.0,326.0,344.0,inferred
Sheffield,2021-08-26,238.0,252.0,263.0,268.0,271.0,278.0,284.0,290.0,296.0,301.0,304.2,317.0,334.0,inferred
Sheffield,2021-08-27,220.0,235.0,244.0,247.0,251.0,256.0,262.0,268.0,275.0,278.0,282.0,293.1,312.5,inferred
Sheffield,2021-08-28,184.0,197.0,206.0,208.0,211.0,217.0,221.5,227.0,233.0,237.0,240.0,249.1,264.5,inferred
Sheffield,2021-08-29,197.5,210.0,221.0,225.0,228.7,234.0,239.0,245.0,251.0,254.0,257.0,269.0,284.0,inferred
Sheffield,2021-08-30,280.0,300.0,311.0,316.0,320.0,327.0,334.0,341.0,348.0,352.2,357.0,370.0,391.0,inferred
Sheffield,2021-08-31,266.5,281.0,292.0,296.0,301.0,306.6,313.0,320.0,327.0,332.0,337.0,348.0,366.0,inferred
Sheffield,2021-09-01,266.0,282.0,293.0,297.0,301.0,308.0,314.0,321.0,328.0,332.0,336.0,349.0,369.0,inferred
Sheffield,2021-09-02,256.0,268.0,280.0,283.0,287.0,294.0,300.0,307.0,313.0,317.0,321.0,334.0,350.0,inferred
Sheffield,2021-09-03,230.0,245.0,253.0,257.0,261.0,267.0,273.0,280.0,286.0,289.0,293.0,303.0,321.0,inferred
Sheffield,2021-09-04,186.0,202.0,211.0,214.0,217.0,223.0,228.0,234.0,240.0,243.0,246.0,257.0,272.0,inferred
Sheffield,2021-09-05,199.5,213.0,222.8,226.0,229.0,234.0,240.0,245.0,251.0,254.0,258.0,268.0,281.0,inferred
Sheffield,2021-09-06,276.0,294.9,306.0,310.0,315.0,322.6,330.0,336.0,345.0,348.0,353.0,365.0,382.5,inferred
Sheffield,2021-09-07,256.0,271.0,282.0,286.0,290.0,297.0,304.0,310.0,318.0,322.0,326.0,337.0,354.0,inferred
Sheffield,2021-09-08,247.0,263.0,273.0,277.0,280.0,288.0,294.0,300.0,306.0,309.0,314.0,325.0,343.0,inferred
Sheffield,2021-09-09,226.5,241.0,251.0,255.0,259.0,265.0,270.0,276.0,283.0,286.0,290.0,300.0,318.5,inferred
Sheffield,2021-09-10,197.0,211.0,219.0,223.0,226.0,231.0,237.0,242.4,249.0,253.0,257.0,266.0,280.0,inferred
Sheffield,2021-09-11,154.5,167.0,175.0,179.0,182.0,187.6,192.0,196.0,201.0,204.0,207.0,216.0,231.0,inferred
Sheffield,2021-09-12,158.5,169.0,179.0,182.0,186.0,191.0,196.0,201.0,206.0,209.0,213.0,221.0,236.0,inferred
Sheffield,2021-09-13,218.0,230.0,240.0,245.0,248.0,254.0,262.0,269.0,275.0,278.0,282.0,293.0,310.0,inferred
Sheffield,2021-09-14,199.0,215.0,225.0,228.0,231.0,238.0,244.0,250.0,257.0,262.0,266.0,275.0,291.5,inferred
Sheffield,2021-09-15,209.5,225.0,233.0,238.0,241.0,246.6,252.0,257.0,263.0,267.0,271.0,281.0,300.0,inferred
Sheffield,2021-09-16,209.0,222.0,232.0,236.0,239.0,245.0,251.0,257.0,262.0,266.0,270.0,282.0,297.5,inferred
Sheffield,2021-09-17,199.0,212.0,221.0,225.0,228.0,232.0,238.0,243.0,249.0,253.0,256.0,266.0,280.5,inferred
Sheffield,2021-09-18,168.0,182.0,191.0,194.0,197.0,202.0,206.0,211.0,217.0,220.0,223.0,232.0,247.0,inferred
Sheffield,2021-09-19,187.5,201.0,209.0,212.0,216.0,221.0,226.0,231.0,237.0,241.0,245.0,255.0,270.0,inferred
Sheffield,2021-09-20,269.5,287.0,299.0,304.0,308.0,316.0,323.0,329.0,337.0,341.0,346.0,359.0,376.5,inferred
Sheffield,2021-09-21,256.0,273.9,283.0,288.0,292.0,299.0,306.0,312.0,319.0,323.0,327.0,339.0,358.0,inferred
Sheffield,2021-09-22,260.0,273.0,284.0,288.0,292.0,299.0,305.0,312.0,319.0,323.0,327.0,339.0,359.0,inferred
Sheffield,2021-09-23,246.0,259.0,269.0,274.0,278.0,284.6,290.0,296.0,303.0,307.0,311.0,321.0,341.0,inferred
Sheffield,2021-09-24,218.0,233.0,245.0,250.0,252.0,258.0,263.0,269.0,275.0,278.0,282.0,292.0,309.0,inferred
Sheffield,2021-09-25,179.5,194.0,203.0,206.0,209.0,215.0,220.0,225.0,231.0,234.0,237.0,246.0,261.5,inferred
Sheffield,2021-09-26,189.0,202.0,212.0,216.0,219.0,225.0,230.0,236.0,242.0,246.0,249.0,258.0,273.5,inferred
Sheffield,2021-09-27,260.0,280.0,293.0,297.0,300.0,308.0,314.0,322.0,330.0,335.0,340.0,351.0,373.0,inferred
Sheffield,2021-09-28,248.0,265.0,276.0,279.0,284.0,290.6,296.0,303.0,310.3,314.0,318.0,330.0,346.0,inferred
Sheffield,2021-09-29,250.0,269.0,280.0,283.0,287.0,292.6,299.0,304.0,312.0,316.0,320.0,332.0,349.0,inferred
Sheffield,2021-09-30,239.0,255.0,267.8,271.0,275.0,282.0,288.0,294.0,300.0,305.0,309.0,319.0,338.0,inferred
Sheffield,2021-10-01,223.0,236.0,247.0,251.0,254.0,260.0,266.0,272.0,278.3,282.0,286.0,296.0,310.0,inferred
Sheffield,2021-10-02,187.0,198.9,208.0,211.0,214.0,219.0,224.0,229.0,235.0,238.0,242.0,251.0,266.5,inferred
Sheffield,2021-10-03,198.0,210.0,219.0,223.0,227.0,233.0,238.0,244.0,250.0,253.0,257.0,266.0,282.0,inferred
Sheffield,2021-10-04,278.0,297.0,308.0,312.0,317.0,324.0,331.0,338.0,345.3,350.0,354.2,369.0,389.0,inferred
Sheffield,2021-10-05,269.0,285.0,296.0,299.8,304.0,311.0,319.0,325.0,332.0,335.0,340.0,352.0,370.0,inferred
Sheffield,2021-10-06,277.5,293.9,305.0,309.0,313.0,321.0,327.0,334.0,341.0,344.0,349.0,361.0,382.0,inferred
Sheffield,2021-10-07,275.0,291.0,304.0,308.0,312.0,318.0,324.0,331.0,338.0,341.2,345.0,358.0,375.0,inferred
Sheffield,2021-10-08,261.0,276.0,286.0,290.0,294.0,300.0,306.0,313.0,320.0,324.0,328.0,339.1,359.0,inferred
Sheffield,2021-10-09,222.0,235.0,245.0,249.0,253.0,260.0,266.0,271.0,278.0,282.0,285.0,295.0,312.5,inferred
Sheffield,2021-10-10,243.0,258.0,268.0,272.0,276.0,283.0,289.0,295.0,302.0,306.0,310.0,320.0,338.5,inferred
Sheffield,2021-10-11,352.5,374.0,386.8,391.0,397.0,405.0,412.0,420.0,429.0,433.0,438.0,454.0,476.0,inferred
Sheffield,2021-10-12,333.5,350.0,363.8,368.0,373.0,381.0,389.5,397.0,406.0,411.0,416.0,429.0,453.0,inferred
Sheffield,2021-10-13,328.5,348.0,360.0,365.0,370.0,377.0,385.0,393.0,401.0,406.0,411.0,426.0,447.0,inferred
Sheffield,2021-10-14,304.0,324.9,338.0,342.8,346.0,354.0,362.0,369.0,377.0,382.0,387.0,402.1,426.5,inferred
Sheffield,2021-10-15,269.0,285.0,299.0,304.0,309.0,318.0,327.0,336.0,345.0,349.0,355.0,370.0,392.0,inferred
Shetland,2021-07-03,0.0,0.0,0.0,0.0,0.0,1.0,1.0,2.0,2.0,2.0,3.0,4.0,7.0,inferred
Shetland,2021-07-04,0.0,0.0,0.0,0.0,0.0,1.0,1.0,1.0,2.0,2.0,3.0,4.0,6.0,inferred
Shetland,2021-07-05,0.0,0.0,0.0,0.0,0.0,0.0,1.0,1.0,2.0,2.0,2.0,3.1,6.5,inferred
Shetland,2021-07-06,0.0,0.0,0.0,0.0,0.0,1.0,1.0,1.0,2.0,2.0,3.0,4.0,6.0,inferred
Shetland,2021-07-07,0.0,0.0,0.0,0.0,1.0,1.0,2.0,2.0,3.0,3.0,4.0,5.0,8.0,inferred
Shetland,2021-07-08,0.0,0.0,0.0,1.0,1.0,1.0,2.0,2.0,3.0,3.0,4.0,5.0,8.0,inferred
Shetland,2021-07-09,0.0,0.0,1.0,1.0,1.0,2.0,2.0,3.0,4.0,4.0,5.0,6.0,9.0,inferred
Shetland,2021-07-10,0.0,0.0,1.0,1.0,2.0,2.0,3.0,4.0,5.0,5.0,6.0,8.0,11.0,inferred
Shetland,2021-07-11,0.0,1.0,1.0,2.0,2.0,3.0,4.0,4.0,5.0,6.0,7.0,8.0,12.0,inferred
Shetland,2021-07-12,0.0,1.0,1.0,2.0,2.0,3.0,3.0,4.0,5.0,6.0,6.0,8.0,12.0,inferred
Shetland,2021-07-13,0.0,1.0,2.0,2.0,3.0,3.0,4.0,5.0,6.0,7.0,7.0,10.0,13.0,inferred
Shetland,2021-07-14,0.0,1.0,2.0,3.0,3.0,4.0,5.0,6.0,7.0,8.0,9.0,11.0,15.0,inferred
Shetland,2021-07-15,0.0,1.0,2.0,2.0,3.0,3.0,4.0,5.0,6.0,7.0,7.0,10.0,14.0,inferred
Shetland,2021-07-16,0.0,1.0,2.0,3.0,3.0,4.0,4.0,5.0,6.0,7.0,8.0,10.0,14.0,inferred
Shetland,2021-07-17,0.0,1.0,2.0,3.0,3.0,4.0,5.0,6.0,7.0,8.0,9.0,11.0,15.0,inferred
Shetland,2021-07-18,0.0,1.0,2.0,3.0,3.0,4.0,5.0,6.0,7.0,7.0,8.0,11.0,14.0,inferred
Shetland,2021-07-19,0.0,1.0,2.0,2.0,2.0,3.0,4.0,5.0,6.0,6.0,7.0,9.0,13.0,inferred
Shetland,2021-07-20,0.0,1.0,2.0,2.0,3.0,4.0,4.0,5.0,6.0,7.0,7.2,10.0,13.0,inferred
Shetland,2021-07-21,0.0,1.0,2.0,3.0,3.0,4.0,5.0,6.0,6.0,7.0,8.0,10.0,14.5,inferred
Shetland,2021-07-22,0.0,1.0,2.0,2.0,2.0,3.0,4.0,4.0,5.0,6.0,7.0,9.0,12.0,inferred
Shetland,2021-07-23,0.0,1.0,2.0,2.0,2.0,3.0,4.0,4.0,5.0,6.0,6.0,8.0,12.0,inferred
Shetland,2021-07-24,0.0,1.0,2.0,2.0,3.0,3.0,4.0,5.0,6.0,7.0,7.0,9.0,12.0,inferred
Shetland,2021-07-25,0.0,1.0,2.0,2.0,2.0,3.0,4.0,4.0,5.0,6.0,7.0,9.0,13.0,inferred
Shetland,2021-07-26,0.0,0.0,1.0,1.0,2.0,2.0,3.0,3.0,4.0,5.0,5.0,7.0,10.0,inferred
Shetland,2021-07-27,0.0,0.0,1.0,1.0,2.0,2.0,3.0,3.0,4.0,5.0,6.0,7.1,11.0,inferred
Shetland,2021-07-28,0.0,0.0,1.0,1.0,2.0,2.0,3.0,4.0,5.0,5.0,6.0,8.0,11.0,inferred
Shetland,2021-07-29,0.0,0.0,1.0,1.0,1.0,2.0,2.0,3.0,4.0,4.0,5.0,6.0,10.0,inferred
Shetland,2021-07-30,0.0,0.0,1.0,1.0,1.0,2.0,2.0,3.0,3.0,4.0,4.2,6.0,9.0,inferred
Shetland,2021-07-31,0.0,0.0,1.0,1.0,1.0,2.0,2.0,3.0,4.0,4.0,5.0,7.0,10.0,inferred
Shetland,2021-08-01,0.0,0.0,1.0,1.0,1.0,2.0,2.0,3.0,3.0,4.0,4.0,6.0,10.0,inferred
Shetland,2021-08-02,0.0,0.0,0.0,0.0,1.0,1.0,2.0,2.0,3.0,3.0,4.0,5.0,9.0,inferred
Shetland,2021-08-03,0.0,0.0,0.0,1.0,1.0,1.0,2.0,2.0,3.0,3.0,4.0,5.0,8.0,inferred
Shetland,2021-08-04,0.0,0.0,1.0,1.0,1.0,1.0,2.0,3.0,3.0,4.0,4.0,6.0,9.0,inferred
Shetland,2021-08-05,0.0,0.0,0.0,0.0,1.0,1.0,1.0,2.0,3.0,3.0,3.0,5.0,8.0,inferred
Shetland,2021-08-06,0.0,0.0,0.0,0.0,1.0,1.0,1.0,2.0,3.0,3.0,3.0,5.0,8.0,inferred
Shetland,2021-08-07,0.0,0.0,0.0,1.0,1.0,1.0,2.0,2.0,3.0,4.0,4.0,6.0,9.0,inferred
Shetland,2021-08-08,0.0,0.0,0.0,0.0,1.0,1.0,1.0,2.0,2.0,3.0,3.0,5.0,8.0,inferred
Shetland,2021-08-09,0.0,0.0,0.0,0.0,0.0,1.0,1.0,2.0,2.0,3.0,3.0,4.0,7.0,inferred
Shetland,2021-08-10,0.0,0.0,0.0,0.0,0.0,1.0,1.0,2.0,2.0,3.0,3.0,5.0,7.0,inferred
Shetland,2021-08-11,0.0,0.0,0.0,0.0,1.0,1.0,2.0,2.0,3.0,3.0,4.0,6.0,9.0,inferred
Shetland,2021-08-12,0.0,0.0,0.0,0.0,0.0,1.0,1.0,2.0,2.0,3.0,3.0,5.0,8.0,inferred
Shetland,2021-08-13,0.0,0.0,0.0,0.0,0.0,1.0,1.0,2.0,2.0,3.0,3.0,5.0,8.0,inferred
Shetland,2021-08-14,0.0,0.0,0.0,1.0,1.0,1.0,2.0,3.0,3.0,3.0,4.0,6.0,8.0,inferred
Shetland,2021-08-15,0.0,0.0,0.0,1.0,1.0,1.0,2.0,2.0,3.0,3.0,4.0,5.0,8.0,inferred
Shetland,2021-08-16,0.0,0.0,0.0,0.0,1.0,1.0,1.0,2.0,2.0,3.0,3.0,5.0,8.0,inferred
Shetland,2021-08-17,0.0,0.0,0.0,0.0,1.0,1.0,2.0,2.0,3.0,3.0,4.0,5.1,9.0,inferred
Shetland,2021-08-18,0.0,0.0,1.0,1.0,1.0,2.0,2.0,3.0,4.0,4.0,5.0,7.0,9.0,inferred
Shetland,2021-08-19,0.0,0.0,1.0,1.0,1.0,2.0,2.0,3.0,4.0,4.0,5.0,6.0,9.0,inferred
Shetland,2021-08-20,0.0,0.0,1.0,1.0,1.0,2.0,2.0,3.0,4.0,5.0,5.0,7.0,10.0,inferred
Shetland,2021-08-21,0.0,1.0,1.0,2.0,2.0,3.0,3.0,4.0,5.0,6.0,6.0,8.0,12.0,inferred
Shetland,2021-08-22,0.0,1.0,1.0,2.0,2.0,3.0,3.0,4.0,5.0,6.0,6.0,8.0,12.0,inferred
Shetland,2021-08-23,0.0,1.0,1.0,2.0,2.0,3.0,3.0,4.0,5.0,6.0,6.0,8.0,12.0,inferred
Shetland,2021-08-24,0.0,1.0,2.0,2.0,2.0,3.0,4.0,5.0,6.0,6.0,7.0,9.0,13.0,inferred
Shetland,2021-08-25,0.0,1.0,2.0,3.0,3.0,4.0,5.0,6.0,7.0,8.0,8.0,11.0,14.0,inferred
Shetland,2021-08-26,0.0,1.0,2.0,2.0,3.0,4.0,4.0,5.0,6.0,7.0,8.0,10.0,13.0,inferred
Shetland,2021-08-27,0.0,2.0,3.0,3.0,4.0,5.0,5.0,6.0,7.0,8.0,9.0,11.0,15.0,inferred
Shetland,2021-08-28,1.0,2.0,4.0,4.0,5.0,6.0,7.0,8.0,9.0,10.0,11.0,14.0,18.0,inferred
Shetland,2021-08-29,1.0,3.0,4.0,5.0,5.0,6.0,7.0,8.0,10.0,10.0,11.0,14.0,18.0,inferred
Shetland,2021-08-30,1.0,2.0,4.0,4.0,5.0,5.0,6.5,8.0,9.0,9.0,10.0,13.0,17.0,inferred
Shetland,2021-08-31,1.0,3.0,4.0,5.0,6.0,7.0,8.0,9.0,10.0,11.0,12.0,15.0,20.0,inferred
Shetland,2021-09-01,2.0,4.0,5.0,6.0,7.0,8.0,9.0,10.0,12.0,13.0,14.0,16.0,21.0,inferred
Shetland,2021-09-02,1.0,3.0,4.0,5.0,5.0,7.0,8.0,9.0,10.0,11.0,12.0,14.0,19.0,inferred
Shetland,2021-09-03,2.0,3.0,5.0,5.0,6.0,7.0,8.0,9.0,11.0,11.0,12.0,15.0,20.0,inferred
Shetland,2021-09-04,2.0,4.0,6.0,6.0,7.0,8.0,9.0,11.0,12.0,13.0,14.0,17.0,23.0,inferred
Shetland,2021-09-05,2.0,4.0,5.0,6.0,7.0,8.0,9.0,10.0,11.0,12.0,13.0,16.0,20.0,inferred
Shetland,2021-09-06,2.0,3.0,4.0,5.0,5.0,6.0,8.0,9.0,10.0,11.0,12.0,14.0,18.0,inferred
Shetland,2021-09-07,2.0,4.0,5.0,5.0,6.0,7.0,8.0,9.0,10.0,11.0,12.0,15.0,20.0,inferred
Shetland,2021-09-08,2.0,4.0,5.0,6.0,7.0,7.0,9.0,10.0,11.0,12.0,13.0,16.0,20.0,inferred
Shetland,2021-09-09,1.0,2.0,4.0,4.0,5.0,6.0,7.0,8.0,9.0,10.0,10.0,13.0,17.0,inferred
Shetland,2021-09-10,1.0,2.0,3.0,4.0,4.0,5.0,6.0,7.0,8.0,9.0,10.0,12.0,15.0,inferred
Shetland,2021-09-11,1.0,2.0,4.0,4.0,5.0,6.0,7.0,8.0,9.0,10.0,11.0,13.0,17.0,inferred
Shetland,2021-09-12,1.0,2.0,3.0,3.0,4.0,5.0,6.0,7.0,8.0,8.0,9.0,12.0,15.0,inferred
Shetland,2021-09-13,0.0,1.0,2.0,3.0,3.0,4.0,4.0,5.0,6.0,7.0,8.0,10.0,14.0,inferred
Shetland,2021-09-14,0.0,1.0,2.0,2.0,3.0,4.0,4.0,5.0,6.3,7.0,8.0,10.0,14.0,inferred
Shetland,2021-09-15,0.0,1.0,2.0,2.0,3.0,4.0,4.0,5.0,7.0,7.0,8.0,10.0,14.0,inferred
Shetland,2021-09-16,0.0,1.0,1.0,2.0,2.0,3.0,3.0,4.0,5.0,6.0,6.0,8.0,12.0,inferred
Shetland,2021-09-17,0.0,0.0,1.0,2.0,2.0,2.0,3.0,4.0,5.0,5.0,6.0,8.0,11.0,inferred
Shetland,2021-09-18,0.0,1.0,1.0,2.0,2.0,3.0,4.0,4.0,5.0,6.0,7.0,9.0,12.0,inferred
Shetland,2021-09-19,0.0,0.0,1.0,1.0,2.0,2.0,3.0,4.0,4.0,5.0,6.0,7.0,11.0,inferred
Shetland,2021-09-20,0.0,0.0,1.0,1.0,1.0,2.0,2.0,3.0,4.0,4.0,5.0,6.0,9.0,inferred
Shetland,2021-09-21,0.0,0.0,1.0,1.0,1.0,2.0,2.0,3.0,4.0,4.0,5.0,6.0,10.0,inferred
Shetland,2021-09-22,0.0,0.0,1.0,1.0,1.0,2.0,3.0,3.0,4.0,5.0,5.0,7.0,10.0,inferred
Shetland,2021-09-23,0.0,0.0,0.0,1.0,1.0,1.0,2.0,3.0,3.0,4.0,4.0,6.0,9.0,inferred
Shetland,2021-09-24,0.0,0.0,1.0,1.0,1.0,2.0,2.0,3.0,4.0,4.0,4.0,6.0,9.0,inferred
Shetland,2021-09-25,0.0,0.0,1.0,1.0,1.0,2.0,3.0,3.0,4.0,4.0,5.0,7.0,10.0,inferred
Shetland,2021-09-26,0.0,0.0,1.0,1.0,1.0,2.0,2.0,3.0,4.0,4.0,5.0,7.0,10.0,inferred
Shetland,2021-09-27,0.0,0.0,0.0,1.0,1.0,1.0,2.0,3.0,3.0,4.0,4.0,6.0,9.0,inferred
Shetland,2021-09-28,0.0,0.0,1.0,1.0,1.0,2.0,2.0,3.0,4.0,4.0,5.0,6.0,9.0,inferred
Shetland,2021-09-29,0.0,0.0,1.0,1.0,1.0,2.0,3.0,3.0,4.0,5.0,5.0,7.0,10.0,inferred
Shetland,2021-09-30,0.0,0.0,1.0,1.0,1.0,1.0,2.0,3.0,3.0,4.0,4.0,6.0,9.0,inferred
Shetland,2021-10-01,0.0,0.0,1.0,1.0,1.0,2.0,2.0,3.0,4.0,4.0,5.0,7.0,10.0,inferred
Shetland,2021-10-02,0.0,0.0,1.0,1.0,2.0,2.0,3.0,4.0,4.3,5.0,6.0,8.0,11.0,inferred
Shetland,2021-10-03,0.0,0.0,1.0,1.0,2.0,2.0,3.0,4.0,4.0,5.0,6.0,7.1,11.0,inferred
Shetland,2021-10-04,0.0,0.0,1.0,1.0,1.0,2.0,3.0,3.0,4.0,5.0,5.0,7.0,10.5,inferred
Shetland,2021-10-05,0.0,0.0,1.0,1.0,2.0,2.0,3.0,4.0,5.0,5.0,6.0,8.0,11.0,inferred
Shetland,2021-10-06,0.0,1.0,1.0,2.0,2.0,3.0,3.0,4.0,5.0,6.0,6.0,8.0,12.0,inferred
Shetland,2021-10-07,0.0,0.0,1.0,1.0,1.0,2.0,3.0,3.0,4.0,5.0,5.0,7.0,11.0,inferred
Shetland,2021-10-08,0.0,0.0,1.0,1.0,1.0,2.0,3.0,3.0,4.0,5.0,5.0,7.0,11.0,inferred
Shetland,2021-10-09,0.0,0.0,1.0,2.0,2.0,2.0,3.0,4.0,5.0,6.0,6.0,8.0,11.5,inferred
Shetland,2021-10-10,0.0,0.0,1.0,1.0,1.0,2.0,3.0,3.0,4.0,5.0,5.0,8.0,11.0,inferred
Shetland,2021-10-11,0.0,0.0,1.0,1.0,1.0,2.0,2.0,3.0,4.0,4.0,5.0,6.0,9.0,inferred
Shetland,2021-10-12,0.0,0.0,1.0,1.0,1.0,2.0,2.0,3.0,4.0,4.0,5.0,7.0,11.0,inferred
Shetland,2021-10-13,0.0,0.0,1.0,1.0,2.0,2.0,3.0,3.4,4.0,5.0,5.0,7.0,10.5,inferred
Shetland,2021-10-14,0.0,0.0,1.0,1.0,1.0,2.0,2.0,3.0,4.0,4.0,5.0,7.0,10.0,inferred
Shetland,2021-10-15,0.0,0.0,1.0,1.0,1.0,2.0,2.0,3.0,4.0,4.2,5.0,7.0,11.0,inferred
Shetland Islands,2021-07-03,0.0,0.0,0.0,0.0,0.0,1.0,1.0,2.0,2.0,2.0,3.0,4.0,7.0,inferred
Shetland Islands,2021-07-04,0.0,0.0,0.0,0.0,0.0,1.0,1.0,1.0,2.0,2.0,3.0,4.0,6.0,inferred
Shetland Islands,2021-07-05,0.0,0.0,0.0,0.0,0.0,0.0,1.0,1.0,2.0,2.0,2.0,3.1,6.5,inferred
Shetland Islands,2021-07-06,0.0,0.0,0.0,0.0,0.0,1.0,1.0,1.0,2.0,2.0,3.0,4.0,6.0,inferred
Shetland Islands,2021-07-07,0.0,0.0,0.0,0.0,1.0,1.0,2.0,2.0,3.0,3.0,4.0,5.0,8.0,inferred
Shetland Islands,2021-07-08,0.0,0.0,0.0,1.0,1.0,1.0,2.0,2.0,3.0,3.0,4.0,5.0,8.0,inferred
Shetland Islands,2021-07-09,0.0,0.0,1.0,1.0,1.0,2.0,2.0,3.0,4.0,4.0,5.0,6.0,9.0,inferred
Shetland Islands,2021-07-10,0.0,0.0,1.0,1.0,2.0,2.0,3.0,4.0,5.0,5.0,6.0,8.0,11.0,inferred
Shetland Islands,2021-07-11,0.0,1.0,1.0,2.0,2.0,3.0,4.0,4.0,5.0,6.0,7.0,8.0,12.0,inferred
Shetland Islands,2021-07-12,0.0,1.0,1.0,2.0,2.0,3.0,3.0,4.0,5.0,6.0,6.0,8.0,12.0,inferred
Shetland Islands,2021-07-13,0.0,1.0,2.0,2.0,3.0,3.0,4.0,5.0,6.0,7.0,7.0,10.0,13.0,inferred
Shetland Islands,2021-07-14,0.0,1.0,2.0,3.0,3.0,4.0,5.0,6.0,7.0,8.0,9.0,11.0,15.0,inferred
Shetland Islands,2021-07-15,0.0,1.0,2.0,2.0,3.0,3.0,4.0,5.0,6.0,7.0,7.0,10.0,14.0,inferred
Shetland Islands,2021-07-16,0.0,1.0,2.0,3.0,3.0,4.0,4.0,5.0,6.0,7.0,8.0,10.0,14.0,inferred
Shetland Islands,2021-07-17,0.0,1.0,2.0,3.0,3.0,4.0,5.0,6.0,7.0,8.0,9.0,11.0,15.0,inferred
Shetland Islands,2021-07-18,0.0,1.0,2.0,3.0,3.0,4.0,5.0,6.0,7.0,7.0,8.0,11.0,14.0,inferred
Shetland Islands,2021-07-19,0.0,1.0,2.0,2.0,2.0,3.0,4.0,5.0,6.0,6.0,7.0,9.0,13.0,inferred
Shetland Islands,2021-07-20,0.0,1.0,2.0,2.0,3.0,4.0,4.0,5.0,6.0,7.0,7.2,10.0,13.0,inferred
Shetland Islands,2021-07-21,0.0,1.0,2.0,3.0,3.0,4.0,5.0,6.0,6.0,7.0,8.0,10.0,14.5,inferred
Shetland Islands,2021-07-22,0.0,1.0,2.0,2.0,2.0,3.0,4.0,4.0,5.0,6.0,7.0,9.0,12.0,inferred
Shetland Islands,2021-07-23,0.0,1.0,2.0,2.0,2.0,3.0,4.0,4.0,5.0,6.0,6.0,8.0,12.0,inferred
Shetland Islands,2021-07-24,0.0,1.0,2.0,2.0,3.0,3.0,4.0,5.0,6.0,7.0,7.0,9.0,12.0,inferred
Shetland Islands,2021-07-25,0.0,1.0,2.0,2.0,2.0,3.0,4.0,4.0,5.0,6.0,7.0,9.0,13.0,inferred
Shetland Islands,2021-07-26,0.0,0.0,1.0,1.0,2.0,2.0,3.0,3.0,4.0,5.0,5.0,7.0,10.0,inferred
Shetland Islands,2021-07-27,0.0,0.0,1.0,1.0,2.0,2.0,3.0,3.0,4.0,5.0,6.0,7.1,11.0,inferred
Shetland Islands,2021-07-28,0.0,0.0,1.0,1.0,2.0,2.0,3.0,4.0,5.0,5.0,6.0,8.0,11.0,inferred
Shetland Islands,2021-07-29,0.0,0.0,1.0,1.0,1.0,2.0,2.0,3.0,4.0,4.0,5.0,6.0,10.0,inferred
Shetland Islands,2021-07-30,0.0,0.0,1.0,1.0,1.0,2.0,2.0,3.0,3.0,4.0,4.2,6.0,9.0,inferred
Shetland Islands,2021-07-31,0.0,0.0,1.0,1.0,1.0,2.0,2.0,3.0,4.0,4.0,5.0,7.0,10.0,inferred
Shetland Islands,2021-08-01,0.0,0.0,1.0,1.0,1.0,2.0,2.0,3.0,3.0,4.0,4.0,6.0,10.0,inferred
Shetland Islands,2021-08-02,0.0,0.0,0.0,0.0,1.0,1.0,2.0,2.0,3.0,3.0,4.0,5.0,9.0,inferred
Shetland Islands,2021-08-03,0.0,0.0,0.0,1.0,1.0,1.0,2.0,2.0,3.0,3.0,4.0,5.0,8.0,inferred
Shetland Islands,2021-08-04,0.0,0.0,1.0,1.0,1.0,1.0,2.0,3.0,3.0,4.0,4.0,6.0,9.0,inferred
Shetland Islands,2021-08-05,0.0,0.0,0.0,0.0,1.0,1.0,1.0,2.0,3.0,3.0,3.0,5.0,8.0,inferred
Shetland Islands,2021-08-06,0.0,0.0,0.0,0.0,1.0,1.0,1.0,2.0,3.0,3.0,3.0,5.0,8.0,inferred
Shetland Islands,2021-08-07,0.0,0.0,0.0,1.0,1.0,1.0,2.0,2.0,3.0,4.0,4.0,6.0,9.0,inferred
Shetland Islands,2021-08-08,0.0,0.0,0.0,0.0,1.0,1.0,1.0,2.0,2.0,3.0,3.0,5.0,8.0,inferred
Shetland Islands,2021-08-09,0.0,0.0,0.0,0.0,0.0,1.0,1.0,2.0,2.0,3.0,3.0,4.0,7.0,inferred
Shetland Islands,2021-08-10,0.0,0.0,0.0,0.0,0.0,1.0,1.0,2.0,2.0,3.0,3.0,5.0,7.0,inferred
Shetland Islands,2021-08-11,0.0,0.0,0.0,0.0,1.0,1.0,2.0,2.0,3.0,3.0,4.0,6.0,9.0,inferred
Shetland Islands,2021-08-12,0.0,0.0,0.0,0.0,0.0,1.0,1.0,2.0,2.0,3.0,3.0,5.0,8.0,inferred
Shetland Islands,2021-08-13,0.0,0.0,0.0,0.0,0.0,1.0,1.0,2.0,2.0,3.0,3.0,5.0,8.0,inferred
Shetland Islands,2021-08-14,0.0,0.0,0.0,1.0,1.0,1.0,2.0,3.0,3.0,3.0,4.0,6.0,8.0,inferred
Shetland Islands,2021-08-15,0.0,0.0,0.0,1.0,1.0,1.0,2.0,2.0,3.0,3.0,4.0,5.0,8.0,inferred
Shetland Islands,2021-08-16,0.0,0.0,0.0,0.0,1.0,1.0,1.0,2.0,2.0,3.0,3.0,5.0,8.0,inferred
Shetland Islands,2021-08-17,0.0,0.0,0.0,0.0,1.0,1.0,2.0,2.0,3.0,3.0,4.0,5.1,9.0,inferred
Shetland Islands,2021-08-18,0.0,0.0,1.0,1.0,1.0,2.0,2.0,3.0,4.0,4.0,5.0,7.0,9.0,inferred
Shetland Islands,2021-08-19,0.0,0.0,1.0,1.0,1.0,2.0,2.0,3.0,4.0,4.0,5.0,6.0,9.0,inferred
Shetland Islands,2021-08-20,0.0,0.0,1.0,1.0,1.0,2.0,2.0,3.0,4.0,5.0,5.0,7.0,10.0,inferred
Shetland Islands,2021-08-21,0.0,1.0,1.0,2.0,2.0,3.0,3.0,4.0,5.0,6.0,6.0,8.0,12.0,inferred
Shetland Islands,2021-08-22,0.0,1.0,1.0,2.0,2.0,3.0,3.0,4.0,5.0,6.0,6.0,8.0,12.0,inferred
Shetland Islands,2021-08-23,0.0,1.0,1.0,2.0,2.0,3.0,3.0,4.0,5.0,6.0,6.0,8.0,12.0,inferred
Shetland Islands,2021-08-24,0.0,1.0,2.0,2.0,2.0,3.0,4.0,5.0,6.0,6.0,7.0,9.0,13.0,inferred
Shetland Islands,2021-08-25,0.0,1.0,2.0,3.0,3.0,4.0,5.0,6.0,7.0,8.0,8.0,11.0,14.0,inferred
Shetland Islands,2021-08-26,0.0,1.0,2.0,2.0,3.0,4.0,4.0,5.0,6.0,7.0,8.0,10.0,13.0,inferred
Shetland Islands,2021-08-27,0.0,2.0,3.0,3.0,4.0,5.0,5.0,6.0,7.0,8.0,9.0,11.0,15.0,inferred
Shetland Islands,2021-08-28,1.0,2.0,4.0,4.0,5.0,6.0,7.0,8.0,9.0,10.0,11.0,14.0,18.0,inferred
Shetland Islands,2021-08-29,1.0,3.0,4.0,5.0,5.0,6.0,7.0,8.0,10.0,10.0,11.0,14.0,18.0,inferred
Shetland Islands,2021-08-30,1.0,2.0,4.0,4.0,5.0,5.0,6.5,8.0,9.0,9.0,10.0,13.0,17.0,inferred
Shetland Islands,2021-08-31,1.0,3.0,4.0,5.0,6.0,7.0,8.0,9.0,10.0,11.0,12.0,15.0,20.0,inferred
Shetland Islands,2021-09-01,2.0,4.0,5.0,6.0,7.0,8.0,9.0,10.0,12.0,13.0,14.0,16.0,21.0,inferred
Shetland Islands,2021-09-02,1.0,3.0,4.0,5.0,5.0,7.0,8.0,9.0,10.0,11.0,12.0,14.0,19.0,inferred
Shetland Islands,2021-09-03,2.0,3.0,5.0,5.0,6.0,7.0,8.0,9.0,11.0,11.0,12.0,15.0,20.0,inferred
Shetland Islands,2021-09-04,2.0,4.0,6.0,6.0,7.0,8.0,9.0,11.0,12.0,13.0,14.0,17.0,23.0,inferred
Shetland Islands,2021-09-05,2.0,4.0,5.0,6.0,7.0,8.0,9.0,10.0,11.0,12.0,13.0,16.0,20.0,inferred
Shetland Islands,2021-09-06,2.0,3.0,4.0,5.0,5.0,6.0,8.0,9.0,10.0,11.0,12.0,14.0,18.0,inferred
Shetland Islands,2021-09-07,2.0,4.0,5.0,5.0,6.0,7.0,8.0,9.0,10.0,11.0,12.0,15.0,20.0,inferred
Shetland Islands,2021-09-08,2.0,4.0,5.0,6.0,7.0,7.0,9.0,10.0,11.0,12.0,13.0,16.0,20.0,inferred
Shetland Islands,2021-09-09,1.0,2.0,4.0,4.0,5.0,6.0,7.0,8.0,9.0,10.0,10.0,13.0,17.0,inferred
Shetland Islands,2021-09-10,1.0,2.0,3.0,4.0,4.0,5.0,6.0,7.0,8.0,9.0,10.0,12.0,15.0,inferred
Shetland Islands,2021-09-11,1.0,2.0,4.0,4.0,5.0,6.0,7.0,8.0,9.0,10.0,11.0,13.0,17.0,inferred
Shetland Islands,2021-09-12,1.0,2.0,3.0,3.0,4.0,5.0,6.0,7.0,8.0,8.0,9.0,12.0,15.0,inferred
Shetland Islands,2021-09-13,0.0,1.0,2.0,3.0,3.0,4.0,4.0,5.0,6.0,7.0,8.0,10.0,14.0,inferred
Shetland Islands,2021-09-14,0.0,1.0,2.0,2.0,3.0,4.0,4.0,5.0,6.3,7.0,8.0,10.0,14.0,inferred
Shetland Islands,2021-09-15,0.0,1.0,2.0,2.0,3.0,4.0,4.0,5.0,7.0,7.0,8.0,10.0,14.0,inferred
Shetland Islands,2021-09-16,0.0,1.0,1.0,2.0,2.0,3.0,3.0,4.0,5.0,6.0,6.0,8.0,12.0,inferred
Shetland Islands,2021-09-17,0.0,0.0,1.0,2.0,2.0,2.0,3.0,4.0,5.0,5.0,6.0,8.0,11.0,inferred
Shetland Islands,2021-09-18,0.0,1.0,1.0,2.0,2.0,3.0,4.0,4.0,5.0,6.0,7.0,9.0,12.0,inferred
Shetland Islands,2021-09-19,0.0,0.0,1.0,1.0,2.0,2.0,3.0,4.0,4.0,5.0,6.0,7.0,11.0,inferred
Shetland Islands,2021-09-20,0.0,0.0,1.0,1.0,1.0,2.0,2.0,3.0,4.0,4.0,5.0,6.0,9.0,inferred
Shetland Islands,2021-09-21,0.0,0.0,1.0,1.0,1.0,2.0,2.0,3.0,4.0,4.0,5.0,6.0,10.0,inferred
Shetland Islands,2021-09-22,0.0,0.0,1.0,1.0,1.0,2.0,3.0,3.0,4.0,5.0,5.0,7.0,10.0,inferred
Shetland Islands,2021-09-23,0.0,0.0,0.0,1.0,1.0,1.0,2.0,3.0,3.0,4.0,4.0,6.0,9.0,inferred
Shetland Islands,2021-09-24,0.0,0.0,1.0,1.0,1.0,2.0,2.0,3.0,4.0,4.0,4.0,6.0,9.0,inferred
Shetland Islands,2021-09-25,0.0,0.0,1.0,1.0,1.0,2.0,3.0,3.0,4.0,4.0,5.0,7.0,10.0,inferred
Shetland Islands,2021-09-26,0.0,0.0,1.0,1.0,1.0,2.0,2.0,3.0,4.0,4.0,5.0,7.0,10.0,inferred
Shetland Islands,2021-09-27,0.0,0.0,0.0,1.0,1.0,1.0,2.0,3.0,3.0,4.0,4.0,6.0,9.0,inferred
Shetland Islands,2021-09-28,0.0,0.0,1.0,1.0,1.0,2.0,2.0,3.0,4.0,4.0,5.0,6.0,9.0,inferred
Shetland Islands,2021-09-29,0.0,0.0,1.0,1.0,1.0,2.0,3.0,3.0,4.0,5.0,5.0,7.0,10.0,inferred
Shetland Islands,2021-09-30,0.0,0.0,1.0,1.0,1.0,1.0,2.0,3.0,3.0,4.0,4.0,6.0,9.0,inferred
Shetland Islands,2021-10-01,0.0,0.0,1.0,1.0,1.0,2.0,2.0,3.0,4.0,4.0,5.0,7.0,10.0,inferred
Shetland Islands,2021-10-02,0.0,0.0,1.0,1.0,2.0,2.0,3.0,4.0,4.3,5.0,6.0,8.0,11.0,inferred
Shetland Islands,2021-10-03,0.0,0.0,1.0,1.0,2.0,2.0,3.0,4.0,4.0,5.0,6.0,7.1,11.0,inferred
Shetland Islands,2021-10-04,0.0,0.0,1.0,1.0,1.0,2.0,3.0,3.0,4.0,5.0,5.0,7.0,10.5,inferred
Shetland Islands,2021-10-05,0.0,0.0,1.0,1.0,2.0,2.0,3.0,4.0,5.0,5.0,6.0,8.0,11.0,inferred
Shetland Islands,2021-10-06,0.0,1.0,1.0,2.0,2.0,3.0,3.0,4.0,5.0,6.0,6.0,8.0,12.0,inferred
Shetland Islands,2021-10-07,0.0,0.0,1.0,1.0,1.0,2.0,3.0,3.0,4.0,5.0,5.0,7.0,11.0,inferred
Shetland Islands,2021-10-08,0.0,0.0,1.0,1.0,1.0,2.0,3.0,3.0,4.0,5.0,5.0,7.0,11.0,inferred
Shetland Islands,2021-10-09,0.0,0.0,1.0,2.0,2.0,2.0,3.0,4.0,5.0,6.0,6.0,8.0,11.5,inferred
Shetland Islands,2021-10-10,0.0,0.0,1.0,1.0,1.0,2.0,3.0,3.0,4.0,5.0,5.0,8.0,11.0,inferred
Shetland Islands,2021-10-11,0.0,0.0,1.0,1.0,1.0,2.0,2.0,3.0,4.0,4.0,5.0,6.0,9.0,inferred
Shetland Islands,2021-10-12,0.0,0.0,1.0,1.0,1.0,2.0,2.0,3.0,4.0,4.0,5.0,7.0,11.0,inferred
Shetland Islands,2021-10-13,0.0,0.0,1.0,1.0,2.0,2.0,3.0,3.4,4.0,5.0,5.0,7.0,10.5,inferred
Shetland Islands,2021-10-14,0.0,0.0,1.0,1.0,1.0,2.0,2.0,3.0,4.0,4.0,5.0,7.0,10.0,inferred
Shetland Islands,2021-10-15,0.0,0.0,1.0,1.0,1.0,2.0,2.0,3.0,4.0,4.2,5.0,7.0,11.0,inferred
Shropshire,2021-07-03,41.0,49.0,53.0,55.0,56.0,59.0,62.0,65.0,68.0,70.0,72.0,77.0,87.0,inferred
Shropshire,2021-07-04,50.0,56.0,61.0,62.0,64.0,66.6,69.0,72.0,75.0,77.0,79.0,84.0,92.0,inferred
Shropshire,2021-07-05,75.0,83.0,88.0,91.0,93.0,96.0,99.0,103.0,106.0,108.0,110.0,116.0,125.0,inferred
Shropshire,2021-07-06,74.0,83.0,88.0,91.0,93.0,96.0,99.0,103.0,107.0,109.0,111.0,117.0,125.0,inferred
Shropshire,2021-07-07,82.0,90.0,97.0,99.0,101.0,105.0,108.0,111.0,115.0,116.0,119.0,125.0,135.0,inferred
Shropshire,2021-07-08,88.0,96.0,103.0,105.0,107.0,111.0,115.0,119.0,123.0,125.0,128.0,135.0,145.5,inferred
Shropshire,2021-07-09,86.0,95.0,101.0,103.0,105.0,109.0,112.0,116.0,120.0,123.0,126.0,132.0,144.0,inferred
Shropshire,2021-07-10,80.0,89.0,94.0,97.0,99.0,102.0,106.0,109.0,113.0,115.0,118.0,125.0,134.0,inferred
Shropshire,2021-07-11,93.0,102.0,109.0,112.0,115.0,119.0,123.0,128.0,132.0,134.0,136.0,144.0,156.0,inferred
Shropshire,2021-07-12,143.0,155.0,164.0,167.0,170.0,176.0,180.0,186.0,191.0,194.0,198.0,206.0,221.0,inferred
Shropshire,2021-07-13,139.0,151.0,160.0,163.0,167.0,172.0,177.0,182.0,188.0,190.0,193.0,204.0,219.0,inferred
Shropshire,2021-07-14,139.0,151.0,160.0,162.0,165.0,170.0,175.0,180.0,185.3,188.2,192.0,200.0,217.0,inferred
Shropshire,2021-07-15,130.0,143.0,150.0,153.8,156.0,161.0,166.0,170.0,175.0,178.0,180.0,189.0,203.0,inferred
Shropshire,2021-07-16,112.0,122.9,129.0,132.0,135.0,140.0,144.0,148.0,153.0,155.0,158.0,165.0,179.0,inferred
Shropshire,2021-07-17,90.0,100.9,106.0,108.0,111.0,114.0,118.0,122.0,126.0,128.0,131.0,137.0,149.0,inferred
Shropshire,2021-07-18,93.5,102.0,109.0,111.8,114.0,117.0,121.0,125.0,130.0,132.0,135.0,142.0,155.0,inferred
Shropshire,2021-07-19,126.0,136.0,144.0,146.0,149.0,154.0,159.0,164.0,169.0,172.0,175.0,183.0,196.0,inferred
Shropshire,2021-07-20,111.0,122.0,128.0,131.0,133.0,138.0,142.0,147.0,152.0,155.0,158.0,165.0,179.0,inferred
Shropshire,2021-07-21,101.0,111.0,119.0,121.0,123.0,128.0,132.0,136.0,140.0,143.0,146.0,154.0,165.0,inferred
Shropshire,2021-07-22,88.0,97.0,104.0,107.0,109.0,113.0,118.0,122.0,126.0,129.0,132.0,139.0,150.0,inferred
Shropshire,2021-07-23,73.0,80.0,85.0,87.0,89.0,93.0,96.0,100.0,104.0,106.0,108.0,114.0,126.0,inferred
Shropshire,2021-07-24,54.0,61.0,65.0,68.0,69.0,72.0,76.0,78.0,82.0,84.0,86.0,92.0,99.0,inferred
Shropshire,2021-07-25,53.0,60.0,65.0,66.0,68.0,71.0,74.0,77.0,80.0,83.0,85.0,90.0,99.0,inferred
Shropshire,2021-07-26,66.0,74.0,80.0,82.0,84.0,88.0,92.0,96.0,99.0,102.0,105.0,112.0,121.0,inferred
Shropshire,2021-07-27,61.0,68.9,74.0,76.0,77.0,81.0,84.0,87.4,91.0,93.0,95.0,101.0,111.5,inferred
Shropshire,2021-07-28,61.5,69.0,74.0,76.0,78.0,81.0,84.0,88.0,91.0,94.0,96.0,103.0,112.0,inferred
Shropshire,2021-07-29,59.0,67.0,72.8,74.0,76.0,79.0,82.0,86.0,89.0,91.0,94.0,100.0,110.0,inferred
Shropshire,2021-07-30,53.0,60.0,65.0,67.0,68.0,72.0,74.5,78.0,82.0,84.0,86.0,92.0,101.0,inferred
Shropshire,2021-07-31,45.0,52.0,57.0,58.0,60.0,63.0,65.5,68.0,71.0,73.0,75.0,80.0,90.0,inferred
Shropshire,2021-08-01,49.0,56.0,61.0,62.0,64.0,67.6,71.0,74.0,77.0,79.0,81.0,86.0,95.0,inferred
Shropshire,2021-08-02,70.5,80.0,85.0,87.8,90.0,93.0,96.0,100.0,105.0,107.0,109.0,117.0,128.5,inferred
Shropshire,2021-08-03,69.0,77.0,83.0,86.0,88.0,92.0,95.0,99.0,103.0,105.0,108.0,113.0,125.0,inferred
Shropshire,2021-08-04,76.0,85.0,90.0,92.0,94.0,98.0,102.0,105.0,109.0,112.0,114.0,122.0,133.5,inferred
Shropshire,2021-08-05,79.0,88.0,93.0,95.8,97.7,101.0,104.0,108.0,112.0,114.0,117.0,123.0,134.0,inferred
Shropshire,2021-08-06,75.0,84.0,89.0,91.0,93.0,97.0,101.0,104.4,108.0,111.0,113.0,119.0,130.0,inferred
Shropshire,2021-08-07,66.5,75.0,80.0,82.0,84.7,88.0,91.0,94.0,98.0,100.0,103.0,108.0,118.0,inferred
Shropshire,2021-08-08,75.0,85.0,90.0,93.0,95.0,99.0,103.0,106.0,110.0,112.0,114.0,122.0,133.0,inferred
Shropshire,2021-08-09,115.0,125.0,133.0,136.0,138.0,143.0,147.0,152.0,157.0,159.2,162.2,171.0,185.0,inferred
Shropshire,2021-08-10,116.0,126.0,133.0,135.0,138.0,143.0,147.0,152.0,156.0,159.0,162.0,171.1,183.5,inferred
Shropshire,2021-08-11,120.5,131.0,139.0,142.0,145.0,149.0,153.0,158.0,163.0,166.0,169.0,177.1,190.0,inferred
Shropshire,2021-08-12,121.0,132.0,140.0,143.0,146.0,150.0,155.0,159.0,164.0,168.0,171.0,180.0,192.0,inferred
Shropshire,2021-08-13,115.0,125.0,132.0,135.0,137.0,141.0,145.0,150.0,154.0,156.0,159.0,168.0,180.0,inferred
Shropshire,2021-08-14,97.0,108.0,115.0,118.0,120.0,124.0,128.0,132.0,136.0,139.0,143.0,150.0,160.0,inferred
Shropshire,2021-08-15,112.0,122.0,128.0,131.0,133.0,137.6,142.0,146.0,151.0,154.0,157.0,164.0,177.0,inferred
Shropshire,2021-08-16,159.0,173.0,181.0,184.0,187.0,192.0,199.0,204.0,210.0,213.0,216.0,226.0,242.0,inferred
Shropshire,2021-08-17,153.5,165.0,174.0,177.0,180.0,185.0,190.0,196.0,201.0,204.0,207.0,216.0,229.5,inferred
Shropshire,2021-08-18,151.0,163.0,171.0,175.0,178.0,183.0,188.0,194.0,199.0,202.0,205.0,215.0,229.0,inferred
Shropshire,2021-08-19,142.0,155.0,164.0,166.0,170.0,174.0,179.0,184.0,189.0,192.0,195.0,203.0,216.0,inferred
Shropshire,2021-08-20,126.0,136.0,144.0,147.0,149.0,153.0,158.0,163.0,167.0,170.0,173.0,180.0,193.5,inferred
Shropshire,2021-08-21,102.0,112.9,120.0,122.8,125.0,130.0,134.0,137.0,141.0,144.0,147.0,154.0,165.0,inferred
Shropshire,2021-08-22,107.0,117.0,125.0,128.0,130.0,135.0,139.0,142.0,146.0,149.0,152.0,161.0,174.0,inferred
Shropshire,2021-08-23,150.0,160.0,168.0,171.0,173.0,179.0,183.0,188.0,194.0,198.0,200.2,210.0,223.0,inferred
Shropshire,2021-08-24,135.0,148.0,157.0,160.0,163.0,168.0,172.5,177.0,183.0,186.0,189.0,197.0,210.0,inferred
Shropshire,2021-08-25,135.5,147.0,155.0,158.0,161.0,166.0,171.0,176.0,181.0,183.0,186.0,196.0,209.5,inferred
Shropshire,2021-08-26,129.0,141.0,147.0,150.0,153.0,158.0,163.0,167.0,172.0,175.0,178.0,185.0,199.0,inferred
Shropshire,2021-08-27,113.0,125.0,131.0,134.0,136.0,141.0,145.0,149.0,154.0,156.0,159.2,168.0,178.0,inferred
Shropshire,2021-08-28,92.0,102.0,109.0,111.0,113.0,118.0,122.0,126.0,130.0,132.0,135.0,142.0,152.0,inferred
Shropshire,2021-08-29,97.0,108.0,115.0,117.0,120.0,124.0,128.0,132.0,137.0,139.0,141.0,148.0,160.0,inferred
Shropshire,2021-08-30,135.0,148.0,156.0,159.0,162.0,167.0,172.0,177.4,183.0,185.0,189.0,198.0,210.0,inferred
Shropshire,2021-08-31,129.0,139.9,147.0,151.0,154.0,158.0,163.0,167.4,173.0,175.0,179.0,187.0,199.5,inferred
Shropshire,2021-09-01,129.0,140.0,148.0,152.0,155.0,159.0,164.0,169.0,175.0,178.0,181.0,188.0,201.5,inferred
Shropshire,2021-09-02,127.0,137.0,145.0,149.0,152.0,156.0,161.0,166.0,170.0,173.0,176.0,185.0,198.0,inferred
Shropshire,2021-09-03,115.0,125.0,132.0,135.0,137.0,141.0,146.0,150.0,155.0,157.0,160.0,168.0,181.0,inferred
Shropshire,2021-09-04,99.0,107.0,113.0,115.0,117.0,122.0,126.0,130.0,135.0,137.0,140.0,148.0,159.0,inferred
Shropshire,2021-09-05,102.0,114.0,122.0,124.0,127.0,131.0,135.0,140.0,145.0,147.0,150.0,157.0,169.0,inferred
Shropshire,2021-09-06,146.0,159.0,168.0,171.0,175.0,180.0,184.0,189.0,194.0,198.0,202.0,212.0,226.0,inferred
Shropshire,2021-09-07,134.0,149.0,158.0,161.0,164.0,169.0,175.0,179.0,185.0,187.2,191.0,200.0,216.0,inferred
Shropshire,2021-09-08,135.0,148.0,156.0,159.0,162.0,167.0,172.0,177.0,182.0,185.0,189.0,197.0,212.0,inferred
Shropshire,2021-09-09,128.5,141.0,149.0,151.0,153.0,158.0,162.0,167.0,172.0,176.0,178.0,188.0,199.0,inferred
Shropshire,2021-09-10,114.0,124.0,130.0,133.0,135.0,140.0,144.0,148.0,152.0,155.0,158.0,166.1,178.0,inferred
Shropshire,2021-09-11,94.0,102.0,108.0,111.0,113.0,117.0,121.0,125.0,129.0,131.0,134.0,141.0,153.0,inferred
Shropshire,2021-09-12,94.5,107.0,114.0,116.0,118.0,123.0,128.0,131.0,135.0,138.0,141.0,149.0,162.0,inferred
Shropshire,2021-09-13,131.0,145.0,153.0,156.8,159.0,165.0,170.0,174.0,180.0,183.0,186.0,194.0,211.5,inferred
Shropshire,2021-09-14,128.0,141.0,149.0,152.0,154.0,159.0,164.5,169.0,175.0,178.0,181.0,191.0,205.0,inferred
Shropshire,2021-09-15,137.0,150.0,159.8,162.0,165.0,170.0,174.0,179.0,184.0,187.0,191.0,200.0,214.0,inferred
Shropshire,2021-09-16,144.0,157.0,165.0,168.0,170.0,175.0,180.0,185.0,190.0,193.0,197.0,205.0,219.5,inferred
Shropshire,2021-09-17,137.5,150.0,158.0,161.0,164.0,169.0,174.0,178.0,183.0,186.0,190.0,199.0,212.0,inferred
Shropshire,2021-09-18,124.0,137.0,144.0,146.0,149.0,153.0,158.0,163.0,168.0,170.0,173.0,182.0,194.0,inferred
Shropshire,2021-09-19,142.0,154.9,163.0,166.0,169.0,173.0,179.0,183.0,188.0,191.0,194.0,203.0,216.0,inferred
Shropshire,2021-09-20,210.0,223.0,234.0,238.0,241.0,247.6,254.0,260.0,267.0,271.0,276.0,288.0,303.5,inferred
Shropshire,2021-09-21,204.0,218.0,227.0,231.0,234.0,240.0,246.0,252.0,259.0,263.0,266.0,278.0,294.0,inferred
Shropshire,2021-09-22,207.0,218.0,229.0,232.0,236.0,242.0,247.0,253.0,259.0,263.0,266.0,277.0,293.5,inferred
Shropshire,2021-09-23,197.0,211.0,220.0,223.0,226.0,233.0,238.0,243.0,250.0,254.0,258.0,267.0,282.0,inferred
Shropshire,2021-09-24,174.0,188.0,195.0,198.0,201.0,207.0,213.0,218.0,224.0,227.0,231.0,241.1,253.5,inferred
Shropshire,2021-09-25,146.5,158.0,166.0,169.8,172.0,177.0,182.0,187.0,192.0,195.0,198.0,207.0,219.0,inferred
Shropshire,2021-09-26,155.0,168.0,176.0,178.8,181.0,187.0,191.0,196.0,202.0,205.0,209.0,218.0,231.0,inferred
Shropshire,2021-09-27,213.0,228.0,237.0,242.0,245.0,252.0,258.0,264.0,272.0,275.0,280.0,290.0,312.0,inferred
Shropshire,2021-09-28,198.0,212.0,221.0,225.0,229.0,236.0,241.0,247.0,254.0,258.0,263.0,273.0,288.0,inferred
Shropshire,2021-09-29,197.0,210.0,219.0,222.0,226.0,232.0,237.0,243.0,249.0,252.0,257.0,267.0,285.0,inferred
Shropshire,2021-09-30,185.0,199.0,208.0,212.0,214.0,220.0,225.0,231.0,237.0,240.0,243.0,253.0,267.0,inferred
Shropshire,2021-10-01,160.0,174.0,182.0,185.0,188.0,193.0,199.0,204.0,209.0,212.2,216.0,226.0,240.0,inferred
Shropshire,2021-10-02,132.0,143.0,151.0,154.0,157.0,161.0,166.0,171.0,176.0,179.0,181.0,190.0,203.0,inferred
Shropshire,2021-10-03,138.5,150.0,159.0,161.0,164.0,169.0,173.0,178.0,183.0,186.0,190.0,198.0,209.0,inferred
Shropshire,2021-10-04,189.0,204.0,213.0,217.0,220.0,227.0,233.0,238.0,244.0,247.0,251.0,261.0,276.5,inferred
Shropshire,2021-10-05,180.0,192.0,201.0,205.0,208.0,213.0,218.0,224.0,229.0,232.0,237.0,247.0,261.5,inferred
Shropshire,2021-10-06,183.0,194.0,203.0,207.0,210.0,215.0,221.0,227.0,232.0,236.0,239.0,250.0,263.0,inferred
Shropshire,2021-10-07,174.5,189.0,198.0,201.0,205.0,211.0,216.0,221.0,227.0,229.0,233.0,242.0,257.0,inferred
Shropshire,2021-10-08,160.5,172.0,179.0,182.8,185.0,190.6,195.0,200.0,205.0,208.0,211.0,220.0,234.0,inferred
Shropshire,2021-10-09,135.0,147.0,154.0,157.0,160.0,165.0,170.0,174.0,179.0,182.0,185.0,194.0,205.0,inferred
Shropshire,2021-10-10,147.0,159.0,167.0,170.0,173.0,179.0,184.0,189.0,194.0,197.0,201.0,210.0,226.0,inferred
Shropshire,2021-10-11,206.0,221.0,230.0,234.0,237.0,243.0,249.0,256.0,262.0,266.0,271.0,280.1,299.0,inferred
Shropshire,2021-10-12,195.0,208.0,218.0,222.0,226.0,232.0,237.0,243.0,250.0,254.0,258.0,269.0,288.0,inferred
Shropshire,2021-10-13,195.0,208.0,218.0,222.0,225.0,231.0,236.0,242.0,248.0,252.0,255.0,266.0,283.0,inferred
Shropshire,2021-10-14,182.0,196.0,207.0,211.0,214.0,221.0,227.0,233.0,240.0,243.0,247.0,259.0,275.5,inferred
Shropshire,2021-10-15,158.0,174.0,183.0,187.0,190.0,197.0,203.0,209.0,216.0,220.0,224.0,238.0,254.0,inferred
Slough,2021-07-03,11.0,15.0,18.0,19.0,20.0,21.6,23.0,25.0,27.0,28.0,29.0,33.0,39.0,inferred
Slough,2021-07-04,12.0,16.0,18.8,20.0,21.0,22.0,24.0,26.0,28.0,29.0,30.0,34.0,40.0,inferred
Slough,2021-07-05,18.0,23.0,26.0,27.0,28.0,30.0,32.0,34.0,36.0,38.0,39.0,43.0,50.0,inferred
Slough,2021-07-06,18.0,23.0,26.0,27.0,28.0,30.0,32.0,34.0,37.0,38.0,39.0,44.0,50.0,inferred
Slough,2021-07-07,21.5,26.0,30.0,31.0,32.0,34.0,36.0,39.0,41.0,42.0,44.0,48.0,55.0,inferred
Slough,2021-07-08,22.0,27.9,31.0,32.0,33.0,35.0,38.0,40.0,43.0,44.0,46.0,50.0,58.0,inferred
Slough,2021-07-09,23.0,27.0,31.0,33.0,34.0,36.0,39.0,41.0,44.0,46.0,47.0,52.0,60.0,inferred
Slough,2021-07-10,22.0,27.0,30.0,32.0,33.0,35.0,37.0,39.0,42.0,43.0,44.0,49.0,56.0,inferred
Slough,2021-07-11,24.0,31.0,34.0,36.0,37.0,39.0,42.0,44.0,47.0,48.0,50.0,55.0,63.0,inferred
Slough,2021-07-12,40.0,47.0,52.0,54.0,56.0,58.0,61.0,64.0,68.0,69.0,72.0,79.0,87.0,inferred
Slough,2021-07-13,41.0,48.0,53.0,56.0,57.0,60.0,63.0,66.0,69.0,71.0,73.2,80.0,89.5,inferred
Slough,2021-07-14,43.0,49.0,54.0,56.0,58.0,61.0,64.0,67.0,71.0,73.0,75.0,81.0,90.0,inferred
Slough,2021-07-15,41.0,48.0,53.0,55.0,56.0,60.0,62.0,66.0,69.0,71.0,73.0,78.0,88.0,inferred
Slough,2021-07-16,39.0,44.0,49.0,51.0,52.0,55.0,58.0,61.0,64.0,66.0,69.0,75.0,84.0,inferred
Slough,2021-07-17,32.5,38.0,42.0,43.0,44.0,47.0,50.0,53.0,55.0,57.0,59.0,63.0,73.0,inferred
Slough,2021-07-18,33.0,39.0,42.0,44.0,46.0,49.0,51.0,54.0,57.0,58.0,60.0,65.0,73.0,inferred
Slough,2021-07-19,45.0,53.0,59.0,61.0,63.0,66.0,69.0,72.4,76.0,78.0,80.0,86.0,97.0,inferred
Slough,2021-07-20,43.0,50.0,55.0,57.0,59.0,62.0,65.0,68.0,71.3,73.0,75.0,81.0,89.0,inferred
Slough,2021-07-21,41.0,48.0,53.0,54.0,56.0,59.0,61.0,65.0,68.0,70.0,72.0,78.0,88.0,inferred
Slough,2021-07-22,37.0,43.0,47.0,49.0,50.0,53.0,56.0,58.0,61.0,63.0,65.0,71.0,79.0,inferred
Slough,2021-07-23,31.0,36.0,41.0,42.0,44.0,46.0,49.0,51.0,54.0,56.0,58.0,62.0,70.5,inferred
Slough,2021-07-24,23.0,28.0,31.0,33.0,34.0,37.0,39.0,41.0,44.0,45.0,47.0,52.0,59.0,inferred
Slough,2021-07-25,22.0,27.0,31.0,32.0,33.0,36.0,38.0,40.0,43.0,44.0,46.0,50.1,57.5,inferred
Slough,2021-07-26,29.5,36.0,39.0,41.0,42.0,45.0,48.0,51.0,53.0,55.0,56.0,62.0,69.0,inferred
Slough,2021-07-27,28.0,34.0,38.0,40.0,41.0,44.0,46.0,48.0,51.0,53.0,55.0,60.0,68.0,inferred
Slough,2021-07-28,30.0,36.0,39.0,41.0,42.0,45.0,47.0,50.0,53.0,55.0,57.0,62.0,71.0,inferred
Slough,2021-07-29,29.0,35.0,39.0,40.0,41.7,44.0,46.0,49.0,52.0,54.0,55.0,61.0,68.0,inferred
Slough,2021-07-30,28.0,33.0,37.0,39.0,40.0,43.0,45.0,47.0,50.0,52.0,54.0,59.0,67.0,inferred
Slough,2021-07-31,23.0,28.0,32.0,33.0,35.0,37.0,39.0,41.0,44.0,46.0,47.0,52.0,59.0,inferred
Slough,2021-08-01,25.0,31.0,34.0,36.0,37.0,39.0,42.0,44.0,47.0,48.0,50.0,55.0,64.0,inferred
Slough,2021-08-02,38.0,44.0,48.0,50.0,52.0,55.0,57.0,60.0,63.0,65.0,67.0,73.0,82.0,inferred
Slough,2021-08-03,37.0,44.0,49.0,50.0,52.0,55.0,57.0,60.0,63.0,65.0,67.0,72.0,80.0,inferred
Slough,2021-08-04,39.0,45.0,50.0,52.0,54.0,57.0,60.0,62.0,65.0,68.0,69.0,75.0,85.0,inferred
Slough,2021-08-05,38.0,45.0,49.0,51.0,52.0,55.0,58.0,60.0,63.0,65.0,67.0,72.1,83.0,inferred
Slough,2021-08-06,34.0,41.0,46.0,48.0,49.0,52.0,55.0,57.0,60.0,62.0,64.0,69.1,78.0,inferred
Slough,2021-08-07,30.0,36.0,40.0,41.0,43.0,46.0,48.0,51.0,54.0,56.0,58.0,62.0,70.0,inferred
Slough,2021-08-08,32.0,38.0,42.0,43.0,45.0,48.0,50.0,53.0,56.0,58.0,60.0,65.0,75.0,inferred
Slough,2021-08-09,46.0,53.0,59.0,60.0,62.0,66.0,69.0,72.0,75.0,77.0,80.0,87.0,97.0,inferred
Slough,2021-08-10,46.0,53.0,58.0,60.0,62.0,65.0,68.0,71.0,75.0,77.0,80.0,86.0,94.0,inferred
Slough,2021-08-11,47.0,54.0,59.0,61.0,63.0,66.0,70.0,73.0,76.0,78.0,80.0,86.0,96.0,inferred
Slough,2021-08-12,45.0,52.0,57.0,59.0,61.0,64.0,67.0,71.0,74.0,76.0,78.0,85.0,94.0,inferred
Slough,2021-08-13,42.0,48.0,53.0,55.0,57.0,60.0,63.0,66.0,69.0,71.0,73.0,79.0,88.0,inferred
Slough,2021-08-14,34.0,40.9,45.0,46.0,48.0,51.0,54.0,57.0,59.0,61.0,63.0,69.0,77.0,inferred
Slough,2021-08-15,37.0,43.0,47.0,49.0,50.0,53.0,56.0,59.0,62.0,64.0,66.0,72.0,81.0,inferred
Slough,2021-08-16,52.0,60.0,65.0,67.0,69.0,72.0,76.0,79.0,83.0,85.0,87.0,95.0,105.0,inferred
Slough,2021-08-17,51.0,58.0,63.0,65.0,67.0,70.0,73.0,77.0,81.0,83.0,85.0,91.1,101.0,inferred
Slough,2021-08-18,50.0,58.0,63.0,65.0,67.0,70.0,73.0,77.0,80.0,82.0,85.0,91.0,102.0,inferred
Slough,2021-08-19,48.0,54.0,59.0,61.0,63.0,66.0,69.0,72.0,75.0,77.0,79.2,85.0,95.5,inferred
Slough,2021-08-20,42.0,49.0,54.0,55.0,57.0,60.0,63.0,66.0,70.0,71.0,73.0,78.0,87.0,inferred
Slough,2021-08-21,33.0,39.0,44.0,46.0,47.0,50.0,53.0,56.0,59.0,61.0,63.0,68.0,77.0,inferred
Slough,2021-08-22,34.0,40.0,45.0,46.0,48.0,51.0,54.0,56.0,60.0,62.0,64.0,69.0,79.5,inferred
Slough,2021-08-23,48.5,56.0,61.0,63.0,65.0,68.0,71.0,74.0,77.0,80.0,82.0,88.0,100.0,inferred
Slough,2021-08-24,44.0,52.0,58.0,60.0,62.0,65.0,68.0,71.0,75.0,77.0,79.0,85.0,95.0,inferred
Slough,2021-08-25,47.0,54.0,58.0,60.0,62.0,65.0,68.0,71.0,75.0,77.0,79.0,84.0,94.0,inferred
Slough,2021-08-26,45.0,51.0,55.0,57.0,59.0,62.0,65.0,68.0,72.0,74.0,76.0,81.0,90.0,inferred
Slough,2021-08-27,41.0,46.0,52.0,54.0,55.0,58.0,61.0,64.0,67.0,69.0,72.0,77.0,87.0,inferred
Slough,2021-08-28,34.0,40.0,44.0,46.0,47.0,50.0,52.0,55.0,58.0,59.0,61.0,66.0,75.0,inferred
Slough,2021-08-29,33.0,40.0,45.0,47.0,48.0,51.0,53.0,56.0,59.0,61.0,63.0,69.0,78.0,inferred
Slough,2021-08-30,50.0,57.0,62.0,64.0,66.0,70.0,73.0,77.0,80.0,82.0,84.0,90.0,99.0,inferred
Slough,2021-08-31,47.0,55.0,60.0,62.0,64.0,67.0,71.0,74.0,78.0,79.0,82.0,88.0,99.0,inferred
Slough,2021-09-01,48.0,56.0,61.0,63.0,65.0,68.0,71.0,74.0,77.0,79.0,82.0,88.0,95.0,inferred
Slough,2021-09-02,46.0,53.0,57.0,59.0,61.0,64.0,67.0,70.0,73.0,75.0,77.0,83.0,95.0,inferred
Slough,2021-09-03,42.0,48.0,53.0,54.0,56.0,59.0,61.0,64.0,68.0,70.0,72.0,77.0,86.0,inferred
Slough,2021-09-04,33.0,40.0,44.0,46.0,47.0,50.0,52.0,55.0,58.0,59.0,61.0,67.0,75.5,inferred
Slough,2021-09-05,34.0,40.0,44.0,46.0,48.0,50.0,53.0,56.0,59.0,60.0,63.0,67.0,76.0,inferred
Slough,2021-09-06,48.0,55.0,60.0,62.0,64.0,67.6,71.0,74.0,77.3,80.0,82.0,88.0,97.0,inferred
Slough,2021-09-07,44.5,53.0,58.0,59.0,61.0,64.0,67.0,70.0,74.0,75.0,78.0,84.0,93.0,inferred
Slough,2021-09-08,44.0,51.0,55.0,57.0,58.0,62.0,65.0,68.0,72.0,73.0,75.0,81.0,91.0,inferred
Slough,2021-09-09,41.0,46.0,50.0,52.0,54.0,57.0,60.0,63.0,66.0,68.0,71.0,76.0,86.0,inferred
Slough,2021-09-10,34.0,41.0,44.0,46.0,47.0,50.0,53.0,56.0,59.0,61.0,63.0,68.0,77.0,inferred
Slough,2021-09-11,27.0,32.0,37.0,38.0,39.0,42.0,44.0,47.0,50.0,52.0,53.2,58.0,65.0,inferred
Slough,2021-09-12,27.0,33.0,36.0,38.0,39.0,41.0,44.0,46.0,49.0,50.0,52.0,56.0,64.0,inferred
Slough,2021-09-13,37.0,43.0,48.0,50.0,51.0,54.6,57.0,60.0,63.0,65.0,67.0,73.0,82.0,inferred
Slough,2021-09-14,37.0,43.0,47.0,49.0,50.0,53.0,56.0,59.0,62.0,63.0,65.0,71.0,80.5,inferred
Slough,2021-09-15,38.0,44.0,48.0,50.0,52.0,55.0,58.0,61.0,65.0,67.0,68.0,74.0,83.0,inferred
Slough,2021-09-16,38.0,44.0,48.0,50.0,51.7,54.0,57.0,61.0,63.0,65.0,67.0,72.0,81.0,inferred
Slough,2021-09-17,35.0,42.0,46.0,48.0,49.0,52.0,55.0,58.0,61.0,62.0,65.0,70.0,78.0,inferred
Slough,2021-09-18,30.0,36.0,40.0,42.0,43.0,46.0,49.0,51.0,54.0,56.0,58.0,62.0,70.0,inferred
Slough,2021-09-19,34.0,39.0,43.0,44.0,46.0,49.0,52.0,55.0,58.0,60.0,61.0,66.0,75.0,inferred
Slough,2021-09-20,49.5,57.0,63.0,65.0,66.0,70.0,73.0,76.0,80.0,82.0,84.0,91.0,102.0,inferred
Slough,2021-09-21,46.0,55.0,60.0,62.0,64.0,67.0,71.0,74.0,77.0,79.0,82.0,89.0,98.0,inferred
Slough,2021-09-22,49.0,56.0,61.0,63.0,65.0,68.0,71.0,75.0,79.0,80.0,83.0,89.0,99.0,inferred
Slough,2021-09-23,46.0,53.0,58.0,60.0,61.0,65.0,68.0,71.0,74.0,76.0,78.0,84.0,94.0,inferred
Slough,2021-09-24,41.0,49.0,54.0,56.0,58.0,60.0,63.0,66.0,69.0,70.0,73.0,77.0,87.0,inferred
Slough,2021-09-25,35.0,40.0,45.0,46.8,48.0,51.0,54.0,56.0,60.0,61.0,63.0,69.0,77.0,inferred
Slough,2021-09-26,35.5,42.0,46.0,48.0,50.0,53.0,55.0,58.0,61.0,63.0,64.0,70.0,79.5,inferred
Slough,2021-09-27,51.0,59.0,64.0,67.0,68.0,71.0,75.0,78.0,81.0,84.0,86.0,92.0,103.0,inferred
Slough,2021-09-28,51.0,57.9,63.0,65.0,66.0,69.0,72.0,76.0,79.0,81.0,83.0,89.0,99.0,inferred
Slough,2021-09-29,51.0,59.0,64.0,66.0,67.0,71.0,75.0,78.0,82.0,84.0,86.0,92.0,104.0,inferred
Slough,2021-09-30,50.0,56.0,62.0,64.0,65.0,69.0,73.0,76.0,79.0,81.2,84.0,89.0,100.0,inferred
Slough,2021-10-01,46.0,54.0,59.0,61.0,63.0,65.0,69.0,72.0,75.0,77.0,79.0,85.0,95.0,inferred
Slough,2021-10-02,40.0,46.0,51.0,53.0,54.0,57.0,60.0,63.0,66.0,68.0,69.0,76.0,85.0,inferred
Slough,2021-10-03,43.0,49.0,54.0,55.0,57.0,60.0,63.0,66.0,69.0,72.0,74.0,79.0,89.0,inferred
Slough,2021-10-04,61.0,69.0,75.0,77.0,79.0,83.0,86.0,90.0,93.0,96.0,98.0,104.0,117.0,inferred
Slough,2021-10-05,60.0,68.0,74.0,76.0,78.0,81.0,85.0,88.0,92.0,94.0,97.0,103.0,114.0,inferred
Slough,2021-10-06,63.0,71.0,77.0,79.0,81.0,85.0,88.0,92.0,95.3,98.0,101.0,108.0,117.5,inferred
Slough,2021-10-07,61.0,69.9,75.0,77.0,79.0,83.0,87.0,90.0,94.0,97.0,99.0,105.0,115.0,inferred
Slough,2021-10-08,59.0,67.0,72.0,74.0,76.0,79.0,82.0,86.0,89.3,92.0,94.0,101.0,112.0,inferred
Slough,2021-10-09,51.0,57.0,62.0,64.0,66.0,69.0,73.0,77.0,80.0,82.0,84.0,90.0,100.5,inferred
Slough,2021-10-10,54.0,61.0,66.0,68.0,71.0,74.0,78.0,82.0,85.0,87.0,89.0,96.0,107.0,inferred
Slough,2021-10-11,78.5,87.0,93.8,96.0,98.0,102.0,106.0,110.4,115.3,118.0,120.0,128.0,142.0,inferred
Slough,2021-10-12,77.0,86.0,93.0,95.0,97.0,101.0,105.0,108.0,113.0,115.0,118.0,126.0,139.0,inferred
Slough,2021-10-13,77.5,87.0,93.0,96.0,98.0,101.0,106.0,110.0,115.0,118.0,121.0,129.0,141.0,inferred
Slough,2021-10-14,72.0,83.0,89.8,92.0,94.0,98.0,102.0,106.0,111.0,113.0,116.0,123.0,136.0,inferred
Slough,2021-10-15,66.0,76.0,83.0,85.0,88.0,91.0,95.0,99.0,103.0,106.0,109.0,117.0,129.0,inferred
Solihull,2021-07-03,80.0,90.0,95.8,98.0,100.7,105.0,109.0,113.0,118.0,121.0,124.0,131.0,143.0,inferred
Solihull,2021-07-04,93.0,102.0,108.0,110.0,112.7,116.0,121.0,125.0,129.0,132.0,135.0,143.0,156.0,inferred
Solihull,2021-07-05,135.0,147.0,155.0,158.0,161.0,167.0,171.0,176.0,181.0,184.0,187.0,196.0,210.0,inferred
Solihull,2021-07-06,136.0,149.0,157.0,160.0,163.0,169.0,173.0,178.0,183.0,187.0,190.2,199.0,214.5,inferred
Solihull,2021-07-07,150.0,162.0,171.0,175.0,177.0,183.0,188.0,193.0,198.0,201.0,205.0,215.0,230.0,inferred
Solihull,2021-07-08,159.0,171.0,180.0,184.0,187.0,193.0,198.0,203.0,210.0,213.0,216.0,228.0,247.5,inferred
Solihull,2021-07-09,157.0,169.0,177.0,181.0,184.0,189.0,194.0,200.0,206.0,209.2,213.0,221.0,238.0,inferred
Solihull,2021-07-10,146.5,158.0,167.0,170.0,173.0,178.0,183.0,187.0,193.0,196.0,199.0,210.0,223.5,inferred
Solihull,2021-07-11,171.0,183.0,193.0,196.0,200.0,206.0,212.0,218.0,224.0,227.0,231.0,241.0,255.0,inferred
Solihull,2021-07-12,256.0,275.0,287.0,291.0,295.7,303.0,310.0,318.0,326.0,331.0,335.0,347.0,369.0,inferred
Solihull,2021-07-13,251.0,267.0,278.0,282.0,286.0,294.0,301.0,307.0,315.0,319.0,325.0,338.0,357.5,inferred
Solihull,2021-07-14,239.5,256.0,269.0,274.0,278.0,285.0,293.0,299.0,307.0,310.2,314.0,328.0,350.5,inferred
Solihull,2021-07-15,221.0,236.0,247.0,251.0,255.0,262.0,268.0,274.0,281.0,285.0,290.0,301.1,322.0,inferred
Solihull,2021-07-16,184.0,199.0,210.0,213.0,217.0,223.0,229.0,235.4,241.3,245.0,249.0,260.0,278.0,inferred
Solihull,2021-07-17,145.0,159.0,167.0,170.0,173.0,178.0,184.0,190.0,195.0,198.0,201.0,211.0,226.0,inferred
Solihull,2021-07-18,148.5,160.0,168.0,172.0,175.0,181.0,186.0,191.0,197.0,200.0,203.0,214.0,231.0,inferred
Solihull,2021-07-19,194.0,208.0,218.0,222.0,226.0,232.0,239.0,244.0,251.0,255.0,259.0,271.0,287.0,inferred
Solihull,2021-07-20,167.0,180.9,190.0,194.0,198.0,204.0,209.0,215.0,221.0,225.2,229.0,239.0,257.0,inferred
Solihull,2021-07-21,149.0,163.0,171.0,174.0,177.0,183.0,188.0,194.0,200.0,203.0,208.0,218.0,234.0,inferred
Solihull,2021-07-22,131.0,141.9,148.0,152.0,154.0,160.0,165.0,170.0,176.0,179.0,182.0,192.0,206.0,inferred
Solihull,2021-07-23,103.0,111.0,118.0,121.0,123.0,128.0,133.0,139.0,143.0,146.0,148.0,156.0,169.0,inferred
Solihull,2021-07-24,75.0,84.0,90.0,93.0,95.0,99.0,103.0,107.0,112.0,114.0,116.0,123.0,136.0,inferred
Solihull,2021-07-25,70.0,79.0,85.0,88.0,90.0,94.0,98.0,102.0,106.0,108.0,110.0,118.0,130.5,inferred
Solihull,2021-07-26,91.0,100.0,107.0,110.0,113.0,117.0,121.0,125.0,130.0,133.0,136.0,144.0,157.0,inferred
Solihull,2021-07-27,80.0,90.0,96.0,99.0,101.0,105.0,110.0,114.0,118.0,120.2,123.0,131.1,146.0,inferred
Solihull,2021-07-28,81.5,91.0,97.0,101.0,103.0,107.0,111.0,115.0,119.0,122.0,124.0,132.0,145.0,inferred
Solihull,2021-07-29,81.0,90.0,96.0,99.0,101.0,105.0,109.0,113.0,117.3,120.0,123.0,130.0,141.5,inferred
Solihull,2021-07-30,72.0,81.0,88.0,90.0,93.0,96.0,100.0,104.0,108.0,110.0,113.0,120.0,130.0,inferred
Solihull,2021-07-31,60.0,69.0,75.0,77.0,79.0,83.0,87.0,90.0,94.0,96.2,99.0,107.0,116.0,inferred
Solihull,2021-08-01,67.0,75.0,81.0,84.0,86.0,90.0,93.0,97.0,101.0,103.0,106.0,113.0,124.5,inferred
Solihull,2021-08-02,95.0,105.0,113.0,116.0,118.0,123.0,128.0,132.0,137.0,140.0,143.0,150.0,165.0,inferred
Solihull,2021-08-03,90.0,101.0,108.0,111.0,113.0,118.0,123.0,126.4,131.0,133.2,137.0,145.0,159.5,inferred
Solihull,2021-08-04,92.5,104.0,110.0,113.0,115.0,119.0,123.0,127.0,132.0,135.0,138.0,146.0,160.0,inferred
Solihull,2021-08-05,89.0,98.0,105.0,108.0,111.0,115.0,120.0,124.0,128.0,131.0,135.0,142.0,155.0,inferred
Solihull,2021-08-06,81.0,90.0,96.0,98.0,101.0,105.0,109.0,113.0,117.0,120.0,122.0,130.0,140.5,inferred
Solihull,2021-08-07,68.0,75.9,81.0,83.0,85.0,89.0,93.0,96.4,101.0,103.0,106.0,113.0,124.0,inferred
Solihull,2021-08-08,71.0,80.0,87.0,89.0,91.0,95.0,99.0,103.0,106.0,108.0,111.0,119.0,130.0,inferred
Solihull,2021-08-09,102.0,112.0,120.0,123.0,125.0,130.0,134.0,139.0,144.0,147.0,150.0,159.0,175.0,inferred
Solihull,2021-08-10,96.0,105.0,113.0,116.0,118.0,123.0,127.0,132.0,136.0,139.0,142.0,150.0,164.0,inferred
Solihull,2021-08-11,94.5,106.0,111.0,114.0,117.0,122.0,126.0,130.0,135.0,138.0,141.0,150.0,165.0,inferred
Solihull,2021-08-12,89.0,99.0,106.0,109.0,111.0,115.0,120.0,125.0,129.0,132.0,134.0,143.0,157.0,inferred
Solihull,2021-08-13,78.0,88.0,94.0,97.0,99.0,103.0,106.0,111.0,115.0,117.0,120.0,128.0,140.5,inferred
Solihull,2021-08-14,64.0,71.0,77.0,80.0,82.0,85.0,89.0,93.0,97.0,99.0,102.0,108.0,121.0,inferred
Solihull,2021-08-15,67.0,77.0,83.0,85.0,87.7,91.0,95.0,98.0,102.0,104.2,107.0,113.0,125.0,inferred
Solihull,2021-08-16,95.0,105.0,111.0,114.0,117.0,121.0,126.0,130.0,135.0,139.0,142.0,150.0,163.0,inferred
Solihull,2021-08-17,86.0,98.0,104.0,107.0,110.0,115.0,119.0,123.0,128.0,131.0,133.0,141.0,154.0,inferred
Solihull,2021-08-18,88.0,98.0,105.0,108.0,110.0,115.0,119.0,123.0,127.0,130.0,133.0,142.0,155.0,inferred
Solihull,2021-08-19,84.5,94.9,101.0,104.0,106.0,110.0,114.0,118.0,123.0,126.0,128.0,136.0,148.0,inferred
Solihull,2021-08-20,72.0,83.0,90.0,92.0,94.0,98.0,102.0,106.0,110.0,113.0,115.2,124.0,137.0,inferred
Solihull,2021-08-21,63.0,70.0,76.0,78.0,80.0,84.0,87.0,90.0,94.0,97.0,99.2,106.0,117.0,inferred
Solihull,2021-08-22,66.0,74.0,80.0,82.0,84.0,89.0,92.0,96.0,100.0,103.0,106.0,112.0,123.0,inferred
Solihull,2021-08-23,93.0,103.0,110.0,113.0,116.0,120.0,124.0,129.0,134.0,136.0,139.0,147.0,162.0,inferred
Solihull,2021-08-24,86.0,96.0,103.0,106.0,108.0,112.0,117.0,121.0,126.0,129.0,132.0,139.0,149.0,inferred
Solihull,2021-08-25,85.0,96.0,103.0,105.0,108.0,112.0,116.0,121.0,124.0,127.0,130.0,138.0,151.0,inferred
Solihull,2021-08-26,81.0,90.0,97.0,100.0,102.0,106.0,110.0,114.0,118.0,121.2,125.0,133.0,145.0,inferred
Solihull,2021-08-27,70.0,80.9,87.0,89.0,91.0,96.0,100.0,103.0,107.0,110.0,113.0,121.0,131.0,inferred
Solihull,2021-08-28,60.0,68.0,73.0,76.0,77.0,81.0,85.0,88.0,92.0,94.0,97.0,103.1,115.0,inferred
Solihull,2021-08-29,62.0,71.0,78.0,80.0,82.0,86.0,89.0,93.0,97.0,99.0,102.0,110.0,121.0,inferred
Solihull,2021-08-30,89.0,99.0,106.0,108.0,111.0,116.0,120.0,125.0,130.0,132.0,135.0,144.0,155.5,inferred
Solihull,2021-08-31,85.0,94.0,101.0,103.0,105.0,109.0,113.0,118.0,123.0,126.0,129.0,137.0,148.5,inferred
Solihull,2021-09-01,84.0,95.0,102.0,104.0,107.0,111.0,115.0,120.0,124.0,126.0,129.0,137.0,150.5,inferred
Solihull,2021-09-02,81.0,93.0,99.0,102.0,104.0,109.0,113.0,117.0,122.0,124.0,127.0,134.0,147.0,inferred
Solihull,2021-09-03,74.0,83.0,89.0,91.0,93.0,97.0,102.0,105.0,109.0,112.0,115.0,121.0,133.0,inferred
Solihull,2021-09-04,60.0,69.0,75.0,78.0,80.0,83.0,87.0,91.0,95.0,97.0,99.2,106.0,117.0,inferred
Solihull,2021-09-05,65.0,75.0,81.0,83.0,86.0,89.0,93.0,97.0,100.0,102.0,105.0,112.0,124.5,inferred
Solihull,2021-09-06,93.0,103.0,111.0,113.0,116.0,121.0,125.0,130.0,134.0,137.0,141.0,149.0,164.0,inferred
Solihull,2021-09-07,84.5,94.0,101.0,104.0,107.0,111.0,115.0,119.0,124.0,127.0,130.0,137.0,152.0,inferred
Solihull,2021-09-08,79.5,91.0,97.0,100.0,102.0,106.0,111.0,114.0,119.0,121.0,124.0,132.0,144.0,inferred
Solihull,2021-09-09,73.0,82.0,88.0,91.0,93.0,97.0,101.0,105.0,109.0,112.0,115.0,122.0,133.0,inferred
Solihull,2021-09-10,59.0,69.0,75.0,77.0,78.7,82.0,86.0,89.0,93.0,95.2,98.0,105.0,116.0,inferred
Solihull,2021-09-11,47.0,54.0,59.0,61.0,63.0,67.0,70.0,73.0,77.0,78.2,81.0,87.0,98.0,inferred
Solihull,2021-09-12,48.0,56.0,60.0,62.0,64.0,67.0,70.0,73.0,77.0,78.0,81.0,86.1,96.0,inferred
Solihull,2021-09-13,65.0,74.0,79.0,81.0,83.0,87.0,91.0,94.0,98.3,101.0,103.0,110.0,121.0,inferred
Solihull,2021-09-14,62.0,70.0,76.0,78.0,80.0,84.0,88.0,91.0,95.0,98.0,100.0,106.0,118.0,inferred
Solihull,2021-09-15,67.0,75.0,81.0,84.0,86.0,90.0,94.0,98.0,102.0,105.0,107.0,114.0,124.0,inferred
Solihull,2021-09-16,70.0,79.0,85.8,88.0,90.0,94.0,98.0,102.0,106.0,108.0,111.0,119.0,128.0,inferred
Solihull,2021-09-17,70.0,78.0,84.0,86.0,88.0,92.0,96.0,100.0,103.0,106.0,109.0,116.0,127.0,inferred
Solihull,2021-09-18,62.0,70.0,76.0,78.0,81.0,85.0,88.0,91.0,95.0,97.0,100.0,107.0,116.5,inferred
Solihull,2021-09-19,73.0,81.0,87.0,90.0,91.0,95.0,99.0,104.0,108.0,110.0,114.0,120.1,131.5,inferred
Solihull,2021-09-20,110.0,121.0,129.0,132.0,135.0,140.0,144.0,149.0,154.0,156.2,160.0,171.0,184.0,inferred
Solihull,2021-09-21,108.5,120.0,126.8,129.8,132.0,138.0,142.0,146.4,152.0,156.0,159.0,168.0,181.0,inferred
Solihull,2021-09-22,109.0,120.9,129.0,132.0,135.0,140.0,144.0,149.0,154.0,158.0,160.0,169.0,182.0,inferred
Solihull,2021-09-23,108.0,118.0,125.0,129.0,131.0,135.0,140.0,146.0,151.0,153.0,156.0,166.0,180.0,inferred
Solihull,2021-09-24,96.0,107.0,114.0,116.0,119.0,123.0,127.0,132.0,137.0,140.0,142.0,150.1,163.0,inferred
Solihull,2021-09-25,82.0,91.9,97.0,100.0,102.0,106.0,110.0,115.0,119.0,122.0,124.0,133.0,145.0,inferred
Solihull,2021-09-26,89.0,99.0,105.0,108.0,110.0,114.0,119.0,123.0,127.0,129.0,132.0,140.0,155.0,inferred
Solihull,2021-09-27,124.0,136.0,145.0,149.0,152.0,158.0,162.0,167.0,173.0,176.0,179.0,189.0,201.5,inferred
Solihull,2021-09-28,117.0,129.0,136.0,139.0,142.0,148.0,152.0,157.0,162.0,166.0,169.0,178.0,194.0,inferred
Solihull,2021-09-29,116.0,127.9,136.0,139.8,142.7,148.0,153.0,158.0,163.0,165.0,168.0,178.0,193.5,inferred
Solihull,2021-09-30,110.5,124.0,131.0,133.0,136.0,141.0,145.0,149.0,154.0,157.0,160.0,168.0,183.0,inferred
Solihull,2021-10-01,97.0,108.0,115.0,118.0,120.0,124.6,129.0,133.0,138.0,141.0,144.0,153.0,166.5,inferred
Solihull,2021-10-02,80.0,89.0,95.8,98.0,100.0,105.0,109.0,113.0,118.0,120.0,123.0,132.0,144.5,inferred
Solihull,2021-10-03,85.0,95.0,101.0,103.0,106.0,110.0,114.0,119.0,124.0,126.0,129.2,137.1,150.0,inferred
Solihull,2021-10-04,116.0,129.9,137.0,141.0,144.0,149.0,154.0,159.0,164.0,167.0,171.0,180.0,194.0,inferred
Solihull,2021-10-05,110.0,122.0,130.8,134.0,137.0,142.0,147.0,152.0,157.0,160.0,163.0,173.0,188.0,inferred
Solihull,2021-10-06,111.0,122.0,130.0,133.0,136.0,141.0,147.0,151.0,156.0,160.0,162.2,173.0,186.0,inferred
Solihull,2021-10-07,110.0,120.0,127.0,131.0,133.0,138.0,143.0,148.0,153.0,156.0,160.0,168.0,182.0,inferred
Solihull,2021-10-08,97.0,107.0,115.0,118.0,120.0,125.0,129.0,134.4,140.0,142.0,145.0,153.0,168.0,inferred
Solihull,2021-10-09,82.0,92.0,98.0,101.0,103.0,108.0,112.0,116.0,121.0,123.2,126.0,133.0,145.0,inferred
Solihull,2021-10-10,88.5,99.0,105.8,108.0,110.0,115.0,119.0,124.0,128.0,131.0,134.0,143.0,157.0,inferred
Solihull,2021-10-11,127.0,139.0,148.0,151.0,154.0,160.0,165.0,170.0,175.0,179.0,182.0,192.0,206.0,inferred
Solihull,2021-10-12,119.5,131.0,140.0,143.0,146.0,150.0,156.0,161.0,167.0,169.0,173.0,183.0,198.0,inferred
Solihull,2021-10-13,118.0,131.0,139.0,142.0,145.0,150.0,155.0,161.0,166.0,170.0,173.0,182.1,197.0,inferred
Solihull,2021-10-14,111.5,123.0,132.0,134.8,138.0,143.0,148.0,153.0,158.0,161.0,165.0,175.0,192.0,inferred
Solihull,2021-10-15,99.0,109.0,117.0,119.0,122.0,127.0,132.0,137.0,142.0,145.0,149.0,157.0,172.0,inferred
Somerset West and Taunton,2021-07-03,3.5,7.0,10.0,11.0,12.0,14.0,16.0,18.0,21.0,22.0,24.0,30.0,38.0,inferred
Somerset West and Taunton,2021-07-04,5.0,9.0,12.0,13.0,14.0,16.0,18.0,21.0,23.0,25.0,27.0,32.0,43.0,inferred
Somerset West and Taunton,2021-07-05,10.0,15.0,19.0,20.0,22.0,24.0,27.0,30.0,34.0,36.0,38.0,44.0,58.0,inferred
Somerset West and Taunton,2021-07-06,13.0,18.0,22.0,23.0,25.0,27.0,30.0,33.0,36.0,39.0,41.0,48.0,59.0,inferred
Somerset West and Taunton,2021-07-07,13.0,19.0,23.0,25.0,26.0,30.0,32.0,36.0,39.0,41.0,44.0,50.0,61.5,inferred
Somerset West and Taunton,2021-07-08,14.0,19.9,24.0,25.0,27.0,30.0,33.0,36.0,40.0,42.0,44.0,51.0,63.0,inferred
Somerset West and Taunton,2021-07-09,13.0,19.0,24.0,25.0,27.0,30.0,33.0,37.0,41.0,43.0,46.0,52.1,64.0,inferred
Somerset West and Taunton,2021-07-10,11.5,16.0,20.0,22.0,23.0,25.0,28.5,32.0,35.0,37.0,39.0,46.0,58.0,inferred
Somerset West and Taunton,2021-07-11,14.0,19.0,23.0,25.0,26.0,29.0,32.0,35.0,39.0,42.0,44.0,50.0,62.0,inferred
Somerset West and Taunton,2021-07-12,23.0,29.0,36.0,38.0,40.0,43.0,47.0,51.0,55.0,58.0,62.0,70.0,83.0,inferred
Somerset West and Taunton,2021-07-13,24.0,32.0,37.0,39.0,41.0,45.0,49.0,53.0,58.0,61.0,64.0,73.0,87.0,inferred
Somerset West and Taunton,2021-07-14,23.0,31.0,36.0,38.0,41.0,44.0,48.0,52.0,57.0,60.0,63.0,72.0,83.0,inferred
Somerset West and Taunton,2021-07-15,22.0,29.0,34.0,36.0,38.0,42.0,46.0,49.0,53.0,56.0,59.0,67.0,79.0,inferred
Somerset West and Taunton,2021-07-16,19.0,25.0,30.0,32.8,34.0,38.0,41.0,44.4,49.0,51.0,54.0,61.0,76.0,inferred
Somerset West and Taunton,2021-07-17,14.0,20.0,24.0,25.0,27.0,30.0,33.0,37.0,41.0,43.0,46.0,53.0,62.0,inferred
Somerset West and Taunton,2021-07-18,14.0,20.0,24.0,26.0,27.0,31.0,34.0,37.0,40.0,43.0,45.0,52.0,64.0,inferred
Somerset West and Taunton,2021-07-19,22.0,29.0,35.0,37.0,39.0,43.0,46.0,51.0,55.0,57.0,60.0,67.1,80.0,inferred
Somerset West and Taunton,2021-07-20,22.0,29.0,33.0,36.0,38.0,42.0,46.0,50.0,55.0,58.0,60.0,69.0,82.0,inferred
Somerset West and Taunton,2021-07-21,22.0,30.0,35.0,37.0,40.0,44.0,47.0,51.0,55.0,57.0,60.0,68.0,81.0,inferred
Somerset West and Taunton,2021-07-22,22.0,30.0,35.0,37.0,40.0,43.0,47.0,51.0,55.0,58.0,60.0,69.0,83.0,inferred
Somerset West and Taunton,2021-07-23,20.5,27.0,33.0,35.0,37.0,40.6,44.5,48.0,52.0,55.0,57.0,65.0,77.0,inferred
Somerset West and Taunton,2021-07-24,16.0,22.0,26.0,28.0,30.0,33.0,37.0,40.0,43.0,46.0,48.0,55.0,65.0,inferred
Somerset West and Taunton,2021-07-25,16.0,23.0,28.0,30.0,31.0,35.0,39.0,42.0,46.0,48.0,51.0,57.0,69.5,inferred
Somerset West and Taunton,2021-07-26,27.0,35.0,41.0,43.0,46.0,50.0,54.0,58.0,64.0,66.0,69.0,78.0,90.0,inferred
Somerset West and Taunton,2021-07-27,28.0,36.0,43.0,46.0,47.0,52.0,56.0,60.0,65.0,69.0,71.0,80.0,96.0,inferred
Somerset West and Taunton,2021-07-28,27.0,36.0,42.0,44.0,46.0,51.0,55.0,60.0,64.0,67.0,70.0,79.0,94.5,inferred
Somerset West and Taunton,2021-07-29,28.5,36.0,42.0,44.0,47.0,51.0,55.0,59.0,64.0,66.0,69.0,77.1,92.0,inferred
Somerset West and Taunton,2021-07-30,25.5,33.0,38.8,41.0,43.0,47.0,50.0,54.0,59.0,62.0,65.0,73.0,85.0,inferred
Somerset West and Taunton,2021-07-31,20.0,26.0,31.0,33.0,35.0,39.0,42.0,46.0,49.0,52.0,54.0,62.0,76.0,inferred
Somerset West and Taunton,2021-08-01,20.0,27.9,33.0,36.0,38.0,41.0,44.0,47.0,51.0,53.0,56.0,63.0,77.0,inferred
Somerset West and Taunton,2021-08-02,32.0,40.0,48.0,50.0,52.0,57.0,61.0,66.0,71.0,74.0,78.0,86.0,103.0,inferred
Somerset West and Taunton,2021-08-03,33.0,42.0,49.0,51.0,54.0,58.0,62.5,67.0,73.0,75.0,79.0,88.0,103.0,inferred
Somerset West and Taunton,2021-08-04,32.5,41.0,47.0,50.0,52.0,57.0,61.0,66.0,71.0,73.0,77.0,86.0,101.0,inferred
Somerset West and Taunton,2021-08-05,31.0,41.0,47.0,49.0,51.0,55.0,60.0,64.0,69.0,72.0,75.0,84.0,99.0,inferred
Somerset West and Taunton,2021-08-06,28.0,36.0,42.0,44.0,46.0,50.0,55.0,59.0,63.0,66.0,69.0,78.1,95.5,inferred
Somerset West and Taunton,2021-08-07,21.0,28.0,33.0,35.0,37.0,41.0,45.0,49.0,53.0,56.0,58.0,65.1,81.0,inferred
Somerset West and Taunton,2021-08-08,22.0,29.0,34.8,37.0,39.0,42.0,46.0,50.0,54.0,56.0,59.0,67.0,79.0,inferred
Somerset West and Taunton,2021-08-09,34.0,43.0,49.0,50.8,53.0,58.0,62.0,68.0,73.0,76.0,79.0,87.0,101.0,inferred
Somerset West and Taunton,2021-08-10,34.5,45.0,52.0,55.0,57.0,62.0,66.0,70.4,75.0,78.0,82.0,92.1,109.0,inferred
Somerset West and Taunton,2021-08-11,38.0,48.0,55.0,59.0,61.0,65.6,70.0,74.0,79.0,82.0,86.0,95.0,109.5,inferred
Somerset West and Taunton,2021-08-12,42.5,51.0,58.0,60.0,63.0,68.0,73.0,78.0,82.0,85.0,88.0,98.0,114.0,inferred
Somerset West and Taunton,2021-08-13,40.0,49.9,57.0,59.0,62.0,67.0,71.0,76.0,81.0,84.0,87.0,97.0,114.0,inferred
Somerset West and Taunton,2021-08-14,34.0,44.0,50.0,53.0,54.0,59.0,63.0,67.4,73.0,75.0,78.0,86.0,101.5,inferred
Somerset West and Taunton,2021-08-15,40.5,50.0,57.0,60.0,62.0,67.0,71.0,76.0,81.0,84.0,88.0,96.1,113.0,inferred
Somerset West and Taunton,2021-08-16,65.0,76.0,85.0,88.0,92.0,98.0,104.0,109.0,115.3,119.0,124.0,134.1,154.5,inferred
Somerset West and Taunton,2021-08-17,66.0,80.0,89.0,92.0,95.0,101.0,107.0,113.0,119.3,123.0,128.0,140.0,158.0,inferred
Somerset West and Taunton,2021-08-18,66.0,77.0,87.0,90.0,93.0,99.0,105.0,111.0,117.0,121.2,125.0,136.0,155.0,inferred
Somerset West and Taunton,2021-08-19,60.5,74.0,81.0,84.0,87.0,91.6,96.0,102.0,108.0,112.0,117.0,129.0,146.0,inferred
Somerset West and Taunton,2021-08-20,51.0,61.0,69.0,73.0,76.0,82.0,87.0,93.0,99.0,101.2,105.0,116.0,132.0,inferred
Somerset West and Taunton,2021-08-21,39.0,48.0,57.0,59.0,62.0,67.0,71.0,76.0,82.0,84.0,88.0,96.1,110.5,inferred
Somerset West and Taunton,2021-08-22,39.0,50.0,57.0,59.0,62.0,66.0,71.0,76.0,81.0,84.0,87.0,96.0,111.0,inferred
Somerset West and Taunton,2021-08-23,58.5,69.0,77.0,81.0,84.0,90.0,94.0,101.0,106.0,110.0,114.0,125.0,143.0,inferred
Somerset West and Taunton,2021-08-24,56.0,69.0,77.0,80.0,83.0,89.0,94.0,99.0,106.0,109.0,112.0,123.0,144.0,inferred
Somerset West and Taunton,2021-08-25,54.0,65.0,73.0,76.8,80.0,84.0,89.0,95.0,101.0,104.0,107.2,118.0,135.0,inferred
Somerset West and Taunton,2021-08-26,50.0,61.0,69.0,71.0,74.0,80.0,85.0,91.0,97.0,100.0,104.0,114.0,132.0,inferred
Somerset West and Taunton,2021-08-27,43.0,54.0,61.0,64.0,67.0,72.0,77.0,83.0,89.0,92.0,96.0,105.0,122.0,inferred
Somerset West and Taunton,2021-08-28,33.0,42.0,48.0,50.0,53.0,57.0,62.0,66.0,71.0,73.2,77.0,87.0,100.0,inferred
Somerset West and Taunton,2021-08-29,32.0,42.0,48.0,51.0,53.0,58.0,62.0,66.0,71.0,74.0,77.0,86.0,97.0,inferred
Somerset West and Taunton,2021-08-30,47.0,59.0,66.0,70.0,72.0,77.0,82.0,88.0,93.0,96.0,99.0,110.0,125.0,inferred
Somerset West and Taunton,2021-08-31,46.0,57.0,65.0,68.0,71.0,76.0,81.0,86.0,92.0,96.0,99.0,109.0,128.0,inferred
Somerset West and Taunton,2021-09-01,43.5,54.0,61.0,63.0,66.0,71.0,75.0,81.0,86.0,89.0,93.0,101.0,116.5,inferred
Somerset West and Taunton,2021-09-02,39.0,49.0,56.0,58.0,61.0,65.0,70.0,74.0,80.0,83.0,86.2,96.0,112.0,inferred
Somerset West and Taunton,2021-09-03,32.0,40.0,46.8,49.8,52.0,56.0,61.0,65.0,70.0,74.0,77.0,87.0,103.0,inferred
Somerset West and Taunton,2021-09-04,24.0,31.0,36.0,38.0,40.0,44.0,48.0,51.0,55.0,58.0,60.0,68.0,81.0,inferred
Somerset West and Taunton,2021-09-05,22.5,30.0,35.0,38.0,40.0,43.0,46.0,50.0,54.0,57.0,59.0,68.0,79.0,inferred
Somerset West and Taunton,2021-09-06,31.0,40.9,47.0,49.0,51.0,56.0,60.0,65.0,70.0,73.0,75.0,84.0,99.0,inferred
Somerset West and Taunton,2021-09-07,31.0,39.0,45.0,47.8,50.0,54.0,58.0,63.0,68.0,70.0,74.0,82.0,98.0,inferred
Somerset West and Taunton,2021-09-08,25.0,34.0,40.0,42.0,44.0,49.0,52.0,56.0,61.0,64.0,67.0,76.0,90.0,inferred
Somerset West and Taunton,2021-09-09,23.0,30.0,36.0,38.0,40.0,44.0,47.0,51.0,55.0,58.0,60.2,68.0,81.0,inferred
Somerset West and Taunton,2021-09-10,18.0,25.0,30.0,32.0,33.0,36.0,40.0,43.0,47.0,49.0,52.0,60.0,70.5,inferred
Somerset West and Taunton,2021-09-11,12.0,17.0,21.0,23.0,24.0,28.0,30.0,33.0,37.0,39.0,41.0,47.1,59.0,inferred
Somerset West and Taunton,2021-09-12,10.5,16.0,20.0,21.0,23.0,26.0,29.0,32.0,36.0,38.0,41.0,47.0,59.0,inferred
Somerset West and Taunton,2021-09-13,16.0,22.0,27.0,29.0,31.0,34.0,37.0,40.0,44.0,46.0,49.0,56.0,70.0,inferred
Somerset West and Taunton,2021-09-14,15.0,22.0,27.0,29.0,31.0,34.0,37.0,41.0,45.3,48.0,51.0,57.1,69.0,inferred
Somerset West and Taunton,2021-09-15,18.0,25.0,30.0,32.0,34.0,37.0,41.0,44.0,48.0,51.0,53.0,60.0,72.0,inferred
Somerset West and Taunton,2021-09-16,21.0,28.0,33.0,35.0,37.0,40.0,43.0,47.0,51.3,54.0,57.0,65.0,77.0,inferred
Somerset West and Taunton,2021-09-17,20.0,28.0,34.0,35.0,37.0,41.0,44.0,48.0,52.0,55.0,58.0,66.0,78.0,inferred
Somerset West and Taunton,2021-09-18,16.0,24.0,29.0,31.0,32.0,36.0,39.0,43.0,47.0,49.0,51.0,58.0,71.5,inferred
Somerset West and Taunton,2021-09-19,21.0,30.0,35.0,37.0,39.0,42.0,45.0,49.0,53.0,55.0,58.0,66.0,79.0,inferred
Somerset West and Taunton,2021-09-20,35.0,45.0,52.0,55.0,57.0,62.0,66.0,71.0,76.0,79.0,82.0,91.0,106.0,inferred
Somerset West and Taunton,2021-09-21,39.5,50.0,56.0,59.0,61.0,66.0,71.0,76.0,81.0,85.0,88.0,98.0,113.0,inferred
Somerset West and Taunton,2021-09-22,41.5,51.0,58.0,61.0,64.0,69.0,74.0,79.0,85.0,88.0,91.0,100.0,117.0,inferred
Somerset West and Taunton,2021-09-23,42.0,51.0,59.0,62.0,65.0,69.0,74.0,79.0,85.0,88.0,91.0,99.1,114.5,inferred
Somerset West and Taunton,2021-09-24,40.0,48.0,55.0,58.0,61.0,65.0,70.0,75.0,81.0,83.0,86.0,95.0,109.5,inferred
Somerset West and Taunton,2021-09-25,32.0,40.0,47.0,50.0,52.0,56.0,60.0,64.0,69.0,71.0,75.0,83.0,99.0,inferred
Somerset West and Taunton,2021-09-26,37.0,45.0,51.0,54.0,56.0,61.0,64.0,69.0,74.0,77.0,80.0,90.0,107.0,inferred
Somerset West and Taunton,2021-09-27,54.0,66.0,73.0,77.0,80.0,86.0,91.0,96.0,101.0,105.0,109.0,120.0,138.5,inferred
Somerset West and Taunton,2021-09-28,57.0,69.0,77.0,79.8,82.0,87.0,92.5,99.0,105.0,108.0,113.0,124.0,140.0,inferred
Somerset West and Taunton,2021-09-29,54.0,65.0,73.0,76.0,80.0,85.0,89.5,95.0,100.3,104.0,108.0,119.0,136.0,inferred
Somerset West and Taunton,2021-09-30,51.5,61.0,68.0,71.0,74.0,79.0,85.0,90.0,95.0,99.0,103.0,113.0,131.5,inferred
Somerset West and Taunton,2021-10-01,43.0,53.0,59.0,62.0,66.0,71.0,76.0,80.0,85.0,88.0,91.2,100.0,122.0,inferred
Somerset West and Taunton,2021-10-02,33.0,42.0,47.0,50.0,53.0,57.0,61.0,65.0,70.0,73.0,75.0,84.0,99.0,inferred
Somerset West and Taunton,2021-10-03,32.0,40.0,47.0,50.0,52.0,57.0,61.0,65.0,70.0,72.0,76.0,84.0,99.0,inferred
Somerset West and Taunton,2021-10-04,48.0,59.0,66.0,68.0,71.0,76.0,81.0,87.0,92.0,95.0,98.0,108.0,124.0,inferred
Somerset West and Taunton,2021-10-05,51.0,63.0,71.0,74.0,76.0,81.0,87.0,92.0,99.0,102.2,107.0,117.0,136.0,inferred
Somerset West and Taunton,2021-10-06,60.0,70.9,80.0,83.0,86.0,91.0,97.0,102.0,108.0,112.0,116.2,127.1,148.0,inferred
Somerset West and Taunton,2021-10-07,70.0,81.0,90.0,93.0,96.0,101.0,107.0,113.0,120.0,124.0,128.0,140.0,158.5,inferred
Somerset West and Taunton,2021-10-08,71.0,85.0,93.0,96.0,100.0,106.0,112.0,117.0,124.0,127.0,131.0,143.0,164.5,inferred
Somerset West and Taunton,2021-10-09,65.5,78.0,87.0,90.0,93.0,100.0,105.0,111.0,118.0,122.0,126.0,137.0,159.5,inferred
Somerset West and Taunton,2021-10-10,78.0,93.0,103.0,107.0,110.0,116.0,122.0,129.0,136.0,140.0,145.0,156.1,178.0,inferred
Somerset West and Taunton,2021-10-11,132.5,150.0,162.0,166.0,171.0,178.0,186.0,193.0,203.0,208.0,214.0,229.0,255.5,inferred
Somerset West and Taunton,2021-10-12,152.0,170.0,182.0,187.0,191.0,201.0,208.0,216.0,226.0,231.0,237.0,253.0,275.5,inferred
Somerset West and Taunton,2021-10-13,162.0,181.0,193.0,198.0,203.0,212.0,221.0,228.0,238.0,243.0,248.0,266.0,294.5,inferred
Somerset West and Taunton,2021-10-14,174.5,193.0,208.0,213.0,218.0,227.0,236.0,246.0,257.0,263.0,269.0,287.0,312.0,inferred
Somerset West and Taunton,2021-10-15,168.0,188.0,206.0,211.0,217.0,228.0,237.0,247.0,256.0,263.0,269.0,290.0,319.5,inferred
South Ayrshire,2021-07-03,57.5,86.9,110.0,119.0,126.0,145.0,165.0,185.0,208.0,219.0,234.0,271.0,361.0,inferred
South Ayrshire,2021-07-04,54.0,77.0,96.0,105.0,114.0,132.0,148.0,164.0,187.0,198.0,212.0,249.1,316.5,inferred
South Ayrshire,2021-07-05,32.0,57.0,75.0,84.0,92.0,109.0,124.0,140.0,159.0,168.0,185.0,223.1,287.0,inferred
South Ayrshire,2021-07-06,38.0,62.0,84.0,92.0,99.0,113.0,129.0,144.0,163.0,176.0,191.0,232.1,306.1,inferred
South Ayrshire,2021-07-07,47.5,74.9,94.0,104.0,112.0,129.0,146.0,166.0,189.0,201.0,213.0,251.0,320.5,inferred
South Ayrshire,2021-07-08,29.5,51.0,71.0,78.0,87.0,101.0,117.0,133.0,151.0,161.0,174.0,210.2,297.0,inferred
South Ayrshire,2021-07-09,33.0,55.0,74.0,81.0,88.0,103.0,118.5,133.0,151.0,163.2,177.0,216.1,285.7,inferred
South Ayrshire,2021-07-10,40.0,60.0,81.0,89.8,96.7,113.0,127.0,144.0,162.0,176.0,192.0,236.0,316.5,inferred
South Ayrshire,2021-07-11,33.0,54.0,75.0,82.0,89.0,105.0,119.0,137.0,157.3,171.0,183.0,219.0,285.0,inferred
South Ayrshire,2021-07-12,22.0,42.0,57.0,64.0,72.0,86.0,100.0,115.0,131.0,142.0,155.0,196.0,260.0,inferred
South Ayrshire,2021-07-13,20.0,41.0,57.0,65.0,72.0,87.6,102.0,117.0,133.0,143.0,155.0,189.0,258.5,inferred
South Ayrshire,2021-07-14,30.0,53.0,70.0,78.0,86.0,100.6,114.0,128.0,148.0,158.0,172.0,211.1,275.0,inferred
South Ayrshire,2021-07-15,19.0,35.0,50.0,57.0,64.0,77.0,91.0,108.0,125.0,136.2,148.0,185.0,246.0,inferred
South Ayrshire,2021-07-16,18.0,35.0,52.0,59.0,66.0,78.0,91.0,105.0,122.3,132.0,142.0,178.0,246.5,inferred
South Ayrshire,2021-07-17,26.0,46.0,63.0,71.0,78.0,91.0,105.0,119.0,138.3,148.0,160.0,198.1,273.5,inferred
South Ayrshire,2021-07-18,20.0,36.9,54.0,60.0,67.0,80.0,93.0,109.4,127.0,137.0,150.2,191.0,270.5,inferred
South Ayrshire,2021-07-19,15.0,28.0,42.8,48.0,52.0,64.0,75.0,87.0,105.3,114.2,126.0,164.0,222.5,inferred
South Ayrshire,2021-07-20,15.0,29.0,44.0,51.0,58.0,71.0,84.5,97.0,113.0,121.0,132.0,162.1,220.0,inferred
South Ayrshire,2021-07-21,19.0,39.9,54.0,61.0,68.7,82.0,95.0,112.0,130.0,140.0,151.2,187.1,249.5,inferred
South Ayrshire,2021-07-22,12.0,27.0,41.0,47.0,53.0,63.0,76.0,89.0,105.0,114.0,125.2,159.0,220.0,inferred
South Ayrshire,2021-07-23,13.0,27.0,41.8,47.0,53.0,65.0,76.5,90.0,106.0,117.0,128.0,166.0,228.0,inferred
South Ayrshire,2021-07-24,17.0,32.0,46.0,54.0,60.0,74.0,88.0,102.0,121.0,131.2,144.0,178.0,235.0,inferred
South Ayrshire,2021-07-25,16.0,29.0,42.0,47.0,52.0,67.0,78.0,91.0,109.0,118.0,130.0,162.1,231.5,inferred
South Ayrshire,2021-07-26,9.0,20.0,32.0,36.0,42.0,53.0,65.0,78.0,93.0,103.0,114.0,146.0,201.5,inferred
South Ayrshire,2021-07-27,10.5,23.0,35.0,40.0,45.0,55.0,66.5,81.0,97.3,107.0,117.0,152.1,226.5,inferred
South Ayrshire,2021-07-28,15.0,30.0,42.0,49.0,55.0,68.0,82.0,96.0,114.0,125.2,139.0,175.1,247.0,inferred
South Ayrshire,2021-07-29,10.0,23.0,35.0,40.0,46.0,57.0,70.0,83.0,96.0,105.0,116.0,146.0,210.5,inferred
South Ayrshire,2021-07-30,13.5,26.0,38.0,43.8,48.0,60.0,72.0,84.0,100.0,112.0,124.0,158.0,221.5,inferred
South Ayrshire,2021-07-31,17.0,32.0,47.0,53.8,59.0,72.0,86.0,99.4,116.0,124.0,136.2,171.0,230.0,inferred
South Ayrshire,2021-08-01,13.0,28.9,42.0,48.0,54.0,65.0,79.0,91.0,106.0,117.0,127.0,157.0,218.5,inferred
South Ayrshire,2021-08-02,10.0,23.0,34.0,38.0,43.0,55.0,64.0,76.0,94.0,103.0,114.0,148.0,203.5,inferred
South Ayrshire,2021-08-03,10.5,24.0,37.0,43.0,48.0,58.0,70.0,85.0,100.0,108.2,120.0,152.0,211.0,inferred
South Ayrshire,2021-08-04,21.0,35.0,50.0,57.0,63.0,75.0,88.0,101.4,120.0,130.2,141.0,180.0,239.0,inferred
South Ayrshire,2021-08-05,12.5,25.0,38.0,44.0,49.7,62.0,74.0,88.0,105.0,113.0,126.0,158.0,209.5,inferred
South Ayrshire,2021-08-06,17.0,31.0,44.0,50.0,56.0,66.0,78.0,91.0,107.0,118.0,130.0,164.0,227.0,inferred
South Ayrshire,2021-08-07,21.0,38.0,54.0,60.0,67.0,80.0,94.0,108.0,128.0,139.0,152.0,187.1,255.5,inferred
South Ayrshire,2021-08-08,18.5,36.0,53.0,60.0,67.0,80.0,93.5,107.0,127.0,137.2,150.0,184.1,251.0,inferred
South Ayrshire,2021-08-09,14.0,30.0,42.0,48.8,55.0,66.6,80.0,93.0,109.3,119.2,132.0,168.0,228.0,inferred
South Ayrshire,2021-08-10,17.0,36.0,51.0,57.0,63.0,77.0,92.0,107.0,125.3,138.0,151.0,187.0,251.0,inferred
South Ayrshire,2021-08-11,28.0,49.0,70.0,79.0,87.0,101.0,114.0,130.0,149.0,161.2,172.2,210.0,283.0,inferred
South Ayrshire,2021-08-12,22.0,40.0,55.0,63.0,68.0,80.6,97.0,112.0,130.0,139.2,152.0,192.1,250.5,inferred
South Ayrshire,2021-08-13,25.0,48.0,65.0,72.8,81.0,96.0,111.0,125.0,145.0,156.2,175.0,210.1,269.0,inferred
South Ayrshire,2021-08-14,36.0,65.9,85.0,93.0,102.0,117.6,134.5,153.0,172.0,186.0,200.0,244.0,321.0,inferred
South Ayrshire,2021-08-15,38.0,63.0,86.0,96.0,102.0,119.0,134.0,153.4,173.0,185.0,198.2,243.1,316.5,inferred
South Ayrshire,2021-08-16,33.0,51.0,69.0,76.0,84.0,101.0,116.0,132.0,153.0,165.0,178.0,216.0,278.0,inferred
South Ayrshire,2021-08-17,39.0,65.0,85.0,94.0,102.0,118.0,136.0,154.4,178.0,190.2,207.0,248.1,314.0,inferred
South Ayrshire,2021-08-18,58.5,93.9,116.0,127.0,138.0,155.0,172.0,192.0,218.0,232.0,247.0,298.1,386.5,inferred
South Ayrshire,2021-08-19,50.0,79.9,103.0,111.0,119.0,135.0,153.0,171.0,191.3,206.0,221.0,262.0,348.0,inferred
South Ayrshire,2021-08-20,61.5,92.0,117.0,126.0,136.0,156.6,176.0,197.0,220.0,235.0,252.2,299.0,391.0,inferred
South Ayrshire,2021-08-21,93.0,127.0,156.0,170.0,182.0,203.0,228.0,248.0,273.0,290.0,306.2,349.2,454.0,inferred
South Ayrshire,2021-08-22,97.5,131.0,163.0,174.8,186.0,205.0,230.0,251.0,279.0,298.0,320.2,368.1,454.0,inferred
South Ayrshire,2021-08-23,80.5,113.0,142.0,153.0,163.0,185.0,208.5,228.0,256.3,270.0,286.0,338.0,406.0,inferred
South Ayrshire,2021-08-24,101.5,142.0,173.0,186.0,198.0,225.0,250.0,272.0,299.0,317.0,339.0,386.0,475.6,inferred
South Ayrshire,2021-08-25,139.0,186.0,220.0,234.0,247.0,276.0,300.0,326.0,356.0,375.2,397.0,447.2,542.0,inferred
South Ayrshire,2021-08-26,126.0,163.0,197.0,212.0,225.0,248.0,271.0,299.0,325.0,343.0,362.2,417.0,497.5,inferred
South Ayrshire,2021-08-27,138.0,188.0,221.8,237.0,247.7,273.0,294.5,322.0,349.0,367.2,388.0,447.0,544.0,inferred
South Ayrshire,2021-08-28,193.5,245.9,284.0,298.0,313.0,339.6,374.0,402.4,439.0,458.0,483.0,538.1,650.1,inferred
South Ayrshire,2021-08-29,179.0,231.0,275.8,295.0,311.0,344.0,371.5,400.0,432.3,453.2,477.0,540.0,649.1,inferred
South Ayrshire,2021-08-30,159.0,211.0,252.0,267.0,283.0,310.0,335.0,365.0,398.0,415.2,439.0,499.0,618.1,inferred
South Ayrshire,2021-08-31,193.0,241.0,283.0,301.0,315.0,344.0,375.0,407.0,440.3,458.0,479.0,545.0,643.6,inferred
South Ayrshire,2021-09-01,232.9,294.0,341.0,357.0,373.0,409.0,440.5,478.0,514.3,535.0,558.0,624.1,742.5,inferred
South Ayrshire,2021-09-02,190.0,241.0,283.8,300.0,313.0,345.0,370.0,399.0,435.0,458.0,476.2,536.0,652.1,inferred
South Ayrshire,2021-09-03,188.5,247.9,296.0,310.0,327.0,357.6,384.0,416.4,449.0,469.0,489.0,548.2,654.0,inferred
South Ayrshire,2021-09-04,252.5,310.0,353.0,372.0,386.7,415.0,447.0,481.0,521.3,541.0,562.0,622.0,741.0,inferred
South Ayrshire,2021-09-05,212.0,278.9,321.0,340.0,356.0,389.0,419.0,451.4,484.0,504.2,532.0,595.0,702.0,inferred
South Ayrshire,2021-09-06,178.5,229.0,270.0,287.8,299.0,326.0,354.0,384.0,414.0,434.0,459.0,529.0,624.5,inferred
South Ayrshire,2021-09-07,185.5,245.9,279.8,299.0,315.7,344.6,374.0,403.0,435.0,457.0,482.0,552.1,650.5,inferred
South Ayrshire,2021-09-08,198.9,268.0,309.8,326.0,341.7,376.0,405.5,438.0,473.0,491.0,514.0,575.1,695.0,inferred
South Ayrshire,2021-09-09,144.0,193.9,233.8,247.8,263.0,293.0,318.0,345.0,374.0,390.0,414.0,477.0,572.0,inferred
South Ayrshire,2021-09-10,135.5,186.0,219.8,233.0,246.7,272.0,296.0,325.0,352.0,368.0,388.2,445.0,525.5,inferred
South Ayrshire,2021-09-11,143.0,202.0,236.0,252.8,264.0,290.6,316.0,344.4,378.0,395.0,416.0,481.0,587.6,inferred
South Ayrshire,2021-09-12,122.5,167.9,202.0,216.0,228.0,251.0,277.5,307.0,334.0,349.0,370.0,424.1,508.5,inferred
South Ayrshire,2021-09-13,86.5,125.9,153.0,165.0,178.0,197.0,215.0,239.0,266.0,279.0,295.0,336.1,427.5,inferred
South Ayrshire,2021-09-14,87.5,126.0,153.0,166.0,178.0,201.0,223.0,248.0,271.0,288.2,306.0,359.0,450.0,inferred
South Ayrshire,2021-09-15,105.0,141.0,172.0,185.0,195.0,221.0,244.0,264.0,295.0,309.0,326.2,385.1,489.0,inferred
South Ayrshire,2021-09-16,77.0,109.9,138.8,152.0,162.0,181.0,202.0,224.0,249.0,261.0,276.0,320.0,410.5,inferred
South Ayrshire,2021-09-17,73.5,109.0,139.8,152.8,162.0,184.0,205.0,227.0,250.0,264.2,282.0,326.3,399.5,inferred
South Ayrshire,2021-09-18,97.5,134.0,165.0,177.0,189.0,211.0,232.0,258.4,284.0,301.0,317.2,367.2,455.0,inferred
South Ayrshire,2021-09-19,86.0,118.0,145.0,157.8,171.0,190.0,210.0,232.0,258.0,274.2,295.2,351.0,425.6,inferred
South Ayrshire,2021-09-20,58.5,88.9,112.0,123.0,134.0,153.0,172.0,194.4,216.0,229.0,245.2,299.0,391.0,inferred
South Ayrshire,2021-09-21,67.0,101.0,129.0,141.0,151.0,171.0,191.0,213.0,240.0,256.0,274.0,325.2,421.6,inferred
South Ayrshire,2021-09-22,94.0,127.0,161.0,171.0,181.0,201.0,223.0,246.4,272.0,288.0,307.0,356.0,455.0,inferred
South Ayrshire,2021-09-23,71.0,108.0,132.0,141.0,150.0,173.0,194.0,217.0,240.0,254.0,269.2,321.0,411.6,inferred
South Ayrshire,2021-09-24,75.5,114.0,139.8,153.0,166.0,186.0,208.0,231.0,257.0,271.0,286.0,328.0,423.5,inferred
South Ayrshire,2021-09-25,99.0,148.0,180.0,194.0,207.0,228.0,252.0,277.0,303.0,318.0,337.0,386.1,486.0,inferred
South Ayrshire,2021-09-26,107.0,141.9,173.0,187.0,198.7,219.0,244.0,268.0,294.3,310.0,325.0,377.1,458.5,inferred
South Ayrshire,2021-09-27,85.0,120.0,148.0,158.0,170.0,190.0,210.0,233.0,260.0,275.0,292.0,340.0,422.0,inferred
South Ayrshire,2021-09-28,83.0,127.0,159.0,170.8,182.0,207.0,226.0,251.0,278.0,293.0,309.0,360.0,444.5,inferred
South Ayrshire,2021-09-29,107.5,149.0,181.0,193.0,204.0,230.0,254.5,278.4,309.0,327.0,348.0,403.0,481.0,inferred
South Ayrshire,2021-09-30,77.0,117.0,143.0,153.8,165.0,186.0,206.5,227.0,251.0,264.2,282.0,325.0,408.0,inferred
South Ayrshire,2021-10-01,75.0,112.0,140.0,151.0,160.0,181.0,202.0,227.0,254.0,269.0,286.2,332.1,426.0,inferred
South Ayrshire,2021-10-02,94.5,131.0,162.0,175.0,184.0,208.0,227.0,252.0,280.0,294.0,313.0,356.1,436.5,inferred
South Ayrshire,2021-10-03,82.0,117.0,145.0,158.0,168.0,185.6,206.0,231.0,256.0,271.0,289.2,337.0,423.5,inferred
South Ayrshire,2021-10-04,59.5,93.0,117.0,126.8,136.0,155.0,175.5,193.4,214.0,228.0,243.2,291.0,371.5,inferred
South Ayrshire,2021-10-05,60.0,88.9,118.0,127.0,139.0,158.0,177.0,199.0,219.0,232.2,250.0,292.0,378.0,inferred
South Ayrshire,2021-10-06,84.0,111.0,144.0,154.0,162.0,183.0,203.0,224.0,250.0,265.0,280.2,326.1,411.5,inferred
South Ayrshire,2021-10-07,57.0,83.0,108.8,119.8,128.7,149.0,166.0,186.4,211.0,222.0,234.0,278.1,345.5,inferred
South Ayrshire,2021-10-08,60.5,90.0,114.8,125.0,134.0,153.0,174.5,194.0,215.0,228.0,244.0,291.0,377.0,inferred
South Ayrshire,2021-10-09,72.5,111.0,135.8,146.0,156.0,175.0,195.5,216.0,239.3,255.0,271.2,317.1,409.6,inferred
South Ayrshire,2021-10-10,61.0,91.9,120.8,131.0,142.0,163.0,184.0,205.0,233.0,245.2,261.0,306.0,399.5,inferred
South Ayrshire,2021-10-11,49.5,74.0,98.8,108.0,116.0,133.0,150.5,170.4,193.0,205.0,221.0,265.0,339.5,inferred
South Ayrshire,2021-10-12,56.5,84.9,107.0,116.0,127.0,145.0,163.5,184.4,209.0,220.0,237.0,279.1,367.1,inferred
South Ayrshire,2021-10-13,63.0,98.9,125.0,137.0,147.0,169.0,188.0,213.0,239.0,254.0,273.2,323.1,420.5,inferred
South Ayrshire,2021-10-14,46.5,76.0,104.0,112.0,123.0,141.0,161.0,182.0,209.0,223.0,240.0,282.1,358.1,inferred
South Ayrshire,2021-10-15,47.0,83.0,108.0,119.0,130.0,149.0,170.5,192.4,218.0,232.0,252.2,298.1,382.0,inferred
South Cambridgeshire,2021-07-03,19.0,23.0,26.0,27.0,28.0,30.0,32.0,34.0,36.3,38.0,39.0,43.0,50.0,inferred
South Cambridgeshire,2021-07-04,20.0,26.0,28.0,30.0,31.0,33.0,35.0,37.0,40.0,41.0,43.0,48.0,54.0,inferred
South Cambridgeshire,2021-07-05,32.0,38.0,42.0,44.0,45.0,48.0,50.0,52.4,55.0,57.0,59.0,63.0,71.0,inferred
South Cambridgeshire,2021-07-06,33.0,39.0,43.0,44.0,46.0,48.0,50.0,53.0,56.0,57.0,59.0,64.0,71.0,inferred
South Cambridgeshire,2021-07-07,36.0,42.0,46.0,47.0,48.0,51.0,54.0,57.0,60.0,62.0,63.0,68.0,75.0,inferred
South Cambridgeshire,2021-07-08,37.0,43.0,47.0,48.0,50.0,52.0,55.0,58.0,61.0,62.0,64.0,70.0,78.0,inferred
South Cambridgeshire,2021-07-09,35.0,41.0,45.0,47.0,49.0,51.0,54.0,57.0,60.0,61.0,63.0,68.0,76.5,inferred
South Cambridgeshire,2021-07-10,30.0,36.0,40.0,42.0,43.0,45.0,48.0,50.0,53.0,55.0,56.0,62.0,70.0,inferred
South Cambridgeshire,2021-07-11,33.0,40.0,44.0,46.0,47.0,50.0,53.0,55.0,58.0,60.0,62.0,67.0,74.5,inferred
South Cambridgeshire,2021-07-12,52.0,60.0,65.0,67.0,69.0,72.0,76.0,79.0,82.0,84.0,87.0,93.0,102.0,inferred
South Cambridgeshire,2021-07-13,52.0,59.0,65.0,66.0,68.0,71.0,74.0,77.0,81.0,83.0,85.0,91.0,103.0,inferred
South Cambridgeshire,2021-07-14,54.0,61.0,66.0,68.0,69.0,73.0,76.0,80.0,83.0,85.0,88.0,94.0,104.0,inferred
South Cambridgeshire,2021-07-15,49.0,58.0,62.0,65.0,67.0,70.0,73.0,75.0,79.0,81.0,83.0,89.0,98.0,inferred
South Cambridgeshire,2021-07-16,45.0,52.0,56.0,58.0,59.0,62.0,65.0,68.0,71.0,73.0,75.0,81.0,90.0,inferred
South Cambridgeshire,2021-07-17,36.0,42.0,46.0,47.8,49.0,52.0,54.0,57.0,60.0,61.0,63.0,68.0,77.0,inferred
South Cambridgeshire,2021-07-18,36.0,43.0,47.0,49.0,50.0,53.0,56.0,58.0,62.0,63.0,65.0,71.0,79.0,inferred
South Cambridgeshire,2021-07-19,52.0,58.0,64.0,66.0,67.0,70.0,73.0,77.0,80.0,82.0,84.0,91.0,100.5,inferred
South Cambridgeshire,2021-07-20,46.5,54.0,59.0,61.0,63.0,66.0,69.0,72.0,76.0,78.0,80.0,86.0,96.0,inferred
South Cambridgeshire,2021-07-21,45.0,52.0,57.0,59.0,61.0,63.0,66.0,69.0,73.0,75.0,77.0,82.0,91.0,inferred
South Cambridgeshire,2021-07-22,41.0,48.0,52.0,54.0,55.0,58.0,60.0,64.0,66.0,68.0,70.0,75.0,83.5,inferred
South Cambridgeshire,2021-07-23,35.0,41.0,45.0,47.0,48.0,51.0,53.0,55.0,58.0,60.0,62.0,67.0,74.0,inferred
South Cambridgeshire,2021-07-24,26.0,32.0,36.0,37.0,38.0,41.0,43.0,46.0,49.0,50.0,52.0,56.0,64.0,inferred
South Cambridgeshire,2021-07-25,27.0,32.0,36.0,37.0,38.0,41.0,43.0,46.0,49.0,50.0,52.0,56.0,65.0,inferred
South Cambridgeshire,2021-07-26,36.0,42.0,47.0,49.0,50.0,52.0,56.0,59.0,62.0,63.2,66.0,71.0,79.0,inferred
South Cambridgeshire,2021-07-27,35.0,41.0,45.0,46.8,48.0,51.0,53.0,56.0,60.0,61.0,63.0,68.0,76.0,inferred
South Cambridgeshire,2021-07-28,37.0,43.0,48.0,49.0,51.0,53.0,56.0,59.0,62.0,64.0,66.0,71.0,78.5,inferred
South Cambridgeshire,2021-07-29,38.0,44.0,48.0,50.0,52.0,55.0,57.0,60.0,63.0,65.0,67.0,71.1,78.5,inferred
South Cambridgeshire,2021-07-30,36.0,42.0,46.0,48.0,49.0,52.0,55.0,57.0,60.0,61.0,63.0,68.0,77.0,inferred
South Cambridgeshire,2021-07-31,31.0,36.0,40.0,42.0,43.0,46.0,49.0,51.0,54.0,55.0,57.0,62.0,70.0,inferred
South Cambridgeshire,2021-08-01,33.0,40.0,44.0,45.0,47.0,49.0,52.0,55.0,58.0,59.0,61.0,66.0,74.5,inferred
South Cambridgeshire,2021-08-02,52.0,59.0,64.0,66.0,67.0,70.0,73.0,77.0,80.0,82.0,84.0,89.0,99.0,inferred
South Cambridgeshire,2021-08-03,49.0,57.0,62.0,64.0,66.0,69.0,72.0,75.0,79.0,81.0,82.2,88.0,96.0,inferred
South Cambridgeshire,2021-08-04,51.5,60.0,64.0,66.0,68.0,71.0,74.0,77.0,81.0,82.2,84.0,91.0,100.0,inferred
South Cambridgeshire,2021-08-05,49.0,57.0,61.0,63.0,65.0,68.0,71.0,75.0,78.0,80.0,82.2,89.0,98.0,inferred
South Cambridgeshire,2021-08-06,46.0,52.9,58.0,59.8,61.0,64.0,67.0,70.0,73.0,75.0,77.0,83.0,93.0,inferred
South Cambridgeshire,2021-08-07,37.0,44.0,48.0,50.0,51.0,54.0,57.0,60.0,63.0,65.0,66.0,70.0,79.0,inferred
South Cambridgeshire,2021-08-08,39.0,46.0,50.0,52.0,54.0,57.0,60.0,63.0,66.0,67.0,69.0,74.1,86.0,inferred
South Cambridgeshire,2021-08-09,56.0,65.0,70.0,72.0,74.0,77.0,80.0,83.0,88.0,89.0,92.0,97.1,109.0,inferred
South Cambridgeshire,2021-08-10,54.0,62.0,67.0,69.0,71.0,74.0,78.0,81.0,85.0,87.0,89.0,95.0,106.5,inferred
South Cambridgeshire,2021-08-11,56.0,63.9,69.0,71.0,72.0,76.0,79.0,83.0,86.0,88.0,90.0,97.0,106.0,inferred
South Cambridgeshire,2021-08-12,53.0,61.0,66.0,68.0,69.0,73.0,76.0,79.0,82.0,85.0,87.0,92.0,101.0,inferred
South Cambridgeshire,2021-08-13,48.0,55.0,60.0,62.0,64.0,67.0,70.0,73.0,76.0,78.0,80.0,86.0,94.0,inferred
South Cambridgeshire,2021-08-14,38.0,44.0,50.0,51.0,53.0,56.6,59.0,62.0,64.0,66.0,68.0,73.0,80.0,inferred
South Cambridgeshire,2021-08-15,41.0,48.0,52.0,54.0,55.7,58.6,61.0,64.0,67.0,69.0,71.0,76.0,85.0,inferred
South Cambridgeshire,2021-08-16,57.0,66.0,71.0,73.0,75.0,78.0,81.0,85.0,88.0,90.0,92.0,99.0,110.0,inferred
South Cambridgeshire,2021-08-17,53.0,62.0,67.0,69.0,71.0,74.0,77.0,81.0,84.0,86.0,88.0,95.0,104.5,inferred
South Cambridgeshire,2021-08-18,54.0,61.0,66.0,68.0,70.0,74.0,77.0,80.0,83.0,85.0,87.0,93.0,102.0,inferred
South Cambridgeshire,2021-08-19,49.0,57.9,62.0,64.0,66.0,69.0,72.0,75.0,79.0,81.0,83.0,89.0,97.0,inferred
South Cambridgeshire,2021-08-20,44.0,51.0,56.0,58.0,60.0,63.0,65.0,68.0,71.0,73.0,74.0,80.0,89.0,inferred
South Cambridgeshire,2021-08-21,36.0,42.0,46.0,48.0,49.0,52.0,54.0,57.0,60.0,61.0,63.0,69.0,76.0,inferred
South Cambridgeshire,2021-08-22,37.0,42.0,46.0,48.0,49.0,52.0,54.0,58.0,61.0,62.0,64.0,69.0,77.0,inferred
South Cambridgeshire,2021-08-23,51.0,58.0,62.0,64.0,66.0,70.0,72.0,75.0,79.0,81.0,83.0,89.0,99.0,inferred
South Cambridgeshire,2021-08-24,47.0,54.0,59.0,60.0,62.0,66.0,69.0,72.0,76.0,77.0,79.2,86.0,96.5,inferred
South Cambridgeshire,2021-08-25,48.0,56.0,60.0,62.0,64.0,67.0,70.0,73.0,76.0,78.0,80.0,86.0,96.0,inferred
South Cambridgeshire,2021-08-26,46.0,53.0,58.0,60.0,61.7,64.0,68.0,71.0,74.0,76.0,78.0,84.0,93.0,inferred
South Cambridgeshire,2021-08-27,41.5,48.0,53.0,55.0,57.0,59.0,62.0,64.0,67.3,69.0,71.0,77.0,85.5,inferred
South Cambridgeshire,2021-08-28,33.0,39.0,43.0,45.0,47.0,49.0,52.0,55.0,58.0,60.0,62.0,68.0,76.0,inferred
South Cambridgeshire,2021-08-29,36.0,42.0,46.0,48.0,49.0,53.0,55.0,58.0,61.0,62.2,65.0,70.0,79.0,inferred
South Cambridgeshire,2021-08-30,53.0,59.0,64.0,66.0,68.0,71.0,74.0,78.0,82.0,83.0,85.0,92.0,101.5,inferred
South Cambridgeshire,2021-08-31,49.0,56.0,61.0,63.0,65.0,68.0,71.0,74.0,78.0,80.0,82.0,88.0,98.0,inferred
South Cambridgeshire,2021-09-01,51.0,58.0,63.0,65.0,66.0,69.0,73.0,76.0,79.0,81.0,83.0,89.0,98.5,inferred
South Cambridgeshire,2021-09-02,48.0,55.0,60.0,62.0,64.0,66.0,69.0,72.0,75.0,77.0,79.0,86.0,96.0,inferred
South Cambridgeshire,2021-09-03,43.0,49.0,54.0,56.0,57.0,60.0,63.0,66.0,69.0,71.0,73.0,78.0,87.0,inferred
South Cambridgeshire,2021-09-04,34.0,40.0,44.0,46.0,47.0,50.0,52.0,55.0,58.0,60.0,62.0,67.0,76.5,inferred
South Cambridgeshire,2021-09-05,36.0,42.0,45.0,47.0,49.0,51.0,54.0,57.0,60.0,61.0,63.0,68.0,76.5,inferred
South Cambridgeshire,2021-09-06,49.0,57.0,62.0,64.0,65.0,69.0,72.0,75.0,78.0,81.0,83.0,89.0,98.0,inferred
South Cambridgeshire,2021-09-07,45.0,53.9,58.0,60.0,62.0,65.0,68.0,71.0,73.0,75.0,78.0,83.0,92.0,inferred
South Cambridgeshire,2021-09-08,44.0,52.0,57.0,59.0,61.0,64.0,67.0,69.0,73.0,75.0,77.0,83.0,92.0,inferred
South Cambridgeshire,2021-09-09,42.0,49.0,53.0,55.0,57.0,59.0,62.0,65.0,68.0,70.0,72.0,78.0,88.0,inferred
South Cambridgeshire,2021-09-10,36.0,43.0,47.0,49.0,50.0,53.0,56.0,58.0,62.0,63.0,65.0,71.0,80.0,inferred
South Cambridgeshire,2021-09-11,30.0,35.0,39.0,41.0,42.0,45.0,47.0,49.0,52.0,53.0,55.0,59.0,67.0,inferred
South Cambridgeshire,2021-09-12,30.0,35.0,38.0,40.0,42.0,44.0,47.0,49.0,52.0,54.0,56.0,61.0,67.0,inferred
South Cambridgeshire,2021-09-13,42.0,49.0,53.0,54.0,56.0,59.0,62.0,65.0,68.0,69.2,72.0,78.0,89.0,inferred
South Cambridgeshire,2021-09-14,41.0,47.0,51.0,53.0,54.0,57.6,60.0,63.0,66.0,68.0,70.0,75.0,84.0,inferred
South Cambridgeshire,2021-09-15,41.0,48.0,53.0,54.8,56.0,59.0,62.0,65.0,68.0,69.0,71.0,77.0,86.0,inferred
South Cambridgeshire,2021-09-16,41.0,48.0,52.0,54.0,55.0,58.6,61.0,64.0,67.0,69.0,71.0,77.0,86.0,inferred
South Cambridgeshire,2021-09-17,38.0,44.9,49.0,51.0,52.0,55.0,58.0,61.0,64.0,66.0,68.0,73.0,81.0,inferred
South Cambridgeshire,2021-09-18,33.0,38.0,43.0,44.0,46.0,48.0,51.0,53.0,56.0,58.0,60.0,65.0,72.0,inferred
South Cambridgeshire,2021-09-19,35.0,42.0,46.0,47.0,49.0,52.0,54.0,57.0,60.0,62.0,63.0,69.0,77.0,inferred
South Cambridgeshire,2021-09-20,52.0,60.0,65.0,67.0,69.0,72.0,75.0,78.0,81.3,83.0,86.0,91.0,100.0,inferred
South Cambridgeshire,2021-09-21,52.0,59.0,63.0,65.0,67.0,70.0,73.0,76.0,80.0,81.0,84.0,90.1,100.0,inferred
South Cambridgeshire,2021-09-22,51.0,59.0,64.0,66.0,69.0,72.0,76.0,79.0,82.0,84.0,86.0,93.0,102.0,inferred
South Cambridgeshire,2021-09-23,50.0,59.0,64.0,65.0,67.0,70.0,73.0,76.0,80.0,82.0,84.0,89.0,98.0,inferred
South Cambridgeshire,2021-09-24,47.0,54.0,59.0,61.0,62.7,65.0,69.0,72.0,75.0,77.0,79.0,85.0,95.0,inferred
South Cambridgeshire,2021-09-25,39.0,46.0,50.0,52.0,54.0,56.0,59.0,61.0,64.0,66.0,68.0,73.0,81.0,inferred
South Cambridgeshire,2021-09-26,43.0,50.0,53.0,55.0,57.0,60.0,63.0,66.0,69.0,70.2,73.0,78.0,86.0,inferred
South Cambridgeshire,2021-09-27,60.0,69.0,74.8,77.0,78.0,82.0,85.0,89.0,93.0,95.0,97.0,103.0,115.0,inferred
South Cambridgeshire,2021-09-28,58.0,67.0,73.0,75.0,77.0,80.0,84.0,87.0,90.3,93.0,95.0,102.0,111.0,inferred
South Cambridgeshire,2021-09-29,62.0,70.0,76.0,78.0,79.0,83.0,86.0,90.0,94.0,95.0,97.0,104.0,117.0,inferred
South Cambridgeshire,2021-09-30,60.0,68.0,74.0,76.0,77.0,80.0,84.0,87.0,91.0,93.0,95.0,101.1,111.0,inferred
South Cambridgeshire,2021-10-01,56.0,64.0,69.0,71.0,73.0,76.0,79.0,83.0,86.0,88.0,90.0,96.0,105.0,inferred
South Cambridgeshire,2021-10-02,48.0,54.0,60.0,61.0,63.0,66.0,68.0,71.0,75.0,77.0,78.0,84.0,94.0,inferred
South Cambridgeshire,2021-10-03,50.0,58.0,63.0,65.0,67.0,70.0,73.0,76.0,79.0,81.0,84.0,89.0,99.0,inferred
South Cambridgeshire,2021-10-04,74.0,82.0,88.0,90.0,92.0,96.0,100.0,104.0,109.0,111.0,113.0,121.0,133.5,inferred
South Cambridgeshire,2021-10-05,72.5,81.9,87.0,90.0,92.0,96.0,99.0,103.0,107.0,109.0,112.0,119.0,131.0,inferred
South Cambridgeshire,2021-10-06,78.0,87.0,94.0,96.0,98.0,102.0,105.0,109.0,113.0,115.0,118.0,126.0,137.0,inferred
South Cambridgeshire,2021-10-07,78.5,88.0,94.0,97.0,99.0,103.0,107.0,110.0,115.0,118.0,120.0,126.0,138.0,inferred
South Cambridgeshire,2021-10-08,76.0,85.0,91.0,94.0,96.0,99.0,103.0,106.0,110.0,113.0,115.0,122.0,134.0,inferred
South Cambridgeshire,2021-10-09,68.0,76.0,82.0,84.0,86.0,89.0,93.0,96.0,100.0,102.0,105.0,111.0,122.0,inferred
South Cambridgeshire,2021-10-10,75.0,82.0,88.0,90.0,92.0,96.0,100.0,103.0,107.0,109.0,112.0,119.0,129.5,inferred
South Cambridgeshire,2021-10-11,107.0,118.0,125.0,128.0,130.0,135.0,139.0,143.0,148.0,150.0,153.0,162.0,173.5,inferred
South Cambridgeshire,2021-10-12,104.0,114.0,120.0,123.0,126.0,130.0,135.0,139.0,144.0,146.0,150.0,157.0,170.0,inferred
South Cambridgeshire,2021-10-13,103.0,113.0,120.0,123.0,126.0,131.0,135.0,139.0,145.0,147.0,150.2,159.0,170.0,inferred
South Cambridgeshire,2021-10-14,94.0,105.9,113.0,115.0,117.0,122.0,127.0,131.0,136.0,139.0,142.0,150.0,163.0,inferred
South Cambridgeshire,2021-10-15,85.0,94.0,100.8,103.0,106.0,110.0,114.0,119.0,123.0,126.0,129.0,137.0,152.0,inferred
South Derbyshire,2021-07-03,17.0,21.0,24.0,26.0,27.0,29.0,31.0,34.0,37.0,38.0,40.0,44.0,54.0,inferred
South Derbyshire,2021-07-04,20.0,26.0,30.0,31.0,32.0,35.0,38.0,40.0,43.0,44.0,46.0,50.0,59.0,inferred
South Derbyshire,2021-07-05,34.0,40.0,45.0,47.0,49.0,52.0,54.0,57.0,61.0,63.0,65.0,71.0,79.0,inferred
South Derbyshire,2021-07-06,34.0,42.0,46.0,48.0,49.0,52.0,55.0,57.0,61.0,63.0,65.0,71.0,81.0,inferred
South Derbyshire,2021-07-07,37.0,44.0,49.0,51.0,53.0,56.0,58.0,61.0,65.0,67.0,69.0,76.0,86.0,inferred
South Derbyshire,2021-07-08,37.0,45.0,50.0,51.0,53.0,56.0,59.0,62.0,65.0,67.0,70.0,76.0,89.0,inferred
South Derbyshire,2021-07-09,36.0,43.0,48.0,50.0,51.0,54.0,57.0,60.0,64.0,66.0,69.0,74.0,83.0,inferred
South Derbyshire,2021-07-10,31.0,38.0,43.0,45.0,46.0,49.0,52.0,55.0,58.0,59.0,61.0,67.0,76.5,inferred
South Derbyshire,2021-07-11,37.0,44.0,49.0,51.0,53.0,55.0,59.0,62.0,65.0,67.0,70.0,76.0,87.0,inferred
South Derbyshire,2021-07-12,58.0,67.0,72.0,74.0,76.0,80.0,84.0,87.0,92.0,94.0,97.0,104.0,116.0,inferred
South Derbyshire,2021-07-13,55.0,62.0,68.0,71.0,72.0,76.0,80.0,83.0,87.0,89.0,92.0,99.0,111.0,inferred
South Derbyshire,2021-07-14,52.0,59.0,65.0,67.0,69.0,73.0,77.0,80.0,84.0,87.0,89.0,96.0,107.5,inferred
South Derbyshire,2021-07-15,47.0,54.0,60.0,62.0,64.0,67.0,70.0,74.0,78.0,80.0,82.0,88.0,100.0,inferred
South Derbyshire,2021-07-16,37.0,45.0,50.0,51.0,53.0,56.0,60.0,63.0,66.0,68.0,71.0,77.0,88.0,inferred
South Derbyshire,2021-07-17,30.0,35.0,40.0,41.0,43.0,46.0,48.0,51.0,54.0,56.0,58.0,64.0,72.0,inferred
South Derbyshire,2021-07-18,29.0,35.0,39.0,41.0,42.0,45.0,48.0,50.0,54.0,56.0,58.0,63.0,72.0,inferred
South Derbyshire,2021-07-19,39.5,47.0,51.0,53.0,54.0,58.0,61.0,64.0,68.0,69.2,72.0,78.0,87.5,inferred
South Derbyshire,2021-07-20,33.0,40.9,45.0,47.0,48.0,52.0,55.0,58.0,61.0,63.0,65.0,71.0,80.0,inferred
South Derbyshire,2021-07-21,30.5,36.0,41.0,42.0,44.0,47.0,50.0,53.0,56.0,58.0,60.0,66.0,75.0,inferred
South Derbyshire,2021-07-22,26.5,33.0,37.0,39.0,40.0,43.0,45.0,48.0,51.0,53.0,55.0,61.0,68.0,inferred
South Derbyshire,2021-07-23,21.0,26.0,30.0,32.0,33.0,35.0,38.0,40.0,43.0,45.0,47.0,52.0,58.0,inferred
South Derbyshire,2021-07-24,15.0,19.0,23.0,24.0,25.0,28.0,30.0,32.0,34.0,36.0,37.0,40.1,47.0,inferred
South Derbyshire,2021-07-25,15.0,19.0,22.0,24.0,25.0,27.0,29.0,31.0,33.0,35.0,36.0,41.0,48.0,inferred
South Derbyshire,2021-07-26,21.0,25.0,29.0,31.0,32.0,35.0,37.0,40.0,43.0,45.0,47.0,51.0,58.0,inferred
South Derbyshire,2021-07-27,18.0,23.0,27.0,28.0,30.0,32.0,34.0,37.0,40.0,41.0,43.0,48.0,55.5,inferred
South Derbyshire,2021-07-28,20.0,25.0,28.0,29.0,31.0,34.0,36.0,39.0,41.0,43.0,45.0,50.0,57.5,inferred
South Derbyshire,2021-07-29,21.0,26.0,29.0,31.0,32.0,34.0,37.0,39.0,42.0,43.0,45.0,49.0,57.0,inferred
South Derbyshire,2021-07-30,19.0,24.0,27.0,29.0,30.0,32.0,35.0,37.0,40.0,41.0,43.0,49.0,56.0,inferred
South Derbyshire,2021-07-31,17.0,22.0,25.0,26.0,27.0,29.0,31.0,34.0,36.0,37.0,39.0,43.0,52.0,inferred
South Derbyshire,2021-08-01,20.0,24.0,27.0,29.0,30.0,32.6,35.0,38.0,40.0,42.0,43.0,48.1,56.0,inferred
South Derbyshire,2021-08-02,30.0,37.0,41.0,43.0,44.0,47.0,50.0,53.0,56.0,58.0,59.0,65.0,77.0,inferred
South Derbyshire,2021-08-03,29.0,34.9,39.0,40.0,42.0,45.0,48.0,51.0,54.0,56.0,58.0,63.0,73.5,inferred
South Derbyshire,2021-08-04,28.0,35.9,40.0,42.0,44.0,46.0,49.0,52.0,55.0,56.0,58.0,64.0,73.0,inferred
South Derbyshire,2021-08-05,30.0,35.0,40.0,41.0,43.0,45.0,48.0,51.0,54.0,55.0,57.0,63.0,71.0,inferred
South Derbyshire,2021-08-06,25.0,31.0,35.0,37.0,39.0,42.0,44.0,47.0,50.0,51.0,54.0,58.0,67.0,inferred
South Derbyshire,2021-08-07,21.0,26.0,30.0,31.0,33.0,35.0,38.0,40.0,43.0,45.0,47.0,51.0,60.0,inferred
South Derbyshire,2021-08-08,23.0,29.0,33.0,34.8,36.0,38.0,41.0,43.0,46.0,47.2,49.0,55.0,63.0,inferred
South Derbyshire,2021-08-09,35.0,42.0,47.0,48.0,50.0,53.0,56.0,59.0,63.0,65.0,67.0,72.0,82.0,inferred
South Derbyshire,2021-08-10,33.0,39.0,44.0,46.0,48.0,51.0,54.0,57.0,60.0,62.0,64.0,70.0,81.0,inferred
South Derbyshire,2021-08-11,33.0,39.0,44.0,46.0,47.0,50.0,53.0,56.0,60.0,62.0,64.0,70.0,79.0,inferred
South Derbyshire,2021-08-12,33.0,39.0,44.0,45.0,47.0,50.0,53.0,55.0,59.0,61.0,62.2,68.0,78.0,inferred
South Derbyshire,2021-08-13,28.5,34.0,38.0,40.0,42.0,44.0,47.0,50.0,53.0,55.0,57.0,63.0,71.0,inferred
South Derbyshire,2021-08-14,22.0,28.0,32.0,33.0,35.0,37.0,40.0,43.0,46.0,48.0,50.0,55.0,63.0,inferred
South Derbyshire,2021-08-15,24.5,31.0,35.0,36.0,38.0,40.0,43.0,45.4,48.0,50.0,52.0,57.0,64.5,inferred
South Derbyshire,2021-08-16,38.0,44.0,49.0,51.0,53.0,56.0,59.0,62.0,66.0,68.0,70.0,76.0,85.0,inferred
South Derbyshire,2021-08-17,34.0,41.0,45.0,47.0,49.0,52.0,55.0,58.0,61.0,63.0,65.0,71.0,80.0,inferred
South Derbyshire,2021-08-18,34.0,40.9,45.8,48.0,49.0,52.0,55.0,58.0,61.0,63.0,65.0,71.0,82.0,inferred
South Derbyshire,2021-08-19,32.0,39.0,43.0,45.0,46.0,49.0,52.0,55.0,58.0,60.0,62.0,68.0,77.0,inferred
South Derbyshire,2021-08-20,26.0,33.9,38.0,39.0,41.0,44.0,47.0,50.0,53.0,55.0,57.0,61.0,71.5,inferred
South Derbyshire,2021-08-21,23.0,28.0,31.0,33.0,34.0,37.0,39.0,42.0,45.0,47.0,48.0,54.0,62.0,inferred
South Derbyshire,2021-08-22,25.0,30.0,33.0,35.0,36.0,39.0,42.0,44.0,48.0,49.0,51.0,56.0,64.0,inferred
South Derbyshire,2021-08-23,36.0,42.9,47.0,49.0,51.0,54.0,57.0,60.0,63.0,65.0,67.0,73.0,82.0,inferred
South Derbyshire,2021-08-24,33.0,40.0,44.0,46.0,48.0,51.0,54.0,57.0,60.0,61.0,64.0,70.0,80.0,inferred
South Derbyshire,2021-08-25,33.0,39.9,44.0,46.0,48.0,51.0,54.0,56.0,60.0,62.0,64.0,70.0,79.0,inferred
South Derbyshire,2021-08-26,32.0,39.0,43.0,44.8,46.0,49.0,52.0,55.0,59.0,61.0,63.0,68.0,76.0,inferred
South Derbyshire,2021-08-27,27.5,34.0,38.0,39.0,41.0,44.0,46.0,49.0,52.0,54.0,57.0,62.0,70.0,inferred
South Derbyshire,2021-08-28,23.0,29.0,33.0,34.0,36.0,38.0,41.0,43.0,46.0,48.0,49.0,54.1,63.0,inferred
South Derbyshire,2021-08-29,26.0,32.0,35.8,37.0,38.0,41.0,44.0,47.0,50.0,51.0,53.0,59.0,68.0,inferred
South Derbyshire,2021-08-30,37.0,45.0,50.0,52.0,54.0,57.0,60.0,63.0,67.0,69.0,71.0,77.0,86.0,inferred
South Derbyshire,2021-08-31,37.0,44.0,48.0,50.0,52.0,55.0,59.0,62.0,65.0,67.0,69.0,75.0,86.0,inferred
South Derbyshire,2021-09-01,38.0,46.0,50.8,52.8,54.0,57.0,60.0,64.0,67.0,69.0,71.0,76.0,87.0,inferred
South Derbyshire,2021-09-02,39.0,46.0,51.0,53.0,54.0,58.0,60.0,63.0,67.0,69.0,71.0,77.0,86.0,inferred
South Derbyshire,2021-09-03,34.0,41.0,46.0,47.0,49.0,52.0,55.0,58.0,62.0,64.0,65.0,71.0,80.0,inferred
South Derbyshire,2021-09-04,30.0,35.9,40.0,41.0,42.0,45.0,48.0,51.0,54.0,55.0,57.2,63.0,71.5,inferred
South Derbyshire,2021-09-05,33.0,40.0,44.0,46.0,48.0,50.0,53.0,56.0,59.0,61.0,63.0,69.0,78.0,inferred
South Derbyshire,2021-09-06,47.5,57.0,62.0,64.0,66.0,69.0,72.0,76.0,80.0,82.0,84.0,92.0,104.0,inferred
South Derbyshire,2021-09-07,45.0,52.0,57.8,59.0,61.0,64.6,68.0,71.0,75.0,78.0,80.0,87.0,98.0,inferred
South Derbyshire,2021-09-08,44.0,51.0,56.0,57.0,59.0,62.0,65.5,69.0,73.0,75.0,78.0,84.0,93.5,inferred
South Derbyshire,2021-09-09,40.0,46.0,51.0,53.0,55.0,58.0,61.0,64.0,67.0,70.0,72.0,78.0,87.5,inferred
South Derbyshire,2021-09-10,32.0,39.0,43.0,45.0,46.0,49.0,52.0,55.0,58.0,60.0,62.0,68.0,78.0,inferred
South Derbyshire,2021-09-11,26.0,31.0,35.0,36.0,37.0,40.0,43.0,45.0,48.0,50.0,51.0,57.0,66.0,inferred
South Derbyshire,2021-09-12,25.0,31.0,34.0,36.0,38.0,40.6,43.0,46.0,48.0,50.0,52.0,57.0,66.0,inferred
South Derbyshire,2021-09-13,36.0,43.0,47.0,49.8,51.0,54.0,57.0,60.0,63.0,65.0,67.0,73.1,82.5,inferred
South Derbyshire,2021-09-14,34.0,41.0,45.0,47.0,48.0,51.0,55.0,58.0,61.0,63.0,64.0,70.0,80.0,inferred
South Derbyshire,2021-09-15,38.0,44.0,49.0,50.0,52.0,55.0,58.0,61.0,64.0,67.0,69.0,75.0,83.0,inferred
South Derbyshire,2021-09-16,40.0,46.0,51.0,53.0,54.0,58.0,61.0,64.0,67.0,69.0,71.0,77.0,87.0,inferred
South Derbyshire,2021-09-17,40.0,46.0,50.0,52.0,53.0,57.0,60.0,63.0,66.0,68.0,71.0,76.0,86.5,inferred
South Derbyshire,2021-09-18,35.0,41.0,45.0,47.0,49.0,52.0,55.0,58.0,61.0,63.0,65.0,71.0,80.5,inferred
South Derbyshire,2021-09-19,41.0,48.0,53.0,55.0,57.0,60.0,63.0,66.0,70.0,72.0,75.0,81.0,90.0,inferred
South Derbyshire,2021-09-20,64.0,73.0,80.0,82.0,84.0,88.0,92.0,96.0,100.0,102.0,105.0,113.0,125.0,inferred
South Derbyshire,2021-09-21,62.0,71.0,77.0,79.0,82.0,85.0,90.0,93.0,98.0,100.0,103.0,111.0,123.0,inferred
South Derbyshire,2021-09-22,64.0,73.0,78.0,80.0,83.0,87.0,90.0,94.0,98.0,100.0,103.0,111.0,121.0,inferred
South Derbyshire,2021-09-23,62.0,70.0,75.0,77.0,80.0,84.0,87.0,91.0,95.0,97.0,100.0,108.0,121.0,inferred
South Derbyshire,2021-09-24,53.0,61.0,67.0,70.0,72.0,75.0,78.0,82.0,85.0,87.0,90.0,96.0,106.0,inferred
South Derbyshire,2021-09-25,45.0,51.0,57.0,59.0,60.0,64.0,66.0,70.0,73.0,76.0,78.0,84.0,94.0,inferred
South Derbyshire,2021-09-26,48.0,55.0,60.0,62.0,64.0,67.0,70.0,74.0,78.0,80.0,82.0,87.0,99.0,inferred
South Derbyshire,2021-09-27,66.5,76.0,82.0,85.0,87.0,92.0,95.0,100.0,104.0,107.0,109.0,117.0,128.0,inferred
South Derbyshire,2021-09-28,63.0,72.0,78.0,81.0,83.0,87.0,90.0,95.0,99.0,101.0,104.0,112.0,125.0,inferred
South Derbyshire,2021-09-29,64.0,72.0,79.0,81.0,84.0,88.0,92.0,96.0,99.0,102.0,104.0,111.1,122.0,inferred
South Derbyshire,2021-09-30,61.0,70.0,77.0,79.0,81.0,84.0,88.0,92.0,96.0,98.0,101.0,108.0,120.0,inferred
South Derbyshire,2021-10-01,55.0,63.0,68.0,71.0,73.0,77.0,80.0,83.0,88.0,90.0,93.0,99.0,110.5,inferred
South Derbyshire,2021-10-02,45.0,53.0,58.0,60.0,62.0,65.0,68.0,71.0,75.0,77.0,79.0,86.0,95.5,inferred
South Derbyshire,2021-10-03,50.0,57.0,63.0,65.0,67.0,70.0,73.0,77.0,81.0,83.0,86.0,92.0,102.0,inferred
South Derbyshire,2021-10-04,68.0,79.0,86.0,88.0,90.0,95.0,99.0,103.0,107.0,110.0,113.0,121.0,133.0,inferred
South Derbyshire,2021-10-05,65.0,74.0,81.0,83.0,85.0,89.0,94.0,99.0,102.0,105.0,107.2,115.0,127.0,inferred
South Derbyshire,2021-10-06,64.0,74.0,79.0,82.0,84.0,88.0,92.0,96.0,101.0,103.0,106.0,114.0,124.0,inferred
South Derbyshire,2021-10-07,61.0,69.0,76.0,79.0,81.0,84.0,87.5,92.0,95.0,98.0,101.0,107.0,121.0,inferred
South Derbyshire,2021-10-08,52.5,61.0,67.0,68.0,70.0,74.6,78.0,81.0,85.0,87.0,90.0,97.0,107.5,inferred
South Derbyshire,2021-10-09,43.0,51.0,55.0,57.0,59.0,62.0,66.0,70.0,73.0,75.0,77.0,84.0,94.0,inferred
South Derbyshire,2021-10-10,46.0,53.0,58.0,60.0,62.0,65.0,69.0,72.0,75.0,78.0,80.0,86.0,96.0,inferred
South Derbyshire,2021-10-11,63.0,74.0,79.0,82.0,84.0,88.0,93.0,97.0,100.3,103.0,106.0,113.0,126.0,inferred
South Derbyshire,2021-10-12,57.0,66.0,72.0,74.0,77.0,81.0,84.0,88.0,92.0,94.0,97.0,104.0,113.5,inferred
South Derbyshire,2021-10-13,55.0,63.0,69.0,72.0,74.0,78.0,81.0,85.0,89.0,91.0,93.2,101.0,111.5,inferred
South Derbyshire,2021-10-14,49.0,58.0,64.0,66.0,68.0,71.0,74.5,78.0,82.0,84.0,87.0,93.0,105.0,inferred
South Derbyshire,2021-10-15,40.0,48.0,54.0,56.0,58.0,61.0,64.5,68.0,71.3,74.0,77.0,84.0,92.0,inferred
South Gloucestershire,2021-07-03,69.0,81.0,89.0,92.0,96.0,101.0,107.0,112.0,119.0,123.0,127.0,140.0,158.5,inferred
South Gloucestershire,2021-07-04,81.5,93.0,102.0,105.0,108.0,114.0,119.0,125.0,131.0,134.0,138.2,150.0,171.5,inferred
South Gloucestershire,2021-07-05,131.0,146.0,156.0,160.8,164.0,171.0,178.0,184.0,192.0,196.2,202.0,216.1,237.5,inferred
South Gloucestershire,2021-07-06,149.0,167.0,178.0,182.0,186.0,192.0,198.0,206.0,214.0,218.0,223.0,235.0,259.0,inferred
South Gloucestershire,2021-07-07,162.0,180.0,190.0,195.0,199.0,206.0,214.0,221.0,227.0,231.0,236.0,251.0,272.0,inferred
South Gloucestershire,2021-07-08,181.5,196.0,207.0,211.0,215.7,224.0,230.0,238.0,245.0,250.0,255.0,269.0,292.0,inferred
South Gloucestershire,2021-07-09,180.0,196.0,209.0,214.0,218.0,225.6,233.0,241.0,248.0,253.0,257.0,270.0,293.0,inferred
South Gloucestershire,2021-07-10,160.5,178.0,190.0,194.0,198.0,206.0,213.0,221.0,229.0,233.2,238.0,250.0,269.0,inferred
South Gloucestershire,2021-07-11,181.0,201.0,216.0,220.8,224.0,232.0,241.0,250.0,259.0,264.0,269.0,283.0,308.5,inferred
South Gloucestershire,2021-07-12,280.5,307.0,324.0,330.0,336.0,348.0,358.0,368.0,380.0,388.0,395.0,414.0,445.0,inferred
South Gloucestershire,2021-07-13,296.0,323.0,342.0,348.0,354.0,365.0,376.0,387.0,400.0,407.0,414.0,432.0,466.0,inferred
South Gloucestershire,2021-07-14,289.0,314.0,330.0,337.0,342.0,353.0,362.0,372.0,383.0,389.0,395.0,415.0,445.5,inferred
South Gloucestershire,2021-07-15,269.0,293.0,309.0,316.0,323.0,332.0,343.0,352.0,363.0,368.0,375.2,392.0,418.0,inferred
South Gloucestershire,2021-07-16,239.0,260.0,275.0,281.0,286.0,294.0,302.0,312.0,321.0,327.0,334.0,350.0,373.5,inferred
South Gloucestershire,2021-07-17,183.5,204.0,219.0,224.0,228.0,236.0,244.0,252.0,261.0,266.0,271.0,286.0,307.0,inferred
South Gloucestershire,2021-07-18,183.0,203.0,215.8,221.0,226.0,235.0,243.0,251.0,260.0,265.0,271.0,287.0,313.5,inferred
South Gloucestershire,2021-07-19,246.0,271.0,285.0,291.0,298.7,308.0,318.0,327.0,338.0,345.0,352.0,368.0,393.0,inferred
South Gloucestershire,2021-07-20,234.0,258.0,274.0,281.0,287.0,297.0,307.0,316.0,327.0,333.0,340.0,356.1,385.5,inferred
South Gloucestershire,2021-07-21,208.0,229.0,243.0,248.0,253.0,261.0,270.0,279.0,289.0,294.0,300.0,315.0,340.5,inferred
South Gloucestershire,2021-07-22,179.5,198.0,211.0,217.0,221.0,230.0,237.0,246.0,255.0,259.0,265.0,278.0,301.5,inferred
South Gloucestershire,2021-07-23,144.5,161.0,173.0,178.0,182.0,188.0,195.0,202.0,211.0,215.0,220.0,234.0,254.0,inferred
South Gloucestershire,2021-07-24,102.0,117.0,126.0,129.0,133.0,139.0,145.0,151.0,157.0,160.0,165.0,177.0,193.0,inferred
South Gloucestershire,2021-07-25,94.0,106.0,116.0,119.0,122.0,128.0,133.0,139.0,145.0,149.0,153.0,163.0,183.5,inferred
South Gloucestershire,2021-07-26,115.0,132.0,143.0,147.0,151.0,157.0,164.0,171.0,178.0,182.0,186.0,201.0,222.0,inferred
South Gloucestershire,2021-07-27,109.0,125.0,135.0,139.0,143.0,150.0,156.0,164.0,171.0,175.0,179.0,191.0,211.5,inferred
South Gloucestershire,2021-07-28,105.0,119.0,129.0,132.0,134.0,140.6,147.0,153.0,160.0,165.0,169.0,181.0,199.0,inferred
South Gloucestershire,2021-07-29,100.0,113.0,123.0,127.0,130.0,136.0,142.0,147.0,153.0,157.0,161.0,172.0,193.5,inferred
South Gloucestershire,2021-07-30,88.5,101.0,109.0,113.0,116.0,122.0,127.0,133.4,140.0,144.0,147.0,158.0,175.0,inferred
South Gloucestershire,2021-07-31,67.5,80.0,88.0,91.0,94.0,99.0,105.0,110.0,115.0,118.0,121.0,131.0,145.0,inferred
South Gloucestershire,2021-08-01,69.0,83.0,90.0,93.0,96.0,100.0,105.0,111.0,117.0,120.0,124.0,133.0,151.0,inferred
South Gloucestershire,2021-08-02,96.0,112.0,121.0,125.0,128.0,136.0,142.0,149.0,155.0,159.0,163.0,175.1,194.5,inferred
South Gloucestershire,2021-08-03,98.0,111.0,121.0,125.0,129.0,136.0,142.0,149.0,156.0,160.0,164.0,176.0,196.0,inferred
South Gloucestershire,2021-08-04,96.0,109.0,119.0,123.0,127.0,134.0,140.0,146.0,152.0,156.0,160.0,172.0,192.5,inferred
South Gloucestershire,2021-08-05,93.0,107.0,117.0,121.0,125.0,131.0,136.0,142.0,150.0,154.0,158.0,169.0,185.0,inferred
South Gloucestershire,2021-08-06,86.0,98.0,108.0,111.0,114.7,120.0,125.0,131.0,137.0,140.0,145.0,155.0,171.5,inferred
South Gloucestershire,2021-08-07,68.0,81.0,88.0,91.0,94.0,99.0,104.0,109.0,115.0,118.0,121.0,130.0,145.0,inferred
South Gloucestershire,2021-08-08,70.0,84.0,93.0,96.0,99.0,104.0,109.0,114.0,121.0,124.0,128.0,137.1,153.0,inferred
South Gloucestershire,2021-08-09,102.0,119.0,129.0,133.0,137.0,145.0,150.0,156.0,164.0,169.0,172.0,186.0,204.0,inferred
South Gloucestershire,2021-08-10,108.0,123.0,133.0,137.0,140.0,147.0,153.0,159.4,167.0,170.0,175.0,188.1,206.5,inferred
South Gloucestershire,2021-08-11,107.0,121.0,132.0,136.0,141.0,146.0,152.0,158.4,166.0,170.0,174.2,187.0,205.0,inferred
South Gloucestershire,2021-08-12,106.0,122.0,131.0,135.0,139.0,145.0,151.0,157.0,164.0,168.0,173.0,185.0,201.0,inferred
South Gloucestershire,2021-08-13,99.0,113.0,122.0,126.0,129.0,136.0,141.0,148.0,155.0,158.0,163.0,174.1,193.5,inferred
South Gloucestershire,2021-08-14,80.0,91.9,100.0,104.0,106.7,113.0,119.0,125.0,131.0,134.0,138.0,149.0,166.0,inferred
South Gloucestershire,2021-08-15,84.5,98.0,107.0,111.0,114.0,119.0,124.0,129.0,136.0,140.0,144.0,155.0,173.5,inferred
South Gloucestershire,2021-08-16,120.0,136.0,147.0,152.0,155.0,163.0,170.0,178.0,187.0,191.0,196.0,210.0,231.5,inferred
South Gloucestershire,2021-08-17,128.5,143.0,153.0,157.0,162.0,169.0,176.0,184.0,193.0,197.0,203.0,217.0,238.0,inferred
South Gloucestershire,2021-08-18,119.0,137.0,149.0,154.0,158.0,165.0,172.0,179.0,187.0,190.0,195.0,208.0,227.0,inferred
South Gloucestershire,2021-08-19,121.5,135.0,145.0,150.0,154.0,161.0,168.0,174.0,181.0,185.0,190.0,202.0,225.0,inferred
South Gloucestershire,2021-08-20,110.5,123.0,132.0,136.0,139.0,146.0,152.0,158.0,165.0,169.0,173.0,186.0,206.0,inferred
South Gloucestershire,2021-08-21,88.0,100.0,108.0,111.0,114.0,120.0,125.0,131.0,137.0,141.0,145.0,154.0,174.0,inferred
South Gloucestershire,2021-08-22,90.0,103.0,111.0,115.0,118.0,123.6,130.0,134.0,140.0,144.0,148.0,160.0,177.5,inferred
South Gloucestershire,2021-08-23,126.0,143.0,153.0,158.0,161.0,168.0,175.0,183.0,190.0,195.0,201.0,215.1,235.5,inferred
South Gloucestershire,2021-08-24,128.0,145.0,156.0,160.0,164.0,172.0,179.0,186.0,194.0,198.2,204.0,218.0,241.0,inferred
South Gloucestershire,2021-08-25,122.0,139.0,151.0,156.0,160.0,166.0,173.0,180.0,189.0,193.0,198.0,211.0,233.0,inferred
South Gloucestershire,2021-08-26,119.5,137.0,147.0,151.0,155.0,162.0,168.0,175.0,182.0,186.0,190.0,204.0,225.0,inferred
South Gloucestershire,2021-08-27,110.5,125.0,134.0,137.0,141.0,147.0,154.0,160.0,166.0,170.0,175.0,188.1,207.0,inferred
South Gloucestershire,2021-08-28,88.0,101.0,109.0,112.0,115.0,122.0,128.0,134.0,139.0,143.0,147.0,157.0,176.0,inferred
South Gloucestershire,2021-08-29,90.0,102.0,111.0,114.0,117.0,123.0,130.0,135.0,142.0,145.0,149.0,160.0,175.0,inferred
South Gloucestershire,2021-08-30,125.5,140.0,152.0,156.0,160.0,168.0,174.0,182.0,190.0,195.0,199.0,213.0,233.0,inferred
South Gloucestershire,2021-08-31,124.0,138.0,149.0,155.0,160.0,166.0,173.0,180.0,188.0,193.0,198.0,212.0,233.5,inferred
South Gloucestershire,2021-09-01,112.0,126.0,137.0,141.0,144.0,151.0,157.0,164.0,171.0,176.0,180.0,193.0,210.5,inferred
South Gloucestershire,2021-09-02,99.0,114.0,123.0,127.0,130.0,136.0,142.0,148.0,155.0,159.0,163.0,174.0,195.0,inferred
South Gloucestershire,2021-09-03,84.0,96.0,104.0,108.0,110.7,116.0,122.0,127.0,133.3,137.0,141.0,151.0,167.0,inferred
South Gloucestershire,2021-09-04,60.0,70.0,77.8,81.0,83.0,88.0,93.0,98.0,104.0,106.2,109.2,118.0,133.0,inferred
South Gloucestershire,2021-09-05,56.0,67.0,74.0,76.0,79.0,84.0,89.0,94.0,98.0,102.0,105.2,115.0,129.0,inferred
South Gloucestershire,2021-09-06,76.0,88.0,95.0,98.0,101.0,107.0,112.0,117.0,123.0,126.0,130.0,141.0,158.0,inferred
South Gloucestershire,2021-09-07,67.5,80.0,87.0,90.0,93.0,99.0,105.0,110.0,116.0,119.0,123.0,134.0,152.0,inferred
South Gloucestershire,2021-09-08,59.0,69.0,77.0,80.0,83.0,87.6,93.0,97.0,103.0,106.0,109.0,118.1,133.0,inferred
South Gloucestershire,2021-09-09,50.5,60.0,67.0,69.0,72.0,76.0,82.0,86.4,91.0,94.0,98.0,107.0,120.5,inferred
South Gloucestershire,2021-09-10,39.5,47.0,53.0,55.0,58.0,62.0,66.0,70.0,75.0,78.0,81.0,89.0,102.5,inferred
South Gloucestershire,2021-09-11,27.5,34.0,39.0,41.0,43.0,46.0,50.0,54.0,57.0,60.0,62.0,68.0,79.0,inferred
South Gloucestershire,2021-09-12,25.0,31.0,36.8,38.0,40.0,43.0,46.0,50.0,54.0,56.0,59.0,66.0,76.0,inferred
South Gloucestershire,2021-09-13,33.0,41.0,46.0,49.0,51.0,54.0,58.0,62.0,66.0,69.0,71.0,79.0,92.0,inferred
South Gloucestershire,2021-09-14,32.5,42.0,47.0,49.0,51.0,55.0,59.0,63.0,68.0,70.0,72.0,81.0,93.0,inferred
South Gloucestershire,2021-09-15,34.0,42.0,48.0,51.0,53.0,57.0,61.0,65.0,70.0,73.0,76.0,83.0,96.0,inferred
South Gloucestershire,2021-09-16,38.0,47.0,53.0,55.0,57.0,61.0,65.0,69.0,74.0,76.0,79.0,86.0,98.0,inferred
South Gloucestershire,2021-09-17,35.0,46.0,52.0,54.0,56.0,60.0,64.0,69.0,74.0,76.0,79.0,86.0,97.0,inferred
South Gloucestershire,2021-09-18,32.0,41.0,47.0,49.0,51.0,55.0,59.0,63.0,67.0,69.0,71.2,79.0,92.0,inferred
South Gloucestershire,2021-09-19,38.0,46.0,52.0,54.0,56.0,61.0,65.0,69.0,73.0,76.0,79.0,87.0,101.0,inferred
South Gloucestershire,2021-09-20,57.5,69.9,78.0,81.0,83.0,88.0,94.0,99.0,105.0,108.0,112.0,121.0,136.0,inferred
South Gloucestershire,2021-09-21,58.5,71.0,80.0,83.0,86.0,92.0,97.0,103.0,108.0,112.0,116.0,125.0,145.0,inferred
South Gloucestershire,2021-09-22,58.0,69.0,76.0,80.0,83.0,87.0,92.0,97.0,103.0,106.0,109.0,118.0,136.0,inferred
South Gloucestershire,2021-09-23,54.5,65.0,72.8,75.0,78.0,83.0,87.0,92.0,96.0,100.0,103.0,113.1,128.5,inferred
South Gloucestershire,2021-09-24,47.0,56.0,62.0,66.0,68.0,73.0,76.0,81.0,86.0,89.0,93.0,102.0,118.5,inferred
South Gloucestershire,2021-09-25,36.0,43.0,49.0,52.0,54.0,57.0,62.0,67.0,71.0,73.0,76.0,83.0,96.0,inferred
South Gloucestershire,2021-09-26,34.5,43.0,48.0,51.0,53.0,57.0,61.0,64.4,69.0,72.0,74.0,83.0,95.0,inferred
South Gloucestershire,2021-09-27,49.0,59.0,66.0,69.0,71.0,76.0,81.0,85.0,90.0,93.0,96.0,105.0,121.0,inferred
South Gloucestershire,2021-09-28,47.0,57.0,64.0,67.0,70.0,74.0,78.0,82.0,88.0,91.2,95.0,104.0,120.0,inferred
South Gloucestershire,2021-09-29,42.0,51.9,58.8,61.0,64.0,68.0,73.0,77.0,82.0,85.0,88.0,96.1,109.5,inferred
South Gloucestershire,2021-09-30,40.0,48.0,54.0,57.0,59.0,63.0,67.0,71.0,76.0,78.0,81.2,90.0,105.0,inferred
South Gloucestershire,2021-10-01,33.0,40.0,46.0,49.0,51.0,55.0,59.0,62.0,66.0,69.0,71.2,78.0,94.0,inferred
South Gloucestershire,2021-10-02,23.0,30.0,35.0,37.0,39.0,43.0,46.0,49.0,53.0,54.0,57.0,63.0,76.5,inferred
South Gloucestershire,2021-10-03,22.0,28.0,33.0,35.0,37.0,40.0,44.0,47.0,51.0,53.0,56.0,63.0,73.0,inferred
South Gloucestershire,2021-10-04,31.0,40.0,45.0,48.0,50.0,55.0,58.0,62.0,66.0,69.0,71.0,78.0,95.0,inferred
South Gloucestershire,2021-10-05,35.0,45.0,51.0,54.0,56.0,60.0,63.0,68.0,72.3,76.0,79.0,86.0,97.0,inferred
South Gloucestershire,2021-10-06,42.0,52.0,59.0,61.0,63.7,67.0,72.0,76.0,80.0,83.0,86.0,95.0,108.0,inferred
South Gloucestershire,2021-10-07,50.0,61.0,69.0,71.0,74.0,78.0,83.0,88.0,93.0,96.0,100.0,109.0,124.0,inferred
South Gloucestershire,2021-10-08,55.0,67.0,75.0,77.0,80.0,85.0,89.0,95.0,99.0,103.0,106.2,116.0,130.0,inferred
South Gloucestershire,2021-10-09,53.0,63.0,72.0,74.8,77.0,82.0,86.0,91.0,96.0,98.0,102.0,111.0,125.0,inferred
South Gloucestershire,2021-10-10,65.5,77.0,85.0,88.0,91.0,98.0,103.5,108.4,114.0,118.0,120.0,131.0,146.5,inferred
South Gloucestershire,2021-10-11,110.0,128.0,139.0,145.0,148.0,155.0,161.0,168.0,176.0,181.0,185.0,199.0,221.0,inferred
South Gloucestershire,2021-10-12,154.0,173.0,185.0,190.0,194.0,202.0,210.0,218.0,229.0,235.0,241.0,254.0,278.5,inferred
South Gloucestershire,2021-10-13,206.0,232.0,246.0,251.0,256.0,266.0,276.0,286.0,296.0,301.0,308.0,328.0,359.0,inferred
South Gloucestershire,2021-10-14,278.0,302.0,322.0,329.0,337.0,349.0,361.0,371.0,384.0,391.0,399.0,419.0,454.5,inferred
South Gloucestershire,2021-10-15,323.5,361.0,384.8,397.0,404.0,421.0,436.0,450.0,467.0,475.0,485.0,511.1,553.0,inferred
South Hams,2021-07-03,2.0,5.0,7.0,9.0,10.0,13.0,16.0,20.0,24.0,26.0,29.0,39.0,52.0,inferred
South Hams,2021-07-04,3.0,7.0,11.0,12.0,13.0,17.0,20.0,24.0,28.0,31.0,33.0,43.0,60.5,inferred
South Hams,2021-07-05,8.0,14.0,19.0,21.0,23.0,27.0,31.0,36.0,41.0,43.2,47.0,57.0,75.0,inferred
South Hams,2021-07-06,9.0,15.0,19.0,22.0,24.0,28.0,32.0,37.0,43.0,46.0,50.0,61.0,82.0,inferred
South Hams,2021-07-07,9.0,15.0,20.0,23.0,25.0,30.0,34.0,38.0,44.0,47.0,50.2,61.0,81.0,inferred
South Hams,2021-07-08,9.0,16.0,22.0,24.0,27.0,31.0,35.0,40.0,45.3,49.0,55.0,64.0,86.0,inferred
South Hams,2021-07-09,9.0,16.0,21.0,22.8,25.0,29.0,34.0,38.0,44.0,47.2,51.0,63.0,84.0,inferred
South Hams,2021-07-10,7.0,12.0,18.0,20.0,22.0,25.0,29.0,33.4,39.0,41.0,45.0,55.1,74.0,inferred
South Hams,2021-07-11,7.5,14.0,19.0,22.0,24.0,28.0,33.0,38.0,43.0,46.0,49.0,60.0,81.0,inferred
South Hams,2021-07-12,15.0,24.0,31.0,34.0,37.0,42.0,47.0,53.0,61.0,64.0,68.0,80.0,102.0,inferred
South Hams,2021-07-13,17.0,26.0,33.0,36.0,38.0,43.0,49.0,55.0,63.0,66.0,70.0,83.0,105.0,inferred
South Hams,2021-07-14,17.0,26.0,32.0,35.8,38.0,43.0,48.0,54.0,61.0,65.0,70.2,85.0,110.0,inferred
South Hams,2021-07-15,15.0,23.9,30.0,32.0,35.0,40.0,45.0,50.0,57.0,61.0,66.0,78.0,97.5,inferred
South Hams,2021-07-16,12.5,20.0,27.0,30.0,32.0,36.0,41.0,45.0,52.0,55.0,60.0,72.0,94.5,inferred
South Hams,2021-07-17,7.0,14.0,19.0,21.0,23.0,28.0,32.0,37.0,43.0,46.0,49.0,60.0,76.0,inferred
South Hams,2021-07-18,7.5,14.0,20.0,22.0,24.0,28.0,33.0,37.0,42.0,45.0,48.0,59.0,80.0,inferred
South Hams,2021-07-19,15.0,22.0,29.0,31.0,34.0,38.0,44.0,49.0,55.0,58.0,63.0,74.0,98.0,inferred
South Hams,2021-07-20,13.0,21.0,28.0,31.0,34.0,38.0,43.0,48.0,54.0,58.0,61.0,72.0,91.5,inferred
South Hams,2021-07-21,11.0,18.0,25.0,27.0,30.0,35.0,40.0,45.0,50.0,53.0,57.0,69.0,90.0,inferred
South Hams,2021-07-22,9.5,17.0,22.0,24.8,27.0,32.0,36.0,42.0,47.0,50.0,54.2,66.1,84.0,inferred
South Hams,2021-07-23,8.0,13.9,18.0,20.0,22.0,26.0,30.0,34.0,39.0,42.0,46.0,57.0,75.5,inferred
South Hams,2021-07-24,4.0,8.0,12.0,13.8,15.0,19.0,23.0,26.0,31.0,34.0,36.0,46.0,63.5,inferred
South Hams,2021-07-25,4.0,8.0,11.0,13.0,15.0,19.0,22.0,25.0,30.0,32.0,35.0,45.0,59.5,inferred
South Hams,2021-07-26,7.0,12.0,16.0,18.0,20.0,25.0,29.0,33.0,38.0,41.0,44.0,53.0,74.0,inferred
South Hams,2021-07-27,7.0,12.0,17.0,19.0,20.0,24.0,29.0,33.0,38.0,41.0,45.0,56.0,75.5,inferred
South Hams,2021-07-28,6.0,12.0,16.0,18.0,21.0,25.0,28.5,33.0,38.0,41.0,45.0,55.1,75.5,inferred
South Hams,2021-07-29,6.0,12.0,16.0,18.0,20.0,24.0,28.0,33.0,37.0,40.2,44.0,54.0,72.0,inferred
South Hams,2021-07-30,5.0,11.0,16.0,17.0,19.0,23.0,27.0,31.0,36.0,39.0,42.0,52.0,70.5,inferred
South Hams,2021-07-31,4.0,7.0,11.0,13.0,14.0,17.6,21.0,25.0,29.0,32.0,35.0,43.0,61.0,inferred
South Hams,2021-08-01,3.5,8.0,12.0,14.0,15.0,18.0,22.0,25.0,30.0,32.0,36.0,45.0,66.0,inferred
South Hams,2021-08-02,8.0,14.0,20.0,22.0,24.0,29.0,33.0,37.0,43.0,46.0,49.0,61.0,83.0,inferred
South Hams,2021-08-03,9.5,15.0,21.0,23.0,24.0,29.0,34.0,39.0,45.0,48.2,52.0,64.0,82.5,inferred
South Hams,2021-08-04,8.0,14.0,20.0,22.0,24.0,29.0,33.0,38.0,43.0,46.0,50.0,61.0,80.5,inferred
South Hams,2021-08-05,7.0,13.0,18.0,20.0,22.0,26.0,31.0,35.0,41.0,44.0,48.0,59.0,79.0,inferred
South Hams,2021-08-06,6.5,12.0,17.0,19.0,21.0,25.0,28.5,33.0,38.0,42.0,45.0,56.0,76.5,inferred
South Hams,2021-08-07,5.0,9.0,12.0,14.0,16.0,19.0,22.0,27.0,32.0,35.0,38.0,47.0,64.5,inferred
South Hams,2021-08-08,4.0,9.0,13.0,15.0,17.0,20.0,24.0,28.0,33.0,36.0,39.0,50.0,70.5,inferred
South Hams,2021-08-09,9.0,14.9,20.0,22.0,24.0,29.0,33.0,37.4,43.0,46.0,50.0,61.1,80.0,inferred
South Hams,2021-08-10,10.0,17.0,23.0,25.8,28.0,32.0,36.0,42.0,47.0,50.0,54.0,67.0,90.0,inferred
South Hams,2021-08-11,13.0,20.0,26.0,28.0,31.0,36.0,40.5,46.0,51.0,55.0,59.0,70.0,91.5,inferred
South Hams,2021-08-12,15.0,22.0,29.0,32.0,35.0,40.0,45.0,50.0,56.0,60.0,65.0,77.0,100.0,inferred
South Hams,2021-08-13,16.0,24.0,31.8,35.0,38.0,43.0,48.0,54.0,60.0,65.0,70.0,82.0,105.0,inferred
South Hams,2021-08-14,15.0,22.0,28.0,31.0,34.0,39.0,44.0,49.0,54.0,58.0,64.0,78.0,98.0,inferred
South Hams,2021-08-15,19.0,27.0,35.0,38.0,41.0,47.0,53.0,58.4,65.0,69.0,74.0,87.0,110.5,inferred
South Hams,2021-08-16,36.0,49.0,58.0,62.8,67.0,74.0,80.5,87.0,95.0,100.0,105.0,122.0,151.0,inferred
South Hams,2021-08-17,37.0,53.0,63.0,68.0,72.0,79.0,86.0,94.0,102.0,108.0,113.0,130.0,157.0,inferred
South Hams,2021-08-18,36.0,49.0,58.0,61.0,65.0,71.0,78.0,85.0,92.0,97.0,103.0,118.0,142.0,inferred
South Hams,2021-08-19,31.0,43.0,51.0,56.0,60.0,65.0,71.0,78.0,87.3,93.0,98.0,110.0,136.0,inferred
South Hams,2021-08-20,26.0,36.0,43.0,46.0,49.0,55.0,62.0,67.0,74.0,78.0,82.2,98.0,120.5,inferred
South Hams,2021-08-21,16.0,24.0,31.0,34.0,37.0,43.0,48.0,53.0,59.0,63.0,67.0,79.0,102.5,inferred
South Hams,2021-08-22,15.0,23.9,30.0,33.0,36.0,41.0,46.0,52.0,58.0,63.0,66.0,78.1,105.0,inferred
South Hams,2021-08-23,23.0,34.0,42.0,45.0,47.7,54.0,60.0,66.0,74.0,78.0,84.0,98.0,124.0,inferred
South Hams,2021-08-24,23.0,33.0,41.0,44.0,47.0,53.0,59.0,66.0,73.0,77.0,82.0,97.0,121.0,inferred
South Hams,2021-08-25,20.5,31.0,38.0,41.0,45.0,50.0,57.0,63.0,70.0,75.0,79.0,90.0,115.0,inferred
South Hams,2021-08-26,18.0,30.0,38.0,41.0,44.0,49.0,54.0,60.0,67.0,71.0,75.0,88.0,107.0,inferred
South Hams,2021-08-27,15.5,25.0,32.0,34.0,37.0,42.0,47.0,52.0,59.0,63.0,68.0,81.0,103.0,inferred
South Hams,2021-08-28,11.0,18.0,24.0,27.0,29.0,34.0,39.0,44.0,49.0,52.0,56.2,68.0,89.5,inferred
South Hams,2021-08-29,11.0,18.0,24.0,26.0,28.0,33.0,37.0,42.0,48.0,51.0,55.0,67.0,84.0,inferred
South Hams,2021-08-30,17.0,27.0,34.0,37.0,40.0,45.0,50.0,57.0,63.0,67.0,71.0,85.0,109.0,inferred
South Hams,2021-08-31,17.0,27.0,34.0,37.0,40.0,45.0,50.0,56.0,63.0,67.0,72.0,86.0,105.0,inferred
South Hams,2021-09-01,16.0,24.0,31.0,34.0,37.0,42.0,47.0,53.0,59.0,63.0,67.0,79.0,99.0,inferred
South Hams,2021-09-02,14.0,23.0,29.0,32.0,35.0,40.0,45.0,50.0,56.0,59.0,63.0,74.0,93.5,inferred
South Hams,2021-09-03,11.0,17.9,24.0,27.0,29.0,34.0,39.0,44.0,50.0,53.0,56.0,69.1,90.5,inferred
South Hams,2021-09-04,8.0,14.0,19.0,21.0,23.0,27.0,31.0,35.0,41.0,44.0,48.0,59.0,79.0,inferred
South Hams,2021-09-05,8.0,14.0,19.0,21.0,23.0,27.0,31.0,35.0,40.3,44.0,47.2,59.0,79.5,inferred
South Hams,2021-09-06,13.0,20.0,26.0,29.0,32.0,37.0,42.0,47.0,53.0,57.0,62.0,74.0,92.0,inferred
South Hams,2021-09-07,12.0,20.0,26.0,29.0,32.0,37.0,42.0,47.0,53.0,56.0,61.0,70.0,93.0,inferred
South Hams,2021-09-08,10.0,17.0,23.0,26.0,28.0,32.0,37.0,43.0,48.0,51.0,55.0,65.0,83.0,inferred
South Hams,2021-09-09,8.0,16.0,22.0,23.0,26.0,30.0,34.0,39.4,45.0,48.0,52.0,62.0,83.5,inferred
South Hams,2021-09-10,6.0,12.0,17.0,19.0,21.0,26.0,30.0,34.0,39.0,42.0,46.0,56.0,76.0,inferred
South Hams,2021-09-11,4.0,8.0,12.0,14.0,16.0,19.0,23.0,27.0,32.0,34.0,37.0,45.0,66.0,inferred
South Hams,2021-09-12,4.0,8.0,11.0,13.0,14.0,17.0,21.0,25.0,30.0,33.0,36.0,43.1,60.0,inferred
South Hams,2021-09-13,7.0,13.0,18.0,20.0,22.0,26.0,30.0,35.0,40.0,43.0,47.0,57.0,78.0,inferred
South Hams,2021-09-14,7.0,12.0,17.0,20.0,22.0,26.0,29.5,34.0,40.0,43.0,47.0,59.0,75.0,inferred
South Hams,2021-09-15,7.0,12.0,19.0,21.0,24.0,28.0,32.0,36.0,41.0,44.0,48.0,58.0,76.0,inferred
South Hams,2021-09-16,9.0,16.0,21.0,23.0,26.0,30.0,34.5,39.0,45.0,48.0,52.0,63.1,86.0,inferred
South Hams,2021-09-17,9.0,16.0,21.0,24.0,26.0,30.0,34.0,38.4,44.0,47.0,51.0,62.0,79.5,inferred
South Hams,2021-09-18,6.5,12.0,17.0,19.0,21.0,25.0,29.0,34.0,39.0,42.0,46.0,56.1,76.0,inferred
South Hams,2021-09-19,7.0,14.0,19.0,21.0,23.0,28.0,32.0,37.0,42.0,46.0,50.0,62.0,79.5,inferred
South Hams,2021-09-20,16.0,25.0,32.0,35.0,37.0,42.0,48.0,53.0,59.0,63.0,67.0,81.0,104.0,inferred
South Hams,2021-09-21,17.0,26.0,33.0,36.0,39.0,44.0,49.0,55.0,61.0,65.0,69.0,80.1,102.0,inferred
South Hams,2021-09-22,14.0,23.0,31.0,33.0,35.0,40.0,45.0,51.0,58.0,62.0,67.0,82.0,105.5,inferred
South Hams,2021-09-23,13.0,21.0,27.0,29.0,31.0,37.0,42.0,47.0,53.0,57.0,61.0,72.0,95.0,inferred
South Hams,2021-09-24,10.0,16.0,22.0,24.0,26.0,31.0,36.0,40.0,47.0,50.0,54.0,67.0,84.0,inferred
South Hams,2021-09-25,6.0,11.0,15.0,17.0,19.0,23.0,27.0,31.0,36.0,39.0,42.0,53.0,72.5,inferred
South Hams,2021-09-26,7.0,11.0,16.0,18.0,20.0,23.0,27.0,32.0,37.0,40.0,43.0,53.0,70.0,inferred
South Hams,2021-09-27,11.0,17.0,22.0,25.0,27.0,31.0,35.0,40.0,47.0,51.0,55.0,66.0,85.0,inferred
South Hams,2021-09-28,10.0,17.0,23.0,25.0,27.0,32.0,36.0,41.0,47.0,50.0,54.0,67.0,87.5,inferred
South Hams,2021-09-29,9.0,16.0,21.0,24.0,26.0,31.0,35.0,40.0,45.0,48.0,53.0,63.0,83.5,inferred
South Hams,2021-09-30,9.0,15.0,20.0,23.0,25.0,30.0,34.0,39.0,44.0,48.0,51.0,62.0,82.0,inferred
South Hams,2021-10-01,7.0,13.9,19.0,21.0,23.0,27.0,31.0,36.0,41.3,45.0,48.0,59.0,79.0,inferred
South Hams,2021-10-02,6.0,11.0,15.0,17.0,18.0,22.0,26.0,30.0,35.0,38.0,41.0,50.0,69.0,inferred
South Hams,2021-10-03,6.0,11.0,16.0,18.0,20.0,23.0,27.0,32.0,37.0,39.0,42.0,52.0,68.0,inferred
South Hams,2021-10-04,11.0,18.0,23.0,25.0,28.0,33.0,37.5,42.0,48.0,51.0,55.0,66.0,84.5,inferred
South Hams,2021-10-05,12.0,19.0,26.0,28.0,30.0,35.0,40.0,44.0,50.0,54.0,59.0,69.0,91.0,inferred
South Hams,2021-10-06,12.0,20.0,26.0,28.0,31.0,35.0,39.0,44.4,50.0,53.2,58.0,70.0,91.0,inferred
South Hams,2021-10-07,13.0,19.0,25.8,28.0,30.0,34.0,39.0,45.0,51.0,54.0,58.0,70.0,94.0,inferred
South Hams,2021-10-08,10.0,17.0,23.0,25.0,28.0,33.0,37.0,42.0,48.0,52.0,55.0,68.0,87.0,inferred
South Hams,2021-10-09,7.0,15.0,20.0,21.8,24.0,28.0,33.0,37.0,43.0,47.0,50.0,60.0,78.0,inferred
South Hams,2021-10-10,10.0,16.0,21.0,23.0,25.0,30.0,34.0,39.0,45.0,48.0,51.2,64.0,84.0,inferred
South Hams,2021-10-11,17.0,27.0,33.0,37.0,39.0,44.0,49.0,55.0,60.0,65.0,69.0,82.0,109.0,inferred
South Hams,2021-10-12,17.0,28.0,35.0,38.0,41.0,46.0,51.0,58.0,65.0,69.0,73.0,86.0,108.0,inferred
South Hams,2021-10-13,18.0,27.9,35.0,37.0,40.0,46.0,53.0,59.0,64.3,68.0,73.0,84.0,106.5,inferred
South Hams,2021-10-14,17.0,26.0,33.0,36.0,40.0,46.0,50.0,57.0,64.0,67.0,73.0,85.1,108.0,inferred
South Hams,2021-10-15,15.5,24.0,31.0,34.0,36.0,41.6,47.0,53.0,60.0,64.0,68.0,81.0,101.0,inferred
South Holland,2021-07-03,1.0,2.0,4.0,4.0,5.0,6.0,7.0,8.0,9.0,10.0,11.0,13.0,17.0,inferred
South Holland,2021-07-04,1.0,3.0,5.0,5.0,6.0,7.0,9.0,10.0,11.0,12.0,13.0,15.0,20.0,inferred
South Holland,2021-07-05,4.5,7.0,9.0,10.0,11.0,12.0,13.0,15.0,16.0,17.0,19.0,22.0,28.0,inferred
South Holland,2021-07-06,5.0,8.0,10.0,11.0,12.0,13.0,15.0,16.0,18.0,19.0,20.0,23.1,30.0,inferred
South Holland,2021-07-07,7.0,9.0,12.0,12.0,13.0,15.0,17.0,18.0,20.0,21.0,23.0,26.1,32.5,inferred
South Holland,2021-07-08,8.0,11.0,14.0,15.0,15.0,17.0,18.0,20.0,22.0,23.0,24.2,28.0,35.0,inferred
South Holland,2021-07-09,8.0,11.0,14.0,15.0,16.0,18.0,19.0,21.0,23.0,24.0,26.0,29.0,34.0,inferred
South Holland,2021-07-10,8.0,11.0,13.0,14.0,15.0,17.0,18.0,20.0,22.0,23.0,25.0,28.0,35.0,inferred
South Holland,2021-07-11,11.0,14.0,17.0,18.0,19.0,21.0,23.0,25.0,27.0,29.0,30.0,34.0,40.0,inferred
South Holland,2021-07-12,18.5,24.0,28.0,29.0,30.7,33.0,36.0,38.0,41.0,43.0,45.0,50.0,57.5,inferred
South Holland,2021-07-13,19.0,25.0,29.0,30.0,32.0,34.0,36.0,39.0,42.0,44.0,45.0,50.0,60.0,inferred
South Holland,2021-07-14,21.0,25.0,30.0,31.0,33.0,35.0,37.0,40.0,43.0,44.0,45.0,50.0,58.5,inferred
South Holland,2021-07-15,20.0,25.0,28.0,30.0,31.0,34.0,36.0,38.0,41.0,42.0,45.0,49.0,59.0,inferred
South Holland,2021-07-16,17.0,21.0,25.0,26.0,27.0,30.0,32.0,35.0,37.0,39.0,40.0,45.0,52.0,inferred
South Holland,2021-07-17,13.0,18.0,21.0,22.0,23.0,25.0,27.0,29.0,32.0,33.0,35.0,39.0,45.0,inferred
South Holland,2021-07-18,15.0,18.0,22.0,23.0,24.0,26.0,28.0,30.0,33.0,34.0,36.0,40.1,49.0,inferred
South Holland,2021-07-19,21.0,26.0,30.0,32.0,33.0,35.0,38.0,40.0,43.0,45.0,46.0,52.0,61.0,inferred
South Holland,2021-07-20,19.0,24.0,27.0,29.0,30.0,32.0,34.0,37.0,40.0,41.0,43.0,49.0,57.0,inferred
South Holland,2021-07-21,18.0,23.0,26.0,27.0,28.0,31.0,33.0,35.0,37.0,39.0,41.0,46.0,54.0,inferred
South Holland,2021-07-22,15.0,20.0,23.0,24.0,25.0,28.0,30.0,32.0,34.0,36.0,37.0,41.0,49.0,inferred
South Holland,2021-07-23,13.0,16.0,19.0,21.0,22.0,24.0,26.0,28.0,30.0,31.0,32.0,36.0,44.0,inferred
South Holland,2021-07-24,9.0,12.0,15.0,16.0,17.0,18.0,20.0,22.0,24.0,25.0,26.0,30.0,35.0,inferred
South Holland,2021-07-25,9.0,12.0,15.0,16.0,16.0,18.0,20.0,22.0,23.0,25.0,26.0,30.0,36.0,inferred
South Holland,2021-07-26,13.0,17.0,20.0,21.0,22.0,24.0,26.0,28.0,31.0,32.0,34.0,38.0,44.0,inferred
South Holland,2021-07-27,11.0,15.0,18.0,19.0,20.0,22.0,24.0,26.0,29.0,30.0,31.0,35.0,42.0,inferred
South Holland,2021-07-28,12.0,16.0,19.0,20.0,21.0,23.0,25.0,27.0,29.0,30.0,32.0,36.0,43.0,inferred
South Holland,2021-07-29,12.0,16.0,19.0,20.0,21.0,23.0,25.0,27.0,30.0,31.0,32.0,36.0,43.0,inferred
South Holland,2021-07-30,11.0,14.0,17.0,18.0,19.0,21.0,23.0,25.0,27.0,28.0,30.0,34.0,40.0,inferred
South Holland,2021-07-31,9.0,12.0,15.0,16.0,17.0,19.0,20.0,22.0,24.0,25.0,26.0,30.0,37.0,inferred
South Holland,2021-08-01,10.0,14.0,16.0,17.0,19.0,20.0,22.0,24.0,26.0,28.0,29.0,33.0,40.5,inferred
South Holland,2021-08-02,16.0,21.0,24.0,26.0,27.0,29.0,31.0,34.0,36.0,37.0,39.0,44.0,51.0,inferred
South Holland,2021-08-03,16.0,20.0,24.0,25.0,26.0,28.0,30.0,33.0,35.0,37.0,38.0,43.0,51.0,inferred
South Holland,2021-08-04,17.0,22.0,25.0,26.0,27.0,30.0,32.0,34.0,37.0,38.0,39.0,44.0,51.5,inferred
South Holland,2021-08-05,16.0,21.0,24.0,25.0,26.0,29.0,31.0,33.0,36.0,37.0,38.0,43.0,50.0,inferred
South Holland,2021-08-06,15.0,19.0,22.0,23.0,24.0,27.0,29.0,31.0,33.0,34.0,36.0,41.0,47.0,inferred
South Holland,2021-08-07,12.0,16.0,19.0,20.0,21.0,23.0,25.0,27.0,30.0,31.0,32.0,35.0,42.0,inferred
South Holland,2021-08-08,13.0,17.0,21.0,22.0,23.0,25.0,27.0,30.0,32.0,33.0,35.0,39.0,46.0,inferred
South Holland,2021-08-09,21.0,26.0,30.0,32.0,33.0,36.0,38.0,40.4,44.0,45.0,47.0,52.0,59.0,inferred
South Holland,2021-08-10,20.0,25.0,28.0,30.0,31.0,34.0,36.0,39.0,41.0,43.0,45.0,50.0,58.0,inferred
South Holland,2021-08-11,20.0,25.0,29.0,30.0,32.0,34.0,37.0,39.0,42.0,43.0,45.0,50.0,58.0,inferred
South Holland,2021-08-12,20.0,24.0,27.0,29.0,30.0,32.0,35.0,37.0,40.0,41.0,43.0,48.0,55.0,inferred
South Holland,2021-08-13,16.0,21.0,24.0,26.0,27.0,29.0,31.5,34.0,36.0,37.0,39.0,44.0,52.0,inferred
South Holland,2021-08-14,13.0,17.0,20.0,22.0,23.0,25.0,27.0,29.0,31.0,32.0,34.0,38.0,45.0,inferred
South Holland,2021-08-15,14.0,19.0,22.0,23.0,24.0,27.0,29.0,31.0,34.0,35.0,37.0,41.0,48.0,inferred
South Holland,2021-08-16,22.0,27.0,31.0,32.0,34.0,36.0,39.0,41.0,44.0,45.0,47.0,53.0,62.0,inferred
South Holland,2021-08-17,21.0,27.0,29.0,31.0,32.0,35.0,37.0,40.0,42.0,44.0,46.0,51.0,60.0,inferred
South Holland,2021-08-18,20.0,26.0,29.0,31.0,32.0,34.0,37.0,39.0,42.0,43.0,45.0,49.0,58.0,inferred
South Holland,2021-08-19,20.0,25.0,28.0,30.0,31.0,34.0,36.0,39.0,41.0,43.0,45.0,49.0,57.0,inferred
South Holland,2021-08-20,17.0,22.0,26.0,27.0,28.0,30.0,33.0,35.0,37.0,39.0,40.0,45.0,53.0,inferred
South Holland,2021-08-21,15.0,19.0,22.0,23.0,24.0,26.0,28.0,31.0,33.0,34.0,36.0,40.0,48.0,inferred
South Holland,2021-08-22,15.0,20.0,23.0,24.0,26.0,28.0,30.0,32.0,35.0,36.0,38.0,43.0,49.0,inferred
South Holland,2021-08-23,24.0,29.0,33.0,35.0,36.0,39.0,41.0,44.0,47.0,49.0,51.0,56.0,63.0,inferred
South Holland,2021-08-24,22.0,27.0,31.0,32.0,33.0,36.0,39.0,42.0,44.0,45.0,47.0,53.0,60.0,inferred
South Holland,2021-08-25,22.0,28.0,31.0,33.0,34.7,37.0,39.0,42.0,45.0,47.0,48.0,52.0,61.0,inferred
South Holland,2021-08-26,21.0,27.0,31.0,32.0,34.0,36.0,39.0,41.0,44.0,45.0,47.0,52.0,61.0,inferred
South Holland,2021-08-27,18.0,23.0,27.0,29.0,30.0,32.0,34.0,37.0,39.0,41.0,42.2,47.0,54.0,inferred
South Holland,2021-08-28,16.0,20.0,23.0,24.0,25.0,28.0,30.0,32.0,34.0,36.0,37.0,42.0,50.0,inferred
South Holland,2021-08-29,17.0,22.0,25.0,26.0,28.0,30.0,32.0,34.0,37.0,38.0,40.0,45.0,52.0,inferred
South Holland,2021-08-30,26.0,31.0,35.0,37.0,38.0,41.0,44.0,47.0,49.0,51.0,53.0,59.0,69.0,inferred
South Holland,2021-08-31,24.0,30.0,35.0,36.0,37.0,40.0,42.0,45.0,48.0,49.0,51.2,57.0,65.0,inferred
South Holland,2021-09-01,26.0,32.0,36.0,37.0,39.0,41.0,44.0,47.0,50.0,52.0,54.0,59.0,68.0,inferred
South Holland,2021-09-02,27.0,32.0,36.0,38.0,39.0,42.0,45.0,47.0,50.0,51.0,54.0,59.0,69.0,inferred
South Holland,2021-09-03,23.0,29.0,33.0,35.0,37.0,40.0,43.0,45.0,48.0,50.0,52.0,56.0,65.0,inferred
South Holland,2021-09-04,20.0,25.0,28.8,30.0,31.0,34.0,36.5,39.0,41.0,43.0,45.0,50.0,59.0,inferred
South Holland,2021-09-05,22.0,28.0,32.0,34.0,35.0,38.0,40.0,43.0,46.0,48.0,50.0,55.0,65.0,inferred
South Holland,2021-09-06,35.0,42.0,46.0,48.0,50.0,53.0,56.0,59.0,63.0,65.0,67.0,73.0,82.0,inferred
South Holland,2021-09-07,33.0,40.0,44.0,46.0,47.0,50.0,53.0,56.0,60.0,62.0,64.0,69.1,79.0,inferred
South Holland,2021-09-08,31.0,39.0,44.0,46.0,47.0,50.0,53.0,56.0,59.0,61.0,62.0,68.0,78.0,inferred
South Holland,2021-09-09,30.0,37.0,41.0,43.0,44.0,47.0,50.0,53.0,56.0,58.0,60.0,65.0,74.0,inferred
South Holland,2021-09-10,26.0,32.0,36.0,38.0,39.7,42.0,45.0,47.0,50.0,52.0,54.0,59.0,67.0,inferred
South Holland,2021-09-11,21.0,26.0,30.0,31.0,33.0,35.0,37.0,40.0,42.0,44.0,46.0,50.0,58.0,inferred
South Holland,2021-09-12,22.0,27.0,31.0,33.0,34.0,37.0,39.0,41.0,44.0,46.0,48.0,53.0,60.5,inferred
South Holland,2021-09-13,33.0,39.0,43.0,45.0,47.0,50.0,53.0,55.0,58.0,60.0,62.0,69.0,78.0,inferred
South Holland,2021-09-14,31.0,36.0,41.0,43.0,44.7,47.0,50.0,53.0,56.0,58.0,60.0,66.0,77.0,inferred
South Holland,2021-09-15,32.5,39.0,43.0,45.0,47.0,49.0,52.0,55.0,58.0,60.0,62.0,68.0,77.0,inferred
South Holland,2021-09-16,33.0,40.0,44.0,46.0,47.0,50.6,53.0,56.0,60.0,61.0,64.0,69.0,80.0,inferred
South Holland,2021-09-17,31.0,36.0,41.0,43.0,45.0,48.0,51.0,53.0,56.0,58.0,60.0,65.0,76.0,inferred
South Holland,2021-09-18,27.0,32.0,36.0,38.0,39.0,42.0,44.0,47.0,50.0,52.0,54.0,59.0,69.0,inferred
South Holland,2021-09-19,29.0,35.0,40.0,42.0,43.0,46.0,49.0,52.0,55.0,57.0,59.0,64.0,74.0,inferred
South Holland,2021-09-20,46.0,53.0,58.0,60.0,62.0,66.0,69.0,73.0,77.0,79.0,82.0,88.1,100.0,inferred
South Holland,2021-09-21,43.0,51.0,56.0,58.8,60.0,64.0,67.0,71.0,74.0,76.0,79.0,84.1,96.5,inferred
South Holland,2021-09-22,43.0,51.0,56.0,59.0,60.7,64.0,67.0,70.0,73.0,76.0,78.0,85.0,94.0,inferred
South Holland,2021-09-23,41.0,49.0,53.0,55.0,57.0,61.0,64.0,68.0,71.0,73.0,75.0,81.0,92.0,inferred
South Holland,2021-09-24,38.0,44.0,48.0,50.0,51.0,54.0,57.0,60.0,64.0,65.0,68.0,73.0,84.5,inferred
South Holland,2021-09-25,30.0,36.0,40.0,41.0,43.0,46.0,49.0,52.0,54.0,56.0,58.0,63.0,72.0,inferred
South Holland,2021-09-26,32.0,38.0,43.0,44.0,46.0,49.0,52.0,55.0,58.0,60.0,62.0,68.0,77.0,inferred
South Holland,2021-09-27,45.0,54.0,60.0,62.0,64.0,67.0,71.0,74.0,77.0,79.0,81.0,89.0,98.0,inferred
South Holland,2021-09-28,42.0,49.0,55.0,56.8,59.0,62.0,65.0,69.0,72.0,75.0,77.0,84.0,96.0,inferred
South Holland,2021-09-29,42.0,48.0,54.0,55.0,57.0,60.0,64.0,67.0,70.0,72.0,75.0,80.0,89.0,inferred
South Holland,2021-09-30,40.0,46.0,51.0,52.0,54.0,58.0,61.0,64.0,67.0,69.0,72.0,78.0,89.0,inferred
South Holland,2021-10-01,33.0,40.0,45.0,47.0,48.0,51.0,54.0,57.0,60.0,61.0,63.0,69.0,79.0,inferred
South Holland,2021-10-02,26.0,32.0,36.0,38.0,39.7,42.0,44.0,47.0,50.0,52.0,54.0,58.0,67.0,inferred
South Holland,2021-10-03,28.0,34.0,38.0,40.0,41.0,44.0,46.5,49.0,52.0,54.0,56.0,62.0,71.0,inferred
South Holland,2021-10-04,38.0,47.0,52.0,54.0,56.0,59.0,63.0,66.0,69.3,72.0,74.0,81.0,92.0,inferred
South Holland,2021-10-05,37.5,44.0,50.0,52.0,53.0,56.0,59.0,62.0,65.0,67.0,69.0,75.0,85.0,inferred
South Holland,2021-10-06,37.0,44.0,50.0,51.0,53.0,56.0,59.0,63.0,66.0,68.0,71.0,76.1,85.0,inferred
South Holland,2021-10-07,35.0,42.0,47.0,49.0,51.0,54.0,58.0,62.0,65.0,67.0,69.0,75.0,85.0,inferred
South Holland,2021-10-08,32.0,39.0,43.0,45.0,47.0,50.0,52.0,56.0,59.0,61.0,62.0,68.0,78.0,inferred
South Holland,2021-10-09,27.0,33.0,37.0,38.0,40.0,42.0,46.0,48.0,51.0,53.0,55.0,60.0,69.0,inferred
South Holland,2021-10-10,29.0,35.0,40.0,42.0,43.0,46.0,48.0,51.0,54.0,56.0,58.0,63.0,74.0,inferred
South Holland,2021-10-11,44.0,51.0,55.0,58.0,60.0,63.0,66.0,70.0,74.0,76.0,78.0,84.0,94.0,inferred
South Holland,2021-10-12,40.0,47.0,52.0,54.0,56.0,59.0,62.0,66.0,69.0,71.0,74.0,80.0,90.0,inferred
South Holland,2021-10-13,39.0,46.0,51.0,53.0,55.0,58.0,61.0,64.0,68.0,69.2,72.0,78.0,88.0,inferred
South Holland,2021-10-14,35.0,43.0,48.0,50.0,52.0,56.0,59.0,62.0,66.0,68.0,70.0,76.0,86.0,inferred
South Holland,2021-10-15,32.0,37.9,42.0,44.0,45.0,49.0,52.0,55.0,59.0,61.0,63.0,69.0,80.5,inferred
South Kesteven,2021-07-03,9.0,13.0,16.0,17.0,18.0,20.0,22.0,25.0,27.0,29.0,31.0,35.1,43.0,inferred
South Kesteven,2021-07-04,12.0,16.0,19.0,21.0,22.0,24.0,26.0,29.0,31.0,33.0,35.0,40.0,48.0,inferred
South Kesteven,2021-07-05,22.0,27.0,31.0,32.0,34.0,36.0,39.0,42.0,45.0,47.0,49.0,55.0,64.0,inferred
South Kesteven,2021-07-06,21.0,27.0,31.0,33.0,34.0,37.0,40.0,42.0,46.0,47.0,49.0,55.0,64.0,inferred
South Kesteven,2021-07-07,25.0,30.0,34.0,36.0,38.0,40.0,43.0,46.0,49.0,51.0,53.0,59.0,67.0,inferred
South Kesteven,2021-07-08,25.0,32.0,36.0,38.0,39.0,42.0,45.0,48.0,51.0,53.0,55.0,61.0,72.0,inferred
South Kesteven,2021-07-09,26.0,31.0,36.0,37.0,39.0,42.0,45.0,48.0,51.0,53.0,55.0,62.0,70.5,inferred
South Kesteven,2021-07-10,23.0,28.0,32.0,34.0,35.0,38.0,41.0,44.0,47.0,49.0,51.0,57.0,66.0,inferred
South Kesteven,2021-07-11,27.0,33.0,38.0,40.0,41.0,45.0,47.5,51.0,54.0,56.0,58.0,64.0,74.0,inferred
South Kesteven,2021-07-12,44.0,53.0,58.0,60.0,63.0,66.0,70.0,74.0,78.0,80.0,83.0,90.0,102.0,inferred
South Kesteven,2021-07-13,44.0,51.0,58.0,60.0,62.0,66.0,70.0,73.0,78.0,80.0,83.0,90.0,102.0,inferred
South Kesteven,2021-07-14,41.0,50.0,56.0,59.0,61.0,65.0,69.0,73.0,76.0,78.0,81.0,88.0,101.0,inferred
South Kesteven,2021-07-15,40.0,48.0,54.0,56.0,58.0,62.0,66.0,69.0,73.0,75.0,78.0,84.0,94.5,inferred
South Kesteven,2021-07-16,34.0,41.0,46.0,48.0,50.0,54.0,57.0,60.0,64.0,67.0,69.0,76.0,86.0,inferred
South Kesteven,2021-07-17,26.0,33.0,37.0,39.0,41.0,44.0,47.0,50.0,54.0,56.0,58.0,65.0,72.0,inferred
South Kesteven,2021-07-18,28.0,33.0,38.0,41.0,42.0,46.0,48.0,52.0,55.0,57.0,60.0,66.0,77.0,inferred
South Kesteven,2021-07-19,39.0,48.0,53.0,55.0,57.0,60.0,64.0,67.0,71.0,74.0,76.0,82.0,94.0,inferred
South Kesteven,2021-07-20,33.0,42.0,47.0,49.0,51.0,55.0,58.0,61.0,65.0,68.0,70.0,76.0,87.0,inferred
South Kesteven,2021-07-21,34.0,41.0,46.0,48.0,49.0,53.0,56.0,59.0,63.0,65.0,67.0,74.0,84.0,inferred
South Kesteven,2021-07-22,31.0,38.0,42.8,44.0,46.0,49.0,53.0,56.0,59.0,61.0,64.0,70.1,81.0,inferred
South Kesteven,2021-07-23,26.0,32.0,36.0,38.0,40.0,43.0,45.0,48.0,52.0,54.0,57.0,62.1,74.0,inferred
South Kesteven,2021-07-24,20.0,25.0,29.0,31.0,32.0,35.0,38.0,41.0,44.0,45.0,47.0,53.0,62.0,inferred
South Kesteven,2021-07-25,20.0,26.9,31.0,32.0,34.0,37.0,39.0,42.0,45.0,47.0,49.0,55.0,65.0,inferred
South Kesteven,2021-07-26,31.0,37.0,42.0,44.0,45.7,49.0,52.0,55.0,59.0,61.0,64.0,71.0,79.0,inferred
South Kesteven,2021-07-27,28.5,35.0,40.0,42.0,44.0,47.0,50.0,53.0,56.0,58.0,61.0,67.0,77.0,inferred
South Kesteven,2021-07-28,29.0,36.0,42.0,44.0,46.0,49.0,52.0,55.0,59.0,61.0,64.0,70.0,81.5,inferred
South Kesteven,2021-07-29,30.0,37.0,42.0,44.0,46.0,49.0,52.0,55.0,59.0,61.0,63.0,70.0,81.0,inferred
South Kesteven,2021-07-30,29.0,35.0,39.0,41.0,43.0,46.0,49.0,52.0,56.0,58.0,60.0,67.0,77.0,inferred
South Kesteven,2021-07-31,25.0,30.0,34.0,35.0,37.0,40.0,43.0,46.0,49.0,51.0,53.0,59.0,68.0,inferred
South Kesteven,2021-08-01,28.0,34.0,39.0,40.0,42.0,45.0,48.0,51.0,54.0,56.0,58.0,65.0,76.0,inferred
South Kesteven,2021-08-02,42.0,49.0,55.0,57.0,60.0,63.0,67.0,70.0,75.0,77.0,80.0,87.0,102.0,inferred
South Kesteven,2021-08-03,40.0,49.0,54.0,56.0,58.0,62.0,65.0,68.0,72.0,74.0,76.0,84.0,96.0,inferred
South Kesteven,2021-08-04,40.0,48.0,54.0,57.0,59.0,63.0,66.5,70.0,74.0,76.0,79.0,86.0,98.0,inferred
South Kesteven,2021-08-05,40.0,49.0,55.0,57.0,59.0,62.0,65.0,69.0,73.0,75.0,78.0,86.0,98.5,inferred
South Kesteven,2021-08-06,35.0,44.0,49.0,51.0,53.0,56.0,60.0,64.0,67.0,69.0,72.0,78.0,88.0,inferred
South Kesteven,2021-08-07,30.0,37.0,41.0,43.0,45.0,49.0,52.0,55.0,60.0,62.0,64.0,70.0,80.0,inferred
South Kesteven,2021-08-08,34.0,41.0,46.0,48.0,50.0,53.0,57.0,60.0,64.0,66.0,69.0,75.0,85.0,inferred
South Kesteven,2021-08-09,49.0,59.0,65.0,67.0,69.0,73.0,77.0,81.0,85.0,88.0,91.0,99.0,111.0,inferred
South Kesteven,2021-08-10,48.0,55.0,62.0,64.0,67.0,71.0,74.0,78.0,83.0,86.0,89.0,97.0,109.0,inferred
South Kesteven,2021-08-11,48.0,56.0,63.0,65.0,67.0,71.0,75.0,79.0,83.0,86.0,89.0,97.0,110.0,inferred
South Kesteven,2021-08-12,48.0,57.0,62.0,64.0,66.0,71.0,74.0,78.0,82.0,84.0,87.0,94.0,107.5,inferred
South Kesteven,2021-08-13,42.0,51.0,56.0,59.0,61.0,64.0,67.0,71.0,75.0,78.0,80.0,88.0,99.0,inferred
South Kesteven,2021-08-14,34.5,43.0,48.0,50.0,52.0,55.0,58.0,62.0,66.0,68.0,70.2,77.0,87.0,inferred
South Kesteven,2021-08-15,37.5,46.0,51.0,53.0,55.0,59.0,62.0,65.0,69.0,71.0,73.0,79.0,93.0,inferred
South Kesteven,2021-08-16,57.0,66.0,72.0,75.0,77.0,82.0,86.0,90.0,95.0,98.0,101.0,111.0,125.5,inferred
South Kesteven,2021-08-17,53.0,63.0,69.0,72.0,74.0,78.0,82.0,86.0,90.0,93.0,95.0,103.0,119.0,inferred
South Kesteven,2021-08-18,52.0,62.0,68.0,71.0,74.0,78.0,82.0,86.0,90.3,93.0,96.0,104.0,116.0,inferred
South Kesteven,2021-08-19,51.0,59.0,65.0,67.0,70.0,74.0,77.0,81.0,86.0,88.0,91.0,98.0,111.0,inferred
South Kesteven,2021-08-20,43.0,52.0,58.0,60.0,62.0,65.0,69.0,74.0,78.0,80.0,83.0,90.0,101.0,inferred
South Kesteven,2021-08-21,35.0,42.0,49.0,50.0,52.0,56.0,59.0,63.0,67.0,69.0,71.0,77.0,89.0,inferred
South Kesteven,2021-08-22,38.0,46.0,51.0,54.0,55.0,59.0,62.0,65.0,69.0,72.0,74.0,81.1,93.0,inferred
South Kesteven,2021-08-23,57.0,64.0,71.0,73.0,75.0,80.0,84.0,88.0,93.0,96.0,99.0,108.0,121.0,inferred
South Kesteven,2021-08-24,51.0,60.0,66.0,69.0,71.0,75.0,79.0,83.0,87.0,90.0,93.0,100.0,112.0,inferred
South Kesteven,2021-08-25,49.0,58.0,65.0,67.0,69.0,73.6,77.0,81.0,85.0,88.0,91.0,99.0,111.0,inferred
South Kesteven,2021-08-26,48.0,56.0,62.0,64.0,66.0,70.0,74.0,78.0,82.0,84.0,87.0,95.0,107.0,inferred
South Kesteven,2021-08-27,40.0,48.0,53.0,55.0,57.0,61.0,65.0,68.0,72.0,75.0,78.0,85.0,96.0,inferred
South Kesteven,2021-08-28,33.0,39.0,45.0,47.0,48.7,51.0,55.0,58.0,62.0,64.0,66.0,73.1,84.0,inferred
South Kesteven,2021-08-29,33.5,41.0,47.0,49.0,51.0,54.0,57.0,61.0,64.0,67.0,69.0,76.0,87.5,inferred
South Kesteven,2021-08-30,47.0,59.0,65.0,68.0,70.0,74.0,78.0,81.0,85.0,88.0,91.0,98.0,109.0,inferred
South Kesteven,2021-08-31,46.0,54.0,60.0,62.0,64.0,68.0,72.0,76.0,80.0,83.0,86.0,94.0,106.0,inferred
South Kesteven,2021-09-01,44.0,52.0,58.0,61.0,63.0,66.0,70.0,73.0,77.0,80.0,83.0,90.0,103.0,inferred
South Kesteven,2021-09-02,41.0,49.0,54.0,56.0,58.0,62.0,66.0,69.0,73.0,76.0,78.0,86.0,96.5,inferred
South Kesteven,2021-09-03,35.0,42.0,47.0,49.0,50.0,54.0,57.0,60.0,64.0,66.0,68.0,75.0,86.5,inferred
South Kesteven,2021-09-04,27.0,33.0,38.0,39.8,41.0,44.0,47.0,50.0,53.0,55.0,57.0,64.0,74.0,inferred
South Kesteven,2021-09-05,28.0,35.0,39.0,41.0,42.0,46.0,49.0,51.0,54.0,56.0,58.0,65.0,76.0,inferred
South Kesteven,2021-09-06,38.0,47.0,52.0,54.0,56.0,60.0,63.0,67.0,71.0,73.0,75.0,82.0,95.5,inferred
South Kesteven,2021-09-07,35.0,42.0,47.0,49.0,51.0,54.0,57.0,61.0,65.0,66.0,69.0,76.0,87.5,inferred
South Kesteven,2021-09-08,31.0,39.0,44.0,47.0,48.0,52.0,55.0,58.4,62.0,64.0,67.0,74.0,85.5,inferred
South Kesteven,2021-09-09,29.0,35.0,40.0,42.0,44.0,47.0,50.0,53.0,57.0,59.0,62.0,67.1,80.0,inferred
South Kesteven,2021-09-10,23.0,30.0,34.0,36.0,37.0,40.0,43.0,46.0,50.0,52.0,54.0,60.0,69.5,inferred
South Kesteven,2021-09-11,17.5,23.0,27.0,28.0,30.0,32.6,35.0,38.0,41.0,43.0,45.0,50.0,58.0,inferred
South Kesteven,2021-09-12,19.0,24.0,28.0,30.0,32.0,34.0,37.0,39.0,42.0,44.0,47.0,52.0,61.0,inferred
South Kesteven,2021-09-13,27.0,33.0,37.0,39.0,41.0,44.0,47.0,50.0,54.0,56.0,58.0,64.0,75.0,inferred
South Kesteven,2021-09-14,27.0,33.0,37.0,39.0,40.0,43.0,46.0,49.0,53.0,55.0,57.0,64.0,74.0,inferred
South Kesteven,2021-09-15,29.0,35.0,41.0,43.0,44.0,48.0,51.0,54.0,57.0,58.0,61.0,67.0,78.0,inferred
South Kesteven,2021-09-16,33.0,39.0,44.0,46.0,48.0,51.0,54.0,59.0,62.0,64.0,67.0,74.0,84.0,inferred
South Kesteven,2021-09-17,31.0,39.0,44.0,46.0,47.0,51.0,54.0,57.0,61.0,63.0,65.0,72.0,83.0,inferred
South Kesteven,2021-09-18,30.0,36.0,41.0,42.0,44.0,47.0,51.0,54.0,57.0,59.0,61.0,68.0,77.0,inferred
South Kesteven,2021-09-19,36.0,43.0,48.0,51.0,52.0,56.0,59.0,62.0,66.0,69.0,71.0,78.0,88.0,inferred
South Kesteven,2021-09-20,57.0,67.0,74.0,76.0,78.0,82.0,87.0,91.0,96.0,98.0,102.0,111.0,123.0,inferred
South Kesteven,2021-09-21,55.0,65.0,72.0,74.0,77.0,82.0,86.0,90.0,94.0,97.0,100.0,109.0,123.0,inferred
South Kesteven,2021-09-22,58.5,69.0,74.0,77.0,80.0,84.0,88.0,93.0,98.0,100.0,104.0,111.0,125.0,inferred
South Kesteven,2021-09-23,59.0,67.0,74.0,77.0,79.0,83.0,87.0,92.0,96.0,99.0,102.0,110.0,124.0,inferred
South Kesteven,2021-09-24,54.0,62.0,68.0,71.0,74.0,78.0,81.0,86.0,90.0,93.0,96.0,102.0,114.0,inferred
South Kesteven,2021-09-25,45.5,54.0,59.0,62.0,64.0,67.0,71.0,75.0,79.0,82.0,85.0,92.0,104.0,inferred
South Kesteven,2021-09-26,50.0,59.0,65.0,67.0,70.0,73.0,77.5,82.0,86.0,88.0,91.0,99.0,112.5,inferred
South Kesteven,2021-09-27,72.0,84.0,92.0,95.0,97.0,102.0,107.0,111.0,116.0,119.0,122.0,131.0,145.0,inferred
South Kesteven,2021-09-28,70.0,80.0,88.0,91.0,93.0,98.0,103.0,108.0,113.0,116.0,119.0,128.0,141.0,inferred
South Kesteven,2021-09-29,70.0,80.0,87.0,90.0,92.0,97.0,102.0,108.0,113.3,116.0,120.0,128.0,142.0,inferred
South Kesteven,2021-09-30,69.0,79.0,87.0,89.0,92.0,97.0,101.0,106.0,111.0,114.0,117.0,125.1,140.0,inferred
South Kesteven,2021-10-01,61.0,71.0,78.0,80.0,82.0,86.0,90.0,94.0,99.0,102.0,105.0,113.0,125.5,inferred
South Kesteven,2021-10-02,51.0,60.0,65.0,68.0,70.0,74.0,78.0,82.0,87.0,89.0,92.0,100.0,112.5,inferred
South Kesteven,2021-10-03,56.0,65.0,72.0,74.0,76.0,80.0,84.0,88.0,92.0,95.0,98.0,106.0,120.0,inferred
South Kesteven,2021-10-04,81.0,91.0,98.8,102.0,104.0,110.0,115.0,119.0,124.0,127.0,131.0,141.0,157.0,inferred
South Kesteven,2021-10-05,77.0,88.0,96.0,100.0,102.0,107.0,112.0,118.0,123.0,126.0,130.0,138.0,151.5,inferred
South Kesteven,2021-10-06,82.0,93.0,100.8,104.0,107.0,113.0,117.0,122.0,127.0,131.0,134.0,142.0,159.0,inferred
South Kesteven,2021-10-07,84.0,95.9,104.0,107.0,109.0,114.0,118.0,124.0,129.0,132.0,135.0,145.0,163.0,inferred
South Kesteven,2021-10-08,79.5,90.0,98.0,101.0,103.0,108.0,113.0,118.0,123.0,125.0,128.0,137.0,154.0,inferred
South Kesteven,2021-10-09,68.0,80.0,87.0,90.0,93.0,97.0,102.0,106.0,112.0,114.0,117.0,125.0,138.5,inferred
South Kesteven,2021-10-10,80.0,90.0,96.0,99.0,102.0,107.0,112.0,116.4,122.0,125.0,128.2,138.0,154.0,inferred
South Kesteven,2021-10-11,118.0,129.0,140.0,143.0,147.0,152.0,158.0,165.0,171.3,175.0,179.0,190.0,207.0,inferred
South Kesteven,2021-10-12,111.0,124.0,133.0,137.0,140.0,146.0,151.0,157.0,163.0,167.0,171.0,182.0,200.5,inferred
South Kesteven,2021-10-13,113.0,127.0,136.0,140.0,143.0,148.0,154.0,159.0,165.0,169.0,173.0,182.1,201.0,inferred
South Kesteven,2021-10-14,108.5,120.0,128.0,132.0,135.0,142.0,148.0,154.0,160.0,163.0,168.0,178.0,196.0,inferred
South Kesteven,2021-10-15,92.0,103.0,113.0,117.0,120.0,126.0,131.0,137.0,143.0,146.0,150.0,160.0,180.0,inferred
South Lakeland,2021-07-03,11.0,15.0,19.0,21.0,22.0,25.0,28.0,31.0,33.0,35.0,38.0,44.0,56.0,inferred
South Lakeland,2021-07-04,12.0,18.0,22.0,23.0,25.0,28.0,31.0,34.0,38.0,40.0,42.0,49.0,60.5,inferred
South Lakeland,2021-07-05,21.0,28.0,33.0,35.0,36.0,41.0,44.0,48.0,52.0,54.0,57.0,65.0,78.0,inferred
South Lakeland,2021-07-06,21.0,29.0,35.0,37.0,38.0,42.0,46.0,49.4,54.0,56.0,58.0,66.0,77.5,inferred
South Lakeland,2021-07-07,24.0,31.0,37.0,40.0,42.0,46.0,49.0,54.0,58.0,61.0,64.0,72.0,85.0,inferred
South Lakeland,2021-07-08,26.0,34.0,39.0,41.0,43.0,47.0,51.0,55.0,60.0,63.0,66.0,74.0,87.0,inferred
South Lakeland,2021-07-09,25.0,34.0,40.0,42.0,44.0,48.0,52.0,56.0,60.0,63.0,66.0,74.1,91.0,inferred
South Lakeland,2021-07-10,24.0,30.0,36.0,38.8,40.0,44.0,47.0,51.0,55.0,57.0,60.0,67.0,82.0,inferred
South Lakeland,2021-07-11,27.0,36.0,42.0,44.0,46.7,51.0,54.0,59.0,64.0,66.0,69.0,77.0,89.5,inferred
South Lakeland,2021-07-12,49.0,59.0,66.0,70.0,72.0,78.0,83.0,88.0,93.0,97.0,101.0,111.1,129.0,inferred
South Lakeland,2021-07-13,46.0,57.0,64.0,67.0,69.0,75.0,79.0,84.0,90.0,94.0,97.0,108.0,122.0,inferred
South Lakeland,2021-07-14,43.0,55.0,63.0,66.0,68.0,73.0,78.0,83.0,88.0,91.0,93.0,103.0,116.5,inferred
South Lakeland,2021-07-15,40.0,49.9,57.0,60.0,62.0,66.0,71.0,75.0,81.0,84.0,87.0,96.0,111.0,inferred
South Lakeland,2021-07-16,33.0,42.9,49.0,52.0,54.0,58.0,62.0,67.0,72.0,75.0,78.0,87.0,102.5,inferred
South Lakeland,2021-07-17,25.0,32.0,38.0,40.0,42.0,46.0,50.0,54.0,59.0,61.0,64.0,72.0,85.0,inferred
South Lakeland,2021-07-18,26.0,32.0,39.0,41.0,43.0,47.0,51.0,55.0,60.0,63.0,66.0,75.0,91.0,inferred
South Lakeland,2021-07-19,36.0,46.0,53.0,56.0,58.0,63.0,67.0,72.0,77.0,80.0,84.0,93.0,106.0,inferred
South Lakeland,2021-07-20,30.0,38.0,44.0,46.0,49.0,53.0,58.0,62.0,67.0,70.0,73.0,81.1,95.0,inferred
South Lakeland,2021-07-21,27.0,35.0,40.0,43.0,45.0,49.0,53.0,57.0,62.0,64.2,67.0,76.0,88.0,inferred
South Lakeland,2021-07-22,21.0,28.0,33.8,36.0,37.7,41.0,44.0,48.0,52.0,55.0,57.0,65.0,77.5,inferred
South Lakeland,2021-07-23,16.0,22.0,26.0,28.0,30.0,33.0,36.0,40.0,43.3,46.0,48.0,56.0,69.0,inferred
South Lakeland,2021-07-24,10.0,15.0,18.0,20.0,21.0,24.0,28.0,30.0,34.0,36.0,38.0,44.0,57.0,inferred
South Lakeland,2021-07-25,9.0,14.0,18.0,20.0,21.0,24.0,26.0,29.0,33.0,34.0,37.0,43.0,53.0,inferred
South Lakeland,2021-07-26,13.5,20.0,24.0,25.0,27.0,30.0,33.0,36.0,40.0,42.0,44.0,52.0,64.0,inferred
South Lakeland,2021-07-27,11.0,16.0,20.0,22.0,24.0,26.0,29.0,32.0,35.0,38.0,40.0,48.0,60.0,inferred
South Lakeland,2021-07-28,11.0,16.0,20.0,21.0,22.0,25.0,28.0,31.0,34.0,36.0,39.0,45.0,55.0,inferred
South Lakeland,2021-07-29,10.0,14.0,18.0,20.0,22.0,24.0,27.0,30.0,33.0,35.0,37.0,42.0,53.0,inferred
South Lakeland,2021-07-30,8.0,12.0,15.0,17.0,18.0,21.0,24.0,26.0,30.0,32.0,33.0,39.0,49.5,inferred
South Lakeland,2021-07-31,5.0,9.0,12.0,13.0,14.7,17.0,19.0,22.0,24.0,26.0,28.0,33.0,42.0,inferred
South Lakeland,2021-08-01,6.0,10.0,13.0,14.0,15.0,18.0,20.0,23.0,26.0,28.0,30.0,36.0,46.5,inferred
South Lakeland,2021-08-02,11.0,16.0,19.0,21.0,22.0,25.0,28.0,31.0,34.0,37.0,39.0,44.0,56.5,inferred
South Lakeland,2021-08-03,9.0,14.0,18.0,19.0,21.0,24.0,26.5,29.0,33.0,34.0,37.0,43.0,55.0,inferred
South Lakeland,2021-08-04,10.0,15.0,18.0,20.0,22.0,24.0,27.0,30.0,33.0,35.0,37.0,43.1,56.0,inferred
South Lakeland,2021-08-05,9.0,14.9,18.0,20.0,21.0,23.0,26.0,29.0,33.0,34.0,36.0,42.0,55.0,inferred
South Lakeland,2021-08-06,10.0,14.0,17.0,18.0,20.0,23.0,25.0,28.0,31.0,33.0,35.0,41.0,50.5,inferred
South Lakeland,2021-08-07,5.0,10.0,14.0,15.0,17.0,19.0,22.0,24.0,27.0,29.0,32.0,37.0,47.0,inferred
South Lakeland,2021-08-08,8.0,13.0,16.0,17.0,18.0,21.0,24.0,26.0,29.0,32.0,33.0,38.0,49.0,inferred
South Lakeland,2021-08-09,14.0,20.0,24.0,26.0,27.0,31.0,34.0,37.0,40.0,43.0,45.0,53.0,65.5,inferred
South Lakeland,2021-08-10,14.0,19.0,23.0,25.0,27.0,29.0,32.0,36.0,39.0,42.0,44.0,51.0,61.0,inferred
South Lakeland,2021-08-11,13.0,19.0,23.8,25.0,27.0,30.0,33.0,37.0,40.0,42.0,45.0,52.0,63.5,inferred
South Lakeland,2021-08-12,12.0,18.0,23.0,24.8,26.0,29.0,32.0,35.0,38.0,41.0,43.0,50.0,63.0,inferred
South Lakeland,2021-08-13,11.0,17.0,20.0,22.0,23.0,26.0,29.0,32.0,36.0,37.0,39.0,46.0,56.0,inferred
South Lakeland,2021-08-14,9.0,13.0,17.0,18.0,20.0,22.6,25.0,28.0,32.0,34.0,36.0,43.0,53.0,inferred
South Lakeland,2021-08-15,10.0,14.0,18.0,19.0,21.0,23.0,26.0,29.0,32.0,34.0,36.0,42.0,54.0,inferred
South Lakeland,2021-08-16,16.0,22.0,27.0,29.0,31.0,34.0,37.0,40.0,44.0,46.0,49.0,57.0,68.0,inferred
South Lakeland,2021-08-17,14.0,21.0,26.0,27.0,29.0,32.0,35.0,38.0,42.0,44.0,47.0,53.0,66.0,inferred
South Lakeland,2021-08-18,15.0,20.0,25.0,26.0,28.0,32.0,35.0,39.0,42.0,44.0,46.0,54.0,65.0,inferred
South Lakeland,2021-08-19,14.5,20.0,24.0,26.0,28.0,31.0,34.0,37.0,41.0,43.0,45.0,51.0,65.0,inferred
South Lakeland,2021-08-20,12.0,18.0,22.0,23.0,25.0,28.0,31.0,34.0,38.0,40.0,42.0,49.0,61.5,inferred
South Lakeland,2021-08-21,9.0,13.0,18.0,19.0,21.0,23.0,26.0,29.0,32.0,34.0,36.0,41.1,52.0,inferred
South Lakeland,2021-08-22,11.0,16.0,19.0,21.0,22.0,25.0,28.0,31.0,34.0,36.0,38.0,45.0,57.0,inferred
South Lakeland,2021-08-23,16.0,23.9,28.0,30.0,32.0,36.0,39.0,43.0,47.0,49.0,51.0,59.0,72.0,inferred
South Lakeland,2021-08-24,16.0,22.9,27.0,29.0,31.0,34.0,37.0,41.0,45.0,48.0,50.0,57.0,69.5,inferred
South Lakeland,2021-08-25,18.0,24.0,29.0,31.0,33.0,36.0,39.0,43.0,46.0,48.0,50.0,58.0,70.0,inferred
South Lakeland,2021-08-26,17.0,24.0,29.0,31.0,32.0,36.0,39.0,42.0,46.0,48.0,51.0,59.0,71.0,inferred
South Lakeland,2021-08-27,16.0,21.9,26.0,28.0,30.0,34.0,37.0,40.4,45.0,47.0,50.0,57.0,69.5,inferred
South Lakeland,2021-08-28,13.0,18.0,22.0,25.0,26.0,30.0,33.0,36.0,40.0,41.0,44.0,50.0,63.0,inferred
South Lakeland,2021-08-29,14.0,21.0,25.0,28.0,29.0,32.0,35.0,38.0,42.0,44.0,47.0,55.0,67.0,inferred
South Lakeland,2021-08-30,25.0,33.0,39.0,42.0,44.0,48.0,52.0,55.0,60.0,63.0,66.0,74.0,87.0,inferred
South Lakeland,2021-08-31,24.0,32.0,38.0,40.0,42.0,47.0,51.0,54.0,58.0,61.0,64.0,72.0,85.0,inferred
South Lakeland,2021-09-01,26.0,34.0,39.0,41.0,44.0,47.6,52.0,55.0,60.0,62.0,65.0,74.1,90.0,inferred
South Lakeland,2021-09-02,24.5,32.0,38.0,40.0,42.0,46.0,50.0,54.0,58.0,60.0,63.0,71.0,84.0,inferred
South Lakeland,2021-09-03,23.0,29.0,35.0,37.0,39.0,43.0,47.0,51.0,55.0,57.0,60.0,67.0,80.0,inferred
South Lakeland,2021-09-04,17.0,23.0,28.0,30.0,32.0,35.0,38.0,42.0,46.0,48.0,51.0,58.0,70.0,inferred
South Lakeland,2021-09-05,20.0,26.0,31.0,34.0,36.0,39.0,42.0,46.0,50.0,52.0,55.0,63.0,75.0,inferred
South Lakeland,2021-09-06,31.0,39.0,46.0,48.0,50.0,54.0,58.0,63.0,68.0,71.0,74.0,83.0,95.0,inferred
South Lakeland,2021-09-07,28.0,36.0,42.0,44.0,46.0,50.0,53.0,58.0,62.0,65.0,68.0,77.0,93.5,inferred
South Lakeland,2021-09-08,27.0,35.0,41.0,43.0,45.0,49.0,53.0,57.0,61.0,64.0,67.0,76.0,90.0,inferred
South Lakeland,2021-09-09,26.0,33.0,38.0,40.0,42.0,46.6,50.0,54.0,58.0,61.0,64.0,72.0,85.0,inferred
South Lakeland,2021-09-10,21.0,28.0,33.0,35.0,37.0,41.0,44.0,48.0,52.0,55.0,57.2,65.0,77.0,inferred
South Lakeland,2021-09-11,16.0,22.0,26.0,28.0,30.0,33.0,36.0,40.0,43.0,45.0,47.0,54.0,67.5,inferred
South Lakeland,2021-09-12,16.0,23.0,28.0,30.0,32.0,35.0,38.0,42.0,45.0,47.0,49.0,57.0,66.5,inferred
South Lakeland,2021-09-13,27.0,34.0,40.0,42.0,44.0,48.6,53.0,56.0,61.0,63.0,66.0,76.0,88.5,inferred
South Lakeland,2021-09-14,23.5,32.0,37.0,39.0,41.0,45.0,49.0,53.0,57.0,60.0,63.0,70.0,83.0,inferred
South Lakeland,2021-09-15,25.0,32.0,38.0,40.0,42.0,46.0,50.0,53.0,58.0,60.0,63.0,70.0,82.0,inferred
South Lakeland,2021-09-16,22.0,31.0,35.0,38.0,40.0,44.0,47.0,51.0,56.0,58.0,61.0,69.0,85.0,inferred
South Lakeland,2021-09-17,22.0,28.0,33.0,35.0,37.0,40.0,44.0,47.0,52.0,54.0,57.0,65.0,79.0,inferred
South Lakeland,2021-09-18,15.5,22.9,27.0,29.0,31.0,34.0,38.0,41.0,45.0,47.0,50.0,56.0,69.0,inferred
South Lakeland,2021-09-19,17.0,25.0,30.0,32.0,34.0,37.0,41.0,45.0,49.0,51.0,54.0,62.0,76.5,inferred
South Lakeland,2021-09-20,30.0,38.0,44.0,47.0,49.0,53.0,58.0,62.0,67.0,70.0,73.0,82.0,96.0,inferred
South Lakeland,2021-09-21,29.0,38.0,43.0,46.0,48.0,53.0,56.0,61.0,65.0,68.0,71.0,80.0,95.0,inferred
South Lakeland,2021-09-22,31.0,40.9,47.0,49.0,51.0,56.0,60.0,64.0,68.0,71.0,74.2,82.0,97.0,inferred
South Lakeland,2021-09-23,33.0,40.9,47.0,49.0,51.0,55.0,59.0,63.0,68.0,71.0,74.0,84.0,98.0,inferred
South Lakeland,2021-09-24,29.0,38.0,44.0,47.0,49.0,53.0,57.0,61.0,66.0,69.0,72.0,81.0,94.0,inferred
South Lakeland,2021-09-25,23.0,32.0,38.0,40.0,42.0,45.0,49.0,53.0,57.0,60.0,63.0,72.0,84.0,inferred
South Lakeland,2021-09-26,29.0,37.0,43.0,46.0,48.0,52.0,56.0,60.0,65.0,67.0,70.0,79.0,95.0,inferred
South Lakeland,2021-09-27,46.0,58.0,65.0,68.0,70.0,75.0,80.0,86.0,92.0,95.0,99.2,111.0,127.0,inferred
South Lakeland,2021-09-28,44.0,57.0,63.0,66.0,69.0,74.0,79.0,84.0,91.0,94.0,98.0,107.0,123.5,inferred
South Lakeland,2021-09-29,50.0,60.0,67.0,70.0,73.0,77.0,82.0,87.0,94.0,96.0,100.0,111.0,129.0,inferred
South Lakeland,2021-09-30,48.0,57.0,64.0,68.0,70.0,74.0,79.0,84.0,89.0,92.0,96.0,107.0,126.0,inferred
South Lakeland,2021-10-01,42.0,54.0,61.0,64.0,66.0,71.0,76.0,81.0,86.0,89.0,93.0,103.0,121.0,inferred
South Lakeland,2021-10-02,36.0,44.0,52.0,54.0,56.0,61.0,65.0,69.0,74.0,78.0,81.0,91.0,105.0,inferred
South Lakeland,2021-10-03,41.0,50.9,57.0,59.0,62.0,66.0,72.0,77.0,82.0,85.0,88.0,98.0,111.5,inferred
South Lakeland,2021-10-04,63.0,75.0,83.0,87.0,91.0,96.0,101.0,107.0,113.0,116.0,121.0,133.0,149.5,inferred
South Lakeland,2021-10-05,60.0,70.0,77.0,80.0,83.0,89.0,94.0,100.0,106.0,110.0,114.0,126.0,144.5,inferred
South Lakeland,2021-10-06,56.5,68.9,77.0,80.0,83.0,89.0,94.0,100.0,106.0,109.0,113.0,123.0,142.0,inferred
South Lakeland,2021-10-07,54.0,63.0,70.0,73.8,77.0,82.0,87.0,91.0,96.0,100.0,104.0,114.0,130.0,inferred
South Lakeland,2021-10-08,46.0,55.0,62.0,65.0,67.0,72.0,77.0,82.0,87.0,90.0,95.0,104.0,120.0,inferred
South Lakeland,2021-10-09,34.0,44.0,50.0,52.0,54.0,58.0,63.0,67.4,72.0,75.0,78.0,86.0,100.0,inferred
South Lakeland,2021-10-10,36.0,44.9,51.0,54.0,56.0,61.0,65.0,69.0,75.0,77.0,81.0,90.0,106.0,inferred
South Lakeland,2021-10-11,51.5,62.0,70.8,73.0,76.0,81.0,86.0,92.0,98.0,101.0,105.0,114.1,128.5,inferred
South Lakeland,2021-10-12,46.5,57.0,65.0,68.0,70.0,75.0,80.0,85.0,91.0,95.0,98.0,108.0,122.0,inferred
South Lakeland,2021-10-13,44.0,53.0,61.0,64.0,67.0,72.0,76.0,82.0,88.0,91.0,94.0,103.0,122.5,inferred
South Lakeland,2021-10-14,39.0,48.0,56.0,58.0,61.0,65.0,70.0,75.0,80.0,83.0,86.0,96.0,113.0,inferred
South Lakeland,2021-10-15,34.0,42.0,48.0,51.0,53.0,57.0,62.0,67.0,72.0,74.0,78.0,87.0,102.0,inferred
South Lanarkshire,2021-07-03,138.0,193.0,233.0,254.0,268.0,300.0,333.0,366.4,409.3,432.0,455.2,532.1,685.0,inferred
South Lanarkshire,2021-07-04,132.0,178.0,221.0,233.0,250.0,279.0,308.0,336.4,373.3,390.0,415.2,482.0,578.6,inferred
South Lanarkshire,2021-07-05,96.5,139.0,176.0,190.8,207.0,234.0,261.0,291.0,324.3,346.0,367.2,435.0,551.5,inferred
South Lanarkshire,2021-07-06,107.5,153.9,192.8,207.0,221.0,245.6,274.0,306.0,340.3,367.0,390.0,466.1,593.6,inferred
South Lanarkshire,2021-07-07,130.5,183.0,228.8,245.0,264.7,295.0,331.5,367.0,403.3,426.2,452.0,515.0,625.5,inferred
South Lanarkshire,2021-07-08,107.0,147.0,186.8,204.0,219.0,249.0,273.0,302.0,336.0,352.0,376.0,449.1,548.0,inferred
South Lanarkshire,2021-07-09,104.0,151.0,184.0,202.0,215.0,243.0,274.0,305.0,341.0,364.0,390.2,461.0,578.6,inferred
South Lanarkshire,2021-07-10,128.5,183.0,226.0,243.8,267.7,297.0,331.0,365.0,412.3,435.0,455.0,528.1,639.0,inferred
South Lanarkshire,2021-07-11,113.5,163.9,204.8,222.0,238.0,267.0,298.5,332.4,370.3,392.0,416.0,486.1,607.5,inferred
South Lanarkshire,2021-07-12,84.0,130.9,169.0,183.0,199.0,229.6,261.0,290.0,324.0,348.2,370.2,436.1,560.6,inferred
South Lanarkshire,2021-07-13,98.5,148.0,182.0,197.0,211.7,242.0,271.0,302.0,334.3,354.0,382.2,450.0,581.5,inferred
South Lanarkshire,2021-07-14,121.0,171.0,216.0,232.0,247.0,278.0,310.0,337.0,380.0,403.0,429.0,502.1,625.1,inferred
South Lanarkshire,2021-07-15,84.0,129.0,163.0,179.0,192.0,220.0,248.5,279.0,311.0,328.0,350.0,416.0,523.1,inferred
South Lanarkshire,2021-07-16,82.0,127.0,163.0,178.0,193.7,218.0,245.0,276.0,308.3,330.2,350.2,407.1,518.0,inferred
South Lanarkshire,2021-07-17,100.0,151.9,185.8,201.0,216.0,248.0,283.0,313.0,350.3,373.2,402.0,473.0,602.0,inferred
South Lanarkshire,2021-07-18,83.0,136.0,172.0,187.8,204.0,229.0,259.0,291.0,325.0,346.0,371.0,437.0,548.5,inferred
South Lanarkshire,2021-07-19,66.0,104.9,137.0,149.0,161.0,184.0,214.0,243.0,268.3,287.0,308.2,370.0,479.0,inferred
South Lanarkshire,2021-07-20,73.0,113.0,146.0,158.8,169.0,197.6,224.5,248.0,279.0,299.0,324.0,392.1,514.5,inferred
South Lanarkshire,2021-07-21,79.5,125.0,162.0,175.0,189.0,217.0,246.0,279.0,314.0,334.0,364.0,426.1,535.6,inferred
South Lanarkshire,2021-07-22,56.5,96.0,124.8,137.0,149.0,171.0,195.0,221.4,258.0,276.0,298.0,358.0,467.5,inferred
South Lanarkshire,2021-07-23,58.5,95.0,121.8,135.0,148.0,173.0,199.0,222.0,254.0,273.0,298.2,352.1,446.6,inferred
South Lanarkshire,2021-07-24,72.5,110.0,145.8,160.0,172.0,201.0,225.0,251.0,282.3,301.0,324.0,387.1,513.0,inferred
South Lanarkshire,2021-07-25,61.5,95.0,128.0,141.0,151.0,174.6,201.0,230.0,258.3,275.0,293.0,356.2,463.5,inferred
South Lanarkshire,2021-07-26,45.5,73.0,99.0,114.0,124.0,144.0,168.0,190.0,219.3,234.0,260.0,316.0,418.5,inferred
South Lanarkshire,2021-07-27,40.5,80.0,106.8,120.0,133.0,155.0,179.0,200.0,230.0,247.0,269.0,321.0,418.0,inferred
South Lanarkshire,2021-07-28,60.5,96.0,128.0,142.0,155.0,181.0,206.5,233.0,260.0,278.2,303.2,362.0,458.5,inferred
South Lanarkshire,2021-07-29,43.0,74.0,99.0,110.8,123.0,145.0,167.0,190.0,221.0,237.0,258.0,310.0,420.0,inferred
South Lanarkshire,2021-07-30,46.0,79.9,105.0,117.0,127.0,151.6,176.0,197.0,232.3,248.2,270.2,326.0,430.6,inferred
South Lanarkshire,2021-07-31,59.0,99.0,128.0,141.0,153.0,179.0,203.0,228.0,261.0,277.0,298.0,360.1,465.6,inferred
South Lanarkshire,2021-08-01,53.0,87.0,117.0,129.0,142.0,166.6,191.0,216.0,248.0,270.0,290.2,354.0,472.6,inferred
South Lanarkshire,2021-08-02,40.5,71.0,97.0,107.8,119.0,139.0,160.0,185.4,210.3,226.0,249.0,310.3,405.0,inferred
South Lanarkshire,2021-08-03,44.5,77.9,105.0,118.0,129.0,153.0,175.0,200.0,229.3,248.2,269.0,332.0,451.0,inferred
South Lanarkshire,2021-08-04,66.0,105.0,135.0,149.0,161.0,183.0,210.0,238.4,275.0,294.2,318.2,382.0,498.7,inferred
South Lanarkshire,2021-08-05,46.0,78.9,107.0,117.0,128.0,149.0,173.5,202.0,231.0,248.0,267.0,321.0,428.0,inferred
South Lanarkshire,2021-08-06,47.0,85.0,116.0,126.0,137.0,159.0,184.0,206.0,233.3,251.0,273.2,333.0,453.5,inferred
South Lanarkshire,2021-08-07,69.5,105.9,140.0,153.0,167.0,189.0,215.0,246.0,280.0,298.0,320.0,385.0,509.5,inferred
South Lanarkshire,2021-08-08,63.0,100.0,132.0,145.0,158.0,182.0,206.0,236.4,264.3,284.2,306.2,363.0,465.6,inferred
South Lanarkshire,2021-08-09,44.5,73.0,104.0,115.0,126.0,147.0,171.0,199.0,229.0,247.0,268.0,332.0,454.5,inferred
South Lanarkshire,2021-08-10,61.0,93.9,122.0,135.0,146.0,170.0,198.0,226.4,258.3,277.0,296.0,362.2,486.8,inferred
South Lanarkshire,2021-08-11,76.5,126.0,159.0,174.8,190.0,216.6,248.0,282.4,317.3,338.0,360.0,426.0,536.0,inferred
South Lanarkshire,2021-08-12,71.0,111.0,143.0,158.0,171.0,196.6,221.0,250.4,280.3,298.0,321.0,383.1,496.0,inferred
South Lanarkshire,2021-08-13,77.0,125.0,157.0,172.0,186.0,210.0,239.0,272.0,312.0,331.0,352.0,413.1,517.0,inferred
South Lanarkshire,2021-08-14,113.5,164.9,200.0,218.0,235.0,266.0,297.0,331.0,368.0,390.0,417.2,493.0,625.0,inferred
South Lanarkshire,2021-08-15,105.0,160.9,198.8,214.8,230.0,266.0,294.5,328.0,375.0,401.0,428.0,487.0,633.0,inferred
South Lanarkshire,2021-08-16,89.5,135.0,174.0,188.0,202.0,231.6,266.0,300.0,334.0,354.0,378.0,453.0,574.0,inferred
South Lanarkshire,2021-08-17,131.9,185.0,223.0,241.0,258.7,291.0,325.0,356.4,393.0,417.0,441.0,524.0,684.0,inferred
South Lanarkshire,2021-08-18,182.0,247.8,300.0,324.0,344.0,383.0,421.0,459.0,502.0,528.2,559.0,640.1,791.2,inferred
South Lanarkshire,2021-08-19,178.0,238.0,286.0,308.0,326.0,362.0,398.5,440.4,488.0,513.0,538.0,620.0,749.0,inferred
South Lanarkshire,2021-08-20,214.0,287.0,340.0,364.0,387.0,431.0,473.5,514.0,563.3,594.5,631.0,712.0,864.6,inferred
South Lanarkshire,2021-08-21,317.4,415.9,478.0,505.0,533.0,584.6,633.5,679.4,731.0,755.0,792.0,887.0,1050.5,inferred
South Lanarkshire,2021-08-22,342.0,441.0,500.0,531.0,555.0,605.0,647.0,701.0,752.0,780.0,815.2,923.0,1097.5,inferred
South Lanarkshire,2021-08-23,311.5,409.0,482.8,510.0,537.7,582.6,636.0,683.4,731.0,756.0,796.0,894.0,1061.6,inferred
South Lanarkshire,2021-08-24,389.5,494.8,579.0,614.8,641.7,692.0,748.0,799.0,856.0,887.0,931.2,1043.0,1204.1,inferred
South Lanarkshire,2021-08-25,522.4,643.0,725.0,765.8,794.0,849.0,900.0,966.0,1036.0,1078.5,1115.2,1246.2,1450.5,inferred
South Lanarkshire,2021-08-26,451.5,577.8,656.8,689.0,716.0,764.0,817.0,870.0,930.3,967.2,992.2,1102.0,1302.1,inferred
South Lanarkshire,2021-08-27,529.5,640.9,722.0,759.8,791.0,848.0,896.5,951.0,1007.0,1047.0,1099.4,1214.1,1395.0,inferred
South Lanarkshire,2021-08-28,678.5,815.9,918.8,956.0,985.7,1054.0,1106.0,1169.4,1252.3,1295.0,1348.2,1461.3,1708.6,inferred
South Lanarkshire,2021-08-29,659.4,798.0,912.0,945.0,983.7,1050.0,1114.0,1177.0,1254.3,1296.2,1338.2,1459.3,1681.5,inferred
South Lanarkshire,2021-08-30,590.9,737.0,821.6,854.8,888.0,951.0,1006.0,1064.4,1137.3,1173.0,1218.2,1345.3,1551.1,inferred
South Lanarkshire,2021-08-31,657.4,815.9,903.8,941.0,972.0,1031.6,1097.5,1153.4,1239.0,1283.0,1331.0,1451.1,1686.1,inferred
South Lanarkshire,2021-09-01,771.4,944.0,1051.6,1091.8,1130.0,1196.0,1268.0,1343.8,1412.0,1447.2,1492.6,1624.0,1849.0,inferred
South Lanarkshire,2021-09-02,621.0,744.0,845.0,875.8,906.7,971.0,1035.0,1093.0,1158.0,1201.0,1250.0,1366.1,1553.6,inferred
South Lanarkshire,2021-09-03,633.5,757.0,845.6,876.8,914.0,981.0,1042.0,1094.4,1176.3,1210.5,1266.0,1371.1,1555.1,inferred
South Lanarkshire,2021-09-04,732.4,866.9,960.0,1001.8,1037.7,1092.0,1159.5,1218.0,1301.0,1339.0,1390.2,1538.1,1761.0,inferred
South Lanarkshire,2021-09-05,667.0,794.9,883.0,917.8,958.7,1018.0,1080.5,1147.0,1216.0,1254.2,1293.0,1406.0,1642.1,inferred
South Lanarkshire,2021-09-06,522.5,639.9,717.0,749.8,781.7,838.0,895.0,950.4,1016.3,1060.5,1097.0,1212.2,1403.5,inferred
South Lanarkshire,2021-09-07,497.0,635.9,716.8,745.0,775.0,843.0,894.5,953.0,1019.9,1050.5,1091.0,1208.2,1414.0,inferred
South Lanarkshire,2021-09-08,528.0,647.9,742.0,771.0,801.0,866.0,925.5,990.4,1060.3,1100.0,1147.2,1271.1,1452.0,inferred
South Lanarkshire,2021-09-09,364.4,466.0,531.8,562.0,587.7,638.6,688.5,740.0,794.3,826.0,861.0,962.0,1128.5,inferred
South Lanarkshire,2021-09-10,322.5,428.0,488.0,511.0,536.0,586.0,631.0,682.4,737.0,770.0,808.0,903.2,1076.2,inferred
South Lanarkshire,2021-09-11,347.0,434.0,504.8,531.0,554.7,601.6,649.0,694.4,750.3,783.2,827.0,928.0,1120.0,inferred
South Lanarkshire,2021-09-12,271.4,339.9,404.8,428.0,450.0,494.0,542.0,582.0,631.0,658.2,697.0,800.0,967.6,inferred
South Lanarkshire,2021-09-13,181.0,240.0,295.0,313.8,331.0,375.0,407.0,445.0,484.3,508.0,536.2,628.1,735.0,inferred
South Lanarkshire,2021-09-14,159.5,227.0,281.0,301.8,320.0,361.6,402.5,438.0,483.3,509.0,537.0,611.0,754.6,inferred
South Lanarkshire,2021-09-15,200.9,266.9,315.0,334.8,357.0,394.0,430.0,470.0,515.0,540.0,575.0,653.2,806.5,inferred
South Lanarkshire,2021-09-16,137.5,195.9,236.8,256.0,272.0,308.0,342.0,378.4,413.0,436.0,463.0,551.1,695.0,inferred
South Lanarkshire,2021-09-17,138.0,187.0,231.0,253.0,274.0,306.6,336.5,368.0,403.0,425.0,449.0,539.0,678.6,inferred
South Lanarkshire,2021-09-18,156.0,218.0,261.0,281.0,304.0,341.6,376.5,413.0,458.0,483.2,515.0,600.2,753.0,inferred
South Lanarkshire,2021-09-19,130.9,192.0,234.0,254.0,271.0,305.0,335.0,372.0,412.0,436.2,466.0,545.1,662.5,inferred
South Lanarkshire,2021-09-20,96.0,143.0,183.0,199.0,215.0,241.0,270.0,298.0,338.0,361.0,386.0,450.1,583.5,inferred
South Lanarkshire,2021-09-21,106.4,155.0,195.0,213.0,227.0,254.6,284.0,318.0,358.0,378.0,409.0,485.1,627.5,inferred
South Lanarkshire,2021-09-22,137.0,201.0,245.0,262.8,284.0,318.0,351.5,395.0,433.0,455.0,482.0,565.1,682.6,inferred
South Lanarkshire,2021-09-23,108.5,164.0,212.0,228.0,241.7,269.0,299.0,333.0,371.0,391.0,415.2,488.0,612.0,inferred
South Lanarkshire,2021-09-24,126.0,185.9,227.0,244.0,261.0,291.0,328.0,364.4,408.0,433.0,454.2,527.1,646.5,inferred
South Lanarkshire,2021-09-25,170.5,234.0,286.8,305.0,328.0,365.0,400.5,437.0,480.3,506.0,533.0,603.1,751.5,inferred
South Lanarkshire,2021-09-26,161.0,222.9,272.8,296.0,314.0,350.0,386.0,427.0,463.3,487.0,516.2,604.1,724.5,inferred
South Lanarkshire,2021-09-27,132.5,187.0,233.0,251.0,270.0,301.0,338.0,377.0,419.0,442.0,470.0,543.0,682.5,inferred
South Lanarkshire,2021-09-28,157.0,217.9,263.8,282.0,300.7,333.0,372.0,409.4,448.0,466.0,491.2,572.0,685.6,inferred
South Lanarkshire,2021-09-29,178.0,254.0,310.0,332.0,354.0,391.0,432.0,471.0,514.0,541.2,568.2,651.2,791.1,inferred
South Lanarkshire,2021-09-30,129.5,196.9,245.0,266.0,285.7,321.0,353.0,386.4,423.0,447.0,472.0,545.1,690.0,inferred
South Lanarkshire,2021-10-01,147.5,207.0,251.0,269.0,287.0,317.6,355.0,388.0,433.0,457.0,484.2,571.1,710.1,inferred
South Lanarkshire,2021-10-02,175.5,242.9,294.0,315.0,333.0,372.6,404.5,444.0,488.0,514.0,538.2,625.1,742.0,inferred
South Lanarkshire,2021-10-03,160.9,219.0,262.8,283.0,302.0,336.0,372.0,415.0,456.0,477.0,507.2,590.3,741.0,inferred
South Lanarkshire,2021-10-04,118.0,174.0,212.8,233.0,251.7,281.6,310.0,341.4,384.0,411.0,441.0,518.0,633.0,inferred
South Lanarkshire,2021-10-05,136.5,189.9,231.0,248.0,265.0,299.0,333.5,366.4,406.0,430.2,455.0,527.1,661.5,inferred
South Lanarkshire,2021-10-06,164.5,229.0,271.8,294.0,311.0,347.0,383.0,423.0,466.0,492.0,518.0,607.0,739.0,inferred
South Lanarkshire,2021-10-07,114.0,175.0,215.8,236.0,252.0,288.0,319.0,353.4,395.0,420.0,446.0,525.0,667.1,inferred
South Lanarkshire,2021-10-08,127.5,179.9,217.0,235.0,253.7,284.0,320.0,351.4,390.0,415.0,439.2,504.0,629.0,inferred
South Lanarkshire,2021-10-09,159.5,217.0,263.0,282.0,299.0,332.0,367.0,402.0,443.0,468.0,496.0,576.0,714.5,inferred
South Lanarkshire,2021-10-10,138.9,188.0,229.0,249.0,264.0,297.0,332.0,370.0,407.0,436.0,463.2,536.1,653.5,inferred
South Lanarkshire,2021-10-11,95.0,149.0,192.0,206.0,221.0,252.0,285.0,324.0,364.0,385.2,412.0,493.1,604.5,inferred
South Lanarkshire,2021-10-12,105.5,161.9,207.0,225.0,243.0,272.0,308.5,344.0,385.0,407.2,438.0,501.1,632.5,inferred
South Lanarkshire,2021-10-13,131.5,192.0,240.0,260.8,279.0,312.0,345.0,382.0,424.0,452.2,480.0,564.2,683.5,inferred
South Lanarkshire,2021-10-14,95.4,145.9,191.0,207.0,225.0,263.0,297.0,329.4,373.0,398.2,428.2,498.0,648.0,inferred
South Lanarkshire,2021-10-15,107.0,164.0,203.0,221.0,236.0,270.0,300.5,337.0,386.3,410.0,440.0,519.1,676.7,inferred
South Norfolk,2021-07-03,4.0,7.0,9.0,10.0,11.0,12.0,14.0,16.0,18.0,19.0,21.0,24.0,30.0,inferred
South Norfolk,2021-07-04,6.0,9.0,11.0,12.0,13.0,15.0,17.0,19.0,21.0,22.0,24.0,28.0,33.0,inferred
South Norfolk,2021-07-05,11.0,16.0,19.0,21.0,22.0,24.0,26.0,28.0,31.0,32.0,34.0,38.0,47.0,inferred
South Norfolk,2021-07-06,12.0,17.0,20.0,21.0,23.0,26.0,27.0,30.0,32.0,34.0,36.0,40.0,48.0,inferred
South Norfolk,2021-07-07,14.0,20.0,23.0,24.0,25.0,28.0,30.0,33.0,35.0,37.0,39.0,43.0,51.0,inferred
South Norfolk,2021-07-08,16.0,21.0,24.0,26.0,27.0,30.0,32.0,35.0,37.0,39.0,41.0,46.0,53.0,inferred
South Norfolk,2021-07-09,17.0,22.0,25.0,26.0,27.0,30.0,33.0,35.0,38.0,39.0,41.0,47.0,55.0,inferred
South Norfolk,2021-07-10,15.0,19.0,23.0,24.0,25.0,28.0,30.0,33.0,36.0,38.0,40.0,44.0,53.0,inferred
South Norfolk,2021-07-11,18.5,23.0,27.0,29.0,30.0,32.0,35.0,38.0,41.0,42.2,44.0,50.0,59.0,inferred
South Norfolk,2021-07-12,30.0,37.0,42.0,44.0,46.0,49.0,52.0,55.0,59.0,61.0,63.0,69.0,80.0,inferred
South Norfolk,2021-07-13,32.0,39.0,43.0,45.0,47.0,50.0,54.0,57.0,61.0,63.0,66.0,73.0,83.5,inferred
South Norfolk,2021-07-14,33.0,40.0,45.0,47.0,49.0,53.0,56.0,60.0,64.0,65.0,68.0,75.0,86.0,inferred
South Norfolk,2021-07-15,32.0,40.0,45.0,47.0,48.0,52.0,54.0,58.0,62.0,64.0,67.0,73.0,84.5,inferred
South Norfolk,2021-07-16,31.0,37.0,42.0,43.0,45.0,48.0,52.0,55.0,58.0,59.2,62.0,68.0,80.0,inferred
South Norfolk,2021-07-17,25.0,31.0,36.0,38.0,39.0,42.0,45.0,48.0,51.0,53.0,56.0,62.0,72.0,inferred
South Norfolk,2021-07-18,28.0,33.0,38.0,40.0,41.0,45.0,48.0,50.0,54.0,56.0,58.0,65.0,74.0,inferred
South Norfolk,2021-07-19,40.0,48.0,53.0,55.0,57.0,61.0,64.0,67.0,72.0,74.0,77.0,83.0,95.0,inferred
South Norfolk,2021-07-20,37.0,44.0,50.0,53.0,54.0,58.0,61.0,65.0,68.0,71.0,73.0,79.0,90.0,inferred
South Norfolk,2021-07-21,37.0,45.0,50.8,52.0,54.0,58.0,61.0,64.4,69.0,71.0,73.0,80.0,90.0,inferred
South Norfolk,2021-07-22,35.0,42.0,47.0,49.0,51.0,54.0,57.0,61.0,65.0,67.0,69.0,76.0,86.0,inferred
South Norfolk,2021-07-23,32.0,38.0,43.0,44.8,46.0,49.0,53.0,56.0,59.0,61.0,63.0,70.0,81.5,inferred
South Norfolk,2021-07-24,25.0,30.0,35.0,37.0,38.0,41.0,44.0,47.0,51.0,53.0,55.0,61.0,69.5,inferred
South Norfolk,2021-07-25,24.5,32.0,36.0,38.0,40.0,43.0,46.0,49.0,53.0,55.0,57.0,62.0,71.0,inferred
South Norfolk,2021-07-26,36.0,45.0,50.0,52.0,55.0,58.0,62.0,65.0,69.0,71.0,74.0,80.0,90.5,inferred
South Norfolk,2021-07-27,36.0,44.0,49.0,50.0,53.0,56.0,59.0,63.0,67.0,69.0,71.0,78.0,90.0,inferred
South Norfolk,2021-07-28,37.0,44.0,49.0,51.0,53.0,57.0,61.0,64.0,68.0,70.0,73.0,81.0,92.0,inferred
South Norfolk,2021-07-29,36.5,44.0,49.0,51.0,52.0,55.0,59.0,62.0,67.0,69.0,72.0,78.0,90.0,inferred
South Norfolk,2021-07-30,33.0,40.0,45.0,48.0,49.0,52.0,56.0,59.0,62.0,65.0,67.0,73.0,84.0,inferred
South Norfolk,2021-07-31,26.0,33.0,37.0,39.0,41.0,44.0,47.0,50.0,53.0,55.0,57.0,64.0,73.0,inferred
South Norfolk,2021-08-01,28.0,34.0,39.0,41.0,43.0,46.0,49.0,52.0,55.0,57.0,59.0,65.0,75.5,inferred
South Norfolk,2021-08-02,41.0,49.0,54.0,56.0,58.0,61.0,65.0,69.0,73.3,76.0,78.0,85.0,96.5,inferred
South Norfolk,2021-08-03,38.0,45.0,51.0,53.0,55.0,58.0,62.0,66.0,69.0,72.0,74.0,81.0,91.5,inferred
South Norfolk,2021-08-04,39.0,47.0,51.0,54.0,55.0,59.0,62.0,66.0,69.0,72.0,74.0,80.1,92.5,inferred
South Norfolk,2021-08-05,33.0,43.0,48.0,50.0,52.0,55.0,59.0,62.0,65.0,67.0,70.0,77.0,88.5,inferred
South Norfolk,2021-08-06,30.0,38.0,43.0,45.0,46.0,49.0,52.0,56.0,59.0,61.0,63.0,69.0,80.0,inferred
South Norfolk,2021-08-07,25.0,30.0,34.0,36.0,37.0,40.0,43.0,46.0,49.0,51.0,53.0,59.0,69.0,inferred
South Norfolk,2021-08-08,25.5,31.0,35.0,37.0,38.0,41.0,44.0,47.0,50.0,52.0,54.0,59.0,70.5,inferred
South Norfolk,2021-08-09,35.0,42.0,48.0,50.0,51.0,55.0,58.0,61.0,65.0,67.0,69.0,76.0,89.0,inferred
South Norfolk,2021-08-10,33.0,39.0,45.0,46.0,48.0,52.0,55.0,58.0,61.0,63.0,66.0,71.0,82.0,inferred
South Norfolk,2021-08-11,33.0,39.0,45.0,47.0,49.0,52.0,55.0,58.0,61.0,63.0,66.0,73.0,84.5,inferred
South Norfolk,2021-08-12,30.0,37.0,43.0,45.0,47.0,50.0,53.0,57.0,60.0,62.0,65.0,71.0,82.0,inferred
South Norfolk,2021-08-13,28.0,34.0,39.0,41.0,42.0,46.0,49.0,52.0,55.0,58.0,60.0,67.0,77.5,inferred
South Norfolk,2021-08-14,22.0,28.0,32.0,34.0,35.0,38.0,41.0,44.0,47.0,49.0,51.0,57.0,67.0,inferred
South Norfolk,2021-08-15,23.0,29.0,33.0,35.0,37.0,39.0,42.0,45.0,49.0,51.0,53.0,58.0,68.0,inferred
South Norfolk,2021-08-16,33.0,41.0,46.0,48.0,50.0,54.0,57.0,61.0,64.0,66.2,69.0,76.0,86.0,inferred
South Norfolk,2021-08-17,32.0,38.0,44.0,46.0,48.0,51.0,55.0,58.0,62.0,64.0,67.0,74.0,85.0,inferred
South Norfolk,2021-08-18,33.0,40.0,45.0,46.0,48.0,52.0,55.0,58.0,62.0,64.0,66.0,73.0,86.0,inferred
South Norfolk,2021-08-19,29.5,37.0,42.0,44.0,46.0,49.0,52.0,55.0,58.0,60.0,62.0,70.0,79.0,inferred
South Norfolk,2021-08-20,26.0,32.0,37.0,39.0,40.0,43.0,46.0,49.0,53.0,55.0,57.0,64.0,74.0,inferred
South Norfolk,2021-08-21,21.0,26.0,30.0,32.0,34.0,36.0,39.0,42.0,45.0,46.0,48.2,54.0,62.0,inferred
South Norfolk,2021-08-22,21.0,26.0,30.0,32.0,33.0,36.0,39.0,41.0,44.0,46.0,48.0,54.0,64.0,inferred
South Norfolk,2021-08-23,30.0,37.0,41.0,44.0,45.0,49.0,52.0,55.0,59.0,61.0,63.0,69.0,78.5,inferred
South Norfolk,2021-08-24,28.5,35.0,40.0,41.0,43.0,46.0,49.0,52.0,56.0,58.0,60.0,66.0,76.0,inferred
South Norfolk,2021-08-25,29.0,36.0,40.0,42.0,44.0,47.0,50.0,53.0,57.0,59.0,61.0,68.0,78.0,inferred
South Norfolk,2021-08-26,28.0,34.9,39.0,41.0,43.0,46.0,49.0,52.0,55.0,58.0,60.0,66.0,77.0,inferred
South Norfolk,2021-08-27,25.0,32.0,36.0,37.0,40.0,43.0,46.0,49.0,52.0,54.0,57.0,63.0,73.0,inferred
South Norfolk,2021-08-28,19.0,27.0,31.0,32.8,34.0,37.0,39.0,42.0,45.0,47.0,49.0,55.0,65.5,inferred
South Norfolk,2021-08-29,22.0,28.0,32.0,34.0,36.0,38.0,41.0,44.0,48.0,49.0,52.0,57.0,66.0,inferred
South Norfolk,2021-08-30,34.0,41.0,47.0,49.0,51.0,54.0,58.0,61.0,65.0,67.0,70.0,76.0,88.0,inferred
South Norfolk,2021-08-31,33.0,40.0,46.0,47.0,49.0,52.0,55.0,59.0,62.0,65.0,67.0,74.0,84.0,inferred
South Norfolk,2021-09-01,32.0,39.0,44.0,46.0,48.0,52.0,55.0,59.0,62.0,65.0,67.0,74.0,85.0,inferred
South Norfolk,2021-09-02,31.0,39.0,44.0,46.0,48.0,50.0,54.0,57.0,61.0,63.0,66.0,71.0,83.0,inferred
South Norfolk,2021-09-03,28.0,35.0,40.0,42.0,43.0,47.0,50.0,52.4,57.0,58.0,61.0,67.0,78.0,inferred
South Norfolk,2021-09-04,22.5,28.0,33.0,35.0,36.0,39.0,42.0,45.0,48.0,50.0,52.0,58.0,67.0,inferred
South Norfolk,2021-09-05,24.0,30.0,34.0,36.0,37.0,41.0,43.0,46.0,49.0,51.0,53.0,59.0,70.0,inferred
South Norfolk,2021-09-06,34.0,42.0,46.0,48.0,50.7,54.0,57.0,61.0,64.0,67.0,69.0,76.0,86.0,inferred
South Norfolk,2021-09-07,31.5,39.0,44.0,47.0,48.0,51.0,54.0,58.0,61.0,64.0,66.0,73.0,83.0,inferred
South Norfolk,2021-09-08,30.0,38.0,43.0,45.0,47.0,50.0,54.0,57.0,61.0,63.0,65.0,72.0,84.5,inferred
South Norfolk,2021-09-09,29.0,36.0,40.0,42.0,44.0,47.0,50.0,53.0,57.0,58.0,61.0,67.1,77.0,inferred
South Norfolk,2021-09-10,25.0,31.0,35.0,37.0,39.0,42.0,45.0,48.0,50.3,52.0,54.0,60.0,71.0,inferred
South Norfolk,2021-09-11,19.0,24.0,28.0,30.0,31.0,34.0,36.0,39.0,42.0,44.0,46.0,51.0,59.0,inferred
South Norfolk,2021-09-12,17.5,24.0,27.0,29.0,30.0,33.0,36.0,38.0,42.0,43.0,45.0,50.0,59.0,inferred
South Norfolk,2021-09-13,27.0,33.0,38.0,39.0,41.0,44.0,47.0,50.0,54.0,56.0,58.0,64.0,74.0,inferred
South Norfolk,2021-09-14,24.0,31.0,35.0,37.0,39.0,42.0,45.0,48.0,51.0,53.0,55.0,61.0,70.0,inferred
South Norfolk,2021-09-15,27.0,33.0,37.0,39.0,41.0,43.0,46.0,49.0,52.0,54.0,55.0,62.0,71.0,inferred
South Norfolk,2021-09-16,25.0,32.0,36.0,38.0,40.0,43.0,45.0,49.0,52.0,53.0,55.0,61.0,72.0,inferred
South Norfolk,2021-09-17,23.0,30.0,33.8,35.0,37.0,40.0,43.0,46.0,49.0,51.0,53.0,59.1,69.0,inferred
South Norfolk,2021-09-18,20.0,25.0,29.0,31.0,32.0,35.0,37.0,40.0,44.0,46.0,48.0,53.0,62.0,inferred
South Norfolk,2021-09-19,21.0,26.0,31.0,32.0,34.0,37.0,40.0,43.0,46.0,48.0,50.0,55.0,64.5,inferred
South Norfolk,2021-09-20,33.0,40.0,45.0,47.0,49.0,53.0,56.0,59.0,63.0,65.0,67.0,74.0,84.0,inferred
South Norfolk,2021-09-21,32.0,40.0,45.0,46.0,48.0,52.0,55.0,59.0,63.0,65.0,67.0,75.0,85.0,inferred
South Norfolk,2021-09-22,34.0,41.0,47.0,49.0,51.0,54.0,58.0,62.0,66.0,68.0,70.0,78.0,90.0,inferred
South Norfolk,2021-09-23,35.0,43.0,48.0,50.0,52.0,56.0,59.0,62.0,66.0,68.0,70.0,78.0,88.0,inferred
South Norfolk,2021-09-24,34.0,40.0,45.0,47.0,49.0,52.0,56.0,59.0,63.0,65.0,67.0,74.1,84.5,inferred
South Norfolk,2021-09-25,29.0,35.0,40.0,42.0,44.0,47.0,50.0,52.0,56.0,58.0,60.0,66.0,76.0,inferred
South Norfolk,2021-09-26,33.0,39.0,44.0,46.0,48.0,51.0,54.0,57.0,61.0,63.0,66.0,72.0,82.0,inferred
South Norfolk,2021-09-27,49.0,56.0,62.0,65.0,67.0,70.0,74.0,78.0,82.0,85.0,88.0,97.0,108.0,inferred
South Norfolk,2021-09-28,48.0,56.0,62.0,64.0,66.0,70.0,74.0,78.0,82.0,84.0,87.0,95.0,107.0,inferred
South Norfolk,2021-09-29,49.0,58.0,64.0,67.0,69.0,72.0,76.0,80.0,84.0,87.0,90.0,98.0,111.0,inferred
South Norfolk,2021-09-30,48.5,58.0,63.0,66.0,67.0,72.0,76.0,80.0,84.0,87.0,90.0,97.0,108.5,inferred
South Norfolk,2021-10-01,44.0,53.0,58.0,61.0,64.0,68.0,71.0,75.0,79.0,82.0,85.0,91.0,104.0,inferred
South Norfolk,2021-10-02,38.0,46.0,51.0,54.0,55.0,59.0,62.0,65.0,69.0,71.0,74.0,81.0,92.0,inferred
South Norfolk,2021-10-03,41.0,49.0,55.0,57.0,59.0,63.0,66.0,70.0,73.0,76.0,79.0,85.0,98.0,inferred
South Norfolk,2021-10-04,61.0,71.0,78.0,82.0,84.0,89.0,92.0,97.0,102.0,105.0,108.0,115.0,129.0,inferred
South Norfolk,2021-10-05,59.0,71.0,77.0,80.0,83.0,87.0,91.0,97.0,101.0,104.0,107.0,116.0,128.5,inferred
South Norfolk,2021-10-06,66.5,77.0,84.0,87.0,90.0,94.0,98.0,103.0,107.3,111.0,114.0,122.0,136.0,inferred
South Norfolk,2021-10-07,69.0,78.0,86.0,89.0,91.0,95.0,99.0,104.0,109.0,112.0,115.2,124.0,139.0,inferred
South Norfolk,2021-10-08,65.0,75.0,82.0,85.0,87.7,92.0,96.0,101.0,107.0,109.0,112.0,121.0,133.5,inferred
South Norfolk,2021-10-09,57.5,67.0,73.0,76.0,79.0,83.0,87.0,91.0,96.0,98.0,101.0,109.0,123.0,inferred
South Norfolk,2021-10-10,65.0,74.0,81.0,84.0,87.0,91.0,96.0,99.0,104.0,107.0,110.0,119.0,131.0,inferred
South Norfolk,2021-10-11,96.0,110.0,118.0,121.0,124.0,129.0,134.0,139.0,145.0,148.0,152.0,162.0,181.0,inferred
South Norfolk,2021-10-12,97.0,108.0,116.0,118.0,121.0,126.0,131.0,136.0,142.0,145.0,150.0,159.0,177.0,inferred
South Norfolk,2021-10-13,97.5,108.0,117.0,120.0,123.0,129.0,134.0,139.0,145.0,149.0,152.2,163.0,179.5,inferred
South Norfolk,2021-10-14,91.0,105.0,113.0,117.0,120.0,125.0,131.0,136.0,142.0,145.0,149.0,159.0,177.0,inferred
South Norfolk,2021-10-15,83.0,95.0,102.0,105.0,108.0,113.0,119.0,124.0,130.0,133.0,137.0,146.0,161.5,inferred
South Northamptonshire,2021-07-03,15.0,19.0,22.0,23.0,24.0,26.0,27.0,29.0,31.0,32.0,33.0,36.0,41.0,inferred
South Northamptonshire,2021-07-04,18.0,23.0,25.0,26.0,27.0,29.0,31.0,32.4,35.0,36.0,37.0,40.0,46.0,inferred
South Northamptonshire,2021-07-05,29.0,33.0,37.0,38.0,39.0,41.0,44.0,46.0,48.0,49.0,51.0,54.0,60.0,inferred
South Northamptonshire,2021-07-06,27.0,32.0,36.0,37.0,38.0,40.0,42.0,44.0,46.0,48.0,50.0,54.0,59.0,inferred
South Northamptonshire,2021-07-07,29.0,34.0,38.0,39.0,40.0,43.0,44.0,46.0,49.0,50.0,52.0,56.0,62.0,inferred
South Northamptonshire,2021-07-08,31.0,35.0,39.0,40.0,41.0,43.0,45.0,48.0,50.0,51.0,53.0,57.0,65.0,inferred
South Northamptonshire,2021-07-09,28.0,33.0,36.0,38.0,39.0,41.0,43.5,46.0,48.0,49.0,51.0,55.0,61.5,inferred
South Northamptonshire,2021-07-10,24.0,30.0,33.0,34.0,35.0,37.0,39.0,41.0,44.0,45.0,46.0,50.0,57.0,inferred
South Northamptonshire,2021-07-11,30.0,35.0,38.0,39.0,40.0,43.0,45.0,47.0,50.0,51.0,53.0,57.0,64.0,inferred
South Northamptonshire,2021-07-12,45.0,51.0,56.0,57.0,59.0,62.0,64.0,67.0,70.0,71.0,74.0,79.0,88.0,inferred
South Northamptonshire,2021-07-13,43.5,51.0,55.0,57.0,58.0,61.0,63.0,66.0,69.0,71.0,73.0,78.0,86.0,inferred
South Northamptonshire,2021-07-14,45.0,51.0,56.0,57.0,59.0,62.0,64.0,68.0,71.0,73.0,75.0,80.0,87.0,inferred
South Northamptonshire,2021-07-15,43.0,50.0,54.0,56.0,57.0,60.0,63.0,66.0,69.0,71.0,73.0,77.0,86.5,inferred
South Northamptonshire,2021-07-16,39.0,45.0,48.0,50.0,51.0,54.0,56.0,58.4,62.0,63.0,65.0,70.0,77.0,inferred
South Northamptonshire,2021-07-17,32.0,37.0,41.0,42.0,43.0,46.0,48.0,50.0,52.0,53.0,55.0,59.0,67.0,inferred
South Northamptonshire,2021-07-18,33.0,39.0,43.0,44.0,46.0,48.0,50.0,53.0,56.0,57.0,59.0,63.0,70.0,inferred
South Northamptonshire,2021-07-19,47.0,54.0,59.0,61.0,62.0,65.0,68.0,70.0,73.0,75.0,77.0,82.0,90.0,inferred
South Northamptonshire,2021-07-20,44.0,50.0,54.0,55.0,56.0,59.0,62.0,64.0,68.0,70.0,71.0,76.0,84.0,inferred
South Northamptonshire,2021-07-21,39.0,44.0,48.0,50.0,51.0,54.0,57.0,59.0,62.0,63.0,65.0,70.0,78.0,inferred
South Northamptonshire,2021-07-22,33.0,40.0,43.0,45.0,46.0,49.0,51.0,54.0,56.0,58.0,59.0,64.0,70.0,inferred
South Northamptonshire,2021-07-23,26.0,31.0,35.0,36.0,37.0,40.0,42.0,44.0,46.0,48.0,49.0,53.0,60.0,inferred
South Northamptonshire,2021-07-24,19.0,24.0,27.0,28.0,29.0,31.0,33.0,35.0,37.0,38.0,39.0,42.1,49.0,inferred
South Northamptonshire,2021-07-25,18.0,23.0,26.0,27.0,28.0,29.0,31.0,33.0,35.0,37.0,38.0,42.0,47.0,inferred
South Northamptonshire,2021-07-26,23.5,29.0,32.0,34.0,35.0,37.0,39.0,41.4,44.0,45.0,47.0,51.0,57.0,inferred
South Northamptonshire,2021-07-27,21.0,25.0,28.8,30.0,31.0,33.0,35.0,37.0,39.0,40.0,42.0,45.0,51.0,inferred
South Northamptonshire,2021-07-28,21.0,25.0,28.0,29.0,30.0,32.0,34.0,36.0,38.0,40.0,41.0,44.0,51.0,inferred
South Northamptonshire,2021-07-29,19.0,23.0,26.0,28.0,29.0,31.0,33.0,34.0,37.0,38.0,39.0,43.0,49.0,inferred
South Northamptonshire,2021-07-30,16.0,20.0,23.0,24.0,25.0,27.0,29.0,31.0,33.0,34.0,36.0,39.0,44.0,inferred
South Northamptonshire,2021-07-31,13.0,16.0,19.0,20.0,21.0,23.0,24.0,26.0,28.0,28.0,30.0,33.0,39.0,inferred
South Northamptonshire,2021-08-01,14.0,18.0,20.0,21.0,22.0,24.0,26.0,27.0,29.0,30.0,31.0,35.0,40.0,inferred
South Northamptonshire,2021-08-02,20.0,25.0,28.0,29.0,30.0,32.0,34.0,36.0,38.0,40.0,41.0,45.0,51.0,inferred
South Northamptonshire,2021-08-03,19.0,24.0,27.0,28.0,29.0,31.0,33.0,35.0,36.0,38.0,39.0,43.0,48.5,inferred
South Northamptonshire,2021-08-04,20.0,25.0,27.0,29.0,30.0,32.0,33.0,35.0,37.0,39.0,40.0,44.0,49.0,inferred
South Northamptonshire,2021-08-05,19.0,24.0,27.0,28.0,29.0,31.0,33.0,35.0,37.0,38.0,40.0,44.0,50.0,inferred
South Northamptonshire,2021-08-06,17.0,22.0,24.0,25.0,26.0,28.0,30.0,32.0,34.0,35.0,36.0,39.0,45.0,inferred
South Northamptonshire,2021-08-07,14.5,18.0,21.0,21.0,22.0,24.0,26.0,28.0,30.0,31.0,32.0,35.0,40.5,inferred
South Northamptonshire,2021-08-08,15.5,20.0,22.8,23.0,25.0,26.0,28.0,30.0,32.0,33.0,34.0,38.0,44.0,inferred
South Northamptonshire,2021-08-09,24.0,29.0,32.0,33.0,35.0,37.0,39.0,42.0,44.0,45.0,47.0,51.0,56.5,inferred
South Northamptonshire,2021-08-10,24.0,28.0,31.0,32.0,33.0,35.0,37.0,40.0,42.0,43.0,45.0,49.0,56.0,inferred
South Northamptonshire,2021-08-11,24.0,28.0,31.0,32.0,33.0,35.0,37.0,39.0,42.0,43.0,44.0,49.0,55.0,inferred
South Northamptonshire,2021-08-12,23.0,27.0,30.0,31.0,32.0,34.0,36.0,39.0,41.0,42.0,44.0,48.0,53.0,inferred
South Northamptonshire,2021-08-13,19.0,24.0,27.0,28.0,29.0,31.0,33.0,35.0,37.0,38.0,40.0,43.0,51.0,inferred
South Northamptonshire,2021-08-14,16.0,20.0,22.0,23.0,24.0,26.0,28.0,29.0,31.3,32.0,34.0,37.0,43.0,inferred
South Northamptonshire,2021-08-15,17.5,21.0,24.0,25.0,26.0,28.0,30.0,32.0,34.0,35.0,37.0,40.0,46.0,inferred
South Northamptonshire,2021-08-16,25.0,30.0,34.0,35.0,36.0,38.0,41.0,43.0,45.0,47.0,48.0,52.0,58.0,inferred
South Northamptonshire,2021-08-17,24.0,28.0,31.0,33.0,34.0,36.0,38.0,40.4,43.0,44.0,46.0,49.1,57.0,inferred
South Northamptonshire,2021-08-18,24.0,29.0,32.0,34.0,35.0,37.0,39.0,41.0,43.0,44.0,46.0,49.0,56.0,inferred
South Northamptonshire,2021-08-19,22.5,27.0,30.8,32.0,33.0,35.0,37.0,39.0,41.0,43.0,44.0,47.0,54.0,inferred
South Northamptonshire,2021-08-20,20.0,24.0,27.0,28.0,29.0,31.0,34.0,35.0,37.0,39.0,40.0,43.0,49.0,inferred
South Northamptonshire,2021-08-21,16.0,19.0,22.0,23.0,24.0,26.0,28.0,29.0,31.0,32.0,34.0,37.0,43.0,inferred
South Northamptonshire,2021-08-22,17.0,21.0,24.0,25.0,26.0,28.0,30.0,31.0,33.0,34.0,36.0,40.0,45.0,inferred
South Northamptonshire,2021-08-23,25.0,29.0,33.0,34.0,35.0,38.0,40.0,42.0,44.0,45.0,47.0,51.0,58.0,inferred
South Northamptonshire,2021-08-24,25.0,29.0,32.0,33.0,34.0,36.0,38.0,40.0,43.0,44.0,45.0,49.0,56.0,inferred
South Northamptonshire,2021-08-25,24.0,29.0,33.0,34.0,35.0,37.0,39.0,41.0,44.0,45.0,46.0,50.0,55.5,inferred
South Northamptonshire,2021-08-26,25.0,29.0,32.0,33.0,34.0,36.6,39.0,41.0,43.0,44.0,46.0,50.0,56.0,inferred
South Northamptonshire,2021-08-27,22.0,26.0,29.0,30.0,31.0,33.0,35.0,37.0,40.0,41.0,42.2,46.0,53.0,inferred
South Northamptonshire,2021-08-28,18.0,22.0,24.0,26.0,27.0,29.0,31.0,33.0,34.0,36.0,37.0,40.0,46.0,inferred
South Northamptonshire,2021-08-29,20.0,24.0,27.0,28.0,29.0,31.0,33.0,35.0,37.0,39.0,40.0,44.0,50.0,inferred
South Northamptonshire,2021-08-30,30.0,35.0,39.0,40.0,41.0,44.0,46.0,48.0,51.0,53.0,54.0,59.0,65.0,inferred
South Northamptonshire,2021-08-31,28.0,33.0,37.0,38.0,40.0,42.0,44.0,46.0,49.0,50.0,52.0,56.0,63.0,inferred
South Northamptonshire,2021-09-01,29.0,34.0,37.0,39.0,40.0,42.6,45.0,47.0,50.0,51.0,53.0,57.0,63.0,inferred
South Northamptonshire,2021-09-02,28.0,33.0,36.0,38.0,39.0,41.0,43.0,45.0,48.0,49.0,51.0,55.0,62.0,inferred
South Northamptonshire,2021-09-03,25.0,30.0,33.0,34.0,35.0,37.0,39.0,41.0,44.0,45.0,46.0,50.0,57.0,inferred
South Northamptonshire,2021-09-04,20.0,24.0,27.0,28.0,29.0,31.0,33.0,35.0,37.0,39.0,40.0,44.0,50.0,inferred
South Northamptonshire,2021-09-05,22.0,26.0,29.0,30.8,32.0,34.0,36.0,38.0,40.0,41.0,42.0,47.0,52.0,inferred
South Northamptonshire,2021-09-06,33.0,37.0,41.0,43.0,44.0,46.0,48.5,51.0,54.0,55.0,57.0,62.0,70.0,inferred
South Northamptonshire,2021-09-07,29.5,34.9,38.0,40.0,41.0,43.0,45.0,48.0,50.0,52.0,53.0,57.0,65.0,inferred
South Northamptonshire,2021-09-08,29.5,34.0,38.0,39.0,40.0,43.0,45.0,47.0,50.0,51.0,53.0,57.0,64.5,inferred
South Northamptonshire,2021-09-09,28.0,33.0,36.0,37.0,39.0,41.0,43.0,46.0,48.0,49.0,51.0,55.0,62.0,inferred
South Northamptonshire,2021-09-10,25.0,29.0,32.0,33.0,34.0,36.0,38.0,40.0,42.0,44.0,45.0,49.0,56.0,inferred
South Northamptonshire,2021-09-11,19.0,23.0,26.0,27.0,29.0,31.0,33.0,34.0,36.0,37.0,39.0,42.0,50.0,inferred
South Northamptonshire,2021-09-12,20.5,25.0,28.0,29.0,30.0,32.0,34.0,36.0,38.0,39.0,41.0,45.0,52.0,inferred
South Northamptonshire,2021-09-13,29.0,34.0,38.0,39.0,41.0,43.0,45.0,47.0,50.0,51.0,53.0,57.0,65.0,inferred
South Northamptonshire,2021-09-14,28.0,33.0,36.0,37.0,38.7,41.0,44.0,46.0,48.0,49.0,51.0,55.0,62.0,inferred
South Northamptonshire,2021-09-15,30.0,34.0,38.0,39.0,41.0,43.0,45.0,48.0,50.0,52.0,53.0,58.0,64.0,inferred
South Northamptonshire,2021-09-16,30.0,35.0,39.0,40.0,41.0,44.0,46.0,48.0,51.0,53.0,54.0,59.0,64.0,inferred
South Northamptonshire,2021-09-17,27.0,33.0,36.0,38.0,39.0,41.0,43.0,45.0,48.0,50.0,51.0,55.0,62.0,inferred
South Northamptonshire,2021-09-18,24.0,29.0,33.0,34.0,35.0,37.0,39.0,41.0,44.0,45.0,46.0,50.0,57.0,inferred
South Northamptonshire,2021-09-19,27.0,33.0,36.8,38.0,39.0,41.0,43.0,46.0,48.0,50.0,51.0,55.0,62.0,inferred
South Northamptonshire,2021-09-20,42.0,49.0,53.0,54.8,56.0,59.0,61.0,64.0,67.0,69.0,71.0,75.0,82.5,inferred
South Northamptonshire,2021-09-21,40.0,46.0,50.0,52.0,53.0,56.0,59.0,61.0,64.0,66.0,68.0,72.0,80.0,inferred
South Northamptonshire,2021-09-22,40.0,46.0,50.0,52.0,54.0,56.0,59.0,62.0,64.0,66.0,68.0,72.0,79.0,inferred
South Northamptonshire,2021-09-23,39.0,45.0,48.0,49.0,51.0,53.0,56.0,58.0,61.0,62.0,65.0,70.0,78.0,inferred
South Northamptonshire,2021-09-24,34.0,38.0,42.0,43.0,45.0,47.0,50.0,52.0,55.0,56.0,58.0,62.0,69.0,inferred
South Northamptonshire,2021-09-25,28.0,31.0,35.0,36.0,38.0,40.0,42.0,44.0,46.3,48.0,49.0,54.0,60.0,inferred
South Northamptonshire,2021-09-26,28.0,34.0,37.0,39.0,40.0,42.0,45.0,47.0,49.0,51.0,52.0,55.1,63.0,inferred
South Northamptonshire,2021-09-27,40.0,47.0,51.0,53.0,54.0,57.0,59.0,62.0,65.0,67.0,69.0,74.0,81.5,inferred
South Northamptonshire,2021-09-28,38.0,44.0,48.0,50.0,51.0,54.0,56.0,59.0,62.0,64.0,66.0,71.0,79.0,inferred
South Northamptonshire,2021-09-29,38.0,45.0,50.0,51.0,52.0,55.0,58.0,60.0,63.3,65.0,67.0,72.0,80.0,inferred
South Northamptonshire,2021-09-30,38.0,45.0,49.0,51.0,52.0,55.0,57.0,60.0,62.0,64.0,66.0,71.0,78.0,inferred
South Northamptonshire,2021-10-01,35.0,41.0,45.0,46.0,47.0,50.0,52.0,55.0,58.0,59.0,61.0,65.0,73.0,inferred
South Northamptonshire,2021-10-02,29.0,35.0,39.0,41.0,42.0,44.0,47.0,49.0,51.0,52.0,54.0,58.0,64.0,inferred
South Northamptonshire,2021-10-03,34.0,39.0,43.0,44.0,46.0,48.0,50.0,53.0,55.0,56.2,58.0,63.0,70.5,inferred
South Northamptonshire,2021-10-04,49.0,55.0,60.0,62.0,63.0,66.0,69.0,72.0,75.0,76.0,78.0,84.0,93.0,inferred
South Northamptonshire,2021-10-05,48.0,54.0,58.0,60.0,62.0,65.0,67.0,71.0,74.0,76.0,78.0,83.0,91.0,inferred
South Northamptonshire,2021-10-06,50.0,57.0,62.0,64.0,65.0,68.0,71.0,74.0,77.0,78.2,81.0,86.0,96.0,inferred
South Northamptonshire,2021-10-07,51.0,58.0,62.0,64.0,66.0,69.0,71.0,74.0,77.0,79.0,81.0,86.0,92.0,inferred
South Northamptonshire,2021-10-08,46.0,54.0,58.0,60.0,61.0,64.0,66.0,68.4,72.0,74.0,75.2,81.0,89.0,inferred
South Northamptonshire,2021-10-09,41.0,47.0,51.0,52.0,54.0,56.0,59.0,62.0,64.0,66.0,68.0,72.0,80.0,inferred
South Northamptonshire,2021-10-10,45.0,52.0,56.0,58.0,59.0,62.0,65.0,68.0,71.0,72.0,74.0,80.0,88.5,inferred
South Northamptonshire,2021-10-11,67.0,75.0,80.0,83.0,84.0,87.0,91.0,94.0,98.0,100.0,102.0,108.0,116.5,inferred
South Northamptonshire,2021-10-12,64.5,72.0,77.0,79.0,80.0,83.6,87.0,90.0,93.3,96.0,98.0,103.0,113.0,inferred
South Northamptonshire,2021-10-13,64.0,71.0,76.0,78.0,80.0,84.0,87.0,90.0,93.0,95.0,98.0,104.0,113.0,inferred
South Northamptonshire,2021-10-14,62.0,69.0,74.0,76.0,77.0,81.0,84.0,88.0,91.0,93.0,95.0,102.0,111.5,inferred
South Northamptonshire,2021-10-15,52.5,59.0,65.0,67.0,69.0,72.0,75.0,79.0,82.0,84.0,86.2,93.0,103.0,inferred
South Oxfordshire,2021-07-03,19.0,24.0,27.8,29.0,30.0,33.0,35.0,37.4,40.0,42.0,44.0,48.0,55.5,inferred
South Oxfordshire,2021-07-04,21.0,26.0,30.0,31.0,33.0,35.0,38.0,40.0,43.0,44.0,46.0,51.0,59.5,inferred
South Oxfordshire,2021-07-05,32.0,39.0,43.0,45.0,46.0,49.0,52.0,55.0,58.0,60.0,62.0,67.0,76.0,inferred
South Oxfordshire,2021-07-06,34.0,39.0,44.0,46.0,47.0,50.0,53.0,56.0,59.0,61.0,63.0,69.0,79.0,inferred
South Oxfordshire,2021-07-07,36.0,42.0,47.0,49.0,50.0,53.0,56.0,59.0,62.0,64.2,66.2,72.0,81.5,inferred
South Oxfordshire,2021-07-08,35.0,42.0,47.0,48.0,50.0,53.0,56.0,59.0,63.0,65.0,67.0,72.1,81.0,inferred
South Oxfordshire,2021-07-09,34.5,42.0,46.0,48.0,49.0,52.0,55.0,58.0,62.0,64.0,66.0,71.0,80.0,inferred
South Oxfordshire,2021-07-10,31.0,36.0,40.0,42.0,44.0,47.0,50.0,53.0,56.0,58.0,60.0,66.0,74.5,inferred
South Oxfordshire,2021-07-11,33.0,40.0,45.0,47.0,48.0,51.0,54.0,57.0,61.0,63.0,65.0,70.0,79.5,inferred
South Oxfordshire,2021-07-12,49.0,59.0,65.0,67.0,69.0,73.0,77.0,80.0,85.0,87.0,89.0,97.0,109.0,inferred
South Oxfordshire,2021-07-13,49.0,57.0,64.0,66.0,68.0,72.0,76.0,79.0,83.0,86.0,88.0,95.0,107.0,inferred
South Oxfordshire,2021-07-14,49.0,58.0,64.0,66.0,68.0,72.0,75.0,79.0,83.0,86.0,88.0,96.0,106.5,inferred
South Oxfordshire,2021-07-15,46.0,54.0,59.0,61.0,63.0,67.0,70.0,73.0,77.0,79.0,82.0,89.0,98.0,inferred
South Oxfordshire,2021-07-16,40.0,47.0,52.0,54.0,56.0,59.0,62.0,65.0,69.0,71.0,73.0,80.0,90.0,inferred
South Oxfordshire,2021-07-17,32.0,38.0,42.0,44.0,46.0,48.0,51.0,54.0,58.0,60.0,62.0,68.0,77.0,inferred
South Oxfordshire,2021-07-18,31.0,38.0,42.0,44.0,46.0,48.0,51.0,54.0,58.0,59.0,61.0,67.0,76.0,inferred
South Oxfordshire,2021-07-19,43.0,50.0,56.0,58.0,60.0,64.0,67.0,70.0,74.0,76.0,78.0,84.0,96.0,inferred
South Oxfordshire,2021-07-20,40.0,46.0,51.0,53.0,54.0,58.0,61.0,65.0,68.0,71.0,73.0,80.0,92.0,inferred
South Oxfordshire,2021-07-21,37.0,43.0,48.0,50.0,51.0,54.0,57.0,60.0,64.0,65.0,68.0,74.0,84.5,inferred
South Oxfordshire,2021-07-22,30.5,37.0,41.0,43.0,44.0,47.0,50.0,53.0,56.0,58.0,60.0,66.0,77.0,inferred
South Oxfordshire,2021-07-23,24.0,30.0,35.0,36.0,38.0,41.0,43.0,46.0,49.0,50.0,52.0,57.0,67.0,inferred
South Oxfordshire,2021-07-24,17.5,23.0,27.0,28.0,29.0,31.0,34.0,36.0,39.0,41.0,42.0,47.0,53.0,inferred
South Oxfordshire,2021-07-25,17.0,22.0,25.0,26.0,27.0,30.0,32.0,34.0,37.0,39.0,40.0,45.0,51.0,inferred
South Oxfordshire,2021-07-26,23.0,28.0,32.0,34.0,35.0,38.0,41.0,43.0,46.0,48.0,50.0,54.0,63.0,inferred
South Oxfordshire,2021-07-27,21.0,26.0,30.0,31.0,32.0,35.0,37.0,40.0,43.0,44.0,46.0,51.0,61.5,inferred
South Oxfordshire,2021-07-28,21.5,27.0,31.0,32.0,33.0,36.0,38.0,41.0,44.0,45.0,48.0,53.0,63.0,inferred
South Oxfordshire,2021-07-29,20.0,25.0,29.0,30.0,32.0,35.0,37.0,40.0,42.0,44.0,46.0,51.0,59.0,inferred
South Oxfordshire,2021-07-30,19.0,24.0,27.0,29.0,30.0,32.0,35.0,37.0,40.0,42.0,43.0,48.0,54.0,inferred
South Oxfordshire,2021-07-31,14.0,20.0,23.0,24.0,25.0,28.0,30.0,33.0,35.0,37.0,38.0,43.0,51.0,inferred
South Oxfordshire,2021-08-01,15.0,20.0,24.0,25.0,27.0,29.0,31.0,33.0,36.0,37.0,39.0,44.0,51.0,inferred
South Oxfordshire,2021-08-02,24.0,29.9,33.0,35.0,37.0,40.0,43.0,46.0,49.0,51.0,53.0,58.0,67.0,inferred
South Oxfordshire,2021-08-03,24.0,30.9,34.0,36.0,37.0,40.0,43.0,46.0,49.0,50.0,52.0,57.0,65.0,inferred
South Oxfordshire,2021-08-04,26.0,32.0,35.0,37.0,38.0,41.0,43.0,46.0,49.0,51.0,53.0,58.0,66.0,inferred
South Oxfordshire,2021-08-05,24.0,30.0,35.0,37.0,38.0,41.0,44.0,46.0,49.0,50.2,52.0,58.0,67.0,inferred
South Oxfordshire,2021-08-06,23.0,29.0,33.0,35.0,36.0,39.0,41.0,44.0,47.0,49.0,51.0,56.0,64.0,inferred
South Oxfordshire,2021-08-07,20.0,25.0,29.0,30.0,32.0,34.0,37.0,39.0,42.0,44.0,46.0,50.0,58.5,inferred
South Oxfordshire,2021-08-08,21.0,27.0,31.0,32.0,34.0,37.0,39.0,42.0,44.0,46.0,48.0,53.0,61.0,inferred
South Oxfordshire,2021-08-09,33.0,40.0,44.0,46.0,48.0,51.0,54.0,57.0,61.0,62.0,65.0,71.0,81.0,inferred
South Oxfordshire,2021-08-10,33.0,39.0,44.0,46.0,48.0,50.0,53.0,56.0,60.0,62.0,64.0,70.0,80.0,inferred
South Oxfordshire,2021-08-11,35.0,41.0,46.0,48.0,50.0,53.0,56.0,59.0,63.0,65.0,67.0,73.0,84.0,inferred
South Oxfordshire,2021-08-12,34.0,42.0,47.0,49.0,51.0,54.0,57.0,60.0,64.0,65.0,68.0,74.0,84.0,inferred
South Oxfordshire,2021-08-13,33.0,41.0,46.0,48.0,49.0,52.0,56.0,59.0,62.0,64.0,66.0,71.0,81.0,inferred
South Oxfordshire,2021-08-14,29.5,36.9,41.0,42.0,44.0,47.0,50.0,53.0,56.0,58.0,60.0,66.0,73.5,inferred
South Oxfordshire,2021-08-15,34.0,40.0,44.0,46.0,48.0,51.0,54.0,57.0,60.0,62.0,64.0,70.0,81.0,inferred
South Oxfordshire,2021-08-16,49.0,56.0,63.0,65.0,67.0,71.0,75.0,79.0,82.0,84.0,87.0,94.0,107.0,inferred
South Oxfordshire,2021-08-17,47.0,57.0,63.0,65.0,67.0,71.0,74.0,78.0,81.0,83.0,86.0,93.0,104.5,inferred
South Oxfordshire,2021-08-18,50.0,58.0,64.0,66.0,68.0,72.0,75.0,79.0,83.0,84.0,87.0,93.0,106.0,inferred
South Oxfordshire,2021-08-19,46.0,53.0,59.0,61.0,63.0,66.0,70.0,73.4,77.0,79.0,82.0,88.0,99.5,inferred
South Oxfordshire,2021-08-20,42.0,49.0,54.0,56.0,58.0,61.0,64.0,67.0,71.0,73.0,75.0,81.0,93.0,inferred
South Oxfordshire,2021-08-21,33.0,41.0,45.0,47.0,48.0,51.0,54.0,58.0,61.0,63.0,65.0,71.0,81.5,inferred
South Oxfordshire,2021-08-22,33.0,39.9,44.0,46.0,48.0,51.0,54.0,58.0,61.0,63.0,65.0,70.0,81.5,inferred
South Oxfordshire,2021-08-23,48.0,56.0,63.0,65.0,67.0,71.0,74.0,77.0,81.0,84.0,86.0,93.0,105.0,inferred
South Oxfordshire,2021-08-24,45.0,54.0,59.0,62.0,63.0,67.0,71.0,74.0,78.0,80.0,82.0,89.0,100.0,inferred
South Oxfordshire,2021-08-25,47.5,55.0,60.0,62.8,64.0,68.0,71.0,75.0,78.3,81.0,84.0,90.0,100.0,inferred
South Oxfordshire,2021-08-26,46.0,53.0,57.0,59.0,61.0,65.0,68.0,71.0,76.0,78.0,80.0,86.0,96.0,inferred
South Oxfordshire,2021-08-27,41.0,48.0,53.0,55.0,57.0,60.0,63.0,67.0,71.0,73.0,75.0,81.0,90.5,inferred
South Oxfordshire,2021-08-28,33.0,40.0,45.0,47.0,48.0,51.0,54.0,57.0,61.0,62.0,64.0,69.0,80.0,inferred
South Oxfordshire,2021-08-29,35.0,42.9,47.0,49.0,51.0,54.0,57.0,60.0,63.0,64.0,67.0,73.0,83.5,inferred
South Oxfordshire,2021-08-30,51.0,59.0,65.0,67.0,69.0,73.0,76.0,80.0,84.0,86.0,88.0,96.0,105.5,inferred
South Oxfordshire,2021-08-31,48.0,55.0,61.0,63.0,65.0,69.0,73.0,76.0,81.0,83.2,86.0,92.0,105.0,inferred
South Oxfordshire,2021-09-01,47.0,56.0,61.0,63.0,65.0,68.0,71.0,74.4,79.0,81.0,84.0,91.0,102.0,inferred
South Oxfordshire,2021-09-02,44.0,50.0,56.0,57.8,59.0,62.0,65.0,69.0,72.3,74.0,77.0,83.0,94.5,inferred
South Oxfordshire,2021-09-03,36.0,43.0,48.0,50.0,52.0,55.0,58.0,61.0,64.0,66.0,69.0,75.0,85.0,inferred
South Oxfordshire,2021-09-04,27.5,34.0,39.0,40.0,42.0,45.0,47.0,50.0,53.0,55.0,57.0,62.0,72.0,inferred
South Oxfordshire,2021-09-05,28.0,34.0,38.0,40.0,41.0,44.0,47.0,50.0,53.0,55.0,57.0,63.0,71.0,inferred
South Oxfordshire,2021-09-06,38.0,45.0,50.0,52.0,54.0,58.0,61.0,65.0,68.0,70.0,72.0,79.0,88.0,inferred
South Oxfordshire,2021-09-07,34.0,41.0,46.0,48.0,50.0,53.0,56.0,59.0,63.0,65.0,67.0,73.0,83.0,inferred
South Oxfordshire,2021-09-08,33.0,39.0,44.0,46.0,48.0,51.0,54.5,58.0,61.0,63.0,65.0,71.0,80.0,inferred
South Oxfordshire,2021-09-09,31.0,36.0,40.0,42.0,44.0,47.0,49.0,52.0,55.0,57.0,59.0,64.0,74.0,inferred
South Oxfordshire,2021-09-10,25.0,31.0,35.0,36.0,38.0,41.0,44.0,46.0,50.0,51.0,54.0,59.0,67.5,inferred
South Oxfordshire,2021-09-11,19.5,24.0,28.0,30.0,31.0,34.0,36.0,38.0,41.0,43.0,45.0,50.0,58.0,inferred
South Oxfordshire,2021-09-12,20.0,25.0,28.0,29.0,31.0,33.6,36.0,38.0,41.0,42.0,44.0,48.0,56.0,inferred
South Oxfordshire,2021-09-13,26.5,33.0,38.0,39.0,41.0,43.0,46.0,49.0,52.0,54.0,56.0,62.0,71.0,inferred
South Oxfordshire,2021-09-14,26.0,32.0,36.0,38.0,39.0,42.0,45.0,48.0,51.0,53.0,55.0,60.0,69.0,inferred
South Oxfordshire,2021-09-15,28.0,33.9,38.0,40.0,41.0,44.0,47.0,50.0,53.0,55.0,57.0,62.1,72.5,inferred
South Oxfordshire,2021-09-16,27.0,33.0,38.0,40.0,41.0,44.0,46.0,48.0,51.0,53.0,55.0,61.0,71.0,inferred
South Oxfordshire,2021-09-17,27.0,32.0,36.0,38.0,39.0,42.0,45.0,47.0,50.0,52.0,54.0,59.0,68.0,inferred
South Oxfordshire,2021-09-18,22.0,27.0,32.0,33.0,35.0,37.0,40.0,42.0,45.0,47.0,49.0,54.0,61.0,inferred
South Oxfordshire,2021-09-19,24.0,30.0,34.0,36.0,37.0,39.0,42.0,45.0,48.0,49.0,51.0,57.0,66.0,inferred
South Oxfordshire,2021-09-20,36.0,44.0,48.0,50.8,52.0,55.0,59.0,61.4,65.0,68.0,70.0,76.0,87.0,inferred
South Oxfordshire,2021-09-21,35.0,43.0,48.0,50.0,51.0,54.0,57.0,61.0,64.0,66.0,69.0,75.0,84.0,inferred
South Oxfordshire,2021-09-22,34.0,42.0,48.0,49.0,51.0,54.0,57.0,60.0,64.0,66.0,68.0,74.0,85.5,inferred
South Oxfordshire,2021-09-23,34.0,40.0,44.0,46.0,48.0,52.0,55.0,58.0,61.0,63.0,65.0,72.0,82.0,inferred
South Oxfordshire,2021-09-24,30.5,37.0,41.0,43.0,45.0,48.0,51.0,54.0,56.0,58.2,60.0,66.0,74.0,inferred
South Oxfordshire,2021-09-25,25.0,30.0,34.0,36.0,37.0,40.0,43.0,45.0,48.0,50.0,52.0,58.0,65.0,inferred
South Oxfordshire,2021-09-26,26.0,31.0,35.0,37.0,39.0,41.0,44.0,47.0,50.0,51.0,53.0,59.0,67.0,inferred
South Oxfordshire,2021-09-27,36.0,44.0,49.0,51.0,52.0,56.0,58.0,62.0,66.0,68.0,70.0,77.0,87.0,inferred
South Oxfordshire,2021-09-28,35.0,42.0,47.0,49.0,51.0,55.0,58.0,60.0,64.0,66.0,68.0,75.0,85.0,inferred
South Oxfordshire,2021-09-29,37.5,44.0,49.0,51.0,52.0,56.0,59.0,62.0,66.0,68.0,70.0,77.0,87.0,inferred
South Oxfordshire,2021-09-30,37.0,43.0,48.0,49.0,52.0,55.0,58.5,62.0,65.0,67.0,69.0,75.0,84.0,inferred
South Oxfordshire,2021-10-01,35.0,41.0,46.0,47.0,49.0,52.0,55.0,58.0,61.0,63.0,66.0,71.1,81.0,inferred
South Oxfordshire,2021-10-02,29.0,35.0,39.0,41.0,43.0,46.0,48.0,51.0,54.0,56.0,58.0,63.1,73.0,inferred
South Oxfordshire,2021-10-03,30.0,37.0,41.0,43.0,44.0,47.0,50.0,53.0,56.0,58.0,60.0,66.1,77.0,inferred
South Oxfordshire,2021-10-04,45.5,53.0,58.0,61.0,62.0,66.0,69.0,73.0,77.0,80.0,83.0,89.1,102.0,inferred
South Oxfordshire,2021-10-05,46.5,54.0,59.0,61.0,63.0,67.0,70.0,74.0,78.0,81.0,83.0,89.0,99.0,inferred
South Oxfordshire,2021-10-06,50.0,58.0,64.0,66.0,68.0,71.0,75.0,78.0,82.0,85.0,87.0,95.0,106.5,inferred
South Oxfordshire,2021-10-07,51.0,59.0,64.0,67.0,68.0,72.0,75.0,79.0,83.0,86.0,88.0,96.0,106.0,inferred
South Oxfordshire,2021-10-08,49.0,57.9,64.0,66.0,68.0,71.0,75.0,78.0,82.0,84.0,86.2,94.0,106.0,inferred
South Oxfordshire,2021-10-09,43.0,52.0,56.8,59.0,61.0,64.0,67.0,70.4,74.0,76.0,79.0,85.0,97.5,inferred
South Oxfordshire,2021-10-10,48.0,56.0,62.0,64.0,66.0,70.0,74.0,77.0,81.0,83.0,86.0,93.0,105.0,inferred
South Oxfordshire,2021-10-11,73.0,83.0,90.0,93.0,95.0,100.0,103.0,108.0,113.0,116.0,119.0,127.0,141.0,inferred
South Oxfordshire,2021-10-12,76.0,87.0,94.0,97.0,100.0,104.0,108.0,113.0,117.0,119.0,122.0,130.0,142.0,inferred
South Oxfordshire,2021-10-13,85.0,97.0,104.0,107.0,110.0,115.0,119.0,123.0,128.0,132.0,135.0,144.0,159.5,inferred
South Oxfordshire,2021-10-14,88.0,100.0,107.0,110.0,113.0,118.0,123.0,129.0,135.0,139.0,142.0,150.0,166.0,inferred
South Oxfordshire,2021-10-15,85.0,99.0,108.0,111.0,115.0,120.0,125.0,130.0,135.0,138.0,142.0,153.0,170.0,inferred
South Ribble,2021-07-03,23.0,28.0,31.0,33.0,34.0,37.0,39.0,42.0,44.0,46.0,48.0,53.0,62.0,inferred
South Ribble,2021-07-04,23.0,29.9,34.0,35.0,37.0,40.0,43.0,45.0,48.0,50.0,51.2,56.0,63.0,inferred
South Ribble,2021-07-05,38.0,45.0,50.0,52.0,54.0,57.0,60.0,63.0,66.0,68.0,70.0,76.0,86.0,inferred
South Ribble,2021-07-06,37.0,44.0,49.0,51.0,52.0,56.0,59.0,62.0,65.0,67.0,70.0,76.0,87.0,inferred
South Ribble,2021-07-07,40.0,47.0,52.0,54.0,56.0,60.0,63.0,66.0,70.0,72.0,75.0,80.1,90.0,inferred
South Ribble,2021-07-08,41.0,49.0,54.0,56.0,58.0,61.0,65.0,68.0,72.0,74.0,76.0,82.0,93.5,inferred
South Ribble,2021-07-09,38.0,45.0,50.8,53.0,54.7,58.0,61.0,65.0,68.0,70.0,72.0,79.0,90.0,inferred
South Ribble,2021-07-10,35.0,40.0,45.0,47.0,49.0,52.0,55.0,59.0,62.0,64.0,66.0,72.0,82.0,inferred
South Ribble,2021-07-11,39.0,47.0,51.0,54.0,56.0,59.0,62.0,66.0,70.0,72.0,74.2,81.0,91.0,inferred
South Ribble,2021-07-12,63.0,72.0,79.0,82.0,85.0,89.0,93.0,98.0,102.0,105.0,108.0,116.0,128.0,inferred
South Ribble,2021-07-13,61.0,72.0,79.0,82.0,85.0,89.0,93.0,98.0,102.0,104.0,106.0,114.0,127.5,inferred
South Ribble,2021-07-14,66.0,75.0,81.0,84.0,86.0,90.0,94.0,98.0,103.0,105.0,108.0,116.0,130.0,inferred
South Ribble,2021-07-15,62.0,71.0,78.0,81.0,83.0,87.0,91.0,95.0,99.0,103.0,105.0,114.0,125.0,inferred
South Ribble,2021-07-16,55.0,63.0,69.0,71.0,73.0,77.6,81.0,85.0,90.0,92.0,94.0,102.1,115.0,inferred
South Ribble,2021-07-17,44.0,51.9,57.0,59.0,61.0,65.0,69.0,72.0,76.0,79.0,81.0,88.0,98.5,inferred
South Ribble,2021-07-18,48.0,56.0,61.0,64.0,66.0,69.0,73.0,77.0,80.0,83.0,85.0,92.0,102.0,inferred
South Ribble,2021-07-19,69.0,80.0,87.0,89.0,91.0,95.0,99.0,104.0,109.0,112.0,115.0,123.0,135.0,inferred
South Ribble,2021-07-20,62.0,71.0,77.0,80.0,82.0,86.6,91.0,94.0,99.0,101.0,104.0,112.0,124.5,inferred
South Ribble,2021-07-21,55.5,63.0,70.0,73.0,75.0,79.0,82.0,86.0,90.0,93.0,96.0,104.0,115.5,inferred
South Ribble,2021-07-22,47.0,56.0,61.0,63.0,65.7,69.0,73.0,77.0,80.0,83.0,85.0,91.0,101.0,inferred
South Ribble,2021-07-23,35.0,43.0,48.0,50.0,51.0,55.0,58.0,61.0,64.0,66.0,68.0,75.0,85.0,inferred
South Ribble,2021-07-24,24.0,30.0,34.0,36.0,38.0,41.0,43.0,46.0,50.0,51.0,53.0,59.0,69.0,inferred
South Ribble,2021-07-25,24.0,28.0,32.0,34.0,35.0,38.0,41.0,44.0,47.0,49.0,51.0,56.0,66.0,inferred
South Ribble,2021-07-26,32.0,38.0,42.8,45.0,46.0,50.0,52.5,55.4,59.0,61.0,63.0,68.0,80.5,inferred
South Ribble,2021-07-27,28.0,34.0,38.0,40.0,42.0,44.0,47.0,50.0,53.0,55.0,57.0,62.0,74.0,inferred
South Ribble,2021-07-28,25.0,32.0,37.0,38.0,40.0,42.0,45.0,48.0,52.0,54.0,56.0,62.0,71.5,inferred
South Ribble,2021-07-29,24.0,30.0,34.0,36.0,37.0,40.0,43.0,46.0,49.0,51.0,53.0,58.0,67.5,inferred
South Ribble,2021-07-30,19.5,25.0,29.0,31.0,32.0,35.0,37.0,40.0,43.0,44.0,46.0,51.0,59.5,inferred
South Ribble,2021-07-31,15.0,20.0,23.0,24.0,26.0,28.0,30.0,33.0,36.0,37.0,39.0,44.0,52.0,inferred
South Ribble,2021-08-01,16.0,21.0,25.0,26.0,27.0,30.0,32.0,34.0,37.0,38.0,40.0,45.0,52.0,inferred
South Ribble,2021-08-02,24.0,30.0,34.0,36.0,38.0,41.0,44.0,47.0,50.0,52.0,54.0,60.0,69.0,inferred
South Ribble,2021-08-03,23.0,29.0,34.0,35.0,37.0,39.0,42.0,44.0,48.0,49.0,51.0,56.1,64.0,inferred
South Ribble,2021-08-04,25.0,31.0,35.0,36.0,37.0,40.0,43.0,46.0,49.0,51.0,53.0,58.1,68.0,inferred
South Ribble,2021-08-05,24.0,31.0,34.0,36.0,38.0,40.0,43.0,47.0,49.0,51.0,53.0,58.0,69.0,inferred
South Ribble,2021-08-06,21.0,28.0,32.0,33.8,35.0,37.0,40.0,43.0,45.0,47.0,49.0,56.0,64.0,inferred
South Ribble,2021-08-07,18.0,23.0,26.0,28.0,29.0,32.0,34.0,37.0,40.0,41.0,43.0,48.0,56.0,inferred
South Ribble,2021-08-08,20.0,26.0,30.0,31.0,33.0,36.0,38.0,41.0,44.0,46.0,48.0,53.0,61.5,inferred
South Ribble,2021-08-09,32.0,39.0,44.0,46.0,48.0,51.0,54.0,58.0,62.0,64.0,67.0,73.0,82.0,inferred
South Ribble,2021-08-10,32.0,39.0,44.0,46.0,48.0,51.0,54.0,57.0,60.0,62.0,64.0,71.0,81.0,inferred
South Ribble,2021-08-11,34.0,40.0,45.0,47.0,48.0,51.0,54.0,58.0,61.0,64.0,66.0,72.0,81.0,inferred
South Ribble,2021-08-12,34.0,40.0,44.0,46.0,48.0,51.0,54.0,57.0,60.0,62.0,64.0,70.0,79.0,inferred
South Ribble,2021-08-13,28.0,35.0,40.0,42.0,43.0,46.0,49.0,52.0,55.0,57.0,59.0,65.1,74.0,inferred
South Ribble,2021-08-14,23.0,29.0,33.0,35.0,36.0,39.0,42.0,45.0,48.0,49.0,51.0,57.0,67.0,inferred
South Ribble,2021-08-15,26.0,32.0,36.0,38.0,40.0,43.0,45.0,48.0,51.0,53.0,55.0,61.0,70.0,inferred
South Ribble,2021-08-16,40.0,48.0,53.0,55.0,57.0,60.0,63.0,67.0,71.0,73.0,76.0,82.0,93.0,inferred
South Ribble,2021-08-17,38.0,45.0,50.0,52.0,54.0,57.0,60.0,63.0,67.0,69.0,71.0,78.0,88.5,inferred
South Ribble,2021-08-18,38.0,45.0,50.0,52.0,54.0,57.0,60.0,63.0,66.0,68.0,71.0,77.0,88.0,inferred
South Ribble,2021-08-19,35.0,42.0,46.0,48.0,50.7,54.6,57.0,61.0,65.0,67.0,69.0,76.0,87.0,inferred
South Ribble,2021-08-20,30.0,36.0,40.0,42.0,44.0,47.0,50.0,53.0,57.0,58.0,61.0,67.0,76.0,inferred
South Ribble,2021-08-21,22.0,28.0,32.0,34.0,36.0,38.0,41.0,44.0,47.0,49.0,51.0,57.0,65.0,inferred
South Ribble,2021-08-22,23.0,30.0,34.0,36.0,37.0,40.0,43.0,45.0,49.0,51.0,53.0,59.0,68.0,inferred
South Ribble,2021-08-23,35.0,44.0,49.0,51.0,52.7,56.0,59.0,63.0,66.0,68.0,71.0,77.0,87.0,inferred
South Ribble,2021-08-24,34.0,40.0,45.0,47.0,49.0,53.0,56.0,58.4,62.0,64.0,66.2,72.0,83.0,inferred
South Ribble,2021-08-25,34.0,40.0,45.0,47.0,48.0,52.0,55.0,59.0,62.0,65.0,67.0,73.0,83.0,inferred
South Ribble,2021-08-26,31.0,38.0,43.0,45.0,47.0,50.0,53.0,56.0,59.0,61.0,64.0,71.0,81.0,inferred
South Ribble,2021-08-27,28.0,33.0,38.0,40.0,41.0,44.0,47.0,50.0,53.0,55.0,56.0,62.0,70.0,inferred
South Ribble,2021-08-28,21.0,27.0,32.0,33.0,34.0,37.0,39.0,42.0,45.0,47.0,49.0,53.0,62.0,inferred
South Ribble,2021-08-29,23.0,29.0,33.0,35.0,36.0,38.0,41.0,44.0,47.0,50.0,52.0,57.0,66.0,inferred
South Ribble,2021-08-30,35.0,43.0,47.0,49.0,51.0,54.0,57.0,61.0,64.0,67.0,69.0,75.0,85.5,inferred
South Ribble,2021-08-31,32.0,40.0,45.0,47.0,48.0,52.0,55.0,58.0,61.0,63.0,65.0,72.0,83.0,inferred
South Ribble,2021-09-01,34.0,41.0,46.0,48.0,50.0,53.0,56.0,59.0,63.0,65.0,67.0,74.0,83.0,inferred
South Ribble,2021-09-02,33.0,40.0,45.0,47.0,48.0,52.0,54.0,58.0,61.0,63.0,66.0,71.0,82.0,inferred
South Ribble,2021-09-03,28.0,35.0,40.0,41.0,43.0,46.0,49.0,52.0,55.0,57.0,60.0,65.0,74.0,inferred
South Ribble,2021-09-04,24.0,29.0,33.0,34.0,35.0,38.0,41.0,44.0,47.0,49.0,50.0,55.0,66.0,inferred
South Ribble,2021-09-05,25.0,31.0,36.0,37.0,39.0,41.0,44.0,47.0,50.0,52.0,54.0,60.0,69.0,inferred
South Ribble,2021-09-06,39.0,47.0,52.0,53.0,55.0,59.0,63.0,66.0,70.0,72.0,74.0,82.0,93.0,inferred
South Ribble,2021-09-07,34.0,43.0,48.0,50.0,52.0,55.0,58.0,62.0,66.0,68.0,70.0,76.0,85.0,inferred
South Ribble,2021-09-08,36.0,42.9,47.0,49.0,51.0,55.0,58.0,61.0,65.0,67.0,69.2,76.0,86.0,inferred
South Ribble,2021-09-09,32.0,40.0,45.0,47.0,49.0,51.0,54.0,57.0,62.0,64.0,66.0,72.0,82.0,inferred
South Ribble,2021-09-10,28.0,34.0,38.0,39.0,41.0,44.0,47.0,50.0,53.0,55.0,57.0,63.0,72.0,inferred
South Ribble,2021-09-11,21.0,26.0,30.0,32.0,33.0,36.0,38.0,41.0,44.0,45.0,47.0,53.0,62.0,inferred
South Ribble,2021-09-12,22.0,27.0,32.0,33.0,35.0,37.0,40.0,42.0,45.0,47.0,49.0,54.0,62.0,inferred
South Ribble,2021-09-13,33.0,40.0,44.0,46.0,48.0,51.0,54.0,57.0,60.0,62.0,64.0,71.0,82.0,inferred
South Ribble,2021-09-14,29.0,36.0,40.0,42.0,44.0,47.0,50.0,54.0,56.0,58.0,60.0,66.0,75.0,inferred
South Ribble,2021-09-15,29.5,37.0,41.0,43.0,45.0,48.0,51.0,54.0,57.0,59.0,61.0,67.0,78.0,inferred
South Ribble,2021-09-16,29.0,36.0,40.0,42.0,43.0,46.0,50.0,53.0,56.0,58.0,60.0,66.0,75.0,inferred
South Ribble,2021-09-17,25.0,31.0,35.0,37.0,38.0,41.0,45.0,47.0,50.0,52.0,54.0,59.0,71.0,inferred
South Ribble,2021-09-18,20.0,26.0,29.0,31.0,32.0,34.6,37.0,40.0,43.0,44.0,46.2,51.0,59.0,inferred
South Ribble,2021-09-19,22.0,27.0,31.0,33.0,34.0,37.0,40.0,42.0,45.0,47.0,49.0,54.0,63.0,inferred
South Ribble,2021-09-20,33.0,41.0,46.0,48.0,50.0,52.0,55.0,58.0,63.0,64.0,67.0,74.0,85.0,inferred
South Ribble,2021-09-21,31.0,37.0,42.0,44.0,46.0,49.0,52.0,55.0,59.0,61.0,64.0,70.0,80.5,inferred
South Ribble,2021-09-22,31.0,38.0,43.0,45.0,46.0,50.0,53.0,56.0,60.0,62.0,63.2,70.0,80.0,inferred
South Ribble,2021-09-23,29.5,36.0,41.0,42.0,44.0,47.0,50.0,53.0,56.0,58.0,60.0,67.0,76.0,inferred
South Ribble,2021-09-24,26.0,32.0,36.0,37.0,39.0,42.0,44.0,48.0,51.0,52.2,54.0,60.0,69.0,inferred
South Ribble,2021-09-25,20.0,26.0,30.0,31.0,32.0,35.0,37.0,40.0,43.0,44.2,47.0,52.0,60.0,inferred
South Ribble,2021-09-26,22.0,28.0,32.0,34.0,35.0,38.0,40.0,43.0,46.0,48.0,50.0,55.0,66.0,inferred
South Ribble,2021-09-27,34.0,41.0,45.0,47.0,49.0,52.0,55.0,58.0,61.3,63.0,66.0,72.1,82.0,inferred
South Ribble,2021-09-28,31.0,38.0,43.0,45.0,47.0,50.0,53.0,56.0,60.0,62.0,65.0,71.0,82.0,inferred
South Ribble,2021-09-29,34.0,40.0,45.0,47.0,49.0,52.0,55.0,58.0,62.0,64.0,67.0,72.0,83.0,inferred
South Ribble,2021-09-30,35.0,41.0,46.0,47.0,49.0,52.0,55.0,58.0,61.0,64.0,66.0,73.0,82.0,inferred
South Ribble,2021-10-01,29.0,36.0,41.0,42.0,44.0,47.0,50.0,53.0,56.0,58.0,61.0,67.0,76.0,inferred
South Ribble,2021-10-02,25.0,30.0,34.0,36.0,38.0,40.0,43.0,45.0,48.0,50.0,53.0,58.0,68.0,inferred
South Ribble,2021-10-03,27.0,34.0,38.0,40.0,42.0,45.0,47.0,51.0,54.0,56.0,58.0,63.0,72.0,inferred
South Ribble,2021-10-04,43.0,53.0,58.0,60.0,62.0,65.0,69.0,73.0,76.0,78.0,81.0,90.0,100.0,inferred
South Ribble,2021-10-05,44.0,51.0,57.0,59.0,61.0,65.0,69.0,72.0,76.0,79.0,81.0,87.1,98.0,inferred
South Ribble,2021-10-06,47.0,56.0,62.0,64.0,66.0,70.0,73.0,76.4,81.0,83.0,86.0,93.0,107.0,inferred
South Ribble,2021-10-07,50.0,57.9,64.0,67.0,69.0,72.0,75.0,79.0,82.0,84.0,87.0,94.0,108.0,inferred
South Ribble,2021-10-08,45.5,54.0,60.0,62.0,64.0,68.0,71.0,75.0,79.0,81.0,83.0,90.0,101.0,inferred
South Ribble,2021-10-09,39.0,47.0,52.0,54.0,56.0,59.0,62.0,66.0,69.0,71.0,74.0,81.0,91.5,inferred
South Ribble,2021-10-10,45.0,53.0,58.0,61.0,63.0,67.0,70.0,74.0,77.3,80.0,82.0,89.1,101.0,inferred
South Ribble,2021-10-11,72.0,82.0,89.0,92.0,93.0,97.0,101.0,106.0,111.0,114.0,118.0,127.0,140.0,inferred
South Ribble,2021-10-12,69.0,78.0,85.0,88.0,90.0,94.0,99.0,103.0,108.0,110.0,113.0,122.0,137.5,inferred
South Ribble,2021-10-13,69.0,80.0,86.0,89.0,91.0,96.0,101.0,105.0,110.0,113.0,116.0,125.0,140.0,inferred
South Ribble,2021-10-14,66.0,76.0,82.0,85.0,87.0,92.0,96.0,100.4,105.0,108.0,111.0,119.1,133.0,inferred
South Ribble,2021-10-15,56.0,66.0,73.0,75.0,77.7,81.0,85.0,90.0,95.0,97.0,101.0,109.0,123.0,inferred
South Somerset,2021-07-03,9.0,12.0,14.0,15.0,16.0,18.0,20.0,22.0,24.0,25.0,27.0,31.0,37.0,inferred
South Somerset,2021-07-04,12.0,15.0,18.0,19.0,20.0,22.0,24.0,26.0,28.0,29.0,31.0,36.0,42.0,inferred
South Somerset,2021-07-05,22.0,26.0,30.0,31.0,33.0,35.0,38.0,40.0,43.0,45.0,47.0,53.0,59.0,inferred
South Somerset,2021-07-06,28.0,34.0,37.0,39.0,40.0,43.0,45.0,48.0,51.0,52.0,54.0,59.0,66.0,inferred
South Somerset,2021-07-07,32.0,38.0,42.0,44.0,46.0,49.0,51.0,54.0,57.0,58.0,60.0,66.0,74.5,inferred
South Somerset,2021-07-08,39.0,44.0,49.0,51.0,52.0,55.0,58.0,61.0,64.0,66.0,67.0,73.0,82.0,inferred
South Somerset,2021-07-09,41.0,48.0,53.0,54.0,56.0,59.0,62.0,65.0,68.0,69.0,71.0,76.0,85.0,inferred
South Somerset,2021-07-10,39.0,45.0,50.0,52.0,53.0,56.0,59.0,62.0,65.0,67.0,69.0,75.0,82.0,inferred
South Somerset,2021-07-11,48.5,56.0,60.0,62.0,64.0,67.0,70.0,73.0,76.0,78.0,81.0,86.1,97.0,inferred
South Somerset,2021-07-12,77.0,91.0,97.0,100.0,102.0,106.6,111.0,115.0,120.0,123.0,126.0,135.0,147.0,inferred
South Somerset,2021-07-13,86.0,96.0,104.0,107.0,109.0,113.0,118.0,123.0,128.0,130.0,134.0,143.0,155.5,inferred
South Somerset,2021-07-14,82.5,93.0,100.0,103.0,106.0,110.0,114.5,118.0,122.0,125.0,128.0,137.0,149.5,inferred
South Somerset,2021-07-15,77.0,87.0,93.0,96.0,98.0,102.0,106.0,111.0,115.0,118.0,120.0,128.0,141.0,inferred
South Somerset,2021-07-16,65.5,75.0,81.0,83.0,85.0,89.0,93.0,97.0,101.0,103.0,105.0,112.0,123.0,inferred
South Somerset,2021-07-17,51.0,58.0,63.0,65.0,67.0,71.0,74.0,77.0,81.0,83.0,85.0,92.0,100.0,inferred
South Somerset,2021-07-18,49.0,57.0,61.8,64.0,66.0,69.0,72.0,75.0,79.0,81.0,83.0,90.0,97.0,inferred
South Somerset,2021-07-19,66.0,76.0,83.0,85.0,87.0,91.0,95.0,99.0,102.0,105.0,108.0,116.0,126.0,inferred
South Somerset,2021-07-20,61.0,71.0,78.0,80.0,82.0,86.0,89.0,93.0,97.0,99.0,102.0,111.0,123.0,inferred
South Somerset,2021-07-21,56.0,63.0,69.0,72.0,74.0,78.0,81.0,85.0,89.0,91.0,93.0,100.1,111.0,inferred
South Somerset,2021-07-22,48.0,56.0,61.0,63.0,65.0,68.0,71.0,74.0,77.0,79.0,81.0,88.0,97.0,inferred
South Somerset,2021-07-23,38.0,45.0,49.8,51.0,53.0,56.0,59.0,62.0,65.0,67.0,69.0,74.0,82.0,inferred
South Somerset,2021-07-24,28.0,33.0,36.0,38.0,39.0,42.0,44.0,46.0,49.0,51.0,52.0,57.0,66.0,inferred
South Somerset,2021-07-25,25.0,30.0,34.0,35.0,37.0,39.0,41.0,44.0,46.0,48.0,50.0,54.0,63.0,inferred
South Somerset,2021-07-26,31.5,38.9,42.0,44.0,46.0,49.0,52.0,54.0,58.0,59.0,61.0,67.0,76.0,inferred
South Somerset,2021-07-27,32.0,37.0,41.0,43.0,45.0,48.0,50.0,53.0,56.0,57.0,59.0,64.0,71.5,inferred
South Somerset,2021-07-28,30.0,36.0,40.0,41.0,43.0,45.0,48.0,50.0,53.0,55.0,56.2,63.0,71.0,inferred
South Somerset,2021-07-29,29.0,35.0,39.0,41.0,42.0,45.0,47.0,50.0,53.0,54.0,56.0,61.0,69.0,inferred
South Somerset,2021-07-30,26.0,31.0,35.0,37.0,38.0,40.0,43.0,45.0,49.0,50.0,52.0,57.0,64.0,inferred
South Somerset,2021-07-31,21.0,25.0,29.0,30.0,31.0,34.0,36.0,39.0,41.0,43.0,44.0,49.0,55.0,inferred
South Somerset,2021-08-01,22.0,27.0,30.0,31.0,33.0,35.0,37.0,40.0,42.0,43.0,45.0,49.0,58.0,inferred
South Somerset,2021-08-02,30.5,37.0,42.0,44.0,46.0,48.0,51.0,54.0,58.0,60.0,62.0,66.1,76.0,inferred
South Somerset,2021-08-03,33.0,39.0,43.0,45.0,47.0,50.0,53.0,56.0,59.0,61.0,63.0,69.0,79.0,inferred
South Somerset,2021-08-04,32.5,39.0,43.0,45.0,47.0,50.0,53.0,55.0,59.0,60.2,62.2,68.0,79.0,inferred
South Somerset,2021-08-05,32.0,40.0,44.0,46.0,48.0,50.0,53.0,56.0,59.0,61.0,62.2,69.0,78.0,inferred
South Somerset,2021-08-06,31.0,38.0,42.0,43.0,44.0,47.0,50.0,52.0,55.0,57.0,59.0,65.0,73.0,inferred
South Somerset,2021-08-07,25.0,31.0,35.0,36.0,38.0,40.0,43.0,45.0,48.0,50.0,52.0,56.0,63.0,inferred
South Somerset,2021-08-08,27.0,33.0,37.0,38.0,40.0,43.0,45.0,47.4,51.0,52.0,54.0,59.0,67.0,inferred
South Somerset,2021-08-09,39.0,47.0,52.0,54.0,56.0,59.0,62.0,65.0,68.0,71.0,73.0,80.0,91.0,inferred
South Somerset,2021-08-10,45.0,52.0,57.0,59.0,60.0,64.0,67.0,71.0,74.0,76.0,79.0,85.0,97.0,inferred
South Somerset,2021-08-11,47.5,55.0,60.0,62.0,64.0,67.0,70.0,73.0,77.0,79.0,80.0,86.0,96.0,inferred
South Somerset,2021-08-12,51.0,58.0,63.0,65.0,67.0,70.0,73.0,77.0,80.0,83.0,85.0,91.0,100.0,inferred
South Somerset,2021-08-13,51.0,57.0,63.0,65.0,66.0,70.0,73.0,76.0,80.0,82.0,84.0,90.0,100.0,inferred
South Somerset,2021-08-14,44.0,51.0,56.0,58.0,59.0,62.0,65.0,68.0,72.0,73.0,76.0,82.0,92.0,inferred
South Somerset,2021-08-15,50.0,56.0,61.0,64.0,66.0,69.0,72.0,76.0,79.0,81.0,84.0,90.0,101.0,inferred
South Somerset,2021-08-16,76.5,86.0,93.0,95.0,97.0,101.0,106.0,110.0,115.0,118.0,121.0,129.0,141.0,inferred
South Somerset,2021-08-17,78.5,89.0,95.0,98.0,100.0,105.0,110.0,114.0,119.0,122.0,125.0,133.0,143.0,inferred
South Somerset,2021-08-18,76.5,85.0,93.0,95.0,98.0,102.0,106.0,110.0,114.0,117.0,120.0,128.0,140.0,inferred
South Somerset,2021-08-19,73.0,82.0,88.0,91.0,94.0,98.0,102.0,105.0,109.0,112.0,114.0,122.0,133.0,inferred
South Somerset,2021-08-20,64.0,72.0,78.0,80.0,82.0,86.0,90.0,93.0,97.0,100.0,103.0,109.0,120.0,inferred
South Somerset,2021-08-21,50.0,57.0,62.0,64.0,66.0,70.0,73.0,76.0,79.0,81.0,83.0,89.0,98.0,inferred
South Somerset,2021-08-22,51.0,58.0,63.0,65.0,67.0,70.0,73.0,77.0,80.0,82.0,84.0,91.0,101.0,inferred
South Somerset,2021-08-23,69.0,79.0,85.0,87.0,90.0,94.0,98.0,102.0,106.0,108.0,111.0,119.0,130.0,inferred
South Somerset,2021-08-24,70.0,79.0,86.0,88.0,90.0,94.0,98.0,102.0,106.0,108.0,111.0,118.1,131.0,inferred
South Somerset,2021-08-25,68.0,78.0,83.0,86.0,88.0,91.6,95.0,99.0,103.0,105.0,109.0,115.1,126.0,inferred
South Somerset,2021-08-26,67.0,76.0,82.0,84.0,86.0,90.0,93.0,96.4,101.0,103.0,105.0,112.0,124.5,inferred
South Somerset,2021-08-27,60.0,69.0,74.0,77.0,78.0,82.0,85.0,88.0,92.0,95.0,97.0,105.0,115.0,inferred
South Somerset,2021-08-28,49.0,55.0,60.0,62.0,64.0,67.0,70.0,73.0,77.0,79.0,81.0,87.0,97.0,inferred
South Somerset,2021-08-29,49.0,57.0,62.0,64.0,66.0,69.0,72.0,76.0,79.0,81.0,84.0,90.0,101.0,inferred
South Somerset,2021-08-30,70.0,79.0,85.0,88.0,90.0,94.0,98.0,102.0,107.0,110.0,113.0,121.0,133.0,inferred
South Somerset,2021-08-31,69.0,79.0,86.0,88.0,90.0,95.0,99.0,103.0,107.0,110.0,113.0,121.0,131.5,inferred
South Somerset,2021-09-01,66.0,75.9,81.0,84.0,86.0,89.0,93.0,97.0,101.0,103.0,106.0,113.0,124.0,inferred
South Somerset,2021-09-02,63.0,70.0,76.0,78.0,80.0,83.0,87.0,90.0,94.0,96.0,99.0,106.0,117.5,inferred
South Somerset,2021-09-03,54.0,62.0,67.0,69.0,71.0,74.0,77.0,81.0,85.0,86.0,89.0,95.0,105.0,inferred
South Somerset,2021-09-04,41.0,48.0,53.0,55.0,56.0,59.0,62.0,65.0,68.0,69.0,72.0,77.0,86.0,inferred
South Somerset,2021-09-05,40.0,47.0,52.0,53.0,55.0,58.0,61.0,64.0,67.0,69.0,72.0,77.0,85.0,inferred
South Somerset,2021-09-06,54.5,63.0,69.0,71.0,73.0,76.0,80.0,83.0,87.0,89.0,92.0,99.0,111.0,inferred
South Somerset,2021-09-07,53.0,61.0,67.0,69.0,71.0,74.0,78.0,81.0,85.0,87.0,89.0,95.0,107.0,inferred
South Somerset,2021-09-08,49.0,56.0,62.0,63.0,65.0,68.0,71.0,75.0,78.0,80.0,83.0,90.0,99.0,inferred
South Somerset,2021-09-09,44.0,51.0,56.0,58.0,59.7,63.0,66.0,69.0,73.0,74.0,76.0,83.0,93.0,inferred
South Somerset,2021-09-10,37.0,44.0,48.0,50.0,51.0,55.0,57.0,60.0,63.0,64.0,66.0,72.0,82.0,inferred
South Somerset,2021-09-11,27.5,33.0,37.0,38.0,40.0,42.0,45.0,47.0,49.0,51.0,53.0,58.0,66.0,inferred
South Somerset,2021-09-12,27.0,32.0,36.0,37.0,39.0,41.0,44.0,46.0,49.0,51.0,52.0,57.0,64.0,inferred
South Somerset,2021-09-13,36.0,43.0,48.0,50.0,52.0,54.0,57.0,60.0,63.3,65.0,68.0,74.0,83.0,inferred
South Somerset,2021-09-14,37.0,44.0,48.0,50.0,52.0,55.0,58.0,61.0,65.0,67.0,68.0,75.0,85.0,inferred
South Somerset,2021-09-15,37.0,44.0,50.0,51.0,53.0,56.0,60.0,63.0,66.0,67.2,69.2,75.0,84.0,inferred
South Somerset,2021-09-16,40.0,47.9,52.0,54.0,55.0,59.0,62.0,65.0,68.0,69.0,71.0,76.0,87.0,inferred
South Somerset,2021-09-17,38.0,45.0,50.0,51.0,53.0,56.0,59.0,62.0,65.0,67.0,70.0,75.0,86.0,inferred
South Somerset,2021-09-18,32.0,39.0,43.0,44.8,46.0,49.0,52.0,54.0,57.0,59.0,61.0,67.0,74.0,inferred
South Somerset,2021-09-19,36.0,42.0,46.0,48.0,49.0,52.0,55.0,58.0,61.0,63.0,65.0,71.0,79.0,inferred
South Somerset,2021-09-20,52.0,61.0,67.0,69.0,71.0,75.0,78.0,82.0,86.0,88.0,91.0,96.0,108.5,inferred
South Somerset,2021-09-21,55.5,64.0,70.0,72.0,74.0,77.0,81.0,85.0,89.3,92.0,95.0,102.0,113.0,inferred
South Somerset,2021-09-22,55.0,63.0,69.0,71.0,73.0,77.0,80.0,85.0,89.0,91.0,94.0,101.0,112.0,inferred
South Somerset,2021-09-23,56.0,64.0,70.0,71.0,73.0,76.0,80.0,84.0,88.0,90.0,92.0,99.0,108.5,inferred
South Somerset,2021-09-24,51.0,59.0,63.0,65.0,67.0,70.0,74.0,77.0,81.0,83.0,85.0,91.0,99.5,inferred
South Somerset,2021-09-25,41.0,48.0,53.0,54.0,56.0,59.0,62.0,65.0,68.0,70.2,72.0,78.0,86.0,inferred
South Somerset,2021-09-26,45.0,52.0,56.0,58.0,59.0,62.0,65.0,68.0,72.0,74.0,76.0,83.0,92.0,inferred
South Somerset,2021-09-27,63.0,71.0,78.0,81.0,83.0,87.0,91.0,95.0,100.0,102.0,106.0,113.0,124.0,inferred
South Somerset,2021-09-28,64.0,72.0,79.0,82.0,84.0,88.0,92.0,95.0,99.0,102.0,105.0,111.0,126.0,inferred
South Somerset,2021-09-29,61.0,69.0,75.0,77.0,79.0,83.0,87.0,91.0,95.0,97.0,100.0,106.1,119.0,inferred
South Somerset,2021-09-30,56.0,66.0,71.0,73.0,75.0,78.6,82.0,85.0,89.0,91.0,94.0,100.0,112.0,inferred
South Somerset,2021-10-01,50.0,58.0,63.0,65.0,67.0,70.0,73.0,76.0,79.0,81.0,83.2,89.0,99.0,inferred
South Somerset,2021-10-02,38.0,45.0,49.0,51.0,52.0,55.0,58.0,61.0,64.0,66.0,68.0,73.0,82.0,inferred
South Somerset,2021-10-03,38.5,45.0,49.0,51.0,53.0,56.0,59.0,62.0,65.0,67.0,69.0,74.0,82.0,inferred
South Somerset,2021-10-04,50.5,61.0,66.0,68.0,70.0,74.0,78.0,81.0,85.0,87.0,90.0,97.0,108.0,inferred
South Somerset,2021-10-05,56.0,65.0,71.0,73.0,75.0,79.0,82.0,86.0,90.0,92.0,95.0,101.0,113.0,inferred
South Somerset,2021-10-06,61.0,70.0,75.0,78.0,80.0,84.0,88.0,91.0,96.0,98.0,100.0,108.0,117.0,inferred
South Somerset,2021-10-07,69.0,77.9,83.0,85.0,87.0,91.0,95.0,98.0,102.0,105.0,107.0,114.1,128.0,inferred
South Somerset,2021-10-08,70.0,78.0,84.0,86.0,88.0,92.0,96.0,100.0,104.0,106.0,109.2,116.0,128.0,inferred
South Somerset,2021-10-09,65.0,71.0,77.0,79.0,81.0,84.0,88.0,92.0,96.0,99.0,101.0,107.1,119.0,inferred
South Somerset,2021-10-10,71.0,80.0,86.0,89.0,92.0,96.0,101.0,104.4,109.0,111.0,114.0,122.0,132.0,inferred
South Somerset,2021-10-11,111.0,123.0,132.0,135.0,138.0,144.0,150.0,155.0,161.0,164.0,168.0,178.0,194.0,inferred
South Somerset,2021-10-12,126.0,138.0,147.0,151.0,153.0,159.0,164.0,169.0,176.0,179.0,183.0,192.1,206.0,inferred
South Somerset,2021-10-13,130.0,146.0,155.0,158.0,160.0,166.0,171.0,177.0,183.0,187.0,190.0,201.0,217.0,inferred
South Somerset,2021-10-14,140.0,152.0,163.0,167.0,171.0,177.0,182.0,188.0,195.0,199.0,203.0,214.0,229.0,inferred
South Somerset,2021-10-15,131.0,147.0,157.0,162.0,166.0,173.0,179.0,185.4,194.0,198.0,203.0,215.0,235.0,inferred
South Staffordshire,2021-07-03,7.0,12.0,15.0,16.0,17.0,19.0,20.5,22.0,24.0,26.0,28.0,32.0,40.0,inferred
South Staffordshire,2021-07-04,9.5,14.0,17.0,18.0,19.0,21.0,24.0,26.0,28.0,29.2,31.0,36.0,44.0,inferred
South Staffordshire,2021-07-05,17.0,22.0,26.0,28.0,29.0,31.0,34.0,36.0,39.0,41.0,42.0,48.0,56.5,inferred
South Staffordshire,2021-07-06,18.0,23.0,27.0,29.0,30.0,33.0,36.0,38.0,41.0,43.0,44.0,50.0,58.0,inferred
South Staffordshire,2021-07-07,22.0,27.0,31.0,33.0,34.0,37.0,39.0,42.0,45.0,47.0,49.0,55.0,63.0,inferred
South Staffordshire,2021-07-08,25.0,30.0,34.0,36.0,37.0,41.0,44.0,46.0,49.0,51.0,53.0,59.0,69.5,inferred
South Staffordshire,2021-07-09,24.0,31.0,35.0,36.0,38.0,41.0,44.0,47.0,51.0,53.0,55.0,60.0,68.0,inferred
South Staffordshire,2021-07-10,23.0,28.0,32.0,34.0,36.0,39.0,41.0,44.0,47.0,49.0,52.0,58.0,67.0,inferred
South Staffordshire,2021-07-11,29.0,35.9,40.0,42.0,43.0,47.0,50.0,53.0,56.0,59.0,61.0,67.0,77.5,inferred
South Staffordshire,2021-07-12,48.0,56.0,63.0,65.0,67.0,71.0,75.0,79.0,84.0,86.0,89.0,96.0,109.5,inferred
South Staffordshire,2021-07-13,49.0,58.0,64.0,66.0,68.0,72.0,76.0,80.0,84.0,87.0,89.0,96.0,110.0,inferred
South Staffordshire,2021-07-14,49.0,59.0,65.0,67.0,70.0,74.0,78.0,82.0,86.0,88.0,91.0,98.0,111.0,inferred
South Staffordshire,2021-07-15,50.0,58.0,64.0,67.0,69.0,73.0,76.0,81.0,84.0,87.0,89.0,97.0,109.5,inferred
South Staffordshire,2021-07-16,45.0,52.0,58.0,60.0,62.0,66.0,69.0,73.0,77.0,79.0,82.0,89.0,101.0,inferred
South Staffordshire,2021-07-17,36.0,43.0,48.0,50.0,52.0,56.0,59.0,62.0,66.0,68.0,71.0,77.0,89.0,inferred
South Staffordshire,2021-07-18,40.0,47.0,52.0,54.0,55.0,59.0,63.0,67.0,70.0,73.0,75.0,81.0,92.0,inferred
South Staffordshire,2021-07-19,55.0,64.0,71.0,73.0,75.7,80.0,84.0,89.0,93.0,96.0,99.0,107.0,121.0,inferred
South Staffordshire,2021-07-20,48.0,58.0,64.0,66.0,68.0,72.0,76.0,80.0,85.0,87.0,90.0,97.0,111.0,inferred
South Staffordshire,2021-07-21,45.0,53.0,58.0,60.0,62.0,66.0,70.0,74.0,78.0,80.0,83.0,90.0,102.0,inferred
South Staffordshire,2021-07-22,39.0,46.0,51.0,53.0,55.0,59.0,62.0,65.0,69.0,71.0,74.0,81.0,93.0,inferred
South Staffordshire,2021-07-23,30.0,36.0,41.0,43.0,45.0,48.0,51.0,54.0,57.0,60.0,62.0,68.0,79.0,inferred
South Staffordshire,2021-07-24,22.0,27.0,31.0,33.0,34.0,38.0,40.0,43.0,46.0,48.0,51.0,56.0,66.0,inferred
South Staffordshire,2021-07-25,21.0,26.0,31.0,32.0,34.0,36.0,39.0,42.0,45.0,47.0,49.0,54.0,63.0,inferred
South Staffordshire,2021-07-26,28.0,34.0,39.0,41.0,43.0,46.0,49.0,52.0,56.0,57.0,59.0,65.0,76.0,inferred
South Staffordshire,2021-07-27,25.0,31.0,35.0,37.0,39.0,42.0,44.0,47.0,50.0,52.0,55.0,60.0,70.0,inferred
South Staffordshire,2021-07-28,24.0,31.0,35.0,37.0,38.0,41.0,44.0,47.0,51.0,52.0,55.0,61.0,72.0,inferred
South Staffordshire,2021-07-29,23.0,29.0,34.0,36.0,37.0,40.0,43.0,46.0,50.0,51.0,53.0,59.0,68.0,inferred
South Staffordshire,2021-07-30,20.0,26.9,30.0,32.0,33.0,36.0,39.0,42.0,45.0,47.0,48.0,54.0,61.0,inferred
South Staffordshire,2021-07-31,17.0,23.0,26.0,28.0,29.0,31.0,34.0,36.0,39.0,41.0,42.0,47.0,56.0,inferred
South Staffordshire,2021-08-01,18.0,24.0,27.0,29.0,30.0,33.0,36.0,38.0,41.0,42.0,45.0,50.0,59.0,inferred
South Staffordshire,2021-08-02,29.0,35.0,39.0,41.0,43.0,45.0,49.0,52.0,56.0,57.0,60.0,66.1,78.0,inferred
South Staffordshire,2021-08-03,26.0,32.0,37.0,39.0,40.0,44.0,47.0,50.0,53.0,55.0,57.0,64.0,74.0,inferred
South Staffordshire,2021-08-04,26.0,33.0,37.0,39.0,41.0,44.0,47.0,51.0,54.0,56.0,58.0,64.0,75.5,inferred
South Staffordshire,2021-08-05,26.0,32.0,37.0,38.0,40.0,43.0,46.0,49.0,52.0,54.0,56.0,62.0,71.5,inferred
South Staffordshire,2021-08-06,22.0,29.0,32.0,34.0,36.0,39.0,42.0,44.4,48.0,50.0,52.0,57.0,66.0,inferred
South Staffordshire,2021-08-07,19.0,25.0,28.0,29.0,31.0,33.0,36.0,39.0,41.0,43.0,45.0,51.0,60.0,inferred
South Staffordshire,2021-08-08,21.0,26.0,30.0,32.0,33.0,36.0,39.0,42.0,44.0,46.0,48.0,54.0,63.0,inferred
South Staffordshire,2021-08-09,32.0,38.0,43.0,45.0,47.0,50.0,54.0,57.0,61.0,63.0,65.0,72.0,82.0,inferred
South Staffordshire,2021-08-10,28.0,36.0,41.0,43.0,45.0,48.0,52.0,55.0,58.0,60.0,63.0,69.0,81.0,inferred
South Staffordshire,2021-08-11,30.0,37.0,42.0,44.0,46.0,49.0,53.0,55.0,59.0,62.0,64.0,69.1,80.5,inferred
South Staffordshire,2021-08-12,30.0,36.0,41.0,43.0,44.0,48.0,51.0,54.0,58.0,59.2,62.0,68.0,79.0,inferred
South Staffordshire,2021-08-13,26.0,32.0,37.0,39.0,41.0,44.0,47.0,50.0,53.0,55.0,57.0,63.0,72.0,inferred
South Staffordshire,2021-08-14,21.5,27.0,31.8,33.0,35.0,38.0,41.0,43.0,46.0,48.0,50.0,56.0,65.0,inferred
South Staffordshire,2021-08-15,23.0,30.0,34.0,36.0,37.0,40.0,43.0,46.0,50.0,51.0,53.0,59.0,68.0,inferred
South Staffordshire,2021-08-16,36.0,44.0,50.0,52.0,54.0,57.0,60.0,64.0,68.0,70.0,73.0,80.0,91.0,inferred
South Staffordshire,2021-08-17,35.0,42.0,48.0,50.0,52.0,55.0,58.0,61.0,65.0,67.0,70.0,77.0,88.0,inferred
South Staffordshire,2021-08-18,36.0,43.0,48.0,50.0,52.0,56.0,59.0,62.0,66.0,68.0,70.0,79.0,89.0,inferred
South Staffordshire,2021-08-19,34.0,42.0,46.0,48.0,50.0,53.0,57.0,61.0,65.0,67.0,70.0,76.0,86.5,inferred
South Staffordshire,2021-08-20,30.0,37.0,41.0,44.0,45.0,48.0,51.0,54.0,58.0,60.0,62.0,68.0,78.0,inferred
South Staffordshire,2021-08-21,23.0,30.0,35.0,37.0,38.0,41.0,44.0,47.0,50.0,52.0,54.2,60.0,69.0,inferred
South Staffordshire,2021-08-22,27.0,34.0,38.0,39.0,41.0,44.0,48.0,51.0,54.0,55.0,58.0,63.0,72.0,inferred
South Staffordshire,2021-08-23,39.0,48.0,54.0,56.0,57.0,61.0,64.0,67.0,71.0,74.0,76.0,83.1,96.0,inferred
South Staffordshire,2021-08-24,38.0,45.0,50.0,52.0,54.0,58.0,61.0,64.0,68.0,71.0,73.0,80.0,90.5,inferred
South Staffordshire,2021-08-25,37.5,45.0,50.0,53.0,54.0,58.0,61.0,64.0,69.0,71.0,74.0,80.0,91.0,inferred
South Staffordshire,2021-08-26,35.0,42.0,47.0,49.0,51.0,54.0,57.0,61.0,65.0,67.0,70.0,76.0,86.0,inferred
South Staffordshire,2021-08-27,31.0,37.0,42.0,44.0,45.0,49.0,52.0,55.0,59.0,60.0,63.0,69.0,79.0,inferred
South Staffordshire,2021-08-28,25.0,31.0,35.0,37.0,39.0,41.6,44.0,47.0,50.0,52.0,54.0,60.0,70.5,inferred
South Staffordshire,2021-08-29,26.0,32.0,37.0,39.0,41.0,44.0,47.0,50.0,54.0,56.0,58.0,64.0,74.0,inferred
South Staffordshire,2021-08-30,39.0,46.0,52.0,54.0,56.0,60.0,64.0,67.0,71.0,74.0,77.0,84.0,95.0,inferred
South Staffordshire,2021-08-31,37.0,44.0,49.0,51.0,53.0,57.0,60.0,63.0,67.0,69.0,72.0,77.0,88.0,inferred
South Staffordshire,2021-09-01,37.0,44.0,50.0,52.0,54.0,57.0,61.0,64.0,68.0,70.0,72.0,79.0,92.0,inferred
South Staffordshire,2021-09-02,35.0,42.0,47.0,49.0,51.7,55.0,58.0,62.0,66.0,68.0,71.0,77.0,86.0,inferred
South Staffordshire,2021-09-03,30.5,37.0,42.0,44.0,46.0,49.0,52.0,55.0,59.0,61.0,63.0,69.0,81.5,inferred
South Staffordshire,2021-09-04,25.0,32.0,36.0,38.0,39.0,42.0,46.0,48.0,52.0,53.0,56.0,62.0,72.5,inferred
South Staffordshire,2021-09-05,28.0,34.0,38.8,40.0,42.0,45.0,48.0,51.0,54.0,56.0,58.0,65.0,76.0,inferred
South Staffordshire,2021-09-06,38.0,48.0,54.0,56.0,57.0,62.0,65.0,69.0,73.0,75.2,78.0,85.0,97.0,inferred
South Staffordshire,2021-09-07,36.0,45.0,50.0,52.0,54.0,58.0,61.0,65.0,69.0,71.0,74.0,81.0,93.0,inferred
South Staffordshire,2021-09-08,34.0,42.0,48.0,50.0,52.0,55.0,59.0,62.0,66.0,68.0,70.0,77.0,87.0,inferred
South Staffordshire,2021-09-09,34.0,40.0,45.0,47.0,49.0,52.0,55.0,59.0,62.0,65.0,67.0,74.0,84.0,inferred
South Staffordshire,2021-09-10,27.5,33.0,38.0,40.0,41.7,45.0,48.0,51.0,54.0,57.0,59.0,66.0,75.0,inferred
South Staffordshire,2021-09-11,21.0,27.0,31.0,32.0,34.0,37.0,40.0,42.0,46.0,47.0,50.0,55.0,64.0,inferred
South Staffordshire,2021-09-12,22.0,27.0,32.0,33.0,35.0,38.0,41.0,44.0,47.0,49.0,51.0,57.0,66.0,inferred
South Staffordshire,2021-09-13,31.0,38.0,44.0,46.0,47.0,51.0,54.0,58.0,62.0,64.0,67.0,73.0,84.0,inferred
South Staffordshire,2021-09-14,30.0,38.0,43.0,45.0,46.0,49.0,53.0,55.0,59.0,61.0,64.0,70.0,82.0,inferred
South Staffordshire,2021-09-15,32.0,39.0,45.0,46.0,48.0,51.0,54.0,57.0,61.0,63.0,65.2,71.1,82.0,inferred
South Staffordshire,2021-09-16,32.0,40.0,44.0,46.0,48.0,51.0,55.0,58.0,62.0,64.0,67.0,72.1,84.0,inferred
South Staffordshire,2021-09-17,30.0,36.0,41.0,43.0,45.0,49.0,52.0,55.0,59.0,60.0,62.0,68.0,77.0,inferred
South Staffordshire,2021-09-18,25.0,31.0,36.0,37.0,39.0,42.0,45.0,48.0,52.0,54.0,56.2,63.0,72.0,inferred
South Staffordshire,2021-09-19,30.0,37.0,42.0,43.0,45.0,48.0,50.0,54.0,57.0,59.0,62.0,68.0,78.0,inferred
South Staffordshire,2021-09-20,44.0,54.0,60.0,62.0,64.0,67.0,71.0,75.0,79.0,81.0,84.0,92.0,104.5,inferred
South Staffordshire,2021-09-21,42.5,50.0,56.0,58.0,60.0,64.0,67.0,72.0,76.0,78.0,81.0,87.0,98.0,inferred
South Staffordshire,2021-09-22,42.0,50.0,56.0,57.0,60.0,64.0,67.0,71.0,76.0,78.0,80.0,87.0,99.0,inferred
South Staffordshire,2021-09-23,38.0,47.0,52.0,55.0,57.0,60.0,64.0,67.0,71.0,73.0,77.0,84.0,95.0,inferred
South Staffordshire,2021-09-24,33.0,41.0,46.0,48.0,49.7,53.0,56.0,59.0,63.0,66.0,68.0,75.0,84.0,inferred
South Staffordshire,2021-09-25,27.0,33.0,38.0,39.0,41.0,44.0,47.0,50.0,53.0,55.0,57.0,63.1,74.5,inferred
South Staffordshire,2021-09-26,29.0,35.0,39.0,41.0,43.0,46.0,49.0,53.0,56.0,58.0,60.0,66.0,76.0,inferred
South Staffordshire,2021-09-27,40.0,49.0,54.0,56.0,58.0,62.0,65.0,69.0,73.0,75.0,78.0,85.0,97.0,inferred
South Staffordshire,2021-09-28,37.0,45.0,50.0,52.0,54.0,57.6,61.0,65.0,68.0,71.0,73.0,80.0,90.5,inferred
South Staffordshire,2021-09-29,39.0,47.0,52.0,54.0,56.0,59.6,63.0,66.0,70.0,72.0,75.0,82.0,93.0,inferred
South Staffordshire,2021-09-30,37.0,44.0,49.0,51.0,53.0,57.0,60.0,64.0,68.0,70.0,73.0,79.0,89.5,inferred
South Staffordshire,2021-10-01,32.0,39.0,44.0,46.0,48.0,51.0,55.0,58.0,62.0,63.0,66.0,73.0,84.0,inferred
South Staffordshire,2021-10-02,27.0,34.0,38.0,40.0,42.0,45.0,48.0,51.0,54.0,56.0,58.0,65.0,75.0,inferred
South Staffordshire,2021-10-03,30.0,36.0,41.0,44.0,45.0,48.0,51.0,55.0,58.0,60.0,62.0,70.0,79.0,inferred
South Staffordshire,2021-10-04,44.0,54.0,58.8,61.0,63.0,67.0,70.0,74.0,79.0,81.0,84.0,92.0,102.0,inferred
South Staffordshire,2021-10-05,41.0,51.0,57.0,59.0,61.0,64.0,68.0,72.0,77.0,79.0,82.0,89.0,102.0,inferred
South Staffordshire,2021-10-06,45.0,53.0,59.0,61.0,63.0,67.0,71.0,74.0,78.0,81.0,83.0,91.0,103.0,inferred
South Staffordshire,2021-10-07,44.0,52.0,58.0,60.0,62.0,65.0,69.0,73.0,77.0,79.0,82.0,89.0,102.0,inferred
South Staffordshire,2021-10-08,41.0,47.9,53.0,56.0,58.0,61.0,65.0,69.0,73.0,75.0,78.0,84.0,96.0,inferred
South Staffordshire,2021-10-09,32.0,41.0,46.0,48.0,49.0,53.0,56.0,60.0,63.0,65.0,67.0,73.0,85.0,inferred
South Staffordshire,2021-10-10,38.0,45.0,50.0,53.0,54.0,58.0,62.0,65.0,70.0,72.0,74.0,80.1,92.5,inferred
South Staffordshire,2021-10-11,56.0,65.0,72.0,75.0,77.0,82.0,85.0,89.0,94.0,96.0,99.0,108.0,120.5,inferred
South Staffordshire,2021-10-12,53.0,62.9,69.0,72.0,73.0,77.0,80.0,85.0,89.0,92.0,95.2,104.0,117.5,inferred
South Staffordshire,2021-10-13,53.5,63.0,69.8,72.0,73.0,78.0,82.0,86.0,90.0,92.0,95.0,102.1,115.0,inferred
South Staffordshire,2021-10-14,51.0,59.0,65.0,67.0,70.0,74.0,78.0,83.0,87.0,89.0,92.0,100.1,112.0,inferred
South Staffordshire,2021-10-15,45.0,52.0,58.0,60.0,63.0,67.0,70.0,74.0,78.0,81.0,84.0,92.0,104.5,inferred
South Tyneside,2021-07-03,147.5,160.0,169.0,172.0,175.0,182.0,189.0,195.0,203.0,207.0,212.0,226.0,247.5,inferred
South Tyneside,2021-07-04,178.0,193.0,202.0,206.0,209.0,215.0,221.0,227.0,232.0,236.0,240.0,249.0,265.0,inferred
South Tyneside,2021-07-05,275.0,292.0,302.0,306.0,309.0,315.0,321.0,327.0,334.0,338.0,342.0,352.0,367.0,inferred
South Tyneside,2021-07-06,263.0,278.9,287.0,291.0,294.0,300.0,305.0,311.0,316.0,320.0,324.0,334.1,348.5,inferred
South Tyneside,2021-07-07,262.0,277.0,287.0,291.0,294.0,301.0,306.0,312.0,317.0,321.0,324.0,335.0,349.0,inferred
South Tyneside,2021-07-08,250.0,264.0,273.0,277.0,280.0,286.0,291.5,297.0,303.0,306.0,310.0,318.0,334.0,inferred
South Tyneside,2021-07-09,229.0,241.0,249.0,252.0,255.0,262.0,267.0,272.0,278.0,281.0,284.0,294.0,308.0,inferred
South Tyneside,2021-07-10,187.0,198.0,207.0,210.0,213.0,218.0,223.0,228.0,233.0,236.0,239.0,248.0,262.5,inferred
South Tyneside,2021-07-11,197.5,210.0,218.0,222.0,225.0,230.0,235.0,240.0,246.0,249.0,252.0,260.0,276.5,inferred
South Tyneside,2021-07-12,281.0,295.0,306.0,309.8,313.0,319.0,326.0,332.0,339.0,342.0,346.0,356.0,371.0,inferred
South Tyneside,2021-07-13,252.5,266.0,276.0,280.0,283.0,288.0,294.0,299.0,305.0,309.0,313.0,323.0,339.0,inferred
South Tyneside,2021-07-14,234.0,248.0,257.8,261.0,265.0,271.0,277.0,282.0,288.0,291.0,296.0,306.0,321.0,inferred
South Tyneside,2021-07-15,205.0,218.0,228.0,232.0,234.0,239.0,245.0,250.0,256.0,259.0,262.0,270.0,285.5,inferred
South Tyneside,2021-07-16,172.0,184.0,191.0,194.0,197.0,201.0,206.0,211.0,217.0,220.0,223.0,231.0,243.0,inferred
South Tyneside,2021-07-17,128.0,140.0,147.0,150.0,152.0,156.0,160.0,164.0,168.0,171.0,173.0,181.0,195.0,inferred
South Tyneside,2021-07-18,127.0,137.0,143.0,145.0,147.0,151.0,155.5,159.0,164.0,166.0,169.0,176.0,189.0,inferred
South Tyneside,2021-07-19,162.0,175.0,183.0,187.0,190.0,194.0,199.0,204.0,209.0,212.0,215.0,224.0,237.5,inferred
South Tyneside,2021-07-20,138.0,150.0,156.0,158.0,161.0,165.0,170.0,174.0,179.0,181.0,184.0,193.0,205.5,inferred
South Tyneside,2021-07-21,124.0,133.0,139.0,142.0,145.0,149.0,153.0,157.0,162.0,165.0,168.0,175.0,187.5,inferred
South Tyneside,2021-07-22,105.0,114.0,120.0,123.0,125.0,128.0,132.0,136.0,140.0,142.0,145.0,152.0,164.0,inferred
South Tyneside,2021-07-23,84.0,92.0,98.0,100.0,102.0,106.0,109.0,113.0,117.0,119.0,121.0,128.0,136.0,inferred
South Tyneside,2021-07-24,61.0,68.0,73.0,75.0,76.0,79.0,82.0,85.4,89.0,91.0,92.0,99.0,108.0,inferred
South Tyneside,2021-07-25,57.0,63.0,68.0,70.0,72.0,75.0,78.0,81.0,84.0,86.0,88.0,94.0,101.0,inferred
South Tyneside,2021-07-26,75.0,81.0,86.0,88.0,90.0,93.0,97.0,100.0,103.0,105.2,108.0,114.0,125.0,inferred
South Tyneside,2021-07-27,62.0,70.0,75.0,77.0,79.0,82.0,85.0,87.0,91.0,93.0,95.0,101.0,109.0,inferred
South Tyneside,2021-07-28,59.0,66.0,71.0,73.0,75.0,77.0,80.0,83.0,86.0,88.0,90.0,96.0,105.0,inferred
South Tyneside,2021-07-29,54.0,61.0,64.0,66.0,68.0,70.0,73.0,76.0,79.0,81.0,83.0,88.0,95.5,inferred
South Tyneside,2021-07-30,45.0,52.0,56.0,58.0,59.0,62.0,64.0,67.0,70.0,71.0,73.0,78.0,85.5,inferred
South Tyneside,2021-07-31,36.0,41.0,45.0,46.0,47.0,50.0,52.0,54.0,56.0,57.0,59.0,63.0,70.0,inferred
South Tyneside,2021-08-01,35.0,41.0,44.0,46.0,47.0,49.0,52.0,54.0,56.0,58.0,59.0,64.0,71.0,inferred
South Tyneside,2021-08-02,48.0,55.0,60.0,62.0,63.0,66.0,68.0,71.0,74.0,76.0,78.0,83.0,91.5,inferred
South Tyneside,2021-08-03,43.0,50.0,54.0,56.0,57.0,60.0,62.0,65.0,68.0,69.0,71.0,76.0,83.0,inferred
South Tyneside,2021-08-04,44.0,49.0,53.8,55.0,57.0,59.0,62.0,64.0,67.0,68.0,70.0,75.0,83.0,inferred
South Tyneside,2021-08-05,41.0,48.0,51.0,52.0,54.0,56.0,59.0,61.0,64.0,66.0,68.0,72.0,80.0,inferred
South Tyneside,2021-08-06,36.0,42.0,46.0,47.0,49.0,51.0,53.0,55.0,58.0,59.0,61.0,65.0,73.0,inferred
South Tyneside,2021-08-07,30.0,34.0,38.0,39.0,40.0,42.0,44.0,47.0,49.0,50.0,52.0,56.0,64.0,inferred
South Tyneside,2021-08-08,32.0,37.0,40.0,41.0,42.0,45.0,47.0,49.0,51.0,53.0,54.0,59.0,66.0,inferred
South Tyneside,2021-08-09,45.5,51.9,56.0,58.0,59.0,63.0,65.0,68.0,71.0,72.0,74.0,79.0,87.0,inferred
South Tyneside,2021-08-10,43.0,49.0,53.0,55.0,56.0,59.0,61.0,64.0,67.0,69.0,70.0,76.0,84.0,inferred
South Tyneside,2021-08-11,46.0,51.0,55.0,57.0,58.0,60.0,63.0,65.0,68.0,70.0,71.2,76.0,84.0,inferred
South Tyneside,2021-08-12,44.0,50.0,54.0,56.0,57.0,60.0,63.0,65.0,68.0,69.0,71.0,76.0,84.0,inferred
South Tyneside,2021-08-13,42.0,47.0,51.0,52.0,54.0,56.0,58.0,61.0,64.0,65.0,67.0,72.0,79.0,inferred
South Tyneside,2021-08-14,35.0,39.0,43.0,45.0,46.0,48.0,50.0,52.0,54.0,55.2,57.0,61.0,68.0,inferred
South Tyneside,2021-08-15,37.0,43.0,46.0,48.0,49.0,52.0,54.0,56.0,59.0,60.0,61.0,65.0,72.0,inferred
South Tyneside,2021-08-16,55.0,62.0,67.0,69.0,71.0,73.0,76.0,79.0,82.0,84.0,85.0,91.0,99.0,inferred
South Tyneside,2021-08-17,52.0,59.0,64.0,65.0,67.0,70.0,72.0,75.0,78.0,80.0,82.0,88.0,96.0,inferred
South Tyneside,2021-08-18,55.0,62.0,66.0,67.0,69.0,72.0,74.0,77.0,80.0,82.0,84.0,90.0,98.5,inferred
South Tyneside,2021-08-19,53.0,60.0,64.0,66.0,67.0,70.0,73.0,75.4,79.0,80.0,82.0,87.0,96.0,inferred
South Tyneside,2021-08-20,49.0,55.0,59.0,61.0,63.0,66.0,68.0,71.0,74.0,75.0,77.0,82.0,90.0,inferred
South Tyneside,2021-08-21,41.0,46.9,51.0,52.0,53.0,56.0,58.5,61.0,63.0,65.0,66.0,71.0,78.0,inferred
South Tyneside,2021-08-22,44.0,50.0,54.0,56.0,57.0,60.0,63.0,65.0,68.0,69.0,71.0,76.0,83.0,inferred
South Tyneside,2021-08-23,66.0,72.0,77.0,79.8,81.0,85.0,88.0,91.0,95.0,97.0,99.0,105.0,115.0,inferred
South Tyneside,2021-08-24,62.0,69.0,74.0,76.0,77.7,81.0,83.0,86.0,90.0,92.0,94.0,100.0,109.0,inferred
South Tyneside,2021-08-25,64.0,71.0,76.0,78.0,80.0,83.0,86.0,88.0,91.0,93.0,95.0,101.0,109.0,inferred
South Tyneside,2021-08-26,61.0,68.0,73.0,75.0,77.0,80.0,83.0,85.0,89.0,90.0,93.0,97.0,105.5,inferred
South Tyneside,2021-08-27,57.0,64.0,69.0,70.0,72.0,75.0,77.0,80.0,83.0,85.0,86.0,91.0,99.0,inferred
South Tyneside,2021-08-28,47.0,53.0,57.0,59.0,60.0,63.0,65.0,68.0,70.3,72.0,74.0,79.0,86.5,inferred
South Tyneside,2021-08-29,50.5,57.0,61.0,63.0,65.0,67.0,70.0,73.0,76.0,77.2,79.0,84.1,92.0,inferred
South Tyneside,2021-08-30,75.0,83.0,88.0,90.0,92.0,96.0,99.0,103.0,106.0,109.0,111.0,117.0,126.0,inferred
South Tyneside,2021-08-31,72.0,79.9,85.0,87.0,89.0,92.0,96.0,99.0,103.0,105.0,107.0,112.0,123.0,inferred
South Tyneside,2021-09-01,73.5,83.0,88.0,90.0,92.0,95.0,98.0,101.0,105.0,107.0,109.0,115.0,124.5,inferred
South Tyneside,2021-09-02,72.0,79.0,85.8,87.0,89.0,93.0,96.0,99.0,102.0,104.0,106.0,112.0,122.0,inferred
South Tyneside,2021-09-03,67.0,75.0,80.0,82.0,84.0,87.0,90.0,93.0,96.0,98.2,101.0,106.0,116.0,inferred
South Tyneside,2021-09-04,55.0,62.0,67.0,69.0,71.0,74.0,77.0,79.0,83.0,84.0,86.0,91.0,98.0,inferred
South Tyneside,2021-09-05,60.0,68.0,73.0,75.0,76.0,79.0,82.0,85.0,88.0,90.0,92.0,96.0,106.5,inferred
South Tyneside,2021-09-06,89.0,98.0,104.0,106.0,108.0,112.0,116.0,120.0,123.0,125.0,128.0,134.0,145.0,inferred
South Tyneside,2021-09-07,81.0,89.0,95.0,98.0,99.7,103.0,106.0,110.0,114.0,116.0,118.0,125.0,133.0,inferred
South Tyneside,2021-09-08,77.0,86.0,91.0,93.0,94.0,98.0,101.0,104.0,108.0,109.0,111.2,118.0,126.0,inferred
South Tyneside,2021-09-09,68.0,74.9,80.0,81.0,83.0,87.0,90.0,93.0,96.0,98.0,100.0,106.0,115.0,inferred
South Tyneside,2021-09-10,56.0,62.0,67.0,68.8,70.0,73.0,76.0,79.0,82.0,84.0,87.0,91.0,99.0,inferred
South Tyneside,2021-09-11,43.0,49.0,52.0,54.0,55.0,58.0,60.0,62.0,65.0,67.0,69.0,74.0,82.0,inferred
South Tyneside,2021-09-12,42.0,48.0,51.0,53.0,54.0,57.0,59.0,62.0,65.0,66.0,68.0,72.0,79.0,inferred
South Tyneside,2021-09-13,56.0,63.0,67.0,69.0,71.0,74.0,77.0,80.0,83.0,85.0,86.0,91.0,101.0,inferred
South Tyneside,2021-09-14,50.0,56.0,61.0,62.0,64.0,67.0,69.0,72.0,75.0,76.0,78.0,84.0,92.0,inferred
South Tyneside,2021-09-15,50.0,56.0,61.0,62.0,64.0,66.0,69.0,72.0,75.0,77.0,78.0,83.0,92.0,inferred
South Tyneside,2021-09-16,48.0,54.0,58.0,60.0,61.0,64.0,67.0,69.0,72.0,74.0,76.0,81.0,89.0,inferred
South Tyneside,2021-09-17,44.0,49.0,53.0,55.0,56.0,59.0,62.0,64.0,66.0,68.0,70.0,75.0,82.0,inferred
South Tyneside,2021-09-18,36.0,41.0,44.0,46.0,47.0,50.0,52.0,54.0,56.0,58.0,60.0,65.0,72.0,inferred
South Tyneside,2021-09-19,37.0,43.0,47.0,49.0,50.0,52.6,55.0,57.0,60.0,61.0,63.0,67.0,75.0,inferred
South Tyneside,2021-09-20,55.0,62.0,67.0,68.0,70.0,73.0,76.0,79.0,82.0,84.0,86.0,91.0,100.0,inferred
South Tyneside,2021-09-21,51.0,57.0,62.0,64.0,66.0,68.0,71.0,74.0,77.0,78.0,80.0,86.0,93.0,inferred
South Tyneside,2021-09-22,50.0,57.0,61.0,63.0,65.0,68.0,71.0,73.0,76.0,78.0,80.0,85.0,93.0,inferred
South Tyneside,2021-09-23,48.0,54.0,58.0,60.0,62.0,64.0,67.0,70.0,72.0,74.0,76.0,80.0,88.0,inferred
South Tyneside,2021-09-24,42.0,48.0,53.0,54.0,55.0,58.0,61.0,63.0,66.0,67.0,69.0,73.1,81.0,inferred
South Tyneside,2021-09-25,33.5,39.0,43.0,45.0,46.0,48.0,50.0,53.0,55.0,56.0,58.0,63.0,70.0,inferred
South Tyneside,2021-09-26,37.0,42.0,45.0,47.0,48.0,50.0,53.0,55.0,57.0,59.0,60.0,65.0,74.0,inferred
South Tyneside,2021-09-27,52.0,58.0,63.0,65.0,67.0,70.0,72.0,75.0,78.0,80.0,82.0,87.0,96.0,inferred
South Tyneside,2021-09-28,49.0,55.0,59.0,61.0,63.0,65.0,68.0,71.0,74.0,75.0,77.0,83.0,91.0,inferred
South Tyneside,2021-09-29,50.0,56.0,60.0,61.8,63.0,66.0,69.0,71.0,75.0,77.0,78.0,83.0,92.5,inferred
South Tyneside,2021-09-30,49.0,55.0,59.0,61.0,63.0,65.0,68.0,70.4,73.0,75.0,77.0,82.0,89.0,inferred
South Tyneside,2021-10-01,46.0,52.0,55.0,57.0,59.0,61.0,64.0,67.0,70.0,71.0,73.0,78.0,85.0,inferred
South Tyneside,2021-10-02,37.0,43.0,47.0,49.0,50.0,53.0,55.0,58.0,60.0,61.0,63.0,67.0,74.0,inferred
South Tyneside,2021-10-03,41.0,47.0,51.0,53.0,54.0,57.0,59.0,62.0,64.0,66.0,68.0,72.0,79.0,inferred
South Tyneside,2021-10-04,61.0,69.0,74.0,76.0,78.0,81.0,84.0,87.0,90.0,92.0,95.0,100.0,108.0,inferred
South Tyneside,2021-10-05,59.0,65.0,71.0,73.0,74.0,77.0,80.0,83.0,86.0,88.0,91.0,96.0,104.0,inferred
South Tyneside,2021-10-06,59.0,67.0,71.0,73.0,75.0,78.0,81.0,84.0,87.0,89.0,91.0,96.0,105.0,inferred
South Tyneside,2021-10-07,58.0,65.0,70.0,71.0,73.0,76.0,79.0,81.4,85.0,86.2,89.0,94.0,102.5,inferred
South Tyneside,2021-10-08,53.0,60.0,64.0,66.0,68.0,71.0,74.0,76.0,79.0,81.0,83.0,88.0,95.0,inferred
South Tyneside,2021-10-09,44.0,50.0,54.0,56.0,57.0,60.0,62.0,65.0,68.0,69.0,71.0,75.0,85.0,inferred
South Tyneside,2021-10-10,49.0,55.0,60.0,61.0,63.0,66.0,68.0,71.0,74.0,75.0,77.0,82.0,91.0,inferred
South Tyneside,2021-10-11,70.0,79.0,84.0,87.0,89.0,92.0,95.0,99.0,102.0,104.0,107.0,113.0,122.0,inferred
South Tyneside,2021-10-12,66.0,74.0,79.0,81.0,83.0,86.0,89.0,92.0,96.0,98.0,100.0,105.0,114.0,inferred
South Tyneside,2021-10-13,66.0,72.0,77.0,80.0,81.0,85.0,88.0,91.0,95.0,97.0,99.0,104.0,113.0,inferred
South Tyneside,2021-10-14,61.0,68.0,73.0,75.0,76.0,80.0,82.0,86.0,89.0,91.0,93.0,98.1,109.5,inferred
South Tyneside,2021-10-15,53.0,59.0,64.0,66.0,68.0,71.0,74.0,78.0,81.0,83.0,85.0,91.0,101.0,inferred
Southampton,2021-07-03,54.0,64.0,70.0,73.0,75.0,79.0,83.0,87.0,91.0,94.0,97.0,104.0,117.0,inferred
Southampton,2021-07-04,61.0,71.0,77.0,80.0,82.0,87.0,91.0,95.0,100.0,103.0,105.0,114.0,128.0,inferred
Southampton,2021-07-05,94.0,106.0,113.0,116.0,119.0,124.0,130.0,135.0,140.0,143.0,147.0,155.0,170.0,inferred
Southampton,2021-07-06,94.5,108.0,116.0,120.0,122.0,127.0,132.0,137.0,142.0,145.0,148.0,157.0,174.0,inferred
Southampton,2021-07-07,106.0,117.0,125.0,129.0,131.0,137.0,142.0,146.0,152.0,155.0,159.0,168.0,183.0,inferred
Southampton,2021-07-08,106.0,118.0,127.0,130.0,133.0,138.0,142.0,148.0,154.0,157.0,160.0,169.0,184.0,inferred
Southampton,2021-07-09,104.5,117.0,125.0,128.0,131.0,136.0,141.0,147.0,152.3,156.0,159.0,169.0,185.5,inferred
Southampton,2021-07-10,93.5,106.0,114.0,116.0,119.0,124.0,130.0,135.0,141.0,144.0,148.0,157.0,170.0,inferred
Southampton,2021-07-11,106.0,118.0,126.0,130.0,132.0,138.0,143.0,148.0,154.0,157.0,161.0,172.0,187.5,inferred
Southampton,2021-07-12,156.5,172.0,184.0,188.0,191.0,198.0,205.0,212.0,220.0,224.0,228.0,241.0,261.0,inferred
Southampton,2021-07-13,157.5,173.0,183.0,187.0,191.0,198.0,204.0,211.0,218.0,223.0,228.0,240.0,259.5,inferred
Southampton,2021-07-14,160.0,178.0,189.0,193.0,197.0,203.0,210.0,215.0,223.0,226.0,231.0,244.0,262.5,inferred
Southampton,2021-07-15,151.0,166.0,177.0,181.0,185.0,192.0,198.0,204.0,212.0,215.0,219.0,230.0,251.0,inferred
Southampton,2021-07-16,141.0,153.0,162.8,166.0,170.0,176.6,183.0,189.0,196.0,199.0,203.0,213.1,234.0,inferred
Southampton,2021-07-17,114.0,127.0,136.0,140.0,143.0,149.0,154.0,159.0,165.0,168.0,172.0,182.1,198.0,inferred
Southampton,2021-07-18,119.0,131.0,141.0,144.0,147.0,152.0,158.0,163.0,168.0,171.0,176.0,186.0,203.0,inferred
Southampton,2021-07-19,162.0,178.0,189.0,194.0,197.0,203.6,210.0,217.0,224.0,227.0,232.0,244.0,262.0,inferred
Southampton,2021-07-20,150.5,166.0,176.0,180.0,184.0,190.0,196.0,202.0,209.3,214.2,218.0,230.0,248.0,inferred
Southampton,2021-07-21,147.0,162.0,172.0,175.0,178.0,184.0,190.0,196.0,203.0,207.0,211.0,222.0,239.0,inferred
Southampton,2021-07-22,129.0,143.0,152.0,156.8,159.7,165.0,170.0,176.0,182.0,185.0,190.0,201.0,217.0,inferred
Southampton,2021-07-23,115.0,126.0,134.0,138.0,141.0,145.0,151.0,156.0,162.0,165.0,168.0,179.0,198.5,inferred
Southampton,2021-07-24,87.0,100.0,108.0,111.0,114.0,119.0,124.0,129.0,135.0,138.0,142.0,152.0,163.0,inferred
Southampton,2021-07-25,83.0,98.0,105.0,108.0,111.0,116.0,121.0,125.0,131.0,134.0,138.0,147.0,162.5,inferred
Southampton,2021-07-26,117.0,129.0,137.0,141.0,144.0,150.0,156.0,161.0,167.0,170.0,173.0,185.0,202.0,inferred
Southampton,2021-07-27,108.0,120.9,129.0,133.0,136.0,141.0,147.0,153.0,159.0,162.0,165.0,175.0,192.0,inferred
Southampton,2021-07-28,110.5,124.0,132.0,135.0,138.0,143.0,148.0,154.0,159.0,162.0,166.0,178.0,192.0,inferred
Southampton,2021-07-29,104.5,118.0,126.0,130.0,132.0,138.0,143.0,148.0,154.0,157.0,161.0,171.0,187.0,inferred
Southampton,2021-07-30,96.0,109.9,117.0,120.0,123.0,129.0,134.0,138.0,144.0,147.0,150.0,159.0,171.5,inferred
Southampton,2021-07-31,81.0,92.0,99.0,102.0,105.0,109.0,113.0,118.0,123.0,127.0,130.0,139.0,153.0,inferred
Southampton,2021-08-01,85.0,96.0,103.0,106.0,109.0,114.0,118.0,123.0,128.0,131.0,135.0,143.0,156.0,inferred
Southampton,2021-08-02,121.0,133.0,142.0,145.0,148.0,153.0,159.0,164.0,170.0,173.0,177.0,187.0,202.5,inferred
Southampton,2021-08-03,112.5,125.0,135.0,139.0,141.0,147.0,152.5,158.0,164.0,168.0,172.0,183.0,199.0,inferred
Southampton,2021-08-04,116.0,128.0,137.0,140.0,143.0,149.0,154.0,159.0,165.0,169.0,173.0,183.0,198.5,inferred
Southampton,2021-08-05,105.5,118.0,128.0,131.0,134.0,139.0,144.0,149.0,154.0,157.0,161.0,170.0,186.0,inferred
Southampton,2021-08-06,96.5,108.0,115.0,118.0,121.0,126.0,131.0,137.0,142.0,145.0,148.0,160.0,173.5,inferred
Southampton,2021-08-07,81.0,92.0,99.0,102.0,104.0,109.0,113.0,117.0,122.0,125.0,128.0,137.0,150.5,inferred
Southampton,2021-08-08,82.0,93.0,101.0,103.0,106.0,110.0,115.0,120.0,125.0,128.0,131.0,139.0,153.0,inferred
Southampton,2021-08-09,111.0,127.0,135.0,138.0,142.0,147.0,153.0,158.0,165.0,168.0,172.0,183.0,200.0,inferred
Southampton,2021-08-10,109.0,122.0,131.0,134.0,137.0,142.0,148.0,153.0,159.0,163.0,167.0,178.0,192.0,inferred
Southampton,2021-08-11,111.0,124.0,133.0,136.0,139.0,144.0,149.5,154.0,159.0,163.0,167.0,177.0,194.0,inferred
Southampton,2021-08-12,101.0,117.0,124.0,127.0,130.0,136.0,141.5,148.0,153.0,156.0,160.0,169.0,184.0,inferred
Southampton,2021-08-13,92.5,106.0,114.0,117.0,120.0,125.0,130.0,135.0,140.0,143.0,147.0,157.0,173.0,inferred
Southampton,2021-08-14,78.0,89.0,95.0,98.0,101.0,105.0,110.0,115.0,121.0,123.2,126.0,135.0,150.0,inferred
Southampton,2021-08-15,82.0,92.0,99.0,102.0,105.0,109.0,114.0,119.0,124.0,127.0,130.0,141.0,156.0,inferred
Southampton,2021-08-16,115.0,125.0,135.0,137.0,141.0,147.0,152.0,157.4,164.0,167.0,171.0,181.0,199.5,inferred
Southampton,2021-08-17,108.0,119.9,128.0,131.0,134.0,140.0,147.0,151.0,157.0,161.0,164.0,173.0,192.0,inferred
Southampton,2021-08-18,106.0,118.0,125.0,129.0,132.0,138.0,142.0,148.0,154.0,157.0,161.0,171.0,187.5,inferred
Southampton,2021-08-19,94.5,108.0,115.0,119.0,122.0,127.0,131.0,136.0,141.0,144.0,147.0,158.0,175.0,inferred
Southampton,2021-08-20,86.0,96.0,103.0,106.0,109.0,113.0,118.0,123.0,128.0,131.0,134.0,142.0,155.5,inferred
Southampton,2021-08-21,66.5,77.0,84.0,87.0,89.0,94.0,98.0,103.0,108.0,110.0,113.0,121.0,135.0,inferred
Southampton,2021-08-22,69.0,79.0,85.0,88.0,90.0,94.0,99.0,103.0,108.0,110.0,113.0,122.0,137.0,inferred
Southampton,2021-08-23,92.0,105.9,114.0,116.0,119.0,124.0,129.0,134.4,140.0,144.0,147.0,156.0,170.5,inferred
Southampton,2021-08-24,89.0,100.0,107.0,110.0,113.0,119.0,123.0,127.0,133.0,135.0,139.0,147.0,161.5,inferred
Southampton,2021-08-25,88.0,99.0,106.0,109.0,112.0,117.0,121.0,126.0,132.0,135.0,139.0,147.0,163.0,inferred
Southampton,2021-08-26,82.5,93.0,101.0,104.0,106.0,111.0,115.0,120.0,125.0,128.0,131.0,140.0,156.0,inferred
Southampton,2021-08-27,77.0,86.0,93.0,95.0,98.0,102.0,107.0,112.0,117.0,120.0,123.0,131.0,145.0,inferred
Southampton,2021-08-28,60.5,71.0,78.0,81.0,83.0,88.0,91.0,96.0,100.0,103.0,107.0,114.0,126.0,inferred
Southampton,2021-08-29,63.0,73.0,80.0,82.0,84.0,88.0,93.0,98.0,102.0,105.0,107.0,115.0,129.0,inferred
Southampton,2021-08-30,90.0,102.0,108.0,112.0,115.0,120.0,125.0,129.0,134.0,138.0,141.0,151.0,166.5,inferred
Southampton,2021-08-31,85.5,96.0,105.8,108.0,111.0,116.0,120.0,125.0,130.0,133.0,136.0,145.1,158.0,inferred
Southampton,2021-09-01,83.0,94.0,103.0,107.0,109.0,114.0,119.0,124.0,129.0,133.0,136.0,146.0,159.5,inferred
Southampton,2021-09-02,81.0,92.0,98.0,101.0,104.0,109.0,113.0,119.0,124.0,126.0,130.0,139.0,151.0,inferred
Southampton,2021-09-03,73.0,84.0,90.0,92.0,95.0,100.0,103.0,108.0,113.0,115.0,118.0,127.0,141.0,inferred
Southampton,2021-09-04,61.0,68.0,75.0,77.0,79.0,83.0,87.0,92.0,96.0,99.0,102.0,110.0,123.0,inferred
Southampton,2021-09-05,62.0,70.0,76.0,79.0,81.0,85.0,89.0,93.0,98.0,100.0,103.0,113.0,123.0,inferred
Southampton,2021-09-06,85.0,96.0,104.0,107.0,109.0,115.0,119.0,124.0,128.3,132.0,135.2,145.0,162.0,inferred
Southampton,2021-09-07,80.0,90.0,98.0,101.0,104.0,108.0,113.0,118.0,123.0,126.0,129.0,139.0,152.0,inferred
Southampton,2021-09-08,80.0,89.0,96.0,98.0,101.0,106.0,111.0,116.0,121.0,124.0,127.0,135.1,147.5,inferred
Southampton,2021-09-09,70.0,78.0,85.0,88.0,91.0,96.0,101.0,105.0,110.0,112.0,115.0,124.0,135.0,inferred
Southampton,2021-09-10,62.0,71.0,77.0,79.0,81.0,86.0,89.0,93.0,98.0,101.0,104.0,113.0,126.0,inferred
Southampton,2021-09-11,46.0,56.0,62.0,65.0,66.0,70.0,74.0,78.0,82.0,85.0,87.0,94.0,107.0,inferred
Southampton,2021-09-12,48.0,56.9,62.0,65.0,67.0,70.0,74.0,77.0,82.0,84.0,86.0,93.0,104.0,inferred
Southampton,2021-09-13,65.0,76.0,82.0,84.0,87.0,91.0,95.0,100.0,105.0,108.0,110.0,118.0,133.0,inferred
Southampton,2021-09-14,64.0,73.0,79.0,82.0,84.0,89.0,93.0,97.0,102.0,105.0,108.0,116.0,129.0,inferred
Southampton,2021-09-15,68.0,76.0,83.0,86.0,88.0,92.0,96.0,100.0,106.0,109.0,112.0,119.1,134.0,inferred
Southampton,2021-09-16,67.0,76.0,82.8,85.0,88.0,93.0,97.0,101.0,106.0,108.0,111.0,119.0,132.0,inferred
Southampton,2021-09-17,63.0,73.0,79.0,81.0,84.0,88.0,92.0,96.0,101.0,103.2,106.0,114.0,128.0,inferred
Southampton,2021-09-18,55.0,65.0,70.0,72.0,75.0,80.0,83.0,87.0,91.0,94.0,97.0,105.0,115.0,inferred
Southampton,2021-09-19,60.0,69.0,75.0,78.0,80.0,84.0,88.0,93.0,96.0,99.0,102.0,110.0,123.0,inferred
Southampton,2021-09-20,87.0,98.0,106.0,110.0,112.0,117.0,123.0,128.0,134.0,137.0,140.2,150.0,165.0,inferred
Southampton,2021-09-21,87.0,99.0,106.0,110.0,113.0,118.0,123.0,128.0,133.0,136.0,140.0,149.0,164.0,inferred
Southampton,2021-09-22,92.0,104.0,111.0,114.0,117.0,122.0,127.0,132.0,138.0,141.0,144.0,154.0,173.0,inferred
Southampton,2021-09-23,90.0,103.0,110.0,113.0,116.0,121.0,126.0,131.0,137.0,139.2,143.0,151.0,163.0,inferred
Southampton,2021-09-24,87.0,98.0,106.0,108.0,111.0,116.0,121.0,126.0,130.0,132.2,136.0,147.0,163.0,inferred
Southampton,2021-09-25,75.0,85.9,92.0,96.0,98.0,103.0,107.0,111.0,116.0,119.0,122.0,129.0,145.0,inferred
Southampton,2021-09-26,82.0,92.0,99.0,102.0,105.0,109.0,114.0,119.0,124.0,126.0,130.0,139.0,149.0,inferred
Southampton,2021-09-27,119.0,130.0,139.0,143.0,146.0,152.0,158.0,164.0,170.0,173.0,177.2,188.0,203.0,inferred
Southampton,2021-09-28,114.0,129.0,137.0,141.0,144.0,149.0,155.0,161.0,167.0,170.0,175.0,186.0,204.0,inferred
Southampton,2021-09-29,120.0,132.0,141.0,146.0,148.0,154.0,159.0,165.0,171.0,175.0,179.0,191.0,209.0,inferred
Southampton,2021-09-30,115.0,128.0,135.8,139.8,143.0,148.0,153.0,158.0,164.0,168.0,172.0,182.0,197.0,inferred
Southampton,2021-10-01,103.5,116.0,125.0,129.0,132.0,137.0,143.0,148.0,154.0,157.0,161.0,171.0,187.0,inferred
Southampton,2021-10-02,86.0,99.0,107.0,111.0,113.0,118.0,123.0,129.0,134.0,137.0,141.0,149.0,163.5,inferred
Southampton,2021-10-03,93.0,106.0,113.0,116.0,118.7,123.0,128.0,133.0,138.0,142.0,146.0,156.0,170.5,inferred
Southampton,2021-10-04,134.0,146.0,156.0,160.0,163.0,170.0,176.0,182.0,188.0,192.0,196.0,207.0,223.0,inferred
Southampton,2021-10-05,129.0,143.0,153.0,157.0,160.0,166.0,171.0,177.0,184.0,188.0,191.0,203.0,221.0,inferred
Southampton,2021-10-06,134.0,149.0,159.0,163.0,166.0,171.0,176.0,182.0,189.0,193.0,197.0,207.0,223.0,inferred
Southampton,2021-10-07,133.0,146.0,155.0,158.0,161.7,167.0,173.0,179.0,185.0,189.0,193.0,203.1,220.5,inferred
Southampton,2021-10-08,124.0,137.0,145.0,149.0,153.0,158.0,164.0,170.0,176.0,179.0,184.0,195.0,211.0,inferred
Southampton,2021-10-09,107.0,119.0,128.0,131.0,134.0,140.0,144.0,149.0,155.0,159.0,163.0,172.0,189.0,inferred
Southampton,2021-10-10,114.0,125.0,134.0,138.0,141.0,146.0,151.0,157.0,163.0,167.0,171.0,183.0,197.0,inferred
Southampton,2021-10-11,162.5,179.0,190.0,194.0,198.0,204.0,211.0,218.0,225.0,229.0,234.0,246.0,269.5,inferred
Southampton,2021-10-12,161.0,175.0,186.0,191.0,195.0,201.0,206.0,213.0,221.0,225.0,229.0,242.0,265.0,inferred
Southampton,2021-10-13,164.0,179.0,191.0,194.0,198.0,205.0,211.0,218.0,226.0,229.0,234.0,247.0,268.0,inferred
Southampton,2021-10-14,154.0,172.0,182.0,186.0,190.0,196.0,203.0,210.0,217.0,222.0,227.0,241.0,259.0,inferred
Southampton,2021-10-15,143.0,159.0,168.0,172.0,176.0,182.6,189.0,196.0,204.0,208.0,212.0,225.0,246.0,inferred
Southend-on-Sea,2021-07-03,21.0,28.0,33.0,34.0,36.0,39.0,42.0,45.0,48.0,50.0,52.0,58.0,69.0,inferred
Southend-on-Sea,2021-07-04,27.0,32.0,37.0,39.0,40.0,43.0,47.0,50.0,53.0,55.2,58.0,64.0,75.0,inferred
Southend-on-Sea,2021-07-05,42.0,49.0,55.0,57.0,60.0,63.0,67.0,71.0,75.0,77.0,80.0,88.0,100.0,inferred
Southend-on-Sea,2021-07-06,44.0,53.0,59.0,61.0,63.0,67.0,70.0,74.0,79.0,81.0,84.0,92.0,103.0,inferred
Southend-on-Sea,2021-07-07,52.0,62.0,67.0,70.0,72.0,76.0,80.0,84.0,89.0,92.0,94.0,102.0,116.5,inferred
Southend-on-Sea,2021-07-08,56.0,68.0,74.0,77.0,79.0,84.0,88.0,93.0,97.0,99.0,103.0,110.1,124.0,inferred
Southend-on-Sea,2021-07-09,62.5,72.0,78.0,80.0,83.0,87.0,91.0,95.0,101.0,103.0,105.2,114.0,127.0,inferred
Southend-on-Sea,2021-07-10,58.5,68.0,73.0,76.0,78.0,82.0,86.0,91.0,96.0,98.0,101.0,111.0,123.0,inferred
Southend-on-Sea,2021-07-11,68.5,80.0,87.0,90.0,93.0,97.0,102.0,107.0,111.0,113.0,116.0,127.0,142.0,inferred
Southend-on-Sea,2021-07-12,115.0,126.0,136.0,140.0,143.0,149.0,155.0,160.0,166.0,170.0,173.0,184.0,204.0,inferred
Southend-on-Sea,2021-07-13,115.0,129.0,138.0,141.0,144.0,150.0,156.0,162.0,169.0,172.0,176.0,186.0,206.0,inferred
Southend-on-Sea,2021-07-14,116.5,131.0,140.0,143.0,147.0,153.0,159.0,164.0,171.0,175.0,180.0,191.0,210.0,inferred
Southend-on-Sea,2021-07-15,110.0,123.0,132.0,135.0,139.0,145.0,150.0,155.0,161.3,164.0,168.0,180.0,197.0,inferred
Southend-on-Sea,2021-07-16,97.0,110.0,119.0,122.0,125.0,130.0,135.0,140.0,146.0,150.0,153.0,163.0,178.0,inferred
Southend-on-Sea,2021-07-17,78.0,89.0,96.0,98.0,100.0,106.0,111.0,116.0,122.0,125.0,128.0,137.0,154.0,inferred
Southend-on-Sea,2021-07-18,80.0,90.9,98.0,101.0,104.0,108.6,113.0,119.0,123.0,126.0,130.0,139.0,156.0,inferred
Southend-on-Sea,2021-07-19,109.5,121.0,132.0,135.0,137.0,143.0,149.0,155.0,161.0,165.0,170.0,179.0,196.5,inferred
Southend-on-Sea,2021-07-20,98.0,111.0,120.0,123.0,126.0,131.0,136.0,140.0,146.0,150.0,154.0,163.0,178.5,inferred
Southend-on-Sea,2021-07-21,90.0,101.0,109.0,112.0,116.0,121.0,126.0,131.0,136.0,140.0,143.0,153.0,171.5,inferred
Southend-on-Sea,2021-07-22,76.0,87.0,95.0,97.8,100.0,106.0,110.0,115.0,120.0,123.0,126.2,136.0,153.0,inferred
Southend-on-Sea,2021-07-23,62.0,71.0,78.0,80.0,83.0,87.0,91.0,95.0,100.0,103.0,105.0,113.0,127.5,inferred
Southend-on-Sea,2021-07-24,45.0,53.0,59.0,61.0,63.0,67.0,71.0,75.0,79.0,81.2,84.0,91.0,103.0,inferred
Southend-on-Sea,2021-07-25,41.0,49.0,55.0,57.0,59.0,63.0,66.0,70.0,74.0,77.0,79.0,87.0,99.0,inferred
Southend-on-Sea,2021-07-26,54.0,63.0,69.0,71.0,73.0,78.0,82.0,86.0,90.0,93.0,96.0,104.0,116.0,inferred
Southend-on-Sea,2021-07-27,48.0,56.0,62.0,64.0,67.0,71.0,74.0,79.0,82.3,85.0,88.0,96.0,108.0,inferred
Southend-on-Sea,2021-07-28,46.0,55.0,61.0,63.0,65.0,69.0,73.0,77.0,81.0,83.0,86.0,94.0,105.0,inferred
Southend-on-Sea,2021-07-29,42.5,52.0,56.0,59.0,61.0,65.0,69.0,73.0,77.0,79.0,82.0,89.0,100.5,inferred
Southend-on-Sea,2021-07-30,37.0,44.0,50.0,52.0,54.0,58.0,62.0,65.0,69.0,72.0,74.2,80.0,93.0,inferred
Southend-on-Sea,2021-07-31,28.0,37.0,41.0,43.0,45.0,48.0,51.0,55.0,58.0,60.0,63.0,69.0,80.0,inferred
Southend-on-Sea,2021-08-01,30.0,37.0,42.0,44.0,45.0,49.0,52.0,55.0,58.0,61.0,63.0,70.0,81.0,inferred
Southend-on-Sea,2021-08-02,43.0,52.0,56.0,59.0,61.0,65.0,69.0,72.0,76.0,79.0,83.0,90.0,104.0,inferred
Southend-on-Sea,2021-08-03,40.0,48.0,54.0,56.0,58.0,62.0,65.0,68.0,72.0,75.0,78.0,85.0,96.0,inferred
Southend-on-Sea,2021-08-04,39.5,47.0,54.0,56.0,58.0,62.0,66.0,69.0,73.0,76.0,79.0,86.1,100.0,inferred
Southend-on-Sea,2021-08-05,39.0,47.0,52.0,55.0,57.0,60.0,64.0,68.0,72.0,74.0,76.0,84.0,96.0,inferred
Southend-on-Sea,2021-08-06,34.0,43.0,48.0,50.0,51.0,55.0,58.0,62.0,66.0,68.0,70.0,78.0,89.5,inferred
Southend-on-Sea,2021-08-07,27.0,35.0,40.0,42.0,44.0,47.0,50.0,54.0,58.0,59.0,61.0,67.0,78.5,inferred
Southend-on-Sea,2021-08-08,30.0,36.9,42.0,44.0,46.0,49.0,52.0,55.0,58.3,61.0,64.0,71.0,84.0,inferred
Southend-on-Sea,2021-08-09,45.0,53.0,59.0,62.0,64.0,67.0,71.0,75.0,79.0,82.0,84.2,93.0,104.0,inferred
Southend-on-Sea,2021-08-10,41.0,49.0,55.0,57.0,59.0,63.0,67.0,70.0,75.0,78.0,80.0,88.0,100.0,inferred
Southend-on-Sea,2021-08-11,42.0,51.0,57.0,59.0,61.0,64.6,68.0,72.0,76.0,78.0,81.0,89.0,100.0,inferred
Southend-on-Sea,2021-08-12,39.0,48.0,53.0,55.0,57.0,61.0,64.5,68.0,72.0,75.0,77.0,84.0,96.5,inferred
Southend-on-Sea,2021-08-13,34.0,43.0,48.0,50.0,52.0,55.0,59.0,62.0,66.0,68.0,72.0,78.0,91.0,inferred
Southend-on-Sea,2021-08-14,28.0,35.0,40.0,42.0,44.0,47.0,50.0,53.0,56.3,58.0,61.0,67.0,78.5,inferred
Southend-on-Sea,2021-08-15,28.0,36.0,41.0,43.0,45.0,48.0,52.0,55.0,59.0,61.0,64.0,70.0,80.0,inferred
Southend-on-Sea,2021-08-16,42.0,50.0,57.0,58.8,60.7,65.0,68.0,72.0,76.0,78.0,81.0,89.0,100.5,inferred
Southend-on-Sea,2021-08-17,40.0,47.0,52.0,55.0,56.0,61.0,64.0,68.0,72.0,74.0,77.0,84.1,95.5,inferred
Southend-on-Sea,2021-08-18,38.0,46.0,51.0,54.0,56.0,59.0,63.0,66.0,71.0,73.0,76.0,84.0,94.0,inferred
Southend-on-Sea,2021-08-19,36.0,43.0,49.0,51.0,52.0,56.0,59.0,64.0,68.0,70.0,73.0,80.0,91.0,inferred
Southend-on-Sea,2021-08-20,32.0,40.0,44.0,46.0,48.0,51.0,54.5,58.0,61.0,64.0,66.0,73.0,84.0,inferred
Southend-on-Sea,2021-08-21,25.0,31.0,35.0,37.0,39.0,42.0,45.0,49.0,52.0,54.0,56.0,63.0,72.0,inferred
Southend-on-Sea,2021-08-22,26.0,32.0,37.0,39.0,40.0,43.0,46.0,49.0,53.0,55.0,57.0,63.0,73.5,inferred
Southend-on-Sea,2021-08-23,38.0,45.0,50.0,52.0,54.0,57.0,61.0,65.0,68.0,71.0,74.0,82.0,93.0,inferred
Southend-on-Sea,2021-08-24,35.0,43.0,48.0,50.0,52.0,56.0,59.0,63.0,67.0,69.0,71.0,78.0,89.0,inferred
Southend-on-Sea,2021-08-25,37.0,44.0,50.0,52.0,54.0,58.0,61.0,65.0,69.0,71.0,74.0,81.0,93.0,inferred
Southend-on-Sea,2021-08-26,37.0,45.0,50.0,52.0,54.0,57.0,61.0,64.0,69.0,71.0,73.0,81.0,94.0,inferred
Southend-on-Sea,2021-08-27,35.0,42.0,47.0,50.0,51.0,55.0,58.0,61.0,65.0,68.0,70.0,77.0,89.5,inferred
Southend-on-Sea,2021-08-28,28.0,36.0,41.0,43.0,44.0,48.0,51.0,54.0,58.0,60.0,63.0,69.0,79.5,inferred
Southend-on-Sea,2021-08-29,33.0,39.0,43.0,46.0,47.0,50.6,54.0,58.0,62.0,64.0,66.0,73.0,85.0,inferred
Southend-on-Sea,2021-08-30,46.0,57.0,62.0,65.0,67.0,71.0,74.0,79.0,83.0,86.0,89.0,96.0,109.0,inferred
Southend-on-Sea,2021-08-31,46.5,56.0,62.0,64.0,67.0,71.0,75.0,78.0,83.0,85.0,88.0,95.0,108.0,inferred
Southend-on-Sea,2021-09-01,48.0,59.0,64.0,67.0,69.0,73.0,77.0,81.0,85.0,88.0,91.0,99.0,112.0,inferred
Southend-on-Sea,2021-09-02,47.0,58.0,63.0,66.0,68.0,72.0,76.0,80.0,84.0,87.0,90.0,97.0,108.0,inferred
Southend-on-Sea,2021-09-03,44.0,52.0,59.0,61.0,63.0,67.0,71.0,75.0,79.0,81.0,84.0,92.0,104.0,inferred
Southend-on-Sea,2021-09-04,37.0,44.0,49.0,51.0,54.0,58.0,61.0,65.0,69.0,71.0,73.0,80.0,93.0,inferred
Southend-on-Sea,2021-09-05,38.0,46.0,52.0,54.0,56.0,60.0,64.0,67.0,71.0,73.0,76.0,82.0,93.5,inferred
Southend-on-Sea,2021-09-06,58.0,67.0,74.0,77.0,79.7,84.0,88.0,92.0,96.0,99.0,102.0,111.0,125.0,inferred
Southend-on-Sea,2021-09-07,52.0,62.9,70.0,72.0,75.0,79.0,83.0,87.0,92.0,94.0,98.0,106.0,119.0,inferred
Southend-on-Sea,2021-09-08,52.0,62.0,68.0,70.0,73.0,77.0,81.0,85.0,90.0,92.0,95.0,103.0,117.0,inferred
Southend-on-Sea,2021-09-09,46.0,55.0,61.0,63.0,65.0,70.0,74.0,78.0,82.0,85.0,87.0,96.0,110.0,inferred
Southend-on-Sea,2021-09-10,38.0,47.0,53.0,56.0,57.0,60.0,65.0,69.0,72.0,74.0,77.0,84.0,96.0,inferred
Southend-on-Sea,2021-09-11,29.0,37.0,42.0,44.0,45.0,49.0,52.0,55.0,59.0,61.0,64.0,70.1,82.5,inferred
Southend-on-Sea,2021-09-12,31.0,36.0,41.0,43.0,44.0,47.6,51.0,54.0,58.0,59.0,62.0,68.0,79.0,inferred
Southend-on-Sea,2021-09-13,40.5,48.0,54.0,56.0,58.0,61.0,65.0,69.0,73.0,75.0,78.0,86.0,98.0,inferred
Southend-on-Sea,2021-09-14,36.0,44.0,49.0,52.0,54.0,58.0,61.0,64.0,69.0,71.0,74.0,81.0,94.0,inferred
Southend-on-Sea,2021-09-15,36.0,43.0,49.0,52.0,54.0,57.0,60.0,64.0,68.0,70.0,73.0,81.0,93.0,inferred
Southend-on-Sea,2021-09-16,34.0,42.0,48.0,50.0,52.0,55.6,59.0,62.0,66.0,68.0,71.0,78.0,89.0,inferred
Southend-on-Sea,2021-09-17,30.0,38.0,43.0,45.0,47.0,51.0,54.0,57.0,60.0,63.0,65.0,72.0,79.5,inferred
Southend-on-Sea,2021-09-18,26.0,32.0,37.0,39.0,41.0,43.0,46.0,49.0,53.0,55.0,57.0,63.0,74.0,inferred
Southend-on-Sea,2021-09-19,26.5,33.0,38.0,40.0,42.0,45.0,48.0,50.0,54.0,56.0,59.0,65.0,76.5,inferred
Southend-on-Sea,2021-09-20,40.0,48.0,53.0,55.0,57.0,60.0,64.0,67.4,72.0,74.0,77.0,84.0,95.0,inferred
Southend-on-Sea,2021-09-21,35.0,44.0,50.0,52.0,54.0,58.0,61.0,66.0,70.0,73.0,75.0,83.0,94.5,inferred
Southend-on-Sea,2021-09-22,39.0,46.0,52.0,54.0,56.0,60.0,63.0,67.0,71.0,73.0,76.0,83.0,93.5,inferred
Southend-on-Sea,2021-09-23,37.0,45.0,50.0,52.0,54.0,58.0,61.0,65.0,69.0,71.0,74.0,81.0,91.0,inferred
Southend-on-Sea,2021-09-24,35.0,43.0,47.0,50.0,52.0,55.0,58.0,62.0,66.0,68.0,70.0,78.0,89.0,inferred
Southend-on-Sea,2021-09-25,28.0,35.0,40.0,42.0,44.0,47.0,50.0,53.0,56.0,58.0,61.0,67.0,77.5,inferred
Southend-on-Sea,2021-09-26,31.5,38.0,44.0,46.0,47.0,50.0,54.0,57.0,61.0,63.0,65.0,72.0,84.0,inferred
Southend-on-Sea,2021-09-27,46.0,55.0,60.0,62.0,65.0,69.0,72.0,77.0,81.0,84.0,86.0,94.0,105.5,inferred
Southend-on-Sea,2021-09-28,44.0,52.0,58.0,60.0,63.0,67.0,71.0,75.0,79.0,81.0,84.0,92.0,106.0,inferred
Southend-on-Sea,2021-09-29,46.0,55.0,61.0,63.0,65.0,69.0,73.0,76.4,80.0,83.0,87.0,94.0,107.0,inferred
Southend-on-Sea,2021-09-30,45.0,54.0,60.0,62.0,64.0,68.0,72.0,76.0,80.0,83.0,85.0,92.0,106.0,inferred
Southend-on-Sea,2021-10-01,41.0,49.0,54.0,57.0,59.0,63.0,66.0,70.0,74.0,76.0,79.0,86.0,98.0,inferred
Southend-on-Sea,2021-10-02,34.0,42.0,46.0,49.0,51.0,54.0,58.0,61.0,65.0,67.0,69.0,76.0,86.0,inferred
Southend-on-Sea,2021-10-03,35.0,42.0,48.0,50.0,53.0,56.0,60.0,63.0,67.0,69.0,72.0,79.0,92.0,inferred
Southend-on-Sea,2021-10-04,53.0,62.0,69.0,72.0,74.0,78.0,82.0,87.0,91.0,93.0,97.0,104.0,117.0,inferred
Southend-on-Sea,2021-10-05,51.0,59.0,66.0,69.0,71.0,75.0,80.0,84.0,89.0,92.0,96.0,103.0,116.0,inferred
Southend-on-Sea,2021-10-06,53.0,64.0,70.0,73.0,75.0,80.0,83.5,88.0,92.0,95.0,98.0,106.0,121.0,inferred
Southend-on-Sea,2021-10-07,54.0,63.0,69.0,72.0,74.0,78.0,82.0,86.4,91.0,94.0,96.2,104.0,116.0,inferred
Southend-on-Sea,2021-10-08,50.0,59.0,65.0,67.0,70.0,74.0,78.0,81.0,86.0,88.0,91.0,99.0,113.0,inferred
Southend-on-Sea,2021-10-09,43.0,51.0,57.0,59.0,61.0,65.0,68.0,72.0,76.0,78.0,81.0,89.0,99.0,inferred
Southend-on-Sea,2021-10-10,47.0,54.0,61.0,63.0,66.0,70.0,73.0,77.0,81.0,84.0,87.0,94.0,104.0,inferred
Southend-on-Sea,2021-10-11,68.0,80.0,87.0,90.0,92.0,97.0,102.0,106.0,112.0,115.0,119.0,128.0,141.0,inferred
Southend-on-Sea,2021-10-12,67.0,77.0,85.0,88.0,91.0,96.0,101.0,105.0,110.0,114.0,116.0,126.0,139.5,inferred
Southend-on-Sea,2021-10-13,71.5,82.0,90.0,93.0,95.0,100.0,105.0,110.0,115.0,119.0,122.0,131.0,145.0,inferred
Southend-on-Sea,2021-10-14,68.0,82.0,88.0,91.0,94.0,99.0,104.0,109.0,114.0,117.0,120.0,130.0,146.0,inferred
Southend-on-Sea,2021-10-15,66.0,76.0,84.0,87.0,89.0,94.0,100.0,105.0,109.3,112.0,116.0,125.0,141.0,inferred
Southwark,2021-07-03,82.0,91.0,98.0,101.0,103.0,108.0,112.0,117.0,122.0,125.0,129.0,137.0,154.5,inferred
Southwark,2021-07-04,87.0,97.0,105.0,108.0,110.0,115.0,120.0,125.0,131.0,133.0,137.0,147.0,164.0,inferred
Southwark,2021-07-05,136.5,149.0,157.0,160.0,164.0,170.0,175.0,181.0,187.0,191.0,195.0,206.1,221.5,inferred
Southwark,2021-07-06,138.5,151.0,161.0,164.0,167.0,173.0,178.0,183.0,189.0,193.0,196.0,206.0,221.5,inferred
Southwark,2021-07-07,153.0,165.0,173.0,176.0,179.0,186.0,191.5,197.0,203.0,207.0,210.0,221.0,239.0,inferred
Southwark,2021-07-08,153.0,166.0,174.0,178.0,182.0,188.0,193.0,199.0,205.0,209.0,214.0,224.0,238.0,inferred
Southwark,2021-07-09,145.5,160.0,169.0,172.0,174.0,180.0,186.0,193.0,200.0,204.0,208.0,218.0,236.0,inferred
Southwark,2021-07-10,125.5,140.0,150.0,153.8,156.0,161.0,167.0,173.0,179.0,183.0,186.0,196.0,213.0,inferred
Southwark,2021-07-11,138.0,150.0,159.0,163.0,167.0,172.0,178.0,183.0,189.0,193.0,197.0,207.0,223.0,inferred
Southwark,2021-07-12,203.0,221.0,233.0,238.0,241.0,249.0,257.0,264.0,272.0,277.0,282.0,294.0,312.5,inferred
Southwark,2021-07-13,200.0,218.0,230.0,234.0,237.0,245.0,251.5,259.0,266.0,270.0,274.0,288.0,309.5,inferred
Southwark,2021-07-14,207.5,222.0,234.0,238.0,242.0,249.0,256.0,263.0,270.0,274.0,279.0,290.0,308.5,inferred
Southwark,2021-07-15,194.0,213.0,223.0,227.0,230.0,238.0,246.0,252.0,259.0,263.0,267.0,280.0,300.5,inferred
Southwark,2021-07-16,176.5,192.0,202.0,206.0,209.0,215.0,221.0,227.0,234.0,238.0,242.0,255.0,271.0,inferred
Southwark,2021-07-17,147.5,160.0,168.0,172.0,175.0,180.0,187.0,193.0,199.0,203.0,206.0,218.0,238.0,inferred
Southwark,2021-07-18,144.0,157.0,166.0,170.0,174.0,180.0,185.0,192.0,197.0,202.0,207.0,216.0,231.0,inferred
Southwark,2021-07-19,201.0,216.0,227.0,230.0,234.0,241.0,249.0,255.0,261.3,266.0,271.0,282.1,302.5,inferred
Southwark,2021-07-20,183.5,198.0,209.0,213.0,216.0,223.0,230.0,236.0,243.0,247.0,250.2,265.0,282.5,inferred
Southwark,2021-07-21,173.5,187.0,196.0,200.8,204.0,211.0,218.0,224.0,231.0,235.0,240.0,251.0,269.0,inferred
Southwark,2021-07-22,151.0,167.0,176.8,180.8,184.0,190.0,196.0,201.0,207.0,211.0,215.0,226.0,243.0,inferred
Southwark,2021-07-23,127.0,137.0,147.0,150.0,153.0,158.0,163.0,168.0,174.0,178.0,182.0,192.0,207.0,inferred
Southwark,2021-07-24,95.5,106.0,115.0,118.0,120.0,125.0,130.0,135.0,141.0,143.0,146.0,155.0,169.0,inferred
Southwark,2021-07-25,87.0,98.0,106.0,109.0,112.0,117.0,121.0,126.0,130.0,133.0,137.0,144.0,157.5,inferred
Southwark,2021-07-26,111.5,124.0,134.0,137.0,140.0,146.0,151.0,157.0,162.0,165.0,169.0,178.0,195.0,inferred
Southwark,2021-07-27,106.0,116.0,124.0,127.0,130.0,135.0,140.0,145.0,151.0,153.2,158.0,167.0,183.0,inferred
Southwark,2021-07-28,108.0,120.0,128.0,131.0,134.0,139.0,144.0,149.0,154.0,157.0,160.0,171.0,187.0,inferred
Southwark,2021-07-29,105.0,117.0,125.0,128.0,130.0,136.0,141.0,146.0,151.0,153.2,157.0,166.1,184.0,inferred
Southwark,2021-07-30,98.0,108.0,117.0,120.0,122.0,126.0,131.0,136.0,141.0,144.0,147.0,154.0,169.0,inferred
Southwark,2021-07-31,81.0,91.9,99.0,102.0,104.0,109.0,113.0,118.0,124.0,127.0,130.0,137.0,149.5,inferred
Southwark,2021-08-01,82.0,94.0,101.0,104.0,106.0,111.0,116.0,120.0,125.0,128.0,131.0,139.0,151.5,inferred
Southwark,2021-08-02,120.0,133.0,141.0,145.0,147.0,153.0,158.0,163.0,169.0,173.0,176.0,186.0,203.0,inferred
Southwark,2021-08-03,112.0,127.0,136.0,140.0,143.0,148.0,154.0,160.0,165.0,168.0,172.0,182.0,198.0,inferred
Southwark,2021-08-04,118.0,132.0,140.0,143.0,146.0,152.0,156.0,162.0,168.0,171.0,174.0,183.0,199.5,inferred
Southwark,2021-08-05,114.0,126.0,135.0,138.0,140.0,146.0,151.0,156.0,162.0,165.2,169.0,179.0,194.5,inferred
Southwark,2021-08-06,105.0,116.0,124.0,127.0,129.0,134.6,139.0,144.0,150.0,152.0,157.0,166.0,182.5,inferred
Southwark,2021-08-07,88.0,97.0,104.0,107.0,109.0,114.0,118.0,123.0,128.0,131.0,134.0,143.0,156.0,inferred
Southwark,2021-08-08,87.5,98.9,106.0,108.8,111.0,116.0,121.0,125.0,131.0,133.2,137.0,145.0,158.0,inferred
Southwark,2021-08-09,128.0,139.0,148.0,151.0,154.0,160.0,166.0,171.0,177.0,180.0,184.0,193.0,207.0,inferred
Southwark,2021-08-10,121.0,133.0,141.0,145.0,149.0,154.0,159.0,164.0,169.0,172.0,175.2,186.0,201.0,inferred
Southwark,2021-08-11,120.0,132.9,142.0,146.0,148.0,154.0,159.0,163.0,169.0,172.0,176.0,186.0,203.5,inferred
Southwark,2021-08-12,115.5,127.0,135.0,137.8,140.0,146.0,151.0,156.0,162.0,164.2,168.0,178.0,192.0,inferred
Southwark,2021-08-13,101.5,112.0,119.8,123.0,125.0,130.0,135.0,139.0,146.0,149.0,153.0,162.0,178.0,inferred
Southwark,2021-08-14,83.0,92.0,100.0,102.0,105.0,109.0,113.0,118.0,123.0,126.0,129.0,137.0,149.0,inferred
Southwark,2021-08-15,78.0,90.0,97.0,100.0,102.0,107.0,112.0,116.0,121.0,123.0,127.0,135.0,147.0,inferred
Southwark,2021-08-16,111.0,124.0,132.0,136.0,139.0,144.0,149.0,154.0,161.0,164.0,168.0,177.1,192.0,inferred
Southwark,2021-08-17,105.0,115.0,123.0,126.8,129.0,134.0,139.0,144.0,149.0,153.0,157.0,165.0,179.0,inferred
Southwark,2021-08-18,101.0,113.0,121.0,124.0,127.0,132.0,137.0,141.0,147.0,151.0,154.0,164.0,179.0,inferred
Southwark,2021-08-19,94.0,106.0,114.0,117.0,120.0,124.0,128.0,133.0,138.0,141.0,144.0,153.0,169.0,inferred
Southwark,2021-08-20,81.0,92.0,100.0,103.0,105.0,109.0,113.0,118.0,123.0,126.0,129.0,137.0,152.0,inferred
Southwark,2021-08-21,67.0,75.0,82.0,84.0,86.0,90.0,94.0,98.0,103.0,105.0,108.2,116.0,128.0,inferred
Southwark,2021-08-22,63.5,72.0,79.0,81.0,84.0,88.0,92.0,96.0,101.0,103.0,106.0,113.0,129.0,inferred
Southwark,2021-08-23,90.0,100.0,106.0,109.0,112.0,116.0,121.0,126.0,131.3,134.0,137.0,146.0,161.5,inferred
Southwark,2021-08-24,83.0,92.0,99.0,102.0,105.0,110.0,114.0,119.0,124.0,126.0,130.2,140.0,154.0,inferred
Southwark,2021-08-25,82.5,93.0,100.0,103.0,105.0,110.0,114.5,119.0,124.0,127.0,130.0,138.0,151.0,inferred
Southwark,2021-08-26,80.0,89.9,97.0,99.0,101.0,106.0,111.0,115.4,121.0,123.0,126.0,134.0,148.0,inferred
Southwark,2021-08-27,70.0,81.0,87.0,90.0,92.0,96.0,99.0,103.0,108.0,111.0,114.0,123.0,136.0,inferred
Southwark,2021-08-28,58.0,67.0,74.0,76.0,79.0,82.0,86.0,90.0,94.0,96.0,98.0,106.0,119.0,inferred
Southwark,2021-08-29,58.5,66.0,72.0,75.0,77.0,80.0,84.0,89.0,94.0,96.0,99.0,108.0,117.5,inferred
Southwark,2021-08-30,82.0,93.0,101.0,104.0,107.0,111.0,116.0,120.0,126.0,129.0,132.0,140.0,154.0,inferred
Southwark,2021-08-31,78.0,90.0,97.0,99.0,101.0,105.0,110.0,115.0,120.0,122.0,125.0,134.0,149.0,inferred
Southwark,2021-09-01,79.0,89.0,97.0,99.0,101.0,107.0,110.0,115.0,120.0,124.0,127.0,135.0,149.0,inferred
Southwark,2021-09-02,77.0,88.0,94.0,97.8,100.0,104.0,108.0,112.0,117.0,119.0,122.0,131.0,146.0,inferred
Southwark,2021-09-03,69.5,79.0,85.0,87.0,90.0,94.0,98.0,103.0,108.0,110.2,113.0,119.0,130.5,inferred
Southwark,2021-09-04,58.0,66.0,72.0,75.0,77.0,81.0,84.0,88.0,93.0,95.0,97.0,105.0,116.0,inferred
Southwark,2021-09-05,58.0,65.9,71.8,74.0,75.0,79.0,83.0,87.0,91.0,93.0,96.0,102.0,115.0,inferred
Southwark,2021-09-06,81.0,90.0,98.0,100.0,103.0,107.0,112.0,116.0,121.0,123.0,127.0,136.0,150.5,inferred
Southwark,2021-09-07,75.0,84.0,91.0,94.0,96.0,100.0,104.0,109.0,113.0,115.2,119.0,128.0,142.0,inferred
Southwark,2021-09-08,72.0,81.0,88.0,90.0,92.0,97.0,101.0,105.0,110.0,112.0,115.0,123.0,137.5,inferred
Southwark,2021-09-09,63.0,73.0,78.0,81.0,83.0,87.0,91.0,95.0,99.0,101.0,104.2,112.0,123.5,inferred
Southwark,2021-09-10,52.0,62.0,67.0,69.0,71.0,75.0,79.0,82.4,87.0,89.0,92.0,98.1,112.0,inferred
Southwark,2021-09-11,40.0,47.0,53.0,55.0,56.0,60.0,63.0,66.0,70.0,72.0,75.0,80.0,90.0,inferred
Southwark,2021-09-12,38.0,45.0,50.0,52.0,54.0,57.0,60.0,63.0,67.0,69.0,71.0,78.0,87.0,inferred
Southwark,2021-09-13,52.0,60.0,66.0,68.0,70.0,73.0,77.0,80.0,85.0,87.0,90.0,97.0,108.0,inferred
Southwark,2021-09-14,47.0,55.0,61.0,63.0,65.0,69.0,73.0,77.0,81.0,83.0,86.0,92.0,102.0,inferred
Southwark,2021-09-15,49.0,56.0,63.0,65.0,67.0,71.0,75.0,78.0,83.0,85.0,87.0,94.0,105.0,inferred
Southwark,2021-09-16,48.0,55.0,61.0,63.0,65.0,69.6,73.0,76.0,80.0,83.0,85.2,92.0,101.0,inferred
Southwark,2021-09-17,43.0,52.0,57.0,59.0,60.0,63.6,66.0,70.0,73.0,76.0,79.0,85.0,95.0,inferred
Southwark,2021-09-18,37.0,43.0,48.0,50.0,51.0,55.0,58.0,61.0,65.0,67.0,69.0,76.0,85.0,inferred
Southwark,2021-09-19,37.0,44.0,48.0,50.0,52.0,55.0,58.5,62.0,66.0,68.0,70.0,77.0,86.0,inferred
Southwark,2021-09-20,52.0,63.0,69.0,71.0,73.0,77.0,81.0,85.0,89.0,92.0,95.0,102.0,115.0,inferred
Southwark,2021-09-21,53.0,61.0,66.0,68.0,70.0,74.0,78.0,82.0,85.0,88.0,91.0,97.0,111.0,inferred
Southwark,2021-09-22,52.0,60.0,66.0,68.0,70.0,74.0,78.0,82.0,87.0,89.0,91.0,98.0,110.5,inferred
Southwark,2021-09-23,49.0,56.0,62.0,64.0,66.0,70.0,73.0,77.0,81.0,84.0,86.0,93.0,105.0,inferred
Southwark,2021-09-24,43.0,51.0,56.0,58.0,60.0,64.0,67.0,70.0,74.0,76.0,78.0,86.0,95.0,inferred
Southwark,2021-09-25,35.0,42.0,47.0,49.0,50.0,54.0,57.0,60.0,63.0,66.0,68.0,74.0,83.5,inferred
Southwark,2021-09-26,34.0,41.0,46.0,49.0,50.0,54.0,57.0,60.0,64.0,66.0,68.0,74.0,83.0,inferred
Southwark,2021-09-27,51.0,59.0,65.0,67.0,69.0,73.0,76.0,81.0,84.0,86.2,89.0,97.0,109.0,inferred
Southwark,2021-09-28,49.0,56.0,61.0,64.0,66.0,69.0,72.0,76.0,80.0,82.2,85.0,93.0,105.0,inferred
Southwark,2021-09-29,48.0,56.0,61.0,63.0,65.0,69.0,72.0,76.0,80.0,82.0,85.0,91.0,102.0,inferred
Southwark,2021-09-30,43.0,53.0,59.0,61.0,63.0,66.0,69.5,73.0,77.0,79.0,82.0,89.0,100.0,inferred
Southwark,2021-10-01,40.0,47.0,52.0,54.0,56.0,59.0,63.0,65.0,69.0,71.0,74.0,80.1,92.0,inferred
Southwark,2021-10-02,32.0,39.0,43.8,45.0,47.0,49.0,53.0,56.0,59.0,61.0,63.0,69.0,78.0,inferred
Southwark,2021-10-03,31.0,38.0,43.0,45.0,46.0,49.0,52.0,55.0,59.0,61.0,63.0,69.0,77.5,inferred
Southwark,2021-10-04,46.0,54.0,60.0,62.0,64.0,67.0,71.0,74.0,79.0,81.0,84.0,90.0,101.0,inferred
Southwark,2021-10-05,44.0,51.0,56.0,59.0,61.0,64.0,68.0,71.4,76.0,78.0,80.0,87.0,100.0,inferred
Southwark,2021-10-06,45.0,53.0,58.0,60.0,62.0,66.0,69.0,73.0,77.0,79.0,81.0,88.1,101.0,inferred
Southwark,2021-10-07,45.0,52.0,57.0,59.0,61.0,65.0,68.0,72.0,75.0,78.0,80.0,86.0,96.0,inferred
Southwark,2021-10-08,39.0,47.0,53.0,55.0,56.0,59.0,62.0,66.0,70.0,72.0,74.0,80.0,89.0,inferred
Southwark,2021-10-09,34.0,40.0,45.0,46.0,48.0,51.0,54.0,57.0,61.0,63.0,65.0,71.0,80.0,inferred
Southwark,2021-10-10,34.0,41.0,46.0,47.0,49.0,52.0,55.0,58.0,61.0,63.0,65.0,71.0,82.0,inferred
Southwark,2021-10-11,50.0,59.0,64.0,66.0,69.0,72.0,77.0,81.0,85.0,87.0,90.0,98.0,108.0,inferred
Southwark,2021-10-12,49.0,56.0,62.0,65.0,67.0,71.0,74.0,77.0,82.0,84.0,87.0,94.0,105.0,inferred
Southwark,2021-10-13,50.0,58.0,64.0,66.0,67.7,71.0,75.0,79.0,83.0,85.0,88.0,95.0,107.0,inferred
Southwark,2021-10-14,48.0,56.0,61.8,64.0,66.0,70.0,74.0,78.0,82.0,84.0,86.0,93.0,104.0,inferred
Southwark,2021-10-15,42.0,49.0,55.0,58.0,60.0,64.0,67.0,70.0,74.0,77.0,79.0,86.0,99.0,inferred
Spelthorne,2021-07-03,11.0,15.0,17.0,18.0,19.0,20.0,22.0,23.0,25.0,26.0,27.0,30.0,35.0,inferred
Spelthorne,2021-07-04,14.0,16.0,19.0,20.0,21.0,22.0,24.0,25.0,27.0,28.0,29.0,32.0,37.0,inferred
Spelthorne,2021-07-05,22.0,26.0,29.0,29.8,30.0,32.0,34.0,36.0,38.0,39.0,41.0,44.0,50.0,inferred
Spelthorne,2021-07-06,23.0,27.0,30.0,31.0,32.0,34.0,36.0,38.0,40.0,41.0,42.0,46.0,52.0,inferred
Spelthorne,2021-07-07,26.0,30.0,33.0,34.0,35.0,37.0,39.0,41.0,44.0,45.0,47.0,50.0,57.0,inferred
Spelthorne,2021-07-08,27.0,31.0,34.0,35.0,37.0,39.0,41.0,43.0,46.0,47.0,49.0,52.0,59.0,inferred
Spelthorne,2021-07-09,27.0,32.0,35.0,36.0,38.0,40.0,42.0,44.0,46.0,48.0,49.0,54.0,61.0,inferred
Spelthorne,2021-07-10,25.0,29.0,32.0,34.0,35.0,38.0,40.0,41.0,44.0,45.0,46.0,50.0,57.5,inferred
Spelthorne,2021-07-11,30.0,34.0,37.0,38.0,40.0,42.0,44.0,46.0,48.0,50.0,51.0,55.1,62.5,inferred
Spelthorne,2021-07-12,44.0,52.0,56.0,58.0,59.0,62.0,65.0,67.0,70.0,72.0,74.0,78.0,86.0,inferred
Spelthorne,2021-07-13,46.0,53.0,57.0,59.0,60.0,63.6,66.0,69.0,71.0,73.0,75.0,80.0,88.0,inferred
Spelthorne,2021-07-14,49.0,54.0,59.0,60.0,62.0,64.0,67.0,70.0,73.0,74.0,76.0,81.0,90.5,inferred
Spelthorne,2021-07-15,44.0,51.0,55.0,56.0,58.0,61.0,63.0,66.0,70.0,71.0,73.0,77.0,85.0,inferred
Spelthorne,2021-07-16,40.5,46.0,50.0,51.8,53.0,56.0,58.0,61.0,64.0,65.0,67.0,71.0,78.5,inferred
Spelthorne,2021-07-17,32.0,38.0,42.0,43.0,44.0,47.0,49.0,51.0,53.0,55.0,57.0,61.0,68.0,inferred
Spelthorne,2021-07-18,34.0,39.0,43.0,44.0,45.0,48.0,50.0,52.0,55.0,56.0,58.0,63.0,70.5,inferred
Spelthorne,2021-07-19,46.0,53.0,57.0,59.0,61.0,64.0,66.0,69.0,72.0,74.0,76.0,81.0,89.0,inferred
Spelthorne,2021-07-20,43.0,49.0,53.0,55.0,56.0,59.0,61.0,64.0,67.0,69.0,70.0,74.0,83.0,inferred
Spelthorne,2021-07-21,39.0,45.0,49.0,51.0,52.0,55.0,57.0,60.0,63.0,64.0,66.0,71.0,78.0,inferred
Spelthorne,2021-07-22,34.0,39.0,43.0,44.0,45.7,48.0,50.0,53.0,56.0,57.0,58.0,62.0,71.0,inferred
Spelthorne,2021-07-23,27.0,32.0,36.0,37.0,38.0,41.0,43.0,45.0,47.0,48.0,50.0,54.0,60.5,inferred
Spelthorne,2021-07-24,21.0,25.0,28.0,29.0,30.0,32.0,34.0,36.0,38.0,39.0,41.0,44.0,50.0,inferred
Spelthorne,2021-07-25,19.0,23.0,26.0,27.0,28.0,30.0,32.0,34.0,36.0,37.0,38.0,42.0,49.0,inferred
Spelthorne,2021-07-26,25.0,30.0,34.0,35.0,36.0,38.0,40.0,42.0,44.0,46.0,47.0,51.0,58.0,inferred
Spelthorne,2021-07-27,23.0,28.0,31.0,32.0,34.0,35.0,37.0,39.0,41.0,43.0,44.0,48.0,55.0,inferred
Spelthorne,2021-07-28,24.0,28.0,31.0,32.0,33.0,35.0,37.0,39.0,42.0,43.0,44.0,48.0,54.0,inferred
Spelthorne,2021-07-29,23.0,27.0,30.0,31.0,32.0,34.0,36.0,38.4,40.0,42.0,43.0,47.0,53.0,inferred
Spelthorne,2021-07-30,20.0,25.0,28.0,29.0,30.0,32.0,34.0,36.0,38.0,39.0,40.0,43.0,49.0,inferred
Spelthorne,2021-07-31,17.0,21.0,23.0,24.0,25.0,27.0,29.0,31.0,33.0,34.0,35.0,38.0,43.5,inferred
Spelthorne,2021-08-01,18.0,22.0,25.0,26.0,27.0,29.0,30.0,32.0,33.3,35.0,36.0,40.0,45.0,inferred
Spelthorne,2021-08-02,27.0,31.0,34.0,36.0,37.0,38.0,40.0,42.0,45.0,46.0,47.0,51.0,58.0,inferred
Spelthorne,2021-08-03,25.0,30.0,33.0,34.0,35.0,38.0,40.0,42.0,44.0,45.0,47.0,51.0,57.0,inferred
Spelthorne,2021-08-04,25.0,30.0,33.0,35.0,36.0,38.0,41.0,42.0,45.0,46.0,48.0,52.0,58.0,inferred
Spelthorne,2021-08-05,25.0,29.0,32.0,33.0,35.0,37.0,39.0,41.0,43.0,44.0,46.0,50.0,57.0,inferred
Spelthorne,2021-08-06,23.0,27.0,30.0,31.0,33.0,35.0,37.0,39.0,41.0,42.0,43.0,47.0,54.0,inferred
Spelthorne,2021-08-07,19.0,23.0,26.0,27.0,28.0,30.0,32.0,33.0,36.0,37.0,38.0,42.0,46.0,inferred
Spelthorne,2021-08-08,20.0,24.0,27.0,28.0,29.0,31.0,33.0,35.0,37.0,38.0,39.0,43.0,48.0,inferred
Spelthorne,2021-08-09,29.0,34.0,38.0,39.0,40.0,43.0,45.0,47.0,50.0,51.0,52.0,56.0,63.0,inferred
Spelthorne,2021-08-10,28.0,33.9,37.0,38.0,39.0,42.0,44.0,46.0,49.0,50.0,52.0,55.0,62.5,inferred
Spelthorne,2021-08-11,30.0,35.0,38.0,39.0,40.0,43.0,45.0,47.0,50.0,51.0,53.0,56.0,63.0,inferred
Spelthorne,2021-08-12,28.0,33.0,36.0,38.0,39.0,41.0,44.0,46.0,48.0,49.0,51.0,55.0,62.0,inferred
Spelthorne,2021-08-13,26.5,31.0,35.0,36.0,37.0,39.0,41.0,43.0,46.0,47.0,48.0,52.0,59.0,inferred
Spelthorne,2021-08-14,22.0,26.0,29.0,30.0,32.0,34.0,36.0,38.0,40.0,41.0,43.0,46.0,53.0,inferred
Spelthorne,2021-08-15,23.0,27.0,31.0,32.0,33.0,35.0,37.0,39.0,41.0,43.0,44.0,47.0,54.0,inferred
Spelthorne,2021-08-16,34.0,39.0,42.0,44.0,45.0,47.0,50.0,52.0,55.0,56.2,58.0,64.0,71.0,inferred
Spelthorne,2021-08-17,32.0,37.0,41.0,42.0,43.0,46.0,48.0,50.0,53.0,54.0,56.0,61.0,69.5,inferred
Spelthorne,2021-08-18,32.0,36.0,40.0,42.0,43.0,46.0,48.0,50.0,53.0,54.0,56.0,60.0,67.0,inferred
Spelthorne,2021-08-19,29.0,34.0,38.0,39.0,40.0,42.0,45.0,47.0,49.0,51.0,52.0,57.0,64.0,inferred
Spelthorne,2021-08-20,25.0,30.0,33.0,35.0,36.0,38.0,41.0,43.0,45.0,46.0,47.0,51.0,57.0,inferred
Spelthorne,2021-08-21,21.0,25.0,28.0,29.0,30.0,32.0,34.0,36.0,38.0,39.0,40.0,44.0,50.0,inferred
Spelthorne,2021-08-22,20.0,25.0,28.0,29.0,30.0,32.0,34.0,36.0,38.0,39.0,41.0,44.0,49.5,inferred
Spelthorne,2021-08-23,28.0,34.0,38.0,40.0,41.0,43.0,45.0,47.0,50.0,51.0,53.0,57.0,64.0,inferred
Spelthorne,2021-08-24,28.0,33.0,36.0,38.0,39.0,41.0,43.0,46.0,48.0,49.0,51.0,55.0,63.0,inferred
Spelthorne,2021-08-25,29.0,34.0,37.0,39.0,40.0,42.0,44.0,47.0,49.0,50.0,51.0,56.0,62.0,inferred
Spelthorne,2021-08-26,27.0,32.0,35.0,36.0,38.0,40.0,42.0,44.0,47.0,48.0,50.0,54.0,60.0,inferred
Spelthorne,2021-08-27,25.0,30.0,33.0,34.0,35.7,37.0,39.0,41.0,44.0,45.0,46.0,50.0,56.0,inferred
Spelthorne,2021-08-28,20.0,25.0,28.0,29.0,30.0,32.0,34.0,36.0,38.0,39.0,41.0,44.0,50.0,inferred
Spelthorne,2021-08-29,22.0,27.0,29.0,31.0,32.0,34.0,35.0,38.0,40.0,41.0,42.0,45.0,53.0,inferred
Spelthorne,2021-08-30,32.0,37.0,41.0,42.0,43.0,46.0,48.0,50.0,53.0,55.0,57.0,61.0,68.0,inferred
Spelthorne,2021-08-31,31.5,36.0,40.0,41.0,42.0,44.0,47.0,49.0,51.0,52.2,54.0,59.0,66.0,inferred
Spelthorne,2021-09-01,30.0,36.0,40.0,41.0,43.0,44.0,47.0,49.0,51.0,53.0,54.0,59.0,65.5,inferred
Spelthorne,2021-09-02,28.0,33.0,37.0,38.0,39.0,42.0,44.0,46.0,48.0,49.0,51.0,55.0,62.0,inferred
Spelthorne,2021-09-03,25.0,30.0,33.0,35.0,36.0,38.0,40.0,42.0,44.0,46.0,47.0,51.0,56.5,inferred
Spelthorne,2021-09-04,21.0,25.0,27.0,28.8,30.0,32.0,33.0,35.0,38.0,39.0,40.0,44.0,48.0,inferred
Spelthorne,2021-09-05,21.0,25.0,28.0,29.0,30.0,32.0,33.0,35.0,37.0,39.0,40.0,44.0,51.0,inferred
Spelthorne,2021-09-06,29.0,34.0,37.0,38.0,39.7,42.0,44.0,46.0,49.0,50.0,52.0,56.0,63.0,inferred
Spelthorne,2021-09-07,27.0,31.0,35.0,36.0,37.0,39.0,41.0,43.4,46.0,48.0,49.0,53.0,59.0,inferred
Spelthorne,2021-09-08,25.0,30.0,33.0,35.0,36.0,38.0,40.0,42.0,45.0,46.0,47.0,51.0,58.0,inferred
Spelthorne,2021-09-09,23.5,28.0,30.0,32.0,33.0,35.0,36.0,38.0,41.0,42.0,44.0,47.1,54.0,inferred
Spelthorne,2021-09-10,20.0,24.0,27.0,28.0,29.0,31.0,33.0,35.0,37.0,38.0,40.0,43.0,49.0,inferred
Spelthorne,2021-09-11,16.0,19.0,21.0,22.0,23.0,25.0,27.0,29.0,30.0,32.0,33.0,36.0,42.0,inferred
Spelthorne,2021-09-12,15.0,19.0,22.0,23.0,24.0,25.0,27.0,29.0,31.0,32.0,33.0,36.0,42.0,inferred
Spelthorne,2021-09-13,21.0,26.0,29.0,30.0,31.0,33.0,35.0,37.0,39.0,40.0,42.0,45.1,52.0,inferred
Spelthorne,2021-09-14,21.0,25.0,28.0,29.0,30.0,32.0,34.0,36.0,38.0,39.0,41.0,44.0,51.5,inferred
Spelthorne,2021-09-15,22.0,27.0,30.0,31.0,32.0,34.0,36.0,38.0,40.0,41.0,42.0,47.0,53.0,inferred
Spelthorne,2021-09-16,21.0,26.0,29.0,30.0,32.0,34.0,36.0,38.0,40.0,41.0,42.0,46.0,52.0,inferred
Spelthorne,2021-09-17,21.0,25.0,29.0,30.0,31.0,33.0,35.0,37.0,39.0,40.0,42.0,45.0,50.5,inferred
Spelthorne,2021-09-18,18.0,22.0,25.0,26.0,27.0,29.0,31.0,32.0,34.0,35.0,37.0,40.0,46.0,inferred
Spelthorne,2021-09-19,20.0,24.0,27.0,28.8,30.0,32.0,33.5,35.0,37.0,38.0,40.0,44.0,49.0,inferred
Spelthorne,2021-09-20,32.0,36.0,40.0,41.0,42.0,45.0,47.0,50.0,52.0,53.0,55.0,60.0,67.0,inferred
Spelthorne,2021-09-21,32.0,36.0,40.0,41.0,42.0,45.0,47.0,49.0,52.0,53.0,55.0,59.0,65.0,inferred
Spelthorne,2021-09-22,32.0,37.0,41.0,42.0,43.0,46.0,48.0,51.0,53.0,54.0,56.0,61.0,68.0,inferred
Spelthorne,2021-09-23,31.0,36.0,40.0,41.0,42.0,45.0,47.0,49.0,52.0,53.0,54.0,58.0,64.0,inferred
Spelthorne,2021-09-24,29.0,33.0,37.0,38.0,39.0,42.0,44.0,46.0,48.0,50.0,51.0,55.0,62.0,inferred
Spelthorne,2021-09-25,24.0,29.0,32.0,33.0,34.0,37.0,39.0,41.0,43.0,44.0,46.0,49.1,56.0,inferred
Spelthorne,2021-09-26,26.0,30.0,33.0,35.0,36.0,38.0,40.0,42.0,44.0,46.0,47.0,51.0,57.0,inferred
Spelthorne,2021-09-27,37.0,42.0,46.0,48.0,49.7,52.0,54.0,57.0,59.0,61.0,62.0,67.0,73.0,inferred
Spelthorne,2021-09-28,36.0,42.0,46.0,47.0,49.0,51.0,53.0,56.0,59.0,61.0,62.0,67.0,75.0,inferred
Spelthorne,2021-09-29,37.0,43.0,47.0,49.0,50.0,53.0,55.0,57.0,60.0,61.0,63.0,68.0,76.0,inferred
Spelthorne,2021-09-30,37.0,43.0,46.0,48.0,49.0,51.0,54.0,57.0,60.0,61.0,63.0,67.0,73.0,inferred
Spelthorne,2021-10-01,35.0,41.0,45.0,46.0,47.0,50.0,52.0,55.0,57.0,59.0,60.0,65.0,72.0,inferred
Spelthorne,2021-10-02,30.0,35.0,39.0,40.0,41.0,43.0,46.0,48.0,51.0,52.0,53.0,57.0,63.0,inferred
Spelthorne,2021-10-03,32.0,38.0,41.0,43.0,44.0,46.0,49.0,51.0,54.0,55.0,56.0,61.0,69.0,inferred
Spelthorne,2021-10-04,47.0,53.9,58.0,60.0,61.0,64.0,66.0,69.0,72.0,73.0,75.0,80.0,88.0,inferred
Spelthorne,2021-10-05,46.5,53.0,57.0,59.0,60.0,63.0,66.0,69.0,72.0,74.0,76.0,80.0,87.0,inferred
Spelthorne,2021-10-06,49.0,56.0,60.0,61.0,63.0,65.0,68.0,71.0,74.0,76.0,78.0,83.0,91.0,inferred
Spelthorne,2021-10-07,47.0,53.0,57.0,59.0,61.0,63.0,66.0,69.0,72.0,73.0,75.0,80.0,88.0,inferred
Spelthorne,2021-10-08,45.0,50.0,55.0,56.0,58.0,60.6,63.0,66.0,68.0,70.0,72.0,77.0,84.0,inferred
Spelthorne,2021-10-09,38.0,44.0,47.0,48.0,50.0,52.0,55.0,57.0,59.0,61.0,63.0,67.0,74.0,inferred
Spelthorne,2021-10-10,39.0,45.0,49.0,51.0,52.0,54.0,57.0,59.0,62.0,64.0,65.0,70.0,77.0,inferred
Spelthorne,2021-10-11,56.0,63.0,68.0,70.0,72.0,75.0,78.0,81.0,84.0,86.0,88.0,93.1,103.0,inferred
Spelthorne,2021-10-12,55.0,61.0,66.0,68.0,70.0,73.0,75.0,78.0,82.0,84.0,86.0,91.0,98.0,inferred
Spelthorne,2021-10-13,56.5,62.0,67.0,69.0,71.0,74.0,77.0,80.0,83.0,85.0,87.0,92.0,102.0,inferred
Spelthorne,2021-10-14,52.0,59.0,63.0,65.0,67.0,69.0,73.0,75.4,79.0,81.0,83.0,89.0,96.5,inferred
Spelthorne,2021-10-15,47.0,52.0,57.0,59.0,61.0,64.0,67.0,70.0,74.0,75.0,78.0,84.0,92.0,inferred
St Albans,2021-07-03,33.0,40.0,44.0,46.0,48.0,51.0,54.0,57.0,60.0,62.0,64.0,69.0,79.0,inferred
St Albans,2021-07-04,40.0,46.0,50.0,52.0,53.0,56.0,59.0,62.0,65.0,67.0,69.0,74.0,84.0,inferred
St Albans,2021-07-05,59.0,67.0,72.0,74.0,76.0,80.0,83.0,86.0,90.0,92.0,95.0,101.0,111.0,inferred
St Albans,2021-07-06,58.0,66.0,72.0,74.0,76.0,80.0,83.0,86.0,89.3,91.0,94.0,100.0,110.0,inferred
St Albans,2021-07-07,63.0,72.0,77.0,79.0,81.0,85.0,88.0,92.0,95.0,98.0,100.0,107.0,118.0,inferred
St Albans,2021-07-08,65.0,74.9,80.0,82.0,84.0,88.0,91.0,95.0,99.0,101.0,104.0,110.0,120.5,inferred
St Albans,2021-07-09,64.0,73.0,79.0,81.0,83.0,86.0,89.0,93.0,97.0,99.0,102.0,108.0,119.0,inferred
St Albans,2021-07-10,58.0,65.0,71.0,73.0,75.0,79.0,82.0,85.0,88.0,91.0,93.0,100.0,109.0,inferred
St Albans,2021-07-11,65.0,73.0,79.0,82.0,84.0,88.0,91.0,95.0,100.0,102.0,104.0,111.0,121.5,inferred
St Albans,2021-07-12,96.0,109.0,116.0,118.0,121.0,126.0,130.0,135.0,141.0,144.0,147.0,155.0,168.0,inferred
St Albans,2021-07-13,96.0,106.0,113.0,115.0,118.0,123.0,128.0,132.0,137.0,139.0,142.0,150.1,165.0,inferred
St Albans,2021-07-14,95.0,106.0,113.0,116.0,119.0,124.0,128.0,133.0,137.0,140.0,143.0,151.0,164.0,inferred
St Albans,2021-07-15,89.5,98.0,106.0,109.0,111.0,116.0,120.0,125.0,129.0,131.0,135.0,142.0,156.0,inferred
St Albans,2021-07-16,77.5,88.0,93.0,96.0,98.0,103.0,107.0,110.0,115.0,118.0,120.0,127.0,139.0,inferred
St Albans,2021-07-17,61.0,69.0,76.0,78.0,80.0,83.0,87.0,90.0,94.0,97.0,100.0,108.0,117.0,inferred
St Albans,2021-07-18,61.0,70.0,76.0,78.0,81.0,84.0,88.0,91.0,95.0,97.0,100.0,106.0,117.0,inferred
St Albans,2021-07-19,85.0,95.0,102.0,104.0,106.0,110.0,115.0,119.0,123.3,126.0,129.0,137.0,150.0,inferred
St Albans,2021-07-20,75.0,85.0,91.0,93.0,95.0,99.0,103.0,107.0,112.0,114.2,117.0,125.0,137.0,inferred
St Albans,2021-07-21,68.5,77.0,83.0,86.0,88.0,92.0,96.0,100.0,104.0,106.0,109.0,116.0,128.0,inferred
St Albans,2021-07-22,58.0,66.0,72.0,74.0,76.0,80.0,83.0,87.0,91.0,93.0,95.0,101.0,112.5,inferred
St Albans,2021-07-23,46.5,54.0,59.0,61.0,62.0,66.0,69.0,73.0,76.0,78.0,80.0,87.0,96.0,inferred
St Albans,2021-07-24,32.0,39.9,43.0,45.0,47.0,49.0,52.0,55.0,58.0,60.0,61.0,66.0,75.5,inferred
St Albans,2021-07-25,32.0,37.0,41.0,43.0,44.0,47.0,49.0,52.0,55.0,56.0,58.0,64.0,72.0,inferred
St Albans,2021-07-26,40.0,46.0,51.0,53.0,55.0,58.0,60.0,63.0,66.0,69.0,71.0,77.0,86.0,inferred
St Albans,2021-07-27,36.0,42.0,46.0,48.0,49.0,52.0,55.0,57.0,60.0,62.0,65.0,70.0,79.0,inferred
St Albans,2021-07-28,36.0,43.0,48.0,50.0,51.0,53.0,56.0,59.0,62.0,64.0,66.0,71.0,81.0,inferred
St Albans,2021-07-29,36.0,41.0,46.0,48.0,49.0,52.0,55.0,58.0,61.0,62.2,64.0,70.0,78.5,inferred
St Albans,2021-07-30,32.0,37.0,41.0,43.0,45.0,47.6,50.0,53.0,56.0,58.0,60.0,65.0,72.0,inferred
St Albans,2021-07-31,26.0,32.0,36.0,37.0,39.0,41.0,43.0,46.0,49.0,50.0,52.0,57.0,64.5,inferred
St Albans,2021-08-01,28.0,34.0,38.0,40.0,41.0,44.0,46.0,48.0,51.0,53.0,55.0,60.0,69.5,inferred
St Albans,2021-08-02,40.0,48.0,53.0,55.0,57.0,60.0,63.0,66.0,68.0,70.0,72.0,78.0,88.0,inferred
St Albans,2021-08-03,38.0,46.0,51.0,53.0,54.7,57.0,60.0,63.0,67.0,68.0,70.0,77.0,86.0,inferred
St Albans,2021-08-04,41.0,48.0,53.0,55.0,57.0,60.0,63.0,66.0,70.0,72.0,74.0,79.0,89.5,inferred
St Albans,2021-08-05,41.0,47.0,51.0,53.0,55.0,58.0,62.0,65.0,68.0,70.0,72.0,77.0,87.5,inferred
St Albans,2021-08-06,38.0,45.0,49.0,51.0,53.0,55.0,58.0,61.0,65.0,66.0,69.0,74.0,84.0,inferred
St Albans,2021-08-07,30.5,38.0,42.0,44.0,45.0,48.0,51.0,54.0,57.0,58.0,60.0,65.0,73.0,inferred
St Albans,2021-08-08,35.0,41.0,46.0,47.0,49.0,51.0,54.0,56.0,60.0,61.0,63.0,69.0,78.0,inferred
St Albans,2021-08-09,50.0,58.0,63.0,65.0,67.0,70.0,74.0,78.0,82.0,84.0,87.0,93.0,104.5,inferred
St Albans,2021-08-10,50.0,57.0,62.0,64.0,66.0,69.0,73.0,76.0,80.0,82.0,84.0,90.0,101.0,inferred
St Albans,2021-08-11,50.0,58.0,63.0,65.0,67.0,70.0,73.0,76.0,80.0,82.0,85.0,92.0,102.0,inferred
St Albans,2021-08-12,49.0,57.0,61.0,63.0,65.0,68.0,72.0,75.0,79.0,81.0,83.0,90.0,99.0,inferred
St Albans,2021-08-13,44.5,52.0,57.0,59.0,60.0,63.0,66.0,69.0,72.0,74.0,76.0,83.0,94.0,inferred
St Albans,2021-08-14,37.0,43.0,47.0,49.0,51.0,54.0,57.0,59.0,63.0,64.0,66.0,72.0,82.0,inferred
St Albans,2021-08-15,38.0,44.0,50.0,51.0,52.0,55.0,59.0,61.0,64.0,67.0,68.0,74.0,83.5,inferred
St Albans,2021-08-16,55.0,63.0,68.0,71.0,73.0,76.0,80.0,83.0,87.0,89.0,92.0,98.0,108.0,inferred
St Albans,2021-08-17,51.0,61.0,66.0,68.0,70.0,74.0,76.0,80.0,84.0,86.0,88.0,96.0,106.0,inferred
St Albans,2021-08-18,54.0,61.0,67.0,69.0,71.0,74.0,77.0,81.0,84.0,87.0,89.0,95.0,107.0,inferred
St Albans,2021-08-19,50.0,58.0,62.0,64.0,66.0,69.0,73.0,76.0,80.0,82.0,85.0,91.0,100.0,inferred
St Albans,2021-08-20,45.0,51.0,56.0,58.0,60.0,63.0,66.0,69.0,73.0,75.0,77.0,83.0,91.0,inferred
St Albans,2021-08-21,36.0,42.0,46.0,48.0,49.0,52.0,55.0,58.0,61.0,63.0,65.0,71.0,81.0,inferred
St Albans,2021-08-22,36.0,43.0,47.0,49.0,51.0,54.0,57.0,59.0,62.0,64.0,66.0,71.0,82.0,inferred
St Albans,2021-08-23,50.0,58.0,65.0,67.0,68.0,71.6,75.0,78.0,82.0,84.0,87.0,94.0,104.0,inferred
St Albans,2021-08-24,48.0,55.0,60.0,62.0,64.0,67.0,71.0,74.0,78.0,80.0,82.0,88.0,97.0,inferred
St Albans,2021-08-25,48.0,57.0,62.0,64.0,66.0,70.0,73.0,76.0,79.0,81.0,83.0,89.0,99.0,inferred
St Albans,2021-08-26,48.0,54.0,59.0,61.0,63.0,67.0,70.0,73.0,76.0,79.0,81.0,88.0,101.0,inferred
St Albans,2021-08-27,44.0,51.0,56.0,58.0,59.0,62.0,65.0,68.0,72.0,74.0,76.0,83.0,93.0,inferred
St Albans,2021-08-28,36.0,43.0,48.0,49.0,51.0,54.0,57.0,59.0,62.0,64.0,66.0,71.0,79.0,inferred
St Albans,2021-08-29,40.5,46.0,50.0,52.0,53.0,56.6,59.0,62.0,66.0,67.0,70.0,76.0,84.0,inferred
St Albans,2021-08-30,56.0,63.0,69.8,72.0,74.0,77.0,81.0,84.0,88.0,91.0,93.0,99.0,110.0,inferred
St Albans,2021-08-31,52.0,60.0,66.0,68.0,70.0,74.0,77.0,81.0,85.0,87.0,90.0,96.1,107.0,inferred
St Albans,2021-09-01,54.0,61.0,67.0,69.0,71.0,75.0,78.0,81.0,85.0,87.0,89.0,96.0,105.5,inferred
St Albans,2021-09-02,49.5,57.0,62.0,64.0,66.0,70.0,73.0,76.0,80.0,82.0,84.0,90.0,100.0,inferred
St Albans,2021-09-03,44.0,50.0,56.0,58.0,60.0,63.0,66.0,69.0,73.0,74.0,77.0,82.0,91.0,inferred
St Albans,2021-09-04,36.0,41.0,45.0,47.0,49.0,51.0,54.0,57.0,61.0,62.0,65.0,70.0,80.0,inferred
St Albans,2021-09-05,36.5,43.0,47.0,49.0,50.0,53.0,56.0,59.0,62.0,64.0,66.0,71.0,80.5,inferred
St Albans,2021-09-06,50.0,57.0,62.0,64.0,66.0,70.0,72.0,76.0,80.0,82.0,84.0,90.0,100.0,inferred
St Albans,2021-09-07,45.0,53.0,58.0,60.0,62.0,65.0,68.0,71.0,74.0,76.0,78.2,84.0,93.0,inferred
St Albans,2021-09-08,45.0,51.0,56.0,58.0,60.0,63.0,67.0,70.0,74.0,76.0,78.0,84.0,94.0,inferred
St Albans,2021-09-09,40.0,47.0,51.0,53.0,55.0,59.0,62.0,65.0,67.0,69.0,72.0,78.1,88.0,inferred
St Albans,2021-09-10,35.5,41.0,45.0,47.0,48.0,51.0,54.0,57.0,60.0,62.0,64.0,69.0,77.0,inferred
St Albans,2021-09-11,26.0,32.0,35.0,37.0,39.0,41.0,44.0,46.0,49.0,50.0,52.0,57.0,66.0,inferred
St Albans,2021-09-12,26.0,32.0,36.0,37.0,39.0,41.0,43.0,46.0,49.0,50.0,52.0,57.0,64.0,inferred
St Albans,2021-09-13,36.0,42.0,47.0,49.0,51.0,53.0,56.0,59.0,63.0,65.0,67.0,72.0,82.0,inferred
St Albans,2021-09-14,35.0,41.0,46.0,47.0,49.0,52.0,55.0,58.0,61.0,63.0,65.0,70.0,81.0,inferred
St Albans,2021-09-15,39.0,45.0,49.0,51.0,53.0,56.0,59.0,62.0,65.0,67.0,69.0,75.0,84.0,inferred
St Albans,2021-09-16,40.5,46.0,51.0,53.0,54.0,57.0,60.0,63.0,67.0,69.0,71.0,77.0,88.0,inferred
St Albans,2021-09-17,40.0,46.0,50.0,52.0,54.0,57.0,60.0,63.0,66.0,68.0,70.0,76.0,85.0,inferred
St Albans,2021-09-18,35.0,41.0,45.0,46.0,48.0,51.0,54.0,56.0,59.0,61.0,63.0,68.0,77.0,inferred
St Albans,2021-09-19,39.0,45.0,49.0,51.0,52.0,56.0,59.0,62.0,66.0,68.0,70.0,75.0,84.0,inferred
St Albans,2021-09-20,58.0,66.0,72.0,74.0,76.0,80.0,83.0,87.0,91.0,93.0,96.0,103.0,114.0,inferred
St Albans,2021-09-21,56.5,66.0,72.0,75.0,76.0,80.0,84.0,87.0,91.0,93.0,96.0,103.0,114.0,inferred
St Albans,2021-09-22,62.0,71.0,77.0,79.0,81.0,85.0,89.0,92.0,96.0,98.0,101.0,107.0,121.0,inferred
St Albans,2021-09-23,61.0,69.0,75.8,78.0,80.0,84.0,87.0,90.4,95.0,97.0,100.0,106.0,117.0,inferred
St Albans,2021-09-24,59.0,66.0,72.0,74.0,76.0,80.0,83.0,87.0,90.0,92.0,95.0,102.0,112.0,inferred
St Albans,2021-09-25,49.0,57.0,63.0,65.0,66.0,70.0,73.0,76.0,80.0,82.0,84.0,90.0,102.0,inferred
St Albans,2021-09-26,54.0,63.0,68.0,70.0,72.0,76.0,79.0,82.0,86.0,89.0,91.0,98.0,108.0,inferred
St Albans,2021-09-27,81.0,88.0,95.0,98.0,101.0,105.0,109.0,113.0,117.0,120.0,123.0,131.0,143.0,inferred
St Albans,2021-09-28,79.0,89.0,95.0,97.0,99.0,104.0,108.0,112.0,118.0,120.0,123.0,131.0,142.0,inferred
St Albans,2021-09-29,81.0,93.0,100.0,102.0,105.0,109.0,113.0,117.0,121.0,124.0,127.0,136.0,150.0,inferred
St Albans,2021-09-30,81.0,92.0,99.0,102.0,104.0,108.0,112.0,116.0,121.0,123.0,126.0,133.0,145.0,inferred
St Albans,2021-10-01,78.5,87.9,94.0,96.0,99.0,102.0,106.0,110.0,115.0,117.0,121.0,128.0,139.0,inferred
St Albans,2021-10-02,65.5,74.0,80.0,83.0,85.0,89.0,93.0,97.0,100.0,102.0,105.0,112.0,125.5,inferred
St Albans,2021-10-03,70.0,79.0,86.0,89.0,91.0,95.0,99.0,102.0,106.0,108.0,111.0,118.0,128.0,inferred
St Albans,2021-10-04,101.0,113.0,122.0,125.0,127.0,132.0,137.0,141.0,146.0,149.0,153.0,160.0,175.5,inferred
St Albans,2021-10-05,99.0,109.0,117.0,120.0,123.0,127.6,133.0,137.0,143.0,145.0,148.0,158.0,174.0,inferred
St Albans,2021-10-06,102.5,114.0,121.0,124.0,127.0,131.0,135.0,140.0,145.0,147.0,150.0,159.0,175.0,inferred
St Albans,2021-10-07,97.0,109.0,116.0,119.0,122.0,126.0,130.0,135.0,140.0,143.0,145.0,154.0,168.0,inferred
St Albans,2021-10-08,92.0,101.0,108.0,110.0,113.0,117.0,121.0,125.0,129.0,132.0,135.0,143.0,157.0,inferred
St Albans,2021-10-09,76.0,85.0,90.0,93.0,95.0,99.0,103.0,108.0,112.0,114.0,117.0,126.0,138.0,inferred
St Albans,2021-10-10,79.5,89.0,96.0,99.0,101.0,105.0,109.0,113.0,118.0,120.0,123.0,130.0,142.0,inferred
St Albans,2021-10-11,111.0,123.0,131.0,134.0,138.0,143.0,148.0,153.0,159.0,162.0,165.2,175.0,191.0,inferred
St Albans,2021-10-12,106.0,117.0,125.0,128.0,130.0,135.0,139.0,144.0,149.0,152.0,155.0,163.0,178.5,inferred
St Albans,2021-10-13,105.5,116.0,124.0,127.0,130.0,135.0,140.0,145.0,150.0,152.0,156.0,164.0,179.0,inferred
St Albans,2021-10-14,97.5,110.0,117.0,120.0,123.0,127.0,132.0,137.0,142.0,145.0,148.0,158.0,170.0,inferred
St Albans,2021-10-15,84.0,96.0,103.0,106.0,109.0,114.0,118.0,123.0,127.0,129.0,133.0,143.0,157.0,inferred
St. Helens,2021-07-03,66.5,75.0,80.0,82.0,83.0,87.0,90.0,93.0,97.0,99.0,101.0,107.0,117.5,inferred
St. Helens,2021-07-04,76.0,84.0,89.0,91.0,94.0,97.0,100.0,103.0,107.0,109.0,111.0,117.0,127.0,inferred
St. Helens,2021-07-05,116.0,125.0,130.0,133.0,135.0,139.0,143.0,147.0,151.0,153.0,156.0,164.0,176.0,inferred
St. Helens,2021-07-06,111.0,120.9,127.0,129.0,131.0,135.0,139.0,143.0,147.0,149.0,152.0,158.0,169.0,inferred
St. Helens,2021-07-07,114.0,123.0,129.0,132.0,134.0,138.0,142.0,146.0,150.0,152.0,155.0,162.0,172.0,inferred
St. Helens,2021-07-08,112.0,122.0,127.0,129.0,131.0,135.0,139.0,143.0,147.0,149.0,152.0,159.0,171.0,inferred
St. Helens,2021-07-09,99.0,108.0,114.0,116.8,119.0,122.0,126.0,130.0,133.0,135.0,137.0,144.0,155.0,inferred
St. Helens,2021-07-10,82.0,91.0,97.0,98.0,100.0,104.0,108.0,111.0,114.0,117.0,120.0,126.0,136.0,inferred
St. Helens,2021-07-11,91.0,100.0,106.0,108.0,110.0,114.0,117.0,121.0,125.0,128.0,131.0,137.0,147.0,inferred
St. Helens,2021-07-12,136.0,146.0,153.0,156.0,158.0,162.0,167.0,171.0,176.0,179.0,181.0,189.0,203.0,inferred
St. Helens,2021-07-13,128.0,138.9,145.0,148.0,150.0,154.0,158.0,162.0,168.0,170.0,174.0,181.0,195.0,inferred
St. Helens,2021-07-14,127.0,138.0,144.8,147.0,149.7,154.0,158.0,163.0,168.0,170.0,172.0,180.0,193.0,inferred
St. Helens,2021-07-15,121.0,131.0,137.0,139.0,141.0,145.6,149.0,154.0,158.0,161.0,163.0,171.0,183.0,inferred
St. Helens,2021-07-16,102.0,111.0,118.0,120.0,123.0,127.0,130.0,134.0,138.0,140.0,143.0,151.0,163.0,inferred
St. Helens,2021-07-17,84.0,90.0,95.0,97.0,99.0,103.0,107.0,110.0,113.0,115.0,118.0,124.0,133.0,inferred
St. Helens,2021-07-18,85.0,92.0,98.0,100.0,103.0,107.0,111.0,114.0,117.0,120.0,123.0,129.0,140.0,inferred
St. Helens,2021-07-19,117.0,128.0,135.0,137.0,140.0,144.0,148.0,152.0,157.0,159.0,162.0,170.0,181.0,inferred
St. Helens,2021-07-20,107.0,117.0,122.0,125.0,127.0,131.0,135.0,138.0,143.0,145.0,147.0,155.0,167.0,inferred
St. Helens,2021-07-21,99.0,110.0,116.0,118.0,120.0,124.6,128.5,133.0,136.3,139.0,141.0,148.0,159.0,inferred
St. Helens,2021-07-22,90.0,100.0,106.0,109.0,111.0,114.0,117.0,121.0,124.0,126.0,129.0,136.0,148.0,inferred
St. Helens,2021-07-23,74.0,83.0,88.0,90.0,92.0,95.0,98.0,102.0,105.0,107.0,109.0,116.0,125.5,inferred
St. Helens,2021-07-24,58.0,64.0,69.0,70.0,72.0,75.0,78.0,81.0,84.0,86.0,88.0,94.0,102.0,inferred
St. Helens,2021-07-25,57.5,64.0,69.0,70.0,72.0,75.0,78.0,81.0,84.0,86.0,88.0,94.0,103.0,inferred
St. Helens,2021-07-26,78.0,86.0,92.0,94.0,96.0,99.0,103.0,106.0,110.0,113.0,115.0,122.0,131.0,inferred
St. Helens,2021-07-27,72.0,80.0,84.8,87.0,89.0,92.0,95.0,98.0,102.0,104.0,106.0,112.0,123.0,inferred
St. Helens,2021-07-28,72.5,80.9,86.0,88.0,90.0,93.0,96.0,99.0,103.0,105.0,107.0,113.0,123.0,inferred
St. Helens,2021-07-29,69.0,77.0,82.0,84.0,86.0,89.0,93.0,96.0,99.0,101.0,103.0,109.0,118.0,inferred
St. Helens,2021-07-30,61.0,68.0,73.0,75.0,76.0,79.0,82.0,85.0,89.0,91.0,93.0,99.0,106.0,inferred
St. Helens,2021-07-31,49.0,56.0,60.8,62.0,64.0,67.0,69.0,72.0,75.0,77.0,78.0,84.0,92.0,inferred
St. Helens,2021-08-01,53.0,60.0,65.0,66.0,68.0,71.0,74.0,77.0,80.0,81.2,84.0,89.0,98.0,inferred
St. Helens,2021-08-02,78.0,86.0,92.0,94.0,96.0,100.0,103.0,106.0,110.0,112.0,114.0,120.0,128.0,inferred
St. Helens,2021-08-03,74.0,82.0,87.0,89.0,91.7,95.0,98.0,101.0,105.0,107.0,109.0,115.0,124.0,inferred
St. Helens,2021-08-04,76.0,83.0,89.0,91.0,93.0,96.0,100.0,103.0,107.0,109.0,112.0,117.0,128.0,inferred
St. Helens,2021-08-05,74.0,82.9,88.0,89.0,91.0,94.0,97.0,101.0,104.0,106.0,108.0,115.0,123.0,inferred
St. Helens,2021-08-06,64.0,72.0,78.0,80.0,82.0,85.0,88.0,91.0,94.0,96.0,98.0,104.0,113.0,inferred
St. Helens,2021-08-07,54.0,61.0,66.0,68.0,69.0,71.0,74.0,77.0,81.0,82.0,84.0,90.0,98.0,inferred
St. Helens,2021-08-08,59.0,66.0,70.0,72.0,73.0,77.0,80.0,83.0,86.0,88.0,90.0,95.0,105.0,inferred
St. Helens,2021-08-09,85.0,95.0,101.0,103.0,105.0,109.0,113.0,117.0,120.0,122.0,125.0,133.0,141.5,inferred
St. Helens,2021-08-10,80.5,89.0,95.0,97.0,99.0,103.0,106.0,110.0,114.0,117.0,119.0,125.0,137.0,inferred
St. Helens,2021-08-11,82.0,90.0,95.0,97.0,99.0,103.0,107.0,110.0,113.0,115.0,117.0,124.0,133.5,inferred
St. Helens,2021-08-12,76.0,85.0,90.0,92.0,94.0,97.0,101.0,105.0,108.0,110.0,112.0,119.0,128.0,inferred
St. Helens,2021-08-13,67.0,74.0,78.0,80.0,82.0,85.0,88.0,91.0,95.0,97.0,99.0,104.0,114.0,inferred
St. Helens,2021-08-14,52.0,59.0,64.0,66.0,67.0,70.0,73.0,75.0,78.0,80.0,82.0,87.0,94.0,inferred
St. Helens,2021-08-15,54.0,62.0,66.0,68.0,69.0,72.0,75.0,78.0,81.0,83.0,85.0,91.0,100.0,inferred
St. Helens,2021-08-16,78.0,87.0,92.0,95.0,97.0,100.0,104.0,107.0,111.0,113.0,115.0,121.0,131.0,inferred
St. Helens,2021-08-17,72.0,80.0,86.0,88.0,90.0,93.0,96.0,99.0,103.0,105.0,107.0,113.0,123.5,inferred
St. Helens,2021-08-18,73.0,80.0,85.0,87.0,89.0,92.0,95.0,99.0,102.0,104.0,106.0,112.0,122.0,inferred
St. Helens,2021-08-19,67.0,75.0,80.0,82.0,84.0,88.0,91.0,94.0,97.0,99.0,101.2,107.0,115.0,inferred
St. Helens,2021-08-20,59.0,66.0,71.0,73.0,74.0,77.0,80.0,83.0,86.0,88.0,91.0,96.0,104.0,inferred
St. Helens,2021-08-21,46.0,52.0,57.0,58.0,60.0,63.0,65.0,68.0,71.3,73.0,75.0,80.0,88.0,inferred
St. Helens,2021-08-22,50.0,56.0,61.0,62.0,64.0,66.0,69.0,72.0,75.0,76.2,79.0,84.0,92.0,inferred
St. Helens,2021-08-23,71.5,79.0,85.0,87.0,88.0,92.0,95.0,99.0,102.0,104.0,107.0,114.0,124.0,inferred
St. Helens,2021-08-24,66.0,75.0,79.0,81.0,83.0,86.0,89.0,93.0,96.0,98.0,100.0,107.0,116.5,inferred
St. Helens,2021-08-25,67.5,75.0,80.0,82.0,84.0,87.0,91.0,94.0,97.0,99.0,102.0,108.0,119.0,inferred
St. Helens,2021-08-26,65.0,73.0,77.0,80.0,81.0,84.0,87.0,90.0,94.0,96.0,98.0,104.0,113.0,inferred
St. Helens,2021-08-27,57.0,64.0,69.0,71.0,72.0,75.0,79.0,81.0,84.0,86.0,89.0,94.0,104.0,inferred
St. Helens,2021-08-28,47.0,52.0,57.0,58.0,60.0,62.0,65.0,68.0,71.0,73.0,75.0,79.0,88.0,inferred
St. Helens,2021-08-29,50.0,56.0,61.0,62.8,64.0,66.0,69.0,72.0,75.0,76.0,79.0,84.0,91.0,inferred
St. Helens,2021-08-30,73.0,80.0,86.0,88.0,90.0,94.0,97.0,100.0,104.0,106.0,109.0,114.0,125.5,inferred
St. Helens,2021-08-31,67.0,76.0,82.0,83.0,85.0,89.0,93.0,96.0,99.3,102.0,104.0,109.0,120.0,inferred
St. Helens,2021-09-01,71.0,81.0,85.0,87.0,89.0,92.0,95.0,99.0,103.0,105.0,107.0,114.0,124.0,inferred
St. Helens,2021-09-02,70.5,79.0,84.0,86.0,88.0,92.0,95.0,98.0,102.0,104.0,105.2,112.0,122.0,inferred
St. Helens,2021-09-03,63.0,71.0,75.0,78.0,79.0,82.0,85.0,88.0,92.0,94.0,96.0,102.0,111.0,inferred
St. Helens,2021-09-04,53.0,60.0,65.0,66.0,68.0,71.0,73.0,76.0,79.0,81.2,83.0,89.0,98.0,inferred
St. Helens,2021-09-05,57.0,65.0,70.0,72.0,73.0,77.0,80.0,83.0,86.0,88.0,90.0,95.0,105.0,inferred
St. Helens,2021-09-06,86.0,95.0,101.0,103.0,106.0,109.0,112.0,116.0,120.0,122.0,124.0,130.0,140.0,inferred
St. Helens,2021-09-07,81.0,88.0,95.0,97.0,99.0,103.0,106.0,109.0,113.0,115.0,118.0,125.0,134.0,inferred
St. Helens,2021-09-08,81.0,88.9,95.0,96.0,99.0,103.0,106.0,110.0,114.0,116.0,118.0,124.0,132.5,inferred
St. Helens,2021-09-09,75.0,84.0,89.0,91.0,94.0,97.0,100.0,104.0,108.0,109.0,112.0,118.0,128.0,inferred
St. Helens,2021-09-10,65.0,73.0,78.0,80.0,81.0,85.0,88.0,92.0,95.0,97.0,99.0,106.0,114.0,inferred
St. Helens,2021-09-11,53.0,60.0,64.0,65.0,67.0,70.0,72.0,75.0,78.0,80.0,82.0,88.0,96.0,inferred
St. Helens,2021-09-12,55.0,62.9,67.0,69.0,71.0,74.0,76.0,79.0,82.0,84.0,86.0,91.0,100.0,inferred
St. Helens,2021-09-13,80.0,88.0,94.0,97.0,99.0,103.0,106.0,109.0,113.0,115.0,117.0,124.0,134.0,inferred
St. Helens,2021-09-14,76.0,84.0,90.0,92.0,94.0,97.0,101.0,104.0,107.0,109.0,112.0,118.0,129.0,inferred
St. Helens,2021-09-15,79.0,88.0,94.0,95.0,97.0,100.0,104.0,107.0,111.0,113.0,115.0,121.1,132.0,inferred
St. Helens,2021-09-16,79.0,87.0,92.0,95.0,96.7,100.0,103.0,107.0,111.0,113.0,115.0,121.0,130.0,inferred
St. Helens,2021-09-17,70.0,79.0,83.0,86.0,87.0,91.0,94.0,98.0,101.0,103.0,106.0,113.0,123.0,inferred
St. Helens,2021-09-18,59.5,66.0,72.0,74.0,76.0,79.0,82.0,85.0,88.0,90.0,92.0,97.0,104.5,inferred
St. Helens,2021-09-19,66.5,74.0,79.0,81.0,83.0,86.0,89.0,92.0,95.0,97.0,99.0,105.0,114.0,inferred
St. Helens,2021-09-20,96.5,107.0,113.0,115.0,117.0,121.0,126.0,129.0,133.0,135.0,138.0,146.0,156.0,inferred
St. Helens,2021-09-21,90.0,100.0,106.0,109.0,111.0,115.0,118.0,122.0,126.0,128.0,131.0,138.0,149.5,inferred
St. Helens,2021-09-22,89.0,99.0,105.0,108.0,110.0,113.0,117.0,120.0,125.0,127.0,129.0,137.0,147.0,inferred
St. Helens,2021-09-23,84.0,93.0,99.0,101.0,103.0,107.0,111.0,115.0,119.0,121.0,123.0,130.0,139.5,inferred
St. Helens,2021-09-24,71.0,80.0,85.8,88.0,90.0,93.0,96.0,99.0,103.0,105.0,107.0,113.0,123.0,inferred
St. Helens,2021-09-25,58.0,64.0,69.0,71.0,72.0,75.0,78.0,81.0,84.0,85.0,87.0,93.0,102.0,inferred
St. Helens,2021-09-26,60.0,66.0,72.0,74.0,75.0,78.0,81.0,84.0,87.0,88.0,90.0,96.0,105.0,inferred
St. Helens,2021-09-27,83.5,93.0,99.0,101.0,103.0,106.0,110.0,114.0,118.0,120.0,123.0,129.0,139.0,inferred
St. Helens,2021-09-28,79.0,87.0,92.0,95.0,97.0,101.0,104.0,107.4,111.0,113.0,115.0,121.0,133.5,inferred
St. Helens,2021-09-29,80.0,89.0,95.0,97.0,98.0,103.0,106.0,109.0,113.0,116.0,118.0,124.0,133.0,inferred
St. Helens,2021-09-30,79.0,88.0,93.0,95.0,97.0,100.0,103.0,107.0,110.0,112.0,115.0,121.0,132.0,inferred
St. Helens,2021-10-01,69.5,78.0,83.0,85.0,87.0,90.0,94.0,97.0,101.0,102.0,105.0,111.0,121.0,inferred
St. Helens,2021-10-02,59.0,66.0,70.0,72.0,74.0,76.0,79.0,82.0,85.0,87.0,89.0,95.0,105.0,inferred
St. Helens,2021-10-03,62.0,70.0,75.0,77.0,78.0,82.0,84.0,87.0,91.0,92.0,94.0,101.0,110.0,inferred
St. Helens,2021-10-04,92.0,101.9,107.0,109.0,111.0,115.0,119.0,123.0,127.0,129.0,132.0,139.0,149.0,inferred
St. Helens,2021-10-05,90.0,98.0,104.0,107.0,108.0,112.0,116.0,120.0,124.0,126.2,129.0,137.0,147.0,inferred
St. Helens,2021-10-06,94.0,104.0,110.0,112.0,114.0,118.0,121.0,124.0,129.0,131.0,133.0,140.0,149.0,inferred
St. Helens,2021-10-07,95.0,104.0,110.0,112.0,115.0,119.0,122.0,126.0,130.0,132.0,135.0,141.0,154.0,inferred
St. Helens,2021-10-08,87.0,95.0,101.8,104.0,105.0,109.0,112.0,116.0,120.0,123.0,125.0,132.0,142.0,inferred
St. Helens,2021-10-09,75.5,83.0,89.0,90.8,92.7,96.0,99.0,102.4,106.0,108.0,110.0,117.0,126.0,inferred
St. Helens,2021-10-10,84.0,92.0,97.0,100.0,102.0,105.0,109.0,112.0,116.0,118.0,121.0,127.0,137.5,inferred
St. Helens,2021-10-11,124.5,136.9,143.8,147.0,149.0,154.0,158.0,162.0,168.0,170.0,173.0,180.0,191.0,inferred
St. Helens,2021-10-12,121.0,132.0,138.0,141.0,144.0,148.6,153.0,157.0,161.0,164.0,166.0,174.0,184.5,inferred
St. Helens,2021-10-13,124.0,134.0,141.0,144.0,147.0,151.0,155.0,159.0,164.0,166.0,169.0,176.0,189.0,inferred
St. Helens,2021-10-14,120.0,130.0,137.0,140.0,142.0,147.0,150.0,155.0,160.0,163.0,165.0,173.0,185.5,inferred
St. Helens,2021-10-15,104.0,113.0,120.0,123.0,126.0,130.0,134.0,138.0,143.0,145.0,148.0,157.0,170.0,inferred
Stafford,2021-07-03,24.0,28.0,31.0,33.0,34.0,36.0,38.0,40.0,43.0,44.0,46.0,50.0,56.5,inferred
Stafford,2021-07-04,27.0,32.0,36.0,37.0,38.0,41.0,43.0,45.0,48.0,49.0,51.0,56.0,62.0,inferred
Stafford,2021-07-05,42.0,49.0,53.0,54.8,56.0,59.0,62.0,64.0,67.3,69.0,71.0,76.0,86.0,inferred
Stafford,2021-07-06,44.0,50.0,54.0,56.0,57.0,60.0,62.0,65.0,68.0,70.0,72.0,77.0,85.5,inferred
Stafford,2021-07-07,47.5,54.0,58.0,60.0,61.0,64.0,66.0,69.0,73.0,75.0,77.0,83.0,90.0,inferred
Stafford,2021-07-08,48.0,55.0,60.0,62.0,63.0,67.0,69.0,72.0,75.0,77.0,79.0,85.0,96.0,inferred
Stafford,2021-07-09,47.0,53.9,58.0,60.0,62.0,64.0,67.0,70.0,73.0,75.0,77.0,82.1,91.0,inferred
Stafford,2021-07-10,43.0,49.0,53.0,55.0,56.0,59.0,62.0,64.0,67.0,69.0,71.0,76.0,84.0,inferred
Stafford,2021-07-11,50.0,57.0,62.0,63.0,65.0,68.0,71.0,74.0,77.0,79.0,81.0,86.0,96.0,inferred
Stafford,2021-07-12,77.0,85.0,91.0,93.0,95.0,99.0,102.0,106.0,110.0,112.0,115.0,121.1,134.0,inferred
Stafford,2021-07-13,74.0,82.0,88.0,90.0,92.0,96.0,99.0,103.0,107.0,109.0,112.0,118.0,129.0,inferred
Stafford,2021-07-14,72.5,81.0,87.0,89.0,90.0,94.0,97.5,102.0,106.0,108.0,110.0,115.1,128.5,inferred
Stafford,2021-07-15,68.0,76.0,81.0,83.0,85.0,88.0,92.0,95.0,98.0,101.0,103.0,109.0,118.0,inferred
Stafford,2021-07-16,58.0,65.0,70.0,72.0,73.0,77.0,80.0,83.0,87.0,88.0,90.2,95.0,104.0,inferred
Stafford,2021-07-17,45.5,52.0,57.0,58.0,60.0,62.0,65.0,68.0,71.0,73.0,75.0,81.0,90.0,inferred
Stafford,2021-07-18,46.0,53.0,58.0,60.0,61.0,64.0,67.0,70.0,73.0,75.0,77.0,83.0,91.0,inferred
Stafford,2021-07-19,63.0,71.0,77.0,79.0,80.0,84.0,87.0,91.0,94.0,96.0,98.2,105.0,115.0,inferred
Stafford,2021-07-20,56.5,63.0,67.0,69.0,71.0,74.0,77.0,81.0,84.0,86.0,88.0,93.0,103.0,inferred
Stafford,2021-07-21,51.0,57.0,61.0,63.0,65.0,68.0,70.0,73.0,77.0,79.0,81.0,86.0,97.0,inferred
Stafford,2021-07-22,43.0,49.0,53.0,55.0,57.0,59.0,62.0,64.0,68.0,69.0,71.0,77.0,83.0,inferred
Stafford,2021-07-23,31.5,39.0,42.0,44.0,45.0,48.0,50.0,53.0,56.0,57.0,59.0,63.0,70.5,inferred
Stafford,2021-07-24,23.0,29.0,32.0,33.0,34.0,37.0,39.0,41.0,43.0,44.0,46.0,50.0,56.0,inferred
Stafford,2021-07-25,22.0,27.0,31.0,32.0,33.0,35.0,37.0,39.0,41.0,43.0,44.0,48.0,54.5,inferred
Stafford,2021-07-26,30.0,35.0,38.0,40.0,41.0,44.0,46.0,49.0,51.0,53.0,54.0,59.0,67.5,inferred
Stafford,2021-07-27,26.0,31.0,34.0,36.0,37.0,39.0,42.0,44.0,46.0,47.0,49.0,54.0,60.0,inferred
Stafford,2021-07-28,25.0,30.0,34.0,35.0,37.0,39.0,41.0,44.0,46.0,47.0,49.0,53.0,60.0,inferred
Stafford,2021-07-29,25.0,29.0,33.0,34.0,35.0,37.0,40.0,42.0,44.3,46.0,48.0,52.0,58.0,inferred
Stafford,2021-07-30,22.0,26.0,29.0,30.8,32.0,34.0,36.0,38.0,40.0,42.0,43.0,47.0,53.0,inferred
Stafford,2021-07-31,17.0,21.0,24.0,26.0,27.0,29.0,31.0,32.0,34.0,36.0,37.0,40.0,47.0,inferred
Stafford,2021-08-01,18.0,23.0,26.0,28.0,29.0,31.0,33.0,35.0,37.0,38.0,39.0,44.0,50.0,inferred
Stafford,2021-08-02,29.0,34.0,37.0,39.0,40.0,42.0,44.0,47.0,49.0,51.0,52.0,57.0,64.0,inferred
Stafford,2021-08-03,27.0,32.0,36.0,37.0,39.0,41.0,43.0,45.0,48.0,49.0,51.0,55.0,63.0,inferred
Stafford,2021-08-04,27.0,33.0,37.0,38.0,39.0,42.0,44.0,47.0,49.0,51.0,52.0,57.0,64.0,inferred
Stafford,2021-08-05,28.0,33.0,37.0,38.0,40.0,42.0,44.0,46.0,49.0,50.0,52.0,57.0,64.0,inferred
Stafford,2021-08-06,26.0,30.0,34.0,36.0,37.0,39.0,41.0,43.0,46.0,47.0,49.0,53.0,60.5,inferred
Stafford,2021-08-07,22.0,26.0,30.0,31.0,32.0,34.0,36.0,38.0,40.0,41.0,43.0,47.0,54.0,inferred
Stafford,2021-08-08,24.0,29.0,33.0,34.0,35.0,38.0,39.0,42.0,44.0,45.0,46.0,52.0,58.0,inferred
Stafford,2021-08-09,37.0,43.0,46.0,47.8,49.0,52.0,54.0,57.0,60.0,61.0,63.0,68.0,75.5,inferred
Stafford,2021-08-10,35.0,41.0,45.0,47.0,48.0,51.0,53.0,56.0,59.0,60.0,62.0,67.0,76.0,inferred
Stafford,2021-08-11,36.0,43.0,47.0,49.0,50.0,52.0,55.0,58.0,60.3,62.0,64.0,70.0,77.0,inferred
Stafford,2021-08-12,37.0,43.0,46.0,48.0,49.0,52.0,54.0,57.0,60.0,61.0,63.0,68.0,78.0,inferred
Stafford,2021-08-13,33.0,39.0,42.0,44.0,45.0,47.6,50.0,53.0,55.0,57.0,59.0,64.0,71.5,inferred
Stafford,2021-08-14,28.0,33.0,37.0,38.0,40.0,42.0,44.0,46.0,49.0,50.0,51.0,56.0,63.5,inferred
Stafford,2021-08-15,31.0,37.0,41.0,42.0,43.0,46.0,48.0,51.0,53.0,55.0,57.0,62.0,68.0,inferred
Stafford,2021-08-16,46.5,54.0,58.0,60.0,62.0,65.0,68.0,71.0,74.0,76.0,78.0,83.0,93.0,inferred
Stafford,2021-08-17,45.0,51.0,56.0,58.0,59.0,62.0,65.0,68.0,71.0,73.0,75.0,81.0,90.0,inferred
Stafford,2021-08-18,45.0,52.0,57.0,58.0,60.0,63.0,65.5,68.0,72.0,73.0,75.0,80.0,88.5,inferred
Stafford,2021-08-19,43.0,51.0,55.0,57.0,59.0,62.0,64.0,67.0,70.0,72.0,74.0,79.0,87.5,inferred
Stafford,2021-08-20,39.0,45.0,50.0,51.0,53.0,56.0,58.0,61.0,64.0,65.0,67.0,72.0,79.0,inferred
Stafford,2021-08-21,33.0,39.0,42.0,44.0,45.0,47.0,50.0,52.0,55.0,56.0,58.0,63.0,69.0,inferred
Stafford,2021-08-22,34.0,41.0,45.0,46.0,48.0,50.0,53.0,55.0,58.0,60.0,62.0,66.0,76.0,inferred
Stafford,2021-08-23,50.0,58.0,62.0,64.0,66.0,68.0,71.0,75.0,78.0,79.0,81.0,86.0,96.0,inferred
Stafford,2021-08-24,46.0,53.0,58.0,60.0,62.0,64.0,67.0,70.0,73.0,75.0,77.0,83.0,90.0,inferred
Stafford,2021-08-25,47.0,54.0,58.0,60.0,62.0,65.0,68.0,70.0,73.0,75.0,77.0,83.0,92.0,inferred
Stafford,2021-08-26,44.5,51.0,55.0,57.0,59.0,61.0,65.0,67.0,70.3,72.0,74.0,79.0,87.5,inferred
Stafford,2021-08-27,39.5,45.0,49.0,51.0,53.0,55.0,58.0,61.0,63.0,65.0,67.0,72.0,80.0,inferred
Stafford,2021-08-28,33.0,38.0,42.0,43.0,44.0,47.0,49.0,52.0,54.0,56.0,58.0,62.0,69.0,inferred
Stafford,2021-08-29,34.0,41.0,45.0,47.0,48.0,51.0,53.0,55.0,58.0,59.0,61.0,65.0,73.0,inferred
Stafford,2021-08-30,51.0,56.0,61.0,63.0,65.0,68.0,71.0,74.0,77.0,79.0,81.0,86.0,94.0,inferred
Stafford,2021-08-31,47.0,54.0,59.0,61.0,62.0,65.0,68.0,71.0,74.0,76.0,78.0,84.0,92.0,inferred
Stafford,2021-09-01,48.0,55.0,59.8,61.0,63.0,66.0,69.0,71.0,75.0,76.0,78.0,84.0,94.0,inferred
Stafford,2021-09-02,45.0,53.0,57.0,59.0,61.0,64.0,67.0,69.0,72.0,74.0,76.0,81.1,90.0,inferred
Stafford,2021-09-03,40.0,46.0,50.0,52.0,54.0,57.0,60.0,62.0,65.0,67.0,69.0,74.0,81.0,inferred
Stafford,2021-09-04,33.0,39.0,43.0,44.0,45.0,48.0,51.0,53.0,55.0,57.0,59.0,63.0,71.0,inferred
Stafford,2021-09-05,36.0,42.0,45.0,47.0,48.0,51.0,53.0,56.0,59.0,60.0,62.0,67.0,74.5,inferred
Stafford,2021-09-06,51.5,59.0,63.0,65.0,67.0,70.0,74.0,76.0,80.0,82.0,84.0,89.0,99.0,inferred
Stafford,2021-09-07,49.5,56.0,61.0,62.0,64.0,67.0,70.0,72.0,76.0,77.0,79.0,85.0,94.0,inferred
Stafford,2021-09-08,51.0,57.0,62.0,64.0,65.0,68.0,71.0,74.0,77.0,80.0,82.0,87.0,96.0,inferred
Stafford,2021-09-09,49.5,57.0,62.0,64.0,65.7,69.0,71.0,74.0,77.0,79.0,81.0,86.0,94.0,inferred
Stafford,2021-09-10,46.5,53.0,57.0,58.0,60.0,63.0,65.0,68.0,71.0,73.0,75.0,80.0,88.0,inferred
Stafford,2021-09-11,38.0,45.0,49.0,50.0,52.0,54.6,57.0,60.0,63.0,65.0,66.0,71.0,79.0,inferred
Stafford,2021-09-12,43.0,49.0,54.0,56.0,58.0,60.0,63.0,66.0,68.0,70.0,72.0,77.0,85.0,inferred
Stafford,2021-09-13,62.0,70.0,76.0,78.0,80.0,83.0,87.0,91.0,94.0,96.0,98.2,104.0,113.0,inferred
Stafford,2021-09-14,65.0,72.0,78.0,80.0,82.0,85.0,88.0,92.0,96.0,97.0,100.0,106.0,118.0,inferred
Stafford,2021-09-15,73.0,81.9,86.0,88.0,90.0,94.0,97.0,100.0,104.0,106.0,108.0,115.0,128.0,inferred
Stafford,2021-09-16,79.5,88.9,93.0,96.0,97.0,101.0,105.0,108.0,112.0,114.0,117.0,123.0,133.0,inferred
Stafford,2021-09-17,78.0,87.0,93.0,95.0,97.0,101.0,104.0,107.0,112.0,114.0,117.0,122.1,132.5,inferred
Stafford,2021-09-18,74.0,81.0,87.0,89.0,91.0,94.6,97.0,101.0,105.0,107.0,109.0,115.0,126.0,inferred
Stafford,2021-09-19,88.0,97.0,102.0,105.0,107.0,110.0,114.0,117.0,122.0,124.0,126.0,133.0,145.5,inferred
Stafford,2021-09-20,130.5,144.0,151.0,154.0,157.0,162.0,167.0,172.0,177.0,180.0,184.0,191.0,204.0,inferred
Stafford,2021-09-21,127.0,140.0,147.0,150.0,153.0,158.0,163.0,167.0,172.0,174.0,177.0,185.0,198.0,inferred
Stafford,2021-09-22,126.0,138.0,145.0,148.0,151.0,155.0,160.0,164.0,169.0,172.0,176.0,184.0,197.0,inferred
Stafford,2021-09-23,118.0,127.0,135.0,138.0,140.0,144.0,148.0,153.0,158.0,160.0,163.0,171.0,183.0,inferred
Stafford,2021-09-24,101.0,112.0,118.0,121.0,123.0,127.0,130.0,135.0,139.0,141.0,144.0,151.0,163.0,inferred
Stafford,2021-09-25,83.0,90.0,97.0,99.0,101.0,104.0,107.0,111.0,116.0,117.0,120.0,126.0,137.5,inferred
Stafford,2021-09-26,86.0,94.0,100.0,102.0,105.0,108.6,112.0,116.0,120.0,122.0,124.0,131.0,142.0,inferred
Stafford,2021-09-27,115.0,125.0,133.0,136.0,139.0,143.0,147.5,152.0,157.0,160.0,163.0,171.0,184.0,inferred
Stafford,2021-09-28,107.0,115.0,122.0,124.8,127.0,132.0,136.0,140.0,144.0,147.0,149.0,157.1,168.5,inferred
Stafford,2021-09-29,104.0,113.0,121.0,123.0,125.0,130.0,134.0,137.0,141.0,144.0,147.0,154.0,164.0,inferred
Stafford,2021-09-30,98.0,107.0,113.0,115.0,117.7,121.0,125.0,129.0,134.0,136.0,139.0,147.0,159.0,inferred
Stafford,2021-10-01,85.0,94.0,99.0,101.0,103.0,107.0,110.0,114.0,118.0,120.2,123.0,129.0,141.0,inferred
Stafford,2021-10-02,68.0,77.0,82.0,84.0,85.0,89.0,93.0,96.0,99.0,101.0,103.0,109.0,119.5,inferred
Stafford,2021-10-03,71.0,79.0,85.0,87.0,89.0,92.0,96.0,99.0,102.0,105.0,107.0,113.0,123.5,inferred
Stafford,2021-10-04,97.0,108.0,114.0,116.0,118.7,123.0,127.0,131.0,135.0,138.0,140.0,148.0,160.5,inferred
Stafford,2021-10-05,90.0,99.0,105.0,108.0,109.0,114.0,118.0,121.0,126.0,128.0,130.0,137.0,147.0,inferred
Stafford,2021-10-06,88.0,97.0,103.0,106.0,108.0,111.0,115.0,119.0,123.0,125.0,128.0,134.0,146.0,inferred
Stafford,2021-10-07,82.0,91.0,97.0,100.0,101.7,105.0,108.0,112.0,116.0,119.0,121.0,127.0,139.0,inferred
Stafford,2021-10-08,73.0,80.0,85.0,88.0,90.0,93.0,96.0,99.0,103.0,105.0,108.0,115.0,124.0,inferred
Stafford,2021-10-09,59.0,66.0,71.0,73.0,74.0,77.0,80.0,84.0,87.0,89.0,91.0,97.0,106.0,inferred
Stafford,2021-10-10,61.0,69.0,74.0,76.0,78.0,81.0,84.0,87.0,91.0,93.0,95.0,101.0,110.0,inferred
Stafford,2021-10-11,85.0,95.0,101.0,103.0,105.0,109.0,113.0,117.0,121.0,124.0,126.0,133.0,145.0,inferred
Stafford,2021-10-12,79.0,88.0,94.0,96.0,98.0,102.0,105.0,109.0,113.0,114.0,117.0,124.0,134.0,inferred
Stafford,2021-10-13,77.0,85.0,91.0,94.0,96.0,100.0,104.0,107.0,111.0,114.0,116.0,122.0,135.0,inferred
Stafford,2021-10-14,72.5,80.0,86.0,89.0,91.0,95.0,98.0,102.0,106.0,108.0,110.0,117.0,127.0,inferred
Stafford,2021-10-15,61.0,70.0,75.0,77.0,79.0,83.0,87.0,90.4,94.0,96.0,99.0,106.0,117.0,inferred
Staffordshire Moorlands,2021-07-03,21.0,25.9,29.0,30.0,31.0,33.0,35.0,37.0,39.0,41.0,42.0,46.0,52.0,inferred
Staffordshire Moorlands,2021-07-04,25.0,29.0,33.0,34.0,35.0,37.0,39.0,41.0,44.0,45.0,46.0,51.0,59.0,inferred
Staffordshire Moorlands,2021-07-05,38.0,44.0,48.0,50.0,51.0,54.0,56.0,58.0,61.0,63.0,65.0,69.0,77.0,inferred
Staffordshire Moorlands,2021-07-06,39.0,45.0,49.0,50.0,51.0,54.0,56.0,59.0,62.0,63.0,64.0,70.0,77.0,inferred
Staffordshire Moorlands,2021-07-07,43.0,49.0,52.0,54.0,55.0,58.0,60.0,63.0,66.0,67.0,69.0,73.0,81.0,inferred
Staffordshire Moorlands,2021-07-08,44.0,50.0,54.0,56.0,57.0,60.0,62.0,65.0,68.0,70.0,72.0,76.1,85.5,inferred
Staffordshire Moorlands,2021-07-09,43.0,48.0,52.0,53.0,55.0,58.0,60.0,63.0,66.0,67.0,69.0,73.0,81.0,inferred
Staffordshire Moorlands,2021-07-10,39.0,44.0,48.0,49.0,51.0,53.0,56.0,58.0,61.0,62.0,64.0,68.0,76.0,inferred
Staffordshire Moorlands,2021-07-11,45.0,51.0,55.0,57.0,58.7,61.0,64.0,66.0,69.0,70.0,72.0,78.0,87.0,inferred
Staffordshire Moorlands,2021-07-12,69.0,76.0,82.0,84.0,86.0,90.0,93.0,96.0,100.0,102.0,104.0,111.0,120.0,inferred
Staffordshire Moorlands,2021-07-13,66.0,73.0,78.0,80.0,82.0,86.0,89.0,92.0,95.0,98.0,100.0,106.0,116.0,inferred
Staffordshire Moorlands,2021-07-14,64.0,72.0,77.0,79.0,81.0,84.0,87.0,90.0,94.0,96.0,98.2,104.0,113.5,inferred
Staffordshire Moorlands,2021-07-15,59.0,66.0,71.0,74.0,75.0,78.0,81.0,84.0,87.0,88.0,91.0,97.0,106.0,inferred
Staffordshire Moorlands,2021-07-16,50.0,56.0,61.0,63.0,64.0,67.0,70.0,73.0,76.0,78.0,80.0,86.0,94.0,inferred
Staffordshire Moorlands,2021-07-17,38.0,44.0,48.0,50.0,51.0,54.0,56.0,59.0,62.0,63.0,65.0,69.0,77.0,inferred
Staffordshire Moorlands,2021-07-18,40.0,45.0,50.0,51.0,52.0,55.0,57.0,59.0,62.0,64.0,66.0,71.0,78.0,inferred
Staffordshire Moorlands,2021-07-19,53.5,60.0,65.0,67.0,69.0,72.0,75.0,78.0,81.0,83.0,85.0,90.0,99.0,inferred
Staffordshire Moorlands,2021-07-20,46.5,53.0,57.0,59.0,60.0,63.0,66.0,68.0,71.0,73.0,75.0,80.0,88.0,inferred
Staffordshire Moorlands,2021-07-21,41.5,48.0,52.0,53.0,55.0,58.0,60.0,63.0,66.0,67.0,69.0,74.0,82.0,inferred
Staffordshire Moorlands,2021-07-22,35.0,41.0,45.0,46.0,47.7,50.0,52.0,55.0,57.0,59.0,61.0,65.0,73.0,inferred
Staffordshire Moorlands,2021-07-23,27.5,32.0,35.8,37.0,38.0,40.0,42.0,44.0,46.0,48.0,49.0,53.0,59.0,inferred
Staffordshire Moorlands,2021-07-24,19.0,24.0,27.0,28.0,29.0,31.0,33.0,34.0,36.0,37.0,38.0,42.0,47.0,inferred
Staffordshire Moorlands,2021-07-25,18.0,22.0,24.0,26.0,27.0,29.0,31.0,32.0,35.0,36.0,37.0,41.0,46.0,inferred
Staffordshire Moorlands,2021-07-26,23.0,28.0,31.0,32.0,33.7,35.0,37.0,39.0,42.0,43.0,44.0,48.0,55.0,inferred
Staffordshire Moorlands,2021-07-27,20.0,24.0,27.0,29.0,30.0,32.0,33.0,36.0,38.0,39.0,40.0,44.0,49.0,inferred
Staffordshire Moorlands,2021-07-28,21.0,25.0,28.0,29.0,30.0,32.0,34.0,36.0,38.0,39.0,41.0,45.0,50.0,inferred
Staffordshire Moorlands,2021-07-29,20.0,23.0,26.0,28.0,29.0,30.0,32.0,34.0,36.0,37.0,39.0,42.0,48.0,inferred
Staffordshire Moorlands,2021-07-30,16.0,20.0,23.0,24.0,25.0,27.0,29.0,31.0,33.0,34.0,35.0,39.0,45.0,inferred
Staffordshire Moorlands,2021-07-31,13.0,17.0,20.0,21.0,22.0,23.0,25.0,27.0,29.0,29.2,31.0,34.0,39.0,inferred
Staffordshire Moorlands,2021-08-01,15.0,19.0,22.0,23.0,23.0,25.0,27.0,29.0,31.0,32.0,33.0,36.0,42.0,inferred
Staffordshire Moorlands,2021-08-02,23.0,27.0,30.0,32.0,33.0,35.0,37.0,39.0,41.0,42.0,44.0,47.0,55.0,inferred
Staffordshire Moorlands,2021-08-03,23.0,27.0,30.0,32.0,33.0,35.0,37.0,39.0,41.0,42.0,43.0,47.1,54.0,inferred
Staffordshire Moorlands,2021-08-04,24.0,29.0,32.0,33.0,34.7,37.0,39.0,41.0,43.0,44.0,46.0,50.0,57.0,inferred
Staffordshire Moorlands,2021-08-05,25.5,30.0,33.0,34.8,36.0,38.0,40.0,42.0,44.0,45.0,47.0,51.0,59.0,inferred
Staffordshire Moorlands,2021-08-06,23.5,28.0,31.8,33.0,34.0,36.0,38.0,40.0,42.0,43.0,45.0,49.0,57.0,inferred
Staffordshire Moorlands,2021-08-07,21.0,25.0,28.0,29.0,30.0,32.0,34.0,36.0,38.0,39.0,41.0,45.0,50.0,inferred
Staffordshire Moorlands,2021-08-08,23.0,28.0,31.0,33.0,34.0,36.0,38.0,40.0,42.0,43.0,45.0,49.0,55.0,inferred
Staffordshire Moorlands,2021-08-09,36.0,42.0,46.0,48.0,49.0,51.0,54.0,56.0,59.0,61.0,62.0,67.0,74.0,inferred
Staffordshire Moorlands,2021-08-10,35.0,41.0,45.0,46.0,47.0,50.0,52.0,55.0,57.0,59.0,60.0,66.0,73.5,inferred
Staffordshire Moorlands,2021-08-11,37.0,42.0,46.0,47.0,49.0,51.0,54.0,56.0,59.0,61.0,62.2,67.0,75.0,inferred
Staffordshire Moorlands,2021-08-12,35.0,41.0,45.0,47.0,48.0,50.0,53.0,56.0,58.3,60.0,62.0,66.0,73.5,inferred
Staffordshire Moorlands,2021-08-13,33.0,38.0,41.0,43.0,44.0,46.0,49.0,51.0,54.0,55.0,57.0,61.0,68.0,inferred
Staffordshire Moorlands,2021-08-14,27.0,32.0,35.0,37.0,38.0,40.0,42.0,44.0,46.3,48.0,50.0,53.0,59.5,inferred
Staffordshire Moorlands,2021-08-15,30.0,35.0,39.0,40.0,41.0,43.0,45.0,48.0,50.0,51.0,53.0,57.0,64.0,inferred
Staffordshire Moorlands,2021-08-16,43.0,49.0,54.0,55.0,57.0,59.0,62.0,65.0,68.0,70.0,72.0,76.0,85.0,inferred
Staffordshire Moorlands,2021-08-17,40.0,47.0,50.0,52.0,53.7,56.0,59.0,62.0,65.0,67.0,68.2,74.0,82.0,inferred
Staffordshire Moorlands,2021-08-18,40.0,46.0,50.0,51.0,53.0,56.0,59.0,61.0,64.0,65.0,67.0,71.0,78.0,inferred
Staffordshire Moorlands,2021-08-19,37.0,43.0,46.8,48.0,49.0,52.0,54.0,57.0,59.0,61.0,63.0,68.0,74.0,inferred
Staffordshire Moorlands,2021-08-20,32.0,37.0,41.0,42.0,43.0,46.0,48.0,50.0,52.0,54.0,55.0,60.0,68.0,inferred
Staffordshire Moorlands,2021-08-21,25.0,30.0,33.0,34.0,35.0,38.0,40.0,42.0,44.0,45.0,47.0,51.0,57.0,inferred
Staffordshire Moorlands,2021-08-22,26.0,31.0,35.0,36.0,37.7,40.0,42.0,44.0,46.0,47.0,49.0,53.0,60.0,inferred
Staffordshire Moorlands,2021-08-23,37.0,43.0,47.0,48.8,50.0,53.0,55.0,58.0,60.3,62.0,64.0,69.0,77.0,inferred
Staffordshire Moorlands,2021-08-24,35.0,40.0,44.0,45.8,47.0,50.0,52.0,55.0,57.0,59.0,61.0,65.0,72.0,inferred
Staffordshire Moorlands,2021-08-25,35.0,40.0,44.8,46.0,47.0,50.0,52.0,55.0,57.0,59.0,61.0,65.0,73.0,inferred
Staffordshire Moorlands,2021-08-26,34.0,39.0,43.0,45.0,46.0,48.0,51.0,53.0,56.0,57.0,58.2,63.0,70.0,inferred
Staffordshire Moorlands,2021-08-27,31.0,36.0,39.0,40.0,42.0,44.0,47.0,49.0,51.0,53.0,55.0,59.0,66.0,inferred
Staffordshire Moorlands,2021-08-28,26.0,30.0,33.0,35.0,36.0,38.0,40.0,42.0,45.0,46.0,47.0,52.0,58.0,inferred
Staffordshire Moorlands,2021-08-29,27.0,33.0,36.0,38.0,39.0,41.0,43.0,46.0,48.0,49.0,51.0,55.0,61.0,inferred
Staffordshire Moorlands,2021-08-30,40.0,47.9,52.0,53.0,54.0,57.0,60.0,62.0,65.0,67.0,69.0,74.0,82.0,inferred
Staffordshire Moorlands,2021-08-31,40.0,45.0,49.0,51.0,52.0,55.0,57.0,60.0,63.0,64.0,66.0,71.1,80.0,inferred
Staffordshire Moorlands,2021-09-01,42.0,47.0,50.8,52.0,54.0,56.0,59.0,61.0,64.0,66.0,68.0,72.0,80.0,inferred
Staffordshire Moorlands,2021-09-02,40.0,46.0,49.0,51.0,52.0,55.0,58.0,60.0,63.0,65.0,67.0,73.0,80.5,inferred
Staffordshire Moorlands,2021-09-03,36.0,42.0,45.0,47.0,48.0,50.0,53.0,55.0,58.0,60.0,61.0,66.0,73.0,inferred
Staffordshire Moorlands,2021-09-04,31.0,35.9,39.0,40.0,42.0,44.0,46.0,48.0,51.0,52.0,54.0,58.0,65.0,inferred
Staffordshire Moorlands,2021-09-05,34.0,39.0,42.0,44.0,45.0,48.0,50.0,52.0,55.0,56.0,58.0,62.0,68.0,inferred
Staffordshire Moorlands,2021-09-06,50.0,56.0,60.0,62.0,63.0,66.0,69.0,72.0,75.0,77.0,79.0,85.0,92.0,inferred
Staffordshire Moorlands,2021-09-07,47.0,54.0,58.0,60.0,62.0,64.0,67.0,69.4,72.0,74.0,76.0,81.0,89.0,inferred
Staffordshire Moorlands,2021-09-08,48.0,54.0,58.0,60.0,62.0,65.0,68.0,70.0,73.0,75.0,76.0,81.0,89.5,inferred
Staffordshire Moorlands,2021-09-09,48.0,54.0,58.0,60.0,61.0,64.0,66.0,69.0,72.0,73.0,75.0,81.0,87.0,inferred
Staffordshire Moorlands,2021-09-10,42.0,48.0,52.0,54.0,55.0,58.0,60.0,62.0,65.0,67.0,69.0,74.0,82.0,inferred
Staffordshire Moorlands,2021-09-11,35.0,41.0,44.0,46.0,47.0,49.0,52.0,55.0,57.0,59.0,61.0,65.0,73.0,inferred
Staffordshire Moorlands,2021-09-12,37.0,43.0,47.0,49.0,50.0,53.0,55.0,58.0,60.0,62.0,63.0,68.0,75.0,inferred
Staffordshire Moorlands,2021-09-13,54.0,61.0,66.0,67.8,69.0,72.0,75.0,78.0,81.0,83.0,86.0,91.0,99.0,inferred
Staffordshire Moorlands,2021-09-14,52.0,58.0,63.0,64.0,66.0,69.0,72.0,75.0,78.0,80.0,82.0,87.0,95.0,inferred
Staffordshire Moorlands,2021-09-15,52.5,59.9,64.0,66.0,68.0,71.0,74.0,76.4,80.0,82.0,84.0,88.0,96.0,inferred
Staffordshire Moorlands,2021-09-16,51.0,58.0,63.8,65.0,67.0,70.0,73.0,75.0,79.0,80.0,83.0,88.0,97.0,inferred
Staffordshire Moorlands,2021-09-17,47.5,54.0,59.0,60.0,62.0,65.0,68.0,70.0,73.0,74.0,76.0,81.0,89.0,inferred
Staffordshire Moorlands,2021-09-18,39.0,46.0,50.0,52.0,53.0,56.0,59.0,61.0,64.0,65.0,68.0,72.0,79.5,inferred
Staffordshire Moorlands,2021-09-19,44.0,51.0,55.0,57.0,58.7,61.0,64.0,66.0,69.0,71.0,72.0,78.0,84.0,inferred
Staffordshire Moorlands,2021-09-20,66.0,74.0,79.0,81.0,83.0,86.0,89.0,92.0,95.0,97.0,99.0,105.0,115.0,inferred
Staffordshire Moorlands,2021-09-21,61.0,69.0,73.0,75.0,77.0,80.0,83.0,86.0,90.0,92.0,95.0,100.0,110.0,inferred
Staffordshire Moorlands,2021-09-22,59.0,66.0,71.0,73.0,75.0,78.0,81.0,84.0,88.0,90.0,91.0,97.1,105.0,inferred
Staffordshire Moorlands,2021-09-23,56.0,62.0,66.0,68.0,70.0,73.0,76.0,79.0,82.0,84.0,86.0,92.0,100.0,inferred
Staffordshire Moorlands,2021-09-24,47.5,53.0,58.0,60.0,61.0,64.0,66.0,69.0,72.0,74.0,76.0,82.0,90.0,inferred
Staffordshire Moorlands,2021-09-25,37.5,43.0,47.0,49.0,50.0,52.0,55.0,57.0,60.0,61.0,63.0,67.0,75.5,inferred
Staffordshire Moorlands,2021-09-26,39.0,45.0,49.0,51.0,52.0,54.0,56.0,59.0,62.0,63.0,65.0,69.0,76.0,inferred
Staffordshire Moorlands,2021-09-27,55.0,62.0,66.0,68.0,70.0,73.0,75.0,78.0,81.0,83.0,85.0,90.0,98.0,inferred
Staffordshire Moorlands,2021-09-28,50.0,57.0,61.0,64.0,65.0,68.0,71.0,73.0,76.3,78.0,81.0,86.0,95.0,inferred
Staffordshire Moorlands,2021-09-29,52.0,59.0,64.0,65.0,67.0,70.0,72.0,75.0,78.0,80.0,81.0,86.0,95.0,inferred
Staffordshire Moorlands,2021-09-30,52.0,58.0,62.0,64.0,65.7,69.0,72.0,74.0,77.0,78.2,80.0,86.0,96.0,inferred
Staffordshire Moorlands,2021-10-01,46.5,53.0,57.0,59.0,60.0,63.0,66.0,69.0,72.0,73.0,75.0,79.0,88.5,inferred
Staffordshire Moorlands,2021-10-02,39.0,45.0,49.0,51.0,52.0,55.0,57.0,60.0,62.0,64.0,66.0,71.0,78.0,inferred
Staffordshire Moorlands,2021-10-03,43.0,50.0,54.0,56.0,57.0,60.0,62.0,64.0,67.0,69.0,71.0,75.0,83.5,inferred
Staffordshire Moorlands,2021-10-04,63.0,70.0,76.0,78.0,80.0,83.0,87.0,90.0,93.0,95.0,96.0,102.0,111.0,inferred
Staffordshire Moorlands,2021-10-05,62.0,70.0,74.8,76.0,78.0,81.0,84.0,87.0,91.0,93.0,95.0,102.0,110.5,inferred
Staffordshire Moorlands,2021-10-06,65.5,73.0,78.0,80.0,82.0,85.0,88.0,91.0,94.0,96.0,98.0,105.0,114.0,inferred
Staffordshire Moorlands,2021-10-07,66.0,74.0,79.0,81.0,83.0,86.0,89.0,92.0,95.0,97.0,100.0,105.0,115.0,inferred
Staffordshire Moorlands,2021-10-08,62.0,70.0,74.0,76.0,78.0,81.0,84.0,87.0,90.0,92.0,94.0,100.0,109.0,inferred
Staffordshire Moorlands,2021-10-09,54.0,61.0,66.0,67.0,69.0,72.0,75.0,78.0,81.0,83.0,85.0,90.1,98.0,inferred
Staffordshire Moorlands,2021-10-10,61.0,68.0,73.0,75.0,77.0,80.0,83.0,86.0,90.0,91.0,94.0,100.0,108.0,inferred
Staffordshire Moorlands,2021-10-11,92.0,100.0,106.0,108.0,110.0,114.0,118.0,121.0,125.0,127.0,129.0,136.0,147.0,inferred
Staffordshire Moorlands,2021-10-12,87.0,98.0,104.0,106.0,108.0,112.0,116.0,119.0,123.0,126.0,128.0,135.0,147.0,inferred
Staffordshire Moorlands,2021-10-13,90.0,99.0,105.0,107.0,109.0,113.0,117.0,121.0,126.0,127.0,130.0,137.0,150.0,inferred
Staffordshire Moorlands,2021-10-14,88.0,97.0,103.0,105.0,107.0,111.0,115.0,119.0,123.0,126.0,128.0,136.0,147.5,inferred
Staffordshire Moorlands,2021-10-15,78.5,86.0,92.0,95.0,97.0,101.0,105.0,109.0,113.0,116.0,119.0,125.0,138.0,inferred
Stevenage,2021-07-03,10.0,13.0,15.0,16.0,16.0,18.0,19.0,20.0,22.0,23.0,23.0,26.0,30.0,inferred
Stevenage,2021-07-04,11.0,14.0,16.0,17.0,17.0,19.0,20.0,22.0,23.0,24.0,25.0,27.0,32.0,inferred
Stevenage,2021-07-05,17.0,21.0,24.0,25.0,25.0,27.0,29.0,30.0,32.0,33.0,34.0,38.0,42.5,inferred
Stevenage,2021-07-06,18.0,21.0,24.0,25.0,26.0,28.0,29.0,31.0,33.0,34.0,35.0,38.0,42.0,inferred
Stevenage,2021-07-07,20.0,25.0,27.0,28.0,29.0,31.0,33.0,34.0,37.0,38.0,39.0,42.0,47.5,inferred
Stevenage,2021-07-08,22.0,26.0,29.0,30.0,31.0,32.0,34.0,36.0,38.0,39.0,40.0,44.0,50.0,inferred
Stevenage,2021-07-09,23.0,27.0,30.0,31.0,32.0,34.0,35.0,37.0,39.0,40.0,42.0,45.0,50.0,inferred
Stevenage,2021-07-10,20.0,25.0,27.0,29.0,30.0,31.0,33.0,35.0,36.0,38.0,39.0,42.0,47.0,inferred
Stevenage,2021-07-11,24.5,28.9,32.0,33.0,34.0,36.0,38.0,40.0,42.0,43.0,44.0,47.0,53.0,inferred
Stevenage,2021-07-12,39.0,45.0,49.0,50.0,51.0,54.0,56.0,59.0,61.0,63.0,64.0,69.0,75.5,inferred
Stevenage,2021-07-13,40.0,46.0,49.0,50.0,52.0,54.0,57.0,59.0,61.0,63.0,64.0,69.0,76.0,inferred
Stevenage,2021-07-14,41.0,46.0,50.0,51.0,53.0,55.0,58.0,60.0,63.0,64.0,66.0,70.0,78.0,inferred
Stevenage,2021-07-15,38.0,44.0,48.0,49.0,51.0,53.0,55.0,58.0,60.0,62.0,63.0,67.1,75.0,inferred
Stevenage,2021-07-16,34.5,40.0,43.0,45.0,46.0,48.0,50.0,52.0,55.0,56.0,57.0,62.0,68.0,inferred
Stevenage,2021-07-17,27.5,32.0,35.0,37.0,38.0,40.0,42.0,44.0,46.0,47.0,48.0,52.0,58.0,inferred
Stevenage,2021-07-18,29.0,33.0,36.0,38.0,39.0,41.0,43.0,45.0,47.0,48.0,50.0,53.0,59.0,inferred
Stevenage,2021-07-19,40.0,46.0,49.0,51.0,52.0,54.0,57.0,59.0,62.0,63.0,64.0,69.1,77.0,inferred
Stevenage,2021-07-20,37.0,42.0,46.0,47.0,48.0,50.0,53.0,55.0,58.0,59.0,60.0,64.0,70.5,inferred
Stevenage,2021-07-21,34.5,39.0,43.0,44.0,45.0,48.0,50.0,52.0,55.0,56.0,57.0,62.0,69.0,inferred
Stevenage,2021-07-22,29.0,34.0,38.0,39.0,40.0,43.0,45.0,47.0,49.0,50.0,52.0,56.0,62.0,inferred
Stevenage,2021-07-23,25.0,29.0,32.0,33.0,34.0,37.0,38.0,40.4,42.3,44.0,45.0,49.0,54.0,inferred
Stevenage,2021-07-24,18.0,22.0,25.0,26.0,27.0,29.0,30.0,32.0,34.0,35.0,36.0,39.0,44.0,inferred
Stevenage,2021-07-25,17.0,21.0,24.0,25.0,26.0,27.0,29.0,31.0,32.0,33.0,34.0,38.0,43.0,inferred
Stevenage,2021-07-26,23.0,28.0,30.0,32.0,33.0,35.0,37.0,38.4,41.0,42.0,43.0,46.1,53.0,inferred
Stevenage,2021-07-27,22.0,26.0,28.0,29.0,31.0,33.0,34.0,36.0,38.0,39.0,40.0,44.0,50.0,inferred
Stevenage,2021-07-28,22.0,27.0,29.0,31.0,32.0,34.0,35.5,37.0,39.0,40.0,42.0,45.0,51.0,inferred
Stevenage,2021-07-29,22.0,27.0,29.0,31.0,32.0,33.0,35.0,37.0,39.0,40.0,41.2,45.0,49.5,inferred
Stevenage,2021-07-30,21.0,25.0,28.0,29.0,30.0,32.0,33.0,35.0,37.0,38.0,39.0,43.0,48.0,inferred
Stevenage,2021-07-31,18.0,21.0,24.0,25.0,26.0,28.0,29.0,31.0,33.0,34.0,35.0,38.0,43.5,inferred
Stevenage,2021-08-01,19.0,23.0,26.0,27.0,28.0,29.0,31.0,33.0,34.0,36.0,37.0,40.0,45.0,inferred
Stevenage,2021-08-02,28.5,34.0,37.0,38.0,39.0,41.0,43.0,45.0,48.0,49.0,50.0,54.0,60.0,inferred
Stevenage,2021-08-03,28.0,32.0,36.0,37.0,38.0,40.0,42.0,45.0,47.0,48.0,50.0,54.0,60.0,inferred
Stevenage,2021-08-04,29.0,34.0,37.0,38.0,40.0,42.0,44.0,46.0,48.0,50.0,51.0,55.0,63.0,inferred
Stevenage,2021-08-05,28.0,33.0,36.0,38.0,39.0,41.0,43.0,45.0,47.0,48.0,50.0,54.0,59.5,inferred
Stevenage,2021-08-06,26.0,31.0,34.0,35.0,36.0,38.0,40.0,42.0,44.0,46.0,47.0,51.0,56.0,inferred
Stevenage,2021-08-07,22.0,26.0,29.0,30.0,31.0,32.0,34.0,36.0,38.0,39.0,41.0,44.0,49.0,inferred
Stevenage,2021-08-08,23.0,27.9,31.0,32.0,33.0,34.0,36.0,38.0,40.0,41.0,43.0,46.0,52.0,inferred
Stevenage,2021-08-09,33.0,39.0,42.0,43.0,45.0,47.0,49.0,52.0,54.0,56.0,57.0,61.0,69.0,inferred
Stevenage,2021-08-10,32.0,37.0,41.0,42.0,43.0,45.0,48.0,50.0,52.0,54.0,55.0,60.0,66.0,inferred
Stevenage,2021-08-11,33.0,38.0,42.0,43.0,44.0,47.0,49.0,51.0,53.0,55.0,56.0,60.0,67.0,inferred
Stevenage,2021-08-12,32.0,37.0,40.0,42.0,43.0,45.0,47.0,49.0,52.0,53.0,54.0,58.0,65.0,inferred
Stevenage,2021-08-13,30.0,34.9,38.0,39.0,40.0,42.0,44.0,46.0,48.0,49.0,51.0,54.0,60.0,inferred
Stevenage,2021-08-14,24.0,28.0,31.0,32.0,33.0,35.0,37.0,39.0,41.0,42.0,43.0,47.0,53.0,inferred
Stevenage,2021-08-15,25.0,29.0,32.0,33.0,35.0,37.0,39.0,41.0,43.0,44.0,45.0,48.0,54.0,inferred
Stevenage,2021-08-16,36.0,41.0,45.0,46.0,47.7,50.0,52.0,54.0,57.0,58.0,60.0,64.0,70.0,inferred
Stevenage,2021-08-17,34.0,39.0,42.8,44.0,45.0,47.0,49.0,51.0,54.0,55.0,56.0,61.0,68.0,inferred
Stevenage,2021-08-18,33.0,38.0,41.8,43.0,44.0,46.0,48.0,51.0,53.0,54.0,56.0,60.0,68.0,inferred
Stevenage,2021-08-19,31.0,36.0,39.0,40.0,41.0,43.6,46.0,48.0,50.0,52.0,53.0,57.0,64.0,inferred
Stevenage,2021-08-20,27.0,31.0,34.0,35.0,37.0,39.0,41.0,43.0,45.0,46.0,47.0,51.0,56.0,inferred
Stevenage,2021-08-21,22.0,25.0,28.0,29.0,30.0,32.0,34.0,36.0,37.0,38.0,40.0,43.0,49.0,inferred
Stevenage,2021-08-22,21.0,25.0,28.0,29.0,30.0,32.0,34.0,36.0,38.0,39.0,40.0,44.0,50.0,inferred
Stevenage,2021-08-23,29.5,34.0,37.0,38.0,40.0,42.0,44.0,46.0,48.0,50.0,51.0,56.0,63.0,inferred
Stevenage,2021-08-24,27.0,32.0,35.0,36.0,37.0,40.0,42.0,44.0,46.0,47.0,49.0,52.1,59.0,inferred
Stevenage,2021-08-25,28.0,32.0,36.0,37.0,38.0,40.0,42.0,44.0,46.0,48.0,49.0,52.1,58.0,inferred
Stevenage,2021-08-26,25.5,31.0,34.0,35.0,36.0,38.0,40.0,42.0,44.0,46.0,47.0,51.0,57.0,inferred
Stevenage,2021-08-27,24.0,28.9,31.0,32.0,33.0,35.0,37.0,39.0,41.0,43.0,44.0,48.0,54.0,inferred
Stevenage,2021-08-28,19.0,24.0,26.0,27.0,28.0,30.0,32.0,33.0,35.0,36.0,37.0,41.0,46.0,inferred
Stevenage,2021-08-29,20.0,25.0,27.0,28.0,30.0,31.0,33.0,35.0,37.0,38.0,39.0,42.0,48.0,inferred
Stevenage,2021-08-30,30.0,36.0,39.0,40.0,42.0,44.0,46.0,48.0,50.0,52.0,53.2,57.0,63.0,inferred
Stevenage,2021-08-31,30.0,34.0,38.0,39.0,40.0,42.0,45.0,47.0,49.0,51.0,52.0,56.0,61.0,inferred
Stevenage,2021-09-01,31.0,36.0,39.0,40.0,42.0,44.0,46.0,48.0,50.0,52.0,54.0,58.0,64.0,inferred
Stevenage,2021-09-02,30.0,35.0,38.0,40.0,41.0,43.0,45.0,47.0,49.0,50.0,52.0,55.0,62.0,inferred
Stevenage,2021-09-03,27.0,32.0,35.8,37.0,38.0,40.0,42.0,44.0,46.0,47.0,48.0,52.0,58.0,inferred
Stevenage,2021-09-04,22.0,27.0,30.0,31.0,32.0,34.0,36.0,37.0,39.0,40.0,42.0,45.0,50.0,inferred
Stevenage,2021-09-05,25.0,29.0,31.0,33.0,34.0,36.0,37.0,39.0,41.0,43.0,44.0,47.0,54.0,inferred
Stevenage,2021-09-06,35.0,40.0,44.0,45.0,46.0,48.0,51.0,53.0,55.0,56.0,58.0,62.0,69.0,inferred
Stevenage,2021-09-07,32.0,37.0,40.0,42.0,43.0,45.0,47.0,50.0,52.0,53.0,55.0,59.0,65.0,inferred
Stevenage,2021-09-08,31.0,36.0,40.0,41.0,42.0,45.0,47.0,49.0,51.0,53.0,54.0,58.0,65.0,inferred
Stevenage,2021-09-09,29.0,33.0,36.0,38.0,39.0,41.0,43.0,45.0,47.0,48.0,50.0,54.0,60.0,inferred
Stevenage,2021-09-10,25.0,29.0,32.0,33.0,35.0,36.0,38.0,40.0,42.0,43.0,44.0,47.0,53.0,inferred
Stevenage,2021-09-11,19.0,23.0,25.0,27.0,28.0,29.0,31.0,33.0,35.0,36.0,37.0,41.0,46.0,inferred
Stevenage,2021-09-12,19.0,23.0,26.0,27.0,28.0,30.0,31.0,33.0,35.0,36.0,37.0,41.0,46.0,inferred
Stevenage,2021-09-13,27.0,32.0,34.0,36.0,37.0,39.0,41.0,43.0,45.3,47.0,48.0,52.0,58.0,inferred
Stevenage,2021-09-14,25.0,30.0,33.0,34.0,35.0,37.0,39.0,41.0,43.0,44.0,46.0,49.0,54.5,inferred
Stevenage,2021-09-15,26.0,30.0,33.0,35.0,36.0,38.0,40.0,42.0,44.0,45.0,47.0,50.0,56.5,inferred
Stevenage,2021-09-16,25.0,30.0,33.0,34.0,36.0,38.0,39.0,41.0,43.0,44.0,45.0,49.0,54.0,inferred
Stevenage,2021-09-17,24.0,28.0,30.8,32.0,33.0,35.0,36.0,38.0,40.0,42.0,43.0,47.0,53.0,inferred
Stevenage,2021-09-18,19.0,23.0,25.0,26.0,27.0,29.0,31.0,32.0,34.0,35.0,36.2,40.0,45.0,inferred
Stevenage,2021-09-19,20.0,24.0,27.0,28.0,29.0,31.0,33.0,34.0,36.0,37.0,39.0,42.0,47.0,inferred
Stevenage,2021-09-20,29.0,34.0,38.0,39.0,40.0,42.0,44.0,46.0,49.0,50.0,51.0,55.0,61.0,inferred
Stevenage,2021-09-21,28.0,32.0,36.0,37.0,38.0,40.0,42.0,44.0,46.0,47.0,48.0,52.0,59.0,inferred
Stevenage,2021-09-22,27.0,32.0,35.0,36.0,37.0,39.0,41.0,44.0,46.0,47.0,48.0,52.0,58.0,inferred
Stevenage,2021-09-23,25.0,30.0,33.0,34.0,35.0,37.0,39.0,41.0,43.0,44.0,45.0,49.0,54.5,inferred
Stevenage,2021-09-24,22.0,27.0,30.0,31.0,31.0,33.0,35.0,37.0,39.0,40.0,41.0,45.0,50.0,inferred
Stevenage,2021-09-25,17.0,21.0,24.0,25.0,26.0,28.0,29.0,31.0,33.0,34.0,35.0,38.0,43.0,inferred
Stevenage,2021-09-26,18.0,21.0,24.0,25.0,26.0,28.0,29.0,31.0,33.0,34.0,35.0,38.0,43.0,inferred
Stevenage,2021-09-27,26.0,30.0,33.0,34.0,35.0,37.0,39.0,41.0,43.0,45.0,46.0,49.1,55.0,inferred
Stevenage,2021-09-28,24.0,29.0,32.0,33.0,34.0,36.0,38.0,39.0,41.0,43.0,44.0,48.0,53.0,inferred
Stevenage,2021-09-29,25.0,29.9,32.0,34.0,35.0,37.0,39.0,40.0,42.0,43.0,45.0,48.0,54.0,inferred
Stevenage,2021-09-30,24.0,29.0,32.0,33.0,34.0,36.0,38.0,40.0,42.0,43.0,45.0,48.0,55.0,inferred
Stevenage,2021-10-01,23.5,28.0,31.0,32.0,33.0,35.0,36.0,39.0,41.0,42.0,43.0,46.0,52.0,inferred
Stevenage,2021-10-02,20.0,24.0,26.0,27.0,28.0,30.0,32.0,33.0,35.0,36.0,38.0,41.0,46.0,inferred
Stevenage,2021-10-03,21.0,26.0,29.0,30.0,31.0,33.0,35.0,36.0,38.0,40.0,41.0,45.0,50.0,inferred
Stevenage,2021-10-04,32.0,38.0,41.0,43.0,44.0,46.0,49.0,51.0,53.0,54.0,56.0,60.0,66.5,inferred
Stevenage,2021-10-05,32.0,38.0,41.0,42.0,44.0,46.0,48.0,50.0,53.0,54.0,56.0,59.0,66.0,inferred
Stevenage,2021-10-06,35.0,40.0,43.0,45.0,46.0,48.0,50.0,52.0,55.0,56.0,58.0,62.0,69.0,inferred
Stevenage,2021-10-07,35.0,40.0,43.0,45.0,46.0,48.0,51.0,53.0,55.0,56.0,57.0,61.0,67.0,inferred
Stevenage,2021-10-08,32.0,37.0,40.0,42.0,43.0,45.6,47.0,50.0,52.0,53.0,54.0,59.0,65.0,inferred
Stevenage,2021-10-09,27.0,32.0,35.0,37.0,38.0,40.0,41.0,44.0,46.0,47.0,48.0,52.0,59.0,inferred
Stevenage,2021-10-10,30.0,34.0,38.0,39.0,40.0,42.0,45.0,47.0,49.0,50.0,52.0,55.0,61.0,inferred
Stevenage,2021-10-11,43.0,50.0,53.8,55.0,56.0,59.0,61.5,64.0,67.0,68.0,70.0,75.0,82.0,inferred
Stevenage,2021-10-12,42.0,48.0,51.0,53.0,54.0,56.0,59.0,61.0,64.0,66.0,67.0,71.1,79.0,inferred
Stevenage,2021-10-13,42.0,47.0,51.0,53.0,54.0,56.0,58.0,61.0,64.0,65.0,67.0,72.0,80.0,inferred
Stevenage,2021-10-14,38.5,44.0,48.0,49.0,51.0,53.0,56.0,58.0,61.0,63.0,64.0,69.0,76.0,inferred
Stevenage,2021-10-15,33.0,38.0,42.0,44.0,45.0,47.0,50.0,52.0,55.0,56.0,58.0,62.0,69.0,inferred
Stirling,2021-07-03,40.0,65.0,84.0,94.0,103.7,118.0,133.0,149.0,166.0,175.2,192.0,226.1,291.0,inferred
Stirling,2021-07-04,35.0,60.0,78.0,87.0,93.0,106.0,120.0,136.4,154.0,166.0,179.0,217.0,278.0,inferred
Stirling,2021-07-05,27.0,51.0,67.8,75.0,81.0,93.0,106.0,118.0,135.0,143.0,153.0,190.0,242.0,inferred
Stirling,2021-07-06,35.0,54.0,70.0,77.0,86.0,101.0,117.0,133.4,151.0,159.2,170.0,207.0,262.0,inferred
Stirling,2021-07-07,45.0,65.0,85.0,93.0,101.0,115.0,131.0,146.0,163.3,175.0,187.0,226.0,291.0,inferred
Stirling,2021-07-08,29.5,49.0,66.0,72.0,80.0,93.0,105.0,120.0,138.0,147.0,161.0,195.0,248.5,inferred
Stirling,2021-07-09,29.0,54.0,69.0,75.0,81.0,95.0,110.0,124.0,143.0,154.0,168.0,206.0,274.5,inferred
Stirling,2021-07-10,43.5,66.0,83.0,91.0,99.0,116.0,131.0,149.0,166.3,178.0,190.0,228.0,282.0,inferred
Stirling,2021-07-11,34.0,53.0,69.0,77.0,85.0,101.0,115.0,131.0,149.0,160.0,171.2,204.0,268.0,inferred
Stirling,2021-07-12,24.0,43.0,56.8,62.0,69.0,84.0,98.0,112.4,129.0,140.0,153.0,191.0,238.0,inferred
Stirling,2021-07-13,26.5,46.0,63.0,71.0,78.0,91.0,103.0,118.0,134.0,143.0,156.0,193.0,254.6,inferred
Stirling,2021-07-14,33.5,53.0,71.0,79.0,85.7,101.6,117.0,132.0,151.0,162.0,174.0,210.0,272.0,inferred
Stirling,2021-07-15,25.0,40.0,54.0,60.0,66.0,78.0,90.0,103.0,119.3,129.0,141.0,176.0,235.5,inferred
Stirling,2021-07-16,25.0,40.0,53.8,61.0,67.7,80.0,92.0,103.0,120.0,132.0,142.0,177.1,243.0,inferred
Stirling,2021-07-17,26.0,44.0,60.0,69.0,74.0,86.0,99.0,115.0,131.0,142.2,154.2,192.0,260.5,inferred
Stirling,2021-07-18,21.0,39.0,55.0,62.0,68.0,81.0,93.0,108.0,125.0,134.0,149.0,181.1,249.5,inferred
Stirling,2021-07-19,15.0,29.0,41.0,46.0,52.0,63.0,75.0,88.0,106.0,115.2,129.0,160.0,214.5,inferred
Stirling,2021-07-20,16.0,31.0,44.0,50.0,55.0,67.0,78.0,91.0,105.0,112.2,122.0,155.0,217.0,inferred
Stirling,2021-07-21,18.0,34.0,48.8,54.0,60.0,71.0,85.0,97.0,116.0,125.0,137.0,167.0,225.5,inferred
Stirling,2021-07-22,10.0,21.0,33.0,38.0,43.0,53.0,62.0,75.0,89.3,98.0,108.0,133.1,184.5,inferred
Stirling,2021-07-23,10.0,22.0,34.0,38.0,43.0,53.0,63.0,75.0,89.0,98.0,108.0,137.1,190.0,inferred
Stirling,2021-07-24,12.5,25.0,38.0,43.0,50.0,59.0,70.0,81.4,97.0,107.0,116.0,144.0,199.0,inferred
Stirling,2021-07-25,9.0,20.0,30.0,35.0,40.0,50.0,60.0,71.0,84.0,93.0,103.0,128.0,182.0,inferred
Stirling,2021-07-26,5.0,14.0,22.0,27.0,30.7,38.0,46.0,56.0,68.3,76.0,84.0,108.1,161.5,inferred
Stirling,2021-07-27,5.0,14.0,22.0,27.0,30.7,39.0,49.0,58.0,70.0,78.0,88.0,110.0,167.5,inferred
Stirling,2021-07-28,8.5,18.0,28.0,34.0,37.7,47.0,55.0,66.0,78.0,86.0,95.0,121.0,175.0,inferred
Stirling,2021-07-29,5.0,13.0,21.0,25.0,29.0,36.0,45.0,56.0,68.0,75.0,84.0,111.0,152.0,inferred
Stirling,2021-07-30,5.0,12.0,20.0,24.8,28.0,36.0,45.0,55.0,68.0,74.0,82.0,111.0,156.0,inferred
Stirling,2021-07-31,8.0,18.0,28.8,33.0,37.0,46.6,57.0,66.0,80.0,87.2,97.0,122.0,180.5,inferred
Stirling,2021-08-01,5.0,14.0,22.0,26.8,31.0,38.0,47.0,58.0,70.0,78.0,85.0,109.0,173.5,inferred
Stirling,2021-08-02,3.0,9.0,17.0,21.0,25.0,31.0,38.0,46.4,58.0,65.0,74.0,99.0,143.5,inferred
Stirling,2021-08-03,5.0,12.0,20.0,24.0,28.0,36.0,44.0,54.0,65.0,73.0,82.0,108.0,150.0,inferred
Stirling,2021-08-04,6.0,17.0,28.0,32.0,36.0,44.0,53.5,64.0,75.0,82.0,92.0,113.1,167.5,inferred
Stirling,2021-08-05,4.0,13.0,21.0,25.0,29.0,39.0,46.0,57.0,67.3,74.0,84.2,109.0,158.0,inferred
Stirling,2021-08-06,5.0,15.0,24.0,29.0,33.0,42.0,50.0,61.0,73.0,80.0,89.0,115.0,164.5,inferred
Stirling,2021-08-07,10.0,20.0,32.0,36.0,40.7,49.0,59.0,71.0,83.0,91.0,100.0,131.0,183.0,inferred
Stirling,2021-08-08,8.0,20.0,30.0,35.0,40.0,49.0,59.0,70.4,85.0,93.0,101.0,126.1,179.0,inferred
Stirling,2021-08-09,7.0,15.0,24.0,28.0,32.0,40.0,49.0,59.0,73.0,80.0,90.0,113.0,161.5,inferred
Stirling,2021-08-10,7.0,20.0,31.0,37.0,41.7,51.0,60.0,71.0,84.0,92.0,101.0,127.0,183.6,inferred
Stirling,2021-08-11,15.0,28.9,41.0,48.0,53.0,63.0,74.5,86.0,101.0,109.2,121.0,150.0,204.0,inferred
Stirling,2021-08-12,12.0,24.0,36.0,41.0,46.0,55.0,66.0,78.0,90.0,100.0,109.0,140.0,192.0,inferred
Stirling,2021-08-13,13.0,27.0,41.0,46.0,51.0,62.0,73.0,85.0,100.0,110.0,119.0,150.0,197.0,inferred
Stirling,2021-08-14,24.0,41.9,56.0,63.0,69.0,82.0,96.0,113.0,127.0,137.0,148.0,178.0,240.5,inferred
Stirling,2021-08-15,21.0,38.0,54.0,62.0,68.0,80.0,92.5,108.0,124.3,136.0,148.0,177.1,242.5,inferred
Stirling,2021-08-16,17.0,35.0,48.8,55.0,61.0,72.0,86.0,100.0,117.0,126.0,135.0,166.1,230.5,inferred
Stirling,2021-08-17,29.0,46.0,63.0,71.0,77.0,90.0,105.0,120.0,136.0,146.0,160.0,195.0,251.5,inferred
Stirling,2021-08-18,43.0,66.0,85.0,93.8,101.0,116.6,132.0,149.0,168.0,180.2,194.0,231.0,294.0,inferred
Stirling,2021-08-19,42.0,61.0,80.0,88.0,95.0,110.0,125.0,141.0,160.0,171.0,185.0,227.0,292.0,inferred
Stirling,2021-08-20,49.5,74.0,94.0,103.0,112.7,128.0,142.0,159.0,177.0,190.0,206.0,239.0,303.5,inferred
Stirling,2021-08-21,74.0,106.0,128.8,139.0,149.0,167.0,188.0,207.0,231.0,242.0,258.0,299.0,375.5,inferred
Stirling,2021-08-22,73.0,108.0,138.0,148.0,159.0,177.0,198.5,219.4,244.0,257.0,277.0,322.1,401.0,inferred
Stirling,2021-08-23,69.0,101.9,128.8,139.0,146.7,165.6,185.5,204.0,227.0,241.0,256.0,297.0,374.6,inferred
Stirling,2021-08-24,88.5,121.0,150.0,161.0,171.0,194.0,215.0,237.4,267.0,281.0,294.2,338.2,419.0,inferred
Stirling,2021-08-25,119.0,162.9,197.0,210.0,221.0,241.6,261.0,283.0,314.3,330.2,344.0,392.1,468.0,inferred
Stirling,2021-08-26,102.0,141.0,174.0,184.0,194.7,214.0,234.0,255.0,280.0,296.0,317.0,359.0,444.0,inferred
Stirling,2021-08-27,119.0,160.0,185.0,198.0,211.0,234.0,256.0,281.0,307.0,321.0,341.0,382.0,456.5,inferred
Stirling,2021-08-28,156.5,206.0,242.0,257.0,271.0,298.0,323.0,347.0,374.3,389.0,411.0,470.0,549.0,inferred
Stirling,2021-08-29,161.0,208.0,245.0,259.0,271.0,297.0,319.0,342.0,371.0,387.0,406.0,465.1,548.0,inferred
Stirling,2021-08-30,126.5,179.8,213.0,223.0,237.0,262.0,284.0,308.0,333.0,349.0,368.2,415.1,507.0,inferred
Stirling,2021-08-31,159.0,208.9,243.0,259.0,270.0,293.0,317.0,344.0,371.0,388.0,407.2,463.0,544.5,inferred
Stirling,2021-09-01,190.0,243.9,282.0,298.0,311.0,339.0,364.5,398.0,429.0,448.0,471.0,527.1,619.6,inferred
Stirling,2021-09-02,152.9,201.0,232.0,245.0,257.7,282.0,310.0,335.4,364.0,379.0,400.2,453.1,530.0,inferred
Stirling,2021-09-03,158.0,202.9,241.0,257.0,270.0,294.6,317.0,346.0,376.0,392.0,412.0,464.0,561.6,inferred
Stirling,2021-09-04,191.5,250.9,291.0,308.0,320.0,344.6,371.5,402.0,436.0,452.2,475.2,528.0,629.0,inferred
Stirling,2021-09-05,171.0,225.0,262.0,278.0,293.7,322.0,350.0,376.0,406.0,422.0,441.0,497.1,586.6,inferred
Stirling,2021-09-06,136.0,185.9,220.0,235.0,250.0,272.0,296.0,321.4,349.0,368.0,387.0,437.0,523.5,inferred
Stirling,2021-09-07,146.9,198.0,230.0,246.8,259.0,284.0,307.5,335.0,364.0,378.0,397.0,452.0,555.0,inferred
Stirling,2021-09-08,166.0,212.0,244.8,259.0,272.0,300.0,324.0,351.0,380.0,396.0,416.0,483.0,576.5,inferred
Stirling,2021-09-09,109.0,147.0,178.0,192.8,204.0,226.0,248.0,270.0,299.0,313.0,331.2,374.0,454.7,inferred
Stirling,2021-09-10,102.0,138.0,164.0,176.0,189.0,209.0,231.0,252.0,275.0,291.2,309.2,354.1,433.0,inferred
Stirling,2021-09-11,112.0,151.0,180.0,193.0,203.0,225.0,245.0,266.0,292.0,310.0,330.0,375.0,454.0,inferred
Stirling,2021-09-12,83.5,122.0,146.8,159.8,169.0,191.0,212.0,233.0,256.0,268.0,282.2,327.0,410.0,inferred
Stirling,2021-09-13,58.5,86.0,108.0,118.0,128.0,143.0,159.5,178.0,196.3,211.0,225.0,261.1,323.5,inferred
Stirling,2021-09-14,57.0,86.0,108.0,116.0,125.0,143.0,159.0,176.0,195.0,208.0,226.0,270.1,339.0,inferred
Stirling,2021-09-15,66.5,99.9,123.0,133.0,141.0,160.0,178.0,196.0,217.0,232.0,247.0,288.1,375.0,inferred
Stirling,2021-09-16,45.0,74.0,93.0,102.0,111.0,125.0,139.0,157.0,177.0,188.0,202.2,243.0,307.5,inferred
Stirling,2021-09-17,50.0,77.0,95.8,103.0,110.0,124.6,142.0,160.0,178.3,191.0,206.0,245.0,311.0,inferred
Stirling,2021-09-18,55.0,84.0,109.0,119.0,128.0,148.0,167.0,186.0,206.0,217.0,234.2,279.0,340.0,inferred
Stirling,2021-09-19,50.5,74.0,97.0,105.8,112.0,129.0,147.0,163.0,182.0,196.0,210.0,250.0,305.0,inferred
Stirling,2021-09-20,38.0,59.0,78.0,86.0,92.7,106.0,122.0,138.0,156.0,168.0,182.2,227.2,286.0,inferred
Stirling,2021-09-21,40.0,66.0,86.0,94.0,101.0,116.0,131.5,149.0,169.0,180.0,194.0,229.0,301.0,inferred
Stirling,2021-09-22,57.0,83.9,103.0,113.0,122.0,139.0,157.0,173.0,197.0,208.0,223.0,260.1,325.5,inferred
Stirling,2021-09-23,42.5,65.0,85.0,93.0,102.0,119.6,135.0,151.0,168.0,178.2,192.0,229.1,295.0,inferred
Stirling,2021-09-24,53.0,76.0,95.0,105.0,113.7,131.0,147.0,164.0,184.0,195.0,208.2,249.1,321.5,inferred
Stirling,2021-09-25,63.0,97.0,120.0,131.0,141.0,158.0,171.0,192.0,213.0,227.0,242.2,285.1,361.5,inferred
Stirling,2021-09-26,62.0,92.0,113.0,124.0,132.0,149.0,169.0,186.0,208.0,222.0,236.0,278.1,328.0,inferred
Stirling,2021-09-27,47.0,75.0,94.8,104.0,112.7,130.6,146.0,165.0,186.0,197.0,211.2,251.0,332.5,inferred
Stirling,2021-09-28,58.0,87.0,108.0,118.0,126.0,143.0,161.0,180.0,200.0,214.0,229.2,267.0,339.5,inferred
Stirling,2021-09-29,69.0,106.0,129.0,138.0,148.0,166.0,186.0,209.0,231.0,245.0,263.0,304.1,392.5,inferred
Stirling,2021-09-30,54.0,82.0,106.0,114.0,122.0,139.0,156.0,174.0,194.0,208.0,221.0,263.0,333.0,inferred
Stirling,2021-10-01,53.0,84.0,107.0,117.0,128.0,143.0,160.5,180.0,201.0,213.0,227.0,265.0,334.0,inferred
Stirling,2021-10-02,74.5,105.0,128.0,138.0,147.0,168.0,186.5,206.0,229.0,243.0,259.0,307.1,376.5,inferred
Stirling,2021-10-03,68.5,97.0,122.0,131.0,143.0,161.6,180.0,201.4,221.0,232.0,248.0,292.0,359.5,inferred
Stirling,2021-10-04,53.0,76.0,97.8,106.0,113.7,128.0,147.0,166.0,186.0,196.0,208.0,246.0,305.5,inferred
Stirling,2021-10-05,57.0,84.0,104.0,114.0,122.0,140.6,158.5,173.4,198.0,211.0,227.0,270.0,340.5,inferred
Stirling,2021-10-06,72.0,104.0,128.0,138.0,147.0,164.0,182.0,201.0,224.0,236.0,255.0,298.0,390.5,inferred
Stirling,2021-10-07,50.0,82.9,103.0,112.0,120.0,136.0,154.0,173.0,197.3,209.0,224.0,258.1,341.5,inferred
Stirling,2021-10-08,56.5,89.0,112.0,122.0,130.0,146.0,164.0,180.0,203.3,218.0,231.0,280.0,355.0,inferred
Stirling,2021-10-09,79.0,109.0,134.0,144.0,153.0,174.0,194.0,215.0,238.3,254.0,268.0,315.0,391.1,inferred
Stirling,2021-10-10,63.0,95.0,120.0,133.0,144.7,164.6,183.0,202.0,226.0,238.0,252.0,298.0,370.0,inferred
Stirling,2021-10-11,54.0,82.0,103.0,111.0,121.0,138.0,157.0,175.0,195.0,208.0,222.0,266.0,333.0,inferred
Stirling,2021-10-12,64.5,96.0,122.0,131.0,139.7,157.0,174.0,194.0,212.3,226.2,241.0,281.0,365.0,inferred
Stirling,2021-10-13,73.5,110.0,140.0,153.8,164.0,185.0,204.0,227.0,250.0,263.0,281.0,322.0,396.5,inferred
Stirling,2021-10-14,68.5,97.0,121.0,131.0,140.0,157.0,175.0,195.0,218.0,232.0,247.2,295.1,383.0,inferred
Stirling,2021-10-15,65.0,98.9,126.0,136.8,147.7,168.0,187.0,212.0,235.0,250.0,268.0,317.0,400.0,inferred
Stockport,2021-07-03,89.0,98.0,105.0,108.0,110.0,115.0,119.0,123.0,128.0,131.0,133.0,143.0,156.0,inferred
Stockport,2021-07-04,98.0,109.0,116.0,119.0,122.0,127.0,131.0,136.0,141.0,144.0,148.0,156.0,171.5,inferred
Stockport,2021-07-05,151.0,163.0,173.0,176.0,180.0,186.0,191.0,196.0,202.0,205.0,209.0,219.0,235.0,inferred
Stockport,2021-07-06,150.5,163.0,171.0,175.0,178.0,183.0,188.0,194.0,201.0,204.0,207.0,215.0,231.0,inferred
Stockport,2021-07-07,160.0,175.0,184.0,187.0,191.0,196.0,200.0,206.0,212.0,215.0,219.2,229.1,247.5,inferred
Stockport,2021-07-08,164.5,178.0,188.0,191.8,194.7,201.0,206.0,211.0,217.0,219.0,223.0,233.0,249.5,inferred
Stockport,2021-07-09,150.5,166.0,175.0,179.0,182.0,188.0,194.0,199.0,205.0,208.0,212.0,223.0,241.0,inferred
Stockport,2021-07-10,134.0,146.0,154.0,158.0,160.0,167.0,171.0,176.0,180.0,183.0,186.0,196.0,210.0,inferred
Stockport,2021-07-11,150.0,163.0,173.0,176.0,180.0,186.0,192.0,196.0,202.0,205.0,209.0,218.1,237.0,inferred
Stockport,2021-07-12,230.0,247.0,258.0,262.0,265.0,273.0,279.0,285.0,293.0,297.0,302.0,314.1,336.0,inferred
Stockport,2021-07-13,216.0,234.0,246.0,250.0,254.0,261.0,268.0,276.0,282.3,286.0,291.0,303.0,321.5,inferred
Stockport,2021-07-14,217.0,233.0,244.0,248.0,253.0,260.0,266.5,273.0,281.0,286.0,290.2,302.0,321.0,inferred
Stockport,2021-07-15,204.0,221.0,232.0,236.0,239.0,245.0,251.0,258.0,265.3,269.0,273.0,285.0,305.5,inferred
Stockport,2021-07-16,173.0,188.0,198.0,202.0,206.0,212.0,218.0,224.0,230.0,234.2,238.0,250.0,269.5,inferred
Stockport,2021-07-17,139.5,152.0,161.0,164.0,167.0,173.0,178.0,182.0,188.0,192.0,196.0,206.0,221.5,inferred
Stockport,2021-07-18,142.0,157.0,166.8,170.0,173.0,178.0,184.0,189.0,195.0,199.0,202.2,212.0,227.0,inferred
Stockport,2021-07-19,201.0,214.9,226.0,230.0,233.0,240.0,247.0,254.0,261.0,265.0,270.0,281.0,298.0,inferred
Stockport,2021-07-20,176.5,192.0,203.0,206.0,210.0,216.0,223.0,228.4,235.0,239.0,242.0,253.1,272.0,inferred
Stockport,2021-07-21,165.5,178.0,189.0,192.0,196.0,202.0,207.0,213.0,220.0,224.0,228.0,238.0,254.0,inferred
Stockport,2021-07-22,146.5,159.0,169.0,172.0,175.0,181.0,186.0,191.0,197.0,200.0,203.0,211.1,227.0,inferred
Stockport,2021-07-23,116.0,128.0,135.0,138.0,140.0,145.0,150.0,154.0,160.0,162.0,166.0,176.0,188.5,inferred
Stockport,2021-07-24,85.5,95.0,102.0,104.0,107.0,111.0,115.0,119.4,124.0,127.0,130.0,137.0,150.0,inferred
Stockport,2021-07-25,82.0,93.0,99.0,101.0,104.0,108.0,112.0,117.0,122.0,124.0,127.0,134.1,146.0,inferred
Stockport,2021-07-26,111.0,122.0,129.0,132.0,135.0,140.0,145.0,150.0,155.0,159.0,163.0,171.0,186.0,inferred
Stockport,2021-07-27,99.5,109.0,118.0,120.0,123.0,128.0,133.0,137.0,142.0,145.0,148.0,156.0,171.0,inferred
Stockport,2021-07-28,102.0,112.0,119.0,123.0,126.0,130.0,134.0,139.0,144.0,147.0,150.0,159.0,173.0,inferred
Stockport,2021-07-29,100.0,110.0,117.0,120.0,123.0,127.0,131.0,136.0,141.0,144.0,148.0,156.0,170.0,inferred
Stockport,2021-07-30,88.5,99.0,104.0,108.0,110.0,115.0,119.0,122.0,127.0,129.0,132.0,140.0,152.5,inferred
Stockport,2021-07-31,72.5,82.0,88.0,91.0,93.0,97.0,101.0,105.0,109.0,112.0,114.2,121.0,133.0,inferred
Stockport,2021-08-01,78.0,88.0,95.0,98.0,100.0,105.0,109.0,113.0,117.0,119.0,122.0,130.0,141.0,inferred
Stockport,2021-08-02,117.0,129.0,138.0,141.0,144.0,149.0,154.0,159.0,164.0,168.0,172.0,181.0,198.0,inferred
Stockport,2021-08-03,111.0,121.0,129.0,132.0,135.0,140.0,145.0,150.0,156.0,159.0,162.0,170.0,186.0,inferred
Stockport,2021-08-04,116.0,125.0,132.0,135.0,138.0,143.0,148.0,152.0,158.0,161.0,164.0,173.0,189.5,inferred
Stockport,2021-08-05,111.0,121.0,128.0,131.0,134.0,139.0,143.0,148.0,153.0,155.0,159.0,167.0,183.5,inferred
Stockport,2021-08-06,96.5,107.0,114.0,117.0,119.0,124.0,128.0,133.0,137.0,139.0,142.0,150.0,164.0,inferred
Stockport,2021-08-07,77.5,87.0,94.0,97.0,100.0,104.0,108.0,112.0,116.0,119.0,122.0,129.0,141.5,inferred
Stockport,2021-08-08,84.0,94.0,101.8,104.0,106.0,111.0,115.0,120.0,124.0,127.0,130.0,138.0,151.0,inferred
Stockport,2021-08-09,124.0,134.0,142.0,146.0,149.0,154.0,159.0,164.4,171.0,174.0,177.0,187.0,202.0,inferred
Stockport,2021-08-10,115.0,127.0,135.0,138.0,141.0,147.0,152.0,157.0,162.0,165.0,168.0,178.0,191.0,inferred
Stockport,2021-08-11,117.0,129.9,137.0,140.0,143.0,149.0,153.0,159.0,164.0,167.0,171.0,181.0,195.0,inferred
Stockport,2021-08-12,113.0,124.0,132.0,135.0,138.0,143.0,148.0,153.0,158.0,162.0,165.0,174.0,190.0,inferred
Stockport,2021-08-13,100.0,110.0,117.0,119.0,122.0,127.0,132.0,136.0,141.0,143.2,146.0,155.0,166.0,inferred
Stockport,2021-08-14,81.0,90.0,97.0,99.0,101.0,105.0,110.0,113.0,118.0,121.0,124.0,132.0,142.0,inferred
Stockport,2021-08-15,87.0,96.0,102.0,105.0,107.0,112.0,116.0,120.0,125.0,127.0,130.0,139.0,151.0,inferred
Stockport,2021-08-16,121.0,137.0,145.0,149.0,151.7,157.6,163.0,168.0,174.0,178.0,181.0,190.0,204.0,inferred
Stockport,2021-08-17,118.0,130.0,138.0,141.0,143.0,149.0,154.0,159.0,165.0,168.0,171.0,180.0,196.0,inferred
Stockport,2021-08-18,120.0,132.0,140.0,143.0,146.0,151.0,156.0,161.0,165.0,168.0,172.2,183.0,199.0,inferred
Stockport,2021-08-19,116.0,127.0,135.0,138.0,141.0,146.0,150.5,155.0,161.0,164.0,167.0,178.0,193.0,inferred
Stockport,2021-08-20,101.0,113.0,121.0,124.0,127.0,131.0,135.0,140.0,145.0,148.0,151.0,159.0,174.0,inferred
Stockport,2021-08-21,83.0,94.0,101.0,104.0,106.0,111.0,114.0,118.0,122.0,125.0,128.0,136.0,148.0,inferred
Stockport,2021-08-22,90.0,99.0,107.0,109.0,112.0,117.0,122.0,126.0,131.0,133.0,136.0,145.0,160.0,inferred
Stockport,2021-08-23,130.0,143.0,150.0,154.0,157.0,162.6,168.0,173.4,179.0,182.0,186.0,197.0,212.5,inferred
Stockport,2021-08-24,124.0,136.0,144.0,148.0,151.0,156.0,161.0,166.0,172.0,175.0,179.0,188.0,202.0,inferred
Stockport,2021-08-25,127.0,138.9,148.0,151.0,154.0,160.0,165.0,170.0,176.0,179.0,183.0,192.0,207.0,inferred
Stockport,2021-08-26,124.0,136.0,144.0,146.0,149.0,154.0,160.0,166.0,170.0,174.2,177.0,186.1,200.5,inferred
Stockport,2021-08-27,110.0,121.0,129.0,132.0,135.0,140.0,145.0,149.0,155.0,157.0,161.0,169.0,182.0,inferred
Stockport,2021-08-28,92.0,101.0,108.0,110.0,114.0,118.0,123.0,126.0,131.0,134.0,137.0,145.1,158.0,inferred
Stockport,2021-08-29,98.5,109.0,116.0,119.0,121.0,127.0,131.0,135.0,141.0,143.2,147.0,156.0,169.0,inferred
Stockport,2021-08-30,143.0,158.0,167.0,171.0,174.0,180.0,186.0,191.0,196.3,200.0,204.0,215.0,231.0,inferred
Stockport,2021-08-31,135.0,149.0,157.8,160.0,164.0,170.0,175.0,180.0,186.0,190.0,194.0,204.0,222.0,inferred
Stockport,2021-09-01,139.0,152.0,160.0,163.0,165.7,172.0,177.0,183.0,189.0,192.0,196.0,205.1,222.0,inferred
Stockport,2021-09-02,134.0,146.0,154.0,157.0,161.0,166.0,172.0,177.0,183.0,186.0,190.2,200.0,215.0,inferred
Stockport,2021-09-03,119.0,129.0,138.0,141.0,143.0,148.0,152.0,157.0,162.3,165.0,169.0,180.0,194.0,inferred
Stockport,2021-09-04,96.0,106.0,113.0,116.0,119.0,124.0,128.0,132.0,138.0,140.0,144.0,151.0,164.0,inferred
Stockport,2021-09-05,101.0,113.0,120.0,123.0,126.0,131.0,136.0,140.0,146.0,149.0,152.0,160.0,174.0,inferred
Stockport,2021-09-06,148.5,161.0,171.0,174.0,177.0,182.0,188.0,193.0,199.0,203.0,207.0,218.1,233.5,inferred
Stockport,2021-09-07,138.0,149.0,159.0,162.0,165.0,171.0,177.0,182.0,188.0,191.0,194.0,205.0,222.0,inferred
Stockport,2021-09-08,137.0,149.0,158.0,161.0,164.0,171.0,175.0,180.4,185.0,188.0,192.0,202.0,217.5,inferred
Stockport,2021-09-09,128.0,141.0,149.0,152.0,154.7,160.0,165.0,171.0,176.0,179.0,183.0,193.0,210.0,inferred
Stockport,2021-09-10,107.5,119.0,128.0,131.0,133.0,139.0,143.0,147.0,152.0,155.0,159.0,167.1,182.0,inferred
Stockport,2021-09-11,86.0,96.9,103.0,106.0,109.0,113.0,117.0,122.0,126.0,129.0,132.0,140.0,153.0,inferred
Stockport,2021-09-12,91.0,100.0,107.0,109.0,112.0,117.0,121.0,125.0,131.0,134.0,136.0,144.0,159.0,inferred
Stockport,2021-09-13,128.0,140.0,149.0,153.0,156.0,161.0,166.0,170.0,175.0,179.0,182.0,193.0,208.0,inferred
Stockport,2021-09-14,123.5,134.0,142.0,146.0,148.0,153.0,158.0,163.0,168.3,172.0,176.0,187.0,204.0,inferred
Stockport,2021-09-15,131.0,143.0,151.0,154.0,157.0,163.0,169.0,173.4,179.0,181.0,185.0,194.0,208.0,inferred
Stockport,2021-09-16,135.0,148.9,158.0,161.0,164.0,170.0,174.0,179.0,184.0,187.0,191.0,201.0,218.0,inferred
Stockport,2021-09-17,127.5,139.0,148.0,152.0,155.0,160.0,165.0,171.0,176.3,180.0,183.2,192.0,208.5,inferred
Stockport,2021-09-18,109.0,123.0,130.0,133.0,136.0,141.0,146.0,150.0,155.0,158.0,162.0,170.0,183.0,inferred
Stockport,2021-09-19,125.0,137.0,145.0,148.0,151.0,156.0,162.0,167.0,173.0,176.0,179.0,188.0,204.5,inferred
Stockport,2021-09-20,189.0,206.0,217.0,221.0,225.0,231.0,237.0,243.0,250.0,254.0,258.0,269.0,288.5,inferred
Stockport,2021-09-21,183.5,198.0,209.0,213.0,216.0,224.0,229.0,235.0,243.0,247.0,250.0,262.0,279.0,inferred
Stockport,2021-09-22,187.0,202.0,213.0,216.0,220.0,227.0,233.0,240.0,246.0,250.0,254.0,265.0,282.0,inferred
Stockport,2021-09-23,181.0,196.0,205.0,208.8,212.0,220.0,226.0,232.0,238.0,242.0,246.0,257.1,275.0,inferred
Stockport,2021-09-24,160.0,174.0,183.0,187.0,190.0,196.0,201.0,206.0,213.0,216.0,220.0,228.0,246.0,inferred
Stockport,2021-09-25,129.0,141.0,150.0,153.0,156.0,162.0,168.0,173.0,178.0,181.0,185.0,195.0,210.0,inferred
Stockport,2021-09-26,139.0,154.0,162.0,166.0,169.0,176.0,180.0,186.0,191.0,195.0,199.0,209.0,224.0,inferred
Stockport,2021-09-27,201.0,219.0,229.0,233.0,237.0,245.0,251.0,258.0,265.0,269.0,274.0,285.0,302.0,inferred
Stockport,2021-09-28,192.0,208.0,218.0,222.8,226.0,232.0,238.0,244.0,250.3,254.0,259.0,270.0,290.0,inferred
Stockport,2021-09-29,199.0,213.0,224.0,228.0,231.0,238.0,243.0,250.0,256.0,260.0,264.0,275.0,293.5,inferred
Stockport,2021-09-30,192.5,208.0,218.0,222.0,225.0,231.0,237.0,243.0,249.0,253.0,257.0,269.0,285.5,inferred
Stockport,2021-10-01,175.0,187.0,196.0,200.0,204.0,210.0,216.0,221.0,227.0,230.2,234.0,246.0,260.5,inferred
Stockport,2021-10-02,146.0,157.0,166.0,169.0,173.0,177.6,183.0,188.0,193.3,197.0,201.0,211.0,228.0,inferred
Stockport,2021-10-03,154.5,171.0,179.0,183.0,186.0,192.0,197.0,203.0,210.0,213.2,217.2,228.0,246.0,inferred
Stockport,2021-10-04,228.5,245.9,256.0,260.0,263.7,271.0,278.0,285.0,292.0,296.0,301.0,315.0,335.0,inferred
Stockport,2021-10-05,217.0,232.0,244.0,249.0,253.0,260.0,267.0,274.0,280.0,285.0,290.0,303.0,322.5,inferred
Stockport,2021-10-06,223.5,237.0,247.0,252.0,256.0,263.0,269.0,276.0,283.0,287.0,291.0,304.1,323.5,inferred
Stockport,2021-10-07,214.5,229.0,238.0,243.0,246.0,254.0,261.0,268.0,274.0,278.0,283.0,294.0,314.0,inferred
Stockport,2021-10-08,185.0,202.0,213.0,217.0,220.0,226.0,232.0,239.0,244.0,248.0,252.0,263.0,281.0,inferred
Stockport,2021-10-09,154.5,169.0,177.0,181.0,184.0,189.0,195.0,200.0,206.0,209.0,213.0,223.0,239.0,inferred
Stockport,2021-10-10,162.5,178.0,188.0,192.0,195.7,200.0,206.0,212.0,218.0,222.0,226.0,236.0,253.0,inferred
Stockport,2021-10-11,236.0,252.0,264.0,268.0,273.0,280.0,288.0,294.0,301.0,307.0,311.2,325.0,342.5,inferred
Stockport,2021-10-12,219.0,233.0,245.0,250.0,254.0,261.0,268.0,274.0,281.0,285.0,290.0,303.0,325.0,inferred
Stockport,2021-10-13,210.0,228.0,240.0,243.0,247.0,254.0,261.0,267.0,275.0,278.0,282.0,296.0,316.0,inferred
Stockport,2021-10-14,196.5,213.0,223.0,226.0,229.0,235.0,242.0,249.0,256.3,261.0,264.0,276.0,295.0,inferred
Stockport,2021-10-15,161.0,176.0,187.0,192.0,195.0,201.0,208.0,214.0,220.0,225.0,229.0,241.0,263.0,inferred
Stockton-on-Tees,2021-07-03,75.0,86.0,93.0,95.0,98.0,103.0,107.0,112.0,117.0,120.0,124.0,134.0,147.0,inferred
Stockton-on-Tees,2021-07-04,90.0,102.0,110.0,113.0,115.0,120.0,124.0,128.0,134.0,137.0,140.2,150.0,168.0,inferred
Stockton-on-Tees,2021-07-05,146.0,160.0,170.0,174.0,177.0,182.0,187.0,192.0,199.0,203.0,207.0,219.0,234.0,inferred
Stockton-on-Tees,2021-07-06,152.0,166.0,174.0,178.0,181.0,187.0,192.0,198.0,204.0,207.2,211.0,221.1,236.0,inferred
Stockton-on-Tees,2021-07-07,169.5,185.9,194.0,197.0,200.0,206.0,212.0,217.0,223.0,227.0,231.0,241.0,257.0,inferred
Stockton-on-Tees,2021-07-08,184.0,199.0,207.0,210.0,214.0,220.0,225.0,231.0,238.0,241.0,245.0,256.0,271.0,inferred
Stockton-on-Tees,2021-07-09,189.0,201.0,211.0,215.0,218.0,225.0,231.0,236.0,242.0,246.0,249.0,259.0,277.5,inferred
Stockton-on-Tees,2021-07-10,175.0,188.0,197.0,202.0,205.0,210.0,215.0,220.0,226.0,229.2,234.0,243.0,258.0,inferred
Stockton-on-Tees,2021-07-11,207.5,223.0,232.0,236.0,240.0,246.0,253.0,259.0,265.0,269.0,273.0,286.0,302.5,inferred
Stockton-on-Tees,2021-07-12,324.0,343.0,357.0,362.0,366.0,374.0,382.0,390.0,398.0,403.0,408.2,424.0,447.0,inferred
Stockton-on-Tees,2021-07-13,314.0,336.0,348.0,353.0,356.7,364.0,371.0,379.0,388.0,392.0,397.0,411.1,432.0,inferred
Stockton-on-Tees,2021-07-14,306.5,327.0,341.0,346.8,351.0,358.0,365.5,373.0,380.3,385.0,391.0,404.0,424.0,inferred
Stockton-on-Tees,2021-07-15,281.0,301.0,313.0,317.0,320.0,328.0,335.0,342.0,349.0,353.0,359.0,372.0,394.5,inferred
Stockton-on-Tees,2021-07-16,244.0,260.0,271.0,275.0,279.0,285.0,292.0,299.0,306.0,310.0,315.0,326.0,346.0,inferred
Stockton-on-Tees,2021-07-17,193.0,207.0,217.0,220.0,223.0,229.0,235.0,241.0,247.0,250.0,255.0,265.0,282.0,inferred
Stockton-on-Tees,2021-07-18,194.5,209.0,218.0,222.0,225.0,232.0,237.0,243.0,249.0,252.0,257.0,268.0,287.0,inferred
Stockton-on-Tees,2021-07-19,263.0,279.0,291.0,295.0,299.0,306.0,312.0,319.0,327.0,330.0,336.0,347.0,367.0,inferred
Stockton-on-Tees,2021-07-20,226.0,243.0,252.0,256.0,260.0,267.0,273.0,279.0,286.0,291.0,296.0,307.0,323.5,inferred
Stockton-on-Tees,2021-07-21,204.0,220.0,229.0,233.0,236.0,243.0,250.0,255.4,262.0,265.0,269.0,281.0,298.5,inferred
Stockton-on-Tees,2021-07-22,173.0,186.0,195.0,198.0,201.0,207.0,213.0,219.0,225.0,228.2,232.0,244.0,257.0,inferred
Stockton-on-Tees,2021-07-23,138.5,151.0,160.0,162.0,165.0,170.0,174.0,179.0,184.0,188.0,192.0,201.0,215.5,inferred
Stockton-on-Tees,2021-07-24,101.0,111.0,118.0,121.0,123.0,127.0,132.0,136.0,139.0,142.0,145.0,154.0,168.5,inferred
Stockton-on-Tees,2021-07-25,93.0,104.0,111.0,114.0,116.0,120.0,125.0,129.0,134.0,137.0,140.0,148.0,159.5,inferred
Stockton-on-Tees,2021-07-26,122.0,133.0,141.0,144.0,146.0,152.0,156.0,161.0,166.0,169.0,172.0,182.0,198.5,inferred
Stockton-on-Tees,2021-07-27,103.0,114.0,121.0,124.0,126.0,131.0,135.0,140.0,145.0,148.0,151.0,160.0,172.0,inferred
Stockton-on-Tees,2021-07-28,99.5,110.0,116.0,118.0,120.0,124.0,129.0,133.0,138.0,141.0,144.0,151.0,165.0,inferred
Stockton-on-Tees,2021-07-29,90.0,100.0,108.0,110.0,113.0,117.0,121.0,124.0,128.0,131.0,133.0,141.0,153.0,inferred
Stockton-on-Tees,2021-07-30,78.0,86.0,92.0,95.0,97.0,101.0,104.0,108.0,113.0,116.0,118.2,126.0,137.0,inferred
Stockton-on-Tees,2021-07-31,62.0,69.0,74.0,76.0,78.0,82.0,85.0,89.0,92.0,94.0,97.0,103.1,113.5,inferred
Stockton-on-Tees,2021-08-01,63.0,71.0,76.0,78.0,80.0,84.0,87.0,90.0,94.0,97.0,99.0,105.0,117.0,inferred
Stockton-on-Tees,2021-08-02,84.0,96.0,103.0,106.0,108.0,112.0,116.0,120.0,125.0,127.0,130.0,138.0,151.0,inferred
Stockton-on-Tees,2021-08-03,78.0,87.0,93.0,95.0,97.0,101.0,105.0,109.0,113.0,116.0,119.0,126.0,138.0,inferred
Stockton-on-Tees,2021-08-04,77.0,84.0,90.0,93.0,95.0,99.0,102.0,106.0,111.0,113.0,116.0,123.0,135.5,inferred
Stockton-on-Tees,2021-08-05,69.0,78.0,84.0,86.0,88.0,92.0,96.0,99.0,103.0,105.0,107.0,116.0,127.0,inferred
Stockton-on-Tees,2021-08-06,60.0,69.0,74.0,76.0,78.0,82.0,84.0,88.0,92.0,95.0,97.0,105.0,114.0,inferred
Stockton-on-Tees,2021-08-07,47.0,54.0,60.0,61.0,63.0,66.0,70.0,73.4,77.0,79.0,81.0,87.0,97.0,inferred
Stockton-on-Tees,2021-08-08,51.0,57.0,62.0,64.0,66.0,69.0,73.0,76.0,79.0,81.0,84.0,89.0,101.0,inferred
Stockton-on-Tees,2021-08-09,68.0,78.0,85.0,88.0,91.0,94.0,98.0,102.0,106.0,109.0,112.0,119.0,131.0,inferred
Stockton-on-Tees,2021-08-10,62.0,71.0,77.0,80.0,82.0,86.0,90.0,93.0,97.0,99.2,102.0,110.0,121.0,inferred
Stockton-on-Tees,2021-08-11,64.0,72.0,77.0,80.0,82.0,86.0,89.0,93.0,97.0,99.0,101.0,107.0,117.0,inferred
Stockton-on-Tees,2021-08-12,59.0,68.0,73.0,75.0,77.0,80.0,84.0,87.0,91.0,93.0,95.0,103.0,113.0,inferred
Stockton-on-Tees,2021-08-13,53.0,61.0,66.0,68.0,70.0,73.0,76.0,80.0,83.0,86.0,88.0,93.0,102.0,inferred
Stockton-on-Tees,2021-08-14,41.0,48.0,53.0,55.0,57.0,60.0,63.0,66.0,69.0,71.0,73.0,79.0,88.0,inferred
Stockton-on-Tees,2021-08-15,44.0,51.0,56.0,58.0,59.0,62.0,65.0,68.0,72.0,74.0,76.0,82.0,90.0,inferred
Stockton-on-Tees,2021-08-16,63.0,71.0,78.0,80.0,83.0,87.0,90.0,94.0,98.0,100.0,102.0,108.0,121.0,inferred
Stockton-on-Tees,2021-08-17,60.0,68.0,75.0,76.0,78.0,82.0,85.0,88.0,92.0,94.0,97.0,104.0,115.0,inferred
Stockton-on-Tees,2021-08-18,62.0,70.0,75.0,78.0,79.7,83.0,87.0,91.0,95.0,96.2,99.0,106.0,116.0,inferred
Stockton-on-Tees,2021-08-19,62.0,70.0,75.8,78.0,79.0,82.0,86.0,90.0,94.0,96.0,98.0,104.0,113.0,inferred
Stockton-on-Tees,2021-08-20,58.0,66.0,71.0,73.0,75.0,79.0,82.0,85.0,89.0,91.0,93.0,99.0,110.5,inferred
Stockton-on-Tees,2021-08-21,49.0,56.0,61.0,64.0,66.0,68.0,71.0,74.0,77.0,79.0,82.0,87.0,97.0,inferred
Stockton-on-Tees,2021-08-22,54.0,60.0,66.0,68.0,70.0,73.0,77.0,81.0,84.0,87.0,88.0,95.0,104.5,inferred
Stockton-on-Tees,2021-08-23,80.0,89.0,95.0,98.0,100.0,104.0,109.0,113.0,117.0,120.0,123.0,131.0,144.0,inferred
Stockton-on-Tees,2021-08-24,74.0,85.0,91.0,94.0,96.0,100.0,104.0,108.0,112.0,114.0,116.0,124.0,137.0,inferred
Stockton-on-Tees,2021-08-25,78.5,87.0,94.0,96.0,97.0,101.0,105.0,109.0,113.0,116.0,118.0,125.1,136.5,inferred
Stockton-on-Tees,2021-08-26,76.0,83.0,89.0,91.0,93.0,97.0,101.0,105.0,110.0,112.0,114.0,121.0,132.0,inferred
Stockton-on-Tees,2021-08-27,68.0,76.0,82.0,85.0,87.0,90.0,94.0,98.0,101.0,104.0,107.0,112.0,123.0,inferred
Stockton-on-Tees,2021-08-28,57.0,65.0,70.0,72.0,74.0,77.0,81.0,84.0,87.0,89.0,92.0,98.0,109.0,inferred
Stockton-on-Tees,2021-08-29,61.0,69.9,75.0,77.0,79.0,82.0,86.0,89.0,93.0,95.0,98.0,104.0,113.0,inferred
Stockton-on-Tees,2021-08-30,89.0,99.0,106.0,109.0,111.0,116.0,120.0,125.0,129.0,132.0,135.0,144.0,158.0,inferred
Stockton-on-Tees,2021-08-31,84.0,95.0,102.0,104.0,107.0,111.0,115.0,120.0,124.0,127.0,130.0,138.0,151.0,inferred
Stockton-on-Tees,2021-09-01,88.0,96.0,103.0,105.0,108.0,112.0,116.0,120.0,124.3,127.0,130.0,138.0,150.0,inferred
Stockton-on-Tees,2021-09-02,84.0,94.0,100.0,102.0,105.0,109.0,113.0,118.0,122.0,124.0,127.0,133.0,145.0,inferred
Stockton-on-Tees,2021-09-03,78.0,86.0,92.0,95.0,96.0,100.0,104.0,107.0,112.0,115.0,117.0,125.0,137.0,inferred
Stockton-on-Tees,2021-09-04,64.0,72.0,77.0,80.0,81.0,85.0,88.0,92.0,95.0,97.2,99.0,106.0,115.5,inferred
Stockton-on-Tees,2021-09-05,68.5,77.0,82.0,84.0,86.0,91.0,94.0,98.0,102.0,104.0,107.0,114.0,123.5,inferred
Stockton-on-Tees,2021-09-06,99.0,110.0,117.0,119.0,122.0,126.0,131.0,136.0,140.0,144.0,146.0,154.0,166.0,inferred
Stockton-on-Tees,2021-09-07,88.0,99.0,107.0,109.0,112.0,116.0,120.0,125.0,129.0,132.0,135.0,143.0,156.0,inferred
Stockton-on-Tees,2021-09-08,82.0,94.9,101.0,103.0,106.0,110.0,113.5,118.0,123.0,125.0,129.0,136.0,149.0,inferred
Stockton-on-Tees,2021-09-09,74.0,84.9,91.0,93.0,95.0,99.0,103.0,106.0,111.0,113.0,115.0,123.0,135.5,inferred
Stockton-on-Tees,2021-09-10,65.0,73.0,78.0,81.0,82.0,86.0,90.0,93.0,96.0,98.0,101.0,107.0,117.5,inferred
Stockton-on-Tees,2021-09-11,48.0,56.0,61.0,63.0,65.0,68.0,71.0,74.0,78.0,80.0,82.0,87.0,97.0,inferred
Stockton-on-Tees,2021-09-12,49.0,56.0,61.0,63.0,64.0,67.0,70.0,73.0,77.0,78.0,80.0,87.0,96.0,inferred
Stockton-on-Tees,2021-09-13,65.0,75.0,80.0,83.0,85.0,88.0,93.0,97.0,101.0,103.0,106.0,113.0,123.0,inferred
Stockton-on-Tees,2021-09-14,61.0,69.0,75.0,77.0,79.0,82.0,85.0,89.0,93.0,95.0,97.0,105.0,114.0,inferred
Stockton-on-Tees,2021-09-15,62.0,70.0,75.0,77.8,80.0,84.0,87.0,90.0,93.0,95.0,98.0,105.0,115.0,inferred
Stockton-on-Tees,2021-09-16,60.0,68.0,73.0,75.0,77.0,81.0,84.0,88.0,92.0,94.0,97.0,102.0,113.5,inferred
Stockton-on-Tees,2021-09-17,56.0,63.0,69.0,71.0,73.0,76.0,79.0,83.0,86.0,88.0,91.0,97.0,108.0,inferred
Stockton-on-Tees,2021-09-18,46.0,52.0,57.8,59.0,61.0,64.0,67.0,70.0,74.0,75.0,78.0,83.1,95.0,inferred
Stockton-on-Tees,2021-09-19,51.0,58.0,63.0,65.0,67.0,70.0,73.0,76.0,80.0,81.0,84.0,91.0,100.0,inferred
Stockton-on-Tees,2021-09-20,75.0,84.0,90.0,92.0,95.0,99.0,103.0,106.0,111.0,113.0,116.0,123.0,135.5,inferred
Stockton-on-Tees,2021-09-21,69.0,78.0,85.0,87.0,89.0,93.0,97.0,100.0,105.0,107.0,109.0,116.0,128.0,inferred
Stockton-on-Tees,2021-09-22,68.0,77.0,83.0,85.0,87.0,91.0,95.0,99.0,102.0,104.2,108.0,115.0,126.0,inferred
Stockton-on-Tees,2021-09-23,63.0,72.0,77.0,79.0,82.0,85.0,88.0,92.0,96.0,98.0,100.0,108.0,120.0,inferred
Stockton-on-Tees,2021-09-24,56.5,63.0,69.0,71.0,73.0,77.0,80.0,84.0,87.0,89.0,92.0,97.0,107.0,inferred
Stockton-on-Tees,2021-09-25,44.0,51.0,56.0,58.0,60.0,63.0,66.0,69.0,72.0,74.0,76.0,81.0,90.0,inferred
Stockton-on-Tees,2021-09-26,46.0,53.0,58.0,59.0,61.0,64.0,67.0,70.0,74.0,76.0,78.0,84.0,93.5,inferred
Stockton-on-Tees,2021-09-27,68.0,74.0,80.0,82.0,85.0,89.0,92.0,96.0,100.0,102.0,104.0,112.0,123.0,inferred
Stockton-on-Tees,2021-09-28,60.0,68.0,74.0,76.0,78.0,82.0,85.0,89.0,93.0,95.0,98.0,104.1,116.0,inferred
Stockton-on-Tees,2021-09-29,62.0,70.0,75.0,78.0,79.0,83.0,87.0,90.0,94.0,96.0,99.0,105.0,117.0,inferred
Stockton-on-Tees,2021-09-30,60.0,68.0,74.0,76.0,78.0,82.0,85.5,89.0,93.0,95.0,97.0,104.0,114.5,inferred
Stockton-on-Tees,2021-10-01,56.5,63.0,68.0,70.0,72.0,76.0,80.0,83.0,86.0,88.0,91.0,97.0,108.0,inferred
Stockton-on-Tees,2021-10-02,46.0,53.0,58.0,60.0,62.0,65.0,68.0,70.0,74.0,76.0,79.0,85.0,94.0,inferred
Stockton-on-Tees,2021-10-03,51.0,57.9,63.0,65.0,67.0,70.0,73.0,77.0,80.0,82.0,84.0,90.0,99.0,inferred
Stockton-on-Tees,2021-10-04,72.5,84.0,91.0,93.0,96.0,100.0,104.0,108.0,113.0,115.0,117.0,124.0,136.0,inferred
Stockton-on-Tees,2021-10-05,72.0,82.0,88.0,91.0,93.0,97.0,101.0,105.0,109.0,111.0,114.0,122.0,133.0,inferred
Stockton-on-Tees,2021-10-06,77.0,85.0,92.0,94.0,96.0,101.0,105.0,109.0,113.3,116.0,119.0,125.0,138.0,inferred
Stockton-on-Tees,2021-10-07,77.0,85.0,91.0,93.0,95.0,100.0,104.0,108.0,112.0,114.0,117.0,124.0,134.0,inferred
Stockton-on-Tees,2021-10-08,73.0,81.0,87.0,90.0,91.0,96.0,100.0,103.0,107.0,110.0,112.0,119.0,131.0,inferred
Stockton-on-Tees,2021-10-09,63.0,71.0,76.0,78.0,81.0,84.0,87.0,91.0,95.0,97.0,99.0,105.0,116.5,inferred
Stockton-on-Tees,2021-10-10,69.0,77.0,83.0,85.0,87.0,91.0,95.0,99.0,103.0,106.0,108.0,116.0,126.0,inferred
Stockton-on-Tees,2021-10-11,104.0,114.0,121.0,123.0,126.0,131.0,136.0,141.0,146.0,149.0,152.0,162.0,175.5,inferred
Stockton-on-Tees,2021-10-12,96.0,107.0,114.0,117.0,119.0,125.0,129.0,134.0,138.0,141.0,144.2,152.1,166.0,inferred
Stockton-on-Tees,2021-10-13,94.0,104.0,112.8,116.0,118.0,122.0,127.0,131.0,135.0,138.0,141.0,148.0,162.5,inferred
Stockton-on-Tees,2021-10-14,85.0,96.0,103.0,106.0,108.0,112.0,116.0,121.0,125.0,128.0,131.0,139.0,151.0,inferred
Stockton-on-Tees,2021-10-15,75.0,84.0,91.0,94.0,96.0,100.0,104.0,108.0,113.0,115.0,119.0,127.0,141.0,inferred
Stoke-on-Trent,2021-07-03,76.0,85.0,92.0,95.0,97.0,101.0,106.0,110.0,115.0,118.0,121.2,130.0,141.5,inferred
Stoke-on-Trent,2021-07-04,91.0,100.0,108.0,111.0,113.0,117.0,122.0,126.0,131.0,133.0,136.0,145.0,157.0,inferred
Stoke-on-Trent,2021-07-05,137.0,149.0,158.0,161.0,164.0,169.0,174.0,180.0,185.0,188.0,192.0,200.0,214.0,inferred
Stoke-on-Trent,2021-07-06,139.5,151.0,158.0,161.0,163.0,168.0,173.0,178.0,184.0,187.0,191.0,200.0,215.5,inferred
Stoke-on-Trent,2021-07-07,146.0,159.0,167.0,170.0,173.0,179.0,184.0,189.0,195.0,198.0,201.0,212.0,227.0,inferred
Stoke-on-Trent,2021-07-08,153.0,165.0,173.0,176.0,180.0,185.0,190.0,195.0,201.0,203.0,207.0,216.0,232.0,inferred
Stoke-on-Trent,2021-07-09,145.0,157.9,165.0,168.0,171.0,177.0,181.0,187.0,192.0,195.0,198.0,208.0,222.0,inferred
Stoke-on-Trent,2021-07-10,129.0,142.0,150.0,153.0,155.7,161.0,166.0,170.0,176.0,179.0,182.0,190.0,205.0,inferred
Stoke-on-Trent,2021-07-11,149.5,161.0,170.0,173.0,176.0,181.0,187.0,191.0,198.0,201.0,205.0,213.0,228.0,inferred
Stoke-on-Trent,2021-07-12,220.0,236.0,248.0,251.0,255.0,262.0,269.0,275.0,281.0,285.0,290.0,301.0,317.0,inferred
Stoke-on-Trent,2021-07-13,210.0,224.9,235.0,239.0,243.0,249.0,255.0,262.0,268.0,273.0,277.0,289.0,306.0,inferred
Stoke-on-Trent,2021-07-14,199.0,215.0,225.0,229.0,233.0,239.0,246.0,251.0,258.0,262.0,267.0,278.0,292.5,inferred
Stoke-on-Trent,2021-07-15,183.0,197.0,206.0,210.0,214.0,219.0,225.0,231.0,237.0,240.2,244.0,255.0,269.0,inferred
Stoke-on-Trent,2021-07-16,152.0,165.0,173.0,177.0,180.0,185.0,191.0,195.4,201.0,205.0,208.0,218.0,234.0,inferred
Stoke-on-Trent,2021-07-17,119.5,129.0,137.0,140.8,143.0,148.0,153.0,158.0,163.0,166.0,169.0,176.0,190.0,inferred
Stoke-on-Trent,2021-07-18,118.5,131.0,138.0,141.0,144.0,149.0,153.5,158.0,163.0,166.0,169.0,178.0,192.0,inferred
Stoke-on-Trent,2021-07-19,154.0,169.0,178.0,182.0,185.0,192.0,196.0,202.0,208.0,211.0,215.0,225.1,240.5,inferred
Stoke-on-Trent,2021-07-20,135.0,146.0,155.0,157.0,160.0,166.0,172.0,177.0,182.0,185.0,188.0,198.0,210.5,inferred
Stoke-on-Trent,2021-07-21,121.0,133.0,141.0,144.0,147.0,152.0,157.0,162.0,167.0,170.0,173.0,183.0,199.0,inferred
Stoke-on-Trent,2021-07-22,104.5,115.9,123.0,126.0,128.0,133.0,138.0,143.0,148.0,151.0,154.0,162.1,175.5,inferred
Stoke-on-Trent,2021-07-23,82.0,92.0,99.0,101.0,104.0,109.0,113.0,117.0,122.0,124.0,127.0,135.0,148.0,inferred
Stoke-on-Trent,2021-07-24,63.0,70.0,75.0,78.0,80.0,84.0,87.0,91.0,94.3,97.0,100.0,106.0,115.5,inferred
Stoke-on-Trent,2021-07-25,59.0,68.0,73.0,75.0,76.0,80.0,84.0,88.0,92.0,94.0,96.0,102.0,113.0,inferred
Stoke-on-Trent,2021-07-26,75.0,84.0,90.0,92.0,95.0,99.0,103.0,107.0,111.0,114.0,117.0,125.1,138.0,inferred
Stoke-on-Trent,2021-07-27,66.0,75.0,82.0,84.0,87.0,90.0,94.5,98.0,102.0,104.2,107.0,114.0,123.5,inferred
Stoke-on-Trent,2021-07-28,66.0,74.0,81.0,83.0,85.0,89.0,92.0,96.0,100.0,102.0,105.0,112.0,124.0,inferred
Stoke-on-Trent,2021-07-29,65.0,73.0,78.0,80.0,82.0,86.0,90.0,94.0,98.0,100.0,103.0,110.0,121.0,inferred
Stoke-on-Trent,2021-07-30,57.5,65.0,71.0,74.0,75.0,79.0,82.0,86.0,89.0,91.0,94.0,101.0,113.0,inferred
Stoke-on-Trent,2021-07-31,48.0,55.0,60.0,62.8,64.0,67.0,71.0,75.0,78.0,80.0,82.0,88.0,97.0,inferred
Stoke-on-Trent,2021-08-01,53.0,61.0,66.0,68.0,70.0,73.0,77.0,80.0,83.0,85.0,88.0,94.0,105.0,inferred
Stoke-on-Trent,2021-08-02,77.0,86.0,93.0,95.0,97.0,101.0,105.0,110.0,114.0,116.0,119.0,126.0,139.5,inferred
Stoke-on-Trent,2021-08-03,74.0,82.0,88.0,91.0,93.0,98.0,102.0,106.0,110.0,112.0,115.0,123.0,135.0,inferred
Stoke-on-Trent,2021-08-04,76.0,85.0,92.0,95.0,97.0,101.0,105.0,109.0,113.0,115.0,117.0,125.0,136.0,inferred
Stoke-on-Trent,2021-08-05,77.0,86.0,92.0,95.0,97.0,101.0,105.0,109.0,113.0,116.0,118.0,125.0,139.0,inferred
Stoke-on-Trent,2021-08-06,69.0,79.0,85.0,87.0,89.0,93.0,98.0,101.0,104.0,107.0,110.0,117.0,129.0,inferred
Stoke-on-Trent,2021-08-07,61.0,69.0,75.0,76.0,78.0,82.0,84.5,88.0,92.0,94.0,97.0,103.0,112.5,inferred
Stoke-on-Trent,2021-08-08,67.0,74.0,81.0,83.0,85.0,89.0,93.0,97.0,100.0,102.0,105.0,112.0,121.0,inferred
Stoke-on-Trent,2021-08-09,96.0,106.0,114.0,117.0,120.0,124.0,129.0,133.0,138.0,141.0,144.0,151.0,165.0,inferred
Stoke-on-Trent,2021-08-10,92.0,103.0,110.0,113.0,115.0,119.0,124.0,129.0,133.0,136.0,140.0,148.0,162.0,inferred
Stoke-on-Trent,2021-08-11,94.0,106.0,113.0,115.0,117.0,121.6,126.0,130.0,135.0,138.0,141.0,149.0,163.0,inferred
Stoke-on-Trent,2021-08-12,93.0,103.0,109.0,112.0,115.0,119.0,123.0,127.0,132.0,135.0,137.0,145.0,157.0,inferred
Stoke-on-Trent,2021-08-13,83.0,92.0,99.0,101.0,104.0,108.0,112.0,116.0,120.0,122.0,125.0,132.0,145.0,inferred
Stoke-on-Trent,2021-08-14,71.0,79.0,85.0,87.0,89.0,94.0,97.0,100.0,104.0,107.0,109.2,116.0,127.5,inferred
Stoke-on-Trent,2021-08-15,75.5,85.0,91.0,94.0,96.0,100.0,104.0,107.0,111.0,113.0,116.0,124.0,136.0,inferred
Stoke-on-Trent,2021-08-16,108.0,118.0,127.0,130.0,132.0,137.0,142.0,147.0,151.0,154.0,157.2,166.0,178.0,inferred
Stoke-on-Trent,2021-08-17,103.0,113.0,120.0,124.0,126.0,131.0,135.0,140.0,146.0,149.0,152.0,160.0,174.0,inferred
Stoke-on-Trent,2021-08-18,104.0,115.0,122.0,125.0,128.0,132.0,137.0,141.0,147.0,150.0,153.0,160.0,172.0,inferred
Stoke-on-Trent,2021-08-19,102.0,112.0,119.0,121.0,124.0,129.0,133.0,138.0,143.0,145.0,148.0,157.0,168.5,inferred
Stoke-on-Trent,2021-08-20,90.0,101.0,108.0,110.0,112.0,116.0,121.0,125.0,129.0,132.0,135.0,143.0,157.0,inferred
Stoke-on-Trent,2021-08-21,75.0,85.0,91.0,93.0,95.0,99.0,103.0,107.0,111.0,114.0,116.0,123.0,135.0,inferred
Stoke-on-Trent,2021-08-22,84.0,93.0,99.0,101.0,104.0,108.0,112.0,116.0,120.0,123.0,125.2,133.0,144.0,inferred
Stoke-on-Trent,2021-08-23,117.0,128.0,136.0,139.0,142.0,147.0,151.0,156.0,162.0,165.0,167.0,177.0,189.0,inferred
Stoke-on-Trent,2021-08-24,110.0,123.0,130.0,133.0,135.0,140.0,146.0,150.0,155.0,158.0,161.2,170.0,184.0,inferred
Stoke-on-Trent,2021-08-25,114.0,125.0,133.0,136.0,138.0,143.0,148.0,153.0,158.0,161.0,164.0,172.0,187.5,inferred
Stoke-on-Trent,2021-08-26,113.0,123.0,131.0,133.0,136.0,141.0,145.0,150.0,155.0,158.0,161.0,170.0,183.5,inferred
Stoke-on-Trent,2021-08-27,100.0,111.9,118.8,121.0,124.0,128.0,133.0,137.0,142.0,144.0,147.2,156.0,169.0,inferred
Stoke-on-Trent,2021-08-28,83.0,94.0,101.0,104.0,106.0,109.0,114.0,119.0,123.0,125.0,128.0,135.0,148.0,inferred
Stoke-on-Trent,2021-08-29,91.5,103.9,111.0,113.8,116.0,121.0,125.0,129.0,133.0,135.0,138.0,145.0,158.0,inferred
Stoke-on-Trent,2021-08-30,132.0,144.0,153.0,157.0,160.0,165.0,170.0,175.0,181.0,184.0,187.0,197.0,213.0,inferred
Stoke-on-Trent,2021-08-31,127.0,137.0,145.0,148.0,151.0,157.0,162.0,167.0,172.0,176.0,179.0,189.0,204.0,inferred
Stoke-on-Trent,2021-09-01,127.0,138.0,146.0,149.0,152.0,157.0,162.0,167.0,172.0,175.0,179.0,188.0,202.0,inferred
Stoke-on-Trent,2021-09-02,121.5,132.0,140.0,143.0,146.0,150.0,155.0,160.0,165.3,169.0,171.0,182.0,194.5,inferred
Stoke-on-Trent,2021-09-03,106.0,117.0,125.0,127.0,130.0,135.0,139.0,144.0,149.0,152.0,155.0,163.0,178.0,inferred
Stoke-on-Trent,2021-09-04,88.0,98.0,105.0,107.0,110.0,114.0,118.0,122.0,126.0,129.0,132.0,140.0,150.0,inferred
Stoke-on-Trent,2021-09-05,92.5,104.0,111.0,113.0,116.0,121.0,124.0,128.0,132.0,135.0,139.0,147.0,158.0,inferred
Stoke-on-Trent,2021-09-06,131.0,144.0,151.0,154.0,156.0,162.0,167.0,172.0,178.0,181.0,185.0,195.0,210.0,inferred
Stoke-on-Trent,2021-09-07,118.0,132.0,141.0,144.0,146.0,151.0,157.0,162.0,166.0,169.2,172.2,181.0,194.0,inferred
Stoke-on-Trent,2021-09-08,115.5,129.0,137.0,140.0,142.0,146.0,151.0,156.0,161.0,164.0,167.0,175.1,190.0,inferred
Stoke-on-Trent,2021-09-09,108.0,121.0,127.0,130.0,133.0,138.0,143.0,148.0,153.0,156.0,160.0,168.0,179.5,inferred
Stoke-on-Trent,2021-09-10,95.0,105.0,112.0,115.0,117.0,121.0,125.0,130.0,135.0,138.0,140.2,149.0,161.0,inferred
Stoke-on-Trent,2021-09-11,76.0,86.0,93.0,95.0,97.0,101.0,104.0,109.0,113.0,116.0,118.0,125.0,136.0,inferred
Stoke-on-Trent,2021-09-12,81.0,90.0,96.0,98.0,100.0,104.0,108.0,112.0,117.0,120.0,123.0,129.0,142.0,inferred
Stoke-on-Trent,2021-09-13,108.0,120.0,127.0,131.0,134.0,139.0,144.0,149.0,154.0,156.0,159.0,168.0,182.0,inferred
Stoke-on-Trent,2021-09-14,104.5,114.0,121.0,124.0,127.0,130.0,135.0,140.0,145.0,147.0,151.0,158.0,171.0,inferred
Stoke-on-Trent,2021-09-15,105.0,116.0,123.0,126.0,129.0,133.0,138.0,143.0,147.0,150.0,154.0,162.0,176.0,inferred
Stoke-on-Trent,2021-09-16,104.0,114.0,122.0,124.0,126.0,131.0,136.0,140.0,145.0,148.0,151.0,160.0,174.0,inferred
Stoke-on-Trent,2021-09-17,93.5,105.0,111.0,114.0,117.0,122.0,126.0,130.0,135.0,138.0,141.0,148.0,161.0,inferred
Stoke-on-Trent,2021-09-18,81.0,91.0,96.0,99.0,101.0,105.0,109.0,113.0,117.0,120.0,123.0,130.0,142.0,inferred
Stoke-on-Trent,2021-09-19,88.5,99.0,106.0,109.0,112.0,116.0,120.0,123.0,128.0,131.0,134.0,143.0,155.0,inferred
Stoke-on-Trent,2021-09-20,128.0,139.0,148.0,152.0,154.0,160.0,165.0,170.0,175.0,178.0,182.0,190.0,208.5,inferred
Stoke-on-Trent,2021-09-21,120.0,134.0,142.0,145.0,147.0,152.0,157.0,162.0,167.0,171.0,174.0,184.1,200.5,inferred
Stoke-on-Trent,2021-09-22,121.0,134.0,141.0,143.0,146.0,152.0,156.0,162.0,167.0,170.0,173.0,182.0,195.0,inferred
Stoke-on-Trent,2021-09-23,116.0,127.0,134.0,137.0,140.0,145.0,150.0,155.0,161.0,164.0,167.0,175.0,189.0,inferred
Stoke-on-Trent,2021-09-24,100.0,111.0,119.0,122.0,124.0,129.0,133.0,138.0,143.0,145.2,149.0,156.0,169.0,inferred
Stoke-on-Trent,2021-09-25,85.0,92.0,99.0,101.0,104.0,108.0,112.0,116.0,120.0,123.0,126.0,134.0,145.5,inferred
Stoke-on-Trent,2021-09-26,88.0,98.0,105.0,108.0,111.0,115.0,120.0,124.0,128.0,132.0,134.0,141.0,154.0,inferred
Stoke-on-Trent,2021-09-27,122.0,134.0,142.0,145.0,149.0,153.0,158.0,163.0,169.0,172.0,176.0,185.0,199.0,inferred
Stoke-on-Trent,2021-09-28,119.0,130.0,138.0,141.0,143.0,148.0,153.0,158.0,163.0,166.0,169.0,179.0,193.5,inferred
Stoke-on-Trent,2021-09-29,122.0,133.9,141.0,144.0,147.0,153.0,158.0,163.0,168.0,171.0,175.0,185.0,199.5,inferred
Stoke-on-Trent,2021-09-30,123.0,134.0,142.0,145.0,148.0,153.0,158.0,163.0,167.0,170.0,174.0,185.0,197.5,inferred
Stoke-on-Trent,2021-10-01,115.0,125.9,133.0,136.8,139.0,144.0,149.0,153.0,157.0,160.0,163.0,172.0,185.5,inferred
Stoke-on-Trent,2021-10-02,100.0,110.0,116.0,119.0,121.0,126.0,130.0,135.0,140.0,142.0,146.0,155.0,167.0,inferred
Stoke-on-Trent,2021-10-03,110.0,121.0,128.0,131.0,133.0,138.0,143.0,148.0,153.0,156.0,159.0,168.0,182.0,inferred
Stoke-on-Trent,2021-10-04,159.0,173.0,182.0,186.0,189.0,195.0,201.0,206.0,213.0,216.0,220.0,229.1,246.5,inferred
Stoke-on-Trent,2021-10-05,156.0,168.0,176.8,180.0,184.0,189.0,194.0,200.0,206.0,209.0,213.0,224.0,239.5,inferred
Stoke-on-Trent,2021-10-06,158.0,171.0,181.0,185.0,188.0,194.0,200.0,205.0,211.3,215.0,220.0,229.0,246.5,inferred
Stoke-on-Trent,2021-10-07,155.0,170.0,178.0,181.0,184.0,190.0,195.0,201.0,207.0,210.0,215.0,224.0,239.0,inferred
Stoke-on-Trent,2021-10-08,143.0,156.0,163.0,166.0,169.0,174.0,179.0,184.0,189.0,192.0,196.0,204.0,220.0,inferred
Stoke-on-Trent,2021-10-09,119.0,132.0,141.0,143.8,146.0,151.0,156.0,161.0,166.0,169.0,172.0,180.0,195.5,inferred
Stoke-on-Trent,2021-10-10,133.0,144.0,153.0,156.0,159.0,164.6,170.0,175.0,180.3,183.0,187.0,196.0,209.5,inferred
Stoke-on-Trent,2021-10-11,189.0,202.0,212.0,216.0,220.0,226.0,231.0,237.0,244.0,247.0,252.0,266.0,283.0,inferred
Stoke-on-Trent,2021-10-12,178.0,191.0,201.0,205.0,208.0,214.0,220.0,225.0,232.0,235.0,239.0,250.0,270.0,inferred
Stoke-on-Trent,2021-10-13,173.5,189.9,198.8,202.0,205.0,211.0,217.0,223.0,230.0,235.0,239.0,250.0,270.0,inferred
Stoke-on-Trent,2021-10-14,168.5,180.0,190.0,193.0,196.0,203.0,209.0,215.0,222.0,225.0,229.0,240.0,254.0,inferred
Stoke-on-Trent,2021-10-15,144.0,157.0,166.0,170.0,173.0,179.0,185.0,191.0,197.3,201.0,205.0,216.1,234.0,inferred
Stratford-on-Avon,2021-07-03,21.0,26.0,30.0,31.0,32.0,34.0,37.0,38.0,41.0,42.0,44.0,47.0,55.0,inferred
Stratford-on-Avon,2021-07-04,24.0,28.9,32.0,33.8,35.0,37.0,39.0,42.0,44.0,45.2,47.0,51.0,59.0,inferred
Stratford-on-Avon,2021-07-05,35.0,42.0,45.0,47.0,48.0,51.0,53.0,56.0,58.3,60.0,62.0,66.0,73.0,inferred
Stratford-on-Avon,2021-07-06,33.5,40.0,44.0,45.0,47.0,49.0,52.0,55.0,58.0,59.0,61.0,66.0,73.0,inferred
Stratford-on-Avon,2021-07-07,36.0,41.0,45.0,47.0,49.0,51.0,54.0,57.0,59.0,61.0,63.0,68.0,76.0,inferred
Stratford-on-Avon,2021-07-08,37.0,43.0,47.0,49.0,50.0,53.0,55.0,58.0,61.0,62.0,64.0,69.0,78.0,inferred
Stratford-on-Avon,2021-07-09,34.0,41.0,44.0,46.0,48.0,50.0,53.0,56.0,59.0,60.0,62.0,68.0,76.0,inferred
Stratford-on-Avon,2021-07-10,30.0,36.0,39.0,41.0,42.0,45.0,47.0,50.0,52.0,54.0,56.0,61.0,68.0,inferred
Stratford-on-Avon,2021-07-11,35.0,40.0,45.0,47.0,48.0,50.0,53.0,56.0,59.0,60.0,63.0,68.0,77.5,inferred
Stratford-on-Avon,2021-07-12,52.0,59.0,65.0,67.0,69.0,72.0,75.0,79.0,82.0,85.0,87.0,94.0,105.0,inferred
Stratford-on-Avon,2021-07-13,50.0,58.0,63.0,66.0,67.0,70.6,74.0,77.0,81.0,83.0,85.0,92.0,101.0,inferred
Stratford-on-Avon,2021-07-14,50.0,57.0,63.0,65.0,67.0,71.0,74.0,77.0,81.0,83.0,85.0,91.0,100.0,inferred
Stratford-on-Avon,2021-07-15,47.0,55.0,60.0,62.0,63.0,66.0,69.0,72.0,76.0,78.0,79.0,85.0,96.0,inferred
Stratford-on-Avon,2021-07-16,41.0,48.0,52.0,54.0,55.0,58.0,61.0,64.0,67.0,69.0,71.0,77.0,87.0,inferred
Stratford-on-Avon,2021-07-17,33.0,39.0,43.0,45.0,46.0,49.0,51.0,54.0,57.0,59.0,60.2,66.0,73.0,inferred
Stratford-on-Avon,2021-07-18,34.0,41.0,44.0,46.0,48.0,50.0,53.0,55.0,58.0,60.0,62.0,67.0,77.0,inferred
Stratford-on-Avon,2021-07-19,48.0,55.0,60.0,62.0,64.0,67.0,70.0,73.0,76.0,79.0,81.0,87.0,97.0,inferred
Stratford-on-Avon,2021-07-20,42.0,50.0,55.0,57.0,58.0,61.0,64.0,67.0,70.0,72.0,74.0,80.0,90.0,inferred
Stratford-on-Avon,2021-07-21,40.0,46.0,50.0,52.0,54.0,56.0,60.0,62.0,66.0,67.0,70.0,75.0,86.0,inferred
Stratford-on-Avon,2021-07-22,35.0,41.0,46.0,47.0,49.0,52.0,55.0,57.0,61.0,62.0,64.0,69.0,77.0,inferred
Stratford-on-Avon,2021-07-23,28.0,34.0,38.0,39.0,41.0,43.0,46.0,48.0,51.0,53.0,54.0,59.0,66.5,inferred
Stratford-on-Avon,2021-07-24,22.0,26.0,29.0,30.0,32.0,34.0,36.0,38.0,41.0,42.0,44.0,48.0,55.5,inferred
Stratford-on-Avon,2021-07-25,20.5,25.0,29.0,30.0,32.0,34.0,36.0,38.0,41.0,42.0,43.0,47.0,55.0,inferred
Stratford-on-Avon,2021-07-26,28.0,34.0,38.0,40.0,41.0,44.0,46.0,49.0,52.0,53.0,55.0,60.0,67.0,inferred
Stratford-on-Avon,2021-07-27,27.0,32.0,35.0,37.0,39.0,41.0,43.0,45.0,48.0,49.0,51.0,56.0,62.0,inferred
Stratford-on-Avon,2021-07-28,26.0,32.0,36.0,37.0,38.0,41.0,44.0,46.0,49.0,50.0,52.0,57.0,64.0,inferred
Stratford-on-Avon,2021-07-29,26.0,32.0,36.0,37.0,38.7,41.0,43.0,46.0,48.0,50.0,51.0,56.0,63.0,inferred
Stratford-on-Avon,2021-07-30,24.0,29.0,32.0,33.8,35.0,37.0,39.0,42.0,45.0,46.0,48.0,52.0,59.0,inferred
Stratford-on-Avon,2021-07-31,20.0,25.0,28.0,29.0,31.0,33.0,35.0,37.0,39.0,41.0,42.0,46.0,53.0,inferred
Stratford-on-Avon,2021-08-01,22.0,27.0,30.0,32.0,33.0,35.0,37.0,40.0,42.0,43.0,45.0,49.0,57.0,inferred
Stratford-on-Avon,2021-08-02,32.0,38.0,42.0,44.0,45.0,48.0,51.0,54.0,57.0,59.0,61.0,65.1,74.0,inferred
Stratford-on-Avon,2021-08-03,31.0,36.0,40.0,42.0,44.0,46.0,49.0,51.4,54.0,56.0,58.0,63.0,71.5,inferred
Stratford-on-Avon,2021-08-04,31.0,37.0,41.0,42.0,44.0,47.0,49.0,52.0,54.0,56.0,58.0,62.0,70.0,inferred
Stratford-on-Avon,2021-08-05,30.0,36.0,39.0,41.0,42.0,45.0,47.0,50.0,53.0,54.0,56.0,61.0,69.0,inferred
Stratford-on-Avon,2021-08-06,25.0,31.0,35.0,37.0,38.0,41.0,43.0,45.0,48.0,49.0,51.0,55.0,63.0,inferred
Stratford-on-Avon,2021-08-07,22.0,26.0,30.0,31.0,32.0,34.0,36.0,39.0,41.0,42.0,44.0,49.0,56.0,inferred
Stratford-on-Avon,2021-08-08,22.0,28.0,32.0,33.0,35.0,37.0,39.0,41.0,43.0,45.0,47.0,51.0,58.0,inferred
Stratford-on-Avon,2021-08-09,34.0,40.0,44.0,46.0,47.0,50.0,53.0,56.0,59.0,60.0,62.0,67.0,77.0,inferred
Stratford-on-Avon,2021-08-10,31.0,37.0,42.0,43.0,45.0,48.0,51.0,53.0,56.0,58.0,60.0,65.0,72.0,inferred
Stratford-on-Avon,2021-08-11,34.0,39.0,44.0,45.0,47.0,49.0,52.0,55.0,58.0,60.0,61.0,67.0,75.0,inferred
Stratford-on-Avon,2021-08-12,33.0,39.0,43.0,45.0,46.0,49.0,51.5,54.0,57.0,59.0,61.0,65.1,73.0,inferred
Stratford-on-Avon,2021-08-13,30.5,36.0,40.0,41.0,42.0,45.0,48.0,50.0,53.0,54.2,56.0,61.0,69.0,inferred
Stratford-on-Avon,2021-08-14,25.0,30.0,34.0,35.0,37.0,39.0,42.0,45.0,47.0,49.0,50.0,55.0,62.0,inferred
Stratford-on-Avon,2021-08-15,28.0,33.0,37.0,38.0,40.0,42.0,45.0,47.0,50.0,52.0,53.0,59.0,66.0,inferred
Stratford-on-Avon,2021-08-16,41.0,48.0,52.8,54.0,56.0,60.0,63.0,65.0,68.0,70.0,72.0,79.0,88.0,inferred
Stratford-on-Avon,2021-08-17,38.0,45.0,49.0,51.0,52.0,55.0,58.0,62.0,65.0,67.0,69.0,74.1,84.0,inferred
Stratford-on-Avon,2021-08-18,39.0,45.0,49.0,51.0,52.7,55.0,58.0,61.0,64.0,66.0,68.0,74.0,83.0,inferred
Stratford-on-Avon,2021-08-19,36.0,42.0,46.0,48.0,50.0,53.0,56.0,58.0,61.0,63.0,64.0,70.0,80.0,inferred
Stratford-on-Avon,2021-08-20,30.0,37.0,40.8,42.0,44.0,46.0,49.0,51.0,54.0,56.0,58.0,62.0,73.0,inferred
Stratford-on-Avon,2021-08-21,25.0,30.0,34.0,35.0,37.0,39.0,42.0,44.0,46.0,47.0,49.0,53.0,61.5,inferred
Stratford-on-Avon,2021-08-22,26.0,31.0,36.0,37.0,38.0,40.0,43.0,45.0,48.0,49.0,51.0,55.0,64.0,inferred
Stratford-on-Avon,2021-08-23,38.0,44.0,48.0,50.0,52.0,54.0,57.0,60.0,63.0,64.0,67.0,71.0,78.0,inferred
Stratford-on-Avon,2021-08-24,34.0,40.0,44.0,46.0,48.0,50.0,53.0,56.0,59.0,61.0,62.0,68.0,76.0,inferred
Stratford-on-Avon,2021-08-25,34.0,40.0,45.0,46.0,48.0,51.0,53.0,56.0,59.0,61.0,63.0,68.0,77.0,inferred
Stratford-on-Avon,2021-08-26,32.0,39.0,43.0,45.0,47.0,49.0,52.0,54.0,58.0,59.0,61.2,66.0,74.5,inferred
Stratford-on-Avon,2021-08-27,30.0,35.0,39.0,41.0,42.0,45.0,47.0,50.0,52.0,53.0,55.0,60.0,68.0,inferred
Stratford-on-Avon,2021-08-28,24.0,29.9,33.0,35.0,36.0,38.0,41.0,43.0,45.0,47.0,48.0,52.0,60.0,inferred
Stratford-on-Avon,2021-08-29,26.0,32.0,35.0,37.0,38.0,41.0,43.0,46.0,48.0,50.0,52.0,57.0,63.0,inferred
Stratford-on-Avon,2021-08-30,39.0,46.0,50.0,52.0,54.0,57.0,59.0,62.0,66.0,67.0,69.0,75.0,86.0,inferred
Stratford-on-Avon,2021-08-31,37.0,43.0,48.0,49.0,51.0,54.0,57.0,60.0,63.0,65.0,67.0,73.0,80.5,inferred
Stratford-on-Avon,2021-09-01,37.0,44.0,48.0,50.0,51.0,54.0,57.0,60.0,63.0,65.0,67.0,73.0,81.0,inferred
Stratford-on-Avon,2021-09-02,37.0,43.0,48.0,49.0,51.0,53.0,56.0,59.0,62.0,63.0,65.0,71.0,79.0,inferred
Stratford-on-Avon,2021-09-03,33.0,38.0,43.0,44.0,46.0,49.0,51.0,54.0,57.0,58.0,60.0,64.0,74.0,inferred
Stratford-on-Avon,2021-09-04,26.0,32.0,36.0,38.0,39.0,41.0,44.0,46.0,49.0,50.0,52.0,56.0,63.5,inferred
Stratford-on-Avon,2021-09-05,29.0,34.9,39.0,40.0,42.0,44.0,47.0,49.0,52.0,53.0,55.0,59.0,67.0,inferred
Stratford-on-Avon,2021-09-06,42.0,49.0,54.0,55.0,57.0,60.0,63.0,66.0,70.0,71.0,74.0,79.0,90.5,inferred
Stratford-on-Avon,2021-09-07,38.0,45.0,50.0,52.0,53.0,56.0,59.0,62.0,65.0,67.0,69.0,74.0,83.0,inferred
Stratford-on-Avon,2021-09-08,37.0,44.0,48.0,50.0,52.0,54.0,57.0,60.0,63.0,65.0,66.2,73.0,81.5,inferred
Stratford-on-Avon,2021-09-09,35.0,42.0,46.0,47.0,49.0,51.0,54.0,57.0,60.0,62.0,64.0,70.0,77.0,inferred
Stratford-on-Avon,2021-09-10,29.0,35.0,39.0,40.0,42.0,44.0,47.0,49.0,52.0,54.0,55.0,60.1,68.0,inferred
Stratford-on-Avon,2021-09-11,24.0,29.0,32.0,34.0,35.0,37.0,40.0,42.0,44.0,46.0,47.0,52.0,59.0,inferred
Stratford-on-Avon,2021-09-12,25.0,30.0,35.0,36.0,37.0,39.0,41.0,44.0,46.0,48.0,49.0,54.0,60.5,inferred
Stratford-on-Avon,2021-09-13,35.0,42.0,46.0,48.0,50.0,52.0,55.0,57.4,61.0,62.0,64.0,70.0,79.0,inferred
Stratford-on-Avon,2021-09-14,35.0,41.0,45.0,47.0,48.0,51.0,54.0,57.0,61.0,62.0,65.0,70.0,78.5,inferred
Stratford-on-Avon,2021-09-15,39.0,45.9,50.0,51.0,53.0,56.0,59.0,62.0,65.0,66.0,68.0,74.1,84.0,inferred
Stratford-on-Avon,2021-09-16,41.0,48.0,53.0,55.0,57.0,59.0,62.0,65.0,69.0,71.0,73.0,78.0,87.5,inferred
Stratford-on-Avon,2021-09-17,41.0,48.0,52.0,54.0,56.0,59.0,61.0,64.0,67.0,69.0,71.0,77.0,87.0,inferred
Stratford-on-Avon,2021-09-18,38.0,44.9,48.0,50.0,51.0,54.0,57.0,59.0,63.0,64.0,66.0,72.0,80.0,inferred
Stratford-on-Avon,2021-09-19,45.0,51.0,56.0,58.0,59.0,62.0,65.0,68.0,72.0,74.0,76.0,82.0,91.0,inferred
Stratford-on-Avon,2021-09-20,68.0,77.0,82.0,85.0,87.0,91.0,94.5,98.0,103.0,105.0,108.0,115.0,126.0,inferred
Stratford-on-Avon,2021-09-21,67.0,75.0,81.0,84.0,86.0,90.0,93.0,97.0,101.0,103.0,105.0,112.0,123.0,inferred
Stratford-on-Avon,2021-09-22,71.5,79.0,85.0,87.0,89.0,93.0,97.0,101.0,105.0,108.0,110.2,118.0,129.0,inferred
Stratford-on-Avon,2021-09-23,70.0,79.0,84.0,87.0,89.0,92.6,96.0,100.0,104.0,107.0,109.0,116.0,128.0,inferred
Stratford-on-Avon,2021-09-24,63.0,72.0,78.0,80.0,82.0,85.0,89.0,92.0,96.0,98.0,101.0,108.0,119.0,inferred
Stratford-on-Avon,2021-09-25,55.5,63.0,68.0,70.0,72.0,75.0,79.0,82.0,86.0,88.0,90.0,96.0,107.5,inferred
Stratford-on-Avon,2021-09-26,63.0,70.0,75.0,77.0,79.0,83.0,86.0,90.0,94.0,95.0,98.0,103.0,112.5,inferred
Stratford-on-Avon,2021-09-27,92.0,100.0,107.0,110.0,112.0,116.0,120.0,124.0,128.0,131.0,134.0,141.0,155.0,inferred
Stratford-on-Avon,2021-09-28,86.0,96.0,102.0,104.0,106.0,111.0,115.0,119.0,123.0,126.0,129.0,138.0,150.0,inferred
Stratford-on-Avon,2021-09-29,87.0,98.0,105.0,107.0,109.0,113.0,118.0,122.0,126.0,128.0,131.0,139.0,150.0,inferred
Stratford-on-Avon,2021-09-30,84.0,95.0,101.0,104.0,106.0,111.0,114.0,118.0,123.0,125.0,128.0,135.0,146.0,inferred
Stratford-on-Avon,2021-10-01,74.5,84.0,90.0,92.0,94.0,98.0,102.0,106.0,109.0,112.0,115.0,122.1,134.5,inferred
Stratford-on-Avon,2021-10-02,64.0,72.0,77.0,79.0,81.0,84.0,88.0,92.0,96.0,97.2,100.0,106.0,118.0,inferred
Stratford-on-Avon,2021-10-03,69.5,77.0,84.0,86.0,88.0,91.0,95.0,98.0,102.0,104.0,106.0,113.0,122.0,inferred
Stratford-on-Avon,2021-10-04,97.0,107.0,114.0,117.0,120.0,124.0,128.0,133.0,137.0,140.0,143.0,150.0,163.0,inferred
Stratford-on-Avon,2021-10-05,91.5,101.0,108.0,111.0,113.0,117.0,121.0,125.0,130.0,132.0,136.0,143.0,156.0,inferred
Stratford-on-Avon,2021-10-06,90.0,100.0,106.0,108.8,111.0,115.0,119.0,123.0,128.0,131.0,133.0,140.0,153.0,inferred
Stratford-on-Avon,2021-10-07,85.0,95.0,101.0,104.0,106.0,109.0,113.0,117.4,121.0,124.0,126.0,133.0,144.0,inferred
Stratford-on-Avon,2021-10-08,74.0,83.0,89.0,92.0,93.0,97.0,100.0,104.0,108.0,110.0,113.0,119.0,132.0,inferred
Stratford-on-Avon,2021-10-09,60.0,68.0,73.0,75.0,77.0,81.0,84.0,88.0,92.0,94.0,96.0,103.0,113.0,inferred
Stratford-on-Avon,2021-10-10,63.0,71.0,77.0,79.0,81.0,85.0,88.0,92.0,96.0,98.0,101.0,107.0,116.5,inferred
Stratford-on-Avon,2021-10-11,87.0,98.0,105.0,107.0,110.0,114.0,118.0,122.0,127.0,130.0,133.0,141.0,155.0,inferred
Stratford-on-Avon,2021-10-12,80.0,91.0,98.0,101.0,103.0,106.0,110.0,114.0,118.0,121.0,124.0,131.1,144.0,inferred
Stratford-on-Avon,2021-10-13,82.0,90.0,97.0,99.0,101.0,105.6,109.0,113.0,118.0,121.0,124.0,131.0,142.5,inferred
Stratford-on-Avon,2021-10-14,76.0,85.0,91.0,94.0,96.0,100.0,104.0,108.0,113.0,115.0,118.0,127.0,140.0,inferred
Stratford-on-Avon,2021-10-15,65.0,74.0,80.0,83.0,85.0,90.0,93.0,97.0,102.0,104.0,107.0,115.0,126.0,inferred
Stroud,2021-07-03,9.0,14.0,18.0,19.0,21.0,24.0,26.0,28.0,31.0,33.0,35.0,41.0,50.5,inferred
Stroud,2021-07-04,11.0,15.0,19.0,21.0,22.0,25.0,28.0,30.0,33.0,35.0,37.0,42.0,52.0,inferred
Stroud,2021-07-05,18.0,23.0,28.0,30.0,31.0,35.0,37.0,41.0,44.0,46.0,48.0,54.0,65.0,inferred
Stroud,2021-07-06,19.0,25.0,29.0,31.0,32.0,36.0,39.0,42.0,46.3,49.0,52.0,59.0,70.0,inferred
Stroud,2021-07-07,19.0,26.0,31.0,33.0,35.0,38.0,41.0,45.0,48.0,51.0,53.0,59.0,68.0,inferred
Stroud,2021-07-08,21.0,28.0,33.0,35.0,37.0,40.0,43.0,47.0,51.0,53.0,56.0,63.0,75.0,inferred
Stroud,2021-07-09,20.0,27.9,33.0,35.0,37.0,40.0,43.0,46.0,51.0,53.0,56.0,63.0,74.0,inferred
Stroud,2021-07-10,18.0,24.0,29.0,31.0,32.0,35.6,38.5,41.0,45.0,47.0,50.0,57.0,69.0,inferred
Stroud,2021-07-11,20.5,28.0,33.0,35.0,37.0,40.0,43.0,47.0,51.0,53.0,56.0,63.0,74.0,inferred
Stroud,2021-07-12,35.0,45.0,51.0,54.0,56.0,61.0,65.0,70.0,74.0,77.0,81.0,90.1,105.5,inferred
Stroud,2021-07-13,38.0,48.0,54.0,57.0,60.0,64.6,69.0,74.0,78.0,81.0,84.2,94.0,110.0,inferred
Stroud,2021-07-14,38.5,47.0,54.0,57.0,59.0,64.0,68.0,73.0,78.0,81.0,85.0,94.1,109.0,inferred
Stroud,2021-07-15,38.0,47.0,54.0,56.0,58.0,63.0,66.0,72.0,77.0,79.0,83.0,92.0,106.5,inferred
Stroud,2021-07-16,34.0,42.0,49.0,52.0,54.0,58.0,63.0,67.0,71.0,74.0,77.0,86.0,101.0,inferred
Stroud,2021-07-17,27.0,34.0,39.0,41.0,44.0,48.0,51.0,55.0,59.3,62.0,65.0,73.0,86.0,inferred
Stroud,2021-07-18,28.0,35.0,42.0,44.0,46.0,49.0,53.0,57.0,61.0,64.0,67.0,74.0,89.0,inferred
Stroud,2021-07-19,42.5,52.0,59.0,62.0,64.0,68.0,72.0,77.0,82.0,85.0,89.0,97.0,113.0,inferred
Stroud,2021-07-20,40.0,51.0,58.0,61.0,63.0,68.0,72.0,76.0,82.0,85.0,88.0,96.1,111.5,inferred
Stroud,2021-07-21,36.0,45.0,52.0,55.0,57.0,62.0,66.0,70.4,75.0,79.0,82.2,91.0,106.5,inferred
Stroud,2021-07-22,31.0,40.0,46.0,49.0,51.0,56.0,60.0,64.0,68.0,71.0,74.0,82.0,95.0,inferred
Stroud,2021-07-23,25.0,33.0,38.0,41.0,43.0,46.0,50.0,54.0,58.0,61.0,64.0,72.0,83.0,inferred
Stroud,2021-07-24,16.0,23.0,28.0,30.0,32.0,35.0,38.0,41.0,45.0,48.0,51.0,57.0,68.0,inferred
Stroud,2021-07-25,16.0,23.0,27.0,29.0,31.0,34.0,37.0,41.0,44.0,47.0,49.0,56.0,68.0,inferred
Stroud,2021-07-26,23.0,30.9,36.0,39.0,41.0,44.0,48.0,52.0,56.0,59.0,62.0,69.0,80.5,inferred
Stroud,2021-07-27,23.5,31.0,36.0,38.0,40.0,44.0,47.5,51.0,55.0,58.0,60.0,67.0,81.0,inferred
Stroud,2021-07-28,24.0,30.0,35.0,37.0,39.0,43.0,46.0,50.0,54.0,57.0,59.0,68.0,81.0,inferred
Stroud,2021-07-29,22.0,30.0,35.0,37.0,39.0,42.0,46.0,50.0,54.0,56.2,59.0,67.0,78.0,inferred
Stroud,2021-07-30,20.0,27.0,31.0,33.0,35.0,39.0,42.0,46.0,50.0,52.0,54.0,62.0,73.5,inferred
Stroud,2021-07-31,15.0,21.9,26.0,28.0,29.0,32.0,35.0,38.0,42.0,44.0,47.0,53.0,65.0,inferred
Stroud,2021-08-01,16.0,22.0,26.0,28.0,30.0,33.0,36.0,39.0,43.0,45.0,48.0,54.1,66.0,inferred
Stroud,2021-08-02,26.0,34.0,39.0,42.0,43.0,47.0,51.0,55.0,59.0,61.0,64.0,71.0,86.5,inferred
Stroud,2021-08-03,27.0,35.0,40.0,42.0,44.0,48.0,52.0,56.0,61.0,64.0,67.0,76.0,89.0,inferred
Stroud,2021-08-04,26.0,33.0,40.0,42.0,44.0,48.0,52.0,56.0,60.0,63.0,66.0,73.0,86.0,inferred
Stroud,2021-08-05,29.0,35.0,40.0,42.0,44.0,48.0,52.0,55.0,60.0,62.0,65.0,73.0,85.0,inferred
Stroud,2021-08-06,25.0,31.0,37.0,39.0,41.0,45.0,48.0,52.0,56.0,58.2,61.0,69.0,81.0,inferred
Stroud,2021-08-07,20.0,26.0,31.0,32.0,34.0,38.0,41.0,44.0,48.0,50.0,53.0,59.0,70.5,inferred
Stroud,2021-08-08,19.0,27.0,32.0,34.0,36.0,39.0,43.0,46.0,49.0,51.2,54.0,62.0,75.0,inferred
Stroud,2021-08-09,30.5,40.0,45.0,49.0,51.0,55.0,60.0,64.0,69.0,71.2,74.0,85.0,98.5,inferred
Stroud,2021-08-10,33.0,42.0,48.0,51.0,53.0,57.0,61.0,65.0,70.0,73.0,76.0,86.0,101.0,inferred
Stroud,2021-08-11,31.0,41.0,48.0,51.0,53.0,57.0,61.0,65.0,70.0,73.0,77.0,85.0,99.0,inferred
Stroud,2021-08-12,33.5,43.0,49.0,52.0,54.0,58.0,63.0,67.0,71.0,73.2,77.0,85.0,98.0,inferred
Stroud,2021-08-13,32.5,39.0,45.0,47.0,49.0,54.0,58.0,62.0,66.0,70.0,73.0,80.0,93.5,inferred
Stroud,2021-08-14,24.0,32.0,37.8,40.0,42.0,46.0,50.0,53.0,58.0,60.0,64.0,72.0,83.5,inferred
Stroud,2021-08-15,27.0,34.0,40.0,43.0,44.0,48.0,52.0,56.0,61.0,63.0,66.0,74.0,87.0,inferred
Stroud,2021-08-16,40.0,51.0,58.0,61.0,63.7,68.6,73.0,78.0,83.0,86.0,90.0,100.0,116.0,inferred
Stroud,2021-08-17,43.0,54.0,60.0,62.0,65.0,70.0,74.0,79.0,85.0,88.0,92.0,101.0,117.0,inferred
Stroud,2021-08-18,40.5,51.0,57.8,60.0,63.0,68.0,73.0,77.0,82.3,86.0,89.0,97.0,111.5,inferred
Stroud,2021-08-19,39.0,49.0,55.0,58.0,60.0,65.0,69.0,73.0,79.0,82.0,85.0,95.0,110.0,inferred
Stroud,2021-08-20,34.5,43.0,50.0,52.0,54.0,59.0,63.0,67.0,72.0,75.0,78.0,87.0,101.5,inferred
Stroud,2021-08-21,27.0,34.0,39.0,42.0,43.0,47.0,52.0,55.0,60.0,62.0,65.0,72.0,84.5,inferred
Stroud,2021-08-22,27.0,34.0,40.0,42.0,44.0,48.0,52.0,56.0,60.0,62.0,65.0,73.0,87.5,inferred
Stroud,2021-08-23,39.0,49.0,56.0,59.0,61.0,66.0,71.0,75.0,81.0,83.0,86.0,95.0,109.0,inferred
Stroud,2021-08-24,41.0,51.0,57.0,59.8,62.0,67.0,72.0,76.0,81.0,84.0,87.0,96.0,115.0,inferred
Stroud,2021-08-25,41.0,50.0,57.0,60.0,62.0,67.0,71.0,75.0,80.0,83.0,86.2,95.0,110.0,inferred
Stroud,2021-08-26,39.5,49.0,56.0,59.0,61.0,66.0,70.0,74.0,79.0,83.0,85.0,93.1,107.0,inferred
Stroud,2021-08-27,36.0,44.0,51.0,54.0,56.0,60.0,65.0,69.0,74.0,76.0,80.0,88.0,104.0,inferred
Stroud,2021-08-28,29.0,37.0,42.8,45.0,47.0,50.0,54.0,58.0,62.0,65.0,68.0,76.0,91.0,inferred
Stroud,2021-08-29,31.0,39.0,45.0,47.0,50.0,54.0,58.0,62.0,66.0,68.0,72.0,80.0,93.0,inferred
Stroud,2021-08-30,46.5,57.0,64.0,67.0,69.0,74.0,79.0,84.0,89.0,92.0,95.0,105.1,121.0,inferred
Stroud,2021-08-31,46.0,56.0,63.0,66.0,68.0,73.0,78.0,83.0,88.0,91.0,95.0,104.0,122.0,inferred
Stroud,2021-09-01,41.0,51.0,57.0,59.0,62.0,67.0,71.0,76.0,81.0,84.0,88.0,97.1,114.5,inferred
Stroud,2021-09-02,35.0,45.0,52.0,55.0,57.0,61.0,65.0,69.0,73.0,76.0,79.0,88.0,102.0,inferred
Stroud,2021-09-03,29.0,38.0,42.0,45.0,47.0,51.0,55.0,58.0,63.0,65.0,68.0,76.0,89.0,inferred
Stroud,2021-09-04,19.0,26.0,31.0,33.0,35.0,39.0,41.5,45.0,49.0,51.0,53.0,60.0,71.5,inferred
Stroud,2021-09-05,19.0,24.9,30.0,31.0,33.0,36.0,40.0,43.0,47.0,49.0,51.0,59.0,70.0,inferred
Stroud,2021-09-06,25.0,32.0,38.0,40.0,42.0,46.0,50.0,54.0,59.0,61.0,64.0,71.0,87.0,inferred
Stroud,2021-09-07,22.5,30.0,35.0,37.0,39.0,42.0,47.0,50.0,55.0,57.0,60.0,68.0,79.0,inferred
Stroud,2021-09-08,19.0,25.0,30.0,32.0,34.0,38.0,40.0,44.0,47.0,49.0,52.0,59.0,72.0,inferred
Stroud,2021-09-09,16.0,22.0,27.0,29.0,30.0,33.0,36.0,40.0,43.0,45.0,47.0,55.0,66.0,inferred
Stroud,2021-09-10,11.5,17.0,20.0,22.0,23.0,26.0,28.0,31.0,34.0,36.0,38.0,44.0,54.0,inferred
Stroud,2021-09-11,7.0,11.0,14.0,15.0,16.0,18.0,21.0,23.0,26.0,28.0,30.0,35.0,45.0,inferred
Stroud,2021-09-12,6.0,10.0,13.0,14.0,15.0,17.0,20.0,22.0,24.3,26.0,28.0,33.0,43.0,inferred
Stroud,2021-09-13,8.0,12.0,16.0,17.0,19.0,21.0,24.0,26.0,29.0,31.0,33.0,40.0,52.0,inferred
Stroud,2021-09-14,8.0,13.0,16.0,18.0,19.0,22.0,24.0,27.0,30.0,32.0,33.0,39.1,51.0,inferred
Stroud,2021-09-15,9.0,13.0,17.0,18.0,19.0,22.0,25.0,27.0,30.0,33.0,34.0,41.0,52.0,inferred
Stroud,2021-09-16,10.0,15.0,18.0,20.0,21.0,24.0,27.0,30.0,33.0,34.2,37.0,42.0,54.5,inferred
Stroud,2021-09-17,10.0,16.0,19.0,21.0,22.0,24.0,27.0,30.0,33.0,34.0,36.0,43.0,56.0,inferred
Stroud,2021-09-18,8.0,12.0,16.0,17.0,19.0,21.0,24.0,26.0,29.0,31.0,33.0,38.0,47.0,inferred
Stroud,2021-09-19,10.0,15.0,18.0,20.0,21.0,24.0,26.0,29.0,32.0,34.0,36.0,42.0,53.5,inferred
Stroud,2021-09-20,18.0,24.0,29.0,31.0,33.0,36.0,39.0,43.0,47.0,49.0,52.0,59.0,71.0,inferred
Stroud,2021-09-21,18.0,25.0,30.0,32.0,34.0,37.0,41.0,44.0,47.0,49.0,52.0,58.0,72.0,inferred
Stroud,2021-09-22,18.0,24.0,29.0,31.0,33.0,36.0,40.0,43.0,47.0,49.0,52.0,60.0,73.0,inferred
Stroud,2021-09-23,17.5,24.0,28.0,30.0,31.7,35.0,38.0,41.0,45.0,47.0,49.0,56.0,68.0,inferred
Stroud,2021-09-24,15.0,21.0,25.0,27.0,28.0,31.0,34.0,37.0,40.0,43.0,45.0,52.0,63.5,inferred
Stroud,2021-09-25,11.0,16.0,20.0,21.0,22.0,25.0,28.0,30.0,33.0,35.0,37.0,43.0,53.0,inferred
Stroud,2021-09-26,11.0,16.0,19.0,21.0,22.0,25.0,28.0,31.0,34.0,36.0,39.0,45.0,54.0,inferred
Stroud,2021-09-27,17.0,23.0,27.0,29.0,31.0,35.0,38.0,41.0,45.0,47.0,50.0,56.0,68.0,inferred
Stroud,2021-09-28,15.5,22.0,27.0,28.0,30.0,33.0,36.0,40.0,44.0,46.0,48.0,54.0,68.0,inferred
Stroud,2021-09-29,14.0,20.0,25.0,26.0,28.0,31.0,34.0,37.0,41.0,43.0,45.2,52.0,63.0,inferred
Stroud,2021-09-30,13.0,18.0,22.0,24.0,26.0,28.0,31.0,34.0,38.0,40.0,42.0,48.0,59.0,inferred
Stroud,2021-10-01,11.0,15.0,19.0,21.0,22.0,25.0,27.0,30.0,34.0,35.0,38.0,44.0,53.0,inferred
Stroud,2021-10-02,6.0,10.0,14.0,15.0,16.0,18.0,21.0,23.0,25.0,27.0,29.0,35.0,43.0,inferred
Stroud,2021-10-03,6.5,10.0,13.0,15.0,16.0,18.0,20.0,23.0,26.0,27.0,29.0,35.0,45.0,inferred
Stroud,2021-10-04,9.0,14.0,18.0,19.0,21.0,24.0,26.0,29.0,32.0,34.0,36.0,42.0,51.0,inferred
Stroud,2021-10-05,11.0,17.0,20.0,22.0,23.0,26.0,29.0,32.0,35.0,37.0,40.0,46.0,56.0,inferred
Stroud,2021-10-06,14.0,20.0,24.0,26.0,28.0,31.0,33.0,37.0,40.0,42.0,44.0,51.0,65.0,inferred
Stroud,2021-10-07,19.0,24.0,28.0,30.0,32.0,35.0,38.0,42.0,46.0,49.0,51.0,59.0,72.0,inferred
Stroud,2021-10-08,21.0,27.0,32.0,34.0,36.0,39.0,43.0,46.0,50.0,53.0,55.0,62.0,74.0,inferred
Stroud,2021-10-09,20.0,27.0,32.0,33.0,35.0,39.0,42.0,45.0,49.0,51.0,54.0,63.0,74.0,inferred
Stroud,2021-10-10,26.0,34.0,39.0,41.0,43.0,47.0,51.0,55.0,59.0,62.0,64.0,72.0,86.0,inferred
Stroud,2021-10-11,47.0,58.0,66.0,69.0,72.0,77.0,82.0,88.0,94.0,97.0,102.0,111.0,128.5,inferred
Stroud,2021-10-12,70.0,83.0,93.0,97.0,100.0,107.0,113.0,118.4,125.0,128.0,133.0,143.0,161.5,inferred
Stroud,2021-10-13,103.0,119.0,129.0,133.0,137.0,144.0,151.0,159.0,167.0,171.2,177.0,189.0,210.0,inferred
Stroud,2021-10-14,143.5,163.9,176.0,180.8,185.0,193.0,202.0,210.0,220.0,225.0,232.0,248.0,271.0,inferred
Stroud,2021-10-15,183.0,206.0,220.8,226.0,233.0,244.0,254.0,266.0,277.0,283.0,289.0,312.0,348.0,inferred
Sunderland,2021-07-03,193.0,209.0,221.0,226.0,231.0,240.0,247.0,255.0,265.0,270.0,276.0,290.0,317.5,inferred
Sunderland,2021-07-04,224.0,239.0,253.0,257.0,263.0,272.0,280.0,287.0,296.0,300.0,307.0,322.0,345.5,inferred
Sunderland,2021-07-05,338.0,362.0,378.0,383.0,388.0,398.0,406.0,416.0,425.0,431.0,436.0,455.0,482.0,inferred
Sunderland,2021-07-06,331.0,351.0,365.0,371.0,376.0,385.0,394.0,403.0,413.0,418.0,424.0,442.0,464.0,inferred
Sunderland,2021-07-07,345.0,366.0,380.0,385.0,391.0,401.0,409.0,418.0,429.0,434.2,442.0,459.0,484.0,inferred
Sunderland,2021-07-08,343.5,367.0,382.0,387.0,393.0,402.0,412.0,420.0,429.0,435.0,441.0,457.0,484.5,inferred
Sunderland,2021-07-09,329.5,349.0,364.0,370.0,376.0,385.0,394.0,402.0,411.0,415.2,422.0,442.0,464.0,inferred
Sunderland,2021-07-10,277.5,298.9,314.0,319.0,325.7,334.0,342.0,351.0,360.0,366.0,373.0,389.0,414.0,inferred
Sunderland,2021-07-11,314.0,333.0,351.0,355.8,361.0,370.0,378.0,386.0,397.0,401.0,408.0,424.0,449.5,inferred
Sunderland,2021-07-12,463.0,489.0,509.0,515.0,520.0,533.0,543.5,555.0,567.0,574.0,582.0,603.0,632.5,inferred
Sunderland,2021-07-13,426.0,451.0,469.0,474.0,480.0,492.0,502.0,513.0,524.0,530.2,538.0,559.1,589.0,inferred
Sunderland,2021-07-14,403.5,429.0,444.0,451.0,456.0,467.0,476.0,487.0,498.0,504.0,511.2,530.0,561.0,inferred
Sunderland,2021-07-15,353.5,376.0,390.0,396.0,401.7,413.0,423.0,432.0,442.0,447.0,454.0,472.1,500.0,inferred
Sunderland,2021-07-16,288.0,313.0,329.0,335.0,341.0,350.0,358.0,367.0,376.0,381.0,387.0,405.0,428.5,inferred
Sunderland,2021-07-17,222.0,242.0,255.0,259.8,264.0,273.0,279.0,287.0,295.0,299.2,305.0,320.0,341.5,inferred
Sunderland,2021-07-18,215.0,235.0,246.0,251.0,256.0,264.0,272.0,279.0,287.0,292.0,296.0,309.0,332.0,inferred
Sunderland,2021-07-19,284.0,305.9,320.0,325.8,331.0,340.0,348.0,356.0,365.0,370.0,375.0,391.0,413.0,inferred
Sunderland,2021-07-20,236.5,257.0,271.0,276.0,281.0,289.0,297.5,306.0,315.0,320.0,326.0,338.0,365.0,inferred
Sunderland,2021-07-21,212.0,228.0,242.0,247.0,251.0,260.0,267.0,275.0,283.0,287.0,292.0,307.0,331.0,inferred
Sunderland,2021-07-22,176.0,194.0,206.0,211.0,216.0,223.0,230.0,237.0,244.0,249.0,254.0,266.0,286.5,inferred
Sunderland,2021-07-23,144.5,157.0,167.0,171.0,175.0,182.0,188.0,195.0,202.0,206.0,210.0,222.0,242.0,inferred
Sunderland,2021-07-24,104.0,116.0,123.0,127.0,130.0,135.6,141.0,146.0,152.0,156.0,160.0,169.0,187.0,inferred
Sunderland,2021-07-25,93.0,106.0,114.0,118.0,121.0,126.0,132.0,137.0,142.0,145.0,149.0,160.0,179.0,inferred
Sunderland,2021-07-26,122.5,136.0,145.0,148.8,152.0,158.0,164.0,169.0,176.0,180.0,183.0,195.0,216.0,inferred
Sunderland,2021-07-27,105.0,116.0,124.0,127.0,130.0,136.0,142.0,148.0,154.0,157.0,160.2,171.0,188.5,inferred
Sunderland,2021-07-28,97.0,110.9,119.0,122.0,125.0,130.0,135.0,140.0,146.3,149.2,152.0,163.0,177.5,inferred
Sunderland,2021-07-29,87.5,99.0,108.0,111.0,114.0,119.0,124.0,129.0,135.0,138.0,142.0,151.0,164.0,inferred
Sunderland,2021-07-30,75.0,87.0,94.0,97.0,99.0,104.0,108.0,113.0,118.0,121.0,125.0,133.0,147.5,inferred
Sunderland,2021-07-31,59.0,67.0,75.0,77.0,79.0,84.0,88.0,93.0,98.0,100.0,103.0,111.0,124.5,inferred
Sunderland,2021-08-01,59.0,70.0,76.0,79.0,81.0,85.0,89.0,94.0,99.0,102.0,105.0,114.0,126.5,inferred
Sunderland,2021-08-02,84.5,97.0,105.0,107.0,110.0,116.0,121.0,126.0,132.0,134.0,138.0,146.0,162.5,inferred
Sunderland,2021-08-03,74.0,87.0,94.0,97.0,100.0,105.0,110.0,116.0,121.0,125.0,128.0,138.1,153.5,inferred
Sunderland,2021-08-04,75.5,86.0,93.0,97.0,99.7,104.0,109.0,115.0,120.0,123.0,126.0,135.0,151.0,inferred
Sunderland,2021-08-05,71.0,81.0,89.0,92.0,95.0,99.0,104.0,108.0,113.0,116.0,120.0,128.0,143.0,inferred
Sunderland,2021-08-06,63.0,73.0,79.0,82.0,85.0,89.0,94.0,98.0,104.0,106.0,109.0,119.0,132.0,inferred
Sunderland,2021-08-07,50.0,59.0,65.0,67.0,70.0,74.0,78.0,82.0,87.0,90.0,93.0,101.0,112.5,inferred
Sunderland,2021-08-08,53.0,63.0,69.0,71.0,73.0,77.0,81.0,86.0,91.0,93.2,97.0,105.0,117.0,inferred
Sunderland,2021-08-09,76.0,87.0,95.0,98.0,101.0,107.0,111.0,116.0,121.0,123.2,128.0,137.0,152.0,inferred
Sunderland,2021-08-10,72.0,82.0,90.0,93.0,96.0,100.0,104.0,109.0,115.0,118.0,121.0,130.0,147.5,inferred
Sunderland,2021-08-11,72.0,83.0,90.0,93.0,96.0,101.0,105.0,111.0,116.0,118.0,122.0,131.0,143.5,inferred
Sunderland,2021-08-12,69.0,79.0,87.0,90.0,92.0,97.0,102.0,107.0,111.0,114.0,118.0,127.0,142.0,inferred
Sunderland,2021-08-13,63.0,73.0,80.0,83.0,85.0,90.0,94.0,98.0,103.0,106.0,109.0,117.0,131.0,inferred
Sunderland,2021-08-14,51.0,60.0,66.0,68.0,70.7,75.0,78.0,82.0,87.0,90.0,93.0,100.0,115.0,inferred
Sunderland,2021-08-15,54.0,65.0,71.0,74.0,76.0,80.0,84.0,88.0,93.0,97.0,99.0,108.0,120.5,inferred
Sunderland,2021-08-16,83.0,94.0,102.8,106.0,108.0,114.0,119.0,124.0,129.0,132.0,135.2,146.0,162.5,inferred
Sunderland,2021-08-17,77.0,90.0,97.0,100.0,103.0,108.0,113.0,117.0,123.0,126.0,130.0,140.0,155.0,inferred
Sunderland,2021-08-18,82.0,93.0,100.0,103.0,105.7,112.0,117.0,122.0,128.0,130.0,134.0,145.0,161.5,inferred
Sunderland,2021-08-19,79.0,90.0,99.0,102.0,105.0,109.0,114.0,118.0,124.0,127.0,131.0,141.0,156.0,inferred
Sunderland,2021-08-20,76.0,87.0,94.0,97.0,99.0,105.0,109.0,113.0,118.0,121.0,125.0,134.0,148.0,inferred
Sunderland,2021-08-21,63.0,73.0,79.0,81.0,84.0,88.0,92.5,97.0,103.0,105.0,109.0,116.0,129.0,inferred
Sunderland,2021-08-22,68.5,80.0,86.0,89.0,92.0,96.0,100.5,105.0,109.0,112.0,115.0,123.0,135.0,inferred
Sunderland,2021-08-23,103.0,115.0,125.0,128.8,131.0,137.0,143.0,149.0,154.0,158.0,162.0,172.0,189.5,inferred
Sunderland,2021-08-24,96.0,110.9,118.0,121.0,125.0,130.0,136.0,143.0,149.0,152.0,156.0,166.0,181.0,inferred
Sunderland,2021-08-25,102.0,115.9,124.0,127.0,131.0,136.0,141.0,146.0,152.0,155.0,159.2,170.0,186.5,inferred
Sunderland,2021-08-26,98.0,110.0,120.0,123.0,127.0,133.0,137.0,143.0,148.0,151.0,155.0,165.0,183.5,inferred
Sunderland,2021-08-27,94.0,105.0,113.0,116.0,119.0,124.0,130.0,134.0,140.0,144.0,148.0,157.0,176.0,inferred
Sunderland,2021-08-28,79.0,88.0,96.0,98.0,101.0,106.0,111.0,116.0,121.0,124.0,129.0,137.0,152.0,inferred
Sunderland,2021-08-29,86.0,96.0,105.0,108.0,111.0,116.0,120.0,126.0,131.3,135.0,138.0,148.0,164.0,inferred
Sunderland,2021-08-30,127.0,140.0,150.0,154.0,158.0,165.0,172.0,177.0,183.0,188.0,193.0,206.0,226.0,inferred
Sunderland,2021-08-31,119.0,134.0,144.0,148.0,152.0,157.0,163.0,168.4,175.0,179.0,184.0,196.0,216.6,inferred
Sunderland,2021-09-01,124.0,137.0,147.0,151.0,154.0,161.0,167.0,173.0,179.3,183.0,188.0,199.0,217.5,inferred
Sunderland,2021-09-02,119.0,133.0,143.0,147.0,150.0,156.0,162.0,168.0,174.0,177.0,181.0,193.0,209.0,inferred
Sunderland,2021-09-03,111.0,124.0,133.0,136.0,139.0,145.0,150.0,156.0,162.0,165.0,170.0,180.0,195.0,inferred
Sunderland,2021-09-04,91.5,103.9,111.0,114.0,117.0,123.0,128.0,133.0,138.0,141.0,144.0,154.0,169.0,inferred
Sunderland,2021-09-05,96.5,111.0,119.0,122.0,125.0,131.0,136.0,142.0,148.0,152.0,155.0,165.0,182.0,inferred
Sunderland,2021-09-06,140.0,157.0,167.0,172.0,175.7,182.0,188.0,195.0,201.0,204.0,208.0,221.0,240.5,inferred
Sunderland,2021-09-07,128.5,143.0,152.0,156.0,160.0,167.0,174.0,181.0,187.0,190.0,195.0,206.0,225.0,inferred
Sunderland,2021-09-08,121.0,135.0,146.0,149.0,152.0,158.0,164.0,170.0,177.0,181.0,186.0,198.0,215.0,inferred
Sunderland,2021-09-09,107.0,120.0,129.0,132.0,135.0,142.0,147.0,154.0,160.0,163.0,167.0,178.0,194.0,inferred
Sunderland,2021-09-10,87.5,101.0,109.0,113.0,115.0,121.0,126.0,130.0,136.0,139.0,142.0,152.0,168.0,inferred
Sunderland,2021-09-11,68.5,77.0,85.0,88.0,90.0,94.6,99.0,104.0,109.0,111.0,114.0,125.0,138.5,inferred
Sunderland,2021-09-12,64.0,76.0,84.0,87.0,90.0,94.0,99.0,103.0,108.0,110.0,114.0,121.0,136.0,inferred
Sunderland,2021-09-13,89.0,103.0,111.0,115.0,117.0,123.0,128.0,134.0,139.0,143.0,146.0,156.0,174.0,inferred
Sunderland,2021-09-14,83.0,95.0,102.8,106.0,109.0,114.0,119.0,124.0,130.0,133.0,136.0,145.0,163.0,inferred
Sunderland,2021-09-15,88.0,100.0,108.0,111.0,114.0,119.0,125.0,131.0,136.0,139.0,142.0,152.0,168.0,inferred
Sunderland,2021-09-16,88.0,99.0,108.0,111.0,114.0,119.0,125.0,131.0,136.0,139.0,143.0,152.0,166.5,inferred
Sunderland,2021-09-17,83.0,97.0,104.0,108.0,110.0,115.0,120.0,126.0,130.0,134.0,137.0,145.0,158.0,inferred
Sunderland,2021-09-18,72.5,84.0,91.0,94.0,96.0,101.0,105.0,110.0,116.0,118.0,121.0,129.0,145.0,inferred
Sunderland,2021-09-19,82.5,93.0,101.0,105.0,107.7,112.0,116.0,121.0,126.0,129.2,133.0,144.0,159.0,inferred
Sunderland,2021-09-20,121.0,136.9,147.0,151.0,155.0,161.0,167.0,172.0,179.0,182.0,186.0,199.0,216.0,inferred
Sunderland,2021-09-21,114.0,130.0,138.0,141.0,145.0,150.0,156.0,162.0,169.0,173.0,177.0,188.0,208.0,inferred
Sunderland,2021-09-22,112.0,127.0,137.0,140.0,143.7,149.0,155.0,161.0,167.0,171.0,175.0,186.0,201.0,inferred
Sunderland,2021-09-23,104.0,117.0,127.0,130.0,133.0,139.0,144.0,150.0,156.0,159.2,164.0,174.0,190.0,inferred
Sunderland,2021-09-24,91.0,104.0,113.0,117.0,120.0,125.0,130.0,136.0,141.3,145.0,148.0,158.0,173.0,inferred
Sunderland,2021-09-25,73.0,85.0,91.0,94.0,97.0,101.0,105.0,110.0,115.3,118.0,121.2,131.0,145.0,inferred
Sunderland,2021-09-26,74.0,85.0,94.0,97.0,99.0,104.0,109.0,113.4,119.0,122.0,125.0,134.0,147.0,inferred
Sunderland,2021-09-27,105.5,119.0,128.0,132.0,135.0,141.0,147.0,152.0,158.0,162.0,166.0,177.0,194.0,inferred
Sunderland,2021-09-28,97.0,109.0,119.0,123.0,125.0,131.0,136.0,142.0,149.0,152.0,156.0,166.0,182.5,inferred
Sunderland,2021-09-29,99.0,112.0,120.0,123.8,126.0,132.0,137.0,142.0,148.0,152.0,156.0,166.0,183.0,inferred
Sunderland,2021-09-30,95.0,108.0,117.0,120.0,122.0,127.0,132.5,138.0,144.0,148.0,152.0,162.0,178.0,inferred
Sunderland,2021-10-01,88.0,98.0,106.0,110.0,113.0,118.0,123.0,128.0,133.0,137.0,140.0,151.0,166.0,inferred
Sunderland,2021-10-02,71.5,82.0,89.0,92.0,94.0,99.0,104.0,108.0,113.0,116.2,120.0,128.0,142.5,inferred
Sunderland,2021-10-03,78.0,89.0,96.0,99.0,101.0,106.0,111.0,116.0,120.0,123.0,126.0,135.0,150.0,inferred
Sunderland,2021-10-04,114.0,128.0,137.0,140.8,144.0,150.0,156.0,161.0,168.0,171.0,175.2,187.0,203.0,inferred
Sunderland,2021-10-05,106.0,120.0,129.0,132.0,136.0,142.0,147.0,154.0,160.0,163.0,167.0,179.0,195.5,inferred
Sunderland,2021-10-06,112.0,126.0,135.0,138.0,141.0,147.0,152.0,158.0,164.0,167.0,172.0,183.0,199.0,inferred
Sunderland,2021-10-07,108.0,123.0,132.0,135.8,139.0,145.0,150.0,156.0,161.0,164.0,168.0,180.0,197.0,inferred
Sunderland,2021-10-08,102.0,115.0,124.0,127.0,130.0,135.0,141.0,146.0,150.3,154.0,158.0,169.0,184.0,inferred
Sunderland,2021-10-09,85.0,97.0,106.0,109.0,111.0,115.0,120.0,125.0,131.0,134.0,138.0,147.0,164.0,inferred
Sunderland,2021-10-10,92.0,105.0,114.0,118.0,121.0,126.0,131.0,136.0,141.0,145.0,148.0,160.0,175.0,inferred
Sunderland,2021-10-11,138.0,154.0,165.0,169.0,173.0,179.0,186.0,192.0,199.0,204.0,209.0,220.0,240.0,inferred
Sunderland,2021-10-12,129.5,144.0,155.0,160.0,163.0,169.0,175.0,182.0,190.0,194.0,198.0,209.0,228.5,inferred
Sunderland,2021-10-13,128.0,143.0,155.0,159.0,163.0,169.0,175.0,182.0,189.0,193.0,197.0,209.0,228.0,inferred
Sunderland,2021-10-14,120.0,136.0,146.0,150.8,154.0,160.0,166.0,173.0,180.0,184.0,189.0,200.0,218.0,inferred
Sunderland,2021-10-15,106.0,122.0,131.0,135.0,138.0,146.0,152.0,158.0,165.0,168.0,172.0,184.0,204.0,inferred
Surrey Heath,2021-07-03,6.0,9.0,11.0,11.0,12.0,14.0,15.0,17.0,19.0,19.0,21.0,23.0,28.0,inferred
Surrey Heath,2021-07-04,7.0,10.0,12.0,12.0,13.0,15.0,16.0,18.0,19.0,21.0,22.0,25.0,30.0,inferred
Surrey Heath,2021-07-05,11.0,14.0,17.0,18.0,19.0,20.6,22.0,24.0,26.0,27.0,28.0,32.0,39.0,inferred
Surrey Heath,2021-07-06,11.0,15.0,17.0,18.0,19.0,21.0,23.0,25.0,26.0,28.0,29.0,33.0,39.0,inferred
Surrey Heath,2021-07-07,13.0,17.0,20.0,21.0,22.0,24.0,26.0,28.0,30.0,31.0,32.0,36.0,42.0,inferred
Surrey Heath,2021-07-08,14.0,19.0,21.0,22.0,24.0,25.0,27.0,29.0,32.0,33.0,35.0,39.0,46.0,inferred
Surrey Heath,2021-07-09,15.0,19.0,22.0,23.0,24.0,26.0,29.0,31.0,33.0,34.0,36.0,40.0,47.0,inferred
Surrey Heath,2021-07-10,14.0,18.0,21.0,22.0,23.0,25.0,27.0,30.0,32.0,33.0,35.0,38.0,44.5,inferred
Surrey Heath,2021-07-11,17.0,22.0,25.0,26.0,28.0,30.0,32.0,34.0,36.0,37.0,39.0,44.0,51.0,inferred
Surrey Heath,2021-07-12,29.0,35.0,39.0,41.0,42.0,45.0,48.0,51.0,54.0,56.0,58.0,63.0,71.5,inferred
Surrey Heath,2021-07-13,30.0,36.0,40.0,42.0,43.0,46.0,49.0,52.0,55.0,57.0,58.0,64.0,73.0,inferred
Surrey Heath,2021-07-14,30.0,37.0,41.0,42.0,44.0,46.0,49.0,52.0,55.0,57.0,59.0,65.0,74.0,inferred
Surrey Heath,2021-07-15,29.0,34.0,38.0,40.0,42.0,44.0,46.0,49.0,52.0,53.0,55.0,61.0,71.0,inferred
Surrey Heath,2021-07-16,24.0,30.0,34.0,35.0,37.0,40.0,42.0,44.0,47.0,49.0,51.0,56.0,64.0,inferred
Surrey Heath,2021-07-17,19.0,24.0,28.0,29.0,30.0,33.0,35.0,37.0,39.0,41.0,43.0,47.0,54.0,inferred
Surrey Heath,2021-07-18,19.0,24.0,27.0,29.0,30.0,32.0,35.0,37.0,39.0,41.0,43.0,47.0,56.0,inferred
Surrey Heath,2021-07-19,27.0,33.0,37.0,38.0,40.0,42.0,45.0,48.0,51.0,52.0,55.0,60.0,70.0,inferred
Surrey Heath,2021-07-20,25.0,30.0,33.0,35.0,36.0,39.0,41.0,44.0,47.0,48.0,50.0,55.0,63.0,inferred
Surrey Heath,2021-07-21,21.5,27.0,31.0,32.0,33.0,36.0,38.0,41.0,43.0,45.0,46.0,51.0,58.0,inferred
Surrey Heath,2021-07-22,18.5,23.0,26.0,27.0,29.0,31.0,33.0,35.0,38.0,39.0,41.0,45.0,53.0,inferred
Surrey Heath,2021-07-23,14.0,18.0,21.0,22.0,23.0,25.0,28.0,30.0,32.0,33.0,34.2,39.0,46.0,inferred
Surrey Heath,2021-07-24,10.0,13.0,16.0,17.0,18.0,20.0,21.0,23.0,25.0,26.0,28.0,32.0,39.0,inferred
Surrey Heath,2021-07-25,9.0,12.0,15.0,16.0,16.0,18.0,20.0,22.0,24.0,25.0,26.0,30.0,36.0,inferred
Surrey Heath,2021-07-26,12.0,16.0,19.0,20.0,21.0,22.0,24.0,26.0,28.0,30.0,31.0,35.0,42.5,inferred
Surrey Heath,2021-07-27,11.5,15.0,18.0,19.0,19.0,22.0,23.0,25.0,27.3,29.0,30.0,34.0,41.5,inferred
Surrey Heath,2021-07-28,12.0,15.0,18.0,19.0,20.0,22.0,24.0,26.0,29.0,29.0,31.0,35.0,41.0,inferred
Surrey Heath,2021-07-29,12.0,15.0,18.0,19.0,20.0,22.0,24.0,26.0,28.0,29.0,31.0,34.0,41.0,inferred
Surrey Heath,2021-07-30,10.0,14.0,17.0,18.0,19.0,21.0,23.0,25.0,27.0,28.0,29.0,33.0,39.0,inferred
Surrey Heath,2021-07-31,9.0,13.0,15.0,16.0,17.0,19.0,20.0,22.0,24.0,25.0,27.0,30.0,37.0,inferred
Surrey Heath,2021-08-01,9.0,13.0,16.0,17.0,18.0,20.0,22.0,23.0,25.0,26.2,28.0,32.0,37.0,inferred
Surrey Heath,2021-08-02,15.0,20.0,23.0,24.0,26.0,28.0,30.0,32.0,34.0,36.0,37.0,41.0,48.5,inferred
Surrey Heath,2021-08-03,16.0,20.0,23.0,25.0,26.0,28.0,30.0,32.0,35.0,36.0,38.0,43.0,50.0,inferred
Surrey Heath,2021-08-04,17.0,21.0,25.0,26.0,27.7,29.0,31.0,34.0,36.0,38.0,39.0,44.0,52.0,inferred
Surrey Heath,2021-08-05,17.0,21.0,25.0,26.0,27.0,29.0,31.0,34.0,36.0,37.0,38.2,43.0,50.0,inferred
Surrey Heath,2021-08-06,16.0,21.0,24.0,25.0,26.0,28.0,30.0,32.0,35.0,36.0,38.0,42.0,50.0,inferred
Surrey Heath,2021-08-07,13.0,17.0,20.0,22.0,23.0,25.0,27.0,29.0,32.0,33.0,34.0,39.0,44.0,inferred
Surrey Heath,2021-08-08,15.0,19.0,23.0,24.0,25.0,27.0,29.0,31.0,34.0,36.0,37.0,41.0,48.0,inferred
Surrey Heath,2021-08-09,23.5,29.0,32.0,34.0,36.0,38.0,41.0,44.0,47.0,48.0,50.0,56.0,65.0,inferred
Surrey Heath,2021-08-10,25.0,29.0,33.0,34.0,36.0,39.0,41.0,43.0,46.0,48.0,50.0,56.0,63.0,inferred
Surrey Heath,2021-08-11,27.0,32.0,35.0,37.0,38.0,41.0,43.0,46.0,49.0,50.2,52.0,57.0,65.5,inferred
Surrey Heath,2021-08-12,26.0,31.0,35.0,36.0,38.0,40.0,42.0,45.0,48.0,49.0,51.0,56.0,65.0,inferred
Surrey Heath,2021-08-13,24.0,29.0,33.0,35.0,36.0,38.6,41.0,43.0,46.0,48.0,50.0,54.0,64.0,inferred
Surrey Heath,2021-08-14,20.0,25.0,29.0,30.0,31.0,34.0,36.0,39.0,41.0,43.0,44.0,49.0,56.5,inferred
Surrey Heath,2021-08-15,21.0,26.9,30.0,31.0,33.0,35.0,38.0,40.0,43.0,44.0,46.0,51.0,59.0,inferred
Surrey Heath,2021-08-16,32.0,39.0,43.0,45.0,46.0,49.0,52.0,56.0,59.0,61.0,63.0,69.0,77.0,inferred
Surrey Heath,2021-08-17,32.0,37.0,41.0,43.0,45.0,48.0,50.0,53.0,56.0,58.0,60.0,65.0,74.0,inferred
Surrey Heath,2021-08-18,31.0,36.0,41.0,43.0,44.0,47.0,50.0,53.0,56.0,58.0,60.0,65.0,76.0,inferred
Surrey Heath,2021-08-19,28.0,34.0,38.0,39.8,41.0,43.0,46.0,49.0,52.0,54.0,56.0,61.0,70.0,inferred
Surrey Heath,2021-08-20,25.0,30.0,34.0,35.0,36.0,39.0,41.0,44.0,47.0,48.0,50.0,55.0,62.5,inferred
Surrey Heath,2021-08-21,19.0,24.0,27.0,28.0,30.0,32.0,34.0,37.0,39.0,41.0,43.0,47.0,54.0,inferred
Surrey Heath,2021-08-22,19.0,23.0,27.0,28.0,30.0,32.0,34.0,36.0,39.0,40.0,42.0,46.0,54.0,inferred
Surrey Heath,2021-08-23,26.0,32.0,36.0,37.0,39.0,42.0,45.0,47.0,50.0,52.0,54.0,59.0,67.0,inferred
Surrey Heath,2021-08-24,25.0,30.0,34.0,36.0,37.0,40.0,43.0,45.0,48.0,50.0,52.0,57.0,66.0,inferred
Surrey Heath,2021-08-25,25.0,31.0,35.0,37.0,38.0,41.0,43.0,46.0,49.0,51.0,52.0,57.0,67.0,inferred
Surrey Heath,2021-08-26,25.0,30.0,34.0,36.0,37.0,39.0,42.0,44.0,47.0,48.2,50.0,55.0,63.0,inferred
Surrey Heath,2021-08-27,22.0,27.0,31.0,33.0,34.0,37.0,39.0,41.0,44.0,45.0,47.0,53.0,60.0,inferred
Surrey Heath,2021-08-28,17.0,23.0,26.8,28.0,29.0,31.0,34.0,36.0,38.0,40.0,41.0,46.0,54.0,inferred
Surrey Heath,2021-08-29,20.0,25.0,28.0,29.0,31.0,33.0,35.0,37.0,40.0,41.0,43.0,48.0,56.0,inferred
Surrey Heath,2021-08-30,30.0,36.0,40.0,42.0,43.0,46.0,48.0,51.0,54.0,56.0,57.0,63.0,72.0,inferred
Surrey Heath,2021-08-31,28.0,33.0,38.0,39.0,41.0,44.0,46.0,49.0,52.0,54.0,56.0,60.0,70.0,inferred
Surrey Heath,2021-09-01,26.0,33.0,37.0,38.0,40.0,43.0,46.0,48.0,51.0,53.0,55.0,60.0,68.5,inferred
Surrey Heath,2021-09-02,26.0,30.0,34.0,36.0,37.0,39.0,42.0,44.0,47.0,49.0,50.0,56.0,64.0,inferred
Surrey Heath,2021-09-03,22.0,26.0,30.0,31.0,32.0,34.0,37.0,39.0,42.0,44.0,46.0,51.0,59.0,inferred
Surrey Heath,2021-09-04,17.0,21.0,24.0,25.0,26.0,29.0,31.0,33.0,35.0,37.0,38.0,43.0,50.5,inferred
Surrey Heath,2021-09-05,16.0,21.0,24.0,25.0,26.0,28.0,30.0,32.0,34.0,36.0,37.0,42.0,49.0,inferred
Surrey Heath,2021-09-06,23.0,28.9,32.0,34.0,35.0,37.0,40.0,42.0,45.0,47.0,49.0,55.0,62.0,inferred
Surrey Heath,2021-09-07,21.0,26.0,30.0,31.0,32.0,35.0,37.0,40.0,42.0,44.0,46.0,50.0,58.0,inferred
Surrey Heath,2021-09-08,21.0,26.0,29.0,30.0,32.0,34.0,36.0,39.0,41.0,43.0,45.0,49.0,57.0,inferred
Surrey Heath,2021-09-09,18.0,23.0,26.0,28.0,29.0,31.0,34.0,36.0,38.0,40.0,42.0,46.0,54.0,inferred
Surrey Heath,2021-09-10,16.0,20.0,23.0,24.0,26.0,28.0,30.0,32.0,34.0,36.0,37.0,42.0,49.0,inferred
Surrey Heath,2021-09-11,12.0,16.0,19.0,20.0,21.0,23.0,25.0,27.0,29.0,30.0,32.0,36.0,43.0,inferred
Surrey Heath,2021-09-12,12.0,16.0,19.0,20.0,21.0,23.0,25.0,27.0,29.0,30.0,32.0,35.0,42.0,inferred
Surrey Heath,2021-09-13,17.0,22.0,25.0,27.0,28.0,30.0,32.0,35.0,37.0,39.0,40.0,45.0,51.0,inferred
Surrey Heath,2021-09-14,17.5,22.0,25.0,26.0,27.0,30.0,32.0,34.0,37.0,38.0,39.2,44.0,51.0,inferred
Surrey Heath,2021-09-15,18.0,23.0,27.0,28.0,29.0,31.0,34.0,36.0,38.0,40.0,41.0,45.0,53.0,inferred
Surrey Heath,2021-09-16,18.0,23.0,26.0,28.0,29.0,31.0,33.0,36.0,38.0,40.0,42.0,46.0,53.0,inferred
Surrey Heath,2021-09-17,18.0,23.0,26.0,27.0,28.0,31.0,33.0,35.0,38.0,39.0,41.0,46.0,53.0,inferred
Surrey Heath,2021-09-18,15.0,20.0,23.0,24.0,25.0,27.0,29.0,31.0,34.0,35.0,37.0,41.0,48.0,inferred
Surrey Heath,2021-09-19,17.0,22.0,25.0,26.0,27.0,29.0,31.0,34.0,36.0,38.0,40.0,44.0,52.0,inferred
Surrey Heath,2021-09-20,26.0,31.0,36.0,38.0,39.0,42.0,44.0,47.0,50.0,52.0,54.0,58.0,67.0,inferred
Surrey Heath,2021-09-21,26.0,31.0,35.0,37.0,38.0,41.0,43.0,46.0,49.0,50.0,52.0,57.0,67.0,inferred
Surrey Heath,2021-09-22,26.0,31.0,35.0,37.0,38.0,41.0,43.0,46.0,49.0,51.0,53.0,57.0,67.0,inferred
Surrey Heath,2021-09-23,24.0,29.0,32.0,34.0,35.0,38.0,40.0,43.0,46.0,47.0,49.0,54.0,62.0,inferred
Surrey Heath,2021-09-24,21.0,26.0,29.0,31.0,32.0,34.0,36.0,39.0,41.0,43.0,44.0,50.0,57.0,inferred
Surrey Heath,2021-09-25,17.0,21.0,24.0,25.0,27.0,29.0,31.0,33.0,35.0,37.0,38.0,43.0,49.0,inferred
Surrey Heath,2021-09-26,17.0,22.0,25.0,27.0,28.0,30.0,33.0,35.0,37.0,38.0,40.0,45.0,53.0,inferred
Surrey Heath,2021-09-27,24.0,30.0,34.0,35.8,37.0,40.0,42.0,45.0,48.0,49.0,51.0,55.0,63.5,inferred
Surrey Heath,2021-09-28,25.0,30.0,33.0,35.0,36.0,39.0,41.0,44.0,47.0,48.0,50.0,55.0,64.0,inferred
Surrey Heath,2021-09-29,25.0,31.0,35.0,37.0,38.0,41.0,43.0,46.0,48.3,50.0,52.0,56.0,65.0,inferred
Surrey Heath,2021-09-30,25.0,30.0,34.0,36.0,37.0,40.0,42.0,45.0,47.0,49.0,51.0,56.0,65.0,inferred
Surrey Heath,2021-10-01,23.0,29.0,33.0,34.0,36.0,38.0,41.0,43.0,46.0,47.0,49.0,53.0,61.0,inferred
Surrey Heath,2021-10-02,20.0,25.0,28.0,30.0,31.0,33.0,36.0,38.0,40.3,42.0,44.0,49.0,56.5,inferred
Surrey Heath,2021-10-03,21.5,26.0,30.0,31.0,33.0,35.0,38.0,41.0,43.0,45.0,46.2,52.0,60.0,inferred
Surrey Heath,2021-10-04,33.0,40.0,44.0,46.0,48.0,50.0,53.0,56.0,59.0,61.0,63.0,69.0,78.0,inferred
Surrey Heath,2021-10-05,34.0,41.0,45.0,46.0,48.0,51.0,54.0,57.0,60.0,61.0,63.0,69.0,78.0,inferred
Surrey Heath,2021-10-06,36.0,43.0,48.0,50.0,52.0,55.0,58.0,61.0,64.0,66.0,68.0,74.0,84.5,inferred
Surrey Heath,2021-10-07,39.0,45.0,49.0,51.0,53.0,56.0,58.5,62.0,65.0,67.0,69.0,76.0,86.0,inferred
Surrey Heath,2021-10-08,38.0,45.0,50.0,52.0,53.7,57.0,60.0,63.0,66.0,68.0,70.0,75.1,83.0,inferred
Surrey Heath,2021-10-09,35.0,40.0,46.0,47.0,49.0,52.0,55.0,58.0,61.0,62.0,64.0,69.0,80.0,inferred
Surrey Heath,2021-10-10,38.0,45.0,50.0,52.0,54.0,57.0,60.0,63.0,66.0,68.0,70.0,76.0,85.0,inferred
Surrey Heath,2021-10-11,57.0,67.0,73.0,76.0,78.0,82.0,86.0,89.0,93.0,95.0,97.0,106.0,116.0,inferred
Surrey Heath,2021-10-12,60.5,68.9,75.0,77.0,79.0,83.0,86.0,90.0,95.0,97.0,99.0,107.0,117.5,inferred
Surrey Heath,2021-10-13,65.0,72.0,78.0,80.0,82.0,86.0,90.0,94.0,99.0,101.0,103.0,110.0,123.0,inferred
Surrey Heath,2021-10-14,60.0,70.0,76.8,79.0,81.0,85.0,89.0,93.0,98.0,100.0,103.0,111.0,122.0,inferred
Surrey Heath,2021-10-15,58.0,66.0,73.0,75.0,77.0,82.0,85.0,89.0,93.0,95.0,98.0,106.0,120.5,inferred
Sutton,2021-07-03,35.0,41.0,45.0,47.0,48.0,52.0,55.0,57.0,60.0,62.0,64.0,69.0,78.0,inferred
Sutton,2021-07-04,38.5,45.0,50.0,51.0,53.0,56.0,59.0,62.0,65.0,67.0,69.0,74.0,83.0,inferred
Sutton,2021-07-05,61.0,68.0,74.0,76.0,78.0,82.0,85.0,88.0,92.0,94.0,96.0,102.0,112.0,inferred
Sutton,2021-07-06,62.0,70.0,76.0,78.0,80.0,84.0,87.0,90.0,94.0,96.0,98.0,105.0,114.0,inferred
Sutton,2021-07-07,71.0,79.0,85.0,87.0,89.0,92.0,96.0,100.0,104.0,106.0,108.0,114.0,125.0,inferred
Sutton,2021-07-08,73.0,82.0,89.0,90.0,93.0,97.0,100.0,104.0,108.0,110.0,113.0,120.0,131.0,inferred
Sutton,2021-07-09,72.0,82.0,89.0,91.0,93.0,97.0,100.0,104.4,109.0,111.0,113.0,121.0,133.0,inferred
Sutton,2021-07-10,68.0,77.0,83.0,86.0,88.0,91.0,94.0,98.0,102.0,104.0,106.0,112.0,121.0,inferred
Sutton,2021-07-11,75.0,84.0,91.0,94.0,96.0,100.0,103.0,107.0,111.0,114.0,117.0,124.0,134.0,inferred
Sutton,2021-07-12,118.0,130.0,138.0,141.0,144.0,149.0,154.0,159.0,164.0,167.0,171.0,179.0,192.5,inferred
Sutton,2021-07-13,120.0,131.0,139.0,142.0,145.0,150.0,154.0,159.0,163.0,166.0,169.0,178.0,193.0,inferred
Sutton,2021-07-14,120.0,131.0,139.0,142.0,145.0,150.0,154.0,159.0,164.0,167.0,170.0,178.0,194.0,inferred
Sutton,2021-07-15,112.0,122.0,129.0,132.0,135.0,140.0,144.0,149.0,155.0,157.0,160.0,168.0,180.0,inferred
Sutton,2021-07-16,97.0,108.0,115.0,117.0,120.0,125.0,129.0,133.0,138.0,141.0,143.0,151.0,162.0,inferred
Sutton,2021-07-17,78.0,88.0,95.0,97.0,99.0,103.0,107.0,111.0,115.0,117.0,120.0,127.0,138.0,inferred
Sutton,2021-07-18,77.0,86.0,91.0,93.0,96.0,100.0,104.0,107.0,112.0,114.0,117.0,124.0,135.0,inferred
Sutton,2021-07-19,106.0,114.0,122.0,125.0,127.0,131.0,135.0,140.0,145.0,147.0,150.0,158.0,170.0,inferred
Sutton,2021-07-20,94.0,105.0,111.0,114.0,116.0,120.0,124.0,129.0,133.0,136.0,139.0,147.0,159.0,inferred
Sutton,2021-07-21,88.0,96.0,103.0,106.0,108.0,113.0,117.0,120.0,124.0,127.0,130.0,138.0,151.0,inferred
Sutton,2021-07-22,75.0,84.0,91.0,93.0,94.0,99.0,102.0,106.0,110.0,112.0,114.0,121.0,133.0,inferred
Sutton,2021-07-23,61.0,68.0,74.0,76.0,78.0,81.0,85.0,89.0,93.0,95.0,97.0,104.0,115.0,inferred
Sutton,2021-07-24,46.0,53.0,58.0,60.0,61.0,64.0,67.0,71.0,74.0,76.0,78.0,83.0,94.0,inferred
Sutton,2021-07-25,43.0,48.0,52.0,54.0,55.0,58.0,61.0,64.0,67.0,69.0,71.0,76.0,85.0,inferred
Sutton,2021-07-26,54.0,62.0,67.0,69.0,71.0,74.0,78.0,81.0,84.0,86.0,89.0,96.0,105.0,inferred
Sutton,2021-07-27,49.0,58.0,62.0,64.0,67.0,70.0,73.0,76.0,80.0,82.0,84.0,90.0,101.0,inferred
Sutton,2021-07-28,52.0,60.0,65.0,67.0,69.0,72.0,75.0,78.0,82.0,84.0,86.0,91.1,102.0,inferred
Sutton,2021-07-29,51.0,59.0,64.0,66.0,67.0,71.0,73.0,77.0,80.0,82.0,84.0,91.0,102.0,inferred
Sutton,2021-07-30,49.0,55.0,60.0,62.0,64.0,67.0,70.0,73.0,76.0,78.0,80.0,86.1,96.0,inferred
Sutton,2021-07-31,39.0,48.0,52.0,54.0,56.0,59.0,61.0,64.0,67.0,69.0,71.0,76.0,86.0,inferred
Sutton,2021-08-01,43.0,50.0,55.0,57.0,58.0,61.0,64.0,67.0,70.0,72.0,74.0,80.0,89.0,inferred
Sutton,2021-08-02,63.5,72.0,78.0,80.0,82.0,86.0,90.0,93.0,97.0,99.0,102.0,108.0,119.0,inferred
Sutton,2021-08-03,61.0,70.0,76.0,78.0,80.0,84.0,87.0,91.0,95.0,98.0,100.0,106.0,116.0,inferred
Sutton,2021-08-04,66.0,74.0,79.0,81.0,83.0,86.0,90.0,94.0,98.0,100.0,102.0,109.0,119.5,inferred
Sutton,2021-08-05,62.0,70.0,77.0,79.0,81.0,85.0,88.0,91.4,95.0,97.0,100.0,107.0,115.0,inferred
Sutton,2021-08-06,58.0,65.0,70.0,72.0,74.0,78.0,81.0,84.0,88.0,90.0,93.0,99.0,109.0,inferred
Sutton,2021-08-07,48.0,55.0,60.0,61.0,63.0,67.0,69.0,72.0,76.0,78.0,80.0,86.0,95.5,inferred
Sutton,2021-08-08,49.5,56.0,61.0,63.0,64.0,68.0,71.0,74.0,77.0,79.0,81.0,87.0,95.5,inferred
Sutton,2021-08-09,69.0,80.0,86.0,88.0,90.0,93.0,97.0,101.0,105.0,106.0,109.0,116.0,126.0,inferred
Sutton,2021-08-10,69.0,77.0,82.0,85.0,87.0,90.0,94.0,98.0,102.0,104.0,107.0,114.0,124.0,inferred
Sutton,2021-08-11,70.0,78.0,85.0,87.0,89.0,92.0,96.0,100.0,103.0,106.0,108.0,115.0,124.0,inferred
Sutton,2021-08-12,66.5,76.0,82.0,84.0,86.0,90.0,94.0,98.0,102.0,104.0,107.0,113.0,125.0,inferred
Sutton,2021-08-13,62.0,69.0,74.0,77.0,78.0,82.0,85.0,89.0,93.0,95.0,98.0,104.0,115.0,inferred
Sutton,2021-08-14,49.0,58.0,64.0,66.0,67.0,71.0,74.0,78.0,81.0,83.0,85.0,91.0,100.0,inferred
Sutton,2021-08-15,53.0,60.0,64.0,66.0,68.0,72.0,74.0,78.0,82.0,84.0,86.0,92.0,102.0,inferred
Sutton,2021-08-16,75.0,84.0,90.0,92.0,94.0,98.0,102.0,106.0,110.0,113.0,115.0,122.0,133.0,inferred
Sutton,2021-08-17,71.0,80.0,85.0,88.0,89.0,94.0,97.0,101.0,105.0,108.0,110.0,118.0,129.0,inferred
Sutton,2021-08-18,70.0,81.0,86.0,88.8,91.0,95.0,98.0,102.0,107.0,109.0,111.0,118.0,129.0,inferred
Sutton,2021-08-19,67.0,76.0,81.0,83.0,86.0,89.0,93.0,96.0,100.0,102.0,105.0,111.0,120.5,inferred
Sutton,2021-08-20,59.0,68.0,73.0,75.0,77.7,81.0,84.0,87.0,91.0,93.0,95.0,102.0,111.0,inferred
Sutton,2021-08-21,49.0,57.0,61.8,63.0,65.0,68.0,71.0,74.0,77.0,79.0,81.0,87.0,97.0,inferred
Sutton,2021-08-22,49.0,56.0,60.0,62.0,64.0,67.0,70.0,73.0,76.0,78.0,80.2,87.0,97.0,inferred
Sutton,2021-08-23,68.0,76.0,82.0,84.0,86.0,90.0,95.0,98.0,102.0,104.0,107.0,114.0,125.0,inferred
Sutton,2021-08-24,63.0,72.0,78.0,80.0,83.0,86.0,90.0,93.0,97.0,99.0,102.0,108.0,118.5,inferred
Sutton,2021-08-25,64.0,73.0,79.0,81.0,83.0,87.0,90.0,94.0,98.0,100.0,103.0,109.0,119.0,inferred
Sutton,2021-08-26,62.0,71.0,76.0,78.0,80.0,83.0,86.0,90.0,93.0,96.0,98.0,104.0,114.0,inferred
Sutton,2021-08-27,56.0,63.0,68.0,70.0,72.0,76.0,79.0,83.0,86.0,88.0,91.0,97.0,106.5,inferred
Sutton,2021-08-28,45.0,52.0,57.0,59.0,60.0,64.0,67.0,69.0,73.0,75.0,76.0,82.0,91.0,inferred
Sutton,2021-08-29,46.0,53.0,57.0,59.0,60.0,63.6,66.0,69.0,72.0,75.0,76.0,82.0,93.0,inferred
Sutton,2021-08-30,65.5,73.0,79.0,81.0,83.0,87.0,90.0,94.0,98.0,100.0,103.0,109.0,118.0,inferred
Sutton,2021-08-31,61.0,69.0,75.0,77.0,80.0,83.0,87.0,90.0,94.0,96.0,99.0,105.0,114.5,inferred
Sutton,2021-09-01,62.0,70.0,76.0,78.0,80.0,83.0,87.0,90.0,94.0,96.0,98.0,104.0,115.0,inferred
Sutton,2021-09-02,58.5,66.0,72.0,74.0,76.0,80.0,83.0,86.0,91.0,93.0,95.0,101.0,111.0,inferred
Sutton,2021-09-03,53.0,60.0,66.0,67.0,69.0,72.0,75.0,79.0,82.0,84.0,86.0,92.0,102.0,inferred
Sutton,2021-09-04,43.0,49.0,55.0,56.0,57.7,61.0,63.0,66.0,70.0,72.0,74.0,80.0,92.0,inferred
Sutton,2021-09-05,42.0,49.0,53.0,55.0,57.0,60.0,63.0,66.0,69.0,70.2,72.0,78.0,86.0,inferred
Sutton,2021-09-06,60.5,69.0,74.0,76.0,78.0,81.0,85.0,88.0,92.0,94.0,96.0,102.0,114.0,inferred
Sutton,2021-09-07,56.0,63.0,68.0,70.0,72.0,76.0,79.0,82.0,86.0,88.0,90.0,96.0,107.0,inferred
Sutton,2021-09-08,53.0,61.0,66.0,68.0,70.0,73.0,76.0,79.0,83.0,85.0,88.0,93.0,104.0,inferred
Sutton,2021-09-09,49.0,56.0,61.0,63.0,65.0,68.0,71.0,74.0,78.0,80.0,83.0,88.0,98.0,inferred
Sutton,2021-09-10,42.0,49.0,53.0,54.0,56.0,59.0,62.0,65.0,68.0,70.0,72.0,77.0,86.0,inferred
Sutton,2021-09-11,31.0,38.0,42.0,43.0,45.0,48.0,51.0,53.0,56.0,58.0,59.0,64.0,72.0,inferred
Sutton,2021-09-12,31.0,37.0,41.0,43.0,44.0,46.0,49.0,52.0,55.0,56.0,58.0,62.0,70.5,inferred
Sutton,2021-09-13,43.0,50.0,55.0,56.0,58.0,61.0,64.0,67.0,70.0,72.0,74.0,80.0,90.5,inferred
Sutton,2021-09-14,41.0,47.0,51.0,53.0,55.0,58.0,61.0,64.0,67.0,69.0,71.2,77.0,85.0,inferred
Sutton,2021-09-15,44.0,50.0,55.0,57.0,59.0,62.0,65.0,68.0,71.0,73.0,75.0,80.0,89.0,inferred
Sutton,2021-09-16,45.0,51.0,56.0,57.0,59.0,62.0,65.0,68.0,71.0,73.0,75.0,80.0,89.5,inferred
Sutton,2021-09-17,41.0,49.0,53.0,55.0,56.0,59.0,62.0,65.0,68.0,70.0,72.0,77.0,85.5,inferred
Sutton,2021-09-18,37.0,43.0,47.0,48.0,50.0,53.0,56.0,59.0,62.0,64.0,65.2,70.0,78.0,inferred
Sutton,2021-09-19,37.0,45.0,50.0,51.0,53.0,56.0,58.0,61.0,64.0,66.0,68.0,73.0,82.0,inferred
Sutton,2021-09-20,58.0,67.0,72.0,73.8,75.0,79.0,82.0,86.0,90.0,92.0,95.0,102.0,112.0,inferred
Sutton,2021-09-21,56.0,65.0,70.0,72.0,74.0,78.0,81.0,84.0,88.0,90.0,92.0,99.0,110.5,inferred
Sutton,2021-09-22,58.0,65.0,71.0,73.0,74.7,78.0,81.0,84.0,88.0,91.0,93.0,100.0,111.5,inferred
Sutton,2021-09-23,54.5,62.0,68.0,70.0,72.0,75.0,78.0,81.0,85.0,87.0,89.0,96.0,107.0,inferred
Sutton,2021-09-24,48.0,56.0,61.0,63.0,65.0,68.0,71.0,74.0,78.0,80.0,82.0,88.0,98.0,inferred
Sutton,2021-09-25,40.0,47.0,51.0,53.0,54.0,57.0,60.0,63.0,66.0,67.0,69.0,75.0,83.0,inferred
Sutton,2021-09-26,41.0,47.0,52.0,53.0,55.0,58.0,60.0,63.0,66.0,68.0,70.0,75.0,84.0,inferred
Sutton,2021-09-27,60.0,66.0,72.0,73.8,75.0,79.0,82.0,85.0,89.0,91.0,93.0,100.0,111.0,inferred
Sutton,2021-09-28,56.0,62.0,68.0,70.0,72.0,75.0,79.0,82.0,85.0,87.0,89.0,96.0,107.0,inferred
Sutton,2021-09-29,55.0,63.0,68.0,70.0,73.0,76.0,79.0,83.0,86.0,88.0,91.0,97.0,108.0,inferred
Sutton,2021-09-30,54.0,61.0,67.0,68.8,70.0,74.0,77.0,81.0,84.0,86.0,89.0,94.1,105.0,inferred
Sutton,2021-10-01,50.0,56.0,61.0,63.0,64.0,68.0,71.0,75.0,78.0,80.0,83.0,88.0,96.5,inferred
Sutton,2021-10-02,42.0,48.0,53.0,54.0,56.0,59.0,61.0,64.0,68.0,70.0,72.0,77.0,86.0,inferred
Sutton,2021-10-03,41.0,48.0,53.0,54.0,56.0,59.0,62.0,65.0,68.0,70.0,72.0,78.0,87.0,inferred
Sutton,2021-10-04,61.0,68.0,73.0,75.0,77.0,81.0,84.0,88.0,91.0,94.0,96.0,102.0,112.0,inferred
Sutton,2021-10-05,60.0,67.0,73.0,75.0,77.0,81.0,84.0,88.0,91.0,93.0,95.0,102.1,115.0,inferred
Sutton,2021-10-06,64.0,72.0,78.0,81.0,83.0,86.0,89.0,93.0,97.0,99.0,102.0,108.0,119.0,inferred
Sutton,2021-10-07,66.0,73.0,78.0,81.0,83.0,87.0,91.0,94.0,98.0,101.0,103.0,109.0,121.0,inferred
Sutton,2021-10-08,64.0,70.9,77.0,78.0,80.0,84.0,87.0,91.0,95.0,97.0,100.0,107.0,118.0,inferred
Sutton,2021-10-09,55.0,62.9,68.0,70.0,72.0,75.0,78.0,81.0,85.0,87.0,89.0,96.0,106.0,inferred
Sutton,2021-10-10,59.0,67.0,72.0,74.0,76.0,80.0,84.0,87.0,91.0,93.0,95.0,102.0,112.0,inferred
Sutton,2021-10-11,90.0,99.0,106.0,108.0,110.7,115.0,119.0,123.0,128.0,130.0,133.0,141.0,154.0,inferred
Sutton,2021-10-12,91.0,100.0,107.0,109.0,111.0,116.0,120.0,125.0,129.0,131.0,133.0,141.0,153.0,inferred
Sutton,2021-10-13,95.0,105.0,113.0,115.0,117.0,122.0,125.0,129.0,134.0,136.0,139.0,148.1,161.0,inferred
Sutton,2021-10-14,92.0,103.0,110.0,113.0,115.0,119.0,124.0,128.0,133.0,135.2,138.0,147.0,161.0,inferred
Sutton,2021-10-15,87.0,97.0,103.0,105.0,108.0,113.0,117.0,121.0,126.0,129.0,132.0,141.0,155.0,inferred
Swale,2021-07-03,13.0,17.0,20.0,21.0,22.0,24.0,26.0,28.0,31.0,32.0,34.0,38.0,45.0,inferred
Swale,2021-07-04,16.0,21.0,24.0,25.0,26.0,28.0,30.0,32.0,34.0,36.0,37.0,41.0,47.5,inferred
Swale,2021-07-05,26.0,32.0,36.0,38.0,39.0,42.0,44.0,47.0,50.0,51.0,53.0,58.0,66.0,inferred
Swale,2021-07-06,28.5,34.0,38.0,40.0,41.0,44.0,46.0,49.0,52.0,53.2,55.0,60.0,69.0,inferred
Swale,2021-07-07,35.0,40.0,44.0,46.0,47.0,50.0,53.0,56.0,59.0,61.0,63.0,68.0,76.0,inferred
Swale,2021-07-08,36.0,43.0,47.0,49.0,50.0,53.0,56.0,59.0,62.0,64.0,66.0,71.0,79.0,inferred
Swale,2021-07-09,38.0,44.0,49.0,51.0,52.0,55.0,58.0,61.0,64.0,65.0,68.0,72.0,80.5,inferred
Swale,2021-07-10,36.0,42.0,46.0,48.0,49.7,52.0,55.0,58.0,61.0,63.0,64.0,70.0,79.5,inferred
Swale,2021-07-11,43.0,49.0,54.0,55.0,57.0,60.0,63.0,66.0,70.0,71.0,74.0,80.0,89.5,inferred
Swale,2021-07-12,67.0,76.0,82.0,85.0,87.0,91.0,95.0,99.0,103.0,105.0,107.0,114.0,126.0,inferred
Swale,2021-07-13,68.0,77.0,83.0,85.0,88.0,92.0,96.0,101.0,104.0,107.0,110.0,117.0,129.5,inferred
Swale,2021-07-14,70.0,79.0,86.0,88.0,90.0,94.0,98.0,102.0,107.0,109.0,111.2,118.0,129.0,inferred
Swale,2021-07-15,64.0,74.0,80.0,83.0,85.0,89.0,92.0,96.0,100.0,102.0,104.0,110.1,120.0,inferred
Swale,2021-07-16,59.0,66.9,72.0,75.0,76.0,80.0,83.5,87.0,91.0,93.0,95.0,102.0,113.0,inferred
Swale,2021-07-17,47.0,54.9,59.0,61.0,63.0,66.0,70.0,73.0,77.0,79.0,82.0,88.0,98.0,inferred
Swale,2021-07-18,48.0,55.0,60.8,62.0,64.0,68.0,71.0,74.0,78.0,80.0,82.0,87.0,97.0,inferred
Swale,2021-07-19,66.0,74.0,80.0,82.0,84.0,88.0,92.5,96.0,100.0,102.0,105.0,112.0,122.0,inferred
Swale,2021-07-20,59.0,67.0,73.0,75.0,77.0,81.0,84.0,87.0,91.0,93.2,96.0,103.0,114.0,inferred
Swale,2021-07-21,54.0,61.0,66.0,69.0,70.0,74.0,78.0,81.0,84.0,87.0,89.0,96.0,108.0,inferred
Swale,2021-07-22,44.0,52.0,57.0,59.0,61.0,64.0,67.0,70.0,74.0,75.0,78.0,84.0,93.5,inferred
Swale,2021-07-23,35.0,42.0,46.8,48.0,50.0,53.0,56.0,59.0,62.0,64.0,66.0,72.0,80.0,inferred
Swale,2021-07-24,27.0,32.0,35.0,37.0,38.0,41.0,43.0,45.0,48.0,50.0,51.0,57.0,64.0,inferred
Swale,2021-07-25,23.0,28.0,32.0,33.0,35.0,37.0,39.0,42.0,44.0,46.0,48.0,52.0,60.5,inferred
Swale,2021-07-26,30.0,36.0,41.0,42.0,43.0,46.0,49.0,51.0,54.0,55.0,57.0,62.0,72.0,inferred
Swale,2021-07-27,26.0,32.0,36.0,37.0,39.0,41.0,43.0,46.0,49.0,50.0,52.0,57.0,64.5,inferred
Swale,2021-07-28,25.0,30.0,34.0,35.0,37.0,39.0,42.0,44.0,47.0,49.0,50.0,55.0,64.0,inferred
Swale,2021-07-29,21.0,27.0,30.0,32.0,33.0,35.0,38.0,40.0,42.0,44.0,46.0,50.0,58.0,inferred
Swale,2021-07-30,19.0,24.0,27.0,28.0,29.0,32.0,34.0,36.0,38.0,40.0,41.0,46.0,53.0,inferred
Swale,2021-07-31,15.0,19.0,22.0,23.0,24.0,26.0,28.0,30.0,32.0,33.2,35.0,39.0,45.0,inferred
Swale,2021-08-01,15.0,19.0,22.0,23.0,24.0,26.0,28.0,30.0,32.0,33.0,35.0,39.0,46.0,inferred
Swale,2021-08-02,20.0,26.0,29.8,31.0,32.0,34.0,37.0,38.4,41.0,42.0,44.0,49.0,55.0,inferred
Swale,2021-08-03,20.0,25.0,28.0,30.0,31.0,33.0,35.0,37.0,40.0,41.0,43.0,48.0,55.0,inferred
Swale,2021-08-04,22.0,26.0,30.0,31.0,32.0,34.0,36.0,38.0,41.0,43.0,44.0,49.0,58.0,inferred
Swale,2021-08-05,19.0,24.0,28.0,29.0,31.0,32.0,35.0,37.0,40.0,41.2,43.0,48.0,54.0,inferred
Swale,2021-08-06,19.0,23.0,26.0,28.0,29.0,31.0,33.5,36.0,38.0,40.0,41.0,46.0,53.0,inferred
Swale,2021-08-07,16.0,20.9,23.0,24.0,25.0,27.0,29.0,32.0,34.0,35.0,37.0,41.0,46.0,inferred
Swale,2021-08-08,17.0,21.0,24.0,25.0,27.0,29.0,31.0,33.0,35.3,37.0,38.0,42.0,50.0,inferred
Swale,2021-08-09,25.0,31.0,35.0,36.0,37.0,40.0,43.0,45.0,48.0,49.0,52.0,56.0,64.0,inferred
Swale,2021-08-10,25.5,31.0,35.0,36.0,38.0,40.0,42.0,44.0,47.0,49.0,51.0,55.0,64.0,inferred
Swale,2021-08-11,26.5,32.0,36.0,38.0,39.0,41.0,44.0,47.0,49.0,51.0,52.0,57.0,63.5,inferred
Swale,2021-08-12,26.0,32.0,36.0,37.0,39.0,41.0,43.0,46.0,49.0,50.0,52.0,57.0,64.0,inferred
Swale,2021-08-13,24.0,29.0,33.0,35.0,36.0,39.0,41.0,44.0,46.0,48.0,50.0,55.0,63.0,inferred
Swale,2021-08-14,21.0,26.0,29.0,30.0,31.0,34.0,36.0,38.0,41.0,42.0,44.0,49.0,57.0,inferred
Swale,2021-08-15,22.0,27.0,31.0,32.0,33.0,36.0,38.0,41.0,44.0,45.0,47.0,52.0,59.0,inferred
Swale,2021-08-16,33.0,39.0,44.0,45.0,47.0,50.0,53.0,55.0,58.0,60.0,62.0,67.0,77.0,inferred
Swale,2021-08-17,32.0,38.0,43.0,45.0,46.0,49.0,52.0,54.0,58.0,60.0,62.0,67.0,76.0,inferred
Swale,2021-08-18,33.0,40.0,45.0,46.0,48.0,50.0,53.0,56.0,59.0,60.0,62.0,67.0,76.0,inferred
Swale,2021-08-19,31.0,37.0,42.0,43.0,44.0,47.0,50.0,53.0,56.0,58.0,59.0,64.0,72.5,inferred
Swale,2021-08-20,29.0,34.0,38.0,40.0,41.0,44.0,47.0,49.0,52.0,54.0,56.0,61.0,69.5,inferred
Swale,2021-08-21,23.0,29.0,32.0,33.0,35.0,37.0,40.0,42.0,45.0,46.0,48.0,52.0,61.0,inferred
Swale,2021-08-22,24.0,29.9,34.0,35.0,36.0,39.0,41.0,43.0,46.0,47.0,49.0,54.0,60.5,inferred
Swale,2021-08-23,34.0,42.0,46.0,48.0,50.0,52.0,55.0,58.0,62.0,64.0,66.0,71.0,81.0,inferred
Swale,2021-08-24,34.0,41.0,45.0,47.0,48.0,51.0,53.0,56.0,60.0,61.0,64.0,69.0,77.5,inferred
Swale,2021-08-25,35.0,40.0,45.0,47.0,48.0,50.0,54.0,56.0,60.0,61.0,63.0,69.0,78.0,inferred
Swale,2021-08-26,32.0,37.0,42.0,43.0,45.0,48.0,51.0,54.0,57.0,58.0,60.0,65.0,74.5,inferred
Swale,2021-08-27,28.0,34.0,39.0,40.0,42.0,44.0,47.0,50.0,53.0,54.0,56.0,61.0,70.0,inferred
Swale,2021-08-28,25.0,29.0,32.0,34.0,35.0,38.0,40.0,42.0,45.0,46.0,48.0,53.0,61.0,inferred
Swale,2021-08-29,24.5,30.0,33.0,35.0,36.0,39.0,41.0,43.0,46.0,48.0,49.0,54.0,63.0,inferred
Swale,2021-08-30,34.0,41.0,46.0,47.0,49.0,52.0,55.0,57.0,60.0,62.0,65.0,71.0,80.0,inferred
Swale,2021-08-31,33.0,39.0,43.0,45.0,47.0,50.0,53.0,55.0,58.0,60.0,63.0,68.0,76.0,inferred
Swale,2021-09-01,32.0,39.0,43.0,45.0,47.0,49.0,52.0,55.0,58.0,60.0,61.0,67.0,76.5,inferred
Swale,2021-09-02,32.0,37.0,41.0,43.0,44.0,47.0,50.0,52.0,55.0,57.0,59.0,64.0,73.0,inferred
Swale,2021-09-03,28.0,34.0,37.0,39.0,40.0,43.0,46.0,48.0,50.0,52.0,53.0,58.1,67.0,inferred
Swale,2021-09-04,22.0,27.0,30.0,32.0,33.0,35.0,38.0,40.0,43.0,44.0,46.0,51.0,58.0,inferred
Swale,2021-09-05,22.0,27.0,30.0,32.0,33.0,36.0,38.0,40.0,43.0,44.0,46.0,51.0,59.0,inferred
Swale,2021-09-06,30.0,36.0,41.0,42.0,44.0,47.0,49.0,52.0,55.0,57.0,59.0,64.0,73.0,inferred
Swale,2021-09-07,29.0,34.9,39.0,40.0,42.0,45.0,47.0,50.0,53.0,54.0,57.0,61.0,71.0,inferred
Swale,2021-09-08,28.0,33.0,37.0,39.0,40.0,43.0,45.0,48.0,51.0,52.0,54.0,59.0,67.0,inferred
Swale,2021-09-09,25.0,30.0,33.0,35.0,36.0,39.0,41.0,44.0,46.0,48.0,49.0,54.0,63.0,inferred
Swale,2021-09-10,21.0,26.0,30.0,31.0,32.0,34.0,36.0,38.0,41.0,42.0,44.0,48.0,55.0,inferred
Swale,2021-09-11,16.0,20.0,23.0,24.0,25.0,28.0,29.0,32.0,34.0,35.0,37.0,41.0,48.0,inferred
Swale,2021-09-12,15.0,20.0,23.0,24.0,25.0,27.6,29.0,32.0,34.0,35.0,37.0,40.0,47.0,inferred
Swale,2021-09-13,21.0,26.9,30.0,32.0,33.0,36.0,38.0,41.0,43.0,45.0,47.0,51.0,58.0,inferred
Swale,2021-09-14,20.0,25.0,28.0,30.0,31.0,33.0,35.0,37.4,40.0,41.0,43.0,48.0,55.0,inferred
Swale,2021-09-15,20.0,24.0,27.8,29.0,30.0,32.0,35.0,37.0,39.0,41.0,43.0,47.0,54.0,inferred
Swale,2021-09-16,17.0,22.0,25.0,26.8,28.0,30.0,31.0,34.0,36.0,37.0,39.0,43.0,50.5,inferred
Swale,2021-09-17,15.0,19.0,22.0,23.0,24.0,26.0,28.0,30.0,32.3,34.0,35.0,39.0,46.0,inferred
Swale,2021-09-18,11.0,15.0,18.0,19.0,20.0,22.0,24.0,26.0,28.0,29.0,30.0,34.0,40.0,inferred
Swale,2021-09-19,11.0,15.0,18.0,19.0,20.0,22.0,24.0,25.0,27.0,29.0,30.0,34.0,40.5,inferred
Swale,2021-09-20,17.0,21.0,24.0,25.0,26.0,28.0,30.0,33.0,35.0,36.0,38.0,42.0,49.0,inferred
Swale,2021-09-21,16.0,20.0,23.0,24.0,25.0,27.0,29.0,31.0,33.0,34.0,36.0,40.0,46.0,inferred
Swale,2021-09-22,15.0,20.0,23.0,24.0,25.0,26.0,29.0,31.0,33.0,35.0,36.0,40.0,47.5,inferred
Swale,2021-09-23,13.0,17.0,20.0,22.0,23.0,25.0,26.0,28.0,31.0,32.0,33.0,37.0,46.0,inferred
Swale,2021-09-24,11.0,16.0,18.0,19.0,20.0,22.0,24.0,26.0,28.0,29.0,31.0,34.0,40.0,inferred
Swale,2021-09-25,9.0,13.0,15.0,16.0,17.0,19.0,20.0,22.0,24.0,25.0,26.0,29.0,36.0,inferred
Swale,2021-09-26,9.0,13.0,15.0,16.0,17.0,19.0,20.0,22.0,24.0,25.0,26.0,30.0,36.0,inferred
Swale,2021-09-27,14.0,18.0,21.0,22.0,23.0,25.0,27.0,29.0,31.0,33.0,34.0,38.0,44.0,inferred
Swale,2021-09-28,14.0,17.0,21.0,22.0,23.0,25.0,27.0,29.0,31.0,32.0,34.0,38.0,43.0,inferred
Swale,2021-09-29,14.0,18.0,21.0,22.0,23.0,26.0,28.0,29.0,31.0,33.0,34.0,38.0,45.0,inferred
Swale,2021-09-30,14.0,18.0,20.0,22.0,23.0,25.0,27.0,29.0,30.0,32.0,33.0,37.0,44.0,inferred
Swale,2021-10-01,12.0,16.0,19.0,20.0,22.0,23.0,25.0,27.0,29.0,30.0,32.0,35.1,41.0,inferred
Swale,2021-10-02,10.5,14.0,16.0,17.0,18.0,20.0,22.0,24.0,26.0,27.0,28.0,32.0,37.5,inferred
Swale,2021-10-03,11.0,15.0,17.0,18.0,19.0,21.0,23.0,25.0,27.0,28.0,29.0,33.0,40.0,inferred
Swale,2021-10-04,17.0,21.0,25.0,26.0,27.0,29.0,31.0,34.0,36.0,38.0,40.0,44.0,50.0,inferred
Swale,2021-10-05,17.0,22.0,25.0,26.0,27.0,30.0,32.0,34.0,37.0,38.0,39.0,44.0,51.0,inferred
Swale,2021-10-06,19.0,24.0,27.0,29.0,30.0,32.0,34.0,36.0,39.0,40.2,42.0,46.0,53.0,inferred
Swale,2021-10-07,20.0,25.0,27.0,29.0,30.0,33.0,35.0,37.0,40.0,41.0,43.0,47.0,53.0,inferred
Swale,2021-10-08,19.0,24.0,28.0,29.0,30.0,33.0,35.0,37.0,40.0,41.0,43.0,47.1,55.0,inferred
Swale,2021-10-09,17.0,22.0,25.0,26.0,28.0,30.0,31.0,34.0,36.0,38.0,39.0,44.0,50.0,inferred
Swale,2021-10-10,20.0,25.0,28.0,29.0,31.0,33.0,35.0,37.0,40.0,41.0,43.0,47.0,56.0,inferred
Swale,2021-10-11,30.0,37.0,42.0,44.0,45.0,48.0,51.0,54.0,57.0,58.0,60.0,66.0,74.5,inferred
Swale,2021-10-12,31.0,38.0,43.0,45.0,46.0,49.0,52.0,54.0,58.0,59.0,61.0,67.0,75.0,inferred
Swale,2021-10-13,35.0,41.9,46.0,48.0,49.0,52.0,55.0,58.0,61.0,63.0,65.0,70.0,79.0,inferred
Swale,2021-10-14,32.0,40.0,45.0,47.0,49.0,52.0,55.0,58.0,61.0,63.0,65.0,71.0,81.0,inferred
Swale,2021-10-15,32.0,38.9,43.0,45.0,47.0,50.0,53.0,56.0,60.0,62.0,64.0,70.0,81.0,inferred
Swansea,2021-07-03,6.0,10.0,12.0,13.0,14.0,16.0,18.0,20.0,23.0,24.0,26.0,30.0,35.5,inferred
Swansea,2021-07-04,8.0,11.0,14.0,15.0,16.0,18.0,20.0,22.0,24.0,26.0,28.0,32.1,41.5,inferred
Swansea,2021-07-05,14.0,19.0,22.0,23.0,24.0,27.0,29.0,32.0,35.0,37.0,38.0,43.0,51.0,inferred
Swansea,2021-07-06,16.0,21.0,24.0,26.0,27.0,29.6,32.0,34.0,37.0,39.0,41.0,46.0,54.5,inferred
Swansea,2021-07-07,18.0,22.0,26.0,27.0,28.7,31.0,34.0,36.0,40.0,41.0,43.0,49.0,59.0,inferred
Swansea,2021-07-08,18.0,23.0,27.0,28.0,30.0,32.0,35.0,38.0,41.0,43.0,45.0,50.0,60.0,inferred
Swansea,2021-07-09,17.0,22.0,26.0,28.0,29.0,31.0,34.0,37.0,40.0,41.0,43.0,49.0,59.5,inferred
Swansea,2021-07-10,15.0,20.0,23.0,24.0,26.0,29.0,31.0,34.0,36.3,38.0,40.0,45.0,54.0,inferred
Swansea,2021-07-11,16.0,21.0,25.0,26.0,27.0,30.0,32.0,35.0,38.0,40.0,42.0,47.0,56.0,inferred
Swansea,2021-07-12,27.0,35.0,39.0,41.0,43.0,46.0,49.0,52.0,56.0,58.0,60.0,66.1,78.0,inferred
Swansea,2021-07-13,29.0,35.0,41.0,43.0,44.0,48.0,51.0,54.0,58.0,60.0,63.0,69.0,80.0,inferred
Swansea,2021-07-14,28.0,36.0,41.0,42.0,44.0,47.0,50.0,53.0,57.0,59.0,61.0,68.1,79.0,inferred
Swansea,2021-07-15,28.0,34.0,39.0,41.0,42.0,45.0,48.0,52.0,55.0,57.0,60.0,67.0,78.0,inferred
Swansea,2021-07-16,23.0,29.0,33.0,35.0,37.0,40.0,42.0,45.0,49.0,51.0,53.0,58.0,69.0,inferred
Swansea,2021-07-17,18.0,24.0,28.0,29.0,30.0,33.0,36.0,39.0,42.0,44.0,46.0,52.0,61.0,inferred
Swansea,2021-07-18,18.0,24.0,27.8,29.0,30.7,33.0,36.0,39.0,42.0,44.0,46.0,51.0,62.0,inferred
Swansea,2021-07-19,29.0,36.0,41.0,43.0,44.0,47.0,50.0,53.0,57.0,59.0,61.0,67.0,78.0,inferred
Swansea,2021-07-20,28.0,35.0,39.8,41.0,43.0,46.0,49.0,53.0,56.0,59.0,61.0,68.0,80.0,inferred
Swansea,2021-07-21,27.0,34.0,39.0,41.0,42.0,46.0,49.0,52.0,56.0,58.0,61.0,67.1,78.0,inferred
Swansea,2021-07-22,25.0,33.0,38.0,39.0,41.0,44.0,47.0,50.0,53.0,55.0,58.0,64.0,74.0,inferred
Swansea,2021-07-23,21.0,27.0,31.0,33.0,34.0,37.0,40.0,43.0,46.0,48.0,50.0,56.0,66.0,inferred
Swansea,2021-07-24,17.0,22.0,25.0,27.0,28.0,31.0,33.0,36.0,39.0,40.0,42.0,48.0,57.0,inferred
Swansea,2021-07-25,17.0,22.0,25.0,26.0,28.0,31.0,33.0,35.0,38.0,40.0,43.0,48.0,58.0,inferred
Swansea,2021-07-26,25.0,32.0,37.0,38.0,40.0,43.0,45.0,49.0,52.0,54.0,56.0,63.0,74.0,inferred
Swansea,2021-07-27,23.0,30.0,35.0,37.0,38.0,41.0,44.0,48.0,51.0,53.0,55.0,61.0,72.0,inferred
Swansea,2021-07-28,24.5,31.0,35.0,37.0,39.0,42.0,44.0,47.0,51.0,53.0,54.0,61.0,71.5,inferred
Swansea,2021-07-29,23.0,30.0,34.0,36.0,37.0,40.0,44.0,46.0,50.0,51.0,54.0,59.0,68.0,inferred
Swansea,2021-07-30,20.0,25.0,30.0,32.0,33.0,36.0,38.0,41.0,44.0,45.0,48.0,54.0,63.0,inferred
Swansea,2021-07-31,15.5,21.0,24.0,26.0,27.0,30.0,32.0,35.0,38.0,40.0,41.0,47.0,57.0,inferred
Swansea,2021-08-01,16.0,21.0,25.0,26.0,28.0,30.0,33.0,35.0,38.0,40.0,42.0,47.1,57.0,inferred
Swansea,2021-08-02,25.0,30.0,35.0,37.0,39.0,43.0,46.0,49.0,53.0,55.0,57.0,63.0,73.0,inferred
Swansea,2021-08-03,26.0,33.0,38.0,39.0,41.0,43.0,47.0,50.0,54.0,55.0,58.0,64.0,75.0,inferred
Swansea,2021-08-04,27.0,35.0,39.0,42.0,43.0,47.0,50.0,54.0,57.0,59.0,61.0,67.1,77.5,inferred
Swansea,2021-08-05,28.5,36.0,41.0,43.0,45.0,48.0,51.0,54.0,58.0,60.0,63.0,69.1,81.0,inferred
Swansea,2021-08-06,26.0,33.0,38.0,40.0,42.0,45.0,48.0,51.0,55.0,57.0,60.0,66.0,77.0,inferred
Swansea,2021-08-07,23.0,29.0,33.0,35.0,37.0,40.0,42.0,46.0,49.0,50.0,53.0,60.0,69.0,inferred
Swansea,2021-08-08,25.0,31.0,35.0,37.0,39.0,42.0,45.0,48.0,52.0,54.0,56.0,62.0,71.0,inferred
Swansea,2021-08-09,40.5,49.0,54.0,56.0,58.0,63.0,67.0,71.0,75.0,78.0,81.0,89.0,101.0,inferred
Swansea,2021-08-10,45.0,54.0,61.0,63.8,66.0,70.0,74.0,78.0,82.0,84.2,87.0,96.0,109.0,inferred
Swansea,2021-08-11,54.0,64.0,69.0,72.0,75.0,80.0,84.0,88.0,92.0,96.0,99.0,106.0,119.0,inferred
Swansea,2021-08-12,62.0,71.0,78.0,80.0,82.0,87.0,91.0,96.0,101.0,104.0,107.0,116.1,130.5,inferred
Swansea,2021-08-13,61.0,72.0,79.0,82.0,84.0,89.0,93.0,98.0,102.0,105.0,109.0,117.0,130.0,inferred
Swansea,2021-08-14,62.0,69.0,77.0,80.0,82.0,86.0,91.0,95.0,99.0,102.0,105.0,113.0,126.0,inferred
Swansea,2021-08-15,71.0,80.0,87.0,90.0,93.0,98.0,102.0,107.0,112.0,115.2,119.0,128.0,140.5,inferred
Swansea,2021-08-16,119.0,132.0,142.0,146.0,149.0,155.0,161.0,168.0,174.0,177.0,182.0,192.0,210.0,inferred
Swansea,2021-08-17,131.5,146.0,157.0,160.0,164.0,171.0,177.0,183.0,191.0,195.0,200.0,211.0,232.0,inferred
Swansea,2021-08-18,142.0,157.9,169.0,173.0,177.0,183.0,189.0,195.0,202.0,206.0,211.0,224.0,244.0,inferred
Swansea,2021-08-19,148.0,161.9,172.0,176.0,180.0,187.0,193.0,200.0,206.0,209.0,214.0,225.0,243.0,inferred
Swansea,2021-08-20,134.5,153.0,163.0,167.0,171.0,177.0,183.0,189.0,195.0,199.0,203.0,218.0,235.5,inferred
Swansea,2021-08-21,122.0,136.0,146.0,150.0,154.0,160.0,165.5,172.0,179.0,182.0,186.0,196.0,212.0,inferred
Swansea,2021-08-22,132.0,147.0,156.0,159.0,162.0,168.0,175.0,181.0,188.0,191.0,195.0,206.0,221.5,inferred
Swansea,2021-08-23,202.5,221.0,232.0,237.0,241.0,250.0,257.0,265.0,274.0,278.2,284.0,298.0,318.5,inferred
Swansea,2021-08-24,207.5,227.0,241.0,245.0,250.0,258.0,265.5,273.0,282.0,287.0,292.0,307.0,335.0,inferred
Swansea,2021-08-25,210.0,229.0,243.0,248.0,253.0,260.0,267.0,274.0,283.0,288.0,293.2,307.0,330.0,inferred
Swansea,2021-08-26,204.0,222.9,233.0,238.0,242.0,250.0,257.0,264.0,271.0,277.0,282.0,295.0,317.0,inferred
Swansea,2021-08-27,179.0,193.9,204.0,208.0,212.0,219.6,226.0,233.0,241.0,246.0,250.0,263.0,285.5,inferred
Swansea,2021-08-28,146.0,162.0,173.0,176.0,180.0,188.0,194.0,200.0,206.0,210.0,215.0,227.1,245.5,inferred
Swansea,2021-08-29,149.0,163.0,173.0,178.0,181.0,188.0,194.0,201.0,208.0,212.0,217.0,228.1,249.5,inferred
Swansea,2021-08-30,214.0,232.0,245.0,249.0,253.0,262.0,271.0,278.0,287.0,291.0,296.0,312.0,332.5,inferred
Swansea,2021-08-31,213.0,233.0,246.0,250.8,254.0,263.0,270.0,279.0,287.0,292.0,298.0,314.0,338.0,inferred
Swansea,2021-09-01,216.0,231.0,243.0,249.0,253.0,260.0,268.0,275.0,283.0,287.0,292.0,306.1,332.0,inferred
Swansea,2021-09-02,202.5,219.0,232.0,237.0,242.0,250.0,257.0,265.0,274.0,278.0,283.0,295.0,319.0,inferred
Swansea,2021-09-03,175.0,192.0,204.0,208.8,213.7,220.0,226.0,233.4,240.0,244.0,250.0,263.0,284.0,inferred
Swansea,2021-09-04,146.5,160.0,170.0,174.0,177.0,184.0,191.0,197.0,204.0,208.0,212.0,223.0,244.0,inferred
Swansea,2021-09-05,140.0,159.0,169.0,172.0,176.0,182.0,189.0,194.0,202.0,206.0,211.0,222.0,239.0,inferred
Swansea,2021-09-06,202.5,222.9,235.0,239.0,244.0,252.0,260.0,268.0,276.0,281.0,286.0,300.0,326.0,inferred
Swansea,2021-09-07,199.0,219.0,232.8,238.0,243.0,251.0,258.0,266.0,274.0,279.0,283.0,297.0,318.0,inferred
Swansea,2021-09-08,202.0,220.0,231.0,237.0,241.0,248.0,255.0,262.0,268.0,272.0,277.0,291.0,311.5,inferred
Swansea,2021-09-09,192.5,212.0,224.8,228.0,233.0,240.0,246.0,253.0,261.0,265.2,271.0,284.0,307.0,inferred
Swansea,2021-09-10,169.0,184.0,196.0,201.0,205.0,212.0,218.5,225.0,232.0,236.0,241.0,253.0,270.0,inferred
Swansea,2021-09-11,142.5,159.0,168.0,172.0,175.0,181.0,188.0,194.0,201.0,205.0,209.0,220.1,236.5,inferred
Swansea,2021-09-12,144.0,157.0,167.0,171.0,175.0,182.0,188.0,193.0,200.0,204.0,208.0,219.0,238.0,inferred
Swansea,2021-09-13,204.5,223.0,234.8,240.0,244.0,253.0,261.0,267.0,276.0,280.0,286.0,299.0,323.0,inferred
Swansea,2021-09-14,208.0,227.0,240.0,245.0,249.0,258.0,264.5,271.0,281.0,286.0,292.0,306.0,332.0,inferred
Swansea,2021-09-15,217.5,236.0,248.0,252.0,256.0,264.0,271.0,279.0,287.0,292.0,297.0,311.0,335.0,inferred
Swansea,2021-09-16,215.9,235.0,247.0,252.0,256.0,265.0,273.0,280.0,288.0,292.0,296.2,309.0,332.0,inferred
Swansea,2021-09-17,198.0,214.0,226.0,230.0,234.0,243.0,250.0,257.0,266.0,271.0,276.0,288.0,310.0,inferred
Swansea,2021-09-18,169.0,185.0,196.0,200.8,205.0,213.0,219.0,225.0,232.0,236.0,241.0,254.0,272.0,inferred
Swansea,2021-09-19,175.0,192.0,204.0,208.0,212.0,218.0,225.0,233.0,240.0,245.0,251.0,263.1,284.0,inferred
Swansea,2021-09-20,259.5,279.0,293.0,298.0,303.0,312.0,320.0,329.0,339.0,344.0,348.0,363.0,387.5,inferred
Swansea,2021-09-21,258.0,276.0,291.0,297.0,301.0,311.0,320.0,328.0,337.0,342.0,349.0,364.0,388.0,inferred
Swansea,2021-09-22,240.0,260.0,274.0,279.8,283.0,292.6,300.0,308.0,317.0,322.0,328.0,344.0,367.5,inferred
Swansea,2021-09-23,219.0,239.0,252.0,257.0,262.0,269.0,276.0,284.0,292.0,297.0,303.0,317.0,344.0,inferred
Swansea,2021-09-24,180.5,197.0,206.0,210.0,215.0,222.0,229.0,236.0,244.0,248.0,253.0,265.0,287.5,inferred
Swansea,2021-09-25,138.0,153.0,163.0,168.0,171.0,179.0,185.0,191.0,199.0,202.0,206.0,217.0,235.0,inferred
Swansea,2021-09-26,132.0,146.0,155.0,160.0,163.0,169.0,175.0,181.0,187.0,190.0,195.0,206.0,223.5,inferred
Swansea,2021-09-27,177.5,193.0,205.0,209.0,213.0,221.0,228.0,235.0,243.0,247.0,252.0,265.0,286.0,inferred
Swansea,2021-09-28,169.0,186.0,197.0,201.0,206.0,213.0,221.0,228.0,236.0,241.0,245.0,260.0,283.5,inferred
Swansea,2021-09-29,166.0,183.0,195.0,199.0,203.0,211.0,218.0,225.0,232.0,235.0,240.0,253.0,273.0,inferred
Swansea,2021-09-30,159.0,176.0,188.0,192.0,197.0,203.0,210.0,217.0,223.0,227.0,231.0,245.0,264.5,inferred
Swansea,2021-10-01,141.5,154.0,164.0,168.0,172.0,179.0,184.0,191.0,197.3,201.2,205.0,216.0,237.0,inferred
Swansea,2021-10-02,115.5,130.0,139.0,142.0,146.0,150.0,156.0,162.0,168.0,171.0,175.0,185.0,202.0,inferred
Swansea,2021-10-03,114.0,128.0,136.0,139.8,143.7,150.0,155.0,161.0,168.0,172.0,176.0,186.0,202.0,inferred
Swansea,2021-10-04,164.0,181.0,191.8,196.0,200.0,207.0,214.0,220.0,227.0,232.0,237.0,250.0,272.5,inferred
Swansea,2021-10-05,159.5,177.0,188.0,193.0,197.0,204.0,210.0,218.0,225.0,230.0,235.0,246.0,266.5,inferred
Swansea,2021-10-06,161.0,177.0,187.0,191.0,195.0,201.0,209.5,216.0,225.0,229.0,234.0,246.0,264.5,inferred
Swansea,2021-10-07,152.0,167.0,179.0,183.0,187.0,194.0,201.0,208.0,216.0,219.2,225.0,236.0,252.5,inferred
Swansea,2021-10-08,136.0,150.0,159.0,163.0,167.0,173.0,179.0,186.0,192.0,196.0,200.0,209.0,227.0,inferred
Swansea,2021-10-09,113.0,125.0,134.0,138.0,141.0,146.0,151.0,157.0,163.0,166.2,169.0,179.0,195.5,inferred
Swansea,2021-10-10,110.0,124.0,134.0,137.0,141.0,146.0,152.0,157.0,163.0,167.0,171.0,180.0,197.0,inferred
Swansea,2021-10-11,160.0,175.0,186.0,190.0,194.0,202.0,209.0,216.0,222.0,228.0,233.0,245.0,263.0,inferred
Swansea,2021-10-12,163.5,179.0,191.0,196.0,200.0,207.0,215.0,222.0,229.0,233.0,238.0,251.0,269.5,inferred
Swansea,2021-10-13,167.0,183.9,195.0,200.0,205.0,213.0,219.0,226.0,234.0,238.0,243.2,256.0,276.5,inferred
Swansea,2021-10-14,167.0,183.0,196.0,201.0,206.0,213.0,221.0,228.0,235.0,239.0,244.0,256.0,276.5,inferred
Swansea,2021-10-15,149.0,167.0,180.0,183.0,187.0,195.0,202.0,209.0,217.0,221.2,226.0,240.0,264.0,inferred
Swindon,2021-07-03,20.0,26.0,32.0,34.0,36.0,39.0,43.0,47.0,52.0,55.0,58.0,66.0,82.0,inferred
Swindon,2021-07-04,22.5,30.0,36.0,39.0,41.0,46.0,49.0,53.0,58.0,62.0,65.0,73.0,87.5,inferred
Swindon,2021-07-05,40.0,50.0,57.0,60.8,64.0,69.0,74.0,80.0,85.0,88.0,93.0,103.0,120.0,inferred
Swindon,2021-07-06,47.0,58.0,65.0,69.0,72.0,76.0,81.0,87.0,94.0,97.0,101.0,112.0,134.0,inferred
Swindon,2021-07-07,54.0,63.9,71.0,74.0,78.0,83.0,88.0,94.0,101.0,104.0,108.0,119.0,139.5,inferred
Swindon,2021-07-08,57.0,68.0,77.0,80.0,83.0,89.0,94.0,100.0,107.0,110.0,114.0,126.0,143.5,inferred
Swindon,2021-07-09,58.0,70.0,79.0,82.0,85.0,90.0,95.0,102.0,108.0,111.0,115.2,126.1,145.5,inferred
Swindon,2021-07-10,52.0,62.0,71.0,74.0,77.0,83.0,89.0,94.0,100.0,103.0,107.0,120.0,140.5,inferred
Swindon,2021-07-11,59.0,71.0,80.0,84.0,88.0,94.0,100.0,106.0,113.0,116.2,121.0,132.0,152.0,inferred
Swindon,2021-07-12,97.0,112.0,126.0,130.0,134.0,141.0,149.0,156.4,166.3,171.0,177.0,194.0,218.5,inferred
Swindon,2021-07-13,102.0,119.0,132.0,137.0,141.0,149.0,159.0,168.0,177.0,183.0,189.0,207.0,232.0,inferred
Swindon,2021-07-14,101.5,119.0,130.0,135.0,139.0,147.0,156.0,164.0,172.0,177.0,183.0,199.0,221.0,inferred
Swindon,2021-07-15,100.0,116.9,127.0,131.0,135.0,143.0,151.0,159.0,167.0,172.0,178.0,193.1,219.0,inferred
Swindon,2021-07-16,88.0,103.0,114.0,118.0,123.0,129.0,136.0,142.0,150.0,154.2,158.0,174.0,199.0,inferred
Swindon,2021-07-17,68.0,82.0,91.0,95.0,99.0,106.0,112.0,119.0,126.0,131.0,136.0,149.0,170.0,inferred
Swindon,2021-07-18,68.5,82.0,93.0,97.0,101.0,107.0,114.0,121.0,128.0,133.0,136.0,149.0,173.0,inferred
Swindon,2021-07-19,99.5,114.9,126.0,131.0,136.0,146.0,153.5,163.0,173.0,178.0,184.0,200.0,227.0,inferred
Swindon,2021-07-20,98.5,117.0,129.0,134.0,138.0,145.0,153.5,162.0,170.0,176.0,182.0,199.0,225.0,inferred
Swindon,2021-07-21,92.0,107.0,118.0,123.0,127.0,135.0,142.0,150.0,158.0,162.0,168.0,181.1,205.0,inferred
Swindon,2021-07-22,82.0,99.0,110.0,113.0,117.0,124.0,129.5,136.4,145.0,150.0,154.0,171.0,191.5,inferred
Swindon,2021-07-23,71.0,84.0,93.0,97.0,101.0,107.0,114.0,122.0,131.0,135.0,140.0,153.1,175.5,inferred
Swindon,2021-07-24,51.0,64.0,72.0,75.0,78.0,84.0,90.0,96.0,103.0,106.0,110.0,122.1,139.0,inferred
Swindon,2021-07-25,50.0,62.0,71.0,74.0,77.0,84.0,89.0,95.0,100.3,104.0,109.2,122.0,140.0,inferred
Swindon,2021-07-26,69.5,82.9,93.0,98.0,102.0,109.0,116.0,124.0,131.0,136.0,140.0,153.0,179.0,inferred
Swindon,2021-07-27,69.0,82.0,93.0,98.0,101.0,108.0,115.0,122.0,129.0,133.0,138.0,154.0,172.0,inferred
Swindon,2021-07-28,70.0,83.0,93.0,97.0,101.0,108.0,113.0,120.0,127.0,131.0,136.0,149.0,171.5,inferred
Swindon,2021-07-29,69.0,81.0,91.0,95.0,98.0,105.0,112.0,118.0,124.0,128.0,133.2,147.0,170.0,inferred
Swindon,2021-07-30,62.0,75.0,83.0,87.0,90.0,96.0,102.0,109.0,116.0,119.0,125.0,138.0,161.0,inferred
Swindon,2021-07-31,49.0,60.0,68.0,72.0,75.0,81.0,87.0,92.0,98.0,101.0,106.0,117.0,137.5,inferred
Swindon,2021-08-01,50.5,62.0,72.0,75.0,78.0,85.0,91.0,97.0,102.0,106.0,110.0,122.0,143.5,inferred
Swindon,2021-08-02,74.5,91.0,101.0,106.0,111.0,118.0,125.0,132.0,142.0,147.0,151.0,164.0,188.0,inferred
Swindon,2021-08-03,78.5,93.0,103.0,107.0,111.0,118.0,125.5,133.0,141.0,146.0,151.0,166.0,193.5,inferred
Swindon,2021-08-04,77.0,91.0,101.0,105.0,109.0,116.0,123.0,129.4,138.0,143.0,149.0,162.1,184.5,inferred
Swindon,2021-08-05,72.0,88.0,99.0,104.0,107.0,115.0,122.0,128.0,136.0,139.0,144.0,158.0,182.0,inferred
Swindon,2021-08-06,69.0,82.0,91.0,95.0,99.0,106.0,113.0,118.4,126.0,131.0,135.2,149.1,166.5,inferred
Swindon,2021-08-07,54.5,67.0,76.0,79.0,82.0,88.0,94.0,99.0,106.0,110.0,114.0,126.0,149.0,inferred
Swindon,2021-08-08,56.0,69.0,78.0,82.0,86.0,91.0,97.0,103.0,109.0,113.0,118.0,130.0,151.0,inferred
Swindon,2021-08-09,84.0,100.0,111.0,114.0,118.0,125.0,134.0,141.0,149.0,154.0,159.0,174.0,192.5,inferred
Swindon,2021-08-10,84.0,102.0,113.0,117.0,121.0,129.0,136.0,144.0,152.0,156.0,162.0,175.0,198.5,inferred
Swindon,2021-08-11,84.0,99.0,109.0,114.0,118.0,125.0,133.0,140.0,148.0,153.0,158.0,170.0,192.5,inferred
Swindon,2021-08-12,82.0,97.0,106.0,111.0,114.0,121.0,128.0,136.0,144.0,149.0,154.0,168.1,194.0,inferred
Swindon,2021-08-13,71.5,86.0,97.0,101.0,104.0,110.0,117.0,123.0,132.0,136.0,142.0,156.0,179.5,inferred
Swindon,2021-08-14,57.0,71.0,80.0,84.0,86.0,93.0,99.0,105.0,111.0,115.0,119.0,131.1,149.0,inferred
Swindon,2021-08-15,61.0,74.0,83.0,86.0,90.0,97.0,102.0,109.0,116.0,121.0,126.0,139.0,159.0,inferred
Swindon,2021-08-16,88.0,104.0,116.0,120.0,125.0,133.0,141.0,149.0,156.0,161.0,166.0,184.0,204.0,inferred
Swindon,2021-08-17,90.5,106.0,117.0,121.0,125.7,134.0,142.0,150.0,159.0,163.0,169.0,181.0,202.0,inferred
Swindon,2021-08-18,84.0,102.0,112.0,116.0,121.0,129.0,135.5,143.0,151.0,156.0,162.0,176.0,199.5,inferred
Swindon,2021-08-19,80.0,97.0,108.0,112.0,117.0,124.0,130.0,138.0,146.0,151.0,156.0,170.0,194.5,inferred
Swindon,2021-08-20,71.0,85.9,96.0,100.0,103.0,109.0,117.0,123.0,131.0,135.0,141.0,155.0,178.0,inferred
Swindon,2021-08-21,54.0,67.0,76.0,80.0,84.0,90.0,95.0,101.0,107.0,111.0,115.0,127.0,147.0,inferred
Swindon,2021-08-22,54.0,68.0,77.0,81.0,85.0,91.0,97.0,102.0,110.0,114.0,118.2,132.1,155.5,inferred
Swindon,2021-08-23,82.5,95.9,106.0,111.0,115.0,122.0,129.5,137.0,145.0,149.0,155.0,171.0,197.0,inferred
Swindon,2021-08-24,81.5,98.0,110.0,114.0,118.0,125.0,133.0,140.0,149.0,153.0,159.0,173.0,196.0,inferred
Swindon,2021-08-25,81.0,97.0,109.0,114.0,117.0,125.0,132.0,139.0,147.0,152.0,157.0,172.0,195.0,inferred
Swindon,2021-08-26,85.0,100.0,111.0,115.0,119.0,126.0,133.0,140.0,149.0,153.0,158.0,172.0,192.0,inferred
Swindon,2021-08-27,77.0,91.9,103.0,107.8,111.0,117.0,124.5,131.0,140.0,144.0,148.0,162.1,184.0,inferred
Swindon,2021-08-28,66.0,77.0,86.0,90.0,94.0,99.0,106.0,112.0,119.0,122.0,127.0,139.1,158.5,inferred
Swindon,2021-08-29,66.0,80.0,89.0,93.0,97.0,104.0,111.0,118.0,126.0,130.0,135.0,148.0,172.5,inferred
Swindon,2021-08-30,96.0,113.0,127.0,132.0,137.0,146.0,153.0,160.4,169.3,175.0,181.0,199.0,226.0,inferred
Swindon,2021-08-31,98.0,116.9,130.0,136.0,141.0,148.0,156.0,164.0,172.0,177.0,182.0,199.0,227.5,inferred
Swindon,2021-09-01,93.0,108.9,120.0,125.0,129.0,137.0,144.0,151.4,160.0,165.0,171.0,184.0,211.5,inferred
Swindon,2021-09-02,80.0,98.0,109.8,114.0,119.0,126.6,134.0,142.0,150.0,154.0,159.0,173.0,193.0,inferred
Swindon,2021-09-03,67.5,83.0,93.0,96.0,99.0,106.0,113.0,120.0,126.0,131.0,136.0,151.0,176.0,inferred
Swindon,2021-09-04,51.5,63.0,72.0,75.0,78.0,85.0,90.0,96.0,103.0,105.0,109.0,120.0,138.0,inferred
Swindon,2021-09-05,48.0,61.0,71.0,74.0,77.0,82.0,88.0,94.0,100.0,105.0,108.0,120.1,140.5,inferred
Swindon,2021-09-06,68.0,82.0,92.0,96.0,100.0,106.0,113.0,120.0,128.0,132.0,137.0,149.0,174.0,inferred
Swindon,2021-09-07,63.0,77.0,87.0,90.0,94.0,100.6,107.0,113.0,121.0,125.0,130.0,142.1,161.0,inferred
Swindon,2021-09-08,58.0,70.0,78.0,82.0,85.0,91.0,98.0,104.0,110.0,113.0,118.0,130.0,148.0,inferred
Swindon,2021-09-09,50.5,62.0,70.0,74.0,77.0,82.0,88.0,93.4,100.0,104.0,108.0,120.0,141.0,inferred
Swindon,2021-09-10,40.5,51.0,58.0,61.0,64.0,70.0,76.0,81.0,87.0,91.0,94.0,104.0,123.0,inferred
Swindon,2021-09-11,28.5,37.0,43.0,46.0,48.0,53.0,57.0,62.0,67.0,71.0,75.0,85.0,104.5,inferred
Swindon,2021-09-12,26.0,35.0,41.0,44.0,47.0,51.0,56.0,60.0,65.3,68.0,72.0,80.0,98.5,inferred
Swindon,2021-09-13,35.0,47.0,56.0,59.0,61.0,67.0,72.0,76.0,83.0,87.0,92.0,103.0,121.0,inferred
Swindon,2021-09-14,41.0,51.0,58.0,61.0,64.0,69.0,75.0,80.0,86.0,90.0,93.0,103.0,121.5,inferred
Swindon,2021-09-15,42.0,53.0,60.0,63.0,66.0,71.0,77.0,83.0,90.0,93.0,98.0,108.0,127.0,inferred
Swindon,2021-09-16,45.5,57.0,66.0,70.0,73.0,78.0,83.0,89.0,95.0,98.0,103.0,114.0,134.5,inferred
Swindon,2021-09-17,44.0,55.0,63.0,66.0,69.0,75.0,81.0,86.0,92.0,95.0,99.0,110.0,125.5,inferred
Swindon,2021-09-18,38.5,49.0,57.0,60.0,63.0,68.0,74.0,78.0,84.0,87.0,91.0,102.0,118.0,inferred
Swindon,2021-09-19,44.0,55.0,62.0,66.0,69.0,75.0,80.0,86.0,93.0,96.0,101.0,112.0,130.0,inferred
Swindon,2021-09-20,69.0,81.0,94.8,99.0,102.7,110.0,117.0,125.0,133.0,138.0,142.2,155.0,177.0,inferred
Swindon,2021-09-21,74.5,90.0,101.0,105.0,108.0,115.0,122.5,130.0,138.0,142.0,146.0,162.0,186.0,inferred
Swindon,2021-09-22,75.0,88.9,97.0,101.0,106.0,112.0,118.0,125.0,133.0,138.0,143.0,155.0,182.0,inferred
Swindon,2021-09-23,70.0,82.0,93.0,97.0,100.0,107.0,114.0,121.4,129.0,134.0,139.2,153.0,175.5,inferred
Swindon,2021-09-24,61.0,76.0,85.0,88.0,91.0,97.0,104.0,110.0,117.0,122.0,127.0,140.1,161.0,inferred
Swindon,2021-09-25,46.5,58.0,67.0,71.0,74.0,80.0,85.0,91.0,97.0,101.0,105.0,117.0,135.0,inferred
Swindon,2021-09-26,49.0,61.0,69.0,73.0,76.0,82.0,87.0,94.0,101.0,105.0,110.0,121.0,140.0,inferred
Swindon,2021-09-27,72.0,86.0,97.0,101.0,105.0,110.0,117.0,124.0,133.0,138.0,143.0,157.0,180.0,inferred
Swindon,2021-09-28,69.5,85.0,95.0,98.0,102.0,109.0,116.0,123.0,131.0,135.0,140.0,155.0,178.0,inferred
Swindon,2021-09-29,61.5,75.0,87.0,92.0,95.0,102.0,107.5,114.0,121.3,125.0,130.0,143.0,166.0,inferred
Swindon,2021-09-30,58.0,70.0,79.0,82.0,86.0,92.0,99.0,105.0,111.0,116.0,120.0,131.0,150.0,inferred
Swindon,2021-10-01,47.0,59.0,67.0,70.0,73.0,78.0,84.0,90.0,96.0,100.0,105.0,115.0,135.0,inferred
Swindon,2021-10-02,32.5,43.0,50.0,53.0,55.0,60.0,65.0,70.0,74.3,78.0,81.0,92.0,109.0,inferred
Swindon,2021-10-03,32.0,42.0,49.0,51.0,53.0,59.0,64.0,69.0,74.0,77.0,81.0,91.0,108.0,inferred
Swindon,2021-10-04,45.0,56.0,65.0,68.0,71.0,77.0,83.0,88.0,95.0,99.0,103.0,115.0,132.5,inferred
Swindon,2021-10-05,49.0,60.0,68.0,72.0,74.0,81.0,86.0,92.0,100.0,103.0,107.0,118.0,135.0,inferred
Swindon,2021-10-06,54.0,67.0,76.0,79.0,82.0,88.0,94.0,100.0,106.0,110.2,115.0,129.1,150.0,inferred
Swindon,2021-10-07,61.5,75.0,84.0,87.0,91.0,98.0,104.0,111.0,118.0,122.0,127.0,140.0,159.5,inferred
Swindon,2021-10-08,64.0,77.0,87.0,91.0,94.0,100.0,107.0,113.0,120.0,125.0,129.0,142.0,166.0,inferred
Swindon,2021-10-09,56.5,70.0,80.0,84.0,87.0,93.0,100.0,105.0,112.0,116.0,120.0,133.0,154.0,inferred
Swindon,2021-10-10,69.0,83.0,93.0,98.0,101.0,108.0,115.0,121.0,129.0,134.0,140.0,152.0,174.5,inferred
Swindon,2021-10-11,114.0,133.0,147.0,152.0,157.0,166.0,176.0,186.0,197.0,202.0,208.0,228.0,254.5,inferred
Swindon,2021-10-12,147.0,167.0,184.0,191.0,196.0,208.0,218.0,226.0,237.0,243.0,250.0,271.0,303.0,inferred
Swindon,2021-10-13,191.0,216.9,233.0,238.0,244.0,257.0,268.0,278.4,292.0,299.0,307.0,325.0,359.5,inferred
Swindon,2021-10-14,233.5,265.0,287.0,294.0,302.0,319.0,334.0,346.4,361.0,368.2,378.0,402.0,440.0,inferred
Swindon,2021-10-15,263.5,302.0,327.0,338.0,348.0,367.0,383.0,401.0,418.3,428.2,440.2,472.1,522.0,inferred
Tameside,2021-07-03,85.0,95.0,101.0,103.0,106.0,109.0,113.0,117.0,121.0,123.0,125.0,132.0,144.0,inferred
Tameside,2021-07-04,96.0,105.0,112.0,114.0,116.7,120.0,125.0,128.0,133.0,135.0,137.0,145.1,156.0,inferred
Tameside,2021-07-05,148.0,158.0,165.0,167.0,170.0,174.0,179.0,183.0,188.0,191.0,194.0,201.1,216.0,inferred
Tameside,2021-07-06,142.0,154.0,161.0,164.0,166.0,172.0,176.0,181.0,186.0,189.0,192.0,199.0,213.0,inferred
Tameside,2021-07-07,146.5,159.0,168.0,171.0,174.0,179.0,183.0,187.0,193.0,196.0,199.0,207.0,219.5,inferred
Tameside,2021-07-08,149.5,161.0,170.0,173.0,176.0,181.0,185.0,190.0,195.0,197.2,200.0,208.1,221.5,inferred
Tameside,2021-07-09,139.0,150.0,158.0,161.0,163.0,168.0,172.0,176.0,181.0,184.0,187.0,195.0,207.5,inferred
Tameside,2021-07-10,117.0,129.0,137.0,140.0,142.0,147.0,151.0,155.0,160.0,163.0,166.0,175.0,186.0,inferred
Tameside,2021-07-11,135.5,145.0,153.0,155.0,159.0,163.0,167.0,172.0,176.0,179.0,183.0,192.0,206.0,inferred
Tameside,2021-07-12,200.5,214.0,224.0,229.0,232.0,238.0,244.0,250.0,256.0,258.0,262.0,274.0,290.0,inferred
Tameside,2021-07-13,192.0,206.0,216.0,219.0,222.0,228.0,233.0,239.0,245.0,248.2,253.0,264.1,279.0,inferred
Tameside,2021-07-14,188.0,204.0,214.0,217.0,220.0,225.0,231.0,236.0,243.0,246.0,249.0,260.0,277.0,inferred
Tameside,2021-07-15,176.0,191.0,200.0,203.0,206.0,212.0,217.0,224.0,228.3,231.0,234.0,243.0,259.0,inferred
Tameside,2021-07-16,150.5,164.0,172.0,175.0,178.0,183.0,188.0,193.0,198.0,201.0,205.0,214.0,229.0,inferred
Tameside,2021-07-17,119.0,131.0,139.0,142.0,144.0,149.0,153.0,158.0,162.0,164.0,167.0,175.0,187.0,inferred
Tameside,2021-07-18,122.0,135.0,143.0,146.0,149.0,154.0,158.0,162.0,167.0,169.0,173.0,182.0,194.5,inferred
Tameside,2021-07-19,173.5,185.0,193.8,197.0,200.0,206.0,211.0,216.0,223.0,226.0,230.0,239.0,255.0,inferred
Tameside,2021-07-20,151.0,164.0,172.0,175.0,178.0,183.0,188.0,193.0,199.0,202.2,206.0,215.0,228.0,inferred
Tameside,2021-07-21,138.0,150.0,158.0,161.0,164.0,169.0,174.0,178.0,183.0,186.0,189.2,198.0,212.5,inferred
Tameside,2021-07-22,121.0,131.0,139.0,142.0,144.0,148.0,154.0,158.0,163.0,165.0,168.0,176.1,189.0,inferred
Tameside,2021-07-23,95.0,103.0,110.0,113.0,115.0,119.0,123.0,127.0,131.0,134.0,136.0,144.0,156.0,inferred
Tameside,2021-07-24,69.0,77.0,83.0,86.0,87.0,91.0,94.0,98.0,101.0,103.0,105.2,112.0,123.0,inferred
Tameside,2021-07-25,65.0,73.0,79.0,81.0,84.0,87.0,90.0,94.0,98.0,99.0,101.0,108.0,117.0,inferred
Tameside,2021-07-26,87.5,97.0,103.0,105.0,107.0,111.0,115.0,119.0,123.0,126.0,128.0,136.0,146.0,inferred
Tameside,2021-07-27,77.0,86.0,92.0,94.0,96.0,100.0,103.0,107.0,111.0,113.0,115.0,122.0,132.0,inferred
Tameside,2021-07-28,78.0,86.0,92.0,94.0,96.0,100.0,103.0,106.0,110.3,113.0,115.0,121.0,131.0,inferred
Tameside,2021-07-29,73.0,82.0,88.0,90.0,92.0,96.0,99.0,103.0,106.0,109.0,111.0,118.0,128.0,inferred
Tameside,2021-07-30,65.0,72.0,77.0,79.0,81.0,84.0,88.0,91.0,95.0,97.0,99.0,105.0,114.5,inferred
Tameside,2021-07-31,53.0,60.0,64.0,66.0,68.0,71.0,74.0,77.0,80.0,82.0,84.0,90.0,100.0,inferred
Tameside,2021-08-01,56.0,63.0,68.0,70.0,72.0,75.0,78.0,81.0,84.0,86.0,88.0,95.0,103.0,inferred
Tameside,2021-08-02,80.0,89.9,96.0,98.0,101.0,105.0,110.0,114.0,118.0,120.0,122.2,130.0,142.0,inferred
Tameside,2021-08-03,77.0,86.0,92.0,93.0,96.0,100.0,103.0,106.0,111.0,113.0,115.0,122.0,132.0,inferred
Tameside,2021-08-04,81.0,88.0,94.0,97.0,99.0,102.0,106.0,110.0,114.0,116.0,119.0,126.0,136.0,inferred
Tameside,2021-08-05,79.0,87.0,93.0,95.0,96.7,100.0,104.0,107.0,112.0,114.0,117.0,123.0,133.5,inferred
Tameside,2021-08-06,67.0,77.0,83.0,85.0,87.0,91.0,94.0,97.0,100.0,102.2,105.0,111.0,121.0,inferred
Tameside,2021-08-07,57.5,65.0,70.0,71.0,73.0,77.0,80.0,83.0,86.0,88.0,90.0,97.0,108.0,inferred
Tameside,2021-08-08,62.5,70.0,75.0,77.0,79.0,82.0,85.0,89.0,93.0,95.0,97.0,103.0,112.5,inferred
Tameside,2021-08-09,92.5,103.0,109.0,112.0,114.0,118.0,122.0,126.0,131.0,134.0,136.0,143.0,154.0,inferred
Tameside,2021-08-10,85.0,96.0,103.0,106.0,109.0,112.0,116.0,120.0,124.0,126.0,128.0,136.0,147.0,inferred
Tameside,2021-08-11,91.0,101.0,107.0,109.0,112.0,115.0,119.5,124.0,128.0,130.0,133.0,139.0,153.5,inferred
Tameside,2021-08-12,90.0,98.0,105.0,107.0,110.0,113.0,117.0,121.0,125.0,127.0,130.0,138.0,149.0,inferred
Tameside,2021-08-13,79.0,88.0,94.0,96.0,98.7,102.0,105.0,109.0,113.0,115.0,118.0,125.0,137.0,inferred
Tameside,2021-08-14,66.0,74.0,79.0,81.0,83.0,86.0,90.0,93.0,97.0,99.0,102.0,108.0,118.5,inferred
Tameside,2021-08-15,72.0,81.0,85.0,87.0,89.0,93.0,96.0,100.0,103.0,106.0,108.0,115.0,124.5,inferred
Tameside,2021-08-16,104.0,115.0,122.0,125.0,127.0,132.0,136.0,140.0,144.3,147.0,151.0,159.0,173.0,inferred
Tameside,2021-08-17,100.5,111.0,117.0,120.0,122.0,127.0,131.0,135.0,139.0,142.0,145.0,153.0,165.5,inferred
Tameside,2021-08-18,104.0,114.9,122.0,124.0,127.0,130.0,135.0,138.4,143.0,146.0,148.0,156.1,169.0,inferred
Tameside,2021-08-19,103.0,114.0,121.0,123.0,125.0,129.0,133.0,137.0,142.0,144.0,147.0,155.0,165.0,inferred
Tameside,2021-08-20,92.0,101.0,107.0,109.8,112.0,116.0,120.0,124.0,128.0,130.0,132.0,140.0,154.0,inferred
Tameside,2021-08-21,76.0,85.0,91.0,93.0,95.0,99.0,102.0,105.0,109.0,112.0,115.0,121.0,133.0,inferred
Tameside,2021-08-22,84.0,93.0,99.0,101.0,103.0,107.0,111.0,114.0,118.0,121.0,123.2,130.0,141.0,inferred
Tameside,2021-08-23,122.0,134.0,141.8,144.0,147.0,152.0,157.0,162.0,167.0,169.0,172.0,180.0,194.0,inferred
Tameside,2021-08-24,117.0,127.0,135.0,138.0,140.0,145.0,150.0,155.0,160.0,163.0,166.0,174.0,187.5,inferred
Tameside,2021-08-25,118.0,129.0,137.0,139.0,142.0,146.0,151.0,155.4,160.0,163.0,166.0,174.0,187.0,inferred
Tameside,2021-08-26,115.5,126.0,133.0,136.0,139.0,143.0,147.0,151.0,156.0,158.2,162.0,170.0,180.0,inferred
Tameside,2021-08-27,103.0,112.0,118.0,120.0,123.0,127.0,131.0,135.0,139.0,141.0,144.0,151.0,162.0,inferred
Tameside,2021-08-28,83.0,93.0,99.0,101.0,103.0,107.0,110.0,114.0,118.0,120.0,122.0,128.0,139.0,inferred
Tameside,2021-08-29,89.5,99.0,105.0,108.0,110.0,114.0,118.0,122.0,126.0,128.0,131.0,138.0,150.0,inferred
Tameside,2021-08-30,133.0,143.0,150.0,153.0,155.0,160.0,164.0,169.0,175.0,178.0,180.0,189.0,202.5,inferred
Tameside,2021-08-31,123.5,134.0,143.0,146.0,149.0,153.0,157.0,162.0,167.0,169.0,173.0,181.0,195.0,inferred
Tameside,2021-09-01,127.0,138.0,145.0,148.0,150.0,155.0,160.0,164.0,168.0,171.0,174.0,182.0,194.5,inferred
Tameside,2021-09-02,121.5,132.0,140.0,143.0,145.0,150.0,154.0,158.0,162.0,165.0,168.0,175.0,188.0,inferred
Tameside,2021-09-03,105.0,117.9,124.0,127.0,129.0,133.0,137.0,141.0,146.0,148.0,150.0,157.1,169.0,inferred
Tameside,2021-09-04,87.0,97.0,102.0,105.0,107.0,111.0,115.0,119.0,122.0,124.2,127.0,134.0,146.0,inferred
Tameside,2021-09-05,94.0,102.0,109.0,112.0,114.7,118.0,122.0,126.0,130.0,132.0,134.0,142.0,152.0,inferred
Tameside,2021-09-06,135.0,146.0,153.0,156.0,158.0,163.0,168.0,173.0,178.0,181.0,185.0,195.0,208.0,inferred
Tameside,2021-09-07,123.0,135.0,142.0,145.0,147.0,153.0,157.0,161.0,166.0,168.0,171.0,178.0,191.0,inferred
Tameside,2021-09-08,118.0,130.9,138.0,141.0,143.0,148.0,152.0,156.0,161.0,163.0,166.0,174.0,183.5,inferred
Tameside,2021-09-09,107.0,119.0,125.8,128.0,130.0,135.0,139.0,143.0,148.0,151.0,154.0,162.1,174.0,inferred
Tameside,2021-09-10,89.5,99.0,106.0,108.0,111.0,115.0,119.0,122.0,126.0,129.0,131.0,138.0,151.0,inferred
Tameside,2021-09-11,69.0,78.0,84.0,86.0,88.0,92.0,95.0,99.0,103.0,105.0,107.0,113.0,122.0,inferred
Tameside,2021-09-12,72.0,79.0,84.0,86.0,89.0,93.0,96.0,100.0,104.0,106.0,108.0,114.0,125.0,inferred
Tameside,2021-09-13,99.5,109.0,116.0,118.0,121.0,125.0,128.0,133.0,138.0,141.0,144.0,152.0,163.5,inferred
Tameside,2021-09-14,94.5,105.0,111.0,113.0,115.0,119.0,123.0,127.0,132.0,135.0,137.0,144.0,154.0,inferred
Tameside,2021-09-15,99.0,110.0,117.0,119.0,122.0,126.0,130.5,135.0,139.0,142.0,144.0,152.0,166.0,inferred
Tameside,2021-09-16,102.5,113.0,120.0,123.0,125.0,129.0,133.0,137.0,142.0,144.0,147.0,153.0,165.0,inferred
Tameside,2021-09-17,95.0,106.0,112.0,114.0,117.0,121.0,125.0,128.0,133.0,135.0,138.0,144.0,156.0,inferred
Tameside,2021-09-18,83.0,92.0,98.0,100.8,102.7,106.0,110.0,113.0,117.0,119.0,121.0,128.0,138.0,inferred
Tameside,2021-09-19,95.0,103.0,109.8,112.0,114.0,118.0,122.0,126.0,130.0,132.0,135.0,143.0,155.5,inferred
Tameside,2021-09-20,140.0,152.0,161.0,164.0,167.0,172.0,177.0,181.0,186.0,189.0,192.2,202.0,216.0,inferred
Tameside,2021-09-21,135.0,147.0,154.0,157.0,159.7,165.0,169.0,175.0,179.0,182.0,185.0,194.0,209.0,inferred
Tameside,2021-09-22,135.5,147.0,154.0,158.0,161.0,166.0,170.0,176.0,181.0,183.0,186.0,195.0,209.5,inferred
Tameside,2021-09-23,128.0,141.0,148.0,151.0,154.0,159.0,164.0,168.0,173.0,176.0,179.0,186.0,200.0,inferred
Tameside,2021-09-24,112.0,123.9,130.0,133.0,135.0,140.0,144.0,148.0,152.0,155.0,158.0,167.0,178.5,inferred
Tameside,2021-09-25,93.0,101.0,107.0,110.0,112.0,116.0,120.0,124.0,128.0,131.0,133.0,141.0,153.0,inferred
Tameside,2021-09-26,97.0,107.9,114.0,117.0,119.0,123.0,127.0,131.0,135.0,139.0,141.0,148.0,162.0,inferred
Tameside,2021-09-27,143.0,153.0,160.0,163.8,166.0,171.0,176.0,180.0,185.0,188.0,192.0,200.0,213.0,inferred
Tameside,2021-09-28,130.0,142.0,150.0,153.0,156.0,161.0,166.5,172.0,177.0,180.0,184.0,193.0,206.0,inferred
Tameside,2021-09-29,134.0,146.0,153.0,156.0,159.0,164.0,168.0,173.0,178.0,181.0,185.0,193.0,208.0,inferred
Tameside,2021-09-30,129.0,142.0,150.0,153.0,156.0,160.0,165.0,170.0,174.0,177.0,180.0,187.0,198.0,inferred
Tameside,2021-10-01,116.0,126.0,133.0,135.0,138.0,143.0,147.0,151.0,156.0,158.0,161.0,168.0,179.0,inferred
Tameside,2021-10-02,95.0,104.0,111.0,113.0,116.0,120.0,124.0,128.0,132.0,135.0,137.0,144.0,156.0,inferred
Tameside,2021-10-03,102.0,112.0,120.0,122.0,125.0,129.0,133.0,137.0,142.0,144.0,147.2,155.0,167.0,inferred
Tameside,2021-10-04,150.0,162.0,170.0,173.0,176.0,182.0,187.0,191.0,197.0,200.0,203.0,213.0,229.0,inferred
Tameside,2021-10-05,142.5,153.0,161.0,164.0,166.0,172.0,177.0,182.0,187.0,190.0,193.0,202.0,216.0,inferred
Tameside,2021-10-06,141.0,153.0,161.0,164.0,167.7,173.0,178.0,183.0,187.0,190.0,193.0,202.0,218.5,inferred
Tameside,2021-10-07,137.0,148.0,155.0,158.0,161.0,165.0,170.0,175.0,181.0,184.0,187.0,195.0,209.0,inferred
Tameside,2021-10-08,118.0,129.0,137.0,140.0,142.0,147.0,151.0,156.0,161.0,163.0,165.0,172.1,185.5,inferred
Tameside,2021-10-09,98.0,107.0,113.0,115.0,117.0,122.0,125.0,130.0,135.0,137.0,140.0,147.0,159.0,inferred
Tameside,2021-10-10,103.0,113.0,120.0,122.0,124.0,128.0,131.5,136.0,140.0,142.2,145.0,153.0,166.0,inferred
Tameside,2021-10-11,146.0,161.0,168.0,171.0,174.0,179.0,183.5,188.0,193.0,196.0,200.0,209.0,221.0,inferred
Tameside,2021-10-12,134.0,146.0,154.0,157.0,160.0,164.0,169.0,173.0,178.0,181.0,184.0,193.0,207.0,inferred
Tameside,2021-10-13,128.5,140.0,147.0,150.0,153.0,158.0,163.0,167.4,173.0,176.0,179.0,187.0,203.5,inferred
Tameside,2021-10-14,116.5,127.0,134.0,138.0,140.0,145.0,150.0,155.0,160.0,163.0,167.0,174.0,191.0,inferred
Tameside,2021-10-15,95.0,105.0,112.0,115.0,118.0,123.0,127.0,132.0,137.0,140.0,142.0,151.0,164.0,inferred
Tamworth,2021-07-03,43.0,49.0,54.0,56.0,58.0,62.0,65.0,68.0,71.0,72.0,75.0,81.0,91.5,inferred
Tamworth,2021-07-04,45.0,52.0,58.0,59.8,61.0,64.0,67.5,71.0,74.0,76.0,78.0,84.1,95.0,inferred
Tamworth,2021-07-05,63.0,71.0,77.0,79.0,81.0,85.0,88.0,92.0,96.0,99.0,101.0,107.0,119.0,inferred
Tamworth,2021-07-06,57.5,65.0,71.8,73.0,76.0,79.0,83.0,86.0,90.0,92.0,94.2,101.0,111.0,inferred
Tamworth,2021-07-07,58.0,66.0,71.0,73.0,75.0,79.0,82.0,86.0,89.0,91.0,93.0,100.0,112.0,inferred
Tamworth,2021-07-08,56.0,65.0,70.0,72.0,74.0,77.0,80.0,84.0,88.0,90.0,93.0,99.0,111.0,inferred
Tamworth,2021-07-09,51.0,58.0,63.0,66.0,68.0,72.0,75.0,78.0,82.0,83.0,85.0,92.0,102.5,inferred
Tamworth,2021-07-10,43.0,49.0,55.0,57.0,59.0,62.0,65.0,68.0,71.0,73.0,76.0,81.0,90.0,inferred
Tamworth,2021-07-11,48.0,55.0,60.0,62.0,64.0,67.0,70.0,73.0,77.0,79.0,81.0,87.0,97.5,inferred
Tamworth,2021-07-12,68.0,78.0,85.0,87.0,89.0,94.0,98.0,102.4,107.0,109.0,112.0,119.0,131.5,inferred
Tamworth,2021-07-13,64.5,72.0,78.0,81.0,83.0,87.0,90.0,94.0,98.0,100.0,103.0,109.1,123.0,inferred
Tamworth,2021-07-14,61.0,68.0,74.0,75.0,77.0,81.6,85.0,88.4,93.0,95.0,97.0,103.0,114.0,inferred
Tamworth,2021-07-15,52.0,60.0,65.0,68.0,69.0,73.0,77.0,80.0,83.0,86.0,88.2,96.0,104.0,inferred
Tamworth,2021-07-16,41.0,48.0,53.0,55.0,57.0,61.0,63.0,66.0,70.0,71.0,74.0,80.0,89.0,inferred
Tamworth,2021-07-17,32.0,37.0,41.0,43.0,45.0,47.0,50.0,53.0,56.0,58.0,59.0,65.0,73.0,inferred
Tamworth,2021-07-18,31.0,37.0,41.0,43.0,44.0,47.0,50.0,53.0,55.0,57.0,59.0,64.0,73.0,inferred
Tamworth,2021-07-19,40.0,47.0,52.0,54.0,56.0,59.0,62.0,65.0,69.0,70.0,73.0,79.0,87.0,inferred
Tamworth,2021-07-20,34.0,41.0,45.0,47.0,49.0,51.0,54.0,57.0,61.0,62.0,64.0,70.0,78.0,inferred
Tamworth,2021-07-21,30.0,36.0,40.0,42.0,43.0,46.0,49.0,51.0,55.0,57.0,59.0,64.0,72.0,inferred
Tamworth,2021-07-22,25.0,31.0,35.0,36.0,38.0,40.0,42.0,45.0,48.0,50.0,51.2,56.0,64.0,inferred
Tamworth,2021-07-23,19.5,24.0,28.0,29.0,30.0,32.0,34.0,37.0,39.0,41.0,42.0,46.0,55.0,inferred
Tamworth,2021-07-24,14.0,17.0,20.0,22.0,23.0,24.0,26.0,28.0,30.0,32.0,33.0,37.0,43.0,inferred
Tamworth,2021-07-25,13.0,17.0,19.0,21.0,22.0,24.0,26.0,28.0,30.0,31.0,32.0,36.0,42.0,inferred
Tamworth,2021-07-26,16.0,21.0,24.0,25.0,27.0,29.0,31.0,34.0,36.0,37.0,39.0,43.0,51.5,inferred
Tamworth,2021-07-27,14.0,20.0,23.0,24.0,25.0,27.0,29.0,31.0,33.0,34.0,36.0,40.0,46.5,inferred
Tamworth,2021-07-28,15.0,20.0,23.0,24.0,25.0,27.0,29.0,31.0,34.0,35.0,37.0,41.0,47.5,inferred
Tamworth,2021-07-29,15.0,20.0,23.0,24.0,25.0,28.0,29.0,31.0,34.0,35.0,37.0,41.0,48.0,inferred
Tamworth,2021-07-30,14.0,18.0,21.0,22.0,23.0,25.0,27.0,29.0,32.0,33.0,34.0,39.0,45.0,inferred
Tamworth,2021-07-31,11.0,15.0,18.0,19.0,20.0,22.0,24.0,26.0,28.0,29.0,31.0,35.0,42.0,inferred
Tamworth,2021-08-01,14.0,18.0,20.0,22.0,23.0,25.0,26.0,29.0,31.0,32.0,34.0,37.0,43.0,inferred
Tamworth,2021-08-02,20.0,25.0,29.0,31.0,32.0,34.0,37.0,39.0,42.0,44.0,46.0,50.0,58.0,inferred
Tamworth,2021-08-03,19.5,25.0,28.0,30.0,31.0,33.0,36.0,38.0,40.0,42.0,43.0,48.0,56.0,inferred
Tamworth,2021-08-04,20.0,25.0,29.0,30.0,31.0,34.0,36.0,39.0,41.0,43.0,45.0,50.0,57.5,inferred
Tamworth,2021-08-05,21.0,25.0,28.0,30.0,31.0,34.0,36.0,39.0,41.0,43.0,44.0,49.0,57.0,inferred
Tamworth,2021-08-06,17.0,22.0,26.0,27.0,28.0,30.6,32.0,35.0,37.0,39.0,40.2,45.0,52.0,inferred
Tamworth,2021-08-07,15.0,19.0,22.0,23.0,25.0,26.0,29.0,31.0,33.0,34.0,36.0,40.0,47.0,inferred
Tamworth,2021-08-08,16.0,21.0,24.0,25.0,26.0,28.0,31.0,33.0,35.0,36.0,38.0,41.0,48.0,inferred
Tamworth,2021-08-09,25.0,30.0,34.0,36.0,37.0,39.0,42.0,44.0,47.0,48.2,50.0,55.0,63.0,inferred
Tamworth,2021-08-10,24.0,28.0,32.0,33.0,35.0,37.0,40.0,42.0,45.0,46.0,48.0,52.0,61.0,inferred
Tamworth,2021-08-11,24.0,28.0,33.0,34.0,35.0,38.0,40.0,42.0,45.0,47.0,49.0,54.0,60.5,inferred
Tamworth,2021-08-12,22.0,28.0,31.8,33.0,34.0,37.0,39.0,42.0,44.0,46.0,48.0,53.0,61.0,inferred
Tamworth,2021-08-13,20.0,25.0,28.0,30.0,31.0,33.0,35.0,38.0,40.0,42.0,43.2,48.0,56.0,inferred
Tamworth,2021-08-14,16.0,20.0,24.0,25.0,26.0,28.0,30.0,32.0,35.0,36.0,38.0,42.0,49.0,inferred
Tamworth,2021-08-15,18.0,22.0,26.0,27.0,28.0,31.0,33.0,35.0,38.0,39.0,41.0,45.0,53.0,inferred
Tamworth,2021-08-16,26.0,32.0,36.0,38.0,39.0,42.0,45.0,48.0,51.0,52.0,54.0,59.0,69.0,inferred
Tamworth,2021-08-17,24.0,30.0,34.0,35.0,37.0,39.0,42.0,44.0,47.0,48.0,51.0,56.0,64.5,inferred
Tamworth,2021-08-18,25.0,31.0,35.0,36.0,38.0,40.0,42.0,45.0,48.0,49.0,51.0,56.0,65.0,inferred
Tamworth,2021-08-19,24.0,29.0,33.0,35.0,36.0,38.0,41.0,43.0,46.0,48.0,50.0,55.0,62.0,inferred
Tamworth,2021-08-20,21.0,26.0,29.0,31.0,32.0,34.0,37.0,39.0,41.0,43.0,45.0,49.0,58.0,inferred
Tamworth,2021-08-21,16.0,22.0,25.0,26.0,27.0,29.0,31.0,33.0,36.0,37.0,39.0,43.0,51.0,inferred
Tamworth,2021-08-22,18.0,23.0,26.0,27.0,28.0,31.0,33.0,35.0,37.0,39.0,41.0,45.0,52.0,inferred
Tamworth,2021-08-23,28.0,33.0,37.0,38.0,40.0,42.0,45.0,48.0,51.0,53.0,55.0,60.0,69.0,inferred
Tamworth,2021-08-24,25.0,31.0,35.0,37.0,38.0,41.0,43.0,46.0,48.0,50.0,52.0,57.0,65.0,inferred
Tamworth,2021-08-25,26.0,32.0,36.0,37.0,38.0,41.0,43.0,45.0,48.0,50.0,52.0,58.0,65.5,inferred
Tamworth,2021-08-26,24.0,30.0,34.0,36.0,37.0,40.0,42.0,45.0,47.0,49.0,51.0,56.0,64.0,inferred
Tamworth,2021-08-27,22.0,27.9,31.0,32.0,33.0,36.0,38.0,41.0,43.0,45.0,47.0,51.0,59.0,inferred
Tamworth,2021-08-28,17.0,22.0,25.0,27.0,28.0,30.0,32.0,35.0,37.0,39.0,40.0,44.0,51.5,inferred
Tamworth,2021-08-29,19.0,24.0,28.0,29.0,30.0,32.0,35.0,37.0,39.3,41.0,43.0,48.0,57.0,inferred
Tamworth,2021-08-30,29.0,35.0,39.0,41.0,42.0,45.0,47.0,50.0,53.0,55.0,57.0,62.0,71.0,inferred
Tamworth,2021-08-31,28.0,34.0,38.0,39.0,41.0,43.0,46.0,49.0,52.0,54.0,55.0,60.0,69.0,inferred
Tamworth,2021-09-01,29.0,34.0,38.0,40.0,41.0,44.0,47.0,50.0,53.0,54.0,56.0,61.0,70.0,inferred
Tamworth,2021-09-02,29.0,35.0,38.0,40.0,41.0,44.0,46.0,49.0,52.0,54.0,57.0,61.0,69.0,inferred
Tamworth,2021-09-03,26.0,33.0,36.0,38.0,39.0,42.0,45.0,48.0,51.0,52.0,54.0,59.0,67.0,inferred
Tamworth,2021-09-04,22.0,28.0,31.0,32.0,34.0,36.0,39.0,41.0,44.0,45.0,47.0,52.0,59.0,inferred
Tamworth,2021-09-05,25.0,31.0,35.0,36.0,38.0,41.0,43.0,45.0,48.0,50.0,51.0,56.0,63.0,inferred
Tamworth,2021-09-06,39.0,45.0,49.0,51.0,53.0,56.0,59.0,63.0,66.0,68.0,70.0,76.0,85.0,inferred
Tamworth,2021-09-07,35.0,43.0,47.0,49.0,50.0,53.0,57.0,60.0,63.0,65.0,67.0,73.0,82.0,inferred
Tamworth,2021-09-08,35.0,42.0,47.0,48.0,50.0,53.0,55.0,58.0,61.0,63.0,65.0,71.0,81.0,inferred
Tamworth,2021-09-09,32.5,40.0,45.0,47.0,48.0,51.0,53.0,56.0,59.0,61.0,63.0,69.0,78.0,inferred
Tamworth,2021-09-10,27.0,34.0,38.0,40.0,42.0,44.0,47.0,50.0,53.0,54.0,56.0,60.0,70.0,inferred
Tamworth,2021-09-11,24.0,29.0,33.0,34.0,35.0,38.0,40.0,42.0,45.0,47.0,49.0,53.0,60.0,inferred
Tamworth,2021-09-12,24.0,30.0,33.0,35.0,36.0,39.0,41.0,44.0,47.0,48.0,50.0,55.0,63.0,inferred
Tamworth,2021-09-13,35.5,41.0,46.0,47.0,49.0,52.0,55.0,58.0,61.0,63.0,65.0,71.0,80.0,inferred
Tamworth,2021-09-14,32.0,39.0,43.0,45.0,46.0,49.0,51.0,54.0,57.0,59.0,62.0,67.0,75.0,inferred
Tamworth,2021-09-15,33.0,40.0,43.8,45.0,47.0,50.0,53.0,56.0,59.0,61.0,63.0,68.0,78.0,inferred
Tamworth,2021-09-16,33.0,39.0,44.0,46.0,47.0,50.0,53.0,56.0,58.0,60.0,62.0,68.0,77.0,inferred
Tamworth,2021-09-17,31.0,37.0,40.0,42.0,44.0,47.0,49.0,52.0,54.0,55.0,58.0,64.0,73.0,inferred
Tamworth,2021-09-18,25.0,31.0,35.0,36.0,38.0,40.0,43.0,45.0,48.0,49.0,51.0,56.0,64.0,inferred
Tamworth,2021-09-19,29.0,34.0,38.0,40.0,41.0,44.0,46.0,49.0,52.0,54.0,55.0,61.0,69.0,inferred
Tamworth,2021-09-20,42.0,50.0,55.0,56.0,58.0,62.0,65.0,68.0,71.0,73.0,76.0,82.0,91.0,inferred
Tamworth,2021-09-21,38.5,48.0,52.0,54.0,56.0,59.0,62.0,65.0,69.0,71.0,73.0,78.0,87.0,inferred
Tamworth,2021-09-22,39.0,47.0,51.0,53.0,55.0,58.0,61.0,64.0,68.0,69.0,71.0,77.0,87.0,inferred
Tamworth,2021-09-23,39.0,45.0,49.0,51.0,53.0,56.0,58.5,61.0,64.0,66.0,68.0,74.0,84.0,inferred
Tamworth,2021-09-24,32.0,38.0,42.0,44.0,46.0,49.0,52.0,54.0,57.0,59.0,61.0,65.0,74.0,inferred
Tamworth,2021-09-25,26.0,31.0,35.0,36.0,38.0,40.0,43.0,46.0,48.0,50.0,52.0,56.0,63.0,inferred
Tamworth,2021-09-26,27.5,33.0,37.0,39.0,40.0,43.0,45.0,48.0,51.0,52.0,55.0,60.0,69.0,inferred
Tamworth,2021-09-27,40.0,46.0,51.0,52.0,54.0,57.0,60.0,64.0,67.0,69.0,71.0,76.1,86.0,inferred
Tamworth,2021-09-28,37.5,43.0,47.0,49.0,51.0,54.0,57.0,60.0,63.0,65.0,67.0,74.0,83.0,inferred
Tamworth,2021-09-29,36.0,44.0,49.0,51.0,53.0,55.0,58.0,61.0,64.0,66.0,68.0,74.0,84.0,inferred
Tamworth,2021-09-30,36.0,42.0,47.0,49.0,50.0,53.0,56.0,58.0,62.0,64.0,66.0,72.1,82.0,inferred
Tamworth,2021-10-01,30.5,37.0,42.0,43.0,45.0,47.0,50.0,52.0,55.0,57.0,59.0,64.0,74.0,inferred
Tamworth,2021-10-02,25.0,31.0,36.0,37.0,39.0,41.0,43.0,45.0,48.0,50.0,52.0,57.0,65.0,inferred
Tamworth,2021-10-03,28.0,34.0,38.0,39.8,41.0,43.0,46.0,49.0,52.0,53.0,55.0,61.0,71.0,inferred
Tamworth,2021-10-04,41.0,48.0,53.0,55.0,56.7,60.0,63.0,66.0,70.0,71.0,74.0,80.0,90.0,inferred
Tamworth,2021-10-05,38.5,45.0,50.0,52.0,54.0,57.0,60.0,63.0,67.0,69.0,71.0,77.0,87.0,inferred
Tamworth,2021-10-06,39.0,45.0,50.0,52.8,54.0,57.0,60.0,63.0,67.0,68.0,71.0,77.0,86.0,inferred
Tamworth,2021-10-07,37.0,45.0,49.0,51.0,53.0,56.0,59.0,63.0,66.0,68.0,70.0,76.0,84.0,inferred
Tamworth,2021-10-08,34.0,40.0,44.0,46.0,48.0,51.0,53.0,56.0,59.0,61.0,63.0,68.1,78.0,inferred
Tamworth,2021-10-09,28.5,34.0,38.0,39.0,41.0,43.0,46.0,49.0,52.0,53.0,55.0,59.0,68.0,inferred
Tamworth,2021-10-10,30.0,36.0,41.0,42.0,44.0,47.0,50.0,52.0,55.0,57.0,59.0,63.0,71.0,inferred
Tamworth,2021-10-11,44.0,52.0,57.0,58.8,60.0,64.0,66.0,70.0,74.0,76.0,79.0,85.0,95.0,inferred
Tamworth,2021-10-12,42.0,49.0,53.0,55.0,57.0,60.0,63.5,66.0,70.0,72.0,74.0,81.0,89.0,inferred
Tamworth,2021-10-13,38.5,47.0,51.0,53.0,55.0,58.6,61.0,64.0,67.0,70.0,72.0,77.0,86.5,inferred
Tamworth,2021-10-14,36.0,42.0,48.0,49.0,51.0,54.0,57.0,60.0,63.0,65.0,67.0,74.0,85.0,inferred
Tamworth,2021-10-15,29.5,37.0,41.0,43.0,44.0,48.0,50.0,53.0,56.0,58.0,60.0,66.0,77.0,inferred
Tandridge,2021-07-03,7.0,11.0,13.0,14.0,15.0,16.0,18.0,20.0,22.0,23.0,24.0,28.0,34.0,inferred
Tandridge,2021-07-04,9.0,13.0,15.0,16.0,17.0,19.0,20.0,22.0,24.0,25.0,27.0,31.0,36.0,inferred
Tandridge,2021-07-05,17.0,21.0,25.0,26.0,27.0,29.0,31.0,33.0,35.0,37.0,39.0,43.0,49.0,inferred
Tandridge,2021-07-06,18.0,22.9,26.0,27.0,28.0,30.0,33.0,34.0,37.0,38.0,40.0,44.0,52.0,inferred
Tandridge,2021-07-07,21.0,26.0,29.0,30.0,32.0,34.0,36.0,38.0,41.0,42.0,44.0,48.1,56.0,inferred
Tandridge,2021-07-08,22.0,26.9,30.0,31.0,33.0,35.0,38.0,40.0,43.0,44.0,46.0,51.0,58.0,inferred
Tandridge,2021-07-09,24.0,28.0,31.0,33.0,34.0,36.0,38.0,40.0,43.0,44.0,46.0,52.0,60.0,inferred
Tandridge,2021-07-10,21.0,26.0,30.0,31.0,32.0,35.0,37.0,39.0,41.0,43.0,44.0,49.0,56.0,inferred
Tandridge,2021-07-11,23.0,29.0,33.0,35.0,36.0,38.0,41.0,43.0,46.0,48.0,50.0,54.0,62.0,inferred
Tandridge,2021-07-12,38.0,46.0,50.8,52.0,54.0,57.0,60.0,63.0,67.0,69.0,71.0,77.0,87.0,inferred
Tandridge,2021-07-13,39.0,46.0,51.0,53.0,54.0,57.0,60.0,64.0,67.0,69.0,71.0,77.0,86.0,inferred
Tandridge,2021-07-14,40.0,47.0,51.0,53.0,54.0,58.0,61.0,64.0,67.0,69.0,71.0,77.0,86.0,inferred
Tandridge,2021-07-15,36.5,43.0,47.0,49.0,51.0,54.0,57.0,60.0,63.0,65.0,67.0,73.0,83.5,inferred
Tandridge,2021-07-16,32.0,38.0,42.0,44.0,45.0,48.0,51.0,54.0,57.0,58.0,60.2,66.0,74.0,inferred
Tandridge,2021-07-17,25.0,31.0,34.0,36.0,38.0,41.0,43.0,45.0,48.0,50.0,51.0,56.0,65.0,inferred
Tandridge,2021-07-18,25.0,31.0,35.0,36.0,37.0,40.0,42.0,45.0,48.0,50.0,51.0,57.0,64.5,inferred
Tandridge,2021-07-19,34.5,41.0,46.0,47.0,49.0,52.0,55.0,58.0,61.0,63.0,65.0,71.0,81.0,inferred
Tandridge,2021-07-20,31.0,37.0,41.0,43.0,45.0,48.0,50.0,52.0,56.0,57.0,59.0,64.0,73.0,inferred
Tandridge,2021-07-21,28.0,34.0,38.0,39.0,41.0,44.0,46.0,49.0,52.0,53.0,55.0,61.0,71.0,inferred
Tandridge,2021-07-22,23.0,29.0,32.8,34.0,35.0,38.0,40.0,43.0,46.0,48.0,49.0,54.0,61.0,inferred
Tandridge,2021-07-23,20.0,24.0,27.0,29.0,30.0,33.0,34.0,37.0,39.0,40.0,42.0,47.0,55.0,inferred
Tandridge,2021-07-24,14.0,18.0,21.0,22.0,23.0,25.0,27.0,29.0,31.0,33.0,34.0,38.0,45.0,inferred
Tandridge,2021-07-25,13.0,16.0,19.0,20.0,21.0,23.0,25.0,27.0,30.0,31.0,32.0,36.0,43.0,inferred
Tandridge,2021-07-26,18.0,22.0,25.0,27.0,28.0,30.0,32.0,34.0,37.0,38.0,39.0,43.0,51.0,inferred
Tandridge,2021-07-27,16.0,20.0,24.0,25.0,26.0,28.0,31.0,33.0,35.0,36.0,38.0,42.0,49.5,inferred
Tandridge,2021-07-28,16.5,21.0,24.0,25.8,27.0,29.0,31.0,33.0,35.0,37.0,38.0,42.0,49.0,inferred
Tandridge,2021-07-29,16.0,20.0,24.0,25.0,26.0,29.0,31.0,33.0,35.0,37.0,38.0,42.0,49.0,inferred
Tandridge,2021-07-30,15.0,20.0,23.0,24.0,25.0,27.0,29.0,31.0,33.0,35.0,36.0,40.0,46.0,inferred
Tandridge,2021-07-31,13.0,17.0,20.0,21.0,22.0,23.6,25.0,27.0,29.0,31.0,32.0,36.0,42.0,inferred
Tandridge,2021-08-01,14.0,17.0,20.0,21.0,22.0,24.0,26.0,28.0,30.0,32.0,33.0,37.0,46.0,inferred
Tandridge,2021-08-02,20.5,25.0,29.0,30.0,32.0,34.0,37.0,39.0,42.0,43.0,45.0,50.0,58.0,inferred
Tandridge,2021-08-03,19.0,25.0,29.0,30.0,31.0,33.0,36.0,38.0,41.0,42.0,44.0,49.0,56.0,inferred
Tandridge,2021-08-04,20.0,25.0,28.0,30.0,31.0,33.0,36.0,38.0,41.0,42.0,44.0,48.0,55.0,inferred
Tandridge,2021-08-05,18.0,23.0,26.0,27.0,29.0,31.0,33.0,35.0,38.0,39.0,41.0,45.0,53.0,inferred
Tandridge,2021-08-06,17.0,21.0,24.0,25.0,26.0,28.0,30.0,32.0,35.0,36.0,38.0,42.0,49.0,inferred
Tandridge,2021-08-07,12.0,16.0,19.0,21.0,22.0,24.0,25.0,28.0,30.0,31.0,32.0,36.0,44.0,inferred
Tandridge,2021-08-08,13.0,17.0,20.0,21.0,22.0,24.0,26.0,28.0,30.0,31.2,33.0,37.0,44.0,inferred
Tandridge,2021-08-09,18.0,24.0,27.0,28.0,30.0,32.0,34.0,36.0,39.0,40.0,42.0,46.0,52.0,inferred
Tandridge,2021-08-10,18.0,23.0,26.0,27.0,28.0,31.0,33.0,35.0,38.0,39.0,41.0,46.0,53.0,inferred
Tandridge,2021-08-11,18.0,23.0,26.0,28.0,29.0,31.0,34.0,36.0,39.0,40.0,42.0,46.0,53.0,inferred
Tandridge,2021-08-12,17.0,22.0,26.0,27.0,28.0,31.0,33.0,35.0,37.0,39.0,40.0,45.0,52.0,inferred
Tandridge,2021-08-13,16.0,21.0,24.0,25.0,26.0,28.0,31.0,33.0,35.0,36.0,38.0,42.1,49.0,inferred
Tandridge,2021-08-14,13.0,17.0,20.0,21.0,22.0,24.0,26.0,28.0,30.0,32.0,33.0,37.0,43.5,inferred
Tandridge,2021-08-15,14.0,18.0,21.0,22.0,24.0,26.0,28.0,30.0,32.0,33.0,35.0,39.0,47.0,inferred
Tandridge,2021-08-16,20.0,26.0,30.0,32.0,33.0,35.0,38.0,40.0,43.0,44.0,46.0,50.0,57.0,inferred
Tandridge,2021-08-17,20.5,26.0,29.0,31.0,32.0,34.0,37.0,39.0,42.0,43.0,45.0,50.0,57.0,inferred
Tandridge,2021-08-18,21.0,26.0,29.0,31.0,32.0,34.0,36.0,39.0,41.0,43.0,45.0,49.0,56.0,inferred
Tandridge,2021-08-19,20.0,24.0,27.0,29.0,30.0,32.0,35.0,37.0,40.0,41.0,43.0,47.0,54.0,inferred
Tandridge,2021-08-20,17.0,21.0,25.0,26.0,27.0,29.0,31.0,34.0,36.0,38.0,39.0,44.0,52.0,inferred
Tandridge,2021-08-21,13.0,17.0,20.0,21.0,22.0,24.0,26.0,28.0,30.0,32.0,33.0,37.0,43.0,inferred
Tandridge,2021-08-22,13.0,17.0,20.0,21.0,22.7,25.0,26.0,28.0,31.0,32.0,33.0,37.0,44.0,inferred
Tandridge,2021-08-23,19.0,24.0,28.0,29.0,31.0,33.0,35.0,38.0,40.0,42.0,43.0,49.0,56.0,inferred
Tandridge,2021-08-24,19.0,24.0,27.0,28.0,30.0,32.0,35.0,37.0,39.0,41.0,42.0,46.0,54.0,inferred
Tandridge,2021-08-25,19.0,24.0,27.0,29.0,30.0,32.0,35.0,37.0,39.0,41.0,42.0,47.0,55.0,inferred
Tandridge,2021-08-26,18.0,23.0,27.0,28.0,29.0,31.0,34.0,36.0,38.0,39.0,41.0,45.0,52.0,inferred
Tandridge,2021-08-27,18.0,22.0,25.0,26.0,27.0,29.0,32.0,34.0,36.0,38.0,39.0,44.0,50.0,inferred
Tandridge,2021-08-28,15.0,18.0,21.0,22.0,24.0,25.6,27.0,29.0,31.0,32.0,34.0,39.0,47.0,inferred
Tandridge,2021-08-29,15.0,20.0,23.0,24.0,25.0,27.0,29.0,32.0,34.0,35.0,37.0,41.0,49.0,inferred
Tandridge,2021-08-30,23.0,28.0,32.0,34.0,35.0,38.0,40.0,42.0,45.0,47.0,49.0,54.0,62.0,inferred
Tandridge,2021-08-31,22.0,27.0,31.0,33.0,34.0,37.0,39.0,41.0,44.0,45.2,47.0,52.0,60.0,inferred
Tandridge,2021-09-01,23.0,28.0,32.0,33.0,35.0,37.0,39.0,42.0,45.0,46.0,48.0,52.0,60.0,inferred
Tandridge,2021-09-02,21.0,26.0,30.0,31.0,32.0,34.0,37.0,39.0,42.0,43.0,45.0,50.0,58.0,inferred
Tandridge,2021-09-03,19.0,24.0,27.0,28.0,30.0,32.0,34.0,37.0,39.0,41.0,42.0,47.0,53.0,inferred
Tandridge,2021-09-04,15.0,20.0,23.0,24.0,25.0,27.0,29.0,32.0,34.0,35.0,36.0,41.0,48.0,inferred
Tandridge,2021-09-05,16.0,20.0,23.0,25.0,26.0,28.0,30.0,32.0,34.0,36.0,37.0,41.1,50.0,inferred
Tandridge,2021-09-06,23.0,28.0,31.0,33.0,34.0,36.0,39.0,41.0,44.0,46.0,47.0,52.1,61.0,inferred
Tandridge,2021-09-07,20.0,25.0,29.0,31.0,32.0,35.0,37.0,39.0,42.0,44.0,46.0,50.0,58.0,inferred
Tandridge,2021-09-08,21.0,25.0,29.0,30.0,32.0,34.0,36.0,39.0,41.0,43.0,44.0,49.0,56.0,inferred
Tandridge,2021-09-09,18.0,22.0,25.0,26.0,28.0,30.0,32.0,34.0,37.0,39.0,40.0,45.0,52.0,inferred
Tandridge,2021-09-10,15.0,19.0,22.0,23.0,25.0,27.0,29.0,31.0,33.0,35.0,36.0,41.0,48.0,inferred
Tandridge,2021-09-11,11.0,15.0,18.0,19.0,20.0,22.0,24.0,26.0,28.0,29.0,31.0,34.1,41.5,inferred
Tandridge,2021-09-12,11.0,15.0,18.0,19.0,19.0,21.0,23.0,25.0,28.0,29.0,30.0,34.0,40.0,inferred
Tandridge,2021-09-13,16.0,21.0,24.0,25.0,27.0,29.0,31.0,33.0,35.0,37.0,38.0,43.0,48.0,inferred
Tandridge,2021-09-14,15.0,20.0,23.0,24.0,26.0,28.0,30.0,32.0,34.0,36.0,37.0,42.0,49.0,inferred
Tandridge,2021-09-15,17.0,22.0,25.0,26.0,28.0,30.0,32.0,34.0,36.0,38.0,39.0,44.0,51.0,inferred
Tandridge,2021-09-16,17.0,22.0,26.0,27.0,28.0,31.0,33.0,35.0,37.0,39.0,40.0,46.0,53.0,inferred
Tandridge,2021-09-17,18.0,22.0,25.0,26.0,28.0,30.0,33.0,35.0,37.0,39.0,40.0,45.0,52.5,inferred
Tandridge,2021-09-18,16.0,20.0,23.0,24.0,26.0,28.0,30.0,32.0,34.0,36.0,37.0,42.0,48.0,inferred
Tandridge,2021-09-19,18.0,23.0,26.0,27.0,29.0,32.0,34.0,36.0,38.0,39.0,41.0,45.0,53.0,inferred
Tandridge,2021-09-20,30.0,35.0,39.0,41.0,42.0,45.0,48.0,50.0,53.0,56.0,57.0,63.0,72.0,inferred
Tandridge,2021-09-21,29.0,35.0,39.0,40.0,42.0,45.0,48.0,50.0,53.0,55.0,57.0,62.0,70.0,inferred
Tandridge,2021-09-22,27.0,35.0,39.0,41.0,42.0,45.0,48.0,51.0,54.0,56.0,58.0,63.0,72.0,inferred
Tandridge,2021-09-23,25.0,32.0,36.0,37.0,39.0,41.0,44.0,47.0,50.0,52.0,54.0,58.1,66.0,inferred
Tandridge,2021-09-24,24.0,29.0,33.0,35.0,36.0,38.0,41.0,43.0,46.0,48.0,49.0,55.0,62.0,inferred
Tandridge,2021-09-25,19.0,24.0,27.0,29.0,30.0,32.0,34.0,37.0,39.0,40.0,42.0,47.0,54.0,inferred
Tandridge,2021-09-26,19.0,24.0,28.0,30.0,31.0,33.0,35.0,38.0,40.0,41.2,43.0,47.0,54.0,inferred
Tandridge,2021-09-27,29.0,35.0,39.0,41.0,42.0,45.0,47.0,50.0,53.0,55.0,57.0,62.0,71.0,inferred
Tandridge,2021-09-28,26.0,33.0,37.0,38.0,39.0,42.0,45.0,47.0,51.0,52.0,54.0,59.0,67.0,inferred
Tandridge,2021-09-29,26.5,33.0,37.0,38.0,40.0,42.0,45.0,48.0,50.0,52.0,54.0,59.0,68.0,inferred
Tandridge,2021-09-30,24.0,30.0,34.0,36.0,37.0,40.0,42.0,45.0,48.0,49.0,51.0,56.0,65.0,inferred
Tandridge,2021-10-01,22.0,27.0,31.0,32.0,34.0,37.0,39.0,41.0,44.0,46.0,47.0,52.0,60.0,inferred
Tandridge,2021-10-02,18.0,22.9,26.0,27.0,29.0,31.0,33.0,35.0,37.0,39.0,40.0,45.0,52.0,inferred
Tandridge,2021-10-03,19.0,24.0,27.0,28.0,29.0,32.0,33.0,36.0,38.0,40.0,42.0,46.0,54.0,inferred
Tandridge,2021-10-04,27.0,33.0,36.0,38.8,40.0,43.0,45.0,48.0,51.0,52.2,54.0,59.0,67.0,inferred
Tandridge,2021-10-05,27.0,32.0,36.0,37.0,39.0,41.0,44.0,47.0,49.0,51.0,52.0,58.0,66.0,inferred
Tandridge,2021-10-06,27.5,34.0,38.0,40.0,41.0,44.0,47.0,49.0,52.0,54.0,56.0,62.0,70.0,inferred
Tandridge,2021-10-07,30.0,35.0,39.0,40.0,41.0,44.0,47.0,50.0,53.0,55.0,57.0,61.0,70.0,inferred
Tandridge,2021-10-08,28.0,33.0,38.0,39.0,41.0,43.0,45.0,48.0,51.0,53.0,55.0,59.0,69.0,inferred
Tandridge,2021-10-09,24.0,29.0,33.0,35.0,36.0,38.6,41.0,43.0,47.0,48.0,50.0,55.0,63.0,inferred
Tandridge,2021-10-10,26.5,31.0,36.0,37.0,39.0,41.0,44.0,47.0,50.0,51.0,53.0,58.0,67.0,inferred
Tandridge,2021-10-11,40.0,48.0,52.0,54.0,55.0,58.0,62.0,65.0,68.0,70.0,72.0,79.0,88.0,inferred
Tandridge,2021-10-12,39.0,46.0,51.0,52.0,54.0,57.0,61.0,64.0,67.0,69.0,71.0,76.0,85.0,inferred
Tandridge,2021-10-13,39.0,47.9,52.0,54.0,55.0,58.0,61.0,65.0,69.0,71.0,73.0,80.0,89.0,inferred
Tandridge,2021-10-14,38.0,45.0,49.0,51.0,53.0,56.0,59.0,62.0,65.0,67.0,69.0,76.0,85.0,inferred
Tandridge,2021-10-15,33.0,40.0,45.0,47.0,49.0,52.0,55.0,58.0,61.0,63.0,65.0,71.0,81.5,inferred
Tayside,2021-07-03,210.5,262.0,299.0,313.0,329.0,358.6,388.0,422.0,454.0,474.2,494.0,551.1,654.5,inferred
Tayside,2021-07-04,172.0,228.0,267.0,282.0,300.7,330.0,354.0,381.0,412.0,434.0,455.0,519.1,615.5,inferred
Tayside,2021-07-05,142.4,191.0,223.0,235.0,248.0,272.0,293.0,322.4,351.0,365.0,382.0,438.1,526.1,inferred
Tayside,2021-07-06,145.5,196.9,231.8,247.0,260.0,288.0,313.0,338.0,368.3,388.0,405.2,465.0,576.5,inferred
Tayside,2021-07-07,176.0,222.0,262.0,278.0,292.0,316.0,338.0,363.0,396.0,411.0,434.0,495.0,591.5,inferred
Tayside,2021-07-08,128.5,167.9,195.0,208.8,219.0,242.0,268.0,291.0,322.0,339.0,360.0,415.0,517.1,inferred
Tayside,2021-07-09,115.5,161.0,193.0,204.0,216.0,240.0,266.0,291.4,313.3,331.0,351.0,405.1,493.5,inferred
Tayside,2021-07-10,140.0,185.9,218.0,231.0,247.0,272.0,295.0,320.0,349.3,367.0,389.0,442.1,542.0,inferred
Tayside,2021-07-11,117.0,159.0,187.0,201.0,214.0,237.0,260.0,285.0,316.0,333.2,353.0,405.1,473.5,inferred
Tayside,2021-07-12,80.0,114.0,142.0,155.0,164.0,184.0,203.0,226.0,251.0,265.0,281.0,328.1,399.0,inferred
Tayside,2021-07-13,76.5,115.9,147.0,159.0,169.0,190.0,212.0,232.4,256.3,274.0,289.0,347.1,420.5,inferred
Tayside,2021-07-14,90.5,129.9,159.0,172.8,181.0,205.6,227.5,252.0,278.0,292.0,306.0,360.2,438.6,inferred
Tayside,2021-07-15,62.0,90.0,114.0,122.0,131.0,151.0,171.0,192.0,215.0,227.0,239.2,285.0,367.6,inferred
Tayside,2021-07-16,55.0,85.9,106.0,116.0,125.0,143.0,162.0,184.0,205.3,217.0,232.0,270.0,335.0,inferred
Tayside,2021-07-17,60.0,92.0,118.8,127.0,135.7,155.0,174.0,194.0,215.3,229.0,247.0,288.1,359.0,inferred
Tayside,2021-07-18,47.5,76.0,97.8,106.0,117.0,132.0,149.0,165.0,186.0,198.2,213.0,252.0,344.5,inferred
Tayside,2021-07-19,30.0,51.0,70.0,77.0,83.0,98.0,113.0,131.0,150.0,160.2,175.0,211.1,278.0,inferred
Tayside,2021-07-20,29.0,51.0,72.0,77.0,86.0,101.0,116.0,133.0,150.0,163.0,180.2,217.1,285.5,inferred
Tayside,2021-07-21,32.0,55.0,75.0,83.0,89.0,105.0,120.0,138.0,155.0,166.0,178.2,219.0,283.0,inferred
Tayside,2021-07-22,19.5,36.0,52.0,59.0,65.0,78.0,92.0,107.0,122.3,133.0,145.0,177.0,242.0,inferred
Tayside,2021-07-23,19.0,34.0,49.0,55.0,62.0,73.0,88.0,102.4,120.3,129.0,140.0,175.0,239.6,inferred
Tayside,2021-07-24,18.5,36.0,52.0,59.0,66.0,80.0,91.0,107.0,125.0,136.0,149.0,179.0,238.5,inferred
Tayside,2021-07-25,17.0,31.0,43.0,50.0,56.0,67.0,81.0,93.0,110.0,119.0,130.0,164.0,216.5,inferred
Tayside,2021-07-26,8.0,19.0,28.8,34.0,38.0,48.0,57.0,68.0,84.0,93.0,101.0,135.1,201.6,inferred
Tayside,2021-07-27,8.0,18.0,29.0,34.0,38.0,49.0,60.0,72.0,86.0,96.0,108.0,138.1,206.5,inferred
Tayside,2021-07-28,11.0,23.0,35.0,40.0,45.0,56.0,67.0,79.0,91.3,103.0,115.0,147.1,211.0,inferred
Tayside,2021-07-29,6.5,15.0,25.0,29.0,33.0,43.0,52.5,65.0,79.0,86.0,95.0,125.0,178.6,inferred
Tayside,2021-07-30,7.0,17.0,26.0,30.8,35.0,44.0,55.0,69.0,80.0,88.0,99.0,133.0,192.0,inferred
Tayside,2021-07-31,9.0,20.0,30.0,35.0,41.0,52.0,64.0,75.0,89.0,97.0,109.0,143.0,202.5,inferred
Tayside,2021-08-01,8.0,18.0,28.0,33.0,38.0,47.0,58.0,70.0,85.0,95.0,105.0,139.0,193.0,inferred
Tayside,2021-08-02,4.0,11.0,19.0,22.0,27.0,36.0,46.0,57.0,69.0,77.0,86.0,117.0,174.0,inferred
Tayside,2021-08-03,5.0,15.0,24.0,28.0,32.0,41.0,52.0,62.0,76.0,84.2,96.0,122.1,178.0,inferred
Tayside,2021-08-04,9.0,21.0,32.0,37.0,42.0,51.0,62.0,75.0,91.0,100.0,109.0,139.0,199.0,inferred
Tayside,2021-08-05,6.0,16.0,25.0,29.0,33.0,42.6,53.0,64.0,77.0,84.2,96.0,127.0,173.0,inferred
Tayside,2021-08-06,7.0,17.0,27.0,32.0,37.0,46.0,56.0,67.0,82.0,89.0,100.0,127.0,178.0,inferred
Tayside,2021-08-07,11.0,23.0,35.0,41.0,47.0,58.0,68.5,81.0,95.0,106.0,117.0,147.0,206.5,inferred
Tayside,2021-08-08,10.0,22.0,36.0,41.0,45.0,57.0,67.0,79.0,93.0,101.0,111.0,142.0,207.0,inferred
Tayside,2021-08-09,7.0,16.0,27.0,32.0,36.0,46.0,54.0,66.0,82.0,90.0,102.0,131.1,188.6,inferred
Tayside,2021-08-10,9.0,20.0,31.0,36.0,42.7,53.0,64.0,76.0,90.0,98.0,110.0,141.0,198.1,inferred
Tayside,2021-08-11,18.0,32.0,44.0,49.0,56.0,69.0,81.0,96.0,111.0,122.0,133.0,163.0,235.5,inferred
Tayside,2021-08-12,12.0,26.0,39.0,44.0,50.0,61.0,72.0,85.0,101.0,111.0,123.2,155.0,208.0,inferred
Tayside,2021-08-13,17.0,30.0,43.0,49.0,54.0,67.0,78.5,94.0,113.0,124.0,136.0,172.1,234.0,inferred
Tayside,2021-08-14,28.0,44.0,61.0,69.0,75.0,89.0,104.0,119.0,139.0,150.0,160.2,194.0,264.5,inferred
Tayside,2021-08-15,22.0,44.0,62.0,68.0,75.0,89.0,104.0,120.0,140.0,149.0,161.0,196.2,269.0,inferred
Tayside,2021-08-16,19.0,36.0,51.0,58.0,65.0,79.0,92.0,107.0,126.0,136.0,148.2,186.0,246.0,inferred
Tayside,2021-08-17,28.0,50.0,68.0,75.8,83.0,95.0,109.0,126.4,145.3,157.0,169.0,204.0,272.0,inferred
Tayside,2021-08-18,41.5,68.0,92.0,100.0,108.0,124.0,140.0,160.0,177.0,192.0,207.2,254.1,329.6,inferred
Tayside,2021-08-19,36.5,61.0,79.8,89.0,96.0,113.0,128.0,144.0,164.0,178.0,190.0,233.0,308.0,inferred
Tayside,2021-08-20,44.5,71.0,94.0,103.0,111.0,127.0,145.0,163.4,184.0,195.0,214.0,250.0,322.6,inferred
Tayside,2021-08-21,69.5,103.0,128.0,139.0,148.0,167.6,189.0,210.0,235.3,250.0,265.0,319.0,398.7,inferred
Tayside,2021-08-22,72.0,105.0,129.0,143.0,154.7,174.0,195.0,216.0,241.0,256.0,272.0,323.0,410.0,inferred
Tayside,2021-08-23,61.0,90.0,116.0,126.8,137.0,157.6,176.5,196.0,219.3,234.2,248.2,300.1,389.0,inferred
Tayside,2021-08-24,78.5,114.0,143.0,155.0,166.0,191.0,211.0,234.0,261.0,277.2,295.0,338.1,418.5,inferred
Tayside,2021-08-25,112.0,154.0,185.0,198.8,210.0,233.6,255.0,278.4,308.0,323.0,343.0,394.0,487.5,inferred
Tayside,2021-08-26,92.0,128.0,158.0,171.8,181.7,203.0,226.0,251.0,276.0,292.0,308.0,353.0,450.0,inferred
Tayside,2021-08-27,110.0,151.0,183.0,194.8,208.0,229.0,251.0,274.0,304.0,322.0,339.0,385.1,475.0,inferred
Tayside,2021-08-28,144.5,188.9,224.8,241.0,254.7,275.0,299.5,329.0,359.0,372.0,393.0,453.0,544.0,inferred
Tayside,2021-08-29,145.5,190.0,222.0,235.0,249.0,274.6,301.0,329.0,359.0,376.0,396.0,455.0,556.5,inferred
Tayside,2021-08-30,122.5,161.9,196.0,210.0,223.0,245.6,269.5,293.0,323.0,339.0,360.0,414.0,504.6,inferred
Tayside,2021-08-31,137.5,186.0,225.0,238.8,254.0,274.0,299.0,327.0,357.0,373.0,399.0,457.1,553.0,inferred
Tayside,2021-09-01,175.0,226.8,264.0,282.0,295.0,323.0,349.0,378.0,415.3,438.0,463.0,520.0,632.1,inferred
Tayside,2021-09-02,129.5,187.0,219.0,233.0,244.0,268.0,296.0,319.0,347.0,363.2,384.0,441.0,530.0,inferred
Tayside,2021-09-03,146.5,192.0,224.0,238.0,252.0,278.0,304.0,335.0,364.0,384.0,405.0,462.0,563.5,inferred
Tayside,2021-09-04,180.5,229.0,268.8,287.0,300.0,331.0,359.0,385.0,424.0,442.0,462.0,523.0,620.6,inferred
Tayside,2021-09-05,162.0,206.0,245.0,266.8,281.0,309.0,335.0,368.4,399.0,418.0,443.2,502.0,622.0,inferred
Tayside,2021-09-06,127.0,177.0,213.0,227.0,240.0,264.0,287.0,317.4,346.0,362.0,383.0,437.0,528.5,inferred
Tayside,2021-09-07,142.5,190.0,221.0,236.0,249.7,275.0,306.0,335.0,366.0,385.0,404.0,462.0,561.0,inferred
Tayside,2021-09-08,160.0,213.9,251.0,266.0,281.0,310.0,334.0,362.0,390.3,408.0,431.0,489.1,579.5,inferred
Tayside,2021-09-09,103.0,142.9,179.8,194.0,208.7,232.0,254.0,278.0,305.0,320.0,337.2,389.1,478.0,inferred
Tayside,2021-09-10,103.0,147.9,177.8,190.0,202.0,225.6,247.0,268.0,296.0,311.2,327.0,372.1,469.0,inferred
Tayside,2021-09-11,112.0,153.0,184.0,199.0,214.0,237.0,264.0,288.0,318.0,332.0,351.2,399.0,503.0,inferred
Tayside,2021-09-12,93.0,130.0,155.8,168.0,177.7,199.0,222.5,245.0,270.0,285.0,300.0,354.0,442.0,inferred
Tayside,2021-09-13,63.5,98.0,123.0,131.0,141.0,162.0,180.0,197.0,219.3,231.0,248.0,294.0,367.0,inferred
Tayside,2021-09-14,66.5,98.0,121.0,132.0,143.0,161.0,184.0,204.0,226.0,237.2,252.0,303.1,382.7,inferred
Tayside,2021-09-15,78.0,110.0,139.0,151.0,160.0,181.0,203.0,225.0,247.0,263.0,283.0,325.1,415.6,inferred
Tayside,2021-09-16,56.0,85.0,110.0,120.0,129.0,147.0,163.0,186.0,205.3,219.0,234.0,279.0,358.5,inferred
Tayside,2021-09-17,59.0,85.0,110.0,119.0,129.0,147.0,165.0,185.0,209.0,220.0,235.0,278.1,349.5,inferred
Tayside,2021-09-18,70.0,103.0,128.0,138.0,147.0,168.0,188.0,213.0,237.0,252.0,267.0,318.1,381.0,inferred
Tayside,2021-09-19,63.0,93.0,114.0,126.0,136.0,153.0,172.0,193.0,219.0,231.0,246.0,295.0,370.6,inferred
Tayside,2021-09-20,43.0,69.0,92.8,102.0,111.0,128.0,147.0,164.0,186.0,199.2,214.0,255.0,329.5,inferred
Tayside,2021-09-21,50.0,79.0,97.8,108.0,118.0,134.0,152.0,174.0,196.0,208.0,223.0,268.0,332.6,inferred
Tayside,2021-09-22,60.0,98.9,125.0,136.8,146.0,168.0,189.0,210.0,231.3,247.2,264.0,309.1,396.0,inferred
Tayside,2021-09-23,54.5,81.9,102.0,111.0,120.0,136.0,154.0,172.0,196.0,208.2,225.0,267.0,339.5,inferred
Tayside,2021-09-24,60.5,88.0,109.0,120.0,129.0,149.0,167.0,185.0,206.0,220.0,235.0,279.1,363.6,inferred
Tayside,2021-09-25,82.0,118.0,145.0,155.0,165.0,183.0,204.0,226.0,249.0,265.0,283.2,333.0,415.1,inferred
Tayside,2021-09-26,69.5,108.0,131.0,144.0,153.0,175.0,196.0,219.0,242.3,258.0,274.2,327.0,408.1,inferred
Tayside,2021-09-27,58.0,90.0,113.0,124.8,133.7,152.0,169.0,188.0,210.3,225.0,242.2,285.0,362.6,inferred
Tayside,2021-09-28,69.0,100.0,126.0,139.0,148.0,166.0,184.0,204.4,229.0,244.0,260.2,312.0,393.0,inferred
Tayside,2021-09-29,83.0,118.0,149.0,159.0,171.0,194.0,215.0,234.0,261.0,275.0,293.0,347.1,428.6,inferred
Tayside,2021-09-30,68.0,95.0,120.8,130.0,143.0,161.0,180.0,200.0,223.0,236.0,248.2,295.1,376.0,inferred
Tayside,2021-10-01,63.0,96.9,122.8,133.0,143.7,162.0,181.0,201.0,224.3,237.0,254.0,300.0,383.5,inferred
Tayside,2021-10-02,83.0,119.9,149.0,160.0,170.0,191.0,212.5,237.0,261.0,274.0,293.2,346.0,424.5,inferred
Tayside,2021-10-03,74.5,110.0,138.0,149.0,158.0,177.0,198.0,221.0,248.0,267.0,280.0,323.0,403.0,inferred
Tayside,2021-10-04,57.0,87.0,111.0,123.0,131.7,151.0,172.0,191.0,215.0,228.2,246.0,295.1,383.0,inferred
Tayside,2021-10-05,66.5,99.9,124.0,137.0,146.0,165.0,181.0,203.0,230.0,246.0,265.0,311.1,389.0,inferred
Tayside,2021-10-06,79.5,115.0,146.0,159.0,171.0,193.0,214.0,238.0,264.0,277.0,292.2,336.1,422.5,inferred
Tayside,2021-10-07,65.0,90.0,118.0,128.0,139.0,158.0,178.5,198.0,222.0,235.0,249.0,292.1,378.5,inferred
Tayside,2021-10-08,67.0,102.9,131.0,141.0,152.0,171.0,190.0,210.0,231.0,244.0,258.0,307.1,378.5,inferred
Tayside,2021-10-09,82.5,124.0,149.0,164.0,175.0,199.0,220.0,242.0,269.0,282.2,300.0,352.2,461.0,inferred
Tayside,2021-10-10,77.0,114.0,141.0,151.0,160.0,179.6,200.0,222.0,249.0,266.0,282.2,330.1,419.0,inferred
Tayside,2021-10-11,58.5,90.0,115.0,127.0,138.0,156.6,174.5,198.0,222.0,237.0,254.0,297.0,383.5,inferred
Tayside,2021-10-12,65.5,103.9,130.0,140.8,149.7,166.0,189.0,212.0,235.0,250.0,266.0,313.1,394.5,inferred
Tayside,2021-10-13,85.0,126.0,158.0,168.0,180.0,203.0,224.0,249.0,275.0,288.0,306.2,357.0,450.0,inferred
Tayside,2021-10-14,65.5,95.0,120.0,132.0,142.0,164.0,184.5,206.0,232.0,247.0,263.2,311.1,388.5,inferred
Tayside,2021-10-15,67.5,103.0,131.8,143.0,154.0,176.0,195.0,215.0,241.0,259.0,275.0,326.0,410.6,inferred
Teignbridge,2021-07-03,7.5,15.0,20.0,23.0,25.0,30.0,36.0,40.4,48.0,52.0,57.0,68.0,94.0,inferred
Teignbridge,2021-07-04,10.0,17.0,23.0,26.0,29.0,34.0,39.0,44.0,52.0,56.0,60.0,74.1,96.0,inferred
Teignbridge,2021-07-05,22.0,33.0,41.0,45.0,48.0,55.0,61.0,68.0,76.0,81.0,86.2,102.0,126.0,inferred
Teignbridge,2021-07-06,26.0,36.0,44.0,48.0,51.0,58.0,66.0,73.0,81.0,87.0,91.0,108.1,136.0,inferred
Teignbridge,2021-07-07,24.0,36.0,44.0,48.0,52.0,58.0,65.0,72.0,79.0,84.0,89.0,106.1,138.5,inferred
Teignbridge,2021-07-08,24.0,35.0,44.8,48.0,51.0,57.0,64.0,72.0,80.0,85.0,92.0,108.0,135.5,inferred
Teignbridge,2021-07-09,22.0,32.9,41.0,45.0,49.0,56.0,63.0,69.0,77.0,82.0,88.0,106.0,136.5,inferred
Teignbridge,2021-07-10,15.0,26.0,35.0,37.8,41.0,47.0,54.0,60.0,67.0,71.0,77.0,93.1,119.5,inferred
Teignbridge,2021-07-11,19.0,29.0,37.0,41.0,44.0,51.0,59.0,65.0,73.3,78.0,83.0,98.0,130.0,inferred
Teignbridge,2021-07-12,33.5,46.0,58.0,63.0,67.0,75.0,81.0,90.0,100.0,107.0,114.0,132.0,160.0,inferred
Teignbridge,2021-07-13,35.0,48.0,59.0,64.0,68.0,75.0,82.0,92.0,101.0,107.0,113.0,132.0,164.5,inferred
Teignbridge,2021-07-14,32.0,46.9,57.0,60.0,65.0,73.0,82.0,90.0,99.0,104.0,112.0,129.0,163.0,inferred
Teignbridge,2021-07-15,31.0,42.0,52.0,55.0,59.0,67.0,74.0,83.0,92.0,99.0,106.0,123.0,146.5,inferred
Teignbridge,2021-07-16,25.5,39.9,49.0,53.0,57.0,63.6,71.0,78.0,86.0,90.0,98.0,111.0,145.0,inferred
Teignbridge,2021-07-17,18.0,28.0,37.0,40.8,44.0,50.0,56.0,62.0,71.0,76.0,80.0,95.0,121.0,inferred
Teignbridge,2021-07-18,18.0,28.0,36.0,40.0,43.0,50.0,56.0,63.0,70.0,75.2,81.0,96.0,119.0,inferred
Teignbridge,2021-07-19,31.0,43.0,53.0,57.0,60.0,68.0,75.0,83.0,92.0,98.0,104.0,121.0,157.0,inferred
Teignbridge,2021-07-20,29.0,42.0,51.0,55.0,59.0,67.0,75.0,83.0,93.0,98.0,104.0,122.1,154.0,inferred
Teignbridge,2021-07-21,26.0,36.0,46.0,50.0,54.0,61.0,68.0,76.0,86.0,90.0,96.0,112.0,142.5,inferred
Teignbridge,2021-07-22,21.0,34.0,42.8,47.0,50.0,57.0,64.0,71.0,79.0,84.0,89.0,106.0,135.5,inferred
Teignbridge,2021-07-23,17.0,27.0,35.0,39.0,41.7,49.0,56.0,62.0,69.0,73.0,79.0,94.0,120.0,inferred
Teignbridge,2021-07-24,11.0,19.0,25.0,28.0,31.0,36.0,42.0,48.0,56.0,59.2,64.0,79.0,102.5,inferred
Teignbridge,2021-07-25,11.0,18.0,25.0,28.0,30.0,36.0,41.0,48.0,54.0,58.0,63.0,78.0,104.0,inferred
Teignbridge,2021-07-26,17.0,28.0,36.0,40.0,43.0,50.0,57.0,63.0,71.0,75.2,81.0,96.0,125.0,inferred
Teignbridge,2021-07-27,19.0,28.0,35.8,40.0,43.0,50.0,56.0,62.0,71.0,76.0,81.0,97.0,122.5,inferred
Teignbridge,2021-07-28,18.5,29.0,37.0,39.0,42.0,49.0,55.0,62.0,69.0,75.0,80.0,97.0,127.0,inferred
Teignbridge,2021-07-29,18.0,28.0,36.0,40.0,43.0,49.0,55.0,62.0,70.0,76.0,80.0,96.0,122.0,inferred
Teignbridge,2021-07-30,16.0,26.0,34.0,37.0,39.7,45.0,52.0,58.0,66.0,70.0,75.0,91.0,119.0,inferred
Teignbridge,2021-07-31,11.0,20.0,26.0,29.0,32.0,37.0,42.0,48.0,56.0,59.0,64.0,78.0,103.5,inferred
Teignbridge,2021-08-01,13.5,21.0,28.0,31.0,34.0,39.6,46.0,52.0,59.0,64.0,69.0,83.0,111.0,inferred
Teignbridge,2021-08-02,23.5,34.0,44.0,48.0,51.0,59.0,65.0,73.0,80.0,86.2,92.0,108.1,135.5,inferred
Teignbridge,2021-08-03,23.0,35.0,45.0,49.0,53.0,60.6,67.0,76.0,84.0,90.0,95.0,111.1,141.5,inferred
Teignbridge,2021-08-04,23.0,35.0,44.0,48.0,52.0,58.0,66.0,73.0,81.0,86.0,91.0,108.0,137.0,inferred
Teignbridge,2021-08-05,23.5,34.0,42.0,46.8,49.0,57.0,63.0,70.0,78.0,83.0,89.0,104.0,132.5,inferred
Teignbridge,2021-08-06,20.0,30.0,39.0,42.8,46.0,52.0,59.0,65.4,75.0,81.0,86.0,100.1,130.5,inferred
Teignbridge,2021-08-07,14.0,23.0,30.0,33.0,35.0,41.6,47.0,53.0,60.0,65.0,70.0,87.0,118.5,inferred
Teignbridge,2021-08-08,15.0,25.0,32.0,35.0,38.0,44.0,50.0,56.0,64.0,69.0,74.0,87.1,110.5,inferred
Teignbridge,2021-08-09,28.0,38.0,49.0,53.0,57.0,64.0,71.0,78.0,87.0,93.0,99.0,114.0,147.5,inferred
Teignbridge,2021-08-10,30.0,43.0,52.0,57.0,60.0,68.0,76.0,83.0,93.0,98.0,104.2,123.0,155.0,inferred
Teignbridge,2021-08-11,33.0,46.0,57.0,61.0,65.0,73.0,82.0,90.0,100.0,105.0,111.2,129.0,159.0,inferred
Teignbridge,2021-08-12,37.5,52.0,63.0,68.0,72.0,80.0,88.0,97.0,106.0,113.0,120.0,138.0,168.0,inferred
Teignbridge,2021-08-13,39.0,53.0,65.0,70.0,74.0,82.0,92.0,101.0,110.0,115.0,121.0,138.0,173.5,inferred
Teignbridge,2021-08-14,33.0,48.0,59.0,63.0,68.0,74.0,84.0,91.0,99.0,105.2,111.0,128.0,157.5,inferred
Teignbridge,2021-08-15,42.0,57.0,69.0,73.8,78.0,87.0,95.0,104.0,115.0,120.0,126.0,143.0,175.0,inferred
Teignbridge,2021-08-16,76.0,94.0,108.0,114.0,120.0,130.0,140.0,152.0,164.0,172.0,178.0,205.0,242.0,inferred
Teignbridge,2021-08-17,76.5,99.0,115.0,120.0,126.0,138.0,148.0,158.0,172.0,179.0,187.0,211.0,255.0,inferred
Teignbridge,2021-08-18,69.0,93.0,107.0,112.0,118.0,129.0,139.0,149.0,160.0,167.2,175.0,197.0,231.5,inferred
Teignbridge,2021-08-19,59.0,81.0,96.0,102.0,107.0,117.0,127.0,138.0,150.0,155.0,164.0,187.1,220.0,inferred
Teignbridge,2021-08-20,52.5,68.0,80.8,86.0,91.0,99.0,108.0,117.0,127.0,133.0,142.0,160.0,200.5,inferred
Teignbridge,2021-08-21,34.0,48.0,58.0,63.0,66.0,75.0,83.0,91.0,100.0,107.0,113.0,129.0,162.0,inferred
Teignbridge,2021-08-22,31.5,45.0,55.0,60.0,64.0,72.0,80.0,88.0,97.0,102.0,109.0,127.0,156.5,inferred
Teignbridge,2021-08-23,47.0,64.0,78.0,82.0,87.0,95.0,103.5,113.0,124.0,130.0,138.0,159.0,190.0,inferred
Teignbridge,2021-08-24,45.0,61.0,72.0,76.0,81.0,90.0,99.0,109.0,119.0,124.0,130.0,151.0,188.5,inferred
Teignbridge,2021-08-25,42.0,54.9,65.0,68.0,72.0,81.0,89.0,97.0,107.0,114.0,120.0,139.0,170.0,inferred
Teignbridge,2021-08-26,34.0,47.0,57.0,61.0,65.0,73.0,81.0,89.0,98.0,104.0,111.0,129.0,161.5,inferred
Teignbridge,2021-08-27,25.0,39.0,48.8,53.0,57.0,64.0,71.0,79.0,87.0,92.0,97.2,114.0,143.0,inferred
Teignbridge,2021-08-28,18.0,27.0,34.8,38.0,41.0,48.0,54.0,61.0,69.0,73.0,79.0,94.0,122.0,inferred
Teignbridge,2021-08-29,16.0,26.0,33.0,37.0,40.0,46.0,53.0,60.0,67.0,72.0,77.0,90.0,118.0,inferred
Teignbridge,2021-08-30,24.0,36.9,45.0,48.0,53.0,59.0,66.0,74.0,83.0,88.0,95.0,110.0,141.0,inferred
Teignbridge,2021-08-31,24.0,34.0,44.0,48.0,51.0,58.0,65.0,72.0,83.0,88.0,94.0,110.0,138.5,inferred
Teignbridge,2021-09-01,20.0,32.0,40.0,43.0,47.0,54.0,60.0,68.0,76.0,81.0,87.0,101.1,131.5,inferred
Teignbridge,2021-09-02,18.0,29.0,38.0,41.0,44.0,51.0,57.0,64.0,71.0,75.0,80.0,96.0,123.0,inferred
Teignbridge,2021-09-03,15.0,24.0,31.0,33.0,36.0,42.0,48.0,55.0,63.0,67.0,72.0,85.0,111.0,inferred
Teignbridge,2021-09-04,9.0,15.0,22.0,24.0,27.0,32.0,38.0,43.0,51.0,56.0,61.0,75.0,98.0,inferred
Teignbridge,2021-09-05,9.0,16.0,22.0,25.0,28.0,33.0,39.0,44.0,51.0,55.0,61.0,73.0,97.0,inferred
Teignbridge,2021-09-06,15.0,23.9,32.0,36.0,39.0,44.0,50.0,57.0,65.0,70.0,74.0,88.0,112.0,inferred
Teignbridge,2021-09-07,16.0,24.0,32.0,35.0,38.0,43.6,49.0,55.4,63.0,67.0,73.0,87.0,112.5,inferred
Teignbridge,2021-09-08,12.0,19.9,26.0,29.0,31.0,36.6,43.0,50.0,57.0,61.0,66.0,81.0,106.0,inferred
Teignbridge,2021-09-09,10.0,18.0,24.0,27.0,29.0,34.0,40.0,45.0,53.0,57.0,62.0,76.0,101.0,inferred
Teignbridge,2021-09-10,7.0,14.0,20.0,22.0,24.0,29.0,33.0,39.0,46.0,50.0,54.0,66.0,91.0,inferred
Teignbridge,2021-09-11,4.0,8.0,13.0,15.0,17.0,20.0,24.0,29.0,34.3,38.0,42.0,54.0,75.0,inferred
Teignbridge,2021-09-12,4.0,8.0,13.0,15.0,17.0,21.0,25.0,30.0,35.0,38.2,42.0,54.0,77.0,inferred
Teignbridge,2021-09-13,6.0,13.0,19.0,21.0,23.0,28.0,33.0,39.0,45.0,48.0,52.0,66.0,85.0,inferred
Teignbridge,2021-09-14,7.0,13.0,19.0,21.0,24.0,28.6,34.0,40.0,46.0,50.0,54.2,68.0,92.0,inferred
Teignbridge,2021-09-15,7.0,14.0,19.8,22.0,24.0,29.0,33.5,39.0,45.0,49.0,53.0,66.1,92.0,inferred
Teignbridge,2021-09-16,7.0,14.0,20.0,22.0,25.0,29.0,35.0,39.0,46.0,49.0,54.0,67.0,94.5,inferred
Teignbridge,2021-09-17,6.0,13.0,19.0,21.0,24.0,29.0,34.0,39.0,45.0,49.0,54.0,68.0,90.0,inferred
Teignbridge,2021-09-18,5.0,11.0,16.0,18.0,20.0,24.0,29.0,34.0,40.0,43.0,47.0,60.0,82.0,inferred
Teignbridge,2021-09-19,6.0,12.0,17.0,19.0,22.0,26.0,31.0,36.0,42.0,45.0,48.0,61.0,82.0,inferred
Teignbridge,2021-09-20,13.0,22.0,29.0,32.0,35.0,41.0,47.0,52.0,59.3,64.0,70.0,83.1,107.5,inferred
Teignbridge,2021-09-21,15.0,23.0,30.0,34.0,37.0,42.0,48.0,55.0,62.0,66.2,72.0,85.0,112.0,inferred
Teignbridge,2021-09-22,14.0,23.0,31.0,35.0,37.0,43.0,50.0,57.0,64.0,68.0,73.2,89.0,118.5,inferred
Teignbridge,2021-09-23,15.0,24.0,32.0,35.0,38.0,44.0,50.0,57.0,64.0,69.0,74.0,89.0,116.5,inferred
Teignbridge,2021-09-24,13.0,22.0,30.0,33.0,36.0,42.0,47.0,54.0,62.0,66.2,72.0,86.0,112.5,inferred
Teignbridge,2021-09-25,10.0,18.0,24.0,26.0,29.0,35.0,40.0,46.0,52.0,57.0,61.0,75.0,99.5,inferred
Teignbridge,2021-09-26,13.0,20.0,27.0,30.0,32.0,37.0,44.0,51.0,58.0,62.0,68.0,82.0,102.0,inferred
Teignbridge,2021-09-27,23.0,33.0,42.0,45.0,49.0,57.0,63.0,71.0,80.0,84.0,91.0,107.0,132.0,inferred
Teignbridge,2021-09-28,24.0,35.0,45.0,49.0,52.0,59.0,66.0,75.0,84.0,89.0,95.0,111.0,137.5,inferred
Teignbridge,2021-09-29,23.5,36.0,44.0,47.0,52.0,59.0,66.0,73.0,81.0,85.0,91.0,107.0,133.5,inferred
Teignbridge,2021-09-30,22.0,34.0,43.0,46.0,49.0,57.0,64.0,72.0,79.3,86.0,92.0,109.0,138.1,inferred
Teignbridge,2021-10-01,19.0,30.0,38.0,42.0,45.0,51.0,58.0,65.0,73.0,78.0,84.0,97.1,126.5,inferred
Teignbridge,2021-10-02,15.0,23.0,30.0,33.0,36.0,42.0,48.0,56.0,64.0,68.0,74.0,89.0,112.0,inferred
Teignbridge,2021-10-03,15.0,24.0,33.0,36.0,38.0,44.0,51.0,57.0,66.0,70.0,75.0,88.0,117.0,inferred
Teignbridge,2021-10-04,26.0,37.0,48.0,51.0,55.0,62.0,69.0,77.0,85.0,90.0,96.0,114.1,144.5,inferred
Teignbridge,2021-10-05,28.5,41.0,50.0,54.0,58.0,64.0,73.0,81.0,90.0,95.0,101.0,116.0,141.0,inferred
Teignbridge,2021-10-06,27.0,39.9,50.0,54.0,57.0,66.0,72.5,80.0,89.0,95.0,101.0,120.1,146.5,inferred
Teignbridge,2021-10-07,26.5,39.0,48.0,52.0,55.0,62.0,70.0,77.0,85.0,91.0,97.0,115.0,141.5,inferred
Teignbridge,2021-10-08,23.0,33.0,44.0,48.0,51.0,59.0,66.0,74.0,83.0,88.0,94.0,112.0,142.5,inferred
Teignbridge,2021-10-09,18.0,27.0,36.0,39.0,42.0,49.0,55.0,62.0,71.0,76.0,81.0,95.1,123.5,inferred
Teignbridge,2021-10-10,19.0,29.0,38.0,42.0,45.0,51.0,58.0,64.0,72.0,77.0,82.0,97.0,124.0,inferred
Teignbridge,2021-10-11,33.5,48.0,59.0,64.0,67.0,75.0,82.0,90.0,99.0,105.0,110.0,127.0,155.0,inferred
Teignbridge,2021-10-12,34.5,49.0,61.0,65.0,70.0,76.0,83.0,92.0,101.0,107.0,114.0,131.1,163.0,inferred
Teignbridge,2021-10-13,32.0,47.0,57.0,61.0,65.0,73.0,81.0,89.0,100.0,105.0,110.0,126.1,154.5,inferred
Teignbridge,2021-10-14,31.0,43.0,55.0,59.0,64.0,73.0,80.0,87.0,98.0,104.0,112.0,131.0,157.0,inferred
Teignbridge,2021-10-15,28.0,40.0,50.0,55.0,59.0,66.0,74.0,81.0,90.0,96.0,103.0,122.1,153.0,inferred
Telford and Wrekin,2021-07-03,29.0,37.0,42.0,45.0,47.0,51.0,54.0,58.0,63.0,66.0,69.0,77.0,90.5,inferred
Telford and Wrekin,2021-07-04,32.0,40.0,46.0,48.0,51.0,56.0,60.0,64.0,69.0,72.0,74.0,83.1,96.0,inferred
Telford and Wrekin,2021-07-05,48.0,60.0,66.0,69.0,72.0,78.0,82.0,87.0,92.0,95.0,98.0,108.0,124.0,inferred
Telford and Wrekin,2021-07-06,46.5,58.0,66.0,68.0,71.0,76.0,80.0,85.0,91.0,94.0,98.0,108.0,123.0,inferred
Telford and Wrekin,2021-07-07,52.0,62.0,70.0,72.0,75.0,81.0,85.0,90.0,96.0,100.0,103.0,112.0,131.0,inferred
Telford and Wrekin,2021-07-08,55.0,66.0,74.0,77.0,80.0,85.0,91.0,96.0,101.0,104.0,108.2,119.0,132.0,inferred
Telford and Wrekin,2021-07-09,55.0,65.0,72.8,75.0,78.0,84.0,89.0,94.0,99.0,102.0,107.0,117.0,134.0,inferred
Telford and Wrekin,2021-07-10,48.0,59.0,66.0,69.0,72.0,77.0,82.0,87.0,93.0,96.0,100.0,111.0,129.5,inferred
Telford and Wrekin,2021-07-11,56.0,68.0,76.0,80.0,82.0,87.0,93.0,98.0,105.0,108.0,112.0,124.0,141.0,inferred
Telford and Wrekin,2021-07-12,91.0,107.0,116.0,119.0,123.0,130.0,138.0,144.0,152.0,156.0,161.0,174.0,195.0,inferred
Telford and Wrekin,2021-07-13,91.0,104.0,114.8,119.0,123.0,130.0,136.0,142.0,150.0,154.0,159.0,174.0,196.0,inferred
Telford and Wrekin,2021-07-14,89.0,103.9,115.0,119.0,123.0,130.0,137.0,144.0,152.0,156.0,160.0,172.0,193.5,inferred
Telford and Wrekin,2021-07-15,89.0,103.0,111.0,115.0,118.0,125.0,131.5,138.4,147.0,151.0,155.0,167.0,186.0,inferred
Telford and Wrekin,2021-07-16,75.0,89.0,97.0,101.0,104.0,111.0,117.0,123.0,129.3,133.0,138.0,150.0,167.5,inferred
Telford and Wrekin,2021-07-17,61.0,73.0,81.8,84.0,87.0,92.0,97.0,102.0,109.0,113.0,117.0,127.0,146.0,inferred
Telford and Wrekin,2021-07-18,63.0,75.0,85.0,89.0,91.7,97.0,102.0,108.0,115.0,119.0,123.0,134.0,149.5,inferred
Telford and Wrekin,2021-07-19,91.0,106.0,115.0,120.0,123.0,130.0,136.0,142.0,149.3,153.0,158.0,169.0,188.5,inferred
Telford and Wrekin,2021-07-20,80.0,93.0,102.0,105.0,108.0,115.0,122.0,128.0,136.0,139.0,143.0,155.0,175.0,inferred
Telford and Wrekin,2021-07-21,72.5,85.0,95.0,98.0,101.0,107.0,113.0,119.0,125.0,129.0,133.0,146.0,163.5,inferred
Telford and Wrekin,2021-07-22,62.0,73.0,82.0,86.0,88.0,93.0,99.0,105.0,111.0,115.0,118.0,129.0,149.5,inferred
Telford and Wrekin,2021-07-23,47.0,58.0,65.0,68.0,71.0,77.0,81.0,86.0,91.0,95.0,99.0,109.0,121.5,inferred
Telford and Wrekin,2021-07-24,34.0,42.0,49.0,51.0,53.0,58.0,62.0,66.0,72.0,74.0,76.0,84.0,100.0,inferred
Telford and Wrekin,2021-07-25,31.0,39.0,45.0,48.0,50.0,55.0,59.0,64.0,69.3,72.0,75.0,84.0,99.5,inferred
Telford and Wrekin,2021-07-26,42.0,52.0,59.0,61.8,64.0,69.0,74.0,79.0,84.0,87.0,90.0,101.0,121.0,inferred
Telford and Wrekin,2021-07-27,35.0,44.0,51.8,54.0,56.0,61.0,66.0,71.0,76.0,79.0,82.0,91.0,104.0,inferred
Telford and Wrekin,2021-07-28,35.0,44.0,51.0,53.0,55.7,60.0,65.0,69.0,74.0,77.0,81.0,89.0,103.5,inferred
Telford and Wrekin,2021-07-29,32.0,42.0,48.8,51.0,54.0,58.0,61.0,65.0,71.0,74.0,77.0,87.0,103.0,inferred
Telford and Wrekin,2021-07-30,27.0,36.0,43.0,45.0,47.0,51.0,55.0,60.0,65.0,67.0,70.0,78.1,93.5,inferred
Telford and Wrekin,2021-07-31,22.0,30.0,35.0,37.0,39.0,43.0,47.0,51.0,55.0,57.0,60.0,68.0,81.0,inferred
Telford and Wrekin,2021-08-01,24.0,32.0,37.0,40.0,42.0,46.0,49.0,53.0,58.0,60.0,63.0,71.0,84.0,inferred
Telford and Wrekin,2021-08-02,36.0,46.0,53.0,56.0,58.0,63.0,67.0,72.0,76.0,80.0,83.0,91.0,107.0,inferred
Telford and Wrekin,2021-08-03,34.0,42.0,49.0,52.0,55.0,60.0,64.5,69.0,74.0,76.0,79.2,89.0,103.0,inferred
Telford and Wrekin,2021-08-04,36.0,45.9,53.0,56.0,58.0,63.0,67.0,72.0,77.0,79.2,83.0,93.0,107.0,inferred
Telford and Wrekin,2021-08-05,37.0,46.9,53.0,56.0,58.0,63.0,68.0,73.0,78.0,81.0,84.0,93.1,108.0,inferred
Telford and Wrekin,2021-08-06,34.0,43.0,50.0,53.0,55.0,60.0,64.0,68.0,73.0,76.0,79.0,88.0,103.0,inferred
Telford and Wrekin,2021-08-07,28.0,39.0,45.0,47.0,49.0,53.0,56.0,60.0,65.0,68.0,71.0,80.0,93.0,inferred
Telford and Wrekin,2021-08-08,33.0,43.0,49.0,52.0,54.0,58.0,62.0,67.0,72.0,74.0,78.0,87.0,102.0,inferred
Telford and Wrekin,2021-08-09,53.0,63.0,71.8,75.0,78.0,84.0,89.0,94.0,100.0,103.2,108.0,118.1,138.0,inferred
Telford and Wrekin,2021-08-10,52.0,62.0,71.0,74.0,76.0,81.0,86.0,92.0,98.0,101.0,106.0,117.0,133.0,inferred
Telford and Wrekin,2021-08-11,52.5,64.0,73.0,76.0,79.0,84.0,89.0,95.0,101.0,104.0,108.0,117.0,136.0,inferred
Telford and Wrekin,2021-08-12,53.0,64.0,72.0,75.0,78.0,83.0,88.0,94.0,99.3,103.0,106.0,116.0,135.0,inferred
Telford and Wrekin,2021-08-13,48.0,59.0,66.0,69.0,72.0,77.0,81.0,87.0,92.3,95.0,99.0,109.0,126.0,inferred
Telford and Wrekin,2021-08-14,40.0,49.0,56.0,59.0,61.0,67.0,71.0,76.0,81.0,84.0,87.0,96.0,112.0,inferred
Telford and Wrekin,2021-08-15,45.0,55.0,62.0,65.0,67.0,72.0,77.0,82.0,87.0,90.0,93.0,103.0,118.5,inferred
Telford and Wrekin,2021-08-16,68.0,80.0,89.0,91.0,94.0,100.0,106.0,112.0,118.0,123.0,126.0,138.0,157.5,inferred
Telford and Wrekin,2021-08-17,64.0,75.0,84.8,88.0,91.0,97.0,102.0,108.0,114.0,118.0,122.0,134.0,153.5,inferred
Telford and Wrekin,2021-08-18,63.0,76.0,84.0,88.0,91.0,97.0,102.0,108.0,114.0,117.0,121.0,132.0,150.0,inferred
Telford and Wrekin,2021-08-19,60.0,73.0,81.0,85.0,88.0,94.0,99.0,104.0,112.0,115.0,119.0,129.0,148.0,inferred
Telford and Wrekin,2021-08-20,53.0,64.0,73.0,76.0,78.0,83.0,88.0,93.0,99.0,103.0,106.0,116.0,135.0,inferred
Telford and Wrekin,2021-08-21,45.0,55.0,61.8,64.0,67.0,71.0,76.0,81.0,86.0,90.0,93.0,103.0,118.5,inferred
Telford and Wrekin,2021-08-22,47.0,57.0,64.8,68.0,71.0,75.0,80.5,86.0,91.0,94.0,97.0,107.0,124.0,inferred
Telford and Wrekin,2021-08-23,71.0,82.0,91.0,95.0,98.0,104.0,109.0,116.0,122.0,126.0,130.0,142.1,158.5,inferred
Telford and Wrekin,2021-08-24,65.0,79.0,86.0,90.0,93.0,98.0,104.0,110.0,117.0,120.0,124.2,138.0,154.0,inferred
Telford and Wrekin,2021-08-25,68.0,81.0,90.0,93.0,96.0,102.0,108.0,114.0,120.0,123.0,127.2,139.0,158.0,inferred
Telford and Wrekin,2021-08-26,65.0,77.9,87.8,91.0,95.0,100.0,106.0,112.0,118.0,120.2,124.0,135.0,154.0,inferred
Telford and Wrekin,2021-08-27,59.5,71.0,79.0,83.0,85.0,90.6,96.0,102.0,108.0,112.0,116.0,128.0,147.5,inferred
Telford and Wrekin,2021-08-28,50.5,61.0,68.0,71.0,73.0,78.0,83.0,87.0,94.0,96.0,101.0,110.0,129.0,inferred
Telford and Wrekin,2021-08-29,55.0,66.0,73.0,77.0,80.0,85.0,90.0,96.0,102.0,106.0,110.0,119.0,138.0,inferred
Telford and Wrekin,2021-08-30,81.0,96.9,107.0,111.0,114.0,120.0,127.0,134.0,140.0,145.0,149.0,163.0,182.0,inferred
Telford and Wrekin,2021-08-31,78.0,92.0,101.0,105.0,108.0,114.0,120.0,127.0,135.0,139.0,143.0,155.0,172.5,inferred
Telford and Wrekin,2021-09-01,79.0,92.0,101.0,106.0,110.0,116.0,122.0,129.0,135.0,139.0,143.0,157.0,178.0,inferred
Telford and Wrekin,2021-09-02,77.0,90.0,99.0,103.0,106.0,112.0,118.0,125.0,132.0,136.0,141.0,154.0,171.0,inferred
Telford and Wrekin,2021-09-03,71.0,83.0,91.0,94.0,97.0,104.0,109.0,115.0,122.0,125.0,129.0,139.0,156.0,inferred
Telford and Wrekin,2021-09-04,57.0,69.0,77.0,79.0,82.0,88.0,93.0,99.0,104.0,107.0,111.2,121.0,138.5,inferred
Telford and Wrekin,2021-09-05,63.0,75.0,84.0,87.0,90.0,95.0,100.0,105.0,112.0,116.0,120.0,131.0,148.5,inferred
Telford and Wrekin,2021-09-06,91.0,107.0,116.0,120.0,122.7,129.0,135.0,141.0,148.0,153.0,158.0,170.0,189.0,inferred
Telford and Wrekin,2021-09-07,82.0,96.0,106.0,109.0,114.0,120.0,127.0,133.0,140.3,144.0,149.0,162.0,183.0,inferred
Telford and Wrekin,2021-09-08,81.0,94.0,104.0,107.0,110.0,117.0,122.5,129.0,136.0,140.0,145.0,156.0,173.5,inferred
Telford and Wrekin,2021-09-09,73.0,85.9,95.0,99.0,102.0,108.0,114.0,119.0,126.0,131.0,134.0,147.0,164.5,inferred
Telford and Wrekin,2021-09-10,60.0,73.0,81.8,84.0,87.0,93.0,99.0,105.0,111.0,115.0,118.0,128.0,150.0,inferred
Telford and Wrekin,2021-09-11,48.0,58.0,66.0,69.0,71.0,76.0,81.0,87.0,92.0,95.0,99.0,110.0,128.0,inferred
Telford and Wrekin,2021-09-12,51.0,61.0,68.0,71.0,74.0,79.0,84.0,90.0,96.0,100.0,103.0,113.0,130.0,inferred
Telford and Wrekin,2021-09-13,71.5,84.0,92.8,95.0,98.0,104.0,110.0,116.0,124.0,127.0,130.2,142.0,163.0,inferred
Telford and Wrekin,2021-09-14,65.0,79.0,89.0,92.0,95.0,101.0,107.0,112.0,119.0,122.0,126.0,138.0,151.0,inferred
Telford and Wrekin,2021-09-15,71.0,84.0,91.0,95.0,98.0,104.0,109.0,116.0,123.0,127.0,130.0,142.1,162.5,inferred
Telford and Wrekin,2021-09-16,72.5,85.0,94.0,97.0,100.0,105.6,111.0,118.0,124.0,129.0,132.0,143.1,161.0,inferred
Telford and Wrekin,2021-09-17,66.0,79.0,88.0,91.0,94.0,101.0,106.0,111.0,119.0,122.0,126.0,137.0,157.5,inferred
Telford and Wrekin,2021-09-18,58.0,70.0,78.0,81.0,84.0,90.0,94.0,100.0,106.0,109.0,113.0,125.0,142.0,inferred
Telford and Wrekin,2021-09-19,67.0,78.0,87.0,90.0,94.0,100.0,105.0,111.0,116.0,120.0,124.0,135.0,153.0,inferred
Telford and Wrekin,2021-09-20,102.0,115.0,126.0,130.0,135.0,141.0,147.0,154.0,162.0,167.0,172.0,186.0,206.0,inferred
Telford and Wrekin,2021-09-21,96.0,111.0,123.0,127.0,131.0,137.0,145.0,151.0,159.0,162.0,168.0,181.0,201.5,inferred
Telford and Wrekin,2021-09-22,95.0,110.0,120.0,124.0,128.0,135.0,141.0,147.0,156.0,161.0,165.0,178.0,198.0,inferred
Telford and Wrekin,2021-09-23,92.0,107.0,117.0,120.0,123.0,129.0,136.0,142.4,149.0,154.0,158.0,170.0,190.5,inferred
Telford and Wrekin,2021-09-24,79.5,92.0,101.8,105.0,109.0,115.0,121.0,127.0,133.0,137.0,141.0,153.0,173.5,inferred
Telford and Wrekin,2021-09-25,64.0,76.0,85.0,88.0,91.0,96.0,101.0,107.4,114.0,117.0,121.0,133.0,151.0,inferred
Telford and Wrekin,2021-09-26,68.0,81.0,90.0,94.0,97.0,102.0,108.0,114.0,121.0,124.0,128.2,141.0,161.0,inferred
Telford and Wrekin,2021-09-27,98.0,113.0,122.0,127.0,132.0,140.0,147.0,154.0,162.0,166.0,171.0,183.1,205.0,inferred
Telford and Wrekin,2021-09-28,92.5,105.0,115.0,120.0,123.7,130.0,137.0,143.0,151.0,156.0,160.0,173.0,197.0,inferred
Telford and Wrekin,2021-09-29,90.0,108.0,118.0,122.0,126.0,133.0,139.0,145.0,151.3,156.0,160.0,171.0,192.0,inferred
Telford and Wrekin,2021-09-30,87.5,104.0,113.0,117.0,120.0,126.0,132.0,138.0,145.0,149.0,154.0,167.0,189.5,inferred
Telford and Wrekin,2021-10-01,79.5,94.0,103.0,107.8,110.0,117.0,123.0,129.0,135.0,139.0,143.0,157.0,177.0,inferred
Telford and Wrekin,2021-10-02,65.0,77.0,86.0,89.0,92.0,98.0,103.0,109.0,116.0,119.0,124.0,134.0,152.0,inferred
Telford and Wrekin,2021-10-03,71.0,84.0,92.8,96.0,100.0,105.6,111.5,117.0,124.0,127.0,131.0,144.0,166.0,inferred
Telford and Wrekin,2021-10-04,102.0,120.0,130.0,133.0,137.0,145.0,152.0,158.0,167.0,170.0,174.0,189.0,212.0,inferred
Telford and Wrekin,2021-10-05,99.0,112.9,123.0,128.0,132.0,139.0,145.5,152.0,159.0,163.0,167.0,180.0,199.0,inferred
Telford and Wrekin,2021-10-06,100.5,113.9,125.0,129.0,133.0,140.0,147.0,153.0,161.0,164.0,169.0,181.0,202.0,inferred
Telford and Wrekin,2021-10-07,94.0,110.0,121.0,125.0,128.0,136.0,142.5,150.0,157.0,161.0,166.0,178.1,197.0,inferred
Telford and Wrekin,2021-10-08,87.0,101.0,111.0,114.8,117.7,123.0,130.0,137.0,144.0,148.0,152.0,163.0,184.5,inferred
Telford and Wrekin,2021-10-09,70.0,85.0,93.0,97.0,100.0,106.0,112.5,119.0,125.0,129.0,132.0,145.0,166.5,inferred
Telford and Wrekin,2021-10-10,77.0,92.0,102.0,105.0,108.0,115.0,120.5,126.0,134.0,138.0,143.0,154.0,175.0,inferred
Telford and Wrekin,2021-10-11,118.0,133.0,145.0,149.0,153.0,161.0,168.0,175.0,183.0,187.0,192.0,206.1,233.0,inferred
Telford and Wrekin,2021-10-12,111.0,124.0,136.0,140.0,144.0,151.0,158.0,166.0,173.3,178.2,183.0,197.0,222.0,inferred
Telford and Wrekin,2021-10-13,109.0,125.0,136.0,140.0,144.0,152.0,159.0,166.0,174.0,178.0,182.0,195.0,218.0,inferred
Telford and Wrekin,2021-10-14,104.0,120.0,130.0,134.0,139.0,146.0,152.0,159.0,167.0,172.0,177.0,192.0,218.0,inferred
Telford and Wrekin,2021-10-15,90.0,104.0,114.0,118.0,122.0,128.0,135.0,142.0,151.0,155.0,160.0,175.0,200.5,inferred
Tendring,2021-07-03,12.0,16.0,19.0,20.0,21.0,24.0,26.0,28.0,30.0,31.0,32.0,36.0,44.0,inferred
Tendring,2021-07-04,15.0,19.0,22.8,24.0,25.0,27.0,29.0,31.0,33.0,35.0,36.0,40.0,48.5,inferred
Tendring,2021-07-05,26.0,31.0,35.0,36.0,38.0,40.0,43.0,45.0,48.0,49.0,52.0,56.0,64.0,inferred
Tendring,2021-07-06,28.5,33.0,37.0,38.8,40.0,43.0,45.0,47.0,50.0,52.0,54.0,59.0,66.0,inferred
Tendring,2021-07-07,34.0,40.0,44.0,45.8,47.0,50.0,52.0,56.0,58.0,60.0,62.0,66.0,74.0,inferred
Tendring,2021-07-08,37.0,43.0,48.0,50.0,52.0,54.0,57.0,59.4,62.0,64.0,66.0,72.0,81.0,inferred
Tendring,2021-07-09,38.5,46.0,51.0,53.0,54.0,57.0,60.0,63.0,66.0,68.0,70.0,75.0,84.0,inferred
Tendring,2021-07-10,38.0,44.9,49.0,51.0,52.0,55.0,58.0,61.0,64.0,65.0,67.0,72.0,80.0,inferred
Tendring,2021-07-11,46.0,53.0,58.0,59.0,61.0,65.0,67.0,70.0,74.0,76.0,78.0,85.0,93.0,inferred
Tendring,2021-07-12,74.0,83.0,89.0,92.0,94.0,98.0,102.0,106.0,111.0,113.0,116.0,124.0,137.0,inferred
Tendring,2021-07-13,76.0,85.0,91.0,93.0,95.0,100.0,104.0,108.0,112.0,114.2,117.0,126.0,139.0,inferred
Tendring,2021-07-14,77.0,86.0,92.0,96.0,98.0,102.0,107.0,110.0,115.0,117.0,121.0,129.0,142.5,inferred
Tendring,2021-07-15,69.0,81.0,88.0,90.0,92.7,96.0,101.0,104.0,109.0,111.0,113.0,120.0,132.0,inferred
Tendring,2021-07-16,66.0,74.0,80.0,82.0,84.0,88.0,91.0,95.0,99.0,102.0,104.0,111.0,123.5,inferred
Tendring,2021-07-17,51.0,60.0,65.0,67.0,69.0,72.0,75.0,79.0,83.0,85.0,87.0,94.0,104.0,inferred
Tendring,2021-07-18,52.0,61.0,67.0,68.0,70.0,74.0,77.0,80.0,84.0,87.0,89.0,95.0,106.0,inferred
Tendring,2021-07-19,73.0,83.0,90.0,92.0,94.0,98.0,102.0,106.0,110.0,112.0,116.0,123.0,133.0,inferred
Tendring,2021-07-20,67.0,74.0,80.0,83.0,85.0,88.0,93.0,96.0,100.0,102.0,105.0,113.0,124.0,inferred
Tendring,2021-07-21,61.0,70.0,75.0,77.0,80.0,84.0,87.5,91.0,95.0,97.0,100.0,107.0,118.0,inferred
Tendring,2021-07-22,53.0,60.0,66.0,68.0,69.0,73.0,76.0,79.0,83.0,85.0,88.0,94.0,104.0,inferred
Tendring,2021-07-23,42.0,49.0,54.0,56.0,58.0,61.0,64.0,67.0,70.0,72.0,74.0,80.0,90.0,inferred
Tendring,2021-07-24,30.0,36.0,41.0,42.0,44.0,47.0,49.0,52.0,55.0,56.0,58.0,64.0,73.0,inferred
Tendring,2021-07-25,29.0,35.0,39.0,40.0,42.0,45.0,47.5,50.0,53.0,55.0,57.0,62.0,71.0,inferred
Tendring,2021-07-26,38.0,45.0,49.0,51.0,53.0,56.0,59.0,61.0,65.0,67.0,69.0,74.0,84.0,inferred
Tendring,2021-07-27,33.0,39.9,44.0,46.0,47.0,50.0,52.0,55.0,58.0,60.0,62.0,67.0,75.5,inferred
Tendring,2021-07-28,31.0,37.0,42.0,43.0,45.0,47.0,50.0,53.0,56.0,58.0,60.0,65.1,74.0,inferred
Tendring,2021-07-29,29.0,34.0,38.0,40.0,41.0,44.0,46.0,49.0,52.0,53.0,56.0,61.0,70.0,inferred
Tendring,2021-07-30,24.0,30.0,34.0,35.0,37.0,39.0,41.0,44.0,47.0,48.0,50.0,54.0,62.0,inferred
Tendring,2021-07-31,19.0,24.0,27.0,28.0,29.7,32.0,34.0,36.0,39.0,40.0,42.0,46.0,53.0,inferred
Tendring,2021-08-01,19.0,24.0,27.0,29.0,30.0,32.0,34.0,37.0,39.0,41.0,42.0,46.0,54.0,inferred
Tendring,2021-08-02,26.0,32.0,36.8,38.0,39.0,42.0,44.0,47.0,50.0,52.0,54.0,59.0,67.0,inferred
Tendring,2021-08-03,23.0,30.0,34.0,35.0,37.0,39.0,41.0,44.0,47.0,49.0,51.0,54.0,62.5,inferred
Tendring,2021-08-04,25.0,30.0,34.0,35.0,37.0,39.0,42.0,44.0,47.0,49.0,51.0,56.0,64.0,inferred
Tendring,2021-08-05,24.0,29.0,33.0,34.0,36.0,38.0,40.0,43.0,46.0,47.0,49.0,54.0,63.0,inferred
Tendring,2021-08-06,21.0,26.0,30.0,31.0,33.0,35.0,37.0,40.0,42.0,44.0,46.0,51.0,58.0,inferred
Tendring,2021-08-07,17.0,22.0,25.0,26.0,27.0,29.0,32.0,34.0,36.0,37.0,39.0,43.0,51.0,inferred
Tendring,2021-08-08,18.0,22.0,26.0,27.0,29.0,31.0,33.0,35.0,37.0,39.0,40.0,44.0,52.0,inferred
Tendring,2021-08-09,26.0,32.0,36.0,38.0,39.0,42.0,44.0,47.0,49.0,51.0,53.0,59.0,67.5,inferred
Tendring,2021-08-10,24.0,31.0,34.8,36.0,37.7,40.0,43.0,45.0,49.0,50.0,52.0,56.0,65.0,inferred
Tendring,2021-08-11,25.0,31.0,35.0,37.0,38.0,41.0,44.0,46.0,49.0,51.0,53.0,58.0,65.0,inferred
Tendring,2021-08-12,26.0,31.0,35.0,37.0,38.0,41.0,43.0,45.0,48.0,50.0,51.0,56.0,64.0,inferred
Tendring,2021-08-13,24.0,28.0,32.8,34.0,35.0,37.0,40.0,42.0,45.0,46.0,48.0,53.0,60.0,inferred
Tendring,2021-08-14,18.5,24.0,27.0,28.0,29.0,32.0,34.0,36.0,38.0,40.0,41.2,45.1,52.0,inferred
Tendring,2021-08-15,20.0,25.0,28.8,30.0,31.0,34.0,36.0,38.0,40.0,42.0,43.0,48.0,55.0,inferred
Tendring,2021-08-16,29.0,35.0,40.0,42.0,43.0,46.0,49.0,51.0,54.0,56.0,58.0,63.0,72.0,inferred
Tendring,2021-08-17,27.5,34.0,39.0,40.0,42.0,45.0,47.0,50.0,52.0,54.0,56.0,61.0,69.0,inferred
Tendring,2021-08-18,29.5,35.0,39.0,41.0,42.0,45.0,47.0,50.0,53.0,55.0,57.0,62.0,69.0,inferred
Tendring,2021-08-19,28.0,34.0,37.0,39.0,40.0,43.0,46.0,48.0,51.0,53.0,54.0,60.0,67.0,inferred
Tendring,2021-08-20,26.0,31.0,35.0,36.0,37.0,40.0,42.0,45.0,48.0,49.0,51.0,56.0,64.0,inferred
Tendring,2021-08-21,20.0,25.0,29.0,30.0,31.0,34.0,36.0,39.0,41.0,42.0,44.0,48.0,57.0,inferred
Tendring,2021-08-22,21.0,26.0,30.0,31.0,32.0,35.0,37.0,39.0,42.0,44.0,45.0,50.0,58.0,inferred
Tendring,2021-08-23,32.0,38.0,42.0,44.0,45.0,48.0,51.0,54.0,57.0,59.0,61.0,66.0,73.5,inferred
Tendring,2021-08-24,30.0,36.0,40.8,42.0,44.0,47.0,49.0,52.0,55.0,57.0,59.0,64.0,73.0,inferred
Tendring,2021-08-25,32.0,38.0,42.0,43.0,45.0,48.0,50.0,53.0,56.0,57.0,59.0,65.0,75.5,inferred
Tendring,2021-08-26,29.0,36.0,40.0,42.0,44.0,46.0,49.0,51.0,54.0,56.0,58.0,63.0,72.0,inferred
Tendring,2021-08-27,27.0,34.0,37.0,39.0,40.0,43.0,46.0,48.0,51.0,53.0,55.0,60.0,67.0,inferred
Tendring,2021-08-28,22.0,28.0,32.0,34.0,35.0,37.0,39.0,42.0,44.0,46.0,48.0,52.0,59.0,inferred
Tendring,2021-08-29,24.5,29.0,33.0,35.0,36.0,38.0,41.0,44.0,46.3,48.0,49.0,55.0,62.5,inferred
Tendring,2021-08-30,36.0,43.0,47.0,49.0,51.0,54.0,57.0,60.0,63.3,65.0,67.0,72.0,82.0,inferred
Tendring,2021-08-31,35.5,41.0,46.0,47.0,49.0,52.0,55.0,58.0,62.0,63.0,65.0,70.0,78.0,inferred
Tendring,2021-09-01,37.0,43.0,47.0,49.0,51.0,54.0,57.0,60.0,63.0,65.0,66.0,72.0,80.0,inferred
Tendring,2021-09-02,35.0,41.0,46.0,48.0,49.0,52.0,55.0,57.0,61.0,63.0,65.0,70.0,79.0,inferred
Tendring,2021-09-03,31.0,37.0,42.0,43.8,45.0,48.0,51.0,53.0,56.0,58.0,59.0,64.0,73.0,inferred
Tendring,2021-09-04,26.0,31.0,35.0,37.0,38.0,41.0,44.0,46.0,49.0,50.0,52.0,57.0,64.0,inferred
Tendring,2021-09-05,28.0,33.0,37.0,38.0,40.0,43.0,45.0,48.0,51.0,52.2,54.0,59.0,66.5,inferred
Tendring,2021-09-06,40.0,46.0,51.0,53.0,55.0,58.0,60.0,64.0,67.0,69.0,71.0,76.0,86.0,inferred
Tendring,2021-09-07,37.0,43.0,48.0,49.0,51.0,54.0,58.0,60.0,63.0,65.0,67.2,73.0,82.0,inferred
Tendring,2021-09-08,36.0,42.0,47.0,49.0,50.0,53.0,56.0,59.0,62.3,64.0,67.0,73.0,82.0,inferred
Tendring,2021-09-09,33.0,39.0,44.0,45.0,47.0,50.0,53.0,56.0,58.0,60.0,62.0,67.1,77.0,inferred
Tendring,2021-09-10,29.0,35.0,39.0,40.0,42.0,45.0,47.0,50.0,54.0,55.0,57.0,61.0,69.0,inferred
Tendring,2021-09-11,23.0,28.0,31.0,33.0,34.0,36.0,39.0,42.0,44.0,45.0,47.0,51.0,59.0,inferred
Tendring,2021-09-12,23.5,29.0,33.0,34.0,35.0,37.0,40.0,42.0,44.0,46.0,47.0,52.1,61.0,inferred
Tendring,2021-09-13,34.0,39.0,44.0,45.0,47.0,50.0,52.5,55.0,58.0,60.0,62.0,68.0,76.0,inferred
Tendring,2021-09-14,31.5,38.0,42.8,44.0,45.7,48.0,51.0,54.0,57.0,59.0,61.0,66.0,74.0,inferred
Tendring,2021-09-15,34.0,40.0,45.0,46.0,48.0,50.0,53.0,56.0,60.0,61.0,63.0,69.0,77.0,inferred
Tendring,2021-09-16,33.0,41.0,45.0,46.0,48.0,51.0,53.0,56.0,59.0,61.0,63.0,67.0,77.0,inferred
Tendring,2021-09-17,32.0,39.0,43.0,45.0,46.0,49.0,51.0,53.0,56.0,58.0,60.0,65.0,74.5,inferred
Tendring,2021-09-18,27.0,33.0,37.0,38.0,40.0,42.0,44.0,47.0,50.0,51.0,53.0,58.0,67.0,inferred
Tendring,2021-09-19,30.0,35.0,40.0,41.0,43.0,45.0,48.0,51.0,54.0,56.0,58.0,63.0,71.0,inferred
Tendring,2021-09-20,45.0,53.0,58.0,60.0,61.0,65.0,68.0,72.0,75.0,77.0,79.0,86.0,95.5,inferred
Tendring,2021-09-21,44.0,51.0,56.0,57.0,59.0,63.0,67.0,70.0,73.0,76.0,78.0,85.0,94.0,inferred
Tendring,2021-09-22,46.5,54.0,58.0,60.0,62.0,65.0,69.0,72.0,75.0,77.0,79.0,86.0,96.0,inferred
Tendring,2021-09-23,44.5,52.0,57.0,58.0,60.0,64.0,66.0,70.0,73.0,74.0,77.0,82.1,94.0,inferred
Tendring,2021-09-24,41.0,47.0,52.0,54.0,56.0,59.0,62.0,65.0,68.0,70.0,72.0,78.0,87.0,inferred
Tendring,2021-09-25,33.0,40.0,44.0,46.0,48.0,51.0,53.0,56.0,59.0,61.0,63.0,68.0,78.0,inferred
Tendring,2021-09-26,37.0,42.0,47.0,49.0,51.0,53.0,57.0,60.0,63.0,65.0,67.0,72.0,81.0,inferred
Tendring,2021-09-27,53.0,60.0,66.0,68.0,71.0,74.0,77.0,81.0,84.0,86.0,89.0,94.0,107.0,inferred
Tendring,2021-09-28,50.0,59.0,64.0,66.0,68.0,71.0,75.0,78.0,82.0,84.0,86.0,92.0,103.0,inferred
Tendring,2021-09-29,50.0,60.0,65.0,67.0,69.0,73.0,77.0,81.0,84.0,87.0,89.0,95.0,107.0,inferred
Tendring,2021-09-30,50.0,58.9,64.0,66.0,68.0,71.0,75.0,78.0,82.0,84.0,86.0,92.1,104.0,inferred
Tendring,2021-10-01,49.0,56.0,60.0,62.0,64.0,67.0,70.0,74.0,77.0,79.0,82.0,87.0,98.5,inferred
Tendring,2021-10-02,39.0,47.0,51.0,53.0,54.0,57.0,61.0,64.0,67.0,69.0,71.0,77.0,86.0,inferred
Tendring,2021-10-03,43.0,49.0,54.0,56.0,58.0,61.0,64.0,67.0,71.0,73.0,75.0,82.0,92.0,inferred
Tendring,2021-10-04,61.0,70.0,76.0,78.0,80.7,85.0,88.0,92.0,96.0,98.0,101.0,108.0,118.0,inferred
Tendring,2021-10-05,61.0,69.0,74.0,76.0,79.0,82.0,86.0,90.0,94.0,97.0,99.0,105.0,115.5,inferred
Tendring,2021-10-06,65.0,74.0,80.0,82.0,84.0,88.0,92.0,95.0,99.0,101.0,104.0,111.0,122.0,inferred
Tendring,2021-10-07,65.5,73.0,78.0,80.0,83.0,87.0,90.0,94.0,98.0,101.0,104.0,110.0,123.0,inferred
Tendring,2021-10-08,61.0,70.0,76.0,78.0,80.0,83.0,87.0,90.0,94.0,97.0,100.0,106.0,117.0,inferred
Tendring,2021-10-09,53.0,60.9,66.0,68.0,70.0,73.0,76.0,79.0,83.0,85.0,88.0,94.1,104.0,inferred
Tendring,2021-10-10,56.0,66.0,71.0,74.0,75.0,79.0,82.0,86.0,90.0,92.0,94.0,101.0,110.0,inferred
Tendring,2021-10-11,85.0,95.0,102.0,104.0,107.0,111.0,115.0,120.0,124.0,127.0,130.0,139.0,152.5,inferred
Tendring,2021-10-12,83.0,91.0,98.0,100.0,102.0,107.0,111.0,115.0,120.0,124.0,126.0,135.0,147.0,inferred
Tendring,2021-10-13,82.0,92.0,99.0,101.8,104.0,108.0,113.0,118.0,122.0,125.0,128.0,136.0,149.0,inferred
Tendring,2021-10-14,78.0,87.0,94.0,96.8,99.0,104.0,108.0,112.0,117.0,119.0,123.0,131.0,143.0,inferred
Tendring,2021-10-15,68.0,76.9,84.0,86.0,89.0,93.0,97.0,102.0,107.0,110.0,113.0,122.0,136.0,inferred
Test Valley,2021-07-03,13.0,18.0,21.8,23.0,25.0,27.0,29.0,32.0,35.0,36.0,38.0,43.0,53.0,inferred
Test Valley,2021-07-04,16.0,21.0,25.0,27.0,28.0,30.6,33.0,36.0,40.0,42.0,44.0,51.0,61.0,inferred
Test Valley,2021-07-05,28.0,35.0,40.0,42.0,44.0,47.0,50.0,54.0,58.0,60.0,63.0,69.0,81.0,inferred
Test Valley,2021-07-06,30.5,38.0,45.0,47.0,49.0,52.0,55.0,58.0,62.0,64.0,67.0,73.0,85.0,inferred
Test Valley,2021-07-07,37.5,45.0,50.0,52.0,54.0,57.0,61.0,65.0,69.0,71.0,73.0,81.0,92.0,inferred
Test Valley,2021-07-08,40.0,48.0,53.0,55.0,57.0,61.0,65.0,68.0,73.0,75.0,77.2,84.0,96.0,inferred
Test Valley,2021-07-09,40.0,48.0,55.0,57.0,59.0,63.0,66.0,70.0,74.0,76.0,79.0,87.0,100.0,inferred
Test Valley,2021-07-10,38.0,46.0,52.0,54.0,56.0,60.0,63.0,67.0,71.0,73.0,76.0,82.0,93.0,inferred
Test Valley,2021-07-11,45.0,53.0,59.0,62.0,64.0,68.0,71.0,75.0,79.0,82.0,84.0,91.0,103.0,inferred
Test Valley,2021-07-12,71.0,81.0,88.0,91.0,94.0,100.0,106.0,110.0,116.0,120.0,123.0,132.0,149.0,inferred
Test Valley,2021-07-13,74.0,84.0,91.0,93.0,96.0,100.6,105.0,110.0,115.0,118.0,121.0,130.0,147.0,inferred
Test Valley,2021-07-14,72.0,82.0,89.0,92.0,95.0,100.0,105.0,110.0,116.0,118.0,122.0,133.0,146.0,inferred
Test Valley,2021-07-15,65.0,73.0,81.0,83.0,86.0,91.0,96.0,100.0,105.0,108.0,111.0,120.0,133.0,inferred
Test Valley,2021-07-16,56.0,65.0,72.0,75.0,77.0,82.0,86.0,90.0,94.0,96.0,99.0,108.0,120.0,inferred
Test Valley,2021-07-17,42.0,51.0,57.0,60.0,62.0,65.6,69.0,73.0,77.0,79.0,82.0,89.0,101.5,inferred
Test Valley,2021-07-18,43.0,51.0,56.0,59.0,60.0,64.0,68.0,73.0,77.0,79.0,82.0,88.1,102.0,inferred
Test Valley,2021-07-19,59.5,68.0,75.0,77.0,79.0,84.0,89.0,93.0,97.0,101.0,104.0,113.0,126.0,inferred
Test Valley,2021-07-20,51.0,60.0,68.0,70.0,72.0,76.0,80.0,84.0,89.0,91.0,94.0,102.0,116.5,inferred
Test Valley,2021-07-21,46.0,55.0,61.0,64.0,66.0,70.0,74.0,78.0,83.0,86.0,89.0,96.0,111.5,inferred
Test Valley,2021-07-22,39.5,48.0,54.0,56.0,58.0,61.0,65.0,69.0,73.0,75.0,78.0,85.0,95.5,inferred
Test Valley,2021-07-23,31.0,39.0,44.0,46.0,48.0,52.0,55.0,59.0,62.0,65.0,67.0,74.0,84.5,inferred
Test Valley,2021-07-24,23.0,29.0,34.0,35.0,36.0,40.0,43.0,46.0,49.0,51.0,53.0,59.0,70.0,inferred
Test Valley,2021-07-25,21.5,27.0,32.0,33.0,35.0,38.0,41.0,44.0,47.0,49.0,51.0,57.0,66.5,inferred
Test Valley,2021-07-26,28.0,35.0,40.0,41.0,43.0,46.0,49.0,53.0,57.0,59.0,62.0,68.1,79.0,inferred
Test Valley,2021-07-27,26.0,31.0,36.0,38.0,40.0,43.0,46.0,49.0,52.0,54.0,56.2,62.0,71.0,inferred
Test Valley,2021-07-28,25.0,31.0,35.0,37.0,39.0,42.0,45.0,48.0,52.0,54.0,56.0,62.0,71.0,inferred
Test Valley,2021-07-29,24.0,29.0,34.0,35.0,37.0,40.0,43.0,46.0,50.0,52.0,54.0,59.0,70.0,inferred
Test Valley,2021-07-30,22.0,27.0,31.0,32.0,34.0,37.0,40.0,42.0,45.0,48.0,50.0,55.0,66.5,inferred
Test Valley,2021-07-31,16.0,21.0,25.0,26.0,28.0,30.0,33.0,36.0,38.0,40.0,42.0,48.0,56.0,inferred
Test Valley,2021-08-01,17.0,22.0,25.0,27.0,29.0,31.0,34.0,36.0,39.0,41.0,43.0,48.1,57.5,inferred
Test Valley,2021-08-02,25.0,32.0,36.0,38.0,39.0,42.0,46.0,48.0,52.0,54.0,56.0,62.0,73.5,inferred
Test Valley,2021-08-03,23.0,30.0,34.0,36.8,38.0,42.0,45.0,48.0,51.0,53.0,55.0,62.0,73.0,inferred
Test Valley,2021-08-04,25.0,30.0,35.0,37.0,39.0,42.0,45.0,49.0,52.0,54.0,56.0,63.0,74.0,inferred
Test Valley,2021-08-05,24.0,30.0,35.0,37.0,39.0,41.0,44.0,47.0,51.0,52.2,55.0,61.0,73.0,inferred
Test Valley,2021-08-06,22.0,28.9,33.0,35.0,37.0,40.0,43.0,46.0,48.0,50.0,53.0,59.0,70.0,inferred
Test Valley,2021-08-07,19.0,24.0,28.0,29.8,31.0,34.0,36.0,39.0,42.0,44.0,46.0,52.0,61.0,inferred
Test Valley,2021-08-08,20.0,26.0,30.0,31.0,33.0,35.0,39.0,42.0,45.0,47.0,49.0,55.1,64.0,inferred
Test Valley,2021-08-09,30.0,37.9,42.0,45.0,46.0,50.0,53.0,57.0,61.0,63.0,66.0,73.0,82.0,inferred
Test Valley,2021-08-10,30.0,37.0,43.0,44.0,46.0,49.0,52.0,56.0,61.0,63.0,65.0,72.0,84.5,inferred
Test Valley,2021-08-11,31.0,39.0,44.0,46.0,48.0,52.0,55.0,58.0,62.0,64.0,67.0,74.0,85.0,inferred
Test Valley,2021-08-12,31.0,38.9,44.0,46.0,48.0,51.0,54.0,58.0,62.0,64.0,66.0,73.0,84.0,inferred
Test Valley,2021-08-13,31.0,36.9,41.0,43.0,45.0,48.0,52.0,55.0,58.0,60.0,62.0,68.1,79.0,inferred
Test Valley,2021-08-14,25.0,31.0,36.0,37.0,39.0,42.0,44.5,48.0,51.0,54.0,56.0,63.0,72.0,inferred
Test Valley,2021-08-15,27.0,33.0,38.0,40.0,42.0,45.0,48.0,51.0,55.0,57.0,59.0,65.0,74.0,inferred
Test Valley,2021-08-16,41.0,49.0,55.0,58.0,59.0,62.0,66.0,69.0,73.0,76.0,79.0,87.0,99.0,inferred
Test Valley,2021-08-17,38.0,46.0,51.0,54.0,56.0,60.0,64.0,68.0,72.0,74.0,77.0,84.0,96.0,inferred
Test Valley,2021-08-18,38.0,46.0,51.0,54.0,56.0,60.0,64.0,67.0,71.0,73.0,76.0,82.1,93.0,inferred
Test Valley,2021-08-19,35.0,42.0,48.0,50.0,52.0,55.0,58.0,62.0,66.0,68.0,71.0,78.0,89.5,inferred
Test Valley,2021-08-20,31.0,38.0,43.0,45.0,47.0,50.0,53.0,56.0,61.0,63.0,65.0,71.0,82.0,inferred
Test Valley,2021-08-21,23.0,30.0,34.0,37.0,38.0,41.0,44.0,48.0,51.0,53.0,55.0,62.0,72.5,inferred
Test Valley,2021-08-22,25.5,31.0,35.0,36.0,38.0,41.0,44.0,47.0,51.0,53.0,56.0,62.0,73.0,inferred
Test Valley,2021-08-23,36.0,42.0,48.0,50.0,52.0,55.0,59.0,63.0,67.0,69.0,72.0,79.0,89.0,inferred
Test Valley,2021-08-24,34.0,42.0,46.0,48.8,50.0,54.0,57.0,61.0,65.0,67.0,70.0,76.0,86.0,inferred
Test Valley,2021-08-25,35.0,42.0,47.8,50.0,52.0,55.0,58.0,62.0,66.0,68.0,71.0,77.0,88.5,inferred
Test Valley,2021-08-26,33.5,41.0,46.0,48.0,50.0,54.0,57.0,61.0,65.0,67.0,69.0,75.1,87.0,inferred
Test Valley,2021-08-27,30.0,38.0,43.0,45.0,47.0,50.0,53.0,56.0,60.0,63.0,65.0,72.0,85.0,inferred
Test Valley,2021-08-28,25.0,32.0,36.0,38.0,40.0,43.0,46.0,49.0,53.0,55.0,57.0,63.0,73.0,inferred
Test Valley,2021-08-29,27.0,34.0,39.0,41.0,42.0,45.0,48.0,51.0,55.0,57.0,59.0,66.0,78.5,inferred
Test Valley,2021-08-30,40.5,50.0,55.0,57.0,59.0,63.0,66.0,70.0,75.0,77.0,80.0,87.0,98.0,inferred
Test Valley,2021-08-31,39.0,47.0,52.0,55.0,56.0,60.0,64.0,67.0,72.0,74.0,77.0,84.0,95.5,inferred
Test Valley,2021-09-01,39.0,47.0,53.0,55.0,57.0,60.0,64.0,67.0,72.0,74.0,77.0,85.0,96.0,inferred
Test Valley,2021-09-02,37.0,44.0,50.0,51.0,53.0,57.0,61.0,64.0,68.0,70.0,73.0,79.0,91.0,inferred
Test Valley,2021-09-03,31.0,38.0,43.0,45.0,47.0,51.0,54.0,58.0,61.0,63.0,66.0,73.0,83.0,inferred
Test Valley,2021-09-04,24.0,31.0,36.0,38.0,39.0,42.0,45.0,48.0,52.0,54.0,56.0,62.0,72.0,inferred
Test Valley,2021-09-05,25.0,31.0,36.0,38.0,40.0,43.0,46.0,49.0,52.0,54.0,56.0,63.0,72.0,inferred
Test Valley,2021-09-06,37.5,44.0,49.0,52.0,54.0,57.0,60.0,64.0,68.0,70.2,73.0,79.0,91.0,inferred
Test Valley,2021-09-07,33.5,41.0,46.0,48.0,50.0,53.0,57.0,60.0,65.0,67.0,69.0,78.0,89.5,inferred
Test Valley,2021-09-08,33.0,40.0,45.0,47.0,49.0,53.0,56.0,60.0,64.0,66.0,68.0,74.0,84.0,inferred
Test Valley,2021-09-09,29.0,35.0,40.0,42.0,44.0,47.0,50.0,54.0,57.0,60.0,62.0,69.0,79.0,inferred
Test Valley,2021-09-10,25.5,31.0,36.0,37.0,39.0,42.0,45.0,48.0,52.0,54.0,56.0,62.0,74.0,inferred
Test Valley,2021-09-11,20.0,25.0,29.0,30.0,32.0,35.0,38.0,41.0,44.0,46.0,48.0,53.0,62.0,inferred
Test Valley,2021-09-12,19.0,24.0,28.0,30.0,31.0,34.0,37.0,40.0,43.0,45.0,47.0,53.0,64.0,inferred
Test Valley,2021-09-13,27.0,34.0,39.0,41.0,43.0,45.0,48.5,52.0,55.0,57.0,59.0,66.0,76.0,inferred
Test Valley,2021-09-14,27.0,33.0,37.0,39.0,41.0,44.0,47.0,50.4,54.0,56.0,59.0,65.0,76.0,inferred
Test Valley,2021-09-15,27.0,34.0,39.0,41.0,43.0,46.0,49.0,53.0,56.0,58.0,60.0,67.0,78.0,inferred
Test Valley,2021-09-16,28.0,34.0,39.0,41.0,43.0,46.0,49.0,52.0,56.0,58.0,61.0,66.1,76.0,inferred
Test Valley,2021-09-17,27.0,33.0,38.0,40.0,41.7,45.0,48.0,51.0,55.0,57.0,59.0,65.1,76.0,inferred
Test Valley,2021-09-18,23.0,29.0,33.0,35.0,37.0,40.0,43.0,46.0,49.0,51.0,54.0,60.0,69.0,inferred
Test Valley,2021-09-19,25.0,32.0,37.0,38.0,40.0,44.0,46.5,50.0,54.0,56.0,57.2,63.1,74.0,inferred
Test Valley,2021-09-20,39.0,46.0,52.0,54.0,56.0,60.6,64.0,68.0,72.0,75.0,77.0,85.0,96.0,inferred
Test Valley,2021-09-21,39.0,47.0,53.0,55.0,57.0,60.0,63.5,67.0,71.0,73.0,76.0,83.0,97.0,inferred
Test Valley,2021-09-22,40.0,48.0,54.0,56.0,58.0,62.0,65.0,70.0,74.0,76.0,78.0,86.0,96.0,inferred
Test Valley,2021-09-23,38.0,46.0,53.0,55.0,57.0,61.0,65.0,68.0,73.0,75.0,78.0,85.0,97.0,inferred
Test Valley,2021-09-24,37.0,46.0,51.0,53.0,54.0,58.0,61.0,64.0,68.0,71.0,74.0,80.0,93.5,inferred
Test Valley,2021-09-25,31.0,39.0,44.0,45.0,47.0,51.0,54.0,58.0,61.0,63.0,66.0,72.0,85.0,inferred
Test Valley,2021-09-26,33.0,40.0,46.0,48.0,50.0,54.0,57.0,60.0,64.0,66.0,69.0,76.0,88.0,inferred
Test Valley,2021-09-27,49.0,58.0,64.0,67.0,69.0,74.0,78.0,82.0,87.0,89.0,92.0,101.0,113.0,inferred
Test Valley,2021-09-28,48.5,57.0,63.0,65.0,68.0,72.0,76.0,80.0,85.0,88.0,92.0,99.1,111.5,inferred
Test Valley,2021-09-29,49.0,58.0,64.0,67.0,69.0,73.0,77.0,80.0,85.0,87.0,90.0,98.0,111.0,inferred
Test Valley,2021-09-30,45.0,53.0,60.0,62.0,65.0,69.0,73.0,76.0,81.0,83.0,86.0,93.0,104.5,inferred
Test Valley,2021-10-01,41.5,49.9,55.0,57.0,59.0,63.0,67.0,71.0,75.0,77.0,79.2,87.0,98.0,inferred
Test Valley,2021-10-02,34.0,41.0,46.0,49.0,50.0,54.0,57.5,61.0,65.0,68.0,70.0,76.0,87.0,inferred
Test Valley,2021-10-03,34.0,42.0,47.0,49.0,51.0,54.0,58.0,61.0,65.0,68.0,70.0,77.0,90.0,inferred
Test Valley,2021-10-04,52.0,60.0,66.0,69.0,71.0,75.0,79.0,84.0,88.0,91.0,94.0,101.0,114.5,inferred
Test Valley,2021-10-05,50.0,58.0,65.0,68.0,70.0,74.0,79.0,82.0,87.0,90.0,92.0,100.0,112.0,inferred
Test Valley,2021-10-06,53.0,62.0,68.0,71.0,74.0,78.0,82.0,87.0,92.0,94.0,97.0,104.0,117.0,inferred
Test Valley,2021-10-07,52.0,63.0,69.0,71.0,73.7,78.0,82.0,86.0,92.0,94.0,98.0,105.0,117.0,inferred
Test Valley,2021-10-08,51.0,61.0,66.0,69.0,72.0,77.0,80.0,84.0,89.0,92.0,94.2,102.0,116.5,inferred
Test Valley,2021-10-09,44.0,53.0,59.0,62.0,64.0,68.0,71.0,76.0,81.0,83.0,86.0,94.0,106.0,inferred
Test Valley,2021-10-10,50.0,58.9,64.0,66.0,69.0,73.0,77.0,81.0,86.0,88.0,91.0,98.1,112.0,inferred
Test Valley,2021-10-11,74.5,86.0,94.0,97.0,100.0,105.0,109.5,115.0,120.0,122.0,126.0,134.1,148.5,inferred
Test Valley,2021-10-12,75.0,87.0,94.0,97.0,100.0,105.0,110.0,115.0,120.0,123.0,127.0,136.0,151.0,inferred
Test Valley,2021-10-13,81.0,92.0,100.0,103.0,106.0,111.0,115.0,120.0,126.0,129.0,132.0,141.0,156.0,inferred
Test Valley,2021-10-14,76.5,89.0,97.0,100.0,103.0,109.0,114.0,119.0,124.0,127.0,131.0,142.0,159.0,inferred
Test Valley,2021-10-15,71.5,83.0,91.0,95.0,98.0,103.0,108.0,114.0,119.0,122.0,125.0,135.0,153.0,inferred
Tewkesbury,2021-07-03,15.0,19.0,22.0,24.0,25.0,27.0,29.0,31.0,34.0,35.0,37.0,41.1,49.0,inferred
Tewkesbury,2021-07-04,16.5,20.9,24.0,25.0,26.0,28.0,30.0,32.0,35.0,36.0,37.0,42.0,49.0,inferred
Tewkesbury,2021-07-05,23.0,29.0,33.0,34.0,36.0,38.0,41.0,43.0,46.0,48.0,50.0,55.0,62.0,inferred
Tewkesbury,2021-07-06,23.0,28.0,32.0,34.0,35.0,38.0,40.0,43.0,46.0,47.0,49.0,53.0,62.0,inferred
Tewkesbury,2021-07-07,22.0,27.0,31.0,33.0,34.0,37.0,40.0,43.0,45.0,47.0,49.0,54.0,61.0,inferred
Tewkesbury,2021-07-08,21.0,27.0,30.0,32.0,33.0,36.0,38.0,41.0,44.0,46.0,48.0,52.0,61.0,inferred
Tewkesbury,2021-07-09,20.0,24.9,28.0,29.0,31.0,33.0,36.0,38.0,41.0,42.2,44.0,49.1,58.0,inferred
Tewkesbury,2021-07-10,15.0,20.0,23.0,25.0,26.0,28.0,30.0,33.0,35.0,36.0,38.0,43.0,50.0,inferred
Tewkesbury,2021-07-11,16.0,21.0,24.0,26.0,27.0,29.0,32.0,34.0,36.0,38.0,40.0,45.0,53.0,inferred
Tewkesbury,2021-07-12,26.0,32.0,36.0,38.0,39.0,42.0,45.0,48.0,50.0,52.0,54.0,59.0,69.0,inferred
Tewkesbury,2021-07-13,26.0,32.0,36.0,37.0,39.0,42.0,45.0,48.0,51.0,53.0,55.0,60.0,70.0,inferred
Tewkesbury,2021-07-14,24.0,30.0,34.0,36.0,37.0,40.0,43.0,46.0,49.0,51.0,53.0,58.0,68.0,inferred
Tewkesbury,2021-07-15,23.0,29.0,33.0,34.0,36.0,39.0,41.0,44.0,47.0,49.0,51.0,56.0,64.0,inferred
Tewkesbury,2021-07-16,20.0,25.0,29.0,31.0,32.0,34.0,37.0,39.0,42.0,44.0,46.0,51.0,60.0,inferred
Tewkesbury,2021-07-17,15.0,20.0,23.0,24.0,25.0,28.0,30.0,32.0,34.0,36.0,37.2,42.0,51.5,inferred
Tewkesbury,2021-07-18,15.0,20.0,23.0,25.0,26.0,28.0,30.0,32.0,35.0,37.0,39.0,43.0,51.0,inferred
Tewkesbury,2021-07-19,22.0,27.0,31.0,32.8,34.0,37.0,40.0,43.0,46.0,48.0,49.2,55.0,64.0,inferred
Tewkesbury,2021-07-20,21.0,27.0,31.0,33.0,34.0,37.0,40.0,43.0,45.0,47.0,49.2,55.1,64.0,inferred
Tewkesbury,2021-07-21,20.0,25.0,29.0,30.0,32.0,34.0,37.0,40.0,43.0,44.0,46.0,51.0,59.0,inferred
Tewkesbury,2021-07-22,20.0,25.0,28.0,29.0,30.0,33.0,35.0,38.0,41.0,42.0,44.0,49.0,57.0,inferred
Tewkesbury,2021-07-23,16.0,21.0,24.0,26.0,27.0,29.0,32.0,34.0,36.0,38.0,39.0,44.0,52.0,inferred
Tewkesbury,2021-07-24,12.0,16.0,19.0,20.0,21.0,23.0,26.0,28.0,30.0,32.0,33.0,38.0,44.0,inferred
Tewkesbury,2021-07-25,12.0,16.0,19.0,20.0,21.0,24.0,26.0,28.0,31.0,32.0,34.0,38.0,47.0,inferred
Tewkesbury,2021-07-26,18.0,22.9,26.0,27.0,29.0,31.0,33.0,35.0,38.0,40.0,42.0,47.0,56.0,inferred
Tewkesbury,2021-07-27,18.0,23.0,27.0,28.0,30.0,32.0,34.0,37.0,40.0,42.0,43.0,49.0,58.0,inferred
Tewkesbury,2021-07-28,18.0,23.0,27.0,28.0,30.0,32.0,34.0,37.0,40.0,42.0,43.0,49.0,57.0,inferred
Tewkesbury,2021-07-29,18.0,23.0,27.0,29.0,30.0,32.0,35.0,37.0,40.0,42.0,44.0,49.0,56.0,inferred
Tewkesbury,2021-07-30,17.0,23.0,26.0,27.0,28.0,31.0,33.0,36.0,39.0,40.0,42.0,47.0,56.0,inferred
Tewkesbury,2021-07-31,14.0,18.0,21.0,23.0,24.0,26.0,28.0,30.4,33.0,34.0,36.0,41.0,48.0,inferred
Tewkesbury,2021-08-01,15.0,20.0,23.0,25.0,26.0,28.0,31.0,33.0,35.0,36.2,38.0,43.0,50.5,inferred
Tewkesbury,2021-08-02,24.0,29.0,33.0,35.0,37.0,39.6,42.0,45.0,48.0,50.0,52.0,58.0,66.0,inferred
Tewkesbury,2021-08-03,24.0,31.0,35.0,37.0,38.0,41.0,44.0,47.0,50.0,52.0,54.0,59.0,67.0,inferred
Tewkesbury,2021-08-04,24.0,30.0,33.0,35.0,37.0,40.0,42.0,45.0,48.0,50.0,52.0,58.0,66.0,inferred
Tewkesbury,2021-08-05,21.5,28.0,32.0,34.0,35.0,38.0,41.0,43.0,46.0,48.0,50.0,56.0,64.0,inferred
Tewkesbury,2021-08-06,20.0,25.0,29.0,30.0,32.0,35.0,37.0,39.0,42.0,44.0,46.0,52.0,62.0,inferred
Tewkesbury,2021-08-07,16.0,20.0,23.0,25.0,26.0,28.0,31.0,33.0,36.0,38.0,39.0,44.0,51.0,inferred
Tewkesbury,2021-08-08,15.5,20.0,24.0,25.0,26.0,29.0,31.0,33.0,36.0,37.2,39.0,44.0,52.0,inferred
Tewkesbury,2021-08-09,23.0,29.0,34.0,36.0,38.0,40.0,43.0,46.0,49.0,50.0,52.0,58.0,67.0,inferred
Tewkesbury,2021-08-10,24.0,30.0,34.0,36.0,37.0,40.0,43.0,47.0,49.0,51.0,53.0,59.0,69.0,inferred
Tewkesbury,2021-08-11,24.0,29.0,33.0,35.0,37.0,40.0,43.0,46.0,49.0,51.0,53.0,58.0,65.0,inferred
Tewkesbury,2021-08-12,24.0,30.0,33.0,35.0,37.0,40.0,42.0,45.0,48.0,50.0,52.0,57.0,66.0,inferred
Tewkesbury,2021-08-13,22.0,27.0,31.0,33.0,34.0,36.0,39.0,42.0,45.0,46.2,48.0,53.0,63.0,inferred
Tewkesbury,2021-08-14,18.0,22.0,26.0,27.0,28.0,31.0,33.0,35.0,38.0,40.0,42.0,47.0,55.0,inferred
Tewkesbury,2021-08-15,18.5,23.0,26.0,28.0,29.0,32.0,34.0,37.0,39.0,41.0,43.0,49.0,58.0,inferred
Tewkesbury,2021-08-16,26.0,34.0,38.0,40.0,42.0,45.0,47.0,50.0,53.0,55.0,57.0,63.1,73.0,inferred
Tewkesbury,2021-08-17,29.0,34.0,38.0,40.8,42.0,46.0,48.0,52.0,55.0,57.0,59.0,65.0,74.0,inferred
Tewkesbury,2021-08-18,27.0,33.0,38.0,40.0,41.0,44.0,47.0,50.0,53.0,55.0,57.0,63.0,72.0,inferred
Tewkesbury,2021-08-19,25.0,32.0,36.0,38.0,39.0,42.0,45.0,48.0,52.0,54.0,55.0,61.0,70.0,inferred
Tewkesbury,2021-08-20,22.0,28.0,32.0,34.0,35.0,38.0,40.0,43.0,46.0,48.0,50.0,55.0,63.0,inferred
Tewkesbury,2021-08-21,17.0,22.0,26.0,27.0,28.0,30.6,33.0,35.0,38.0,39.0,41.0,47.0,53.0,inferred
Tewkesbury,2021-08-22,17.0,22.0,25.0,26.0,28.0,30.0,33.0,35.0,38.0,39.0,41.0,46.0,54.5,inferred
Tewkesbury,2021-08-23,24.0,31.0,36.0,37.0,38.0,42.0,44.0,47.0,51.0,52.0,54.0,61.0,69.0,inferred
Tewkesbury,2021-08-24,26.0,32.0,36.0,38.0,39.0,42.0,45.0,47.0,51.0,53.0,54.2,61.0,70.0,inferred
Tewkesbury,2021-08-25,24.0,31.0,35.0,37.0,38.0,41.0,44.0,47.0,50.0,52.0,54.0,59.0,70.0,inferred
Tewkesbury,2021-08-26,24.0,30.0,34.0,36.0,37.0,40.0,42.0,45.0,49.0,50.0,52.0,58.0,66.0,inferred
Tewkesbury,2021-08-27,21.0,27.0,31.0,32.0,33.0,36.0,39.0,41.0,45.0,46.0,48.0,54.0,62.0,inferred
Tewkesbury,2021-08-28,17.0,22.0,25.0,26.8,28.0,30.0,33.0,35.0,38.0,40.0,42.0,46.0,54.0,inferred
Tewkesbury,2021-08-29,17.0,23.0,26.0,28.0,29.0,31.0,34.0,36.0,39.0,41.0,42.0,47.0,55.0,inferred
Tewkesbury,2021-08-30,26.0,33.0,38.0,39.0,41.0,44.0,47.0,50.0,53.0,54.0,56.0,62.0,72.0,inferred
Tewkesbury,2021-08-31,26.0,32.0,37.0,38.0,40.0,43.0,46.0,49.0,53.0,54.0,57.0,62.0,72.0,inferred
Tewkesbury,2021-09-01,23.0,30.0,33.0,35.0,37.0,40.0,42.0,46.0,48.0,50.0,52.0,58.0,67.0,inferred
Tewkesbury,2021-09-02,21.0,27.0,31.0,33.0,34.0,37.0,39.0,42.0,45.0,47.0,49.0,54.0,63.0,inferred
Tewkesbury,2021-09-03,18.0,22.0,26.0,28.0,28.7,31.0,33.0,36.0,39.0,40.0,42.0,46.0,54.0,inferred
Tewkesbury,2021-09-04,13.0,16.0,19.0,21.0,22.0,24.0,26.0,28.0,31.0,32.0,34.0,38.0,45.0,inferred
Tewkesbury,2021-09-05,11.0,15.0,19.0,20.0,21.0,23.0,25.0,27.4,30.0,31.0,33.0,37.0,44.0,inferred
Tewkesbury,2021-09-06,16.0,21.0,25.0,26.0,27.0,29.6,32.0,34.4,37.0,38.0,40.0,46.0,52.5,inferred
Tewkesbury,2021-09-07,15.0,20.0,23.0,24.0,25.0,28.0,30.0,33.0,35.0,37.0,39.0,44.0,51.0,inferred
Tewkesbury,2021-09-08,13.0,17.0,20.0,21.0,23.0,25.0,27.0,29.0,32.0,33.0,35.0,39.0,46.0,inferred
Tewkesbury,2021-09-09,11.0,15.0,18.0,19.0,20.0,22.0,24.0,26.0,29.0,30.0,32.0,36.0,44.0,inferred
Tewkesbury,2021-09-10,8.0,12.0,14.0,16.0,17.0,18.0,20.0,22.0,24.0,25.0,27.0,30.1,38.0,inferred
Tewkesbury,2021-09-11,5.0,8.0,10.0,11.0,12.0,13.0,15.0,17.0,18.0,19.0,21.0,24.0,30.0,inferred
Tewkesbury,2021-09-12,5.0,7.0,9.0,10.0,11.0,12.0,14.0,15.0,17.0,18.0,20.0,23.0,29.0,inferred
Tewkesbury,2021-09-13,6.0,10.0,12.0,13.0,14.0,16.0,17.0,19.0,21.0,22.0,23.0,27.0,33.0,inferred
Tewkesbury,2021-09-14,7.0,10.0,12.0,13.0,14.0,16.0,17.0,19.0,21.0,23.0,24.0,28.0,33.0,inferred
Tewkesbury,2021-09-15,7.0,10.0,13.0,14.0,15.0,16.0,18.0,20.0,22.0,24.0,25.0,29.0,35.0,inferred
Tewkesbury,2021-09-16,8.0,11.0,14.0,15.0,16.0,18.0,20.0,22.0,24.0,25.0,27.0,31.0,38.0,inferred
Tewkesbury,2021-09-17,8.0,12.0,14.0,15.0,16.0,18.0,19.0,21.0,23.0,25.0,26.0,30.0,36.0,inferred
Tewkesbury,2021-09-18,6.0,9.0,12.0,13.0,13.0,15.0,17.0,19.0,21.0,22.0,23.0,27.0,33.0,inferred
Tewkesbury,2021-09-19,7.0,11.0,13.0,14.0,15.0,17.0,19.0,21.0,23.0,24.0,25.0,29.0,35.0,inferred
Tewkesbury,2021-09-20,13.0,17.0,20.0,21.0,23.0,25.0,27.0,29.0,32.0,33.0,35.0,40.0,47.0,inferred
Tewkesbury,2021-09-21,12.0,17.0,20.0,21.0,23.0,25.0,27.0,29.0,31.0,33.0,34.0,39.0,47.0,inferred
Tewkesbury,2021-09-22,12.0,17.0,20.0,21.0,22.0,24.0,26.0,28.0,31.0,32.0,34.0,38.1,47.0,inferred
Tewkesbury,2021-09-23,11.0,15.0,18.0,20.0,21.0,23.0,25.0,27.0,29.0,30.0,32.0,36.0,43.0,inferred
Tewkesbury,2021-09-24,10.0,13.0,16.0,17.0,18.0,20.0,22.0,24.0,26.0,27.0,29.0,33.0,40.0,inferred
Tewkesbury,2021-09-25,6.5,10.0,12.0,13.0,14.0,16.0,17.0,19.0,21.0,23.0,24.0,28.0,33.0,inferred
Tewkesbury,2021-09-26,6.0,9.0,11.8,13.0,14.0,15.0,17.0,19.0,20.0,22.0,23.0,26.0,33.0,inferred
Tewkesbury,2021-09-27,9.0,13.0,16.0,18.0,19.0,20.0,22.0,25.0,27.0,28.0,29.0,33.0,40.0,inferred
Tewkesbury,2021-09-28,9.0,13.0,15.0,17.0,18.0,19.0,21.0,23.0,26.0,27.0,29.0,32.0,40.5,inferred
Tewkesbury,2021-09-29,7.0,11.0,14.0,15.0,16.0,18.0,20.0,22.0,23.0,25.0,26.0,30.0,38.0,inferred
Tewkesbury,2021-09-30,6.0,10.0,12.0,13.0,14.0,16.0,17.0,19.0,21.0,23.0,24.0,28.0,33.0,inferred
Tewkesbury,2021-10-01,5.0,8.0,10.0,11.0,12.0,14.0,15.0,17.0,18.0,19.0,21.0,25.0,30.0,inferred
Tewkesbury,2021-10-02,3.0,5.0,7.0,8.0,9.0,10.0,12.0,13.0,15.0,16.0,17.0,20.0,27.0,inferred
Tewkesbury,2021-10-03,3.0,5.0,7.0,7.0,8.0,9.0,11.0,12.0,14.0,15.0,16.0,19.0,25.0,inferred
Tewkesbury,2021-10-04,5.0,7.0,10.0,11.0,11.0,13.0,14.0,16.0,18.0,19.0,20.0,24.0,30.0,inferred
Tewkesbury,2021-10-05,5.0,8.0,11.0,12.0,13.0,14.0,16.0,18.0,20.0,21.0,22.0,26.0,32.0,inferred
Tewkesbury,2021-10-06,7.0,10.0,12.0,13.0,14.0,16.0,18.0,20.0,22.0,23.0,25.0,29.0,36.0,inferred
Tewkesbury,2021-10-07,9.0,13.0,16.0,17.0,18.0,20.0,22.0,24.0,26.0,27.0,28.0,32.0,39.0,inferred
Tewkesbury,2021-10-08,11.0,14.0,17.0,18.0,20.0,22.0,23.5,26.0,28.0,29.0,31.0,35.0,42.0,inferred
Tewkesbury,2021-10-09,10.0,14.0,17.0,18.0,19.0,21.0,24.0,25.0,28.0,29.0,31.0,35.0,42.0,inferred
Tewkesbury,2021-10-10,14.0,19.0,22.0,23.0,24.0,26.6,29.0,31.0,33.0,34.0,36.0,41.0,49.5,inferred
Tewkesbury,2021-10-11,28.0,34.0,38.0,40.0,41.0,45.0,47.0,51.0,54.0,56.0,58.0,65.0,73.5,inferred
Tewkesbury,2021-10-12,44.0,53.0,59.0,61.0,63.0,67.0,70.0,74.0,77.3,81.0,83.0,92.0,103.5,inferred
Tewkesbury,2021-10-13,74.0,85.0,91.0,94.0,96.0,101.0,105.0,110.0,115.0,118.0,121.0,130.0,143.5,inferred
Tewkesbury,2021-10-14,113.5,126.0,136.0,139.8,143.0,150.0,155.0,161.0,168.0,171.0,175.0,187.0,206.5,inferred
Tewkesbury,2021-10-15,155.0,172.0,184.0,190.0,194.0,202.0,210.0,218.0,227.0,231.0,237.0,249.0,273.0,inferred
Thanet,2021-07-03,2.0,5.0,7.0,7.0,8.0,9.0,11.0,12.0,14.0,15.0,16.0,19.0,24.0,inferred
Thanet,2021-07-04,3.0,6.0,7.0,8.0,9.0,10.0,12.0,13.0,15.0,16.0,17.0,20.0,26.5,inferred
Thanet,2021-07-05,6.0,9.0,12.0,13.0,14.0,16.0,17.0,19.0,21.0,22.0,24.0,28.0,34.0,inferred
Thanet,2021-07-06,7.0,10.0,13.0,14.0,14.0,16.0,18.0,20.0,22.0,23.0,24.0,27.1,35.0,inferred
Thanet,2021-07-07,8.0,11.0,14.0,15.0,16.0,18.0,20.0,22.0,24.0,25.0,26.0,29.1,35.5,inferred
Thanet,2021-07-08,8.0,12.0,14.0,15.0,16.0,18.0,20.0,22.0,24.0,25.0,26.0,31.0,37.0,inferred
Thanet,2021-07-09,8.0,11.0,14.0,15.0,16.0,18.0,19.0,21.4,24.0,25.0,26.0,30.0,36.5,inferred
Thanet,2021-07-10,6.0,9.0,12.0,13.0,14.0,16.0,18.0,20.0,22.0,23.0,24.0,28.1,34.0,inferred
Thanet,2021-07-11,8.0,11.0,14.0,15.0,16.0,18.0,20.0,22.0,23.0,25.0,26.0,30.0,36.5,inferred
Thanet,2021-07-12,14.0,18.0,22.0,23.0,24.0,26.0,29.0,31.0,34.0,35.0,37.0,41.0,49.0,inferred
Thanet,2021-07-13,14.0,19.0,22.0,23.0,25.0,27.0,30.0,32.0,34.0,36.0,38.0,43.0,50.5,inferred
Thanet,2021-07-14,15.0,20.0,24.0,25.0,27.0,29.0,32.0,34.0,37.0,38.0,40.0,45.0,53.0,inferred
Thanet,2021-07-15,16.0,20.9,24.0,25.0,27.0,29.0,32.0,34.0,37.0,39.0,40.0,45.0,53.0,inferred
Thanet,2021-07-16,15.0,20.0,23.0,25.0,26.0,28.0,31.0,33.0,36.0,37.0,39.0,44.0,50.5,inferred
Thanet,2021-07-17,13.0,17.0,20.0,22.0,23.0,25.0,27.0,30.0,32.0,34.0,35.0,40.0,48.0,inferred
Thanet,2021-07-18,14.0,19.0,22.0,24.0,25.0,27.0,29.0,31.0,34.0,35.0,37.0,42.0,50.0,inferred
Thanet,2021-07-19,22.0,28.0,32.0,34.0,35.0,38.0,40.0,43.0,46.0,48.0,50.0,56.0,66.0,inferred
Thanet,2021-07-20,21.0,27.9,32.0,33.0,35.0,37.0,40.0,43.0,45.0,47.0,50.0,55.0,62.5,inferred
Thanet,2021-07-21,21.0,27.0,31.0,33.0,34.0,36.0,39.0,41.0,45.0,46.0,49.0,54.0,64.0,inferred
Thanet,2021-07-22,20.0,25.0,29.0,31.0,32.0,35.0,37.0,40.0,43.0,44.0,46.0,51.0,60.0,inferred
Thanet,2021-07-23,17.0,22.9,26.0,28.0,29.0,31.0,34.0,36.0,39.0,41.0,43.0,48.0,55.5,inferred
Thanet,2021-07-24,14.5,19.0,22.0,23.0,25.0,27.0,29.0,32.0,35.0,36.0,38.0,42.0,50.0,inferred
Thanet,2021-07-25,15.0,19.0,23.0,24.0,25.0,28.0,30.0,33.0,35.0,37.0,38.0,43.0,51.5,inferred
Thanet,2021-07-26,23.0,28.0,32.0,34.0,35.0,38.6,41.0,44.0,46.0,48.0,50.0,55.0,64.0,inferred
Thanet,2021-07-27,21.0,27.0,30.0,32.0,34.0,37.0,39.0,42.0,45.0,47.0,49.0,55.0,64.5,inferred
Thanet,2021-07-28,22.0,28.0,32.0,33.0,35.0,38.0,40.0,43.0,46.0,48.0,50.0,56.0,65.0,inferred
Thanet,2021-07-29,22.0,27.0,31.0,32.0,34.0,37.0,40.0,42.0,45.3,47.0,49.0,55.0,64.0,inferred
Thanet,2021-07-30,19.0,25.0,29.0,31.0,32.0,34.0,37.0,39.0,42.0,44.0,46.0,51.0,60.0,inferred
Thanet,2021-07-31,16.0,20.9,24.0,25.0,27.0,29.0,31.0,34.0,36.0,37.0,39.0,44.0,51.0,inferred
Thanet,2021-08-01,17.0,21.9,25.0,26.0,27.0,30.0,32.0,35.0,38.0,40.0,42.0,46.1,55.0,inferred
Thanet,2021-08-02,25.0,31.0,35.0,37.0,38.0,41.0,44.0,47.0,50.0,52.0,54.0,60.0,71.0,inferred
Thanet,2021-08-03,25.0,31.0,35.0,37.0,38.0,41.0,44.0,47.0,50.0,52.0,54.0,60.0,67.0,inferred
Thanet,2021-08-04,26.0,33.0,37.0,39.0,40.0,43.0,46.0,49.0,52.0,54.0,56.0,61.1,72.0,inferred
Thanet,2021-08-05,27.0,33.0,38.0,40.0,41.0,44.0,47.0,49.4,53.0,55.0,57.0,62.1,71.5,inferred
Thanet,2021-08-06,26.0,31.0,36.0,38.0,40.0,43.0,45.0,48.0,51.0,53.0,56.0,61.0,71.0,inferred
Thanet,2021-08-07,22.0,28.0,32.0,34.0,35.0,38.0,41.0,43.0,46.0,48.0,50.0,55.0,64.0,inferred
Thanet,2021-08-08,26.0,33.0,36.0,38.0,39.0,42.0,45.0,48.0,51.0,53.0,55.0,60.0,70.0,inferred
Thanet,2021-08-09,39.0,47.0,52.0,54.0,56.0,59.6,63.0,66.4,70.0,73.0,75.0,83.0,95.0,inferred
Thanet,2021-08-10,42.0,49.0,55.0,57.0,59.0,62.0,66.0,69.0,73.0,75.0,78.0,85.0,96.5,inferred
Thanet,2021-08-11,45.0,54.0,59.0,62.0,64.0,67.0,71.0,74.0,79.0,81.0,83.0,91.0,102.0,inferred
Thanet,2021-08-12,47.5,55.0,61.0,63.0,64.0,68.0,72.0,77.0,81.0,83.0,86.0,93.0,106.0,inferred
Thanet,2021-08-13,48.0,55.0,61.0,63.0,65.0,69.0,73.0,76.4,80.0,82.0,85.0,91.0,102.0,inferred
Thanet,2021-08-14,42.0,50.0,55.0,57.0,59.0,63.0,66.0,69.0,73.0,75.0,77.0,84.0,95.0,inferred
Thanet,2021-08-15,48.0,56.0,61.0,63.0,65.0,68.0,72.0,75.0,79.0,82.0,84.0,92.0,104.0,inferred
Thanet,2021-08-16,70.0,83.0,89.0,92.0,94.0,99.0,103.0,108.0,113.0,116.2,119.0,127.0,140.0,inferred
Thanet,2021-08-17,71.0,81.0,88.0,91.0,94.0,98.6,102.0,107.0,111.0,113.0,116.0,123.0,137.5,inferred
Thanet,2021-08-18,70.0,81.0,88.0,91.0,94.0,98.0,103.0,107.0,111.0,114.0,117.0,124.0,139.0,inferred
Thanet,2021-08-19,66.0,75.0,83.0,85.0,87.0,91.0,96.0,100.0,104.0,107.0,109.0,117.0,130.0,inferred
Thanet,2021-08-20,56.5,67.0,73.0,75.0,77.0,82.0,86.0,89.0,94.0,97.0,100.0,108.0,120.0,inferred
Thanet,2021-08-21,47.0,55.0,61.0,63.0,64.0,68.0,72.0,76.0,80.0,82.0,85.0,92.0,104.0,inferred
Thanet,2021-08-22,46.0,55.0,61.0,63.0,65.0,69.0,72.0,75.0,79.0,81.2,84.0,91.0,102.0,inferred
Thanet,2021-08-23,64.0,74.0,80.0,83.0,85.0,90.0,94.0,98.0,102.0,105.0,108.0,117.0,130.0,inferred
Thanet,2021-08-24,59.0,68.0,75.0,78.0,80.0,84.0,88.0,92.0,97.0,99.0,102.0,110.0,120.5,inferred
Thanet,2021-08-25,56.5,65.0,72.0,75.0,77.0,81.0,85.0,89.0,93.0,96.0,99.0,107.0,119.0,inferred
Thanet,2021-08-26,50.0,59.0,65.0,67.0,69.0,73.0,77.0,80.0,85.0,88.0,90.0,98.0,107.0,inferred
Thanet,2021-08-27,42.0,51.0,56.0,58.0,60.0,63.0,66.0,70.0,74.0,77.0,79.0,86.0,96.5,inferred
Thanet,2021-08-28,33.0,40.0,45.0,46.0,48.0,51.0,55.0,58.0,62.0,63.0,66.0,72.0,85.0,inferred
Thanet,2021-08-29,32.0,40.0,44.0,47.0,49.0,51.0,54.0,57.0,61.0,63.0,66.0,72.0,82.0,inferred
Thanet,2021-08-30,45.0,53.0,58.8,60.8,62.0,66.0,70.0,73.0,77.0,79.0,82.0,89.0,100.5,inferred
Thanet,2021-08-31,40.0,48.0,53.0,55.0,57.0,61.0,65.0,68.0,72.0,75.0,77.0,84.0,96.0,inferred
Thanet,2021-09-01,41.0,48.0,53.0,54.0,56.0,60.0,63.0,66.0,70.0,73.0,75.0,82.0,91.0,inferred
Thanet,2021-09-02,35.0,43.0,48.0,49.0,51.0,55.0,58.0,62.0,65.0,67.0,70.0,76.0,87.0,inferred
Thanet,2021-09-03,32.0,39.0,43.0,45.0,46.0,50.0,53.0,56.0,59.0,62.0,64.0,70.0,80.0,inferred
Thanet,2021-09-04,25.0,31.0,35.0,36.0,38.0,40.0,43.0,46.0,49.0,51.0,53.0,59.0,68.0,inferred
Thanet,2021-09-05,25.0,30.0,34.0,36.0,37.0,40.0,42.0,45.0,48.0,50.0,52.0,58.0,67.0,inferred
Thanet,2021-09-06,33.0,40.0,45.0,47.0,49.0,52.0,55.0,58.0,62.0,64.0,66.0,73.0,83.0,inferred
Thanet,2021-09-07,29.5,37.0,41.0,43.0,45.0,48.0,51.0,54.0,58.0,60.0,62.0,68.0,79.0,inferred
Thanet,2021-09-08,29.0,35.0,40.0,42.0,43.0,46.0,49.0,52.0,55.0,57.0,59.0,65.0,74.0,inferred
Thanet,2021-09-09,25.0,30.0,35.0,36.0,38.0,41.0,44.0,47.0,50.0,52.0,54.0,59.0,68.0,inferred
Thanet,2021-09-10,21.0,26.0,30.0,31.0,33.0,35.0,38.0,41.0,44.0,46.0,48.0,54.0,62.0,inferred
Thanet,2021-09-11,15.0,20.0,24.0,25.0,26.0,29.0,31.0,33.0,36.0,37.0,39.0,44.0,52.5,inferred
Thanet,2021-09-12,15.0,20.0,23.0,25.0,26.0,28.0,30.0,32.0,34.3,36.0,38.0,42.0,50.0,inferred
Thanet,2021-09-13,20.0,26.0,29.0,31.0,33.0,35.0,38.0,41.0,43.0,45.0,47.0,52.0,59.5,inferred
Thanet,2021-09-14,19.0,23.0,27.0,29.0,30.0,33.0,35.0,38.0,41.0,42.2,44.0,50.0,58.0,inferred
Thanet,2021-09-15,18.0,23.0,26.0,28.0,29.0,32.0,34.0,37.0,39.0,41.0,43.0,48.0,56.0,inferred
Thanet,2021-09-16,16.0,20.0,24.0,25.0,26.0,28.0,31.0,33.0,36.0,37.0,39.0,44.0,52.0,inferred
Thanet,2021-09-17,13.0,17.0,20.0,22.0,23.0,25.0,27.0,29.0,32.0,33.0,35.0,39.0,47.0,inferred
Thanet,2021-09-18,10.0,14.0,17.0,18.0,19.0,21.0,23.0,24.0,27.0,28.0,30.0,34.0,41.0,inferred
Thanet,2021-09-19,9.0,13.0,16.0,17.0,18.0,20.0,22.0,24.0,26.0,28.0,29.0,33.0,41.0,inferred
Thanet,2021-09-20,14.0,18.0,22.0,23.0,24.0,27.0,29.0,31.0,34.0,35.0,37.0,42.0,50.0,inferred
Thanet,2021-09-21,13.0,17.0,20.0,21.0,23.0,25.0,27.0,29.0,32.0,33.0,35.0,39.0,47.0,inferred
Thanet,2021-09-22,12.0,16.0,19.0,21.0,22.0,24.0,27.0,29.0,32.0,33.0,34.0,39.0,47.0,inferred
Thanet,2021-09-23,11.0,15.0,18.0,20.0,21.0,23.0,25.0,27.0,29.0,31.0,32.0,37.0,46.0,inferred
Thanet,2021-09-24,10.0,14.0,16.0,18.0,19.0,21.0,22.0,25.0,27.0,28.0,30.0,34.0,41.0,inferred
Thanet,2021-09-25,7.0,11.0,14.0,14.0,15.0,17.0,19.0,21.0,23.0,25.0,26.0,30.0,37.0,inferred
Thanet,2021-09-26,8.0,11.0,14.0,14.0,15.0,17.0,19.0,21.0,23.0,24.0,26.0,30.0,37.0,inferred
Thanet,2021-09-27,12.0,16.0,19.0,20.0,22.0,24.0,26.0,28.0,31.0,32.0,34.0,38.0,46.0,inferred
Thanet,2021-09-28,11.0,15.0,18.0,20.0,21.0,23.0,25.0,27.0,30.0,31.0,32.0,37.0,44.0,inferred
Thanet,2021-09-29,12.0,16.0,19.0,20.0,22.0,24.0,26.0,28.0,30.3,32.0,34.0,38.0,44.0,inferred
Thanet,2021-09-30,12.0,16.0,19.0,20.0,21.0,23.0,26.0,28.0,30.0,32.0,33.0,38.0,45.5,inferred
Thanet,2021-10-01,10.0,14.0,17.0,19.0,20.0,22.0,24.0,26.0,29.0,30.0,32.0,37.0,43.0,inferred
Thanet,2021-10-02,9.0,13.0,15.0,16.0,17.0,19.0,21.0,23.0,25.0,27.0,29.0,33.0,39.0,inferred
Thanet,2021-10-03,9.0,13.0,16.0,18.0,19.0,21.0,23.0,25.0,27.0,28.0,30.0,33.1,41.0,inferred
Thanet,2021-10-04,16.0,20.0,24.0,25.0,26.0,29.0,31.0,34.0,37.0,38.0,40.0,45.0,53.0,inferred
Thanet,2021-10-05,16.0,20.0,24.0,25.0,27.0,29.0,32.0,34.0,37.0,39.0,40.0,45.0,53.0,inferred
Thanet,2021-10-06,17.0,22.0,26.0,28.0,29.0,32.0,34.0,36.0,39.0,40.0,42.0,48.0,57.0,inferred
Thanet,2021-10-07,18.0,24.0,27.0,28.0,30.0,32.0,35.0,37.0,40.0,42.0,44.0,49.0,57.0,inferred
Thanet,2021-10-08,17.5,22.0,26.0,28.0,29.0,32.0,34.0,37.0,40.0,41.0,43.0,49.0,57.0,inferred
Thanet,2021-10-09,16.0,20.0,24.0,25.0,26.0,28.0,31.0,33.0,35.0,37.0,39.0,44.0,51.0,inferred
Thanet,2021-10-10,17.0,22.0,26.0,27.0,28.0,31.0,33.0,36.0,38.0,40.0,42.0,47.0,55.5,inferred
Thanet,2021-10-11,26.0,33.0,38.0,40.0,41.0,44.0,47.0,50.0,54.0,56.0,58.0,64.1,76.0,inferred
Thanet,2021-10-12,27.0,33.0,38.0,39.0,41.0,43.0,47.0,50.0,53.0,55.0,57.0,63.0,73.0,inferred
Thanet,2021-10-13,27.0,32.0,37.0,39.0,41.0,44.0,47.0,50.0,53.0,55.0,57.0,63.0,72.0,inferred
Thanet,2021-10-14,24.0,30.0,34.0,35.0,37.0,40.0,43.0,46.0,49.0,51.2,54.0,60.0,70.0,inferred
Thanet,2021-10-15,20.0,26.0,31.0,32.0,34.0,37.0,40.0,42.0,46.0,47.0,49.0,55.0,64.0,inferred
Three Rivers,2021-07-03,12.0,17.0,20.0,22.0,23.0,25.0,27.0,29.4,32.0,33.0,35.0,40.0,50.5,inferred
Three Rivers,2021-07-04,16.5,22.0,25.0,26.0,28.0,30.0,32.0,35.0,37.0,39.0,41.0,46.0,53.0,inferred
Three Rivers,2021-07-05,28.0,33.0,37.0,39.0,41.0,44.0,47.0,49.0,53.0,55.0,57.0,63.0,73.0,inferred
Three Rivers,2021-07-06,28.0,33.0,38.0,40.0,41.0,44.0,47.0,50.0,53.0,55.0,56.0,61.0,72.0,inferred
Three Rivers,2021-07-07,30.0,37.0,41.8,43.0,45.0,48.0,51.0,54.0,57.0,59.0,61.0,67.0,76.0,inferred
Three Rivers,2021-07-08,31.0,38.0,42.0,44.0,46.0,48.0,52.0,55.0,58.0,60.0,62.0,68.0,77.0,inferred
Three Rivers,2021-07-09,31.0,37.0,42.0,43.0,45.0,48.0,51.0,54.0,57.0,59.0,61.0,68.0,78.0,inferred
Three Rivers,2021-07-10,27.0,33.0,37.8,39.0,41.0,43.0,46.0,49.0,52.0,55.0,57.0,62.1,73.0,inferred
Three Rivers,2021-07-11,31.0,38.0,42.0,44.0,46.0,49.0,52.0,55.0,58.0,60.0,62.0,69.0,80.0,inferred
Three Rivers,2021-07-12,50.0,57.9,64.0,66.0,69.0,72.0,76.0,79.0,84.0,86.0,89.0,96.0,109.5,inferred
Three Rivers,2021-07-13,48.0,57.0,64.0,66.0,69.0,72.0,76.0,80.0,84.0,87.0,90.0,96.0,109.0,inferred
Three Rivers,2021-07-14,52.0,60.0,66.0,69.0,71.0,74.0,78.0,82.0,86.0,89.0,92.0,99.0,112.5,inferred
Three Rivers,2021-07-15,50.0,58.0,64.0,66.0,68.0,72.0,76.0,80.0,84.0,87.0,90.0,96.0,108.0,inferred
Three Rivers,2021-07-16,45.0,53.0,59.0,62.0,64.0,67.0,70.0,74.0,78.0,80.0,83.0,90.0,102.0,inferred
Three Rivers,2021-07-17,36.0,43.0,49.0,51.0,53.0,56.0,59.0,63.0,66.0,68.0,71.0,78.0,87.0,inferred
Three Rivers,2021-07-18,37.0,46.0,51.0,53.0,55.0,58.0,61.0,65.0,68.3,71.0,73.0,80.0,91.5,inferred
Three Rivers,2021-07-19,55.0,64.0,71.0,73.0,75.0,79.0,83.0,87.0,91.0,94.0,97.0,105.0,117.0,inferred
Three Rivers,2021-07-20,50.0,58.0,63.0,66.0,68.0,72.0,76.0,80.0,84.0,87.0,89.0,96.0,108.0,inferred
Three Rivers,2021-07-21,46.0,54.0,60.0,62.0,64.0,67.0,71.0,75.0,79.0,81.0,84.0,91.0,102.0,inferred
Three Rivers,2021-07-22,39.0,46.0,51.0,53.0,55.0,59.0,62.0,65.0,69.0,72.0,74.0,80.0,90.5,inferred
Three Rivers,2021-07-23,30.0,38.0,43.0,45.0,47.0,50.0,53.0,56.0,60.0,61.2,64.0,70.0,80.0,inferred
Three Rivers,2021-07-24,23.0,27.0,31.0,33.0,35.0,38.0,41.0,44.0,47.0,48.0,50.0,55.0,63.0,inferred
Three Rivers,2021-07-25,21.0,26.0,29.8,31.0,33.0,35.0,38.0,40.0,43.0,45.0,47.0,52.0,62.5,inferred
Three Rivers,2021-07-26,28.0,34.0,38.0,40.0,41.0,44.0,47.0,50.0,53.0,55.0,57.0,63.0,72.0,inferred
Three Rivers,2021-07-27,24.0,30.0,34.0,35.0,37.0,40.0,43.0,46.0,49.0,51.0,53.0,59.0,68.0,inferred
Three Rivers,2021-07-28,24.0,30.0,33.0,35.0,37.0,39.0,42.0,44.0,47.0,49.0,51.0,57.0,66.0,inferred
Three Rivers,2021-07-29,21.0,27.0,32.0,33.0,35.0,37.0,40.0,43.0,45.0,47.0,49.0,54.0,63.0,inferred
Three Rivers,2021-07-30,19.0,24.0,28.0,30.0,31.0,34.0,36.0,39.0,42.0,44.0,46.0,51.0,59.0,inferred
Three Rivers,2021-07-31,15.0,19.0,23.0,24.0,25.0,28.0,30.0,33.0,36.0,37.0,39.0,44.0,52.5,inferred
Three Rivers,2021-08-01,16.0,21.0,24.0,25.0,27.0,29.0,31.0,34.0,37.0,38.0,40.0,45.0,54.0,inferred
Three Rivers,2021-08-02,23.0,28.9,33.0,35.0,36.0,39.0,42.0,45.0,48.0,50.0,52.0,58.0,67.5,inferred
Three Rivers,2021-08-03,20.5,27.0,31.0,33.0,34.0,36.0,39.0,42.0,45.0,47.0,49.0,55.0,64.0,inferred
Three Rivers,2021-08-04,21.5,27.0,31.0,32.0,34.0,37.0,39.0,42.0,45.0,46.0,48.0,53.0,62.5,inferred
Three Rivers,2021-08-05,21.0,26.0,30.0,31.0,33.0,35.0,38.0,41.0,43.3,46.0,47.0,53.0,62.0,inferred
Three Rivers,2021-08-06,18.0,23.0,26.0,28.0,29.7,32.0,34.0,37.0,40.0,42.0,43.0,49.0,57.0,inferred
Three Rivers,2021-08-07,13.0,18.0,22.0,23.0,24.0,26.0,28.0,31.0,34.0,35.0,37.0,42.0,50.0,inferred
Three Rivers,2021-08-08,14.0,19.0,23.0,24.0,26.0,28.0,30.0,32.0,35.0,36.0,38.0,43.0,51.0,inferred
Three Rivers,2021-08-09,23.0,28.0,31.0,33.0,34.7,37.0,40.0,43.0,46.0,48.0,50.0,56.0,64.0,inferred
Three Rivers,2021-08-10,21.0,26.0,30.0,32.0,33.0,36.0,39.0,41.0,44.0,46.0,48.0,53.0,62.0,inferred
Three Rivers,2021-08-11,21.0,26.0,30.0,31.0,33.0,36.0,38.0,41.0,44.0,46.0,48.0,54.0,63.0,inferred
Three Rivers,2021-08-12,20.5,25.0,29.0,31.0,32.0,35.0,37.0,40.0,43.0,45.0,47.0,52.0,62.5,inferred
Three Rivers,2021-08-13,18.0,22.9,26.0,28.0,29.0,32.0,34.0,36.0,39.0,41.0,42.0,48.0,56.5,inferred
Three Rivers,2021-08-14,14.0,18.0,22.0,23.0,24.0,27.0,29.0,32.0,34.0,35.0,37.0,42.0,49.0,inferred
Three Rivers,2021-08-15,15.0,19.0,23.0,24.0,25.0,28.0,30.0,32.0,35.0,37.0,38.0,43.0,53.0,inferred
Three Rivers,2021-08-16,21.0,28.0,32.0,34.0,35.0,38.0,41.0,44.0,46.0,48.0,50.0,56.0,66.0,inferred
Three Rivers,2021-08-17,20.0,26.0,30.0,31.0,33.0,35.0,38.0,41.0,44.0,45.0,47.0,54.0,63.0,inferred
Three Rivers,2021-08-18,21.0,26.0,30.0,32.0,33.0,36.0,39.0,41.0,44.0,46.0,48.0,53.0,61.0,inferred
Three Rivers,2021-08-19,20.0,25.0,29.0,30.0,32.0,34.0,36.0,39.0,42.0,44.0,46.0,51.0,58.0,inferred
Three Rivers,2021-08-20,17.0,22.0,25.0,27.0,28.0,30.0,33.0,35.0,38.0,39.0,41.0,46.0,53.0,inferred
Three Rivers,2021-08-21,13.0,17.0,20.0,21.0,22.7,25.0,27.0,30.0,33.0,34.0,36.0,40.0,48.0,inferred
Three Rivers,2021-08-22,13.0,17.0,21.0,22.0,24.0,26.0,28.0,31.0,33.0,35.0,36.0,41.0,50.0,inferred
Three Rivers,2021-08-23,20.0,25.0,30.0,31.0,32.0,35.0,38.0,40.0,43.0,45.0,47.0,52.0,61.0,inferred
Three Rivers,2021-08-24,19.0,25.0,28.0,30.0,32.0,34.0,37.0,39.0,42.0,44.0,46.0,51.0,57.5,inferred
Three Rivers,2021-08-25,20.0,26.0,29.8,31.0,33.0,35.0,38.0,41.0,44.0,46.0,48.0,53.0,62.5,inferred
Three Rivers,2021-08-26,20.0,25.0,29.0,30.0,32.0,35.0,37.0,40.0,43.0,45.0,47.0,52.0,61.0,inferred
Three Rivers,2021-08-27,18.0,23.0,28.0,29.0,31.0,34.0,36.0,38.0,41.0,43.0,45.0,49.0,57.0,inferred
Three Rivers,2021-08-28,15.0,20.0,24.0,25.0,26.0,29.0,31.0,34.0,36.0,38.0,40.0,46.0,54.0,inferred
Three Rivers,2021-08-29,17.0,22.0,26.0,27.0,28.0,31.0,33.0,36.0,38.0,40.0,42.0,47.0,57.5,inferred
Three Rivers,2021-08-30,26.0,32.0,37.0,38.0,40.0,43.0,46.0,49.0,52.0,54.0,56.0,61.1,73.0,inferred
Three Rivers,2021-08-31,25.0,31.0,36.0,38.0,39.0,42.0,45.0,48.0,51.0,52.0,55.0,60.0,69.0,inferred
Three Rivers,2021-09-01,27.0,33.0,37.0,38.0,40.0,43.0,46.0,49.0,52.0,54.0,56.0,62.0,73.5,inferred
Three Rivers,2021-09-02,24.0,31.0,36.0,37.0,39.0,42.0,45.0,48.0,51.0,52.2,55.0,60.0,69.0,inferred
Three Rivers,2021-09-03,22.0,29.0,33.0,35.0,36.0,39.0,41.0,44.0,47.0,49.0,51.0,56.0,65.0,inferred
Three Rivers,2021-09-04,17.0,23.0,27.0,28.0,29.0,32.0,34.0,37.0,39.0,41.0,43.0,48.0,56.0,inferred
Three Rivers,2021-09-05,18.5,24.0,28.0,30.0,31.0,33.0,36.0,39.0,42.0,43.0,46.0,51.0,60.0,inferred
Three Rivers,2021-09-06,28.0,35.0,39.0,41.0,42.0,45.0,48.0,51.0,54.3,56.0,58.2,65.0,75.0,inferred
Three Rivers,2021-09-07,26.0,32.0,36.0,38.0,40.0,42.0,45.0,48.0,52.0,54.0,56.0,62.0,71.0,inferred
Three Rivers,2021-09-08,24.0,31.0,35.0,37.0,38.0,41.0,44.0,47.0,50.0,52.0,54.0,60.0,68.0,inferred
Three Rivers,2021-09-09,22.0,28.0,32.0,33.8,35.0,38.0,40.0,43.0,46.0,48.0,50.0,55.0,65.0,inferred
Three Rivers,2021-09-10,19.0,24.0,28.0,29.0,31.0,34.0,36.0,39.0,41.0,43.0,45.0,50.0,58.0,inferred
Three Rivers,2021-09-11,13.0,18.0,21.0,23.0,24.0,26.0,29.0,31.0,34.0,35.0,37.0,41.0,49.0,inferred
Three Rivers,2021-09-12,14.0,19.0,22.0,23.0,25.0,27.0,29.0,32.0,34.0,36.0,38.0,43.0,50.0,inferred
Three Rivers,2021-09-13,20.0,25.9,30.0,31.0,33.0,36.0,38.0,41.0,44.0,46.0,48.0,54.0,63.0,inferred
Three Rivers,2021-09-14,19.0,25.0,29.0,31.0,32.0,35.0,38.0,40.0,44.0,45.0,47.0,53.0,61.0,inferred
Three Rivers,2021-09-15,22.0,27.0,31.0,33.0,34.0,37.0,40.0,43.0,46.0,48.0,49.2,54.0,64.5,inferred
Three Rivers,2021-09-16,24.0,29.0,33.0,34.0,36.0,38.0,41.0,44.0,47.0,49.0,51.0,58.0,68.0,inferred
Three Rivers,2021-09-17,20.0,27.0,31.0,33.0,35.0,37.0,40.0,43.0,46.0,48.0,49.0,54.0,62.0,inferred
Three Rivers,2021-09-18,18.0,24.0,28.0,29.0,31.0,33.0,36.0,38.0,41.0,43.0,45.0,50.0,57.5,inferred
Three Rivers,2021-09-19,21.0,27.0,31.0,32.0,33.7,37.0,39.0,42.0,44.0,46.0,48.0,54.0,63.0,inferred
Three Rivers,2021-09-20,34.0,40.0,45.0,47.0,49.0,52.0,56.0,59.0,62.3,65.0,67.0,73.0,82.5,inferred
Three Rivers,2021-09-21,33.0,40.0,44.0,46.0,47.0,51.0,54.0,57.0,60.0,62.0,64.0,70.0,80.0,inferred
Three Rivers,2021-09-22,34.0,40.0,44.0,46.0,48.0,51.0,54.0,57.0,61.0,63.0,65.0,72.0,81.0,inferred
Three Rivers,2021-09-23,30.0,37.0,42.0,44.0,46.0,49.0,51.0,55.0,59.0,60.0,63.0,69.0,78.0,inferred
Three Rivers,2021-09-24,28.0,35.0,39.0,41.0,42.0,45.0,48.0,51.0,54.0,56.0,58.0,64.0,74.5,inferred
Three Rivers,2021-09-25,23.0,29.0,33.0,34.0,36.0,39.0,42.0,44.0,47.0,49.0,51.0,56.0,65.0,inferred
Three Rivers,2021-09-26,23.0,29.0,34.0,36.0,37.0,40.0,42.5,46.0,49.0,51.0,53.0,58.0,67.0,inferred
Three Rivers,2021-09-27,35.0,43.0,48.0,50.0,52.0,56.0,59.0,62.0,65.0,67.0,70.0,77.0,87.0,inferred
Three Rivers,2021-09-28,33.0,40.0,45.0,47.0,48.0,52.0,55.0,58.4,62.3,64.0,67.0,73.0,83.5,inferred
Three Rivers,2021-09-29,33.0,41.0,45.0,47.0,49.0,53.0,56.0,60.0,64.0,66.0,68.0,74.0,84.0,inferred
Three Rivers,2021-09-30,33.0,39.0,44.0,46.0,48.0,51.0,54.0,57.0,61.0,63.0,65.0,70.0,81.0,inferred
Three Rivers,2021-10-01,29.0,35.9,40.0,41.0,43.0,46.0,49.0,53.0,56.0,58.0,60.0,67.0,77.0,inferred
Three Rivers,2021-10-02,23.0,29.0,33.0,35.0,36.0,39.0,42.0,44.0,47.0,49.0,51.0,56.0,66.0,inferred
Three Rivers,2021-10-03,24.0,29.0,34.0,36.0,37.0,40.0,43.0,46.0,49.0,51.0,53.0,57.0,68.0,inferred
Three Rivers,2021-10-04,33.5,43.0,47.0,49.0,51.0,54.0,57.0,61.0,65.0,67.0,69.0,76.0,84.5,inferred
Three Rivers,2021-10-05,33.0,40.9,45.0,47.0,49.0,52.0,55.0,59.0,62.0,64.0,67.0,73.0,83.0,inferred
Three Rivers,2021-10-06,33.5,40.0,45.0,47.0,49.0,53.0,56.0,59.0,63.0,64.0,67.0,74.0,86.0,inferred
Three Rivers,2021-10-07,34.0,40.9,45.0,47.0,49.0,52.0,55.0,58.0,62.0,64.0,66.0,72.0,83.0,inferred
Three Rivers,2021-10-08,30.0,37.0,41.0,43.0,45.0,48.0,51.0,55.0,58.0,60.0,62.0,68.0,78.0,inferred
Three Rivers,2021-10-09,25.0,31.0,35.0,36.0,38.0,41.0,43.0,46.0,49.0,51.0,53.0,59.0,69.5,inferred
Three Rivers,2021-10-10,26.0,33.0,37.0,39.0,40.0,43.0,46.0,49.0,52.0,54.0,55.0,61.0,72.0,inferred
Three Rivers,2021-10-11,39.0,46.0,52.0,53.0,55.0,59.0,62.0,66.0,70.0,71.0,74.0,80.0,93.0,inferred
Three Rivers,2021-10-12,38.0,45.0,50.0,52.0,54.0,57.0,61.0,64.0,68.0,70.0,73.0,79.0,88.0,inferred
Three Rivers,2021-10-13,37.0,44.9,50.0,52.0,54.0,58.0,61.0,65.0,69.0,71.0,73.0,79.1,90.0,inferred
Three Rivers,2021-10-14,35.0,42.0,48.0,49.0,51.0,55.0,58.0,61.4,65.0,67.0,70.0,76.0,88.5,inferred
Three Rivers,2021-10-15,32.0,40.0,44.8,46.0,48.0,51.0,54.0,58.0,62.0,64.0,66.0,73.0,82.0,inferred
Thurrock,2021-07-03,14.0,19.0,22.0,24.0,25.0,27.0,29.0,32.0,34.0,36.0,37.0,42.0,48.0,inferred
Thurrock,2021-07-04,18.0,22.0,25.8,27.0,28.0,31.0,33.0,36.0,38.0,40.0,41.0,46.0,53.0,inferred
Thurrock,2021-07-05,28.5,34.0,38.0,40.0,41.0,44.0,47.0,49.0,52.0,54.0,56.0,62.0,72.0,inferred
Thurrock,2021-07-06,28.0,35.0,40.0,41.0,43.0,46.0,49.0,52.0,55.0,57.0,59.0,64.0,72.0,inferred
Thurrock,2021-07-07,34.0,40.0,45.0,47.0,48.0,51.0,54.0,57.0,60.0,62.0,64.0,70.0,81.0,inferred
Thurrock,2021-07-08,35.0,43.0,48.0,50.0,51.0,55.0,57.0,61.0,64.0,66.0,68.0,73.0,82.0,inferred
Thurrock,2021-07-09,37.0,43.0,48.0,49.0,51.0,55.0,58.0,61.0,65.0,67.0,69.0,75.0,85.0,inferred
Thurrock,2021-07-10,35.0,42.0,46.0,48.0,50.0,53.0,56.0,59.0,62.0,64.0,66.0,72.0,81.0,inferred
Thurrock,2021-07-11,42.0,48.0,54.0,56.0,57.0,61.0,64.0,68.0,71.0,73.0,75.0,81.0,93.0,inferred
Thurrock,2021-07-12,67.5,78.0,84.0,87.0,89.0,93.0,97.0,101.0,105.0,108.0,111.0,118.0,129.0,inferred
Thurrock,2021-07-13,69.5,80.0,86.0,88.0,91.0,95.0,100.0,104.0,108.3,111.0,114.0,121.0,133.5,inferred
Thurrock,2021-07-14,73.0,82.0,89.0,92.0,94.0,99.0,103.0,108.0,112.0,115.0,118.0,125.0,137.0,inferred
Thurrock,2021-07-15,72.0,82.0,88.0,91.0,92.7,96.6,101.0,104.0,109.0,111.0,114.0,123.0,133.5,inferred
Thurrock,2021-07-16,65.0,75.0,81.0,84.0,86.0,90.0,94.0,98.0,102.0,105.0,108.0,116.0,126.0,inferred
Thurrock,2021-07-17,54.0,63.0,68.0,71.0,73.0,77.0,80.0,84.0,88.0,90.0,92.2,100.0,110.0,inferred
Thurrock,2021-07-18,58.0,66.0,71.0,74.0,76.0,80.0,84.0,88.0,92.0,95.0,97.0,103.0,115.0,inferred
Thurrock,2021-07-19,82.0,93.0,99.0,102.0,105.0,109.0,113.0,118.0,124.0,127.0,130.0,138.0,150.0,inferred
Thurrock,2021-07-20,77.0,87.0,93.0,96.0,98.0,102.0,105.5,110.0,115.0,118.0,121.0,128.0,140.5,inferred
Thurrock,2021-07-21,72.5,82.0,89.0,91.0,94.0,98.0,102.0,106.0,111.0,113.0,116.0,123.0,136.0,inferred
Thurrock,2021-07-22,65.0,73.9,79.0,81.0,83.0,88.0,92.0,97.0,101.0,103.0,106.0,113.1,125.0,inferred
Thurrock,2021-07-23,52.5,61.0,67.0,69.0,72.0,76.0,79.0,83.0,87.0,89.0,92.0,99.0,110.5,inferred
Thurrock,2021-07-24,41.5,48.0,53.0,55.0,57.0,60.0,63.0,66.0,70.0,72.0,75.0,81.0,90.5,inferred
Thurrock,2021-07-25,40.5,48.0,52.0,54.0,56.0,59.0,62.0,65.0,68.0,70.0,73.0,79.0,90.0,inferred
Thurrock,2021-07-26,53.0,61.0,67.0,70.0,72.0,75.0,78.0,82.0,86.0,88.0,90.0,97.0,108.0,inferred
Thurrock,2021-07-27,46.0,55.0,61.0,63.0,65.7,69.0,72.0,76.0,80.0,82.0,84.0,91.0,102.0,inferred
Thurrock,2021-07-28,47.0,55.0,61.0,63.0,64.0,68.0,71.0,75.0,79.0,81.0,83.0,90.0,100.0,inferred
Thurrock,2021-07-29,45.0,53.0,58.0,60.0,62.0,65.0,68.0,72.0,75.0,77.0,79.0,85.0,96.0,inferred
Thurrock,2021-07-30,39.0,46.0,51.0,53.0,54.0,58.0,61.0,65.0,68.0,70.0,73.0,79.0,89.0,inferred
Thurrock,2021-07-31,32.0,38.0,42.0,44.0,45.0,49.0,51.0,54.0,57.0,59.0,62.0,67.0,76.5,inferred
Thurrock,2021-08-01,31.5,38.0,43.0,45.0,47.0,50.0,53.0,56.0,59.0,61.0,63.0,68.0,76.0,inferred
Thurrock,2021-08-02,47.0,53.0,58.0,60.0,63.0,66.0,70.0,73.0,77.0,79.0,81.0,87.0,100.0,inferred
Thurrock,2021-08-03,41.5,49.0,54.0,56.0,58.0,62.0,65.0,68.0,72.0,74.0,76.0,83.0,94.0,inferred
Thurrock,2021-08-04,42.0,50.0,56.0,58.0,59.0,62.0,66.0,70.0,74.0,75.0,78.0,85.0,94.0,inferred
Thurrock,2021-08-05,40.0,48.0,53.0,55.0,57.0,60.0,63.0,67.0,70.0,72.0,75.0,81.0,90.0,inferred
Thurrock,2021-08-06,36.0,43.0,48.0,50.0,51.0,54.0,57.5,61.0,64.0,66.0,68.0,74.0,83.0,inferred
Thurrock,2021-08-07,29.0,35.0,40.0,42.0,43.0,46.0,49.0,52.0,54.0,56.0,58.0,63.0,73.0,inferred
Thurrock,2021-08-08,30.0,36.0,41.0,43.0,44.0,47.0,50.0,53.0,56.3,58.0,60.0,66.1,77.0,inferred
Thurrock,2021-08-09,45.0,53.0,58.0,60.0,62.0,66.0,69.0,72.0,77.0,79.0,81.0,87.0,98.0,inferred
Thurrock,2021-08-10,43.0,49.0,54.0,56.0,59.0,62.0,65.0,68.0,72.0,74.0,76.0,82.0,92.0,inferred
Thurrock,2021-08-11,42.0,50.0,55.0,58.0,59.0,63.0,66.0,69.0,73.0,75.0,77.0,84.0,94.0,inferred
Thurrock,2021-08-12,40.0,47.0,53.0,55.0,57.0,60.0,64.0,67.0,71.0,73.0,75.0,82.0,91.5,inferred
Thurrock,2021-08-13,37.0,44.0,49.0,50.0,52.0,55.0,58.0,62.0,65.0,67.0,69.0,75.0,86.0,inferred
Thurrock,2021-08-14,30.0,36.0,41.0,42.0,44.0,47.0,50.0,53.0,56.0,58.0,60.0,66.0,75.0,inferred
Thurrock,2021-08-15,30.0,37.0,42.0,43.8,45.0,48.0,51.0,54.0,57.0,59.0,61.0,66.0,76.0,inferred
Thurrock,2021-08-16,45.0,53.0,59.0,61.0,63.0,66.0,69.0,72.0,76.0,78.0,80.0,87.0,98.0,inferred
Thurrock,2021-08-17,41.5,49.0,55.0,57.0,59.0,62.0,66.0,69.0,72.0,74.0,77.0,83.0,94.0,inferred
Thurrock,2021-08-18,43.0,50.0,56.0,58.0,60.0,63.0,66.0,70.0,74.0,76.0,78.0,84.0,95.0,inferred
Thurrock,2021-08-19,41.0,48.0,53.0,55.0,56.0,60.0,64.0,67.0,71.0,73.0,75.0,80.0,91.0,inferred
Thurrock,2021-08-20,37.0,43.0,48.0,50.0,52.0,55.0,58.0,61.0,65.0,67.0,69.0,75.0,86.0,inferred
Thurrock,2021-08-21,31.0,37.0,40.0,42.0,44.0,47.0,50.0,52.4,55.0,57.0,59.0,64.0,73.0,inferred
Thurrock,2021-08-22,31.0,37.0,41.0,43.0,45.0,48.0,50.0,54.0,57.0,58.0,60.0,66.0,74.0,inferred
Thurrock,2021-08-23,45.0,52.0,58.0,59.0,61.0,65.0,68.0,72.0,76.0,78.0,81.0,86.0,99.0,inferred
Thurrock,2021-08-24,43.0,50.9,56.0,58.0,59.0,63.0,66.0,70.0,73.0,75.0,78.0,84.1,96.0,inferred
Thurrock,2021-08-25,45.0,53.0,58.0,60.0,61.0,65.0,68.5,72.0,76.0,78.0,81.0,87.0,97.0,inferred
Thurrock,2021-08-26,44.0,52.0,57.0,59.0,61.0,64.0,67.0,70.0,74.0,76.0,79.0,85.0,95.0,inferred
Thurrock,2021-08-27,41.0,48.0,53.0,55.0,57.0,60.0,64.0,67.0,71.0,73.0,75.2,81.0,92.0,inferred
Thurrock,2021-08-28,35.0,41.0,46.0,48.0,49.0,53.0,56.0,59.0,62.0,64.0,66.0,71.0,80.0,inferred
Thurrock,2021-08-29,36.0,44.0,49.0,50.0,52.0,55.0,58.0,61.0,65.0,67.0,69.0,75.0,86.0,inferred
Thurrock,2021-08-30,55.0,64.0,69.0,72.0,74.0,77.0,81.0,85.0,89.0,92.0,95.0,101.0,111.5,inferred
Thurrock,2021-08-31,51.5,61.0,67.0,69.0,71.0,75.0,79.0,82.0,86.0,89.0,91.0,99.0,109.0,inferred
Thurrock,2021-09-01,55.5,63.9,69.0,71.0,73.0,78.0,81.0,85.0,89.0,91.0,94.0,100.0,115.0,inferred
Thurrock,2021-09-02,53.0,61.0,66.0,68.0,70.0,74.0,78.0,82.0,86.0,88.0,90.0,97.0,107.0,inferred
Thurrock,2021-09-03,47.0,55.0,60.8,63.0,65.0,68.0,72.0,75.0,80.0,82.0,85.0,91.1,101.5,inferred
Thurrock,2021-09-04,39.0,46.0,51.0,53.0,55.0,58.0,61.0,64.0,68.0,70.0,73.0,79.0,91.0,inferred
Thurrock,2021-09-05,42.0,49.0,54.0,56.0,58.0,60.0,63.0,67.0,71.0,73.0,75.0,81.0,92.0,inferred
Thurrock,2021-09-06,57.0,66.0,73.0,75.0,77.0,81.0,85.0,89.0,93.0,95.0,98.0,105.0,117.0,inferred
Thurrock,2021-09-07,53.0,61.0,67.0,69.0,71.7,75.0,79.0,82.0,87.0,89.0,92.0,99.0,110.0,inferred
Thurrock,2021-09-08,49.0,58.0,64.0,66.0,68.0,72.0,75.0,78.0,82.0,84.0,87.0,94.0,105.5,inferred
Thurrock,2021-09-09,45.0,53.0,58.0,60.0,62.0,65.0,69.0,72.0,75.0,78.0,80.0,87.0,96.0,inferred
Thurrock,2021-09-10,36.5,44.0,48.0,51.0,52.0,55.0,58.0,62.0,65.0,67.0,70.0,76.0,87.0,inferred
Thurrock,2021-09-11,28.0,33.0,38.0,40.0,41.0,44.0,47.0,50.0,53.0,55.0,57.0,62.0,71.5,inferred
Thurrock,2021-09-12,28.0,34.0,38.0,40.0,41.0,44.0,47.0,50.0,52.0,54.0,56.0,62.0,71.0,inferred
Thurrock,2021-09-13,38.0,45.0,50.0,52.0,54.0,57.0,60.0,63.0,67.0,69.0,71.0,78.0,87.0,inferred
Thurrock,2021-09-14,34.0,41.0,46.0,48.0,50.0,53.0,56.0,59.0,62.0,64.0,66.0,72.0,82.0,inferred
Thurrock,2021-09-15,33.5,41.0,46.0,48.0,49.0,52.0,55.0,59.0,62.0,64.0,66.0,72.0,81.5,inferred
Thurrock,2021-09-16,33.0,39.0,44.0,45.0,47.0,50.0,53.0,55.0,59.0,61.0,63.0,69.0,79.0,inferred
Thurrock,2021-09-17,29.0,35.0,40.0,41.0,43.0,46.0,49.0,52.0,55.0,57.0,58.0,63.0,72.0,inferred
Thurrock,2021-09-18,24.0,29.0,33.0,34.0,36.0,39.0,41.0,44.0,46.0,48.0,50.0,55.0,63.0,inferred
Thurrock,2021-09-19,25.0,30.0,34.0,36.0,37.0,40.0,43.0,45.0,48.0,50.0,51.0,57.0,66.0,inferred
Thurrock,2021-09-20,36.0,43.0,48.0,50.0,52.0,55.0,58.0,60.0,64.0,66.0,67.2,74.0,84.0,inferred
Thurrock,2021-09-21,34.5,41.0,45.0,47.0,48.0,52.0,55.0,58.0,61.0,63.0,65.0,71.0,78.5,inferred
Thurrock,2021-09-22,34.0,41.0,46.0,48.0,50.0,53.0,56.0,59.0,63.0,65.0,67.0,73.0,83.0,inferred
Thurrock,2021-09-23,34.5,40.9,45.0,47.0,49.0,51.0,55.0,58.0,61.0,63.0,65.0,70.0,80.0,inferred
Thurrock,2021-09-24,31.0,37.0,42.0,44.0,46.0,49.0,51.0,54.0,57.0,59.0,61.0,66.0,75.0,inferred
Thurrock,2021-09-25,25.0,31.0,35.0,37.0,38.0,41.0,43.0,46.0,49.0,51.0,53.0,57.0,65.5,inferred
Thurrock,2021-09-26,28.0,33.0,38.0,39.0,41.0,43.0,46.0,49.0,52.0,54.0,56.0,62.0,71.0,inferred
Thurrock,2021-09-27,40.0,48.0,53.0,55.0,56.0,60.0,63.0,66.0,70.0,72.0,74.0,80.0,91.0,inferred
Thurrock,2021-09-28,40.0,46.0,51.0,53.0,54.0,57.0,61.0,64.0,67.0,70.0,73.0,78.0,89.0,inferred
Thurrock,2021-09-29,41.5,49.0,54.0,56.0,58.0,61.0,64.0,68.0,71.0,73.0,76.0,82.1,94.5,inferred
Thurrock,2021-09-30,41.0,48.0,54.0,56.0,58.0,61.0,64.0,67.0,70.0,72.0,74.0,80.0,90.0,inferred
Thurrock,2021-10-01,39.0,47.0,52.0,53.0,55.0,59.0,62.0,65.0,69.0,71.0,73.0,79.0,89.0,inferred
Thurrock,2021-10-02,33.0,40.0,44.0,46.0,48.0,50.0,53.0,56.0,59.0,61.0,63.0,69.0,79.0,inferred
Thurrock,2021-10-03,36.0,42.0,47.0,49.0,50.0,54.0,57.0,60.0,63.0,65.0,68.0,73.0,83.0,inferred
Thurrock,2021-10-04,54.5,62.9,67.0,69.0,72.0,76.0,79.0,83.0,87.0,88.0,91.0,99.0,111.0,inferred
Thurrock,2021-10-05,55.5,62.0,67.0,70.0,72.0,75.0,78.0,82.0,87.0,89.0,92.0,99.0,112.0,inferred
Thurrock,2021-10-06,58.0,66.0,72.0,74.0,76.0,81.0,85.0,88.0,92.0,94.0,97.0,104.0,116.0,inferred
Thurrock,2021-10-07,58.0,66.0,73.0,75.0,77.0,81.0,85.0,89.0,93.0,95.0,97.0,104.0,116.0,inferred
Thurrock,2021-10-08,57.0,64.0,70.8,72.0,74.0,78.0,82.0,85.0,89.0,91.0,94.0,99.0,112.5,inferred
Thurrock,2021-10-09,49.0,57.0,62.0,64.0,65.0,69.0,73.0,76.0,80.0,82.0,85.0,90.0,103.0,inferred
Thurrock,2021-10-10,52.0,62.0,68.0,71.0,73.0,76.0,80.0,84.0,88.0,90.0,93.0,99.0,110.0,inferred
Thurrock,2021-10-11,82.0,91.0,98.0,101.0,103.0,108.0,112.0,116.4,122.0,125.0,128.0,136.1,149.5,inferred
Thurrock,2021-10-12,79.0,90.0,97.0,100.0,103.0,108.0,112.0,116.0,121.0,123.0,126.0,135.0,148.0,inferred
Thurrock,2021-10-13,84.0,94.0,101.0,104.0,106.0,110.0,115.0,119.0,124.0,127.0,130.0,139.0,152.0,inferred
Thurrock,2021-10-14,80.0,91.0,99.0,101.8,104.0,108.6,112.0,116.0,121.0,124.0,127.0,136.0,150.0,inferred
Thurrock,2021-10-15,72.5,84.0,91.0,94.0,96.0,101.0,105.0,110.0,115.0,117.0,120.0,129.0,145.0,inferred
Tonbridge and Malling,2021-07-03,12.0,16.0,20.0,21.0,22.0,25.0,27.0,30.0,33.0,35.0,36.0,42.0,51.0,inferred
Tonbridge and Malling,2021-07-04,14.0,18.9,22.0,24.0,25.0,28.0,31.0,33.0,36.0,38.0,40.0,46.0,55.0,inferred
Tonbridge and Malling,2021-07-05,22.0,29.0,34.0,35.0,37.0,41.0,44.0,47.0,50.0,53.0,55.0,62.0,72.0,inferred
Tonbridge and Malling,2021-07-06,25.0,32.0,37.0,38.0,40.0,43.0,46.0,49.0,52.0,54.0,57.0,62.1,75.5,inferred
Tonbridge and Malling,2021-07-07,30.0,37.9,42.0,44.0,46.0,49.0,53.0,56.0,60.0,62.0,64.0,71.0,82.0,inferred
Tonbridge and Malling,2021-07-08,32.0,39.0,44.0,46.0,48.0,52.0,56.0,59.0,63.0,65.0,68.0,75.0,86.0,inferred
Tonbridge and Malling,2021-07-09,34.0,42.0,48.0,50.0,52.0,55.0,59.0,62.0,67.0,69.2,72.0,78.1,91.0,inferred
Tonbridge and Malling,2021-07-10,32.0,40.0,45.0,47.0,49.0,53.0,56.0,59.0,63.0,66.0,68.0,74.0,86.0,inferred
Tonbridge and Malling,2021-07-11,39.0,47.0,53.0,55.0,58.0,61.0,65.0,69.0,73.0,76.0,80.0,87.0,101.5,inferred
Tonbridge and Malling,2021-07-12,64.0,76.0,84.0,87.0,89.0,94.0,98.0,103.0,109.0,112.0,115.0,123.1,139.0,inferred
Tonbridge and Malling,2021-07-13,68.0,80.0,86.0,89.0,92.0,97.0,101.0,106.0,112.0,115.0,118.0,128.0,143.0,inferred
Tonbridge and Malling,2021-07-14,69.5,81.0,90.0,93.0,96.0,101.0,105.0,110.0,115.0,119.0,123.0,132.0,146.0,inferred
Tonbridge and Malling,2021-07-15,66.0,76.0,84.0,87.0,89.7,94.0,99.0,104.0,109.0,112.0,116.0,125.0,139.0,inferred
Tonbridge and Malling,2021-07-16,61.0,71.0,78.0,81.0,83.0,88.0,93.0,98.0,102.0,105.0,108.0,117.0,132.0,inferred
Tonbridge and Malling,2021-07-17,49.0,59.0,66.0,68.0,70.0,75.0,78.0,82.0,88.0,90.0,93.0,101.0,116.0,inferred
Tonbridge and Malling,2021-07-18,50.5,60.0,67.0,69.8,72.0,76.0,80.0,85.0,90.0,92.0,95.0,103.0,116.5,inferred
Tonbridge and Malling,2021-07-19,70.5,83.0,91.0,94.0,97.0,102.0,107.0,112.0,117.0,120.0,124.0,132.0,150.0,inferred
Tonbridge and Malling,2021-07-20,66.0,76.0,84.0,87.0,90.0,94.0,98.0,103.0,109.0,111.0,114.0,124.0,143.0,inferred
Tonbridge and Malling,2021-07-21,60.0,70.0,77.0,80.0,83.0,87.0,92.0,97.0,101.0,104.0,107.0,117.0,130.0,inferred
Tonbridge and Malling,2021-07-22,50.0,58.0,65.0,67.0,69.0,74.0,78.0,82.4,88.0,91.0,94.0,102.0,115.0,inferred
Tonbridge and Malling,2021-07-23,39.0,48.0,54.0,56.0,59.0,62.0,66.0,70.0,74.0,76.2,79.0,87.0,102.5,inferred
Tonbridge and Malling,2021-07-24,28.0,35.0,39.0,41.0,43.0,47.0,50.0,54.0,57.0,59.0,62.0,70.0,81.0,inferred
Tonbridge and Malling,2021-07-25,24.0,32.0,37.0,38.0,40.0,43.0,47.0,50.0,54.0,56.0,59.0,65.1,77.0,inferred
Tonbridge and Malling,2021-07-26,33.5,41.0,46.0,48.0,50.0,54.0,57.0,60.0,64.0,67.0,69.0,77.0,88.0,inferred
Tonbridge and Malling,2021-07-27,29.0,35.0,41.0,43.0,44.0,48.0,51.0,55.0,59.0,61.0,64.0,71.0,83.0,inferred
Tonbridge and Malling,2021-07-28,27.0,34.9,39.8,41.0,43.0,46.0,49.0,53.0,57.0,59.0,61.0,68.0,78.0,inferred
Tonbridge and Malling,2021-07-29,23.0,30.0,35.0,37.0,39.0,42.0,45.0,49.0,53.0,55.0,57.0,64.0,74.0,inferred
Tonbridge and Malling,2021-07-30,20.0,27.0,32.0,34.0,35.0,38.0,41.0,44.0,48.0,49.2,52.0,58.0,70.0,inferred
Tonbridge and Malling,2021-07-31,16.0,21.0,25.0,27.0,28.0,31.0,34.0,36.4,40.0,41.0,44.0,50.0,59.5,inferred
Tonbridge and Malling,2021-08-01,16.0,21.0,25.0,27.0,28.0,31.0,34.0,36.0,39.0,40.2,43.0,49.0,59.0,inferred
Tonbridge and Malling,2021-08-02,23.0,29.0,34.0,36.0,38.0,41.0,44.0,47.0,51.0,53.0,55.0,62.0,75.0,inferred
Tonbridge and Malling,2021-08-03,22.5,28.0,32.0,34.0,35.7,39.0,42.0,45.0,48.0,50.0,52.0,58.0,68.0,inferred
Tonbridge and Malling,2021-08-04,22.0,27.9,32.0,34.0,36.0,39.0,42.0,45.0,48.0,50.0,53.0,59.0,69.5,inferred
Tonbridge and Malling,2021-08-05,21.0,27.0,31.0,32.0,34.0,37.0,40.0,44.0,47.0,49.0,51.0,57.0,67.0,inferred
Tonbridge and Malling,2021-08-06,19.0,25.0,28.0,30.0,31.0,34.0,37.0,40.0,43.0,45.0,48.0,54.0,64.0,inferred
Tonbridge and Malling,2021-08-07,15.0,20.0,24.0,26.0,27.0,30.0,33.0,35.0,38.0,40.0,42.0,47.0,57.0,inferred
Tonbridge and Malling,2021-08-08,15.0,21.0,25.0,26.0,28.0,31.0,33.0,36.0,40.0,41.0,44.0,50.0,58.5,inferred
Tonbridge and Malling,2021-08-09,24.0,30.0,35.0,37.0,38.0,41.0,45.0,48.0,52.0,55.0,57.0,63.0,75.0,inferred
Tonbridge and Malling,2021-08-10,23.5,31.0,36.0,38.0,39.0,43.0,46.0,49.0,52.0,54.0,56.0,62.0,73.0,inferred
Tonbridge and Malling,2021-08-11,25.0,31.0,35.0,37.0,39.0,43.0,46.0,49.0,53.0,55.0,57.0,64.0,75.0,inferred
Tonbridge and Malling,2021-08-12,24.0,31.0,36.0,37.0,39.0,43.0,46.0,49.0,53.0,55.0,58.0,64.0,74.5,inferred
Tonbridge and Malling,2021-08-13,24.0,30.0,34.0,36.0,38.0,41.0,44.0,47.0,50.0,52.0,55.0,61.0,72.0,inferred
Tonbridge and Malling,2021-08-14,19.0,25.0,30.0,31.0,33.0,36.0,39.0,42.0,45.0,47.0,49.0,56.0,66.0,inferred
Tonbridge and Malling,2021-08-15,21.0,27.0,31.0,33.0,34.0,37.0,40.5,44.0,47.0,49.0,52.0,58.0,68.0,inferred
Tonbridge and Malling,2021-08-16,34.0,41.0,46.0,48.0,50.0,53.6,57.0,61.0,65.0,67.0,70.0,77.0,88.5,inferred
Tonbridge and Malling,2021-08-17,30.0,38.0,44.0,46.0,48.0,51.0,55.0,59.0,63.0,65.0,68.0,75.0,88.0,inferred
Tonbridge and Malling,2021-08-18,32.0,38.0,44.0,46.0,48.0,51.6,55.0,59.0,63.0,66.0,68.0,75.0,87.0,inferred
Tonbridge and Malling,2021-08-19,28.0,36.0,41.0,43.0,45.0,48.0,51.0,54.4,58.0,60.0,63.0,70.0,80.5,inferred
Tonbridge and Malling,2021-08-20,25.5,32.0,37.0,39.0,41.0,44.0,46.0,49.0,53.0,55.0,57.0,64.0,77.0,inferred
Tonbridge and Malling,2021-08-21,20.0,26.0,30.0,32.0,34.0,37.0,39.0,42.0,46.0,48.0,50.0,56.0,67.0,inferred
Tonbridge and Malling,2021-08-22,20.0,26.0,30.0,32.0,34.0,37.0,39.0,42.0,46.0,48.0,50.0,56.0,66.0,inferred
Tonbridge and Malling,2021-08-23,29.5,37.0,42.0,44.0,46.0,50.0,53.0,57.0,61.0,64.0,66.0,73.0,83.0,inferred
Tonbridge and Malling,2021-08-24,27.0,35.0,40.0,42.0,44.0,48.0,51.0,55.0,59.0,61.0,64.0,70.0,80.0,inferred
Tonbridge and Malling,2021-08-25,30.0,36.9,42.0,44.0,46.0,49.0,52.0,57.0,60.0,63.0,65.0,72.0,84.0,inferred
Tonbridge and Malling,2021-08-26,30.0,36.0,41.0,43.0,45.0,48.0,52.0,55.0,59.0,61.2,63.0,70.0,82.0,inferred
Tonbridge and Malling,2021-08-27,26.0,33.0,38.0,40.0,42.0,45.0,48.0,51.0,55.0,58.0,60.0,67.0,81.0,inferred
Tonbridge and Malling,2021-08-28,23.0,28.0,33.0,35.0,37.0,40.0,42.0,46.0,49.0,51.0,54.0,61.0,70.0,inferred
Tonbridge and Malling,2021-08-29,24.0,31.0,35.0,37.0,39.0,42.0,45.0,48.0,52.0,54.0,56.0,62.0,74.0,inferred
Tonbridge and Malling,2021-08-30,37.5,45.0,50.0,52.0,54.0,57.0,61.0,64.0,69.0,72.0,74.0,81.0,95.0,inferred
Tonbridge and Malling,2021-08-31,35.0,44.0,50.0,52.0,54.0,57.0,60.0,64.0,67.0,70.0,72.0,79.1,93.0,inferred
Tonbridge and Malling,2021-09-01,34.0,44.0,49.0,51.0,53.0,57.0,61.0,65.0,69.0,71.0,74.0,81.0,93.5,inferred
Tonbridge and Malling,2021-09-02,31.5,39.9,45.0,47.0,49.0,52.0,56.0,60.0,64.0,66.0,68.0,75.0,84.0,inferred
Tonbridge and Malling,2021-09-03,29.0,36.0,41.0,43.0,45.0,48.0,52.0,55.0,59.0,61.0,63.0,70.0,83.5,inferred
Tonbridge and Malling,2021-09-04,24.0,29.0,33.0,35.0,37.0,40.0,43.0,46.0,50.0,52.0,54.0,61.1,71.0,inferred
Tonbridge and Malling,2021-09-05,23.0,30.9,34.0,36.0,37.0,40.0,44.0,47.0,50.0,52.0,55.0,61.0,70.5,inferred
Tonbridge and Malling,2021-09-06,32.0,40.0,46.0,48.0,51.0,54.0,59.0,62.0,66.0,69.0,71.0,79.0,90.0,inferred
Tonbridge and Malling,2021-09-07,32.0,39.0,44.0,46.0,49.0,52.0,55.0,59.0,63.0,66.0,68.0,76.0,88.0,inferred
Tonbridge and Malling,2021-09-08,30.0,38.0,45.0,47.0,48.0,52.0,55.0,58.4,63.0,65.0,68.0,74.0,85.0,inferred
Tonbridge and Malling,2021-09-09,29.0,35.0,40.0,43.0,44.0,48.0,52.0,55.0,59.0,62.0,65.0,72.0,83.0,inferred
Tonbridge and Malling,2021-09-10,27.0,33.0,37.0,39.0,41.0,44.0,47.0,50.0,54.0,56.0,59.0,66.0,78.0,inferred
Tonbridge and Malling,2021-09-11,21.0,27.0,31.0,33.0,34.0,37.0,40.0,43.0,47.0,49.0,50.2,57.0,68.5,inferred
Tonbridge and Malling,2021-09-12,21.0,27.0,31.0,33.0,35.0,38.0,41.0,44.0,47.3,50.0,52.0,58.0,69.0,inferred
Tonbridge and Malling,2021-09-13,31.0,38.0,43.0,45.0,47.0,51.0,54.0,58.0,62.0,64.0,67.0,74.0,87.5,inferred
Tonbridge and Malling,2021-09-14,30.5,37.0,43.0,45.0,47.0,51.0,54.0,58.0,62.0,64.0,67.0,75.0,85.5,inferred
Tonbridge and Malling,2021-09-15,33.0,41.0,47.0,49.0,51.0,54.6,58.0,62.0,66.0,68.0,70.0,78.0,90.0,inferred
Tonbridge and Malling,2021-09-16,34.0,41.0,47.0,49.0,51.0,55.0,58.0,62.0,66.0,68.2,71.0,79.0,91.5,inferred
Tonbridge and Malling,2021-09-17,32.0,40.0,45.0,48.0,49.0,53.0,57.0,60.0,64.0,66.0,69.0,76.0,87.0,inferred
Tonbridge and Malling,2021-09-18,28.0,36.0,41.0,43.0,45.0,48.0,51.0,55.0,59.0,61.0,64.0,70.0,79.0,inferred
Tonbridge and Malling,2021-09-19,31.0,39.0,44.0,46.0,48.0,52.0,55.0,59.0,64.0,66.0,69.0,76.0,88.0,inferred
Tonbridge and Malling,2021-09-20,49.5,58.0,65.0,67.0,69.0,74.0,78.0,82.0,88.0,91.0,94.0,103.0,116.0,inferred
Tonbridge and Malling,2021-09-21,48.0,56.9,63.0,66.0,68.0,73.0,77.0,81.0,85.0,88.0,91.0,100.0,113.0,inferred
Tonbridge and Malling,2021-09-22,49.0,59.0,66.0,68.0,71.0,75.0,79.0,83.0,88.0,91.0,94.0,103.0,116.0,inferred
Tonbridge and Malling,2021-09-23,47.0,56.0,62.0,65.0,67.7,71.0,75.0,80.0,84.0,87.0,90.0,98.0,112.0,inferred
Tonbridge and Malling,2021-09-24,41.0,51.0,56.0,59.0,60.7,64.0,69.0,73.0,78.0,80.0,83.0,91.0,104.0,inferred
Tonbridge and Malling,2021-09-25,34.0,41.0,47.0,49.0,52.0,55.0,59.0,62.4,67.0,69.0,71.0,78.0,91.0,inferred
Tonbridge and Malling,2021-09-26,35.5,43.0,50.0,52.0,54.0,58.0,61.0,65.0,70.0,72.0,74.0,82.0,93.0,inferred
Tonbridge and Malling,2021-09-27,51.0,61.0,67.0,70.0,73.0,77.0,81.0,85.0,90.0,93.0,96.0,104.0,118.0,inferred
Tonbridge and Malling,2021-09-28,48.5,58.0,65.8,68.0,70.0,74.0,78.0,82.4,87.0,90.0,93.0,101.0,114.0,inferred
Tonbridge and Malling,2021-09-29,49.0,58.0,64.0,66.0,69.0,74.0,78.0,82.0,87.0,89.2,93.0,100.0,114.0,inferred
Tonbridge and Malling,2021-09-30,46.0,54.0,61.0,63.0,66.0,70.0,74.0,78.0,82.0,84.2,87.0,95.0,108.0,inferred
Tonbridge and Malling,2021-10-01,42.0,49.0,55.0,58.0,59.0,63.0,67.0,71.0,76.0,79.0,82.0,89.0,101.0,inferred
Tonbridge and Malling,2021-10-02,32.0,40.9,46.0,48.0,50.0,54.0,57.0,61.0,65.0,67.0,70.0,77.0,89.0,inferred
Tonbridge and Malling,2021-10-03,33.5,42.0,47.0,49.0,51.0,55.0,58.0,62.0,66.0,68.0,71.0,78.0,90.5,inferred
Tonbridge and Malling,2021-10-04,49.0,58.0,66.0,67.0,70.0,74.0,78.0,82.0,87.0,90.0,93.0,102.0,115.5,inferred
Tonbridge and Malling,2021-10-05,48.0,56.0,63.0,65.0,68.0,71.0,76.0,80.0,85.0,88.0,90.2,99.0,116.0,inferred
Tonbridge and Malling,2021-10-06,47.0,57.0,64.0,67.0,70.0,74.0,78.0,82.0,87.0,89.0,93.0,100.0,115.0,inferred
Tonbridge and Malling,2021-10-07,47.0,56.0,63.0,65.0,67.0,71.0,75.0,79.0,84.0,87.0,90.0,98.0,110.0,inferred
Tonbridge and Malling,2021-10-08,44.0,52.0,58.0,61.0,63.0,68.0,72.0,76.0,80.0,83.0,86.0,93.0,106.0,inferred
Tonbridge and Malling,2021-10-09,37.0,44.0,50.0,52.0,55.0,59.0,62.0,66.0,70.0,72.0,75.0,82.0,94.0,inferred
Tonbridge and Malling,2021-10-10,39.0,48.0,53.0,56.0,57.0,61.6,66.0,70.0,74.0,77.0,80.0,87.0,98.0,inferred
Tonbridge and Malling,2021-10-11,55.0,67.0,74.0,77.0,80.0,84.0,89.0,94.0,98.0,101.0,104.0,114.0,130.0,inferred
Tonbridge and Malling,2021-10-12,57.5,67.0,73.0,76.0,79.0,83.0,88.0,92.0,98.0,100.0,103.0,112.0,126.0,inferred
Tonbridge and Malling,2021-10-13,56.0,67.0,74.0,78.0,80.0,84.0,88.0,93.0,98.0,101.0,105.0,114.0,130.0,inferred
Tonbridge and Malling,2021-10-14,53.5,63.0,70.0,72.0,75.0,80.0,84.0,89.0,94.0,97.0,100.0,110.0,124.0,inferred
Tonbridge and Malling,2021-10-15,48.0,58.0,64.0,67.0,70.0,75.0,79.0,84.0,89.0,92.0,95.0,103.0,119.0,inferred
Torbay,2021-07-03,23.0,30.0,35.0,36.0,38.0,41.0,45.0,48.0,51.3,54.0,56.0,63.0,75.0,inferred
Torbay,2021-07-04,27.5,35.0,40.0,42.0,44.0,47.0,51.0,54.0,58.0,60.0,62.2,70.0,81.0,inferred
Torbay,2021-07-05,47.0,56.0,63.0,65.0,67.0,72.0,75.0,80.0,85.0,88.0,91.0,100.1,113.0,inferred
Torbay,2021-07-06,55.0,63.0,69.0,72.0,74.0,78.6,83.0,87.0,92.0,95.0,98.0,107.0,119.0,inferred
Torbay,2021-07-07,56.5,66.0,73.0,76.0,79.0,84.0,87.0,92.0,96.3,99.0,102.0,110.0,124.0,inferred
Torbay,2021-07-08,64.0,73.0,80.0,83.0,85.0,90.0,95.0,98.0,104.0,107.0,110.0,119.0,133.0,inferred
Torbay,2021-07-09,62.5,72.0,80.0,82.0,85.0,89.0,93.0,98.0,103.0,106.0,109.0,117.0,132.0,inferred
Torbay,2021-07-10,56.0,64.0,71.0,74.0,76.0,81.0,86.0,90.0,95.0,98.0,101.0,109.0,122.0,inferred
Torbay,2021-07-11,63.0,73.0,80.0,82.0,85.0,91.0,95.0,100.0,105.0,108.0,111.0,119.0,133.0,inferred
Torbay,2021-07-12,100.0,114.0,123.0,126.0,130.0,136.0,142.0,147.4,154.0,158.0,161.0,174.0,189.0,inferred
Torbay,2021-07-13,107.0,121.0,130.0,133.8,137.0,142.0,148.0,154.0,160.0,163.0,167.0,177.0,196.5,inferred
Torbay,2021-07-14,102.0,115.0,124.0,127.0,131.0,137.0,144.0,149.0,155.0,158.0,162.0,173.0,189.5,inferred
Torbay,2021-07-15,96.5,109.0,117.8,121.0,124.0,130.0,135.0,141.0,146.0,150.0,153.0,163.0,180.0,inferred
Torbay,2021-07-16,82.0,95.0,103.0,107.0,109.0,114.0,119.0,124.0,129.0,132.0,136.0,146.0,164.0,inferred
Torbay,2021-07-17,64.0,75.0,82.0,84.8,87.0,92.0,96.0,101.0,105.0,108.0,111.0,120.1,134.0,inferred
Torbay,2021-07-18,63.0,74.0,81.0,84.0,86.0,91.0,95.0,100.0,106.0,109.0,112.0,121.0,134.0,inferred
Torbay,2021-07-19,87.0,99.0,108.0,111.0,114.0,120.0,125.0,131.0,137.0,140.0,144.0,154.0,172.0,inferred
Torbay,2021-07-20,83.5,95.0,103.0,106.0,109.0,114.0,120.0,125.0,132.0,134.2,138.0,148.0,164.0,inferred
Torbay,2021-07-21,75.0,87.0,95.0,98.0,101.0,106.0,111.0,116.0,122.0,125.0,129.0,137.0,154.0,inferred
Torbay,2021-07-22,67.0,79.0,86.0,89.0,92.0,97.0,101.0,106.0,112.0,115.0,118.2,128.0,142.0,inferred
Torbay,2021-07-23,56.0,66.0,73.0,75.0,78.0,82.0,87.0,91.0,95.0,98.0,100.0,109.0,124.0,inferred
Torbay,2021-07-24,42.0,50.0,55.0,58.0,60.0,64.0,67.0,71.0,76.0,78.0,81.0,90.0,101.5,inferred
Torbay,2021-07-25,41.0,48.0,54.0,56.0,58.0,62.0,66.0,69.0,73.0,76.0,78.2,86.0,98.0,inferred
Torbay,2021-07-26,53.0,64.0,71.0,74.0,76.0,80.0,85.0,90.0,95.0,97.0,101.0,109.0,124.0,inferred
Torbay,2021-07-27,52.5,63.0,70.0,73.0,75.0,80.0,85.0,90.0,94.0,97.0,100.0,108.0,123.5,inferred
Torbay,2021-07-28,56.0,66.0,73.0,75.0,76.0,82.0,86.0,90.0,95.0,97.0,101.0,110.0,122.0,inferred
Torbay,2021-07-29,57.0,67.0,73.0,76.0,78.0,83.0,87.0,91.0,96.0,99.0,102.0,110.0,126.0,inferred
Torbay,2021-07-30,53.0,63.0,70.0,73.0,75.0,79.6,83.0,87.4,92.0,94.0,97.0,104.0,118.5,inferred
Torbay,2021-07-31,44.0,52.0,58.0,60.0,62.0,66.0,70.0,75.0,79.0,81.0,84.0,91.0,104.0,inferred
Torbay,2021-08-01,47.0,57.0,62.0,64.0,66.0,71.0,74.0,79.0,83.0,86.0,89.0,97.0,109.0,inferred
Torbay,2021-08-02,72.0,82.9,90.0,92.0,95.0,100.0,106.0,111.0,116.0,120.0,123.0,132.0,147.0,inferred
Torbay,2021-08-03,71.0,84.0,92.0,95.0,98.0,103.0,109.0,113.0,119.0,122.0,125.0,133.0,149.5,inferred
Torbay,2021-08-04,69.0,80.0,88.0,91.0,94.0,99.0,105.0,109.0,115.0,118.0,122.0,131.0,145.0,inferred
Torbay,2021-08-05,69.0,78.0,85.0,88.0,91.0,95.0,100.0,105.0,110.3,113.0,116.0,126.0,139.5,inferred
Torbay,2021-08-06,59.0,68.0,75.0,78.0,81.0,85.0,89.0,94.0,99.0,102.0,105.0,112.1,127.0,inferred
Torbay,2021-08-07,46.0,54.0,60.0,63.0,65.0,70.0,74.0,78.0,82.0,84.0,87.0,95.0,107.0,inferred
Torbay,2021-08-08,47.0,56.0,62.0,64.0,67.0,71.0,75.0,79.0,83.0,86.0,89.0,96.0,109.5,inferred
Torbay,2021-08-09,69.5,79.0,86.0,89.0,92.0,97.0,102.0,107.0,112.0,116.0,120.0,128.0,145.5,inferred
Torbay,2021-08-10,71.0,83.0,89.0,92.0,95.0,100.0,105.0,110.0,116.0,119.0,123.0,132.0,145.5,inferred
Torbay,2021-08-11,75.0,86.0,94.0,97.0,99.0,105.0,110.0,115.0,120.0,123.0,126.0,137.0,152.0,inferred
Torbay,2021-08-12,77.0,89.0,97.0,101.0,104.0,109.0,113.0,118.0,124.0,127.0,130.2,139.0,156.0,inferred
Torbay,2021-08-13,76.0,86.0,94.0,98.0,100.0,105.0,110.0,115.0,121.0,124.0,127.0,135.0,153.0,inferred
Torbay,2021-08-14,64.5,75.0,82.0,85.0,88.0,93.0,98.0,102.0,108.0,110.0,113.0,122.0,135.5,inferred
Torbay,2021-08-15,69.0,83.0,90.0,93.0,95.0,100.0,105.0,110.0,115.0,118.2,122.0,130.0,148.5,inferred
Torbay,2021-08-16,106.0,123.0,131.0,135.8,139.0,145.0,150.0,156.0,162.0,165.0,168.0,179.0,195.0,inferred
Torbay,2021-08-17,109.0,123.0,133.0,137.0,140.0,147.0,152.0,158.0,164.0,168.0,171.0,183.0,201.5,inferred
Torbay,2021-08-18,99.5,113.0,122.0,126.0,129.0,134.0,140.0,146.0,152.0,155.0,160.0,172.0,190.5,inferred
Torbay,2021-08-19,91.0,103.0,110.0,114.0,117.0,123.0,128.0,133.0,139.0,142.0,146.0,155.0,170.0,inferred
Torbay,2021-08-20,75.0,86.0,94.0,97.0,99.0,103.0,108.0,113.0,119.0,121.0,125.0,135.0,150.5,inferred
Torbay,2021-08-21,55.0,63.0,70.0,73.0,76.0,80.0,84.0,89.0,93.0,96.0,98.0,107.0,119.5,inferred
Torbay,2021-08-22,50.0,60.0,67.0,69.0,71.0,76.0,80.0,85.0,90.0,93.0,96.0,103.1,118.0,inferred
Torbay,2021-08-23,70.0,81.0,89.0,91.0,94.0,99.0,103.0,108.0,113.0,116.2,121.0,130.0,148.0,inferred
Torbay,2021-08-24,67.0,78.0,85.0,88.0,90.0,95.0,100.0,104.0,109.0,112.0,115.0,125.0,140.0,inferred
Torbay,2021-08-25,62.0,73.0,80.0,82.0,85.0,90.0,95.0,99.0,104.0,107.0,110.0,120.0,132.5,inferred
Torbay,2021-08-26,57.5,67.0,74.0,77.0,80.0,84.0,88.0,93.0,98.0,101.0,104.0,113.0,128.0,inferred
Torbay,2021-08-27,50.0,58.9,64.0,67.8,70.0,74.0,78.0,82.0,87.0,90.0,92.0,100.0,112.0,inferred
Torbay,2021-08-28,37.0,44.0,50.0,52.0,54.0,58.0,61.0,65.0,69.0,72.0,74.0,80.0,92.5,inferred
Torbay,2021-08-29,37.0,44.0,50.0,52.0,54.0,58.0,62.0,65.0,69.0,72.0,74.0,81.0,93.5,inferred
Torbay,2021-08-30,51.0,61.0,67.0,70.0,72.0,76.0,81.0,85.0,90.0,92.0,95.0,103.0,118.0,inferred
Torbay,2021-08-31,50.0,61.0,67.0,69.0,72.0,77.0,81.0,86.0,91.0,94.0,97.0,105.0,119.0,inferred
Torbay,2021-09-01,48.0,60.0,67.0,69.0,72.0,75.0,80.0,84.0,89.0,91.0,94.0,101.0,115.0,inferred
Torbay,2021-09-02,49.0,59.0,65.0,67.0,69.0,74.0,79.0,83.0,87.0,90.0,93.0,100.1,113.0,inferred
Torbay,2021-09-03,43.0,52.0,58.0,60.0,62.0,67.0,71.0,75.0,80.0,82.0,85.0,93.0,104.0,inferred
Torbay,2021-09-04,35.0,42.0,48.0,50.0,52.0,56.0,59.0,63.0,67.0,69.0,72.0,79.0,90.0,inferred
Torbay,2021-09-05,35.0,43.0,48.8,51.0,53.0,57.0,61.0,64.0,68.0,71.0,73.2,80.0,90.0,inferred
Torbay,2021-09-06,51.0,61.0,67.0,70.0,73.0,77.0,82.0,87.0,91.0,94.0,97.0,104.1,118.0,inferred
Torbay,2021-09-07,50.0,59.0,67.0,69.0,72.0,77.0,80.0,85.0,89.0,91.0,95.0,103.0,115.0,inferred
Torbay,2021-09-08,45.0,54.0,61.0,63.0,65.0,70.0,74.0,78.0,83.0,85.0,89.0,97.0,113.0,inferred
Torbay,2021-09-09,42.0,51.0,57.0,59.0,61.0,65.0,69.0,73.0,77.0,80.0,83.0,91.0,105.0,inferred
Torbay,2021-09-10,36.0,43.0,49.0,51.0,53.0,56.0,60.0,63.0,68.0,70.0,73.0,80.0,93.0,inferred
Torbay,2021-09-11,26.5,32.0,37.0,39.0,41.0,44.0,47.0,50.0,54.0,56.0,58.0,65.0,77.0,inferred
Torbay,2021-09-12,25.0,32.0,37.0,39.0,40.0,44.0,47.0,50.0,53.0,55.0,57.0,65.0,76.0,inferred
Torbay,2021-09-13,35.0,43.0,48.0,51.0,53.0,57.0,61.0,64.0,69.0,71.0,73.0,81.0,93.0,inferred
Torbay,2021-09-14,34.0,42.0,48.0,50.0,52.0,56.0,60.0,64.0,68.0,70.0,73.0,80.0,94.5,inferred
Torbay,2021-09-15,33.0,42.0,47.0,49.0,51.0,54.0,58.0,62.0,66.0,68.0,71.0,78.0,91.0,inferred
Torbay,2021-09-16,34.0,41.0,46.0,48.0,50.0,53.0,57.0,60.0,64.0,67.0,70.0,77.0,89.0,inferred
Torbay,2021-09-17,31.0,37.0,42.0,44.0,46.0,50.0,52.5,56.0,60.0,62.2,65.0,72.0,83.5,inferred
Torbay,2021-09-18,23.0,29.0,34.0,36.0,38.0,41.0,45.0,48.0,51.0,53.0,55.0,61.0,71.0,inferred
Torbay,2021-09-19,23.0,30.0,34.8,37.0,39.0,42.0,45.0,48.0,51.0,54.0,56.0,62.0,72.0,inferred
Torbay,2021-09-20,36.0,44.0,50.0,52.0,54.0,58.0,62.0,65.0,69.0,72.0,75.0,83.0,96.0,inferred
Torbay,2021-09-21,35.0,43.0,49.8,52.0,54.0,58.0,62.0,66.0,70.0,72.0,75.0,82.1,94.0,inferred
Torbay,2021-09-22,33.0,41.0,47.0,49.0,51.0,55.0,58.0,62.0,66.0,69.0,72.0,79.0,93.0,inferred
Torbay,2021-09-23,32.0,40.0,45.0,47.0,49.0,52.0,56.0,60.0,64.0,67.0,69.0,76.0,88.0,inferred
Torbay,2021-09-24,27.5,35.0,40.0,42.0,44.0,47.0,50.0,54.0,57.0,59.0,62.0,68.0,82.0,inferred
Torbay,2021-09-25,20.0,27.0,31.0,32.0,34.0,37.0,40.0,43.0,47.0,48.0,50.0,57.0,67.0,inferred
Torbay,2021-09-26,20.0,27.0,31.0,33.0,34.0,38.0,41.0,43.0,47.0,48.0,51.0,55.0,66.0,inferred
Torbay,2021-09-27,31.0,37.0,42.0,44.0,46.0,50.0,53.0,57.0,61.0,63.0,66.0,73.0,85.5,inferred
Torbay,2021-09-28,32.0,39.0,45.0,46.0,48.0,52.0,55.0,59.0,63.0,65.0,68.0,75.0,88.0,inferred
Torbay,2021-09-29,31.0,40.0,46.0,48.0,49.7,53.0,56.0,59.0,63.0,65.0,68.0,75.0,86.0,inferred
Torbay,2021-09-30,33.0,40.0,45.0,47.0,50.0,53.0,57.0,60.0,64.0,66.0,69.0,77.0,88.0,inferred
Torbay,2021-10-01,31.5,39.0,44.0,46.0,47.7,51.0,55.0,58.0,62.0,64.0,67.0,74.0,84.5,inferred
Torbay,2021-10-02,26.0,32.0,37.0,39.0,41.0,44.0,48.0,51.0,55.0,57.0,59.0,65.0,75.0,inferred
Torbay,2021-10-03,29.0,36.0,41.0,43.0,45.0,48.0,51.0,55.0,58.0,60.0,62.0,69.0,80.5,inferred
Torbay,2021-10-04,46.0,54.0,60.0,62.0,64.0,69.0,72.0,77.0,82.0,84.0,88.0,96.0,111.0,inferred
Torbay,2021-10-05,46.0,56.0,64.0,67.0,69.0,73.0,77.0,81.0,85.0,88.0,90.0,99.0,112.0,inferred
Torbay,2021-10-06,48.0,58.0,64.0,67.0,69.0,73.0,76.5,81.0,86.0,89.0,92.0,100.0,113.0,inferred
Torbay,2021-10-07,47.0,57.0,64.0,66.0,69.0,73.0,77.0,82.0,87.0,89.0,91.0,100.0,115.0,inferred
Torbay,2021-10-08,44.0,53.0,59.0,61.8,64.0,68.0,72.0,76.0,81.0,83.0,86.0,94.0,105.0,inferred
Torbay,2021-10-09,36.0,44.0,50.0,52.0,54.0,57.0,61.0,64.0,69.0,71.0,73.0,80.0,91.0,inferred
Torbay,2021-10-10,40.0,48.0,54.0,56.0,58.0,61.0,65.0,69.0,73.0,75.0,78.0,87.0,99.0,inferred
Torbay,2021-10-11,60.0,69.0,75.0,79.0,81.0,86.0,90.0,95.0,100.0,103.0,107.0,115.0,128.0,inferred
Torbay,2021-10-12,60.0,70.0,78.0,81.0,84.0,88.0,93.0,98.0,103.0,106.2,110.0,118.1,132.0,inferred
Torbay,2021-10-13,57.0,68.0,75.0,78.0,80.7,85.0,90.0,95.0,100.0,103.0,106.0,115.0,131.0,inferred
Torbay,2021-10-14,55.0,65.0,71.0,74.0,77.0,82.0,86.0,91.0,96.0,98.0,102.0,110.0,125.0,inferred
Torbay,2021-10-15,47.0,55.9,63.0,66.0,69.0,73.0,77.0,82.0,88.0,91.0,94.0,104.0,119.0,inferred
Torfaen,2021-07-03,6.0,9.0,11.0,12.0,12.0,14.0,15.0,16.0,18.0,19.0,20.0,23.0,29.0,inferred
Torfaen,2021-07-04,6.0,9.0,11.0,12.0,13.0,14.0,16.0,18.0,20.0,20.0,21.0,24.0,29.0,inferred
Torfaen,2021-07-05,11.0,16.0,18.0,19.0,20.0,22.0,24.0,26.0,28.0,29.0,31.0,35.0,42.0,inferred
Torfaen,2021-07-06,13.0,17.0,20.0,21.0,22.0,24.0,26.0,28.0,30.0,31.0,33.0,37.0,43.0,inferred
Torfaen,2021-07-07,13.0,18.0,21.0,22.0,23.0,25.0,27.0,29.0,31.0,32.0,33.0,37.0,44.0,inferred
Torfaen,2021-07-08,14.0,18.0,20.8,22.0,23.0,25.0,27.0,29.0,31.0,32.0,34.0,38.0,44.0,inferred
Torfaen,2021-07-09,12.0,16.0,18.0,19.0,20.0,23.0,24.5,27.0,29.0,30.0,32.0,36.0,42.5,inferred
Torfaen,2021-07-10,10.0,14.0,16.0,17.0,18.0,20.0,22.0,24.0,26.0,27.0,28.0,32.0,38.0,inferred
Torfaen,2021-07-11,10.0,14.0,17.0,18.0,19.0,21.0,22.0,24.0,26.0,27.0,29.0,32.0,38.0,inferred
Torfaen,2021-07-12,17.0,21.0,25.0,26.0,27.0,29.0,31.0,34.0,36.0,38.0,39.0,44.0,51.0,inferred
Torfaen,2021-07-13,16.0,21.0,25.0,26.0,27.0,30.0,32.0,34.0,36.0,38.0,39.0,43.0,50.0,inferred
Torfaen,2021-07-14,16.0,20.0,23.0,24.8,26.0,28.0,30.0,32.0,34.0,35.0,37.0,41.0,48.0,inferred
Torfaen,2021-07-15,14.0,19.0,21.0,22.0,24.0,25.0,28.0,30.0,32.0,33.0,34.0,38.0,44.0,inferred
Torfaen,2021-07-16,10.0,14.0,17.0,18.0,19.0,21.0,23.0,25.0,26.0,27.2,29.0,32.0,39.0,inferred
Torfaen,2021-07-17,8.0,11.0,13.0,14.0,15.0,17.0,18.0,20.0,22.0,23.0,24.0,28.0,33.0,inferred
Torfaen,2021-07-18,7.0,10.0,12.0,13.0,14.0,16.0,18.0,19.0,21.0,22.0,23.0,26.0,33.0,inferred
Torfaen,2021-07-19,10.5,15.0,18.0,19.0,20.0,21.0,23.0,25.0,27.0,28.0,30.0,33.0,39.0,inferred
Torfaen,2021-07-20,10.0,14.0,16.0,17.0,19.0,21.0,23.0,24.0,26.0,27.0,29.0,32.0,39.0,inferred
Torfaen,2021-07-21,11.0,13.0,16.0,17.0,18.0,20.0,22.0,23.0,25.0,27.0,28.0,31.0,38.0,inferred
Torfaen,2021-07-22,8.5,12.0,15.0,16.0,16.7,18.0,20.0,22.0,23.0,24.0,26.0,29.0,36.0,inferred
Torfaen,2021-07-23,7.0,10.0,12.0,13.0,14.0,15.0,17.0,19.0,20.0,21.0,23.0,26.0,32.0,inferred
Torfaen,2021-07-24,5.0,8.0,10.0,10.0,11.0,12.0,14.0,15.0,17.0,18.0,19.0,22.0,27.0,inferred
Torfaen,2021-07-25,5.0,7.0,9.0,10.0,11.0,12.0,14.0,15.0,17.0,18.0,19.0,22.0,26.0,inferred
Torfaen,2021-07-26,7.0,10.0,13.0,14.0,15.0,16.6,18.0,20.0,22.0,23.0,24.0,27.0,33.0,inferred
Torfaen,2021-07-27,8.0,11.0,13.0,14.0,15.0,16.0,18.0,19.0,21.0,23.0,24.0,28.0,32.0,inferred
Torfaen,2021-07-28,7.0,10.9,13.0,13.0,14.0,16.0,18.0,19.0,21.0,22.0,23.0,27.0,32.0,inferred
Torfaen,2021-07-29,7.0,10.0,12.0,13.0,14.0,15.0,17.0,18.0,20.0,21.0,22.0,26.0,32.0,inferred
Torfaen,2021-07-30,6.0,9.0,11.0,11.0,12.0,14.0,15.0,16.0,18.0,19.0,20.0,24.0,29.0,inferred
Torfaen,2021-07-31,4.0,7.0,9.0,9.0,10.0,12.0,13.0,14.0,16.0,16.0,17.0,20.0,26.0,inferred
Torfaen,2021-08-01,5.0,7.0,9.0,9.0,10.0,12.0,13.0,14.0,16.0,17.0,18.0,20.1,25.0,inferred
Torfaen,2021-08-02,7.0,11.0,13.0,14.0,15.0,16.0,18.0,19.0,21.0,22.2,24.0,27.0,32.0,inferred
Torfaen,2021-08-03,8.0,11.0,14.0,15.0,16.0,17.0,19.0,21.0,22.0,23.0,24.2,28.0,34.0,inferred
Torfaen,2021-08-04,9.0,12.0,15.0,16.0,17.0,18.0,20.0,22.0,24.0,25.0,26.0,29.0,35.0,inferred
Torfaen,2021-08-05,9.0,13.0,15.0,16.0,17.0,19.0,20.0,22.0,24.0,25.0,26.2,30.0,36.0,inferred
Torfaen,2021-08-06,8.0,12.0,14.0,15.0,16.0,18.0,19.0,21.0,23.0,24.0,25.0,28.0,35.0,inferred
Torfaen,2021-08-07,7.0,10.0,12.0,13.0,14.0,16.0,17.0,19.0,21.0,22.0,23.0,26.0,31.0,inferred
Torfaen,2021-08-08,8.0,11.0,14.0,14.0,15.0,17.0,19.0,20.0,22.0,23.0,24.0,27.0,33.5,inferred
Torfaen,2021-08-09,14.5,19.0,21.0,22.0,24.0,26.0,27.0,30.0,32.0,33.0,35.0,39.0,46.0,inferred
Torfaen,2021-08-10,15.0,19.0,22.8,24.0,25.0,27.0,29.0,31.0,34.0,35.0,37.0,41.0,47.5,inferred
Torfaen,2021-08-11,17.0,22.0,25.0,26.0,28.0,30.0,32.0,34.0,36.0,38.0,39.0,43.0,50.0,inferred
Torfaen,2021-08-12,19.0,23.0,26.0,28.0,29.0,31.0,33.0,35.0,38.0,39.0,41.0,45.0,53.0,inferred
Torfaen,2021-08-13,18.0,22.0,25.0,26.8,27.0,30.0,32.0,34.0,36.0,38.0,39.0,43.0,51.0,inferred
Torfaen,2021-08-14,14.5,19.0,23.0,24.0,25.0,27.0,29.0,31.0,33.0,35.0,36.0,40.0,47.0,inferred
Torfaen,2021-08-15,16.0,21.0,24.0,26.0,27.0,29.0,31.0,34.0,36.0,37.0,39.0,43.1,50.0,inferred
Torfaen,2021-08-16,27.0,34.0,38.0,39.8,41.0,44.0,46.0,49.0,53.0,54.0,56.0,61.0,69.0,inferred
Torfaen,2021-08-17,30.0,36.0,40.0,42.0,44.0,46.0,49.0,51.0,54.0,56.0,58.0,63.0,71.5,inferred
Torfaen,2021-08-18,30.0,36.0,40.0,41.0,43.0,46.0,48.0,51.0,54.0,56.0,57.0,63.1,72.0,inferred
Torfaen,2021-08-19,29.0,35.0,39.0,40.0,42.0,44.0,47.0,50.0,52.0,54.0,56.0,61.0,69.0,inferred
Torfaen,2021-08-20,25.0,30.0,34.0,36.0,37.0,39.0,42.0,44.0,47.0,49.0,50.0,56.0,63.0,inferred
Torfaen,2021-08-21,20.0,25.0,29.0,30.0,31.0,34.0,36.0,38.0,41.0,42.0,44.0,49.0,55.0,inferred
Torfaen,2021-08-22,20.0,25.0,29.0,30.0,31.0,33.0,36.0,38.0,41.0,42.0,44.0,48.0,56.0,inferred
Torfaen,2021-08-23,30.0,37.0,41.0,42.0,44.0,47.0,49.0,52.0,55.0,56.2,58.0,64.0,73.0,inferred
Torfaen,2021-08-24,31.0,37.0,41.0,43.0,44.0,47.0,50.0,53.0,56.0,58.0,60.0,65.0,73.0,inferred
Torfaen,2021-08-25,32.0,37.0,42.0,43.0,45.0,47.0,50.0,53.0,56.0,58.0,59.0,65.0,73.0,inferred
Torfaen,2021-08-26,30.0,36.0,40.0,42.0,44.0,46.6,49.0,52.0,55.0,56.0,58.0,63.0,70.5,inferred
Torfaen,2021-08-27,27.0,32.0,36.0,37.0,39.0,41.0,44.0,46.0,49.0,50.0,52.0,57.1,66.0,inferred
Torfaen,2021-08-28,21.0,26.0,30.0,31.0,33.0,35.0,37.0,40.0,42.0,44.0,45.0,50.0,59.0,inferred
Torfaen,2021-08-29,21.0,27.0,31.0,33.0,34.0,36.0,39.0,41.0,44.0,45.0,46.0,50.0,58.0,inferred
Torfaen,2021-08-30,33.0,40.0,44.0,46.0,47.0,51.0,53.5,57.0,60.0,61.0,64.0,69.0,79.0,inferred
Torfaen,2021-08-31,34.5,41.0,46.0,48.0,49.0,52.0,55.0,58.0,61.0,63.0,66.0,70.0,79.0,inferred
Torfaen,2021-09-01,37.0,43.0,47.0,49.0,50.0,53.0,56.0,59.0,62.0,64.0,67.0,72.0,82.0,inferred
Torfaen,2021-09-02,36.0,42.0,46.0,48.0,50.0,53.0,55.0,58.0,62.0,64.0,66.0,71.0,79.0,inferred
Torfaen,2021-09-03,32.0,38.0,42.0,43.0,45.0,47.0,50.0,53.0,56.0,58.0,61.0,66.0,75.0,inferred
Torfaen,2021-09-04,28.0,33.0,37.0,38.0,40.0,42.0,45.0,47.0,49.3,51.0,53.0,58.0,66.5,inferred
Torfaen,2021-09-05,27.0,34.0,37.0,39.0,40.0,43.0,46.0,48.0,51.0,53.0,55.0,60.0,67.5,inferred
Torfaen,2021-09-06,42.0,50.0,54.0,56.8,58.0,62.0,65.0,68.0,71.0,73.0,75.0,81.0,90.0,inferred
Torfaen,2021-09-07,44.0,51.0,56.0,58.0,59.0,62.0,66.0,69.0,73.0,75.0,77.0,83.0,92.0,inferred
Torfaen,2021-09-08,44.0,51.0,56.0,58.0,59.0,62.0,66.0,69.0,72.0,74.0,76.0,83.0,91.0,inferred
Torfaen,2021-09-09,42.0,50.0,55.0,57.0,59.0,62.0,65.0,68.0,71.0,73.0,75.0,81.0,90.0,inferred
Torfaen,2021-09-10,37.5,44.0,48.0,50.0,51.0,54.0,57.0,60.0,63.0,65.0,67.0,73.0,83.0,inferred
Torfaen,2021-09-11,31.0,37.0,40.0,42.0,44.0,47.0,49.0,52.0,55.0,56.0,58.0,63.0,72.0,inferred
Torfaen,2021-09-12,31.0,37.0,41.0,43.0,44.0,47.0,49.0,52.0,55.0,56.0,58.0,64.0,72.0,inferred
Torfaen,2021-09-13,47.0,54.0,59.0,61.0,63.0,67.0,69.0,73.0,76.0,78.0,80.0,86.0,98.0,inferred
Torfaen,2021-09-14,49.5,56.9,61.0,64.0,65.0,69.0,71.0,75.0,79.0,80.0,83.0,91.0,100.5,inferred
Torfaen,2021-09-15,53.0,60.0,65.0,67.0,69.0,72.6,75.5,79.0,82.0,85.0,87.0,94.0,106.0,inferred
Torfaen,2021-09-16,56.0,63.0,67.0,70.0,71.0,74.0,78.0,82.0,86.0,88.0,90.0,96.1,109.0,inferred
Torfaen,2021-09-17,50.0,58.0,63.0,65.0,67.0,70.0,74.0,77.0,81.0,83.0,85.0,92.0,103.0,inferred
Torfaen,2021-09-18,45.0,52.0,57.0,59.0,61.0,64.0,67.0,70.0,74.0,76.0,78.0,84.0,94.0,inferred
Torfaen,2021-09-19,48.0,55.0,61.0,63.0,65.0,68.0,71.0,74.0,78.0,80.0,82.0,88.0,98.0,inferred
Torfaen,2021-09-20,76.0,85.0,91.0,94.0,96.0,100.0,104.0,108.0,112.3,115.0,118.0,126.0,138.0,inferred
Torfaen,2021-09-21,78.5,88.0,95.0,97.0,99.0,103.0,107.0,111.0,115.0,118.0,121.0,129.0,141.5,inferred
Torfaen,2021-09-22,76.0,87.0,93.0,96.0,98.0,102.0,106.0,110.0,114.0,117.0,120.0,127.0,141.0,inferred
Torfaen,2021-09-23,72.5,83.0,88.0,91.0,93.0,98.0,101.0,104.0,109.0,112.0,115.0,123.0,134.0,inferred
Torfaen,2021-09-24,64.5,71.0,76.8,78.0,81.0,84.0,88.0,91.0,95.0,97.0,100.0,107.0,119.0,inferred
Torfaen,2021-09-25,51.0,57.0,63.0,66.0,67.0,71.0,74.0,77.0,81.0,84.0,86.0,92.0,101.0,inferred
Torfaen,2021-09-26,50.0,57.0,62.0,65.0,66.0,70.0,73.0,77.0,81.0,83.0,85.0,91.0,100.0,inferred
Torfaen,2021-09-27,72.0,82.0,88.0,90.0,92.0,96.0,100.0,104.0,108.0,111.0,114.0,122.0,133.0,inferred
Torfaen,2021-09-28,73.0,82.0,89.0,92.0,93.7,98.0,102.0,105.0,109.0,112.0,115.0,122.0,134.0,inferred
Torfaen,2021-09-29,74.0,83.0,89.0,91.0,93.0,97.0,101.0,105.0,109.0,111.0,115.0,122.0,135.0,inferred
Torfaen,2021-09-30,68.0,78.9,85.0,88.0,90.0,94.0,97.0,102.0,105.0,107.0,110.0,118.0,131.0,inferred
Torfaen,2021-10-01,62.0,70.0,76.0,78.0,80.0,84.0,87.0,90.4,95.0,97.0,100.0,107.0,118.0,inferred
Torfaen,2021-10-02,52.0,58.0,64.0,66.0,68.0,71.0,74.0,78.0,82.0,84.0,85.0,92.0,102.0,inferred
Torfaen,2021-10-03,52.0,59.0,64.0,67.0,68.0,72.0,75.0,79.0,82.0,84.0,86.0,93.0,103.0,inferred
Torfaen,2021-10-04,73.0,83.0,89.0,91.0,94.0,98.6,103.0,106.0,111.0,114.0,117.2,124.0,136.0,inferred
Torfaen,2021-10-05,76.0,86.0,92.0,94.0,97.0,101.0,105.0,109.0,114.0,117.0,119.0,126.0,140.5,inferred
Torfaen,2021-10-06,77.0,87.0,94.0,96.0,98.0,102.0,105.0,110.0,114.0,116.0,118.0,126.0,138.0,inferred
Torfaen,2021-10-07,76.0,85.0,92.0,93.0,96.0,99.0,102.0,106.0,111.0,114.0,116.0,124.0,136.0,inferred
Torfaen,2021-10-08,66.0,75.0,81.8,84.0,86.0,90.0,94.0,97.0,101.0,104.0,106.0,113.0,123.0,inferred
Torfaen,2021-10-09,56.0,63.0,68.0,70.0,72.0,76.0,80.0,83.0,87.0,89.0,91.0,98.0,108.5,inferred
Torfaen,2021-10-10,57.0,65.0,70.0,72.0,74.0,78.0,82.0,85.0,89.0,91.0,93.0,101.0,110.0,inferred
Torfaen,2021-10-11,85.0,94.0,101.0,104.0,106.0,111.0,114.0,119.0,123.0,126.0,129.0,137.0,148.5,inferred
Torfaen,2021-10-12,92.0,101.0,108.0,111.0,113.0,118.0,122.0,127.0,131.0,134.0,138.0,146.0,161.5,inferred
Torfaen,2021-10-13,103.0,113.0,120.0,123.0,126.0,131.0,136.0,140.0,145.0,148.0,151.0,161.1,174.5,inferred
Torfaen,2021-10-14,111.0,123.0,131.0,135.0,137.0,143.0,147.0,152.0,158.0,161.0,164.0,175.0,187.0,inferred
Torfaen,2021-10-15,109.0,121.0,129.0,132.8,136.0,141.0,146.0,151.0,157.0,160.0,164.0,173.0,188.0,inferred
Torridge,2021-07-03,1.0,2.0,3.0,3.0,4.0,5.0,6.0,7.0,8.0,9.0,9.0,11.0,15.0,inferred
Torridge,2021-07-04,1.0,2.0,4.0,4.0,5.0,5.0,6.0,8.0,9.0,9.0,10.0,12.0,17.0,inferred
Torridge,2021-07-05,2.0,4.0,6.0,6.0,7.0,8.0,9.0,11.0,12.0,13.0,14.0,16.0,21.0,inferred
Torridge,2021-07-06,3.0,5.0,7.0,7.0,8.0,9.0,10.0,12.0,13.0,14.0,15.0,18.0,24.0,inferred
Torridge,2021-07-07,4.0,6.0,8.0,9.0,9.0,10.0,12.0,13.0,15.0,15.2,17.0,20.0,25.5,inferred
Torridge,2021-07-08,4.0,6.0,8.0,9.0,10.0,12.0,13.0,14.0,16.0,17.0,18.0,22.0,27.0,inferred
Torridge,2021-07-09,4.0,7.0,9.0,10.0,10.0,12.0,13.0,14.0,16.0,17.0,19.0,22.0,27.0,inferred
Torridge,2021-07-10,4.0,6.0,8.0,9.0,9.7,11.0,12.0,14.0,16.0,17.0,18.0,21.0,26.0,inferred
Torridge,2021-07-11,5.0,8.0,10.0,11.0,12.0,13.0,15.0,16.0,18.0,19.0,20.0,24.0,29.5,inferred
Torridge,2021-07-12,11.0,14.0,17.0,18.0,19.0,21.0,23.0,25.0,27.0,29.0,30.0,34.0,41.0,inferred
Torridge,2021-07-13,12.0,16.0,19.0,20.0,21.0,24.0,26.0,27.0,30.0,31.0,33.0,37.0,45.0,inferred
Torridge,2021-07-14,12.0,16.0,19.0,21.0,22.0,24.0,26.0,28.0,31.0,32.0,34.0,38.0,45.0,inferred
Torridge,2021-07-15,14.0,17.0,20.0,21.0,23.0,25.0,26.0,28.0,31.0,32.0,34.0,38.0,45.5,inferred
Torridge,2021-07-16,12.0,16.0,19.0,20.0,21.0,23.0,25.0,27.0,30.0,31.0,32.0,37.0,43.0,inferred
Torridge,2021-07-17,9.0,13.0,16.0,17.0,18.0,20.0,22.0,24.0,26.0,27.0,29.0,32.0,39.0,inferred
Torridge,2021-07-18,10.0,14.0,17.0,18.0,19.0,21.0,23.0,24.4,27.0,28.0,29.0,34.0,41.0,inferred
Torridge,2021-07-19,17.0,21.0,25.0,26.0,28.0,30.0,32.0,35.0,37.0,39.0,41.0,45.0,53.0,inferred
Torridge,2021-07-20,18.0,22.9,26.0,27.0,29.0,31.0,33.0,36.0,38.0,40.0,41.0,46.0,54.0,inferred
Torridge,2021-07-21,16.0,21.0,25.0,26.0,28.0,30.0,32.0,34.0,37.0,38.0,40.0,45.0,53.0,inferred
Torridge,2021-07-22,16.0,20.0,24.0,25.0,26.0,28.0,31.0,33.0,35.0,37.0,38.0,43.0,51.0,inferred
Torridge,2021-07-23,13.0,17.9,21.0,22.0,23.0,25.0,27.0,29.0,31.0,33.0,34.0,39.0,46.0,inferred
Torridge,2021-07-24,9.0,13.0,16.0,17.0,18.0,20.0,22.0,23.0,26.0,27.0,29.0,33.0,40.0,inferred
Torridge,2021-07-25,9.0,14.0,16.0,17.0,18.0,20.0,22.0,24.0,26.0,27.0,29.0,34.0,40.0,inferred
Torridge,2021-07-26,15.0,19.0,22.0,24.0,25.0,27.0,30.0,32.0,34.0,36.0,37.0,42.0,49.0,inferred
Torridge,2021-07-27,15.0,19.0,22.0,23.0,25.0,27.0,28.0,31.0,34.0,35.0,37.0,41.0,49.0,inferred
Torridge,2021-07-28,14.0,18.0,21.0,23.0,24.0,26.0,28.0,30.0,33.0,34.0,35.2,40.0,47.0,inferred
Torridge,2021-07-29,13.0,17.0,20.0,22.0,23.0,25.0,26.0,29.0,31.0,33.0,34.0,39.0,46.5,inferred
Torridge,2021-07-30,10.0,15.0,18.0,20.0,21.0,23.0,25.0,27.0,29.0,31.0,32.0,36.0,43.0,inferred
Torridge,2021-07-31,9.0,12.0,14.0,15.0,17.0,19.0,21.0,22.0,24.0,26.0,27.0,31.0,36.0,inferred
Torridge,2021-08-01,9.0,13.0,15.0,16.0,17.0,19.0,21.0,23.0,25.0,26.0,27.0,31.0,37.5,inferred
Torridge,2021-08-02,14.0,18.0,22.0,23.0,24.0,26.0,28.0,31.0,33.0,35.0,37.0,42.0,49.0,inferred
Torridge,2021-08-03,15.0,20.0,23.0,24.0,25.0,27.0,29.0,31.0,34.0,36.0,37.0,42.0,50.0,inferred
Torridge,2021-08-04,14.0,19.0,22.0,23.0,24.0,27.0,29.0,31.0,33.0,34.0,36.0,41.0,48.0,inferred
Torridge,2021-08-05,13.5,18.0,21.0,23.0,24.0,26.0,28.0,30.0,33.0,34.0,36.0,40.0,48.0,inferred
Torridge,2021-08-06,12.0,16.0,19.0,20.0,22.0,24.0,26.0,28.0,31.0,32.0,34.0,38.0,44.0,inferred
Torridge,2021-08-07,10.0,13.0,16.0,17.0,18.0,20.0,22.0,24.0,26.0,26.0,28.0,31.0,38.0,inferred
Torridge,2021-08-08,10.0,14.0,17.0,18.0,19.0,21.0,22.0,24.0,26.0,28.0,29.0,34.0,40.0,inferred
Torridge,2021-08-09,16.0,20.0,23.0,24.0,26.0,28.0,30.0,33.0,35.0,37.0,39.0,43.1,52.0,inferred
Torridge,2021-08-10,19.0,22.0,26.0,27.0,28.0,31.0,33.0,36.0,38.0,40.0,42.0,47.0,55.0,inferred
Torridge,2021-08-11,19.0,24.0,28.0,30.0,31.0,34.0,36.0,39.0,42.0,43.0,45.0,50.0,57.0,inferred
Torridge,2021-08-12,21.0,27.0,31.0,32.0,33.0,36.0,39.0,41.0,44.0,46.0,47.2,52.0,61.0,inferred
Torridge,2021-08-13,22.0,27.0,31.0,32.0,34.0,37.0,39.0,42.0,45.0,47.0,48.2,54.0,63.0,inferred
Torridge,2021-08-14,20.0,25.0,29.0,31.0,32.0,35.0,37.0,39.0,42.0,44.0,45.0,50.0,57.0,inferred
Torridge,2021-08-15,24.0,30.0,34.0,35.0,37.0,39.0,42.0,45.0,47.0,49.0,51.0,57.0,65.0,inferred
Torridge,2021-08-16,41.0,47.0,53.0,55.0,57.0,60.0,64.0,67.0,71.0,73.0,75.0,81.0,91.0,inferred
Torridge,2021-08-17,43.0,50.0,56.0,58.0,60.0,63.0,66.0,70.0,73.0,76.0,78.0,84.0,94.0,inferred
Torridge,2021-08-18,39.5,47.0,52.8,54.0,57.0,60.0,63.0,67.0,70.0,72.0,74.0,80.0,91.0,inferred
Torridge,2021-08-19,37.0,43.0,48.0,50.0,52.0,55.0,58.0,61.0,64.0,66.0,68.0,75.0,83.5,inferred
Torridge,2021-08-20,30.0,36.0,41.0,43.0,44.0,47.0,50.0,53.0,56.0,57.0,59.0,65.0,73.0,inferred
Torridge,2021-08-21,22.0,27.0,31.0,33.0,34.0,36.0,39.0,42.0,45.0,46.0,48.2,53.0,62.0,inferred
Torridge,2021-08-22,21.5,27.0,30.0,32.0,33.0,36.0,38.0,41.0,43.0,44.0,46.0,52.0,60.0,inferred
Torridge,2021-08-23,29.0,35.0,40.0,42.0,44.0,46.0,50.0,52.0,55.0,57.0,59.0,64.0,74.0,inferred
Torridge,2021-08-24,29.0,34.0,39.0,40.0,42.0,44.0,47.0,50.0,53.0,55.0,58.0,63.0,73.0,inferred
Torridge,2021-08-25,24.0,30.0,34.0,36.0,38.0,40.0,43.0,46.0,49.0,50.0,52.0,58.0,67.0,inferred
Torridge,2021-08-26,22.0,27.0,31.0,33.0,34.0,37.0,39.0,42.0,45.0,46.0,48.0,53.0,61.0,inferred
Torridge,2021-08-27,18.0,23.0,26.0,28.0,29.0,32.0,34.0,36.0,39.0,40.0,42.0,46.0,55.0,inferred
Torridge,2021-08-28,12.0,17.0,20.0,21.0,22.0,24.0,26.0,28.0,31.0,32.0,33.0,38.0,45.0,inferred
Torridge,2021-08-29,12.0,16.0,19.0,20.0,21.0,23.0,25.0,27.0,30.0,31.0,33.0,36.0,44.5,inferred
Torridge,2021-08-30,17.0,22.0,25.0,27.0,28.0,31.0,33.0,36.0,38.0,40.0,42.0,46.0,54.0,inferred
Torridge,2021-08-31,17.0,21.0,25.0,27.0,28.0,30.0,33.0,35.0,38.0,39.0,41.0,45.0,54.0,inferred
Torridge,2021-09-01,16.0,22.0,25.0,26.0,27.0,29.0,32.0,34.0,37.0,38.0,40.0,45.0,52.0,inferred
Torridge,2021-09-02,16.0,21.0,24.0,26.0,27.0,29.0,32.0,34.0,36.0,38.0,39.0,44.0,53.0,inferred
Torridge,2021-09-03,15.0,19.0,22.0,24.0,25.0,27.0,30.0,32.0,34.0,36.0,38.0,41.0,49.5,inferred
Torridge,2021-09-04,11.5,16.0,19.0,20.0,21.0,23.0,25.0,27.0,29.0,30.0,32.0,36.0,43.0,inferred
Torridge,2021-09-05,12.5,17.0,20.0,21.0,22.0,24.0,26.0,29.0,31.0,33.0,34.0,38.0,44.0,inferred
Torridge,2021-09-06,20.0,25.0,29.0,30.0,31.0,34.0,36.0,39.0,42.0,44.0,45.0,50.0,60.0,inferred
Torridge,2021-09-07,20.0,26.0,30.0,31.0,33.0,35.6,38.0,40.0,44.0,45.0,47.0,52.0,60.0,inferred
Torridge,2021-09-08,19.0,24.0,28.0,29.0,31.0,33.0,35.0,38.0,41.0,43.0,44.0,49.0,57.0,inferred
Torridge,2021-09-09,18.0,23.0,27.0,28.0,29.0,32.0,34.0,36.0,39.0,40.0,42.0,47.0,54.0,inferred
Torridge,2021-09-10,15.5,20.0,23.0,24.0,26.0,28.0,30.0,33.0,35.0,36.0,38.0,43.0,51.0,inferred
Torridge,2021-09-11,11.0,15.0,18.0,19.0,20.0,22.0,24.0,26.0,28.0,30.0,31.0,35.0,42.0,inferred
Torridge,2021-09-12,11.0,15.0,18.0,20.0,21.0,23.0,25.0,27.0,29.0,30.0,32.0,36.0,44.0,inferred
Torridge,2021-09-13,17.0,22.0,25.0,27.0,28.0,30.0,32.0,35.0,37.0,39.0,41.0,46.0,53.5,inferred
Torridge,2021-09-14,16.0,21.0,25.0,26.0,27.0,30.0,33.0,35.0,38.0,39.0,41.0,45.0,54.0,inferred
Torridge,2021-09-15,16.5,21.0,24.0,26.0,27.0,29.0,31.0,34.0,36.0,38.0,39.0,44.0,50.0,inferred
Torridge,2021-09-16,16.0,21.0,24.0,25.0,27.0,29.0,31.0,33.0,35.0,37.0,39.0,43.0,51.0,inferred
Torridge,2021-09-17,14.0,18.0,21.0,23.0,24.0,26.0,28.0,30.0,33.0,34.0,36.0,40.0,48.0,inferred
Torridge,2021-09-18,11.0,14.0,17.0,18.0,19.0,21.0,23.0,25.0,27.0,28.0,29.0,33.0,40.0,inferred
Torridge,2021-09-19,11.0,14.0,17.0,18.0,19.0,21.0,23.0,25.0,27.0,29.0,30.0,34.0,42.0,inferred
Torridge,2021-09-20,16.0,21.0,25.0,26.0,27.0,30.0,32.0,34.0,37.0,38.0,40.0,44.0,53.0,inferred
Torridge,2021-09-21,17.0,22.0,25.0,26.0,28.0,30.0,32.0,35.0,38.0,39.0,41.0,46.0,53.0,inferred
Torridge,2021-09-22,16.0,22.0,25.0,27.0,28.0,30.0,32.0,35.0,38.0,39.0,40.0,44.0,53.0,inferred
Torridge,2021-09-23,17.0,22.0,25.0,26.0,28.0,30.0,33.0,35.0,37.0,39.0,41.0,45.0,54.0,inferred
Torridge,2021-09-24,16.0,20.0,23.0,25.0,26.0,28.0,31.0,33.0,35.0,36.0,38.0,43.0,51.0,inferred
Torridge,2021-09-25,12.0,17.0,20.0,21.0,22.0,24.0,26.0,28.0,30.0,31.0,33.0,38.0,46.0,inferred
Torridge,2021-09-26,12.0,18.0,21.0,22.0,23.0,25.0,27.0,30.0,32.0,33.0,35.0,39.0,45.0,inferred
Torridge,2021-09-27,21.0,26.0,30.0,32.0,33.0,36.0,38.0,41.0,43.0,45.0,47.0,52.0,62.0,inferred
Torridge,2021-09-28,23.0,28.9,32.0,33.0,34.0,37.0,40.0,43.0,46.0,47.0,49.0,55.0,63.0,inferred
Torridge,2021-09-29,22.0,27.0,31.0,33.0,35.0,37.0,40.0,43.0,46.0,48.0,50.0,55.0,64.0,inferred
Torridge,2021-09-30,24.0,29.0,33.0,34.0,35.0,38.0,41.0,43.0,46.0,48.0,50.0,55.0,63.0,inferred
Torridge,2021-10-01,21.5,26.0,30.0,32.0,33.0,36.0,38.0,41.0,44.0,45.0,47.0,52.0,61.0,inferred
Torridge,2021-10-02,17.0,22.0,25.0,26.0,28.0,30.0,32.0,34.0,37.0,39.0,40.0,44.0,51.0,inferred
Torridge,2021-10-03,18.5,24.0,28.0,29.0,30.0,32.0,35.0,37.0,40.0,41.0,43.0,48.0,57.0,inferred
Torridge,2021-10-04,28.0,35.0,40.0,42.0,43.0,46.0,49.0,52.0,56.0,58.0,60.0,66.0,75.0,inferred
Torridge,2021-10-05,31.0,38.0,41.8,43.0,45.0,47.0,51.0,54.0,57.0,59.0,61.0,67.0,77.0,inferred
Torridge,2021-10-06,31.0,37.0,41.0,44.0,46.0,48.0,50.0,53.0,56.0,58.0,61.0,67.0,76.5,inferred
Torridge,2021-10-07,32.0,38.0,43.0,45.0,46.7,50.0,53.0,56.0,59.0,61.0,63.0,69.0,79.0,inferred
Torridge,2021-10-08,28.0,36.0,39.0,41.0,43.0,45.0,48.0,51.0,54.3,56.0,58.0,63.1,72.0,inferred
Torridge,2021-10-09,24.0,30.0,34.0,35.0,37.0,39.0,42.0,44.0,48.0,49.0,51.0,56.0,64.0,inferred
Torridge,2021-10-10,26.5,32.0,35.0,37.0,39.0,41.6,44.0,46.0,49.0,51.0,53.0,58.0,67.0,inferred
Torridge,2021-10-11,39.0,45.0,50.0,52.0,54.0,58.0,61.0,64.0,67.3,69.0,72.0,78.0,88.0,inferred
Torridge,2021-10-12,38.0,46.0,51.0,53.0,55.0,58.0,62.0,65.0,68.0,70.0,72.2,78.1,90.0,inferred
Torridge,2021-10-13,35.5,42.9,47.0,49.0,51.0,54.0,57.0,60.0,64.0,66.0,68.0,74.0,84.5,inferred
Torridge,2021-10-14,32.0,39.0,43.0,45.0,47.0,50.0,54.0,57.0,61.0,62.0,65.0,71.0,80.0,inferred
Torridge,2021-10-15,26.0,32.0,37.0,38.8,41.0,44.0,46.0,49.4,53.0,54.0,57.0,63.0,73.0,inferred
Tower Hamlets,2021-07-03,82.0,93.0,100.0,103.0,106.0,111.0,116.0,121.0,127.0,130.0,134.0,144.0,161.5,inferred
Tower Hamlets,2021-07-04,87.0,99.0,107.0,110.0,113.0,119.0,124.0,129.0,134.3,138.0,141.0,151.0,165.0,inferred
Tower Hamlets,2021-07-05,134.5,147.0,157.0,161.0,164.0,170.0,175.0,180.0,187.0,191.0,195.0,205.0,224.0,inferred
Tower Hamlets,2021-07-06,130.0,144.0,154.0,157.0,161.0,168.0,173.0,179.0,185.0,188.0,193.0,203.0,222.5,inferred
Tower Hamlets,2021-07-07,138.0,149.0,159.0,164.0,168.0,173.0,179.0,185.0,191.0,195.0,199.0,211.0,231.0,inferred
Tower Hamlets,2021-07-08,136.0,150.0,160.0,164.0,167.0,174.0,180.0,186.0,192.0,195.0,200.0,210.0,229.0,inferred
Tower Hamlets,2021-07-09,125.5,139.9,149.0,154.0,157.0,164.0,170.0,176.0,182.0,186.0,191.0,201.0,216.0,inferred
Tower Hamlets,2021-07-10,109.5,122.0,131.0,135.0,138.0,143.0,149.0,155.0,162.0,165.0,169.0,179.0,193.5,inferred
Tower Hamlets,2021-07-11,115.0,128.0,137.0,141.0,143.0,149.0,154.0,159.0,166.0,170.0,174.0,187.0,205.0,inferred
Tower Hamlets,2021-07-12,170.0,185.0,197.0,201.0,205.0,212.0,219.0,226.0,233.3,237.0,243.0,257.0,280.5,inferred
Tower Hamlets,2021-07-13,165.0,182.0,194.0,198.8,202.0,209.0,215.0,222.0,229.0,234.2,240.0,251.0,273.0,inferred
Tower Hamlets,2021-07-14,170.0,187.0,198.0,201.0,205.0,213.0,219.5,226.0,234.0,238.0,242.0,256.0,274.0,inferred
Tower Hamlets,2021-07-15,163.0,178.0,189.0,194.0,198.0,206.0,213.0,219.0,226.0,230.0,234.0,248.0,270.0,inferred
Tower Hamlets,2021-07-16,147.0,161.0,172.0,177.0,180.0,187.0,194.0,200.0,207.0,210.0,214.0,226.0,247.0,inferred
Tower Hamlets,2021-07-17,122.0,134.0,144.0,148.0,150.0,157.0,162.0,168.0,174.0,177.2,181.0,190.1,209.0,inferred
Tower Hamlets,2021-07-18,119.0,133.0,142.0,146.0,149.0,156.0,162.0,168.0,174.0,177.0,181.0,192.0,210.0,inferred
Tower Hamlets,2021-07-19,166.0,182.0,196.0,201.0,204.0,212.0,219.0,226.0,233.0,237.0,243.0,255.0,280.0,inferred
Tower Hamlets,2021-07-20,156.0,171.0,181.0,185.0,189.0,195.0,202.0,208.0,215.0,218.0,222.0,235.0,254.0,inferred
Tower Hamlets,2021-07-21,147.5,162.0,172.0,177.0,180.0,187.0,194.0,200.0,207.0,211.0,215.0,228.1,248.5,inferred
Tower Hamlets,2021-07-22,128.0,144.0,155.0,158.0,162.0,168.0,174.0,180.0,187.0,191.0,196.0,208.0,226.5,inferred
Tower Hamlets,2021-07-23,108.5,122.0,131.0,134.0,137.0,143.0,149.0,155.0,160.0,164.0,168.0,179.0,195.0,inferred
Tower Hamlets,2021-07-24,86.0,96.0,104.0,107.0,109.0,114.0,119.0,123.0,130.0,133.0,136.0,144.0,160.0,inferred
Tower Hamlets,2021-07-25,77.0,90.0,97.0,99.0,102.0,107.0,112.0,117.0,122.0,125.0,128.0,138.0,154.5,inferred
Tower Hamlets,2021-07-26,104.5,117.0,125.0,128.0,131.0,137.0,143.0,148.0,155.0,158.0,162.0,172.0,190.0,inferred
Tower Hamlets,2021-07-27,97.5,109.0,117.0,121.0,123.0,129.0,135.0,140.0,146.0,149.0,153.0,162.0,176.0,inferred
Tower Hamlets,2021-07-28,99.0,111.0,120.0,123.0,127.0,132.0,137.0,143.0,148.0,152.0,156.0,166.0,183.0,inferred
Tower Hamlets,2021-07-29,100.0,110.0,118.0,121.0,125.0,131.0,136.0,142.0,147.3,150.0,154.0,164.0,182.5,inferred
Tower Hamlets,2021-07-30,91.0,101.0,109.0,113.0,116.0,121.0,126.0,132.0,136.0,139.0,143.0,152.0,171.5,inferred
Tower Hamlets,2021-07-31,74.5,86.0,94.0,97.0,100.0,105.0,110.0,115.0,121.0,124.0,127.0,137.0,148.0,inferred
Tower Hamlets,2021-08-01,77.0,89.0,96.0,99.0,102.0,106.0,112.0,116.0,121.0,125.0,129.0,137.0,151.5,inferred
Tower Hamlets,2021-08-02,113.0,126.0,135.0,139.0,143.0,149.0,155.0,160.0,167.0,170.0,174.0,185.0,202.0,inferred
Tower Hamlets,2021-08-03,108.0,123.0,133.0,136.0,138.0,143.0,149.0,154.0,160.0,164.0,168.0,179.0,194.5,inferred
Tower Hamlets,2021-08-04,112.0,125.0,135.0,137.0,141.0,147.0,153.0,159.0,165.0,169.0,172.0,183.0,202.5,inferred
Tower Hamlets,2021-08-05,108.0,122.0,131.0,135.0,138.0,143.0,148.0,154.0,161.0,164.0,168.0,178.0,197.0,inferred
Tower Hamlets,2021-08-06,101.5,111.0,119.0,122.0,125.0,131.0,136.0,142.0,148.0,151.0,155.0,165.0,185.5,inferred
Tower Hamlets,2021-08-07,81.5,93.0,101.0,104.0,107.0,112.0,118.0,123.0,129.0,132.0,135.0,145.0,161.5,inferred
Tower Hamlets,2021-08-08,82.0,95.0,102.0,105.0,108.0,114.0,119.0,124.0,129.3,132.2,136.0,145.0,160.0,inferred
Tower Hamlets,2021-08-09,118.0,134.9,144.0,147.0,150.0,156.0,162.0,168.0,174.0,178.0,182.0,193.0,210.0,inferred
Tower Hamlets,2021-08-10,112.5,127.0,137.0,140.0,143.0,149.0,155.0,161.0,167.0,171.0,174.0,187.0,202.0,inferred
Tower Hamlets,2021-08-11,112.0,127.0,136.0,139.0,143.0,148.0,154.0,159.0,165.0,169.0,174.0,186.0,202.0,inferred
Tower Hamlets,2021-08-12,106.0,119.0,127.0,130.0,134.0,139.0,144.0,149.4,156.0,159.0,162.0,172.0,189.0,inferred
Tower Hamlets,2021-08-13,94.5,106.0,114.0,116.0,119.0,124.0,129.5,135.0,140.0,145.0,148.0,157.1,175.0,inferred
Tower Hamlets,2021-08-14,76.0,85.9,92.0,95.0,97.0,101.0,107.0,111.4,117.0,120.0,122.0,131.0,147.0,inferred
Tower Hamlets,2021-08-15,72.0,80.0,88.0,91.0,93.0,99.0,103.0,108.0,115.0,117.0,121.0,131.0,146.5,inferred
Tower Hamlets,2021-08-16,101.0,112.0,120.0,123.0,127.0,133.0,137.0,143.0,149.0,153.0,157.0,167.1,188.0,inferred
Tower Hamlets,2021-08-17,93.0,103.9,113.0,116.0,119.0,124.0,129.0,135.0,141.0,144.0,147.0,156.0,172.0,inferred
Tower Hamlets,2021-08-18,87.5,100.0,110.0,112.0,116.0,121.0,126.0,131.0,137.0,140.0,144.0,153.0,167.0,inferred
Tower Hamlets,2021-08-19,83.0,94.0,103.0,106.0,109.0,114.0,118.0,123.0,129.0,132.0,136.0,145.1,162.0,inferred
Tower Hamlets,2021-08-20,72.5,83.0,89.0,92.0,94.0,99.0,104.0,108.0,113.0,116.0,120.0,129.0,143.0,inferred
Tower Hamlets,2021-08-21,56.0,67.0,73.0,76.0,78.0,82.0,86.0,91.0,96.0,98.0,101.0,110.0,123.0,inferred
Tower Hamlets,2021-08-22,55.0,65.0,71.0,74.0,76.0,81.0,85.0,89.0,94.0,96.0,99.0,108.0,122.0,inferred
Tower Hamlets,2021-08-23,79.0,89.0,98.0,100.0,103.0,108.0,113.0,117.0,123.0,126.0,129.0,139.0,154.0,inferred
Tower Hamlets,2021-08-24,73.0,84.0,92.0,95.0,97.7,102.0,106.0,111.0,116.0,119.0,122.0,131.0,147.5,inferred
Tower Hamlets,2021-08-25,74.0,85.9,93.0,96.0,99.0,105.0,109.0,114.0,119.0,122.0,126.0,133.0,146.0,inferred
Tower Hamlets,2021-08-26,71.0,82.0,88.0,91.0,93.0,98.0,103.0,109.0,114.0,117.0,121.0,129.0,145.0,inferred
Tower Hamlets,2021-08-27,63.5,73.0,80.0,83.0,85.0,90.0,94.0,98.0,103.0,106.0,109.0,118.0,133.0,inferred
Tower Hamlets,2021-08-28,51.5,61.0,68.0,70.0,72.0,77.0,81.0,85.0,90.0,92.0,96.0,104.0,116.0,inferred
Tower Hamlets,2021-08-29,54.0,63.0,69.0,71.8,73.0,77.0,81.0,86.0,90.0,93.0,95.0,103.0,115.0,inferred
Tower Hamlets,2021-08-30,75.5,86.0,94.0,97.0,100.0,105.0,110.0,115.0,120.3,123.0,128.0,136.0,152.0,inferred
Tower Hamlets,2021-08-31,74.5,83.0,91.0,94.0,96.0,101.0,106.0,111.0,116.0,120.0,123.2,132.0,146.0,inferred
Tower Hamlets,2021-09-01,77.0,86.0,93.0,96.0,98.0,104.0,109.0,113.0,119.0,121.0,125.0,135.0,149.0,inferred
Tower Hamlets,2021-09-02,75.0,84.0,91.0,94.0,97.0,101.0,106.0,111.0,116.0,119.0,121.0,130.0,145.0,inferred
Tower Hamlets,2021-09-03,65.5,77.0,83.0,86.0,88.0,93.0,98.0,103.0,107.0,109.0,112.0,122.0,136.5,inferred
Tower Hamlets,2021-09-04,55.0,64.0,70.0,73.0,75.0,80.0,84.0,88.0,92.0,94.0,97.0,104.0,116.5,inferred
Tower Hamlets,2021-09-05,53.0,64.0,70.0,73.0,75.0,79.0,83.0,87.0,92.0,95.0,98.0,106.0,119.0,inferred
Tower Hamlets,2021-09-06,80.0,92.0,99.0,102.0,104.0,110.0,115.0,120.0,126.0,129.0,132.0,142.0,156.0,inferred
Tower Hamlets,2021-09-07,73.0,83.0,91.0,94.0,97.0,101.0,106.0,110.0,117.0,119.0,123.0,132.0,148.5,inferred
Tower Hamlets,2021-09-08,71.0,80.0,87.0,90.0,93.0,97.0,101.0,107.0,112.0,115.0,118.0,126.1,141.5,inferred
Tower Hamlets,2021-09-09,63.5,73.0,79.0,81.0,84.0,89.0,93.0,98.0,103.0,105.0,109.0,117.0,133.0,inferred
Tower Hamlets,2021-09-10,52.0,61.0,67.0,70.0,72.0,77.0,80.0,84.0,89.0,91.0,94.0,101.0,114.0,inferred
Tower Hamlets,2021-09-11,38.0,47.0,52.0,55.0,57.0,60.0,64.0,67.0,71.0,73.2,76.0,84.0,94.5,inferred
Tower Hamlets,2021-09-12,36.5,44.0,50.0,52.0,54.0,57.0,61.0,64.0,68.0,70.0,72.0,80.0,91.0,inferred
Tower Hamlets,2021-09-13,50.0,59.0,65.0,68.0,70.0,74.0,78.0,82.0,87.0,89.0,92.0,99.0,112.0,inferred
Tower Hamlets,2021-09-14,47.0,56.0,62.0,65.0,67.0,70.0,74.0,78.0,83.0,85.0,88.0,95.0,108.0,inferred
Tower Hamlets,2021-09-15,47.0,56.0,61.8,64.0,66.0,71.0,75.0,79.0,83.0,86.0,89.0,96.0,108.0,inferred
Tower Hamlets,2021-09-16,47.0,56.0,61.0,63.0,66.0,70.0,74.0,77.0,81.0,84.0,87.0,95.0,106.5,inferred
Tower Hamlets,2021-09-17,42.0,50.0,56.0,58.0,60.0,65.0,68.0,72.0,77.0,79.0,82.0,89.0,99.0,inferred
Tower Hamlets,2021-09-18,36.0,42.0,47.0,49.0,52.0,55.0,58.0,62.0,66.0,68.0,71.0,78.0,91.0,inferred
Tower Hamlets,2021-09-19,34.0,42.0,47.0,50.0,52.0,55.0,59.0,63.0,67.0,70.0,72.0,80.0,92.0,inferred
Tower Hamlets,2021-09-20,51.0,61.0,67.0,70.0,73.0,77.0,81.0,85.0,90.0,92.0,95.0,103.0,117.0,inferred
Tower Hamlets,2021-09-21,50.5,59.0,65.0,67.0,70.0,74.0,78.0,81.0,85.0,88.0,91.0,99.0,110.0,inferred
Tower Hamlets,2021-09-22,51.5,61.0,67.0,70.0,72.0,76.0,80.0,84.0,89.0,91.0,94.0,101.1,118.0,inferred
Tower Hamlets,2021-09-23,49.0,59.0,65.0,67.0,69.0,74.0,77.0,82.0,87.0,89.0,92.0,99.1,112.5,inferred
Tower Hamlets,2021-09-24,45.0,54.0,60.0,62.0,63.7,67.0,71.0,75.0,80.0,82.0,85.0,93.0,107.0,inferred
Tower Hamlets,2021-09-25,37.0,45.0,50.0,53.0,54.0,58.0,62.0,65.0,69.0,71.0,73.0,81.0,93.0,inferred
Tower Hamlets,2021-09-26,37.0,45.0,51.0,53.0,55.0,59.0,63.0,67.0,70.0,73.0,75.0,82.0,94.0,inferred
Tower Hamlets,2021-09-27,57.0,66.9,73.0,75.0,78.0,83.0,86.0,90.0,95.0,97.0,100.0,109.0,124.0,inferred
Tower Hamlets,2021-09-28,52.0,63.0,70.0,72.0,75.0,79.0,83.0,88.0,92.3,95.0,98.0,106.0,119.5,inferred
Tower Hamlets,2021-09-29,55.0,65.9,72.0,75.0,77.0,82.0,86.0,90.4,95.0,98.0,101.0,108.0,122.5,inferred
Tower Hamlets,2021-09-30,54.0,63.0,69.0,71.0,74.0,78.0,83.0,87.0,91.0,93.0,96.0,105.0,117.0,inferred
Tower Hamlets,2021-10-01,46.5,56.0,63.0,66.0,68.0,72.0,76.0,80.0,84.0,87.0,90.0,99.0,110.0,inferred
Tower Hamlets,2021-10-02,39.5,48.0,52.0,55.0,57.0,61.0,65.0,68.0,72.0,74.0,77.0,85.0,96.0,inferred
Tower Hamlets,2021-10-03,40.0,48.0,54.0,55.0,58.0,61.0,65.0,68.0,72.0,75.0,78.0,85.0,97.0,inferred
Tower Hamlets,2021-10-04,60.0,71.0,77.0,79.0,82.0,86.0,90.0,94.0,99.0,101.0,105.0,113.0,129.0,inferred
Tower Hamlets,2021-10-05,59.0,66.0,73.0,76.0,78.0,82.0,86.0,91.0,97.0,100.0,104.0,112.0,123.0,inferred
Tower Hamlets,2021-10-06,60.0,70.0,76.0,79.0,82.0,86.0,90.0,95.0,99.0,102.0,104.0,112.0,127.0,inferred
Tower Hamlets,2021-10-07,57.0,67.0,74.0,77.0,79.0,84.0,89.0,92.0,97.0,100.0,103.0,111.0,125.0,inferred
Tower Hamlets,2021-10-08,53.0,63.0,69.0,72.0,74.0,78.0,82.0,87.0,91.0,94.0,97.0,105.1,120.0,inferred
Tower Hamlets,2021-10-09,44.5,53.0,59.0,61.0,63.0,67.0,71.0,75.0,79.0,82.0,84.0,93.0,106.0,inferred
Tower Hamlets,2021-10-10,46.0,56.0,61.0,63.0,66.0,70.0,73.0,77.0,81.0,84.0,87.0,94.0,107.5,inferred
Tower Hamlets,2021-10-11,69.0,79.0,87.0,90.0,92.0,97.0,102.5,107.0,112.0,115.0,118.0,127.0,141.0,inferred
Tower Hamlets,2021-10-12,65.0,76.9,84.0,86.0,89.0,94.0,98.0,103.0,108.3,112.0,115.0,123.1,137.0,inferred
Tower Hamlets,2021-10-13,67.0,77.0,85.0,88.0,90.0,95.0,100.0,106.0,111.0,114.0,117.0,126.0,142.0,inferred
Tower Hamlets,2021-10-14,62.0,73.0,81.0,84.0,86.0,91.0,96.0,101.0,106.0,109.0,113.0,122.0,134.0,inferred
Tower Hamlets,2021-10-15,56.0,66.0,73.0,75.8,79.0,83.0,87.0,93.0,98.0,100.0,104.0,112.0,125.0,inferred
Trafford,2021-07-03,97.5,109.0,117.0,119.0,121.7,127.0,131.0,136.0,142.0,145.0,148.0,157.0,172.5,inferred
Trafford,2021-07-04,109.5,122.0,130.0,133.0,135.0,140.0,146.0,151.0,156.0,159.0,163.0,170.0,184.5,inferred
Trafford,2021-07-05,164.0,180.0,189.0,193.0,196.0,202.0,209.0,215.0,221.0,225.0,229.0,239.1,255.0,inferred
Trafford,2021-07-06,154.0,169.0,179.0,182.0,186.0,192.0,198.0,203.0,208.0,212.0,216.0,226.0,243.0,inferred
Trafford,2021-07-07,160.0,172.9,183.0,186.0,190.0,196.0,201.0,207.0,213.0,217.0,221.0,232.0,249.0,inferred
Trafford,2021-07-08,153.5,167.0,175.0,178.0,181.7,188.0,193.0,199.0,206.0,210.0,214.0,225.0,241.0,inferred
Trafford,2021-07-09,135.5,147.0,156.0,159.0,163.0,167.0,173.0,179.0,186.0,190.0,194.0,204.0,220.0,inferred
Trafford,2021-07-10,108.5,122.0,130.0,134.0,136.0,142.0,147.0,152.0,157.0,160.0,164.0,176.0,189.5,inferred
Trafford,2021-07-11,117.0,130.0,139.0,143.0,146.0,150.0,156.0,162.0,168.0,171.0,174.0,184.1,199.0,inferred
Trafford,2021-07-12,173.5,187.9,197.0,201.0,205.0,212.0,219.0,226.0,232.0,237.0,242.0,253.0,269.5,inferred
Trafford,2021-07-13,160.0,176.0,186.0,190.0,194.0,200.0,208.0,214.0,220.0,224.0,228.0,238.0,255.0,inferred
Trafford,2021-07-14,159.0,174.0,184.0,188.0,192.0,198.0,204.0,211.0,218.0,221.0,225.0,236.0,253.0,inferred
Trafford,2021-07-15,146.0,162.0,172.0,176.0,180.0,186.0,192.0,197.0,204.0,207.0,210.0,222.0,241.0,inferred
Trafford,2021-07-16,128.0,139.0,148.0,151.0,155.0,160.0,165.0,170.0,175.0,179.0,183.0,193.0,209.0,inferred
Trafford,2021-07-17,96.5,110.0,118.0,121.0,123.0,128.0,132.0,137.0,143.3,146.0,149.0,157.0,169.0,inferred
Trafford,2021-07-18,101.0,113.0,121.0,123.0,126.0,131.0,135.0,140.0,145.0,148.0,151.0,161.0,174.5,inferred
Trafford,2021-07-19,141.0,155.0,165.0,168.0,172.0,177.0,183.0,189.0,195.0,198.0,202.0,214.0,231.5,inferred
Trafford,2021-07-20,124.0,137.0,146.0,150.0,153.0,158.6,164.0,169.0,176.0,179.0,183.0,193.0,210.5,inferred
Trafford,2021-07-21,114.0,129.0,137.0,140.0,143.0,149.0,154.0,160.0,166.0,169.0,173.0,183.1,200.0,inferred
Trafford,2021-07-22,102.5,115.0,123.0,126.0,129.0,134.0,138.0,143.0,149.0,152.0,155.0,164.0,176.5,inferred
Trafford,2021-07-23,82.0,90.0,98.0,101.0,103.0,107.0,112.0,117.0,122.0,125.0,128.0,136.0,149.0,inferred
Trafford,2021-07-24,60.0,69.0,75.0,78.0,80.0,84.0,87.0,91.0,95.0,98.0,100.0,107.0,120.0,inferred
Trafford,2021-07-25,60.0,68.0,74.0,76.0,78.0,82.0,86.0,90.0,95.0,97.0,99.0,108.0,119.0,inferred
Trafford,2021-07-26,81.0,91.0,98.0,101.0,103.0,108.0,113.0,117.0,122.0,125.0,128.0,137.0,149.0,inferred
Trafford,2021-07-27,73.0,81.0,88.0,91.0,93.0,98.0,102.0,107.0,112.0,114.0,117.2,125.1,137.0,inferred
Trafford,2021-07-28,75.0,84.0,90.0,92.0,95.0,99.0,103.0,108.0,112.0,115.0,118.0,126.1,137.5,inferred
Trafford,2021-07-29,70.0,81.9,88.0,91.0,93.0,98.0,101.5,106.0,111.0,114.0,117.0,125.0,137.0,inferred
Trafford,2021-07-30,64.0,73.0,79.0,82.0,84.0,88.0,92.0,95.0,99.0,102.0,105.0,112.0,124.0,inferred
Trafford,2021-07-31,51.0,60.0,66.0,68.0,70.0,74.0,78.0,81.0,85.0,87.0,90.0,98.1,112.0,inferred
Trafford,2021-08-01,55.0,64.0,71.0,73.0,75.0,79.0,83.0,87.0,91.0,94.0,97.0,105.0,115.0,inferred
Trafford,2021-08-02,85.0,96.0,103.0,105.0,108.0,113.0,118.0,123.0,129.0,131.0,134.0,142.0,155.0,inferred
Trafford,2021-08-03,81.0,91.0,98.0,102.0,104.0,108.0,113.0,118.0,123.0,126.0,129.0,138.0,152.0,inferred
Trafford,2021-08-04,82.0,94.0,102.0,104.0,106.0,111.0,116.5,121.0,126.0,129.0,132.0,139.0,153.5,inferred
Trafford,2021-08-05,80.5,93.0,99.0,101.8,104.0,109.6,114.0,119.0,123.3,127.0,130.0,138.0,153.0,inferred
Trafford,2021-08-06,72.0,82.0,89.0,92.0,94.0,98.0,102.0,107.0,111.0,114.0,117.2,126.0,139.0,inferred
Trafford,2021-08-07,59.0,68.0,74.0,76.0,79.0,83.0,86.0,90.0,95.0,98.0,100.0,108.0,121.0,inferred
Trafford,2021-08-08,66.0,75.0,81.0,84.0,86.0,91.0,94.0,99.0,104.0,106.0,109.0,116.0,129.5,inferred
Trafford,2021-08-09,97.0,109.0,117.0,120.0,123.0,129.0,133.0,138.0,144.0,147.0,150.0,159.0,173.0,inferred
Trafford,2021-08-10,93.0,104.0,111.0,114.0,116.0,122.0,127.0,131.0,137.0,140.0,143.0,152.0,167.0,inferred
Trafford,2021-08-11,94.0,105.0,113.0,116.0,118.0,123.0,127.0,132.0,137.0,141.0,144.0,152.0,167.0,inferred
Trafford,2021-08-12,89.0,100.0,108.0,110.0,113.0,118.0,123.0,128.0,133.0,136.0,139.0,147.0,161.5,inferred
Trafford,2021-08-13,77.0,86.0,94.0,96.0,99.0,103.0,108.0,113.0,118.0,120.2,124.0,132.0,145.0,inferred
Trafford,2021-08-14,64.0,72.0,78.0,80.0,82.0,86.0,90.0,94.0,99.0,101.0,104.0,111.0,124.0,inferred
Trafford,2021-08-15,67.0,76.0,83.0,85.0,87.0,91.0,95.0,100.0,104.0,107.0,110.0,118.0,131.0,inferred
Trafford,2021-08-16,98.0,109.0,118.0,121.0,124.0,129.0,133.0,138.0,143.0,147.0,150.0,160.0,175.0,inferred
Trafford,2021-08-17,90.0,101.0,109.0,112.0,114.0,119.0,123.0,129.0,134.0,137.0,140.0,150.0,163.0,inferred
Trafford,2021-08-18,92.0,102.0,109.8,112.0,115.0,120.0,124.0,128.0,134.0,137.0,140.0,149.0,162.0,inferred
Trafford,2021-08-19,88.0,97.0,105.0,108.0,110.0,115.0,119.0,124.0,129.0,132.0,135.0,144.0,157.0,inferred
Trafford,2021-08-20,73.0,84.0,92.0,94.0,97.0,101.0,106.0,110.0,114.3,117.0,121.0,128.0,140.0,inferred
Trafford,2021-08-21,61.0,69.0,75.0,77.0,80.0,83.0,88.0,92.0,96.0,98.2,101.0,108.0,120.5,inferred
Trafford,2021-08-22,64.0,72.0,79.0,82.0,84.0,88.0,92.0,96.0,100.0,102.0,105.2,113.0,123.0,inferred
Trafford,2021-08-23,92.5,106.0,113.0,116.0,119.0,123.0,128.0,133.0,138.0,141.0,145.0,156.0,172.0,inferred
Trafford,2021-08-24,87.0,98.0,106.0,109.0,112.0,116.0,121.0,125.0,131.0,134.0,137.0,145.1,158.5,inferred
Trafford,2021-08-25,89.0,98.0,106.0,109.0,112.0,117.0,122.0,127.0,131.0,134.0,137.2,146.0,160.5,inferred
Trafford,2021-08-26,85.0,96.0,103.0,106.0,109.0,114.0,119.0,124.0,130.0,133.0,135.0,144.0,158.0,inferred
Trafford,2021-08-27,76.0,86.0,92.0,94.0,97.0,102.0,106.0,111.0,116.0,118.0,121.0,129.0,146.0,inferred
Trafford,2021-08-28,61.0,71.0,77.0,79.0,81.0,85.0,89.0,92.0,97.0,99.0,102.0,109.0,123.0,inferred
Trafford,2021-08-29,66.0,76.0,82.0,84.0,86.0,90.0,94.0,99.0,104.0,106.0,109.0,117.0,130.0,inferred
Trafford,2021-08-30,96.5,109.0,117.0,120.0,123.0,128.0,133.0,138.0,144.0,146.2,149.0,160.0,174.0,inferred
Trafford,2021-08-31,92.5,104.0,111.0,114.0,117.0,122.0,126.0,131.0,137.0,140.0,143.0,153.0,169.5,inferred
Trafford,2021-09-01,95.0,106.0,114.8,118.0,121.0,125.0,130.0,134.4,140.0,143.0,146.0,157.0,169.0,inferred
Trafford,2021-09-02,93.5,103.0,111.0,114.0,117.0,122.0,128.0,132.0,137.0,140.0,143.0,152.0,165.0,inferred
Trafford,2021-09-03,79.0,92.0,99.0,102.0,104.0,109.0,114.0,118.0,122.0,125.0,128.0,137.0,149.0,inferred
Trafford,2021-09-04,67.0,76.0,82.0,85.0,88.0,91.0,95.0,99.0,103.0,106.0,108.0,117.0,128.5,inferred
Trafford,2021-09-05,72.0,82.0,88.0,91.0,93.0,97.0,101.0,105.0,110.0,113.0,116.0,124.0,137.5,inferred
Trafford,2021-09-06,106.0,116.0,125.0,128.0,130.0,136.0,141.0,146.0,151.0,154.2,157.0,167.0,183.0,inferred
Trafford,2021-09-07,95.0,107.0,114.0,117.8,120.0,125.0,130.0,136.0,141.0,144.0,148.0,157.0,170.0,inferred
Trafford,2021-09-08,93.0,106.0,113.0,116.0,118.7,123.0,128.0,133.0,138.0,141.0,144.0,152.1,168.5,inferred
Trafford,2021-09-09,85.5,96.0,103.8,106.0,109.0,115.0,119.0,123.4,129.0,132.0,135.0,143.0,156.0,inferred
Trafford,2021-09-10,72.0,82.0,89.0,92.0,94.0,98.0,103.0,107.0,111.0,114.0,116.0,124.1,138.0,inferred
Trafford,2021-09-11,56.0,65.0,71.0,73.0,75.0,79.0,83.0,86.0,91.0,93.0,96.0,105.0,114.0,inferred
Trafford,2021-09-12,56.0,66.0,72.0,74.0,76.0,80.0,84.0,89.0,93.0,95.0,98.0,105.0,118.0,inferred
Trafford,2021-09-13,84.0,94.0,102.0,104.0,107.0,111.0,116.0,120.0,124.0,127.0,131.0,140.0,152.0,inferred
Trafford,2021-09-14,78.5,88.0,96.0,99.0,102.0,106.0,111.0,115.0,120.0,123.0,126.0,133.0,146.0,inferred
Trafford,2021-09-15,84.0,95.0,102.0,105.0,107.0,112.0,117.0,122.0,128.0,131.0,134.0,142.0,155.5,inferred
Trafford,2021-09-16,87.0,98.0,105.0,108.0,110.0,116.0,120.0,125.0,130.0,133.0,136.0,146.0,158.0,inferred
Trafford,2021-09-17,80.0,91.0,98.0,101.0,104.0,109.0,113.0,117.0,122.0,125.0,129.0,138.0,150.0,inferred
Trafford,2021-09-18,70.0,80.0,86.0,89.0,91.0,95.0,99.0,103.0,108.0,111.0,113.0,121.0,134.0,inferred
Trafford,2021-09-19,80.0,89.0,96.0,99.0,101.0,107.0,111.0,116.0,121.0,123.0,126.0,135.0,150.0,inferred
Trafford,2021-09-20,122.0,134.0,143.0,147.0,150.0,155.0,161.0,167.0,173.0,176.0,179.0,190.0,208.0,inferred
Trafford,2021-09-21,121.0,133.0,142.0,145.0,148.0,153.0,159.0,164.0,170.0,174.0,178.0,187.0,202.0,inferred
Trafford,2021-09-22,126.0,140.0,150.0,153.0,156.0,161.0,166.0,172.0,178.0,181.0,185.0,195.1,213.0,inferred
Trafford,2021-09-23,126.0,140.0,148.0,151.0,154.0,160.0,166.0,171.0,177.0,181.0,184.0,193.0,210.5,inferred
Trafford,2021-09-24,116.0,126.0,134.0,138.0,140.0,146.0,151.0,156.0,162.0,166.0,170.0,178.1,195.0,inferred
Trafford,2021-09-25,98.0,108.0,116.0,119.0,122.0,127.0,131.0,135.0,141.0,144.0,147.0,156.0,171.5,inferred
Trafford,2021-09-26,109.0,119.0,128.0,131.0,134.0,139.0,144.0,149.0,155.0,158.0,162.0,172.0,187.5,inferred
Trafford,2021-09-27,160.5,174.0,184.0,189.0,192.0,199.0,205.5,212.0,218.0,223.0,227.0,239.0,255.5,inferred
Trafford,2021-09-28,164.0,175.0,186.0,189.0,192.0,198.0,204.0,211.0,218.0,222.0,227.0,238.0,260.0,inferred
Trafford,2021-09-29,174.5,188.0,199.0,203.0,206.0,212.0,219.0,225.0,230.0,234.0,238.0,249.0,268.5,inferred
Trafford,2021-09-30,180.5,198.0,208.0,211.0,215.0,221.0,227.0,233.0,239.0,242.0,246.0,258.0,275.0,inferred
Trafford,2021-10-01,168.0,185.0,195.0,198.0,202.0,208.0,214.0,220.0,227.0,231.0,235.2,247.1,265.5,inferred
Trafford,2021-10-02,151.0,163.0,173.0,176.0,180.0,186.0,193.0,198.0,204.0,207.0,211.0,221.0,239.0,inferred
Trafford,2021-10-03,166.0,186.0,195.0,200.0,203.0,210.0,216.0,222.0,228.0,232.0,235.0,246.0,265.0,inferred
Trafford,2021-10-04,259.5,279.0,291.0,295.0,300.0,308.0,317.0,324.0,333.0,337.2,343.0,357.0,380.0,inferred
Trafford,2021-10-05,250.5,269.0,279.8,285.0,290.0,298.0,305.0,312.0,320.0,325.0,330.0,347.0,371.5,inferred
Trafford,2021-10-06,246.5,265.0,278.0,282.0,286.0,295.0,302.0,309.0,318.0,323.0,328.0,344.0,365.0,inferred
Trafford,2021-10-07,232.0,252.0,265.0,268.8,273.0,280.0,287.0,295.0,302.0,305.0,310.0,324.0,346.0,inferred
Trafford,2021-10-08,199.0,215.0,226.0,230.0,234.0,241.0,246.0,253.0,260.0,264.0,267.0,280.1,297.0,inferred
Trafford,2021-10-09,157.0,173.0,183.0,186.8,189.0,195.0,202.0,208.0,215.0,218.0,222.0,234.0,250.0,inferred
Trafford,2021-10-10,166.5,178.0,189.0,193.0,197.0,204.0,209.0,215.0,222.0,225.0,229.0,239.0,259.0,inferred
Trafford,2021-10-11,231.0,248.9,260.0,265.0,268.7,275.0,282.0,290.0,299.0,304.0,308.0,321.0,340.0,inferred
Trafford,2021-10-12,206.0,224.9,235.0,239.0,244.0,251.0,257.0,265.0,272.0,276.0,281.0,295.1,315.5,inferred
Trafford,2021-10-13,195.0,213.0,223.0,228.0,231.0,238.0,245.0,252.0,260.0,264.2,269.0,283.0,302.0,inferred
Trafford,2021-10-14,177.0,192.0,202.0,206.0,210.0,217.0,224.0,230.0,236.3,241.0,246.0,260.0,282.0,inferred
Trafford,2021-10-15,143.0,158.0,167.0,171.0,175.0,181.0,186.0,193.0,199.0,203.0,208.0,220.0,242.0,inferred
Tunbridge Wells,2021-07-03,14.0,19.0,21.8,23.0,24.0,26.0,28.0,30.0,32.0,33.0,35.0,39.0,46.0,inferred
Tunbridge Wells,2021-07-04,15.0,20.0,23.0,24.0,25.0,27.0,29.0,31.0,33.0,35.0,37.0,40.0,47.0,inferred
Tunbridge Wells,2021-07-05,24.0,29.0,33.0,35.0,36.0,38.0,40.0,43.0,46.0,47.0,49.0,53.0,62.0,inferred
Tunbridge Wells,2021-07-06,23.0,28.0,32.0,34.0,35.0,38.0,40.0,43.0,45.0,47.0,49.0,54.0,61.0,inferred
Tunbridge Wells,2021-07-07,24.0,30.0,35.0,36.0,38.0,40.0,43.0,45.0,48.0,50.0,51.0,56.0,63.0,inferred
Tunbridge Wells,2021-07-08,26.0,31.0,34.0,36.0,38.0,41.0,44.0,46.0,49.0,51.0,53.0,58.0,66.0,inferred
Tunbridge Wells,2021-07-09,24.0,30.0,34.0,36.0,37.0,40.0,42.0,45.0,48.0,49.2,52.0,56.0,64.0,inferred
Tunbridge Wells,2021-07-10,21.5,27.0,31.0,33.0,34.0,36.0,39.0,42.0,44.3,46.0,47.2,53.0,61.0,inferred
Tunbridge Wells,2021-07-11,25.0,30.0,34.0,36.0,38.0,40.0,42.0,45.0,48.0,49.0,51.2,58.0,68.0,inferred
Tunbridge Wells,2021-07-12,39.0,46.0,51.0,53.0,54.0,58.0,61.0,64.0,68.0,70.0,73.0,79.0,89.0,inferred
Tunbridge Wells,2021-07-13,38.0,46.0,51.0,53.0,54.0,58.0,61.0,64.0,68.0,70.0,72.0,79.0,88.0,inferred
Tunbridge Wells,2021-07-14,41.0,48.0,53.0,55.0,56.0,60.0,63.0,66.0,69.0,71.0,74.0,80.0,88.5,inferred
Tunbridge Wells,2021-07-15,38.0,46.0,50.0,52.0,54.0,57.0,60.0,64.0,67.0,68.2,70.0,77.0,87.0,inferred
Tunbridge Wells,2021-07-16,35.5,43.0,47.0,49.0,51.0,54.0,57.0,59.0,63.0,64.0,67.0,72.0,81.5,inferred
Tunbridge Wells,2021-07-17,29.0,35.0,40.0,42.0,43.0,46.0,49.0,51.0,54.0,56.0,59.0,64.0,73.0,inferred
Tunbridge Wells,2021-07-18,31.0,37.0,42.0,43.0,45.0,48.0,50.0,53.0,56.0,58.0,60.0,65.0,73.5,inferred
Tunbridge Wells,2021-07-19,41.0,50.0,56.0,58.0,59.0,63.0,66.0,69.0,73.0,75.0,78.0,83.1,96.0,inferred
Tunbridge Wells,2021-07-20,40.0,47.9,52.0,54.0,56.0,60.0,63.0,66.0,69.0,71.0,74.0,80.0,90.5,inferred
Tunbridge Wells,2021-07-21,38.0,45.0,49.0,52.0,53.0,57.0,59.0,63.0,67.0,69.0,71.0,78.0,88.5,inferred
Tunbridge Wells,2021-07-22,33.0,39.0,43.0,45.0,47.0,50.0,52.0,55.0,59.0,61.0,63.0,69.0,78.5,inferred
Tunbridge Wells,2021-07-23,28.0,34.0,38.0,39.0,41.0,43.0,46.0,49.0,52.0,54.0,55.0,61.0,70.0,inferred
Tunbridge Wells,2021-07-24,20.0,26.0,30.0,31.0,32.0,35.0,37.0,39.0,42.0,44.0,46.0,50.0,58.0,inferred
Tunbridge Wells,2021-07-25,19.0,24.0,28.0,29.0,30.0,33.0,35.0,38.0,40.0,42.0,44.0,50.0,57.5,inferred
Tunbridge Wells,2021-07-26,26.0,32.0,37.0,38.0,40.0,43.0,46.0,48.0,51.3,54.0,55.2,60.0,69.0,inferred
Tunbridge Wells,2021-07-27,24.0,31.0,34.0,36.0,37.0,40.0,42.0,45.0,48.0,50.0,52.0,58.0,65.0,inferred
Tunbridge Wells,2021-07-28,24.0,31.0,34.0,36.0,37.0,40.0,43.0,46.0,48.0,50.0,52.0,57.0,65.0,inferred
Tunbridge Wells,2021-07-29,23.0,29.0,33.0,34.0,36.0,38.0,40.0,43.0,46.0,47.0,49.0,55.0,62.0,inferred
Tunbridge Wells,2021-07-30,20.0,26.0,29.0,31.0,32.0,35.0,37.0,40.0,42.0,44.0,46.0,50.0,59.0,inferred
Tunbridge Wells,2021-07-31,17.0,22.0,25.0,26.0,27.0,29.0,31.0,34.0,37.0,38.0,40.0,44.0,52.5,inferred
Tunbridge Wells,2021-08-01,17.0,22.0,25.0,27.0,28.0,31.0,33.0,35.0,37.0,39.0,40.0,45.0,53.0,inferred
Tunbridge Wells,2021-08-02,24.0,30.9,35.0,36.0,38.0,41.0,43.0,46.0,49.0,51.0,52.2,58.0,66.0,inferred
Tunbridge Wells,2021-08-03,24.0,29.0,34.0,35.0,37.0,39.0,42.0,44.0,47.0,49.0,51.0,56.0,63.0,inferred
Tunbridge Wells,2021-08-04,24.0,29.9,33.0,35.0,36.0,39.0,41.0,44.0,47.0,48.0,50.0,55.1,64.0,inferred
Tunbridge Wells,2021-08-05,22.0,28.0,32.0,34.0,35.0,38.0,40.0,42.0,46.0,47.0,49.0,54.0,61.0,inferred
Tunbridge Wells,2021-08-06,20.5,26.0,30.0,31.0,32.0,35.0,37.0,39.0,42.0,44.0,46.0,51.0,58.0,inferred
Tunbridge Wells,2021-08-07,17.0,22.0,25.0,27.0,28.0,30.0,32.0,34.0,37.0,39.0,40.0,45.0,54.0,inferred
Tunbridge Wells,2021-08-08,18.0,23.0,26.0,28.0,29.0,31.0,33.0,35.0,38.0,39.0,41.0,46.0,56.0,inferred
Tunbridge Wells,2021-08-09,27.0,33.0,36.0,38.0,40.0,42.0,45.0,48.0,51.0,53.0,54.0,60.0,70.0,inferred
Tunbridge Wells,2021-08-10,26.0,33.0,37.0,38.0,40.0,42.0,45.0,48.0,51.0,53.0,54.0,60.0,70.0,inferred
Tunbridge Wells,2021-08-11,28.0,33.0,38.0,40.0,42.0,44.0,48.0,51.0,54.0,55.0,57.0,61.0,71.0,inferred
Tunbridge Wells,2021-08-12,27.0,33.0,38.0,39.0,41.0,43.6,46.0,49.0,52.0,53.0,56.0,61.0,70.0,inferred
Tunbridge Wells,2021-08-13,27.0,31.0,36.0,37.0,39.0,42.0,44.0,47.0,50.0,52.0,54.0,60.0,68.5,inferred
Tunbridge Wells,2021-08-14,22.0,28.0,32.0,34.0,35.0,37.0,40.0,42.0,45.0,46.0,49.0,53.0,61.0,inferred
Tunbridge Wells,2021-08-15,25.0,30.0,34.0,36.0,38.0,40.0,42.0,45.0,48.0,49.0,51.0,57.0,66.0,inferred
Tunbridge Wells,2021-08-16,37.0,44.0,49.0,51.0,53.0,56.0,59.0,63.0,66.0,68.0,70.0,76.0,85.5,inferred
Tunbridge Wells,2021-08-17,37.0,44.0,48.0,50.0,52.0,55.0,58.0,61.0,64.0,67.0,69.0,74.0,84.0,inferred
Tunbridge Wells,2021-08-18,37.0,43.0,48.0,51.0,53.0,56.0,59.0,62.0,65.0,67.0,70.0,76.0,87.0,inferred
Tunbridge Wells,2021-08-19,34.0,40.0,46.0,48.0,49.0,52.0,55.0,58.0,61.0,63.0,65.0,71.0,80.0,inferred
Tunbridge Wells,2021-08-20,31.0,37.0,41.0,42.0,44.0,47.0,49.0,52.0,56.0,58.0,60.2,66.0,75.0,inferred
Tunbridge Wells,2021-08-21,24.0,30.0,34.0,35.0,36.7,39.0,42.0,45.0,48.0,49.0,51.0,57.0,65.0,inferred
Tunbridge Wells,2021-08-22,24.5,30.0,34.0,35.0,37.0,39.0,42.0,45.0,48.0,50.0,52.0,57.0,67.5,inferred
Tunbridge Wells,2021-08-23,36.0,42.0,47.0,48.0,50.0,53.0,56.0,59.0,62.0,64.0,67.0,73.0,82.5,inferred
Tunbridge Wells,2021-08-24,32.0,40.0,45.0,47.0,49.0,52.0,54.5,58.0,61.0,63.0,65.0,71.0,80.5,inferred
Tunbridge Wells,2021-08-25,35.0,41.0,45.0,47.0,49.0,52.0,55.0,58.0,62.0,63.0,66.0,71.0,81.0,inferred
Tunbridge Wells,2021-08-26,32.0,39.0,44.0,46.0,47.0,50.0,53.0,56.0,59.0,61.0,63.0,69.0,79.0,inferred
Tunbridge Wells,2021-08-27,30.0,36.0,40.0,42.0,44.0,47.0,50.0,52.0,55.0,57.0,60.0,65.0,76.0,inferred
Tunbridge Wells,2021-08-28,26.0,31.0,35.0,37.0,39.0,41.0,43.0,46.0,49.0,51.0,53.0,58.0,67.0,inferred
Tunbridge Wells,2021-08-29,25.0,33.0,37.0,38.0,40.0,42.0,45.0,47.0,50.0,51.0,54.0,60.0,69.0,inferred
Tunbridge Wells,2021-08-30,41.0,47.0,52.0,54.0,56.0,59.0,62.0,65.0,69.0,71.0,73.0,79.0,89.0,inferred
Tunbridge Wells,2021-08-31,38.0,45.9,50.0,52.0,54.0,57.0,60.0,63.0,67.0,69.0,72.0,78.0,89.0,inferred
Tunbridge Wells,2021-09-01,38.0,44.0,50.0,52.0,53.0,57.0,60.0,63.0,67.0,69.0,71.0,77.0,87.0,inferred
Tunbridge Wells,2021-09-02,36.0,42.0,47.0,48.0,50.0,53.0,56.0,59.0,62.0,64.0,66.0,72.0,81.5,inferred
Tunbridge Wells,2021-09-03,31.0,37.9,42.0,44.0,45.0,48.0,51.0,54.0,57.0,59.0,61.0,67.0,77.0,inferred
Tunbridge Wells,2021-09-04,25.0,31.0,35.0,36.0,38.0,40.0,43.0,45.0,48.0,50.0,52.0,57.0,66.0,inferred
Tunbridge Wells,2021-09-05,26.0,31.0,36.0,37.0,38.0,41.0,43.0,46.0,49.0,50.0,53.0,58.0,67.0,inferred
Tunbridge Wells,2021-09-06,36.0,42.0,47.0,49.0,51.0,54.0,57.0,60.0,63.0,65.0,68.0,73.0,82.0,inferred
Tunbridge Wells,2021-09-07,34.0,41.0,45.0,47.0,49.0,52.0,55.0,58.0,61.0,63.0,65.0,71.0,81.0,inferred
Tunbridge Wells,2021-09-08,34.0,41.0,46.0,48.0,49.0,52.0,55.0,58.0,61.0,63.0,65.0,70.0,81.0,inferred
Tunbridge Wells,2021-09-09,31.5,38.0,42.0,44.0,45.0,48.0,51.0,54.0,57.0,59.0,62.0,68.0,77.0,inferred
Tunbridge Wells,2021-09-10,29.0,35.0,39.0,41.0,43.0,45.0,48.0,51.0,54.0,56.0,58.0,63.0,73.0,inferred
Tunbridge Wells,2021-09-11,23.5,28.0,32.0,34.0,36.0,38.0,41.0,43.0,46.0,47.0,49.0,54.0,62.0,inferred
Tunbridge Wells,2021-09-12,25.0,30.0,33.0,35.0,36.0,39.0,41.0,43.4,47.0,49.0,51.0,55.0,65.0,inferred
Tunbridge Wells,2021-09-13,36.0,42.0,46.0,48.0,50.0,53.0,56.0,58.0,62.0,64.0,66.0,71.0,81.0,inferred
Tunbridge Wells,2021-09-14,35.0,41.0,46.0,48.0,49.0,52.0,55.0,58.0,61.0,63.0,65.0,72.0,83.0,inferred
Tunbridge Wells,2021-09-15,38.0,45.0,50.0,52.0,54.0,57.0,59.5,63.0,66.0,68.0,70.0,76.0,86.5,inferred
Tunbridge Wells,2021-09-16,38.0,45.0,50.0,52.0,54.0,57.0,60.0,63.0,66.0,68.0,70.0,76.1,87.0,inferred
Tunbridge Wells,2021-09-17,38.0,44.0,49.0,51.0,53.0,56.0,59.0,62.0,65.0,67.0,69.2,75.0,85.0,inferred
Tunbridge Wells,2021-09-18,33.0,40.0,44.0,46.0,48.0,51.0,54.0,56.0,59.3,62.0,63.2,69.0,78.0,inferred
Tunbridge Wells,2021-09-19,36.0,44.0,49.0,50.0,52.0,55.0,58.0,61.0,65.0,67.0,69.0,75.0,83.0,inferred
Tunbridge Wells,2021-09-20,56.5,65.0,71.0,74.0,75.0,79.0,83.0,87.0,91.0,93.0,96.0,103.0,115.0,inferred
Tunbridge Wells,2021-09-21,56.0,63.0,70.0,72.0,75.0,79.0,83.0,86.0,90.0,93.0,95.0,104.0,115.0,inferred
Tunbridge Wells,2021-09-22,58.0,65.0,72.0,74.0,76.0,80.0,84.0,88.0,91.0,94.0,97.0,102.0,115.0,inferred
Tunbridge Wells,2021-09-23,56.0,64.0,69.0,71.0,73.0,77.0,81.0,84.4,89.0,91.0,94.0,101.0,113.0,inferred
Tunbridge Wells,2021-09-24,50.0,58.0,64.0,66.0,68.0,72.0,75.0,79.0,83.0,85.0,88.0,94.1,105.0,inferred
Tunbridge Wells,2021-09-25,42.0,50.0,54.0,56.0,58.0,62.0,65.0,68.0,72.0,74.0,77.0,83.0,94.0,inferred
Tunbridge Wells,2021-09-26,44.5,52.0,57.0,59.8,61.0,65.0,68.0,71.0,75.0,77.0,79.0,85.0,95.0,inferred
Tunbridge Wells,2021-09-27,64.0,73.0,79.0,82.0,84.0,88.0,92.0,96.0,101.0,102.2,105.0,112.0,124.0,inferred
Tunbridge Wells,2021-09-28,59.5,69.0,75.0,77.0,79.7,84.0,87.0,92.0,96.0,98.0,101.0,109.0,122.0,inferred
Tunbridge Wells,2021-09-29,59.0,67.0,75.0,77.0,79.0,83.0,87.0,90.0,94.3,97.0,101.0,108.0,120.0,inferred
Tunbridge Wells,2021-09-30,55.0,64.0,70.0,72.0,74.0,78.0,82.0,85.0,89.0,91.0,93.0,100.0,112.0,inferred
Tunbridge Wells,2021-10-01,50.0,57.0,62.0,65.0,66.0,70.0,73.0,77.0,81.0,84.0,86.0,93.0,104.0,inferred
Tunbridge Wells,2021-10-02,41.0,47.0,52.0,54.0,56.0,59.0,62.0,65.0,68.0,70.0,73.0,79.0,89.0,inferred
Tunbridge Wells,2021-10-03,40.0,47.0,52.0,54.0,56.0,59.0,62.0,66.0,69.0,71.0,73.0,79.0,89.0,inferred
Tunbridge Wells,2021-10-04,56.0,65.0,70.0,73.0,75.0,79.0,82.0,86.0,90.0,92.0,94.2,103.0,115.0,inferred
Tunbridge Wells,2021-10-05,52.5,63.0,68.0,69.0,71.0,75.0,79.0,83.0,87.0,89.0,91.0,99.0,110.0,inferred
Tunbridge Wells,2021-10-06,55.0,63.0,69.0,71.8,73.0,77.0,81.0,84.0,88.0,90.0,92.0,100.0,110.0,inferred
Tunbridge Wells,2021-10-07,51.0,60.0,66.0,68.0,70.0,73.0,77.0,81.0,84.0,87.0,89.0,96.0,105.0,inferred
Tunbridge Wells,2021-10-08,48.0,55.9,61.0,63.0,65.0,68.0,71.5,75.0,78.0,80.0,83.0,89.0,99.0,inferred
Tunbridge Wells,2021-10-09,40.0,47.0,52.0,54.0,55.7,59.0,62.0,65.0,68.0,70.0,73.0,79.0,88.0,inferred
Tunbridge Wells,2021-10-10,41.5,49.0,54.0,56.0,58.0,61.0,64.0,68.0,71.0,73.0,76.0,82.0,93.0,inferred
Tunbridge Wells,2021-10-11,61.0,69.0,76.0,78.0,80.0,84.0,88.0,92.0,97.0,99.0,101.0,109.0,122.0,inferred
Tunbridge Wells,2021-10-12,59.0,67.0,73.0,76.0,78.0,82.0,87.0,90.0,95.0,98.0,100.0,108.0,120.0,inferred
Tunbridge Wells,2021-10-13,61.0,70.0,75.0,78.0,80.0,84.0,88.0,92.0,97.0,99.0,102.0,109.0,121.0,inferred
Tunbridge Wells,2021-10-14,56.0,65.0,72.0,74.0,76.0,80.0,84.0,88.0,93.0,95.0,98.0,106.0,117.5,inferred
Tunbridge Wells,2021-10-15,51.0,59.0,65.0,68.0,70.0,74.0,78.0,82.0,86.0,89.0,91.0,99.0,110.0,inferred
Uttlesford,2021-07-03,13.0,17.0,19.0,20.0,22.0,24.0,25.0,27.0,30.0,31.0,32.0,36.0,43.0,inferred
Uttlesford,2021-07-04,16.0,20.0,23.0,24.0,25.0,27.0,29.0,31.0,34.0,35.0,37.0,42.0,49.0,inferred
Uttlesford,2021-07-05,26.0,31.0,35.0,37.0,38.0,41.0,43.0,46.0,49.0,50.0,52.0,57.0,64.0,inferred
Uttlesford,2021-07-06,27.0,33.0,37.0,38.0,40.0,42.0,45.0,47.0,50.0,51.0,53.0,58.0,65.0,inferred
Uttlesford,2021-07-07,30.0,36.0,39.0,41.0,42.7,45.0,47.0,50.0,52.0,54.0,56.0,61.0,69.0,inferred
Uttlesford,2021-07-08,31.5,36.0,41.0,42.0,44.0,46.0,49.0,52.0,55.0,56.0,58.0,63.0,71.0,inferred
Uttlesford,2021-07-09,31.0,36.0,40.0,41.0,43.0,45.6,48.0,51.0,54.0,55.0,57.0,62.0,71.0,inferred
Uttlesford,2021-07-10,27.0,32.0,36.0,38.0,39.0,41.0,44.0,46.0,49.0,51.0,53.0,58.0,64.0,inferred
Uttlesford,2021-07-11,30.5,37.0,40.0,42.0,43.0,46.0,49.0,51.0,54.0,56.0,58.0,62.0,70.0,inferred
Uttlesford,2021-07-12,48.0,55.0,59.0,61.0,63.0,66.0,69.0,72.0,76.0,78.0,80.0,86.0,95.0,inferred
Uttlesford,2021-07-13,45.5,53.0,58.0,60.0,62.0,65.0,68.0,72.0,76.0,77.0,80.0,86.0,95.5,inferred
Uttlesford,2021-07-14,48.0,55.0,59.0,61.0,63.0,66.0,68.0,71.0,75.0,77.0,80.0,85.0,96.0,inferred
Uttlesford,2021-07-15,43.0,50.0,55.0,56.0,58.0,61.0,64.0,67.0,71.0,73.0,75.0,80.0,91.0,inferred
Uttlesford,2021-07-16,39.0,45.0,49.0,50.0,52.0,55.0,58.0,61.0,64.0,66.0,68.0,73.0,83.0,inferred
Uttlesford,2021-07-17,29.0,35.0,39.0,41.0,42.0,45.0,48.0,50.0,53.0,54.0,56.0,61.0,69.5,inferred
Uttlesford,2021-07-18,29.0,36.0,40.0,41.0,43.0,45.0,48.0,50.0,54.0,55.0,57.0,63.0,73.0,inferred
Uttlesford,2021-07-19,41.0,48.0,53.0,55.0,57.0,60.0,63.0,65.0,69.0,71.0,73.0,78.0,88.5,inferred
Uttlesford,2021-07-20,35.0,43.0,47.0,49.0,50.0,53.0,56.0,59.0,62.0,64.0,66.0,71.1,80.5,inferred
Uttlesford,2021-07-21,33.0,39.0,44.0,46.0,47.0,50.0,53.0,55.0,58.0,60.0,62.0,67.0,75.0,inferred
Uttlesford,2021-07-22,29.0,35.0,39.0,41.0,42.0,44.0,47.0,49.0,52.0,54.0,56.0,62.0,71.5,inferred
Uttlesford,2021-07-23,25.0,30.0,33.0,35.0,36.0,38.0,40.0,43.0,45.3,47.0,49.0,53.0,60.0,inferred
Uttlesford,2021-07-24,17.0,22.0,25.0,26.0,27.0,29.0,31.0,34.0,36.0,37.0,39.0,43.0,49.0,inferred
Uttlesford,2021-07-25,16.0,21.0,24.0,25.0,26.0,28.0,30.0,33.0,35.0,37.0,38.0,42.0,49.0,inferred
Uttlesford,2021-07-26,23.0,28.0,31.0,33.0,34.0,36.0,39.0,41.0,44.0,45.0,47.0,52.0,60.0,inferred
Uttlesford,2021-07-27,21.0,25.0,28.0,30.0,31.0,33.0,35.0,38.0,40.0,42.0,43.2,48.0,54.0,inferred
Uttlesford,2021-07-28,21.0,25.0,29.0,30.0,31.7,34.0,36.0,38.0,41.0,42.0,44.0,49.0,55.0,inferred
Uttlesford,2021-07-29,19.0,24.0,27.0,29.0,30.0,32.0,34.0,37.0,39.0,40.0,42.0,47.0,54.5,inferred
Uttlesford,2021-07-30,17.0,22.0,25.0,26.0,27.0,29.0,31.0,34.0,36.0,37.0,39.0,44.0,50.0,inferred
Uttlesford,2021-07-31,14.0,18.0,21.0,21.8,22.7,25.0,27.0,29.0,31.0,32.0,34.0,38.0,44.0,inferred
Uttlesford,2021-08-01,15.0,19.0,22.0,23.0,24.0,26.0,28.0,30.0,32.0,33.0,35.0,39.0,46.0,inferred
Uttlesford,2021-08-02,22.0,27.0,30.0,32.0,33.0,36.0,39.0,41.0,44.0,45.0,47.0,51.0,59.0,inferred
Uttlesford,2021-08-03,20.0,25.0,29.0,30.0,32.0,34.0,36.0,39.0,41.0,42.2,44.0,49.0,56.5,inferred
Uttlesford,2021-08-04,21.0,26.0,30.0,31.0,32.0,35.0,37.0,40.0,42.0,44.0,46.0,50.0,57.0,inferred
Uttlesford,2021-08-05,21.0,26.0,29.0,31.0,32.0,34.0,36.0,39.0,41.0,42.0,44.0,48.0,56.0,inferred
Uttlesford,2021-08-06,18.0,22.0,26.0,27.0,28.0,31.0,32.0,35.0,37.0,38.0,40.0,44.0,51.0,inferred
Uttlesford,2021-08-07,14.0,18.0,22.0,23.0,24.0,26.0,28.0,30.0,32.0,33.0,35.0,39.0,45.0,inferred
Uttlesford,2021-08-08,15.0,19.0,22.0,23.0,24.0,26.0,28.0,31.0,33.0,34.0,36.0,40.0,47.0,inferred
Uttlesford,2021-08-09,21.0,27.0,31.0,32.0,33.0,35.0,37.0,40.0,43.0,44.0,46.0,51.0,57.0,inferred
Uttlesford,2021-08-10,20.0,26.0,29.0,30.0,31.0,33.0,36.0,38.0,41.0,42.0,44.0,47.0,54.5,inferred
Uttlesford,2021-08-11,20.0,25.0,28.0,30.0,31.0,33.0,35.0,38.0,40.0,42.0,44.0,48.0,55.0,inferred
Uttlesford,2021-08-12,18.5,23.0,27.0,28.0,29.0,31.6,34.0,36.0,39.0,40.0,42.0,46.0,54.0,inferred
Uttlesford,2021-08-13,16.0,21.0,25.0,26.0,27.0,29.0,31.0,33.0,35.0,37.0,39.0,42.1,49.0,inferred
Uttlesford,2021-08-14,13.0,17.0,20.0,21.0,22.0,24.0,25.0,27.0,29.0,31.0,32.0,36.0,42.0,inferred
Uttlesford,2021-08-15,13.0,17.9,20.0,21.8,22.7,24.0,26.0,29.0,31.0,32.0,33.0,37.0,44.0,inferred
Uttlesford,2021-08-16,20.0,25.0,28.0,29.0,30.0,33.0,35.0,38.0,40.0,42.0,43.0,48.0,56.0,inferred
Uttlesford,2021-08-17,19.0,24.0,27.0,28.0,30.0,32.0,34.0,36.0,39.0,40.0,42.0,46.0,52.0,inferred
Uttlesford,2021-08-18,19.5,24.0,27.8,29.0,30.0,32.0,34.0,37.0,39.0,41.0,42.0,46.0,53.0,inferred
Uttlesford,2021-08-19,19.0,23.0,26.0,27.0,29.0,31.0,33.0,35.0,38.0,39.0,41.0,45.0,53.0,inferred
Uttlesford,2021-08-20,16.0,20.0,23.0,25.0,26.0,28.0,30.0,32.0,35.0,36.0,38.0,42.0,50.0,inferred
Uttlesford,2021-08-21,13.0,17.0,20.0,21.0,22.0,23.0,25.0,27.0,29.0,31.0,32.0,36.0,41.5,inferred
Uttlesford,2021-08-22,14.0,18.0,21.0,22.0,23.0,24.0,27.0,29.0,31.0,32.0,33.0,37.0,44.0,inferred
Uttlesford,2021-08-23,20.0,25.0,28.0,30.0,31.0,34.0,36.0,38.0,41.0,42.0,44.0,48.0,56.0,inferred
Uttlesford,2021-08-24,18.5,23.0,27.0,28.0,29.0,32.0,34.0,36.0,39.0,40.0,42.0,45.1,52.5,inferred
Uttlesford,2021-08-25,19.0,24.0,27.0,28.0,30.0,32.0,34.0,37.0,39.0,40.0,42.0,46.0,52.0,inferred
Uttlesford,2021-08-26,18.0,23.0,27.0,28.0,29.0,32.0,34.0,36.0,38.0,40.0,41.0,45.0,51.0,inferred
Uttlesford,2021-08-27,16.0,21.0,24.0,26.0,27.0,29.0,31.0,33.0,35.0,37.0,38.0,42.1,50.0,inferred
Uttlesford,2021-08-28,14.0,18.0,21.0,22.0,23.0,25.0,26.0,28.0,30.0,32.0,33.0,37.0,43.0,inferred
Uttlesford,2021-08-29,14.0,19.0,22.0,23.0,24.0,26.0,28.0,30.0,32.0,34.0,35.0,39.0,45.0,inferred
Uttlesford,2021-08-30,22.0,27.0,30.0,32.0,33.0,35.0,38.0,40.0,42.0,44.0,45.0,50.0,59.5,inferred
Uttlesford,2021-08-31,21.0,26.0,29.0,31.0,32.0,34.0,37.0,39.0,42.0,43.0,44.0,49.0,56.0,inferred
Uttlesford,2021-09-01,22.0,27.0,31.0,32.0,33.0,36.0,38.0,40.0,43.0,44.0,46.0,50.0,59.0,inferred
Uttlesford,2021-09-02,20.0,25.0,28.0,30.0,31.0,34.0,36.0,38.0,40.0,42.0,44.0,48.0,57.0,inferred
Uttlesford,2021-09-03,18.0,23.0,27.0,28.0,29.0,31.0,34.0,36.0,38.3,40.0,41.0,45.0,52.0,inferred
Uttlesford,2021-09-04,15.0,19.0,22.0,23.0,24.0,26.0,29.0,31.0,33.0,34.0,36.0,39.0,46.0,inferred
Uttlesford,2021-09-05,16.0,20.0,23.0,24.0,25.0,27.0,29.0,31.0,34.0,35.0,37.0,41.0,49.0,inferred
Uttlesford,2021-09-06,24.0,29.0,32.0,34.0,35.0,38.0,40.0,42.0,45.0,46.0,48.0,53.0,61.0,inferred
Uttlesford,2021-09-07,22.0,27.0,30.0,32.0,33.0,35.0,38.0,40.0,43.0,45.0,46.0,51.0,59.0,inferred
Uttlesford,2021-09-08,21.0,27.0,30.0,31.0,32.0,35.0,37.0,39.4,43.0,44.0,46.0,51.0,57.0,inferred
Uttlesford,2021-09-09,20.0,24.0,28.0,29.0,30.0,32.0,35.0,37.0,40.0,41.0,43.0,47.0,54.0,inferred
Uttlesford,2021-09-10,17.0,21.0,24.0,26.0,27.0,29.0,31.0,33.0,35.0,36.0,38.0,42.0,49.0,inferred
Uttlesford,2021-09-11,13.0,17.0,19.0,20.0,21.0,23.0,25.0,27.0,29.0,30.0,32.0,35.0,42.0,inferred
Uttlesford,2021-09-12,14.0,17.0,19.0,21.0,22.0,24.0,26.0,27.4,30.0,31.0,33.0,37.0,43.0,inferred
Uttlesford,2021-09-13,19.0,23.0,27.0,28.0,29.0,32.0,34.0,36.0,39.0,40.0,42.0,46.0,54.0,inferred
Uttlesford,2021-09-14,19.0,23.0,27.0,28.0,29.0,31.0,33.0,35.0,38.0,39.0,41.0,45.0,52.0,inferred
Uttlesford,2021-09-15,19.0,24.0,27.0,28.0,30.0,32.0,34.0,36.0,39.0,41.0,42.0,47.0,53.0,inferred
Uttlesford,2021-09-16,19.0,25.0,28.0,29.0,30.0,33.0,34.0,37.0,39.0,40.0,42.0,47.0,54.0,inferred
Uttlesford,2021-09-17,19.0,23.0,27.0,28.0,29.0,31.0,33.0,36.0,38.0,39.0,41.0,45.0,52.0,inferred
Uttlesford,2021-09-18,16.0,20.0,23.0,24.0,25.0,28.0,30.0,32.0,34.0,35.0,37.0,40.1,47.0,inferred
Uttlesford,2021-09-19,18.0,22.0,25.0,26.0,27.0,30.0,32.0,34.0,36.0,38.0,39.0,43.0,51.0,inferred
Uttlesford,2021-09-20,26.5,32.0,36.0,38.0,39.0,42.0,44.0,47.0,50.0,52.0,54.0,58.0,66.0,inferred
Uttlesford,2021-09-21,25.0,31.0,35.0,36.0,38.0,40.0,42.0,45.0,47.0,49.0,50.2,56.0,65.0,inferred
Uttlesford,2021-09-22,25.0,31.0,34.0,36.0,37.0,40.0,43.0,45.0,48.0,49.2,51.0,56.0,63.0,inferred
Uttlesford,2021-09-23,24.0,30.0,33.0,35.0,36.0,38.0,40.0,43.0,45.0,47.0,48.0,53.1,61.0,inferred
Uttlesford,2021-09-24,21.0,26.0,30.0,31.0,32.0,35.0,37.0,39.0,41.0,43.0,44.0,49.0,55.5,inferred
Uttlesford,2021-09-25,17.0,21.0,24.0,25.0,27.0,29.0,31.0,33.0,35.0,36.0,38.0,42.0,49.0,inferred
Uttlesford,2021-09-26,17.0,22.0,25.0,27.0,28.0,30.0,31.0,33.0,36.0,37.0,38.0,43.0,49.0,inferred
Uttlesford,2021-09-27,26.0,31.0,34.0,36.0,37.0,40.0,43.0,45.0,48.0,49.0,51.0,56.0,64.0,inferred
Uttlesford,2021-09-28,23.0,28.0,32.0,33.0,35.0,37.0,40.0,43.0,45.0,47.0,49.0,53.0,61.0,inferred
Uttlesford,2021-09-29,24.0,29.9,33.0,35.0,36.0,39.0,41.0,44.0,46.0,48.0,50.0,55.0,63.0,inferred
Uttlesford,2021-09-30,23.0,29.0,33.0,34.0,35.0,38.0,40.0,42.0,45.0,46.0,48.0,52.0,60.0,inferred
Uttlesford,2021-10-01,21.0,26.0,30.0,31.0,32.0,35.0,37.0,39.0,42.0,43.0,45.0,49.0,56.0,inferred
Uttlesford,2021-10-02,18.0,22.0,25.0,26.0,28.0,30.0,32.0,34.0,37.0,38.0,39.0,43.0,49.0,inferred
Uttlesford,2021-10-03,18.0,23.0,26.0,27.0,29.0,31.0,33.0,36.0,38.0,39.0,41.0,45.0,51.0,inferred
Uttlesford,2021-10-04,27.0,33.0,37.0,39.0,40.0,43.0,46.0,48.0,51.0,53.0,55.0,60.0,70.0,inferred
Uttlesford,2021-10-05,27.0,33.0,37.0,39.0,40.0,43.0,45.0,48.0,51.0,53.0,55.0,60.0,67.5,inferred
Uttlesford,2021-10-06,30.0,36.0,40.0,42.0,44.0,47.0,49.0,52.0,55.0,56.0,58.0,64.0,72.5,inferred
Uttlesford,2021-10-07,31.0,37.0,41.0,43.0,44.0,47.0,50.0,52.0,55.0,57.0,59.0,65.0,73.0,inferred
Uttlesford,2021-10-08,30.0,37.0,41.0,42.0,43.7,46.0,49.0,52.0,55.0,57.0,59.0,64.0,72.0,inferred
Uttlesford,2021-10-09,27.0,33.0,37.0,38.0,40.0,42.0,44.0,47.0,50.0,51.0,53.0,57.0,65.0,inferred
Uttlesford,2021-10-10,30.0,37.0,41.0,43.0,44.0,46.0,49.0,52.0,55.0,56.0,58.0,64.0,72.0,inferred
Uttlesford,2021-10-11,48.0,56.0,61.0,62.0,64.0,67.0,70.0,73.0,77.0,79.0,81.2,87.0,96.0,inferred
Uttlesford,2021-10-12,47.5,54.0,59.0,61.0,63.0,66.0,70.0,73.0,76.0,78.0,80.0,87.0,98.0,inferred
Uttlesford,2021-10-13,49.0,55.0,61.0,63.0,64.0,68.0,72.0,75.0,79.0,81.0,83.0,89.0,101.0,inferred
Uttlesford,2021-10-14,47.0,53.0,58.0,61.0,63.0,66.0,69.0,73.0,77.0,79.0,81.0,87.0,98.0,inferred
Uttlesford,2021-10-15,42.0,50.0,55.0,57.0,59.0,62.0,66.0,69.0,73.0,75.0,77.0,83.0,93.0,inferred
Vale of Glamorgan,2021-07-03,6.0,9.0,11.0,12.0,13.0,15.0,16.0,18.0,20.0,21.0,22.0,25.0,32.0,inferred
Vale of Glamorgan,2021-07-04,6.0,10.0,12.0,13.0,14.0,16.0,18.0,19.4,22.0,23.0,24.0,28.0,34.0,inferred
Vale of Glamorgan,2021-07-05,12.0,16.0,19.0,20.0,21.0,23.0,26.0,28.0,30.0,31.0,33.0,37.0,45.0,inferred
Vale of Glamorgan,2021-07-06,13.0,17.0,20.0,21.0,22.0,25.0,27.0,29.0,31.0,33.0,34.0,39.0,46.0,inferred
Vale of Glamorgan,2021-07-07,13.0,17.0,20.0,21.0,22.0,25.0,27.0,29.0,32.0,33.0,34.0,39.0,46.0,inferred
Vale of Glamorgan,2021-07-08,13.0,17.9,20.0,22.0,23.0,25.0,27.0,29.0,31.0,33.0,34.0,39.0,47.0,inferred
Vale of Glamorgan,2021-07-09,12.0,15.0,18.0,20.0,21.0,23.0,25.0,27.0,29.0,31.0,33.0,37.0,45.0,inferred
Vale of Glamorgan,2021-07-10,9.0,13.0,16.0,17.0,18.0,20.0,22.0,25.0,27.0,28.0,29.0,33.0,40.0,inferred
Vale of Glamorgan,2021-07-11,10.0,13.0,16.0,17.0,18.0,20.0,22.0,24.0,26.0,28.0,29.0,34.0,41.0,inferred
Vale of Glamorgan,2021-07-12,16.0,21.0,25.0,27.0,28.0,30.0,33.0,36.0,38.0,40.0,42.0,46.0,54.0,inferred
Vale of Glamorgan,2021-07-13,16.0,21.0,25.0,27.0,28.0,30.0,33.0,35.0,38.0,40.0,42.0,47.0,56.0,inferred
Vale of Glamorgan,2021-07-14,16.0,21.0,24.0,26.0,27.0,30.0,32.0,34.0,37.0,39.0,41.0,46.0,54.5,inferred
Vale of Glamorgan,2021-07-15,14.0,18.9,22.0,24.0,25.0,27.0,30.0,32.0,35.0,36.0,38.0,43.0,50.0,inferred
Vale of Glamorgan,2021-07-16,11.0,16.0,19.0,20.0,21.0,23.0,25.0,27.0,29.0,31.0,32.0,37.0,43.5,inferred
Vale of Glamorgan,2021-07-17,9.0,12.0,15.0,16.0,17.0,19.0,20.0,23.0,25.0,26.0,27.0,31.1,38.0,inferred
Vale of Glamorgan,2021-07-18,8.0,11.0,14.0,15.0,16.0,18.0,20.0,22.0,24.0,25.0,27.0,30.0,36.0,inferred
Vale of Glamorgan,2021-07-19,12.0,16.0,19.0,21.0,22.0,24.0,26.0,28.0,31.0,32.0,34.0,38.0,46.5,inferred
Vale of Glamorgan,2021-07-20,11.0,15.0,19.0,20.0,21.0,23.0,25.0,27.0,30.0,31.0,33.0,37.0,45.5,inferred
Vale of Glamorgan,2021-07-21,10.0,14.0,18.0,19.0,20.0,22.0,25.0,27.0,29.0,31.0,32.0,37.0,43.5,inferred
Vale of Glamorgan,2021-07-22,10.0,14.0,17.0,18.0,19.0,21.0,23.0,25.0,27.0,29.0,30.0,34.0,42.0,inferred
Vale of Glamorgan,2021-07-23,7.0,11.0,14.0,15.0,16.0,18.0,20.0,22.0,24.0,25.0,27.0,31.0,38.0,inferred
Vale of Glamorgan,2021-07-24,5.0,8.0,11.0,12.0,13.0,14.0,16.0,18.0,19.0,20.0,22.0,25.0,31.0,inferred
Vale of Glamorgan,2021-07-25,5.0,8.0,10.0,11.0,12.0,14.0,15.0,17.0,19.0,20.0,21.0,25.0,33.0,inferred
Vale of Glamorgan,2021-07-26,8.0,12.0,15.0,16.0,17.0,19.0,20.5,22.0,25.0,26.0,28.0,32.0,38.0,inferred
Vale of Glamorgan,2021-07-27,8.0,12.0,14.0,15.0,16.0,18.6,20.0,23.0,25.0,26.0,28.0,31.0,37.0,inferred
Vale of Glamorgan,2021-07-28,9.0,12.0,15.0,16.0,17.0,19.0,21.0,23.0,25.0,26.0,27.0,31.0,38.0,inferred
Vale of Glamorgan,2021-07-29,9.0,12.0,15.0,16.0,17.0,18.0,20.0,22.0,24.0,26.0,27.0,31.0,38.0,inferred
Vale of Glamorgan,2021-07-30,7.0,10.0,13.0,14.0,15.0,17.0,19.0,21.0,23.0,24.0,25.0,29.0,35.0,inferred
Vale of Glamorgan,2021-07-31,5.0,8.0,10.0,12.0,13.0,14.0,16.0,18.0,20.0,21.0,22.0,26.0,32.0,inferred
Vale of Glamorgan,2021-08-01,6.0,9.0,11.0,12.0,13.0,14.0,16.0,18.0,20.0,21.0,23.0,26.0,33.0,inferred
Vale of Glamorgan,2021-08-02,10.0,14.0,17.0,18.0,19.0,21.0,23.0,25.0,28.0,29.0,31.0,35.0,42.0,inferred
Vale of Glamorgan,2021-08-03,10.5,15.0,17.0,19.0,20.0,22.0,24.0,26.0,29.0,30.0,32.0,37.0,44.0,inferred
Vale of Glamorgan,2021-08-04,11.0,15.0,19.0,20.0,21.0,23.0,25.0,27.0,29.0,31.0,32.0,37.0,44.0,inferred
Vale of Glamorgan,2021-08-05,11.0,15.0,18.0,20.0,21.0,23.0,25.0,27.0,30.0,31.0,33.0,37.0,45.0,inferred
Vale of Glamorgan,2021-08-06,10.0,14.0,17.0,18.0,19.0,21.0,23.0,25.0,28.0,29.0,31.0,36.0,44.0,inferred
Vale of Glamorgan,2021-08-07,8.0,12.0,14.0,15.0,16.0,18.0,20.0,22.0,25.0,26.0,28.0,31.0,38.5,inferred
Vale of Glamorgan,2021-08-08,8.5,12.9,15.0,16.0,17.0,19.0,21.0,23.0,26.0,27.0,28.0,33.0,41.0,inferred
Vale of Glamorgan,2021-08-09,14.0,20.0,23.0,25.0,26.0,28.0,31.0,33.0,36.0,38.0,39.0,43.0,51.5,inferred
Vale of Glamorgan,2021-08-10,16.5,21.0,25.0,27.0,28.0,31.0,33.0,36.0,39.0,41.0,43.0,47.1,55.0,inferred
Vale of Glamorgan,2021-08-11,19.0,25.0,29.0,30.0,32.0,34.0,37.0,39.0,42.0,44.0,46.0,51.0,60.0,inferred
Vale of Glamorgan,2021-08-12,21.5,27.0,30.0,32.0,33.0,36.0,39.0,41.0,44.0,46.0,48.0,53.0,62.0,inferred
Vale of Glamorgan,2021-08-13,21.0,26.0,30.0,32.0,33.0,36.0,39.0,41.0,44.0,46.0,48.0,53.0,60.0,inferred
Vale of Glamorgan,2021-08-14,19.0,24.0,28.0,30.0,31.0,34.0,36.0,39.4,42.0,44.0,45.0,51.0,60.0,inferred
Vale of Glamorgan,2021-08-15,21.5,27.0,32.0,33.0,34.0,37.0,39.0,42.0,46.0,47.0,49.0,54.0,64.0,inferred
Vale of Glamorgan,2021-08-16,37.0,44.0,49.0,52.0,53.0,57.0,60.0,64.0,67.0,70.0,72.0,79.0,91.0,inferred
Vale of Glamorgan,2021-08-17,40.0,48.0,54.0,56.0,57.0,61.0,65.0,68.0,72.0,74.0,77.0,84.0,95.0,inferred
Vale of Glamorgan,2021-08-18,42.0,49.0,55.0,57.0,59.0,63.0,66.0,69.0,73.0,75.0,78.0,84.0,97.0,inferred
Vale of Glamorgan,2021-08-19,40.0,49.0,54.0,56.0,58.0,61.0,65.0,69.0,73.0,75.0,77.0,84.0,96.0,inferred
Vale of Glamorgan,2021-08-20,37.0,44.0,49.0,51.0,52.0,56.0,60.0,62.0,66.0,69.0,71.0,76.0,87.0,inferred
Vale of Glamorgan,2021-08-21,30.0,37.0,42.0,44.0,45.0,48.0,51.0,54.0,58.0,60.0,62.0,67.0,79.0,inferred
Vale of Glamorgan,2021-08-22,31.0,38.0,43.0,45.0,46.0,49.0,52.0,55.0,58.0,61.0,64.0,70.0,80.0,inferred
Vale of Glamorgan,2021-08-23,47.0,55.0,61.0,64.0,66.0,70.0,73.0,77.0,80.0,83.0,86.0,94.0,107.5,inferred
Vale of Glamorgan,2021-08-24,49.0,57.0,63.0,65.0,68.0,72.0,76.0,80.0,85.0,87.0,89.0,96.0,109.0,inferred
Vale of Glamorgan,2021-08-25,50.0,59.0,65.0,68.0,70.0,74.0,77.0,81.0,85.0,88.0,91.0,98.0,110.0,inferred
Vale of Glamorgan,2021-08-26,49.0,58.0,65.0,67.0,69.0,73.0,76.0,80.0,84.0,87.0,90.0,98.0,109.0,inferred
Vale of Glamorgan,2021-08-27,45.0,53.0,58.0,60.0,62.0,65.0,69.0,73.0,77.3,80.0,82.0,89.0,101.5,inferred
Vale of Glamorgan,2021-08-28,37.0,45.0,50.0,52.0,54.0,58.0,61.0,64.0,68.0,70.0,72.2,79.0,89.0,inferred
Vale of Glamorgan,2021-08-29,37.0,46.0,51.0,53.0,56.0,59.0,62.0,66.0,69.3,71.2,74.0,80.0,92.0,inferred
Vale of Glamorgan,2021-08-30,60.0,69.0,75.0,78.0,80.0,84.0,89.0,93.0,98.0,100.0,102.0,111.0,123.0,inferred
Vale of Glamorgan,2021-08-31,61.0,71.0,79.0,81.0,83.0,88.0,92.0,96.0,101.0,104.0,106.0,115.0,131.0,inferred
Vale of Glamorgan,2021-09-01,65.5,76.0,83.0,85.0,88.0,92.0,96.0,99.0,105.0,108.0,111.0,119.0,131.0,inferred
Vale of Glamorgan,2021-09-02,66.0,75.0,82.0,85.0,87.0,92.0,96.0,100.0,105.0,107.0,109.2,116.1,129.0,inferred
Vale of Glamorgan,2021-09-03,59.0,69.0,75.0,78.0,81.0,85.0,89.0,93.0,97.0,100.0,103.0,110.0,123.0,inferred
Vale of Glamorgan,2021-09-04,51.0,58.0,65.0,67.0,69.0,73.0,76.0,81.0,85.0,87.0,90.0,97.0,109.0,inferred
Vale of Glamorgan,2021-09-05,52.5,61.0,67.0,69.0,71.0,75.0,79.0,83.0,87.0,90.0,93.0,100.0,112.0,inferred
Vale of Glamorgan,2021-09-06,78.5,89.0,96.0,99.0,102.0,107.0,112.0,116.0,122.0,126.0,129.0,137.0,151.0,inferred
Vale of Glamorgan,2021-09-07,78.0,91.0,98.0,102.0,105.0,110.0,114.0,119.0,124.0,127.0,130.0,139.0,154.0,inferred
Vale of Glamorgan,2021-09-08,81.0,92.0,99.0,102.0,105.0,110.0,115.0,119.0,124.3,127.0,130.0,140.0,155.5,inferred
Vale of Glamorgan,2021-09-09,80.0,90.0,97.0,100.0,103.0,108.0,112.0,116.0,122.0,124.0,127.0,137.0,150.5,inferred
Vale of Glamorgan,2021-09-10,68.0,79.0,86.0,89.0,91.0,96.0,100.0,104.0,109.0,113.0,115.2,123.0,134.0,inferred
Vale of Glamorgan,2021-09-11,58.0,67.0,73.0,75.0,78.0,82.0,86.0,90.0,95.0,98.0,101.0,109.0,122.0,inferred
Vale of Glamorgan,2021-09-12,60.0,70.0,75.0,77.8,80.0,84.0,88.0,92.0,97.0,99.0,102.0,110.0,124.0,inferred
Vale of Glamorgan,2021-09-13,90.0,100.0,108.0,111.0,114.0,119.0,124.0,129.0,135.0,139.0,142.0,151.0,168.5,inferred
Vale of Glamorgan,2021-09-14,94.0,105.0,113.0,116.0,118.0,123.0,128.0,134.0,139.0,142.0,146.0,156.0,171.0,inferred
Vale of Glamorgan,2021-09-15,96.0,107.9,116.0,120.0,123.0,128.0,133.0,138.0,143.0,146.0,149.0,159.0,175.0,inferred
Vale of Glamorgan,2021-09-16,98.0,110.0,118.0,121.0,124.0,129.0,134.0,139.0,144.0,147.0,151.0,159.0,174.0,inferred
Vale of Glamorgan,2021-09-17,93.0,102.0,109.0,112.0,115.0,120.0,125.0,130.0,135.0,138.0,141.0,150.0,163.5,inferred
Vale of Glamorgan,2021-09-18,79.0,88.0,94.0,98.0,101.0,105.0,110.0,114.0,120.0,122.0,125.0,134.0,147.0,inferred
Vale of Glamorgan,2021-09-19,81.0,92.0,100.0,103.0,106.0,111.0,115.0,119.0,125.0,128.0,131.0,140.0,152.0,inferred
Vale of Glamorgan,2021-09-20,124.5,137.0,147.0,151.0,154.7,160.0,166.0,171.0,177.0,181.0,184.0,194.0,209.0,inferred
Vale of Glamorgan,2021-09-21,126.0,140.0,148.0,152.0,155.0,161.0,166.0,172.0,178.0,181.0,185.0,196.0,212.0,inferred
Vale of Glamorgan,2021-09-22,119.0,133.0,143.0,146.0,149.0,156.0,161.0,167.0,173.0,176.0,180.0,190.0,208.0,inferred
Vale of Glamorgan,2021-09-23,112.0,125.0,134.0,137.0,140.0,145.0,150.0,155.0,161.0,164.0,168.0,178.0,195.5,inferred
Vale of Glamorgan,2021-09-24,93.0,104.9,112.0,116.0,119.0,123.0,129.0,134.0,139.0,142.0,145.0,154.0,169.0,inferred
Vale of Glamorgan,2021-09-25,73.5,83.0,91.0,94.0,96.7,101.0,105.0,110.0,114.0,117.0,120.0,129.0,141.0,inferred
Vale of Glamorgan,2021-09-26,70.0,81.0,87.0,90.0,93.0,98.0,101.0,106.0,111.0,113.2,116.0,125.0,139.5,inferred
Vale of Glamorgan,2021-09-27,101.0,111.0,119.0,122.0,125.0,131.0,136.0,141.4,146.0,149.0,153.0,163.0,178.0,inferred
Vale of Glamorgan,2021-09-28,101.0,111.0,119.0,123.0,126.0,131.0,136.0,141.0,147.0,150.0,153.0,162.0,178.0,inferred
Vale of Glamorgan,2021-09-29,99.0,110.0,120.0,122.8,125.0,131.0,136.0,141.0,146.0,150.0,154.0,163.0,178.0,inferred
Vale of Glamorgan,2021-09-30,98.0,109.0,117.0,121.0,123.0,128.0,133.0,138.0,143.0,146.0,149.0,160.0,176.0,inferred
Vale of Glamorgan,2021-10-01,87.0,98.0,105.0,108.0,110.0,115.0,120.0,125.0,130.0,134.0,137.0,145.0,157.0,inferred
Vale of Glamorgan,2021-10-02,73.5,83.0,90.0,92.0,95.0,99.0,105.0,109.0,114.0,117.0,120.0,128.1,141.0,inferred
Vale of Glamorgan,2021-10-03,74.5,84.0,91.0,93.0,96.0,100.0,104.0,109.0,114.0,117.0,120.0,128.0,141.0,inferred
Vale of Glamorgan,2021-10-04,108.5,122.0,129.8,132.8,136.0,142.0,146.0,153.0,158.3,162.0,166.0,175.0,190.0,inferred
Vale of Glamorgan,2021-10-05,111.0,122.0,131.0,134.0,137.0,143.0,149.0,155.0,161.0,164.2,168.0,180.0,197.0,inferred
Vale of Glamorgan,2021-10-06,112.0,124.0,132.0,135.0,138.0,144.0,149.0,155.0,160.0,163.0,167.0,177.0,194.0,inferred
Vale of Glamorgan,2021-10-07,108.0,121.0,129.0,132.0,135.0,141.0,146.0,150.0,156.0,159.0,163.0,173.0,193.0,inferred
Vale of Glamorgan,2021-10-08,96.0,106.0,113.0,117.0,120.0,125.0,129.0,134.4,140.0,142.2,146.0,156.0,170.0,inferred
Vale of Glamorgan,2021-10-09,78.0,88.0,96.0,99.0,102.0,106.0,111.0,115.0,120.0,123.0,127.0,135.0,151.0,inferred
Vale of Glamorgan,2021-10-10,80.0,91.0,99.0,102.0,104.0,109.0,113.0,118.0,123.0,125.0,129.0,137.0,152.0,inferred
Vale of Glamorgan,2021-10-11,119.0,131.0,140.0,143.0,147.0,152.0,158.0,164.0,170.0,174.0,177.0,188.0,207.0,inferred
Vale of Glamorgan,2021-10-12,122.0,135.0,144.0,147.0,151.0,157.0,162.0,169.0,175.0,178.0,183.0,192.0,211.0,inferred
Vale of Glamorgan,2021-10-13,125.0,140.0,149.0,153.0,156.0,163.0,167.0,173.0,179.0,183.0,187.0,197.0,214.5,inferred
Vale of Glamorgan,2021-10-14,125.0,139.0,150.0,153.0,156.0,162.0,168.0,175.0,182.0,185.0,189.0,201.0,218.0,inferred
Vale of Glamorgan,2021-10-15,113.0,128.0,137.0,140.0,143.0,149.0,155.0,161.0,168.0,171.0,176.2,188.0,206.5,inferred
Vale of White Horse,2021-07-03,16.5,21.0,24.0,25.0,26.0,27.0,29.0,31.0,33.0,34.0,36.0,39.0,45.0,inferred
Vale of White Horse,2021-07-04,18.0,22.0,25.0,26.0,27.0,29.0,31.0,33.0,35.0,36.0,37.0,40.0,47.0,inferred
Vale of White Horse,2021-07-05,27.0,33.0,36.0,37.0,38.0,40.0,43.0,45.0,47.0,49.0,50.0,54.0,61.5,inferred
Vale of White Horse,2021-07-06,27.0,32.0,36.0,37.0,38.0,41.0,43.0,45.0,47.0,48.0,50.0,54.0,60.5,inferred
Vale of White Horse,2021-07-07,30.0,35.0,39.0,40.0,42.0,45.0,47.0,49.0,52.0,53.0,54.0,59.0,67.5,inferred
Vale of White Horse,2021-07-08,32.0,37.0,41.0,42.0,44.0,46.0,48.0,51.0,53.0,55.0,56.2,61.0,69.0,inferred
Vale of White Horse,2021-07-09,31.5,37.9,41.0,42.0,44.0,46.0,48.0,50.0,54.0,55.0,57.0,61.0,69.5,inferred
Vale of White Horse,2021-07-10,28.5,34.0,38.0,39.0,40.0,43.0,45.0,47.0,50.0,52.0,53.0,58.0,64.0,inferred
Vale of White Horse,2021-07-11,33.0,38.0,42.0,44.0,45.0,48.0,50.0,53.0,55.0,57.0,59.0,64.0,71.0,inferred
Vale of White Horse,2021-07-12,51.0,58.0,63.0,64.0,66.0,70.0,72.0,76.0,79.0,81.0,83.0,89.0,98.0,inferred
Vale of White Horse,2021-07-13,51.0,58.0,63.0,65.0,66.0,70.0,73.0,76.0,79.0,81.0,83.2,90.0,99.0,inferred
Vale of White Horse,2021-07-14,51.0,59.0,63.0,65.0,67.0,70.0,74.0,76.0,80.0,82.0,84.0,90.0,98.5,inferred
Vale of White Horse,2021-07-15,49.0,55.0,59.0,61.0,62.0,65.0,69.0,72.0,75.0,77.0,79.0,84.0,94.0,inferred
Vale of White Horse,2021-07-16,42.0,49.0,54.0,55.0,57.0,59.0,62.0,65.0,68.0,70.0,72.0,77.0,85.0,inferred
Vale of White Horse,2021-07-17,34.0,40.0,43.0,45.0,47.0,49.0,52.0,54.4,57.0,59.0,61.0,66.0,73.0,inferred
Vale of White Horse,2021-07-18,35.0,41.0,44.0,46.0,47.0,49.0,52.0,54.0,57.0,59.0,60.0,65.0,73.0,inferred
Vale of White Horse,2021-07-19,47.0,54.0,59.0,60.8,62.0,65.0,68.0,71.0,74.0,76.0,78.0,84.0,94.0,inferred
Vale of White Horse,2021-07-20,42.0,50.0,53.0,55.0,57.0,60.0,62.5,65.0,68.0,70.0,72.0,77.0,88.0,inferred
Vale of White Horse,2021-07-21,40.0,47.0,51.0,53.0,54.0,57.0,60.0,63.0,65.0,67.0,69.0,74.0,82.0,inferred
Vale of White Horse,2021-07-22,35.0,40.0,44.0,46.0,48.0,50.0,52.0,55.0,58.0,60.0,61.0,66.0,73.0,inferred
Vale of White Horse,2021-07-23,30.0,35.0,38.0,40.0,41.0,44.0,46.0,48.0,51.0,52.0,54.0,58.0,65.0,inferred
Vale of White Horse,2021-07-24,21.5,26.0,29.0,31.0,32.0,34.0,36.0,38.0,41.0,42.0,44.0,48.0,55.0,inferred
Vale of White Horse,2021-07-25,21.0,25.0,28.0,30.0,31.0,33.0,35.0,37.0,40.0,41.0,42.0,47.0,53.0,inferred
Vale of White Horse,2021-07-26,27.5,33.0,36.0,38.0,40.0,42.0,44.0,47.0,50.0,52.0,53.0,58.0,65.0,inferred
Vale of White Horse,2021-07-27,25.5,31.0,35.0,36.0,37.0,40.0,42.0,44.0,47.0,48.0,50.0,54.0,61.0,inferred
Vale of White Horse,2021-07-28,25.5,30.0,34.0,35.0,36.0,39.0,41.0,43.0,46.0,47.0,49.0,53.0,59.0,inferred
Vale of White Horse,2021-07-29,24.0,29.0,32.0,34.0,35.0,37.0,39.0,41.0,43.0,45.0,46.0,50.0,56.0,inferred
Vale of White Horse,2021-07-30,21.0,25.0,29.0,30.0,31.0,34.0,36.0,38.0,40.0,41.0,43.0,46.1,54.0,inferred
Vale of White Horse,2021-07-31,18.0,22.0,24.0,25.0,26.0,29.0,30.0,32.0,34.0,35.0,37.0,40.0,46.0,inferred
Vale of White Horse,2021-08-01,18.0,22.0,25.0,26.0,27.7,30.0,31.0,33.0,35.0,37.0,38.0,41.0,47.0,inferred
Vale of White Horse,2021-08-02,26.0,31.0,34.0,36.0,37.0,39.0,42.0,44.0,46.0,48.0,49.0,54.0,61.0,inferred
Vale of White Horse,2021-08-03,24.0,30.0,33.0,34.0,35.0,38.0,40.0,43.0,45.0,46.0,48.0,53.0,60.0,inferred
Vale of White Horse,2021-08-04,26.0,31.0,35.0,36.0,38.0,40.0,42.0,45.0,47.0,49.0,50.0,54.0,61.0,inferred
Vale of White Horse,2021-08-05,25.0,30.0,34.0,35.0,37.0,39.0,41.0,44.0,46.0,47.0,49.0,53.0,59.0,inferred
Vale of White Horse,2021-08-06,23.5,29.0,32.0,33.0,35.0,37.0,39.0,41.0,43.0,45.0,46.0,50.0,56.0,inferred
Vale of White Horse,2021-08-07,19.5,24.0,27.0,28.0,30.0,32.0,34.0,36.0,38.0,40.0,41.0,45.0,50.5,inferred
Vale of White Horse,2021-08-08,22.0,26.0,29.0,31.0,32.0,34.0,36.0,38.0,40.0,42.0,43.0,47.0,54.0,inferred
Vale of White Horse,2021-08-09,32.0,37.0,41.0,42.0,44.0,46.0,49.0,51.0,54.0,56.0,58.0,62.0,70.0,inferred
Vale of White Horse,2021-08-10,32.0,38.0,41.0,43.0,44.0,47.0,49.0,52.0,54.0,56.0,58.0,62.0,69.5,inferred
Vale of White Horse,2021-08-11,34.5,41.0,45.0,47.0,48.0,50.0,53.0,55.0,58.0,60.0,61.0,66.1,74.0,inferred
Vale of White Horse,2021-08-12,34.5,40.0,45.0,46.0,48.0,50.0,52.0,55.0,58.0,59.0,62.0,66.0,75.0,inferred
Vale of White Horse,2021-08-13,34.0,40.0,44.0,45.0,47.0,49.0,52.0,54.0,57.0,59.0,60.0,65.0,73.0,inferred
Vale of White Horse,2021-08-14,30.0,35.0,39.0,40.0,42.0,44.0,46.0,48.0,51.0,53.0,54.0,58.0,66.0,inferred
Vale of White Horse,2021-08-15,32.0,38.0,42.0,43.0,45.0,47.0,49.0,52.0,55.0,56.0,58.0,63.0,70.0,inferred
Vale of White Horse,2021-08-16,47.0,55.0,60.0,62.0,63.0,66.0,69.0,72.0,75.0,77.0,79.0,85.1,95.5,inferred
Vale of White Horse,2021-08-17,47.0,54.0,58.8,60.0,62.0,65.0,68.0,71.0,74.0,75.0,78.0,83.0,92.0,inferred
Vale of White Horse,2021-08-18,48.0,54.0,59.0,61.0,62.0,65.0,68.0,71.0,74.0,76.0,78.0,84.0,94.0,inferred
Vale of White Horse,2021-08-19,44.0,50.0,54.0,56.0,57.0,60.0,63.0,66.0,69.0,71.0,73.0,79.0,88.0,inferred
Vale of White Horse,2021-08-20,39.0,46.0,50.0,51.0,53.0,56.0,58.0,61.0,64.0,65.0,67.0,72.0,79.5,inferred
Vale of White Horse,2021-08-21,31.0,38.0,41.0,43.0,44.0,46.0,49.0,51.0,54.0,55.0,57.0,61.0,69.0,inferred
Vale of White Horse,2021-08-22,31.0,37.0,41.0,43.0,44.0,47.0,49.0,52.0,54.0,56.0,58.0,63.0,71.0,inferred
Vale of White Horse,2021-08-23,45.0,51.0,56.0,58.0,60.0,63.0,66.0,69.0,72.0,74.0,76.0,81.0,90.0,inferred
Vale of White Horse,2021-08-24,44.0,50.0,54.0,56.0,58.0,60.0,63.0,65.0,69.0,71.0,72.0,77.0,86.5,inferred
Vale of White Horse,2021-08-25,43.0,51.0,55.0,57.0,59.0,61.0,64.0,67.0,69.0,71.0,73.0,79.0,88.0,inferred
Vale of White Horse,2021-08-26,41.0,48.0,52.0,54.0,55.0,58.0,61.0,64.0,66.0,68.0,70.0,75.0,83.0,inferred
Vale of White Horse,2021-08-27,38.0,44.0,48.0,50.0,52.0,54.0,57.0,60.0,63.0,64.0,66.0,71.0,80.0,inferred
Vale of White Horse,2021-08-28,31.0,37.0,41.0,43.0,44.0,46.0,48.0,51.0,53.0,55.0,57.0,61.0,69.5,inferred
Vale of White Horse,2021-08-29,33.0,39.0,42.0,44.0,45.0,48.0,50.0,53.0,55.0,57.0,59.0,64.0,71.0,inferred
Vale of White Horse,2021-08-30,47.0,53.0,58.0,60.0,62.0,65.0,68.0,71.0,74.0,76.0,78.0,83.0,93.0,inferred
Vale of White Horse,2021-08-31,45.0,52.0,56.0,58.0,59.0,63.0,65.0,68.0,71.0,73.0,75.0,80.0,89.0,inferred
Vale of White Horse,2021-09-01,46.0,52.0,57.0,58.0,60.0,63.0,66.0,69.0,71.0,73.0,75.0,81.0,89.0,inferred
Vale of White Horse,2021-09-02,42.0,47.0,52.0,54.0,55.0,58.0,61.0,64.0,67.0,68.0,70.0,75.0,84.0,inferred
Vale of White Horse,2021-09-03,36.0,43.0,47.0,49.0,50.0,53.0,55.0,58.0,60.0,62.0,64.0,68.1,78.5,inferred
Vale of White Horse,2021-09-04,30.0,35.0,38.0,40.0,42.0,44.0,46.0,49.0,52.0,53.0,55.0,59.0,66.0,inferred
Vale of White Horse,2021-09-05,30.0,35.9,39.0,41.0,42.0,44.0,47.0,49.0,52.0,54.0,55.0,60.0,68.5,inferred
Vale of White Horse,2021-09-06,41.0,48.0,53.0,54.0,56.0,58.0,61.0,64.0,67.0,69.0,71.0,77.0,85.0,inferred
Vale of White Horse,2021-09-07,39.0,46.0,50.0,51.0,53.0,56.0,58.0,61.0,63.0,65.0,67.0,72.0,81.0,inferred
Vale of White Horse,2021-09-08,38.0,44.0,48.8,50.0,52.0,55.0,57.0,60.0,63.0,64.2,66.0,71.0,79.5,inferred
Vale of White Horse,2021-09-09,35.5,41.0,45.0,47.0,48.0,51.0,53.0,56.0,59.0,61.0,63.0,67.0,75.0,inferred
Vale of White Horse,2021-09-10,32.0,37.0,41.0,43.0,44.0,47.0,49.0,51.0,54.0,55.0,57.0,62.0,68.0,inferred
Vale of White Horse,2021-09-11,25.5,31.0,34.0,35.0,36.0,38.0,40.0,42.0,45.0,46.0,47.0,52.0,59.0,inferred
Vale of White Horse,2021-09-12,26.0,31.0,34.0,36.0,37.0,39.0,41.0,43.0,45.0,47.0,48.0,53.0,61.0,inferred
Vale of White Horse,2021-09-13,35.0,42.0,45.0,47.0,49.0,51.0,54.0,56.0,59.0,61.0,63.0,68.0,76.0,inferred
Vale of White Horse,2021-09-14,35.0,41.0,45.0,47.0,48.0,50.0,53.0,55.0,58.0,60.0,61.0,66.0,76.0,inferred
Vale of White Horse,2021-09-15,37.0,43.0,47.0,48.0,50.0,53.0,55.0,58.0,61.0,63.0,65.0,69.0,77.5,inferred
Vale of White Horse,2021-09-16,36.0,42.0,46.0,48.0,50.0,52.0,55.0,57.0,60.0,61.0,63.0,69.0,76.0,inferred
Vale of White Horse,2021-09-17,35.0,41.0,45.0,46.0,48.0,50.0,53.0,55.0,58.0,59.0,61.0,66.0,76.0,inferred
Vale of White Horse,2021-09-18,30.0,35.0,39.0,41.0,42.0,45.0,47.0,50.0,52.0,54.0,55.0,59.0,67.0,inferred
Vale of White Horse,2021-09-19,33.0,38.9,42.0,44.0,45.7,48.0,50.5,53.0,55.0,57.0,59.0,63.0,71.0,inferred
Vale of White Horse,2021-09-20,47.5,54.0,59.0,61.0,63.0,66.0,69.0,72.0,75.0,77.0,79.0,85.0,94.0,inferred
Vale of White Horse,2021-09-21,46.0,53.0,58.0,59.0,61.0,64.0,66.0,69.0,73.0,75.0,77.0,83.0,91.5,inferred
Vale of White Horse,2021-09-22,46.5,53.0,57.0,59.0,60.0,64.0,67.0,70.0,73.0,76.0,77.0,83.0,91.0,inferred
Vale of White Horse,2021-09-23,42.0,49.0,53.0,55.0,56.0,60.0,62.0,65.0,68.0,70.0,72.0,77.0,85.0,inferred
Vale of White Horse,2021-09-24,37.5,43.9,49.0,50.0,52.0,54.0,57.0,60.0,62.0,64.0,66.0,70.1,79.0,inferred
Vale of White Horse,2021-09-25,31.0,36.0,40.0,41.0,43.0,45.0,48.0,50.0,53.0,55.0,56.0,61.0,69.0,inferred
Vale of White Horse,2021-09-26,31.0,36.0,40.0,42.0,43.0,46.0,48.0,51.0,54.0,55.2,57.0,61.0,68.0,inferred
Vale of White Horse,2021-09-27,44.0,50.0,55.0,57.0,58.0,61.0,64.0,67.0,69.0,71.0,73.0,78.0,88.0,inferred
Vale of White Horse,2021-09-28,40.0,48.0,52.0,54.0,55.0,58.0,61.0,64.0,67.0,69.0,71.0,75.0,84.0,inferred
Vale of White Horse,2021-09-29,42.0,49.0,53.0,55.0,56.0,59.0,62.0,65.0,69.0,70.0,72.0,77.0,85.0,inferred
Vale of White Horse,2021-09-30,40.5,46.0,50.0,52.0,53.0,56.0,59.0,62.0,65.0,67.0,69.0,74.0,81.5,inferred
Vale of White Horse,2021-10-01,36.5,43.0,48.0,49.0,50.0,53.0,55.0,58.0,61.0,63.0,65.0,69.0,78.0,inferred
Vale of White Horse,2021-10-02,30.0,36.0,40.0,41.0,42.0,45.0,48.0,50.0,53.0,54.0,56.0,61.0,68.0,inferred
Vale of White Horse,2021-10-03,33.0,38.0,42.0,44.0,45.0,47.0,50.0,52.0,55.0,56.0,58.0,63.0,72.0,inferred
Vale of White Horse,2021-10-04,45.5,53.0,58.0,60.0,62.0,65.0,68.0,70.0,73.0,75.0,77.0,83.0,91.5,inferred
Vale of White Horse,2021-10-05,46.0,53.0,58.0,60.0,62.0,65.0,68.0,71.0,74.0,75.0,77.0,83.0,92.0,inferred
Vale of White Horse,2021-10-06,51.0,57.0,62.0,64.0,66.0,69.0,71.5,74.4,78.0,79.0,81.2,87.0,97.5,inferred
Vale of White Horse,2021-10-07,52.0,58.0,62.0,65.0,66.0,69.0,72.0,76.0,79.0,80.0,82.0,88.0,99.0,inferred
Vale of White Horse,2021-10-08,50.0,57.0,62.0,64.0,66.0,69.0,71.0,74.0,77.0,79.0,81.0,87.0,97.0,inferred
Vale of White Horse,2021-10-09,44.0,51.0,55.0,57.0,59.0,61.0,64.0,67.0,69.0,71.0,73.0,78.0,87.0,inferred
Vale of White Horse,2021-10-10,48.0,56.0,61.0,62.0,64.0,67.0,70.0,73.0,76.0,78.0,80.0,85.0,94.5,inferred
Vale of White Horse,2021-10-11,73.0,81.0,87.0,89.0,91.0,95.0,99.0,103.0,107.0,109.0,112.0,120.0,131.0,inferred
Vale of White Horse,2021-10-12,75.0,84.0,89.0,92.0,94.0,97.0,101.0,105.0,108.0,111.0,113.0,120.0,129.0,inferred
Vale of White Horse,2021-10-13,79.0,89.0,95.0,97.0,100.0,104.0,107.0,110.4,115.0,118.0,120.0,127.0,139.5,inferred
Vale of White Horse,2021-10-14,80.5,90.0,96.0,99.0,101.0,106.0,109.0,113.0,117.0,119.0,122.0,130.0,142.0,inferred
Vale of White Horse,2021-10-15,77.0,86.9,93.8,96.0,98.0,103.0,107.0,111.0,116.0,119.0,122.0,129.0,141.0,inferred
Wakefield,2021-07-03,149.0,168.0,178.0,183.0,187.0,195.0,201.0,209.0,217.0,224.0,229.0,243.0,267.0,inferred
Wakefield,2021-07-04,178.0,196.9,208.0,212.0,217.0,224.0,232.0,240.0,248.0,253.0,259.0,272.1,297.0,inferred
Wakefield,2021-07-05,279.0,300.0,314.0,319.0,324.0,333.0,341.0,348.0,357.0,363.0,369.0,384.0,411.5,inferred
Wakefield,2021-07-06,274.5,294.0,308.0,312.0,317.0,325.0,333.0,341.0,349.0,353.0,358.0,374.0,396.5,inferred
Wakefield,2021-07-07,284.0,304.0,318.0,323.0,328.0,336.0,344.0,351.0,360.0,365.0,370.0,385.0,406.5,inferred
Wakefield,2021-07-08,280.0,301.0,313.0,318.0,322.0,330.0,337.0,344.4,352.0,356.2,362.0,378.0,400.5,inferred
Wakefield,2021-07-09,263.5,281.0,293.0,298.0,303.0,312.0,320.0,328.0,337.0,340.0,344.0,357.0,377.0,inferred
Wakefield,2021-07-10,221.0,240.0,252.0,257.0,261.0,268.0,276.0,283.0,293.0,297.0,302.0,316.1,338.5,inferred
Wakefield,2021-07-11,246.0,263.9,277.0,281.0,285.0,292.6,301.0,309.0,317.0,321.2,326.2,341.0,363.5,inferred
Wakefield,2021-07-12,360.5,385.0,402.0,407.0,412.0,421.0,432.0,441.0,451.0,456.0,462.2,480.0,507.0,inferred
Wakefield,2021-07-13,338.0,361.0,377.0,383.0,387.0,397.0,407.0,416.0,427.0,431.0,437.0,454.1,481.5,inferred
Wakefield,2021-07-14,334.0,356.0,371.0,377.0,382.0,390.0,399.0,409.0,418.0,423.0,430.0,445.0,474.5,inferred
Wakefield,2021-07-15,309.0,328.9,343.0,349.0,354.7,363.0,372.0,381.0,390.0,395.2,401.0,417.0,444.0,inferred
Wakefield,2021-07-16,270.0,291.0,304.0,310.0,314.0,322.0,331.0,339.0,347.0,352.0,358.0,373.0,395.5,inferred
Wakefield,2021-07-17,215.0,231.0,243.0,248.0,253.0,260.0,267.0,275.0,283.0,287.2,292.0,306.0,331.0,inferred
Wakefield,2021-07-18,221.0,240.0,251.0,257.0,261.0,269.0,276.5,283.0,292.0,296.0,301.0,314.0,335.5,inferred
Wakefield,2021-07-19,309.0,329.0,341.8,346.0,351.0,359.0,367.0,376.0,386.0,392.0,398.0,416.0,442.5,inferred
Wakefield,2021-07-20,268.0,287.0,300.0,307.0,311.0,320.0,328.0,335.0,344.0,349.0,354.0,370.0,396.5,inferred
Wakefield,2021-07-21,245.0,266.0,279.0,284.0,288.0,296.0,305.0,312.0,320.0,324.0,329.0,341.0,366.0,inferred
Wakefield,2021-07-22,214.5,230.0,240.0,245.0,250.0,258.0,266.0,273.0,281.0,286.0,291.0,304.0,326.0,inferred
Wakefield,2021-07-23,175.5,189.0,201.0,206.0,209.0,215.0,223.0,230.0,236.0,240.0,244.0,256.0,280.0,inferred
Wakefield,2021-07-24,130.0,144.0,152.0,156.0,159.0,165.0,171.0,177.0,184.0,187.0,190.0,201.0,217.5,inferred
Wakefield,2021-07-25,126.5,140.0,149.0,152.0,155.0,162.0,167.0,174.0,180.0,183.0,187.0,198.0,216.0,inferred
Wakefield,2021-07-26,164.0,180.0,192.0,195.0,199.0,206.0,212.0,219.0,225.0,229.2,235.0,248.0,266.0,inferred
Wakefield,2021-07-27,144.0,160.0,171.0,174.0,178.0,185.0,191.0,197.0,204.0,208.0,212.0,223.0,242.5,inferred
Wakefield,2021-07-28,145.0,160.0,170.0,174.0,178.0,185.0,191.0,197.4,205.0,209.0,213.0,225.0,243.0,inferred
Wakefield,2021-07-29,139.0,155.0,164.0,168.0,171.0,177.0,183.0,190.0,197.0,200.0,204.0,214.0,235.0,inferred
Wakefield,2021-07-30,129.0,143.0,152.0,155.0,157.0,164.0,169.5,175.0,181.3,185.0,189.0,200.1,218.5,inferred
Wakefield,2021-07-31,106.0,120.0,127.0,130.0,132.0,138.0,143.0,149.0,155.0,159.0,163.0,174.0,187.0,inferred
Wakefield,2021-08-01,115.5,128.0,135.0,138.0,140.0,146.6,152.0,158.0,164.0,167.0,171.0,182.0,199.0,inferred
Wakefield,2021-08-02,164.0,180.0,189.0,193.0,198.0,205.0,211.0,218.0,226.0,230.0,235.0,247.0,266.0,inferred
Wakefield,2021-08-03,150.0,168.0,179.8,184.0,187.0,193.6,200.0,206.0,212.0,217.0,221.0,233.0,250.5,inferred
Wakefield,2021-08-04,151.0,170.0,180.0,184.0,188.0,195.0,201.0,206.0,213.0,217.0,222.0,235.0,253.0,inferred
Wakefield,2021-08-05,148.0,160.0,171.0,175.0,179.0,185.0,191.0,197.0,204.0,208.0,212.0,224.0,241.0,inferred
Wakefield,2021-08-06,134.0,148.0,158.8,162.0,165.0,171.0,177.0,182.0,189.0,192.0,196.0,207.0,224.0,inferred
Wakefield,2021-08-07,110.0,121.0,131.0,134.0,138.0,143.0,148.0,154.0,160.0,163.0,167.0,177.0,194.0,inferred
Wakefield,2021-08-08,117.0,129.0,139.0,142.0,145.0,152.0,157.0,162.0,168.0,171.2,175.0,186.0,205.0,inferred
Wakefield,2021-08-09,169.0,184.0,195.0,200.0,204.0,211.0,217.0,224.0,231.0,234.0,239.0,252.0,273.0,inferred
Wakefield,2021-08-10,155.0,174.0,183.0,187.0,190.0,196.0,202.0,208.0,216.0,221.0,225.0,238.0,259.0,inferred
Wakefield,2021-08-11,155.0,169.0,181.0,184.0,188.0,195.0,201.0,208.0,215.0,219.0,224.0,237.0,255.5,inferred
Wakefield,2021-08-12,146.0,160.0,169.0,173.0,176.7,182.0,189.0,195.0,203.0,207.0,211.0,223.0,240.0,inferred
Wakefield,2021-08-13,133.0,143.0,152.0,155.8,160.0,166.0,172.0,177.4,184.0,187.0,191.0,201.1,217.0,inferred
Wakefield,2021-08-14,102.0,115.0,124.0,127.0,130.0,135.0,140.0,145.0,151.0,154.0,158.0,167.0,184.0,inferred
Wakefield,2021-08-15,109.0,120.0,130.0,133.0,136.0,142.0,147.0,152.0,158.0,161.0,165.0,175.0,192.5,inferred
Wakefield,2021-08-16,152.0,168.9,179.0,183.0,186.7,193.0,200.0,206.4,214.0,218.0,222.0,234.0,252.5,inferred
Wakefield,2021-08-17,138.0,155.0,166.0,170.0,174.0,179.0,186.0,191.0,198.0,202.0,207.0,218.0,238.0,inferred
Wakefield,2021-08-18,141.0,154.0,164.0,167.0,170.0,177.0,183.0,189.0,197.0,200.0,204.2,217.0,233.0,inferred
Wakefield,2021-08-19,133.0,146.0,156.0,160.0,163.0,170.0,176.0,181.0,187.0,190.0,194.0,205.0,221.0,inferred
Wakefield,2021-08-20,119.0,130.9,140.0,143.0,147.0,153.0,158.0,164.0,170.3,174.2,178.0,187.0,205.0,inferred
Wakefield,2021-08-21,95.0,108.0,115.0,118.8,121.0,126.0,131.0,136.0,142.0,145.0,149.0,158.0,172.5,inferred
Wakefield,2021-08-22,98.0,110.0,118.0,122.0,125.0,130.6,137.0,141.0,147.0,151.0,154.0,165.0,182.0,inferred
Wakefield,2021-08-23,140.0,156.0,166.0,170.0,174.0,180.0,186.0,192.0,199.0,204.0,207.2,219.0,237.0,inferred
Wakefield,2021-08-24,130.5,147.0,158.0,162.0,166.0,171.0,178.0,184.0,191.0,195.0,200.0,211.0,230.5,inferred
Wakefield,2021-08-25,138.0,152.0,163.0,166.0,170.0,175.0,181.0,187.0,193.0,197.0,201.0,213.0,232.0,inferred
Wakefield,2021-08-26,137.5,152.0,162.0,166.0,169.0,175.0,181.0,187.0,194.0,197.0,201.0,211.1,230.0,inferred
Wakefield,2021-08-27,131.0,143.0,153.0,156.0,159.0,165.6,170.0,176.4,182.0,186.0,190.0,201.0,217.0,inferred
Wakefield,2021-08-28,109.0,121.0,130.0,133.0,137.0,143.0,149.0,154.0,160.0,163.0,168.0,178.0,194.0,inferred
Wakefield,2021-08-29,121.5,134.0,144.0,147.0,150.0,156.0,162.0,168.0,173.0,176.0,180.0,190.0,206.0,inferred
Wakefield,2021-08-30,178.5,196.0,207.0,211.0,215.7,222.0,229.0,236.0,243.0,246.0,251.0,264.0,283.5,inferred
Wakefield,2021-08-31,170.5,186.0,197.0,201.0,204.0,211.0,218.0,224.0,232.0,236.0,241.0,253.0,273.5,inferred
Wakefield,2021-09-01,168.5,187.0,199.0,202.0,205.0,213.0,219.0,226.0,234.0,237.0,241.0,254.0,275.0,inferred
Wakefield,2021-09-02,163.0,178.0,189.0,193.0,196.0,203.0,209.0,215.0,222.0,227.0,231.0,243.0,261.0,inferred
Wakefield,2021-09-03,147.0,161.0,171.0,174.0,178.0,184.0,190.0,196.0,203.0,207.0,212.0,223.0,241.0,inferred
Wakefield,2021-09-04,118.0,133.0,141.0,144.0,148.0,154.0,159.0,166.0,171.0,175.0,178.0,188.0,207.5,inferred
Wakefield,2021-09-05,125.5,140.0,149.0,153.0,157.0,162.0,168.0,174.0,180.0,183.2,188.0,199.0,217.0,inferred
Wakefield,2021-09-06,178.0,197.0,207.0,210.0,215.0,223.0,229.5,236.0,243.3,247.0,252.0,265.1,284.5,inferred
Wakefield,2021-09-07,162.0,179.0,190.0,194.0,197.0,204.0,210.0,217.0,225.0,229.0,234.0,246.0,267.0,inferred
Wakefield,2021-09-08,158.0,173.0,182.0,186.0,189.0,195.0,201.0,208.0,215.0,220.0,225.0,235.0,255.0,inferred
Wakefield,2021-09-09,140.5,156.0,165.0,169.0,172.0,178.0,184.0,191.0,198.0,202.0,205.0,216.1,234.0,inferred
Wakefield,2021-09-10,122.0,133.0,142.0,145.0,148.0,153.0,159.0,164.0,170.0,173.0,176.0,186.0,202.5,inferred
Wakefield,2021-09-11,92.0,102.0,111.0,114.0,117.0,123.0,128.0,132.0,138.0,141.0,145.0,154.0,168.5,inferred
Wakefield,2021-09-12,92.0,103.0,111.0,115.0,117.0,122.0,128.0,132.0,138.0,141.0,144.0,153.0,171.0,inferred
Wakefield,2021-09-13,127.0,141.0,150.0,154.0,157.0,163.0,168.5,175.0,181.0,185.0,188.0,200.0,217.0,inferred
Wakefield,2021-09-14,120.0,133.0,141.8,145.0,148.0,154.0,160.0,166.0,173.0,176.0,180.0,191.0,209.0,inferred
Wakefield,2021-09-15,127.5,144.0,152.0,156.0,160.0,166.0,172.0,178.0,184.0,188.0,193.0,203.0,221.0,inferred
Wakefield,2021-09-16,137.5,150.9,159.8,164.0,167.0,173.0,178.0,185.0,191.0,194.0,199.2,210.0,228.0,inferred
Wakefield,2021-09-17,133.5,148.0,158.0,161.0,164.0,171.0,176.5,183.0,189.0,193.0,196.0,207.0,224.0,inferred
Wakefield,2021-09-18,118.5,132.0,141.8,145.0,148.0,153.0,159.0,164.0,171.0,174.0,177.0,189.0,203.5,inferred
Wakefield,2021-09-19,138.0,151.0,160.0,164.0,168.0,174.0,180.0,186.0,192.0,196.0,200.0,211.0,232.5,inferred
Wakefield,2021-09-20,212.0,231.0,242.8,247.0,252.0,259.0,266.0,274.0,282.0,286.0,290.0,303.0,327.0,inferred
Wakefield,2021-09-21,204.0,222.0,233.8,237.8,242.0,250.0,257.0,265.0,272.3,276.2,281.0,295.0,313.0,inferred
Wakefield,2021-09-22,201.0,217.0,231.0,235.0,239.0,247.0,255.0,262.0,270.0,274.0,279.0,293.0,312.0,inferred
Wakefield,2021-09-23,192.5,207.9,220.0,224.0,228.0,235.0,242.0,247.0,256.0,260.0,264.0,277.0,298.5,inferred
Wakefield,2021-09-24,169.0,185.0,197.0,201.0,205.0,212.0,218.0,225.0,232.0,236.0,240.2,253.0,271.0,inferred
Wakefield,2021-09-25,137.0,153.0,162.0,165.0,169.0,175.0,180.0,186.0,193.0,197.0,201.0,213.0,230.0,inferred
Wakefield,2021-09-26,143.0,159.0,169.0,173.0,177.0,183.0,189.0,195.0,202.0,206.0,211.0,223.0,240.5,inferred
Wakefield,2021-09-27,206.0,224.0,235.8,240.0,243.0,251.0,258.0,265.0,273.0,277.2,284.0,297.0,318.0,inferred
Wakefield,2021-09-28,190.5,207.0,218.0,223.0,228.0,235.0,241.0,249.0,257.0,261.0,265.0,278.0,299.5,inferred
Wakefield,2021-09-29,191.0,206.0,217.0,221.0,225.0,232.0,239.0,246.0,254.0,258.0,263.0,278.0,296.0,inferred
Wakefield,2021-09-30,179.5,197.0,207.8,211.0,216.0,222.0,228.0,236.0,243.0,247.0,251.2,263.1,285.0,inferred
Wakefield,2021-10-01,164.0,179.0,188.0,193.0,196.0,203.0,209.0,215.0,222.0,226.0,230.2,242.0,260.0,inferred
Wakefield,2021-10-02,133.5,147.0,157.0,160.0,164.0,170.0,176.0,182.0,188.0,192.0,196.0,208.0,224.5,inferred
Wakefield,2021-10-03,143.0,158.0,167.0,170.0,173.0,179.0,184.0,190.0,197.0,200.0,205.0,215.0,235.0,inferred
Wakefield,2021-10-04,203.0,221.0,233.0,238.0,242.0,249.0,256.0,264.0,271.0,276.0,281.0,293.0,312.0,inferred
Wakefield,2021-10-05,191.0,206.0,219.0,223.0,227.0,234.0,242.0,249.0,256.0,260.0,264.0,277.0,298.0,inferred
Wakefield,2021-10-06,195.0,211.0,224.0,228.0,232.0,238.0,246.0,253.0,261.0,265.0,270.0,282.0,305.0,inferred
Wakefield,2021-10-07,194.0,209.0,221.0,225.0,228.7,236.0,244.0,250.0,257.3,261.0,266.0,279.0,296.5,inferred
Wakefield,2021-10-08,182.0,197.9,206.0,210.0,213.0,220.0,227.0,234.0,241.0,245.0,250.0,262.0,278.0,inferred
Wakefield,2021-10-09,150.0,164.0,173.0,178.0,182.0,188.0,195.0,202.0,208.0,210.0,214.0,226.0,245.0,inferred
Wakefield,2021-10-10,163.5,180.0,190.0,194.0,199.0,205.0,212.0,218.0,226.0,229.0,233.0,244.0,265.0,inferred
Wakefield,2021-10-11,239.0,258.0,270.0,276.0,280.0,289.0,297.0,305.0,314.0,318.0,324.0,339.0,363.0,inferred
Wakefield,2021-10-12,224.0,240.0,253.0,258.0,264.0,271.0,278.0,286.0,295.0,299.2,304.0,318.0,344.5,inferred
Wakefield,2021-10-13,217.5,235.0,249.0,254.0,258.0,267.0,274.0,281.0,290.0,294.0,300.0,312.1,333.0,inferred
Wakefield,2021-10-14,199.5,216.0,229.0,234.0,238.0,246.0,254.0,261.0,269.3,274.0,280.0,293.0,314.5,inferred
Wakefield,2021-10-15,173.0,190.0,202.0,207.0,211.0,219.0,227.0,234.0,242.0,248.0,253.0,266.0,291.0,inferred
Walsall,2021-07-03,45.0,54.0,61.0,64.0,67.0,71.0,75.0,80.0,85.0,88.0,91.0,101.0,117.0,inferred
Walsall,2021-07-04,55.0,66.0,73.0,76.0,79.0,84.0,88.0,93.0,98.0,101.0,104.0,113.0,130.5,inferred
Walsall,2021-07-05,90.0,103.0,112.0,116.0,119.0,125.0,130.0,135.0,141.0,144.0,148.2,158.0,175.0,inferred
Walsall,2021-07-06,92.0,104.0,112.0,117.0,120.0,125.0,130.0,135.0,142.0,144.2,149.0,161.0,177.0,inferred
Walsall,2021-07-07,99.0,112.0,120.0,123.0,127.0,133.0,138.0,145.0,150.0,154.0,159.0,170.0,187.0,inferred
Walsall,2021-07-08,102.0,117.0,126.0,129.0,132.0,138.0,145.0,151.0,157.0,160.0,164.0,175.0,191.0,inferred
Walsall,2021-07-09,98.0,111.0,120.0,123.0,127.0,133.0,139.0,145.0,151.0,154.0,158.0,168.0,188.5,inferred
Walsall,2021-07-10,90.0,102.0,109.0,112.0,116.0,121.0,127.0,131.0,138.0,141.2,146.0,156.0,176.0,inferred
Walsall,2021-07-11,102.5,115.0,126.0,129.0,133.0,139.0,144.0,150.0,157.0,161.0,165.0,177.0,196.0,inferred
Walsall,2021-07-12,158.0,174.0,185.0,189.8,194.0,201.0,209.0,217.0,225.0,230.0,234.0,249.0,270.0,inferred
Walsall,2021-07-13,154.0,170.9,182.0,186.0,190.0,198.0,204.0,211.0,219.0,224.0,229.0,243.0,263.0,inferred
Walsall,2021-07-14,154.0,170.9,180.0,184.8,188.7,197.0,205.0,213.0,220.0,225.0,230.0,243.0,261.5,inferred
Walsall,2021-07-15,146.0,163.0,174.0,178.0,182.0,189.0,196.0,203.0,211.0,215.0,220.0,232.0,256.0,inferred
Walsall,2021-07-16,129.0,142.0,153.0,157.0,162.0,168.0,173.0,180.0,188.0,191.2,196.0,209.0,231.0,inferred
Walsall,2021-07-17,102.5,119.0,127.8,131.0,134.0,141.0,146.0,152.0,160.0,163.0,168.0,179.0,194.0,inferred
Walsall,2021-07-18,111.0,126.0,135.0,138.0,141.0,147.0,153.0,160.0,167.0,171.0,175.0,187.1,206.0,inferred
Walsall,2021-07-19,152.0,170.0,182.0,186.0,190.0,197.0,203.0,211.0,219.0,224.0,228.0,241.0,261.0,inferred
Walsall,2021-07-20,133.5,152.0,163.0,167.0,171.0,178.0,184.0,191.0,200.0,203.0,208.0,220.0,245.0,inferred
Walsall,2021-07-21,128.0,142.9,152.0,155.0,159.0,166.0,172.0,179.0,186.0,190.0,195.0,206.0,228.0,inferred
Walsall,2021-07-22,111.0,125.0,134.0,138.0,141.0,148.0,153.5,160.0,166.3,170.0,175.0,185.0,203.0,inferred
Walsall,2021-07-23,88.0,102.0,111.0,115.0,118.0,123.0,129.0,134.0,140.0,144.0,148.0,158.0,175.0,inferred
Walsall,2021-07-24,67.5,79.0,86.0,89.0,92.0,96.0,101.5,106.0,112.0,116.0,119.0,127.0,143.0,inferred
Walsall,2021-07-25,67.0,76.0,85.0,88.0,90.0,94.6,99.0,105.0,110.0,112.0,116.0,124.0,142.5,inferred
Walsall,2021-07-26,89.5,99.9,110.0,112.8,115.0,122.0,127.0,132.0,139.0,142.0,146.0,157.0,173.5,inferred
Walsall,2021-07-27,79.5,92.0,100.0,103.0,107.0,112.0,118.0,122.0,129.0,133.0,136.0,146.0,163.5,inferred
Walsall,2021-07-28,79.0,92.0,100.0,103.0,107.0,112.0,117.0,124.0,129.0,132.0,136.0,146.0,164.0,inferred
Walsall,2021-07-29,79.0,89.0,98.0,101.0,104.0,110.0,116.0,121.0,127.0,130.0,134.0,144.0,161.0,inferred
Walsall,2021-07-30,73.5,84.0,91.0,94.0,97.0,101.0,106.5,112.0,117.0,121.0,124.0,134.0,148.0,inferred
Walsall,2021-07-31,60.0,70.9,78.0,81.0,84.0,89.0,94.0,98.0,103.0,106.0,109.0,118.0,132.0,inferred
Walsall,2021-08-01,66.0,77.0,85.0,88.0,91.0,95.0,100.0,104.0,110.0,112.0,116.0,124.0,140.0,inferred
Walsall,2021-08-02,94.0,109.0,118.0,122.0,125.0,131.0,136.0,142.0,148.0,152.0,156.0,168.0,185.5,inferred
Walsall,2021-08-03,91.5,105.9,115.0,118.0,121.0,128.0,133.0,138.4,144.0,148.0,152.0,165.0,185.0,inferred
Walsall,2021-08-04,92.5,105.9,116.0,119.0,122.0,128.0,134.0,139.0,145.0,150.0,154.0,167.0,187.0,inferred
Walsall,2021-08-05,90.5,102.9,111.0,115.0,118.0,125.0,130.0,135.0,141.0,144.0,149.0,161.0,177.0,inferred
Walsall,2021-08-06,80.0,92.0,101.0,105.0,107.0,114.0,119.0,124.0,130.3,134.0,137.0,148.0,165.0,inferred
Walsall,2021-08-07,67.5,79.0,88.0,90.0,93.0,98.0,103.0,108.0,114.0,117.0,120.0,130.1,145.0,inferred
Walsall,2021-08-08,75.0,87.0,96.0,99.0,102.0,106.0,112.0,117.0,123.0,125.0,129.0,138.0,151.5,inferred
Walsall,2021-08-09,107.0,121.0,130.0,135.0,138.0,145.0,151.0,158.0,165.0,169.0,175.0,188.0,203.5,inferred
Walsall,2021-08-10,101.0,116.0,125.0,129.0,132.0,139.6,146.0,152.0,158.0,161.0,164.0,176.0,194.0,inferred
Walsall,2021-08-11,103.0,116.0,125.8,129.0,132.0,138.0,144.0,150.0,156.0,160.0,164.0,177.0,198.0,inferred
Walsall,2021-08-12,96.5,112.0,120.0,124.0,128.0,134.0,139.0,145.0,151.3,156.0,160.2,171.0,188.5,inferred
Walsall,2021-08-13,86.0,99.0,108.0,111.0,114.0,120.0,125.0,131.0,136.0,140.0,144.0,153.0,171.5,inferred
Walsall,2021-08-14,71.0,82.0,89.0,93.0,95.0,100.0,105.0,110.0,116.0,119.2,123.0,132.0,148.0,inferred
Walsall,2021-08-15,77.0,88.0,96.0,99.0,101.7,106.0,111.0,116.0,122.0,126.0,129.0,140.0,154.5,inferred
Walsall,2021-08-16,108.5,121.0,130.0,134.0,138.0,145.0,151.0,157.0,164.0,168.0,172.0,185.1,205.5,inferred
Walsall,2021-08-17,101.0,115.0,125.0,128.0,131.0,138.0,143.0,149.0,156.0,160.0,163.0,173.1,191.0,inferred
Walsall,2021-08-18,105.0,119.0,128.0,131.0,134.0,140.0,146.0,152.0,159.0,162.0,166.0,176.0,194.0,inferred
Walsall,2021-08-19,103.0,113.0,123.0,126.0,129.0,135.0,141.0,147.0,154.0,157.0,160.0,170.0,189.0,inferred
Walsall,2021-08-20,89.0,101.0,110.0,114.0,117.0,122.0,128.0,133.0,139.0,142.0,145.2,156.0,174.0,inferred
Walsall,2021-08-21,74.0,87.0,94.0,98.0,100.0,105.0,110.0,115.0,121.0,124.0,129.0,137.0,154.5,inferred
Walsall,2021-08-22,81.0,93.0,101.0,105.0,108.0,114.0,119.0,125.0,131.0,134.0,138.0,147.1,165.0,inferred
Walsall,2021-08-23,116.0,131.0,140.0,144.0,147.0,154.0,161.0,168.0,175.0,178.0,183.0,194.1,216.0,inferred
Walsall,2021-08-24,111.0,125.0,134.0,138.0,142.0,149.0,155.0,161.0,167.0,170.0,175.0,186.0,208.0,inferred
Walsall,2021-08-25,111.0,124.0,134.0,138.0,142.0,149.0,155.0,161.0,168.0,172.0,177.0,188.0,204.5,inferred
Walsall,2021-08-26,108.0,122.0,132.8,136.0,139.0,145.0,151.0,157.0,165.0,168.2,173.0,184.0,203.0,inferred
Walsall,2021-08-27,93.0,109.0,119.0,121.0,124.0,129.6,135.0,140.0,147.0,150.0,155.0,167.0,186.0,inferred
Walsall,2021-08-28,82.0,92.0,100.0,104.0,107.0,112.0,117.0,121.0,127.0,130.0,134.0,145.0,161.5,inferred
Walsall,2021-08-29,89.0,100.0,109.0,112.0,114.0,120.0,126.0,131.0,137.0,140.0,144.0,154.1,170.0,inferred
Walsall,2021-08-30,126.0,141.0,151.0,154.0,157.0,164.0,170.0,177.0,185.0,189.0,194.0,207.0,226.0,inferred
Walsall,2021-08-31,119.5,133.0,143.0,146.0,150.0,157.0,162.0,169.0,176.0,180.0,184.0,197.0,219.0,inferred
Walsall,2021-09-01,119.0,135.0,143.8,148.0,152.0,158.6,165.0,172.0,179.0,182.0,188.0,202.0,220.0,inferred
Walsall,2021-09-02,116.0,131.0,142.0,145.0,149.0,156.0,162.0,169.0,176.0,181.0,184.0,195.1,215.0,inferred
Walsall,2021-09-03,103.0,117.0,127.0,131.0,135.0,142.0,147.0,153.0,159.0,162.2,167.0,178.0,196.0,inferred
Walsall,2021-09-04,87.0,100.0,108.0,111.0,114.0,120.0,125.0,131.0,136.0,140.0,143.0,153.0,167.5,inferred
Walsall,2021-09-05,94.0,108.0,116.0,120.0,123.0,129.0,134.0,140.0,147.0,150.0,155.0,166.0,180.0,inferred
Walsall,2021-09-06,134.0,148.0,160.0,164.0,168.0,174.0,181.0,189.0,196.3,200.0,205.0,219.0,236.0,inferred
Walsall,2021-09-07,123.5,138.0,149.0,152.0,157.0,163.0,169.0,177.0,184.0,188.0,193.0,205.0,227.0,inferred
Walsall,2021-09-08,118.0,132.9,141.0,146.0,150.0,157.0,163.0,169.0,176.0,180.0,184.0,195.0,213.5,inferred
Walsall,2021-09-09,103.0,118.0,128.0,132.0,135.0,142.0,148.0,154.0,162.0,166.0,170.0,181.1,202.5,inferred
Walsall,2021-09-10,88.0,101.0,108.8,112.0,115.0,121.0,126.0,132.0,138.0,141.0,145.0,156.0,171.0,inferred
Walsall,2021-09-11,69.0,79.0,88.0,91.0,93.0,98.0,103.0,108.0,114.0,117.0,120.0,131.0,146.0,inferred
Walsall,2021-09-12,71.0,81.0,88.0,91.0,94.0,98.0,103.0,108.0,114.0,117.0,121.0,132.0,147.0,inferred
Walsall,2021-09-13,95.5,108.9,117.0,121.0,124.0,130.0,136.0,142.0,149.0,152.0,156.0,168.0,188.0,inferred
Walsall,2021-09-14,90.0,103.0,112.0,115.0,118.0,124.0,129.0,134.0,141.0,144.0,148.0,159.0,178.0,inferred
Walsall,2021-09-15,94.0,107.0,116.0,119.0,122.0,128.0,133.0,139.0,145.0,148.0,152.0,162.1,178.5,inferred
Walsall,2021-09-16,94.0,106.0,116.0,119.8,123.0,128.0,134.0,139.0,146.0,150.0,155.0,166.0,187.0,inferred
Walsall,2021-09-17,86.0,101.0,109.0,112.0,115.0,121.0,126.0,132.0,137.0,140.0,144.0,154.0,171.5,inferred
Walsall,2021-09-18,74.0,88.0,96.0,99.0,103.0,107.0,112.0,118.0,123.0,127.0,131.0,141.0,157.0,inferred
Walsall,2021-09-19,86.0,98.0,106.0,110.0,113.0,118.0,124.0,130.0,136.0,139.0,143.0,152.0,167.0,inferred
Walsall,2021-09-20,128.0,141.9,151.0,156.0,160.0,167.0,173.0,180.0,187.0,191.0,196.0,208.0,225.0,inferred
Walsall,2021-09-21,121.0,136.0,146.0,150.8,154.0,161.0,167.5,174.0,181.0,185.0,189.0,200.0,221.0,inferred
Walsall,2021-09-22,122.0,137.0,146.0,150.0,154.0,162.0,168.0,173.0,181.0,185.0,189.2,201.0,220.5,inferred
Walsall,2021-09-23,115.0,132.0,141.0,144.0,147.0,154.0,159.0,166.0,172.0,176.0,180.0,191.0,211.5,inferred
Walsall,2021-09-24,102.0,115.0,125.0,128.0,131.0,136.0,142.0,148.0,155.0,158.0,162.0,172.0,190.5,inferred
Walsall,2021-09-25,82.5,96.0,104.0,107.8,110.0,116.0,121.0,127.0,133.0,136.0,139.0,150.0,167.0,inferred
Walsall,2021-09-26,90.0,103.0,111.0,115.0,118.0,124.0,128.0,134.0,140.0,144.0,147.0,157.0,176.0,inferred
Walsall,2021-09-27,125.0,143.0,152.0,156.0,160.0,166.0,172.5,179.0,186.0,191.0,195.2,208.0,230.0,inferred
Walsall,2021-09-28,118.0,132.0,144.0,147.0,151.0,158.0,165.0,172.0,179.0,184.0,188.0,198.0,216.0,inferred
Walsall,2021-09-29,120.0,136.0,146.0,150.0,154.0,160.0,167.0,174.0,181.0,185.0,190.0,201.0,220.0,inferred
Walsall,2021-09-30,118.0,133.0,142.0,146.0,150.0,157.0,163.0,169.0,176.0,182.0,186.0,196.1,216.5,inferred
Walsall,2021-10-01,106.0,120.0,130.0,133.0,136.0,143.0,148.0,154.0,162.0,166.0,170.0,181.0,196.0,inferred
Walsall,2021-10-02,90.0,101.0,110.0,114.0,117.0,122.0,127.0,133.0,139.0,142.0,145.0,157.0,175.0,inferred
Walsall,2021-10-03,97.0,110.0,119.0,122.0,126.0,132.0,138.0,144.0,150.0,154.0,157.0,169.0,186.0,inferred
Walsall,2021-10-04,140.5,155.0,166.0,170.0,173.0,180.0,187.0,194.0,201.0,205.0,209.0,222.1,242.0,inferred
Walsall,2021-10-05,130.0,147.0,159.0,163.0,168.0,174.0,179.0,185.4,192.0,197.0,201.0,214.0,236.0,inferred
Walsall,2021-10-06,133.0,150.0,160.0,164.0,168.0,176.0,182.0,188.0,195.0,201.0,205.0,218.0,240.0,inferred
Walsall,2021-10-07,130.0,145.0,155.0,160.0,164.0,171.0,177.0,183.0,191.0,195.0,200.0,211.0,229.0,inferred
Walsall,2021-10-08,113.5,131.0,141.0,145.0,149.0,154.0,160.0,166.0,173.0,176.0,181.0,194.0,212.0,inferred
Walsall,2021-10-09,97.0,109.0,119.0,123.0,126.0,131.0,136.0,142.0,148.0,151.0,156.0,167.0,186.0,inferred
Walsall,2021-10-10,104.0,118.0,128.0,132.0,136.0,143.0,148.0,154.0,160.0,163.0,168.0,178.1,196.5,inferred
Walsall,2021-10-11,147.0,165.0,177.0,183.0,187.0,195.0,202.0,210.0,217.0,223.0,227.0,242.0,261.5,inferred
Walsall,2021-10-12,142.5,157.0,168.0,172.0,176.0,183.0,190.0,196.0,205.0,210.0,215.0,229.0,249.5,inferred
Walsall,2021-10-13,141.5,156.0,167.0,171.0,175.0,183.0,190.0,197.0,204.0,209.0,213.0,225.0,251.0,inferred
Walsall,2021-10-14,132.0,149.0,160.0,166.0,169.0,176.0,183.0,190.0,198.0,202.0,207.0,220.0,243.0,inferred
Walsall,2021-10-15,115.0,130.0,142.0,147.0,151.0,157.0,164.0,171.0,178.0,182.0,187.0,200.0,220.0,inferred
Waltham Forest,2021-07-03,47.5,54.9,60.0,62.0,64.0,67.0,70.0,74.0,77.0,80.0,82.0,88.0,99.0,inferred
Waltham Forest,2021-07-04,50.0,58.0,63.0,66.0,68.0,71.0,75.0,78.0,82.0,85.0,88.0,94.1,105.0,inferred
Waltham Forest,2021-07-05,77.0,89.0,95.0,98.0,100.0,105.0,109.0,113.0,117.0,120.0,122.0,131.0,146.0,inferred
Waltham Forest,2021-07-06,80.0,91.0,97.0,100.0,102.0,107.0,111.0,115.0,119.0,122.0,125.0,132.0,144.5,inferred
Waltham Forest,2021-07-07,88.0,98.0,105.0,107.0,110.0,114.0,118.0,122.0,126.0,129.0,132.0,139.1,153.0,inferred
Waltham Forest,2021-07-08,88.0,98.0,105.0,108.0,110.0,114.0,118.0,123.0,127.0,130.0,133.0,142.0,155.5,inferred
Waltham Forest,2021-07-09,83.0,94.0,101.0,103.0,105.0,109.0,113.0,118.0,123.0,126.0,129.0,137.0,149.5,inferred
Waltham Forest,2021-07-10,74.0,84.0,90.0,92.0,94.0,98.0,102.0,107.0,111.0,113.0,116.0,124.0,137.0,inferred
Waltham Forest,2021-07-11,79.0,88.0,96.0,99.0,102.0,105.0,109.0,112.0,117.0,119.2,122.0,130.0,143.0,inferred
Waltham Forest,2021-07-12,119.5,132.0,140.0,143.0,145.0,151.0,157.0,162.0,167.0,170.0,174.0,182.0,196.0,inferred
Waltham Forest,2021-07-13,119.0,130.0,140.0,143.0,145.0,151.0,156.0,160.0,166.0,169.0,171.0,180.0,195.0,inferred
Waltham Forest,2021-07-14,126.0,137.0,146.0,149.0,152.0,158.0,163.0,168.0,173.0,176.0,180.0,188.0,207.0,inferred
Waltham Forest,2021-07-15,123.0,135.0,143.0,146.0,149.0,154.0,159.0,164.0,169.0,172.0,176.0,185.0,202.0,inferred
Waltham Forest,2021-07-16,113.5,125.0,134.0,137.0,140.0,145.0,150.0,154.0,159.0,162.0,165.0,175.0,189.0,inferred
Waltham Forest,2021-07-17,96.0,106.0,113.8,117.0,119.0,124.0,128.5,133.0,138.0,141.0,144.0,153.0,165.0,inferred
Waltham Forest,2021-07-18,98.0,108.0,115.0,118.0,121.0,126.0,131.0,135.0,141.0,143.0,146.0,154.0,167.5,inferred
Waltham Forest,2021-07-19,141.0,152.0,161.0,164.8,167.7,172.0,177.0,184.0,190.0,192.0,196.0,206.0,222.0,inferred
Waltham Forest,2021-07-20,132.0,143.0,152.0,155.0,158.0,164.0,169.0,174.0,180.0,184.0,187.0,196.0,212.0,inferred
Waltham Forest,2021-07-21,125.0,138.0,146.0,149.0,152.0,158.0,162.0,167.0,173.0,176.0,179.0,189.0,204.0,inferred
Waltham Forest,2021-07-22,113.0,124.0,131.0,135.0,137.0,142.0,146.0,151.0,157.0,160.0,163.2,173.0,188.5,inferred
Waltham Forest,2021-07-23,93.5,103.0,111.0,114.0,117.0,121.0,125.0,130.0,136.0,138.0,140.0,150.0,165.5,inferred
Waltham Forest,2021-07-24,74.0,84.0,90.0,92.0,94.0,98.0,101.0,105.0,110.0,112.0,115.0,123.0,135.5,inferred
Waltham Forest,2021-07-25,68.0,76.0,83.0,85.0,87.0,92.0,95.0,100.0,104.0,107.0,109.0,117.1,127.5,inferred
Waltham Forest,2021-07-26,92.5,102.0,109.0,112.0,114.0,120.0,124.0,129.0,134.0,136.0,138.2,147.0,160.0,inferred
Waltham Forest,2021-07-27,85.5,95.9,102.0,105.0,108.0,111.0,116.0,120.4,126.0,128.0,132.0,139.0,151.0,inferred
Waltham Forest,2021-07-28,84.0,95.0,102.0,104.8,107.0,111.0,116.0,121.0,125.0,128.0,131.0,140.0,153.5,inferred
Waltham Forest,2021-07-29,81.0,92.0,99.0,102.0,104.7,109.0,113.0,117.0,122.0,124.0,128.0,136.0,148.5,inferred
Waltham Forest,2021-07-30,74.0,84.0,90.0,93.0,95.0,99.0,103.0,107.0,112.0,114.0,117.0,124.0,136.0,inferred
Waltham Forest,2021-07-31,61.0,70.0,76.0,78.8,80.0,84.0,88.0,91.0,95.0,97.0,100.0,106.0,117.0,inferred
Waltham Forest,2021-08-01,61.0,69.0,75.0,77.0,80.0,83.0,87.0,91.0,95.0,98.0,100.0,107.0,119.0,inferred
Waltham Forest,2021-08-02,86.0,97.0,104.0,107.0,110.0,114.0,118.0,122.0,128.0,131.0,134.0,143.0,155.5,inferred
Waltham Forest,2021-08-03,84.0,94.0,101.0,103.0,106.0,110.0,114.0,118.0,124.0,126.0,129.0,137.0,149.0,inferred
Waltham Forest,2021-08-04,84.0,95.0,102.0,105.0,108.0,112.0,117.0,121.0,125.0,127.0,131.0,140.0,152.0,inferred
Waltham Forest,2021-08-05,81.5,91.0,98.0,101.0,103.0,107.0,111.0,116.0,120.0,123.0,125.0,134.0,147.0,inferred
Waltham Forest,2021-08-06,74.0,83.0,89.0,91.0,94.0,98.0,102.0,106.0,110.0,113.0,116.0,123.0,133.0,inferred
Waltham Forest,2021-08-07,60.0,69.0,76.0,78.0,80.0,84.0,87.0,91.0,95.0,97.0,99.0,106.0,117.0,inferred
Waltham Forest,2021-08-08,62.0,70.9,77.0,79.0,81.0,85.0,88.0,92.0,96.0,98.0,100.0,107.1,118.0,inferred
Waltham Forest,2021-08-09,89.0,98.0,105.0,107.0,110.0,114.0,119.0,124.0,129.0,131.0,134.0,141.0,154.0,inferred
Waltham Forest,2021-08-10,84.5,94.0,100.0,103.0,105.7,110.0,114.0,119.0,123.0,126.0,129.0,138.0,148.0,inferred
Waltham Forest,2021-08-11,85.0,95.0,102.0,104.0,106.0,110.0,115.0,119.0,124.0,126.0,129.0,137.0,150.0,inferred
Waltham Forest,2021-08-12,79.0,90.0,96.0,99.0,101.0,106.0,110.0,114.0,119.0,121.0,124.0,132.0,146.0,inferred
Waltham Forest,2021-08-13,70.5,80.0,86.0,88.0,91.0,96.0,100.0,104.0,108.0,110.0,113.0,121.0,133.5,inferred
Waltham Forest,2021-08-14,59.0,67.0,72.0,74.0,76.0,80.0,83.0,88.0,92.0,94.0,96.2,103.0,113.5,inferred
Waltham Forest,2021-08-15,57.0,66.0,72.0,75.0,76.0,80.0,84.0,88.0,92.0,94.0,96.0,103.0,113.0,inferred
Waltham Forest,2021-08-16,82.0,91.0,99.0,101.8,104.0,108.0,112.0,117.0,121.0,123.0,127.0,134.0,145.0,inferred
Waltham Forest,2021-08-17,79.0,87.0,94.0,97.0,99.0,103.0,107.0,112.0,116.0,119.0,121.0,130.0,142.5,inferred
Waltham Forest,2021-08-18,78.0,88.0,94.0,96.0,99.0,103.0,108.0,112.0,117.0,120.0,123.0,130.0,141.0,inferred
Waltham Forest,2021-08-19,74.0,83.0,89.0,92.0,94.0,98.0,102.0,106.0,110.0,113.0,115.0,124.0,135.0,inferred
Waltham Forest,2021-08-20,65.0,74.0,80.0,82.0,84.0,88.0,92.0,96.0,100.0,103.0,105.0,113.0,124.0,inferred
Waltham Forest,2021-08-21,52.5,61.0,66.0,68.0,70.0,73.0,77.0,80.0,84.0,86.0,89.0,95.0,104.0,inferred
Waltham Forest,2021-08-22,51.0,60.0,65.0,68.0,70.0,73.0,76.0,80.0,84.0,86.0,88.0,95.0,106.0,inferred
Waltham Forest,2021-08-23,74.0,83.0,89.0,92.0,95.0,99.0,103.0,107.0,112.0,114.0,117.0,124.0,136.0,inferred
Waltham Forest,2021-08-24,70.0,79.0,86.0,89.0,91.0,94.0,98.0,102.0,107.0,109.0,113.0,120.0,131.0,inferred
Waltham Forest,2021-08-25,71.0,82.0,88.0,90.0,93.0,96.0,100.0,105.0,110.0,112.0,115.0,122.0,134.0,inferred
Waltham Forest,2021-08-26,69.0,79.0,85.0,88.0,90.0,94.0,98.0,102.0,107.0,109.0,112.0,118.0,129.0,inferred
Waltham Forest,2021-08-27,66.0,73.0,78.0,81.0,83.0,87.0,90.0,94.0,98.0,100.0,103.0,111.0,122.5,inferred
Waltham Forest,2021-08-28,53.5,61.0,66.0,68.0,70.0,74.0,78.0,81.0,85.0,88.0,90.0,97.0,107.0,inferred
Waltham Forest,2021-08-29,54.0,62.0,67.0,69.0,71.0,75.0,78.0,82.0,85.0,87.0,90.0,96.0,107.0,inferred
Waltham Forest,2021-08-30,80.0,89.0,95.0,98.0,100.0,104.0,108.0,112.0,116.0,119.0,122.0,130.0,142.5,inferred
Waltham Forest,2021-08-31,76.0,86.0,91.0,94.0,96.0,101.0,105.0,109.0,113.0,115.0,118.0,126.0,139.0,inferred
Waltham Forest,2021-09-01,77.5,87.0,94.0,97.8,100.0,104.0,108.0,113.0,118.0,120.0,122.0,130.0,142.0,inferred
Waltham Forest,2021-09-02,78.0,88.0,94.0,97.0,99.0,103.0,107.0,111.0,115.0,118.0,120.0,127.0,140.0,inferred
Waltham Forest,2021-09-03,70.0,80.0,86.0,88.0,91.0,95.0,98.0,103.0,107.0,109.0,111.0,118.0,129.5,inferred
Waltham Forest,2021-09-04,59.5,69.0,74.0,76.0,78.0,82.0,85.0,89.0,93.0,96.0,98.0,106.0,118.0,inferred
Waltham Forest,2021-09-05,61.0,70.0,75.0,77.0,79.0,83.0,87.0,91.0,95.0,97.0,99.0,107.0,119.0,inferred
Waltham Forest,2021-09-06,90.0,99.0,105.8,108.0,111.0,116.0,119.0,124.0,129.0,131.0,133.0,142.0,155.0,inferred
Waltham Forest,2021-09-07,81.0,93.0,99.0,102.0,104.0,108.0,113.0,117.0,121.0,123.0,126.0,133.0,147.5,inferred
Waltham Forest,2021-09-08,77.0,88.0,95.0,97.0,99.0,103.0,108.0,112.0,116.0,118.0,121.0,129.0,142.5,inferred
Waltham Forest,2021-09-09,68.0,78.0,85.0,87.0,89.0,93.0,97.0,101.0,105.0,108.0,111.0,119.1,131.0,inferred
Waltham Forest,2021-09-10,57.0,65.0,71.0,73.0,75.0,78.0,82.0,85.0,90.0,92.0,95.0,102.0,114.0,inferred
Waltham Forest,2021-09-11,44.5,51.0,56.0,58.0,60.0,63.0,66.0,69.0,73.3,76.0,78.0,84.0,95.0,inferred
Waltham Forest,2021-09-12,40.0,46.0,52.0,54.0,56.0,59.0,62.0,65.0,68.0,70.0,72.0,78.0,88.0,inferred
Waltham Forest,2021-09-13,54.5,63.0,69.0,71.0,73.0,77.0,80.5,84.0,87.0,90.0,92.0,99.0,108.0,inferred
Waltham Forest,2021-09-14,50.0,58.0,63.0,66.0,68.0,72.0,75.0,78.0,82.0,84.0,86.2,93.0,103.5,inferred
Waltham Forest,2021-09-15,53.0,60.0,65.0,67.0,69.0,73.0,76.0,80.0,84.0,86.0,88.0,94.0,106.0,inferred
Waltham Forest,2021-09-16,50.0,59.0,63.0,66.0,68.0,71.0,75.0,78.0,81.0,83.0,86.0,92.0,103.0,inferred
Waltham Forest,2021-09-17,45.0,53.0,58.0,60.0,62.0,65.0,68.0,72.0,75.0,77.0,79.0,86.0,96.5,inferred
Waltham Forest,2021-09-18,37.0,45.0,50.0,52.0,53.0,56.0,59.0,62.0,66.0,68.0,70.0,76.0,86.0,inferred
Waltham Forest,2021-09-19,39.0,45.0,50.0,52.0,54.0,56.0,59.0,63.0,66.0,68.0,70.0,76.0,85.0,inferred
Waltham Forest,2021-09-20,58.0,66.0,71.0,72.0,74.0,78.0,81.0,85.0,89.0,91.0,93.0,101.0,112.0,inferred
Waltham Forest,2021-09-21,54.0,63.0,69.0,71.0,73.0,77.0,79.0,83.0,87.0,89.0,92.0,99.0,109.0,inferred
Waltham Forest,2021-09-22,56.0,64.0,70.0,72.0,74.0,77.0,81.0,84.0,88.0,90.0,93.0,100.0,110.0,inferred
Waltham Forest,2021-09-23,55.0,62.0,67.0,69.0,71.0,74.0,78.0,81.0,85.0,88.0,90.0,96.0,106.0,inferred
Waltham Forest,2021-09-24,48.0,56.0,61.0,63.0,65.0,69.0,72.0,75.0,79.0,81.0,83.0,90.0,101.0,inferred
Waltham Forest,2021-09-25,40.0,47.0,51.0,53.0,55.0,58.0,61.0,64.0,68.0,69.0,72.0,78.0,88.0,inferred
Waltham Forest,2021-09-26,40.0,47.0,52.0,54.0,55.0,59.0,62.0,66.0,69.0,71.0,73.0,78.0,87.0,inferred
Waltham Forest,2021-09-27,57.5,67.0,73.0,75.0,77.0,81.0,84.0,88.0,92.0,94.0,96.0,103.0,113.0,inferred
Waltham Forest,2021-09-28,56.5,65.0,71.0,73.0,75.0,78.0,81.0,85.0,89.0,91.0,93.0,100.0,113.0,inferred
Waltham Forest,2021-09-29,56.0,66.0,71.0,73.0,75.0,79.0,82.0,86.0,90.0,92.0,95.0,101.0,113.0,inferred
Waltham Forest,2021-09-30,55.0,63.0,69.0,71.0,73.0,77.0,80.0,84.0,87.0,90.0,93.0,100.0,111.0,inferred
Waltham Forest,2021-10-01,50.0,58.0,62.0,64.0,66.0,70.0,73.0,76.0,80.0,82.0,85.0,91.0,101.0,inferred
Waltham Forest,2021-10-02,42.0,49.0,54.0,56.0,57.0,60.0,64.0,67.0,70.0,72.0,74.0,79.0,90.0,inferred
Waltham Forest,2021-10-03,43.0,50.0,55.0,56.0,58.0,62.0,64.0,68.0,71.0,73.0,76.0,81.0,89.5,inferred
Waltham Forest,2021-10-04,63.0,71.0,77.0,80.0,82.0,86.0,89.0,93.0,97.0,99.0,102.0,108.0,120.0,inferred
Waltham Forest,2021-10-05,62.0,69.0,75.0,77.0,79.0,83.0,87.0,91.0,95.0,98.0,100.0,107.0,119.0,inferred
Waltham Forest,2021-10-06,64.0,72.0,78.0,80.0,82.0,86.0,89.5,93.0,97.0,99.0,102.0,108.0,121.0,inferred
Waltham Forest,2021-10-07,63.0,71.0,77.0,80.0,82.0,86.0,90.0,94.0,98.0,100.0,103.0,109.0,119.0,inferred
Waltham Forest,2021-10-08,57.0,65.0,72.0,75.0,77.0,80.0,83.0,86.4,91.0,93.0,96.0,103.0,115.0,inferred
Waltham Forest,2021-10-09,48.0,56.9,61.0,64.0,66.0,69.0,72.0,76.0,79.0,82.0,84.0,91.0,102.0,inferred
Waltham Forest,2021-10-10,50.0,59.0,65.0,67.0,68.0,72.0,75.0,79.0,82.0,84.0,87.0,94.0,103.0,inferred
Waltham Forest,2021-10-11,76.0,85.0,91.0,94.0,97.0,101.0,105.0,109.0,113.0,116.0,118.2,126.0,139.0,inferred
Waltham Forest,2021-10-12,72.0,82.0,89.0,92.0,94.0,98.0,102.0,106.0,110.0,113.0,116.0,123.0,137.0,inferred
Waltham Forest,2021-10-13,75.0,85.0,91.0,94.0,96.0,100.0,104.0,109.0,113.0,116.0,119.0,127.0,138.5,inferred
Waltham Forest,2021-10-14,71.0,81.0,87.0,90.0,92.0,96.0,100.0,104.0,108.0,111.0,114.0,121.0,134.0,inferred
Waltham Forest,2021-10-15,64.0,73.0,78.0,80.0,83.0,87.0,91.0,94.0,99.0,101.0,104.0,111.0,124.5,inferred
Wandsworth,2021-07-03,91.0,102.0,110.0,113.0,117.0,122.0,128.0,133.0,138.0,142.0,145.0,156.0,175.0,inferred
Wandsworth,2021-07-04,99.0,111.0,120.0,123.0,126.0,131.0,135.0,141.0,146.0,150.0,153.2,163.0,181.0,inferred
Wandsworth,2021-07-05,150.5,165.0,175.0,178.0,181.0,188.6,195.0,202.0,209.0,212.0,217.0,228.0,246.0,inferred
Wandsworth,2021-07-06,155.0,170.0,180.0,183.0,186.0,193.0,200.0,205.0,212.0,215.0,220.0,231.0,251.0,inferred
Wandsworth,2021-07-07,169.0,183.9,194.0,198.0,202.0,208.0,214.0,221.0,228.0,232.0,236.0,248.0,265.0,inferred
Wandsworth,2021-07-08,176.0,190.0,202.0,206.0,209.0,216.0,222.5,229.0,236.0,240.0,244.0,256.0,273.0,inferred
Wandsworth,2021-07-09,173.0,187.0,197.0,201.0,206.0,212.0,219.0,225.0,233.0,236.0,240.0,252.0,272.5,inferred
Wandsworth,2021-07-10,155.5,172.0,181.0,184.0,188.0,194.0,199.0,207.0,214.0,218.0,222.2,234.0,252.0,inferred
Wandsworth,2021-07-11,171.0,185.0,197.0,201.0,205.0,212.0,219.0,225.0,233.0,237.0,243.0,255.0,274.0,inferred
Wandsworth,2021-07-12,257.0,276.0,289.0,295.0,299.0,307.0,316.0,323.0,334.0,339.0,345.0,359.0,381.0,inferred
Wandsworth,2021-07-13,255.5,273.0,286.0,292.0,296.0,305.0,313.0,321.0,329.0,335.0,340.0,358.0,379.0,inferred
Wandsworth,2021-07-14,256.0,275.0,289.0,294.0,299.0,306.6,315.0,323.0,331.0,335.0,340.0,357.0,382.5,inferred
Wandsworth,2021-07-15,245.0,260.0,273.0,280.0,284.0,293.0,301.0,308.0,319.0,323.0,328.0,342.1,364.0,inferred
Wandsworth,2021-07-16,214.0,232.9,246.0,251.0,256.0,264.0,271.0,278.0,287.0,291.0,295.0,310.0,332.0,inferred
Wandsworth,2021-07-17,176.0,192.0,205.0,209.0,213.0,219.0,226.0,233.0,241.0,244.0,248.0,261.0,279.0,inferred
Wandsworth,2021-07-18,175.0,191.9,201.0,206.0,209.0,216.0,223.0,230.0,238.0,243.0,247.0,258.1,278.0,inferred
Wandsworth,2021-07-19,239.5,262.0,273.0,278.0,282.0,290.0,298.0,305.0,314.0,318.0,324.0,339.0,362.5,inferred
Wandsworth,2021-07-20,215.0,235.0,247.0,253.0,257.0,266.0,274.0,282.0,290.0,295.0,301.0,313.0,336.0,inferred
Wandsworth,2021-07-21,205.0,221.0,233.0,237.0,241.0,249.0,256.0,262.0,271.0,275.0,281.0,295.0,315.0,inferred
Wandsworth,2021-07-22,176.0,194.0,205.0,209.0,213.0,220.0,227.0,234.0,241.0,245.2,251.0,265.0,285.0,inferred
Wandsworth,2021-07-23,146.0,162.0,171.0,174.0,177.0,183.0,189.0,195.0,202.0,206.0,210.0,223.0,243.0,inferred
Wandsworth,2021-07-24,110.0,122.0,131.0,134.0,137.0,143.0,149.0,154.0,160.0,163.2,167.0,177.0,194.0,inferred
Wandsworth,2021-07-25,99.0,111.0,120.0,124.0,126.0,132.0,137.0,142.0,148.0,151.0,155.0,164.1,184.5,inferred
Wandsworth,2021-07-26,127.0,143.0,151.8,156.0,160.0,166.0,171.0,177.0,185.0,188.0,192.0,202.0,220.0,inferred
Wandsworth,2021-07-27,120.0,131.0,141.0,145.0,148.0,154.0,160.0,165.0,171.0,174.0,177.0,188.0,205.5,inferred
Wandsworth,2021-07-28,122.0,135.0,143.0,147.0,151.0,157.0,162.0,168.0,174.0,178.0,182.0,192.0,209.5,inferred
Wandsworth,2021-07-29,118.0,131.0,141.0,145.0,148.0,154.0,159.0,165.0,170.0,174.0,178.0,187.0,207.0,inferred
Wandsworth,2021-07-30,108.5,122.0,130.0,133.0,136.0,142.0,147.5,152.4,158.0,161.0,165.0,175.0,194.0,inferred
Wandsworth,2021-07-31,93.0,104.0,111.0,114.0,118.0,123.0,128.0,133.0,139.0,142.0,144.0,155.0,170.0,inferred
Wandsworth,2021-08-01,94.0,105.0,113.0,117.0,119.0,125.0,130.0,135.0,141.0,144.0,147.0,156.0,172.0,inferred
Wandsworth,2021-08-02,135.0,150.0,160.0,164.0,167.0,174.0,180.0,186.0,193.0,197.0,201.0,213.0,234.0,inferred
Wandsworth,2021-08-03,130.0,145.0,154.0,158.0,162.0,167.0,174.0,179.0,187.0,191.0,195.0,206.0,224.5,inferred
Wandsworth,2021-08-04,135.0,148.0,157.0,160.0,164.0,170.0,176.0,182.0,188.3,192.0,196.0,206.0,225.0,inferred
Wandsworth,2021-08-05,129.5,142.0,151.0,154.0,158.0,165.0,169.0,174.4,181.0,186.0,190.0,200.0,216.5,inferred
Wandsworth,2021-08-06,116.0,129.0,138.0,141.0,144.0,150.0,155.0,161.0,168.0,171.0,175.0,186.0,203.5,inferred
Wandsworth,2021-08-07,97.0,109.0,117.0,121.0,124.0,129.0,133.5,139.0,145.0,148.0,152.0,161.0,177.0,inferred
Wandsworth,2021-08-08,97.0,108.0,117.0,120.0,123.0,128.0,133.0,139.0,145.0,147.0,151.0,162.0,180.0,inferred
Wandsworth,2021-08-09,135.0,151.0,162.0,166.0,169.0,176.0,182.0,189.0,195.0,199.0,203.0,214.0,231.0,inferred
Wandsworth,2021-08-10,130.5,145.0,154.0,158.0,161.0,167.0,172.0,178.4,185.0,189.0,193.0,206.0,222.0,inferred
Wandsworth,2021-08-11,130.0,145.0,156.0,160.0,164.0,170.0,175.0,181.0,188.0,192.0,196.0,206.1,225.0,inferred
Wandsworth,2021-08-12,124.0,138.0,148.0,152.0,154.0,161.0,166.0,172.0,179.0,183.0,187.0,198.0,217.0,inferred
Wandsworth,2021-08-13,110.0,123.0,132.0,136.0,139.0,145.0,150.0,156.0,162.0,166.0,170.0,180.0,198.0,inferred
Wandsworth,2021-08-14,93.0,104.0,111.0,114.0,117.0,122.0,126.0,132.0,137.3,140.0,144.0,153.0,169.0,inferred
Wandsworth,2021-08-15,89.0,101.0,110.0,113.0,116.0,121.0,126.0,131.0,136.3,139.0,143.0,152.0,168.5,inferred
Wandsworth,2021-08-16,127.0,141.0,150.0,154.0,158.0,163.6,169.0,175.0,181.0,185.0,189.0,199.0,215.5,inferred
Wandsworth,2021-08-17,115.5,130.0,139.8,142.0,146.0,151.0,158.0,164.0,170.0,174.0,177.0,188.0,206.5,inferred
Wandsworth,2021-08-18,116.0,130.0,139.0,143.0,146.0,152.0,158.0,163.0,169.0,172.2,176.0,186.1,205.0,inferred
Wandsworth,2021-08-19,108.0,121.0,129.0,132.0,136.0,142.0,146.0,152.0,158.0,161.0,165.0,176.0,191.0,inferred
Wandsworth,2021-08-20,91.0,103.9,112.0,115.0,118.7,124.0,129.0,134.0,139.0,142.0,146.0,157.1,172.5,inferred
Wandsworth,2021-08-21,75.0,85.0,93.0,95.0,98.0,103.0,108.0,112.4,118.0,121.0,124.2,133.0,146.0,inferred
Wandsworth,2021-08-22,71.0,83.0,91.0,94.0,96.0,100.6,105.0,110.0,115.0,118.0,121.0,130.0,144.0,inferred
Wandsworth,2021-08-23,103.0,114.0,122.0,126.0,129.0,134.0,140.0,145.0,150.0,154.0,157.0,168.0,184.0,inferred
Wandsworth,2021-08-24,95.0,106.0,114.0,117.0,121.0,126.6,132.0,137.0,142.0,145.0,149.0,159.0,177.0,inferred
Wandsworth,2021-08-25,95.0,106.0,114.0,117.0,120.0,125.0,131.0,136.0,141.0,144.0,148.0,158.0,173.5,inferred
Wandsworth,2021-08-26,89.0,100.0,108.8,112.0,115.0,120.0,124.0,130.0,135.0,138.0,142.0,150.0,167.0,inferred
Wandsworth,2021-08-27,80.5,89.0,97.0,100.0,103.0,108.0,112.0,117.0,122.0,125.0,128.0,137.0,152.0,inferred
Wandsworth,2021-08-28,61.0,74.0,80.0,83.0,85.0,90.0,94.0,98.0,103.0,106.0,109.0,117.0,130.5,inferred
Wandsworth,2021-08-29,64.0,73.0,81.0,83.0,85.0,89.0,93.0,98.0,103.0,106.0,109.0,116.0,132.0,inferred
Wandsworth,2021-08-30,89.5,102.0,110.0,113.0,116.0,121.0,126.0,131.0,136.0,139.0,143.0,154.0,168.5,inferred
Wandsworth,2021-08-31,84.0,96.0,104.0,108.0,111.0,115.0,120.0,125.0,131.0,134.0,138.0,146.0,161.5,inferred
Wandsworth,2021-09-01,87.0,99.0,106.0,109.0,112.0,117.0,122.0,127.0,133.0,136.0,140.0,150.0,166.0,inferred
Wandsworth,2021-09-02,83.0,94.0,101.0,104.0,107.0,112.0,117.0,123.0,128.0,131.0,134.0,144.0,159.0,inferred
Wandsworth,2021-09-03,76.0,86.0,92.0,95.0,97.0,102.0,107.0,112.0,117.0,119.0,123.0,131.0,145.0,inferred
Wandsworth,2021-09-04,60.0,69.0,77.0,80.0,82.0,86.0,90.0,94.0,99.0,102.0,104.0,111.0,125.0,inferred
Wandsworth,2021-09-05,61.0,70.0,77.0,79.0,81.0,86.0,90.0,94.4,99.0,102.0,105.0,112.0,126.0,inferred
Wandsworth,2021-09-06,87.0,98.0,106.0,109.0,112.0,117.0,121.0,127.0,132.0,135.0,139.0,149.0,167.0,inferred
Wandsworth,2021-09-07,81.5,92.0,99.0,102.0,105.0,110.0,114.0,119.0,124.0,128.0,130.0,141.0,157.0,inferred
Wandsworth,2021-09-08,77.5,89.0,96.0,99.8,102.0,107.0,112.0,117.0,122.0,125.0,128.0,137.0,153.0,inferred
Wandsworth,2021-09-09,71.0,82.0,89.0,92.0,94.0,99.0,104.0,109.0,114.0,117.0,120.0,128.0,143.0,inferred
Wandsworth,2021-09-10,61.0,71.0,78.0,80.0,82.0,86.6,92.0,95.0,100.0,103.0,107.0,115.0,130.5,inferred
Wandsworth,2021-09-11,48.5,57.0,62.0,64.0,67.0,71.0,75.0,79.0,83.0,85.0,88.0,96.0,107.0,inferred
Wandsworth,2021-09-12,47.0,54.9,61.0,63.0,65.0,69.0,73.0,76.0,81.0,83.0,86.0,93.0,105.0,inferred
Wandsworth,2021-09-13,65.0,74.0,81.8,85.0,87.0,91.0,96.0,100.0,104.0,108.0,111.0,120.0,135.0,inferred
Wandsworth,2021-09-14,61.5,72.0,79.0,82.0,84.0,89.0,93.0,98.0,102.0,104.0,107.0,115.0,129.0,inferred
Wandsworth,2021-09-15,65.5,77.0,84.0,86.0,89.0,93.0,98.0,102.0,107.0,110.0,113.0,121.0,134.5,inferred
Wandsworth,2021-09-16,68.0,78.0,85.0,87.0,90.0,95.0,99.0,103.0,109.0,112.0,114.0,121.1,137.0,inferred
Wandsworth,2021-09-17,64.0,74.0,81.0,83.0,86.0,91.0,95.0,99.0,104.0,107.0,110.0,118.0,131.0,inferred
Wandsworth,2021-09-18,57.0,64.0,70.0,73.0,75.0,79.0,83.0,87.0,92.0,95.0,98.0,105.0,118.0,inferred
Wandsworth,2021-09-19,59.0,68.0,74.0,76.8,79.0,83.0,87.0,91.0,97.0,99.0,102.0,111.0,123.0,inferred
Wandsworth,2021-09-20,89.0,99.0,107.0,110.0,113.0,119.0,123.0,128.0,135.0,137.0,141.0,150.0,165.0,inferred
Wandsworth,2021-09-21,86.0,97.0,104.0,107.0,110.0,115.0,121.0,126.0,131.0,134.0,137.0,146.0,162.0,inferred
Wandsworth,2021-09-22,86.0,98.0,107.0,109.0,112.0,117.0,122.0,128.0,133.0,137.0,141.0,150.0,166.0,inferred
Wandsworth,2021-09-23,85.0,95.0,102.0,105.0,109.0,114.0,119.0,124.0,129.0,132.0,135.0,144.0,160.0,inferred
Wandsworth,2021-09-24,74.0,85.0,92.0,95.0,98.0,103.0,108.0,112.0,117.0,119.0,123.0,131.0,146.0,inferred
Wandsworth,2021-09-25,62.0,71.0,78.0,80.0,83.0,87.0,91.0,95.0,100.0,102.0,105.2,113.0,127.0,inferred
Wandsworth,2021-09-26,64.0,73.0,79.0,81.0,83.0,87.0,91.0,96.0,100.0,102.0,106.0,114.0,129.0,inferred
Wandsworth,2021-09-27,89.0,101.0,109.0,112.0,115.0,120.0,125.0,130.0,136.0,138.0,142.0,150.1,168.0,inferred
Wandsworth,2021-09-28,84.5,97.0,106.0,109.0,112.0,117.0,122.0,126.0,132.0,134.2,137.0,146.1,162.5,inferred
Wandsworth,2021-09-29,86.0,98.0,105.0,109.0,111.0,116.0,122.0,127.0,132.0,134.0,137.0,146.0,161.5,inferred
Wandsworth,2021-09-30,83.0,94.0,101.0,104.0,108.0,113.0,117.0,122.0,127.0,130.0,134.0,143.0,157.0,inferred
Wandsworth,2021-10-01,73.0,86.0,92.0,94.0,97.0,103.0,107.0,113.0,118.0,121.0,124.0,134.0,149.0,inferred
Wandsworth,2021-10-02,62.0,72.0,77.0,80.0,82.0,86.6,91.0,95.0,100.0,102.0,106.0,114.0,130.0,inferred
Wandsworth,2021-10-03,61.0,71.0,78.0,81.0,83.0,87.0,92.0,96.0,101.0,103.0,106.0,116.0,128.0,inferred
Wandsworth,2021-10-04,88.0,102.0,109.0,112.0,115.0,120.0,125.0,130.0,135.0,138.0,142.0,151.0,167.0,inferred
Wandsworth,2021-10-05,84.0,96.0,104.8,108.0,110.0,116.0,122.0,126.0,132.0,135.2,139.0,147.0,164.0,inferred
Wandsworth,2021-10-06,89.0,100.0,108.0,111.0,114.0,119.0,125.0,130.0,136.0,138.0,142.0,152.1,166.0,inferred
Wandsworth,2021-10-07,88.0,100.9,108.0,111.0,113.0,118.0,123.0,129.0,134.0,137.0,141.0,150.0,165.0,inferred
Wandsworth,2021-10-08,82.0,92.0,100.0,103.0,106.0,110.6,115.0,119.0,124.0,127.0,131.0,141.0,155.0,inferred
Wandsworth,2021-10-09,68.5,79.0,85.0,88.0,90.0,95.0,99.0,104.0,109.0,112.0,114.0,123.0,138.0,inferred
Wandsworth,2021-10-10,70.0,80.0,87.0,90.0,92.0,97.0,101.0,106.4,111.0,114.0,117.0,127.0,141.5,inferred
Wandsworth,2021-10-11,102.0,116.0,124.0,127.0,130.0,136.0,141.0,147.0,153.0,157.0,160.0,170.0,185.0,inferred
Wandsworth,2021-10-12,98.0,110.0,119.0,122.8,125.0,131.0,137.0,142.0,148.0,151.0,155.0,166.0,182.0,inferred
Wandsworth,2021-10-13,100.0,113.0,122.0,125.0,128.0,133.0,138.0,143.0,150.0,153.0,157.0,167.0,182.0,inferred
Wandsworth,2021-10-14,94.0,107.0,115.0,119.0,123.0,129.0,134.0,140.0,146.0,149.0,153.0,163.0,180.0,inferred
Wandsworth,2021-10-15,86.0,97.0,105.0,108.0,111.0,116.0,122.0,128.0,134.0,137.0,141.0,152.0,166.5,inferred
Warrington,2021-07-03,57.0,66.0,73.0,76.0,78.0,82.0,86.0,91.0,95.0,98.0,101.0,109.0,123.5,inferred
Warrington,2021-07-04,66.5,76.0,82.0,84.0,87.0,92.0,96.0,101.0,105.0,108.0,110.0,119.0,133.0,inferred
Warrington,2021-07-05,103.0,116.0,124.0,127.0,130.0,135.6,140.0,145.0,151.0,154.0,157.2,167.0,179.0,inferred
Warrington,2021-07-06,103.0,114.0,123.0,126.8,129.0,135.0,140.0,144.0,150.0,153.0,156.0,166.0,180.5,inferred
Warrington,2021-07-07,111.0,124.0,133.0,136.0,138.0,144.0,150.0,154.0,161.0,164.0,168.0,177.0,193.0,inferred
Warrington,2021-07-08,114.0,128.0,136.8,140.0,142.0,148.0,152.0,157.0,163.3,166.0,170.0,180.0,196.0,inferred
Warrington,2021-07-09,107.0,120.0,128.0,131.0,134.0,140.0,145.0,150.0,156.0,159.0,162.0,172.0,186.0,inferred
Warrington,2021-07-10,95.0,105.0,113.0,116.0,119.0,124.0,129.0,134.0,140.3,143.0,147.0,157.0,171.5,inferred
Warrington,2021-07-11,105.0,119.0,129.0,133.0,136.0,141.0,146.0,151.0,157.0,161.0,165.0,173.1,189.5,inferred
Warrington,2021-07-12,163.0,181.0,193.0,197.0,201.0,207.0,214.0,220.0,228.0,232.0,237.0,249.0,267.5,inferred
Warrington,2021-07-13,161.0,176.0,185.0,189.0,193.0,199.0,205.0,211.0,219.0,223.0,227.0,240.0,262.0,inferred
Warrington,2021-07-14,157.5,174.0,184.0,188.0,191.0,199.0,205.0,212.0,219.0,223.0,228.0,241.0,259.0,inferred
Warrington,2021-07-15,147.0,162.0,172.0,176.0,180.0,186.0,192.0,198.0,206.0,210.0,214.0,227.0,246.0,inferred
Warrington,2021-07-16,127.0,139.0,148.0,152.0,155.0,161.0,166.5,172.0,178.0,182.0,186.0,196.0,214.5,inferred
Warrington,2021-07-17,98.0,110.0,119.0,122.0,124.0,129.0,134.0,139.0,146.0,148.0,152.0,162.0,178.0,inferred
Warrington,2021-07-18,102.0,115.0,122.0,125.0,128.0,133.0,138.0,143.0,149.0,152.0,155.0,166.0,180.0,inferred
Warrington,2021-07-19,143.0,154.0,165.0,168.0,172.0,178.0,184.0,190.0,197.0,200.0,204.0,216.0,237.0,inferred
Warrington,2021-07-20,123.0,139.0,148.0,151.0,154.0,161.0,166.0,172.0,178.0,181.0,185.0,195.0,214.0,inferred
Warrington,2021-07-21,116.0,130.0,139.0,142.0,146.0,151.0,155.0,161.0,168.0,171.0,174.0,185.0,200.5,inferred
Warrington,2021-07-22,102.0,114.0,123.0,126.0,128.7,134.0,140.0,145.0,151.0,154.0,158.0,168.1,183.0,inferred
Warrington,2021-07-23,79.0,90.0,98.0,101.0,103.0,109.0,113.0,118.0,122.0,126.0,129.0,139.0,154.5,inferred
Warrington,2021-07-24,58.0,68.0,75.0,77.8,80.0,84.0,88.0,92.0,98.0,100.0,102.0,110.0,123.0,inferred
Warrington,2021-07-25,58.0,67.0,73.0,76.0,78.0,82.0,87.0,90.4,95.0,97.0,100.0,109.0,121.5,inferred
Warrington,2021-07-26,79.0,90.0,97.0,100.0,102.0,107.0,112.0,116.0,122.0,125.0,128.0,137.1,152.0,inferred
Warrington,2021-07-27,70.0,80.0,87.0,91.0,93.0,98.0,102.0,106.4,111.0,114.0,118.0,127.0,141.0,inferred
Warrington,2021-07-28,70.0,80.0,87.0,90.0,93.0,97.0,102.0,106.0,112.0,114.2,118.0,127.0,141.0,inferred
Warrington,2021-07-29,68.5,78.0,85.0,88.0,90.0,94.0,98.0,102.4,108.0,110.0,114.0,123.0,135.5,inferred
Warrington,2021-07-30,58.0,67.0,75.0,77.0,79.0,83.0,88.0,92.0,97.0,100.0,103.0,110.0,122.0,inferred
Warrington,2021-07-31,48.0,56.0,61.0,64.0,66.0,70.0,74.0,78.0,82.0,83.0,86.0,92.1,105.0,inferred
Warrington,2021-08-01,51.0,60.0,65.0,68.0,70.0,74.0,78.0,82.0,86.0,88.0,91.0,99.0,112.0,inferred
Warrington,2021-08-02,75.5,86.0,95.0,97.0,100.0,105.0,110.0,114.0,119.0,122.0,125.0,133.0,149.0,inferred
Warrington,2021-08-03,68.0,80.0,88.0,91.0,93.0,98.0,102.5,107.0,111.0,114.0,118.0,127.0,141.0,inferred
Warrington,2021-08-04,73.0,82.0,90.0,92.0,95.0,100.0,104.0,110.0,115.0,118.0,120.0,129.0,142.0,inferred
Warrington,2021-08-05,71.0,81.0,87.0,90.0,92.0,98.0,102.0,107.0,112.0,115.0,119.0,128.0,143.0,inferred
Warrington,2021-08-06,63.0,71.0,78.0,81.0,83.0,87.0,92.0,96.0,101.0,103.0,106.0,114.0,126.0,inferred
Warrington,2021-08-07,48.0,59.0,65.0,67.0,69.0,73.0,77.0,80.0,84.0,87.0,89.0,96.0,106.5,inferred
Warrington,2021-08-08,55.0,63.0,69.0,72.0,74.0,78.0,82.0,86.0,90.0,93.0,95.0,103.0,115.0,inferred
Warrington,2021-08-09,81.0,93.0,101.0,103.0,106.0,111.0,116.0,121.0,126.0,130.0,133.0,143.0,158.0,inferred
Warrington,2021-08-10,76.0,89.0,95.0,98.0,101.0,105.0,110.0,115.0,120.0,123.0,127.0,135.0,150.0,inferred
Warrington,2021-08-11,77.5,89.0,97.0,100.0,102.0,107.0,112.0,117.0,122.0,125.0,128.0,137.1,154.0,inferred
Warrington,2021-08-12,74.0,86.9,94.0,96.0,99.0,103.6,108.0,112.0,118.0,121.0,124.0,132.0,145.0,inferred
Warrington,2021-08-13,63.0,75.0,82.0,85.0,87.0,92.0,96.0,100.0,105.0,107.0,111.0,119.0,130.0,inferred
Warrington,2021-08-14,50.0,61.0,67.0,69.0,71.0,75.0,79.0,84.0,88.0,91.0,93.0,101.0,114.0,inferred
Warrington,2021-08-15,54.0,64.0,70.8,73.0,75.0,80.0,84.0,88.4,93.0,96.0,98.0,106.0,120.0,inferred
Warrington,2021-08-16,81.5,93.0,101.0,105.0,107.0,113.0,117.0,123.0,128.0,131.0,134.0,144.0,159.0,inferred
Warrington,2021-08-17,77.0,87.9,95.0,98.0,100.0,105.0,109.0,114.0,119.0,122.0,126.0,136.0,150.5,inferred
Warrington,2021-08-18,76.0,87.0,94.0,97.0,100.0,105.0,109.0,114.0,119.0,122.0,125.0,133.0,150.0,inferred
Warrington,2021-08-19,71.5,82.0,88.0,91.0,94.0,99.0,103.0,108.0,113.0,116.0,119.0,128.0,142.0,inferred
Warrington,2021-08-20,61.0,70.0,77.0,79.0,82.0,86.0,90.0,95.0,99.0,102.0,104.0,113.0,125.0,inferred
Warrington,2021-08-21,48.0,56.0,62.0,64.0,66.0,70.0,74.0,78.0,83.0,85.0,88.0,95.0,105.0,inferred
Warrington,2021-08-22,51.0,59.0,65.0,67.0,69.0,73.0,77.0,81.0,85.0,88.0,91.0,99.0,112.0,inferred
Warrington,2021-08-23,74.0,83.0,92.0,94.0,97.0,101.0,106.0,110.0,116.0,119.0,122.0,131.0,145.0,inferred
Warrington,2021-08-24,68.5,79.0,86.0,88.0,90.0,95.0,100.0,104.0,109.0,112.0,115.0,123.0,139.0,inferred
Warrington,2021-08-25,68.0,79.0,87.0,90.0,93.0,98.0,102.0,107.0,111.0,114.0,117.0,125.0,139.0,inferred
Warrington,2021-08-26,68.5,78.0,86.0,88.0,91.0,95.0,99.0,104.0,108.0,111.0,114.0,122.0,136.0,inferred
Warrington,2021-08-27,59.0,69.0,77.0,80.0,82.0,86.0,90.0,95.0,99.0,101.0,104.0,112.0,125.0,inferred
Warrington,2021-08-28,49.5,58.0,64.0,66.0,68.0,72.0,76.0,80.0,84.0,87.0,89.2,97.0,110.0,inferred
Warrington,2021-08-29,55.0,63.0,69.0,71.0,73.0,77.0,82.0,86.0,91.0,93.0,96.0,104.0,115.5,inferred
Warrington,2021-08-30,81.0,91.0,98.0,101.0,105.0,109.6,115.0,120.0,125.0,128.0,132.0,141.0,155.5,inferred
Warrington,2021-08-31,77.0,88.0,96.0,99.0,101.0,106.0,111.0,115.0,120.0,123.0,126.0,135.0,149.0,inferred
Warrington,2021-09-01,76.0,87.0,95.0,99.0,101.0,106.0,111.0,116.0,121.0,123.0,128.0,136.1,149.5,inferred
Warrington,2021-09-02,77.0,87.0,94.0,97.0,99.0,104.0,109.0,114.0,119.0,122.0,125.0,134.0,148.0,inferred
Warrington,2021-09-03,67.5,77.0,84.0,86.0,88.0,93.0,97.0,101.0,105.0,108.0,111.0,121.0,133.5,inferred
Warrington,2021-09-04,54.0,64.0,69.0,72.0,74.0,78.0,82.0,86.0,90.0,93.0,96.0,104.0,117.0,inferred
Warrington,2021-09-05,59.0,69.0,75.0,77.0,80.0,83.0,87.0,91.0,96.0,99.0,102.0,109.0,121.0,inferred
Warrington,2021-09-06,86.0,98.0,105.0,108.0,111.0,117.0,122.0,127.0,132.0,135.0,138.0,148.0,163.0,inferred
Warrington,2021-09-07,79.0,90.0,98.0,101.0,104.0,109.0,113.0,119.0,124.0,127.0,129.0,140.0,154.0,inferred
Warrington,2021-09-08,76.0,88.0,95.0,98.0,101.0,105.0,110.0,115.0,119.0,123.0,126.0,136.0,149.0,inferred
Warrington,2021-09-09,70.0,80.0,88.0,91.0,93.0,97.0,102.0,107.0,111.0,114.0,117.0,126.0,141.0,inferred
Warrington,2021-09-10,59.0,68.9,74.0,77.0,79.0,83.0,87.0,92.0,96.0,98.0,101.0,109.0,120.0,inferred
Warrington,2021-09-11,45.5,53.0,58.0,61.0,63.0,67.0,70.0,74.0,78.0,81.0,84.0,90.0,102.0,inferred
Warrington,2021-09-12,46.0,54.0,59.0,62.0,64.0,67.0,71.0,75.0,79.0,81.0,84.0,92.0,104.0,inferred
Warrington,2021-09-13,64.0,74.0,82.0,85.0,87.0,91.0,96.0,100.0,105.0,107.0,110.0,120.1,135.0,inferred
Warrington,2021-09-14,60.5,69.0,76.0,78.0,80.0,85.0,88.0,93.0,98.0,100.0,103.2,112.0,125.5,inferred
Warrington,2021-09-15,61.0,71.0,77.0,80.0,83.0,87.0,91.0,96.0,101.0,103.0,106.0,114.0,128.0,inferred
Warrington,2021-09-16,59.0,69.0,76.0,78.0,81.0,85.0,89.0,94.0,98.0,100.0,103.0,113.0,125.0,inferred
Warrington,2021-09-17,55.0,62.0,69.0,71.0,73.0,78.0,81.5,86.0,90.0,93.0,96.0,104.0,115.0,inferred
Warrington,2021-09-18,45.0,52.0,58.0,60.0,62.0,66.0,70.0,74.0,78.0,80.0,83.0,90.0,101.5,inferred
Warrington,2021-09-19,49.0,58.0,64.0,66.0,68.0,72.0,76.0,80.0,84.3,87.0,90.0,96.0,109.5,inferred
Warrington,2021-09-20,76.0,87.0,94.0,96.0,99.0,104.0,108.0,113.0,118.0,121.0,124.0,134.0,147.0,inferred
Warrington,2021-09-21,72.0,83.0,91.0,93.0,96.0,100.0,105.0,110.0,114.0,117.0,120.2,129.0,142.0,inferred
Warrington,2021-09-22,74.0,86.0,93.0,96.0,99.0,104.0,108.0,113.0,118.0,121.0,125.0,134.0,147.0,inferred
Warrington,2021-09-23,75.0,86.0,93.0,95.0,98.0,103.0,107.0,112.0,117.0,121.0,124.0,133.0,148.0,inferred
Warrington,2021-09-24,67.0,78.0,84.0,86.0,89.0,93.0,97.5,102.0,106.0,109.0,112.0,120.0,134.5,inferred
Warrington,2021-09-25,55.0,64.0,70.0,73.0,75.0,79.0,83.0,87.0,92.0,95.0,97.0,105.0,119.0,inferred
Warrington,2021-09-26,59.0,69.0,77.0,79.0,82.0,86.0,90.0,94.0,98.0,101.0,103.2,113.0,125.0,inferred
Warrington,2021-09-27,92.0,103.0,111.0,114.0,117.0,122.6,128.0,133.0,138.0,141.0,145.0,153.1,169.0,inferred
Warrington,2021-09-28,87.0,99.0,107.0,110.0,113.0,118.0,124.0,129.0,135.0,139.0,143.0,152.0,169.0,inferred
Warrington,2021-09-29,93.0,106.0,115.0,118.0,121.0,127.0,132.0,137.0,143.0,146.0,150.0,161.0,177.0,inferred
Warrington,2021-09-30,94.0,108.0,116.8,119.0,122.0,128.0,132.0,137.0,143.0,146.0,150.0,159.0,174.0,inferred
Warrington,2021-10-01,89.0,100.0,108.0,111.0,114.0,119.0,123.0,128.0,133.0,137.0,140.0,150.0,165.0,inferred
Warrington,2021-10-02,76.0,86.0,93.0,96.0,99.0,102.0,107.0,112.0,117.0,120.0,125.0,134.0,149.5,inferred
Warrington,2021-10-03,86.0,98.0,105.0,108.0,111.0,115.0,120.0,124.0,131.0,134.0,137.0,145.0,161.5,inferred
Warrington,2021-10-04,130.0,145.0,155.0,159.0,162.0,168.0,175.0,181.0,187.0,191.0,195.0,206.0,226.0,inferred
Warrington,2021-10-05,127.5,142.0,152.0,156.0,159.0,165.0,172.0,178.0,184.0,188.0,191.2,203.0,219.0,inferred
Warrington,2021-10-06,137.0,149.0,160.0,163.0,165.0,172.0,178.0,184.4,192.0,196.0,200.0,210.0,228.0,inferred
Warrington,2021-10-07,135.0,150.0,159.0,163.0,166.0,172.0,178.0,185.0,192.0,196.0,201.2,212.0,231.0,inferred
Warrington,2021-10-08,122.0,136.0,145.0,149.0,152.0,158.0,163.0,169.0,175.0,179.0,182.0,192.0,208.0,inferred
Warrington,2021-10-09,100.0,115.9,125.0,128.0,132.0,137.0,143.0,148.0,154.0,157.0,161.0,172.0,188.5,inferred
Warrington,2021-10-10,117.0,129.0,139.0,143.0,145.0,151.0,157.0,162.0,167.0,171.0,175.0,187.0,203.0,inferred
Warrington,2021-10-11,173.0,188.0,199.0,203.0,207.0,214.0,221.0,228.0,237.0,241.0,246.0,259.0,280.5,inferred
Warrington,2021-10-12,163.5,180.9,191.0,195.0,198.0,205.0,213.0,219.0,227.0,231.0,236.0,249.0,269.0,inferred
Warrington,2021-10-13,161.5,177.0,187.0,192.0,197.0,204.0,210.0,217.0,224.0,229.0,233.2,244.0,261.0,inferred
Warrington,2021-10-14,153.0,169.0,179.8,183.0,187.0,193.0,200.0,206.0,214.0,217.0,223.0,235.0,255.0,inferred
Warrington,2021-10-15,129.5,144.0,153.8,157.0,160.0,166.0,173.0,180.0,187.0,191.0,195.0,207.0,227.0,inferred
Warwick,2021-07-03,45.0,51.0,57.0,60.0,62.0,65.0,68.0,72.0,76.0,78.2,81.0,88.0,99.0,inferred
Warwick,2021-07-04,48.0,57.0,63.0,64.8,67.0,71.0,74.0,78.0,83.0,85.0,88.0,95.0,106.5,inferred
Warwick,2021-07-05,71.0,82.0,88.0,91.0,93.0,98.0,103.0,107.0,112.0,115.0,118.0,128.0,141.0,inferred
Warwick,2021-07-06,68.0,78.0,84.0,87.0,90.0,94.0,99.0,103.0,108.0,111.0,114.0,123.0,137.0,inferred
Warwick,2021-07-07,72.0,81.0,88.0,92.0,94.0,98.0,102.0,107.0,112.0,114.0,118.0,127.0,140.0,inferred
Warwick,2021-07-08,71.0,80.0,88.0,91.0,93.0,98.0,103.0,106.4,111.0,114.0,117.0,126.0,141.0,inferred
Warwick,2021-07-09,65.0,75.0,82.0,84.0,87.0,91.0,95.0,100.0,105.0,108.0,111.0,120.0,130.5,inferred
Warwick,2021-07-10,55.0,64.0,71.0,73.0,76.0,81.0,85.0,89.0,94.0,96.0,99.0,107.0,120.5,inferred
Warwick,2021-07-11,62.0,71.0,79.0,82.0,85.0,89.0,93.0,97.0,101.0,104.0,107.0,116.0,130.0,inferred
Warwick,2021-07-12,94.0,107.0,115.0,119.0,122.0,127.0,132.0,138.0,143.0,147.0,150.0,160.0,175.0,inferred
Warwick,2021-07-13,88.0,102.0,110.0,114.0,116.0,121.0,127.0,132.0,138.0,141.0,144.0,153.0,168.5,inferred
Warwick,2021-07-14,85.0,96.0,106.0,109.0,111.0,117.0,122.0,126.0,132.0,136.0,140.0,150.0,165.0,inferred
Warwick,2021-07-15,82.5,93.0,100.0,102.0,105.0,109.0,114.0,120.0,124.0,128.2,132.0,142.1,155.5,inferred
Warwick,2021-07-16,69.0,78.0,85.0,87.0,89.0,94.0,98.0,103.0,108.0,110.0,113.0,120.0,134.0,inferred
Warwick,2021-07-17,51.0,61.0,68.0,70.0,72.0,77.0,81.0,85.0,89.0,92.0,95.0,103.0,117.0,inferred
Warwick,2021-07-18,55.0,63.0,70.0,72.0,74.7,79.0,83.0,87.0,92.0,94.0,96.0,104.1,117.0,inferred
Warwick,2021-07-19,74.0,85.0,92.0,95.0,97.0,102.0,106.0,111.0,116.0,120.0,122.2,132.0,147.0,inferred
Warwick,2021-07-20,62.0,73.0,80.0,82.0,85.0,89.0,94.0,99.0,104.0,107.0,110.0,119.0,133.0,inferred
Warwick,2021-07-21,56.0,66.0,71.0,74.0,76.0,81.0,85.0,90.0,94.0,97.0,100.0,108.0,124.0,inferred
Warwick,2021-07-22,48.0,56.0,63.0,64.0,66.0,70.6,74.0,78.0,82.0,85.0,87.0,94.0,108.0,inferred
Warwick,2021-07-23,35.5,44.0,49.0,51.0,53.0,56.0,60.0,63.0,67.0,69.0,72.0,79.0,88.0,inferred
Warwick,2021-07-24,26.0,32.0,37.0,39.0,40.0,43.0,46.0,49.0,52.0,54.0,56.0,61.1,70.5,inferred
Warwick,2021-07-25,24.0,31.0,35.0,37.0,38.0,41.0,44.0,47.0,51.0,53.0,55.0,61.0,70.0,inferred
Warwick,2021-07-26,32.0,39.0,44.0,46.0,48.0,51.0,54.0,58.0,62.0,64.0,66.0,72.0,86.0,inferred
Warwick,2021-07-27,26.5,35.0,40.0,42.0,43.0,46.0,49.0,53.0,56.0,58.0,60.0,66.0,75.0,inferred
Warwick,2021-07-28,28.0,35.0,39.0,41.0,43.0,46.0,50.0,53.0,56.0,59.0,61.0,68.0,79.0,inferred
Warwick,2021-07-29,28.0,35.0,39.0,41.0,43.0,46.0,49.0,52.0,56.0,58.2,61.0,67.0,78.0,inferred
Warwick,2021-07-30,25.0,31.0,35.0,37.0,38.0,42.0,44.5,48.0,51.0,53.0,55.0,62.0,72.0,inferred
Warwick,2021-07-31,21.0,26.0,30.0,32.0,34.0,36.6,39.0,42.0,45.0,46.0,49.0,54.0,62.0,inferred
Warwick,2021-08-01,22.5,29.0,33.0,35.0,36.0,39.0,42.0,45.0,48.0,50.0,52.0,59.0,68.0,inferred
Warwick,2021-08-02,34.5,42.0,47.0,50.0,51.0,54.0,58.0,62.0,66.0,68.0,71.0,78.0,89.0,inferred
Warwick,2021-08-03,31.5,39.9,45.0,47.0,49.0,53.0,56.0,60.0,64.0,66.0,69.0,76.0,88.0,inferred
Warwick,2021-08-04,33.0,41.0,46.0,48.0,50.0,53.6,57.0,60.0,64.0,66.0,68.2,75.0,86.0,inferred
Warwick,2021-08-05,34.0,40.0,45.0,47.0,49.0,52.0,56.0,59.0,63.0,65.0,68.0,75.0,85.0,inferred
Warwick,2021-08-06,29.0,36.0,41.0,43.0,45.0,48.0,51.0,54.0,59.0,60.0,62.0,69.0,80.0,inferred
Warwick,2021-08-07,24.0,29.9,34.0,36.0,38.0,41.0,44.0,46.0,50.0,52.0,54.0,60.0,70.0,inferred
Warwick,2021-08-08,27.0,33.0,38.0,40.0,41.0,45.0,48.0,51.0,54.0,56.0,58.0,63.0,77.0,inferred
Warwick,2021-08-09,39.0,48.0,53.0,55.0,57.0,61.0,65.0,69.0,73.0,75.0,78.0,85.0,97.0,inferred
Warwick,2021-08-10,38.0,46.0,52.0,54.0,56.0,59.0,63.0,66.0,71.0,73.0,76.0,82.0,93.0,inferred
Warwick,2021-08-11,39.5,46.0,52.0,54.0,56.0,60.0,64.0,67.0,71.0,74.0,77.0,84.0,95.5,inferred
Warwick,2021-08-12,38.0,46.0,51.0,53.0,55.0,59.0,62.0,66.0,71.0,72.0,75.0,81.0,92.0,inferred
Warwick,2021-08-13,34.0,40.0,46.0,48.0,50.0,53.0,56.5,60.0,64.0,65.2,68.0,74.1,86.0,inferred
Warwick,2021-08-14,28.0,34.0,39.0,41.0,42.0,45.0,48.0,52.0,55.0,57.0,59.0,66.0,75.0,inferred
Warwick,2021-08-15,31.0,37.0,42.0,44.0,46.0,49.0,52.0,55.0,58.0,60.0,63.0,69.0,80.0,inferred
Warwick,2021-08-16,45.0,53.0,59.8,62.0,64.0,68.0,71.0,75.0,80.0,82.0,84.0,91.0,105.0,inferred
Warwick,2021-08-17,40.5,50.0,54.0,57.0,60.0,64.0,67.0,71.0,75.0,77.0,80.0,88.0,100.0,inferred
Warwick,2021-08-18,40.5,50.0,55.0,58.0,59.0,63.0,66.0,70.0,74.0,76.0,79.0,85.0,97.0,inferred
Warwick,2021-08-19,38.0,46.0,52.0,54.0,56.0,60.0,63.0,67.0,71.0,73.0,76.0,83.0,94.0,inferred
Warwick,2021-08-20,32.5,39.0,45.0,47.0,48.0,52.0,55.0,59.0,62.0,65.0,67.0,75.0,85.0,inferred
Warwick,2021-08-21,25.5,32.0,37.0,39.0,40.0,43.0,46.0,50.0,53.0,55.0,57.0,64.0,73.5,inferred
Warwick,2021-08-22,26.0,34.0,40.0,42.0,43.0,46.0,49.0,52.0,56.0,57.2,60.0,66.0,78.0,inferred
Warwick,2021-08-23,39.0,49.0,54.0,56.0,58.0,62.0,65.0,69.0,74.0,76.0,78.0,85.0,97.0,inferred
Warwick,2021-08-24,36.0,46.0,50.0,53.0,55.0,59.0,62.0,66.0,70.0,72.0,74.0,81.1,93.0,inferred
Warwick,2021-08-25,39.0,45.0,50.0,52.0,54.0,57.0,61.0,65.0,69.0,71.0,74.0,81.0,93.0,inferred
Warwick,2021-08-26,35.0,43.0,49.0,51.0,53.0,56.0,60.0,63.0,67.0,70.0,72.0,79.0,89.0,inferred
Warwick,2021-08-27,32.0,39.0,44.0,46.0,48.0,52.0,54.0,58.0,61.0,64.0,66.0,72.0,83.0,inferred
Warwick,2021-08-28,26.0,32.0,36.0,38.0,40.0,43.0,46.0,49.0,53.0,54.0,57.0,63.0,72.0,inferred
Warwick,2021-08-29,28.0,35.0,40.0,42.0,43.0,46.0,49.0,52.0,56.0,59.0,61.0,67.0,78.0,inferred
Warwick,2021-08-30,42.5,50.0,56.0,58.0,59.7,63.0,67.0,71.0,75.0,78.0,81.0,89.0,102.0,inferred
Warwick,2021-08-31,40.0,49.0,54.0,56.0,58.0,62.0,65.0,69.0,73.0,75.0,78.0,86.0,98.5,inferred
Warwick,2021-09-01,42.0,50.0,56.0,58.0,60.0,64.0,67.0,71.0,75.0,77.0,80.0,86.0,101.0,inferred
Warwick,2021-09-02,39.0,49.0,54.0,56.0,59.0,63.0,67.0,70.4,75.0,77.0,80.0,87.1,100.0,inferred
Warwick,2021-09-03,37.0,45.0,50.8,53.0,55.0,58.0,62.0,65.0,69.0,71.0,73.0,80.0,92.0,inferred
Warwick,2021-09-04,30.0,38.0,43.0,45.0,47.0,50.0,53.0,57.0,60.0,62.0,64.0,71.0,80.0,inferred
Warwick,2021-09-05,35.0,43.0,48.0,50.0,51.0,55.0,58.0,62.0,66.0,68.0,71.0,77.0,86.5,inferred
Warwick,2021-09-06,52.0,60.0,67.0,69.0,72.0,76.0,80.0,84.0,89.0,91.0,94.0,103.0,117.0,inferred
Warwick,2021-09-07,48.0,57.0,63.0,66.0,67.0,71.0,75.5,79.0,84.0,86.0,89.0,98.0,113.0,inferred
Warwick,2021-09-08,46.0,54.0,60.0,63.0,65.0,69.0,74.0,78.0,82.0,84.0,87.0,93.0,106.0,inferred
Warwick,2021-09-09,42.0,51.0,57.0,59.0,61.0,65.0,68.0,72.0,77.0,79.0,81.0,89.0,100.0,inferred
Warwick,2021-09-10,36.0,43.0,49.0,51.0,53.0,57.0,60.0,64.0,67.0,69.0,72.0,77.0,89.0,inferred
Warwick,2021-09-11,28.0,34.0,39.0,41.0,43.0,45.0,49.0,52.0,55.0,57.0,60.0,65.0,77.0,inferred
Warwick,2021-09-12,26.0,36.0,41.0,43.0,44.0,47.0,51.0,54.0,57.0,59.0,62.0,68.0,79.0,inferred
Warwick,2021-09-13,41.0,49.0,55.0,57.0,59.0,62.0,66.0,70.0,73.0,76.0,79.0,86.0,96.0,inferred
Warwick,2021-09-14,39.0,47.0,53.0,55.0,57.0,61.0,65.0,68.0,73.0,75.0,78.0,85.0,98.0,inferred
Warwick,2021-09-15,44.0,51.0,58.0,60.0,62.0,66.0,69.0,73.0,77.0,80.0,82.0,90.0,103.0,inferred
Warwick,2021-09-16,45.5,53.0,59.0,62.0,64.0,68.0,72.0,76.0,80.0,83.0,85.0,94.0,106.0,inferred
Warwick,2021-09-17,42.5,53.0,58.0,60.0,62.0,66.0,69.0,73.0,78.0,81.0,84.0,91.0,105.0,inferred
Warwick,2021-09-18,39.0,46.0,52.0,54.0,56.0,60.0,63.0,66.0,70.0,72.0,75.0,83.0,93.0,inferred
Warwick,2021-09-19,47.0,55.0,62.0,64.0,66.0,69.0,73.0,77.0,82.0,84.0,87.0,94.0,105.0,inferred
Warwick,2021-09-20,71.0,82.0,90.0,93.0,96.0,101.0,105.0,109.0,115.0,117.0,121.0,132.0,145.0,inferred
Warwick,2021-09-21,70.5,81.0,88.0,92.0,94.0,98.0,103.0,108.0,113.0,116.0,119.0,129.0,144.0,inferred
Warwick,2021-09-22,71.0,83.0,90.0,92.0,95.0,99.0,104.0,109.0,114.0,117.0,121.0,131.0,143.0,inferred
Warwick,2021-09-23,70.0,80.0,87.0,90.0,92.0,97.0,101.0,106.0,111.0,113.0,117.0,126.0,139.0,inferred
Warwick,2021-09-24,63.0,72.0,79.0,82.0,84.0,88.0,93.0,97.0,102.0,104.2,107.0,115.0,129.0,inferred
Warwick,2021-09-25,53.0,62.0,67.0,69.0,71.0,76.0,80.0,84.0,88.0,90.0,94.0,102.0,116.0,inferred
Warwick,2021-09-26,59.0,68.0,74.0,76.0,78.0,82.0,86.0,90.0,95.0,97.0,100.0,109.0,121.0,inferred
Warwick,2021-09-27,83.0,93.9,100.0,103.0,106.0,111.0,117.0,122.0,127.0,130.0,133.0,142.0,159.0,inferred
Warwick,2021-09-28,76.5,90.0,97.0,100.0,103.0,108.0,112.0,116.0,122.0,125.0,129.0,139.0,154.5,inferred
Warwick,2021-09-29,78.0,89.0,98.0,100.0,103.0,108.0,113.0,118.0,123.0,126.0,130.0,140.0,154.5,inferred
Warwick,2021-09-30,77.5,89.0,96.0,99.0,102.0,106.0,111.0,115.0,120.0,123.0,127.0,136.1,150.0,inferred
Warwick,2021-10-01,70.0,79.0,86.0,89.0,91.7,96.0,100.0,105.0,111.0,114.0,117.0,125.0,139.0,inferred
Warwick,2021-10-02,59.0,67.0,74.0,77.0,79.0,83.0,88.0,92.0,96.0,99.0,102.0,110.0,123.5,inferred
Warwick,2021-10-03,62.0,72.0,80.0,82.8,85.0,89.0,93.0,97.0,102.0,105.0,109.0,117.0,131.0,inferred
Warwick,2021-10-04,91.0,102.0,110.0,114.0,117.0,123.0,127.0,133.0,138.0,142.0,145.0,155.0,169.0,inferred
Warwick,2021-10-05,84.5,97.0,105.0,109.0,112.0,117.6,122.0,127.0,132.0,135.0,139.0,149.0,164.0,inferred
Warwick,2021-10-06,86.0,98.0,106.0,110.0,113.0,118.0,123.0,128.0,133.0,136.0,140.0,149.0,166.0,inferred
Warwick,2021-10-07,85.0,96.0,105.0,108.0,111.0,116.0,120.0,126.0,131.0,134.0,138.0,148.0,163.0,inferred
Warwick,2021-10-08,76.0,87.0,94.0,97.0,100.0,105.0,109.0,115.0,120.0,123.0,126.0,135.0,148.0,inferred
Warwick,2021-10-09,64.0,74.0,80.0,83.0,85.0,90.0,95.0,100.0,104.0,107.0,110.0,119.0,133.0,inferred
Warwick,2021-10-10,69.0,79.0,86.0,90.0,92.0,97.0,102.0,107.0,111.0,114.0,117.0,126.0,139.0,inferred
Warwick,2021-10-11,101.0,113.9,122.0,125.0,128.0,134.0,140.0,145.0,152.0,155.0,159.0,170.0,183.5,inferred
Warwick,2021-10-12,96.0,107.0,116.0,119.0,122.0,128.0,133.0,139.0,144.0,148.0,152.0,163.0,177.0,inferred
Warwick,2021-10-13,96.0,109.0,118.0,121.0,125.0,130.0,135.0,140.0,146.0,150.0,154.0,164.0,182.0,inferred
Warwick,2021-10-14,93.0,108.0,116.0,119.0,122.0,127.0,133.0,138.0,145.0,148.0,151.0,162.0,178.5,inferred
Warwick,2021-10-15,83.0,96.0,104.0,107.0,110.0,116.0,120.0,126.0,132.0,134.0,138.0,148.0,164.0,inferred
Watford,2021-07-03,15.0,19.0,21.0,22.0,23.0,25.0,27.0,28.0,30.0,31.0,32.0,36.0,41.0,inferred
Watford,2021-07-04,18.0,22.0,24.0,25.0,26.0,28.0,30.0,32.0,34.0,35.0,36.0,39.0,44.0,inferred
Watford,2021-07-05,28.5,33.0,36.0,37.0,38.0,40.6,43.0,45.0,47.0,48.0,50.0,53.0,60.0,inferred
Watford,2021-07-06,29.0,33.0,37.0,38.0,39.0,41.0,43.0,45.0,47.0,49.0,50.0,54.0,61.0,inferred
Watford,2021-07-07,32.0,37.0,40.0,42.0,43.0,45.0,47.0,49.0,52.0,53.0,54.0,58.0,64.0,inferred
Watford,2021-07-08,32.0,38.0,42.0,43.0,44.0,47.0,49.0,51.0,53.0,55.0,56.0,60.0,68.0,inferred
Watford,2021-07-09,32.5,38.0,41.0,42.0,43.0,46.0,48.0,51.0,53.0,54.0,56.0,60.0,66.0,inferred
Watford,2021-07-10,29.5,34.0,37.0,38.0,39.0,42.0,44.0,46.0,48.0,50.0,51.0,55.0,61.0,inferred
Watford,2021-07-11,32.5,38.0,42.0,43.0,44.0,46.0,49.0,51.0,54.0,55.0,57.0,62.0,68.0,inferred
Watford,2021-07-12,52.0,58.0,62.0,64.0,65.0,68.0,71.0,74.0,77.0,79.0,82.0,86.0,94.0,inferred
Watford,2021-07-13,50.0,57.0,61.0,63.0,65.0,68.0,71.0,73.0,76.0,79.0,81.0,86.0,95.0,inferred
Watford,2021-07-14,52.0,59.0,64.0,66.0,68.0,70.0,73.0,76.0,79.0,81.0,83.0,88.1,97.0,inferred
Watford,2021-07-15,50.5,58.0,62.0,64.0,65.0,68.0,71.0,73.0,76.0,78.0,80.0,85.0,93.0,inferred
Watford,2021-07-16,46.0,53.0,58.0,59.0,60.0,63.0,66.0,68.0,71.0,72.0,74.0,80.0,87.0,inferred
Watford,2021-07-17,39.0,44.0,48.0,50.0,51.0,53.0,55.5,58.0,60.0,62.0,64.0,68.0,75.0,inferred
Watford,2021-07-18,41.0,46.0,50.0,51.0,53.0,55.0,58.0,60.0,63.0,64.0,66.0,70.0,79.0,inferred
Watford,2021-07-19,56.0,63.0,68.0,70.0,71.0,74.0,77.0,80.0,83.0,85.0,87.0,92.0,101.0,inferred
Watford,2021-07-20,51.0,57.0,62.0,63.0,65.0,68.0,71.0,73.0,76.0,78.0,80.0,85.0,93.0,inferred
Watford,2021-07-21,48.0,54.0,58.0,60.0,61.0,64.0,66.0,69.0,72.0,73.0,75.0,80.0,89.0,inferred
Watford,2021-07-22,41.0,46.0,50.0,52.0,53.0,55.0,58.0,61.0,63.0,65.0,66.0,71.0,80.0,inferred
Watford,2021-07-23,32.0,38.0,41.0,43.0,44.0,46.6,49.0,51.0,54.0,55.0,57.0,60.0,67.0,inferred
Watford,2021-07-24,25.0,29.0,32.0,33.0,34.0,36.0,38.0,40.0,42.0,44.0,45.0,48.0,55.0,inferred
Watford,2021-07-25,21.0,27.0,30.0,31.0,32.0,34.0,36.0,38.0,41.0,42.0,43.0,47.0,52.0,inferred
Watford,2021-07-26,29.0,35.0,38.0,40.0,41.0,43.0,45.0,47.0,50.0,51.0,53.0,57.0,64.0,inferred
Watford,2021-07-27,27.0,32.0,35.0,36.0,37.0,39.0,41.0,43.0,46.0,47.0,49.0,52.0,60.0,inferred
Watford,2021-07-28,27.0,32.0,35.0,36.0,38.0,40.0,42.0,44.0,46.0,47.0,49.0,53.0,59.0,inferred
Watford,2021-07-29,26.0,31.0,34.0,35.0,36.0,39.0,40.5,42.0,45.0,46.0,48.0,52.0,57.0,inferred
Watford,2021-07-30,24.0,28.0,32.0,33.0,34.0,36.0,38.0,40.0,42.0,44.0,45.0,48.0,55.0,inferred
Watford,2021-07-31,19.0,24.0,26.0,27.0,28.0,30.0,32.0,34.0,36.0,37.0,38.0,41.0,47.0,inferred
Watford,2021-08-01,20.0,25.0,28.0,29.0,30.0,32.0,34.0,36.0,38.0,39.0,40.0,44.0,49.0,inferred
Watford,2021-08-02,31.0,36.0,38.8,40.0,41.0,43.0,45.0,47.0,50.0,51.0,53.0,57.0,64.0,inferred
Watford,2021-08-03,28.0,33.0,36.0,38.0,39.0,41.0,43.0,45.0,48.0,49.0,51.0,55.0,60.0,inferred
Watford,2021-08-04,28.0,33.0,37.0,38.0,40.0,42.0,44.0,46.0,48.0,50.0,51.0,55.0,62.0,inferred
Watford,2021-08-05,28.0,32.0,36.0,37.0,38.0,40.0,42.0,44.0,47.0,48.0,49.0,53.0,60.0,inferred
Watford,2021-08-06,25.0,29.0,32.0,34.0,35.0,37.0,38.0,40.0,43.0,44.0,45.0,49.0,55.5,inferred
Watford,2021-08-07,20.0,24.0,27.0,28.0,29.0,31.0,33.0,35.0,37.0,38.0,39.0,42.0,47.0,inferred
Watford,2021-08-08,21.0,25.0,28.0,29.0,30.0,32.0,34.0,36.0,38.0,39.0,40.2,44.0,49.0,inferred
Watford,2021-08-09,31.0,36.0,39.0,40.0,42.0,44.0,46.0,48.0,51.0,52.2,54.0,59.0,65.0,inferred
Watford,2021-08-10,29.0,33.0,37.0,39.0,40.0,42.0,44.0,46.0,49.0,50.0,52.0,56.0,63.0,inferred
Watford,2021-08-11,29.0,34.0,38.0,39.0,41.0,43.0,45.0,48.0,50.0,51.0,53.0,56.1,62.0,inferred
Watford,2021-08-12,28.0,33.0,37.0,38.0,39.0,41.0,44.0,46.0,48.0,50.0,51.0,55.0,61.0,inferred
Watford,2021-08-13,27.0,31.0,34.0,35.0,36.0,38.0,40.0,42.0,44.0,46.0,47.0,51.1,57.0,inferred
Watford,2021-08-14,19.0,24.0,27.0,28.0,29.0,31.0,33.0,35.0,37.0,38.0,40.0,43.0,49.0,inferred
Watford,2021-08-15,22.0,26.0,29.0,30.0,31.0,33.0,35.0,37.0,39.0,40.0,41.0,45.0,50.0,inferred
Watford,2021-08-16,30.0,36.0,39.0,41.0,42.0,44.0,46.0,49.0,51.0,53.0,54.0,59.0,67.0,inferred
Watford,2021-08-17,29.0,34.0,38.0,39.0,40.0,42.0,45.0,47.0,49.0,50.0,52.0,56.0,63.0,inferred
Watford,2021-08-18,29.0,34.0,38.0,39.0,40.0,43.0,45.0,47.0,49.0,51.0,52.0,57.0,63.0,inferred
Watford,2021-08-19,28.0,32.0,36.0,37.0,38.0,40.0,43.0,45.0,47.0,48.0,49.0,53.0,59.0,inferred
Watford,2021-08-20,24.0,29.0,32.0,33.0,34.0,36.0,38.0,41.0,43.0,44.0,45.0,49.0,55.0,inferred
Watford,2021-08-21,18.0,23.0,26.0,28.0,29.0,30.0,32.0,34.0,36.0,37.0,38.0,42.0,47.0,inferred
Watford,2021-08-22,20.0,24.0,27.0,28.0,29.0,31.0,33.0,35.0,37.0,38.0,39.0,43.0,49.0,inferred
Watford,2021-08-23,28.0,33.0,37.0,38.0,39.0,42.0,44.0,46.0,49.0,50.0,51.0,56.0,62.0,inferred
Watford,2021-08-24,28.0,32.0,35.0,36.0,37.0,39.0,42.0,44.0,46.0,48.0,49.0,54.0,61.0,inferred
Watford,2021-08-25,29.0,33.0,36.0,38.0,39.0,41.0,43.0,45.0,48.0,49.0,50.0,54.0,61.0,inferred
Watford,2021-08-26,26.0,32.0,35.0,37.0,38.0,40.0,42.0,45.0,47.0,48.0,49.0,53.0,58.0,inferred
Watford,2021-08-27,25.0,31.0,34.0,35.0,36.0,38.0,40.0,42.0,44.0,45.0,47.0,50.0,57.0,inferred
Watford,2021-08-28,22.0,26.0,29.0,30.0,31.0,32.0,35.0,36.0,38.0,40.0,41.0,44.1,51.0,inferred
Watford,2021-08-29,23.0,27.0,31.0,32.0,33.0,35.0,36.0,38.0,41.0,42.0,44.0,47.0,53.0,inferred
Watford,2021-08-30,34.0,39.0,43.0,45.0,46.0,48.0,51.0,53.0,55.0,56.0,58.0,62.0,68.5,inferred
Watford,2021-08-31,33.0,38.0,42.0,43.0,44.0,47.0,49.0,52.0,54.0,55.0,57.0,61.0,68.0,inferred
Watford,2021-09-01,33.0,39.0,43.0,44.0,46.0,48.0,50.0,52.0,55.0,56.0,58.0,62.0,69.0,inferred
Watford,2021-09-02,31.5,37.0,41.0,42.0,43.0,46.0,48.0,50.0,52.3,54.0,55.0,59.1,67.0,inferred
Watford,2021-09-03,29.0,34.0,37.0,38.0,39.0,42.0,44.0,46.0,48.0,49.2,51.0,55.0,63.0,inferred
Watford,2021-09-04,24.5,28.0,31.0,32.0,33.0,35.0,37.0,39.0,41.0,42.0,43.0,47.0,53.0,inferred
Watford,2021-09-05,24.0,28.9,32.0,33.0,34.0,36.0,38.0,40.0,42.0,43.0,44.0,48.0,55.0,inferred
Watford,2021-09-06,34.0,39.0,43.0,44.0,45.7,48.0,50.0,53.0,55.0,56.0,58.0,62.0,69.0,inferred
Watford,2021-09-07,31.0,36.0,40.0,41.0,42.0,44.0,47.0,49.0,51.0,52.0,54.0,58.0,65.0,inferred
Watford,2021-09-08,29.0,34.0,37.8,39.0,40.0,43.0,45.0,47.0,49.0,51.0,52.0,56.0,63.0,inferred
Watford,2021-09-09,26.0,31.0,34.0,35.0,36.0,39.0,40.5,43.0,45.0,47.0,48.0,52.0,59.0,inferred
Watford,2021-09-10,22.0,26.0,29.0,30.0,31.0,33.0,35.0,37.0,39.0,40.0,41.0,45.0,51.0,inferred
Watford,2021-09-11,17.0,20.0,23.0,23.0,24.0,26.0,28.0,30.0,31.0,33.0,34.0,37.0,42.0,inferred
Watford,2021-09-12,16.0,20.0,22.0,23.0,24.0,26.0,28.0,29.0,32.0,33.0,34.0,37.0,42.0,inferred
Watford,2021-09-13,22.0,27.0,30.0,31.0,32.0,34.0,36.0,38.0,40.0,41.0,42.0,46.0,51.0,inferred
Watford,2021-09-14,21.0,25.0,28.0,29.0,30.0,32.0,34.0,36.0,38.0,39.0,40.0,44.0,49.0,inferred
Watford,2021-09-15,21.0,26.0,29.0,30.0,31.0,33.0,35.0,37.0,39.0,40.0,41.0,45.0,51.5,inferred
Watford,2021-09-16,21.0,26.0,29.0,30.0,31.0,33.0,35.0,37.0,39.0,40.0,41.2,45.0,51.0,inferred
Watford,2021-09-17,20.0,24.0,27.0,29.0,30.0,32.0,34.0,35.0,37.0,39.0,40.0,43.0,49.0,inferred
Watford,2021-09-18,17.0,21.0,24.0,25.0,26.0,28.0,29.0,31.0,33.0,34.0,35.0,37.0,44.0,inferred
Watford,2021-09-19,19.0,23.0,25.0,26.0,28.0,29.0,31.0,33.0,35.0,36.0,37.0,41.0,46.0,inferred
Watford,2021-09-20,28.0,33.0,36.0,38.0,39.0,41.0,43.0,45.0,48.0,49.0,50.0,54.0,61.5,inferred
Watford,2021-09-21,27.0,32.0,35.0,36.8,38.0,40.0,42.0,44.0,46.3,48.0,49.0,52.0,58.0,inferred
Watford,2021-09-22,28.0,33.0,36.0,37.0,38.0,40.6,43.0,45.0,47.0,48.0,50.0,54.0,61.0,inferred
Watford,2021-09-23,26.0,31.0,35.0,36.0,37.0,39.0,41.0,43.0,45.0,46.0,48.0,52.0,58.0,inferred
Watford,2021-09-24,23.0,28.0,31.0,32.0,33.0,35.0,37.0,40.0,42.0,43.0,44.2,49.0,54.0,inferred
Watford,2021-09-25,20.0,24.0,26.0,27.0,28.0,30.0,32.0,34.0,36.0,37.0,38.0,42.0,47.0,inferred
Watford,2021-09-26,21.0,25.0,28.0,29.0,30.0,32.0,33.0,35.0,38.0,39.0,40.0,43.0,49.0,inferred
Watford,2021-09-27,31.0,35.9,38.0,40.0,41.0,43.0,45.0,47.0,50.0,51.0,52.0,57.0,63.0,inferred
Watford,2021-09-28,28.0,33.0,37.0,38.0,39.0,41.0,43.0,46.0,48.0,49.2,51.0,55.0,61.0,inferred
Watford,2021-09-29,29.0,34.0,37.0,38.0,39.0,42.0,44.0,46.0,49.0,50.0,51.0,56.0,64.0,inferred
Watford,2021-09-30,28.0,32.0,35.0,37.0,38.0,40.0,42.0,45.0,47.0,49.0,50.0,54.0,60.0,inferred
Watford,2021-10-01,26.0,30.0,33.0,34.0,35.0,37.0,39.0,41.0,43.0,44.0,46.0,50.0,57.0,inferred
Watford,2021-10-02,21.0,25.0,28.0,29.0,30.0,32.0,33.0,35.0,37.0,39.0,40.0,43.0,49.0,inferred
Watford,2021-10-03,21.5,26.0,29.0,30.0,30.7,33.0,34.0,36.0,38.0,40.0,41.0,45.0,50.0,inferred
Watford,2021-10-04,31.0,37.0,40.0,42.0,43.0,45.0,47.0,50.0,52.0,54.0,55.0,60.0,67.0,inferred
Watford,2021-10-05,30.0,35.0,38.8,40.0,41.0,44.0,46.0,48.0,51.0,52.0,53.0,58.0,64.0,inferred
Watford,2021-10-06,32.0,37.0,40.0,42.0,43.0,46.0,48.0,51.0,53.0,55.0,56.0,60.0,67.0,inferred
Watford,2021-10-07,31.0,37.0,40.0,42.0,43.0,45.0,47.0,50.0,53.0,54.0,56.0,59.0,66.0,inferred
Watford,2021-10-08,29.0,34.0,38.0,39.0,41.0,43.0,45.0,47.0,50.0,51.0,52.0,56.0,64.0,inferred
Watford,2021-10-09,25.0,30.0,33.0,34.0,35.0,38.0,40.0,42.0,44.0,45.0,47.0,51.0,57.0,inferred
Watford,2021-10-10,28.0,33.0,36.0,37.0,38.0,40.0,42.0,44.0,47.0,48.0,49.0,53.0,60.0,inferred
Watford,2021-10-11,40.0,47.0,51.0,52.0,54.0,56.0,59.0,61.0,64.0,66.0,68.0,73.0,82.0,inferred
Watford,2021-10-12,39.0,45.0,49.0,51.0,53.0,55.0,58.0,60.0,63.0,65.0,66.0,71.0,77.0,inferred
Watford,2021-10-13,40.0,46.0,50.0,52.0,54.0,56.0,59.0,62.0,65.0,67.0,69.0,74.0,81.0,inferred
Watford,2021-10-14,40.0,46.0,50.0,51.0,53.0,55.0,58.0,61.0,64.0,66.0,68.0,74.0,83.0,inferred
Watford,2021-10-15,38.0,43.0,47.0,49.0,50.0,53.0,55.0,58.0,61.0,62.0,64.0,69.1,78.0,inferred
Waverley,2021-07-03,13.0,16.0,18.0,19.0,20.0,22.0,24.0,26.0,28.0,30.0,31.0,35.0,41.5,inferred
Waverley,2021-07-04,13.5,17.0,20.0,21.0,22.0,24.0,26.0,28.0,30.0,31.0,33.0,37.0,43.0,inferred
Waverley,2021-07-05,22.0,26.0,30.0,31.0,32.0,34.0,37.0,39.0,42.0,44.0,45.0,50.0,58.0,inferred
Waverley,2021-07-06,22.0,28.0,31.0,33.0,34.0,36.0,39.0,41.0,44.0,45.0,47.0,52.0,59.0,inferred
Waverley,2021-07-07,25.0,30.0,34.0,36.0,37.0,40.0,42.0,44.0,47.0,49.0,50.0,56.0,64.0,inferred
Waverley,2021-07-08,26.0,32.0,36.0,38.0,39.0,41.0,44.0,47.0,50.0,52.0,54.0,59.0,66.5,inferred
Waverley,2021-07-09,27.0,33.0,37.0,38.0,40.0,43.0,45.0,48.0,51.0,52.0,54.0,59.0,68.0,inferred
Waverley,2021-07-10,25.0,31.0,35.0,36.0,37.0,40.0,42.0,45.0,47.0,49.0,50.0,55.0,63.0,inferred
Waverley,2021-07-11,29.0,35.0,39.0,41.0,42.0,45.0,48.0,51.0,53.0,55.0,57.0,62.1,70.0,inferred
Waverley,2021-07-12,46.0,55.0,59.8,62.0,63.0,67.0,70.0,73.0,77.0,79.0,81.0,87.1,99.0,inferred
Waverley,2021-07-13,47.0,54.0,60.0,61.0,63.0,67.0,70.0,73.0,77.0,79.0,81.0,88.0,97.0,inferred
Waverley,2021-07-14,46.0,54.0,59.0,62.0,64.0,67.0,70.0,73.0,77.0,79.0,81.0,87.0,98.0,inferred
Waverley,2021-07-15,43.0,50.0,55.0,57.0,59.0,62.0,66.0,68.0,72.0,74.0,76.0,82.0,91.0,inferred
Waverley,2021-07-16,37.0,44.0,49.0,50.0,52.0,55.0,58.0,61.0,64.0,66.0,68.0,74.0,84.0,inferred
Waverley,2021-07-17,31.0,36.0,40.0,41.0,43.0,45.0,48.0,50.0,53.0,55.0,57.0,63.0,71.0,inferred
Waverley,2021-07-18,30.0,35.0,39.0,41.0,42.0,45.0,47.0,50.0,54.0,55.0,57.0,62.0,71.0,inferred
Waverley,2021-07-19,39.0,47.0,52.0,53.8,55.0,58.0,61.0,64.0,68.0,69.0,72.0,78.0,89.0,inferred
Waverley,2021-07-20,36.0,42.0,47.0,49.0,51.0,53.0,57.0,59.0,63.0,64.0,66.0,72.0,80.5,inferred
Waverley,2021-07-21,33.0,39.0,43.0,45.0,47.0,49.0,52.0,55.0,58.0,60.0,62.0,67.0,77.0,inferred
Waverley,2021-07-22,27.5,33.0,37.0,39.0,40.0,43.0,45.0,48.0,51.0,53.0,55.0,60.0,68.5,inferred
Waverley,2021-07-23,23.0,28.0,32.0,33.0,34.0,37.0,39.0,42.0,44.0,46.0,48.0,52.0,61.0,inferred
Waverley,2021-07-24,17.0,21.0,24.0,25.0,27.0,29.0,31.0,33.0,36.0,37.0,39.0,43.0,51.0,inferred
Waverley,2021-07-25,15.0,20.0,23.0,24.0,25.0,27.0,29.0,31.0,33.0,35.0,36.0,40.0,47.0,inferred
Waverley,2021-07-26,21.0,26.0,29.0,31.0,32.0,34.0,36.0,39.0,41.0,43.0,44.0,49.0,57.0,inferred
Waverley,2021-07-27,19.0,23.0,27.0,28.0,29.0,32.0,34.0,36.0,39.0,40.0,42.0,47.0,54.0,inferred
Waverley,2021-07-28,20.0,25.0,28.0,29.0,30.7,33.0,35.0,38.0,40.0,42.0,44.0,48.0,57.0,inferred
Waverley,2021-07-29,19.0,24.0,28.0,29.0,30.0,33.0,35.0,37.0,40.0,42.0,43.0,48.0,55.0,inferred
Waverley,2021-07-30,19.0,23.0,26.0,27.0,28.0,31.0,33.0,35.0,37.0,39.0,40.0,45.0,52.0,inferred
Waverley,2021-07-31,15.0,19.0,23.0,24.0,25.0,27.0,29.0,31.0,34.0,35.0,37.0,40.0,47.0,inferred
Waverley,2021-08-01,16.0,21.0,24.0,26.0,27.0,29.0,31.0,33.0,35.0,36.0,38.0,43.0,50.0,inferred
Waverley,2021-08-02,25.0,31.0,35.0,36.0,38.0,40.0,43.0,45.0,48.0,50.0,52.0,57.0,65.0,inferred
Waverley,2021-08-03,24.0,30.0,34.0,36.0,37.0,40.0,42.5,45.0,48.0,49.0,51.0,57.0,65.0,inferred
Waverley,2021-08-04,26.0,31.0,35.0,37.0,38.0,41.0,43.0,46.0,49.0,50.0,52.0,58.0,65.0,inferred
Waverley,2021-08-05,25.0,31.0,34.0,36.0,37.7,40.0,43.0,46.0,48.0,50.0,51.0,57.0,64.5,inferred
Waverley,2021-08-06,24.0,29.0,32.0,34.0,36.0,38.0,41.0,43.0,46.0,47.0,49.0,54.0,62.5,inferred
Waverley,2021-08-07,21.0,25.0,29.0,30.0,32.0,34.0,36.0,38.0,41.0,42.0,44.0,49.0,56.0,inferred
Waverley,2021-08-08,21.0,27.0,31.0,32.0,33.0,36.0,38.0,40.0,43.0,44.0,46.0,51.0,59.0,inferred
Waverley,2021-08-09,32.5,38.0,43.0,45.0,46.0,49.0,52.0,55.0,58.0,60.0,62.0,68.0,77.0,inferred
Waverley,2021-08-10,33.0,39.0,44.0,45.0,46.0,49.0,52.0,55.0,58.0,60.0,62.0,67.0,75.0,inferred
Waverley,2021-08-11,35.0,42.0,45.0,47.0,49.0,52.0,55.0,58.0,61.0,63.0,65.0,71.0,81.0,inferred
Waverley,2021-08-12,34.0,40.0,46.0,47.0,49.0,52.0,55.0,58.0,61.0,63.0,65.0,71.0,79.5,inferred
Waverley,2021-08-13,33.0,39.0,44.0,46.0,47.0,50.0,53.5,57.0,60.0,62.0,64.0,69.0,76.0,inferred
Waverley,2021-08-14,29.0,35.0,39.0,41.0,42.0,45.0,47.0,50.0,53.0,55.0,57.0,61.0,68.0,inferred
Waverley,2021-08-15,32.0,38.0,42.0,44.0,45.0,48.0,51.0,53.4,56.0,59.0,61.0,66.0,75.0,inferred
Waverley,2021-08-16,48.0,56.0,61.0,63.0,65.0,68.0,71.0,74.0,78.0,80.0,82.0,89.0,102.0,inferred
Waverley,2021-08-17,46.0,53.9,58.0,60.0,62.0,66.0,69.0,73.0,76.0,78.0,81.0,87.0,98.0,inferred
Waverley,2021-08-18,46.5,53.0,58.8,60.0,62.0,65.0,68.0,71.0,75.0,77.0,79.0,85.0,94.0,inferred
Waverley,2021-08-19,42.0,48.0,53.0,55.0,56.0,59.0,63.0,66.0,69.0,71.0,73.0,79.0,88.0,inferred
Waverley,2021-08-20,36.0,42.0,47.0,48.0,50.0,53.0,56.0,59.0,63.0,65.0,67.0,72.0,81.0,inferred
Waverley,2021-08-21,27.5,33.0,38.0,40.0,41.0,44.0,46.0,49.0,52.0,54.0,56.0,61.0,68.5,inferred
Waverley,2021-08-22,28.0,33.0,37.0,39.0,41.0,43.0,46.0,48.0,51.0,53.0,55.0,61.0,69.0,inferred
Waverley,2021-08-23,38.0,45.0,50.0,52.0,54.0,57.0,60.0,63.0,67.0,68.0,71.0,76.1,87.0,inferred
Waverley,2021-08-24,34.5,42.0,47.0,49.0,51.0,54.0,57.0,60.0,62.0,64.0,66.0,72.0,81.0,inferred
Waverley,2021-08-25,35.0,42.0,47.0,48.0,50.0,53.0,56.0,59.0,62.0,64.0,66.0,72.0,80.0,inferred
Waverley,2021-08-26,33.0,39.0,44.0,45.0,47.0,50.0,53.0,56.0,59.0,60.0,63.0,68.0,76.0,inferred
Waverley,2021-08-27,30.0,36.0,40.0,42.0,43.0,46.0,49.0,51.0,54.0,56.0,58.0,63.0,71.5,inferred
Waverley,2021-08-28,24.0,29.0,33.0,34.0,36.0,39.0,41.0,44.0,47.0,48.0,50.0,54.0,62.0,inferred
Waverley,2021-08-29,24.0,30.0,34.0,35.0,37.0,39.0,42.0,44.0,47.0,48.0,50.0,56.0,64.0,inferred
Waverley,2021-08-30,35.0,42.0,47.0,48.0,50.0,53.0,56.0,59.0,62.0,64.0,66.0,72.0,81.5,inferred
Waverley,2021-08-31,32.0,39.0,44.0,45.0,47.0,50.0,53.0,56.0,59.0,61.0,63.0,68.0,78.0,inferred
Waverley,2021-09-01,32.0,38.0,43.0,45.0,46.0,49.6,52.0,55.0,58.0,59.0,61.0,67.0,76.0,inferred
Waverley,2021-09-02,29.0,35.9,40.0,41.0,42.0,45.0,48.0,50.0,53.0,55.0,57.0,62.0,70.0,inferred
Waverley,2021-09-03,25.0,31.0,35.0,36.0,37.0,40.0,43.0,45.0,48.0,49.0,52.0,56.0,65.0,inferred
Waverley,2021-09-04,20.0,25.0,28.0,29.0,31.0,33.0,35.0,38.0,40.0,42.0,43.0,48.0,55.0,inferred
Waverley,2021-09-05,19.0,24.0,28.0,29.0,30.0,32.0,35.0,37.0,40.0,41.0,43.0,48.0,56.0,inferred
Waverley,2021-09-06,27.0,33.0,37.0,39.0,40.0,43.0,46.0,49.0,52.0,53.0,55.0,61.0,68.5,inferred
Waverley,2021-09-07,24.0,30.0,33.8,35.0,37.0,40.0,43.0,45.0,48.0,50.0,51.0,57.0,65.0,inferred
Waverley,2021-09-08,23.0,28.0,32.0,34.0,35.0,37.0,40.0,43.0,45.0,46.0,48.0,53.0,61.0,inferred
Waverley,2021-09-09,20.0,25.0,29.0,30.0,31.0,34.0,36.0,38.0,41.0,42.0,44.0,49.0,56.0,inferred
Waverley,2021-09-10,17.0,21.9,25.0,26.0,27.0,29.0,32.0,34.0,37.0,38.0,40.0,44.0,50.0,inferred
Waverley,2021-09-11,13.0,17.0,20.0,21.0,22.0,24.0,26.0,28.0,30.0,31.0,32.0,36.0,42.0,inferred
Waverley,2021-09-12,12.5,16.0,20.0,21.0,22.0,23.0,25.0,27.0,29.0,31.0,32.0,36.0,42.0,inferred
Waverley,2021-09-13,17.0,22.0,25.0,26.0,27.0,30.0,32.0,34.0,37.0,38.0,40.0,45.0,52.0,inferred
Waverley,2021-09-14,16.0,22.0,25.0,27.0,28.0,30.0,32.0,34.0,37.0,38.0,40.0,45.0,53.0,inferred
Waverley,2021-09-15,18.0,24.0,27.0,28.0,29.7,32.0,34.0,36.0,39.0,40.0,42.0,46.0,53.5,inferred
Waverley,2021-09-16,19.0,24.0,28.0,29.0,31.0,33.0,35.0,37.0,40.0,42.0,43.0,48.1,57.0,inferred
Waverley,2021-09-17,18.5,24.0,27.8,29.0,30.0,32.0,35.0,37.0,40.0,41.0,43.0,47.0,54.0,inferred
Waverley,2021-09-18,18.0,22.0,25.0,26.0,28.0,30.0,32.0,34.0,37.0,38.0,40.0,45.0,51.5,inferred
Waverley,2021-09-19,19.5,24.0,28.0,29.0,30.0,32.0,35.0,37.0,40.0,41.0,43.0,47.0,55.0,inferred
Waverley,2021-09-20,31.0,37.0,41.8,43.0,45.0,47.6,50.0,53.0,56.0,58.0,60.0,65.0,74.5,inferred
Waverley,2021-09-21,30.0,37.0,41.0,42.0,44.0,47.0,50.0,52.0,55.0,57.0,59.0,64.0,73.0,inferred
Waverley,2021-09-22,32.0,38.0,42.0,44.0,45.0,49.0,51.0,54.0,57.0,59.0,61.2,67.0,76.0,inferred
Waverley,2021-09-23,32.0,37.0,41.8,43.0,45.0,47.0,50.0,53.0,56.0,58.0,60.0,65.0,74.0,inferred
Waverley,2021-09-24,28.0,34.0,38.0,40.0,41.0,44.0,47.0,49.0,52.0,54.0,56.0,61.0,68.5,inferred
Waverley,2021-09-25,24.0,29.0,33.0,34.0,36.0,38.0,40.0,43.0,46.0,47.0,49.0,53.0,61.0,inferred
Waverley,2021-09-26,26.0,31.0,35.0,36.0,38.0,41.0,43.0,46.0,49.0,50.0,52.0,57.0,65.0,inferred
Waverley,2021-09-27,37.0,44.0,49.0,51.0,52.0,55.0,58.0,61.0,65.0,67.0,69.0,75.1,84.0,inferred
Waverley,2021-09-28,36.0,43.0,48.0,50.0,52.0,55.0,58.0,61.0,65.0,67.0,69.0,74.0,83.5,inferred
Waverley,2021-09-29,40.0,47.0,51.0,54.0,55.0,58.0,61.0,64.0,67.0,70.0,72.0,77.0,86.0,inferred
Waverley,2021-09-30,38.0,45.0,50.0,52.0,54.0,57.0,60.0,62.0,66.0,67.0,70.0,76.0,85.0,inferred
Waverley,2021-10-01,37.0,43.0,48.0,49.0,51.0,54.0,57.0,60.0,63.0,65.0,67.0,73.0,83.0,inferred
Waverley,2021-10-02,31.0,38.0,42.0,43.0,45.0,48.0,50.0,53.0,56.0,58.0,59.0,65.0,73.0,inferred
Waverley,2021-10-03,33.0,40.0,45.0,47.0,48.0,50.0,54.0,57.0,60.0,61.0,63.0,69.0,77.0,inferred
Waverley,2021-10-04,49.0,59.0,63.0,66.0,68.0,71.0,74.0,78.0,82.0,84.0,87.0,94.0,105.5,inferred
Waverley,2021-10-05,49.0,57.0,62.0,64.0,67.0,70.0,74.0,77.0,80.0,82.0,84.0,90.0,101.0,inferred
Waverley,2021-10-06,52.0,60.0,65.8,68.0,70.0,74.0,77.0,81.0,84.0,86.0,89.0,95.0,106.0,inferred
Waverley,2021-10-07,52.0,60.0,65.0,67.0,69.0,72.0,76.0,79.0,84.0,86.0,89.0,95.0,105.0,inferred
Waverley,2021-10-08,50.0,57.0,63.0,65.0,67.0,70.0,74.0,77.0,81.0,83.0,85.0,91.1,103.0,inferred
Waverley,2021-10-09,43.0,50.0,55.0,57.0,59.0,62.0,65.0,68.0,72.0,74.0,76.0,84.0,95.0,inferred
Waverley,2021-10-10,47.0,54.0,59.0,61.0,63.0,67.0,70.0,73.0,76.0,78.0,80.0,87.0,97.0,inferred
Waverley,2021-10-11,70.0,78.0,84.8,87.0,89.0,93.0,97.0,102.0,106.0,108.0,111.0,119.0,131.0,inferred
Waverley,2021-10-12,69.0,79.0,85.0,87.0,90.0,93.0,97.0,100.0,105.0,108.0,111.0,119.0,130.0,inferred
Waverley,2021-10-13,71.0,80.0,86.0,89.0,91.0,96.0,99.0,103.0,107.0,109.2,112.0,121.1,132.0,inferred
Waverley,2021-10-14,67.0,77.0,84.0,86.0,89.0,93.0,97.0,101.0,105.0,108.0,111.0,119.0,129.5,inferred
Waverley,2021-10-15,61.0,71.0,78.0,81.0,83.0,86.0,91.0,95.0,99.0,102.0,105.0,114.0,127.0,inferred
Wealden,2021-07-03,15.0,18.0,22.0,23.0,24.0,27.0,29.0,31.0,33.0,35.0,37.0,42.0,51.0,inferred
Wealden,2021-07-04,16.5,21.0,25.0,27.0,28.0,31.0,33.0,36.0,39.0,40.0,42.0,47.0,54.0,inferred
Wealden,2021-07-05,27.0,33.0,38.0,40.0,41.0,44.0,47.0,50.0,53.0,54.0,57.0,63.0,72.0,inferred
Wealden,2021-07-06,28.0,34.0,39.0,41.0,42.0,45.0,48.0,51.0,54.0,56.0,58.0,66.0,76.0,inferred
Wealden,2021-07-07,32.0,38.0,42.0,44.0,46.0,49.0,52.0,55.0,58.3,60.0,63.0,69.0,79.0,inferred
Wealden,2021-07-08,32.0,37.0,42.0,44.0,46.0,49.0,52.0,55.0,59.0,61.0,62.2,69.0,80.0,inferred
Wealden,2021-07-09,32.0,38.0,43.0,45.0,46.0,50.0,53.0,56.0,60.0,62.0,64.0,72.0,82.0,inferred
Wealden,2021-07-10,28.0,34.0,39.0,41.0,42.0,45.0,48.0,51.0,55.0,57.0,59.0,65.0,75.0,inferred
Wealden,2021-07-11,32.0,38.0,44.0,45.0,47.0,50.0,53.0,57.0,60.0,62.0,65.0,71.0,83.0,inferred
Wealden,2021-07-12,50.0,59.0,66.0,68.0,71.0,75.0,79.0,82.0,87.0,89.0,91.0,99.0,112.0,inferred
Wealden,2021-07-13,51.0,59.0,65.0,67.8,70.0,74.0,78.0,82.0,87.0,89.0,92.0,100.0,113.0,inferred
Wealden,2021-07-14,51.0,60.0,67.0,69.0,72.0,76.0,80.0,84.0,88.0,91.0,93.0,101.0,113.0,inferred
Wealden,2021-07-15,50.0,56.0,63.0,65.0,67.0,71.0,75.0,79.0,83.0,86.0,89.0,96.1,109.0,inferred
Wealden,2021-07-16,43.5,51.0,57.0,59.0,61.0,65.0,68.0,72.0,76.0,78.0,81.0,89.0,99.0,inferred
Wealden,2021-07-17,35.0,42.0,47.0,48.0,50.0,54.0,58.0,61.0,65.0,67.0,69.2,76.0,86.5,inferred
Wealden,2021-07-18,35.0,42.0,47.0,49.0,51.0,54.0,58.0,61.0,64.0,66.0,68.2,76.0,88.5,inferred
Wealden,2021-07-19,50.0,59.0,66.0,68.0,70.0,74.0,77.0,81.0,85.0,88.0,90.0,97.0,111.0,inferred
Wealden,2021-07-20,46.5,53.0,59.0,61.0,63.0,67.0,71.0,75.0,80.0,83.0,85.0,91.0,103.5,inferred
Wealden,2021-07-21,42.0,49.0,54.0,57.0,59.0,63.0,67.0,70.0,74.0,77.0,79.0,86.0,98.5,inferred
Wealden,2021-07-22,36.0,44.0,49.0,51.0,53.0,56.0,59.0,62.0,66.0,69.0,71.0,79.0,89.0,inferred
Wealden,2021-07-23,29.0,36.0,41.0,42.0,44.7,48.0,51.0,54.0,58.0,60.0,62.0,69.0,79.0,inferred
Wealden,2021-07-24,23.0,29.0,32.0,34.0,36.0,38.0,41.0,44.0,47.0,49.0,51.0,56.0,66.5,inferred
Wealden,2021-07-25,21.0,27.0,31.0,33.0,34.0,37.0,40.0,43.0,46.0,48.0,50.0,55.0,64.5,inferred
Wealden,2021-07-26,28.0,35.0,40.0,42.0,44.0,47.0,50.0,53.0,57.0,59.0,62.0,69.0,79.0,inferred
Wealden,2021-07-27,26.0,32.0,37.0,39.0,40.0,44.0,47.0,50.0,54.0,55.0,57.0,63.0,73.0,inferred
Wealden,2021-07-28,26.0,33.0,38.0,39.0,41.0,44.0,48.0,51.0,54.0,56.0,58.0,64.0,74.0,inferred
Wealden,2021-07-29,25.5,32.0,36.0,37.0,39.0,42.0,44.0,47.0,50.0,52.0,55.0,61.0,72.0,inferred
Wealden,2021-07-30,22.0,28.9,33.0,34.0,36.0,38.0,41.0,44.0,48.0,50.0,52.0,59.0,69.0,inferred
Wealden,2021-07-31,18.0,23.0,27.0,28.0,30.0,33.0,35.0,38.0,41.0,43.0,45.0,50.0,59.0,inferred
Wealden,2021-08-01,19.0,25.0,28.0,30.0,31.0,34.0,37.0,39.0,42.0,44.0,46.0,51.0,61.0,inferred
Wealden,2021-08-02,28.5,35.0,39.0,41.0,43.0,46.0,49.0,52.0,56.0,58.0,60.0,66.0,75.5,inferred
Wealden,2021-08-03,28.0,33.0,38.0,40.0,42.0,45.0,48.0,51.0,56.0,58.0,60.0,66.0,76.0,inferred
Wealden,2021-08-04,28.0,35.0,40.0,42.0,43.0,46.0,49.0,52.0,55.0,58.0,60.0,66.0,76.0,inferred
Wealden,2021-08-05,28.0,34.0,39.0,41.0,42.0,45.0,48.0,52.0,55.0,57.0,59.0,64.0,74.0,inferred
Wealden,2021-08-06,26.0,32.0,37.0,39.0,40.0,43.0,46.0,50.0,53.0,55.0,57.0,62.0,72.5,inferred
Wealden,2021-08-07,21.0,27.0,31.8,33.0,35.0,38.0,40.0,43.0,46.0,47.0,49.0,54.0,65.0,inferred
Wealden,2021-08-08,24.0,29.0,33.0,35.0,36.0,39.0,42.0,45.0,48.0,50.0,52.0,57.0,68.0,inferred
Wealden,2021-08-09,35.0,42.0,48.0,50.0,51.0,55.0,59.0,62.0,66.0,69.0,71.0,77.0,87.0,inferred
Wealden,2021-08-10,35.0,43.0,48.0,50.0,52.0,56.0,59.0,62.0,67.0,69.0,71.0,78.1,89.0,inferred
Wealden,2021-08-11,38.0,45.0,50.0,52.0,54.0,58.0,61.0,64.0,68.0,71.0,73.0,79.0,89.5,inferred
Wealden,2021-08-12,37.0,44.0,49.0,51.0,53.0,56.0,60.0,63.0,66.0,68.0,71.0,78.0,91.0,inferred
Wealden,2021-08-13,35.0,42.0,47.0,48.0,50.0,54.0,58.0,61.0,65.0,67.0,70.0,76.0,86.0,inferred
Wealden,2021-08-14,30.0,36.0,42.0,43.0,45.0,48.0,51.0,54.0,57.3,59.0,61.0,68.0,78.0,inferred
Wealden,2021-08-15,32.0,39.0,44.0,45.0,47.0,50.0,53.0,57.0,60.0,63.0,65.0,72.0,83.0,inferred
Wealden,2021-08-16,48.0,56.0,62.0,65.0,67.0,71.0,74.0,78.0,83.0,86.0,88.0,96.0,107.0,inferred
Wealden,2021-08-17,48.0,56.0,62.0,64.0,66.0,69.0,73.0,77.0,81.3,84.0,86.0,93.0,106.0,inferred
Wealden,2021-08-18,46.0,55.0,60.0,63.0,64.0,68.0,72.0,75.0,80.0,82.0,85.0,92.0,103.0,inferred
Wealden,2021-08-19,43.5,50.0,56.0,59.0,60.0,64.0,67.0,71.0,75.0,77.0,80.0,87.0,99.0,inferred
Wealden,2021-08-20,37.0,45.0,50.0,52.0,54.0,58.0,61.0,65.0,69.0,71.0,73.0,79.0,89.5,inferred
Wealden,2021-08-21,28.5,36.0,41.0,43.0,45.0,49.0,52.0,55.0,58.0,61.0,63.0,69.0,80.0,inferred
Wealden,2021-08-22,31.0,38.0,42.0,44.0,46.0,49.0,52.0,55.0,59.0,61.0,63.0,69.0,80.0,inferred
Wealden,2021-08-23,44.0,51.0,56.0,59.0,61.0,65.0,69.0,72.0,77.0,79.0,82.0,89.0,101.0,inferred
Wealden,2021-08-24,42.0,49.0,54.8,57.0,59.0,63.0,66.0,70.0,75.0,77.0,79.0,86.0,98.5,inferred
Wealden,2021-08-25,42.0,51.0,56.0,59.0,61.0,65.0,68.0,71.0,75.0,78.0,80.0,87.0,97.0,inferred
Wealden,2021-08-26,41.0,49.0,54.0,56.0,58.0,62.0,65.0,69.0,73.0,75.0,78.0,85.1,97.0,inferred
Wealden,2021-08-27,40.0,46.0,52.0,54.0,55.7,59.0,62.0,66.0,69.3,72.0,74.0,81.1,91.0,inferred
Wealden,2021-08-28,31.0,38.0,43.0,45.0,47.0,50.0,54.0,57.0,60.0,62.0,65.0,71.0,82.0,inferred
Wealden,2021-08-29,33.5,41.0,46.0,48.0,50.0,53.0,57.0,60.0,63.0,65.0,68.0,75.0,85.0,inferred
Wealden,2021-08-30,49.0,58.9,65.0,67.0,68.0,73.0,77.0,81.0,86.0,89.0,91.0,99.0,109.5,inferred
Wealden,2021-08-31,48.0,56.0,62.0,64.0,66.0,70.0,74.0,78.0,82.0,84.0,88.0,95.1,108.5,inferred
Wealden,2021-09-01,48.0,56.0,61.0,64.0,66.0,70.0,73.0,77.0,81.0,84.0,87.0,95.0,106.0,inferred
Wealden,2021-09-02,43.0,51.0,57.0,59.0,61.0,66.0,69.0,72.0,76.0,79.0,81.0,88.0,101.5,inferred
Wealden,2021-09-03,37.0,45.0,51.0,53.0,55.0,58.0,62.0,66.0,69.0,71.0,74.0,81.0,93.0,inferred
Wealden,2021-09-04,31.0,36.0,41.0,43.0,45.0,48.0,51.0,55.0,58.0,60.0,63.0,68.0,77.0,inferred
Wealden,2021-09-05,31.0,37.0,41.0,44.0,46.0,49.0,52.0,55.0,59.0,60.0,63.0,69.0,79.5,inferred
Wealden,2021-09-06,41.0,50.0,56.0,58.0,60.0,64.0,67.0,71.0,75.0,78.0,80.0,87.0,99.5,inferred
Wealden,2021-09-07,38.0,45.0,51.0,53.0,55.0,60.0,63.0,67.0,71.0,73.0,76.0,82.0,95.0,inferred
Wealden,2021-09-08,37.5,45.0,49.0,51.0,53.0,57.0,60.0,63.0,67.0,69.0,72.0,80.0,89.0,inferred
Wealden,2021-09-09,31.0,39.0,43.0,45.0,47.0,50.0,53.0,56.0,60.0,62.0,64.0,70.0,81.0,inferred
Wealden,2021-09-10,28.0,33.0,37.0,39.0,41.0,44.0,47.0,50.0,53.0,55.0,58.0,64.0,73.0,inferred
Wealden,2021-09-11,20.0,25.0,29.0,30.0,32.0,35.0,37.0,40.0,43.0,44.0,46.0,52.0,61.0,inferred
Wealden,2021-09-12,19.0,24.0,28.0,29.0,31.0,34.0,36.0,39.0,42.0,44.0,46.0,51.0,60.0,inferred
Wealden,2021-09-13,27.0,32.0,37.0,39.0,40.0,43.0,46.0,49.0,53.0,54.0,56.0,61.0,71.0,inferred
Wealden,2021-09-14,25.0,31.0,36.0,38.0,39.0,42.0,45.0,48.0,51.0,53.0,55.0,62.0,71.0,inferred
Wealden,2021-09-15,26.0,32.9,37.0,38.0,40.0,43.0,46.0,49.0,53.0,55.0,57.0,64.0,74.5,inferred
Wealden,2021-09-16,25.0,33.0,37.0,39.0,41.0,44.0,46.0,50.0,53.0,55.0,57.0,62.0,73.0,inferred
Wealden,2021-09-17,25.5,32.0,36.0,38.0,40.0,43.0,46.0,49.0,52.0,54.0,56.0,62.0,72.5,inferred
Wealden,2021-09-18,21.0,27.0,32.0,34.0,36.0,38.0,41.0,44.0,47.0,49.0,51.0,57.0,66.0,inferred
Wealden,2021-09-19,24.0,30.0,35.0,36.0,38.0,41.0,44.0,47.0,50.0,52.0,54.0,60.0,69.0,inferred
Wealden,2021-09-20,38.0,45.0,50.8,52.0,54.0,58.0,62.0,65.0,69.0,72.0,74.0,81.0,92.0,inferred
Wealden,2021-09-21,38.5,46.0,51.0,53.0,55.0,58.0,61.0,65.0,69.0,71.0,73.0,80.0,93.0,inferred
Wealden,2021-09-22,39.0,46.0,52.0,55.0,57.0,60.6,64.0,67.0,71.0,73.0,76.0,84.0,95.5,inferred
Wealden,2021-09-23,38.0,46.0,51.0,53.0,55.0,58.0,61.0,65.0,69.0,71.0,73.0,80.0,93.5,inferred
Wealden,2021-09-24,36.0,43.0,48.0,50.0,52.0,56.0,59.0,62.0,66.0,68.0,70.0,77.0,89.0,inferred
Wealden,2021-09-25,30.0,36.0,41.0,43.0,44.0,47.6,51.0,54.0,58.0,60.0,62.0,68.0,79.5,inferred
Wealden,2021-09-26,34.0,39.0,44.0,46.0,47.0,50.0,53.0,56.0,60.0,62.0,64.0,71.0,81.0,inferred
Wealden,2021-09-27,46.5,55.0,61.0,63.0,66.0,70.0,74.0,78.0,81.0,83.0,86.0,93.0,104.0,inferred
Wealden,2021-09-28,43.0,52.0,59.0,61.0,63.0,67.0,71.0,74.4,79.0,81.0,83.0,90.0,101.0,inferred
Wealden,2021-09-29,45.0,52.9,58.0,60.0,63.0,66.0,70.0,74.0,78.0,80.0,83.0,89.0,103.0,inferred
Wealden,2021-09-30,41.0,49.0,54.0,56.0,58.0,62.0,65.0,69.0,73.0,76.0,79.0,85.0,97.0,inferred
Wealden,2021-10-01,38.0,45.0,50.0,52.0,54.0,57.0,60.0,64.0,67.0,69.0,72.0,80.0,89.0,inferred
Wealden,2021-10-02,29.0,36.0,41.0,43.0,44.0,47.0,51.0,54.0,57.0,59.2,62.0,68.1,78.5,inferred
Wealden,2021-10-03,30.0,37.0,41.0,43.0,45.0,48.0,51.0,55.0,58.0,60.0,62.0,69.0,79.0,inferred
Wealden,2021-10-04,44.5,52.9,57.0,59.0,62.0,65.0,69.0,72.0,77.0,79.0,82.0,88.0,99.0,inferred
Wealden,2021-10-05,42.0,49.0,55.0,57.0,58.0,62.0,66.0,69.0,73.0,75.0,78.0,85.0,95.0,inferred
Wealden,2021-10-06,41.0,50.0,56.0,58.0,59.0,63.0,67.0,70.4,74.0,76.0,79.0,87.0,97.0,inferred
Wealden,2021-10-07,38.5,48.0,53.0,55.0,57.0,60.0,64.0,67.0,72.0,73.0,76.0,83.0,94.5,inferred
Wealden,2021-10-08,38.0,44.0,49.0,51.0,52.0,56.0,59.0,62.0,66.0,68.0,71.0,78.0,88.0,inferred
Wealden,2021-10-09,31.0,36.0,40.8,42.0,44.0,48.0,50.0,53.0,56.0,58.0,61.0,67.0,76.5,inferred
Wealden,2021-10-10,31.0,38.0,42.0,44.0,46.0,49.0,52.0,55.0,60.0,62.0,64.0,70.0,81.5,inferred
Wealden,2021-10-11,45.0,54.0,59.0,62.0,64.0,68.0,71.0,75.0,80.0,83.0,85.0,92.0,103.0,inferred
Wealden,2021-10-12,43.0,50.0,58.0,60.0,62.0,65.0,69.0,73.0,77.0,79.0,82.0,90.0,101.5,inferred
Wealden,2021-10-13,43.0,52.0,57.0,59.0,62.0,65.0,69.0,73.0,78.0,80.0,83.0,90.0,106.0,inferred
Wealden,2021-10-14,41.0,49.0,54.0,57.0,59.0,63.0,66.0,70.0,74.0,76.0,79.0,87.0,97.5,inferred
Wealden,2021-10-15,36.0,44.0,50.0,53.0,55.0,59.0,62.5,66.0,71.0,73.0,75.0,82.1,95.0,inferred
Wellingborough,2021-07-03,9.0,11.0,13.0,14.0,15.0,16.0,17.0,18.0,20.0,21.0,22.0,24.0,28.0,inferred
Wellingborough,2021-07-04,9.0,12.0,14.0,15.0,15.0,17.0,18.0,19.0,21.0,22.0,23.0,25.0,30.0,inferred
Wellingborough,2021-07-05,13.0,17.0,19.0,20.0,21.0,22.0,24.0,25.0,27.0,27.0,29.0,32.0,37.0,inferred
Wellingborough,2021-07-06,12.0,16.0,18.0,19.0,20.0,21.0,22.0,24.0,25.3,27.0,27.0,30.0,35.0,inferred
Wellingborough,2021-07-07,14.0,17.0,19.0,20.0,21.0,22.0,23.0,25.0,27.0,28.0,29.0,32.0,36.5,inferred
Wellingborough,2021-07-08,14.0,17.0,19.0,21.0,21.0,23.0,24.0,26.0,28.0,28.2,30.0,33.0,37.5,inferred
Wellingborough,2021-07-09,13.0,16.0,19.0,20.0,21.0,22.0,23.0,25.0,26.0,27.0,28.0,31.0,35.0,inferred
Wellingborough,2021-07-10,11.0,15.0,17.0,18.0,19.0,20.0,21.5,23.0,24.0,25.0,26.0,29.0,34.0,inferred
Wellingborough,2021-07-11,14.0,17.0,20.0,21.0,21.0,23.0,25.0,26.0,28.0,29.0,30.0,33.0,38.0,inferred
Wellingborough,2021-07-12,23.0,27.0,30.0,31.0,32.0,34.0,36.0,38.0,40.0,41.0,43.0,47.0,53.0,inferred
Wellingborough,2021-07-13,23.0,27.0,30.0,31.0,32.0,34.0,36.0,38.0,40.0,41.0,43.0,46.0,52.0,inferred
Wellingborough,2021-07-14,24.0,29.0,31.0,33.0,34.0,35.0,37.0,39.0,42.0,43.0,44.0,48.0,54.0,inferred
Wellingborough,2021-07-15,24.0,28.0,31.0,32.0,33.0,35.0,37.0,39.0,41.0,43.0,44.0,47.0,53.0,inferred
Wellingborough,2021-07-16,22.0,26.0,29.0,30.0,31.0,33.0,35.0,37.0,39.0,40.0,41.0,45.0,51.0,inferred
Wellingborough,2021-07-17,18.0,23.0,25.0,26.0,27.0,29.0,30.0,32.0,34.0,35.0,37.0,40.0,45.0,inferred
Wellingborough,2021-07-18,21.0,25.0,28.0,29.0,30.0,32.0,34.0,35.0,37.0,38.0,40.0,43.0,48.0,inferred
Wellingborough,2021-07-19,31.0,36.0,39.0,41.0,42.0,44.0,47.0,49.0,51.0,52.0,54.0,58.0,64.0,inferred
Wellingborough,2021-07-20,30.0,34.0,37.0,39.0,40.0,42.0,44.0,47.0,49.0,50.0,52.0,56.0,63.0,inferred
Wellingborough,2021-07-21,28.0,32.0,36.0,37.0,38.0,40.0,42.0,44.0,46.0,47.0,49.0,53.0,60.0,inferred
Wellingborough,2021-07-22,25.0,30.0,33.0,34.0,35.0,37.0,39.0,41.0,43.0,45.0,46.0,50.0,56.0,inferred
Wellingborough,2021-07-23,21.0,25.0,28.0,29.0,30.0,32.0,33.0,35.0,37.0,38.0,40.0,43.0,48.0,inferred
Wellingborough,2021-07-24,16.0,20.0,22.0,23.0,24.0,25.0,27.0,28.0,30.0,31.0,33.0,36.0,41.0,inferred
Wellingborough,2021-07-25,15.0,19.9,22.0,23.0,24.0,25.0,27.0,29.0,30.0,32.0,33.0,36.0,41.0,inferred
Wellingborough,2021-07-26,22.0,26.0,29.0,30.0,32.0,33.0,35.0,37.0,39.0,40.0,42.0,45.0,51.5,inferred
Wellingborough,2021-07-27,20.0,24.0,27.0,28.0,29.0,31.0,33.0,35.0,37.0,38.0,39.0,43.0,48.0,inferred
Wellingborough,2021-07-28,20.0,24.0,27.0,29.0,30.0,32.0,33.0,35.0,37.0,38.0,39.0,43.0,49.0,inferred
Wellingborough,2021-07-29,20.0,24.0,27.0,28.0,29.0,31.0,33.0,35.0,37.0,38.0,39.0,43.0,49.0,inferred
Wellingborough,2021-07-30,19.0,22.0,25.0,26.0,27.0,29.0,30.0,32.0,34.0,35.0,36.0,39.0,45.0,inferred
Wellingborough,2021-07-31,15.0,18.0,21.0,22.0,23.0,24.0,26.0,28.0,29.0,30.0,31.0,34.0,39.0,inferred
Wellingborough,2021-08-01,16.0,20.0,23.0,24.0,25.0,26.0,28.0,29.0,31.0,32.0,34.0,37.0,42.0,inferred
Wellingborough,2021-08-02,25.0,29.0,32.0,33.0,34.0,36.0,38.0,41.0,43.0,44.0,45.0,49.0,55.0,inferred
Wellingborough,2021-08-03,23.0,27.0,30.0,31.0,32.0,34.0,36.0,38.0,40.0,41.0,43.0,47.0,53.0,inferred
Wellingborough,2021-08-04,24.0,27.0,30.0,31.8,33.0,34.6,36.0,38.0,41.0,42.0,43.0,47.0,54.0,inferred
Wellingborough,2021-08-05,22.0,26.0,29.0,30.0,31.0,33.0,35.0,37.0,39.0,40.0,41.0,44.0,50.0,inferred
Wellingborough,2021-08-06,18.0,23.0,26.0,27.0,28.0,29.0,31.0,33.0,35.0,36.0,37.0,41.0,46.0,inferred
Wellingborough,2021-08-07,15.0,19.0,21.0,22.0,23.0,25.0,26.0,28.0,30.0,31.0,32.0,35.0,40.5,inferred
Wellingborough,2021-08-08,16.0,20.0,22.0,24.0,24.0,26.0,28.0,29.0,31.0,32.0,34.0,36.1,42.0,inferred
Wellingborough,2021-08-09,24.0,28.0,32.0,33.0,34.0,36.0,38.0,40.0,42.0,43.0,45.0,48.0,55.0,inferred
Wellingborough,2021-08-10,22.0,27.0,30.0,31.0,32.0,34.0,36.0,38.0,40.0,41.0,42.0,46.0,52.0,inferred
Wellingborough,2021-08-11,22.0,27.0,30.0,31.0,32.0,34.0,36.0,38.0,40.0,41.0,42.0,46.0,53.0,inferred
Wellingborough,2021-08-12,21.0,26.0,29.0,30.0,31.0,33.0,35.0,37.0,39.0,40.0,41.0,44.0,51.0,inferred
Wellingborough,2021-08-13,19.0,23.0,26.0,27.0,28.0,30.0,31.0,33.0,35.0,36.0,37.0,41.0,46.5,inferred
Wellingborough,2021-08-14,16.0,19.0,22.0,23.0,24.0,26.0,27.0,29.0,30.0,31.0,33.0,36.0,41.0,inferred
Wellingborough,2021-08-15,17.0,21.0,24.0,25.0,26.0,28.0,29.0,31.0,33.0,34.0,35.2,39.0,45.0,inferred
Wellingborough,2021-08-16,25.0,30.0,33.0,35.0,36.0,38.0,40.0,42.0,44.0,45.0,47.0,50.0,57.0,inferred
Wellingborough,2021-08-17,23.0,28.0,32.0,33.0,34.0,36.0,38.0,40.0,42.0,44.0,45.0,49.0,54.0,inferred
Wellingborough,2021-08-18,24.0,29.0,32.0,33.0,34.0,36.0,38.5,41.0,43.0,44.0,45.0,49.0,55.0,inferred
Wellingborough,2021-08-19,24.0,28.0,31.0,32.0,33.0,35.0,37.0,39.0,41.0,42.0,44.0,47.0,53.0,inferred
Wellingborough,2021-08-20,21.0,25.0,28.0,29.0,30.0,32.0,33.0,35.0,37.0,38.0,39.0,43.0,48.0,inferred
Wellingborough,2021-08-21,17.0,21.0,23.0,25.0,25.0,27.0,29.0,31.0,32.0,33.0,35.0,38.0,44.0,inferred
Wellingborough,2021-08-22,19.0,22.0,25.0,26.0,27.0,29.0,30.0,32.0,34.0,35.0,37.0,40.0,45.0,inferred
Wellingborough,2021-08-23,28.0,32.0,36.0,37.0,38.0,40.0,42.0,44.0,47.0,48.0,50.0,54.0,60.0,inferred
Wellingborough,2021-08-24,26.0,31.0,34.0,35.0,36.0,38.0,40.0,42.0,44.0,45.0,47.0,51.0,58.0,inferred
Wellingborough,2021-08-25,26.0,31.0,34.0,35.0,36.0,38.0,40.0,42.0,44.0,45.0,46.0,50.0,55.0,inferred
Wellingborough,2021-08-26,25.0,29.0,32.0,33.0,35.0,36.0,38.0,40.0,42.0,43.0,45.0,49.0,55.0,inferred
Wellingborough,2021-08-27,22.0,26.0,29.0,30.0,31.0,33.0,35.0,36.0,38.0,39.0,41.0,44.0,50.0,inferred
Wellingborough,2021-08-28,18.0,22.0,24.0,26.0,27.0,28.0,30.0,32.0,34.0,35.0,36.0,39.0,44.0,inferred
Wellingborough,2021-08-29,19.0,23.0,26.0,27.0,28.0,30.0,32.0,33.0,35.0,36.0,37.0,40.0,47.0,inferred
Wellingborough,2021-08-30,29.0,33.0,36.0,37.0,39.0,41.0,43.0,45.0,48.0,49.0,51.0,54.0,62.0,inferred
Wellingborough,2021-08-31,28.0,32.0,35.0,36.0,37.0,39.0,41.0,43.0,45.0,47.0,48.0,52.0,59.0,inferred
Wellingborough,2021-09-01,28.0,31.0,35.0,36.0,37.0,40.0,42.0,44.0,46.0,47.0,49.0,52.0,59.0,inferred
Wellingborough,2021-09-02,26.0,31.0,34.0,35.0,36.0,38.0,40.0,42.0,44.0,45.0,47.0,51.0,56.5,inferred
Wellingborough,2021-09-03,22.0,27.0,30.0,31.0,32.0,34.0,36.0,38.0,40.0,41.0,43.0,46.0,52.0,inferred
Wellingborough,2021-09-04,18.0,22.0,25.0,26.0,27.0,29.0,30.0,32.0,34.0,35.0,36.0,39.0,44.0,inferred
Wellingborough,2021-09-05,20.0,24.0,27.0,28.0,29.0,31.0,32.0,34.0,36.0,37.0,38.0,42.0,49.0,inferred
Wellingborough,2021-09-06,28.5,33.0,37.0,38.0,39.0,41.0,43.0,46.0,48.0,49.0,50.0,54.0,61.5,inferred
Wellingborough,2021-09-07,26.5,30.0,34.0,35.0,36.0,38.0,40.0,42.0,44.0,45.0,46.2,50.0,57.5,inferred
Wellingborough,2021-09-08,24.0,29.0,32.0,33.0,34.0,36.0,38.0,40.0,43.0,44.0,45.0,49.0,55.0,inferred
Wellingborough,2021-09-09,22.0,27.0,30.0,31.0,32.0,34.0,35.0,37.0,40.0,41.0,42.0,45.0,51.0,inferred
Wellingborough,2021-09-10,19.0,23.0,25.0,26.0,27.0,29.0,31.0,32.0,34.0,36.0,37.0,40.0,46.0,inferred
Wellingborough,2021-09-11,14.0,18.0,21.0,21.0,22.0,24.0,25.0,27.0,29.0,30.0,31.0,34.0,40.0,inferred
Wellingborough,2021-09-12,15.0,19.0,22.0,23.0,23.0,25.0,27.0,28.0,30.0,31.0,32.0,36.0,40.0,inferred
Wellingborough,2021-09-13,23.0,27.0,30.0,31.0,31.7,33.0,35.0,37.0,39.0,41.0,42.0,46.0,53.0,inferred
Wellingborough,2021-09-14,22.0,26.0,29.0,30.0,31.0,33.0,35.0,37.0,39.0,40.0,42.0,45.0,50.0,inferred
Wellingborough,2021-09-15,24.0,28.0,32.0,33.0,34.0,36.0,38.0,40.0,42.0,44.0,45.0,48.1,55.0,inferred
Wellingborough,2021-09-16,26.0,31.0,34.0,36.0,37.0,39.0,40.0,42.0,45.0,46.0,47.0,51.0,57.5,inferred
Wellingborough,2021-09-17,26.0,31.0,34.0,35.0,36.0,38.0,40.0,42.0,44.0,45.0,46.0,50.0,58.0,inferred
Wellingborough,2021-09-18,24.0,28.0,31.0,32.8,34.0,35.0,37.0,39.0,41.0,42.0,44.0,47.0,54.0,inferred
Wellingborough,2021-09-19,28.0,33.0,36.0,38.0,39.0,41.0,43.0,45.0,48.0,49.0,51.0,55.0,61.0,inferred
Wellingborough,2021-09-20,44.5,51.0,55.0,56.0,58.0,61.0,63.0,66.0,68.0,70.0,72.0,76.0,84.0,inferred
Wellingborough,2021-09-21,44.0,50.0,54.0,56.0,57.0,59.0,62.0,65.0,68.0,69.0,71.0,76.0,82.0,inferred
Wellingborough,2021-09-22,45.5,51.9,55.0,57.0,58.0,61.0,63.0,66.0,68.0,70.0,72.0,76.0,85.0,inferred
Wellingborough,2021-09-23,46.0,51.0,55.0,57.0,58.0,61.0,63.0,66.0,68.0,70.0,71.0,76.0,82.0,inferred
Wellingborough,2021-09-24,40.0,45.9,50.0,52.0,53.0,56.0,58.0,60.0,63.0,64.0,66.0,70.0,77.0,inferred
Wellingborough,2021-09-25,33.5,39.0,42.0,44.0,45.0,48.0,50.0,52.0,55.0,56.0,58.0,62.0,68.0,inferred
Wellingborough,2021-09-26,37.0,43.0,47.0,48.0,50.0,52.0,54.0,56.0,59.0,61.0,63.0,67.0,73.0,inferred
Wellingborough,2021-09-27,55.0,61.0,66.0,68.0,70.0,72.0,75.0,79.0,82.0,83.0,85.0,91.0,100.0,inferred
Wellingborough,2021-09-28,52.0,60.0,65.0,66.0,68.0,70.0,73.0,76.0,79.0,81.0,83.0,87.0,96.0,inferred
Wellingborough,2021-09-29,55.0,63.0,67.0,68.8,70.0,73.0,76.0,78.0,82.0,83.0,85.0,91.0,98.0,inferred
Wellingborough,2021-09-30,55.0,62.0,66.8,69.0,70.0,72.0,75.0,78.0,81.0,83.0,85.0,90.0,98.0,inferred
Wellingborough,2021-10-01,51.0,57.0,62.0,63.0,65.0,68.0,70.0,73.0,76.0,78.0,79.0,83.0,91.0,inferred
Wellingborough,2021-10-02,44.0,50.0,53.0,55.0,56.0,59.0,62.0,64.0,67.0,69.0,71.0,75.0,83.0,inferred
Wellingborough,2021-10-03,51.0,55.0,60.0,61.0,62.7,65.0,68.0,71.0,74.0,75.0,77.0,83.0,90.5,inferred
Wellingborough,2021-10-04,71.0,79.0,85.0,87.0,89.0,92.0,95.0,98.0,102.0,104.0,106.0,112.0,123.0,inferred
Wellingborough,2021-10-05,69.0,78.0,83.0,84.0,86.0,89.6,93.0,95.0,99.0,101.0,103.0,108.0,116.0,inferred
Wellingborough,2021-10-06,72.0,80.0,84.0,86.0,88.0,92.0,95.0,98.0,102.0,103.2,105.0,111.0,120.0,inferred
Wellingborough,2021-10-07,71.0,79.0,84.0,86.0,87.0,90.0,93.0,96.0,100.0,102.0,104.0,109.0,118.0,inferred
Wellingborough,2021-10-08,64.0,71.0,76.0,77.8,79.0,83.0,85.0,89.0,92.0,94.0,96.0,100.0,109.0,inferred
Wellingborough,2021-10-09,55.0,61.0,66.0,67.0,69.0,72.0,74.0,77.0,80.0,82.0,83.2,89.0,96.5,inferred
Wellingborough,2021-10-10,60.5,67.0,71.0,73.0,74.0,78.0,81.0,84.0,87.0,88.2,90.0,94.0,102.0,inferred
Wellingborough,2021-10-11,84.0,93.0,98.8,101.0,103.0,107.0,110.0,114.0,117.0,120.0,122.0,128.0,138.0,inferred
Wellingborough,2021-10-12,79.0,87.0,93.0,95.0,96.0,100.0,103.0,107.0,110.0,112.0,114.0,120.0,129.0,inferred
Wellingborough,2021-10-13,75.5,83.0,88.0,90.0,92.0,95.0,99.0,103.0,106.0,109.0,111.0,117.0,125.5,inferred
Wellingborough,2021-10-14,70.0,76.0,81.0,83.0,85.0,88.0,91.0,94.0,98.0,100.0,102.0,109.0,117.0,inferred
Wellingborough,2021-10-15,57.0,64.0,68.0,71.0,72.0,75.0,78.0,81.0,85.0,87.0,89.0,94.0,102.0,inferred
Welwyn Hatfield,2021-07-03,14.0,19.0,22.0,23.0,24.0,26.0,29.0,31.0,34.0,35.0,37.0,41.0,50.0,inferred
Welwyn Hatfield,2021-07-04,17.0,22.0,26.0,27.0,28.0,31.0,33.0,36.0,38.0,40.0,42.0,46.1,54.0,inferred
Welwyn Hatfield,2021-07-05,30.0,36.0,40.0,42.0,43.0,46.0,49.0,52.0,55.0,56.0,58.0,63.0,73.0,inferred
Welwyn Hatfield,2021-07-06,31.0,38.0,41.0,43.0,45.0,47.0,50.0,52.0,56.0,58.0,60.0,65.0,73.0,inferred
Welwyn Hatfield,2021-07-07,34.5,41.0,45.0,47.0,49.0,51.0,54.0,57.0,60.0,62.0,64.0,69.0,79.0,inferred
Welwyn Hatfield,2021-07-08,37.0,43.0,48.0,49.0,51.0,54.0,57.0,60.0,63.0,64.0,67.0,73.0,82.0,inferred
Welwyn Hatfield,2021-07-09,34.0,42.0,47.0,49.0,50.0,53.0,56.0,59.0,62.0,64.0,66.0,71.0,80.0,inferred
Welwyn Hatfield,2021-07-10,32.0,38.0,42.0,44.0,46.0,49.0,52.0,55.0,58.0,60.0,62.0,68.0,76.0,inferred
Welwyn Hatfield,2021-07-11,37.0,44.0,49.0,51.0,53.0,56.0,59.0,62.0,65.0,67.0,70.0,75.0,85.0,inferred
Welwyn Hatfield,2021-07-12,57.0,66.0,72.0,74.0,77.0,80.0,84.0,89.0,92.0,94.0,97.0,104.0,115.0,inferred
Welwyn Hatfield,2021-07-13,59.0,67.0,72.0,75.0,77.7,81.0,85.0,89.0,93.0,96.0,98.0,106.0,116.0,inferred
Welwyn Hatfield,2021-07-14,59.0,70.0,76.0,78.0,81.0,84.0,87.0,91.0,95.0,97.0,100.0,107.0,120.0,inferred
Welwyn Hatfield,2021-07-15,57.0,65.9,72.0,74.0,76.0,80.0,84.0,88.0,92.0,95.0,97.0,105.0,116.0,inferred
Welwyn Hatfield,2021-07-16,52.0,59.0,65.0,67.8,70.0,73.0,76.5,80.0,83.0,86.0,88.0,95.0,107.0,inferred
Welwyn Hatfield,2021-07-17,41.5,49.0,54.0,56.0,58.0,62.0,65.0,67.0,70.0,73.0,75.0,81.1,92.5,inferred
Welwyn Hatfield,2021-07-18,43.0,51.0,55.0,57.0,59.0,63.0,66.0,70.0,73.0,75.0,77.0,84.0,93.5,inferred
Welwyn Hatfield,2021-07-19,61.0,70.0,75.0,78.0,80.0,84.0,87.0,91.0,96.0,98.0,101.0,108.0,120.0,inferred
Welwyn Hatfield,2021-07-20,55.0,64.0,69.0,71.0,73.0,77.0,80.0,84.0,88.0,90.0,92.0,99.1,110.0,inferred
Welwyn Hatfield,2021-07-21,50.0,59.0,65.0,67.0,69.0,72.0,76.0,79.0,83.0,85.0,88.0,95.0,104.0,inferred
Welwyn Hatfield,2021-07-22,43.0,51.0,56.0,58.0,60.0,63.0,66.0,69.0,73.0,74.0,77.0,85.0,95.0,inferred
Welwyn Hatfield,2021-07-23,35.0,42.0,47.0,48.0,50.0,53.0,55.0,58.0,62.0,63.0,65.0,71.0,80.0,inferred
Welwyn Hatfield,2021-07-24,25.0,31.0,35.0,37.0,38.0,41.0,44.0,46.0,49.0,51.0,53.0,58.0,66.5,inferred
Welwyn Hatfield,2021-07-25,23.0,29.0,33.0,34.0,36.0,39.0,41.0,44.0,47.0,49.0,51.0,56.0,63.0,inferred
Welwyn Hatfield,2021-07-26,31.0,37.0,42.0,44.0,45.0,48.0,52.0,55.0,58.0,59.0,61.0,67.0,77.5,inferred
Welwyn Hatfield,2021-07-27,28.0,34.0,38.0,40.0,42.0,45.0,47.0,50.0,53.0,55.0,57.0,62.0,71.0,inferred
Welwyn Hatfield,2021-07-28,29.0,35.0,40.0,41.0,43.0,46.0,49.0,52.0,54.0,56.0,58.0,64.0,73.0,inferred
Welwyn Hatfield,2021-07-29,29.0,35.0,39.0,41.0,42.0,45.0,47.0,50.0,53.0,54.2,57.0,63.0,70.5,inferred
Welwyn Hatfield,2021-07-30,26.0,33.0,36.0,38.0,39.0,42.0,44.0,47.0,50.0,52.0,53.0,58.0,69.0,inferred
Welwyn Hatfield,2021-07-31,22.0,27.0,31.0,32.0,34.0,36.0,39.0,41.0,43.3,45.0,47.0,51.0,59.0,inferred
Welwyn Hatfield,2021-08-01,23.0,28.0,32.0,34.0,35.0,38.0,40.0,43.0,45.0,47.0,49.0,54.0,63.0,inferred
Welwyn Hatfield,2021-08-02,33.0,40.0,45.0,46.0,48.0,52.0,55.0,58.0,61.0,63.0,65.0,71.0,81.0,inferred
Welwyn Hatfield,2021-08-03,33.0,39.0,44.0,45.8,47.0,50.0,53.0,56.0,59.0,61.0,63.0,70.0,79.0,inferred
Welwyn Hatfield,2021-08-04,35.0,41.0,45.0,47.0,49.0,52.0,55.0,58.0,61.3,63.0,66.0,71.0,81.0,inferred
Welwyn Hatfield,2021-08-05,33.0,39.0,45.0,46.0,48.0,51.0,54.0,56.0,60.0,61.0,63.2,69.0,79.5,inferred
Welwyn Hatfield,2021-08-06,30.0,37.0,41.0,43.0,44.0,47.0,50.0,53.0,56.0,58.0,60.0,66.0,75.0,inferred
Welwyn Hatfield,2021-08-07,25.5,31.0,35.0,37.0,38.0,40.0,43.0,45.0,48.0,50.0,52.0,57.0,65.0,inferred
Welwyn Hatfield,2021-08-08,26.0,32.0,36.0,38.0,40.0,43.0,45.0,48.0,51.0,53.0,55.0,59.1,68.0,inferred
Welwyn Hatfield,2021-08-09,38.0,45.0,51.0,53.0,54.0,57.0,61.0,64.0,68.0,70.0,73.0,79.0,89.5,inferred
Welwyn Hatfield,2021-08-10,37.5,45.0,49.0,51.0,53.0,56.0,59.0,62.0,65.0,68.0,70.0,76.0,85.0,inferred
Welwyn Hatfield,2021-08-11,38.0,45.0,50.0,52.0,54.0,57.0,60.0,63.0,66.0,68.0,70.0,77.0,86.0,inferred
Welwyn Hatfield,2021-08-12,36.0,42.0,47.0,49.0,51.0,54.0,57.0,60.0,63.0,65.0,67.0,74.0,81.5,inferred
Welwyn Hatfield,2021-08-13,33.0,39.0,43.0,45.0,46.0,49.0,52.0,55.0,58.0,60.0,62.0,67.0,77.0,inferred
Welwyn Hatfield,2021-08-14,25.0,32.0,35.8,37.0,39.0,41.0,44.0,46.0,49.0,51.0,53.0,59.0,67.0,inferred
Welwyn Hatfield,2021-08-15,27.0,33.0,36.0,38.0,39.0,42.0,45.0,47.0,50.0,52.0,54.0,60.0,69.0,inferred
Welwyn Hatfield,2021-08-16,39.0,46.0,51.0,53.0,55.0,58.0,61.0,64.0,67.3,69.0,72.0,78.0,88.0,inferred
Welwyn Hatfield,2021-08-17,36.0,43.0,48.0,50.0,52.0,55.0,58.0,61.0,65.0,67.0,69.0,76.0,85.0,inferred
Welwyn Hatfield,2021-08-18,36.5,44.0,48.0,50.0,52.0,55.0,58.0,61.0,64.0,66.0,68.0,75.0,85.0,inferred
Welwyn Hatfield,2021-08-19,33.0,40.0,45.0,47.0,48.0,51.0,54.0,57.0,60.0,62.0,64.0,70.0,79.0,inferred
Welwyn Hatfield,2021-08-20,30.0,36.0,40.0,41.0,43.0,46.0,49.0,52.0,55.0,57.0,59.0,65.0,74.0,inferred
Welwyn Hatfield,2021-08-21,23.0,29.0,33.0,34.0,35.0,38.0,40.0,43.0,46.0,47.0,49.0,54.0,63.0,inferred
Welwyn Hatfield,2021-08-22,24.0,29.0,33.0,34.0,36.0,39.0,41.0,44.0,47.0,49.0,50.0,55.0,63.5,inferred
Welwyn Hatfield,2021-08-23,33.0,41.0,46.0,48.0,49.0,52.0,55.0,58.0,62.0,64.0,66.0,72.0,83.0,inferred
Welwyn Hatfield,2021-08-24,33.0,39.0,44.0,46.0,47.0,50.0,53.0,56.0,59.0,62.0,64.0,69.1,79.0,inferred
Welwyn Hatfield,2021-08-25,33.0,40.0,44.0,46.0,48.0,51.0,54.0,58.0,61.0,63.0,65.0,71.0,80.0,inferred
Welwyn Hatfield,2021-08-26,33.0,38.0,43.0,45.0,46.0,49.0,52.0,55.0,58.0,60.0,63.0,68.0,78.5,inferred
Welwyn Hatfield,2021-08-27,29.0,35.0,40.0,42.0,43.0,46.0,48.0,51.0,54.0,56.0,58.0,64.0,72.0,inferred
Welwyn Hatfield,2021-08-28,25.0,29.0,33.0,35.0,36.0,39.0,41.0,44.0,47.0,49.0,51.0,56.0,64.5,inferred
Welwyn Hatfield,2021-08-29,26.0,32.0,35.0,37.0,39.0,42.0,44.0,46.0,49.0,51.0,53.0,58.0,66.0,inferred
Welwyn Hatfield,2021-08-30,37.0,44.0,49.0,52.0,53.0,57.0,60.0,63.0,66.0,68.0,71.0,77.0,89.0,inferred
Welwyn Hatfield,2021-08-31,36.0,43.0,47.0,49.0,51.0,54.0,57.0,60.0,63.0,65.0,68.0,74.0,84.0,inferred
Welwyn Hatfield,2021-09-01,37.0,45.0,49.0,51.0,53.0,56.0,59.0,62.0,65.0,67.0,70.0,76.0,86.0,inferred
Welwyn Hatfield,2021-09-02,36.0,43.0,47.0,49.0,51.0,54.0,57.0,61.0,64.0,65.2,68.0,74.0,81.5,inferred
Welwyn Hatfield,2021-09-03,31.0,39.0,44.0,45.8,47.0,50.0,53.0,56.0,59.0,61.0,63.0,69.0,78.0,inferred
Welwyn Hatfield,2021-09-04,25.5,32.0,36.0,38.0,39.0,42.0,44.0,47.0,50.0,52.0,54.0,59.0,67.0,inferred
Welwyn Hatfield,2021-09-05,28.0,34.0,38.0,39.0,41.0,44.0,47.0,49.0,53.0,54.0,56.0,61.0,70.0,inferred
Welwyn Hatfield,2021-09-06,41.0,48.0,53.0,55.0,56.0,60.0,63.0,66.0,70.0,72.0,74.0,80.0,90.0,inferred
Welwyn Hatfield,2021-09-07,38.5,44.0,50.0,51.0,53.0,56.0,59.0,62.0,66.0,67.0,70.0,75.0,87.0,inferred
Welwyn Hatfield,2021-09-08,36.0,44.0,50.0,51.0,53.0,56.0,58.5,61.0,65.0,67.0,69.0,75.0,84.0,inferred
Welwyn Hatfield,2021-09-09,34.0,40.0,45.0,47.0,49.0,52.0,54.0,57.0,61.0,63.0,64.0,70.0,80.0,inferred
Welwyn Hatfield,2021-09-10,30.0,36.0,40.0,41.0,43.0,46.0,49.0,52.0,55.0,57.0,59.0,65.0,74.0,inferred
Welwyn Hatfield,2021-09-11,23.5,28.0,32.0,34.0,35.0,38.0,40.0,43.0,46.0,48.0,49.0,55.0,62.0,inferred
Welwyn Hatfield,2021-09-12,23.0,29.0,33.0,34.0,36.0,39.0,41.0,44.0,47.0,49.0,51.0,56.0,65.0,inferred
Welwyn Hatfield,2021-09-13,34.0,40.0,45.0,47.0,48.0,51.0,54.0,58.0,61.0,63.0,65.0,71.0,80.0,inferred
Welwyn Hatfield,2021-09-14,32.5,39.0,44.0,45.0,47.0,50.0,53.0,56.0,59.0,61.0,63.0,70.0,77.0,inferred
Welwyn Hatfield,2021-09-15,35.0,41.0,46.0,48.0,49.0,52.0,55.5,59.0,62.0,64.0,66.0,72.0,82.0,inferred
Welwyn Hatfield,2021-09-16,35.0,42.0,46.0,48.0,49.0,52.0,56.0,59.0,62.0,64.0,67.0,72.0,81.0,inferred
Welwyn Hatfield,2021-09-17,34.0,40.0,44.0,45.0,47.0,50.0,53.0,56.0,59.0,60.0,62.0,68.0,79.0,inferred
Welwyn Hatfield,2021-09-18,28.0,34.0,38.0,40.0,41.0,44.0,46.0,49.0,52.0,54.0,56.0,61.0,71.0,inferred
Welwyn Hatfield,2021-09-19,31.0,38.0,42.0,43.0,45.0,48.0,51.0,54.0,57.0,59.0,61.0,67.0,76.0,inferred
Welwyn Hatfield,2021-09-20,48.0,55.0,60.0,62.0,64.0,67.0,71.0,75.0,79.0,80.0,83.0,89.0,100.0,inferred
Welwyn Hatfield,2021-09-21,46.0,53.0,58.0,60.0,62.0,66.0,69.0,72.0,76.0,78.0,80.0,86.0,98.0,inferred
Welwyn Hatfield,2021-09-22,46.0,53.0,58.0,59.0,62.0,65.0,69.0,73.0,76.0,78.0,81.0,88.0,98.0,inferred
Welwyn Hatfield,2021-09-23,43.0,50.0,55.0,57.0,59.0,63.0,66.5,69.0,73.0,75.0,77.0,84.0,94.5,inferred
Welwyn Hatfield,2021-09-24,38.5,46.0,51.0,53.0,54.7,58.0,61.0,64.0,68.0,70.0,72.0,78.0,88.0,inferred
Welwyn Hatfield,2021-09-25,31.0,38.0,42.0,44.0,46.0,49.0,52.0,55.0,58.0,60.0,62.0,67.0,76.0,inferred
Welwyn Hatfield,2021-09-26,33.5,40.0,45.0,47.0,48.0,51.0,54.0,57.0,61.0,63.0,65.0,71.0,78.0,inferred
Welwyn Hatfield,2021-09-27,49.0,56.0,62.0,63.0,66.0,69.0,73.0,76.0,80.0,82.0,84.0,91.0,101.0,inferred
Welwyn Hatfield,2021-09-28,46.0,53.0,59.0,60.0,62.0,66.0,69.0,73.0,76.0,78.0,81.0,87.0,97.0,inferred
Welwyn Hatfield,2021-09-29,45.0,54.0,59.0,61.0,64.0,67.0,71.0,74.0,78.0,80.0,82.0,89.0,99.0,inferred
Welwyn Hatfield,2021-09-30,44.0,52.0,57.0,59.0,61.0,64.0,67.0,71.0,74.0,76.0,79.0,86.0,95.0,inferred
Welwyn Hatfield,2021-10-01,39.0,46.0,51.8,54.0,55.0,58.0,61.0,65.0,68.0,70.0,72.0,78.1,88.0,inferred
Welwyn Hatfield,2021-10-02,31.5,39.0,44.0,45.0,46.0,50.0,53.0,55.0,58.0,60.0,62.0,67.0,77.0,inferred
Welwyn Hatfield,2021-10-03,33.0,41.0,45.0,47.0,49.0,52.0,55.0,57.0,61.0,63.0,65.0,70.0,81.0,inferred
Welwyn Hatfield,2021-10-04,48.5,56.0,62.0,64.0,66.0,70.0,73.0,77.0,81.0,84.0,86.0,92.0,102.5,inferred
Welwyn Hatfield,2021-10-05,46.0,53.0,58.0,61.0,62.0,66.0,69.0,73.0,77.0,79.0,81.0,88.0,98.0,inferred
Welwyn Hatfield,2021-10-06,46.0,54.0,59.0,61.0,63.0,66.0,70.0,73.0,77.0,79.2,82.0,88.0,97.0,inferred
Welwyn Hatfield,2021-10-07,45.0,51.0,56.0,58.0,60.0,63.0,66.0,70.0,73.3,76.0,78.0,84.0,93.0,inferred
Welwyn Hatfield,2021-10-08,38.0,46.0,50.0,52.8,54.0,57.0,61.0,64.0,67.0,69.0,71.0,77.0,87.5,inferred
Welwyn Hatfield,2021-10-09,31.0,38.0,42.0,44.0,45.0,48.0,51.0,54.0,57.0,59.0,61.0,66.0,75.0,inferred
Welwyn Hatfield,2021-10-10,32.0,39.0,44.0,46.0,47.0,50.0,52.5,55.0,58.0,60.0,62.0,68.0,78.0,inferred
Welwyn Hatfield,2021-10-11,46.5,54.0,60.0,62.0,64.0,67.0,71.0,74.0,78.0,80.0,82.0,89.0,98.5,inferred
Welwyn Hatfield,2021-10-12,42.0,50.0,55.0,58.0,59.0,62.0,66.0,70.0,73.0,75.0,77.0,83.1,94.0,inferred
Welwyn Hatfield,2021-10-13,40.0,48.0,54.0,56.0,58.0,62.0,65.0,68.0,72.0,74.0,76.0,83.0,93.0,inferred
Welwyn Hatfield,2021-10-14,37.0,45.0,50.0,52.0,54.0,58.0,61.0,64.0,68.0,69.0,71.0,78.0,89.0,inferred
Welwyn Hatfield,2021-10-15,32.0,40.0,44.0,46.0,48.0,51.0,54.0,57.0,60.0,63.0,65.0,71.0,82.0,inferred
West Berkshire,2021-07-03,11.0,14.0,17.0,18.0,19.0,21.0,23.0,25.0,27.0,28.0,30.0,34.0,40.0,inferred
West Berkshire,2021-07-04,11.5,16.0,19.0,20.0,21.0,23.0,25.0,27.0,29.0,30.0,32.0,35.0,43.0,inferred
West Berkshire,2021-07-05,20.0,25.0,28.0,30.0,31.0,33.6,36.0,38.0,40.0,42.0,43.2,48.0,56.0,inferred
West Berkshire,2021-07-06,21.0,26.0,31.0,32.0,33.0,35.0,38.0,40.0,43.0,44.0,46.0,51.0,59.0,inferred
West Berkshire,2021-07-07,25.0,30.9,34.0,36.0,37.0,40.0,42.0,45.0,48.0,50.0,52.0,57.0,68.0,inferred
West Berkshire,2021-07-08,28.0,34.0,38.0,40.0,41.0,44.0,47.0,50.0,52.0,54.0,56.0,61.0,71.0,inferred
West Berkshire,2021-07-09,29.0,35.0,40.0,41.0,43.0,46.0,49.0,52.0,55.0,57.0,59.0,64.0,72.0,inferred
West Berkshire,2021-07-10,26.0,33.0,38.0,39.0,41.0,44.0,47.0,50.0,53.0,55.0,56.0,62.0,72.0,inferred
West Berkshire,2021-07-11,33.0,39.0,44.0,46.0,48.0,51.0,54.0,57.0,61.0,63.0,65.0,70.0,81.0,inferred
West Berkshire,2021-07-12,52.0,62.0,68.0,71.0,73.0,76.0,80.0,84.0,88.0,90.0,93.0,100.0,111.0,inferred
West Berkshire,2021-07-13,53.0,63.0,70.0,72.0,74.0,78.0,82.0,86.0,90.0,93.0,96.0,105.0,117.0,inferred
West Berkshire,2021-07-14,57.0,65.0,71.0,74.0,76.0,80.0,83.0,87.0,92.0,94.0,97.0,104.0,116.0,inferred
West Berkshire,2021-07-15,53.0,62.0,67.8,70.0,72.0,76.0,79.0,83.0,87.0,89.0,91.0,99.0,110.5,inferred
West Berkshire,2021-07-16,48.0,56.0,62.0,64.0,66.0,69.0,74.0,77.0,81.0,83.0,85.0,92.0,102.5,inferred
West Berkshire,2021-07-17,38.0,46.0,52.0,53.0,54.7,58.0,62.0,65.0,69.0,71.0,74.0,80.0,88.5,inferred
West Berkshire,2021-07-18,40.0,48.0,52.0,54.0,56.0,60.0,63.0,67.0,70.0,72.0,74.0,81.0,94.0,inferred
West Berkshire,2021-07-19,56.5,65.0,71.0,73.0,76.0,80.0,84.0,88.0,92.0,95.0,98.0,105.0,118.0,inferred
West Berkshire,2021-07-20,54.0,61.0,67.0,69.0,71.7,76.0,79.0,83.0,88.0,90.0,93.0,101.0,111.0,inferred
West Berkshire,2021-07-21,49.5,57.0,64.0,66.0,68.0,72.0,75.0,78.0,82.0,85.0,88.0,93.0,104.0,inferred
West Berkshire,2021-07-22,43.0,51.0,57.0,59.0,60.0,64.0,67.0,71.0,74.3,76.0,79.0,85.0,95.0,inferred
West Berkshire,2021-07-23,36.0,43.0,48.0,50.0,51.0,54.0,58.0,61.0,65.0,67.0,69.0,76.0,86.0,inferred
West Berkshire,2021-07-24,27.0,33.0,38.0,40.0,41.0,44.0,47.0,49.4,53.0,55.0,57.0,61.0,72.0,inferred
West Berkshire,2021-07-25,26.0,32.0,36.0,38.0,39.0,42.0,45.0,48.0,51.3,53.0,55.0,61.0,69.0,inferred
West Berkshire,2021-07-26,35.0,41.0,46.0,48.0,50.0,53.0,57.0,60.0,63.0,65.0,68.0,74.0,83.0,inferred
West Berkshire,2021-07-27,32.0,39.0,44.0,45.0,47.0,50.0,53.0,56.0,59.0,61.0,63.2,69.0,79.0,inferred
West Berkshire,2021-07-28,31.5,38.0,44.0,46.0,47.0,50.0,53.0,57.0,60.0,62.0,65.0,71.0,81.5,inferred
West Berkshire,2021-07-29,30.0,37.0,42.0,44.0,45.0,48.0,51.0,54.0,57.3,59.0,62.0,68.0,79.0,inferred
West Berkshire,2021-07-30,28.0,34.0,38.0,40.0,42.0,44.0,47.0,50.0,53.3,56.0,58.0,63.0,71.5,inferred
West Berkshire,2021-07-31,21.0,28.0,32.0,34.0,35.0,38.0,41.0,43.4,46.0,48.0,50.0,55.0,64.0,inferred
West Berkshire,2021-08-01,25.0,30.0,34.0,35.0,37.0,39.0,42.0,44.0,47.0,49.0,51.0,56.0,65.0,inferred
West Berkshire,2021-08-02,34.0,41.0,46.0,48.0,50.0,54.0,57.0,61.0,64.0,66.0,69.0,76.0,85.0,inferred
West Berkshire,2021-08-03,34.0,41.0,46.0,47.0,49.0,52.0,56.0,59.0,62.0,64.0,67.0,73.0,83.0,inferred
West Berkshire,2021-08-04,35.0,42.0,47.0,49.0,51.0,54.0,57.0,61.0,65.0,67.0,69.0,75.0,84.0,inferred
West Berkshire,2021-08-05,34.0,41.0,45.0,47.0,48.0,51.0,55.0,58.0,61.0,63.0,66.0,72.0,82.5,inferred
West Berkshire,2021-08-06,31.0,37.0,42.0,44.0,46.0,49.0,52.0,55.0,58.0,60.0,62.0,67.0,77.0,inferred
West Berkshire,2021-08-07,26.0,32.0,36.0,38.0,39.0,42.0,45.0,48.0,51.0,53.0,54.2,60.0,70.0,inferred
West Berkshire,2021-08-08,27.0,33.0,38.0,40.0,41.0,44.0,47.0,50.0,53.0,54.0,57.0,62.0,71.0,inferred
West Berkshire,2021-08-09,40.0,48.0,53.0,55.0,58.0,61.0,64.0,68.0,71.0,74.0,76.0,83.0,95.0,inferred
West Berkshire,2021-08-10,41.0,48.0,53.0,55.0,57.0,60.0,64.0,67.0,71.0,73.0,76.0,82.1,90.0,inferred
West Berkshire,2021-08-11,42.0,50.0,55.0,57.0,59.0,62.0,66.0,69.0,73.0,75.0,78.0,84.0,96.0,inferred
West Berkshire,2021-08-12,42.0,49.0,54.0,56.0,58.0,62.0,65.0,68.0,72.0,74.0,76.0,82.0,93.0,inferred
West Berkshire,2021-08-13,39.0,46.0,52.0,54.0,56.0,59.0,63.0,66.0,69.0,72.0,74.0,80.0,92.0,inferred
West Berkshire,2021-08-14,34.0,40.0,45.0,47.0,49.0,52.0,55.0,58.0,61.0,63.0,65.0,70.0,81.0,inferred
West Berkshire,2021-08-15,36.0,43.0,48.0,50.0,52.0,55.0,59.0,62.0,65.0,68.0,70.0,75.0,86.0,inferred
West Berkshire,2021-08-16,52.0,63.0,68.0,71.0,73.0,77.0,81.0,85.0,89.0,91.0,95.0,103.0,115.0,inferred
West Berkshire,2021-08-17,53.0,62.0,67.8,70.0,72.0,76.0,80.0,84.0,88.0,90.0,93.0,100.0,113.0,inferred
West Berkshire,2021-08-18,55.0,63.0,68.0,70.0,72.0,76.0,80.0,85.0,88.0,91.0,94.0,101.0,110.0,inferred
West Berkshire,2021-08-19,52.0,59.0,66.0,68.0,69.0,73.0,77.0,80.0,85.0,87.0,90.0,97.0,108.0,inferred
West Berkshire,2021-08-20,47.0,55.0,60.0,62.0,64.0,68.0,71.0,74.0,78.0,80.0,83.0,89.0,102.5,inferred
West Berkshire,2021-08-21,38.5,46.0,50.8,53.0,54.0,57.6,61.0,64.0,68.0,69.0,72.0,78.0,90.0,inferred
West Berkshire,2021-08-22,39.0,48.0,52.0,54.0,56.0,59.0,62.0,65.0,69.0,71.0,74.0,80.0,90.0,inferred
West Berkshire,2021-08-23,56.0,65.0,72.0,74.0,77.0,80.0,84.0,88.0,92.0,95.0,98.0,105.0,117.0,inferred
West Berkshire,2021-08-24,56.5,65.0,71.0,73.0,75.0,79.0,83.0,87.0,92.0,94.0,97.0,105.0,119.0,inferred
West Berkshire,2021-08-25,58.0,67.0,74.0,77.0,79.0,83.0,86.0,90.0,94.0,96.0,99.0,106.0,119.0,inferred
West Berkshire,2021-08-26,56.5,65.0,72.0,74.0,76.0,81.0,85.0,89.0,93.0,96.0,98.2,106.0,117.0,inferred
West Berkshire,2021-08-27,55.0,62.0,68.0,71.0,73.0,76.0,80.0,84.0,88.0,91.0,93.0,101.0,112.0,inferred
West Berkshire,2021-08-28,46.0,55.0,60.0,62.0,64.0,67.0,70.0,74.0,78.0,80.0,82.0,90.0,101.0,inferred
West Berkshire,2021-08-29,50.0,58.0,64.0,66.0,68.0,72.0,75.0,79.0,83.0,86.0,88.0,95.1,108.0,inferred
West Berkshire,2021-08-30,72.0,83.0,89.0,92.0,95.0,99.0,104.0,109.0,114.0,116.0,120.0,128.0,140.5,inferred
West Berkshire,2021-08-31,67.0,79.0,86.0,89.0,91.0,96.0,101.0,105.0,110.0,113.0,116.0,124.0,139.0,inferred
West Berkshire,2021-09-01,67.5,78.0,84.0,86.0,89.0,94.0,98.0,102.0,107.0,109.0,112.0,121.0,133.0,inferred
West Berkshire,2021-09-02,60.0,71.0,77.0,79.0,81.0,85.0,89.0,93.0,97.0,100.0,103.0,110.0,120.5,inferred
West Berkshire,2021-09-03,51.0,60.0,66.0,69.0,71.0,75.0,79.0,82.0,87.0,89.0,92.0,99.0,110.0,inferred
West Berkshire,2021-09-04,41.0,48.0,54.0,56.0,57.0,61.0,64.0,67.0,71.0,72.2,75.0,82.0,90.0,inferred
West Berkshire,2021-09-05,41.0,48.0,53.0,55.0,57.0,60.0,63.0,67.0,70.3,73.0,75.0,81.0,92.0,inferred
West Berkshire,2021-09-06,53.0,63.0,69.0,71.0,73.0,77.0,81.0,85.0,89.0,91.0,94.0,102.0,116.0,inferred
West Berkshire,2021-09-07,49.0,56.0,62.0,64.0,66.0,70.0,74.0,78.0,82.0,84.0,86.0,93.0,104.5,inferred
West Berkshire,2021-09-08,45.0,53.0,58.0,60.0,62.0,66.0,69.0,73.0,77.0,80.0,82.0,89.0,98.5,inferred
West Berkshire,2021-09-09,39.0,47.0,52.0,54.0,56.0,59.0,62.0,65.0,69.0,71.0,73.0,79.1,89.5,inferred
West Berkshire,2021-09-10,34.0,40.0,44.0,46.0,47.0,50.0,54.0,57.0,60.0,62.0,65.0,71.0,79.0,inferred
West Berkshire,2021-09-11,24.0,30.0,34.0,35.0,37.0,39.0,42.0,45.0,48.0,50.0,52.0,57.0,68.0,inferred
West Berkshire,2021-09-12,23.0,28.0,32.0,34.0,35.0,38.0,41.0,44.0,46.0,48.0,50.0,56.0,65.0,inferred
West Berkshire,2021-09-13,31.0,37.0,42.0,44.0,46.0,49.0,52.0,55.0,58.0,60.0,63.0,69.0,80.0,inferred
West Berkshire,2021-09-14,28.5,35.0,40.0,41.0,43.0,46.0,48.0,52.0,55.0,57.0,59.0,65.0,74.0,inferred
West Berkshire,2021-09-15,29.0,35.0,40.0,42.0,44.0,47.0,50.0,53.0,56.0,58.0,60.0,66.0,75.0,inferred
West Berkshire,2021-09-16,29.5,36.0,39.0,41.0,43.0,45.0,48.0,51.0,54.0,56.0,58.0,64.0,73.0,inferred
West Berkshire,2021-09-17,27.0,33.0,36.0,38.0,39.0,43.0,45.0,48.0,52.0,53.0,56.0,61.0,69.0,inferred
West Berkshire,2021-09-18,23.0,27.0,31.0,33.0,34.0,36.0,39.0,41.0,45.0,46.0,48.0,53.0,61.0,inferred
West Berkshire,2021-09-19,22.0,29.0,33.0,34.0,36.0,38.0,41.0,43.4,47.0,48.0,50.0,56.0,64.0,inferred
West Berkshire,2021-09-20,34.0,41.0,46.0,48.0,49.0,52.0,56.0,59.0,62.0,64.0,67.0,73.0,83.0,inferred
West Berkshire,2021-09-21,33.0,39.0,44.0,46.0,47.0,51.0,54.0,57.0,60.0,62.0,64.2,70.1,80.0,inferred
West Berkshire,2021-09-22,32.0,39.0,43.8,46.0,47.0,51.0,54.0,57.0,60.0,62.0,63.2,70.0,80.0,inferred
West Berkshire,2021-09-23,30.0,37.0,41.0,43.0,44.0,47.0,50.0,53.0,57.0,59.0,61.0,66.0,76.0,inferred
West Berkshire,2021-09-24,27.0,32.0,36.0,38.0,40.0,43.0,46.0,49.0,52.0,53.0,55.0,61.0,69.0,inferred
West Berkshire,2021-09-25,21.0,27.0,30.0,32.0,33.0,36.0,38.0,41.0,44.0,46.0,48.0,52.0,60.0,inferred
West Berkshire,2021-09-26,22.0,27.0,31.0,32.0,34.0,36.0,39.0,41.0,44.0,46.0,48.0,54.0,61.5,inferred
West Berkshire,2021-09-27,30.0,36.0,41.0,43.0,44.0,48.0,51.0,54.0,57.0,59.0,61.2,67.0,77.0,inferred
West Berkshire,2021-09-28,28.5,35.0,39.0,41.0,43.0,46.0,49.0,52.0,55.0,57.0,59.0,65.0,74.0,inferred
West Berkshire,2021-09-29,30.0,37.0,41.0,43.0,45.0,47.0,50.0,53.0,56.3,58.2,61.0,66.0,75.0,inferred
West Berkshire,2021-09-30,28.0,35.0,39.0,41.0,42.0,45.0,48.0,51.0,54.3,56.0,58.0,64.0,73.0,inferred
West Berkshire,2021-10-01,27.0,32.0,37.0,39.0,40.0,43.0,46.0,49.0,52.0,54.0,56.0,62.0,70.5,inferred
West Berkshire,2021-10-02,22.0,28.0,31.0,33.0,34.7,37.0,39.0,42.0,45.0,46.0,48.0,54.0,62.0,inferred
West Berkshire,2021-10-03,24.0,29.0,33.0,35.0,36.0,39.0,42.0,44.0,48.0,50.0,52.0,58.0,66.0,inferred
West Berkshire,2021-10-04,35.0,43.0,48.0,50.0,52.0,55.0,59.0,62.0,65.0,67.0,70.0,76.0,87.0,inferred
West Berkshire,2021-10-05,38.0,45.0,50.0,52.0,54.0,57.6,60.5,63.4,67.3,70.0,72.0,78.0,87.5,inferred
West Berkshire,2021-10-06,44.0,52.0,57.0,60.0,62.0,66.0,69.0,73.0,76.0,79.0,81.0,89.0,99.0,inferred
West Berkshire,2021-10-07,50.0,57.0,63.0,65.0,67.0,71.0,74.0,77.0,81.0,84.0,87.0,94.0,105.0,inferred
West Berkshire,2021-10-08,51.0,59.0,65.0,68.0,70.0,73.0,77.0,81.0,85.0,87.0,90.0,97.0,110.5,inferred
West Berkshire,2021-10-09,50.0,57.0,63.0,65.0,67.0,70.0,73.0,78.0,82.0,84.0,86.0,93.0,105.0,inferred
West Berkshire,2021-10-10,58.0,66.0,72.0,75.0,77.0,81.0,85.0,89.0,93.0,96.0,99.0,105.1,117.0,inferred
West Berkshire,2021-10-11,92.0,103.0,111.0,114.0,117.0,122.0,127.0,132.0,138.0,141.0,145.0,155.0,171.0,inferred
West Berkshire,2021-10-12,106.0,117.0,125.0,129.0,132.0,138.0,143.0,148.0,154.0,157.0,160.0,169.0,188.0,inferred
West Berkshire,2021-10-13,122.0,138.0,149.0,153.0,157.0,162.6,168.0,174.0,182.0,186.0,190.0,200.0,218.5,inferred
West Berkshire,2021-10-14,142.0,158.0,169.0,172.8,176.0,184.0,191.0,197.0,204.0,209.0,214.0,224.1,243.5,inferred
West Berkshire,2021-10-15,148.5,169.0,180.0,185.0,189.0,197.6,206.0,213.4,221.0,226.0,232.0,247.0,269.5,inferred
West Devon,2021-07-03,1.0,2.0,3.0,4.0,4.0,5.0,6.0,7.0,8.0,8.0,9.0,11.0,14.0,inferred
West Devon,2021-07-04,1.0,3.0,4.0,4.0,5.0,6.0,7.0,7.0,8.0,9.0,10.0,11.0,14.0,inferred
West Devon,2021-07-05,3.0,5.0,6.0,7.0,7.0,8.0,9.0,10.0,12.0,12.0,13.0,16.0,19.0,inferred
West Devon,2021-07-06,3.0,5.0,7.0,7.0,8.0,9.0,10.0,11.0,13.0,13.0,14.0,16.0,20.0,inferred
West Devon,2021-07-07,3.5,6.0,7.0,8.0,8.0,9.0,11.0,12.0,13.0,14.0,14.0,17.0,21.0,inferred
West Devon,2021-07-08,4.0,6.0,8.0,8.0,9.0,10.0,11.0,13.0,14.0,15.0,16.0,18.0,23.0,inferred
West Devon,2021-07-09,4.0,6.0,8.0,9.0,9.0,10.0,12.0,13.0,14.0,15.0,15.0,18.0,22.0,inferred
West Devon,2021-07-10,3.0,5.0,7.0,8.0,8.0,9.0,10.5,12.0,13.0,14.0,15.0,17.0,21.0,inferred
West Devon,2021-07-11,4.0,6.0,8.0,9.0,10.0,11.0,12.0,13.0,14.0,15.0,16.0,19.0,24.0,inferred
West Devon,2021-07-12,8.0,11.0,13.0,14.0,15.0,17.0,18.0,19.0,21.0,22.0,23.0,26.0,32.5,inferred
West Devon,2021-07-13,9.0,12.0,14.0,15.0,16.0,18.0,19.0,21.0,23.0,24.0,25.0,29.0,35.0,inferred
West Devon,2021-07-14,9.0,12.0,14.0,15.0,16.0,18.0,19.0,21.0,23.0,24.0,25.0,28.0,32.5,inferred
West Devon,2021-07-15,9.0,12.0,14.0,15.0,16.0,17.0,19.0,21.0,22.0,23.0,24.2,28.0,32.0,inferred
West Devon,2021-07-16,7.0,11.0,13.0,14.0,14.0,16.0,17.0,19.0,21.0,22.0,23.0,26.0,32.0,inferred
West Devon,2021-07-17,6.0,9.0,11.0,11.0,12.0,13.0,15.0,16.0,17.3,19.0,19.0,22.0,28.0,inferred
West Devon,2021-07-18,6.0,9.0,11.0,12.0,12.0,14.0,15.0,16.0,18.0,19.0,20.0,22.0,27.0,inferred
West Devon,2021-07-19,10.0,13.0,16.0,17.0,17.0,19.0,20.0,22.0,24.0,25.0,26.0,30.0,36.0,inferred
West Devon,2021-07-20,9.0,13.0,15.0,16.0,17.0,18.0,20.0,22.0,23.3,24.0,26.0,29.0,34.0,inferred
West Devon,2021-07-21,9.0,11.0,14.0,15.0,15.0,17.0,18.0,20.0,22.0,23.0,24.0,28.0,34.0,inferred
West Devon,2021-07-22,7.0,10.0,13.0,14.0,14.0,16.0,17.0,19.0,21.0,22.0,23.0,25.0,31.0,inferred
West Devon,2021-07-23,6.0,8.0,11.0,11.0,12.0,13.0,15.0,16.0,17.0,18.0,19.0,22.0,26.0,inferred
West Devon,2021-07-24,4.0,6.0,8.0,8.0,9.0,10.0,11.0,12.0,14.0,15.0,16.0,18.0,23.0,inferred
West Devon,2021-07-25,4.0,6.0,7.0,8.0,9.0,10.0,11.0,12.0,14.0,14.2,15.0,17.0,21.0,inferred
West Devon,2021-07-26,5.0,8.0,10.0,11.0,12.0,13.0,14.0,15.0,17.0,18.0,19.0,22.0,27.0,inferred
West Devon,2021-07-27,6.0,8.0,10.0,11.0,12.0,13.0,14.0,16.0,17.0,18.0,19.0,22.0,27.0,inferred
West Devon,2021-07-28,5.0,8.0,10.0,10.0,11.0,12.0,14.0,15.0,17.0,18.0,19.0,21.0,26.0,inferred
West Devon,2021-07-29,5.0,7.0,10.0,10.0,11.0,12.0,13.0,15.0,16.0,17.0,18.0,21.0,25.0,inferred
West Devon,2021-07-30,4.0,7.0,9.0,9.0,10.0,11.0,12.0,14.0,15.0,16.0,17.0,19.0,23.0,inferred
West Devon,2021-07-31,3.0,5.0,7.0,8.0,8.0,9.0,10.0,11.0,13.0,14.0,14.0,17.0,21.0,inferred
West Devon,2021-08-01,4.0,6.0,7.0,8.0,8.0,9.0,10.0,12.0,13.0,14.0,15.0,17.0,21.5,inferred
West Devon,2021-08-02,6.0,9.0,11.0,11.0,12.0,13.0,15.0,16.0,18.0,18.2,19.0,22.0,27.0,inferred
West Devon,2021-08-03,6.0,9.0,11.0,12.0,12.0,14.0,16.0,17.0,18.0,19.0,20.0,23.0,28.0,inferred
West Devon,2021-08-04,6.0,9.0,11.0,12.0,13.0,14.0,16.0,17.0,19.0,20.0,21.0,24.0,29.0,inferred
West Devon,2021-08-05,7.0,10.0,12.0,13.0,13.0,15.0,16.0,18.0,19.0,20.0,21.0,24.0,30.0,inferred
West Devon,2021-08-06,6.0,9.0,11.0,12.0,13.0,14.0,15.0,17.0,18.0,19.0,20.0,23.0,28.5,inferred
West Devon,2021-08-07,5.0,7.0,9.0,10.0,11.0,12.0,13.0,14.0,16.0,16.0,18.0,20.0,25.0,inferred
West Devon,2021-08-08,6.0,8.0,10.0,11.0,11.0,13.0,14.0,15.0,17.0,18.0,19.0,22.0,27.0,inferred
West Devon,2021-08-09,9.0,13.0,15.0,16.0,17.0,19.0,20.0,22.0,24.0,25.0,26.0,30.0,36.0,inferred
West Devon,2021-08-10,11.0,14.0,17.0,18.0,19.0,21.0,23.0,25.0,27.0,28.0,29.0,33.0,39.0,inferred
West Devon,2021-08-11,14.0,18.0,20.0,21.0,22.0,24.0,26.0,28.0,30.0,31.0,32.0,35.0,42.0,inferred
West Devon,2021-08-12,17.0,21.0,24.0,25.0,26.0,28.0,30.0,32.4,35.0,36.0,37.0,41.0,48.0,inferred
West Devon,2021-08-13,19.0,23.0,26.0,27.8,28.7,30.0,32.0,34.0,36.0,38.0,39.0,43.0,49.0,inferred
West Devon,2021-08-14,17.0,22.0,25.0,26.0,27.0,29.0,31.0,33.4,36.0,37.0,38.0,42.0,49.0,inferred
West Devon,2021-08-15,22.5,27.0,31.0,31.8,33.0,35.0,37.0,39.0,41.0,43.0,44.0,49.0,55.0,inferred
West Devon,2021-08-16,38.0,45.0,49.0,51.0,53.0,56.0,58.0,61.0,64.0,66.0,68.0,73.0,82.0,inferred
West Devon,2021-08-17,42.0,49.0,53.0,55.0,57.0,60.0,63.0,66.0,69.0,70.2,73.0,78.0,88.0,inferred
West Devon,2021-08-18,38.0,45.0,50.0,52.0,53.0,57.0,59.0,61.0,65.0,66.0,69.0,74.0,82.0,inferred
West Devon,2021-08-19,35.0,41.0,45.0,47.0,48.7,51.0,54.0,57.0,60.0,62.0,63.0,69.0,76.0,inferred
West Devon,2021-08-20,28.0,34.0,38.0,40.0,41.0,43.0,46.0,48.0,51.0,52.0,54.0,59.0,67.5,inferred
West Devon,2021-08-21,21.0,25.0,29.0,30.0,31.0,33.0,36.0,38.0,40.0,41.0,43.0,47.0,53.0,inferred
West Devon,2021-08-22,19.5,24.0,27.0,29.0,30.0,32.0,34.0,36.0,38.0,40.0,41.0,45.0,51.5,inferred
West Devon,2021-08-23,26.0,32.0,36.0,37.0,38.0,41.0,43.0,46.0,49.0,50.0,52.0,57.0,63.0,inferred
West Devon,2021-08-24,25.0,30.0,34.0,35.0,36.7,39.0,41.5,44.0,46.0,48.0,50.0,54.0,60.0,inferred
West Devon,2021-08-25,23.0,27.0,31.0,32.0,33.0,35.0,37.0,39.0,42.0,43.0,45.0,49.0,55.0,inferred
West Devon,2021-08-26,20.0,25.0,28.0,29.0,30.0,32.0,34.0,36.0,39.0,40.0,42.0,46.0,52.0,inferred
West Devon,2021-08-27,17.0,20.0,23.0,24.0,25.7,27.0,29.0,31.0,33.0,35.0,36.0,40.0,45.0,inferred
West Devon,2021-08-28,11.0,15.0,17.0,18.8,19.0,21.0,23.0,25.0,26.0,27.2,29.0,32.0,36.5,inferred
West Devon,2021-08-29,11.0,14.0,17.0,18.0,19.0,20.0,22.0,23.0,25.0,26.0,28.0,31.1,36.0,inferred
West Devon,2021-08-30,15.0,18.0,22.0,23.0,24.0,26.0,27.5,29.0,31.0,32.0,34.0,38.0,44.0,inferred
West Devon,2021-08-31,14.0,18.0,21.0,22.0,23.0,25.0,27.0,29.0,31.0,32.0,34.0,37.0,43.0,inferred
West Devon,2021-09-01,13.0,17.0,20.0,21.0,22.0,23.0,25.0,27.0,29.0,30.0,31.0,35.0,40.0,inferred
West Devon,2021-09-02,12.0,15.0,18.0,19.0,20.0,22.0,24.0,25.0,27.0,28.2,30.0,33.0,40.0,inferred
West Devon,2021-09-03,10.0,13.0,16.0,16.0,17.0,19.0,21.0,22.0,24.0,25.0,26.0,29.0,35.0,inferred
West Devon,2021-09-04,7.0,10.0,12.0,13.0,14.0,15.0,16.0,17.0,19.0,20.0,21.2,24.0,29.0,inferred
West Devon,2021-09-05,7.0,10.0,12.0,12.0,13.0,15.0,16.0,17.0,19.0,20.0,21.0,24.0,28.0,inferred
West Devon,2021-09-06,10.0,13.0,16.0,17.0,18.0,19.0,21.0,23.0,25.0,26.0,27.0,30.0,35.0,inferred
West Devon,2021-09-07,10.0,13.0,16.0,17.0,17.0,19.0,21.0,22.0,24.0,25.0,27.0,30.0,36.0,inferred
West Devon,2021-09-08,9.0,13.0,15.0,16.0,17.0,18.0,20.0,22.0,23.0,24.0,26.0,29.0,35.0,inferred
West Devon,2021-09-09,8.0,12.0,14.8,15.0,16.0,18.0,19.0,21.0,23.0,24.0,25.0,28.0,33.0,inferred
West Devon,2021-09-10,7.0,10.0,12.0,13.0,14.0,16.0,17.0,19.0,20.0,21.0,22.0,25.0,30.0,inferred
West Devon,2021-09-11,6.0,8.0,10.0,11.0,11.0,13.0,14.0,15.0,17.0,18.0,19.0,22.0,27.0,inferred
West Devon,2021-09-12,6.0,9.0,11.0,11.0,12.0,14.0,15.0,16.0,18.0,19.0,20.0,23.0,27.0,inferred
West Devon,2021-09-13,9.0,12.0,15.0,16.0,17.0,18.0,20.0,22.0,23.0,24.0,25.0,28.0,34.0,inferred
West Devon,2021-09-14,10.0,13.0,15.0,16.0,17.0,18.0,20.0,22.0,24.0,25.0,26.0,30.0,35.0,inferred
West Devon,2021-09-15,10.0,13.0,16.0,16.0,17.0,19.0,21.0,22.0,24.0,25.0,26.0,30.0,36.0,inferred
West Devon,2021-09-16,10.0,13.0,16.0,17.0,18.0,19.0,21.0,23.0,25.0,26.0,27.0,30.0,36.0,inferred
West Devon,2021-09-17,9.5,13.0,15.0,16.0,17.0,18.0,20.0,21.0,23.0,24.0,25.0,28.0,33.0,inferred
West Devon,2021-09-18,7.0,10.0,13.0,14.0,14.0,16.0,17.0,19.0,20.0,21.0,22.0,25.0,30.0,inferred
West Devon,2021-09-19,8.0,11.0,13.0,14.0,15.0,17.0,18.5,20.0,22.0,23.0,24.0,27.0,32.0,inferred
West Devon,2021-09-20,13.0,17.0,20.8,22.0,23.0,25.0,26.0,28.0,30.0,32.0,33.0,37.0,44.0,inferred
West Devon,2021-09-21,14.0,18.0,21.0,22.0,23.0,25.0,26.0,28.0,31.0,32.0,33.0,37.0,44.0,inferred
West Devon,2021-09-22,14.0,18.0,21.0,22.0,23.0,25.0,26.0,29.0,31.0,32.0,34.0,37.0,43.0,inferred
West Devon,2021-09-23,14.0,18.0,21.0,22.0,23.0,24.0,26.0,28.0,30.0,31.0,32.0,35.0,42.0,inferred
West Devon,2021-09-24,12.0,16.0,18.0,20.0,20.0,22.0,24.0,26.0,27.0,28.2,30.0,33.0,39.0,inferred
West Devon,2021-09-25,9.5,13.0,15.0,16.0,17.0,18.0,20.0,21.0,23.0,24.0,25.0,29.0,34.0,inferred
West Devon,2021-09-26,10.0,13.0,16.0,17.0,17.0,19.0,21.0,22.0,24.0,25.0,26.0,30.0,35.0,inferred
West Devon,2021-09-27,15.0,19.0,22.0,24.0,25.0,26.0,28.0,30.0,33.0,34.0,36.0,40.0,45.0,inferred
West Devon,2021-09-28,15.5,20.0,23.0,24.0,25.0,28.0,29.0,31.0,33.0,35.0,36.0,39.1,46.0,inferred
West Devon,2021-09-29,16.0,20.0,23.0,24.0,25.0,27.0,29.0,31.0,33.0,34.0,36.0,40.0,45.5,inferred
West Devon,2021-09-30,16.0,21.0,24.0,25.0,26.0,28.0,30.0,32.0,34.0,35.2,37.0,41.0,47.0,inferred
West Devon,2021-10-01,15.0,19.0,22.0,23.0,24.0,26.0,28.0,30.0,32.0,33.0,34.0,39.0,45.0,inferred
West Devon,2021-10-02,12.0,16.0,19.0,20.0,21.0,22.6,24.0,26.0,28.0,29.0,30.0,34.0,40.0,inferred
West Devon,2021-10-03,14.0,17.0,20.0,22.0,23.0,24.0,26.0,28.0,30.0,31.0,33.0,36.0,42.0,inferred
West Devon,2021-10-04,22.0,26.0,30.0,31.0,32.0,35.0,37.0,39.0,42.0,43.0,45.0,49.0,56.5,inferred
West Devon,2021-10-05,23.0,28.0,32.0,33.0,34.0,37.0,39.0,42.0,44.3,46.0,48.0,53.0,61.0,inferred
West Devon,2021-10-06,25.0,29.0,33.0,34.0,35.0,38.0,40.0,42.0,45.0,47.0,48.0,52.0,59.0,inferred
West Devon,2021-10-07,26.0,30.9,34.0,35.0,37.0,39.0,42.0,44.0,47.0,49.0,50.0,54.0,62.0,inferred
West Devon,2021-10-08,25.0,29.0,33.0,34.0,35.0,38.0,40.0,42.0,45.0,46.0,48.0,52.0,59.0,inferred
West Devon,2021-10-09,20.0,25.0,28.0,29.0,30.0,32.0,35.0,37.0,39.0,40.0,42.0,46.0,53.0,inferred
West Devon,2021-10-10,23.0,27.0,31.0,32.0,33.0,35.0,37.0,39.4,42.0,44.0,45.0,49.0,56.0,inferred
West Devon,2021-10-11,34.0,40.0,44.0,46.0,48.0,50.0,53.0,56.0,59.0,60.0,62.0,67.0,75.0,inferred
West Devon,2021-10-12,35.0,41.0,46.0,47.0,49.0,52.0,54.0,57.0,60.0,62.0,64.0,70.0,80.0,inferred
West Devon,2021-10-13,33.0,39.0,43.0,45.0,46.0,49.0,52.0,55.0,58.0,60.0,62.0,67.0,75.0,inferred
West Devon,2021-10-14,30.0,36.0,41.0,42.0,44.0,46.0,49.0,51.0,54.0,56.0,58.0,63.0,72.0,inferred
West Devon,2021-10-15,25.0,31.0,35.0,37.0,38.0,41.0,43.0,46.0,49.0,51.0,53.0,57.0,66.0,inferred
West Dunbartonshire,2021-07-03,438.9,564.0,639.8,681.5,718.7,779.0,841.5,907.0,981.0,1017.2,1060.2,1189.1,1413.0,inferred
West Dunbartonshire,2021-07-04,402.0,505.0,581.0,612.8,646.0,705.0,770.0,829.4,905.3,950.2,993.2,1127.1,1327.1,inferred
West Dunbartonshire,2021-07-05,292.0,408.0,485.8,510.8,540.0,595.6,651.0,704.0,762.3,802.2,849.0,958.2,1160.6,inferred
West Dunbartonshire,2021-07-06,345.0,443.0,513.0,547.0,580.0,639.6,693.0,748.0,816.3,859.2,901.4,1015.2,1231.5,inferred
West Dunbartonshire,2021-07-07,379.0,502.8,595.0,633.0,665.7,726.6,783.0,841.4,926.3,967.2,1004.4,1133.1,1332.2,inferred
West Dunbartonshire,2021-07-08,297.5,388.0,461.8,493.0,522.0,578.0,629.0,686.0,750.6,786.0,823.0,936.1,1136.0,inferred
West Dunbartonshire,2021-07-09,303.4,390.0,475.8,507.0,531.0,587.0,643.0,696.0,754.2,790.5,837.2,957.1,1186.6,inferred
West Dunbartonshire,2021-07-10,340.5,442.0,531.8,559.0,594.0,657.0,719.0,777.4,843.0,881.0,928.0,1061.1,1301.5,inferred
West Dunbartonshire,2021-07-11,304.4,410.8,479.8,510.0,541.0,600.0,661.5,713.0,793.0,824.2,865.2,989.2,1206.1,inferred
West Dunbartonshire,2021-07-12,222.0,311.0,374.0,399.8,425.7,472.6,518.5,572.0,643.0,685.0,734.0,853.0,1042.1,inferred
West Dunbartonshire,2021-07-13,232.5,318.0,384.0,415.0,443.0,496.0,541.0,595.0,661.0,699.2,736.2,853.2,1051.5,inferred
West Dunbartonshire,2021-07-14,267.5,356.9,425.0,454.0,485.7,533.0,586.5,649.0,713.3,754.0,794.0,903.0,1137.1,inferred
West Dunbartonshire,2021-07-15,185.5,261.0,324.8,348.0,377.7,422.0,465.0,513.0,567.3,607.0,655.0,753.1,919.0,inferred
West Dunbartonshire,2021-07-16,176.5,257.0,315.0,342.0,367.0,419.0,465.0,511.0,567.0,596.0,638.0,746.0,955.7,inferred
West Dunbartonshire,2021-07-17,212.5,297.0,358.0,382.8,411.0,457.6,506.0,558.0,608.0,642.0,679.0,786.0,970.5,inferred
West Dunbartonshire,2021-07-18,158.5,246.0,309.8,332.8,356.0,399.0,443.0,490.4,550.0,579.0,615.4,728.2,923.0,inferred
West Dunbartonshire,2021-07-19,119.0,175.0,220.8,242.0,268.0,308.0,352.5,395.0,442.0,472.0,506.0,606.2,771.0,inferred
West Dunbartonshire,2021-07-20,107.0,177.0,226.0,246.0,268.0,310.0,352.0,397.0,442.0,475.2,509.4,605.0,796.0,inferred
West Dunbartonshire,2021-07-21,129.5,190.9,246.8,270.0,295.7,336.6,372.0,416.4,469.3,503.0,536.0,631.1,812.0,inferred
West Dunbartonshire,2021-07-22,78.0,133.0,175.0,197.0,213.0,251.0,289.5,330.4,377.0,400.5,432.0,516.0,705.6,inferred
West Dunbartonshire,2021-07-23,82.0,131.0,171.0,189.0,207.7,239.0,279.0,317.4,359.0,384.2,416.2,504.0,671.5,inferred
West Dunbartonshire,2021-07-24,85.0,143.9,183.0,201.0,218.0,256.0,293.5,328.0,372.0,396.0,431.0,526.0,688.5,inferred
West Dunbartonshire,2021-07-25,66.5,117.9,155.0,174.0,189.0,224.6,258.5,293.0,332.0,356.0,387.0,469.1,625.5,inferred
West Dunbartonshire,2021-07-26,42.0,78.0,112.0,126.0,140.0,166.6,197.5,232.0,277.0,299.0,329.4,398.1,557.7,inferred
West Dunbartonshire,2021-07-27,47.5,82.0,116.0,132.0,146.0,178.0,207.5,237.0,270.0,294.0,324.0,401.0,557.5,inferred
West Dunbartonshire,2021-07-28,62.5,103.9,142.0,160.8,176.0,206.0,239.0,274.0,310.0,332.2,359.2,440.2,582.6,inferred
West Dunbartonshire,2021-07-29,41.5,75.0,108.0,121.8,134.0,160.0,188.0,220.0,255.0,273.0,300.0,378.0,526.1,inferred
West Dunbartonshire,2021-07-30,45.0,81.0,113.0,126.0,141.0,169.0,199.5,233.0,271.3,292.0,320.2,408.1,538.5,inferred
West Dunbartonshire,2021-07-31,54.0,101.9,140.0,157.8,171.0,203.0,231.0,266.0,309.0,334.2,361.0,443.0,568.7,inferred
West Dunbartonshire,2021-08-01,46.0,85.0,121.0,134.0,153.0,185.6,218.0,251.0,294.0,313.2,341.0,418.0,577.0,inferred
West Dunbartonshire,2021-08-02,30.5,62.9,94.0,109.0,123.0,147.6,173.0,202.0,236.3,253.2,284.2,370.0,505.5,inferred
West Dunbartonshire,2021-08-03,43.0,77.0,110.8,126.0,140.0,168.6,200.0,235.0,277.0,301.2,325.0,402.1,557.0,inferred
West Dunbartonshire,2021-08-04,66.0,105.0,141.0,157.0,172.0,204.0,237.0,276.0,315.0,335.0,361.2,446.1,605.5,inferred
West Dunbartonshire,2021-08-05,51.0,87.0,117.0,133.8,151.0,181.6,215.0,245.0,282.0,305.2,330.0,407.0,561.0,inferred
West Dunbartonshire,2021-08-06,61.0,96.0,132.0,147.0,162.0,189.0,220.5,255.0,297.3,317.0,346.2,428.1,597.0,inferred
West Dunbartonshire,2021-08-07,81.0,132.0,171.0,191.0,209.0,242.0,276.0,310.0,354.3,381.0,405.2,492.0,690.8,inferred
West Dunbartonshire,2021-08-08,78.0,124.0,165.0,183.8,199.0,230.0,262.0,297.4,345.3,372.0,405.0,504.1,659.0,inferred
West Dunbartonshire,2021-08-09,56.0,97.9,137.0,153.0,170.0,200.0,226.0,263.0,306.3,333.0,366.0,437.1,598.0,inferred
West Dunbartonshire,2021-08-10,80.5,130.9,171.0,189.0,210.0,245.0,281.0,318.0,363.0,387.2,423.0,516.1,661.0,inferred
West Dunbartonshire,2021-08-11,118.0,177.9,227.0,253.8,272.0,310.0,350.5,395.4,444.3,472.0,512.2,600.1,755.1,inferred
West Dunbartonshire,2021-08-12,107.5,168.0,211.0,233.0,249.0,290.6,328.5,362.4,410.0,438.0,477.0,567.2,747.6,inferred
West Dunbartonshire,2021-08-13,124.5,191.9,247.0,270.0,291.0,333.0,370.0,414.0,460.0,490.0,524.0,618.1,753.0,inferred
West Dunbartonshire,2021-08-14,196.5,270.8,330.0,355.0,378.0,422.0,471.5,522.0,580.0,610.0,646.2,764.0,958.5,inferred
West Dunbartonshire,2021-08-15,194.0,277.0,341.8,368.0,393.0,436.6,484.0,541.0,598.0,628.2,662.2,774.0,959.0,inferred
West Dunbartonshire,2021-08-16,162.5,239.9,303.8,327.0,351.0,393.0,441.0,491.4,545.3,583.0,615.4,722.4,934.6,inferred
West Dunbartonshire,2021-08-17,229.4,313.0,381.8,405.8,434.0,493.0,543.5,596.0,656.0,683.2,727.0,835.3,1053.6,inferred
West Dunbartonshire,2021-08-18,341.0,447.9,531.6,562.0,589.4,648.6,705.0,769.0,844.0,883.2,935.2,1070.0,1302.6,inferred
West Dunbartonshire,2021-08-19,318.5,434.8,506.8,544.8,578.7,634.6,694.0,750.0,813.3,845.2,890.0,1007.1,1231.8,inferred
West Dunbartonshire,2021-08-20,406.9,521.9,609.0,642.0,679.0,743.0,817.0,876.0,946.3,978.2,1031.0,1161.0,1393.6,inferred
West Dunbartonshire,2021-08-21,603.0,738.0,845.8,892.0,929.0,1000.0,1070.0,1138.0,1219.3,1270.0,1333.2,1483.3,1803.0,inferred
West Dunbartonshire,2021-08-22,648.8,801.8,903.8,948.0,989.7,1066.0,1132.5,1204.4,1287.3,1341.2,1398.2,1547.1,1789.0,inferred
West Dunbartonshire,2021-08-23,590.0,746.0,847.8,896.8,943.0,1017.0,1089.0,1167.8,1255.3,1302.0,1355.0,1507.2,1752.6,inferred
West Dunbartonshire,2021-08-24,716.4,903.0,1037.8,1085.8,1139.7,1217.6,1307.5,1393.0,1485.3,1533.0,1606.2,1774.3,2013.0,inferred
West Dunbartonshire,2021-08-25,968.4,1173.0,1295.8,1344.0,1402.0,1496.0,1590.0,1680.0,1799.3,1868.0,1939.0,2098.2,2398.5,inferred
West Dunbartonshire,2021-08-26,857.0,1043.9,1157.8,1208.8,1249.7,1330.0,1406.5,1494.0,1584.0,1638.2,1691.2,1845.2,2144.1,inferred
West Dunbartonshire,2021-08-27,939.4,1124.7,1254.0,1313.8,1353.0,1450.2,1536.5,1619.4,1719.3,1775.0,1842.2,2016.2,2331.5,inferred
West Dunbartonshire,2021-08-28,1254.4,1447.9,1585.8,1646.8,1704.7,1803.0,1905.0,2011.0,2124.3,2179.8,2266.2,2441.1,2721.0,inferred
West Dunbartonshire,2021-08-29,1161.0,1398.7,1545.0,1615.0,1678.1,1784.0,1880.5,1971.4,2070.3,2132.0,2202.4,2379.8,2720.0,inferred
West Dunbartonshire,2021-08-30,1060.5,1259.0,1395.0,1461.0,1512.7,1612.6,1698.0,1806.0,1908.9,1971.0,2033.4,2203.0,2541.2,inferred
West Dunbartonshire,2021-08-31,1183.4,1378.8,1529.0,1599.5,1660.0,1766.6,1864.0,1961.0,2067.3,2121.0,2193.2,2387.0,2710.2,inferred
West Dunbartonshire,2021-09-01,1374.4,1620.9,1763.8,1842.5,1909.7,2027.8,2120.0,2238.0,2362.3,2433.0,2511.2,2708.3,2992.6,inferred
West Dunbartonshire,2021-09-02,1130.5,1312.7,1443.6,1506.0,1556.0,1651.6,1743.0,1845.4,1949.0,2011.2,2087.2,2292.0,2562.3,inferred
West Dunbartonshire,2021-09-03,1115.0,1320.9,1449.8,1496.0,1540.7,1646.0,1732.0,1846.0,1957.0,2019.0,2089.2,2286.2,2571.4,inferred
West Dunbartonshire,2021-09-04,1339.8,1541.9,1696.4,1741.8,1796.4,1900.0,1992.5,2103.4,2226.0,2289.2,2363.4,2579.1,2916.1,inferred
West Dunbartonshire,2021-09-05,1195.4,1407.7,1540.0,1591.8,1646.0,1752.0,1839.5,1941.8,2059.0,2111.0,2184.2,2362.2,2692.0,inferred
West Dunbartonshire,2021-09-06,969.5,1152.9,1264.4,1310.5,1360.0,1453.6,1550.5,1631.0,1730.0,1775.2,1860.2,2041.1,2404.0,inferred
West Dunbartonshire,2021-09-07,962.9,1145.9,1284.8,1347.8,1385.0,1468.6,1556.0,1649.4,1756.3,1803.2,1865.0,2051.1,2338.3,inferred
West Dunbartonshire,2021-09-08,969.2,1155.7,1306.0,1354.0,1411.7,1508.6,1603.0,1707.0,1807.0,1869.2,1931.0,2087.1,2498.6,inferred
West Dunbartonshire,2021-09-09,665.5,811.9,941.0,980.8,1021.7,1100.0,1182.0,1262.0,1355.3,1405.0,1472.2,1656.0,1952.5,inferred
West Dunbartonshire,2021-09-10,630.0,752.9,847.0,889.8,930.7,1012.6,1085.0,1150.4,1232.3,1272.0,1319.0,1448.1,1755.5,inferred
West Dunbartonshire,2021-09-11,604.5,752.8,856.0,902.8,947.0,1029.0,1102.0,1174.4,1256.3,1311.0,1373.2,1530.1,1786.5,inferred
West Dunbartonshire,2021-09-12,487.5,616.0,707.0,745.0,782.0,852.6,914.0,977.4,1055.0,1095.2,1146.0,1297.2,1510.1,inferred
West Dunbartonshire,2021-09-13,318.4,418.0,497.8,531.0,563.4,612.0,674.0,724.4,785.3,825.0,874.2,998.3,1228.7,inferred
West Dunbartonshire,2021-09-14,290.0,399.0,486.0,513.0,540.0,602.6,656.0,713.0,771.3,810.2,866.4,992.0,1190.6,inferred
West Dunbartonshire,2021-09-15,327.5,442.0,524.0,556.8,589.0,648.6,712.5,768.0,838.0,877.2,923.0,1056.0,1277.8,inferred
West Dunbartonshire,2021-09-16,254.0,338.9,394.0,427.5,453.0,504.0,555.0,613.0,676.3,710.2,746.0,853.1,1049.0,inferred
West Dunbartonshire,2021-09-17,231.4,315.0,388.8,414.0,443.7,490.6,536.0,584.0,649.3,692.0,729.2,835.2,1047.6,inferred
West Dunbartonshire,2021-09-18,257.5,353.9,425.0,456.0,479.7,532.0,591.5,658.0,723.0,759.2,802.0,922.1,1137.5,inferred
West Dunbartonshire,2021-09-19,204.0,294.0,363.0,393.0,422.0,470.6,523.0,573.8,633.0,669.5,717.2,843.1,1043.6,inferred
West Dunbartonshire,2021-09-20,148.5,217.9,278.6,302.8,334.0,377.6,427.5,473.4,522.0,551.2,590.2,704.0,882.0,inferred
West Dunbartonshire,2021-09-21,184.9,251.8,306.0,326.0,350.7,401.0,444.0,492.0,542.3,581.0,616.0,738.1,923.7,inferred
West Dunbartonshire,2021-09-22,218.5,308.0,376.0,403.0,427.0,480.0,533.0,584.8,649.6,686.2,725.0,836.0,1031.0,inferred
West Dunbartonshire,2021-09-23,184.5,264.0,329.0,357.0,375.7,424.0,471.0,519.4,573.0,604.0,647.2,741.1,925.6,inferred
West Dunbartonshire,2021-09-24,200.9,281.0,349.8,377.0,406.0,453.6,499.5,552.0,607.3,643.2,679.0,791.1,942.0,inferred
West Dunbartonshire,2021-09-25,267.5,366.0,444.8,474.8,500.0,549.0,590.0,648.0,714.0,749.0,790.2,906.2,1123.1,inferred
West Dunbartonshire,2021-09-26,245.3,344.9,419.0,446.8,478.0,535.6,593.0,647.4,711.0,747.0,791.0,913.0,1097.0,inferred
West Dunbartonshire,2021-09-27,208.4,292.9,363.6,388.0,411.7,459.0,507.0,553.0,615.3,646.0,677.2,790.1,996.6,inferred
West Dunbartonshire,2021-09-28,239.5,321.8,388.8,416.0,452.0,501.0,552.5,606.0,667.0,710.0,743.4,861.0,1060.5,inferred
West Dunbartonshire,2021-09-29,268.5,378.9,457.8,492.8,528.7,585.0,639.0,692.0,752.0,790.2,832.0,951.1,1172.1,inferred
West Dunbartonshire,2021-09-30,214.5,294.9,362.8,391.8,416.0,468.0,513.5,561.0,621.3,661.0,700.2,822.2,997.6,inferred
West Dunbartonshire,2021-10-01,219.0,309.9,378.0,408.0,434.0,489.0,540.5,589.0,652.3,685.0,723.0,833.0,1032.7,inferred
West Dunbartonshire,2021-10-02,255.0,352.0,430.0,469.8,493.0,551.0,601.0,666.0,722.3,755.2,803.2,923.2,1180.1,inferred
West Dunbartonshire,2021-10-03,255.5,334.9,400.8,427.0,457.7,511.0,560.0,614.0,686.0,717.2,766.0,880.3,1079.0,inferred
West Dunbartonshire,2021-10-04,183.9,259.0,321.0,348.0,374.0,420.0,461.5,520.0,581.0,618.0,655.2,770.1,929.5,inferred
West Dunbartonshire,2021-10-05,196.5,285.9,343.0,368.0,396.7,443.6,491.0,541.8,604.3,636.2,675.2,791.2,973.0,inferred
West Dunbartonshire,2021-10-06,231.9,325.8,401.0,444.5,475.0,527.6,577.0,625.0,691.0,725.0,771.0,891.2,1096.0,inferred
West Dunbartonshire,2021-10-07,182.0,256.9,324.8,349.8,374.0,419.0,471.0,523.0,574.3,614.0,652.0,752.1,931.1,inferred
West Dunbartonshire,2021-10-08,190.9,278.0,344.0,372.0,392.0,439.0,484.0,534.8,599.0,639.0,675.2,771.1,964.5,inferred
West Dunbartonshire,2021-10-09,230.0,318.9,392.8,424.0,449.7,501.0,557.0,611.0,673.0,715.0,765.0,877.3,1077.0,inferred
West Dunbartonshire,2021-10-10,195.9,288.0,348.0,378.8,405.0,453.0,505.0,556.0,615.0,649.0,690.4,806.0,988.5,inferred
West Dunbartonshire,2021-10-11,149.4,228.8,282.0,304.0,331.0,384.0,429.5,474.0,529.3,555.0,595.0,707.4,873.0,inferred
West Dunbartonshire,2021-10-12,155.9,247.0,306.8,337.0,362.7,406.6,453.0,505.0,560.3,597.0,633.0,741.0,907.1,inferred
West Dunbartonshire,2021-10-13,214.0,298.0,363.8,391.8,417.7,470.2,529.0,585.0,654.0,692.0,734.0,845.0,1058.6,inferred
West Dunbartonshire,2021-10-14,157.5,233.9,301.0,329.8,349.0,400.0,448.0,497.0,555.3,592.0,626.2,736.0,899.5,inferred
West Dunbartonshire,2021-10-15,162.9,244.0,298.8,332.0,359.0,405.0,448.0,500.0,558.0,598.0,637.0,763.1,974.8,inferred
West Lancashire,2021-07-03,34.0,39.0,44.0,45.0,47.0,50.0,52.0,55.0,58.0,60.0,62.0,66.1,75.0,inferred
West Lancashire,2021-07-04,36.0,42.0,46.0,48.0,50.0,53.0,55.0,58.0,61.0,63.0,65.0,70.0,77.0,inferred
West Lancashire,2021-07-05,53.0,62.0,68.0,70.0,72.0,75.0,79.0,82.0,85.0,87.0,89.0,96.0,106.0,inferred
West Lancashire,2021-07-06,52.0,60.0,65.0,67.0,69.0,72.0,75.0,78.0,82.0,84.0,86.0,93.0,104.0,inferred
West Lancashire,2021-07-07,56.0,63.0,68.0,69.0,71.0,75.0,78.0,81.0,85.0,87.0,89.0,96.0,106.5,inferred
West Lancashire,2021-07-08,54.0,62.0,68.0,70.0,71.0,74.0,78.0,81.0,85.0,87.0,89.0,95.0,105.0,inferred
West Lancashire,2021-07-09,48.0,56.0,62.0,64.0,65.0,69.0,72.0,75.0,78.0,80.2,83.0,88.0,99.0,inferred
West Lancashire,2021-07-10,41.0,49.0,53.8,55.0,57.0,60.0,63.0,66.0,69.0,71.0,73.0,78.0,87.0,inferred
West Lancashire,2021-07-11,46.0,54.0,59.0,61.0,63.0,66.0,69.0,72.0,76.0,78.0,80.0,85.0,95.0,inferred
West Lancashire,2021-07-12,72.0,81.0,87.0,90.0,92.0,96.0,100.0,104.0,108.0,110.0,112.0,119.0,130.0,inferred
West Lancashire,2021-07-13,68.0,77.0,83.0,85.0,87.0,91.0,95.0,99.0,102.0,105.0,108.0,115.0,126.0,inferred
West Lancashire,2021-07-14,69.0,77.0,83.0,86.0,88.0,91.0,95.0,99.0,104.0,106.0,109.0,116.0,127.5,inferred
West Lancashire,2021-07-15,64.0,74.0,80.0,82.0,84.0,88.0,91.0,95.0,99.0,101.0,103.0,111.0,123.0,inferred
West Lancashire,2021-07-16,56.0,63.0,69.0,71.0,73.0,76.0,80.0,84.0,88.0,90.0,92.0,99.0,109.5,inferred
West Lancashire,2021-07-17,42.0,51.0,56.0,57.0,59.0,62.0,65.0,68.0,72.0,74.0,76.0,82.0,89.0,inferred
West Lancashire,2021-07-18,46.0,53.0,58.0,60.0,62.0,65.0,69.0,72.0,75.0,77.0,79.0,84.0,94.0,inferred
West Lancashire,2021-07-19,65.0,74.0,80.0,82.0,84.7,88.0,91.0,95.0,99.0,101.0,104.0,110.0,121.0,inferred
West Lancashire,2021-07-20,58.5,67.0,72.0,75.0,76.0,80.0,83.0,86.0,90.0,92.0,95.0,102.0,113.0,inferred
West Lancashire,2021-07-21,55.5,63.0,68.0,71.0,72.0,76.0,79.0,83.0,86.0,88.0,90.2,96.0,107.5,inferred
West Lancashire,2021-07-22,48.5,55.0,60.0,62.0,64.0,68.0,71.0,74.0,77.0,79.0,81.0,87.0,97.0,inferred
West Lancashire,2021-07-23,38.0,45.0,50.0,52.0,53.0,56.0,59.0,62.0,65.0,67.0,69.0,75.0,83.5,inferred
West Lancashire,2021-07-24,28.0,34.0,38.0,40.0,41.0,44.0,46.0,48.4,52.0,54.0,55.0,61.0,69.0,inferred
West Lancashire,2021-07-25,28.0,35.0,38.0,40.0,41.0,44.0,47.0,49.0,52.0,54.0,56.0,61.0,69.5,inferred
West Lancashire,2021-07-26,40.0,46.0,51.0,53.0,54.0,57.0,60.5,64.0,67.0,69.0,71.0,76.0,86.0,inferred
West Lancashire,2021-07-27,36.0,42.0,46.0,48.0,49.0,53.0,55.5,59.0,62.0,63.0,65.0,72.0,80.5,inferred
West Lancashire,2021-07-28,35.0,41.0,46.0,48.0,49.0,52.0,55.0,58.0,61.0,62.0,64.0,70.0,78.0,inferred
West Lancashire,2021-07-29,33.0,39.0,43.0,45.0,46.0,49.0,52.0,55.0,57.0,59.0,61.0,66.0,75.0,inferred
West Lancashire,2021-07-30,29.0,33.0,37.0,39.0,40.0,43.0,45.0,48.0,50.0,52.0,54.0,59.0,66.0,inferred
West Lancashire,2021-07-31,22.0,27.0,30.0,32.0,33.0,35.0,38.0,40.0,42.0,44.0,45.2,49.0,56.0,inferred
West Lancashire,2021-08-01,23.0,28.0,31.0,33.0,34.0,36.0,39.0,41.0,44.0,45.0,47.0,52.0,59.5,inferred
West Lancashire,2021-08-02,34.0,40.0,44.0,46.0,47.0,51.0,53.0,56.0,59.0,61.0,63.0,69.0,76.0,inferred
West Lancashire,2021-08-03,31.0,37.0,41.0,43.0,45.0,47.0,50.0,53.0,56.0,58.0,60.0,64.0,72.0,inferred
West Lancashire,2021-08-04,30.0,36.9,41.0,42.0,44.0,47.0,49.0,52.0,55.0,57.0,59.0,64.0,72.5,inferred
West Lancashire,2021-08-05,29.0,34.9,39.0,40.0,42.0,45.0,47.0,50.0,52.0,54.0,56.0,61.0,69.0,inferred
West Lancashire,2021-08-06,23.0,30.0,33.0,35.0,36.0,38.0,41.0,43.0,45.0,47.0,49.0,54.0,62.0,inferred
West Lancashire,2021-08-07,19.0,24.0,27.0,28.0,29.7,32.0,34.0,36.0,38.0,40.0,42.0,46.0,52.5,inferred
West Lancashire,2021-08-08,20.5,25.0,28.0,30.0,31.0,33.0,35.0,38.0,40.0,41.0,43.0,47.0,56.0,inferred
West Lancashire,2021-08-09,30.0,36.0,40.0,42.0,43.0,46.0,49.0,51.0,54.0,56.0,58.0,63.0,71.0,inferred
West Lancashire,2021-08-10,28.0,33.0,38.0,39.0,41.0,43.0,46.0,48.0,52.0,53.0,55.0,60.0,68.5,inferred
West Lancashire,2021-08-11,29.0,35.0,39.0,41.0,43.0,45.0,47.5,50.0,53.0,55.0,57.0,62.0,70.0,inferred
West Lancashire,2021-08-12,29.0,34.0,38.0,40.0,41.0,44.0,47.0,50.0,53.0,54.0,56.0,61.0,68.0,inferred
West Lancashire,2021-08-13,26.0,31.0,34.0,36.0,37.0,40.0,42.0,45.0,47.3,49.0,51.0,57.0,65.0,inferred
West Lancashire,2021-08-14,21.0,25.9,29.0,30.0,32.0,34.0,36.0,38.0,41.0,42.0,44.0,49.0,55.0,inferred
West Lancashire,2021-08-15,22.0,28.0,31.0,33.0,34.0,37.0,39.0,41.0,45.0,46.0,47.0,52.0,60.0,inferred
West Lancashire,2021-08-16,35.5,42.0,47.0,49.0,50.0,53.0,56.0,59.0,62.0,65.0,67.0,72.1,82.0,inferred
West Lancashire,2021-08-17,34.0,40.0,44.0,46.0,48.0,51.0,53.0,57.0,59.0,61.0,63.0,68.0,78.5,inferred
West Lancashire,2021-08-18,36.0,43.0,47.0,49.0,50.7,53.0,56.0,59.0,62.0,64.0,65.0,71.0,81.0,inferred
West Lancashire,2021-08-19,35.0,41.0,46.0,48.0,49.0,53.0,56.0,59.0,62.0,64.0,66.0,71.0,81.0,inferred
West Lancashire,2021-08-20,31.0,37.0,42.0,43.0,45.0,48.0,50.0,53.0,56.0,58.0,60.0,65.0,73.0,inferred
West Lancashire,2021-08-21,27.0,32.0,35.0,37.0,38.0,41.0,43.0,46.0,48.0,50.0,52.0,57.0,64.0,inferred
West Lancashire,2021-08-22,30.0,35.0,38.8,40.0,42.0,44.0,47.0,49.0,52.0,54.0,55.2,61.0,70.0,inferred
West Lancashire,2021-08-23,43.0,50.0,56.0,58.0,60.0,63.0,66.0,69.0,73.0,75.0,77.0,83.0,93.0,inferred
West Lancashire,2021-08-24,40.0,48.0,53.0,55.0,57.0,60.0,62.0,66.0,69.0,71.0,73.0,79.0,88.5,inferred
West Lancashire,2021-08-25,42.5,49.0,54.0,56.0,58.0,60.6,63.0,66.0,70.0,72.0,74.0,80.0,90.0,inferred
West Lancashire,2021-08-26,42.0,49.0,53.0,54.0,56.0,59.0,62.0,65.0,69.0,71.0,73.0,80.0,88.0,inferred
West Lancashire,2021-08-27,36.0,43.0,47.0,49.0,50.7,53.0,55.0,58.0,61.0,63.0,65.0,70.0,80.0,inferred
West Lancashire,2021-08-28,29.0,35.0,39.0,40.0,42.0,45.0,47.0,50.0,53.0,54.0,56.0,62.0,70.0,inferred
West Lancashire,2021-08-29,32.0,37.0,42.0,44.0,45.0,48.0,51.0,54.0,57.0,58.0,61.0,66.0,74.0,inferred
West Lancashire,2021-08-30,51.0,57.0,62.0,63.8,65.0,68.0,71.0,74.0,78.0,80.0,83.0,89.0,100.0,inferred
West Lancashire,2021-08-31,45.5,53.0,58.0,60.0,62.0,66.0,69.0,72.0,76.0,78.0,79.0,85.0,94.5,inferred
West Lancashire,2021-09-01,47.0,54.0,59.0,61.0,63.0,66.0,69.0,72.0,76.0,78.0,80.0,86.0,96.5,inferred
West Lancashire,2021-09-02,44.5,52.0,57.0,58.0,60.0,64.0,67.0,69.4,73.0,75.0,77.0,83.0,91.5,inferred
West Lancashire,2021-09-03,38.0,45.0,49.0,51.0,53.0,56.0,59.0,62.0,65.0,67.0,69.0,74.0,83.0,inferred
West Lancashire,2021-09-04,31.0,36.0,40.0,42.0,43.0,46.0,49.0,52.0,54.0,56.0,58.0,63.0,72.0,inferred
West Lancashire,2021-09-05,33.5,39.0,44.0,45.0,46.0,49.0,52.0,54.0,57.0,59.0,61.0,66.0,75.0,inferred
West Lancashire,2021-09-06,48.0,55.0,61.0,63.0,65.0,68.0,71.0,74.0,78.0,80.0,82.0,88.0,98.0,inferred
West Lancashire,2021-09-07,42.5,49.0,54.0,56.0,58.0,61.0,64.0,67.0,71.0,73.0,75.0,81.0,91.0,inferred
West Lancashire,2021-09-08,41.0,47.0,53.0,55.0,57.0,59.0,63.0,66.0,70.0,71.0,74.0,80.0,89.0,inferred
West Lancashire,2021-09-09,37.0,43.0,48.0,51.0,52.0,55.0,58.0,61.0,65.0,66.0,68.0,74.0,83.0,inferred
West Lancashire,2021-09-10,31.0,37.0,41.0,42.0,44.0,46.0,49.0,52.0,55.0,57.0,58.0,63.0,71.0,inferred
West Lancashire,2021-09-11,24.0,29.0,32.0,34.0,35.0,37.0,39.0,42.0,44.0,46.0,47.0,52.0,59.5,inferred
West Lancashire,2021-09-12,24.0,29.0,33.0,34.0,35.0,38.0,40.0,43.0,45.0,46.0,48.0,53.0,60.0,inferred
West Lancashire,2021-09-13,34.0,41.0,46.0,47.0,49.0,52.0,54.0,57.0,60.0,62.0,64.0,70.0,79.0,inferred
West Lancashire,2021-09-14,32.0,38.0,43.0,44.0,46.0,48.0,51.0,54.0,58.0,59.0,61.0,67.0,75.0,inferred
West Lancashire,2021-09-15,33.0,40.0,43.0,46.0,47.0,50.0,53.0,55.0,58.0,60.0,62.0,67.0,76.0,inferred
West Lancashire,2021-09-16,33.0,39.0,44.0,46.0,47.0,50.0,52.0,55.0,58.0,59.0,62.0,67.0,76.5,inferred
West Lancashire,2021-09-17,30.0,35.0,40.0,41.0,42.0,45.0,48.0,51.0,54.0,56.0,57.0,62.0,70.0,inferred
West Lancashire,2021-09-18,25.0,30.0,34.0,35.0,36.0,39.0,41.0,43.0,46.0,48.0,50.0,55.0,62.0,inferred
West Lancashire,2021-09-19,27.0,33.0,37.0,38.0,39.0,42.0,44.0,47.0,50.0,52.0,53.0,59.0,68.0,inferred
West Lancashire,2021-09-20,42.0,49.0,54.0,55.0,57.0,60.0,63.0,66.0,70.0,72.0,74.0,80.0,90.0,inferred
West Lancashire,2021-09-21,38.5,46.0,51.0,53.0,54.0,57.0,61.0,64.0,67.0,69.0,71.0,77.0,85.0,inferred
West Lancashire,2021-09-22,40.0,47.0,51.0,53.0,54.0,58.0,61.0,64.0,67.0,69.0,71.0,77.0,85.0,inferred
West Lancashire,2021-09-23,37.0,44.0,49.0,51.0,52.0,55.0,58.0,61.0,64.0,66.0,68.0,73.0,82.0,inferred
West Lancashire,2021-09-24,32.5,38.0,42.0,44.0,45.0,48.0,50.0,53.0,56.0,57.0,60.0,65.0,73.0,inferred
West Lancashire,2021-09-25,25.0,30.0,33.0,35.0,36.0,38.0,41.0,44.0,47.0,48.0,50.0,55.0,62.0,inferred
West Lancashire,2021-09-26,27.0,32.0,35.0,37.0,39.0,41.0,44.0,46.0,49.0,51.0,53.0,58.0,65.0,inferred
West Lancashire,2021-09-27,39.0,46.0,50.0,52.0,54.0,57.0,60.0,63.0,66.0,68.0,70.0,76.0,86.0,inferred
West Lancashire,2021-09-28,37.0,44.0,48.0,50.0,52.0,54.0,57.0,60.0,63.0,65.0,67.0,73.0,82.5,inferred
West Lancashire,2021-09-29,39.0,45.0,50.0,51.0,53.0,56.0,59.0,62.0,65.0,67.0,69.0,74.0,82.5,inferred
West Lancashire,2021-09-30,38.0,45.0,49.0,51.0,52.0,55.0,58.0,61.0,64.0,66.0,67.0,74.0,82.0,inferred
West Lancashire,2021-10-01,34.0,40.0,45.0,46.0,48.0,51.0,53.0,56.0,59.0,61.0,62.0,67.0,75.0,inferred
West Lancashire,2021-10-02,28.0,33.0,37.0,39.0,40.0,43.0,46.0,48.0,51.0,53.0,55.0,59.0,67.0,inferred
West Lancashire,2021-10-03,30.5,37.0,41.0,43.0,44.0,47.0,49.0,52.0,55.0,57.0,58.0,63.0,71.0,inferred
West Lancashire,2021-10-04,47.0,54.0,59.0,61.0,63.0,66.0,69.0,72.0,75.0,78.0,80.0,86.0,95.0,inferred
West Lancashire,2021-10-05,45.0,54.0,58.0,61.0,62.0,65.0,68.0,70.0,74.0,76.0,78.0,85.0,96.0,inferred
West Lancashire,2021-10-06,47.0,55.0,60.0,62.0,64.0,67.0,70.0,74.0,77.0,79.0,82.0,88.0,98.0,inferred
West Lancashire,2021-10-07,49.0,56.0,60.0,62.0,64.0,68.0,72.0,75.0,78.0,80.0,82.0,89.0,99.5,inferred
West Lancashire,2021-10-08,44.0,51.0,56.0,58.0,59.0,63.0,66.0,69.0,72.0,74.0,76.0,82.0,90.0,inferred
West Lancashire,2021-10-09,37.0,43.0,47.0,49.0,51.0,54.0,57.0,60.0,63.0,65.0,68.0,73.0,82.0,inferred
West Lancashire,2021-10-10,41.0,48.0,54.0,55.0,57.0,60.0,63.0,66.0,69.3,72.0,74.0,80.0,88.5,inferred
West Lancashire,2021-10-11,64.0,73.0,79.0,81.0,82.0,86.0,89.0,93.0,97.0,100.0,103.0,110.0,121.0,inferred
West Lancashire,2021-10-12,60.0,68.0,75.0,77.0,79.0,83.0,86.5,91.0,94.0,97.0,99.0,105.0,115.5,inferred
West Lancashire,2021-10-13,59.5,68.0,75.0,77.0,79.0,83.0,87.0,90.0,94.0,96.0,99.0,106.0,118.0,inferred
West Lancashire,2021-10-14,55.0,64.0,70.0,73.0,75.0,78.0,82.0,86.0,90.0,92.0,95.0,101.1,114.0,inferred
West Lancashire,2021-10-15,47.0,55.0,60.0,62.0,64.0,68.0,71.0,75.0,79.0,81.0,83.0,89.0,101.0,inferred
West Lindsey,2021-07-03,12.0,15.0,18.0,19.0,20.0,22.0,24.0,25.0,27.0,28.0,30.0,34.0,40.0,inferred
West Lindsey,2021-07-04,15.0,19.0,22.0,23.0,24.0,25.0,27.0,29.0,31.0,32.0,34.0,38.0,44.0,inferred
West Lindsey,2021-07-05,25.0,29.0,32.0,34.0,35.0,37.0,40.0,42.0,44.0,46.0,47.0,51.1,58.0,inferred
West Lindsey,2021-07-06,24.0,29.0,32.0,34.0,35.0,37.0,39.0,41.0,43.0,44.2,46.0,50.0,58.0,inferred
West Lindsey,2021-07-07,25.5,30.0,33.0,35.0,36.0,38.0,41.0,43.0,46.0,47.0,49.0,54.0,59.0,inferred
West Lindsey,2021-07-08,26.0,31.0,34.8,36.0,37.0,39.0,41.0,43.0,46.0,47.0,49.0,54.0,60.0,inferred
West Lindsey,2021-07-09,23.0,28.0,32.0,33.0,34.0,37.0,39.0,41.0,43.0,45.0,46.0,51.0,58.0,inferred
West Lindsey,2021-07-10,20.0,25.0,28.0,29.0,30.0,32.0,34.0,36.0,39.0,40.0,42.0,45.0,52.0,inferred
West Lindsey,2021-07-11,23.0,27.0,31.0,33.0,34.0,37.0,39.0,41.0,44.0,45.0,47.0,51.0,58.0,inferred
West Lindsey,2021-07-12,36.0,41.9,46.0,48.0,49.0,52.0,55.0,58.0,61.0,62.0,64.0,69.0,78.0,inferred
West Lindsey,2021-07-13,33.0,40.0,44.0,46.0,47.0,50.0,52.0,55.0,58.0,59.0,61.0,66.0,76.0,inferred
West Lindsey,2021-07-14,34.0,39.0,43.0,45.0,46.0,49.0,52.0,54.0,57.0,58.0,60.0,65.0,73.0,inferred
West Lindsey,2021-07-15,31.0,36.0,39.0,41.0,42.7,45.0,47.0,50.0,53.0,54.2,56.0,61.0,69.0,inferred
West Lindsey,2021-07-16,25.0,31.0,34.0,35.0,37.0,39.0,41.0,44.0,47.0,48.0,50.0,56.0,63.0,inferred
West Lindsey,2021-07-17,20.0,25.0,28.0,29.0,30.0,32.0,34.0,36.0,38.0,40.0,41.0,45.0,51.0,inferred
West Lindsey,2021-07-18,19.0,25.0,28.0,30.0,31.0,33.0,35.0,37.0,40.0,41.0,42.0,46.0,53.0,inferred
West Lindsey,2021-07-19,29.0,34.0,38.0,39.0,41.0,43.0,46.0,48.0,51.0,52.0,54.0,59.0,67.0,inferred
West Lindsey,2021-07-20,26.0,31.0,35.0,36.0,38.0,40.0,42.0,45.0,47.0,48.0,50.0,54.0,62.0,inferred
West Lindsey,2021-07-21,24.0,30.0,34.0,35.0,37.0,39.0,41.0,43.0,46.0,48.0,49.0,54.0,62.0,inferred
West Lindsey,2021-07-22,24.0,29.0,32.0,34.0,35.0,38.0,40.0,42.0,44.0,45.0,47.0,52.0,59.0,inferred
West Lindsey,2021-07-23,20.0,25.0,29.0,30.0,31.0,33.0,35.0,37.0,40.0,41.0,43.0,46.0,53.0,inferred
West Lindsey,2021-07-24,16.5,21.0,24.0,25.0,26.0,28.0,30.0,32.0,34.0,35.0,36.0,40.0,48.0,inferred
West Lindsey,2021-07-25,18.0,23.0,25.8,27.0,28.0,30.0,32.0,34.0,36.0,37.0,39.0,44.0,50.0,inferred
West Lindsey,2021-07-26,26.0,32.0,35.0,36.0,38.0,40.0,43.0,45.0,48.0,49.0,51.0,56.0,64.0,inferred
West Lindsey,2021-07-27,25.0,30.0,34.0,35.0,37.0,39.0,41.0,44.0,46.0,48.0,49.0,54.0,62.0,inferred
West Lindsey,2021-07-28,27.0,32.0,35.0,36.0,38.0,40.0,42.0,44.0,47.0,49.0,50.0,54.0,61.0,inferred
West Lindsey,2021-07-29,26.0,31.0,34.0,35.0,37.0,39.0,41.0,43.0,46.0,48.0,49.0,54.0,62.0,inferred
West Lindsey,2021-07-30,23.0,27.0,31.0,33.0,34.0,36.0,38.0,40.0,42.0,44.0,45.0,50.0,57.0,inferred
West Lindsey,2021-07-31,19.0,23.9,27.0,28.0,29.0,31.0,33.0,35.0,37.0,39.0,40.0,44.0,50.0,inferred
West Lindsey,2021-08-01,21.0,25.0,29.0,30.0,31.0,33.0,35.0,37.0,40.0,41.0,43.0,47.0,54.0,inferred
West Lindsey,2021-08-02,31.0,36.0,40.0,42.0,43.0,46.0,48.0,51.0,54.0,56.0,57.2,63.0,71.0,inferred
West Lindsey,2021-08-03,29.0,34.0,39.0,40.0,42.0,44.0,46.0,49.0,51.0,53.0,54.0,59.0,66.0,inferred
West Lindsey,2021-08-04,28.0,34.0,37.0,39.0,40.0,43.0,45.0,48.0,51.0,53.0,54.0,58.1,66.0,inferred
West Lindsey,2021-08-05,28.0,33.0,37.0,38.0,39.0,42.0,44.0,47.0,50.0,51.0,53.0,57.0,64.0,inferred
West Lindsey,2021-08-06,24.0,28.0,32.0,34.0,35.0,37.0,39.0,42.0,44.0,46.0,47.0,52.0,58.0,inferred
West Lindsey,2021-08-07,19.0,24.0,27.0,28.0,29.0,32.0,33.0,36.0,38.0,39.0,41.0,45.0,51.5,inferred
West Lindsey,2021-08-08,21.0,25.0,28.0,30.0,31.0,33.0,36.0,38.0,40.0,41.0,43.0,47.0,54.0,inferred
West Lindsey,2021-08-09,30.0,36.0,40.0,42.0,43.0,46.0,48.0,50.4,53.0,55.0,57.0,61.0,68.5,inferred
West Lindsey,2021-08-10,28.0,33.9,37.0,39.0,40.0,43.0,45.0,48.0,50.0,52.0,53.0,58.0,66.0,inferred
West Lindsey,2021-08-11,29.0,33.0,37.0,39.0,40.0,43.0,46.0,48.0,50.0,52.0,54.0,59.0,67.0,inferred
West Lindsey,2021-08-12,28.0,33.0,37.0,38.0,40.0,42.0,44.0,47.0,50.0,52.0,53.0,58.0,65.0,inferred
West Lindsey,2021-08-13,25.0,29.0,33.0,34.0,35.0,38.0,40.0,42.0,45.0,47.0,48.0,53.0,60.0,inferred
West Lindsey,2021-08-14,21.0,25.0,28.0,29.0,30.0,32.0,34.0,36.0,38.0,39.2,41.0,45.0,52.0,inferred
West Lindsey,2021-08-15,22.0,26.0,30.0,32.0,33.0,35.0,37.0,39.0,41.0,43.0,44.0,49.0,56.0,inferred
West Lindsey,2021-08-16,32.0,38.0,42.0,44.0,45.0,48.0,51.0,53.0,56.0,58.0,60.0,65.0,72.0,inferred
West Lindsey,2021-08-17,31.0,36.0,40.0,42.0,43.0,46.0,48.0,51.0,54.0,55.0,57.0,62.0,69.5,inferred
West Lindsey,2021-08-18,31.0,36.0,40.0,42.0,43.0,45.0,48.0,50.0,53.0,55.0,56.0,61.0,68.0,inferred
West Lindsey,2021-08-19,28.0,34.9,38.0,40.0,42.0,44.0,46.0,48.0,51.0,53.0,55.0,59.0,67.0,inferred
West Lindsey,2021-08-20,25.0,31.0,34.0,35.8,37.0,40.0,42.0,44.0,47.0,48.0,50.0,54.0,63.0,inferred
West Lindsey,2021-08-21,21.0,26.0,29.0,30.0,31.0,34.0,36.0,38.0,40.0,41.0,43.0,47.0,53.5,inferred
West Lindsey,2021-08-22,22.0,27.0,30.0,32.0,33.0,35.0,37.0,40.0,42.0,43.0,45.0,49.0,57.0,inferred
West Lindsey,2021-08-23,33.0,39.0,43.0,44.0,46.0,48.0,51.0,53.0,56.0,58.0,60.0,64.0,72.0,inferred
West Lindsey,2021-08-24,30.0,36.0,40.0,41.0,43.0,45.0,48.0,50.0,53.0,54.0,56.0,61.0,68.0,inferred
West Lindsey,2021-08-25,29.0,35.0,38.0,40.0,41.0,44.0,46.0,49.0,52.0,53.0,55.0,59.0,67.0,inferred
West Lindsey,2021-08-26,27.0,32.0,36.0,38.0,39.0,41.0,44.0,46.0,48.0,50.0,52.0,57.0,63.0,inferred
West Lindsey,2021-08-27,23.0,28.0,32.0,33.0,34.7,37.0,39.0,41.0,44.0,45.0,47.0,51.0,58.0,inferred
West Lindsey,2021-08-28,18.0,23.0,26.0,27.0,28.0,30.0,32.0,34.0,36.0,38.0,39.0,43.0,50.0,inferred
West Lindsey,2021-08-29,20.0,24.0,28.0,29.0,30.0,32.0,34.0,36.0,38.3,40.0,41.0,46.0,54.0,inferred
West Lindsey,2021-08-30,27.0,33.0,37.0,39.0,40.0,43.0,45.0,47.0,50.0,51.0,53.0,58.1,66.0,inferred
West Lindsey,2021-08-31,25.0,30.0,34.0,36.0,37.0,39.0,42.0,44.0,47.0,49.0,50.0,55.0,62.0,inferred
West Lindsey,2021-09-01,25.0,31.0,34.0,36.0,37.0,39.0,41.0,43.0,46.0,47.0,49.0,53.0,61.0,inferred
West Lindsey,2021-09-02,23.0,28.0,31.0,33.0,34.0,36.0,38.0,40.0,43.0,44.0,46.0,50.0,57.0,inferred
West Lindsey,2021-09-03,18.0,23.0,26.0,28.0,29.0,31.0,33.0,35.0,37.0,38.0,40.0,44.0,50.0,inferred
West Lindsey,2021-09-04,15.0,19.0,22.0,23.0,23.0,25.0,27.0,29.0,31.0,32.0,33.2,37.0,43.0,inferred
West Lindsey,2021-09-05,15.0,19.0,22.0,24.0,25.0,27.0,28.0,30.0,32.0,33.0,34.2,38.0,45.0,inferred
West Lindsey,2021-09-06,21.5,26.0,30.0,31.0,32.0,35.0,37.0,39.0,42.0,43.0,45.0,49.0,57.0,inferred
West Lindsey,2021-09-07,20.0,24.0,27.0,29.0,30.0,32.0,34.0,36.0,38.0,40.0,41.0,45.0,52.0,inferred
West Lindsey,2021-09-08,19.0,24.0,27.0,28.0,29.0,31.0,33.0,35.0,37.0,38.0,40.0,44.0,51.0,inferred
West Lindsey,2021-09-09,18.0,22.0,25.0,26.0,28.0,30.0,32.0,34.0,36.0,37.0,39.0,43.0,49.0,inferred
West Lindsey,2021-09-10,16.0,19.9,22.0,24.0,25.0,27.0,28.0,30.0,32.0,34.0,35.0,38.0,44.0,inferred
West Lindsey,2021-09-11,12.0,15.0,18.0,19.0,20.0,21.0,23.0,25.0,27.0,28.0,30.0,33.0,39.0,inferred
West Lindsey,2021-09-12,13.0,16.0,19.0,20.0,21.0,23.0,24.0,26.0,28.0,29.0,31.0,34.0,41.0,inferred
West Lindsey,2021-09-13,18.0,23.0,27.0,28.0,29.0,31.0,33.0,35.0,38.0,39.0,40.0,44.0,52.0,inferred
West Lindsey,2021-09-14,19.0,23.0,26.0,27.0,28.0,30.6,33.0,34.0,37.0,38.0,39.0,43.0,49.0,inferred
West Lindsey,2021-09-15,21.0,25.0,28.0,29.0,31.0,33.0,35.0,37.0,40.0,41.0,43.0,46.0,53.0,inferred
West Lindsey,2021-09-16,22.0,26.0,30.0,31.0,32.0,34.0,36.0,38.4,41.0,42.0,44.0,49.0,56.0,inferred
West Lindsey,2021-09-17,21.0,25.0,29.0,30.0,31.0,33.0,35.0,37.0,40.0,41.0,43.0,47.0,54.0,inferred
West Lindsey,2021-09-18,18.0,23.0,26.0,27.0,28.0,30.0,32.0,34.0,37.0,38.0,39.0,43.0,50.0,inferred
West Lindsey,2021-09-19,22.0,27.0,30.0,31.0,33.0,35.0,37.0,39.0,41.0,43.0,45.0,49.0,55.5,inferred
West Lindsey,2021-09-20,34.0,40.0,44.0,46.0,48.0,50.0,53.0,55.0,58.0,60.0,62.0,67.0,74.0,inferred
West Lindsey,2021-09-21,35.0,40.0,45.0,46.0,48.0,50.0,53.0,55.0,58.0,60.0,62.0,67.0,76.0,inferred
West Lindsey,2021-09-22,37.0,43.0,46.0,48.0,50.0,52.0,55.0,58.0,61.0,63.0,65.0,71.0,78.0,inferred
West Lindsey,2021-09-23,39.0,44.0,48.0,50.0,52.0,54.0,57.0,60.0,63.0,65.0,67.0,73.0,84.0,inferred
West Lindsey,2021-09-24,35.0,41.0,45.0,46.0,48.0,51.0,53.0,56.0,59.0,61.0,63.0,68.0,76.0,inferred
West Lindsey,2021-09-25,30.0,36.0,40.0,41.0,43.0,46.0,48.0,50.0,53.0,55.0,57.0,62.0,70.0,inferred
West Lindsey,2021-09-26,36.0,42.0,46.0,48.0,49.0,51.0,54.0,57.0,60.0,61.0,63.0,68.0,76.5,inferred
West Lindsey,2021-09-27,54.0,61.0,66.0,68.0,70.0,73.0,76.0,79.0,83.0,85.0,87.0,94.0,105.0,inferred
West Lindsey,2021-09-28,51.0,59.9,64.0,66.0,68.0,72.0,75.0,78.0,82.0,83.0,85.0,91.0,101.0,inferred
West Lindsey,2021-09-29,53.0,62.0,67.0,69.0,71.0,74.0,77.0,80.0,83.0,85.0,87.0,93.0,102.0,inferred
West Lindsey,2021-09-30,54.0,61.0,66.0,68.0,70.0,73.0,76.0,80.0,83.0,85.0,87.0,93.0,100.0,inferred
West Lindsey,2021-10-01,48.0,55.0,60.0,62.0,63.7,67.0,70.0,73.0,76.0,78.0,80.0,85.0,95.0,inferred
West Lindsey,2021-10-02,40.0,48.0,52.0,54.0,55.0,58.0,61.0,64.0,67.0,69.0,71.0,76.0,83.0,inferred
West Lindsey,2021-10-03,45.0,52.0,57.0,59.0,61.0,63.0,67.0,70.0,73.0,75.0,77.0,83.0,91.5,inferred
West Lindsey,2021-10-04,67.0,76.0,82.0,84.0,86.0,89.0,93.0,97.0,101.0,103.0,105.0,111.1,121.5,inferred
West Lindsey,2021-10-05,65.0,74.0,79.0,81.0,83.0,87.0,90.0,94.0,98.0,100.0,103.0,109.0,121.0,inferred
West Lindsey,2021-10-06,69.0,76.0,83.0,85.0,87.0,90.0,94.0,97.4,101.0,104.0,106.0,114.0,123.0,inferred
West Lindsey,2021-10-07,69.0,77.0,83.0,85.0,87.0,91.0,94.0,98.0,101.0,103.0,106.0,112.0,123.0,inferred
West Lindsey,2021-10-08,63.0,72.0,77.0,79.0,81.0,85.0,88.0,91.0,95.0,97.0,99.0,106.0,115.0,inferred
West Lindsey,2021-10-09,56.0,63.0,68.0,70.0,72.0,75.0,78.0,81.0,84.0,86.2,89.0,94.1,105.0,inferred
West Lindsey,2021-10-10,61.0,70.0,75.0,77.0,79.0,82.0,86.0,89.0,93.0,95.0,97.0,104.0,115.0,inferred
West Lindsey,2021-10-11,92.0,99.0,106.0,108.0,111.0,115.0,120.0,124.0,128.0,130.0,132.0,140.0,154.0,inferred
West Lindsey,2021-10-12,85.0,94.0,100.8,103.0,106.0,110.0,113.0,117.0,121.0,123.0,126.0,133.0,148.0,inferred
West Lindsey,2021-10-13,83.0,92.0,98.0,101.0,103.0,107.0,111.0,115.0,119.0,121.0,124.0,131.0,140.0,inferred
West Lindsey,2021-10-14,75.0,86.0,91.0,94.0,95.0,99.0,103.0,107.0,111.0,114.0,116.0,124.0,137.0,inferred
West Lindsey,2021-10-15,65.0,74.0,80.0,82.0,84.0,88.0,91.0,95.0,99.0,101.0,104.0,110.1,121.5,inferred
West Lothian,2021-07-03,440.9,526.0,598.8,630.0,660.0,707.6,753.0,812.4,878.0,912.5,953.2,1067.1,1270.6,inferred
West Lothian,2021-07-04,361.0,452.9,533.8,563.0,589.0,638.0,688.0,746.4,805.0,837.2,874.2,990.1,1165.5,inferred
West Lothian,2021-07-05,302.0,391.0,457.0,484.0,508.7,551.6,599.0,643.0,695.3,721.0,754.0,868.0,1045.0,inferred
West Lothian,2021-07-06,346.9,423.0,484.0,510.0,537.0,582.0,624.5,669.4,727.3,766.2,800.0,903.1,1053.6,inferred
West Lothian,2021-07-07,383.5,477.9,546.0,572.0,599.7,654.0,703.5,756.0,813.3,837.0,869.2,975.0,1145.0,inferred
West Lothian,2021-07-08,271.5,361.0,417.0,447.8,474.0,522.0,565.0,613.0,669.0,705.2,735.4,829.0,973.5,inferred
West Lothian,2021-07-09,273.0,360.0,428.0,455.8,483.0,530.6,576.0,620.0,668.0,705.0,745.0,835.1,1010.0,inferred
West Lothian,2021-07-10,324.4,425.9,490.8,512.0,536.0,587.0,631.0,678.4,744.3,780.0,814.0,920.0,1109.5,inferred
West Lothian,2021-07-11,277.0,365.0,428.0,455.8,481.0,533.0,575.0,623.0,677.3,711.0,746.4,853.0,996.0,inferred
West Lothian,2021-07-12,209.0,286.0,344.8,369.0,391.0,432.0,472.5,518.0,571.0,599.0,630.0,732.2,906.0,inferred
West Lothian,2021-07-13,216.9,291.0,349.0,372.0,392.0,432.0,472.5,518.4,571.0,600.0,636.0,727.1,896.5,inferred
West Lothian,2021-07-14,227.5,326.9,392.0,415.0,435.7,480.0,525.5,571.0,620.0,655.2,691.2,783.0,949.1,inferred
West Lothian,2021-07-15,173.5,232.9,291.0,313.0,331.0,365.6,405.0,443.0,496.3,523.2,553.2,651.2,803.0,inferred
West Lothian,2021-07-16,155.9,222.0,277.0,300.0,319.7,355.0,390.0,430.0,479.0,503.2,533.2,613.2,769.5,inferred
West Lothian,2021-07-17,175.5,245.9,307.0,327.0,347.0,389.0,427.5,468.0,518.0,543.2,580.2,661.1,835.5,inferred
West Lothian,2021-07-18,146.0,211.0,263.0,284.0,301.0,338.0,376.0,414.0,454.0,476.0,507.2,597.0,744.5,inferred
West Lothian,2021-07-19,107.0,154.0,199.8,219.0,234.0,261.6,291.0,326.4,372.0,402.0,426.2,509.0,650.5,inferred
West Lothian,2021-07-20,100.0,147.0,196.0,213.0,231.7,264.0,298.5,335.0,373.0,398.2,425.0,503.1,650.5,inferred
West Lothian,2021-07-21,108.5,160.8,211.0,225.0,242.0,276.6,311.0,347.0,385.0,409.2,439.0,517.1,664.5,inferred
West Lothian,2021-07-22,70.0,112.0,151.0,164.0,179.0,204.0,235.0,265.4,301.0,321.2,349.0,415.0,540.5,inferred
West Lothian,2021-07-23,66.0,103.0,136.0,153.0,167.0,196.0,221.0,250.0,285.3,310.0,333.0,414.0,544.6,inferred
West Lothian,2021-07-24,73.0,109.9,149.0,163.0,176.7,210.0,239.0,272.0,312.0,329.0,355.2,424.1,550.6,inferred
West Lothian,2021-07-25,54.0,96.9,125.0,138.0,148.7,174.0,200.0,229.0,264.3,285.0,304.0,372.2,505.0,inferred
West Lothian,2021-07-26,33.5,62.0,88.0,103.0,116.7,138.0,160.0,185.0,219.3,239.0,260.0,318.0,406.5,inferred
West Lothian,2021-07-27,33.0,64.0,92.0,103.0,114.0,137.0,158.0,183.0,217.0,235.2,260.2,322.1,435.6,inferred
West Lothian,2021-07-28,45.0,76.9,107.0,121.0,134.0,160.0,187.0,218.0,250.0,270.2,292.0,353.0,456.0,inferred
West Lothian,2021-07-29,29.0,59.0,86.0,97.0,109.0,131.0,154.0,176.4,208.0,225.2,245.2,303.1,412.7,inferred
West Lothian,2021-07-30,34.0,62.0,89.8,103.0,115.0,139.0,163.0,188.0,214.3,236.2,259.0,320.1,431.0,inferred
West Lothian,2021-07-31,47.5,81.0,109.8,124.0,138.7,162.0,188.0,214.0,244.0,265.0,287.0,347.2,473.6,inferred
West Lothian,2021-08-01,38.5,71.0,98.0,112.0,124.0,149.0,173.0,201.4,229.0,248.0,268.0,337.0,443.0,inferred
West Lothian,2021-08-02,28.0,54.0,79.0,90.0,101.0,120.6,140.0,165.0,195.0,215.0,234.0,299.0,413.5,inferred
West Lothian,2021-08-03,28.5,62.0,91.0,104.0,115.0,136.0,162.5,186.0,219.0,238.0,256.0,324.0,425.5,inferred
West Lothian,2021-08-04,44.0,80.9,110.0,121.0,132.0,158.0,186.0,218.4,251.0,266.0,293.2,367.2,480.5,inferred
West Lothian,2021-08-05,40.0,71.0,95.0,106.0,117.0,140.0,165.0,191.0,222.0,240.0,259.0,316.0,423.6,inferred
West Lothian,2021-08-06,40.5,75.9,103.0,115.0,125.0,146.0,173.0,204.0,236.0,258.0,277.0,341.1,452.5,inferred
West Lothian,2021-08-07,65.0,103.0,136.0,152.0,164.0,192.0,217.0,250.0,282.3,307.0,331.0,394.0,509.5,inferred
West Lothian,2021-08-08,54.0,94.0,127.0,140.0,156.0,183.0,209.0,240.0,275.0,298.0,323.0,389.0,504.0,inferred
West Lothian,2021-08-09,42.5,80.0,111.0,123.0,135.7,164.6,188.5,218.0,253.0,267.0,286.4,355.0,461.0,inferred
West Lothian,2021-08-10,60.0,98.0,129.8,142.0,154.7,185.0,214.0,245.0,280.0,299.2,322.0,385.1,524.5,inferred
West Lothian,2021-08-11,83.5,132.9,170.8,186.0,201.0,228.6,264.0,302.0,340.0,361.2,388.0,463.0,580.6,inferred
West Lothian,2021-08-12,70.5,111.9,147.0,163.8,177.0,203.6,230.0,265.0,302.0,322.0,347.0,417.1,548.6,inferred
West Lothian,2021-08-13,87.0,135.0,173.8,185.0,203.0,227.6,259.5,290.0,328.0,350.0,375.0,449.1,589.6,inferred
West Lothian,2021-08-14,132.0,185.0,229.8,248.0,266.0,294.6,327.0,360.4,404.3,434.0,469.0,540.1,692.1,inferred
West Lothian,2021-08-15,125.0,180.0,217.0,237.8,258.0,296.0,330.0,366.4,415.0,444.0,482.0,562.1,697.7,inferred
West Lothian,2021-08-16,100.0,151.0,194.8,212.0,231.0,266.0,300.0,335.0,379.0,408.2,435.0,513.0,657.0,inferred
West Lothian,2021-08-17,136.0,191.0,243.8,266.0,284.7,324.0,362.0,405.0,447.3,468.0,494.2,576.1,720.2,inferred
West Lothian,2021-08-18,191.5,269.0,325.0,348.8,373.0,414.6,454.0,506.0,555.3,582.5,617.0,710.2,875.0,inferred
West Lothian,2021-08-19,182.0,242.9,295.0,316.8,336.0,384.0,421.0,459.0,505.0,537.0,572.0,667.1,832.5,inferred
West Lothian,2021-08-20,221.5,291.0,349.8,372.8,396.0,438.0,480.0,528.0,579.3,609.2,643.2,743.1,926.1,inferred
West Lothian,2021-08-21,328.0,406.9,479.8,507.0,531.0,579.6,626.0,682.4,736.3,768.0,805.0,907.0,1071.6,inferred
West Lothian,2021-08-22,320.5,411.6,479.8,510.8,539.0,585.0,627.5,672.0,735.0,768.0,805.2,921.2,1076.6,inferred
West Lothian,2021-08-23,285.5,386.9,456.0,487.0,512.7,558.0,611.5,665.0,719.0,754.0,790.2,893.1,1085.5,inferred
West Lothian,2021-08-24,361.4,456.0,540.8,568.0,595.7,646.6,698.0,753.0,817.3,853.2,887.2,990.0,1153.0,inferred
West Lothian,2021-08-25,449.5,570.9,657.8,692.0,724.7,783.0,839.0,894.0,965.0,998.5,1044.0,1178.0,1376.5,inferred
West Lothian,2021-08-26,385.0,498.9,571.0,602.8,629.7,683.0,737.5,792.0,851.0,887.0,927.0,1050.1,1239.6,inferred
West Lothian,2021-08-27,460.5,551.9,628.8,660.0,689.0,741.6,798.0,863.0,925.3,967.2,1005.2,1129.1,1302.0,inferred
West Lothian,2021-08-28,571.4,700.8,797.0,834.8,871.7,932.0,994.5,1064.0,1139.0,1179.0,1223.2,1363.0,1578.7,inferred
West Lothian,2021-08-29,570.4,687.0,777.8,813.0,848.7,901.0,969.0,1033.0,1098.0,1132.0,1178.4,1317.1,1516.2,inferred
West Lothian,2021-08-30,483.0,601.0,692.0,722.8,760.0,816.6,873.0,934.0,1000.0,1046.0,1085.4,1201.1,1410.7,inferred
West Lothian,2021-08-31,531.9,664.0,753.8,787.0,818.0,879.6,943.0,1011.0,1072.0,1117.5,1179.4,1294.2,1552.5,inferred
West Lothian,2021-09-01,642.0,779.0,880.0,923.8,962.0,1025.0,1095.0,1158.0,1235.0,1281.0,1323.2,1468.1,1699.5,inferred
West Lothian,2021-09-02,512.0,625.9,704.0,737.8,772.0,825.6,887.0,952.0,1022.0,1063.0,1115.0,1258.1,1454.1,inferred
West Lothian,2021-09-03,514.3,642.9,740.0,781.8,811.0,870.0,932.5,999.4,1064.0,1098.2,1150.2,1263.0,1479.0,inferred
West Lothian,2021-09-04,621.5,764.7,869.0,901.0,939.0,1004.0,1061.0,1120.4,1208.0,1248.0,1294.0,1412.2,1642.5,inferred
West Lothian,2021-09-05,576.0,706.8,792.8,836.2,868.7,925.0,985.0,1055.0,1127.0,1169.2,1221.2,1346.0,1537.6,inferred
West Lothian,2021-09-06,458.5,567.9,647.0,681.0,713.7,764.6,821.0,872.0,936.0,977.0,1024.0,1152.1,1383.5,inferred
West Lothian,2021-09-07,442.4,562.0,644.0,690.0,720.7,781.0,841.0,908.4,970.0,1017.2,1052.2,1170.0,1378.8,inferred
West Lothian,2021-09-08,497.5,606.0,698.8,732.0,768.0,837.0,901.0,964.0,1037.3,1070.0,1118.0,1246.1,1455.1,inferred
West Lothian,2021-09-09,330.5,425.9,494.8,530.0,555.7,606.0,653.0,704.4,767.0,801.2,844.2,951.1,1136.0,inferred
West Lothian,2021-09-10,315.0,406.9,473.8,500.5,527.0,577.0,625.0,678.4,736.0,762.2,796.0,906.1,1053.6,inferred
West Lothian,2021-09-11,326.0,418.0,486.0,516.8,540.7,589.6,635.0,691.8,750.0,780.2,819.0,926.0,1102.7,inferred
West Lothian,2021-09-12,238.0,318.0,378.0,404.0,424.0,479.0,525.0,577.4,629.0,656.2,696.0,798.1,980.0,inferred
West Lothian,2021-09-13,175.0,233.9,282.8,307.8,329.0,368.6,404.0,450.0,507.0,530.0,559.0,644.0,761.2,inferred
West Lothian,2021-09-14,159.9,227.9,284.8,310.0,331.0,368.0,403.0,438.0,486.3,515.0,546.0,638.1,785.0,inferred
West Lothian,2021-09-15,182.5,257.0,313.0,337.8,361.7,397.6,435.0,476.4,525.0,554.2,588.2,679.3,863.6,inferred
West Lothian,2021-09-16,130.0,183.0,233.0,256.0,276.7,311.0,341.5,380.0,427.3,452.2,481.0,567.0,702.5,inferred
West Lothian,2021-09-17,119.5,183.9,229.0,248.0,265.7,301.6,337.0,372.4,418.0,440.2,469.2,552.0,706.0,inferred
West Lothian,2021-09-18,146.0,204.0,260.0,280.0,300.0,337.0,374.0,412.0,457.0,479.2,511.0,599.1,750.0,inferred
West Lothian,2021-09-19,117.5,173.0,219.0,239.8,256.7,293.0,329.5,367.0,403.3,425.0,451.2,536.1,686.1,inferred
West Lothian,2021-09-20,76.5,130.0,169.0,184.8,200.0,230.0,260.0,295.0,332.0,353.0,379.0,456.0,592.0,inferred
West Lothian,2021-09-21,80.5,146.9,188.0,205.0,222.0,251.0,286.0,319.4,358.0,384.2,420.0,489.0,625.5,inferred
West Lothian,2021-09-22,132.0,186.0,234.0,255.8,273.0,311.6,347.5,385.0,423.3,449.0,482.0,551.1,666.5,inferred
West Lothian,2021-09-23,110.5,157.0,194.8,213.0,231.7,260.0,291.0,322.4,363.0,387.2,422.2,497.1,620.0,inferred
West Lothian,2021-09-24,114.5,170.0,214.0,231.0,252.0,282.0,315.0,351.0,392.0,419.2,451.2,530.2,687.0,inferred
West Lothian,2021-09-25,151.5,218.9,267.0,291.0,303.7,343.0,385.0,434.0,479.0,502.0,536.0,627.1,771.0,inferred
West Lothian,2021-09-26,144.0,210.9,258.0,279.0,296.0,335.0,374.5,413.4,459.0,489.2,519.2,607.1,768.0,inferred
West Lothian,2021-09-27,129.4,177.9,221.8,240.0,260.7,299.0,332.0,369.0,416.0,436.0,462.0,547.0,692.0,inferred
West Lothian,2021-09-28,132.5,199.0,248.8,272.0,287.0,323.6,361.0,401.4,441.0,466.0,493.0,587.1,762.5,inferred
West Lothian,2021-09-29,166.0,236.0,289.0,310.0,331.0,370.0,411.0,455.0,500.0,525.2,552.2,653.0,783.0,inferred
West Lothian,2021-09-30,128.9,187.0,233.8,255.8,274.0,308.0,338.0,375.0,417.0,442.2,471.2,553.0,708.1,inferred
West Lothian,2021-10-01,136.0,193.0,240.8,257.0,277.7,315.6,352.0,393.0,438.0,465.2,496.0,575.1,744.5,inferred
West Lothian,2021-10-02,174.5,240.9,289.8,312.0,331.0,374.0,409.0,447.0,491.0,520.0,553.2,654.2,821.6,inferred
West Lothian,2021-10-03,149.5,214.9,268.0,289.8,308.0,339.6,378.0,417.0,460.3,486.2,517.0,600.1,788.0,inferred
West Lothian,2021-10-04,116.0,166.0,213.8,235.8,254.0,288.6,323.5,362.0,405.0,433.2,466.2,551.1,679.6,inferred
West Lothian,2021-10-05,132.5,196.9,244.8,263.0,282.0,310.0,347.5,388.4,430.0,456.0,487.0,567.2,702.1,inferred
West Lothian,2021-10-06,183.0,235.9,287.0,307.0,328.7,365.6,400.0,441.4,486.0,512.2,544.2,631.0,768.0,inferred
West Lothian,2021-10-07,121.0,180.0,227.0,244.8,269.0,303.0,343.0,374.0,424.0,445.0,472.0,564.0,682.0,inferred
West Lothian,2021-10-08,141.4,207.9,253.0,271.0,290.0,323.0,353.0,387.4,434.0,460.0,492.0,579.0,723.1,inferred
West Lothian,2021-10-09,168.4,241.0,294.8,319.0,344.0,383.0,420.0,459.0,512.3,544.2,575.2,662.0,793.1,inferred
West Lothian,2021-10-10,164.4,223.9,281.8,300.8,323.0,356.6,393.0,433.0,482.0,510.2,539.2,625.2,763.6,inferred
West Lothian,2021-10-11,120.0,182.8,227.0,246.0,264.0,298.0,334.0,370.4,411.0,436.0,466.2,549.0,699.0,inferred
West Lothian,2021-10-12,140.0,194.0,244.0,263.0,285.7,321.6,360.0,398.0,444.0,478.2,510.0,602.1,749.0,inferred
West Lothian,2021-10-13,181.0,244.0,299.0,324.0,352.0,389.0,431.0,471.0,517.0,546.0,582.2,693.0,855.0,inferred
West Lothian,2021-10-14,132.0,199.0,244.0,268.0,285.0,315.6,356.0,395.4,443.3,470.2,498.0,598.0,788.6,inferred
West Lothian,2021-10-15,128.9,195.0,252.0,274.0,294.7,334.6,370.0,418.0,468.3,492.0,534.2,623.1,802.0,inferred
West Oxfordshire,2021-07-03,14.0,18.0,22.0,23.0,24.0,26.0,29.0,31.0,33.0,35.0,37.0,41.0,49.0,inferred
West Oxfordshire,2021-07-04,18.0,23.0,26.0,27.0,29.0,31.0,33.0,36.0,38.0,40.0,41.0,45.0,53.5,inferred
West Oxfordshire,2021-07-05,29.0,35.0,39.0,41.0,42.0,45.0,48.0,50.0,53.0,55.0,57.0,62.0,72.0,inferred
West Oxfordshire,2021-07-06,30.0,36.0,40.0,42.0,43.0,46.0,49.0,51.0,54.0,56.0,58.0,63.0,71.0,inferred
West Oxfordshire,2021-07-07,33.0,39.0,43.0,44.0,46.0,49.0,52.0,54.0,57.0,59.0,61.0,66.0,75.0,inferred
West Oxfordshire,2021-07-08,33.0,39.0,43.0,45.0,46.0,49.0,52.0,55.0,58.0,59.0,62.0,67.0,75.0,inferred
West Oxfordshire,2021-07-09,32.0,38.0,42.0,44.0,46.0,48.0,50.0,53.0,57.0,58.0,60.0,65.0,74.0,inferred
West Oxfordshire,2021-07-10,27.5,33.0,37.0,39.0,41.0,43.0,46.0,48.0,51.0,53.0,55.0,60.0,67.0,inferred
West Oxfordshire,2021-07-11,30.0,37.0,41.0,43.0,44.0,47.0,50.0,52.4,56.0,58.0,59.0,64.0,74.0,inferred
West Oxfordshire,2021-07-12,46.0,54.0,59.0,61.0,63.0,67.0,70.0,74.0,77.0,80.0,81.0,89.0,98.0,inferred
West Oxfordshire,2021-07-13,44.0,53.0,58.0,60.0,62.0,66.0,70.0,73.0,77.0,79.0,82.0,87.1,96.0,inferred
West Oxfordshire,2021-07-14,46.0,52.0,58.0,60.0,61.7,65.0,68.0,71.0,75.0,77.0,79.0,85.1,96.0,inferred
West Oxfordshire,2021-07-15,40.5,48.0,53.0,55.0,57.0,60.0,63.0,66.0,70.0,72.0,74.0,80.0,88.0,inferred
West Oxfordshire,2021-07-16,35.0,41.0,46.0,48.0,50.0,53.0,56.0,59.0,62.0,64.0,66.0,72.0,83.0,inferred
West Oxfordshire,2021-07-17,28.0,34.0,38.0,40.0,41.0,44.0,46.0,49.0,52.0,54.0,56.0,62.0,70.5,inferred
West Oxfordshire,2021-07-18,28.0,33.0,37.0,39.0,40.0,43.0,46.0,49.0,52.0,53.0,55.0,61.0,69.5,inferred
West Oxfordshire,2021-07-19,36.0,45.0,50.0,51.0,53.0,56.0,59.0,62.0,66.0,69.0,71.0,77.0,88.0,inferred
West Oxfordshire,2021-07-20,34.0,41.0,45.0,47.0,48.0,52.0,55.0,58.0,61.0,63.0,65.0,70.0,79.0,inferred
West Oxfordshire,2021-07-21,32.0,37.9,42.0,44.0,45.0,48.0,51.0,54.0,57.0,59.0,61.0,67.0,74.0,inferred
West Oxfordshire,2021-07-22,26.0,33.0,37.0,39.0,40.0,43.0,45.5,48.0,51.0,52.2,54.0,60.0,67.0,inferred
West Oxfordshire,2021-07-23,22.0,28.0,31.0,33.0,34.0,37.0,39.0,41.0,44.0,46.0,48.0,52.0,61.0,inferred
West Oxfordshire,2021-07-24,16.0,20.0,24.0,25.0,27.0,29.0,31.0,33.0,36.0,38.0,39.2,44.0,51.0,inferred
West Oxfordshire,2021-07-25,15.0,19.0,22.0,24.0,25.0,27.0,29.0,32.0,34.0,36.0,37.0,42.0,49.5,inferred
West Oxfordshire,2021-07-26,22.0,26.0,30.0,31.0,33.0,35.0,38.0,40.0,43.0,44.0,46.0,50.0,59.0,inferred
West Oxfordshire,2021-07-27,18.0,23.0,27.0,28.0,30.0,32.0,34.0,37.0,39.0,40.2,42.0,48.0,56.0,inferred
West Oxfordshire,2021-07-28,18.0,23.0,26.0,28.0,29.0,32.0,34.0,36.0,39.0,40.0,42.0,45.0,54.0,inferred
West Oxfordshire,2021-07-29,17.0,21.0,24.0,25.0,26.0,29.0,31.0,33.0,36.0,37.0,39.0,43.0,50.0,inferred
West Oxfordshire,2021-07-30,14.0,18.0,21.0,22.0,24.0,26.0,28.0,30.0,32.0,33.0,35.0,39.0,46.0,inferred
West Oxfordshire,2021-07-31,11.0,15.0,18.0,19.0,20.0,22.0,24.0,26.0,28.0,29.0,31.0,35.0,40.0,inferred
West Oxfordshire,2021-08-01,11.0,14.0,17.0,18.0,19.0,21.0,23.0,25.0,27.0,29.0,30.0,34.0,41.0,inferred
West Oxfordshire,2021-08-02,16.0,21.0,24.0,25.0,27.0,29.0,31.0,33.0,36.0,38.0,39.0,44.0,51.5,inferred
West Oxfordshire,2021-08-03,17.0,21.0,24.0,25.0,26.0,28.0,31.0,33.0,36.0,37.0,38.0,42.0,49.5,inferred
West Oxfordshire,2021-08-04,17.0,22.0,25.0,27.0,28.0,30.0,32.0,34.4,37.0,38.0,40.0,45.0,53.0,inferred
West Oxfordshire,2021-08-05,17.0,22.0,25.0,26.0,28.0,30.0,32.0,35.0,38.0,39.0,40.0,44.0,52.0,inferred
West Oxfordshire,2021-08-06,16.0,21.0,24.0,26.0,27.0,29.0,31.0,34.0,36.0,38.0,40.0,44.0,51.0,inferred
West Oxfordshire,2021-08-07,14.0,18.0,21.0,23.0,24.0,26.0,28.0,30.0,33.0,34.0,35.0,39.0,47.0,inferred
West Oxfordshire,2021-08-08,14.0,19.0,23.0,24.0,25.0,28.0,30.0,32.0,35.0,36.0,38.0,42.0,48.0,inferred
West Oxfordshire,2021-08-09,24.0,29.0,34.0,35.0,37.0,40.0,42.0,44.4,47.0,49.0,51.0,56.0,64.0,inferred
West Oxfordshire,2021-08-10,26.0,30.0,34.0,36.0,38.0,40.0,43.0,46.0,48.0,50.0,52.0,57.0,66.0,inferred
West Oxfordshire,2021-08-11,28.0,33.0,37.0,39.0,40.0,43.0,45.0,48.0,51.0,53.0,54.0,60.0,68.5,inferred
West Oxfordshire,2021-08-12,28.0,33.0,37.0,39.0,40.0,43.0,45.0,49.0,52.0,54.0,56.0,61.0,70.0,inferred
West Oxfordshire,2021-08-13,26.0,33.0,37.0,38.0,40.0,43.0,46.0,49.0,51.0,53.0,55.0,59.0,68.0,inferred
West Oxfordshire,2021-08-14,23.0,29.0,33.0,34.0,36.0,38.0,40.0,43.0,46.0,48.0,50.0,54.0,62.5,inferred
West Oxfordshire,2021-08-15,27.0,32.0,36.0,37.0,39.0,41.0,44.0,47.0,50.0,52.0,54.0,58.0,66.5,inferred
West Oxfordshire,2021-08-16,39.5,47.0,52.0,54.0,56.0,59.0,62.0,66.0,69.0,71.0,74.0,79.0,90.0,inferred
West Oxfordshire,2021-08-17,39.0,47.0,51.0,53.0,55.0,58.0,61.0,64.0,67.0,69.0,71.0,78.0,88.0,inferred
West Oxfordshire,2021-08-18,38.5,46.0,51.0,53.0,55.0,58.0,61.0,64.0,68.0,70.0,72.0,78.0,87.0,inferred
West Oxfordshire,2021-08-19,35.0,42.0,47.0,49.0,50.0,53.0,56.0,59.0,62.0,64.0,67.0,73.0,82.0,inferred
West Oxfordshire,2021-08-20,30.5,37.0,42.0,44.0,45.0,49.0,52.0,55.0,58.0,59.0,61.0,67.0,77.0,inferred
West Oxfordshire,2021-08-21,24.5,30.0,34.0,36.0,37.0,40.0,42.0,45.0,48.0,50.0,52.0,57.0,64.5,inferred
West Oxfordshire,2021-08-22,24.0,31.0,35.0,36.0,38.0,40.0,43.0,46.0,48.3,50.0,52.0,57.0,67.0,inferred
West Oxfordshire,2021-08-23,35.0,41.0,46.0,48.0,49.0,53.0,55.5,59.0,62.0,64.0,66.0,73.0,82.0,inferred
West Oxfordshire,2021-08-24,33.0,39.0,44.0,46.0,48.0,51.0,53.0,57.0,60.0,62.0,63.0,69.0,79.0,inferred
West Oxfordshire,2021-08-25,34.0,40.0,45.0,46.8,48.0,51.0,54.0,57.0,60.0,62.0,64.0,69.0,79.0,inferred
West Oxfordshire,2021-08-26,32.0,38.0,42.0,44.0,45.0,48.0,51.0,54.0,57.0,59.0,61.0,68.0,77.5,inferred
West Oxfordshire,2021-08-27,30.0,35.0,39.0,41.0,42.0,46.0,48.0,51.0,54.0,56.0,57.0,62.0,71.5,inferred
West Oxfordshire,2021-08-28,24.0,29.0,33.0,34.0,36.0,38.0,41.0,43.0,46.0,48.0,50.0,55.0,63.5,inferred
West Oxfordshire,2021-08-29,26.0,31.0,35.0,36.0,38.0,40.0,43.0,45.0,48.0,50.0,52.0,58.0,66.5,inferred
West Oxfordshire,2021-08-30,37.0,44.0,49.0,51.0,53.0,56.0,59.0,62.0,66.0,68.0,70.0,76.0,86.0,inferred
West Oxfordshire,2021-08-31,36.0,43.0,47.0,49.8,51.0,54.0,57.0,60.0,64.0,65.0,67.0,74.0,83.0,inferred
West Oxfordshire,2021-09-01,36.0,43.0,47.0,49.0,51.0,55.0,58.0,61.0,64.0,67.0,69.0,74.0,85.0,inferred
West Oxfordshire,2021-09-02,35.0,42.0,46.0,48.0,49.0,52.0,55.0,58.0,61.0,63.0,65.0,71.0,80.0,inferred
West Oxfordshire,2021-09-03,31.0,38.0,42.0,44.0,45.0,48.0,51.0,54.0,57.0,58.0,60.0,66.1,75.0,inferred
West Oxfordshire,2021-09-04,26.0,32.0,35.0,37.0,38.0,41.0,44.0,46.0,49.0,51.0,53.0,57.1,66.0,inferred
West Oxfordshire,2021-09-05,25.5,32.0,36.0,38.0,39.0,42.0,45.0,48.0,50.0,52.0,54.0,59.0,68.0,inferred
West Oxfordshire,2021-09-06,37.0,44.0,49.0,51.0,53.0,56.0,59.0,62.0,65.0,68.0,70.0,76.0,84.5,inferred
West Oxfordshire,2021-09-07,35.0,41.0,46.0,47.0,49.0,52.0,55.0,58.4,62.0,64.0,66.0,71.0,81.0,inferred
West Oxfordshire,2021-09-08,33.0,39.9,44.0,45.0,47.0,51.0,53.0,56.0,59.0,62.0,64.0,70.0,78.0,inferred
West Oxfordshire,2021-09-09,29.0,35.0,40.0,42.0,43.0,46.0,49.0,52.0,55.0,57.0,59.0,64.0,74.0,inferred
West Oxfordshire,2021-09-10,25.0,31.0,35.0,37.0,38.0,41.0,43.0,46.0,49.0,51.0,52.0,58.0,67.0,inferred
West Oxfordshire,2021-09-11,20.0,24.0,28.0,29.0,31.0,33.0,35.0,37.0,40.0,41.0,43.0,48.0,54.0,inferred
West Oxfordshire,2021-09-12,19.0,23.0,27.0,28.0,30.0,32.0,34.0,37.0,39.3,41.0,43.0,48.0,55.0,inferred
West Oxfordshire,2021-09-13,27.0,33.0,37.0,39.0,40.0,42.0,45.0,48.0,51.0,52.0,54.0,59.0,67.0,inferred
West Oxfordshire,2021-09-14,24.0,30.0,34.0,36.0,37.0,40.0,42.0,46.0,48.0,50.0,52.0,57.0,66.0,inferred
West Oxfordshire,2021-09-15,25.0,31.0,35.0,37.0,38.0,40.0,43.0,45.0,48.0,50.0,52.0,57.0,65.0,inferred
West Oxfordshire,2021-09-16,25.0,30.0,33.8,35.0,37.0,39.0,42.0,44.0,47.0,49.0,50.2,55.0,62.5,inferred
West Oxfordshire,2021-09-17,22.0,27.0,31.0,33.0,34.0,37.0,39.0,42.0,45.0,47.0,49.0,53.0,61.0,inferred
West Oxfordshire,2021-09-18,18.0,24.0,27.0,29.0,30.0,32.0,34.0,37.0,39.0,41.0,43.0,47.0,54.0,inferred
West Oxfordshire,2021-09-19,20.0,25.0,28.0,30.0,31.0,33.0,35.0,38.0,41.0,43.0,44.0,49.0,56.0,inferred
West Oxfordshire,2021-09-20,29.0,35.0,39.0,41.0,43.0,46.0,48.0,51.0,54.0,56.0,58.0,63.1,73.0,inferred
West Oxfordshire,2021-09-21,29.0,35.0,39.0,40.0,42.0,45.0,48.0,50.4,54.0,55.0,57.0,62.0,70.0,inferred
West Oxfordshire,2021-09-22,30.0,36.0,40.0,42.0,43.0,46.0,49.0,52.0,55.0,56.0,58.0,64.0,72.0,inferred
West Oxfordshire,2021-09-23,29.0,35.0,39.0,41.0,42.0,45.0,48.0,51.0,54.0,56.0,58.0,63.0,72.0,inferred
West Oxfordshire,2021-09-24,27.0,33.0,37.0,38.0,40.0,42.0,45.0,48.0,51.0,53.0,55.0,60.0,67.0,inferred
West Oxfordshire,2021-09-25,22.0,28.0,32.0,33.0,35.0,37.0,39.0,42.0,44.0,46.0,48.0,52.0,59.0,inferred
West Oxfordshire,2021-09-26,24.0,29.0,33.0,34.0,36.0,38.0,41.0,44.0,47.0,48.0,50.0,55.0,64.0,inferred
West Oxfordshire,2021-09-27,36.0,43.0,47.0,49.0,51.0,54.0,57.0,60.0,63.0,65.0,67.0,73.0,82.5,inferred
West Oxfordshire,2021-09-28,35.0,42.0,46.0,48.0,50.0,53.0,56.0,58.0,62.0,63.0,65.0,71.0,78.5,inferred
West Oxfordshire,2021-09-29,36.0,43.0,47.0,49.0,51.0,54.0,57.0,60.0,64.0,66.0,68.0,74.1,84.0,inferred
West Oxfordshire,2021-09-30,36.0,42.0,46.0,48.0,49.0,52.0,55.0,58.0,61.0,63.0,65.0,70.0,80.0,inferred
West Oxfordshire,2021-10-01,33.0,39.0,43.0,45.0,46.0,49.0,52.0,55.0,58.0,60.0,62.0,67.0,77.0,inferred
West Oxfordshire,2021-10-02,27.0,33.0,37.0,39.0,41.0,43.0,46.0,48.0,52.0,53.0,55.0,61.0,68.0,inferred
West Oxfordshire,2021-10-03,29.5,36.0,40.0,42.0,43.0,46.0,49.0,52.0,55.0,57.0,59.0,63.0,72.0,inferred
West Oxfordshire,2021-10-04,44.0,51.0,56.0,58.0,59.0,63.0,66.0,69.0,73.0,75.0,78.0,85.0,94.5,inferred
West Oxfordshire,2021-10-05,41.0,50.0,55.0,57.0,59.0,63.0,66.0,69.0,73.0,75.0,78.0,84.0,94.0,inferred
West Oxfordshire,2021-10-06,45.0,52.0,57.0,59.0,61.0,65.0,68.0,71.0,75.0,77.0,79.2,86.0,98.0,inferred
West Oxfordshire,2021-10-07,45.0,52.0,56.0,58.0,60.0,63.0,66.0,70.0,73.0,75.0,78.0,84.0,93.5,inferred
West Oxfordshire,2021-10-08,42.0,49.0,53.0,55.0,57.0,60.0,63.0,67.0,70.0,72.0,74.0,80.0,90.5,inferred
West Oxfordshire,2021-10-09,36.5,42.0,46.0,48.0,50.0,53.0,56.0,59.0,62.0,64.0,66.0,72.0,82.0,inferred
West Oxfordshire,2021-10-10,37.5,44.0,49.0,51.0,52.0,56.0,59.0,62.0,65.0,67.0,69.0,75.0,85.0,inferred
West Oxfordshire,2021-10-11,55.0,63.0,70.0,72.0,74.0,78.0,82.0,86.0,89.0,92.0,94.0,100.0,114.0,inferred
West Oxfordshire,2021-10-12,55.0,64.0,70.0,72.0,74.0,78.0,82.0,85.0,89.0,91.0,94.0,100.0,110.0,inferred
West Oxfordshire,2021-10-13,56.5,65.0,71.0,73.0,75.0,79.0,83.0,86.4,91.0,94.0,96.0,105.0,117.5,inferred
West Oxfordshire,2021-10-14,54.0,64.0,69.0,72.0,74.0,78.0,82.0,86.0,91.0,93.0,95.0,103.0,115.5,inferred
West Oxfordshire,2021-10-15,51.0,60.0,65.0,68.0,70.0,74.0,78.0,82.0,87.0,89.0,92.0,99.0,111.0,inferred
West Suffolk,2021-07-03,6.0,10.0,12.0,14.0,15.0,17.0,18.0,20.0,22.0,23.2,25.0,29.0,36.0,inferred
West Suffolk,2021-07-04,7.0,11.0,13.0,15.0,15.0,18.0,20.0,22.0,24.0,25.0,26.0,30.0,37.0,inferred
West Suffolk,2021-07-05,12.0,17.0,20.0,21.0,22.0,24.0,26.0,29.0,32.0,33.0,35.0,39.0,48.0,inferred
West Suffolk,2021-07-06,13.0,17.0,20.0,22.0,23.0,25.0,28.0,30.0,32.0,34.0,35.2,40.0,49.0,inferred
West Suffolk,2021-07-07,14.0,19.0,23.0,24.0,26.0,28.0,30.0,33.0,36.0,37.0,39.0,44.0,51.5,inferred
West Suffolk,2021-07-08,17.0,22.0,25.0,26.0,28.0,30.0,33.0,36.0,38.0,40.0,41.2,46.0,57.0,inferred
West Suffolk,2021-07-09,17.0,22.0,25.0,27.0,28.0,31.0,33.0,36.0,39.0,40.0,42.0,48.0,56.5,inferred
West Suffolk,2021-07-10,15.0,20.0,24.0,25.0,27.0,29.0,31.0,34.0,37.0,38.0,40.0,45.0,52.0,inferred
West Suffolk,2021-07-11,18.0,23.9,27.0,28.0,30.0,33.0,35.0,38.0,41.0,43.0,45.0,50.0,60.0,inferred
West Suffolk,2021-07-12,30.0,37.0,42.0,44.0,46.0,50.0,53.0,57.0,60.0,63.0,65.2,72.0,82.0,inferred
West Suffolk,2021-07-13,31.0,39.0,43.0,46.0,48.0,51.0,54.0,57.0,62.0,63.0,66.0,71.0,84.5,inferred
West Suffolk,2021-07-14,34.0,41.0,46.0,49.0,51.0,54.0,57.0,61.0,64.0,67.0,70.0,77.1,89.5,inferred
West Suffolk,2021-07-15,35.0,42.0,46.0,48.0,50.0,53.0,57.0,60.0,64.0,66.0,68.0,75.0,87.0,inferred
West Suffolk,2021-07-16,33.0,40.0,44.0,46.0,47.0,51.0,54.0,57.0,61.0,63.2,66.0,73.0,83.0,inferred
West Suffolk,2021-07-17,26.5,32.0,37.0,39.0,41.0,44.0,46.0,50.0,53.0,55.0,57.0,64.0,74.0,inferred
West Suffolk,2021-07-18,28.0,35.0,40.0,41.0,43.0,46.0,49.0,53.0,56.0,58.0,61.0,67.0,78.0,inferred
West Suffolk,2021-07-19,42.5,51.0,56.0,59.0,61.0,64.0,68.0,72.0,76.0,79.0,81.0,88.0,101.0,inferred
West Suffolk,2021-07-20,39.0,47.0,53.0,55.0,57.0,61.0,65.0,69.0,74.0,76.0,79.0,86.0,98.0,inferred
West Suffolk,2021-07-21,39.0,46.0,52.0,54.0,56.0,60.0,64.0,67.4,71.0,73.0,76.0,83.0,96.0,inferred
West Suffolk,2021-07-22,34.0,42.0,46.0,48.0,50.0,54.0,57.0,61.0,65.0,67.0,69.0,76.0,86.0,inferred
West Suffolk,2021-07-23,30.0,36.0,41.0,43.0,45.0,48.0,51.0,55.0,58.0,60.0,62.0,69.0,79.0,inferred
West Suffolk,2021-07-24,22.0,28.0,32.0,34.0,36.0,38.0,42.0,45.0,49.0,51.0,53.0,59.0,69.0,inferred
West Suffolk,2021-07-25,23.0,29.0,33.0,35.0,36.0,39.0,42.0,45.0,48.0,50.0,52.0,58.0,68.0,inferred
West Suffolk,2021-07-26,32.0,39.0,44.0,46.0,48.0,51.0,54.0,57.0,61.0,63.0,65.0,73.0,84.0,inferred
West Suffolk,2021-07-27,29.0,36.0,41.0,43.0,45.0,48.0,51.0,54.0,59.0,61.0,63.0,71.0,82.5,inferred
West Suffolk,2021-07-28,31.0,38.0,43.0,45.0,47.0,50.0,53.0,57.0,61.0,63.0,66.0,72.0,81.5,inferred
West Suffolk,2021-07-29,30.0,38.0,42.0,44.0,46.0,49.0,52.0,56.0,59.0,61.0,64.0,70.0,82.0,inferred
West Suffolk,2021-07-30,28.0,35.0,39.0,41.0,42.0,46.0,49.0,52.0,55.0,57.0,59.0,65.0,76.0,inferred
West Suffolk,2021-07-31,23.0,29.0,33.0,35.0,36.0,39.0,42.0,45.0,48.0,50.0,52.0,59.0,70.0,inferred
West Suffolk,2021-08-01,24.0,31.0,36.0,38.0,39.0,42.0,46.0,49.0,52.0,53.0,56.0,62.0,73.0,inferred
West Suffolk,2021-08-02,36.0,44.0,49.0,51.8,53.0,58.0,61.0,65.0,69.0,71.0,74.0,82.0,93.0,inferred
West Suffolk,2021-08-03,35.0,43.0,48.0,50.0,52.0,55.0,59.0,62.0,66.0,69.0,71.2,79.0,88.5,inferred
West Suffolk,2021-08-04,38.0,45.0,50.8,52.0,54.0,58.0,61.5,65.0,69.0,71.0,74.0,81.0,92.0,inferred
West Suffolk,2021-08-05,36.0,43.0,49.0,51.0,52.0,56.0,59.0,63.0,67.0,70.0,72.0,79.0,89.0,inferred
West Suffolk,2021-08-06,33.0,40.0,45.0,47.0,49.0,52.0,55.0,59.0,63.0,65.0,67.0,74.0,84.5,inferred
West Suffolk,2021-08-07,28.0,34.0,38.0,40.0,42.0,45.0,48.0,51.0,54.0,56.0,58.0,64.0,75.0,inferred
West Suffolk,2021-08-08,29.0,35.0,40.0,42.0,43.0,47.0,50.0,53.0,57.0,58.2,61.0,67.0,77.0,inferred
West Suffolk,2021-08-09,43.0,51.0,57.0,59.0,61.0,65.0,69.0,73.0,77.0,79.0,82.0,90.0,103.0,inferred
West Suffolk,2021-08-10,42.0,48.0,54.0,56.0,59.0,62.0,67.0,70.0,75.0,77.0,80.0,88.0,98.5,inferred
West Suffolk,2021-08-11,43.0,52.0,57.0,59.0,61.0,65.0,69.0,72.0,77.0,79.0,81.0,88.0,101.5,inferred
West Suffolk,2021-08-12,41.0,49.0,55.0,58.0,60.0,64.0,67.0,71.0,74.0,77.0,80.0,86.0,97.0,inferred
West Suffolk,2021-08-13,38.0,46.0,51.0,53.0,56.0,59.0,62.0,66.0,70.0,72.0,75.0,81.0,92.0,inferred
West Suffolk,2021-08-14,31.0,38.0,43.0,45.0,47.0,50.0,53.0,57.0,61.0,62.0,65.0,72.0,82.0,inferred
West Suffolk,2021-08-15,34.0,41.0,46.0,48.0,50.0,53.0,57.0,61.0,64.0,66.0,68.0,75.0,85.5,inferred
West Suffolk,2021-08-16,48.0,57.0,65.0,68.0,70.0,73.0,77.0,81.0,85.0,87.0,90.0,96.0,110.0,inferred
West Suffolk,2021-08-17,48.0,55.9,61.0,64.0,66.0,70.0,74.0,78.0,82.0,85.0,88.0,94.0,107.5,inferred
West Suffolk,2021-08-18,47.0,55.0,61.0,64.0,66.0,70.0,74.0,78.0,82.0,85.0,87.0,95.0,108.0,inferred
West Suffolk,2021-08-19,43.0,52.0,58.0,60.0,63.0,66.0,70.0,75.0,79.0,81.0,84.0,90.1,102.5,inferred
West Suffolk,2021-08-20,39.0,47.0,53.0,55.0,57.0,61.0,64.0,68.0,72.0,74.0,76.0,83.0,94.0,inferred
West Suffolk,2021-08-21,31.0,38.0,43.0,46.0,47.0,51.0,54.0,57.0,60.0,63.0,65.2,73.1,83.5,inferred
West Suffolk,2021-08-22,33.0,40.0,45.0,47.0,49.0,53.0,56.0,60.0,63.0,65.0,68.0,74.0,85.0,inferred
West Suffolk,2021-08-23,47.0,56.0,62.0,64.0,66.0,71.0,75.0,79.0,82.3,85.0,88.0,97.0,110.5,inferred
West Suffolk,2021-08-24,45.0,53.9,59.0,62.0,64.0,68.0,72.0,76.0,80.0,83.0,86.0,93.0,106.0,inferred
West Suffolk,2021-08-25,46.0,55.0,61.0,63.0,65.0,69.0,73.0,77.0,81.0,84.0,87.0,95.0,108.0,inferred
West Suffolk,2021-08-26,44.0,53.0,59.0,61.0,63.0,67.0,71.0,75.0,80.0,82.0,85.0,93.0,107.5,inferred
West Suffolk,2021-08-27,42.0,49.0,55.0,58.0,60.0,63.0,67.0,70.0,75.0,77.0,80.0,87.0,100.0,inferred
West Suffolk,2021-08-28,35.0,42.0,47.0,49.0,51.0,54.0,57.0,61.0,65.0,67.0,69.0,76.0,88.0,inferred
West Suffolk,2021-08-29,35.0,44.0,50.0,51.8,53.0,57.0,60.0,63.0,68.0,70.0,72.0,79.0,88.0,inferred
West Suffolk,2021-08-30,53.0,61.0,68.0,70.0,73.0,78.0,82.0,86.0,91.0,93.0,97.0,106.0,118.0,inferred
West Suffolk,2021-08-31,50.0,60.0,66.0,68.0,70.0,75.0,79.0,84.0,88.0,91.0,95.0,102.1,115.5,inferred
West Suffolk,2021-09-01,51.0,60.0,65.8,68.0,71.0,75.0,80.0,84.0,89.0,92.0,95.0,104.0,117.0,inferred
West Suffolk,2021-09-02,47.5,56.0,63.0,65.0,67.0,71.0,75.0,79.0,83.0,85.0,88.0,95.1,106.5,inferred
West Suffolk,2021-09-03,42.0,51.0,57.0,59.0,61.0,64.0,68.0,71.0,76.0,78.0,81.0,89.0,100.0,inferred
West Suffolk,2021-09-04,34.0,42.0,47.0,49.0,51.0,54.0,58.0,61.0,65.0,67.0,69.0,76.0,88.0,inferred
West Suffolk,2021-09-05,36.0,43.0,48.0,50.0,52.0,56.0,59.0,63.0,67.0,69.0,71.0,78.0,93.0,inferred
West Suffolk,2021-09-06,52.0,60.0,66.0,69.0,71.0,75.0,79.0,83.0,87.0,90.0,93.0,100.0,111.0,inferred
West Suffolk,2021-09-07,46.0,55.0,61.0,63.0,65.0,70.0,74.0,78.0,82.0,84.0,87.0,94.0,106.5,inferred
West Suffolk,2021-09-08,46.0,53.0,59.0,61.0,63.0,68.0,71.0,75.0,80.0,83.0,87.0,94.0,106.0,inferred
West Suffolk,2021-09-09,41.0,50.0,54.0,56.8,59.0,63.0,66.0,70.0,75.0,77.0,79.0,86.0,99.0,inferred
West Suffolk,2021-09-10,35.0,42.0,48.0,51.0,52.0,56.0,59.0,62.0,66.0,69.0,71.0,77.0,89.5,inferred
West Suffolk,2021-09-11,27.5,34.0,39.0,41.0,43.0,46.0,49.0,52.0,55.0,57.2,60.0,65.0,76.0,inferred
West Suffolk,2021-09-12,27.0,34.0,38.0,40.0,42.0,45.0,48.5,52.0,55.0,57.0,59.0,64.0,75.0,inferred
West Suffolk,2021-09-13,39.0,48.0,53.0,55.0,57.0,61.0,65.0,69.0,73.0,75.0,77.0,84.0,96.0,inferred
West Suffolk,2021-09-14,38.0,46.0,51.0,54.0,56.0,59.0,62.0,66.0,70.0,72.0,74.0,83.0,93.0,inferred
West Suffolk,2021-09-15,41.0,48.0,53.0,56.0,57.7,62.0,66.0,70.0,73.0,76.0,79.0,87.0,99.0,inferred
West Suffolk,2021-09-16,42.0,50.0,56.0,58.0,60.0,63.0,66.0,70.0,74.0,77.0,80.0,87.0,99.0,inferred
West Suffolk,2021-09-17,41.0,49.0,54.0,56.0,58.0,62.0,66.0,69.0,74.0,76.0,78.0,86.0,99.5,inferred
West Suffolk,2021-09-18,34.0,41.0,47.0,49.0,51.0,54.0,58.0,62.0,66.0,68.0,70.0,77.0,88.5,inferred
West Suffolk,2021-09-19,38.0,46.0,52.0,53.8,56.0,59.0,63.0,67.0,71.0,73.0,76.0,83.0,95.5,inferred
West Suffolk,2021-09-20,60.0,70.0,76.0,79.0,81.0,86.0,90.0,95.0,100.0,103.0,106.0,114.0,127.0,inferred
West Suffolk,2021-09-21,58.0,68.0,75.0,77.0,80.0,84.0,88.0,92.0,97.0,99.0,102.0,111.0,123.0,inferred
West Suffolk,2021-09-22,61.0,71.0,78.0,80.0,83.0,87.0,91.0,95.0,100.0,103.0,105.0,114.0,129.0,inferred
West Suffolk,2021-09-23,57.5,68.0,75.0,77.0,80.0,84.0,88.0,92.0,97.0,99.0,103.0,110.0,122.0,inferred
West Suffolk,2021-09-24,51.0,62.0,68.0,70.0,73.0,77.0,81.0,85.0,89.0,92.0,95.0,103.0,117.5,inferred
West Suffolk,2021-09-25,44.0,52.0,58.8,60.0,62.0,66.0,70.0,74.0,78.0,81.0,83.0,90.0,100.0,inferred
West Suffolk,2021-09-26,45.0,55.0,61.0,63.0,65.0,69.0,73.0,76.0,81.0,83.0,86.0,94.0,106.0,inferred
West Suffolk,2021-09-27,70.0,78.9,85.0,88.0,91.0,95.0,100.0,105.0,110.0,113.0,116.0,125.0,139.5,inferred
West Suffolk,2021-09-28,65.0,75.0,83.0,85.0,87.0,92.0,96.0,100.0,105.0,108.0,111.0,121.0,135.0,inferred
West Suffolk,2021-09-29,66.0,78.9,85.0,87.0,90.0,95.0,99.0,104.0,108.0,111.0,114.0,122.0,134.0,inferred
West Suffolk,2021-09-30,65.0,75.0,82.0,84.0,87.0,92.0,96.0,100.0,105.0,107.0,111.0,119.0,133.0,inferred
West Suffolk,2021-10-01,60.0,69.0,76.0,78.8,81.7,86.0,90.0,94.0,98.0,101.0,104.0,113.0,126.5,inferred
West Suffolk,2021-10-02,49.0,58.0,64.0,66.0,69.0,73.0,76.0,80.0,84.0,87.0,90.0,98.0,112.0,inferred
West Suffolk,2021-10-03,51.5,61.0,68.0,70.0,72.0,77.0,81.0,85.0,89.0,92.0,95.0,103.0,116.0,inferred
West Suffolk,2021-10-04,75.5,87.0,95.0,98.0,100.0,106.0,110.0,116.0,121.0,124.0,128.0,136.0,153.0,inferred
West Suffolk,2021-10-05,75.0,85.0,93.0,96.0,99.0,104.0,108.0,113.0,119.0,122.0,126.0,134.0,151.0,inferred
West Suffolk,2021-10-06,82.0,93.0,100.0,103.0,105.0,110.6,115.0,120.0,125.3,129.0,132.0,141.0,154.0,inferred
West Suffolk,2021-10-07,82.0,93.0,101.0,103.8,106.0,111.0,116.0,122.0,127.0,130.0,134.0,143.0,159.5,inferred
West Suffolk,2021-10-08,79.0,90.0,97.0,99.0,102.0,107.0,112.0,117.4,123.0,125.0,129.0,138.0,153.0,inferred
West Suffolk,2021-10-09,68.5,79.0,85.0,87.8,90.0,95.0,99.0,104.0,109.0,112.0,115.0,125.0,137.5,inferred
West Suffolk,2021-10-10,75.0,85.0,94.0,97.0,99.0,104.0,108.0,113.0,119.0,121.0,125.0,135.0,148.0,inferred
West Suffolk,2021-10-11,109.0,123.0,133.0,136.0,139.0,145.0,151.0,157.0,163.0,166.0,169.0,180.0,197.5,inferred
West Suffolk,2021-10-12,107.0,120.0,128.0,132.0,135.0,140.0,146.0,152.0,159.0,162.0,166.0,176.1,195.0,inferred
West Suffolk,2021-10-13,109.0,123.0,132.0,135.0,138.0,144.0,150.0,156.0,162.0,166.0,170.0,181.0,199.5,inferred
West Suffolk,2021-10-14,101.0,115.0,125.0,128.8,132.0,137.0,142.0,148.0,154.0,158.0,162.0,174.0,192.0,inferred
West Suffolk,2021-10-15,89.0,103.0,112.0,116.0,118.0,124.0,129.0,135.0,142.0,146.0,150.0,161.0,177.0,inferred
Western Isles,2021-07-03,0.0,0.0,0.0,0.0,0.0,0.0,1.0,1.0,2.0,2.0,3.0,4.0,7.0,inferred
Western Isles,2021-07-04,0.0,0.0,0.0,0.0,0.0,1.0,1.0,1.0,2.0,2.0,3.0,5.0,8.0,inferred
Western Isles,2021-07-05,0.0,0.0,0.0,0.0,0.0,0.0,1.0,1.0,2.0,2.0,3.0,4.0,7.0,inferred
Western Isles,2021-07-06,0.0,0.0,0.0,0.0,0.0,1.0,1.0,1.0,2.0,2.0,3.0,4.0,8.0,inferred
Western Isles,2021-07-07,0.0,0.0,0.0,0.0,1.0,1.0,1.0,2.0,3.0,3.0,4.0,5.0,9.0,inferred
Western Isles,2021-07-08,0.0,0.0,0.0,0.0,0.0,1.0,1.0,2.0,2.0,3.0,3.0,5.0,8.0,inferred
Western Isles,2021-07-09,0.0,0.0,0.0,0.0,0.0,1.0,1.0,2.0,2.0,3.0,3.0,5.0,8.0,inferred
Western Isles,2021-07-10,0.0,0.0,0.0,0.0,1.0,1.0,1.5,2.0,3.0,3.0,4.0,5.0,9.0,inferred
Western Isles,2021-07-11,0.0,0.0,0.0,0.0,1.0,1.0,2.0,2.0,3.0,3.0,4.0,5.0,9.0,inferred
Western Isles,2021-07-12,0.0,0.0,0.0,0.0,0.0,1.0,1.0,2.0,3.0,3.0,4.0,5.0,9.0,inferred
Western Isles,2021-07-13,0.0,0.0,0.0,0.0,1.0,1.0,2.0,2.0,3.0,3.0,4.0,6.0,9.0,inferred
Western Isles,2021-07-14,0.0,0.0,0.0,1.0,1.0,1.0,2.0,3.0,4.0,4.0,5.0,7.0,10.0,inferred
Western Isles,2021-07-15,0.0,0.0,0.0,1.0,1.0,1.0,2.0,2.0,3.0,4.0,4.0,6.0,10.0,inferred
Western Isles,2021-07-16,0.0,0.0,0.0,1.0,1.0,2.0,2.0,3.0,4.0,4.0,5.0,7.0,11.0,inferred
Western Isles,2021-07-17,0.0,0.0,1.0,1.0,1.0,2.0,3.0,4.0,5.0,5.0,6.0,8.0,12.0,inferred
Western Isles,2021-07-18,0.0,0.0,1.0,1.0,1.0,2.0,3.0,4.0,5.0,5.0,6.0,8.0,12.0,inferred
Western Isles,2021-07-19,0.0,0.0,1.0,1.0,1.0,2.0,3.0,3.0,4.0,5.0,5.0,7.0,11.0,inferred
Western Isles,2021-07-20,0.0,0.0,1.0,1.0,2.0,2.0,3.0,4.0,5.0,6.0,7.0,9.0,14.0,inferred
Western Isles,2021-07-21,0.0,1.0,1.0,2.0,2.0,3.0,4.0,5.0,6.0,6.0,7.0,10.0,15.0,inferred
Western Isles,2021-07-22,0.0,0.0,1.0,1.0,2.0,2.0,3.0,4.0,5.0,6.0,7.0,9.0,13.0,inferred
Western Isles,2021-07-23,0.0,1.0,1.0,2.0,2.0,3.0,4.0,4.0,5.0,6.0,7.0,9.0,13.0,inferred
Western Isles,2021-07-24,0.0,1.0,2.0,2.0,3.0,4.0,5.0,6.0,7.0,7.0,8.0,11.0,15.0,inferred
Western Isles,2021-07-25,0.0,1.0,2.0,2.0,3.0,3.0,4.0,5.0,6.0,7.0,8.0,10.0,14.5,inferred
Western Isles,2021-07-26,0.0,1.0,1.0,2.0,2.0,3.0,4.0,5.0,6.0,6.0,7.0,10.0,14.0,inferred
Western Isles,2021-07-27,0.0,1.0,2.0,2.0,2.0,3.0,4.0,5.0,6.0,7.0,7.0,10.0,14.0,inferred
Western Isles,2021-07-28,0.0,1.0,2.0,2.0,3.0,4.0,5.0,6.0,7.0,8.0,8.0,11.0,15.0,inferred
Western Isles,2021-07-29,0.0,1.0,1.0,2.0,2.0,3.0,4.0,5.0,6.0,6.0,7.0,10.0,14.0,inferred
Western Isles,2021-07-30,0.0,1.0,1.0,2.0,2.0,3.0,4.0,5.0,6.0,7.0,7.0,10.0,14.0,inferred
Western Isles,2021-07-31,0.0,1.0,2.0,2.0,2.0,3.0,4.0,5.0,6.0,7.0,8.0,10.0,14.5,inferred
Western Isles,2021-08-01,0.0,1.0,2.0,2.0,2.0,3.0,4.0,5.0,6.0,7.0,8.0,10.0,15.0,inferred
Western Isles,2021-08-02,0.0,0.0,1.0,1.0,2.0,2.0,3.0,4.0,5.0,6.0,7.0,9.0,13.0,inferred
Western Isles,2021-08-03,0.0,1.0,1.0,2.0,2.0,3.0,3.0,4.0,5.0,6.0,7.0,9.0,13.0,inferred
Western Isles,2021-08-04,0.0,1.0,2.0,2.0,2.0,3.0,4.0,5.0,6.0,6.0,7.0,10.0,14.0,inferred
Western Isles,2021-08-05,0.0,0.0,1.0,1.0,2.0,2.0,3.0,4.0,5.0,5.0,6.0,8.0,11.0,inferred
Western Isles,2021-08-06,0.0,0.0,1.0,1.0,2.0,2.0,3.0,4.0,5.0,6.0,7.0,9.0,13.0,inferred
Western Isles,2021-08-07,0.0,1.0,1.0,2.0,2.0,3.0,4.0,4.0,6.0,6.0,7.0,10.0,14.0,inferred
Western Isles,2021-08-08,0.0,0.0,1.0,1.0,2.0,3.0,3.0,4.0,5.0,6.0,7.0,9.0,13.0,inferred
Western Isles,2021-08-09,0.0,0.0,1.0,1.0,1.0,2.0,3.0,3.0,4.0,5.0,6.0,8.0,11.0,inferred
Western Isles,2021-08-10,0.0,0.0,1.0,1.0,2.0,2.0,3.0,4.0,4.0,5.0,6.0,8.0,11.5,inferred
Western Isles,2021-08-11,0.0,0.0,1.0,2.0,2.0,3.0,4.0,4.0,5.0,6.0,7.0,9.0,13.0,inferred
Western Isles,2021-08-12,0.0,0.0,1.0,1.0,2.0,2.0,3.0,4.0,5.0,5.0,6.0,8.1,12.0,inferred
Western Isles,2021-08-13,0.0,0.0,1.0,2.0,2.0,3.0,3.0,4.0,5.0,6.0,7.0,9.0,13.0,inferred
Western Isles,2021-08-14,0.0,1.0,2.0,2.0,3.0,3.0,4.0,5.0,6.0,7.0,8.0,10.0,15.0,inferred
Western Isles,2021-08-15,0.0,1.0,1.0,2.0,2.0,3.0,4.0,5.0,6.0,7.0,7.0,10.0,14.0,inferred
Western Isles,2021-08-16,0.0,0.0,1.0,2.0,2.0,3.0,3.0,4.0,5.0,6.0,7.0,9.0,12.0,inferred
Western Isles,2021-08-17,0.0,1.0,1.0,2.0,2.0,3.0,4.0,5.0,6.0,6.0,7.0,10.0,14.0,inferred
Western Isles,2021-08-18,0.0,1.0,2.0,3.0,3.0,4.0,5.0,6.0,7.0,8.0,8.0,11.0,16.0,inferred
Western Isles,2021-08-19,0.0,1.0,2.0,2.0,2.0,3.0,4.0,5.0,6.0,7.0,8.0,10.0,15.0,inferred
Western Isles,2021-08-20,0.0,1.0,2.0,2.0,3.0,4.0,4.0,5.0,7.0,7.0,8.0,11.0,15.0,inferred
Western Isles,2021-08-21,0.0,2.0,2.0,3.0,4.0,5.0,5.0,6.0,8.0,9.0,9.0,12.0,17.0,inferred
Western Isles,2021-08-22,0.0,1.0,2.0,3.0,3.0,4.0,5.0,6.0,7.0,8.0,9.0,11.0,16.5,inferred
Western Isles,2021-08-23,0.0,1.0,2.0,2.0,3.0,4.0,4.0,6.0,7.0,7.0,8.0,10.0,15.0,inferred
Western Isles,2021-08-24,0.0,1.0,2.0,3.0,3.0,4.0,5.0,6.0,7.0,8.0,9.0,12.0,17.0,inferred
Western Isles,2021-08-25,0.0,2.0,3.0,4.0,4.0,5.0,6.0,7.0,9.0,9.0,10.0,14.0,18.0,inferred
Western Isles,2021-08-26,0.0,1.0,3.0,3.0,3.0,4.0,5.0,6.0,7.3,8.0,9.0,12.0,16.5,inferred
Western Isles,2021-08-27,0.0,1.0,3.0,3.0,4.0,4.0,6.0,7.0,8.0,9.0,10.0,13.0,18.0,inferred
Western Isles,2021-08-28,1.0,2.0,3.0,4.0,5.0,5.0,7.0,8.0,9.0,10.0,11.0,14.0,18.5,inferred
Western Isles,2021-08-29,0.5,2.0,3.0,4.0,4.0,5.0,6.0,7.0,9.0,9.0,10.0,13.0,17.0,inferred
Western Isles,2021-08-30,0.0,1.0,3.0,3.0,3.0,4.0,5.0,6.0,8.0,9.0,9.0,12.0,16.0,inferred
Western Isles,2021-08-31,0.0,2.0,3.0,3.0,4.0,5.0,6.0,7.0,8.0,9.0,10.0,12.0,17.0,inferred
Western Isles,2021-09-01,1.0,2.0,4.0,4.0,5.0,6.0,7.0,8.0,9.0,10.0,11.0,13.0,18.0,inferred
Western Isles,2021-09-02,0.0,2.0,3.0,3.0,4.0,5.0,6.0,6.0,8.0,8.0,9.0,12.0,17.0,inferred
Western Isles,2021-09-03,0.0,2.0,3.0,3.0,3.0,4.0,5.0,6.0,8.0,8.0,9.0,12.0,17.0,inferred
Western Isles,2021-09-04,1.0,2.0,3.0,4.0,4.0,5.0,6.0,8.0,9.0,10.0,11.0,14.0,18.0,inferred
Western Isles,2021-09-05,0.5,2.0,3.0,3.0,4.0,5.0,6.0,7.0,8.0,9.0,10.0,12.0,17.0,inferred
Western Isles,2021-09-06,0.0,1.0,2.0,2.0,3.0,4.0,5.0,6.0,7.0,8.0,8.0,11.0,15.0,inferred
Western Isles,2021-09-07,0.0,1.0,2.0,3.0,3.0,4.0,5.0,6.0,7.0,8.0,9.0,11.0,16.5,inferred
Western Isles,2021-09-08,0.0,1.0,3.0,3.0,4.0,5.0,6.0,7.0,8.0,9.0,10.0,12.0,17.0,inferred
Western Isles,2021-09-09,0.0,1.0,2.0,2.0,3.0,4.0,5.0,6.0,7.0,7.0,8.0,11.0,15.0,inferred
Western Isles,2021-09-10,0.0,1.0,2.0,2.0,3.0,3.0,4.0,5.0,6.0,7.0,8.0,10.0,15.0,inferred
Western Isles,2021-09-11,0.0,1.0,2.0,3.0,3.0,4.0,5.0,6.0,8.0,9.0,9.0,12.0,16.0,inferred
Western Isles,2021-09-12,0.0,1.0,2.0,2.0,3.0,4.0,5.0,6.0,7.0,8.0,9.0,11.0,16.0,inferred
Western Isles,2021-09-13,0.0,1.0,1.0,2.0,2.0,3.0,4.0,5.0,6.0,6.0,7.0,9.0,13.5,inferred
Western Isles,2021-09-14,0.0,1.0,2.0,2.0,2.0,3.0,4.0,5.0,6.0,6.0,7.0,10.0,14.0,inferred
Western Isles,2021-09-15,0.0,1.0,2.0,3.0,3.0,4.0,5.0,6.0,7.0,8.0,8.2,11.0,15.0,inferred
Western Isles,2021-09-16,0.0,1.0,2.0,2.0,2.0,3.0,4.0,5.0,6.0,6.0,7.0,10.0,14.0,inferred
Western Isles,2021-09-17,0.0,1.0,2.0,2.0,3.0,3.0,4.0,5.0,6.0,7.0,8.0,10.0,15.0,inferred
Western Isles,2021-09-18,0.0,1.0,2.0,3.0,3.0,4.0,5.0,6.0,7.0,8.0,9.0,12.0,18.0,inferred
Western Isles,2021-09-19,0.0,1.0,2.0,3.0,3.0,4.0,5.0,6.0,7.0,8.0,9.0,12.0,16.0,inferred
Western Isles,2021-09-20,0.0,1.0,2.0,2.0,3.0,3.0,4.0,5.0,6.0,7.0,8.0,11.0,14.0,inferred
Western Isles,2021-09-21,0.0,1.0,2.0,3.0,3.0,4.0,5.0,6.0,7.0,8.0,9.0,11.0,16.0,inferred
Western Isles,2021-09-22,0.0,2.0,3.0,4.0,4.0,5.0,6.0,7.4,9.0,10.0,11.0,14.0,20.0,inferred
Western Isles,2021-09-23,1.0,2.0,3.0,3.0,4.0,5.0,5.5,7.0,8.0,9.0,9.0,12.0,16.5,inferred
Western Isles,2021-09-24,1.0,2.0,3.0,3.0,4.0,5.0,6.0,7.0,8.0,9.0,10.0,13.0,17.0,inferred
Western Isles,2021-09-25,1.0,3.0,4.0,5.0,5.0,6.0,7.0,9.0,10.0,11.0,12.0,15.0,20.0,inferred
Western Isles,2021-09-26,1.0,2.0,4.0,4.0,5.0,6.0,7.0,8.0,10.0,11.0,12.0,14.0,20.0,inferred
Western Isles,2021-09-27,1.0,2.0,4.0,4.0,4.0,5.0,7.0,8.0,9.0,10.0,11.0,14.0,18.5,inferred
Western Isles,2021-09-28,1.0,2.0,4.0,4.0,5.0,6.0,7.0,9.0,10.0,11.0,12.0,14.0,20.0,inferred
Western Isles,2021-09-29,1.0,3.0,5.0,5.0,6.0,7.0,9.0,10.0,12.0,13.0,14.0,17.0,22.0,inferred
Western Isles,2021-09-30,1.0,2.0,4.0,4.0,5.0,6.0,7.0,8.0,10.0,11.0,11.0,14.0,19.0,inferred
Western Isles,2021-10-01,1.0,2.0,4.0,4.0,5.0,6.0,7.0,9.0,10.0,11.0,12.0,14.1,21.0,inferred
Western Isles,2021-10-02,1.0,3.0,5.0,5.0,6.0,7.0,8.0,10.0,11.3,12.0,13.0,16.0,22.0,inferred
Western Isles,2021-10-03,1.0,3.0,4.0,5.0,5.0,6.0,8.0,9.0,10.0,11.0,12.0,15.0,21.0,inferred
Western Isles,2021-10-04,0.0,2.0,3.0,4.0,4.0,5.0,6.0,7.0,9.0,10.0,10.2,13.0,17.0,inferred
Western Isles,2021-10-05,1.0,2.0,3.0,4.0,4.0,5.0,6.0,8.0,9.0,10.0,11.0,14.0,19.0,inferred
Western Isles,2021-10-06,1.0,3.0,4.0,4.0,5.0,6.0,7.0,9.0,10.0,11.0,12.0,14.0,20.0,inferred
Western Isles,2021-10-07,0.0,2.0,3.0,3.0,4.0,5.0,6.0,7.0,8.0,9.0,10.0,12.0,17.0,inferred
Western Isles,2021-10-08,0.0,1.0,3.0,3.0,3.0,5.0,6.0,7.0,8.0,9.0,10.0,12.0,18.0,inferred
Western Isles,2021-10-09,1.0,2.0,3.0,4.0,4.0,5.0,6.0,7.0,9.0,10.0,11.0,13.0,18.5,inferred
Western Isles,2021-10-10,0.0,1.0,3.0,3.0,4.0,5.0,6.0,7.0,8.0,9.0,10.0,12.0,17.0,inferred
Western Isles,2021-10-11,0.0,1.0,2.0,2.8,3.0,4.0,5.0,6.0,7.0,7.0,8.0,11.0,16.0,inferred
Western Isles,2021-10-12,0.0,1.0,2.0,2.0,3.0,4.0,5.0,6.0,7.0,8.0,9.0,11.0,15.0,inferred
Western Isles,2021-10-13,0.0,1.0,2.0,3.0,3.0,4.0,5.0,6.0,8.0,9.0,9.2,12.0,17.0,inferred
Western Isles,2021-10-14,0.0,1.0,2.0,2.0,3.0,3.0,4.0,5.0,6.0,7.0,8.0,10.0,16.0,inferred
Western Isles,2021-10-15,0.0,1.0,2.0,2.0,2.0,3.0,4.0,5.0,7.0,7.0,8.0,11.0,17.0,inferred
Westminster,2021-07-03,49.0,56.0,61.0,62.0,64.0,66.0,69.0,72.0,75.0,77.0,79.0,84.0,94.0,inferred
Westminster,2021-07-04,52.5,60.0,65.0,66.0,68.0,71.0,74.0,76.0,80.0,81.0,83.0,89.0,97.0,inferred
Westminster,2021-07-05,81.0,88.0,94.0,95.0,97.0,101.0,104.0,107.0,110.0,112.0,115.0,121.0,129.0,inferred
Westminster,2021-07-06,80.5,88.0,93.0,95.0,97.0,100.0,104.0,107.0,110.0,112.0,114.0,121.0,131.0,inferred
Westminster,2021-07-07,83.0,92.9,98.0,100.0,102.0,105.0,109.0,112.0,116.0,118.0,119.0,125.0,136.0,inferred
Westminster,2021-07-08,84.5,93.0,99.0,101.0,102.0,106.0,109.0,112.0,116.0,119.0,121.0,126.1,137.0,inferred
Westminster,2021-07-09,79.0,87.0,92.0,94.0,96.0,100.0,103.0,107.0,111.0,113.0,115.0,121.0,130.0,inferred
Westminster,2021-07-10,71.0,77.0,82.0,84.0,86.0,89.0,92.0,95.0,99.0,100.0,103.0,108.1,117.0,inferred
Westminster,2021-07-11,73.0,81.0,86.8,89.0,91.0,94.0,97.0,101.0,104.0,106.0,108.0,114.0,123.0,inferred
Westminster,2021-07-12,109.0,119.0,125.0,128.0,130.7,135.0,139.0,144.0,148.0,150.0,153.0,159.0,169.0,inferred
Westminster,2021-07-13,107.5,120.0,127.0,129.0,132.0,135.0,138.0,143.0,147.0,150.0,152.0,159.0,172.0,inferred
Westminster,2021-07-14,116.0,124.0,131.0,134.0,136.0,140.0,144.0,148.0,152.0,154.0,158.0,164.1,176.0,inferred
Westminster,2021-07-15,111.5,122.0,129.0,132.0,134.0,138.0,141.5,145.0,149.0,152.0,154.2,162.0,173.5,inferred
Westminster,2021-07-16,104.0,113.0,120.0,122.0,124.0,128.0,132.0,135.0,140.0,142.0,145.0,152.0,163.0,inferred
Westminster,2021-07-17,90.0,97.9,103.0,105.0,107.0,110.0,113.0,116.4,120.0,122.0,124.0,131.0,141.0,inferred
Westminster,2021-07-18,88.0,98.0,104.0,106.0,108.0,112.0,115.0,118.0,122.0,124.0,127.0,134.0,143.0,inferred
Westminster,2021-07-19,126.0,136.0,142.0,145.0,148.0,152.0,156.0,160.0,164.0,166.2,170.0,178.0,189.0,inferred
Westminster,2021-07-20,117.0,126.0,133.0,135.0,138.0,142.0,145.0,150.0,154.0,157.0,160.0,167.0,180.0,inferred
Westminster,2021-07-21,112.0,121.0,127.0,129.0,131.0,136.0,139.0,143.0,148.0,150.0,152.0,160.0,170.0,inferred
Westminster,2021-07-22,99.0,108.0,114.0,116.0,118.0,122.0,125.0,128.0,133.0,135.0,138.0,145.0,157.0,inferred
Westminster,2021-07-23,81.0,89.0,94.0,97.0,99.0,103.0,106.0,109.0,113.0,115.0,117.0,123.0,133.0,inferred
Westminster,2021-07-24,62.5,70.0,75.0,77.0,78.0,82.0,85.0,88.0,91.0,92.2,94.0,100.0,107.0,inferred
Westminster,2021-07-25,59.0,65.0,70.0,71.0,73.0,76.0,79.0,82.0,85.0,87.0,88.2,95.0,101.5,inferred
Westminster,2021-07-26,77.0,85.0,90.0,93.0,94.0,98.0,101.0,104.0,108.0,110.0,113.0,119.0,127.0,inferred
Westminster,2021-07-27,71.0,78.0,84.0,86.0,88.0,91.0,94.0,96.4,100.0,102.0,104.0,109.1,120.0,inferred
Westminster,2021-07-28,71.0,79.0,84.0,86.0,88.0,92.0,95.0,98.0,102.0,104.0,106.0,111.0,120.5,inferred
Westminster,2021-07-29,69.0,76.0,81.0,83.0,85.0,88.0,91.0,94.0,98.0,99.0,101.2,108.0,117.0,inferred
Westminster,2021-07-30,61.0,69.0,73.8,75.0,77.0,80.0,84.0,86.4,90.0,91.0,94.0,99.0,108.0,inferred
Westminster,2021-07-31,50.0,58.0,62.0,64.0,65.0,68.0,70.0,73.0,76.0,78.0,79.0,85.1,94.0,inferred
Westminster,2021-08-01,52.0,58.0,63.0,65.0,66.0,69.0,72.0,74.0,77.0,78.0,80.0,85.0,94.0,inferred
Westminster,2021-08-02,73.0,82.0,87.0,89.0,91.0,95.0,98.0,101.0,105.0,106.0,109.0,114.1,124.0,inferred
Westminster,2021-08-03,70.0,78.0,84.0,86.0,88.0,91.0,94.0,97.0,101.0,103.0,105.0,111.0,119.0,inferred
Westminster,2021-08-04,73.0,80.0,85.0,87.0,89.0,92.0,95.0,98.0,101.0,103.0,106.0,111.1,119.0,inferred
Westminster,2021-08-05,69.0,77.0,81.8,83.0,85.0,89.0,92.0,95.0,99.0,100.0,103.0,108.0,117.0,inferred
Westminster,2021-08-06,62.0,69.0,74.0,76.0,78.0,81.0,84.0,87.0,91.0,92.0,94.0,100.0,109.0,inferred
Westminster,2021-08-07,51.5,59.0,63.8,65.0,66.0,69.0,72.0,74.4,78.0,80.0,81.0,87.0,95.0,inferred
Westminster,2021-08-08,52.0,59.0,64.0,65.0,67.0,70.0,72.0,75.0,78.0,80.0,82.0,87.0,95.0,inferred
Westminster,2021-08-09,74.5,83.0,88.0,90.8,93.0,96.0,99.0,102.0,105.0,107.0,110.0,116.0,127.0,inferred
Westminster,2021-08-10,73.0,81.0,85.0,87.0,89.0,92.0,96.0,99.0,103.0,105.0,107.0,113.0,123.0,inferred
Westminster,2021-08-11,71.0,79.0,85.0,87.0,89.0,92.0,95.0,99.0,103.0,104.0,107.0,112.0,122.0,inferred
Westminster,2021-08-12,68.0,75.0,80.0,82.0,84.0,87.0,91.0,94.0,98.0,99.0,101.0,106.0,115.0,inferred
Westminster,2021-08-13,61.0,68.0,73.0,75.0,76.0,79.0,82.0,85.0,88.0,90.0,92.0,97.1,106.5,inferred
Westminster,2021-08-14,50.0,56.0,60.0,62.0,63.0,66.0,69.0,71.0,74.0,76.0,78.0,83.0,89.0,inferred
Westminster,2021-08-15,49.5,56.0,60.0,62.0,63.0,66.0,68.0,71.0,74.0,75.0,77.0,82.0,90.0,inferred
Westminster,2021-08-16,70.0,77.0,82.0,83.0,85.0,88.6,92.0,95.0,99.0,101.0,103.0,110.0,119.0,inferred
Westminster,2021-08-17,66.0,74.0,79.0,80.0,82.0,86.0,88.0,91.0,95.0,97.0,99.0,105.0,113.0,inferred
Westminster,2021-08-18,66.0,73.0,78.0,79.0,81.0,84.0,87.0,90.0,93.0,95.0,98.0,103.0,113.0,inferred
Westminster,2021-08-19,60.0,68.0,73.0,74.0,76.0,79.0,82.0,86.0,89.0,91.0,93.0,98.0,107.0,inferred
Westminster,2021-08-20,54.0,60.0,65.0,66.0,68.0,71.0,74.0,76.0,79.0,81.0,83.0,88.0,96.0,inferred
Westminster,2021-08-21,44.0,49.0,53.0,55.0,57.0,59.0,62.0,64.0,66.0,68.0,69.0,74.0,81.0,inferred
Westminster,2021-08-22,42.0,49.0,52.0,54.0,55.0,58.0,60.0,63.0,66.0,67.0,69.0,73.0,81.0,inferred
Westminster,2021-08-23,59.0,66.0,71.0,73.0,75.0,78.0,80.0,83.0,86.0,88.0,90.0,95.0,104.0,inferred
Westminster,2021-08-24,57.0,63.0,68.0,69.0,71.0,74.0,78.0,80.0,83.0,85.0,87.0,93.0,101.5,inferred
Westminster,2021-08-25,57.0,64.0,68.0,70.0,72.0,75.0,78.0,81.0,84.0,86.0,88.0,93.0,102.0,inferred
Westminster,2021-08-26,56.0,62.0,67.0,68.0,70.0,73.0,76.0,79.0,82.0,84.0,86.0,91.0,99.5,inferred
Westminster,2021-08-27,51.0,57.0,61.0,63.0,64.0,67.0,69.0,72.0,75.0,77.0,78.0,84.0,91.0,inferred
Westminster,2021-08-28,41.0,47.0,51.0,53.0,54.0,57.0,59.0,61.0,64.0,66.0,68.0,72.0,78.5,inferred
Westminster,2021-08-29,41.0,48.0,52.0,53.0,55.0,57.0,60.0,62.0,65.0,66.0,68.0,73.0,80.0,inferred
Westminster,2021-08-30,59.5,67.0,72.0,74.0,75.0,78.0,82.0,85.0,88.0,90.0,91.0,97.0,104.0,inferred
Westminster,2021-08-31,59.0,65.0,69.0,71.0,73.0,76.0,79.0,81.0,85.0,87.0,89.0,95.0,104.0,inferred
Westminster,2021-09-01,61.0,68.0,72.0,74.0,76.0,79.0,81.0,84.0,88.0,89.2,91.0,97.0,105.0,inferred
Westminster,2021-09-02,59.0,66.0,70.0,72.0,74.0,77.0,80.0,83.0,86.0,88.0,90.0,96.0,102.5,inferred
Westminster,2021-09-03,53.0,60.0,65.0,67.0,69.0,71.0,74.0,77.0,80.0,82.0,83.0,89.0,98.0,inferred
Westminster,2021-09-04,46.0,52.0,56.0,57.0,58.0,61.0,64.0,66.0,69.0,70.0,72.0,77.0,86.0,inferred
Westminster,2021-09-05,46.5,52.0,57.0,58.0,60.0,62.0,65.0,68.0,71.0,72.0,74.0,79.0,86.0,inferred
Westminster,2021-09-06,67.0,73.9,79.0,81.0,83.0,86.0,89.0,93.0,96.0,98.0,101.0,107.0,116.0,inferred
Westminster,2021-09-07,60.0,68.9,73.0,76.0,78.0,81.0,84.0,86.0,90.0,92.0,94.0,99.0,107.0,inferred
Westminster,2021-09-08,61.0,68.0,72.0,74.0,76.0,79.0,81.0,84.0,88.0,90.0,92.0,98.0,106.0,inferred
Westminster,2021-09-09,55.0,61.0,66.0,68.0,69.0,72.0,75.0,78.0,81.0,82.2,84.0,89.0,99.0,inferred
Westminster,2021-09-10,45.5,52.0,56.0,58.0,59.0,62.0,65.0,67.0,70.0,72.0,73.0,79.0,88.0,inferred
Westminster,2021-09-11,36.0,42.0,45.0,47.0,48.0,50.0,53.0,55.0,58.0,59.0,61.0,65.0,71.0,inferred
Westminster,2021-09-12,34.0,40.0,43.0,45.0,46.0,48.0,50.5,53.0,55.0,57.0,58.0,63.0,71.0,inferred
Westminster,2021-09-13,46.0,53.0,57.0,58.0,60.0,63.0,65.0,68.0,72.0,73.0,75.0,79.1,88.0,inferred
Westminster,2021-09-14,44.0,49.9,53.0,55.0,57.0,59.0,62.0,64.0,67.0,69.0,71.0,76.0,84.0,inferred
Westminster,2021-09-15,44.0,51.0,55.0,56.0,58.0,61.0,63.0,65.0,68.0,70.0,72.0,77.0,85.0,inferred
Westminster,2021-09-16,42.0,49.0,53.0,55.0,56.0,59.0,61.0,64.0,67.0,68.2,70.0,76.0,85.0,inferred
Westminster,2021-09-17,39.0,45.0,48.0,50.0,51.0,54.0,56.0,59.0,61.3,63.0,65.0,69.0,77.0,inferred
Westminster,2021-09-18,32.0,38.0,41.0,43.0,44.0,46.0,49.0,51.0,53.0,54.0,56.0,61.0,67.0,inferred
Westminster,2021-09-19,34.0,39.0,42.0,44.0,45.0,47.0,49.0,52.0,54.0,56.0,58.0,62.0,69.0,inferred
Westminster,2021-09-20,48.0,55.0,59.0,61.0,62.0,65.0,68.0,71.0,73.0,75.0,77.0,81.0,90.0,inferred
Westminster,2021-09-21,46.0,52.0,55.8,58.0,60.0,62.0,65.0,67.0,71.0,72.0,74.0,79.0,88.0,inferred
Westminster,2021-09-22,47.0,53.0,57.0,59.0,61.0,63.0,66.0,69.0,72.0,73.0,75.0,80.0,87.0,inferred
Westminster,2021-09-23,44.0,50.0,55.0,56.0,57.0,60.0,63.0,65.0,68.0,70.0,72.0,77.0,84.0,inferred
Westminster,2021-09-24,39.0,45.0,50.0,51.0,53.0,55.0,58.0,60.0,63.0,64.0,66.0,71.0,77.0,inferred
Westminster,2021-09-25,31.0,38.0,41.0,43.0,44.0,46.0,49.0,51.0,54.0,55.0,57.0,61.0,68.0,inferred
Westminster,2021-09-26,34.0,39.0,42.0,43.0,45.0,47.0,49.0,51.0,54.0,56.0,57.0,62.0,68.0,inferred
Westminster,2021-09-27,48.0,54.9,58.0,60.0,62.0,65.0,68.0,71.0,74.0,75.0,77.0,82.0,90.0,inferred
Westminster,2021-09-28,46.0,52.0,57.0,58.0,60.0,62.0,65.0,67.0,71.0,72.0,74.0,78.0,87.0,inferred
Westminster,2021-09-29,46.0,52.0,56.0,58.0,60.0,62.0,65.0,67.0,70.0,72.0,74.0,79.0,88.0,inferred
Westminster,2021-09-30,44.0,50.0,55.0,56.0,57.0,60.0,62.0,65.0,68.0,69.0,71.0,77.0,84.0,inferred
Westminster,2021-10-01,40.0,45.0,49.0,50.0,52.0,54.0,57.0,59.0,62.0,63.0,65.0,70.0,78.0,inferred
Westminster,2021-10-02,32.0,38.0,42.0,43.0,44.0,46.0,48.0,51.0,53.0,54.0,56.0,60.0,68.0,inferred
Westminster,2021-10-03,32.0,38.0,42.0,43.0,44.0,47.0,49.0,51.0,53.0,55.0,56.0,60.0,66.0,inferred
Westminster,2021-10-04,49.0,54.0,58.0,59.8,61.0,64.0,66.0,69.0,72.0,74.0,76.0,80.0,88.0,inferred
Westminster,2021-10-05,47.0,52.0,56.0,57.8,59.0,62.0,64.0,67.0,70.0,72.0,74.0,79.0,87.0,inferred
Westminster,2021-10-06,46.0,53.0,58.0,59.0,61.0,63.0,66.0,69.0,72.0,74.0,75.0,80.0,86.5,inferred
Westminster,2021-10-07,46.0,52.0,56.0,58.0,59.0,62.0,65.0,68.0,70.0,72.0,74.0,79.0,86.0,inferred
Westminster,2021-10-08,43.0,49.0,54.0,55.0,56.0,59.0,62.0,64.0,67.0,68.0,70.0,74.0,82.0,inferred
Westminster,2021-10-09,35.0,41.0,45.0,46.8,48.0,50.0,53.0,55.0,58.0,59.0,61.0,65.0,72.0,inferred
Westminster,2021-10-10,38.0,43.0,47.0,48.0,50.0,52.0,55.0,57.0,60.0,61.0,63.0,67.0,73.0,inferred
Westminster,2021-10-11,55.0,61.0,65.8,67.0,69.0,72.0,75.0,77.0,81.0,83.0,85.0,90.0,99.0,inferred
Westminster,2021-10-12,53.0,60.0,64.0,66.0,67.0,70.0,73.0,76.0,79.0,81.0,82.2,88.0,98.0,inferred
Westminster,2021-10-13,54.0,60.0,64.0,66.0,68.0,71.0,75.0,77.0,81.0,82.0,84.0,89.0,97.0,inferred
Westminster,2021-10-14,51.5,58.0,62.0,64.0,65.0,68.0,71.0,74.0,77.0,78.0,80.0,86.0,94.0,inferred
Westminster,2021-10-15,45.0,52.0,56.0,58.0,59.0,63.0,65.0,68.0,71.0,73.0,75.0,80.0,89.0,inferred
Wigan,2021-07-03,151.0,166.0,175.0,179.0,183.0,189.0,195.0,200.0,207.0,210.0,214.0,225.0,244.0,inferred
Wigan,2021-07-04,166.0,179.9,191.0,195.0,198.0,204.6,210.0,216.0,223.0,227.0,232.0,244.0,263.0,inferred
Wigan,2021-07-05,246.0,263.0,275.0,279.8,283.0,292.0,300.0,307.0,315.0,320.0,325.0,340.0,364.5,inferred
Wigan,2021-07-06,239.5,256.9,269.0,274.0,278.0,285.0,293.0,300.0,308.0,313.0,318.0,331.1,351.0,inferred
Wigan,2021-07-07,252.0,270.0,281.0,285.8,291.0,298.6,305.0,314.0,321.0,327.0,333.0,347.0,370.0,inferred
Wigan,2021-07-08,254.0,274.9,286.0,291.0,295.0,304.0,312.0,320.0,328.0,332.0,337.0,351.0,376.5,inferred
Wigan,2021-07-09,235.5,255.0,267.0,272.0,276.0,284.0,291.0,300.0,308.0,313.0,318.0,331.0,353.5,inferred
Wigan,2021-07-10,205.0,222.0,234.0,239.0,243.0,250.0,258.0,266.0,273.0,279.0,283.0,296.0,315.0,inferred
Wigan,2021-07-11,228.5,250.0,262.0,266.0,271.0,280.0,288.0,295.0,303.0,307.0,314.0,329.0,350.0,inferred
Wigan,2021-07-12,350.0,372.9,387.0,393.8,399.0,409.0,418.0,428.0,438.0,444.0,449.0,467.0,494.0,inferred
Wigan,2021-07-13,327.0,353.0,369.0,375.8,381.0,390.6,399.0,409.0,418.0,426.0,432.0,449.0,476.5,inferred
Wigan,2021-07-14,324.0,346.0,362.0,368.0,373.0,382.0,392.0,402.0,412.0,417.0,423.2,439.0,468.5,inferred
Wigan,2021-07-15,295.5,319.0,333.0,339.0,345.0,354.0,363.0,372.0,381.0,386.0,391.0,409.0,435.5,inferred
Wigan,2021-07-16,250.0,270.0,282.0,287.0,291.0,299.0,307.0,315.0,324.0,329.0,334.0,348.0,374.0,inferred
Wigan,2021-07-17,197.0,213.0,224.0,228.0,232.0,239.0,247.0,255.0,262.0,266.0,271.0,283.0,305.0,inferred
Wigan,2021-07-18,199.5,216.0,228.0,232.0,236.0,243.0,249.0,257.0,265.0,269.0,275.0,288.0,309.0,inferred
Wigan,2021-07-19,269.0,292.0,306.0,312.0,316.0,325.0,332.0,341.0,350.0,355.0,361.0,377.0,400.5,inferred
Wigan,2021-07-20,233.5,251.0,266.0,272.0,277.0,285.0,293.0,301.0,308.0,313.0,317.2,333.0,358.0,inferred
Wigan,2021-07-21,213.0,230.0,242.0,247.0,251.0,259.0,267.0,274.0,282.0,287.0,293.0,307.0,333.0,inferred
Wigan,2021-07-22,181.0,198.0,210.0,215.0,219.0,226.0,233.0,240.0,247.0,252.0,257.0,269.0,289.5,inferred
Wigan,2021-07-23,138.0,155.0,164.8,168.0,171.0,178.0,184.0,189.0,195.0,199.0,203.0,216.0,235.5,inferred
Wigan,2021-07-24,99.0,113.0,121.0,124.0,127.0,132.0,137.0,143.0,148.0,152.0,155.2,164.0,181.0,inferred
Wigan,2021-07-25,95.0,106.0,115.0,118.0,121.0,127.0,132.0,137.0,142.0,146.0,149.0,160.0,175.0,inferred
Wigan,2021-07-26,123.0,135.0,144.0,148.0,152.0,158.0,164.0,170.0,176.0,180.0,184.0,194.1,211.0,inferred
Wigan,2021-07-27,103.0,117.0,126.0,129.0,132.0,137.0,143.0,148.0,154.0,157.0,161.0,170.0,188.0,inferred
Wigan,2021-07-28,102.0,115.0,123.0,126.0,129.0,134.0,140.0,145.0,151.0,153.2,158.0,169.0,186.0,inferred
Wigan,2021-07-29,94.0,106.0,114.0,117.0,120.0,125.0,130.0,136.0,141.0,145.0,148.0,158.0,176.0,inferred
Wigan,2021-07-30,80.5,91.0,98.0,101.0,104.0,109.0,113.0,118.0,123.3,126.0,130.0,139.0,153.5,inferred
Wigan,2021-07-31,60.0,72.0,78.8,81.0,84.0,89.0,93.0,96.0,101.0,104.0,107.0,115.0,126.0,inferred
Wigan,2021-08-01,66.0,76.0,82.0,85.0,87.0,92.0,96.0,101.0,106.0,109.0,111.0,119.0,134.0,inferred
Wigan,2021-08-02,94.0,106.0,114.0,118.0,120.0,126.0,131.0,136.0,142.0,145.0,148.0,159.0,176.0,inferred
Wigan,2021-08-03,92.0,100.0,108.0,111.0,114.0,119.0,123.0,129.0,134.0,137.0,139.2,150.0,166.0,inferred
Wigan,2021-08-04,91.0,101.0,110.0,113.0,115.7,121.0,126.0,131.0,136.0,139.0,142.0,154.0,168.0,inferred
Wigan,2021-08-05,87.0,100.0,109.0,111.0,114.0,119.0,124.0,129.0,134.0,138.0,142.0,150.0,168.0,inferred
Wigan,2021-08-06,79.0,89.0,97.0,99.0,102.0,106.0,110.0,116.0,121.0,124.0,128.0,137.0,153.0,inferred
Wigan,2021-08-07,64.5,75.0,81.0,83.0,86.0,91.0,95.0,100.0,105.0,108.0,110.0,118.0,132.0,inferred
Wigan,2021-08-08,70.0,81.0,88.0,91.0,93.0,97.0,102.0,106.0,111.0,114.0,117.0,126.0,140.0,inferred
Wigan,2021-08-09,106.0,119.0,127.0,130.0,133.0,139.0,144.0,150.0,155.0,159.0,163.0,174.0,190.0,inferred
Wigan,2021-08-10,100.0,112.0,120.8,123.0,126.0,133.0,138.0,144.0,150.0,154.0,157.0,168.0,183.0,inferred
Wigan,2021-08-11,101.0,114.0,122.0,126.0,129.0,134.0,139.0,145.0,151.0,154.0,158.0,169.0,184.0,inferred
Wigan,2021-08-12,97.0,110.0,118.0,122.0,124.7,129.0,134.0,140.0,146.0,150.0,153.0,164.0,179.0,inferred
Wigan,2021-08-13,86.0,96.0,103.0,106.0,109.7,114.0,119.0,124.0,129.0,132.0,135.0,144.0,161.0,inferred
Wigan,2021-08-14,70.0,78.9,85.0,88.0,91.0,95.0,99.0,103.0,109.0,112.0,115.0,123.0,136.5,inferred
Wigan,2021-08-15,72.5,83.9,90.0,93.0,95.0,101.0,105.0,110.0,114.0,117.0,121.0,130.0,144.0,inferred
Wigan,2021-08-16,108.0,120.0,130.0,133.0,136.0,141.0,146.0,152.0,158.0,161.0,165.0,175.0,190.5,inferred
Wigan,2021-08-17,100.0,114.0,121.0,125.0,127.0,133.0,138.0,143.0,150.0,153.0,157.0,167.0,184.0,inferred
Wigan,2021-08-18,104.0,116.0,124.0,127.8,130.7,136.0,141.0,146.0,153.0,156.0,160.0,172.0,189.5,inferred
Wigan,2021-08-19,99.5,111.0,121.0,123.0,126.0,131.0,136.0,141.0,147.0,150.0,153.0,163.0,180.5,inferred
Wigan,2021-08-20,90.0,101.0,108.0,110.0,113.0,118.0,122.0,127.0,133.0,136.0,140.0,149.0,163.0,inferred
Wigan,2021-08-21,70.5,81.0,88.0,91.0,94.0,98.0,102.0,107.0,111.0,114.0,118.0,127.0,142.0,inferred
Wigan,2021-08-22,78.0,87.0,94.0,97.0,100.0,105.0,109.0,114.0,119.0,122.0,126.0,135.0,150.0,inferred
Wigan,2021-08-23,112.0,126.9,135.0,138.0,141.0,147.0,153.0,158.0,165.0,168.0,173.0,183.0,204.0,inferred
Wigan,2021-08-24,108.0,119.0,128.0,131.0,134.0,140.0,145.0,150.0,157.0,160.0,164.0,176.0,190.5,inferred
Wigan,2021-08-25,109.0,121.0,130.0,134.0,137.0,142.0,148.0,154.0,160.0,164.0,167.0,178.0,196.0,inferred
Wigan,2021-08-26,106.0,119.0,128.0,131.0,134.0,140.0,144.0,149.0,155.3,159.0,164.0,174.0,187.0,inferred
Wigan,2021-08-27,93.0,105.0,113.0,117.0,120.0,125.0,130.0,135.0,140.0,143.0,147.0,157.0,170.0,inferred
Wigan,2021-08-28,79.5,90.0,97.0,99.0,102.0,106.0,110.0,115.0,121.0,123.2,127.0,135.1,150.0,inferred
Wigan,2021-08-29,85.0,95.0,102.0,105.0,108.0,113.0,118.0,123.0,129.0,132.0,136.0,145.0,162.0,inferred
Wigan,2021-08-30,126.0,140.0,149.0,152.8,155.0,162.0,168.0,174.4,181.0,184.0,188.2,200.1,222.0,inferred
Wigan,2021-08-31,118.5,133.0,143.0,147.0,150.0,156.0,163.0,168.0,174.0,178.0,183.0,196.0,210.5,inferred
Wigan,2021-09-01,125.0,140.0,149.0,152.0,156.0,162.0,167.0,173.0,178.0,182.0,186.0,197.1,213.0,inferred
Wigan,2021-09-02,123.5,136.0,145.0,149.0,153.0,159.0,165.0,170.0,176.0,180.0,184.0,195.0,211.0,inferred
Wigan,2021-09-03,110.0,122.0,131.0,135.0,138.0,144.0,149.0,155.0,161.0,164.0,168.0,180.0,194.5,inferred
Wigan,2021-09-04,91.0,105.0,112.0,115.0,117.0,122.0,127.0,132.0,138.0,141.2,145.0,155.0,169.0,inferred
Wigan,2021-09-05,101.0,113.0,121.0,124.0,127.0,133.0,138.0,143.0,150.0,153.0,156.0,166.0,182.5,inferred
Wigan,2021-09-06,144.9,162.0,173.0,177.0,181.0,188.0,195.0,202.0,209.0,213.0,217.0,229.0,249.0,inferred
Wigan,2021-09-07,138.0,151.9,162.0,166.0,169.0,175.0,182.0,188.0,195.0,199.0,203.0,213.0,231.5,inferred
Wigan,2021-09-08,133.0,148.0,158.0,161.8,165.0,171.0,177.0,183.0,189.0,193.0,197.0,208.0,224.5,inferred
Wigan,2021-09-09,120.0,135.0,144.0,147.0,151.0,157.0,163.0,169.0,176.0,178.2,183.0,195.0,213.0,inferred
Wigan,2021-09-10,101.0,113.0,121.0,124.0,127.0,133.0,138.5,144.0,149.0,152.0,156.0,167.0,183.5,inferred
Wigan,2021-09-11,77.0,89.0,96.0,99.0,101.0,105.0,110.0,115.0,120.0,123.0,127.0,136.0,149.5,inferred
Wigan,2021-09-12,78.5,89.9,97.0,100.0,102.0,107.0,111.0,117.0,122.0,125.0,128.0,136.0,150.0,inferred
Wigan,2021-09-13,110.0,123.0,132.0,135.0,138.0,145.0,150.0,155.0,161.0,165.0,168.0,179.0,196.0,inferred
Wigan,2021-09-14,101.0,114.0,122.0,126.0,129.0,134.0,140.0,145.0,151.0,154.0,158.0,168.0,184.0,inferred
Wigan,2021-09-15,104.5,118.0,128.0,132.0,135.0,141.0,146.0,151.0,158.0,161.0,165.0,177.0,192.0,inferred
Wigan,2021-09-16,108.0,120.0,129.0,132.0,135.0,141.0,146.0,151.0,157.0,160.0,165.0,174.0,191.5,inferred
Wigan,2021-09-17,96.0,108.0,116.0,120.0,122.7,128.0,133.0,138.0,144.0,147.0,151.0,160.0,173.0,inferred
Wigan,2021-09-18,81.0,92.0,100.0,102.0,104.0,109.0,114.0,118.0,124.0,128.0,130.2,139.0,155.5,inferred
Wigan,2021-09-19,89.0,102.0,109.0,112.0,115.0,120.0,125.0,131.0,136.0,139.0,142.0,149.0,164.0,inferred
Wigan,2021-09-20,137.0,149.9,159.0,163.0,166.0,172.0,178.0,184.0,191.0,194.0,199.0,212.0,231.0,inferred
Wigan,2021-09-21,128.0,141.0,151.0,154.0,158.0,164.0,170.0,176.0,182.0,186.0,189.0,199.0,216.0,inferred
Wigan,2021-09-22,131.5,144.0,153.0,157.0,160.0,166.0,172.0,178.0,184.0,188.0,192.0,202.1,219.0,inferred
Wigan,2021-09-23,123.5,137.0,146.0,150.0,153.0,159.0,164.0,170.0,177.0,181.0,184.2,195.0,211.0,inferred
Wigan,2021-09-24,107.0,118.0,127.8,131.0,134.0,139.6,144.0,150.0,155.0,158.0,162.0,172.0,189.0,inferred
Wigan,2021-09-25,86.0,97.0,105.0,108.0,111.0,116.0,121.0,125.0,130.0,133.0,136.0,145.0,162.0,inferred
Wigan,2021-09-26,92.0,103.0,111.0,114.0,117.0,122.0,127.0,131.0,137.0,140.0,144.0,152.0,169.0,inferred
Wigan,2021-09-27,133.0,147.0,156.0,159.0,162.0,168.0,174.0,181.0,188.0,192.0,196.2,206.0,224.0,inferred
Wigan,2021-09-28,121.0,136.0,147.0,151.0,154.0,160.0,166.0,172.4,179.0,182.0,187.0,198.0,215.0,inferred
Wigan,2021-09-29,130.0,142.0,150.0,154.0,157.7,164.0,170.0,176.0,183.0,187.0,191.0,202.0,219.5,inferred
Wigan,2021-09-30,124.0,139.0,148.0,152.0,155.0,161.0,167.0,174.0,180.0,183.0,188.0,197.0,215.5,inferred
Wigan,2021-10-01,113.0,126.0,135.0,138.0,141.0,147.0,152.0,158.0,163.0,167.0,170.0,180.0,198.5,inferred
Wigan,2021-10-02,93.0,105.0,114.0,117.0,120.0,125.0,130.0,135.0,140.0,143.0,147.0,157.0,172.0,inferred
Wigan,2021-10-03,102.5,116.0,124.0,127.0,130.0,136.0,142.0,147.0,153.0,156.0,160.0,170.0,186.0,inferred
Wigan,2021-10-04,152.0,168.0,179.0,183.0,187.0,193.0,200.0,206.0,212.0,217.0,221.0,235.0,254.5,inferred
Wigan,2021-10-05,145.0,161.0,171.0,176.0,180.0,185.0,192.0,199.0,206.0,209.2,213.0,224.0,245.0,inferred
Wigan,2021-10-06,150.0,166.0,177.0,181.0,184.0,191.0,197.0,203.0,209.3,214.0,218.2,232.0,250.0,inferred
Wigan,2021-10-07,148.5,163.0,175.0,179.0,182.0,188.6,194.0,201.0,207.0,211.0,215.0,224.1,244.0,inferred
Wigan,2021-10-08,132.0,146.0,156.0,159.0,162.0,167.0,173.0,179.0,186.0,189.0,193.0,206.0,224.0,inferred
Wigan,2021-10-09,111.0,123.0,132.0,134.0,137.0,142.6,148.0,153.0,159.0,162.0,166.0,175.0,190.0,inferred
Wigan,2021-10-10,120.0,132.0,141.0,145.0,148.0,154.0,159.0,164.0,171.0,175.0,179.0,190.0,207.5,inferred
Wigan,2021-10-11,176.5,191.0,203.0,208.0,212.0,219.0,225.0,232.0,240.0,244.0,248.2,261.0,280.5,inferred
Wigan,2021-10-12,161.0,177.0,189.0,193.0,197.0,203.0,210.0,216.0,224.0,228.0,233.0,246.0,269.0,inferred
Wigan,2021-10-13,161.0,176.9,187.0,191.0,195.0,201.0,208.0,214.0,222.0,226.0,231.0,242.0,262.5,inferred
Wigan,2021-10-14,145.0,160.0,170.0,175.0,178.0,185.6,192.0,199.0,206.0,210.0,215.0,226.0,249.0,inferred
Wigan,2021-10-15,125.0,137.0,147.0,151.0,155.0,162.0,167.5,174.0,180.0,183.0,188.0,201.0,220.5,inferred
Wiltshire,2021-07-03,68.0,77.0,83.0,86.0,88.0,93.0,97.0,101.0,106.0,109.0,112.0,119.0,134.0,inferred
Wiltshire,2021-07-04,77.0,86.0,92.0,94.0,97.0,101.0,105.0,110.0,114.0,116.0,119.0,127.0,141.0,inferred
Wiltshire,2021-07-05,111.5,125.0,133.0,137.0,140.0,144.6,149.0,155.0,159.0,162.0,166.0,175.0,190.0,inferred
Wiltshire,2021-07-06,126.5,139.0,147.0,150.0,153.0,158.0,163.0,168.0,174.0,177.0,181.0,189.0,205.0,inferred
Wiltshire,2021-07-07,136.0,149.0,157.0,160.0,163.0,168.6,174.0,179.0,185.3,188.0,193.0,203.0,220.5,inferred
Wiltshire,2021-07-08,144.0,159.0,168.0,171.0,175.0,180.0,186.0,192.0,198.0,201.0,206.0,218.0,233.0,inferred
Wiltshire,2021-07-09,146.0,160.0,169.0,173.0,176.7,183.0,189.0,195.0,201.0,205.2,210.0,221.0,238.0,inferred
Wiltshire,2021-07-10,128.0,144.0,153.0,157.0,159.7,166.0,172.0,178.0,185.0,188.0,191.0,203.0,218.0,inferred
Wiltshire,2021-07-11,148.0,163.0,174.0,178.0,182.0,189.0,195.0,202.0,209.0,212.0,216.0,228.1,247.0,inferred
Wiltshire,2021-07-12,223.5,248.0,262.8,267.0,273.0,282.0,291.0,299.0,311.0,316.0,321.2,337.0,360.0,inferred
Wiltshire,2021-07-13,239.0,261.0,276.0,282.0,287.0,296.0,305.0,313.0,323.0,328.0,334.0,352.0,376.0,inferred
Wiltshire,2021-07-14,239.0,258.0,271.8,278.0,282.0,292.0,300.0,308.0,317.0,322.0,328.0,345.0,372.0,inferred
Wiltshire,2021-07-15,229.5,251.0,263.0,267.8,272.0,281.0,288.0,297.0,306.0,311.0,316.0,331.0,354.0,inferred
Wiltshire,2021-07-16,206.0,224.0,236.0,241.0,245.0,252.0,259.0,268.0,276.0,281.0,286.0,299.1,324.0,inferred
Wiltshire,2021-07-17,165.5,181.0,192.0,196.0,199.0,206.0,212.0,219.0,227.0,231.2,236.0,249.0,268.0,inferred
Wiltshire,2021-07-18,168.0,185.0,194.0,199.0,202.0,209.0,215.0,222.0,230.0,235.0,239.0,252.0,272.5,inferred
Wiltshire,2021-07-19,227.0,249.0,264.0,270.0,275.0,285.0,293.0,301.0,310.0,315.0,320.0,335.0,360.0,inferred
Wiltshire,2021-07-20,226.0,246.0,259.0,265.0,271.0,280.0,288.0,296.0,305.0,310.0,317.0,332.0,354.0,inferred
Wiltshire,2021-07-21,209.0,227.0,239.8,245.0,250.0,259.0,266.0,273.0,282.0,288.0,294.0,307.0,328.0,inferred
Wiltshire,2021-07-22,191.0,212.0,223.0,227.0,231.0,239.0,247.0,255.0,261.0,266.0,271.0,286.0,307.5,inferred
Wiltshire,2021-07-23,164.0,181.0,191.8,196.0,199.7,206.0,212.0,219.0,227.0,230.0,235.0,246.0,265.0,inferred
Wiltshire,2021-07-24,126.0,138.0,148.0,152.0,155.0,160.0,166.0,172.0,178.0,181.0,185.0,194.0,210.5,inferred
Wiltshire,2021-07-25,120.0,133.0,142.0,147.0,150.0,155.0,161.0,166.0,173.0,176.0,180.0,193.0,209.5,inferred
Wiltshire,2021-07-26,157.5,175.0,186.0,191.0,194.0,201.6,208.0,215.4,224.0,228.0,233.0,246.0,265.0,inferred
Wiltshire,2021-07-27,155.0,172.9,184.8,188.0,192.0,199.0,206.0,213.0,220.0,225.0,229.0,244.0,263.0,inferred
Wiltshire,2021-07-28,150.0,168.0,179.0,183.0,187.0,193.0,200.0,206.0,214.0,218.0,222.0,234.0,251.0,inferred
Wiltshire,2021-07-29,149.0,163.0,173.0,177.0,181.0,188.0,194.0,200.0,207.0,211.0,215.0,226.1,245.0,inferred
Wiltshire,2021-07-30,131.5,148.0,157.0,161.0,164.7,171.0,177.0,183.0,190.0,194.0,197.0,209.0,228.0,inferred
Wiltshire,2021-07-31,109.0,121.0,129.0,132.0,136.0,142.0,148.0,154.0,160.0,163.0,167.0,177.0,192.0,inferred
Wiltshire,2021-08-01,112.0,125.0,134.0,137.0,140.0,146.0,152.0,159.0,165.0,169.0,173.0,182.1,200.5,inferred
Wiltshire,2021-08-02,155.5,172.0,183.0,188.0,193.0,200.0,207.0,215.0,223.0,227.0,231.0,243.0,268.0,inferred
Wiltshire,2021-08-03,158.5,175.0,187.8,192.0,197.0,204.0,210.0,218.0,227.3,231.0,237.0,250.0,271.0,inferred
Wiltshire,2021-08-04,155.0,173.0,184.0,188.0,193.0,200.0,206.0,213.0,220.0,225.0,229.0,241.0,264.5,inferred
Wiltshire,2021-08-05,158.0,172.0,182.0,187.0,190.0,197.0,203.0,211.0,218.0,222.0,226.2,237.0,257.0,inferred
Wiltshire,2021-08-06,144.0,158.0,168.0,173.0,177.0,183.0,189.0,195.0,201.0,204.0,209.0,220.0,236.5,inferred
Wiltshire,2021-08-07,116.0,131.0,140.0,143.0,146.0,152.6,159.0,164.0,169.0,172.0,177.0,187.0,204.5,inferred
Wiltshire,2021-08-08,122.5,134.9,144.0,147.0,151.0,157.0,163.0,169.0,175.3,180.0,184.0,196.0,213.5,inferred
Wiltshire,2021-08-09,171.0,189.0,201.0,204.0,208.0,217.0,224.0,233.0,241.0,246.0,252.0,267.0,291.5,inferred
Wiltshire,2021-08-10,178.0,199.0,211.0,216.0,220.0,227.0,234.0,241.0,250.0,255.0,259.2,276.0,296.0,inferred
Wiltshire,2021-08-11,186.0,204.0,216.0,220.0,224.0,231.0,240.0,247.0,255.0,259.0,265.0,279.0,300.0,inferred
Wiltshire,2021-08-12,193.0,210.0,221.0,226.0,231.0,237.0,244.0,253.0,260.0,264.0,269.0,283.0,307.0,inferred
Wiltshire,2021-08-13,185.0,202.0,213.8,218.0,222.0,229.0,236.0,243.0,250.0,253.2,258.0,271.0,289.0,inferred
Wiltshire,2021-08-14,155.0,172.0,183.0,187.0,190.0,197.0,203.0,210.0,217.0,221.0,225.0,236.0,255.5,inferred
Wiltshire,2021-08-15,169.0,188.0,199.0,203.0,206.0,213.0,220.0,227.0,234.0,238.0,244.0,256.1,277.0,inferred
Wiltshire,2021-08-16,247.0,266.0,282.0,288.0,292.0,302.0,310.0,320.0,329.0,335.0,340.0,356.0,385.5,inferred
Wiltshire,2021-08-17,252.0,273.0,288.0,293.8,299.0,308.0,316.0,326.0,337.0,343.0,349.2,365.1,390.0,inferred
Wiltshire,2021-08-18,242.0,262.0,277.0,282.0,286.0,294.0,303.0,312.0,321.3,328.0,334.0,350.0,376.0,inferred
Wiltshire,2021-08-19,232.5,249.0,262.0,267.0,271.0,279.0,287.0,296.0,306.0,310.0,315.0,328.0,352.5,inferred
Wiltshire,2021-08-20,200.5,218.0,232.0,235.0,240.0,247.6,255.0,263.0,271.0,275.0,279.0,293.0,312.0,inferred
Wiltshire,2021-08-21,157.0,175.0,187.0,191.0,194.0,201.0,207.0,213.0,220.0,224.0,229.0,242.0,260.5,inferred
Wiltshire,2021-08-22,157.0,176.0,185.0,189.0,193.0,201.0,207.0,214.0,221.0,225.0,230.0,242.0,266.0,inferred
Wiltshire,2021-08-23,214.5,232.0,245.0,251.0,255.7,264.0,273.0,282.0,291.0,297.0,302.0,317.0,340.0,inferred
Wiltshire,2021-08-24,216.0,234.0,250.0,255.0,260.0,269.0,277.0,284.0,293.0,298.0,304.0,321.0,347.5,inferred
Wiltshire,2021-08-25,209.0,229.0,242.0,247.0,251.0,260.0,268.0,276.0,284.0,288.2,294.0,309.0,327.0,inferred
Wiltshire,2021-08-26,206.0,226.0,239.0,243.0,248.0,257.0,264.0,271.0,280.0,284.0,289.0,305.0,324.0,inferred
Wiltshire,2021-08-27,191.5,207.0,219.0,223.0,226.7,234.0,241.0,249.0,256.0,261.0,266.0,279.0,298.0,inferred
Wiltshire,2021-08-28,156.0,171.0,180.0,184.0,188.0,195.0,201.0,207.0,214.0,217.0,221.0,234.0,254.0,inferred
Wiltshire,2021-08-29,158.0,175.0,187.0,191.0,196.0,202.0,209.0,215.0,222.0,226.0,231.0,244.0,266.0,inferred
Wiltshire,2021-08-30,222.0,243.0,255.0,261.0,265.0,274.0,284.0,292.0,302.0,306.0,313.0,327.0,354.5,inferred
Wiltshire,2021-08-31,220.9,242.0,257.0,262.8,266.0,276.0,285.0,294.0,303.0,309.0,314.2,330.0,352.5,inferred
Wiltshire,2021-09-01,212.5,229.9,244.0,248.8,253.0,261.0,268.0,276.0,284.0,290.0,295.0,310.0,332.0,inferred
Wiltshire,2021-09-02,197.5,216.9,229.0,234.0,237.0,245.0,252.5,261.0,268.0,273.0,279.0,293.0,317.5,inferred
Wiltshire,2021-09-03,173.0,190.0,201.0,205.0,209.0,216.0,223.0,231.0,239.0,243.0,247.0,259.0,280.0,inferred
Wiltshire,2021-09-04,135.0,150.0,159.0,162.0,165.0,171.0,178.0,184.0,191.0,195.0,199.0,209.1,226.0,inferred
Wiltshire,2021-09-05,133.5,148.0,159.0,162.0,165.0,171.0,177.0,183.0,190.0,194.0,199.0,211.0,228.5,inferred
Wiltshire,2021-09-06,177.5,197.0,208.0,213.0,217.0,225.0,233.0,241.0,249.0,254.0,260.0,273.1,294.5,inferred
Wiltshire,2021-09-07,169.0,190.0,203.0,208.0,213.0,220.0,227.0,234.0,242.0,246.0,251.0,265.0,284.0,inferred
Wiltshire,2021-09-08,161.0,175.0,187.0,191.0,195.0,203.0,210.0,217.0,225.0,229.0,232.2,245.0,271.5,inferred
Wiltshire,2021-09-09,149.0,163.0,173.0,176.0,181.0,188.0,194.0,201.4,208.0,212.0,216.0,228.0,248.5,inferred
Wiltshire,2021-09-10,130.0,143.0,152.0,155.0,159.0,164.0,170.0,176.0,182.0,185.0,190.0,200.0,218.0,inferred
Wiltshire,2021-09-11,94.0,109.0,117.0,120.0,123.0,128.0,134.0,138.0,144.0,147.0,151.0,161.0,177.0,inferred
Wiltshire,2021-09-12,93.0,105.0,114.0,117.0,120.0,125.0,129.0,135.0,140.0,143.0,147.0,156.0,170.0,inferred
Wiltshire,2021-09-13,126.5,140.0,148.0,152.0,156.0,163.0,169.0,176.0,183.0,187.0,191.0,203.0,220.0,inferred
Wiltshire,2021-09-14,127.5,142.0,152.0,157.0,160.0,167.0,174.0,180.0,187.0,191.0,196.0,207.0,226.0,inferred
Wiltshire,2021-09-15,132.0,148.9,159.0,163.0,166.0,172.0,178.5,185.0,192.0,196.0,201.0,212.0,230.5,inferred
Wiltshire,2021-09-16,143.0,156.9,167.0,171.0,174.0,181.0,187.0,194.0,200.0,204.0,208.2,220.0,243.5,inferred
Wiltshire,2021-09-17,137.5,154.0,163.0,167.0,170.0,177.0,182.0,188.0,195.0,199.0,202.0,216.0,231.0,inferred
Wiltshire,2021-09-18,121.0,133.0,142.0,145.8,150.0,155.0,162.0,168.0,174.0,177.0,182.0,192.0,208.5,inferred
Wiltshire,2021-09-19,133.0,147.0,157.0,161.0,165.0,172.0,178.0,184.0,191.0,195.0,199.0,209.0,225.5,inferred
Wiltshire,2021-09-20,199.0,216.0,230.0,235.0,239.0,247.0,255.0,263.0,271.0,277.0,281.0,296.0,321.5,inferred
Wiltshire,2021-09-21,208.5,228.0,241.0,246.0,251.0,259.0,267.0,275.4,284.0,290.0,295.0,311.0,340.0,inferred
Wiltshire,2021-09-22,214.5,230.0,243.0,247.0,252.0,261.0,269.0,278.0,287.0,292.0,297.0,310.0,334.0,inferred
Wiltshire,2021-09-23,215.0,232.0,246.0,251.0,254.0,262.0,269.0,277.0,285.3,290.0,295.2,310.0,334.0,inferred
Wiltshire,2021-09-24,200.0,219.0,231.0,236.0,240.0,247.0,253.0,261.0,269.0,274.0,278.0,291.0,314.5,inferred
Wiltshire,2021-09-25,170.0,185.9,196.0,200.0,204.0,210.0,216.0,222.0,229.0,233.0,237.0,249.0,268.5,inferred
Wiltshire,2021-09-26,178.0,195.0,208.0,212.0,216.0,223.0,230.0,236.0,244.0,249.0,253.0,266.0,286.0,inferred
Wiltshire,2021-09-27,252.0,276.9,291.0,297.0,302.0,311.0,319.0,329.0,340.0,344.2,350.0,366.0,390.5,inferred
Wiltshire,2021-09-28,251.0,276.0,293.0,298.8,304.0,313.0,322.0,333.0,343.0,349.0,354.0,371.0,395.0,inferred
Wiltshire,2021-09-29,245.0,264.0,277.0,283.0,288.0,297.0,305.0,314.0,323.0,328.2,334.0,349.0,370.0,inferred
Wiltshire,2021-09-30,226.0,245.0,259.0,264.0,268.0,276.0,285.0,292.4,300.3,305.0,310.0,323.0,344.0,inferred
Wiltshire,2021-10-01,200.0,216.0,227.0,231.0,236.0,243.0,250.0,257.0,264.0,268.0,272.2,285.0,305.5,inferred
Wiltshire,2021-10-02,151.0,166.0,177.0,180.0,184.0,191.0,197.0,204.0,211.0,215.0,219.0,229.0,249.0,inferred
Wiltshire,2021-10-03,150.0,164.0,175.0,179.0,183.0,189.0,196.0,202.0,209.0,213.0,216.0,229.0,247.0,inferred
Wiltshire,2021-10-04,200.0,220.0,232.0,237.0,241.0,250.0,258.0,266.0,275.0,280.0,285.0,301.0,323.0,inferred
Wiltshire,2021-10-05,212.5,232.0,247.0,252.0,256.0,265.0,273.0,281.0,289.0,294.0,300.0,314.1,342.0,inferred
Wiltshire,2021-10-06,232.0,253.0,268.0,273.0,278.0,286.0,293.0,301.0,311.0,315.0,320.0,334.0,359.5,inferred
Wiltshire,2021-10-07,259.0,280.0,293.0,298.0,304.0,313.0,321.0,329.0,337.0,343.0,348.0,362.0,385.5,inferred
Wiltshire,2021-10-08,264.0,283.0,298.0,303.0,307.0,317.0,325.0,333.0,342.0,347.2,353.0,369.0,391.0,inferred
Wiltshire,2021-10-09,242.5,261.0,273.0,278.0,284.0,292.0,299.0,307.0,316.0,322.0,327.0,342.0,364.0,inferred
Wiltshire,2021-10-10,278.0,299.0,314.0,319.0,325.0,334.0,342.5,351.0,359.0,364.0,370.0,386.0,408.5,inferred
Wiltshire,2021-10-11,415.5,450.0,471.0,479.0,484.7,496.0,507.5,520.0,534.0,541.2,550.0,572.0,610.0,inferred
Wiltshire,2021-10-12,475.0,502.0,526.0,536.0,543.0,556.0,568.0,582.0,597.0,604.0,613.0,636.0,675.0,inferred
Wiltshire,2021-10-13,514.0,544.0,567.0,574.0,581.0,596.0,610.0,623.0,637.0,645.2,654.0,673.0,707.0,inferred
Wiltshire,2021-10-14,538.0,581.0,608.0,617.0,626.0,639.0,651.5,667.0,682.0,691.0,699.0,730.0,772.0,inferred
Wiltshire,2021-10-15,529.0,571.0,603.0,610.8,620.7,638.0,657.0,676.0,695.0,705.0,716.0,745.0,795.5,inferred
Winchester,2021-07-03,16.0,20.0,23.0,24.0,26.0,28.0,30.0,32.4,35.0,37.0,38.0,43.0,52.0,inferred
Winchester,2021-07-04,18.5,23.0,27.0,28.0,30.0,32.0,34.0,37.0,39.0,41.0,43.0,48.0,56.0,inferred
Winchester,2021-07-05,31.0,37.0,41.0,43.0,44.0,47.0,50.0,53.0,56.0,58.0,61.0,66.0,75.5,inferred
Winchester,2021-07-06,32.0,39.0,43.0,44.0,46.0,49.0,51.0,54.0,57.0,59.0,61.0,67.0,75.0,inferred
Winchester,2021-07-07,33.0,40.0,45.0,46.0,48.0,51.0,54.0,56.4,60.0,62.0,64.0,70.0,79.0,inferred
Winchester,2021-07-08,32.0,39.0,43.8,46.0,47.0,50.0,53.0,56.0,59.0,61.0,64.0,69.0,78.0,inferred
Winchester,2021-07-09,30.0,37.0,42.0,44.0,45.0,48.0,51.0,54.0,57.0,59.0,61.0,67.0,76.0,inferred
Winchester,2021-07-10,27.0,33.0,37.0,39.0,40.0,43.0,45.0,48.0,51.0,53.0,55.0,61.0,69.0,inferred
Winchester,2021-07-11,29.0,35.0,40.0,42.0,44.0,47.0,50.0,53.0,56.0,58.0,60.0,65.0,74.0,inferred
Winchester,2021-07-12,45.5,54.0,59.0,61.0,63.0,66.0,70.0,73.0,77.0,79.0,81.0,88.0,101.0,inferred
Winchester,2021-07-13,45.0,53.0,58.0,60.0,62.0,66.0,69.0,73.0,76.0,78.0,80.0,87.0,98.0,inferred
Winchester,2021-07-14,45.0,52.0,57.0,59.0,62.0,65.0,69.0,72.0,76.0,78.0,81.0,87.0,97.0,inferred
Winchester,2021-07-15,41.0,49.0,54.0,56.0,57.0,61.0,64.0,67.0,71.0,74.0,76.0,82.0,93.0,inferred
Winchester,2021-07-16,38.0,44.0,49.0,51.0,53.0,56.0,59.0,62.0,66.0,68.0,70.0,76.0,87.0,inferred
Winchester,2021-07-17,31.0,37.0,41.0,43.0,44.0,47.0,50.0,53.0,56.0,58.0,60.0,66.0,74.0,inferred
Winchester,2021-07-18,31.0,37.0,42.0,43.8,45.0,48.0,51.0,54.0,57.0,59.0,61.0,67.0,75.0,inferred
Winchester,2021-07-19,42.0,50.0,56.0,58.0,60.0,63.0,67.0,71.0,74.0,76.0,78.2,85.0,95.0,inferred
Winchester,2021-07-20,41.0,48.0,53.0,55.0,57.0,60.0,63.0,67.0,70.0,72.0,75.0,80.1,91.0,inferred
Winchester,2021-07-21,37.0,45.0,49.0,51.0,53.0,56.0,59.0,62.0,66.0,68.0,70.0,76.0,85.0,inferred
Winchester,2021-07-22,33.0,39.0,43.0,45.0,47.0,50.0,53.0,56.0,59.0,61.0,63.0,69.0,78.0,inferred
Winchester,2021-07-23,26.0,32.0,37.0,39.0,40.0,43.0,46.0,48.0,52.0,53.0,55.0,60.0,69.0,inferred
Winchester,2021-07-24,20.0,26.0,29.0,30.8,32.0,34.0,37.0,39.0,42.0,43.0,45.0,50.0,57.0,inferred
Winchester,2021-07-25,19.0,24.0,27.0,29.0,30.0,33.0,35.0,38.0,40.0,42.0,44.0,49.0,55.0,inferred
Winchester,2021-07-26,27.0,32.0,36.0,38.0,39.0,42.0,44.0,47.0,51.0,52.0,54.0,59.0,68.0,inferred
Winchester,2021-07-27,25.0,30.0,34.0,35.0,37.0,40.0,42.0,45.0,48.0,49.0,51.0,56.0,66.0,inferred
Winchester,2021-07-28,24.0,30.0,34.0,36.0,37.0,40.0,42.0,45.0,48.0,50.0,52.0,57.0,66.0,inferred
Winchester,2021-07-29,23.0,29.0,32.0,34.0,35.0,38.0,40.0,43.0,46.0,47.0,49.0,54.0,63.0,inferred
Winchester,2021-07-30,21.0,26.0,29.0,30.0,32.0,34.0,37.0,39.0,42.0,44.0,46.0,51.0,59.0,inferred
Winchester,2021-07-31,16.0,21.0,24.0,26.0,27.0,30.0,32.0,34.0,37.0,39.0,40.0,44.0,52.5,inferred
Winchester,2021-08-01,16.0,21.0,25.0,26.0,27.0,30.0,32.0,35.0,37.0,39.0,41.0,46.0,51.0,inferred
Winchester,2021-08-02,25.0,30.0,35.0,36.0,38.0,41.0,43.5,47.0,50.0,52.0,53.0,59.0,67.5,inferred
Winchester,2021-08-03,24.5,30.0,34.0,36.0,37.0,40.0,43.0,45.0,48.0,50.0,53.0,58.0,67.0,inferred
Winchester,2021-08-04,26.0,31.0,35.0,37.0,39.0,41.0,44.0,47.0,50.0,52.0,54.0,60.0,69.0,inferred
Winchester,2021-08-05,25.0,30.0,34.0,36.0,37.0,40.0,43.0,45.0,48.0,50.0,52.0,57.0,66.0,inferred
Winchester,2021-08-06,23.5,28.0,32.0,34.0,35.0,37.0,40.0,42.0,45.0,47.0,49.0,53.0,63.0,inferred
Winchester,2021-08-07,19.0,24.0,28.0,29.0,30.0,33.0,35.0,38.0,40.0,41.0,43.0,48.0,56.0,inferred
Winchester,2021-08-08,20.0,26.0,29.0,30.0,32.0,35.0,37.0,39.0,42.0,43.0,45.0,49.0,58.0,inferred
Winchester,2021-08-09,30.0,37.0,41.0,43.0,45.0,47.0,50.0,53.0,57.0,58.2,60.0,66.0,75.0,inferred
Winchester,2021-08-10,28.5,36.0,41.0,42.0,44.0,47.0,50.0,53.0,56.0,58.0,60.0,66.0,76.0,inferred
Winchester,2021-08-11,32.0,38.0,42.0,44.0,46.0,49.0,51.5,55.0,58.0,60.0,62.0,68.0,77.0,inferred
Winchester,2021-08-12,32.0,38.0,42.0,44.0,45.0,48.0,51.0,54.0,57.0,59.0,61.0,66.0,75.0,inferred
Winchester,2021-08-13,29.0,36.0,40.0,41.0,43.0,46.0,49.0,51.0,55.0,57.0,59.0,65.0,74.0,inferred
Winchester,2021-08-14,26.0,31.0,34.8,36.0,37.0,40.0,43.0,46.0,49.0,50.0,52.0,58.0,67.0,inferred
Winchester,2021-08-15,27.0,33.0,37.0,39.0,40.0,43.0,45.0,48.0,51.0,53.0,55.0,60.1,70.0,inferred
Winchester,2021-08-16,39.0,48.0,53.0,55.0,57.0,61.0,64.0,67.0,71.0,73.0,75.0,82.0,92.0,inferred
Winchester,2021-08-17,40.0,48.0,53.0,55.0,56.7,60.0,63.0,66.0,69.0,72.0,74.0,81.0,92.0,inferred
Winchester,2021-08-18,41.0,47.0,52.0,55.0,56.0,59.6,63.0,66.0,69.0,71.0,74.0,80.0,90.0,inferred
Winchester,2021-08-19,37.0,44.0,49.0,51.0,52.0,55.0,59.0,62.0,66.0,68.0,70.0,76.0,86.5,inferred
Winchester,2021-08-20,33.0,39.0,44.0,45.0,47.0,50.0,53.0,56.0,60.0,62.0,64.0,69.0,78.0,inferred
Winchester,2021-08-21,26.0,32.0,36.0,38.0,39.0,42.0,44.0,47.0,51.0,53.0,54.2,60.0,68.0,inferred
Winchester,2021-08-22,26.0,31.0,36.0,37.0,39.0,42.0,45.0,47.0,50.0,52.0,54.0,59.0,69.0,inferred
Winchester,2021-08-23,36.0,43.0,49.0,51.0,52.0,55.0,59.0,62.0,65.0,67.0,70.0,76.0,87.0,inferred
Winchester,2021-08-24,35.0,42.0,47.0,49.0,51.0,53.0,56.0,60.0,63.0,65.0,66.0,73.0,83.0,inferred
Winchester,2021-08-25,35.0,42.0,48.0,50.0,51.0,54.6,57.0,60.0,64.0,66.0,68.0,74.0,83.5,inferred
Winchester,2021-08-26,33.0,40.0,45.0,46.0,48.0,51.0,54.0,57.0,60.0,63.0,65.0,70.0,80.0,inferred
Winchester,2021-08-27,30.0,36.0,41.0,43.0,45.0,48.0,51.0,53.0,57.0,58.0,60.0,66.0,75.0,inferred
Winchester,2021-08-28,25.0,31.0,36.0,37.0,39.0,41.0,44.0,46.0,49.0,50.0,52.2,58.0,67.0,inferred
Winchester,2021-08-29,26.0,32.0,36.0,38.0,39.0,42.0,45.0,48.0,50.0,52.0,54.0,59.0,68.0,inferred
Winchester,2021-08-30,38.0,45.0,50.0,52.0,54.0,57.0,60.0,64.0,68.0,70.0,72.0,79.0,88.0,inferred
Winchester,2021-08-31,36.0,43.0,48.0,50.0,51.0,54.0,57.0,60.0,64.0,66.0,69.0,75.0,85.0,inferred
Winchester,2021-09-01,36.0,43.0,48.0,49.0,51.0,54.0,57.0,60.0,64.0,65.0,67.0,74.0,84.0,inferred
Winchester,2021-09-02,33.0,39.0,44.0,46.0,47.0,50.0,53.0,56.0,59.0,61.0,63.0,69.0,79.5,inferred
Winchester,2021-09-03,28.0,35.0,39.0,41.0,43.0,45.0,48.0,51.0,54.0,56.0,58.0,64.0,72.0,inferred
Winchester,2021-09-04,22.0,28.0,31.8,33.0,34.0,37.0,40.0,42.0,45.0,47.0,48.0,53.0,61.0,inferred
Winchester,2021-09-05,22.0,29.0,32.0,34.0,36.0,38.0,41.0,43.0,46.0,48.0,50.0,56.0,63.0,inferred
Winchester,2021-09-06,33.0,39.0,44.0,46.0,47.0,50.0,53.0,56.0,59.0,61.2,64.0,70.0,79.0,inferred
Winchester,2021-09-07,30.0,36.0,41.0,42.0,44.0,47.0,50.0,53.0,56.0,58.0,60.0,66.0,75.0,inferred
Winchester,2021-09-08,29.0,35.0,39.0,41.0,42.0,46.0,48.0,51.0,55.0,57.0,59.0,64.0,73.0,inferred
Winchester,2021-09-09,26.0,32.9,36.0,38.0,39.0,42.0,45.0,48.0,51.0,53.0,55.0,60.0,69.0,inferred
Winchester,2021-09-10,22.5,29.0,32.0,34.0,35.0,38.0,40.0,42.0,45.0,47.0,48.0,54.0,62.0,inferred
Winchester,2021-09-11,17.0,22.0,26.0,27.0,28.0,31.0,33.0,36.0,38.0,40.0,42.0,46.0,53.0,inferred
Winchester,2021-09-12,17.0,22.0,25.0,27.0,28.0,30.0,33.0,35.0,38.0,39.0,41.0,45.0,54.0,inferred
Winchester,2021-09-13,25.0,31.0,35.0,36.0,38.0,41.0,44.0,46.0,49.0,51.0,53.0,58.0,69.0,inferred
Winchester,2021-09-14,23.0,29.0,33.0,35.0,37.0,39.0,42.0,45.0,48.0,50.0,52.0,57.0,65.0,inferred
Winchester,2021-09-15,26.0,31.0,36.0,37.0,39.0,41.0,44.0,47.0,50.0,52.0,54.0,59.0,68.0,inferred
Winchester,2021-09-16,24.0,31.0,35.0,37.0,39.0,42.0,44.0,47.0,50.0,51.0,53.2,59.0,67.0,inferred
Winchester,2021-09-17,24.0,30.0,34.0,36.0,38.0,41.0,43.0,46.0,48.0,50.0,52.0,57.0,66.0,inferred
Winchester,2021-09-18,21.0,27.0,31.0,32.0,34.0,36.0,38.0,41.0,44.0,45.0,47.0,52.1,62.0,inferred
Winchester,2021-09-19,23.0,29.0,33.0,34.0,36.0,39.0,41.0,44.0,47.0,49.0,50.0,55.0,63.0,inferred
Winchester,2021-09-20,36.0,42.0,48.0,50.0,51.0,54.0,58.0,60.0,64.0,66.0,68.0,74.0,84.0,inferred
Winchester,2021-09-21,36.0,42.0,47.8,49.0,51.0,55.0,58.0,61.0,64.0,66.0,68.0,75.0,85.0,inferred
Winchester,2021-09-22,38.0,44.0,49.0,51.0,53.0,56.0,60.0,63.0,67.0,69.0,72.0,78.0,86.0,inferred
Winchester,2021-09-23,37.0,44.0,48.0,50.0,52.0,55.0,58.0,61.0,64.0,66.0,68.0,74.0,84.0,inferred
Winchester,2021-09-24,35.0,41.0,46.0,48.0,49.0,52.0,55.0,58.0,62.0,64.0,66.0,72.0,81.0,inferred
Winchester,2021-09-25,29.0,35.0,40.0,41.0,43.0,46.0,48.0,51.0,54.0,56.0,58.0,64.0,73.0,inferred
Winchester,2021-09-26,31.0,37.0,42.0,44.0,45.0,48.0,51.0,54.0,57.0,59.0,62.0,67.0,77.0,inferred
Winchester,2021-09-27,46.0,54.0,59.0,61.0,64.0,67.0,71.0,75.0,78.0,81.0,83.0,90.0,103.0,inferred
Winchester,2021-09-28,46.0,54.0,59.0,62.0,64.0,67.0,70.0,74.0,78.0,80.0,83.0,89.0,101.0,inferred
Winchester,2021-09-29,48.5,58.0,63.0,65.0,67.0,70.0,74.0,77.0,81.0,84.0,86.0,93.0,103.0,inferred
Winchester,2021-09-30,48.5,56.0,62.0,64.0,66.0,70.0,73.0,77.0,81.0,83.0,85.0,92.0,106.0,inferred
Winchester,2021-10-01,46.5,54.0,59.0,61.0,64.0,67.0,70.0,74.0,77.0,79.0,82.0,88.0,99.0,inferred
Winchester,2021-10-02,40.0,48.0,53.0,54.0,56.0,59.0,62.0,65.0,68.0,70.0,72.0,78.0,89.0,inferred
Winchester,2021-10-03,44.0,51.0,57.0,59.0,61.0,64.0,68.0,71.0,74.0,76.2,79.0,85.0,95.0,inferred
Winchester,2021-10-04,66.0,75.0,82.0,84.0,86.0,91.0,95.0,98.4,103.0,105.0,108.0,116.0,128.0,inferred
Winchester,2021-10-05,67.0,76.0,82.0,85.0,87.0,91.0,95.0,100.0,105.0,107.0,111.0,119.0,130.0,inferred
Winchester,2021-10-06,72.0,82.0,89.0,92.0,94.0,98.0,103.0,107.0,112.0,115.0,117.0,125.0,137.0,inferred
Winchester,2021-10-07,75.0,85.0,92.0,95.0,97.0,101.0,106.0,110.0,115.0,117.0,120.0,128.0,141.0,inferred
Winchester,2021-10-08,75.5,85.0,92.0,95.0,97.0,101.0,105.0,109.0,114.0,116.0,118.0,125.0,139.5,inferred
Winchester,2021-10-09,67.0,76.0,82.0,84.0,87.0,90.6,94.0,99.0,103.3,106.0,109.0,116.0,129.0,inferred
Winchester,2021-10-10,74.0,84.0,92.0,94.0,96.0,101.0,105.0,109.0,113.0,116.0,119.0,126.0,136.0,inferred
Winchester,2021-10-11,110.0,123.0,132.0,136.0,139.0,144.0,149.0,154.0,159.0,162.0,166.0,175.0,190.5,inferred
Winchester,2021-10-12,112.5,123.0,133.0,136.0,139.0,145.0,149.0,154.0,159.0,162.0,166.0,176.0,191.0,inferred
Winchester,2021-10-13,115.0,129.0,137.0,141.0,143.0,149.0,154.0,160.0,165.0,168.0,172.0,182.0,195.0,inferred
Winchester,2021-10-14,114.0,126.0,133.0,136.8,140.0,145.0,150.0,156.0,161.0,165.0,168.0,177.0,192.5,inferred
Winchester,2021-10-15,104.0,116.9,124.0,128.0,131.0,136.0,142.0,147.0,153.0,156.0,159.0,169.0,187.0,inferred
Windsor and Maidenhead,2021-07-03,16.0,20.0,23.0,24.0,26.0,28.0,31.0,33.0,37.0,38.0,41.0,46.0,54.0,inferred
Windsor and Maidenhead,2021-07-04,18.0,23.0,27.0,29.0,30.0,33.0,35.0,38.0,41.0,42.0,45.0,49.0,58.0,inferred
Windsor and Maidenhead,2021-07-05,29.0,35.0,40.0,42.0,43.7,47.0,50.0,53.0,57.0,59.0,61.0,67.0,77.0,inferred
Windsor and Maidenhead,2021-07-06,31.0,37.0,41.0,43.0,45.0,48.0,51.0,54.0,58.0,60.0,62.0,69.0,79.0,inferred
Windsor and Maidenhead,2021-07-07,33.5,40.0,45.0,47.0,48.0,52.0,56.0,59.0,63.0,65.0,67.0,73.0,82.0,inferred
Windsor and Maidenhead,2021-07-08,34.0,42.0,46.0,49.0,50.0,53.0,56.0,60.0,63.0,65.0,68.0,73.1,82.5,inferred
Windsor and Maidenhead,2021-07-09,34.0,42.0,46.0,48.0,50.0,53.0,56.5,59.0,63.0,66.0,68.0,74.0,85.0,inferred
Windsor and Maidenhead,2021-07-10,30.5,39.0,43.0,45.0,47.0,50.0,53.0,56.0,59.0,62.0,64.0,70.0,82.5,inferred
Windsor and Maidenhead,2021-07-11,36.0,42.0,48.0,50.0,52.0,55.0,58.0,63.0,66.0,68.0,71.0,76.0,87.0,inferred
Windsor and Maidenhead,2021-07-12,57.0,66.0,72.0,74.0,77.0,81.0,86.0,90.0,94.0,96.0,99.0,107.0,120.0,inferred
Windsor and Maidenhead,2021-07-13,57.5,66.0,72.0,75.0,77.0,81.0,86.0,90.0,94.0,97.0,100.0,106.0,119.0,inferred
Windsor and Maidenhead,2021-07-14,58.0,67.0,73.0,76.0,79.0,83.0,87.0,92.0,97.0,100.0,103.0,110.0,123.0,inferred
Windsor and Maidenhead,2021-07-15,55.0,64.0,70.0,72.0,74.0,80.0,83.0,87.0,92.0,94.0,97.0,105.0,118.0,inferred
Windsor and Maidenhead,2021-07-16,48.0,57.0,63.0,66.0,68.0,72.0,76.0,80.0,84.0,86.0,90.0,97.0,108.0,inferred
Windsor and Maidenhead,2021-07-17,41.0,48.0,53.0,55.0,58.0,61.0,64.0,68.0,72.0,74.0,76.0,84.0,94.5,inferred
Windsor and Maidenhead,2021-07-18,40.0,49.0,55.0,57.0,58.0,62.0,66.0,69.0,73.0,75.0,78.0,84.0,95.0,inferred
Windsor and Maidenhead,2021-07-19,57.0,66.0,73.8,76.0,78.0,82.0,86.0,90.0,95.0,97.2,101.0,108.0,123.0,inferred
Windsor and Maidenhead,2021-07-20,52.0,61.0,67.0,69.8,72.0,76.0,79.0,83.0,88.0,90.0,92.2,101.0,115.0,inferred
Windsor and Maidenhead,2021-07-21,48.0,57.0,63.0,65.0,67.0,72.0,75.0,79.0,83.0,85.0,88.0,95.0,108.5,inferred
Windsor and Maidenhead,2021-07-22,42.0,50.0,55.0,57.0,60.0,63.0,67.0,69.0,74.0,76.0,78.0,85.0,98.0,inferred
Windsor and Maidenhead,2021-07-23,35.0,41.0,46.0,48.0,50.0,53.0,56.0,60.0,63.0,65.0,68.0,74.0,84.0,inferred
Windsor and Maidenhead,2021-07-24,25.5,31.0,36.0,37.0,39.0,42.0,45.0,48.0,51.0,52.2,54.0,60.0,69.0,inferred
Windsor and Maidenhead,2021-07-25,24.0,30.0,34.0,35.0,37.0,40.0,43.0,45.0,48.0,50.0,53.0,58.0,67.0,inferred
Windsor and Maidenhead,2021-07-26,31.0,38.0,42.0,44.0,46.0,49.0,52.0,55.0,59.0,61.0,63.0,69.1,81.0,inferred
Windsor and Maidenhead,2021-07-27,28.0,35.0,40.0,42.0,44.0,47.0,50.0,53.0,57.0,59.0,61.0,67.0,79.5,inferred
Windsor and Maidenhead,2021-07-28,30.5,37.0,41.8,43.0,45.0,48.0,51.0,54.4,59.0,61.0,63.0,70.0,80.0,inferred
Windsor and Maidenhead,2021-07-29,29.0,35.0,40.0,41.0,43.0,47.0,50.0,52.4,56.0,57.0,59.0,66.0,76.0,inferred
Windsor and Maidenhead,2021-07-30,26.0,33.0,38.0,40.0,41.0,45.0,47.0,50.0,54.0,55.0,57.0,64.0,73.0,inferred
Windsor and Maidenhead,2021-07-31,22.0,29.0,32.0,34.0,35.0,38.0,40.0,44.0,47.0,49.0,51.0,57.0,67.0,inferred
Windsor and Maidenhead,2021-08-01,25.0,30.0,35.0,37.0,38.0,41.0,44.0,46.0,49.0,51.0,53.0,60.0,69.0,inferred
Windsor and Maidenhead,2021-08-02,36.0,43.0,49.0,51.0,53.0,56.0,60.0,63.0,66.0,68.0,70.0,78.0,89.5,inferred
Windsor and Maidenhead,2021-08-03,35.0,43.0,48.0,50.0,52.0,55.0,59.0,62.4,67.0,69.0,71.0,78.0,91.0,inferred
Windsor and Maidenhead,2021-08-04,37.0,44.0,49.0,51.0,53.0,57.0,61.0,64.0,68.0,70.0,72.0,80.0,92.0,inferred
Windsor and Maidenhead,2021-08-05,34.5,42.9,47.8,50.0,52.0,55.0,58.0,62.0,65.0,68.0,70.0,78.0,86.5,inferred
Windsor and Maidenhead,2021-08-06,34.0,40.0,45.0,47.0,49.0,52.0,56.0,59.0,63.0,65.0,67.0,74.0,84.0,inferred
Windsor and Maidenhead,2021-08-07,28.0,35.0,39.0,41.0,42.0,44.0,48.0,51.0,54.0,56.0,58.2,65.0,75.0,inferred
Windsor and Maidenhead,2021-08-08,28.0,36.0,41.0,43.0,44.0,47.0,50.0,53.0,57.0,59.0,61.0,68.0,79.0,inferred
Windsor and Maidenhead,2021-08-09,44.5,52.0,58.0,61.0,62.0,66.0,70.0,74.0,77.0,80.0,83.0,91.0,103.0,inferred
Windsor and Maidenhead,2021-08-10,42.0,50.0,56.0,58.0,60.0,64.0,67.0,71.0,75.0,77.0,80.0,88.0,99.0,inferred
Windsor and Maidenhead,2021-08-11,44.0,52.0,58.0,60.0,62.0,66.0,70.0,73.0,78.0,81.0,83.0,90.0,104.0,inferred
Windsor and Maidenhead,2021-08-12,43.0,51.0,56.0,59.0,61.0,64.0,68.0,72.0,76.0,78.0,81.0,89.0,100.0,inferred
Windsor and Maidenhead,2021-08-13,39.5,48.0,53.0,55.0,57.0,61.0,64.0,68.0,72.0,74.0,76.0,84.0,94.0,inferred
Windsor and Maidenhead,2021-08-14,34.0,41.0,45.8,47.0,49.0,53.0,56.0,59.0,63.0,65.0,67.0,74.0,83.5,inferred
Windsor and Maidenhead,2021-08-15,36.0,43.0,48.0,50.0,52.0,55.0,58.0,61.0,66.0,68.0,70.0,76.0,87.5,inferred
Windsor and Maidenhead,2021-08-16,52.0,62.0,68.0,71.0,73.0,77.0,80.0,84.0,88.0,91.0,94.0,101.0,114.5,inferred
Windsor and Maidenhead,2021-08-17,50.0,58.0,65.0,68.0,70.0,74.0,78.0,82.0,87.0,89.0,92.0,99.0,112.0,inferred
Windsor and Maidenhead,2021-08-18,50.0,61.0,67.0,69.0,71.0,74.0,78.0,83.0,86.0,89.0,92.0,100.0,112.0,inferred
Windsor and Maidenhead,2021-08-19,49.0,55.0,61.0,64.0,66.0,70.0,74.0,77.0,82.0,84.0,87.0,95.0,105.0,inferred
Windsor and Maidenhead,2021-08-20,43.0,51.0,56.0,58.0,60.0,63.0,67.0,71.0,75.0,77.0,80.0,86.0,100.0,inferred
Windsor and Maidenhead,2021-08-21,33.5,42.0,47.0,49.0,51.0,54.0,57.0,61.0,64.0,66.2,69.0,76.0,86.5,inferred
Windsor and Maidenhead,2021-08-22,36.0,43.0,48.0,50.0,52.0,56.0,59.0,62.0,65.0,67.0,70.0,77.0,87.0,inferred
Windsor and Maidenhead,2021-08-23,52.0,60.0,66.0,68.0,70.0,75.0,78.0,82.0,87.0,89.0,92.0,100.0,112.0,inferred
Windsor and Maidenhead,2021-08-24,48.0,57.0,63.8,66.0,68.0,73.0,76.0,80.0,84.0,87.0,89.0,97.0,109.0,inferred
Windsor and Maidenhead,2021-08-25,51.0,59.0,64.0,67.0,70.0,74.0,78.0,83.0,87.0,89.0,92.0,99.0,110.0,inferred
Windsor and Maidenhead,2021-08-26,50.0,58.0,64.0,67.0,68.0,72.0,76.0,80.0,85.0,87.0,90.0,97.0,109.0,inferred
Windsor and Maidenhead,2021-08-27,47.0,55.0,61.0,63.0,65.0,69.0,73.0,77.0,81.0,83.0,85.0,94.0,105.0,inferred
Windsor and Maidenhead,2021-08-28,38.0,46.0,52.0,54.0,56.0,60.0,63.5,67.0,71.0,73.0,76.0,83.0,93.0,inferred
Windsor and Maidenhead,2021-08-29,42.0,50.0,56.0,58.0,60.0,64.0,67.0,70.0,74.0,77.0,79.0,86.0,97.5,inferred
Windsor and Maidenhead,2021-08-30,63.0,72.0,79.0,81.0,84.0,89.0,93.0,97.0,101.0,104.0,106.2,115.0,129.0,inferred
Windsor and Maidenhead,2021-08-31,61.0,71.0,77.0,80.0,82.0,87.0,91.0,95.0,99.0,102.0,105.0,114.0,126.0,inferred
Windsor and Maidenhead,2021-09-01,61.0,70.0,77.0,80.0,82.0,86.6,90.0,94.0,99.0,102.0,105.0,112.0,127.0,inferred
Windsor and Maidenhead,2021-09-02,56.5,66.0,72.0,74.0,76.0,80.0,84.0,89.0,94.0,96.0,99.0,108.0,120.0,inferred
Windsor and Maidenhead,2021-09-03,52.0,60.0,66.0,68.0,70.0,74.0,78.0,82.0,86.0,89.0,92.0,98.0,110.5,inferred
Windsor and Maidenhead,2021-09-04,41.0,48.0,53.0,55.0,57.0,61.0,65.0,69.0,73.0,75.0,77.0,84.0,95.5,inferred
Windsor and Maidenhead,2021-09-05,40.0,49.0,54.0,56.0,59.0,63.0,66.0,70.0,74.0,77.0,79.0,86.1,98.0,inferred
Windsor and Maidenhead,2021-09-06,57.0,68.0,74.0,77.0,79.0,83.0,87.0,91.0,96.0,99.0,101.0,109.0,121.0,inferred
Windsor and Maidenhead,2021-09-07,53.0,62.0,69.0,72.0,74.0,78.0,82.0,86.0,91.0,94.0,97.0,105.0,119.0,inferred
Windsor and Maidenhead,2021-09-08,52.0,61.0,67.0,70.0,72.0,76.0,79.0,84.0,88.0,91.0,94.0,103.0,115.0,inferred
Windsor and Maidenhead,2021-09-09,47.5,55.0,60.0,62.0,64.0,68.0,72.0,76.0,79.0,82.0,85.0,92.0,104.0,inferred
Windsor and Maidenhead,2021-09-10,40.0,48.0,54.0,56.0,58.0,62.0,65.0,69.0,73.0,76.0,78.0,85.0,96.0,inferred
Windsor and Maidenhead,2021-09-11,30.0,38.0,43.0,46.0,47.0,50.0,53.0,56.0,60.0,62.0,64.0,71.0,80.5,inferred
Windsor and Maidenhead,2021-09-12,32.0,38.0,43.0,45.0,46.0,50.0,53.0,56.0,60.0,62.0,65.0,72.0,81.0,inferred
Windsor and Maidenhead,2021-09-13,44.0,52.0,58.0,60.0,62.0,65.0,69.0,73.0,77.0,79.0,82.0,89.0,100.0,inferred
Windsor and Maidenhead,2021-09-14,42.0,50.0,55.0,58.0,60.0,63.0,67.0,70.0,75.0,77.0,80.0,86.0,99.5,inferred
Windsor and Maidenhead,2021-09-15,46.0,54.0,60.0,62.0,63.0,68.0,71.0,75.0,79.0,81.0,84.0,91.0,101.0,inferred
Windsor and Maidenhead,2021-09-16,45.5,53.0,58.0,61.0,62.0,66.0,70.0,73.0,78.0,80.0,83.0,91.0,101.5,inferred
Windsor and Maidenhead,2021-09-17,42.0,51.0,56.0,58.0,60.0,64.0,67.0,70.0,75.0,77.0,80.0,88.0,98.0,inferred
Windsor and Maidenhead,2021-09-18,36.0,44.0,49.0,51.0,53.0,56.0,60.0,64.0,68.0,70.0,73.0,80.0,92.0,inferred
Windsor and Maidenhead,2021-09-19,41.0,48.0,54.0,55.0,57.0,62.0,65.0,69.0,72.0,74.0,77.0,83.0,94.0,inferred
Windsor and Maidenhead,2021-09-20,59.0,70.0,77.0,80.0,82.0,85.0,90.0,95.0,99.0,102.0,105.0,113.0,127.0,inferred
Windsor and Maidenhead,2021-09-21,59.0,69.0,75.0,77.0,80.0,84.0,88.0,92.0,97.0,99.0,102.0,110.0,122.5,inferred
Windsor and Maidenhead,2021-09-22,57.0,69.0,75.0,78.0,80.0,83.6,88.0,92.0,97.0,100.0,102.0,110.0,123.0,inferred
Windsor and Maidenhead,2021-09-23,55.0,64.0,70.0,73.0,76.0,79.0,83.0,87.0,92.0,94.0,97.0,105.0,119.0,inferred
Windsor and Maidenhead,2021-09-24,51.0,60.0,66.0,68.0,70.0,73.0,77.0,82.0,86.0,88.0,91.0,98.0,108.5,inferred
Windsor and Maidenhead,2021-09-25,41.5,50.0,54.0,56.0,58.0,62.0,65.0,69.0,73.0,75.0,77.0,84.0,96.5,inferred
Windsor and Maidenhead,2021-09-26,41.0,50.0,55.0,57.0,59.0,63.0,67.0,71.0,75.0,77.0,80.0,87.0,98.5,inferred
Windsor and Maidenhead,2021-09-27,61.0,69.0,76.0,78.0,80.0,85.0,90.0,94.0,98.0,101.0,104.0,112.0,124.0,inferred
Windsor and Maidenhead,2021-09-28,57.0,68.0,74.0,77.0,79.0,83.0,87.0,92.0,96.0,99.0,102.0,111.0,122.5,inferred
Windsor and Maidenhead,2021-09-29,59.5,69.0,75.0,77.0,80.0,84.6,89.0,93.0,98.0,100.0,103.0,112.0,126.0,inferred
Windsor and Maidenhead,2021-09-30,58.0,66.0,73.0,76.0,78.0,82.0,87.0,91.0,95.0,98.0,101.0,109.0,121.0,inferred
Windsor and Maidenhead,2021-10-01,54.0,62.0,68.0,71.0,73.0,77.0,80.0,84.0,89.0,92.0,94.0,103.0,115.0,inferred
Windsor and Maidenhead,2021-10-02,46.0,53.0,58.0,60.0,62.0,66.0,70.0,73.0,77.0,80.0,83.0,89.0,101.0,inferred
Windsor and Maidenhead,2021-10-03,48.0,55.0,61.0,63.0,65.0,69.0,72.0,76.0,81.0,83.0,85.0,92.0,105.0,inferred
Windsor and Maidenhead,2021-10-04,68.0,78.0,85.0,87.0,90.0,94.0,99.0,103.0,108.0,112.0,115.0,123.1,137.0,inferred
Windsor and Maidenhead,2021-10-05,68.0,77.0,84.0,86.0,89.0,94.0,98.0,103.0,108.0,111.0,113.0,122.0,133.5,inferred
Windsor and Maidenhead,2021-10-06,69.0,80.0,87.0,89.0,92.0,97.0,101.0,106.0,111.0,114.0,117.0,126.0,140.0,inferred
Windsor and Maidenhead,2021-10-07,67.0,78.0,84.0,87.0,89.0,94.0,98.0,102.0,107.0,110.0,112.0,121.0,136.0,inferred
Windsor and Maidenhead,2021-10-08,63.5,73.0,80.0,82.0,85.0,89.0,93.0,97.0,103.0,105.0,108.0,116.0,127.5,inferred
Windsor and Maidenhead,2021-10-09,54.0,62.0,69.0,71.0,73.0,77.0,81.0,85.0,89.0,92.0,95.0,103.0,112.5,inferred
Windsor and Maidenhead,2021-10-10,59.0,66.0,73.8,76.0,79.0,82.0,86.5,91.0,95.0,98.0,101.0,109.0,124.0,inferred
Windsor and Maidenhead,2021-10-11,86.0,95.0,103.0,105.0,108.0,113.0,118.0,123.0,129.0,132.0,135.0,145.0,163.0,inferred
Windsor and Maidenhead,2021-10-12,82.0,93.0,101.0,104.0,106.0,112.0,116.0,121.0,125.3,128.0,132.0,142.0,154.0,inferred
Windsor and Maidenhead,2021-10-13,85.0,96.9,102.0,105.0,108.0,113.0,118.0,123.0,129.0,132.0,136.0,147.0,164.0,inferred
Windsor and Maidenhead,2021-10-14,78.0,90.0,97.0,101.0,103.0,108.0,113.0,118.0,124.0,127.0,131.0,140.0,155.0,inferred
Windsor and Maidenhead,2021-10-15,72.0,82.9,90.0,94.0,97.0,102.0,107.0,112.0,117.0,120.0,123.0,133.0,149.0,inferred
Wirral,2021-07-03,137.0,147.0,154.0,157.0,159.0,164.0,170.0,175.0,180.0,183.0,186.0,195.0,210.5,inferred
Wirral,2021-07-04,151.0,163.0,172.0,175.0,177.0,182.0,188.0,193.0,199.0,202.0,205.0,215.0,228.0,inferred
Wirral,2021-07-05,227.5,242.0,251.0,255.0,258.0,264.0,269.5,275.0,282.0,285.0,290.0,302.0,318.0,inferred
Wirral,2021-07-06,212.5,230.0,240.0,243.0,247.0,252.0,258.0,264.0,270.3,274.0,278.0,288.1,305.0,inferred
Wirral,2021-07-07,219.0,235.0,244.0,248.0,252.0,257.0,262.0,268.0,275.0,278.0,282.0,293.0,309.0,inferred
Wirral,2021-07-08,213.0,227.0,237.0,241.0,244.0,249.0,254.0,260.0,265.0,269.0,271.0,282.0,299.0,inferred
Wirral,2021-07-09,187.0,200.0,209.0,212.0,215.0,221.0,227.0,232.0,238.0,241.0,246.0,255.0,274.0,inferred
Wirral,2021-07-10,158.0,170.0,177.0,180.0,183.0,188.0,193.0,198.0,204.0,207.0,210.0,218.0,230.0,inferred
Wirral,2021-07-11,166.0,179.0,187.0,191.0,194.0,199.6,205.0,210.0,216.0,219.0,224.0,233.0,247.0,inferred
Wirral,2021-07-12,239.5,255.9,266.0,270.0,274.0,281.0,287.0,294.0,301.0,305.0,310.0,319.0,338.0,inferred
Wirral,2021-07-13,221.0,238.0,246.0,250.0,254.0,260.0,266.0,272.0,278.0,282.0,286.0,297.0,313.0,inferred
Wirral,2021-07-14,212.0,229.0,238.0,242.0,246.0,252.0,259.0,265.0,272.0,276.0,280.0,291.0,309.0,inferred
Wirral,2021-07-15,200.0,213.0,222.0,226.0,229.0,235.0,241.0,246.0,252.0,255.0,258.0,269.0,284.0,inferred
Wirral,2021-07-16,168.0,178.0,187.0,190.0,193.0,199.0,204.0,209.0,215.0,218.0,222.0,232.0,247.0,inferred
Wirral,2021-07-17,129.0,141.0,148.0,152.0,154.0,159.0,164.0,168.0,173.0,176.0,179.0,187.0,198.0,inferred
Wirral,2021-07-18,132.5,143.0,151.0,154.0,157.0,162.0,166.0,171.0,176.0,179.0,182.0,191.0,204.0,inferred
Wirral,2021-07-19,179.0,194.0,203.0,206.0,209.0,216.0,221.0,227.0,232.0,235.0,238.0,248.0,265.0,inferred
Wirral,2021-07-20,158.5,174.0,181.8,184.0,187.0,193.0,199.0,204.0,210.0,213.0,217.0,227.0,241.5,inferred
Wirral,2021-07-21,155.5,166.0,174.0,178.0,180.0,185.6,190.0,196.0,201.0,204.0,208.0,216.0,233.0,inferred
Wirral,2021-07-22,140.0,152.9,160.0,163.0,166.0,171.0,177.0,182.0,187.0,190.0,193.2,202.0,216.0,inferred
Wirral,2021-07-23,117.0,127.0,135.0,138.0,140.0,144.0,148.0,153.0,158.0,161.0,164.0,172.0,184.0,inferred
Wirral,2021-07-24,93.0,101.0,107.0,110.0,112.0,116.0,120.0,124.0,128.0,130.0,132.0,139.0,150.0,inferred
Wirral,2021-07-25,93.0,102.0,108.0,110.0,112.0,117.0,121.0,125.0,130.0,132.0,135.0,142.0,153.0,inferred
Wirral,2021-07-26,128.0,139.0,146.0,149.0,152.0,156.0,160.0,165.0,170.3,174.0,177.0,186.1,199.0,inferred
Wirral,2021-07-27,116.0,127.0,134.0,137.0,139.0,144.0,148.0,153.0,158.0,161.0,164.0,171.0,184.0,inferred
Wirral,2021-07-28,117.0,126.0,133.0,136.0,139.0,144.0,148.0,153.0,158.0,160.0,163.0,171.0,183.0,inferred
Wirral,2021-07-29,108.0,120.0,127.0,130.0,133.0,137.0,142.0,146.0,150.0,153.0,156.0,166.0,179.5,inferred
Wirral,2021-07-30,93.0,104.0,112.0,114.0,116.7,120.0,125.0,129.0,133.0,135.0,138.0,146.0,158.0,inferred
Wirral,2021-07-31,78.0,87.0,93.0,95.0,97.0,101.0,104.0,107.0,111.0,113.0,116.0,122.0,132.0,inferred
Wirral,2021-08-01,82.0,90.0,97.0,99.8,102.0,105.6,109.0,113.0,117.0,119.0,122.0,129.0,140.0,inferred
Wirral,2021-08-02,118.5,129.0,136.8,139.0,141.0,146.0,150.0,155.0,160.0,163.0,166.0,175.0,188.0,inferred
Wirral,2021-08-03,110.0,121.9,128.0,131.0,133.0,138.0,142.0,146.0,151.0,154.0,157.0,165.0,179.0,inferred
Wirral,2021-08-04,112.0,122.0,129.0,132.0,135.0,140.0,144.0,148.0,153.0,156.0,159.0,168.0,180.0,inferred
Wirral,2021-08-05,108.0,119.0,125.0,128.0,131.0,135.0,140.0,145.0,149.0,152.0,154.0,164.0,176.0,inferred
Wirral,2021-08-06,97.0,106.0,113.0,115.0,117.0,121.0,125.0,128.0,133.0,136.0,138.0,147.0,158.0,inferred
Wirral,2021-08-07,78.0,87.0,92.0,95.0,97.0,100.0,104.0,107.0,111.0,114.0,116.0,123.1,133.0,inferred
Wirral,2021-08-08,84.0,94.0,99.0,102.0,104.0,108.0,112.0,116.0,120.0,122.0,125.0,133.0,143.0,inferred
Wirral,2021-08-09,120.0,132.0,141.0,144.0,147.0,151.0,156.0,160.0,165.0,168.0,172.0,180.1,193.5,inferred
Wirral,2021-08-10,113.5,126.0,134.0,137.0,139.0,144.0,149.0,153.0,158.0,160.0,163.0,171.0,184.0,inferred
Wirral,2021-08-11,117.0,127.0,135.0,138.0,141.0,146.0,150.0,154.0,159.0,162.0,165.0,172.0,186.0,inferred
Wirral,2021-08-12,113.0,124.0,131.0,133.0,136.0,140.0,145.0,149.0,154.0,156.0,160.0,167.0,181.0,inferred
Wirral,2021-08-13,99.0,109.0,116.0,118.0,121.0,125.0,129.0,133.0,137.0,140.0,143.0,150.0,161.0,inferred
Wirral,2021-08-14,81.0,90.0,96.0,98.0,100.0,104.0,108.0,112.0,116.0,118.0,121.0,127.0,137.0,inferred
Wirral,2021-08-15,84.0,95.0,102.0,104.0,106.0,110.0,114.0,118.0,122.0,124.0,127.0,133.0,145.5,inferred
Wirral,2021-08-16,124.0,136.0,144.0,147.0,149.0,155.0,160.0,165.0,170.0,173.0,176.0,184.0,199.0,inferred
Wirral,2021-08-17,117.0,128.0,135.0,139.0,141.0,146.0,150.0,155.0,160.0,162.2,165.0,173.0,185.0,inferred
Wirral,2021-08-18,120.5,131.0,139.0,141.0,144.0,148.0,153.0,157.4,162.0,166.0,169.0,178.0,191.0,inferred
Wirral,2021-08-19,115.5,126.0,134.0,137.0,140.0,144.0,148.0,152.0,157.0,159.0,162.0,170.0,185.0,inferred
Wirral,2021-08-20,100.0,109.0,116.0,119.0,122.0,126.0,130.0,135.0,139.0,142.0,145.0,152.1,164.0,inferred
Wirral,2021-08-21,82.5,91.0,97.0,99.8,102.0,106.0,109.0,113.0,117.0,120.0,122.0,129.0,140.0,inferred
Wirral,2021-08-22,87.5,98.0,104.0,106.0,108.0,112.0,116.0,120.0,124.0,126.0,129.0,135.0,149.0,inferred
Wirral,2021-08-23,126.0,138.0,145.0,148.8,151.0,157.0,160.5,165.0,170.3,173.0,176.0,186.0,200.0,inferred
Wirral,2021-08-24,119.0,131.0,138.0,140.0,143.0,148.0,152.0,157.0,162.0,165.0,168.0,177.0,192.0,inferred
Wirral,2021-08-25,121.0,133.0,141.0,143.0,146.0,151.0,156.0,161.0,165.0,168.0,172.0,181.0,194.5,inferred
Wirral,2021-08-26,119.5,131.9,139.0,141.8,144.0,149.0,153.0,158.0,162.0,165.2,168.2,176.0,190.0,inferred
Wirral,2021-08-27,106.0,117.0,125.0,127.0,129.0,133.0,137.0,141.0,146.0,149.0,152.0,159.0,171.0,inferred
Wirral,2021-08-28,88.5,97.0,104.0,107.0,109.0,113.0,117.0,121.0,125.0,128.0,130.0,138.0,148.0,inferred
Wirral,2021-08-29,95.0,106.0,113.0,115.0,117.0,122.0,126.0,130.0,134.0,137.0,140.0,148.0,160.0,inferred
Wirral,2021-08-30,140.0,151.0,160.0,164.0,167.0,172.0,177.0,182.0,187.0,189.2,193.0,201.1,218.0,inferred
Wirral,2021-08-31,133.0,144.9,152.0,155.0,158.0,164.0,168.0,173.0,178.0,181.0,185.0,192.0,205.5,inferred
Wirral,2021-09-01,134.0,147.0,154.0,157.0,160.0,165.0,170.0,175.0,180.0,182.0,185.0,194.1,206.0,inferred
Wirral,2021-09-02,127.0,140.0,147.0,150.0,153.0,158.0,162.0,167.0,172.0,175.0,178.0,186.0,199.0,inferred
Wirral,2021-09-03,113.0,124.0,130.0,132.0,134.0,139.0,143.0,148.0,153.0,155.0,158.0,166.0,179.0,inferred
Wirral,2021-09-04,92.0,101.0,108.0,110.0,113.0,116.0,120.0,124.0,128.0,131.0,133.0,140.0,151.5,inferred
Wirral,2021-09-05,97.0,106.0,112.8,115.8,118.0,122.0,126.0,130.0,134.0,137.0,140.0,146.0,157.5,inferred
Wirral,2021-09-06,137.0,149.0,158.0,162.0,163.0,169.0,174.0,179.0,183.0,187.0,191.0,199.0,215.5,inferred
Wirral,2021-09-07,127.0,138.9,145.0,148.0,151.0,156.0,161.0,166.0,170.3,173.0,177.0,185.0,200.0,inferred
Wirral,2021-09-08,125.0,135.0,142.0,145.0,148.0,152.0,156.0,161.0,166.0,169.0,172.0,180.0,195.0,inferred
Wirral,2021-09-09,113.0,124.0,131.0,134.0,137.0,141.0,146.0,150.0,154.0,156.2,160.0,170.0,183.0,inferred
Wirral,2021-09-10,96.0,106.0,112.0,115.0,117.0,121.0,125.0,128.0,132.0,134.0,137.0,145.0,156.0,inferred
Wirral,2021-09-11,77.0,85.0,90.0,93.0,94.7,98.0,102.0,105.0,109.0,111.0,114.0,121.0,132.0,inferred
Wirral,2021-09-12,77.0,85.0,91.0,94.0,96.0,100.0,104.0,108.0,112.0,114.0,116.2,123.0,135.0,inferred
Wirral,2021-09-13,108.5,120.0,127.0,129.0,132.0,136.0,140.0,144.0,149.0,152.0,155.0,163.0,176.0,inferred
Wirral,2021-09-14,102.0,112.0,119.0,121.0,123.0,128.0,132.0,136.0,140.0,143.0,146.0,154.0,167.5,inferred
Wirral,2021-09-15,104.5,115.0,122.0,124.0,127.0,131.0,135.0,139.4,143.0,146.0,149.0,158.0,171.0,inferred
Wirral,2021-09-16,104.0,114.0,121.0,123.0,126.0,131.0,135.0,139.0,144.0,146.0,150.0,157.0,172.0,inferred
Wirral,2021-09-17,94.0,103.0,110.0,112.0,114.0,119.0,122.0,126.0,130.0,132.0,135.0,143.0,154.5,inferred
Wirral,2021-09-18,80.0,88.0,93.8,96.0,98.0,102.0,106.0,109.0,113.0,116.0,118.0,125.0,135.0,inferred
Wirral,2021-09-19,87.0,95.0,101.0,104.0,106.0,110.0,114.0,118.0,122.0,124.0,127.0,134.0,146.0,inferred
Wirral,2021-09-20,128.0,138.0,146.0,149.0,152.0,157.0,161.0,166.0,171.0,174.0,178.0,187.0,200.0,inferred
Wirral,2021-09-21,119.0,130.0,137.0,140.0,142.0,147.0,152.0,157.0,162.0,165.0,168.0,177.0,191.0,inferred
Wirral,2021-09-22,119.0,130.0,137.0,139.0,142.0,146.0,151.0,155.0,160.0,163.0,166.0,174.1,187.0,inferred
Wirral,2021-09-23,111.0,121.0,129.0,131.0,134.0,139.0,143.0,147.0,152.0,155.0,158.0,166.0,178.0,inferred
Wirral,2021-09-24,94.0,104.0,110.0,113.0,115.0,119.0,124.0,128.0,133.0,135.0,138.0,145.0,156.0,inferred
Wirral,2021-09-25,76.0,84.0,90.0,92.0,94.0,98.0,102.0,105.0,109.0,112.0,114.0,122.0,132.0,inferred
Wirral,2021-09-26,79.0,88.0,93.0,95.0,98.0,102.0,106.0,109.0,113.0,115.0,118.0,124.0,138.0,inferred
Wirral,2021-09-27,112.5,122.0,129.0,132.0,134.0,140.0,144.0,148.0,154.0,157.0,160.0,168.0,180.0,inferred
Wirral,2021-09-28,106.0,118.0,125.0,128.0,130.0,134.0,139.0,143.0,147.0,150.0,153.0,161.0,174.0,inferred
Wirral,2021-09-29,112.0,122.0,129.0,132.0,134.0,139.0,144.0,148.0,153.0,156.0,159.0,168.0,180.0,inferred
Wirral,2021-09-30,113.5,125.0,132.0,134.0,137.0,142.0,147.0,150.0,155.0,157.0,160.0,168.0,181.5,inferred
Wirral,2021-10-01,105.0,116.0,122.0,125.0,127.0,132.0,136.0,140.0,145.0,147.0,151.0,158.1,169.0,inferred
Wirral,2021-10-02,90.0,99.0,105.8,108.0,110.0,113.6,118.0,121.0,125.0,128.0,130.2,138.0,149.0,inferred
Wirral,2021-10-03,99.0,111.0,118.0,121.0,123.0,127.0,131.0,135.0,140.0,143.0,145.0,153.0,166.0,inferred
Wirral,2021-10-04,152.0,164.0,173.0,176.0,180.0,185.0,190.0,195.0,201.0,203.0,207.0,216.0,231.0,inferred
Wirral,2021-10-05,147.0,160.0,168.0,171.0,174.0,179.0,184.0,189.0,195.0,198.0,202.0,213.0,226.0,inferred
Wirral,2021-10-06,153.0,166.0,175.0,178.0,182.0,187.0,192.0,197.0,203.0,207.0,210.0,219.0,234.5,inferred
Wirral,2021-10-07,154.0,167.0,176.0,179.0,182.0,186.0,191.5,196.4,201.3,204.0,208.0,219.0,235.0,inferred
Wirral,2021-10-08,140.0,152.0,160.0,163.0,165.0,171.0,176.0,180.0,185.0,188.0,192.0,201.0,215.5,inferred
Wirral,2021-10-09,118.0,129.0,137.0,140.0,142.0,146.0,151.0,155.0,159.0,162.0,164.2,173.0,184.5,inferred
Wirral,2021-10-10,130.5,142.0,149.0,152.0,154.0,159.0,164.0,169.0,174.0,176.0,179.2,189.0,201.0,inferred
Wirral,2021-10-11,192.0,205.0,213.8,217.0,221.0,226.0,232.0,239.0,245.0,248.0,252.0,263.0,278.0,inferred
Wirral,2021-10-12,178.0,193.0,203.0,206.0,209.0,215.0,222.0,227.0,233.0,236.0,240.0,252.0,266.0,inferred
Wirral,2021-10-13,182.0,193.0,203.0,206.0,209.0,215.0,220.0,225.0,231.0,233.2,237.0,248.0,262.0,inferred
Wirral,2021-10-14,167.5,180.0,190.0,194.0,197.0,203.0,207.5,213.0,220.0,223.0,226.0,238.0,254.0,inferred
Wirral,2021-10-15,140.0,154.0,163.0,166.0,168.0,174.0,179.0,185.0,191.0,194.0,198.0,210.0,227.0,inferred
Woking,2021-07-03,6.0,10.0,12.0,14.0,15.0,17.0,19.0,21.0,23.0,24.0,26.0,30.0,40.0,inferred
Woking,2021-07-04,8.0,12.0,15.0,15.8,17.0,19.0,21.0,23.0,26.0,27.0,29.0,35.0,42.0,inferred
Woking,2021-07-05,14.0,18.0,22.0,24.0,25.0,27.0,30.0,33.0,36.3,38.0,40.0,45.1,55.5,inferred
Woking,2021-07-06,14.0,20.0,24.0,25.0,26.0,29.0,32.0,35.0,37.0,39.0,41.0,47.0,56.5,inferred
Woking,2021-07-07,18.0,22.9,26.0,27.0,29.0,32.0,35.0,38.0,41.0,43.0,45.0,52.0,63.0,inferred
Woking,2021-07-08,17.5,23.0,28.0,30.0,31.0,34.0,37.0,40.0,43.0,45.0,47.0,53.0,63.0,inferred
Woking,2021-07-09,18.5,25.0,29.0,31.0,32.0,35.0,37.5,40.0,44.0,46.0,48.0,53.1,64.0,inferred
Woking,2021-07-10,16.0,23.0,26.0,28.0,29.0,32.0,35.0,38.0,41.0,43.0,46.0,51.0,61.0,inferred
Woking,2021-07-11,19.0,25.0,30.0,32.0,33.0,37.0,40.0,43.0,46.0,48.0,50.0,57.0,67.0,inferred
Woking,2021-07-12,33.0,41.0,47.0,49.8,52.0,56.0,59.0,63.0,67.0,70.0,72.0,80.0,93.0,inferred
Woking,2021-07-13,35.0,42.0,47.8,49.0,51.0,55.0,59.0,62.0,67.0,70.0,73.0,81.0,93.0,inferred
Woking,2021-07-14,34.0,42.0,48.0,50.0,53.0,57.0,60.0,64.0,68.0,70.0,73.0,81.0,94.0,inferred
Woking,2021-07-15,31.0,39.0,44.0,46.0,48.0,52.0,56.0,60.0,65.0,67.0,70.0,78.0,89.0,inferred
Woking,2021-07-16,28.0,35.0,40.0,42.0,44.0,47.0,50.0,54.0,58.0,61.0,63.0,71.0,83.0,inferred
Woking,2021-07-17,21.5,27.9,32.0,34.0,36.0,39.0,43.0,46.0,50.0,52.0,54.0,61.1,74.0,inferred
Woking,2021-07-18,21.5,28.0,32.0,35.0,36.0,40.0,43.0,46.0,50.0,52.0,54.0,61.0,72.0,inferred
Woking,2021-07-19,31.0,39.0,44.0,46.8,48.0,52.0,56.0,60.0,64.0,66.0,68.0,75.0,87.0,inferred
Woking,2021-07-20,27.0,35.0,40.0,42.0,44.0,47.0,50.0,54.0,58.0,60.0,63.0,71.0,82.0,inferred
Woking,2021-07-21,26.5,33.0,38.0,39.0,41.0,44.0,47.0,50.0,55.0,57.0,59.0,66.0,77.0,inferred
Woking,2021-07-22,20.0,26.0,30.0,32.0,34.0,37.0,40.0,43.0,47.0,49.0,51.0,58.0,68.0,inferred
Woking,2021-07-23,16.0,21.0,25.0,27.0,28.0,31.0,34.0,37.0,40.0,42.0,44.0,50.0,61.5,inferred
Woking,2021-07-24,11.0,15.0,19.0,20.0,21.0,24.0,26.0,29.0,32.0,34.0,36.0,41.0,50.5,inferred
Woking,2021-07-25,10.0,14.0,17.0,18.0,19.0,22.0,24.0,27.0,30.0,31.0,33.0,38.0,48.0,inferred
Woking,2021-07-26,13.0,18.0,23.0,24.0,25.0,28.0,31.0,34.0,37.0,39.0,41.0,47.0,55.5,inferred
Woking,2021-07-27,13.0,17.0,21.0,22.0,24.0,26.0,29.0,32.0,35.0,36.0,38.0,44.0,54.0,inferred
Woking,2021-07-28,13.5,19.0,22.0,24.0,25.0,28.0,31.0,33.0,37.0,38.0,40.0,46.0,55.0,inferred
Woking,2021-07-29,13.0,19.0,22.0,23.0,25.0,27.0,30.0,32.0,35.0,37.0,39.0,44.1,55.0,inferred
Woking,2021-07-30,13.0,18.0,21.8,23.0,24.0,27.0,29.0,32.0,35.0,37.0,39.0,45.0,55.0,inferred
Woking,2021-07-31,11.0,15.0,18.0,19.0,21.0,23.0,26.0,28.0,31.0,33.0,34.0,40.0,49.0,inferred
Woking,2021-08-01,12.0,16.0,19.0,21.0,23.0,25.0,27.0,30.0,32.0,34.0,36.0,41.0,51.0,inferred
Woking,2021-08-02,19.0,25.0,29.0,30.0,32.0,35.0,38.0,41.0,44.3,46.0,49.0,54.0,66.0,inferred
Woking,2021-08-03,18.0,24.0,29.0,31.0,32.0,36.0,38.0,41.0,44.0,46.0,48.0,55.0,66.0,inferred
Woking,2021-08-04,19.0,25.0,30.0,32.0,34.0,37.0,40.0,43.0,46.0,48.0,50.0,56.0,68.0,inferred
Woking,2021-08-05,19.0,25.0,29.0,31.0,33.0,36.0,39.0,42.0,45.0,47.0,49.0,55.1,66.0,inferred
Woking,2021-08-06,18.0,23.0,27.8,29.0,31.0,34.0,37.0,40.0,44.0,46.0,48.0,53.0,63.0,inferred
Woking,2021-08-07,16.0,21.0,25.0,26.8,28.0,30.0,33.0,36.0,39.0,41.0,43.0,49.0,59.0,inferred
Woking,2021-08-08,17.0,22.0,26.0,28.0,29.0,32.0,35.0,38.0,41.0,43.0,45.0,51.0,61.0,inferred
Woking,2021-08-09,26.0,33.0,38.0,40.0,42.0,45.0,48.0,52.0,56.0,58.0,60.0,67.0,81.0,inferred
Woking,2021-08-10,24.0,31.0,37.0,39.0,41.0,44.0,48.0,51.0,54.0,57.0,59.0,66.1,78.0,inferred
Woking,2021-08-11,26.0,33.0,39.0,41.0,43.0,47.0,50.0,53.0,57.0,59.0,62.0,68.0,79.0,inferred
Woking,2021-08-12,25.0,32.0,38.0,39.0,41.0,44.0,47.0,51.0,55.0,57.0,59.0,66.0,77.0,inferred
Woking,2021-08-13,23.0,30.0,35.0,36.0,38.0,41.0,44.0,47.4,51.0,53.0,55.0,62.0,77.0,inferred
Woking,2021-08-14,18.5,25.0,29.0,31.0,32.0,35.0,38.0,42.0,45.0,47.0,49.0,55.0,65.0,inferred
Woking,2021-08-15,19.0,26.0,30.0,31.0,33.0,36.0,40.0,43.0,46.0,49.0,51.0,58.0,69.5,inferred
Woking,2021-08-16,29.5,37.0,42.0,45.0,46.0,50.0,54.0,58.0,62.0,64.0,67.0,74.0,87.0,inferred
Woking,2021-08-17,28.0,35.0,41.0,44.0,45.0,49.0,52.0,57.0,60.0,63.0,65.2,74.0,87.0,inferred
Woking,2021-08-18,26.0,34.0,39.0,42.0,43.0,47.0,50.0,54.0,58.0,60.0,63.0,69.0,80.5,inferred
Woking,2021-08-19,25.0,31.0,35.0,37.0,38.0,41.6,45.0,49.0,53.0,55.0,57.0,63.1,73.5,inferred
Woking,2021-08-20,20.0,26.0,31.0,33.0,34.0,37.0,40.0,43.0,47.0,49.0,52.0,58.0,68.0,inferred
Woking,2021-08-21,16.0,21.0,24.0,26.0,27.0,30.0,32.0,35.0,38.3,40.0,42.0,48.0,58.0,inferred
Woking,2021-08-22,14.0,19.0,23.0,25.0,26.0,29.0,32.0,35.0,38.0,40.0,42.0,48.0,59.0,inferred
Woking,2021-08-23,21.0,27.0,31.0,33.0,35.0,38.0,41.0,44.0,48.0,50.0,52.0,59.0,68.5,inferred
Woking,2021-08-24,19.0,25.0,29.0,31.0,32.0,35.6,39.0,42.0,45.3,48.0,50.0,56.0,67.0,inferred
Woking,2021-08-25,20.0,25.0,30.0,32.0,33.0,36.0,39.0,43.0,46.0,48.0,50.0,57.0,69.0,inferred
Woking,2021-08-26,17.0,23.0,28.0,30.0,31.0,34.0,37.0,40.0,43.0,45.0,48.0,54.0,64.0,inferred
Woking,2021-08-27,15.0,21.0,26.0,27.0,29.0,31.0,34.5,37.0,41.0,42.0,44.0,50.0,62.0,inferred
Woking,2021-08-28,13.0,17.0,21.0,23.0,24.0,27.0,29.0,32.0,35.0,36.0,39.0,44.0,54.0,inferred
Woking,2021-08-29,13.0,19.0,23.0,24.0,25.0,28.0,30.0,33.0,36.0,38.0,41.0,47.0,55.5,inferred
Woking,2021-08-30,20.0,26.0,31.0,32.0,34.0,37.0,40.0,43.0,47.0,49.0,52.0,58.0,68.0,inferred
Woking,2021-08-31,19.0,25.0,31.0,33.0,35.0,38.0,41.0,43.0,47.0,49.0,52.0,58.0,72.5,inferred
Woking,2021-09-01,19.0,25.0,30.0,32.0,34.0,37.0,40.0,43.0,47.0,49.0,51.0,57.0,67.5,inferred
Woking,2021-09-02,17.0,23.0,27.0,29.0,30.0,33.0,36.0,40.0,43.0,45.0,47.0,54.0,65.0,inferred
Woking,2021-09-03,14.0,20.0,24.0,26.0,27.0,30.0,33.0,36.0,39.0,41.0,43.0,49.0,59.0,inferred
Woking,2021-09-04,12.0,16.0,19.8,21.0,22.0,25.0,27.0,30.0,33.0,34.0,37.0,41.0,50.0,inferred
Woking,2021-09-05,12.0,16.0,19.0,21.0,23.0,25.0,28.0,30.0,33.0,35.0,37.0,42.0,51.5,inferred
Woking,2021-09-06,18.0,23.0,27.0,29.0,31.0,33.6,37.0,40.0,43.0,45.0,47.0,53.0,64.5,inferred
Woking,2021-09-07,16.0,21.9,25.0,27.0,29.0,31.0,34.0,38.0,41.0,42.2,45.0,50.0,60.0,inferred
Woking,2021-09-08,15.0,21.0,25.0,26.0,28.0,30.0,33.0,36.0,39.0,41.0,43.0,49.0,59.0,inferred
Woking,2021-09-09,13.5,18.0,22.0,23.8,25.0,27.0,30.0,33.0,35.0,37.0,39.0,45.0,55.0,inferred
Woking,2021-09-10,12.0,16.0,19.0,21.0,22.0,24.0,27.0,29.0,32.0,34.0,36.0,41.0,50.0,inferred
Woking,2021-09-11,8.0,12.0,15.0,16.0,17.0,20.0,22.0,24.0,27.0,28.0,30.0,34.0,45.0,inferred
Woking,2021-09-12,7.5,11.0,14.0,16.0,17.0,19.6,22.0,24.0,26.0,28.0,30.0,35.0,43.0,inferred
Woking,2021-09-13,11.0,17.0,20.0,22.0,23.0,26.0,28.0,31.0,34.0,35.0,37.0,42.0,52.0,inferred
Woking,2021-09-14,12.0,17.0,20.0,21.0,22.0,25.0,27.0,30.0,33.0,34.0,36.0,41.0,51.0,inferred
Woking,2021-09-15,12.0,17.0,21.0,22.0,24.0,26.0,29.0,31.0,34.0,36.0,38.0,44.0,52.0,inferred
Woking,2021-09-16,13.0,17.9,21.0,23.0,24.0,27.0,29.0,32.0,35.0,37.0,39.0,45.1,55.5,inferred
Woking,2021-09-17,12.0,18.0,21.0,22.0,24.0,27.0,29.0,32.0,35.0,37.0,39.0,44.0,52.0,inferred
Woking,2021-09-18,12.0,15.0,19.0,20.0,21.0,23.6,26.0,29.0,32.0,34.0,36.0,42.0,50.0,inferred
Woking,2021-09-19,12.0,16.9,21.0,22.0,24.0,26.0,29.0,31.0,34.0,36.0,38.0,44.0,52.0,inferred
Woking,2021-09-20,19.5,27.0,31.0,33.0,35.0,38.0,41.0,44.0,48.0,50.0,52.0,58.0,68.0,inferred
Woking,2021-09-21,20.0,26.0,30.0,32.0,34.0,36.0,39.0,42.0,46.0,48.0,50.0,57.0,68.5,inferred
Woking,2021-09-22,19.0,25.0,30.0,32.0,33.0,37.0,40.0,44.0,47.0,49.0,51.0,58.0,68.5,inferred
Woking,2021-09-23,18.0,24.0,28.0,30.0,31.0,34.0,37.0,40.0,43.0,45.2,48.0,54.0,66.0,inferred
Woking,2021-09-24,16.0,22.0,25.0,27.0,29.0,32.0,35.0,37.0,41.0,42.0,45.0,51.0,60.0,inferred
Woking,2021-09-25,14.0,18.0,22.0,23.0,24.0,27.0,30.0,33.0,35.0,37.0,39.0,45.0,54.0,inferred
Woking,2021-09-26,14.0,18.0,22.0,24.0,25.0,28.0,30.0,33.0,36.0,38.0,39.0,45.0,54.5,inferred
Woking,2021-09-27,22.0,28.0,33.0,34.0,36.0,39.0,42.0,46.0,49.0,51.0,53.0,61.0,71.0,inferred
Woking,2021-09-28,20.5,27.0,31.0,33.0,35.0,38.0,41.0,44.0,48.0,50.0,52.0,58.0,70.5,inferred
Woking,2021-09-29,24.0,29.0,34.0,36.0,38.0,41.0,45.0,48.0,51.0,53.0,56.0,62.0,72.0,inferred
Woking,2021-09-30,22.0,29.0,34.0,36.0,38.0,41.0,44.0,48.0,51.0,53.0,56.0,61.1,72.5,inferred
Woking,2021-10-01,22.0,29.0,34.0,36.0,38.0,41.0,44.0,47.0,51.0,53.0,56.0,62.0,73.0,inferred
Woking,2021-10-02,21.0,27.0,31.0,32.0,34.0,37.0,40.0,43.0,46.0,48.0,50.0,56.0,67.0,inferred
Woking,2021-10-03,23.0,29.0,33.0,35.0,36.0,40.0,43.0,46.0,50.0,52.0,54.0,61.0,70.5,inferred
Woking,2021-10-04,35.0,44.0,50.0,52.0,54.0,58.0,62.0,65.0,70.0,73.0,76.0,83.0,96.0,inferred
Woking,2021-10-05,37.0,45.0,51.0,53.0,55.0,59.0,63.0,68.0,73.0,75.0,77.0,84.0,97.5,inferred
Woking,2021-10-06,43.0,50.0,56.0,59.0,61.0,65.0,69.0,72.0,77.0,79.0,82.0,91.0,104.0,inferred
Woking,2021-10-07,42.0,51.0,57.0,59.0,61.0,66.0,69.0,73.0,78.0,81.0,84.0,92.0,106.5,inferred
Woking,2021-10-08,41.5,51.0,57.0,59.0,62.0,66.6,71.0,75.0,79.0,81.0,84.0,92.0,107.0,inferred
Woking,2021-10-09,37.0,45.0,52.0,54.0,56.0,60.0,64.0,68.0,72.3,75.0,78.0,85.0,102.0,inferred
Woking,2021-10-10,41.0,51.0,57.0,59.0,61.0,65.0,69.0,74.0,78.0,81.0,84.0,92.0,104.5,inferred
Woking,2021-10-11,64.0,77.0,84.0,87.0,89.7,95.0,99.0,104.0,109.0,112.0,116.0,128.0,145.5,inferred
Woking,2021-10-12,65.0,77.0,86.0,88.0,91.0,97.0,101.0,106.0,112.0,115.0,119.0,128.0,142.0,inferred
Woking,2021-10-13,69.0,81.0,89.0,92.0,95.0,101.0,105.0,110.0,116.0,120.0,123.0,132.0,146.0,inferred
Woking,2021-10-14,67.0,79.0,87.0,89.0,92.0,97.0,102.0,107.4,113.0,116.0,119.0,127.0,143.5,inferred
Woking,2021-10-15,63.0,74.0,82.0,85.0,88.0,93.0,98.0,104.0,109.0,111.0,115.0,124.0,140.5,inferred
Wokingham,2021-07-03,13.0,17.0,20.0,21.0,22.0,24.0,27.0,29.0,31.0,33.0,35.0,39.0,47.0,inferred
Wokingham,2021-07-04,15.0,20.0,23.0,25.0,26.0,28.0,31.0,33.0,35.0,37.0,38.0,43.0,51.0,inferred
Wokingham,2021-07-05,27.0,32.0,36.0,38.0,39.0,42.0,45.0,48.0,51.0,53.0,55.0,60.0,69.0,inferred
Wokingham,2021-07-06,29.0,35.0,39.0,41.0,42.0,45.0,47.0,51.0,54.0,56.0,58.0,63.0,73.0,inferred
Wokingham,2021-07-07,33.0,39.9,44.0,46.0,48.0,51.0,54.0,57.0,60.0,62.0,64.0,70.0,78.0,inferred
Wokingham,2021-07-08,36.0,43.0,47.0,49.0,51.0,54.0,57.0,60.0,63.0,65.0,68.0,73.0,81.5,inferred
Wokingham,2021-07-09,35.5,43.0,48.0,50.0,52.0,55.0,58.0,61.0,65.0,66.0,68.0,74.0,84.0,inferred
Wokingham,2021-07-10,34.0,41.0,46.0,48.0,49.0,53.0,55.0,58.0,62.0,64.0,66.0,71.1,81.0,inferred
Wokingham,2021-07-11,39.0,46.0,51.0,54.0,56.0,59.0,62.0,66.0,69.0,71.0,74.0,80.0,92.0,inferred
Wokingham,2021-07-12,65.0,74.0,80.0,83.0,85.0,89.0,93.0,97.0,102.0,105.2,108.0,115.0,127.5,inferred
Wokingham,2021-07-13,65.5,75.0,82.0,84.0,86.0,91.0,95.0,99.0,103.0,106.0,110.0,118.0,131.0,inferred
Wokingham,2021-07-14,68.0,77.0,84.0,87.0,89.0,93.0,98.0,103.0,108.0,111.0,114.0,121.0,131.0,inferred
Wokingham,2021-07-15,66.0,75.0,81.0,84.0,86.0,90.0,94.0,98.0,103.0,105.0,109.0,116.0,128.0,inferred
Wokingham,2021-07-16,60.0,69.0,75.0,77.0,79.0,83.0,87.0,91.0,96.0,98.0,101.0,108.0,118.0,inferred
Wokingham,2021-07-17,49.0,56.0,61.8,64.0,66.0,70.0,73.0,77.0,81.0,83.0,85.0,92.0,105.0,inferred
Wokingham,2021-07-18,49.5,59.0,65.0,66.8,69.0,73.0,76.0,80.0,83.0,85.0,88.0,94.0,104.0,inferred
Wokingham,2021-07-19,72.0,81.0,88.0,91.0,93.0,97.0,101.0,106.0,112.0,114.0,117.0,125.0,139.5,inferred
Wokingham,2021-07-20,66.5,75.0,82.0,84.0,87.0,91.0,96.0,99.0,104.0,107.0,109.0,117.0,129.0,inferred
Wokingham,2021-07-21,62.0,70.0,76.8,79.0,81.0,84.6,88.0,92.0,96.0,98.0,101.0,109.0,123.0,inferred
Wokingham,2021-07-22,54.0,61.0,66.8,69.0,71.0,75.0,79.0,82.0,86.0,88.0,91.0,98.0,109.0,inferred
Wokingham,2021-07-23,43.0,51.0,56.0,59.0,61.0,64.0,67.0,71.0,74.0,77.0,79.0,85.0,93.5,inferred
Wokingham,2021-07-24,31.5,39.0,43.0,45.0,47.0,50.0,53.0,56.0,59.0,61.0,63.0,69.0,77.0,inferred
Wokingham,2021-07-25,31.0,36.0,40.0,42.0,44.0,47.0,50.0,53.4,57.0,58.0,60.0,67.0,75.0,inferred
Wokingham,2021-07-26,40.0,47.0,53.0,54.8,56.0,60.0,63.0,66.0,70.0,72.0,74.0,81.0,91.0,inferred
Wokingham,2021-07-27,36.0,44.0,49.0,51.0,52.0,56.0,59.0,62.0,66.0,68.0,70.0,76.0,88.0,inferred
Wokingham,2021-07-28,38.0,45.0,50.0,52.0,54.0,57.0,60.0,63.0,67.0,69.0,71.0,78.0,87.0,inferred
Wokingham,2021-07-29,35.5,43.0,48.0,49.0,51.0,54.0,57.0,61.0,64.0,65.0,67.0,74.0,84.0,inferred
Wokingham,2021-07-30,32.5,39.0,44.0,46.0,47.0,50.0,53.0,57.0,60.0,62.0,64.0,71.0,81.0,inferred
Wokingham,2021-07-31,27.0,33.0,37.0,39.0,41.0,44.0,47.0,50.0,53.0,54.0,56.0,61.0,70.0,inferred
Wokingham,2021-08-01,29.0,35.0,40.0,41.0,43.0,46.0,49.0,51.0,54.0,56.0,58.0,64.0,75.0,inferred
Wokingham,2021-08-02,40.0,48.0,54.0,57.0,58.0,62.0,65.0,69.0,73.0,75.0,77.0,83.0,94.0,inferred
Wokingham,2021-08-03,41.0,49.0,53.0,55.0,57.0,60.0,64.0,67.0,71.0,73.0,75.0,82.0,93.0,inferred
Wokingham,2021-08-04,42.5,50.0,56.0,57.0,59.0,63.0,65.0,69.0,73.0,75.0,77.0,84.0,96.0,inferred
Wokingham,2021-08-05,41.0,48.0,53.0,55.0,57.0,60.0,64.0,67.0,70.0,73.0,75.0,82.0,90.0,inferred
Wokingham,2021-08-06,37.0,44.0,49.0,51.0,53.0,57.0,60.0,63.0,67.0,69.0,71.0,77.0,87.5,inferred
Wokingham,2021-08-07,31.0,38.0,42.0,44.0,45.0,48.0,51.0,55.0,58.0,60.0,62.0,68.0,77.0,inferred
Wokingham,2021-08-08,34.0,40.0,44.0,46.0,48.0,51.0,54.0,57.0,60.0,62.0,65.0,70.0,83.0,inferred
Wokingham,2021-08-09,50.0,58.0,63.0,65.0,67.0,71.0,74.0,78.0,81.0,84.0,86.0,93.0,104.0,inferred
Wokingham,2021-08-10,49.0,57.0,62.0,64.0,67.0,71.0,74.0,78.0,82.0,84.0,87.0,95.0,107.0,inferred
Wokingham,2021-08-11,50.0,59.0,65.0,67.0,68.0,72.0,76.0,80.0,84.0,86.0,88.0,95.0,107.0,inferred
Wokingham,2021-08-12,49.0,57.0,63.0,65.0,67.0,71.0,74.5,78.0,82.0,84.0,87.0,93.0,104.0,inferred
Wokingham,2021-08-13,46.0,54.0,59.0,61.0,63.0,67.0,70.0,74.0,78.0,80.0,83.0,89.0,98.0,inferred
Wokingham,2021-08-14,40.0,46.0,51.0,53.0,55.0,58.0,61.0,65.0,68.0,70.0,73.0,78.0,89.0,inferred
Wokingham,2021-08-15,40.0,49.0,54.0,57.0,59.0,62.0,65.0,68.0,71.0,73.0,75.0,81.0,90.0,inferred
Wokingham,2021-08-16,59.0,67.0,75.0,77.0,80.0,84.0,87.0,91.0,96.0,99.0,102.0,109.0,121.0,inferred
Wokingham,2021-08-17,58.0,67.0,73.0,76.0,78.0,82.0,85.0,89.0,94.0,97.0,100.0,108.0,120.0,inferred
Wokingham,2021-08-18,57.5,68.0,75.0,77.0,79.0,83.0,86.0,90.0,94.0,96.0,99.0,107.0,120.0,inferred
Wokingham,2021-08-19,55.0,63.0,69.0,72.0,74.0,78.0,81.0,85.0,89.0,91.0,94.0,101.0,111.0,inferred
Wokingham,2021-08-20,49.0,58.0,63.0,66.0,68.0,71.0,75.0,78.0,82.0,84.0,87.0,93.0,107.0,inferred
Wokingham,2021-08-21,40.0,47.0,52.0,54.0,56.0,59.0,62.0,66.0,70.0,71.2,74.0,80.0,90.0,inferred
Wokingham,2021-08-22,40.0,48.0,53.0,55.0,57.0,61.0,64.0,67.0,71.0,73.0,76.0,82.0,93.0,inferred
Wokingham,2021-08-23,58.0,67.0,73.0,75.0,77.0,81.0,84.0,88.0,93.0,95.0,98.0,106.0,118.0,inferred
Wokingham,2021-08-24,56.0,65.0,71.0,73.0,75.0,79.0,83.0,87.0,91.0,93.0,97.0,104.0,115.0,inferred
Wokingham,2021-08-25,59.0,67.0,73.0,75.0,77.0,81.0,85.0,89.0,93.0,96.0,98.0,106.0,119.5,inferred
Wokingham,2021-08-26,57.0,66.0,72.0,75.0,77.0,81.0,85.0,88.0,92.0,95.0,97.0,105.0,115.5,inferred
Wokingham,2021-08-27,55.0,63.0,69.0,71.0,73.0,77.0,80.0,84.0,88.0,90.0,93.0,100.0,111.0,inferred
Wokingham,2021-08-28,47.0,54.0,60.0,62.0,64.0,67.0,71.0,74.0,79.0,81.0,83.0,90.0,100.5,inferred
Wokingham,2021-08-29,51.0,59.0,64.0,66.0,68.0,72.0,76.0,79.0,83.0,85.0,88.0,94.0,106.0,inferred
Wokingham,2021-08-30,74.0,84.0,90.0,94.0,96.0,100.0,105.0,109.0,113.0,116.0,119.0,128.0,144.5,inferred
Wokingham,2021-08-31,70.0,81.0,87.0,90.0,93.0,97.0,101.0,106.0,110.0,112.2,116.0,124.0,137.0,inferred
Wokingham,2021-09-01,70.0,79.0,86.0,89.0,91.0,95.0,99.0,103.0,108.0,111.0,114.0,123.0,136.0,inferred
Wokingham,2021-09-02,62.0,71.0,76.8,79.0,82.0,86.0,90.0,94.0,98.0,101.0,104.0,111.0,123.0,inferred
Wokingham,2021-09-03,55.0,63.0,69.8,72.0,74.0,77.0,81.0,84.0,88.0,90.0,93.0,100.0,112.0,inferred
Wokingham,2021-09-04,43.0,50.0,55.0,57.0,59.0,63.0,66.0,69.0,73.0,76.0,78.0,84.0,95.0,inferred
Wokingham,2021-09-05,42.0,50.0,55.0,57.0,58.0,62.0,65.0,69.0,73.0,75.0,77.0,84.0,94.0,inferred
Wokingham,2021-09-06,57.0,66.0,72.0,74.0,76.0,80.0,84.0,88.0,92.0,94.0,97.0,104.0,117.0,inferred
Wokingham,2021-09-07,52.5,60.0,66.0,68.0,70.0,74.0,78.0,82.0,86.0,88.2,91.0,97.0,111.0,inferred
Wokingham,2021-09-08,50.5,58.0,64.0,66.0,68.0,72.0,75.0,79.0,83.0,85.0,88.0,94.0,105.0,inferred
Wokingham,2021-09-09,44.0,51.0,57.0,60.0,62.0,65.0,68.0,71.0,75.0,77.0,80.0,86.0,97.0,inferred
Wokingham,2021-09-10,40.0,46.0,51.0,53.0,54.0,58.0,61.0,64.0,68.0,70.0,72.0,78.0,88.0,inferred
Wokingham,2021-09-11,30.0,37.0,40.8,42.0,43.0,46.0,49.0,52.0,55.0,57.0,59.0,65.0,74.0,inferred
Wokingham,2021-09-12,28.0,35.0,39.0,41.0,42.0,45.0,48.0,51.0,54.0,56.0,58.0,64.0,74.5,inferred
Wokingham,2021-09-13,39.0,46.0,52.0,53.0,55.0,59.0,62.0,65.0,68.0,70.0,72.0,78.0,88.0,inferred
Wokingham,2021-09-14,37.5,44.0,49.0,51.0,54.0,56.6,60.0,63.0,67.0,69.0,71.0,77.0,89.0,inferred
Wokingham,2021-09-15,40.0,47.0,52.0,54.0,56.0,60.0,63.0,66.0,70.0,72.0,74.0,80.0,91.0,inferred
Wokingham,2021-09-16,40.0,48.0,53.0,55.0,57.0,60.0,63.0,66.4,70.0,72.0,75.0,81.0,92.0,inferred
Wokingham,2021-09-17,39.0,46.0,51.0,53.0,55.0,58.0,61.0,64.0,68.0,70.0,72.0,79.0,89.0,inferred
Wokingham,2021-09-18,33.0,39.0,44.0,46.0,48.0,51.0,54.0,57.0,60.0,62.0,64.0,70.0,80.0,inferred
Wokingham,2021-09-19,37.0,44.0,48.0,50.0,52.0,55.0,58.0,61.0,64.3,67.0,69.0,75.0,85.0,inferred
Wokingham,2021-09-20,55.0,63.0,68.0,71.0,73.0,77.0,81.0,85.0,89.0,92.0,94.0,102.0,113.0,inferred
Wokingham,2021-09-21,55.0,62.0,69.0,71.0,73.0,77.0,81.0,85.0,89.0,92.0,95.0,102.0,113.5,inferred
Wokingham,2021-09-22,55.0,64.0,70.0,72.0,74.0,78.0,82.0,85.0,90.0,93.0,95.0,102.0,113.5,inferred
Wokingham,2021-09-23,51.5,61.0,67.0,69.0,71.0,75.0,79.0,82.0,86.0,89.0,92.0,98.1,109.0,inferred
Wokingham,2021-09-24,49.0,57.0,62.0,65.0,67.0,71.0,74.0,77.0,82.0,84.0,86.0,93.0,105.0,inferred
Wokingham,2021-09-25,41.0,49.0,54.0,55.0,57.0,61.0,64.0,67.0,71.0,73.0,75.0,81.1,91.0,inferred
Wokingham,2021-09-26,43.5,50.0,55.0,57.0,60.0,63.0,66.0,70.0,74.0,76.0,79.0,85.0,96.0,inferred
Wokingham,2021-09-27,61.0,70.0,77.0,79.0,82.0,86.0,90.0,94.0,99.0,101.0,104.0,112.0,125.0,inferred
Wokingham,2021-09-28,63.5,70.0,77.0,79.0,80.0,84.0,89.0,92.0,96.0,99.0,103.0,111.0,124.0,inferred
Wokingham,2021-09-29,63.0,72.0,79.0,81.0,84.0,88.0,92.0,96.0,101.0,103.0,106.0,114.0,125.0,inferred
Wokingham,2021-09-30,61.0,71.0,77.0,79.0,82.0,86.0,90.0,94.0,98.0,100.0,103.0,110.0,123.0,inferred
Wokingham,2021-10-01,57.0,67.0,73.8,76.0,78.0,82.0,86.0,90.0,94.0,97.0,99.0,106.0,120.0,inferred
Wokingham,2021-10-02,49.0,57.0,63.0,65.0,67.0,71.0,75.0,79.0,83.0,86.0,88.0,94.0,105.0,inferred
Wokingham,2021-10-03,52.0,62.0,67.0,69.0,71.0,76.0,80.0,83.0,88.0,90.0,93.0,99.0,111.0,inferred
Wokingham,2021-10-04,76.0,88.0,96.0,98.0,100.0,105.0,109.0,114.0,119.0,122.0,126.0,134.0,148.0,inferred
Wokingham,2021-10-05,78.0,89.0,96.0,99.0,102.0,106.0,111.0,115.0,120.0,123.2,127.0,136.0,153.0,inferred
Wokingham,2021-10-06,85.0,96.0,103.8,107.0,109.0,114.0,119.0,124.0,130.0,133.0,136.0,144.0,158.0,inferred
Wokingham,2021-10-07,89.0,100.0,108.0,110.0,113.0,117.0,122.0,126.0,132.0,135.0,138.0,146.0,158.0,inferred
Wokingham,2021-10-08,90.0,99.0,106.0,109.0,112.0,117.0,121.0,126.0,131.0,133.0,137.0,146.0,158.5,inferred
Wokingham,2021-10-09,80.0,90.0,97.0,100.0,103.0,107.0,111.0,115.0,119.3,122.0,125.0,134.0,145.5,inferred
Wokingham,2021-10-10,88.0,98.0,106.0,108.0,111.0,116.0,121.0,125.0,130.0,133.0,136.0,145.0,159.0,inferred
Wokingham,2021-10-11,132.0,145.0,154.0,158.0,161.0,167.0,173.0,178.0,184.0,188.0,192.0,202.0,218.0,inferred
Wokingham,2021-10-12,133.0,148.0,157.0,161.0,165.0,171.0,176.0,183.0,189.0,193.0,198.0,208.0,223.5,inferred
Wokingham,2021-10-13,144.0,160.0,169.0,173.0,176.0,183.0,188.0,194.0,199.3,203.0,208.0,219.0,233.5,inferred
Wokingham,2021-10-14,141.0,157.0,168.0,172.0,175.0,180.0,186.0,192.0,199.3,203.2,207.0,220.0,239.0,inferred
Wokingham,2021-10-15,137.0,150.0,160.0,165.0,169.0,175.0,181.0,187.0,195.0,199.0,204.0,217.0,238.0,inferred
Wolverhampton,2021-07-03,47.0,54.0,60.0,62.0,63.0,67.0,70.0,73.4,77.0,79.0,81.0,87.0,95.5,inferred
Wolverhampton,2021-07-04,56.0,63.0,69.0,71.0,73.0,76.0,79.0,83.0,87.0,89.0,91.0,98.0,109.0,inferred
Wolverhampton,2021-07-05,86.5,95.0,102.0,104.0,106.0,110.0,115.0,118.0,123.0,125.0,128.0,136.0,150.0,inferred
Wolverhampton,2021-07-06,87.0,95.0,103.0,105.0,107.0,111.0,115.0,120.0,124.0,126.0,129.0,136.0,149.0,inferred
Wolverhampton,2021-07-07,92.5,103.0,110.0,112.8,115.0,119.0,123.0,127.0,131.0,134.0,136.0,145.0,155.5,inferred
Wolverhampton,2021-07-08,99.0,109.0,116.0,119.0,121.0,124.0,129.0,133.0,137.0,139.0,142.0,150.0,162.0,inferred
Wolverhampton,2021-07-09,95.5,104.0,112.0,114.0,117.0,121.0,125.0,129.0,133.0,135.0,138.0,146.0,158.0,inferred
Wolverhampton,2021-07-10,87.5,95.0,103.0,105.0,108.0,112.0,115.0,119.0,124.0,126.0,129.0,136.0,147.5,inferred
Wolverhampton,2021-07-11,100.0,112.0,119.0,122.0,124.0,128.0,133.0,137.0,140.0,143.0,146.0,154.0,166.5,inferred
Wolverhampton,2021-07-12,154.0,167.0,176.0,180.0,182.0,187.0,193.0,198.0,204.0,207.0,210.0,221.0,236.0,inferred
Wolverhampton,2021-07-13,151.0,164.0,172.0,175.0,178.0,183.0,189.0,194.0,200.0,203.0,207.0,217.0,231.5,inferred
Wolverhampton,2021-07-14,153.0,165.0,174.0,177.0,179.0,185.0,191.0,196.0,202.0,205.0,208.0,219.0,233.5,inferred
Wolverhampton,2021-07-15,146.5,160.0,168.0,171.0,173.0,179.0,183.0,188.0,194.0,196.2,200.0,210.0,226.0,inferred
Wolverhampton,2021-07-16,129.0,142.0,149.0,152.0,154.0,159.0,164.0,169.0,173.0,176.0,180.0,188.0,202.0,inferred
Wolverhampton,2021-07-17,108.0,117.0,123.0,126.0,129.0,133.0,137.0,141.0,146.0,148.0,151.0,159.0,172.5,inferred
Wolverhampton,2021-07-18,111.5,123.0,130.0,133.0,135.0,140.0,144.0,148.0,153.0,156.0,159.0,167.0,181.0,inferred
Wolverhampton,2021-07-19,154.0,167.0,175.8,179.0,183.0,187.0,192.0,198.0,203.0,206.0,209.0,219.0,234.5,inferred
Wolverhampton,2021-07-20,137.0,150.0,159.0,162.0,165.0,170.0,175.0,180.0,186.0,189.0,191.0,201.1,216.0,inferred
Wolverhampton,2021-07-21,129.0,139.0,147.0,150.0,153.0,158.0,163.0,168.0,173.0,175.0,179.0,187.1,200.5,inferred
Wolverhampton,2021-07-22,111.0,123.0,131.0,134.0,136.0,140.0,145.0,149.0,153.0,156.0,159.0,168.0,179.0,inferred
Wolverhampton,2021-07-23,92.0,102.0,108.0,111.0,113.0,117.0,121.0,125.0,129.0,132.0,134.0,142.0,156.0,inferred
Wolverhampton,2021-07-24,70.0,78.0,84.0,86.0,88.0,92.0,95.5,99.0,103.0,105.0,108.0,114.0,125.0,inferred
Wolverhampton,2021-07-25,68.0,76.0,82.0,84.0,86.0,90.0,93.0,97.0,102.0,104.0,106.0,112.0,121.0,inferred
Wolverhampton,2021-07-26,88.0,98.0,105.0,107.0,110.0,114.0,118.0,122.0,126.0,129.0,132.0,139.0,152.0,inferred
Wolverhampton,2021-07-27,82.0,91.0,97.0,99.0,101.0,105.0,109.0,113.0,117.3,120.0,123.0,131.0,141.0,inferred
Wolverhampton,2021-07-28,82.5,92.0,97.0,100.0,102.0,107.0,110.0,114.0,119.0,121.0,124.0,132.0,143.0,inferred
Wolverhampton,2021-07-29,83.0,92.0,98.0,101.0,103.0,107.0,111.0,115.0,119.0,121.2,124.0,131.0,142.5,inferred
Wolverhampton,2021-07-30,75.5,85.0,90.0,92.0,94.0,98.0,102.0,106.0,111.0,113.0,115.0,122.0,134.0,inferred
Wolverhampton,2021-07-31,64.0,73.0,78.0,80.0,83.0,86.0,89.0,93.0,97.0,99.0,101.2,107.0,119.0,inferred
Wolverhampton,2021-08-01,70.0,80.0,85.0,87.0,89.0,93.0,96.0,100.0,104.0,106.0,109.0,115.0,129.0,inferred
Wolverhampton,2021-08-02,101.0,112.0,119.0,122.0,124.7,129.0,133.0,137.0,142.0,146.0,149.0,157.0,170.5,inferred
Wolverhampton,2021-08-03,97.0,108.0,115.0,118.0,120.0,125.0,129.0,133.0,137.0,140.0,143.0,152.0,163.0,inferred
Wolverhampton,2021-08-04,101.0,110.0,116.0,119.0,122.0,125.6,130.0,135.0,139.0,142.0,144.0,151.0,165.0,inferred
Wolverhampton,2021-08-05,97.0,106.0,113.0,116.0,118.0,122.6,127.0,131.0,135.0,138.0,141.0,149.0,161.5,inferred
Wolverhampton,2021-08-06,85.0,96.0,102.0,104.0,107.0,111.0,115.0,119.0,123.0,125.0,128.0,136.0,148.0,inferred
Wolverhampton,2021-08-07,74.0,82.9,89.0,91.0,93.0,96.0,100.0,103.0,108.0,110.0,113.0,120.0,129.0,inferred
Wolverhampton,2021-08-08,80.0,89.0,95.0,97.0,99.0,103.0,107.0,112.0,116.0,118.0,121.0,127.1,140.0,inferred
Wolverhampton,2021-08-09,112.5,125.0,133.0,136.0,138.0,142.0,147.0,152.0,157.0,159.0,162.0,171.0,186.0,inferred
Wolverhampton,2021-08-10,108.0,119.0,127.0,130.0,132.0,136.6,141.0,146.0,152.0,154.0,158.0,165.0,178.0,inferred
Wolverhampton,2021-08-11,111.0,122.0,129.0,132.0,135.0,139.0,143.0,148.0,152.3,155.0,158.0,166.0,180.0,inferred
Wolverhampton,2021-08-12,110.0,118.0,125.0,129.0,131.0,136.0,140.0,144.0,149.0,152.0,155.0,163.1,177.0,inferred
Wolverhampton,2021-08-13,97.0,107.0,114.0,117.0,119.0,123.0,128.0,132.0,136.0,138.2,141.0,149.0,160.5,inferred
Wolverhampton,2021-08-14,83.0,92.0,98.0,101.0,103.0,107.0,111.0,115.0,119.0,121.0,124.0,131.0,143.0,inferred
Wolverhampton,2021-08-15,89.0,100.0,106.0,108.0,110.0,114.0,119.0,123.0,127.0,130.0,133.0,139.0,150.0,inferred
Wolverhampton,2021-08-16,126.0,139.0,147.0,150.0,153.0,158.0,163.0,167.0,173.0,176.0,180.0,188.0,202.0,inferred
Wolverhampton,2021-08-17,121.0,133.0,140.0,143.0,145.0,150.0,155.0,159.4,165.0,168.0,171.0,180.0,192.0,inferred
Wolverhampton,2021-08-18,122.5,134.0,142.0,144.0,147.0,152.0,157.0,161.0,167.0,169.0,173.0,182.0,194.5,inferred
Wolverhampton,2021-08-19,118.0,131.0,138.0,141.0,144.0,148.0,152.0,157.0,162.0,166.0,168.0,177.0,189.5,inferred
Wolverhampton,2021-08-20,108.0,118.0,124.0,127.0,130.0,134.0,138.0,143.0,148.0,151.0,154.0,162.0,175.0,inferred
Wolverhampton,2021-08-21,90.0,99.0,105.0,107.0,110.0,114.0,119.0,123.0,127.0,130.0,133.0,140.0,154.0,inferred
Wolverhampton,2021-08-22,97.0,106.9,114.0,116.0,118.0,123.0,126.0,130.0,136.0,138.0,141.0,149.0,160.0,inferred
Wolverhampton,2021-08-23,136.5,149.0,157.0,160.0,163.0,168.0,173.0,178.0,183.0,185.0,189.0,198.0,212.0,inferred
Wolverhampton,2021-08-24,128.0,139.0,146.0,150.0,153.0,158.6,164.0,168.0,174.0,177.0,181.0,191.0,204.0,inferred
Wolverhampton,2021-08-25,128.0,139.0,147.0,150.0,153.0,157.0,162.0,167.0,172.0,175.0,178.0,187.0,198.5,inferred
Wolverhampton,2021-08-26,121.5,133.0,141.0,144.0,147.0,152.0,157.0,162.0,166.0,169.0,172.0,182.0,194.0,inferred
Wolverhampton,2021-08-27,109.5,119.0,126.0,129.0,131.0,136.0,140.0,144.0,149.0,152.0,155.0,163.0,176.0,inferred
Wolverhampton,2021-08-28,90.0,99.0,105.0,108.0,110.0,115.0,119.0,122.0,127.0,130.0,133.0,140.0,152.0,inferred
Wolverhampton,2021-08-29,96.5,106.0,113.0,116.0,118.0,122.0,126.0,131.0,135.0,137.0,140.0,148.0,163.0,inferred
Wolverhampton,2021-08-30,133.0,147.0,155.0,158.0,161.0,166.0,171.0,176.0,183.0,186.0,189.0,198.0,216.0,inferred
Wolverhampton,2021-08-31,126.0,139.0,147.0,150.0,152.7,157.0,163.0,167.0,172.0,174.0,178.0,187.0,202.0,inferred
Wolverhampton,2021-09-01,127.0,139.0,147.0,150.0,152.0,157.0,161.0,166.0,171.0,174.0,177.0,186.0,199.0,inferred
Wolverhampton,2021-09-02,122.5,133.0,141.0,144.0,147.0,152.0,156.0,160.0,165.0,168.0,171.0,178.0,194.0,inferred
Wolverhampton,2021-09-03,106.0,117.0,124.0,127.0,130.0,134.0,139.0,143.0,147.0,150.0,152.0,160.0,172.0,inferred
Wolverhampton,2021-09-04,89.0,98.0,104.0,107.0,109.0,113.0,117.0,121.0,126.0,128.0,131.0,138.0,150.0,inferred
Wolverhampton,2021-09-05,92.5,103.0,109.0,112.0,115.0,120.0,124.0,128.0,132.0,135.0,138.0,146.0,158.0,inferred
Wolverhampton,2021-09-06,131.5,144.0,151.0,154.0,156.0,161.0,166.0,171.0,176.0,179.0,183.0,192.0,208.0,inferred
Wolverhampton,2021-09-07,120.5,132.0,139.0,143.0,145.0,150.0,154.0,159.0,163.3,166.0,169.0,178.0,192.0,inferred
Wolverhampton,2021-09-08,116.0,127.0,133.0,136.0,139.0,143.0,147.0,151.0,156.0,160.0,163.2,173.0,186.0,inferred
Wolverhampton,2021-09-09,107.0,115.0,122.0,125.0,128.0,133.0,137.0,141.0,146.0,149.0,152.0,159.0,174.0,inferred
Wolverhampton,2021-09-10,88.5,99.0,105.8,108.0,110.7,115.0,119.0,123.0,127.0,129.0,131.0,139.0,150.5,inferred
Wolverhampton,2021-09-11,71.0,79.0,85.0,87.0,89.0,93.0,96.0,100.0,104.0,106.0,109.0,116.0,126.0,inferred
Wolverhampton,2021-09-12,73.0,81.0,87.0,89.0,92.0,96.0,99.0,103.0,107.0,109.0,112.0,119.0,130.0,inferred
Wolverhampton,2021-09-13,97.0,108.0,115.0,118.0,121.0,125.0,130.0,134.0,138.0,141.0,144.0,153.0,165.0,inferred
Wolverhampton,2021-09-14,92.0,103.0,110.0,113.0,115.0,120.0,124.0,128.0,133.0,135.0,138.0,146.0,159.0,inferred
Wolverhampton,2021-09-15,98.5,109.0,116.0,118.0,120.0,125.0,129.0,133.0,138.0,141.0,144.0,151.0,165.0,inferred
Wolverhampton,2021-09-16,99.0,110.9,117.0,120.0,122.0,126.0,130.0,134.4,140.0,143.0,145.0,153.0,166.0,inferred
Wolverhampton,2021-09-17,94.0,104.0,110.0,113.0,115.0,119.0,123.0,127.0,131.0,134.0,137.0,144.0,157.0,inferred
Wolverhampton,2021-09-18,82.0,91.0,98.0,100.0,102.0,107.0,110.0,114.0,119.0,122.0,124.0,131.0,143.0,inferred
Wolverhampton,2021-09-19,94.5,103.0,110.0,112.0,115.0,119.0,124.0,128.0,133.0,135.0,138.0,145.0,156.0,inferred
Wolverhampton,2021-09-20,137.0,149.0,158.0,161.0,164.0,170.0,175.0,179.0,184.0,188.0,191.0,201.0,214.0,inferred
Wolverhampton,2021-09-21,130.0,142.0,151.0,154.0,157.0,162.0,166.0,171.0,177.0,180.0,183.0,192.0,205.5,inferred
Wolverhampton,2021-09-22,130.0,141.0,149.0,152.0,155.0,160.0,165.0,170.0,176.0,178.2,182.0,191.0,204.0,inferred
Wolverhampton,2021-09-23,123.0,134.0,142.0,145.0,148.0,152.0,157.0,161.0,167.0,170.0,173.0,182.0,194.0,inferred
Wolverhampton,2021-09-24,107.0,117.0,124.0,127.0,129.0,133.0,138.0,143.0,147.0,150.0,153.0,160.1,173.0,inferred
Wolverhampton,2021-09-25,88.0,96.0,102.0,105.0,107.0,111.0,115.0,119.0,123.0,126.0,129.0,136.0,147.5,inferred
Wolverhampton,2021-09-26,90.0,100.0,108.0,110.0,112.0,117.0,121.0,125.0,130.0,132.0,136.0,142.0,155.0,inferred
Wolverhampton,2021-09-27,128.5,140.0,147.0,150.0,153.0,157.0,162.0,166.0,172.0,175.0,178.0,186.1,200.0,inferred
Wolverhampton,2021-09-28,119.0,128.0,136.0,139.0,142.0,147.0,151.0,156.0,162.0,164.2,167.0,176.0,189.0,inferred
Wolverhampton,2021-09-29,116.0,129.0,136.0,139.0,142.0,147.0,151.0,155.0,160.0,163.0,166.0,174.0,186.5,inferred
Wolverhampton,2021-09-30,114.0,123.0,130.0,133.0,135.0,140.0,145.0,150.0,155.0,158.0,160.0,169.0,182.0,inferred
Wolverhampton,2021-10-01,99.0,109.0,116.0,119.8,122.0,126.0,130.0,134.0,139.0,142.0,144.0,152.0,164.0,inferred
Wolverhampton,2021-10-02,83.0,92.0,98.0,100.0,103.0,107.0,110.0,114.0,118.0,120.0,122.0,129.0,140.5,inferred
Wolverhampton,2021-10-03,89.0,97.0,104.0,106.0,108.0,113.0,117.0,121.0,126.0,128.0,130.0,138.0,150.0,inferred
Wolverhampton,2021-10-04,122.0,133.0,141.0,144.0,147.0,152.0,157.0,162.0,166.3,169.0,173.0,181.0,195.0,inferred
Wolverhampton,2021-10-05,114.0,125.0,133.0,135.0,138.0,143.0,147.0,152.0,158.0,161.0,164.0,172.0,185.0,inferred
Wolverhampton,2021-10-06,115.0,125.0,133.0,135.0,138.0,143.0,147.0,152.0,157.0,160.0,163.0,172.0,185.0,inferred
Wolverhampton,2021-10-07,110.0,120.0,127.0,130.0,132.0,137.0,142.0,146.0,151.0,153.0,156.0,165.0,178.5,inferred
Wolverhampton,2021-10-08,97.0,107.0,113.0,116.0,119.0,123.0,127.0,131.0,136.0,138.0,140.0,147.0,160.0,inferred
Wolverhampton,2021-10-09,82.0,91.0,97.0,99.0,102.0,105.0,109.0,113.0,117.0,120.0,122.0,129.0,141.0,inferred
Wolverhampton,2021-10-10,89.5,97.0,103.0,106.0,108.0,113.0,117.0,120.0,125.0,127.0,130.0,138.0,150.0,inferred
Wolverhampton,2021-10-11,125.5,136.0,144.0,147.0,150.0,155.0,159.0,164.0,169.0,172.0,176.0,184.0,199.0,inferred
Wolverhampton,2021-10-12,116.0,128.0,137.8,140.0,143.0,147.0,151.0,156.0,161.0,164.0,167.0,177.0,188.5,inferred
Wolverhampton,2021-10-13,119.0,129.0,137.0,140.0,142.0,147.0,152.0,157.0,161.0,164.0,167.0,176.0,189.0,inferred
Wolverhampton,2021-10-14,112.0,122.0,131.0,135.0,138.0,142.0,147.0,152.0,157.0,160.2,163.0,172.0,186.0,inferred
Wolverhampton,2021-10-15,98.0,110.0,117.0,120.0,123.0,127.0,132.0,136.0,141.3,145.0,148.0,157.0,174.0,inferred
Worcester,2021-07-03,20.0,25.0,29.0,30.0,31.0,34.0,36.0,39.0,41.3,43.0,45.0,51.0,60.0,inferred
Worcester,2021-07-04,25.0,30.0,34.0,36.0,38.0,40.0,43.0,46.0,50.0,52.0,54.0,60.0,69.5,inferred
Worcester,2021-07-05,41.0,49.0,54.0,56.0,58.0,62.0,65.0,68.0,72.0,74.0,76.0,83.0,94.0,inferred
Worcester,2021-07-06,44.5,52.0,58.0,60.0,62.0,65.0,68.0,72.0,75.0,77.0,80.0,86.0,96.0,inferred
Worcester,2021-07-07,51.0,59.0,63.0,66.0,68.0,71.0,74.0,78.0,82.0,84.0,86.0,92.0,102.0,inferred
Worcester,2021-07-08,54.0,63.0,69.0,71.0,73.0,76.0,80.0,83.0,86.0,88.0,91.0,98.0,108.0,inferred
Worcester,2021-07-09,54.0,62.0,68.0,69.0,71.0,75.0,78.0,82.0,85.0,87.0,90.0,96.0,109.0,inferred
Worcester,2021-07-10,50.5,58.0,62.0,64.0,66.0,70.0,73.0,77.0,80.0,83.0,85.0,91.1,101.0,inferred
Worcester,2021-07-11,59.5,68.0,74.0,76.0,78.0,81.0,85.0,88.0,92.0,94.0,97.0,103.1,114.0,inferred
Worcester,2021-07-12,94.5,103.0,110.0,113.0,115.0,120.0,124.0,129.0,134.0,136.0,139.0,147.0,161.5,inferred
Worcester,2021-07-13,87.0,97.9,105.0,108.0,110.0,115.0,119.0,124.0,129.0,131.0,135.0,143.0,158.0,inferred
Worcester,2021-07-14,86.0,95.0,102.0,105.0,107.0,112.0,115.0,120.0,125.0,127.0,129.0,138.0,151.0,inferred
Worcester,2021-07-15,76.0,86.0,92.0,95.0,97.0,101.0,105.0,109.0,113.0,116.0,119.0,127.0,139.5,inferred
Worcester,2021-07-16,63.0,72.0,77.0,80.0,81.7,85.0,89.0,92.0,96.0,98.0,101.0,108.0,119.0,inferred
Worcester,2021-07-17,47.0,55.0,60.0,62.0,64.0,68.0,71.0,74.0,79.0,80.0,83.0,89.0,98.5,inferred
Worcester,2021-07-18,48.0,56.0,61.0,63.0,65.0,68.0,71.0,74.0,78.0,80.0,82.0,88.0,98.0,inferred
Worcester,2021-07-19,64.0,72.0,78.0,81.0,83.0,86.0,90.0,93.0,97.0,100.0,102.0,109.0,121.5,inferred
Worcester,2021-07-20,54.0,61.0,67.0,68.0,71.0,75.0,78.0,81.0,85.0,87.0,89.0,96.0,106.0,inferred
Worcester,2021-07-21,46.0,55.0,59.0,62.0,63.0,67.0,70.0,74.0,78.0,79.0,82.0,87.0,95.0,inferred
Worcester,2021-07-22,39.0,47.0,53.0,54.0,56.0,59.0,61.0,64.0,67.0,69.0,71.0,78.0,87.0,inferred
Worcester,2021-07-23,31.0,37.0,41.0,42.0,44.0,46.0,49.0,52.0,55.0,56.0,58.0,63.0,74.0,inferred
Worcester,2021-07-24,21.5,27.0,30.0,31.0,33.0,35.0,37.0,40.0,42.0,44.0,45.0,50.0,57.0,inferred
Worcester,2021-07-25,20.0,26.0,29.0,30.0,31.0,34.0,36.0,38.0,41.0,42.0,44.0,49.0,56.0,inferred
Worcester,2021-07-26,27.5,33.0,36.0,38.0,39.0,42.0,45.0,47.0,50.0,52.0,54.0,59.0,66.0,inferred
Worcester,2021-07-27,23.0,28.0,31.0,33.0,34.0,37.0,39.0,42.0,45.0,46.0,47.0,52.0,58.5,inferred
Worcester,2021-07-28,22.0,28.0,31.0,33.0,34.0,36.0,39.0,41.0,44.0,45.0,47.0,52.0,61.0,inferred
Worcester,2021-07-29,21.0,26.0,29.0,31.0,32.0,34.0,37.0,39.0,42.0,43.0,45.0,50.0,57.0,inferred
Worcester,2021-07-30,18.0,22.0,26.0,27.0,28.0,31.0,33.0,35.0,38.0,39.0,41.0,45.0,52.0,inferred
Worcester,2021-07-31,14.0,19.0,22.0,23.0,24.0,26.0,28.0,30.0,32.0,34.0,35.0,39.0,46.0,inferred
Worcester,2021-08-01,15.0,20.0,23.0,24.0,25.0,27.0,29.0,31.0,34.0,36.0,37.0,41.0,48.0,inferred
Worcester,2021-08-02,22.0,28.0,31.0,33.0,34.0,36.0,39.0,41.0,44.0,45.0,47.0,52.0,60.5,inferred
Worcester,2021-08-03,20.0,26.0,30.0,31.0,33.0,35.0,37.0,39.0,42.0,43.0,45.0,50.0,58.0,inferred
Worcester,2021-08-04,21.0,25.9,30.0,31.0,33.0,35.0,37.0,39.0,42.0,43.0,45.0,50.0,58.0,inferred
Worcester,2021-08-05,21.0,26.0,29.0,30.0,32.0,34.0,36.0,39.0,41.0,42.0,44.0,49.0,58.0,inferred
Worcester,2021-08-06,17.0,22.0,25.0,27.0,28.0,30.0,32.0,35.0,37.0,38.0,40.0,44.0,52.0,inferred
Worcester,2021-08-07,13.0,18.0,21.0,23.0,24.0,26.0,28.0,30.0,32.0,33.0,35.0,40.0,47.0,inferred
Worcester,2021-08-08,16.0,20.0,23.0,24.0,25.0,27.0,30.0,31.0,34.0,35.0,37.0,41.0,47.0,inferred
Worcester,2021-08-09,23.0,29.0,32.0,34.0,35.0,38.0,41.0,43.0,46.0,47.0,49.0,55.0,61.5,inferred
Worcester,2021-08-10,22.0,28.0,31.0,32.0,34.0,36.0,39.0,41.0,44.0,45.0,47.0,52.0,61.0,inferred
Worcester,2021-08-11,22.0,27.0,31.0,32.0,33.0,36.0,38.0,41.0,44.0,46.0,47.0,52.0,59.0,inferred
Worcester,2021-08-12,22.0,27.0,31.0,32.0,33.0,35.0,37.0,40.0,43.0,44.0,46.0,51.0,59.0,inferred
Worcester,2021-08-13,19.0,23.0,27.0,28.0,30.0,32.0,34.0,37.0,39.0,41.0,42.0,47.0,54.0,inferred
Worcester,2021-08-14,15.0,20.0,23.0,24.0,26.0,27.0,29.0,31.0,33.0,35.0,36.0,41.0,47.0,inferred
Worcester,2021-08-15,17.0,22.0,25.0,26.0,27.0,30.0,32.0,34.0,36.0,37.0,39.0,43.0,50.5,inferred
Worcester,2021-08-16,26.0,31.0,35.0,37.0,38.0,41.0,44.0,46.0,49.0,51.0,53.0,57.0,67.0,inferred
Worcester,2021-08-17,24.0,30.0,33.0,35.0,36.0,39.0,41.0,44.0,47.0,48.0,50.0,55.0,62.0,inferred
Worcester,2021-08-18,25.0,30.0,34.0,35.0,36.0,39.0,41.0,44.0,47.0,48.0,51.0,55.0,61.0,inferred
Worcester,2021-08-19,23.0,28.0,32.0,34.0,35.0,37.0,40.0,42.0,45.0,47.0,48.0,54.0,61.0,inferred
Worcester,2021-08-20,20.0,25.0,28.0,30.0,31.0,33.0,35.0,38.0,40.0,42.0,44.0,48.0,56.0,inferred
Worcester,2021-08-21,16.0,21.0,23.0,25.0,26.0,28.0,30.0,32.0,35.0,37.0,38.0,42.0,48.0,inferred
Worcester,2021-08-22,17.0,22.0,25.0,26.0,27.0,30.0,32.0,34.0,37.0,38.0,39.0,44.0,51.0,inferred
Worcester,2021-08-23,26.0,31.0,35.0,37.0,38.0,41.0,43.0,46.0,49.0,50.0,52.0,58.0,67.0,inferred
Worcester,2021-08-24,23.0,29.0,33.0,35.0,36.0,39.0,42.0,44.0,46.0,48.0,50.0,54.0,63.0,inferred
Worcester,2021-08-25,24.0,29.0,33.0,34.0,36.0,38.0,41.0,43.0,46.0,47.0,49.0,55.0,63.0,inferred
Worcester,2021-08-26,23.0,28.0,32.0,34.0,35.0,37.0,40.0,43.0,45.3,47.0,49.0,54.0,61.0,inferred
Worcester,2021-08-27,20.0,24.0,28.0,29.0,30.0,33.0,35.0,37.0,40.0,41.0,43.0,47.0,55.0,inferred
Worcester,2021-08-28,16.0,20.0,24.0,25.0,26.0,28.0,30.0,33.0,35.0,37.0,38.0,42.0,48.0,inferred
Worcester,2021-08-29,17.0,22.0,26.0,27.0,28.0,30.0,32.0,34.0,37.0,38.0,40.0,44.0,51.0,inferred
Worcester,2021-08-30,26.0,31.0,36.0,37.0,39.0,41.0,44.0,47.0,49.0,51.0,53.0,58.0,65.0,inferred
Worcester,2021-08-31,24.0,30.0,34.0,35.0,36.0,39.0,42.0,44.0,47.0,48.0,50.0,55.0,62.0,inferred
Worcester,2021-09-01,24.0,29.0,32.0,34.0,35.0,38.0,40.0,43.0,46.0,47.0,49.0,54.0,62.5,inferred
Worcester,2021-09-02,23.0,28.0,31.0,33.0,34.0,36.0,39.0,41.0,44.0,45.0,47.0,52.0,59.0,inferred
Worcester,2021-09-03,19.0,24.0,27.0,28.0,29.0,32.0,34.0,36.0,38.0,40.0,41.0,46.0,53.0,inferred
Worcester,2021-09-04,15.0,19.0,22.0,23.0,25.0,26.0,28.0,30.0,33.0,34.0,36.0,39.0,46.5,inferred
Worcester,2021-09-05,15.0,21.0,24.0,25.0,26.0,28.0,30.0,32.0,35.0,36.0,38.0,41.1,49.0,inferred
Worcester,2021-09-06,23.0,29.0,32.0,34.0,35.0,38.0,40.0,43.0,46.0,48.0,49.0,55.0,62.0,inferred
Worcester,2021-09-07,21.0,26.0,30.0,31.0,32.0,35.0,37.0,39.0,42.0,43.0,45.0,49.0,57.0,inferred
Worcester,2021-09-08,20.0,25.0,28.0,30.0,31.0,34.0,36.0,38.0,41.0,43.0,45.0,49.0,57.0,inferred
Worcester,2021-09-09,18.0,23.0,26.0,27.0,28.0,31.0,33.0,35.0,38.0,39.0,41.0,45.0,52.0,inferred
Worcester,2021-09-10,15.0,19.0,22.0,23.0,24.0,26.0,28.0,30.0,32.0,34.0,35.0,39.0,46.0,inferred
Worcester,2021-09-11,11.0,14.0,17.0,18.0,19.0,21.0,23.0,25.0,27.0,28.0,29.0,33.0,40.0,inferred
Worcester,2021-09-12,11.0,14.0,17.0,18.0,19.0,21.0,23.0,25.0,27.0,29.0,30.0,33.0,40.0,inferred
Worcester,2021-09-13,16.0,20.0,24.0,25.0,26.0,29.0,31.0,33.0,35.0,36.0,38.0,42.0,49.0,inferred
Worcester,2021-09-14,15.0,19.0,22.0,23.0,24.0,26.0,28.0,30.0,33.0,34.0,36.0,40.0,47.0,inferred
Worcester,2021-09-15,15.0,20.0,23.0,24.0,25.0,27.0,29.0,32.0,34.0,35.0,37.0,41.0,47.0,inferred
Worcester,2021-09-16,15.0,19.0,23.0,24.0,25.0,27.0,29.0,31.0,33.0,35.0,36.0,40.0,47.0,inferred
Worcester,2021-09-17,13.0,17.0,20.0,21.0,23.0,25.0,27.0,29.0,31.0,32.0,34.0,38.0,44.5,inferred
Worcester,2021-09-18,11.0,15.0,17.0,18.0,19.0,21.0,23.0,25.0,27.0,29.0,30.0,33.0,39.0,inferred
Worcester,2021-09-19,12.0,16.0,19.0,20.0,21.0,23.0,25.0,27.0,30.0,31.0,32.0,36.0,43.0,inferred
Worcester,2021-09-20,20.0,24.0,28.0,29.0,30.0,33.0,35.0,37.0,40.0,42.0,43.0,48.0,57.0,inferred
Worcester,2021-09-21,17.5,23.0,27.0,28.0,29.0,32.0,34.0,36.0,39.0,41.0,42.0,47.0,54.0,inferred
Worcester,2021-09-22,18.5,23.0,27.0,28.0,29.0,32.0,34.0,36.0,39.0,41.0,42.0,47.0,54.0,inferred
Worcester,2021-09-23,17.0,22.0,25.0,26.0,27.0,29.6,31.0,34.0,36.0,37.0,39.0,44.0,51.5,inferred
Worcester,2021-09-24,15.0,19.0,22.0,23.0,24.0,27.0,28.0,30.0,33.0,34.2,36.0,40.0,47.0,inferred
Worcester,2021-09-25,12.0,15.0,18.0,19.0,20.0,22.0,24.0,26.0,28.0,29.0,30.0,34.0,41.0,inferred
Worcester,2021-09-26,12.0,16.0,19.0,20.0,21.0,23.0,25.0,27.0,29.0,30.0,32.0,36.0,43.0,inferred
Worcester,2021-09-27,18.0,23.0,26.0,28.0,29.0,31.0,34.0,36.0,39.0,40.0,42.0,46.0,53.0,inferred
Worcester,2021-09-28,16.0,21.0,25.0,26.0,27.0,30.0,32.0,34.0,36.0,38.0,40.0,44.0,51.0,inferred
Worcester,2021-09-29,17.0,22.0,25.0,26.0,27.0,29.0,32.0,34.0,36.0,38.0,39.0,43.0,51.0,inferred
Worcester,2021-09-30,16.0,21.0,24.0,25.0,27.0,29.0,31.0,33.0,36.0,37.0,39.0,44.0,51.0,inferred
Worcester,2021-10-01,15.0,19.0,22.0,23.0,24.0,26.0,29.0,30.0,33.0,34.0,36.0,40.0,46.0,inferred
Worcester,2021-10-02,12.0,16.0,19.0,20.0,21.0,23.0,25.0,27.0,29.0,30.0,32.0,35.0,42.0,inferred
Worcester,2021-10-03,14.0,18.0,21.0,22.0,23.0,25.0,28.0,29.0,32.0,33.0,35.0,39.0,47.0,inferred
Worcester,2021-10-04,22.0,27.0,30.0,32.0,34.0,36.0,38.0,41.0,43.0,45.0,47.0,52.0,59.0,inferred
Worcester,2021-10-05,22.0,27.0,30.0,32.0,33.0,36.0,38.0,40.0,43.0,45.0,46.0,52.0,60.0,inferred
Worcester,2021-10-06,24.0,29.0,33.0,34.0,36.0,38.0,40.0,43.0,46.0,47.0,49.0,53.0,62.0,inferred
Worcester,2021-10-07,24.0,29.0,33.0,35.0,36.0,39.0,41.0,44.0,46.0,48.0,50.0,54.0,61.5,inferred
Worcester,2021-10-08,22.0,28.0,31.0,33.0,34.0,37.0,39.0,41.0,44.0,45.0,47.0,52.0,59.0,inferred
Worcester,2021-10-09,19.0,24.0,27.0,29.0,30.0,32.0,34.5,37.0,40.0,41.0,43.0,47.0,55.0,inferred
Worcester,2021-10-10,22.0,28.0,31.0,33.0,34.0,37.0,39.0,42.0,45.0,46.0,48.0,52.1,60.5,inferred
Worcester,2021-10-11,35.0,41.0,45.0,47.0,49.0,52.0,55.0,58.0,61.0,63.0,65.0,71.0,79.5,inferred
Worcester,2021-10-12,34.0,39.0,44.0,46.0,48.0,51.0,53.0,57.0,60.0,61.0,63.0,68.0,78.0,inferred
Worcester,2021-10-13,34.0,41.0,45.0,47.0,49.0,52.0,54.0,57.0,60.0,62.0,65.0,71.0,79.0,inferred
Worcester,2021-10-14,33.0,39.0,44.0,46.0,48.0,51.0,54.0,56.0,59.0,61.0,63.0,69.0,80.0,inferred
Worcester,2021-10-15,29.0,35.0,40.0,42.0,43.0,46.0,49.0,51.0,55.0,56.2,59.0,64.0,74.5,inferred
Worthing,2021-07-03,11.0,14.0,17.0,18.0,19.0,21.0,23.0,25.0,27.0,29.0,30.0,34.0,40.0,inferred
Worthing,2021-07-04,13.0,17.0,20.0,21.0,22.0,25.0,27.0,29.0,31.0,32.0,34.0,38.0,46.0,inferred
Worthing,2021-07-05,23.0,29.0,32.0,33.8,35.0,38.0,40.0,42.0,45.0,46.0,48.0,52.1,61.0,inferred
Worthing,2021-07-06,24.0,30.0,33.0,35.0,36.0,39.0,41.0,43.0,46.0,47.0,49.0,54.0,61.0,inferred
Worthing,2021-07-07,27.0,33.0,37.0,38.0,40.0,42.0,44.0,47.0,49.0,51.0,53.0,58.0,67.0,inferred
Worthing,2021-07-08,28.0,33.9,37.0,39.0,40.0,43.0,45.0,48.0,51.0,52.0,54.0,60.0,68.0,inferred
Worthing,2021-07-09,27.0,33.0,38.0,39.0,41.0,43.0,46.0,48.0,51.0,52.0,54.0,59.0,68.0,inferred
Worthing,2021-07-10,26.0,31.0,34.0,36.0,37.0,40.0,42.0,45.0,48.0,49.0,51.0,56.0,64.0,inferred
Worthing,2021-07-11,29.0,35.0,38.0,40.0,42.0,45.0,47.0,50.0,53.0,55.0,57.0,62.0,70.0,inferred
Worthing,2021-07-12,47.0,54.0,59.0,61.0,63.0,66.0,70.0,73.0,76.0,78.0,80.0,87.0,96.0,inferred
Worthing,2021-07-13,46.0,53.0,58.0,60.0,63.0,66.0,69.0,73.0,76.0,78.2,81.0,88.0,98.0,inferred
Worthing,2021-07-14,48.0,55.0,61.0,63.0,65.0,68.0,71.0,74.0,78.0,80.0,83.0,88.0,97.5,inferred
Worthing,2021-07-15,43.0,50.0,55.0,57.0,59.0,63.0,66.0,69.0,72.0,74.0,76.0,82.0,93.0,inferred
Worthing,2021-07-16,40.0,46.0,51.0,52.0,54.0,57.0,61.0,64.0,67.0,69.0,70.0,76.0,86.0,inferred
Worthing,2021-07-17,31.0,37.0,41.0,43.0,44.0,47.0,50.0,52.0,55.0,57.0,59.0,65.0,74.0,inferred
Worthing,2021-07-18,32.0,38.0,42.0,44.0,45.0,48.0,51.0,54.0,57.0,58.2,60.0,65.0,75.5,inferred
Worthing,2021-07-19,44.5,52.0,56.0,58.0,60.0,63.0,66.0,69.0,72.0,74.0,76.0,83.0,94.0,inferred
Worthing,2021-07-20,41.0,47.0,52.0,53.0,56.0,59.0,62.0,65.0,68.0,69.0,72.0,78.0,87.0,inferred
Worthing,2021-07-21,37.5,44.0,49.0,51.0,52.0,55.0,58.0,61.0,64.0,66.0,68.2,74.0,83.0,inferred
Worthing,2021-07-22,32.0,39.0,44.0,45.0,47.0,50.0,52.0,55.0,58.0,60.0,62.0,67.0,76.0,inferred
Worthing,2021-07-23,27.0,33.0,37.0,38.0,40.0,42.6,45.0,48.0,50.0,52.0,54.0,59.0,68.0,inferred
Worthing,2021-07-24,20.0,26.0,29.0,31.0,32.0,35.0,37.0,39.0,42.0,43.0,44.2,49.0,56.5,inferred
Worthing,2021-07-25,20.0,25.0,29.0,30.0,31.0,33.0,35.0,38.0,40.0,42.0,43.0,48.0,55.0,inferred
Worthing,2021-07-26,28.0,33.0,37.0,39.0,40.0,43.0,46.0,48.0,51.0,53.0,54.2,59.1,67.0,inferred
Worthing,2021-07-27,25.5,32.0,35.0,37.0,38.0,41.0,44.0,46.0,49.0,51.0,52.2,57.0,66.0,inferred
Worthing,2021-07-28,27.0,32.9,36.0,38.0,39.0,42.0,44.0,46.0,49.0,51.0,53.0,57.1,66.0,inferred
Worthing,2021-07-29,26.0,33.0,36.0,37.0,38.0,41.0,43.0,46.0,49.0,50.0,52.0,57.0,65.0,inferred
Worthing,2021-07-30,24.0,29.0,33.0,35.0,36.0,39.0,41.0,44.0,47.0,48.0,50.0,54.1,63.0,inferred
Worthing,2021-07-31,20.0,25.0,29.0,30.0,32.0,34.0,36.0,39.0,41.0,43.0,45.0,49.0,57.0,inferred
Worthing,2021-08-01,22.0,26.0,31.0,32.0,33.0,36.0,38.0,40.0,44.0,45.0,46.0,51.0,59.0,inferred
Worthing,2021-08-02,34.0,40.0,44.0,46.0,47.0,50.0,52.0,56.0,59.0,60.0,62.2,68.0,77.0,inferred
Worthing,2021-08-03,32.5,38.0,42.0,44.0,45.0,48.0,51.0,54.0,57.0,59.0,61.0,67.0,75.0,inferred
Worthing,2021-08-04,33.0,40.0,43.0,45.0,46.0,50.0,53.0,55.0,58.0,60.0,62.0,68.0,77.0,inferred
Worthing,2021-08-05,31.0,37.0,41.0,42.0,44.0,47.0,50.0,53.0,56.0,57.0,59.0,64.0,73.0,inferred
Worthing,2021-08-06,28.0,34.0,38.0,40.0,41.0,44.0,46.0,49.0,52.0,54.0,55.0,61.0,71.0,inferred
Worthing,2021-08-07,23.0,29.0,32.0,34.0,35.0,37.0,40.0,42.0,45.0,47.0,48.0,52.0,59.0,inferred
Worthing,2021-08-08,24.0,29.9,33.0,35.0,36.0,39.0,41.0,44.0,47.0,48.0,50.0,55.0,63.0,inferred
Worthing,2021-08-09,35.0,42.0,46.0,48.0,50.0,53.0,56.0,59.0,62.0,64.0,66.0,71.0,80.0,inferred
Worthing,2021-08-10,34.0,40.0,45.0,47.0,48.0,51.0,53.0,56.0,59.0,61.0,63.0,69.0,79.0,inferred
Worthing,2021-08-11,35.0,40.0,45.0,47.0,48.0,51.0,55.0,57.0,61.0,62.2,64.0,70.0,79.0,inferred
Worthing,2021-08-12,31.5,37.0,43.0,45.0,46.0,49.0,51.0,54.0,57.0,59.0,61.0,67.1,77.0,inferred
Worthing,2021-08-13,29.0,35.0,39.0,41.0,42.0,45.0,48.0,50.0,53.0,55.0,57.0,62.0,71.0,inferred
Worthing,2021-08-14,23.0,29.0,33.0,34.0,35.0,38.0,40.0,43.0,46.0,47.0,49.0,53.0,62.0,inferred
Worthing,2021-08-15,25.0,31.0,35.0,36.0,38.0,40.0,42.0,45.0,47.0,48.0,50.0,55.0,62.5,inferred
Worthing,2021-08-16,37.0,43.0,47.0,49.0,50.0,53.0,56.0,59.0,63.0,64.0,66.0,72.0,80.0,inferred
Worthing,2021-08-17,34.0,40.0,45.0,46.0,48.0,51.0,54.0,57.0,60.0,62.0,64.0,70.0,78.0,inferred
Worthing,2021-08-18,33.0,40.0,44.0,45.0,47.0,50.0,53.0,56.0,59.0,60.0,63.0,68.0,76.0,inferred
Worthing,2021-08-19,29.5,36.0,39.0,41.0,43.0,46.0,48.0,50.0,53.0,55.0,57.0,62.0,72.0,inferred
Worthing,2021-08-20,25.5,31.0,35.0,37.0,38.0,41.0,43.0,46.0,48.0,50.0,52.0,57.0,66.0,inferred
Worthing,2021-08-21,20.0,25.0,29.0,30.0,31.0,33.0,36.0,38.0,41.0,42.0,43.0,47.0,55.0,inferred
Worthing,2021-08-22,19.0,25.0,28.0,30.0,31.0,33.0,35.0,37.0,40.0,42.0,43.0,48.0,56.0,inferred
Worthing,2021-08-23,26.0,33.0,37.0,38.0,40.0,43.0,46.0,49.0,51.0,53.0,55.0,61.0,68.5,inferred
Worthing,2021-08-24,26.0,31.0,34.8,36.0,38.0,40.0,43.0,45.0,48.0,50.0,52.0,57.0,65.0,inferred
Worthing,2021-08-25,25.0,31.0,35.0,36.0,38.0,40.0,43.0,46.0,49.0,50.0,52.0,58.0,65.0,inferred
Worthing,2021-08-26,23.0,29.0,33.0,34.0,36.0,38.0,40.0,43.0,45.0,47.0,48.0,53.0,61.0,inferred
Worthing,2021-08-27,21.0,26.0,29.0,31.0,32.0,34.0,37.0,39.0,41.0,42.0,44.0,49.0,56.0,inferred
Worthing,2021-08-28,17.0,21.0,24.0,26.0,27.0,29.0,31.0,33.0,36.0,37.0,39.0,43.0,50.0,inferred
Worthing,2021-08-29,16.5,21.0,24.0,26.0,27.0,29.0,31.0,33.0,35.0,37.0,38.0,43.0,51.0,inferred
Worthing,2021-08-30,24.0,29.0,33.0,35.0,36.0,38.0,41.0,44.0,46.0,48.0,49.0,54.0,62.0,inferred
Worthing,2021-08-31,22.5,28.0,32.0,33.0,34.0,37.0,39.0,41.0,45.0,46.0,48.0,53.0,60.5,inferred
Worthing,2021-09-01,24.0,29.0,32.0,34.0,35.0,37.0,39.0,42.0,45.0,46.0,48.0,53.0,59.0,inferred
Worthing,2021-09-02,21.0,26.0,30.0,31.0,33.0,35.0,37.0,40.0,43.0,44.0,46.0,50.0,58.0,inferred
Worthing,2021-09-03,20.0,24.0,27.0,29.0,30.0,32.0,34.5,37.0,39.0,41.0,42.0,47.0,53.0,inferred
Worthing,2021-09-04,15.0,19.0,22.0,24.0,25.0,27.0,29.0,31.0,33.0,35.0,36.0,40.0,47.0,inferred
Worthing,2021-09-05,16.0,20.0,23.0,24.0,25.0,27.0,29.0,31.0,34.0,35.0,36.0,41.0,48.0,inferred
Worthing,2021-09-06,21.0,27.0,31.0,32.0,34.0,36.0,39.0,41.0,44.0,46.0,47.0,52.0,60.5,inferred
Worthing,2021-09-07,20.0,25.0,28.0,30.0,31.0,33.0,36.0,39.0,41.0,43.0,45.0,49.0,56.0,inferred
Worthing,2021-09-08,19.0,24.0,28.0,29.0,30.0,33.0,35.0,37.0,40.0,42.0,43.0,48.1,56.0,inferred
Worthing,2021-09-09,17.0,22.0,25.0,26.0,27.0,29.0,31.0,34.0,36.0,38.0,39.0,44.0,51.5,inferred
Worthing,2021-09-10,14.0,19.0,22.0,23.0,24.0,26.0,28.0,30.0,32.0,34.0,35.0,39.0,46.0,inferred
Worthing,2021-09-11,11.0,15.0,17.0,18.0,19.0,21.0,23.0,24.0,27.0,28.0,29.0,33.1,39.0,inferred
Worthing,2021-09-12,10.0,14.0,16.0,18.0,19.0,20.0,22.0,24.0,26.0,27.0,29.0,32.0,39.0,inferred
Worthing,2021-09-13,15.5,20.0,23.0,24.0,25.0,28.0,30.0,31.0,34.0,35.0,37.0,41.0,47.0,inferred
Worthing,2021-09-14,15.0,19.0,22.0,23.0,25.0,26.0,28.0,30.0,33.0,34.0,35.0,40.0,46.0,inferred
Worthing,2021-09-15,15.5,20.0,24.0,25.0,26.0,28.0,30.0,32.0,35.0,36.0,37.0,41.0,48.0,inferred
Worthing,2021-09-16,15.0,19.0,23.0,24.0,25.0,27.0,29.0,32.0,34.0,36.0,37.0,41.0,49.0,inferred
Worthing,2021-09-17,15.0,19.0,22.0,24.0,25.0,27.0,29.0,31.0,34.0,35.0,37.0,41.0,47.0,inferred
Worthing,2021-09-18,13.0,17.0,20.0,21.0,22.0,24.0,26.0,28.0,30.0,31.0,33.0,37.0,42.5,inferred
Worthing,2021-09-19,15.0,19.0,22.0,23.0,24.0,26.0,28.0,31.0,33.0,34.0,35.2,40.0,47.0,inferred
Worthing,2021-09-20,23.0,28.0,32.0,34.0,35.0,38.0,40.0,43.0,45.0,47.0,48.2,54.0,61.0,inferred
Worthing,2021-09-21,24.0,29.0,33.0,35.0,36.0,39.0,41.0,43.0,46.0,47.0,49.0,54.0,62.0,inferred
Worthing,2021-09-22,25.0,30.0,34.0,36.0,37.0,39.0,42.0,45.0,48.0,49.0,51.0,56.0,65.5,inferred
Worthing,2021-09-23,24.0,29.0,33.0,35.0,36.0,39.0,41.0,44.0,46.0,48.0,49.0,54.0,65.0,inferred
Worthing,2021-09-24,23.0,27.0,31.0,33.0,34.0,37.0,39.0,42.0,44.0,46.0,48.0,52.0,59.5,inferred
Worthing,2021-09-25,19.0,23.9,27.0,28.0,29.0,32.0,34.0,36.0,39.0,40.0,42.0,46.0,54.0,inferred
Worthing,2021-09-26,20.0,25.0,28.8,30.0,31.0,33.0,35.0,38.0,40.0,42.0,43.0,48.0,55.5,inferred
Worthing,2021-09-27,30.0,37.0,41.0,43.0,44.0,47.0,50.0,52.0,55.0,57.0,58.0,64.0,73.0,inferred
Worthing,2021-09-28,28.5,35.0,39.0,41.0,42.0,45.0,48.0,51.0,53.0,55.0,57.0,63.0,71.0,inferred
Worthing,2021-09-29,29.0,36.0,40.0,42.0,43.0,46.0,49.0,51.0,55.0,56.0,58.0,63.0,73.5,inferred
Worthing,2021-09-30,30.0,34.0,39.0,40.0,42.0,44.0,47.0,49.0,52.0,54.0,56.0,61.0,69.0,inferred
Worthing,2021-10-01,26.0,31.0,35.0,36.0,38.0,40.0,42.0,45.0,48.0,50.0,52.0,57.0,65.0,inferred
Worthing,2021-10-02,22.0,27.0,30.0,31.0,32.0,35.0,37.0,39.0,42.0,44.0,46.0,50.0,58.0,inferred
Worthing,2021-10-03,21.0,27.0,30.0,32.0,33.0,36.0,38.0,40.0,43.0,45.0,47.0,52.0,59.0,inferred
Worthing,2021-10-04,32.0,38.0,42.0,44.0,45.0,48.0,51.0,54.0,57.0,59.0,61.0,67.0,77.0,inferred
Worthing,2021-10-05,31.0,37.0,42.0,43.0,45.0,48.0,50.0,53.0,56.0,58.0,60.0,65.0,74.0,inferred
Worthing,2021-10-06,34.0,41.0,45.0,47.0,48.0,51.0,53.0,57.0,59.0,61.0,63.0,69.0,77.5,inferred
Worthing,2021-10-07,34.0,41.0,45.0,47.0,48.0,51.0,54.0,56.0,60.0,62.0,63.0,69.0,78.0,inferred
Worthing,2021-10-08,32.0,38.0,43.0,45.0,46.0,49.0,52.0,55.0,58.0,60.0,62.0,69.0,77.0,inferred
Worthing,2021-10-09,30.0,35.0,39.0,40.0,42.0,45.0,47.0,50.0,53.0,54.0,56.0,61.1,71.0,inferred
Worthing,2021-10-10,30.0,37.0,42.0,43.0,45.0,48.0,51.0,54.0,57.0,59.0,61.0,66.0,74.5,inferred
Worthing,2021-10-11,48.0,56.0,61.0,64.0,65.0,69.0,72.0,75.0,79.0,81.0,84.0,90.0,100.0,inferred
Worthing,2021-10-12,48.0,56.0,61.0,63.0,65.0,69.0,72.0,75.0,79.0,81.0,84.0,91.0,102.0,inferred
Worthing,2021-10-13,51.0,58.0,64.0,66.0,68.0,72.0,75.0,78.4,82.0,84.0,87.0,93.0,105.0,inferred
Worthing,2021-10-14,49.0,57.0,62.0,64.0,66.0,70.0,74.0,77.0,80.0,82.0,85.0,90.0,101.0,inferred
Worthing,2021-10-15,44.0,51.0,58.0,60.0,62.0,66.0,70.0,74.0,78.0,81.0,84.0,90.0,102.0,inferred
Wrexham,2021-07-03,22.0,30.0,34.0,36.0,38.0,42.0,46.0,49.0,54.0,56.0,58.0,65.0,77.0,inferred
Wrexham,2021-07-04,23.0,31.0,37.0,39.0,41.0,44.0,47.0,51.0,55.0,58.0,61.0,67.0,83.0,inferred
Wrexham,2021-07-05,39.0,46.9,53.0,56.0,58.0,62.0,66.0,71.0,75.0,78.0,80.0,88.0,102.5,inferred
Wrexham,2021-07-06,38.5,48.0,55.0,57.0,59.0,64.0,68.0,73.0,78.0,81.0,84.0,94.0,109.0,inferred
Wrexham,2021-07-07,39.0,49.0,54.0,57.0,59.0,63.0,67.0,72.0,77.0,79.0,83.0,92.0,106.5,inferred
Wrexham,2021-07-08,37.0,45.0,52.0,55.0,57.0,62.0,66.0,71.0,75.0,78.0,82.0,90.0,106.5,inferred
Wrexham,2021-07-09,30.5,40.9,47.0,49.0,51.0,55.6,60.0,64.0,69.0,72.0,75.0,83.0,96.0,inferred
Wrexham,2021-07-10,27.0,34.0,39.0,41.0,43.0,46.0,50.0,54.0,58.0,61.0,64.0,73.0,85.0,inferred
Wrexham,2021-07-11,26.0,34.0,40.0,42.0,44.0,48.0,51.0,55.0,60.0,62.0,65.0,73.0,90.0,inferred
Wrexham,2021-07-12,41.5,50.0,57.0,60.0,63.0,67.0,72.0,77.0,83.0,86.0,89.0,98.0,115.0,inferred
Wrexham,2021-07-13,41.0,52.0,58.0,60.0,62.0,66.0,71.0,76.0,81.0,84.0,87.0,96.0,113.0,inferred
Wrexham,2021-07-14,37.0,48.0,55.0,57.0,60.0,64.0,69.0,73.0,79.0,82.0,86.0,95.0,111.0,inferred
Wrexham,2021-07-15,35.0,44.0,50.0,53.0,55.0,59.0,63.0,68.0,72.0,75.0,78.0,87.0,100.0,inferred
Wrexham,2021-07-16,28.0,35.0,41.0,43.0,46.0,50.0,54.0,58.0,62.3,65.0,68.0,75.0,88.0,inferred
Wrexham,2021-07-17,21.0,28.0,33.0,35.0,37.0,41.0,45.0,48.0,53.0,55.0,58.0,65.0,78.0,inferred
Wrexham,2021-07-18,20.0,26.0,32.0,34.0,36.0,40.0,43.0,47.0,51.0,54.0,56.0,64.0,77.0,inferred
Wrexham,2021-07-19,30.0,38.0,44.0,47.0,49.0,53.0,58.0,62.0,67.0,70.0,73.0,80.0,96.5,inferred
Wrexham,2021-07-20,29.0,36.0,43.0,46.0,48.0,52.0,56.0,60.0,64.3,68.0,70.0,79.0,94.5,inferred
Wrexham,2021-07-21,27.0,35.0,40.0,42.0,45.0,49.0,52.0,56.0,61.0,64.0,67.0,75.0,90.0,inferred
Wrexham,2021-07-22,24.0,31.0,37.0,40.0,42.0,45.0,49.0,53.0,57.0,60.0,63.0,69.0,82.0,inferred
Wrexham,2021-07-23,20.0,26.0,30.0,32.0,34.0,38.0,41.0,45.0,49.0,51.0,54.0,61.0,77.5,inferred
Wrexham,2021-07-24,14.0,20.0,24.0,26.0,27.0,31.0,33.0,37.0,40.0,43.0,45.0,51.0,62.0,inferred
Wrexham,2021-07-25,13.0,19.0,23.0,25.0,26.0,29.0,32.0,35.0,39.0,41.0,43.0,50.0,60.0,inferred
Wrexham,2021-07-26,20.0,27.0,32.0,34.0,36.0,40.0,43.0,46.0,50.0,52.0,55.0,63.0,76.0,inferred
Wrexham,2021-07-27,19.5,26.0,32.0,34.0,35.0,39.0,43.0,46.0,50.0,52.0,55.0,62.0,76.0,inferred
Wrexham,2021-07-28,20.0,26.0,32.0,34.0,35.0,39.0,42.0,45.0,49.0,51.0,53.0,62.0,73.5,inferred
Wrexham,2021-07-29,18.0,24.0,29.0,31.0,32.0,36.0,40.0,44.0,47.0,50.0,52.2,59.0,72.0,inferred
Wrexham,2021-07-30,15.0,22.0,26.0,28.0,29.0,32.0,35.0,38.0,42.0,43.0,47.0,54.0,66.0,inferred
Wrexham,2021-07-31,12.0,17.0,22.0,23.0,24.0,27.0,30.0,33.0,37.0,39.0,41.0,46.0,58.0,inferred
Wrexham,2021-08-01,12.0,17.0,21.0,23.0,24.0,27.0,29.0,33.0,36.0,38.0,40.0,45.0,57.0,inferred
Wrexham,2021-08-02,18.0,26.0,31.0,33.0,34.0,38.0,41.0,44.4,49.0,52.0,55.0,62.0,75.0,inferred
Wrexham,2021-08-03,21.0,27.0,31.0,33.0,35.0,38.0,42.0,46.0,50.0,52.0,55.0,63.0,74.0,inferred
Wrexham,2021-08-04,18.0,27.0,32.0,35.0,37.0,41.0,44.0,47.0,52.0,54.0,56.0,65.0,77.0,inferred
Wrexham,2021-08-05,20.0,27.0,33.0,35.0,37.0,40.0,43.0,47.0,51.0,53.0,56.0,62.0,75.0,inferred
Wrexham,2021-08-06,18.0,24.0,29.0,31.0,33.0,37.0,40.0,43.0,47.0,50.0,52.0,59.0,74.0,inferred
Wrexham,2021-08-07,14.0,21.0,25.0,27.0,29.0,32.0,35.0,38.0,42.0,45.0,47.0,54.0,66.0,inferred
Wrexham,2021-08-08,16.0,22.0,27.0,29.0,30.0,33.0,36.0,40.0,44.0,46.0,48.0,56.0,67.0,inferred
Wrexham,2021-08-09,27.0,34.0,41.0,43.0,45.0,49.0,53.0,57.0,61.0,64.0,67.0,75.0,87.0,inferred
Wrexham,2021-08-10,28.0,36.9,42.0,45.0,47.0,51.0,54.0,59.0,63.0,67.0,69.0,78.0,93.0,inferred
Wrexham,2021-08-11,32.0,38.0,45.0,47.0,49.0,53.0,58.0,62.0,66.0,70.0,73.0,82.0,99.0,inferred
Wrexham,2021-08-12,30.0,38.0,44.0,46.0,49.0,53.0,57.0,62.0,66.0,69.0,72.0,80.0,95.0,inferred
Wrexham,2021-08-13,26.0,35.0,41.0,43.0,45.0,49.0,53.0,57.0,61.0,64.0,67.0,75.0,90.0,inferred
Wrexham,2021-08-14,23.0,30.0,35.0,38.0,39.0,42.0,46.0,50.0,54.0,57.0,59.0,67.1,80.0,inferred
Wrexham,2021-08-15,23.0,31.0,36.0,39.0,41.0,45.0,48.0,52.0,56.0,59.0,62.0,69.0,83.0,inferred
Wrexham,2021-08-16,39.0,48.9,56.0,59.0,61.0,66.0,70.0,74.0,79.0,82.0,85.2,94.0,107.5,inferred
Wrexham,2021-08-17,40.0,49.0,56.0,59.0,62.0,66.0,70.0,76.0,81.0,84.0,88.0,98.0,112.0,inferred
Wrexham,2021-08-18,39.0,49.0,56.0,58.0,61.0,65.0,69.0,74.0,79.0,82.0,84.0,94.0,109.0,inferred
Wrexham,2021-08-19,37.5,46.9,53.0,55.0,58.0,63.0,67.0,72.0,77.0,80.0,83.0,93.0,106.0,inferred
Wrexham,2021-08-20,31.0,40.9,47.0,49.0,51.0,55.0,60.0,64.0,68.0,71.0,73.0,82.0,95.0,inferred
Wrexham,2021-08-21,26.5,33.0,38.0,40.8,43.0,47.0,50.5,54.0,59.0,62.0,65.0,73.0,85.0,inferred
Wrexham,2021-08-22,24.0,32.0,38.0,40.0,43.0,47.0,51.0,54.0,59.0,62.0,65.0,73.0,87.0,inferred
Wrexham,2021-08-23,40.0,49.0,56.0,59.0,61.0,65.0,70.0,75.0,80.0,83.0,87.0,95.0,112.5,inferred
Wrexham,2021-08-24,40.0,49.0,55.0,58.0,60.0,65.0,70.0,75.0,80.0,82.0,86.0,95.0,111.5,inferred
Wrexham,2021-08-25,40.0,48.0,55.0,58.0,60.0,65.0,69.5,74.0,80.0,83.0,87.0,96.0,111.0,inferred
Wrexham,2021-08-26,40.0,47.0,54.0,56.0,58.0,63.0,67.0,72.0,76.0,79.0,82.0,91.0,105.0,inferred
Wrexham,2021-08-27,31.0,40.0,45.0,48.0,50.0,55.0,59.0,63.0,68.0,70.0,73.0,81.0,94.5,inferred
Wrexham,2021-08-28,26.0,33.0,38.0,41.0,43.0,47.0,51.0,54.0,59.0,62.0,64.0,73.0,85.5,inferred
Wrexham,2021-08-29,26.0,33.0,39.0,41.0,43.0,46.0,50.0,54.0,58.0,61.0,64.0,72.0,85.0,inferred
Wrexham,2021-08-30,37.0,48.0,55.0,58.0,61.0,65.0,70.0,74.0,80.0,84.0,88.0,97.0,111.0,inferred
Wrexham,2021-08-31,41.0,51.0,58.0,61.0,64.0,68.0,72.0,76.0,82.0,84.0,88.0,97.0,113.0,inferred
Wrexham,2021-09-01,44.0,53.0,59.8,62.0,64.0,69.0,74.0,78.0,83.0,86.0,89.0,98.1,112.0,inferred
Wrexham,2021-09-02,41.0,51.0,58.0,61.0,64.0,68.0,72.0,77.0,81.0,85.0,88.0,97.0,111.0,inferred
Wrexham,2021-09-03,37.5,47.0,53.0,55.0,57.0,61.0,65.0,70.0,75.0,78.0,82.0,90.0,104.0,inferred
Wrexham,2021-09-04,31.0,40.0,46.0,48.0,50.0,54.0,57.0,61.0,65.0,68.0,71.0,79.1,94.0,inferred
Wrexham,2021-09-05,33.0,42.0,47.0,50.0,52.0,56.0,60.0,64.0,69.0,72.0,75.0,83.0,96.5,inferred
Wrexham,2021-09-06,51.0,60.9,68.0,71.0,73.0,79.0,84.0,90.0,95.0,99.0,102.0,112.0,126.5,inferred
Wrexham,2021-09-07,50.0,62.0,69.0,72.0,75.0,80.0,85.0,90.0,96.0,99.0,103.0,112.0,126.5,inferred
Wrexham,2021-09-08,49.0,60.0,68.0,70.0,73.0,77.0,82.0,87.0,92.0,95.0,99.0,107.0,127.0,inferred
Wrexham,2021-09-09,45.5,56.0,63.0,66.0,68.0,73.0,77.0,82.0,88.0,91.0,94.0,103.0,120.5,inferred
Wrexham,2021-09-10,38.0,47.0,53.0,56.0,59.0,63.0,67.0,72.0,77.0,80.0,83.0,93.0,107.5,inferred
Wrexham,2021-09-11,30.0,38.0,44.0,46.0,49.0,52.0,56.0,61.0,65.0,67.0,71.0,78.1,93.5,inferred
Wrexham,2021-09-12,29.0,37.0,43.0,46.0,47.7,51.0,55.0,59.0,63.0,65.0,68.0,76.0,91.0,inferred
Wrexham,2021-09-13,45.0,53.0,61.8,64.8,67.0,71.6,76.0,81.0,86.0,89.0,93.0,103.1,119.0,inferred
Wrexham,2021-09-14,44.0,55.0,63.0,66.0,68.0,73.0,77.0,81.0,87.0,90.0,94.0,103.0,117.0,inferred
Wrexham,2021-09-15,47.0,56.0,62.0,65.0,68.0,73.0,78.0,83.0,87.0,90.0,94.0,102.0,117.0,inferred
Wrexham,2021-09-16,46.0,56.0,63.0,66.0,69.0,73.0,78.0,83.0,88.0,91.0,94.0,103.0,118.0,inferred
Wrexham,2021-09-17,40.5,50.0,56.0,59.0,61.0,66.0,71.0,75.0,80.0,83.0,86.0,95.0,110.0,inferred
Wrexham,2021-09-18,33.0,42.0,48.0,50.0,53.0,58.0,62.0,66.0,71.0,74.0,77.0,85.0,101.0,inferred
Wrexham,2021-09-19,34.0,44.0,50.0,52.0,55.0,59.0,63.0,68.0,72.0,75.0,78.0,88.0,103.0,inferred
Wrexham,2021-09-20,53.0,67.0,74.0,77.0,80.0,85.0,89.0,95.0,101.0,104.0,108.0,119.0,138.0,inferred
Wrexham,2021-09-21,55.0,67.0,75.0,78.0,81.0,86.0,91.0,96.0,101.0,105.0,108.0,119.0,137.0,inferred
Wrexham,2021-09-22,53.0,65.0,72.8,75.0,78.0,84.0,89.0,94.0,99.0,103.0,107.0,117.0,132.5,inferred
Wrexham,2021-09-23,51.0,61.0,68.0,71.0,74.0,78.0,83.0,89.0,94.0,97.0,101.0,111.0,131.0,inferred
Wrexham,2021-09-24,42.0,52.0,59.0,61.0,64.0,68.0,73.0,77.0,83.0,86.0,89.0,98.0,112.5,inferred
Wrexham,2021-09-25,33.5,41.0,47.0,50.0,52.0,56.0,60.0,65.0,70.0,73.0,76.0,84.0,98.5,inferred
Wrexham,2021-09-26,31.0,41.0,47.0,49.0,52.0,56.0,60.0,64.0,68.0,71.2,75.0,83.0,97.0,inferred
Wrexham,2021-09-27,49.0,59.0,66.0,69.0,72.0,77.0,81.0,87.0,92.0,95.0,98.0,107.1,123.0,inferred
Wrexham,2021-09-28,49.0,58.0,66.0,69.0,71.0,76.0,81.0,86.0,92.0,95.0,99.0,110.0,125.5,inferred
Wrexham,2021-09-29,47.5,58.0,66.0,69.0,72.0,77.0,81.0,86.0,91.0,95.0,99.0,108.0,122.0,inferred
Wrexham,2021-09-30,46.0,57.0,64.0,67.0,69.0,75.0,79.0,83.0,88.0,92.0,95.0,103.1,120.5,inferred
Wrexham,2021-10-01,40.0,48.0,55.0,58.0,61.0,65.0,69.0,74.0,79.0,82.0,85.0,94.0,109.0,inferred
Wrexham,2021-10-02,32.0,41.0,47.0,49.0,51.0,56.0,60.0,64.0,69.0,71.0,74.0,83.0,98.0,inferred
Wrexham,2021-10-03,32.0,41.0,47.8,50.0,52.0,56.0,61.0,65.0,70.0,72.0,75.0,84.0,97.0,inferred
Wrexham,2021-10-04,51.0,61.0,68.0,71.0,74.0,79.0,84.0,89.0,94.0,98.0,102.0,111.0,129.0,inferred
Wrexham,2021-10-05,52.0,62.0,70.0,73.0,75.0,80.0,85.0,90.0,95.0,99.0,103.0,112.0,127.5,inferred
Wrexham,2021-10-06,50.0,61.0,69.0,72.0,75.0,81.0,85.0,90.0,96.0,99.0,102.0,112.0,128.0,inferred
Wrexham,2021-10-07,49.0,60.0,67.0,70.0,73.0,77.0,82.0,88.0,93.3,97.0,100.0,109.0,126.0,inferred
Wrexham,2021-10-08,41.0,52.0,58.0,62.0,64.0,68.0,72.0,77.0,81.0,84.0,87.0,98.1,114.0,inferred
Wrexham,2021-10-09,34.5,42.0,48.0,51.0,54.0,58.0,61.5,66.0,70.0,74.0,76.0,85.0,97.5,inferred
Wrexham,2021-10-10,33.5,43.0,49.0,51.8,54.0,58.0,62.0,66.0,71.0,74.0,77.0,86.0,100.5,inferred
Wrexham,2021-10-11,52.0,63.0,69.0,73.0,76.0,81.0,86.0,92.0,98.0,101.0,105.0,114.0,132.0,inferred
Wrexham,2021-10-12,48.5,60.0,67.0,71.0,73.0,79.0,84.0,88.0,93.0,96.0,100.0,110.0,129.5,inferred
Wrexham,2021-10-13,46.0,57.0,66.0,69.0,71.0,76.0,81.0,86.0,92.0,95.0,99.0,108.0,126.0,inferred
Wrexham,2021-10-14,40.5,51.0,58.0,61.0,64.0,69.0,74.0,78.0,84.0,86.0,90.0,100.0,115.5,inferred
Wrexham,2021-10-15,32.0,41.0,48.0,50.0,53.0,58.0,63.0,67.0,71.0,74.0,77.2,87.0,101.0,inferred
Wychavon,2021-07-03,10.0,13.0,15.0,17.0,18.0,19.0,21.0,22.0,24.0,25.0,27.0,30.0,36.0,inferred
Wychavon,2021-07-04,13.0,17.0,20.0,21.0,22.0,23.0,25.0,27.0,29.0,30.0,31.0,35.0,42.0,inferred
Wychavon,2021-07-05,22.0,27.0,31.0,32.0,33.0,36.0,38.0,40.0,43.0,45.0,46.0,51.0,59.0,inferred
Wychavon,2021-07-06,25.0,30.0,33.0,35.0,36.0,38.0,41.0,43.0,46.0,47.0,49.0,54.0,62.0,inferred
Wychavon,2021-07-07,29.0,34.0,38.0,39.0,41.0,43.0,45.0,48.0,50.0,52.0,53.0,58.0,66.0,inferred
Wychavon,2021-07-08,31.5,38.0,41.0,43.0,44.0,46.0,49.0,51.0,54.0,55.0,57.0,62.0,69.0,inferred
Wychavon,2021-07-09,32.0,37.0,41.0,43.0,44.0,47.0,49.0,51.0,54.0,55.0,57.0,62.0,70.0,inferred
Wychavon,2021-07-10,29.0,35.0,38.0,40.0,41.0,44.0,46.0,48.0,51.0,52.0,54.0,59.0,66.0,inferred
Wychavon,2021-07-11,37.0,42.0,46.0,47.0,48.0,51.0,53.0,56.0,59.0,60.0,62.0,66.0,74.0,inferred
Wychavon,2021-07-12,58.0,65.0,70.0,72.0,74.0,77.0,80.0,83.0,87.0,89.0,91.0,96.0,105.0,inferred
Wychavon,2021-07-13,57.0,64.0,68.0,70.8,72.0,76.0,79.0,82.0,85.0,87.0,89.0,95.0,105.0,inferred
Wychavon,2021-07-14,55.0,63.0,68.0,70.0,72.0,75.0,78.0,81.0,85.0,87.0,89.0,94.1,104.0,inferred
Wychavon,2021-07-15,52.0,59.0,64.0,66.0,68.0,71.0,74.0,77.0,80.0,82.0,84.0,89.0,98.0,inferred
Wychavon,2021-07-16,46.0,52.0,57.0,58.0,60.0,62.0,65.0,68.0,71.0,73.0,74.0,79.0,88.0,inferred
Wychavon,2021-07-17,36.0,42.0,46.0,48.0,49.0,52.0,54.0,57.0,59.3,61.0,63.0,67.0,74.0,inferred
Wychavon,2021-07-18,38.0,44.0,48.0,49.0,51.0,53.0,56.0,58.0,61.0,63.0,64.0,69.0,77.0,inferred
Wychavon,2021-07-19,52.0,60.0,64.0,66.0,68.0,71.0,74.0,77.0,80.0,81.0,84.0,89.0,99.0,inferred
Wychavon,2021-07-20,48.0,54.0,58.0,60.0,61.0,64.0,67.0,70.0,73.0,74.0,76.0,82.0,89.0,inferred
Wychavon,2021-07-21,43.0,50.0,54.0,56.0,58.0,61.0,63.0,66.0,69.0,71.0,72.0,77.0,85.0,inferred
Wychavon,2021-07-22,40.0,46.0,50.0,51.0,53.0,55.0,58.0,60.0,63.0,65.0,67.0,72.0,79.0,inferred
Wychavon,2021-07-23,33.0,38.0,42.0,43.0,44.0,47.0,49.0,51.0,54.0,55.0,57.0,61.0,68.0,inferred
Wychavon,2021-07-24,25.0,30.0,33.0,34.0,35.0,37.0,40.0,41.0,43.0,45.0,46.0,50.0,58.0,inferred
Wychavon,2021-07-25,24.5,29.0,33.0,34.0,35.0,38.0,40.0,42.0,44.0,45.0,47.0,50.0,56.0,inferred
Wychavon,2021-07-26,34.0,40.0,43.0,45.0,46.0,49.0,51.0,54.0,56.0,58.0,59.2,65.0,71.0,inferred
Wychavon,2021-07-27,30.0,36.0,40.0,41.0,43.0,45.0,48.0,50.0,52.0,54.0,55.0,60.0,66.0,inferred
Wychavon,2021-07-28,30.0,35.0,39.0,41.0,42.0,44.0,46.0,49.0,51.0,53.0,54.0,59.0,66.0,inferred
Wychavon,2021-07-29,29.0,34.0,37.0,39.0,40.0,42.0,45.0,47.0,50.0,51.0,53.0,57.0,65.5,inferred
Wychavon,2021-07-30,25.0,30.0,33.0,34.0,35.0,38.0,40.0,42.0,44.0,46.0,47.0,51.0,58.0,inferred
Wychavon,2021-07-31,20.0,24.0,27.0,28.0,29.0,32.0,34.0,36.0,38.0,39.0,41.0,44.0,50.0,inferred
Wychavon,2021-08-01,20.5,25.0,29.0,30.0,31.0,34.0,36.0,38.0,40.0,41.0,43.0,47.0,53.0,inferred
Wychavon,2021-08-02,31.0,37.0,41.0,42.0,44.0,46.0,48.0,50.0,53.0,54.2,56.0,61.0,69.0,inferred
Wychavon,2021-08-03,29.0,35.0,38.0,40.0,41.0,43.0,45.0,47.4,50.0,52.0,54.0,58.0,64.0,inferred
Wychavon,2021-08-04,29.0,33.0,37.8,39.0,40.0,43.0,45.0,47.0,50.0,51.0,53.0,57.0,65.0,inferred
Wychavon,2021-08-05,28.0,33.0,36.0,38.0,39.0,42.0,44.0,46.0,48.0,50.0,51.0,56.0,63.5,inferred
Wychavon,2021-08-06,25.0,29.0,33.0,34.0,35.0,37.0,39.0,41.0,44.0,45.0,46.0,50.0,57.0,inferred
Wychavon,2021-08-07,20.0,24.0,27.0,29.0,29.0,31.0,33.0,35.0,37.0,39.0,40.0,44.0,49.5,inferred
Wychavon,2021-08-08,22.0,26.0,29.0,30.0,32.0,34.0,36.0,38.0,40.0,41.0,43.0,47.0,53.0,inferred
Wychavon,2021-08-09,30.0,37.0,40.0,42.0,43.0,46.0,48.0,51.0,53.0,55.0,56.0,61.0,68.0,inferred
Wychavon,2021-08-10,30.0,35.0,38.0,40.0,41.0,43.0,46.0,48.0,51.0,52.0,54.0,58.0,66.5,inferred
Wychavon,2021-08-11,30.0,35.0,39.0,40.0,41.0,44.0,46.0,49.0,51.0,52.0,54.0,58.0,65.0,inferred
Wychavon,2021-08-12,29.0,34.0,38.0,39.0,40.0,43.0,45.0,47.0,50.0,51.0,53.0,57.0,63.5,inferred
Wychavon,2021-08-13,25.0,30.0,34.0,35.0,36.0,38.0,40.0,42.0,44.0,46.0,47.0,51.0,57.5,inferred
Wychavon,2021-08-14,21.0,25.9,28.0,29.0,30.0,32.0,34.0,37.0,38.3,40.0,41.0,45.0,51.0,inferred
Wychavon,2021-08-15,23.0,27.0,31.0,32.0,33.0,35.0,37.0,39.0,41.0,42.0,44.0,48.0,54.0,inferred
Wychavon,2021-08-16,32.5,39.0,43.0,44.0,46.0,48.0,51.0,53.0,56.0,58.0,59.0,63.1,72.0,inferred
Wychavon,2021-08-17,31.5,37.0,40.0,42.0,43.0,46.0,48.0,50.0,53.0,54.0,55.0,60.0,65.0,inferred
Wychavon,2021-08-18,30.0,35.0,40.0,41.0,42.0,45.0,47.0,49.0,51.0,53.0,55.0,59.0,65.5,inferred
Wychavon,2021-08-19,28.0,33.0,37.0,39.0,40.0,43.0,45.0,47.0,50.0,51.0,53.0,57.0,64.5,inferred
Wychavon,2021-08-20,24.0,29.0,33.0,34.0,35.0,37.0,40.0,42.0,44.0,45.0,47.0,51.0,58.0,inferred
Wychavon,2021-08-21,20.0,24.0,27.0,28.0,29.0,31.0,33.0,35.0,37.0,38.0,40.0,44.0,50.0,inferred
Wychavon,2021-08-22,21.0,25.0,28.0,30.0,31.0,33.0,35.0,37.0,39.0,40.0,42.0,46.0,52.5,inferred
Wychavon,2021-08-23,30.0,35.0,39.0,40.0,41.0,44.0,46.0,48.0,51.0,53.0,55.0,60.0,67.5,inferred
Wychavon,2021-08-24,28.0,33.0,37.0,38.0,39.0,42.0,44.0,46.0,48.0,50.0,51.0,56.0,63.0,inferred
Wychavon,2021-08-25,29.0,34.0,37.0,38.0,39.0,41.0,44.0,46.0,48.3,50.0,51.0,56.0,63.5,inferred
Wychavon,2021-08-26,28.0,32.0,36.0,37.0,38.0,41.0,42.0,45.0,47.0,49.0,50.0,54.0,60.0,inferred
Wychavon,2021-08-27,24.0,29.0,32.0,33.0,34.0,36.0,38.0,40.0,43.0,44.0,46.0,50.0,56.0,inferred
Wychavon,2021-08-28,19.0,24.0,27.0,28.0,29.0,31.0,32.0,35.0,37.0,38.0,39.0,43.0,50.0,inferred
Wychavon,2021-08-29,22.0,26.0,30.0,31.0,32.0,33.0,35.0,37.0,40.0,41.0,43.0,47.0,53.0,inferred
Wychavon,2021-08-30,32.0,37.0,41.0,43.0,44.0,47.0,50.0,52.0,54.0,56.0,57.0,62.0,69.0,inferred
Wychavon,2021-08-31,30.0,35.0,39.0,41.0,42.0,45.0,47.0,49.0,52.0,53.0,55.0,60.0,67.0,inferred
Wychavon,2021-09-01,31.0,36.0,40.0,41.0,43.0,45.0,48.0,50.0,52.0,54.0,55.0,60.0,67.0,inferred
Wychavon,2021-09-02,30.0,35.0,39.0,41.0,42.0,44.0,46.0,49.0,51.0,52.0,54.0,58.0,65.0,inferred
Wychavon,2021-09-03,27.0,31.0,35.0,36.0,37.0,40.0,42.0,44.0,47.0,48.0,49.0,53.0,60.5,inferred
Wychavon,2021-09-04,22.0,26.0,29.0,31.0,32.0,34.0,36.0,38.0,40.0,41.0,42.0,46.0,53.0,inferred
Wychavon,2021-09-05,23.0,28.0,31.0,33.0,34.0,36.0,38.0,40.0,43.0,44.0,45.0,49.0,56.0,inferred
Wychavon,2021-09-06,33.0,39.0,43.0,44.0,46.0,48.0,51.0,53.0,56.0,58.0,60.0,64.0,72.0,inferred
Wychavon,2021-09-07,31.0,36.0,40.0,42.0,43.0,46.0,48.0,50.0,53.0,54.0,56.0,60.0,67.0,inferred
Wychavon,2021-09-08,31.0,36.0,40.0,41.0,43.0,45.0,48.0,50.0,52.0,54.0,55.0,59.1,68.0,inferred
Wychavon,2021-09-09,29.0,34.0,37.0,39.0,40.0,42.0,45.0,47.0,49.0,51.0,53.0,57.0,63.0,inferred
Wychavon,2021-09-10,26.0,29.0,33.0,34.0,35.0,37.0,39.0,42.0,44.0,45.0,47.0,51.0,58.0,inferred
Wychavon,2021-09-11,20.0,23.0,27.0,28.0,29.0,31.0,33.0,35.0,37.0,38.0,40.0,43.0,49.0,inferred
Wychavon,2021-09-12,20.0,25.0,28.0,29.0,30.0,32.0,34.0,36.0,38.0,40.0,41.0,44.0,51.0,inferred
Wychavon,2021-09-13,29.0,35.0,38.0,39.0,40.7,43.0,46.0,48.0,50.0,52.0,54.0,58.0,65.0,inferred
Wychavon,2021-09-14,28.0,33.0,37.0,38.0,40.0,42.0,44.0,47.0,49.0,50.0,52.0,57.0,64.0,inferred
Wychavon,2021-09-15,31.0,36.0,40.0,41.0,42.0,45.0,47.0,49.0,52.0,53.0,55.0,59.0,68.0,inferred
Wychavon,2021-09-16,32.0,38.0,42.0,43.0,44.0,47.0,49.0,52.0,55.0,56.0,57.0,62.0,69.5,inferred
Wychavon,2021-09-17,31.5,37.0,40.0,42.0,43.0,45.0,48.0,50.0,52.0,53.0,55.0,60.0,67.0,inferred
Wychavon,2021-09-18,29.0,33.0,37.0,38.0,39.0,42.0,44.0,46.0,49.0,50.0,51.0,55.1,63.0,inferred
Wychavon,2021-09-19,33.0,38.0,42.0,43.0,44.0,47.0,49.0,52.0,54.0,56.0,57.0,63.0,69.5,inferred
Wychavon,2021-09-20,51.0,58.0,62.0,64.0,66.0,69.0,72.0,75.0,78.0,79.0,81.0,87.0,96.0,inferred
Wychavon,2021-09-21,49.0,57.0,61.0,63.0,64.0,68.0,70.0,73.0,76.0,78.0,81.0,86.0,96.0,inferred
Wychavon,2021-09-22,51.0,58.0,62.0,64.0,66.0,69.0,72.0,75.0,78.0,80.0,82.0,88.0,96.0,inferred
Wychavon,2021-09-23,49.0,55.0,61.0,62.0,64.0,67.0,70.0,72.0,76.0,77.0,79.0,85.0,94.0,inferred
Wychavon,2021-09-24,44.0,51.0,55.0,57.0,59.0,61.0,64.0,66.4,69.0,71.0,73.0,78.0,86.0,inferred
Wychavon,2021-09-25,38.0,44.0,47.0,49.0,50.0,53.0,55.0,58.0,60.0,62.0,64.0,68.0,77.0,inferred
Wychavon,2021-09-26,40.0,46.9,51.0,52.8,54.0,57.0,60.0,62.0,65.0,66.0,68.0,73.0,81.0,inferred
Wychavon,2021-09-27,58.0,65.0,70.0,73.0,74.0,77.0,80.0,83.4,87.0,89.0,91.0,97.0,105.0,inferred
Wychavon,2021-09-28,54.0,61.0,66.0,68.0,70.0,73.0,76.0,79.0,82.0,84.0,86.0,92.0,101.0,inferred
Wychavon,2021-09-29,54.0,62.0,67.0,69.0,71.0,73.0,76.0,79.0,82.0,84.0,86.0,91.1,101.0,inferred
Wychavon,2021-09-30,51.0,59.0,64.0,65.0,67.0,70.0,73.0,76.0,79.0,81.0,83.0,88.0,96.0,inferred
Wychavon,2021-10-01,47.0,53.0,57.0,59.0,60.0,64.0,67.0,69.4,72.0,74.0,76.0,81.0,89.0,inferred
Wychavon,2021-10-02,39.0,45.0,49.0,50.0,51.0,54.0,57.0,59.0,62.0,63.0,65.0,69.0,77.0,inferred
Wychavon,2021-10-03,42.0,48.0,53.0,54.0,55.0,58.0,61.0,63.0,66.0,67.0,69.0,74.0,82.0,inferred
Wychavon,2021-10-04,60.0,68.0,73.0,75.0,76.0,79.0,82.0,86.0,89.0,90.0,92.0,98.0,108.0,inferred
Wychavon,2021-10-05,58.0,65.0,70.0,72.0,74.0,77.0,80.0,83.0,87.0,88.0,90.0,96.0,107.5,inferred
Wychavon,2021-10-06,61.0,68.0,73.0,75.0,77.0,80.0,84.0,87.0,91.0,92.0,94.0,100.0,110.0,inferred
Wychavon,2021-10-07,63.0,69.0,74.0,77.0,78.0,81.0,84.0,87.0,91.0,93.0,95.0,100.0,110.0,inferred
Wychavon,2021-10-08,57.0,65.0,70.0,72.0,74.0,77.0,79.0,82.0,85.0,87.0,89.0,96.0,104.5,inferred
Wychavon,2021-10-09,49.0,56.0,61.0,63.0,64.0,67.0,70.0,73.0,76.0,78.0,79.0,85.0,93.0,inferred
Wychavon,2021-10-10,56.0,63.0,69.0,70.0,72.0,75.0,79.0,82.0,85.0,87.0,89.0,95.0,104.0,inferred
Wychavon,2021-10-11,81.0,90.0,96.0,98.0,101.0,105.0,108.0,112.0,116.0,119.0,121.0,129.0,140.0,inferred
Wychavon,2021-10-12,80.0,90.0,96.0,98.0,100.0,104.0,107.0,111.0,115.0,117.0,120.0,127.0,138.0,inferred
Wychavon,2021-10-13,85.5,94.0,100.0,102.0,104.0,108.0,111.0,115.0,119.0,122.0,124.0,131.0,143.0,inferred
Wychavon,2021-10-14,83.0,92.0,100.0,102.0,104.0,108.0,112.0,115.4,120.0,122.0,124.0,130.0,141.0,inferred
Wychavon,2021-10-15,75.0,85.0,92.0,94.0,96.0,100.0,104.0,108.0,112.0,115.0,117.0,125.0,136.5,inferred
Wyre,2021-07-03,24.0,31.0,36.0,39.0,41.0,45.0,48.0,51.0,55.0,58.0,60.0,67.0,81.0,inferred
Wyre,2021-07-04,33.0,40.0,45.0,47.0,49.0,53.0,57.0,61.0,65.0,67.0,70.0,79.0,92.0,inferred
Wyre,2021-07-05,54.0,66.0,72.0,76.0,78.0,83.0,87.0,92.0,97.0,100.0,103.0,111.0,125.0,inferred
Wyre,2021-07-06,57.0,65.9,73.0,76.0,78.0,82.0,86.0,91.0,97.0,99.0,103.0,112.0,124.5,inferred
Wyre,2021-07-07,60.0,71.0,78.0,81.0,83.0,88.0,93.0,98.0,104.0,106.0,109.0,119.0,135.0,inferred
Wyre,2021-07-08,61.0,73.0,80.8,83.0,86.0,91.0,96.0,101.0,106.0,110.0,113.0,122.0,139.5,inferred
Wyre,2021-07-09,56.5,67.0,74.0,77.0,80.0,85.0,90.0,94.0,100.0,103.0,106.0,116.0,130.0,inferred
Wyre,2021-07-10,49.0,58.0,65.0,67.0,70.0,75.0,79.0,84.0,89.0,92.0,95.0,103.0,117.5,inferred
Wyre,2021-07-11,54.0,67.0,74.0,77.0,80.0,85.0,90.0,94.0,100.0,103.0,106.0,115.0,129.0,inferred
Wyre,2021-07-12,92.5,104.0,113.0,117.0,120.0,126.0,131.0,137.0,143.0,147.0,152.0,161.0,177.5,inferred
Wyre,2021-07-13,87.0,100.0,110.0,113.0,116.0,121.0,128.0,133.0,138.0,142.0,146.0,159.0,176.5,inferred
Wyre,2021-07-14,85.0,98.0,108.0,111.0,114.0,121.0,126.0,132.0,139.0,141.0,145.0,156.0,173.0,inferred
Wyre,2021-07-15,80.5,93.0,102.0,106.0,108.0,113.0,119.0,124.0,130.0,133.0,137.0,147.0,163.0,inferred
Wyre,2021-07-16,68.0,78.0,87.0,90.0,92.0,98.0,103.0,108.0,114.0,117.0,121.0,131.0,145.0,inferred
Wyre,2021-07-17,51.0,61.0,68.0,71.0,73.0,78.0,83.0,87.0,91.0,95.0,98.0,106.0,122.0,inferred
Wyre,2021-07-18,53.0,64.0,71.0,74.0,76.0,81.0,86.0,90.0,95.0,98.0,102.0,110.0,124.0,inferred
Wyre,2021-07-19,76.0,88.0,97.0,101.0,104.0,110.0,115.0,120.0,126.0,129.0,133.0,143.0,158.0,inferred
Wyre,2021-07-20,66.0,78.0,85.0,89.0,91.0,96.0,102.0,107.4,113.0,116.0,120.0,131.0,147.5,inferred
Wyre,2021-07-21,60.5,72.0,79.0,81.8,84.0,90.0,93.0,98.0,104.0,107.0,110.0,120.0,136.0,inferred
Wyre,2021-07-22,51.0,61.0,69.0,71.8,74.0,79.0,83.0,88.0,92.0,95.0,98.0,108.0,123.0,inferred
Wyre,2021-07-23,40.0,49.0,54.0,57.0,59.0,62.6,67.0,71.0,75.0,78.0,80.0,88.0,102.0,inferred
Wyre,2021-07-24,29.0,35.0,41.0,43.0,44.0,48.0,52.0,55.0,59.0,62.0,64.0,72.0,82.0,inferred
Wyre,2021-07-25,26.0,33.0,38.0,40.0,43.0,46.0,50.0,53.0,58.0,60.0,62.0,70.0,81.0,inferred
Wyre,2021-07-26,35.0,44.0,50.0,53.0,55.0,59.0,63.0,67.0,71.3,74.0,77.0,85.0,98.0,inferred
Wyre,2021-07-27,32.0,39.0,44.0,46.0,48.0,52.0,56.0,60.0,64.0,67.0,70.0,78.0,92.0,inferred
Wyre,2021-07-28,32.0,38.0,44.0,45.0,48.0,52.0,56.0,59.0,64.0,66.0,69.0,77.0,88.0,inferred
Wyre,2021-07-29,28.0,36.0,41.0,43.0,45.0,49.0,52.0,55.0,60.0,62.0,65.0,72.0,83.5,inferred
Wyre,2021-07-30,24.5,31.0,36.0,38.0,40.0,43.0,46.0,50.0,53.0,55.0,57.0,64.0,76.0,inferred
Wyre,2021-07-31,18.0,25.0,29.0,30.0,32.0,35.0,38.0,41.0,44.0,46.0,48.0,54.0,63.0,inferred
Wyre,2021-08-01,20.0,26.0,30.0,31.0,33.0,36.0,39.0,42.0,46.0,48.0,50.0,56.0,68.5,inferred
Wyre,2021-08-02,29.0,37.0,42.0,44.0,46.0,50.0,54.0,58.0,62.0,65.0,67.0,74.0,85.5,inferred
Wyre,2021-08-03,26.0,35.0,40.0,42.0,44.0,48.0,51.0,55.0,59.0,60.0,63.0,71.0,84.0,inferred
Wyre,2021-08-04,29.0,36.0,41.0,43.0,45.0,48.0,52.0,56.0,60.0,62.0,65.0,73.0,86.0,inferred
Wyre,2021-08-05,28.0,34.9,40.0,42.0,43.0,47.0,51.0,54.0,58.0,61.0,63.0,71.0,84.0,inferred
Wyre,2021-08-06,24.0,31.0,36.0,38.0,40.0,43.0,47.0,50.0,54.0,56.0,58.2,65.0,77.0,inferred
Wyre,2021-08-07,20.0,25.0,30.0,32.0,33.0,36.0,39.0,43.0,46.0,48.0,50.0,57.0,68.5,inferred
Wyre,2021-08-08,22.0,28.0,32.0,34.0,36.0,39.0,42.0,46.0,49.0,51.0,54.0,60.0,70.0,inferred
Wyre,2021-08-09,34.0,42.0,48.0,51.0,53.0,57.0,61.0,65.0,70.0,73.0,75.0,83.0,95.5,inferred
Wyre,2021-08-10,33.0,41.0,46.0,49.0,51.0,54.0,58.0,62.0,66.0,69.0,71.0,78.0,91.0,inferred
Wyre,2021-08-11,34.0,41.0,47.0,49.0,51.0,55.0,59.0,63.0,67.0,69.0,71.0,80.0,94.5,inferred
Wyre,2021-08-12,31.0,39.0,45.0,47.0,49.7,53.0,57.0,61.0,66.0,68.0,71.0,79.0,90.0,inferred
Wyre,2021-08-13,26.0,34.0,39.0,41.0,43.0,47.0,51.0,54.0,58.0,60.0,63.0,70.0,82.0,inferred
Wyre,2021-08-14,22.0,28.0,32.0,35.0,36.0,39.0,42.0,45.0,49.0,52.0,54.0,61.0,72.0,inferred
Wyre,2021-08-15,23.0,30.0,34.0,36.0,38.0,41.0,45.0,48.0,52.0,54.0,57.0,63.0,75.0,inferred
Wyre,2021-08-16,36.0,44.9,51.0,53.0,55.0,59.0,64.0,68.0,72.0,75.0,78.0,86.0,98.0,inferred
Wyre,2021-08-17,33.0,41.0,47.0,49.0,52.0,55.0,60.0,63.0,68.0,70.0,73.0,80.0,93.0,inferred
Wyre,2021-08-18,35.0,42.0,48.0,50.0,52.0,56.0,60.0,65.0,69.0,72.0,75.0,82.0,93.0,inferred
Wyre,2021-08-19,32.0,39.0,45.0,47.0,49.7,53.0,58.0,62.0,66.0,69.0,72.0,79.0,93.0,inferred
Wyre,2021-08-20,27.0,35.0,40.0,42.0,44.0,47.0,51.0,54.0,58.0,61.0,63.0,71.0,83.0,inferred
Wyre,2021-08-21,20.0,26.0,31.0,33.0,34.0,38.0,41.0,44.0,47.0,49.0,52.0,58.0,72.0,inferred
Wyre,2021-08-22,22.5,29.0,33.0,35.0,37.0,40.0,43.0,46.0,50.0,52.0,55.0,61.0,74.0,inferred
Wyre,2021-08-23,35.0,44.0,49.0,51.8,54.0,58.0,62.0,65.0,70.0,72.0,75.0,82.0,94.0,inferred
Wyre,2021-08-24,32.0,40.0,46.0,48.0,50.0,54.0,57.0,62.0,66.0,69.0,71.2,79.0,90.0,inferred
Wyre,2021-08-25,33.0,41.0,47.0,49.0,51.0,55.0,59.0,63.0,67.0,70.0,74.0,82.0,93.0,inferred
Wyre,2021-08-26,33.0,40.0,46.0,48.0,50.0,54.0,58.0,61.0,66.0,68.0,71.0,79.0,91.0,inferred
Wyre,2021-08-27,27.0,34.0,40.0,42.0,44.0,48.0,51.0,55.0,59.0,61.0,63.0,72.0,84.0,inferred
Wyre,2021-08-28,22.0,29.0,33.0,35.0,37.0,40.0,43.0,47.0,50.0,52.2,54.0,61.0,73.0,inferred
Wyre,2021-08-29,24.0,31.0,36.0,38.0,40.0,43.0,47.0,50.4,54.0,56.0,59.0,65.0,76.0,inferred
Wyre,2021-08-30,38.0,47.0,52.0,55.0,56.0,61.0,65.0,69.0,73.0,76.0,80.0,88.0,100.5,inferred
Wyre,2021-08-31,36.0,45.0,51.0,53.0,55.0,60.0,63.0,67.0,72.0,74.0,77.2,86.0,99.0,inferred
Wyre,2021-09-01,40.0,47.0,53.0,55.0,57.0,62.0,65.0,69.4,74.0,77.0,79.0,87.1,101.0,inferred
Wyre,2021-09-02,39.0,47.0,53.0,56.0,58.0,62.0,66.0,70.0,74.0,77.0,81.0,89.0,102.0,inferred
Wyre,2021-09-03,33.5,41.0,48.0,50.0,52.0,56.0,60.0,64.0,68.0,70.2,74.0,82.0,94.0,inferred
Wyre,2021-09-04,28.0,35.0,41.0,43.0,45.0,48.0,52.0,56.0,60.0,62.0,65.0,73.0,86.0,inferred
Wyre,2021-09-05,31.0,39.0,46.0,48.0,50.0,53.0,56.5,61.0,65.0,68.0,70.0,77.0,91.0,inferred
Wyre,2021-09-06,52.0,60.0,66.0,69.0,71.0,76.0,80.0,86.0,91.0,94.0,97.2,107.0,121.0,inferred
Wyre,2021-09-07,47.5,57.0,64.0,66.0,68.0,73.0,77.0,81.0,85.0,88.0,92.0,102.0,115.5,inferred
Wyre,2021-09-08,48.0,57.0,64.0,66.0,69.0,73.0,78.0,83.0,87.0,90.0,93.0,101.0,114.0,inferred
Wyre,2021-09-09,43.0,53.9,61.0,63.0,66.0,70.0,74.0,78.0,84.0,87.0,90.0,98.0,112.0,inferred
Wyre,2021-09-10,38.0,46.9,52.0,55.0,57.0,60.0,64.0,68.4,73.0,76.0,78.0,87.0,99.0,inferred
Wyre,2021-09-11,29.0,36.0,42.0,44.0,46.0,50.0,53.0,57.0,61.0,64.0,67.0,75.0,86.5,inferred
Wyre,2021-09-12,31.0,39.0,45.0,47.0,49.0,52.0,56.0,59.0,64.0,66.0,69.0,77.0,90.0,inferred
Wyre,2021-09-13,48.5,58.0,64.0,66.0,69.0,73.0,77.0,82.0,87.0,90.0,93.0,102.0,118.0,inferred
Wyre,2021-09-14,46.0,54.0,60.0,63.0,66.0,70.0,74.0,79.0,84.0,87.0,89.2,98.0,114.0,inferred
Wyre,2021-09-15,47.0,55.0,61.0,64.0,66.0,70.0,75.0,79.0,84.0,87.0,90.0,98.1,113.0,inferred
Wyre,2021-09-16,44.0,54.0,60.0,63.0,65.0,70.0,74.0,78.0,83.0,87.0,90.0,97.0,110.0,inferred
Wyre,2021-09-17,38.5,47.9,54.0,57.0,58.0,63.0,67.0,70.0,75.0,77.0,80.0,88.0,102.5,inferred
Wyre,2021-09-18,32.0,40.0,46.0,48.0,50.0,53.0,57.0,61.0,65.0,68.0,71.0,78.0,91.0,inferred
Wyre,2021-09-19,36.0,44.0,50.0,52.0,54.0,58.0,62.0,66.0,71.0,73.0,77.0,84.0,97.0,inferred
Wyre,2021-09-20,56.0,65.9,73.0,76.0,78.0,83.0,88.0,92.0,97.0,101.0,104.0,113.0,127.0,inferred
Wyre,2021-09-21,51.0,60.9,67.0,70.0,73.0,77.0,82.0,86.0,92.0,95.0,98.0,107.0,122.0,inferred
Wyre,2021-09-22,52.0,60.0,67.0,70.0,72.0,77.6,82.0,86.0,91.0,95.0,98.0,107.0,120.0,inferred
Wyre,2021-09-23,49.0,56.9,63.0,66.0,68.0,73.0,77.0,82.0,87.0,90.0,93.0,101.1,116.5,inferred
Wyre,2021-09-24,39.0,48.0,55.0,57.0,59.0,63.0,67.0,71.0,75.0,78.0,81.0,89.0,102.5,inferred
Wyre,2021-09-25,31.0,38.0,44.0,45.8,48.0,51.0,55.0,59.0,62.0,65.0,67.0,75.0,86.0,inferred
Wyre,2021-09-26,31.0,39.0,45.0,47.0,49.0,53.0,56.0,60.0,64.0,67.0,70.0,78.0,90.0,inferred
Wyre,2021-09-27,47.0,57.0,63.0,66.0,69.0,73.0,78.0,83.0,87.0,90.0,92.0,102.0,117.5,inferred
Wyre,2021-09-28,43.5,54.0,61.0,63.0,65.0,70.0,74.0,78.4,84.0,86.0,89.0,99.0,115.0,inferred
Wyre,2021-09-29,45.0,55.0,62.0,65.0,67.0,71.0,75.0,80.0,85.0,88.0,91.0,100.0,115.0,inferred
Wyre,2021-09-30,46.0,55.0,62.0,64.0,66.0,71.0,75.0,79.0,84.0,87.0,90.0,99.0,114.0,inferred
Wyre,2021-10-01,41.0,50.0,57.0,59.0,61.0,65.0,69.0,73.0,78.0,80.0,83.0,91.0,103.0,inferred
Wyre,2021-10-02,32.5,41.0,47.0,49.0,51.0,55.0,58.0,62.0,67.0,69.0,72.0,80.0,91.0,inferred
Wyre,2021-10-03,36.0,45.0,51.0,54.0,55.0,60.0,64.0,68.0,72.0,74.0,77.0,84.0,98.0,inferred
Wyre,2021-10-04,58.0,70.0,78.0,80.0,82.0,87.0,91.0,96.0,101.0,104.0,107.0,118.0,134.0,inferred
Wyre,2021-10-05,55.0,67.0,74.0,77.0,80.0,86.0,90.0,95.0,100.0,103.0,107.0,115.0,128.5,inferred
Wyre,2021-10-06,62.0,73.0,79.0,83.0,86.0,91.0,95.0,100.0,106.0,109.0,112.0,124.0,139.0,inferred
Wyre,2021-10-07,62.0,73.0,81.0,85.0,88.0,92.0,97.0,102.0,107.0,110.0,113.0,123.0,139.0,inferred
Wyre,2021-10-08,57.0,69.0,76.0,79.0,81.0,86.0,90.5,95.0,100.0,103.2,107.0,116.0,134.0,inferred
Wyre,2021-10-09,48.0,59.0,66.0,68.0,71.0,76.0,81.0,84.0,89.0,92.0,96.0,105.0,121.0,inferred
Wyre,2021-10-10,55.0,67.0,73.0,76.0,79.0,85.0,90.0,95.0,100.0,103.0,106.0,116.0,130.0,inferred
Wyre,2021-10-11,91.0,102.0,111.0,115.8,118.7,124.0,130.0,135.0,142.0,146.0,150.0,162.0,182.0,inferred
Wyre,2021-10-12,83.0,96.9,106.0,111.0,114.0,120.0,125.5,132.0,138.0,142.0,145.2,156.0,174.5,inferred
Wyre,2021-10-13,85.5,98.0,108.0,112.0,115.0,120.0,126.0,132.0,137.0,141.0,144.0,156.0,175.0,inferred
Wyre,2021-10-14,80.0,92.0,101.0,104.0,107.0,113.0,118.0,125.0,132.0,135.0,140.0,150.0,167.0,inferred
Wyre,2021-10-15,66.0,79.0,87.0,91.0,93.0,99.0,104.0,111.0,118.0,121.0,124.0,133.0,151.5,inferred
Wyre Forest,2021-07-03,11.0,15.0,18.0,18.0,20.0,21.0,23.0,25.0,27.0,28.0,29.0,33.0,40.0,inferred
Wyre Forest,2021-07-04,14.0,18.9,21.0,22.0,23.0,25.0,27.0,29.0,31.0,32.0,34.0,38.0,43.0,inferred
Wyre Forest,2021-07-05,24.5,29.0,33.0,34.0,36.0,38.0,40.0,43.0,45.0,47.0,48.0,52.0,59.0,inferred
Wyre Forest,2021-07-06,27.0,32.0,35.0,37.0,38.0,40.0,42.0,44.4,47.0,49.0,50.0,55.0,62.0,inferred
Wyre Forest,2021-07-07,30.0,35.0,38.0,40.0,41.0,44.0,46.0,48.0,51.0,52.0,54.0,58.0,65.0,inferred
Wyre Forest,2021-07-08,33.0,38.0,41.0,43.0,44.0,46.0,49.0,51.0,54.0,55.0,57.0,61.0,69.0,inferred
Wyre Forest,2021-07-09,30.0,37.0,40.0,42.0,43.0,45.0,48.0,50.0,52.0,54.0,55.2,61.0,68.0,inferred
Wyre Forest,2021-07-10,28.0,33.0,37.0,38.0,40.0,42.0,44.0,46.0,49.0,51.0,52.0,56.0,63.0,inferred
Wyre Forest,2021-07-11,35.0,40.0,44.0,45.0,47.0,50.0,52.0,54.0,57.0,58.0,60.0,64.0,72.0,inferred
Wyre Forest,2021-07-12,55.0,61.0,66.0,67.0,69.0,72.0,75.0,79.0,82.0,84.0,86.2,92.0,100.5,inferred
Wyre Forest,2021-07-13,54.0,59.0,65.0,66.0,68.0,72.0,75.0,78.0,81.0,83.0,85.0,91.0,101.0,inferred
Wyre Forest,2021-07-14,52.0,60.0,64.0,66.0,68.0,71.0,74.0,77.0,81.0,82.0,85.0,91.0,99.0,inferred
Wyre Forest,2021-07-15,49.5,56.9,61.0,63.0,65.0,68.0,70.0,73.0,77.0,79.0,81.0,86.0,94.0,inferred
Wyre Forest,2021-07-16,43.0,50.0,54.0,56.0,57.0,60.0,62.0,65.0,68.0,70.0,72.0,77.0,85.0,inferred
Wyre Forest,2021-07-17,34.0,39.0,43.0,45.0,46.0,49.0,52.0,54.0,57.0,58.0,60.0,65.0,72.0,inferred
Wyre Forest,2021-07-18,35.0,41.0,45.0,47.0,48.0,51.0,54.0,56.0,59.0,60.0,62.0,67.0,74.0,inferred
Wyre Forest,2021-07-19,50.0,57.0,61.0,63.0,65.0,68.0,71.0,74.0,77.0,79.0,81.0,86.0,96.0,inferred
Wyre Forest,2021-07-20,42.0,49.0,54.0,55.0,57.0,60.0,63.0,66.0,69.0,70.0,72.0,78.0,85.5,inferred
Wyre Forest,2021-07-21,39.0,45.0,49.0,51.0,53.0,55.0,58.0,61.0,64.0,66.0,68.0,72.0,80.0,inferred
Wyre Forest,2021-07-22,34.0,40.0,44.0,45.0,47.0,49.0,52.0,55.0,57.0,59.0,61.0,65.0,73.0,inferred
Wyre Forest,2021-07-23,28.0,33.0,36.0,37.0,39.0,41.0,43.5,46.0,48.0,50.0,51.0,55.0,63.0,inferred
Wyre Forest,2021-07-24,20.0,24.0,28.0,29.0,30.0,32.0,34.0,35.0,38.0,39.0,40.0,44.0,51.0,inferred
Wyre Forest,2021-07-25,20.0,24.0,27.0,28.0,29.0,31.0,33.0,35.0,38.0,39.0,40.0,45.0,51.0,inferred
Wyre Forest,2021-07-26,25.0,31.0,35.0,36.0,37.0,40.0,42.0,44.0,47.0,48.0,49.0,53.0,61.5,inferred
Wyre Forest,2021-07-27,23.0,28.0,32.0,33.0,34.0,36.0,39.0,41.0,43.0,44.0,46.0,50.0,57.0,inferred
Wyre Forest,2021-07-28,23.0,28.0,31.0,32.0,34.0,36.0,37.0,39.0,42.0,43.0,44.0,49.0,56.0,inferred
Wyre Forest,2021-07-29,22.0,27.0,30.0,31.0,32.0,34.0,36.0,39.0,41.0,42.0,43.0,48.0,54.0,inferred
Wyre Forest,2021-07-30,19.0,24.0,27.0,28.0,29.0,31.0,33.0,35.0,37.0,39.0,40.0,45.0,50.0,inferred
Wyre Forest,2021-07-31,16.0,20.0,23.0,24.0,25.0,27.0,29.0,30.0,32.0,33.0,35.0,38.0,43.0,inferred
Wyre Forest,2021-08-01,17.0,21.0,24.0,25.0,26.0,28.0,30.0,32.0,34.0,35.0,37.0,41.0,47.0,inferred
Wyre Forest,2021-08-02,25.5,31.0,34.0,36.0,37.0,39.0,41.0,44.0,46.0,48.0,49.0,54.0,60.0,inferred
Wyre Forest,2021-08-03,23.0,29.0,32.0,33.0,35.0,37.0,39.0,41.0,44.0,45.0,47.0,51.0,58.5,inferred
Wyre Forest,2021-08-04,24.5,29.0,33.0,34.0,35.0,38.0,40.0,42.0,44.0,45.0,47.0,51.0,59.0,inferred
Wyre Forest,2021-08-05,24.0,28.9,32.0,33.0,34.0,36.0,38.0,41.0,43.0,44.0,46.0,50.0,56.0,inferred
Wyre Forest,2021-08-06,21.0,25.0,28.0,30.0,31.0,33.0,35.0,37.0,39.0,40.0,42.0,46.0,52.0,inferred
Wyre Forest,2021-08-07,17.0,21.0,23.0,24.8,26.0,28.0,30.0,31.0,33.3,35.0,36.0,39.0,45.0,inferred
Wyre Forest,2021-08-08,18.0,23.0,26.0,27.0,28.0,30.0,32.0,34.0,35.0,36.0,38.0,42.0,48.0,inferred
Wyre Forest,2021-08-09,27.0,32.0,35.0,37.0,38.0,40.0,43.0,45.0,47.0,49.0,51.0,56.0,62.5,inferred
Wyre Forest,2021-08-10,25.5,30.0,34.0,35.0,36.0,39.0,41.0,43.0,45.0,47.0,49.0,53.0,60.0,inferred
Wyre Forest,2021-08-11,25.0,29.0,33.0,35.0,36.0,38.0,40.0,42.0,45.0,46.0,48.0,52.0,59.0,inferred
Wyre Forest,2021-08-12,24.0,29.0,32.0,34.0,35.0,37.0,39.0,41.0,44.0,45.0,47.0,51.0,58.0,inferred
Wyre Forest,2021-08-13,21.0,25.0,28.0,30.0,31.0,33.0,35.0,37.0,39.0,41.0,42.0,46.0,52.0,inferred
Wyre Forest,2021-08-14,16.5,21.0,24.0,25.0,26.0,28.0,30.0,32.0,34.0,35.0,36.0,40.0,46.0,inferred
Wyre Forest,2021-08-15,18.0,22.0,25.0,26.0,27.0,29.0,31.0,33.0,35.0,36.0,37.2,42.0,48.0,inferred
Wyre Forest,2021-08-16,26.0,31.0,35.0,36.0,38.0,40.0,42.0,45.0,47.0,48.2,50.0,54.0,61.0,inferred
Wyre Forest,2021-08-17,24.5,30.0,34.0,35.0,36.0,38.0,40.0,42.0,45.0,46.0,47.0,52.0,58.0,inferred
Wyre Forest,2021-08-18,25.0,30.0,33.0,34.0,36.0,38.0,40.0,42.0,45.0,46.0,48.0,51.1,59.0,inferred
Wyre Forest,2021-08-19,24.0,28.0,32.0,33.0,34.0,37.0,39.0,41.0,44.0,45.0,47.0,50.0,58.0,inferred
Wyre Forest,2021-08-20,21.0,25.0,29.0,30.0,31.0,33.0,35.0,37.0,39.0,40.0,42.0,46.0,53.0,inferred
Wyre Forest,2021-08-21,17.0,21.0,24.0,25.0,26.0,28.0,30.0,32.0,34.0,35.0,36.0,40.0,46.0,inferred
Wyre Forest,2021-08-22,18.5,23.0,26.0,27.0,28.0,30.0,32.0,34.0,36.0,38.0,39.0,43.0,48.0,inferred
Wyre Forest,2021-08-23,28.0,32.0,36.0,37.0,38.0,41.0,43.0,45.0,48.0,49.2,51.0,56.0,64.0,inferred
Wyre Forest,2021-08-24,26.0,31.0,35.0,36.0,37.0,40.0,42.0,44.0,47.0,48.0,50.0,54.0,61.0,inferred
Wyre Forest,2021-08-25,27.0,32.0,36.0,37.8,39.0,41.0,44.0,46.0,48.0,50.0,52.0,56.0,62.0,inferred
Wyre Forest,2021-08-26,27.0,32.0,36.0,38.0,39.0,41.0,43.0,46.0,48.0,49.0,51.0,56.0,63.0,inferred
Wyre Forest,2021-08-27,25.0,30.0,33.0,35.0,36.0,39.0,41.0,43.0,45.0,46.0,47.0,52.0,59.0,inferred
Wyre Forest,2021-08-28,21.5,26.0,29.0,31.0,32.0,33.0,35.0,37.0,40.0,41.0,43.0,47.0,53.0,inferred
Wyre Forest,2021-08-29,24.0,29.0,32.0,34.0,35.0,37.0,39.0,42.0,44.3,46.0,47.0,52.0,60.0,inferred
Wyre Forest,2021-08-30,36.0,42.0,47.0,49.0,50.0,52.0,55.0,58.0,61.0,63.0,65.0,70.0,79.0,inferred
Wyre Forest,2021-08-31,36.0,42.0,46.0,47.0,49.0,52.0,54.0,57.0,60.0,61.0,63.0,68.0,77.0,inferred
Wyre Forest,2021-09-01,36.0,42.9,47.0,48.0,50.0,53.0,55.0,58.0,61.0,62.0,64.0,68.0,76.0,inferred
Wyre Forest,2021-09-02,35.5,41.0,45.0,47.0,48.0,51.0,53.0,55.0,58.0,60.0,61.0,66.0,75.0,inferred
Wyre Forest,2021-09-03,31.0,37.0,40.0,42.0,44.0,46.0,48.0,51.0,53.0,55.0,56.0,61.0,69.0,inferred
Wyre Forest,2021-09-04,26.0,31.0,34.0,35.0,37.0,39.0,41.0,43.0,46.0,47.0,48.0,52.0,60.0,inferred
Wyre Forest,2021-09-05,28.0,33.0,36.0,37.0,38.0,41.0,43.0,45.0,48.0,49.0,51.0,55.0,61.5,inferred
Wyre Forest,2021-09-06,38.5,45.0,50.0,51.0,53.0,55.0,58.0,60.0,63.0,65.0,67.0,72.0,80.0,inferred
Wyre Forest,2021-09-07,35.0,41.0,45.0,46.0,48.0,51.0,53.0,56.0,58.0,60.0,62.0,68.0,74.5,inferred
Wyre Forest,2021-09-08,33.0,38.0,43.0,44.0,45.0,48.0,50.0,53.0,55.0,57.0,58.0,63.0,71.0,inferred
Wyre Forest,2021-09-09,31.0,35.9,39.0,40.0,42.0,44.0,46.0,49.0,51.0,53.0,54.0,59.0,66.0,inferred
Wyre Forest,2021-09-10,23.0,29.0,32.0,33.0,34.0,37.0,39.0,41.0,44.0,45.0,46.0,50.0,57.0,inferred
Wyre Forest,2021-09-11,18.0,23.0,26.0,27.0,28.0,30.0,32.0,34.0,36.0,37.0,38.0,42.0,49.0,inferred
Wyre Forest,2021-09-12,19.0,23.0,26.0,27.0,28.0,30.0,32.0,34.0,36.0,37.0,39.0,42.0,49.0,inferred
Wyre Forest,2021-09-13,26.0,31.0,34.0,36.0,37.0,39.0,42.0,44.0,47.0,48.0,50.0,54.0,62.0,inferred
Wyre Forest,2021-09-14,25.0,29.0,32.0,34.0,35.0,37.0,39.0,42.0,44.0,45.0,47.0,50.0,57.0,inferred
Wyre Forest,2021-09-15,27.0,31.0,35.0,37.0,38.0,40.0,42.0,44.0,46.0,48.0,49.0,54.0,60.0,inferred
Wyre Forest,2021-09-16,27.0,31.0,35.0,37.0,38.0,40.0,42.0,44.0,47.0,48.0,50.0,54.0,62.0,inferred
Wyre Forest,2021-09-17,26.0,30.0,34.0,35.0,37.0,38.0,41.0,43.0,45.0,47.0,48.2,52.0,60.0,inferred
Wyre Forest,2021-09-18,22.0,27.0,30.0,31.0,32.0,34.0,36.0,39.0,41.0,42.0,44.0,48.0,54.0,inferred
Wyre Forest,2021-09-19,25.0,30.0,34.0,35.0,36.0,39.0,41.0,43.0,45.0,46.0,48.0,53.0,60.0,inferred
Wyre Forest,2021-09-20,40.0,45.9,49.0,51.0,53.0,56.0,58.0,61.0,64.0,66.0,68.0,73.0,80.0,inferred
Wyre Forest,2021-09-21,38.0,44.0,48.0,50.0,51.0,54.0,57.0,60.0,63.0,64.0,66.0,71.0,79.0,inferred
Wyre Forest,2021-09-22,38.5,45.0,50.0,52.0,53.0,56.0,58.0,61.0,63.0,65.0,67.0,71.0,79.5,inferred
Wyre Forest,2021-09-23,40.0,46.0,49.0,51.0,52.0,55.0,58.0,60.0,63.0,65.0,66.0,71.0,78.0,inferred
Wyre Forest,2021-09-24,35.0,41.0,45.0,46.0,48.0,50.0,53.0,55.0,58.0,59.2,61.0,66.0,73.0,inferred
Wyre Forest,2021-09-25,30.0,35.0,39.0,40.0,41.0,44.0,46.0,48.0,51.0,52.0,54.0,58.0,66.0,inferred
Wyre Forest,2021-09-26,32.0,38.0,42.0,43.0,45.0,47.0,50.0,52.0,55.0,57.0,58.0,63.0,70.0,inferred
Wyre Forest,2021-09-27,48.0,54.0,59.0,61.0,63.0,66.0,68.0,71.0,74.3,76.0,78.0,84.0,92.0,inferred
Wyre Forest,2021-09-28,45.0,53.0,58.0,59.0,60.7,64.0,67.0,70.0,73.0,75.0,77.0,82.0,91.0,inferred
Wyre Forest,2021-09-29,47.0,55.0,60.0,62.0,64.0,67.0,69.0,72.0,75.0,77.0,79.0,84.0,94.0,inferred
Wyre Forest,2021-09-30,50.0,56.0,60.0,62.0,64.0,67.0,69.0,72.0,75.0,78.0,79.0,85.0,95.0,inferred
Wyre Forest,2021-10-01,47.0,52.0,56.0,58.0,59.0,62.0,65.0,68.0,71.0,73.0,75.0,81.0,90.0,inferred
Wyre Forest,2021-10-02,40.0,46.0,50.0,52.0,53.0,56.0,59.0,61.0,64.0,65.0,67.0,72.0,80.0,inferred
Wyre Forest,2021-10-03,45.0,51.0,55.0,57.0,59.0,61.0,64.0,67.0,71.0,72.0,74.0,80.0,89.0,inferred
Wyre Forest,2021-10-04,66.0,74.0,80.0,82.0,84.0,87.0,91.0,94.0,97.0,100.0,102.0,109.0,120.0,inferred
Wyre Forest,2021-10-05,63.0,72.0,77.0,79.0,81.0,84.0,87.0,91.0,95.0,97.0,99.0,105.0,114.0,inferred
Wyre Forest,2021-10-06,66.0,73.9,80.0,82.0,83.0,87.0,90.0,93.0,97.0,99.0,101.0,108.0,117.0,inferred
Wyre Forest,2021-10-07,65.0,74.0,78.0,80.0,82.0,86.0,89.0,92.0,96.0,98.0,100.0,107.0,116.0,inferred
Wyre Forest,2021-10-08,59.0,66.0,72.0,74.0,76.0,79.0,82.0,85.0,89.0,91.0,92.2,98.0,108.0,inferred
Wyre Forest,2021-10-09,51.0,58.0,62.0,64.0,65.7,68.0,71.0,74.0,78.0,80.0,81.0,87.0,95.0,inferred
Wyre Forest,2021-10-10,56.0,63.0,68.0,70.0,72.0,75.0,78.0,81.0,84.0,86.0,88.0,94.1,102.0,inferred
Wyre Forest,2021-10-11,80.5,88.0,95.0,97.0,99.0,103.0,107.0,111.0,115.0,118.0,121.0,127.0,138.0,inferred
Wyre Forest,2021-10-12,75.0,85.0,91.0,93.0,95.0,99.0,103.0,106.0,111.0,113.0,116.0,122.0,133.0,inferred
Wyre Forest,2021-10-13,75.0,83.0,89.0,92.0,94.0,97.0,101.0,105.0,110.0,111.0,114.0,121.0,132.0,inferred
Wyre Forest,2021-10-14,69.0,79.0,85.0,87.0,89.0,93.0,96.0,100.0,105.0,107.0,110.0,116.0,126.0,inferred
Wyre Forest,2021-10-15,59.0,68.0,75.0,77.0,79.0,82.0,86.0,89.0,93.0,95.0,97.0,105.0,117.0,inferred
York,2021-07-03,71.0,78.0,84.0,86.0,89.0,92.0,96.0,101.0,105.0,107.0,110.0,117.0,127.0,inferred
York,2021-07-04,76.0,86.0,92.0,94.0,96.7,101.0,105.0,109.0,113.0,116.0,118.0,126.0,140.0,inferred
York,2021-07-05,112.0,124.0,132.0,135.0,137.0,142.0,146.0,151.0,156.0,158.0,162.0,171.0,187.0,inferred
York,2021-07-06,106.0,116.9,124.0,128.0,131.0,136.0,140.0,145.0,150.0,152.2,156.0,164.0,179.0,inferred
York,2021-07-07,107.0,120.0,127.0,131.0,133.0,139.0,143.0,148.0,153.0,156.0,159.0,167.0,179.0,inferred
York,2021-07-08,106.0,117.0,125.0,128.0,130.0,135.0,140.0,144.0,149.3,153.0,155.0,163.1,177.5,inferred
York,2021-07-09,97.5,109.9,116.0,119.0,121.0,126.0,130.0,135.0,139.0,142.0,146.0,154.0,169.0,inferred
York,2021-07-10,84.5,93.0,99.0,102.0,104.0,109.0,113.0,117.0,121.0,124.0,127.0,135.0,147.0,inferred
York,2021-07-11,90.5,102.0,108.0,111.0,114.0,118.6,122.0,127.0,131.0,134.0,137.0,146.0,158.0,inferred
York,2021-07-12,135.0,149.0,157.0,160.0,163.0,169.0,175.0,179.0,186.0,189.0,193.0,203.0,221.0,inferred
York,2021-07-13,122.0,136.0,144.0,147.0,149.0,156.0,161.0,167.0,173.0,176.0,179.0,188.1,207.0,inferred
York,2021-07-14,118.5,131.0,139.0,142.0,146.0,151.0,156.0,161.0,166.0,169.0,173.0,182.0,194.0,inferred
York,2021-07-15,103.0,116.0,124.0,127.0,130.0,135.0,139.0,144.0,149.3,152.0,156.0,166.0,181.0,inferred
York,2021-07-16,90.0,100.0,107.0,110.8,113.0,117.0,121.5,126.0,131.0,134.0,136.0,144.0,159.0,inferred
York,2021-07-17,67.0,76.0,82.0,85.0,87.0,91.6,95.0,100.0,104.0,106.0,109.0,117.0,128.0,inferred
York,2021-07-18,69.0,78.0,84.0,86.0,88.0,92.0,96.0,99.0,103.0,106.0,109.0,117.0,127.0,inferred
York,2021-07-19,89.0,101.0,108.8,112.0,114.0,119.6,124.0,128.4,134.0,136.0,139.0,148.0,163.0,inferred
York,2021-07-20,79.0,89.0,95.8,98.0,100.0,105.0,108.0,113.0,117.0,120.0,123.0,132.0,145.0,inferred
York,2021-07-21,72.0,82.0,89.0,91.0,94.0,98.0,102.0,107.0,112.0,114.2,117.0,125.0,137.0,inferred
York,2021-07-22,66.0,73.9,80.0,82.0,85.0,89.0,92.0,97.0,101.0,103.0,106.0,113.0,124.0,inferred
York,2021-07-23,53.0,62.0,69.0,71.0,72.0,76.0,79.0,83.0,87.0,89.0,92.0,98.0,109.0,inferred
York,2021-07-24,40.0,48.0,52.0,54.0,56.0,59.0,62.0,66.0,69.0,71.0,73.0,79.0,88.0,inferred
York,2021-07-25,40.0,47.9,52.0,54.0,56.0,60.0,63.0,66.0,70.0,72.0,74.0,79.0,88.5,inferred
York,2021-07-26,56.5,64.0,71.0,73.0,75.0,79.0,82.0,86.0,90.0,92.0,94.0,101.0,112.0,inferred
York,2021-07-27,52.0,60.0,66.0,68.0,70.0,74.0,77.0,81.0,85.0,88.0,90.0,96.0,108.0,inferred
York,2021-07-28,54.0,63.0,69.0,71.0,73.0,77.0,81.0,84.0,88.0,90.0,93.0,100.0,110.0,inferred
York,2021-07-29,56.0,63.0,70.0,73.0,74.0,78.0,82.0,86.0,90.0,93.0,95.0,102.0,113.0,inferred
York,2021-07-30,54.0,62.0,68.0,70.0,72.0,76.0,79.0,82.0,87.0,89.0,91.0,98.0,108.0,inferred
York,2021-07-31,47.0,53.0,59.0,61.0,62.0,66.0,69.0,72.0,76.0,78.0,80.0,86.0,97.0,inferred
York,2021-08-01,52.0,60.0,65.0,67.8,69.0,73.0,77.0,80.0,85.0,87.0,89.0,96.0,105.5,inferred
York,2021-08-02,80.0,91.0,98.0,101.0,103.0,107.0,111.0,115.0,120.0,123.0,127.0,136.0,151.0,inferred
York,2021-08-03,78.0,88.0,95.0,98.0,100.0,105.0,108.0,112.0,117.0,120.0,122.0,131.1,145.0,inferred
York,2021-08-04,78.0,89.0,96.0,98.0,101.0,105.0,108.0,113.0,118.0,120.0,123.0,130.0,141.0,inferred
York,2021-08-05,74.0,83.0,90.0,93.0,94.0,98.6,103.0,107.0,112.3,115.0,118.0,126.0,138.0,inferred
York,2021-08-06,65.5,75.0,81.0,84.0,86.0,91.0,94.0,99.0,103.0,106.0,108.0,115.0,126.0,inferred
York,2021-08-07,54.5,62.0,67.0,69.0,71.0,75.0,78.0,82.0,86.0,88.0,91.0,98.0,108.0,inferred
York,2021-08-08,58.0,66.0,72.0,74.0,76.0,80.0,83.5,87.0,91.0,94.0,96.0,103.0,114.5,inferred
York,2021-08-09,83.5,93.9,101.0,103.0,106.0,110.0,115.0,119.0,123.0,126.0,129.0,137.0,150.0,inferred
York,2021-08-10,76.0,86.0,93.0,96.0,99.0,103.0,108.0,112.0,117.0,119.0,122.0,130.0,144.5,inferred
York,2021-08-11,76.5,86.0,93.0,96.0,99.0,103.0,107.0,111.0,117.0,119.0,121.2,131.0,143.0,inferred
York,2021-08-12,75.0,82.0,89.0,92.0,94.0,99.0,103.0,107.0,111.0,114.0,117.0,126.0,140.0,inferred
York,2021-08-13,65.5,76.0,83.0,85.0,87.0,91.0,94.0,98.0,103.0,105.0,108.0,115.0,126.0,inferred
York,2021-08-14,53.5,61.0,66.0,69.0,71.0,75.0,78.0,82.0,86.0,87.0,90.0,96.0,106.0,inferred
York,2021-08-15,57.0,66.0,72.0,74.0,76.0,80.0,83.0,86.0,90.0,92.0,95.0,102.0,115.0,inferred
York,2021-08-16,84.0,94.0,101.0,103.0,105.0,110.0,115.0,120.0,125.0,127.0,130.0,138.0,151.0,inferred
York,2021-08-17,76.0,86.0,93.0,96.0,98.0,102.0,106.0,110.0,114.0,117.0,121.0,130.0,143.0,inferred
York,2021-08-18,73.0,84.0,91.0,93.0,96.0,100.0,104.0,108.0,113.0,115.0,118.0,126.0,137.5,inferred
York,2021-08-19,70.0,79.0,85.0,87.0,89.0,94.0,98.0,102.0,106.0,108.0,110.2,117.1,129.0,inferred
York,2021-08-20,58.0,68.0,74.0,77.0,79.0,82.0,86.0,90.0,94.0,96.0,99.0,106.0,119.5,inferred
York,2021-08-21,46.0,55.0,60.0,61.0,63.0,66.0,70.0,73.0,77.0,79.0,82.0,88.0,97.5,inferred
York,2021-08-22,47.0,55.0,61.0,63.0,65.0,69.0,72.0,76.0,79.0,81.0,84.0,90.0,102.0,inferred
York,2021-08-23,69.0,78.0,84.0,87.0,89.0,93.0,97.0,102.0,106.0,108.0,111.0,118.0,131.0,inferred
York,2021-08-24,62.0,71.0,77.0,80.0,82.0,86.0,90.0,94.0,98.0,100.0,103.0,110.0,122.0,inferred
York,2021-08-25,62.0,71.0,77.0,80.0,82.0,86.0,89.0,93.0,97.0,99.0,102.0,109.0,123.0,inferred
York,2021-08-26,59.0,67.0,73.0,75.0,77.0,81.0,85.0,89.0,93.0,95.0,98.0,105.0,117.0,inferred
York,2021-08-27,53.0,61.0,66.0,68.0,70.0,74.0,78.0,81.0,85.0,88.0,90.0,98.0,109.0,inferred
York,2021-08-28,42.0,49.0,55.0,56.0,58.0,61.0,65.0,68.0,71.0,73.0,76.0,82.0,93.0,inferred
York,2021-08-29,46.0,53.0,57.0,60.0,62.0,65.0,68.0,72.0,75.0,78.0,80.0,86.0,98.0,inferred
York,2021-08-30,66.0,75.0,82.0,84.8,87.0,91.0,95.0,99.0,103.0,106.0,109.0,115.1,129.0,inferred
York,2021-08-31,61.0,70.0,76.0,78.0,80.0,84.0,87.0,91.4,96.0,98.0,101.0,108.0,123.5,inferred
York,2021-09-01,59.0,67.0,72.0,75.0,77.0,81.0,85.0,88.0,93.0,95.0,98.0,105.0,118.5,inferred
York,2021-09-02,53.0,61.0,68.0,70.0,72.0,76.0,80.0,83.0,86.0,89.0,91.0,98.0,109.5,inferred
York,2021-09-03,47.0,54.0,59.0,62.0,63.0,67.0,71.0,74.0,77.0,79.0,81.0,89.0,99.0,inferred
York,2021-09-04,37.0,43.0,48.0,50.0,52.0,55.0,58.0,61.0,64.0,67.0,68.0,74.1,85.0,inferred
York,2021-09-05,37.5,44.9,49.0,51.0,52.7,55.0,58.0,62.0,65.0,67.0,69.0,74.0,86.0,inferred
York,2021-09-06,54.0,62.0,68.0,69.0,71.0,75.6,78.0,82.0,86.0,89.0,91.0,98.0,110.0,inferred
York,2021-09-07,46.0,54.9,60.0,62.0,64.0,68.0,72.0,75.0,79.0,81.0,83.0,90.0,102.0,inferred
York,2021-09-08,43.0,53.0,57.0,59.0,61.0,64.0,68.0,71.4,76.0,77.0,80.0,86.0,96.0,inferred
York,2021-09-09,40.5,47.9,53.0,54.0,56.0,59.0,62.0,65.0,68.0,70.0,72.0,78.0,90.0,inferred
York,2021-09-10,34.0,40.0,45.0,46.0,48.0,51.0,53.0,56.0,60.0,61.0,63.0,69.0,78.0,inferred
York,2021-09-11,25.0,30.0,34.0,36.0,37.0,40.0,42.0,45.0,48.0,49.0,51.0,56.0,63.5,inferred
York,2021-09-12,25.0,30.0,34.0,36.0,37.0,40.0,42.0,45.0,48.0,50.0,52.0,56.0,64.0,inferred
York,2021-09-13,36.0,42.0,47.0,49.0,50.0,53.0,57.0,60.0,63.0,64.2,67.0,72.0,83.0,inferred
York,2021-09-14,33.0,39.0,44.0,46.0,47.0,50.0,53.0,57.0,60.0,62.0,64.0,70.0,80.0,inferred
York,2021-09-15,35.0,41.0,46.0,48.0,50.0,53.0,56.0,59.0,62.0,64.0,66.0,72.0,81.0,inferred
York,2021-09-16,37.0,43.0,48.0,50.0,51.7,55.0,57.0,60.0,64.0,66.0,68.0,74.0,83.0,inferred
York,2021-09-17,35.0,42.0,47.0,49.0,50.0,54.0,56.0,60.0,63.0,65.0,67.0,72.0,82.0,inferred
York,2021-09-18,31.5,37.0,42.0,43.0,45.0,48.0,50.0,53.0,56.0,58.0,59.0,65.0,73.0,inferred
York,2021-09-19,36.0,41.0,46.0,48.0,50.0,53.0,56.0,59.0,62.0,64.0,66.0,72.0,79.0,inferred
York,2021-09-20,55.0,63.0,69.0,72.0,73.0,77.0,81.0,84.0,89.0,92.0,94.0,102.0,112.0,inferred
York,2021-09-21,54.0,62.0,67.0,69.0,71.0,74.0,78.0,81.0,85.0,87.0,90.0,97.0,109.0,inferred
York,2021-09-22,54.0,62.0,67.0,69.0,71.0,75.0,78.0,81.0,85.0,87.0,90.0,96.0,107.0,inferred
York,2021-09-23,50.0,58.0,64.0,66.0,67.0,70.6,74.0,77.0,81.0,84.0,86.0,93.0,104.0,inferred
York,2021-09-24,45.0,52.0,58.0,60.0,61.0,65.0,68.0,71.0,75.0,77.0,80.0,86.0,95.5,inferred
York,2021-09-25,36.0,42.0,47.0,49.0,51.0,54.0,57.0,60.0,63.0,64.0,67.0,72.0,82.0,inferred
York,2021-09-26,38.0,45.0,50.0,51.0,53.0,56.0,59.0,62.0,65.0,67.0,69.0,76.0,85.0,inferred
York,2021-09-27,57.0,65.0,70.0,72.0,74.0,78.0,83.0,86.0,90.0,93.0,95.0,102.0,114.0,inferred
York,2021-09-28,51.0,59.0,65.0,67.0,69.0,72.6,76.0,80.0,84.0,86.2,89.0,96.0,105.5,inferred
York,2021-09-29,52.0,60.0,65.0,67.0,69.7,73.0,77.0,80.0,84.0,86.0,89.0,95.0,105.0,inferred
York,2021-09-30,50.0,57.0,63.0,66.0,67.0,71.0,74.0,78.0,82.0,84.0,86.0,92.0,104.0,inferred
York,2021-10-01,45.0,53.0,58.0,60.0,61.0,65.0,68.0,71.0,75.0,77.0,79.0,86.0,97.0,inferred
York,2021-10-02,35.0,42.0,47.0,49.0,50.0,53.0,56.0,59.0,62.0,64.0,66.0,73.0,83.0,inferred
York,2021-10-03,38.0,45.0,50.0,52.0,54.0,57.0,60.0,63.0,67.0,68.0,70.0,77.0,87.0,inferred
York,2021-10-04,57.0,66.0,72.0,74.0,76.0,79.0,83.0,87.0,92.0,94.0,96.0,104.0,117.0,inferred
York,2021-10-05,55.0,62.0,69.0,71.0,73.0,77.0,80.0,84.0,88.0,91.0,93.0,100.0,114.5,inferred
York,2021-10-06,58.0,67.0,73.0,75.0,77.0,81.0,84.0,88.0,92.0,94.0,97.0,104.0,115.0,inferred
York,2021-10-07,59.0,66.0,73.0,75.0,77.0,81.0,84.0,87.0,92.0,94.0,96.0,103.0,114.0,inferred
York,2021-10-08,55.0,63.0,69.0,71.0,73.0,77.0,81.0,84.0,88.0,90.0,92.0,98.0,108.0,inferred
York,2021-10-09,47.0,55.0,60.0,62.0,64.0,67.0,71.0,74.0,78.0,80.0,82.0,89.0,99.0,inferred
York,2021-10-10,54.0,62.0,67.0,70.0,71.0,75.0,79.0,82.0,86.0,88.0,90.0,98.0,108.5,inferred
York,2021-10-11,81.0,91.0,97.0,99.0,102.0,107.0,111.0,116.0,121.0,123.0,126.0,134.0,146.0,inferred
York,2021-10-12,75.0,85.0,93.0,96.0,98.0,103.0,108.0,112.0,117.0,119.0,123.0,131.0,145.0,inferred
York,2021-10-13,79.5,89.0,96.0,99.0,101.0,105.0,109.0,114.0,119.0,122.0,125.0,134.0,148.0,inferred
York,2021-10-14,73.5,85.0,92.0,95.0,97.7,102.0,106.0,111.0,115.0,118.0,121.0,130.1,144.0,inferred
York,2021-10-15,66.0,76.0,83.0,86.0,89.7,94.0,99.0,104.0,108.0,111.0,114.0,122.0,136.0,inferred
