area,Date,C_025,C_10,C_20,C_25,C_30,C_40,C_50,C_60,C_70,C_75,C_80,C_90,C_975,provenance
Aberdeen City,2021-03-06,12.5,16.0,19.0,20.0,21.0,23.0,25.0,27.0,29.0,31.0,32.0,36.0,43.0,inferred
Aberdeen City,2021-03-07,10.0,14.0,17.0,18.0,19.0,21.0,23.0,25.0,27.0,28.0,29.0,34.0,41.5,inferred
Aberdeen City,2021-03-08,8.0,12.0,14.0,15.0,16.0,18.0,20.0,22.0,24.0,25.0,26.0,30.0,37.0,inferred
Aberdeen City,2021-03-09,10.0,14.0,17.0,18.0,19.0,21.0,23.0,25.0,27.0,29.0,30.0,34.0,40.5,inferred
Aberdeen City,2021-03-10,17.0,22.0,25.0,26.0,27.0,30.0,32.0,34.0,37.0,38.0,40.0,45.0,52.0,inferred
Aberdeen City,2021-03-11,16.0,20.0,24.0,25.0,26.0,28.0,30.0,33.0,35.0,37.0,38.0,43.0,50.0,inferred
Aberdeen City,2021-03-12,17.0,22.0,25.0,26.0,28.0,30.0,32.0,34.0,37.0,39.0,41.0,45.0,54.0,inferred
Aberdeen City,2021-03-13,15.0,20.0,23.0,25.0,26.0,28.0,30.0,33.0,35.0,36.0,38.0,43.0,49.0,inferred
Aberdeen City,2021-03-14,13.0,17.0,20.0,21.0,22.0,25.0,27.0,29.0,31.0,33.0,34.0,38.0,45.0,inferred
Aberdeen City,2021-03-15,10.0,14.0,16.0,17.0,18.0,20.0,22.0,24.0,26.0,27.0,29.0,33.0,40.0,inferred
Aberdeen City,2021-03-16,11.0,15.0,18.0,19.8,20.0,23.0,25.0,27.0,29.0,30.0,32.0,36.0,44.0,inferred
Aberdeen City,2021-03-17,19.0,23.0,27.0,28.0,30.0,32.0,34.0,36.0,39.0,41.0,43.0,48.0,56.0,inferred
Aberdeen City,2021-03-18,18.0,23.0,26.0,28.0,29.0,31.0,33.0,35.0,38.0,39.0,41.0,46.0,54.0,inferred
Aberdeen City,2021-03-19,19.0,24.0,28.0,30.0,31.0,34.0,36.0,39.0,41.0,42.0,44.0,50.0,58.0,inferred
Aberdeen City,2021-03-20,19.0,24.0,27.0,29.0,30.0,32.0,35.0,37.0,40.0,41.0,43.0,48.0,56.0,inferred
Aberdeen City,2021-03-21,16.0,20.0,24.0,25.0,26.0,28.0,31.0,33.0,36.0,37.0,39.0,43.0,52.0,inferred
Aberdeen City,2021-03-22,12.0,16.0,20.0,21.0,22.0,24.0,26.0,28.0,31.0,32.0,34.0,38.0,45.0,inferred
Aberdeen City,2021-03-23,14.5,18.0,22.0,23.0,24.0,27.0,29.0,31.0,33.0,35.0,37.0,41.0,50.0,inferred
Aberdeen City,2021-03-24,23.0,28.0,31.0,33.0,34.0,36.0,39.0,42.0,44.0,46.0,48.0,53.0,61.0,inferred
Aberdeen City,2021-03-25,19.0,24.0,28.0,29.0,31.0,33.0,36.0,38.0,41.0,43.0,44.0,49.0,56.0,inferred
Aberdeen City,2021-03-26,20.0,26.0,29.0,31.0,32.0,35.0,38.0,40.0,43.0,44.0,46.0,51.0,58.0,inferred
Aberdeen City,2021-03-27,18.0,23.0,27.0,28.0,29.0,31.0,34.0,36.0,39.0,40.0,42.0,47.0,55.0,inferred
Aberdeen City,2021-03-28,14.0,19.0,23.0,24.0,25.0,27.0,29.0,31.0,33.0,35.0,36.2,41.0,48.0,inferred
Aberdeen City,2021-03-29,11.0,15.0,17.0,18.0,19.0,22.0,24.0,26.0,28.0,29.0,31.0,35.0,42.0,inferred
Aberdeen City,2021-03-30,11.0,15.0,18.0,20.0,21.0,23.0,25.0,27.0,29.0,30.0,32.0,36.0,44.0,inferred
Aberdeen City,2021-03-31,16.0,22.0,25.0,26.0,28.0,30.0,32.0,35.0,37.0,39.0,41.0,45.0,53.0,inferred
Aberdeen City,2021-04-01,15.0,19.0,23.0,24.0,25.0,27.0,29.0,32.0,34.0,36.0,37.0,42.0,49.5,inferred
Aberdeen City,2021-04-02,15.0,19.0,23.0,24.0,25.0,28.0,30.0,32.0,35.0,36.0,38.0,42.0,50.0,inferred
Aberdeen City,2021-04-03,13.0,17.0,20.0,21.0,22.0,25.0,27.0,29.0,31.0,32.0,34.0,38.0,44.0,inferred
Aberdeen City,2021-04-04,10.0,14.0,16.0,18.0,19.0,21.0,22.0,24.0,27.0,28.0,29.0,33.0,41.0,inferred
Aberdeen City,2021-04-05,7.0,11.0,13.0,14.0,15.0,17.0,18.0,20.0,22.0,23.0,24.0,27.0,33.0,inferred
Aberdeen City,2021-04-06,8.0,11.0,14.0,15.0,16.0,17.0,19.0,21.0,23.0,24.0,25.0,29.0,35.0,inferred
Aberdeen City,2021-04-07,12.0,16.0,19.0,21.0,21.0,24.0,26.0,28.0,30.0,31.0,33.0,37.0,44.0,inferred
Aberdeen City,2021-04-08,11.0,15.0,18.0,19.0,20.0,22.0,24.0,26.0,28.0,29.0,31.0,35.0,41.0,inferred
Aberdeen City,2021-04-09,12.0,16.0,19.0,20.0,21.0,23.0,25.0,27.0,29.0,31.0,32.0,36.0,44.0,inferred
Aberdeen City,2021-04-10,11.0,15.0,17.0,18.0,19.0,21.0,23.0,25.0,27.0,28.0,30.0,34.0,40.5,inferred
Aberdeen City,2021-04-11,8.0,12.0,14.0,15.0,16.0,18.0,20.0,21.0,23.0,24.0,26.0,29.0,36.0,inferred
Aberdeen City,2021-04-12,6.0,9.0,11.0,12.0,13.0,14.0,16.0,18.0,20.0,21.0,22.0,25.0,31.0,inferred
Aberdeen City,2021-04-13,6.5,9.9,12.0,13.0,14.0,15.0,17.0,19.0,21.0,22.0,23.0,26.0,33.5,inferred
Aberdeen City,2021-04-14,10.0,14.0,16.0,18.0,19.0,21.0,23.0,25.0,27.0,28.0,30.0,34.0,41.0,inferred
Aberdeen City,2021-04-15,9.0,13.0,15.0,16.0,17.0,19.0,21.0,23.0,25.0,26.0,28.0,32.0,38.0,inferred
Aberdeen City,2021-04-16,10.0,14.0,16.0,17.0,18.0,20.0,22.0,24.0,26.0,27.0,29.0,33.0,38.0,inferred
Aberdeen City,2021-04-17,9.0,12.0,15.0,16.0,17.0,19.0,20.0,22.0,24.0,25.0,27.0,31.0,38.0,inferred
Aberdeen City,2021-04-18,7.0,10.0,12.0,13.0,14.0,16.0,18.0,19.0,21.0,22.0,24.0,27.0,34.0,inferred
Aberdeen City,2021-04-19,5.0,7.0,10.0,10.0,11.0,13.0,14.0,16.0,17.0,18.0,20.0,23.0,29.0,inferred
Aberdeen City,2021-04-20,5.0,8.0,10.0,11.0,12.0,13.0,15.0,16.0,18.0,19.0,20.0,23.0,28.5,inferred
Aberdeen City,2021-04-21,9.0,12.0,14.0,15.0,16.0,18.0,20.0,21.0,24.0,25.0,26.0,30.0,38.0,inferred
Aberdeen City,2021-04-22,8.0,11.0,13.0,14.0,15.0,17.0,19.0,21.0,23.0,24.0,25.0,29.0,36.0,inferred
Aberdeen City,2021-04-23,8.0,12.0,14.0,15.0,16.0,18.0,19.0,21.0,23.0,24.0,26.0,29.0,36.0,inferred
Aberdeen City,2021-04-24,8.0,11.0,13.0,13.0,14.0,16.0,18.0,20.0,22.0,23.0,24.0,27.0,33.0,inferred
Aberdeen City,2021-04-25,5.0,9.0,11.0,12.0,12.0,14.0,16.0,17.0,19.0,20.0,21.0,25.0,31.0,inferred
Aberdeen City,2021-04-26,3.5,7.0,8.0,9.0,10.0,11.0,13.0,14.0,16.0,17.0,18.0,21.0,26.0,inferred
Aberdeen City,2021-04-27,5.0,7.0,9.0,10.0,11.0,12.0,14.0,16.0,18.0,19.0,20.0,23.0,28.0,inferred
Aberdeen City,2021-04-28,9.0,12.0,14.8,16.0,17.0,18.0,20.0,22.0,24.0,25.0,27.0,30.0,36.5,inferred
Aberdeen City,2021-04-29,8.0,11.0,14.0,15.0,16.0,18.0,19.0,21.0,23.0,24.0,26.0,30.0,36.0,inferred
Aberdeen City,2021-04-30,10.0,13.0,16.0,17.0,18.0,20.0,22.0,24.0,26.0,27.0,28.0,32.0,39.0,inferred
Aberdeen City,2021-05-01,10.0,13.0,15.0,16.0,17.0,19.0,21.0,23.0,25.0,26.0,27.0,31.0,38.0,inferred
Aberdeen City,2021-05-02,7.0,11.0,13.0,14.0,15.0,17.0,18.0,20.0,22.0,23.0,25.0,28.0,35.0,inferred
Aberdeen City,2021-05-03,6.0,9.0,11.0,12.0,13.0,14.0,16.0,18.0,19.0,20.0,22.0,26.0,32.0,inferred
Aberdeen City,2021-05-04,7.0,10.0,12.0,13.0,14.0,16.0,18.0,19.0,21.0,22.0,23.0,26.0,33.0,inferred
Aberdeen City,2021-05-05,11.0,15.0,17.0,18.0,19.0,22.0,24.0,26.0,28.0,29.0,30.0,34.0,42.0,inferred
Aberdeen City,2021-05-06,11.0,14.0,16.0,18.0,19.0,21.0,23.0,25.0,27.0,28.0,30.0,33.0,39.0,inferred
Aberdeen City,2021-05-07,11.0,15.0,17.0,18.8,20.0,22.0,24.0,25.0,27.0,29.0,30.0,34.0,42.0,inferred
Aberdeen City,2021-05-08,10.0,13.0,16.0,17.0,18.0,20.0,22.0,24.0,26.0,27.0,29.0,33.0,39.0,inferred
Aberdeen City,2021-05-09,8.0,11.0,13.0,15.0,15.0,17.0,19.0,20.0,22.0,24.0,25.0,29.0,34.0,inferred
Aberdeen City,2021-05-10,6.0,8.0,10.0,11.0,12.0,14.0,15.0,17.0,18.0,19.0,21.0,24.0,30.0,inferred
Aberdeen City,2021-05-11,6.0,9.0,11.0,12.0,13.0,14.0,16.0,18.0,19.0,20.0,22.0,25.0,31.0,inferred
Aberdeen City,2021-05-12,9.0,12.0,15.0,16.0,17.0,19.0,20.0,22.0,25.0,26.0,27.0,32.0,39.0,inferred
Aberdeen City,2021-05-13,7.0,11.0,13.0,14.0,15.0,17.0,18.0,20.0,22.0,23.0,25.0,29.0,35.0,inferred
Aberdeen City,2021-05-14,7.0,11.0,13.0,14.0,15.0,16.0,18.0,20.0,22.0,23.0,24.0,28.0,34.0,inferred
Aberdeen City,2021-05-15,7.0,9.0,12.0,13.0,13.0,15.0,16.0,18.0,20.0,21.0,23.0,26.0,31.0,inferred
Aberdeen City,2021-05-16,5.0,7.0,9.0,10.0,11.0,12.0,14.0,15.0,17.0,18.0,19.0,22.0,29.0,inferred
Aberdeen City,2021-05-17,3.0,5.0,7.0,8.0,8.0,9.0,11.0,12.0,13.0,14.0,15.0,18.0,23.0,inferred
Aberdeen City,2021-05-18,3.0,6.0,7.0,8.0,9.0,10.0,11.0,13.0,14.0,15.0,16.0,19.0,23.0,inferred
Aberdeen City,2021-05-19,5.0,7.0,10.0,10.0,11.0,12.0,14.0,16.0,18.0,19.0,20.0,23.0,28.0,inferred
Aberdeen City,2021-05-20,4.0,7.0,9.0,9.0,10.0,12.0,13.0,15.0,16.0,17.0,18.0,21.0,26.0,inferred
Aberdeen City,2021-05-21,4.0,7.0,9.0,10.0,11.0,12.0,13.0,14.0,16.0,17.0,19.0,21.1,27.0,inferred
Aberdeen City,2021-05-22,3.0,6.0,8.0,9.0,9.0,11.0,12.0,13.0,15.0,16.0,17.0,20.0,25.5,inferred
Aberdeen City,2021-05-23,3.0,5.0,6.8,7.0,8.0,9.0,10.0,12.0,14.0,15.0,16.0,19.0,24.0,inferred
Aberdeen City,2021-05-24,2.0,4.0,5.0,6.0,6.0,7.0,8.0,9.0,11.0,11.0,12.0,15.0,19.0,inferred
Aberdeen City,2021-05-25,2.0,4.0,5.0,6.0,7.0,8.0,9.0,10.0,12.0,13.0,13.0,16.0,21.0,inferred
Aberdeen City,2021-05-26,4.0,6.0,8.0,9.0,10.0,11.0,12.0,14.0,15.0,16.0,17.0,21.0,26.0,inferred
Aberdeen City,2021-05-27,4.0,6.0,8.0,9.0,10.0,11.0,12.0,14.0,16.0,16.2,18.0,21.0,25.0,inferred
Aberdeen City,2021-05-28,4.0,7.0,9.0,10.0,11.0,12.0,13.0,15.0,16.0,18.0,19.0,22.0,27.0,inferred
Aberdeen City,2021-05-29,4.0,6.0,8.0,9.0,10.0,11.0,13.0,14.0,16.0,17.0,18.0,21.0,26.0,inferred
Aberdeen City,2021-05-30,3.0,6.0,8.0,8.0,9.0,10.0,11.0,13.0,15.0,16.0,17.0,20.0,25.0,inferred
Aberdeen City,2021-05-31,2.0,4.0,6.0,6.0,7.0,8.0,9.0,11.0,13.0,14.0,15.0,17.0,22.0,inferred
Aberdeen City,2021-06-01,3.0,6.0,7.0,8.0,9.0,10.0,11.0,13.0,15.0,15.0,17.0,20.0,24.5,inferred
Aberdeen City,2021-06-02,6.0,10.0,12.0,13.0,14.0,16.0,17.0,19.0,21.0,22.0,24.0,27.0,33.5,inferred
Aberdeen City,2021-06-03,8.0,11.0,13.0,14.0,15.0,17.0,18.0,20.0,22.0,23.0,25.0,29.0,35.0,inferred
Aberdeen City,2021-06-04,9.0,13.0,16.0,17.0,18.0,20.0,21.0,23.0,26.0,27.0,28.0,33.0,40.0,inferred
Aberdeen City,2021-06-05,10.0,14.0,17.0,18.0,19.0,21.0,22.0,24.0,26.0,28.0,29.0,33.0,39.5,inferred
Aberdeen City,2021-06-06,9.0,13.0,16.0,17.0,18.0,19.0,21.0,23.0,25.0,26.0,28.0,32.0,38.0,inferred
Aberdeen City,2021-06-07,8.0,11.0,13.0,15.0,15.7,17.0,19.0,21.0,23.0,24.0,25.0,29.0,37.0,inferred
Aberdeen City,2021-06-08,10.0,14.0,16.0,18.0,19.0,20.0,22.0,24.0,26.0,28.0,29.0,33.0,39.0,inferred
Aberdeen City,2021-06-09,18.0,23.0,26.0,28.0,29.0,31.0,33.0,36.0,39.0,40.0,42.0,47.0,55.0,inferred
Aberdeen City,2021-06-10,18.5,24.0,27.0,29.0,30.0,33.0,35.0,38.0,40.0,42.0,43.0,48.0,57.0,inferred
Aberdeen City,2021-06-11,24.0,28.0,32.0,34.0,35.0,37.0,40.0,43.0,45.0,47.0,49.0,54.0,61.5,inferred
Aberdeen City,2021-06-12,22.0,30.0,33.0,35.0,36.0,39.0,42.0,45.0,48.0,49.0,51.0,57.0,65.0,inferred
Aberdeen City,2021-06-13,21.0,27.0,31.0,33.0,34.0,37.0,39.0,42.0,45.0,46.2,48.0,53.0,62.0,inferred
Aberdeen City,2021-06-14,20.0,25.0,29.0,30.0,31.0,33.0,36.0,38.0,41.0,43.0,44.0,50.0,59.0,inferred
Aberdeen City,2021-06-15,24.0,30.0,34.0,36.0,37.0,40.0,42.0,45.0,48.0,50.0,52.0,57.0,65.5,inferred
Aberdeen City,2021-06-16,38.0,46.0,51.0,53.0,55.0,59.0,62.0,66.0,69.0,71.0,73.0,80.0,91.0,inferred
Aberdeen City,2021-06-17,40.0,47.0,52.0,54.0,56.0,60.0,63.0,67.0,71.0,73.0,76.0,82.0,94.5,inferred
Aberdeen City,2021-06-18,46.0,53.0,59.0,61.0,64.0,68.0,72.0,75.0,79.0,82.0,85.0,94.0,104.0,inferred
Aberdeenshire,2021-03-06,12.5,16.0,19.0,20.0,21.0,23.0,25.0,27.0,29.0,31.0,32.0,36.0,43.0,inferred
Aberdeenshire,2021-03-07,10.0,14.0,17.0,18.0,19.0,21.0,23.0,25.0,27.0,28.0,29.0,34.0,41.5,inferred
Aberdeenshire,2021-03-08,8.0,12.0,14.0,15.0,16.0,18.0,20.0,22.0,24.0,25.0,26.0,30.0,37.0,inferred
Aberdeenshire,2021-03-09,10.0,14.0,17.0,18.0,19.0,21.0,23.0,25.0,27.0,29.0,30.0,34.0,40.5,inferred
Aberdeenshire,2021-03-10,17.0,22.0,25.0,26.0,27.0,30.0,32.0,34.0,37.0,38.0,40.0,45.0,52.0,inferred
Aberdeenshire,2021-03-11,16.0,20.0,24.0,25.0,26.0,28.0,30.0,33.0,35.0,37.0,38.0,43.0,50.0,inferred
Aberdeenshire,2021-03-12,17.0,22.0,25.0,26.0,28.0,30.0,32.0,34.0,37.0,39.0,41.0,45.0,54.0,inferred
Aberdeenshire,2021-03-13,15.0,20.0,23.0,25.0,26.0,28.0,30.0,33.0,35.0,36.0,38.0,43.0,49.0,inferred
Aberdeenshire,2021-03-14,13.0,17.0,20.0,21.0,22.0,25.0,27.0,29.0,31.0,33.0,34.0,38.0,45.0,inferred
Aberdeenshire,2021-03-15,10.0,14.0,16.0,17.0,18.0,20.0,22.0,24.0,26.0,27.0,29.0,33.0,40.0,inferred
Aberdeenshire,2021-03-16,11.0,15.0,18.0,19.8,20.0,23.0,25.0,27.0,29.0,30.0,32.0,36.0,44.0,inferred
Aberdeenshire,2021-03-17,19.0,23.0,27.0,28.0,30.0,32.0,34.0,36.0,39.0,41.0,43.0,48.0,56.0,inferred
Aberdeenshire,2021-03-18,18.0,23.0,26.0,28.0,29.0,31.0,33.0,35.0,38.0,39.0,41.0,46.0,54.0,inferred
Aberdeenshire,2021-03-19,19.0,24.0,28.0,30.0,31.0,34.0,36.0,39.0,41.0,42.0,44.0,50.0,58.0,inferred
Aberdeenshire,2021-03-20,19.0,24.0,27.0,29.0,30.0,32.0,35.0,37.0,40.0,41.0,43.0,48.0,56.0,inferred
Aberdeenshire,2021-03-21,16.0,20.0,24.0,25.0,26.0,28.0,31.0,33.0,36.0,37.0,39.0,43.0,52.0,inferred
Aberdeenshire,2021-03-22,12.0,16.0,20.0,21.0,22.0,24.0,26.0,28.0,31.0,32.0,34.0,38.0,45.0,inferred
Aberdeenshire,2021-03-23,14.5,18.0,22.0,23.0,24.0,27.0,29.0,31.0,33.0,35.0,37.0,41.0,50.0,inferred
Aberdeenshire,2021-03-24,23.0,28.0,31.0,33.0,34.0,36.0,39.0,42.0,44.0,46.0,48.0,53.0,61.0,inferred
Aberdeenshire,2021-03-25,19.0,24.0,28.0,29.0,31.0,33.0,36.0,38.0,41.0,43.0,44.0,49.0,56.0,inferred
Aberdeenshire,2021-03-26,20.0,26.0,29.0,31.0,32.0,35.0,38.0,40.0,43.0,44.0,46.0,51.0,58.0,inferred
Aberdeenshire,2021-03-27,18.0,23.0,27.0,28.0,29.0,31.0,34.0,36.0,39.0,40.0,42.0,47.0,55.0,inferred
Aberdeenshire,2021-03-28,14.0,19.0,23.0,24.0,25.0,27.0,29.0,31.0,33.0,35.0,36.2,41.0,48.0,inferred
Aberdeenshire,2021-03-29,11.0,15.0,17.0,18.0,19.0,22.0,24.0,26.0,28.0,29.0,31.0,35.0,42.0,inferred
Aberdeenshire,2021-03-30,11.0,15.0,18.0,20.0,21.0,23.0,25.0,27.0,29.0,30.0,32.0,36.0,44.0,inferred
Aberdeenshire,2021-03-31,16.0,22.0,25.0,26.0,28.0,30.0,32.0,35.0,37.0,39.0,41.0,45.0,53.0,inferred
Aberdeenshire,2021-04-01,15.0,19.0,23.0,24.0,25.0,27.0,29.0,32.0,34.0,36.0,37.0,42.0,49.5,inferred
Aberdeenshire,2021-04-02,15.0,19.0,23.0,24.0,25.0,28.0,30.0,32.0,35.0,36.0,38.0,42.0,50.0,inferred
Aberdeenshire,2021-04-03,13.0,17.0,20.0,21.0,22.0,25.0,27.0,29.0,31.0,32.0,34.0,38.0,44.0,inferred
Aberdeenshire,2021-04-04,10.0,14.0,16.0,18.0,19.0,21.0,22.0,24.0,27.0,28.0,29.0,33.0,41.0,inferred
Aberdeenshire,2021-04-05,7.0,11.0,13.0,14.0,15.0,17.0,18.0,20.0,22.0,23.0,24.0,27.0,33.0,inferred
Aberdeenshire,2021-04-06,8.0,11.0,14.0,15.0,16.0,17.0,19.0,21.0,23.0,24.0,25.0,29.0,35.0,inferred
Aberdeenshire,2021-04-07,12.0,16.0,19.0,21.0,21.0,24.0,26.0,28.0,30.0,31.0,33.0,37.0,44.0,inferred
Aberdeenshire,2021-04-08,11.0,15.0,18.0,19.0,20.0,22.0,24.0,26.0,28.0,29.0,31.0,35.0,41.0,inferred
Aberdeenshire,2021-04-09,12.0,16.0,19.0,20.0,21.0,23.0,25.0,27.0,29.0,31.0,32.0,36.0,44.0,inferred
Aberdeenshire,2021-04-10,11.0,15.0,17.0,18.0,19.0,21.0,23.0,25.0,27.0,28.0,30.0,34.0,40.5,inferred
Aberdeenshire,2021-04-11,8.0,12.0,14.0,15.0,16.0,18.0,20.0,21.0,23.0,24.0,26.0,29.0,36.0,inferred
Aberdeenshire,2021-04-12,6.0,9.0,11.0,12.0,13.0,14.0,16.0,18.0,20.0,21.0,22.0,25.0,31.0,inferred
Aberdeenshire,2021-04-13,6.5,9.9,12.0,13.0,14.0,15.0,17.0,19.0,21.0,22.0,23.0,26.0,33.5,inferred
Aberdeenshire,2021-04-14,10.0,14.0,16.0,18.0,19.0,21.0,23.0,25.0,27.0,28.0,30.0,34.0,41.0,inferred
Aberdeenshire,2021-04-15,9.0,13.0,15.0,16.0,17.0,19.0,21.0,23.0,25.0,26.0,28.0,32.0,38.0,inferred
Aberdeenshire,2021-04-16,10.0,14.0,16.0,17.0,18.0,20.0,22.0,24.0,26.0,27.0,29.0,33.0,38.0,inferred
Aberdeenshire,2021-04-17,9.0,12.0,15.0,16.0,17.0,19.0,20.0,22.0,24.0,25.0,27.0,31.0,38.0,inferred
Aberdeenshire,2021-04-18,7.0,10.0,12.0,13.0,14.0,16.0,18.0,19.0,21.0,22.0,24.0,27.0,34.0,inferred
Aberdeenshire,2021-04-19,5.0,7.0,10.0,10.0,11.0,13.0,14.0,16.0,17.0,18.0,20.0,23.0,29.0,inferred
Aberdeenshire,2021-04-20,5.0,8.0,10.0,11.0,12.0,13.0,15.0,16.0,18.0,19.0,20.0,23.0,28.5,inferred
Aberdeenshire,2021-04-21,9.0,12.0,14.0,15.0,16.0,18.0,20.0,21.0,24.0,25.0,26.0,30.0,38.0,inferred
Aberdeenshire,2021-04-22,8.0,11.0,13.0,14.0,15.0,17.0,19.0,21.0,23.0,24.0,25.0,29.0,36.0,inferred
Aberdeenshire,2021-04-23,8.0,12.0,14.0,15.0,16.0,18.0,19.0,21.0,23.0,24.0,26.0,29.0,36.0,inferred
Aberdeenshire,2021-04-24,8.0,11.0,13.0,13.0,14.0,16.0,18.0,20.0,22.0,23.0,24.0,27.0,33.0,inferred
Aberdeenshire,2021-04-25,5.0,9.0,11.0,12.0,12.0,14.0,16.0,17.0,19.0,20.0,21.0,25.0,31.0,inferred
Aberdeenshire,2021-04-26,3.5,7.0,8.0,9.0,10.0,11.0,13.0,14.0,16.0,17.0,18.0,21.0,26.0,inferred
Aberdeenshire,2021-04-27,5.0,7.0,9.0,10.0,11.0,12.0,14.0,16.0,18.0,19.0,20.0,23.0,28.0,inferred
Aberdeenshire,2021-04-28,9.0,12.0,14.8,16.0,17.0,18.0,20.0,22.0,24.0,25.0,27.0,30.0,36.5,inferred
Aberdeenshire,2021-04-29,8.0,11.0,14.0,15.0,16.0,18.0,19.0,21.0,23.0,24.0,26.0,30.0,36.0,inferred
Aberdeenshire,2021-04-30,10.0,13.0,16.0,17.0,18.0,20.0,22.0,24.0,26.0,27.0,28.0,32.0,39.0,inferred
Aberdeenshire,2021-05-01,10.0,13.0,15.0,16.0,17.0,19.0,21.0,23.0,25.0,26.0,27.0,31.0,38.0,inferred
Aberdeenshire,2021-05-02,7.0,11.0,13.0,14.0,15.0,17.0,18.0,20.0,22.0,23.0,25.0,28.0,35.0,inferred
Aberdeenshire,2021-05-03,6.0,9.0,11.0,12.0,13.0,14.0,16.0,18.0,19.0,20.0,22.0,26.0,32.0,inferred
Aberdeenshire,2021-05-04,7.0,10.0,12.0,13.0,14.0,16.0,18.0,19.0,21.0,22.0,23.0,26.0,33.0,inferred
Aberdeenshire,2021-05-05,11.0,15.0,17.0,18.0,19.0,22.0,24.0,26.0,28.0,29.0,30.0,34.0,42.0,inferred
Aberdeenshire,2021-05-06,11.0,14.0,16.0,18.0,19.0,21.0,23.0,25.0,27.0,28.0,30.0,33.0,39.0,inferred
Aberdeenshire,2021-05-07,11.0,15.0,17.0,18.8,20.0,22.0,24.0,25.0,27.0,29.0,30.0,34.0,42.0,inferred
Aberdeenshire,2021-05-08,10.0,13.0,16.0,17.0,18.0,20.0,22.0,24.0,26.0,27.0,29.0,33.0,39.0,inferred
Aberdeenshire,2021-05-09,8.0,11.0,13.0,15.0,15.0,17.0,19.0,20.0,22.0,24.0,25.0,29.0,34.0,inferred
Aberdeenshire,2021-05-10,6.0,8.0,10.0,11.0,12.0,14.0,15.0,17.0,18.0,19.0,21.0,24.0,30.0,inferred
Aberdeenshire,2021-05-11,6.0,9.0,11.0,12.0,13.0,14.0,16.0,18.0,19.0,20.0,22.0,25.0,31.0,inferred
Aberdeenshire,2021-05-12,9.0,12.0,15.0,16.0,17.0,19.0,20.0,22.0,25.0,26.0,27.0,32.0,39.0,inferred
Aberdeenshire,2021-05-13,7.0,11.0,13.0,14.0,15.0,17.0,18.0,20.0,22.0,23.0,25.0,29.0,35.0,inferred
Aberdeenshire,2021-05-14,7.0,11.0,13.0,14.0,15.0,16.0,18.0,20.0,22.0,23.0,24.0,28.0,34.0,inferred
Aberdeenshire,2021-05-15,7.0,9.0,12.0,13.0,13.0,15.0,16.0,18.0,20.0,21.0,23.0,26.0,31.0,inferred
Aberdeenshire,2021-05-16,5.0,7.0,9.0,10.0,11.0,12.0,14.0,15.0,17.0,18.0,19.0,22.0,29.0,inferred
Aberdeenshire,2021-05-17,3.0,5.0,7.0,8.0,8.0,9.0,11.0,12.0,13.0,14.0,15.0,18.0,23.0,inferred
Aberdeenshire,2021-05-18,3.0,6.0,7.0,8.0,9.0,10.0,11.0,13.0,14.0,15.0,16.0,19.0,23.0,inferred
Aberdeenshire,2021-05-19,5.0,7.0,10.0,10.0,11.0,12.0,14.0,16.0,18.0,19.0,20.0,23.0,28.0,inferred
Aberdeenshire,2021-05-20,4.0,7.0,9.0,9.0,10.0,12.0,13.0,15.0,16.0,17.0,18.0,21.0,26.0,inferred
Aberdeenshire,2021-05-21,4.0,7.0,9.0,10.0,11.0,12.0,13.0,14.0,16.0,17.0,19.0,21.1,27.0,inferred
Aberdeenshire,2021-05-22,3.0,6.0,8.0,9.0,9.0,11.0,12.0,13.0,15.0,16.0,17.0,20.0,25.5,inferred
Aberdeenshire,2021-05-23,3.0,5.0,6.8,7.0,8.0,9.0,10.0,12.0,14.0,15.0,16.0,19.0,24.0,inferred
Aberdeenshire,2021-05-24,2.0,4.0,5.0,6.0,6.0,7.0,8.0,9.0,11.0,11.0,12.0,15.0,19.0,inferred
Aberdeenshire,2021-05-25,2.0,4.0,5.0,6.0,7.0,8.0,9.0,10.0,12.0,13.0,13.0,16.0,21.0,inferred
Aberdeenshire,2021-05-26,4.0,6.0,8.0,9.0,10.0,11.0,12.0,14.0,15.0,16.0,17.0,21.0,26.0,inferred
Aberdeenshire,2021-05-27,4.0,6.0,8.0,9.0,10.0,11.0,12.0,14.0,16.0,16.2,18.0,21.0,25.0,inferred
Aberdeenshire,2021-05-28,4.0,7.0,9.0,10.0,11.0,12.0,13.0,15.0,16.0,18.0,19.0,22.0,27.0,inferred
Aberdeenshire,2021-05-29,4.0,6.0,8.0,9.0,10.0,11.0,13.0,14.0,16.0,17.0,18.0,21.0,26.0,inferred
Aberdeenshire,2021-05-30,3.0,6.0,8.0,8.0,9.0,10.0,11.0,13.0,15.0,16.0,17.0,20.0,25.0,inferred
Aberdeenshire,2021-05-31,2.0,4.0,6.0,6.0,7.0,8.0,9.0,11.0,13.0,14.0,15.0,17.0,22.0,inferred
Aberdeenshire,2021-06-01,3.0,6.0,7.0,8.0,9.0,10.0,11.0,13.0,15.0,15.0,17.0,20.0,24.5,inferred
Aberdeenshire,2021-06-02,6.0,10.0,12.0,13.0,14.0,16.0,17.0,19.0,21.0,22.0,24.0,27.0,33.5,inferred
Aberdeenshire,2021-06-03,8.0,11.0,13.0,14.0,15.0,17.0,18.0,20.0,22.0,23.0,25.0,29.0,35.0,inferred
Aberdeenshire,2021-06-04,9.0,13.0,16.0,17.0,18.0,20.0,21.0,23.0,26.0,27.0,28.0,33.0,40.0,inferred
Aberdeenshire,2021-06-05,10.0,14.0,17.0,18.0,19.0,21.0,22.0,24.0,26.0,28.0,29.0,33.0,39.5,inferred
Aberdeenshire,2021-06-06,9.0,13.0,16.0,17.0,18.0,19.0,21.0,23.0,25.0,26.0,28.0,32.0,38.0,inferred
Aberdeenshire,2021-06-07,8.0,11.0,13.0,15.0,15.7,17.0,19.0,21.0,23.0,24.0,25.0,29.0,37.0,inferred
Aberdeenshire,2021-06-08,10.0,14.0,16.0,18.0,19.0,20.0,22.0,24.0,26.0,28.0,29.0,33.0,39.0,inferred
Aberdeenshire,2021-06-09,18.0,23.0,26.0,28.0,29.0,31.0,33.0,36.0,39.0,40.0,42.0,47.0,55.0,inferred
Aberdeenshire,2021-06-10,18.5,24.0,27.0,29.0,30.0,33.0,35.0,38.0,40.0,42.0,43.0,48.0,57.0,inferred
Aberdeenshire,2021-06-11,24.0,28.0,32.0,34.0,35.0,37.0,40.0,43.0,45.0,47.0,49.0,54.0,61.5,inferred
Aberdeenshire,2021-06-12,22.0,30.0,33.0,35.0,36.0,39.0,42.0,45.0,48.0,49.0,51.0,57.0,65.0,inferred
Aberdeenshire,2021-06-13,21.0,27.0,31.0,33.0,34.0,37.0,39.0,42.0,45.0,46.2,48.0,53.0,62.0,inferred
Aberdeenshire,2021-06-14,20.0,25.0,29.0,30.0,31.0,33.0,36.0,38.0,41.0,43.0,44.0,50.0,59.0,inferred
Aberdeenshire,2021-06-15,24.0,30.0,34.0,36.0,37.0,40.0,42.0,45.0,48.0,50.0,52.0,57.0,65.5,inferred
Aberdeenshire,2021-06-16,38.0,46.0,51.0,53.0,55.0,59.0,62.0,66.0,69.0,71.0,73.0,80.0,91.0,inferred
Aberdeenshire,2021-06-17,40.0,47.0,52.0,54.0,56.0,60.0,63.0,67.0,71.0,73.0,76.0,82.0,94.5,inferred
Aberdeenshire,2021-06-18,46.0,53.0,59.0,61.0,64.0,68.0,72.0,75.0,79.0,82.0,85.0,94.0,104.0,inferred
Adur,2021-03-06,0.0,0.0,0.0,0.0,0.0,1.0,1.0,1.0,2.0,2.0,2.0,3.0,4.0,inferred
Adur,2021-03-07,0.0,0.0,0.0,0.0,1.0,1.0,1.0,1.0,2.0,2.0,2.0,3.0,4.0,inferred
Adur,2021-03-08,0.0,0.0,1.0,1.0,1.0,1.0,2.0,2.0,3.0,3.0,3.0,4.0,5.0,inferred
Adur,2021-03-09,0.0,0.0,1.0,1.0,1.0,1.0,2.0,2.0,3.0,3.0,3.0,4.0,5.0,inferred
Adur,2021-03-10,0.0,0.0,1.0,1.0,1.0,1.0,2.0,2.0,3.0,3.0,3.0,4.0,6.0,inferred
Adur,2021-03-11,0.0,0.0,1.0,1.0,1.0,1.0,2.0,2.0,3.0,3.0,3.0,4.0,6.0,inferred
Adur,2021-03-12,0.0,0.0,1.0,1.0,1.0,1.0,2.0,2.0,2.0,3.0,3.0,4.0,5.0,inferred
Adur,2021-03-13,0.0,0.0,0.0,1.0,1.0,1.0,1.0,2.0,2.0,2.0,3.0,3.0,5.0,inferred
Adur,2021-03-14,0.0,0.0,1.0,1.0,1.0,1.0,2.0,2.0,2.0,3.0,3.0,4.0,5.0,inferred
Adur,2021-03-15,0.0,0.0,1.0,1.0,1.0,1.0,2.0,2.0,3.0,3.0,3.0,4.0,6.0,inferred
Adur,2021-03-16,0.0,0.0,1.0,1.0,1.0,1.0,2.0,2.0,3.0,3.0,3.0,4.0,5.0,inferred
Adur,2021-03-17,0.0,0.0,1.0,1.0,1.0,1.0,2.0,2.0,3.0,3.0,3.0,4.0,6.0,inferred
Adur,2021-03-18,0.0,0.0,1.0,1.0,1.0,1.0,2.0,2.0,2.0,3.0,3.0,4.0,5.0,inferred
Adur,2021-03-19,0.0,0.0,0.0,1.0,1.0,1.0,1.0,2.0,2.0,2.0,3.0,3.0,5.0,inferred
Adur,2021-03-20,0.0,0.0,0.0,0.0,0.0,1.0,1.0,1.0,2.0,2.0,2.0,3.0,4.0,inferred
Adur,2021-03-21,0.0,0.0,0.0,0.8,1.0,1.0,1.0,2.0,2.0,2.0,2.0,3.0,5.0,inferred
Adur,2021-03-22,0.0,0.0,0.0,1.0,1.0,1.0,2.0,2.0,2.0,3.0,3.0,4.0,5.0,inferred
Adur,2021-03-23,0.0,0.0,0.0,1.0,1.0,1.0,1.0,2.0,2.0,2.0,3.0,3.0,5.0,inferred
Adur,2021-03-24,0.0,0.0,0.0,1.0,1.0,1.0,2.0,2.0,2.0,3.0,3.0,4.0,5.0,inferred
Adur,2021-03-25,0.0,0.0,0.0,1.0,1.0,1.0,1.0,2.0,2.0,2.0,3.0,4.0,5.0,inferred
Adur,2021-03-26,0.0,0.0,0.0,0.0,1.0,1.0,1.0,1.0,2.0,2.0,2.0,3.0,4.0,inferred
Adur,2021-03-27,0.0,0.0,0.0,0.0,0.0,1.0,1.0,1.0,1.0,2.0,2.0,3.0,4.0,inferred
Adur,2021-03-28,0.0,0.0,0.0,0.0,1.0,1.0,1.0,1.0,2.0,2.0,2.0,3.0,5.0,inferred
Adur,2021-03-29,0.0,0.0,0.0,0.0,1.0,1.0,1.0,2.0,2.0,2.0,3.0,3.0,5.0,inferred
Adur,2021-03-30,0.0,0.0,0.0,0.0,1.0,1.0,1.0,2.0,2.0,2.0,3.0,3.0,5.0,inferred
Adur,2021-03-31,0.0,0.0,0.0,1.0,1.0,1.0,1.0,2.0,2.0,2.0,3.0,3.0,5.0,inferred
Adur,2021-04-01,0.0,0.0,0.0,0.0,1.0,1.0,1.0,2.0,2.0,2.0,3.0,3.0,5.0,inferred
Adur,2021-04-02,0.0,0.0,0.0,0.0,0.0,1.0,1.0,1.0,2.0,2.0,2.0,3.0,4.0,inferred
Adur,2021-04-03,0.0,0.0,0.0,0.0,0.0,1.0,1.0,1.0,1.0,2.0,2.0,3.0,4.0,inferred
Adur,2021-04-04,0.0,0.0,0.0,0.0,0.0,1.0,1.0,1.0,1.0,2.0,2.0,3.0,4.0,inferred
Adur,2021-04-05,0.0,0.0,0.0,0.0,1.0,1.0,1.0,1.4,2.0,2.0,2.0,3.0,4.0,inferred
Adur,2021-04-06,0.0,0.0,0.0,0.0,1.0,1.0,1.0,1.0,2.0,2.0,2.0,3.0,5.0,inferred
Adur,2021-04-07,0.0,0.0,0.0,0.0,1.0,1.0,1.0,1.0,2.0,2.0,2.0,3.0,5.0,inferred
Adur,2021-04-08,0.0,0.0,0.0,0.0,0.0,1.0,1.0,1.0,2.0,2.0,2.0,3.0,4.0,inferred
Adur,2021-04-09,0.0,0.0,0.0,0.0,0.0,1.0,1.0,1.0,1.0,2.0,2.0,3.0,4.0,inferred
Adur,2021-04-10,0.0,0.0,0.0,0.0,0.0,0.0,1.0,1.0,1.0,1.0,2.0,2.0,3.0,inferred
Adur,2021-04-11,0.0,0.0,0.0,0.0,0.0,0.0,1.0,1.0,1.0,2.0,2.0,2.0,4.0,inferred
Adur,2021-04-12,0.0,0.0,0.0,0.0,0.0,1.0,1.0,1.0,2.0,2.0,2.0,3.0,4.0,inferred
Adur,2021-04-13,0.0,0.0,0.0,0.0,0.0,1.0,1.0,1.0,2.0,2.0,2.0,3.0,4.0,inferred
Adur,2021-04-14,0.0,0.0,0.0,0.0,0.0,1.0,1.0,1.0,2.0,2.0,2.0,3.0,4.0,inferred
Adur,2021-04-15,0.0,0.0,0.0,0.0,0.0,1.0,1.0,1.0,2.0,2.0,2.0,3.0,4.0,inferred
Adur,2021-04-16,0.0,0.0,0.0,0.0,0.0,1.0,1.0,1.0,2.0,2.0,2.0,3.0,4.0,inferred
Adur,2021-04-17,0.0,0.0,0.0,0.0,0.0,0.0,1.0,1.0,1.0,1.0,2.0,2.0,4.0,inferred
Adur,2021-04-18,0.0,0.0,0.0,0.0,0.0,1.0,1.0,1.0,2.0,2.0,2.0,3.0,4.0,inferred
Adur,2021-04-19,0.0,0.0,0.0,0.0,1.0,1.0,1.0,2.0,2.0,2.0,2.0,3.0,5.0,inferred
Adur,2021-04-20,0.0,0.0,0.0,1.0,1.0,1.0,1.0,2.0,2.0,2.0,2.0,3.0,4.0,inferred
Adur,2021-04-21,0.0,0.0,0.0,0.0,1.0,1.0,1.0,2.0,2.0,2.0,3.0,3.0,5.0,inferred
Adur,2021-04-22,0.0,0.0,0.0,0.0,1.0,1.0,1.0,2.0,2.0,2.0,2.0,3.0,5.0,inferred
Adur,2021-04-23,0.0,0.0,0.0,0.0,0.0,1.0,1.0,1.0,2.0,2.0,2.0,3.0,4.0,inferred
Adur,2021-04-24,0.0,0.0,0.0,0.0,0.0,0.0,1.0,1.0,1.0,2.0,2.0,3.0,4.0,inferred
Adur,2021-04-25,0.0,0.0,0.0,0.0,0.0,1.0,1.0,1.0,2.0,2.0,2.0,3.0,4.0,inferred
Adur,2021-04-26,0.0,0.0,0.0,0.0,1.0,1.0,1.0,2.0,2.0,2.0,2.0,3.0,5.0,inferred
Adur,2021-04-27,0.0,0.0,0.0,0.0,1.0,1.0,1.0,2.0,2.0,2.0,2.0,3.0,5.0,inferred
Adur,2021-04-28,0.0,0.0,0.0,1.0,1.0,1.0,1.0,2.0,2.0,2.0,2.0,3.0,5.0,inferred
Adur,2021-04-29,0.0,0.0,0.0,0.0,1.0,1.0,1.0,2.0,2.0,2.0,2.0,3.0,4.0,inferred
Adur,2021-04-30,0.0,0.0,0.0,0.0,0.0,1.0,1.0,1.0,2.0,2.0,2.0,3.0,4.0,inferred
Adur,2021-05-01,0.0,0.0,0.0,0.0,0.0,1.0,1.0,1.0,1.0,2.0,2.0,3.0,4.0,inferred
Adur,2021-05-02,0.0,0.0,0.0,0.0,0.0,1.0,1.0,1.0,2.0,2.0,2.0,3.0,4.0,inferred
Adur,2021-05-03,0.0,0.0,0.0,0.0,1.0,1.0,1.0,2.0,2.0,2.0,2.0,3.0,4.0,inferred
Adur,2021-05-04,0.0,0.0,0.0,0.0,1.0,1.0,1.0,1.0,2.0,2.0,2.0,3.0,4.5,inferred
Adur,2021-05-05,0.0,0.0,0.0,0.0,1.0,1.0,1.0,2.0,2.0,2.0,2.0,3.0,5.0,inferred
Adur,2021-05-06,0.0,0.0,0.0,0.0,1.0,1.0,1.0,1.0,2.0,2.0,2.0,3.0,4.0,inferred
Adur,2021-05-07,0.0,0.0,0.0,0.0,0.0,1.0,1.0,1.0,2.0,2.0,2.0,3.0,4.0,inferred
Adur,2021-05-08,0.0,0.0,0.0,0.0,0.0,0.0,1.0,1.0,1.0,2.0,2.0,2.0,3.0,inferred
Adur,2021-05-09,0.0,0.0,0.0,0.0,0.0,1.0,1.0,1.0,2.0,2.0,2.0,3.0,4.0,inferred
Adur,2021-05-10,0.0,0.0,0.0,0.0,0.0,1.0,1.0,1.0,2.0,2.0,2.0,3.0,4.5,inferred
Adur,2021-05-11,0.0,0.0,0.0,0.0,0.0,1.0,1.0,1.0,2.0,2.0,2.0,3.0,4.0,inferred
Adur,2021-05-12,0.0,0.0,0.0,0.0,0.0,1.0,1.0,1.0,2.0,2.0,2.0,3.0,4.0,inferred
Adur,2021-05-13,0.0,0.0,0.0,0.0,0.0,1.0,1.0,1.0,2.0,2.0,2.0,3.0,4.0,inferred
Adur,2021-05-14,0.0,0.0,0.0,0.0,0.0,0.0,1.0,1.0,1.0,2.0,2.0,2.0,4.0,inferred
Adur,2021-05-15,0.0,0.0,0.0,0.0,0.0,0.0,1.0,1.0,1.0,1.0,1.0,2.0,3.0,inferred
Adur,2021-05-16,0.0,0.0,0.0,0.0,0.0,0.0,1.0,1.0,1.0,1.0,2.0,2.0,4.0,inferred
Adur,2021-05-17,0.0,0.0,0.0,0.0,0.0,0.0,1.0,1.0,1.0,2.0,2.0,3.0,4.0,inferred
Adur,2021-05-18,0.0,0.0,0.0,0.0,0.0,0.0,1.0,1.0,1.0,1.2,2.0,2.0,4.0,inferred
Adur,2021-05-19,0.0,0.0,0.0,0.0,0.0,1.0,1.0,1.0,1.0,1.0,2.0,2.0,4.0,inferred
Adur,2021-05-20,0.0,0.0,0.0,0.0,0.0,0.0,1.0,1.0,1.0,1.0,2.0,2.0,4.0,inferred
Adur,2021-05-21,0.0,0.0,0.0,0.0,0.0,0.0,1.0,1.0,1.0,1.0,2.0,2.0,3.0,inferred
Adur,2021-05-22,0.0,0.0,0.0,0.0,0.0,0.0,0.0,1.0,1.0,1.0,1.0,2.0,3.0,inferred
Adur,2021-05-23,0.0,0.0,0.0,0.0,0.0,0.0,1.0,1.0,1.0,1.0,1.0,2.0,3.0,inferred
Adur,2021-05-24,0.0,0.0,0.0,0.0,0.0,0.0,1.0,1.0,1.0,2.0,2.0,2.0,4.0,inferred
Adur,2021-05-25,0.0,0.0,0.0,0.0,0.0,0.0,1.0,1.0,1.0,2.0,2.0,2.0,3.0,inferred
Adur,2021-05-26,0.0,0.0,0.0,0.0,0.0,1.0,1.0,1.0,1.0,2.0,2.0,3.0,4.0,inferred
Adur,2021-05-27,0.0,0.0,0.0,0.0,0.0,1.0,1.0,1.0,2.0,2.0,2.0,3.0,4.0,inferred
Adur,2021-05-28,0.0,0.0,0.0,0.0,0.0,1.0,1.0,1.0,1.0,2.0,2.0,2.0,4.0,inferred
Adur,2021-05-29,0.0,0.0,0.0,0.0,0.0,1.0,1.0,1.0,1.0,2.0,2.0,3.0,4.0,inferred
Adur,2021-05-30,0.0,0.0,0.0,0.0,0.0,1.0,1.0,1.0,2.0,2.0,2.0,3.0,4.0,inferred
Adur,2021-05-31,0.0,0.0,0.0,0.0,1.0,1.0,1.0,2.0,2.0,2.0,3.0,3.0,5.0,inferred
Adur,2021-06-01,0.0,0.0,0.0,1.0,1.0,1.0,1.0,2.0,2.0,2.0,3.0,3.0,5.0,inferred
Adur,2021-06-02,0.0,0.0,0.0,1.0,1.0,1.0,1.0,2.0,2.0,3.0,3.0,4.0,5.0,inferred
Adur,2021-06-03,0.0,0.0,0.0,1.0,1.0,1.0,1.0,2.0,2.0,2.0,3.0,4.0,5.0,inferred
Adur,2021-06-04,0.0,0.0,0.0,1.0,1.0,1.0,1.0,2.0,2.0,2.0,3.0,3.0,5.0,inferred
Adur,2021-06-05,0.0,0.0,0.0,0.0,1.0,1.0,1.0,2.0,2.0,2.0,2.0,3.0,5.0,inferred
Adur,2021-06-06,0.0,0.0,1.0,1.0,1.0,1.0,2.0,2.0,2.0,3.0,3.0,4.0,6.0,inferred
Adur,2021-06-07,0.0,0.0,1.0,1.0,1.0,2.0,2.0,3.0,3.0,3.0,4.0,5.0,7.0,inferred
Adur,2021-06-08,0.0,0.0,1.0,1.0,1.0,2.0,2.0,3.0,3.0,4.0,4.0,5.0,7.0,inferred
Adur,2021-06-09,0.0,1.0,1.0,2.0,2.0,2.0,3.0,3.0,4.0,4.0,4.0,5.0,7.0,inferred
Adur,2021-06-10,0.0,1.0,1.0,2.0,2.0,2.0,3.0,3.0,4.0,4.0,5.0,6.0,8.0,inferred
Adur,2021-06-11,0.0,1.0,1.0,2.0,2.0,2.0,3.0,3.0,4.0,4.0,5.0,6.0,8.0,inferred
Adur,2021-06-12,0.0,1.0,1.0,1.0,2.0,2.0,3.0,3.0,4.0,4.0,4.0,5.0,7.0,inferred
Adur,2021-06-13,0.0,1.0,2.0,2.0,3.0,3.0,4.0,4.0,5.0,5.0,6.0,7.0,9.0,inferred
Adur,2021-06-14,1.0,2.0,3.0,4.0,4.0,5.0,5.0,6.0,7.0,7.0,8.0,9.0,11.0,inferred
Adur,2021-06-15,1.0,3.0,4.0,4.0,4.0,5.0,6.0,6.0,7.0,8.0,8.0,10.0,12.0,inferred
Adur,2021-06-16,2.0,3.0,4.0,5.0,5.0,6.0,7.0,7.0,8.0,9.0,9.0,11.0,13.0,inferred
Adur,2021-06-17,2.0,3.0,5.0,5.0,5.0,6.0,7.0,8.0,9.0,9.0,10.0,11.0,13.5,inferred
Adur,2021-06-18,2.0,3.0,4.0,5.0,5.0,6.0,6.0,7.0,8.0,8.0,9.0,11.0,14.0,inferred
Allerdale,2021-03-06,1.0,2.0,3.0,4.0,4.0,5.0,6.0,6.0,7.0,8.0,8.0,10.0,13.0,inferred
Allerdale,2021-03-07,1.0,3.0,4.0,4.0,5.0,5.0,6.0,7.0,8.0,8.0,9.0,11.0,14.0,inferred
Allerdale,2021-03-08,2.0,4.0,5.0,5.0,6.0,7.0,8.0,9.0,10.0,11.0,11.0,13.0,16.0,inferred
Allerdale,2021-03-09,2.0,3.0,4.0,5.0,5.0,6.0,7.0,8.0,9.0,9.0,10.0,12.0,14.0,inferred
Allerdale,2021-03-10,2.0,3.0,4.0,5.0,5.0,6.0,7.0,7.0,9.0,9.0,10.0,12.0,15.0,inferred
Allerdale,2021-03-11,1.0,3.0,4.0,4.0,5.0,5.0,6.0,7.0,8.0,8.0,9.0,11.0,14.0,inferred
Allerdale,2021-03-12,1.0,2.0,3.0,3.8,4.0,5.0,5.0,6.0,7.0,7.0,8.0,10.0,12.0,inferred
Allerdale,2021-03-13,0.0,2.0,2.0,3.0,3.0,3.0,4.0,5.0,6.0,6.0,7.0,8.0,11.0,inferred
Allerdale,2021-03-14,1.0,2.0,3.0,3.0,3.0,4.0,5.0,5.0,6.0,7.0,7.0,9.0,11.0,inferred
Allerdale,2021-03-15,1.0,2.0,3.0,4.0,4.0,5.0,6.0,6.0,7.0,8.0,9.0,10.0,14.0,inferred
Allerdale,2021-03-16,1.0,2.0,3.0,3.0,4.0,4.0,5.0,6.0,7.0,7.0,8.0,10.0,12.0,inferred
Allerdale,2021-03-17,1.0,2.0,3.0,3.0,4.0,4.0,5.0,6.0,7.0,7.0,8.0,10.0,13.0,inferred
Allerdale,2021-03-18,1.0,2.0,3.0,3.0,3.0,4.0,5.0,6.0,6.0,7.0,7.0,9.0,12.0,inferred
Allerdale,2021-03-19,0.0,1.0,2.0,2.0,3.0,3.0,4.0,5.0,6.0,6.0,7.0,8.0,11.0,inferred
Allerdale,2021-03-20,0.0,1.0,1.0,2.0,2.0,3.0,3.0,4.0,5.0,5.0,5.0,7.0,10.0,inferred
Allerdale,2021-03-21,0.0,1.0,2.0,2.0,3.0,3.0,4.0,4.0,5.0,5.0,6.0,8.0,10.0,inferred
Allerdale,2021-03-22,1.0,2.0,3.0,3.0,4.0,4.0,5.0,6.0,6.0,7.0,8.0,9.0,12.0,inferred
Allerdale,2021-03-23,0.0,1.0,2.0,3.0,3.0,4.0,4.0,5.0,6.0,6.0,7.0,9.0,11.0,inferred
Allerdale,2021-03-24,1.0,2.0,2.0,3.0,3.0,4.0,4.0,5.0,6.0,6.0,7.0,8.0,11.0,inferred
Allerdale,2021-03-25,0.0,1.0,2.0,2.0,2.0,3.0,4.0,4.0,5.0,6.0,6.0,8.0,10.0,inferred
Allerdale,2021-03-26,0.0,1.0,1.0,2.0,2.0,3.0,3.0,4.0,5.0,5.0,6.0,7.0,9.0,inferred
Allerdale,2021-03-27,0.0,0.0,1.0,1.0,2.0,2.0,3.0,3.0,4.0,4.0,5.0,6.0,8.0,inferred
Allerdale,2021-03-28,0.0,1.0,1.0,1.0,2.0,2.0,3.0,3.0,4.0,4.0,5.0,6.0,8.0,inferred
Allerdale,2021-03-29,0.0,1.0,2.0,2.0,2.0,3.0,3.0,4.0,5.0,5.0,6.0,7.0,10.0,inferred
Allerdale,2021-03-30,0.0,1.0,1.0,2.0,2.0,3.0,3.0,4.0,4.0,5.0,5.0,7.0,9.0,inferred
Allerdale,2021-03-31,0.0,1.0,2.0,2.0,2.0,3.0,3.0,4.0,4.0,5.0,5.0,7.0,9.0,inferred
Allerdale,2021-04-01,0.0,1.0,1.0,1.0,1.0,2.0,3.0,3.0,4.0,4.0,5.0,6.0,8.0,inferred
Allerdale,2021-04-02,0.0,0.0,1.0,1.0,1.0,2.0,2.0,3.0,3.0,4.0,4.0,5.0,7.0,inferred
Allerdale,2021-04-03,0.0,0.0,0.0,1.0,1.0,1.0,2.0,2.0,3.0,3.0,3.0,4.0,6.0,inferred
Allerdale,2021-04-04,0.0,0.0,1.0,1.0,1.0,1.0,2.0,2.0,3.0,3.0,4.0,5.0,7.0,inferred
Allerdale,2021-04-05,0.0,0.0,1.0,1.0,1.0,2.0,2.0,3.0,3.0,4.0,4.0,5.0,8.0,inferred
Allerdale,2021-04-06,0.0,0.0,1.0,1.0,1.0,2.0,2.0,2.0,3.0,3.0,4.0,5.0,7.0,inferred
Allerdale,2021-04-07,0.0,0.0,1.0,1.0,1.0,1.0,2.0,2.0,3.0,3.0,4.0,5.0,7.0,inferred
Allerdale,2021-04-08,0.0,0.0,0.0,1.0,1.0,1.0,2.0,2.0,3.0,3.0,3.0,4.0,7.0,inferred
Allerdale,2021-04-09,0.0,0.0,0.0,0.0,1.0,1.0,1.0,2.0,2.0,3.0,3.0,4.0,6.0,inferred
Allerdale,2021-04-10,0.0,0.0,0.0,0.0,0.0,1.0,1.0,1.0,2.0,2.0,2.0,3.0,5.0,inferred
Allerdale,2021-04-11,0.0,0.0,0.0,0.0,0.0,1.0,1.0,1.0,2.0,2.0,2.0,3.0,5.0,inferred
Allerdale,2021-04-12,0.0,0.0,0.0,0.0,1.0,1.0,1.0,2.0,2.0,2.0,3.0,4.0,6.0,inferred
Allerdale,2021-04-13,0.0,0.0,0.0,0.0,1.0,1.0,1.0,2.0,2.0,2.0,3.0,4.0,5.0,inferred
Allerdale,2021-04-14,0.0,0.0,0.0,0.0,0.0,1.0,1.0,1.0,2.0,2.0,3.0,4.0,5.0,inferred
Allerdale,2021-04-15,0.0,0.0,0.0,0.0,0.0,1.0,1.0,1.0,2.0,2.0,2.0,3.0,5.0,inferred
Allerdale,2021-04-16,0.0,0.0,0.0,0.0,0.0,0.0,1.0,1.0,1.0,2.0,2.0,3.0,4.0,inferred
Allerdale,2021-04-17,0.0,0.0,0.0,0.0,0.0,0.0,0.0,1.0,1.0,1.0,2.0,2.0,4.0,inferred
Allerdale,2021-04-18,0.0,0.0,0.0,0.0,0.0,0.0,0.0,1.0,1.0,1.0,2.0,2.0,4.0,inferred
Allerdale,2021-04-19,0.0,0.0,0.0,0.0,0.0,0.0,1.0,1.0,1.0,2.0,2.0,3.0,4.0,inferred
Allerdale,2021-04-20,0.0,0.0,0.0,0.0,0.0,0.0,1.0,1.0,1.0,1.0,2.0,2.0,4.0,inferred
Allerdale,2021-04-21,0.0,0.0,0.0,0.0,0.0,0.0,1.0,1.0,1.0,1.0,2.0,2.0,4.0,inferred
Allerdale,2021-04-22,0.0,0.0,0.0,0.0,0.0,0.0,0.0,1.0,1.0,1.0,2.0,2.0,4.0,inferred
Allerdale,2021-04-23,0.0,0.0,0.0,0.0,0.0,0.0,0.0,1.0,1.0,1.0,1.0,2.0,3.0,inferred
Allerdale,2021-04-24,0.0,0.0,0.0,0.0,0.0,0.0,0.0,0.0,1.0,1.0,1.0,2.0,3.0,inferred
Allerdale,2021-04-25,0.0,0.0,0.0,0.0,0.0,0.0,0.0,0.0,1.0,1.0,1.0,2.0,3.0,inferred
Allerdale,2021-04-26,0.0,0.0,0.0,0.0,0.0,0.0,0.0,1.0,1.0,1.0,1.0,2.0,4.0,inferred
Allerdale,2021-04-27,0.0,0.0,0.0,0.0,0.0,0.0,0.0,0.0,1.0,1.0,1.0,2.0,3.0,inferred
Allerdale,2021-04-28,0.0,0.0,0.0,0.0,0.0,0.0,0.0,0.0,1.0,1.0,1.0,2.0,3.0,inferred
Allerdale,2021-04-29,0.0,0.0,0.0,0.0,0.0,0.0,0.0,0.0,1.0,1.0,1.0,2.0,4.0,inferred
Allerdale,2021-04-30,0.0,0.0,0.0,0.0,0.0,0.0,0.0,0.0,1.0,1.0,1.0,2.0,3.0,inferred
Allerdale,2021-05-01,0.0,0.0,0.0,0.0,0.0,0.0,0.0,0.0,0.0,1.0,1.0,1.1,3.0,inferred
Allerdale,2021-05-02,0.0,0.0,0.0,0.0,0.0,0.0,0.0,0.0,1.0,1.0,1.0,2.0,3.0,inferred
Allerdale,2021-05-03,0.0,0.0,0.0,0.0,0.0,0.0,0.0,0.0,1.0,1.0,1.0,2.0,3.0,inferred
Allerdale,2021-05-04,0.0,0.0,0.0,0.0,0.0,0.0,0.0,0.0,1.0,1.0,1.0,2.0,3.0,inferred
Allerdale,2021-05-05,0.0,0.0,0.0,0.0,0.0,0.0,0.0,0.0,1.0,1.0,1.0,2.0,3.0,inferred
Allerdale,2021-05-06,0.0,0.0,0.0,0.0,0.0,0.0,0.0,0.0,1.0,1.0,1.0,2.0,3.0,inferred
Allerdale,2021-05-07,0.0,0.0,0.0,0.0,0.0,0.0,0.0,0.0,1.0,1.0,1.0,2.0,3.0,inferred
Allerdale,2021-05-08,0.0,0.0,0.0,0.0,0.0,0.0,0.0,0.0,1.0,1.0,1.0,2.0,3.0,inferred
Allerdale,2021-05-09,0.0,0.0,0.0,0.0,0.0,0.0,0.0,0.0,1.0,1.0,1.0,2.0,3.0,inferred
Allerdale,2021-05-10,0.0,0.0,0.0,0.0,0.0,0.0,0.0,1.0,1.0,1.0,1.0,2.0,3.0,inferred
Allerdale,2021-05-11,0.0,0.0,0.0,0.0,0.0,0.0,0.0,1.0,1.0,1.0,1.0,2.0,4.0,inferred
Allerdale,2021-05-12,0.0,0.0,0.0,0.0,0.0,0.0,0.0,1.0,1.0,1.0,1.0,2.0,4.0,inferred
Allerdale,2021-05-13,0.0,0.0,0.0,0.0,0.0,0.0,0.0,1.0,1.0,1.0,1.0,2.0,4.0,inferred
Allerdale,2021-05-14,0.0,0.0,0.0,0.0,0.0,0.0,0.0,1.0,1.0,1.0,1.0,2.0,4.0,inferred
Allerdale,2021-05-15,0.0,0.0,0.0,0.0,0.0,0.0,0.0,0.0,1.0,1.0,1.0,2.0,3.0,inferred
Allerdale,2021-05-16,0.0,0.0,0.0,0.0,0.0,0.0,0.0,1.0,1.0,1.0,1.0,2.0,3.0,inferred
Allerdale,2021-05-17,0.0,0.0,0.0,0.0,0.0,0.0,1.0,1.0,1.0,1.0,2.0,2.0,4.0,inferred
Allerdale,2021-05-18,0.0,0.0,0.0,0.0,0.0,0.0,1.0,1.0,1.0,1.0,2.0,2.0,4.0,inferred
Allerdale,2021-05-19,0.0,0.0,0.0,0.0,0.0,0.0,1.0,1.0,1.0,2.0,2.0,3.0,4.0,inferred
Allerdale,2021-05-20,0.0,0.0,0.0,0.0,0.0,0.0,1.0,1.0,1.0,2.0,2.0,3.0,4.0,inferred
Allerdale,2021-05-21,0.0,0.0,0.0,0.0,0.0,0.0,1.0,1.0,1.0,1.0,2.0,3.0,4.0,inferred
Allerdale,2021-05-22,0.0,0.0,0.0,0.0,0.0,0.0,0.0,1.0,1.0,1.0,1.0,2.0,4.0,inferred
Allerdale,2021-05-23,0.0,0.0,0.0,0.0,0.0,0.0,1.0,1.0,1.0,1.0,2.0,3.0,4.0,inferred
Allerdale,2021-05-24,0.0,0.0,0.0,0.0,0.0,1.0,1.0,1.0,2.0,2.0,3.0,3.0,5.0,inferred
Allerdale,2021-05-25,0.0,0.0,0.0,0.0,0.0,1.0,1.0,1.0,2.0,2.0,2.0,3.0,5.0,inferred
Allerdale,2021-05-26,0.0,0.0,0.0,0.0,1.0,1.0,1.0,2.0,2.0,2.0,3.0,4.0,6.0,inferred
Allerdale,2021-05-27,0.0,0.0,0.0,0.0,1.0,1.0,1.0,2.0,2.0,2.0,3.0,4.0,6.0,inferred
Allerdale,2021-05-28,0.0,0.0,0.0,0.0,0.0,1.0,1.0,1.0,2.0,2.0,3.0,3.1,5.0,inferred
Allerdale,2021-05-29,0.0,0.0,0.0,0.0,0.0,1.0,1.0,1.0,2.0,2.0,2.0,3.0,5.0,inferred
Allerdale,2021-05-30,0.0,0.0,0.0,0.0,1.0,1.0,1.0,2.0,2.0,2.0,3.0,4.0,5.5,inferred
Allerdale,2021-05-31,0.0,0.0,1.0,1.0,1.0,1.0,2.0,2.0,3.0,3.0,4.0,5.0,7.0,inferred
Allerdale,2021-06-01,0.0,0.0,1.0,1.0,1.0,1.0,2.0,2.0,3.0,3.0,4.0,5.0,7.0,inferred
Allerdale,2021-06-02,0.0,0.0,1.0,1.0,1.0,2.0,2.0,3.0,3.0,4.0,4.0,5.0,8.0,inferred
Allerdale,2021-06-03,0.0,0.0,1.0,1.0,1.0,2.0,2.0,3.0,4.0,4.0,4.0,6.0,8.0,inferred
Allerdale,2021-06-04,0.0,0.0,1.0,1.0,1.0,2.0,2.0,3.0,4.0,4.0,4.0,6.0,8.0,inferred
Allerdale,2021-06-05,0.0,0.0,1.0,1.0,1.0,2.0,2.0,3.0,3.0,4.0,4.0,5.0,8.0,inferred
Allerdale,2021-06-06,0.0,0.0,1.0,1.0,2.0,2.0,3.0,3.0,4.0,4.0,5.0,6.0,8.0,inferred
Allerdale,2021-06-07,0.0,1.0,2.0,2.0,3.0,3.0,4.0,5.0,5.0,6.0,6.0,8.0,10.5,inferred
Allerdale,2021-06-08,0.0,1.0,2.0,2.0,3.0,3.0,4.0,5.0,5.0,6.0,6.0,8.0,11.0,inferred
Allerdale,2021-06-09,1.0,2.0,2.0,3.0,3.0,4.0,4.0,5.0,6.0,7.0,7.0,9.0,12.0,inferred
Allerdale,2021-06-10,0.0,1.0,2.0,3.0,3.0,4.0,4.0,5.0,6.0,6.0,7.0,8.0,11.0,inferred
Allerdale,2021-06-11,0.0,2.0,2.0,3.0,3.0,4.0,4.0,5.0,6.0,7.0,7.0,9.0,11.5,inferred
Allerdale,2021-06-12,0.0,1.0,2.0,2.0,3.0,3.0,4.0,5.0,6.0,6.0,7.0,8.0,11.0,inferred
Allerdale,2021-06-13,1.0,2.0,3.0,3.0,4.0,4.0,5.0,6.0,7.0,7.0,8.0,9.0,12.0,inferred
Allerdale,2021-06-14,2.0,3.0,4.0,5.0,5.0,6.0,7.0,8.0,9.0,10.0,10.0,12.0,16.0,inferred
Allerdale,2021-06-15,2.0,3.0,4.0,5.0,5.0,6.0,7.0,8.0,9.0,10.0,10.0,12.0,16.0,inferred
Allerdale,2021-06-16,2.0,3.0,5.0,5.0,6.0,7.0,8.0,8.0,10.0,10.0,11.0,13.0,16.0,inferred
Allerdale,2021-06-17,2.0,3.0,4.0,5.0,5.0,6.0,7.0,8.0,9.0,10.0,10.0,13.0,16.0,inferred
Allerdale,2021-06-18,2.0,3.0,4.0,5.0,5.0,6.0,7.0,8.0,9.0,10.0,10.0,12.0,16.0,inferred
Amber Valley,2021-03-06,3.0,4.0,5.0,6.0,6.0,7.0,8.0,9.0,10.0,10.0,11.0,12.0,15.0,inferred
Amber Valley,2021-03-07,4.0,5.0,6.0,7.0,7.0,8.0,9.0,10.0,11.0,11.0,12.0,14.0,17.0,inferred
Amber Valley,2021-03-08,5.0,7.0,8.0,9.0,9.0,10.0,11.0,12.0,13.0,14.0,15.0,16.0,19.0,inferred
Amber Valley,2021-03-09,4.0,6.0,8.0,8.0,9.0,10.0,11.0,11.0,12.0,13.0,14.0,16.0,19.0,inferred
Amber Valley,2021-03-10,4.0,6.0,8.0,8.0,9.0,10.0,11.0,12.0,13.0,13.0,14.0,16.0,18.0,inferred
Amber Valley,2021-03-11,3.0,5.0,6.0,7.0,8.0,8.0,9.0,10.0,11.0,12.0,12.0,14.0,17.0,inferred
Amber Valley,2021-03-12,3.0,4.0,6.0,6.0,7.0,7.0,8.0,9.0,10.0,10.0,11.0,13.0,16.0,inferred
Amber Valley,2021-03-13,2.0,3.0,4.0,4.0,5.0,5.0,6.0,7.0,8.0,8.0,9.0,10.0,13.0,inferred
Amber Valley,2021-03-14,2.0,4.0,5.0,5.0,6.0,6.0,7.0,8.0,9.0,9.0,10.0,11.0,14.0,inferred
Amber Valley,2021-03-15,3.0,5.0,6.0,7.0,7.0,8.0,9.0,10.0,11.0,12.0,12.0,14.0,17.0,inferred
Amber Valley,2021-03-16,3.0,5.0,6.0,6.0,7.0,8.0,8.0,9.0,10.0,11.0,12.0,13.0,16.0,inferred
Amber Valley,2021-03-17,3.0,5.0,6.0,7.0,7.0,8.0,9.0,10.0,11.0,11.0,12.0,14.0,16.0,inferred
Amber Valley,2021-03-18,3.0,4.0,5.0,5.0,6.0,7.0,7.0,8.0,9.0,10.0,10.0,12.0,15.0,inferred
Amber Valley,2021-03-19,2.0,3.0,4.0,5.0,5.0,6.0,7.0,7.0,8.0,9.0,9.0,11.0,13.0,inferred
Amber Valley,2021-03-20,1.0,2.0,3.0,4.0,4.0,5.0,5.0,6.0,7.0,7.0,8.0,9.0,11.0,inferred
Amber Valley,2021-03-21,2.0,3.0,4.0,4.0,5.0,5.0,6.0,7.0,8.0,8.0,9.0,10.0,12.0,inferred
Amber Valley,2021-03-22,2.0,4.0,5.0,6.0,6.0,7.0,7.5,8.0,9.0,10.0,10.0,12.0,14.0,inferred
Amber Valley,2021-03-23,2.0,4.0,5.0,5.0,6.0,6.0,7.0,8.0,9.0,9.0,10.0,12.0,14.0,inferred
Amber Valley,2021-03-24,2.0,4.0,5.0,5.0,5.0,6.0,7.0,7.0,8.0,9.0,10.0,11.0,14.0,inferred
Amber Valley,2021-03-25,1.0,3.0,4.0,4.0,4.0,5.0,6.0,6.0,7.0,8.0,8.0,9.0,12.0,inferred
Amber Valley,2021-03-26,1.0,2.0,3.0,3.0,3.0,4.0,5.0,5.0,6.0,7.0,7.0,9.0,11.0,inferred
Amber Valley,2021-03-27,0.0,1.0,2.0,2.0,2.0,3.0,3.0,4.0,5.0,5.0,5.0,7.0,8.0,inferred
Amber Valley,2021-03-28,0.0,1.0,2.0,2.0,3.0,3.0,4.0,4.0,5.0,5.0,6.0,7.0,9.0,inferred
Amber Valley,2021-03-29,1.0,2.0,3.0,3.0,3.0,4.0,4.0,5.0,6.0,6.0,7.0,8.0,10.0,inferred
Amber Valley,2021-03-30,1.0,1.0,2.0,2.0,3.0,3.0,4.0,4.0,5.0,5.2,6.0,7.0,10.0,inferred
Amber Valley,2021-03-31,0.0,1.0,2.0,2.0,3.0,3.0,4.0,4.0,5.0,5.0,6.0,7.0,9.0,inferred
Amber Valley,2021-04-01,0.0,1.0,1.0,2.0,2.0,2.0,3.0,3.0,4.0,4.0,5.0,6.0,8.0,inferred
Amber Valley,2021-04-02,0.0,1.0,1.0,1.0,2.0,2.0,2.0,3.0,3.0,4.0,4.0,5.0,7.0,inferred
Amber Valley,2021-04-03,0.0,0.0,1.0,1.0,1.0,1.0,2.0,2.0,3.0,3.0,3.0,4.0,6.0,inferred
Amber Valley,2021-04-04,0.0,0.0,1.0,1.0,1.0,1.0,2.0,2.0,3.0,3.0,3.0,4.0,6.0,inferred
Amber Valley,2021-04-05,0.0,0.0,1.0,1.0,1.0,2.0,2.0,3.0,3.0,3.0,4.0,5.0,7.0,inferred
Amber Valley,2021-04-06,0.0,0.0,1.0,1.0,1.0,1.0,2.0,2.0,3.0,3.0,3.0,4.0,6.0,inferred
Amber Valley,2021-04-07,0.0,0.0,1.0,1.0,1.0,1.0,2.0,2.0,3.0,3.0,3.0,4.0,6.0,inferred
Amber Valley,2021-04-08,0.0,0.0,0.0,1.0,1.0,1.0,2.0,2.0,2.0,3.0,3.0,4.0,5.0,inferred
Amber Valley,2021-04-09,0.0,0.0,0.0,0.0,1.0,1.0,1.0,2.0,2.0,2.0,2.0,3.0,5.0,inferred
Amber Valley,2021-04-10,0.0,0.0,0.0,0.0,0.0,1.0,1.0,1.0,2.0,2.0,2.0,3.0,4.0,inferred
Amber Valley,2021-04-11,0.0,0.0,0.0,0.0,0.0,1.0,1.0,1.0,2.0,2.0,2.0,3.0,4.0,inferred
Amber Valley,2021-04-12,0.0,0.0,0.0,1.0,1.0,1.0,1.0,2.0,2.0,2.0,3.0,4.0,5.0,inferred
Amber Valley,2021-04-13,0.0,0.0,0.0,0.0,1.0,1.0,1.0,2.0,2.0,2.0,3.0,3.0,5.0,inferred
Amber Valley,2021-04-14,0.0,0.0,0.0,0.0,1.0,1.0,1.0,2.0,2.0,2.0,3.0,3.0,5.0,inferred
Amber Valley,2021-04-15,0.0,0.0,0.0,0.0,1.0,1.0,1.0,1.0,2.0,2.0,2.0,3.0,4.0,inferred
Amber Valley,2021-04-16,0.0,0.0,0.0,0.0,0.0,1.0,1.0,1.0,2.0,2.0,2.0,3.0,4.0,inferred
Amber Valley,2021-04-17,0.0,0.0,0.0,0.0,0.0,0.0,1.0,1.0,1.0,1.0,2.0,2.0,4.0,inferred
Amber Valley,2021-04-18,0.0,0.0,0.0,0.0,0.0,1.0,1.0,1.0,2.0,2.0,2.0,3.0,4.0,inferred
Amber Valley,2021-04-19,0.0,0.0,0.0,0.0,0.0,1.0,1.0,1.0,2.0,2.0,2.0,3.0,5.0,inferred
Amber Valley,2021-04-20,0.0,0.0,0.0,0.0,0.0,1.0,1.0,1.0,2.0,2.0,2.0,3.0,4.0,inferred
Amber Valley,2021-04-21,0.0,0.0,0.0,0.0,0.0,1.0,1.0,1.0,2.0,2.0,2.0,3.0,5.0,inferred
Amber Valley,2021-04-22,0.0,0.0,0.0,0.0,0.0,1.0,1.0,1.0,2.0,2.0,2.0,3.0,4.0,inferred
Amber Valley,2021-04-23,0.0,0.0,0.0,0.0,0.0,1.0,1.0,1.0,2.0,2.0,2.0,3.0,4.0,inferred
Amber Valley,2021-04-24,0.0,0.0,0.0,0.0,0.0,0.0,1.0,1.0,1.0,1.0,2.0,2.0,3.0,inferred
Amber Valley,2021-04-25,0.0,0.0,0.0,0.0,0.0,1.0,1.0,1.0,1.0,2.0,2.0,3.0,4.0,inferred
Amber Valley,2021-04-26,0.0,0.0,0.0,0.0,0.0,1.0,1.0,1.0,2.0,2.0,2.0,3.0,4.0,inferred
Amber Valley,2021-04-27,0.0,0.0,0.0,0.0,0.0,1.0,1.0,1.0,2.0,2.0,2.0,3.0,4.0,inferred
Amber Valley,2021-04-28,0.0,0.0,0.0,0.0,0.0,1.0,1.0,1.0,2.0,2.0,2.0,3.0,4.0,inferred
Amber Valley,2021-04-29,0.0,0.0,0.0,0.0,0.0,1.0,1.0,1.0,1.3,2.0,2.0,3.0,4.0,inferred
Amber Valley,2021-04-30,0.0,0.0,0.0,0.0,0.0,0.0,1.0,1.0,1.0,1.0,2.0,2.0,4.0,inferred
Amber Valley,2021-05-01,0.0,0.0,0.0,0.0,0.0,0.0,1.0,1.0,1.0,1.0,1.0,2.0,3.0,inferred
Amber Valley,2021-05-02,0.0,0.0,0.0,0.0,0.0,0.0,1.0,1.0,1.0,1.0,2.0,2.0,4.0,inferred
Amber Valley,2021-05-03,0.0,0.0,0.0,0.0,0.0,1.0,1.0,1.0,2.0,2.0,2.0,3.0,4.0,inferred
Amber Valley,2021-05-04,0.0,0.0,0.0,0.0,0.0,1.0,1.0,1.0,1.0,2.0,2.0,2.1,4.0,inferred
Amber Valley,2021-05-05,0.0,0.0,0.0,0.0,0.0,1.0,1.0,1.0,2.0,2.0,2.0,3.0,4.0,inferred
Amber Valley,2021-05-06,0.0,0.0,0.0,0.0,0.0,0.0,1.0,1.0,1.0,2.0,2.0,3.0,4.0,inferred
Amber Valley,2021-05-07,0.0,0.0,0.0,0.0,0.0,0.0,1.0,1.0,1.0,1.0,2.0,2.0,4.0,inferred
Amber Valley,2021-05-08,0.0,0.0,0.0,0.0,0.0,0.0,0.0,1.0,1.0,1.0,1.0,2.0,3.0,inferred
Amber Valley,2021-05-09,0.0,0.0,0.0,0.0,0.0,0.0,1.0,1.0,1.0,1.0,2.0,2.0,3.0,inferred
Amber Valley,2021-05-10,0.0,0.0,0.0,0.0,0.0,1.0,1.0,1.0,1.0,2.0,2.0,3.0,4.0,inferred
Amber Valley,2021-05-11,0.0,0.0,0.0,0.0,0.0,0.0,1.0,1.0,1.0,2.0,2.0,2.0,4.0,inferred
Amber Valley,2021-05-12,0.0,0.0,0.0,0.0,0.0,1.0,1.0,1.0,1.0,2.0,2.0,3.0,4.0,inferred
Amber Valley,2021-05-13,0.0,0.0,0.0,0.0,0.0,0.0,1.0,1.0,1.0,1.0,2.0,2.0,4.0,inferred
Amber Valley,2021-05-14,0.0,0.0,0.0,0.0,0.0,0.0,1.0,1.0,1.0,1.0,2.0,2.0,3.0,inferred
Amber Valley,2021-05-15,0.0,0.0,0.0,0.0,0.0,0.0,0.0,1.0,1.0,1.0,1.0,2.0,3.0,inferred
Amber Valley,2021-05-16,0.0,0.0,0.0,0.0,0.0,0.0,1.0,1.0,1.0,1.0,2.0,2.0,3.0,inferred
Amber Valley,2021-05-17,0.0,0.0,0.0,0.0,0.0,0.0,1.0,1.0,1.0,2.0,2.0,3.0,4.0,inferred
Amber Valley,2021-05-18,0.0,0.0,0.0,0.0,0.0,0.0,1.0,1.0,1.0,2.0,2.0,2.0,4.0,inferred
Amber Valley,2021-05-19,0.0,0.0,0.0,0.0,0.0,0.0,1.0,1.0,1.0,2.0,2.0,3.0,4.0,inferred
Amber Valley,2021-05-20,0.0,0.0,0.0,0.0,0.0,0.0,1.0,1.0,1.0,1.0,2.0,2.0,3.0,inferred
Amber Valley,2021-05-21,0.0,0.0,0.0,0.0,0.0,0.0,1.0,1.0,1.0,1.0,2.0,2.0,3.0,inferred
Amber Valley,2021-05-22,0.0,0.0,0.0,0.0,0.0,0.0,0.0,1.0,1.0,1.0,1.0,2.0,3.0,inferred
Amber Valley,2021-05-23,0.0,0.0,0.0,0.0,0.0,0.0,1.0,1.0,1.0,1.0,1.0,2.0,3.0,inferred
Amber Valley,2021-05-24,0.0,0.0,0.0,0.0,0.0,0.0,1.0,1.0,1.0,2.0,2.0,2.0,4.0,inferred
Amber Valley,2021-05-25,0.0,0.0,0.0,0.0,0.0,0.0,1.0,1.0,1.0,1.0,2.0,2.0,4.0,inferred
Amber Valley,2021-05-26,0.0,0.0,0.0,0.0,0.0,1.0,1.0,1.0,1.0,2.0,2.0,3.0,4.0,inferred
Amber Valley,2021-05-27,0.0,0.0,0.0,0.0,0.0,0.0,1.0,1.0,1.0,2.0,2.0,3.0,4.0,inferred
Amber Valley,2021-05-28,0.0,0.0,0.0,0.0,0.0,0.0,1.0,1.0,1.0,2.0,2.0,3.0,4.0,inferred
Amber Valley,2021-05-29,0.0,0.0,0.0,0.0,0.0,0.0,1.0,1.0,1.0,1.0,1.0,2.0,4.0,inferred
Amber Valley,2021-05-30,0.0,0.0,0.0,0.0,0.0,1.0,1.0,1.0,1.0,2.0,2.0,3.0,4.0,inferred
Amber Valley,2021-05-31,0.0,0.0,0.0,0.0,0.0,1.0,1.0,1.0,2.0,2.0,2.0,3.0,4.0,inferred
Amber Valley,2021-06-01,0.0,0.0,0.0,0.0,1.0,1.0,1.0,2.0,2.0,2.0,3.0,3.0,5.0,inferred
Amber Valley,2021-06-02,0.0,0.0,0.0,1.0,1.0,1.0,1.0,2.0,2.0,3.0,3.0,4.0,5.5,inferred
Amber Valley,2021-06-03,0.0,0.0,0.0,1.0,1.0,1.0,2.0,2.0,2.0,3.0,3.0,4.0,6.0,inferred
Amber Valley,2021-06-04,0.0,0.0,0.0,1.0,1.0,1.0,2.0,2.0,2.0,3.0,3.0,4.0,5.0,inferred
Amber Valley,2021-06-05,0.0,0.0,0.0,1.0,1.0,1.0,1.0,2.0,2.0,2.0,3.0,4.0,5.0,inferred
Amber Valley,2021-06-06,0.0,0.0,1.0,1.0,1.0,1.0,2.0,2.0,3.0,3.0,3.0,4.0,6.5,inferred
Amber Valley,2021-06-07,0.0,1.0,1.0,2.0,2.0,2.0,3.0,3.0,4.0,4.0,5.0,6.0,8.0,inferred
Amber Valley,2021-06-08,0.0,1.0,2.0,2.0,2.0,3.0,3.0,4.0,4.0,5.0,5.0,6.0,8.0,inferred
Amber Valley,2021-06-09,0.0,1.0,2.0,2.0,3.0,3.0,4.0,4.0,5.0,5.0,6.0,7.0,9.0,inferred
Amber Valley,2021-06-10,0.0,1.0,2.0,2.0,3.0,3.0,4.0,4.0,5.0,6.0,6.0,7.0,9.0,inferred
Amber Valley,2021-06-11,0.0,1.0,2.0,2.0,3.0,3.0,4.0,4.0,5.0,6.0,6.0,7.0,9.0,inferred
Amber Valley,2021-06-12,0.0,1.0,2.0,2.0,2.0,3.0,4.0,4.0,5.0,5.0,6.0,7.0,9.0,inferred
Amber Valley,2021-06-13,1.0,2.0,3.0,3.0,3.0,4.0,5.0,5.0,6.0,6.0,7.0,8.0,11.0,inferred
Amber Valley,2021-06-14,2.0,3.0,4.0,5.0,5.0,6.0,7.0,7.0,8.0,9.0,9.0,11.0,14.0,inferred
Amber Valley,2021-06-15,2.0,4.0,5.0,6.0,6.0,7.0,8.0,9.0,9.0,10.0,11.0,12.0,15.0,inferred
Amber Valley,2021-06-16,3.0,5.0,7.0,7.0,8.0,8.0,9.0,10.0,11.0,12.0,13.0,15.0,18.0,inferred
Amber Valley,2021-06-17,4.0,6.0,7.0,7.0,8.0,9.0,10.0,11.0,12.0,13.0,13.0,15.0,18.0,inferred
Amber Valley,2021-06-18,4.0,6.0,7.0,8.0,8.0,9.0,10.0,11.0,12.0,13.0,14.0,16.0,19.5,inferred
Angus,2021-03-06,16.0,21.0,24.0,26.0,27.0,30.0,32.0,35.0,38.0,40.0,42.0,47.0,55.0,inferred
Angus,2021-03-07,12.0,17.0,20.0,21.0,23.0,25.0,27.0,30.0,32.0,34.0,36.0,40.0,48.0,inferred
Angus,2021-03-08,9.0,14.0,16.0,17.0,18.0,20.0,22.0,25.0,27.0,29.0,31.0,35.0,41.5,inferred
Angus,2021-03-09,11.0,15.0,18.0,19.0,21.0,23.0,25.0,27.0,29.0,31.0,32.0,37.0,45.0,inferred
Angus,2021-03-10,18.0,23.0,27.0,28.0,30.0,32.0,35.0,38.0,40.0,42.0,44.0,49.0,58.5,inferred
Angus,2021-03-11,16.0,22.0,26.0,27.0,28.0,31.0,33.0,36.0,40.0,41.0,43.0,49.0,58.0,inferred
Angus,2021-03-12,20.0,25.0,29.0,30.0,32.0,35.0,37.0,40.0,44.0,45.0,47.0,54.0,62.0,inferred
Angus,2021-03-13,19.0,24.0,28.0,29.0,31.0,34.0,36.0,40.0,42.3,44.0,46.0,53.0,61.5,inferred
Angus,2021-03-14,16.0,21.0,25.0,27.0,28.0,31.0,33.0,36.0,39.0,40.0,42.0,47.0,57.0,inferred
Angus,2021-03-15,13.0,18.0,20.0,22.0,23.0,25.0,28.0,30.0,33.0,35.0,37.0,43.0,51.0,inferred
Angus,2021-03-16,15.0,20.0,24.0,25.0,27.0,29.0,31.0,34.0,37.0,38.0,40.0,46.0,54.0,inferred
Angus,2021-03-17,21.5,29.0,33.0,35.0,37.0,40.0,43.0,46.0,50.0,52.0,54.0,61.0,71.0,inferred
Angus,2021-03-18,21.0,28.0,32.0,33.0,35.0,38.0,41.0,44.0,48.0,50.0,52.0,58.0,68.5,inferred
Angus,2021-03-19,24.0,30.0,34.0,36.0,38.0,41.0,44.0,46.4,50.0,52.0,54.0,60.0,69.0,inferred
Angus,2021-03-20,22.0,27.0,31.0,33.0,35.0,38.0,41.0,44.0,48.0,50.0,52.0,58.0,67.0,inferred
Angus,2021-03-21,17.5,23.0,27.0,28.0,30.0,33.0,35.0,38.0,41.0,43.0,46.0,51.0,60.5,inferred
Angus,2021-03-22,13.0,18.0,21.0,23.0,24.0,26.0,29.0,32.0,35.0,36.0,38.0,43.0,53.0,inferred
Angus,2021-03-23,14.0,20.0,24.0,25.0,26.0,29.0,31.0,34.0,37.0,39.0,41.0,46.0,55.0,inferred
Angus,2021-03-24,21.0,27.0,32.0,33.0,35.0,38.0,41.0,44.0,47.0,50.0,52.0,58.0,69.0,inferred
Angus,2021-03-25,19.0,25.0,29.0,31.0,32.0,35.0,38.0,41.0,44.0,46.0,47.0,53.0,63.5,inferred
Angus,2021-03-26,20.0,25.0,30.0,32.0,33.0,36.0,39.0,42.0,45.0,47.0,49.0,55.1,65.0,inferred
Angus,2021-03-27,17.0,23.0,27.0,28.8,30.0,32.0,35.0,38.0,40.0,42.0,45.0,50.0,60.0,inferred
Angus,2021-03-28,12.0,18.0,22.0,23.0,25.0,27.0,30.0,32.0,35.0,36.0,38.0,43.0,52.0,inferred
Angus,2021-03-29,9.0,14.0,17.0,19.0,20.0,22.0,24.0,26.0,28.0,30.0,31.0,36.1,44.0,inferred
Angus,2021-03-30,11.0,15.0,17.0,19.0,20.0,23.0,25.0,28.0,30.0,32.0,33.0,38.0,46.0,inferred
Angus,2021-03-31,15.0,20.0,24.0,26.0,27.0,30.0,32.0,35.0,37.3,39.2,42.0,47.0,56.0,inferred
Angus,2021-04-01,13.0,17.0,21.0,22.0,24.0,26.0,28.0,31.0,34.0,35.0,37.0,42.0,51.0,inferred
Angus,2021-04-02,13.0,18.0,21.0,23.0,24.0,26.0,29.0,31.0,34.0,36.0,38.0,43.0,52.0,inferred
Angus,2021-04-03,12.0,16.0,19.0,20.0,22.0,24.0,26.0,28.0,31.0,32.2,35.0,39.0,47.0,inferred
Angus,2021-04-04,8.0,12.0,14.0,16.0,17.0,19.0,21.0,23.0,25.0,27.0,29.0,33.0,41.5,inferred
Angus,2021-04-05,5.0,8.0,11.0,12.0,13.0,15.0,17.0,19.0,21.0,22.0,23.0,27.0,33.0,inferred
Angus,2021-04-06,6.0,10.0,12.0,13.0,14.0,15.0,17.0,19.0,21.0,23.0,25.0,29.0,36.0,inferred
Angus,2021-04-07,9.0,13.0,16.0,17.0,18.0,20.0,22.0,25.0,27.0,29.0,30.0,35.0,43.0,inferred
Angus,2021-04-08,8.0,11.0,14.0,15.0,16.0,18.0,20.0,22.0,24.0,25.0,27.0,31.0,40.0,inferred
Angus,2021-04-09,7.0,11.0,14.0,15.0,16.0,18.0,20.0,22.0,25.0,26.0,28.0,32.0,40.0,inferred
Angus,2021-04-10,7.0,10.0,13.0,14.0,15.0,16.0,18.0,20.0,22.0,24.0,25.0,29.1,37.0,inferred
Angus,2021-04-11,5.0,8.0,10.0,11.0,12.0,14.0,15.0,17.0,19.0,20.0,21.0,25.0,34.0,inferred
Angus,2021-04-12,3.0,5.0,7.0,8.0,9.0,10.0,12.0,13.0,15.0,16.0,18.0,21.0,29.0,inferred
Angus,2021-04-13,3.0,6.0,8.0,9.0,10.0,11.0,13.0,15.0,16.0,18.0,19.0,22.0,28.0,inferred
Angus,2021-04-14,6.0,9.0,11.0,12.0,13.0,15.0,17.0,19.0,21.0,22.0,23.2,28.0,34.5,inferred
Angus,2021-04-15,5.0,7.0,10.0,11.0,11.0,13.0,15.0,17.0,19.0,21.0,22.0,26.0,32.0,inferred
Angus,2021-04-16,5.0,8.0,11.0,12.0,13.0,14.0,16.0,18.0,20.0,21.0,23.0,26.0,34.0,inferred
Angus,2021-04-17,4.0,7.0,10.0,11.0,11.0,13.0,15.0,17.0,18.0,19.0,21.0,24.0,30.0,inferred
Angus,2021-04-18,3.0,6.0,7.8,8.0,9.0,10.0,12.0,13.4,16.0,17.0,18.0,21.1,28.0,inferred
Angus,2021-04-19,2.0,4.0,5.0,6.0,7.0,8.0,9.0,11.0,13.0,14.0,15.0,18.0,24.0,inferred
Angus,2021-04-20,2.0,4.0,6.0,6.0,7.0,9.0,10.0,12.0,14.0,15.0,16.0,19.0,26.0,inferred
Angus,2021-04-21,4.0,6.0,9.0,9.0,10.0,12.0,14.0,16.0,18.0,19.0,20.0,24.0,30.0,inferred
Angus,2021-04-22,3.0,5.0,7.0,8.0,9.0,11.0,12.0,14.0,16.0,17.0,19.0,22.0,28.0,inferred
Angus,2021-04-23,3.0,6.0,7.0,9.0,9.0,11.0,12.0,14.0,16.0,17.0,18.0,22.0,29.0,inferred
Angus,2021-04-24,2.5,5.0,6.0,7.0,8.0,9.0,11.0,13.0,15.0,16.0,17.0,20.1,26.0,inferred
Angus,2021-04-25,2.0,4.0,5.0,6.0,6.0,8.0,9.0,11.0,12.0,13.0,15.0,18.0,25.0,inferred
Angus,2021-04-26,1.0,2.0,4.0,4.0,5.0,6.0,7.0,8.0,10.0,10.0,11.0,14.0,20.0,inferred
Angus,2021-04-27,1.0,3.0,4.0,5.0,5.0,6.0,7.0,9.0,11.0,11.0,13.0,15.1,21.0,inferred
Angus,2021-04-28,2.0,4.0,6.0,6.0,7.0,8.0,10.0,11.0,13.0,14.0,15.0,19.0,25.0,inferred
Angus,2021-04-29,2.0,3.0,5.0,6.0,6.0,7.0,9.0,10.0,12.0,13.0,14.0,17.0,22.0,inferred
Angus,2021-04-30,1.0,3.0,5.0,6.0,6.0,8.0,9.0,10.0,12.0,13.0,15.0,18.0,24.0,inferred
Angus,2021-05-01,1.0,3.0,4.0,5.0,6.0,7.0,8.0,9.0,11.0,12.0,13.0,16.0,22.0,inferred
Angus,2021-05-02,1.0,2.0,3.0,4.0,4.0,5.0,7.0,8.0,9.0,10.0,11.0,14.0,20.0,inferred
Angus,2021-05-03,0.0,1.0,3.0,3.0,3.0,4.0,5.0,6.0,8.0,8.0,9.0,12.0,17.0,inferred
Angus,2021-05-04,0.0,2.0,3.0,3.0,4.0,5.0,6.0,7.0,8.0,9.0,10.0,13.0,18.0,inferred
Angus,2021-05-05,1.0,3.0,4.0,5.0,6.0,7.0,8.0,9.0,11.0,12.0,13.0,16.0,22.0,inferred
Angus,2021-05-06,1.0,3.0,4.0,5.0,5.0,7.0,8.0,9.0,11.0,12.0,13.0,16.0,21.0,inferred
Angus,2021-05-07,2.0,3.0,5.0,6.0,6.0,8.0,9.0,10.0,12.0,13.0,14.0,17.0,22.0,inferred
Angus,2021-05-08,2.0,3.0,5.0,6.0,6.0,8.0,9.0,10.0,12.0,13.0,14.0,17.0,22.0,inferred
Angus,2021-05-09,1.0,3.0,4.0,5.0,5.0,6.0,8.0,9.0,11.0,11.0,12.0,16.0,21.0,inferred
Angus,2021-05-10,1.0,2.0,3.0,4.0,4.0,5.0,6.0,7.0,9.0,10.0,11.0,14.0,19.0,inferred
Angus,2021-05-11,1.0,3.0,4.0,5.0,5.0,6.0,7.0,9.0,10.0,11.0,12.0,15.0,21.0,inferred
Angus,2021-05-12,3.0,5.0,7.0,8.0,8.0,10.0,11.0,13.0,14.0,15.0,17.0,20.0,26.0,inferred
Angus,2021-05-13,2.0,4.0,6.0,7.0,8.0,9.0,11.0,12.0,14.0,15.0,16.0,19.0,25.5,inferred
Angus,2021-05-14,3.0,6.0,7.8,8.0,9.0,11.0,12.0,14.0,16.0,17.0,18.0,22.0,28.0,inferred
Angus,2021-05-15,3.0,5.0,7.0,8.0,9.0,11.0,12.0,14.0,16.0,17.0,18.0,22.0,28.0,inferred
Angus,2021-05-16,3.0,5.0,7.0,7.0,8.0,10.0,11.0,13.0,15.0,16.0,17.0,21.0,27.0,inferred
Angus,2021-05-17,2.0,4.0,6.0,6.0,7.0,8.0,10.0,11.0,13.0,14.0,15.0,19.0,24.0,inferred
Angus,2021-05-18,3.0,5.0,7.0,8.0,8.0,10.0,11.0,13.0,15.0,16.0,17.0,20.0,26.0,inferred
Angus,2021-05-19,6.0,9.0,12.0,13.0,13.0,16.0,17.0,19.0,21.0,22.0,24.0,28.0,35.0,inferred
Angus,2021-05-20,6.0,9.0,12.0,13.0,14.0,16.0,18.0,20.0,22.0,23.0,24.0,28.0,35.0,inferred
Angus,2021-05-21,7.5,12.0,15.0,16.0,17.0,19.0,21.0,23.0,26.0,27.0,28.0,33.0,42.0,inferred
Angus,2021-05-22,9.0,12.0,15.0,16.0,17.0,19.0,21.0,24.0,26.0,28.0,29.0,33.0,40.0,inferred
Angus,2021-05-23,8.0,11.0,14.0,15.0,16.0,18.0,20.0,23.0,25.0,26.0,28.0,32.0,40.0,inferred
Angus,2021-05-24,6.0,10.0,12.0,13.0,14.0,16.0,18.0,20.0,22.0,23.0,25.0,29.0,38.0,inferred
Angus,2021-05-25,9.0,13.0,16.0,17.0,18.0,21.0,23.0,25.0,27.0,28.0,30.0,34.1,43.0,inferred
Angus,2021-05-26,16.0,21.0,26.0,27.0,29.0,32.0,34.0,37.0,40.0,42.0,44.0,50.0,58.5,inferred
Angus,2021-05-27,18.0,23.0,27.0,29.0,31.0,34.0,36.0,39.0,42.0,44.0,46.0,52.0,61.0,inferred
Angus,2021-05-28,22.0,29.0,33.0,35.0,37.0,40.0,43.0,46.0,49.0,51.0,54.0,59.1,70.0,inferred
Angus,2021-05-29,25.0,30.0,35.0,36.0,38.0,42.0,45.0,48.0,51.0,53.0,55.2,62.0,75.0,inferred
Angus,2021-05-30,23.0,29.0,34.0,36.0,38.0,40.0,43.0,46.0,50.0,51.0,53.2,59.0,68.5,inferred
Angus,2021-05-31,21.0,27.0,31.0,33.0,35.0,38.0,41.0,44.0,47.0,49.0,51.0,57.0,67.0,inferred
Angus,2021-06-01,28.0,35.0,40.0,42.0,43.0,46.0,49.0,52.4,56.0,58.0,61.0,68.0,78.0,inferred
Angus,2021-06-02,46.0,55.0,61.0,64.0,66.0,71.0,75.0,78.0,83.0,86.0,88.0,97.0,109.0,inferred
Angus,2021-06-03,51.0,59.0,65.0,68.0,70.0,75.0,79.0,83.0,88.0,91.0,94.0,101.0,113.0,inferred
Angus,2021-06-04,63.0,73.0,80.0,83.0,85.0,89.6,94.0,98.0,103.0,106.0,109.0,118.1,134.0,inferred
Angus,2021-06-05,66.0,76.0,84.0,87.0,89.0,94.0,99.0,103.0,108.0,111.0,114.0,125.1,142.0,inferred
Angus,2021-06-06,61.0,73.0,80.0,83.0,85.7,90.0,95.0,100.0,105.0,108.0,111.0,119.0,133.0,inferred
Angus,2021-06-07,59.0,68.0,75.0,77.0,79.0,83.6,88.0,92.0,97.0,100.0,103.0,112.0,127.5,inferred
Angus,2021-06-08,68.0,79.0,85.0,88.0,91.0,96.0,101.0,106.0,111.0,114.0,117.0,127.0,142.0,inferred
Angus,2021-06-09,99.0,111.0,120.0,123.8,127.0,133.0,138.0,144.0,151.0,154.0,158.0,168.0,185.0,inferred
Angus,2021-06-10,92.0,104.0,114.0,117.0,120.0,126.0,131.0,136.0,141.0,145.0,148.0,158.1,177.0,inferred
Angus,2021-06-11,95.0,111.0,121.0,124.0,127.0,133.0,138.0,144.0,150.0,153.0,156.0,167.0,186.0,inferred
Angus,2021-06-12,92.5,104.0,114.0,117.0,120.0,126.0,130.0,136.0,143.0,146.0,150.0,160.0,178.0,inferred
Angus,2021-06-13,78.0,89.0,97.0,100.0,103.0,108.0,113.0,118.0,124.0,128.0,131.0,141.1,157.0,inferred
Angus,2021-06-14,62.0,73.0,80.0,83.0,86.0,91.0,96.0,100.0,105.0,108.0,110.0,119.0,134.5,inferred
Angus,2021-06-15,69.0,80.0,87.0,90.0,93.0,97.0,102.0,107.0,112.0,116.0,119.0,127.0,144.0,inferred
Angus,2021-06-16,92.0,106.0,116.0,119.0,122.0,128.0,133.0,139.0,145.0,148.0,152.2,162.0,180.0,inferred
Angus,2021-06-17,87.0,95.0,104.0,107.0,109.0,115.0,121.0,126.0,132.0,135.0,140.0,149.0,165.0,inferred
Angus,2021-06-18,81.0,95.0,105.0,108.0,112.0,118.0,123.0,129.0,135.0,139.0,143.0,154.0,172.0,inferred
Argyll and Bute,2021-03-06,5.0,7.0,10.0,10.0,11.0,13.0,14.0,16.0,18.0,19.0,20.0,23.1,29.0,inferred
Argyll and Bute,2021-03-07,4.0,6.0,8.0,9.0,10.0,11.0,12.0,14.0,15.0,16.0,18.0,21.0,28.0,inferred
Argyll and Bute,2021-03-08,2.0,5.0,6.0,7.0,8.0,9.0,10.0,12.0,13.0,14.0,15.0,19.0,23.5,inferred
Argyll and Bute,2021-03-09,3.0,5.0,7.0,8.0,8.0,10.0,11.0,13.0,15.0,16.0,17.0,20.0,25.0,inferred
Argyll and Bute,2021-03-10,5.0,8.0,10.0,11.0,12.0,14.0,15.0,17.0,19.0,20.0,21.0,26.0,31.0,inferred
Argyll and Bute,2021-03-11,4.0,7.0,9.0,10.0,11.0,12.0,14.0,16.0,18.0,18.0,20.0,24.0,30.0,inferred
Argyll and Bute,2021-03-12,5.0,7.0,9.0,10.0,11.0,13.0,14.0,16.0,18.0,19.0,20.0,24.0,29.0,inferred
Argyll and Bute,2021-03-13,4.0,6.0,8.0,9.0,10.0,11.0,13.0,15.0,16.0,18.0,19.0,22.0,27.0,inferred
Argyll and Bute,2021-03-14,3.0,5.0,7.0,8.0,8.0,10.0,11.0,12.0,14.0,15.0,16.0,19.0,25.0,inferred
Argyll and Bute,2021-03-15,2.0,4.0,5.0,6.0,6.0,7.0,8.0,10.0,11.0,12.0,14.0,16.0,22.0,inferred
Argyll and Bute,2021-03-16,2.0,4.0,5.0,6.0,7.0,8.0,9.0,10.0,12.0,13.0,14.0,17.0,23.0,inferred
Argyll and Bute,2021-03-17,3.0,5.0,7.0,8.0,9.0,10.0,12.0,13.0,15.0,16.0,18.0,21.0,27.0,inferred
Argyll and Bute,2021-03-18,2.5,4.0,6.0,7.0,8.0,9.0,10.0,12.0,13.0,14.0,15.0,18.0,23.0,inferred
Argyll and Bute,2021-03-19,2.0,5.0,6.0,7.0,8.0,9.0,10.0,11.0,13.0,14.0,15.0,18.0,23.0,inferred
Argyll and Bute,2021-03-20,2.0,4.0,5.0,6.0,6.0,8.0,9.0,11.0,12.0,13.0,14.0,17.0,23.0,inferred
Argyll and Bute,2021-03-21,1.0,3.0,4.0,4.0,5.0,6.0,7.0,8.4,10.0,11.0,12.0,15.0,20.0,inferred
Argyll and Bute,2021-03-22,0.0,1.0,2.0,3.0,3.0,4.0,5.0,6.0,8.0,8.0,9.0,11.0,16.0,inferred
Argyll and Bute,2021-03-23,0.0,2.0,3.0,3.0,4.0,5.0,6.0,7.0,8.0,9.0,9.0,12.0,16.0,inferred
Argyll and Bute,2021-03-24,1.0,3.0,4.0,5.0,5.0,6.0,7.0,9.0,10.0,11.0,12.0,15.0,20.0,inferred
Argyll and Bute,2021-03-25,1.0,2.0,3.0,4.0,4.0,6.0,7.0,8.0,9.0,10.0,11.0,14.0,18.0,inferred
Argyll and Bute,2021-03-26,1.0,2.0,4.0,4.0,5.0,6.0,7.0,8.0,9.0,10.0,11.0,14.0,19.0,inferred
Argyll and Bute,2021-03-27,0.0,2.0,3.0,3.0,4.0,5.0,6.0,7.0,8.0,9.0,10.0,12.0,17.0,inferred
Argyll and Bute,2021-03-28,0.0,1.0,2.0,3.0,3.0,4.0,5.0,6.0,7.0,8.0,9.0,11.0,15.0,inferred
Argyll and Bute,2021-03-29,0.0,1.0,2.0,2.0,2.0,3.0,4.0,5.0,6.0,6.0,7.0,9.0,13.0,inferred
Argyll and Bute,2021-03-30,0.0,1.0,2.0,2.0,2.0,3.0,4.0,5.0,6.0,7.0,8.0,10.0,14.5,inferred
Argyll and Bute,2021-03-31,1.0,2.0,3.0,4.0,4.0,5.0,6.0,7.0,8.0,9.0,10.0,13.0,17.0,inferred
Argyll and Bute,2021-04-01,0.0,2.0,3.0,3.0,4.0,5.0,6.0,7.0,8.0,9.0,10.0,12.0,16.0,inferred
Argyll and Bute,2021-04-02,1.0,2.0,3.0,4.0,4.0,5.0,6.0,7.0,8.0,9.0,10.0,13.0,18.0,inferred
Argyll and Bute,2021-04-03,1.0,2.0,3.0,3.0,4.0,5.0,6.0,7.0,8.0,9.0,10.0,12.0,17.0,inferred
Argyll and Bute,2021-04-04,0.0,1.0,2.0,3.0,3.0,4.0,5.0,6.0,7.0,8.0,9.0,11.0,15.0,inferred
Argyll and Bute,2021-04-05,0.0,1.0,1.0,2.0,2.0,3.0,4.0,5.0,6.0,6.0,7.0,10.0,14.0,inferred
Argyll and Bute,2021-04-06,0.0,1.0,2.0,2.0,3.0,3.0,4.0,5.0,6.0,7.0,7.2,10.0,15.0,inferred
Argyll and Bute,2021-04-07,1.0,2.0,3.0,3.0,4.0,5.0,6.0,7.0,8.0,9.0,10.0,13.0,17.0,inferred
Argyll and Bute,2021-04-08,0.0,1.0,2.0,3.0,3.0,4.0,5.0,6.0,7.0,8.0,9.0,11.1,16.0,inferred
Argyll and Bute,2021-04-09,0.0,2.0,3.0,3.0,4.0,5.0,5.0,7.0,8.0,9.0,10.0,12.0,16.0,inferred
Argyll and Bute,2021-04-10,0.0,2.0,3.0,3.0,4.0,5.0,5.0,7.0,8.0,8.0,9.0,12.0,17.0,inferred
Argyll and Bute,2021-04-11,0.0,1.0,2.0,2.0,3.0,4.0,5.0,6.0,7.0,7.0,8.0,10.0,14.0,inferred
Argyll and Bute,2021-04-12,0.0,1.0,1.0,2.0,2.0,3.0,4.0,4.0,5.3,6.0,7.0,9.0,13.5,inferred
Argyll and Bute,2021-04-13,0.0,1.0,2.0,2.0,3.0,3.0,4.0,5.0,6.0,7.0,8.0,10.0,13.0,inferred
Argyll and Bute,2021-04-14,0.0,1.0,3.0,3.0,4.0,5.0,5.0,7.0,8.0,9.0,10.0,12.0,17.0,inferred
Argyll and Bute,2021-04-15,0.0,1.0,2.0,3.0,3.0,4.0,5.0,6.0,7.0,8.0,9.0,11.0,16.0,inferred
Argyll and Bute,2021-04-16,0.0,1.9,3.0,3.0,4.0,4.0,5.0,7.0,8.0,9.0,9.2,12.0,17.0,inferred
Argyll and Bute,2021-04-17,0.0,1.0,2.0,3.0,3.0,4.0,5.0,6.0,7.0,8.0,9.0,12.0,16.0,inferred
Argyll and Bute,2021-04-18,0.0,1.0,2.0,2.0,2.0,3.0,4.0,5.0,6.0,6.0,7.0,9.0,14.0,inferred
Argyll and Bute,2021-04-19,0.0,0.0,1.0,1.0,2.0,2.0,3.0,4.0,5.0,6.0,6.0,8.0,12.0,inferred
Argyll and Bute,2021-04-20,0.0,0.0,1.0,1.0,2.0,2.0,3.0,4.0,5.0,6.0,6.0,8.0,13.0,inferred
Argyll and Bute,2021-04-21,0.0,1.0,2.0,2.0,3.0,4.0,4.0,5.0,7.0,7.0,8.0,10.0,14.0,inferred
Argyll and Bute,2021-04-22,0.0,1.0,2.0,2.0,2.0,3.0,4.0,5.0,6.0,6.0,7.0,10.0,14.0,inferred
Argyll and Bute,2021-04-23,0.0,1.0,2.0,2.0,3.0,3.0,4.0,5.0,6.0,7.0,7.0,10.0,14.0,inferred
Argyll and Bute,2021-04-24,0.0,1.0,1.0,2.0,2.0,3.0,4.0,5.0,6.0,6.0,7.0,9.0,13.0,inferred
Argyll and Bute,2021-04-25,0.0,0.0,1.0,1.0,2.0,2.0,3.0,4.0,5.0,5.0,6.0,8.0,12.0,inferred
Argyll and Bute,2021-04-26,0.0,0.0,1.0,1.0,1.0,2.0,2.0,3.0,4.0,4.0,5.0,7.0,10.0,inferred
Argyll and Bute,2021-04-27,0.0,0.0,1.0,1.0,1.0,2.0,3.0,3.0,4.0,5.0,5.0,7.0,10.0,inferred
Argyll and Bute,2021-04-28,0.0,1.0,1.0,2.0,2.0,3.0,4.0,5.0,6.0,6.0,7.0,9.0,13.0,inferred
Argyll and Bute,2021-04-29,0.0,0.0,1.0,1.8,2.0,2.0,3.0,4.0,5.0,6.0,6.0,8.1,13.0,inferred
Argyll and Bute,2021-04-30,0.0,0.0,1.0,1.0,2.0,2.0,3.0,4.0,5.0,6.0,6.0,8.0,13.0,inferred
Argyll and Bute,2021-05-01,0.0,0.0,1.0,1.0,2.0,2.0,3.0,4.0,5.0,5.0,6.0,8.0,12.5,inferred
Argyll and Bute,2021-05-02,0.0,0.0,1.0,1.0,1.0,2.0,3.0,3.0,4.0,5.0,5.0,7.0,11.0,inferred
Argyll and Bute,2021-05-03,0.0,0.0,0.0,1.0,1.0,1.0,2.0,2.0,3.0,4.0,4.0,6.0,9.0,inferred
Argyll and Bute,2021-05-04,0.0,0.0,0.0,1.0,1.0,1.0,2.0,3.0,4.0,4.0,5.0,6.0,9.5,inferred
Argyll and Bute,2021-05-05,0.0,0.0,1.0,1.0,2.0,2.0,3.0,3.0,4.0,5.0,6.0,8.0,11.0,inferred
Argyll and Bute,2021-05-06,0.0,0.0,1.0,1.0,1.0,2.0,3.0,3.0,4.0,5.0,6.0,7.0,11.0,inferred
Argyll and Bute,2021-05-07,0.0,0.0,1.0,1.0,1.0,2.0,3.0,3.0,4.0,5.0,5.0,7.0,12.0,inferred
Argyll and Bute,2021-05-08,0.0,0.0,1.0,1.0,1.0,2.0,3.0,3.0,4.0,5.0,5.0,7.0,11.5,inferred
Argyll and Bute,2021-05-09,0.0,0.0,0.0,1.0,1.0,1.0,2.0,3.0,4.0,4.0,5.0,6.0,10.0,inferred
Argyll and Bute,2021-05-10,0.0,0.0,0.0,0.0,1.0,1.0,2.0,2.0,3.0,3.0,4.0,6.0,9.0,inferred
Argyll and Bute,2021-05-11,0.0,0.0,0.0,1.0,1.0,1.0,2.0,2.0,3.0,4.0,4.0,6.0,10.0,inferred
Argyll and Bute,2021-05-12,0.0,0.0,1.0,1.0,1.0,2.0,3.0,3.0,4.0,5.0,6.0,7.0,12.0,inferred
Argyll and Bute,2021-05-13,0.0,0.0,1.0,1.0,1.0,2.0,3.0,3.0,4.0,5.0,5.0,7.0,11.0,inferred
Argyll and Bute,2021-05-14,0.0,0.0,1.0,1.0,1.0,2.0,3.0,3.0,5.0,5.0,6.0,8.0,12.0,inferred
Argyll and Bute,2021-05-15,0.0,0.0,1.0,1.0,1.0,2.0,3.0,3.0,4.0,5.0,6.0,8.0,12.0,inferred
Argyll and Bute,2021-05-16,0.0,0.0,1.0,1.0,1.0,2.0,2.0,3.0,4.0,4.0,5.0,7.0,10.0,inferred
Argyll and Bute,2021-05-17,0.0,0.0,0.0,1.0,1.0,1.0,2.0,2.0,3.0,4.0,4.0,6.0,10.0,inferred
Argyll and Bute,2021-05-18,0.0,0.0,1.0,1.0,1.0,2.0,2.0,3.0,4.0,4.0,5.0,7.0,10.0,inferred
Argyll and Bute,2021-05-19,0.0,1.0,1.0,2.0,2.0,3.0,4.0,4.0,5.0,6.0,7.0,9.0,13.0,inferred
Argyll and Bute,2021-05-20,0.0,1.0,1.0,2.0,2.0,3.0,4.0,5.0,6.0,6.0,7.0,9.0,13.0,inferred
Argyll and Bute,2021-05-21,0.0,1.0,2.0,2.0,3.0,4.0,4.0,5.0,6.0,7.0,8.0,10.0,14.0,inferred
Argyll and Bute,2021-05-22,0.0,1.0,2.0,2.0,3.0,4.0,5.0,5.0,7.0,7.0,8.0,10.0,15.0,inferred
Argyll and Bute,2021-05-23,0.0,1.0,2.0,2.0,3.0,3.0,4.0,5.0,6.0,7.0,7.0,9.0,13.0,inferred
Argyll and Bute,2021-05-24,0.0,1.0,1.0,2.0,2.0,3.0,4.0,4.0,5.0,6.0,7.0,9.0,14.0,inferred
Argyll and Bute,2021-05-25,0.0,1.0,2.0,2.0,3.0,4.0,4.0,5.0,7.0,7.0,8.0,11.0,15.0,inferred
Argyll and Bute,2021-05-26,1.0,3.0,4.0,4.0,5.0,6.0,7.0,8.0,10.0,10.0,12.0,14.0,18.0,inferred
Argyll and Bute,2021-05-27,1.0,3.0,4.0,5.0,5.0,6.0,7.0,9.0,10.0,11.0,12.0,15.0,21.0,inferred
Argyll and Bute,2021-05-28,1.5,4.0,5.0,6.0,6.0,8.0,9.0,10.0,12.0,13.0,14.0,17.0,23.0,inferred
Argyll and Bute,2021-05-29,2.0,4.0,5.0,6.0,7.0,8.0,9.0,11.0,12.0,13.0,14.0,18.0,22.5,inferred
Argyll and Bute,2021-05-30,2.0,3.0,5.0,6.0,6.0,7.0,9.0,10.0,11.0,13.0,13.0,17.0,22.0,inferred
Argyll and Bute,2021-05-31,1.0,3.0,4.8,5.0,6.0,7.0,8.0,9.0,11.0,11.2,13.0,15.0,21.0,inferred
Argyll and Bute,2021-06-01,2.0,4.0,5.0,6.0,6.7,8.0,9.0,10.4,12.0,13.0,14.0,17.0,22.0,inferred
Argyll and Bute,2021-06-02,3.0,6.0,8.0,9.0,9.0,11.0,13.0,14.0,16.0,17.0,18.0,22.0,28.0,inferred
Argyll and Bute,2021-06-03,3.0,6.0,7.0,8.0,9.0,10.0,12.0,13.0,15.0,16.0,18.0,21.0,27.0,inferred
Argyll and Bute,2021-06-04,3.0,6.0,8.0,9.0,10.0,11.0,13.0,14.0,16.0,17.0,18.0,22.0,28.0,inferred
Argyll and Bute,2021-06-05,3.0,6.0,8.0,8.0,9.0,11.0,12.0,14.0,16.0,17.0,18.0,21.0,28.5,inferred
Argyll and Bute,2021-06-06,2.0,5.0,6.0,7.0,8.0,9.0,10.0,12.0,13.0,14.0,16.0,19.0,25.0,inferred
Argyll and Bute,2021-06-07,2.0,4.0,5.0,6.0,6.0,8.0,9.0,10.0,12.0,13.0,14.0,17.0,22.5,inferred
Argyll and Bute,2021-06-08,2.0,4.0,6.0,6.0,7.0,8.0,10.0,11.0,13.0,14.0,15.0,18.0,24.0,inferred
Argyll and Bute,2021-06-09,4.0,7.0,9.0,10.0,11.0,12.6,14.0,16.0,18.0,19.0,20.0,24.0,29.0,inferred
Argyll and Bute,2021-06-10,4.0,7.0,9.0,10.0,11.0,12.0,14.0,16.0,18.0,19.0,20.0,24.0,31.0,inferred
Argyll and Bute,2021-06-11,6.0,8.0,11.0,12.0,13.0,15.0,16.0,18.0,20.0,21.0,22.0,26.0,33.0,inferred
Argyll and Bute,2021-06-12,5.0,8.0,11.0,12.0,13.0,14.0,16.0,18.0,20.0,21.0,22.0,26.0,32.0,inferred
Argyll and Bute,2021-06-13,5.0,8.0,10.0,11.0,12.0,13.0,15.0,17.0,18.0,20.0,21.0,24.0,30.0,inferred
Argyll and Bute,2021-06-14,4.0,6.0,8.0,9.0,10.0,12.0,13.0,15.0,16.0,17.0,19.0,22.0,28.0,inferred
Argyll and Bute,2021-06-15,5.0,8.0,10.0,11.0,12.0,14.0,15.0,17.0,19.0,20.0,22.0,25.0,33.0,inferred
Argyll and Bute,2021-06-16,9.0,14.0,17.0,18.0,19.0,22.0,24.0,26.0,28.0,29.0,31.0,35.0,43.0,inferred
Argyll and Bute,2021-06-17,10.0,14.0,17.0,19.0,20.0,22.0,24.0,26.0,30.0,31.0,33.0,38.0,47.0,inferred
Argyll and Bute,2021-06-18,12.0,16.0,20.0,22.0,23.0,26.0,28.0,31.0,33.0,35.0,37.0,43.0,51.5,inferred
Arun,2021-03-06,4.0,6.0,8.0,8.0,9.0,10.0,10.0,11.0,12.0,13.0,14.0,16.0,19.0,inferred
Arun,2021-03-07,5.0,7.0,9.0,9.0,10.0,11.0,12.0,13.0,14.0,15.0,15.0,17.0,20.0,inferred
Arun,2021-03-08,6.0,9.0,10.0,11.0,11.0,13.0,13.5,15.0,16.0,17.0,17.0,19.0,22.0,inferred
Arun,2021-03-09,5.0,7.0,9.0,10.0,10.0,11.0,12.0,13.0,14.3,15.0,16.0,18.0,21.0,inferred
Arun,2021-03-10,6.0,8.0,9.0,10.0,10.0,12.0,13.0,14.0,15.0,15.0,16.0,18.0,21.0,inferred
Arun,2021-03-11,5.0,6.0,8.0,8.0,9.0,10.0,11.0,12.0,13.0,14.0,14.0,16.0,20.0,inferred
Arun,2021-03-12,4.0,5.0,7.0,7.0,8.0,8.0,9.0,10.0,11.0,12.0,12.0,14.0,17.0,inferred
Arun,2021-03-13,2.0,4.0,5.0,5.0,6.0,6.0,7.0,8.0,9.0,10.0,10.0,12.0,14.0,inferred
Arun,2021-03-14,3.0,5.0,6.0,6.0,7.0,8.0,9.0,9.0,10.0,11.0,12.0,13.0,16.0,inferred
Arun,2021-03-15,4.0,6.0,7.0,8.0,8.0,9.0,10.0,11.0,12.0,13.0,13.0,15.0,18.0,inferred
Arun,2021-03-16,3.0,5.0,7.0,7.0,7.0,8.0,9.0,10.0,11.0,12.0,12.0,14.0,18.0,inferred
Arun,2021-03-17,4.0,5.0,7.0,7.0,8.0,9.0,9.0,10.0,11.0,12.0,13.0,14.0,17.0,inferred
Arun,2021-03-18,3.0,4.0,6.0,6.0,7.0,8.0,8.0,9.0,10.0,11.0,11.0,13.0,16.5,inferred
Arun,2021-03-19,2.0,4.0,5.0,5.0,6.0,6.0,7.0,8.0,9.0,9.0,10.0,11.0,14.0,inferred
Arun,2021-03-20,1.0,3.0,3.0,4.0,4.0,5.0,6.0,6.0,7.0,8.0,8.0,10.0,12.0,inferred
Arun,2021-03-21,2.0,3.0,4.0,5.0,5.0,6.0,7.0,7.0,8.0,9.0,9.0,11.0,13.0,inferred
Arun,2021-03-22,3.0,4.0,5.0,6.0,6.0,7.0,7.0,8.0,9.0,10.0,10.0,12.0,14.5,inferred
Arun,2021-03-23,2.0,3.0,5.0,5.0,5.0,6.0,7.0,8.0,9.0,9.0,10.0,11.0,14.0,inferred
Arun,2021-03-24,2.0,4.0,5.0,5.0,6.0,6.0,7.0,8.0,9.0,9.0,10.0,12.0,14.0,inferred
Arun,2021-03-25,2.0,3.0,4.0,4.0,5.0,6.0,6.0,7.0,8.0,9.0,9.0,11.0,13.0,inferred
Arun,2021-03-26,1.0,2.0,3.0,4.0,4.0,5.0,5.0,6.0,7.0,7.0,8.0,9.0,12.0,inferred
Arun,2021-03-27,1.0,2.0,2.0,3.0,3.0,4.0,4.0,5.0,6.0,6.0,6.0,8.0,10.0,inferred
Arun,2021-03-28,1.0,2.0,3.0,3.0,4.0,4.0,5.0,6.0,6.0,7.0,7.0,9.0,11.0,inferred
Arun,2021-03-29,1.0,3.0,4.0,4.0,4.0,5.0,6.0,7.0,7.0,8.0,8.0,10.0,12.0,inferred
Arun,2021-03-30,1.0,3.0,4.0,4.0,4.0,5.0,6.0,6.0,7.0,8.0,8.0,10.0,12.0,inferred
Arun,2021-03-31,1.0,3.0,3.0,4.0,4.0,5.0,6.0,6.0,7.0,7.0,8.0,9.0,12.0,inferred
Arun,2021-04-01,1.0,2.0,3.0,3.0,4.0,4.0,5.0,6.0,6.0,7.0,7.0,9.0,11.0,inferred
Arun,2021-04-02,1.0,2.0,2.0,3.0,3.0,4.0,4.0,5.0,6.0,6.0,7.0,8.0,10.0,inferred
Arun,2021-04-03,0.0,1.0,2.0,2.0,3.0,3.0,3.0,4.0,5.0,5.0,6.0,7.0,9.0,inferred
Arun,2021-04-04,1.0,2.0,2.0,3.0,3.0,4.0,4.0,5.0,6.0,6.0,6.0,8.0,10.0,inferred
Arun,2021-04-05,1.0,2.0,3.0,4.0,4.0,4.0,5.0,6.0,6.0,7.0,7.0,9.0,11.0,inferred
Arun,2021-04-06,1.0,2.0,3.0,3.0,4.0,4.0,5.0,6.0,6.0,7.0,7.0,9.0,11.0,inferred
Arun,2021-04-07,1.0,2.0,3.0,4.0,4.0,5.0,5.0,6.0,7.0,7.0,8.0,9.0,12.0,inferred
Arun,2021-04-08,1.0,2.0,3.0,3.0,4.0,4.0,5.0,6.0,6.0,7.0,7.0,8.0,11.0,inferred
Arun,2021-04-09,1.0,2.0,2.0,3.0,3.0,4.0,4.0,5.0,5.3,6.0,6.0,8.0,10.0,inferred
Arun,2021-04-10,0.0,1.0,2.0,2.0,2.0,3.0,3.0,4.0,4.0,5.0,5.0,6.0,8.0,inferred
Arun,2021-04-11,0.0,1.0,2.0,2.0,3.0,3.0,4.0,4.0,5.0,5.0,6.0,7.0,9.0,inferred
Arun,2021-04-12,1.0,2.0,3.0,3.0,3.0,4.0,4.0,5.0,6.0,6.0,6.0,8.0,10.0,inferred
Arun,2021-04-13,1.0,2.0,2.0,3.0,3.0,4.0,4.0,5.0,6.0,6.0,6.0,8.0,10.0,inferred
Arun,2021-04-14,1.0,2.0,2.0,3.0,3.0,4.0,4.0,5.0,6.0,6.0,6.0,8.0,10.0,inferred
Arun,2021-04-15,0.0,1.0,2.0,2.0,3.0,3.0,4.0,4.0,5.0,5.0,6.0,7.0,9.0,inferred
Arun,2021-04-16,0.0,1.0,2.0,2.0,2.0,3.0,3.0,4.0,4.0,5.0,5.0,6.0,8.0,inferred
Arun,2021-04-17,0.0,1.0,1.0,2.0,2.0,2.0,3.0,3.0,4.0,4.0,4.0,5.0,7.0,inferred
Arun,2021-04-18,0.0,1.0,2.0,2.0,2.0,3.0,3.0,4.0,4.0,5.0,5.0,6.0,8.0,inferred
Arun,2021-04-19,0.0,1.0,2.0,2.0,3.0,3.0,4.0,4.0,5.0,5.0,6.0,7.0,9.0,inferred
Arun,2021-04-20,0.0,1.0,2.0,2.0,3.0,3.0,4.0,4.0,5.0,5.0,6.0,7.0,9.0,inferred
Arun,2021-04-21,0.0,1.0,2.0,2.0,3.0,3.0,4.0,4.0,5.0,6.0,6.0,7.0,10.0,inferred
Arun,2021-04-22,0.0,1.0,2.0,2.0,2.0,3.0,3.0,4.0,5.0,5.0,5.0,7.0,9.0,inferred
Arun,2021-04-23,0.0,1.0,2.0,2.0,2.0,3.0,3.0,4.0,4.0,5.0,5.0,6.0,8.0,inferred
Arun,2021-04-24,0.0,1.0,1.0,2.0,2.0,2.0,3.0,3.0,4.0,4.0,4.0,6.0,7.0,inferred
Arun,2021-04-25,0.0,1.0,2.0,2.0,2.0,3.0,3.0,4.0,4.0,5.0,5.0,6.0,8.0,inferred
Arun,2021-04-26,0.0,1.0,2.0,2.0,3.0,3.0,4.0,5.0,5.0,6.0,6.0,7.0,10.0,inferred
Arun,2021-04-27,0.0,1.0,2.0,2.0,3.0,3.0,4.0,4.0,5.0,5.0,6.0,7.0,9.0,inferred
Arun,2021-04-28,0.0,1.0,2.0,2.0,3.0,3.0,4.0,4.0,5.0,5.0,6.0,7.0,9.0,inferred
Arun,2021-04-29,0.0,1.0,2.0,2.0,2.0,3.0,3.0,4.0,5.0,5.0,5.0,7.0,9.0,inferred
Arun,2021-04-30,0.0,1.0,1.0,2.0,2.0,2.0,3.0,3.0,4.0,4.0,5.0,6.0,8.0,inferred
Arun,2021-05-01,0.0,0.0,1.0,1.0,1.0,2.0,2.0,3.0,3.0,4.0,4.0,5.0,7.0,inferred
Arun,2021-05-02,0.0,1.0,1.0,1.0,2.0,2.0,3.0,3.0,4.0,4.0,5.0,6.0,7.0,inferred
Arun,2021-05-03,0.0,1.0,2.0,2.0,2.0,3.0,3.0,4.0,5.0,5.0,5.0,6.0,8.0,inferred
Arun,2021-05-04,0.0,1.0,2.0,2.0,2.0,3.0,3.0,4.0,4.0,5.0,5.0,6.0,8.0,inferred
Arun,2021-05-05,0.0,1.0,2.0,2.0,2.0,3.0,3.0,4.0,4.0,5.0,5.0,6.0,9.0,inferred
Arun,2021-05-06,0.0,1.0,2.0,2.0,2.0,3.0,3.0,3.4,4.0,5.0,5.0,6.0,8.0,inferred
Arun,2021-05-07,0.0,1.0,1.0,1.0,2.0,2.0,3.0,3.0,4.0,4.0,4.0,6.0,7.0,inferred
Arun,2021-05-08,0.0,0.0,1.0,1.0,1.0,2.0,2.0,2.0,3.0,3.0,4.0,5.0,6.0,inferred
Arun,2021-05-09,0.0,1.0,1.0,1.0,1.0,2.0,2.0,3.0,3.0,4.0,4.0,5.0,7.0,inferred
Arun,2021-05-10,0.0,1.0,1.0,2.0,2.0,2.0,3.0,3.0,4.0,4.0,5.0,6.0,7.0,inferred
Arun,2021-05-11,0.0,1.0,1.0,1.0,2.0,2.0,3.0,3.0,3.0,4.0,4.0,5.0,7.0,inferred
Arun,2021-05-12,0.0,1.0,1.0,1.0,2.0,2.0,3.0,3.0,4.0,4.0,4.0,5.0,7.0,inferred
Arun,2021-05-13,0.0,0.0,1.0,1.0,1.0,2.0,2.0,3.0,3.0,3.0,4.0,5.0,7.0,inferred
Arun,2021-05-14,0.0,0.0,1.0,1.0,1.0,1.0,2.0,2.0,3.0,3.0,3.0,4.0,6.0,inferred
Arun,2021-05-15,0.0,0.0,0.0,1.0,1.0,1.0,1.0,2.0,2.0,2.0,3.0,4.0,5.0,inferred
Arun,2021-05-16,0.0,0.0,0.0,1.0,1.0,1.0,2.0,2.0,2.0,3.0,3.0,4.0,5.0,inferred
Arun,2021-05-17,0.0,0.0,1.0,1.0,1.0,1.0,2.0,2.0,3.0,3.0,3.0,4.0,6.0,inferred
Arun,2021-05-18,0.0,0.0,1.0,1.0,1.0,1.0,2.0,2.0,3.0,3.0,3.0,4.0,6.0,inferred
Arun,2021-05-19,0.0,0.0,1.0,1.0,1.0,1.0,2.0,2.0,3.0,3.0,3.0,4.0,6.0,inferred
Arun,2021-05-20,0.0,0.0,0.0,1.0,1.0,1.0,2.0,2.0,2.0,3.0,3.0,4.0,6.0,inferred
Arun,2021-05-21,0.0,0.0,0.0,1.0,1.0,1.0,1.0,2.0,2.0,3.0,3.0,4.0,5.0,inferred
Arun,2021-05-22,0.0,0.0,0.0,0.0,0.0,1.0,1.0,1.0,2.0,2.0,2.0,3.0,4.5,inferred
Arun,2021-05-23,0.0,0.0,0.0,1.0,1.0,1.0,1.0,2.0,2.0,2.0,3.0,4.0,5.0,inferred
Arun,2021-05-24,0.0,0.0,1.0,1.0,1.0,1.0,2.0,2.0,3.0,3.0,3.0,4.0,6.0,inferred
Arun,2021-05-25,0.0,0.0,1.0,1.0,1.0,1.0,2.0,2.0,3.0,3.0,3.0,4.0,6.0,inferred
Arun,2021-05-26,0.0,0.0,1.0,1.0,1.0,2.0,2.0,3.0,3.0,3.0,4.0,5.0,7.0,inferred
Arun,2021-05-27,0.0,0.0,1.0,1.0,1.0,2.0,2.0,2.0,3.0,3.0,4.0,5.0,7.0,inferred
Arun,2021-05-28,0.0,0.0,1.0,1.0,1.0,2.0,2.0,2.0,3.0,3.0,3.0,4.0,6.0,inferred
Arun,2021-05-29,0.0,0.0,1.0,1.0,1.0,1.0,2.0,2.0,3.0,3.0,3.0,4.0,6.0,inferred
Arun,2021-05-30,0.0,0.0,1.0,1.0,1.0,2.0,2.0,3.0,3.0,4.0,4.0,5.0,7.0,inferred
Arun,2021-05-31,0.0,1.0,1.0,2.0,2.0,2.0,3.0,4.0,4.0,4.0,5.0,6.0,8.0,inferred
Arun,2021-06-01,0.0,1.0,2.0,2.0,2.0,3.0,3.0,4.0,4.0,5.0,5.0,6.0,8.0,inferred
Arun,2021-06-02,0.0,1.0,2.0,2.0,2.0,3.0,3.0,4.0,5.0,5.0,5.0,7.0,8.5,inferred
Arun,2021-06-03,0.0,1.0,2.0,2.0,2.0,3.0,3.0,4.0,5.0,5.0,5.0,7.0,9.0,inferred
Arun,2021-06-04,0.0,1.0,2.0,2.0,2.0,3.0,3.0,4.0,4.0,5.0,5.0,6.0,8.0,inferred
Arun,2021-06-05,0.0,1.0,1.0,2.0,2.0,2.0,3.0,3.0,4.0,4.0,5.0,6.0,8.0,inferred
Arun,2021-06-06,0.0,1.0,2.0,2.0,2.0,3.0,3.0,4.0,5.0,5.0,6.0,7.0,9.0,inferred
Arun,2021-06-07,1.0,2.0,3.0,3.0,3.0,4.0,5.0,5.0,6.0,7.0,7.0,8.0,11.0,inferred
Arun,2021-06-08,1.0,2.0,3.0,3.0,4.0,4.0,5.0,6.0,6.0,7.0,7.0,9.0,11.0,inferred
Arun,2021-06-09,1.0,3.0,4.0,4.0,5.0,5.0,6.0,7.0,7.0,8.0,8.0,10.0,12.0,inferred
Arun,2021-06-10,1.0,3.0,4.0,4.0,5.0,5.0,6.0,7.0,8.0,8.0,8.2,10.0,13.0,inferred
Arun,2021-06-11,2.0,3.0,4.0,4.0,4.0,5.0,6.0,7.0,8.0,8.0,9.0,10.0,12.0,inferred
Arun,2021-06-12,1.0,2.0,3.0,4.0,4.0,5.0,5.0,6.0,7.0,7.0,8.0,9.0,11.0,inferred
Arun,2021-06-13,2.0,3.0,4.0,5.0,5.0,6.0,7.0,8.0,8.0,9.0,9.0,11.0,14.0,inferred
Arun,2021-06-14,3.0,5.0,6.0,7.0,7.0,8.0,9.0,10.0,11.0,12.0,12.0,14.0,17.0,inferred
Arun,2021-06-15,4.0,5.9,7.0,7.0,8.0,9.0,10.0,11.0,12.0,12.0,13.0,15.0,18.0,inferred
Arun,2021-06-16,5.0,7.0,8.0,8.8,9.0,10.0,11.0,12.0,13.0,14.0,15.0,17.0,20.0,inferred
Arun,2021-06-17,4.0,6.0,8.0,9.0,9.0,10.0,11.0,12.0,13.0,14.0,15.0,17.0,20.0,inferred
Arun,2021-06-18,4.0,6.0,7.0,8.0,8.0,9.0,10.0,11.0,12.3,13.0,14.0,16.0,19.0,inferred
Ashfield,2021-03-06,4.0,6.0,8.0,8.0,9.0,10.0,11.0,12.0,14.0,14.0,15.0,17.0,21.0,inferred
Ashfield,2021-03-07,6.0,7.0,9.0,10.0,10.0,11.0,12.0,14.0,15.0,16.0,16.0,19.0,22.0,inferred
Ashfield,2021-03-08,7.0,10.0,12.0,13.0,13.0,15.0,16.0,17.0,18.0,19.0,20.0,22.0,26.0,inferred
Ashfield,2021-03-09,7.0,9.0,11.0,12.0,13.0,14.0,15.0,16.0,18.0,18.0,19.0,22.0,26.0,inferred
Ashfield,2021-03-10,7.0,10.0,12.0,13.0,13.0,14.0,16.0,17.0,18.0,19.0,20.0,23.0,27.0,inferred
Ashfield,2021-03-11,6.0,9.0,11.0,11.0,12.0,13.0,14.0,16.0,17.0,18.0,19.0,21.0,25.0,inferred
Ashfield,2021-03-12,5.5,8.0,9.0,10.0,11.0,12.0,13.0,14.0,16.0,17.0,18.0,20.0,24.5,inferred
Ashfield,2021-03-13,4.0,6.0,7.0,8.0,8.0,10.0,11.0,12.0,13.0,13.0,14.0,16.0,20.0,inferred
Ashfield,2021-03-14,5.0,7.0,9.0,9.0,10.0,11.0,12.0,13.0,15.0,16.0,16.0,19.0,22.5,inferred
Ashfield,2021-03-15,7.0,10.0,12.0,13.0,13.0,15.0,16.0,18.0,19.0,20.0,21.0,23.0,29.0,inferred
Ashfield,2021-03-16,7.0,10.0,11.0,12.0,13.0,14.0,15.0,17.0,18.0,19.0,20.0,23.0,27.0,inferred
Ashfield,2021-03-17,7.0,10.0,12.0,13.0,14.0,15.0,17.0,18.0,20.0,20.2,22.0,24.0,28.5,inferred
Ashfield,2021-03-18,7.0,9.0,11.0,11.0,12.0,13.0,14.0,16.0,17.0,18.0,19.0,22.0,27.0,inferred
Ashfield,2021-03-19,6.0,8.0,10.0,10.0,11.0,12.0,13.0,15.0,16.0,17.0,18.0,20.0,24.0,inferred
Ashfield,2021-03-20,4.0,6.0,8.0,8.0,9.0,10.0,11.0,12.0,13.0,14.0,14.0,17.0,21.0,inferred
Ashfield,2021-03-21,5.0,7.0,9.0,10.0,10.0,11.0,12.0,14.0,15.0,16.0,17.0,19.0,22.5,inferred
Ashfield,2021-03-22,7.0,10.0,12.0,13.0,14.0,15.0,16.0,17.0,19.0,20.0,21.0,24.0,28.0,inferred
Ashfield,2021-03-23,6.5,9.0,11.0,12.0,12.0,14.0,15.0,16.0,18.0,18.0,19.0,22.0,27.0,inferred
Ashfield,2021-03-24,6.0,9.0,11.0,12.0,12.0,14.0,15.0,16.0,18.0,19.0,19.0,22.0,26.0,inferred
Ashfield,2021-03-25,5.0,7.0,9.0,9.0,10.0,11.0,12.0,13.0,15.0,16.0,16.0,19.0,23.0,inferred
Ashfield,2021-03-26,3.0,6.0,7.0,8.0,8.0,9.0,10.0,11.4,13.0,13.0,14.0,16.0,20.5,inferred
Ashfield,2021-03-27,2.0,4.0,5.0,5.0,6.0,7.0,8.0,9.0,10.0,10.0,11.0,13.0,16.0,inferred
Ashfield,2021-03-28,2.0,4.0,6.0,6.0,7.0,7.0,8.0,9.0,11.0,11.0,12.0,14.0,17.0,inferred
Ashfield,2021-03-29,3.0,5.0,6.0,7.0,7.0,8.0,9.0,10.0,12.0,12.0,13.0,15.0,20.0,inferred
Ashfield,2021-03-30,3.0,5.0,6.0,6.0,7.0,8.0,9.0,10.0,11.0,11.0,12.0,14.0,18.0,inferred
Ashfield,2021-03-31,2.0,4.0,5.8,6.0,7.0,8.0,8.0,9.0,10.0,11.0,12.0,14.0,17.0,inferred
Ashfield,2021-04-01,2.0,3.0,4.0,5.0,5.0,6.0,7.0,8.0,9.0,9.2,10.0,12.0,15.0,inferred
Ashfield,2021-04-02,1.0,2.0,3.0,4.0,4.0,5.0,6.0,7.0,8.0,8.0,9.0,10.0,13.5,inferred
Ashfield,2021-04-03,0.0,1.0,2.0,3.0,3.0,4.0,4.0,5.0,6.0,6.0,7.0,8.0,11.0,inferred
Ashfield,2021-04-04,0.0,2.0,3.0,3.0,3.0,4.0,5.0,5.0,6.0,7.0,7.0,9.0,12.0,inferred
Ashfield,2021-04-05,1.0,2.0,3.0,4.0,4.0,5.0,6.0,6.0,7.0,8.0,8.0,10.0,13.0,inferred
Ashfield,2021-04-06,1.0,2.0,3.0,3.0,4.0,4.0,5.0,6.0,7.0,7.0,8.0,9.0,12.0,inferred
Ashfield,2021-04-07,1.0,2.0,3.0,3.0,4.0,4.0,5.0,6.0,7.0,7.0,8.0,9.0,12.0,inferred
Ashfield,2021-04-08,0.0,1.0,2.0,3.0,3.0,3.0,4.0,5.0,6.0,6.0,6.0,8.0,10.0,inferred
Ashfield,2021-04-09,0.0,1.0,2.0,2.0,2.0,3.0,3.0,4.0,5.0,5.0,6.0,7.0,10.0,inferred
Ashfield,2021-04-10,0.0,0.0,1.0,1.0,2.0,2.0,2.0,3.0,4.0,4.0,4.0,6.0,8.0,inferred
Ashfield,2021-04-11,0.0,1.0,1.0,2.0,2.0,2.0,3.0,4.0,4.0,5.0,5.0,6.0,9.0,inferred
Ashfield,2021-04-12,0.0,1.0,2.0,2.0,2.0,3.0,4.0,4.0,5.0,5.0,6.0,7.0,10.0,inferred
Ashfield,2021-04-13,0.0,1.0,1.0,2.0,2.0,3.0,3.0,4.0,5.0,5.0,6.0,7.0,10.0,inferred
Ashfield,2021-04-14,0.0,1.0,1.0,2.0,2.0,3.0,3.0,4.0,5.0,5.0,5.0,7.0,9.0,inferred
Ashfield,2021-04-15,0.0,0.0,1.0,1.0,2.0,2.0,3.0,3.0,4.0,4.0,5.0,6.0,8.0,inferred
Ashfield,2021-04-16,0.0,0.0,1.0,1.0,1.0,2.0,2.0,3.0,3.3,4.0,4.0,5.0,8.0,inferred
Ashfield,2021-04-17,0.0,0.0,0.0,1.0,1.0,1.0,2.0,2.0,3.0,3.0,3.0,5.0,7.0,inferred
Ashfield,2021-04-18,0.0,0.0,1.0,1.0,1.0,2.0,2.0,3.0,3.0,4.0,4.0,5.0,7.5,inferred
Ashfield,2021-04-19,0.0,0.0,1.0,1.0,2.0,2.0,3.0,3.0,4.0,4.0,5.0,6.0,9.0,inferred
Ashfield,2021-04-20,0.0,0.0,1.0,1.0,1.0,2.0,2.0,3.0,4.0,4.0,4.0,6.0,8.0,inferred
Ashfield,2021-04-21,0.0,0.0,1.0,1.0,1.0,2.0,3.0,3.0,4.0,4.0,4.0,6.0,8.0,inferred
Ashfield,2021-04-22,0.0,0.0,1.0,1.0,1.0,2.0,2.0,3.0,3.0,4.0,4.0,5.0,8.0,inferred
Ashfield,2021-04-23,0.0,0.0,1.0,1.0,1.0,2.0,2.0,2.0,3.0,3.0,4.0,5.0,7.0,inferred
Ashfield,2021-04-24,0.0,0.0,0.0,0.0,1.0,1.0,1.0,2.0,2.0,3.0,3.0,4.0,6.0,inferred
Ashfield,2021-04-25,0.0,0.0,0.0,1.0,1.0,1.0,2.0,2.0,3.0,3.0,3.0,4.0,7.0,inferred
Ashfield,2021-04-26,0.0,0.0,1.0,1.0,1.0,2.0,2.0,3.0,3.0,4.0,4.0,6.0,8.0,inferred
Ashfield,2021-04-27,0.0,0.0,1.0,1.0,1.0,2.0,2.0,3.0,3.0,3.0,4.0,5.0,7.5,inferred
Ashfield,2021-04-28,0.0,0.0,1.0,1.0,1.0,2.0,2.0,3.0,3.0,4.0,4.0,5.0,8.0,inferred
Ashfield,2021-04-29,0.0,0.0,1.0,1.0,1.0,1.0,2.0,2.0,3.0,3.0,4.0,5.0,7.0,inferred
Ashfield,2021-04-30,0.0,0.0,0.0,1.0,1.0,1.0,2.0,2.0,3.0,3.0,3.0,4.0,6.0,inferred
Ashfield,2021-05-01,0.0,0.0,0.0,0.0,1.0,1.0,1.0,2.0,2.0,2.0,3.0,4.0,6.0,inferred
Ashfield,2021-05-02,0.0,0.0,0.0,1.0,1.0,1.0,1.0,2.0,2.0,3.0,3.0,4.0,6.0,inferred
Ashfield,2021-05-03,0.0,0.0,1.0,1.0,1.0,2.0,2.0,3.0,3.0,4.0,4.0,5.0,8.0,inferred
Ashfield,2021-05-04,0.0,0.0,1.0,1.0,1.0,2.0,2.0,3.0,3.0,4.0,4.0,5.0,7.0,inferred
Ashfield,2021-05-05,0.0,0.0,1.0,1.0,1.0,2.0,2.0,3.0,4.0,4.0,4.0,6.0,8.0,inferred
Ashfield,2021-05-06,0.0,0.0,1.0,1.0,1.0,2.0,2.0,3.0,3.0,4.0,4.0,5.0,8.0,inferred
Ashfield,2021-05-07,0.0,0.0,1.0,1.0,1.0,2.0,2.0,3.0,3.0,4.0,4.0,5.0,7.0,inferred
Ashfield,2021-05-08,0.0,0.0,0.0,1.0,1.0,1.0,2.0,2.0,3.0,3.0,4.0,5.0,7.0,inferred
Ashfield,2021-05-09,0.0,0.0,1.0,1.0,1.0,2.0,2.0,3.0,3.0,4.0,4.0,5.0,7.0,inferred
Ashfield,2021-05-10,0.0,1.0,2.0,2.0,2.0,3.0,3.0,4.0,4.0,5.0,5.0,7.0,9.0,inferred
Ashfield,2021-05-11,0.0,1.0,1.0,2.0,2.0,3.0,3.0,4.0,5.0,5.0,5.2,7.0,10.0,inferred
Ashfield,2021-05-12,0.0,1.0,2.0,2.0,2.0,3.0,3.0,4.0,5.0,5.0,5.0,7.0,10.0,inferred
Ashfield,2021-05-13,0.0,1.0,1.0,2.0,2.0,2.0,3.0,4.0,4.0,5.0,5.0,7.0,9.0,inferred
Ashfield,2021-05-14,0.0,0.0,1.0,1.0,2.0,2.0,3.0,3.0,4.0,4.0,5.0,6.0,9.0,inferred
Ashfield,2021-05-15,0.0,0.0,1.0,1.0,1.0,2.0,2.0,3.0,3.0,4.0,4.0,5.0,8.0,inferred
Ashfield,2021-05-16,0.0,0.0,1.0,1.0,1.0,2.0,3.0,3.0,4.0,4.0,5.0,6.0,8.0,inferred
Ashfield,2021-05-17,0.0,1.0,1.0,2.0,2.0,3.0,3.0,4.0,5.0,5.0,5.0,7.0,9.0,inferred
Ashfield,2021-05-18,0.0,1.0,1.0,2.0,2.0,2.0,3.0,4.0,4.0,5.0,5.0,7.0,9.0,inferred
Ashfield,2021-05-19,0.0,1.0,1.0,2.0,2.0,3.0,3.0,4.0,4.0,5.0,5.0,7.0,9.0,inferred
Ashfield,2021-05-20,0.0,1.0,1.0,1.0,2.0,2.0,3.0,3.0,4.0,4.0,5.0,6.0,8.0,inferred
Ashfield,2021-05-21,0.0,0.0,1.0,1.0,1.0,2.0,2.0,3.0,3.0,4.0,4.0,5.0,8.0,inferred
Ashfield,2021-05-22,0.0,0.0,0.0,1.0,1.0,1.0,2.0,2.0,3.0,3.0,3.0,5.0,7.0,inferred
Ashfield,2021-05-23,0.0,0.0,1.0,1.0,1.0,1.0,2.0,2.0,3.0,3.0,4.0,5.0,7.0,inferred
Ashfield,2021-05-24,0.0,0.0,1.0,1.0,2.0,2.0,3.0,3.0,4.0,4.0,5.0,6.0,8.0,inferred
Ashfield,2021-05-25,0.0,0.0,1.0,1.0,1.0,2.0,2.0,3.0,4.0,4.0,5.0,6.0,8.0,inferred
Ashfield,2021-05-26,0.0,0.0,1.0,1.0,2.0,2.0,3.0,3.0,4.0,4.0,5.0,6.0,9.0,inferred
Ashfield,2021-05-27,0.0,0.0,1.0,1.0,2.0,2.0,2.0,3.0,4.0,4.0,5.0,6.0,8.0,inferred
Ashfield,2021-05-28,0.0,0.0,1.0,1.0,1.0,2.0,2.0,3.0,3.0,4.0,4.0,6.0,8.0,inferred
Ashfield,2021-05-29,0.0,0.0,1.0,1.0,1.0,2.0,2.0,2.0,3.0,3.0,4.0,5.0,7.0,inferred
Ashfield,2021-05-30,0.0,0.0,1.0,1.0,1.0,2.0,2.0,3.0,4.0,4.0,4.0,6.0,8.0,inferred
Ashfield,2021-05-31,0.0,1.0,1.0,2.0,2.0,3.0,3.0,4.0,5.0,5.0,5.0,7.0,10.0,inferred
Ashfield,2021-06-01,0.0,1.0,2.0,2.0,2.0,3.0,3.0,4.0,5.0,5.0,6.0,7.0,9.0,inferred
Ashfield,2021-06-02,0.0,1.0,2.0,2.0,3.0,3.0,4.0,4.0,5.0,6.0,6.0,8.0,10.0,inferred
Ashfield,2021-06-03,0.0,1.0,2.0,2.0,3.0,3.0,4.0,5.0,5.0,6.0,6.0,8.0,10.0,inferred
Ashfield,2021-06-04,0.0,1.0,2.0,2.0,3.0,3.0,4.0,4.0,5.0,6.0,6.0,7.0,10.0,inferred
Ashfield,2021-06-05,0.0,1.0,1.0,2.0,2.0,3.0,3.0,4.0,4.3,5.0,5.0,7.0,9.0,inferred
Ashfield,2021-06-06,0.0,1.0,2.0,2.0,3.0,3.0,4.0,5.0,6.0,6.0,7.0,8.0,11.0,inferred
Ashfield,2021-06-07,1.0,2.0,3.0,4.0,4.0,5.0,6.0,7.0,8.0,8.0,9.0,11.0,14.0,inferred
Ashfield,2021-06-08,1.0,3.0,4.0,4.0,4.0,5.0,6.0,7.0,8.0,9.0,9.0,11.0,15.0,inferred
Ashfield,2021-06-09,2.0,3.0,5.0,5.0,5.0,6.0,7.0,8.0,9.0,10.0,11.0,12.0,15.0,inferred
Ashfield,2021-06-10,2.0,3.0,5.0,5.0,5.0,6.0,7.0,8.0,9.0,10.0,10.0,12.0,15.0,inferred
Ashfield,2021-06-11,2.0,3.0,4.0,5.0,5.0,6.0,7.0,8.0,9.0,9.0,10.0,12.0,15.0,inferred
Ashfield,2021-06-12,1.0,2.0,4.0,4.0,4.0,5.0,6.0,7.0,8.0,8.0,9.0,11.0,14.0,inferred
Ashfield,2021-06-13,2.0,3.0,5.0,5.0,6.0,7.0,7.0,8.0,9.0,10.0,11.0,13.0,16.0,inferred
Ashfield,2021-06-14,3.0,6.0,7.0,8.0,8.0,9.0,10.0,11.0,13.0,13.0,14.0,17.0,20.5,inferred
Ashfield,2021-06-15,3.0,6.0,7.0,8.0,8.0,9.0,10.0,12.0,13.0,14.0,14.0,17.0,21.0,inferred
Ashfield,2021-06-16,4.0,7.0,9.0,9.0,10.0,11.0,12.0,14.0,15.0,16.0,17.0,19.0,23.0,inferred
Ashfield,2021-06-17,4.0,6.0,8.0,9.0,9.0,11.0,12.0,13.0,14.0,15.0,16.0,18.0,22.0,inferred
Ashfield,2021-06-18,4.0,6.0,8.0,9.0,9.0,10.0,12.0,13.0,14.0,15.0,16.0,18.0,23.0,inferred
Ashford,2021-03-06,0.0,1.0,2.0,2.0,3.0,3.0,4.0,5.0,5.0,6.0,6.0,7.0,9.5,inferred
Ashford,2021-03-07,1.0,2.0,2.0,3.0,3.0,4.0,4.0,5.0,6.0,6.0,7.0,8.0,10.0,inferred
Ashford,2021-03-08,1.0,2.0,3.0,3.0,4.0,4.0,5.0,6.0,6.0,7.0,7.0,9.0,11.0,inferred
Ashford,2021-03-09,1.0,2.0,3.0,3.0,4.0,4.0,5.0,6.0,6.0,7.0,7.0,8.1,11.0,inferred
Ashford,2021-03-10,1.0,2.0,3.0,4.0,4.0,5.0,5.0,6.0,7.0,7.0,8.0,9.0,12.0,inferred
Ashford,2021-03-11,1.0,2.0,3.0,3.0,4.0,4.0,5.0,6.0,7.0,7.0,8.0,9.0,11.0,inferred
Ashford,2021-03-12,1.0,2.0,3.0,3.0,3.0,4.0,5.0,5.0,6.0,7.0,7.0,9.0,11.0,inferred
Ashford,2021-03-13,0.0,1.0,2.0,2.0,3.0,3.0,4.0,5.0,5.0,6.0,6.0,7.0,10.0,inferred
Ashford,2021-03-14,1.0,2.0,3.0,3.0,4.0,4.0,5.0,5.0,6.0,7.0,7.0,9.0,11.0,inferred
Ashford,2021-03-15,1.0,3.0,4.0,4.0,5.0,5.0,6.0,7.0,8.0,8.0,9.0,10.0,13.0,inferred
Ashford,2021-03-16,2.0,3.0,4.0,4.0,5.0,5.0,6.0,7.0,8.0,8.0,9.0,10.0,13.0,inferred
Ashford,2021-03-17,2.0,3.0,4.0,4.0,5.0,6.0,6.0,7.0,8.0,9.0,9.0,11.0,13.0,inferred
Ashford,2021-03-18,1.0,3.0,4.0,4.0,5.0,5.0,6.0,7.0,7.0,8.0,9.0,10.0,12.0,inferred
Ashford,2021-03-19,1.0,2.0,3.0,4.0,4.0,5.0,5.0,6.0,7.0,7.0,8.0,9.0,12.0,inferred
Ashford,2021-03-20,1.0,2.0,2.0,3.0,3.0,4.0,4.0,5.0,6.0,6.0,6.0,8.0,10.0,inferred
Ashford,2021-03-21,1.0,2.0,3.0,3.0,4.0,4.0,5.0,6.0,6.0,7.0,7.0,9.0,11.0,inferred
Ashford,2021-03-22,1.0,3.0,4.0,4.0,5.0,5.0,6.0,7.0,8.0,8.0,9.0,11.0,14.0,inferred
Ashford,2021-03-23,1.0,3.0,3.0,4.0,4.0,5.0,6.0,7.0,7.0,8.0,9.0,10.0,14.0,inferred
Ashford,2021-03-24,1.0,3.0,4.0,4.0,4.0,5.0,6.0,7.0,8.0,8.0,9.0,10.0,13.0,inferred
Ashford,2021-03-25,1.0,2.0,3.0,4.0,4.0,5.0,5.0,6.0,7.0,7.0,8.0,9.0,12.0,inferred
Ashford,2021-03-26,1.0,2.0,2.0,3.0,3.0,4.0,4.0,5.0,6.0,6.0,7.0,8.0,10.0,inferred
Ashford,2021-03-27,0.0,1.0,2.0,2.0,2.0,3.0,3.5,4.0,5.0,5.0,5.0,7.0,8.5,inferred
Ashford,2021-03-28,1.0,1.0,2.0,2.0,3.0,3.0,4.0,4.0,5.0,5.0,6.0,7.0,9.5,inferred
Ashford,2021-03-29,1.0,2.0,3.0,3.0,3.0,4.0,5.0,5.0,6.0,6.0,7.0,8.0,11.0,inferred
Ashford,2021-03-30,0.0,1.0,2.0,3.0,3.0,3.0,4.0,5.0,6.0,6.0,7.0,8.0,11.0,inferred
Ashford,2021-03-31,0.0,2.0,2.0,3.0,3.0,4.0,4.0,5.0,6.0,6.0,7.0,8.0,10.0,inferred
Ashford,2021-04-01,0.0,1.0,2.0,2.0,2.0,3.0,4.0,4.0,5.0,5.0,6.0,7.0,9.0,inferred
Ashford,2021-04-02,0.0,1.0,1.0,2.0,2.0,2.0,3.0,3.0,4.0,4.0,5.0,6.0,8.0,inferred
Ashford,2021-04-03,0.0,0.0,1.0,1.0,1.0,2.0,2.0,2.0,3.0,3.0,4.0,5.0,6.5,inferred
Ashford,2021-04-04,0.0,0.0,1.0,1.0,2.0,2.0,2.0,3.0,3.0,4.0,4.0,5.0,7.0,inferred
Ashford,2021-04-05,0.0,1.0,1.0,1.0,2.0,2.0,3.0,3.0,4.0,4.0,5.0,6.0,8.0,inferred
Ashford,2021-04-06,0.0,1.0,1.0,1.0,2.0,2.0,2.0,3.0,3.0,4.0,4.0,5.0,8.0,inferred
Ashford,2021-04-07,0.0,1.0,1.0,1.0,2.0,2.0,2.0,3.0,3.0,4.0,4.0,5.0,8.0,inferred
Ashford,2021-04-08,0.0,0.0,1.0,1.0,1.0,2.0,2.0,3.0,3.0,4.0,4.0,5.0,7.0,inferred
Ashford,2021-04-09,0.0,0.0,1.0,1.0,1.0,2.0,2.0,2.0,3.0,3.0,4.0,5.0,6.0,inferred
Ashford,2021-04-10,0.0,0.0,0.0,1.0,1.0,1.0,1.0,2.0,2.0,3.0,3.0,4.0,5.0,inferred
Ashford,2021-04-11,0.0,0.0,1.0,1.0,1.0,1.0,2.0,2.0,3.0,3.0,3.0,4.0,6.0,inferred
Ashford,2021-04-12,0.0,0.0,1.0,1.0,1.0,2.0,2.0,3.0,3.0,4.0,4.0,5.0,7.0,inferred
Ashford,2021-04-13,0.0,0.0,1.0,1.0,1.0,2.0,2.0,3.0,3.0,3.0,4.0,5.0,7.0,inferred
Ashford,2021-04-14,0.0,0.0,1.0,1.0,1.0,2.0,2.0,3.0,3.0,4.0,4.0,5.0,7.0,inferred
Ashford,2021-04-15,0.0,0.0,1.0,1.0,1.0,2.0,2.0,3.0,3.0,3.0,4.0,5.0,7.0,inferred
Ashford,2021-04-16,0.0,0.0,1.0,1.0,1.0,2.0,2.0,3.0,3.0,3.0,4.0,5.0,6.0,inferred
Ashford,2021-04-17,0.0,0.0,0.0,1.0,1.0,1.0,2.0,2.0,3.0,3.0,3.0,4.0,6.0,inferred
Ashford,2021-04-18,0.0,0.0,1.0,1.0,1.0,2.0,2.0,2.0,3.0,3.0,4.0,5.0,6.0,inferred
Ashford,2021-04-19,0.0,1.0,1.0,1.0,1.0,2.0,2.0,3.0,4.0,4.0,4.0,5.1,7.0,inferred
Ashford,2021-04-20,0.0,1.0,1.0,1.0,2.0,2.0,2.0,3.0,4.0,4.0,4.0,5.0,7.0,inferred
Ashford,2021-04-21,0.0,1.0,1.0,1.0,2.0,2.0,3.0,3.0,4.0,4.0,4.0,6.0,7.0,inferred
Ashford,2021-04-22,0.0,1.0,1.0,1.0,2.0,2.0,2.0,3.0,3.0,4.0,4.0,5.0,7.0,inferred
Ashford,2021-04-23,0.0,0.0,1.0,1.0,1.0,2.0,2.0,3.0,3.0,3.0,4.0,5.0,7.0,inferred
Ashford,2021-04-24,0.0,0.0,0.0,1.0,1.0,1.0,2.0,2.0,2.0,3.0,3.0,4.0,6.0,inferred
Ashford,2021-04-25,0.0,0.0,1.0,1.0,1.0,1.0,2.0,2.0,3.0,3.0,4.0,4.0,7.0,inferred
Ashford,2021-04-26,0.0,0.0,1.0,1.0,1.0,2.0,2.0,3.0,3.0,4.0,4.0,5.0,7.0,inferred
Ashford,2021-04-27,0.0,0.0,1.0,1.0,1.0,2.0,2.0,3.0,3.0,3.0,4.0,5.0,7.0,inferred
Ashford,2021-04-28,0.0,0.0,1.0,1.0,1.0,2.0,2.0,3.0,3.0,4.0,4.0,5.0,7.0,inferred
Ashford,2021-04-29,0.0,0.0,1.0,1.0,1.0,1.0,2.0,2.0,3.0,3.0,4.0,5.0,6.5,inferred
Ashford,2021-04-30,0.0,0.0,0.0,1.0,1.0,1.0,2.0,2.0,2.0,3.0,3.0,4.0,6.0,inferred
Ashford,2021-05-01,0.0,0.0,0.0,0.0,1.0,1.0,1.0,2.0,2.0,2.0,3.0,4.0,5.0,inferred
Ashford,2021-05-02,0.0,0.0,0.0,1.0,1.0,1.0,2.0,2.0,2.0,3.0,3.0,4.0,6.0,inferred
Ashford,2021-05-03,0.0,0.0,1.0,1.0,1.0,1.0,2.0,2.0,3.0,3.0,4.0,5.0,7.0,inferred
Ashford,2021-05-04,0.0,0.0,1.0,1.0,1.0,1.0,2.0,2.0,3.0,3.0,3.0,4.0,6.0,inferred
Ashford,2021-05-05,0.0,0.0,1.0,1.0,1.0,1.0,2.0,2.0,3.0,3.0,3.0,4.0,7.0,inferred
Ashford,2021-05-06,0.0,0.0,1.0,1.0,1.0,1.0,2.0,2.0,3.0,3.0,3.0,5.0,6.0,inferred
Ashford,2021-05-07,0.0,0.0,0.0,1.0,1.0,1.0,1.0,2.0,2.0,3.0,3.0,4.0,6.0,inferred
Ashford,2021-05-08,0.0,0.0,0.0,0.0,1.0,1.0,1.0,2.0,2.0,2.0,2.0,3.0,5.0,inferred
Ashford,2021-05-09,0.0,0.0,0.0,1.0,1.0,1.0,1.0,2.0,2.0,2.0,3.0,4.0,5.0,inferred
Ashford,2021-05-10,0.0,0.0,1.0,1.0,1.0,1.0,2.0,2.0,3.0,3.0,3.0,4.0,6.0,inferred
Ashford,2021-05-11,0.0,0.0,0.0,1.0,1.0,1.0,2.0,2.0,3.0,3.0,3.0,4.0,6.0,inferred
Ashford,2021-05-12,0.0,0.0,1.0,1.0,1.0,1.0,2.0,2.0,3.0,3.0,3.0,4.0,6.0,inferred
Ashford,2021-05-13,0.0,0.0,0.0,1.0,1.0,1.0,1.0,2.0,2.0,3.0,3.0,4.0,5.0,inferred
Ashford,2021-05-14,0.0,0.0,0.0,0.0,1.0,1.0,1.0,2.0,2.0,2.0,3.0,3.0,5.0,inferred
Ashford,2021-05-15,0.0,0.0,0.0,0.0,0.0,1.0,1.0,1.0,2.0,2.0,2.0,3.0,5.0,inferred
Ashford,2021-05-16,0.0,0.0,0.0,0.0,1.0,1.0,1.0,2.0,2.0,2.0,3.0,4.0,5.5,inferred
Ashford,2021-05-17,0.0,0.0,1.0,1.0,1.0,1.0,2.0,2.0,3.0,3.0,3.0,4.0,6.0,inferred
Ashford,2021-05-18,0.0,0.0,0.0,1.0,1.0,1.0,2.0,2.0,3.0,3.0,3.0,4.0,6.0,inferred
Ashford,2021-05-19,0.0,0.0,1.0,1.0,1.0,1.0,2.0,2.0,3.0,3.0,3.0,4.0,6.0,inferred
Ashford,2021-05-20,0.0,0.0,1.0,1.0,1.0,1.0,2.0,2.0,2.0,3.0,3.0,4.0,6.0,inferred
Ashford,2021-05-21,0.0,0.0,0.0,0.0,1.0,1.0,1.0,2.0,2.0,2.0,3.0,3.0,5.0,inferred
Ashford,2021-05-22,0.0,0.0,0.0,0.0,0.0,1.0,1.0,1.0,2.0,2.0,2.0,3.0,5.0,inferred
Ashford,2021-05-23,0.0,0.0,0.0,0.0,1.0,1.0,1.0,1.0,2.0,2.0,2.2,3.0,5.0,inferred
Ashford,2021-05-24,0.0,0.0,0.0,1.0,1.0,1.0,2.0,2.0,2.0,3.0,3.0,4.0,6.0,inferred
Ashford,2021-05-25,0.0,0.0,0.0,1.0,1.0,1.0,1.0,2.0,2.0,3.0,3.0,4.0,5.5,inferred
Ashford,2021-05-26,0.0,0.0,1.0,1.0,1.0,1.0,2.0,2.0,3.0,3.0,3.0,4.0,6.0,inferred
Ashford,2021-05-27,0.0,0.0,1.0,1.0,1.0,1.0,2.0,2.0,3.0,3.0,3.0,4.0,6.0,inferred
Ashford,2021-05-28,0.0,0.0,0.0,1.0,1.0,1.0,2.0,2.0,3.0,3.0,3.0,4.0,6.0,inferred
Ashford,2021-05-29,0.0,0.0,0.0,0.0,1.0,1.0,1.0,2.0,2.0,3.0,3.0,4.0,5.0,inferred
Ashford,2021-05-30,0.0,0.0,1.0,1.0,1.0,1.0,2.0,2.0,3.0,3.0,3.0,4.0,6.0,inferred
Ashford,2021-05-31,0.0,0.0,1.0,1.0,1.0,2.0,2.0,3.0,4.0,4.0,4.0,5.0,8.0,inferred
Ashford,2021-06-01,0.0,0.0,1.0,1.0,1.0,2.0,2.0,3.0,3.0,4.0,4.0,5.0,7.0,inferred
Ashford,2021-06-02,0.0,1.0,1.0,1.0,2.0,2.0,3.0,3.0,4.0,4.0,4.0,6.0,8.0,inferred
Ashford,2021-06-03,0.0,1.0,1.0,1.0,2.0,2.0,3.0,3.0,4.0,4.0,4.0,5.1,7.0,inferred
Ashford,2021-06-04,0.0,1.0,1.0,1.0,2.0,2.0,3.0,3.0,4.0,4.0,4.0,5.0,7.0,inferred
Ashford,2021-06-05,0.0,0.0,1.0,1.0,1.0,2.0,2.0,3.0,3.0,4.0,4.0,5.0,7.0,inferred
Ashford,2021-06-06,0.0,1.0,1.0,2.0,2.0,2.0,3.0,3.0,4.0,4.0,5.0,6.0,8.0,inferred
Ashford,2021-06-07,0.0,1.0,2.0,2.0,3.0,3.0,4.0,4.0,5.0,6.0,6.0,7.0,9.0,inferred
Ashford,2021-06-08,0.0,1.0,2.0,3.0,3.0,3.0,4.0,5.0,5.0,6.0,6.0,8.0,10.0,inferred
Ashford,2021-06-09,0.0,2.0,3.0,3.0,3.0,4.0,5.0,5.0,6.0,7.0,7.0,8.0,11.0,inferred
Ashford,2021-06-10,1.0,2.0,3.0,3.0,3.0,4.0,5.0,5.0,6.0,7.0,7.0,9.0,11.0,inferred
Ashford,2021-06-11,1.0,2.0,3.0,3.0,3.0,4.0,4.0,5.0,6.0,6.0,7.0,8.0,10.0,inferred
Ashford,2021-06-12,0.0,1.0,2.0,3.0,3.0,3.0,4.0,5.0,5.0,6.0,6.0,8.0,10.0,inferred
Ashford,2021-06-13,1.0,2.0,3.0,3.0,4.0,4.0,5.0,6.0,6.0,7.0,7.0,9.0,11.0,inferred
Ashford,2021-06-14,2.0,3.0,4.0,5.0,5.0,6.0,7.0,7.0,8.0,9.0,9.2,11.0,14.0,inferred
Ashford,2021-06-15,2.0,3.0,4.0,5.0,5.0,6.0,7.0,8.0,9.0,9.0,10.0,11.0,14.0,inferred
Ashford,2021-06-16,2.0,4.0,5.0,6.0,6.0,7.0,8.0,9.0,10.0,10.0,11.0,13.0,16.0,inferred
Ashford,2021-06-17,2.0,4.0,5.0,6.0,6.0,7.0,8.0,9.0,10.0,11.0,11.0,13.0,17.0,inferred
Ashford,2021-06-18,2.0,4.0,5.0,5.0,6.0,7.0,7.0,8.0,9.0,10.0,11.0,12.0,16.0,inferred
Ayrshire and Arran,2021-03-06,18.0,24.0,28.0,29.0,31.0,33.0,36.0,39.0,42.0,44.0,46.0,52.1,62.0,inferred
Ayrshire and Arran,2021-03-07,18.0,22.0,26.0,27.0,29.0,32.0,34.0,37.0,40.0,42.0,43.0,50.0,59.0,inferred
Ayrshire and Arran,2021-03-08,15.0,20.0,23.0,25.0,26.0,28.0,31.0,33.0,37.0,38.0,40.0,45.0,54.0,inferred
Ayrshire and Arran,2021-03-09,19.0,23.0,27.0,29.0,31.0,33.0,35.0,38.0,41.0,42.0,45.0,49.1,58.0,inferred
Ayrshire and Arran,2021-03-10,29.0,36.0,40.0,42.0,44.0,47.0,50.0,53.0,57.0,59.0,61.0,67.0,75.0,inferred
Ayrshire and Arran,2021-03-11,27.0,34.0,38.0,40.0,42.0,45.0,48.0,51.0,55.0,57.0,59.0,65.0,76.0,inferred
Ayrshire and Arran,2021-03-12,30.0,37.0,42.0,44.0,45.0,49.0,51.0,55.0,58.0,60.0,62.0,68.0,80.0,inferred
Ayrshire and Arran,2021-03-13,28.0,35.0,40.0,42.0,44.0,47.0,50.0,53.0,56.0,59.0,61.0,67.0,76.0,inferred
Ayrshire and Arran,2021-03-14,24.0,30.0,35.0,37.0,39.0,41.6,44.0,48.0,51.0,53.0,55.0,61.0,73.0,inferred
Ayrshire and Arran,2021-03-15,18.0,24.0,28.0,30.0,32.0,35.0,38.0,41.0,44.0,45.0,47.0,53.0,62.0,inferred
Ayrshire and Arran,2021-03-16,21.0,27.0,31.0,33.0,35.0,37.0,41.0,44.0,46.0,49.0,51.0,57.0,68.0,inferred
Ayrshire and Arran,2021-03-17,30.5,38.0,43.0,45.0,47.0,51.0,54.0,57.0,60.0,62.0,65.0,72.0,82.0,inferred
Ayrshire and Arran,2021-03-18,26.0,32.0,37.0,39.0,41.0,44.0,47.0,50.0,54.0,56.0,58.0,65.0,75.0,inferred
Ayrshire and Arran,2021-03-19,26.0,34.0,38.0,39.0,41.0,44.0,47.0,51.0,54.0,56.0,58.0,64.0,74.0,inferred
Ayrshire and Arran,2021-03-20,23.0,29.0,34.0,35.0,37.0,40.0,43.0,46.0,49.0,51.0,53.0,60.0,70.0,inferred
Ayrshire and Arran,2021-03-21,17.0,23.0,26.0,28.0,29.0,32.0,35.0,38.0,41.0,43.0,45.0,50.0,59.0,inferred
Ayrshire and Arran,2021-03-22,13.0,17.0,20.8,22.0,23.0,26.0,28.0,30.0,33.0,34.0,36.0,41.0,50.0,inferred
Ayrshire and Arran,2021-03-23,14.0,19.0,22.0,23.8,25.0,27.0,29.0,32.0,34.0,36.0,38.0,43.0,51.0,inferred
Ayrshire and Arran,2021-03-24,19.0,24.0,29.0,30.0,32.0,35.0,37.0,40.0,44.0,45.0,48.0,52.0,61.0,inferred
Ayrshire and Arran,2021-03-25,17.0,22.0,26.0,27.0,29.0,31.0,34.0,37.0,40.0,41.0,43.0,49.0,57.0,inferred
Ayrshire and Arran,2021-03-26,16.0,21.0,25.0,27.0,28.0,31.0,34.0,36.0,39.0,41.0,43.0,48.0,57.5,inferred
Ayrshire and Arran,2021-03-27,14.0,19.0,23.0,24.0,26.0,29.0,31.0,34.0,37.0,38.0,40.0,45.0,55.0,inferred
Ayrshire and Arran,2021-03-28,12.0,15.0,18.0,20.0,21.0,23.0,25.0,27.0,30.0,32.0,34.0,39.0,49.0,inferred
Ayrshire and Arran,2021-03-29,7.0,11.0,14.0,15.0,16.0,18.0,20.0,22.0,24.0,25.0,27.0,31.0,39.0,inferred
Ayrshire and Arran,2021-03-30,8.0,12.0,15.0,16.0,17.0,19.0,21.0,23.0,25.0,27.0,28.0,33.0,40.0,inferred
Ayrshire and Arran,2021-03-31,12.0,16.0,20.0,21.0,22.0,24.0,27.0,29.0,32.0,34.0,35.0,40.0,49.0,inferred
Ayrshire and Arran,2021-04-01,9.5,14.0,17.0,18.0,19.0,21.0,24.0,26.0,29.0,30.0,31.0,36.0,43.0,inferred
Ayrshire and Arran,2021-04-02,10.0,13.0,17.0,18.0,19.0,21.0,23.0,25.0,28.0,29.0,31.0,35.0,44.0,inferred
Ayrshire and Arran,2021-04-03,8.0,12.0,14.8,16.0,17.0,18.0,20.0,22.0,25.0,26.0,27.0,32.0,40.0,inferred
Ayrshire and Arran,2021-04-04,6.0,8.0,11.0,12.0,13.0,14.0,16.0,18.0,20.0,21.0,23.0,27.0,34.0,inferred
Ayrshire and Arran,2021-04-05,3.0,6.0,8.0,9.0,10.0,11.0,13.0,14.0,16.0,17.0,19.0,22.0,30.0,inferred
Ayrshire and Arran,2021-04-06,4.0,7.0,8.0,9.0,10.0,12.0,14.0,15.0,17.0,18.0,19.0,23.0,29.0,inferred
Ayrshire and Arran,2021-04-07,6.0,10.0,12.0,13.0,14.0,15.0,17.0,19.0,21.3,23.0,24.0,28.0,35.0,inferred
Ayrshire and Arran,2021-04-08,5.0,8.0,10.0,11.0,12.0,14.0,16.0,18.0,20.0,21.0,22.0,26.0,33.0,inferred
Ayrshire and Arran,2021-04-09,5.0,8.0,10.0,11.0,12.0,14.0,16.0,18.0,20.0,21.0,23.0,27.0,34.0,inferred
Ayrshire and Arran,2021-04-10,5.0,8.0,10.0,11.0,12.0,13.0,15.0,16.0,18.0,20.0,21.0,25.0,31.0,inferred
Ayrshire and Arran,2021-04-11,3.0,6.0,7.0,8.0,9.0,11.0,12.0,14.0,16.0,17.0,18.0,22.0,28.0,inferred
Ayrshire and Arran,2021-04-12,2.0,4.0,6.0,7.0,7.0,9.0,10.0,11.0,13.0,14.0,15.0,18.0,23.5,inferred
Ayrshire and Arran,2021-04-13,2.0,5.0,6.0,7.0,8.0,9.0,11.0,12.0,14.0,15.0,16.0,20.0,26.0,inferred
Ayrshire and Arran,2021-04-14,4.0,7.0,9.0,10.0,11.0,13.0,15.0,17.0,19.0,20.0,21.0,26.0,33.0,inferred
Ayrshire and Arran,2021-04-15,5.0,7.0,10.0,11.0,11.0,13.0,15.0,17.0,19.0,19.0,21.0,26.0,33.0,inferred
Ayrshire and Arran,2021-04-16,5.0,8.0,11.0,12.0,13.0,14.0,16.0,18.0,20.0,21.0,23.0,26.1,32.0,inferred
Ayrshire and Arran,2021-04-17,5.0,8.0,10.0,11.0,12.0,14.0,15.0,17.0,19.0,21.0,22.0,26.0,33.0,inferred
Ayrshire and Arran,2021-04-18,4.0,7.0,9.0,10.0,11.0,12.0,14.0,16.0,18.0,19.0,21.0,25.0,30.5,inferred
Ayrshire and Arran,2021-04-19,3.0,5.9,7.0,8.0,9.0,11.0,12.0,14.0,16.0,17.0,18.0,22.0,27.0,inferred
Ayrshire and Arran,2021-04-20,4.0,6.0,9.0,9.0,10.0,12.0,13.0,15.0,17.0,18.0,20.0,23.0,30.0,inferred
Ayrshire and Arran,2021-04-21,6.0,10.0,12.0,13.0,14.0,16.0,18.0,20.0,22.0,24.0,25.0,29.0,37.0,inferred
Ayrshire and Arran,2021-04-22,5.5,8.0,11.0,12.0,13.0,15.0,17.0,19.0,21.0,22.0,24.0,28.0,36.0,inferred
Ayrshire and Arran,2021-04-23,6.0,9.0,12.0,13.0,14.0,16.0,17.0,19.0,21.0,23.0,24.0,28.0,35.0,inferred
Ayrshire and Arran,2021-04-24,5.0,8.0,11.0,12.0,12.0,14.0,16.0,18.0,20.0,21.0,23.0,26.0,33.0,inferred
Ayrshire and Arran,2021-04-25,4.0,6.0,8.0,9.0,10.0,12.0,14.0,15.0,17.0,18.0,20.0,24.0,30.0,inferred
Ayrshire and Arran,2021-04-26,2.0,5.0,6.0,7.0,8.0,9.0,11.0,12.0,14.0,15.0,16.0,19.0,26.0,inferred
Ayrshire and Arran,2021-04-27,3.0,5.0,7.0,8.0,8.0,10.0,12.0,13.0,15.0,16.0,17.0,21.0,27.0,inferred
Ayrshire and Arran,2021-04-28,5.0,8.0,11.0,11.0,12.0,14.0,16.0,17.0,19.3,21.0,22.0,26.0,35.0,inferred
Ayrshire and Arran,2021-04-29,4.0,7.0,9.0,10.0,11.0,13.0,14.0,16.0,18.0,19.0,21.0,25.0,29.0,inferred
Ayrshire and Arran,2021-04-30,4.0,7.0,9.0,10.0,11.0,13.0,15.0,16.0,18.0,20.0,21.0,24.0,29.0,inferred
Ayrshire and Arran,2021-05-01,3.0,6.0,8.0,9.0,10.0,11.0,13.0,15.0,17.0,18.0,19.0,23.0,30.0,inferred
Ayrshire and Arran,2021-05-02,2.0,5.0,7.0,8.0,8.0,10.0,11.0,12.0,14.0,15.0,16.0,20.0,26.0,inferred
Ayrshire and Arran,2021-05-03,2.0,3.0,5.0,6.0,6.0,8.0,9.0,10.0,12.0,13.0,14.0,17.0,22.5,inferred
Ayrshire and Arran,2021-05-04,2.0,4.0,6.0,6.0,7.0,8.0,9.0,11.0,12.0,13.0,14.0,18.0,23.0,inferred
Ayrshire and Arran,2021-05-05,3.0,6.0,8.0,9.0,10.0,12.0,13.0,14.0,16.0,17.0,19.0,22.0,29.0,inferred
Ayrshire and Arran,2021-05-06,3.0,5.0,7.0,8.0,9.0,11.0,12.0,14.0,16.0,17.0,18.0,22.0,28.0,inferred
Ayrshire and Arran,2021-05-07,4.0,6.0,8.0,9.0,10.0,11.0,13.0,14.0,16.0,17.0,19.0,22.0,29.0,inferred
Ayrshire and Arran,2021-05-08,3.0,5.0,8.0,8.8,9.0,11.0,13.0,14.0,16.0,17.0,19.0,22.0,28.0,inferred
Ayrshire and Arran,2021-05-09,2.0,4.0,6.0,7.0,7.0,9.0,10.0,12.0,14.0,15.0,16.0,19.0,26.0,inferred
Ayrshire and Arran,2021-05-10,1.0,3.0,5.0,5.0,6.0,7.0,8.0,9.0,11.0,12.0,13.0,16.0,22.0,inferred
Ayrshire and Arran,2021-05-11,2.0,4.0,5.0,6.0,7.0,8.0,10.0,11.0,13.0,14.0,15.0,18.0,24.0,inferred
Ayrshire and Arran,2021-05-12,4.0,6.0,8.0,9.0,10.0,12.0,13.0,15.0,17.0,18.0,19.0,23.0,28.0,inferred
Ayrshire and Arran,2021-05-13,3.0,6.0,8.0,9.0,9.7,11.0,13.0,14.0,16.0,17.0,18.0,22.0,29.0,inferred
Ayrshire and Arran,2021-05-14,4.0,7.0,9.0,9.0,10.0,12.0,13.0,15.0,17.0,18.0,20.0,24.0,30.0,inferred
Ayrshire and Arran,2021-05-15,3.5,6.0,8.0,9.0,10.0,12.0,13.0,15.0,16.0,18.0,19.0,23.0,29.0,inferred
Ayrshire and Arran,2021-05-16,3.0,5.0,7.0,8.0,8.0,10.0,11.0,13.0,15.0,16.0,17.0,20.0,27.0,inferred
Ayrshire and Arran,2021-05-17,2.0,4.0,5.0,6.0,7.0,8.0,9.0,11.0,12.0,13.0,14.0,18.0,25.0,inferred
Ayrshire and Arran,2021-05-18,3.0,5.0,7.0,8.0,9.0,10.0,11.0,13.0,15.0,16.0,17.0,20.0,27.0,inferred
Ayrshire and Arran,2021-05-19,6.0,9.0,11.0,12.0,13.0,15.0,17.0,19.0,21.0,23.0,24.0,29.0,35.0,inferred
Ayrshire and Arran,2021-05-20,7.0,10.0,12.0,13.0,15.0,16.0,18.0,20.0,22.0,23.0,25.0,29.0,36.5,inferred
Ayrshire and Arran,2021-05-21,8.0,12.0,14.0,15.8,16.0,19.0,20.0,22.0,25.0,26.0,28.0,32.1,38.0,inferred
Ayrshire and Arran,2021-05-22,8.0,12.0,15.0,16.0,17.0,20.0,22.0,23.0,26.0,27.2,29.0,35.0,43.0,inferred
Ayrshire and Arran,2021-05-23,8.0,11.0,14.0,16.0,16.0,18.0,20.0,22.0,25.0,26.0,28.0,32.0,40.0,inferred
Ayrshire and Arran,2021-05-24,6.5,10.0,12.0,13.0,14.0,16.0,18.0,20.0,23.0,24.0,26.0,30.0,37.0,inferred
Ayrshire and Arran,2021-05-25,9.0,12.9,16.0,17.0,18.0,20.0,22.0,25.0,27.0,29.0,31.0,35.0,43.0,inferred
Ayrshire and Arran,2021-05-26,17.0,22.0,26.0,27.0,29.0,31.0,34.0,37.0,40.0,42.0,44.0,49.0,58.0,inferred
Ayrshire and Arran,2021-05-27,19.0,24.0,28.0,29.0,31.0,34.0,36.0,39.0,42.0,44.0,45.0,52.0,62.0,inferred
Ayrshire and Arran,2021-05-28,23.0,29.0,34.0,36.0,37.0,40.0,43.0,46.0,49.0,51.0,54.0,60.1,71.0,inferred
Ayrshire and Arran,2021-05-29,24.0,32.0,36.0,38.0,40.0,43.0,46.0,49.0,52.0,55.0,57.0,63.0,72.0,inferred
Ayrshire and Arran,2021-05-30,23.0,30.0,35.0,36.0,38.0,41.0,44.0,47.0,50.0,52.0,54.0,60.0,71.0,inferred
Ayrshire and Arran,2021-05-31,21.0,27.0,31.0,33.0,34.0,38.0,40.0,43.0,47.0,49.0,51.0,57.0,67.0,inferred
Ayrshire and Arran,2021-06-01,27.0,34.0,38.0,40.0,42.0,45.0,48.0,51.0,55.0,56.0,59.0,65.0,74.0,inferred
Ayrshire and Arran,2021-06-02,40.0,49.0,56.0,59.0,61.0,64.0,68.0,72.0,76.0,79.0,81.0,89.0,103.0,inferred
Ayrshire and Arran,2021-06-03,40.0,49.0,55.0,57.0,59.0,63.0,67.0,70.0,75.0,77.0,79.0,87.0,99.0,inferred
Ayrshire and Arran,2021-06-04,47.0,55.0,61.0,63.0,65.0,70.0,74.0,78.0,82.0,84.0,87.0,96.0,108.5,inferred
Ayrshire and Arran,2021-06-05,45.0,54.0,60.0,62.0,65.0,69.0,72.0,76.0,81.0,83.0,85.0,94.0,105.5,inferred
Ayrshire and Arran,2021-06-06,39.0,47.0,54.0,56.0,58.0,62.0,65.0,69.0,73.0,76.0,79.0,87.0,97.5,inferred
Ayrshire and Arran,2021-06-07,33.0,41.0,46.0,48.0,50.0,54.0,57.0,60.0,64.3,67.0,69.0,75.0,88.0,inferred
Ayrshire and Arran,2021-06-08,38.0,48.0,53.0,56.0,57.0,61.0,64.5,68.0,73.0,75.0,78.0,85.0,96.0,inferred
Ayrshire and Arran,2021-06-09,60.5,70.0,77.0,79.0,82.0,87.0,91.5,96.0,101.0,104.0,108.0,116.0,128.0,inferred
Ayrshire and Arran,2021-06-10,59.0,69.0,77.0,79.0,81.0,86.0,90.0,94.0,99.0,102.0,105.0,113.0,128.0,inferred
Ayrshire and Arran,2021-06-11,67.5,78.0,85.0,88.0,90.0,95.0,100.0,105.0,109.0,112.0,115.0,123.1,138.0,inferred
Ayrshire and Arran,2021-06-12,66.0,76.0,83.0,86.0,88.0,93.0,97.0,102.0,107.0,110.0,113.0,121.0,134.0,inferred
Ayrshire and Arran,2021-06-13,57.0,66.0,74.0,77.0,80.0,84.0,88.0,92.0,97.0,99.0,102.0,111.0,123.5,inferred
Ayrshire and Arran,2021-06-14,49.0,58.0,64.0,67.0,69.0,73.0,76.5,81.0,84.3,87.0,90.0,98.0,112.0,inferred
Ayrshire and Arran,2021-06-15,56.0,65.0,71.0,74.0,76.0,81.0,85.0,89.0,94.3,98.0,102.0,110.0,123.0,inferred
Ayrshire and Arran,2021-06-16,79.0,90.0,99.0,103.0,106.0,110.6,116.0,121.0,126.0,129.0,132.0,142.0,158.5,inferred
Ayrshire and Arran,2021-06-17,73.0,84.0,92.0,95.0,97.7,103.6,109.0,114.0,119.0,122.0,125.0,136.0,151.5,inferred
Ayrshire and Arran,2021-06-18,76.0,88.0,96.0,99.0,102.0,108.0,114.0,119.0,125.0,129.0,133.0,144.1,160.0,inferred
Babergh,2021-03-06,0.0,0.0,1.0,1.0,1.0,2.0,2.0,3.0,3.0,3.0,4.0,4.0,6.0,inferred
Babergh,2021-03-07,0.0,1.0,1.0,1.0,2.0,2.0,3.0,3.0,4.0,4.0,4.0,5.0,7.0,inferred
Babergh,2021-03-08,0.0,1.0,2.0,2.0,2.0,3.0,3.0,4.0,5.0,5.0,5.0,6.0,8.0,inferred
Babergh,2021-03-09,0.0,1.0,2.0,2.0,2.0,3.0,3.0,4.0,4.0,5.0,5.0,6.0,8.0,inferred
Babergh,2021-03-10,0.0,1.0,2.0,2.0,2.0,3.0,3.0,4.0,4.0,5.0,5.0,6.0,8.0,inferred
Babergh,2021-03-11,0.0,1.0,1.0,2.0,2.0,2.0,3.0,3.0,4.0,4.0,5.0,6.0,7.0,inferred
Babergh,2021-03-12,0.0,0.0,1.0,1.0,1.0,2.0,2.0,3.0,3.0,4.0,4.0,5.0,6.0,inferred
Babergh,2021-03-13,0.0,0.0,1.0,1.0,1.0,2.0,2.0,2.0,3.0,3.0,3.0,4.0,6.0,inferred
Babergh,2021-03-14,0.0,0.0,1.0,1.0,1.0,2.0,2.0,2.0,3.0,3.0,4.0,5.0,6.0,inferred
Babergh,2021-03-15,0.0,1.0,1.0,1.0,2.0,2.0,3.0,3.0,4.0,4.0,4.0,5.0,7.0,inferred
Babergh,2021-03-16,0.0,1.0,1.0,1.0,1.0,2.0,2.0,3.0,3.0,4.0,4.0,5.0,7.0,inferred
Babergh,2021-03-17,0.0,1.0,1.0,1.0,2.0,2.0,2.0,3.0,3.0,4.0,4.0,5.0,7.0,inferred
Babergh,2021-03-18,0.0,0.0,1.0,1.0,1.0,2.0,2.0,3.0,3.0,3.0,4.0,5.0,6.0,inferred
Babergh,2021-03-19,0.0,0.0,1.0,1.0,1.0,2.0,2.0,2.0,3.0,3.0,3.0,4.0,6.0,inferred
Babergh,2021-03-20,0.0,0.0,0.0,1.0,1.0,1.0,2.0,2.0,2.0,3.0,3.0,4.0,5.0,inferred
Babergh,2021-03-21,0.0,0.0,1.0,1.0,1.0,1.0,2.0,2.0,3.0,3.0,3.0,4.0,6.0,inferred
Babergh,2021-03-22,0.0,0.0,1.0,1.0,1.0,2.0,2.0,3.0,3.0,3.0,4.0,5.0,6.0,inferred
Babergh,2021-03-23,0.0,0.0,1.0,1.0,1.0,2.0,2.0,2.0,3.0,3.0,3.0,4.0,6.0,inferred
Babergh,2021-03-24,0.0,0.0,1.0,1.0,1.0,2.0,2.0,3.0,3.0,3.0,4.0,5.0,6.0,inferred
Babergh,2021-03-25,0.0,0.0,1.0,1.0,1.0,1.0,2.0,2.0,3.0,3.0,3.0,4.0,6.0,inferred
Babergh,2021-03-26,0.0,0.0,0.0,1.0,1.0,1.0,2.0,2.0,2.0,3.0,3.0,4.0,5.0,inferred
Babergh,2021-03-27,0.0,0.0,0.0,0.0,1.0,1.0,1.0,1.0,2.0,2.0,2.0,3.0,5.0,inferred
Babergh,2021-03-28,0.0,0.0,0.0,0.0,1.0,1.0,1.0,2.0,2.0,2.0,3.0,3.0,5.0,inferred
Babergh,2021-03-29,0.0,0.0,1.0,1.0,1.0,1.0,2.0,2.0,2.0,3.0,3.0,4.0,5.0,inferred
Babergh,2021-03-30,0.0,0.0,0.0,1.0,1.0,1.0,1.0,2.0,2.0,3.0,3.0,4.0,5.0,inferred
Babergh,2021-03-31,0.0,0.0,1.0,1.0,1.0,1.0,2.0,2.0,3.0,3.0,3.0,4.0,6.0,inferred
Babergh,2021-04-01,0.0,0.0,0.0,1.0,1.0,1.0,1.0,2.0,2.0,2.2,3.0,4.0,5.0,inferred
Babergh,2021-04-02,0.0,0.0,0.0,0.0,1.0,1.0,1.0,2.0,2.0,2.0,3.0,3.0,5.0,inferred
Babergh,2021-04-03,0.0,0.0,0.0,0.0,0.0,1.0,1.0,1.0,2.0,2.0,2.0,3.0,4.0,inferred
Babergh,2021-04-04,0.0,0.0,0.0,0.0,0.0,1.0,1.0,1.0,2.0,2.0,2.0,3.0,4.0,inferred
Babergh,2021-04-05,0.0,0.0,0.0,1.0,1.0,1.0,1.0,2.0,2.0,2.0,3.0,4.0,5.0,inferred
Babergh,2021-04-06,0.0,0.0,0.0,0.0,1.0,1.0,1.0,2.0,2.0,2.0,2.0,3.0,5.0,inferred
Babergh,2021-04-07,0.0,0.0,0.0,1.0,1.0,1.0,1.0,2.0,2.0,2.0,3.0,3.0,5.0,inferred
Babergh,2021-04-08,0.0,0.0,0.0,0.0,1.0,1.0,1.0,1.0,2.0,2.0,2.0,3.0,4.0,inferred
Babergh,2021-04-09,0.0,0.0,0.0,0.0,0.0,1.0,1.0,1.0,2.0,2.0,2.0,3.0,4.0,inferred
Babergh,2021-04-10,0.0,0.0,0.0,0.0,0.0,0.6,1.0,1.0,1.0,2.0,2.0,3.0,4.0,inferred
Babergh,2021-04-11,0.0,0.0,0.0,0.0,0.0,1.0,1.0,1.0,2.0,2.0,2.0,3.0,4.0,inferred
Babergh,2021-04-12,0.0,0.0,0.0,0.0,1.0,1.0,1.0,2.0,2.0,2.0,3.0,3.0,5.0,inferred
Babergh,2021-04-13,0.0,0.0,0.0,0.0,1.0,1.0,1.0,1.0,2.0,2.0,2.0,3.0,4.0,inferred
Babergh,2021-04-14,0.0,0.0,0.0,1.0,1.0,1.0,1.0,2.0,2.0,2.0,2.0,3.0,5.0,inferred
Babergh,2021-04-15,0.0,0.0,0.0,0.0,1.0,1.0,1.0,2.0,2.0,2.0,2.0,3.0,4.0,inferred
Babergh,2021-04-16,0.0,0.0,0.0,0.0,0.0,1.0,1.0,1.0,2.0,2.0,2.0,3.0,4.0,inferred
Babergh,2021-04-17,0.0,0.0,0.0,0.0,0.0,0.0,1.0,1.0,1.0,2.0,2.0,2.0,3.0,inferred
Babergh,2021-04-18,0.0,0.0,0.0,0.0,0.0,1.0,1.0,1.0,2.0,2.0,2.0,3.0,4.0,inferred
Babergh,2021-04-19,0.0,0.0,0.0,0.0,1.0,1.0,1.0,1.0,2.0,2.0,2.0,3.0,4.0,inferred
Babergh,2021-04-20,0.0,0.0,0.0,0.0,0.0,1.0,1.0,1.0,2.0,2.0,2.0,3.0,4.0,inferred
Babergh,2021-04-21,0.0,0.0,0.0,0.0,1.0,1.0,1.0,1.0,2.0,2.0,2.0,3.0,4.0,inferred
Babergh,2021-04-22,0.0,0.0,0.0,0.0,0.0,1.0,1.0,1.0,2.0,2.0,2.0,3.0,4.0,inferred
Babergh,2021-04-23,0.0,0.0,0.0,0.0,0.0,1.0,1.0,1.0,1.0,2.0,2.0,3.0,4.0,inferred
Babergh,2021-04-24,0.0,0.0,0.0,0.0,0.0,0.0,1.0,1.0,1.0,1.0,2.0,2.0,4.0,inferred
Babergh,2021-04-25,0.0,0.0,0.0,0.0,0.0,1.0,1.0,1.0,2.0,2.0,2.0,3.0,4.0,inferred
Babergh,2021-04-26,0.0,0.0,0.0,0.0,1.0,1.0,1.0,1.0,2.0,2.0,2.0,3.0,5.0,inferred
Babergh,2021-04-27,0.0,0.0,0.0,0.0,0.0,1.0,1.0,1.0,2.0,2.0,2.0,3.0,4.0,inferred
Babergh,2021-04-28,0.0,0.0,0.0,0.0,1.0,1.0,1.0,1.0,2.0,2.0,2.0,3.0,5.0,inferred
Babergh,2021-04-29,0.0,0.0,0.0,0.0,0.0,1.0,1.0,1.0,2.0,2.0,2.0,3.0,4.0,inferred
Babergh,2021-04-30,0.0,0.0,0.0,0.0,0.0,1.0,1.0,1.0,2.0,2.0,2.0,3.0,4.0,inferred
Babergh,2021-05-01,0.0,0.0,0.0,0.0,0.0,0.0,1.0,1.0,1.0,1.0,2.0,2.0,3.0,inferred
Babergh,2021-05-02,0.0,0.0,0.0,0.0,0.0,1.0,1.0,1.0,1.0,2.0,2.0,3.0,4.0,inferred
Babergh,2021-05-03,0.0,0.0,0.0,0.0,1.0,1.0,1.0,1.0,2.0,2.0,2.0,3.0,4.0,inferred
Babergh,2021-05-04,0.0,0.0,0.0,0.0,0.0,1.0,1.0,1.0,2.0,2.0,2.0,3.0,4.0,inferred
Babergh,2021-05-05,0.0,0.0,0.0,0.0,0.0,1.0,1.0,1.0,2.0,2.0,2.0,3.0,4.0,inferred
Babergh,2021-05-06,0.0,0.0,0.0,0.0,0.0,1.0,1.0,1.0,2.0,2.0,2.0,3.0,4.0,inferred
Babergh,2021-05-07,0.0,0.0,0.0,0.0,0.0,1.0,1.0,1.0,1.0,2.0,2.0,3.0,4.0,inferred
Babergh,2021-05-08,0.0,0.0,0.0,0.0,0.0,0.0,1.0,1.0,1.0,1.0,2.0,2.0,3.0,inferred
Babergh,2021-05-09,0.0,0.0,0.0,0.0,0.0,0.0,1.0,1.0,1.0,2.0,2.0,2.0,4.0,inferred
Babergh,2021-05-10,0.0,0.0,0.0,0.0,0.0,1.0,1.0,1.0,2.0,2.0,2.0,3.0,4.0,inferred
Babergh,2021-05-11,0.0,0.0,0.0,0.0,0.0,1.0,1.0,1.0,1.0,2.0,2.0,2.0,4.0,inferred
Babergh,2021-05-12,0.0,0.0,0.0,0.0,0.0,1.0,1.0,1.0,2.0,2.0,2.0,3.0,4.0,inferred
Babergh,2021-05-13,0.0,0.0,0.0,0.0,0.0,1.0,1.0,1.0,1.0,2.0,2.0,2.0,4.0,inferred
Babergh,2021-05-14,0.0,0.0,0.0,0.0,0.0,0.0,1.0,1.0,1.0,1.0,2.0,2.0,3.0,inferred
Babergh,2021-05-15,0.0,0.0,0.0,0.0,0.0,0.0,0.0,1.0,1.0,1.0,1.0,2.0,3.0,inferred
Babergh,2021-05-16,0.0,0.0,0.0,0.0,0.0,0.0,1.0,1.0,1.0,1.0,2.0,2.0,3.0,inferred
Babergh,2021-05-17,0.0,0.0,0.0,0.0,0.0,0.0,1.0,1.0,1.0,2.0,2.0,2.0,4.0,inferred
Babergh,2021-05-18,0.0,0.0,0.0,0.0,0.0,0.0,1.0,1.0,1.0,2.0,2.0,2.0,4.0,inferred
Babergh,2021-05-19,0.0,0.0,0.0,0.0,0.0,1.0,1.0,1.0,1.0,2.0,2.0,2.0,4.0,inferred
Babergh,2021-05-20,0.0,0.0,0.0,0.0,0.0,0.0,1.0,1.0,1.0,1.0,2.0,2.0,3.5,inferred
Babergh,2021-05-21,0.0,0.0,0.0,0.0,0.0,0.0,1.0,1.0,1.0,1.0,2.0,2.0,3.0,inferred
Babergh,2021-05-22,0.0,0.0,0.0,0.0,0.0,0.0,0.0,1.0,1.0,1.0,1.0,2.0,3.0,inferred
Babergh,2021-05-23,0.0,0.0,0.0,0.0,0.0,0.0,0.0,1.0,1.0,1.0,1.0,2.0,3.0,inferred
Babergh,2021-05-24,0.0,0.0,0.0,0.0,0.0,0.0,1.0,1.0,1.0,1.0,2.0,2.0,4.0,inferred
Babergh,2021-05-25,0.0,0.0,0.0,0.0,0.0,0.0,1.0,1.0,1.0,1.0,2.0,2.0,3.5,inferred
Babergh,2021-05-26,0.0,0.0,0.0,0.0,0.0,1.0,1.0,1.0,1.0,2.0,2.0,2.0,4.0,inferred
Babergh,2021-05-27,0.0,0.0,0.0,0.0,0.0,0.0,1.0,1.0,1.0,2.0,2.0,2.0,4.0,inferred
Babergh,2021-05-28,0.0,0.0,0.0,0.0,0.0,0.0,1.0,1.0,1.0,1.0,2.0,2.0,3.0,inferred
Babergh,2021-05-29,0.0,0.0,0.0,0.0,0.0,0.0,0.0,1.0,1.0,1.0,1.0,2.0,3.0,inferred
Babergh,2021-05-30,0.0,0.0,0.0,0.0,0.0,0.0,1.0,1.0,1.0,1.0,2.0,2.0,3.0,inferred
Babergh,2021-05-31,0.0,0.0,0.0,0.0,0.0,1.0,1.0,1.0,2.0,2.0,2.0,3.0,4.0,inferred
Babergh,2021-06-01,0.0,0.0,0.0,0.0,0.0,1.0,1.0,1.0,2.0,2.0,2.0,3.0,4.0,inferred
Babergh,2021-06-02,0.0,0.0,0.0,0.0,1.0,1.0,1.0,1.0,2.0,2.0,2.0,3.0,5.0,inferred
Babergh,2021-06-03,0.0,0.0,0.0,0.0,1.0,1.0,1.0,2.0,2.0,2.0,2.0,3.0,4.0,inferred
Babergh,2021-06-04,0.0,0.0,0.0,0.0,1.0,1.0,1.0,2.0,2.0,2.0,2.0,3.0,5.0,inferred
Babergh,2021-06-05,0.0,0.0,0.0,0.0,0.0,1.0,1.0,1.0,2.0,2.0,2.0,3.0,4.0,inferred
Babergh,2021-06-06,0.0,0.0,0.0,1.0,1.0,1.0,1.0,2.0,2.0,2.0,3.0,4.0,5.0,inferred
Babergh,2021-06-07,0.0,0.0,1.0,1.0,1.0,2.0,2.0,2.0,3.0,3.0,4.0,5.0,6.0,inferred
Babergh,2021-06-08,0.0,0.0,1.0,1.0,1.0,2.0,2.0,3.0,3.0,3.0,4.0,5.0,6.0,inferred
Babergh,2021-06-09,0.0,1.0,1.0,2.0,2.0,2.0,3.0,3.0,4.0,4.0,4.0,5.0,7.0,inferred
Babergh,2021-06-10,0.0,1.0,1.0,2.0,2.0,2.0,3.0,3.0,4.0,4.0,4.0,6.0,7.0,inferred
Babergh,2021-06-11,0.0,1.0,1.0,1.0,2.0,2.0,2.0,3.0,3.0,4.0,4.0,5.0,7.0,inferred
Babergh,2021-06-12,0.0,0.0,1.0,1.0,1.0,2.0,2.0,2.0,3.0,3.0,3.0,5.0,6.0,inferred
Babergh,2021-06-13,0.0,1.0,1.0,2.0,2.0,2.0,3.0,3.0,4.0,4.0,4.0,5.0,7.0,inferred
Babergh,2021-06-14,0.0,1.0,2.0,2.0,3.0,3.0,4.0,4.0,5.0,5.0,6.0,7.0,8.0,inferred
Babergh,2021-06-15,0.0,1.0,2.0,2.0,3.0,3.0,4.0,4.0,5.0,5.0,6.0,7.0,9.0,inferred
Babergh,2021-06-16,1.0,2.0,2.0,3.0,3.0,4.0,4.0,5.0,5.0,6.0,6.0,7.0,10.0,inferred
Babergh,2021-06-17,0.5,1.0,2.0,2.0,3.0,3.0,4.0,4.0,5.0,6.0,6.0,7.0,10.0,inferred
Babergh,2021-06-18,0.0,1.0,2.0,2.0,3.0,3.0,4.0,4.0,5.0,5.0,6.0,7.0,9.0,inferred
Barking and Dagenham,2021-03-06,5.0,7.0,9.0,9.0,10.0,11.0,12.0,13.0,14.0,15.0,16.0,17.1,21.0,inferred
Barking and Dagenham,2021-03-07,6.0,8.0,9.0,10.0,11.0,12.0,13.0,14.0,16.0,16.0,17.0,20.0,25.0,inferred
Barking and Dagenham,2021-03-08,7.0,10.0,12.0,12.0,13.0,14.0,16.0,17.0,19.0,20.0,21.0,23.0,27.0,inferred
Barking and Dagenham,2021-03-09,6.0,9.0,11.0,12.0,13.0,14.0,15.0,17.0,18.0,19.0,20.0,22.0,26.0,inferred
Barking and Dagenham,2021-03-10,7.0,9.0,11.0,12.0,12.0,14.0,15.0,16.0,18.0,18.0,19.0,22.0,26.0,inferred
Barking and Dagenham,2021-03-11,6.0,8.0,10.0,11.0,11.0,13.0,14.0,15.0,17.0,17.0,18.0,21.0,25.0,inferred
Barking and Dagenham,2021-03-12,5.0,7.0,9.0,10.0,10.0,12.0,13.0,14.0,15.0,16.0,17.0,19.0,23.0,inferred
Barking and Dagenham,2021-03-13,3.0,6.0,7.0,8.0,8.0,9.0,10.0,11.0,13.0,13.0,14.0,16.0,20.0,inferred
Barking and Dagenham,2021-03-14,5.0,7.0,9.0,9.0,10.0,11.0,12.0,13.0,14.0,15.0,16.0,18.0,22.0,inferred
Barking and Dagenham,2021-03-15,7.0,10.0,12.0,12.0,13.0,14.0,16.0,17.0,18.0,19.0,20.0,22.0,27.0,inferred
Barking and Dagenham,2021-03-16,7.0,10.0,11.0,12.0,13.0,14.0,15.0,17.0,18.0,19.0,20.0,22.0,27.0,inferred
Barking and Dagenham,2021-03-17,8.0,10.9,13.0,13.0,14.0,15.0,17.0,18.0,19.0,20.0,21.0,24.0,29.0,inferred
Barking and Dagenham,2021-03-18,7.0,10.0,12.0,12.0,13.0,15.0,16.0,17.0,19.0,19.0,20.0,23.0,27.5,inferred
Barking and Dagenham,2021-03-19,6.0,9.0,11.0,11.0,12.0,13.0,14.0,16.0,17.0,18.0,19.0,21.0,25.5,inferred
Barking and Dagenham,2021-03-20,4.5,7.0,9.0,9.0,10.0,11.0,12.0,14.0,15.0,16.0,17.0,19.0,23.0,inferred
Barking and Dagenham,2021-03-21,6.0,9.0,11.0,11.0,12.0,13.0,14.0,16.0,17.0,18.0,19.0,21.0,25.0,inferred
Barking and Dagenham,2021-03-22,10.0,12.0,14.0,15.0,16.0,17.0,19.0,20.0,22.0,23.0,24.0,27.0,31.0,inferred
Barking and Dagenham,2021-03-23,9.0,12.0,14.0,15.0,15.0,17.0,18.0,19.4,21.0,22.0,23.0,26.0,30.0,inferred
Barking and Dagenham,2021-03-24,9.0,11.0,14.0,14.0,15.0,17.0,18.0,20.0,21.0,22.0,23.0,26.0,30.0,inferred
Barking and Dagenham,2021-03-25,7.0,10.0,12.0,13.0,13.0,15.0,16.0,17.0,18.0,19.0,20.0,23.0,28.0,inferred
Barking and Dagenham,2021-03-26,5.0,8.0,9.0,10.0,11.0,12.0,13.0,15.0,16.0,17.0,18.0,20.0,24.0,inferred
Barking and Dagenham,2021-03-27,4.0,6.0,7.0,8.0,8.0,9.0,10.0,11.4,13.0,13.0,14.0,16.0,19.0,inferred
Barking and Dagenham,2021-03-28,5.0,7.0,8.0,9.0,9.0,10.0,12.0,13.0,14.0,15.0,16.0,18.0,22.0,inferred
Barking and Dagenham,2021-03-29,6.0,8.0,10.0,11.0,12.0,13.0,14.0,15.0,16.0,17.0,18.0,21.0,25.0,inferred
Barking and Dagenham,2021-03-30,6.0,8.0,10.0,10.0,11.0,12.0,13.0,15.0,16.0,17.0,17.0,20.0,23.0,inferred
Barking and Dagenham,2021-03-31,5.0,7.0,9.0,10.0,10.0,12.0,13.0,14.0,15.0,16.0,17.0,19.0,23.0,inferred
Barking and Dagenham,2021-04-01,4.0,6.0,8.0,9.0,9.0,10.0,11.0,13.0,14.0,14.0,15.0,18.0,22.0,inferred
Barking and Dagenham,2021-04-02,3.0,5.0,7.0,7.0,8.0,9.0,10.0,11.0,12.0,13.0,13.0,16.0,19.0,inferred
Barking and Dagenham,2021-04-03,2.0,4.0,5.0,5.8,6.0,7.0,8.0,9.0,10.0,10.0,11.0,13.0,16.0,inferred
Barking and Dagenham,2021-04-04,2.0,4.0,5.8,6.0,7.0,8.0,8.0,9.0,10.0,11.0,11.2,13.0,16.0,inferred
Barking and Dagenham,2021-04-05,4.0,6.0,7.0,8.0,8.0,9.0,10.0,11.0,13.0,13.0,14.0,16.0,20.0,inferred
Barking and Dagenham,2021-04-06,4.0,6.0,7.0,8.0,8.0,9.0,10.0,11.0,12.0,13.0,13.0,16.0,20.0,inferred
Barking and Dagenham,2021-04-07,4.0,6.0,7.0,8.0,8.0,9.0,10.0,11.0,12.0,13.0,14.0,16.0,20.0,inferred
Barking and Dagenham,2021-04-08,3.0,5.0,6.0,7.0,7.0,8.0,9.0,10.0,11.0,12.0,13.0,15.0,18.0,inferred
Barking and Dagenham,2021-04-09,3.0,4.0,5.0,6.0,6.0,7.0,8.0,9.0,10.0,11.0,11.0,13.0,17.0,inferred
Barking and Dagenham,2021-04-10,1.0,3.0,4.0,5.0,5.0,6.0,6.5,7.0,8.0,9.0,9.0,11.0,14.5,inferred
Barking and Dagenham,2021-04-11,2.0,4.0,5.0,5.0,6.0,7.0,7.0,8.0,9.0,10.0,11.0,12.0,15.0,inferred
Barking and Dagenham,2021-04-12,3.0,5.0,6.0,7.0,7.0,8.0,9.0,10.0,12.0,12.0,13.0,15.0,18.0,inferred
Barking and Dagenham,2021-04-13,3.0,5.0,6.0,7.0,7.0,8.0,9.0,10.0,11.0,12.0,13.0,15.0,19.0,inferred
Barking and Dagenham,2021-04-14,3.0,5.0,6.0,7.0,7.0,8.0,9.0,10.0,12.0,12.0,13.0,15.0,19.0,inferred
Barking and Dagenham,2021-04-15,3.0,4.0,6.0,6.0,7.0,8.0,8.0,9.0,11.0,11.0,12.0,14.0,17.0,inferred
Barking and Dagenham,2021-04-16,2.0,4.0,5.0,5.0,6.0,7.0,7.0,8.0,9.0,10.0,11.0,13.0,16.0,inferred
Barking and Dagenham,2021-04-17,1.0,2.0,4.0,4.0,5.0,5.0,6.0,7.0,8.0,8.0,9.0,11.0,14.0,inferred
Barking and Dagenham,2021-04-18,2.0,3.0,4.0,5.0,5.0,6.0,7.0,8.0,9.0,9.0,10.0,12.0,15.0,inferred
Barking and Dagenham,2021-04-19,3.0,4.0,6.0,6.0,7.0,8.0,9.0,10.0,11.0,11.0,12.0,14.0,18.0,inferred
Barking and Dagenham,2021-04-20,2.0,4.0,6.0,6.0,7.0,7.0,8.0,9.0,10.0,11.0,12.0,14.0,17.0,inferred
Barking and Dagenham,2021-04-21,2.0,4.0,5.0,6.0,6.0,7.0,8.0,9.0,10.0,11.0,12.0,13.0,16.5,inferred
Barking and Dagenham,2021-04-22,2.0,4.0,5.0,5.0,5.0,6.0,7.0,8.0,9.0,10.0,10.0,13.0,15.5,inferred
Barking and Dagenham,2021-04-23,1.0,3.0,4.0,4.0,5.0,5.0,6.0,7.0,8.0,8.0,9.0,11.0,14.0,inferred
Barking and Dagenham,2021-04-24,1.0,2.0,3.0,3.0,4.0,4.0,5.0,6.0,6.3,7.0,7.0,9.0,12.0,inferred
Barking and Dagenham,2021-04-25,1.0,2.0,3.0,4.0,4.0,5.0,5.0,6.0,7.0,7.0,8.0,10.0,13.0,inferred
Barking and Dagenham,2021-04-26,2.0,3.0,4.0,5.0,5.0,6.0,7.0,8.0,9.0,9.0,10.0,12.0,14.5,inferred
Barking and Dagenham,2021-04-27,1.0,3.0,4.0,4.0,5.0,6.0,6.0,7.0,8.0,9.0,9.0,11.0,14.0,inferred
Barking and Dagenham,2021-04-28,1.0,3.0,4.0,4.0,5.0,5.0,6.0,7.0,8.0,9.0,9.0,11.0,14.0,inferred
Barking and Dagenham,2021-04-29,1.0,2.0,3.0,4.0,4.0,5.0,6.0,6.0,7.0,8.0,8.0,10.0,13.0,inferred
Barking and Dagenham,2021-04-30,1.0,2.0,3.0,3.0,3.0,4.0,5.0,5.4,6.0,7.0,7.0,9.0,11.0,inferred
Barking and Dagenham,2021-05-01,0.0,1.0,2.0,2.0,2.0,3.0,4.0,4.0,5.0,5.0,6.0,7.0,10.0,inferred
Barking and Dagenham,2021-05-02,0.0,1.0,2.0,2.0,3.0,3.0,4.0,5.0,5.0,6.0,6.0,8.0,11.0,inferred
Barking and Dagenham,2021-05-03,1.0,2.0,3.0,3.0,4.0,4.0,5.0,6.0,6.0,7.0,8.0,9.0,12.0,inferred
Barking and Dagenham,2021-05-04,1.0,2.0,3.0,3.0,4.0,4.0,5.0,6.0,7.0,7.0,8.0,9.0,13.0,inferred
Barking and Dagenham,2021-05-05,1.0,2.0,3.0,3.0,4.0,4.0,5.0,6.0,6.0,7.0,7.0,9.0,12.0,inferred
Barking and Dagenham,2021-05-06,1.0,2.0,2.0,3.0,3.0,4.0,5.0,5.0,6.0,7.0,7.0,9.0,11.5,inferred
Barking and Dagenham,2021-05-07,0.0,1.0,2.0,2.0,3.0,3.0,4.0,5.0,5.0,6.0,6.0,8.0,10.0,inferred
Barking and Dagenham,2021-05-08,0.0,1.0,1.0,2.0,2.0,3.0,3.0,4.0,4.0,5.0,5.0,7.0,9.0,inferred
Barking and Dagenham,2021-05-09,0.0,1.0,2.0,2.0,2.0,3.0,4.0,4.0,5.0,5.0,6.0,7.0,9.0,inferred
Barking and Dagenham,2021-05-10,0.0,1.0,2.0,3.0,3.0,4.0,4.0,5.0,6.0,6.0,7.0,9.0,12.0,inferred
Barking and Dagenham,2021-05-11,0.0,1.0,2.0,3.0,3.0,4.0,4.0,5.0,6.0,6.0,7.0,8.0,11.0,inferred
Barking and Dagenham,2021-05-12,0.0,1.0,2.0,3.0,3.0,4.0,4.0,5.0,6.0,6.0,7.0,8.0,11.5,inferred
Barking and Dagenham,2021-05-13,0.0,1.0,2.0,2.0,3.0,3.0,4.0,5.0,5.0,6.0,6.0,8.0,10.0,inferred
Barking and Dagenham,2021-05-14,0.0,1.0,2.0,2.0,2.0,3.0,3.0,4.0,5.0,5.0,5.0,7.0,10.0,inferred
Barking and Dagenham,2021-05-15,0.0,1.0,1.0,1.0,2.0,2.0,3.0,3.0,4.0,4.0,5.0,6.0,8.0,inferred
Barking and Dagenham,2021-05-16,0.0,1.0,1.0,2.0,2.0,3.0,3.0,4.0,4.0,5.0,5.0,7.0,9.0,inferred
Barking and Dagenham,2021-05-17,0.0,1.0,2.0,2.0,3.0,3.0,4.0,4.0,5.0,6.0,6.0,8.0,10.0,inferred
Barking and Dagenham,2021-05-18,0.0,1.0,2.0,2.0,3.0,3.0,4.0,5.0,5.0,6.0,6.0,8.0,11.0,inferred
Barking and Dagenham,2021-05-19,0.0,1.0,2.0,2.0,3.0,3.0,4.0,5.0,6.0,6.0,7.0,8.0,11.0,inferred
Barking and Dagenham,2021-05-20,0.0,1.0,2.0,2.0,3.0,3.0,4.0,5.0,5.0,6.0,6.0,8.0,11.0,inferred
Barking and Dagenham,2021-05-21,0.0,1.0,2.0,2.0,2.0,3.0,3.0,4.0,5.0,5.0,6.0,7.0,10.0,inferred
Barking and Dagenham,2021-05-22,0.0,1.0,1.0,2.0,2.0,2.0,3.0,4.0,4.0,5.0,5.0,7.0,9.0,inferred
Barking and Dagenham,2021-05-23,0.0,1.0,2.0,2.0,2.0,3.0,4.0,4.0,5.0,5.0,6.0,7.0,10.0,inferred
Barking and Dagenham,2021-05-24,1.0,2.0,3.0,3.0,4.0,4.0,5.0,6.0,7.0,7.0,8.0,9.0,12.0,inferred
Barking and Dagenham,2021-05-25,1.0,2.0,3.0,3.0,4.0,4.0,5.0,6.0,7.0,7.0,8.0,9.0,12.0,inferred
Barking and Dagenham,2021-05-26,1.0,2.0,3.0,4.0,4.0,5.0,6.0,7.0,8.0,8.0,9.0,10.0,14.0,inferred
Barking and Dagenham,2021-05-27,1.0,2.0,3.0,4.0,4.0,5.0,6.0,7.0,7.0,8.0,9.0,10.0,13.0,inferred
Barking and Dagenham,2021-05-28,1.0,2.0,3.0,3.0,4.0,4.0,5.0,6.0,7.0,8.0,8.0,10.0,13.0,inferred
Barking and Dagenham,2021-05-29,0.0,1.0,2.0,3.0,3.0,4.0,5.0,5.0,6.0,6.0,7.0,9.0,11.0,inferred
Barking and Dagenham,2021-05-30,1.0,2.0,3.0,4.0,4.0,5.0,6.0,6.0,7.0,8.0,8.0,10.0,13.0,inferred
Barking and Dagenham,2021-05-31,2.0,4.0,5.0,5.0,5.0,6.0,7.0,8.0,9.0,10.0,10.0,12.0,16.0,inferred
Barking and Dagenham,2021-06-01,2.0,4.0,5.0,6.0,6.0,7.0,8.0,9.0,10.0,10.0,11.0,13.0,16.5,inferred
Barking and Dagenham,2021-06-02,2.0,4.0,5.0,6.0,6.0,7.0,8.0,9.0,10.0,11.0,12.0,13.0,17.0,inferred
Barking and Dagenham,2021-06-03,2.0,4.0,5.0,6.0,6.0,7.0,8.0,9.0,10.0,11.0,11.0,13.0,16.0,inferred
Barking and Dagenham,2021-06-04,2.0,4.0,5.0,5.0,6.0,7.0,7.0,8.0,9.0,10.0,11.0,13.0,16.0,inferred
Barking and Dagenham,2021-06-05,2.0,3.0,4.0,4.0,5.0,6.0,7.0,7.0,8.0,9.0,10.0,11.0,14.5,inferred
Barking and Dagenham,2021-06-06,2.0,4.0,5.0,6.0,6.0,7.0,8.0,9.0,10.0,11.0,12.0,13.0,17.0,inferred
Barking and Dagenham,2021-06-07,4.0,6.0,7.0,8.0,9.0,10.0,11.0,12.0,13.0,14.0,15.0,17.0,20.0,inferred
Barking and Dagenham,2021-06-08,4.0,6.0,8.0,9.0,9.0,10.0,11.0,12.0,14.0,14.0,15.0,18.0,22.0,inferred
Barking and Dagenham,2021-06-09,4.0,7.0,8.0,9.0,9.0,11.0,12.0,13.0,14.0,15.0,16.0,18.0,22.0,inferred
Barking and Dagenham,2021-06-10,4.0,6.0,8.0,9.0,9.0,10.0,11.0,12.0,14.0,14.0,15.0,17.0,21.0,inferred
Barking and Dagenham,2021-06-11,4.0,6.0,7.0,8.0,8.0,9.0,10.0,11.0,12.0,13.0,14.0,16.0,20.0,inferred
Barking and Dagenham,2021-06-12,3.0,4.0,6.0,6.8,7.0,8.0,9.0,9.0,11.0,11.0,12.0,14.0,17.5,inferred
Barking and Dagenham,2021-06-13,4.0,6.0,7.0,8.0,8.0,9.0,10.0,11.0,13.0,13.0,14.0,16.0,19.0,inferred
Barking and Dagenham,2021-06-14,6.0,8.0,10.0,11.0,11.0,13.0,14.0,15.0,17.0,17.0,18.0,21.0,25.0,inferred
Barking and Dagenham,2021-06-15,6.0,9.0,10.0,11.0,12.0,13.0,14.0,16.0,17.0,17.0,18.0,21.0,26.0,inferred
Barking and Dagenham,2021-06-16,7.0,9.0,11.0,12.0,13.0,14.0,15.0,17.0,18.0,19.0,20.0,23.0,27.0,inferred
Barking and Dagenham,2021-06-17,6.0,9.0,11.0,11.0,12.0,13.0,14.0,16.0,17.0,18.0,19.0,22.0,26.0,inferred
Barking and Dagenham,2021-06-18,5.0,8.0,9.0,10.0,11.0,12.0,13.0,14.0,16.0,17.0,18.0,20.0,24.5,inferred
Barnet,2021-03-06,8.0,11.0,13.0,14.0,15.0,16.0,17.0,18.0,20.0,20.0,21.0,24.0,28.0,inferred
Barnet,2021-03-07,10.0,13.0,15.0,16.0,17.0,18.0,19.0,20.0,22.0,23.0,23.2,26.0,30.0,inferred
Barnet,2021-03-08,13.0,17.0,18.0,19.0,20.0,22.0,23.0,25.0,27.0,27.0,28.0,31.0,36.0,inferred
Barnet,2021-03-09,12.0,15.0,18.0,18.0,19.0,21.0,22.0,24.0,25.0,26.0,27.0,30.0,34.0,inferred
Barnet,2021-03-10,12.0,15.0,17.0,18.0,19.0,20.0,21.0,23.0,25.0,25.0,27.0,29.1,34.5,inferred
Barnet,2021-03-11,10.0,13.0,15.0,16.0,17.0,18.0,19.0,21.0,22.0,23.0,24.0,26.1,31.0,inferred
Barnet,2021-03-12,8.0,11.0,13.0,13.0,14.0,15.0,16.0,17.0,19.0,20.0,20.0,23.0,28.0,inferred
Barnet,2021-03-13,6.0,8.0,10.0,10.0,11.0,12.0,13.0,14.0,15.0,16.0,17.0,19.0,23.0,inferred
Barnet,2021-03-14,7.0,9.0,11.0,11.0,12.0,13.0,14.0,16.0,17.0,18.0,18.0,21.0,24.0,inferred
Barnet,2021-03-15,9.0,12.0,14.0,14.0,15.0,16.0,18.0,19.0,21.0,21.0,22.0,25.0,29.0,inferred
Barnet,2021-03-16,8.0,11.0,13.0,14.0,15.0,16.0,17.0,19.0,20.0,21.0,22.0,25.0,29.0,inferred
Barnet,2021-03-17,8.0,12.0,13.0,14.0,15.0,16.0,18.0,19.0,21.0,21.0,22.0,25.0,29.5,inferred
Barnet,2021-03-18,9.0,11.0,12.0,13.0,14.0,15.0,17.0,18.0,19.0,20.0,21.0,23.0,28.0,inferred
Barnet,2021-03-19,6.0,9.0,11.0,12.0,12.0,14.0,15.0,16.0,17.0,18.0,19.0,22.0,25.0,inferred
Barnet,2021-03-20,5.0,8.0,9.0,10.0,10.0,12.0,13.0,14.0,15.0,15.0,16.0,19.0,22.0,inferred
Barnet,2021-03-21,6.0,9.0,11.0,11.0,12.0,13.0,14.0,16.0,17.0,18.0,19.0,21.0,25.0,inferred
Barnet,2021-03-22,9.5,12.0,15.0,15.0,16.0,17.0,19.0,20.0,22.0,22.0,23.0,26.0,30.0,inferred
Barnet,2021-03-23,9.0,12.0,14.0,15.0,16.0,17.0,18.0,20.0,21.0,22.0,23.0,26.0,30.0,inferred
Barnet,2021-03-24,9.0,12.0,14.0,15.0,16.0,17.0,19.0,20.0,21.0,22.0,23.0,26.0,30.0,inferred
Barnet,2021-03-25,8.0,11.0,13.0,14.0,15.0,16.0,17.0,18.0,20.0,20.0,21.0,24.0,28.0,inferred
Barnet,2021-03-26,6.5,9.0,11.0,12.0,13.0,14.0,15.0,16.0,18.0,18.0,19.0,22.0,25.0,inferred
Barnet,2021-03-27,5.0,7.0,9.0,10.0,10.0,11.0,12.0,13.0,15.0,15.0,16.0,18.0,22.0,inferred
Barnet,2021-03-28,6.0,8.0,10.0,11.0,12.0,13.0,14.0,15.0,16.0,17.0,18.0,20.0,24.0,inferred
Barnet,2021-03-29,8.0,11.0,13.0,14.0,15.0,16.0,17.0,19.0,20.0,21.0,22.0,25.0,29.0,inferred
Barnet,2021-03-30,8.0,11.0,13.0,14.0,14.0,16.0,17.0,18.0,20.0,20.0,21.0,24.0,28.0,inferred
Barnet,2021-03-31,8.0,11.0,13.0,14.0,14.0,16.0,17.0,18.0,19.0,20.0,21.0,24.0,28.0,inferred
Barnet,2021-04-01,7.0,10.0,12.0,13.0,13.0,15.0,16.0,17.0,18.0,19.0,20.0,23.0,26.0,inferred
Barnet,2021-04-02,6.0,8.0,10.0,11.0,12.0,13.0,14.0,15.0,17.0,17.0,18.0,20.0,24.0,inferred
Barnet,2021-04-03,4.0,7.0,8.0,9.0,9.0,10.0,11.0,12.0,14.0,14.0,15.0,17.0,20.0,inferred
Barnet,2021-04-04,5.0,7.0,9.0,10.0,10.0,11.0,12.0,13.0,15.0,15.0,16.0,18.0,22.0,inferred
Barnet,2021-04-05,8.0,10.0,12.0,13.0,13.0,15.0,16.0,17.0,18.0,19.0,20.0,22.0,27.0,inferred
Barnet,2021-04-06,7.0,10.0,12.0,13.0,13.0,14.6,16.0,17.0,18.0,19.0,20.0,23.0,27.0,inferred
Barnet,2021-04-07,7.0,10.0,12.0,13.0,14.0,15.0,16.0,17.0,19.0,20.0,20.0,23.0,28.0,inferred
Barnet,2021-04-08,7.0,10.0,12.0,12.0,13.0,14.6,16.0,17.0,18.0,19.0,20.0,22.0,26.0,inferred
Barnet,2021-04-09,6.5,9.0,10.0,11.0,12.0,13.0,14.0,15.0,17.0,17.0,18.0,21.0,25.0,inferred
Barnet,2021-04-10,4.0,7.0,8.0,9.0,10.0,11.0,12.0,13.0,14.0,15.0,15.0,17.0,21.0,inferred
Barnet,2021-04-11,6.0,8.0,10.0,11.0,11.0,13.0,14.0,15.0,16.0,17.0,18.0,20.0,23.0,inferred
Barnet,2021-04-12,8.0,11.0,13.0,14.0,14.0,16.0,17.0,19.0,20.0,21.0,22.0,24.0,28.0,inferred
Barnet,2021-04-13,8.0,11.0,13.0,14.0,14.0,16.0,17.0,18.0,20.0,21.0,22.0,24.0,28.0,inferred
Barnet,2021-04-14,9.0,11.0,13.0,14.0,15.0,16.0,17.0,18.0,20.0,21.0,21.0,24.0,29.0,inferred
Barnet,2021-04-15,7.0,9.9,12.0,12.0,13.0,14.0,15.0,17.0,18.0,19.0,20.0,22.0,26.0,inferred
Barnet,2021-04-16,6.0,8.0,10.0,10.0,11.0,12.0,13.0,14.0,16.0,16.0,17.0,20.0,24.0,inferred
Barnet,2021-04-17,4.0,6.0,8.0,8.0,9.0,10.0,11.0,11.0,13.0,13.0,14.0,16.0,19.0,inferred
Barnet,2021-04-18,5.0,7.0,9.0,9.0,10.0,11.0,12.0,13.0,14.0,15.0,16.0,18.0,21.0,inferred
Barnet,2021-04-19,7.0,9.0,11.0,12.0,13.0,14.0,15.0,16.0,17.0,18.0,19.0,21.0,25.0,inferred
Barnet,2021-04-20,7.0,9.0,11.0,11.0,12.0,13.0,14.0,16.0,17.0,18.0,18.0,21.0,25.0,inferred
Barnet,2021-04-21,6.0,8.0,10.0,11.0,11.0,12.0,14.0,15.0,16.0,17.0,18.0,20.0,25.0,inferred
Barnet,2021-04-22,5.0,7.0,9.0,9.0,10.0,11.0,12.0,13.0,14.0,15.0,16.0,18.0,22.0,inferred
Barnet,2021-04-23,4.0,6.0,7.0,8.0,8.0,9.0,10.0,11.0,12.0,13.0,14.0,16.0,19.0,inferred
Barnet,2021-04-24,2.0,4.0,5.0,6.0,6.0,7.0,8.0,9.0,10.0,10.0,11.0,13.0,16.0,inferred
Barnet,2021-04-25,3.0,5.0,6.0,6.0,7.0,8.0,9.0,10.0,11.0,11.0,12.0,14.0,17.0,inferred
Barnet,2021-04-26,4.0,6.0,8.0,8.0,9.0,10.0,11.0,12.0,13.0,13.0,14.0,16.0,19.0,inferred
Barnet,2021-04-27,4.0,6.0,7.0,8.0,8.0,9.0,10.0,11.0,12.0,13.0,14.0,15.0,19.0,inferred
Barnet,2021-04-28,4.0,6.0,7.0,8.0,8.0,9.0,10.0,11.0,12.0,13.0,14.0,16.0,19.0,inferred
Barnet,2021-04-29,3.0,5.0,6.0,7.0,7.0,8.0,9.0,10.0,11.0,12.0,12.0,14.0,18.0,inferred
Barnet,2021-04-30,3.0,5.0,6.0,6.0,6.0,7.0,8.0,9.0,10.0,10.0,11.0,13.0,17.0,inferred
Barnet,2021-05-01,2.0,3.0,4.0,4.0,5.0,6.0,6.0,7.0,8.0,9.0,9.0,11.0,14.0,inferred
Barnet,2021-05-02,2.0,4.0,5.0,5.0,6.0,7.0,7.0,8.0,9.0,10.0,10.0,12.0,15.0,inferred
Barnet,2021-05-03,3.0,5.0,7.0,7.0,7.0,8.0,9.0,10.0,11.0,12.0,13.0,15.0,17.5,inferred
Barnet,2021-05-04,3.0,5.0,6.0,7.0,7.0,8.0,9.0,10.0,11.0,12.0,12.0,14.0,17.0,inferred
Barnet,2021-05-05,3.0,5.0,6.0,7.0,7.0,8.0,9.0,10.0,11.0,12.0,12.0,14.0,18.0,inferred
Barnet,2021-05-06,3.0,4.0,6.0,6.0,7.0,7.0,8.0,9.0,10.0,11.0,11.0,13.0,17.0,inferred
Barnet,2021-05-07,2.0,4.0,5.0,5.0,6.0,7.0,8.0,8.0,9.0,10.0,11.0,12.0,16.0,inferred
Barnet,2021-05-08,2.0,3.0,4.0,4.0,5.0,5.0,6.0,7.0,8.0,8.2,9.0,11.0,14.0,inferred
Barnet,2021-05-09,2.0,3.0,4.0,5.0,5.0,6.0,7.0,8.0,9.0,9.0,10.0,12.0,15.0,inferred
Barnet,2021-05-10,3.0,5.0,6.0,7.0,7.0,8.0,9.0,10.0,11.0,12.0,12.0,14.0,17.0,inferred
Barnet,2021-05-11,2.0,4.0,6.0,6.0,7.0,8.0,9.0,10.0,11.0,11.0,12.0,14.0,17.0,inferred
Barnet,2021-05-12,3.0,4.0,6.0,6.0,7.0,7.0,8.0,9.0,10.0,11.0,12.0,14.0,17.0,inferred
Barnet,2021-05-13,2.0,4.0,5.0,6.0,6.0,7.0,8.0,9.0,10.0,10.0,11.0,13.0,15.5,inferred
Barnet,2021-05-14,1.0,3.0,4.0,4.0,5.0,6.0,6.0,7.0,8.0,9.0,9.0,11.0,13.5,inferred
Barnet,2021-05-15,1.0,2.0,3.0,3.0,4.0,4.0,5.0,6.0,6.0,7.0,7.0,9.0,12.0,inferred
Barnet,2021-05-16,1.0,2.0,3.0,4.0,4.0,5.0,5.0,6.0,7.0,8.0,8.0,10.0,12.0,inferred
Barnet,2021-05-17,2.0,3.0,5.0,5.0,5.0,6.0,7.0,8.0,9.0,9.0,10.0,12.0,15.0,inferred
Barnet,2021-05-18,2.0,4.0,5.0,5.0,5.0,6.0,7.0,8.0,9.0,9.0,10.0,12.0,15.0,inferred
Barnet,2021-05-19,2.0,4.0,5.0,5.0,6.0,7.0,7.0,8.0,9.0,10.0,10.0,12.0,15.5,inferred
Barnet,2021-05-20,1.0,3.0,4.0,5.0,5.0,6.0,7.0,8.0,9.0,9.0,10.0,12.0,15.0,inferred
Barnet,2021-05-21,1.0,3.0,4.0,4.0,5.0,5.0,6.0,7.0,8.0,8.0,9.0,10.0,14.0,inferred
Barnet,2021-05-22,1.0,2.0,3.0,3.0,4.0,4.0,5.0,6.0,7.0,7.0,8.0,9.0,12.0,inferred
Barnet,2021-05-23,2.0,3.0,4.0,4.0,5.0,5.0,6.0,7.0,8.0,8.0,9.0,10.0,13.0,inferred
Barnet,2021-05-24,2.0,4.0,5.0,6.0,6.0,7.0,8.0,9.0,10.0,11.0,11.0,13.0,17.0,inferred
Barnet,2021-05-25,3.0,5.0,6.0,6.0,7.0,7.0,8.0,9.0,10.0,11.0,12.0,14.0,17.0,inferred
Barnet,2021-05-26,3.0,5.0,6.0,7.0,8.0,8.0,9.5,10.0,12.0,12.0,13.0,15.0,19.0,inferred
Barnet,2021-05-27,3.0,5.0,7.0,7.0,8.0,9.0,10.0,11.0,12.0,12.0,13.0,15.0,19.0,inferred
Barnet,2021-05-28,3.0,5.0,6.0,7.0,7.0,8.0,9.0,10.0,11.0,12.0,13.0,14.0,17.0,inferred
Barnet,2021-05-29,3.0,4.9,6.0,6.0,7.0,8.0,9.0,9.0,10.0,11.0,12.0,13.0,17.0,inferred
Barnet,2021-05-30,4.0,6.0,7.0,8.0,8.0,9.0,10.0,11.0,12.0,13.0,14.0,16.0,19.0,inferred
Barnet,2021-05-31,7.0,9.0,11.0,12.0,13.0,14.0,15.0,16.0,17.0,18.0,19.0,21.0,25.0,inferred
Barnet,2021-06-01,8.0,10.0,12.0,13.0,13.0,15.0,16.0,17.0,18.0,19.0,20.0,23.0,27.0,inferred
Barnet,2021-06-02,8.5,12.0,13.0,14.0,15.0,16.0,17.0,19.0,20.0,21.0,22.0,24.0,29.0,inferred
Barnet,2021-06-03,9.0,11.0,14.0,14.0,15.0,16.0,18.0,19.0,21.0,21.0,22.0,25.0,29.0,inferred
Barnet,2021-06-04,8.5,11.0,13.0,14.0,15.0,16.0,17.0,18.0,20.0,21.0,22.0,24.0,28.0,inferred
Barnet,2021-06-05,8.0,10.0,12.0,12.0,13.0,14.0,15.0,16.0,18.0,18.0,19.0,22.0,26.0,inferred
Barnet,2021-06-06,10.0,12.0,14.0,15.0,16.0,17.0,18.0,20.0,21.0,22.0,23.0,26.0,31.0,inferred
Barnet,2021-06-07,15.0,18.0,21.0,22.0,22.0,24.0,26.0,27.0,29.0,30.0,32.0,34.0,40.0,inferred
Barnet,2021-06-08,15.0,19.0,22.0,23.0,24.0,26.0,27.0,29.0,31.0,32.0,33.0,36.0,40.0,inferred
Barnet,2021-06-09,17.0,21.0,24.0,25.0,26.0,28.0,29.0,31.0,33.0,34.0,35.0,39.0,43.5,inferred
Barnet,2021-06-10,17.0,21.0,24.0,25.0,26.0,27.0,29.0,30.0,32.0,33.0,34.0,38.0,42.0,inferred
Barnet,2021-06-11,15.0,19.0,21.0,22.0,23.0,25.0,27.0,29.0,31.0,32.0,33.0,35.0,41.0,inferred
Barnet,2021-06-12,13.0,17.0,19.0,20.0,20.0,22.0,23.0,25.0,27.0,28.0,29.0,32.0,37.0,inferred
Barnet,2021-06-13,17.0,20.0,23.0,24.0,25.0,26.0,28.0,30.0,31.0,32.0,33.0,37.0,42.0,inferred
Barnet,2021-06-14,24.0,29.0,32.0,33.0,34.0,36.0,38.0,40.0,42.0,43.0,45.0,48.0,54.0,inferred
Barnet,2021-06-15,26.0,31.0,34.0,35.0,36.0,38.0,40.0,42.0,44.0,46.0,47.0,50.0,57.0,inferred
Barnet,2021-06-16,28.0,33.0,36.0,37.0,38.0,41.0,43.0,45.0,47.0,49.0,50.0,54.0,60.0,inferred
Barnet,2021-06-17,26.0,32.0,35.0,36.8,38.0,40.0,42.0,44.0,47.0,48.0,49.0,54.0,59.0,inferred
Barnet,2021-06-18,25.0,29.0,32.0,33.0,34.7,37.0,38.5,41.0,43.0,44.0,46.0,50.0,57.0,inferred
Barnsley,2021-03-06,26.0,31.0,34.0,35.0,36.0,38.0,40.0,42.0,44.0,45.0,46.0,50.0,57.0,inferred
Barnsley,2021-03-07,30.0,36.0,39.0,40.0,41.0,43.0,45.0,48.0,51.0,52.0,53.0,57.0,63.5,inferred
Barnsley,2021-03-08,43.0,50.0,54.0,55.0,57.0,59.0,62.0,64.0,67.0,69.0,70.0,75.0,82.0,inferred
Barnsley,2021-03-09,40.0,48.0,52.0,54.0,55.0,57.0,60.0,62.0,65.0,66.0,68.0,73.0,82.0,inferred
Barnsley,2021-03-10,45.0,51.0,55.0,57.0,58.0,60.0,63.0,66.0,68.0,70.0,72.0,77.0,85.0,inferred
Barnsley,2021-03-11,42.0,49.0,53.0,55.0,56.0,59.0,62.0,64.0,66.0,68.0,70.0,75.0,83.0,inferred
Barnsley,2021-03-12,41.0,46.0,50.0,51.0,52.7,55.0,57.0,60.0,63.0,64.0,66.0,70.0,78.0,inferred
Barnsley,2021-03-13,33.0,38.0,42.0,43.0,44.0,47.0,49.0,51.0,54.0,55.0,57.0,61.0,69.0,inferred
Barnsley,2021-03-14,38.5,44.0,48.0,49.0,51.0,53.0,56.0,58.0,61.0,62.0,64.0,68.1,76.0,inferred
Barnsley,2021-03-15,52.0,59.0,64.0,66.0,68.0,71.0,73.0,76.0,78.0,80.0,82.0,87.0,96.0,inferred
Barnsley,2021-03-16,48.0,55.0,60.0,61.0,63.0,66.0,69.0,72.0,75.0,76.0,78.0,83.0,91.0,inferred
Barnsley,2021-03-17,51.0,58.0,62.0,64.0,65.0,68.0,70.0,73.0,75.0,77.0,79.0,84.1,93.0,inferred
Barnsley,2021-03-18,46.0,52.0,56.0,58.0,59.0,61.0,64.0,67.0,70.0,71.0,73.0,79.0,86.5,inferred
Barnsley,2021-03-19,41.0,46.0,51.0,52.0,53.0,56.0,58.0,61.0,63.0,65.0,66.0,72.0,79.0,inferred
Barnsley,2021-03-20,32.0,37.0,41.0,42.0,43.0,45.0,48.0,49.0,52.0,53.0,55.0,59.1,67.0,inferred
Barnsley,2021-03-21,35.0,41.0,44.0,46.0,47.0,49.0,52.0,54.0,57.0,58.0,60.0,64.0,71.0,inferred
Barnsley,2021-03-22,48.0,54.0,58.0,60.0,61.0,64.0,67.0,69.0,72.0,74.0,76.0,80.0,87.5,inferred
Barnsley,2021-03-23,42.0,48.0,52.0,53.0,55.0,57.0,60.0,62.0,65.0,67.0,69.0,73.1,82.0,inferred
Barnsley,2021-03-24,41.5,47.0,52.0,53.0,55.0,57.6,60.0,63.0,65.0,67.0,68.0,73.0,79.5,inferred
Barnsley,2021-03-25,35.0,42.0,45.0,46.8,48.0,50.0,52.0,54.4,57.0,59.0,61.0,65.0,71.0,inferred
Barnsley,2021-03-26,31.0,36.0,39.0,40.0,41.0,43.0,46.0,48.0,50.0,51.0,53.0,57.0,64.0,inferred
Barnsley,2021-03-27,22.5,27.0,30.0,31.0,32.0,34.0,35.0,37.0,40.0,41.0,42.0,47.0,53.0,inferred
Barnsley,2021-03-28,24.0,28.0,31.0,32.0,33.0,35.0,37.0,39.0,41.0,43.0,45.0,48.0,54.0,inferred
Barnsley,2021-03-29,31.0,35.0,39.0,40.0,42.0,44.0,46.0,49.0,51.0,53.0,54.0,58.0,65.0,inferred
Barnsley,2021-03-30,27.0,31.9,35.0,36.0,37.0,39.0,41.0,43.0,46.0,47.0,48.0,52.0,61.0,inferred
Barnsley,2021-03-31,27.0,32.0,36.0,37.0,38.0,40.0,42.0,44.0,46.0,47.0,49.0,53.0,61.0,inferred
Barnsley,2021-04-01,24.0,28.0,31.0,32.0,34.0,36.0,37.0,40.0,42.0,43.0,45.0,48.0,56.0,inferred
Barnsley,2021-04-02,20.0,25.0,28.0,29.0,30.0,32.0,34.0,35.0,38.0,39.0,40.0,44.0,49.0,inferred
Barnsley,2021-04-03,15.0,19.0,22.0,23.0,24.0,25.0,27.0,28.0,30.0,31.0,32.0,35.0,40.0,inferred
Barnsley,2021-04-04,17.0,21.0,23.0,24.0,25.0,27.0,29.0,30.4,32.0,33.0,35.0,38.0,44.0,inferred
Barnsley,2021-04-05,22.0,26.0,29.0,30.0,31.0,33.0,35.0,38.0,40.0,41.0,42.0,46.0,52.0,inferred
Barnsley,2021-04-06,19.0,23.0,26.0,27.0,28.0,30.0,32.0,34.0,36.0,37.0,38.0,42.0,49.0,inferred
Barnsley,2021-04-07,20.0,24.0,26.0,27.0,28.0,30.0,32.0,34.0,35.0,37.0,38.0,42.0,47.0,inferred
Barnsley,2021-04-08,16.0,21.0,23.0,24.0,25.0,27.0,29.0,30.0,32.0,33.0,35.0,38.0,44.0,inferred
Barnsley,2021-04-09,14.0,18.0,20.0,21.0,22.0,24.0,25.0,27.0,28.3,30.0,31.0,34.0,40.0,inferred
Barnsley,2021-04-10,10.0,13.0,16.0,17.0,17.0,18.0,20.0,21.0,23.0,24.0,25.0,28.0,33.0,inferred
Barnsley,2021-04-11,11.0,14.0,17.0,17.0,18.0,20.0,21.0,23.0,24.0,25.0,26.0,29.0,34.0,inferred
Barnsley,2021-04-12,15.0,18.0,21.0,22.0,22.0,24.0,26.0,27.4,29.0,30.0,31.0,35.0,40.0,inferred
Barnsley,2021-04-13,13.0,16.0,19.0,19.0,20.0,22.0,24.0,25.0,27.0,28.0,29.0,32.0,37.0,inferred
Barnsley,2021-04-14,13.0,16.0,19.0,20.0,21.0,23.0,24.0,26.0,28.0,29.0,30.0,34.0,38.0,inferred
Barnsley,2021-04-15,11.5,15.0,18.0,18.0,19.0,21.0,22.0,24.0,26.0,27.0,28.0,31.0,35.0,inferred
Barnsley,2021-04-16,10.0,14.0,16.0,16.0,17.0,19.0,20.0,22.0,23.0,24.0,25.0,28.0,33.0,inferred
Barnsley,2021-04-17,8.0,10.0,12.0,13.0,14.0,15.0,16.0,18.0,19.0,20.0,21.0,23.0,27.0,inferred
Barnsley,2021-04-18,8.0,12.0,13.0,14.0,15.0,16.0,18.0,19.0,21.0,22.0,23.0,26.0,30.0,inferred
Barnsley,2021-04-19,12.0,15.0,18.0,19.0,20.0,22.0,23.0,25.0,26.0,27.0,28.0,31.0,37.0,inferred
Barnsley,2021-04-20,12.0,15.0,17.0,18.0,19.0,20.0,22.0,23.0,25.0,26.0,27.0,30.0,34.0,inferred
Barnsley,2021-04-21,12.0,15.0,17.0,18.0,19.0,21.0,22.0,24.0,26.0,26.0,28.0,31.0,36.0,inferred
Barnsley,2021-04-22,11.0,14.0,16.0,17.0,18.0,20.0,21.0,22.0,24.0,25.0,26.0,29.0,35.0,inferred
Barnsley,2021-04-23,9.0,13.0,15.0,15.0,16.0,17.0,19.0,20.0,22.0,23.0,24.0,26.1,31.0,inferred
Barnsley,2021-04-24,7.0,10.0,12.0,12.0,13.0,14.0,16.0,17.0,18.0,19.0,20.0,22.0,27.0,inferred
Barnsley,2021-04-25,8.0,11.0,13.0,14.0,15.0,16.0,17.0,19.0,20.0,21.0,22.0,24.0,29.5,inferred
Barnsley,2021-04-26,12.0,16.0,18.0,19.0,20.0,21.0,23.0,24.0,26.0,27.0,28.0,31.0,35.0,inferred
Barnsley,2021-04-27,11.0,14.0,16.0,17.0,18.0,19.0,21.0,23.0,24.0,25.0,26.0,29.0,34.5,inferred
Barnsley,2021-04-28,11.0,14.0,17.0,18.0,19.0,20.0,22.0,23.0,25.0,26.0,27.0,30.0,35.0,inferred
Barnsley,2021-04-29,10.0,13.0,15.0,16.0,17.0,19.0,20.0,21.0,23.0,24.0,25.0,27.1,32.0,inferred
Barnsley,2021-04-30,8.0,12.0,14.0,15.0,15.0,17.0,18.0,20.0,21.0,22.0,23.0,26.0,30.0,inferred
Barnsley,2021-05-01,6.0,9.0,11.0,11.0,12.0,13.0,14.0,16.0,17.0,18.0,19.0,21.0,26.0,inferred
Barnsley,2021-05-02,7.0,10.0,12.0,13.0,13.0,15.0,16.0,17.0,18.0,19.0,20.0,23.0,27.0,inferred
Barnsley,2021-05-03,10.0,13.0,15.0,16.0,17.0,19.0,20.0,21.0,23.0,24.0,25.0,28.0,33.0,inferred
Barnsley,2021-05-04,9.0,12.0,14.0,15.0,15.0,17.0,18.0,20.0,21.0,22.0,23.0,26.0,31.0,inferred
Barnsley,2021-05-05,9.0,11.9,14.0,15.0,15.0,17.0,18.0,20.0,21.0,22.0,23.0,25.0,30.5,inferred
Barnsley,2021-05-06,8.0,10.0,12.0,13.0,14.0,15.0,16.0,18.0,19.0,20.0,21.0,23.0,28.0,inferred
Barnsley,2021-05-07,6.0,9.0,11.0,11.0,12.0,13.0,14.0,16.0,17.0,18.0,19.0,22.0,25.0,inferred
Barnsley,2021-05-08,5.0,6.0,8.0,9.0,9.0,10.0,11.5,13.0,14.0,15.0,15.0,18.0,22.0,inferred
Barnsley,2021-05-09,5.0,7.0,8.0,9.0,9.0,11.0,12.0,13.0,14.0,15.0,16.0,18.0,22.0,inferred
Barnsley,2021-05-10,6.0,9.0,11.0,12.0,12.0,14.0,15.0,16.0,18.0,19.0,20.0,22.0,26.0,inferred
Barnsley,2021-05-11,6.0,8.0,10.0,10.0,11.0,12.0,13.0,14.0,16.0,16.0,17.0,20.0,24.0,inferred
Barnsley,2021-05-12,6.0,8.0,10.0,10.0,11.0,12.0,13.0,15.0,16.0,17.0,18.0,20.0,25.0,inferred
Barnsley,2021-05-13,5.0,7.0,9.0,10.0,10.0,11.0,12.0,13.0,15.0,15.0,16.0,18.0,22.0,inferred
Barnsley,2021-05-14,4.0,6.0,8.0,8.0,9.0,10.0,11.0,12.0,13.0,14.0,15.0,17.0,21.0,inferred
Barnsley,2021-05-15,2.0,5.0,6.0,7.0,7.0,8.0,9.0,10.0,11.0,11.0,12.0,14.0,18.0,inferred
Barnsley,2021-05-16,3.0,5.0,6.0,7.0,8.0,9.0,10.0,11.0,12.0,12.0,13.0,15.0,19.0,inferred
Barnsley,2021-05-17,5.0,7.0,9.0,9.0,10.0,11.0,12.0,13.0,14.0,15.0,16.0,19.0,22.5,inferred
Barnsley,2021-05-18,4.0,7.0,8.0,9.0,9.0,10.0,11.0,13.0,14.0,15.0,15.0,17.1,21.0,inferred
Barnsley,2021-05-19,4.0,7.0,8.0,9.0,9.0,10.0,12.0,13.0,14.0,15.0,15.0,18.0,22.0,inferred
Barnsley,2021-05-20,4.0,6.0,7.0,8.0,9.0,10.0,11.0,12.0,13.0,13.0,14.0,17.0,20.0,inferred
Barnsley,2021-05-21,3.0,5.0,7.0,7.0,8.0,9.0,10.0,11.0,12.0,13.0,13.0,15.0,19.0,inferred
Barnsley,2021-05-22,2.0,4.0,5.0,6.0,6.0,7.0,8.0,9.0,10.0,10.0,11.0,13.0,16.0,inferred
Barnsley,2021-05-23,3.0,5.0,6.0,7.0,7.0,8.0,9.0,10.0,11.0,11.0,12.0,14.0,17.0,inferred
Barnsley,2021-05-24,5.0,7.0,8.0,9.0,9.0,11.0,12.0,13.0,14.0,15.0,16.0,18.0,23.0,inferred
Barnsley,2021-05-25,4.0,6.0,8.0,9.0,9.0,10.0,12.0,13.0,14.0,14.0,15.0,18.0,21.5,inferred
Barnsley,2021-05-26,5.0,7.0,9.0,9.0,10.0,11.0,12.0,13.0,15.0,15.0,16.0,19.0,23.0,inferred
Barnsley,2021-05-27,4.0,7.0,8.8,9.0,10.0,11.0,12.0,13.0,14.0,15.0,16.0,18.0,22.0,inferred
Barnsley,2021-05-28,4.0,6.0,8.0,8.0,9.0,10.0,11.0,12.0,14.0,14.0,15.0,17.0,21.0,inferred
Barnsley,2021-05-29,3.0,5.0,6.0,7.0,7.0,8.0,9.0,10.4,12.0,12.0,13.0,15.0,18.0,inferred
Barnsley,2021-05-30,4.0,6.0,8.0,8.0,9.0,10.0,11.0,12.0,13.0,14.0,15.0,17.0,20.5,inferred
Barnsley,2021-05-31,7.0,10.0,11.0,12.0,12.7,14.0,15.0,16.0,18.0,18.0,19.0,22.0,26.0,inferred
Barnsley,2021-06-01,7.0,9.0,11.0,12.0,12.0,14.0,15.0,16.0,18.0,19.0,19.0,22.0,27.0,inferred
Barnsley,2021-06-02,8.0,11.0,13.0,14.0,14.0,16.0,17.0,18.0,20.0,21.0,22.0,24.0,29.0,inferred
Barnsley,2021-06-03,8.0,11.0,13.0,14.0,14.0,16.0,17.0,18.0,20.0,21.0,22.0,24.0,29.0,inferred
Barnsley,2021-06-04,8.0,11.0,13.0,13.0,14.0,15.0,17.0,18.0,19.0,20.0,21.0,24.0,28.0,inferred
Barnsley,2021-06-05,6.0,9.0,11.0,12.0,12.0,14.0,15.0,16.0,18.0,18.0,19.0,21.0,26.0,inferred
Barnsley,2021-06-06,8.0,11.0,13.0,14.0,15.0,16.0,17.0,19.0,20.0,21.0,22.0,25.0,30.0,inferred
Barnsley,2021-06-07,13.0,17.0,19.0,20.0,21.0,23.0,24.0,26.0,27.0,28.0,30.0,33.0,38.0,inferred
Barnsley,2021-06-08,13.0,16.0,19.0,20.0,20.0,22.0,23.0,25.0,27.0,28.0,29.0,33.0,39.0,inferred
Barnsley,2021-06-09,15.0,18.0,21.0,21.0,22.0,24.0,26.0,27.0,29.0,30.0,31.0,35.0,40.0,inferred
Barnsley,2021-06-10,13.0,17.0,19.0,20.0,21.0,22.0,24.0,26.0,27.0,29.0,30.0,33.0,38.0,inferred
Barnsley,2021-06-11,12.0,15.0,18.0,19.0,20.0,21.0,23.0,24.0,26.0,27.0,28.0,31.0,36.0,inferred
Barnsley,2021-06-12,10.0,13.0,15.0,16.0,17.0,18.0,20.0,21.0,22.0,23.0,24.0,27.0,32.0,inferred
Barnsley,2021-06-13,12.0,15.0,17.0,18.0,19.0,20.0,22.0,23.0,25.0,26.0,27.0,30.0,35.5,inferred
Barnsley,2021-06-14,17.0,20.0,23.0,24.0,25.0,27.0,29.0,31.0,33.0,34.0,36.0,39.0,45.0,inferred
Barnsley,2021-06-15,16.0,21.0,23.0,25.0,25.0,27.0,29.0,31.0,33.0,34.0,35.0,39.0,45.0,inferred
Barnsley,2021-06-16,19.0,23.0,26.0,27.0,28.0,30.0,32.0,34.0,36.0,37.0,39.0,42.1,48.5,inferred
Barnsley,2021-06-17,19.0,23.0,26.0,27.0,28.0,30.0,32.0,34.0,36.0,38.0,39.0,42.0,48.0,inferred
Barnsley,2021-06-18,18.0,22.0,25.0,26.0,27.0,29.6,31.0,34.0,36.0,37.0,38.0,43.0,48.0,inferred
Barrow-in-Furness,2021-03-06,0.0,0.0,1.0,1.0,1.0,2.0,2.0,3.0,3.0,3.0,4.0,5.0,7.0,inferred
Barrow-in-Furness,2021-03-07,0.0,1.0,1.0,1.0,2.0,2.0,2.0,3.0,4.0,4.0,4.0,5.0,7.0,inferred
Barrow-in-Furness,2021-03-08,0.0,1.0,2.0,2.0,2.0,3.0,3.0,4.0,4.0,5.0,5.0,6.0,8.0,inferred
Barrow-in-Furness,2021-03-09,0.0,1.0,2.0,2.0,2.0,3.0,3.0,4.0,4.0,5.0,5.0,6.0,8.0,inferred
Barrow-in-Furness,2021-03-10,0.0,1.0,2.0,2.0,2.0,3.0,3.0,4.0,4.0,5.0,5.0,7.0,9.0,inferred
Barrow-in-Furness,2021-03-11,0.0,1.0,2.0,2.0,2.0,3.0,3.0,4.0,4.0,5.0,5.0,6.0,8.0,inferred
Barrow-in-Furness,2021-03-12,0.0,1.0,2.0,2.0,2.0,2.0,3.0,3.0,4.0,4.0,5.0,6.0,8.0,inferred
Barrow-in-Furness,2021-03-13,0.0,1.0,1.0,1.0,2.0,2.0,2.0,3.0,4.0,4.0,4.0,6.0,8.0,inferred
Barrow-in-Furness,2021-03-14,0.0,1.0,1.0,2.0,2.0,2.0,3.0,3.0,4.0,4.0,5.0,6.0,8.0,inferred
Barrow-in-Furness,2021-03-15,1.0,1.0,2.0,2.0,3.0,3.0,4.0,4.0,5.0,5.0,6.0,7.0,9.0,inferred
Barrow-in-Furness,2021-03-16,0.0,1.0,2.0,2.0,2.0,3.0,3.0,4.0,5.0,5.0,5.0,7.0,8.0,inferred
Barrow-in-Furness,2021-03-17,0.0,1.0,2.0,2.0,2.0,3.0,3.0,4.0,5.0,5.0,5.0,7.0,9.0,inferred
Barrow-in-Furness,2021-03-18,0.0,1.0,2.0,2.0,2.0,3.0,3.0,4.0,4.0,5.0,5.0,6.0,8.0,inferred
Barrow-in-Furness,2021-03-19,0.0,1.0,1.0,2.0,2.0,2.0,3.0,3.0,4.0,4.0,5.0,6.0,8.0,inferred
Barrow-in-Furness,2021-03-20,0.0,0.0,1.0,1.0,1.0,2.0,2.0,3.0,3.0,4.0,4.0,5.0,7.0,inferred
Barrow-in-Furness,2021-03-21,0.0,1.0,1.0,1.0,2.0,2.0,2.0,3.0,4.0,4.0,4.0,5.0,7.0,inferred
Barrow-in-Furness,2021-03-22,0.0,1.0,1.0,2.0,2.0,3.0,3.0,4.0,4.0,5.0,5.0,6.0,8.0,inferred
Barrow-in-Furness,2021-03-23,0.0,1.0,1.0,2.0,2.0,3.0,3.0,4.0,4.0,5.0,5.0,6.0,8.0,inferred
Barrow-in-Furness,2021-03-24,0.0,1.0,1.0,2.0,2.0,2.0,3.0,3.0,4.0,4.0,5.0,6.0,8.0,inferred
Barrow-in-Furness,2021-03-25,0.0,1.0,1.0,2.0,2.0,2.0,3.0,3.0,4.0,4.0,4.0,6.0,7.5,inferred
Barrow-in-Furness,2021-03-26,0.0,0.0,1.0,1.0,1.0,2.0,2.0,3.0,3.0,4.0,4.0,5.0,7.0,inferred
Barrow-in-Furness,2021-03-27,0.0,0.0,1.0,1.0,1.0,1.0,2.0,2.0,3.0,3.0,3.0,4.0,6.0,inferred
Barrow-in-Furness,2021-03-28,0.0,0.0,1.0,1.0,1.0,2.0,2.0,2.0,3.0,3.0,4.0,5.0,6.0,inferred
Barrow-in-Furness,2021-03-29,0.0,1.0,1.0,1.0,2.0,2.0,3.0,3.0,4.0,4.0,4.0,6.0,7.5,inferred
Barrow-in-Furness,2021-03-30,0.0,0.0,1.0,1.0,1.0,2.0,2.0,3.0,3.0,4.0,4.0,5.0,7.0,inferred
Barrow-in-Furness,2021-03-31,0.0,1.0,1.0,1.0,2.0,2.0,2.0,3.0,3.0,4.0,4.0,5.0,7.0,inferred
Barrow-in-Furness,2021-04-01,0.0,0.0,1.0,1.0,1.0,2.0,2.0,3.0,3.0,4.0,4.0,5.0,7.0,inferred
Barrow-in-Furness,2021-04-02,0.0,0.0,1.0,1.0,1.0,2.0,2.0,3.0,3.0,3.0,4.0,5.0,6.0,inferred
Barrow-in-Furness,2021-04-03,0.0,0.0,0.0,1.0,1.0,1.0,2.0,2.0,2.0,3.0,3.0,4.0,5.0,inferred
Barrow-in-Furness,2021-04-04,0.0,0.0,1.0,1.0,1.0,1.0,2.0,2.0,3.0,3.0,3.0,4.0,6.0,inferred
Barrow-in-Furness,2021-04-05,0.0,0.0,1.0,1.0,1.0,2.0,2.0,3.0,3.0,3.0,4.0,5.0,7.0,inferred
Barrow-in-Furness,2021-04-06,0.0,0.0,1.0,1.0,1.0,2.0,2.0,2.0,3.0,3.0,4.0,5.0,6.0,inferred
Barrow-in-Furness,2021-04-07,0.0,0.0,1.0,1.0,1.0,2.0,2.0,3.0,3.0,3.0,4.0,5.0,6.0,inferred
Barrow-in-Furness,2021-04-08,0.0,0.0,1.0,1.0,1.0,1.0,2.0,2.0,3.0,3.0,3.0,4.0,6.0,inferred
Barrow-in-Furness,2021-04-09,0.0,0.0,0.0,1.0,1.0,1.0,1.0,2.0,2.0,3.0,3.0,4.0,5.0,inferred
Barrow-in-Furness,2021-04-10,0.0,0.0,0.0,0.0,1.0,1.0,1.0,2.0,2.0,2.0,2.0,3.0,5.0,inferred
Barrow-in-Furness,2021-04-11,0.0,0.0,0.0,1.0,1.0,1.0,1.0,2.0,2.0,2.0,3.0,3.0,5.0,inferred
Barrow-in-Furness,2021-04-12,0.0,0.0,1.0,1.0,1.0,1.0,2.0,2.0,3.0,3.0,3.0,4.0,6.0,inferred
Barrow-in-Furness,2021-04-13,0.0,0.0,0.0,1.0,1.0,1.0,1.0,2.0,2.0,3.0,3.0,4.0,6.0,inferred
Barrow-in-Furness,2021-04-14,0.0,0.0,0.0,1.0,1.0,1.0,1.0,2.0,2.0,2.0,3.0,4.0,5.0,inferred
Barrow-in-Furness,2021-04-15,0.0,0.0,0.0,0.0,1.0,1.0,1.0,1.4,2.0,2.0,2.0,3.0,5.0,inferred
Barrow-in-Furness,2021-04-16,0.0,0.0,0.0,0.0,0.0,1.0,1.0,1.0,2.0,2.0,2.0,3.0,5.0,inferred
Barrow-in-Furness,2021-04-17,0.0,0.0,0.0,0.0,0.0,1.0,1.0,1.0,1.0,2.0,2.0,3.0,4.0,inferred
Barrow-in-Furness,2021-04-18,0.0,0.0,0.0,0.0,0.0,1.0,1.0,1.0,1.3,2.0,2.0,3.0,4.0,inferred
Barrow-in-Furness,2021-04-19,0.0,0.0,0.0,0.0,0.0,1.0,1.0,1.0,2.0,2.0,2.0,3.0,5.0,inferred
Barrow-in-Furness,2021-04-20,0.0,0.0,0.0,0.0,0.0,1.0,1.0,1.0,2.0,2.0,2.0,3.0,4.0,inferred
Barrow-in-Furness,2021-04-21,0.0,0.0,0.0,0.0,0.0,1.0,1.0,1.0,2.0,2.0,2.0,3.0,5.0,inferred
Barrow-in-Furness,2021-04-22,0.0,0.0,0.0,0.0,0.0,1.0,1.0,1.0,2.0,2.0,2.0,3.0,4.0,inferred
Barrow-in-Furness,2021-04-23,0.0,0.0,0.0,0.0,0.0,0.0,1.0,1.0,1.0,1.2,2.0,2.0,4.0,inferred
Barrow-in-Furness,2021-04-24,0.0,0.0,0.0,0.0,0.0,0.0,0.0,1.0,1.0,1.0,1.0,2.0,3.0,inferred
Barrow-in-Furness,2021-04-25,0.0,0.0,0.0,0.0,0.0,0.0,1.0,1.0,1.0,1.0,2.0,2.0,4.0,inferred
Barrow-in-Furness,2021-04-26,0.0,0.0,0.0,0.0,0.0,1.0,1.0,1.0,2.0,2.0,2.0,3.0,4.0,inferred
Barrow-in-Furness,2021-04-27,0.0,0.0,0.0,0.0,0.0,0.0,1.0,1.0,1.0,2.0,2.0,2.0,4.0,inferred
Barrow-in-Furness,2021-04-28,0.0,0.0,0.0,0.0,0.0,0.0,1.0,1.0,1.0,2.0,2.0,3.0,4.0,inferred
Barrow-in-Furness,2021-04-29,0.0,0.0,0.0,0.0,0.0,0.0,1.0,1.0,1.0,1.0,2.0,2.0,4.0,inferred
Barrow-in-Furness,2021-04-30,0.0,0.0,0.0,0.0,0.0,0.0,1.0,1.0,1.0,1.0,2.0,2.0,4.0,inferred
Barrow-in-Furness,2021-05-01,0.0,0.0,0.0,0.0,0.0,0.0,0.0,1.0,1.0,1.0,1.0,2.0,3.0,inferred
Barrow-in-Furness,2021-05-02,0.0,0.0,0.0,0.0,0.0,0.0,1.0,1.0,1.0,1.0,1.0,2.0,3.0,inferred
Barrow-in-Furness,2021-05-03,0.0,0.0,0.0,0.0,0.0,0.0,1.0,1.0,1.0,2.0,2.0,3.0,4.0,inferred
Barrow-in-Furness,2021-05-04,0.0,0.0,0.0,0.0,0.0,0.0,1.0,1.0,1.0,1.0,2.0,2.0,4.0,inferred
Barrow-in-Furness,2021-05-05,0.0,0.0,0.0,0.0,0.0,0.0,1.0,1.0,1.0,2.0,2.0,3.0,4.0,inferred
Barrow-in-Furness,2021-05-06,0.0,0.0,0.0,0.0,0.0,0.0,1.0,1.0,1.0,1.0,2.0,2.0,4.0,inferred
Barrow-in-Furness,2021-05-07,0.0,0.0,0.0,0.0,0.0,0.0,1.0,1.0,1.0,1.0,2.0,2.0,4.0,inferred
Barrow-in-Furness,2021-05-08,0.0,0.0,0.0,0.0,0.0,0.0,0.0,1.0,1.0,1.0,1.0,2.0,3.0,inferred
Barrow-in-Furness,2021-05-09,0.0,0.0,0.0,0.0,0.0,0.0,1.0,1.0,1.0,1.0,1.0,2.0,3.0,inferred
Barrow-in-Furness,2021-05-10,0.0,0.0,0.0,0.0,0.0,0.0,1.0,1.0,1.0,2.0,2.0,3.0,4.0,inferred
Barrow-in-Furness,2021-05-11,0.0,0.0,0.0,0.0,0.0,0.0,1.0,1.0,1.0,2.0,2.0,3.0,4.0,inferred
Barrow-in-Furness,2021-05-12,0.0,0.0,0.0,0.0,0.0,1.0,1.0,1.0,1.0,2.0,2.0,3.0,4.0,inferred
Barrow-in-Furness,2021-05-13,0.0,0.0,0.0,0.0,0.0,0.0,1.0,1.0,1.0,2.0,2.0,3.0,4.0,inferred
Barrow-in-Furness,2021-05-14,0.0,0.0,0.0,0.0,0.0,0.0,1.0,1.0,1.0,2.0,2.0,2.0,4.0,inferred
Barrow-in-Furness,2021-05-15,0.0,0.0,0.0,0.0,0.0,0.0,1.0,1.0,1.0,1.0,1.0,2.0,3.0,inferred
Barrow-in-Furness,2021-05-16,0.0,0.0,0.0,0.0,0.0,0.0,1.0,1.0,1.0,1.0,2.0,2.0,4.0,inferred
Barrow-in-Furness,2021-05-17,0.0,0.0,0.0,0.0,0.0,1.0,1.0,1.0,2.0,2.0,2.0,3.0,4.0,inferred
Barrow-in-Furness,2021-05-18,0.0,0.0,0.0,0.0,0.0,1.0,1.0,1.0,1.0,2.0,2.0,3.0,4.0,inferred
Barrow-in-Furness,2021-05-19,0.0,0.0,0.0,0.0,0.0,1.0,1.0,1.0,2.0,2.0,2.0,3.0,4.0,inferred
Barrow-in-Furness,2021-05-20,0.0,0.0,0.0,0.0,0.0,1.0,1.0,1.0,1.0,2.0,2.0,3.0,4.0,inferred
Barrow-in-Furness,2021-05-21,0.0,0.0,0.0,0.0,0.0,0.0,1.0,1.0,1.0,2.0,2.0,2.0,4.0,inferred
Barrow-in-Furness,2021-05-22,0.0,0.0,0.0,0.0,0.0,0.0,1.0,1.0,1.0,1.0,2.0,2.0,3.5,inferred
Barrow-in-Furness,2021-05-23,0.0,0.0,0.0,0.0,0.0,0.0,1.0,1.0,1.0,1.0,2.0,3.0,4.0,inferred
Barrow-in-Furness,2021-05-24,0.0,0.0,0.0,0.0,0.0,1.0,1.0,1.0,2.0,2.0,2.0,3.0,4.0,inferred
Barrow-in-Furness,2021-05-25,0.0,0.0,0.0,0.0,0.0,1.0,1.0,1.0,2.0,2.0,2.0,3.0,4.0,inferred
Barrow-in-Furness,2021-05-26,0.0,0.0,0.0,0.0,0.0,1.0,1.0,1.0,2.0,2.0,2.0,3.0,4.0,inferred
Barrow-in-Furness,2021-05-27,0.0,0.0,0.0,0.0,0.0,1.0,1.0,1.0,2.0,2.0,2.0,3.0,5.0,inferred
Barrow-in-Furness,2021-05-28,0.0,0.0,0.0,0.0,0.0,1.0,1.0,1.0,2.0,2.0,2.0,3.0,4.0,inferred
Barrow-in-Furness,2021-05-29,0.0,0.0,0.0,0.0,0.0,1.0,1.0,1.0,2.0,2.0,2.0,3.0,4.0,inferred
Barrow-in-Furness,2021-05-30,0.0,0.0,0.0,0.0,0.0,1.0,1.0,2.0,2.0,2.0,2.0,3.0,4.0,inferred
Barrow-in-Furness,2021-05-31,0.0,0.0,1.0,1.0,1.0,1.0,2.0,2.0,2.0,3.0,3.0,4.0,5.0,inferred
Barrow-in-Furness,2021-06-01,0.0,0.0,1.0,1.0,1.0,1.0,2.0,2.0,3.0,3.0,3.0,4.0,6.0,inferred
Barrow-in-Furness,2021-06-02,0.0,0.0,1.0,1.0,1.0,2.0,2.0,3.0,3.0,3.0,4.0,5.0,6.0,inferred
Barrow-in-Furness,2021-06-03,0.0,0.0,1.0,1.0,1.0,2.0,2.0,3.0,3.0,4.0,4.0,5.0,7.0,inferred
Barrow-in-Furness,2021-06-04,0.0,0.0,1.0,1.0,1.0,2.0,2.0,3.0,3.0,4.0,4.0,5.0,7.0,inferred
Barrow-in-Furness,2021-06-05,0.0,0.0,1.0,1.0,1.0,2.0,2.0,3.0,3.0,3.0,4.0,5.0,6.0,inferred
Barrow-in-Furness,2021-06-06,0.0,1.0,1.0,2.0,2.0,2.0,3.0,3.0,4.0,4.0,5.0,6.0,7.0,inferred
Barrow-in-Furness,2021-06-07,0.0,2.0,2.0,3.0,3.0,4.0,4.0,5.0,5.0,6.0,6.0,8.0,10.0,inferred
Barrow-in-Furness,2021-06-08,1.0,2.0,3.0,3.0,3.0,4.0,5.0,5.0,6.0,6.0,7.0,8.0,11.0,inferred
Barrow-in-Furness,2021-06-09,1.0,2.0,3.0,4.0,4.0,5.0,6.0,6.0,7.0,7.0,8.0,9.0,12.0,inferred
Barrow-in-Furness,2021-06-10,1.0,3.0,4.0,4.0,4.0,5.0,6.0,6.0,7.0,8.0,8.0,10.0,12.0,inferred
Barrow-in-Furness,2021-06-11,2.0,3.0,4.0,4.0,5.0,5.0,6.0,7.0,7.0,8.0,8.0,10.0,13.0,inferred
Barrow-in-Furness,2021-06-12,1.0,2.0,3.0,4.0,4.0,5.0,5.0,6.0,7.0,7.0,8.0,9.0,12.0,inferred
Barrow-in-Furness,2021-06-13,2.0,3.0,4.0,5.0,5.0,6.0,7.0,7.0,8.0,9.0,9.0,11.0,14.0,inferred
Barrow-in-Furness,2021-06-14,3.0,5.0,7.0,7.0,8.0,9.0,10.0,11.0,12.0,12.0,13.0,15.0,18.0,inferred
Barrow-in-Furness,2021-06-15,3.0,6.0,7.0,8.0,8.0,9.0,10.0,11.0,12.0,12.0,13.0,15.0,17.0,inferred
Barrow-in-Furness,2021-06-16,4.0,6.0,7.8,8.0,9.0,10.0,11.0,12.0,13.0,14.0,14.0,16.0,20.0,inferred
Barrow-in-Furness,2021-06-17,4.0,6.0,8.0,8.0,9.0,10.0,11.0,12.0,13.0,14.0,14.0,17.0,20.5,inferred
Barrow-in-Furness,2021-06-18,4.0,6.0,7.0,8.0,9.0,10.0,11.0,12.0,13.0,14.0,14.0,16.0,20.0,inferred
Basildon,2021-03-06,4.0,6.0,7.0,8.0,8.0,9.0,10.0,12.0,13.0,14.0,14.0,17.0,20.0,inferred
Basildon,2021-03-07,4.5,7.0,8.0,9.0,10.0,11.0,12.0,13.0,14.0,15.0,16.0,18.0,21.5,inferred
Basildon,2021-03-08,6.0,8.0,10.0,11.0,11.0,12.0,13.0,15.0,16.0,17.0,18.0,20.0,24.0,inferred
Basildon,2021-03-09,4.0,7.0,9.0,9.0,10.0,11.0,12.0,13.0,15.0,15.0,16.0,19.0,23.0,inferred
Basildon,2021-03-10,5.0,7.0,8.0,9.0,10.0,11.0,12.0,13.0,15.0,15.0,16.0,19.0,22.5,inferred
Basildon,2021-03-11,4.0,6.0,7.0,8.0,8.0,9.0,10.0,11.0,13.0,13.0,14.0,16.0,20.0,inferred
Basildon,2021-03-12,2.5,4.0,6.0,6.0,7.0,8.0,9.0,10.0,11.0,11.0,12.0,14.0,18.0,inferred
Basildon,2021-03-13,2.0,3.0,4.0,4.0,5.0,6.0,7.0,7.0,8.0,9.0,10.0,12.0,15.0,inferred
Basildon,2021-03-14,2.0,3.0,4.0,5.0,5.0,6.0,7.0,8.0,9.0,10.0,10.0,12.0,16.0,inferred
Basildon,2021-03-15,2.0,4.0,6.0,6.0,7.0,8.0,9.0,10.0,11.0,11.0,12.0,14.0,17.0,inferred
Basildon,2021-03-16,2.0,4.0,5.0,6.0,6.0,7.0,8.0,9.0,10.0,10.0,11.0,13.0,16.0,inferred
Basildon,2021-03-17,2.0,4.0,5.0,6.0,6.0,7.0,8.0,9.0,10.0,11.0,11.0,13.0,17.0,inferred
Basildon,2021-03-18,1.0,3.0,4.0,5.0,5.0,6.0,7.0,8.0,9.0,9.0,10.0,12.0,15.0,inferred
Basildon,2021-03-19,1.0,2.0,3.0,4.0,4.0,5.0,6.0,7.0,8.0,8.0,9.0,11.0,14.0,inferred
Basildon,2021-03-20,1.0,2.0,3.0,3.0,3.0,4.0,4.0,5.0,6.0,6.0,7.0,8.0,11.0,inferred
Basildon,2021-03-21,1.0,2.0,3.0,3.0,3.0,4.0,5.0,5.0,6.0,7.0,7.0,9.0,12.0,inferred
Basildon,2021-03-22,1.0,2.0,3.0,4.0,4.0,5.0,6.0,7.0,8.0,8.0,9.0,10.0,13.0,inferred
Basildon,2021-03-23,1.0,2.0,3.0,4.0,4.0,5.0,5.0,6.0,7.0,8.0,8.0,10.0,13.0,inferred
Basildon,2021-03-24,1.0,2.0,3.0,3.0,4.0,5.0,5.0,6.0,7.0,8.0,8.0,10.0,13.0,inferred
Basildon,2021-03-25,1.0,2.0,3.0,3.0,3.0,4.0,5.0,5.0,6.0,7.0,7.0,9.0,12.0,inferred
Basildon,2021-03-26,0.0,1.0,2.0,2.0,3.0,3.0,4.0,5.0,5.0,6.0,6.0,8.0,11.0,inferred
Basildon,2021-03-27,0.0,1.0,1.0,2.0,2.0,2.0,3.0,4.0,4.0,5.0,5.0,6.0,9.0,inferred
Basildon,2021-03-28,0.0,1.0,2.0,2.0,2.0,3.0,3.0,4.0,5.0,5.0,6.0,7.0,9.5,inferred
Basildon,2021-03-29,0.0,1.0,2.0,2.0,3.0,3.0,4.0,5.0,5.3,6.0,6.0,8.0,10.0,inferred
Basildon,2021-03-30,0.0,1.0,2.0,2.0,3.0,3.0,4.0,5.0,5.0,6.0,6.0,8.0,11.0,inferred
Basildon,2021-03-31,0.0,1.0,2.0,2.0,3.0,3.0,4.0,5.0,5.0,6.0,6.0,8.0,10.0,inferred
Basildon,2021-04-01,0.0,1.0,2.0,2.0,2.0,3.0,3.0,4.0,5.0,5.0,6.0,7.0,10.0,inferred
Basildon,2021-04-02,0.0,1.0,1.0,2.0,2.0,2.0,3.0,4.0,4.0,5.0,5.0,7.0,9.0,inferred
Basildon,2021-04-03,0.0,0.0,1.0,1.0,1.0,2.0,2.0,3.0,4.0,4.0,4.0,5.0,7.0,inferred
Basildon,2021-04-04,0.0,1.0,1.0,2.0,2.0,2.0,3.0,3.0,4.0,4.0,5.0,6.0,8.0,inferred
Basildon,2021-04-05,0.0,1.0,2.0,2.0,2.0,3.0,3.0,4.0,5.0,5.0,6.0,7.0,10.0,inferred
Basildon,2021-04-06,0.0,1.0,1.0,2.0,2.0,3.0,3.0,4.0,4.0,5.0,5.0,7.0,9.0,inferred
Basildon,2021-04-07,0.0,1.0,2.0,2.0,2.0,3.0,4.0,4.0,5.0,5.0,6.0,7.1,10.0,inferred
Basildon,2021-04-08,0.0,1.0,2.0,2.0,2.0,3.0,3.0,4.0,5.0,5.0,6.0,7.0,9.0,inferred
Basildon,2021-04-09,0.0,1.0,1.0,2.0,2.0,2.0,3.0,4.0,4.0,5.0,5.0,6.0,9.0,inferred
Basildon,2021-04-10,0.0,0.0,1.0,1.0,1.0,2.0,2.0,3.0,3.0,4.0,4.0,5.0,7.0,inferred
Basildon,2021-04-11,0.0,1.0,1.0,1.0,2.0,2.0,3.0,3.0,4.0,4.0,5.0,6.0,8.0,inferred
Basildon,2021-04-12,0.0,1.0,2.0,2.0,2.0,3.0,3.0,4.0,5.0,5.0,6.0,7.0,9.0,inferred
Basildon,2021-04-13,0.0,1.0,1.0,2.0,2.0,3.0,3.0,4.0,4.0,5.0,5.0,7.0,9.0,inferred
Basildon,2021-04-14,0.0,1.0,2.0,2.0,2.0,3.0,3.0,4.0,4.0,5.0,5.0,7.0,9.0,inferred
Basildon,2021-04-15,0.0,1.0,1.0,1.0,2.0,2.0,3.0,3.0,4.0,4.0,5.0,6.0,9.0,inferred
Basildon,2021-04-16,0.0,0.0,1.0,1.0,1.0,2.0,2.0,3.0,4.0,4.0,4.0,6.0,8.0,inferred
Basildon,2021-04-17,0.0,0.0,1.0,1.0,1.0,1.0,2.0,2.0,3.0,3.0,4.0,5.0,7.0,inferred
Basildon,2021-04-18,0.0,0.0,1.0,1.0,1.0,2.0,2.0,3.0,3.0,4.0,4.0,5.0,8.0,inferred
Basildon,2021-04-19,0.0,1.0,1.0,2.0,2.0,2.0,3.0,3.0,4.0,5.0,5.0,6.0,9.0,inferred
Basildon,2021-04-20,0.0,1.0,1.0,2.0,2.0,2.0,3.0,3.0,4.0,4.0,5.0,6.0,8.0,inferred
Basildon,2021-04-21,0.0,1.0,1.0,2.0,2.0,2.0,3.0,3.0,4.0,5.0,5.0,6.0,9.0,inferred
Basildon,2021-04-22,0.0,1.0,1.0,1.0,2.0,2.0,3.0,3.0,4.0,4.0,5.0,6.0,9.0,inferred
Basildon,2021-04-23,0.0,0.0,1.0,1.0,1.0,2.0,2.0,3.0,3.0,4.0,4.0,5.0,8.0,inferred
Basildon,2021-04-24,0.0,0.0,1.0,1.0,1.0,1.0,2.0,2.0,3.0,3.0,4.0,5.0,7.0,inferred
Basildon,2021-04-25,0.0,0.0,1.0,1.0,1.0,2.0,2.0,3.0,3.0,4.0,4.0,5.0,7.0,inferred
Basildon,2021-04-26,0.0,1.0,1.0,2.0,2.0,2.0,3.0,3.0,4.0,4.0,5.0,6.0,8.0,inferred
Basildon,2021-04-27,0.0,0.0,1.0,1.0,2.0,2.0,3.0,3.0,4.0,4.0,5.0,6.0,8.0,inferred
Basildon,2021-04-28,0.0,1.0,1.0,1.0,2.0,2.0,3.0,3.0,4.0,4.0,5.0,6.0,9.0,inferred
Basildon,2021-04-29,0.0,0.0,1.0,1.0,1.0,2.0,2.0,3.0,4.0,4.0,4.0,6.0,8.0,inferred
Basildon,2021-04-30,0.0,0.0,1.0,1.0,1.0,2.0,2.0,3.0,3.0,3.0,4.0,5.0,7.0,inferred
Basildon,2021-05-01,0.0,0.0,0.0,1.0,1.0,1.0,2.0,2.0,3.0,3.0,3.0,4.0,6.0,inferred
Basildon,2021-05-02,0.0,0.0,1.0,1.0,1.0,1.0,2.0,2.0,3.0,3.0,4.0,5.0,7.0,inferred
Basildon,2021-05-03,0.0,0.0,1.0,1.0,1.0,2.0,2.0,3.0,4.0,4.0,4.0,6.0,8.0,inferred
Basildon,2021-05-04,0.0,0.0,1.0,1.0,1.0,2.0,2.0,3.0,3.0,4.0,4.0,5.0,7.0,inferred
Basildon,2021-05-05,0.0,0.0,1.0,1.0,1.0,2.0,2.0,3.0,3.0,4.0,4.0,5.1,8.0,inferred
Basildon,2021-05-06,0.0,0.0,1.0,1.0,1.0,2.0,2.0,3.0,3.0,4.0,4.0,5.0,8.0,inferred
Basildon,2021-05-07,0.0,0.0,1.0,1.0,1.0,1.0,2.0,2.0,3.0,3.0,4.0,5.0,7.0,inferred
Basildon,2021-05-08,0.0,0.0,0.0,1.0,1.0,1.0,1.0,2.0,2.0,3.0,3.0,4.0,7.0,inferred
Basildon,2021-05-09,0.0,0.0,1.0,1.0,1.0,1.0,2.0,2.0,3.0,3.0,4.0,5.0,6.5,inferred
Basildon,2021-05-10,0.0,0.0,1.0,1.0,1.0,2.0,2.0,3.0,4.0,4.0,4.0,5.1,8.0,inferred
Basildon,2021-05-11,0.0,0.0,1.0,1.0,1.0,2.0,2.0,3.0,4.0,4.0,4.0,5.0,7.0,inferred
Basildon,2021-05-12,0.0,0.0,1.0,1.0,1.0,2.0,2.0,3.0,4.0,4.0,4.0,6.0,8.0,inferred
Basildon,2021-05-13,0.0,0.0,1.0,1.0,1.0,2.0,2.0,3.0,3.0,4.0,4.0,5.0,7.0,inferred
Basildon,2021-05-14,0.0,0.0,1.0,1.0,1.0,1.0,2.0,2.0,3.0,3.0,4.0,5.0,7.0,inferred
Basildon,2021-05-15,0.0,0.0,0.0,1.0,1.0,1.0,1.0,2.0,2.0,3.0,3.0,4.0,6.0,inferred
Basildon,2021-05-16,0.0,0.0,0.0,1.0,1.0,1.0,2.0,2.0,3.0,3.0,3.0,4.0,6.0,inferred
Basildon,2021-05-17,0.0,0.0,1.0,1.0,1.0,1.0,2.0,2.0,3.0,3.0,4.0,5.0,7.0,inferred
Basildon,2021-05-18,0.0,0.0,1.0,1.0,1.0,1.0,2.0,2.0,3.0,3.0,4.0,5.0,7.0,inferred
Basildon,2021-05-19,0.0,0.0,1.0,1.0,1.0,2.0,2.0,3.0,3.0,4.0,4.0,5.0,7.0,inferred
Basildon,2021-05-20,0.0,0.0,1.0,1.0,1.0,1.0,2.0,2.0,3.0,3.0,4.0,5.0,7.0,inferred
Basildon,2021-05-21,0.0,0.0,1.0,1.0,1.0,1.0,2.0,2.0,3.0,3.0,3.0,5.0,7.0,inferred
Basildon,2021-05-22,0.0,0.0,0.0,0.0,1.0,1.0,1.0,2.0,2.0,3.0,3.0,4.0,6.0,inferred
Basildon,2021-05-23,0.0,0.0,0.0,1.0,1.0,1.0,2.0,2.0,3.0,3.0,3.0,4.0,6.0,inferred
Basildon,2021-05-24,0.0,0.0,1.0,1.0,1.0,2.0,2.0,3.0,3.0,4.0,4.0,5.0,8.0,inferred
Basildon,2021-05-25,0.0,0.0,1.0,1.0,1.0,2.0,2.0,3.0,3.0,4.0,4.0,5.0,8.0,inferred
Basildon,2021-05-26,0.0,0.0,1.0,1.0,1.0,2.0,2.0,3.0,4.0,4.0,4.0,6.0,8.0,inferred
Basildon,2021-05-27,0.0,0.0,1.0,1.0,1.0,2.0,2.0,3.0,3.0,4.0,4.0,6.0,8.0,inferred
Basildon,2021-05-28,0.0,0.0,1.0,1.0,1.0,2.0,2.0,3.0,3.0,4.0,4.0,5.0,8.0,inferred
Basildon,2021-05-29,0.0,0.0,0.0,1.0,1.0,1.0,2.0,2.0,3.0,3.0,3.0,4.0,6.0,inferred
Basildon,2021-05-30,0.0,0.0,1.0,1.0,1.0,2.0,2.0,3.0,3.0,4.0,4.0,5.0,7.0,inferred
Basildon,2021-05-31,0.0,1.0,1.0,2.0,2.0,2.0,3.0,4.0,4.0,5.0,5.0,6.0,9.0,inferred
Basildon,2021-06-01,0.0,1.0,1.0,1.0,2.0,2.0,3.0,3.0,4.0,5.0,5.0,7.0,9.0,inferred
Basildon,2021-06-02,0.0,1.0,2.0,2.0,2.0,3.0,3.0,4.0,4.0,5.0,5.0,7.0,9.5,inferred
Basildon,2021-06-03,0.0,1.0,2.0,2.0,2.0,3.0,3.0,4.0,5.0,5.0,6.0,7.0,9.0,inferred
Basildon,2021-06-04,0.0,1.0,1.0,2.0,2.0,3.0,3.0,4.0,4.0,5.0,5.0,7.0,9.0,inferred
Basildon,2021-06-05,0.0,1.0,1.0,1.0,2.0,2.0,3.0,3.0,4.0,4.0,5.0,6.0,8.0,inferred
Basildon,2021-06-06,0.0,1.0,2.0,2.0,2.0,3.0,3.0,4.0,5.0,5.0,6.0,7.0,9.0,inferred
Basildon,2021-06-07,1.0,2.0,3.0,3.0,3.0,4.0,5.0,5.0,6.0,7.0,7.0,9.0,12.0,inferred
Basildon,2021-06-08,1.0,1.0,2.0,3.0,3.0,4.0,5.0,5.0,6.0,6.0,7.0,9.0,11.0,inferred
Basildon,2021-06-09,1.0,2.0,3.0,3.0,4.0,4.0,5.0,6.0,6.3,7.0,8.0,9.0,12.0,inferred
Basildon,2021-06-10,1.0,2.0,3.0,3.0,3.0,4.0,5.0,5.0,6.0,7.0,7.0,9.0,12.0,inferred
Basildon,2021-06-11,0.0,1.0,2.0,2.0,3.0,3.0,4.0,5.0,6.0,6.0,7.0,8.0,10.5,inferred
Basildon,2021-06-12,0.0,1.0,2.0,2.0,2.0,3.0,3.0,4.0,5.0,5.0,6.0,7.0,9.0,inferred
Basildon,2021-06-13,0.0,1.0,2.0,2.0,3.0,3.0,4.0,5.0,5.0,6.0,6.0,8.0,10.0,inferred
Basildon,2021-06-14,1.0,2.0,3.0,3.0,3.0,4.0,5.0,6.0,6.0,7.0,7.0,9.0,12.0,inferred
Basildon,2021-06-15,1.0,2.0,3.0,3.0,3.0,4.0,5.0,6.0,6.0,7.0,8.0,9.0,12.0,inferred
Basildon,2021-06-16,1.0,2.0,3.0,4.0,4.0,5.0,6.0,6.0,7.0,8.0,8.0,10.0,13.0,inferred
Basildon,2021-06-17,1.0,2.0,3.0,3.0,4.0,4.0,5.0,6.0,7.0,7.0,8.0,10.0,13.0,inferred
Basildon,2021-06-18,0.0,2.0,3.0,3.0,3.0,4.0,5.0,6.0,6.0,7.0,7.0,9.0,12.0,inferred
Basingstoke and Deane,2021-03-06,2.0,4.0,5.0,6.0,6.0,7.0,8.0,8.0,9.3,10.0,11.0,12.0,16.0,inferred
Basingstoke and Deane,2021-03-07,3.0,5.0,6.0,7.0,7.0,8.0,9.0,10.0,11.0,11.0,12.0,14.0,17.0,inferred
Basingstoke and Deane,2021-03-08,4.0,6.0,7.0,8.0,8.0,9.0,10.0,11.0,12.0,13.0,14.0,16.0,20.0,inferred
Basingstoke and Deane,2021-03-09,4.0,5.0,7.0,7.0,8.0,9.0,10.0,11.0,12.0,13.0,13.0,15.0,18.0,inferred
Basingstoke and Deane,2021-03-10,3.5,5.0,7.0,7.0,8.0,9.0,10.0,11.0,12.0,13.0,14.0,16.0,19.0,inferred
Basingstoke and Deane,2021-03-11,3.0,5.0,6.0,7.0,7.0,8.0,9.0,10.0,11.0,12.0,12.0,14.0,17.0,inferred
Basingstoke and Deane,2021-03-12,2.0,4.0,5.0,5.0,6.0,7.0,8.0,9.0,9.0,10.0,11.0,12.0,15.0,inferred
Basingstoke and Deane,2021-03-13,1.0,3.0,4.0,4.0,5.0,5.0,6.0,7.0,8.0,8.0,9.0,11.0,14.0,inferred
Basingstoke and Deane,2021-03-14,2.0,3.0,5.0,5.0,5.0,6.0,7.0,8.0,9.0,10.0,10.0,12.0,16.0,inferred
Basingstoke and Deane,2021-03-15,3.0,4.0,6.0,6.0,7.0,8.0,9.0,9.4,11.0,11.0,12.0,14.0,16.5,inferred
Basingstoke and Deane,2021-03-16,3.0,4.0,6.0,6.0,7.0,7.0,8.0,9.0,10.0,11.0,12.0,14.0,17.0,inferred
Basingstoke and Deane,2021-03-17,3.0,4.0,6.0,6.0,7.0,8.0,9.0,10.0,11.0,11.0,12.0,14.0,17.0,inferred
Basingstoke and Deane,2021-03-18,3.0,4.0,6.0,6.0,7.0,7.0,8.0,9.0,10.0,11.0,12.0,14.0,17.0,inferred
Basingstoke and Deane,2021-03-19,2.0,4.0,5.0,5.0,6.0,7.0,7.0,8.0,9.0,10.0,11.0,12.0,15.0,inferred
Basingstoke and Deane,2021-03-20,1.0,3.0,4.0,4.0,5.0,5.0,6.0,7.0,8.0,8.0,9.0,10.0,13.0,inferred
Basingstoke and Deane,2021-03-21,2.0,3.0,5.0,5.0,5.0,6.0,7.0,8.0,9.0,9.0,10.0,12.0,15.5,inferred
Basingstoke and Deane,2021-03-22,3.0,5.0,6.0,6.0,7.0,8.0,9.0,10.0,11.0,11.0,12.0,14.0,17.0,inferred
Basingstoke and Deane,2021-03-23,2.0,4.0,6.0,6.0,7.0,8.0,9.0,10.0,10.0,11.0,12.0,14.0,17.0,inferred
Basingstoke and Deane,2021-03-24,2.0,4.0,6.0,6.0,7.0,8.0,9.0,10.0,11.0,11.0,12.0,14.0,18.0,inferred
Basingstoke and Deane,2021-03-25,2.0,4.0,5.0,6.0,6.0,7.0,8.0,9.0,10.0,10.0,11.0,13.0,16.0,inferred
Basingstoke and Deane,2021-03-26,2.0,3.0,4.0,4.0,5.0,6.0,6.0,7.0,8.0,9.0,9.2,11.0,15.0,inferred
Basingstoke and Deane,2021-03-27,1.0,2.0,3.0,3.0,4.0,4.0,5.0,6.0,7.0,7.0,8.0,10.0,12.0,inferred
Basingstoke and Deane,2021-03-28,1.0,3.0,4.0,4.0,5.0,5.0,6.0,7.0,8.0,8.0,9.0,11.0,14.0,inferred
Basingstoke and Deane,2021-03-29,2.0,3.0,5.0,5.0,6.0,6.0,7.0,8.0,9.0,10.0,10.0,12.0,15.0,inferred
Basingstoke and Deane,2021-03-30,1.0,3.0,4.0,5.0,5.0,6.0,7.0,8.0,8.0,9.0,9.0,11.0,14.0,inferred
Basingstoke and Deane,2021-03-31,2.0,3.0,4.0,5.0,5.0,6.0,7.0,7.0,8.0,9.0,9.0,11.0,15.0,inferred
Basingstoke and Deane,2021-04-01,1.0,2.0,3.0,4.0,4.0,5.0,6.0,6.0,7.0,8.0,9.0,10.0,13.0,inferred
Basingstoke and Deane,2021-04-02,1.0,2.0,3.0,3.0,4.0,4.0,5.0,6.0,6.0,7.0,7.0,9.0,12.0,inferred
Basingstoke and Deane,2021-04-03,0.0,1.0,2.0,2.0,3.0,3.0,4.0,4.0,5.0,5.0,6.0,7.0,10.0,inferred
Basingstoke and Deane,2021-04-04,1.0,2.0,2.0,3.0,3.0,4.0,4.0,5.0,6.0,6.0,7.0,8.0,11.0,inferred
Basingstoke and Deane,2021-04-05,1.0,2.0,3.0,3.0,4.0,4.0,5.0,6.0,7.0,7.0,8.0,9.0,11.0,inferred
Basingstoke and Deane,2021-04-06,1.0,2.0,3.0,3.0,3.0,4.0,4.0,5.0,6.0,6.0,7.0,9.0,11.0,inferred
Basingstoke and Deane,2021-04-07,1.0,2.0,2.0,3.0,3.0,4.0,4.0,5.0,6.0,6.0,7.0,8.0,11.0,inferred
Basingstoke and Deane,2021-04-08,0.0,1.0,2.0,3.0,3.0,4.0,4.0,5.0,6.0,6.0,7.0,8.0,11.0,inferred
Basingstoke and Deane,2021-04-09,0.0,1.0,2.0,2.0,2.0,3.0,3.0,4.0,5.0,5.0,6.0,7.0,9.0,inferred
Basingstoke and Deane,2021-04-10,0.0,0.0,1.0,1.0,2.0,2.0,2.0,3.0,4.0,4.0,4.0,5.1,8.0,inferred
Basingstoke and Deane,2021-04-11,0.0,1.0,1.0,2.0,2.0,2.0,3.0,4.0,4.0,5.0,5.0,6.0,8.0,inferred
Basingstoke and Deane,2021-04-12,0.0,1.0,2.0,2.0,2.0,3.0,4.0,4.0,5.0,5.0,6.0,7.0,10.0,inferred
Basingstoke and Deane,2021-04-13,0.0,1.0,2.0,2.0,2.0,3.0,3.0,4.0,5.0,5.0,6.0,7.0,9.0,inferred
Basingstoke and Deane,2021-04-14,0.0,1.0,2.0,2.0,2.0,3.0,4.0,4.0,5.0,5.0,6.0,7.0,10.0,inferred
Basingstoke and Deane,2021-04-15,0.0,1.0,2.0,2.0,2.0,3.0,3.0,4.0,4.0,5.0,5.0,7.0,9.0,inferred
Basingstoke and Deane,2021-04-16,0.0,1.0,1.0,1.0,2.0,2.0,3.0,3.0,4.0,4.0,5.0,6.0,8.0,inferred
Basingstoke and Deane,2021-04-17,0.0,0.0,1.0,1.0,1.0,2.0,2.0,3.0,3.0,4.0,4.0,5.0,7.0,inferred
Basingstoke and Deane,2021-04-18,0.0,1.0,1.0,1.0,2.0,2.0,3.0,3.0,4.0,4.0,5.0,6.0,8.0,inferred
Basingstoke and Deane,2021-04-19,0.0,1.0,2.0,2.0,2.0,3.0,3.0,4.0,5.0,5.0,5.0,7.0,9.0,inferred
Basingstoke and Deane,2021-04-20,0.0,1.0,2.0,2.0,2.0,3.0,3.0,4.0,5.0,5.0,6.0,7.0,9.0,inferred
Basingstoke and Deane,2021-04-21,0.0,1.0,2.0,2.0,2.0,3.0,3.0,4.0,5.0,5.0,5.2,7.0,9.0,inferred
Basingstoke and Deane,2021-04-22,0.0,1.0,1.0,2.0,2.0,2.0,3.0,3.0,4.0,5.0,5.0,6.0,8.5,inferred
Basingstoke and Deane,2021-04-23,0.0,1.0,1.0,1.0,2.0,2.0,2.0,3.0,4.0,4.0,4.0,6.0,8.0,inferred
Basingstoke and Deane,2021-04-24,0.0,0.0,1.0,1.0,1.0,2.0,2.0,3.0,3.0,3.0,4.0,5.0,7.0,inferred
Basingstoke and Deane,2021-04-25,0.0,0.0,1.0,1.0,2.0,2.0,3.0,3.0,4.0,4.0,4.0,6.0,8.0,inferred
Basingstoke and Deane,2021-04-26,0.0,1.0,1.0,2.0,2.0,2.0,3.0,3.0,4.0,5.0,5.0,6.0,9.0,inferred
Basingstoke and Deane,2021-04-27,0.0,1.0,1.0,1.0,2.0,2.0,3.0,3.0,4.0,4.0,5.0,6.0,8.0,inferred
Basingstoke and Deane,2021-04-28,0.0,1.0,1.0,2.0,2.0,2.0,3.0,4.0,4.0,5.0,5.0,6.0,9.0,inferred
Basingstoke and Deane,2021-04-29,0.0,0.0,1.0,1.0,1.0,2.0,2.0,3.0,4.0,4.0,4.0,5.0,8.0,inferred
Basingstoke and Deane,2021-04-30,0.0,0.0,1.0,1.0,1.0,2.0,2.0,2.0,3.0,3.0,4.0,5.0,7.0,inferred
Basingstoke and Deane,2021-05-01,0.0,0.0,0.0,1.0,1.0,1.0,1.0,2.0,2.0,3.0,3.0,4.0,6.0,inferred
Basingstoke and Deane,2021-05-02,0.0,0.0,0.0,1.0,1.0,1.0,2.0,2.0,3.0,3.0,3.0,4.0,6.0,inferred
Basingstoke and Deane,2021-05-03,0.0,0.0,1.0,1.0,1.0,1.0,2.0,2.0,3.0,3.0,4.0,5.0,7.0,inferred
Basingstoke and Deane,2021-05-04,0.0,0.0,1.0,1.0,1.0,1.0,2.0,2.0,3.0,3.0,4.0,5.0,7.0,inferred
Basingstoke and Deane,2021-05-05,0.0,0.0,1.0,1.0,1.0,1.0,2.0,2.0,3.0,3.0,3.0,5.0,7.0,inferred
Basingstoke and Deane,2021-05-06,0.0,0.0,0.0,1.0,1.0,1.0,2.0,2.0,2.0,3.0,3.0,4.0,6.0,inferred
Basingstoke and Deane,2021-05-07,0.0,0.0,0.0,0.0,1.0,1.0,1.0,2.0,2.0,2.0,3.0,4.0,6.0,inferred
Basingstoke and Deane,2021-05-08,0.0,0.0,0.0,0.0,0.0,1.0,1.0,1.0,2.0,2.0,2.0,3.0,5.0,inferred
Basingstoke and Deane,2021-05-09,0.0,0.0,0.0,0.0,1.0,1.0,1.0,2.0,2.0,2.0,3.0,4.0,5.0,inferred
Basingstoke and Deane,2021-05-10,0.0,0.0,0.0,1.0,1.0,1.0,1.0,2.0,2.0,3.0,3.0,4.0,6.0,inferred
Basingstoke and Deane,2021-05-11,0.0,0.0,0.0,1.0,1.0,1.0,1.0,2.0,2.0,3.0,3.0,4.0,6.5,inferred
Basingstoke and Deane,2021-05-12,0.0,0.0,0.0,1.0,1.0,1.0,2.0,2.0,3.0,3.0,3.0,4.0,6.0,inferred
Basingstoke and Deane,2021-05-13,0.0,0.0,0.0,1.0,1.0,1.0,1.0,2.0,2.0,3.0,3.0,4.0,6.0,inferred
Basingstoke and Deane,2021-05-14,0.0,0.0,0.0,0.0,0.0,1.0,1.0,1.0,2.0,2.0,2.0,3.0,5.0,inferred
Basingstoke and Deane,2021-05-15,0.0,0.0,0.0,0.0,0.0,1.0,1.0,1.0,2.0,2.0,2.0,3.0,5.0,inferred
Basingstoke and Deane,2021-05-16,0.0,0.0,0.0,0.0,1.0,1.0,1.0,2.0,2.0,2.0,3.0,4.0,6.0,inferred
Basingstoke and Deane,2021-05-17,0.0,0.0,0.0,1.0,1.0,1.0,2.0,2.0,3.0,3.0,3.0,4.0,6.0,inferred
Basingstoke and Deane,2021-05-18,0.0,0.0,0.0,1.0,1.0,1.0,2.0,2.0,3.0,3.0,3.0,4.0,6.0,inferred
Basingstoke and Deane,2021-05-19,0.0,0.0,1.0,1.0,1.0,1.0,2.0,2.0,3.0,3.0,4.0,5.0,6.0,inferred
Basingstoke and Deane,2021-05-20,0.0,0.0,1.0,1.0,1.0,2.0,2.0,2.0,3.0,3.0,4.0,5.0,7.0,inferred
Basingstoke and Deane,2021-05-21,0.0,0.0,0.0,1.0,1.0,1.0,2.0,2.0,3.0,3.0,3.0,4.0,6.0,inferred
Basingstoke and Deane,2021-05-22,0.0,0.0,0.0,1.0,1.0,1.0,2.0,2.0,2.0,3.0,3.0,4.0,6.0,inferred
Basingstoke and Deane,2021-05-23,0.0,0.0,1.0,1.0,1.0,2.0,2.0,2.0,3.0,3.0,4.0,5.0,7.0,inferred
Basingstoke and Deane,2021-05-24,0.0,1.0,1.0,1.0,2.0,2.0,3.0,3.0,4.0,4.0,5.0,6.0,8.0,inferred
Basingstoke and Deane,2021-05-25,0.0,1.0,1.0,2.0,2.0,2.0,3.0,3.0,4.0,4.0,5.0,6.0,8.0,inferred
Basingstoke and Deane,2021-05-26,0.0,1.0,2.0,2.0,2.0,3.0,3.0,4.0,5.0,5.0,6.0,7.0,9.0,inferred
Basingstoke and Deane,2021-05-27,0.0,1.0,2.0,2.0,2.0,3.0,3.0,4.0,5.0,5.0,6.0,7.0,9.5,inferred
Basingstoke and Deane,2021-05-28,0.0,1.0,2.0,2.0,2.0,3.0,3.0,4.0,5.0,5.0,6.0,7.0,10.0,inferred
Basingstoke and Deane,2021-05-29,0.0,1.0,2.0,2.0,2.0,3.0,3.0,4.0,4.0,5.0,5.0,7.0,9.0,inferred
Basingstoke and Deane,2021-05-30,0.0,1.0,2.0,3.0,3.0,4.0,4.0,5.0,6.0,6.0,7.0,8.0,11.0,inferred
Basingstoke and Deane,2021-05-31,1.0,2.0,3.0,4.0,4.0,5.0,6.0,6.0,7.0,8.0,8.0,10.0,13.0,inferred
Basingstoke and Deane,2021-06-01,1.0,3.0,4.0,4.0,4.0,5.0,6.0,7.0,8.0,8.0,9.0,11.0,13.5,inferred
Basingstoke and Deane,2021-06-02,2.0,3.0,4.0,5.0,5.0,6.0,7.0,8.0,9.0,9.2,10.0,12.0,16.0,inferred
Basingstoke and Deane,2021-06-03,2.0,3.0,4.0,5.0,5.0,6.0,7.0,8.0,9.0,9.0,10.0,12.0,16.0,inferred
Basingstoke and Deane,2021-06-04,2.0,3.0,4.0,5.0,5.0,6.0,7.0,8.0,9.0,9.0,10.0,11.0,14.0,inferred
Basingstoke and Deane,2021-06-05,1.0,3.0,4.0,4.0,5.0,5.0,6.0,7.0,8.0,8.0,9.0,11.0,14.0,inferred
Basingstoke and Deane,2021-06-06,2.0,4.0,5.0,6.0,6.0,7.0,8.0,9.0,10.0,10.0,11.0,13.0,16.0,inferred
Basingstoke and Deane,2021-06-07,4.0,6.0,7.0,8.0,8.0,9.0,11.0,12.0,13.0,13.0,14.0,16.0,19.0,inferred
Basingstoke and Deane,2021-06-08,4.0,6.0,8.0,8.0,9.0,10.0,11.0,12.0,13.0,14.0,15.0,17.0,21.0,inferred
Basingstoke and Deane,2021-06-09,5.0,7.0,9.0,10.0,10.0,11.0,12.0,14.0,15.0,15.0,16.0,19.0,22.0,inferred
Basingstoke and Deane,2021-06-10,5.0,7.0,9.0,9.0,10.0,11.0,12.0,13.0,14.3,15.0,16.0,19.0,23.0,inferred
Basingstoke and Deane,2021-06-11,4.5,7.0,8.0,9.0,9.0,11.0,12.0,13.0,14.0,15.0,15.0,17.0,21.0,inferred
Basingstoke and Deane,2021-06-12,4.0,5.0,7.0,7.0,8.0,9.0,10.0,11.0,12.0,13.0,13.0,16.0,19.0,inferred
Basingstoke and Deane,2021-06-13,5.0,7.0,9.0,10.0,10.0,11.0,13.0,14.0,15.0,16.0,17.0,19.0,22.5,inferred
Basingstoke and Deane,2021-06-14,7.0,10.0,12.0,13.0,13.0,15.0,16.0,17.0,19.0,20.0,20.2,23.1,28.0,inferred
Basingstoke and Deane,2021-06-15,8.0,10.0,12.0,13.0,14.0,15.0,16.0,17.0,19.0,20.0,20.0,23.0,27.0,inferred
Basingstoke and Deane,2021-06-16,8.0,11.0,13.0,14.0,15.0,16.0,18.0,20.0,21.0,22.0,23.0,25.0,30.0,inferred
Basingstoke and Deane,2021-06-17,8.0,11.0,13.0,14.0,14.0,16.0,17.0,19.0,20.0,21.0,22.0,25.0,29.0,inferred
Basingstoke and Deane,2021-06-18,7.0,10.0,12.0,13.0,13.0,15.0,16.0,17.0,19.0,20.0,21.0,23.0,28.0,inferred
Bassetlaw,2021-03-06,8.0,11.0,13.0,14.0,14.0,16.0,17.0,19.0,20.0,21.0,22.0,25.0,29.0,inferred
Bassetlaw,2021-03-07,9.0,13.0,15.0,15.0,16.0,17.0,19.0,20.0,22.0,22.2,24.0,27.0,32.0,inferred
Bassetlaw,2021-03-08,13.5,17.0,19.0,20.0,21.0,22.0,24.0,26.0,27.0,28.0,29.0,32.0,37.0,inferred
Bassetlaw,2021-03-09,11.0,14.0,17.0,18.0,18.0,20.0,21.0,23.0,25.0,26.0,27.0,30.0,34.0,inferred
Bassetlaw,2021-03-10,11.0,14.0,17.0,18.0,19.0,20.0,22.0,23.0,25.0,26.0,27.0,30.0,35.0,inferred
Bassetlaw,2021-03-11,10.0,13.0,15.0,16.0,17.0,18.0,20.0,21.0,23.0,24.0,25.0,28.0,32.0,inferred
Bassetlaw,2021-03-12,9.0,11.0,14.0,14.0,15.0,16.0,18.0,19.0,21.0,22.0,22.2,25.0,29.0,inferred
Bassetlaw,2021-03-13,6.5,9.0,11.0,11.0,12.0,13.0,15.0,16.0,17.0,18.0,19.0,22.0,25.0,inferred
Bassetlaw,2021-03-14,7.0,10.0,12.0,13.0,13.0,15.0,16.0,17.0,19.0,20.0,21.0,23.0,28.0,inferred
Bassetlaw,2021-03-15,10.5,14.0,16.0,17.0,18.0,19.0,21.0,23.0,25.0,25.0,27.0,29.0,34.0,inferred
Bassetlaw,2021-03-16,9.0,13.0,15.0,16.0,17.0,18.0,20.0,21.0,23.0,24.0,25.0,28.0,33.0,inferred
Bassetlaw,2021-03-17,10.0,13.0,15.0,16.0,16.0,18.0,19.0,21.0,23.0,24.0,25.0,28.0,33.0,inferred
Bassetlaw,2021-03-18,8.0,12.0,14.0,14.0,15.0,16.0,18.0,19.0,21.0,22.0,23.0,26.0,31.0,inferred
Bassetlaw,2021-03-19,7.0,10.0,12.0,13.0,13.0,15.0,16.0,17.0,19.0,20.0,21.0,24.0,28.0,inferred
Bassetlaw,2021-03-20,5.0,7.0,9.0,10.0,11.0,12.0,13.0,14.0,15.0,16.0,17.0,20.0,24.0,inferred
Bassetlaw,2021-03-21,6.0,8.0,10.0,11.0,11.0,12.0,14.0,15.0,16.0,17.0,18.0,21.0,25.0,inferred
Bassetlaw,2021-03-22,7.0,10.0,12.0,13.0,14.0,15.0,17.0,18.0,19.0,21.0,22.0,25.0,28.0,inferred
Bassetlaw,2021-03-23,6.0,9.0,11.0,12.0,12.0,14.0,15.0,16.0,18.0,18.0,19.0,21.0,26.0,inferred
Bassetlaw,2021-03-24,6.0,9.0,10.0,11.0,12.0,13.0,14.0,15.0,17.0,18.0,18.0,21.0,26.0,inferred
Bassetlaw,2021-03-25,5.0,7.0,9.0,9.0,10.0,11.0,12.0,13.0,15.0,16.0,16.0,19.0,23.0,inferred
Bassetlaw,2021-03-26,4.0,6.0,7.0,8.0,8.0,9.0,10.0,11.0,12.0,13.0,14.0,16.0,20.0,inferred
Bassetlaw,2021-03-27,2.0,4.0,5.0,5.8,6.0,7.0,8.0,9.0,10.0,10.0,11.0,13.0,16.0,inferred
Bassetlaw,2021-03-28,2.0,4.0,5.0,6.0,6.0,7.0,8.0,9.0,10.0,11.0,12.0,14.0,17.0,inferred
Bassetlaw,2021-03-29,3.0,5.0,6.0,7.0,8.0,9.0,10.0,11.0,12.0,13.0,13.0,16.0,20.0,inferred
Bassetlaw,2021-03-30,3.0,4.0,6.0,6.0,7.0,8.0,9.0,10.0,11.0,11.0,12.0,14.0,17.0,inferred
Bassetlaw,2021-03-31,2.0,4.0,6.0,6.0,7.0,7.0,8.0,10.0,11.0,12.0,12.0,14.0,17.5,inferred
Bassetlaw,2021-04-01,2.0,4.0,5.0,5.0,6.0,7.0,7.0,8.0,10.0,10.0,11.0,13.0,16.0,inferred
Bassetlaw,2021-04-02,1.0,3.0,4.0,4.0,5.0,5.0,6.0,7.0,8.0,9.0,10.0,11.0,15.0,inferred
Bassetlaw,2021-04-03,1.0,2.0,3.0,3.0,4.0,5.0,5.0,6.0,7.0,7.0,8.0,10.0,13.0,inferred
Bassetlaw,2021-04-04,1.0,2.0,3.0,3.0,4.0,5.0,5.0,6.0,7.0,7.0,8.0,10.0,13.0,inferred
Bassetlaw,2021-04-05,1.0,3.0,4.0,5.0,5.0,6.0,7.0,8.0,9.0,9.0,10.0,12.0,16.0,inferred
Bassetlaw,2021-04-06,1.0,2.0,4.0,4.0,5.0,5.0,6.0,7.0,8.0,8.0,9.0,11.0,14.0,inferred
Bassetlaw,2021-04-07,1.0,3.0,4.0,4.0,5.0,6.0,6.0,7.0,8.0,9.0,10.0,11.0,16.0,inferred
Bassetlaw,2021-04-08,1.0,2.0,3.0,4.0,4.0,5.0,6.0,7.0,8.0,8.0,9.0,11.0,14.0,inferred
Bassetlaw,2021-04-09,1.0,2.0,3.0,4.0,4.0,5.0,5.5,6.0,7.0,8.0,8.0,10.0,13.0,inferred
Bassetlaw,2021-04-10,1.0,2.0,2.0,3.0,3.0,4.0,4.0,5.0,6.0,7.0,7.0,9.0,12.0,inferred
Bassetlaw,2021-04-11,1.0,2.0,3.0,3.0,3.0,4.0,5.0,6.0,6.0,7.0,7.0,9.0,12.0,inferred
Bassetlaw,2021-04-12,1.0,2.9,4.0,4.0,5.0,5.0,6.0,7.0,8.0,9.0,9.0,11.0,14.0,inferred
Bassetlaw,2021-04-13,1.0,3.0,4.0,4.0,4.0,5.0,6.0,7.0,8.0,9.0,9.0,11.0,15.0,inferred
Bassetlaw,2021-04-14,1.0,3.0,4.0,4.0,5.0,5.0,6.0,7.0,8.0,9.0,10.0,11.0,15.0,inferred
Bassetlaw,2021-04-15,1.0,2.0,4.0,4.0,4.0,5.0,6.0,7.0,8.0,8.0,9.0,11.0,14.0,inferred
Bassetlaw,2021-04-16,1.0,2.0,3.0,3.0,4.0,5.0,5.0,6.0,7.0,8.0,8.0,10.0,13.0,inferred
Bassetlaw,2021-04-17,0.0,1.0,2.0,3.0,3.0,4.0,4.0,5.0,6.0,7.0,7.0,9.0,12.0,inferred
Bassetlaw,2021-04-18,1.0,2.0,3.0,3.0,3.0,4.0,5.0,6.0,6.0,7.0,7.0,9.0,12.0,inferred
Bassetlaw,2021-04-19,1.0,3.0,4.0,4.0,5.0,6.0,6.0,7.0,8.0,9.0,10.0,11.0,14.0,inferred
Bassetlaw,2021-04-20,1.0,3.0,3.0,4.0,4.0,5.0,6.0,6.0,7.0,8.0,9.0,11.0,14.0,inferred
Bassetlaw,2021-04-21,1.0,2.0,3.0,4.0,4.0,5.0,6.0,7.0,8.0,9.0,9.0,11.0,14.5,inferred
Bassetlaw,2021-04-22,1.0,2.0,3.0,3.0,4.0,5.0,5.0,6.0,7.0,8.0,8.0,10.0,13.0,inferred
Bassetlaw,2021-04-23,1.0,2.0,3.0,3.0,3.0,4.0,5.0,6.0,6.0,7.0,7.0,9.0,12.0,inferred
Bassetlaw,2021-04-24,0.0,1.0,2.0,2.0,2.0,3.0,4.0,4.0,5.0,5.0,6.0,8.0,10.0,inferred
Bassetlaw,2021-04-25,0.0,1.0,2.0,2.0,3.0,3.0,4.0,4.4,5.0,6.0,6.0,8.0,11.0,inferred
Bassetlaw,2021-04-26,1.0,2.0,3.0,3.0,4.0,4.0,5.0,6.0,7.0,7.0,8.0,9.0,12.0,inferred
Bassetlaw,2021-04-27,0.0,1.0,2.0,3.0,3.0,4.0,4.0,5.0,6.0,6.0,7.0,9.0,11.0,inferred
Bassetlaw,2021-04-28,0.0,1.0,2.0,3.0,3.0,4.0,4.0,5.0,6.0,6.0,7.0,8.0,11.0,inferred
Bassetlaw,2021-04-29,0.0,1.0,2.0,2.0,3.0,3.0,4.0,5.0,5.0,6.0,6.0,8.0,11.0,inferred
Bassetlaw,2021-04-30,0.0,1.0,2.0,2.0,2.0,3.0,3.0,4.0,5.0,5.0,6.0,7.0,10.0,inferred
Bassetlaw,2021-05-01,0.0,0.0,1.0,1.0,2.0,2.0,3.0,3.0,4.0,4.0,5.0,6.0,8.5,inferred
Bassetlaw,2021-05-02,0.0,1.0,1.0,2.0,2.0,2.0,3.0,4.0,4.0,5.0,5.0,7.0,9.0,inferred
Bassetlaw,2021-05-03,0.0,1.0,2.0,2.0,3.0,3.0,4.0,4.0,5.0,6.0,6.0,8.0,10.0,inferred
Bassetlaw,2021-05-04,0.0,1.0,2.0,2.0,2.0,3.0,3.0,4.0,5.0,5.0,6.0,7.0,10.0,inferred
Bassetlaw,2021-05-05,0.0,1.0,2.0,2.0,2.0,3.0,3.0,4.0,5.0,5.0,6.0,7.0,10.0,inferred
Bassetlaw,2021-05-06,0.0,1.0,1.0,2.0,2.0,2.0,3.0,4.0,4.0,5.0,5.0,7.0,10.0,inferred
Bassetlaw,2021-05-07,0.0,1.0,1.0,2.0,2.0,2.0,3.0,4.0,4.0,5.0,5.0,6.0,8.5,inferred
Bassetlaw,2021-05-08,0.0,0.0,1.0,1.0,1.0,2.0,2.0,3.0,3.0,4.0,4.0,6.0,8.0,inferred
Bassetlaw,2021-05-09,0.0,0.0,1.0,1.0,1.0,2.0,2.0,3.0,4.0,4.0,5.0,6.0,9.0,inferred
Bassetlaw,2021-05-10,0.0,1.0,2.0,2.0,2.0,3.0,3.0,4.0,5.0,5.0,6.0,7.0,10.0,inferred
Bassetlaw,2021-05-11,0.0,1.0,1.0,2.0,2.0,3.0,3.0,4.0,4.0,5.0,5.0,7.0,10.0,inferred
Bassetlaw,2021-05-12,0.0,1.0,2.0,2.0,2.0,3.0,3.0,4.0,5.0,5.0,6.0,7.0,9.0,inferred
Bassetlaw,2021-05-13,0.0,1.0,1.0,2.0,2.0,2.0,3.0,4.0,4.0,5.0,5.0,7.0,9.0,inferred
Bassetlaw,2021-05-14,0.0,0.0,1.0,1.0,2.0,2.0,3.0,3.0,4.0,4.0,5.0,6.0,8.0,inferred
Bassetlaw,2021-05-15,0.0,0.0,1.0,1.0,1.0,2.0,2.0,3.0,3.0,4.0,4.0,5.0,8.0,inferred
Bassetlaw,2021-05-16,0.0,0.0,1.0,1.0,1.0,2.0,2.0,3.0,3.0,4.0,4.0,6.0,8.0,inferred
Bassetlaw,2021-05-17,0.0,1.0,1.0,2.0,2.0,2.0,3.0,4.0,4.0,5.0,5.0,7.0,9.0,inferred
Bassetlaw,2021-05-18,0.0,1.0,1.0,1.0,2.0,2.0,3.0,3.0,4.0,4.0,5.0,6.0,8.0,inferred
Bassetlaw,2021-05-19,0.0,1.0,1.0,1.0,2.0,2.0,3.0,3.0,4.0,4.0,5.0,6.0,8.0,inferred
Bassetlaw,2021-05-20,0.0,0.0,1.0,1.0,2.0,2.0,2.0,3.0,4.0,4.0,4.0,6.0,8.5,inferred
Bassetlaw,2021-05-21,0.0,0.0,1.0,1.0,1.0,2.0,2.0,3.0,3.0,4.0,4.0,5.0,7.5,inferred
Bassetlaw,2021-05-22,0.0,0.0,0.0,1.0,1.0,1.0,2.0,2.0,3.0,3.0,3.0,5.0,7.0,inferred
Bassetlaw,2021-05-23,0.0,0.0,1.0,1.0,1.0,1.0,2.0,2.0,3.0,3.0,4.0,5.0,7.0,inferred
Bassetlaw,2021-05-24,0.0,0.0,1.0,1.0,1.0,2.0,2.0,3.0,3.0,4.0,4.0,6.0,8.0,inferred
Bassetlaw,2021-05-25,0.0,0.0,1.0,1.0,1.0,2.0,2.0,3.0,3.0,4.0,4.0,5.0,8.0,inferred
Bassetlaw,2021-05-26,0.0,0.0,1.0,1.0,1.0,2.0,2.0,3.0,3.0,4.0,4.0,6.0,8.0,inferred
Bassetlaw,2021-05-27,0.0,0.0,1.0,1.0,1.0,2.0,2.0,3.0,3.0,3.0,4.0,5.0,7.0,inferred
Bassetlaw,2021-05-28,0.0,0.0,1.0,1.0,1.0,1.0,2.0,2.0,3.0,3.0,4.0,5.0,7.0,inferred
Bassetlaw,2021-05-29,0.0,0.0,0.0,1.0,1.0,1.0,1.0,2.0,3.0,3.0,3.0,4.0,6.0,inferred
Bassetlaw,2021-05-30,0.0,0.0,1.0,1.0,1.0,1.0,2.0,2.0,3.0,3.0,4.0,5.0,7.0,inferred
Bassetlaw,2021-05-31,0.0,0.0,1.0,1.0,1.0,2.0,3.0,3.0,4.0,4.0,5.0,6.0,8.0,inferred
Bassetlaw,2021-06-01,0.0,0.0,1.0,1.0,2.0,2.0,3.0,3.0,4.0,4.0,5.0,6.0,8.5,inferred
Bassetlaw,2021-06-02,0.0,0.0,1.0,1.0,2.0,2.0,3.0,3.0,4.0,4.0,5.0,6.0,9.0,inferred
Bassetlaw,2021-06-03,0.0,0.0,1.0,1.0,1.0,2.0,3.0,3.0,4.0,4.0,5.0,6.0,8.0,inferred
Bassetlaw,2021-06-04,0.0,0.0,1.0,1.0,1.0,2.0,2.0,3.0,4.0,4.0,4.0,6.0,8.0,inferred
Bassetlaw,2021-06-05,0.0,0.0,1.0,1.0,1.0,2.0,2.0,2.0,3.0,3.0,4.0,5.0,7.0,inferred
Bassetlaw,2021-06-06,0.0,0.0,1.0,1.0,1.0,2.0,2.0,3.0,4.0,4.0,4.0,6.0,8.0,inferred
Bassetlaw,2021-06-07,0.0,1.0,2.0,2.0,2.0,3.0,3.0,4.0,5.0,5.0,6.0,7.0,10.0,inferred
Bassetlaw,2021-06-08,0.0,1.0,1.0,2.0,2.0,3.0,3.0,4.0,5.0,5.0,5.2,7.0,9.0,inferred
Bassetlaw,2021-06-09,0.0,1.0,2.0,2.0,2.0,3.0,4.0,4.0,5.0,6.0,6.0,8.0,10.0,inferred
Bassetlaw,2021-06-10,0.0,1.0,2.0,2.0,3.0,3.0,4.0,4.0,5.0,6.0,6.0,8.0,11.0,inferred
Bassetlaw,2021-06-11,0.0,1.0,2.0,2.0,2.7,3.0,4.0,5.0,5.0,6.0,6.0,8.0,11.0,inferred
Bassetlaw,2021-06-12,0.0,1.0,2.0,2.0,2.0,3.0,4.0,4.0,5.0,5.0,6.0,7.0,10.0,inferred
Bassetlaw,2021-06-13,1.0,2.0,2.0,3.0,3.0,4.0,4.0,5.0,6.0,6.0,7.0,9.0,11.0,inferred
Bassetlaw,2021-06-14,1.0,3.0,4.0,4.0,5.0,5.0,6.0,7.0,9.0,9.0,10.0,12.0,15.0,inferred
Bassetlaw,2021-06-15,1.0,3.0,4.0,4.0,5.0,6.0,7.0,7.0,8.0,9.0,10.0,12.0,15.0,inferred
Bassetlaw,2021-06-16,2.0,4.0,5.0,6.0,6.0,7.0,8.0,9.0,10.0,11.0,11.0,13.0,17.0,inferred
Bassetlaw,2021-06-17,2.0,4.0,5.0,5.0,6.0,7.0,8.0,9.0,10.0,11.0,11.0,13.0,17.5,inferred
Bassetlaw,2021-06-18,2.0,4.0,5.0,5.0,6.0,7.0,8.0,9.0,10.0,11.0,12.0,14.0,18.5,inferred
Bath and North East Somerset,2021-03-06,1.0,1.0,2.0,3.0,3.0,4.0,4.0,5.0,6.0,6.0,6.0,8.0,9.0,inferred
Bath and North East Somerset,2021-03-07,1.0,2.0,3.0,4.0,4.0,5.0,5.0,6.0,7.0,7.0,8.0,9.0,11.5,inferred
Bath and North East Somerset,2021-03-08,2.0,3.0,4.0,4.0,5.0,5.0,6.0,7.0,7.0,8.0,8.0,10.0,13.0,inferred
Bath and North East Somerset,2021-03-09,1.0,2.0,3.0,3.0,4.0,4.0,5.0,6.0,6.0,7.0,7.0,9.0,11.0,inferred
Bath and North East Somerset,2021-03-10,1.0,3.0,4.0,4.0,4.0,5.0,6.0,6.0,7.0,8.0,8.0,10.0,12.0,inferred
Bath and North East Somerset,2021-03-11,1.0,2.0,3.0,4.0,4.0,5.0,5.0,6.0,7.0,7.0,8.0,9.0,11.0,inferred
Bath and North East Somerset,2021-03-12,1.0,2.0,2.0,3.0,3.0,4.0,4.0,5.0,6.0,6.0,6.0,8.0,10.0,inferred
Bath and North East Somerset,2021-03-13,0.0,1.0,2.0,2.0,2.0,3.0,3.0,4.0,4.0,5.0,5.0,6.0,8.0,inferred
Bath and North East Somerset,2021-03-14,1.0,2.0,3.0,3.0,3.0,4.0,4.0,5.0,6.0,6.0,7.0,8.0,11.0,inferred
Bath and North East Somerset,2021-03-15,1.0,3.0,3.0,4.0,4.0,5.0,6.0,6.0,7.0,8.0,8.0,10.0,12.0,inferred
Bath and North East Somerset,2021-03-16,1.0,2.0,3.0,3.0,4.0,4.0,5.0,5.0,6.0,7.0,7.0,8.0,11.0,inferred
Bath and North East Somerset,2021-03-17,1.0,2.9,3.0,4.0,4.0,5.0,6.0,6.0,7.0,7.0,8.0,9.0,12.0,inferred
Bath and North East Somerset,2021-03-18,1.0,2.0,3.0,3.0,3.0,4.0,5.0,5.0,6.0,7.0,7.0,9.0,11.0,inferred
Bath and North East Somerset,2021-03-19,1.0,1.0,2.0,3.0,3.0,3.0,4.0,5.0,5.0,6.0,6.0,7.0,9.0,inferred
Bath and North East Somerset,2021-03-20,0.0,1.0,1.0,2.0,2.0,2.0,3.0,3.0,4.0,4.0,5.0,6.0,8.0,inferred
Bath and North East Somerset,2021-03-21,1.0,2.0,2.0,3.0,3.0,3.0,4.0,5.0,5.0,6.0,6.0,7.0,9.0,inferred
Bath and North East Somerset,2021-03-22,1.0,2.0,3.0,3.0,4.0,4.0,5.0,6.0,6.0,7.0,7.2,9.0,11.0,inferred
Bath and North East Somerset,2021-03-23,1.0,2.0,2.0,3.0,3.0,4.0,4.0,5.0,6.0,6.0,6.0,8.0,10.0,inferred
Bath and North East Somerset,2021-03-24,1.0,2.0,3.0,3.0,3.0,4.0,5.0,6.0,6.0,7.0,7.0,8.0,11.0,inferred
Bath and North East Somerset,2021-03-25,0.5,1.0,2.0,3.0,3.0,4.0,4.0,5.0,5.3,6.0,6.0,8.0,10.0,inferred
Bath and North East Somerset,2021-03-26,0.0,1.0,2.0,2.0,2.0,3.0,3.0,4.0,4.0,5.0,5.0,6.0,8.5,inferred
Bath and North East Somerset,2021-03-27,0.0,0.0,1.0,1.0,1.0,2.0,2.0,3.0,3.0,4.0,4.0,5.0,7.0,inferred
Bath and North East Somerset,2021-03-28,0.0,1.0,1.0,2.0,2.0,2.0,3.0,4.0,4.0,5.0,5.0,6.0,8.0,inferred
Bath and North East Somerset,2021-03-29,0.0,1.0,2.0,2.0,2.0,3.0,3.0,4.0,5.0,5.0,6.0,7.0,9.5,inferred
Bath and North East Somerset,2021-03-30,0.0,1.0,1.0,2.0,2.0,2.0,3.0,3.0,4.0,4.0,5.0,6.0,8.0,inferred
Bath and North East Somerset,2021-03-31,0.0,1.0,2.0,2.0,2.0,3.0,3.0,4.0,5.0,5.0,5.0,7.0,9.0,inferred
Bath and North East Somerset,2021-04-01,0.0,1.0,2.0,2.0,2.0,3.0,3.0,4.0,4.0,5.0,5.0,6.0,8.0,inferred
Bath and North East Somerset,2021-04-02,0.0,1.0,1.0,1.0,2.0,2.0,3.0,3.0,4.0,4.0,4.0,5.0,7.0,inferred
Bath and North East Somerset,2021-04-03,0.0,0.0,1.0,1.0,1.0,1.0,2.0,2.0,3.0,3.0,3.0,4.0,6.0,inferred
Bath and North East Somerset,2021-04-04,0.0,0.9,1.0,1.0,2.0,2.0,3.0,3.0,4.0,4.0,4.0,5.0,7.0,inferred
Bath and North East Somerset,2021-04-05,0.0,1.0,2.0,2.0,2.0,3.0,3.0,4.0,4.0,5.0,5.0,6.0,8.0,inferred
Bath and North East Somerset,2021-04-06,0.0,1.0,1.0,1.0,2.0,2.0,3.0,3.0,4.0,4.0,4.0,5.1,7.0,inferred
Bath and North East Somerset,2021-04-07,0.0,1.0,1.0,2.0,2.0,3.0,3.0,4.0,4.0,5.0,5.0,6.0,8.0,inferred
Bath and North East Somerset,2021-04-08,0.0,1.0,1.0,2.0,2.0,2.0,3.0,3.0,4.0,4.0,5.0,6.0,8.0,inferred
Bath and North East Somerset,2021-04-09,0.0,0.0,1.0,1.0,1.0,2.0,2.0,3.0,3.0,3.0,4.0,5.0,7.0,inferred
Bath and North East Somerset,2021-04-10,0.0,0.0,1.0,1.0,1.0,1.0,2.0,2.0,3.0,3.0,3.0,4.0,6.0,inferred
Bath and North East Somerset,2021-04-11,0.0,0.0,1.0,1.0,1.0,2.0,2.0,3.0,3.0,4.0,4.0,5.0,7.0,inferred
Bath and North East Somerset,2021-04-12,0.0,1.0,1.0,2.0,2.0,2.0,3.0,3.0,4.0,4.0,5.0,6.0,8.0,inferred
Bath and North East Somerset,2021-04-13,0.0,1.0,1.0,1.0,2.0,2.0,2.0,3.0,3.0,4.0,4.0,5.0,7.0,inferred
Bath and North East Somerset,2021-04-14,0.0,1.0,1.0,2.0,2.0,2.0,3.0,4.0,4.0,5.0,5.0,6.0,8.0,inferred
Bath and North East Somerset,2021-04-15,0.0,1.0,1.0,1.0,2.0,2.0,3.0,3.0,4.0,4.0,4.0,6.0,7.0,inferred
Bath and North East Somerset,2021-04-16,0.0,0.0,1.0,1.0,1.0,2.0,2.0,3.0,3.0,3.0,4.0,5.0,6.0,inferred
Bath and North East Somerset,2021-04-17,0.0,0.0,0.0,1.0,1.0,1.0,2.0,2.0,2.0,3.0,3.0,4.0,6.0,inferred
Bath and North East Somerset,2021-04-18,0.0,0.0,1.0,1.0,1.0,2.0,2.0,3.0,3.0,4.0,4.0,5.0,7.0,inferred
Bath and North East Somerset,2021-04-19,0.0,1.0,1.0,2.0,2.0,2.0,3.0,3.0,4.0,4.0,5.0,6.0,7.0,inferred
Bath and North East Somerset,2021-04-20,0.0,0.9,1.0,1.0,1.0,2.0,2.0,3.0,3.0,4.0,4.0,5.0,7.0,inferred
Bath and North East Somerset,2021-04-21,0.0,1.0,1.0,2.0,2.0,2.0,3.0,3.0,4.0,4.0,5.0,6.0,8.0,inferred
Bath and North East Somerset,2021-04-22,0.0,1.0,1.0,2.0,2.0,2.0,3.0,3.0,4.0,4.0,5.0,6.0,8.0,inferred
Bath and North East Somerset,2021-04-23,0.0,0.0,1.0,1.0,1.0,2.0,2.0,3.0,3.0,4.0,4.0,5.0,7.0,inferred
Bath and North East Somerset,2021-04-24,0.0,0.0,1.0,1.0,1.0,1.0,2.0,2.0,3.0,3.0,3.0,4.0,6.0,inferred
Bath and North East Somerset,2021-04-25,0.0,0.0,1.0,1.0,1.0,2.0,2.0,3.0,3.0,4.0,4.0,5.0,7.0,inferred
Bath and North East Somerset,2021-04-26,0.0,1.0,1.0,2.0,2.0,2.0,3.0,3.0,4.0,4.0,5.0,6.0,8.0,inferred
Bath and North East Somerset,2021-04-27,0.0,1.0,1.0,1.0,2.0,2.0,3.0,3.0,4.0,4.0,4.0,5.0,8.0,inferred
Bath and North East Somerset,2021-04-28,0.0,1.0,1.0,2.0,2.0,3.0,3.0,4.0,4.0,5.0,5.0,6.0,8.0,inferred
Bath and North East Somerset,2021-04-29,0.0,1.0,1.0,2.0,2.0,2.0,3.0,3.0,4.0,4.0,5.0,6.0,8.0,inferred
Bath and North East Somerset,2021-04-30,0.0,1.0,1.0,1.0,2.0,2.0,2.0,3.0,3.0,4.0,4.0,5.0,7.0,inferred
Bath and North East Somerset,2021-05-01,0.0,0.0,1.0,1.0,1.0,1.0,2.0,2.0,3.0,3.0,3.0,4.0,6.0,inferred
Bath and North East Somerset,2021-05-02,0.0,1.0,1.0,1.0,2.0,2.0,3.0,3.0,4.0,4.0,5.0,6.0,8.0,inferred
Bath and North East Somerset,2021-05-03,0.0,1.0,2.0,2.0,2.0,3.0,3.0,4.0,5.0,5.0,5.0,7.0,9.0,inferred
Bath and North East Somerset,2021-05-04,0.0,1.0,1.0,2.0,2.0,2.0,3.0,3.0,4.0,4.0,5.0,6.0,8.0,inferred
Bath and North East Somerset,2021-05-05,0.0,1.0,2.0,2.0,2.0,3.0,3.0,4.0,5.0,5.0,5.0,7.0,9.0,inferred
Bath and North East Somerset,2021-05-06,0.0,1.0,1.0,2.0,2.0,3.0,3.0,3.0,4.0,5.0,5.0,6.0,8.0,inferred
Bath and North East Somerset,2021-05-07,0.0,1.0,1.0,1.0,2.0,2.0,3.0,3.0,4.0,4.0,4.0,6.0,7.0,inferred
Bath and North East Somerset,2021-05-08,0.0,0.0,1.0,1.0,1.0,2.0,2.0,2.0,3.0,3.0,4.0,5.0,6.0,inferred
Bath and North East Somerset,2021-05-09,0.0,1.0,1.0,1.0,2.0,2.0,3.0,3.0,4.0,4.0,4.0,6.0,8.0,inferred
Bath and North East Somerset,2021-05-10,0.0,1.0,2.0,2.0,2.7,3.0,4.0,4.0,5.0,5.0,6.0,7.0,9.0,inferred
Bath and North East Somerset,2021-05-11,0.0,1.0,1.0,2.0,2.0,2.0,3.0,4.0,4.0,5.0,5.0,6.0,8.0,inferred
Bath and North East Somerset,2021-05-12,0.0,1.0,2.0,2.0,3.0,3.0,4.0,4.0,5.0,5.0,6.0,7.0,10.0,inferred
Bath and North East Somerset,2021-05-13,0.0,1.0,2.0,2.0,2.0,3.0,3.0,4.0,5.0,5.0,5.0,7.0,9.0,inferred
Bath and North East Somerset,2021-05-14,0.0,1.0,1.0,2.0,2.0,2.0,3.0,3.0,4.0,4.0,5.0,6.0,8.0,inferred
Bath and North East Somerset,2021-05-15,0.0,0.0,1.0,1.0,1.0,1.0,2.0,2.0,3.0,3.0,4.0,5.0,6.0,inferred
Bath and North East Somerset,2021-05-16,0.0,1.0,1.0,2.0,2.0,2.0,3.0,3.0,4.0,4.0,4.0,5.1,7.0,inferred
Bath and North East Somerset,2021-05-17,0.0,1.0,2.0,2.0,2.0,3.0,3.0,4.0,4.0,5.0,5.0,7.0,9.0,inferred
Bath and North East Somerset,2021-05-18,0.0,1.0,1.0,1.0,2.0,2.0,3.0,3.0,4.0,4.0,4.0,6.0,8.0,inferred
Bath and North East Somerset,2021-05-19,0.0,1.0,2.0,2.0,2.0,3.0,3.0,4.0,4.0,5.0,5.0,6.0,8.0,inferred
Bath and North East Somerset,2021-05-20,0.0,1.0,1.0,2.0,2.0,2.0,3.0,3.0,4.0,4.0,5.0,6.0,8.0,inferred
Bath and North East Somerset,2021-05-21,0.0,0.0,1.0,1.0,1.0,2.0,2.0,3.0,3.0,4.0,4.0,5.0,7.0,inferred
Bath and North East Somerset,2021-05-22,0.0,0.0,1.0,1.0,1.0,1.0,2.0,2.0,3.0,3.0,3.0,4.0,6.0,inferred
Bath and North East Somerset,2021-05-23,0.0,0.0,1.0,1.0,1.0,2.0,2.0,3.0,3.0,4.0,4.0,5.0,7.0,inferred
Bath and North East Somerset,2021-05-24,0.0,1.0,2.0,2.0,2.0,2.0,3.0,4.0,4.0,5.0,5.0,6.0,8.0,inferred
Bath and North East Somerset,2021-05-25,0.0,1.0,1.0,2.0,2.0,2.0,3.0,3.0,4.0,4.0,4.0,5.0,7.0,inferred
Bath and North East Somerset,2021-05-26,0.0,1.0,2.0,2.0,2.0,3.0,3.0,4.0,4.0,5.0,5.0,6.0,9.0,inferred
Bath and North East Somerset,2021-05-27,0.0,1.0,2.0,2.0,2.0,3.0,3.0,4.0,4.0,5.0,5.0,6.0,8.5,inferred
Bath and North East Somerset,2021-05-28,0.0,1.0,1.0,2.0,2.0,2.0,3.0,3.0,4.0,4.0,5.0,6.0,8.0,inferred
Bath and North East Somerset,2021-05-29,0.0,0.0,1.0,1.0,1.0,2.0,2.0,3.0,3.0,4.0,4.0,5.0,7.0,inferred
Bath and North East Somerset,2021-05-30,0.0,1.0,2.0,2.0,2.0,3.0,3.0,4.0,4.0,5.0,5.0,6.0,9.0,inferred
Bath and North East Somerset,2021-05-31,1.0,2.0,3.0,3.0,3.0,4.0,5.0,5.0,6.0,6.0,7.0,8.0,11.0,inferred
Bath and North East Somerset,2021-06-01,1.0,2.0,3.0,3.0,3.0,4.0,4.0,5.0,6.0,6.0,7.0,8.0,10.5,inferred
Bath and North East Somerset,2021-06-02,1.0,3.0,4.0,4.0,5.0,6.0,6.0,7.0,8.0,9.0,9.0,11.0,13.0,inferred
Bath and North East Somerset,2021-06-03,2.0,3.0,4.0,5.0,5.0,6.0,7.0,8.0,9.0,9.0,9.2,11.0,14.0,inferred
Bath and North East Somerset,2021-06-04,2.0,3.0,4.0,5.0,5.0,6.0,7.0,7.0,8.0,9.0,9.2,11.0,14.0,inferred
Bath and North East Somerset,2021-06-05,1.0,3.0,4.0,4.0,4.0,5.0,6.0,6.0,7.0,8.0,8.0,10.0,12.0,inferred
Bath and North East Somerset,2021-06-06,3.0,5.0,7.0,7.0,7.0,8.0,9.0,10.0,11.0,12.0,13.0,14.0,17.0,inferred
Bath and North East Somerset,2021-06-07,6.0,8.0,10.0,11.0,11.0,12.0,13.0,14.0,16.0,17.0,17.0,19.0,23.0,inferred
Bath and North East Somerset,2021-06-08,6.0,8.0,10.0,10.0,11.0,12.0,13.0,14.0,16.0,16.0,17.0,19.0,23.0,inferred
Bath and North East Somerset,2021-06-09,9.0,12.0,14.0,15.0,16.0,17.0,18.0,19.0,21.0,21.0,22.0,25.0,29.0,inferred
Bath and North East Somerset,2021-06-10,10.0,13.0,15.0,15.0,16.0,18.0,19.0,20.0,22.0,22.0,23.0,26.0,30.0,inferred
Bath and North East Somerset,2021-06-11,9.0,12.0,14.0,15.0,15.0,17.0,18.0,19.0,20.0,21.0,22.0,25.0,29.0,inferred
Bath and North East Somerset,2021-06-12,7.0,10.0,12.0,12.0,13.0,14.0,15.0,17.0,18.0,19.0,20.0,22.0,25.0,inferred
Bath and North East Somerset,2021-06-13,13.0,16.0,19.0,19.0,20.0,22.0,23.0,24.0,26.0,27.0,28.0,31.0,35.0,inferred
Bath and North East Somerset,2021-06-14,20.0,23.0,26.0,27.0,28.0,30.0,31.0,33.0,35.0,36.0,38.0,41.0,46.0,inferred
Bath and North East Somerset,2021-06-15,18.0,22.0,24.0,25.0,26.0,28.0,29.0,31.0,33.0,34.0,35.0,39.0,44.0,inferred
Bath and North East Somerset,2021-06-16,24.0,28.0,31.0,33.0,34.0,35.0,37.0,39.0,41.0,43.0,44.0,48.0,54.0,inferred
Bath and North East Somerset,2021-06-17,23.0,27.0,31.0,32.0,33.0,35.0,37.0,39.0,41.0,42.0,43.0,47.0,53.0,inferred
Bath and North East Somerset,2021-06-18,20.0,24.0,28.0,29.0,30.0,32.0,34.0,36.0,38.0,39.0,40.0,44.0,50.0,inferred
Bedford,2021-03-06,4.0,6.0,8.0,8.0,9.0,10.0,11.0,12.0,13.0,13.0,14.0,16.0,19.0,inferred
Bedford,2021-03-07,5.0,7.0,9.0,9.0,10.0,11.0,12.0,13.0,14.0,15.0,16.0,18.0,21.0,inferred
Bedford,2021-03-08,7.0,9.0,11.0,12.0,12.0,14.0,15.0,16.0,17.0,18.0,19.0,21.0,24.0,inferred
Bedford,2021-03-09,6.0,8.0,10.0,11.0,11.0,12.0,13.0,15.0,16.0,17.0,18.0,20.0,23.0,inferred
Bedford,2021-03-10,6.0,9.0,10.0,11.0,12.0,13.0,14.0,15.0,16.0,17.0,18.0,20.0,23.0,inferred
Bedford,2021-03-11,5.0,7.0,9.0,10.0,10.0,11.0,12.0,13.0,14.0,15.0,16.0,18.0,22.0,inferred
Bedford,2021-03-12,4.0,6.0,7.0,8.0,9.0,10.0,11.0,12.0,13.0,14.0,14.0,16.0,19.0,inferred
Bedford,2021-03-13,2.0,4.0,6.0,6.0,7.0,7.0,8.0,9.0,10.0,11.0,12.0,13.0,17.0,inferred
Bedford,2021-03-14,3.0,5.0,6.0,7.0,7.0,9.0,9.0,10.0,11.0,12.0,13.0,15.0,18.0,inferred
Bedford,2021-03-15,5.0,6.0,8.0,9.0,9.0,10.0,11.0,12.0,13.0,14.0,15.0,17.0,21.0,inferred
Bedford,2021-03-16,4.0,5.0,7.0,8.0,8.0,9.0,10.0,11.0,12.0,13.0,14.0,16.0,19.0,inferred
Bedford,2021-03-17,4.0,6.0,8.0,8.0,9.0,10.0,11.0,12.0,13.0,14.0,15.0,17.0,20.0,inferred
Bedford,2021-03-18,4.0,5.0,7.0,7.0,8.0,9.0,10.0,11.0,12.0,12.0,13.0,15.0,19.0,inferred
Bedford,2021-03-19,3.0,4.0,6.0,6.0,7.0,8.0,9.0,10.0,11.0,11.0,12.0,14.0,17.0,inferred
Bedford,2021-03-20,2.0,3.0,4.0,5.0,5.0,6.0,7.0,8.0,9.0,9.0,10.0,12.0,15.0,inferred
Bedford,2021-03-21,2.0,4.0,5.0,6.0,6.0,7.0,8.0,9.0,10.0,11.0,11.0,13.0,16.0,inferred
Bedford,2021-03-22,3.0,5.0,7.0,7.0,8.0,9.0,10.0,11.0,12.0,13.0,13.0,16.0,19.0,inferred
Bedford,2021-03-23,3.0,5.0,6.0,7.0,7.0,8.0,9.0,10.0,11.0,12.0,12.0,14.0,17.0,inferred
Bedford,2021-03-24,3.0,5.0,6.0,7.0,8.0,8.0,9.0,10.0,11.0,12.0,13.0,15.0,18.0,inferred
Bedford,2021-03-25,3.0,4.0,6.0,6.0,7.0,7.0,8.0,9.0,10.0,11.0,11.0,13.0,17.0,inferred
Bedford,2021-03-26,2.0,3.0,4.0,5.0,5.0,6.0,7.0,8.0,9.0,10.0,10.0,12.0,15.0,inferred
Bedford,2021-03-27,1.0,2.0,3.0,4.0,4.0,5.0,5.0,6.0,7.0,7.0,8.0,10.0,12.0,inferred
Bedford,2021-03-28,1.0,3.0,4.0,4.0,5.0,5.0,6.0,7.0,8.0,8.0,9.0,11.0,13.5,inferred
Bedford,2021-03-29,2.0,4.0,5.0,5.0,6.0,7.0,7.0,8.0,9.0,10.0,11.0,12.0,15.0,inferred
Bedford,2021-03-30,2.0,3.0,4.0,5.0,5.0,6.0,7.0,8.0,9.0,9.0,10.0,12.0,15.0,inferred
Bedford,2021-03-31,2.0,3.0,5.0,5.0,5.0,6.0,7.0,8.0,9.0,9.0,10.0,12.0,15.0,inferred
Bedford,2021-04-01,1.0,3.0,4.0,4.0,5.0,5.0,6.0,7.0,8.0,9.0,9.0,11.0,14.0,inferred
Bedford,2021-04-02,1.0,2.0,3.0,4.0,4.0,5.0,5.0,6.0,7.0,7.0,8.0,10.0,13.0,inferred
Bedford,2021-04-03,0.0,1.0,2.0,3.0,3.0,4.0,4.0,5.0,6.0,6.0,7.0,8.0,11.0,inferred
Bedford,2021-04-04,1.0,2.0,3.0,3.0,4.0,4.0,5.0,6.0,6.0,7.0,7.0,9.0,12.0,inferred
Bedford,2021-04-05,1.0,2.0,3.0,4.0,4.0,5.0,6.0,7.0,7.0,8.0,8.0,10.0,12.0,inferred
Bedford,2021-04-06,1.0,2.0,3.0,4.0,4.0,5.0,5.0,6.0,7.0,8.0,8.0,10.0,12.0,inferred
Bedford,2021-04-07,1.0,3.0,4.0,4.0,5.0,5.0,6.0,7.0,7.3,8.0,9.0,10.0,14.0,inferred
Bedford,2021-04-08,1.0,2.0,3.0,4.0,4.0,5.0,5.0,6.0,7.0,7.0,8.0,10.0,13.0,inferred
Bedford,2021-04-09,1.0,2.0,3.0,3.0,4.0,4.0,5.0,6.0,6.0,7.0,8.0,9.0,12.0,inferred
Bedford,2021-04-10,0.0,2.0,2.0,2.0,3.0,3.0,4.0,5.0,5.0,6.0,6.0,8.0,10.0,inferred
Bedford,2021-04-11,0.0,2.0,2.0,3.0,3.0,4.0,4.0,5.0,6.0,7.0,7.0,8.0,11.0,inferred
Bedford,2021-04-12,1.0,2.0,3.0,4.0,4.0,5.0,6.0,6.0,7.0,8.0,8.0,10.0,13.0,inferred
Bedford,2021-04-13,1.0,2.0,3.0,4.0,4.0,5.0,5.0,6.0,7.0,7.0,8.0,10.0,13.0,inferred
Bedford,2021-04-14,1.0,2.0,3.0,4.0,4.0,5.0,6.0,7.0,7.0,8.0,8.0,10.0,13.0,inferred
Bedford,2021-04-15,1.0,2.0,3.0,4.0,4.0,5.0,6.0,6.0,7.0,8.0,8.0,10.0,13.0,inferred
Bedford,2021-04-16,1.0,2.0,3.0,3.0,4.0,4.0,5.0,6.0,7.0,7.0,8.0,9.0,12.0,inferred
Bedford,2021-04-17,0.0,1.0,2.0,2.0,3.0,3.0,4.0,5.0,5.0,6.0,6.0,8.0,11.0,inferred
Bedford,2021-04-18,1.0,2.0,3.0,3.0,4.0,4.0,5.0,6.0,6.0,7.0,7.0,9.0,12.0,inferred
Bedford,2021-04-19,1.0,3.0,4.0,4.0,5.0,5.0,6.0,7.0,8.0,8.0,9.0,11.0,14.0,inferred
Bedford,2021-04-20,1.0,3.0,4.0,4.0,4.0,5.0,6.0,7.0,8.0,8.0,9.0,11.0,13.0,inferred
Bedford,2021-04-21,2.0,3.0,5.0,5.0,5.0,6.0,7.0,8.0,9.0,9.0,10.0,12.0,15.0,inferred
Bedford,2021-04-22,2.0,3.0,5.0,5.0,6.0,6.0,7.0,8.0,9.0,9.0,10.0,12.0,15.0,inferred
Bedford,2021-04-23,2.0,3.0,4.0,5.0,5.0,6.0,7.0,8.0,9.0,9.0,10.0,12.0,15.0,inferred
Bedford,2021-04-24,1.0,3.0,4.0,4.0,4.7,5.0,6.0,7.0,8.0,8.0,9.0,10.0,13.0,inferred
Bedford,2021-04-25,2.0,4.0,5.0,5.0,6.0,7.0,7.0,8.0,9.0,10.0,10.0,12.0,15.0,inferred
Bedford,2021-04-26,3.0,5.0,6.0,7.0,7.0,8.0,9.0,10.0,11.0,12.0,13.0,15.0,18.0,inferred
Bedford,2021-04-27,3.0,5.0,7.0,7.0,8.0,9.0,10.0,11.0,12.0,12.0,13.0,15.0,19.0,inferred
Bedford,2021-04-28,5.0,7.0,8.0,9.0,9.0,10.0,11.0,12.0,14.0,14.0,15.0,17.0,21.0,inferred
Bedford,2021-04-29,4.0,7.0,8.0,9.0,9.0,10.0,11.0,12.0,13.0,14.0,15.0,17.0,21.0,inferred
Bedford,2021-04-30,5.0,7.0,8.0,9.0,9.0,10.0,11.0,12.0,13.0,14.0,15.0,17.0,20.0,inferred
Bedford,2021-05-01,4.0,5.0,7.0,7.0,8.0,9.0,10.0,11.0,12.0,12.0,13.0,15.0,18.0,inferred
Bedford,2021-05-02,5.0,7.0,9.0,9.0,10.0,11.0,12.0,13.0,14.0,15.0,16.0,18.0,21.0,inferred
Bedford,2021-05-03,7.0,10.0,12.0,13.0,14.0,15.0,16.0,18.0,20.0,20.0,21.0,24.0,28.0,inferred
Bedford,2021-05-04,8.0,12.0,13.0,14.0,15.0,16.0,17.0,18.0,20.0,21.0,22.0,24.0,29.0,inferred
Bedford,2021-05-05,11.0,14.0,16.0,16.0,17.0,19.0,20.0,22.0,24.0,24.0,26.0,28.0,32.0,inferred
Bedford,2021-05-06,11.0,14.0,16.0,17.0,18.0,20.0,21.0,22.0,24.0,25.0,26.0,28.0,33.0,inferred
Bedford,2021-05-07,11.0,14.0,16.0,17.0,17.7,19.0,20.0,22.0,23.0,24.0,25.0,28.0,33.0,inferred
Bedford,2021-05-08,9.0,12.0,14.0,15.0,16.0,17.0,18.0,20.0,21.0,22.0,23.0,26.0,30.0,inferred
Bedford,2021-05-09,13.0,16.0,18.0,19.0,20.0,22.0,24.0,25.0,27.0,28.0,29.0,32.0,37.0,inferred
Bedford,2021-05-10,19.0,23.0,26.0,27.0,28.0,30.0,32.0,33.0,36.0,37.0,38.0,41.0,47.5,inferred
Bedford,2021-05-11,20.0,24.0,27.0,28.0,29.0,31.0,32.0,34.0,36.0,37.0,38.0,42.0,48.0,inferred
Bedford,2021-05-12,23.0,27.0,30.0,31.0,32.0,34.0,36.0,38.0,40.0,41.0,43.0,46.0,52.0,inferred
Bedford,2021-05-13,22.0,26.0,29.0,30.0,31.0,33.0,35.0,37.0,39.0,40.0,41.0,45.0,50.0,inferred
Bedford,2021-05-14,20.0,24.0,27.0,28.0,29.0,31.0,33.0,35.0,37.0,38.0,39.0,42.0,47.5,inferred
Bedford,2021-05-15,17.0,21.0,23.0,24.0,25.0,26.0,28.0,30.0,32.0,33.0,34.0,37.0,43.0,inferred
Bedford,2021-05-16,22.0,26.0,29.0,30.0,31.0,33.0,35.0,37.0,39.0,40.0,41.0,45.0,51.0,inferred
Bedford,2021-05-17,30.0,35.0,38.0,39.0,41.0,43.0,45.0,47.0,50.0,51.0,53.0,56.0,64.0,inferred
Bedford,2021-05-18,29.0,35.0,39.0,40.0,41.0,43.0,45.0,47.0,49.0,51.0,52.0,56.0,63.0,inferred
Bedford,2021-05-19,33.0,38.0,42.0,43.0,44.0,46.0,49.0,51.0,53.0,55.0,57.0,61.0,68.0,inferred
Bedford,2021-05-20,29.0,34.0,38.0,39.0,41.0,43.0,46.0,48.0,50.0,51.0,53.0,56.1,62.0,inferred
Bedford,2021-05-21,26.0,30.9,34.0,35.0,36.0,38.0,40.0,43.0,45.0,46.0,47.0,51.0,57.0,inferred
Bedford,2021-05-22,20.0,24.0,27.0,28.0,29.0,31.0,33.0,34.0,36.0,37.0,38.0,42.0,47.0,inferred
Bedford,2021-05-23,25.0,29.0,32.0,33.0,34.0,36.0,38.0,40.0,42.0,43.0,45.0,48.0,55.0,inferred
Bedford,2021-05-24,31.0,36.0,40.0,41.0,42.0,45.0,47.0,49.0,51.0,53.0,54.0,59.0,65.0,inferred
Bedford,2021-05-25,30.0,35.0,38.0,39.0,40.0,43.0,45.0,47.0,49.0,50.0,52.0,56.0,63.0,inferred
Bedford,2021-05-26,30.0,36.0,40.0,41.0,42.0,44.0,47.0,49.0,51.0,52.0,54.0,59.0,64.0,inferred
Bedford,2021-05-27,28.0,33.0,36.0,38.0,39.0,41.0,43.0,45.0,47.0,48.0,50.0,54.0,60.5,inferred
Bedford,2021-05-28,24.0,28.0,31.0,33.0,34.0,36.0,37.0,39.0,41.0,42.0,44.0,47.0,54.0,inferred
Bedford,2021-05-29,18.0,22.0,25.0,26.0,27.0,28.0,30.0,32.0,34.0,35.0,36.0,39.0,44.0,inferred
Bedford,2021-05-30,21.5,26.0,28.0,30.0,31.0,33.0,35.0,37.0,39.0,40.0,41.0,45.0,50.0,inferred
Bedford,2021-05-31,29.0,33.0,36.0,37.0,38.7,41.0,43.0,45.0,47.0,48.0,49.0,53.0,60.0,inferred
Bedford,2021-06-01,27.0,32.0,35.0,36.0,37.0,39.0,42.0,43.0,45.0,47.0,48.0,52.0,59.0,inferred
Bedford,2021-06-02,28.5,34.0,37.0,38.0,39.0,41.0,43.0,45.0,48.0,49.0,51.0,54.1,61.0,inferred
Bedford,2021-06-03,26.0,30.0,34.0,35.0,36.0,38.0,40.0,42.0,44.0,45.0,47.0,50.0,57.0,inferred
Bedford,2021-06-04,23.0,27.0,31.0,32.0,33.0,34.6,36.0,38.0,40.0,41.0,42.0,46.0,52.0,inferred
Bedford,2021-06-05,17.0,21.0,23.0,25.0,26.0,27.0,29.0,30.0,32.0,33.0,35.0,38.0,43.0,inferred
Bedford,2021-06-06,21.0,24.0,27.0,28.0,29.0,31.0,33.0,35.0,37.0,38.0,39.0,43.0,49.0,inferred
Bedford,2021-06-07,27.0,31.0,34.0,36.0,37.0,39.0,40.5,43.0,45.0,46.0,48.0,52.0,59.0,inferred
Bedford,2021-06-08,24.5,29.0,32.0,34.0,35.0,37.0,39.0,41.0,43.0,44.0,45.0,48.0,54.0,inferred
Bedford,2021-06-09,26.0,30.0,33.0,35.0,36.0,38.0,40.0,42.0,44.0,45.0,46.0,51.0,58.0,inferred
Bedford,2021-06-10,22.0,27.0,30.0,31.0,32.0,34.0,36.0,38.0,39.0,41.0,42.0,46.0,52.0,inferred
Bedford,2021-06-11,19.0,23.0,26.0,27.0,28.0,30.0,31.0,33.0,35.0,36.0,37.0,41.0,47.0,inferred
Bedford,2021-06-12,13.0,17.0,20.0,21.0,22.0,23.0,25.0,26.0,28.0,29.0,30.0,33.0,37.0,inferred
Bedford,2021-06-13,16.0,20.0,23.0,23.0,24.0,26.0,28.0,30.0,32.0,33.0,34.0,38.0,43.0,inferred
Bedford,2021-06-14,20.5,25.0,28.0,29.0,30.0,33.0,34.0,36.0,38.0,40.0,41.0,45.0,50.0,inferred
Bedford,2021-06-15,19.0,23.0,26.0,27.0,28.0,30.0,32.0,34.0,36.0,37.0,38.2,42.0,47.0,inferred
Bedford,2021-06-16,20.0,24.0,27.0,28.0,29.0,31.0,33.0,35.0,37.0,38.0,40.0,43.0,50.0,inferred
Bedford,2021-06-17,18.0,21.0,24.0,25.0,26.0,28.0,30.0,32.0,34.0,35.0,36.0,39.0,47.0,inferred
Bedford,2021-06-18,14.0,18.0,21.0,22.0,22.0,24.0,26.0,28.0,30.0,31.0,32.0,36.0,41.0,inferred
Bexley,2021-03-06,3.0,4.9,6.0,6.0,7.0,8.0,8.0,9.0,10.0,11.0,12.0,13.0,16.0,inferred
Bexley,2021-03-07,3.0,5.0,7.0,7.0,8.0,9.0,10.0,11.0,12.0,12.0,13.0,15.0,18.0,inferred
Bexley,2021-03-08,5.0,7.0,9.0,9.0,10.0,11.0,12.0,13.0,14.0,15.0,16.0,18.0,21.0,inferred
Bexley,2021-03-09,5.0,7.0,8.0,9.0,10.0,11.0,12.0,13.0,14.0,14.0,15.0,17.0,21.0,inferred
Bexley,2021-03-10,5.0,7.0,9.0,9.0,10.0,11.0,12.0,13.0,14.0,15.0,16.0,18.0,22.0,inferred
Bexley,2021-03-11,4.0,6.0,8.0,9.0,9.0,10.0,11.0,12.0,13.0,14.0,15.0,17.0,20.0,inferred
Bexley,2021-03-12,4.0,6.0,7.0,8.0,8.0,9.0,10.0,11.0,12.0,13.0,14.0,15.0,19.0,inferred
Bexley,2021-03-13,3.0,4.0,6.0,6.0,7.0,8.0,8.0,9.0,10.0,11.0,12.0,14.0,17.0,inferred
Bexley,2021-03-14,4.0,5.0,7.0,7.0,8.0,9.0,10.0,11.0,12.0,13.0,13.0,15.0,19.0,inferred
Bexley,2021-03-15,5.0,8.0,9.0,10.0,11.0,12.0,13.0,14.0,15.0,16.0,17.0,19.0,23.0,inferred
Bexley,2021-03-16,6.0,8.0,10.0,10.0,11.0,12.0,13.0,14.0,15.0,16.0,17.0,19.0,23.5,inferred
Bexley,2021-03-17,6.0,8.0,10.0,11.0,12.0,13.0,14.0,15.0,17.0,17.0,18.0,21.0,24.0,inferred
Bexley,2021-03-18,7.0,9.0,11.0,11.0,12.0,13.0,14.0,16.0,17.0,18.0,19.0,21.0,24.0,inferred
Bexley,2021-03-19,6.0,8.0,10.0,11.0,11.0,12.0,13.0,15.0,16.0,16.0,17.0,19.0,22.0,inferred
Bexley,2021-03-20,5.0,7.0,8.0,9.0,10.0,11.0,12.0,13.0,14.0,15.0,15.0,17.0,21.0,inferred
Bexley,2021-03-21,6.0,9.0,10.0,11.0,12.0,13.0,14.0,15.0,16.0,17.0,18.0,21.0,24.0,inferred
Bexley,2021-03-22,9.0,12.0,14.0,15.0,16.0,17.0,18.5,20.0,21.0,22.0,23.0,26.0,31.0,inferred
Bexley,2021-03-23,9.0,12.0,15.0,15.0,16.0,18.0,19.0,20.0,22.0,22.0,23.0,27.0,31.0,inferred
Bexley,2021-03-24,10.0,13.0,15.0,16.0,17.0,18.0,19.0,20.0,22.0,22.2,23.2,26.0,31.0,inferred
Bexley,2021-03-25,8.0,11.0,13.0,14.0,15.0,16.0,17.0,19.0,20.0,21.0,22.0,24.0,28.0,inferred
Bexley,2021-03-26,7.0,9.9,11.0,12.0,12.0,14.0,15.0,16.0,17.0,18.0,19.0,21.0,25.0,inferred
Bexley,2021-03-27,5.0,7.0,9.0,9.0,10.0,11.0,12.0,13.0,14.0,15.0,16.0,18.0,21.5,inferred
Bexley,2021-03-28,5.0,8.0,9.0,10.0,11.0,12.0,13.0,14.0,16.0,16.0,17.0,19.0,23.0,inferred
Bexley,2021-03-29,7.0,10.0,12.0,13.0,13.0,15.0,16.0,17.0,18.0,19.0,20.0,22.0,25.0,inferred
Bexley,2021-03-30,7.0,9.0,11.0,12.0,13.0,14.0,15.0,16.0,17.0,18.0,19.0,21.0,25.0,inferred
Bexley,2021-03-31,6.0,8.0,10.0,11.0,12.0,13.0,14.0,15.0,17.0,17.0,18.0,21.0,24.0,inferred
Bexley,2021-04-01,5.0,7.0,9.0,9.0,10.0,11.0,12.0,13.0,14.0,15.0,16.0,18.0,22.0,inferred
Bexley,2021-04-02,3.0,5.0,7.0,7.0,8.0,9.0,10.0,11.0,12.0,13.0,14.0,16.0,19.0,inferred
Bexley,2021-04-03,2.0,3.9,5.0,5.0,6.0,6.6,7.0,8.0,9.0,10.0,10.0,12.0,16.0,inferred
Bexley,2021-04-04,2.0,4.0,5.0,6.0,6.0,7.0,8.0,9.0,10.0,10.0,11.0,13.0,15.0,inferred
Bexley,2021-04-05,3.0,5.0,7.0,7.0,8.0,9.0,10.0,10.0,11.0,12.0,13.0,14.0,18.0,inferred
Bexley,2021-04-06,3.0,5.0,6.0,6.0,7.0,8.0,8.5,9.0,10.0,11.0,12.0,14.0,17.0,inferred
Bexley,2021-04-07,3.0,4.0,5.8,6.0,7.0,8.0,8.0,9.0,10.0,11.0,12.0,14.0,17.0,inferred
Bexley,2021-04-08,2.0,3.0,5.0,5.0,6.0,7.0,7.0,8.0,9.0,10.0,10.0,12.0,15.0,inferred
Bexley,2021-04-09,2.0,3.0,4.0,5.0,5.0,6.0,7.0,7.0,8.0,9.0,9.0,11.0,14.0,inferred
Bexley,2021-04-10,1.0,2.0,3.0,3.0,4.0,4.0,5.0,6.0,7.0,7.0,8.0,9.0,12.0,inferred
Bexley,2021-04-11,1.0,2.0,3.0,4.0,4.0,5.0,6.0,7.0,7.0,8.0,8.0,10.0,13.0,inferred
Bexley,2021-04-12,2.0,3.0,4.0,5.0,5.0,6.0,7.0,8.0,9.0,9.0,10.0,12.0,15.0,inferred
Bexley,2021-04-13,2.0,3.0,4.0,5.0,5.0,6.0,7.0,8.0,9.0,9.0,10.0,11.0,14.0,inferred
Bexley,2021-04-14,2.0,3.0,4.0,5.0,5.0,6.0,7.0,8.0,9.0,9.0,10.0,12.0,15.0,inferred
Bexley,2021-04-15,1.0,3.0,4.0,4.0,5.0,6.0,6.0,7.0,8.0,9.0,9.0,11.0,14.0,inferred
Bexley,2021-04-16,1.0,3.0,4.0,4.0,4.0,5.0,6.0,6.0,7.0,7.0,8.0,10.0,12.0,inferred
Bexley,2021-04-17,1.0,2.0,3.0,3.0,3.0,4.0,5.0,5.0,6.0,6.0,7.0,8.0,10.0,inferred
Bexley,2021-04-18,1.0,2.0,3.0,3.0,4.0,4.0,5.0,6.0,7.0,7.0,8.0,9.0,12.0,inferred
Bexley,2021-04-19,2.0,3.0,4.0,5.0,5.0,6.0,7.0,8.0,8.0,9.0,10.0,11.0,14.0,inferred
Bexley,2021-04-20,1.5,3.0,4.0,4.0,5.0,6.0,6.0,7.0,8.0,8.2,9.0,11.0,13.5,inferred
Bexley,2021-04-21,2.0,3.0,4.0,4.0,5.0,5.0,6.0,7.0,8.0,8.0,9.0,11.0,14.0,inferred
Bexley,2021-04-22,1.0,2.0,3.0,4.0,4.0,5.0,6.0,6.0,7.0,8.0,8.0,10.0,13.0,inferred
Bexley,2021-04-23,1.0,2.0,3.0,3.0,3.0,4.0,5.0,5.0,6.0,7.0,7.0,9.0,11.0,inferred
Bexley,2021-04-24,0.0,1.0,2.0,2.0,3.0,3.0,4.0,4.0,5.0,5.0,6.0,7.0,10.0,inferred
Bexley,2021-04-25,0.0,2.0,2.0,3.0,3.0,4.0,4.0,5.0,6.0,6.0,7.0,8.0,11.0,inferred
Bexley,2021-04-26,1.0,2.0,3.0,4.0,4.0,5.0,5.0,6.0,7.0,8.0,8.0,9.0,13.0,inferred
Bexley,2021-04-27,1.0,2.0,3.0,4.0,4.0,4.0,5.0,6.0,7.0,7.0,8.0,10.0,12.0,inferred
Bexley,2021-04-28,1.0,2.0,3.0,3.0,4.0,5.0,5.0,6.0,7.0,7.0,8.0,9.0,12.0,inferred
Bexley,2021-04-29,1.0,2.0,3.0,3.0,4.0,4.0,5.0,6.0,6.3,7.0,7.0,9.0,11.5,inferred
Bexley,2021-04-30,1.0,2.0,2.0,3.0,3.0,4.0,4.0,5.0,6.0,6.0,7.0,8.0,11.0,inferred
Bexley,2021-05-01,0.0,1.0,2.0,2.0,2.0,3.0,3.0,4.0,5.0,5.0,6.0,7.0,9.0,inferred
Bexley,2021-05-02,0.0,1.0,2.0,2.0,3.0,3.0,4.0,4.0,5.0,6.0,6.0,8.0,10.0,inferred
Bexley,2021-05-03,1.0,2.0,3.0,3.0,4.0,4.0,5.0,6.0,7.0,7.0,8.0,9.0,12.0,inferred
Bexley,2021-05-04,1.0,2.0,3.0,3.0,4.0,4.0,5.0,6.0,6.3,7.0,7.0,9.0,11.0,inferred
Bexley,2021-05-05,1.0,2.0,3.0,3.0,4.0,4.0,5.0,5.0,6.0,7.0,7.0,9.0,11.0,inferred
Bexley,2021-05-06,1.0,2.0,3.0,3.0,3.0,4.0,5.0,5.0,6.0,7.0,7.0,8.0,11.0,inferred
Bexley,2021-05-07,0.0,1.0,2.0,2.0,3.0,3.0,4.0,5.0,6.0,6.0,7.0,8.0,10.0,inferred
Bexley,2021-05-08,0.0,1.0,2.0,2.0,2.0,3.0,3.0,4.0,5.0,5.0,5.0,7.0,9.0,inferred
Bexley,2021-05-09,0.0,1.0,2.0,2.0,3.0,3.0,4.0,4.0,5.0,6.0,6.0,7.0,10.0,inferred
Bexley,2021-05-10,1.0,2.0,3.0,3.0,3.0,4.0,5.0,6.0,7.0,7.0,8.0,9.0,11.0,inferred
Bexley,2021-05-11,1.0,2.0,3.0,3.0,4.0,4.0,5.0,6.0,6.0,7.0,7.0,9.0,12.0,inferred
Bexley,2021-05-12,1.0,2.0,3.0,3.0,4.0,4.0,5.0,6.0,7.0,7.0,7.0,9.0,11.0,inferred
Bexley,2021-05-13,1.0,2.0,3.0,3.0,3.0,4.0,5.0,5.0,6.0,7.0,7.0,9.0,12.0,inferred
Bexley,2021-05-14,1.0,2.0,2.0,3.0,3.0,4.0,4.0,5.0,6.0,6.0,7.0,8.0,11.0,inferred
Bexley,2021-05-15,0.0,1.0,2.0,2.0,2.0,3.0,4.0,4.0,5.0,5.0,6.0,7.0,9.0,inferred
Bexley,2021-05-16,0.0,2.0,2.0,3.0,3.0,4.0,4.0,5.0,6.0,6.0,7.0,8.0,10.0,inferred
Bexley,2021-05-17,1.0,2.0,3.0,4.0,4.0,5.0,6.0,6.0,7.0,7.2,8.0,10.0,12.0,inferred
Bexley,2021-05-18,1.0,2.9,3.0,4.0,4.0,5.0,6.0,6.0,7.0,8.0,8.0,10.0,12.0,inferred
Bexley,2021-05-19,1.0,3.0,4.0,4.0,4.0,5.0,6.0,7.0,7.0,8.0,9.0,10.0,13.0,inferred
Bexley,2021-05-20,1.0,2.0,3.0,4.0,4.0,5.0,6.0,6.0,7.0,8.0,8.0,10.0,12.0,inferred
Bexley,2021-05-21,1.0,2.0,3.0,3.0,4.0,5.0,5.0,6.0,7.0,7.0,8.0,9.0,12.0,inferred
Bexley,2021-05-22,1.0,2.0,2.0,3.0,3.0,4.0,4.0,5.0,6.0,6.0,7.0,8.0,11.0,inferred
Bexley,2021-05-23,1.0,2.0,3.0,3.0,4.0,4.0,5.0,6.0,7.0,7.0,8.0,9.0,12.0,inferred
Bexley,2021-05-24,2.0,3.0,4.0,5.0,5.0,6.0,7.0,7.0,8.0,9.0,9.2,11.0,14.0,inferred
Bexley,2021-05-25,2.0,3.0,4.0,5.0,5.0,6.0,7.0,8.0,9.0,9.0,10.0,12.0,14.0,inferred
Bexley,2021-05-26,2.0,4.0,5.0,5.0,6.0,7.0,7.0,8.0,9.0,10.0,10.0,12.0,15.0,inferred
Bexley,2021-05-27,2.0,4.0,5.0,5.0,5.0,6.0,7.0,8.0,9.0,10.0,10.0,12.0,15.0,inferred
Bexley,2021-05-28,1.0,3.0,4.0,4.0,5.0,6.0,6.0,7.0,8.0,9.0,10.0,11.0,14.0,inferred
Bexley,2021-05-29,1.0,2.0,3.0,4.0,4.0,5.0,6.0,7.0,7.0,8.0,8.0,10.0,12.0,inferred
Bexley,2021-05-30,2.0,3.0,4.0,5.0,5.0,6.0,7.0,8.0,9.0,9.0,10.0,11.0,14.0,inferred
Bexley,2021-05-31,3.0,5.0,6.0,7.0,7.0,8.0,9.0,10.0,11.0,12.0,12.0,14.0,18.0,inferred
Bexley,2021-06-01,3.0,5.0,6.0,7.0,8.0,8.0,9.0,10.0,11.0,12.0,13.0,15.0,18.0,inferred
Bexley,2021-06-02,4.0,6.0,7.0,8.0,8.0,9.0,10.0,11.0,12.0,13.0,13.0,16.0,19.0,inferred
Bexley,2021-06-03,4.0,6.0,7.0,8.0,8.0,9.0,10.0,11.0,12.0,13.0,14.0,16.0,19.0,inferred
Bexley,2021-06-04,3.0,5.0,6.0,7.0,7.0,9.0,10.0,10.0,12.0,12.0,13.0,15.0,18.0,inferred
Bexley,2021-06-05,3.0,5.0,6.0,6.0,7.0,8.0,8.0,9.0,10.0,11.0,12.0,13.0,17.0,inferred
Bexley,2021-06-06,4.0,6.0,7.0,8.0,8.0,9.0,10.0,11.0,12.0,13.0,14.0,16.0,19.0,inferred
Bexley,2021-06-07,6.0,8.0,10.0,11.0,12.0,13.0,14.0,15.0,17.0,17.0,18.0,21.0,25.0,inferred
Bexley,2021-06-08,6.0,9.0,11.0,11.0,12.0,13.0,14.0,16.0,17.0,18.0,19.0,21.0,25.0,inferred
Bexley,2021-06-09,7.0,10.0,12.0,12.0,13.0,14.0,15.0,17.0,18.0,19.0,20.0,22.0,26.0,inferred
Bexley,2021-06-10,7.0,9.0,11.0,12.0,12.0,13.0,15.0,16.0,17.0,18.0,19.0,22.0,25.0,inferred
Bexley,2021-06-11,6.0,8.0,10.0,11.0,11.0,13.0,14.0,15.0,16.0,17.0,18.0,20.0,24.0,inferred
Bexley,2021-06-12,5.0,7.0,8.0,9.0,10.0,11.0,12.0,13.0,14.0,15.0,15.0,17.1,21.0,inferred
Bexley,2021-06-13,6.0,8.0,10.0,11.0,11.0,13.0,14.0,15.0,16.0,17.0,18.0,20.0,24.0,inferred
Bexley,2021-06-14,10.0,12.0,14.0,15.0,16.0,17.0,18.0,20.0,21.0,22.0,23.0,26.0,30.0,inferred
Bexley,2021-06-15,10.0,12.0,14.0,15.0,16.0,17.0,19.0,20.0,22.0,23.0,24.0,27.0,31.0,inferred
Bexley,2021-06-16,10.0,13.0,16.0,17.0,17.0,19.0,20.0,21.0,23.0,24.0,25.0,28.0,32.5,inferred
Bexley,2021-06-17,9.5,13.0,15.0,16.0,16.0,18.0,19.0,21.0,23.0,24.0,25.0,28.0,33.0,inferred
Bexley,2021-06-18,8.0,11.0,13.0,14.0,15.0,16.0,18.0,19.0,21.0,22.0,23.0,25.0,30.0,inferred
Birmingham,2021-03-06,80.0,89.0,95.0,97.0,99.0,102.0,105.0,109.0,112.0,115.0,117.0,123.0,132.5,inferred
Birmingham,2021-03-07,96.0,104.0,110.0,112.0,115.0,118.0,122.0,126.0,129.3,132.0,134.0,141.0,151.0,inferred
Birmingham,2021-03-08,119.0,130.0,137.0,140.0,143.0,147.0,150.0,155.0,160.0,162.0,165.0,172.0,185.0,inferred
Birmingham,2021-03-09,112.0,122.9,129.0,132.0,134.0,138.0,142.0,146.0,151.0,153.0,156.0,164.0,177.0,inferred
Birmingham,2021-03-10,117.5,127.9,134.0,137.0,140.0,144.0,148.0,152.0,157.0,159.2,163.0,171.0,185.0,inferred
Birmingham,2021-03-11,102.0,113.0,119.0,122.0,125.0,129.0,132.0,136.0,141.0,143.0,145.2,153.0,165.5,inferred
Birmingham,2021-03-12,91.0,100.0,106.0,108.0,111.0,115.0,119.0,122.0,126.0,129.0,131.0,138.0,149.0,inferred
Birmingham,2021-03-13,71.0,78.0,84.0,86.0,88.0,92.0,95.0,98.0,102.0,104.0,106.0,112.0,121.0,inferred
Birmingham,2021-03-14,85.0,92.0,97.0,100.0,102.0,106.0,110.0,113.0,117.0,119.0,121.0,128.0,138.0,inferred
Birmingham,2021-03-15,108.0,118.0,124.0,127.0,129.0,133.0,137.0,142.0,146.0,148.0,151.0,158.0,169.0,inferred
Birmingham,2021-03-16,101.0,112.0,119.0,121.0,124.0,128.0,132.0,136.0,141.0,144.0,147.0,154.0,165.0,inferred
Birmingham,2021-03-17,108.5,120.0,126.0,128.0,130.0,134.0,138.0,142.0,147.0,149.0,152.0,160.0,172.0,inferred
Birmingham,2021-03-18,97.0,107.0,113.0,115.0,117.0,121.0,124.0,129.0,132.0,134.0,137.0,145.0,156.0,inferred
Birmingham,2021-03-19,87.0,96.0,102.0,104.0,106.0,109.0,113.0,117.0,121.0,123.0,126.0,133.0,145.5,inferred
Birmingham,2021-03-20,68.0,75.0,80.0,83.0,85.0,88.0,91.0,94.0,97.0,99.0,101.0,108.0,117.0,inferred
Birmingham,2021-03-21,81.0,89.0,95.0,97.0,99.0,103.0,107.0,110.0,114.0,116.0,119.0,125.0,137.0,inferred
Birmingham,2021-03-22,105.5,114.0,121.0,124.0,126.0,130.0,134.0,138.0,143.0,146.0,149.0,156.0,169.0,inferred
Birmingham,2021-03-23,98.0,106.9,113.0,116.0,118.0,122.0,125.5,130.0,134.0,136.0,139.0,146.0,157.0,inferred
Birmingham,2021-03-24,98.0,108.0,114.0,117.0,120.0,124.0,127.0,131.0,135.0,137.0,140.0,147.0,158.0,inferred
Birmingham,2021-03-25,83.0,92.0,97.0,99.0,101.0,105.0,108.0,112.0,115.0,118.0,121.0,126.0,137.0,inferred
Birmingham,2021-03-26,67.0,77.0,82.0,84.0,86.0,89.0,93.0,96.0,100.0,102.0,104.0,109.1,120.0,inferred
Birmingham,2021-03-27,49.5,56.0,60.0,62.0,64.0,67.0,70.0,72.0,75.0,77.0,79.0,84.1,93.0,inferred
Birmingham,2021-03-28,56.0,62.0,67.0,69.0,71.0,74.0,77.0,80.0,83.0,85.0,87.0,93.0,101.0,inferred
Birmingham,2021-03-29,68.0,76.0,82.0,84.0,86.0,89.0,93.0,96.0,100.0,102.0,104.0,110.0,120.0,inferred
Birmingham,2021-03-30,61.0,69.0,74.0,75.0,78.0,81.0,84.0,87.0,90.0,92.0,95.0,101.0,110.0,inferred
Birmingham,2021-03-31,61.0,67.0,73.0,75.0,77.0,79.0,82.0,86.0,89.0,90.0,92.0,99.0,108.0,inferred
Birmingham,2021-04-01,49.5,55.0,60.0,62.0,63.7,66.0,69.0,73.0,76.0,77.0,79.0,84.0,93.0,inferred
Birmingham,2021-04-02,40.0,47.0,51.0,53.0,55.0,57.0,60.0,62.0,65.0,67.0,69.0,73.0,81.0,inferred
Birmingham,2021-04-03,29.0,34.0,37.0,39.0,40.0,42.0,45.0,47.0,49.0,50.0,52.0,56.0,63.0,inferred
Birmingham,2021-04-04,32.0,37.0,41.0,42.0,44.0,46.0,49.0,51.0,54.0,55.0,57.0,61.0,68.0,inferred
Birmingham,2021-04-05,40.0,46.0,49.0,51.0,52.0,55.0,58.0,60.0,63.0,65.0,67.0,72.0,80.0,inferred
Birmingham,2021-04-06,36.0,42.0,46.0,47.0,49.0,51.0,54.0,56.0,59.0,60.0,63.0,67.0,75.0,inferred
Birmingham,2021-04-07,36.5,43.0,47.0,48.0,50.0,53.0,56.0,58.0,61.0,62.0,64.0,69.0,77.0,inferred
Birmingham,2021-04-08,32.0,37.0,41.0,42.0,44.0,46.0,49.0,51.0,53.0,55.0,56.0,61.0,68.0,inferred
Birmingham,2021-04-09,28.0,32.0,35.0,37.0,38.0,40.0,43.0,45.0,48.0,49.0,50.0,54.0,61.0,inferred
Birmingham,2021-04-10,20.0,24.0,28.0,29.0,30.0,32.0,34.0,36.0,37.0,39.0,40.0,44.0,50.0,inferred
Birmingham,2021-04-11,23.0,29.0,32.0,33.0,34.0,36.0,38.0,40.0,43.0,44.0,46.0,50.0,56.5,inferred
Birmingham,2021-04-12,31.0,35.0,39.0,41.0,42.0,45.0,47.0,49.0,52.0,53.0,55.0,60.0,68.0,inferred
Birmingham,2021-04-13,28.0,33.0,37.0,39.0,40.0,43.0,45.0,47.0,50.0,51.0,53.0,57.0,65.0,inferred
Birmingham,2021-04-14,30.0,35.0,38.0,40.0,41.0,44.0,46.0,49.0,51.0,53.0,54.0,59.0,66.0,inferred
Birmingham,2021-04-15,26.0,30.0,34.0,35.0,36.0,39.0,41.0,43.0,46.0,47.0,49.0,52.0,59.0,inferred
Birmingham,2021-04-16,22.0,27.0,31.0,32.0,33.0,35.0,37.0,39.0,41.0,42.0,44.0,48.0,53.0,inferred
Birmingham,2021-04-17,17.0,21.0,23.0,24.8,25.0,27.0,29.0,31.0,33.0,34.0,35.0,39.0,44.0,inferred
Birmingham,2021-04-18,20.0,24.0,27.0,28.0,30.0,32.0,34.0,36.0,38.0,39.0,40.0,44.0,51.0,inferred
Birmingham,2021-04-19,26.0,32.0,35.0,37.0,38.0,40.0,43.0,45.0,47.0,49.0,50.0,54.1,62.0,inferred
Birmingham,2021-04-20,25.0,29.0,33.0,35.0,36.0,38.0,40.0,42.0,44.0,46.0,47.0,51.0,58.0,inferred
Birmingham,2021-04-21,25.0,30.0,34.0,35.0,36.0,39.0,41.0,43.0,45.0,47.0,48.0,52.0,59.0,inferred
Birmingham,2021-04-22,21.0,26.0,29.0,30.0,31.0,33.0,35.0,37.0,39.0,41.0,42.0,46.0,53.0,inferred
Birmingham,2021-04-23,18.0,22.0,25.0,26.0,27.0,29.0,31.0,33.0,35.0,36.0,37.0,41.0,47.0,inferred
Birmingham,2021-04-24,13.0,16.0,19.0,20.0,21.0,22.0,24.0,26.0,28.0,29.0,30.0,33.0,38.0,inferred
Birmingham,2021-04-25,16.0,19.0,22.0,23.0,24.0,26.0,28.0,30.0,31.0,32.0,34.0,37.0,43.0,inferred
Birmingham,2021-04-26,20.0,24.0,28.0,29.0,30.0,32.0,34.0,35.0,38.0,39.0,40.2,44.0,49.0,inferred
Birmingham,2021-04-27,19.0,22.0,25.0,26.0,27.0,30.0,31.0,33.0,36.0,37.0,38.0,42.0,48.0,inferred
Birmingham,2021-04-28,19.0,23.0,26.0,27.0,28.0,31.0,32.0,34.0,36.0,38.0,39.0,43.0,50.0,inferred
Birmingham,2021-04-29,17.0,21.0,23.0,24.0,25.0,27.0,29.0,31.0,33.0,34.0,35.0,39.0,45.0,inferred
Birmingham,2021-04-30,14.0,17.0,20.0,21.0,22.0,24.0,26.0,28.0,30.0,31.0,32.0,35.0,40.0,inferred
Birmingham,2021-05-01,10.0,13.0,15.0,16.0,17.0,19.0,20.0,22.0,24.0,25.0,26.0,29.0,33.5,inferred
Birmingham,2021-05-02,13.0,16.0,19.0,20.0,20.0,22.0,24.0,25.0,27.0,28.0,29.0,32.0,38.0,inferred
Birmingham,2021-05-03,17.0,21.0,24.0,25.0,26.0,28.0,30.0,31.0,34.0,35.0,36.0,40.0,46.0,inferred
Birmingham,2021-05-04,16.0,20.0,22.0,23.0,25.0,27.0,28.0,30.0,32.0,33.0,35.0,39.0,44.0,inferred
Birmingham,2021-05-05,18.0,22.0,24.0,25.8,27.0,29.0,31.0,33.0,35.0,36.0,37.0,41.0,46.5,inferred
Birmingham,2021-05-06,15.0,19.0,21.0,23.0,23.0,25.0,27.0,29.0,31.0,32.0,34.0,37.0,42.0,inferred
Birmingham,2021-05-07,13.5,17.9,20.0,21.0,22.0,23.0,25.0,27.0,29.0,30.0,31.0,35.0,40.0,inferred
Birmingham,2021-05-08,10.0,13.0,15.0,16.0,17.0,19.0,20.0,22.0,23.0,24.0,26.0,29.0,34.0,inferred
Birmingham,2021-05-09,13.0,16.0,18.0,19.0,20.0,22.0,24.0,25.0,27.0,28.0,29.0,33.0,38.0,inferred
Birmingham,2021-05-10,18.0,22.0,24.0,26.0,27.0,29.0,30.0,32.0,34.0,36.0,37.0,41.0,46.0,inferred
Birmingham,2021-05-11,18.0,22.0,24.0,25.8,26.0,28.0,30.0,32.0,34.0,35.0,36.0,40.0,46.0,inferred
Birmingham,2021-05-12,19.0,23.0,27.0,28.0,29.0,31.0,33.0,35.0,37.0,38.0,40.0,43.0,50.0,inferred
Birmingham,2021-05-13,17.0,22.0,25.0,26.0,27.0,29.0,30.0,32.0,34.0,36.0,37.0,41.0,46.0,inferred
Birmingham,2021-05-14,16.0,20.0,23.0,24.0,25.0,27.0,29.0,31.0,33.0,34.0,36.0,39.0,45.0,inferred
Birmingham,2021-05-15,13.0,17.0,19.0,20.0,21.0,23.0,25.0,27.0,28.0,30.0,31.0,34.0,39.0,inferred
Birmingham,2021-05-16,17.0,21.0,24.0,25.0,26.0,28.0,30.0,32.0,34.0,35.0,36.0,40.0,46.0,inferred
Birmingham,2021-05-17,23.0,29.0,32.0,34.0,35.0,37.0,39.0,42.0,44.0,46.0,47.0,51.0,57.0,inferred
Birmingham,2021-05-18,25.0,30.0,34.0,35.0,36.0,38.0,40.0,43.0,45.0,47.0,48.0,52.0,60.0,inferred
Birmingham,2021-05-19,29.5,35.0,39.0,40.0,41.0,44.0,46.0,48.0,50.0,52.0,54.0,58.0,67.0,inferred
Birmingham,2021-05-20,28.0,33.0,37.0,39.0,40.0,42.0,44.5,47.0,49.0,51.0,52.0,57.0,64.0,inferred
Birmingham,2021-05-21,28.0,33.0,36.0,38.0,39.0,42.0,44.0,46.0,48.0,50.0,51.0,56.0,63.0,inferred
Birmingham,2021-05-22,23.0,28.0,31.0,32.0,33.0,36.0,38.0,40.0,42.0,43.0,45.0,48.0,55.0,inferred
Birmingham,2021-05-23,30.0,36.0,39.0,41.0,42.0,45.0,47.0,49.0,52.0,53.0,55.0,59.0,67.0,inferred
Birmingham,2021-05-24,45.0,51.0,55.0,57.0,59.0,62.0,64.0,67.0,70.0,71.0,73.0,79.0,89.0,inferred
Birmingham,2021-05-25,46.0,52.9,57.0,59.0,61.0,64.0,66.0,69.0,72.0,74.0,76.2,82.0,93.0,inferred
Birmingham,2021-05-26,55.0,62.0,67.0,69.0,70.0,73.0,76.0,79.0,82.3,85.0,87.0,92.0,100.0,inferred
Birmingham,2021-05-27,52.0,59.0,63.0,65.0,67.0,70.0,73.0,77.0,80.0,81.0,84.0,89.0,98.0,inferred
Birmingham,2021-05-28,52.0,58.0,63.0,64.0,66.0,69.0,72.0,74.0,78.0,80.0,81.0,86.0,94.0,inferred
Birmingham,2021-05-29,44.0,50.0,54.0,55.0,57.0,59.0,62.0,64.0,67.0,69.0,71.0,76.0,84.0,inferred
Birmingham,2021-05-30,56.0,63.0,68.0,70.0,71.7,75.0,77.0,81.0,84.0,86.0,88.0,94.0,104.0,inferred
Birmingham,2021-05-31,80.0,89.0,95.0,97.0,99.7,103.0,107.0,110.0,114.3,117.0,120.0,127.0,138.0,inferred
Birmingham,2021-06-01,85.0,93.0,98.0,101.0,103.0,107.0,110.0,114.0,118.0,120.0,123.0,129.0,139.0,inferred
Birmingham,2021-06-02,97.0,106.0,112.0,114.8,117.0,121.0,125.0,129.0,133.0,135.0,138.0,145.0,157.0,inferred
Birmingham,2021-06-03,91.0,101.0,107.0,109.0,112.0,115.6,119.0,123.0,127.0,129.0,132.0,139.0,150.0,inferred
Birmingham,2021-06-04,88.0,97.0,103.0,106.0,108.0,111.0,115.0,118.0,122.0,124.0,127.0,133.0,145.0,inferred
Birmingham,2021-06-05,74.0,81.9,87.0,89.0,91.0,95.0,98.0,101.0,105.0,107.0,110.0,116.0,125.0,inferred
Birmingham,2021-06-06,96.0,104.0,109.0,111.0,114.0,117.0,122.0,125.0,130.0,132.0,135.0,142.0,153.0,inferred
Birmingham,2021-06-07,129.5,142.0,150.0,153.0,155.0,160.0,164.0,168.0,174.0,176.0,179.0,187.1,201.0,inferred
Birmingham,2021-06-08,131.5,145.0,152.0,155.0,157.0,162.0,166.0,171.0,175.0,179.0,182.0,190.0,207.0,inferred
Birmingham,2021-06-09,148.0,161.0,169.0,172.0,175.0,180.0,185.0,190.0,196.0,198.2,201.0,209.1,224.0,inferred
Birmingham,2021-06-10,138.0,149.0,157.0,160.0,163.0,168.0,172.0,176.0,181.3,184.0,187.2,196.0,209.0,inferred
Birmingham,2021-06-11,132.5,143.0,151.0,153.0,156.0,160.0,164.0,168.0,173.0,176.0,179.0,188.0,200.5,inferred
Birmingham,2021-06-12,110.0,119.0,126.0,128.0,130.0,134.0,139.0,142.0,146.0,148.0,151.0,158.0,170.5,inferred
Birmingham,2021-06-13,135.0,145.0,153.0,156.0,159.0,164.0,167.5,172.0,177.0,179.0,183.0,192.0,205.0,inferred
Birmingham,2021-06-14,185.0,198.0,206.0,209.0,212.0,218.0,223.0,228.4,235.0,238.0,241.0,251.1,265.5,inferred
Birmingham,2021-06-15,185.0,199.0,206.0,210.0,213.0,218.0,224.0,230.0,236.0,240.0,243.0,253.0,267.0,inferred
Birmingham,2021-06-16,203.5,217.0,226.0,230.0,234.0,240.0,245.0,251.0,258.0,260.0,265.0,275.0,291.0,inferred
Birmingham,2021-06-17,185.0,199.0,208.0,212.0,216.0,222.0,227.0,232.0,238.0,241.0,245.0,255.0,272.0,inferred
Birmingham,2021-06-18,171.0,185.0,196.0,200.0,203.0,209.0,215.0,221.0,228.0,231.0,235.0,244.0,261.0,inferred
Blaby,2021-03-06,3.0,5.0,6.0,7.0,7.0,8.0,9.0,11.0,12.0,12.0,13.0,16.0,19.0,inferred
Blaby,2021-03-07,3.0,5.9,7.0,8.0,8.0,10.0,11.0,12.0,13.0,14.0,15.0,17.0,22.0,inferred
Blaby,2021-03-08,5.0,8.0,10.0,11.0,11.0,13.0,14.0,15.0,16.0,17.0,19.0,21.0,26.0,inferred
Blaby,2021-03-09,5.0,8.0,9.0,10.0,11.0,12.0,13.0,15.0,16.0,17.0,18.0,21.0,26.0,inferred
Blaby,2021-03-10,6.0,8.0,10.0,11.0,11.0,12.0,14.0,15.0,17.0,17.0,18.0,21.0,27.0,inferred
Blaby,2021-03-11,5.0,7.0,9.0,9.0,10.0,11.0,12.0,14.0,15.0,16.0,17.0,19.0,24.0,inferred
Blaby,2021-03-12,4.0,6.0,8.0,8.0,9.0,10.0,11.0,12.0,13.0,14.0,15.0,17.0,22.0,inferred
Blaby,2021-03-13,2.0,4.0,5.0,6.0,6.7,8.0,8.0,9.0,10.0,11.0,12.0,14.0,17.0,inferred
Blaby,2021-03-14,2.5,5.0,6.0,7.0,7.0,9.0,10.0,11.0,12.0,13.0,13.2,16.0,20.0,inferred
Blaby,2021-03-15,4.0,7.0,8.0,9.0,10.0,11.0,12.0,13.0,15.0,16.0,17.0,19.0,24.0,inferred
Blaby,2021-03-16,4.0,6.0,8.0,9.0,9.0,10.0,12.0,13.0,14.0,15.0,16.0,18.0,22.5,inferred
Blaby,2021-03-17,4.0,6.0,8.0,9.0,10.0,11.0,12.0,13.0,15.0,16.0,17.0,19.1,24.0,inferred
Blaby,2021-03-18,3.0,6.0,7.0,8.0,8.0,10.0,11.0,12.0,13.0,14.0,15.0,17.0,22.0,inferred
Blaby,2021-03-19,3.0,5.0,6.0,7.0,7.0,8.0,9.0,11.0,12.0,13.0,13.0,16.0,20.0,inferred
Blaby,2021-03-20,2.0,3.0,5.0,5.0,6.0,7.0,7.0,8.0,10.0,10.0,11.0,13.0,17.0,inferred
Blaby,2021-03-21,2.5,4.0,6.0,6.0,7.0,8.0,9.0,10.0,11.0,12.0,13.0,15.0,19.0,inferred
Blaby,2021-03-22,4.0,6.0,8.0,9.0,9.0,10.0,11.0,13.0,14.0,15.0,16.0,19.0,23.0,inferred
Blaby,2021-03-23,4.0,6.0,7.0,8.0,9.0,10.0,11.0,12.0,14.0,14.0,15.0,18.0,22.0,inferred
Blaby,2021-03-24,4.0,6.0,7.0,8.0,9.0,10.0,11.0,12.0,14.0,15.0,16.0,18.0,22.0,inferred
Blaby,2021-03-25,3.0,5.0,6.0,7.0,7.0,8.6,10.0,11.0,12.0,13.0,14.0,16.0,20.0,inferred
Blaby,2021-03-26,2.0,4.0,5.0,6.0,7.0,7.0,8.0,9.0,11.0,12.0,12.0,15.0,19.0,inferred
Blaby,2021-03-27,1.0,2.0,3.0,4.0,4.0,5.0,6.0,7.0,8.0,9.0,9.0,11.0,15.0,inferred
Blaby,2021-03-28,1.0,3.0,4.0,5.0,5.0,6.0,7.0,8.0,9.0,10.0,10.0,13.0,16.0,inferred
Blaby,2021-03-29,2.0,4.0,5.0,6.0,6.0,7.0,8.0,9.0,11.0,11.0,12.0,14.0,18.0,inferred
Blaby,2021-03-30,2.0,3.0,5.0,5.0,6.0,7.0,8.0,9.0,10.0,11.0,11.0,13.0,17.0,inferred
Blaby,2021-03-31,2.0,4.0,5.0,5.0,6.0,7.0,8.0,9.0,10.0,10.0,11.0,13.0,18.0,inferred
Blaby,2021-04-01,1.0,3.0,4.0,4.8,5.0,6.0,7.0,8.0,9.0,10.0,10.0,12.0,15.5,inferred
Blaby,2021-04-02,1.0,2.0,3.0,4.0,4.0,5.0,6.0,7.0,7.0,8.0,9.0,11.0,14.0,inferred
Blaby,2021-04-03,0.0,1.0,2.0,3.0,3.0,4.0,4.0,5.0,6.0,6.0,7.0,9.0,12.0,inferred
Blaby,2021-04-04,1.0,2.0,3.0,3.0,4.0,4.0,5.0,6.0,7.0,7.0,8.0,10.0,13.0,inferred
Blaby,2021-04-05,1.0,3.0,4.0,4.0,5.0,5.0,6.0,7.0,8.0,9.0,10.0,11.0,15.0,inferred
Blaby,2021-04-06,1.0,2.0,3.0,4.0,4.0,5.0,6.0,7.0,8.0,8.0,9.0,11.0,15.0,inferred
Blaby,2021-04-07,1.0,3.0,3.8,4.0,4.0,5.0,6.0,7.0,8.0,9.0,9.0,11.0,15.0,inferred
Blaby,2021-04-08,1.0,2.0,3.0,3.0,4.0,5.0,6.0,6.0,7.0,8.0,9.0,11.0,14.0,inferred
Blaby,2021-04-09,0.0,1.0,2.0,3.0,3.0,4.0,5.0,5.0,6.0,7.0,8.0,10.0,12.0,inferred
Blaby,2021-04-10,0.0,1.0,2.0,2.0,2.0,3.0,3.0,4.0,5.0,5.0,6.0,8.0,10.0,inferred
Blaby,2021-04-11,0.0,1.0,2.0,2.0,3.0,3.0,4.0,5.0,6.0,6.0,7.0,9.0,12.0,inferred
Blaby,2021-04-12,1.0,2.0,3.0,3.0,4.0,4.0,5.0,6.0,7.0,8.0,8.0,10.0,13.0,inferred
Blaby,2021-04-13,0.0,1.0,2.0,3.0,3.0,4.0,4.0,5.0,6.0,7.0,8.0,9.0,12.5,inferred
Blaby,2021-04-14,0.0,1.0,2.0,3.0,3.0,4.0,5.0,5.0,6.0,7.0,8.0,9.0,12.0,inferred
Blaby,2021-04-15,0.0,1.0,2.0,2.0,3.0,3.0,4.0,5.0,5.0,6.0,7.0,8.0,11.0,inferred
Blaby,2021-04-16,0.0,1.0,2.0,2.0,2.0,3.0,3.0,4.0,5.0,5.0,6.0,7.0,10.0,inferred
Blaby,2021-04-17,0.0,0.0,1.0,1.0,2.0,2.0,3.0,3.0,4.0,4.0,5.0,6.0,9.0,inferred
Blaby,2021-04-18,0.0,1.0,1.0,2.0,2.0,3.0,3.0,4.0,5.0,5.0,6.0,7.0,10.0,inferred
Blaby,2021-04-19,0.0,1.0,2.0,2.0,3.0,3.0,4.0,5.0,6.0,6.0,7.0,9.0,12.0,inferred
Blaby,2021-04-20,0.0,1.0,2.0,2.0,3.0,3.0,4.0,5.0,6.0,6.0,7.0,8.0,11.0,inferred
Blaby,2021-04-21,0.0,1.0,2.0,2.0,3.0,3.0,4.0,5.0,6.0,6.0,7.0,8.1,12.0,inferred
Blaby,2021-04-22,0.0,1.0,2.0,2.0,2.0,3.0,3.0,4.0,5.0,6.0,6.0,8.0,11.0,inferred
Blaby,2021-04-23,0.0,1.0,1.0,2.0,2.0,3.0,3.0,4.0,5.0,5.0,6.0,7.0,10.0,inferred
Blaby,2021-04-24,0.0,0.0,1.0,1.0,1.0,2.0,2.0,3.0,3.0,4.0,4.0,6.0,8.0,inferred
Blaby,2021-04-25,0.0,0.0,1.0,1.0,2.0,2.0,3.0,3.0,4.0,5.0,5.0,7.0,9.0,inferred
Blaby,2021-04-26,0.0,1.0,1.0,2.0,2.0,3.0,3.0,4.0,5.0,5.0,6.0,8.0,11.0,inferred
Blaby,2021-04-27,0.0,1.0,1.0,2.0,2.0,3.0,3.0,4.0,5.0,5.0,6.0,7.0,10.0,inferred
Blaby,2021-04-28,0.0,1.0,1.0,2.0,2.0,3.0,3.0,4.0,5.0,5.0,6.0,7.0,10.0,inferred
Blaby,2021-04-29,0.0,0.0,1.0,1.0,2.0,2.0,3.0,3.0,4.0,5.0,5.0,7.0,9.0,inferred
Blaby,2021-04-30,0.0,0.0,1.0,1.0,1.0,2.0,2.0,3.0,4.0,4.0,5.0,6.0,9.0,inferred
Blaby,2021-05-01,0.0,0.0,0.0,1.0,1.0,1.0,2.0,2.0,3.0,3.0,4.0,5.0,7.0,inferred
Blaby,2021-05-02,0.0,0.0,1.0,1.0,1.0,2.0,2.0,3.0,3.0,4.0,4.0,5.0,8.0,inferred
Blaby,2021-05-03,0.0,0.0,1.0,1.0,2.0,2.0,3.0,3.0,4.0,5.0,5.0,7.0,10.0,inferred
Blaby,2021-05-04,0.0,0.0,1.0,1.0,1.0,2.0,2.0,3.0,4.0,4.0,5.0,6.0,9.0,inferred
Blaby,2021-05-05,0.0,0.0,1.0,1.0,1.0,2.0,2.0,3.0,4.0,4.0,5.0,6.0,9.0,inferred
Blaby,2021-05-06,0.0,0.0,1.0,1.0,1.0,2.0,2.0,3.0,4.0,4.0,4.0,6.0,8.0,inferred
Blaby,2021-05-07,0.0,0.0,1.0,1.0,1.0,1.0,2.0,2.0,3.0,3.0,4.0,5.0,8.0,inferred
Blaby,2021-05-08,0.0,0.0,0.0,1.0,1.0,1.0,2.0,2.0,3.0,3.0,3.0,4.0,6.0,inferred
Blaby,2021-05-09,0.0,0.0,0.0,1.0,1.0,1.0,2.0,2.0,3.0,3.0,4.0,5.0,7.0,inferred
Blaby,2021-05-10,0.0,0.0,1.0,1.0,1.0,1.0,2.0,3.0,3.0,4.0,4.0,6.0,8.0,inferred
Blaby,2021-05-11,0.0,0.0,1.0,1.0,1.0,2.0,2.0,3.0,3.0,4.0,4.0,6.0,8.0,inferred
Blaby,2021-05-12,0.0,0.0,1.0,1.0,1.0,2.0,2.0,3.0,4.0,4.0,4.0,6.0,9.0,inferred
Blaby,2021-05-13,0.0,0.0,1.0,1.0,1.0,2.0,2.0,3.0,3.0,4.0,4.0,5.0,9.0,inferred
Blaby,2021-05-14,0.0,0.0,1.0,1.0,1.0,1.0,2.0,3.0,3.0,4.0,4.0,5.0,8.0,inferred
Blaby,2021-05-15,0.0,0.0,0.0,1.0,1.0,1.0,2.0,2.0,3.0,3.0,4.0,5.0,7.0,inferred
Blaby,2021-05-16,0.0,0.0,1.0,1.0,1.0,1.0,2.0,2.0,3.0,4.0,4.0,5.0,8.0,inferred
Blaby,2021-05-17,0.0,0.0,1.0,1.0,2.0,2.0,3.0,3.0,4.0,5.0,5.0,7.0,10.0,inferred
Blaby,2021-05-18,0.0,0.0,1.0,1.0,2.0,2.0,3.0,3.0,4.0,5.0,5.0,7.0,10.0,inferred
Blaby,2021-05-19,0.0,1.0,1.8,2.0,2.0,3.0,3.0,4.0,5.0,5.0,6.0,7.1,10.0,inferred
Blaby,2021-05-20,0.0,1.0,1.0,2.0,2.0,3.0,3.0,4.0,5.0,5.0,5.0,7.0,10.0,inferred
Blaby,2021-05-21,0.0,1.0,1.0,2.0,2.0,3.0,3.0,4.0,5.0,5.0,6.0,7.0,10.0,inferred
Blaby,2021-05-22,0.0,0.0,1.0,1.0,2.0,2.0,3.0,3.0,4.0,5.0,5.0,6.0,9.0,inferred
Blaby,2021-05-23,0.0,1.0,2.0,2.0,2.0,3.0,4.0,4.0,5.0,6.0,6.0,8.0,11.0,inferred
Blaby,2021-05-24,1.0,2.0,3.0,4.0,4.0,5.0,5.5,6.0,7.0,8.0,9.0,10.0,14.0,inferred
Blaby,2021-05-25,1.0,2.0,3.0,4.0,4.0,5.0,6.0,7.0,7.0,8.0,9.0,11.0,14.0,inferred
Blaby,2021-05-26,1.5,3.0,4.0,4.0,5.0,6.0,6.0,7.0,8.0,9.0,10.0,12.0,16.0,inferred
Blaby,2021-05-27,1.0,3.0,4.0,4.0,5.0,5.0,6.0,7.0,8.0,9.0,10.0,12.0,15.0,inferred
Blaby,2021-05-28,1.0,2.0,3.0,4.0,4.0,5.0,6.0,7.0,8.0,8.0,9.0,11.0,15.0,inferred
Blaby,2021-05-29,0.0,2.0,3.0,3.0,3.0,4.0,5.0,6.0,7.0,7.0,8.0,10.0,13.0,inferred
Blaby,2021-05-30,1.0,2.0,4.0,4.0,5.0,5.6,6.0,7.0,8.0,9.0,10.0,12.0,15.0,inferred
Blaby,2021-05-31,2.0,4.0,5.0,6.0,6.0,7.0,8.0,9.0,11.0,11.0,12.0,15.0,18.5,inferred
Blaby,2021-06-01,2.0,4.0,5.0,6.0,6.0,7.0,8.0,10.0,11.0,12.0,12.2,15.0,19.0,inferred
Blaby,2021-06-02,3.0,5.0,6.0,7.0,7.0,8.0,9.0,11.0,12.0,13.0,13.0,16.0,20.0,inferred
Blaby,2021-06-03,3.0,4.0,6.0,6.0,7.0,8.0,9.0,10.0,11.0,12.0,13.0,15.0,18.5,inferred
Blaby,2021-06-04,2.0,4.0,5.0,6.0,6.0,7.0,8.0,9.0,11.0,11.0,12.0,14.0,19.0,inferred
Blaby,2021-06-05,1.0,3.0,4.0,4.0,5.0,6.0,7.0,8.0,9.0,10.0,11.0,13.0,16.0,inferred
Blaby,2021-06-06,2.0,4.0,6.0,6.0,7.0,8.0,9.0,10.0,11.0,12.0,13.0,15.0,19.0,inferred
Blaby,2021-06-07,4.0,6.0,8.0,9.0,9.0,11.0,12.0,13.0,14.0,15.0,16.0,19.0,24.0,inferred
Blaby,2021-06-08,4.0,6.0,8.0,9.0,9.0,10.0,12.0,13.0,14.0,15.0,16.0,19.0,23.0,inferred
Blaby,2021-06-09,5.0,7.0,9.0,9.0,10.0,12.0,13.0,14.0,16.0,17.0,18.0,20.0,24.5,inferred
Blaby,2021-06-10,4.0,6.0,8.0,9.0,9.0,11.0,12.0,13.0,15.0,16.0,17.0,19.0,23.0,inferred
Blaby,2021-06-11,4.0,6.0,8.0,8.0,9.0,10.0,11.0,13.0,14.0,15.0,16.0,18.0,22.0,inferred
Blaby,2021-06-12,3.0,4.0,6.0,7.0,7.0,8.0,9.5,11.0,12.0,13.0,13.0,16.0,20.0,inferred
Blaby,2021-06-13,4.0,6.0,8.0,8.0,9.0,10.0,12.0,13.0,14.0,15.0,16.0,18.0,23.0,inferred
Blaby,2021-06-14,7.0,9.0,11.0,12.0,12.0,14.0,15.0,17.0,19.0,19.0,20.0,24.0,29.0,inferred
Blaby,2021-06-15,6.5,10.0,12.0,12.0,13.0,14.0,16.0,17.0,19.0,20.0,21.0,24.0,29.0,inferred
Blaby,2021-06-16,8.0,11.0,13.0,14.0,15.0,17.0,18.0,20.0,22.0,23.0,24.0,27.0,33.0,inferred
Blaby,2021-06-17,8.0,11.0,13.0,14.0,15.0,16.0,18.0,19.0,21.0,22.0,23.0,26.0,32.0,inferred
Blaby,2021-06-18,7.5,11.0,13.0,14.0,15.0,16.0,18.0,19.0,21.0,22.0,23.0,27.0,31.0,inferred
Blackburn with Darwen,2021-03-06,9.0,12.0,14.0,15.0,16.0,18.0,19.0,20.0,22.0,23.0,24.0,27.0,31.0,inferred
Blackburn with Darwen,2021-03-07,12.0,15.0,18.0,19.0,19.0,21.0,22.0,24.0,25.0,26.0,27.0,30.0,35.0,inferred
Blackburn with Darwen,2021-03-08,17.0,21.0,23.0,25.0,25.0,27.0,28.0,30.0,32.0,33.0,35.0,38.0,44.0,inferred
Blackburn with Darwen,2021-03-09,16.0,20.0,23.0,24.0,25.0,27.0,28.0,30.0,32.0,33.0,34.0,37.0,42.0,inferred
Blackburn with Darwen,2021-03-10,16.0,20.0,23.0,24.0,25.0,26.0,28.0,30.0,32.0,33.0,34.0,37.0,43.0,inferred
Blackburn with Darwen,2021-03-11,15.0,18.0,21.0,22.0,23.0,24.0,26.0,28.0,30.0,31.0,32.0,36.0,41.0,inferred
Blackburn with Darwen,2021-03-12,12.0,15.0,18.0,19.0,20.0,22.0,23.0,25.0,26.0,27.0,28.0,32.0,37.0,inferred
Blackburn with Darwen,2021-03-13,8.0,11.0,13.0,14.0,15.0,16.0,18.0,19.0,21.0,22.0,23.0,25.0,30.0,inferred
Blackburn with Darwen,2021-03-14,10.0,13.0,16.0,17.0,17.0,19.0,20.0,22.0,24.0,24.0,26.0,29.0,34.0,inferred
Blackburn with Darwen,2021-03-15,14.0,18.0,21.0,22.0,22.7,24.0,26.0,27.0,30.0,31.0,32.0,36.0,42.0,inferred
Blackburn with Darwen,2021-03-16,13.0,18.0,20.0,21.0,22.0,24.0,25.0,27.0,29.0,31.0,32.0,35.0,40.5,inferred
Blackburn with Darwen,2021-03-17,14.0,18.0,20.0,21.0,22.0,24.0,26.0,27.0,30.0,31.0,32.0,35.0,41.0,inferred
Blackburn with Darwen,2021-03-18,13.0,17.0,20.0,21.0,22.0,23.0,25.0,27.0,29.0,30.0,31.0,34.0,39.0,inferred
Blackburn with Darwen,2021-03-19,11.0,15.0,17.0,18.0,19.0,21.0,22.0,24.0,25.0,26.0,28.0,30.0,36.0,inferred
Blackburn with Darwen,2021-03-20,8.5,11.0,13.0,14.0,15.0,16.0,17.0,19.0,20.0,21.0,22.0,25.0,30.0,inferred
Blackburn with Darwen,2021-03-21,10.0,14.0,16.0,17.0,18.0,19.0,21.0,22.0,24.0,25.0,26.0,28.1,34.0,inferred
Blackburn with Darwen,2021-03-22,14.0,18.0,21.0,22.0,23.0,25.0,27.0,28.0,30.0,31.0,32.0,36.0,41.0,inferred
Blackburn with Darwen,2021-03-23,14.0,18.0,20.0,21.0,22.0,24.0,25.0,27.0,29.0,30.0,31.0,35.0,40.0,inferred
Blackburn with Darwen,2021-03-24,14.0,17.0,20.0,21.0,22.0,24.0,25.0,27.0,28.0,29.0,31.0,34.0,39.0,inferred
Blackburn with Darwen,2021-03-25,12.0,15.0,18.0,19.0,20.0,21.0,22.0,24.0,26.0,27.0,28.0,31.0,36.0,inferred
Blackburn with Darwen,2021-03-26,9.0,12.0,14.0,15.0,16.0,18.0,19.0,21.0,22.0,23.0,24.0,27.0,32.0,inferred
Blackburn with Darwen,2021-03-27,6.0,9.0,11.0,11.0,12.0,13.0,15.0,16.0,17.0,18.0,19.0,22.0,26.0,inferred
Blackburn with Darwen,2021-03-28,7.0,10.0,12.0,13.0,13.0,14.0,16.0,17.0,19.0,20.0,21.0,23.0,28.0,inferred
Blackburn with Darwen,2021-03-29,9.0,13.0,15.0,16.0,17.0,18.0,20.0,21.0,23.0,24.0,25.0,28.0,32.0,inferred
Blackburn with Darwen,2021-03-30,9.0,12.0,14.0,15.0,16.0,17.0,19.0,20.0,22.0,23.0,23.0,26.0,32.0,inferred
Blackburn with Darwen,2021-03-31,9.0,11.0,13.0,14.0,15.0,16.0,17.0,19.0,21.0,22.0,23.0,25.0,30.0,inferred
Blackburn with Darwen,2021-04-01,7.0,10.0,12.0,13.0,14.0,15.0,16.0,18.0,19.0,20.0,21.0,24.0,30.0,inferred
Blackburn with Darwen,2021-04-02,6.0,8.0,10.0,11.0,11.0,12.0,14.0,15.0,16.0,17.0,18.0,21.0,25.0,inferred
Blackburn with Darwen,2021-04-03,4.0,5.0,7.0,8.0,8.0,9.0,10.0,11.0,13.0,13.0,14.0,16.0,20.0,inferred
Blackburn with Darwen,2021-04-04,4.0,6.0,8.0,9.0,10.0,11.0,12.0,13.0,14.0,15.0,16.0,18.0,22.0,inferred
Blackburn with Darwen,2021-04-05,6.0,9.0,10.0,11.0,12.0,13.0,14.0,16.0,17.0,18.0,19.0,21.1,26.0,inferred
Blackburn with Darwen,2021-04-06,6.0,8.0,10.0,11.0,11.7,13.0,14.0,15.0,16.0,17.0,18.0,21.0,24.5,inferred
Blackburn with Darwen,2021-04-07,5.0,8.0,9.0,10.0,11.0,12.0,13.0,14.0,16.0,17.0,18.0,20.0,25.0,inferred
Blackburn with Darwen,2021-04-08,5.0,7.0,8.0,9.0,9.7,11.0,12.0,13.0,14.0,15.0,16.0,19.0,23.0,inferred
Blackburn with Darwen,2021-04-09,3.0,5.0,7.0,7.0,8.0,9.0,10.0,11.0,12.0,13.0,13.0,16.0,19.0,inferred
Blackburn with Darwen,2021-04-10,2.0,4.0,5.0,5.0,6.0,6.0,7.0,8.0,9.0,10.0,11.0,13.0,16.0,inferred
Blackburn with Darwen,2021-04-11,2.0,4.0,5.0,5.0,6.0,7.0,8.0,9.0,10.0,11.0,11.0,13.0,17.0,inferred
Blackburn with Darwen,2021-04-12,3.0,5.0,6.0,7.0,8.0,8.0,10.0,11.0,12.0,12.0,13.0,16.0,20.0,inferred
Blackburn with Darwen,2021-04-13,2.0,4.0,6.0,6.0,7.0,8.0,9.0,10.0,11.0,12.0,12.0,15.0,18.0,inferred
Blackburn with Darwen,2021-04-14,3.0,4.0,6.0,6.0,7.0,8.0,9.0,10.0,11.0,12.0,13.0,15.0,18.0,inferred
Blackburn with Darwen,2021-04-15,2.0,4.0,5.0,6.0,6.0,7.0,8.0,9.0,10.0,11.0,11.0,13.0,17.0,inferred
Blackburn with Darwen,2021-04-16,2.0,3.0,4.0,5.0,5.0,6.0,7.0,8.0,9.0,9.0,10.0,12.0,15.0,inferred
Blackburn with Darwen,2021-04-17,1.0,2.0,3.0,4.0,4.0,5.0,5.0,6.0,7.0,8.0,8.0,10.0,13.0,inferred
Blackburn with Darwen,2021-04-18,1.0,3.0,4.0,4.0,5.0,5.0,6.0,7.0,8.0,8.0,9.0,11.0,14.0,inferred
Blackburn with Darwen,2021-04-19,2.0,4.0,5.0,6.0,6.0,7.0,8.0,9.0,10.0,11.0,11.0,13.0,17.0,inferred
Blackburn with Darwen,2021-04-20,2.0,4.0,5.0,6.0,6.0,7.0,8.0,9.0,10.0,11.0,11.0,14.0,17.0,inferred
Blackburn with Darwen,2021-04-21,3.0,4.0,6.0,6.0,7.0,8.0,9.0,10.0,11.0,11.0,12.0,15.0,18.0,inferred
Blackburn with Darwen,2021-04-22,3.0,5.0,6.0,6.0,7.0,8.0,9.0,10.0,11.0,12.0,12.0,15.0,19.0,inferred
Blackburn with Darwen,2021-04-23,2.0,4.0,5.0,6.0,7.0,8.0,8.0,9.0,11.0,11.0,12.0,14.0,17.0,inferred
Blackburn with Darwen,2021-04-24,2.0,3.0,4.0,5.0,5.0,6.0,7.0,8.0,9.0,9.0,10.0,12.0,15.0,inferred
Blackburn with Darwen,2021-04-25,3.0,4.0,6.0,6.0,7.0,8.0,9.0,10.0,11.0,12.0,12.0,14.0,17.0,inferred
Blackburn with Darwen,2021-04-26,5.0,7.0,8.0,9.0,10.0,11.0,12.0,13.0,14.0,15.0,16.0,18.0,23.0,inferred
Blackburn with Darwen,2021-04-27,5.0,7.0,9.0,9.0,10.0,11.0,12.0,13.0,15.0,15.0,16.0,18.0,23.0,inferred
Blackburn with Darwen,2021-04-28,5.0,8.0,9.0,10.0,11.0,12.0,13.0,14.0,15.0,16.0,17.0,19.1,24.0,inferred
Blackburn with Darwen,2021-04-29,6.0,8.0,9.0,10.0,11.0,12.0,13.0,15.0,16.0,17.0,18.0,21.0,25.0,inferred
Blackburn with Darwen,2021-04-30,5.0,7.0,9.0,9.0,10.0,11.0,12.0,13.0,15.0,15.0,16.0,19.0,23.0,inferred
Blackburn with Darwen,2021-05-01,3.0,5.0,7.0,7.0,8.0,9.0,10.0,11.0,12.0,13.0,14.0,16.0,20.0,inferred
Blackburn with Darwen,2021-05-02,5.0,7.0,9.0,10.0,10.0,12.0,13.0,14.0,15.0,16.0,17.0,19.0,23.0,inferred
Blackburn with Darwen,2021-05-03,8.0,11.0,13.0,13.0,14.0,16.0,17.0,19.0,20.0,21.0,22.0,25.0,30.0,inferred
Blackburn with Darwen,2021-05-04,9.0,12.0,14.0,15.0,16.0,17.0,18.0,20.0,22.0,23.0,24.0,27.0,31.5,inferred
Blackburn with Darwen,2021-05-05,10.0,13.0,15.0,17.0,17.0,19.0,20.0,22.0,24.0,25.0,26.0,29.0,34.0,inferred
Blackburn with Darwen,2021-05-06,11.0,14.0,16.0,17.0,18.0,20.0,22.0,23.0,25.0,26.0,27.0,30.0,35.0,inferred
Blackburn with Darwen,2021-05-07,10.0,13.0,16.0,17.0,17.0,19.0,20.0,22.0,23.0,24.0,25.0,28.0,33.0,inferred
Blackburn with Darwen,2021-05-08,8.0,11.0,13.0,14.0,14.0,16.0,17.0,18.0,20.0,21.0,22.0,25.0,29.0,inferred
Blackburn with Darwen,2021-05-09,11.0,14.0,17.0,17.0,18.0,20.0,22.0,23.0,24.0,25.0,26.0,29.0,34.0,inferred
Blackburn with Darwen,2021-05-10,17.0,21.0,24.0,25.0,26.0,28.0,30.0,32.0,34.0,35.0,36.0,40.0,45.0,inferred
Blackburn with Darwen,2021-05-11,19.0,23.0,26.0,27.0,28.0,31.0,32.0,34.0,36.0,37.0,39.0,42.0,49.0,inferred
Blackburn with Darwen,2021-05-12,21.0,26.0,30.0,31.0,32.0,34.0,36.0,39.0,41.0,42.0,43.0,47.0,54.0,inferred
Blackburn with Darwen,2021-05-13,24.0,29.0,32.0,33.0,34.0,37.0,39.0,41.0,43.0,44.0,46.0,50.0,57.0,inferred
Blackburn with Darwen,2021-05-14,24.0,28.0,31.0,33.0,34.0,36.0,38.0,40.0,42.0,44.0,45.0,50.0,57.0,inferred
Blackburn with Darwen,2021-05-15,20.0,25.0,28.0,29.0,30.0,32.0,33.0,36.0,38.0,39.0,40.0,44.0,49.0,inferred
Blackburn with Darwen,2021-05-16,29.0,34.0,37.0,38.0,39.0,42.0,44.0,46.0,48.0,50.0,52.0,56.0,62.0,inferred
Blackburn with Darwen,2021-05-17,42.0,49.0,53.0,55.0,56.0,60.0,62.0,64.4,67.0,69.0,71.0,77.0,85.0,inferred
Blackburn with Darwen,2021-05-18,46.0,53.0,58.0,59.0,61.0,64.0,67.0,70.0,73.0,75.0,76.0,82.0,91.0,inferred
Blackburn with Darwen,2021-05-19,53.0,59.0,63.0,65.0,67.0,70.0,73.0,76.0,79.0,81.0,83.0,89.0,96.0,inferred
Blackburn with Darwen,2021-05-20,53.0,60.0,65.0,66.0,68.0,72.0,74.0,77.0,80.0,82.0,84.0,90.0,98.0,inferred
Blackburn with Darwen,2021-05-21,49.5,56.0,60.0,62.0,63.0,67.0,70.0,72.0,75.0,77.0,79.0,84.0,93.0,inferred
Blackburn with Darwen,2021-05-22,41.0,46.0,50.0,51.0,53.0,56.0,59.0,61.0,64.0,66.0,67.0,72.0,78.0,inferred
Blackburn with Darwen,2021-05-23,52.0,59.0,64.0,65.0,67.0,70.0,72.0,75.0,79.0,80.0,83.0,88.0,96.0,inferred
Blackburn with Darwen,2021-05-24,74.5,83.0,88.0,90.0,92.0,96.0,99.0,103.0,106.0,109.0,111.0,118.0,128.0,inferred
Blackburn with Darwen,2021-05-25,77.5,86.0,92.0,94.0,96.0,100.0,104.0,107.0,111.0,113.0,115.0,121.0,132.0,inferred
Blackburn with Darwen,2021-05-26,84.0,91.0,97.0,99.0,101.0,104.0,108.0,112.0,116.0,118.0,121.0,128.0,138.0,inferred
Blackburn with Darwen,2021-05-27,82.5,91.0,97.0,99.0,101.0,104.0,108.0,111.0,115.0,116.0,119.0,125.0,136.0,inferred
Blackburn with Darwen,2021-05-28,73.0,82.0,88.0,90.0,92.0,96.0,99.0,103.0,106.0,108.0,111.0,117.0,124.0,inferred
Blackburn with Darwen,2021-05-29,60.0,67.0,72.0,74.0,75.0,78.0,81.0,84.0,87.0,89.0,91.0,97.1,107.0,inferred
Blackburn with Darwen,2021-05-30,75.0,83.0,88.0,89.0,91.0,95.0,98.0,102.0,105.0,107.0,109.0,115.0,124.5,inferred
Blackburn with Darwen,2021-05-31,100.0,112.0,118.0,120.0,122.0,126.0,131.0,135.0,139.0,142.0,144.0,152.0,162.5,inferred
Blackburn with Darwen,2021-06-01,106.0,114.9,121.0,123.0,125.0,129.0,134.0,138.4,143.0,145.2,149.0,156.0,167.5,inferred
Blackburn with Darwen,2021-06-02,108.0,118.0,125.0,128.0,130.0,135.0,139.0,142.0,147.0,150.0,152.0,159.0,170.0,inferred
Blackburn with Darwen,2021-06-03,105.0,115.0,121.0,123.8,126.0,130.0,134.0,138.0,143.0,145.0,148.0,154.0,164.5,inferred
Blackburn with Darwen,2021-06-04,94.0,103.0,109.0,111.0,114.0,117.0,121.0,125.0,129.0,131.0,134.0,140.0,151.0,inferred
Blackburn with Darwen,2021-06-05,75.0,82.0,87.0,89.0,91.0,94.0,97.0,101.0,105.0,107.0,109.0,114.0,125.0,inferred
Blackburn with Darwen,2021-06-06,90.5,98.0,104.0,106.0,108.0,112.0,115.0,119.0,124.0,126.0,128.0,134.0,145.0,inferred
Blackburn with Darwen,2021-06-07,117.0,128.0,135.0,138.0,140.0,144.0,149.0,153.0,159.0,161.0,164.0,172.0,183.0,inferred
Blackburn with Darwen,2021-06-08,117.0,126.9,133.0,136.0,138.0,143.0,147.0,151.0,156.0,159.0,161.2,169.0,181.0,inferred
Blackburn with Darwen,2021-06-09,115.0,124.0,131.0,133.8,136.0,140.0,144.0,148.0,153.0,156.0,158.2,165.1,177.0,inferred
Blackburn with Darwen,2021-06-10,104.0,114.0,120.0,123.0,126.0,130.0,133.0,138.0,142.0,144.0,146.0,154.0,167.0,inferred
Blackburn with Darwen,2021-06-11,90.0,99.0,104.0,107.0,109.0,113.0,117.0,120.0,124.0,126.0,129.0,135.0,146.0,inferred
Blackburn with Darwen,2021-06-12,67.0,74.0,79.0,81.0,83.0,86.0,90.0,92.4,96.0,98.0,100.0,105.0,115.0,inferred
Blackburn with Darwen,2021-06-13,77.0,85.0,90.0,92.0,94.0,98.0,101.0,104.0,108.0,110.0,112.2,119.0,130.0,inferred
Blackburn with Darwen,2021-06-14,99.0,109.0,115.0,118.0,120.0,124.0,128.0,132.0,137.0,139.0,141.0,148.0,160.0,inferred
Blackburn with Darwen,2021-06-15,95.5,105.0,112.0,114.0,116.0,120.0,124.0,128.0,132.0,135.0,137.0,144.0,155.0,inferred
Blackburn with Darwen,2021-06-16,93.0,103.0,109.0,111.0,113.0,117.0,121.0,125.0,129.0,131.0,134.0,140.0,151.0,inferred
Blackburn with Darwen,2021-06-17,85.0,94.0,100.8,103.0,105.0,109.0,112.0,116.0,120.0,122.0,125.0,132.0,144.0,inferred
Blackburn with Darwen,2021-06-18,71.0,79.0,85.0,87.0,89.0,93.0,97.0,100.0,104.0,106.0,109.0,115.0,127.0,inferred
Blackpool,2021-03-06,2.0,4.0,6.0,6.0,7.0,8.0,9.0,10.0,11.0,11.0,12.0,15.0,18.0,inferred
Blackpool,2021-03-07,3.0,5.0,6.0,7.0,7.0,8.0,9.0,10.0,12.0,12.0,13.0,15.0,19.0,inferred
Blackpool,2021-03-08,4.0,6.0,8.0,9.0,10.0,11.0,12.0,13.0,15.0,15.0,16.0,18.0,23.0,inferred
Blackpool,2021-03-09,4.0,6.0,7.0,8.0,9.0,10.0,11.0,12.0,13.0,14.0,15.0,18.0,22.0,inferred
Blackpool,2021-03-10,4.0,6.0,7.0,8.0,8.0,10.0,11.0,12.0,13.0,13.0,14.0,17.0,21.0,inferred
Blackpool,2021-03-11,3.0,5.0,7.0,7.0,8.0,9.0,10.0,11.0,12.0,13.0,14.0,16.0,20.0,inferred
Blackpool,2021-03-12,2.0,4.0,5.0,6.0,6.0,7.0,8.0,9.0,10.0,11.0,12.0,14.0,18.0,inferred
Blackpool,2021-03-13,1.0,3.0,4.0,4.0,5.0,5.0,6.0,7.0,8.0,9.0,9.0,11.0,14.0,inferred
Blackpool,2021-03-14,1.0,3.0,4.0,5.0,5.0,6.0,7.0,8.0,9.0,10.0,11.0,12.0,16.0,inferred
Blackpool,2021-03-15,2.0,4.0,6.0,6.0,7.0,8.0,9.0,10.0,11.0,12.0,12.0,15.0,19.0,inferred
Blackpool,2021-03-16,2.0,4.0,5.0,6.0,6.0,7.0,8.0,9.0,10.0,11.0,12.0,14.0,18.0,inferred
Blackpool,2021-03-17,2.0,4.0,5.0,6.0,6.0,7.0,8.0,9.0,11.0,11.0,12.0,14.0,18.0,inferred
Blackpool,2021-03-18,2.0,3.0,5.0,5.0,6.0,7.0,8.0,9.0,10.0,10.0,11.0,13.0,16.5,inferred
Blackpool,2021-03-19,2.0,3.0,4.0,4.0,5.0,6.0,6.0,7.0,8.0,9.0,10.0,12.0,15.0,inferred
Blackpool,2021-03-20,1.0,2.0,3.0,3.0,3.0,4.0,5.0,6.0,7.0,7.0,8.0,10.0,13.0,inferred
Blackpool,2021-03-21,1.0,2.0,3.0,4.0,4.0,5.0,6.0,6.0,7.0,8.0,9.0,11.0,15.0,inferred
Blackpool,2021-03-22,1.0,3.0,4.0,5.0,5.0,6.0,7.0,8.0,9.0,10.0,10.0,12.1,16.0,inferred
Blackpool,2021-03-23,1.0,3.0,4.0,4.0,5.0,6.0,7.0,8.0,9.0,10.0,10.0,12.0,15.0,inferred
Blackpool,2021-03-24,1.0,2.0,3.0,4.0,4.0,5.0,6.0,7.0,8.0,9.0,9.0,11.0,16.0,inferred
Blackpool,2021-03-25,1.0,2.0,3.0,3.0,4.0,5.0,5.0,6.0,7.0,8.0,9.0,10.0,13.0,inferred
Blackpool,2021-03-26,0.0,1.0,2.0,3.0,3.0,4.0,4.0,5.0,6.0,7.0,7.0,9.0,12.0,inferred
Blackpool,2021-03-27,0.0,1.0,2.0,2.0,2.0,3.0,3.0,4.0,5.0,5.0,6.0,7.0,10.0,inferred
Blackpool,2021-03-28,0.0,1.0,2.0,2.0,2.0,3.0,4.0,4.0,5.0,6.0,6.0,8.0,10.5,inferred
Blackpool,2021-03-29,0.0,1.0,2.0,3.0,3.0,4.0,4.0,5.0,6.0,6.0,7.0,9.0,11.0,inferred
Blackpool,2021-03-30,0.0,1.0,2.0,3.0,3.0,4.0,4.0,5.0,6.0,6.0,7.0,9.0,12.0,inferred
Blackpool,2021-03-31,0.0,1.0,2.0,2.0,3.0,3.0,4.0,5.0,6.0,6.0,7.0,9.0,11.5,inferred
Blackpool,2021-04-01,0.0,1.0,2.0,2.0,2.0,3.0,3.0,4.0,5.0,5.0,6.0,7.0,11.0,inferred
Blackpool,2021-04-02,0.0,1.0,1.0,2.0,2.0,2.0,3.0,4.0,4.0,5.0,5.0,7.0,9.0,inferred
Blackpool,2021-04-03,0.0,0.0,1.0,1.0,1.0,2.0,2.0,3.0,3.0,4.0,4.0,5.0,8.0,inferred
Blackpool,2021-04-04,0.0,0.0,1.0,1.0,1.0,2.0,2.0,3.0,4.0,4.0,4.0,6.0,8.5,inferred
Blackpool,2021-04-05,0.0,1.0,1.0,2.0,2.0,2.0,3.0,4.0,4.0,5.0,5.0,7.0,10.0,inferred
Blackpool,2021-04-06,0.0,1.0,1.0,1.0,2.0,2.0,3.0,3.0,4.0,5.0,5.0,7.0,9.0,inferred
Blackpool,2021-04-07,0.0,1.0,1.0,1.0,2.0,2.0,3.0,3.0,4.0,5.0,5.0,7.0,9.0,inferred
Blackpool,2021-04-08,0.0,0.0,1.0,1.0,2.0,2.0,3.0,3.0,4.0,4.0,5.0,6.0,9.0,inferred
Blackpool,2021-04-09,0.0,0.0,1.0,1.0,1.0,2.0,2.0,3.0,3.0,4.0,4.0,6.0,8.0,inferred
Blackpool,2021-04-10,0.0,0.0,0.0,1.0,1.0,1.0,2.0,2.0,3.0,3.0,3.0,5.0,7.0,inferred
Blackpool,2021-04-11,0.0,0.0,0.0,1.0,1.0,1.0,2.0,2.0,3.0,3.0,4.0,5.0,8.0,inferred
Blackpool,2021-04-12,0.0,0.0,1.0,1.0,1.0,2.0,2.0,3.0,4.0,4.0,5.0,6.0,8.0,inferred
Blackpool,2021-04-13,0.0,0.0,1.0,1.0,1.0,2.0,2.0,3.0,4.0,4.0,5.0,6.0,9.0,inferred
Blackpool,2021-04-14,0.0,0.0,1.0,1.0,1.0,2.0,2.0,3.0,4.0,4.0,5.0,6.0,9.0,inferred
Blackpool,2021-04-15,0.0,0.0,1.0,1.0,1.0,2.0,2.0,3.0,4.0,4.0,4.0,6.0,8.0,inferred
Blackpool,2021-04-16,0.0,0.0,1.0,1.0,1.0,1.0,2.0,2.0,3.0,3.0,4.0,5.0,8.0,inferred
Blackpool,2021-04-17,0.0,0.0,0.0,0.0,1.0,1.0,1.0,2.0,2.0,3.0,3.0,4.0,6.0,inferred
Blackpool,2021-04-18,0.0,0.0,0.0,1.0,1.0,1.0,2.0,2.0,3.0,3.0,3.0,5.0,7.0,inferred
Blackpool,2021-04-19,0.0,0.0,1.0,1.0,1.0,2.0,2.0,3.0,3.0,4.0,4.0,6.0,8.0,inferred
Blackpool,2021-04-20,0.0,0.0,1.0,1.0,1.0,2.0,2.0,3.0,4.0,4.0,4.0,6.0,8.0,inferred
Blackpool,2021-04-21,0.0,0.0,1.0,1.0,1.0,2.0,2.0,3.0,3.0,4.0,4.0,6.0,8.0,inferred
Blackpool,2021-04-22,0.0,0.0,1.0,1.0,1.0,2.0,2.0,3.0,3.0,4.0,4.0,6.0,8.0,inferred
Blackpool,2021-04-23,0.0,0.0,1.0,1.0,1.0,1.0,2.0,2.0,3.0,3.0,4.0,5.0,7.0,inferred
Blackpool,2021-04-24,0.0,0.0,0.0,1.0,1.0,1.0,2.0,2.0,3.0,3.0,3.0,5.0,7.0,inferred
Blackpool,2021-04-25,0.0,0.0,0.0,1.0,1.0,1.0,2.0,2.0,3.0,3.0,4.0,5.0,7.0,inferred
Blackpool,2021-04-26,0.0,0.0,1.0,1.0,1.0,2.0,2.0,3.0,4.0,4.0,5.0,6.0,9.0,inferred
Blackpool,2021-04-27,0.0,0.0,1.0,1.0,1.0,2.0,2.0,3.0,4.0,4.0,5.0,6.0,8.0,inferred
Blackpool,2021-04-28,0.0,0.0,1.0,1.0,2.0,2.0,3.0,3.0,4.0,4.0,5.0,6.0,9.0,inferred
Blackpool,2021-04-29,0.0,0.0,1.0,1.0,2.0,2.0,3.0,3.0,4.0,5.0,5.0,7.0,10.0,inferred
Blackpool,2021-04-30,0.0,0.0,1.0,1.0,2.0,2.0,3.0,3.0,4.0,4.0,5.0,6.0,9.0,inferred
Blackpool,2021-05-01,0.0,0.0,1.0,1.0,1.0,2.0,2.0,3.0,3.0,4.0,4.0,6.0,8.0,inferred
Blackpool,2021-05-02,0.0,1.0,1.0,2.0,2.0,2.0,3.0,3.0,4.0,5.0,5.0,6.0,9.0,inferred
Blackpool,2021-05-03,0.0,1.0,2.0,2.0,3.0,3.0,4.0,5.0,6.0,6.0,7.0,8.0,11.0,inferred
Blackpool,2021-05-04,0.0,1.0,2.0,2.0,3.0,3.0,4.0,5.0,6.0,6.0,7.0,9.0,12.0,inferred
Blackpool,2021-05-05,0.0,1.0,2.0,3.0,3.0,4.0,5.0,5.0,6.0,7.0,7.0,9.0,12.0,inferred
Blackpool,2021-05-06,0.0,1.0,2.0,3.0,3.0,4.0,4.0,5.0,6.0,7.0,7.0,9.0,12.0,inferred
Blackpool,2021-05-07,0.0,1.0,2.0,2.0,3.0,3.0,4.0,5.0,5.0,6.0,6.0,8.0,11.0,inferred
Blackpool,2021-05-08,0.0,1.0,1.0,2.0,2.0,2.0,3.0,4.0,4.3,5.0,6.0,7.0,10.0,inferred
Blackpool,2021-05-09,0.0,1.0,2.0,2.0,3.0,3.0,4.0,5.0,5.0,6.0,6.0,8.0,11.0,inferred
Blackpool,2021-05-10,1.0,2.0,3.0,3.0,4.0,4.0,5.0,6.0,7.0,8.0,8.0,10.0,13.0,inferred
Blackpool,2021-05-11,1.0,2.0,3.0,3.0,4.0,4.0,5.0,6.0,7.0,7.0,8.0,10.0,13.0,inferred
Blackpool,2021-05-12,1.0,2.0,3.0,3.0,3.0,4.0,5.0,6.0,7.0,7.0,8.0,10.0,13.0,inferred
Blackpool,2021-05-13,0.0,1.0,2.0,3.0,3.0,4.0,5.0,5.0,6.0,7.0,8.0,10.0,13.0,inferred
Blackpool,2021-05-14,0.0,1.0,2.0,2.0,3.0,3.0,4.0,5.0,6.0,6.0,7.0,8.0,11.5,inferred
Blackpool,2021-05-15,0.0,1.0,1.0,2.0,2.0,2.0,3.0,4.0,4.0,5.0,6.0,7.0,10.0,inferred
Blackpool,2021-05-16,0.0,1.0,1.0,2.0,2.0,3.0,4.0,4.0,5.0,5.0,6.0,7.1,10.0,inferred
Blackpool,2021-05-17,0.0,1.0,2.0,3.0,3.0,4.0,4.0,5.0,6.0,7.0,7.0,9.0,12.0,inferred
Blackpool,2021-05-18,1.0,1.9,2.0,3.0,3.0,4.0,5.0,5.0,6.0,7.0,8.0,9.0,12.0,inferred
Blackpool,2021-05-19,0.5,2.0,3.0,3.0,4.0,4.0,5.0,6.0,7.0,7.0,8.0,10.0,13.0,inferred
Blackpool,2021-05-20,1.0,2.0,3.0,3.0,4.0,4.0,5.0,6.0,7.0,7.0,8.0,10.0,13.0,inferred
Blackpool,2021-05-21,0.0,2.0,3.0,3.0,3.0,4.0,5.0,5.0,6.0,7.0,7.0,9.0,12.0,inferred
Blackpool,2021-05-22,0.0,1.0,2.0,2.0,3.0,3.0,4.0,5.0,6.0,6.0,7.0,9.0,12.0,inferred
Blackpool,2021-05-23,1.0,2.0,3.0,3.0,4.0,4.0,5.0,6.0,7.0,7.0,8.0,10.0,13.0,inferred
Blackpool,2021-05-24,1.0,3.0,4.0,5.0,5.0,6.0,7.0,8.0,10.0,10.0,11.0,13.0,17.0,inferred
Blackpool,2021-05-25,2.0,4.0,5.0,6.0,6.0,7.0,8.0,9.0,11.0,11.0,12.0,14.0,18.0,inferred
Blackpool,2021-05-26,3.0,5.0,6.0,7.0,7.0,8.0,9.0,10.0,12.0,13.0,13.0,16.0,19.0,inferred
Blackpool,2021-05-27,3.0,5.0,7.0,8.0,8.0,9.0,10.0,11.0,13.0,13.0,14.0,17.0,21.0,inferred
Blackpool,2021-05-28,3.0,5.0,7.0,7.0,8.0,9.0,10.0,11.0,13.0,13.2,14.0,17.0,21.0,inferred
Blackpool,2021-05-29,3.0,5.0,6.0,7.0,7.0,8.0,9.0,10.0,12.0,12.0,13.0,15.0,19.0,inferred
Blackpool,2021-05-30,4.0,6.0,9.0,9.0,10.0,11.0,12.0,14.0,15.0,16.0,17.0,19.0,23.0,inferred
Blackpool,2021-05-31,8.0,11.0,13.0,14.0,15.0,16.0,18.0,20.0,21.0,22.0,23.0,27.0,33.0,inferred
Blackpool,2021-06-01,9.5,13.0,15.0,16.0,17.0,19.0,20.0,22.0,24.0,25.0,26.0,29.0,34.5,inferred
Blackpool,2021-06-02,12.0,15.0,18.0,19.0,20.0,21.0,23.0,25.0,27.0,28.0,29.0,33.0,39.0,inferred
Blackpool,2021-06-03,12.0,17.0,19.0,20.0,21.0,23.0,25.0,27.0,29.0,30.0,31.0,35.0,42.0,inferred
Blackpool,2021-06-04,13.5,16.0,19.0,20.0,21.0,23.0,25.0,27.0,29.0,30.0,31.0,34.0,40.0,inferred
Blackpool,2021-06-05,11.0,14.0,17.0,18.0,18.0,20.0,22.0,23.0,25.0,26.0,28.0,30.0,36.5,inferred
Blackpool,2021-06-06,15.0,20.0,23.0,24.0,25.0,27.0,28.0,30.0,32.0,33.0,35.0,38.0,46.0,inferred
Blackpool,2021-06-07,23.0,30.0,33.8,35.0,37.0,39.0,41.0,43.0,46.0,47.0,49.0,54.0,61.0,inferred
Blackpool,2021-06-08,27.0,33.0,37.0,38.0,40.0,42.0,44.0,47.0,49.0,50.0,52.0,57.0,65.0,inferred
Blackpool,2021-06-09,30.0,36.0,39.0,41.0,42.0,45.0,47.0,50.0,52.0,54.0,56.0,60.0,67.5,inferred
Blackpool,2021-06-10,31.0,37.0,40.0,41.8,43.0,45.0,48.0,50.0,52.0,54.0,56.0,60.0,69.0,inferred
Blackpool,2021-06-11,29.0,34.0,38.0,39.0,41.0,42.0,44.0,47.0,49.0,51.0,52.0,57.0,63.0,inferred
Blackpool,2021-06-12,23.0,27.9,31.0,32.0,33.0,35.0,37.0,40.0,42.0,44.0,45.0,49.0,56.5,inferred
Blackpool,2021-06-13,30.0,35.0,39.0,41.0,42.0,44.0,47.0,49.0,52.0,53.0,55.0,59.0,66.0,inferred
Blackpool,2021-06-14,43.0,49.0,54.0,56.0,57.0,60.0,63.0,66.0,69.0,71.0,72.0,79.0,87.0,inferred
Blackpool,2021-06-15,43.0,52.0,55.0,58.0,60.0,62.0,65.0,68.0,72.0,74.0,76.0,82.0,91.0,inferred
Blackpool,2021-06-16,47.0,53.0,58.0,61.0,62.0,65.0,68.0,71.0,74.0,76.0,78.0,85.0,95.0,inferred
Blackpool,2021-06-17,45.0,52.0,57.0,59.0,61.0,64.0,68.0,70.0,73.0,75.0,78.0,83.0,91.0,inferred
Blackpool,2021-06-18,40.0,47.0,52.0,54.0,56.0,59.0,62.0,65.0,68.0,70.0,73.0,78.0,87.0,inferred
Blaenau Gwent,2021-03-06,0.0,1.0,2.0,2.0,2.0,3.0,3.0,4.0,5.0,5.0,5.2,7.0,9.0,inferred
Blaenau Gwent,2021-03-07,0.0,1.0,2.0,2.0,2.0,3.0,4.0,4.0,5.0,5.0,6.0,7.0,10.0,inferred
Blaenau Gwent,2021-03-08,1.0,2.0,3.0,3.0,4.0,4.0,5.0,6.0,7.0,7.0,8.0,10.0,12.0,inferred
Blaenau Gwent,2021-03-09,1.0,2.0,3.0,3.0,4.0,4.0,5.0,6.0,7.0,7.0,8.0,9.0,12.0,inferred
Blaenau Gwent,2021-03-10,1.0,2.0,3.0,4.0,4.0,5.0,6.0,6.0,7.0,8.0,8.0,10.0,13.0,inferred
Blaenau Gwent,2021-03-11,1.0,2.0,3.0,4.0,4.0,5.0,5.5,6.0,7.0,8.0,8.0,10.0,13.0,inferred
Blaenau Gwent,2021-03-12,1.0,2.0,3.0,3.0,3.0,4.0,5.0,6.0,6.0,7.0,8.0,9.0,12.0,inferred
Blaenau Gwent,2021-03-13,0.0,1.0,2.0,3.0,3.0,4.0,4.0,5.0,6.0,6.0,7.0,8.0,10.5,inferred
Blaenau Gwent,2021-03-14,0.0,1.0,2.0,3.0,3.0,4.0,5.0,5.0,6.0,6.0,7.0,9.0,11.0,inferred
Blaenau Gwent,2021-03-15,1.0,3.0,4.0,4.0,4.0,5.0,6.0,7.0,8.0,8.0,9.0,11.0,14.0,inferred
Blaenau Gwent,2021-03-16,1.0,2.0,3.0,3.0,4.0,5.0,5.0,6.0,7.0,7.0,8.0,10.0,13.5,inferred
Blaenau Gwent,2021-03-17,1.0,2.0,3.0,4.0,4.0,5.0,6.0,6.0,7.0,8.0,9.0,10.0,14.0,inferred
Blaenau Gwent,2021-03-18,1.0,2.0,3.0,4.0,4.0,5.0,5.0,6.0,7.0,8.0,8.0,10.0,13.0,inferred
Blaenau Gwent,2021-03-19,0.0,1.0,2.0,3.0,3.0,4.0,5.0,5.0,6.0,7.0,7.0,9.0,11.0,inferred
Blaenau Gwent,2021-03-20,0.0,1.0,2.0,2.0,2.0,3.0,3.0,4.0,5.0,5.0,6.0,7.0,10.0,inferred
Blaenau Gwent,2021-03-21,0.0,1.0,2.0,2.0,2.0,3.0,3.0,4.0,5.0,5.0,6.0,7.0,10.0,inferred
Blaenau Gwent,2021-03-22,0.0,1.0,2.0,3.0,3.0,4.0,4.0,5.0,6.0,6.0,7.0,8.0,11.0,inferred
Blaenau Gwent,2021-03-23,0.0,1.0,2.0,2.0,2.0,3.0,3.5,4.0,5.0,5.0,6.0,7.0,10.0,inferred
Blaenau Gwent,2021-03-24,0.0,1.0,2.0,2.0,2.0,3.0,3.0,4.0,5.0,5.0,6.0,7.0,10.0,inferred
Blaenau Gwent,2021-03-25,0.0,1.0,1.0,2.0,2.0,2.0,3.0,4.0,4.0,5.0,5.0,7.0,9.0,inferred
Blaenau Gwent,2021-03-26,0.0,0.0,1.0,1.0,1.0,2.0,2.0,3.0,4.0,4.0,4.0,6.0,8.0,inferred
Blaenau Gwent,2021-03-27,0.0,0.0,0.0,1.0,1.0,1.0,2.0,2.0,3.0,3.0,4.0,5.0,7.0,inferred
Blaenau Gwent,2021-03-28,0.0,0.0,0.0,1.0,1.0,1.0,2.0,2.0,3.0,3.0,3.0,4.0,6.0,inferred
Blaenau Gwent,2021-03-29,0.0,0.0,1.0,1.0,1.0,2.0,2.0,3.0,3.0,4.0,4.0,5.0,7.0,inferred
Blaenau Gwent,2021-03-30,0.0,0.0,0.0,1.0,1.0,1.0,2.0,2.0,3.0,3.0,3.0,4.0,6.0,inferred
Blaenau Gwent,2021-03-31,0.0,0.0,1.0,1.0,1.0,1.0,2.0,2.0,3.0,3.0,4.0,5.0,7.0,inferred
Blaenau Gwent,2021-04-01,0.0,0.0,0.0,1.0,1.0,1.0,2.0,2.0,3.0,3.0,3.0,4.0,6.0,inferred
Blaenau Gwent,2021-04-02,0.0,0.0,0.0,0.0,0.0,1.0,1.0,2.0,2.0,2.0,3.0,4.0,6.0,inferred
Blaenau Gwent,2021-04-03,0.0,0.0,0.0,0.0,0.0,0.0,1.0,1.0,1.3,2.0,2.0,3.0,5.0,inferred
Blaenau Gwent,2021-04-04,0.0,0.0,0.0,0.0,0.0,1.0,1.0,1.0,2.0,2.0,2.0,3.0,5.0,inferred
Blaenau Gwent,2021-04-05,0.0,0.0,0.0,0.0,0.0,1.0,1.0,2.0,2.0,2.0,3.0,3.0,5.0,inferred
Blaenau Gwent,2021-04-06,0.0,0.0,0.0,0.0,0.0,1.0,1.0,1.0,2.0,2.0,2.0,3.0,5.0,inferred
Blaenau Gwent,2021-04-07,0.0,0.0,0.0,0.0,0.0,1.0,1.0,1.0,2.0,2.0,2.0,3.0,5.0,inferred
Blaenau Gwent,2021-04-08,0.0,0.0,0.0,0.0,0.0,0.0,1.0,1.0,2.0,2.0,2.0,3.0,5.0,inferred
Blaenau Gwent,2021-04-09,0.0,0.0,0.0,0.0,0.0,0.0,1.0,1.0,1.0,2.0,2.0,3.0,4.0,inferred
Blaenau Gwent,2021-04-10,0.0,0.0,0.0,0.0,0.0,0.0,0.0,1.0,1.0,1.0,1.0,2.0,4.0,inferred
Blaenau Gwent,2021-04-11,0.0,0.0,0.0,0.0,0.0,0.0,0.0,0.4,1.0,1.0,1.0,2.0,4.0,inferred
Blaenau Gwent,2021-04-12,0.0,0.0,0.0,0.0,0.0,0.0,0.0,1.0,1.0,1.0,2.0,2.0,4.0,inferred
Blaenau Gwent,2021-04-13,0.0,0.0,0.0,0.0,0.0,0.0,0.0,1.0,1.0,1.0,1.0,2.0,4.0,inferred
Blaenau Gwent,2021-04-14,0.0,0.0,0.0,0.0,0.0,0.0,0.0,1.0,1.0,1.0,2.0,2.0,4.0,inferred
Blaenau Gwent,2021-04-15,0.0,0.0,0.0,0.0,0.0,0.0,0.0,1.0,1.0,1.0,1.0,2.0,4.0,inferred
Blaenau Gwent,2021-04-16,0.0,0.0,0.0,0.0,0.0,0.0,0.0,0.0,1.0,1.0,1.0,2.0,4.0,inferred
Blaenau Gwent,2021-04-17,0.0,0.0,0.0,0.0,0.0,0.0,0.0,0.0,1.0,1.0,1.0,2.0,3.0,inferred
Blaenau Gwent,2021-04-18,0.0,0.0,0.0,0.0,0.0,0.0,0.0,0.0,1.0,1.0,1.0,2.0,3.0,inferred
Blaenau Gwent,2021-04-19,0.0,0.0,0.0,0.0,0.0,0.0,0.0,1.0,1.0,1.0,1.0,2.0,4.0,inferred
Blaenau Gwent,2021-04-20,0.0,0.0,0.0,0.0,0.0,0.0,0.0,0.4,1.0,1.0,1.0,2.0,3.0,inferred
Blaenau Gwent,2021-04-21,0.0,0.0,0.0,0.0,0.0,0.0,0.0,1.0,1.0,1.0,1.0,2.0,4.0,inferred
Blaenau Gwent,2021-04-22,0.0,0.0,0.0,0.0,0.0,0.0,0.0,1.0,1.0,1.0,1.0,2.0,4.0,inferred
Blaenau Gwent,2021-04-23,0.0,0.0,0.0,0.0,0.0,0.0,0.0,0.0,1.0,1.0,1.0,2.0,3.0,inferred
Blaenau Gwent,2021-04-24,0.0,0.0,0.0,0.0,0.0,0.0,0.0,0.0,0.0,1.0,1.0,2.0,3.0,inferred
Blaenau Gwent,2021-04-25,0.0,0.0,0.0,0.0,0.0,0.0,0.0,0.0,1.0,1.0,1.0,2.0,3.0,inferred
Blaenau Gwent,2021-04-26,0.0,0.0,0.0,0.0,0.0,0.0,0.0,0.0,1.0,1.0,1.0,2.0,3.0,inferred
Blaenau Gwent,2021-04-27,0.0,0.0,0.0,0.0,0.0,0.0,0.0,0.0,1.0,1.0,1.0,2.0,3.0,inferred
Blaenau Gwent,2021-04-28,0.0,0.0,0.0,0.0,0.0,0.0,0.0,0.0,1.0,1.0,1.0,2.0,3.0,inferred
Blaenau Gwent,2021-04-29,0.0,0.0,0.0,0.0,0.0,0.0,0.0,0.0,1.0,1.0,1.0,2.0,3.0,inferred
Blaenau Gwent,2021-04-30,0.0,0.0,0.0,0.0,0.0,0.0,0.0,0.0,1.0,1.0,1.0,2.0,3.0,inferred
Blaenau Gwent,2021-05-01,0.0,0.0,0.0,0.0,0.0,0.0,0.0,0.0,0.0,1.0,1.0,1.0,3.0,inferred
Blaenau Gwent,2021-05-02,0.0,0.0,0.0,0.0,0.0,0.0,0.0,0.0,0.0,1.0,1.0,1.0,3.0,inferred
Blaenau Gwent,2021-05-03,0.0,0.0,0.0,0.0,0.0,0.0,0.0,0.0,1.0,1.0,1.0,2.0,4.0,inferred
Blaenau Gwent,2021-05-04,0.0,0.0,0.0,0.0,0.0,0.0,0.0,0.0,1.0,1.0,1.0,2.0,3.0,inferred
Blaenau Gwent,2021-05-05,0.0,0.0,0.0,0.0,0.0,0.0,0.0,0.0,1.0,1.0,1.0,2.0,4.0,inferred
Blaenau Gwent,2021-05-06,0.0,0.0,0.0,0.0,0.0,0.0,0.0,0.0,1.0,1.0,1.0,2.0,4.0,inferred
Blaenau Gwent,2021-05-07,0.0,0.0,0.0,0.0,0.0,0.0,0.0,0.0,1.0,1.0,1.0,2.0,3.0,inferred
Blaenau Gwent,2021-05-08,0.0,0.0,0.0,0.0,0.0,0.0,0.0,0.0,0.0,1.0,1.0,1.0,3.0,inferred
Blaenau Gwent,2021-05-09,0.0,0.0,0.0,0.0,0.0,0.0,0.0,0.0,1.0,1.0,1.0,2.0,3.0,inferred
Blaenau Gwent,2021-05-10,0.0,0.0,0.0,0.0,0.0,0.0,0.0,1.0,1.0,1.0,1.0,2.0,4.0,inferred
Blaenau Gwent,2021-05-11,0.0,0.0,0.0,0.0,0.0,0.0,0.0,0.0,1.0,1.0,1.0,2.0,4.0,inferred
Blaenau Gwent,2021-05-12,0.0,0.0,0.0,0.0,0.0,0.0,0.0,1.0,1.0,1.0,1.0,2.0,4.0,inferred
Blaenau Gwent,2021-05-13,0.0,0.0,0.0,0.0,0.0,0.0,0.0,1.0,1.0,1.0,1.0,2.0,4.0,inferred
Blaenau Gwent,2021-05-14,0.0,0.0,0.0,0.0,0.0,0.0,0.0,0.0,1.0,1.0,1.0,2.0,4.0,inferred
Blaenau Gwent,2021-05-15,0.0,0.0,0.0,0.0,0.0,0.0,0.0,0.0,1.0,1.0,1.0,2.0,3.0,inferred
Blaenau Gwent,2021-05-16,0.0,0.0,0.0,0.0,0.0,0.0,0.0,0.0,1.0,1.0,1.0,2.0,3.0,inferred
Blaenau Gwent,2021-05-17,0.0,0.0,0.0,0.0,0.0,0.0,0.0,1.0,1.0,1.0,1.0,2.0,4.0,inferred
Blaenau Gwent,2021-05-18,0.0,0.0,0.0,0.0,0.0,0.0,0.0,0.0,1.0,1.0,1.0,2.0,3.0,inferred
Blaenau Gwent,2021-05-19,0.0,0.0,0.0,0.0,0.0,0.0,0.0,1.0,1.0,1.0,1.0,2.0,4.0,inferred
Blaenau Gwent,2021-05-20,0.0,0.0,0.0,0.0,0.0,0.0,0.0,1.0,1.0,1.0,1.0,2.0,4.0,inferred
Blaenau Gwent,2021-05-21,0.0,0.0,0.0,0.0,0.0,0.0,0.0,0.0,1.0,1.0,1.0,2.0,3.0,inferred
Blaenau Gwent,2021-05-22,0.0,0.0,0.0,0.0,0.0,0.0,0.0,0.0,0.0,1.0,1.0,1.0,3.0,inferred
Blaenau Gwent,2021-05-23,0.0,0.0,0.0,0.0,0.0,0.0,0.0,0.0,1.0,1.0,1.0,2.0,3.0,inferred
Blaenau Gwent,2021-05-24,0.0,0.0,0.0,0.0,0.0,0.0,0.0,0.0,1.0,1.0,1.0,2.0,4.0,inferred
Blaenau Gwent,2021-05-25,0.0,0.0,0.0,0.0,0.0,0.0,0.0,0.0,1.0,1.0,1.0,2.0,3.0,inferred
Blaenau Gwent,2021-05-26,0.0,0.0,0.0,0.0,0.0,0.0,0.0,1.0,1.0,1.0,1.0,2.0,4.0,inferred
Blaenau Gwent,2021-05-27,0.0,0.0,0.0,0.0,0.0,0.0,0.0,0.0,1.0,1.0,1.0,2.0,3.0,inferred
Blaenau Gwent,2021-05-28,0.0,0.0,0.0,0.0,0.0,0.0,0.0,0.0,1.0,1.0,1.0,2.0,3.0,inferred
Blaenau Gwent,2021-05-29,0.0,0.0,0.0,0.0,0.0,0.0,0.0,0.0,0.0,1.0,1.0,1.0,3.0,inferred
Blaenau Gwent,2021-05-30,0.0,0.0,0.0,0.0,0.0,0.0,0.0,0.0,1.0,1.0,1.0,2.0,3.0,inferred
Blaenau Gwent,2021-05-31,0.0,0.0,0.0,0.0,0.0,0.0,0.0,1.0,1.0,1.0,1.0,2.0,4.0,inferred
Blaenau Gwent,2021-06-01,0.0,0.0,0.0,0.0,0.0,0.0,0.0,1.0,1.0,1.0,1.0,2.0,4.0,inferred
Blaenau Gwent,2021-06-02,0.0,0.0,0.0,0.0,0.0,0.0,0.0,1.0,1.0,1.0,1.0,2.0,4.0,inferred
Blaenau Gwent,2021-06-03,0.0,0.0,0.0,0.0,0.0,0.0,0.0,1.0,1.0,1.0,2.0,2.0,4.0,inferred
Blaenau Gwent,2021-06-04,0.0,0.0,0.0,0.0,0.0,0.0,0.0,1.0,1.0,1.0,1.0,2.0,4.0,inferred
Blaenau Gwent,2021-06-05,0.0,0.0,0.0,0.0,0.0,0.0,0.0,0.0,1.0,1.0,1.0,2.0,3.0,inferred
Blaenau Gwent,2021-06-06,0.0,0.0,0.0,0.0,0.0,0.0,0.0,1.0,1.0,1.0,1.0,2.0,3.0,inferred
Blaenau Gwent,2021-06-07,0.0,0.0,0.0,0.0,0.0,0.0,1.0,1.0,1.0,2.0,2.0,3.0,5.0,inferred
Blaenau Gwent,2021-06-08,0.0,0.0,0.0,0.0,0.0,0.0,0.0,1.0,1.0,1.0,2.0,3.0,4.0,inferred
Blaenau Gwent,2021-06-09,0.0,0.0,0.0,0.0,0.0,0.0,1.0,1.0,1.0,2.0,2.0,3.0,4.0,inferred
Blaenau Gwent,2021-06-10,0.0,0.0,0.0,0.0,0.0,0.0,1.0,1.0,1.0,2.0,2.0,3.0,5.0,inferred
Blaenau Gwent,2021-06-11,0.0,0.0,0.0,0.0,0.0,0.0,1.0,1.0,1.0,1.0,2.0,3.0,4.0,inferred
Blaenau Gwent,2021-06-12,0.0,0.0,0.0,0.0,0.0,0.0,0.0,1.0,1.0,1.0,2.0,2.0,4.0,inferred
Blaenau Gwent,2021-06-13,0.0,0.0,0.0,0.0,0.0,0.0,0.0,1.0,1.0,1.0,2.0,2.0,4.0,inferred
Blaenau Gwent,2021-06-14,0.0,0.0,0.0,0.0,0.0,0.0,1.0,1.0,2.0,2.0,2.0,3.0,5.0,inferred
Blaenau Gwent,2021-06-15,0.0,0.0,0.0,0.0,0.0,0.0,1.0,1.0,1.0,2.0,2.0,3.0,5.0,inferred
Blaenau Gwent,2021-06-16,0.0,0.0,0.0,0.0,0.0,1.0,1.0,1.0,2.0,2.0,2.0,3.0,5.0,inferred
Blaenau Gwent,2021-06-17,0.0,0.0,0.0,0.0,0.0,1.0,1.0,1.0,2.0,2.0,2.0,4.0,6.0,inferred
Blaenau Gwent,2021-06-18,0.0,0.0,0.0,0.0,0.0,0.0,1.0,1.0,2.0,2.0,2.0,3.0,5.5,inferred
Bolsover,2021-03-06,1.0,2.0,3.0,4.0,4.0,5.0,6.0,7.0,8.0,9.0,10.0,12.0,16.5,inferred
Bolsover,2021-03-07,2.0,3.0,5.0,5.0,6.0,7.0,8.0,9.0,10.0,11.0,12.0,14.0,19.5,inferred
Bolsover,2021-03-08,3.0,5.0,7.0,8.0,8.0,10.0,11.0,12.0,14.0,15.0,16.0,18.0,23.0,inferred
Bolsover,2021-03-09,3.0,5.0,7.0,8.0,8.0,9.0,11.0,12.0,14.0,14.0,16.0,18.0,23.0,inferred
Bolsover,2021-03-10,3.0,5.9,7.0,8.0,8.0,10.0,11.0,12.0,14.0,15.0,16.0,18.0,24.5,inferred
Bolsover,2021-03-11,3.0,5.0,6.0,7.0,7.7,9.0,10.0,11.0,13.0,14.0,15.0,17.0,22.0,inferred
Bolsover,2021-03-12,2.0,4.0,5.0,6.0,6.0,8.0,9.0,10.0,11.0,12.0,13.0,16.0,19.0,inferred
Bolsover,2021-03-13,1.0,2.0,3.0,4.0,4.0,5.0,6.0,7.0,8.0,9.0,10.0,13.0,17.0,inferred
Bolsover,2021-03-14,1.0,3.0,4.0,5.0,5.0,6.0,7.5,9.0,10.0,11.0,11.0,14.0,18.0,inferred
Bolsover,2021-03-15,2.0,4.0,6.0,6.0,7.0,8.0,9.0,11.0,12.0,13.0,14.0,17.0,22.0,inferred
Bolsover,2021-03-16,2.0,4.0,5.0,6.0,6.0,8.0,9.0,10.0,11.0,12.0,13.0,15.0,20.0,inferred
Bolsover,2021-03-17,2.0,4.0,5.0,6.0,6.0,8.0,9.0,10.0,11.0,12.2,14.0,16.0,21.0,inferred
Bolsover,2021-03-18,1.0,3.0,4.0,5.0,5.0,6.0,7.0,8.0,10.0,11.0,12.0,14.0,19.0,inferred
Bolsover,2021-03-19,1.0,2.0,3.0,4.0,4.0,5.0,6.0,7.0,8.0,9.0,10.0,12.0,16.0,inferred
Bolsover,2021-03-20,0.0,1.0,2.0,3.0,3.0,4.0,5.0,5.0,7.0,7.0,8.0,10.0,13.5,inferred
Bolsover,2021-03-21,0.0,1.0,3.0,3.0,3.0,4.0,5.0,6.0,7.0,8.0,8.0,11.0,15.0,inferred
Bolsover,2021-03-22,1.0,2.0,3.0,4.0,4.0,5.0,6.0,7.0,8.0,9.0,10.0,12.0,17.0,inferred
Bolsover,2021-03-23,0.0,2.0,3.0,3.0,3.0,4.0,5.0,6.0,7.0,8.0,9.0,11.0,15.0,inferred
Bolsover,2021-03-24,0.0,2.0,3.0,3.0,4.0,4.0,5.0,6.0,7.0,8.0,9.0,11.0,15.0,inferred
Bolsover,2021-03-25,0.0,1.0,2.0,3.0,3.0,4.0,4.0,5.0,6.0,7.0,8.0,10.0,13.0,inferred
Bolsover,2021-03-26,0.0,1.0,2.0,2.0,2.0,3.0,4.0,5.0,6.0,6.0,7.0,9.0,13.5,inferred
Bolsover,2021-03-27,0.0,0.0,1.0,1.0,2.0,2.0,3.0,4.0,5.0,5.0,6.0,7.0,11.0,inferred
Bolsover,2021-03-28,0.0,0.0,1.0,1.0,2.0,2.0,3.0,4.0,5.0,6.0,6.0,8.0,11.0,inferred
Bolsover,2021-03-29,0.0,1.0,2.0,2.0,3.0,3.0,4.0,5.0,6.0,7.0,7.0,9.0,14.0,inferred
Bolsover,2021-03-30,0.0,1.0,1.0,2.0,2.0,3.0,4.0,5.0,6.0,6.0,7.0,9.0,13.0,inferred
Bolsover,2021-03-31,0.0,1.0,2.0,2.0,2.0,3.0,4.0,4.4,5.0,6.0,7.0,9.0,12.0,inferred
Bolsover,2021-04-01,0.0,0.0,1.0,1.8,2.0,2.0,3.0,4.0,5.0,6.0,6.0,8.0,12.0,inferred
Bolsover,2021-04-02,0.0,0.0,1.0,1.0,1.0,2.0,3.0,3.0,4.0,5.0,5.0,7.0,10.0,inferred
Bolsover,2021-04-03,0.0,0.0,0.8,1.0,1.0,1.0,2.0,3.0,3.0,4.0,4.0,6.0,9.0,inferred
Bolsover,2021-04-04,0.0,0.0,1.0,1.0,1.0,2.0,2.0,3.0,4.0,4.0,5.0,6.0,10.0,inferred
Bolsover,2021-04-05,0.0,0.0,1.0,1.0,1.0,2.0,3.0,3.0,4.0,5.0,5.0,7.0,10.5,inferred
Bolsover,2021-04-06,0.0,0.0,1.0,1.0,1.0,2.0,2.0,3.0,4.0,5.0,5.0,7.0,10.0,inferred
Bolsover,2021-04-07,0.0,0.0,1.0,1.0,1.0,2.0,3.0,3.0,4.0,5.0,5.0,7.0,10.0,inferred
Bolsover,2021-04-08,0.0,0.0,0.0,1.0,1.0,1.0,2.0,2.0,3.0,4.0,4.0,6.0,9.0,inferred
Bolsover,2021-04-09,0.0,0.0,0.0,0.0,1.0,1.0,2.0,2.0,3.0,3.0,4.0,5.1,8.0,inferred
Bolsover,2021-04-10,0.0,0.0,0.0,0.0,0.0,1.0,1.0,2.0,2.0,3.0,3.0,4.0,7.0,inferred
Bolsover,2021-04-11,0.0,0.0,0.0,0.0,1.0,1.0,1.0,2.0,3.0,3.0,4.0,5.0,8.0,inferred
Bolsover,2021-04-12,0.0,0.0,0.0,1.0,1.0,1.0,2.0,2.0,3.0,4.0,4.0,6.0,9.0,inferred
Bolsover,2021-04-13,0.0,0.0,0.0,0.8,1.0,1.0,2.0,2.0,3.0,4.0,4.0,6.0,10.0,inferred
Bolsover,2021-04-14,0.0,0.0,0.0,1.0,1.0,1.0,2.0,2.0,3.0,4.0,4.0,6.0,9.0,inferred
Bolsover,2021-04-15,0.0,0.0,0.0,0.0,1.0,1.0,1.5,2.0,3.0,3.0,4.0,5.0,8.0,inferred
Bolsover,2021-04-16,0.0,0.0,0.0,0.0,0.0,1.0,1.0,2.0,2.0,3.0,3.0,5.0,7.0,inferred
Bolsover,2021-04-17,0.0,0.0,0.0,0.0,0.0,1.0,1.0,1.0,2.0,2.0,3.0,4.0,7.0,inferred
Bolsover,2021-04-18,0.0,0.0,0.0,0.0,0.0,1.0,1.0,2.0,2.0,3.0,3.0,4.0,6.0,inferred
Bolsover,2021-04-19,0.0,0.0,0.0,1.0,1.0,1.0,2.0,2.0,3.0,3.0,4.0,5.0,8.0,inferred
Bolsover,2021-04-20,0.0,0.0,0.0,0.0,1.0,1.0,1.0,2.0,3.0,3.0,4.0,5.0,8.0,inferred
Bolsover,2021-04-21,0.0,0.0,0.0,0.0,1.0,1.0,1.0,2.0,3.0,3.0,4.0,5.0,8.0,inferred
Bolsover,2021-04-22,0.0,0.0,0.0,0.0,0.0,1.0,1.0,2.0,2.0,3.0,3.0,5.0,8.0,inferred
Bolsover,2021-04-23,0.0,0.0,0.0,0.0,0.0,1.0,1.0,1.0,2.0,2.0,3.0,4.0,7.0,inferred
Bolsover,2021-04-24,0.0,0.0,0.0,0.0,0.0,0.0,1.0,1.0,1.0,2.0,2.0,3.0,6.0,inferred
Bolsover,2021-04-25,0.0,0.0,0.0,0.0,0.0,0.0,1.0,1.0,2.0,2.0,2.0,4.0,6.0,inferred
Bolsover,2021-04-26,0.0,0.0,0.0,0.0,0.0,1.0,1.0,2.0,2.0,3.0,3.0,4.0,7.0,inferred
Bolsover,2021-04-27,0.0,0.0,0.0,0.0,0.0,1.0,1.0,2.0,2.0,2.0,3.0,4.0,7.0,inferred
Bolsover,2021-04-28,0.0,0.0,0.0,0.0,0.0,1.0,1.0,1.0,2.0,2.0,3.0,4.0,7.0,inferred
Bolsover,2021-04-29,0.0,0.0,0.0,0.0,0.0,1.0,1.0,1.0,2.0,2.0,2.0,4.0,7.0,inferred
Bolsover,2021-04-30,0.0,0.0,0.0,0.0,0.0,0.0,1.0,1.0,1.0,2.0,2.0,3.0,6.0,inferred
Bolsover,2021-05-01,0.0,0.0,0.0,0.0,0.0,0.0,0.0,1.0,1.0,1.0,2.0,3.0,5.0,inferred
Bolsover,2021-05-02,0.0,0.0,0.0,0.0,0.0,0.0,0.0,1.0,1.0,1.0,2.0,3.0,5.0,inferred
Bolsover,2021-05-03,0.0,0.0,0.0,0.0,0.0,0.0,1.0,1.0,1.0,2.0,2.0,4.0,6.0,inferred
Bolsover,2021-05-04,0.0,0.0,0.0,0.0,0.0,0.0,1.0,1.0,1.0,2.0,2.0,3.0,6.0,inferred
Bolsover,2021-05-05,0.0,0.0,0.0,0.0,0.0,0.0,1.0,1.0,1.0,2.0,2.0,3.0,6.0,inferred
Bolsover,2021-05-06,0.0,0.0,0.0,0.0,0.0,0.0,0.0,1.0,1.0,1.0,2.0,3.0,5.0,inferred
Bolsover,2021-05-07,0.0,0.0,0.0,0.0,0.0,0.0,0.0,1.0,1.0,1.0,2.0,3.0,6.0,inferred
Bolsover,2021-05-08,0.0,0.0,0.0,0.0,0.0,0.0,0.0,0.0,1.0,1.0,1.0,2.0,5.0,inferred
Bolsover,2021-05-09,0.0,0.0,0.0,0.0,0.0,0.0,0.0,0.0,1.0,1.0,1.0,3.0,5.0,inferred
Bolsover,2021-05-10,0.0,0.0,0.0,0.0,0.0,0.0,0.0,1.0,1.0,2.0,2.0,3.0,5.0,inferred
Bolsover,2021-05-11,0.0,0.0,0.0,0.0,0.0,0.0,0.0,1.0,1.0,2.0,2.0,3.0,5.0,inferred
Bolsover,2021-05-12,0.0,0.0,0.0,0.0,0.0,0.0,0.0,1.0,1.0,1.0,2.0,3.0,5.0,inferred
Bolsover,2021-05-13,0.0,0.0,0.0,0.0,0.0,0.0,0.0,1.0,1.0,1.0,2.0,3.0,5.0,inferred
Bolsover,2021-05-14,0.0,0.0,0.0,0.0,0.0,0.0,0.0,1.0,1.0,1.0,2.0,3.0,5.0,inferred
Bolsover,2021-05-15,0.0,0.0,0.0,0.0,0.0,0.0,0.0,0.0,1.0,1.0,1.0,3.0,5.0,inferred
Bolsover,2021-05-16,0.0,0.0,0.0,0.0,0.0,0.0,0.0,1.0,1.0,1.0,2.0,3.0,4.0,inferred
Bolsover,2021-05-17,0.0,0.0,0.0,0.0,0.0,0.0,0.0,1.0,1.0,2.0,2.0,3.0,5.0,inferred
Bolsover,2021-05-18,0.0,0.0,0.0,0.0,0.0,0.0,0.0,1.0,1.0,2.0,2.0,3.0,5.0,inferred
Bolsover,2021-05-19,0.0,0.0,0.0,0.0,0.0,0.0,0.0,1.0,1.0,2.0,2.0,3.0,6.0,inferred
Bolsover,2021-05-20,0.0,0.0,0.0,0.0,0.0,0.0,0.0,1.0,1.0,1.0,2.0,3.0,5.0,inferred
Bolsover,2021-05-21,0.0,0.0,0.0,0.0,0.0,0.0,0.0,1.0,1.0,1.0,2.0,3.0,5.0,inferred
Bolsover,2021-05-22,0.0,0.0,0.0,0.0,0.0,0.0,0.0,0.0,1.0,1.0,1.0,2.0,4.0,inferred
Bolsover,2021-05-23,0.0,0.0,0.0,0.0,0.0,0.0,0.0,0.0,1.0,1.0,1.0,2.0,5.0,inferred
Bolsover,2021-05-24,0.0,0.0,0.0,0.0,0.0,0.0,0.0,1.0,1.0,1.0,2.0,3.0,5.0,inferred
Bolsover,2021-05-25,0.0,0.0,0.0,0.0,0.0,0.0,0.0,1.0,1.0,1.0,2.0,3.0,5.0,inferred
Bolsover,2021-05-26,0.0,0.0,0.0,0.0,0.0,0.0,0.0,1.0,1.0,2.0,2.0,3.0,6.0,inferred
Bolsover,2021-05-27,0.0,0.0,0.0,0.0,0.0,0.0,0.0,1.0,1.0,1.0,2.0,3.0,5.0,inferred
Bolsover,2021-05-28,0.0,0.0,0.0,0.0,0.0,0.0,0.0,1.0,1.0,1.0,2.0,3.0,5.0,inferred
Bolsover,2021-05-29,0.0,0.0,0.0,0.0,0.0,0.0,0.0,0.0,1.0,1.0,1.0,2.0,4.0,inferred
Bolsover,2021-05-30,0.0,0.0,0.0,0.0,0.0,0.0,0.0,1.0,1.0,1.0,2.0,3.0,6.0,inferred
Bolsover,2021-05-31,0.0,0.0,0.0,0.0,0.0,0.0,1.0,1.0,1.0,2.0,2.0,3.0,6.0,inferred
Bolsover,2021-06-01,0.0,0.0,0.0,0.0,0.0,0.0,1.0,1.0,1.0,2.0,2.0,4.0,6.0,inferred
Bolsover,2021-06-02,0.0,0.0,0.0,0.0,0.0,0.0,1.0,1.0,2.0,2.0,2.0,4.0,6.0,inferred
Bolsover,2021-06-03,0.0,0.0,0.0,0.0,0.0,0.0,1.0,1.0,2.0,2.0,2.0,4.0,6.0,inferred
Bolsover,2021-06-04,0.0,0.0,0.0,0.0,0.0,0.0,1.0,1.0,2.0,2.0,2.0,4.0,6.5,inferred
Bolsover,2021-06-05,0.0,0.0,0.0,0.0,0.0,0.0,1.0,1.0,1.0,2.0,2.0,3.0,6.0,inferred
Bolsover,2021-06-06,0.0,0.0,0.0,0.0,0.0,0.0,1.0,1.0,2.0,2.0,3.0,4.0,6.0,inferred
Bolsover,2021-06-07,0.0,0.0,0.0,0.0,1.0,1.0,1.0,2.0,3.0,3.0,4.0,5.0,8.0,inferred
Bolsover,2021-06-08,0.0,0.0,0.0,1.0,1.0,1.0,2.0,2.0,3.0,4.0,4.0,6.0,8.0,inferred
Bolsover,2021-06-09,0.0,0.0,1.0,1.0,1.0,2.0,2.0,3.0,4.0,4.0,5.0,6.0,9.0,inferred
Bolsover,2021-06-10,0.0,0.0,1.0,1.0,1.0,2.0,2.0,3.0,4.0,4.0,5.0,6.0,10.0,inferred
Bolsover,2021-06-11,0.0,0.0,1.0,1.0,1.0,2.0,2.0,3.0,4.0,4.0,5.0,7.0,10.0,inferred
Bolsover,2021-06-12,0.0,0.0,1.0,1.0,1.0,2.0,2.0,3.0,4.0,4.0,4.0,6.0,9.0,inferred
Bolsover,2021-06-13,0.0,0.0,1.0,1.0,2.0,2.0,3.0,4.0,5.0,5.0,6.0,8.0,12.0,inferred
Bolsover,2021-06-14,0.0,1.0,2.0,3.0,3.0,4.0,5.0,6.0,7.0,7.0,8.0,10.0,14.0,inferred
Bolsover,2021-06-15,0.0,1.0,2.0,3.0,3.0,4.0,5.0,6.0,7.0,8.0,9.0,11.0,15.0,inferred
Bolsover,2021-06-16,1.0,2.0,3.0,4.0,4.0,5.0,6.0,7.0,9.0,9.0,10.0,13.0,17.0,inferred
Bolsover,2021-06-17,1.0,2.0,3.0,4.0,4.0,5.0,6.0,8.0,9.0,9.0,10.0,13.0,17.0,inferred
Bolsover,2021-06-18,1.0,2.0,3.0,4.0,4.0,6.0,7.0,8.0,9.0,10.0,11.0,13.0,18.0,inferred
Bolton,2021-03-06,14.0,19.0,23.0,24.0,25.0,28.0,30.0,32.0,35.0,36.0,38.0,43.0,51.5,inferred
Bolton,2021-03-07,18.0,24.0,27.0,29.0,30.0,33.0,35.0,37.0,40.0,41.0,43.0,49.0,58.0,inferred
Bolton,2021-03-08,25.0,31.0,36.0,37.0,39.0,42.0,44.0,48.0,51.0,53.0,54.0,59.0,68.0,inferred
Bolton,2021-03-09,25.0,32.0,35.0,37.0,39.0,41.0,44.0,46.0,50.0,52.0,54.0,60.0,70.0,inferred
Bolton,2021-03-10,26.0,32.0,36.0,38.0,39.0,42.0,45.0,48.0,52.0,53.0,56.0,61.0,70.0,inferred
Bolton,2021-03-11,24.0,31.0,35.0,37.0,39.0,41.0,44.0,46.4,50.0,52.0,54.0,59.0,68.0,inferred
Bolton,2021-03-12,21.0,26.0,31.0,32.0,34.0,37.0,40.0,43.0,45.0,47.2,49.0,54.0,63.0,inferred
Bolton,2021-03-13,15.0,21.0,24.0,25.0,27.0,29.0,32.0,34.0,37.0,38.0,40.0,45.0,54.0,inferred
Bolton,2021-03-14,19.0,24.0,28.0,30.0,31.0,34.0,37.0,39.0,43.0,44.0,47.0,52.0,61.0,inferred
Bolton,2021-03-15,27.0,33.0,38.0,40.0,42.0,45.0,48.0,51.4,55.0,57.0,59.0,66.0,75.0,inferred
Bolton,2021-03-16,26.5,33.0,38.0,40.0,41.0,45.0,48.0,51.0,55.0,57.0,59.0,65.0,75.0,inferred
Bolton,2021-03-17,27.0,34.0,39.0,41.0,43.0,46.0,49.0,52.0,56.0,57.0,60.0,66.0,76.0,inferred
Bolton,2021-03-18,26.0,33.0,37.0,39.0,41.0,44.0,47.0,50.0,53.0,55.0,57.0,63.0,74.0,inferred
Bolton,2021-03-19,23.0,29.0,32.0,34.0,35.0,38.6,42.0,44.0,48.0,50.0,52.0,57.0,66.0,inferred
Bolton,2021-03-20,16.0,21.0,25.0,26.0,27.0,30.0,32.0,35.0,38.0,40.0,41.0,46.0,55.0,inferred
Bolton,2021-03-21,20.0,26.0,30.0,32.0,33.0,36.0,38.0,41.0,44.0,46.0,47.2,53.0,61.0,inferred
Bolton,2021-03-22,29.0,35.0,40.0,42.0,44.0,47.0,50.0,53.0,57.0,58.2,61.0,67.1,79.0,inferred
Bolton,2021-03-23,28.0,34.0,39.0,40.0,42.7,46.0,49.0,52.0,55.0,57.0,60.0,66.0,78.0,inferred
Bolton,2021-03-24,26.0,33.0,37.0,39.0,41.0,44.0,47.0,50.0,54.0,55.0,57.2,62.0,74.0,inferred
Bolton,2021-03-25,23.0,29.0,33.0,35.0,36.0,39.0,41.5,45.0,48.0,50.0,52.0,58.0,68.0,inferred
Bolton,2021-03-26,19.0,24.0,27.0,29.0,31.0,33.0,36.0,38.0,42.0,43.0,45.0,51.0,60.0,inferred
Bolton,2021-03-27,12.0,16.0,20.0,21.0,23.0,25.0,27.0,29.0,32.0,33.0,35.0,40.0,48.0,inferred
Bolton,2021-03-28,14.0,19.0,22.0,24.0,25.0,27.6,30.0,32.0,35.0,36.0,38.0,43.0,51.0,inferred
Bolton,2021-03-29,18.0,25.0,28.0,30.0,31.0,34.0,36.0,39.0,42.0,43.0,45.0,51.0,60.0,inferred
Bolton,2021-03-30,17.0,22.0,26.0,28.0,29.0,32.0,35.0,37.0,40.0,42.0,44.0,49.0,57.0,inferred
Bolton,2021-03-31,16.0,22.0,26.0,27.0,28.0,31.0,33.0,36.0,39.0,40.0,42.0,47.0,56.5,inferred
Bolton,2021-04-01,14.0,19.0,22.0,24.0,25.0,27.0,29.0,32.0,35.0,37.0,38.0,43.0,52.0,inferred
Bolton,2021-04-02,10.0,15.0,18.0,19.0,20.0,22.0,24.0,27.0,29.0,31.0,32.0,38.0,45.0,inferred
Bolton,2021-04-03,7.0,10.0,13.0,14.0,14.0,16.0,18.0,20.0,22.0,24.0,25.0,30.0,36.0,inferred
Bolton,2021-04-04,8.0,12.0,14.0,15.0,16.0,18.0,20.0,22.0,24.0,25.0,27.0,31.0,38.0,inferred
Bolton,2021-04-05,11.0,15.0,18.0,19.0,20.0,23.0,25.0,27.0,30.0,32.0,33.0,38.0,45.0,inferred
Bolton,2021-04-06,10.0,14.0,17.0,19.0,20.0,22.0,24.0,26.0,28.0,30.0,31.0,36.0,43.0,inferred
Bolton,2021-04-07,10.0,14.0,17.0,18.0,19.0,21.0,23.0,25.0,27.0,29.0,30.0,35.0,44.0,inferred
Bolton,2021-04-08,9.0,13.0,15.0,16.0,17.0,20.0,22.0,24.0,26.0,28.0,29.0,34.0,42.0,inferred
Bolton,2021-04-09,7.0,10.0,13.0,14.0,15.0,17.0,18.0,20.0,23.0,24.0,25.0,29.0,36.0,inferred
Bolton,2021-04-10,4.0,7.0,9.0,10.0,11.0,13.0,14.0,16.0,18.0,19.0,20.0,24.0,31.0,inferred
Bolton,2021-04-11,6.0,9.0,11.0,12.0,13.0,14.0,16.0,18.0,20.0,21.0,23.0,27.0,33.0,inferred
Bolton,2021-04-12,8.0,12.0,14.0,16.0,17.0,19.0,21.0,23.0,25.0,26.0,28.0,32.0,40.0,inferred
Bolton,2021-04-13,8.0,11.0,14.0,15.0,16.0,19.0,20.0,22.0,25.0,26.0,27.0,32.0,39.0,inferred
Bolton,2021-04-14,8.0,11.0,14.0,15.0,17.0,18.0,20.0,22.0,25.0,26.0,27.0,32.0,39.0,inferred
Bolton,2021-04-15,7.5,11.0,14.0,15.0,16.0,18.0,20.0,22.0,24.0,25.0,27.0,31.0,39.0,inferred
Bolton,2021-04-16,6.0,9.0,11.8,13.0,13.7,16.0,17.0,19.0,21.0,22.0,24.0,28.0,34.0,inferred
Bolton,2021-04-17,4.0,7.0,9.0,10.0,10.0,12.0,14.0,15.0,17.0,18.0,20.0,24.0,30.0,inferred
Bolton,2021-04-18,5.0,8.0,11.0,12.0,13.0,14.0,16.0,18.0,20.0,21.0,22.0,26.0,33.0,inferred
Bolton,2021-04-19,8.0,11.0,14.0,15.0,16.0,18.0,20.0,22.0,24.3,26.0,27.0,32.0,39.0,inferred
Bolton,2021-04-20,9.0,12.0,14.0,16.0,17.0,18.0,20.0,22.0,25.0,26.0,27.0,32.0,39.0,inferred
Bolton,2021-04-21,9.0,13.0,16.0,17.0,18.0,20.0,22.0,24.0,27.0,28.0,30.0,34.0,42.0,inferred
Bolton,2021-04-22,10.0,13.0,16.0,17.8,19.0,21.0,23.0,26.0,28.0,29.0,31.0,35.0,42.0,inferred
Bolton,2021-04-23,9.0,13.0,16.0,17.0,18.0,20.0,22.0,24.0,26.3,28.0,29.0,33.0,41.0,inferred
Bolton,2021-04-24,7.0,10.0,13.0,14.0,15.0,17.0,18.0,20.0,22.3,24.0,25.0,29.0,36.0,inferred
Bolton,2021-04-25,9.0,13.0,16.0,17.0,18.0,20.0,23.0,25.0,27.0,29.0,30.0,35.0,41.0,inferred
Bolton,2021-04-26,15.0,20.0,24.0,25.0,26.0,29.0,32.0,34.0,37.0,38.0,40.0,45.0,53.5,inferred
Bolton,2021-04-27,18.0,23.0,26.0,28.0,29.0,31.0,34.0,37.0,40.0,41.0,44.0,49.0,57.0,inferred
Bolton,2021-04-28,19.5,25.0,29.0,31.0,32.0,35.0,37.0,40.0,44.0,45.0,47.0,52.0,62.0,inferred
Bolton,2021-04-29,21.5,27.0,30.0,32.0,33.0,36.0,38.0,42.0,45.0,47.0,49.0,54.0,63.0,inferred
Bolton,2021-04-30,21.0,26.0,30.0,31.0,33.0,35.0,38.0,41.0,44.0,46.0,48.0,53.0,62.0,inferred
Bolton,2021-05-01,17.0,22.0,25.0,27.0,28.0,31.0,33.0,36.0,38.0,40.0,42.0,46.0,53.5,inferred
Bolton,2021-05-02,24.0,29.0,33.0,35.0,36.0,39.0,41.5,45.0,48.0,50.0,52.0,58.0,67.0,inferred
Bolton,2021-05-03,35.0,43.0,48.0,50.0,51.0,55.0,60.0,63.0,67.0,69.0,71.0,78.0,88.0,inferred
Bolton,2021-05-04,40.0,48.0,53.0,55.0,58.0,62.0,65.0,69.0,74.0,76.0,79.0,86.0,99.0,inferred
Bolton,2021-05-05,47.0,56.0,62.0,64.0,66.0,70.0,74.0,78.0,83.0,85.0,87.0,95.0,108.0,inferred
Bolton,2021-05-06,55.0,62.0,67.0,70.0,72.0,76.0,80.0,84.0,89.0,91.0,94.0,101.0,115.0,inferred
Bolton,2021-05-07,53.0,61.0,67.0,70.0,71.0,76.0,79.0,83.0,88.0,90.0,94.0,102.0,112.0,inferred
Bolton,2021-05-08,46.0,54.0,59.0,61.0,63.0,67.0,71.0,74.0,78.0,80.0,83.0,91.0,101.5,inferred
Bolton,2021-05-09,60.0,70.0,78.0,81.0,83.0,87.0,92.0,96.0,100.0,102.0,105.0,113.0,129.0,inferred
Bolton,2021-05-10,92.0,106.0,114.0,117.0,120.0,126.0,131.0,136.0,142.0,146.0,149.0,159.0,178.0,inferred
Bolton,2021-05-11,100.5,114.0,123.0,126.0,130.0,135.0,140.0,145.0,151.0,155.0,159.0,170.0,186.0,inferred
Bolton,2021-05-12,109.0,122.0,131.0,135.0,138.0,144.0,149.0,155.0,162.0,166.0,170.0,181.0,200.0,inferred
Bolton,2021-05-13,110.5,124.0,134.0,137.0,140.0,145.0,150.0,156.0,162.0,165.0,169.0,179.1,200.0,inferred
Bolton,2021-05-14,106.0,116.0,124.0,127.0,129.0,136.0,141.0,146.0,152.0,156.0,160.0,168.0,181.5,inferred
Bolton,2021-05-15,82.0,95.0,103.0,106.0,109.0,114.0,118.0,124.0,128.3,131.0,134.0,143.0,160.5,inferred
Bolton,2021-05-16,106.0,119.0,129.0,131.0,134.0,140.0,145.0,151.0,157.0,160.0,163.0,174.1,189.0,inferred
Bolton,2021-05-17,150.0,165.0,176.0,181.0,184.0,190.0,196.0,202.4,210.0,214.0,218.0,231.0,248.5,inferred
Bolton,2021-05-18,151.5,167.0,177.0,180.0,184.0,191.0,197.5,205.0,212.0,216.0,220.0,232.1,254.0,inferred
Bolton,2021-05-19,149.0,166.0,176.8,180.0,184.0,190.0,197.0,204.0,210.0,214.0,219.0,230.0,248.0,inferred
Bolton,2021-05-20,140.0,155.0,164.0,168.0,172.0,178.0,184.0,190.0,196.0,199.0,203.0,215.0,235.5,inferred
Bolton,2021-05-21,121.0,134.0,143.0,146.0,149.0,155.0,160.0,166.0,172.3,176.0,179.0,189.0,206.5,inferred
Bolton,2021-05-22,87.0,102.0,110.0,114.0,116.0,121.0,126.0,131.0,136.0,138.0,141.0,151.0,165.0,inferred
Bolton,2021-05-23,105.0,117.0,126.0,128.0,131.0,137.0,142.0,147.0,153.0,156.0,160.0,171.0,187.0,inferred
Bolton,2021-05-24,139.0,153.0,162.0,165.0,169.0,175.0,182.0,187.0,194.0,198.0,202.0,213.0,231.5,inferred
Bolton,2021-05-25,132.0,147.0,157.0,161.0,163.0,171.0,176.0,182.0,189.0,193.0,197.0,209.0,224.0,inferred
Bolton,2021-05-26,131.0,145.0,156.0,160.0,163.0,169.0,174.0,180.0,186.0,190.0,194.0,206.0,223.0,inferred
Bolton,2021-05-27,122.5,135.0,144.0,147.0,150.0,156.0,162.0,168.0,174.0,178.0,181.2,192.0,208.0,inferred
Bolton,2021-05-28,103.0,116.0,124.0,127.0,130.0,135.6,141.0,145.0,150.0,154.0,158.0,167.0,183.5,inferred
Bolton,2021-05-29,75.0,87.0,95.0,97.0,100.0,105.0,109.0,114.0,119.0,122.0,126.0,136.0,151.0,inferred
Bolton,2021-05-30,87.0,99.9,107.0,110.0,112.0,118.0,123.0,128.0,133.0,136.0,140.0,149.0,166.0,inferred
Bolton,2021-05-31,115.0,127.0,137.0,141.0,144.0,149.0,154.0,160.0,165.3,169.0,173.0,184.0,202.0,inferred
Bolton,2021-06-01,110.5,125.0,132.0,136.0,139.0,145.0,150.0,155.4,161.0,165.0,169.0,180.0,198.0,inferred
Bolton,2021-06-02,110.0,124.0,132.0,136.0,139.0,145.0,150.0,156.0,163.0,166.0,170.0,180.0,195.0,inferred
Bolton,2021-06-03,103.5,115.0,123.8,127.0,130.0,136.0,140.0,147.0,152.0,156.0,160.0,169.0,188.0,inferred
Bolton,2021-06-04,87.0,99.0,107.0,110.0,113.0,118.0,123.0,128.0,134.0,138.0,140.0,150.0,167.0,inferred
Bolton,2021-06-05,65.0,75.9,83.0,86.0,89.0,93.0,97.0,101.0,107.0,109.0,113.0,122.0,137.5,inferred
Bolton,2021-06-06,79.0,90.0,97.8,100.0,103.0,107.0,113.0,117.0,122.0,125.0,128.0,138.0,151.0,inferred
Bolton,2021-06-07,104.0,116.0,125.0,128.0,131.0,136.0,142.5,149.0,154.0,158.0,161.0,170.0,186.5,inferred
Bolton,2021-06-08,102.0,113.9,122.0,124.0,128.0,133.0,138.0,143.0,149.0,153.2,157.0,168.0,181.5,inferred
Bolton,2021-06-09,97.0,110.0,119.0,122.0,125.0,131.0,136.0,141.0,148.0,152.0,156.0,164.0,178.0,inferred
Bolton,2021-06-10,89.0,103.0,111.0,114.0,117.0,121.0,126.0,131.0,137.0,141.0,145.0,155.0,169.0,inferred
Bolton,2021-06-11,76.0,88.0,95.0,97.0,99.0,105.0,109.0,113.0,118.0,121.0,124.0,132.0,151.0,inferred
Bolton,2021-06-12,55.0,64.0,70.0,73.0,75.0,79.0,83.5,88.0,92.0,95.0,98.0,105.0,117.5,inferred
Bolton,2021-06-13,63.0,74.0,80.0,83.0,85.7,90.0,94.0,98.0,104.0,107.0,110.0,118.0,132.5,inferred
Bolton,2021-06-14,84.5,95.0,104.0,106.0,108.0,113.0,118.0,123.0,129.0,133.0,136.0,145.0,160.0,inferred
Bolton,2021-06-15,82.0,93.0,100.0,104.0,107.0,112.0,117.0,121.0,127.0,130.0,134.0,144.0,157.5,inferred
Bolton,2021-06-16,80.0,91.0,99.0,102.0,105.0,110.0,115.0,120.0,126.0,129.0,132.0,141.0,156.0,inferred
Bolton,2021-06-17,74.0,84.0,91.0,95.0,98.0,103.0,107.0,112.0,117.0,121.0,124.0,135.0,153.0,inferred
Bolton,2021-06-18,61.0,72.0,79.0,82.0,85.0,90.0,94.0,99.0,104.0,107.0,110.0,119.0,133.0,inferred
Borders,2021-03-06,0.0,1.0,2.0,2.0,2.0,3.0,3.0,4.0,5.0,5.0,6.0,7.0,9.0,inferred
Borders,2021-03-07,0.0,1.0,1.0,1.0,2.0,2.0,3.0,3.0,4.0,4.0,5.0,6.0,8.0,inferred
Borders,2021-03-08,0.0,0.0,1.0,1.0,1.0,1.0,2.0,2.0,3.0,3.0,4.0,5.0,6.0,inferred
Borders,2021-03-09,0.0,0.0,1.0,1.0,1.0,2.0,2.0,2.0,3.0,3.0,4.0,5.0,7.0,inferred
Borders,2021-03-10,0.0,0.0,1.0,1.0,2.0,2.0,3.0,3.0,4.0,4.0,5.0,6.0,8.5,inferred
Borders,2021-03-11,0.0,0.0,1.0,1.0,1.0,2.0,2.0,3.0,3.0,4.0,4.0,5.0,8.0,inferred
Borders,2021-03-12,0.0,0.0,1.0,1.0,1.0,2.0,2.0,3.0,3.0,4.0,4.0,6.0,8.0,inferred
Borders,2021-03-13,0.0,0.0,1.0,1.0,1.0,2.0,2.0,3.0,3.0,3.0,4.0,5.0,7.0,inferred
Borders,2021-03-14,0.0,0.0,0.0,1.0,1.0,1.0,2.0,2.0,3.0,3.0,3.0,4.0,7.0,inferred
Borders,2021-03-15,0.0,0.0,0.0,0.0,0.0,1.0,1.0,1.0,2.0,2.0,3.0,4.0,5.0,inferred
Borders,2021-03-16,0.0,0.0,0.0,0.0,1.0,1.0,1.0,2.0,2.0,2.0,3.0,4.0,6.0,inferred
Borders,2021-03-17,0.0,0.0,0.0,1.0,1.0,1.0,2.0,2.0,3.0,3.0,3.0,4.1,7.0,inferred
Borders,2021-03-18,0.0,0.0,0.0,0.0,1.0,1.0,1.0,2.0,2.0,3.0,3.0,4.0,6.0,inferred
Borders,2021-03-19,0.0,0.0,0.0,0.0,1.0,1.0,1.0,2.0,2.0,3.0,3.0,4.0,6.0,inferred
Borders,2021-03-20,0.0,0.0,0.0,0.0,0.0,1.0,1.0,1.0,2.0,2.0,3.0,4.0,6.0,inferred
Borders,2021-03-21,0.0,0.0,0.0,0.0,0.0,1.0,1.0,1.0,2.0,2.0,2.0,3.0,5.0,inferred
Borders,2021-03-22,0.0,0.0,0.0,0.0,0.0,0.0,1.0,1.0,1.0,1.0,2.0,3.0,4.0,inferred
Borders,2021-03-23,0.0,0.0,0.0,0.0,0.0,0.0,1.0,1.0,1.0,2.0,2.0,3.0,4.0,inferred
Borders,2021-03-24,0.0,0.0,0.0,0.0,0.0,1.0,1.0,1.0,2.0,2.0,2.0,3.0,5.0,inferred
Borders,2021-03-25,0.0,0.0,0.0,0.0,0.0,1.0,1.0,1.0,2.0,2.0,2.0,3.0,5.0,inferred
Borders,2021-03-26,0.0,0.0,0.0,0.0,0.0,1.0,1.0,1.0,2.0,2.0,2.0,3.0,6.0,inferred
Borders,2021-03-27,0.0,0.0,0.0,0.0,0.0,1.0,1.0,1.0,2.0,2.0,2.0,3.0,5.0,inferred
Borders,2021-03-28,0.0,0.0,0.0,0.0,0.0,0.0,1.0,1.0,1.0,2.0,2.0,3.0,5.0,inferred
Borders,2021-03-29,0.0,0.0,0.0,0.0,0.0,0.0,1.0,1.0,1.0,1.0,2.0,2.0,4.0,inferred
Borders,2021-03-30,0.0,0.0,0.0,0.0,0.0,0.0,1.0,1.0,1.0,1.0,2.0,3.0,4.0,inferred
Borders,2021-03-31,0.0,0.0,0.0,0.0,0.0,0.0,1.0,1.0,1.3,2.0,2.0,3.0,5.0,inferred
Borders,2021-04-01,0.0,0.0,0.0,0.0,0.0,0.0,1.0,1.0,1.0,1.0,2.0,3.0,5.0,inferred
Borders,2021-04-02,0.0,0.0,0.0,0.0,0.0,0.0,1.0,1.0,1.0,2.0,2.0,3.0,5.0,inferred
Borders,2021-04-03,0.0,0.0,0.0,0.0,0.0,0.0,1.0,1.0,1.0,2.0,2.0,3.0,4.5,inferred
Borders,2021-04-04,0.0,0.0,0.0,0.0,0.0,0.0,0.0,1.0,1.0,1.0,2.0,2.0,4.0,inferred
Borders,2021-04-05,0.0,0.0,0.0,0.0,0.0,0.0,0.0,0.0,1.0,1.0,1.0,2.0,3.0,inferred
Borders,2021-04-06,0.0,0.0,0.0,0.0,0.0,0.0,0.0,0.0,1.0,1.0,1.0,2.0,3.0,inferred
Borders,2021-04-07,0.0,0.0,0.0,0.0,0.0,0.0,0.0,1.0,1.0,1.0,2.0,2.0,4.0,inferred
Borders,2021-04-08,0.0,0.0,0.0,0.0,0.0,0.0,0.0,1.0,1.0,1.0,1.2,2.0,4.0,inferred
Borders,2021-04-09,0.0,0.0,0.0,0.0,0.0,0.0,0.0,1.0,1.0,1.0,2.0,3.0,4.0,inferred
Borders,2021-04-10,0.0,0.0,0.0,0.0,0.0,0.0,0.0,1.0,1.0,1.0,1.0,2.0,4.0,inferred
Borders,2021-04-11,0.0,0.0,0.0,0.0,0.0,0.0,0.0,1.0,1.0,1.0,1.0,2.0,4.0,inferred
Borders,2021-04-12,0.0,0.0,0.0,0.0,0.0,0.0,0.0,0.0,1.0,1.0,1.0,2.0,3.0,inferred
Borders,2021-04-13,0.0,0.0,0.0,0.0,0.0,0.0,0.0,0.0,1.0,1.0,1.0,2.0,3.0,inferred
Borders,2021-04-14,0.0,0.0,0.0,0.0,0.0,0.0,0.0,1.0,1.0,1.0,2.0,2.0,4.0,inferred
Borders,2021-04-15,0.0,0.0,0.0,0.0,0.0,0.0,0.0,1.0,1.0,1.0,1.0,2.0,4.0,inferred
Borders,2021-04-16,0.0,0.0,0.0,0.0,0.0,0.0,0.0,1.0,1.0,1.0,2.0,2.0,4.0,inferred
Borders,2021-04-17,0.0,0.0,0.0,0.0,0.0,0.0,0.0,1.0,1.0,1.0,1.0,2.0,4.0,inferred
Borders,2021-04-18,0.0,0.0,0.0,0.0,0.0,0.0,0.0,0.0,1.0,1.0,1.0,2.0,3.0,inferred
Borders,2021-04-19,0.0,0.0,0.0,0.0,0.0,0.0,0.0,0.0,1.0,1.0,1.0,2.0,3.0,inferred
Borders,2021-04-20,0.0,0.0,0.0,0.0,0.0,0.0,0.0,0.0,1.0,1.0,1.0,2.0,3.0,inferred
Borders,2021-04-21,0.0,0.0,0.0,0.0,0.0,0.0,0.0,1.0,1.0,1.0,1.0,2.0,4.0,inferred
Borders,2021-04-22,0.0,0.0,0.0,0.0,0.0,0.0,0.0,0.0,1.0,1.0,1.0,2.0,4.0,inferred
Borders,2021-04-23,0.0,0.0,0.0,0.0,0.0,0.0,0.0,1.0,1.0,1.0,1.0,2.0,4.0,inferred
Borders,2021-04-24,0.0,0.0,0.0,0.0,0.0,0.0,0.0,1.0,1.0,1.0,1.0,2.0,3.0,inferred
Borders,2021-04-25,0.0,0.0,0.0,0.0,0.0,0.0,0.0,0.0,1.0,1.0,1.0,2.0,3.0,inferred
Borders,2021-04-26,0.0,0.0,0.0,0.0,0.0,0.0,0.0,0.0,1.0,1.0,1.0,2.0,3.0,inferred
Borders,2021-04-27,0.0,0.0,0.0,0.0,0.0,0.0,0.0,0.0,1.0,1.0,1.0,2.0,3.0,inferred
Borders,2021-04-28,0.0,0.0,0.0,0.0,0.0,0.0,0.0,1.0,1.0,1.0,2.0,2.0,4.0,inferred
Borders,2021-04-29,0.0,0.0,0.0,0.0,0.0,0.0,0.0,1.0,1.0,1.0,1.0,2.0,4.0,inferred
Borders,2021-04-30,0.0,0.0,0.0,0.0,0.0,0.0,0.0,1.0,1.0,1.0,2.0,2.0,4.0,inferred
Borders,2021-05-01,0.0,0.0,0.0,0.0,0.0,0.0,0.0,1.0,1.0,1.0,2.0,2.0,4.0,inferred
Borders,2021-05-02,0.0,0.0,0.0,0.0,0.0,0.0,0.0,1.0,1.0,1.0,1.0,2.0,4.0,inferred
Borders,2021-05-03,0.0,0.0,0.0,0.0,0.0,0.0,0.0,0.0,1.0,1.0,1.0,2.0,3.5,inferred
Borders,2021-05-04,0.0,0.0,0.0,0.0,0.0,0.0,0.0,1.0,1.0,1.0,1.0,2.0,4.0,inferred
Borders,2021-05-05,0.0,0.0,0.0,0.0,0.0,0.0,1.0,1.0,1.0,1.0,2.0,2.1,4.0,inferred
Borders,2021-05-06,0.0,0.0,0.0,0.0,0.0,0.0,1.0,1.0,1.0,1.0,2.0,2.0,5.0,inferred
Borders,2021-05-07,0.0,0.0,0.0,0.0,0.0,0.0,1.0,1.0,1.0,2.0,2.0,3.0,5.0,inferred
Borders,2021-05-08,0.0,0.0,0.0,0.0,0.0,0.0,0.0,1.0,1.0,1.0,2.0,2.0,4.0,inferred
Borders,2021-05-09,0.0,0.0,0.0,0.0,0.0,0.0,0.0,1.0,1.0,1.0,2.0,2.0,4.0,inferred
Borders,2021-05-10,0.0,0.0,0.0,0.0,0.0,0.0,0.0,0.0,1.0,1.0,1.0,2.0,3.0,inferred
Borders,2021-05-11,0.0,0.0,0.0,0.0,0.0,0.0,0.0,1.0,1.0,1.0,1.0,2.0,3.0,inferred
Borders,2021-05-12,0.0,0.0,0.0,0.0,0.0,0.0,1.0,1.0,1.0,1.0,2.0,3.0,4.0,inferred
Borders,2021-05-13,0.0,0.0,0.0,0.0,0.0,0.0,1.0,1.0,1.0,1.0,2.0,3.0,4.0,inferred
Borders,2021-05-14,0.0,0.0,0.0,0.0,0.0,0.0,1.0,1.0,1.0,2.0,2.0,3.0,4.0,inferred
Borders,2021-05-15,0.0,0.0,0.0,0.0,0.0,0.0,1.0,1.0,1.0,1.0,2.0,2.0,4.0,inferred
Borders,2021-05-16,0.0,0.0,0.0,0.0,0.0,0.0,1.0,1.0,1.0,1.0,2.0,2.0,4.0,inferred
Borders,2021-05-17,0.0,0.0,0.0,0.0,0.0,0.0,0.0,1.0,1.0,1.0,1.0,2.0,4.0,inferred
Borders,2021-05-18,0.0,0.0,0.0,0.0,0.0,0.0,0.0,1.0,1.0,1.0,2.0,2.0,4.0,inferred
Borders,2021-05-19,0.0,0.0,0.0,0.0,0.0,0.0,1.0,1.0,2.0,2.0,2.0,3.0,5.0,inferred
Borders,2021-05-20,0.0,0.0,0.0,0.0,0.0,0.0,1.0,1.0,1.0,2.0,2.0,3.0,4.0,inferred
Borders,2021-05-21,0.0,0.0,0.0,0.0,0.0,1.0,1.0,1.0,2.0,2.0,2.0,3.0,5.0,inferred
Borders,2021-05-22,0.0,0.0,0.0,0.0,0.0,1.0,1.0,1.0,2.0,2.0,2.0,3.0,5.0,inferred
Borders,2021-05-23,0.0,0.0,0.0,0.0,0.0,0.0,1.0,1.0,1.0,2.0,2.0,3.0,4.0,inferred
Borders,2021-05-24,0.0,0.0,0.0,0.0,0.0,0.0,1.0,1.0,1.0,1.0,2.0,2.0,4.0,inferred
Borders,2021-05-25,0.0,0.0,0.0,0.0,0.0,0.0,1.0,1.0,1.0,2.0,2.0,3.0,4.0,inferred
Borders,2021-05-26,0.0,0.0,0.0,0.0,0.0,1.0,1.0,2.0,2.0,2.0,3.0,4.0,6.0,inferred
Borders,2021-05-27,0.0,0.0,0.0,0.0,1.0,1.0,1.0,2.0,2.0,2.0,3.0,4.0,6.0,inferred
Borders,2021-05-28,0.0,0.0,0.0,0.0,1.0,1.0,1.0,2.0,3.0,3.0,3.0,5.0,7.0,inferred
Borders,2021-05-29,0.0,0.0,0.0,1.0,1.0,1.0,2.0,2.0,3.0,3.0,3.0,5.0,7.0,inferred
Borders,2021-05-30,0.0,0.0,0.0,1.0,1.0,1.0,2.0,2.0,3.0,3.0,3.0,5.0,7.0,inferred
Borders,2021-05-31,0.0,0.0,0.0,0.0,1.0,1.0,1.0,2.0,2.0,3.0,3.0,4.0,6.0,inferred
Borders,2021-06-01,0.0,0.0,1.0,1.0,1.0,1.0,2.0,2.0,3.0,3.0,4.0,5.0,7.0,inferred
Borders,2021-06-02,0.0,1.0,1.0,2.0,2.0,3.0,3.0,4.0,5.0,5.0,5.0,7.0,9.5,inferred
Borders,2021-06-03,0.0,1.0,2.0,2.0,2.0,3.0,3.0,4.0,5.0,5.0,6.0,7.0,10.0,inferred
Borders,2021-06-04,0.0,1.0,2.0,3.0,3.0,4.0,4.0,5.0,6.0,6.0,7.0,9.0,11.0,inferred
Borders,2021-06-05,0.0,2.0,3.0,3.0,3.0,4.0,5.0,6.0,6.0,7.0,8.0,9.0,12.0,inferred
Borders,2021-06-06,1.0,2.0,3.0,3.0,3.0,4.0,5.0,6.0,6.0,7.0,7.0,9.0,12.0,inferred
Borders,2021-06-07,0.0,1.0,2.0,3.0,3.0,4.0,4.0,5.0,6.0,6.0,7.0,9.0,11.0,inferred
Borders,2021-06-08,1.0,2.0,3.0,3.0,4.0,5.0,5.0,6.0,7.0,8.0,8.0,10.0,13.5,inferred
Borders,2021-06-09,2.0,4.0,5.0,6.0,6.0,7.0,8.0,9.0,11.0,11.0,12.0,14.0,18.0,inferred
Borders,2021-06-10,2.0,4.0,6.0,6.0,7.0,8.0,9.0,10.0,11.0,12.0,12.0,15.0,18.0,inferred
Borders,2021-06-11,4.0,6.0,7.0,8.0,8.0,10.0,11.0,12.0,13.0,14.0,14.0,16.0,20.0,inferred
Borders,2021-06-12,4.0,6.0,7.0,8.0,9.0,10.0,11.0,12.0,13.0,14.0,15.0,17.0,20.0,inferred
Borders,2021-06-13,4.0,6.0,7.0,8.0,8.0,9.0,11.0,12.0,13.0,13.0,14.0,16.0,21.0,inferred
Borders,2021-06-14,3.0,5.0,6.0,7.0,7.0,8.0,9.0,10.0,12.0,12.0,13.0,15.0,19.0,inferred
Borders,2021-06-15,4.0,6.0,8.0,8.0,9.0,10.0,11.0,12.0,13.0,14.0,15.0,17.0,20.5,inferred
Borders,2021-06-16,7.0,10.0,12.0,13.0,13.0,15.0,16.0,18.0,19.0,20.0,21.0,24.0,29.0,inferred
Borders,2021-06-17,7.0,10.0,12.0,13.0,14.0,15.0,17.0,18.0,20.0,21.0,22.0,25.0,29.0,inferred
Borders,2021-06-18,8.0,11.0,14.0,15.0,15.0,17.0,19.0,20.0,22.0,23.0,24.0,28.0,32.0,inferred
Boston,2021-03-06,4.0,5.0,7.0,7.0,8.0,8.0,9.0,10.0,11.0,12.0,12.0,14.0,17.0,inferred
Boston,2021-03-07,5.0,7.0,8.0,9.0,9.0,10.0,11.0,12.0,13.0,13.0,14.0,16.0,18.0,inferred
Boston,2021-03-08,7.0,9.0,10.0,11.0,12.0,13.0,14.0,15.0,16.0,17.0,17.0,19.0,22.0,inferred
Boston,2021-03-09,6.0,8.0,10.0,10.0,11.0,12.0,13.0,14.0,15.0,16.0,17.0,19.0,22.0,inferred
Boston,2021-03-10,7.0,9.0,11.0,11.0,12.0,13.0,14.0,15.0,16.0,17.0,18.0,20.0,23.0,inferred
Boston,2021-03-11,5.0,8.0,9.0,10.0,10.0,11.0,12.0,14.0,15.0,15.0,16.0,18.0,21.0,inferred
Boston,2021-03-12,5.0,7.0,8.0,9.0,9.0,10.0,11.0,12.0,13.0,14.0,14.0,16.0,19.5,inferred
Boston,2021-03-13,3.0,5.0,6.0,7.0,7.0,8.0,9.0,10.0,11.0,11.0,12.0,14.0,17.0,inferred
Boston,2021-03-14,4.0,6.0,8.0,8.0,9.0,10.0,11.0,12.0,13.0,13.0,14.0,16.0,19.0,inferred
Boston,2021-03-15,6.0,9.0,10.0,11.0,12.0,13.0,14.0,15.0,16.0,16.0,17.0,20.0,23.0,inferred
Boston,2021-03-16,6.0,8.0,10.0,10.0,11.0,12.0,13.0,14.0,15.0,16.0,16.0,19.0,22.0,inferred
Boston,2021-03-17,7.0,9.0,10.0,11.0,12.0,13.0,14.0,15.0,16.0,16.0,17.0,19.0,22.0,inferred
Boston,2021-03-18,5.0,7.0,9.0,9.0,10.0,11.0,12.0,13.0,14.0,15.0,16.0,18.0,21.0,inferred
Boston,2021-03-19,4.5,7.0,8.0,8.0,9.0,10.0,11.0,12.0,13.0,13.0,14.0,16.0,19.0,inferred
Boston,2021-03-20,3.0,5.0,6.0,7.0,7.0,8.0,9.0,10.0,11.0,11.0,12.0,13.0,16.0,inferred
Boston,2021-03-21,4.0,6.0,7.0,8.0,8.0,9.0,10.0,11.0,12.0,13.0,13.0,15.0,18.0,inferred
Boston,2021-03-22,6.0,8.0,10.0,10.0,11.0,12.0,13.0,14.0,15.0,16.0,17.0,19.0,22.0,inferred
Boston,2021-03-23,6.0,8.0,9.0,10.0,10.0,11.0,12.0,13.0,15.0,15.0,16.0,18.0,21.0,inferred
Boston,2021-03-24,6.0,8.0,10.0,10.0,11.0,12.0,13.0,14.0,15.0,16.0,16.0,18.0,21.0,inferred
Boston,2021-03-25,5.0,7.0,8.0,9.0,9.0,10.0,11.0,12.0,13.0,14.0,14.0,16.0,19.0,inferred
Boston,2021-03-26,4.0,6.0,7.0,7.0,8.0,9.0,10.0,11.0,12.0,13.0,13.0,15.0,17.0,inferred
Boston,2021-03-27,3.0,4.0,5.0,6.0,6.0,7.0,8.0,8.0,9.0,10.0,10.0,12.0,15.0,inferred
Boston,2021-03-28,3.0,5.0,6.0,7.0,7.0,8.0,9.0,9.0,10.0,11.0,12.0,13.0,16.0,inferred
Boston,2021-03-29,4.0,6.0,7.0,8.0,8.0,9.0,10.0,11.0,12.0,12.2,13.0,15.0,18.0,inferred
Boston,2021-03-30,4.0,6.0,7.0,7.0,8.0,9.0,10.0,11.0,12.0,12.0,13.0,15.0,17.0,inferred
Boston,2021-03-31,4.0,5.0,7.0,7.0,8.0,9.0,9.0,10.0,11.0,12.0,13.0,14.0,18.0,inferred
Boston,2021-04-01,3.0,4.0,6.0,6.0,6.0,7.0,8.0,9.0,10.0,11.0,11.0,13.0,16.0,inferred
Boston,2021-04-02,2.0,4.0,5.0,5.0,6.0,7.0,7.0,8.0,9.0,9.0,10.0,12.0,15.0,inferred
Boston,2021-04-03,2.0,3.0,4.0,4.0,4.0,5.0,6.0,6.0,7.0,7.0,8.0,9.0,12.0,inferred
Boston,2021-04-04,2.0,3.0,4.0,5.0,5.0,6.0,7.0,7.0,8.0,9.0,9.0,11.0,13.0,inferred
Boston,2021-04-05,3.0,4.0,5.0,6.0,6.0,7.0,8.0,9.0,10.0,10.0,11.0,12.0,15.0,inferred
Boston,2021-04-06,2.0,4.0,5.0,6.0,6.0,7.0,8.0,9.0,10.0,10.0,11.0,13.0,15.0,inferred
Boston,2021-04-07,3.0,4.0,6.0,6.0,6.0,7.0,8.0,9.0,10.0,10.0,11.0,13.0,16.0,inferred
Boston,2021-04-08,2.0,4.0,5.0,5.0,6.0,7.0,7.0,8.0,9.0,9.0,10.0,11.0,14.0,inferred
Boston,2021-04-09,2.0,3.0,4.0,4.0,5.0,6.0,6.0,7.0,8.0,8.0,9.0,10.0,12.5,inferred
Boston,2021-04-10,1.0,2.0,3.0,3.0,4.0,4.0,5.0,5.0,6.0,6.0,7.0,8.0,11.0,inferred
Boston,2021-04-11,1.0,2.0,3.0,4.0,4.0,5.0,5.0,6.0,7.0,7.0,8.0,9.0,11.5,inferred
Boston,2021-04-12,2.0,3.0,4.0,5.0,5.0,6.0,7.0,7.0,8.0,9.0,9.0,11.0,13.0,inferred
Boston,2021-04-13,2.0,3.0,4.0,5.0,5.0,6.0,6.0,7.0,8.0,8.0,9.0,10.0,13.0,inferred
Boston,2021-04-14,2.0,3.0,4.0,4.0,5.0,6.0,6.0,7.0,8.0,8.0,9.0,10.0,13.0,inferred
Boston,2021-04-15,1.0,2.0,3.0,4.0,4.0,5.0,5.0,6.0,7.0,7.0,8.0,9.0,12.0,inferred
Boston,2021-04-16,1.0,2.0,3.0,3.0,3.0,4.0,5.0,5.0,6.0,7.0,7.0,8.0,11.0,inferred
Boston,2021-04-17,0.0,1.0,2.0,2.0,2.0,3.0,4.0,4.0,5.0,5.0,6.0,7.0,9.0,inferred
Boston,2021-04-18,1.0,2.0,2.0,3.0,3.0,4.0,4.0,5.0,5.0,6.0,6.0,7.0,9.0,inferred
Boston,2021-04-19,1.0,2.0,3.0,3.0,4.0,4.0,5.0,6.0,7.0,7.0,7.0,9.0,11.0,inferred
Boston,2021-04-20,1.0,2.0,3.0,3.0,3.0,4.0,5.0,6.0,6.0,7.0,7.0,8.0,11.0,inferred
Boston,2021-04-21,1.0,2.0,3.0,3.0,4.0,4.0,5.0,6.0,6.0,7.0,7.0,9.0,11.0,inferred
Boston,2021-04-22,1.0,2.0,2.0,3.0,3.0,4.0,4.0,5.0,5.0,6.0,6.0,8.0,10.0,inferred
Boston,2021-04-23,0.0,1.0,2.0,2.0,3.0,3.0,4.0,4.0,5.0,5.0,6.0,7.0,9.0,inferred
Boston,2021-04-24,0.0,1.0,1.0,2.0,2.0,2.0,3.0,3.0,4.0,4.0,4.2,6.0,7.0,inferred
Boston,2021-04-25,0.0,1.0,2.0,2.0,2.0,3.0,3.0,4.0,4.0,5.0,5.0,6.0,8.0,inferred
Boston,2021-04-26,1.0,2.0,2.0,3.0,3.0,4.0,4.0,5.0,5.0,6.0,6.0,7.0,10.0,inferred
Boston,2021-04-27,0.0,1.0,2.0,2.0,3.0,3.0,4.0,5.0,5.0,6.0,6.0,7.0,9.0,inferred
Boston,2021-04-28,1.0,2.0,2.0,3.0,3.0,3.0,4.0,5.0,6.0,6.0,6.0,8.0,9.0,inferred
Boston,2021-04-29,0.0,1.0,2.0,2.0,3.0,3.0,4.0,4.0,5.0,5.0,6.0,7.0,9.0,inferred
Boston,2021-04-30,0.0,1.0,2.0,2.0,2.0,3.0,3.0,4.0,5.0,5.0,5.0,7.0,8.5,inferred
Boston,2021-05-01,0.0,1.0,1.0,1.0,2.0,2.0,3.0,3.0,4.0,4.0,4.0,5.0,7.0,inferred
Boston,2021-05-02,0.0,1.0,2.0,2.0,2.0,3.0,3.0,4.0,4.0,5.0,5.0,6.0,8.0,inferred
Boston,2021-05-03,0.5,1.0,2.0,3.0,3.0,3.0,4.0,5.0,5.0,6.0,6.0,7.0,9.0,inferred
Boston,2021-05-04,0.0,1.0,2.0,3.0,3.0,3.0,4.0,5.0,5.0,6.0,6.0,7.0,9.0,inferred
Boston,2021-05-05,1.0,2.0,2.0,3.0,3.0,4.0,4.0,5.0,5.0,6.0,6.0,8.0,10.0,inferred
Boston,2021-05-06,0.0,1.0,2.0,2.0,3.0,3.0,4.0,4.0,5.0,5.0,6.0,7.0,9.0,inferred
Boston,2021-05-07,0.0,1.0,2.0,2.0,2.0,3.0,3.0,4.0,4.0,5.0,5.0,6.0,8.0,inferred
Boston,2021-05-08,0.0,1.0,1.0,2.0,2.0,2.0,3.0,3.0,4.0,4.0,4.0,5.0,7.5,inferred
Boston,2021-05-09,0.0,1.0,2.0,2.0,2.0,3.0,3.0,4.0,4.0,5.0,5.0,6.0,8.0,inferred
Boston,2021-05-10,0.5,2.0,2.0,3.0,3.0,4.0,4.0,5.0,5.0,6.0,6.0,8.0,10.0,inferred
Boston,2021-05-11,0.5,1.0,2.0,3.0,3.0,3.0,4.0,5.0,5.0,6.0,6.0,7.0,10.0,inferred
Boston,2021-05-12,1.0,2.0,2.0,3.0,3.0,4.0,4.0,5.0,6.0,6.0,7.0,8.0,10.0,inferred
Boston,2021-05-13,0.0,1.0,2.0,2.0,3.0,3.0,4.0,4.0,5.0,5.0,6.0,7.0,9.0,inferred
Boston,2021-05-14,0.0,1.0,2.0,2.0,2.0,3.0,3.0,4.0,4.0,5.0,5.0,6.0,9.0,inferred
Boston,2021-05-15,0.0,1.0,1.0,1.0,2.0,2.0,3.0,3.0,4.0,4.0,5.0,6.0,7.0,inferred
Boston,2021-05-16,0.0,1.0,2.0,2.0,2.0,3.0,3.0,4.0,4.0,5.0,5.0,6.0,8.0,inferred
Boston,2021-05-17,1.0,1.0,2.0,3.0,3.0,3.0,4.0,5.0,5.0,6.0,6.0,7.0,10.0,inferred
Boston,2021-05-18,0.0,1.0,2.0,2.0,3.0,3.0,4.0,4.0,5.0,6.0,6.0,7.0,9.0,inferred
Boston,2021-05-19,0.5,1.0,2.0,2.8,3.0,3.0,4.0,5.0,5.0,6.0,6.0,7.0,10.0,inferred
Boston,2021-05-20,0.0,1.0,2.0,2.0,2.0,3.0,3.0,4.0,5.0,5.0,5.0,7.0,8.0,inferred
Boston,2021-05-21,0.0,1.0,2.0,2.0,2.0,2.0,3.0,3.0,4.0,4.0,5.0,6.0,8.0,inferred
Boston,2021-05-22,0.0,0.0,1.0,1.0,1.0,2.0,2.0,3.0,3.0,4.0,4.0,5.0,6.0,inferred
Boston,2021-05-23,0.0,1.0,1.0,1.0,2.0,2.0,3.0,3.0,4.0,4.0,4.0,5.0,7.0,inferred
Boston,2021-05-24,0.0,1.0,2.0,2.0,2.0,3.0,3.0,4.0,4.0,5.0,5.0,6.0,8.0,inferred
Boston,2021-05-25,0.0,1.0,2.0,2.0,2.0,3.0,3.0,3.0,4.0,4.0,5.0,6.0,8.0,inferred
Boston,2021-05-26,0.0,1.0,2.0,2.0,2.0,3.0,3.0,4.0,4.0,5.0,5.0,6.0,8.0,inferred
Boston,2021-05-27,0.0,1.0,1.0,2.0,2.0,2.0,3.0,3.0,4.0,4.0,5.0,5.0,7.0,inferred
Boston,2021-05-28,0.0,1.0,1.0,1.0,2.0,2.0,2.0,3.0,3.0,4.0,4.0,5.0,6.0,inferred
Boston,2021-05-29,0.0,0.0,1.0,1.0,1.0,1.0,2.0,2.0,3.0,3.0,3.0,4.0,6.0,inferred
Boston,2021-05-30,0.0,0.0,1.0,1.0,1.0,2.0,2.0,2.0,3.0,3.0,4.0,5.0,6.0,inferred
Boston,2021-05-31,0.0,1.0,1.0,2.0,2.0,2.0,3.0,3.0,4.0,4.0,4.0,5.0,7.0,inferred
Boston,2021-06-01,0.0,1.0,1.0,1.0,2.0,2.0,3.0,3.0,4.0,4.0,4.0,5.0,7.0,inferred
Boston,2021-06-02,0.0,1.0,1.0,2.0,2.0,2.0,3.0,3.0,4.0,4.0,5.0,6.0,8.0,inferred
Boston,2021-06-03,0.0,1.0,1.0,1.0,2.0,2.0,3.0,3.0,4.0,4.0,4.0,6.0,8.0,inferred
Boston,2021-06-04,0.0,1.0,1.0,1.0,2.0,2.0,2.0,3.0,3.0,4.0,4.0,5.0,7.0,inferred
Boston,2021-06-05,0.0,0.0,1.0,1.0,1.0,2.0,2.0,2.0,3.0,3.0,4.0,5.0,6.0,inferred
Boston,2021-06-06,0.0,1.0,1.0,2.0,2.0,2.0,3.0,3.0,4.0,4.0,4.0,5.0,7.0,inferred
Boston,2021-06-07,0.0,1.0,2.0,2.0,3.0,3.0,4.0,4.0,5.0,5.0,6.0,7.0,9.0,inferred
Boston,2021-06-08,0.0,1.0,2.0,2.0,3.0,3.0,4.0,4.0,5.0,6.0,6.0,7.0,9.0,inferred
Boston,2021-06-09,1.0,2.0,2.0,3.0,3.0,4.0,4.0,5.0,6.0,6.0,7.0,8.0,10.0,inferred
Boston,2021-06-10,1.0,2.0,2.0,3.0,3.0,4.0,4.0,5.0,6.0,6.0,6.0,8.0,9.0,inferred
Boston,2021-06-11,1.0,2.0,2.0,3.0,3.0,4.0,4.0,5.0,6.0,6.0,7.0,8.0,10.0,inferred
Boston,2021-06-12,0.0,1.0,2.0,2.0,3.0,3.0,4.0,4.0,5.0,5.0,6.0,7.0,9.0,inferred
Boston,2021-06-13,1.0,2.0,3.0,3.0,4.0,4.0,5.0,6.0,6.0,7.0,7.0,9.0,11.0,inferred
Boston,2021-06-14,2.0,3.0,4.0,5.0,5.0,6.0,7.0,7.0,8.0,9.0,9.0,11.0,13.5,inferred
Boston,2021-06-15,2.0,4.0,5.0,5.0,6.0,6.0,7.0,8.0,9.0,9.0,10.0,12.0,15.0,inferred
Boston,2021-06-16,3.0,4.0,5.0,6.0,6.0,7.0,8.0,9.0,10.0,11.0,11.0,13.0,16.0,inferred
Boston,2021-06-17,2.0,4.0,5.0,6.0,6.0,7.0,8.0,9.0,10.0,10.0,11.0,12.0,15.0,inferred
Boston,2021-06-18,2.0,4.0,5.0,5.0,6.0,7.0,7.0,8.0,9.0,10.0,10.0,12.0,15.5,inferred
"Bournemouth, Christchurch and Poole",2021-03-06,6.0,9.0,10.0,11.0,11.0,12.0,13.0,14.0,15.0,16.0,17.0,19.0,22.5,inferred
"Bournemouth, Christchurch and Poole",2021-03-07,10.0,13.0,14.0,15.0,16.0,17.0,18.0,19.0,21.0,21.0,22.0,24.0,29.0,inferred
"Bournemouth, Christchurch and Poole",2021-03-08,13.0,16.0,18.0,19.0,19.0,21.0,22.0,24.0,25.0,26.0,27.0,30.0,34.0,inferred
"Bournemouth, Christchurch and Poole",2021-03-09,11.0,13.0,15.0,16.0,17.0,18.0,19.0,20.0,22.0,22.0,23.0,25.0,29.0,inferred
"Bournemouth, Christchurch and Poole",2021-03-10,12.0,15.0,17.0,18.0,19.0,20.0,21.0,23.0,24.0,25.0,26.0,29.0,33.0,inferred
"Bournemouth, Christchurch and Poole",2021-03-11,10.0,13.0,15.0,16.0,16.0,18.0,19.0,20.0,22.0,22.0,23.0,25.0,29.0,inferred
"Bournemouth, Christchurch and Poole",2021-03-12,8.0,10.0,12.0,12.0,13.0,14.0,15.0,17.0,18.0,18.0,19.0,21.0,25.0,inferred
"Bournemouth, Christchurch and Poole",2021-03-13,5.0,6.0,8.0,8.0,9.0,10.0,11.0,12.0,13.0,14.0,14.0,16.0,19.0,inferred
"Bournemouth, Christchurch and Poole",2021-03-14,6.0,9.0,11.0,11.0,12.0,13.0,14.0,16.0,17.0,18.0,18.0,21.0,24.0,inferred
"Bournemouth, Christchurch and Poole",2021-03-15,8.0,11.0,13.0,14.0,14.7,16.0,17.0,18.0,19.0,20.0,21.0,24.0,28.0,inferred
"Bournemouth, Christchurch and Poole",2021-03-16,7.0,9.0,10.0,11.0,11.0,13.0,14.0,15.0,16.0,17.0,18.0,20.0,23.5,inferred
"Bournemouth, Christchurch and Poole",2021-03-17,8.0,10.0,12.0,13.0,13.0,15.0,16.0,17.0,18.0,19.0,20.0,22.0,25.0,inferred
"Bournemouth, Christchurch and Poole",2021-03-18,7.0,9.0,11.0,11.0,12.0,13.0,14.0,15.0,16.0,17.0,18.0,20.0,24.0,inferred
"Bournemouth, Christchurch and Poole",2021-03-19,4.5,7.0,8.0,9.0,9.0,10.0,11.0,12.0,13.0,14.0,14.0,17.0,21.0,inferred
"Bournemouth, Christchurch and Poole",2021-03-20,3.0,5.0,6.0,6.0,7.0,7.0,8.0,9.0,10.0,11.0,11.0,13.0,15.0,inferred
"Bournemouth, Christchurch and Poole",2021-03-21,4.0,6.0,8.0,8.0,9.0,10.0,11.0,12.0,13.0,14.0,14.0,16.0,19.0,inferred
"Bournemouth, Christchurch and Poole",2021-03-22,6.0,8.0,10.0,10.0,11.0,12.0,13.0,14.0,15.0,16.0,17.0,19.0,22.0,inferred
"Bournemouth, Christchurch and Poole",2021-03-23,4.0,7.0,8.0,8.0,9.0,10.0,11.0,12.0,13.0,14.0,15.0,17.0,20.0,inferred
"Bournemouth, Christchurch and Poole",2021-03-24,6.0,8.0,9.0,10.0,11.0,12.0,13.0,14.0,15.0,16.0,17.0,19.0,22.0,inferred
"Bournemouth, Christchurch and Poole",2021-03-25,5.0,7.0,8.0,9.0,10.0,11.0,11.0,13.0,14.0,14.0,15.0,17.0,20.5,inferred
"Bournemouth, Christchurch and Poole",2021-03-26,4.0,5.0,7.0,7.0,8.0,9.0,9.0,10.0,11.0,12.0,13.0,14.0,17.0,inferred
"Bournemouth, Christchurch and Poole",2021-03-27,2.0,4.0,5.0,5.0,6.0,6.0,7.0,8.0,9.0,9.0,10.0,12.0,14.0,inferred
"Bournemouth, Christchurch and Poole",2021-03-28,4.0,5.0,7.0,7.0,7.0,9.0,9.0,10.0,12.0,12.0,13.0,15.0,19.0,inferred
"Bournemouth, Christchurch and Poole",2021-03-29,5.0,7.0,9.0,9.0,10.0,11.0,12.0,13.0,14.0,14.0,15.0,17.0,21.0,inferred
"Bournemouth, Christchurch and Poole",2021-03-30,3.0,5.0,7.0,7.0,8.0,9.0,10.0,10.0,11.0,12.0,13.0,15.0,18.0,inferred
"Bournemouth, Christchurch and Poole",2021-03-31,4.0,6.0,8.0,8.0,9.0,10.0,11.0,12.0,13.0,14.0,14.0,16.0,19.0,inferred
"Bournemouth, Christchurch and Poole",2021-04-01,4.0,5.0,7.0,7.0,8.0,9.0,9.0,10.0,11.0,12.0,12.0,14.0,17.0,inferred
"Bournemouth, Christchurch and Poole",2021-04-02,2.0,4.0,5.0,5.0,6.0,7.0,7.0,8.0,9.0,10.0,10.0,12.0,14.0,inferred
"Bournemouth, Christchurch and Poole",2021-04-03,1.0,2.0,3.0,4.0,4.0,5.0,5.0,6.0,7.0,7.0,8.0,9.0,12.0,inferred
"Bournemouth, Christchurch and Poole",2021-04-04,2.0,3.0,5.0,5.0,5.0,6.0,7.0,8.0,9.0,9.0,10.0,11.0,13.0,inferred
"Bournemouth, Christchurch and Poole",2021-04-05,3.0,4.0,6.0,6.0,7.0,8.0,8.0,9.0,10.0,11.0,12.0,13.0,16.0,inferred
"Bournemouth, Christchurch and Poole",2021-04-06,2.0,3.0,5.0,5.0,6.0,6.0,7.0,8.0,9.0,9.0,10.0,11.1,14.0,inferred
"Bournemouth, Christchurch and Poole",2021-04-07,3.0,5.0,6.0,6.0,7.0,8.0,8.0,9.0,10.0,11.0,12.0,13.0,16.0,inferred
"Bournemouth, Christchurch and Poole",2021-04-08,2.0,4.0,5.0,6.0,6.0,7.0,8.0,8.0,9.0,10.0,11.0,12.0,15.0,inferred
"Bournemouth, Christchurch and Poole",2021-04-09,2.0,3.0,4.0,5.0,5.0,6.0,6.0,7.0,8.0,8.0,9.0,11.0,13.0,inferred
"Bournemouth, Christchurch and Poole",2021-04-10,1.0,2.0,3.0,3.0,4.0,4.0,5.0,5.0,6.0,7.0,7.0,9.0,11.0,inferred
"Bournemouth, Christchurch and Poole",2021-04-11,2.0,3.0,4.0,5.0,5.0,6.0,7.0,7.0,8.0,9.0,9.0,11.0,14.0,inferred
"Bournemouth, Christchurch and Poole",2021-04-12,3.0,4.0,6.0,6.0,6.0,7.0,8.0,9.0,10.0,11.0,11.0,13.0,16.0,inferred
"Bournemouth, Christchurch and Poole",2021-04-13,2.0,4.0,5.0,5.0,5.0,6.0,7.0,8.0,9.0,9.0,10.0,11.0,14.0,inferred
"Bournemouth, Christchurch and Poole",2021-04-14,3.0,4.0,6.0,6.0,7.0,7.0,8.0,9.0,10.0,11.0,11.0,13.0,16.0,inferred
"Bournemouth, Christchurch and Poole",2021-04-15,2.0,4.0,5.0,6.0,6.0,7.0,8.0,8.0,9.0,10.0,11.0,12.0,15.0,inferred
"Bournemouth, Christchurch and Poole",2021-04-16,2.0,3.0,4.0,5.0,5.0,6.0,7.0,7.0,8.0,9.0,9.0,11.0,14.0,inferred
"Bournemouth, Christchurch and Poole",2021-04-17,1.0,2.0,3.0,3.0,4.0,4.0,5.0,6.0,6.0,7.0,7.0,9.0,11.0,inferred
"Bournemouth, Christchurch and Poole",2021-04-18,2.0,3.0,4.0,5.0,5.0,6.0,7.0,8.0,8.0,9.0,10.0,11.0,14.0,inferred
"Bournemouth, Christchurch and Poole",2021-04-19,3.0,5.0,6.0,7.0,7.0,8.0,9.0,10.0,11.0,11.0,12.0,14.0,17.0,inferred
"Bournemouth, Christchurch and Poole",2021-04-20,2.0,4.0,5.0,5.0,6.0,7.0,8.0,8.0,9.0,10.0,11.0,12.0,15.0,inferred
"Bournemouth, Christchurch and Poole",2021-04-21,3.0,5.0,6.0,7.0,7.0,8.0,9.0,10.0,11.0,11.0,12.0,13.1,17.0,inferred
"Bournemouth, Christchurch and Poole",2021-04-22,3.0,5.0,6.0,6.0,7.0,8.0,8.0,9.0,10.0,11.0,11.0,13.0,16.0,inferred
"Bournemouth, Christchurch and Poole",2021-04-23,2.0,3.0,5.0,5.0,5.0,6.0,7.0,8.0,9.0,9.0,10.0,11.0,14.0,inferred
"Bournemouth, Christchurch and Poole",2021-04-24,1.0,2.0,3.0,4.0,4.0,5.0,5.0,6.0,7.0,7.0,8.0,9.0,12.0,inferred
"Bournemouth, Christchurch and Poole",2021-04-25,2.0,4.0,5.0,5.0,6.0,6.0,7.0,8.0,9.0,9.0,10.0,12.0,15.0,inferred
"Bournemouth, Christchurch and Poole",2021-04-26,3.0,5.0,7.0,7.0,7.0,8.0,9.0,10.0,11.0,12.0,12.0,14.0,17.0,inferred
"Bournemouth, Christchurch and Poole",2021-04-27,2.0,4.0,5.0,6.0,6.0,7.0,8.0,9.0,10.0,10.0,11.0,12.0,15.0,inferred
"Bournemouth, Christchurch and Poole",2021-04-28,3.0,5.0,6.0,6.0,7.0,8.0,9.0,10.0,11.0,11.0,12.0,14.0,17.0,inferred
"Bournemouth, Christchurch and Poole",2021-04-29,3.0,4.0,5.0,6.0,6.0,7.0,8.0,9.0,10.0,10.0,11.0,12.0,15.0,inferred
"Bournemouth, Christchurch and Poole",2021-04-30,2.0,3.0,4.0,4.0,5.0,5.0,6.0,7.0,8.0,8.0,9.0,10.0,13.0,inferred
"Bournemouth, Christchurch and Poole",2021-05-01,1.0,2.0,3.0,3.0,3.0,4.0,5.0,5.0,6.0,6.0,7.0,8.0,10.0,inferred
"Bournemouth, Christchurch and Poole",2021-05-02,1.0,3.0,4.0,4.0,4.0,5.0,6.0,7.0,7.0,8.0,8.2,10.0,12.0,inferred
"Bournemouth, Christchurch and Poole",2021-05-03,2.0,4.0,5.0,5.0,6.0,6.0,7.0,8.0,9.0,10.0,10.0,12.0,14.0,inferred
"Bournemouth, Christchurch and Poole",2021-05-04,2.0,3.0,4.0,4.0,5.0,5.0,6.0,7.0,7.0,8.0,9.0,10.0,12.0,inferred
"Bournemouth, Christchurch and Poole",2021-05-05,2.0,3.0,5.0,5.0,5.0,6.0,7.0,8.0,9.0,9.0,10.0,11.0,14.0,inferred
"Bournemouth, Christchurch and Poole",2021-05-06,2.0,3.0,4.0,4.0,5.0,5.6,6.0,7.0,8.0,8.0,9.0,10.0,13.0,inferred
"Bournemouth, Christchurch and Poole",2021-05-07,1.0,2.0,3.0,4.0,4.0,5.0,5.0,6.0,7.0,7.0,8.0,9.0,11.0,inferred
"Bournemouth, Christchurch and Poole",2021-05-08,0.0,1.0,2.0,3.0,3.0,3.0,4.0,4.0,5.0,5.0,6.0,7.0,9.0,inferred
"Bournemouth, Christchurch and Poole",2021-05-09,1.0,2.0,3.0,3.0,4.0,4.0,5.0,6.0,6.0,7.0,7.0,9.0,11.0,inferred
"Bournemouth, Christchurch and Poole",2021-05-10,1.0,3.0,4.0,4.0,5.0,5.0,6.0,7.0,8.0,8.0,9.0,10.0,13.0,inferred
"Bournemouth, Christchurch and Poole",2021-05-11,1.0,2.0,3.0,3.0,4.0,4.0,5.0,6.0,6.0,7.0,7.0,9.0,11.0,inferred
"Bournemouth, Christchurch and Poole",2021-05-12,1.0,3.0,4.0,4.0,4.0,5.0,6.0,7.0,7.0,8.0,8.0,10.0,12.0,inferred
"Bournemouth, Christchurch and Poole",2021-05-13,1.0,2.0,3.0,3.0,4.0,4.0,5.0,6.0,7.0,7.0,8.0,9.0,11.0,inferred
"Bournemouth, Christchurch and Poole",2021-05-14,1.0,1.0,2.0,3.0,3.0,4.0,4.0,5.0,5.0,6.0,6.0,7.0,10.0,inferred
"Bournemouth, Christchurch and Poole",2021-05-15,0.0,1.0,1.0,2.0,2.0,2.6,3.0,4.0,4.0,5.0,5.0,6.0,8.0,inferred
"Bournemouth, Christchurch and Poole",2021-05-16,0.0,1.0,2.0,2.0,3.0,3.0,4.0,5.0,5.0,6.0,6.0,8.0,9.0,inferred
"Bournemouth, Christchurch and Poole",2021-05-17,1.0,2.0,3.0,3.0,4.0,4.0,5.0,5.0,6.0,7.0,7.0,8.0,11.0,inferred
"Bournemouth, Christchurch and Poole",2021-05-18,0.0,1.0,2.0,2.0,3.0,3.0,4.0,5.0,5.0,6.0,6.0,7.0,10.0,inferred
"Bournemouth, Christchurch and Poole",2021-05-19,1.0,2.0,3.0,3.0,4.0,4.0,5.0,5.0,6.0,7.0,7.0,8.0,11.0,inferred
"Bournemouth, Christchurch and Poole",2021-05-20,1.0,2.0,2.0,3.0,3.0,4.0,4.5,5.0,6.0,6.0,7.0,8.0,10.0,inferred
"Bournemouth, Christchurch and Poole",2021-05-21,0.0,1.0,2.0,2.0,3.0,3.0,4.0,4.0,5.0,5.0,6.0,7.0,9.0,inferred
"Bournemouth, Christchurch and Poole",2021-05-22,0.0,1.0,1.0,1.0,2.0,2.0,3.0,3.0,4.0,4.0,4.0,5.0,7.0,inferred
"Bournemouth, Christchurch and Poole",2021-05-23,0.0,1.0,2.0,2.0,3.0,3.0,4.0,4.0,5.0,5.0,6.0,7.0,9.0,inferred
"Bournemouth, Christchurch and Poole",2021-05-24,1.0,2.0,3.0,3.0,4.0,4.0,5.0,5.0,6.0,6.0,7.0,8.0,11.0,inferred
"Bournemouth, Christchurch and Poole",2021-05-25,1.0,2.0,2.0,3.0,3.0,4.0,4.0,5.0,6.0,6.0,6.0,8.0,10.0,inferred
"Bournemouth, Christchurch and Poole",2021-05-26,1.0,2.0,3.0,4.0,4.0,5.0,5.0,6.0,7.0,8.0,8.0,10.0,12.0,inferred
"Bournemouth, Christchurch and Poole",2021-05-27,1.0,3.0,3.0,4.0,4.0,5.0,6.0,6.0,7.0,8.0,8.0,10.0,12.0,inferred
"Bournemouth, Christchurch and Poole",2021-05-28,1.0,2.9,3.0,4.0,4.0,5.0,5.0,6.0,7.0,7.0,8.0,9.0,11.0,inferred
"Bournemouth, Christchurch and Poole",2021-05-29,1.0,2.0,2.0,3.0,3.0,4.0,4.0,5.0,6.0,6.0,6.2,8.0,10.0,inferred
"Bournemouth, Christchurch and Poole",2021-05-30,2.0,3.0,4.0,5.0,5.0,6.0,6.0,7.0,8.0,8.0,9.0,11.0,13.0,inferred
"Bournemouth, Christchurch and Poole",2021-05-31,3.0,5.0,6.0,7.0,7.0,8.0,9.0,10.0,11.0,12.0,12.0,14.0,17.0,inferred
"Bournemouth, Christchurch and Poole",2021-06-01,3.0,5.0,6.0,6.0,7.0,8.0,9.0,10.0,11.0,11.0,12.0,14.0,16.0,inferred
"Bournemouth, Christchurch and Poole",2021-06-02,6.0,8.0,9.0,10.0,11.0,12.0,13.0,14.0,15.0,16.0,17.0,18.0,22.0,inferred
"Bournemouth, Christchurch and Poole",2021-06-03,7.0,9.0,11.0,11.0,12.0,13.0,14.0,15.0,16.0,17.0,18.0,20.0,23.0,inferred
"Bournemouth, Christchurch and Poole",2021-06-04,6.0,9.0,10.8,11.0,12.0,13.0,14.0,15.0,17.0,17.0,18.0,20.0,23.0,inferred
"Bournemouth, Christchurch and Poole",2021-06-05,6.0,8.0,10.0,10.0,11.0,12.0,13.0,14.0,15.0,16.0,16.0,18.0,22.0,inferred
"Bournemouth, Christchurch and Poole",2021-06-06,11.0,14.0,16.0,17.0,18.0,19.0,20.0,22.0,23.0,24.0,25.0,27.0,32.0,inferred
"Bournemouth, Christchurch and Poole",2021-06-07,18.0,22.0,24.0,25.0,26.0,28.0,29.0,31.0,33.0,34.0,35.0,38.0,43.0,inferred
"Bournemouth, Christchurch and Poole",2021-06-08,18.0,21.0,24.0,25.0,25.0,27.0,29.0,30.0,32.0,33.0,34.0,38.0,42.0,inferred
"Bournemouth, Christchurch and Poole",2021-06-09,25.0,29.0,32.0,33.0,35.0,36.0,38.0,40.0,42.0,44.0,45.0,49.0,55.0,inferred
"Bournemouth, Christchurch and Poole",2021-06-10,26.0,31.0,34.0,35.0,36.0,38.0,40.0,42.0,44.0,45.0,46.0,50.0,56.0,inferred
"Bournemouth, Christchurch and Poole",2021-06-11,25.0,29.9,32.0,33.0,34.0,36.0,38.0,40.0,42.0,43.0,44.2,48.0,54.0,inferred
"Bournemouth, Christchurch and Poole",2021-06-12,21.0,25.0,27.0,29.0,30.0,32.0,33.0,35.0,37.0,38.0,39.0,42.0,47.0,inferred
"Bournemouth, Christchurch and Poole",2021-06-13,35.0,40.0,44.0,45.0,46.0,49.0,51.0,53.0,55.0,56.0,58.0,62.0,68.0,inferred
"Bournemouth, Christchurch and Poole",2021-06-14,51.0,58.0,62.0,64.0,65.0,68.0,70.0,72.4,75.0,77.0,79.0,83.0,90.5,inferred
"Bournemouth, Christchurch and Poole",2021-06-15,47.0,53.0,57.0,59.0,60.0,63.0,65.0,68.0,70.0,72.0,73.0,79.0,86.0,inferred
"Bournemouth, Christchurch and Poole",2021-06-16,62.0,68.0,72.8,75.0,76.0,79.0,82.0,85.0,88.0,89.0,92.0,96.0,106.0,inferred
"Bournemouth, Christchurch and Poole",2021-06-17,59.0,66.0,71.0,73.0,74.0,77.0,80.0,82.0,85.0,87.0,89.0,95.0,103.0,inferred
"Bournemouth, Christchurch and Poole",2021-06-18,50.5,57.0,62.0,63.0,65.0,68.0,70.0,73.0,76.0,78.0,80.0,85.0,95.0,inferred
Bracknell Forest,2021-03-06,1.0,2.0,3.0,3.0,3.0,4.0,5.0,5.0,6.0,7.0,7.0,9.0,11.0,inferred
Bracknell Forest,2021-03-07,1.0,2.0,3.0,4.0,4.0,5.0,6.0,6.0,7.0,8.0,8.0,10.0,12.0,inferred
Bracknell Forest,2021-03-08,2.0,3.0,4.0,5.0,5.0,6.0,6.0,7.0,8.0,9.0,9.0,11.0,14.0,inferred
Bracknell Forest,2021-03-09,2.0,3.0,4.0,4.0,5.0,6.0,6.0,7.0,8.0,8.0,9.0,10.0,13.0,inferred
Bracknell Forest,2021-03-10,2.0,3.0,4.0,5.0,5.0,6.0,6.0,7.0,8.0,9.0,9.0,11.0,14.0,inferred
Bracknell Forest,2021-03-11,1.0,3.0,4.0,4.0,4.0,5.0,6.0,7.0,7.0,8.0,8.0,10.0,14.0,inferred
Bracknell Forest,2021-03-12,1.0,2.0,3.0,3.0,4.0,4.0,5.0,6.0,7.0,7.0,8.0,9.0,12.0,inferred
Bracknell Forest,2021-03-13,0.0,1.0,2.0,2.0,3.0,3.0,4.0,5.0,5.0,6.0,6.0,8.0,10.0,inferred
Bracknell Forest,2021-03-14,1.0,2.0,3.0,3.0,4.0,4.0,5.0,6.0,6.0,7.0,7.0,9.0,11.0,inferred
Bracknell Forest,2021-03-15,1.0,2.0,3.0,4.0,4.0,5.0,6.0,6.0,7.0,8.0,8.2,10.0,13.0,inferred
Bracknell Forest,2021-03-16,1.0,2.0,3.0,4.0,4.0,5.0,5.0,6.0,7.0,8.0,8.0,10.0,13.0,inferred
Bracknell Forest,2021-03-17,1.0,3.0,4.0,4.0,4.0,5.0,6.0,7.0,8.0,8.0,9.0,11.0,14.0,inferred
Bracknell Forest,2021-03-18,1.0,2.0,3.0,4.0,4.0,5.0,6.0,6.0,7.0,8.0,8.0,10.0,13.0,inferred
Bracknell Forest,2021-03-19,1.0,2.0,3.0,3.0,4.0,4.0,5.0,6.0,7.0,7.0,8.0,9.0,12.0,inferred
Bracknell Forest,2021-03-20,0.0,1.0,2.0,3.0,3.0,4.0,4.0,5.0,6.0,6.0,7.0,8.0,11.0,inferred
Bracknell Forest,2021-03-21,1.0,2.0,3.0,3.0,4.0,4.0,5.0,6.0,7.0,7.0,7.0,9.0,12.0,inferred
Bracknell Forest,2021-03-22,1.0,3.0,4.0,4.0,5.0,6.0,6.0,7.0,8.0,9.0,9.0,11.0,14.0,inferred
Bracknell Forest,2021-03-23,1.0,3.0,4.0,4.0,5.0,5.0,6.0,7.0,8.0,8.0,9.0,10.0,14.0,inferred
Bracknell Forest,2021-03-24,1.0,3.0,4.0,4.0,5.0,5.0,6.0,7.0,8.0,9.0,9.0,11.0,14.0,inferred
Bracknell Forest,2021-03-25,1.0,2.0,3.0,4.0,4.0,5.0,6.0,6.0,7.0,8.0,8.0,10.0,13.0,inferred
Bracknell Forest,2021-03-26,1.0,2.0,3.0,3.0,4.0,4.0,5.0,6.0,6.0,7.0,7.0,9.0,11.0,inferred
Bracknell Forest,2021-03-27,0.0,1.0,2.0,2.0,3.0,3.0,4.0,4.0,5.0,6.0,6.0,8.0,10.0,inferred
Bracknell Forest,2021-03-28,1.0,2.0,3.0,3.0,3.0,4.0,4.0,5.0,6.0,6.0,7.0,8.0,11.0,inferred
Bracknell Forest,2021-03-29,1.0,2.0,3.0,4.0,4.0,5.0,5.0,6.0,7.0,7.0,8.0,10.0,12.0,inferred
Bracknell Forest,2021-03-30,1.0,2.0,3.0,3.0,4.0,4.0,5.0,6.0,7.0,7.0,8.0,10.0,12.0,inferred
Bracknell Forest,2021-03-31,1.0,2.0,3.0,3.0,4.0,4.0,5.0,6.0,7.0,7.0,7.0,9.0,12.0,inferred
Bracknell Forest,2021-04-01,1.0,2.0,2.0,3.0,3.0,4.0,4.0,5.0,6.0,6.0,7.0,9.0,12.0,inferred
Bracknell Forest,2021-04-02,0.0,1.0,2.0,2.0,3.0,3.0,4.0,4.0,5.0,5.0,6.0,7.0,10.0,inferred
Bracknell Forest,2021-04-03,0.0,1.0,1.0,2.0,2.0,2.0,3.0,4.0,4.0,5.0,5.0,6.0,9.0,inferred
Bracknell Forest,2021-04-04,0.0,1.0,2.0,2.0,2.0,3.0,3.0,4.0,5.0,5.0,6.0,7.0,9.5,inferred
Bracknell Forest,2021-04-05,0.0,1.0,2.0,2.0,3.0,3.0,4.0,5.0,5.0,6.0,7.0,8.0,11.0,inferred
Bracknell Forest,2021-04-06,0.0,1.0,2.0,2.0,3.0,3.0,4.0,5.0,5.0,6.0,6.0,8.0,11.0,inferred
Bracknell Forest,2021-04-07,0.0,1.0,2.0,3.0,3.0,4.0,4.0,5.0,6.0,6.0,7.0,8.0,11.0,inferred
Bracknell Forest,2021-04-08,0.0,1.0,2.0,2.0,3.0,3.0,4.0,5.0,5.0,6.0,6.0,8.0,10.0,inferred
Bracknell Forest,2021-04-09,0.0,1.0,2.0,2.0,2.0,3.0,3.0,4.0,5.0,5.0,6.0,7.0,10.0,inferred
Bracknell Forest,2021-04-10,0.0,1.0,1.0,1.0,2.0,2.0,3.0,3.0,4.0,4.0,5.0,6.0,9.0,inferred
Bracknell Forest,2021-04-11,0.0,1.0,2.0,2.0,2.0,3.0,3.0,4.0,5.0,5.0,6.0,7.0,10.0,inferred
Bracknell Forest,2021-04-12,0.0,1.0,2.0,2.0,3.0,3.0,4.0,4.0,5.0,6.0,6.0,8.0,10.0,inferred
Bracknell Forest,2021-04-13,0.0,1.0,2.0,2.0,3.0,3.0,4.0,4.0,5.0,6.0,6.0,7.0,10.0,inferred
Bracknell Forest,2021-04-14,0.0,1.0,2.0,2.0,3.0,3.0,4.0,4.0,5.0,6.0,6.0,8.0,11.0,inferred
Bracknell Forest,2021-04-15,0.0,1.0,2.0,2.0,2.0,3.0,3.0,4.0,5.0,5.0,6.0,7.0,9.0,inferred
Bracknell Forest,2021-04-16,0.0,1.0,1.0,2.0,2.0,2.0,3.0,3.0,4.0,4.0,5.0,6.0,8.0,inferred
Bracknell Forest,2021-04-17,0.0,0.0,1.0,1.0,1.0,2.0,2.0,3.0,3.0,4.0,4.0,5.0,7.0,inferred
Bracknell Forest,2021-04-18,0.0,0.0,1.0,1.0,2.0,2.0,3.0,3.0,4.0,4.0,4.0,6.0,8.0,inferred
Bracknell Forest,2021-04-19,0.0,1.0,1.0,2.0,2.0,2.0,3.0,4.0,4.0,5.0,5.0,6.0,9.0,inferred
Bracknell Forest,2021-04-20,0.0,1.0,1.0,2.0,2.0,2.0,3.0,4.0,4.0,5.0,5.0,6.0,9.0,inferred
Bracknell Forest,2021-04-21,0.0,1.0,1.0,2.0,2.0,2.0,3.0,3.0,4.0,4.0,5.0,6.0,8.0,inferred
Bracknell Forest,2021-04-22,0.0,0.0,1.0,1.0,2.0,2.0,3.0,3.0,4.0,4.0,5.0,6.0,8.0,inferred
Bracknell Forest,2021-04-23,0.0,0.0,1.0,1.0,1.0,2.0,2.0,3.0,3.0,3.0,4.0,5.0,7.0,inferred
Bracknell Forest,2021-04-24,0.0,0.0,0.0,1.0,1.0,1.0,2.0,2.0,3.0,3.0,3.0,4.0,6.0,inferred
Bracknell Forest,2021-04-25,0.0,0.0,1.0,1.0,1.0,1.0,2.0,2.0,3.0,3.0,4.0,5.0,7.0,inferred
Bracknell Forest,2021-04-26,0.0,0.0,1.0,1.0,2.0,2.0,2.0,3.0,4.0,4.0,4.0,5.0,8.0,inferred
Bracknell Forest,2021-04-27,0.0,0.0,1.0,1.0,1.0,2.0,2.0,3.0,3.0,4.0,4.0,5.0,7.5,inferred
Bracknell Forest,2021-04-28,0.0,0.0,1.0,1.0,1.0,2.0,2.0,3.0,3.0,4.0,4.0,5.0,8.0,inferred
Bracknell Forest,2021-04-29,0.0,0.0,1.0,1.0,1.0,2.0,2.0,2.0,3.0,4.0,4.0,5.0,7.0,inferred
Bracknell Forest,2021-04-30,0.0,0.0,1.0,1.0,1.0,1.0,2.0,2.0,3.0,3.0,3.0,5.0,7.0,inferred
Bracknell Forest,2021-05-01,0.0,0.0,0.0,0.0,1.0,1.0,1.0,2.0,2.0,2.0,3.0,4.0,6.0,inferred
Bracknell Forest,2021-05-02,0.0,0.0,0.0,1.0,1.0,1.0,2.0,2.0,3.0,3.0,3.0,4.0,6.0,inferred
Bracknell Forest,2021-05-03,0.0,0.0,1.0,1.0,1.0,2.0,2.0,2.0,3.0,3.0,4.0,5.0,7.0,inferred
Bracknell Forest,2021-05-04,0.0,0.0,1.0,1.0,1.0,1.0,2.0,2.0,3.0,3.0,4.0,5.0,7.0,inferred
Bracknell Forest,2021-05-05,0.0,0.0,1.0,1.0,1.0,2.0,2.0,2.0,3.0,3.0,4.0,5.0,7.0,inferred
Bracknell Forest,2021-05-06,0.0,0.0,1.0,1.0,1.0,1.0,2.0,2.0,3.0,3.0,4.0,5.0,6.0,inferred
Bracknell Forest,2021-05-07,0.0,0.0,0.0,1.0,1.0,1.0,2.0,2.0,3.0,3.0,3.0,4.0,6.0,inferred
Bracknell Forest,2021-05-08,0.0,0.0,0.0,0.0,0.0,1.0,1.0,2.0,2.0,2.0,3.0,4.0,6.0,inferred
Bracknell Forest,2021-05-09,0.0,0.0,0.0,1.0,1.0,1.0,2.0,2.0,3.0,3.0,3.0,4.0,6.0,inferred
Bracknell Forest,2021-05-10,0.0,0.0,1.0,1.0,1.0,1.0,2.0,2.0,3.0,3.0,4.0,5.0,7.0,inferred
Bracknell Forest,2021-05-11,0.0,0.0,1.0,1.0,1.0,1.0,2.0,2.0,3.0,3.0,3.0,4.0,6.0,inferred
Bracknell Forest,2021-05-12,0.0,0.0,1.0,1.0,1.0,1.0,2.0,2.0,3.0,3.0,4.0,5.0,7.0,inferred
Bracknell Forest,2021-05-13,0.0,0.0,1.0,1.0,1.0,1.0,2.0,2.0,3.0,3.0,3.0,5.0,6.5,inferred
Bracknell Forest,2021-05-14,0.0,0.0,0.0,1.0,1.0,1.0,2.0,2.0,2.0,3.0,3.0,4.0,6.0,inferred
Bracknell Forest,2021-05-15,0.0,0.0,0.0,0.0,0.0,1.0,1.0,2.0,2.0,2.0,3.0,4.0,5.0,inferred
Bracknell Forest,2021-05-16,0.0,0.0,0.0,1.0,1.0,1.0,2.0,2.0,3.0,3.0,3.0,4.0,6.0,inferred
Bracknell Forest,2021-05-17,0.0,0.0,1.0,1.0,1.0,2.0,2.0,3.0,3.0,3.0,4.0,5.0,7.0,inferred
Bracknell Forest,2021-05-18,0.0,0.0,1.0,1.0,1.0,2.0,2.0,3.0,3.0,4.0,4.0,6.0,8.0,inferred
Bracknell Forest,2021-05-19,0.0,1.0,1.0,2.0,2.0,2.0,3.0,3.0,4.0,4.2,5.0,6.0,9.0,inferred
Bracknell Forest,2021-05-20,0.0,1.0,1.0,2.0,2.0,2.0,3.0,4.0,4.0,5.0,5.0,7.0,9.0,inferred
Bracknell Forest,2021-05-21,0.0,1.0,2.0,2.0,2.0,3.0,3.0,4.0,4.0,5.0,5.0,7.0,9.0,inferred
Bracknell Forest,2021-05-22,0.0,1.0,1.0,2.0,2.0,2.0,3.0,4.0,4.0,5.0,5.0,6.0,9.0,inferred
Bracknell Forest,2021-05-23,0.0,1.0,2.0,3.0,3.0,4.0,4.0,5.0,6.0,6.0,7.0,8.0,11.0,inferred
Bracknell Forest,2021-05-24,1.0,3.0,4.0,4.0,5.0,5.0,6.0,7.0,8.0,8.0,9.0,11.0,13.0,inferred
Bracknell Forest,2021-05-25,2.0,3.0,4.0,5.0,5.0,6.0,7.0,8.0,9.0,9.0,10.0,12.0,15.0,inferred
Bracknell Forest,2021-05-26,2.0,4.0,6.0,6.0,7.0,8.0,9.0,10.0,11.0,11.0,12.0,14.0,18.0,inferred
Bracknell Forest,2021-05-27,3.0,5.0,6.0,7.0,8.0,8.0,9.0,10.0,12.0,12.0,13.0,15.0,18.0,inferred
Bracknell Forest,2021-05-28,3.0,5.0,6.0,7.0,7.0,8.0,9.0,10.0,11.0,12.0,12.2,14.0,18.0,inferred
Bracknell Forest,2021-05-29,3.0,4.0,6.0,6.0,7.0,8.0,9.0,10.0,11.0,11.0,12.0,14.0,17.0,inferred
Bracknell Forest,2021-05-30,4.0,6.0,8.0,8.0,9.0,10.0,11.0,12.0,13.0,14.0,15.0,17.0,21.0,inferred
Bracknell Forest,2021-05-31,6.5,9.0,11.0,12.0,12.0,14.0,15.0,16.0,18.0,19.0,20.0,22.0,26.0,inferred
Bracknell Forest,2021-06-01,7.0,9.0,11.0,12.0,13.0,14.0,15.0,17.0,18.0,19.0,20.0,22.0,27.0,inferred
Bracknell Forest,2021-06-02,7.0,11.0,12.0,13.0,13.0,15.0,16.0,18.0,19.0,20.0,21.0,24.0,29.0,inferred
Bracknell Forest,2021-06-03,7.0,9.0,11.0,12.0,13.0,14.0,15.0,17.0,18.0,19.0,20.0,22.0,27.0,inferred
Bracknell Forest,2021-06-04,6.0,9.0,10.0,11.0,11.0,13.0,14.0,15.0,16.0,17.0,18.0,21.0,25.5,inferred
Bracknell Forest,2021-06-05,4.0,6.0,8.0,9.0,9.0,10.0,11.0,13.0,14.0,15.0,15.0,17.0,21.0,inferred
Bracknell Forest,2021-06-06,6.0,8.0,10.0,11.0,11.0,13.0,14.0,15.0,16.0,17.0,18.0,20.0,24.0,inferred
Bracknell Forest,2021-06-07,8.0,10.9,13.0,13.0,14.0,15.0,17.0,18.0,20.0,20.0,21.0,24.0,28.0,inferred
Bracknell Forest,2021-06-08,7.0,10.0,12.0,13.0,13.0,15.0,16.0,17.0,19.0,20.0,21.0,23.0,28.0,inferred
Bracknell Forest,2021-06-09,8.0,11.0,13.0,13.0,14.0,15.0,17.0,18.0,19.0,20.0,21.0,24.0,28.0,inferred
Bracknell Forest,2021-06-10,7.0,9.0,11.0,12.0,12.0,14.0,15.0,16.0,18.0,18.0,19.0,22.0,26.5,inferred
Bracknell Forest,2021-06-11,5.0,7.0,9.0,10.0,11.0,12.0,13.0,14.0,16.0,17.0,17.0,20.0,23.0,inferred
Bracknell Forest,2021-06-12,4.0,6.0,8.0,8.0,9.0,10.0,11.0,12.0,13.0,14.0,14.0,17.0,20.0,inferred
Bracknell Forest,2021-06-13,5.0,8.0,9.0,10.0,10.0,12.0,13.0,14.0,15.0,16.0,17.0,19.0,23.0,inferred
Bracknell Forest,2021-06-14,7.0,10.0,12.0,12.0,13.0,14.0,16.0,17.0,19.0,19.0,20.0,23.0,27.0,inferred
Bracknell Forest,2021-06-15,7.0,9.0,11.0,12.0,13.0,14.0,15.0,17.0,18.0,19.0,20.0,22.0,26.5,inferred
Bracknell Forest,2021-06-16,7.0,10.0,12.0,13.0,13.0,15.0,16.0,17.0,19.0,20.0,21.0,23.0,27.0,inferred
Bracknell Forest,2021-06-17,6.0,9.0,11.0,11.0,12.0,14.0,15.0,16.0,17.0,18.0,19.0,22.0,27.0,inferred
Bracknell Forest,2021-06-18,5.0,7.0,9.0,10.0,10.0,12.0,13.0,14.0,15.0,16.0,17.0,19.0,24.0,inferred
Bradford,2021-03-06,63.0,72.0,77.0,80.0,81.7,86.0,89.0,92.0,97.0,99.0,102.0,109.0,122.0,inferred
Bradford,2021-03-07,72.0,81.0,87.0,89.0,91.0,96.0,100.0,104.0,108.0,111.0,113.0,121.0,133.5,inferred
Bradford,2021-03-08,95.0,107.0,114.0,116.8,120.0,124.0,128.0,132.0,138.0,140.0,143.0,152.0,167.0,inferred
Bradford,2021-03-09,91.0,99.0,106.0,109.0,111.0,116.0,121.0,126.0,131.0,134.0,137.0,145.0,155.5,inferred
Bradford,2021-03-10,91.0,102.0,109.0,112.0,115.0,119.0,124.0,129.0,133.0,136.0,140.0,148.0,161.0,inferred
Bradford,2021-03-11,82.5,93.0,101.0,103.0,105.0,110.0,114.0,118.0,123.0,126.0,129.2,138.0,150.5,inferred
Bradford,2021-03-12,74.0,84.0,91.0,93.0,96.0,100.0,104.0,108.0,113.3,116.0,119.0,126.0,140.5,inferred
Bradford,2021-03-13,59.0,68.0,74.0,77.0,80.0,84.0,88.0,91.0,95.0,98.0,101.0,108.0,120.0,inferred
Bradford,2021-03-14,67.0,76.0,82.0,84.8,87.0,91.0,95.0,99.0,103.0,106.0,108.0,117.0,130.0,inferred
Bradford,2021-03-15,89.0,101.0,108.0,111.0,113.0,117.0,122.0,127.0,132.0,135.0,138.0,146.0,160.0,inferred
Bradford,2021-03-16,84.0,94.0,101.0,104.0,106.0,111.0,116.0,120.0,126.0,129.0,131.0,141.0,154.0,inferred
Bradford,2021-03-17,88.0,99.0,106.0,109.0,112.0,117.0,122.0,126.0,131.0,134.0,137.0,146.0,160.0,inferred
Bradford,2021-03-18,82.0,92.0,100.0,103.0,106.0,111.0,115.0,119.0,125.0,127.0,130.0,140.0,153.0,inferred
Bradford,2021-03-19,77.0,86.0,93.0,95.0,98.0,102.0,106.0,110.0,115.0,117.0,120.0,128.0,139.0,inferred
Bradford,2021-03-20,60.0,69.0,76.0,78.0,80.0,84.0,88.0,91.4,96.0,99.0,102.0,110.0,121.0,inferred
Bradford,2021-03-21,69.0,78.0,84.0,87.0,90.0,94.0,97.0,102.0,106.0,109.0,112.0,120.0,131.0,inferred
Bradford,2021-03-22,92.0,103.0,111.0,114.0,117.0,121.0,126.0,131.0,137.0,140.0,143.0,152.0,166.0,inferred
Bradford,2021-03-23,85.0,94.0,102.8,105.0,108.0,112.0,116.0,121.0,126.0,129.0,132.0,141.0,156.0,inferred
Bradford,2021-03-24,84.0,94.0,101.0,104.0,107.0,112.0,116.0,121.0,125.0,128.0,131.2,140.1,155.0,inferred
Bradford,2021-03-25,72.0,81.9,88.0,91.0,93.0,97.0,102.0,106.0,110.0,113.0,116.0,124.0,135.0,inferred
Bradford,2021-03-26,60.0,70.0,76.0,78.8,81.0,85.0,89.0,92.0,96.0,98.2,101.0,109.0,122.0,inferred
Bradford,2021-03-27,45.0,52.0,57.8,60.0,61.0,65.0,68.0,72.0,76.0,78.0,81.0,87.0,100.0,inferred
Bradford,2021-03-28,46.0,56.0,61.0,64.0,65.0,69.0,72.0,75.0,79.0,82.0,84.0,91.0,102.0,inferred
Bradford,2021-03-29,62.0,70.0,75.0,78.0,80.0,84.0,88.0,92.0,96.0,98.0,101.0,108.0,121.0,inferred
Bradford,2021-03-30,53.0,62.0,67.0,70.0,72.0,76.0,79.0,83.0,88.0,90.0,93.0,100.0,112.0,inferred
Bradford,2021-03-31,55.0,63.0,69.0,71.0,73.0,76.0,80.0,84.0,88.0,90.0,93.0,99.0,114.0,inferred
Bradford,2021-04-01,48.0,57.0,63.0,65.0,67.0,70.0,73.0,77.0,81.0,83.0,86.0,92.0,104.0,inferred
Bradford,2021-04-02,42.5,50.0,55.0,57.0,59.0,62.0,66.0,69.0,73.0,75.0,77.0,84.0,95.0,inferred
Bradford,2021-04-03,32.0,39.0,44.0,46.0,47.0,50.0,53.0,57.0,60.0,62.0,64.0,69.0,79.0,inferred
Bradford,2021-04-04,37.0,43.0,48.0,49.0,51.0,55.0,58.0,61.0,65.0,67.0,69.0,75.0,87.0,inferred
Bradford,2021-04-05,47.0,56.0,62.0,64.0,66.0,69.0,73.0,77.0,81.0,83.0,85.0,92.0,103.0,inferred
Bradford,2021-04-06,42.0,52.0,57.0,59.0,61.0,64.0,68.0,71.0,75.0,77.0,80.0,87.0,97.0,inferred
Bradford,2021-04-07,44.0,53.0,58.0,60.0,62.0,65.6,69.0,72.0,75.0,77.0,80.0,86.1,98.0,inferred
Bradford,2021-04-08,39.0,47.0,53.0,55.0,57.0,60.0,63.0,66.0,70.0,72.0,75.0,81.0,92.5,inferred
Bradford,2021-04-09,34.0,41.0,46.0,48.0,49.0,52.0,55.0,58.0,62.0,64.0,66.0,72.0,82.0,inferred
Bradford,2021-04-10,26.0,32.0,36.0,38.0,39.0,42.0,45.0,47.0,50.0,52.0,54.0,59.0,67.0,inferred
Bradford,2021-04-11,29.0,35.0,39.0,41.0,43.0,46.0,48.0,51.0,54.0,56.0,59.0,64.0,74.0,inferred
Bradford,2021-04-12,38.0,45.0,49.0,52.0,54.0,57.0,60.0,63.0,67.0,69.0,71.0,77.0,87.0,inferred
Bradford,2021-04-13,34.0,41.0,45.0,47.0,49.0,52.0,55.0,58.0,62.0,64.0,66.0,71.0,80.0,inferred
Bradford,2021-04-14,34.0,41.0,46.0,47.8,49.0,52.0,55.0,58.0,61.0,63.0,65.0,71.0,82.0,inferred
Bradford,2021-04-15,30.0,36.0,41.0,42.0,44.0,46.0,50.0,53.0,56.0,58.0,60.0,65.1,76.0,inferred
Bradford,2021-04-16,25.0,32.0,36.0,38.0,39.0,42.0,45.0,47.0,50.0,52.0,54.0,59.0,68.0,inferred
Bradford,2021-04-17,19.0,25.0,28.0,30.0,31.0,33.0,36.0,39.0,42.0,43.0,45.0,49.0,57.0,inferred
Bradford,2021-04-18,21.0,27.0,31.0,32.0,34.0,36.0,38.0,41.0,44.0,45.0,47.2,52.0,61.0,inferred
Bradford,2021-04-19,29.0,35.0,39.0,41.0,42.0,45.0,48.0,50.4,54.0,56.0,57.0,64.0,73.5,inferred
Bradford,2021-04-20,26.0,32.0,36.0,37.0,39.0,41.0,44.0,47.0,49.0,51.0,54.0,59.0,66.5,inferred
Bradford,2021-04-21,27.0,33.0,36.0,38.0,39.7,43.0,45.0,48.0,51.0,53.0,55.0,61.0,69.0,inferred
Bradford,2021-04-22,23.5,29.0,33.0,35.0,36.0,39.0,41.0,44.0,47.0,48.0,50.0,56.0,66.0,inferred
Bradford,2021-04-23,21.0,26.9,30.0,31.0,33.0,36.0,38.0,41.0,44.0,45.0,47.0,52.0,61.0,inferred
Bradford,2021-04-24,16.0,20.9,24.0,25.0,26.0,28.0,31.0,33.0,36.0,37.0,39.0,43.0,52.0,inferred
Bradford,2021-04-25,17.0,22.0,26.0,27.0,28.0,31.0,34.0,36.0,38.0,39.0,41.0,46.0,55.0,inferred
Bradford,2021-04-26,23.0,30.0,34.0,36.0,38.0,40.0,43.0,45.0,48.0,50.0,52.0,57.0,67.0,inferred
Bradford,2021-04-27,22.0,27.0,31.0,33.0,34.0,36.0,39.0,42.0,45.0,46.0,48.0,53.0,61.0,inferred
Bradford,2021-04-28,23.0,28.0,32.0,34.0,36.0,38.0,41.0,44.0,47.0,48.0,50.0,56.0,64.0,inferred
Bradford,2021-04-29,21.0,26.0,30.0,31.0,32.0,35.0,38.0,41.0,43.0,45.0,47.0,51.1,61.0,inferred
Bradford,2021-04-30,18.0,23.0,27.0,29.0,30.0,32.0,34.0,37.0,39.0,41.0,42.0,47.0,54.0,inferred
Bradford,2021-05-01,14.0,18.0,21.0,22.0,23.0,25.0,27.0,30.0,32.0,34.0,35.0,40.0,47.0,inferred
Bradford,2021-05-02,15.0,20.0,23.0,25.0,26.0,28.0,31.0,33.0,35.0,37.0,39.0,43.0,51.0,inferred
Bradford,2021-05-03,21.0,26.0,30.0,32.0,33.0,36.0,38.0,41.0,44.0,45.0,47.0,53.0,60.0,inferred
Bradford,2021-05-04,19.0,24.0,27.8,29.0,30.7,33.0,36.0,38.0,41.0,43.0,45.0,50.0,59.0,inferred
Bradford,2021-05-05,20.0,25.9,29.0,31.0,32.0,35.0,37.0,40.0,42.0,44.0,45.0,50.0,58.5,inferred
Bradford,2021-05-06,18.0,23.0,26.0,28.0,29.0,31.6,34.0,36.0,39.0,40.0,42.0,47.0,54.0,inferred
Bradford,2021-05-07,16.0,20.0,24.0,25.0,26.0,29.0,31.0,33.0,35.3,37.0,39.0,44.0,51.0,inferred
Bradford,2021-05-08,11.5,16.0,19.0,20.0,21.0,23.0,25.0,27.0,30.0,31.0,33.0,37.0,45.0,inferred
Bradford,2021-05-09,14.0,18.0,21.0,22.0,23.0,25.0,28.0,30.0,33.0,34.0,35.0,39.0,46.0,inferred
Bradford,2021-05-10,20.0,24.0,28.0,29.0,31.0,33.0,36.0,39.0,41.0,43.0,45.0,50.0,58.0,inferred
Bradford,2021-05-11,17.5,23.0,27.0,28.0,30.0,32.0,34.0,37.0,40.0,42.0,43.0,48.0,56.0,inferred
Bradford,2021-05-12,19.0,25.0,29.0,30.0,32.0,34.0,37.0,39.0,42.0,44.0,45.0,50.1,59.0,inferred
Bradford,2021-05-13,19.0,24.0,27.0,29.0,30.0,32.0,35.0,37.0,40.0,41.0,43.0,48.1,57.5,inferred
Bradford,2021-05-14,17.0,22.0,26.0,27.0,29.0,31.0,34.0,36.0,38.0,40.0,42.0,47.0,53.5,inferred
Bradford,2021-05-15,14.0,18.0,21.0,23.0,24.0,26.0,28.0,30.0,33.0,34.0,35.0,40.0,48.0,inferred
Bradford,2021-05-16,17.0,21.0,25.0,26.0,28.0,30.0,32.0,34.0,36.0,38.0,40.0,45.0,52.0,inferred
Bradford,2021-05-17,24.0,30.0,34.0,35.0,37.0,40.0,43.0,46.0,48.0,50.0,52.0,57.1,66.0,inferred
Bradford,2021-05-18,23.0,28.0,33.0,34.0,36.0,39.0,41.0,44.0,46.0,48.0,50.0,55.0,64.0,inferred
Bradford,2021-05-19,25.0,32.0,36.0,37.0,39.0,42.0,44.0,47.0,50.0,51.0,54.0,59.0,68.0,inferred
Bradford,2021-05-20,25.0,30.0,34.0,35.0,37.0,39.0,42.0,45.0,47.0,49.0,51.0,56.0,65.0,inferred
Bradford,2021-05-21,21.0,27.0,31.0,32.0,34.0,36.0,39.0,42.0,45.0,47.0,49.0,54.0,62.0,inferred
Bradford,2021-05-22,17.0,21.0,25.0,27.0,28.0,30.0,33.0,35.0,38.0,39.0,41.0,45.0,54.0,inferred
Bradford,2021-05-23,20.0,25.0,29.0,30.0,32.0,35.0,37.0,40.0,43.0,44.0,46.0,51.0,59.0,inferred
Bradford,2021-05-24,29.0,35.9,40.0,42.0,43.0,46.0,49.0,52.0,55.0,57.0,60.0,65.0,75.5,inferred
Bradford,2021-05-25,28.0,35.0,39.0,41.0,42.0,45.0,48.0,51.0,54.0,56.0,58.0,63.0,71.0,inferred
Bradford,2021-05-26,31.0,38.0,42.0,44.0,46.0,49.0,52.0,54.0,58.0,60.0,62.0,68.0,77.0,inferred
Bradford,2021-05-27,31.0,38.0,42.0,44.0,45.0,48.0,51.0,54.0,58.0,59.0,62.0,67.0,77.0,inferred
Bradford,2021-05-28,29.5,36.0,41.0,42.0,44.0,47.0,50.0,53.0,56.0,58.0,61.0,66.0,74.0,inferred
Bradford,2021-05-29,26.0,30.0,34.0,36.0,37.0,40.0,43.0,46.0,49.0,51.0,52.2,57.1,67.0,inferred
Bradford,2021-05-30,30.0,37.0,42.0,44.0,46.0,48.0,51.0,54.0,58.0,60.0,62.0,68.0,77.0,inferred
Bradford,2021-05-31,45.0,53.0,59.0,60.0,62.0,66.0,69.0,73.0,77.0,79.0,81.0,88.0,98.5,inferred
Bradford,2021-06-01,45.5,54.0,59.0,62.0,64.0,67.0,71.0,74.0,78.0,80.0,83.0,88.0,100.0,inferred
Bradford,2021-06-02,53.0,61.0,67.0,70.0,72.0,76.0,79.0,82.0,86.0,89.0,91.0,97.1,111.0,inferred
Bradford,2021-06-03,53.0,62.0,68.0,70.0,72.0,76.0,79.0,83.0,87.0,90.0,92.0,100.0,111.5,inferred
Bradford,2021-06-04,52.0,60.0,66.8,69.0,71.0,75.0,79.0,83.0,87.0,89.0,92.0,99.0,109.5,inferred
Bradford,2021-06-05,45.0,53.0,59.0,62.0,64.0,67.0,70.0,73.0,77.0,79.0,82.0,89.0,101.0,inferred
Bradford,2021-06-06,55.5,64.0,70.0,72.0,74.7,78.0,82.0,86.0,90.0,93.0,96.0,103.0,113.5,inferred
Bradford,2021-06-07,78.0,90.0,97.0,100.0,103.0,108.0,113.0,117.0,122.0,125.0,127.0,137.0,153.0,inferred
Bradford,2021-06-08,78.0,88.0,96.0,99.0,101.0,106.0,110.0,115.0,120.0,122.0,125.0,134.0,146.0,inferred
Bradford,2021-06-09,82.0,93.0,101.0,104.0,107.0,111.0,116.0,121.0,126.0,128.2,132.0,141.0,156.0,inferred
Bradford,2021-06-10,77.0,88.0,95.0,98.0,101.0,105.0,109.0,114.0,118.0,120.0,123.0,133.0,144.0,inferred
Bradford,2021-06-11,72.0,81.0,88.0,90.0,92.0,97.0,101.0,105.0,110.0,113.0,116.0,123.1,138.0,inferred
Bradford,2021-06-12,56.0,66.0,72.0,75.0,76.0,80.0,84.0,88.0,92.0,94.0,97.0,104.0,119.0,inferred
Bradford,2021-06-13,66.5,74.0,81.0,83.0,86.0,90.0,94.0,98.0,103.0,106.0,109.0,117.0,131.0,inferred
Bradford,2021-06-14,90.0,100.0,108.0,111.0,114.0,119.0,124.0,128.0,133.0,136.0,140.0,151.0,164.0,inferred
Bradford,2021-06-15,89.0,98.0,105.8,108.0,111.0,116.0,121.0,125.0,130.0,133.0,137.0,145.1,160.0,inferred
Bradford,2021-06-16,98.0,109.0,116.0,120.0,123.0,128.0,132.0,137.0,142.0,145.0,149.0,160.0,174.0,inferred
Bradford,2021-06-17,95.0,105.0,113.0,116.0,120.0,125.0,130.0,135.0,141.0,144.0,148.0,159.0,174.0,inferred
Bradford,2021-06-18,89.0,101.0,111.0,114.0,117.0,122.0,127.0,132.0,138.0,141.0,144.0,153.0,169.0,inferred
Braintree,2021-03-06,2.0,3.0,4.0,5.0,5.0,6.0,6.0,7.0,8.0,9.0,9.0,11.0,13.0,inferred
Braintree,2021-03-07,2.0,3.0,4.0,5.0,5.0,6.0,7.0,8.0,9.0,9.0,10.0,11.0,14.5,inferred
Braintree,2021-03-08,3.0,4.0,5.0,6.0,6.0,7.0,8.0,9.0,10.0,10.0,11.0,13.0,15.0,inferred
Braintree,2021-03-09,2.0,4.0,5.0,5.0,6.0,7.0,7.0,8.0,9.0,10.0,10.0,12.0,15.0,inferred
Braintree,2021-03-10,2.0,4.0,5.0,6.0,6.0,7.0,8.0,9.0,10.0,10.0,11.0,12.0,15.5,inferred
Braintree,2021-03-11,2.0,3.0,4.0,5.0,5.0,6.0,7.0,8.0,9.0,9.0,10.0,12.0,14.0,inferred
Braintree,2021-03-12,1.0,3.0,4.0,4.0,5.0,5.0,6.0,7.0,8.0,8.0,9.0,11.0,13.0,inferred
Braintree,2021-03-13,1.0,2.0,3.0,3.0,3.0,4.0,5.0,5.0,6.0,7.0,7.0,8.0,11.0,inferred
Braintree,2021-03-14,1.0,2.0,3.0,4.0,4.0,5.0,5.5,6.0,7.0,8.0,8.0,10.0,12.0,inferred
Braintree,2021-03-15,1.0,3.0,4.0,5.0,5.0,6.0,7.0,7.0,8.0,9.0,9.0,11.0,14.0,inferred
Braintree,2021-03-16,2.0,3.0,4.0,4.0,5.0,5.0,6.0,7.0,8.0,8.0,9.0,11.0,13.0,inferred
Braintree,2021-03-17,1.0,3.0,4.0,4.0,5.0,6.0,6.0,7.0,8.0,9.0,9.0,11.0,13.0,inferred
Braintree,2021-03-18,1.0,2.0,3.0,4.0,4.0,5.0,6.0,6.0,7.0,8.0,8.0,10.0,13.0,inferred
Braintree,2021-03-19,1.0,2.0,3.0,3.0,4.0,4.0,5.0,6.0,7.0,7.0,8.0,9.0,12.0,inferred
Braintree,2021-03-20,0.0,1.0,2.0,2.0,3.0,3.0,4.0,5.0,5.0,6.0,6.0,8.0,10.0,inferred
Braintree,2021-03-21,1.0,2.0,3.0,3.0,3.0,4.0,5.0,5.0,6.0,7.0,7.0,9.0,12.0,inferred
Braintree,2021-03-22,1.0,2.0,3.0,4.0,4.0,5.0,6.0,7.0,8.0,8.0,9.0,10.1,14.0,inferred
Braintree,2021-03-23,1.0,2.0,3.0,4.0,4.0,5.0,6.0,6.0,7.0,8.0,8.0,10.0,12.0,inferred
Braintree,2021-03-24,1.0,2.0,3.0,4.0,4.0,5.0,6.0,7.0,7.0,8.0,9.0,10.0,13.0,inferred
Braintree,2021-03-25,1.0,2.0,3.0,3.0,4.0,4.0,5.0,6.0,7.0,7.0,8.0,9.0,12.0,inferred
Braintree,2021-03-26,1.0,2.0,2.0,3.0,3.0,4.0,4.0,5.0,6.0,6.0,6.0,8.0,10.0,inferred
Braintree,2021-03-27,0.0,1.0,1.8,2.0,2.0,3.0,3.0,4.0,4.0,5.0,5.0,6.0,9.0,inferred
Braintree,2021-03-28,0.0,1.0,2.0,2.0,2.0,3.0,3.0,4.0,5.0,5.0,6.0,7.0,9.0,inferred
Braintree,2021-03-29,0.0,1.0,2.0,2.0,3.0,3.0,4.0,4.0,5.0,5.0,6.0,7.0,10.0,inferred
Braintree,2021-03-30,0.0,1.0,2.0,2.0,2.0,3.0,3.0,4.0,5.0,5.0,5.0,7.0,9.0,inferred
Braintree,2021-03-31,0.0,1.0,2.0,2.0,2.0,3.0,3.0,4.0,4.0,5.0,5.0,6.0,9.0,inferred
Braintree,2021-04-01,0.0,1.0,1.0,2.0,2.0,2.0,3.0,3.0,4.0,4.0,5.0,6.0,8.0,inferred
Braintree,2021-04-02,0.0,0.0,1.0,1.0,1.0,2.0,2.0,3.0,3.0,4.0,4.0,5.0,7.0,inferred
Braintree,2021-04-03,0.0,0.0,1.0,1.0,1.0,1.0,2.0,2.0,3.0,3.0,3.0,4.0,6.0,inferred
Braintree,2021-04-04,0.0,0.0,1.0,1.0,1.0,2.0,2.0,2.0,3.0,3.0,4.0,5.0,7.0,inferred
Braintree,2021-04-05,0.0,0.0,1.0,1.0,2.0,2.0,2.0,3.0,3.0,4.0,4.0,5.0,7.0,inferred
Braintree,2021-04-06,0.0,0.0,1.0,1.0,1.0,2.0,2.0,3.0,3.0,4.0,4.0,5.0,7.0,inferred
Braintree,2021-04-07,0.0,0.0,1.0,1.0,1.0,2.0,2.0,3.0,3.0,4.0,4.0,5.0,7.0,inferred
Braintree,2021-04-08,0.0,0.0,1.0,1.0,1.0,2.0,2.0,2.0,3.0,3.0,4.0,5.0,7.0,inferred
Braintree,2021-04-09,0.0,0.0,1.0,1.0,1.0,1.0,2.0,2.0,3.0,3.0,3.0,4.0,6.0,inferred
Braintree,2021-04-10,0.0,0.0,0.0,0.0,1.0,1.0,1.0,2.0,2.0,2.0,3.0,4.0,5.0,inferred
Braintree,2021-04-11,0.0,0.0,0.0,1.0,1.0,1.0,1.0,2.0,2.0,3.0,3.0,4.0,6.0,inferred
Braintree,2021-04-12,0.0,0.0,1.0,1.0,1.0,1.0,2.0,2.0,3.0,3.0,3.0,4.0,6.0,inferred
Braintree,2021-04-13,0.0,0.0,1.0,1.0,1.0,1.0,2.0,2.0,3.0,3.0,3.0,4.0,6.0,inferred
Braintree,2021-04-14,0.0,0.0,1.0,1.0,1.0,2.0,2.0,2.0,3.0,3.0,3.0,4.0,6.0,inferred
Braintree,2021-04-15,0.0,0.0,1.0,1.0,1.0,1.0,2.0,2.0,3.0,3.0,3.0,4.0,6.0,inferred
Braintree,2021-04-16,0.0,0.0,0.0,1.0,1.0,1.0,2.0,2.0,2.0,3.0,3.0,4.0,6.0,inferred
Braintree,2021-04-17,0.0,0.0,0.0,0.0,1.0,1.0,1.0,2.0,2.0,2.0,3.0,4.0,5.0,inferred
Braintree,2021-04-18,0.0,0.0,0.0,1.0,1.0,1.0,1.0,2.0,2.0,3.0,3.0,4.0,5.5,inferred
Braintree,2021-04-19,0.0,0.0,1.0,1.0,1.0,2.0,2.0,2.0,3.0,3.0,4.0,5.0,7.0,inferred
Braintree,2021-04-20,0.0,0.0,1.0,1.0,1.0,1.0,2.0,2.0,3.0,3.0,3.0,5.0,6.0,inferred
Braintree,2021-04-21,0.0,0.0,1.0,1.0,1.0,1.0,2.0,2.0,3.0,3.0,4.0,5.0,6.0,inferred
Braintree,2021-04-22,0.0,0.0,1.0,1.0,1.0,1.0,2.0,2.0,3.0,3.0,3.0,4.0,6.0,inferred
Braintree,2021-04-23,0.0,0.0,0.0,1.0,1.0,1.0,1.0,2.0,2.0,3.0,3.0,4.0,6.0,inferred
Braintree,2021-04-24,0.0,0.0,0.0,0.0,1.0,1.0,1.0,1.0,2.0,2.0,3.0,4.0,5.0,inferred
Braintree,2021-04-25,0.0,0.0,0.0,0.0,1.0,1.0,1.0,2.0,2.0,2.0,3.0,4.0,5.0,inferred
Braintree,2021-04-26,0.0,0.0,1.0,1.0,1.0,1.0,2.0,2.0,3.0,3.0,3.0,4.0,6.0,inferred
Braintree,2021-04-27,0.0,0.0,0.0,1.0,1.0,1.0,2.0,2.0,3.0,3.0,3.0,4.0,6.0,inferred
Braintree,2021-04-28,0.0,0.0,1.0,1.0,1.0,1.0,2.0,2.0,3.0,3.0,3.0,4.0,6.0,inferred
Braintree,2021-04-29,0.0,0.0,0.0,1.0,1.0,1.0,2.0,2.0,2.0,3.0,3.0,4.0,6.0,inferred
Braintree,2021-04-30,0.0,0.0,0.0,1.0,1.0,1.0,1.0,2.0,2.0,3.0,3.0,4.0,5.0,inferred
Braintree,2021-05-01,0.0,0.0,0.0,0.0,0.0,1.0,1.0,1.0,2.0,2.0,2.0,3.0,5.0,inferred
Braintree,2021-05-02,0.0,0.0,0.0,0.0,1.0,1.0,1.0,2.0,2.0,2.0,3.0,4.0,6.0,inferred
Braintree,2021-05-03,0.0,0.0,0.0,1.0,1.0,1.0,2.0,2.0,2.0,3.0,3.0,4.0,6.0,inferred
Braintree,2021-05-04,0.0,0.0,0.0,1.0,1.0,1.0,1.0,2.0,2.0,3.0,3.0,4.0,6.0,inferred
Braintree,2021-05-05,0.0,0.0,0.0,1.0,1.0,1.0,2.0,2.0,2.0,3.0,3.0,4.0,6.0,inferred
Braintree,2021-05-06,0.0,0.0,0.0,1.0,1.0,1.0,1.0,2.0,2.0,2.0,3.0,4.0,5.5,inferred
Braintree,2021-05-07,0.0,0.0,0.0,0.0,1.0,1.0,1.0,2.0,2.0,2.0,3.0,4.0,5.0,inferred
Braintree,2021-05-08,0.0,0.0,0.0,0.0,0.0,1.0,1.0,1.0,2.0,2.0,2.0,3.0,5.0,inferred
Braintree,2021-05-09,0.0,0.0,0.0,0.0,1.0,1.0,1.0,1.0,2.0,2.0,2.0,3.0,5.0,inferred
Braintree,2021-05-10,0.0,0.0,0.0,1.0,1.0,1.0,1.0,2.0,2.0,3.0,3.0,4.0,6.0,inferred
Braintree,2021-05-11,0.0,0.0,0.0,0.0,1.0,1.0,1.0,2.0,2.0,2.0,3.0,4.0,6.0,inferred
Braintree,2021-05-12,0.0,0.0,0.0,1.0,1.0,1.0,1.0,2.0,2.0,3.0,3.0,4.0,6.0,inferred
Braintree,2021-05-13,0.0,0.0,0.0,0.0,1.0,1.0,1.0,2.0,2.0,2.0,3.0,4.0,5.0,inferred
Braintree,2021-05-14,0.0,0.0,0.0,0.0,0.0,1.0,1.0,1.0,2.0,2.0,2.0,3.0,5.0,inferred
Braintree,2021-05-15,0.0,0.0,0.0,0.0,0.0,0.0,1.0,1.0,1.0,2.0,2.0,3.0,4.0,inferred
Braintree,2021-05-16,0.0,0.0,0.0,0.0,0.0,1.0,1.0,1.0,2.0,2.0,2.0,3.0,5.0,inferred
Braintree,2021-05-17,0.0,0.0,0.0,0.0,0.0,1.0,1.0,1.0,2.0,2.0,3.0,3.0,5.0,inferred
Braintree,2021-05-18,0.0,0.0,0.0,0.0,0.0,1.0,1.0,1.0,2.0,2.0,2.0,3.0,5.0,inferred
Braintree,2021-05-19,0.0,0.0,0.0,0.0,0.0,1.0,1.0,1.0,2.0,2.0,3.0,3.0,5.0,inferred
Braintree,2021-05-20,0.0,0.0,0.0,0.0,0.0,1.0,1.0,1.0,2.0,2.0,2.0,3.0,5.0,inferred
Braintree,2021-05-21,0.0,0.0,0.0,0.0,0.0,1.0,1.0,1.0,2.0,2.0,2.0,3.0,4.0,inferred
Braintree,2021-05-22,0.0,0.0,0.0,0.0,0.0,0.0,1.0,1.0,1.0,2.0,2.0,3.0,4.0,inferred
Braintree,2021-05-23,0.0,0.0,0.0,0.0,0.0,1.0,1.0,1.0,2.0,2.0,2.0,3.0,4.0,inferred
Braintree,2021-05-24,0.0,0.0,0.0,0.0,1.0,1.0,1.0,2.0,2.0,2.0,3.0,4.0,5.0,inferred
Braintree,2021-05-25,0.0,0.0,0.0,0.0,1.0,1.0,1.0,1.0,2.0,2.0,3.0,3.0,5.0,inferred
Braintree,2021-05-26,0.0,0.0,0.0,1.0,1.0,1.0,1.0,2.0,2.0,3.0,3.0,4.0,6.0,inferred
Braintree,2021-05-27,0.0,0.0,0.0,1.0,1.0,1.0,1.0,2.0,2.0,3.0,3.0,4.0,5.0,inferred
Braintree,2021-05-28,0.0,0.0,0.0,0.0,1.0,1.0,1.0,2.0,2.0,2.0,3.0,4.0,5.0,inferred
Braintree,2021-05-29,0.0,0.0,0.0,0.0,0.0,1.0,1.0,2.0,2.0,2.0,3.0,3.0,5.0,inferred
Braintree,2021-05-30,0.0,0.0,0.0,1.0,1.0,1.0,1.0,2.0,2.0,3.0,3.0,4.0,6.0,inferred
Braintree,2021-05-31,0.0,0.0,1.0,1.0,1.0,2.0,2.0,3.0,3.0,3.0,4.0,5.0,6.5,inferred
Braintree,2021-06-01,0.0,0.0,1.0,1.0,1.0,2.0,2.0,3.0,3.0,4.0,4.0,5.0,7.0,inferred
Braintree,2021-06-02,0.0,0.0,1.0,1.0,2.0,2.0,3.0,3.0,4.0,4.0,4.0,5.0,7.0,inferred
Braintree,2021-06-03,0.0,1.0,1.0,1.0,2.0,2.0,3.0,3.0,4.0,4.0,4.0,6.0,8.0,inferred
Braintree,2021-06-04,0.0,0.0,1.0,1.0,1.0,2.0,2.0,3.0,4.0,4.0,4.0,5.0,7.0,inferred
Braintree,2021-06-05,0.0,0.0,1.0,1.0,1.0,2.0,2.0,3.0,3.0,3.2,4.0,5.0,7.0,inferred
Braintree,2021-06-06,0.0,1.0,1.0,2.0,2.0,2.0,3.0,3.0,4.0,4.0,5.0,6.0,8.0,inferred
Braintree,2021-06-07,0.0,1.0,2.0,2.0,3.0,3.0,4.0,5.0,5.0,6.0,6.0,8.0,10.0,inferred
Braintree,2021-06-08,0.0,1.0,2.0,3.0,3.0,4.0,4.0,5.0,6.0,6.0,6.0,8.0,10.0,inferred
Braintree,2021-06-09,1.0,2.0,3.0,3.0,3.0,4.0,5.0,5.0,6.0,7.0,7.0,9.0,12.0,inferred
Braintree,2021-06-10,1.0,2.0,3.0,3.0,3.0,4.0,5.0,5.4,6.0,7.0,7.0,9.0,12.0,inferred
Braintree,2021-06-11,1.0,2.0,2.0,3.0,3.0,4.0,5.0,5.0,6.0,7.0,7.0,8.0,11.0,inferred
Braintree,2021-06-12,0.0,1.0,2.0,3.0,3.0,3.0,4.0,5.0,5.0,6.0,6.0,7.0,9.0,inferred
Braintree,2021-06-13,1.0,2.0,3.0,3.0,4.0,4.0,5.0,6.0,6.0,7.0,8.0,9.0,11.5,inferred
Braintree,2021-06-14,2.0,3.0,4.0,5.0,5.0,6.0,7.0,8.0,8.0,9.0,9.0,11.0,14.0,inferred
Braintree,2021-06-15,2.0,3.0,5.0,5.0,5.0,6.0,7.0,8.0,9.0,9.0,10.0,12.0,14.0,inferred
Braintree,2021-06-16,2.0,4.0,5.0,6.0,6.0,7.0,8.0,9.0,10.0,10.0,11.0,13.0,16.0,inferred
Braintree,2021-06-17,2.0,4.0,5.0,6.0,6.0,7.0,8.0,9.0,10.0,10.0,11.0,13.0,17.0,inferred
Braintree,2021-06-18,2.0,4.0,5.0,5.0,6.0,7.0,8.0,9.0,10.0,10.0,11.0,13.0,16.0,inferred
Breckland,2021-03-06,3.0,4.0,6.0,6.0,7.0,8.0,9.0,10.0,11.0,12.0,13.0,15.0,19.0,inferred
Breckland,2021-03-07,3.0,5.0,7.0,8.0,8.0,10.0,11.0,12.0,13.0,14.0,15.0,17.0,21.5,inferred
Breckland,2021-03-08,5.0,8.0,9.0,10.0,11.0,12.0,14.0,15.0,16.0,17.0,18.0,21.0,25.0,inferred
Breckland,2021-03-09,5.0,7.0,9.0,10.0,10.0,12.0,13.0,14.0,15.0,16.0,18.0,20.0,25.0,inferred
Breckland,2021-03-10,5.0,8.0,10.0,10.0,11.0,12.0,14.0,15.0,16.0,17.0,18.0,21.0,26.0,inferred
Breckland,2021-03-11,4.0,7.0,8.0,9.0,10.0,11.0,12.0,14.0,15.0,16.0,17.0,19.1,24.0,inferred
Breckland,2021-03-12,4.0,6.0,8.0,8.0,9.0,10.0,11.0,13.0,14.0,14.0,15.0,18.0,22.0,inferred
Breckland,2021-03-13,2.0,4.0,6.0,6.0,7.0,8.0,9.0,10.0,11.0,12.0,13.0,15.0,19.0,inferred
Breckland,2021-03-14,4.0,5.0,7.0,8.0,9.0,10.0,11.0,12.0,13.0,14.0,15.0,18.0,22.0,inferred
Breckland,2021-03-15,5.0,7.0,9.0,9.0,10.0,12.0,13.0,14.0,16.0,16.0,17.0,20.0,25.0,inferred
Breckland,2021-03-16,4.0,7.0,9.0,9.0,10.0,11.0,12.5,14.0,15.0,16.0,17.0,20.0,25.0,inferred
Breckland,2021-03-17,5.0,7.0,9.0,10.0,10.0,12.0,13.0,15.0,16.0,17.0,18.0,20.0,26.0,inferred
Breckland,2021-03-18,4.0,6.0,8.0,9.0,10.0,11.0,12.0,14.0,15.0,16.0,17.0,19.0,24.0,inferred
Breckland,2021-03-19,4.0,6.0,8.0,8.0,9.0,10.0,11.0,12.0,14.0,14.0,15.0,18.0,22.5,inferred
Breckland,2021-03-20,2.0,4.0,6.0,6.0,7.0,8.0,9.0,10.0,11.0,12.0,13.0,16.0,20.0,inferred
Breckland,2021-03-21,3.0,5.0,7.0,7.0,8.0,9.0,10.0,11.0,13.0,13.0,14.0,17.0,21.0,inferred
Breckland,2021-03-22,4.0,7.0,9.0,9.0,10.0,11.0,12.0,14.0,15.0,16.0,17.0,20.0,24.0,inferred
Breckland,2021-03-23,3.5,6.0,7.0,8.0,9.0,10.0,11.0,13.0,14.0,15.0,16.0,18.0,23.0,inferred
Breckland,2021-03-24,4.0,6.0,8.0,8.0,9.0,10.0,11.0,12.0,14.0,15.0,16.0,18.0,22.0,inferred
Breckland,2021-03-25,3.0,5.0,6.0,7.0,7.0,9.0,10.0,11.0,12.0,13.0,14.0,16.0,21.0,inferred
Breckland,2021-03-26,2.0,3.0,5.0,5.0,6.0,7.0,8.0,9.0,10.0,11.0,11.0,14.0,17.0,inferred
Breckland,2021-03-27,1.0,2.0,3.0,4.0,4.0,5.0,6.0,7.0,8.0,8.0,9.0,11.0,14.0,inferred
Breckland,2021-03-28,1.0,2.0,3.0,4.0,4.0,5.0,6.0,7.0,8.0,9.0,10.0,12.0,16.0,inferred
Breckland,2021-03-29,1.0,3.0,4.0,5.0,5.0,6.0,7.0,8.0,9.0,10.0,11.0,13.0,17.0,inferred
Breckland,2021-03-30,1.0,2.0,4.0,4.0,5.0,5.0,6.0,7.0,8.0,9.0,9.0,11.0,15.5,inferred
Breckland,2021-03-31,1.0,2.0,3.8,4.0,4.0,5.0,6.0,7.0,8.0,9.0,10.0,12.0,15.0,inferred
Breckland,2021-04-01,1.0,2.0,3.0,3.0,4.0,4.0,5.0,6.0,7.0,8.0,8.0,10.0,13.0,inferred
Breckland,2021-04-02,0.0,1.0,2.0,2.0,3.0,3.0,4.0,5.0,6.0,6.0,7.0,9.0,11.0,inferred
Breckland,2021-04-03,0.0,1.0,1.0,2.0,2.0,2.0,3.0,4.0,5.0,5.0,6.0,7.0,10.5,inferred
Breckland,2021-04-04,0.0,1.0,1.0,2.0,2.0,3.0,3.0,4.0,5.0,5.0,6.0,8.0,10.5,inferred
Breckland,2021-04-05,0.0,1.0,2.0,2.0,3.0,3.0,4.0,5.0,6.0,6.0,7.0,8.0,12.0,inferred
Breckland,2021-04-06,0.0,1.0,2.0,2.0,2.0,3.0,4.0,4.0,5.0,6.0,6.0,8.0,11.0,inferred
Breckland,2021-04-07,0.0,1.0,2.0,2.0,2.0,3.0,4.0,4.0,5.0,6.0,6.0,8.0,11.0,inferred
Breckland,2021-04-08,0.0,1.0,1.0,2.0,2.0,3.0,3.0,4.0,5.0,5.0,6.0,7.0,11.0,inferred
Breckland,2021-04-09,0.0,0.0,1.0,1.0,2.0,2.0,3.0,3.0,4.0,4.0,5.0,6.0,9.0,inferred
Breckland,2021-04-10,0.0,0.0,1.0,1.0,1.0,2.0,2.0,3.0,4.0,4.0,4.0,6.0,8.0,inferred
Breckland,2021-04-11,0.0,0.0,1.0,1.0,1.0,2.0,2.0,3.0,4.0,4.0,5.0,6.0,9.0,inferred
Breckland,2021-04-12,0.0,1.0,1.0,1.0,2.0,2.0,3.0,4.0,4.0,5.0,5.0,7.0,10.0,inferred
Breckland,2021-04-13,0.0,0.0,1.0,1.0,2.0,2.0,3.0,3.0,4.0,4.0,5.0,7.0,10.0,inferred
Breckland,2021-04-14,0.0,1.0,1.0,1.0,2.0,2.0,3.0,3.0,4.0,5.0,5.0,7.0,10.0,inferred
Breckland,2021-04-15,0.0,0.0,1.0,1.0,1.0,2.0,2.0,3.0,4.0,4.0,5.0,6.0,9.0,inferred
Breckland,2021-04-16,0.0,0.0,1.0,1.0,1.0,2.0,2.0,3.0,3.0,4.0,4.0,6.0,8.0,inferred
Breckland,2021-04-17,0.0,0.0,0.0,1.0,1.0,1.0,2.0,2.0,3.0,3.0,3.0,5.0,7.0,inferred
Breckland,2021-04-18,0.0,0.0,1.0,1.0,1.0,1.0,2.0,2.0,3.0,4.0,4.0,6.0,9.0,inferred
Breckland,2021-04-19,0.0,0.0,1.0,1.0,1.0,2.0,2.0,3.0,4.0,4.0,5.0,6.0,8.0,inferred
Breckland,2021-04-20,0.0,0.0,1.0,1.0,1.0,2.0,2.0,3.0,4.0,4.0,4.0,6.0,8.0,inferred
Breckland,2021-04-21,0.0,0.0,1.0,1.0,1.0,2.0,2.0,3.0,4.0,4.0,5.0,6.0,9.0,inferred
Breckland,2021-04-22,0.0,0.0,1.0,1.0,1.0,2.0,2.0,3.0,4.0,4.0,4.0,6.0,8.0,inferred
Breckland,2021-04-23,0.0,0.0,1.0,1.0,1.0,1.0,2.0,2.4,3.0,4.0,4.0,5.0,8.0,inferred
Breckland,2021-04-24,0.0,0.0,0.0,1.0,1.0,1.0,1.0,2.0,3.0,3.0,3.0,5.0,7.0,inferred
Breckland,2021-04-25,0.0,0.0,1.0,1.0,1.0,1.0,2.0,2.0,3.0,3.2,4.0,5.0,8.0,inferred
Breckland,2021-04-26,0.0,0.0,1.0,1.0,1.0,2.0,2.0,3.0,4.0,4.0,5.0,6.0,9.0,inferred
Breckland,2021-04-27,0.0,0.0,1.0,1.0,1.0,2.0,2.0,3.0,4.0,4.0,5.0,6.0,9.0,inferred
Breckland,2021-04-28,0.0,0.0,1.0,1.0,2.0,2.0,3.0,3.0,4.0,5.0,5.0,7.0,10.0,inferred
Breckland,2021-04-29,0.0,0.0,1.0,1.0,2.0,2.0,3.0,3.0,4.0,4.0,5.0,6.0,9.0,inferred
Breckland,2021-04-30,0.0,0.0,1.0,1.0,1.0,2.0,2.0,3.0,4.0,4.0,5.0,6.0,9.0,inferred
Breckland,2021-05-01,0.0,0.0,1.0,1.0,1.0,1.0,2.0,2.0,3.0,3.0,4.0,5.0,8.0,inferred
Breckland,2021-05-02,0.0,0.0,1.0,1.0,1.0,2.0,2.0,3.0,4.0,4.0,4.0,6.0,8.0,inferred
Breckland,2021-05-03,0.0,0.9,1.0,1.0,2.0,2.0,3.0,4.0,4.0,5.0,5.0,7.0,10.0,inferred
Breckland,2021-05-04,0.0,1.0,1.0,2.0,2.0,2.0,3.0,4.0,4.0,5.0,5.0,7.0,10.0,inferred
Breckland,2021-05-05,0.0,1.0,1.0,2.0,2.0,3.0,3.0,4.0,5.0,5.0,5.0,7.0,10.0,inferred
Breckland,2021-05-06,0.0,0.0,1.0,1.0,2.0,2.0,3.0,4.0,4.0,5.0,5.0,7.0,10.0,inferred
Breckland,2021-05-07,0.0,0.0,1.0,1.0,1.0,2.0,2.0,3.0,4.0,4.0,5.0,6.0,9.0,inferred
Breckland,2021-05-08,0.0,0.0,1.0,1.0,1.0,1.0,2.0,2.0,3.0,3.0,4.0,5.0,7.0,inferred
Breckland,2021-05-09,0.0,0.0,1.0,1.0,1.0,2.0,2.0,3.0,4.0,4.0,5.0,6.0,9.0,inferred
Breckland,2021-05-10,0.0,1.0,1.0,1.0,2.0,2.0,3.0,4.0,4.0,5.0,5.0,7.0,10.0,inferred
Breckland,2021-05-11,0.0,0.0,1.0,1.0,2.0,2.0,3.0,3.0,4.0,4.0,5.0,6.1,9.5,inferred
Breckland,2021-05-12,0.0,1.0,1.0,1.0,2.0,2.0,3.0,3.0,4.0,5.0,5.0,7.0,10.0,inferred
Breckland,2021-05-13,0.0,0.0,1.0,1.0,2.0,2.0,3.0,3.0,4.0,4.0,5.0,7.0,10.0,inferred
Breckland,2021-05-14,0.0,0.0,1.0,1.0,1.0,2.0,2.0,3.0,4.0,4.0,5.0,6.0,9.0,inferred
Breckland,2021-05-15,0.0,0.0,1.0,1.0,1.0,2.0,2.0,3.0,3.0,4.0,4.0,5.0,8.0,inferred
Breckland,2021-05-16,0.0,0.0,1.0,1.0,1.0,2.0,2.0,3.0,4.0,4.0,5.0,6.0,9.0,inferred
Breckland,2021-05-17,0.0,1.0,1.0,2.0,2.0,2.0,3.0,4.0,5.0,5.0,6.0,7.0,10.0,inferred
Breckland,2021-05-18,0.0,1.0,1.0,2.0,2.0,2.0,3.0,4.0,5.0,5.0,6.0,7.0,10.0,inferred
Breckland,2021-05-19,0.0,1.0,2.0,2.0,2.0,3.0,4.0,4.0,5.0,6.0,6.0,8.0,11.0,inferred
Breckland,2021-05-20,0.0,1.0,1.0,2.0,2.0,3.0,3.0,4.0,5.0,5.2,6.0,8.0,11.0,inferred
Breckland,2021-05-21,0.0,0.0,1.0,2.0,2.0,2.0,3.0,4.0,5.0,5.0,5.2,7.0,10.0,inferred
Breckland,2021-05-22,0.0,0.0,1.0,1.0,1.0,2.0,2.0,3.0,4.0,4.0,5.0,6.0,9.0,inferred
Breckland,2021-05-23,0.0,1.0,1.0,2.0,2.0,2.0,3.0,4.0,4.0,5.0,6.0,7.0,10.0,inferred
Breckland,2021-05-24,0.0,1.0,2.0,2.0,3.0,3.0,4.0,5.0,6.0,6.0,7.0,9.0,12.0,inferred
Breckland,2021-05-25,0.0,1.0,2.0,2.0,2.0,3.0,4.0,5.0,5.0,6.0,6.0,8.0,11.0,inferred
Breckland,2021-05-26,0.0,1.0,2.0,2.0,3.0,4.0,4.0,5.0,6.0,7.0,7.0,9.0,13.0,inferred
Breckland,2021-05-27,0.0,1.0,2.0,2.0,2.0,3.0,4.0,4.0,5.0,6.0,6.0,8.0,11.0,inferred
Breckland,2021-05-28,0.0,1.0,1.0,2.0,2.0,3.0,3.0,4.0,5.0,5.0,6.0,7.0,10.0,inferred
Breckland,2021-05-29,0.0,0.0,1.0,1.0,1.0,2.0,3.0,3.0,4.0,4.0,5.0,6.0,9.0,inferred
Breckland,2021-05-30,0.0,1.0,1.0,1.0,2.0,2.0,3.0,4.0,4.0,5.0,5.0,7.0,10.0,inferred
Breckland,2021-05-31,0.0,1.0,2.0,2.0,2.0,3.0,4.0,5.0,5.0,6.0,7.0,8.0,11.5,inferred
Breckland,2021-06-01,0.0,1.0,2.0,2.0,2.0,3.0,4.0,4.0,5.0,6.0,6.0,8.0,11.0,inferred
Breckland,2021-06-02,0.0,1.0,2.0,2.0,2.0,3.0,4.0,4.0,5.0,6.0,7.0,8.0,11.0,inferred
Breckland,2021-06-03,0.0,1.0,2.0,2.0,2.0,3.0,3.0,4.0,5.0,6.0,6.0,8.0,11.0,inferred
Breckland,2021-06-04,0.0,1.0,1.0,2.0,2.0,3.0,3.0,4.0,5.0,5.0,6.0,7.0,10.0,inferred
Breckland,2021-06-05,0.0,0.0,1.0,1.0,2.0,2.0,3.0,3.0,4.0,4.0,5.0,6.0,9.0,inferred
Breckland,2021-06-06,0.0,1.0,1.0,2.0,2.0,3.0,3.0,4.0,5.0,5.0,5.0,7.0,10.0,inferred
Breckland,2021-06-07,0.0,1.0,2.0,2.0,2.0,3.0,4.0,5.0,5.0,6.0,7.0,8.0,12.0,inferred
Breckland,2021-06-08,0.0,1.0,2.0,2.0,2.0,3.0,4.0,5.0,5.0,6.0,6.0,8.0,11.0,inferred
Breckland,2021-06-09,0.0,1.0,2.0,2.0,3.0,3.0,4.0,5.0,6.0,6.0,7.0,9.0,12.0,inferred
Breckland,2021-06-10,0.0,1.0,2.0,2.0,2.0,3.0,4.0,5.0,5.0,6.0,6.2,8.0,11.0,inferred
Breckland,2021-06-11,0.0,1.0,1.8,2.0,2.0,3.0,3.0,4.0,5.0,5.0,6.0,8.0,11.0,inferred
Breckland,2021-06-12,0.0,0.0,1.0,1.0,2.0,2.0,3.0,3.0,4.0,4.0,5.0,6.0,9.0,inferred
Breckland,2021-06-13,0.0,1.0,1.0,2.0,2.0,3.0,3.0,4.0,5.0,5.0,6.0,7.0,10.0,inferred
Breckland,2021-06-14,0.0,1.0,2.0,2.0,3.0,3.0,4.0,5.0,6.0,7.0,7.0,9.0,12.0,inferred
Breckland,2021-06-15,0.0,1.0,2.0,2.0,3.0,3.0,4.0,5.0,6.0,6.0,7.0,9.0,12.0,inferred
Breckland,2021-06-16,0.0,1.0,2.0,2.0,3.0,3.0,4.0,5.0,6.0,7.0,7.0,9.0,13.0,inferred
Breckland,2021-06-17,0.0,1.0,2.0,2.0,3.0,3.0,4.0,5.0,6.0,6.0,7.0,9.0,12.0,inferred
Breckland,2021-06-18,0.0,1.0,2.0,2.0,2.0,3.0,4.0,4.0,5.0,6.0,6.0,8.0,12.0,inferred
Brent,2021-03-06,9.0,12.0,14.0,15.0,15.0,17.0,18.0,19.0,21.0,21.0,22.0,25.0,29.0,inferred
Brent,2021-03-07,11.0,14.0,16.0,17.0,18.0,19.0,20.0,22.0,24.0,25.0,26.0,29.0,33.0,inferred
Brent,2021-03-08,14.0,18.9,21.0,22.0,22.0,24.0,26.0,27.0,30.0,30.0,32.0,35.0,40.0,inferred
Brent,2021-03-09,14.0,18.0,20.0,21.0,22.0,24.0,25.0,27.0,29.0,30.0,31.0,34.0,38.5,inferred
Brent,2021-03-10,14.0,18.0,20.0,22.0,23.0,24.0,26.0,27.0,29.0,30.0,31.0,34.0,39.0,inferred
Brent,2021-03-11,14.0,16.0,19.0,20.0,21.0,22.0,24.0,25.0,27.0,28.0,29.0,32.0,37.0,inferred
Brent,2021-03-12,11.0,14.0,16.0,17.0,18.0,19.0,21.0,22.0,24.0,25.0,26.0,29.1,34.0,inferred
Brent,2021-03-13,8.5,11.0,13.0,14.0,14.0,16.0,17.0,19.0,20.0,21.0,22.0,25.0,29.0,inferred
Brent,2021-03-14,10.0,13.0,15.0,16.0,17.0,18.0,20.0,21.0,22.0,23.0,24.0,27.0,32.0,inferred
Brent,2021-03-15,14.0,17.0,20.0,20.0,22.0,23.0,25.0,26.0,28.0,29.0,31.0,34.0,40.0,inferred
Brent,2021-03-16,13.0,17.0,19.0,20.0,21.0,23.0,24.5,26.0,28.0,29.0,30.0,34.0,38.0,inferred
Brent,2021-03-17,14.0,17.0,20.0,21.0,22.0,23.0,25.0,27.0,29.0,30.0,31.0,34.0,40.0,inferred
Brent,2021-03-18,13.0,16.0,19.0,20.0,20.0,22.0,23.0,25.0,27.0,28.0,29.0,32.0,38.0,inferred
Brent,2021-03-19,11.0,14.0,16.0,17.0,18.0,19.0,21.0,22.0,24.0,25.0,26.0,29.0,33.0,inferred
Brent,2021-03-20,8.0,11.0,13.0,14.0,14.0,16.0,17.0,19.0,20.0,21.0,22.0,25.0,29.0,inferred
Brent,2021-03-21,10.0,12.0,15.0,15.0,16.0,18.0,19.0,20.0,22.0,23.0,24.0,27.0,32.0,inferred
Brent,2021-03-22,13.0,17.0,19.0,20.0,21.0,22.0,24.0,25.0,27.0,28.0,29.0,33.0,38.0,inferred
Brent,2021-03-23,12.0,16.0,18.0,19.0,20.0,22.0,23.0,25.0,26.0,27.0,28.0,31.0,36.5,inferred
Brent,2021-03-24,12.0,15.0,18.0,19.0,19.0,21.0,22.0,24.0,26.0,26.0,28.0,31.0,36.0,inferred
Brent,2021-03-25,10.0,13.0,15.0,16.0,17.0,18.0,20.0,21.0,23.0,24.0,25.0,28.0,33.0,inferred
Brent,2021-03-26,8.0,11.0,13.0,14.0,14.0,16.0,17.0,18.0,20.0,21.0,22.0,24.0,29.0,inferred
Brent,2021-03-27,6.0,8.0,10.0,10.0,11.0,12.0,13.0,14.0,16.0,16.0,17.0,20.0,24.0,inferred
Brent,2021-03-28,6.0,8.0,10.0,11.0,12.0,13.0,14.0,15.0,17.0,17.0,18.0,21.0,25.0,inferred
Brent,2021-03-29,8.0,11.0,13.0,14.0,15.0,16.0,17.0,19.0,20.0,21.0,22.0,25.0,28.0,inferred
Brent,2021-03-30,7.0,10.0,12.0,13.0,13.0,15.0,16.0,18.0,19.0,20.0,21.0,24.0,28.0,inferred
Brent,2021-03-31,7.0,10.0,12.0,12.0,13.0,15.0,16.0,17.0,19.0,20.0,21.0,23.0,27.0,inferred
Brent,2021-04-01,6.0,9.0,11.0,11.0,12.0,13.0,14.0,15.0,17.0,18.0,18.0,21.0,25.0,inferred
Brent,2021-04-02,5.0,7.0,9.0,9.0,10.0,11.0,12.0,13.0,14.0,15.0,16.0,18.0,22.0,inferred
Brent,2021-04-03,3.0,5.0,7.0,7.0,8.0,9.0,10.0,11.0,12.0,12.0,13.0,16.0,19.0,inferred
Brent,2021-04-04,4.0,6.0,8.0,8.0,9.0,10.0,11.0,12.0,13.0,14.0,15.0,17.0,21.0,inferred
Brent,2021-04-05,6.0,8.0,10.0,10.0,11.0,12.0,13.5,15.0,16.0,17.0,18.0,21.0,25.0,inferred
Brent,2021-04-06,6.0,8.0,10.0,10.0,11.0,12.0,13.0,15.0,16.0,17.0,18.0,20.0,25.0,inferred
Brent,2021-04-07,6.0,9.0,10.0,11.0,12.0,13.0,14.0,15.0,17.0,18.0,19.0,21.0,25.0,inferred
Brent,2021-04-08,6.0,8.0,10.0,11.0,11.0,12.0,13.0,15.0,16.0,17.0,18.0,20.0,24.0,inferred
Brent,2021-04-09,5.0,7.0,9.0,10.0,10.0,11.0,12.0,14.0,15.0,16.0,16.0,19.0,23.0,inferred
Brent,2021-04-10,4.0,6.0,7.0,8.0,8.0,9.0,10.0,11.0,13.0,13.0,14.0,16.0,20.0,inferred
Brent,2021-04-11,5.0,7.0,8.0,9.0,10.0,11.0,12.0,13.0,15.0,15.0,16.0,19.0,23.0,inferred
Brent,2021-04-12,7.0,10.0,12.0,12.0,13.0,14.0,16.0,17.0,19.0,19.0,20.0,23.0,27.0,inferred
Brent,2021-04-13,7.0,10.0,12.0,12.0,13.0,15.0,16.0,17.0,19.0,19.0,20.0,23.0,28.0,inferred
Brent,2021-04-14,8.0,10.0,12.0,13.0,14.0,15.0,16.0,18.0,19.0,20.0,21.0,24.0,28.0,inferred
Brent,2021-04-15,7.0,10.0,12.0,13.0,13.0,14.0,16.0,17.0,18.0,19.0,20.0,23.0,27.0,inferred
Brent,2021-04-16,6.0,9.0,10.0,11.0,12.0,13.0,15.0,16.0,17.0,18.0,19.0,21.0,26.0,inferred
Brent,2021-04-17,5.0,7.0,9.0,9.0,10.0,11.0,12.0,13.0,15.0,15.0,16.0,19.0,23.0,inferred
Brent,2021-04-18,6.0,9.0,10.0,11.0,12.0,13.0,14.0,15.0,17.0,18.0,18.0,21.0,26.0,inferred
Brent,2021-04-19,8.0,11.0,13.0,14.0,15.0,17.0,18.0,19.0,21.0,22.0,23.0,26.0,30.0,inferred
Brent,2021-04-20,8.0,11.0,13.0,14.0,15.0,16.0,17.0,19.0,20.0,21.0,22.0,25.0,29.0,inferred
Brent,2021-04-21,9.0,12.0,13.0,14.0,15.0,16.0,18.0,19.0,21.0,22.0,23.0,25.0,30.0,inferred
Brent,2021-04-22,8.0,10.0,12.0,13.0,14.0,15.0,16.0,17.0,19.0,20.0,21.0,23.0,28.0,inferred
Brent,2021-04-23,6.0,8.0,10.0,11.0,11.0,13.0,14.0,15.0,16.0,17.0,18.0,21.0,25.0,inferred
Brent,2021-04-24,4.0,6.0,8.0,8.0,9.0,10.0,11.0,12.0,13.0,14.0,15.0,17.0,21.0,inferred
Brent,2021-04-25,5.0,7.0,9.0,10.0,10.0,11.0,12.0,14.0,15.0,16.0,16.0,19.0,23.0,inferred
Brent,2021-04-26,7.0,9.0,11.0,12.0,12.0,14.0,15.0,16.0,18.0,19.0,20.0,22.0,26.0,inferred
Brent,2021-04-27,6.0,9.0,11.0,12.0,12.0,13.0,15.0,16.0,17.0,18.0,19.0,21.0,26.0,inferred
Brent,2021-04-28,7.0,9.0,10.0,11.0,12.0,13.0,14.0,15.0,17.0,18.0,19.0,21.0,25.5,inferred
Brent,2021-04-29,6.0,8.0,10.0,10.0,11.0,12.0,13.0,14.0,16.0,16.2,17.0,20.0,23.0,inferred
Brent,2021-04-30,4.0,6.0,8.0,9.0,9.0,11.0,12.0,13.0,14.0,15.0,16.0,18.0,22.0,inferred
Brent,2021-05-01,3.0,5.0,6.0,7.0,7.0,8.0,9.0,11.0,12.0,12.0,13.0,15.0,19.0,inferred
Brent,2021-05-02,3.0,6.0,7.0,8.0,9.0,9.0,10.0,12.0,13.0,14.0,15.0,17.0,20.0,inferred
Brent,2021-05-03,6.0,8.0,10.0,11.0,11.0,12.0,14.0,15.0,16.0,17.0,18.0,20.0,24.0,inferred
Brent,2021-05-04,6.0,8.0,10.0,10.0,11.0,12.0,14.0,15.0,16.0,17.0,18.0,21.0,25.0,inferred
Brent,2021-05-05,6.0,8.0,10.0,11.0,11.0,12.0,14.0,15.0,16.0,17.0,18.0,20.0,24.0,inferred
Brent,2021-05-06,5.0,7.0,9.0,10.0,10.0,11.0,12.0,13.0,15.0,16.0,17.0,19.0,23.0,inferred
Brent,2021-05-07,4.0,6.0,8.0,9.0,9.0,10.0,11.0,12.0,14.0,15.0,15.0,18.0,21.0,inferred
Brent,2021-05-08,3.0,5.0,6.0,7.0,7.0,8.0,9.0,10.0,11.0,12.0,13.0,15.0,19.0,inferred
Brent,2021-05-09,4.0,6.0,7.0,8.0,8.0,9.0,10.0,12.0,13.0,13.0,14.0,17.0,20.0,inferred
Brent,2021-05-10,5.0,8.0,10.0,11.0,11.0,12.0,13.0,15.0,16.0,17.0,18.0,20.0,24.0,inferred
Brent,2021-05-11,5.0,8.0,9.0,10.0,10.0,12.0,13.0,14.0,15.0,16.0,17.0,19.0,24.0,inferred
Brent,2021-05-12,5.0,8.0,9.0,10.0,11.0,12.0,13.0,14.0,15.0,16.0,17.0,20.0,24.0,inferred
Brent,2021-05-13,5.0,7.0,9.0,9.0,10.0,11.0,12.0,13.0,15.0,15.0,16.0,19.0,22.0,inferred
Brent,2021-05-14,3.5,6.0,7.0,8.0,8.0,10.0,11.0,12.0,13.0,14.0,14.0,16.0,20.0,inferred
Brent,2021-05-15,3.0,4.0,6.0,6.0,7.0,8.0,9.0,9.0,11.0,11.0,12.0,14.0,17.0,inferred
Brent,2021-05-16,3.0,6.0,7.0,7.0,8.0,9.0,10.0,11.0,12.0,13.0,13.0,16.0,19.0,inferred
Brent,2021-05-17,5.0,7.0,9.0,10.0,10.0,11.0,13.0,14.0,15.0,16.0,17.0,19.0,23.0,inferred
Brent,2021-05-18,5.0,8.0,9.0,10.0,10.0,12.0,13.0,14.0,15.0,16.0,17.0,19.0,23.0,inferred
Brent,2021-05-19,5.0,8.0,10.0,10.0,11.0,12.0,13.0,15.0,16.0,17.0,18.0,20.0,24.0,inferred
Brent,2021-05-20,5.0,7.0,9.0,10.0,10.0,12.0,13.0,14.0,16.0,16.0,17.0,20.0,23.0,inferred
Brent,2021-05-21,5.0,7.0,8.0,9.0,10.0,11.0,12.0,13.0,14.0,15.0,16.0,18.0,22.0,inferred
Brent,2021-05-22,4.0,6.0,7.0,8.0,8.0,9.0,10.0,11.0,12.0,13.0,14.0,16.0,20.0,inferred
Brent,2021-05-23,5.0,7.0,8.8,9.0,10.0,11.0,12.0,13.0,14.0,15.0,16.0,18.0,22.0,inferred
Brent,2021-05-24,7.0,10.0,12.0,13.0,13.0,15.0,16.0,17.0,19.0,20.0,20.0,23.0,28.0,inferred
Brent,2021-05-25,8.0,10.0,12.0,13.0,14.0,15.0,16.0,18.0,19.0,20.0,21.0,24.0,28.0,inferred
Brent,2021-05-26,8.0,11.0,13.0,14.0,15.0,16.0,18.0,19.0,21.0,22.0,23.0,26.0,30.0,inferred
Brent,2021-05-27,8.0,11.0,14.0,14.0,15.0,16.0,18.0,19.0,21.0,22.0,23.0,25.0,30.0,inferred
Brent,2021-05-28,8.0,11.0,13.0,14.0,15.0,16.0,17.0,19.0,20.0,21.0,22.0,24.0,30.0,inferred
Brent,2021-05-29,7.0,9.0,11.0,12.0,13.0,14.0,15.0,16.0,18.0,18.0,19.0,22.0,26.0,inferred
Brent,2021-05-30,9.0,12.0,14.0,15.0,15.0,17.0,18.0,20.0,21.0,22.0,23.0,26.0,30.0,inferred
Brent,2021-05-31,14.0,17.0,19.0,20.0,21.0,23.0,24.0,26.0,27.0,29.0,30.0,33.0,38.0,inferred
Brent,2021-06-01,14.5,18.0,20.0,21.0,22.0,24.0,25.0,27.0,29.0,30.0,31.0,35.0,39.5,inferred
Brent,2021-06-02,15.0,19.0,22.0,23.0,24.0,26.0,28.0,29.0,31.0,32.0,33.0,36.0,44.0,inferred
Brent,2021-06-03,15.5,19.0,22.0,23.0,24.0,25.0,27.0,29.0,31.0,32.0,34.0,37.0,42.5,inferred
Brent,2021-06-04,14.0,17.0,20.0,21.0,22.0,24.0,26.0,27.0,29.0,30.0,32.0,35.0,39.0,inferred
Brent,2021-06-05,12.0,15.0,18.0,18.0,19.0,21.0,22.0,24.0,25.0,26.0,28.0,31.0,36.0,inferred
Brent,2021-06-06,15.0,19.0,22.0,23.0,24.0,26.0,28.0,29.0,31.0,32.0,34.0,36.0,41.0,inferred
Brent,2021-06-07,24.0,27.0,31.0,32.0,33.0,35.0,37.0,39.0,41.0,42.0,44.0,48.0,53.5,inferred
Brent,2021-06-08,23.0,28.9,31.0,33.0,34.0,36.0,38.0,40.0,42.0,43.0,45.0,49.0,56.0,inferred
Brent,2021-06-09,25.0,30.0,33.0,34.0,35.0,37.0,39.0,41.0,44.0,45.0,47.0,50.0,57.0,inferred
Brent,2021-06-10,23.0,27.0,30.0,32.0,33.0,35.0,37.0,39.0,41.0,42.0,44.0,47.0,53.0,inferred
Brent,2021-06-11,19.0,24.0,27.0,28.0,29.0,31.0,33.0,35.0,37.0,39.0,40.0,44.0,50.0,inferred
Brent,2021-06-12,16.0,20.0,23.0,24.0,24.7,26.0,28.0,30.0,32.0,33.0,34.0,37.0,43.0,inferred
Brent,2021-06-13,20.0,24.0,27.0,28.0,29.0,31.0,33.0,35.0,37.0,38.0,39.0,42.0,48.0,inferred
Brent,2021-06-14,27.0,31.0,35.0,36.0,38.0,40.0,42.0,44.0,46.0,48.0,49.0,53.0,59.0,inferred
Brent,2021-06-15,27.0,32.0,35.0,37.0,38.0,40.0,42.0,44.0,46.0,48.0,49.0,54.0,60.0,inferred
Brent,2021-06-16,29.0,33.0,37.0,38.0,39.0,42.0,44.0,46.0,48.0,50.0,52.0,56.0,62.0,inferred
Brent,2021-06-17,26.0,31.0,34.0,35.0,36.0,39.0,41.0,43.0,46.0,47.0,48.0,52.0,59.0,inferred
Brent,2021-06-18,22.5,27.0,30.0,32.0,33.0,35.0,37.0,39.0,42.0,43.0,45.0,49.0,56.0,inferred
Brentwood,2021-03-06,0.0,1.0,2.0,2.0,2.0,3.0,3.0,4.0,4.0,5.0,5.0,6.0,9.0,inferred
Brentwood,2021-03-07,0.0,1.0,2.0,2.0,2.0,3.0,3.0,4.0,4.0,5.0,5.0,6.0,9.0,inferred
Brentwood,2021-03-08,0.0,1.0,2.0,2.0,2.0,3.0,3.0,4.0,5.0,5.0,5.0,7.0,9.0,inferred
Brentwood,2021-03-09,0.0,1.0,1.0,2.0,2.0,2.0,3.0,4.0,4.0,5.0,5.0,6.0,8.0,inferred
Brentwood,2021-03-10,0.0,1.0,1.0,2.0,2.0,2.0,3.0,4.0,4.0,5.0,5.0,6.0,8.0,inferred
Brentwood,2021-03-11,0.0,0.0,1.0,1.0,2.0,2.0,3.0,3.0,4.0,4.0,4.0,6.0,8.0,inferred
Brentwood,2021-03-12,0.0,0.0,1.0,1.0,1.0,2.0,2.0,3.0,3.0,4.0,4.0,5.0,7.0,inferred
Brentwood,2021-03-13,0.0,0.0,1.0,1.0,1.0,1.0,2.0,2.0,3.0,3.0,3.0,5.0,6.0,inferred
Brentwood,2021-03-14,0.0,0.0,1.0,1.0,1.0,2.0,2.0,3.0,3.0,3.0,4.0,5.0,7.0,inferred
Brentwood,2021-03-15,0.0,1.0,1.0,1.0,2.0,2.0,3.0,3.0,4.0,4.0,5.0,6.0,8.0,inferred
Brentwood,2021-03-16,0.0,0.0,1.0,1.0,2.0,2.0,2.0,3.0,4.0,4.0,4.0,5.0,7.0,inferred
Brentwood,2021-03-17,0.0,1.0,1.0,1.0,2.0,2.0,2.0,3.0,4.0,4.0,4.0,6.0,8.0,inferred
Brentwood,2021-03-18,0.0,0.0,1.0,1.0,1.0,2.0,2.0,3.0,3.0,4.0,4.0,5.0,7.0,inferred
Brentwood,2021-03-19,0.0,0.0,1.0,1.0,1.0,1.0,2.0,2.0,3.0,3.0,3.0,4.0,6.0,inferred
Brentwood,2021-03-20,0.0,0.0,0.0,0.0,1.0,1.0,1.0,2.0,2.0,2.0,3.0,4.0,5.0,inferred
Brentwood,2021-03-21,0.0,0.0,0.0,1.0,1.0,1.0,2.0,2.0,2.0,3.0,3.0,4.0,6.0,inferred
Brentwood,2021-03-22,0.0,0.0,1.0,1.0,1.0,2.0,2.0,2.0,3.0,3.0,3.0,5.0,6.0,inferred
Brentwood,2021-03-23,0.0,0.0,1.0,1.0,1.0,1.0,2.0,2.0,3.0,3.0,4.0,5.0,6.0,inferred
Brentwood,2021-03-24,0.0,0.0,1.0,1.0,1.0,2.0,2.0,2.0,3.0,3.0,4.0,5.0,7.0,inferred
Brentwood,2021-03-25,0.0,0.0,1.0,1.0,1.0,1.0,2.0,2.0,3.0,3.0,3.0,4.0,6.0,inferred
Brentwood,2021-03-26,0.0,0.0,0.0,1.0,1.0,1.0,1.0,2.0,2.0,3.0,3.0,4.0,6.0,inferred
Brentwood,2021-03-27,0.0,0.0,0.0,0.0,0.0,1.0,1.0,1.4,2.0,2.0,2.0,3.0,5.0,inferred
Brentwood,2021-03-28,0.0,0.0,0.0,0.0,1.0,1.0,1.0,2.0,2.0,2.0,3.0,4.0,5.0,inferred
Brentwood,2021-03-29,0.0,0.0,1.0,1.0,1.0,1.0,2.0,2.0,3.0,3.0,3.0,4.0,6.0,inferred
Brentwood,2021-03-30,0.0,0.0,0.0,1.0,1.0,1.0,2.0,2.0,3.0,3.0,3.0,4.0,6.0,inferred
Brentwood,2021-03-31,0.0,0.0,1.0,1.0,1.0,1.0,2.0,2.0,3.0,3.0,3.0,4.0,6.0,inferred
Brentwood,2021-04-01,0.0,0.0,0.0,1.0,1.0,1.0,2.0,2.0,3.0,3.0,3.0,4.0,6.0,inferred
Brentwood,2021-04-02,0.0,0.0,0.0,0.0,1.0,1.0,1.0,2.0,2.0,2.0,3.0,4.0,5.0,inferred
Brentwood,2021-04-03,0.0,0.0,0.0,0.0,0.0,1.0,1.0,1.0,2.0,2.0,2.0,3.0,5.0,inferred
Brentwood,2021-04-04,0.0,0.0,0.0,0.0,1.0,1.0,1.0,2.0,2.0,2.0,3.0,4.0,5.0,inferred
Brentwood,2021-04-05,0.0,0.0,1.0,1.0,1.0,1.0,2.0,2.0,3.0,3.0,3.0,5.0,6.0,inferred
Brentwood,2021-04-06,0.0,0.0,1.0,1.0,1.0,1.0,2.0,2.0,3.0,3.0,3.0,4.0,6.0,inferred
Brentwood,2021-04-07,0.0,0.0,1.0,1.0,1.0,1.0,2.0,2.0,3.0,3.0,3.2,5.0,7.0,inferred
Brentwood,2021-04-08,0.0,0.0,1.0,1.0,1.0,1.0,2.0,2.0,3.0,3.0,3.0,4.0,6.0,inferred
Brentwood,2021-04-09,0.0,0.0,0.0,1.0,1.0,1.0,2.0,2.0,2.0,3.0,3.0,4.0,6.0,inferred
Brentwood,2021-04-10,0.0,0.0,0.0,0.0,1.0,1.0,1.0,2.0,2.0,2.0,3.0,4.0,5.0,inferred
Brentwood,2021-04-11,0.0,0.0,0.0,1.0,1.0,1.0,1.0,2.0,2.0,3.0,3.0,4.0,6.0,inferred
Brentwood,2021-04-12,0.0,0.0,1.0,1.0,1.0,1.0,2.0,2.0,3.0,3.0,3.0,4.0,6.0,inferred
Brentwood,2021-04-13,0.0,0.0,1.0,1.0,1.0,1.0,2.0,2.0,3.0,3.0,3.0,4.0,6.0,inferred
Brentwood,2021-04-14,0.0,0.0,1.0,1.0,1.0,1.0,2.0,2.0,3.0,3.0,3.0,5.0,7.0,inferred
Brentwood,2021-04-15,0.0,0.0,0.0,1.0,1.0,1.0,2.0,2.0,2.0,3.0,3.0,4.0,6.0,inferred
Brentwood,2021-04-16,0.0,0.0,0.0,0.0,1.0,1.0,1.0,2.0,2.0,3.0,3.0,4.0,6.0,inferred
Brentwood,2021-04-17,0.0,0.0,0.0,0.0,0.0,1.0,1.0,1.0,2.0,2.0,2.0,3.0,5.0,inferred
Brentwood,2021-04-18,0.0,0.0,0.0,0.0,1.0,1.0,1.0,2.0,2.0,2.0,3.0,4.0,5.0,inferred
Brentwood,2021-04-19,0.0,0.0,1.0,1.0,1.0,1.0,2.0,2.0,2.0,3.0,3.0,4.0,6.0,inferred
Brentwood,2021-04-20,0.0,0.0,0.0,1.0,1.0,1.0,1.0,2.0,2.0,3.0,3.0,4.0,6.0,inferred
Brentwood,2021-04-21,0.0,0.0,0.0,0.0,1.0,1.0,1.0,2.0,2.0,3.0,3.0,4.0,5.5,inferred
Brentwood,2021-04-22,0.0,0.0,0.0,0.0,1.0,1.0,1.0,1.0,2.0,2.0,3.0,3.0,5.0,inferred
Brentwood,2021-04-23,0.0,0.0,0.0,0.0,0.0,1.0,1.0,1.0,2.0,2.0,2.0,3.0,4.5,inferred
Brentwood,2021-04-24,0.0,0.0,0.0,0.0,0.0,0.0,1.0,1.0,1.0,2.0,2.0,3.0,4.0,inferred
Brentwood,2021-04-25,0.0,0.0,0.0,0.0,0.0,0.0,1.0,1.0,1.0,2.0,2.0,3.0,4.0,inferred
Brentwood,2021-04-26,0.0,0.0,0.0,0.0,0.0,1.0,1.0,1.0,2.0,2.0,2.0,3.0,4.0,inferred
Brentwood,2021-04-27,0.0,0.0,0.0,0.0,0.0,0.6,1.0,1.0,1.0,2.0,2.0,3.0,4.0,inferred
Brentwood,2021-04-28,0.0,0.0,0.0,0.0,0.0,0.0,1.0,1.0,1.0,2.0,2.0,3.0,4.0,inferred
Brentwood,2021-04-29,0.0,0.0,0.0,0.0,0.0,0.0,1.0,1.0,1.0,2.0,2.0,3.0,4.0,inferred
Brentwood,2021-04-30,0.0,0.0,0.0,0.0,0.0,0.0,1.0,1.0,1.0,1.0,2.0,2.0,4.0,inferred
Brentwood,2021-05-01,0.0,0.0,0.0,0.0,0.0,0.0,0.0,1.0,1.0,1.0,1.0,2.0,3.0,inferred
Brentwood,2021-05-02,0.0,0.0,0.0,0.0,0.0,0.0,0.0,1.0,1.0,1.0,1.0,2.0,3.5,inferred
Brentwood,2021-05-03,0.0,0.0,0.0,0.0,0.0,0.0,1.0,1.0,1.0,2.0,2.0,3.0,4.0,inferred
Brentwood,2021-05-04,0.0,0.0,0.0,0.0,0.0,0.0,1.0,1.0,1.0,1.0,2.0,3.0,4.0,inferred
Brentwood,2021-05-05,0.0,0.0,0.0,0.0,0.0,0.0,1.0,1.0,1.0,1.0,2.0,3.0,4.0,inferred
Brentwood,2021-05-06,0.0,0.0,0.0,0.0,0.0,0.0,1.0,1.0,1.0,1.0,2.0,2.0,4.0,inferred
Brentwood,2021-05-07,0.0,0.0,0.0,0.0,0.0,0.0,0.0,1.0,1.0,1.0,1.0,2.0,3.0,inferred
Brentwood,2021-05-08,0.0,0.0,0.0,0.0,0.0,0.0,0.0,0.0,1.0,1.0,1.0,2.0,3.0,inferred
Brentwood,2021-05-09,0.0,0.0,0.0,0.0,0.0,0.0,0.0,1.0,1.0,1.0,1.0,2.0,3.0,inferred
Brentwood,2021-05-10,0.0,0.0,0.0,0.0,0.0,0.0,1.0,1.0,1.0,1.0,2.0,2.0,4.0,inferred
Brentwood,2021-05-11,0.0,0.0,0.0,0.0,0.0,0.0,0.0,1.0,1.0,1.0,2.0,2.0,4.0,inferred
Brentwood,2021-05-12,0.0,0.0,0.0,0.0,0.0,0.0,1.0,1.0,1.0,1.0,2.0,2.0,4.0,inferred
Brentwood,2021-05-13,0.0,0.0,0.0,0.0,0.0,0.0,0.0,1.0,1.0,1.0,2.0,2.0,4.0,inferred
Brentwood,2021-05-14,0.0,0.0,0.0,0.0,0.0,0.0,0.0,1.0,1.0,1.0,1.0,2.0,4.0,inferred
Brentwood,2021-05-15,0.0,0.0,0.0,0.0,0.0,0.0,0.0,1.0,1.0,1.0,1.0,2.0,3.0,inferred
Brentwood,2021-05-16,0.0,0.0,0.0,0.0,0.0,0.0,0.0,1.0,1.0,1.0,1.0,2.0,3.0,inferred
Brentwood,2021-05-17,0.0,0.0,0.0,0.0,0.0,0.0,1.0,1.0,1.0,2.0,2.0,3.0,4.0,inferred
Brentwood,2021-05-18,0.0,0.0,0.0,0.0,0.0,0.0,1.0,1.0,1.0,2.0,2.0,3.0,4.0,inferred
Brentwood,2021-05-19,0.0,0.0,0.0,0.0,0.0,0.0,1.0,1.0,1.0,2.0,2.0,2.0,4.0,inferred
Brentwood,2021-05-20,0.0,0.0,0.0,0.0,0.0,0.0,1.0,1.0,1.0,2.0,2.0,3.0,4.0,inferred
Brentwood,2021-05-21,0.0,0.0,0.0,0.0,0.0,0.0,1.0,1.0,1.0,1.0,2.0,2.0,4.0,inferred
Brentwood,2021-05-22,0.0,0.0,0.0,0.0,0.0,0.0,0.0,1.0,1.0,1.0,1.0,2.0,3.5,inferred
Brentwood,2021-05-23,0.0,0.0,0.0,0.0,0.0,0.0,1.0,1.0,1.0,1.0,2.0,3.0,4.0,inferred
Brentwood,2021-05-24,0.0,0.0,0.0,0.0,0.0,1.0,1.0,1.0,2.0,2.0,2.0,3.0,5.0,inferred
Brentwood,2021-05-25,0.0,0.0,0.0,0.0,0.0,1.0,1.0,1.0,2.0,2.0,2.0,3.0,5.0,inferred
Brentwood,2021-05-26,0.0,0.0,0.0,0.0,1.0,1.0,1.0,2.0,2.0,2.0,3.0,4.0,5.0,inferred
Brentwood,2021-05-27,0.0,0.0,0.0,0.0,1.0,1.0,1.0,2.0,2.0,2.0,3.0,4.0,5.0,inferred
Brentwood,2021-05-28,0.0,0.0,0.0,0.0,1.0,1.0,1.0,2.0,2.0,2.0,3.0,4.0,5.0,inferred
Brentwood,2021-05-29,0.0,0.0,0.0,0.0,0.0,1.0,1.0,1.0,2.0,2.0,2.0,3.0,5.0,inferred
Brentwood,2021-05-30,0.0,0.0,0.0,1.0,1.0,1.0,1.0,2.0,2.0,3.0,3.0,4.0,5.0,inferred
Brentwood,2021-05-31,0.0,0.0,1.0,1.0,1.0,1.0,2.0,2.0,3.0,3.0,4.0,5.0,7.0,inferred
Brentwood,2021-06-01,0.0,0.0,1.0,1.0,1.0,1.0,2.0,2.0,3.0,3.0,4.0,5.0,7.0,inferred
Brentwood,2021-06-02,0.0,0.0,1.0,1.0,1.0,2.0,2.0,3.0,3.0,4.0,4.0,5.0,7.0,inferred
Brentwood,2021-06-03,0.0,0.0,1.0,1.0,1.0,2.0,2.0,3.0,3.0,4.0,4.0,5.0,7.0,inferred
Brentwood,2021-06-04,0.0,0.0,1.0,1.0,1.0,2.0,2.0,3.0,3.0,4.0,4.0,5.0,7.0,inferred
Brentwood,2021-06-05,0.0,0.0,1.0,1.0,1.0,1.0,2.0,2.0,3.0,3.0,4.0,5.0,7.0,inferred
Brentwood,2021-06-06,0.0,1.0,1.0,1.0,2.0,2.0,2.0,3.0,4.0,4.0,4.0,5.0,7.0,inferred
Brentwood,2021-06-07,0.0,1.0,2.0,2.0,2.0,3.0,3.0,4.0,5.0,5.0,6.0,7.0,9.0,inferred
Brentwood,2021-06-08,0.0,1.0,2.0,2.0,2.0,3.0,3.0,4.0,5.0,5.0,6.0,7.0,9.0,inferred
Brentwood,2021-06-09,0.0,1.0,2.0,2.0,2.0,3.0,4.0,4.0,5.0,6.0,6.0,8.0,10.0,inferred
Brentwood,2021-06-10,0.0,1.0,2.0,2.0,3.0,3.0,4.0,4.0,5.0,5.0,6.0,7.0,9.5,inferred
Brentwood,2021-06-11,0.0,1.0,2.0,2.0,2.0,3.0,3.0,4.0,5.0,5.0,5.0,7.0,9.0,inferred
Brentwood,2021-06-12,0.0,1.0,1.0,1.0,2.0,2.0,3.0,3.0,4.0,4.0,4.0,6.0,8.0,inferred
Brentwood,2021-06-13,0.0,1.0,2.0,2.0,2.0,3.0,3.0,4.0,5.0,5.0,5.0,7.0,9.0,inferred
Brentwood,2021-06-14,1.0,1.0,2.0,3.0,3.0,4.0,4.0,5.0,6.0,6.0,7.0,8.0,11.0,inferred
Brentwood,2021-06-15,1.0,2.0,2.0,3.0,3.0,4.0,4.0,5.0,6.0,6.0,7.0,8.0,11.0,inferred
Brentwood,2021-06-16,1.0,2.0,3.0,3.0,3.0,4.0,5.0,5.0,6.0,7.0,7.0,9.0,12.0,inferred
Brentwood,2021-06-17,1.0,2.0,3.0,3.0,3.0,4.0,5.0,5.0,6.0,7.0,7.0,9.0,12.0,inferred
Brentwood,2021-06-18,0.0,1.0,2.0,3.0,3.0,4.0,4.0,5.0,6.0,6.0,7.0,8.0,11.0,inferred
Bridgend,2021-03-06,0.0,0.0,1.0,2.0,2.0,3.0,3.0,4.0,5.0,6.0,6.0,8.0,13.0,inferred
Bridgend,2021-03-07,0.0,1.0,1.0,2.0,2.0,3.0,3.0,4.0,5.0,6.0,6.0,8.0,12.0,inferred
Bridgend,2021-03-08,0.0,1.0,2.0,3.0,3.0,4.0,5.0,5.0,7.0,7.0,8.0,10.0,14.0,inferred
Bridgend,2021-03-09,0.0,1.0,2.0,2.0,2.0,3.0,4.0,5.0,6.0,6.0,7.0,9.0,13.0,inferred
Bridgend,2021-03-10,0.0,1.0,2.0,2.0,3.0,3.0,4.0,5.0,6.0,7.0,7.0,10.0,13.0,inferred
Bridgend,2021-03-11,0.0,1.0,2.0,2.0,3.0,4.0,4.0,5.0,6.0,6.0,7.0,9.0,13.5,inferred
Bridgend,2021-03-12,0.0,1.0,1.0,2.0,2.0,3.0,3.0,4.0,5.0,6.0,6.0,8.0,12.0,inferred
Bridgend,2021-03-13,0.0,0.0,1.0,1.0,1.0,2.0,3.0,3.0,4.0,5.0,5.0,7.0,11.0,inferred
Bridgend,2021-03-14,0.0,0.0,1.0,1.0,1.0,2.0,3.0,3.0,4.0,5.0,5.0,7.0,11.0,inferred
Bridgend,2021-03-15,0.0,1.0,2.0,2.0,2.0,3.0,4.0,5.0,6.0,7.0,7.0,10.0,13.0,inferred
Bridgend,2021-03-16,0.0,0.0,1.0,1.0,2.0,3.0,3.0,4.0,5.0,6.0,6.0,8.0,12.0,inferred
Bridgend,2021-03-17,0.0,1.0,1.0,2.0,2.0,3.0,4.0,4.0,5.0,6.0,7.0,9.0,13.0,inferred
Bridgend,2021-03-18,0.0,1.0,1.0,2.0,2.0,3.0,3.0,4.0,5.0,6.0,7.0,8.0,12.0,inferred
Bridgend,2021-03-19,0.0,0.0,1.0,1.0,1.0,2.0,3.0,3.0,4.0,5.0,6.0,7.1,11.0,inferred
Bridgend,2021-03-20,0.0,0.0,0.0,1.0,1.0,1.0,2.0,3.0,3.0,4.0,5.0,6.0,9.0,inferred
Bridgend,2021-03-21,0.0,0.0,1.0,1.0,1.0,2.0,2.0,3.0,4.0,4.0,5.0,7.0,10.0,inferred
Bridgend,2021-03-22,0.0,0.0,1.0,2.0,2.0,3.0,3.0,4.0,5.0,6.0,6.0,8.1,12.0,inferred
Bridgend,2021-03-23,0.0,0.0,1.0,1.0,1.0,2.0,3.0,3.0,4.0,5.0,6.0,8.0,11.0,inferred
Bridgend,2021-03-24,0.0,0.0,1.0,1.0,2.0,2.0,3.0,4.0,5.0,5.0,6.0,8.0,11.0,inferred
Bridgend,2021-03-25,0.0,0.0,1.0,1.0,1.0,2.0,3.0,3.0,4.0,5.0,5.0,7.0,10.0,inferred
Bridgend,2021-03-26,0.0,0.0,0.0,1.0,1.0,1.0,2.0,3.0,3.0,4.0,5.0,7.0,10.0,inferred
Bridgend,2021-03-27,0.0,0.0,0.0,0.0,0.0,1.0,1.0,2.0,3.0,3.0,4.0,5.0,8.0,inferred
Bridgend,2021-03-28,0.0,0.0,0.0,0.0,1.0,1.0,1.0,2.0,3.0,3.0,4.0,5.0,9.0,inferred
Bridgend,2021-03-29,0.0,0.0,0.0,1.0,1.0,1.0,2.0,3.0,3.0,4.0,5.0,6.0,10.0,inferred
Bridgend,2021-03-30,0.0,0.0,0.0,0.0,1.0,1.0,2.0,2.0,3.0,3.0,4.0,6.0,9.0,inferred
Bridgend,2021-03-31,0.0,0.0,0.0,1.0,1.0,1.0,2.0,2.0,3.0,4.0,4.0,6.0,10.0,inferred
Bridgend,2021-04-01,0.0,0.0,0.0,1.0,1.0,1.0,2.0,2.0,3.0,3.0,4.0,5.1,10.0,inferred
Bridgend,2021-04-02,0.0,0.0,0.0,0.0,0.0,1.0,1.0,2.0,2.0,3.0,4.0,5.0,8.0,inferred
Bridgend,2021-04-03,0.0,0.0,0.0,0.0,0.0,0.0,1.0,1.0,2.0,2.0,3.0,4.0,8.0,inferred
Bridgend,2021-04-04,0.0,0.0,0.0,0.0,0.0,1.0,1.0,2.0,2.0,2.0,3.0,4.0,8.0,inferred
Bridgend,2021-04-05,0.0,0.0,0.0,0.0,1.0,1.0,2.0,2.0,3.0,3.0,4.0,6.0,9.0,inferred
Bridgend,2021-04-06,0.0,0.0,0.0,0.0,0.0,1.0,1.0,2.0,3.0,3.0,3.0,5.0,8.0,inferred
Bridgend,2021-04-07,0.0,0.0,0.0,0.0,1.0,1.0,2.0,2.0,3.0,3.0,4.0,6.0,8.5,inferred
Bridgend,2021-04-08,0.0,0.0,0.0,0.0,1.0,1.0,2.0,2.0,3.0,3.0,4.0,5.1,9.0,inferred
Bridgend,2021-04-09,0.0,0.0,0.0,0.0,0.0,1.0,1.0,2.0,2.0,3.0,3.0,5.0,8.0,inferred
Bridgend,2021-04-10,0.0,0.0,0.0,0.0,0.0,0.0,1.0,1.0,2.0,2.0,3.0,4.0,8.0,inferred
Bridgend,2021-04-11,0.0,0.0,0.0,0.0,0.0,1.0,1.0,1.0,2.0,2.0,3.0,4.0,7.5,inferred
Bridgend,2021-04-12,0.0,0.0,0.0,0.0,1.0,1.0,2.0,2.0,3.0,3.0,4.0,5.1,9.0,inferred
Bridgend,2021-04-13,0.0,0.0,0.0,0.0,0.0,1.0,1.0,2.0,2.0,3.0,3.0,5.0,8.0,inferred
Bridgend,2021-04-14,0.0,0.0,0.0,0.0,0.0,1.0,1.0,2.0,3.0,3.0,4.0,5.0,8.0,inferred
Bridgend,2021-04-15,0.0,0.0,0.0,0.0,0.0,1.0,1.0,2.0,3.0,3.0,4.0,5.0,8.0,inferred
Bridgend,2021-04-16,0.0,0.0,0.0,0.0,0.0,1.0,1.0,2.0,2.0,3.0,3.0,5.0,7.0,inferred
Bridgend,2021-04-17,0.0,0.0,0.0,0.0,0.0,0.0,1.0,1.0,2.0,2.0,3.0,4.0,6.0,inferred
Bridgend,2021-04-18,0.0,0.0,0.0,0.0,0.0,1.0,1.0,1.0,2.0,2.0,3.0,4.0,7.0,inferred
Bridgend,2021-04-19,0.0,0.0,0.0,0.0,1.0,1.0,1.0,2.0,3.0,3.0,4.0,5.0,8.0,inferred
Bridgend,2021-04-20,0.0,0.0,0.0,0.0,0.0,1.0,1.0,2.0,2.0,3.0,3.0,5.0,8.0,inferred
Bridgend,2021-04-21,0.0,0.0,0.0,0.0,0.7,1.0,1.0,2.0,2.3,3.0,3.0,5.0,8.0,inferred
Bridgend,2021-04-22,0.0,0.0,0.0,0.0,0.0,1.0,1.0,2.0,2.0,3.0,3.0,5.0,8.0,inferred
Bridgend,2021-04-23,0.0,0.0,0.0,0.0,0.0,1.0,1.0,1.0,2.0,2.0,3.0,4.0,8.0,inferred
Bridgend,2021-04-24,0.0,0.0,0.0,0.0,0.0,0.0,1.0,1.0,1.0,2.0,2.0,3.0,6.5,inferred
Bridgend,2021-04-25,0.0,0.0,0.0,0.0,0.0,0.0,1.0,1.0,1.0,2.0,2.0,3.0,6.0,inferred
Bridgend,2021-04-26,0.0,0.0,0.0,0.0,0.0,1.0,1.0,1.0,2.0,2.0,3.0,4.0,7.5,inferred
Bridgend,2021-04-27,0.0,0.0,0.0,0.0,0.0,0.0,1.0,1.0,2.0,2.0,3.0,4.0,7.0,inferred
Bridgend,2021-04-28,0.0,0.0,0.0,0.0,0.0,1.0,1.0,1.0,2.0,2.0,3.0,4.0,8.0,inferred
Bridgend,2021-04-29,0.0,0.0,0.0,0.0,0.0,0.0,1.0,1.0,2.0,2.0,3.0,4.0,8.0,inferred
Bridgend,2021-04-30,0.0,0.0,0.0,0.0,0.0,0.0,1.0,1.0,2.0,2.0,2.0,4.0,7.0,inferred
Bridgend,2021-05-01,0.0,0.0,0.0,0.0,0.0,0.0,0.0,1.0,1.0,1.0,2.0,3.0,6.0,inferred
Bridgend,2021-05-02,0.0,0.0,0.0,0.0,0.0,0.0,0.0,1.0,1.0,1.0,2.0,3.0,5.0,inferred
Bridgend,2021-05-03,0.0,0.0,0.0,0.0,0.0,0.0,1.0,1.0,2.0,2.0,3.0,4.0,7.0,inferred
Bridgend,2021-05-04,0.0,0.0,0.0,0.0,0.0,0.0,1.0,1.0,2.0,2.0,2.0,3.1,6.0,inferred
Bridgend,2021-05-05,0.0,0.0,0.0,0.0,0.0,0.0,1.0,1.0,2.0,2.0,3.0,4.0,7.0,inferred
Bridgend,2021-05-06,0.0,0.0,0.0,0.0,0.0,1.0,1.0,1.0,2.0,2.0,3.0,4.0,7.0,inferred
Bridgend,2021-05-07,0.0,0.0,0.0,0.0,0.0,0.0,1.0,1.0,2.0,2.0,3.0,4.0,6.5,inferred
Bridgend,2021-05-08,0.0,0.0,0.0,0.0,0.0,0.0,0.0,1.0,1.0,2.0,2.0,3.0,6.0,inferred
Bridgend,2021-05-09,0.0,0.0,0.0,0.0,0.0,0.0,1.0,1.0,2.0,2.0,2.0,4.0,7.0,inferred
Bridgend,2021-05-10,0.0,0.0,0.0,0.0,0.0,1.0,1.0,2.0,3.0,3.0,3.0,5.0,8.0,inferred
Bridgend,2021-05-11,0.0,0.0,0.0,0.0,0.0,1.0,1.0,2.0,2.0,3.0,3.0,5.0,8.0,inferred
Bridgend,2021-05-12,0.0,0.0,0.0,0.0,1.0,1.0,1.0,2.0,3.0,3.0,4.0,5.0,8.0,inferred
Bridgend,2021-05-13,0.0,0.0,0.0,0.0,1.0,1.0,2.0,2.0,3.0,3.0,4.0,5.0,9.0,inferred
Bridgend,2021-05-14,0.0,0.0,0.0,0.0,1.0,1.0,1.0,2.0,3.0,3.0,4.0,5.0,8.0,inferred
Bridgend,2021-05-15,0.0,0.0,0.0,0.0,0.0,1.0,1.0,1.0,2.0,2.0,3.0,4.0,7.0,inferred
Bridgend,2021-05-16,0.0,0.0,0.0,0.0,0.0,1.0,1.0,2.0,2.0,3.0,3.0,5.0,8.0,inferred
Bridgend,2021-05-17,0.0,0.0,0.0,1.0,1.0,1.0,2.0,3.0,3.0,4.0,4.0,6.0,10.0,inferred
Bridgend,2021-05-18,0.0,0.0,0.0,1.0,1.0,1.0,2.0,2.0,3.0,4.0,4.0,6.0,9.0,inferred
Bridgend,2021-05-19,0.0,0.0,1.0,1.0,1.0,2.0,2.0,3.0,4.0,4.0,5.0,7.0,10.0,inferred
Bridgend,2021-05-20,0.0,0.0,1.0,1.0,1.0,2.0,2.0,3.0,4.0,4.0,5.0,7.0,10.0,inferred
Bridgend,2021-05-21,0.0,0.0,0.0,1.0,1.0,1.0,2.0,3.0,3.0,4.0,4.0,6.0,10.0,inferred
Bridgend,2021-05-22,0.0,0.0,0.0,0.0,0.0,1.0,1.0,2.0,3.0,3.0,4.0,5.0,8.0,inferred
Bridgend,2021-05-23,0.0,0.0,0.0,0.0,1.0,1.0,2.0,2.0,3.0,3.0,4.0,6.0,8.0,inferred
Bridgend,2021-05-24,0.0,0.0,1.0,1.0,1.0,2.0,2.0,3.0,4.0,4.0,5.0,6.0,10.0,inferred
Bridgend,2021-05-25,0.0,0.0,0.0,1.0,1.0,1.0,2.0,2.0,3.0,3.2,4.0,6.0,8.0,inferred
Bridgend,2021-05-26,0.0,0.0,0.0,1.0,1.0,1.0,2.0,2.4,3.0,4.0,4.0,6.0,9.0,inferred
Bridgend,2021-05-27,0.0,0.0,0.0,1.0,1.0,1.0,2.0,2.0,3.0,4.0,4.0,6.0,10.0,inferred
Bridgend,2021-05-28,0.0,0.0,0.0,0.0,1.0,1.0,1.0,2.0,3.0,3.0,4.0,5.0,8.0,inferred
Bridgend,2021-05-29,0.0,0.0,0.0,0.0,0.0,1.0,1.0,1.0,2.0,2.0,3.0,4.0,8.0,inferred
Bridgend,2021-05-30,0.0,0.0,0.0,0.0,0.0,1.0,1.0,1.0,2.0,2.0,3.0,5.0,7.0,inferred
Bridgend,2021-05-31,0.0,0.0,0.0,0.0,1.0,1.0,2.0,2.0,3.0,3.0,4.0,6.0,9.0,inferred
Bridgend,2021-06-01,0.0,0.0,0.0,0.0,0.7,1.0,1.0,2.0,3.0,3.0,3.0,5.0,8.0,inferred
Bridgend,2021-06-02,0.0,0.0,0.0,1.0,1.0,1.0,2.0,2.0,3.0,4.0,4.0,6.0,9.0,inferred
Bridgend,2021-06-03,0.0,0.0,0.0,1.0,1.0,1.0,2.0,2.0,3.0,4.0,4.0,6.0,10.0,inferred
Bridgend,2021-06-04,0.0,0.0,0.0,0.0,1.0,1.0,2.0,2.0,3.0,4.0,4.0,6.0,9.0,inferred
Bridgend,2021-06-05,0.0,0.0,0.0,0.0,0.0,1.0,1.0,2.0,3.0,3.0,3.0,5.0,8.0,inferred
Bridgend,2021-06-06,0.0,0.0,0.0,1.0,1.0,1.0,2.0,2.0,3.0,3.0,4.0,5.0,8.0,inferred
Bridgend,2021-06-07,0.0,0.0,1.0,1.0,1.0,2.0,2.0,3.0,4.0,5.0,5.0,7.0,11.0,inferred
Bridgend,2021-06-08,0.0,0.0,1.0,1.0,1.0,2.0,2.0,3.0,4.0,4.0,5.0,7.0,10.0,inferred
Bridgend,2021-06-09,0.0,0.0,1.0,1.0,2.0,2.0,3.0,4.0,5.0,6.0,6.0,8.0,12.0,inferred
Bridgend,2021-06-10,0.0,0.0,1.0,1.0,2.0,2.0,3.0,4.0,5.0,5.0,6.0,8.0,13.0,inferred
Bridgend,2021-06-11,0.0,0.0,1.0,1.0,2.0,2.0,3.0,4.0,5.0,5.0,6.0,8.0,11.0,inferred
Bridgend,2021-06-12,0.0,0.0,1.0,1.0,1.0,2.0,2.0,3.0,4.0,4.0,5.0,7.0,9.0,inferred
Bridgend,2021-06-13,0.0,0.0,1.0,1.0,1.0,2.0,3.0,3.0,4.0,5.0,5.0,7.0,11.0,inferred
Bridgend,2021-06-14,0.0,1.0,2.0,2.0,3.0,3.0,4.0,5.0,6.0,7.0,7.0,9.0,14.0,inferred
Bridgend,2021-06-15,0.0,1.0,1.0,2.0,2.0,3.0,4.0,5.0,6.0,6.0,7.0,9.0,13.0,inferred
Bridgend,2021-06-16,0.0,1.0,2.0,2.0,3.0,4.0,4.0,5.0,7.0,7.0,8.0,10.0,15.0,inferred
Bridgend,2021-06-17,0.0,1.0,2.0,2.0,3.0,4.0,4.0,5.0,7.0,7.0,8.0,10.0,15.0,inferred
Bridgend,2021-06-18,0.0,1.0,2.0,2.0,2.0,3.0,4.0,5.0,6.0,7.0,7.0,10.0,14.0,inferred
Brighton and Hove,2021-03-06,3.0,5.0,6.0,7.0,7.0,8.0,9.0,10.0,11.0,11.0,12.0,14.0,17.0,inferred
Brighton and Hove,2021-03-07,4.5,6.0,8.0,8.0,9.0,10.0,11.0,12.0,13.0,13.0,14.0,16.0,19.0,inferred
Brighton and Hove,2021-03-08,6.0,8.0,10.0,10.0,11.0,12.0,13.0,14.0,15.0,16.0,17.0,19.0,23.0,inferred
Brighton and Hove,2021-03-09,6.0,8.0,10.0,10.0,11.0,12.0,13.0,14.0,15.0,16.0,16.2,18.0,22.0,inferred
Brighton and Hove,2021-03-10,6.0,9.0,10.0,11.0,12.0,13.0,14.0,15.0,16.0,17.0,18.0,19.0,23.0,inferred
Brighton and Hove,2021-03-11,6.0,8.0,10.0,11.0,11.0,12.0,13.0,14.0,16.0,16.0,17.0,19.0,22.0,inferred
Brighton and Hove,2021-03-12,5.0,7.0,8.0,9.0,10.0,11.0,12.0,13.0,14.0,15.0,15.0,17.0,21.0,inferred
Brighton and Hove,2021-03-13,4.0,6.0,7.0,8.0,8.0,9.0,10.0,11.0,12.0,12.0,13.0,15.0,18.0,inferred
Brighton and Hove,2021-03-14,5.0,7.0,9.0,9.0,10.0,11.0,12.0,13.0,14.0,15.0,16.0,18.0,22.0,inferred
Brighton and Hove,2021-03-15,7.0,9.0,11.0,12.0,12.0,14.0,15.0,16.0,17.0,18.0,19.0,21.0,24.0,inferred
Brighton and Hove,2021-03-16,7.0,9.0,11.0,11.0,12.0,13.0,14.0,16.0,17.0,18.0,18.0,21.0,25.0,inferred
Brighton and Hove,2021-03-17,7.0,9.0,11.0,12.0,13.0,14.0,15.0,16.0,17.0,18.0,19.0,21.0,25.0,inferred
Brighton and Hove,2021-03-18,6.0,9.0,10.0,11.0,12.0,13.0,14.0,15.0,16.0,17.0,18.0,20.0,24.0,inferred
Brighton and Hove,2021-03-19,5.0,7.0,9.0,9.0,10.0,11.0,12.0,13.0,14.0,15.0,16.0,18.0,21.0,inferred
Brighton and Hove,2021-03-20,3.0,5.0,7.0,7.0,8.0,9.0,10.0,10.0,11.0,12.0,13.0,15.0,18.0,inferred
Brighton and Hove,2021-03-21,5.0,7.0,8.0,9.0,9.0,10.0,11.0,12.0,13.0,14.0,15.0,17.0,20.0,inferred
Brighton and Hove,2021-03-22,6.0,8.0,10.0,10.0,11.0,12.0,13.0,14.0,15.0,16.0,17.0,19.0,23.0,inferred
Brighton and Hove,2021-03-23,5.0,7.0,9.0,10.0,10.0,11.0,12.0,13.0,15.0,15.0,16.0,18.0,22.0,inferred
Brighton and Hove,2021-03-24,5.0,8.0,9.0,10.0,10.0,11.0,12.0,13.0,15.0,15.0,16.0,18.0,22.0,inferred
Brighton and Hove,2021-03-25,4.0,6.0,8.0,8.0,9.0,10.0,11.0,12.0,13.0,14.0,14.0,16.0,20.0,inferred
Brighton and Hove,2021-03-26,3.0,5.0,6.0,7.0,7.0,8.0,9.0,10.0,11.0,11.0,12.0,14.0,17.5,inferred
Brighton and Hove,2021-03-27,2.0,3.9,5.0,5.0,6.0,6.0,7.0,8.0,9.0,9.0,10.0,12.0,14.0,inferred
Brighton and Hove,2021-03-28,2.0,4.0,5.0,6.0,6.0,7.0,8.0,9.0,10.0,10.0,11.0,13.0,16.0,inferred
Brighton and Hove,2021-03-29,3.0,5.0,6.0,7.0,7.0,8.0,9.0,10.0,11.0,12.0,12.0,14.0,17.0,inferred
Brighton and Hove,2021-03-30,3.0,4.0,5.0,6.0,6.0,7.0,8.0,9.0,10.0,10.0,11.0,13.0,16.0,inferred
Brighton and Hove,2021-03-31,2.0,4.0,5.0,6.0,6.7,7.0,8.0,9.0,10.0,10.0,11.0,13.0,15.0,inferred
Brighton and Hove,2021-04-01,2.0,4.0,5.0,5.0,6.0,6.0,7.0,8.0,9.0,9.0,10.0,12.0,14.0,inferred
Brighton and Hove,2021-04-02,1.0,3.0,4.0,4.0,5.0,5.0,6.0,7.0,8.0,8.0,8.0,10.0,13.0,inferred
Brighton and Hove,2021-04-03,1.0,2.0,3.0,3.0,3.0,4.0,5.0,5.0,6.0,6.0,7.0,8.0,11.0,inferred
Brighton and Hove,2021-04-04,1.0,2.0,3.0,4.0,4.0,5.0,5.0,6.0,7.0,7.0,8.0,10.0,12.0,inferred
Brighton and Hove,2021-04-05,1.0,3.0,4.0,5.0,5.0,6.0,6.0,7.0,8.0,9.0,9.0,11.0,14.0,inferred
Brighton and Hove,2021-04-06,2.0,3.0,4.0,5.0,5.0,5.0,6.0,7.0,8.0,8.0,9.0,10.0,13.0,inferred
Brighton and Hove,2021-04-07,2.0,3.0,4.0,4.0,5.0,5.0,6.0,7.0,8.0,8.0,9.0,11.0,14.0,inferred
Brighton and Hove,2021-04-08,1.0,3.0,4.0,4.0,4.0,5.0,6.0,6.0,7.0,8.0,8.0,10.0,13.0,inferred
Brighton and Hove,2021-04-09,1.0,2.0,3.0,3.0,4.0,4.0,5.0,6.0,6.0,7.0,7.0,9.0,11.0,inferred
Brighton and Hove,2021-04-10,1.0,1.0,2.0,3.0,3.0,3.0,4.0,5.0,5.0,6.0,6.0,8.0,10.0,inferred
Brighton and Hove,2021-04-11,1.0,2.0,3.0,3.0,3.0,4.0,5.0,5.0,6.0,6.0,7.0,8.0,10.5,inferred
Brighton and Hove,2021-04-12,1.0,2.0,4.0,4.0,4.0,5.0,6.0,6.0,7.0,8.0,8.0,10.0,13.0,inferred
Brighton and Hove,2021-04-13,1.0,2.0,4.0,4.0,4.0,5.0,6.0,6.0,7.0,8.0,8.0,10.0,12.0,inferred
Brighton and Hove,2021-04-14,1.0,3.0,4.0,4.0,5.0,5.0,6.0,7.0,8.0,8.0,9.0,10.0,13.0,inferred
Brighton and Hove,2021-04-15,1.0,3.0,4.0,4.0,4.0,5.0,6.0,6.0,7.0,8.0,8.0,10.0,12.0,inferred
Brighton and Hove,2021-04-16,1.0,2.0,3.0,3.0,4.0,4.0,5.0,5.0,6.0,7.0,7.0,9.0,11.0,inferred
Brighton and Hove,2021-04-17,0.0,1.0,2.0,3.0,3.0,3.0,4.0,5.0,5.0,6.0,6.0,8.0,10.0,inferred
Brighton and Hove,2021-04-18,1.0,2.0,3.0,3.0,4.0,4.0,5.0,6.0,6.0,7.0,7.0,9.0,11.0,inferred
Brighton and Hove,2021-04-19,2.0,3.0,4.0,4.0,5.0,6.0,6.0,7.0,8.0,8.0,9.0,10.0,13.0,inferred
Brighton and Hove,2021-04-20,1.0,3.0,4.0,4.0,4.7,5.0,6.0,7.0,8.0,8.0,9.0,10.0,13.0,inferred
Brighton and Hove,2021-04-21,1.0,3.0,4.0,4.0,5.0,6.0,6.0,7.0,8.0,9.0,9.0,11.0,14.0,inferred
Brighton and Hove,2021-04-22,1.5,3.0,4.0,4.0,5.0,5.0,6.0,7.0,8.0,8.0,9.0,10.0,13.0,inferred
Brighton and Hove,2021-04-23,1.0,2.0,3.0,4.0,4.0,5.0,5.0,6.0,7.0,7.0,8.0,9.0,11.0,inferred
Brighton and Hove,2021-04-24,1.0,2.0,2.0,3.0,3.0,4.0,4.0,5.0,6.0,6.0,7.0,8.0,10.0,inferred
Brighton and Hove,2021-04-25,1.0,2.0,3.0,3.0,4.0,5.0,5.0,6.0,7.0,7.0,8.0,9.0,11.5,inferred
Brighton and Hove,2021-04-26,2.0,3.0,4.0,5.0,5.0,6.0,7.0,7.0,8.0,8.0,9.0,11.0,13.0,inferred
Brighton and Hove,2021-04-27,1.0,3.0,4.0,4.0,5.0,5.0,6.0,7.0,8.0,8.0,9.0,10.0,13.0,inferred
Brighton and Hove,2021-04-28,2.0,3.0,4.0,4.0,5.0,6.0,6.0,7.0,8.0,8.0,9.0,11.0,13.0,inferred
Brighton and Hove,2021-04-29,1.0,3.0,4.0,4.0,4.0,5.0,6.0,6.4,7.0,8.0,8.2,10.0,13.0,inferred
Brighton and Hove,2021-04-30,1.0,2.0,3.0,3.0,4.0,4.0,5.0,6.0,7.0,7.0,8.0,9.0,11.0,inferred
Brighton and Hove,2021-05-01,1.0,2.0,2.0,3.0,3.0,4.0,4.0,5.0,5.0,6.0,6.0,8.0,10.0,inferred
Brighton and Hove,2021-05-02,1.0,2.0,3.0,3.0,4.0,4.0,5.0,6.0,7.0,7.0,7.0,9.0,11.0,inferred
Brighton and Hove,2021-05-03,1.0,3.0,4.0,4.0,5.0,5.0,6.0,7.0,8.0,8.0,9.0,10.0,13.0,inferred
Brighton and Hove,2021-05-04,1.0,3.0,4.0,4.0,4.7,5.0,6.0,7.0,8.0,8.0,9.0,10.0,13.0,inferred
Brighton and Hove,2021-05-05,2.0,3.0,4.0,5.0,5.0,6.0,6.0,7.0,8.0,9.0,9.0,11.0,14.0,inferred
Brighton and Hove,2021-05-06,1.0,3.0,4.0,4.0,5.0,5.0,6.0,7.0,8.0,8.0,9.0,10.0,13.0,inferred
Brighton and Hove,2021-05-07,1.0,2.0,3.0,4.0,4.0,5.0,6.0,6.0,7.0,7.0,8.0,9.0,12.0,inferred
Brighton and Hove,2021-05-08,1.0,2.0,3.0,3.0,3.0,4.0,4.0,5.0,6.0,6.0,7.0,8.0,10.0,inferred
Brighton and Hove,2021-05-09,1.0,2.0,3.0,4.0,4.0,5.0,5.0,6.0,7.0,7.0,8.0,9.0,12.0,inferred
Brighton and Hove,2021-05-10,2.0,3.0,4.0,5.0,5.0,6.0,7.0,7.0,8.0,9.0,10.0,11.0,14.0,inferred
Brighton and Hove,2021-05-11,2.0,3.0,4.0,5.0,5.0,6.0,6.0,7.0,8.0,9.0,9.0,11.0,13.0,inferred
Brighton and Hove,2021-05-12,2.0,3.0,4.0,5.0,5.0,6.0,7.0,8.0,9.0,9.0,10.0,11.0,14.0,inferred
Brighton and Hove,2021-05-13,1.5,3.0,4.0,4.0,5.0,5.0,6.0,7.0,8.0,8.0,9.0,10.0,13.0,inferred
Brighton and Hove,2021-05-14,1.0,2.0,3.0,4.0,4.0,5.0,5.0,6.0,7.0,7.0,8.0,9.0,12.0,inferred
Brighton and Hove,2021-05-15,1.0,2.0,2.0,3.0,3.0,4.0,4.0,5.0,6.0,6.0,7.0,8.0,10.0,inferred
Brighton and Hove,2021-05-16,1.0,2.0,3.0,3.0,4.0,4.0,5.0,6.0,6.0,7.0,8.0,9.0,11.0,inferred
Brighton and Hove,2021-05-17,1.0,3.0,4.0,4.0,5.0,5.0,6.0,7.0,8.0,8.0,9.0,10.0,13.5,inferred
Brighton and Hove,2021-05-18,1.0,3.0,4.0,4.0,5.0,5.0,6.0,7.0,8.0,8.0,9.0,10.0,13.0,inferred
Brighton and Hove,2021-05-19,2.0,3.0,4.0,4.0,5.0,6.0,6.0,7.0,8.0,9.0,9.0,11.0,14.0,inferred
Brighton and Hove,2021-05-20,1.0,3.0,4.0,4.0,4.0,5.0,6.0,7.0,8.0,8.0,9.0,10.1,13.0,inferred
Brighton and Hove,2021-05-21,1.0,2.0,3.0,4.0,4.0,5.0,5.0,6.0,7.0,7.0,8.0,10.0,12.0,inferred
Brighton and Hove,2021-05-22,1.0,2.0,3.0,3.0,4.0,4.0,5.0,5.0,6.0,7.0,7.0,9.0,11.0,inferred
Brighton and Hove,2021-05-23,1.0,3.0,4.0,4.0,4.0,5.0,6.0,6.0,7.0,8.0,8.0,10.0,13.0,inferred
Brighton and Hove,2021-05-24,2.0,4.0,5.0,5.0,6.0,7.0,7.0,8.0,9.0,10.0,10.0,12.0,15.0,inferred
Brighton and Hove,2021-05-25,2.0,4.0,5.0,6.0,6.0,7.0,8.0,9.0,9.0,10.0,11.0,12.0,15.0,inferred
Brighton and Hove,2021-05-26,3.0,5.0,6.0,7.0,7.0,8.0,9.0,10.0,11.0,11.0,12.0,14.0,17.0,inferred
Brighton and Hove,2021-05-27,3.0,5.0,6.0,7.0,7.0,8.0,9.0,10.0,11.0,11.0,12.0,14.0,17.0,inferred
Brighton and Hove,2021-05-28,3.0,5.0,6.0,6.0,7.0,8.0,9.0,9.0,10.0,11.0,12.0,13.0,16.0,inferred
Brighton and Hove,2021-05-29,2.0,4.0,5.0,5.0,6.0,7.0,7.0,8.0,9.0,10.0,10.0,12.0,15.0,inferred
Brighton and Hove,2021-05-30,4.0,5.0,7.0,7.0,8.0,8.0,10.0,10.0,11.0,12.0,13.0,14.0,17.5,inferred
Brighton and Hove,2021-05-31,5.0,8.0,9.0,10.0,10.0,11.0,12.0,14.0,15.0,15.0,16.0,18.0,21.0,inferred
Brighton and Hove,2021-06-01,6.0,8.0,10.0,11.0,11.0,12.0,13.0,15.0,16.0,16.0,17.0,20.0,23.0,inferred
Brighton and Hove,2021-06-02,8.0,10.0,12.0,13.0,13.0,15.0,16.0,17.0,18.0,19.0,20.0,23.0,27.0,inferred
Brighton and Hove,2021-06-03,8.0,11.0,12.0,13.0,14.0,15.0,16.0,17.0,19.0,20.0,20.0,23.0,26.0,inferred
Brighton and Hove,2021-06-04,8.0,10.9,12.0,13.0,14.0,15.0,16.0,17.0,19.0,19.0,20.0,22.0,27.0,inferred
Brighton and Hove,2021-06-05,7.0,9.0,11.0,12.0,12.0,13.6,15.0,16.0,17.0,18.0,19.0,21.0,24.0,inferred
Brighton and Hove,2021-06-06,10.0,13.0,15.0,16.0,17.0,18.0,19.0,21.0,22.0,23.0,24.0,27.0,30.0,inferred
Brighton and Hove,2021-06-07,16.0,19.0,21.0,22.0,23.0,25.0,26.0,28.0,30.0,31.0,32.0,35.0,39.0,inferred
Brighton and Hove,2021-06-08,16.0,21.0,23.0,24.0,25.0,27.0,28.0,30.0,32.0,33.0,34.0,37.0,42.0,inferred
Brighton and Hove,2021-06-09,21.0,25.0,28.0,29.0,30.0,32.0,34.0,35.0,37.0,38.2,40.0,43.0,49.0,inferred
Brighton and Hove,2021-06-10,22.0,26.0,29.0,30.0,31.0,33.0,35.0,36.0,38.0,39.0,41.0,45.0,50.0,inferred
Brighton and Hove,2021-06-11,20.0,25.0,27.0,28.0,29.0,31.0,33.0,35.0,37.0,38.0,39.0,43.0,48.0,inferred
Brighton and Hove,2021-06-12,18.0,22.0,24.0,26.0,26.7,28.0,30.0,31.0,33.0,34.0,35.0,39.0,44.0,inferred
Brighton and Hove,2021-06-13,25.0,29.0,32.0,34.0,35.0,37.0,38.0,40.0,42.0,44.0,45.0,48.0,54.0,inferred
Brighton and Hove,2021-06-14,35.0,40.0,43.0,44.8,46.0,48.0,50.0,53.0,55.0,57.0,58.0,62.0,69.0,inferred
Brighton and Hove,2021-06-15,36.0,42.0,46.0,47.0,48.0,51.0,53.0,56.0,58.0,60.0,61.0,65.0,71.0,inferred
Brighton and Hove,2021-06-16,43.0,49.0,53.0,54.0,56.0,58.0,61.0,63.0,66.0,67.2,69.0,73.0,80.0,inferred
Brighton and Hove,2021-06-17,42.5,48.0,53.0,54.0,55.0,58.0,60.0,63.0,66.0,67.0,69.0,74.0,82.0,inferred
Brighton and Hove,2021-06-18,39.0,46.0,50.0,51.0,52.0,55.0,58.0,60.0,63.0,65.0,66.0,71.0,78.5,inferred
"Bristol, City of",2021-03-06,12.0,16.0,18.0,19.0,20.0,22.0,23.0,25.0,27.0,27.0,28.2,31.0,37.0,inferred
"Bristol, City of",2021-03-07,17.5,21.0,24.0,25.0,26.0,28.0,30.0,32.0,34.0,35.0,36.0,40.0,46.0,inferred
"Bristol, City of",2021-03-08,22.0,26.0,29.0,31.0,32.0,33.0,35.0,38.0,40.0,41.0,43.0,46.0,53.0,inferred
"Bristol, City of",2021-03-09,17.0,21.0,23.0,24.0,25.0,28.0,30.0,32.0,34.0,35.0,36.0,39.0,45.0,inferred
"Bristol, City of",2021-03-10,20.5,25.0,28.8,30.0,30.0,33.0,35.0,37.0,39.0,40.0,42.0,46.0,52.5,inferred
"Bristol, City of",2021-03-11,19.0,24.0,26.0,28.0,29.0,31.0,33.0,35.0,37.0,38.0,40.0,44.0,49.0,inferred
"Bristol, City of",2021-03-12,16.0,20.0,22.0,23.0,24.0,26.0,28.0,30.0,32.0,33.0,34.0,37.0,44.0,inferred
"Bristol, City of",2021-03-13,11.0,14.0,17.0,17.0,18.0,20.0,21.0,23.0,25.0,26.0,27.0,30.0,35.0,inferred
"Bristol, City of",2021-03-14,16.0,21.0,23.0,24.0,25.0,27.0,30.0,31.0,34.0,35.0,36.0,40.0,45.5,inferred
"Bristol, City of",2021-03-15,22.0,26.0,29.0,31.0,32.0,34.0,37.0,39.0,41.0,42.0,44.0,48.0,54.5,inferred
"Bristol, City of",2021-03-16,18.0,23.0,26.0,27.0,28.0,30.0,31.0,33.0,35.0,37.0,38.0,42.0,49.0,inferred
"Bristol, City of",2021-03-17,23.0,28.0,32.0,33.0,34.0,36.0,38.0,40.0,42.0,44.0,45.0,49.0,56.0,inferred
"Bristol, City of",2021-03-18,20.0,25.0,29.0,30.0,31.0,33.0,35.0,37.0,39.0,41.0,42.0,46.0,53.0,inferred
"Bristol, City of",2021-03-19,17.0,21.0,24.0,25.0,26.0,28.0,30.0,32.0,34.0,35.0,36.0,40.0,46.0,inferred
"Bristol, City of",2021-03-20,12.0,15.0,18.0,19.0,19.0,21.0,23.0,24.0,26.0,27.0,28.0,31.0,36.0,inferred
"Bristol, City of",2021-03-21,17.5,21.0,24.0,25.0,26.0,28.0,30.0,32.0,34.0,36.0,37.0,40.0,46.0,inferred
"Bristol, City of",2021-03-22,24.0,28.0,31.0,32.0,33.0,36.0,38.0,40.0,42.0,44.0,45.0,49.0,56.0,inferred
"Bristol, City of",2021-03-23,18.0,23.0,25.0,26.0,27.0,29.0,31.0,34.0,36.0,37.0,38.0,42.0,49.0,inferred
"Bristol, City of",2021-03-24,21.0,26.0,29.0,30.0,31.0,33.0,35.0,37.0,40.0,41.0,42.0,46.1,54.0,inferred
"Bristol, City of",2021-03-25,18.0,22.0,25.0,26.0,27.0,29.0,31.0,33.0,35.0,36.0,37.0,41.0,46.0,inferred
"Bristol, City of",2021-03-26,12.0,16.0,19.0,20.0,20.0,22.0,24.0,25.0,27.0,28.0,29.0,33.0,38.0,inferred
"Bristol, City of",2021-03-27,8.0,10.0,13.0,14.0,14.0,16.0,17.0,18.0,20.0,21.0,22.0,25.0,30.0,inferred
"Bristol, City of",2021-03-28,11.0,14.0,16.0,17.0,18.0,20.0,21.0,23.0,25.0,25.0,27.0,30.0,35.0,inferred
"Bristol, City of",2021-03-29,13.0,16.0,19.0,20.0,21.0,22.0,24.0,26.0,28.0,29.0,31.0,34.0,40.0,inferred
"Bristol, City of",2021-03-30,10.0,13.0,15.0,15.0,16.0,18.0,19.0,21.0,23.0,23.0,25.0,27.0,33.0,inferred
"Bristol, City of",2021-03-31,11.0,14.0,16.0,17.0,18.0,20.0,21.0,23.0,25.0,26.0,27.0,30.0,35.5,inferred
"Bristol, City of",2021-04-01,8.5,12.0,14.0,15.0,15.0,17.0,18.0,20.0,21.0,22.0,24.0,27.0,31.0,inferred
"Bristol, City of",2021-04-02,6.0,9.0,11.0,12.0,12.0,14.0,15.0,16.0,17.0,18.0,19.0,21.0,25.0,inferred
"Bristol, City of",2021-04-03,4.0,5.0,7.0,7.8,8.0,9.0,10.0,12.0,13.0,14.0,14.0,17.0,20.0,inferred
"Bristol, City of",2021-04-04,6.0,8.0,10.0,11.0,11.0,13.0,14.0,15.0,16.0,17.0,18.0,21.0,25.0,inferred
"Bristol, City of",2021-04-05,8.0,10.0,12.0,13.0,13.0,15.0,16.0,17.0,19.0,20.0,21.0,24.0,28.5,inferred
"Bristol, City of",2021-04-06,5.0,8.0,10.0,10.0,11.0,12.0,13.0,14.0,16.0,17.0,18.0,20.0,25.0,inferred
"Bristol, City of",2021-04-07,7.0,10.0,12.0,13.0,14.0,15.0,16.0,18.0,19.0,20.0,21.0,24.0,29.0,inferred
"Bristol, City of",2021-04-08,6.0,9.0,11.0,12.0,12.0,13.0,15.0,16.0,17.0,18.0,19.0,22.0,26.0,inferred
"Bristol, City of",2021-04-09,5.0,7.0,9.0,10.0,10.0,11.0,12.0,14.0,15.0,16.0,17.0,20.0,23.0,inferred
"Bristol, City of",2021-04-10,3.0,5.0,6.0,7.0,7.0,8.0,9.0,11.0,12.0,12.0,13.0,15.0,19.0,inferred
"Bristol, City of",2021-04-11,5.0,7.0,9.0,10.0,10.0,12.0,13.0,14.0,15.0,16.0,17.0,20.0,25.0,inferred
"Bristol, City of",2021-04-12,7.0,10.0,12.0,13.0,13.0,15.0,16.0,18.0,19.0,20.0,21.0,24.0,28.0,inferred
"Bristol, City of",2021-04-13,5.0,8.0,10.0,11.0,11.0,13.0,14.0,15.0,16.0,17.0,18.0,21.0,25.0,inferred
"Bristol, City of",2021-04-14,7.0,9.0,12.0,12.0,13.0,15.0,16.0,17.0,19.0,20.0,21.0,23.0,28.0,inferred
"Bristol, City of",2021-04-15,6.0,9.0,11.0,11.0,12.0,13.0,14.0,16.0,17.0,18.0,19.0,22.0,27.0,inferred
"Bristol, City of",2021-04-16,5.0,7.0,9.0,9.0,10.0,11.0,12.0,13.0,15.0,16.0,16.0,19.0,23.0,inferred
"Bristol, City of",2021-04-17,3.0,5.0,6.0,7.0,7.0,8.0,9.0,10.0,11.0,12.0,13.0,15.0,19.0,inferred
"Bristol, City of",2021-04-18,5.0,7.0,9.0,9.0,10.0,11.0,12.0,13.0,15.0,15.0,16.0,19.0,23.0,inferred
"Bristol, City of",2021-04-19,6.0,9.0,11.0,12.0,12.0,14.0,15.0,16.0,18.0,19.0,20.0,22.0,26.0,inferred
"Bristol, City of",2021-04-20,5.0,7.0,9.0,10.0,10.0,11.0,13.0,14.0,15.0,16.0,17.0,19.0,24.0,inferred
"Bristol, City of",2021-04-21,6.0,9.0,10.0,11.0,12.0,13.0,14.0,15.0,17.0,18.0,19.0,21.0,26.0,inferred
"Bristol, City of",2021-04-22,5.0,7.0,9.0,9.0,10.0,12.0,13.0,14.0,15.0,16.0,17.0,20.0,24.0,inferred
"Bristol, City of",2021-04-23,3.0,5.0,7.0,7.0,8.0,9.0,10.0,11.0,12.0,13.0,14.0,16.0,20.0,inferred
"Bristol, City of",2021-04-24,2.0,3.0,4.0,5.0,5.0,6.0,7.0,8.0,9.0,9.0,10.0,12.0,15.0,inferred
"Bristol, City of",2021-04-25,2.0,4.0,6.0,6.0,7.0,8.0,9.0,10.0,11.0,12.0,12.0,15.0,18.0,inferred
"Bristol, City of",2021-04-26,4.0,5.0,7.0,8.0,8.0,10.0,11.0,12.0,13.0,13.0,14.0,16.0,21.0,inferred
"Bristol, City of",2021-04-27,2.0,4.0,5.0,6.0,6.0,7.0,8.0,9.0,10.0,11.0,12.0,14.0,18.0,inferred
"Bristol, City of",2021-04-28,3.0,5.0,6.0,7.0,7.0,8.0,9.0,10.0,12.0,12.0,13.0,15.0,19.0,inferred
"Bristol, City of",2021-04-29,2.5,4.0,5.0,6.0,6.0,7.0,8.0,9.0,11.0,11.0,12.0,14.0,18.0,inferred
"Bristol, City of",2021-04-30,1.5,3.0,4.0,5.0,5.0,6.0,7.0,8.0,9.0,9.0,10.0,11.1,14.0,inferred
"Bristol, City of",2021-05-01,1.0,2.0,3.0,3.0,3.0,4.0,5.0,6.0,6.0,7.0,8.0,9.0,12.0,inferred
"Bristol, City of",2021-05-02,1.0,3.0,4.0,4.0,5.0,6.0,6.0,7.0,8.0,9.0,10.0,11.0,15.0,inferred
"Bristol, City of",2021-05-03,2.0,4.0,5.0,6.0,6.0,7.0,8.0,9.0,10.0,11.0,11.0,14.0,17.0,inferred
"Bristol, City of",2021-05-04,2.0,3.0,4.0,5.0,5.0,6.0,7.0,8.0,9.0,9.0,10.0,12.0,15.0,inferred
"Bristol, City of",2021-05-05,2.0,4.0,6.0,6.0,6.0,7.0,8.0,9.0,11.0,11.0,12.0,14.0,18.0,inferred
"Bristol, City of",2021-05-06,2.0,4.0,5.0,6.0,6.0,7.0,8.0,9.0,10.0,11.0,11.0,13.0,17.0,inferred
"Bristol, City of",2021-05-07,2.0,3.0,4.0,5.0,5.0,6.0,7.0,8.0,9.0,9.0,10.0,12.0,15.0,inferred
"Bristol, City of",2021-05-08,1.0,2.0,3.0,3.0,4.0,4.0,5.0,6.0,7.0,7.0,8.0,10.0,13.0,inferred
"Bristol, City of",2021-05-09,2.0,3.0,4.0,5.0,5.0,6.0,7.0,8.0,9.0,10.0,11.0,13.0,16.0,inferred
"Bristol, City of",2021-05-10,3.0,5.0,6.0,7.0,8.0,9.0,10.0,11.0,12.0,12.0,13.0,15.0,19.0,inferred
"Bristol, City of",2021-05-11,2.0,4.0,5.0,6.0,6.0,7.0,8.0,9.0,11.0,11.0,12.0,14.0,17.0,inferred
"Bristol, City of",2021-05-12,3.0,5.0,7.0,8.0,8.0,9.0,10.0,11.0,13.0,14.0,14.0,17.0,20.0,inferred
"Bristol, City of",2021-05-13,3.0,5.0,7.0,7.0,8.0,9.0,10.0,11.0,12.0,13.0,14.0,16.0,20.0,inferred
"Bristol, City of",2021-05-14,2.0,4.0,6.0,6.0,7.0,7.0,8.0,9.0,10.0,11.0,12.0,14.0,18.0,inferred
"Bristol, City of",2021-05-15,1.0,3.0,4.0,4.0,5.0,6.0,6.0,7.0,8.0,9.0,10.0,11.0,15.0,inferred
"Bristol, City of",2021-05-16,3.0,5.0,6.0,7.0,7.0,8.0,9.0,10.0,11.0,12.0,13.0,15.0,19.0,inferred
"Bristol, City of",2021-05-17,4.0,7.0,8.0,9.0,10.0,11.0,12.0,13.0,14.0,15.0,16.0,18.1,23.0,inferred
"Bristol, City of",2021-05-18,4.0,5.0,7.0,8.0,8.0,10.0,11.0,12.0,13.0,14.0,14.2,16.1,20.0,inferred
"Bristol, City of",2021-05-19,5.0,8.0,9.0,10.0,11.0,12.0,13.0,14.0,16.0,16.0,17.0,20.0,25.0,inferred
"Bristol, City of",2021-05-20,4.0,7.0,9.0,9.0,10.0,11.0,12.0,14.0,15.0,16.0,17.0,19.0,24.0,inferred
"Bristol, City of",2021-05-21,4.0,6.0,7.0,8.0,9.0,10.0,11.0,12.0,13.0,14.0,15.0,17.0,21.0,inferred
"Bristol, City of",2021-05-22,3.0,4.0,5.0,6.0,7.0,8.0,9.0,10.0,11.0,12.0,12.0,14.0,18.0,inferred
"Bristol, City of",2021-05-23,4.0,6.0,8.0,9.0,10.0,11.0,12.0,13.0,14.0,15.0,16.0,19.0,23.0,inferred
"Bristol, City of",2021-05-24,6.0,9.0,11.0,12.0,13.0,14.0,15.5,17.0,18.0,19.0,20.0,23.0,27.0,inferred
"Bristol, City of",2021-05-25,6.0,8.9,10.0,11.0,12.0,13.0,14.0,15.0,17.0,18.0,19.0,21.0,26.0,inferred
"Bristol, City of",2021-05-26,8.0,11.0,14.0,15.0,15.0,17.0,18.0,20.0,22.0,23.0,24.0,27.0,32.0,inferred
"Bristol, City of",2021-05-27,8.0,11.0,13.0,14.0,15.0,16.0,18.0,19.0,21.0,22.0,23.0,26.0,31.5,inferred
"Bristol, City of",2021-05-28,7.0,10.0,12.0,13.0,13.0,15.0,16.0,17.0,19.0,20.0,21.0,24.0,28.5,inferred
"Bristol, City of",2021-05-29,5.0,7.0,9.0,10.0,10.7,12.0,13.0,14.0,16.0,16.0,17.0,20.0,25.0,inferred
"Bristol, City of",2021-05-30,9.0,12.0,14.0,15.0,16.0,18.0,19.0,21.0,22.0,23.0,24.0,27.0,33.0,inferred
"Bristol, City of",2021-05-31,13.0,17.0,20.0,21.0,22.0,23.0,25.0,27.0,29.0,30.0,31.0,35.0,40.0,inferred
"Bristol, City of",2021-06-01,13.0,16.0,19.0,20.0,21.0,23.0,24.0,26.0,28.0,29.0,30.0,33.0,39.0,inferred
"Bristol, City of",2021-06-02,19.0,24.0,27.0,28.0,29.0,31.0,33.0,35.0,37.0,38.0,39.0,43.1,49.0,inferred
"Bristol, City of",2021-06-03,20.5,25.0,28.0,29.0,31.0,33.0,35.0,37.0,39.0,40.0,42.0,45.0,52.0,inferred
"Bristol, City of",2021-06-04,20.0,24.0,27.0,28.0,29.7,32.0,33.0,36.0,38.0,39.0,41.0,44.0,50.0,inferred
"Bristol, City of",2021-06-05,16.0,20.0,23.0,24.0,25.0,27.0,29.0,31.0,33.0,34.0,35.0,38.0,43.0,inferred
"Bristol, City of",2021-06-06,28.0,33.0,37.0,38.0,40.0,42.0,44.0,46.0,49.0,50.0,52.0,56.0,64.0,inferred
"Bristol, City of",2021-06-07,42.0,48.0,52.0,54.0,56.0,58.0,61.0,64.0,67.0,69.0,71.0,77.0,85.0,inferred
"Bristol, City of",2021-06-08,39.0,46.0,50.0,52.0,53.0,56.0,58.0,61.0,64.0,65.0,67.0,73.0,82.0,inferred
"Bristol, City of",2021-06-09,53.0,61.0,65.0,68.0,69.0,72.0,75.0,78.4,82.0,84.0,86.0,93.0,101.0,inferred
"Bristol, City of",2021-06-10,55.0,61.9,67.0,69.0,70.0,73.0,76.0,79.0,83.0,85.0,87.0,92.1,103.0,inferred
"Bristol, City of",2021-06-11,50.0,57.0,61.0,63.0,64.0,67.0,71.0,73.0,77.0,78.0,81.0,86.0,95.0,inferred
"Bristol, City of",2021-06-12,40.5,46.0,50.0,52.0,53.0,56.0,58.5,61.0,64.0,66.0,67.0,72.1,81.0,inferred
"Bristol, City of",2021-06-13,64.0,71.9,77.0,78.0,80.0,84.0,87.0,91.0,94.0,96.0,99.0,104.0,113.0,inferred
"Bristol, City of",2021-06-14,90.0,100.0,105.0,108.0,110.0,114.0,118.0,122.0,126.0,128.0,131.0,138.0,151.0,inferred
"Bristol, City of",2021-06-15,83.0,91.0,97.0,99.0,101.0,105.0,109.0,112.0,116.0,118.0,120.0,127.0,138.0,inferred
"Bristol, City of",2021-06-16,106.0,115.0,123.0,125.0,128.0,132.0,136.0,140.0,145.0,149.0,151.0,158.0,170.5,inferred
"Bristol, City of",2021-06-17,102.0,113.0,121.0,124.0,126.0,130.0,134.0,139.0,142.0,145.0,147.0,156.0,167.0,inferred
"Bristol, City of",2021-06-18,90.0,99.0,106.0,108.0,111.0,115.0,119.0,123.0,128.0,130.0,133.2,141.0,154.0,inferred
Broadland,2021-03-06,0.0,1.0,2.0,2.0,2.0,3.0,4.0,4.0,5.0,6.0,6.0,8.0,11.0,inferred
Broadland,2021-03-07,0.0,1.0,2.0,3.0,3.0,4.0,4.0,5.0,6.0,7.0,7.0,9.0,12.5,inferred
Broadland,2021-03-08,1.0,2.0,3.0,3.8,4.0,5.0,5.0,6.0,7.0,8.0,9.0,10.0,13.0,inferred
Broadland,2021-03-09,1.0,2.0,3.0,3.0,4.0,4.0,5.0,6.0,7.0,7.0,8.0,10.0,14.0,inferred
Broadland,2021-03-10,1.0,2.0,3.0,4.0,4.0,5.0,6.0,7.0,8.0,8.0,9.0,11.0,15.0,inferred
Broadland,2021-03-11,1.0,2.0,3.0,3.0,4.0,4.0,5.0,6.0,7.0,8.0,9.0,11.0,14.0,inferred
Broadland,2021-03-12,0.0,2.0,3.0,3.0,4.0,4.0,5.0,6.0,7.0,7.0,8.0,10.0,13.0,inferred
Broadland,2021-03-13,0.0,1.0,2.0,2.0,3.0,3.0,4.0,5.0,6.0,6.0,7.0,8.0,12.0,inferred
Broadland,2021-03-14,1.0,2.0,3.0,3.0,4.0,4.0,5.0,6.0,7.0,7.0,8.0,10.0,14.0,inferred
Broadland,2021-03-15,1.0,3.0,4.0,4.0,5.0,6.0,7.0,8.0,9.0,9.0,10.0,13.0,16.0,inferred
Broadland,2021-03-16,1.0,3.0,4.0,4.0,5.0,6.0,6.0,7.0,8.0,9.0,10.0,12.0,16.0,inferred
Broadland,2021-03-17,1.5,3.0,4.0,4.0,5.0,6.0,7.0,8.0,9.0,10.0,10.0,12.0,16.0,inferred
Broadland,2021-03-18,1.0,2.0,4.0,4.0,5.0,6.0,6.0,7.0,8.0,9.0,10.0,12.0,16.0,inferred
Broadland,2021-03-19,1.0,2.0,3.0,4.0,4.0,5.0,6.0,7.0,8.0,8.0,9.0,11.0,14.0,inferred
Broadland,2021-03-20,0.0,1.0,2.0,3.0,3.0,4.0,5.0,5.0,6.0,7.0,7.0,10.0,14.0,inferred
Broadland,2021-03-21,1.0,2.0,3.0,3.8,4.0,5.0,6.0,7.0,8.0,8.0,9.0,11.0,15.0,inferred
Broadland,2021-03-22,1.0,3.0,4.0,5.0,5.0,6.0,7.0,8.0,9.0,10.0,11.0,13.0,17.0,inferred
Broadland,2021-03-23,1.0,3.0,4.0,4.0,5.0,6.0,7.0,8.0,9.0,10.0,10.0,12.0,16.0,inferred
Broadland,2021-03-24,1.0,3.0,4.0,5.0,5.0,6.0,7.0,8.0,9.0,10.0,10.2,13.0,17.0,inferred
Broadland,2021-03-25,1.0,3.0,4.0,4.0,5.0,5.0,6.0,7.0,8.0,9.0,10.0,11.0,15.0,inferred
Broadland,2021-03-26,1.0,2.0,3.0,3.0,4.0,5.0,5.0,6.0,7.0,8.0,9.0,10.0,14.0,inferred
Broadland,2021-03-27,0.0,1.0,2.0,2.0,3.0,3.0,4.0,5.0,6.0,6.0,7.0,9.0,11.0,inferred
Broadland,2021-03-28,0.0,1.0,2.0,3.0,3.0,4.0,4.0,5.0,6.0,7.0,8.0,9.0,13.0,inferred
Broadland,2021-03-29,1.0,2.0,3.0,3.0,4.0,4.0,5.0,6.0,7.0,8.0,8.0,10.0,14.0,inferred
Broadland,2021-03-30,0.0,1.9,2.0,3.0,3.0,4.0,5.0,5.0,6.0,7.0,7.0,9.0,12.0,inferred
Broadland,2021-03-31,0.0,1.0,2.0,3.0,3.0,4.0,4.0,5.0,6.0,7.0,7.0,9.0,12.0,inferred
Broadland,2021-04-01,0.0,1.0,2.0,2.0,2.0,3.0,4.0,4.0,5.0,6.0,6.0,8.0,11.0,inferred
Broadland,2021-04-02,0.0,0.0,1.0,2.0,2.0,2.0,3.0,3.0,4.0,5.0,5.0,7.0,10.0,inferred
Broadland,2021-04-03,0.0,0.0,1.0,1.0,1.0,1.0,2.0,2.0,3.0,4.0,4.0,5.0,8.0,inferred
Broadland,2021-04-04,0.0,0.0,1.0,1.0,1.0,1.0,2.0,3.0,3.0,4.0,4.0,5.0,8.0,inferred
Broadland,2021-04-05,0.0,0.0,1.0,1.0,1.0,2.0,2.0,3.0,4.0,4.0,5.0,6.0,9.0,inferred
Broadland,2021-04-06,0.0,0.0,1.0,1.0,1.0,1.0,2.0,2.0,3.0,4.0,4.0,5.0,8.0,inferred
Broadland,2021-04-07,0.0,0.0,1.0,1.0,1.0,1.0,2.0,2.0,3.0,3.0,4.0,5.0,8.0,inferred
Broadland,2021-04-08,0.0,0.0,0.0,0.0,1.0,1.0,2.0,2.0,3.0,3.0,3.0,5.0,7.0,inferred
Broadland,2021-04-09,0.0,0.0,0.0,0.0,0.0,1.0,1.0,2.0,2.0,3.0,3.0,4.0,7.0,inferred
Broadland,2021-04-10,0.0,0.0,0.0,0.0,0.0,1.0,1.0,1.0,2.0,2.0,3.0,4.0,6.0,inferred
Broadland,2021-04-11,0.0,0.0,0.0,0.0,0.0,1.0,1.0,2.0,2.0,3.0,3.0,4.0,7.0,inferred
Broadland,2021-04-12,0.0,0.0,0.0,1.0,1.0,1.0,2.0,2.0,3.0,3.0,4.0,5.0,7.0,inferred
Broadland,2021-04-13,0.0,0.0,0.0,0.0,1.0,1.0,1.0,2.0,2.0,3.0,3.0,4.0,7.0,inferred
Broadland,2021-04-14,0.0,0.0,0.0,0.0,1.0,1.0,2.0,2.0,3.0,3.0,3.0,5.0,7.0,inferred
Broadland,2021-04-15,0.0,0.0,0.0,0.0,1.0,1.0,1.0,2.0,2.0,3.0,3.0,5.0,7.0,inferred
Broadland,2021-04-16,0.0,0.0,0.0,0.0,0.0,1.0,1.0,2.0,2.0,3.0,3.0,4.0,6.0,inferred
Broadland,2021-04-17,0.0,0.0,0.0,0.0,0.0,1.0,1.0,1.0,2.0,2.0,2.0,4.0,6.0,inferred
Broadland,2021-04-18,0.0,0.0,0.0,0.0,0.0,1.0,1.0,1.0,2.0,2.0,3.0,4.0,6.0,inferred
Broadland,2021-04-19,0.0,0.0,0.0,0.0,1.0,1.0,1.0,2.0,3.0,3.0,3.0,5.0,7.0,inferred
Broadland,2021-04-20,0.0,0.0,0.0,0.0,1.0,1.0,1.0,2.0,3.0,3.0,3.0,5.0,7.0,inferred
Broadland,2021-04-21,0.0,0.0,0.0,1.0,1.0,1.0,2.0,2.0,3.0,3.0,4.0,5.0,7.0,inferred
Broadland,2021-04-22,0.0,0.0,0.0,0.0,1.0,1.0,1.0,2.0,2.0,3.0,3.0,4.0,6.5,inferred
Broadland,2021-04-23,0.0,0.0,0.0,0.0,0.0,1.0,1.0,1.0,2.0,2.0,3.0,4.0,6.0,inferred
Broadland,2021-04-24,0.0,0.0,0.0,0.0,0.0,0.0,1.0,1.0,2.0,2.0,2.0,3.0,5.0,inferred
Broadland,2021-04-25,0.0,0.0,0.0,0.0,0.0,1.0,1.0,1.0,2.0,2.0,3.0,4.0,6.0,inferred
Broadland,2021-04-26,0.0,0.0,0.0,0.0,1.0,1.0,1.0,2.0,2.0,3.0,3.0,4.0,7.0,inferred
Broadland,2021-04-27,0.0,0.0,0.0,0.0,1.0,1.0,1.0,2.0,2.0,3.0,3.0,4.0,7.0,inferred
Broadland,2021-04-28,0.0,0.0,0.0,0.0,1.0,1.0,1.0,2.0,2.0,3.0,3.0,4.0,7.0,inferred
Broadland,2021-04-29,0.0,0.0,0.0,0.0,0.0,1.0,1.0,2.0,2.0,2.0,3.0,4.0,6.0,inferred
Broadland,2021-04-30,0.0,0.0,0.0,0.0,0.0,1.0,1.0,1.0,2.0,2.0,3.0,4.0,6.0,inferred
Broadland,2021-05-01,0.0,0.0,0.0,0.0,0.0,0.0,1.0,1.0,2.0,2.0,2.0,3.0,6.0,inferred
Broadland,2021-05-02,0.0,0.0,0.0,0.0,0.0,1.0,1.0,1.0,2.0,2.0,3.0,4.0,6.0,inferred
Broadland,2021-05-03,0.0,0.0,0.0,0.0,1.0,1.0,1.0,2.0,2.0,3.0,3.0,4.0,7.0,inferred
Broadland,2021-05-04,0.0,0.0,0.0,0.0,0.0,1.0,1.0,2.0,2.0,3.0,3.0,4.0,7.0,inferred
Broadland,2021-05-05,0.0,0.0,0.0,0.0,1.0,1.0,1.0,2.0,3.0,3.0,3.0,5.0,7.0,inferred
Broadland,2021-05-06,0.0,0.0,0.0,0.0,1.0,1.0,1.0,2.0,2.0,3.0,3.0,4.0,7.0,inferred
Broadland,2021-05-07,0.0,0.0,0.0,0.0,0.0,1.0,1.0,2.0,2.0,3.0,3.0,4.0,7.0,inferred
Broadland,2021-05-08,0.0,0.0,0.0,0.0,0.0,1.0,1.0,1.0,2.0,2.0,2.2,4.0,6.0,inferred
Broadland,2021-05-09,0.0,0.0,0.0,0.0,1.0,1.0,1.0,2.0,2.0,3.0,3.0,4.0,7.0,inferred
Broadland,2021-05-10,0.0,0.0,0.0,1.0,1.0,1.0,2.0,2.0,3.0,3.0,4.0,5.0,7.5,inferred
Broadland,2021-05-11,0.0,0.0,0.0,1.0,1.0,1.0,2.0,2.0,3.0,3.0,3.0,5.0,7.0,inferred
Broadland,2021-05-12,0.0,0.0,1.0,1.0,1.0,1.0,2.0,2.0,3.0,3.0,4.0,5.0,8.0,inferred
Broadland,2021-05-13,0.0,0.0,0.0,1.0,1.0,1.0,2.0,2.0,3.0,3.0,4.0,5.0,7.0,inferred
Broadland,2021-05-14,0.0,0.0,0.0,0.0,1.0,1.0,1.0,2.0,2.0,3.0,3.0,5.0,7.0,inferred
Broadland,2021-05-15,0.0,0.0,0.0,0.0,0.0,1.0,1.0,2.0,2.0,2.0,3.0,4.0,6.0,inferred
Broadland,2021-05-16,0.0,0.0,0.0,0.0,1.0,1.0,1.0,2.0,2.0,3.0,3.0,4.0,7.0,inferred
Broadland,2021-05-17,0.0,0.0,0.0,1.0,1.0,1.0,2.0,2.0,3.0,3.0,4.0,5.0,8.0,inferred
Broadland,2021-05-18,0.0,0.0,0.0,1.0,1.0,1.0,2.0,2.0,3.0,3.0,4.0,5.0,7.0,inferred
Broadland,2021-05-19,0.0,0.0,1.0,1.0,1.0,1.0,2.0,2.0,3.0,3.0,4.0,5.0,8.0,inferred
Broadland,2021-05-20,0.0,0.0,0.0,1.0,1.0,1.0,2.0,2.0,3.0,3.0,4.0,5.0,8.0,inferred
Broadland,2021-05-21,0.0,0.0,0.0,1.0,1.0,1.0,2.0,2.0,3.0,3.0,4.0,5.0,7.5,inferred
Broadland,2021-05-22,0.0,0.0,0.0,0.0,1.0,1.0,1.0,2.0,2.0,3.0,3.0,4.0,7.0,inferred
Broadland,2021-05-23,0.0,0.0,0.8,1.0,1.0,1.0,2.0,2.0,3.0,3.0,4.0,5.0,8.0,inferred
Broadland,2021-05-24,0.0,0.0,1.0,1.0,1.0,2.0,2.0,3.0,4.0,4.0,5.0,6.0,9.0,inferred
Broadland,2021-05-25,0.0,0.0,1.0,1.0,1.0,2.0,2.0,3.0,4.0,4.0,4.0,6.0,9.0,inferred
Broadland,2021-05-26,0.0,0.0,1.0,1.0,1.0,2.0,3.0,3.0,4.0,4.0,5.0,6.0,9.0,inferred
Broadland,2021-05-27,0.0,0.0,1.0,1.0,1.0,2.0,2.0,3.0,4.0,4.0,5.0,6.0,9.0,inferred
Broadland,2021-05-28,0.0,0.0,1.0,1.0,1.0,1.0,2.0,3.0,3.0,4.0,4.0,5.0,8.0,inferred
Broadland,2021-05-29,0.0,0.0,0.0,1.0,1.0,1.0,2.0,2.0,3.0,3.0,4.0,5.0,8.0,inferred
Broadland,2021-05-30,0.0,0.0,1.0,1.0,1.0,2.0,2.0,3.0,3.0,4.0,4.0,6.0,8.0,inferred
Broadland,2021-05-31,0.0,0.0,1.0,1.0,1.0,2.0,3.0,3.0,4.0,4.0,5.0,6.0,10.0,inferred
Broadland,2021-06-01,0.0,0.0,1.0,1.0,2.0,2.0,3.0,3.0,4.0,4.0,5.0,6.0,9.0,inferred
Broadland,2021-06-02,0.0,1.0,1.0,1.0,2.0,2.0,3.0,3.0,4.0,5.0,5.0,7.0,9.0,inferred
Broadland,2021-06-03,0.0,0.0,1.0,1.0,2.0,2.0,3.0,4.0,4.0,5.0,5.0,7.0,10.0,inferred
Broadland,2021-06-04,0.0,0.0,1.0,1.0,1.0,2.0,2.0,3.0,4.0,4.0,5.0,6.0,9.0,inferred
Broadland,2021-06-05,0.0,0.0,1.0,1.0,1.0,2.0,2.0,3.0,3.0,4.0,4.0,5.0,8.0,inferred
Broadland,2021-06-06,0.0,0.0,1.0,1.0,1.0,2.0,2.0,3.0,4.0,4.0,5.0,6.0,9.0,inferred
Broadland,2021-06-07,0.0,1.0,1.0,2.0,2.0,3.0,3.0,4.0,5.0,5.0,6.0,8.0,11.0,inferred
Broadland,2021-06-08,0.0,1.0,1.0,2.0,2.0,3.0,3.0,4.0,5.0,5.0,6.0,8.0,11.0,inferred
Broadland,2021-06-09,0.0,1.0,1.8,2.0,2.0,3.0,3.0,4.0,5.0,5.0,6.0,8.0,10.5,inferred
Broadland,2021-06-10,0.0,1.0,1.0,2.0,2.0,3.0,3.0,4.0,5.0,5.0,5.0,7.0,10.0,inferred
Broadland,2021-06-11,0.0,0.0,1.0,1.0,1.0,2.0,3.0,3.0,4.0,5.0,5.0,7.0,9.0,inferred
Broadland,2021-06-12,0.0,0.0,1.0,1.0,1.0,2.0,2.0,3.0,4.0,4.0,4.0,6.0,8.5,inferred
Broadland,2021-06-13,0.0,0.0,1.0,1.0,1.0,2.0,3.0,3.0,4.0,4.0,5.0,6.0,9.0,inferred
Broadland,2021-06-14,0.0,1.0,1.0,2.0,2.0,3.0,3.0,4.0,5.0,5.0,6.0,8.0,11.0,inferred
Broadland,2021-06-15,0.0,1.0,1.0,2.0,2.0,3.0,3.0,4.0,5.0,5.0,6.0,8.0,10.0,inferred
Broadland,2021-06-16,0.0,1.0,2.0,2.0,2.0,3.0,4.0,4.0,5.0,6.0,6.0,8.0,12.0,inferred
Broadland,2021-06-17,0.0,1.0,1.0,2.0,2.0,3.0,3.0,4.0,5.0,5.0,6.0,8.0,11.0,inferred
Broadland,2021-06-18,0.0,0.9,1.0,1.0,2.0,2.0,3.0,4.0,5.0,5.0,5.0,7.0,10.0,inferred
Bromley,2021-03-06,4.0,5.0,7.0,8.0,8.0,9.0,10.0,11.0,12.0,12.0,13.0,15.0,19.0,inferred
Bromley,2021-03-07,5.0,7.0,8.0,9.0,10.0,11.0,12.0,13.0,14.0,15.0,15.0,18.0,22.0,inferred
Bromley,2021-03-08,8.0,10.0,12.0,13.0,13.0,15.0,16.0,17.0,18.0,19.0,20.0,22.0,26.0,inferred
Bromley,2021-03-09,7.0,10.0,12.0,13.0,13.0,15.0,16.0,17.0,18.0,19.0,20.0,22.0,25.0,inferred
Bromley,2021-03-10,8.0,10.0,12.0,13.0,13.0,15.0,16.0,17.0,18.0,19.0,20.0,22.0,26.5,inferred
Bromley,2021-03-11,6.5,9.0,11.0,12.0,12.0,13.0,14.0,16.0,17.0,18.0,19.0,20.0,24.0,inferred
Bromley,2021-03-12,5.0,7.0,9.0,10.0,10.0,11.0,13.0,14.0,15.0,15.0,16.0,18.0,21.0,inferred
Bromley,2021-03-13,3.0,6.0,7.0,7.0,8.0,9.0,10.0,11.0,12.0,13.0,13.0,15.0,18.0,inferred
Bromley,2021-03-14,4.0,6.0,8.0,8.0,9.0,10.0,11.0,12.0,13.0,14.0,14.0,16.0,19.5,inferred
Bromley,2021-03-15,6.0,8.0,10.0,11.0,11.0,12.0,13.0,15.0,16.0,17.0,17.0,19.0,23.0,inferred
Bromley,2021-03-16,5.0,8.0,9.0,10.0,11.0,12.0,13.0,14.0,15.0,16.0,17.0,19.0,24.0,inferred
Bromley,2021-03-17,6.0,8.0,9.0,10.0,11.0,12.0,13.0,14.0,15.0,16.0,17.0,19.0,23.0,inferred
Bromley,2021-03-18,5.0,7.0,9.0,9.0,10.0,11.0,12.0,13.0,14.0,15.0,16.0,18.0,22.0,inferred
Bromley,2021-03-19,4.0,6.0,8.0,8.0,9.0,10.0,11.0,12.0,13.0,13.0,14.0,16.0,20.0,inferred
Bromley,2021-03-20,3.0,4.0,6.0,6.0,7.0,8.0,9.0,9.0,11.0,11.0,12.0,13.1,17.0,inferred
Bromley,2021-03-21,4.0,6.0,7.0,7.0,8.0,9.0,10.0,11.0,12.0,12.0,13.0,15.0,18.0,inferred
Bromley,2021-03-22,5.0,7.0,9.0,10.0,10.0,11.0,12.0,13.0,15.0,15.0,16.0,18.0,22.0,inferred
Bromley,2021-03-23,5.0,7.0,8.0,9.0,10.0,11.0,12.0,13.0,14.0,15.0,15.0,17.1,21.0,inferred
Bromley,2021-03-24,4.0,7.0,8.0,9.0,9.0,10.0,11.0,12.0,13.0,14.0,15.0,17.0,21.0,inferred
Bromley,2021-03-25,3.0,5.0,7.0,7.0,8.0,9.0,10.0,11.0,12.0,13.0,13.0,15.0,19.0,inferred
Bromley,2021-03-26,3.0,4.0,6.0,6.0,7.0,7.6,9.0,9.0,10.0,11.0,12.0,13.0,16.0,inferred
Bromley,2021-03-27,2.0,3.0,4.0,4.0,5.0,6.0,6.0,7.0,8.0,9.0,9.0,11.0,14.0,inferred
Bromley,2021-03-28,2.0,4.0,5.0,5.0,6.0,6.0,7.0,8.0,9.0,9.0,10.0,12.0,14.5,inferred
Bromley,2021-03-29,3.0,4.0,6.0,6.0,7.0,8.0,9.0,9.0,10.0,11.0,12.0,14.0,16.0,inferred
Bromley,2021-03-30,2.0,4.0,5.0,6.0,6.0,7.0,8.0,9.0,10.0,11.0,11.0,13.0,16.0,inferred
Bromley,2021-03-31,2.0,4.0,5.0,5.0,6.0,7.0,8.0,9.0,9.0,10.0,11.0,12.0,15.0,inferred
Bromley,2021-04-01,2.0,3.0,4.0,5.0,5.0,6.0,7.0,7.0,8.0,9.0,9.0,11.0,15.0,inferred
Bromley,2021-04-02,1.0,2.0,3.0,4.0,4.0,5.0,5.0,6.0,7.0,8.0,8.0,9.0,12.0,inferred
Bromley,2021-04-03,1.0,1.0,2.0,3.0,3.0,3.0,4.0,5.0,5.0,6.0,6.0,8.0,10.0,inferred
Bromley,2021-04-04,1.0,2.0,3.0,3.0,3.0,4.0,5.0,5.0,6.0,7.0,7.0,8.0,11.0,inferred
Bromley,2021-04-05,1.0,2.0,3.0,4.0,4.0,5.0,5.5,6.0,7.0,8.0,8.0,10.0,12.0,inferred
Bromley,2021-04-06,1.0,2.0,3.0,3.0,4.0,4.0,5.0,6.0,7.0,7.0,8.0,9.1,12.0,inferred
Bromley,2021-04-07,1.0,2.0,3.0,4.0,4.0,4.6,5.0,6.0,7.0,7.0,8.0,9.0,11.0,inferred
Bromley,2021-04-08,1.0,2.0,3.0,3.0,3.0,4.0,5.0,5.0,6.0,6.0,7.0,8.0,10.0,inferred
Bromley,2021-04-09,0.0,1.0,2.0,2.0,3.0,3.0,4.0,5.0,5.0,6.0,6.0,8.0,10.0,inferred
Bromley,2021-04-10,0.0,1.0,2.0,2.0,2.0,3.0,3.0,4.0,4.0,5.0,5.0,6.0,8.0,inferred
Bromley,2021-04-11,0.0,1.0,2.0,2.0,2.0,3.0,4.0,4.0,5.0,5.0,6.0,7.0,9.0,inferred
Bromley,2021-04-12,1.0,2.0,3.0,3.0,3.0,4.0,5.0,5.0,6.0,7.0,7.0,8.0,11.0,inferred
Bromley,2021-04-13,1.0,2.0,3.0,3.0,3.0,4.0,5.0,5.0,6.0,7.0,7.0,8.0,11.0,inferred
Bromley,2021-04-14,1.0,2.0,3.0,3.0,4.0,4.0,5.0,6.0,6.0,7.0,7.0,9.0,12.0,inferred
Bromley,2021-04-15,1.0,2.0,3.0,3.0,3.0,4.0,5.0,5.0,6.0,7.0,7.0,9.0,11.0,inferred
Bromley,2021-04-16,1.0,2.0,2.0,3.0,3.0,4.0,4.0,5.0,6.0,6.0,7.0,8.0,10.0,inferred
Bromley,2021-04-17,0.0,1.0,2.0,2.0,2.0,3.0,4.0,4.0,5.0,5.0,6.0,7.0,10.0,inferred
Bromley,2021-04-18,1.0,2.0,2.0,3.0,3.0,4.0,4.0,5.0,6.0,6.0,7.0,8.0,10.5,inferred
Bromley,2021-04-19,1.0,2.0,3.0,4.0,4.0,5.0,6.0,6.0,7.0,8.0,8.0,10.0,12.0,inferred
Bromley,2021-04-20,1.0,3.0,4.0,4.0,4.0,5.0,6.0,7.0,8.0,8.0,8.2,10.0,13.0,inferred
Bromley,2021-04-21,2.0,3.0,4.0,4.0,4.7,5.0,6.0,7.0,8.0,8.0,9.0,10.0,13.0,inferred
Bromley,2021-04-22,1.0,2.0,3.0,4.0,4.0,5.0,5.0,6.0,7.0,7.0,8.0,10.0,12.0,inferred
Bromley,2021-04-23,1.0,2.0,3.0,3.0,4.0,4.0,5.0,6.0,6.0,7.0,7.0,9.0,11.0,inferred
Bromley,2021-04-24,0.0,2.0,2.0,3.0,3.0,4.0,4.0,5.0,6.0,6.0,7.0,8.0,10.0,inferred
Bromley,2021-04-25,1.0,2.0,3.0,3.0,4.0,4.0,5.0,6.0,7.0,7.0,8.0,10.0,12.0,inferred
Bromley,2021-04-26,2.0,3.0,4.0,5.0,5.0,6.0,6.0,7.0,8.0,9.0,9.0,11.0,14.0,inferred
Bromley,2021-04-27,1.0,3.0,4.0,4.0,5.0,6.0,6.0,7.0,8.0,9.0,9.0,11.0,14.0,inferred
Bromley,2021-04-28,2.0,3.0,4.0,5.0,5.0,6.0,7.0,7.0,9.0,9.0,10.0,11.0,14.0,inferred
Bromley,2021-04-29,1.5,3.0,4.0,4.8,5.0,5.0,6.0,7.0,8.0,8.2,9.0,11.0,14.0,inferred
Bromley,2021-04-30,1.0,2.0,3.0,4.0,4.0,5.0,6.0,6.0,7.0,8.0,8.0,10.0,12.0,inferred
Bromley,2021-05-01,1.0,2.0,3.0,3.0,3.0,4.0,5.0,5.0,6.0,7.0,7.0,9.0,11.0,inferred
Bromley,2021-05-02,1.0,2.0,3.0,3.0,4.0,5.0,5.0,6.0,7.0,7.0,8.0,9.0,12.0,inferred
Bromley,2021-05-03,2.0,3.0,4.0,5.0,5.0,6.0,7.0,7.0,8.0,9.0,10.0,11.0,14.0,inferred
Bromley,2021-05-04,2.0,3.0,4.0,5.0,5.0,6.0,7.0,7.0,8.0,9.0,9.0,11.0,14.0,inferred
Bromley,2021-05-05,2.0,3.0,4.0,5.0,5.0,6.0,7.0,8.0,9.0,9.0,10.0,12.0,14.0,inferred
Bromley,2021-05-06,2.0,3.0,4.0,5.0,5.0,6.0,7.0,8.0,8.0,9.0,10.0,11.0,14.0,inferred
Bromley,2021-05-07,1.0,3.0,4.0,4.0,5.0,5.0,6.0,7.0,8.0,8.0,9.0,11.0,13.0,inferred
Bromley,2021-05-08,1.0,2.0,3.0,3.8,4.0,4.0,5.0,6.0,7.0,7.0,7.0,9.0,12.0,inferred
Bromley,2021-05-09,1.0,3.0,4.0,4.0,5.0,5.0,6.0,7.0,8.0,8.0,9.0,10.0,13.0,inferred
Bromley,2021-05-10,2.0,4.0,5.0,6.0,6.0,7.0,8.0,9.0,10.0,10.0,11.0,13.0,15.0,inferred
Bromley,2021-05-11,3.0,4.0,5.0,6.0,6.0,7.0,8.0,9.0,10.0,10.0,11.0,12.0,16.0,inferred
Bromley,2021-05-12,3.0,4.0,6.0,6.0,7.0,8.0,8.0,9.0,10.0,11.0,12.0,14.0,17.0,inferred
Bromley,2021-05-13,3.0,4.0,5.8,6.0,7.0,7.0,8.0,9.0,10.0,11.0,11.0,13.0,17.0,inferred
Bromley,2021-05-14,2.0,4.0,5.0,5.0,6.0,7.0,8.0,8.0,9.0,10.0,11.0,13.0,16.0,inferred
Bromley,2021-05-15,2.0,3.0,4.0,5.0,5.0,6.0,7.0,7.0,8.0,9.0,9.0,11.0,14.0,inferred
Bromley,2021-05-16,2.0,4.0,5.0,6.0,6.0,7.0,8.0,9.0,10.0,10.0,11.0,13.0,16.0,inferred
Bromley,2021-05-17,4.0,6.0,8.0,8.0,9.0,10.0,11.0,12.0,13.0,14.0,14.0,16.0,20.0,inferred
Bromley,2021-05-18,4.0,6.0,8.0,9.0,9.0,10.0,11.0,12.0,13.0,14.0,15.0,17.0,20.0,inferred
Bromley,2021-05-19,5.0,7.0,8.0,9.0,10.0,11.0,12.0,13.0,14.0,14.0,15.0,18.0,21.0,inferred
Bromley,2021-05-20,5.0,7.0,8.0,9.0,9.0,10.0,11.0,13.0,14.0,15.0,15.0,17.0,20.5,inferred
Bromley,2021-05-21,4.0,6.0,8.0,8.0,9.0,10.0,11.0,12.0,13.0,14.0,14.0,16.0,20.0,inferred
Bromley,2021-05-22,4.0,5.0,6.0,7.0,7.0,8.0,9.0,10.0,11.0,12.0,12.2,15.0,17.5,inferred
Bromley,2021-05-23,5.0,7.0,8.0,9.0,9.0,10.0,11.0,12.0,13.0,14.0,15.0,17.0,21.0,inferred
Bromley,2021-05-24,7.0,10.0,12.0,12.0,13.0,14.0,15.0,17.0,18.0,19.0,19.0,22.0,27.0,inferred
Bromley,2021-05-25,8.0,10.0,12.0,13.0,14.0,15.0,16.0,17.0,19.0,20.0,20.0,23.0,27.0,inferred
Bromley,2021-05-26,9.0,11.0,13.0,14.0,15.0,16.0,17.0,19.0,20.0,21.0,22.0,24.0,29.0,inferred
Bromley,2021-05-27,9.0,11.0,13.0,14.0,14.0,16.0,17.0,18.0,20.0,21.0,22.0,24.0,29.0,inferred
Bromley,2021-05-28,8.0,10.0,12.0,13.0,14.0,15.0,16.0,17.0,19.0,19.0,20.0,23.0,27.0,inferred
Bromley,2021-05-29,6.0,9.0,10.0,11.0,12.0,13.0,14.0,15.0,16.0,17.0,18.0,21.0,24.0,inferred
Bromley,2021-05-30,8.0,11.0,13.0,14.0,14.0,15.0,17.0,18.0,19.0,20.0,21.0,23.0,28.0,inferred
Bromley,2021-05-31,12.0,16.0,18.0,19.0,20.0,21.0,22.0,24.0,26.0,27.0,27.0,30.0,34.0,inferred
Bromley,2021-06-01,12.0,16.0,18.0,19.0,20.0,22.0,23.0,25.0,27.0,27.0,28.0,31.0,36.0,inferred
Bromley,2021-06-02,13.0,17.0,19.0,20.0,21.0,23.0,24.0,26.0,28.0,28.0,29.0,32.1,37.5,inferred
Bromley,2021-06-03,13.0,16.0,18.0,19.0,20.0,22.0,23.0,25.0,27.0,28.0,29.0,31.0,36.0,inferred
Bromley,2021-06-04,11.0,14.0,17.0,18.0,18.0,20.0,21.0,23.0,24.0,25.0,26.0,29.0,34.0,inferred
Bromley,2021-06-05,9.0,12.0,14.0,15.0,16.0,17.0,18.0,19.0,21.0,22.0,23.0,25.0,29.0,inferred
Bromley,2021-06-06,11.0,14.0,16.0,18.0,18.0,20.0,21.0,23.0,24.0,25.0,26.0,29.0,33.0,inferred
Bromley,2021-06-07,17.0,20.0,23.0,24.0,25.0,27.0,28.0,30.0,32.0,33.0,34.0,37.0,42.0,inferred
Bromley,2021-06-08,17.0,21.0,23.0,24.0,25.0,27.0,28.0,30.0,32.0,33.0,34.0,37.0,43.0,inferred
Bromley,2021-06-09,17.0,21.0,24.0,25.0,26.0,28.0,29.0,31.0,33.0,34.0,35.0,38.0,44.0,inferred
Bromley,2021-06-10,16.0,20.0,23.0,24.0,25.0,26.0,28.0,29.0,31.0,32.0,33.0,37.0,42.0,inferred
Bromley,2021-06-11,15.0,18.0,20.0,21.0,22.0,23.6,25.0,27.0,28.0,29.0,30.0,33.0,38.0,inferred
Bromley,2021-06-12,12.0,15.0,17.0,18.0,18.0,20.0,21.0,23.0,24.0,25.0,26.0,28.0,32.0,inferred
Bromley,2021-06-13,14.0,17.0,19.0,20.0,21.0,23.0,24.0,26.0,28.0,29.0,30.0,32.0,37.0,inferred
Bromley,2021-06-14,20.0,24.0,27.0,28.0,29.0,31.0,32.0,34.0,36.0,37.0,38.0,42.0,47.5,inferred
Bromley,2021-06-15,20.0,24.0,27.0,28.0,29.0,31.0,32.0,34.0,36.0,37.0,39.0,42.0,48.5,inferred
Bromley,2021-06-16,21.0,25.0,28.0,29.0,30.0,32.0,34.0,36.0,38.0,39.0,40.0,44.0,49.0,inferred
Bromley,2021-06-17,19.0,24.0,26.0,27.8,29.0,30.0,32.0,34.0,36.0,37.0,38.0,42.0,48.0,inferred
Bromley,2021-06-18,18.0,21.0,24.0,25.0,26.0,28.0,29.0,31.0,33.0,34.0,35.0,38.0,44.5,inferred
Bromsgrove,2021-03-06,1.0,2.0,3.0,3.0,3.0,4.0,5.0,5.0,6.0,7.0,7.0,9.0,12.0,inferred
Bromsgrove,2021-03-07,1.0,2.0,3.0,4.0,4.0,5.0,6.0,7.0,7.0,8.0,9.0,11.0,14.0,inferred
Bromsgrove,2021-03-08,2.0,3.0,5.0,5.0,6.0,7.0,8.0,9.0,10.0,10.0,11.0,13.0,16.0,inferred
Bromsgrove,2021-03-09,2.0,3.0,5.0,5.0,6.0,7.0,7.0,8.0,9.0,10.0,11.0,13.0,16.0,inferred
Bromsgrove,2021-03-10,2.0,4.0,5.0,5.0,6.0,7.0,8.0,9.0,10.0,11.0,12.0,14.0,17.0,inferred
Bromsgrove,2021-03-11,2.0,3.0,4.0,5.0,5.0,6.0,7.0,8.0,9.0,10.0,10.0,12.0,15.0,inferred
Bromsgrove,2021-03-12,1.0,3.0,4.0,4.0,5.0,6.0,6.0,7.0,8.0,9.0,10.0,11.0,14.0,inferred
Bromsgrove,2021-03-13,1.0,2.0,3.0,3.0,4.0,4.0,5.0,6.0,7.0,8.0,8.0,10.0,13.0,inferred
Bromsgrove,2021-03-14,1.0,2.0,3.0,4.0,4.0,5.0,6.0,7.0,8.0,8.0,9.0,11.0,14.0,inferred
Bromsgrove,2021-03-15,2.0,3.0,5.0,5.0,6.0,7.0,8.0,9.0,10.0,10.0,11.0,13.0,17.0,inferred
Bromsgrove,2021-03-16,2.0,4.0,5.0,5.0,6.0,7.0,7.0,8.0,9.0,10.0,11.0,13.0,16.0,inferred
Bromsgrove,2021-03-17,2.0,4.0,5.0,6.0,6.0,7.0,8.0,9.0,10.0,10.0,11.0,13.0,17.0,inferred
Bromsgrove,2021-03-18,1.0,3.0,4.0,5.0,5.0,6.0,7.0,8.0,9.0,9.0,10.0,12.0,15.0,inferred
Bromsgrove,2021-03-19,1.0,3.0,4.0,4.0,5.0,5.0,6.0,7.0,8.0,9.0,9.0,12.0,15.0,inferred
Bromsgrove,2021-03-20,1.0,2.0,3.0,3.0,3.0,4.0,5.0,6.0,7.0,7.0,8.0,10.0,13.0,inferred
Bromsgrove,2021-03-21,1.0,2.0,3.0,4.0,4.0,5.0,6.0,7.0,8.0,8.0,9.0,11.0,14.0,inferred
Bromsgrove,2021-03-22,2.0,3.0,5.0,5.0,5.0,6.0,7.0,8.0,9.0,10.0,11.0,13.0,16.0,inferred
Bromsgrove,2021-03-23,1.0,3.0,4.0,4.0,5.0,6.0,7.0,8.0,8.3,9.0,10.0,12.0,15.0,inferred
Bromsgrove,2021-03-24,1.0,3.0,4.0,4.0,5.0,5.0,6.0,7.0,8.0,9.0,10.0,11.0,15.0,inferred
Bromsgrove,2021-03-25,1.0,2.0,3.0,3.0,4.0,4.0,5.0,6.0,7.0,8.0,8.0,10.0,13.5,inferred
Bromsgrove,2021-03-26,0.0,1.0,2.0,3.0,3.0,4.0,4.0,5.0,6.0,6.0,7.0,9.0,11.0,inferred
Bromsgrove,2021-03-27,0.0,1.0,1.0,1.0,2.0,2.0,3.0,4.0,4.0,5.0,5.0,7.0,9.0,inferred
Bromsgrove,2021-03-28,0.0,1.0,1.0,2.0,2.0,3.0,3.0,4.0,5.0,5.0,5.0,7.0,10.0,inferred
Bromsgrove,2021-03-29,0.0,1.0,2.0,2.0,2.0,3.0,4.0,4.4,5.0,6.0,6.0,8.0,12.0,inferred
Bromsgrove,2021-03-30,0.0,1.0,1.0,2.0,2.0,3.0,3.0,4.0,5.0,5.0,6.0,7.0,10.0,inferred
Bromsgrove,2021-03-31,0.0,1.0,1.0,2.0,2.0,2.0,3.0,4.0,5.0,5.0,6.0,7.0,10.0,inferred
Bromsgrove,2021-04-01,0.0,0.0,1.0,1.0,1.0,2.0,3.0,3.0,4.0,4.0,5.0,6.0,8.0,inferred
Bromsgrove,2021-04-02,0.0,0.0,1.0,1.0,1.0,1.0,2.0,2.0,3.0,3.0,4.0,5.0,7.0,inferred
Bromsgrove,2021-04-03,0.0,0.0,0.0,0.0,1.0,1.0,1.0,2.0,2.0,2.0,3.0,4.0,6.0,inferred
Bromsgrove,2021-04-04,0.0,0.0,0.0,0.0,1.0,1.0,1.0,2.0,2.0,3.0,3.0,4.0,6.5,inferred
Bromsgrove,2021-04-05,0.0,0.0,0.0,1.0,1.0,1.0,2.0,2.0,3.0,3.0,3.0,5.0,7.0,inferred
Bromsgrove,2021-04-06,0.0,0.0,0.0,0.0,1.0,1.0,1.0,2.0,2.0,3.0,3.0,4.0,6.0,inferred
Bromsgrove,2021-04-07,0.0,0.0,0.0,1.0,1.0,1.0,2.0,2.0,3.0,3.0,3.0,4.0,7.0,inferred
Bromsgrove,2021-04-08,0.0,0.0,0.0,0.0,1.0,1.0,1.0,2.0,2.0,3.0,3.0,4.0,6.0,inferred
Bromsgrove,2021-04-09,0.0,0.0,0.0,0.0,0.0,1.0,1.0,1.0,2.0,2.0,2.0,3.0,6.0,inferred
Bromsgrove,2021-04-10,0.0,0.0,0.0,0.0,0.0,0.0,1.0,1.0,1.0,2.0,2.0,3.0,5.0,inferred
Bromsgrove,2021-04-11,0.0,0.0,0.0,0.0,0.0,0.0,1.0,1.0,2.0,2.0,2.0,3.0,5.0,inferred
Bromsgrove,2021-04-12,0.0,0.0,0.0,0.0,0.0,1.0,1.0,2.0,2.0,2.0,3.0,4.0,6.0,inferred
Bromsgrove,2021-04-13,0.0,0.0,0.0,0.0,0.0,1.0,1.0,1.0,2.0,2.0,3.0,4.0,6.0,inferred
Bromsgrove,2021-04-14,0.0,0.0,0.0,0.0,0.0,1.0,1.0,2.0,2.0,2.0,3.0,4.0,6.0,inferred
Bromsgrove,2021-04-15,0.0,0.0,0.0,0.0,0.0,1.0,1.0,1.0,2.0,2.0,2.0,3.0,5.5,inferred
Bromsgrove,2021-04-16,0.0,0.0,0.0,0.0,0.0,1.0,1.0,1.0,2.0,2.0,2.0,3.0,5.0,inferred
Bromsgrove,2021-04-17,0.0,0.0,0.0,0.0,0.0,0.0,1.0,1.0,1.0,2.0,2.0,3.0,5.0,inferred
Bromsgrove,2021-04-18,0.0,0.0,0.0,0.0,0.0,0.0,1.0,1.0,2.0,2.0,2.0,3.0,5.0,inferred
Bromsgrove,2021-04-19,0.0,0.0,0.0,0.0,0.0,1.0,1.0,1.0,2.0,2.0,3.0,4.0,6.0,inferred
Bromsgrove,2021-04-20,0.0,0.0,0.0,0.0,0.0,1.0,1.0,1.0,2.0,2.0,3.0,4.0,5.0,inferred
Bromsgrove,2021-04-21,0.0,0.0,0.0,0.0,0.0,1.0,1.0,1.0,2.0,2.0,3.0,4.0,6.0,inferred
Bromsgrove,2021-04-22,0.0,0.0,0.0,0.0,0.0,1.0,1.0,1.0,2.0,2.0,2.0,3.0,6.0,inferred
Bromsgrove,2021-04-23,0.0,0.0,0.0,0.0,0.0,0.0,1.0,1.0,2.0,2.0,2.0,3.0,5.0,inferred
Bromsgrove,2021-04-24,0.0,0.0,0.0,0.0,0.0,0.0,1.0,1.0,1.0,2.0,2.0,3.0,4.0,inferred
Bromsgrove,2021-04-25,0.0,0.0,0.0,0.0,0.0,0.0,1.0,1.0,2.0,2.0,2.0,3.0,5.0,inferred
Bromsgrove,2021-04-26,0.0,0.0,0.0,0.0,0.0,1.0,1.0,1.0,2.0,2.0,2.0,4.0,6.0,inferred
Bromsgrove,2021-04-27,0.0,0.0,0.0,0.0,0.0,1.0,1.0,1.0,2.0,2.0,3.0,4.0,5.0,inferred
Bromsgrove,2021-04-28,0.0,0.0,0.0,0.0,0.0,1.0,1.0,1.0,2.0,2.0,3.0,3.0,5.0,inferred
Bromsgrove,2021-04-29,0.0,0.0,0.0,0.0,0.0,1.0,1.0,1.0,2.0,2.0,2.0,4.0,6.0,inferred
Bromsgrove,2021-04-30,0.0,0.0,0.0,0.0,0.0,0.0,1.0,1.0,1.0,2.0,2.0,3.0,5.0,inferred
Bromsgrove,2021-05-01,0.0,0.0,0.0,0.0,0.0,0.0,1.0,1.0,1.0,1.0,2.0,3.0,5.0,inferred
Bromsgrove,2021-05-02,0.0,0.0,0.0,0.0,0.0,0.0,1.0,1.0,1.0,2.0,2.0,3.0,5.0,inferred
Bromsgrove,2021-05-03,0.0,0.0,0.0,0.0,0.0,1.0,1.0,1.0,2.0,2.0,2.0,3.0,5.5,inferred
Bromsgrove,2021-05-04,0.0,0.0,0.0,0.0,0.0,0.0,1.0,1.0,1.0,2.0,2.0,3.0,5.0,inferred
Bromsgrove,2021-05-05,0.0,0.0,0.0,0.0,0.0,1.0,1.0,1.0,2.0,2.0,2.0,3.0,5.0,inferred
Bromsgrove,2021-05-06,0.0,0.0,0.0,0.0,0.0,0.0,1.0,1.0,1.0,2.0,2.0,3.0,5.0,inferred
Bromsgrove,2021-05-07,0.0,0.0,0.0,0.0,0.0,0.0,1.0,1.0,1.0,2.0,2.0,3.0,4.0,inferred
Bromsgrove,2021-05-08,0.0,0.0,0.0,0.0,0.0,0.0,0.0,1.0,1.0,1.0,1.0,2.0,4.0,inferred
Bromsgrove,2021-05-09,0.0,0.0,0.0,0.0,0.0,0.0,0.0,1.0,1.0,1.0,2.0,2.0,4.0,inferred
Bromsgrove,2021-05-10,0.0,0.0,0.0,0.0,0.0,1.0,1.0,1.0,2.0,2.0,2.0,3.0,5.0,inferred
Bromsgrove,2021-05-11,0.0,0.0,0.0,0.0,0.0,0.0,1.0,1.0,2.0,2.0,2.0,3.0,5.0,inferred
Bromsgrove,2021-05-12,0.0,0.0,0.0,0.0,0.0,0.0,1.0,1.0,2.0,2.0,2.0,3.0,5.0,inferred
Bromsgrove,2021-05-13,0.0,0.0,0.0,0.0,0.0,0.0,1.0,1.0,1.0,2.0,2.0,3.0,5.0,inferred
Bromsgrove,2021-05-14,0.0,0.0,0.0,0.0,0.0,0.0,1.0,1.0,1.0,2.0,2.0,3.0,5.0,inferred
Bromsgrove,2021-05-15,0.0,0.0,0.0,0.0,0.0,0.0,0.0,1.0,1.0,1.0,1.0,2.0,4.0,inferred
Bromsgrove,2021-05-16,0.0,0.0,0.0,0.0,0.0,0.0,0.0,1.0,1.0,1.0,2.0,3.0,4.5,inferred
Bromsgrove,2021-05-17,0.0,0.0,0.0,0.0,0.0,0.0,1.0,1.0,2.0,2.0,2.0,3.0,5.0,inferred
Bromsgrove,2021-05-18,0.0,0.0,0.0,0.0,0.0,0.0,1.0,1.0,2.0,2.0,2.0,3.0,5.0,inferred
Bromsgrove,2021-05-19,0.0,0.0,0.0,0.0,0.0,1.0,1.0,1.0,2.0,2.0,2.0,3.0,5.0,inferred
Bromsgrove,2021-05-20,0.0,0.0,0.0,0.0,0.0,0.0,1.0,1.0,2.0,2.0,2.0,3.0,5.0,inferred
Bromsgrove,2021-05-21,0.0,0.0,0.0,0.0,0.0,0.0,1.0,1.0,2.0,2.0,2.0,3.0,5.0,inferred
Bromsgrove,2021-05-22,0.0,0.0,0.0,0.0,0.0,0.0,1.0,1.0,1.0,2.0,2.0,3.0,4.5,inferred
Bromsgrove,2021-05-23,0.0,0.0,0.0,0.0,0.0,0.0,1.0,1.0,2.0,2.0,2.0,3.0,5.0,inferred
Bromsgrove,2021-05-24,0.0,0.0,0.0,0.0,1.0,1.0,1.0,2.0,2.0,3.0,3.0,4.0,6.0,inferred
Bromsgrove,2021-05-25,0.0,0.0,0.0,0.0,1.0,1.0,1.0,2.0,2.0,3.0,3.0,4.0,7.0,inferred
Bromsgrove,2021-05-26,0.0,0.0,0.0,1.0,1.0,1.0,2.0,2.0,3.0,3.0,3.0,5.0,7.0,inferred
Bromsgrove,2021-05-27,0.0,0.0,0.0,1.0,1.0,1.0,2.0,2.0,3.0,3.0,3.0,4.0,7.0,inferred
Bromsgrove,2021-05-28,0.0,0.0,0.0,0.0,1.0,1.0,1.0,2.0,2.0,3.0,3.0,4.0,7.0,inferred
Bromsgrove,2021-05-29,0.0,0.0,0.0,0.0,1.0,1.0,1.0,2.0,2.0,3.0,3.0,4.0,6.0,inferred
Bromsgrove,2021-05-30,0.0,0.0,0.0,1.0,1.0,1.0,2.0,2.0,3.0,3.0,4.0,5.0,7.0,inferred
Bromsgrove,2021-05-31,0.0,0.0,1.0,1.0,2.0,2.0,3.0,3.0,4.0,4.0,5.0,6.0,9.0,inferred
Bromsgrove,2021-06-01,0.0,1.0,1.0,1.0,2.0,2.0,3.0,4.0,4.0,5.0,5.0,7.0,9.0,inferred
Bromsgrove,2021-06-02,0.0,1.0,2.0,2.0,3.0,3.0,4.0,5.0,5.0,6.0,6.0,8.0,11.0,inferred
Bromsgrove,2021-06-03,0.0,1.0,2.0,2.0,3.0,3.0,4.0,5.0,5.0,6.0,6.0,8.0,11.0,inferred
Bromsgrove,2021-06-04,0.0,1.0,2.0,2.0,2.0,3.0,4.0,4.0,5.0,6.0,6.0,8.0,10.5,inferred
Bromsgrove,2021-06-05,0.0,1.0,1.0,2.0,2.0,3.0,3.0,4.0,5.0,5.0,6.0,7.0,10.0,inferred
Bromsgrove,2021-06-06,0.0,1.0,2.0,3.0,3.0,4.0,4.0,5.0,6.0,6.0,7.0,9.0,11.0,inferred
Bromsgrove,2021-06-07,1.0,3.0,4.0,4.0,5.0,6.0,6.0,7.0,8.0,9.0,9.0,11.0,15.0,inferred
Bromsgrove,2021-06-08,1.0,3.0,4.0,4.0,5.0,6.0,7.0,7.0,9.0,9.0,10.0,12.0,15.5,inferred
Bromsgrove,2021-06-09,2.0,3.0,5.0,5.0,6.0,7.0,8.0,9.0,10.0,10.0,11.0,13.0,16.0,inferred
Bromsgrove,2021-06-10,2.0,3.0,5.0,5.0,6.0,6.0,7.0,8.0,9.0,10.0,11.0,13.0,17.0,inferred
Bromsgrove,2021-06-11,2.0,3.0,4.0,5.0,5.0,6.0,7.0,8.0,9.0,10.0,10.0,12.0,15.0,inferred
Bromsgrove,2021-06-12,1.0,2.0,4.0,4.0,4.0,5.0,6.0,7.0,8.0,8.0,9.0,11.0,14.0,inferred
Bromsgrove,2021-06-13,2.0,3.0,4.0,5.0,5.0,6.0,7.0,8.0,9.0,10.0,10.0,12.0,16.0,inferred
Bromsgrove,2021-06-14,3.0,5.0,6.0,7.0,8.0,9.0,10.0,11.0,12.0,13.0,14.0,16.0,21.0,inferred
Bromsgrove,2021-06-15,3.0,5.0,7.0,7.0,8.0,9.0,10.0,11.0,13.0,14.0,14.0,17.0,21.0,inferred
Bromsgrove,2021-06-16,3.0,6.0,8.0,8.0,9.0,10.0,11.0,12.0,14.0,14.0,15.0,18.0,23.0,inferred
Bromsgrove,2021-06-17,3.0,5.0,7.0,8.0,8.0,9.0,11.0,12.0,13.0,14.0,15.0,18.0,23.0,inferred
Bromsgrove,2021-06-18,3.0,5.0,6.0,7.0,8.0,9.0,10.0,11.0,12.0,13.0,14.0,16.0,21.0,inferred
Broxbourne,2021-03-06,0.0,1.0,2.0,2.0,2.0,2.0,3.0,4.0,4.0,5.0,5.0,6.0,8.0,inferred
Broxbourne,2021-03-07,0.0,1.0,2.0,2.0,2.0,3.0,4.0,4.0,5.0,5.0,6.0,7.0,9.0,inferred
Broxbourne,2021-03-08,1.0,1.0,2.0,3.0,3.0,4.0,4.0,5.0,6.0,6.0,7.0,8.0,10.0,inferred
Broxbourne,2021-03-09,0.0,1.0,2.0,2.0,3.0,3.0,4.0,4.0,5.0,6.0,6.0,7.0,10.0,inferred
Broxbourne,2021-03-10,0.0,1.0,2.0,2.0,3.0,3.0,4.0,5.0,5.0,6.0,6.0,7.0,9.5,inferred
Broxbourne,2021-03-11,0.0,1.0,2.0,2.0,3.0,3.0,4.0,4.0,5.0,5.0,6.0,7.0,10.0,inferred
Broxbourne,2021-03-12,0.0,1.0,2.0,2.0,2.0,3.0,3.0,4.0,4.0,5.0,5.0,7.0,9.0,inferred
Broxbourne,2021-03-13,0.0,1.0,1.0,1.0,2.0,2.0,3.0,3.0,4.0,4.0,4.0,5.0,7.0,inferred
Broxbourne,2021-03-14,0.0,1.0,1.0,2.0,2.0,2.0,3.0,4.0,4.0,5.0,5.0,6.0,8.0,inferred
Broxbourne,2021-03-15,0.0,1.0,2.0,2.0,3.0,3.0,4.0,4.0,5.0,6.0,6.0,7.0,10.0,inferred
Broxbourne,2021-03-16,0.0,1.0,2.0,2.0,3.0,3.0,4.0,4.0,5.0,5.0,6.0,7.0,10.0,inferred
Broxbourne,2021-03-17,0.0,1.0,2.0,2.0,3.0,3.0,4.0,5.0,5.0,6.0,6.0,8.0,10.0,inferred
Broxbourne,2021-03-18,0.0,1.0,2.0,2.0,2.0,3.0,4.0,4.0,5.0,5.0,6.0,7.0,9.0,inferred
Broxbourne,2021-03-19,0.0,1.0,2.0,2.0,2.0,3.0,3.0,4.0,5.0,5.0,5.0,7.0,8.5,inferred
Broxbourne,2021-03-20,0.0,1.0,1.0,1.0,2.0,2.0,3.0,3.0,4.0,4.0,5.0,6.0,7.0,inferred
Broxbourne,2021-03-21,0.0,1.0,1.8,2.0,2.0,3.0,3.0,4.0,4.0,5.0,5.0,6.0,8.0,inferred
Broxbourne,2021-03-22,0.0,1.0,2.0,2.0,2.0,3.0,4.0,4.0,5.0,5.0,6.0,7.0,10.0,inferred
Broxbourne,2021-03-23,0.0,1.0,2.0,2.0,2.0,3.0,4.0,4.0,5.0,5.0,6.0,7.0,9.0,inferred
Broxbourne,2021-03-24,0.0,1.0,2.0,2.0,2.0,3.0,4.0,4.0,5.0,5.0,6.0,7.0,10.0,inferred
Broxbourne,2021-03-25,0.0,1.0,2.0,2.0,2.0,3.0,3.0,4.0,4.0,5.0,5.0,7.0,8.5,inferred
Broxbourne,2021-03-26,0.0,1.0,1.0,1.0,2.0,2.0,3.0,3.0,4.0,4.0,4.0,6.0,8.0,inferred
Broxbourne,2021-03-27,0.0,0.0,1.0,1.0,1.0,2.0,2.0,2.0,3.0,3.0,4.0,5.0,7.0,inferred
Broxbourne,2021-03-28,0.0,0.0,1.0,1.0,1.0,2.0,2.0,3.0,3.0,4.0,4.0,5.0,7.0,inferred
Broxbourne,2021-03-29,0.0,1.0,1.0,1.0,2.0,2.0,3.0,3.0,4.0,4.0,4.0,5.0,8.0,inferred
Broxbourne,2021-03-30,0.0,0.0,1.0,1.0,1.0,2.0,2.0,3.0,3.0,4.0,4.0,5.0,7.0,inferred
Broxbourne,2021-03-31,0.0,1.0,1.0,1.0,2.0,2.0,2.0,3.0,3.0,4.0,4.0,5.0,7.0,inferred
Broxbourne,2021-04-01,0.0,0.0,1.0,1.0,1.0,2.0,2.0,3.0,3.0,4.0,4.0,5.0,7.0,inferred
Broxbourne,2021-04-02,0.0,0.0,1.0,1.0,1.0,1.0,2.0,2.0,3.0,3.0,4.0,5.0,6.0,inferred
Broxbourne,2021-04-03,0.0,0.0,0.0,1.0,1.0,1.0,1.0,2.0,2.0,3.0,3.0,4.0,5.0,inferred
Broxbourne,2021-04-04,0.0,0.0,0.0,1.0,1.0,1.0,2.0,2.0,3.0,3.0,3.0,4.0,6.0,inferred
Broxbourne,2021-04-05,0.0,0.0,1.0,1.0,1.0,2.0,2.0,3.0,3.0,3.0,4.0,5.0,7.0,inferred
Broxbourne,2021-04-06,0.0,0.0,1.0,1.0,1.0,1.0,2.0,2.0,3.0,3.0,4.0,5.0,7.0,inferred
Broxbourne,2021-04-07,0.0,0.0,1.0,1.0,1.0,2.0,2.0,2.0,3.0,3.0,4.0,5.0,7.0,inferred
Broxbourne,2021-04-08,0.0,0.0,1.0,1.0,1.0,1.0,2.0,2.0,3.0,3.0,3.0,5.0,7.0,inferred
Broxbourne,2021-04-09,0.0,0.0,0.0,1.0,1.0,1.0,2.0,2.0,2.0,3.0,3.0,4.0,6.0,inferred
Broxbourne,2021-04-10,0.0,0.0,0.0,0.0,1.0,1.0,1.0,2.0,2.0,2.0,3.0,4.0,5.0,inferred
Broxbourne,2021-04-11,0.0,0.0,0.0,0.0,1.0,1.0,1.0,2.0,2.0,2.0,3.0,4.0,5.0,inferred
Broxbourne,2021-04-12,0.0,0.0,0.0,1.0,1.0,1.0,2.0,2.0,2.0,3.0,3.0,4.0,6.0,inferred
Broxbourne,2021-04-13,0.0,0.0,0.0,1.0,1.0,1.0,1.0,2.0,2.0,3.0,3.0,4.0,6.0,inferred
Broxbourne,2021-04-14,0.0,0.0,0.0,1.0,1.0,1.0,2.0,2.0,2.0,3.0,3.0,4.0,6.0,inferred
Broxbourne,2021-04-15,0.0,0.0,0.0,0.0,1.0,1.0,1.0,2.0,2.0,3.0,3.0,4.0,5.0,inferred
Broxbourne,2021-04-16,0.0,0.0,0.0,0.0,1.0,1.0,1.0,1.0,2.0,2.0,2.0,3.0,5.0,inferred
Broxbourne,2021-04-17,0.0,0.0,0.0,0.0,0.0,1.0,1.0,1.0,1.0,2.0,2.0,3.0,4.0,inferred
Broxbourne,2021-04-18,0.0,0.0,0.0,0.0,0.0,1.0,1.0,1.0,2.0,2.0,2.0,3.0,4.0,inferred
Broxbourne,2021-04-19,0.0,0.0,0.0,0.0,1.0,1.0,1.0,2.0,2.0,2.0,3.0,4.0,5.0,inferred
Broxbourne,2021-04-20,0.0,0.0,0.0,0.0,0.7,1.0,1.0,1.0,2.0,2.0,2.0,3.0,5.0,inferred
Broxbourne,2021-04-21,0.0,0.0,0.0,0.0,1.0,1.0,1.0,2.0,2.0,2.0,3.0,3.0,5.0,inferred
Broxbourne,2021-04-22,0.0,0.0,0.0,0.0,0.0,1.0,1.0,1.0,2.0,2.0,3.0,3.0,5.0,inferred
Broxbourne,2021-04-23,0.0,0.0,0.0,0.0,0.0,1.0,1.0,1.0,2.0,2.0,2.0,3.0,5.0,inferred
Broxbourne,2021-04-24,0.0,0.0,0.0,0.0,0.0,0.0,1.0,1.0,1.0,2.0,2.0,3.0,4.0,inferred
Broxbourne,2021-04-25,0.0,0.0,0.0,0.0,0.0,1.0,1.0,1.0,2.0,2.0,2.0,3.0,5.0,inferred
Broxbourne,2021-04-26,0.0,0.0,0.0,0.0,1.0,1.0,1.0,2.0,2.0,2.0,3.0,4.0,5.0,inferred
Broxbourne,2021-04-27,0.0,0.0,0.0,0.0,1.0,1.0,1.0,2.0,2.0,2.0,3.0,3.1,5.0,inferred
Broxbourne,2021-04-28,0.0,0.0,0.0,0.0,1.0,1.0,1.0,2.0,2.0,2.0,3.0,4.0,5.0,inferred
Broxbourne,2021-04-29,0.0,0.0,0.0,0.0,0.0,1.0,1.0,1.0,2.0,2.0,2.0,3.0,5.0,inferred
Broxbourne,2021-04-30,0.0,0.0,0.0,0.0,0.0,1.0,1.0,1.0,2.0,2.0,2.0,3.0,5.0,inferred
Broxbourne,2021-05-01,0.0,0.0,0.0,0.0,0.0,0.0,1.0,1.0,1.0,2.0,2.0,3.0,4.0,inferred
Broxbourne,2021-05-02,0.0,0.0,0.0,0.0,0.0,1.0,1.0,1.0,2.0,2.0,2.0,3.0,4.0,inferred
Broxbourne,2021-05-03,0.0,0.0,0.0,0.0,0.0,1.0,1.0,1.0,2.0,2.0,2.0,3.0,5.0,inferred
Broxbourne,2021-05-04,0.0,0.0,0.0,0.0,0.0,1.0,1.0,1.0,2.0,2.0,2.0,3.0,5.0,inferred
Broxbourne,2021-05-05,0.0,0.0,0.0,0.0,0.0,1.0,1.0,1.0,2.0,2.0,2.0,3.0,5.0,inferred
Broxbourne,2021-05-06,0.0,0.0,0.0,0.0,0.0,1.0,1.0,1.0,2.0,2.0,2.0,3.0,5.0,inferred
Broxbourne,2021-05-07,0.0,0.0,0.0,0.0,0.0,1.0,1.0,1.0,2.0,2.0,2.0,3.0,5.0,inferred
Broxbourne,2021-05-08,0.0,0.0,0.0,0.0,0.0,0.0,1.0,1.0,1.0,2.0,2.0,2.0,4.0,inferred
Broxbourne,2021-05-09,0.0,0.0,0.0,0.0,0.0,1.0,1.0,1.0,2.0,2.0,2.0,3.0,4.5,inferred
Broxbourne,2021-05-10,0.0,0.0,0.0,0.0,1.0,1.0,1.0,2.0,2.0,2.0,3.0,4.0,5.0,inferred
Broxbourne,2021-05-11,0.0,0.0,0.0,0.0,1.0,1.0,1.0,2.0,2.0,2.0,3.0,4.0,5.0,inferred
Broxbourne,2021-05-12,0.0,0.0,0.0,1.0,1.0,1.0,1.0,2.0,2.0,3.0,3.0,4.0,5.0,inferred
Broxbourne,2021-05-13,0.0,0.0,0.0,1.0,1.0,1.0,1.0,2.0,2.0,2.0,3.0,4.0,5.0,inferred
Broxbourne,2021-05-14,0.0,0.0,0.0,0.0,1.0,1.0,1.0,2.0,2.0,2.0,3.0,4.0,5.0,inferred
Broxbourne,2021-05-15,0.0,0.0,0.0,0.0,0.0,1.0,1.0,1.0,2.0,2.0,2.0,3.0,5.0,inferred
Broxbourne,2021-05-16,0.0,0.0,0.0,0.0,1.0,1.0,1.0,2.0,2.0,2.0,2.0,4.0,5.0,inferred
Broxbourne,2021-05-17,0.0,0.0,0.0,1.0,1.0,1.0,2.0,2.0,3.0,3.0,3.0,4.0,6.0,inferred
Broxbourne,2021-05-18,0.0,0.0,0.8,1.0,1.0,1.0,2.0,2.0,3.0,3.0,3.0,4.0,6.0,inferred
Broxbourne,2021-05-19,0.0,0.0,1.0,1.0,1.0,1.0,2.0,2.0,3.0,3.0,3.0,4.0,6.0,inferred
Broxbourne,2021-05-20,0.0,0.0,1.0,1.0,1.0,1.0,2.0,2.0,3.0,3.0,3.0,4.0,6.0,inferred
Broxbourne,2021-05-21,0.0,0.0,0.0,1.0,1.0,1.0,2.0,2.0,2.0,3.0,3.0,4.0,5.0,inferred
Broxbourne,2021-05-22,0.0,0.0,0.0,0.0,0.0,1.0,1.0,1.0,2.0,2.0,2.2,3.0,5.0,inferred
Broxbourne,2021-05-23,0.0,0.0,0.0,1.0,1.0,1.0,1.0,2.0,2.0,3.0,3.0,4.0,5.5,inferred
Broxbourne,2021-05-24,0.0,0.0,1.0,1.0,1.0,1.0,2.0,2.0,3.0,3.0,3.0,4.0,6.0,inferred
Broxbourne,2021-05-25,0.0,0.0,1.0,1.0,1.0,1.0,2.0,2.0,3.0,3.0,3.0,4.0,6.0,inferred
Broxbourne,2021-05-26,0.0,0.0,1.0,1.0,1.0,1.0,2.0,2.0,3.0,3.0,4.0,5.0,7.0,inferred
Broxbourne,2021-05-27,0.0,0.0,1.0,1.0,1.0,1.0,2.0,2.0,3.0,3.0,3.0,4.0,6.0,inferred
Broxbourne,2021-05-28,0.0,0.0,0.0,1.0,1.0,1.0,2.0,2.0,2.0,3.0,3.0,4.0,6.0,inferred
Broxbourne,2021-05-29,0.0,0.0,0.0,0.0,1.0,1.0,1.0,2.0,2.0,2.0,3.0,4.0,5.0,inferred
Broxbourne,2021-05-30,0.0,0.0,0.0,1.0,1.0,1.0,2.0,2.0,2.0,3.0,3.0,4.0,6.0,inferred
Broxbourne,2021-05-31,0.0,0.0,1.0,1.0,1.0,2.0,2.0,2.0,3.0,3.0,4.0,5.0,7.0,inferred
Broxbourne,2021-06-01,0.0,0.0,1.0,1.0,1.0,2.0,2.0,3.0,3.0,4.0,4.0,5.0,7.0,inferred
Broxbourne,2021-06-02,0.0,1.0,1.0,1.0,2.0,2.0,3.0,3.0,4.0,4.0,4.0,6.0,7.0,inferred
Broxbourne,2021-06-03,0.0,1.0,1.0,1.0,2.0,2.0,3.0,3.0,4.0,4.0,4.0,6.0,8.0,inferred
Broxbourne,2021-06-04,0.0,1.0,1.0,1.0,2.0,2.0,3.0,3.0,4.0,4.0,5.0,6.0,8.0,inferred
Broxbourne,2021-06-05,0.0,0.0,1.0,1.0,1.0,2.0,2.0,3.0,3.0,4.0,4.0,5.0,7.0,inferred
Broxbourne,2021-06-06,0.0,0.0,1.0,1.0,2.0,2.0,3.0,3.0,4.0,4.0,5.0,6.0,8.0,inferred
Broxbourne,2021-06-07,0.0,1.0,2.0,2.0,2.0,3.0,4.0,4.0,5.0,6.0,6.0,8.0,10.0,inferred
Broxbourne,2021-06-08,0.0,1.0,2.0,2.0,3.0,3.0,4.0,4.0,5.0,5.0,6.0,7.0,10.0,inferred
Broxbourne,2021-06-09,1.0,2.0,2.0,3.0,3.0,4.0,4.0,5.0,6.0,6.0,7.0,8.0,10.0,inferred
Broxbourne,2021-06-10,1.0,2.0,3.0,3.0,3.0,4.0,5.0,5.0,6.0,6.0,7.0,8.0,11.0,inferred
Broxbourne,2021-06-11,0.0,2.0,3.0,3.0,3.0,4.0,5.0,5.0,6.0,6.0,7.0,8.0,11.0,inferred
Broxbourne,2021-06-12,0.0,1.0,2.0,3.0,3.0,3.0,4.0,5.0,5.0,6.0,6.0,8.0,10.0,inferred
Broxbourne,2021-06-13,1.0,2.0,3.0,4.0,4.0,5.0,5.0,6.0,7.0,8.0,8.0,10.0,12.0,inferred
Broxbourne,2021-06-14,2.0,4.0,5.0,5.0,6.0,6.0,7.0,8.0,9.0,10.0,10.0,12.0,15.0,inferred
Broxbourne,2021-06-15,2.0,4.0,5.0,6.0,6.0,7.0,8.0,9.0,9.0,10.0,11.0,13.0,16.0,inferred
Broxbourne,2021-06-16,3.0,5.0,6.0,7.0,7.0,8.0,9.0,10.0,11.0,12.0,12.0,14.0,17.5,inferred
Broxbourne,2021-06-17,3.0,5.0,6.0,7.0,8.0,8.0,9.0,10.0,11.0,12.0,13.0,15.0,18.0,inferred
Broxbourne,2021-06-18,3.0,5.0,6.0,7.0,7.0,8.0,9.0,10.0,11.0,12.0,13.0,15.0,18.0,inferred
Broxtowe,2021-03-06,2.0,4.0,5.0,5.0,6.0,6.0,7.0,8.0,9.0,9.0,10.0,11.0,14.0,inferred
Broxtowe,2021-03-07,3.0,5.0,6.0,6.0,7.0,8.0,9.0,9.0,10.0,11.0,11.0,13.0,16.0,inferred
Broxtowe,2021-03-08,4.0,6.0,7.0,8.0,9.0,10.0,10.0,12.0,13.0,13.0,14.0,16.0,19.0,inferred
Broxtowe,2021-03-09,4.0,6.0,7.0,8.0,8.0,9.0,10.0,11.0,12.0,13.0,13.0,15.0,18.0,inferred
Broxtowe,2021-03-10,5.0,7.0,8.0,9.0,9.0,10.0,11.0,12.0,13.0,14.0,15.0,16.0,19.0,inferred
Broxtowe,2021-03-11,4.0,6.0,8.0,8.0,9.0,10.0,10.0,11.0,12.0,13.0,14.0,16.0,19.0,inferred
Broxtowe,2021-03-12,4.0,6.0,7.0,7.0,8.0,9.0,10.0,11.0,12.0,12.0,13.0,15.0,18.0,inferred
Broxtowe,2021-03-13,3.0,4.0,6.0,6.0,7.0,7.0,8.0,9.0,10.0,11.0,11.0,13.0,16.0,inferred
Broxtowe,2021-03-14,4.0,6.0,7.0,8.0,8.0,9.0,10.0,11.0,12.0,13.0,14.0,16.0,19.0,inferred
Broxtowe,2021-03-15,6.0,8.0,10.0,11.0,11.0,12.0,13.0,14.0,16.0,16.0,17.0,19.0,23.0,inferred
Broxtowe,2021-03-16,6.0,8.0,10.0,10.0,11.0,12.0,13.0,14.0,16.0,16.0,17.0,19.0,22.5,inferred
Broxtowe,2021-03-17,6.0,9.0,11.0,11.0,12.0,13.0,14.0,15.0,17.0,17.0,18.0,21.0,24.0,inferred
Broxtowe,2021-03-18,6.0,8.0,9.0,10.0,11.0,12.0,13.0,14.0,15.0,16.0,17.0,19.0,22.0,inferred
Broxtowe,2021-03-19,5.0,7.0,9.0,9.0,10.0,11.0,12.0,13.0,14.0,15.0,15.0,17.0,20.0,inferred
Broxtowe,2021-03-20,3.0,5.0,7.0,7.0,7.0,8.0,9.0,10.0,11.0,12.0,12.0,14.0,17.0,inferred
Broxtowe,2021-03-21,4.0,6.0,8.0,8.0,9.0,10.0,11.0,12.0,13.0,14.0,15.0,17.0,20.0,inferred
Broxtowe,2021-03-22,6.0,8.0,10.0,11.0,12.0,13.0,14.0,15.0,16.0,17.0,18.0,20.0,24.0,inferred
Broxtowe,2021-03-23,6.0,8.0,10.0,10.0,11.0,12.0,13.0,14.0,15.0,16.0,17.0,19.0,23.0,inferred
Broxtowe,2021-03-24,6.0,8.0,10.0,10.0,11.0,12.0,13.0,14.0,15.0,16.0,17.0,19.0,23.0,inferred
Broxtowe,2021-03-25,4.0,6.0,8.0,8.0,9.0,10.0,11.0,12.0,13.0,14.0,15.0,17.0,20.0,inferred
Broxtowe,2021-03-26,3.0,5.0,6.0,7.0,7.0,8.0,9.0,10.0,11.0,11.0,12.0,14.0,18.0,inferred
Broxtowe,2021-03-27,2.0,3.0,4.0,5.0,5.0,6.0,7.0,7.0,8.0,9.0,9.0,11.0,13.5,inferred
Broxtowe,2021-03-28,2.0,4.0,5.0,5.0,6.0,6.0,7.0,8.0,9.0,9.0,10.0,12.0,15.0,inferred
Broxtowe,2021-03-29,3.0,5.0,6.0,6.0,7.0,8.0,8.0,9.0,10.0,11.0,11.0,13.0,16.0,inferred
Broxtowe,2021-03-30,2.0,4.0,5.0,5.0,6.0,7.0,7.5,8.0,9.0,10.0,10.0,12.0,15.0,inferred
Broxtowe,2021-03-31,2.0,4.0,4.0,5.0,5.0,6.0,7.0,8.0,9.0,9.0,10.0,12.0,15.0,inferred
Broxtowe,2021-04-01,1.0,3.0,4.0,4.0,4.0,5.0,6.0,7.0,7.0,8.0,9.0,10.0,12.0,inferred
Broxtowe,2021-04-02,1.0,2.0,3.0,3.0,3.0,4.0,5.0,5.0,6.0,7.0,7.0,8.0,11.0,inferred
Broxtowe,2021-04-03,0.0,1.0,2.0,2.0,2.0,3.0,3.0,4.0,5.0,5.0,5.0,6.0,8.5,inferred
Broxtowe,2021-04-04,0.0,1.0,2.0,2.0,2.0,3.0,4.0,4.0,5.0,5.0,6.0,7.0,9.0,inferred
Broxtowe,2021-04-05,1.0,1.0,2.0,3.0,3.0,3.0,4.0,5.0,5.3,6.0,6.0,8.0,10.0,inferred
Broxtowe,2021-04-06,0.0,1.0,2.0,2.0,3.0,3.0,4.0,4.0,5.0,5.0,6.0,7.0,9.0,inferred
Broxtowe,2021-04-07,0.0,1.0,2.0,2.0,2.0,3.0,4.0,4.0,5.0,5.0,6.0,7.0,9.0,inferred
Broxtowe,2021-04-08,0.0,1.0,1.0,2.0,2.0,2.0,3.0,3.0,4.0,4.0,5.0,6.0,8.0,inferred
Broxtowe,2021-04-09,0.0,0.0,1.0,1.0,2.0,2.0,2.0,3.0,4.0,4.0,4.0,5.0,7.0,inferred
Broxtowe,2021-04-10,0.0,0.0,1.0,1.0,1.0,1.0,2.0,2.0,3.0,3.0,4.0,4.0,6.0,inferred
Broxtowe,2021-04-11,0.0,0.0,1.0,1.0,1.0,2.0,2.0,2.0,3.0,3.0,4.0,5.0,6.0,inferred
Broxtowe,2021-04-12,0.0,0.0,1.0,1.0,2.0,2.0,2.0,3.0,4.0,4.0,4.0,5.0,7.0,inferred
Broxtowe,2021-04-13,0.0,0.0,1.0,1.0,1.0,2.0,2.0,3.0,3.0,3.0,4.0,5.0,7.0,inferred
Broxtowe,2021-04-14,0.0,0.0,1.0,1.0,1.0,2.0,2.0,3.0,3.0,4.0,4.0,5.0,7.0,inferred
Broxtowe,2021-04-15,0.0,0.0,1.0,1.0,1.0,2.0,2.0,2.0,3.0,3.0,4.0,5.0,7.0,inferred
Broxtowe,2021-04-16,0.0,0.0,1.0,1.0,1.0,1.0,2.0,2.0,3.0,3.0,3.0,4.0,6.0,inferred
Broxtowe,2021-04-17,0.0,0.0,0.0,0.0,1.0,1.0,1.0,2.0,2.0,2.0,3.0,4.0,5.0,inferred
Broxtowe,2021-04-18,0.0,0.0,0.0,1.0,1.0,1.0,2.0,2.0,2.0,3.0,3.0,4.0,6.0,inferred
Broxtowe,2021-04-19,0.0,0.0,1.0,1.0,1.0,2.0,2.0,3.0,3.0,3.0,4.0,5.0,6.0,inferred
Broxtowe,2021-04-20,0.0,0.0,1.0,1.0,1.0,1.0,2.0,2.0,3.0,3.0,4.0,4.0,6.0,inferred
Broxtowe,2021-04-21,0.0,0.0,1.0,1.0,1.0,2.0,2.0,2.0,3.0,3.0,4.0,5.0,6.5,inferred
Broxtowe,2021-04-22,0.0,0.0,1.0,1.0,1.0,1.0,2.0,2.0,3.0,3.0,3.0,4.0,6.0,inferred
Broxtowe,2021-04-23,0.0,0.0,0.0,1.0,1.0,1.0,2.0,2.0,3.0,3.0,3.0,4.0,6.0,inferred
Broxtowe,2021-04-24,0.0,0.0,0.0,1.0,1.0,1.0,1.0,2.0,2.0,2.0,3.0,3.0,5.0,inferred
Broxtowe,2021-04-25,0.0,0.0,1.0,1.0,1.0,1.0,2.0,2.0,2.0,3.0,3.0,4.0,6.0,inferred
Broxtowe,2021-04-26,0.0,1.0,1.0,1.0,1.0,2.0,2.0,3.0,3.0,4.0,4.0,5.0,7.0,inferred
Broxtowe,2021-04-27,0.0,0.0,1.0,1.0,1.0,2.0,2.0,3.0,3.0,4.0,4.0,5.0,7.0,inferred
Broxtowe,2021-04-28,0.0,1.0,1.0,1.0,2.0,2.0,3.0,3.0,4.0,4.0,4.0,5.0,8.0,inferred
Broxtowe,2021-04-29,0.0,1.0,1.0,1.0,2.0,2.0,3.0,3.0,4.0,4.0,4.0,6.0,7.0,inferred
Broxtowe,2021-04-30,0.0,1.0,1.0,1.0,2.0,2.0,2.5,3.0,4.0,4.0,4.0,5.0,7.0,inferred
Broxtowe,2021-05-01,0.0,0.0,1.0,1.0,1.0,2.0,2.0,3.0,3.0,3.0,4.0,5.0,7.0,inferred
Broxtowe,2021-05-02,0.0,1.0,1.0,1.0,2.0,2.0,3.0,3.0,4.0,4.0,4.0,6.0,7.0,inferred
Broxtowe,2021-05-03,0.0,1.0,2.0,2.0,2.0,3.0,4.0,4.0,5.0,5.0,6.0,7.0,9.0,inferred
Broxtowe,2021-05-04,0.0,1.0,2.0,2.0,2.0,3.0,4.0,4.0,5.0,5.0,6.0,7.0,9.5,inferred
Broxtowe,2021-05-05,0.0,1.0,2.0,2.0,3.0,3.0,4.0,4.0,5.0,6.0,6.0,7.0,9.0,inferred
Broxtowe,2021-05-06,0.0,1.0,2.0,2.0,3.0,3.0,4.0,4.0,5.0,5.0,6.0,7.0,9.0,inferred
Broxtowe,2021-05-07,0.0,1.0,2.0,2.0,2.0,3.0,3.0,4.0,5.0,5.0,5.0,6.0,9.0,inferred
Broxtowe,2021-05-08,0.0,1.0,1.0,2.0,2.0,2.0,3.0,3.0,4.0,4.0,5.0,6.0,8.0,inferred
Broxtowe,2021-05-09,0.0,1.0,2.0,2.0,2.0,3.0,3.0,4.0,5.0,5.0,5.0,7.0,9.0,inferred
Broxtowe,2021-05-10,1.0,2.0,3.0,3.0,3.0,4.0,5.0,5.0,6.0,6.0,7.0,8.0,11.0,inferred
Broxtowe,2021-05-11,1.0,2.0,2.0,3.0,3.0,4.0,4.0,5.0,6.0,6.0,7.0,8.0,11.0,inferred
Broxtowe,2021-05-12,1.0,2.0,3.0,3.0,3.0,4.0,4.0,5.0,6.0,6.0,7.0,8.0,11.0,inferred
Broxtowe,2021-05-13,0.0,1.0,2.0,2.0,3.0,3.0,4.0,5.0,5.0,6.0,6.0,8.0,10.0,inferred
Broxtowe,2021-05-14,0.0,1.0,2.0,2.0,2.0,3.0,3.0,4.0,5.0,5.0,6.0,7.0,9.0,inferred
Broxtowe,2021-05-15,0.0,1.0,1.0,1.0,2.0,2.0,3.0,3.0,4.0,4.0,4.2,6.0,8.0,inferred
Broxtowe,2021-05-16,0.0,1.0,2.0,2.0,2.0,3.0,3.0,4.0,4.0,5.0,5.0,6.0,8.5,inferred
Broxtowe,2021-05-17,0.0,1.0,2.0,2.0,3.0,3.0,4.0,4.0,5.0,6.0,6.0,7.0,10.0,inferred
Broxtowe,2021-05-18,0.0,1.0,2.0,2.0,2.0,3.0,3.5,4.0,5.0,5.0,6.0,7.0,9.0,inferred
Broxtowe,2021-05-19,0.0,1.0,2.0,2.0,3.0,3.0,4.0,4.0,5.0,5.0,6.0,7.0,9.0,inferred
Broxtowe,2021-05-20,0.0,1.0,2.0,2.0,2.0,3.0,3.0,4.0,4.0,5.0,5.0,6.0,9.0,inferred
Broxtowe,2021-05-21,0.0,1.0,1.0,2.0,2.0,2.0,3.0,3.0,4.0,4.0,5.0,6.0,8.0,inferred
Broxtowe,2021-05-22,0.0,0.0,1.0,1.0,1.0,2.0,2.0,2.0,3.0,3.0,4.0,5.0,7.0,inferred
Broxtowe,2021-05-23,0.0,0.0,1.0,1.0,1.0,2.0,2.0,3.0,3.0,4.0,4.0,5.0,7.0,inferred
Broxtowe,2021-05-24,0.0,1.0,1.0,2.0,2.0,2.0,3.0,3.0,4.0,4.2,5.0,6.0,8.0,inferred
Broxtowe,2021-05-25,0.0,1.0,1.0,1.0,2.0,2.0,3.0,3.0,4.0,4.0,4.0,6.0,8.0,inferred
Broxtowe,2021-05-26,0.0,1.0,1.0,2.0,2.0,2.0,3.0,3.0,4.0,5.0,5.0,6.0,8.0,inferred
Broxtowe,2021-05-27,0.0,1.0,1.0,1.0,2.0,2.0,3.0,3.0,4.0,4.0,5.0,6.0,8.0,inferred
Broxtowe,2021-05-28,0.0,1.0,1.0,1.0,2.0,2.0,3.0,3.0,4.0,4.0,4.0,5.0,8.0,inferred
Broxtowe,2021-05-29,0.0,0.0,1.0,1.0,1.0,2.0,2.0,3.0,3.0,3.0,4.0,5.0,7.0,inferred
Broxtowe,2021-05-30,0.0,1.0,1.0,1.0,2.0,2.0,3.0,3.0,4.0,4.0,4.0,6.0,7.0,inferred
Broxtowe,2021-05-31,0.0,1.0,2.0,2.0,2.0,3.0,3.0,4.0,5.0,5.0,6.0,7.0,9.0,inferred
Broxtowe,2021-06-01,0.0,1.0,2.0,2.0,3.0,3.0,4.0,4.0,5.0,6.0,6.0,7.0,10.0,inferred
Broxtowe,2021-06-02,1.0,2.0,2.0,3.0,3.0,4.0,4.0,5.0,6.0,6.0,7.0,8.0,10.0,inferred
Broxtowe,2021-06-03,1.0,2.0,2.0,3.0,3.0,4.0,4.0,5.0,6.0,6.0,7.0,8.0,10.0,inferred
Broxtowe,2021-06-04,1.0,2.0,3.0,3.0,3.0,4.0,5.0,5.0,6.0,6.0,7.0,8.0,10.0,inferred
Broxtowe,2021-06-05,0.0,1.0,2.0,2.0,3.0,3.0,4.0,4.4,5.0,6.0,6.0,7.0,10.0,inferred
Broxtowe,2021-06-06,1.0,2.0,3.0,3.0,4.0,4.0,5.0,6.0,7.0,7.0,8.0,9.0,11.0,inferred
Broxtowe,2021-06-07,2.0,4.0,5.0,5.0,6.0,7.0,7.0,8.0,9.0,10.0,11.0,12.0,15.0,inferred
Broxtowe,2021-06-08,3.0,4.0,5.0,6.0,6.0,7.0,8.0,9.0,10.0,10.0,11.0,13.0,16.0,inferred
Broxtowe,2021-06-09,3.0,5.0,6.0,7.0,7.0,8.0,9.0,10.0,11.0,12.0,13.0,15.0,17.0,inferred
Broxtowe,2021-06-10,3.0,5.0,6.0,7.0,7.0,8.0,9.0,10.0,11.0,12.0,12.0,14.0,17.0,inferred
Broxtowe,2021-06-11,3.0,5.0,6.0,7.0,7.0,8.0,9.0,10.0,11.0,12.0,12.0,14.0,18.0,inferred
Broxtowe,2021-06-12,3.0,4.0,5.0,6.0,6.0,7.0,8.0,9.0,9.0,10.0,11.0,12.0,15.0,inferred
Broxtowe,2021-06-13,4.0,5.9,7.0,7.0,8.0,9.0,10.0,11.0,12.0,13.0,13.0,15.0,18.0,inferred
Broxtowe,2021-06-14,5.5,8.0,10.0,11.0,12.0,13.0,14.0,15.0,16.0,17.0,18.0,20.0,23.0,inferred
Broxtowe,2021-06-15,7.0,9.0,11.0,11.0,12.0,13.0,15.0,16.0,17.0,18.0,19.0,21.0,25.0,inferred
Broxtowe,2021-06-16,8.0,11.0,13.0,14.0,14.0,15.0,17.0,18.0,19.0,20.0,21.0,24.0,28.0,inferred
Broxtowe,2021-06-17,8.0,11.0,13.0,14.0,15.0,16.0,17.0,18.0,20.0,21.0,22.0,24.0,28.0,inferred
Broxtowe,2021-06-18,8.0,11.0,13.0,14.0,14.0,16.0,17.0,18.0,20.0,21.0,22.0,25.0,29.0,inferred
Buckinghamshire,2021-03-06,16.0,19.0,22.0,23.0,24.0,25.0,27.0,28.0,30.0,31.0,32.0,36.0,40.0,inferred
Buckinghamshire,2021-03-07,19.0,23.0,26.0,27.0,28.0,30.0,32.0,34.0,36.0,37.0,38.0,41.0,46.0,inferred
Buckinghamshire,2021-03-08,25.0,29.0,32.0,33.0,34.0,36.0,38.0,40.0,42.0,44.0,45.0,48.0,54.0,inferred
Buckinghamshire,2021-03-09,23.0,27.0,31.0,32.0,33.0,35.0,37.0,38.0,41.0,42.0,43.0,46.0,52.0,inferred
Buckinghamshire,2021-03-10,24.0,28.0,31.0,32.0,33.0,35.0,37.0,39.0,41.0,42.0,43.0,47.0,53.0,inferred
Buckinghamshire,2021-03-11,21.0,25.0,28.0,28.0,29.0,31.0,33.0,35.0,37.0,39.0,40.0,43.0,49.0,inferred
Buckinghamshire,2021-03-12,17.0,20.0,23.0,24.0,25.0,27.0,28.0,30.0,32.0,33.0,34.0,37.0,42.0,inferred
Buckinghamshire,2021-03-13,12.0,16.0,18.0,19.0,20.0,21.0,22.0,24.0,26.0,27.0,28.0,31.0,35.0,inferred
Buckinghamshire,2021-03-14,15.0,18.0,21.0,22.0,23.0,24.0,26.0,27.0,29.0,30.0,31.0,34.0,39.0,inferred
Buckinghamshire,2021-03-15,18.0,22.0,25.0,26.0,27.0,29.0,31.0,32.0,35.0,36.0,37.0,41.0,46.0,inferred
Buckinghamshire,2021-03-16,17.0,21.0,24.0,25.0,26.0,28.0,29.0,31.0,33.0,34.0,35.0,38.0,44.5,inferred
Buckinghamshire,2021-03-17,19.0,23.0,25.0,26.0,27.0,29.0,31.0,33.0,35.0,36.0,37.0,40.0,45.0,inferred
Buckinghamshire,2021-03-18,16.0,20.0,23.0,24.0,25.0,27.0,29.0,30.0,32.0,33.0,34.0,38.0,43.0,inferred
Buckinghamshire,2021-03-19,14.0,18.0,20.0,21.0,22.0,24.0,25.0,27.0,28.0,29.0,30.0,33.0,39.0,inferred
Buckinghamshire,2021-03-20,10.0,14.0,16.0,17.0,18.0,19.0,21.0,22.0,24.0,25.0,26.0,29.0,33.0,inferred
Buckinghamshire,2021-03-21,14.0,17.0,19.0,20.0,21.0,23.0,24.0,26.0,28.0,29.0,30.0,32.0,38.0,inferred
Buckinghamshire,2021-03-22,17.0,21.0,24.0,25.0,26.0,28.0,30.0,31.0,33.0,34.0,36.0,38.1,44.0,inferred
Buckinghamshire,2021-03-23,16.0,20.0,23.0,24.0,25.0,27.0,28.0,30.0,32.0,33.0,34.0,37.0,42.0,inferred
Buckinghamshire,2021-03-24,16.0,20.0,23.0,24.8,25.0,27.0,29.0,30.0,32.0,33.0,34.0,37.0,43.0,inferred
Buckinghamshire,2021-03-25,15.0,18.0,21.0,22.0,23.0,25.0,26.0,28.0,29.0,30.0,31.0,35.0,39.0,inferred
Buckinghamshire,2021-03-26,12.0,15.0,17.0,18.0,18.7,20.0,21.0,23.0,24.0,25.0,27.0,30.0,34.0,inferred
Buckinghamshire,2021-03-27,9.0,11.0,13.0,14.0,14.0,16.0,17.0,18.0,20.0,21.0,21.0,24.0,28.0,inferred
Buckinghamshire,2021-03-28,10.0,14.0,16.0,17.0,17.7,19.0,20.0,21.0,23.0,24.0,25.0,27.0,31.0,inferred
Buckinghamshire,2021-03-29,13.0,16.0,18.0,19.0,20.0,22.0,23.0,25.0,27.0,28.0,29.0,32.0,37.0,inferred
Buckinghamshire,2021-03-30,12.0,15.0,18.0,18.0,19.0,21.0,22.0,23.0,25.0,26.0,27.0,30.0,35.0,inferred
Buckinghamshire,2021-03-31,13.0,16.0,18.0,19.0,20.0,21.0,23.0,24.0,26.0,27.0,28.0,31.0,36.0,inferred
Buckinghamshire,2021-04-01,11.0,14.0,16.0,17.0,18.0,19.0,21.0,22.0,24.0,25.0,26.0,29.0,33.5,inferred
Buckinghamshire,2021-04-02,10.0,12.0,14.0,15.0,15.0,17.0,18.0,19.0,20.0,21.0,22.0,25.0,29.5,inferred
Buckinghamshire,2021-04-03,7.0,9.0,11.0,11.0,12.0,13.0,14.0,16.0,17.0,18.0,19.0,21.0,24.0,inferred
Buckinghamshire,2021-04-04,8.0,11.0,13.0,14.0,15.0,16.0,17.0,19.0,20.0,21.0,22.0,24.0,28.0,inferred
Buckinghamshire,2021-04-05,11.0,14.0,16.0,17.0,18.0,19.0,20.0,22.0,23.0,24.0,26.0,28.0,33.0,inferred
Buckinghamshire,2021-04-06,10.5,13.0,16.0,17.0,18.0,19.0,20.0,22.0,23.0,24.0,25.0,29.0,33.0,inferred
Buckinghamshire,2021-04-07,12.0,15.0,17.0,18.0,19.0,20.0,21.0,23.0,25.0,26.0,27.0,30.0,35.0,inferred
Buckinghamshire,2021-04-08,11.0,13.0,16.0,17.0,17.0,19.0,20.0,22.0,23.0,24.0,25.0,28.0,32.0,inferred
Buckinghamshire,2021-04-09,9.5,12.0,14.0,14.0,15.0,17.0,18.0,19.0,21.0,22.0,22.0,25.0,30.0,inferred
Buckinghamshire,2021-04-10,6.0,9.0,11.0,11.0,12.0,13.0,14.0,16.0,17.0,18.0,18.0,21.0,26.0,inferred
Buckinghamshire,2021-04-11,9.0,11.0,13.0,14.0,15.0,16.0,17.0,19.0,20.0,21.0,22.0,24.0,29.0,inferred
Buckinghamshire,2021-04-12,10.0,14.0,16.0,17.0,18.0,19.0,21.0,22.0,24.0,25.0,26.0,29.0,34.0,inferred
Buckinghamshire,2021-04-13,10.0,13.0,16.0,16.0,17.0,19.0,20.0,21.0,23.0,24.0,25.0,28.0,33.0,inferred
Buckinghamshire,2021-04-14,11.0,14.0,16.0,17.0,18.0,19.0,21.0,22.0,24.0,25.0,26.0,29.0,33.0,inferred
Buckinghamshire,2021-04-15,9.0,12.0,15.0,15.0,16.0,18.0,19.0,20.0,22.0,23.0,24.0,26.0,30.5,inferred
Buckinghamshire,2021-04-16,8.0,10.0,13.0,13.0,14.0,15.0,16.0,18.0,19.0,20.0,21.0,23.1,28.0,inferred
Buckinghamshire,2021-04-17,6.0,8.0,10.0,10.0,11.0,12.0,14.0,15.0,16.0,17.0,18.0,20.0,24.0,inferred
Buckinghamshire,2021-04-18,8.0,10.0,12.0,13.0,14.0,15.0,16.0,17.0,19.0,20.0,21.0,23.0,26.0,inferred
Buckinghamshire,2021-04-19,10.0,13.0,15.0,16.0,17.0,18.0,20.0,21.0,23.0,23.0,24.0,27.0,31.0,inferred
Buckinghamshire,2021-04-20,9.5,12.0,14.0,15.0,16.0,17.0,19.0,20.0,21.0,22.0,23.0,27.0,32.0,inferred
Buckinghamshire,2021-04-21,10.0,13.0,15.0,16.0,16.0,18.0,19.0,20.0,22.0,23.0,24.0,26.0,31.5,inferred
Buckinghamshire,2021-04-22,8.0,11.0,13.0,14.0,14.0,16.0,17.0,18.0,20.0,21.0,22.0,24.0,28.0,inferred
Buckinghamshire,2021-04-23,6.0,9.0,11.0,11.0,12.0,13.0,14.0,15.0,17.0,17.0,18.0,21.0,24.0,inferred
Buckinghamshire,2021-04-24,5.0,7.0,8.0,9.0,9.0,10.0,11.0,12.0,13.0,14.0,15.0,17.0,21.0,inferred
Buckinghamshire,2021-04-25,6.0,8.0,10.0,10.0,11.0,12.0,13.0,14.0,15.0,16.0,17.0,19.0,24.0,inferred
Buckinghamshire,2021-04-26,7.0,10.0,12.0,12.0,13.0,14.0,15.0,17.0,18.0,19.0,20.0,22.0,26.0,inferred
Buckinghamshire,2021-04-27,6.5,9.0,11.0,11.0,12.0,13.0,14.0,16.0,17.0,18.0,19.0,21.0,25.0,inferred
Buckinghamshire,2021-04-28,7.0,9.0,11.0,12.0,12.0,13.0,15.0,16.0,17.0,18.0,19.0,22.0,26.0,inferred
Buckinghamshire,2021-04-29,6.0,8.0,9.0,10.0,11.0,12.0,13.0,14.0,15.0,16.0,17.0,19.0,23.0,inferred
Buckinghamshire,2021-04-30,4.0,6.0,8.0,8.0,9.0,10.0,11.0,12.0,13.0,14.0,14.0,17.0,20.0,inferred
Buckinghamshire,2021-05-01,3.0,5.0,6.0,6.0,7.0,8.0,9.0,9.0,11.0,11.0,12.0,13.0,17.0,inferred
Buckinghamshire,2021-05-02,3.0,5.0,7.0,7.0,8.0,9.0,10.0,11.0,12.0,12.0,13.0,15.0,19.0,inferred
Buckinghamshire,2021-05-03,5.0,7.0,8.0,9.0,9.0,10.0,11.0,13.0,14.0,14.0,15.0,17.0,21.0,inferred
Buckinghamshire,2021-05-04,4.0,6.0,8.0,8.0,9.0,10.0,11.0,12.0,13.0,14.0,14.0,16.0,20.0,inferred
Buckinghamshire,2021-05-05,4.0,6.0,8.0,8.0,9.0,10.0,11.0,12.0,13.0,14.0,15.0,17.0,20.0,inferred
Buckinghamshire,2021-05-06,4.0,6.0,7.0,8.0,8.0,9.0,10.0,11.0,13.0,13.0,14.0,16.0,19.5,inferred
Buckinghamshire,2021-05-07,3.0,5.0,6.0,7.0,7.0,8.0,9.0,10.0,11.0,12.0,12.0,14.0,17.0,inferred
Buckinghamshire,2021-05-08,2.0,4.0,5.0,5.0,6.0,7.0,7.0,8.0,9.0,10.0,10.0,12.0,15.0,inferred
Buckinghamshire,2021-05-09,3.0,5.0,6.0,7.0,7.0,8.0,9.0,10.0,11.0,11.0,12.0,14.0,17.0,inferred
Buckinghamshire,2021-05-10,4.0,6.0,7.0,8.0,8.0,10.0,10.0,12.0,13.0,13.0,14.0,16.0,20.0,inferred
Buckinghamshire,2021-05-11,4.0,6.0,7.0,8.0,8.0,9.0,10.0,11.0,12.0,13.0,14.0,16.0,19.0,inferred
Buckinghamshire,2021-05-12,4.0,6.0,8.0,8.0,9.0,10.0,11.0,12.0,13.0,14.0,14.0,16.0,20.0,inferred
Buckinghamshire,2021-05-13,4.0,6.0,7.0,8.0,8.0,9.0,10.0,11.0,12.3,13.0,14.0,16.0,19.0,inferred
Buckinghamshire,2021-05-14,3.0,5.0,6.0,7.0,7.0,8.0,9.0,10.0,11.0,12.0,12.0,14.0,17.5,inferred
Buckinghamshire,2021-05-15,2.0,4.0,5.0,6.0,6.0,7.0,7.0,8.0,9.0,10.0,10.0,12.0,15.0,inferred
Buckinghamshire,2021-05-16,3.0,5.0,6.0,7.0,7.0,8.0,9.0,10.0,11.0,12.0,13.0,14.0,18.0,inferred
Buckinghamshire,2021-05-17,4.5,7.0,8.0,9.0,9.0,10.0,11.0,13.0,14.0,15.0,15.0,17.0,22.0,inferred
Buckinghamshire,2021-05-18,4.0,7.0,8.0,9.0,10.0,11.0,12.0,13.0,14.0,14.0,15.0,17.0,21.0,inferred
Buckinghamshire,2021-05-19,6.0,8.0,9.0,10.0,11.0,12.0,13.0,14.0,16.0,16.0,17.0,20.0,23.0,inferred
Buckinghamshire,2021-05-20,6.0,8.0,9.0,10.0,11.0,12.0,13.0,14.0,15.0,16.0,17.0,19.0,23.0,inferred
Buckinghamshire,2021-05-21,5.0,7.0,9.0,10.0,10.0,11.0,12.0,13.0,15.0,15.0,16.0,18.0,22.0,inferred
Buckinghamshire,2021-05-22,4.0,6.0,7.0,8.0,8.0,9.0,11.0,12.0,13.0,13.0,14.0,16.0,20.0,inferred
Buckinghamshire,2021-05-23,6.0,8.0,10.0,10.0,11.0,12.0,13.0,15.0,16.0,17.0,18.0,20.0,24.0,inferred
Buckinghamshire,2021-05-24,9.0,11.0,14.0,14.0,15.0,16.0,18.0,19.0,21.0,22.0,23.0,25.0,29.0,inferred
Buckinghamshire,2021-05-25,9.0,12.0,14.0,15.0,16.0,17.0,19.0,20.0,22.0,22.0,23.0,26.0,31.0,inferred
Buckinghamshire,2021-05-26,11.0,15.0,17.0,18.0,19.0,20.0,22.0,23.0,25.0,26.0,27.0,30.0,34.0,inferred
Buckinghamshire,2021-05-27,12.0,15.0,17.0,18.0,19.0,20.0,22.0,23.0,25.0,25.0,26.2,29.0,35.0,inferred
Buckinghamshire,2021-05-28,11.0,14.0,16.0,17.0,18.0,19.0,20.0,22.0,24.0,25.0,25.0,29.0,33.0,inferred
Buckinghamshire,2021-05-29,9.0,12.0,14.0,15.0,16.0,17.0,18.0,20.0,21.0,22.0,23.0,26.0,29.0,inferred
Buckinghamshire,2021-05-30,13.0,17.0,19.0,20.0,21.0,22.0,24.0,25.0,27.0,28.0,29.0,32.0,36.0,inferred
Buckinghamshire,2021-05-31,18.0,23.0,26.0,27.0,28.0,30.0,31.0,33.0,35.0,36.0,37.2,41.0,47.0,inferred
Buckinghamshire,2021-06-01,20.0,24.0,27.0,28.0,28.0,30.0,32.0,34.0,36.0,37.0,39.0,42.0,48.0,inferred
Buckinghamshire,2021-06-02,22.0,26.0,29.0,31.0,32.0,34.0,36.0,38.0,40.0,42.0,43.0,46.0,53.0,inferred
Buckinghamshire,2021-06-03,22.0,26.0,28.0,30.0,31.0,33.0,35.0,36.0,38.0,40.0,41.0,44.0,50.0,inferred
Buckinghamshire,2021-06-04,19.0,23.0,26.0,27.0,28.0,30.0,32.0,34.0,36.0,36.0,38.0,41.0,46.5,inferred
Buckinghamshire,2021-06-05,16.0,19.0,22.0,23.0,24.0,25.0,27.0,29.0,30.0,31.0,33.0,36.0,41.0,inferred
Buckinghamshire,2021-06-06,21.0,24.0,27.0,28.0,29.0,31.0,33.0,35.0,37.0,38.0,39.0,43.0,48.0,inferred
Buckinghamshire,2021-06-07,27.5,32.0,35.0,36.0,37.0,40.0,42.0,44.0,46.0,47.0,49.0,53.0,60.0,inferred
Buckinghamshire,2021-06-08,28.0,32.0,35.0,37.0,38.0,40.0,42.0,44.0,47.0,48.0,49.0,54.0,59.0,inferred
Buckinghamshire,2021-06-09,30.0,35.0,39.0,40.0,41.0,43.0,45.0,47.0,50.0,51.0,52.0,56.0,62.0,inferred
Buckinghamshire,2021-06-10,28.0,33.0,37.0,38.0,39.0,42.0,44.0,45.0,48.0,49.0,50.0,54.0,61.0,inferred
Buckinghamshire,2021-06-11,25.0,29.0,32.0,34.0,35.0,37.0,39.0,41.0,43.0,44.0,46.0,50.0,57.0,inferred
Buckinghamshire,2021-06-12,20.0,25.0,28.0,28.0,29.0,31.0,33.0,35.0,37.0,38.0,39.0,43.0,49.0,inferred
Buckinghamshire,2021-06-13,26.0,31.0,34.0,35.0,36.0,38.0,40.0,42.0,44.0,45.0,47.0,50.0,57.0,inferred
Buckinghamshire,2021-06-14,34.0,39.0,43.0,44.0,45.0,48.0,50.0,52.0,55.0,56.0,58.0,62.0,70.0,inferred
Buckinghamshire,2021-06-15,33.0,39.9,43.0,45.0,46.0,48.0,51.0,53.0,55.0,57.0,58.0,62.0,70.0,inferred
Buckinghamshire,2021-06-16,37.0,42.0,46.0,48.0,49.0,52.0,54.0,56.0,59.0,60.0,62.0,67.0,74.0,inferred
Buckinghamshire,2021-06-17,33.0,40.0,43.0,45.0,46.0,49.0,51.0,53.0,57.0,58.0,60.0,64.0,72.0,inferred
Buckinghamshire,2021-06-18,30.0,35.0,39.0,40.0,41.0,43.0,46.0,48.0,51.0,52.0,54.0,58.0,65.0,inferred
Burnley,2021-03-06,2.0,3.0,4.0,5.0,5.0,6.0,7.0,8.0,8.0,9.0,9.0,11.0,14.0,inferred
Burnley,2021-03-07,2.0,4.0,5.0,6.0,6.0,7.0,8.0,9.0,10.0,10.0,11.0,13.0,16.0,inferred
Burnley,2021-03-08,3.0,6.0,7.0,8.0,9.0,10.0,11.0,12.0,13.0,13.0,14.0,16.0,19.0,inferred
Burnley,2021-03-09,4.0,6.0,7.0,8.0,8.0,9.0,10.0,11.0,13.0,13.0,14.0,16.0,19.0,inferred
Burnley,2021-03-10,4.0,6.0,7.0,8.0,8.0,9.0,10.0,12.0,13.0,13.0,14.0,17.0,20.0,inferred
Burnley,2021-03-11,4.0,6.0,7.0,8.0,8.0,9.0,10.0,11.0,12.0,13.0,14.0,16.0,19.0,inferred
Burnley,2021-03-12,3.0,5.0,6.0,6.0,7.0,8.0,9.0,10.0,11.0,12.0,12.0,14.0,18.0,inferred
Burnley,2021-03-13,2.0,3.0,4.0,5.0,5.0,6.0,7.0,7.0,8.0,9.0,10.0,12.0,15.0,inferred
Burnley,2021-03-14,2.0,4.0,5.0,6.0,6.0,7.0,8.0,9.0,10.0,11.0,12.0,14.0,16.5,inferred
Burnley,2021-03-15,3.0,5.0,7.0,8.0,8.0,9.0,10.0,12.0,13.0,13.0,14.0,16.0,21.0,inferred
Burnley,2021-03-16,4.0,5.0,7.0,8.0,8.0,9.0,10.0,11.0,12.0,13.0,14.0,16.0,19.0,inferred
Burnley,2021-03-17,4.0,5.9,7.0,8.0,8.0,9.0,10.0,11.0,13.0,13.0,14.0,17.0,20.0,inferred
Burnley,2021-03-18,3.0,5.0,7.0,7.0,8.0,9.0,10.0,11.0,12.0,13.0,14.0,16.0,19.5,inferred
Burnley,2021-03-19,2.0,4.0,6.0,6.0,7.0,8.0,9.0,9.0,10.0,11.0,12.0,14.0,18.0,inferred
Burnley,2021-03-20,2.0,3.0,4.0,5.0,5.0,6.0,7.0,8.0,8.0,9.0,9.0,11.0,15.0,inferred
Burnley,2021-03-21,2.0,4.0,5.0,5.0,6.0,7.0,8.0,9.0,10.0,10.0,11.0,13.0,16.0,inferred
Burnley,2021-03-22,3.0,5.0,7.0,7.0,8.0,9.0,10.0,11.0,12.0,13.0,14.0,16.0,19.0,inferred
Burnley,2021-03-23,3.0,5.0,6.0,7.0,8.0,9.0,10.0,11.0,12.0,13.0,13.0,15.0,19.0,inferred
Burnley,2021-03-24,3.0,5.0,6.0,7.0,7.0,8.0,9.0,10.0,12.0,12.0,13.0,15.0,19.0,inferred
Burnley,2021-03-25,2.0,4.0,5.0,6.0,6.0,7.0,8.0,9.0,10.0,11.0,12.0,14.0,18.0,inferred
Burnley,2021-03-26,2.0,3.0,4.0,5.0,5.0,6.0,7.0,8.0,9.0,9.0,10.0,12.0,15.0,inferred
Burnley,2021-03-27,1.0,2.0,3.0,3.0,4.0,4.0,5.0,6.0,7.0,7.0,8.0,9.0,12.0,inferred
Burnley,2021-03-28,1.0,2.0,3.0,4.0,4.0,5.0,6.0,7.0,8.0,8.0,9.0,10.0,14.0,inferred
Burnley,2021-03-29,2.0,3.0,4.0,5.0,5.0,6.0,7.0,8.0,9.0,10.0,10.0,12.0,15.0,inferred
Burnley,2021-03-30,1.0,3.0,4.0,5.0,5.0,6.0,7.0,7.0,9.0,9.0,10.0,12.0,15.0,inferred
Burnley,2021-03-31,1.0,3.0,4.0,4.0,5.0,5.0,6.0,7.0,8.0,9.0,9.0,11.0,14.0,inferred
Burnley,2021-04-01,1.0,2.0,3.0,4.0,4.0,5.0,6.0,7.0,7.0,8.0,9.0,10.0,13.0,inferred
Burnley,2021-04-02,0.0,2.0,3.0,3.0,3.0,4.0,5.0,5.0,6.0,7.0,7.0,9.0,12.0,inferred
Burnley,2021-04-03,0.0,1.0,2.0,2.0,2.0,3.0,3.0,4.0,5.0,5.0,6.0,7.0,9.0,inferred
Burnley,2021-04-04,0.0,1.0,2.0,2.0,3.0,3.0,4.0,4.0,5.0,6.0,6.0,8.0,10.5,inferred
Burnley,2021-04-05,1.0,2.0,3.0,3.0,3.0,4.0,5.0,5.0,6.0,6.0,7.0,9.0,12.0,inferred
Burnley,2021-04-06,0.0,1.0,2.0,3.0,3.0,4.0,4.0,5.0,6.0,6.0,7.0,8.0,11.0,inferred
Burnley,2021-04-07,0.0,1.0,2.0,2.0,3.0,3.0,4.0,5.0,6.0,6.0,7.0,8.0,11.0,inferred
Burnley,2021-04-08,0.0,1.0,2.0,2.0,3.0,3.0,4.0,4.0,5.0,5.0,6.0,7.0,10.0,inferred
Burnley,2021-04-09,0.0,1.0,1.0,2.0,2.0,3.0,3.0,4.0,5.0,5.0,5.0,7.0,9.0,inferred
Burnley,2021-04-10,0.0,0.0,1.0,1.0,1.0,2.0,2.0,3.0,4.0,4.0,4.0,6.0,8.0,inferred
Burnley,2021-04-11,0.0,1.0,1.0,1.0,2.0,2.0,3.0,3.0,4.0,4.0,5.0,6.0,9.0,inferred
Burnley,2021-04-12,0.0,1.0,2.0,2.0,2.0,3.0,4.0,4.0,5.0,5.0,6.0,8.0,10.0,inferred
Burnley,2021-04-13,0.0,1.0,2.0,2.0,2.0,3.0,3.0,4.0,5.0,5.0,6.0,7.0,9.0,inferred
Burnley,2021-04-14,0.0,1.0,2.0,2.0,2.0,3.0,3.0,4.0,5.0,5.0,6.0,7.0,10.0,inferred
Burnley,2021-04-15,0.0,1.0,2.0,2.0,2.0,3.0,3.0,4.0,5.0,5.0,6.0,7.0,9.0,inferred
Burnley,2021-04-16,0.0,1.0,1.0,1.0,2.0,2.0,3.0,3.0,4.0,4.0,5.0,6.0,8.0,inferred
Burnley,2021-04-17,0.0,0.0,1.0,1.0,1.0,2.0,2.0,3.0,3.0,4.0,4.0,5.0,7.0,inferred
Burnley,2021-04-18,0.0,0.0,1.0,1.0,2.0,2.0,2.0,3.0,4.0,4.0,4.0,6.0,7.0,inferred
Burnley,2021-04-19,0.0,1.0,1.0,2.0,2.0,3.0,3.0,4.0,5.0,5.0,6.0,7.0,9.0,inferred
Burnley,2021-04-20,0.0,1.0,1.0,2.0,2.0,3.0,3.0,4.0,4.0,5.0,5.0,7.0,9.0,inferred
Burnley,2021-04-21,0.0,1.0,2.0,2.0,2.0,3.0,3.0,4.0,5.0,5.0,5.0,7.0,10.0,inferred
Burnley,2021-04-22,0.0,1.0,1.0,2.0,2.0,3.0,3.0,4.0,4.0,5.0,5.0,7.0,9.0,inferred
Burnley,2021-04-23,0.0,1.0,1.0,1.0,2.0,2.0,3.0,3.0,4.0,4.0,5.0,6.0,8.5,inferred
Burnley,2021-04-24,0.0,0.0,1.0,1.0,1.0,2.0,2.0,3.0,3.0,3.0,4.0,5.0,7.0,inferred
Burnley,2021-04-25,0.0,0.0,1.0,1.0,2.0,2.0,3.0,3.0,4.0,4.0,4.0,6.0,8.0,inferred
Burnley,2021-04-26,0.0,1.0,2.0,2.0,2.0,3.0,3.0,4.0,5.0,5.0,6.0,7.0,10.0,inferred
Burnley,2021-04-27,0.0,1.0,2.0,2.0,2.0,3.0,3.5,4.0,5.0,5.0,6.0,7.0,10.0,inferred
Burnley,2021-04-28,0.0,1.0,2.0,2.0,2.0,3.0,3.0,4.0,5.0,5.0,6.0,7.0,10.0,inferred
Burnley,2021-04-29,0.0,1.0,2.0,2.0,2.0,3.0,3.0,4.0,5.0,5.0,5.0,7.0,9.0,inferred
Burnley,2021-04-30,0.0,1.0,1.0,2.0,2.0,2.0,3.0,3.0,4.0,4.0,5.0,7.0,8.0,inferred
Burnley,2021-05-01,0.0,0.0,1.0,1.0,1.0,2.0,2.0,3.0,3.0,3.0,4.0,5.0,7.0,inferred
Burnley,2021-05-02,0.0,0.0,1.0,1.0,2.0,2.0,3.0,3.0,4.0,4.0,5.0,6.0,8.0,inferred
Burnley,2021-05-03,0.0,1.0,2.0,2.0,2.0,3.0,4.0,4.0,5.0,6.0,6.0,7.0,10.0,inferred
Burnley,2021-05-04,0.0,1.0,2.0,2.0,3.0,3.0,4.0,5.0,5.0,6.0,6.0,8.0,10.0,inferred
Burnley,2021-05-05,0.0,1.0,2.0,3.0,3.0,3.0,4.0,5.0,6.0,6.0,7.0,9.0,12.0,inferred
Burnley,2021-05-06,0.0,1.0,2.0,3.0,3.0,4.0,4.0,5.0,6.0,6.0,7.0,8.0,11.0,inferred
Burnley,2021-05-07,0.0,1.0,2.0,2.0,3.0,3.0,4.0,5.0,6.0,6.0,6.2,8.0,11.0,inferred
Burnley,2021-05-08,0.0,1.0,2.0,2.0,2.0,3.0,3.0,4.0,5.0,5.0,5.0,7.0,10.0,inferred
Burnley,2021-05-09,0.0,1.0,2.0,3.0,3.0,4.0,4.0,5.0,6.0,6.0,7.0,9.0,11.0,inferred
Burnley,2021-05-10,1.0,2.0,3.0,4.0,4.0,5.0,6.0,7.0,8.0,8.0,9.0,10.0,13.0,inferred
Burnley,2021-05-11,1.0,3.0,4.0,4.0,5.0,6.0,6.0,7.0,8.0,8.0,9.0,11.0,14.0,inferred
Burnley,2021-05-12,1.0,3.0,4.0,5.0,5.0,6.0,7.0,8.0,9.0,9.0,10.0,12.0,15.0,inferred
Burnley,2021-05-13,2.0,3.0,4.0,5.0,5.0,6.0,7.0,8.0,9.0,9.0,10.0,12.0,15.0,inferred
Burnley,2021-05-14,1.0,3.0,4.0,4.0,5.0,6.0,7.0,7.0,8.0,9.0,10.0,12.0,15.0,inferred
Burnley,2021-05-15,1.0,2.0,3.0,3.0,4.0,5.0,5.0,6.0,7.0,8.0,8.0,10.0,13.0,inferred
Burnley,2021-05-16,2.0,3.0,4.0,5.0,5.0,6.0,7.0,8.0,9.0,9.0,10.0,12.0,14.0,inferred
Burnley,2021-05-17,3.0,5.0,7.0,7.0,7.0,9.0,10.0,10.0,12.0,12.0,13.0,15.0,19.0,inferred
Burnley,2021-05-18,3.0,5.0,7.0,7.0,8.0,9.0,10.0,11.0,13.0,13.0,14.0,16.0,20.0,inferred
Burnley,2021-05-19,5.0,6.0,8.0,8.0,9.0,10.0,11.0,12.0,13.0,14.0,15.0,17.0,21.0,inferred
Burnley,2021-05-20,4.0,6.0,8.0,9.0,9.0,10.0,11.0,13.0,14.0,15.0,15.0,18.0,22.0,inferred
Burnley,2021-05-21,4.0,6.0,8.0,8.0,9.0,10.0,11.0,12.0,13.0,14.0,15.0,17.0,21.0,inferred
Burnley,2021-05-22,3.0,5.0,6.0,7.0,8.0,9.0,10.0,11.0,12.0,13.0,13.0,15.0,18.0,inferred
Burnley,2021-05-23,5.0,7.0,9.0,9.0,10.0,11.0,12.0,13.0,15.0,15.0,16.0,18.1,23.0,inferred
Burnley,2021-05-24,8.0,11.0,13.0,14.0,14.0,16.0,17.0,19.0,20.0,21.0,22.0,25.0,29.0,inferred
Burnley,2021-05-25,9.0,12.0,14.0,15.0,15.0,17.0,18.0,20.0,21.0,22.0,23.0,26.0,31.0,inferred
Burnley,2021-05-26,10.0,13.0,16.0,16.0,17.0,19.0,20.0,22.0,23.0,24.0,26.0,29.0,33.0,inferred
Burnley,2021-05-27,11.0,14.0,16.0,17.0,18.0,20.0,21.0,23.0,25.0,25.0,26.0,29.0,34.0,inferred
Burnley,2021-05-28,11.0,13.0,16.0,17.0,18.0,19.0,21.0,22.0,24.0,25.0,26.0,28.1,34.0,inferred
Burnley,2021-05-29,8.0,11.0,13.0,14.0,15.0,16.0,18.0,19.0,21.0,22.0,23.0,25.0,30.0,inferred
Burnley,2021-05-30,13.0,16.0,18.0,19.0,20.0,21.0,23.0,24.0,26.0,27.0,28.0,31.0,36.5,inferred
Burnley,2021-05-31,19.0,23.0,26.0,27.0,28.0,30.0,32.0,34.0,36.0,37.0,39.0,42.0,48.0,inferred
Burnley,2021-06-01,21.5,26.0,28.0,29.8,31.0,33.0,35.0,36.0,39.0,40.0,41.0,45.0,51.0,inferred
Burnley,2021-06-02,23.0,28.0,31.0,32.0,33.0,36.0,38.0,40.0,43.0,44.0,45.2,49.0,56.0,inferred
Burnley,2021-06-03,25.0,29.0,33.0,34.0,35.0,37.0,39.0,41.0,43.0,45.0,46.0,50.0,57.0,inferred
Burnley,2021-06-04,23.0,27.0,31.0,32.0,33.0,35.0,37.0,39.0,42.0,43.0,44.0,48.0,55.0,inferred
Burnley,2021-06-05,19.0,22.9,26.0,27.0,28.0,30.0,32.0,33.0,36.0,37.0,38.0,42.0,47.0,inferred
Burnley,2021-06-06,24.0,29.0,33.0,34.0,35.0,37.0,40.0,42.0,45.0,46.0,47.2,52.0,59.0,inferred
Burnley,2021-06-07,35.5,42.0,46.0,48.0,49.0,52.0,55.0,57.0,60.0,61.0,63.0,68.0,75.0,inferred
Burnley,2021-06-08,37.0,44.0,48.0,49.0,50.0,53.0,56.0,58.0,61.0,63.0,64.0,69.0,77.0,inferred
Burnley,2021-06-09,38.5,44.0,48.0,50.0,51.0,54.0,56.0,59.0,62.0,63.0,65.0,70.0,77.0,inferred
Burnley,2021-06-10,35.0,42.0,46.0,48.0,49.0,52.0,54.0,56.0,59.0,61.0,62.0,67.0,74.0,inferred
Burnley,2021-06-11,32.0,37.0,41.0,42.0,44.0,46.0,48.0,50.0,53.0,54.0,56.0,60.0,67.5,inferred
Burnley,2021-06-12,23.0,28.0,31.0,33.0,34.0,36.0,38.0,40.0,42.0,44.0,45.0,49.0,55.0,inferred
Burnley,2021-06-13,29.0,34.0,38.0,39.0,40.0,42.0,44.0,47.0,49.0,50.0,52.0,56.0,63.0,inferred
Burnley,2021-06-14,39.0,45.0,50.0,51.0,53.0,55.0,58.0,60.0,63.0,65.0,66.0,71.0,80.0,inferred
Burnley,2021-06-15,39.0,45.0,49.0,51.0,52.0,55.0,57.0,59.4,62.0,64.0,66.0,70.0,78.0,inferred
Burnley,2021-06-16,39.0,44.9,49.0,50.0,52.0,55.0,57.0,60.0,63.0,64.0,66.0,70.0,79.0,inferred
Burnley,2021-06-17,35.0,41.9,46.0,47.0,49.0,51.0,54.0,57.0,59.0,61.0,63.0,67.0,76.0,inferred
Burnley,2021-06-18,29.0,35.0,39.0,40.0,42.0,44.0,47.0,49.0,52.0,53.0,55.0,60.0,67.5,inferred
Bury,2021-03-06,8.0,11.0,13.0,13.0,14.0,15.0,16.0,18.0,19.0,20.0,21.0,23.0,26.0,inferred
Bury,2021-03-07,10.0,13.0,15.0,16.0,16.0,18.0,19.0,20.0,21.0,22.0,23.0,26.0,29.0,inferred
Bury,2021-03-08,13.5,17.0,19.0,20.0,21.0,22.0,24.0,25.0,27.0,27.0,28.0,31.0,36.0,inferred
Bury,2021-03-09,13.0,16.0,19.0,20.0,20.0,22.0,23.0,25.0,26.0,27.0,28.0,31.0,35.0,inferred
Bury,2021-03-10,14.0,17.0,19.0,20.0,21.0,22.0,24.0,25.0,27.0,27.0,29.0,31.0,36.0,inferred
Bury,2021-03-11,13.5,16.0,18.0,19.0,20.0,21.0,23.0,24.0,26.0,27.0,28.0,30.0,35.0,inferred
Bury,2021-03-12,12.0,14.0,16.0,17.0,18.0,19.0,21.0,22.0,24.0,24.0,25.0,28.0,32.0,inferred
Bury,2021-03-13,9.0,11.0,13.0,14.0,14.0,16.0,17.0,18.0,19.0,20.0,21.0,23.0,27.0,inferred
Bury,2021-03-14,11.0,14.0,16.0,17.0,17.0,19.0,20.0,21.0,23.0,24.0,25.0,27.0,32.0,inferred
Bury,2021-03-15,16.0,19.0,21.0,22.0,23.0,25.0,26.0,28.0,30.0,31.0,32.0,35.0,40.0,inferred
Bury,2021-03-16,15.0,19.0,21.0,22.0,23.0,25.0,26.0,28.0,29.3,30.0,31.0,34.0,39.0,inferred
Bury,2021-03-17,15.0,19.0,21.0,22.0,23.0,25.0,26.0,28.0,30.0,30.0,31.0,34.0,39.0,inferred
Bury,2021-03-18,14.0,17.0,20.0,21.0,21.0,23.0,25.0,26.0,27.0,28.0,30.0,32.0,36.0,inferred
Bury,2021-03-19,12.0,15.0,17.0,18.0,18.0,20.0,21.0,22.0,24.0,25.0,26.0,28.0,33.0,inferred
Bury,2021-03-20,8.0,11.0,13.0,13.0,14.0,15.0,16.0,18.0,19.0,20.0,21.0,23.0,26.0,inferred
Bury,2021-03-21,9.0,12.9,15.0,15.0,16.0,17.0,19.0,20.0,21.0,22.0,23.0,26.0,29.0,inferred
Bury,2021-03-22,13.0,16.9,19.0,20.0,20.0,22.0,24.0,25.0,27.0,28.0,29.0,31.0,36.0,inferred
Bury,2021-03-23,13.0,16.0,18.0,19.0,20.0,21.0,22.0,24.0,26.0,26.0,27.0,30.0,35.0,inferred
Bury,2021-03-24,12.0,15.0,17.0,18.0,19.0,20.0,22.0,23.0,25.0,26.0,27.0,30.0,34.0,inferred
Bury,2021-03-25,11.0,14.0,16.0,16.0,17.0,18.0,19.0,21.0,22.0,23.0,24.0,27.0,31.5,inferred
Bury,2021-03-26,9.0,11.0,13.0,14.0,14.0,16.0,17.0,18.0,19.0,20.0,21.0,23.0,27.0,inferred
Bury,2021-03-27,5.0,8.0,9.0,10.0,10.0,12.0,13.0,14.0,15.0,15.0,16.0,18.1,22.5,inferred
Bury,2021-03-28,6.0,9.0,10.0,11.0,11.0,13.0,14.0,15.0,16.0,17.0,18.0,20.0,24.0,inferred
Bury,2021-03-29,9.0,11.0,13.0,13.0,14.0,15.0,16.0,18.0,19.0,20.0,21.0,23.0,27.5,inferred
Bury,2021-03-30,7.0,10.0,12.0,13.0,13.0,14.0,16.0,17.0,18.0,19.0,20.0,22.0,26.0,inferred
Bury,2021-03-31,7.0,10.0,11.0,12.0,13.0,14.0,15.0,16.0,18.0,18.0,19.0,21.0,25.0,inferred
Bury,2021-04-01,6.0,9.0,10.0,11.0,11.0,13.0,14.0,15.0,16.0,16.0,17.0,19.1,23.0,inferred
Bury,2021-04-02,5.0,7.0,8.0,9.0,9.0,10.0,11.0,12.0,13.0,14.0,15.0,17.0,20.5,inferred
Bury,2021-04-03,3.0,4.0,6.0,6.0,7.0,7.0,8.0,9.0,10.0,11.0,11.0,13.0,16.0,inferred
Bury,2021-04-04,3.0,5.0,6.0,7.0,7.0,8.0,9.0,10.0,11.0,12.0,12.0,14.0,17.0,inferred
Bury,2021-04-05,5.0,6.0,8.0,8.0,9.0,10.0,11.0,12.0,13.0,14.0,14.0,17.0,20.0,inferred
Bury,2021-04-06,4.0,6.0,7.0,8.0,8.0,9.0,10.0,11.0,12.0,13.0,14.0,15.0,19.0,inferred
Bury,2021-04-07,4.0,6.0,7.0,7.0,8.0,9.0,10.0,11.0,12.0,13.0,13.0,15.0,18.0,inferred
Bury,2021-04-08,3.0,5.0,7.0,7.0,8.0,8.0,9.0,10.0,11.0,12.0,12.0,14.0,17.0,inferred
Bury,2021-04-09,2.0,4.0,5.0,6.0,6.0,7.0,8.0,9.0,10.0,10.0,11.0,12.0,15.0,inferred
Bury,2021-04-10,1.0,3.0,4.0,4.0,5.0,5.0,6.0,7.0,8.0,8.0,9.0,10.0,13.0,inferred
Bury,2021-04-11,2.0,3.0,4.0,5.0,5.0,6.0,7.0,7.0,8.0,9.0,9.0,11.0,14.0,inferred
Bury,2021-04-12,2.0,4.0,6.0,6.0,7.0,7.0,8.0,9.0,10.0,11.0,11.0,13.0,16.0,inferred
Bury,2021-04-13,3.0,4.0,5.0,6.0,6.0,7.0,8.0,9.0,10.0,10.0,11.0,13.0,15.0,inferred
Bury,2021-04-14,3.0,4.0,5.0,6.0,6.0,7.0,8.0,9.0,9.0,10.0,11.0,12.0,15.0,inferred
Bury,2021-04-15,2.0,4.0,5.0,5.0,6.0,6.0,7.0,8.0,9.0,10.0,10.0,12.0,15.0,inferred
Bury,2021-04-16,2.0,3.0,4.0,4.0,5.0,6.0,6.0,7.0,8.0,9.0,9.0,11.0,14.0,inferred
Bury,2021-04-17,1.0,2.0,3.0,3.0,4.0,4.0,5.0,6.0,6.0,7.0,7.0,9.0,10.5,inferred
Bury,2021-04-18,1.0,3.0,3.0,4.0,4.0,5.0,6.0,6.0,7.0,7.0,8.0,10.0,12.0,inferred
Bury,2021-04-19,2.0,3.0,4.0,5.0,5.0,6.0,7.0,8.0,9.0,9.0,10.0,11.0,14.0,inferred
Bury,2021-04-20,2.0,3.0,4.0,5.0,5.0,6.0,7.0,8.0,8.0,9.0,9.0,11.0,13.0,inferred
Bury,2021-04-21,2.0,3.0,4.0,5.0,5.0,6.0,7.0,8.0,8.0,9.0,10.0,11.0,14.0,inferred
Bury,2021-04-22,1.0,3.0,4.0,4.0,5.0,6.0,6.0,7.0,8.0,8.0,9.0,11.0,13.0,inferred
Bury,2021-04-23,1.0,3.0,4.0,4.0,4.0,5.0,6.0,6.0,7.0,8.0,8.0,10.0,12.0,inferred
Bury,2021-04-24,1.0,2.0,2.0,3.0,3.0,4.0,4.0,5.0,6.0,6.0,6.2,8.0,10.0,inferred
Bury,2021-04-25,1.0,2.0,3.0,3.0,4.0,4.0,5.0,6.0,6.0,7.0,7.0,9.0,11.0,inferred
Bury,2021-04-26,1.5,3.0,4.0,4.0,5.0,6.0,6.0,7.0,8.0,8.0,9.0,11.0,13.0,inferred
Bury,2021-04-27,1.0,3.0,4.0,4.0,5.0,6.0,6.0,7.0,8.0,8.0,9.0,10.0,14.0,inferred
Bury,2021-04-28,2.0,3.0,4.0,4.0,5.0,6.0,6.0,7.0,8.0,8.0,9.0,11.0,13.0,inferred
Bury,2021-04-29,1.0,3.0,4.0,4.0,4.0,5.0,6.0,7.0,7.0,8.0,8.0,10.0,12.0,inferred
Bury,2021-04-30,1.0,2.0,3.0,3.0,4.0,4.0,5.0,6.0,7.0,7.0,8.0,9.0,12.0,inferred
Bury,2021-05-01,0.0,1.0,2.0,3.0,3.0,3.0,4.0,5.0,5.0,6.0,6.0,7.0,9.0,inferred
Bury,2021-05-02,1.0,2.0,3.0,3.0,3.0,4.0,5.0,5.0,6.0,6.0,7.0,8.0,10.0,inferred
Bury,2021-05-03,2.0,3.0,4.0,4.0,5.0,5.0,6.0,7.0,8.0,8.0,9.0,10.0,13.0,inferred
Bury,2021-05-04,1.0,3.0,4.0,4.0,5.0,5.0,6.0,7.0,8.0,8.0,9.0,10.0,13.0,inferred
Bury,2021-05-05,2.0,3.0,4.0,4.0,5.0,6.0,6.0,7.0,8.0,8.0,9.0,10.0,13.0,inferred
Bury,2021-05-06,1.0,3.0,4.0,4.0,5.0,5.0,6.0,7.0,8.0,8.0,9.0,10.0,13.0,inferred
Bury,2021-05-07,1.0,3.0,4.0,4.0,4.0,5.0,6.0,6.0,7.0,8.0,8.0,10.0,12.0,inferred
Bury,2021-05-08,1.0,2.0,3.0,3.0,4.0,4.0,5.0,6.0,6.0,7.0,8.0,9.0,11.0,inferred
Bury,2021-05-09,1.0,3.0,4.0,4.0,5.0,5.0,6.0,7.0,8.0,8.0,9.0,10.0,13.0,inferred
Bury,2021-05-10,3.0,4.0,6.0,6.0,7.0,8.0,8.0,9.0,10.0,11.0,12.0,13.0,17.0,inferred
Bury,2021-05-11,3.0,5.0,6.0,7.0,7.0,9.0,9.0,10.0,11.0,12.0,13.0,14.0,17.0,inferred
Bury,2021-05-12,4.0,6.0,8.0,8.0,9.0,10.0,10.0,11.0,13.0,13.0,14.0,16.0,19.5,inferred
Bury,2021-05-13,4.0,6.0,8.0,8.0,9.0,10.0,11.0,12.0,13.0,14.0,14.0,17.0,19.5,inferred
Bury,2021-05-14,4.0,6.0,8.0,8.0,9.0,10.0,11.0,12.0,13.0,14.0,15.0,17.0,20.0,inferred
Bury,2021-05-15,3.0,5.0,6.0,7.0,8.0,9.0,9.0,11.0,11.3,12.0,13.0,15.0,18.0,inferred
Bury,2021-05-16,5.0,7.0,9.0,9.0,10.0,11.0,12.0,13.0,14.0,15.0,15.0,18.0,21.0,inferred
Bury,2021-05-17,8.0,11.0,13.0,14.0,14.0,15.0,17.0,18.0,19.0,20.0,21.0,23.0,28.0,inferred
Bury,2021-05-18,9.0,12.0,14.0,15.0,15.0,17.0,18.0,19.0,21.0,22.0,23.0,25.0,29.0,inferred
Bury,2021-05-19,11.0,13.0,16.0,16.0,17.0,18.0,20.0,21.0,23.0,24.0,25.0,27.0,32.0,inferred
Bury,2021-05-20,11.5,14.9,17.0,17.0,18.0,19.0,21.0,22.0,24.0,25.0,26.0,28.0,33.0,inferred
Bury,2021-05-21,10.0,14.0,16.0,17.0,18.0,19.0,20.0,21.0,23.0,24.0,25.0,28.0,32.0,inferred
Bury,2021-05-22,9.0,11.9,13.0,14.0,15.0,16.0,17.0,18.0,20.0,21.0,21.0,24.0,28.0,inferred
Bury,2021-05-23,12.0,15.0,18.0,18.0,19.0,21.0,22.0,24.0,25.0,26.0,27.0,29.0,34.0,inferred
Bury,2021-05-24,19.0,23.0,25.0,26.8,27.0,29.0,31.0,33.0,35.0,36.0,37.0,40.0,46.0,inferred
Bury,2021-05-25,22.0,25.0,28.0,29.0,30.0,32.0,34.0,36.0,37.3,39.0,40.0,43.0,48.0,inferred
Bury,2021-05-26,24.0,29.0,32.0,33.0,34.0,36.0,38.0,39.4,41.0,42.0,44.0,48.0,53.0,inferred
Bury,2021-05-27,25.0,30.0,33.0,34.0,35.0,37.0,39.0,40.0,43.0,44.0,45.0,49.0,54.0,inferred
Bury,2021-05-28,24.0,29.0,32.0,33.0,34.0,36.0,37.0,39.0,41.0,42.0,44.0,47.0,52.0,inferred
Bury,2021-05-29,20.0,24.0,27.0,28.0,29.0,30.0,32.0,34.0,36.0,37.0,38.0,41.0,46.0,inferred
Bury,2021-05-30,26.0,31.0,34.0,35.0,36.0,39.0,40.0,42.0,44.0,45.0,46.0,50.0,56.0,inferred
Bury,2021-05-31,40.0,44.0,48.0,49.0,50.0,53.0,55.0,58.0,60.0,61.0,63.0,67.0,76.0,inferred
Bury,2021-06-01,42.0,48.0,51.0,53.0,54.0,57.0,59.0,61.0,64.0,65.0,67.0,71.0,78.0,inferred
Bury,2021-06-02,45.0,51.0,55.0,57.0,58.0,60.6,63.0,65.0,68.0,69.0,71.0,76.0,83.0,inferred
Bury,2021-06-03,47.0,52.0,56.0,58.0,59.0,61.0,63.0,66.0,69.0,70.0,72.0,76.0,82.5,inferred
Bury,2021-06-04,43.0,48.0,52.0,53.0,54.0,57.0,59.0,62.0,65.0,66.0,68.0,73.0,80.0,inferred
Bury,2021-06-05,35.0,40.0,43.0,45.0,46.0,48.0,50.0,52.0,54.0,55.0,57.0,60.0,67.0,inferred
Bury,2021-06-06,44.0,50.0,54.0,55.0,56.0,59.0,61.0,63.0,66.0,67.0,69.0,73.0,80.0,inferred
Bury,2021-06-07,62.0,69.0,73.0,75.0,77.0,79.0,82.0,85.0,88.0,89.0,91.0,96.0,103.0,inferred
Bury,2021-06-08,65.0,72.0,76.0,78.0,80.0,83.0,86.0,89.0,92.0,94.0,96.0,101.0,109.5,inferred
Bury,2021-06-09,69.0,75.0,80.0,82.0,83.0,86.0,89.0,92.0,95.0,96.0,98.0,104.0,113.0,inferred
Bury,2021-06-10,66.0,73.0,78.0,80.0,81.0,84.0,87.0,90.0,93.0,94.0,96.0,101.0,109.0,inferred
Bury,2021-06-11,61.0,67.0,72.0,74.0,75.0,77.0,80.0,82.0,85.0,87.0,89.0,94.0,101.0,inferred
Bury,2021-06-12,47.5,54.0,57.0,59.0,60.0,62.0,65.0,68.0,70.0,72.0,73.0,78.0,85.0,inferred
Bury,2021-06-13,59.0,65.0,69.0,71.0,72.0,75.0,78.0,81.0,83.0,85.0,87.0,92.0,99.0,inferred
Bury,2021-06-14,79.0,86.0,92.0,94.0,96.0,99.0,102.0,105.0,108.0,110.0,112.0,118.0,128.0,inferred
Bury,2021-06-15,80.0,88.0,93.0,95.0,97.0,101.0,104.0,107.0,110.0,112.0,114.0,119.1,129.0,inferred
Bury,2021-06-16,82.0,90.0,95.0,97.0,99.0,102.0,105.0,108.0,112.0,113.0,115.2,121.0,129.0,inferred
Bury,2021-06-17,78.0,86.0,92.0,94.0,95.0,99.0,102.0,105.0,108.0,109.0,112.0,117.1,128.0,inferred
Bury,2021-06-18,68.0,76.0,81.0,83.0,85.0,88.0,91.0,94.0,98.0,100.0,102.0,108.0,117.0,inferred
Caerphilly,2021-03-06,4.0,6.0,7.0,8.0,9.0,10.0,11.0,12.0,13.0,14.0,14.0,16.0,19.0,inferred
Caerphilly,2021-03-07,4.0,7.0,8.0,9.0,9.0,10.0,11.0,12.0,14.0,14.0,15.0,17.0,20.0,inferred
Caerphilly,2021-03-08,7.5,10.0,12.0,13.0,13.0,14.0,15.0,17.0,18.0,19.0,20.0,22.0,27.0,inferred
Caerphilly,2021-03-09,6.0,8.0,10.0,10.0,11.0,12.0,14.0,15.0,16.0,17.0,18.0,20.0,24.0,inferred
Caerphilly,2021-03-10,6.5,9.0,11.0,12.0,12.0,14.0,15.0,16.0,17.0,18.0,19.0,21.0,25.0,inferred
Caerphilly,2021-03-11,6.0,8.0,10.0,11.0,11.0,13.0,14.0,15.0,16.0,17.0,18.0,20.0,25.0,inferred
Caerphilly,2021-03-12,5.0,7.0,8.0,9.0,10.0,11.0,12.0,13.0,14.0,15.0,16.0,18.0,22.0,inferred
Caerphilly,2021-03-13,3.0,5.0,6.0,7.0,7.0,8.0,9.0,10.0,11.0,12.0,13.0,14.0,17.0,inferred
Caerphilly,2021-03-14,3.0,5.0,7.0,7.0,8.0,9.0,9.0,10.0,11.0,12.0,13.0,15.0,19.0,inferred
Caerphilly,2021-03-15,5.0,8.0,10.0,10.0,11.0,12.0,13.0,14.0,16.0,16.0,17.0,19.0,23.0,inferred
Caerphilly,2021-03-16,4.0,6.0,8.0,8.0,9.0,10.0,11.0,12.0,13.0,14.0,15.0,17.0,21.0,inferred
Caerphilly,2021-03-17,5.0,7.0,8.0,9.0,9.0,11.0,12.0,13.0,14.0,15.0,16.0,18.0,22.0,inferred
Caerphilly,2021-03-18,4.0,6.0,8.0,8.0,9.0,10.0,11.0,12.0,13.0,14.0,15.0,17.0,21.0,inferred
Caerphilly,2021-03-19,3.0,5.0,6.0,7.0,7.0,8.0,9.0,10.0,11.0,12.0,13.0,15.0,18.0,inferred
Caerphilly,2021-03-20,2.0,3.0,4.0,5.0,5.0,6.0,7.0,8.0,9.0,9.0,10.0,11.0,15.0,inferred
Caerphilly,2021-03-21,2.0,3.0,4.0,5.0,5.0,6.0,7.0,8.0,9.0,9.0,10.0,11.1,14.0,inferred
Caerphilly,2021-03-22,3.0,5.0,6.0,6.0,7.0,8.0,9.0,10.0,11.0,12.0,12.0,14.0,17.0,inferred
Caerphilly,2021-03-23,2.0,3.0,5.0,5.0,6.0,6.0,7.0,8.0,9.0,10.0,11.0,12.0,15.0,inferred
Caerphilly,2021-03-24,2.0,4.0,5.0,6.0,6.0,7.0,8.0,9.0,10.0,11.0,11.0,13.0,16.0,inferred
Caerphilly,2021-03-25,2.0,3.0,4.0,5.0,5.0,6.0,7.0,8.0,9.0,9.0,10.0,12.0,15.0,inferred
Caerphilly,2021-03-26,1.0,2.0,3.0,4.0,4.0,5.0,5.0,6.0,7.0,8.0,8.0,10.0,13.0,inferred
Caerphilly,2021-03-27,0.0,1.0,2.0,2.0,3.0,3.0,4.0,5.0,5.0,6.0,6.0,8.0,10.0,inferred
Caerphilly,2021-03-28,0.0,1.0,2.0,2.0,3.0,3.0,4.0,4.0,5.0,6.0,6.0,7.0,10.0,inferred
Caerphilly,2021-03-29,1.0,2.0,3.0,3.0,4.0,4.0,5.0,6.0,7.0,7.0,8.0,9.0,12.0,inferred
Caerphilly,2021-03-30,0.0,1.0,2.0,2.0,3.0,3.0,4.0,5.0,5.0,6.0,6.0,8.0,10.5,inferred
Caerphilly,2021-03-31,0.0,1.0,2.0,2.0,3.0,3.0,4.0,5.0,6.0,6.0,7.0,8.0,10.0,inferred
Caerphilly,2021-04-01,0.0,1.0,2.0,2.0,2.0,3.0,4.0,4.0,5.0,5.0,6.0,7.0,10.0,inferred
Caerphilly,2021-04-02,0.0,1.0,1.0,2.0,2.0,2.0,3.0,3.4,4.0,5.0,5.0,6.0,8.0,inferred
Caerphilly,2021-04-03,0.0,0.0,1.0,1.0,1.0,2.0,2.0,3.0,3.0,3.0,4.0,5.0,7.0,inferred
Caerphilly,2021-04-04,0.0,0.0,1.0,1.0,1.0,2.0,2.0,3.0,3.0,3.0,4.0,5.0,8.0,inferred
Caerphilly,2021-04-05,0.0,1.0,1.0,1.0,2.0,2.0,3.0,3.0,4.0,5.0,5.0,6.0,9.0,inferred
Caerphilly,2021-04-06,0.0,0.0,1.0,1.0,1.0,2.0,2.0,3.0,4.0,4.0,4.0,6.0,8.0,inferred
Caerphilly,2021-04-07,0.0,0.0,1.0,1.0,2.0,2.0,3.0,3.0,4.0,4.0,5.0,6.0,8.0,inferred
Caerphilly,2021-04-08,0.0,0.0,1.0,1.0,1.0,2.0,2.0,3.0,4.0,4.0,4.0,5.0,8.0,inferred
Caerphilly,2021-04-09,0.0,0.0,1.0,1.0,1.0,1.0,2.0,2.0,3.0,3.0,4.0,5.0,7.0,inferred
Caerphilly,2021-04-10,0.0,0.0,0.0,0.0,1.0,1.0,1.0,2.0,2.0,3.0,3.0,4.0,6.0,inferred
Caerphilly,2021-04-11,0.0,0.0,0.0,0.0,1.0,1.0,1.0,2.0,2.0,3.0,3.0,4.0,6.0,inferred
Caerphilly,2021-04-12,0.0,0.0,1.0,1.0,1.0,2.0,2.0,2.0,3.0,3.0,4.0,5.0,7.0,inferred
Caerphilly,2021-04-13,0.0,0.0,1.0,1.0,1.0,1.0,2.0,2.0,3.0,3.0,4.0,5.0,7.0,inferred
Caerphilly,2021-04-14,0.0,0.0,1.0,1.0,1.0,2.0,2.0,3.0,3.0,4.0,4.0,5.0,8.0,inferred
Caerphilly,2021-04-15,0.0,0.0,1.0,1.0,1.0,2.0,2.0,3.0,3.0,4.0,4.0,5.0,7.0,inferred
Caerphilly,2021-04-16,0.0,0.0,1.0,1.0,1.0,1.0,2.0,2.0,3.0,3.0,4.0,5.0,7.0,inferred
Caerphilly,2021-04-17,0.0,0.0,0.0,0.0,1.0,1.0,1.0,2.0,2.0,3.0,3.0,4.0,6.0,inferred
Caerphilly,2021-04-18,0.0,0.0,0.0,1.0,1.0,1.0,2.0,2.0,2.0,3.0,3.0,4.0,6.0,inferred
Caerphilly,2021-04-19,0.0,0.0,1.0,1.0,1.0,2.0,2.0,3.0,3.0,4.0,4.0,5.0,8.0,inferred
Caerphilly,2021-04-20,0.0,0.0,1.0,1.0,1.0,2.0,2.0,2.0,3.0,3.0,4.0,5.0,7.0,inferred
Caerphilly,2021-04-21,0.0,0.0,1.0,1.0,1.0,2.0,2.0,3.0,3.0,4.0,4.0,5.0,7.0,inferred
Caerphilly,2021-04-22,0.0,0.0,1.0,1.0,1.0,2.0,2.0,3.0,3.0,4.0,4.0,5.0,7.0,inferred
Caerphilly,2021-04-23,0.0,0.0,1.0,1.0,1.0,1.0,2.0,2.0,3.0,3.0,4.0,5.0,7.0,inferred
Caerphilly,2021-04-24,0.0,0.0,0.0,1.0,1.0,1.0,1.0,2.0,2.0,3.0,3.0,4.0,6.0,inferred
Caerphilly,2021-04-25,0.0,0.0,1.0,1.0,1.0,1.0,2.0,2.0,3.0,3.0,3.0,4.0,6.0,inferred
Caerphilly,2021-04-26,0.0,0.0,1.0,1.0,1.0,2.0,2.0,3.0,3.0,4.0,4.0,5.0,8.0,inferred
Caerphilly,2021-04-27,0.0,0.0,1.0,1.0,1.0,2.0,2.0,3.0,3.0,3.0,4.0,5.0,7.0,inferred
Caerphilly,2021-04-28,0.0,0.0,1.0,1.0,1.0,2.0,2.0,3.0,4.0,4.0,4.0,6.0,8.0,inferred
Caerphilly,2021-04-29,0.0,0.0,1.0,1.0,1.0,2.0,2.0,3.0,3.0,4.0,4.0,5.0,7.0,inferred
Caerphilly,2021-04-30,0.0,0.0,1.0,1.0,1.0,1.0,2.0,2.0,3.0,3.0,3.0,5.0,6.5,inferred
Caerphilly,2021-05-01,0.0,0.0,0.0,1.0,1.0,1.0,1.0,2.0,2.0,2.0,3.0,4.0,5.0,inferred
Caerphilly,2021-05-02,0.0,0.0,0.0,0.0,1.0,1.0,1.0,2.0,2.0,3.0,3.0,4.0,6.0,inferred
Caerphilly,2021-05-03,0.0,0.0,1.0,1.0,1.0,1.0,2.0,2.0,3.0,3.0,4.0,5.0,7.0,inferred
Caerphilly,2021-05-04,0.0,0.0,1.0,1.0,1.0,1.0,2.0,2.0,3.0,3.0,4.0,5.0,7.0,inferred
Caerphilly,2021-05-05,0.0,0.0,1.0,1.0,1.0,2.0,2.0,2.0,3.0,3.0,4.0,5.0,7.0,inferred
Caerphilly,2021-05-06,0.0,0.0,1.0,1.0,1.0,2.0,2.0,2.0,3.0,3.0,4.0,5.0,7.0,inferred
Caerphilly,2021-05-07,0.0,0.0,0.0,1.0,1.0,1.0,2.0,2.0,2.0,3.0,3.0,4.0,6.0,inferred
Caerphilly,2021-05-08,0.0,0.0,0.0,0.0,1.0,1.0,1.0,2.0,2.0,2.0,3.0,4.0,6.0,inferred
Caerphilly,2021-05-09,0.0,0.0,0.0,0.0,1.0,1.0,1.0,2.0,2.0,2.0,3.0,4.0,6.0,inferred
Caerphilly,2021-05-10,0.0,0.0,1.0,1.0,1.0,1.0,2.0,2.0,3.0,3.0,4.0,5.0,7.0,inferred
Caerphilly,2021-05-11,0.0,0.0,0.0,1.0,1.0,1.0,2.0,2.0,3.0,3.0,3.0,4.0,6.0,inferred
Caerphilly,2021-05-12,0.0,0.0,1.0,1.0,1.0,1.0,2.0,2.0,3.0,3.0,3.0,5.0,7.0,inferred
Caerphilly,2021-05-13,0.0,0.0,0.0,1.0,1.0,1.0,2.0,2.0,3.0,3.0,3.0,4.0,7.0,inferred
Caerphilly,2021-05-14,0.0,0.0,0.0,1.0,1.0,1.0,1.0,2.0,2.0,3.0,3.0,4.0,6.0,inferred
Caerphilly,2021-05-15,0.0,0.0,0.0,0.0,0.0,1.0,1.0,1.0,2.0,2.0,3.0,3.0,5.0,inferred
Caerphilly,2021-05-16,0.0,0.0,0.0,0.0,0.0,1.0,1.0,2.0,2.0,2.0,3.0,4.0,5.5,inferred
Caerphilly,2021-05-17,0.0,0.0,1.0,1.0,1.0,1.0,2.0,2.0,3.0,3.0,3.0,4.0,6.0,inferred
Caerphilly,2021-05-18,0.0,0.0,0.0,0.0,1.0,1.0,1.0,2.0,2.0,3.0,3.0,4.0,6.0,inferred
Caerphilly,2021-05-19,0.0,0.0,1.0,1.0,1.0,1.0,2.0,2.0,3.0,3.0,3.0,5.0,7.0,inferred
Caerphilly,2021-05-20,0.0,0.0,0.0,1.0,1.0,1.0,2.0,2.0,2.0,3.0,3.0,4.0,6.0,inferred
Caerphilly,2021-05-21,0.0,0.0,0.0,0.0,0.0,1.0,1.0,1.0,2.0,2.0,3.0,4.0,5.0,inferred
Caerphilly,2021-05-22,0.0,0.0,0.0,0.0,0.0,0.0,1.0,1.0,1.0,2.0,2.0,3.0,4.0,inferred
Caerphilly,2021-05-23,0.0,0.0,0.0,0.0,0.0,1.0,1.0,1.0,1.0,2.0,2.0,3.0,5.0,inferred
Caerphilly,2021-05-24,0.0,0.0,0.0,0.0,0.0,1.0,1.0,1.0,2.0,2.0,2.0,3.0,5.0,inferred
Caerphilly,2021-05-25,0.0,0.0,0.0,0.0,0.0,1.0,1.0,1.0,2.0,2.0,2.0,3.0,4.0,inferred
Caerphilly,2021-05-26,0.0,0.0,0.0,0.0,0.0,1.0,1.0,1.0,2.0,2.0,2.0,3.0,5.0,inferred
Caerphilly,2021-05-27,0.0,0.0,0.0,0.0,0.0,1.0,1.0,1.0,2.0,2.0,2.0,3.0,5.0,inferred
Caerphilly,2021-05-28,0.0,0.0,0.0,0.0,0.0,0.0,1.0,1.0,1.0,2.0,2.0,3.0,4.0,inferred
Caerphilly,2021-05-29,0.0,0.0,0.0,0.0,0.0,0.0,1.0,1.0,1.0,1.0,2.0,2.0,4.0,inferred
Caerphilly,2021-05-30,0.0,0.0,0.0,0.0,0.0,0.0,1.0,1.0,1.0,2.0,2.0,3.0,4.0,inferred
Caerphilly,2021-05-31,0.0,0.0,0.0,0.0,0.0,1.0,1.0,1.0,2.0,2.0,2.0,3.0,5.0,inferred
Caerphilly,2021-06-01,0.0,0.0,0.0,0.0,0.0,1.0,1.0,1.0,2.0,2.0,2.0,3.0,5.0,inferred
Caerphilly,2021-06-02,0.0,0.0,0.0,0.0,1.0,1.0,1.0,2.0,2.0,2.0,3.0,4.0,5.5,inferred
Caerphilly,2021-06-03,0.0,0.0,0.0,0.0,1.0,1.0,1.0,2.0,2.0,3.0,3.0,4.0,5.0,inferred
Caerphilly,2021-06-04,0.0,0.0,0.0,0.0,1.0,1.0,1.0,2.0,2.0,2.0,3.0,4.0,6.0,inferred
Caerphilly,2021-06-05,0.0,0.0,0.0,0.0,0.0,1.0,1.0,1.0,2.0,2.0,2.0,3.0,5.0,inferred
Caerphilly,2021-06-06,0.0,0.0,0.0,0.0,1.0,1.0,1.0,2.0,2.0,2.0,3.0,4.0,5.5,inferred
Caerphilly,2021-06-07,0.0,0.0,1.0,1.0,1.0,2.0,2.0,3.0,3.0,4.0,4.0,5.0,7.0,inferred
Caerphilly,2021-06-08,0.0,0.0,1.0,1.0,1.0,2.0,2.0,3.0,3.0,4.0,4.0,5.0,7.0,inferred
Caerphilly,2021-06-09,0.0,1.0,1.0,2.0,2.0,2.0,3.0,3.0,4.0,4.0,5.0,6.0,8.0,inferred
Caerphilly,2021-06-10,0.0,1.0,1.0,2.0,2.0,3.0,3.0,4.0,5.0,5.0,5.0,7.0,9.0,inferred
Caerphilly,2021-06-11,0.0,1.0,1.0,2.0,2.0,2.0,3.0,3.0,4.0,4.0,5.0,6.0,8.0,inferred
Caerphilly,2021-06-12,0.0,0.0,1.0,1.0,2.0,2.0,3.0,3.0,4.0,4.0,4.0,6.0,8.0,inferred
Caerphilly,2021-06-13,0.0,1.0,1.0,2.0,2.0,3.0,3.0,4.0,4.0,5.0,5.0,7.0,9.0,inferred
Caerphilly,2021-06-14,0.0,1.0,2.0,3.0,3.0,4.0,4.0,5.0,6.0,6.0,7.0,8.0,11.0,inferred
Caerphilly,2021-06-15,1.0,2.0,3.0,3.0,3.0,4.0,4.0,5.0,6.0,6.0,7.0,9.0,11.5,inferred
Caerphilly,2021-06-16,1.0,2.0,3.0,3.0,4.0,5.0,5.0,6.0,7.0,8.0,8.0,10.0,13.0,inferred
Caerphilly,2021-06-17,1.0,2.9,4.0,4.0,4.0,5.0,6.0,7.0,8.0,8.0,9.0,11.0,14.0,inferred
Caerphilly,2021-06-18,1.0,2.0,3.0,3.0,4.0,5.0,6.0,6.0,7.0,8.0,9.0,10.0,13.0,inferred
Calderdale,2021-03-06,12.0,15.0,17.8,19.0,19.0,21.0,22.0,24.0,26.0,27.0,28.0,31.0,36.0,inferred
Calderdale,2021-03-07,14.0,18.0,21.0,22.0,23.0,24.0,26.0,28.0,30.0,31.0,32.0,35.0,41.0,inferred
Calderdale,2021-03-08,21.0,25.0,28.0,30.0,31.0,33.0,35.0,37.0,39.0,40.0,41.0,46.0,51.0,inferred
Calderdale,2021-03-09,20.0,24.0,27.0,28.0,29.0,30.6,32.0,34.0,37.0,38.0,40.0,43.0,51.0,inferred
Calderdale,2021-03-10,20.0,25.0,27.0,28.0,30.0,31.0,34.0,36.0,38.0,39.0,40.0,44.0,51.0,inferred
Calderdale,2021-03-11,19.0,22.0,26.0,27.0,28.0,30.0,32.0,33.4,36.0,37.0,39.0,43.0,48.0,inferred
Calderdale,2021-03-12,16.0,20.0,23.0,24.0,25.0,27.0,29.0,30.0,32.0,34.0,35.0,38.0,45.0,inferred
Calderdale,2021-03-13,12.0,16.0,18.0,19.0,20.0,21.0,23.0,25.0,27.0,28.0,29.0,33.0,38.0,inferred
Calderdale,2021-03-14,14.0,18.0,20.0,21.0,22.0,24.0,26.0,27.0,29.0,31.0,32.0,36.0,42.0,inferred
Calderdale,2021-03-15,18.0,23.0,26.0,28.0,29.0,31.0,33.0,35.0,37.0,39.0,40.0,44.0,50.0,inferred
Calderdale,2021-03-16,17.0,22.0,25.0,26.0,27.0,29.0,30.0,32.0,35.0,36.0,38.0,42.0,48.0,inferred
Calderdale,2021-03-17,18.5,23.0,26.0,27.0,28.0,30.0,32.0,35.0,37.0,38.0,40.0,43.0,50.0,inferred
Calderdale,2021-03-18,17.0,22.0,25.0,26.0,27.0,29.0,31.0,33.0,35.0,36.0,37.0,41.0,48.0,inferred
Calderdale,2021-03-19,16.0,19.0,23.0,24.0,25.0,27.0,28.0,30.0,32.0,33.2,35.0,38.1,44.0,inferred
Calderdale,2021-03-20,12.0,15.0,18.0,19.0,20.0,22.0,23.0,25.0,27.0,28.0,30.0,33.0,39.0,inferred
Calderdale,2021-03-21,14.0,18.0,21.0,22.0,23.0,25.0,26.0,28.0,30.0,31.0,32.0,36.0,41.0,inferred
Calderdale,2021-03-22,19.0,24.0,27.8,29.0,30.0,32.0,33.0,35.0,38.0,39.0,41.0,45.0,51.0,inferred
Calderdale,2021-03-23,18.0,21.0,24.0,26.0,27.0,29.0,31.0,33.0,35.0,36.0,38.0,42.0,49.0,inferred
Calderdale,2021-03-24,16.0,21.0,24.0,25.0,26.0,28.0,30.0,32.0,34.0,35.0,36.0,40.0,46.0,inferred
Calderdale,2021-03-25,13.0,17.0,20.0,21.0,22.0,24.0,25.0,27.0,29.0,30.0,32.0,35.0,41.0,inferred
Calderdale,2021-03-26,11.0,14.0,17.0,18.0,18.0,20.0,22.0,23.0,25.0,26.0,27.0,30.0,36.0,inferred
Calderdale,2021-03-27,7.0,10.0,12.0,13.0,13.0,15.0,16.0,18.0,19.0,20.0,22.0,25.0,29.5,inferred
Calderdale,2021-03-28,7.5,10.9,12.0,13.0,14.0,15.0,17.0,18.0,20.0,21.0,22.0,25.0,30.0,inferred
Calderdale,2021-03-29,9.0,13.0,15.0,16.0,17.0,18.0,20.0,21.0,23.0,24.0,25.0,28.0,34.0,inferred
Calderdale,2021-03-30,8.0,11.0,13.0,14.0,15.0,16.0,18.0,19.0,21.0,22.0,23.0,26.0,31.0,inferred
Calderdale,2021-03-31,7.0,10.0,13.0,13.0,14.0,16.0,17.0,18.0,20.0,21.0,22.0,26.0,30.0,inferred
Calderdale,2021-04-01,6.0,9.0,11.0,12.0,12.7,14.0,15.0,16.0,18.0,19.0,20.0,22.0,27.0,inferred
Calderdale,2021-04-02,5.0,8.0,9.0,10.0,11.0,12.0,13.0,14.0,16.0,17.0,17.0,20.0,24.0,inferred
Calderdale,2021-04-03,3.0,5.0,7.0,7.0,8.0,9.0,10.0,11.0,12.0,13.0,14.0,16.0,20.0,inferred
Calderdale,2021-04-04,3.0,5.0,7.0,8.0,8.0,9.0,10.0,11.0,13.0,13.0,14.0,17.0,21.0,inferred
Calderdale,2021-04-05,5.0,7.0,9.0,9.0,10.0,11.0,12.0,14.0,15.0,16.0,17.0,19.0,23.0,inferred
Calderdale,2021-04-06,4.0,6.0,7.0,8.0,9.0,10.0,11.0,12.0,14.0,14.0,15.0,17.0,21.0,inferred
Calderdale,2021-04-07,4.0,6.0,8.0,8.0,9.0,10.0,11.0,12.0,14.0,14.0,15.0,18.0,22.0,inferred
Calderdale,2021-04-08,3.0,5.0,7.0,7.0,8.0,9.0,10.0,11.0,13.0,13.0,14.0,17.0,21.0,inferred
Calderdale,2021-04-09,3.0,4.0,6.0,6.0,7.0,8.0,9.0,10.0,11.0,12.0,13.0,15.0,19.0,inferred
Calderdale,2021-04-10,2.0,3.0,4.0,5.0,5.0,6.0,7.0,8.0,9.0,10.0,11.0,13.0,16.0,inferred
Calderdale,2021-04-11,2.0,4.0,5.0,5.0,6.0,7.0,8.0,9.0,10.0,11.0,11.0,13.0,17.0,inferred
Calderdale,2021-04-12,3.0,5.0,7.0,7.0,8.0,9.0,10.0,11.0,12.0,13.0,14.0,16.0,20.0,inferred
Calderdale,2021-04-13,3.0,4.0,6.0,6.0,7.0,8.0,9.0,10.0,11.0,12.0,13.0,15.0,18.0,inferred
Calderdale,2021-04-14,3.0,5.0,6.0,7.0,7.0,8.0,9.0,10.0,12.0,13.0,13.0,16.0,20.0,inferred
Calderdale,2021-04-15,2.0,4.0,6.0,6.0,7.0,8.0,9.0,10.0,11.0,12.0,13.0,15.0,19.0,inferred
Calderdale,2021-04-16,2.0,4.0,5.0,5.0,6.0,7.0,8.0,9.0,10.0,11.0,11.0,14.0,18.0,inferred
Calderdale,2021-04-17,1.0,3.0,4.0,4.0,5.0,6.0,6.0,7.0,8.0,9.0,10.0,11.0,15.0,inferred
Calderdale,2021-04-18,2.0,3.0,4.0,5.0,5.0,6.0,7.0,8.0,9.0,10.0,10.0,12.0,16.0,inferred
Calderdale,2021-04-19,3.0,4.0,6.0,7.0,7.0,8.0,9.0,10.0,12.0,12.0,13.0,15.0,19.0,inferred
Calderdale,2021-04-20,2.0,4.0,6.0,6.0,7.0,8.0,9.0,10.0,11.0,11.0,12.0,15.0,19.0,inferred
Calderdale,2021-04-21,2.0,4.0,6.0,6.0,7.0,8.0,9.0,10.0,11.0,12.0,12.2,15.0,18.5,inferred
Calderdale,2021-04-22,2.0,4.0,5.0,6.0,7.0,8.0,8.0,10.0,11.0,11.0,12.0,14.0,18.5,inferred
Calderdale,2021-04-23,2.0,4.0,5.0,6.0,6.0,7.0,8.0,9.0,10.0,11.0,12.0,14.0,17.0,inferred
Calderdale,2021-04-24,1.5,3.0,4.0,5.0,5.0,6.0,7.0,8.0,9.0,9.0,10.0,12.0,14.0,inferred
Calderdale,2021-04-25,2.0,4.0,5.0,5.0,6.0,7.0,8.0,9.0,10.0,11.0,12.0,14.0,17.0,inferred
Calderdale,2021-04-26,3.0,5.0,7.0,7.0,8.0,9.0,10.0,11.0,13.0,13.0,14.0,17.0,20.0,inferred
Calderdale,2021-04-27,3.0,5.0,7.0,7.0,8.0,9.0,10.0,11.0,12.0,13.0,14.0,16.0,21.0,inferred
Calderdale,2021-04-28,3.0,5.0,7.0,8.0,8.0,9.0,10.0,12.0,13.0,14.0,15.0,17.1,22.0,inferred
Calderdale,2021-04-29,3.0,5.0,7.0,7.0,8.0,9.0,10.0,11.0,13.0,13.0,14.0,17.0,20.0,inferred
Calderdale,2021-04-30,3.0,5.0,6.0,7.0,7.0,8.0,9.0,10.0,12.0,12.0,13.0,15.0,20.0,inferred
Calderdale,2021-05-01,2.0,3.0,5.0,5.0,6.0,7.0,8.0,9.0,10.0,11.0,11.0,13.1,18.0,inferred
Calderdale,2021-05-02,3.0,4.0,6.0,6.0,7.0,8.0,9.0,10.0,11.0,12.0,13.0,15.0,19.0,inferred
Calderdale,2021-05-03,4.0,7.0,8.0,9.0,9.0,11.0,12.0,13.0,15.0,15.0,16.0,19.0,23.0,inferred
Calderdale,2021-05-04,4.0,6.0,8.0,8.0,9.0,10.0,11.0,12.0,14.0,15.0,16.0,18.0,23.0,inferred
Calderdale,2021-05-05,4.0,6.0,8.0,9.0,10.0,11.0,12.0,13.0,15.0,15.0,16.0,19.0,23.0,inferred
Calderdale,2021-05-06,4.0,6.0,7.0,8.0,9.0,10.0,11.0,12.0,13.0,14.0,15.0,18.0,23.0,inferred
Calderdale,2021-05-07,3.0,5.0,7.0,7.0,8.0,9.0,10.0,11.0,12.0,13.0,14.0,16.0,21.0,inferred
Calderdale,2021-05-08,2.0,4.0,5.0,6.0,6.0,7.0,8.0,9.0,10.0,11.0,12.0,14.0,18.0,inferred
Calderdale,2021-05-09,3.0,5.0,6.0,7.0,8.0,8.0,10.0,11.0,12.0,13.0,14.0,16.0,21.0,inferred
Calderdale,2021-05-10,4.0,7.0,8.0,9.0,10.0,11.0,12.0,13.0,15.0,16.0,17.0,19.0,24.0,inferred
Calderdale,2021-05-11,4.0,7.0,8.0,9.0,10.0,11.0,12.0,13.0,15.0,15.0,16.0,19.0,24.0,inferred
Calderdale,2021-05-12,5.0,7.0,9.0,10.0,10.0,11.6,13.0,14.0,15.0,16.0,17.0,20.0,24.0,inferred
Calderdale,2021-05-13,4.0,7.0,9.0,9.0,10.0,11.0,12.0,14.0,15.0,16.0,17.0,19.0,23.0,inferred
Calderdale,2021-05-14,4.0,6.0,8.0,9.0,9.0,10.0,12.0,13.0,14.0,15.0,16.0,19.0,23.0,inferred
Calderdale,2021-05-15,3.0,5.0,6.0,7.0,8.0,9.0,10.0,11.0,12.0,13.0,14.0,16.0,20.5,inferred
Calderdale,2021-05-16,4.0,6.0,8.0,8.0,9.0,10.0,11.0,13.0,14.0,15.0,15.0,18.0,22.0,inferred
Calderdale,2021-05-17,6.0,9.0,11.0,12.0,12.0,14.0,15.0,17.0,18.0,19.0,20.0,23.0,29.0,inferred
Calderdale,2021-05-18,6.0,8.0,10.0,11.0,12.0,13.0,15.0,16.0,17.0,18.0,19.0,22.0,26.0,inferred
Calderdale,2021-05-19,7.0,9.0,11.0,12.0,12.0,14.0,15.0,17.0,18.0,19.0,21.0,23.0,28.0,inferred
Calderdale,2021-05-20,6.0,8.0,10.0,11.0,12.0,13.0,14.0,16.0,17.0,18.0,19.0,22.0,27.0,inferred
Calderdale,2021-05-21,5.0,8.0,9.0,10.0,11.0,12.0,13.0,15.0,16.0,17.0,18.0,21.0,25.0,inferred
Calderdale,2021-05-22,4.0,6.0,7.8,8.0,9.0,10.0,11.0,12.0,13.0,14.0,15.0,17.0,21.0,inferred
Calderdale,2021-05-23,5.0,7.0,8.0,9.0,10.0,11.0,12.0,13.0,15.0,16.0,16.2,19.0,24.0,inferred
Calderdale,2021-05-24,7.0,10.0,12.0,13.0,14.0,15.0,16.0,17.0,19.0,20.0,21.0,24.0,29.0,inferred
Calderdale,2021-05-25,6.5,9.0,12.0,12.0,13.0,14.0,16.0,18.0,19.0,20.0,21.0,24.0,29.0,inferred
Calderdale,2021-05-26,7.0,10.0,12.0,13.0,14.0,16.0,17.0,18.0,20.0,21.0,22.0,25.0,30.0,inferred
Calderdale,2021-05-27,7.0,10.0,12.0,13.0,14.0,15.0,17.0,18.0,20.0,21.0,22.0,25.0,29.0,inferred
Calderdale,2021-05-28,7.0,10.0,11.0,12.0,13.0,15.0,16.0,17.0,19.0,20.0,21.0,24.0,29.0,inferred
Calderdale,2021-05-29,5.5,8.0,10.0,10.0,11.0,12.0,13.0,15.0,16.0,17.0,18.0,21.0,25.0,inferred
Calderdale,2021-05-30,6.0,9.0,11.0,12.0,12.0,14.0,15.0,17.0,18.0,19.0,20.0,23.0,28.0,inferred
Calderdale,2021-05-31,10.0,13.0,15.0,16.0,17.0,19.0,21.0,22.0,24.0,25.0,26.0,30.0,34.0,inferred
Calderdale,2021-06-01,10.0,13.0,16.0,17.0,18.0,19.0,21.0,22.4,24.0,25.0,26.0,30.0,36.0,inferred
Calderdale,2021-06-02,13.0,15.0,18.0,19.0,20.0,22.0,24.0,25.0,27.3,29.0,30.0,33.0,39.0,inferred
Calderdale,2021-06-03,13.0,17.0,19.0,20.0,21.0,23.0,25.0,27.0,28.0,30.0,31.0,34.0,40.0,inferred
Calderdale,2021-06-04,13.0,17.0,19.0,20.0,22.0,23.0,25.0,27.0,29.0,30.0,31.0,34.0,40.0,inferred
Calderdale,2021-06-05,12.0,15.0,18.0,18.0,19.0,21.0,23.0,24.0,26.0,27.0,29.0,32.0,37.0,inferred
Calderdale,2021-06-06,15.0,19.0,22.0,23.0,24.0,26.0,27.0,29.0,31.0,33.0,34.0,38.0,44.0,inferred
Calderdale,2021-06-07,22.5,28.0,32.0,33.0,34.0,36.0,38.0,41.0,43.0,45.0,46.0,50.0,57.5,inferred
Calderdale,2021-06-08,23.0,28.0,32.0,33.0,34.0,37.0,39.0,41.0,43.0,45.0,47.0,51.0,58.0,inferred
Calderdale,2021-06-09,26.0,31.0,34.0,36.0,37.0,39.0,42.0,44.0,47.0,48.0,49.0,54.0,62.0,inferred
Calderdale,2021-06-10,25.0,30.0,33.0,35.0,36.0,38.0,40.0,43.0,45.0,47.0,49.0,53.0,59.5,inferred
Calderdale,2021-06-11,23.5,28.0,31.0,33.0,34.0,37.0,39.0,41.0,44.0,45.0,47.0,51.0,57.5,inferred
Calderdale,2021-06-12,19.0,24.0,27.0,28.0,29.0,32.0,33.0,35.0,38.0,39.0,40.0,44.0,50.0,inferred
Calderdale,2021-06-13,23.5,28.0,32.0,33.0,34.0,36.0,39.0,41.0,44.0,45.0,46.0,51.0,58.0,inferred
Calderdale,2021-06-14,34.0,40.0,44.0,45.0,46.0,49.0,52.0,54.0,57.0,59.0,61.0,66.0,74.0,inferred
Calderdale,2021-06-15,35.0,40.0,44.8,46.0,48.0,51.0,53.0,56.0,59.0,60.0,62.0,67.0,74.0,inferred
Calderdale,2021-06-16,40.0,46.0,51.0,53.0,54.0,57.0,60.0,63.0,66.0,68.0,70.0,75.0,83.0,inferred
Calderdale,2021-06-17,41.0,48.0,52.0,54.0,55.0,58.0,61.0,63.4,67.0,69.0,71.0,77.0,85.0,inferred
Calderdale,2021-06-18,39.0,46.0,51.0,53.0,55.0,58.0,61.0,64.0,68.0,69.0,71.0,77.0,87.0,inferred
Cambridge,2021-03-06,1.0,2.0,3.0,3.0,3.0,4.0,5.0,5.0,6.0,6.0,7.0,8.0,10.0,inferred
Cambridge,2021-03-07,1.0,3.0,4.0,4.0,4.0,5.0,6.0,6.0,7.0,7.0,8.0,9.0,12.0,inferred
Cambridge,2021-03-08,2.0,4.0,5.0,5.0,6.0,7.0,7.0,8.0,9.0,9.0,10.0,11.0,13.0,inferred
Cambridge,2021-03-09,2.0,4.0,5.0,5.0,6.0,6.0,7.0,8.0,8.0,9.0,9.0,11.0,13.0,inferred
Cambridge,2021-03-10,3.0,4.0,5.0,6.0,6.0,7.0,7.0,8.0,9.0,9.0,10.0,11.0,14.0,inferred
Cambridge,2021-03-11,2.0,3.0,4.0,5.0,5.0,6.0,7.0,7.0,8.0,8.0,9.0,11.0,13.0,inferred
Cambridge,2021-03-12,1.0,3.0,4.0,4.0,4.0,5.0,6.0,6.0,7.0,8.0,8.0,9.0,12.0,inferred
Cambridge,2021-03-13,1.0,2.0,3.0,3.0,3.0,4.0,5.0,5.0,6.0,6.0,7.0,8.0,10.0,inferred
Cambridge,2021-03-14,1.0,2.0,3.0,4.0,4.0,5.0,5.0,6.0,7.0,7.0,8.0,9.0,12.0,inferred
Cambridge,2021-03-15,2.0,3.0,4.0,5.0,5.0,6.0,7.0,7.0,8.0,9.0,9.0,10.0,13.0,inferred
Cambridge,2021-03-16,2.0,3.0,4.0,5.0,5.0,6.0,6.0,7.0,8.0,8.0,9.0,10.0,13.0,inferred
Cambridge,2021-03-17,2.0,3.0,4.0,5.0,5.0,6.0,7.0,7.0,8.0,9.0,9.0,11.0,13.0,inferred
Cambridge,2021-03-18,2.0,3.0,4.0,4.0,5.0,5.0,6.0,7.0,8.0,8.0,9.0,10.0,13.0,inferred
Cambridge,2021-03-19,1.0,3.0,4.0,4.0,4.0,5.0,6.0,6.0,7.0,7.0,8.0,9.0,11.0,inferred
Cambridge,2021-03-20,1.0,2.0,3.0,3.0,4.0,4.0,5.0,5.0,6.0,6.0,7.0,8.0,10.0,inferred
Cambridge,2021-03-21,1.0,2.0,3.0,4.0,4.0,5.0,5.0,6.0,7.0,7.0,7.2,9.0,11.0,inferred
Cambridge,2021-03-22,2.0,3.0,4.0,5.0,5.0,6.0,7.0,7.0,8.0,9.0,9.0,10.0,13.0,inferred
Cambridge,2021-03-23,2.0,3.0,4.0,4.0,5.0,5.0,6.0,7.0,8.0,8.0,9.0,10.0,12.0,inferred
Cambridge,2021-03-24,2.0,3.0,4.0,5.0,5.0,6.0,6.0,7.0,8.0,8.0,9.0,10.0,12.0,inferred
Cambridge,2021-03-25,1.0,3.0,4.0,4.0,4.0,5.0,6.0,7.0,7.0,8.0,8.0,10.0,12.0,inferred
Cambridge,2021-03-26,1.0,2.0,3.0,3.0,4.0,4.0,5.0,6.0,6.0,7.0,7.0,9.0,11.0,inferred
Cambridge,2021-03-27,1.0,2.0,2.0,3.0,3.0,3.0,4.0,4.0,5.0,6.0,6.0,7.0,9.0,inferred
Cambridge,2021-03-28,1.0,2.0,3.0,3.0,3.0,4.0,4.0,5.0,6.0,6.0,6.0,8.0,10.0,inferred
Cambridge,2021-03-29,1.0,2.0,3.0,4.0,4.0,5.0,5.0,6.0,7.0,7.0,7.2,9.0,11.0,inferred
Cambridge,2021-03-30,1.0,2.0,3.0,3.0,4.0,4.0,5.0,6.0,6.0,7.0,7.0,8.0,11.0,inferred
Cambridge,2021-03-31,1.0,2.0,3.0,4.0,4.0,5.0,5.0,6.0,7.0,7.0,7.0,9.0,11.0,inferred
Cambridge,2021-04-01,1.0,2.0,3.0,3.0,4.0,4.0,5.0,5.0,6.0,6.0,7.0,8.0,10.0,inferred
Cambridge,2021-04-02,1.0,2.0,2.0,3.0,3.0,4.0,4.0,5.0,5.0,6.0,6.0,8.0,9.5,inferred
Cambridge,2021-04-03,0.0,1.0,2.0,2.0,2.0,3.0,3.0,4.0,4.0,5.0,5.0,6.0,8.0,inferred
Cambridge,2021-04-04,1.0,1.0,2.0,3.0,3.0,3.0,4.0,5.0,5.0,5.0,6.0,7.0,9.0,inferred
Cambridge,2021-04-05,1.0,2.0,3.0,3.0,4.0,4.0,5.0,6.0,7.0,7.0,8.0,9.0,11.0,inferred
Cambridge,2021-04-06,1.0,2.0,3.0,4.0,4.0,5.0,5.0,6.0,7.0,7.0,8.0,9.0,11.0,inferred
Cambridge,2021-04-07,1.0,3.0,4.0,4.0,5.0,5.0,6.0,7.0,7.0,8.0,8.0,10.0,12.0,inferred
Cambridge,2021-04-08,2.0,3.0,4.0,4.0,5.0,5.0,6.0,7.0,8.0,8.0,9.0,10.0,12.0,inferred
Cambridge,2021-04-09,1.0,3.0,4.0,4.0,4.0,5.0,6.0,6.0,7.0,8.0,8.0,10.0,12.0,inferred
Cambridge,2021-04-10,1.0,2.0,3.0,4.0,4.0,4.0,5.0,6.0,7.0,7.0,7.0,9.0,11.0,inferred
Cambridge,2021-04-11,2.0,3.0,4.0,4.0,5.0,6.0,6.0,7.0,8.0,8.0,9.0,10.0,12.0,inferred
Cambridge,2021-04-12,3.0,4.0,5.0,6.0,6.0,7.0,8.0,9.0,10.0,10.0,11.0,12.0,15.0,inferred
Cambridge,2021-04-13,3.0,4.0,5.0,6.0,6.0,7.0,8.0,8.0,9.0,10.0,10.0,12.0,14.0,inferred
Cambridge,2021-04-14,3.0,5.0,6.0,6.0,7.0,7.0,8.0,9.0,10.0,11.0,11.0,13.0,15.5,inferred
Cambridge,2021-04-15,3.0,4.0,5.0,6.0,6.0,7.0,8.0,9.0,9.0,10.0,11.0,12.0,15.0,inferred
Cambridge,2021-04-16,2.0,4.0,5.0,5.0,6.0,7.0,7.0,8.0,9.0,9.0,10.0,11.1,14.0,inferred
Cambridge,2021-04-17,2.0,3.0,4.0,4.0,5.0,5.0,6.0,7.0,8.0,8.0,9.0,10.0,12.0,inferred
Cambridge,2021-04-18,2.0,4.0,5.0,5.0,6.0,6.0,7.0,8.0,9.0,9.0,10.0,11.0,14.0,inferred
Cambridge,2021-04-19,4.0,5.0,7.0,7.0,7.0,8.0,9.0,10.0,11.0,11.0,12.0,14.0,17.0,inferred
Cambridge,2021-04-20,3.0,5.0,6.0,6.0,7.0,8.0,9.0,9.0,11.0,11.0,12.0,14.0,16.0,inferred
Cambridge,2021-04-21,3.0,5.0,6.0,7.0,7.0,8.0,9.0,10.0,11.0,11.0,12.0,14.0,16.0,inferred
Cambridge,2021-04-22,3.0,4.0,5.0,6.0,6.0,7.0,8.0,9.0,10.0,10.0,11.0,12.0,15.0,inferred
Cambridge,2021-04-23,2.0,4.0,5.0,5.0,5.0,6.0,7.0,7.0,8.0,9.0,9.0,11.0,13.0,inferred
Cambridge,2021-04-24,1.0,2.0,3.0,4.0,4.0,5.0,5.0,6.0,7.0,7.0,7.0,9.0,11.0,inferred
Cambridge,2021-04-25,1.0,3.0,4.0,4.0,4.0,5.0,6.0,6.0,7.0,8.0,8.0,9.0,11.0,inferred
Cambridge,2021-04-26,2.0,3.0,4.0,5.0,5.0,6.0,7.0,7.0,8.0,9.0,9.0,11.0,13.0,inferred
Cambridge,2021-04-27,2.0,3.0,4.0,4.0,5.0,5.0,6.0,7.0,8.0,8.0,9.0,10.0,12.0,inferred
Cambridge,2021-04-28,1.0,3.0,4.0,4.0,5.0,5.0,6.0,7.0,7.0,8.0,8.0,10.0,12.0,inferred
Cambridge,2021-04-29,1.0,2.0,3.0,3.0,4.0,4.0,5.0,6.0,7.0,7.0,7.0,9.0,11.0,inferred
Cambridge,2021-04-30,1.0,2.0,2.0,3.0,3.0,4.0,4.0,5.0,6.0,6.0,7.0,8.0,10.0,inferred
Cambridge,2021-05-01,0.0,1.0,2.0,2.0,2.0,3.0,3.0,4.0,4.0,5.0,5.0,6.0,8.0,inferred
Cambridge,2021-05-02,0.0,1.0,2.0,2.0,3.0,3.0,4.0,4.0,5.0,5.0,6.0,7.0,9.0,inferred
Cambridge,2021-05-03,1.0,2.0,2.0,3.0,3.0,4.0,4.0,5.0,5.0,6.0,6.0,7.0,10.0,inferred
Cambridge,2021-05-04,0.0,1.0,2.0,2.0,3.0,3.0,4.0,4.0,5.0,5.0,6.0,7.0,9.0,inferred
Cambridge,2021-05-05,0.0,1.0,2.0,2.0,3.0,3.0,4.0,4.0,5.0,5.0,6.0,7.0,9.0,inferred
Cambridge,2021-05-06,0.0,1.0,2.0,2.0,2.0,3.0,3.0,4.0,4.0,5.0,5.0,6.0,8.0,inferred
Cambridge,2021-05-07,0.0,1.0,1.0,2.0,2.0,2.0,3.0,3.0,4.0,4.0,5.0,6.0,7.0,inferred
Cambridge,2021-05-08,0.0,0.0,1.0,1.0,1.0,2.0,2.0,3.0,3.0,3.0,4.0,5.0,6.0,inferred
Cambridge,2021-05-09,0.0,1.0,1.0,1.0,2.0,2.0,2.0,3.0,3.0,4.0,4.0,5.0,7.0,inferred
Cambridge,2021-05-10,0.0,1.0,1.0,2.0,2.0,3.0,3.0,4.0,4.0,4.0,5.0,6.0,8.0,inferred
Cambridge,2021-05-11,0.0,1.0,1.0,2.0,2.0,2.0,3.0,3.0,4.0,4.0,5.0,6.0,7.0,inferred
Cambridge,2021-05-12,0.0,1.0,1.0,2.0,2.0,2.0,3.0,3.0,4.0,4.0,5.0,6.0,7.0,inferred
Cambridge,2021-05-13,0.0,1.0,1.0,1.0,2.0,2.0,2.5,3.0,3.0,4.0,4.0,5.0,6.5,inferred
Cambridge,2021-05-14,0.0,0.0,1.0,1.0,1.0,2.0,2.0,3.0,3.0,3.0,4.0,5.0,6.0,inferred
Cambridge,2021-05-15,0.0,0.0,1.0,1.0,1.0,1.0,2.0,2.0,2.0,3.0,3.0,4.0,5.0,inferred
Cambridge,2021-05-16,0.0,0.0,1.0,1.0,1.0,1.0,2.0,2.0,3.0,3.0,3.0,4.0,5.0,inferred
Cambridge,2021-05-17,0.0,0.0,1.0,1.0,1.0,2.0,2.0,3.0,3.0,4.0,4.0,5.0,6.0,inferred
Cambridge,2021-05-18,0.0,0.0,1.0,1.0,1.0,2.0,2.0,2.0,3.0,3.0,3.0,4.0,6.0,inferred
Cambridge,2021-05-19,0.0,0.0,1.0,1.0,1.0,2.0,2.0,2.0,3.0,3.0,4.0,5.0,6.0,inferred
Cambridge,2021-05-20,0.0,0.0,1.0,1.0,1.0,2.0,2.0,2.0,3.0,3.0,3.0,4.0,6.0,inferred
Cambridge,2021-05-21,0.0,0.0,1.0,1.0,1.0,1.0,2.0,2.0,3.0,3.0,3.0,4.0,5.0,inferred
Cambridge,2021-05-22,0.0,0.0,0.0,1.0,1.0,1.0,1.0,2.0,2.0,2.0,3.0,3.0,5.0,inferred
Cambridge,2021-05-23,0.0,0.0,1.0,1.0,1.0,1.0,2.0,2.0,2.0,3.0,3.0,4.0,5.0,inferred
Cambridge,2021-05-24,0.0,0.0,1.0,1.0,1.0,2.0,2.0,2.0,3.0,3.0,4.0,5.0,6.0,inferred
Cambridge,2021-05-25,0.0,0.0,1.0,1.0,1.0,2.0,2.0,3.0,3.0,3.0,4.0,5.0,6.0,inferred
Cambridge,2021-05-26,0.0,1.0,1.0,1.0,2.0,2.0,2.0,3.0,3.0,4.0,4.0,5.0,7.0,inferred
Cambridge,2021-05-27,0.0,1.0,1.0,1.0,2.0,2.0,3.0,3.0,3.0,4.0,4.0,5.0,7.0,inferred
Cambridge,2021-05-28,0.0,1.0,1.0,1.0,1.0,2.0,2.0,3.0,3.0,4.0,4.0,5.0,6.0,inferred
Cambridge,2021-05-29,0.0,0.0,1.0,1.0,1.0,1.0,2.0,2.0,3.0,3.0,3.0,4.0,6.0,inferred
Cambridge,2021-05-30,0.0,0.0,1.0,1.0,1.0,2.0,2.0,3.0,3.0,4.0,4.0,5.0,6.0,inferred
Cambridge,2021-05-31,0.0,1.0,1.0,2.0,2.0,2.0,3.0,4.0,4.0,4.0,5.0,6.0,8.0,inferred
Cambridge,2021-06-01,0.0,1.0,2.0,2.0,2.0,3.0,3.0,4.0,4.0,5.0,5.0,6.0,8.0,inferred
Cambridge,2021-06-02,0.0,1.0,2.0,2.0,3.0,3.0,4.0,4.0,5.0,5.0,6.0,7.0,9.0,inferred
Cambridge,2021-06-03,1.0,1.0,2.0,2.0,3.0,3.0,4.0,4.0,5.0,5.0,6.0,7.0,9.0,inferred
Cambridge,2021-06-04,1.0,1.0,2.0,2.0,3.0,3.0,4.0,4.0,5.0,5.0,6.0,7.0,9.0,inferred
Cambridge,2021-06-05,0.0,1.0,2.0,2.0,2.0,3.0,3.0,4.0,4.0,5.0,5.0,6.0,8.0,inferred
Cambridge,2021-06-06,1.0,2.0,3.0,3.0,3.0,4.0,4.0,5.0,5.0,6.0,6.0,7.0,9.0,inferred
Cambridge,2021-06-07,1.0,3.0,4.0,4.0,4.0,5.0,6.0,6.0,7.0,8.0,8.0,9.0,11.0,inferred
Cambridge,2021-06-08,2.0,3.0,4.0,4.0,5.0,5.0,6.0,7.0,8.0,8.0,9.0,10.0,12.0,inferred
Cambridge,2021-06-09,2.0,4.0,5.0,5.0,6.0,6.0,7.0,8.0,9.0,9.0,10.0,11.0,14.0,inferred
Cambridge,2021-06-10,2.0,4.0,5.0,5.0,6.0,6.0,7.0,8.0,9.0,9.0,10.0,12.0,14.0,inferred
Cambridge,2021-06-11,2.0,4.0,5.0,5.0,6.0,6.0,7.0,8.0,9.0,9.0,10.0,11.0,14.0,inferred
Cambridge,2021-06-12,2.0,3.0,4.0,5.0,5.0,6.0,7.0,7.0,8.0,9.0,9.0,11.0,14.0,inferred
Cambridge,2021-06-13,3.0,5.0,6.0,6.0,7.0,8.0,9.0,9.0,10.0,11.0,12.0,13.0,16.0,inferred
Cambridge,2021-06-14,5.0,8.0,9.0,10.0,10.0,11.0,12.0,13.0,14.0,15.0,16.0,18.0,21.0,inferred
Cambridge,2021-06-15,6.0,8.0,10.0,10.0,11.0,12.0,13.0,14.0,15.0,16.0,17.0,19.0,22.0,inferred
Cambridge,2021-06-16,7.0,10.0,12.0,13.0,14.0,15.0,16.0,17.0,19.0,19.0,20.0,22.0,26.0,inferred
Cambridge,2021-06-17,8.0,10.0,12.8,13.0,14.0,15.0,16.0,17.0,19.0,19.0,20.0,23.0,26.5,inferred
Cambridge,2021-06-18,8.0,10.0,12.0,13.0,14.0,15.0,16.0,17.0,19.0,20.0,21.0,23.0,27.0,inferred
Camden,2021-03-06,3.0,5.0,6.0,7.0,7.0,8.0,9.0,9.0,10.0,11.0,11.0,13.0,15.0,inferred
Camden,2021-03-07,4.0,6.0,7.0,7.0,8.0,9.0,10.0,11.0,11.0,12.0,13.0,14.0,17.0,inferred
Camden,2021-03-08,6.0,8.0,9.0,10.0,10.0,11.0,12.0,13.0,15.0,15.0,16.0,17.0,20.0,inferred
Camden,2021-03-09,6.0,8.0,9.0,9.0,10.0,11.0,12.0,13.0,14.0,14.0,15.0,17.0,20.0,inferred
Camden,2021-03-10,5.0,7.0,9.0,9.0,10.0,11.0,12.0,13.0,14.0,14.0,15.0,17.0,20.0,inferred
Camden,2021-03-11,5.0,7.0,8.0,8.0,9.0,10.0,11.0,12.0,13.0,13.0,14.0,15.0,19.0,inferred
Camden,2021-03-12,3.0,5.0,7.0,7.0,7.0,8.0,9.0,10.0,11.0,11.0,12.0,14.0,17.0,inferred
Camden,2021-03-13,2.0,4.0,5.0,5.0,5.0,6.0,7.0,8.0,9.0,9.0,10.0,11.0,14.0,inferred
Camden,2021-03-14,2.0,4.0,6.0,6.0,6.0,7.0,8.0,9.0,10.0,10.0,11.0,12.0,15.0,inferred
Camden,2021-03-15,4.0,6.0,7.0,8.0,8.0,9.0,10.0,11.0,12.0,12.0,13.0,15.0,18.0,inferred
Camden,2021-03-16,4.0,6.0,7.0,8.0,8.0,9.0,10.0,11.0,12.0,12.0,13.0,15.0,18.0,inferred
Camden,2021-03-17,4.0,6.0,7.0,7.0,8.0,9.0,10.0,11.0,12.0,12.0,13.0,14.0,17.0,inferred
Camden,2021-03-18,3.0,5.0,6.0,7.0,7.0,8.0,9.0,10.0,11.0,11.0,12.0,14.0,16.0,inferred
Camden,2021-03-19,3.0,4.0,6.0,6.0,6.7,7.0,8.0,9.0,10.0,10.0,11.0,13.0,16.0,inferred
Camden,2021-03-20,2.0,3.0,5.0,5.0,5.0,6.0,7.0,8.0,8.0,9.0,9.0,11.0,13.0,inferred
Camden,2021-03-21,3.0,4.0,5.0,6.0,6.0,7.0,8.0,8.0,9.0,10.0,10.0,12.0,14.5,inferred
Camden,2021-03-22,4.0,6.0,7.0,8.0,8.0,9.0,10.0,11.0,12.0,12.0,13.0,15.0,18.0,inferred
Camden,2021-03-23,4.0,5.0,7.0,7.0,8.0,9.0,9.0,10.0,11.0,12.0,13.0,14.0,17.0,inferred
Camden,2021-03-24,3.0,5.0,7.0,7.0,8.0,8.0,9.0,10.0,11.0,12.0,12.0,14.0,17.0,inferred
Camden,2021-03-25,3.0,5.0,6.0,6.0,7.0,8.0,8.0,9.0,10.0,11.0,11.0,13.0,15.0,inferred
Camden,2021-03-26,2.0,4.0,5.0,5.0,6.0,6.0,7.0,8.0,9.0,9.0,10.0,11.0,14.0,inferred
Camden,2021-03-27,1.0,3.0,3.0,4.0,4.0,5.0,6.0,6.0,7.0,7.0,8.0,9.0,11.0,inferred
Camden,2021-03-28,2.0,3.0,4.0,4.0,5.0,5.0,6.0,7.0,7.0,8.0,8.0,10.0,12.0,inferred
Camden,2021-03-29,2.0,4.0,5.0,5.0,6.0,7.0,7.0,8.0,9.0,10.0,10.0,12.0,14.0,inferred
Camden,2021-03-30,2.0,4.0,4.0,5.0,5.0,6.0,7.0,8.0,9.0,9.0,10.0,11.0,14.0,inferred
Camden,2021-03-31,2.0,4.0,5.0,5.0,6.0,6.0,7.0,8.0,8.0,9.0,9.0,11.0,13.0,inferred
Camden,2021-04-01,2.0,3.0,4.0,5.0,5.0,6.0,6.0,7.0,8.0,8.0,9.0,10.0,13.0,inferred
Camden,2021-04-02,1.0,2.0,3.0,4.0,4.0,5.0,6.0,6.0,7.0,7.0,8.0,9.0,11.0,inferred
Camden,2021-04-03,1.0,2.0,3.0,3.0,3.0,4.0,4.0,5.0,6.0,6.0,6.0,8.0,9.0,inferred
Camden,2021-04-04,1.0,2.0,3.0,3.0,4.0,4.0,5.0,6.0,6.0,7.0,7.0,8.0,11.0,inferred
Camden,2021-04-05,2.0,3.0,4.0,4.0,5.0,5.0,6.0,7.0,8.0,8.0,9.0,10.0,13.0,inferred
Camden,2021-04-06,2.0,3.0,4.0,4.0,5.0,5.0,6.0,7.0,8.0,8.0,9.0,10.0,12.0,inferred
Camden,2021-04-07,2.0,3.0,4.0,5.0,5.0,6.0,7.0,7.0,8.0,9.0,9.0,11.0,13.0,inferred
Camden,2021-04-08,2.0,3.0,4.0,4.0,5.0,6.0,6.0,7.0,8.0,8.0,8.0,10.0,13.0,inferred
Camden,2021-04-09,1.0,3.0,4.0,4.0,5.0,5.0,6.0,6.0,7.0,7.0,8.0,9.0,11.0,inferred
Camden,2021-04-10,1.0,2.0,3.0,3.0,4.0,4.0,5.0,5.0,6.0,7.0,7.0,8.0,10.0,inferred
Camden,2021-04-11,1.0,3.0,3.0,4.0,4.0,5.0,6.0,6.0,7.0,7.0,8.0,9.0,12.0,inferred
Camden,2021-04-12,2.0,4.0,5.0,5.0,6.0,6.0,7.0,8.0,9.0,9.0,10.0,11.0,14.0,inferred
Camden,2021-04-13,2.0,4.0,5.0,5.0,6.0,7.0,7.0,8.0,9.0,9.0,10.0,11.0,14.0,inferred
Camden,2021-04-14,2.0,4.0,5.0,5.0,6.0,7.0,7.0,8.0,9.0,9.0,10.0,12.0,14.0,inferred
Camden,2021-04-15,2.0,4.0,5.0,5.0,5.0,6.0,7.0,8.0,8.0,9.0,10.0,11.0,13.0,inferred
Camden,2021-04-16,2.0,3.0,4.0,5.0,5.0,6.0,6.0,7.0,8.0,9.0,9.0,10.0,13.0,inferred
Camden,2021-04-17,1.0,3.0,3.0,4.0,4.0,5.0,5.0,6.0,7.0,7.0,8.0,9.0,11.0,inferred
Camden,2021-04-18,2.0,3.0,4.0,5.0,5.0,6.0,6.0,7.0,8.0,8.0,9.0,10.0,12.5,inferred
Camden,2021-04-19,3.0,4.0,6.0,6.0,7.0,8.0,8.0,9.0,10.0,11.0,11.0,13.0,16.0,inferred
Camden,2021-04-20,3.0,4.0,6.0,6.0,7.0,7.0,8.0,9.0,10.0,10.0,11.0,13.0,16.0,inferred
Camden,2021-04-21,3.0,5.0,6.0,6.0,7.0,8.0,8.0,9.0,10.0,11.0,11.0,13.0,15.0,inferred
Camden,2021-04-22,2.0,4.0,5.0,6.0,6.0,7.0,7.0,8.0,9.0,10.0,10.0,11.0,14.0,inferred
Camden,2021-04-23,2.0,3.0,4.0,5.0,5.0,6.0,6.0,7.0,8.0,8.0,9.0,10.0,13.0,inferred
Camden,2021-04-24,1.0,2.0,3.0,3.0,4.0,4.0,5.0,6.0,6.0,7.0,7.0,9.0,10.0,inferred
Camden,2021-04-25,1.0,2.0,3.0,4.0,4.0,5.0,5.0,6.0,7.0,7.0,7.0,9.0,11.0,inferred
Camden,2021-04-26,2.0,3.0,4.0,5.0,5.0,6.0,6.0,7.0,8.0,9.0,9.0,10.0,13.0,inferred
Camden,2021-04-27,2.0,3.0,4.0,5.0,5.0,6.0,6.0,7.0,8.0,8.0,9.0,10.0,13.0,inferred
Camden,2021-04-28,2.0,3.0,4.0,4.0,5.0,6.0,6.0,7.0,8.0,8.0,9.0,10.0,12.0,inferred
Camden,2021-04-29,1.0,3.0,4.0,4.0,4.0,5.0,6.0,6.0,7.0,8.0,8.0,9.0,12.0,inferred
Camden,2021-04-30,1.0,2.0,3.0,3.0,4.0,4.0,5.0,6.0,6.0,7.0,7.0,8.0,10.0,inferred
Camden,2021-05-01,1.0,2.0,2.0,3.0,3.0,3.0,4.0,5.0,5.0,6.0,6.0,7.0,9.0,inferred
Camden,2021-05-02,1.0,2.0,3.0,3.0,3.0,4.0,4.0,5.0,6.0,6.0,6.0,8.0,10.0,inferred
Camden,2021-05-03,2.0,3.0,4.0,4.0,4.0,5.0,6.0,6.0,7.0,7.0,8.0,9.0,12.0,inferred
Camden,2021-05-04,1.0,3.0,4.0,4.0,4.0,5.0,6.0,6.0,7.0,7.0,8.0,9.0,11.0,inferred
Camden,2021-05-05,1.0,3.0,3.0,4.0,4.0,5.0,6.0,6.0,7.0,7.0,8.0,9.0,12.0,inferred
Camden,2021-05-06,1.0,2.0,3.0,3.0,4.0,4.6,5.0,6.0,7.0,7.0,7.0,9.0,11.0,inferred
Camden,2021-05-07,1.0,2.0,3.0,3.0,3.0,4.0,4.0,5.0,6.0,6.0,7.0,8.0,10.0,inferred
Camden,2021-05-08,0.0,1.0,2.0,2.0,3.0,3.0,4.0,4.0,5.0,5.0,5.0,7.0,9.0,inferred
Camden,2021-05-09,1.0,1.0,2.0,2.0,3.0,3.0,4.0,4.0,5.0,5.0,6.0,7.0,9.0,inferred
Camden,2021-05-10,1.0,2.0,3.0,3.0,3.0,4.0,5.0,5.0,6.0,6.0,7.0,8.0,10.0,inferred
Camden,2021-05-11,1.0,2.0,3.0,3.0,3.0,4.0,4.0,5.0,6.0,6.0,6.0,8.0,10.0,inferred
Camden,2021-05-12,1.0,2.0,3.0,3.0,3.0,4.0,4.0,5.0,6.0,6.0,6.0,8.0,10.0,inferred
Camden,2021-05-13,1.0,1.0,2.0,2.0,3.0,3.0,4.0,4.0,5.0,6.0,6.0,7.0,9.0,inferred
Camden,2021-05-14,0.0,1.0,2.0,2.0,2.0,3.0,3.0,4.0,4.0,5.0,5.0,6.0,8.0,inferred
Camden,2021-05-15,0.0,1.0,1.0,2.0,2.0,2.0,3.0,3.0,4.0,4.0,4.0,5.0,7.0,inferred
Camden,2021-05-16,0.0,1.0,2.0,2.0,2.0,2.6,3.0,3.0,4.0,4.0,5.0,6.0,8.0,inferred
Camden,2021-05-17,1.0,1.0,2.0,2.0,3.0,3.0,4.0,4.0,5.0,5.0,6.0,7.0,9.0,inferred
Camden,2021-05-18,1.0,1.0,2.0,2.0,3.0,3.0,4.0,4.0,5.0,5.0,6.0,7.0,9.0,inferred
Camden,2021-05-19,1.0,2.0,2.0,3.0,3.0,3.0,4.0,5.0,5.0,6.0,6.0,7.0,9.0,inferred
Camden,2021-05-20,1.0,1.9,2.0,2.0,3.0,3.0,4.0,4.0,5.0,5.0,6.0,7.0,9.0,inferred
Camden,2021-05-21,0.0,1.0,2.0,2.0,3.0,3.0,4.0,4.0,5.0,5.0,6.0,7.0,9.0,inferred
Camden,2021-05-22,0.0,1.0,2.0,2.0,2.0,3.0,3.0,4.0,4.0,5.0,5.0,6.0,8.0,inferred
Camden,2021-05-23,1.0,2.0,2.0,3.0,3.0,3.0,4.0,5.0,5.0,6.0,6.0,7.0,9.0,inferred
Camden,2021-05-24,1.0,3.0,4.0,4.0,4.0,5.0,6.0,6.0,7.0,8.0,8.0,10.0,12.0,inferred
Camden,2021-05-25,2.0,3.0,4.0,4.0,5.0,6.0,6.0,7.0,8.0,8.0,9.0,10.0,13.0,inferred
Camden,2021-05-26,2.0,4.0,5.0,6.0,6.0,7.0,8.0,8.0,9.0,10.0,10.0,12.0,15.0,inferred
Camden,2021-05-27,3.0,4.9,6.0,6.0,7.0,7.0,8.0,9.0,10.0,10.0,11.0,13.0,16.0,inferred
Camden,2021-05-28,3.0,5.0,6.0,7.0,7.0,8.0,9.0,9.0,10.0,11.0,11.0,13.0,16.0,inferred
Camden,2021-05-29,3.0,4.0,6.0,6.0,7.0,7.0,8.0,9.0,10.0,11.0,11.0,13.0,15.0,inferred
Camden,2021-05-30,5.0,7.0,8.0,9.0,9.0,10.0,11.0,12.0,13.0,14.0,14.0,16.0,19.0,inferred
Camden,2021-05-31,8.0,11.0,12.0,13.0,14.0,15.0,16.0,17.0,18.0,19.0,20.0,22.0,26.0,inferred
Camden,2021-06-01,10.0,12.0,14.0,15.0,15.0,17.0,18.0,19.0,21.0,21.0,22.0,24.1,28.0,inferred
Camden,2021-06-02,12.0,15.0,17.0,17.0,18.0,19.0,21.0,22.0,23.0,24.0,25.0,27.0,31.0,inferred
Camden,2021-06-03,12.5,15.0,17.0,18.0,19.0,20.0,21.0,23.0,24.0,25.0,26.0,29.0,32.0,inferred
Camden,2021-06-04,12.0,15.0,17.0,18.0,18.0,20.0,21.0,23.0,24.0,25.0,26.0,28.0,33.0,inferred
Camden,2021-06-05,11.0,14.0,15.0,16.0,17.0,18.0,19.5,21.0,22.0,23.0,24.0,26.0,30.0,inferred
Camden,2021-06-06,15.0,18.0,20.0,21.0,22.0,23.0,25.0,26.0,28.0,29.0,30.0,32.0,36.0,inferred
Camden,2021-06-07,23.0,26.0,29.0,30.0,31.0,33.0,35.0,36.0,38.0,39.0,41.0,44.0,49.0,inferred
Camden,2021-06-08,24.5,28.0,31.0,32.0,33.0,34.0,36.0,38.0,40.0,41.0,42.0,45.0,50.0,inferred
Camden,2021-06-09,26.0,30.0,33.0,34.0,35.0,37.0,38.0,40.0,42.0,43.0,44.2,48.0,53.0,inferred
Camden,2021-06-10,26.0,30.0,32.0,33.0,34.0,36.0,38.0,39.0,41.0,42.0,43.0,46.0,52.0,inferred
Camden,2021-06-11,22.0,26.0,29.0,30.0,31.0,32.0,34.0,35.0,37.0,38.0,40.0,43.0,48.0,inferred
Camden,2021-06-12,18.0,22.0,24.0,26.0,26.0,28.0,29.0,31.0,32.0,33.0,34.0,37.0,41.0,inferred
Camden,2021-06-13,23.0,26.0,29.0,30.0,31.0,32.0,34.0,36.0,38.0,39.0,40.0,43.0,48.0,inferred
Camden,2021-06-14,31.0,37.0,39.0,40.0,41.0,43.0,45.0,47.0,49.0,50.0,51.0,55.0,61.0,inferred
Camden,2021-06-15,32.0,36.9,40.0,41.0,42.0,44.6,46.0,48.0,51.0,52.0,53.0,57.0,62.0,inferred
Camden,2021-06-16,33.0,38.0,41.0,42.0,44.0,46.0,48.0,50.0,52.0,53.0,55.0,58.0,64.0,inferred
Camden,2021-06-17,31.0,36.0,39.0,41.0,42.0,44.0,46.0,48.0,50.0,51.0,53.0,56.0,62.5,inferred
Camden,2021-06-18,27.5,32.0,35.0,36.0,38.0,40.0,42.0,43.0,45.0,47.0,48.0,51.0,58.0,inferred
Cannock Chase,2021-03-06,2.0,3.0,4.0,5.0,5.0,6.0,7.0,7.0,8.0,8.0,9.0,10.0,13.0,inferred
Cannock Chase,2021-03-07,2.0,4.0,5.0,6.0,6.0,7.0,7.0,8.0,9.0,10.0,10.0,12.0,14.0,inferred
Cannock Chase,2021-03-08,4.0,6.0,7.0,7.0,8.0,8.0,9.0,10.0,11.0,12.0,12.0,14.0,17.0,inferred
Cannock Chase,2021-03-09,3.0,5.0,6.0,7.0,7.0,8.0,9.0,9.0,10.0,11.0,11.2,13.0,16.0,inferred
Cannock Chase,2021-03-10,4.0,5.0,7.0,7.0,8.0,9.0,9.0,10.0,11.0,12.0,12.0,14.0,17.0,inferred
Cannock Chase,2021-03-11,3.0,5.0,6.0,6.0,7.0,8.0,8.0,9.0,10.0,11.0,11.0,13.0,16.0,inferred
Cannock Chase,2021-03-12,3.0,4.0,5.0,6.0,6.0,7.0,8.0,9.0,10.0,10.0,11.0,12.0,15.0,inferred
Cannock Chase,2021-03-13,2.0,3.0,4.0,4.0,5.0,6.0,6.0,7.0,8.0,8.0,9.0,10.0,12.0,inferred
Cannock Chase,2021-03-14,2.0,4.0,5.0,5.0,6.0,7.0,8.0,8.0,9.0,10.0,10.0,12.0,14.5,inferred
Cannock Chase,2021-03-15,3.0,5.0,7.0,7.0,8.0,9.0,10.0,11.0,12.0,12.0,13.0,15.0,18.0,inferred
Cannock Chase,2021-03-16,3.0,5.0,7.0,7.0,8.0,8.0,9.0,10.0,11.0,12.0,12.0,14.0,17.0,inferred
Cannock Chase,2021-03-17,3.0,5.0,6.0,7.0,7.0,8.0,9.0,10.0,11.0,12.0,13.0,14.0,17.5,inferred
Cannock Chase,2021-03-18,3.0,5.0,6.0,6.0,7.0,8.0,8.0,9.0,10.0,10.0,11.0,12.0,15.0,inferred
Cannock Chase,2021-03-19,2.0,4.0,5.0,5.0,6.0,7.0,7.0,8.0,9.0,10.0,10.0,12.0,15.0,inferred
Cannock Chase,2021-03-20,1.0,3.0,4.0,4.0,4.0,5.0,6.0,7.0,7.0,8.0,8.0,10.0,12.0,inferred
Cannock Chase,2021-03-21,2.0,3.0,5.0,5.0,5.0,6.0,7.0,8.0,9.0,9.0,9.0,11.0,14.0,inferred
Cannock Chase,2021-03-22,3.0,5.0,6.0,6.0,7.0,8.0,9.0,9.0,10.0,11.0,11.0,13.0,16.0,inferred
Cannock Chase,2021-03-23,2.0,4.0,5.0,6.0,6.0,7.0,8.0,9.0,10.0,10.0,11.0,13.0,15.0,inferred
Cannock Chase,2021-03-24,2.0,4.0,5.0,6.0,6.0,7.0,8.0,9.0,9.0,10.0,10.2,12.0,15.0,inferred
Cannock Chase,2021-03-25,2.0,3.0,4.0,5.0,5.0,6.0,6.0,7.0,8.0,8.0,9.0,11.0,13.0,inferred
Cannock Chase,2021-03-26,1.0,2.0,3.0,3.0,4.0,4.6,5.0,6.0,7.0,7.0,8.0,9.0,11.0,inferred
Cannock Chase,2021-03-27,0.0,1.0,2.0,2.0,3.0,3.0,4.0,4.0,5.0,5.0,6.0,7.0,9.0,inferred
Cannock Chase,2021-03-28,1.0,2.0,2.0,3.0,3.0,3.0,4.0,4.0,5.0,6.0,6.0,7.0,9.0,inferred
Cannock Chase,2021-03-29,1.0,2.0,3.0,3.0,3.0,4.0,4.0,5.0,6.0,6.0,7.0,8.0,10.0,inferred
Cannock Chase,2021-03-30,0.0,1.0,2.0,2.0,3.0,3.0,4.0,4.0,5.0,6.0,6.0,7.0,9.0,inferred
Cannock Chase,2021-03-31,0.0,1.0,2.0,2.0,3.0,3.0,4.0,4.0,5.0,5.0,6.0,7.0,9.0,inferred
Cannock Chase,2021-04-01,0.0,1.0,1.0,2.0,2.0,2.0,3.0,3.0,4.0,4.0,5.0,6.0,8.0,inferred
Cannock Chase,2021-04-02,0.0,0.0,1.0,1.0,1.0,2.0,2.0,3.0,3.0,4.0,4.0,5.0,7.0,inferred
Cannock Chase,2021-04-03,0.0,0.0,1.0,1.0,1.0,1.0,2.0,2.0,2.0,3.0,3.0,4.0,6.0,inferred
Cannock Chase,2021-04-04,0.0,0.0,1.0,1.0,1.0,1.0,2.0,2.0,3.0,3.0,3.0,4.0,6.0,inferred
Cannock Chase,2021-04-05,0.0,0.0,1.0,1.0,1.0,2.0,2.0,3.0,3.0,3.0,4.0,5.0,6.0,inferred
Cannock Chase,2021-04-06,0.0,0.0,1.0,1.0,1.0,1.0,2.0,2.0,3.0,3.0,3.0,4.0,6.0,inferred
Cannock Chase,2021-04-07,0.0,0.0,1.0,1.0,1.0,1.0,2.0,2.0,3.0,3.0,3.0,4.0,6.0,inferred
Cannock Chase,2021-04-08,0.0,0.0,0.0,1.0,1.0,1.0,1.0,2.0,2.0,3.0,3.0,4.0,5.0,inferred
Cannock Chase,2021-04-09,0.0,0.0,0.0,0.0,1.0,1.0,1.0,2.0,2.0,2.0,3.0,3.0,5.0,inferred
Cannock Chase,2021-04-10,0.0,0.0,0.0,0.0,0.0,1.0,1.0,1.0,2.0,2.0,2.0,3.0,4.0,inferred
Cannock Chase,2021-04-11,0.0,0.0,0.0,0.0,0.0,1.0,1.0,1.0,2.0,2.0,2.0,3.0,5.0,inferred
Cannock Chase,2021-04-12,0.0,0.0,0.0,1.0,1.0,1.0,1.0,2.0,2.0,2.0,3.0,4.0,5.0,inferred
Cannock Chase,2021-04-13,0.0,0.0,0.0,0.0,1.0,1.0,1.0,2.0,2.0,2.0,3.0,3.0,5.0,inferred
Cannock Chase,2021-04-14,0.0,0.0,0.0,1.0,1.0,1.0,1.0,2.0,2.0,2.0,3.0,4.0,5.0,inferred
Cannock Chase,2021-04-15,0.0,0.0,0.0,0.0,1.0,1.0,1.0,2.0,2.0,2.0,3.0,3.0,5.0,inferred
Cannock Chase,2021-04-16,0.0,0.0,0.0,0.0,0.0,1.0,1.0,2.0,2.0,2.0,3.0,3.0,5.0,inferred
Cannock Chase,2021-04-17,0.0,0.0,0.0,0.0,0.0,1.0,1.0,1.0,2.0,2.0,2.0,3.0,4.0,inferred
Cannock Chase,2021-04-18,0.0,0.0,0.0,0.0,1.0,1.0,1.0,1.0,2.0,2.0,2.0,3.0,5.0,inferred
Cannock Chase,2021-04-19,0.0,0.0,0.0,1.0,1.0,1.0,1.0,2.0,2.0,3.0,3.0,4.0,5.0,inferred
Cannock Chase,2021-04-20,0.0,0.0,0.0,1.0,1.0,1.0,1.0,2.0,2.0,2.0,3.0,4.0,5.0,inferred
Cannock Chase,2021-04-21,0.0,0.0,0.0,1.0,1.0,1.0,1.5,2.0,2.0,3.0,3.0,4.0,5.0,inferred
Cannock Chase,2021-04-22,0.0,0.0,0.0,1.0,1.0,1.0,1.0,2.0,2.0,2.0,3.0,3.0,5.0,inferred
Cannock Chase,2021-04-23,0.0,0.0,0.0,0.0,0.7,1.0,1.0,1.0,2.0,2.0,2.0,3.0,4.0,inferred
Cannock Chase,2021-04-24,0.0,0.0,0.0,0.0,0.0,1.0,1.0,1.0,1.0,2.0,2.0,3.0,4.0,inferred
Cannock Chase,2021-04-25,0.0,0.0,0.0,0.0,0.0,1.0,1.0,1.0,2.0,2.0,2.0,3.0,4.0,inferred
Cannock Chase,2021-04-26,0.0,0.0,0.0,0.0,1.0,1.0,1.0,2.0,2.0,2.0,3.0,4.0,5.0,inferred
Cannock Chase,2021-04-27,0.0,0.0,0.0,1.0,1.0,1.0,1.0,2.0,2.0,2.0,3.0,3.0,5.0,inferred
Cannock Chase,2021-04-28,0.0,0.0,0.0,0.0,1.0,1.0,1.0,2.0,2.0,2.0,3.0,3.0,5.0,inferred
Cannock Chase,2021-04-29,0.0,0.0,0.0,0.0,0.0,1.0,1.0,1.0,2.0,2.0,2.0,3.0,4.0,inferred
Cannock Chase,2021-04-30,0.0,0.0,0.0,0.0,0.0,1.0,1.0,1.0,2.0,2.0,2.0,3.0,4.0,inferred
Cannock Chase,2021-05-01,0.0,0.0,0.0,0.0,0.0,0.0,1.0,1.0,1.0,1.0,2.0,2.0,3.0,inferred
Cannock Chase,2021-05-02,0.0,0.0,0.0,0.0,0.0,1.0,1.0,1.0,1.0,2.0,2.0,3.0,4.0,inferred
Cannock Chase,2021-05-03,0.0,0.0,0.0,0.0,0.0,1.0,1.0,1.0,2.0,2.0,2.0,3.0,5.0,inferred
Cannock Chase,2021-05-04,0.0,0.0,0.0,0.0,0.0,1.0,1.0,1.0,2.0,2.0,2.0,3.0,4.0,inferred
Cannock Chase,2021-05-05,0.0,0.0,0.0,0.0,0.0,1.0,1.0,1.0,2.0,2.0,2.0,3.0,5.0,inferred
Cannock Chase,2021-05-06,0.0,0.0,0.0,0.0,0.0,1.0,1.0,1.0,2.0,2.0,2.0,3.0,4.0,inferred
Cannock Chase,2021-05-07,0.0,0.0,0.0,0.0,0.0,1.0,1.0,1.0,2.0,2.0,2.0,3.0,4.0,inferred
Cannock Chase,2021-05-08,0.0,0.0,0.0,0.0,0.0,0.0,1.0,1.0,1.0,1.0,2.0,2.0,4.0,inferred
Cannock Chase,2021-05-09,0.0,0.0,0.0,0.0,0.0,1.0,1.0,1.0,1.0,2.0,2.0,3.0,4.0,inferred
Cannock Chase,2021-05-10,0.0,0.0,0.0,0.0,0.0,1.0,1.0,1.0,2.0,2.0,2.0,3.0,4.0,inferred
Cannock Chase,2021-05-11,0.0,0.0,0.0,0.0,0.0,1.0,1.0,1.0,2.0,2.0,2.0,3.0,4.0,inferred
Cannock Chase,2021-05-12,0.0,0.0,0.0,0.0,1.0,1.0,1.0,2.0,2.0,2.0,3.0,3.0,5.0,inferred
Cannock Chase,2021-05-13,0.0,0.0,0.0,0.0,0.0,1.0,1.0,1.0,2.0,2.0,2.0,3.0,5.0,inferred
Cannock Chase,2021-05-14,0.0,0.0,0.0,0.0,0.0,1.0,1.0,1.0,2.0,2.0,2.0,3.0,4.0,inferred
Cannock Chase,2021-05-15,0.0,0.0,0.0,0.0,0.0,0.0,1.0,1.0,1.0,2.0,2.0,3.0,4.0,inferred
Cannock Chase,2021-05-16,0.0,0.0,0.0,0.0,0.0,1.0,1.0,1.0,1.3,2.0,2.0,3.0,4.0,inferred
Cannock Chase,2021-05-17,0.0,0.0,0.0,0.0,1.0,1.0,1.0,2.0,2.0,2.0,2.0,3.0,5.0,inferred
Cannock Chase,2021-05-18,0.0,0.0,0.0,0.0,1.0,1.0,1.0,2.0,2.0,2.0,2.0,3.0,5.0,inferred
Cannock Chase,2021-05-19,0.0,0.0,0.0,0.0,1.0,1.0,1.0,1.0,2.0,2.0,2.0,3.0,5.0,inferred
Cannock Chase,2021-05-20,0.0,0.0,0.0,0.0,1.0,1.0,1.0,1.0,2.0,2.0,2.0,3.0,5.0,inferred
Cannock Chase,2021-05-21,0.0,0.0,0.0,0.0,0.0,1.0,1.0,1.0,2.0,2.0,2.0,3.0,4.0,inferred
Cannock Chase,2021-05-22,0.0,0.0,0.0,0.0,0.0,0.0,1.0,1.0,1.0,2.0,2.0,3.0,4.0,inferred
Cannock Chase,2021-05-23,0.0,0.0,0.0,0.0,0.0,1.0,1.0,1.0,2.0,2.0,2.0,3.0,4.0,inferred
Cannock Chase,2021-05-24,0.0,0.0,0.0,0.0,1.0,1.0,1.0,2.0,2.0,2.0,3.0,4.0,5.0,inferred
Cannock Chase,2021-05-25,0.0,0.0,0.0,1.0,1.0,1.0,1.0,2.0,2.0,2.0,3.0,4.0,5.0,inferred
Cannock Chase,2021-05-26,0.0,0.0,1.0,1.0,1.0,1.0,2.0,2.0,3.0,3.0,3.0,4.0,5.5,inferred
Cannock Chase,2021-05-27,0.0,0.0,0.8,1.0,1.0,1.0,2.0,2.0,2.0,3.0,3.0,4.0,5.0,inferred
Cannock Chase,2021-05-28,0.0,0.0,0.0,1.0,1.0,1.0,1.0,2.0,2.0,3.0,3.0,4.0,5.0,inferred
Cannock Chase,2021-05-29,0.0,0.0,0.0,0.0,1.0,1.0,1.0,2.0,2.0,2.0,3.0,3.0,5.0,inferred
Cannock Chase,2021-05-30,0.0,0.0,1.0,1.0,1.0,1.0,2.0,2.0,2.0,3.0,3.0,4.0,5.0,inferred
Cannock Chase,2021-05-31,0.0,1.0,1.0,1.0,1.0,2.0,2.0,3.0,3.0,4.0,4.0,5.0,7.0,inferred
Cannock Chase,2021-06-01,0.0,1.0,1.0,1.0,2.0,2.0,3.0,3.0,4.0,4.0,4.0,5.0,7.0,inferred
Cannock Chase,2021-06-02,0.0,1.0,2.0,2.0,2.0,2.0,3.0,4.0,4.0,4.0,5.0,6.0,8.0,inferred
Cannock Chase,2021-06-03,0.0,1.0,1.8,2.0,2.0,2.0,3.0,3.0,4.0,4.0,5.0,6.0,8.0,inferred
Cannock Chase,2021-06-04,0.0,1.0,2.0,2.0,2.0,3.0,3.0,4.0,4.0,5.0,5.0,6.0,8.0,inferred
Cannock Chase,2021-06-05,0.0,1.0,1.0,1.0,2.0,2.0,3.0,3.0,4.0,4.0,4.0,6.0,7.0,inferred
Cannock Chase,2021-06-06,0.0,1.0,2.0,2.0,2.0,3.0,3.0,4.0,5.0,5.0,6.0,7.0,9.0,inferred
Cannock Chase,2021-06-07,1.0,2.0,3.0,3.0,4.0,4.0,5.0,6.0,6.0,7.0,7.0,9.0,11.0,inferred
Cannock Chase,2021-06-08,1.0,2.0,3.0,4.0,4.0,5.0,5.0,6.0,7.0,7.0,8.0,9.0,12.0,inferred
Cannock Chase,2021-06-09,2.0,3.0,4.0,4.0,5.0,5.0,6.0,7.0,8.0,8.0,9.0,10.0,13.0,inferred
Cannock Chase,2021-06-10,1.0,3.0,4.0,4.0,5.0,5.0,6.0,7.0,7.3,8.0,8.0,10.0,12.0,inferred
Cannock Chase,2021-06-11,1.0,3.0,4.0,4.0,4.0,5.0,6.0,6.0,7.0,8.0,8.0,10.0,12.0,inferred
Cannock Chase,2021-06-12,1.0,2.0,3.0,3.0,3.0,4.0,5.0,6.0,6.0,7.0,7.0,9.0,11.0,inferred
Cannock Chase,2021-06-13,2.0,3.0,4.0,4.0,5.0,5.0,6.0,7.0,8.0,8.0,8.0,10.0,12.0,inferred
Cannock Chase,2021-06-14,3.0,4.0,5.0,6.0,6.0,7.0,8.0,9.0,10.0,10.0,11.0,12.0,15.0,inferred
Cannock Chase,2021-06-15,3.0,5.0,6.0,6.0,7.0,7.0,8.0,9.0,10.0,11.0,11.0,13.0,16.0,inferred
Cannock Chase,2021-06-16,3.0,5.0,6.0,7.0,7.0,8.0,9.0,10.0,11.0,11.0,12.0,14.0,16.5,inferred
Cannock Chase,2021-06-17,3.0,5.0,6.0,7.0,7.0,8.0,9.0,10.0,10.0,11.0,12.0,13.0,16.0,inferred
Cannock Chase,2021-06-18,3.0,4.0,6.0,6.0,7.0,8.0,8.0,9.0,10.0,11.0,12.0,13.0,16.0,inferred
Canterbury,2021-03-06,1.0,2.0,3.0,3.0,4.0,4.0,5.0,6.0,7.0,8.0,8.0,10.0,13.0,inferred
Canterbury,2021-03-07,1.0,3.0,4.0,4.0,5.0,6.0,7.0,7.0,9.0,9.0,10.0,12.0,15.0,inferred
Canterbury,2021-03-08,2.0,4.0,5.0,6.0,6.0,7.0,8.0,9.0,10.0,11.0,12.0,13.0,17.0,inferred
Canterbury,2021-03-09,2.0,4.0,5.0,6.0,6.0,7.0,8.0,9.0,10.0,10.2,11.0,13.0,16.0,inferred
Canterbury,2021-03-10,2.0,4.0,5.0,6.0,6.0,7.0,8.0,9.0,11.0,11.2,12.0,14.0,17.0,inferred
Canterbury,2021-03-11,2.0,4.0,5.0,5.0,6.0,7.0,8.0,9.0,10.0,10.0,11.0,13.0,17.0,inferred
Canterbury,2021-03-12,1.0,3.0,4.0,5.0,5.0,6.0,7.0,8.0,9.0,9.0,10.0,12.0,15.0,inferred
Canterbury,2021-03-13,1.0,2.0,3.0,4.0,4.0,5.0,6.0,7.0,8.0,8.0,9.0,11.0,14.5,inferred
Canterbury,2021-03-14,1.0,3.0,4.0,4.0,5.0,6.0,7.0,8.0,8.0,9.0,10.0,12.0,15.0,inferred
Canterbury,2021-03-15,2.0,4.0,5.0,6.0,6.0,7.0,9.0,10.0,11.0,11.0,12.0,15.0,19.0,inferred
Canterbury,2021-03-16,2.0,4.0,5.0,6.0,6.0,7.0,8.0,9.0,10.0,11.0,12.0,14.0,17.0,inferred
Canterbury,2021-03-17,2.0,4.0,6.0,6.0,7.0,8.0,9.0,10.0,11.0,12.0,12.0,15.0,19.0,inferred
Canterbury,2021-03-18,2.0,4.0,5.0,6.0,6.0,7.0,8.0,9.0,10.0,11.0,11.0,13.0,17.0,inferred
Canterbury,2021-03-19,1.0,3.0,4.0,5.0,5.0,6.0,7.0,8.0,9.0,9.0,10.0,12.0,16.0,inferred
Canterbury,2021-03-20,1.0,2.0,3.0,4.0,4.0,5.0,5.0,6.0,7.0,8.0,9.0,10.0,13.0,inferred
Canterbury,2021-03-21,1.0,3.0,4.0,4.0,5.0,6.0,7.0,8.0,9.0,9.0,10.0,12.0,14.0,inferred
Canterbury,2021-03-22,3.0,4.0,5.0,6.0,6.0,7.0,8.0,9.0,10.0,11.0,12.0,14.0,18.0,inferred
Canterbury,2021-03-23,2.0,4.0,5.0,5.0,6.0,7.0,8.0,9.0,10.0,11.0,11.0,13.0,17.0,inferred
Canterbury,2021-03-24,2.0,4.0,5.0,5.0,6.0,7.0,8.0,9.0,10.0,11.0,11.0,14.0,17.0,inferred
Canterbury,2021-03-25,1.0,3.0,4.0,5.0,5.0,6.0,7.0,8.0,9.0,9.0,10.0,12.0,16.0,inferred
Canterbury,2021-03-26,1.0,2.0,3.0,4.0,4.0,5.0,6.0,6.0,7.0,8.0,9.0,10.0,14.0,inferred
Canterbury,2021-03-27,0.0,1.0,2.0,2.0,3.0,3.0,4.0,5.0,5.3,6.0,6.0,8.0,10.0,inferred
Canterbury,2021-03-28,0.0,1.9,2.0,3.0,3.0,4.0,4.0,5.0,6.0,7.0,7.0,9.0,12.0,inferred
Canterbury,2021-03-29,1.0,2.0,3.0,3.0,4.0,4.0,5.0,6.0,7.0,7.0,8.0,10.0,13.0,inferred
Canterbury,2021-03-30,0.0,1.0,2.0,3.0,3.0,4.0,4.0,5.0,6.0,6.0,7.0,9.0,12.0,inferred
Canterbury,2021-03-31,0.0,1.0,2.0,2.0,3.0,3.0,4.0,5.0,6.0,6.0,7.0,9.0,12.0,inferred
Canterbury,2021-04-01,0.0,1.0,2.0,2.0,2.0,3.0,3.0,4.0,5.0,6.0,6.0,8.0,10.5,inferred
Canterbury,2021-04-02,0.0,1.0,1.0,1.0,2.0,2.0,3.0,3.0,4.0,4.0,5.0,6.0,8.5,inferred
Canterbury,2021-04-03,0.0,0.0,1.0,1.0,1.0,1.0,2.0,3.0,3.0,3.0,4.0,5.0,8.0,inferred
Canterbury,2021-04-04,0.0,0.0,1.0,1.0,1.0,2.0,2.0,3.0,4.0,4.0,4.0,6.0,8.0,inferred
Canterbury,2021-04-05,0.0,0.0,1.0,1.0,2.0,2.0,3.0,3.0,4.0,5.0,5.0,7.0,9.0,inferred
Canterbury,2021-04-06,0.0,0.0,1.0,1.0,2.0,2.0,3.0,3.0,4.0,4.0,5.0,6.0,8.0,inferred
Canterbury,2021-04-07,0.0,0.0,1.0,1.0,2.0,2.0,3.0,3.0,4.0,4.0,5.0,6.0,9.0,inferred
Canterbury,2021-04-08,0.0,0.0,1.0,1.0,2.0,2.0,3.0,3.0,4.0,4.0,5.0,6.0,9.0,inferred
Canterbury,2021-04-09,0.0,0.0,1.0,1.0,1.0,2.0,2.0,3.0,3.0,4.0,4.0,5.0,8.0,inferred
Canterbury,2021-04-10,0.0,0.0,0.0,1.0,1.0,1.0,2.0,2.0,3.0,3.0,3.0,5.0,7.0,inferred
Canterbury,2021-04-11,0.0,0.0,1.0,1.0,1.0,2.0,2.0,2.0,3.0,3.0,4.0,5.0,7.0,inferred
Canterbury,2021-04-12,0.0,0.0,1.0,1.0,1.0,2.0,2.0,3.0,4.0,4.0,5.0,6.0,8.5,inferred
Canterbury,2021-04-13,0.0,0.0,1.0,1.0,1.0,2.0,2.5,3.0,4.0,4.0,5.0,6.0,8.0,inferred
Canterbury,2021-04-14,0.0,1.0,1.0,1.0,2.0,2.0,3.0,3.0,4.0,4.0,5.0,6.0,9.0,inferred
Canterbury,2021-04-15,0.0,0.0,1.0,1.0,1.0,2.0,3.0,3.0,4.0,4.0,5.0,6.0,9.0,inferred
Canterbury,2021-04-16,0.0,0.0,1.0,1.0,1.0,2.0,2.0,3.0,4.0,4.0,4.0,6.0,8.0,inferred
Canterbury,2021-04-17,0.0,0.0,1.0,1.0,1.0,1.0,2.0,2.0,3.0,3.0,4.0,5.0,8.0,inferred
Canterbury,2021-04-18,0.0,0.0,1.0,1.0,1.0,2.0,2.0,3.0,4.0,4.0,5.0,6.0,8.0,inferred
Canterbury,2021-04-19,0.0,1.0,1.0,2.0,2.0,3.0,3.0,4.0,5.0,5.0,5.0,7.0,9.0,inferred
Canterbury,2021-04-20,0.0,1.0,1.0,2.0,2.0,2.0,3.0,4.0,4.0,5.0,5.0,7.0,10.0,inferred
Canterbury,2021-04-21,0.0,1.0,1.0,2.0,2.0,3.0,3.0,4.0,5.0,5.0,5.0,7.0,10.0,inferred
Canterbury,2021-04-22,0.0,1.0,1.0,2.0,2.0,3.0,3.0,4.0,4.0,5.0,5.0,7.0,9.0,inferred
Canterbury,2021-04-23,0.0,1.0,1.0,1.0,2.0,2.0,3.0,3.0,4.0,4.0,5.0,6.0,9.0,inferred
Canterbury,2021-04-24,0.0,0.0,1.0,1.0,1.0,2.0,2.0,3.0,3.0,4.0,4.0,5.0,8.0,inferred
Canterbury,2021-04-25,0.0,0.0,1.0,1.0,2.0,2.0,3.0,3.0,4.0,4.0,5.0,6.0,9.0,inferred
Canterbury,2021-04-26,0.0,1.0,1.0,2.0,2.0,3.0,3.0,4.0,5.0,5.0,6.0,7.0,10.0,inferred
Canterbury,2021-04-27,0.0,1.0,1.0,2.0,2.0,3.0,3.0,4.0,4.0,5.0,5.0,7.0,10.0,inferred
Canterbury,2021-04-28,0.0,1.0,2.0,2.0,2.0,3.0,3.0,4.0,5.0,5.0,6.0,7.0,10.0,inferred
Canterbury,2021-04-29,0.0,1.0,1.0,2.0,2.0,2.0,3.0,4.0,4.0,5.0,5.0,7.0,10.0,inferred
Canterbury,2021-04-30,0.0,0.0,1.0,1.0,1.0,2.0,3.0,3.0,4.0,4.0,5.0,6.0,9.0,inferred
Canterbury,2021-05-01,0.0,0.0,1.0,1.0,1.0,2.0,2.0,3.0,3.0,4.0,4.0,5.0,8.0,inferred
Canterbury,2021-05-02,0.0,0.0,1.0,1.0,1.0,2.0,2.0,3.0,4.0,4.0,5.0,6.0,9.0,inferred
Canterbury,2021-05-03,0.0,1.0,1.0,2.0,2.0,3.0,3.0,4.0,4.0,5.0,6.0,7.0,10.0,inferred
Canterbury,2021-05-04,0.0,1.0,1.0,1.8,2.0,3.0,3.0,4.0,5.0,5.0,6.0,7.0,9.0,inferred
Canterbury,2021-05-05,0.0,1.0,1.0,2.0,2.0,3.0,3.0,4.0,4.0,5.0,5.0,7.0,10.0,inferred
Canterbury,2021-05-06,0.0,1.0,1.0,2.0,2.0,2.0,3.0,4.0,4.0,5.0,5.0,7.0,10.0,inferred
Canterbury,2021-05-07,0.0,0.9,1.0,1.0,2.0,2.0,3.0,3.0,4.0,4.0,5.0,6.0,9.0,inferred
Canterbury,2021-05-08,0.0,0.0,1.0,1.0,1.0,2.0,2.0,3.0,3.0,4.0,4.0,6.0,8.0,inferred
Canterbury,2021-05-09,0.0,1.0,1.0,1.0,2.0,2.0,3.0,3.0,4.0,5.0,5.0,7.0,9.0,inferred
Canterbury,2021-05-10,0.0,1.0,2.0,2.0,3.0,3.0,4.0,5.0,5.0,6.0,6.0,8.0,11.0,inferred
Canterbury,2021-05-11,0.0,1.0,2.0,2.0,3.0,3.0,4.0,5.0,5.0,6.0,7.0,8.0,11.0,inferred
Canterbury,2021-05-12,0.0,2.0,2.0,3.0,3.0,4.0,5.0,5.0,6.0,7.0,7.0,9.0,13.0,inferred
Canterbury,2021-05-13,0.5,2.0,2.0,3.0,3.0,4.0,5.0,5.0,6.0,7.0,8.0,10.0,12.0,inferred
Canterbury,2021-05-14,1.0,2.0,2.0,3.0,3.0,4.0,4.0,5.0,6.0,7.0,7.0,9.0,13.0,inferred
Canterbury,2021-05-15,0.0,1.0,2.0,2.0,2.0,3.0,4.0,5.0,5.0,6.0,6.0,8.0,11.0,inferred
Canterbury,2021-05-16,1.0,2.0,3.0,3.0,4.0,4.0,5.0,6.0,7.0,7.0,8.0,10.0,13.0,inferred
Canterbury,2021-05-17,1.0,3.0,4.0,4.0,5.0,5.0,6.0,7.0,8.0,9.0,9.0,11.0,15.0,inferred
Canterbury,2021-05-18,1.0,3.0,4.0,4.0,5.0,5.0,6.0,7.0,8.0,9.0,10.0,12.0,15.0,inferred
Canterbury,2021-05-19,1.0,3.0,4.0,5.0,5.0,6.0,7.0,8.0,9.0,9.0,10.0,12.0,15.0,inferred
Canterbury,2021-05-20,1.0,3.0,4.0,4.0,5.0,6.0,7.0,7.0,8.0,9.0,10.0,12.0,15.0,inferred
Canterbury,2021-05-21,1.0,2.0,3.0,4.0,4.0,5.0,6.0,7.0,7.0,8.0,9.0,10.0,14.0,inferred
Canterbury,2021-05-22,1.0,2.0,3.0,3.0,3.0,4.0,5.0,6.0,6.0,7.0,8.0,9.0,12.0,inferred
Canterbury,2021-05-23,1.0,2.0,3.0,4.0,4.0,5.0,5.0,6.0,7.0,8.0,8.0,10.0,13.0,inferred
Canterbury,2021-05-24,2.0,3.0,4.0,5.0,5.0,6.0,7.0,8.0,9.0,9.0,10.0,12.0,15.0,inferred
Canterbury,2021-05-25,1.0,3.0,4.0,4.0,5.0,6.0,7.0,7.0,8.0,9.0,10.0,12.0,15.0,inferred
Canterbury,2021-05-26,2.0,3.0,4.0,5.0,5.0,6.0,7.0,8.0,9.0,10.0,10.0,12.0,16.0,inferred
Canterbury,2021-05-27,1.0,3.0,4.0,5.0,5.0,6.0,7.0,8.0,9.0,9.0,10.0,11.1,15.0,inferred
Canterbury,2021-05-28,1.0,2.0,3.0,4.0,4.0,5.0,6.0,7.0,8.0,8.0,9.0,11.0,14.0,inferred
Canterbury,2021-05-29,1.0,2.0,3.0,3.0,3.0,4.0,5.0,6.0,6.0,7.0,8.0,9.0,12.0,inferred
Canterbury,2021-05-30,1.0,2.0,3.0,4.0,4.0,5.0,6.0,7.0,8.0,8.0,9.0,11.0,13.0,inferred
Canterbury,2021-05-31,2.0,3.0,5.0,5.0,6.0,6.0,7.0,8.0,10.0,10.0,11.0,13.0,16.0,inferred
Canterbury,2021-06-01,2.0,3.0,5.0,5.0,6.0,7.0,8.0,8.0,10.0,10.0,11.0,13.0,16.0,inferred
Canterbury,2021-06-02,3.0,4.0,5.0,6.0,6.0,7.0,8.0,9.0,11.0,11.0,12.0,14.0,18.0,inferred
Canterbury,2021-06-03,2.0,4.0,5.0,6.0,6.0,7.0,8.0,9.0,10.0,11.0,12.0,14.0,17.0,inferred
Canterbury,2021-06-04,2.0,3.0,5.0,5.0,6.0,7.0,7.0,8.0,9.0,10.0,11.0,13.0,16.0,inferred
Canterbury,2021-06-05,1.0,2.0,3.8,4.0,4.0,5.0,6.0,7.0,8.0,9.0,9.0,11.0,14.0,inferred
Canterbury,2021-06-06,2.0,3.0,5.0,5.0,6.0,6.0,7.0,8.0,9.0,10.0,11.0,13.0,16.0,inferred
Canterbury,2021-06-07,3.0,5.0,6.0,7.0,7.0,8.0,9.0,11.0,12.0,12.0,13.0,16.0,20.0,inferred
Canterbury,2021-06-08,3.0,5.0,6.0,7.0,7.0,8.0,9.0,10.0,11.0,12.0,13.0,15.0,18.0,inferred
Canterbury,2021-06-09,3.0,5.0,7.0,7.0,8.0,9.0,10.0,11.0,12.0,13.0,14.0,16.0,21.0,inferred
Canterbury,2021-06-10,3.0,5.0,6.0,7.0,7.0,8.0,10.0,11.0,12.0,12.0,13.0,15.0,19.0,inferred
Canterbury,2021-06-11,2.0,4.0,5.0,6.0,6.0,7.0,8.0,10.0,11.0,11.0,12.0,14.0,18.0,inferred
Canterbury,2021-06-12,2.0,3.0,5.0,5.0,6.0,6.0,7.0,8.0,9.0,10.0,11.0,13.0,16.0,inferred
Canterbury,2021-06-13,3.0,5.0,6.0,6.0,7.0,8.0,9.0,10.0,12.0,12.0,13.0,15.0,19.0,inferred
Canterbury,2021-06-14,4.0,7.0,8.0,9.0,10.0,11.0,12.0,13.0,15.0,15.0,16.0,19.0,23.0,inferred
Canterbury,2021-06-15,4.0,7.0,9.0,9.0,10.0,11.0,12.0,14.0,15.0,16.0,17.0,19.0,24.0,inferred
Canterbury,2021-06-16,6.0,8.0,10.0,11.0,12.0,13.0,14.0,16.0,17.0,18.0,19.0,21.0,26.0,inferred
Canterbury,2021-06-17,5.0,8.0,10.0,11.0,11.0,13.0,14.0,15.0,17.0,18.0,19.0,22.0,26.0,inferred
Canterbury,2021-06-18,5.0,7.0,9.0,10.0,10.0,12.0,13.0,14.0,16.0,17.0,18.0,21.0,25.0,inferred
Cardiff,2021-03-06,6.0,8.0,10.0,11.0,12.0,13.0,14.0,15.0,17.0,17.0,18.0,21.0,26.0,inferred
Cardiff,2021-03-07,7.0,9.0,11.0,12.0,13.0,14.0,15.0,16.0,18.0,19.0,20.0,22.0,27.0,inferred
Cardiff,2021-03-08,11.0,14.0,16.0,17.8,18.0,20.0,21.0,23.0,24.0,25.0,26.0,30.0,35.0,inferred
Cardiff,2021-03-09,10.0,13.0,15.0,15.0,16.0,18.0,19.0,20.0,22.0,23.0,24.0,27.0,31.0,inferred
Cardiff,2021-03-10,11.0,14.0,16.0,17.0,18.0,20.0,21.0,23.0,24.0,25.0,27.0,30.0,35.0,inferred
Cardiff,2021-03-11,10.0,13.0,15.0,16.0,17.0,19.0,20.0,22.0,23.0,24.0,25.0,29.0,34.0,inferred
Cardiff,2021-03-12,8.0,11.0,13.0,14.0,15.0,16.0,17.0,19.0,20.0,21.0,22.0,25.0,30.0,inferred
Cardiff,2021-03-13,5.0,8.0,10.0,10.0,11.0,12.0,13.0,15.0,16.0,17.0,18.0,20.1,25.0,inferred
Cardiff,2021-03-14,6.0,9.0,10.0,11.0,12.0,13.0,14.0,16.0,17.0,18.0,19.0,21.0,27.0,inferred
Cardiff,2021-03-15,9.0,13.0,15.0,16.0,17.0,18.0,20.0,22.0,23.0,24.0,26.0,28.0,33.0,inferred
Cardiff,2021-03-16,8.0,11.0,13.0,14.0,15.0,16.0,18.0,19.0,21.0,22.0,23.0,26.0,31.0,inferred
Cardiff,2021-03-17,9.0,13.0,15.0,16.0,17.0,18.0,20.0,21.0,23.0,24.0,25.0,28.0,33.0,inferred
Cardiff,2021-03-18,10.0,13.0,15.0,16.0,17.0,18.0,20.0,21.0,23.0,24.0,25.0,29.0,33.5,inferred
Cardiff,2021-03-19,7.0,10.0,12.0,13.0,14.0,16.0,17.0,18.0,20.0,21.0,22.0,25.0,29.0,inferred
Cardiff,2021-03-20,5.0,8.0,10.0,11.0,11.0,12.0,14.0,15.0,16.0,17.0,18.0,21.0,25.0,inferred
Cardiff,2021-03-21,6.0,9.0,11.0,11.0,12.0,13.0,14.0,16.0,17.0,18.0,19.0,21.0,26.0,inferred
Cardiff,2021-03-22,9.0,13.0,15.0,16.0,17.0,18.0,20.0,22.0,23.0,24.0,26.0,29.0,35.0,inferred
Cardiff,2021-03-23,8.0,11.0,13.0,14.0,15.0,16.0,18.0,19.0,21.0,22.0,23.0,26.0,30.0,inferred
Cardiff,2021-03-24,10.0,13.0,15.0,16.0,17.0,19.0,20.0,22.0,23.0,24.0,26.0,29.0,34.0,inferred
Cardiff,2021-03-25,9.0,13.0,15.0,16.0,17.0,18.0,20.0,22.0,24.0,24.0,26.0,29.0,33.0,inferred
Cardiff,2021-03-26,8.0,11.0,13.0,14.0,15.0,16.0,17.0,19.0,21.0,21.0,22.0,25.0,31.0,inferred
Cardiff,2021-03-27,6.0,8.0,10.0,11.0,11.0,13.0,14.0,15.0,17.0,18.0,18.0,21.0,24.0,inferred
Cardiff,2021-03-28,7.0,9.0,11.0,12.0,12.0,14.0,15.0,17.0,18.0,19.0,20.0,23.0,28.0,inferred
Cardiff,2021-03-29,10.0,13.0,16.0,17.0,18.0,19.0,21.0,23.0,24.0,25.0,27.0,30.0,35.0,inferred
Cardiff,2021-03-30,8.0,11.0,14.0,15.0,15.0,17.0,18.0,20.0,22.0,23.0,24.0,27.0,32.0,inferred
Cardiff,2021-03-31,10.0,13.0,16.0,16.0,17.0,19.0,21.0,22.0,24.0,25.0,26.0,29.0,35.0,inferred
Cardiff,2021-04-01,9.0,13.0,15.0,16.0,17.0,18.0,20.0,21.0,23.0,24.0,25.0,28.0,33.0,inferred
Cardiff,2021-04-02,8.0,10.0,12.0,13.0,14.0,15.0,16.0,18.0,19.0,20.0,21.0,24.0,29.0,inferred
Cardiff,2021-04-03,5.0,7.0,9.0,10.0,10.0,12.0,13.0,14.0,16.0,16.0,17.0,20.0,24.0,inferred
Cardiff,2021-04-04,5.0,8.0,9.0,10.0,11.0,12.0,13.0,14.0,16.0,17.0,18.0,21.0,25.0,inferred
Cardiff,2021-04-05,8.0,12.0,14.0,15.0,15.0,17.0,18.0,20.0,22.0,23.0,24.0,26.1,32.0,inferred
Cardiff,2021-04-06,7.0,10.0,11.0,12.0,13.0,15.0,16.0,17.0,19.0,20.0,21.0,24.0,28.0,inferred
Cardiff,2021-04-07,8.0,11.0,13.0,14.0,14.0,16.0,17.0,19.0,20.0,21.0,22.0,25.0,30.0,inferred
Cardiff,2021-04-08,7.0,10.0,12.0,13.0,13.0,15.0,16.0,17.0,19.0,20.0,21.0,24.0,28.0,inferred
Cardiff,2021-04-09,5.0,8.0,9.0,10.0,11.0,12.0,13.0,14.0,16.0,17.0,18.0,20.0,24.0,inferred
Cardiff,2021-04-10,3.0,5.0,7.0,8.0,8.0,9.0,10.0,11.0,13.0,13.0,14.0,16.0,20.0,inferred
Cardiff,2021-04-11,4.0,5.0,7.0,8.0,8.0,9.0,10.0,12.0,13.0,14.0,14.0,17.0,21.0,inferred
Cardiff,2021-04-12,5.0,8.0,10.0,11.0,11.0,13.0,14.0,15.0,17.0,18.0,19.0,21.0,26.0,inferred
Cardiff,2021-04-13,4.0,6.0,8.0,9.0,10.0,11.0,12.0,13.0,14.0,15.0,16.0,18.0,23.0,inferred
Cardiff,2021-04-14,5.0,7.0,9.0,10.0,10.0,11.0,13.0,14.0,16.0,16.0,17.0,20.0,24.0,inferred
Cardiff,2021-04-15,4.0,7.0,8.0,9.0,10.0,11.0,12.0,13.0,15.0,15.0,16.0,18.0,22.0,inferred
Cardiff,2021-04-16,3.0,5.0,6.0,7.0,7.0,8.0,10.0,11.0,12.0,13.0,13.0,15.0,19.0,inferred
Cardiff,2021-04-17,2.0,3.0,5.0,5.0,5.0,6.0,7.0,8.0,9.0,10.0,11.0,13.0,16.0,inferred
Cardiff,2021-04-18,2.0,3.0,4.0,5.0,5.0,6.0,7.0,8.0,9.0,10.0,11.0,12.1,15.0,inferred
Cardiff,2021-04-19,3.0,5.0,6.0,7.0,7.0,9.0,10.0,11.0,12.0,12.0,13.0,16.0,20.0,inferred
Cardiff,2021-04-20,2.0,4.0,5.0,5.0,6.0,7.0,8.0,9.0,10.0,11.0,11.2,14.0,18.0,inferred
Cardiff,2021-04-21,3.0,4.0,6.0,6.0,7.0,8.0,9.0,10.0,11.0,12.0,12.0,15.0,18.0,inferred
Cardiff,2021-04-22,2.0,4.0,6.0,6.0,7.0,7.0,8.0,9.0,10.0,11.0,12.0,14.0,18.0,inferred
Cardiff,2021-04-23,2.0,3.0,4.0,5.0,5.0,6.0,7.0,8.0,9.0,9.0,10.0,12.0,15.0,inferred
Cardiff,2021-04-24,1.0,2.0,3.0,4.0,4.0,5.0,5.0,6.0,7.0,8.0,8.0,10.0,13.0,inferred
Cardiff,2021-04-25,1.0,2.0,3.0,4.0,4.0,5.0,6.0,7.0,7.0,8.0,9.0,10.0,13.5,inferred
Cardiff,2021-04-26,2.0,4.0,5.0,5.0,6.0,7.0,8.0,9.0,10.0,11.0,11.0,13.0,17.0,inferred
Cardiff,2021-04-27,1.0,3.0,4.0,5.0,5.0,6.0,7.0,8.0,9.0,9.0,10.0,12.0,15.0,inferred
Cardiff,2021-04-28,2.0,3.0,5.0,5.0,6.0,7.0,8.0,9.0,10.0,11.0,11.0,13.0,17.5,inferred
Cardiff,2021-04-29,2.0,4.0,5.0,5.0,6.0,7.0,7.0,8.0,10.0,10.0,11.0,13.0,17.0,inferred
Cardiff,2021-04-30,1.0,3.0,4.0,4.0,5.0,6.0,7.0,7.0,8.0,9.0,10.0,12.0,14.5,inferred
Cardiff,2021-05-01,1.0,2.0,3.0,3.0,4.0,4.0,5.0,6.0,7.0,7.0,8.0,9.0,13.0,inferred
Cardiff,2021-05-02,1.0,2.0,3.0,4.0,4.0,5.0,6.0,6.0,7.0,8.0,8.0,10.0,13.0,inferred
Cardiff,2021-05-03,2.0,4.0,5.0,6.0,6.0,7.0,8.0,9.0,10.0,11.0,11.0,14.0,17.0,inferred
Cardiff,2021-05-04,1.0,3.0,4.0,5.0,5.0,6.0,7.0,8.0,9.0,10.0,11.0,12.0,16.0,inferred
Cardiff,2021-05-05,2.0,4.0,5.0,6.0,6.0,7.0,8.0,9.0,11.0,11.0,12.0,14.0,18.0,inferred
Cardiff,2021-05-06,2.0,4.0,5.0,6.0,6.0,7.0,8.0,10.0,11.0,11.0,12.0,14.0,19.0,inferred
Cardiff,2021-05-07,2.0,3.0,4.0,5.0,5.0,6.0,7.0,8.0,9.0,10.0,10.0,12.0,16.0,inferred
Cardiff,2021-05-08,1.0,2.0,3.0,4.0,4.0,5.0,6.0,7.0,8.0,8.0,9.0,11.0,14.0,inferred
Cardiff,2021-05-09,1.0,2.0,4.0,4.0,5.0,5.0,6.0,7.0,8.0,9.0,9.0,11.0,15.0,inferred
Cardiff,2021-05-10,2.0,4.0,6.0,6.0,7.0,8.0,9.0,10.0,11.0,11.2,12.0,15.0,19.0,inferred
Cardiff,2021-05-11,2.0,4.0,5.0,6.0,6.0,7.0,8.0,9.0,10.0,11.0,11.0,13.0,17.0,inferred
Cardiff,2021-05-12,2.0,4.0,5.0,6.0,6.0,7.0,9.0,10.0,11.0,11.0,12.0,14.0,18.0,inferred
Cardiff,2021-05-13,2.0,4.0,5.0,5.0,6.0,7.0,8.0,9.0,10.0,11.0,11.0,14.0,17.0,inferred
Cardiff,2021-05-14,1.0,3.0,4.0,4.0,5.0,6.0,7.0,8.0,9.0,9.0,10.0,12.0,15.0,inferred
Cardiff,2021-05-15,1.0,2.0,3.0,3.0,3.0,4.0,5.0,6.0,6.0,7.0,8.0,9.0,12.0,inferred
Cardiff,2021-05-16,1.0,2.0,3.0,3.0,3.0,4.0,5.0,6.0,7.0,7.0,8.0,10.0,13.0,inferred
Cardiff,2021-05-17,2.0,3.0,4.0,5.0,5.0,6.0,7.0,8.0,9.0,9.0,10.0,12.0,15.5,inferred
Cardiff,2021-05-18,1.0,2.0,3.0,4.0,4.0,5.0,6.0,7.0,8.0,8.0,9.0,11.0,14.0,inferred
Cardiff,2021-05-19,1.0,3.0,4.0,4.0,5.0,6.0,6.0,7.0,8.0,9.0,9.0,11.0,14.0,inferred
Cardiff,2021-05-20,1.0,2.0,3.0,4.0,4.0,5.0,6.0,7.0,8.0,8.0,9.0,11.0,14.0,inferred
Cardiff,2021-05-21,1.0,2.0,3.0,3.0,4.0,4.0,5.0,6.0,7.0,7.0,8.0,9.0,12.0,inferred
Cardiff,2021-05-22,0.0,1.0,2.0,2.0,3.0,3.0,4.0,5.0,5.0,6.0,6.0,8.0,10.5,inferred
Cardiff,2021-05-23,0.0,1.0,2.0,2.0,3.0,3.0,4.0,5.0,6.0,6.0,7.0,8.0,11.0,inferred
Cardiff,2021-05-24,1.0,2.0,3.0,3.0,4.0,5.0,5.0,6.0,7.0,8.0,8.0,10.0,13.0,inferred
Cardiff,2021-05-25,1.0,2.0,3.0,3.0,3.0,4.0,5.0,6.0,7.0,7.0,8.0,9.0,12.0,inferred
Cardiff,2021-05-26,1.0,2.0,3.0,4.0,4.0,5.0,5.0,6.0,7.0,8.0,8.0,11.0,13.5,inferred
Cardiff,2021-05-27,1.0,2.0,3.0,4.0,4.0,5.0,6.0,7.0,8.0,8.0,9.0,10.0,14.0,inferred
Cardiff,2021-05-28,1.0,2.0,3.0,3.0,4.0,4.0,5.0,6.0,7.0,7.0,8.0,10.0,13.0,inferred
Cardiff,2021-05-29,0.0,1.0,2.0,2.0,3.0,3.0,4.0,5.0,6.0,6.0,7.0,8.0,11.5,inferred
Cardiff,2021-05-30,1.0,2.0,2.0,3.0,3.0,4.0,4.0,5.0,6.0,7.0,7.0,9.0,11.0,inferred
Cardiff,2021-05-31,1.0,3.0,4.0,4.0,5.0,6.0,7.0,7.0,9.0,9.0,10.0,12.0,15.0,inferred
Cardiff,2021-06-01,1.0,2.0,3.0,4.0,4.0,5.0,6.0,7.0,8.0,8.0,9.0,11.0,15.0,inferred
Cardiff,2021-06-02,2.0,3.0,4.0,5.0,6.0,6.0,7.0,8.0,9.0,10.0,11.0,13.0,16.5,inferred
Cardiff,2021-06-03,2.0,3.0,5.0,5.0,6.0,7.0,8.0,9.0,10.0,11.0,11.0,13.0,16.0,inferred
Cardiff,2021-06-04,2.0,3.0,5.0,5.0,6.0,6.0,7.0,8.0,9.0,10.0,11.0,13.0,16.0,inferred
Cardiff,2021-06-05,1.0,2.0,4.0,4.0,4.0,5.0,6.0,7.0,8.0,8.0,9.0,11.0,14.0,inferred
Cardiff,2021-06-06,2.0,3.0,4.0,5.0,5.0,6.0,7.0,8.0,9.0,10.0,10.0,12.0,16.0,inferred
Cardiff,2021-06-07,3.0,6.0,7.0,8.0,8.0,9.0,11.0,12.0,13.0,14.0,14.0,17.0,21.0,inferred
Cardiff,2021-06-08,3.0,5.0,7.0,7.0,8.0,9.0,10.0,11.0,12.0,13.0,14.0,16.0,20.0,inferred
Cardiff,2021-06-09,4.0,7.0,9.0,9.0,10.0,11.0,13.0,14.0,15.0,16.0,17.0,20.0,24.0,inferred
Cardiff,2021-06-10,5.0,8.0,10.0,10.0,11.0,12.0,13.5,15.0,16.0,17.0,18.0,20.0,25.0,inferred
Cardiff,2021-06-11,5.0,7.0,9.0,9.0,10.0,11.0,12.5,14.0,15.0,16.0,17.0,19.0,24.0,inferred
Cardiff,2021-06-12,3.0,6.0,7.0,8.0,8.0,10.0,11.0,12.0,13.0,14.0,14.0,17.0,20.5,inferred
Cardiff,2021-06-13,5.0,7.0,9.0,10.0,11.0,12.0,13.0,15.0,16.0,17.0,18.0,20.0,25.0,inferred
Cardiff,2021-06-14,9.0,13.0,15.0,16.0,17.0,18.0,20.0,21.0,23.0,24.0,25.0,29.0,34.0,inferred
Cardiff,2021-06-15,9.0,12.0,14.0,15.0,16.0,17.0,19.0,20.0,22.0,23.0,24.0,27.0,33.0,inferred
Cardiff,2021-06-16,12.0,15.0,18.0,19.0,19.0,21.0,23.0,24.0,26.0,27.0,29.0,32.0,38.5,inferred
Cardiff,2021-06-17,11.0,15.0,17.0,19.0,19.0,22.0,23.0,25.0,27.0,28.0,30.0,33.0,39.0,inferred
Cardiff,2021-06-18,10.0,14.0,16.0,17.0,18.0,19.6,21.0,23.0,25.0,26.0,27.0,31.0,38.0,inferred
Carlisle,2021-03-06,0.0,1.0,1.0,2.0,2.0,2.0,3.0,3.0,4.0,4.0,4.0,5.0,7.0,inferred
Carlisle,2021-03-07,0.0,1.0,2.0,2.0,2.0,3.0,3.0,3.0,4.0,4.0,5.0,6.0,7.5,inferred
Carlisle,2021-03-08,1.0,2.0,2.0,3.0,3.0,3.0,4.0,5.0,5.0,5.0,6.0,7.0,9.0,inferred
Carlisle,2021-03-09,0.0,1.0,2.0,2.0,2.0,3.0,4.0,4.0,5.0,5.0,6.0,7.0,9.0,inferred
Carlisle,2021-03-10,1.0,1.0,2.0,2.0,3.0,3.0,4.0,4.0,5.0,5.0,6.0,7.0,8.0,inferred
Carlisle,2021-03-11,0.0,1.0,2.0,2.0,2.0,3.0,3.0,4.0,4.0,5.0,5.0,6.0,8.0,inferred
Carlisle,2021-03-12,0.0,1.0,1.0,2.0,2.0,2.0,3.0,3.0,4.0,4.0,5.0,6.0,7.0,inferred
Carlisle,2021-03-13,0.0,1.0,1.0,1.0,1.0,2.0,2.0,3.0,3.0,4.0,4.0,5.0,7.0,inferred
Carlisle,2021-03-14,0.0,1.0,1.0,1.0,2.0,2.0,3.0,3.0,4.0,4.0,4.0,5.0,7.0,inferred
Carlisle,2021-03-15,0.0,1.0,2.0,2.0,2.0,3.0,3.0,4.0,4.0,5.0,5.0,6.0,8.0,inferred
Carlisle,2021-03-16,0.0,1.0,2.0,2.0,2.0,3.0,3.0,4.0,4.0,4.0,5.0,6.0,7.0,inferred
Carlisle,2021-03-17,0.0,1.0,1.8,2.0,2.0,2.0,3.0,3.0,4.0,4.0,5.0,6.0,8.0,inferred
Carlisle,2021-03-18,0.0,1.0,1.0,1.0,2.0,2.0,3.0,3.0,4.0,4.0,4.0,5.0,7.0,inferred
Carlisle,2021-03-19,0.0,1.0,1.0,1.0,2.0,2.0,2.0,3.0,3.0,4.0,4.0,5.0,7.0,inferred
Carlisle,2021-03-20,0.0,0.0,1.0,1.0,1.0,2.0,2.0,2.0,3.0,3.0,3.0,4.0,6.0,inferred
Carlisle,2021-03-21,0.0,0.0,1.0,1.0,1.0,2.0,2.0,3.0,3.0,3.0,4.0,5.0,6.0,inferred
Carlisle,2021-03-22,0.0,1.0,1.0,2.0,2.0,2.0,3.0,3.0,4.0,4.0,4.0,5.0,7.0,inferred
Carlisle,2021-03-23,0.0,1.0,1.0,1.0,2.0,2.0,2.0,3.0,3.0,4.0,4.0,5.0,7.0,inferred
Carlisle,2021-03-24,0.0,1.0,1.0,1.0,1.0,2.0,2.0,3.0,3.0,4.0,4.0,5.0,7.0,inferred
Carlisle,2021-03-25,0.0,0.0,1.0,1.0,1.0,2.0,2.0,3.0,3.0,3.0,4.0,5.0,6.0,inferred
Carlisle,2021-03-26,0.0,0.0,1.0,1.0,1.0,1.0,2.0,2.0,3.0,3.0,3.0,4.0,6.0,inferred
Carlisle,2021-03-27,0.0,0.0,0.0,1.0,1.0,1.0,1.0,2.0,2.0,2.0,3.0,3.0,5.0,inferred
Carlisle,2021-03-28,0.0,0.0,0.0,1.0,1.0,1.0,1.0,2.0,2.0,2.0,3.0,3.0,5.0,inferred
Carlisle,2021-03-29,0.0,0.0,1.0,1.0,1.0,2.0,2.0,2.0,3.0,3.0,3.0,4.0,6.0,inferred
Carlisle,2021-03-30,0.0,0.0,1.0,1.0,1.0,1.0,2.0,2.0,2.0,3.0,3.0,4.0,5.0,inferred
Carlisle,2021-03-31,0.0,0.0,1.0,1.0,1.0,1.0,2.0,2.0,2.0,3.0,3.0,4.0,5.0,inferred
Carlisle,2021-04-01,0.0,0.0,0.0,1.0,1.0,1.0,1.0,2.0,2.0,2.0,3.0,4.0,5.0,inferred
Carlisle,2021-04-02,0.0,0.0,0.0,0.0,1.0,1.0,1.0,2.0,2.0,2.0,2.0,3.0,4.0,inferred
Carlisle,2021-04-03,0.0,0.0,0.0,0.0,0.0,1.0,1.0,1.0,2.0,2.0,2.0,3.0,4.0,inferred
Carlisle,2021-04-04,0.0,0.0,0.0,0.0,0.0,1.0,1.0,1.0,2.0,2.0,2.0,3.0,4.0,inferred
Carlisle,2021-04-05,0.0,0.0,0.0,1.0,1.0,1.0,1.0,2.0,2.0,2.0,3.0,3.0,5.0,inferred
Carlisle,2021-04-06,0.0,0.0,0.0,0.0,1.0,1.0,1.0,2.0,2.0,2.0,2.0,3.0,4.0,inferred
Carlisle,2021-04-07,0.0,0.0,0.0,0.0,1.0,1.0,1.0,2.0,2.0,2.0,2.0,3.0,5.0,inferred
Carlisle,2021-04-08,0.0,0.0,0.0,0.0,0.0,1.0,1.0,1.0,2.0,2.0,2.0,3.0,4.0,inferred
Carlisle,2021-04-09,0.0,0.0,0.0,0.0,0.0,1.0,1.0,1.0,1.0,2.0,2.0,3.0,4.0,inferred
Carlisle,2021-04-10,0.0,0.0,0.0,0.0,0.0,0.0,1.0,1.0,1.0,1.0,2.0,2.0,3.0,inferred
Carlisle,2021-04-11,0.0,0.0,0.0,0.0,0.0,0.0,1.0,1.0,1.0,1.0,2.0,2.0,3.0,inferred
Carlisle,2021-04-12,0.0,0.0,0.0,0.0,0.0,1.0,1.0,1.0,1.0,2.0,2.0,3.0,4.0,inferred
Carlisle,2021-04-13,0.0,0.0,0.0,0.0,0.0,1.0,1.0,1.0,2.0,2.0,2.0,3.0,4.0,inferred
Carlisle,2021-04-14,0.0,0.0,0.0,0.0,0.0,1.0,1.0,1.0,2.0,2.0,2.0,3.0,4.0,inferred
Carlisle,2021-04-15,0.0,0.0,0.0,0.0,0.0,1.0,1.0,1.0,1.0,2.0,2.0,3.0,4.0,inferred
Carlisle,2021-04-16,0.0,0.0,0.0,0.0,0.0,0.0,1.0,1.0,1.0,1.0,2.0,2.0,4.0,inferred
Carlisle,2021-04-17,0.0,0.0,0.0,0.0,0.0,0.0,1.0,1.0,1.0,1.0,1.0,2.0,3.0,inferred
Carlisle,2021-04-18,0.0,0.0,0.0,0.0,0.0,0.0,1.0,1.0,1.0,1.0,1.0,2.0,3.0,inferred
Carlisle,2021-04-19,0.0,0.0,0.0,0.0,0.0,1.0,1.0,1.0,1.0,2.0,2.0,2.0,4.0,inferred
Carlisle,2021-04-20,0.0,0.0,0.0,0.0,0.0,1.0,1.0,1.0,1.0,2.0,2.0,3.0,4.0,inferred
Carlisle,2021-04-21,0.0,0.0,0.0,0.0,0.0,1.0,1.0,1.0,1.0,2.0,2.0,3.0,4.0,inferred
Carlisle,2021-04-22,0.0,0.0,0.0,0.0,0.0,1.0,1.0,1.0,1.0,2.0,2.0,2.0,4.0,inferred
Carlisle,2021-04-23,0.0,0.0,0.0,0.0,0.0,0.0,1.0,1.0,1.0,1.0,2.0,2.0,4.0,inferred
Carlisle,2021-04-24,0.0,0.0,0.0,0.0,0.0,0.0,0.5,1.0,1.0,1.0,1.0,2.0,3.0,inferred
Carlisle,2021-04-25,0.0,0.0,0.0,0.0,0.0,0.0,1.0,1.0,1.0,1.0,2.0,2.0,3.0,inferred
Carlisle,2021-04-26,0.0,0.0,0.0,0.0,0.0,1.0,1.0,1.0,1.0,2.0,2.0,3.0,4.0,inferred
Carlisle,2021-04-27,0.0,0.0,0.0,0.0,0.0,0.0,1.0,1.0,1.0,1.0,2.0,2.0,4.0,inferred
Carlisle,2021-04-28,0.0,0.0,0.0,0.0,0.0,0.0,1.0,1.0,1.0,1.0,2.0,2.0,4.0,inferred
Carlisle,2021-04-29,0.0,0.0,0.0,0.0,0.0,0.0,1.0,1.0,1.0,1.0,2.0,2.0,3.0,inferred
Carlisle,2021-04-30,0.0,0.0,0.0,0.0,0.0,0.0,1.0,1.0,1.0,1.0,2.0,2.0,3.0,inferred
Carlisle,2021-05-01,0.0,0.0,0.0,0.0,0.0,0.0,0.0,1.0,1.0,1.0,1.0,2.0,3.0,inferred
Carlisle,2021-05-02,0.0,0.0,0.0,0.0,0.0,0.0,0.0,1.0,1.0,1.0,1.0,2.0,3.0,inferred
Carlisle,2021-05-03,0.0,0.0,0.0,0.0,0.0,0.0,1.0,1.0,1.0,1.0,2.0,2.0,3.0,inferred
Carlisle,2021-05-04,0.0,0.0,0.0,0.0,0.0,0.0,1.0,1.0,1.0,1.0,2.0,2.0,3.0,inferred
Carlisle,2021-05-05,0.0,0.0,0.0,0.0,0.0,0.0,1.0,1.0,1.0,1.0,2.0,2.0,3.0,inferred
Carlisle,2021-05-06,0.0,0.0,0.0,0.0,0.0,0.0,1.0,1.0,1.0,1.0,2.0,2.0,3.0,inferred
Carlisle,2021-05-07,0.0,0.0,0.0,0.0,0.0,0.0,0.0,1.0,1.0,1.0,1.0,2.0,3.0,inferred
Carlisle,2021-05-08,0.0,0.0,0.0,0.0,0.0,0.0,0.0,1.0,1.0,1.0,1.0,2.0,3.0,inferred
Carlisle,2021-05-09,0.0,0.0,0.0,0.0,0.0,0.0,0.0,1.0,1.0,1.0,1.0,2.0,3.0,inferred
Carlisle,2021-05-10,0.0,0.0,0.0,0.0,0.0,0.0,1.0,1.0,1.0,1.0,2.0,2.0,3.0,inferred
Carlisle,2021-05-11,0.0,0.0,0.0,0.0,0.0,0.0,1.0,1.0,1.0,1.0,2.0,2.0,3.0,inferred
Carlisle,2021-05-12,0.0,0.0,0.0,0.0,0.0,0.0,1.0,1.0,1.0,1.0,1.0,2.0,3.0,inferred
Carlisle,2021-05-13,0.0,0.0,0.0,0.0,0.0,0.0,1.0,1.0,1.0,1.0,2.0,2.0,3.0,inferred
Carlisle,2021-05-14,0.0,0.0,0.0,0.0,0.0,0.0,1.0,1.0,1.0,1.0,1.0,2.0,3.0,inferred
Carlisle,2021-05-15,0.0,0.0,0.0,0.0,0.0,0.0,0.0,1.0,1.0,1.0,1.0,2.0,3.0,inferred
Carlisle,2021-05-16,0.0,0.0,0.0,0.0,0.0,0.0,1.0,1.0,1.0,1.0,1.0,2.0,3.0,inferred
Carlisle,2021-05-17,0.0,0.0,0.0,0.0,0.0,0.0,1.0,1.0,1.0,2.0,2.0,2.0,4.0,inferred
Carlisle,2021-05-18,0.0,0.0,0.0,0.0,0.0,0.0,1.0,1.0,1.0,1.0,2.0,2.0,4.0,inferred
Carlisle,2021-05-19,0.0,0.0,0.0,0.0,0.0,1.0,1.0,1.0,1.0,2.0,2.0,2.0,3.0,inferred
Carlisle,2021-05-20,0.0,0.0,0.0,0.0,0.0,0.0,1.0,1.0,1.0,2.0,2.0,2.0,4.0,inferred
Carlisle,2021-05-21,0.0,0.0,0.0,0.0,0.0,0.0,1.0,1.0,1.0,1.0,2.0,2.0,4.0,inferred
Carlisle,2021-05-22,0.0,0.0,0.0,0.0,0.0,0.0,1.0,1.0,1.0,1.0,1.0,2.0,3.0,inferred
Carlisle,2021-05-23,0.0,0.0,0.0,0.0,0.0,0.0,1.0,1.0,1.0,1.0,2.0,2.0,3.0,inferred
Carlisle,2021-05-24,0.0,0.0,0.0,0.0,0.0,1.0,1.0,1.0,2.0,2.0,2.0,3.0,4.0,inferred
Carlisle,2021-05-25,0.0,0.0,0.0,0.0,0.0,1.0,1.0,1.0,2.0,2.0,2.0,3.0,4.0,inferred
Carlisle,2021-05-26,0.0,0.0,0.0,0.0,0.0,1.0,1.0,1.0,2.0,2.0,2.0,3.0,4.0,inferred
Carlisle,2021-05-27,0.0,0.0,0.0,0.0,0.0,1.0,1.0,1.0,2.0,2.0,2.0,3.0,4.0,inferred
Carlisle,2021-05-28,0.0,0.0,0.0,0.0,0.0,1.0,1.0,1.0,2.0,2.0,2.0,3.0,4.0,inferred
Carlisle,2021-05-29,0.0,0.0,0.0,0.0,0.0,0.0,1.0,1.0,1.0,2.0,2.0,3.0,4.0,inferred
Carlisle,2021-05-30,0.0,0.0,0.0,0.0,0.0,1.0,1.0,1.0,2.0,2.0,2.0,3.0,4.0,inferred
Carlisle,2021-05-31,0.0,0.0,0.0,1.0,1.0,1.0,1.0,2.0,2.0,2.0,3.0,4.0,5.0,inferred
Carlisle,2021-06-01,0.0,0.0,0.0,1.0,1.0,1.0,1.0,2.0,2.0,2.0,3.0,4.0,5.0,inferred
Carlisle,2021-06-02,0.0,0.0,1.0,1.0,1.0,1.0,2.0,2.0,3.0,3.0,3.0,4.0,6.0,inferred
Carlisle,2021-06-03,0.0,0.0,1.0,1.0,1.0,2.0,2.0,2.0,3.0,3.0,4.0,4.0,6.0,inferred
Carlisle,2021-06-04,0.0,0.0,1.0,1.0,1.0,2.0,2.0,3.0,3.0,3.0,4.0,5.0,6.0,inferred
Carlisle,2021-06-05,0.0,0.0,1.0,1.0,1.0,2.0,2.0,2.0,3.0,3.0,3.0,4.0,6.0,inferred
Carlisle,2021-06-06,0.0,1.0,1.0,1.0,2.0,2.0,2.0,3.0,3.0,4.0,4.0,5.0,7.0,inferred
Carlisle,2021-06-07,0.0,1.0,2.0,2.0,3.0,3.0,4.0,4.0,5.0,5.0,6.0,7.0,9.0,inferred
Carlisle,2021-06-08,1.0,1.0,2.0,3.0,3.0,3.0,4.0,5.0,5.0,5.0,6.0,7.0,9.0,inferred
Carlisle,2021-06-09,1.0,2.0,3.0,3.0,4.0,4.0,5.0,5.0,6.0,7.0,7.0,8.0,10.0,inferred
Carlisle,2021-06-10,1.0,2.0,3.0,3.0,4.0,4.0,5.0,5.0,6.0,7.0,7.0,9.0,11.0,inferred
Carlisle,2021-06-11,1.0,2.0,3.0,4.0,4.0,5.0,5.0,6.0,7.0,7.0,7.0,9.0,10.0,inferred
Carlisle,2021-06-12,1.0,2.0,3.0,3.0,4.0,4.0,5.0,5.0,6.0,6.0,7.0,8.0,10.0,inferred
Carlisle,2021-06-13,2.0,3.0,4.0,4.0,4.0,5.0,6.0,7.0,7.0,8.0,8.0,10.0,12.0,inferred
Carlisle,2021-06-14,3.0,5.0,6.0,7.0,7.0,8.0,9.0,9.0,10.0,11.0,11.0,14.0,16.0,inferred
Carlisle,2021-06-15,3.0,5.0,6.0,7.0,7.0,8.0,9.0,10.0,11.0,11.0,12.0,14.0,16.0,inferred
Carlisle,2021-06-16,4.0,6.0,8.0,8.0,9.0,10.0,11.0,12.0,13.0,13.0,14.0,16.0,19.0,inferred
Carlisle,2021-06-17,4.0,6.0,8.0,8.0,9.0,10.0,11.0,12.0,13.0,14.0,14.0,16.0,20.0,inferred
Carlisle,2021-06-18,4.0,6.0,8.0,8.0,9.0,10.0,11.0,12.0,13.0,14.0,15.0,17.0,20.0,inferred
Carmarthenshire,2021-03-06,2.0,3.0,4.0,4.0,5.0,5.0,6.0,7.0,8.0,8.0,8.0,10.0,13.0,inferred
Carmarthenshire,2021-03-07,2.0,3.0,4.0,5.0,5.0,6.0,6.0,7.0,8.0,8.0,9.0,10.0,12.0,inferred
Carmarthenshire,2021-03-08,3.0,5.0,6.0,7.0,7.0,8.0,9.0,10.0,11.0,11.0,12.0,13.0,16.0,inferred
Carmarthenshire,2021-03-09,3.0,4.0,5.0,6.0,6.0,7.0,8.0,9.0,10.0,10.0,11.0,12.0,15.0,inferred
Carmarthenshire,2021-03-10,3.0,5.0,6.0,7.0,7.0,8.0,9.0,10.0,11.0,11.0,12.0,14.0,17.0,inferred
Carmarthenshire,2021-03-11,3.0,5.0,6.0,7.0,7.0,8.0,9.0,10.0,11.0,11.0,12.0,14.0,17.0,inferred
Carmarthenshire,2021-03-12,3.0,4.0,5.0,6.0,6.0,7.0,8.0,9.0,10.0,10.0,11.0,12.0,14.0,inferred
Carmarthenshire,2021-03-13,2.0,3.0,4.0,4.0,5.0,6.0,6.0,7.0,8.0,8.0,9.0,10.0,13.0,inferred
Carmarthenshire,2021-03-14,2.0,3.0,4.0,5.0,5.0,6.0,7.0,8.0,9.0,9.0,9.0,11.0,13.0,inferred
Carmarthenshire,2021-03-15,3.0,5.0,7.0,7.0,7.0,8.0,9.0,10.0,11.0,12.0,12.0,14.0,17.0,inferred
Carmarthenshire,2021-03-16,3.0,4.0,5.0,6.0,6.0,7.0,8.0,9.0,10.0,10.0,11.0,12.1,15.5,inferred
Carmarthenshire,2021-03-17,3.0,5.0,6.0,6.0,7.0,8.0,8.0,9.0,10.0,11.0,11.0,13.0,16.0,inferred
Carmarthenshire,2021-03-18,3.0,4.0,6.0,6.0,7.0,7.0,8.0,9.0,10.0,10.0,11.0,13.0,16.0,inferred
Carmarthenshire,2021-03-19,2.0,3.0,4.0,5.0,5.0,6.0,7.0,7.0,8.0,9.0,9.0,11.0,13.0,inferred
Carmarthenshire,2021-03-20,1.0,2.0,3.0,3.0,4.0,5.0,5.0,6.0,7.0,7.0,8.0,9.0,11.0,inferred
Carmarthenshire,2021-03-21,1.0,2.0,3.0,4.0,4.0,5.0,5.0,6.0,7.0,7.0,8.0,9.0,11.0,inferred
Carmarthenshire,2021-03-22,2.0,4.0,5.0,5.0,6.0,6.0,7.0,8.0,9.0,9.0,10.0,12.0,14.0,inferred
Carmarthenshire,2021-03-23,2.0,3.0,4.0,4.0,5.0,5.0,6.0,7.0,8.0,8.0,9.0,10.0,13.0,inferred
Carmarthenshire,2021-03-24,2.0,3.0,4.0,4.0,5.0,6.0,6.0,7.0,8.0,9.0,9.0,11.0,13.0,inferred
Carmarthenshire,2021-03-25,1.0,3.0,4.0,4.0,4.0,5.0,6.0,7.0,7.0,8.0,8.0,10.0,13.0,inferred
Carmarthenshire,2021-03-26,1.0,2.0,3.0,3.0,4.0,4.0,5.0,5.0,6.0,7.0,7.0,8.1,11.0,inferred
Carmarthenshire,2021-03-27,0.0,1.0,2.0,2.0,2.0,3.0,4.0,4.0,5.0,5.0,6.0,7.0,9.0,inferred
Carmarthenshire,2021-03-28,0.0,1.0,2.0,2.0,3.0,3.0,4.0,4.0,5.0,5.0,6.0,7.0,9.0,inferred
Carmarthenshire,2021-03-29,1.0,2.0,3.0,3.0,4.0,4.0,5.0,6.0,6.0,7.0,7.0,9.0,11.0,inferred
Carmarthenshire,2021-03-30,0.0,1.0,2.0,3.0,3.0,3.0,4.0,5.0,5.0,6.0,6.0,7.0,10.0,inferred
Carmarthenshire,2021-03-31,0.5,2.0,2.0,3.0,3.0,4.0,4.0,5.0,6.0,6.0,7.0,8.0,10.0,inferred
Carmarthenshire,2021-04-01,1.0,1.0,2.0,2.0,3.0,3.0,4.0,5.0,5.0,6.0,6.0,7.0,9.0,inferred
Carmarthenshire,2021-04-02,0.0,1.0,2.0,2.0,2.0,3.0,3.0,4.0,4.0,5.0,5.0,6.0,8.0,inferred
Carmarthenshire,2021-04-03,0.0,0.0,1.0,1.0,1.0,2.0,2.0,3.0,3.0,4.0,4.0,5.0,7.0,inferred
Carmarthenshire,2021-04-04,0.0,0.0,1.0,1.0,1.0,2.0,2.0,3.0,3.0,3.0,4.0,5.0,7.0,inferred
Carmarthenshire,2021-04-05,0.0,1.0,2.0,2.0,2.0,3.0,3.0,4.0,4.0,5.0,5.0,6.0,8.0,inferred
Carmarthenshire,2021-04-06,0.0,1.0,1.0,1.8,2.0,2.0,3.0,3.0,4.0,4.0,4.0,5.0,7.0,inferred
Carmarthenshire,2021-04-07,0.0,1.0,1.0,2.0,2.0,2.0,3.0,3.0,4.0,4.0,5.0,6.0,8.0,inferred
Carmarthenshire,2021-04-08,0.0,1.0,1.0,2.0,2.0,2.0,3.0,3.0,4.0,4.0,5.0,6.0,8.0,inferred
Carmarthenshire,2021-04-09,0.0,0.0,1.0,1.0,1.0,2.0,2.0,3.0,3.0,4.0,4.0,5.0,7.0,inferred
Carmarthenshire,2021-04-10,0.0,0.0,1.0,1.0,1.0,1.0,2.0,2.0,3.0,3.0,3.0,4.0,6.0,inferred
Carmarthenshire,2021-04-11,0.0,0.0,1.0,1.0,1.0,1.0,2.0,2.0,3.0,3.0,3.0,4.0,6.0,inferred
Carmarthenshire,2021-04-12,0.0,1.0,1.0,1.0,2.0,2.0,3.0,3.0,4.0,4.0,4.0,5.0,7.0,inferred
Carmarthenshire,2021-04-13,0.0,0.0,1.0,1.0,1.0,2.0,2.0,3.0,3.0,3.0,4.0,5.0,7.0,inferred
Carmarthenshire,2021-04-14,0.0,0.0,1.0,1.0,1.0,2.0,2.0,3.0,3.0,4.0,4.0,5.0,7.0,inferred
Carmarthenshire,2021-04-15,0.0,1.0,1.0,1.0,2.0,2.0,2.0,3.0,3.0,4.0,4.0,5.0,7.0,inferred
Carmarthenshire,2021-04-16,0.0,0.0,1.0,1.0,1.0,2.0,2.0,2.0,3.0,3.0,3.0,4.0,6.0,inferred
Carmarthenshire,2021-04-17,0.0,0.0,0.0,1.0,1.0,1.0,2.0,2.0,2.0,3.0,3.0,4.0,6.0,inferred
Carmarthenshire,2021-04-18,0.0,0.0,1.0,1.0,1.0,1.0,2.0,2.0,3.0,3.0,3.0,4.0,6.0,inferred
Carmarthenshire,2021-04-19,0.0,1.0,1.0,1.0,2.0,2.0,2.0,3.0,3.0,4.0,4.0,5.0,7.0,inferred
Carmarthenshire,2021-04-20,0.0,0.0,1.0,1.0,1.0,2.0,2.0,3.0,3.0,4.0,4.0,5.0,7.0,inferred
Carmarthenshire,2021-04-21,0.0,1.0,1.0,1.0,2.0,2.0,3.0,3.0,3.0,4.0,4.0,5.0,7.0,inferred
Carmarthenshire,2021-04-22,0.0,1.0,1.0,1.0,2.0,2.0,2.0,3.0,3.0,4.0,4.0,5.0,7.0,inferred
Carmarthenshire,2021-04-23,0.0,0.0,1.0,1.0,1.0,2.0,2.0,2.0,3.0,3.0,3.0,4.0,6.0,inferred
Carmarthenshire,2021-04-24,0.0,0.0,0.0,1.0,1.0,1.0,1.5,2.0,2.0,3.0,3.0,4.0,5.0,inferred
Carmarthenshire,2021-04-25,0.0,0.0,1.0,1.0,1.0,1.0,2.0,2.0,2.0,3.0,3.0,4.0,6.0,inferred
Carmarthenshire,2021-04-26,0.0,0.0,1.0,1.0,1.0,2.0,2.0,3.0,3.0,4.0,4.0,5.0,7.0,inferred
Carmarthenshire,2021-04-27,0.0,0.0,1.0,1.0,1.0,1.0,2.0,2.0,3.0,3.0,3.0,4.0,6.0,inferred
Carmarthenshire,2021-04-28,0.0,0.0,1.0,1.0,1.0,2.0,2.0,3.0,3.0,3.0,4.0,5.0,7.0,inferred
Carmarthenshire,2021-04-29,0.0,0.0,1.0,1.0,1.0,2.0,2.0,3.0,3.0,3.0,4.0,5.0,6.0,inferred
Carmarthenshire,2021-04-30,0.0,0.0,1.0,1.0,1.0,1.0,2.0,2.0,3.0,3.0,3.0,4.0,6.0,inferred
Carmarthenshire,2021-05-01,0.0,0.0,0.0,1.0,1.0,1.0,1.0,2.0,2.0,2.0,3.0,4.0,5.0,inferred
Carmarthenshire,2021-05-02,0.0,0.0,1.0,1.0,1.0,1.0,2.0,2.0,2.0,3.0,3.0,4.0,5.0,inferred
Carmarthenshire,2021-05-03,0.0,0.0,1.0,1.0,1.0,2.0,2.0,3.0,3.0,4.0,4.0,5.0,7.0,inferred
Carmarthenshire,2021-05-04,0.0,0.0,1.0,1.0,1.0,2.0,2.0,2.0,3.0,3.0,3.2,5.0,6.0,inferred
Carmarthenshire,2021-05-05,0.0,0.0,1.0,1.0,1.0,2.0,2.0,3.0,3.0,4.0,4.0,5.0,7.0,inferred
Carmarthenshire,2021-05-06,0.0,1.0,1.0,1.0,1.0,2.0,2.0,3.0,3.0,4.0,4.0,5.0,7.0,inferred
Carmarthenshire,2021-05-07,0.0,0.0,1.0,1.0,1.0,2.0,2.0,3.0,3.0,3.0,4.0,5.0,6.0,inferred
Carmarthenshire,2021-05-08,0.0,0.0,1.0,1.0,1.0,1.0,2.0,2.0,2.0,3.0,3.0,4.0,5.0,inferred
Carmarthenshire,2021-05-09,0.0,0.0,1.0,1.0,1.0,1.0,2.0,2.0,3.0,3.0,3.0,4.0,6.0,inferred
Carmarthenshire,2021-05-10,0.0,0.0,1.0,1.0,2.0,2.0,2.0,3.0,3.0,4.0,4.0,5.0,7.0,inferred
Carmarthenshire,2021-05-11,0.0,0.0,1.0,1.0,1.0,2.0,2.0,2.0,3.0,3.0,4.0,5.0,6.0,inferred
Carmarthenshire,2021-05-12,0.0,0.0,1.0,1.0,1.0,2.0,2.0,3.0,3.0,4.0,4.0,5.0,7.0,inferred
Carmarthenshire,2021-05-13,0.0,0.0,1.0,1.0,1.0,2.0,2.0,3.0,3.0,3.0,4.0,5.0,7.0,inferred
Carmarthenshire,2021-05-14,0.0,0.0,1.0,1.0,1.0,1.0,2.0,2.0,3.0,3.0,3.0,4.0,6.0,inferred
Carmarthenshire,2021-05-15,0.0,0.0,0.0,1.0,1.0,1.0,1.0,2.0,2.0,2.0,3.0,3.0,5.0,inferred
Carmarthenshire,2021-05-16,0.0,0.0,0.0,1.0,1.0,1.0,1.0,2.0,2.0,2.0,3.0,4.0,5.0,inferred
Carmarthenshire,2021-05-17,0.0,0.0,1.0,1.0,1.0,2.0,2.0,3.0,3.0,3.0,4.0,5.0,6.0,inferred
Carmarthenshire,2021-05-18,0.0,0.0,1.0,1.0,1.0,1.0,2.0,2.0,3.0,3.0,3.0,4.0,6.0,inferred
Carmarthenshire,2021-05-19,0.0,0.0,1.0,1.0,1.0,2.0,2.0,2.0,3.0,3.0,4.0,5.0,6.0,inferred
Carmarthenshire,2021-05-20,0.0,0.0,1.0,1.0,1.0,2.0,2.0,2.0,3.0,3.0,4.0,4.0,6.0,inferred
Carmarthenshire,2021-05-21,0.0,0.0,1.0,1.0,1.0,1.0,2.0,2.0,3.0,3.0,3.0,4.0,6.0,inferred
Carmarthenshire,2021-05-22,0.0,0.0,0.0,1.0,1.0,1.0,1.0,2.0,2.0,2.0,3.0,4.0,5.0,inferred
Carmarthenshire,2021-05-23,0.0,0.0,1.0,1.0,1.0,1.0,2.0,2.0,2.0,3.0,3.0,4.0,5.0,inferred
Carmarthenshire,2021-05-24,0.0,0.0,1.0,1.0,1.0,2.0,2.0,3.0,3.0,4.0,4.0,5.0,7.0,inferred
Carmarthenshire,2021-05-25,0.0,0.0,1.0,1.0,1.0,2.0,2.0,2.0,3.0,3.0,3.0,4.0,6.0,inferred
Carmarthenshire,2021-05-26,0.0,0.0,1.0,1.0,1.0,2.0,2.0,3.0,3.0,4.0,4.0,5.0,7.0,inferred
Carmarthenshire,2021-05-27,0.0,0.0,1.0,1.0,1.0,2.0,2.0,3.0,3.0,4.0,4.0,5.0,7.0,inferred
Carmarthenshire,2021-05-28,0.0,0.0,1.0,1.0,1.0,2.0,2.0,3.0,3.0,3.0,4.0,5.0,7.0,inferred
Carmarthenshire,2021-05-29,0.0,0.0,1.0,1.0,1.0,1.0,2.0,2.0,2.0,3.0,3.0,4.0,6.0,inferred
Carmarthenshire,2021-05-30,0.0,0.0,1.0,1.0,1.0,2.0,2.0,2.0,3.0,3.0,4.0,5.0,6.0,inferred
Carmarthenshire,2021-05-31,0.0,1.0,1.0,2.0,2.0,2.0,3.0,3.0,4.0,4.0,5.0,6.0,8.0,inferred
Carmarthenshire,2021-06-01,0.0,1.0,1.0,1.0,2.0,2.0,3.0,3.0,4.0,4.0,4.0,6.0,8.0,inferred
Carmarthenshire,2021-06-02,0.0,1.0,2.0,2.0,2.0,3.0,3.0,4.0,5.0,5.0,5.0,7.0,9.0,inferred
Carmarthenshire,2021-06-03,0.0,1.0,2.0,2.0,2.0,3.0,4.0,4.0,5.0,5.0,5.0,7.0,9.0,inferred
Carmarthenshire,2021-06-04,0.0,1.0,1.0,2.0,2.0,3.0,3.0,4.0,4.0,5.0,5.0,6.0,8.0,inferred
Carmarthenshire,2021-06-05,0.0,1.0,1.0,1.0,2.0,2.0,3.0,3.0,4.0,4.0,4.0,5.0,7.0,inferred
Carmarthenshire,2021-06-06,0.0,1.0,1.0,2.0,2.0,2.0,3.0,3.0,4.0,4.0,5.0,6.0,8.0,inferred
Carmarthenshire,2021-06-07,0.0,1.0,2.0,2.0,3.0,3.0,4.0,5.0,5.0,6.0,6.0,7.0,10.0,inferred
Carmarthenshire,2021-06-08,0.0,1.0,2.0,2.0,2.0,3.0,4.0,4.0,5.0,5.0,6.0,7.0,9.0,inferred
Carmarthenshire,2021-06-09,1.0,1.0,2.0,3.0,3.0,3.0,4.0,5.0,5.0,6.0,6.0,8.0,10.0,inferred
Carmarthenshire,2021-06-10,1.0,1.0,2.0,3.0,3.0,3.0,4.0,5.0,5.0,6.0,6.0,7.0,9.0,inferred
Carmarthenshire,2021-06-11,0.0,1.0,2.0,2.0,2.0,3.0,4.0,4.0,5.0,5.0,5.0,7.0,9.0,inferred
Carmarthenshire,2021-06-12,0.0,1.0,1.0,2.0,2.0,2.0,3.0,3.0,4.0,4.0,5.0,6.0,8.0,inferred
Carmarthenshire,2021-06-13,0.0,1.0,2.0,2.0,2.0,3.0,3.0,4.0,4.0,5.0,5.0,6.0,8.0,inferred
Carmarthenshire,2021-06-14,1.0,2.0,3.0,3.0,3.0,4.0,5.0,5.0,6.0,6.0,7.0,8.0,10.0,inferred
Carmarthenshire,2021-06-15,0.0,2.0,2.0,3.0,3.0,3.0,4.0,5.0,5.0,6.0,6.0,8.0,10.0,inferred
Carmarthenshire,2021-06-16,1.0,2.0,3.0,3.0,4.0,4.0,5.0,6.0,6.0,7.0,7.0,9.0,11.0,inferred
Carmarthenshire,2021-06-17,1.0,2.0,3.0,3.0,4.0,4.0,5.0,6.0,7.0,7.0,8.0,9.0,11.0,inferred
Carmarthenshire,2021-06-18,1.0,2.0,3.0,3.0,3.0,4.0,4.0,5.0,6.0,6.0,7.0,8.0,11.0,inferred
Castle Point,2021-03-06,0.0,1.0,1.0,2.0,2.0,3.0,3.0,4.0,4.0,5.0,5.0,6.0,9.0,inferred
Castle Point,2021-03-07,0.0,1.0,2.0,2.0,3.0,3.0,4.0,5.0,6.0,6.0,7.0,8.0,11.0,inferred
Castle Point,2021-03-08,1.0,2.0,3.0,4.0,4.0,5.0,6.0,7.0,8.0,8.0,9.0,11.0,14.0,inferred
Castle Point,2021-03-09,1.0,3.0,4.0,4.0,5.0,6.0,6.0,7.0,8.0,9.0,9.0,11.0,15.0,inferred
Castle Point,2021-03-10,1.0,3.0,4.0,4.0,5.0,6.0,7.0,8.0,9.0,9.0,10.0,12.0,15.0,inferred
Castle Point,2021-03-11,1.0,3.0,4.0,4.0,5.0,5.0,6.0,7.0,8.0,9.0,9.0,11.0,15.0,inferred
Castle Point,2021-03-12,1.0,2.0,3.0,4.0,4.0,5.0,6.0,7.0,8.0,8.0,9.0,10.0,13.0,inferred
Castle Point,2021-03-13,0.0,1.0,2.0,3.0,3.0,4.0,4.0,5.0,6.0,6.0,7.0,9.0,11.0,inferred
Castle Point,2021-03-14,1.0,2.0,3.0,3.0,4.0,4.0,5.0,6.0,7.0,7.0,8.0,9.0,12.0,inferred
Castle Point,2021-03-15,1.0,3.0,4.0,4.0,5.0,6.0,6.0,7.0,8.0,9.0,9.0,11.0,14.0,inferred
Castle Point,2021-03-16,1.0,3.0,4.0,4.0,4.0,5.0,6.0,7.0,8.0,9.0,10.0,11.0,15.0,inferred
Castle Point,2021-03-17,1.0,3.0,4.0,4.0,4.0,5.0,6.0,7.0,8.0,8.0,9.0,11.0,14.0,inferred
Castle Point,2021-03-18,1.0,2.0,3.0,4.0,4.0,5.0,6.0,6.0,7.0,8.0,8.0,10.0,13.0,inferred
Castle Point,2021-03-19,1.0,2.0,2.0,3.0,3.0,4.0,5.0,5.0,6.0,7.0,7.0,9.0,12.0,inferred
Castle Point,2021-03-20,0.0,1.0,2.0,2.0,2.0,3.0,4.0,4.0,5.0,5.0,6.0,7.0,10.0,inferred
Castle Point,2021-03-21,0.0,1.0,2.0,2.0,3.0,3.0,4.0,4.4,5.0,6.0,6.0,8.0,11.0,inferred
Castle Point,2021-03-22,0.0,2.0,3.0,3.0,3.0,4.0,5.0,6.0,6.0,7.0,8.0,9.0,12.0,inferred
Castle Point,2021-03-23,0.0,1.0,2.0,3.0,3.0,4.0,4.0,5.0,6.0,6.0,7.0,8.0,11.0,inferred
Castle Point,2021-03-24,0.0,1.0,2.0,3.0,3.0,4.0,4.0,5.0,6.0,6.0,7.0,8.0,11.0,inferred
Castle Point,2021-03-25,0.0,1.0,2.0,2.0,2.0,3.0,4.0,4.0,5.0,5.0,6.0,7.0,10.0,inferred
Castle Point,2021-03-26,0.0,1.0,1.0,2.0,2.0,3.0,3.0,4.0,4.0,5.0,5.0,7.0,9.0,inferred
Castle Point,2021-03-27,0.0,0.0,1.0,1.0,1.0,2.0,2.0,3.0,3.0,4.0,4.0,5.0,7.5,inferred
Castle Point,2021-03-28,0.0,0.0,1.0,1.0,2.0,2.0,2.0,3.0,4.0,4.0,5.0,6.0,8.0,inferred
Castle Point,2021-03-29,0.0,1.0,1.0,2.0,2.0,2.0,3.0,4.0,4.0,5.0,5.0,7.0,9.0,inferred
Castle Point,2021-03-30,0.0,0.0,1.0,1.0,2.0,2.0,3.0,3.0,4.0,4.0,5.0,6.0,8.0,inferred
Castle Point,2021-03-31,0.0,1.0,1.0,1.0,2.0,2.0,3.0,3.0,4.0,4.0,5.0,6.0,8.0,inferred
Castle Point,2021-04-01,0.0,0.0,1.0,1.0,1.0,2.0,2.0,3.0,4.0,4.0,4.0,6.0,8.0,inferred
Castle Point,2021-04-02,0.0,0.0,1.0,1.0,1.0,2.0,2.0,3.0,3.0,4.0,4.0,5.0,7.0,inferred
Castle Point,2021-04-03,0.0,0.0,0.0,1.0,1.0,1.0,2.0,2.0,3.0,3.0,3.0,4.0,6.0,inferred
Castle Point,2021-04-04,0.0,0.0,1.0,1.0,1.0,1.0,2.0,2.0,3.0,3.0,4.0,5.0,7.0,inferred
Castle Point,2021-04-05,0.0,0.0,1.0,1.0,1.0,2.0,2.0,3.0,3.0,4.0,4.0,5.0,8.0,inferred
Castle Point,2021-04-06,0.0,0.0,1.0,1.0,1.0,2.0,2.0,3.0,3.0,4.0,4.0,5.0,8.0,inferred
Castle Point,2021-04-07,0.0,0.0,1.0,1.0,1.0,2.0,2.0,3.0,3.0,4.0,4.0,5.0,7.0,inferred
Castle Point,2021-04-08,0.0,0.0,1.0,1.0,1.0,2.0,2.0,3.0,3.0,3.0,4.0,5.0,7.0,inferred
Castle Point,2021-04-09,0.0,0.0,0.0,1.0,1.0,1.0,2.0,2.0,3.0,3.0,3.0,5.0,7.0,inferred
Castle Point,2021-04-10,0.0,0.0,0.0,0.0,1.0,1.0,1.0,2.0,2.0,2.0,3.0,4.0,6.0,inferred
Castle Point,2021-04-11,0.0,0.0,0.0,0.0,1.0,1.0,1.0,2.0,2.0,3.0,3.0,4.0,6.0,inferred
Castle Point,2021-04-12,0.0,0.0,1.0,1.0,1.0,1.0,2.0,2.0,3.0,3.0,4.0,5.0,7.0,inferred
Castle Point,2021-04-13,0.0,0.0,0.0,1.0,1.0,1.0,2.0,2.0,3.0,3.0,3.0,5.0,6.0,inferred
Castle Point,2021-04-14,0.0,0.0,0.0,1.0,1.0,1.0,2.0,2.0,3.0,3.0,3.0,4.0,7.0,inferred
Castle Point,2021-04-15,0.0,0.0,0.0,0.0,1.0,1.0,1.0,2.0,2.0,3.0,3.0,4.0,6.0,inferred
Castle Point,2021-04-16,0.0,0.0,0.0,0.0,0.0,1.0,1.0,2.0,2.0,2.0,3.0,3.0,6.0,inferred
Castle Point,2021-04-17,0.0,0.0,0.0,0.0,0.0,0.0,1.0,1.0,2.0,2.0,2.0,3.0,5.0,inferred
Castle Point,2021-04-18,0.0,0.0,0.0,0.0,0.0,1.0,1.0,1.0,2.0,2.0,2.0,3.0,5.0,inferred
Castle Point,2021-04-19,0.0,0.0,0.0,0.0,0.0,1.0,1.0,1.0,2.0,2.0,3.0,4.0,5.0,inferred
Castle Point,2021-04-20,0.0,0.0,0.0,0.0,0.0,1.0,1.0,1.0,2.0,2.0,2.0,3.0,5.0,inferred
Castle Point,2021-04-21,0.0,0.0,0.0,0.0,0.0,1.0,1.0,1.0,2.0,2.0,3.0,4.0,5.5,inferred
Castle Point,2021-04-22,0.0,0.0,0.0,0.0,0.0,1.0,1.0,1.0,2.0,2.0,2.0,3.0,5.0,inferred
Castle Point,2021-04-23,0.0,0.0,0.0,0.0,0.0,0.0,1.0,1.0,1.0,2.0,2.0,3.0,4.5,inferred
Castle Point,2021-04-24,0.0,0.0,0.0,0.0,0.0,0.0,0.0,1.0,1.0,1.0,2.0,2.0,4.0,inferred
Castle Point,2021-04-25,0.0,0.0,0.0,0.0,0.0,0.0,0.0,1.0,1.0,1.0,2.0,2.0,4.0,inferred
Castle Point,2021-04-26,0.0,0.0,0.0,0.0,0.0,0.0,1.0,1.0,1.0,2.0,2.0,3.0,4.0,inferred
Castle Point,2021-04-27,0.0,0.0,0.0,0.0,0.0,0.0,1.0,1.0,1.0,1.2,2.0,3.0,4.0,inferred
Castle Point,2021-04-28,0.0,0.0,0.0,0.0,0.0,0.0,1.0,1.0,1.0,1.0,2.0,3.0,4.0,inferred
Castle Point,2021-04-29,0.0,0.0,0.0,0.0,0.0,0.0,0.0,1.0,1.0,1.0,2.0,2.0,4.0,inferred
Castle Point,2021-04-30,0.0,0.0,0.0,0.0,0.0,0.0,0.0,1.0,1.0,1.0,1.0,2.0,4.0,inferred
Castle Point,2021-05-01,0.0,0.0,0.0,0.0,0.0,0.0,0.0,0.0,1.0,1.0,1.0,2.0,3.0,inferred
Castle Point,2021-05-02,0.0,0.0,0.0,0.0,0.0,0.0,0.0,0.0,1.0,1.0,1.0,2.0,4.0,inferred
Castle Point,2021-05-03,0.0,0.0,0.0,0.0,0.0,0.0,0.0,1.0,1.0,1.0,2.0,2.0,4.0,inferred
Castle Point,2021-05-04,0.0,0.0,0.0,0.0,0.0,0.0,0.0,1.0,1.0,1.0,2.0,2.0,4.0,inferred
Castle Point,2021-05-05,0.0,0.0,0.0,0.0,0.0,0.0,0.0,1.0,1.0,1.0,2.0,2.0,4.0,inferred
Castle Point,2021-05-06,0.0,0.0,0.0,0.0,0.0,0.0,0.0,1.0,1.0,1.0,1.0,2.0,4.0,inferred
Castle Point,2021-05-07,0.0,0.0,0.0,0.0,0.0,0.0,0.0,1.0,1.0,1.0,1.0,2.0,4.0,inferred
Castle Point,2021-05-08,0.0,0.0,0.0,0.0,0.0,0.0,0.0,0.0,1.0,1.0,1.0,2.0,4.0,inferred
Castle Point,2021-05-09,0.0,0.0,0.0,0.0,0.0,0.0,0.0,1.0,1.0,1.0,1.0,2.0,4.0,inferred
Castle Point,2021-05-10,0.0,0.0,0.0,0.0,0.0,0.0,1.0,1.0,1.0,2.0,2.0,3.0,4.0,inferred
Castle Point,2021-05-11,0.0,0.0,0.0,0.0,0.0,0.0,1.0,1.0,1.0,1.0,2.0,3.0,4.0,inferred
Castle Point,2021-05-12,0.0,0.0,0.0,0.0,0.0,0.0,1.0,1.0,1.0,2.0,2.0,3.0,4.0,inferred
Castle Point,2021-05-13,0.0,0.0,0.0,0.0,0.0,0.0,1.0,1.0,1.0,1.0,2.0,2.0,4.0,inferred
Castle Point,2021-05-14,0.0,0.0,0.0,0.0,0.0,0.0,0.0,1.0,1.0,1.0,2.0,2.0,4.0,inferred
Castle Point,2021-05-15,0.0,0.0,0.0,0.0,0.0,0.0,0.0,0.0,1.0,1.0,1.0,2.0,4.0,inferred
Castle Point,2021-05-16,0.0,0.0,0.0,0.0,0.0,0.0,0.0,1.0,1.0,1.0,1.0,2.0,3.0,inferred
Castle Point,2021-05-17,0.0,0.0,0.0,0.0,0.0,0.0,1.0,1.0,1.0,2.0,2.0,3.0,4.0,inferred
Castle Point,2021-05-18,0.0,0.0,0.0,0.0,0.0,0.0,1.0,1.0,1.0,1.0,2.0,3.0,4.0,inferred
Castle Point,2021-05-19,0.0,0.0,0.0,0.0,0.0,0.0,1.0,1.0,1.0,2.0,2.0,3.0,4.0,inferred
Castle Point,2021-05-20,0.0,0.0,0.0,0.0,0.0,0.0,1.0,1.0,1.0,2.0,2.0,3.0,4.0,inferred
Castle Point,2021-05-21,0.0,0.0,0.0,0.0,0.0,0.0,1.0,1.0,1.0,1.0,2.0,3.0,4.0,inferred
Castle Point,2021-05-22,0.0,0.0,0.0,0.0,0.0,0.0,0.0,1.0,1.0,1.0,1.0,2.0,4.0,inferred
Castle Point,2021-05-23,0.0,0.0,0.0,0.0,0.0,0.0,1.0,1.0,1.0,1.0,2.0,3.0,4.0,inferred
Castle Point,2021-05-24,0.0,0.0,0.0,0.0,0.0,0.0,1.0,1.0,2.0,2.0,2.0,3.0,5.0,inferred
Castle Point,2021-05-25,0.0,0.0,0.0,0.0,0.0,1.0,1.0,1.0,2.0,2.0,2.0,3.0,5.0,inferred
Castle Point,2021-05-26,0.0,0.0,0.0,0.0,0.0,1.0,1.0,1.0,2.0,2.0,2.0,3.0,5.0,inferred
Castle Point,2021-05-27,0.0,0.0,0.0,0.0,0.0,1.0,1.0,1.0,2.0,2.0,2.0,3.0,5.0,inferred
Castle Point,2021-05-28,0.0,0.0,0.0,0.0,0.0,0.0,1.0,1.0,2.0,2.0,2.0,3.0,4.0,inferred
Castle Point,2021-05-29,0.0,0.0,0.0,0.0,0.0,0.0,1.0,1.0,1.0,2.0,2.0,3.0,4.0,inferred
Castle Point,2021-05-30,0.0,0.0,0.0,0.0,0.0,1.0,1.0,1.0,2.0,2.0,2.0,3.0,5.0,inferred
Castle Point,2021-05-31,0.0,0.0,0.0,0.0,1.0,1.0,1.0,2.0,2.0,3.0,3.0,4.0,6.0,inferred
Castle Point,2021-06-01,0.0,0.0,0.0,0.0,1.0,1.0,1.0,2.0,2.0,3.0,3.0,4.0,6.0,inferred
Castle Point,2021-06-02,0.0,0.0,0.0,1.0,1.0,1.0,2.0,2.0,3.0,3.0,4.0,5.0,7.0,inferred
Castle Point,2021-06-03,0.0,0.0,0.0,1.0,1.0,1.0,2.0,2.0,3.0,3.0,3.0,5.0,7.0,inferred
Castle Point,2021-06-04,0.0,0.0,0.0,1.0,1.0,1.0,2.0,2.0,3.0,3.0,3.0,4.0,7.0,inferred
Castle Point,2021-06-05,0.0,0.0,0.0,0.0,1.0,1.0,1.0,2.0,2.0,3.0,3.0,4.0,6.0,inferred
Castle Point,2021-06-06,0.0,0.0,1.0,1.0,1.0,1.0,2.0,2.0,3.0,3.0,4.0,5.0,7.0,inferred
Castle Point,2021-06-07,0.0,0.0,1.0,1.0,1.0,2.0,2.0,3.0,3.0,4.0,4.0,5.0,8.0,inferred
Castle Point,2021-06-08,0.0,0.0,1.0,1.0,1.0,2.0,2.0,3.0,4.0,4.0,4.0,6.0,8.0,inferred
Castle Point,2021-06-09,0.0,0.0,1.0,1.0,2.0,2.0,3.0,3.0,4.0,4.0,5.0,6.0,9.0,inferred
Castle Point,2021-06-10,0.0,0.0,1.0,1.0,1.0,2.0,3.0,3.0,4.0,4.0,5.0,6.0,8.0,inferred
Castle Point,2021-06-11,0.0,0.0,1.0,1.0,1.0,2.0,2.0,3.0,3.0,4.0,4.0,5.0,8.0,inferred
Castle Point,2021-06-12,0.0,0.0,1.0,1.0,1.0,1.0,2.0,2.0,3.0,3.0,4.0,5.0,7.0,inferred
Castle Point,2021-06-13,0.0,0.0,1.0,1.0,1.7,2.0,2.0,3.0,4.0,4.0,4.0,6.0,8.0,inferred
Castle Point,2021-06-14,0.0,1.0,1.0,2.0,2.0,3.0,3.0,4.0,5.0,5.0,6.0,7.0,9.0,inferred
Castle Point,2021-06-15,0.0,1.0,1.0,2.0,2.0,3.0,3.0,4.0,5.0,5.0,6.0,7.0,9.0,inferred
Castle Point,2021-06-16,0.0,1.0,2.0,2.0,2.0,3.0,4.0,4.0,5.0,5.0,6.0,7.0,10.0,inferred
Castle Point,2021-06-17,0.0,1.0,2.0,2.0,2.0,3.0,3.0,4.0,5.0,5.0,6.0,7.0,10.0,inferred
Castle Point,2021-06-18,0.0,1.0,1.0,2.0,2.0,2.0,3.0,4.0,4.0,5.0,5.0,7.0,9.0,inferred
Central Bedfordshire,2021-03-06,8.0,11.0,12.0,13.0,13.0,15.0,16.0,17.0,18.0,19.0,19.0,21.0,24.0,inferred
Central Bedfordshire,2021-03-07,11.0,13.0,15.0,16.0,16.0,17.0,19.0,20.0,21.0,22.0,23.0,25.0,28.0,inferred
Central Bedfordshire,2021-03-08,14.0,16.0,18.0,19.0,20.0,21.0,22.0,24.0,25.0,26.0,27.0,29.0,33.0,inferred
Central Bedfordshire,2021-03-09,12.5,15.0,17.0,18.0,19.0,20.0,22.0,23.0,25.0,25.0,26.0,29.0,33.0,inferred
Central Bedfordshire,2021-03-10,13.0,16.0,18.0,19.0,20.0,21.0,23.0,24.0,25.0,26.0,27.0,30.0,34.0,inferred
Central Bedfordshire,2021-03-11,12.0,15.0,17.0,17.0,18.0,20.0,21.0,22.0,23.3,24.0,25.0,28.0,32.0,inferred
Central Bedfordshire,2021-03-12,10.0,13.0,15.0,15.0,16.0,17.0,19.0,20.0,21.0,22.0,23.0,25.0,29.0,inferred
Central Bedfordshire,2021-03-13,7.5,10.0,12.0,12.0,13.0,14.0,15.0,16.0,17.0,18.0,19.0,21.0,25.0,inferred
Central Bedfordshire,2021-03-14,10.0,12.0,14.0,15.0,15.0,16.0,18.0,19.0,20.0,21.0,22.0,24.0,28.0,inferred
Central Bedfordshire,2021-03-15,12.0,15.0,18.0,19.0,19.0,21.0,22.0,23.0,25.0,26.0,27.0,29.0,33.0,inferred
Central Bedfordshire,2021-03-16,12.0,15.0,17.0,18.0,19.0,20.0,21.0,23.0,24.0,25.0,26.0,28.0,32.0,inferred
Central Bedfordshire,2021-03-17,13.0,16.0,19.0,20.0,20.0,22.0,23.0,24.0,26.0,26.0,27.0,30.0,34.0,inferred
Central Bedfordshire,2021-03-18,12.0,15.0,17.0,18.0,19.0,20.0,21.0,23.0,24.0,25.0,26.0,29.0,33.0,inferred
Central Bedfordshire,2021-03-19,10.5,13.0,15.8,16.0,17.0,18.0,19.0,21.0,22.0,23.0,24.0,26.0,30.0,inferred
Central Bedfordshire,2021-03-20,9.0,11.0,12.0,13.0,14.0,15.0,16.0,17.0,18.3,19.0,20.0,22.0,26.0,inferred
Central Bedfordshire,2021-03-21,10.0,13.0,15.0,16.0,17.0,18.0,19.0,20.0,21.0,22.0,23.0,25.0,29.5,inferred
Central Bedfordshire,2021-03-22,14.0,17.0,19.0,20.0,21.0,22.0,23.0,25.0,26.0,27.0,28.0,30.0,35.0,inferred
Central Bedfordshire,2021-03-23,13.0,15.0,18.0,18.0,19.0,20.0,22.0,23.0,25.0,25.0,26.0,29.0,33.0,inferred
Central Bedfordshire,2021-03-24,13.0,16.0,19.0,19.0,20.0,21.0,23.0,24.0,25.0,26.0,27.0,30.0,35.0,inferred
Central Bedfordshire,2021-03-25,11.0,14.0,16.0,17.0,17.0,19.0,20.0,21.0,23.0,23.0,24.0,27.0,30.0,inferred
Central Bedfordshire,2021-03-26,9.0,12.0,13.0,14.0,15.0,16.0,17.0,18.0,19.0,20.0,21.0,23.0,27.0,inferred
Central Bedfordshire,2021-03-27,7.0,8.0,10.0,10.0,11.0,12.0,13.0,14.0,15.0,16.0,17.0,19.0,22.0,inferred
Central Bedfordshire,2021-03-28,7.0,9.0,11.0,12.0,12.0,13.0,15.0,16.0,17.0,17.0,18.0,20.0,23.0,inferred
Central Bedfordshire,2021-03-29,9.0,11.9,13.0,14.0,15.0,16.0,17.0,18.0,20.0,20.0,21.0,23.0,27.0,inferred
Central Bedfordshire,2021-03-30,8.0,10.0,12.0,12.0,13.0,14.0,15.0,16.0,18.0,18.0,19.0,22.0,25.0,inferred
Central Bedfordshire,2021-03-31,8.0,11.0,12.0,13.0,13.0,14.0,16.0,17.0,18.0,19.0,19.0,22.0,25.0,inferred
Central Bedfordshire,2021-04-01,7.0,9.0,10.0,11.0,11.7,13.0,13.0,15.0,16.0,16.0,17.0,19.0,22.0,inferred
Central Bedfordshire,2021-04-02,5.0,7.0,8.0,9.0,9.0,10.0,11.0,12.0,14.0,14.0,15.0,17.0,20.0,inferred
Central Bedfordshire,2021-04-03,3.0,5.0,6.0,7.0,7.0,8.0,9.0,10.0,11.0,11.0,12.0,13.0,16.0,inferred
Central Bedfordshire,2021-04-04,4.0,6.0,7.0,8.0,8.0,9.0,10.0,11.0,12.0,12.0,13.0,15.0,18.0,inferred
Central Bedfordshire,2021-04-05,5.0,7.0,9.0,9.0,10.0,11.0,12.0,13.0,14.0,14.0,15.0,17.0,20.0,inferred
Central Bedfordshire,2021-04-06,5.0,7.0,8.0,9.0,9.0,10.0,11.0,12.0,13.0,14.0,14.0,16.0,19.0,inferred
Central Bedfordshire,2021-04-07,5.0,7.0,8.0,9.0,9.0,10.0,11.0,12.0,13.0,14.0,15.0,17.0,20.0,inferred
Central Bedfordshire,2021-04-08,4.0,6.0,7.0,8.0,8.0,9.0,10.0,11.0,12.0,13.0,13.0,15.0,18.0,inferred
Central Bedfordshire,2021-04-09,3.0,5.0,6.0,7.0,7.0,8.0,9.0,9.0,10.0,11.0,11.0,13.0,15.0,inferred
Central Bedfordshire,2021-04-10,2.0,4.0,5.0,5.0,5.0,6.0,7.0,8.0,8.0,9.0,9.0,11.0,13.0,inferred
Central Bedfordshire,2021-04-11,3.0,4.0,5.0,6.0,6.0,7.0,8.0,9.0,9.0,10.0,10.0,12.0,14.0,inferred
Central Bedfordshire,2021-04-12,3.0,5.0,7.0,7.0,8.0,8.0,9.0,10.0,11.0,12.0,12.0,14.0,17.0,inferred
Central Bedfordshire,2021-04-13,3.0,5.0,6.0,7.0,7.0,8.0,9.0,9.0,10.0,11.0,11.0,13.0,16.0,inferred
Central Bedfordshire,2021-04-14,3.5,5.0,6.0,7.0,7.0,8.0,9.0,10.0,11.0,11.0,12.0,14.0,16.0,inferred
Central Bedfordshire,2021-04-15,3.0,5.0,6.0,6.0,6.7,7.0,8.0,9.0,10.0,10.0,11.0,13.0,15.0,inferred
Central Bedfordshire,2021-04-16,2.0,4.0,5.0,5.0,6.0,6.0,7.0,8.0,9.0,9.0,10.0,11.0,14.0,inferred
Central Bedfordshire,2021-04-17,2.0,3.0,4.0,4.0,4.0,5.0,6.0,6.0,7.0,7.0,8.0,9.0,12.0,inferred
Central Bedfordshire,2021-04-18,2.0,3.0,4.0,5.0,5.0,6.0,6.0,7.0,8.0,8.0,9.0,10.0,13.0,inferred
Central Bedfordshire,2021-04-19,2.0,4.0,5.0,6.0,6.0,7.0,8.0,9.0,9.0,10.0,10.0,12.0,15.0,inferred
Central Bedfordshire,2021-04-20,2.0,4.0,5.0,5.0,6.0,7.0,7.0,8.0,9.0,9.0,10.0,11.0,14.0,inferred
Central Bedfordshire,2021-04-21,3.0,4.0,5.0,6.0,6.0,7.0,8.0,9.0,10.0,10.0,11.0,12.0,15.0,inferred
Central Bedfordshire,2021-04-22,2.0,4.0,5.0,5.0,6.0,7.0,7.0,8.0,9.0,10.0,10.0,12.0,14.0,inferred
Central Bedfordshire,2021-04-23,2.0,3.0,4.0,5.0,5.0,6.0,7.0,8.0,8.0,9.0,9.0,11.0,13.0,inferred
Central Bedfordshire,2021-04-24,1.0,3.0,4.0,4.0,4.0,5.0,6.0,6.0,7.0,7.0,8.0,9.0,11.0,inferred
Central Bedfordshire,2021-04-25,2.0,3.0,4.0,5.0,5.0,6.0,7.0,7.0,8.0,8.0,9.0,10.1,13.0,inferred
Central Bedfordshire,2021-04-26,3.0,5.0,6.0,6.0,7.0,8.0,8.0,9.0,10.0,11.0,11.0,13.0,16.0,inferred
Central Bedfordshire,2021-04-27,3.0,4.0,5.0,6.0,6.0,7.0,8.0,9.0,10.0,10.0,11.0,13.0,15.0,inferred
Central Bedfordshire,2021-04-28,3.0,4.0,6.0,6.0,7.0,8.0,8.5,9.0,10.0,11.0,11.0,13.0,16.0,inferred
Central Bedfordshire,2021-04-29,3.0,4.0,5.0,6.0,6.0,7.0,8.0,9.0,9.0,10.0,11.0,12.0,15.0,inferred
Central Bedfordshire,2021-04-30,2.0,4.0,5.0,5.0,5.0,6.0,7.0,8.0,9.0,9.0,10.0,11.0,14.0,inferred
Central Bedfordshire,2021-05-01,1.0,3.0,4.0,4.0,4.0,5.0,6.0,6.0,7.0,7.0,8.0,9.0,11.0,inferred
Central Bedfordshire,2021-05-02,2.0,3.0,4.0,5.0,5.0,6.0,7.0,7.0,8.0,9.0,9.0,11.0,13.0,inferred
Central Bedfordshire,2021-05-03,3.0,4.0,6.0,6.0,7.0,7.0,8.0,9.0,10.0,11.0,11.0,13.0,16.0,inferred
Central Bedfordshire,2021-05-04,3.0,4.0,6.0,6.0,7.0,7.0,8.0,9.0,10.0,10.0,11.0,12.0,15.0,inferred
Central Bedfordshire,2021-05-05,4.0,5.0,7.0,7.0,7.7,8.0,9.0,10.0,11.0,11.0,12.0,14.0,16.5,inferred
Central Bedfordshire,2021-05-06,3.0,5.0,6.0,7.0,7.0,8.0,9.0,9.0,11.0,11.0,12.0,13.0,16.0,inferred
Central Bedfordshire,2021-05-07,3.0,4.0,6.0,6.0,7.0,7.0,8.0,9.0,10.0,10.0,11.0,13.0,15.0,inferred
Central Bedfordshire,2021-05-08,2.0,4.0,5.0,5.0,6.0,6.0,7.0,8.0,9.0,9.0,10.0,11.0,14.0,inferred
Central Bedfordshire,2021-05-09,3.0,5.0,6.0,7.0,7.0,8.0,9.0,10.0,10.0,11.0,12.0,13.0,16.0,inferred
Central Bedfordshire,2021-05-10,5.0,7.0,9.0,9.0,10.0,10.0,11.0,12.0,13.0,14.0,15.0,17.0,20.0,inferred
Central Bedfordshire,2021-05-11,5.0,7.0,9.0,9.0,10.0,11.0,12.0,13.0,14.0,15.0,15.0,17.0,20.0,inferred
Central Bedfordshire,2021-05-12,6.0,8.0,10.0,11.0,11.0,12.0,13.0,14.0,15.0,16.0,17.0,19.0,22.0,inferred
Central Bedfordshire,2021-05-13,7.0,8.0,10.0,11.0,11.0,12.0,13.0,14.0,15.0,16.0,17.0,19.0,21.0,inferred
Central Bedfordshire,2021-05-14,5.0,7.0,9.0,10.0,10.0,11.0,12.0,13.0,14.0,15.0,15.0,17.1,20.0,inferred
Central Bedfordshire,2021-05-15,4.0,6.0,7.0,8.0,8.0,9.0,10.0,11.0,12.0,12.0,13.0,15.0,18.0,inferred
Central Bedfordshire,2021-05-16,5.0,7.0,9.0,9.0,10.0,11.0,12.0,13.0,14.0,15.0,16.0,18.0,21.0,inferred
Central Bedfordshire,2021-05-17,8.0,10.0,12.0,13.0,14.0,15.0,15.0,17.0,18.0,18.0,19.0,21.0,25.0,inferred
Central Bedfordshire,2021-05-18,8.0,10.0,12.0,13.0,13.0,15.0,16.0,17.0,18.0,19.0,19.0,22.0,25.0,inferred
Central Bedfordshire,2021-05-19,9.0,12.0,13.0,14.0,15.0,16.0,17.0,18.0,20.0,20.0,21.0,23.0,27.0,inferred
Central Bedfordshire,2021-05-20,9.0,11.0,13.0,14.0,14.0,15.0,16.0,17.0,19.0,19.0,20.0,22.0,26.0,inferred
Central Bedfordshire,2021-05-21,8.0,10.0,12.0,13.0,13.0,14.0,15.0,16.0,18.0,18.0,19.0,21.0,25.0,inferred
Central Bedfordshire,2021-05-22,6.0,8.0,10.0,10.0,11.0,12.0,13.0,14.0,15.0,16.0,16.0,18.0,21.0,inferred
Central Bedfordshire,2021-05-23,8.0,10.0,12.0,13.0,13.0,14.0,15.0,16.0,17.0,18.0,19.0,21.0,25.0,inferred
Central Bedfordshire,2021-05-24,10.5,14.0,15.0,16.0,17.0,18.0,19.0,21.0,22.0,23.0,24.0,26.0,30.0,inferred
Central Bedfordshire,2021-05-25,11.0,14.0,16.0,17.0,17.0,18.0,20.0,21.0,22.0,23.0,24.0,26.0,30.0,inferred
Central Bedfordshire,2021-05-26,12.0,15.0,17.0,18.0,18.0,20.0,21.0,23.0,24.0,25.0,26.0,28.0,32.0,inferred
Central Bedfordshire,2021-05-27,11.5,14.0,16.0,17.0,18.0,19.0,20.0,22.0,23.0,24.0,25.0,27.0,32.0,inferred
Central Bedfordshire,2021-05-28,11.0,13.0,15.0,16.0,17.0,18.0,19.0,20.0,22.0,23.0,23.0,26.0,30.0,inferred
Central Bedfordshire,2021-05-29,8.0,11.0,13.0,13.0,14.0,15.0,16.0,17.0,18.0,19.0,20.0,22.0,25.0,inferred
Central Bedfordshire,2021-05-30,11.0,14.0,16.0,16.0,17.0,18.0,20.0,21.0,22.0,23.0,24.0,26.0,29.0,inferred
Central Bedfordshire,2021-05-31,14.0,18.0,20.0,21.0,22.0,24.0,25.0,27.0,28.0,29.0,30.0,33.0,37.0,inferred
Central Bedfordshire,2021-06-01,15.0,18.0,20.0,21.0,22.0,23.0,25.0,26.0,28.0,29.0,30.0,32.0,37.0,inferred
Central Bedfordshire,2021-06-02,17.0,20.0,23.0,24.0,25.0,26.0,28.0,29.0,31.0,32.0,33.0,36.0,41.0,inferred
Central Bedfordshire,2021-06-03,16.0,19.0,22.0,23.0,23.0,25.0,26.0,28.0,29.0,30.0,31.0,34.0,38.0,inferred
Central Bedfordshire,2021-06-04,13.0,17.0,19.0,20.0,21.0,22.0,24.0,25.0,27.0,28.0,29.0,32.0,36.0,inferred
Central Bedfordshire,2021-06-05,11.0,14.0,16.0,16.0,17.0,19.0,20.0,21.0,22.0,23.0,24.0,26.0,30.0,inferred
Central Bedfordshire,2021-06-06,14.0,17.0,19.0,20.0,21.0,22.0,24.0,25.0,26.0,27.0,29.0,31.0,35.5,inferred
Central Bedfordshire,2021-06-07,19.0,23.0,25.0,26.0,27.0,29.0,30.0,32.0,34.0,35.0,36.0,39.0,43.0,inferred
Central Bedfordshire,2021-06-08,18.0,22.0,24.0,25.0,26.0,28.0,30.0,31.0,33.0,34.0,35.0,38.0,43.0,inferred
Central Bedfordshire,2021-06-09,20.0,23.0,26.0,27.0,28.0,29.0,31.0,33.0,34.0,35.0,36.0,39.1,44.0,inferred
Central Bedfordshire,2021-06-10,17.5,21.0,23.0,24.0,25.0,27.0,28.0,30.0,31.3,32.0,34.0,36.0,40.0,inferred
Central Bedfordshire,2021-06-11,15.0,18.0,20.0,21.0,22.0,24.0,25.0,26.0,28.0,29.0,29.0,32.0,37.0,inferred
Central Bedfordshire,2021-06-12,12.0,14.0,16.0,17.0,17.0,19.0,20.0,21.0,23.0,23.0,24.0,26.0,30.0,inferred
Central Bedfordshire,2021-06-13,14.0,17.0,19.0,20.0,20.0,22.0,23.0,24.0,25.0,26.0,27.0,30.0,34.0,inferred
Central Bedfordshire,2021-06-14,17.0,21.0,23.0,24.0,25.0,27.0,28.0,30.0,31.0,32.0,33.0,36.0,40.0,inferred
Central Bedfordshire,2021-06-15,16.0,19.0,22.0,23.0,24.0,25.0,27.0,28.0,30.0,31.0,32.0,35.0,39.0,inferred
Central Bedfordshire,2021-06-16,17.0,20.0,23.0,24.0,25.0,26.0,28.0,29.0,31.0,32.0,33.0,36.0,41.5,inferred
Central Bedfordshire,2021-06-17,15.0,18.0,21.0,21.0,22.0,24.0,25.0,27.0,28.0,30.0,31.0,34.0,39.0,inferred
Central Bedfordshire,2021-06-18,13.0,16.0,18.0,19.0,20.0,21.0,23.0,24.0,26.0,27.0,28.0,30.0,35.0,inferred
Ceredigion,2021-03-06,0.0,0.0,0.0,0.0,0.0,0.0,0.0,1.0,1.0,1.0,1.0,2.0,3.0,inferred
Ceredigion,2021-03-07,0.0,0.0,0.0,0.0,0.0,0.0,0.0,1.0,1.0,1.0,1.0,2.0,3.0,inferred
Ceredigion,2021-03-08,0.0,0.0,0.0,0.0,0.0,0.0,0.0,1.0,1.0,1.0,1.0,2.0,3.0,inferred
Ceredigion,2021-03-09,0.0,0.0,0.0,0.0,0.0,0.0,0.0,1.0,1.0,1.0,1.0,2.0,4.0,inferred
Ceredigion,2021-03-10,0.0,0.0,0.0,0.0,0.0,0.0,0.0,1.0,1.0,1.0,2.0,2.0,4.0,inferred
Ceredigion,2021-03-11,0.0,0.0,0.0,0.0,0.0,0.0,0.0,1.0,1.0,1.0,1.0,2.0,4.0,inferred
Ceredigion,2021-03-12,0.0,0.0,0.0,0.0,0.0,0.0,0.0,1.0,1.0,1.0,1.0,2.0,3.0,inferred
Ceredigion,2021-03-13,0.0,0.0,0.0,0.0,0.0,0.0,0.0,0.0,1.0,1.0,1.0,2.0,4.0,inferred
Ceredigion,2021-03-14,0.0,0.0,0.0,0.0,0.0,0.0,0.0,1.0,1.0,1.0,1.0,2.0,4.0,inferred
Ceredigion,2021-03-15,0.0,0.0,0.0,0.0,0.0,0.0,1.0,1.0,1.0,2.0,2.0,3.0,4.0,inferred
Ceredigion,2021-03-16,0.0,0.0,0.0,0.0,0.0,0.0,0.0,1.0,1.0,1.0,1.0,2.0,4.0,inferred
Ceredigion,2021-03-17,0.0,0.0,0.0,0.0,0.0,0.0,1.0,1.0,1.0,1.0,2.0,3.0,4.0,inferred
Ceredigion,2021-03-18,0.0,0.0,0.0,0.0,0.0,0.0,0.0,1.0,1.0,1.0,2.0,2.0,4.0,inferred
Ceredigion,2021-03-19,0.0,0.0,0.0,0.0,0.0,0.0,0.0,1.0,1.0,1.0,2.0,2.0,4.0,inferred
Ceredigion,2021-03-20,0.0,0.0,0.0,0.0,0.0,0.0,0.0,0.0,1.0,1.0,1.0,2.0,3.0,inferred
Ceredigion,2021-03-21,0.0,0.0,0.0,0.0,0.0,0.0,0.0,1.0,1.0,1.0,1.0,2.0,3.0,inferred
Ceredigion,2021-03-22,0.0,0.0,0.0,0.0,0.0,0.0,0.0,1.0,1.0,1.0,2.0,2.0,4.0,inferred
Ceredigion,2021-03-23,0.0,0.0,0.0,0.0,0.0,0.0,0.0,1.0,1.0,1.0,1.0,2.0,4.0,inferred
Ceredigion,2021-03-24,0.0,0.0,0.0,0.0,0.0,0.0,1.0,1.0,1.0,1.0,2.0,2.0,4.0,inferred
Ceredigion,2021-03-25,0.0,0.0,0.0,0.0,0.0,0.0,1.0,1.0,1.0,1.0,2.0,2.0,4.0,inferred
Ceredigion,2021-03-26,0.0,0.0,0.0,0.0,0.0,0.0,0.0,1.0,1.0,1.0,1.0,2.0,4.0,inferred
Ceredigion,2021-03-27,0.0,0.0,0.0,0.0,0.0,0.0,0.0,1.0,1.0,1.0,1.0,2.0,4.0,inferred
Ceredigion,2021-03-28,0.0,0.0,0.0,0.0,0.0,0.0,0.0,1.0,1.0,1.0,1.0,2.0,4.0,inferred
Ceredigion,2021-03-29,0.0,0.0,0.0,0.0,0.0,0.0,1.0,1.0,1.0,2.0,2.0,3.0,4.0,inferred
Ceredigion,2021-03-30,0.0,0.0,0.0,0.0,0.0,0.0,1.0,1.0,1.0,1.0,2.0,2.0,4.0,inferred
Ceredigion,2021-03-31,0.0,0.0,0.0,0.0,0.0,0.0,1.0,1.0,1.0,2.0,2.0,3.0,4.0,inferred
Ceredigion,2021-04-01,0.0,0.0,0.0,0.0,0.0,0.0,1.0,1.0,1.0,1.0,2.0,3.0,4.0,inferred
Ceredigion,2021-04-02,0.0,0.0,0.0,0.0,0.0,0.0,0.0,1.0,1.0,1.0,1.0,2.0,3.0,inferred
Ceredigion,2021-04-03,0.0,0.0,0.0,0.0,0.0,0.0,0.0,0.0,1.0,1.0,1.0,2.0,3.0,inferred
Ceredigion,2021-04-04,0.0,0.0,0.0,0.0,0.0,0.0,0.0,0.0,1.0,1.0,1.0,2.0,3.0,inferred
Ceredigion,2021-04-05,0.0,0.0,0.0,0.0,0.0,0.0,0.0,1.0,1.0,1.0,2.0,2.0,4.0,inferred
Ceredigion,2021-04-06,0.0,0.0,0.0,0.0,0.0,0.0,0.0,1.0,1.0,1.0,1.0,2.0,3.0,inferred
Ceredigion,2021-04-07,0.0,0.0,0.0,0.0,0.0,0.0,0.0,1.0,1.0,1.0,2.0,2.0,4.0,inferred
Ceredigion,2021-04-08,0.0,0.0,0.0,0.0,0.0,0.0,0.0,1.0,1.0,1.0,1.0,2.0,3.5,inferred
Ceredigion,2021-04-09,0.0,0.0,0.0,0.0,0.0,0.0,0.0,1.0,1.0,1.0,1.0,2.0,3.5,inferred
Ceredigion,2021-04-10,0.0,0.0,0.0,0.0,0.0,0.0,0.0,0.0,1.0,1.0,1.0,2.0,3.0,inferred
Ceredigion,2021-04-11,0.0,0.0,0.0,0.0,0.0,0.0,0.0,0.0,1.0,1.0,1.0,2.0,3.0,inferred
Ceredigion,2021-04-12,0.0,0.0,0.0,0.0,0.0,0.0,0.0,1.0,1.0,1.0,2.0,2.0,4.0,inferred
Ceredigion,2021-04-13,0.0,0.0,0.0,0.0,0.0,0.0,0.0,1.0,1.0,1.0,1.0,2.0,4.0,inferred
Ceredigion,2021-04-14,0.0,0.0,0.0,0.0,0.0,0.0,0.0,1.0,1.0,1.0,1.2,2.0,4.0,inferred
Ceredigion,2021-04-15,0.0,0.0,0.0,0.0,0.0,0.0,0.0,1.0,1.0,1.0,1.0,2.0,4.0,inferred
Ceredigion,2021-04-16,0.0,0.0,0.0,0.0,0.0,0.0,0.0,1.0,1.0,1.0,1.0,2.0,3.0,inferred
Ceredigion,2021-04-17,0.0,0.0,0.0,0.0,0.0,0.0,0.0,0.0,1.0,1.0,1.0,2.0,3.0,inferred
Ceredigion,2021-04-18,0.0,0.0,0.0,0.0,0.0,0.0,0.0,0.0,1.0,1.0,1.0,2.0,3.0,inferred
Ceredigion,2021-04-19,0.0,0.0,0.0,0.0,0.0,0.0,0.0,1.0,1.0,1.0,2.0,2.0,4.0,inferred
Ceredigion,2021-04-20,0.0,0.0,0.0,0.0,0.0,0.0,0.0,1.0,1.0,1.0,1.0,2.0,3.0,inferred
Ceredigion,2021-04-21,0.0,0.0,0.0,0.0,0.0,0.0,0.0,1.0,1.0,1.0,1.0,2.0,4.0,inferred
Ceredigion,2021-04-22,0.0,0.0,0.0,0.0,0.0,0.0,0.0,1.0,1.0,1.0,1.0,2.0,4.0,inferred
Ceredigion,2021-04-23,0.0,0.0,0.0,0.0,0.0,0.0,0.0,0.0,1.0,1.0,1.0,2.0,3.0,inferred
Ceredigion,2021-04-24,0.0,0.0,0.0,0.0,0.0,0.0,0.0,0.0,1.0,1.0,1.0,2.0,3.0,inferred
Ceredigion,2021-04-25,0.0,0.0,0.0,0.0,0.0,0.0,0.0,0.0,1.0,1.0,1.0,2.0,3.0,inferred
Ceredigion,2021-04-26,0.0,0.0,0.0,0.0,0.0,0.0,0.0,1.0,1.0,1.0,1.0,2.0,4.0,inferred
Ceredigion,2021-04-27,0.0,0.0,0.0,0.0,0.0,0.0,0.0,1.0,1.0,1.0,1.0,2.0,4.0,inferred
Ceredigion,2021-04-28,0.0,0.0,0.0,0.0,0.0,0.0,0.0,1.0,1.0,1.0,1.0,2.0,3.0,inferred
Ceredigion,2021-04-29,0.0,0.0,0.0,0.0,0.0,0.0,0.0,1.0,1.0,1.0,1.0,2.0,4.0,inferred
Ceredigion,2021-04-30,0.0,0.0,0.0,0.0,0.0,0.0,0.0,0.0,1.0,1.0,1.0,2.0,3.0,inferred
Ceredigion,2021-05-01,0.0,0.0,0.0,0.0,0.0,0.0,0.0,0.0,1.0,1.0,1.0,2.0,3.0,inferred
Ceredigion,2021-05-02,0.0,0.0,0.0,0.0,0.0,0.0,0.0,0.0,1.0,1.0,1.0,2.0,3.0,inferred
Ceredigion,2021-05-03,0.0,0.0,0.0,0.0,0.0,0.0,0.0,1.0,1.0,1.0,2.0,2.0,4.0,inferred
Ceredigion,2021-05-04,0.0,0.0,0.0,0.0,0.0,0.0,0.0,1.0,1.0,1.0,1.0,2.0,4.0,inferred
Ceredigion,2021-05-05,0.0,0.0,0.0,0.0,0.0,0.0,0.0,1.0,1.0,1.0,2.0,2.0,3.0,inferred
Ceredigion,2021-05-06,0.0,0.0,0.0,0.0,0.0,0.0,0.0,1.0,1.0,1.0,2.0,2.0,4.0,inferred
Ceredigion,2021-05-07,0.0,0.0,0.0,0.0,0.0,0.0,0.0,1.0,1.0,1.0,1.0,2.0,4.0,inferred
Ceredigion,2021-05-08,0.0,0.0,0.0,0.0,0.0,0.0,0.0,0.0,1.0,1.0,1.0,2.0,3.0,inferred
Ceredigion,2021-05-09,0.0,0.0,0.0,0.0,0.0,0.0,0.0,0.0,1.0,1.0,1.0,2.0,3.0,inferred
Ceredigion,2021-05-10,0.0,0.0,0.0,0.0,0.0,0.0,0.0,1.0,1.0,1.0,1.0,2.0,4.0,inferred
Ceredigion,2021-05-11,0.0,0.0,0.0,0.0,0.0,0.0,0.0,1.0,1.0,1.0,1.0,2.0,4.0,inferred
Ceredigion,2021-05-12,0.0,0.0,0.0,0.0,0.0,0.0,0.0,1.0,1.0,1.0,1.0,2.0,4.0,inferred
Ceredigion,2021-05-13,0.0,0.0,0.0,0.0,0.0,0.0,0.0,1.0,1.0,1.0,1.0,2.0,3.5,inferred
Ceredigion,2021-05-14,0.0,0.0,0.0,0.0,0.0,0.0,0.0,0.0,1.0,1.0,1.0,2.0,4.0,inferred
Ceredigion,2021-05-15,0.0,0.0,0.0,0.0,0.0,0.0,0.0,0.0,1.0,1.0,1.0,2.0,3.0,inferred
Ceredigion,2021-05-16,0.0,0.0,0.0,0.0,0.0,0.0,0.0,0.0,1.0,1.0,1.0,2.0,3.0,inferred
Ceredigion,2021-05-17,0.0,0.0,0.0,0.0,0.0,0.0,0.0,1.0,1.0,1.0,1.0,2.0,3.0,inferred
Ceredigion,2021-05-18,0.0,0.0,0.0,0.0,0.0,0.0,0.0,1.0,1.0,1.0,1.0,2.0,4.0,inferred
Ceredigion,2021-05-19,0.0,0.0,0.0,0.0,0.0,0.0,0.0,1.0,1.0,1.0,1.0,2.0,3.0,inferred
Ceredigion,2021-05-20,0.0,0.0,0.0,0.0,0.0,0.0,0.0,1.0,1.0,1.0,1.0,2.0,3.0,inferred
Ceredigion,2021-05-21,0.0,0.0,0.0,0.0,0.0,0.0,0.0,0.0,1.0,1.0,1.0,2.0,3.0,inferred
Ceredigion,2021-05-22,0.0,0.0,0.0,0.0,0.0,0.0,0.0,0.0,1.0,1.0,1.0,2.0,3.0,inferred
Ceredigion,2021-05-23,0.0,0.0,0.0,0.0,0.0,0.0,0.0,0.0,1.0,1.0,1.0,2.0,3.0,inferred
Ceredigion,2021-05-24,0.0,0.0,0.0,0.0,0.0,0.0,0.0,1.0,1.0,1.0,1.0,2.0,4.0,inferred
Ceredigion,2021-05-25,0.0,0.0,0.0,0.0,0.0,0.0,0.0,0.0,1.0,1.0,1.0,2.0,3.5,inferred
Ceredigion,2021-05-26,0.0,0.0,0.0,0.0,0.0,0.0,0.0,1.0,1.0,1.0,1.0,2.0,3.0,inferred
Ceredigion,2021-05-27,0.0,0.0,0.0,0.0,0.0,0.0,0.0,1.0,1.0,1.0,1.0,2.0,4.0,inferred
Ceredigion,2021-05-28,0.0,0.0,0.0,0.0,0.0,0.0,0.0,0.0,1.0,1.0,1.0,2.0,4.0,inferred
Ceredigion,2021-05-29,0.0,0.0,0.0,0.0,0.0,0.0,0.0,0.0,1.0,1.0,1.0,2.0,3.0,inferred
Ceredigion,2021-05-30,0.0,0.0,0.0,0.0,0.0,0.0,0.0,0.0,1.0,1.0,1.0,2.0,4.0,inferred
Ceredigion,2021-05-31,0.0,0.0,0.0,0.0,0.0,0.0,0.0,1.0,1.0,1.0,2.0,2.0,4.0,inferred
Ceredigion,2021-06-01,0.0,0.0,0.0,0.0,0.0,0.0,0.0,1.0,1.0,1.0,2.0,2.0,4.0,inferred
Ceredigion,2021-06-02,0.0,0.0,0.0,0.0,0.0,0.0,1.0,1.0,1.0,1.0,2.0,3.0,4.0,inferred
Ceredigion,2021-06-03,0.0,0.0,0.0,0.0,0.0,0.0,1.0,1.0,1.0,2.0,2.0,3.0,5.0,inferred
Ceredigion,2021-06-04,0.0,0.0,0.0,0.0,0.0,0.0,1.0,1.0,1.0,2.0,2.0,3.0,4.0,inferred
Ceredigion,2021-06-05,0.0,0.0,0.0,0.0,0.0,0.0,1.0,1.0,1.0,1.0,2.0,2.0,4.0,inferred
Ceredigion,2021-06-06,0.0,0.0,0.0,0.0,0.0,0.0,1.0,1.0,1.0,1.0,2.0,3.0,4.0,inferred
Ceredigion,2021-06-07,0.0,0.0,0.0,0.0,0.0,1.0,1.0,1.0,2.0,2.0,3.0,4.0,5.0,inferred
Ceredigion,2021-06-08,0.0,0.0,0.0,0.0,0.0,1.0,1.0,1.0,2.0,2.0,2.0,3.0,5.0,inferred
Ceredigion,2021-06-09,0.0,0.0,0.0,0.0,1.0,1.0,1.0,2.0,2.0,2.0,3.0,4.0,6.0,inferred
Ceredigion,2021-06-10,0.0,0.0,0.0,1.0,1.0,1.0,1.0,2.0,2.0,3.0,3.0,4.0,7.0,inferred
Ceredigion,2021-06-11,0.0,0.0,0.0,0.0,1.0,1.0,1.0,2.0,2.0,3.0,3.0,4.0,6.0,inferred
Ceredigion,2021-06-12,0.0,0.0,0.0,0.0,1.0,1.0,1.0,2.0,2.0,2.0,3.0,4.0,6.0,inferred
Ceredigion,2021-06-13,0.0,0.0,0.0,1.0,1.0,1.0,2.0,2.0,3.0,3.0,3.0,4.0,6.0,inferred
Ceredigion,2021-06-14,0.0,0.0,1.0,1.0,2.0,2.0,3.0,3.0,4.0,4.0,5.0,6.0,8.0,inferred
Ceredigion,2021-06-15,0.0,0.0,1.0,1.0,1.0,2.0,2.0,3.0,4.0,4.0,5.0,6.0,8.0,inferred
Ceredigion,2021-06-16,0.0,1.0,1.0,2.0,2.0,2.0,3.0,4.0,4.0,5.0,5.0,7.0,9.0,inferred
Ceredigion,2021-06-17,0.0,1.0,1.0,2.0,2.0,3.0,3.0,4.0,5.0,5.0,6.0,7.0,10.0,inferred
Ceredigion,2021-06-18,0.0,1.0,1.0,2.0,2.0,3.0,3.0,4.0,5.0,5.0,6.0,7.0,10.0,inferred
Charnwood,2021-03-06,10.0,13.0,15.0,16.0,17.0,18.0,20.0,21.0,23.0,24.0,25.0,28.0,33.0,inferred
Charnwood,2021-03-07,13.0,16.0,19.0,20.0,21.0,22.0,24.0,26.0,27.0,28.0,30.0,33.0,37.0,inferred
Charnwood,2021-03-08,17.0,21.0,24.0,25.0,26.0,28.0,29.0,31.0,33.0,34.0,36.0,39.0,44.0,inferred
Charnwood,2021-03-09,15.0,19.0,22.0,23.0,24.0,26.0,28.0,29.0,31.0,32.0,34.0,37.0,43.0,inferred
Charnwood,2021-03-10,16.0,19.0,22.0,23.0,24.0,26.0,27.0,29.0,31.0,32.0,34.0,37.0,42.0,inferred
Charnwood,2021-03-11,13.0,16.0,19.0,20.0,21.0,22.0,24.0,25.0,27.0,28.0,29.0,32.0,37.0,inferred
Charnwood,2021-03-12,10.0,13.9,16.0,17.0,18.0,20.0,21.0,23.0,24.0,25.0,26.0,29.0,34.0,inferred
Charnwood,2021-03-13,7.0,10.0,12.0,12.0,13.0,15.0,16.0,17.0,19.0,19.0,21.0,23.0,27.0,inferred
Charnwood,2021-03-14,9.0,11.0,14.0,15.0,15.0,17.0,18.0,20.0,21.0,22.0,23.0,26.0,31.0,inferred
Charnwood,2021-03-15,11.0,15.0,17.0,18.0,19.0,21.0,22.0,24.0,25.0,26.0,27.0,31.0,37.0,inferred
Charnwood,2021-03-16,11.0,14.0,16.0,17.0,18.0,20.0,21.0,23.0,24.0,25.0,26.0,30.0,34.0,inferred
Charnwood,2021-03-17,12.0,15.0,17.0,18.0,19.0,20.0,22.0,24.0,26.0,27.0,28.0,30.0,36.0,inferred
Charnwood,2021-03-18,10.0,13.0,15.0,16.0,17.0,18.0,20.0,21.0,23.0,24.0,25.0,28.0,33.0,inferred
Charnwood,2021-03-19,8.0,11.9,14.0,15.0,15.0,17.0,18.0,19.0,21.0,22.0,23.0,26.0,31.0,inferred
Charnwood,2021-03-20,7.0,9.0,11.0,12.0,12.0,14.0,15.0,16.0,17.0,18.0,19.0,22.0,26.0,inferred
Charnwood,2021-03-21,8.0,11.0,13.0,14.0,15.0,16.0,17.0,19.0,20.0,21.0,22.0,25.0,29.0,inferred
Charnwood,2021-03-22,11.0,15.0,17.0,18.0,19.0,20.0,22.0,24.0,26.0,27.0,28.0,30.0,35.0,inferred
Charnwood,2021-03-23,11.0,14.0,16.0,17.0,18.0,20.0,21.0,23.0,25.0,26.0,27.0,30.0,35.0,inferred
Charnwood,2021-03-24,11.0,14.0,17.0,17.0,18.0,20.0,21.0,23.0,24.0,25.0,27.0,30.0,34.0,inferred
Charnwood,2021-03-25,9.0,12.0,14.0,15.0,16.0,17.0,18.0,20.0,21.0,22.0,23.0,27.0,31.0,inferred
Charnwood,2021-03-26,7.0,10.0,12.0,13.0,13.0,15.0,16.0,17.0,19.0,20.0,21.0,23.0,27.5,inferred
Charnwood,2021-03-27,5.0,7.0,9.0,9.0,10.0,11.0,12.0,13.0,15.0,15.0,16.0,19.0,23.0,inferred
Charnwood,2021-03-28,6.0,8.0,10.0,11.0,11.0,13.0,14.0,15.0,16.0,17.0,18.0,21.0,24.0,inferred
Charnwood,2021-03-29,8.0,10.0,12.0,13.0,14.0,15.0,17.0,18.0,20.0,21.0,21.0,24.0,30.0,inferred
Charnwood,2021-03-30,7.0,9.0,11.0,12.0,13.0,14.0,16.0,17.0,18.0,19.0,20.0,23.0,27.0,inferred
Charnwood,2021-03-31,7.0,9.0,11.0,12.0,13.0,14.0,15.0,17.0,18.0,19.0,20.0,23.0,27.0,inferred
Charnwood,2021-04-01,5.0,8.0,9.0,10.0,11.0,12.0,13.0,14.0,16.0,16.0,17.0,20.0,25.0,inferred
Charnwood,2021-04-02,4.5,7.0,8.0,9.0,9.0,10.6,12.0,13.0,14.0,15.0,16.0,18.0,22.0,inferred
Charnwood,2021-04-03,3.0,4.0,6.0,6.0,7.0,8.0,9.0,10.0,11.0,12.0,12.0,14.1,18.0,inferred
Charnwood,2021-04-04,3.0,5.0,7.0,7.0,8.0,9.0,10.0,11.0,12.0,13.0,14.0,16.0,20.0,inferred
Charnwood,2021-04-05,5.0,7.0,9.0,9.0,10.0,11.0,12.0,13.0,15.0,15.0,16.0,19.0,23.0,inferred
Charnwood,2021-04-06,4.0,6.0,8.0,9.0,9.0,10.0,11.0,13.0,14.0,15.0,15.0,17.0,22.0,inferred
Charnwood,2021-04-07,4.0,6.0,8.0,8.0,9.0,10.0,11.0,13.0,14.0,14.0,15.0,17.0,21.0,inferred
Charnwood,2021-04-08,3.0,5.0,7.0,7.0,8.0,9.0,10.0,11.0,12.0,13.0,14.0,16.0,20.0,inferred
Charnwood,2021-04-09,2.5,4.0,6.0,6.0,7.0,8.0,9.0,10.0,11.0,12.0,12.0,14.0,17.0,inferred
Charnwood,2021-04-10,2.0,3.0,4.0,4.0,5.0,6.0,6.0,7.0,8.0,9.0,10.0,12.0,15.0,inferred
Charnwood,2021-04-11,2.0,3.0,5.0,5.0,6.0,7.0,8.0,8.4,9.0,10.0,11.0,13.0,16.0,inferred
Charnwood,2021-04-12,3.0,5.0,6.0,7.0,7.0,8.0,9.0,10.0,11.0,12.0,13.0,15.0,18.5,inferred
Charnwood,2021-04-13,2.0,4.0,5.0,6.0,6.0,7.0,8.0,10.0,11.0,11.0,12.0,14.0,17.0,inferred
Charnwood,2021-04-14,3.0,4.0,6.0,6.0,7.0,8.0,9.0,10.0,11.0,11.0,12.0,15.0,18.0,inferred
Charnwood,2021-04-15,2.0,3.0,4.0,5.0,5.0,6.0,7.0,8.0,9.0,10.0,10.0,12.0,15.5,inferred
Charnwood,2021-04-16,1.0,3.0,4.0,4.0,5.0,5.0,6.0,7.0,8.0,8.0,9.0,11.0,14.0,inferred
Charnwood,2021-04-17,0.0,1.0,2.0,3.0,3.0,4.0,4.0,5.0,6.0,6.0,7.0,9.0,12.0,inferred
Charnwood,2021-04-18,1.0,2.0,3.0,3.0,4.0,4.0,5.0,6.0,7.0,7.0,8.0,9.0,12.0,inferred
Charnwood,2021-04-19,1.0,3.0,4.0,4.0,5.0,5.0,6.0,7.0,8.0,9.0,9.0,11.0,14.0,inferred
Charnwood,2021-04-20,1.0,2.0,3.0,4.0,4.0,5.0,6.0,6.4,7.0,8.0,9.0,10.0,14.0,inferred
Charnwood,2021-04-21,1.0,2.0,3.0,4.0,4.0,5.0,6.0,7.0,8.0,8.0,9.0,11.0,14.0,inferred
Charnwood,2021-04-22,1.0,2.0,3.0,3.0,3.0,4.0,5.0,6.0,7.0,7.0,8.0,9.0,12.0,inferred
Charnwood,2021-04-23,0.0,1.0,2.0,3.0,3.0,4.0,4.0,5.0,6.0,6.0,7.0,9.0,11.0,inferred
Charnwood,2021-04-24,0.0,1.0,1.0,2.0,2.0,3.0,3.0,4.0,5.0,5.0,6.0,7.0,9.0,inferred
Charnwood,2021-04-25,0.0,1.0,2.0,2.0,3.0,3.0,4.0,5.0,5.0,6.0,6.0,8.0,10.0,inferred
Charnwood,2021-04-26,1.0,2.0,3.0,3.0,3.0,4.0,5.0,6.0,6.0,7.0,7.0,9.0,12.0,inferred
Charnwood,2021-04-27,1.0,2.0,2.0,3.0,3.0,4.0,5.0,5.0,6.0,7.0,7.0,9.0,12.0,inferred
Charnwood,2021-04-28,1.0,2.0,3.0,3.0,3.0,4.0,5.0,6.0,6.0,7.0,8.0,9.0,12.0,inferred
Charnwood,2021-04-29,0.0,1.0,2.0,3.0,3.0,4.0,4.0,5.0,6.0,6.0,7.0,8.0,11.0,inferred
Charnwood,2021-04-30,0.0,1.0,2.0,2.0,2.0,3.0,4.0,4.0,5.0,6.0,6.0,8.0,11.0,inferred
Charnwood,2021-05-01,0.0,1.0,1.0,1.0,2.0,2.0,3.0,3.0,4.0,4.0,5.0,6.0,9.0,inferred
Charnwood,2021-05-02,0.0,1.0,1.0,2.0,2.0,3.0,3.0,4.0,5.0,5.0,5.0,7.0,9.0,inferred
Charnwood,2021-05-03,0.0,1.0,2.0,2.0,3.0,3.0,4.0,5.0,5.0,6.0,6.0,8.0,10.0,inferred
Charnwood,2021-05-04,0.0,1.0,2.0,2.0,2.0,3.0,4.0,4.0,5.0,5.0,6.0,7.0,10.0,inferred
Charnwood,2021-05-05,0.0,1.0,2.0,2.0,3.0,3.0,4.0,5.0,5.0,6.0,6.0,8.0,11.0,inferred
Charnwood,2021-05-06,0.0,1.0,2.0,2.0,2.0,3.0,3.0,4.0,5.0,5.0,5.0,7.0,9.0,inferred
Charnwood,2021-05-07,0.0,1.0,1.0,2.0,2.0,2.0,3.0,4.0,4.0,5.0,5.0,7.0,9.0,inferred
Charnwood,2021-05-08,0.0,0.0,1.0,1.0,1.0,2.0,2.0,3.0,3.0,4.0,4.0,6.0,8.0,inferred
Charnwood,2021-05-09,0.0,1.0,1.0,2.0,2.0,2.0,3.0,4.0,4.0,5.0,5.0,7.0,9.0,inferred
Charnwood,2021-05-10,0.0,1.0,2.0,2.0,3.0,3.0,4.0,4.0,5.0,6.0,6.0,8.0,10.0,inferred
Charnwood,2021-05-11,0.0,1.0,2.0,2.0,3.0,3.0,4.0,4.0,5.0,5.0,6.0,8.0,11.0,inferred
Charnwood,2021-05-12,0.0,1.0,2.0,3.0,3.0,4.0,4.0,5.0,6.0,6.0,7.0,8.0,11.0,inferred
Charnwood,2021-05-13,0.0,1.0,2.0,2.0,2.0,3.0,4.0,4.0,5.0,6.0,6.0,8.0,11.0,inferred
Charnwood,2021-05-14,0.0,1.0,2.0,2.0,2.0,3.0,4.0,4.0,5.0,5.0,6.0,7.0,10.0,inferred
Charnwood,2021-05-15,0.0,1.0,1.0,2.0,2.0,2.0,3.0,4.0,4.0,5.0,5.0,6.0,9.0,inferred
Charnwood,2021-05-16,0.0,1.0,2.0,2.0,2.0,3.0,4.0,4.0,5.0,5.0,6.0,7.0,10.0,inferred
Charnwood,2021-05-17,1.0,2.0,3.0,3.0,4.0,4.0,5.0,6.0,7.0,7.0,8.0,10.0,12.0,inferred
Charnwood,2021-05-18,1.0,2.0,3.0,3.0,4.0,5.0,5.0,6.0,7.0,8.0,8.0,10.0,13.0,inferred
Charnwood,2021-05-19,1.0,3.0,4.0,4.0,5.0,6.0,6.0,7.0,8.0,9.0,9.0,11.0,15.0,inferred
Charnwood,2021-05-20,1.0,3.0,4.0,4.0,5.0,6.0,6.0,7.0,9.0,9.0,10.0,12.0,14.5,inferred
Charnwood,2021-05-21,1.5,3.0,4.0,5.0,5.0,6.0,6.0,7.0,8.0,9.0,10.0,12.0,14.0,inferred
Charnwood,2021-05-22,1.0,3.0,3.0,4.0,4.0,5.0,6.0,7.0,8.0,8.0,9.0,11.0,13.0,inferred
Charnwood,2021-05-23,2.0,4.0,5.0,6.0,6.0,7.0,8.0,9.0,10.0,11.0,11.0,13.0,16.0,inferred
Charnwood,2021-05-24,4.0,6.0,8.0,8.0,9.0,10.0,11.0,12.0,14.0,14.0,15.0,17.0,22.0,inferred
Charnwood,2021-05-25,4.0,7.0,8.0,9.0,9.7,11.0,12.0,13.0,14.0,15.0,16.0,18.0,22.5,inferred
Charnwood,2021-05-26,5.0,8.0,10.0,10.0,11.0,12.0,14.0,15.0,16.0,17.0,18.0,21.0,25.0,inferred
Charnwood,2021-05-27,5.0,8.0,9.0,10.0,11.0,12.0,13.0,14.0,16.0,17.0,18.0,20.0,24.0,inferred
Charnwood,2021-05-28,5.0,7.0,9.0,10.0,10.0,12.0,13.0,14.0,15.0,16.0,17.0,19.1,23.0,inferred
Charnwood,2021-05-29,4.0,5.9,7.0,8.0,9.0,10.0,11.0,12.0,13.0,14.0,15.0,17.0,21.0,inferred
Charnwood,2021-05-30,6.0,8.0,10.0,10.0,11.0,12.0,13.0,15.0,16.0,17.0,17.0,20.0,25.0,inferred
Charnwood,2021-05-31,9.0,12.0,14.0,14.0,15.0,17.0,18.0,19.0,21.0,22.0,23.0,26.0,31.0,inferred
Charnwood,2021-06-01,9.0,12.0,14.0,15.0,16.0,17.0,19.0,20.0,22.0,23.0,24.0,26.0,31.0,inferred
Charnwood,2021-06-02,10.0,13.0,16.0,17.0,17.0,19.0,20.0,22.0,24.0,25.0,26.0,29.0,34.0,inferred
Charnwood,2021-06-03,9.0,12.0,14.0,16.0,16.0,18.0,19.0,21.0,22.0,23.0,24.0,27.0,31.0,inferred
Charnwood,2021-06-04,9.0,11.0,13.0,14.0,15.0,17.0,18.0,20.0,21.0,22.0,23.0,26.0,32.0,inferred
Charnwood,2021-06-05,6.0,9.0,11.0,12.0,12.0,14.0,15.0,16.0,18.0,19.0,20.0,22.0,26.0,inferred
Charnwood,2021-06-06,9.0,11.0,14.0,14.0,15.0,17.0,18.0,20.0,21.0,22.0,24.0,27.0,31.0,inferred
Charnwood,2021-06-07,12.5,16.0,19.0,20.0,21.0,22.0,24.0,26.0,28.0,29.0,30.0,33.0,39.0,inferred
Charnwood,2021-06-08,12.0,16.0,19.0,20.0,21.0,22.0,24.0,25.0,27.0,28.0,29.0,33.0,38.0,inferred
Charnwood,2021-06-09,13.0,17.0,19.0,20.8,22.0,23.0,25.0,27.0,28.0,29.0,30.0,34.0,40.0,inferred
Charnwood,2021-06-10,11.0,14.9,17.0,18.0,19.0,21.0,22.0,24.0,25.0,26.0,27.0,30.0,35.0,inferred
Charnwood,2021-06-11,10.0,13.0,15.0,16.0,17.0,18.0,20.0,21.0,23.0,24.0,25.0,28.0,32.5,inferred
Charnwood,2021-06-12,7.0,10.0,12.0,12.0,13.0,14.0,16.0,17.0,19.0,20.0,20.0,23.0,27.0,inferred
Charnwood,2021-06-13,9.0,12.0,14.0,14.0,15.0,17.0,18.0,20.0,21.0,22.0,23.0,26.0,31.0,inferred
Charnwood,2021-06-14,12.0,16.0,18.0,19.0,20.0,22.0,23.0,25.0,27.0,28.0,29.0,32.0,38.0,inferred
Charnwood,2021-06-15,12.0,15.0,18.0,19.0,20.0,21.0,23.0,25.0,27.0,28.0,29.0,32.0,38.0,inferred
Charnwood,2021-06-16,13.0,17.0,20.0,21.0,21.0,23.0,25.0,27.0,28.0,30.0,31.0,34.0,40.0,inferred
Charnwood,2021-06-17,12.0,15.0,17.0,19.0,19.0,21.0,23.0,25.0,27.0,28.0,29.0,32.0,37.0,inferred
Charnwood,2021-06-18,11.0,14.0,16.0,17.0,18.0,20.0,21.0,23.0,25.0,26.0,27.0,31.0,35.0,inferred
Chelmsford,2021-03-06,1.0,3.0,4.0,4.0,5.0,6.0,6.0,7.0,9.0,9.0,10.0,12.0,15.0,inferred
Chelmsford,2021-03-07,1.0,3.0,4.0,5.0,5.0,6.0,7.0,8.0,9.0,10.0,11.0,13.0,16.5,inferred
Chelmsford,2021-03-08,2.0,4.0,5.0,6.0,6.0,7.0,8.0,9.0,10.0,11.0,12.0,14.0,18.0,inferred
Chelmsford,2021-03-09,2.0,3.0,4.0,5.0,5.0,6.0,7.0,8.0,9.0,10.0,11.0,14.0,18.0,inferred
Chelmsford,2021-03-10,2.0,3.0,4.0,5.0,5.0,6.0,7.0,9.0,10.0,11.0,11.0,14.0,18.0,inferred
Chelmsford,2021-03-11,1.0,3.0,4.0,4.0,5.0,6.0,7.0,8.0,9.0,10.0,10.0,13.0,17.0,inferred
Chelmsford,2021-03-12,1.0,2.0,3.0,4.0,4.0,5.0,6.0,7.0,8.0,9.0,9.0,11.0,15.0,inferred
Chelmsford,2021-03-13,0.0,1.0,3.0,3.0,3.0,4.0,5.0,6.0,7.0,7.0,8.0,10.0,13.0,inferred
Chelmsford,2021-03-14,1.0,2.0,3.0,4.0,4.0,5.0,6.0,6.0,7.0,8.0,9.0,11.0,15.0,inferred
Chelmsford,2021-03-15,1.0,3.0,4.0,5.0,5.0,6.0,7.0,8.0,9.0,10.0,11.0,13.0,17.5,inferred
Chelmsford,2021-03-16,1.0,3.0,4.0,4.0,5.0,6.0,7.0,8.0,9.0,10.0,10.0,12.0,16.0,inferred
Chelmsford,2021-03-17,1.0,3.0,4.0,5.0,5.0,6.0,7.0,8.0,9.0,10.0,11.0,13.0,16.0,inferred
Chelmsford,2021-03-18,1.0,3.0,4.0,4.0,5.0,5.0,6.0,8.0,9.0,9.0,10.0,12.0,16.0,inferred
Chelmsford,2021-03-19,1.0,2.0,3.0,3.0,4.0,5.0,5.0,6.0,7.0,8.0,9.0,11.0,14.5,inferred
Chelmsford,2021-03-20,0.0,1.0,2.0,2.0,3.0,4.0,4.0,5.0,6.0,7.0,7.0,9.0,12.0,inferred
Chelmsford,2021-03-21,1.0,2.0,3.0,3.0,3.0,4.0,5.0,6.0,7.0,8.0,8.0,10.0,14.0,inferred
Chelmsford,2021-03-22,1.0,2.0,3.0,4.0,4.0,5.0,6.0,7.0,8.0,9.0,10.0,12.0,16.0,inferred
Chelmsford,2021-03-23,1.0,2.0,3.0,4.0,4.0,5.0,6.0,6.0,8.0,8.0,9.0,11.0,14.0,inferred
Chelmsford,2021-03-24,1.0,2.0,3.0,4.0,4.0,5.0,6.0,7.0,8.0,8.0,9.0,11.0,15.0,inferred
Chelmsford,2021-03-25,1.0,2.0,3.0,3.0,3.0,4.0,5.0,6.0,7.0,7.0,8.0,10.0,14.0,inferred
Chelmsford,2021-03-26,0.0,1.0,2.0,3.0,3.0,3.0,4.0,5.0,6.0,7.0,7.0,9.0,13.0,inferred
Chelmsford,2021-03-27,0.0,1.0,1.0,2.0,2.0,3.0,3.0,4.0,5.0,5.0,6.0,7.0,11.0,inferred
Chelmsford,2021-03-28,0.0,1.0,2.0,2.0,2.0,3.0,4.0,4.0,5.0,6.0,6.0,8.0,12.0,inferred
Chelmsford,2021-03-29,0.0,1.0,2.0,2.0,3.0,4.0,4.0,5.0,6.0,6.0,7.0,9.0,12.0,inferred
Chelmsford,2021-03-30,0.0,1.0,2.0,2.0,3.0,3.0,4.0,5.0,6.0,6.0,7.0,9.0,12.5,inferred
Chelmsford,2021-03-31,0.0,1.0,2.0,2.0,3.0,3.0,4.0,5.0,6.0,6.0,7.0,9.0,12.0,inferred
Chelmsford,2021-04-01,0.0,1.0,2.0,2.0,2.0,3.0,3.0,4.0,5.0,6.0,6.0,8.0,11.0,inferred
Chelmsford,2021-04-02,0.0,0.0,1.0,1.0,2.0,2.0,3.0,4.0,4.0,5.0,5.0,7.0,10.0,inferred
Chelmsford,2021-04-03,0.0,0.0,1.0,1.0,1.0,2.0,2.0,3.0,3.0,4.0,4.0,5.1,8.0,inferred
Chelmsford,2021-04-04,0.0,0.0,1.0,1.0,1.0,2.0,2.0,3.0,4.0,4.0,5.0,6.0,9.0,inferred
Chelmsford,2021-04-05,0.0,1.0,1.0,1.0,2.0,2.0,3.0,4.0,5.0,5.0,6.0,7.0,10.0,inferred
Chelmsford,2021-04-06,0.0,0.0,1.0,1.0,2.0,2.0,3.0,3.0,4.0,5.0,5.0,7.0,9.5,inferred
Chelmsford,2021-04-07,0.0,1.0,1.0,2.0,2.0,2.0,3.0,4.0,4.0,5.0,5.0,7.0,10.0,inferred
Chelmsford,2021-04-08,0.0,0.0,1.0,1.0,2.0,2.0,3.0,3.0,4.0,4.0,5.0,7.0,10.0,inferred
Chelmsford,2021-04-09,0.0,0.0,1.0,1.0,1.0,2.0,2.0,3.0,4.0,4.0,5.0,6.0,9.0,inferred
Chelmsford,2021-04-10,0.0,0.0,0.0,1.0,1.0,1.0,2.0,2.0,3.0,3.2,4.0,5.0,8.0,inferred
Chelmsford,2021-04-11,0.0,0.0,1.0,1.0,1.0,2.0,2.0,3.0,4.0,4.0,5.0,6.0,9.0,inferred
Chelmsford,2021-04-12,0.0,0.0,1.0,1.0,2.0,2.0,3.0,4.0,4.0,5.0,5.0,7.0,10.0,inferred
Chelmsford,2021-04-13,0.0,1.0,1.0,1.0,2.0,2.0,3.0,4.0,4.0,5.0,6.0,7.0,10.0,inferred
Chelmsford,2021-04-14,0.0,1.0,1.0,2.0,2.0,3.0,3.0,4.0,5.0,5.0,6.0,7.0,10.0,inferred
Chelmsford,2021-04-15,0.0,0.0,1.0,1.0,2.0,2.0,3.0,3.0,4.0,5.0,5.0,7.0,9.0,inferred
Chelmsford,2021-04-16,0.0,0.0,1.0,1.0,1.0,2.0,2.0,3.0,4.0,4.0,5.0,7.0,10.0,inferred
Chelmsford,2021-04-17,0.0,0.0,1.0,1.0,1.0,1.0,2.0,2.0,3.0,3.0,4.0,5.0,8.0,inferred
Chelmsford,2021-04-18,0.0,0.0,1.0,1.0,1.0,2.0,2.0,3.0,4.0,4.0,5.0,6.0,9.0,inferred
Chelmsford,2021-04-19,0.0,1.0,1.0,2.0,2.0,2.0,3.0,4.0,5.0,5.0,6.0,8.0,10.5,inferred
Chelmsford,2021-04-20,0.0,0.0,1.0,1.0,2.0,2.0,3.0,4.0,4.0,5.0,5.0,7.0,10.0,inferred
Chelmsford,2021-04-21,0.0,1.0,1.0,2.0,2.0,3.0,3.0,4.0,5.0,5.0,6.0,7.0,10.0,inferred
Chelmsford,2021-04-22,0.0,0.0,1.0,1.0,2.0,2.0,3.0,3.0,4.0,5.0,5.0,7.0,10.0,inferred
Chelmsford,2021-04-23,0.0,0.0,1.0,1.0,1.7,2.0,3.0,3.0,4.0,4.0,5.0,6.0,9.0,inferred
Chelmsford,2021-04-24,0.0,0.0,1.0,1.0,1.0,2.0,2.0,3.0,3.0,4.0,4.0,6.0,9.0,inferred
Chelmsford,2021-04-25,0.0,0.0,1.0,1.0,1.0,2.0,2.0,3.0,4.0,4.0,5.0,6.0,8.5,inferred
Chelmsford,2021-04-26,0.0,1.0,1.0,2.0,2.0,3.0,3.0,4.0,5.0,5.0,6.0,8.0,11.0,inferred
Chelmsford,2021-04-27,0.0,1.0,1.0,2.0,2.0,3.0,3.0,4.0,5.0,5.0,6.0,7.0,10.0,inferred
Chelmsford,2021-04-28,0.0,1.0,1.0,2.0,2.0,3.0,3.0,4.0,5.0,6.0,6.0,8.0,10.0,inferred
Chelmsford,2021-04-29,0.0,1.0,1.0,2.0,2.0,2.0,3.0,4.0,5.0,5.0,6.0,7.0,10.0,inferred
Chelmsford,2021-04-30,0.0,1.0,1.0,1.0,2.0,2.0,3.0,3.0,4.0,5.0,5.0,7.0,10.0,inferred
Chelmsford,2021-05-01,0.0,0.0,1.0,1.0,1.0,1.0,2.0,3.0,3.0,4.0,4.0,6.0,8.0,inferred
Chelmsford,2021-05-02,0.0,0.0,1.0,1.0,1.0,2.0,3.0,3.0,4.0,4.0,5.0,6.0,9.5,inferred
Chelmsford,2021-05-03,0.0,1.0,1.0,2.0,2.0,3.0,3.0,4.0,5.0,5.0,6.0,8.0,11.0,inferred
Chelmsford,2021-05-04,0.0,1.0,1.0,2.0,2.0,2.6,3.0,4.0,4.0,5.0,6.0,7.0,10.5,inferred
Chelmsford,2021-05-05,0.0,1.0,1.0,2.0,2.0,2.0,3.0,4.0,4.3,5.0,6.0,7.0,10.0,inferred
Chelmsford,2021-05-06,0.0,0.0,1.0,1.0,1.0,2.0,3.0,3.0,4.0,5.0,5.0,6.0,9.0,inferred
Chelmsford,2021-05-07,0.0,0.0,1.0,1.0,1.0,2.0,2.0,3.0,3.0,4.0,5.0,6.0,8.5,inferred
Chelmsford,2021-05-08,0.0,0.0,0.0,0.0,1.0,1.0,2.0,2.0,3.0,3.0,4.0,5.0,7.0,inferred
Chelmsford,2021-05-09,0.0,0.0,1.0,1.0,1.0,1.0,2.0,2.0,3.0,4.0,4.0,5.0,8.0,inferred
Chelmsford,2021-05-10,0.0,0.0,1.0,1.0,1.0,2.0,2.0,3.0,4.0,4.0,5.0,6.0,9.0,inferred
Chelmsford,2021-05-11,0.0,0.0,1.0,1.0,1.0,2.0,2.0,3.0,3.0,4.0,4.0,6.0,8.0,inferred
Chelmsford,2021-05-12,0.0,0.0,1.0,1.0,1.0,2.0,2.0,3.0,3.0,4.0,4.0,6.0,8.0,inferred
Chelmsford,2021-05-13,0.0,0.0,0.0,1.0,1.0,1.0,2.0,2.0,3.0,3.0,4.0,5.0,7.5,inferred
Chelmsford,2021-05-14,0.0,0.0,0.0,0.0,1.0,1.0,1.0,2.0,3.0,3.0,3.0,5.0,7.0,inferred
Chelmsford,2021-05-15,0.0,0.0,0.0,0.0,0.0,1.0,1.0,2.0,2.0,2.0,3.0,4.0,6.0,inferred
Chelmsford,2021-05-16,0.0,0.0,0.0,0.0,1.0,1.0,1.0,2.0,2.0,3.0,3.0,4.0,7.0,inferred
Chelmsford,2021-05-17,0.0,0.0,0.0,1.0,1.0,1.0,2.0,2.0,3.0,3.0,4.0,5.0,8.0,inferred
Chelmsford,2021-05-18,0.0,0.0,0.0,1.0,1.0,1.0,2.0,2.0,3.0,3.0,4.0,5.0,8.0,inferred
Chelmsford,2021-05-19,0.0,0.0,1.0,1.0,1.0,1.0,2.0,2.0,3.0,3.0,4.0,6.0,9.0,inferred
Chelmsford,2021-05-20,0.0,0.0,0.0,1.0,1.0,1.0,2.0,2.0,3.0,3.0,4.0,5.0,8.0,inferred
Chelmsford,2021-05-21,0.0,0.0,0.0,0.0,1.0,1.0,2.0,2.0,3.0,3.0,3.0,5.0,7.0,inferred
Chelmsford,2021-05-22,0.0,0.0,0.0,0.0,0.0,1.0,1.0,2.0,2.0,2.0,3.0,4.0,6.0,inferred
Chelmsford,2021-05-23,0.0,0.0,0.0,0.0,1.0,1.0,1.0,2.0,2.0,3.0,3.0,4.0,7.0,inferred
Chelmsford,2021-05-24,0.0,0.0,0.0,1.0,1.0,1.0,2.0,2.0,3.0,3.0,4.0,5.0,8.0,inferred
Chelmsford,2021-05-25,0.0,0.0,0.0,1.0,1.0,1.0,2.0,2.0,3.0,3.0,4.0,5.0,8.0,inferred
Chelmsford,2021-05-26,0.0,0.0,0.0,1.0,1.0,1.0,2.0,2.0,3.0,3.0,4.0,5.0,8.0,inferred
Chelmsford,2021-05-27,0.0,0.0,0.0,1.0,1.0,1.0,2.0,2.0,3.0,3.0,4.0,5.0,8.0,inferred
Chelmsford,2021-05-28,0.0,0.0,0.0,1.0,1.0,1.0,2.0,2.0,3.0,3.0,4.0,5.0,7.5,inferred
Chelmsford,2021-05-29,0.0,0.0,0.0,0.0,1.0,1.0,1.0,2.0,2.0,3.0,3.0,4.0,7.0,inferred
Chelmsford,2021-05-30,0.0,0.0,0.0,1.0,1.0,1.0,2.0,2.0,3.0,3.0,4.0,5.0,8.0,inferred
Chelmsford,2021-05-31,0.0,0.0,1.0,1.0,2.0,2.0,3.0,3.0,4.0,4.0,5.0,6.0,10.0,inferred
Chelmsford,2021-06-01,0.0,0.0,1.0,1.0,2.0,2.0,3.0,3.0,4.0,5.0,5.0,7.0,10.0,inferred
Chelmsford,2021-06-02,0.0,1.0,1.0,2.0,2.0,3.0,3.0,4.0,5.0,5.0,6.0,8.0,11.0,inferred
Chelmsford,2021-06-03,0.0,1.0,2.0,2.0,2.0,3.0,3.0,4.0,5.0,6.0,6.0,8.0,11.0,inferred
Chelmsford,2021-06-04,0.0,1.0,1.8,2.0,2.0,3.0,3.0,4.0,5.0,5.0,6.0,8.0,11.0,inferred
Chelmsford,2021-06-05,0.0,1.0,1.0,1.0,2.0,2.0,3.0,4.0,5.0,5.0,6.0,7.0,10.0,inferred
Chelmsford,2021-06-06,0.0,1.0,2.0,2.0,2.0,3.0,4.0,5.0,6.0,6.0,7.0,9.0,12.0,inferred
Chelmsford,2021-06-07,1.0,2.0,3.0,3.0,4.0,5.0,5.0,6.0,7.0,8.0,9.0,11.0,15.0,inferred
Chelmsford,2021-06-08,1.0,2.0,3.0,3.8,4.0,5.0,6.0,7.0,8.0,8.0,9.0,11.0,15.0,inferred
Chelmsford,2021-06-09,1.0,2.0,4.0,4.0,4.0,5.0,6.0,7.0,8.0,9.0,10.0,12.0,16.0,inferred
Chelmsford,2021-06-10,1.0,2.0,4.0,4.0,4.0,5.0,6.0,7.0,8.0,9.0,9.0,12.0,15.0,inferred
Chelmsford,2021-06-11,1.0,2.0,3.0,4.0,4.0,5.0,6.0,7.0,8.0,8.0,9.0,11.0,15.0,inferred
Chelmsford,2021-06-12,1.0,2.0,3.0,3.0,3.0,4.0,5.0,6.0,7.0,7.0,8.0,10.0,14.0,inferred
Chelmsford,2021-06-13,1.0,2.0,4.0,4.0,4.7,5.0,6.0,7.0,8.0,9.0,10.0,12.0,16.0,inferred
Chelmsford,2021-06-14,2.0,4.0,5.0,6.0,6.0,7.0,9.0,10.0,11.0,12.0,12.0,15.0,19.0,inferred
Chelmsford,2021-06-15,2.0,4.0,6.0,6.0,7.0,8.0,9.0,10.0,11.0,12.0,13.0,15.0,19.0,inferred
Chelmsford,2021-06-16,3.0,5.0,6.0,7.0,7.0,8.0,10.0,11.0,12.0,13.0,14.0,17.0,21.0,inferred
Chelmsford,2021-06-17,2.0,4.0,6.0,7.0,7.0,8.0,10.0,11.0,12.0,13.0,14.0,16.0,21.0,inferred
Chelmsford,2021-06-18,2.0,4.0,6.0,6.0,7.0,8.0,9.0,10.0,12.0,12.0,13.0,16.0,21.0,inferred
Cheltenham,2021-03-06,0.0,0.0,1.0,1.0,1.0,2.0,2.0,2.0,3.0,3.0,4.0,4.0,7.0,inferred
Cheltenham,2021-03-07,0.0,1.0,1.0,1.0,2.0,2.0,3.0,3.0,4.0,4.0,5.0,6.0,8.0,inferred
Cheltenham,2021-03-08,0.0,1.0,2.0,2.0,2.0,3.0,3.0,4.0,4.0,5.0,5.0,7.0,8.0,inferred
Cheltenham,2021-03-09,0.0,1.0,1.0,1.0,2.0,2.0,3.0,3.0,4.0,4.0,5.0,6.0,8.0,inferred
Cheltenham,2021-03-10,0.0,1.0,2.0,2.0,2.0,3.0,3.0,4.0,5.0,5.0,5.0,6.0,9.0,inferred
Cheltenham,2021-03-11,0.0,1.0,1.0,2.0,2.0,2.0,3.0,4.0,4.0,5.0,5.0,7.0,9.0,inferred
Cheltenham,2021-03-12,0.0,1.0,1.0,1.0,2.0,2.0,3.0,3.0,4.0,4.0,4.0,5.0,7.5,inferred
Cheltenham,2021-03-13,0.0,0.0,1.0,1.0,1.0,1.0,2.0,2.0,3.0,3.0,4.0,5.0,7.0,inferred
Cheltenham,2021-03-14,0.0,1.0,1.0,1.0,2.0,2.0,3.0,3.0,4.0,4.0,5.0,6.0,8.0,inferred
Cheltenham,2021-03-15,0.0,1.0,2.0,2.0,2.0,3.0,3.0,4.0,5.0,5.0,6.0,7.0,9.0,inferred
Cheltenham,2021-03-16,0.0,1.0,1.0,2.0,2.0,2.0,3.0,3.0,4.0,4.2,5.0,6.0,8.0,inferred
Cheltenham,2021-03-17,0.0,1.0,2.0,2.0,2.0,3.0,4.0,4.0,5.0,5.0,6.0,7.0,9.0,inferred
Cheltenham,2021-03-18,0.0,1.0,2.0,2.0,2.0,3.0,3.0,4.0,4.0,5.0,5.0,7.0,9.0,inferred
Cheltenham,2021-03-19,0.0,1.0,1.0,1.0,2.0,2.0,3.0,3.0,4.0,4.0,5.0,6.0,9.0,inferred
Cheltenham,2021-03-20,0.0,0.0,1.0,1.0,1.0,1.0,2.0,2.0,3.0,3.0,4.0,5.0,7.0,inferred
Cheltenham,2021-03-21,0.0,1.0,1.0,1.0,2.0,2.0,3.0,3.0,4.0,4.0,5.0,6.0,8.0,inferred
Cheltenham,2021-03-22,0.0,1.0,2.0,2.0,2.0,3.0,3.0,4.0,5.0,5.0,6.0,7.0,10.0,inferred
Cheltenham,2021-03-23,0.0,1.0,1.0,2.0,2.0,2.0,3.0,3.0,4.0,4.0,5.0,6.0,8.0,inferred
Cheltenham,2021-03-24,0.0,1.0,1.0,2.0,2.0,2.6,3.0,4.0,4.0,5.0,5.0,7.0,9.0,inferred
Cheltenham,2021-03-25,0.0,1.0,1.0,2.0,2.0,2.0,3.0,3.0,4.0,4.0,5.0,6.0,8.0,inferred
Cheltenham,2021-03-26,0.0,0.0,1.0,1.0,1.0,2.0,2.0,3.0,3.0,4.0,4.0,5.0,7.0,inferred
Cheltenham,2021-03-27,0.0,0.0,0.0,1.0,1.0,1.0,1.0,2.0,2.0,3.0,3.0,4.0,6.0,inferred
Cheltenham,2021-03-28,0.0,0.0,1.0,1.0,1.0,2.0,2.0,3.0,3.0,4.0,4.0,5.0,7.0,inferred
Cheltenham,2021-03-29,0.0,0.0,1.0,1.0,1.0,2.0,2.0,3.0,4.0,4.0,5.0,6.0,8.0,inferred
Cheltenham,2021-03-30,0.0,0.0,1.0,1.0,1.0,2.0,2.0,2.0,3.0,3.0,4.0,5.0,7.0,inferred
Cheltenham,2021-03-31,0.0,0.0,1.0,1.0,1.0,2.0,2.0,3.0,3.0,4.0,4.0,5.0,7.0,inferred
Cheltenham,2021-04-01,0.0,0.0,1.0,1.0,1.0,2.0,2.0,2.0,3.0,3.0,4.0,5.0,7.0,inferred
Cheltenham,2021-04-02,0.0,0.0,0.0,1.0,1.0,1.0,1.0,2.0,2.0,3.0,3.0,4.0,6.0,inferred
Cheltenham,2021-04-03,0.0,0.0,0.0,0.0,0.0,1.0,1.0,1.0,2.0,2.0,2.0,3.0,5.0,inferred
Cheltenham,2021-04-04,0.0,0.0,0.0,1.0,1.0,1.0,1.0,2.0,2.0,3.0,3.0,4.0,6.0,inferred
Cheltenham,2021-04-05,0.0,0.0,1.0,1.0,1.0,1.0,2.0,2.0,3.0,3.0,4.0,5.0,7.0,inferred
Cheltenham,2021-04-06,0.0,0.0,0.0,1.0,1.0,1.0,2.0,2.0,3.0,3.0,3.0,4.0,6.0,inferred
Cheltenham,2021-04-07,0.0,0.0,1.0,1.0,1.0,1.0,2.0,2.0,3.0,3.0,4.0,5.0,7.0,inferred
Cheltenham,2021-04-08,0.0,0.0,0.0,1.0,1.0,1.0,2.0,2.0,3.0,3.0,3.0,4.1,6.0,inferred
Cheltenham,2021-04-09,0.0,0.0,0.0,0.0,1.0,1.0,1.0,2.0,2.0,2.0,3.0,4.0,6.0,inferred
Cheltenham,2021-04-10,0.0,0.0,0.0,0.0,0.0,1.0,1.0,1.0,2.0,2.0,2.0,3.0,5.0,inferred
Cheltenham,2021-04-11,0.0,0.0,0.0,1.0,1.0,1.0,1.0,2.0,2.0,3.0,3.0,4.0,6.0,inferred
Cheltenham,2021-04-12,0.0,0.0,1.0,1.0,1.0,1.0,2.0,2.0,3.0,3.0,3.0,5.0,6.5,inferred
Cheltenham,2021-04-13,0.0,0.0,0.0,1.0,1.0,1.0,1.0,2.0,2.0,3.0,3.0,4.0,6.0,inferred
Cheltenham,2021-04-14,0.0,0.0,1.0,1.0,1.0,1.0,2.0,2.0,3.0,3.0,3.0,4.0,6.0,inferred
Cheltenham,2021-04-15,0.0,0.0,0.0,1.0,1.0,1.0,2.0,2.0,2.0,3.0,3.0,4.0,6.0,inferred
Cheltenham,2021-04-16,0.0,0.0,0.0,0.0,1.0,1.0,1.0,2.0,2.0,2.0,3.0,3.0,5.0,inferred
Cheltenham,2021-04-17,0.0,0.0,0.0,0.0,0.0,0.0,1.0,1.0,1.0,2.0,2.0,3.0,5.0,inferred
Cheltenham,2021-04-18,0.0,0.0,0.0,0.0,0.0,1.0,1.0,2.0,2.0,2.0,3.0,3.0,5.0,inferred
Cheltenham,2021-04-19,0.0,0.0,0.0,1.0,1.0,1.0,1.0,2.0,2.0,3.0,3.0,4.0,6.0,inferred
Cheltenham,2021-04-20,0.0,0.0,0.0,0.0,0.0,1.0,1.0,2.0,2.0,2.0,3.0,3.0,5.0,inferred
Cheltenham,2021-04-21,0.0,0.0,0.0,0.0,1.0,1.0,1.0,2.0,2.0,3.0,3.0,4.0,6.0,inferred
Cheltenham,2021-04-22,0.0,0.0,0.0,0.0,1.0,1.0,1.0,2.0,2.0,2.0,3.0,3.0,5.0,inferred
Cheltenham,2021-04-23,0.0,0.0,0.0,0.0,0.0,1.0,1.0,1.0,2.0,2.0,2.0,3.0,5.0,inferred
Cheltenham,2021-04-24,0.0,0.0,0.0,0.0,0.0,0.0,1.0,1.0,1.0,1.0,2.0,2.0,4.0,inferred
Cheltenham,2021-04-25,0.0,0.0,0.0,0.0,0.0,1.0,1.0,1.0,2.0,2.0,2.0,3.0,5.0,inferred
Cheltenham,2021-04-26,0.0,0.0,0.0,0.0,1.0,1.0,1.0,1.0,2.0,2.0,2.0,3.0,5.0,inferred
Cheltenham,2021-04-27,0.0,0.0,0.0,0.0,0.0,1.0,1.0,1.0,2.0,2.0,2.0,3.0,5.0,inferred
Cheltenham,2021-04-28,0.0,0.0,0.0,0.0,0.0,1.0,1.0,1.0,2.0,2.0,2.0,3.0,5.0,inferred
Cheltenham,2021-04-29,0.0,0.0,0.0,0.0,0.0,1.0,1.0,1.0,2.0,2.0,2.0,3.0,5.0,inferred
Cheltenham,2021-04-30,0.0,0.0,0.0,0.0,0.0,0.0,1.0,1.0,1.0,2.0,2.0,3.0,4.0,inferred
Cheltenham,2021-05-01,0.0,0.0,0.0,0.0,0.0,0.0,0.0,1.0,1.0,1.0,1.0,2.0,4.0,inferred
Cheltenham,2021-05-02,0.0,0.0,0.0,0.0,0.0,1.0,1.0,1.0,2.0,2.0,2.0,3.0,4.5,inferred
Cheltenham,2021-05-03,0.0,0.0,0.0,0.0,0.0,1.0,1.0,1.0,2.0,2.0,2.0,3.0,5.0,inferred
Cheltenham,2021-05-04,0.0,0.0,0.0,0.0,0.0,1.0,1.0,1.0,2.0,2.0,2.0,3.0,5.0,inferred
Cheltenham,2021-05-05,0.0,0.0,0.0,0.0,0.0,1.0,1.0,2.0,2.0,2.0,2.0,3.0,5.0,inferred
Cheltenham,2021-05-06,0.0,0.0,0.0,0.0,0.0,1.0,1.0,1.0,2.0,2.0,2.0,3.0,5.0,inferred
Cheltenham,2021-05-07,0.0,0.0,0.0,0.0,0.0,0.0,1.0,1.0,1.0,2.0,2.0,3.0,4.0,inferred
Cheltenham,2021-05-08,0.0,0.0,0.0,0.0,0.0,0.0,1.0,1.0,1.0,1.0,2.0,2.0,4.0,inferred
Cheltenham,2021-05-09,0.0,0.0,0.0,0.0,0.0,0.0,1.0,1.0,1.0,2.0,2.0,3.0,4.0,inferred
Cheltenham,2021-05-10,0.0,0.0,0.0,0.0,0.0,1.0,1.0,1.0,2.0,2.0,2.0,3.0,5.0,inferred
Cheltenham,2021-05-11,0.0,0.0,0.0,0.0,0.0,0.0,1.0,1.0,1.0,2.0,2.0,3.0,4.5,inferred
Cheltenham,2021-05-12,0.0,0.0,0.0,0.0,0.0,1.0,1.0,1.0,2.0,2.0,2.0,3.0,5.0,inferred
Cheltenham,2021-05-13,0.0,0.0,0.0,0.0,0.0,0.0,1.0,1.0,1.0,2.0,2.0,3.0,4.0,inferred
Cheltenham,2021-05-14,0.0,0.0,0.0,0.0,0.0,0.0,1.0,1.0,1.0,1.0,2.0,2.0,4.0,inferred
Cheltenham,2021-05-15,0.0,0.0,0.0,0.0,0.0,0.0,0.0,1.0,1.0,1.0,1.0,2.0,3.0,inferred
Cheltenham,2021-05-16,0.0,0.0,0.0,0.0,0.0,0.0,1.0,1.0,1.0,1.0,2.0,2.0,4.0,inferred
Cheltenham,2021-05-17,0.0,0.0,0.0,0.0,0.0,0.0,1.0,1.0,1.0,2.0,2.0,3.0,4.0,inferred
Cheltenham,2021-05-18,0.0,0.0,0.0,0.0,0.0,0.0,1.0,1.0,1.0,2.0,2.0,3.0,4.0,inferred
Cheltenham,2021-05-19,0.0,0.0,0.0,0.0,0.0,1.0,1.0,1.0,2.0,2.0,2.0,3.0,5.0,inferred
Cheltenham,2021-05-20,0.0,0.0,0.0,0.0,0.0,1.0,1.0,1.0,2.0,2.0,2.0,3.0,5.0,inferred
Cheltenham,2021-05-21,0.0,0.0,0.0,0.0,0.0,1.0,1.0,1.0,2.0,2.0,2.0,3.0,4.0,inferred
Cheltenham,2021-05-22,0.0,0.0,0.0,0.0,0.0,0.0,1.0,1.0,1.0,1.0,2.0,3.0,4.0,inferred
Cheltenham,2021-05-23,0.0,0.0,0.0,0.0,0.0,1.0,1.0,1.0,2.0,2.0,2.0,3.0,5.0,inferred
Cheltenham,2021-05-24,0.0,0.0,0.0,1.0,1.0,1.0,2.0,2.0,3.0,3.0,3.0,4.0,6.0,inferred
Cheltenham,2021-05-25,0.0,0.0,0.0,1.0,1.0,1.0,2.0,2.0,2.0,3.0,3.0,4.0,6.0,inferred
Cheltenham,2021-05-26,0.0,0.0,1.0,1.0,1.0,2.0,2.0,3.0,3.0,4.0,4.0,5.0,8.0,inferred
Cheltenham,2021-05-27,0.0,0.0,1.0,1.0,2.0,2.0,2.0,3.0,4.0,4.0,4.0,6.0,8.0,inferred
Cheltenham,2021-05-28,0.0,1.0,1.0,2.0,2.0,2.0,3.0,3.0,4.0,4.0,5.0,6.0,8.0,inferred
Cheltenham,2021-05-29,0.0,0.0,1.0,1.0,1.0,2.0,2.0,3.0,3.0,4.0,4.0,6.0,8.0,inferred
Cheltenham,2021-05-30,0.0,1.0,2.0,3.0,3.0,3.0,4.0,5.0,5.0,6.0,6.0,8.0,10.0,inferred
Cheltenham,2021-05-31,1.0,3.0,4.0,4.0,4.0,5.0,6.0,7.0,8.0,8.0,9.0,11.0,14.0,inferred
Cheltenham,2021-06-01,1.0,3.0,4.0,4.0,5.0,5.0,6.0,7.0,8.0,8.0,9.0,11.0,13.0,inferred
Cheltenham,2021-06-02,2.0,4.0,5.0,6.0,6.0,7.0,8.0,9.0,10.0,11.0,12.0,14.0,17.0,inferred
Cheltenham,2021-06-03,3.0,4.0,5.0,6.0,6.0,7.0,8.0,9.0,10.0,11.0,12.0,14.0,16.5,inferred
Cheltenham,2021-06-04,2.0,4.0,5.0,6.0,6.0,7.0,8.0,9.0,9.0,10.0,11.0,13.0,16.5,inferred
Cheltenham,2021-06-05,2.0,3.0,4.0,4.0,5.0,6.0,6.0,7.0,8.0,9.0,9.0,11.0,14.0,inferred
Cheltenham,2021-06-06,3.0,5.0,7.0,7.0,8.0,9.0,10.0,11.0,12.0,12.0,13.0,15.0,19.0,inferred
Cheltenham,2021-06-07,6.0,8.0,9.0,10.0,11.0,12.0,13.0,14.0,15.0,16.0,17.0,19.0,23.0,inferred
Cheltenham,2021-06-08,5.0,7.0,9.0,9.0,10.0,11.0,12.0,13.0,15.0,15.0,16.0,19.0,22.0,inferred
Cheltenham,2021-06-09,8.0,10.0,12.0,13.0,13.0,15.0,16.0,17.0,19.0,20.0,21.0,24.0,27.0,inferred
Cheltenham,2021-06-10,8.0,10.0,12.0,13.0,14.0,15.0,17.0,18.0,20.0,20.0,21.0,24.0,27.0,inferred
Cheltenham,2021-06-11,7.0,10.0,12.0,12.0,13.0,15.0,16.0,17.0,18.0,19.0,20.0,22.1,27.0,inferred
Cheltenham,2021-06-12,5.0,7.0,9.0,10.0,11.0,12.0,13.0,14.0,15.0,16.0,17.0,20.0,24.0,inferred
Cheltenham,2021-06-13,10.0,13.0,15.0,16.0,17.0,18.0,19.0,21.0,22.0,23.0,24.0,27.0,32.0,inferred
Cheltenham,2021-06-14,15.0,19.0,21.0,22.0,23.0,24.0,26.0,28.0,30.0,31.0,32.0,36.0,41.0,inferred
Cheltenham,2021-06-15,13.5,17.9,20.0,21.0,22.0,23.0,25.0,27.0,29.0,30.0,31.0,33.0,38.0,inferred
Cheltenham,2021-06-16,19.0,23.0,26.0,27.0,28.0,30.0,32.0,34.0,36.0,37.0,39.0,42.0,47.0,inferred
Cheltenham,2021-06-17,19.0,23.0,27.0,28.0,29.0,31.0,33.0,35.0,37.0,38.0,40.0,44.0,50.0,inferred
Cheltenham,2021-06-18,17.0,21.0,24.0,25.0,26.0,28.0,30.0,32.0,34.0,35.0,37.0,41.0,48.0,inferred
Cherwell,2021-03-06,1.0,2.0,3.0,3.0,4.0,4.0,5.0,6.0,6.0,7.0,7.0,9.0,11.0,inferred
Cherwell,2021-03-07,1.5,3.0,4.0,4.0,4.0,5.0,6.0,6.0,7.0,8.0,8.0,9.0,11.0,inferred
Cherwell,2021-03-08,2.0,3.0,4.0,4.0,5.0,6.0,6.0,7.0,8.0,8.2,9.0,11.0,13.0,inferred
Cherwell,2021-03-09,2.0,3.0,4.0,4.0,5.0,5.0,6.0,7.0,7.0,8.0,8.0,10.0,12.0,inferred
Cherwell,2021-03-10,2.0,3.0,4.0,4.0,5.0,5.0,6.0,7.0,7.0,8.0,8.0,10.0,12.0,inferred
Cherwell,2021-03-11,1.0,2.0,3.0,4.0,4.0,5.0,5.0,6.0,7.0,7.0,8.0,9.0,11.0,inferred
Cherwell,2021-03-12,1.0,2.0,3.0,3.0,3.0,4.0,5.0,5.0,6.0,6.0,7.0,8.0,10.5,inferred
Cherwell,2021-03-13,1.0,1.0,2.0,2.0,3.0,3.0,4.0,4.0,5.0,6.0,6.0,7.0,9.0,inferred
Cherwell,2021-03-14,1.0,2.0,3.0,3.0,3.0,4.0,5.0,5.0,6.0,6.0,7.0,8.0,10.0,inferred
Cherwell,2021-03-15,1.0,2.0,3.0,4.0,4.0,5.0,6.0,6.0,7.0,8.0,8.0,10.0,12.0,inferred
Cherwell,2021-03-16,1.0,2.0,3.0,4.0,4.0,5.0,5.0,6.0,7.0,7.0,8.0,9.0,12.0,inferred
Cherwell,2021-03-17,2.0,3.0,4.0,4.0,5.0,5.0,6.0,6.0,7.0,8.0,8.0,10.0,12.0,inferred
Cherwell,2021-03-18,1.0,2.0,3.0,4.0,4.0,5.0,5.0,6.0,7.0,7.0,8.0,9.0,11.0,inferred
Cherwell,2021-03-19,1.0,2.0,3.0,3.0,4.0,4.0,5.0,6.0,6.0,7.0,7.0,8.0,11.0,inferred
Cherwell,2021-03-20,0.5,2.0,2.0,3.0,3.0,3.0,4.0,4.0,5.0,5.0,6.0,7.0,10.0,inferred
Cherwell,2021-03-21,1.0,2.0,3.0,3.0,3.0,4.0,5.0,5.0,6.0,7.0,7.0,8.0,10.0,inferred
Cherwell,2021-03-22,1.0,3.0,3.0,4.0,4.0,5.0,6.0,6.0,7.0,8.0,8.0,10.0,12.0,inferred
Cherwell,2021-03-23,1.0,2.0,3.0,4.0,4.0,5.0,5.0,6.0,7.0,7.0,8.0,9.0,12.0,inferred
Cherwell,2021-03-24,1.0,2.0,3.0,4.0,4.0,5.0,5.0,6.0,7.0,7.0,8.0,9.0,12.0,inferred
Cherwell,2021-03-25,1.0,2.0,3.0,3.0,4.0,4.0,5.0,6.0,6.0,7.0,7.0,8.0,11.0,inferred
Cherwell,2021-03-26,1.0,2.0,2.0,3.0,3.0,4.0,4.0,5.0,6.0,6.0,6.0,8.0,10.0,inferred
Cherwell,2021-03-27,0.0,1.0,2.0,2.0,2.0,3.0,3.0,4.0,4.0,5.0,5.0,6.0,8.0,inferred
Cherwell,2021-03-28,0.0,1.0,2.0,2.0,3.0,3.0,4.0,4.0,5.0,5.0,6.0,7.0,9.0,inferred
Cherwell,2021-03-29,1.0,2.0,3.0,3.0,3.0,4.0,5.0,5.0,6.0,6.0,7.0,8.0,10.0,inferred
Cherwell,2021-03-30,1.0,2.0,3.0,3.0,3.0,4.0,4.0,5.0,6.0,6.0,6.2,8.0,10.0,inferred
Cherwell,2021-03-31,1.0,2.0,3.0,3.0,3.0,4.0,5.0,5.0,6.0,6.0,7.0,8.0,10.0,inferred
Cherwell,2021-04-01,1.0,2.0,2.0,3.0,3.0,4.0,4.0,5.0,5.0,6.0,6.0,8.0,10.0,inferred
Cherwell,2021-04-02,0.0,1.0,2.0,2.0,2.0,3.0,4.0,4.0,5.0,5.0,5.0,7.0,9.0,inferred
Cherwell,2021-04-03,0.0,1.0,1.0,2.0,2.0,2.0,3.0,3.0,4.0,4.0,5.0,6.0,8.0,inferred
Cherwell,2021-04-04,0.0,1.0,2.0,2.0,2.0,3.0,3.0,4.0,4.0,5.0,5.0,6.0,8.0,inferred
Cherwell,2021-04-05,1.0,1.0,2.0,3.0,3.0,3.0,4.0,5.0,5.0,6.0,6.0,7.0,9.0,inferred
Cherwell,2021-04-06,0.0,1.0,2.0,2.0,3.0,3.0,4.0,5.0,5.0,6.0,6.0,7.0,9.0,inferred
Cherwell,2021-04-07,1.0,2.0,3.0,3.0,3.0,4.0,4.0,5.0,5.0,6.0,6.0,8.0,9.5,inferred
Cherwell,2021-04-08,1.0,2.0,3.0,3.0,3.0,4.0,4.0,5.0,5.0,6.0,6.0,7.0,9.5,inferred
Cherwell,2021-04-09,0.0,1.0,2.0,2.0,3.0,3.0,4.0,4.0,5.0,5.0,6.0,7.0,9.0,inferred
Cherwell,2021-04-10,0.0,1.0,2.0,2.0,2.0,3.0,3.0,4.0,4.0,5.0,5.0,6.0,8.0,inferred
Cherwell,2021-04-11,1.0,1.0,2.0,2.0,3.0,3.0,4.0,4.0,5.0,5.0,6.0,7.0,9.0,inferred
Cherwell,2021-04-12,1.0,2.0,3.0,3.0,4.0,4.0,5.0,5.0,6.0,7.0,7.0,8.0,11.0,inferred
Cherwell,2021-04-13,1.0,2.0,3.0,3.0,4.0,4.0,5.0,5.0,6.0,7.0,7.0,8.0,11.0,inferred
Cherwell,2021-04-14,1.0,2.0,3.0,3.0,4.0,4.0,5.0,6.0,6.0,7.0,7.0,9.0,11.0,inferred
Cherwell,2021-04-15,1.0,2.0,3.0,3.0,4.0,4.0,5.0,5.0,6.0,7.0,7.0,9.0,11.0,inferred
Cherwell,2021-04-16,0.0,2.0,2.0,3.0,3.0,3.0,4.0,5.0,5.0,6.0,6.0,7.0,9.0,inferred
Cherwell,2021-04-17,0.0,1.0,2.0,2.0,2.0,3.0,3.0,4.0,4.0,5.0,5.0,6.0,8.0,inferred
Cherwell,2021-04-18,0.0,1.0,2.0,2.0,3.0,3.0,4.0,4.0,5.0,5.0,6.0,7.0,9.0,inferred
Cherwell,2021-04-19,1.0,2.0,3.0,3.0,3.0,4.0,4.0,5.0,6.0,6.0,7.0,8.0,10.0,inferred
Cherwell,2021-04-20,0.5,1.0,2.0,3.0,3.0,4.0,4.0,5.0,6.0,6.0,6.0,8.0,10.5,inferred
Cherwell,2021-04-21,1.0,2.0,2.0,3.0,3.0,3.0,4.0,5.0,5.0,6.0,6.0,7.0,10.0,inferred
Cherwell,2021-04-22,0.0,1.0,2.0,2.0,3.0,3.0,4.0,4.0,5.0,5.0,6.0,7.0,9.0,inferred
Cherwell,2021-04-23,0.0,1.0,2.0,2.0,2.0,3.0,3.0,4.0,4.0,5.0,5.0,6.0,8.0,inferred
Cherwell,2021-04-24,0.0,1.0,1.0,1.0,2.0,2.0,2.0,3.0,3.0,4.0,4.0,5.0,7.0,inferred
Cherwell,2021-04-25,0.0,1.0,1.0,2.0,2.0,2.0,3.0,4.0,4.0,5.0,5.0,6.0,8.0,inferred
Cherwell,2021-04-26,0.0,1.0,2.0,2.0,3.0,3.0,4.0,4.0,5.0,5.0,6.0,7.0,9.0,inferred
Cherwell,2021-04-27,0.0,1.0,2.0,2.0,2.0,3.0,4.0,4.0,5.0,5.0,6.0,7.0,9.0,inferred
Cherwell,2021-04-28,0.5,1.0,2.0,2.0,3.0,3.0,4.0,4.0,5.0,5.0,6.0,7.0,9.0,inferred
Cherwell,2021-04-29,0.0,1.0,2.0,2.0,2.0,3.0,3.0,4.0,4.0,5.0,5.0,6.1,9.0,inferred
Cherwell,2021-04-30,0.0,1.0,1.0,2.0,2.0,2.0,3.0,3.0,4.0,4.0,5.0,6.0,8.0,inferred
Cherwell,2021-05-01,0.0,1.0,1.0,1.0,2.0,2.0,2.0,3.0,3.0,4.0,4.0,5.0,6.5,inferred
Cherwell,2021-05-02,0.0,1.0,1.0,2.0,2.0,2.0,3.0,3.0,4.0,4.0,5.0,5.0,8.0,inferred
Cherwell,2021-05-03,0.0,1.0,2.0,2.0,2.0,3.0,3.0,4.0,5.0,5.0,5.0,7.0,8.5,inferred
Cherwell,2021-05-04,0.0,1.0,2.0,2.0,2.0,3.0,3.0,4.0,4.0,5.0,5.0,6.0,8.0,inferred
Cherwell,2021-05-05,0.0,1.0,2.0,2.0,2.0,3.0,3.0,4.0,4.0,5.0,5.0,6.0,8.5,inferred
Cherwell,2021-05-06,0.0,1.0,2.0,2.0,2.0,2.0,3.0,4.0,4.0,5.0,5.0,6.0,8.0,inferred
Cherwell,2021-05-07,0.0,1.0,1.0,1.0,2.0,2.0,2.0,3.0,4.0,4.0,4.0,5.0,7.0,inferred
Cherwell,2021-05-08,0.0,0.0,1.0,1.0,1.0,2.0,2.0,2.0,3.0,3.0,4.0,4.0,6.0,inferred
Cherwell,2021-05-09,0.0,0.0,1.0,1.0,1.7,2.0,2.0,3.0,3.0,4.0,4.0,5.0,7.0,inferred
Cherwell,2021-05-10,0.0,1.0,1.0,2.0,2.0,2.0,3.0,3.0,4.0,4.0,4.0,5.0,7.0,inferred
Cherwell,2021-05-11,0.0,1.0,1.0,2.0,2.0,2.0,3.0,3.0,4.0,4.0,4.0,5.0,7.0,inferred
Cherwell,2021-05-12,0.0,1.0,1.0,2.0,2.0,2.0,3.0,3.0,4.0,4.0,5.0,6.0,8.0,inferred
Cherwell,2021-05-13,0.0,1.0,1.0,1.0,2.0,2.0,3.0,3.0,4.0,4.0,4.0,5.0,7.0,inferred
Cherwell,2021-05-14,0.0,0.0,1.0,1.0,1.0,2.0,2.0,3.0,3.0,3.0,4.0,5.0,6.0,inferred
Cherwell,2021-05-15,0.0,0.0,1.0,1.0,1.0,1.0,2.0,2.0,3.0,3.0,3.0,4.0,6.0,inferred
Cherwell,2021-05-16,0.0,0.0,1.0,1.0,1.0,2.0,2.0,2.0,3.0,3.0,3.0,4.0,6.0,inferred
Cherwell,2021-05-17,0.0,0.9,1.0,1.0,2.0,2.0,2.0,3.0,3.0,4.0,4.0,5.0,7.0,inferred
Cherwell,2021-05-18,0.0,1.0,1.0,1.0,2.0,2.0,2.0,3.0,3.0,4.0,4.0,5.0,7.0,inferred
Cherwell,2021-05-19,0.0,1.0,1.0,1.0,2.0,2.0,3.0,3.0,4.0,4.0,4.0,5.0,7.0,inferred
Cherwell,2021-05-20,0.0,0.0,1.0,1.0,1.0,2.0,2.0,3.0,3.0,4.0,4.0,5.0,6.0,inferred
Cherwell,2021-05-21,0.0,0.0,1.0,1.0,1.0,2.0,2.0,3.0,3.0,3.0,4.0,5.0,6.0,inferred
Cherwell,2021-05-22,0.0,0.0,1.0,1.0,1.0,1.0,2.0,2.0,2.0,3.0,3.0,4.0,5.0,inferred
Cherwell,2021-05-23,0.0,0.0,1.0,1.0,1.0,2.0,2.0,3.0,3.0,3.0,3.2,5.0,6.0,inferred
Cherwell,2021-05-24,0.0,1.0,1.0,1.0,2.0,2.0,3.0,3.0,4.0,4.0,4.0,5.0,7.0,inferred
Cherwell,2021-05-25,0.0,1.0,1.0,2.0,2.0,2.0,3.0,3.0,4.0,4.0,5.0,5.0,7.0,inferred
Cherwell,2021-05-26,0.0,1.0,2.0,2.0,2.0,3.0,3.0,4.0,4.0,5.0,5.0,6.0,8.0,inferred
Cherwell,2021-05-27,0.0,1.0,2.0,2.0,2.0,3.0,3.0,4.0,4.0,4.0,5.0,6.0,8.0,inferred
Cherwell,2021-05-28,0.0,1.0,1.0,2.0,2.0,3.0,3.0,4.0,4.0,4.0,5.0,6.0,8.0,inferred
Cherwell,2021-05-29,0.0,1.0,1.0,2.0,2.0,2.0,3.0,3.0,4.0,4.0,4.0,6.0,8.0,inferred
Cherwell,2021-05-30,0.0,1.0,2.0,2.0,2.0,3.0,3.0,4.0,5.0,5.0,6.0,7.0,9.0,inferred
Cherwell,2021-05-31,1.0,2.0,3.0,3.0,4.0,4.0,5.0,6.0,6.0,7.0,7.0,9.0,11.0,inferred
Cherwell,2021-06-01,1.0,2.0,3.0,4.0,4.0,5.0,5.0,6.0,7.0,7.0,8.0,9.0,11.0,inferred
Cherwell,2021-06-02,1.0,3.0,4.0,4.0,5.0,5.0,6.0,7.0,8.0,8.0,9.0,10.0,13.0,inferred
Cherwell,2021-06-03,2.0,3.0,4.0,5.0,5.0,6.0,7.0,7.0,8.0,8.0,9.0,10.0,13.0,inferred
Cherwell,2021-06-04,2.0,3.0,4.0,4.0,5.0,5.0,6.0,7.0,7.0,8.0,8.0,10.0,12.0,inferred
Cherwell,2021-06-05,1.0,2.0,3.0,4.0,4.0,5.0,5.0,6.0,7.0,7.0,7.0,9.0,11.0,inferred
Cherwell,2021-06-06,2.0,3.0,4.0,5.0,5.0,6.0,7.0,7.0,8.0,9.0,9.0,11.0,13.0,inferred
Cherwell,2021-06-07,3.0,5.0,6.0,6.0,7.0,8.0,8.0,9.0,10.0,11.0,12.0,13.0,16.0,inferred
Cherwell,2021-06-08,3.0,5.0,6.0,6.0,7.0,8.0,9.0,9.0,10.0,11.0,11.0,13.0,16.0,inferred
Cherwell,2021-06-09,4.0,5.0,7.0,7.0,8.0,8.0,9.0,10.0,11.0,12.0,13.0,14.0,17.0,inferred
Cherwell,2021-06-10,3.0,5.0,6.0,7.0,7.0,8.0,9.0,10.0,11.0,11.0,12.0,14.0,17.0,inferred
Cherwell,2021-06-11,3.0,5.0,6.0,6.0,7.0,7.0,8.0,9.0,10.0,10.0,11.0,13.0,16.0,inferred
Cherwell,2021-06-12,2.0,4.0,5.0,5.0,5.0,6.0,7.0,8.0,9.0,9.0,10.0,11.0,14.0,inferred
Cherwell,2021-06-13,3.0,5.0,6.0,6.0,7.0,8.0,9.0,9.0,10.0,11.0,12.0,14.0,17.0,inferred
Cherwell,2021-06-14,5.0,7.0,8.0,9.0,9.0,10.0,11.0,12.0,13.0,13.0,14.0,16.0,19.0,inferred
Cherwell,2021-06-15,4.0,6.0,8.0,8.0,9.0,10.0,11.0,12.0,13.0,14.0,14.0,16.1,20.0,inferred
Cherwell,2021-06-16,5.0,7.0,9.0,10.0,10.0,11.0,12.0,13.0,14.0,15.0,16.0,18.0,22.0,inferred
Cherwell,2021-06-17,5.0,7.0,9.0,9.0,10.0,11.0,12.0,13.0,14.0,15.0,16.0,18.0,21.0,inferred
Cherwell,2021-06-18,5.0,6.0,8.0,8.0,9.0,10.0,11.0,12.0,13.0,14.0,15.0,16.0,20.0,inferred
Cheshire East,2021-03-06,12.0,15.0,18.0,19.0,21.0,22.0,23.0,25.0,27.0,28.0,30.0,33.0,39.0,inferred
Cheshire East,2021-03-07,14.0,18.0,21.0,22.0,23.0,25.0,27.0,29.0,31.0,32.0,34.0,37.1,44.0,inferred
Cheshire East,2021-03-08,20.0,24.0,27.0,28.0,29.0,32.0,33.0,36.0,38.0,39.2,41.0,45.0,51.0,inferred
Cheshire East,2021-03-09,19.0,23.0,27.0,28.0,29.0,31.0,33.0,35.0,38.0,39.0,41.0,45.0,52.0,inferred
Cheshire East,2021-03-10,19.0,23.0,27.0,28.0,29.0,31.0,33.0,35.0,37.0,39.0,40.0,44.0,50.0,inferred
Cheshire East,2021-03-11,17.0,22.0,25.0,26.0,27.0,29.0,31.0,33.0,35.0,37.0,38.0,42.0,48.5,inferred
Cheshire East,2021-03-12,14.0,18.0,21.0,23.0,24.0,25.0,27.0,29.0,32.0,33.0,34.0,38.0,44.0,inferred
Cheshire East,2021-03-13,10.0,14.0,17.0,18.0,19.0,20.0,22.0,23.0,25.0,26.0,28.0,31.0,37.0,inferred
Cheshire East,2021-03-14,13.0,16.0,19.0,20.0,21.0,23.0,25.0,27.0,29.0,30.0,32.0,35.0,41.5,inferred
Cheshire East,2021-03-15,18.0,22.0,26.0,27.0,28.0,30.0,32.0,34.0,36.0,38.0,39.2,44.0,50.0,inferred
Cheshire East,2021-03-16,17.0,22.0,25.0,26.0,27.0,30.0,32.0,34.0,36.0,37.0,39.0,43.0,49.0,inferred
Cheshire East,2021-03-17,16.0,21.0,24.0,25.0,26.0,29.0,31.0,33.0,35.0,36.0,38.0,42.0,50.0,inferred
Cheshire East,2021-03-18,15.0,19.0,22.0,23.0,24.0,26.0,28.0,30.0,32.0,33.0,35.0,40.0,46.0,inferred
Cheshire East,2021-03-19,12.0,16.0,19.0,20.0,21.0,23.0,24.0,26.0,28.0,29.0,31.0,35.0,42.0,inferred
Cheshire East,2021-03-20,8.0,12.0,14.0,15.0,16.0,17.0,19.0,21.0,22.0,24.0,25.0,28.0,33.0,inferred
Cheshire East,2021-03-21,10.0,13.0,16.0,17.0,18.0,20.0,21.0,23.0,25.0,26.0,28.0,31.0,36.0,inferred
Cheshire East,2021-03-22,14.0,18.0,21.0,22.0,23.0,25.0,27.0,29.0,31.0,32.0,34.0,38.0,45.0,inferred
Cheshire East,2021-03-23,13.0,18.0,20.0,22.0,23.0,24.0,26.0,28.0,30.0,31.0,32.0,37.0,43.0,inferred
Cheshire East,2021-03-24,13.0,16.0,19.0,20.0,21.0,23.0,25.0,26.0,28.0,29.0,31.0,34.1,41.0,inferred
Cheshire East,2021-03-25,11.0,14.0,17.0,18.0,19.0,21.0,22.0,24.0,26.0,27.0,28.0,32.0,38.0,inferred
Cheshire East,2021-03-26,8.0,11.0,13.0,14.0,15.0,17.0,18.0,20.0,22.0,23.0,24.0,28.0,33.0,inferred
Cheshire East,2021-03-27,5.0,7.0,9.0,10.0,11.0,12.0,13.0,15.0,16.0,17.0,18.0,21.0,26.0,inferred
Cheshire East,2021-03-28,6.0,8.9,10.0,11.0,12.0,13.0,15.0,16.0,18.0,19.0,20.0,23.0,27.0,inferred
Cheshire East,2021-03-29,8.0,11.0,14.0,14.0,15.0,17.0,18.0,20.0,21.0,22.0,23.0,26.0,32.0,inferred
Cheshire East,2021-03-30,7.0,10.0,12.0,13.0,13.0,15.0,16.0,18.0,19.0,20.0,22.0,25.0,30.0,inferred
Cheshire East,2021-03-31,7.0,9.0,11.0,12.0,13.0,15.0,16.0,17.0,19.0,20.0,21.0,25.0,29.0,inferred
Cheshire East,2021-04-01,5.0,8.0,10.0,11.0,11.0,13.0,14.0,15.0,17.0,18.0,19.0,22.0,26.0,inferred
Cheshire East,2021-04-02,4.0,6.0,8.0,9.0,9.0,10.0,12.0,13.0,14.0,15.0,16.0,19.0,23.0,inferred
Cheshire East,2021-04-03,2.0,4.0,5.0,6.0,6.0,7.0,8.0,10.0,11.0,12.0,12.0,15.0,19.0,inferred
Cheshire East,2021-04-04,2.0,4.0,6.0,6.0,7.0,8.0,9.0,10.0,12.0,12.0,13.0,16.0,20.0,inferred
Cheshire East,2021-04-05,4.0,6.0,8.0,8.0,9.0,10.0,11.0,13.0,14.0,15.0,16.0,18.0,22.0,inferred
Cheshire East,2021-04-06,3.0,5.0,7.0,8.0,8.0,9.0,10.0,12.0,13.0,14.0,15.0,18.0,23.0,inferred
Cheshire East,2021-04-07,3.0,5.0,7.0,8.0,8.0,9.0,10.0,12.0,13.0,14.0,15.0,17.0,22.0,inferred
Cheshire East,2021-04-08,3.0,5.0,6.0,7.0,7.0,8.0,9.0,11.0,12.0,13.0,13.0,16.0,21.0,inferred
Cheshire East,2021-04-09,2.0,4.0,5.0,6.0,6.0,7.0,8.0,9.0,11.0,11.0,12.0,14.0,19.0,inferred
Cheshire East,2021-04-10,1.0,3.0,4.0,4.0,5.0,5.6,6.0,7.0,8.0,9.0,10.0,12.0,16.0,inferred
Cheshire East,2021-04-11,2.0,3.0,4.0,5.0,5.0,6.0,7.0,9.0,10.0,11.0,11.0,13.0,17.0,inferred
Cheshire East,2021-04-12,2.0,4.0,6.0,7.0,7.0,8.0,9.0,10.0,12.0,13.0,14.0,16.0,20.0,inferred
Cheshire East,2021-04-13,3.0,5.0,6.0,7.0,7.0,8.0,9.0,11.0,12.0,13.0,14.0,16.0,20.0,inferred
Cheshire East,2021-04-14,2.0,4.0,6.0,7.0,7.0,8.0,9.0,11.0,12.0,13.0,14.0,16.0,20.0,inferred
Cheshire East,2021-04-15,2.0,4.0,5.0,6.0,7.0,8.0,9.0,10.0,11.0,12.0,13.0,15.0,20.0,inferred
Cheshire East,2021-04-16,2.0,4.0,5.0,5.0,6.0,7.0,8.0,9.0,10.0,11.0,12.0,14.0,17.0,inferred
Cheshire East,2021-04-17,1.0,2.0,3.0,4.0,4.0,5.0,6.0,7.0,8.0,9.0,9.0,12.0,15.0,inferred
Cheshire East,2021-04-18,2.0,3.0,4.0,5.0,5.0,6.0,7.0,8.0,9.0,10.0,11.0,13.0,16.0,inferred
Cheshire East,2021-04-19,2.0,4.0,6.0,6.0,7.0,8.0,9.0,10.0,11.0,12.0,13.0,15.0,20.0,inferred
Cheshire East,2021-04-20,2.0,4.0,6.0,6.0,7.0,8.0,9.0,10.0,12.0,12.0,13.0,15.0,19.0,inferred
Cheshire East,2021-04-21,2.0,4.0,5.0,6.0,7.0,8.0,9.0,10.0,11.0,12.0,13.0,16.0,19.0,inferred
Cheshire East,2021-04-22,2.0,4.0,6.0,6.0,7.0,8.0,9.0,10.0,11.0,12.0,13.0,15.0,18.0,inferred
Cheshire East,2021-04-23,2.0,4.0,5.0,5.0,6.0,7.0,8.0,9.0,10.0,11.0,11.0,14.0,17.0,inferred
Cheshire East,2021-04-24,1.0,2.0,4.0,4.0,5.0,6.0,6.0,7.0,8.0,9.0,10.0,12.0,15.5,inferred
Cheshire East,2021-04-25,1.0,3.0,4.0,5.0,5.0,6.0,7.0,8.0,9.0,10.0,11.0,13.0,16.0,inferred
Cheshire East,2021-04-26,2.0,4.0,6.0,7.0,7.0,9.0,9.5,11.0,12.0,13.0,14.0,16.0,20.0,inferred
Cheshire East,2021-04-27,2.0,5.0,6.0,7.0,7.0,9.0,10.0,11.0,12.0,13.0,14.0,16.0,20.0,inferred
Cheshire East,2021-04-28,3.0,4.0,6.0,7.0,7.0,8.0,9.0,11.0,12.0,13.0,14.0,16.0,20.0,inferred
Cheshire East,2021-04-29,2.0,4.0,6.0,6.0,7.0,8.0,9.0,10.0,11.0,12.0,13.0,16.0,19.0,inferred
Cheshire East,2021-04-30,2.0,3.0,5.0,5.0,6.0,7.0,8.0,9.0,10.0,11.0,12.0,14.0,17.0,inferred
Cheshire East,2021-05-01,1.0,2.0,3.0,4.0,4.0,5.0,6.0,7.0,8.0,9.0,9.0,12.0,15.0,inferred
Cheshire East,2021-05-02,1.0,3.0,4.0,5.0,5.0,6.0,7.0,8.0,9.0,10.0,11.0,13.0,17.0,inferred
Cheshire East,2021-05-03,2.0,4.0,6.0,7.0,7.0,8.0,9.0,10.0,12.0,12.0,13.0,15.0,20.0,inferred
Cheshire East,2021-05-04,2.0,4.0,5.0,6.0,7.0,8.0,9.0,10.0,11.0,12.0,13.0,15.0,19.0,inferred
Cheshire East,2021-05-05,2.0,4.0,6.0,7.0,7.0,8.0,9.0,10.0,12.0,12.0,13.0,16.0,21.0,inferred
Cheshire East,2021-05-06,2.0,4.0,6.0,6.0,7.0,8.0,9.0,10.0,11.0,12.0,13.0,15.0,20.0,inferred
Cheshire East,2021-05-07,2.0,4.0,5.0,5.0,6.0,7.0,8.0,9.0,10.0,11.0,12.0,15.0,18.0,inferred
Cheshire East,2021-05-08,1.0,2.0,4.0,4.0,5.0,5.0,6.0,7.0,8.0,9.0,10.0,12.0,16.0,inferred
Cheshire East,2021-05-09,2.0,3.0,5.0,5.0,6.0,7.0,8.0,9.0,10.0,10.0,11.0,13.0,17.0,inferred
Cheshire East,2021-05-10,3.0,5.0,7.0,7.0,8.0,9.0,10.0,11.0,12.0,13.0,14.0,17.0,21.5,inferred
Cheshire East,2021-05-11,2.0,5.0,6.0,7.0,8.0,9.0,10.0,12.0,13.0,13.0,14.0,17.0,21.5,inferred
Cheshire East,2021-05-12,3.0,5.0,7.0,7.0,8.0,9.0,10.0,12.0,13.0,14.0,15.0,17.0,22.0,inferred
Cheshire East,2021-05-13,3.0,5.0,7.0,7.0,8.0,9.0,10.0,12.0,13.0,14.0,14.0,17.0,21.0,inferred
Cheshire East,2021-05-14,2.0,4.0,6.0,6.0,7.0,8.0,9.0,10.0,11.0,12.0,13.0,16.0,20.0,inferred
Cheshire East,2021-05-15,1.0,3.0,4.0,5.0,5.0,6.0,7.0,8.0,9.0,10.0,10.0,13.0,17.0,inferred
Cheshire East,2021-05-16,2.0,4.0,5.0,5.0,6.0,7.0,8.0,9.0,10.0,11.0,12.0,14.0,19.0,inferred
Cheshire East,2021-05-17,3.0,5.0,7.0,8.0,8.0,9.0,11.0,12.0,13.0,14.0,15.0,17.0,21.0,inferred
Cheshire East,2021-05-18,4.0,6.0,7.0,8.0,9.0,10.0,11.0,13.0,14.0,15.0,16.0,19.0,24.0,inferred
Cheshire East,2021-05-19,4.0,6.0,9.0,9.0,10.0,11.0,12.0,14.0,15.0,16.0,17.0,20.0,25.5,inferred
Cheshire East,2021-05-20,5.0,7.0,9.0,10.0,11.0,12.0,13.0,15.0,16.0,17.0,18.0,21.0,26.0,inferred
Cheshire East,2021-05-21,5.0,7.0,9.0,10.0,10.0,12.0,13.0,14.0,16.0,16.0,17.2,20.0,25.0,inferred
Cheshire East,2021-05-22,4.0,6.0,7.0,8.0,9.0,10.0,11.0,12.0,14.0,14.2,15.0,18.0,22.0,inferred
Cheshire East,2021-05-23,6.0,8.0,10.0,11.0,12.0,13.0,14.0,16.0,17.0,18.0,19.0,23.0,28.0,inferred
Cheshire East,2021-05-24,10.0,13.0,15.0,16.0,17.0,19.0,21.0,22.4,25.0,26.0,27.0,31.0,37.0,inferred
Cheshire East,2021-05-25,12.0,15.0,18.0,19.0,20.0,22.0,24.0,26.0,28.0,29.0,30.0,34.0,40.0,inferred
Cheshire East,2021-05-26,15.0,19.0,22.0,23.0,24.0,26.0,28.0,30.0,32.0,33.0,35.0,39.0,46.0,inferred
Cheshire East,2021-05-27,17.0,21.0,25.0,26.0,27.0,29.0,31.0,33.0,35.0,37.0,38.0,42.0,48.0,inferred
Cheshire East,2021-05-28,18.0,22.0,25.0,27.0,28.0,30.0,32.0,33.0,36.0,37.0,38.0,43.0,50.0,inferred
Cheshire East,2021-05-29,15.0,20.0,23.0,24.0,25.0,27.0,29.0,31.0,33.0,34.0,35.0,39.0,46.0,inferred
Cheshire East,2021-05-30,23.0,28.0,32.0,33.0,34.0,37.0,39.0,41.0,43.0,45.0,46.0,51.0,58.5,inferred
Cheshire East,2021-05-31,36.0,43.0,47.0,49.0,51.0,54.0,57.0,60.0,63.0,65.0,67.0,72.0,80.0,inferred
Cheshire East,2021-06-01,39.0,46.0,50.8,52.0,54.0,57.0,61.0,63.0,67.0,68.0,71.0,77.0,86.0,inferred
Cheshire East,2021-06-02,42.0,49.0,54.0,56.0,58.0,61.0,64.0,68.0,71.0,73.0,75.0,80.0,90.5,inferred
Cheshire East,2021-06-03,43.0,49.0,54.0,56.0,57.0,61.0,64.0,67.0,70.0,71.0,73.0,79.0,87.0,inferred
Cheshire East,2021-06-04,37.5,44.0,50.0,51.0,53.0,56.0,58.0,61.0,65.0,67.0,68.0,74.0,83.0,inferred
Cheshire East,2021-06-05,30.0,36.0,40.0,42.0,43.0,46.0,49.0,51.0,54.0,55.0,57.0,62.0,70.0,inferred
Cheshire East,2021-06-06,37.0,44.9,49.0,51.0,53.0,56.0,58.0,61.0,64.0,66.0,68.0,73.0,83.0,inferred
Cheshire East,2021-06-07,53.0,61.0,67.0,69.0,71.0,74.0,78.0,81.0,84.3,87.0,89.0,96.0,105.5,inferred
Cheshire East,2021-06-08,53.0,61.0,67.0,69.0,71.0,75.0,78.0,81.0,85.0,87.0,89.0,95.0,107.0,inferred
Cheshire East,2021-06-09,55.0,63.0,68.0,70.0,72.0,76.0,79.0,83.0,86.3,88.0,90.2,96.0,108.0,inferred
Cheshire East,2021-06-10,53.0,61.0,66.0,68.0,69.0,72.0,76.0,79.0,82.0,84.0,87.0,93.0,102.0,inferred
Cheshire East,2021-06-11,46.0,53.0,57.0,59.0,61.0,64.0,67.0,70.0,73.0,75.0,77.0,83.0,93.0,inferred
Cheshire East,2021-06-12,35.0,42.0,45.0,47.0,49.0,51.6,54.0,56.0,59.0,61.0,62.0,68.0,77.0,inferred
Cheshire East,2021-06-13,43.0,49.9,54.0,56.0,57.7,60.0,63.0,66.0,69.0,71.0,73.0,80.0,88.0,inferred
Cheshire East,2021-06-14,58.0,65.0,71.0,73.0,75.0,79.0,82.0,85.0,89.0,92.0,94.0,101.0,113.0,inferred
Cheshire East,2021-06-15,58.0,66.0,71.0,73.0,75.0,79.0,83.0,87.0,90.0,92.0,94.0,101.0,113.0,inferred
Cheshire East,2021-06-16,60.5,67.9,72.0,75.0,77.0,81.0,84.0,87.0,92.0,94.0,96.2,103.1,114.0,inferred
Cheshire East,2021-06-17,56.0,66.0,71.0,73.0,75.0,79.0,82.0,86.0,89.0,91.2,94.0,101.0,111.0,inferred
Cheshire East,2021-06-18,50.0,58.0,63.0,65.0,67.0,71.0,74.0,78.0,81.0,83.0,85.0,92.0,105.0,inferred
Cheshire West and Chester,2021-03-06,10.0,13.0,16.0,18.0,19.0,21.0,23.0,24.0,27.0,28.0,30.0,33.1,40.5,inferred
Cheshire West and Chester,2021-03-07,12.0,17.0,20.0,21.0,22.0,24.0,26.0,28.0,30.0,32.0,33.0,37.0,44.0,inferred
Cheshire West and Chester,2021-03-08,17.0,22.0,25.0,27.0,28.0,30.0,32.0,34.4,37.0,39.0,40.0,45.0,52.5,inferred
Cheshire West and Chester,2021-03-09,16.0,22.0,25.0,26.0,28.0,30.0,32.0,34.0,37.0,38.0,40.0,45.0,52.0,inferred
Cheshire West and Chester,2021-03-10,17.0,22.0,26.0,27.0,29.0,31.0,33.0,36.0,38.0,39.0,41.0,46.0,53.0,inferred
Cheshire West and Chester,2021-03-11,17.0,21.0,25.0,26.0,27.0,30.0,32.0,34.0,37.0,39.0,40.0,45.0,53.0,inferred
Cheshire West and Chester,2021-03-12,14.0,18.9,22.0,23.0,24.0,27.0,29.0,31.0,33.0,34.0,36.0,41.0,49.0,inferred
Cheshire West and Chester,2021-03-13,10.5,14.0,17.0,18.0,19.0,21.0,23.0,25.0,27.0,28.0,30.0,34.0,41.0,inferred
Cheshire West and Chester,2021-03-14,12.0,17.0,20.0,22.0,23.0,25.0,27.0,29.0,32.0,33.0,35.0,40.0,47.0,inferred
Cheshire West and Chester,2021-03-15,19.0,24.0,27.0,29.0,30.0,33.0,36.0,38.0,41.0,43.0,45.0,50.0,59.0,inferred
Cheshire West and Chester,2021-03-16,19.0,24.0,28.0,29.0,31.0,33.0,35.0,38.0,41.0,43.0,45.0,50.0,58.5,inferred
Cheshire West and Chester,2021-03-17,18.0,23.0,27.0,28.0,30.0,33.0,35.0,37.0,40.0,42.0,44.0,48.0,57.0,inferred
Cheshire West and Chester,2021-03-18,16.0,21.0,25.0,27.0,28.0,30.0,33.0,35.0,38.0,39.0,41.0,46.0,54.0,inferred
Cheshire West and Chester,2021-03-19,14.0,18.0,21.0,23.0,24.0,26.0,28.0,30.0,33.0,34.0,36.0,40.0,47.0,inferred
Cheshire West and Chester,2021-03-20,10.0,13.0,16.0,17.0,18.0,20.0,22.0,24.0,26.0,27.0,29.0,33.0,39.0,inferred
Cheshire West and Chester,2021-03-21,11.0,15.0,19.0,20.0,21.0,23.0,25.0,27.0,29.0,31.0,32.0,37.0,43.0,inferred
Cheshire West and Chester,2021-03-22,16.0,21.0,24.0,25.0,27.0,29.0,31.0,34.0,36.0,38.0,40.0,44.0,53.0,inferred
Cheshire West and Chester,2021-03-23,15.0,19.0,22.0,23.0,25.0,27.0,29.0,32.0,34.0,36.0,38.0,42.0,49.0,inferred
Cheshire West and Chester,2021-03-24,13.0,18.0,21.0,22.0,23.0,25.0,27.0,29.4,32.0,33.0,35.0,40.0,47.0,inferred
Cheshire West and Chester,2021-03-25,10.0,14.0,18.0,19.0,20.0,22.0,24.0,26.0,28.0,29.0,31.0,35.0,42.5,inferred
Cheshire West and Chester,2021-03-26,8.0,11.0,14.0,15.0,16.0,17.0,19.0,21.0,23.0,24.0,26.0,30.0,36.0,inferred
Cheshire West and Chester,2021-03-27,4.0,7.0,9.0,10.0,11.0,12.0,14.0,15.0,17.0,18.0,19.0,23.0,29.0,inferred
Cheshire West and Chester,2021-03-28,5.0,8.0,10.0,11.0,12.0,13.0,15.0,16.0,18.0,20.0,21.0,24.0,29.0,inferred
Cheshire West and Chester,2021-03-29,7.0,10.0,12.0,13.0,14.0,16.0,17.0,19.0,21.0,22.0,23.0,27.0,34.0,inferred
Cheshire West and Chester,2021-03-30,6.0,9.0,11.0,12.0,13.0,14.0,16.0,17.0,19.0,20.0,21.2,25.0,31.5,inferred
Cheshire West and Chester,2021-03-31,5.0,8.0,10.0,11.0,11.0,13.0,14.0,16.0,19.0,20.0,21.0,24.0,30.0,inferred
Cheshire West and Chester,2021-04-01,3.0,6.0,8.0,9.0,10.0,11.0,13.0,14.0,16.0,17.2,19.0,22.0,28.0,inferred
Cheshire West and Chester,2021-04-02,2.0,5.0,6.0,7.0,8.0,9.0,10.0,12.0,13.0,14.0,15.0,18.0,24.0,inferred
Cheshire West and Chester,2021-04-03,1.0,3.0,4.0,5.0,5.0,6.0,7.0,9.0,10.0,11.0,12.0,14.0,19.0,inferred
Cheshire West and Chester,2021-04-04,2.0,3.0,5.0,5.0,6.0,7.0,8.0,10.0,11.0,12.0,13.0,15.0,20.0,inferred
Cheshire West and Chester,2021-04-05,2.0,4.0,6.0,7.0,7.0,9.0,10.0,11.0,13.0,14.0,15.0,18.0,23.0,inferred
Cheshire West and Chester,2021-04-06,2.0,4.0,5.0,6.0,7.0,8.0,9.0,10.0,12.0,13.0,14.0,17.0,22.0,inferred
Cheshire West and Chester,2021-04-07,2.0,4.0,5.0,6.0,6.0,8.0,9.0,10.0,11.0,12.0,13.0,16.0,22.0,inferred
Cheshire West and Chester,2021-04-08,2.0,3.0,5.0,5.0,6.0,7.0,8.0,9.0,10.0,11.0,12.0,14.0,19.0,inferred
Cheshire West and Chester,2021-04-09,1.0,2.0,4.0,4.0,5.0,6.0,7.0,8.0,9.0,10.0,11.0,13.0,17.0,inferred
Cheshire West and Chester,2021-04-10,0.0,1.0,2.0,3.0,3.0,4.0,5.0,6.0,7.0,8.0,9.0,10.0,15.0,inferred
Cheshire West and Chester,2021-04-11,1.0,2.0,3.0,3.0,4.0,5.0,6.0,7.0,8.0,9.0,9.0,12.0,16.0,inferred
Cheshire West and Chester,2021-04-12,1.0,3.0,4.0,4.8,5.0,6.0,7.0,8.0,10.0,10.0,11.0,14.0,18.0,inferred
Cheshire West and Chester,2021-04-13,1.0,2.0,4.0,4.0,5.0,6.0,7.0,8.0,9.0,10.0,11.0,13.0,17.0,inferred
Cheshire West and Chester,2021-04-14,1.0,2.0,3.0,4.0,4.0,5.0,6.0,7.0,9.0,9.0,10.0,12.0,16.0,inferred
Cheshire West and Chester,2021-04-15,1.0,2.0,3.0,3.0,4.0,5.0,6.0,7.0,8.0,9.0,10.0,12.0,16.0,inferred
Cheshire West and Chester,2021-04-16,0.0,1.9,2.0,3.0,3.0,4.0,5.0,6.0,7.0,8.0,9.0,11.0,16.0,inferred
Cheshire West and Chester,2021-04-17,0.0,1.0,2.0,2.0,2.0,3.0,4.0,5.0,6.0,6.0,7.0,9.0,13.0,inferred
Cheshire West and Chester,2021-04-18,0.0,1.0,2.0,2.0,3.0,4.0,4.0,5.0,7.0,7.0,8.0,10.0,14.0,inferred
Cheshire West and Chester,2021-04-19,1.0,2.0,3.0,4.0,4.0,5.0,6.0,7.0,8.0,9.0,9.0,12.0,17.0,inferred
Cheshire West and Chester,2021-04-20,1.0,2.0,3.0,3.0,4.0,5.0,5.0,7.0,8.0,8.0,9.0,12.0,17.0,inferred
Cheshire West and Chester,2021-04-21,0.0,2.0,3.0,3.0,4.0,5.0,6.0,6.0,8.0,8.0,9.0,11.0,15.0,inferred
Cheshire West and Chester,2021-04-22,0.0,2.0,2.0,3.0,3.0,4.0,5.0,6.0,7.0,8.0,9.0,11.0,16.0,inferred
Cheshire West and Chester,2021-04-23,0.0,1.0,2.0,2.0,3.0,4.0,4.0,5.0,6.0,7.0,7.0,10.0,14.0,inferred
Cheshire West and Chester,2021-04-24,0.0,0.0,1.0,2.0,2.0,2.0,3.0,4.0,5.0,5.0,6.0,8.0,12.0,inferred
Cheshire West and Chester,2021-04-25,0.0,1.0,2.0,2.0,2.0,3.0,4.0,5.0,6.0,6.0,7.0,9.0,14.0,inferred
Cheshire West and Chester,2021-04-26,0.0,1.0,2.0,3.0,3.0,4.0,5.0,6.0,7.0,8.0,9.0,11.0,16.0,inferred
Cheshire West and Chester,2021-04-27,0.0,1.0,2.0,3.0,3.0,4.0,5.0,6.0,7.0,8.0,8.0,11.0,15.0,inferred
Cheshire West and Chester,2021-04-28,0.0,1.0,2.0,3.0,3.0,4.0,5.0,6.0,7.0,8.0,9.0,11.0,15.0,inferred
Cheshire West and Chester,2021-04-29,0.0,1.0,2.0,2.0,3.0,4.0,5.0,5.0,7.0,7.0,8.0,10.1,15.0,inferred
Cheshire West and Chester,2021-04-30,0.0,1.0,2.0,2.0,2.0,3.0,4.0,5.0,6.0,6.0,7.0,9.0,13.0,inferred
Cheshire West and Chester,2021-05-01,0.0,0.0,1.0,1.0,2.0,2.0,3.0,4.0,5.0,5.0,6.0,7.0,11.0,inferred
Cheshire West and Chester,2021-05-02,0.0,1.0,1.0,2.0,2.0,3.0,4.0,4.0,5.0,6.0,7.0,9.0,12.0,inferred
Cheshire West and Chester,2021-05-03,0.0,1.0,2.0,2.0,3.0,3.6,4.0,5.0,7.0,7.0,8.0,10.0,15.0,inferred
Cheshire West and Chester,2021-05-04,0.0,1.0,2.0,2.0,3.0,4.0,4.0,5.0,6.0,7.0,8.0,10.0,14.0,inferred
Cheshire West and Chester,2021-05-05,0.0,1.0,2.0,2.0,3.0,4.0,4.0,5.0,7.0,7.0,8.0,10.0,15.0,inferred
Cheshire West and Chester,2021-05-06,0.0,1.0,2.0,2.0,3.0,3.0,4.0,5.0,6.0,7.0,7.0,9.0,13.0,inferred
Cheshire West and Chester,2021-05-07,0.0,1.0,2.0,2.0,2.0,3.0,4.0,5.0,6.0,6.0,7.0,9.0,13.0,inferred
Cheshire West and Chester,2021-05-08,0.0,0.0,1.0,1.0,1.0,2.0,3.0,4.0,4.0,5.0,6.0,7.0,11.0,inferred
Cheshire West and Chester,2021-05-09,0.0,1.0,1.0,2.0,2.0,3.0,3.0,4.0,5.0,6.0,6.0,8.0,11.0,inferred
Cheshire West and Chester,2021-05-10,0.0,1.0,2.0,2.0,3.0,3.0,4.0,5.0,6.0,7.0,8.0,10.0,14.0,inferred
Cheshire West and Chester,2021-05-11,0.0,1.0,2.0,2.0,3.0,3.0,4.0,5.0,6.0,7.0,8.0,10.0,14.0,inferred
Cheshire West and Chester,2021-05-12,0.0,1.0,2.0,2.0,3.0,3.0,4.0,5.0,6.0,7.0,7.0,9.0,13.0,inferred
Cheshire West and Chester,2021-05-13,0.0,1.0,2.0,2.0,2.0,3.0,4.0,5.0,6.0,7.0,7.0,9.0,13.0,inferred
Cheshire West and Chester,2021-05-14,0.0,0.0,1.0,2.0,2.0,3.0,3.0,4.0,5.0,6.0,6.0,8.0,11.5,inferred
Cheshire West and Chester,2021-05-15,0.0,0.0,1.0,1.0,1.0,2.0,2.0,3.0,4.0,4.0,5.0,7.0,9.0,inferred
Cheshire West and Chester,2021-05-16,0.0,0.0,1.0,1.0,2.0,2.0,3.0,4.0,5.0,5.0,6.0,8.0,11.0,inferred
Cheshire West and Chester,2021-05-17,0.0,1.0,2.0,2.0,2.0,3.0,4.0,5.0,6.0,7.0,7.0,9.0,14.0,inferred
Cheshire West and Chester,2021-05-18,0.0,1.0,2.0,2.0,2.7,3.0,4.0,5.0,6.0,7.0,8.0,10.0,13.5,inferred
Cheshire West and Chester,2021-05-19,0.0,1.0,2.0,3.0,3.0,4.0,5.0,6.0,7.0,7.0,8.0,10.0,15.0,inferred
Cheshire West and Chester,2021-05-20,1.0,1.0,3.0,3.0,4.0,4.0,5.0,6.0,7.0,8.0,9.0,11.0,16.0,inferred
Cheshire West and Chester,2021-05-21,0.0,2.0,3.0,3.0,4.0,4.0,5.0,6.0,7.0,8.0,9.0,11.0,16.0,inferred
Cheshire West and Chester,2021-05-22,0.0,1.0,2.0,3.0,3.0,4.0,5.0,6.0,7.0,7.0,8.0,10.0,14.0,inferred
Cheshire West and Chester,2021-05-23,1.0,2.0,3.0,4.0,4.0,5.0,6.0,7.0,9.0,9.0,10.0,13.0,18.0,inferred
Cheshire West and Chester,2021-05-24,2.0,4.0,6.0,6.0,7.0,8.0,9.0,11.0,12.0,13.0,14.0,17.0,22.5,inferred
Cheshire West and Chester,2021-05-25,3.0,6.0,7.0,8.0,9.0,10.0,11.0,13.0,14.0,15.0,16.0,20.0,25.0,inferred
Cheshire West and Chester,2021-05-26,5.0,8.0,10.0,11.0,11.0,13.0,15.0,16.0,18.0,19.0,20.0,23.0,29.5,inferred
Cheshire West and Chester,2021-05-27,6.0,9.0,12.0,13.0,14.0,16.0,17.0,19.0,21.0,22.0,24.0,27.0,33.0,inferred
Cheshire West and Chester,2021-05-28,7.0,10.0,13.0,14.0,15.0,17.0,19.0,21.0,23.0,24.0,26.0,30.0,36.0,inferred
Cheshire West and Chester,2021-05-29,7.0,10.0,13.0,14.0,14.0,16.0,18.0,19.0,21.0,22.0,24.0,27.0,34.0,inferred
Cheshire West and Chester,2021-05-30,11.0,15.0,18.0,20.0,21.0,23.0,25.0,27.0,30.0,31.0,33.0,37.0,45.0,inferred
Cheshire West and Chester,2021-05-31,21.0,26.0,30.0,32.0,33.0,36.0,38.0,41.0,44.0,46.0,48.0,53.0,60.0,inferred
Cheshire West and Chester,2021-06-01,24.5,30.0,34.0,36.0,37.0,40.0,42.0,45.0,49.0,51.0,53.0,58.0,67.5,inferred
Cheshire West and Chester,2021-06-02,26.5,32.0,37.8,39.0,41.0,43.0,46.0,49.0,53.0,54.0,57.0,62.1,73.0,inferred
Cheshire West and Chester,2021-06-03,28.5,34.0,38.0,40.0,41.0,44.0,47.0,50.0,54.0,55.0,57.0,62.1,71.0,inferred
Cheshire West and Chester,2021-06-04,26.0,32.0,35.0,37.0,39.0,42.0,44.0,48.0,51.0,53.0,55.0,60.0,70.0,inferred
Cheshire West and Chester,2021-06-05,21.0,26.0,29.0,31.0,33.0,35.0,38.0,40.0,43.0,44.0,46.0,51.0,60.0,inferred
Cheshire West and Chester,2021-06-06,27.0,33.0,37.8,39.0,41.0,44.0,47.0,50.0,53.0,54.0,57.0,63.0,72.0,inferred
Cheshire West and Chester,2021-06-07,40.0,47.0,53.0,55.0,57.0,60.0,63.0,67.0,71.0,73.0,76.0,82.0,93.0,inferred
Cheshire West and Chester,2021-06-08,42.0,49.0,55.0,57.0,58.0,62.0,66.0,69.0,73.0,75.2,78.0,85.0,97.0,inferred
Cheshire West and Chester,2021-06-09,46.0,53.0,58.0,60.0,62.0,66.0,69.0,72.0,76.0,78.0,80.0,88.0,99.0,inferred
Cheshire West and Chester,2021-06-10,44.0,52.0,57.0,59.0,61.0,65.0,68.0,72.0,75.3,78.0,81.0,88.0,99.0,inferred
Cheshire West and Chester,2021-06-11,38.0,47.0,52.0,54.0,56.0,59.0,63.0,66.0,70.0,72.0,74.2,81.1,92.0,inferred
Cheshire West and Chester,2021-06-12,32.0,38.0,43.0,45.0,46.0,50.0,52.0,55.0,57.0,59.0,62.0,68.0,77.0,inferred
Cheshire West and Chester,2021-06-13,40.0,46.0,52.0,54.0,55.0,59.0,61.0,65.0,68.0,70.0,73.0,79.0,90.0,inferred
Cheshire West and Chester,2021-06-14,56.0,65.0,71.0,73.0,75.0,79.0,83.0,87.0,91.0,93.0,96.0,105.0,115.5,inferred
Cheshire West and Chester,2021-06-15,57.0,67.0,72.0,75.0,78.0,82.0,86.0,90.0,94.0,96.0,99.0,106.0,118.5,inferred
Cheshire West and Chester,2021-06-16,59.0,69.0,75.0,78.0,80.0,84.0,88.0,92.0,97.0,99.0,103.0,110.0,123.0,inferred
Cheshire West and Chester,2021-06-17,58.0,68.0,74.0,76.0,79.0,83.0,87.0,92.0,96.0,98.0,101.0,111.0,124.0,inferred
Cheshire West and Chester,2021-06-18,51.5,61.0,67.0,69.0,72.0,76.0,80.0,85.0,89.0,92.0,94.2,101.1,118.0,inferred
Chesterfield,2021-03-06,1.0,3.0,4.0,4.0,5.0,6.0,7.0,8.0,9.0,9.0,10.0,12.0,15.0,inferred
Chesterfield,2021-03-07,2.0,3.0,5.0,5.0,6.0,6.0,8.0,8.0,10.0,10.0,11.0,13.0,17.5,inferred
Chesterfield,2021-03-08,3.0,5.0,6.0,7.0,7.0,8.0,9.0,10.0,11.3,12.0,13.0,15.0,19.0,inferred
Chesterfield,2021-03-09,2.0,4.0,5.0,6.0,7.0,8.0,8.0,9.0,11.0,12.0,12.0,15.0,19.0,inferred
Chesterfield,2021-03-10,2.0,4.0,5.0,6.0,7.0,8.0,9.0,10.0,11.0,12.0,13.0,15.0,19.0,inferred
Chesterfield,2021-03-11,2.0,3.0,4.8,5.0,6.0,7.0,7.0,8.4,10.0,10.0,11.0,13.0,17.0,inferred
Chesterfield,2021-03-12,1.0,3.0,4.0,4.0,5.0,6.0,7.0,8.0,9.0,9.0,10.0,12.0,16.0,inferred
Chesterfield,2021-03-13,1.0,2.0,3.0,3.0,3.0,4.0,5.0,6.0,7.0,7.2,8.0,10.0,14.0,inferred
Chesterfield,2021-03-14,1.0,2.0,3.0,4.0,4.0,5.0,6.0,7.0,8.0,8.0,9.0,11.0,14.0,inferred
Chesterfield,2021-03-15,2.0,3.0,4.0,5.0,5.0,6.0,7.0,9.0,10.0,10.0,11.0,13.0,18.0,inferred
Chesterfield,2021-03-16,2.0,3.0,4.0,5.0,5.0,6.0,7.0,8.0,9.0,10.0,11.0,13.0,17.0,inferred
Chesterfield,2021-03-17,2.0,3.0,4.0,5.0,6.0,6.0,7.0,9.0,10.0,10.0,11.0,13.0,17.0,inferred
Chesterfield,2021-03-18,1.0,3.0,4.0,4.0,5.0,5.0,6.0,7.0,8.0,9.0,10.0,12.0,15.0,inferred
Chesterfield,2021-03-19,1.0,2.0,3.0,4.0,4.0,5.0,6.0,7.0,8.0,8.0,9.0,11.0,14.0,inferred
Chesterfield,2021-03-20,0.0,1.0,2.0,3.0,3.0,4.0,4.0,5.0,6.0,6.0,7.0,9.0,12.0,inferred
Chesterfield,2021-03-21,0.0,2.0,3.0,3.0,4.0,4.0,5.0,6.0,7.0,7.0,8.0,10.0,13.5,inferred
Chesterfield,2021-03-22,1.0,3.0,4.0,4.0,5.0,6.0,7.0,8.0,9.0,9.0,10.0,12.0,16.0,inferred
Chesterfield,2021-03-23,1.0,2.0,3.0,4.0,4.0,5.0,6.0,7.0,8.0,9.0,10.0,11.0,15.0,inferred
Chesterfield,2021-03-24,1.0,2.0,4.0,4.0,4.0,5.0,6.0,7.0,8.0,9.0,9.0,11.0,15.0,inferred
Chesterfield,2021-03-25,1.0,2.0,3.0,3.0,4.0,4.0,5.0,6.0,7.0,7.2,8.0,10.0,14.0,inferred
Chesterfield,2021-03-26,0.0,1.0,2.0,3.0,3.0,4.0,5.0,5.0,6.0,7.0,8.0,9.0,13.0,inferred
Chesterfield,2021-03-27,0.0,1.0,1.0,2.0,2.0,3.0,3.0,4.0,5.0,6.0,6.0,8.0,10.0,inferred
Chesterfield,2021-03-28,0.0,1.0,2.0,2.0,2.7,3.0,4.0,5.0,6.0,6.0,6.2,8.0,11.0,inferred
Chesterfield,2021-03-29,0.0,2.0,3.0,3.0,3.0,4.0,5.0,6.0,7.0,7.0,8.0,10.0,13.0,inferred
Chesterfield,2021-03-30,0.0,1.0,2.0,3.0,3.0,4.0,4.0,5.0,6.0,7.0,7.0,9.0,12.5,inferred
Chesterfield,2021-03-31,0.0,1.0,2.0,2.0,3.0,4.0,4.0,5.0,6.0,7.0,7.0,9.1,13.0,inferred
Chesterfield,2021-04-01,0.0,1.0,2.0,2.0,2.0,3.0,4.0,4.0,5.0,6.0,6.0,8.0,11.0,inferred
Chesterfield,2021-04-02,0.0,1.0,1.0,2.0,2.0,3.0,3.0,4.0,5.0,5.0,6.0,8.0,11.0,inferred
Chesterfield,2021-04-03,0.0,0.0,1.0,1.0,1.0,2.0,2.0,3.0,4.0,4.0,5.0,6.0,9.0,inferred
Chesterfield,2021-04-04,0.0,0.0,1.0,1.0,2.0,2.0,3.0,4.0,5.0,5.0,6.0,7.0,9.0,inferred
Chesterfield,2021-04-05,0.0,1.0,2.0,2.0,2.0,3.0,4.0,5.0,5.0,6.0,7.0,8.0,11.0,inferred
Chesterfield,2021-04-06,0.0,1.0,2.0,2.0,2.0,3.0,3.0,4.0,5.0,5.0,6.0,8.0,11.5,inferred
Chesterfield,2021-04-07,0.0,1.0,2.0,2.0,2.0,3.0,4.0,4.0,5.0,6.0,6.0,8.0,11.0,inferred
Chesterfield,2021-04-08,0.0,1.0,1.0,2.0,2.0,3.0,3.0,4.0,5.0,5.0,6.0,8.0,11.0,inferred
Chesterfield,2021-04-09,0.0,0.0,1.0,1.0,2.0,2.0,3.0,3.0,4.0,5.0,5.0,7.0,9.0,inferred
Chesterfield,2021-04-10,0.0,0.0,1.0,1.0,1.0,2.0,2.0,3.0,3.0,4.0,4.0,6.0,8.0,inferred
Chesterfield,2021-04-11,0.0,0.0,1.0,1.0,1.0,2.0,2.0,3.0,4.0,4.0,5.0,6.0,9.0,inferred
Chesterfield,2021-04-12,0.0,1.0,1.0,1.0,2.0,2.0,3.0,4.0,4.0,5.0,6.0,7.0,9.5,inferred
Chesterfield,2021-04-13,0.0,0.0,1.0,2.0,2.0,2.0,3.0,4.0,5.0,5.0,6.0,7.0,10.0,inferred
Chesterfield,2021-04-14,0.0,1.0,1.0,1.0,2.0,2.0,3.0,4.0,4.0,5.0,5.0,7.0,10.0,inferred
Chesterfield,2021-04-15,0.0,0.0,1.0,1.0,1.0,2.0,3.0,3.0,4.0,4.0,5.0,6.0,9.0,inferred
Chesterfield,2021-04-16,0.0,0.0,1.0,1.0,1.0,2.0,2.0,3.0,3.0,4.0,4.0,6.0,8.0,inferred
Chesterfield,2021-04-17,0.0,0.0,0.0,1.0,1.0,1.0,2.0,2.0,3.0,3.0,3.0,5.0,7.0,inferred
Chesterfield,2021-04-18,0.0,0.0,0.0,1.0,1.0,1.0,2.0,2.0,3.0,3.0,4.0,5.0,8.0,inferred
Chesterfield,2021-04-19,0.0,0.0,1.0,1.0,1.0,1.0,2.0,3.0,3.0,4.0,4.0,6.0,8.0,inferred
Chesterfield,2021-04-20,0.0,0.0,1.0,1.0,1.0,1.0,2.0,3.0,3.0,4.0,4.0,6.0,9.0,inferred
Chesterfield,2021-04-21,0.0,0.0,0.0,1.0,1.0,1.0,2.0,2.0,3.0,3.0,4.0,5.0,8.0,inferred
Chesterfield,2021-04-22,0.0,0.0,0.0,1.0,1.0,1.0,2.0,2.0,3.0,3.0,4.0,5.0,8.0,inferred
Chesterfield,2021-04-23,0.0,0.0,0.0,0.8,1.0,1.0,1.0,2.0,3.0,3.0,3.0,5.0,7.0,inferred
Chesterfield,2021-04-24,0.0,0.0,0.0,0.0,0.0,1.0,1.0,1.0,2.0,2.0,3.0,4.0,6.0,inferred
Chesterfield,2021-04-25,0.0,0.0,0.0,0.0,0.0,1.0,1.0,2.0,2.0,3.0,3.0,4.0,6.0,inferred
Chesterfield,2021-04-26,0.0,0.0,0.0,0.0,1.0,1.0,1.0,2.0,3.0,3.0,3.0,5.0,8.0,inferred
Chesterfield,2021-04-27,0.0,0.0,0.0,0.0,1.0,1.0,1.0,2.0,3.0,3.0,3.0,5.0,7.0,inferred
Chesterfield,2021-04-28,0.0,0.0,0.0,0.0,1.0,1.0,1.0,2.0,2.0,3.0,3.0,5.0,7.0,inferred
Chesterfield,2021-04-29,0.0,0.0,0.0,0.0,0.0,1.0,1.0,2.0,2.0,2.0,3.0,4.0,6.5,inferred
Chesterfield,2021-04-30,0.0,0.0,0.0,0.0,0.0,1.0,1.0,1.0,2.0,2.0,3.0,4.0,7.0,inferred
Chesterfield,2021-05-01,0.0,0.0,0.0,0.0,0.0,0.0,1.0,1.0,1.0,2.0,2.0,3.0,5.0,inferred
Chesterfield,2021-05-02,0.0,0.0,0.0,0.0,0.0,1.0,1.0,1.0,2.0,2.0,2.0,4.0,6.0,inferred
Chesterfield,2021-05-03,0.0,0.0,0.0,0.0,1.0,1.0,1.0,2.0,2.0,3.0,3.0,4.0,7.0,inferred
Chesterfield,2021-05-04,0.0,0.0,0.0,0.0,1.0,1.0,1.0,2.0,2.0,3.0,3.0,4.0,6.0,inferred
Chesterfield,2021-05-05,0.0,0.0,0.0,0.0,1.0,1.0,1.0,2.0,3.0,3.0,3.0,5.0,7.0,inferred
Chesterfield,2021-05-06,0.0,0.0,0.0,0.0,1.0,1.0,1.0,2.0,2.0,2.2,3.0,4.0,6.0,inferred
Chesterfield,2021-05-07,0.0,0.0,0.0,0.0,0.0,1.0,1.0,2.0,2.0,3.0,3.0,4.0,6.0,inferred
Chesterfield,2021-05-08,0.0,0.0,0.0,0.0,0.0,0.0,1.0,1.0,2.0,2.0,2.0,3.0,5.0,inferred
Chesterfield,2021-05-09,0.0,0.0,0.0,0.0,0.0,1.0,1.0,1.0,2.0,2.0,2.0,3.0,5.0,inferred
Chesterfield,2021-05-10,0.0,0.0,0.0,0.0,1.0,1.0,1.0,2.0,2.0,3.0,3.0,4.0,7.0,inferred
Chesterfield,2021-05-11,0.0,0.0,0.0,0.0,0.0,1.0,1.0,2.0,2.0,2.0,3.0,4.0,6.0,inferred
Chesterfield,2021-05-12,0.0,0.0,0.0,0.0,0.0,1.0,1.0,2.0,2.0,2.2,3.0,4.0,7.0,inferred
Chesterfield,2021-05-13,0.0,0.0,0.0,0.0,0.0,1.0,1.0,1.0,2.0,2.0,3.0,4.0,6.0,inferred
Chesterfield,2021-05-14,0.0,0.0,0.0,0.0,0.0,0.0,1.0,1.0,2.0,2.0,2.0,3.0,6.0,inferred
Chesterfield,2021-05-15,0.0,0.0,0.0,0.0,0.0,0.0,1.0,1.0,1.0,2.0,2.0,3.0,5.0,inferred
Chesterfield,2021-05-16,0.0,0.0,0.0,0.0,0.0,0.0,1.0,1.0,2.0,2.0,2.0,3.0,5.0,inferred
Chesterfield,2021-05-17,0.0,0.0,0.0,0.0,0.0,1.0,1.0,1.0,2.0,2.0,3.0,4.0,6.0,inferred
Chesterfield,2021-05-18,0.0,0.0,0.0,0.0,0.0,1.0,1.0,1.0,2.0,2.0,3.0,4.0,6.0,inferred
Chesterfield,2021-05-19,0.0,0.0,0.0,0.0,0.0,1.0,1.0,1.0,2.0,2.0,3.0,4.0,6.0,inferred
Chesterfield,2021-05-20,0.0,0.0,0.0,0.0,0.0,1.0,1.0,1.0,2.0,2.0,2.0,4.0,6.0,inferred
Chesterfield,2021-05-21,0.0,0.0,0.0,0.0,0.0,0.6,1.0,1.0,2.0,2.0,2.0,4.0,6.0,inferred
Chesterfield,2021-05-22,0.0,0.0,0.0,0.0,0.0,0.0,0.0,1.0,1.0,2.0,2.0,3.0,5.0,inferred
Chesterfield,2021-05-23,0.0,0.0,0.0,0.0,0.0,0.0,1.0,1.0,2.0,2.0,2.0,3.0,6.0,inferred
Chesterfield,2021-05-24,0.0,0.0,0.0,0.0,0.0,1.0,1.0,1.0,2.0,2.0,3.0,4.0,6.0,inferred
Chesterfield,2021-05-25,0.0,0.0,0.0,0.0,0.0,1.0,1.0,2.0,2.0,2.0,3.0,4.0,7.0,inferred
Chesterfield,2021-05-26,0.0,0.0,0.0,0.0,0.0,1.0,1.0,2.0,2.0,2.0,3.0,4.0,6.0,inferred
Chesterfield,2021-05-27,0.0,0.0,0.0,0.0,0.0,1.0,1.0,1.0,2.0,2.0,3.0,4.0,6.0,inferred
Chesterfield,2021-05-28,0.0,0.0,0.0,0.0,0.0,1.0,1.0,1.0,2.0,2.0,2.0,3.1,5.0,inferred
Chesterfield,2021-05-29,0.0,0.0,0.0,0.0,0.0,0.0,1.0,1.0,1.0,2.0,2.0,3.0,5.0,inferred
Chesterfield,2021-05-30,0.0,0.0,0.0,0.0,0.0,0.0,1.0,1.0,2.0,2.0,2.0,3.0,6.0,inferred
Chesterfield,2021-05-31,0.0,0.0,0.0,0.0,0.0,1.0,1.0,2.0,2.0,3.0,3.0,4.0,6.0,inferred
Chesterfield,2021-06-01,0.0,0.0,0.0,0.0,0.0,1.0,1.0,2.0,2.0,3.0,3.0,4.0,6.0,inferred
Chesterfield,2021-06-02,0.0,0.0,0.0,0.0,1.0,1.0,1.0,2.0,2.0,3.0,3.0,4.0,7.0,inferred
Chesterfield,2021-06-03,0.0,0.0,0.0,0.0,1.0,1.0,1.0,2.0,2.0,2.2,3.0,4.0,7.0,inferred
Chesterfield,2021-06-04,0.0,0.0,0.0,0.0,0.0,1.0,1.0,2.0,2.0,3.0,3.0,4.0,7.0,inferred
Chesterfield,2021-06-05,0.0,0.0,0.0,0.0,0.0,1.0,1.0,1.0,2.0,2.0,3.0,4.0,6.0,inferred
Chesterfield,2021-06-06,0.0,0.0,0.0,0.0,1.0,1.0,1.0,2.0,3.0,3.0,3.0,5.0,7.0,inferred
Chesterfield,2021-06-07,0.0,0.0,1.0,1.0,1.0,2.0,2.0,3.0,3.0,4.0,4.0,6.0,8.0,inferred
Chesterfield,2021-06-08,0.0,0.0,1.0,1.0,1.0,2.0,2.0,3.0,4.0,4.0,4.0,6.0,9.0,inferred
Chesterfield,2021-06-09,0.0,0.0,1.0,1.0,2.0,2.0,3.0,3.0,4.0,5.0,5.0,7.0,10.0,inferred
Chesterfield,2021-06-10,0.0,0.0,1.0,1.0,2.0,2.0,3.0,3.0,4.0,5.0,5.0,7.0,10.0,inferred
Chesterfield,2021-06-11,0.0,1.0,1.0,2.0,2.0,2.0,3.0,4.0,4.0,5.0,5.0,7.0,10.0,inferred
Chesterfield,2021-06-12,0.0,0.0,1.0,1.0,2.0,2.0,3.0,3.0,4.0,4.0,5.0,6.0,9.5,inferred
Chesterfield,2021-06-13,0.0,1.0,2.0,2.0,2.0,3.0,4.0,4.0,5.0,6.0,6.0,8.0,11.0,inferred
Chesterfield,2021-06-14,1.0,2.0,3.0,3.0,4.0,4.0,5.0,6.0,7.0,8.0,8.0,10.0,14.0,inferred
Chesterfield,2021-06-15,1.0,2.0,3.0,4.0,4.0,5.0,5.0,6.0,8.0,8.0,9.0,11.0,14.0,inferred
Chesterfield,2021-06-16,1.5,3.0,4.0,5.0,5.0,6.0,7.0,8.0,9.0,10.0,10.0,13.0,17.0,inferred
Chesterfield,2021-06-17,2.0,3.0,4.0,5.0,5.0,6.0,7.0,8.0,9.0,10.0,11.0,13.0,16.0,inferred
Chesterfield,2021-06-18,1.0,3.0,4.0,5.0,5.0,6.0,7.0,9.0,10.0,11.0,11.0,13.0,18.0,inferred
Chichester,2021-03-06,0.0,0.0,1.0,1.0,1.0,1.0,2.0,3.0,3.0,4.0,4.0,6.0,8.5,inferred
Chichester,2021-03-07,0.0,0.0,1.0,1.0,2.0,2.0,3.0,3.0,4.0,4.0,5.0,6.0,8.0,inferred
Chichester,2021-03-08,0.0,1.0,1.0,2.0,2.0,3.0,3.0,4.0,5.0,5.0,6.0,8.0,10.5,inferred
Chichester,2021-03-09,0.0,1.0,1.0,2.0,2.0,2.0,3.0,4.0,5.0,5.0,6.0,7.0,11.0,inferred
Chichester,2021-03-10,0.0,1.0,2.0,2.0,2.0,3.0,3.0,4.0,5.0,5.0,6.0,8.0,11.0,inferred
Chichester,2021-03-11,0.0,1.0,2.0,2.0,2.0,3.0,3.0,4.0,5.0,6.0,6.0,8.0,11.0,inferred
Chichester,2021-03-12,0.0,1.0,1.0,2.0,2.0,3.0,3.0,4.0,5.0,5.0,6.0,7.0,10.0,inferred
Chichester,2021-03-13,0.0,0.0,1.0,1.0,2.0,2.0,3.0,3.0,4.0,5.0,5.0,7.0,10.0,inferred
Chichester,2021-03-14,0.0,1.0,2.0,2.0,2.0,3.0,4.0,4.0,5.0,6.0,6.0,8.0,11.0,inferred
Chichester,2021-03-15,0.0,2.0,2.0,3.0,3.0,4.0,5.0,5.0,6.0,7.0,8.0,10.0,14.0,inferred
Chichester,2021-03-16,0.0,2.0,3.0,3.0,3.0,4.0,5.0,6.0,7.0,7.0,8.0,10.0,14.0,inferred
Chichester,2021-03-17,1.0,2.0,3.0,3.0,3.0,4.0,5.0,6.0,7.0,7.0,8.0,10.0,14.0,inferred
Chichester,2021-03-18,0.0,1.0,2.0,3.0,3.0,4.0,5.0,5.0,6.0,7.0,8.0,10.0,13.0,inferred
Chichester,2021-03-19,0.0,1.0,2.0,2.0,3.0,3.0,4.0,5.0,6.0,6.0,7.0,9.0,12.0,inferred
Chichester,2021-03-20,0.0,1.0,1.0,2.0,2.0,3.0,3.0,4.0,5.0,6.0,6.0,7.0,10.0,inferred
Chichester,2021-03-21,0.0,1.0,2.0,2.0,3.0,3.0,4.0,5.0,6.0,6.0,7.0,9.0,12.0,inferred
Chichester,2021-03-22,0.0,2.0,2.0,3.0,3.0,4.0,5.0,6.0,7.0,7.0,8.0,10.0,14.0,inferred
Chichester,2021-03-23,0.0,2.0,3.0,3.0,3.0,4.0,5.0,6.0,7.0,7.0,8.0,10.0,13.0,inferred
Chichester,2021-03-24,0.0,1.0,2.0,3.0,3.0,4.0,5.0,5.0,7.0,7.0,8.0,10.0,13.0,inferred
Chichester,2021-03-25,0.0,1.0,2.0,3.0,3.0,4.0,5.0,5.0,6.0,7.0,7.0,9.0,12.0,inferred
Chichester,2021-03-26,0.0,1.0,2.0,2.0,2.0,3.0,3.0,4.0,5.0,6.0,6.0,8.0,11.0,inferred
Chichester,2021-03-27,0.0,0.0,1.0,1.0,2.0,2.0,3.0,4.0,4.0,5.0,5.0,7.0,10.0,inferred
Chichester,2021-03-28,0.0,1.0,1.0,2.0,2.0,3.0,3.0,4.0,5.0,5.0,6.0,7.0,10.0,inferred
Chichester,2021-03-29,0.0,1.0,2.0,2.0,3.0,3.0,4.0,5.0,6.0,6.0,7.0,9.0,12.0,inferred
Chichester,2021-03-30,0.0,1.0,2.0,2.0,2.0,3.0,4.0,4.0,5.0,6.0,6.0,8.0,11.0,inferred
Chichester,2021-03-31,0.0,1.0,2.0,2.0,3.0,3.0,4.0,4.0,5.0,6.0,6.0,8.0,11.0,inferred
Chichester,2021-04-01,0.0,1.0,1.0,2.0,2.0,3.0,3.0,4.0,5.0,5.0,6.0,8.0,11.0,inferred
Chichester,2021-04-02,0.0,0.0,1.0,1.0,2.0,2.0,3.0,3.0,4.0,4.0,5.0,7.0,9.0,inferred
Chichester,2021-04-03,0.0,0.0,1.0,1.0,1.0,1.0,2.0,2.0,3.0,4.0,4.0,5.0,8.0,inferred
Chichester,2021-04-04,0.0,0.0,1.0,1.0,1.0,2.0,2.0,3.0,4.0,4.0,4.0,6.0,9.0,inferred
Chichester,2021-04-05,0.0,0.0,1.0,1.0,2.0,2.0,3.0,3.0,4.0,5.0,5.0,7.0,11.0,inferred
Chichester,2021-04-06,0.0,0.0,1.0,1.0,1.0,2.0,2.0,3.0,4.0,4.0,5.0,6.0,9.0,inferred
Chichester,2021-04-07,0.0,0.0,1.0,1.0,2.0,2.0,3.0,3.0,4.0,4.0,5.0,7.0,9.0,inferred
Chichester,2021-04-08,0.0,0.0,1.0,1.0,1.0,2.0,2.0,3.0,4.0,4.0,5.0,6.0,8.0,inferred
Chichester,2021-04-09,0.0,0.0,1.0,1.0,1.0,1.0,2.0,2.0,3.0,4.0,4.0,5.0,8.0,inferred
Chichester,2021-04-10,0.0,0.0,0.0,1.0,1.0,1.0,2.0,2.0,3.0,3.0,4.0,5.0,7.0,inferred
Chichester,2021-04-11,0.0,0.0,1.0,1.0,1.0,1.0,2.0,2.0,3.0,3.0,4.0,5.0,8.0,inferred
Chichester,2021-04-12,0.0,0.0,1.0,1.0,1.0,2.0,2.0,3.0,4.0,4.0,5.0,7.0,9.0,inferred
Chichester,2021-04-13,0.0,0.0,1.0,1.0,1.0,2.0,2.0,3.0,4.0,4.0,5.0,6.0,9.0,inferred
Chichester,2021-04-14,0.0,0.0,1.0,1.0,1.0,2.0,2.0,3.0,4.0,4.0,5.0,6.0,9.0,inferred
Chichester,2021-04-15,0.0,0.0,1.0,1.0,1.0,2.0,2.0,3.0,3.0,4.0,4.0,6.0,9.0,inferred
Chichester,2021-04-16,0.0,0.0,0.0,1.0,1.0,1.0,2.0,2.0,3.0,3.0,4.0,5.0,8.0,inferred
Chichester,2021-04-17,0.0,0.0,0.0,0.0,1.0,1.0,2.0,2.0,3.0,3.0,3.0,5.0,7.0,inferred
Chichester,2021-04-18,0.0,0.0,0.0,1.0,1.0,1.0,2.0,2.0,3.0,3.0,4.0,5.0,7.0,inferred
Chichester,2021-04-19,0.0,0.0,1.0,1.0,1.0,2.0,2.0,3.0,4.0,4.0,5.0,6.0,9.0,inferred
Chichester,2021-04-20,0.0,0.0,1.0,1.0,1.0,2.0,2.0,3.0,3.0,4.0,4.0,6.0,9.0,inferred
Chichester,2021-04-21,0.0,0.0,1.0,1.0,1.0,2.0,2.0,3.0,4.0,4.0,5.0,6.0,9.0,inferred
Chichester,2021-04-22,0.0,0.0,1.0,1.0,1.0,2.0,2.0,3.0,3.0,4.0,4.0,6.0,9.0,inferred
Chichester,2021-04-23,0.0,0.0,1.0,1.0,1.0,2.0,2.0,3.0,3.0,4.0,4.0,6.0,8.0,inferred
Chichester,2021-04-24,0.0,0.0,0.0,0.0,1.0,1.0,2.0,2.0,3.0,3.0,3.0,5.0,7.0,inferred
Chichester,2021-04-25,0.0,0.0,0.0,1.0,1.0,1.0,2.0,2.4,3.0,4.0,4.0,5.0,8.0,inferred
Chichester,2021-04-26,0.0,0.0,1.0,1.0,1.0,2.0,2.0,3.0,4.0,4.0,5.0,6.0,9.0,inferred
Chichester,2021-04-27,0.0,0.0,1.0,1.0,1.0,2.0,3.0,3.0,4.0,4.0,5.0,6.0,9.0,inferred
Chichester,2021-04-28,0.0,0.0,1.0,1.0,1.0,2.0,2.0,3.0,4.0,4.0,5.0,6.0,9.0,inferred
Chichester,2021-04-29,0.0,0.0,1.0,1.0,1.0,2.0,2.0,3.0,3.0,4.0,4.0,6.0,9.0,inferred
Chichester,2021-04-30,0.0,0.0,0.0,1.0,1.0,1.0,2.0,2.0,3.0,4.0,4.0,5.0,8.0,inferred
Chichester,2021-05-01,0.0,0.0,0.0,0.0,1.0,1.0,1.0,2.0,2.0,3.0,3.0,5.0,7.0,inferred
Chichester,2021-05-02,0.0,0.0,0.0,1.0,1.0,1.0,2.0,2.0,3.0,3.0,4.0,5.0,8.0,inferred
Chichester,2021-05-03,0.0,0.0,1.0,1.0,1.0,2.0,2.0,3.0,3.0,4.0,4.0,6.0,8.5,inferred
Chichester,2021-05-04,0.0,0.0,1.0,1.0,1.0,2.0,2.0,3.0,3.0,4.0,4.0,6.0,8.0,inferred
Chichester,2021-05-05,0.0,0.0,1.0,1.0,1.0,2.0,2.0,3.0,3.0,4.0,4.0,6.0,8.0,inferred
Chichester,2021-05-06,0.0,0.0,0.0,1.0,1.0,1.0,2.0,2.0,3.0,3.0,4.0,5.0,7.0,inferred
Chichester,2021-05-07,0.0,0.0,0.0,0.0,1.0,1.0,1.0,2.0,3.0,3.0,3.0,5.0,7.0,inferred
Chichester,2021-05-08,0.0,0.0,0.0,0.0,0.0,1.0,1.0,2.0,2.0,2.0,3.0,4.0,6.0,inferred
Chichester,2021-05-09,0.0,0.0,0.0,0.0,1.0,1.0,1.0,2.0,2.0,3.0,3.0,4.0,6.0,inferred
Chichester,2021-05-10,0.0,0.0,0.0,0.0,1.0,1.0,2.0,2.0,3.0,3.0,4.0,5.0,7.0,inferred
Chichester,2021-05-11,0.0,0.0,0.0,1.0,1.0,1.0,1.0,2.0,3.0,3.0,3.0,5.0,7.5,inferred
Chichester,2021-05-12,0.0,0.0,0.0,1.0,1.0,1.0,1.0,2.0,3.0,3.0,3.0,5.0,7.0,inferred
Chichester,2021-05-13,0.0,0.0,0.0,0.0,0.0,1.0,1.0,2.0,2.0,3.0,3.0,4.0,7.0,inferred
Chichester,2021-05-14,0.0,0.0,0.0,0.0,0.0,1.0,1.0,1.0,2.0,2.0,3.0,4.0,6.0,inferred
Chichester,2021-05-15,0.0,0.0,0.0,0.0,0.0,0.0,1.0,1.0,2.0,2.0,2.0,3.0,5.0,inferred
Chichester,2021-05-16,0.0,0.0,0.0,0.0,0.0,1.0,1.0,1.0,2.0,2.0,2.0,4.0,6.0,inferred
Chichester,2021-05-17,0.0,0.0,0.0,0.0,0.0,1.0,1.0,2.0,2.0,2.0,3.0,4.0,6.0,inferred
Chichester,2021-05-18,0.0,0.0,0.0,0.0,0.0,1.0,1.0,2.0,2.0,2.0,3.0,4.0,6.0,inferred
Chichester,2021-05-19,0.0,0.0,0.0,0.0,1.0,1.0,1.0,2.0,2.0,3.0,3.0,4.0,7.0,inferred
Chichester,2021-05-20,0.0,0.0,0.0,0.0,0.0,1.0,1.0,1.0,2.0,2.0,3.0,4.0,6.0,inferred
Chichester,2021-05-21,0.0,0.0,0.0,0.0,0.0,1.0,1.0,1.0,2.0,2.0,2.0,4.0,6.0,inferred
Chichester,2021-05-22,0.0,0.0,0.0,0.0,0.0,0.0,1.0,1.0,1.0,2.0,2.0,3.0,5.0,inferred
Chichester,2021-05-23,0.0,0.0,0.0,0.0,0.0,1.0,1.0,1.0,2.0,2.0,2.0,3.0,5.0,inferred
Chichester,2021-05-24,0.0,0.0,0.0,0.0,0.0,1.0,1.0,2.0,2.0,3.0,3.0,5.0,7.0,inferred
Chichester,2021-05-25,0.0,0.0,0.0,0.0,0.0,1.0,1.0,2.0,2.0,2.0,3.0,4.0,7.0,inferred
Chichester,2021-05-26,0.0,0.0,0.0,0.0,1.0,1.0,1.0,2.0,3.0,3.0,3.0,4.0,7.0,inferred
Chichester,2021-05-27,0.0,0.0,0.0,0.0,1.0,1.0,1.0,2.0,3.0,3.0,3.0,5.0,8.0,inferred
Chichester,2021-05-28,0.0,0.0,0.0,0.0,0.0,1.0,1.0,2.0,2.0,3.0,3.0,4.0,7.0,inferred
Chichester,2021-05-29,0.0,0.0,0.0,0.0,0.0,1.0,1.0,1.0,2.0,2.0,3.0,4.0,6.0,inferred
Chichester,2021-05-30,0.0,0.0,0.0,0.0,1.0,1.0,2.0,2.0,3.0,3.0,4.0,5.0,7.0,inferred
Chichester,2021-05-31,0.0,0.0,1.0,1.0,1.0,2.0,2.0,3.0,3.0,4.0,4.0,6.0,9.0,inferred
Chichester,2021-06-01,0.0,0.0,1.0,1.0,1.0,2.0,2.0,3.0,4.0,4.0,4.0,6.0,8.0,inferred
Chichester,2021-06-02,0.0,1.0,1.0,1.0,2.0,2.0,3.0,3.0,4.0,5.0,5.0,7.0,10.0,inferred
Chichester,2021-06-03,0.0,1.0,1.0,2.0,2.0,2.0,3.0,4.0,4.0,5.0,5.0,7.0,10.0,inferred
Chichester,2021-06-04,0.0,1.0,1.0,1.0,2.0,2.0,3.0,4.0,4.0,5.0,5.0,7.0,11.0,inferred
Chichester,2021-06-05,0.0,0.0,1.0,1.0,2.0,2.0,3.0,3.0,4.0,5.0,5.0,7.0,10.0,inferred
Chichester,2021-06-06,0.0,1.0,2.0,2.0,2.0,3.0,4.0,5.0,6.0,6.0,7.0,8.0,11.0,inferred
Chichester,2021-06-07,1.0,2.0,3.0,3.0,4.0,4.0,5.0,6.0,7.0,8.0,8.0,10.0,14.0,inferred
Chichester,2021-06-08,1.0,2.0,3.0,4.0,4.0,5.0,6.0,7.0,8.0,8.0,9.0,11.0,15.0,inferred
Chichester,2021-06-09,1.0,3.0,4.0,5.0,5.0,6.0,7.0,8.0,9.0,10.0,11.0,13.0,17.0,inferred
Chichester,2021-06-10,2.0,3.0,4.0,5.0,5.0,6.0,7.0,8.0,9.0,10.0,11.0,13.0,17.0,inferred
Chichester,2021-06-11,2.0,3.0,4.0,5.0,5.0,6.0,7.0,8.0,9.0,10.0,11.0,13.0,16.0,inferred
Chichester,2021-06-12,1.0,3.0,4.0,4.0,5.0,6.0,6.0,8.0,9.0,9.0,10.0,12.0,16.0,inferred
Chichester,2021-06-13,2.0,4.0,5.0,6.0,6.0,7.0,8.0,9.0,11.0,11.0,12.0,14.1,19.0,inferred
Chichester,2021-06-14,4.0,6.0,7.0,8.0,9.0,10.0,11.0,12.0,14.0,15.0,16.0,19.0,23.0,inferred
Chichester,2021-06-15,3.0,6.0,8.0,8.0,9.0,10.0,12.0,13.0,14.0,15.0,16.0,19.0,23.0,inferred
Chichester,2021-06-16,5.0,7.0,9.0,10.0,10.0,12.0,13.0,15.0,16.0,17.0,18.0,21.0,26.0,inferred
Chichester,2021-06-17,4.0,7.0,9.0,10.0,10.0,12.0,13.0,14.0,16.0,17.0,18.0,21.0,27.0,inferred
Chichester,2021-06-18,4.0,6.0,8.0,9.0,9.0,11.0,12.0,14.0,15.0,17.0,17.0,20.0,24.5,inferred
Chorley,2021-03-06,2.0,4.0,5.0,6.0,6.0,7.0,8.0,9.0,10.0,11.0,12.0,14.0,19.0,inferred
Chorley,2021-03-07,3.0,5.0,7.0,8.0,8.0,9.0,10.0,11.0,13.0,13.0,14.0,17.0,20.0,inferred
Chorley,2021-03-08,6.0,8.0,10.0,11.0,11.0,12.0,14.0,15.0,16.0,17.0,18.0,21.0,25.0,inferred
Chorley,2021-03-09,5.0,8.0,10.0,10.0,11.0,12.0,14.0,15.0,16.0,17.0,18.0,21.0,25.0,inferred
Chorley,2021-03-10,5.5,8.0,10.0,10.0,11.0,12.0,14.0,15.0,16.0,17.0,18.0,21.0,25.0,inferred
Chorley,2021-03-11,5.0,7.0,9.0,9.0,10.0,11.6,13.0,14.0,15.0,16.0,17.0,19.0,23.0,inferred
Chorley,2021-03-12,4.0,6.0,7.0,8.0,8.0,10.0,11.0,12.0,14.0,14.0,15.0,18.0,22.0,inferred
Chorley,2021-03-13,2.0,4.0,5.0,6.0,6.0,8.0,9.0,10.0,11.0,11.0,12.0,14.0,17.5,inferred
Chorley,2021-03-14,3.0,5.0,6.0,7.0,7.0,8.0,10.0,11.0,12.0,12.0,13.0,15.0,20.0,inferred
Chorley,2021-03-15,4.0,7.0,8.0,9.0,10.0,11.0,12.0,14.0,15.0,16.0,17.0,19.0,23.0,inferred
Chorley,2021-03-16,4.0,7.0,8.0,9.0,10.0,11.0,12.0,13.0,15.0,16.0,17.0,19.0,23.0,inferred
Chorley,2021-03-17,4.0,7.0,8.0,9.0,10.0,11.0,12.0,13.0,15.0,15.0,16.0,19.0,24.0,inferred
Chorley,2021-03-18,4.0,6.0,8.0,9.0,9.0,10.0,12.0,13.0,14.0,15.0,16.0,18.0,23.0,inferred
Chorley,2021-03-19,4.0,5.0,7.0,8.0,8.0,9.0,11.0,12.0,13.0,14.0,15.0,17.0,21.0,inferred
Chorley,2021-03-20,2.0,4.0,5.0,6.0,7.0,8.0,9.0,10.0,11.0,12.0,12.0,14.0,18.0,inferred
Chorley,2021-03-21,3.0,5.0,6.0,7.0,8.0,9.0,10.0,11.0,12.0,13.0,14.0,17.0,20.0,inferred
Chorley,2021-03-22,5.0,7.0,9.0,10.0,10.0,12.0,13.0,14.0,16.0,17.0,18.0,20.0,24.0,inferred
Chorley,2021-03-23,5.0,7.0,9.0,9.0,10.0,11.0,13.0,14.0,15.0,16.0,17.0,20.0,23.0,inferred
Chorley,2021-03-24,4.0,7.0,9.0,9.0,10.0,11.0,12.0,14.0,15.0,16.0,17.0,20.0,24.0,inferred
Chorley,2021-03-25,4.0,6.0,8.0,9.0,9.0,10.0,11.0,13.0,14.0,15.0,16.0,18.0,22.0,inferred
Chorley,2021-03-26,3.0,5.0,7.0,7.0,8.0,9.0,10.0,11.0,12.0,13.0,14.0,16.0,20.0,inferred
Chorley,2021-03-27,2.0,3.0,5.0,5.0,5.0,6.0,7.0,8.0,9.0,10.0,11.0,13.0,16.0,inferred
Chorley,2021-03-28,2.0,4.0,5.0,6.0,6.0,7.0,8.0,9.0,11.0,11.0,12.0,15.0,19.0,inferred
Chorley,2021-03-29,3.0,5.0,7.0,8.0,8.0,9.0,11.0,12.0,13.0,14.0,15.0,17.0,21.0,inferred
Chorley,2021-03-30,3.0,6.0,7.0,8.0,8.0,9.0,10.0,11.0,13.0,13.0,14.0,17.0,21.0,inferred
Chorley,2021-03-31,3.0,5.0,6.0,7.0,8.0,9.0,10.0,11.0,12.0,13.0,14.0,16.0,20.0,inferred
Chorley,2021-04-01,2.0,4.0,6.0,7.0,7.0,8.0,9.0,10.0,11.0,12.0,13.0,15.0,20.0,inferred
Chorley,2021-04-02,2.0,3.9,5.0,5.0,6.0,7.0,8.0,9.0,10.0,10.0,11.0,13.0,17.0,inferred
Chorley,2021-04-03,1.0,2.0,3.0,4.0,4.0,5.0,6.0,7.0,8.0,8.0,9.0,11.0,14.0,inferred
Chorley,2021-04-04,1.0,3.0,4.0,4.0,5.0,6.0,6.0,7.0,8.0,9.0,10.0,12.0,16.0,inferred
Chorley,2021-04-05,2.0,3.0,5.0,5.0,6.0,7.0,8.0,9.0,10.0,11.0,12.0,14.0,18.0,inferred
Chorley,2021-04-06,2.0,4.0,5.0,5.0,6.0,7.0,8.0,9.0,10.0,10.0,11.0,13.0,17.0,inferred
Chorley,2021-04-07,1.5,3.0,4.0,5.0,5.0,6.0,7.0,8.0,9.0,10.0,11.0,13.0,16.0,inferred
Chorley,2021-04-08,1.0,3.0,4.0,4.0,5.0,6.0,7.0,8.0,9.0,9.0,10.0,12.0,16.0,inferred
Chorley,2021-04-09,1.0,2.0,3.0,4.0,4.0,5.0,6.0,7.0,8.0,8.0,9.0,11.0,15.0,inferred
Chorley,2021-04-10,0.0,1.0,2.0,3.0,3.0,3.0,4.0,5.0,6.0,6.0,7.0,9.0,12.0,inferred
Chorley,2021-04-11,1.0,1.0,2.0,3.0,3.0,4.0,5.0,5.0,6.0,7.0,8.0,9.0,12.0,inferred
Chorley,2021-04-12,1.0,2.0,3.0,4.0,4.0,5.0,6.0,7.0,8.0,8.0,9.0,11.0,14.0,inferred
Chorley,2021-04-13,1.0,2.0,3.0,4.0,4.0,5.0,6.0,6.0,7.0,8.0,9.0,11.0,14.5,inferred
Chorley,2021-04-14,1.0,2.0,3.0,3.0,4.0,4.0,5.0,6.0,7.0,8.0,8.0,10.0,13.5,inferred
Chorley,2021-04-15,1.0,2.0,3.0,3.0,3.0,4.0,5.0,6.0,7.0,7.0,8.0,10.0,13.0,inferred
Chorley,2021-04-16,0.0,1.0,2.0,3.0,3.0,4.0,4.0,5.0,6.0,7.0,7.0,9.0,12.0,inferred
Chorley,2021-04-17,0.0,1.0,1.0,2.0,2.0,3.0,3.0,4.0,5.0,5.0,6.0,7.0,10.0,inferred
Chorley,2021-04-18,0.0,1.0,2.0,2.0,3.0,3.0,4.0,4.0,5.0,6.0,6.0,8.0,11.0,inferred
Chorley,2021-04-19,0.0,2.0,3.0,3.0,3.0,4.0,5.0,6.0,7.0,7.0,8.0,10.0,13.0,inferred
Chorley,2021-04-20,1.0,2.0,3.0,3.0,3.0,4.0,5.0,6.0,6.0,7.0,7.0,9.0,13.0,inferred
Chorley,2021-04-21,1.0,2.0,2.0,3.0,3.0,4.0,5.0,6.0,6.0,7.0,8.0,10.0,13.0,inferred
Chorley,2021-04-22,1.0,1.0,2.0,3.0,3.0,4.0,5.0,6.0,7.0,7.0,8.0,10.0,13.0,inferred
Chorley,2021-04-23,0.0,1.0,2.0,2.0,3.0,3.0,4.0,5.0,6.0,6.0,7.0,9.0,12.0,inferred
Chorley,2021-04-24,0.0,1.0,1.0,2.0,2.0,3.0,3.0,4.0,5.0,5.0,6.0,7.0,10.0,inferred
Chorley,2021-04-25,0.0,1.0,2.0,2.0,3.0,3.0,4.0,5.0,6.0,6.0,7.0,8.0,11.0,inferred
Chorley,2021-04-26,1.0,2.0,3.0,3.0,4.0,4.0,5.0,6.0,7.0,7.0,8.0,10.0,13.0,inferred
Chorley,2021-04-27,1.0,2.0,3.0,3.0,3.0,4.0,5.0,6.0,7.0,7.0,8.0,10.0,13.0,inferred
Chorley,2021-04-28,1.0,2.0,3.0,3.0,4.0,4.0,5.0,6.0,7.0,8.0,8.0,10.0,13.0,inferred
Chorley,2021-04-29,1.0,2.0,2.0,3.0,3.0,4.0,5.0,6.0,6.0,7.0,8.0,9.0,13.0,inferred
Chorley,2021-04-30,0.0,1.0,2.0,3.0,3.0,4.0,4.0,5.0,6.0,6.0,7.0,8.0,11.5,inferred
Chorley,2021-05-01,0.0,1.0,2.0,2.0,2.0,3.0,3.0,4.0,5.0,5.0,6.0,7.0,10.0,inferred
Chorley,2021-05-02,0.0,1.0,2.0,2.0,3.0,3.0,4.0,5.0,5.0,6.0,6.0,8.0,11.0,inferred
Chorley,2021-05-03,0.0,2.0,3.0,3.0,3.0,4.0,5.0,6.0,7.0,7.0,8.0,10.0,13.0,inferred
Chorley,2021-05-04,1.0,2.0,3.0,3.0,4.0,4.0,5.0,6.0,7.0,7.0,8.0,10.0,13.0,inferred
Chorley,2021-05-05,1.0,2.0,3.0,3.0,4.0,5.0,5.0,6.0,7.0,8.0,8.0,10.0,14.0,inferred
Chorley,2021-05-06,1.0,2.0,3.0,3.0,4.0,5.0,5.0,6.0,7.0,8.0,8.0,10.0,13.0,inferred
Chorley,2021-05-07,1.0,1.0,2.0,3.0,3.0,4.0,5.0,6.0,7.0,7.0,8.0,10.0,13.0,inferred
Chorley,2021-05-08,0.0,1.0,2.0,2.0,3.0,3.0,4.0,5.0,6.0,6.0,7.0,8.0,12.0,inferred
Chorley,2021-05-09,1.0,2.0,3.0,3.0,3.0,4.0,5.0,6.0,7.0,7.0,8.0,10.0,12.0,inferred
Chorley,2021-05-10,1.0,3.0,4.0,5.0,5.0,6.0,7.0,8.0,9.0,9.0,10.0,12.0,16.0,inferred
Chorley,2021-05-11,1.0,3.0,4.0,5.0,5.0,6.0,7.0,8.0,9.0,10.0,10.0,13.0,16.0,inferred
Chorley,2021-05-12,2.0,3.0,5.0,5.0,6.0,7.0,8.0,9.0,10.0,10.0,11.0,14.0,17.5,inferred
Chorley,2021-05-13,2.0,3.0,5.0,5.0,6.0,7.0,8.0,9.0,10.0,10.0,11.0,13.0,18.0,inferred
Chorley,2021-05-14,2.0,3.0,4.0,5.0,5.0,6.0,7.0,8.0,9.0,10.0,11.0,13.0,17.0,inferred
Chorley,2021-05-15,1.0,2.0,4.0,4.0,4.0,5.0,6.0,7.0,8.0,8.0,9.0,11.0,14.0,inferred
Chorley,2021-05-16,2.0,3.0,5.0,5.0,6.0,6.0,7.0,8.0,9.0,10.0,11.0,13.0,17.0,inferred
Chorley,2021-05-17,3.0,5.0,7.0,7.0,8.0,9.0,10.0,11.0,12.0,13.0,14.0,16.0,21.0,inferred
Chorley,2021-05-18,3.0,5.0,7.0,8.0,8.0,9.0,11.0,12.0,13.0,14.0,15.0,17.0,21.0,inferred
Chorley,2021-05-19,3.0,6.0,8.0,8.0,9.0,10.0,11.0,12.0,14.0,14.0,15.0,18.0,22.0,inferred
Chorley,2021-05-20,4.0,6.0,8.0,8.0,9.0,10.0,12.0,13.0,14.0,15.0,16.0,18.0,23.0,inferred
Chorley,2021-05-21,3.0,6.0,7.0,8.0,9.0,10.0,11.0,12.0,13.0,14.0,15.0,17.0,22.0,inferred
Chorley,2021-05-22,3.0,4.0,6.0,6.0,7.0,8.0,9.0,10.0,11.0,12.0,13.0,15.0,19.0,inferred
Chorley,2021-05-23,4.0,6.0,8.0,8.0,9.0,10.0,11.0,12.0,14.0,15.0,16.0,18.0,22.0,inferred
Chorley,2021-05-24,7.0,9.0,11.0,12.0,13.0,14.0,16.0,17.0,19.0,20.0,21.0,23.0,28.0,inferred
Chorley,2021-05-25,7.0,10.0,12.0,13.0,14.0,15.0,17.0,18.0,20.0,21.0,22.0,25.0,29.0,inferred
Chorley,2021-05-26,8.0,11.0,13.0,14.0,15.0,17.0,18.0,20.0,21.0,22.0,24.0,27.0,32.0,inferred
Chorley,2021-05-27,9.0,11.0,13.0,15.0,15.0,17.0,18.0,20.0,22.0,23.0,24.0,27.0,31.0,inferred
Chorley,2021-05-28,8.0,11.0,13.0,14.0,15.0,16.0,18.0,19.0,21.0,22.0,23.0,26.0,30.0,inferred
Chorley,2021-05-29,6.0,9.0,11.0,12.0,12.0,14.0,15.0,16.0,18.0,19.0,20.0,23.0,28.0,inferred
Chorley,2021-05-30,8.0,11.0,14.0,15.0,15.0,17.0,19.0,20.0,22.0,23.0,24.0,27.0,33.0,inferred
Chorley,2021-05-31,14.0,18.0,21.0,22.0,23.0,25.0,27.0,29.0,31.0,32.0,33.0,37.0,44.0,inferred
Chorley,2021-06-01,16.0,20.0,23.0,24.0,25.0,27.0,29.0,31.0,33.0,34.0,35.0,39.0,45.0,inferred
Chorley,2021-06-02,18.0,22.0,25.0,26.0,27.0,29.0,31.0,33.0,35.0,36.0,38.0,42.0,49.0,inferred
Chorley,2021-06-03,19.0,23.0,26.0,27.0,28.0,30.0,32.0,34.0,36.0,37.0,39.0,43.0,49.0,inferred
Chorley,2021-06-04,18.0,22.0,24.0,26.0,27.0,29.0,30.0,32.0,35.0,36.0,38.0,41.0,47.0,inferred
Chorley,2021-06-05,14.0,18.0,21.0,22.0,23.0,25.0,26.0,28.0,30.0,31.0,33.0,36.0,42.0,inferred
Chorley,2021-06-06,18.0,23.0,26.0,27.0,28.0,30.0,32.0,34.0,37.0,38.0,40.0,44.0,50.0,inferred
Chorley,2021-06-07,27.0,33.0,36.0,38.0,39.0,41.6,44.0,46.0,49.0,50.2,52.0,57.0,64.0,inferred
Chorley,2021-06-08,29.0,34.0,38.0,39.0,41.0,43.0,46.0,48.0,51.0,52.0,54.0,59.0,66.0,inferred
Chorley,2021-06-09,31.0,36.9,40.0,42.0,43.0,45.0,48.0,50.0,53.0,55.0,57.0,61.1,69.0,inferred
Chorley,2021-06-10,30.0,36.0,40.0,42.0,43.0,45.0,47.0,50.0,52.0,54.0,55.0,60.0,68.0,inferred
Chorley,2021-06-11,28.0,33.0,36.0,38.0,39.0,42.0,44.0,47.0,49.0,51.0,52.0,57.0,64.0,inferred
Chorley,2021-06-12,22.0,26.0,30.0,31.0,32.0,34.0,36.0,38.0,40.0,42.0,43.0,47.0,53.0,inferred
Chorley,2021-06-13,26.0,32.0,36.0,37.0,38.0,41.0,43.0,46.0,48.0,50.0,51.0,56.0,62.5,inferred
Chorley,2021-06-14,38.0,45.0,49.0,51.0,52.0,56.0,58.0,61.0,64.0,65.0,67.0,73.0,82.0,inferred
Chorley,2021-06-15,39.0,46.0,50.0,52.0,54.0,57.0,59.0,63.0,66.0,68.0,70.0,75.0,83.0,inferred
Chorley,2021-06-16,41.0,49.0,53.0,55.0,57.0,60.0,62.0,65.0,68.0,70.0,72.0,78.0,88.0,inferred
Chorley,2021-06-17,40.0,47.0,52.0,53.0,55.0,58.0,61.0,64.0,67.0,69.0,71.0,77.0,87.0,inferred
Chorley,2021-06-18,36.0,42.0,47.0,48.0,50.0,53.0,56.0,59.0,62.0,64.0,66.0,72.0,81.0,inferred
City of Edinburgh,2021-03-06,43.0,56.0,65.0,69.0,72.0,77.0,82.0,88.0,95.0,99.0,102.0,113.1,133.0,inferred
City of Edinburgh,2021-03-07,35.0,47.0,54.0,57.0,60.0,65.0,70.0,76.0,82.0,86.0,90.0,101.0,119.0,inferred
City of Edinburgh,2021-03-08,28.0,38.0,44.0,47.0,51.0,55.0,59.0,64.0,70.0,74.0,77.0,86.0,103.5,inferred
City of Edinburgh,2021-03-09,34.0,44.0,50.0,53.0,55.0,61.0,65.0,71.0,76.0,79.0,84.0,94.0,111.0,inferred
City of Edinburgh,2021-03-10,53.0,64.0,73.0,76.0,79.0,86.0,92.0,98.0,104.0,109.0,114.0,128.0,149.5,inferred
City of Edinburgh,2021-03-11,50.0,62.0,71.0,75.0,78.0,84.0,90.0,96.0,103.0,106.0,110.0,123.1,146.0,inferred
City of Edinburgh,2021-03-12,55.0,67.0,77.0,81.0,85.0,91.6,98.0,105.0,112.0,116.0,120.0,133.0,155.5,inferred
City of Edinburgh,2021-03-13,52.5,65.0,74.0,77.0,80.0,87.0,93.0,100.0,108.0,111.0,115.0,128.0,148.5,inferred
City of Edinburgh,2021-03-14,45.0,57.0,65.0,69.0,71.7,77.0,83.0,89.4,97.0,102.0,107.0,119.0,141.0,inferred
City of Edinburgh,2021-03-15,36.5,46.0,53.0,56.0,59.0,64.0,70.0,75.0,81.0,84.0,88.0,101.0,121.5,inferred
City of Edinburgh,2021-03-16,40.0,51.0,59.0,63.0,65.0,72.0,78.0,83.0,89.0,93.0,97.2,109.0,131.5,inferred
City of Edinburgh,2021-03-17,59.0,74.0,83.0,88.0,91.0,98.0,105.0,112.0,119.0,124.0,128.0,144.0,166.5,inferred
City of Edinburgh,2021-03-18,56.0,69.0,78.0,83.0,86.0,92.6,99.0,104.0,111.0,115.0,120.0,133.0,157.5,inferred
City of Edinburgh,2021-03-19,59.0,72.0,82.0,86.0,90.0,96.0,102.0,109.0,116.0,120.0,126.0,140.0,165.0,inferred
City of Edinburgh,2021-03-20,51.5,65.0,75.0,78.0,81.0,88.0,94.5,101.0,108.3,112.0,117.0,128.0,152.5,inferred
City of Edinburgh,2021-03-21,43.0,54.0,63.0,66.0,69.0,75.0,81.0,88.0,94.0,98.0,102.0,114.0,132.0,inferred
City of Edinburgh,2021-03-22,32.5,42.9,50.0,53.0,55.7,61.0,67.0,72.0,78.3,82.0,86.0,97.0,114.0,inferred
City of Edinburgh,2021-03-23,35.5,46.0,54.0,58.0,61.0,66.0,71.0,77.0,83.0,87.0,90.0,102.0,123.0,inferred
City of Edinburgh,2021-03-24,49.5,63.0,72.0,77.0,81.0,87.0,93.0,100.0,108.0,112.0,117.0,129.0,153.5,inferred
City of Edinburgh,2021-03-25,45.0,59.0,67.0,70.0,73.0,79.0,85.0,91.0,98.0,102.0,107.0,119.0,139.0,inferred
City of Edinburgh,2021-03-26,48.0,60.0,69.0,72.0,76.0,82.0,87.0,93.0,100.0,103.0,108.0,122.0,143.5,inferred
City of Edinburgh,2021-03-27,42.0,54.0,62.0,66.0,69.0,75.0,81.0,86.0,94.0,98.2,102.0,114.0,133.0,inferred
City of Edinburgh,2021-03-28,34.0,43.0,51.0,54.0,57.0,62.0,66.5,72.0,77.3,81.0,84.2,95.1,113.5,inferred
City of Edinburgh,2021-03-29,22.5,32.0,40.0,42.0,44.0,50.0,55.0,60.0,65.0,68.0,71.0,81.0,98.0,inferred
City of Edinburgh,2021-03-30,25.0,35.0,43.0,45.0,48.0,53.0,57.0,62.0,68.0,71.0,75.2,87.0,105.0,inferred
City of Edinburgh,2021-03-31,38.0,48.0,56.0,59.0,62.0,68.0,73.0,79.0,85.0,89.0,93.0,105.0,123.5,inferred
City of Edinburgh,2021-04-01,32.0,42.0,49.0,52.0,55.0,60.0,65.0,70.0,77.0,81.0,86.0,95.0,116.0,inferred
City of Edinburgh,2021-04-02,29.5,41.0,49.0,52.0,56.0,60.0,65.0,70.0,77.0,81.0,84.0,96.0,115.5,inferred
City of Edinburgh,2021-04-03,25.5,36.0,44.0,47.0,50.0,54.0,59.0,65.0,70.0,73.0,77.0,88.0,106.0,inferred
City of Edinburgh,2021-04-04,21.0,29.0,35.0,37.0,39.0,43.0,47.0,53.0,58.3,62.0,66.0,74.0,93.0,inferred
City of Edinburgh,2021-04-05,13.0,20.0,26.0,28.0,30.0,34.0,38.0,42.0,46.0,49.0,52.0,60.0,73.0,inferred
City of Edinburgh,2021-04-06,14.0,21.0,27.0,29.0,31.0,35.0,39.0,43.0,48.0,50.0,53.2,62.1,79.0,inferred
City of Edinburgh,2021-04-07,23.0,29.0,36.0,39.0,41.0,46.0,50.0,55.0,61.0,63.0,67.0,75.0,91.0,inferred
City of Edinburgh,2021-04-08,19.0,27.0,32.0,34.0,36.0,41.0,45.0,49.4,55.0,58.0,62.0,71.0,83.0,inferred
City of Edinburgh,2021-04-09,19.0,26.0,32.0,34.0,36.0,41.0,45.0,49.0,54.0,58.0,60.0,70.0,87.5,inferred
City of Edinburgh,2021-04-10,15.0,23.0,28.0,30.0,32.0,36.0,40.0,44.0,49.0,52.0,55.0,64.0,77.0,inferred
City of Edinburgh,2021-04-11,10.0,17.0,21.0,23.0,25.0,28.0,32.0,36.0,40.0,42.0,46.0,55.0,70.0,inferred
City of Edinburgh,2021-04-12,7.0,12.0,16.0,17.0,19.0,23.0,25.0,29.0,33.0,35.0,39.0,46.0,58.0,inferred
City of Edinburgh,2021-04-13,8.0,12.0,17.0,19.0,20.0,23.0,26.0,30.0,34.0,37.0,39.0,47.0,62.0,inferred
City of Edinburgh,2021-04-14,12.5,20.0,25.0,27.0,29.0,33.0,36.0,40.0,44.0,47.0,50.0,57.0,70.0,inferred
City of Edinburgh,2021-04-15,11.0,17.0,21.0,23.0,25.0,28.0,32.0,36.0,41.0,43.0,46.0,55.1,70.0,inferred
City of Edinburgh,2021-04-16,11.0,18.0,23.0,24.0,26.0,30.0,34.0,38.0,42.0,45.0,48.0,57.0,73.0,inferred
City of Edinburgh,2021-04-17,10.0,16.0,20.0,22.0,24.0,28.0,31.0,35.0,39.0,42.0,45.0,53.1,66.0,inferred
City of Edinburgh,2021-04-18,7.0,13.0,16.0,18.0,20.0,24.0,26.0,30.0,33.0,36.0,38.2,47.0,60.0,inferred
City of Edinburgh,2021-04-19,6.0,10.0,12.0,14.0,15.0,18.0,21.0,25.0,28.0,30.0,33.0,42.0,53.5,inferred
City of Edinburgh,2021-04-20,5.0,10.0,14.0,15.0,17.0,20.0,23.0,26.0,30.0,32.0,35.0,42.0,55.0,inferred
City of Edinburgh,2021-04-21,10.0,16.0,21.0,23.0,25.0,29.0,32.0,36.0,39.0,42.0,45.0,53.0,67.0,inferred
City of Edinburgh,2021-04-22,9.0,14.0,18.0,20.0,22.0,25.0,28.0,32.0,36.0,39.0,41.0,49.0,64.0,inferred
City of Edinburgh,2021-04-23,9.0,15.0,20.0,22.0,24.0,27.0,31.0,34.0,39.0,41.0,44.0,52.0,67.5,inferred
City of Edinburgh,2021-04-24,8.0,14.0,18.0,20.0,22.0,25.0,28.0,32.0,37.0,39.0,41.0,48.0,65.0,inferred
City of Edinburgh,2021-04-25,7.0,12.0,15.0,17.0,19.0,22.0,25.0,28.0,33.0,35.0,37.0,44.0,56.0,inferred
City of Edinburgh,2021-04-26,4.0,8.0,11.0,13.0,14.0,17.0,20.0,23.0,27.0,29.0,31.0,38.0,48.0,inferred
City of Edinburgh,2021-04-27,5.0,9.0,13.0,14.0,15.0,18.0,21.0,24.0,28.0,30.0,32.0,38.0,49.0,inferred
City of Edinburgh,2021-04-28,9.0,14.0,19.0,21.0,23.0,26.0,30.0,33.4,38.0,40.0,42.0,49.0,63.0,inferred
City of Edinburgh,2021-04-29,9.0,14.0,17.0,19.0,21.0,24.0,27.0,31.0,35.3,38.0,41.0,48.0,64.0,inferred
City of Edinburgh,2021-04-30,9.0,14.0,19.0,21.0,23.0,26.0,29.0,32.0,36.0,38.0,41.0,49.0,62.0,inferred
City of Edinburgh,2021-05-01,8.0,13.0,18.0,20.0,21.0,24.0,27.0,31.4,35.0,38.0,41.0,49.0,64.0,inferred
City of Edinburgh,2021-05-02,6.0,11.0,15.0,16.0,18.0,20.0,24.0,26.0,30.0,32.0,35.0,42.0,54.0,inferred
City of Edinburgh,2021-05-03,4.0,8.0,11.0,12.0,14.0,16.0,19.0,22.0,25.0,28.0,30.0,37.0,48.5,inferred
City of Edinburgh,2021-05-04,5.0,9.0,12.0,14.0,15.0,18.0,21.0,24.0,28.0,30.0,33.0,40.0,52.0,inferred
City of Edinburgh,2021-05-05,9.0,15.0,19.0,21.0,22.0,26.0,29.0,33.0,36.0,39.0,42.0,49.0,62.5,inferred
City of Edinburgh,2021-05-06,8.0,13.0,18.0,20.0,21.0,25.0,28.0,31.0,36.0,38.2,41.0,50.0,64.0,inferred
City of Edinburgh,2021-05-07,11.0,16.0,21.0,22.0,24.0,28.0,30.0,34.0,39.0,41.0,44.0,53.1,67.0,inferred
City of Edinburgh,2021-05-08,10.0,16.0,21.0,23.0,25.0,28.0,31.0,35.0,38.0,41.0,44.0,52.0,67.5,inferred
City of Edinburgh,2021-05-09,8.0,12.9,16.0,18.0,20.0,23.0,26.0,30.0,34.0,37.0,40.0,48.0,60.0,inferred
City of Edinburgh,2021-05-10,5.0,10.0,14.0,15.0,17.0,20.0,23.0,26.0,29.0,32.0,34.0,40.1,54.0,inferred
City of Edinburgh,2021-05-11,7.0,12.0,16.0,18.0,20.0,23.0,26.0,29.0,33.0,35.0,39.0,47.0,61.0,inferred
City of Edinburgh,2021-05-12,14.0,20.9,25.0,28.0,29.0,33.0,36.0,40.0,44.0,47.0,51.0,59.0,77.0,inferred
City of Edinburgh,2021-05-13,14.0,20.0,25.0,27.0,29.0,33.0,36.0,40.0,45.0,48.0,50.0,58.0,70.0,inferred
City of Edinburgh,2021-05-14,16.0,22.0,28.0,30.0,32.0,36.0,40.0,44.0,49.0,52.0,55.0,65.0,78.0,inferred
City of Edinburgh,2021-05-15,15.5,22.0,27.8,30.0,32.0,36.0,40.0,45.0,50.0,53.0,56.0,64.0,83.0,inferred
City of Edinburgh,2021-05-16,12.0,19.0,25.0,27.0,29.0,33.0,36.0,40.0,45.0,48.0,51.0,59.1,75.0,inferred
City of Edinburgh,2021-05-17,9.0,15.0,20.0,22.0,24.0,27.0,31.0,35.0,39.0,41.0,44.0,52.0,65.0,inferred
City of Edinburgh,2021-05-18,13.0,20.0,25.0,27.0,29.0,33.0,36.0,40.0,44.0,47.0,50.0,58.0,71.0,inferred
City of Edinburgh,2021-05-19,23.0,31.0,38.0,40.0,43.0,47.0,52.0,56.0,62.0,65.0,69.0,79.0,98.0,inferred
City of Edinburgh,2021-05-20,23.0,31.0,38.0,40.0,42.0,46.0,52.0,56.0,62.0,66.0,70.0,80.0,95.0,inferred
City of Edinburgh,2021-05-21,27.0,38.0,45.0,48.0,50.7,55.0,60.0,66.0,71.0,74.0,78.0,91.0,108.0,inferred
City of Edinburgh,2021-05-22,28.0,38.0,46.0,48.0,51.0,55.0,60.0,65.0,71.0,75.0,78.0,89.0,106.0,inferred
City of Edinburgh,2021-05-23,25.0,34.0,41.0,43.0,45.0,51.0,55.0,60.0,66.0,69.0,73.0,84.0,105.5,inferred
City of Edinburgh,2021-05-24,20.0,29.0,35.0,37.0,40.0,44.0,48.0,52.0,57.0,60.0,63.0,73.0,92.5,inferred
City of Edinburgh,2021-05-25,27.5,37.0,43.0,45.0,47.0,52.0,57.0,62.0,68.0,70.2,75.0,85.0,101.0,inferred
City of Edinburgh,2021-05-26,47.0,60.0,69.0,73.0,76.0,82.0,88.0,94.0,101.0,105.0,111.0,123.0,145.0,inferred
City of Edinburgh,2021-05-27,51.5,64.0,72.8,77.0,80.0,86.0,92.0,98.0,105.0,109.0,113.2,127.0,150.0,inferred
City of Edinburgh,2021-05-28,64.0,77.9,87.0,91.0,94.0,100.0,107.0,114.0,121.0,126.0,130.0,142.0,164.5,inferred
City of Edinburgh,2021-05-29,67.0,80.0,90.8,95.0,99.0,106.0,112.0,119.0,128.0,133.0,137.0,150.0,174.0,inferred
City of Edinburgh,2021-05-30,63.0,76.0,86.0,91.0,95.0,101.0,108.0,116.0,123.0,127.0,133.0,146.0,167.0,inferred
City of Edinburgh,2021-05-31,55.5,67.0,78.0,81.0,85.0,91.0,98.0,105.0,112.0,117.0,122.2,136.0,159.5,inferred
City of Edinburgh,2021-06-01,68.5,83.0,95.0,98.0,102.0,110.0,116.5,123.0,132.0,137.0,142.0,158.0,179.5,inferred
City of Edinburgh,2021-06-02,110.0,127.0,139.0,146.0,150.0,160.0,168.0,178.0,187.0,193.0,199.0,217.0,242.0,inferred
City of Edinburgh,2021-06-03,111.0,132.0,144.0,149.8,154.0,163.0,171.0,179.4,189.0,195.0,201.0,216.0,241.0,inferred
City of Edinburgh,2021-06-04,129.0,150.0,164.8,170.8,175.0,184.0,193.0,203.0,213.0,218.0,226.0,244.0,272.5,inferred
City of Edinburgh,2021-06-05,133.0,153.0,167.8,172.0,177.0,187.0,195.0,204.0,214.0,219.0,228.0,245.0,274.0,inferred
City of Edinburgh,2021-06-06,119.0,139.0,154.0,159.0,164.0,173.0,181.0,189.0,199.0,205.0,211.0,231.0,262.5,inferred
City of Edinburgh,2021-06-07,101.5,120.0,135.8,140.0,144.0,152.0,161.0,169.0,178.0,184.0,192.0,209.0,238.0,inferred
City of Edinburgh,2021-06-08,123.0,141.0,154.8,159.0,164.0,173.0,181.0,190.0,200.0,206.0,213.0,233.0,261.0,inferred
City of Edinburgh,2021-06-09,178.5,203.0,220.0,227.0,232.7,243.0,252.0,263.0,275.0,281.0,289.2,308.0,341.0,inferred
City of Edinburgh,2021-06-10,171.0,194.9,210.0,217.0,223.0,232.0,242.0,252.0,263.0,270.0,277.0,298.0,337.0,inferred
City of Edinburgh,2021-06-11,186.5,208.9,228.0,236.0,241.0,251.0,262.0,273.0,286.0,293.0,299.2,320.0,351.0,inferred
City of Edinburgh,2021-06-12,176.0,203.0,218.0,224.0,230.0,241.0,251.0,261.0,273.3,282.0,290.0,308.0,340.0,inferred
City of Edinburgh,2021-06-13,156.0,178.0,193.0,200.0,205.0,215.0,224.0,236.0,247.0,253.0,260.0,280.1,309.0,inferred
City of Edinburgh,2021-06-14,124.0,147.0,158.0,165.0,170.0,180.0,189.0,198.0,209.0,214.2,221.0,239.0,263.0,inferred
City of Edinburgh,2021-06-15,137.0,162.0,178.0,184.0,190.0,199.0,208.0,218.0,227.3,232.0,240.0,258.0,287.0,inferred
City of Edinburgh,2021-06-16,190.0,220.0,237.0,245.0,251.0,263.0,274.0,286.0,298.0,304.0,313.0,333.0,370.0,inferred
City of Edinburgh,2021-06-17,175.0,200.0,218.0,225.0,231.0,243.0,252.0,263.4,276.0,283.2,292.0,313.0,347.0,inferred
City of Edinburgh,2021-06-18,184.0,205.0,223.0,231.0,237.0,250.0,262.0,274.0,287.0,294.0,303.0,328.1,370.0,inferred
City of London,2021-03-06,2.0,3.0,4.0,5.0,5.0,6.0,7.0,8.0,9.0,9.0,10.0,12.0,14.0,inferred
City of London,2021-03-07,2.0,3.9,5.0,5.0,6.0,7.0,7.5,8.0,9.0,10.0,10.0,12.0,15.0,inferred
City of London,2021-03-08,3.0,4.9,6.0,6.0,7.0,8.0,9.0,10.0,11.0,11.0,12.0,14.0,17.0,inferred
City of London,2021-03-09,3.0,4.0,5.0,6.0,6.0,7.0,8.0,9.0,10.0,11.0,11.0,13.0,16.0,inferred
City of London,2021-03-10,2.0,4.0,6.0,6.0,7.0,7.0,8.0,9.0,10.0,11.0,12.0,14.0,17.0,inferred
City of London,2021-03-11,2.0,4.0,5.0,6.0,6.0,7.0,8.0,8.0,9.0,10.0,11.0,12.0,15.0,inferred
City of London,2021-03-12,2.0,3.0,4.0,5.0,5.0,6.0,7.0,7.0,8.0,9.0,10.0,12.0,14.0,inferred
City of London,2021-03-13,1.0,2.0,3.0,4.0,4.0,5.0,5.0,6.0,7.0,8.0,8.0,10.0,13.0,inferred
City of London,2021-03-14,1.0,3.0,4.0,4.0,5.0,6.0,6.5,7.0,8.0,9.0,9.0,11.0,14.0,inferred
City of London,2021-03-15,3.0,4.0,5.0,6.0,6.0,7.0,8.0,9.0,10.0,11.0,12.0,14.0,17.0,inferred
City of London,2021-03-16,3.0,4.0,5.0,6.0,6.0,7.0,8.0,9.0,10.0,11.0,11.0,13.0,16.0,inferred
City of London,2021-03-17,3.0,4.0,6.0,6.0,7.0,8.0,9.0,10.0,11.0,11.0,12.0,14.0,17.0,inferred
City of London,2021-03-18,3.0,4.0,6.0,6.0,7.0,8.0,8.0,9.0,10.0,11.0,12.0,14.0,17.0,inferred
City of London,2021-03-19,2.0,4.0,5.0,5.0,6.0,7.0,8.0,8.0,10.0,10.0,11.0,13.0,16.0,inferred
City of London,2021-03-20,1.0,3.0,4.0,4.0,5.0,6.0,6.0,7.0,8.0,9.0,9.0,11.0,14.0,inferred
City of London,2021-03-21,2.0,4.0,5.0,5.8,6.0,7.0,8.0,9.0,10.0,10.0,11.0,13.0,16.0,inferred
City of London,2021-03-22,4.0,5.0,7.0,7.0,8.0,9.0,10.0,11.0,12.0,13.0,14.0,15.0,19.0,inferred
City of London,2021-03-23,3.0,5.0,7.0,7.0,8.0,9.0,10.0,11.0,12.0,13.0,13.2,16.0,20.0,inferred
City of London,2021-03-24,3.0,5.0,7.0,7.0,8.0,9.0,10.0,11.0,12.0,13.0,14.0,16.0,19.0,inferred
City of London,2021-03-25,3.0,5.0,6.0,7.0,7.0,8.0,9.0,10.0,11.0,12.0,13.0,14.0,19.0,inferred
City of London,2021-03-26,2.0,4.0,5.0,6.0,6.0,7.0,8.0,9.0,10.0,10.0,11.0,12.0,16.0,inferred
City of London,2021-03-27,1.0,3.0,4.0,4.0,5.0,5.0,6.0,7.0,8.0,8.0,9.0,11.0,14.0,inferred
City of London,2021-03-28,2.0,3.0,4.0,5.0,5.0,6.0,7.0,8.0,9.0,9.0,10.0,12.0,15.0,inferred
City of London,2021-03-29,3.0,4.0,6.0,6.0,6.7,8.0,9.0,10.0,11.0,11.0,12.0,14.0,17.0,inferred
City of London,2021-03-30,2.0,4.0,5.0,6.0,6.0,7.0,8.0,9.0,10.0,11.0,12.0,14.0,17.0,inferred
City of London,2021-03-31,2.5,4.0,6.0,6.0,7.0,8.0,8.0,9.0,10.0,11.0,12.0,14.0,17.0,inferred
City of London,2021-04-01,2.0,4.0,5.0,6.0,6.0,7.0,8.0,9.0,10.0,10.0,11.0,13.0,16.0,inferred
City of London,2021-04-02,2.0,3.0,4.0,5.0,5.0,6.0,7.0,8.0,9.0,9.0,10.0,12.0,15.0,inferred
City of London,2021-04-03,1.0,2.0,3.0,4.0,4.0,5.0,6.0,6.0,7.0,8.0,8.0,10.0,13.0,inferred
City of London,2021-04-04,2.0,3.0,4.0,5.0,5.0,6.0,7.0,7.0,8.0,9.0,10.0,11.0,14.0,inferred
City of London,2021-04-05,3.0,4.0,6.0,6.0,7.0,7.0,8.0,9.0,10.0,11.0,12.0,14.0,17.0,inferred
City of London,2021-04-06,3.0,4.0,5.0,6.0,7.0,7.0,8.0,9.0,10.0,11.0,11.0,13.0,17.0,inferred
City of London,2021-04-07,3.0,5.0,6.0,7.0,7.0,8.0,9.0,10.0,11.0,11.0,12.0,14.0,18.0,inferred
City of London,2021-04-08,2.5,4.0,6.0,6.0,7.0,8.0,8.0,10.0,11.0,11.0,12.0,14.0,17.0,inferred
City of London,2021-04-09,2.0,4.0,5.0,5.0,6.0,7.0,8.0,8.0,9.0,10.0,11.0,12.0,16.0,inferred
City of London,2021-04-10,1.5,3.0,4.0,4.0,5.0,5.0,6.0,7.0,8.0,8.0,9.0,11.0,14.0,inferred
City of London,2021-04-11,2.0,3.0,4.0,5.0,5.0,6.0,7.0,8.0,9.0,9.0,10.0,12.0,15.0,inferred
City of London,2021-04-12,3.0,5.0,6.0,7.0,7.0,8.0,9.0,10.0,11.0,12.0,12.0,15.0,18.0,inferred
City of London,2021-04-13,3.0,5.0,6.0,6.8,7.0,8.0,9.0,10.0,11.0,12.0,12.0,14.0,17.0,inferred
City of London,2021-04-14,3.0,5.0,6.0,7.0,7.0,8.0,9.0,10.0,11.0,11.0,12.0,14.0,17.0,inferred
City of London,2021-04-15,3.0,4.0,6.0,6.0,7.0,8.0,8.0,9.0,10.0,11.0,12.0,14.0,17.0,inferred
City of London,2021-04-16,2.0,4.0,5.0,5.0,6.0,7.0,7.0,8.0,9.0,10.0,11.0,13.0,16.0,inferred
City of London,2021-04-17,1.0,3.0,4.0,4.0,4.0,5.0,6.0,7.0,8.0,8.0,9.0,10.0,13.0,inferred
City of London,2021-04-18,2.0,3.0,4.0,5.0,5.0,6.0,7.0,8.0,9.0,10.0,10.0,12.0,15.5,inferred
City of London,2021-04-19,3.0,5.0,6.0,7.0,7.0,8.0,9.0,10.0,11.0,12.0,13.0,15.0,18.0,inferred
City of London,2021-04-20,3.0,5.0,6.0,7.0,7.0,8.0,9.0,10.0,11.0,12.0,13.0,14.0,18.0,inferred
City of London,2021-04-21,3.0,5.0,6.0,7.0,7.0,8.0,9.0,10.0,11.0,12.0,12.0,14.0,17.0,inferred
City of London,2021-04-22,2.0,4.0,5.0,6.0,6.0,7.0,8.0,9.0,10.0,11.0,11.0,13.0,16.0,inferred
City of London,2021-04-23,2.0,3.0,4.0,5.0,5.0,6.0,7.0,8.0,9.0,9.0,10.0,11.0,14.0,inferred
City of London,2021-04-24,1.0,2.0,3.0,4.0,4.0,5.0,5.0,6.0,7.0,8.0,8.0,10.0,12.0,inferred
City of London,2021-04-25,1.0,3.0,4.0,4.0,4.7,5.0,6.0,7.0,8.0,8.0,9.0,11.0,14.0,inferred
City of London,2021-04-26,2.0,3.0,5.0,5.0,6.0,6.0,7.0,8.0,9.0,10.0,10.0,12.0,15.5,inferred
City of London,2021-04-27,2.0,3.0,4.0,5.0,5.0,6.0,7.0,8.0,9.0,9.0,10.0,12.0,14.0,inferred
City of London,2021-04-28,2.0,3.0,4.0,5.0,5.0,6.0,7.0,8.0,9.0,9.0,10.0,12.0,15.0,inferred
City of London,2021-04-29,1.0,3.0,4.0,4.0,5.0,5.0,6.0,7.0,8.0,8.0,9.0,11.0,13.5,inferred
City of London,2021-04-30,1.0,2.0,3.0,4.0,4.0,5.0,5.0,6.0,7.0,8.0,8.0,10.0,12.0,inferred
City of London,2021-05-01,0.0,1.0,2.0,2.0,3.0,3.0,4.0,5.0,6.0,6.0,7.0,8.0,11.0,inferred
City of London,2021-05-02,1.0,2.0,3.0,3.0,3.0,4.0,5.0,5.0,6.0,7.0,7.0,9.0,12.0,inferred
City of London,2021-05-03,1.0,3.0,3.8,4.0,4.0,5.0,6.0,7.0,8.0,8.0,9.0,10.0,14.0,inferred
City of London,2021-05-04,1.0,2.0,3.0,4.0,4.0,5.0,6.0,6.0,7.0,8.0,8.0,10.0,13.0,inferred
City of London,2021-05-05,1.0,2.0,3.0,4.0,4.0,5.0,6.0,6.0,7.0,8.0,8.0,10.0,13.0,inferred
City of London,2021-05-06,1.0,2.0,3.0,4.0,4.0,5.0,5.0,6.0,7.0,7.0,8.0,9.0,12.5,inferred
City of London,2021-05-07,0.5,2.0,2.0,3.0,3.0,4.0,5.0,5.0,6.0,6.0,7.0,8.1,11.0,inferred
City of London,2021-05-08,0.0,1.0,2.0,2.0,2.0,3.0,4.0,4.0,5.0,5.0,6.0,7.0,9.0,inferred
City of London,2021-05-09,0.0,1.0,2.0,2.0,3.0,3.0,4.0,4.0,5.0,6.0,6.0,8.0,10.0,inferred
City of London,2021-05-10,1.0,2.0,3.0,3.0,4.0,4.0,5.0,6.0,7.0,7.0,8.0,9.0,13.0,inferred
City of London,2021-05-11,1.0,2.0,3.0,3.0,3.0,4.0,5.0,6.0,6.0,7.0,8.0,9.1,12.0,inferred
City of London,2021-05-12,1.0,2.0,3.0,3.0,4.0,4.0,5.0,6.0,6.0,7.0,8.0,9.0,12.0,inferred
City of London,2021-05-13,1.0,2.0,3.0,3.0,4.0,4.0,5.0,5.0,6.0,7.0,7.0,9.0,11.0,inferred
City of London,2021-05-14,0.0,1.0,2.0,3.0,3.0,4.0,4.0,5.0,6.0,6.0,7.0,8.0,11.0,inferred
City of London,2021-05-15,0.0,1.0,2.0,2.0,2.0,3.0,3.0,4.0,5.0,5.0,6.0,7.0,10.0,inferred
City of London,2021-05-16,0.0,1.0,2.0,3.0,3.0,4.0,4.0,5.0,6.0,6.0,6.0,8.0,10.0,inferred
City of London,2021-05-17,1.0,2.0,3.0,4.0,4.0,5.0,5.0,6.0,7.0,7.0,8.0,10.0,12.5,inferred
City of London,2021-05-18,1.0,2.0,3.0,4.0,4.0,5.0,6.0,6.0,7.0,8.0,9.0,10.0,13.0,inferred
City of London,2021-05-19,1.0,3.0,4.0,4.0,5.0,6.0,6.0,7.0,8.0,8.0,9.0,11.0,14.0,inferred
City of London,2021-05-20,1.0,3.0,4.0,4.0,4.0,5.0,6.0,7.0,8.0,9.0,9.0,11.0,14.0,inferred
City of London,2021-05-21,1.0,2.0,3.0,4.0,4.0,5.0,6.0,6.0,7.0,8.0,8.0,10.0,13.0,inferred
City of London,2021-05-22,1.0,2.0,3.0,3.0,4.0,4.0,5.0,6.0,6.3,7.0,8.0,9.0,12.0,inferred
City of London,2021-05-23,1.0,3.0,4.0,4.0,4.0,5.0,6.0,7.0,8.0,8.0,9.0,10.0,13.0,inferred
City of London,2021-05-24,2.0,4.0,6.0,6.0,6.0,7.0,8.0,9.0,10.0,11.0,12.0,13.0,17.0,inferred
City of London,2021-05-25,3.0,5.0,6.0,7.0,7.0,8.0,9.0,10.0,11.0,11.0,12.0,14.0,18.0,inferred
City of London,2021-05-26,4.0,6.0,7.0,8.0,8.0,9.0,10.0,11.0,12.0,13.0,14.0,16.0,19.0,inferred
City of London,2021-05-27,4.0,6.0,7.0,8.0,9.0,10.0,11.0,12.0,13.0,14.0,15.0,17.0,21.0,inferred
City of London,2021-05-28,4.0,6.0,8.0,8.0,9.0,10.0,10.0,11.0,13.0,13.0,14.0,17.0,20.0,inferred
City of London,2021-05-29,3.0,5.0,7.0,7.0,8.0,9.0,10.0,11.0,12.0,13.0,14.0,16.0,19.0,inferred
City of London,2021-05-30,5.0,8.0,9.0,10.0,10.0,11.0,13.0,14.0,15.0,16.0,17.0,19.0,22.0,inferred
City of London,2021-05-31,9.0,12.0,14.0,15.0,16.0,17.0,18.0,20.0,21.0,22.0,23.0,26.0,30.0,inferred
City of London,2021-06-01,10.5,14.0,16.0,17.0,18.0,19.0,21.0,22.0,24.0,25.0,26.0,28.0,32.0,inferred
City of London,2021-06-02,13.0,16.0,18.0,19.0,20.0,22.0,23.0,24.0,26.0,27.0,29.0,32.0,36.0,inferred
City of London,2021-06-03,12.5,16.0,19.0,20.0,21.0,22.0,23.0,25.0,27.0,28.0,29.0,32.0,38.0,inferred
City of London,2021-06-04,12.0,16.0,18.0,19.0,20.0,22.0,23.0,25.0,27.0,28.0,29.0,32.0,36.0,inferred
City of London,2021-06-05,11.0,14.0,17.0,17.0,18.0,19.0,21.0,22.0,24.0,25.0,25.0,28.0,33.0,inferred
City of London,2021-06-06,15.0,18.0,21.0,22.0,23.0,24.0,26.0,27.0,29.0,30.0,31.0,34.0,39.5,inferred
City of London,2021-06-07,22.0,26.0,29.0,31.0,32.0,34.0,36.0,37.4,40.0,41.0,42.0,46.0,51.5,inferred
City of London,2021-06-08,23.0,28.0,31.0,32.0,33.0,35.0,37.0,39.0,42.0,43.0,44.0,48.0,53.0,inferred
City of London,2021-06-09,25.0,29.0,33.0,34.0,35.0,37.0,39.0,41.0,43.0,44.0,46.0,49.0,56.0,inferred
City of London,2021-06-10,23.0,28.0,31.0,32.0,33.0,35.0,37.0,39.0,41.0,42.0,43.0,47.0,54.0,inferred
City of London,2021-06-11,19.5,25.0,28.0,29.0,30.0,32.0,33.0,35.0,37.0,39.0,40.0,44.0,49.0,inferred
City of London,2021-06-12,17.0,20.0,23.0,24.0,25.0,27.0,29.0,30.0,32.0,33.0,34.0,38.0,43.0,inferred
City of London,2021-06-13,20.0,25.0,28.0,29.0,29.0,31.0,33.0,35.0,37.0,38.0,39.0,43.0,48.0,inferred
City of London,2021-06-14,29.0,34.0,37.0,38.0,40.0,42.0,44.0,46.0,48.0,50.0,51.0,55.0,62.0,inferred
City of London,2021-06-15,29.0,34.0,38.0,39.0,41.0,43.0,45.0,47.0,49.0,51.0,52.0,56.0,64.0,inferred
City of London,2021-06-16,31.0,37.0,40.0,41.0,43.0,45.0,47.0,49.0,51.0,53.0,55.0,59.0,67.0,inferred
City of London,2021-06-17,29.0,34.0,38.0,39.0,40.0,42.0,45.0,47.0,49.0,51.0,52.0,57.0,64.0,inferred
City of London,2021-06-18,26.0,31.0,35.0,35.0,37.0,39.0,41.0,43.0,46.0,47.0,49.0,52.0,59.0,inferred
Clackmannanshire,2021-03-06,37.0,45.0,50.0,52.0,53.0,56.0,59.0,62.0,65.0,67.0,69.0,76.0,85.0,inferred
Clackmannanshire,2021-03-07,30.0,37.0,41.0,43.0,45.0,48.0,50.0,53.0,56.0,58.0,60.0,65.1,75.0,inferred
Clackmannanshire,2021-03-08,24.0,29.0,33.0,34.0,36.0,39.0,41.0,44.0,47.0,48.0,50.0,55.0,64.0,inferred
Clackmannanshire,2021-03-09,24.0,31.0,35.8,37.0,39.0,41.0,43.0,46.0,49.0,51.0,52.0,58.0,67.0,inferred
Clackmannanshire,2021-03-10,35.0,41.0,46.0,48.0,50.0,53.0,56.0,59.0,63.0,64.0,66.0,73.0,81.5,inferred
Clackmannanshire,2021-03-11,31.0,37.0,41.0,43.0,44.0,47.0,50.0,53.0,55.0,57.0,60.0,66.0,77.0,inferred
Clackmannanshire,2021-03-12,30.5,36.9,41.0,42.0,44.0,47.0,49.5,53.0,56.0,58.0,60.0,66.0,75.0,inferred
Clackmannanshire,2021-03-13,25.0,32.0,36.0,37.0,39.0,42.0,45.0,48.0,51.0,53.0,54.0,60.0,68.0,inferred
Clackmannanshire,2021-03-14,20.0,25.0,29.0,30.0,32.0,34.0,36.0,39.0,42.0,43.0,45.0,50.0,58.0,inferred
Clackmannanshire,2021-03-15,14.0,18.0,22.0,23.0,24.0,27.0,29.0,31.0,34.0,35.0,37.0,41.0,49.0,inferred
Clackmannanshire,2021-03-16,15.0,20.0,23.0,25.0,26.0,29.0,31.0,33.0,35.0,37.0,38.0,43.0,51.0,inferred
Clackmannanshire,2021-03-17,23.0,28.0,33.0,34.0,36.0,38.0,41.0,44.0,47.0,48.2,50.0,56.0,67.0,inferred
Clackmannanshire,2021-03-18,21.0,27.0,30.0,32.0,33.0,35.0,38.0,41.0,44.0,46.0,47.0,53.0,62.0,inferred
Clackmannanshire,2021-03-19,21.5,27.0,32.0,33.0,35.0,38.0,40.5,43.0,46.0,48.0,50.0,55.0,64.5,inferred
Clackmannanshire,2021-03-20,20.5,26.0,30.0,31.0,33.0,35.0,38.0,40.0,43.0,45.0,47.0,52.0,61.0,inferred
Clackmannanshire,2021-03-21,16.0,21.0,25.0,26.0,28.0,30.0,33.0,35.0,38.0,39.0,41.0,46.0,53.0,inferred
Clackmannanshire,2021-03-22,13.0,17.0,20.0,21.0,23.0,25.0,27.0,29.0,31.0,33.0,34.0,39.0,47.0,inferred
Clackmannanshire,2021-03-23,14.0,18.0,22.0,23.0,24.0,27.0,29.0,31.0,34.0,36.0,37.0,42.0,51.0,inferred
Clackmannanshire,2021-03-24,23.0,28.0,33.0,34.0,36.0,38.0,41.0,43.0,46.0,48.0,51.0,56.0,64.0,inferred
Clackmannanshire,2021-03-25,22.5,28.0,32.0,33.0,35.0,38.0,40.0,43.0,46.0,48.0,50.0,56.0,64.0,inferred
Clackmannanshire,2021-03-26,25.0,31.0,35.0,36.0,38.0,41.0,44.0,46.0,50.0,52.0,54.0,60.0,68.5,inferred
Clackmannanshire,2021-03-27,24.0,30.0,34.0,36.0,37.0,40.0,42.0,45.0,48.0,50.0,52.0,57.0,65.5,inferred
Clackmannanshire,2021-03-28,20.0,26.0,30.0,31.0,33.0,36.0,38.0,40.0,43.0,45.0,47.0,52.0,61.0,inferred
Clackmannanshire,2021-03-29,17.0,22.0,25.0,27.0,28.0,30.0,32.0,35.0,38.0,40.0,41.0,46.0,54.0,inferred
Clackmannanshire,2021-03-30,18.0,23.0,26.0,28.0,29.0,32.0,34.0,37.0,40.0,41.0,43.0,48.0,57.0,inferred
Clackmannanshire,2021-03-31,25.0,32.0,36.0,38.0,39.0,42.0,45.0,48.0,51.0,53.0,55.0,61.0,70.0,inferred
Clackmannanshire,2021-04-01,22.0,29.0,33.0,34.0,35.0,38.0,41.0,44.0,47.0,48.0,50.0,55.0,65.5,inferred
Clackmannanshire,2021-04-02,23.0,29.0,33.0,35.0,36.0,39.0,41.0,44.0,47.0,48.0,50.0,55.1,64.0,inferred
Clackmannanshire,2021-04-03,19.0,24.0,28.0,30.0,31.0,34.0,36.0,39.0,41.0,43.0,45.0,50.0,57.0,inferred
Clackmannanshire,2021-04-04,15.0,20.0,23.0,24.0,25.0,28.0,30.0,32.0,34.0,36.0,38.0,43.0,51.0,inferred
Clackmannanshire,2021-04-05,10.0,14.0,17.0,18.0,19.0,22.0,23.0,26.0,28.0,29.0,31.0,34.0,41.0,inferred
Clackmannanshire,2021-04-06,11.0,15.0,18.0,19.0,20.0,22.0,24.0,26.0,29.0,30.0,32.0,36.1,43.0,inferred
Clackmannanshire,2021-04-07,15.0,20.0,23.8,25.0,26.0,29.0,31.0,33.0,35.0,37.0,39.0,43.1,52.0,inferred
Clackmannanshire,2021-04-08,13.0,17.0,21.0,22.0,23.0,25.0,27.0,30.0,32.0,34.0,35.0,40.0,47.0,inferred
Clackmannanshire,2021-04-09,13.0,18.0,20.0,22.0,23.0,25.0,27.0,30.0,32.0,33.0,35.0,40.0,47.0,inferred
Clackmannanshire,2021-04-10,10.5,15.0,18.0,19.0,20.0,22.0,24.0,26.0,29.0,30.0,31.0,35.0,42.0,inferred
Clackmannanshire,2021-04-11,8.0,11.0,14.0,14.0,15.0,17.0,19.0,21.0,23.0,24.0,26.0,30.0,36.0,inferred
Clackmannanshire,2021-04-12,5.0,8.0,10.0,11.0,11.0,13.0,15.0,16.0,18.0,19.0,20.0,23.0,29.0,inferred
Clackmannanshire,2021-04-13,5.0,8.0,10.0,11.0,12.0,14.0,15.0,17.0,19.0,20.0,21.0,24.0,30.0,inferred
Clackmannanshire,2021-04-14,7.0,11.0,14.0,15.0,16.0,18.0,20.0,21.0,23.0,24.0,26.0,30.0,36.0,inferred
Clackmannanshire,2021-04-15,6.0,10.0,12.0,13.0,14.0,16.0,17.0,19.0,21.0,22.0,23.0,27.0,33.0,inferred
Clackmannanshire,2021-04-16,7.0,10.0,12.0,13.0,14.0,16.0,17.0,19.0,21.0,22.0,23.0,27.0,34.0,inferred
Clackmannanshire,2021-04-17,5.0,8.0,10.0,11.0,12.0,14.0,16.0,17.0,19.0,20.0,21.0,25.0,31.0,inferred
Clackmannanshire,2021-04-18,4.0,6.0,8.0,9.0,10.0,11.0,13.0,14.0,16.0,16.0,17.0,21.0,27.0,inferred
Clackmannanshire,2021-04-19,2.0,4.0,6.0,7.0,7.0,9.0,10.0,11.0,13.0,14.0,15.0,18.0,23.5,inferred
Clackmannanshire,2021-04-20,3.0,5.0,6.0,7.0,8.0,9.0,10.0,12.0,13.0,14.0,15.0,19.0,23.0,inferred
Clackmannanshire,2021-04-21,4.0,7.0,9.0,10.0,11.0,12.0,14.0,15.0,17.0,18.0,19.0,23.0,27.5,inferred
Clackmannanshire,2021-04-22,3.5,6.0,8.0,9.0,9.0,11.0,12.0,13.0,15.0,16.0,17.0,20.0,26.0,inferred
Clackmannanshire,2021-04-23,4.0,6.0,8.0,9.0,9.0,11.0,12.0,14.0,16.0,17.0,18.0,21.0,26.0,inferred
Clackmannanshire,2021-04-24,3.0,5.0,7.0,8.0,8.0,10.0,11.0,12.0,14.0,15.0,16.0,19.0,25.5,inferred
Clackmannanshire,2021-04-25,2.0,4.0,5.0,6.0,7.0,8.0,9.0,10.0,12.0,13.0,14.0,16.0,20.0,inferred
Clackmannanshire,2021-04-26,1.0,3.0,4.0,4.0,5.0,6.0,7.0,8.0,9.0,10.0,11.0,13.0,18.0,inferred
Clackmannanshire,2021-04-27,1.0,3.0,4.0,5.0,5.0,7.0,8.0,9.0,10.0,11.0,12.0,14.0,18.5,inferred
Clackmannanshire,2021-04-28,2.0,5.0,6.0,7.0,8.0,9.0,10.0,12.0,14.0,15.0,16.0,18.0,24.0,inferred
Clackmannanshire,2021-04-29,2.0,4.0,6.0,7.0,7.0,9.0,10.0,11.0,13.0,14.0,15.0,18.0,24.0,inferred
Clackmannanshire,2021-04-30,3.0,5.0,6.0,7.0,8.0,9.0,10.0,12.0,13.0,14.0,16.0,19.0,24.0,inferred
Clackmannanshire,2021-05-01,2.0,4.0,6.0,7.0,7.0,9.0,10.0,11.0,13.0,14.0,15.0,18.0,23.0,inferred
Clackmannanshire,2021-05-02,2.0,4.0,5.0,6.0,6.0,7.0,9.0,10.0,11.0,12.0,13.0,16.0,21.0,inferred
Clackmannanshire,2021-05-03,1.0,3.0,4.0,5.0,5.0,6.0,7.0,8.0,10.0,11.0,11.0,14.0,19.0,inferred
Clackmannanshire,2021-05-04,1.0,3.0,4.0,5.0,6.0,7.0,8.0,9.0,11.0,11.0,12.0,15.0,20.0,inferred
Clackmannanshire,2021-05-05,3.0,5.0,7.0,8.0,8.0,10.0,11.0,12.0,14.0,15.0,16.0,20.0,25.0,inferred
Clackmannanshire,2021-05-06,3.0,5.0,7.0,8.0,8.0,10.0,11.0,12.0,14.0,15.0,16.0,19.0,24.0,inferred
Clackmannanshire,2021-05-07,3.0,5.0,7.0,8.0,9.0,10.0,12.0,13.0,14.0,15.0,16.0,20.0,25.0,inferred
Clackmannanshire,2021-05-08,3.0,5.0,7.0,8.0,9.0,10.0,11.0,12.4,14.0,15.0,17.0,20.0,25.0,inferred
Clackmannanshire,2021-05-09,2.0,4.0,6.0,7.0,8.0,9.0,10.0,11.0,13.0,14.0,15.0,17.0,22.0,inferred
Clackmannanshire,2021-05-10,2.0,3.0,5.0,6.0,6.0,7.0,8.0,10.0,11.0,12.0,13.0,16.0,21.0,inferred
Clackmannanshire,2021-05-11,2.0,4.0,6.0,7.0,7.0,8.0,9.0,11.0,12.0,13.0,14.0,17.0,23.0,inferred
Clackmannanshire,2021-05-12,4.0,7.0,9.0,10.0,10.7,12.0,14.0,15.0,17.0,18.0,19.0,23.0,29.0,inferred
Clackmannanshire,2021-05-13,4.0,6.9,9.0,10.0,10.0,12.0,14.0,15.0,17.0,18.0,20.0,23.0,29.0,inferred
Clackmannanshire,2021-05-14,5.0,8.0,10.0,11.0,12.0,13.6,15.0,17.0,19.0,20.0,21.0,25.0,30.0,inferred
Clackmannanshire,2021-05-15,5.0,8.0,10.0,11.0,12.0,14.0,15.0,17.0,19.0,20.0,21.0,24.0,31.0,inferred
Clackmannanshire,2021-05-16,5.0,7.0,9.0,10.0,11.0,13.0,14.0,16.0,17.0,18.0,20.0,23.0,29.0,inferred
Clackmannanshire,2021-05-17,3.0,6.0,8.0,9.0,9.0,11.0,12.0,14.0,15.0,16.0,18.0,21.0,26.5,inferred
Clackmannanshire,2021-05-18,4.5,7.0,10.0,11.0,11.0,13.0,14.0,16.0,18.0,19.0,20.0,24.0,30.0,inferred
Clackmannanshire,2021-05-19,8.0,12.0,15.0,16.0,17.0,19.0,21.0,23.0,25.0,26.0,27.0,32.0,38.5,inferred
Clackmannanshire,2021-05-20,8.0,12.0,14.0,15.0,16.0,18.6,20.0,22.0,25.0,26.0,28.0,31.0,38.0,inferred
Clackmannanshire,2021-05-21,10.0,14.0,16.8,18.0,19.0,20.6,22.5,24.0,26.0,28.0,29.0,33.0,39.0,inferred
Clackmannanshire,2021-05-22,9.5,13.0,16.0,17.0,18.0,20.0,22.0,24.0,26.0,27.0,29.0,33.0,40.5,inferred
Clackmannanshire,2021-05-23,8.0,12.0,14.0,15.0,16.0,18.0,20.0,22.0,24.0,26.0,27.0,30.1,36.0,inferred
Clackmannanshire,2021-05-24,7.0,10.0,12.0,13.0,14.0,16.0,18.0,20.0,22.0,23.0,24.0,28.0,34.0,inferred
Clackmannanshire,2021-05-25,8.0,12.0,14.0,15.0,16.0,18.0,20.0,21.0,24.0,25.0,27.0,30.1,38.0,inferred
Clackmannanshire,2021-05-26,14.0,18.0,21.0,22.0,23.0,26.0,27.0,30.0,32.0,34.0,35.0,40.0,47.0,inferred
Clackmannanshire,2021-05-27,12.5,17.0,21.0,22.0,23.0,25.0,27.0,30.0,32.0,34.0,36.0,40.0,47.0,inferred
Clackmannanshire,2021-05-28,14.0,20.0,23.0,24.0,25.0,28.0,30.0,32.0,35.0,36.0,38.0,43.0,50.0,inferred
Clackmannanshire,2021-05-29,13.0,18.9,22.0,24.0,25.0,27.0,29.0,31.0,34.0,35.0,37.0,42.0,48.0,inferred
Clackmannanshire,2021-05-30,12.0,17.0,20.0,21.0,22.0,24.0,26.0,28.0,31.0,32.0,34.0,38.0,45.0,inferred
Clackmannanshire,2021-05-31,11.0,14.0,17.0,18.0,19.0,21.0,23.0,25.0,27.0,28.0,29.0,33.0,41.0,inferred
Clackmannanshire,2021-06-01,12.0,16.0,19.0,20.0,21.0,23.0,25.0,28.0,30.0,31.0,33.0,38.0,45.0,inferred
Clackmannanshire,2021-06-02,19.0,24.0,27.0,29.0,30.0,33.0,35.0,38.0,41.0,42.0,44.0,50.0,59.5,inferred
Clackmannanshire,2021-06-03,17.0,23.0,27.0,28.0,29.0,32.0,34.0,37.0,39.0,41.0,42.0,48.0,56.0,inferred
Clackmannanshire,2021-06-04,19.0,25.0,29.0,31.0,32.0,34.0,37.0,39.0,42.0,44.0,46.0,51.0,61.0,inferred
Clackmannanshire,2021-06-05,18.0,23.0,27.0,29.0,30.0,32.0,35.0,37.0,41.0,42.2,44.0,49.0,57.5,inferred
Clackmannanshire,2021-06-06,15.0,20.0,23.0,25.0,26.0,28.0,31.0,33.0,36.0,37.0,39.0,44.0,52.5,inferred
Clackmannanshire,2021-06-07,12.0,16.0,19.0,20.0,21.0,23.0,25.0,28.0,30.0,32.0,33.0,38.0,45.0,inferred
Clackmannanshire,2021-06-08,14.0,18.0,21.0,22.0,23.7,26.0,28.0,30.0,33.0,34.0,36.0,40.0,48.0,inferred
Clackmannanshire,2021-06-09,21.0,27.0,31.0,32.0,34.0,36.0,39.0,41.0,45.0,46.0,48.0,54.0,63.5,inferred
Clackmannanshire,2021-06-10,21.0,26.0,30.0,31.0,33.0,35.0,38.0,40.0,43.0,45.0,46.2,52.0,62.0,inferred
Clackmannanshire,2021-06-11,23.0,29.0,33.0,34.0,35.0,38.0,41.0,44.0,47.0,49.0,51.0,57.0,65.5,inferred
Clackmannanshire,2021-06-12,22.0,28.0,32.0,33.0,34.0,37.0,40.0,43.0,46.0,48.0,50.0,56.0,65.0,inferred
Clackmannanshire,2021-06-13,18.0,24.0,27.0,28.0,30.0,33.0,36.0,38.0,41.0,43.0,44.0,49.0,58.0,inferred
Clackmannanshire,2021-06-14,15.0,19.0,23.0,24.0,26.0,28.0,30.0,32.0,35.0,36.0,38.0,43.0,51.0,inferred
Clackmannanshire,2021-06-15,17.0,22.0,26.0,27.0,29.0,31.0,34.0,36.0,39.0,41.0,42.0,48.0,56.0,inferred
Clackmannanshire,2021-06-16,26.0,32.0,37.0,38.0,40.0,43.0,45.0,48.0,51.0,53.0,56.0,62.0,71.0,inferred
Clackmannanshire,2021-06-17,24.0,30.0,34.0,36.0,37.0,40.0,43.0,46.0,49.0,51.0,53.0,59.0,68.0,inferred
Clackmannanshire,2021-06-18,23.0,32.0,36.0,38.0,39.0,43.0,46.0,49.0,53.0,55.0,57.0,64.0,74.0,inferred
Colchester,2021-03-06,4.0,6.0,7.0,8.0,8.0,9.0,10.0,11.0,13.0,13.0,14.0,16.0,19.0,inferred
Colchester,2021-03-07,5.0,7.0,9.0,9.0,10.0,11.0,12.0,13.0,15.0,15.0,16.0,18.0,22.0,inferred
Colchester,2021-03-08,7.0,9.0,11.0,12.0,12.0,13.0,15.0,16.0,17.0,18.0,19.0,21.0,25.0,inferred
Colchester,2021-03-09,6.0,8.0,10.0,11.0,11.0,13.0,14.0,15.0,16.0,17.0,18.0,20.0,24.0,inferred
Colchester,2021-03-10,6.0,9.0,11.0,11.0,12.0,13.0,15.0,16.0,17.0,18.0,19.0,21.0,25.0,inferred
Colchester,2021-03-11,5.5,8.0,10.0,10.0,11.0,12.0,13.0,14.0,16.0,16.0,17.0,20.0,24.0,inferred
Colchester,2021-03-12,4.0,7.0,8.0,9.0,9.0,11.0,12.0,13.0,14.0,15.0,15.0,18.0,21.0,inferred
Colchester,2021-03-13,3.0,5.0,6.0,7.0,7.0,8.0,9.0,10.0,11.0,12.0,13.0,14.0,18.0,inferred
Colchester,2021-03-14,4.0,6.0,7.0,8.0,9.0,10.0,11.0,12.0,13.0,14.0,15.0,17.0,20.0,inferred
Colchester,2021-03-15,5.0,8.0,9.0,10.0,11.0,12.0,13.0,14.0,15.0,16.0,17.0,19.0,23.0,inferred
Colchester,2021-03-16,5.0,7.0,9.0,9.0,10.0,11.0,12.0,13.0,15.0,15.0,16.0,19.0,23.0,inferred
Colchester,2021-03-17,5.0,8.0,9.0,10.0,10.0,12.0,13.0,14.0,15.0,16.0,17.0,19.0,23.0,inferred
Colchester,2021-03-18,5.0,7.0,8.0,9.0,9.0,10.0,11.0,13.0,14.0,15.0,15.0,18.0,22.0,inferred
Colchester,2021-03-19,3.0,5.9,7.0,8.0,8.0,9.0,10.0,11.0,12.0,13.0,14.0,16.0,20.0,inferred
Colchester,2021-03-20,2.0,4.0,5.0,5.0,6.0,7.0,8.0,9.0,10.0,10.0,11.0,13.0,16.0,inferred
Colchester,2021-03-21,3.0,5.0,6.0,7.0,7.0,8.0,9.0,10.0,11.0,11.0,12.0,14.0,18.0,inferred
Colchester,2021-03-22,3.5,6.0,7.8,8.0,9.0,10.0,11.0,12.0,13.0,14.0,14.0,17.0,20.5,inferred
Colchester,2021-03-23,3.0,5.0,7.0,7.0,8.0,9.0,10.0,11.0,12.0,13.0,13.0,16.0,19.0,inferred
Colchester,2021-03-24,4.0,5.0,7.0,7.0,8.0,9.0,10.0,11.0,12.0,12.0,13.0,15.0,18.0,inferred
Colchester,2021-03-25,2.5,4.0,6.0,6.0,7.0,8.0,9.0,10.0,11.0,11.0,12.0,14.0,18.0,inferred
Colchester,2021-03-26,2.0,3.0,5.0,5.0,6.0,6.0,7.0,8.0,9.0,9.2,10.0,12.0,15.0,inferred
Colchester,2021-03-27,1.0,2.0,3.0,3.0,4.0,5.0,5.0,6.0,7.0,7.0,8.0,10.0,12.0,inferred
Colchester,2021-03-28,1.0,2.0,4.0,4.0,4.0,5.0,6.0,7.0,8.0,8.0,9.0,11.0,13.0,inferred
Colchester,2021-03-29,1.0,3.0,4.0,5.0,5.0,6.0,7.0,8.0,9.0,9.0,10.0,12.0,15.0,inferred
Colchester,2021-03-30,1.0,2.0,4.0,4.0,4.0,5.0,6.0,7.0,8.0,8.0,9.0,10.0,13.5,inferred
Colchester,2021-03-31,1.0,3.0,3.0,4.0,4.0,5.0,6.0,7.0,8.0,8.0,9.0,11.0,14.0,inferred
Colchester,2021-04-01,1.0,2.0,3.0,3.0,4.0,4.0,5.0,6.0,7.0,7.0,8.0,9.0,12.0,inferred
Colchester,2021-04-02,1.0,1.0,2.0,3.0,3.0,4.0,4.0,5.0,6.0,6.0,7.0,8.0,11.0,inferred
Colchester,2021-04-03,0.0,1.0,1.0,2.0,2.0,3.0,3.0,4.0,4.0,5.0,5.0,7.0,9.0,inferred
Colchester,2021-04-04,0.0,1.0,2.0,2.0,2.0,3.0,3.0,4.0,5.0,5.0,6.0,7.0,9.0,inferred
Colchester,2021-04-05,1.0,1.0,2.0,3.0,3.0,4.0,4.0,5.0,6.0,6.0,7.0,8.0,11.0,inferred
Colchester,2021-04-06,0.0,1.0,2.0,2.0,3.0,3.0,4.0,5.0,5.0,6.0,6.0,8.0,10.0,inferred
Colchester,2021-04-07,0.0,1.0,2.0,2.0,3.0,3.0,4.0,5.0,5.0,6.0,6.0,8.0,10.0,inferred
Colchester,2021-04-08,0.0,1.0,2.0,2.0,2.0,3.0,4.0,4.0,5.0,6.0,6.0,7.0,10.0,inferred
Colchester,2021-04-09,0.0,1.0,1.0,2.0,2.0,2.0,3.0,4.0,4.0,5.0,5.0,7.0,9.0,inferred
Colchester,2021-04-10,0.0,0.0,1.0,1.0,1.0,2.0,2.0,3.0,4.0,4.0,4.0,6.0,8.0,inferred
Colchester,2021-04-11,0.0,1.0,1.0,2.0,2.0,2.0,3.0,4.0,4.0,4.0,5.0,6.0,8.0,inferred
Colchester,2021-04-12,0.0,1.0,2.0,2.0,2.0,3.0,3.0,4.0,5.0,5.0,6.0,7.0,10.0,inferred
Colchester,2021-04-13,0.0,1.0,2.0,2.0,2.0,3.0,3.0,4.0,5.0,5.0,5.0,7.0,9.0,inferred
Colchester,2021-04-14,0.0,1.0,2.0,2.0,2.0,3.0,3.0,4.0,5.0,5.0,6.0,7.0,10.0,inferred
Colchester,2021-04-15,0.0,1.0,2.0,2.0,2.0,3.0,3.0,4.0,5.0,5.0,6.0,7.0,9.0,inferred
Colchester,2021-04-16,0.0,1.0,1.0,1.0,2.0,2.0,3.0,3.0,4.0,4.0,5.0,6.0,8.0,inferred
Colchester,2021-04-17,0.0,0.0,1.0,1.0,1.0,2.0,2.0,3.0,3.0,4.0,4.0,5.0,7.0,inferred
Colchester,2021-04-18,0.0,1.0,1.0,1.0,2.0,2.0,3.0,3.0,4.0,4.0,4.0,6.0,7.0,inferred
Colchester,2021-04-19,0.0,1.0,2.0,2.0,2.0,3.0,3.0,4.0,5.0,5.0,5.0,7.0,9.0,inferred
Colchester,2021-04-20,0.0,1.0,1.0,2.0,2.0,2.0,3.0,4.0,4.0,5.0,5.0,7.0,9.0,inferred
Colchester,2021-04-21,0.0,1.0,2.0,2.0,2.0,3.0,3.0,4.0,4.0,5.0,5.0,7.0,9.0,inferred
Colchester,2021-04-22,0.0,1.0,1.0,2.0,2.0,2.0,3.0,4.0,4.0,5.0,5.0,6.0,8.5,inferred
Colchester,2021-04-23,0.0,1.0,1.0,1.0,2.0,2.0,3.0,3.0,4.0,4.0,5.0,6.0,8.0,inferred
Colchester,2021-04-24,0.0,0.0,1.0,1.0,1.0,2.0,2.0,3.0,3.0,4.0,4.0,5.0,7.0,inferred
Colchester,2021-04-25,0.0,0.0,1.0,1.0,1.0,2.0,3.0,3.0,4.0,4.0,4.0,6.0,7.0,inferred
Colchester,2021-04-26,0.0,1.0,1.0,2.0,2.0,3.0,3.0,4.0,4.0,5.0,5.0,6.0,9.0,inferred
Colchester,2021-04-27,0.0,1.0,1.0,2.0,2.0,2.0,3.0,3.0,4.0,4.0,5.0,6.0,8.0,inferred
Colchester,2021-04-28,0.0,1.0,1.0,2.0,2.0,3.0,3.0,4.0,4.0,5.0,5.0,7.0,9.0,inferred
Colchester,2021-04-29,0.0,1.0,1.0,2.0,2.0,2.0,3.0,3.0,4.0,5.0,5.0,6.0,9.0,inferred
Colchester,2021-04-30,0.0,0.0,1.0,1.0,1.0,2.0,2.0,3.0,4.0,4.0,4.0,6.0,8.0,inferred
Colchester,2021-05-01,0.0,0.0,1.0,1.0,1.0,2.0,2.0,2.0,3.0,3.0,4.0,5.0,7.0,inferred
Colchester,2021-05-02,0.0,0.0,1.0,1.0,1.0,2.0,2.0,3.0,3.0,4.0,4.0,5.1,7.5,inferred
Colchester,2021-05-03,0.0,1.0,1.0,2.0,2.0,2.0,3.0,4.0,4.0,5.0,5.0,7.0,9.0,inferred
Colchester,2021-05-04,0.0,1.0,1.0,2.0,2.0,2.0,3.0,4.0,4.0,5.0,5.0,7.0,9.0,inferred
Colchester,2021-05-05,0.0,1.0,1.0,2.0,2.0,3.0,3.0,4.0,4.0,5.0,5.0,7.0,9.0,inferred
Colchester,2021-05-06,0.0,1.0,1.0,1.0,2.0,2.0,3.0,3.0,4.0,4.0,5.0,6.0,8.0,inferred
Colchester,2021-05-07,0.0,1.0,1.0,1.0,2.0,2.0,3.0,3.0,4.0,4.0,4.0,6.0,8.0,inferred
Colchester,2021-05-08,0.0,0.0,1.0,1.0,1.0,2.0,2.0,2.0,3.0,3.0,4.0,5.0,7.0,inferred
Colchester,2021-05-09,0.0,0.0,1.0,1.0,1.0,2.0,2.0,3.0,3.0,4.0,4.0,5.0,7.0,inferred
Colchester,2021-05-10,0.0,1.0,1.0,1.0,2.0,2.0,3.0,3.0,4.0,4.0,5.0,6.0,8.0,inferred
Colchester,2021-05-11,0.0,0.0,1.0,1.0,2.0,2.0,2.0,3.0,4.0,4.0,5.0,6.0,8.0,inferred
Colchester,2021-05-12,0.0,1.0,1.0,1.0,2.0,2.0,3.0,3.0,4.0,4.0,5.0,6.0,8.0,inferred
Colchester,2021-05-13,0.0,0.0,1.0,1.0,1.0,2.0,2.0,3.0,3.0,4.0,4.0,5.0,8.0,inferred
Colchester,2021-05-14,0.0,0.0,1.0,1.0,1.0,1.0,2.0,2.0,3.0,3.0,4.0,5.0,7.0,inferred
Colchester,2021-05-15,0.0,0.0,0.0,1.0,1.0,1.0,1.0,2.0,2.0,3.0,3.0,4.0,5.5,inferred
Colchester,2021-05-16,0.0,0.0,0.0,1.0,1.0,1.0,2.0,2.0,3.0,3.0,3.0,4.0,6.0,inferred
Colchester,2021-05-17,0.0,0.0,1.0,1.0,1.0,2.0,2.0,2.0,3.0,3.0,4.0,5.0,7.0,inferred
Colchester,2021-05-18,0.0,0.0,1.0,1.0,1.0,1.0,2.0,2.0,3.0,3.0,3.0,5.0,6.0,inferred
Colchester,2021-05-19,0.0,0.0,1.0,1.0,1.0,1.0,2.0,2.0,3.0,3.0,4.0,5.0,7.0,inferred
Colchester,2021-05-20,0.0,0.0,1.0,1.0,1.0,1.0,2.0,2.0,3.0,3.0,3.0,4.0,6.0,inferred
Colchester,2021-05-21,0.0,0.0,0.0,1.0,1.0,1.0,1.0,2.0,2.0,3.0,3.0,4.0,6.0,inferred
Colchester,2021-05-22,0.0,0.0,0.0,0.0,0.0,1.0,1.0,1.0,2.0,2.0,2.0,3.0,5.0,inferred
Colchester,2021-05-23,0.0,0.0,0.0,1.0,1.0,1.0,2.0,2.0,2.0,3.0,3.0,4.0,6.0,inferred
Colchester,2021-05-24,0.0,0.0,1.0,1.0,1.0,1.0,2.0,2.0,3.0,3.0,3.0,5.0,7.0,inferred
Colchester,2021-05-25,0.0,0.0,1.0,1.0,1.0,1.0,2.0,2.0,3.0,3.0,4.0,5.0,7.0,inferred
Colchester,2021-05-26,0.0,0.0,1.0,1.0,1.0,2.0,2.0,3.0,4.0,4.0,4.0,5.0,8.0,inferred
Colchester,2021-05-27,0.0,0.0,1.0,1.0,1.0,2.0,2.0,3.0,3.0,4.0,4.0,5.0,8.0,inferred
Colchester,2021-05-28,0.0,0.0,1.0,1.0,1.0,2.0,2.0,3.0,3.0,4.0,4.0,5.0,8.0,inferred
Colchester,2021-05-29,0.0,0.0,1.0,1.0,1.0,2.0,2.0,3.0,3.0,3.0,4.0,5.0,7.0,inferred
Colchester,2021-05-30,0.0,1.0,1.0,1.0,2.0,2.0,3.0,3.0,4.0,4.0,5.0,6.0,8.0,inferred
Colchester,2021-05-31,0.0,1.0,2.0,2.0,2.0,3.0,4.0,4.0,5.0,5.0,6.0,7.0,10.0,inferred
Colchester,2021-06-01,0.0,1.0,2.0,2.0,3.0,3.0,4.0,5.0,5.0,6.0,6.0,8.0,10.0,inferred
Colchester,2021-06-02,1.0,2.0,3.0,3.0,4.0,4.0,5.0,6.0,6.3,7.0,8.0,9.0,11.5,inferred
Colchester,2021-06-03,1.0,2.0,3.0,3.0,4.0,5.0,5.0,6.0,7.0,8.0,8.0,10.0,13.0,inferred
Colchester,2021-06-04,1.0,2.0,3.0,4.0,4.0,5.0,5.0,6.0,7.0,8.0,8.0,10.0,12.5,inferred
Colchester,2021-06-05,1.0,2.0,3.0,3.0,4.0,4.0,5.0,6.0,7.0,7.0,8.0,9.0,12.0,inferred
Colchester,2021-06-06,2.0,3.0,4.0,5.0,5.0,6.0,7.0,8.0,9.0,10.0,10.0,12.0,15.0,inferred
Colchester,2021-06-07,3.0,5.0,7.0,7.0,8.0,9.0,10.0,11.0,12.0,12.2,13.0,16.0,19.0,inferred
Colchester,2021-06-08,4.0,5.9,7.0,8.0,8.0,9.0,10.0,11.0,13.0,13.0,14.0,16.0,20.0,inferred
Colchester,2021-06-09,5.0,7.0,9.0,10.0,10.0,11.0,12.0,13.0,14.0,15.0,16.0,18.0,22.0,inferred
Colchester,2021-06-10,5.0,7.0,9.0,10.0,10.0,11.0,12.0,14.0,15.0,16.0,17.0,19.0,23.5,inferred
Colchester,2021-06-11,5.0,7.0,9.0,10.0,10.0,11.0,13.0,14.0,15.0,16.0,17.0,19.0,23.0,inferred
Colchester,2021-06-12,4.0,6.0,8.0,8.0,9.0,10.0,11.0,12.0,13.0,14.0,15.0,17.0,21.0,inferred
Colchester,2021-06-13,6.0,9.0,10.0,11.0,12.0,13.0,14.0,15.0,17.0,18.0,18.0,21.0,25.0,inferred
Colchester,2021-06-14,9.0,13.0,15.0,16.0,17.0,18.0,19.0,21.0,22.0,23.0,24.0,27.0,32.0,inferred
Colchester,2021-06-15,10.0,14.0,16.0,17.0,18.0,19.0,20.0,22.0,24.0,25.0,26.0,29.0,33.0,inferred
Colchester,2021-06-16,12.0,16.0,19.0,20.0,21.0,22.0,24.0,26.0,28.0,29.0,30.0,33.0,39.0,inferred
Colchester,2021-06-17,12.0,16.0,19.0,20.0,21.0,22.0,24.0,26.0,28.0,29.0,30.0,34.0,38.0,inferred
Colchester,2021-06-18,11.5,15.0,18.0,19.0,20.0,22.0,23.0,25.0,27.0,28.0,29.0,33.0,39.0,inferred
Conwy,2021-03-06,3.0,5.0,6.0,7.0,7.0,8.0,9.0,10.0,11.0,12.0,12.0,14.0,17.0,inferred
Conwy,2021-03-07,4.0,6.0,7.0,7.0,8.0,9.0,9.0,10.0,11.0,12.0,13.0,15.0,18.0,inferred
Conwy,2021-03-08,6.0,9.0,10.0,11.0,11.0,12.0,13.0,14.0,16.0,16.0,17.0,19.0,23.0,inferred
Conwy,2021-03-09,5.0,7.0,8.0,9.0,10.0,11.0,12.0,13.0,14.0,15.0,15.0,17.0,21.0,inferred
Conwy,2021-03-10,5.5,8.0,9.0,10.0,10.0,12.0,13.0,14.0,15.0,16.0,17.0,19.0,23.0,inferred
Conwy,2021-03-11,5.0,8.0,9.0,10.0,10.0,11.0,12.0,13.0,14.0,15.0,16.0,18.0,21.0,inferred
Conwy,2021-03-12,4.0,6.0,7.0,8.0,8.0,9.0,10.0,11.0,12.0,13.0,14.0,16.0,19.0,inferred
Conwy,2021-03-13,2.0,4.0,5.0,6.0,6.0,7.0,8.0,9.0,10.0,10.0,11.0,12.0,16.0,inferred
Conwy,2021-03-14,2.0,4.0,5.0,6.0,6.0,7.0,8.0,9.0,10.0,11.0,11.0,13.0,16.0,inferred
Conwy,2021-03-15,4.0,6.0,8.0,8.0,9.0,10.0,11.0,12.0,13.0,14.0,14.0,16.0,19.0,inferred
Conwy,2021-03-16,3.0,5.0,6.0,7.0,7.0,8.0,9.0,10.0,11.0,12.0,12.0,14.0,17.0,inferred
Conwy,2021-03-17,3.0,5.0,7.0,7.0,8.0,9.0,10.0,11.0,12.0,13.0,13.0,16.0,19.0,inferred
Conwy,2021-03-18,3.0,5.0,6.0,7.0,7.0,8.0,9.0,10.0,11.0,12.0,12.0,14.0,17.0,inferred
Conwy,2021-03-19,2.0,4.0,5.0,5.0,6.0,7.0,7.0,8.0,9.0,10.0,10.0,12.0,15.0,inferred
Conwy,2021-03-20,1.0,2.0,3.0,4.0,4.0,5.0,5.0,6.0,7.0,8.0,8.0,10.0,12.0,inferred
Conwy,2021-03-21,1.0,2.0,3.0,4.0,4.0,5.0,6.0,7.0,7.0,8.0,8.0,10.0,12.0,inferred
Conwy,2021-03-22,2.0,4.0,5.0,5.0,6.0,7.0,7.0,8.0,9.0,10.0,10.0,12.0,15.0,inferred
Conwy,2021-03-23,2.0,3.0,4.0,4.0,5.0,5.0,6.0,7.0,8.0,8.0,9.0,10.0,13.0,inferred
Conwy,2021-03-24,1.0,3.0,4.0,4.0,5.0,6.0,6.0,7.0,8.0,8.0,9.0,11.0,14.0,inferred
Conwy,2021-03-25,1.0,2.0,3.0,4.0,4.0,5.0,6.0,6.0,7.0,8.0,8.0,10.0,13.0,inferred
Conwy,2021-03-26,0.0,2.0,2.0,3.0,3.0,4.0,4.0,5.0,6.0,6.0,7.0,8.0,10.0,inferred
Conwy,2021-03-27,0.0,1.0,2.0,2.0,2.0,3.0,3.0,4.0,4.0,5.0,5.0,6.0,8.0,inferred
Conwy,2021-03-28,0.0,1.0,1.0,2.0,2.0,2.0,3.0,4.0,4.0,5.0,5.0,6.0,8.0,inferred
Conwy,2021-03-29,0.0,1.0,2.0,2.0,3.0,3.0,4.0,4.0,5.0,6.0,6.0,7.0,10.0,inferred
Conwy,2021-03-30,0.0,1.0,2.0,2.0,2.0,3.0,3.0,4.0,4.0,5.0,5.0,6.0,8.5,inferred
Conwy,2021-03-31,0.0,1.0,2.0,2.0,2.0,3.0,3.0,4.0,4.0,5.0,5.0,6.0,9.0,inferred
Conwy,2021-04-01,0.0,1.0,1.0,2.0,2.0,2.0,3.0,3.0,4.0,4.0,5.0,6.0,8.5,inferred
Conwy,2021-04-02,0.0,0.0,1.0,1.0,1.0,2.0,2.0,3.0,3.0,4.0,4.0,5.0,7.0,inferred
Conwy,2021-04-03,0.0,0.0,0.0,1.0,1.0,1.0,2.0,2.0,2.0,3.0,3.0,4.0,6.0,inferred
Conwy,2021-04-04,0.0,0.0,0.0,1.0,1.0,1.0,2.0,2.0,3.0,3.0,3.0,4.0,6.0,inferred
Conwy,2021-04-05,0.0,0.0,1.0,1.0,1.0,2.0,2.0,3.0,3.0,4.0,4.0,5.0,7.0,inferred
Conwy,2021-04-06,0.0,0.0,1.0,1.0,1.0,1.0,2.0,2.0,3.0,3.0,3.0,4.0,6.0,inferred
Conwy,2021-04-07,0.0,0.0,1.0,1.0,1.0,1.0,2.0,2.0,3.0,3.0,4.0,5.0,7.0,inferred
Conwy,2021-04-08,0.0,0.0,1.0,1.0,1.0,1.0,2.0,2.0,3.0,3.0,3.0,4.0,6.0,inferred
Conwy,2021-04-09,0.0,0.0,0.0,0.0,1.0,1.0,1.0,2.0,2.0,2.0,3.0,4.0,5.0,inferred
Conwy,2021-04-10,0.0,0.0,0.0,0.0,0.0,1.0,1.0,1.0,2.0,2.0,2.0,3.0,5.0,inferred
Conwy,2021-04-11,0.0,0.0,0.0,0.0,0.0,1.0,1.0,1.0,2.0,2.0,2.0,3.0,5.0,inferred
Conwy,2021-04-12,0.0,0.0,0.0,0.0,1.0,1.0,1.0,2.0,2.0,2.0,3.0,4.0,5.0,inferred
Conwy,2021-04-13,0.0,0.0,0.0,0.0,0.0,1.0,1.0,1.0,2.0,2.0,2.0,3.0,5.0,inferred
Conwy,2021-04-14,0.0,0.0,0.0,0.0,1.0,1.0,1.0,2.0,2.0,2.0,3.0,3.0,5.0,inferred
Conwy,2021-04-15,0.0,0.0,0.0,0.0,0.0,1.0,1.0,1.0,2.0,2.0,2.2,3.0,5.0,inferred
Conwy,2021-04-16,0.0,0.0,0.0,0.0,0.0,0.0,1.0,1.0,1.0,2.0,2.0,3.0,4.0,inferred
Conwy,2021-04-17,0.0,0.0,0.0,0.0,0.0,0.0,1.0,1.0,1.0,1.0,2.0,2.0,4.0,inferred
Conwy,2021-04-18,0.0,0.0,0.0,0.0,0.0,0.0,1.0,1.0,1.0,1.0,2.0,2.0,4.0,inferred
Conwy,2021-04-19,0.0,0.0,0.0,0.0,0.0,1.0,1.0,1.0,2.0,2.0,2.0,3.0,4.0,inferred
Conwy,2021-04-20,0.0,0.0,0.0,0.0,0.0,0.0,1.0,1.0,1.0,2.0,2.0,3.0,4.0,inferred
Conwy,2021-04-21,0.0,0.0,0.0,0.0,0.0,1.0,1.0,1.0,2.0,2.0,2.0,3.0,4.0,inferred
Conwy,2021-04-22,0.0,0.0,0.0,0.0,0.0,1.0,1.0,1.0,2.0,2.0,2.0,3.0,5.0,inferred
Conwy,2021-04-23,0.0,0.0,0.0,0.0,0.0,0.0,1.0,1.0,1.0,2.0,2.0,3.0,4.0,inferred
Conwy,2021-04-24,0.0,0.0,0.0,0.0,0.0,0.0,0.0,1.0,1.0,1.0,1.0,2.0,3.0,inferred
Conwy,2021-04-25,0.0,0.0,0.0,0.0,0.0,0.0,1.0,1.0,1.0,1.0,2.0,2.0,4.0,inferred
Conwy,2021-04-26,0.0,0.0,0.0,0.0,0.0,1.0,1.0,1.0,1.0,2.0,2.0,3.0,4.0,inferred
Conwy,2021-04-27,0.0,0.0,0.0,0.0,0.0,0.0,1.0,1.0,1.0,2.0,2.0,3.0,4.0,inferred
Conwy,2021-04-28,0.0,0.0,0.0,0.0,0.0,0.0,1.0,1.0,1.0,2.0,2.0,3.0,4.0,inferred
Conwy,2021-04-29,0.0,0.0,0.0,0.0,0.0,1.0,1.0,1.0,1.0,2.0,2.0,3.0,4.0,inferred
Conwy,2021-04-30,0.0,0.0,0.0,0.0,0.0,0.0,1.0,1.0,1.0,2.0,2.0,3.0,4.0,inferred
Conwy,2021-05-01,0.0,0.0,0.0,0.0,0.0,0.0,0.0,1.0,1.0,1.0,1.0,2.0,4.0,inferred
Conwy,2021-05-02,0.0,0.0,0.0,0.0,0.0,0.0,1.0,1.0,1.0,1.0,2.0,2.0,4.0,inferred
Conwy,2021-05-03,0.0,0.0,0.0,0.0,0.0,1.0,1.0,1.0,2.0,2.0,2.0,3.0,4.0,inferred
Conwy,2021-05-04,0.0,0.0,0.0,0.0,0.0,0.0,1.0,1.0,1.0,1.0,2.0,2.0,4.0,inferred
Conwy,2021-05-05,0.0,0.0,0.0,0.0,0.0,1.0,1.0,1.0,1.0,2.0,2.0,3.0,4.0,inferred
Conwy,2021-05-06,0.0,0.0,0.0,0.0,0.0,1.0,1.0,1.0,2.0,2.0,2.0,3.0,5.0,inferred
Conwy,2021-05-07,0.0,0.0,0.0,0.0,0.0,0.0,1.0,1.0,1.0,2.0,2.0,3.0,4.0,inferred
Conwy,2021-05-08,0.0,0.0,0.0,0.0,0.0,0.0,1.0,1.0,1.0,1.0,2.0,2.0,4.0,inferred
Conwy,2021-05-09,0.0,0.0,0.0,0.0,0.0,0.0,1.0,1.0,1.0,1.0,2.0,2.0,3.0,inferred
Conwy,2021-05-10,0.0,0.0,0.0,0.0,0.0,1.0,1.0,1.0,2.0,2.0,2.0,3.0,4.5,inferred
Conwy,2021-05-11,0.0,0.0,0.0,0.0,0.0,1.0,1.0,1.0,2.0,2.0,2.0,3.0,5.0,inferred
Conwy,2021-05-12,0.0,0.0,0.0,0.0,0.0,1.0,1.0,1.0,2.0,2.0,3.0,4.0,5.0,inferred
Conwy,2021-05-13,0.0,0.0,0.0,0.0,1.0,1.0,1.0,2.0,2.0,2.0,3.0,3.0,5.0,inferred
Conwy,2021-05-14,0.0,0.0,0.0,0.0,0.0,1.0,1.0,1.0,2.0,2.0,2.0,3.0,5.0,inferred
Conwy,2021-05-15,0.0,0.0,0.0,0.0,0.0,0.0,1.0,1.0,1.0,2.0,2.0,3.0,4.0,inferred
Conwy,2021-05-16,0.0,0.0,0.0,0.0,0.0,1.0,1.0,1.0,2.0,2.0,2.0,3.0,4.0,inferred
Conwy,2021-05-17,0.0,0.0,0.0,0.0,1.0,1.0,1.0,2.0,2.0,3.0,3.0,4.0,6.0,inferred
Conwy,2021-05-18,0.0,0.0,0.0,0.0,1.0,1.0,1.0,2.0,2.0,2.0,3.0,4.0,5.5,inferred
Conwy,2021-05-19,0.0,0.0,0.0,1.0,1.0,1.0,2.0,2.0,3.0,3.0,3.0,4.0,6.0,inferred
Conwy,2021-05-20,0.0,0.0,1.0,1.0,1.0,1.0,2.0,2.0,3.0,3.0,3.0,4.0,7.0,inferred
Conwy,2021-05-21,0.0,0.0,0.0,1.0,1.0,1.0,2.0,2.0,3.0,3.0,3.0,4.0,6.0,inferred
Conwy,2021-05-22,0.0,0.0,0.0,1.0,1.0,1.0,1.0,2.0,2.0,3.0,3.0,4.0,6.0,inferred
Conwy,2021-05-23,0.0,0.0,1.0,1.0,1.0,1.0,2.0,2.0,3.0,3.0,3.0,4.0,6.0,inferred
Conwy,2021-05-24,0.0,1.0,1.0,2.0,2.0,2.0,3.0,3.0,4.0,4.0,5.0,6.0,8.0,inferred
Conwy,2021-05-25,0.0,1.0,1.0,1.0,2.0,2.0,3.0,3.0,4.0,4.0,5.0,6.0,8.0,inferred
Conwy,2021-05-26,0.0,1.0,2.0,2.0,2.0,3.0,3.0,4.0,5.0,5.0,5.0,7.0,9.0,inferred
Conwy,2021-05-27,0.0,1.0,2.0,2.0,3.0,3.0,4.0,4.0,5.0,5.0,6.0,7.0,9.0,inferred
Conwy,2021-05-28,0.0,1.0,2.0,2.0,2.0,3.0,4.0,4.0,5.0,5.0,6.0,7.0,9.5,inferred
Conwy,2021-05-29,0.0,1.0,1.0,2.0,2.0,3.0,3.0,4.0,4.0,5.0,5.0,6.0,9.0,inferred
Conwy,2021-05-30,0.0,1.0,2.0,2.0,2.0,3.0,4.0,4.0,5.0,5.0,6.0,7.0,10.0,inferred
Conwy,2021-05-31,1.0,2.0,3.0,4.0,4.0,5.0,6.0,6.0,7.0,8.0,8.0,10.0,12.5,inferred
Conwy,2021-06-01,1.0,2.0,3.0,3.0,4.0,4.0,5.0,6.0,7.0,7.0,8.0,10.0,12.0,inferred
Conwy,2021-06-02,2.0,3.0,4.0,4.0,5.0,6.0,6.0,7.0,8.0,9.0,9.0,11.0,14.0,inferred
Conwy,2021-06-03,2.0,3.0,4.0,5.0,5.0,6.0,7.0,8.0,9.0,9.0,10.0,12.0,15.0,inferred
Conwy,2021-06-04,2.0,3.0,4.0,5.0,5.0,6.0,7.0,8.0,8.3,9.0,10.0,11.0,14.0,inferred
Conwy,2021-06-05,1.5,3.0,4.0,4.0,4.0,5.0,6.0,7.0,8.0,8.0,9.0,10.0,13.0,inferred
Conwy,2021-06-06,2.0,3.0,5.0,5.0,5.0,6.0,7.0,8.0,9.0,9.0,10.0,11.0,15.0,inferred
Conwy,2021-06-07,4.0,6.0,7.0,8.0,8.0,9.0,10.0,11.0,13.0,13.0,14.0,16.0,20.0,inferred
Conwy,2021-06-08,4.0,6.0,7.0,7.0,8.0,9.0,10.0,11.0,12.0,13.0,13.0,15.0,18.0,inferred
Conwy,2021-06-09,5.0,7.0,8.0,9.0,10.0,11.0,12.0,13.0,14.0,15.0,16.0,18.0,22.0,inferred
Conwy,2021-06-10,5.5,8.0,9.0,10.0,10.0,12.0,13.0,14.0,15.0,16.0,16.0,18.1,22.0,inferred
Conwy,2021-06-11,5.0,7.0,8.0,9.0,9.0,10.0,11.0,12.0,13.3,14.0,15.0,17.0,21.0,inferred
Conwy,2021-06-12,3.0,5.0,7.0,7.0,8.0,9.0,10.0,11.0,12.0,12.0,13.0,15.0,18.0,inferred
Conwy,2021-06-13,4.0,6.0,8.0,8.0,9.0,10.0,11.0,12.0,13.0,14.0,15.0,17.0,20.0,inferred
Conwy,2021-06-14,7.0,10.0,12.0,12.8,13.0,14.0,16.0,17.0,18.0,19.0,20.0,23.0,26.5,inferred
Conwy,2021-06-15,6.0,9.0,11.0,11.0,12.0,13.0,14.0,16.0,17.0,18.0,19.0,21.0,26.0,inferred
Conwy,2021-06-16,7.0,11.0,13.0,13.0,14.0,15.0,17.0,18.0,20.0,20.0,21.0,24.0,28.0,inferred
Conwy,2021-06-17,8.0,10.0,13.0,13.0,14.0,16.0,17.0,19.0,20.0,21.0,22.0,25.0,30.0,inferred
Conwy,2021-06-18,6.0,8.0,10.0,11.0,12.0,14.0,15.0,16.0,18.0,19.0,20.0,22.0,27.0,inferred
Copeland,2021-03-06,0.0,1.0,1.0,1.0,2.0,2.0,3.0,3.0,4.0,4.0,5.0,6.0,9.0,inferred
Copeland,2021-03-07,0.0,1.0,1.0,1.0,2.0,2.0,3.0,3.0,4.0,4.0,5.0,6.0,9.0,inferred
Copeland,2021-03-08,0.0,1.0,2.0,2.0,2.0,3.0,4.0,4.0,5.0,5.0,6.0,7.0,10.0,inferred
Copeland,2021-03-09,0.0,1.0,1.0,2.0,2.0,2.0,3.0,4.0,4.0,5.0,5.0,7.0,9.0,inferred
Copeland,2021-03-10,0.0,1.0,1.0,2.0,2.0,2.0,3.0,4.0,4.0,5.0,5.0,7.0,9.0,inferred
Copeland,2021-03-11,0.0,0.0,1.0,1.0,2.0,2.0,3.0,3.0,4.0,4.0,4.0,6.0,8.0,inferred
Copeland,2021-03-12,0.0,0.0,1.0,1.0,1.0,2.0,2.0,3.0,3.0,4.0,4.0,5.0,8.0,inferred
Copeland,2021-03-13,0.0,0.0,1.0,1.0,1.0,1.0,2.0,2.0,3.0,3.0,4.0,5.0,7.0,inferred
Copeland,2021-03-14,0.0,0.0,1.0,1.0,1.0,1.0,2.0,2.0,3.0,3.0,4.0,5.0,7.0,inferred
Copeland,2021-03-15,0.0,0.0,1.0,1.0,1.0,2.0,2.0,3.0,3.0,4.0,4.0,6.0,8.0,inferred
Copeland,2021-03-16,0.0,0.0,1.0,1.0,1.0,2.0,2.0,3.0,3.0,4.0,4.0,5.0,7.0,inferred
Copeland,2021-03-17,0.0,0.0,1.0,1.0,1.0,2.0,2.0,3.0,3.0,4.0,4.0,5.0,8.0,inferred
Copeland,2021-03-18,0.0,0.0,1.0,1.0,1.0,2.0,2.0,3.0,3.0,3.0,4.0,5.0,7.0,inferred
Copeland,2021-03-19,0.0,0.0,1.0,1.0,1.0,1.0,2.0,2.0,3.0,3.0,4.0,5.0,7.0,inferred
Copeland,2021-03-20,0.0,0.0,0.0,1.0,1.0,1.0,2.0,2.0,3.0,3.0,3.0,4.0,7.0,inferred
Copeland,2021-03-21,0.0,0.0,1.0,1.0,1.0,1.0,2.0,2.0,3.0,3.0,4.0,5.0,7.0,inferred
Copeland,2021-03-22,0.0,0.0,1.0,1.0,1.0,2.0,3.0,3.0,4.0,4.0,5.0,6.0,8.0,inferred
Copeland,2021-03-23,0.0,0.0,1.0,1.0,1.0,2.0,2.0,3.0,4.0,4.0,4.0,6.0,8.0,inferred
Copeland,2021-03-24,0.0,0.0,1.0,1.0,1.0,2.0,3.0,3.0,4.0,4.0,5.0,6.0,9.0,inferred
Copeland,2021-03-25,0.0,0.0,1.0,1.0,1.0,2.0,2.0,3.0,3.0,4.0,4.0,6.0,8.0,inferred
Copeland,2021-03-26,0.0,0.0,1.0,1.0,1.0,2.0,2.0,3.0,3.0,3.0,4.0,5.0,7.0,inferred
Copeland,2021-03-27,0.0,0.0,0.0,1.0,1.0,1.0,1.0,2.0,2.0,3.0,3.0,4.0,6.0,inferred
Copeland,2021-03-28,0.0,0.0,0.0,1.0,1.0,1.0,2.0,2.0,3.0,3.0,4.0,5.0,7.0,inferred
Copeland,2021-03-29,0.0,0.0,1.0,1.0,1.0,2.0,2.0,3.0,3.0,4.0,4.0,6.0,8.0,inferred
Copeland,2021-03-30,0.0,0.0,1.0,1.0,1.0,2.0,2.0,2.0,3.0,4.0,4.0,5.0,8.0,inferred
Copeland,2021-03-31,0.0,0.0,1.0,1.0,1.0,2.0,2.0,3.0,3.0,4.0,4.0,5.0,8.0,inferred
Copeland,2021-04-01,0.0,0.0,1.0,1.0,1.0,1.0,2.0,2.0,3.0,3.0,4.0,5.0,7.0,inferred
Copeland,2021-04-02,0.0,0.0,0.0,1.0,1.0,1.0,2.0,2.0,3.0,3.0,3.0,5.0,7.0,inferred
Copeland,2021-04-03,0.0,0.0,0.0,0.0,1.0,1.0,1.0,2.0,2.0,3.0,3.0,4.0,6.0,inferred
Copeland,2021-04-04,0.0,0.0,0.0,1.0,1.0,1.0,1.0,2.0,2.0,3.0,3.0,4.0,6.0,inferred
Copeland,2021-04-05,0.0,0.0,1.0,1.0,1.0,2.0,2.0,2.0,3.0,3.0,4.0,5.0,7.0,inferred
Copeland,2021-04-06,0.0,0.0,1.0,1.0,1.0,1.0,2.0,2.0,3.0,3.0,4.0,5.0,7.0,inferred
Copeland,2021-04-07,0.0,0.0,1.0,1.0,1.0,1.0,2.0,2.0,3.0,3.0,4.0,5.0,7.0,inferred
Copeland,2021-04-08,0.0,0.0,0.0,1.0,1.0,1.0,2.0,2.0,3.0,3.0,3.0,5.0,7.0,inferred
Copeland,2021-04-09,0.0,0.0,0.0,0.0,1.0,1.0,1.0,2.0,2.0,2.0,3.0,4.0,6.0,inferred
Copeland,2021-04-10,0.0,0.0,0.0,0.0,0.0,1.0,1.0,1.0,2.0,2.0,2.0,3.0,5.0,inferred
Copeland,2021-04-11,0.0,0.0,0.0,0.0,0.0,1.0,1.0,1.0,2.0,2.0,2.0,4.0,5.0,inferred
Copeland,2021-04-12,0.0,0.0,0.0,0.0,1.0,1.0,1.0,2.0,2.0,3.0,3.0,4.0,6.0,inferred
Copeland,2021-04-13,0.0,0.0,0.0,0.0,1.0,1.0,1.0,2.0,2.0,2.0,3.0,4.0,6.0,inferred
Copeland,2021-04-14,0.0,0.0,0.0,0.0,1.0,1.0,1.0,2.0,2.0,3.0,3.0,4.0,6.0,inferred
Copeland,2021-04-15,0.0,0.0,0.0,0.0,0.0,1.0,1.0,2.0,2.0,2.0,3.0,4.0,5.0,inferred
Copeland,2021-04-16,0.0,0.0,0.0,0.0,0.0,1.0,1.0,1.0,2.0,2.0,2.0,3.0,5.0,inferred
Copeland,2021-04-17,0.0,0.0,0.0,0.0,0.0,0.0,1.0,1.0,1.0,2.0,2.0,3.0,5.0,inferred
Copeland,2021-04-18,0.0,0.0,0.0,0.0,0.0,0.0,1.0,1.0,2.0,2.0,2.0,3.0,5.0,inferred
Copeland,2021-04-19,0.0,0.0,0.0,0.0,0.0,1.0,1.0,1.0,2.0,2.0,3.0,4.0,6.0,inferred
Copeland,2021-04-20,0.0,0.0,0.0,0.0,0.0,1.0,1.0,1.0,2.0,2.0,2.0,4.0,5.0,inferred
Copeland,2021-04-21,0.0,0.0,0.0,0.0,0.0,1.0,1.0,1.0,2.0,2.0,2.0,3.0,5.0,inferred
Copeland,2021-04-22,0.0,0.0,0.0,0.0,0.0,0.0,1.0,1.0,2.0,2.0,2.0,3.0,5.0,inferred
Copeland,2021-04-23,0.0,0.0,0.0,0.0,0.0,0.0,1.0,1.0,1.0,1.0,2.0,3.0,4.0,inferred
Copeland,2021-04-24,0.0,0.0,0.0,0.0,0.0,0.0,0.0,1.0,1.0,1.0,2.0,2.0,4.0,inferred
Copeland,2021-04-25,0.0,0.0,0.0,0.0,0.0,0.0,0.0,1.0,1.0,1.0,2.0,2.0,4.0,inferred
Copeland,2021-04-26,0.0,0.0,0.0,0.0,0.0,0.0,1.0,1.0,1.0,2.0,2.0,3.0,5.0,inferred
Copeland,2021-04-27,0.0,0.0,0.0,0.0,0.0,0.0,1.0,1.0,1.0,1.0,2.0,3.0,4.0,inferred
Copeland,2021-04-28,0.0,0.0,0.0,0.0,0.0,0.0,1.0,1.0,1.0,2.0,2.0,3.0,4.5,inferred
Copeland,2021-04-29,0.0,0.0,0.0,0.0,0.0,0.0,1.0,1.0,1.0,1.0,2.0,3.0,4.0,inferred
Copeland,2021-04-30,0.0,0.0,0.0,0.0,0.0,0.0,0.0,1.0,1.0,1.0,2.0,2.0,4.0,inferred
Copeland,2021-05-01,0.0,0.0,0.0,0.0,0.0,0.0,0.0,0.0,1.0,1.0,1.0,2.0,3.0,inferred
Copeland,2021-05-02,0.0,0.0,0.0,0.0,0.0,0.0,0.0,1.0,1.0,1.0,1.0,2.0,4.0,inferred
Copeland,2021-05-03,0.0,0.0,0.0,0.0,0.0,0.0,0.0,1.0,1.0,1.0,2.0,3.0,4.0,inferred
Copeland,2021-05-04,0.0,0.0,0.0,0.0,0.0,0.0,0.0,1.0,1.0,1.0,2.0,2.0,4.0,inferred
Copeland,2021-05-05,0.0,0.0,0.0,0.0,0.0,0.0,0.0,1.0,1.0,1.0,2.0,3.0,4.0,inferred
Copeland,2021-05-06,0.0,0.0,0.0,0.0,0.0,0.0,1.0,1.0,1.0,1.0,2.0,2.0,4.0,inferred
Copeland,2021-05-07,0.0,0.0,0.0,0.0,0.0,0.0,0.0,1.0,1.0,1.0,2.0,2.0,4.0,inferred
Copeland,2021-05-08,0.0,0.0,0.0,0.0,0.0,0.0,0.0,1.0,1.0,1.0,1.0,2.0,4.0,inferred
Copeland,2021-05-09,0.0,0.0,0.0,0.0,0.0,0.0,0.0,1.0,1.0,1.0,2.0,2.0,4.0,inferred
Copeland,2021-05-10,0.0,0.0,0.0,0.0,0.0,0.0,1.0,1.0,1.0,2.0,2.0,3.0,5.0,inferred
Copeland,2021-05-11,0.0,0.0,0.0,0.0,0.0,0.0,1.0,1.0,1.0,2.0,2.0,3.0,4.0,inferred
Copeland,2021-05-12,0.0,0.0,0.0,0.0,0.0,0.0,1.0,1.0,1.0,2.0,2.0,3.0,5.0,inferred
Copeland,2021-05-13,0.0,0.0,0.0,0.0,0.0,0.0,1.0,1.0,1.0,2.0,2.0,3.0,4.0,inferred
Copeland,2021-05-14,0.0,0.0,0.0,0.0,0.0,0.0,1.0,1.0,1.0,1.0,2.0,3.0,4.0,inferred
Copeland,2021-05-15,0.0,0.0,0.0,0.0,0.0,0.0,0.0,1.0,1.0,1.0,1.0,2.0,4.0,inferred
Copeland,2021-05-16,0.0,0.0,0.0,0.0,0.0,0.0,0.0,1.0,1.0,1.0,2.0,2.0,4.0,inferred
Copeland,2021-05-17,0.0,0.0,0.0,0.0,0.0,0.0,1.0,1.0,2.0,2.0,2.0,3.0,5.0,inferred
Copeland,2021-05-18,0.0,0.0,0.0,0.0,0.0,0.0,1.0,1.0,1.0,2.0,2.0,3.0,5.0,inferred
Copeland,2021-05-19,0.0,0.0,0.0,0.0,0.0,0.0,1.0,1.0,2.0,2.0,2.0,3.0,5.0,inferred
Copeland,2021-05-20,0.0,0.0,0.0,0.0,0.0,0.0,1.0,1.0,1.0,2.0,2.0,3.0,5.0,inferred
Copeland,2021-05-21,0.0,0.0,0.0,0.0,0.0,0.0,1.0,1.0,1.0,2.0,2.0,3.0,5.0,inferred
Copeland,2021-05-22,0.0,0.0,0.0,0.0,0.0,0.0,1.0,1.0,1.0,1.0,2.0,3.0,4.0,inferred
Copeland,2021-05-23,0.0,0.0,0.0,0.0,0.0,0.0,1.0,1.0,1.0,2.0,2.0,3.0,4.0,inferred
Copeland,2021-05-24,0.0,0.0,0.0,0.0,0.0,1.0,1.0,1.0,2.0,2.0,3.0,4.0,6.0,inferred
Copeland,2021-05-25,0.0,0.0,0.0,0.0,0.0,1.0,1.0,1.0,2.0,2.0,2.0,3.0,5.0,inferred
Copeland,2021-05-26,0.0,0.0,0.0,0.0,0.0,1.0,1.0,2.0,2.0,2.0,3.0,4.0,6.0,inferred
Copeland,2021-05-27,0.0,0.0,0.0,0.0,0.0,1.0,1.0,2.0,2.0,2.0,3.0,4.0,6.0,inferred
Copeland,2021-05-28,0.0,0.0,0.0,0.0,0.0,1.0,1.0,2.0,2.0,2.0,3.0,4.0,6.0,inferred
Copeland,2021-05-29,0.0,0.0,0.0,0.0,0.0,1.0,1.0,1.0,2.0,2.0,2.0,3.0,5.0,inferred
Copeland,2021-05-30,0.0,0.0,0.0,0.0,0.7,1.0,1.0,1.0,2.0,2.0,3.0,4.0,5.0,inferred
Copeland,2021-05-31,0.0,0.0,0.0,1.0,1.0,1.0,2.0,2.0,3.0,3.0,3.0,4.0,6.0,inferred
Copeland,2021-06-01,0.0,0.0,0.0,1.0,1.0,1.0,2.0,2.0,3.0,3.0,3.0,5.0,7.0,inferred
Copeland,2021-06-02,0.0,0.0,1.0,1.0,1.0,2.0,2.0,3.0,3.0,4.0,4.0,6.0,8.0,inferred
Copeland,2021-06-03,0.0,0.0,1.0,1.0,1.0,2.0,2.0,3.0,3.0,4.0,4.0,5.0,8.0,inferred
Copeland,2021-06-04,0.0,0.0,1.0,1.0,1.0,1.6,2.0,2.0,3.0,3.0,4.0,5.0,7.0,inferred
Copeland,2021-06-05,0.0,0.0,0.0,1.0,1.0,1.0,2.0,2.0,3.0,3.0,3.2,5.0,7.0,inferred
Copeland,2021-06-06,0.0,0.0,1.0,1.0,1.0,2.0,2.0,2.0,3.0,3.0,4.0,5.0,7.0,inferred
Copeland,2021-06-07,0.0,1.0,1.0,2.0,2.0,2.0,3.0,4.0,4.0,5.0,5.0,7.0,10.0,inferred
Copeland,2021-06-08,0.0,1.0,1.0,2.0,2.0,3.0,3.0,4.0,4.0,5.0,5.0,7.0,10.0,inferred
Copeland,2021-06-09,0.0,1.0,2.0,2.0,2.0,3.0,3.0,4.0,5.0,5.0,6.0,7.0,11.0,inferred
Copeland,2021-06-10,0.0,1.0,1.0,2.0,2.0,3.0,3.0,4.0,5.0,5.0,6.0,7.0,9.0,inferred
Copeland,2021-06-11,0.0,1.0,1.0,2.0,2.0,3.0,3.0,4.0,5.0,5.0,6.0,7.0,10.0,inferred
Copeland,2021-06-12,0.0,1.0,1.0,1.0,2.0,2.0,3.0,3.0,4.0,4.0,5.0,6.0,9.0,inferred
Copeland,2021-06-13,0.0,1.0,2.0,2.0,2.0,3.0,3.0,4.0,5.0,5.0,6.0,7.0,9.0,inferred
Copeland,2021-06-14,1.0,2.0,2.0,3.0,3.0,4.0,5.0,5.0,6.0,7.0,7.0,9.0,12.0,inferred
Copeland,2021-06-15,1.0,2.0,3.0,3.0,3.0,4.0,5.0,5.0,6.0,7.0,7.0,9.0,12.0,inferred
Copeland,2021-06-16,1.0,2.0,3.0,3.0,4.0,5.0,5.0,6.0,7.0,8.0,8.0,10.0,13.0,inferred
Copeland,2021-06-17,1.0,2.0,3.0,3.0,4.0,5.0,5.0,6.0,7.0,8.0,8.0,10.0,14.0,inferred
Copeland,2021-06-18,1.0,2.0,3.0,3.0,4.0,4.0,5.0,6.0,7.0,8.0,8.0,10.0,14.0,inferred
Corby,2021-03-06,5.0,7.0,9.0,9.0,10.0,11.0,12.0,13.0,14.0,14.0,15.0,17.0,20.0,inferred
Corby,2021-03-07,7.0,9.9,11.0,12.0,12.0,13.6,15.0,16.0,17.0,18.0,18.0,21.0,23.5,inferred
Corby,2021-03-08,10.0,13.0,15.0,16.0,17.0,18.0,19.0,21.0,22.0,23.0,24.0,26.0,30.0,inferred
Corby,2021-03-09,10.0,13.0,15.0,16.0,16.0,18.0,19.0,20.0,21.0,22.0,23.0,25.0,29.0,inferred
Corby,2021-03-10,12.0,14.0,16.8,17.0,18.0,19.0,21.0,22.0,23.0,24.0,25.0,28.0,31.0,inferred
Corby,2021-03-11,10.0,13.0,15.0,15.0,16.0,17.0,19.0,20.0,21.0,22.0,23.0,25.0,29.0,inferred
Corby,2021-03-12,9.0,12.0,14.0,15.0,15.0,16.0,17.0,19.0,20.0,21.0,22.0,24.0,28.0,inferred
Corby,2021-03-13,7.0,9.0,11.0,12.0,12.0,13.0,14.0,15.0,17.0,17.0,18.0,20.0,24.0,inferred
Corby,2021-03-14,9.0,11.0,13.0,14.0,15.0,16.0,17.0,18.0,20.0,21.0,21.0,23.0,27.0,inferred
Corby,2021-03-15,12.0,15.9,18.0,18.8,19.0,21.0,22.0,23.0,25.0,26.0,27.0,30.0,34.0,inferred
Corby,2021-03-16,12.0,15.0,17.0,18.0,19.0,20.0,21.0,23.0,24.0,25.0,26.0,29.1,33.0,inferred
Corby,2021-03-17,13.0,17.0,19.0,20.0,21.0,22.0,23.0,25.0,27.0,27.0,29.0,31.0,36.0,inferred
Corby,2021-03-18,12.0,15.0,17.0,18.0,19.0,21.0,22.0,24.0,25.0,26.0,27.0,29.0,34.0,inferred
Corby,2021-03-19,11.0,14.0,16.0,17.0,18.0,19.0,20.0,22.0,23.0,24.0,25.0,27.0,31.0,inferred
Corby,2021-03-20,8.0,11.0,13.0,14.0,14.0,15.0,17.0,18.0,19.0,20.0,20.0,23.0,26.0,inferred
Corby,2021-03-21,11.0,13.0,15.0,16.0,17.0,18.0,19.0,21.0,22.0,23.0,24.0,26.0,30.0,inferred
Corby,2021-03-22,14.5,18.0,20.0,21.0,22.0,24.0,25.0,27.0,28.0,29.0,30.0,33.0,37.0,inferred
Corby,2021-03-23,14.0,18.0,20.0,21.0,21.0,23.0,24.0,26.0,27.0,28.0,29.0,32.0,36.0,inferred
Corby,2021-03-24,14.0,18.0,20.0,21.0,22.0,23.0,25.0,26.0,28.0,29.0,30.0,32.0,37.0,inferred
Corby,2021-03-25,12.0,15.0,17.0,17.0,18.0,20.0,21.0,22.0,24.0,24.0,25.0,28.0,31.0,inferred
Corby,2021-03-26,9.0,12.0,14.0,15.0,16.0,17.0,18.0,20.0,21.0,22.0,23.0,25.0,28.0,inferred
Corby,2021-03-27,6.0,9.0,10.0,11.0,11.0,13.0,14.0,15.0,16.0,17.0,18.0,20.0,23.0,inferred
Corby,2021-03-28,7.0,10.0,12.0,12.0,13.0,14.0,15.0,16.0,18.0,18.0,19.0,22.0,25.0,inferred
Corby,2021-03-29,10.0,13.0,15.0,15.0,16.0,17.0,18.0,20.0,21.0,22.0,23.0,26.0,30.0,inferred
Corby,2021-03-30,9.0,11.0,13.0,14.0,15.0,16.0,17.0,18.0,19.0,20.0,21.0,23.0,27.0,inferred
Corby,2021-03-31,8.0,11.0,13.0,14.0,14.0,16.0,17.0,18.0,19.3,20.0,21.0,24.0,28.0,inferred
Corby,2021-04-01,7.0,9.0,11.0,11.0,12.0,13.0,14.0,15.0,16.0,17.0,18.0,20.0,24.0,inferred
Corby,2021-04-02,5.0,7.0,9.0,9.0,10.0,11.0,12.0,13.0,14.0,15.0,15.0,18.0,21.0,inferred
Corby,2021-04-03,3.0,5.0,6.0,7.0,7.0,8.0,9.0,10.0,11.0,11.0,12.0,13.0,16.0,inferred
Corby,2021-04-04,4.0,6.0,7.0,7.0,8.0,9.0,10.0,11.0,12.0,12.2,13.0,15.0,18.0,inferred
Corby,2021-04-05,5.0,7.0,8.0,9.0,10.0,11.0,12.0,13.0,14.0,14.0,15.0,17.0,20.0,inferred
Corby,2021-04-06,4.0,6.0,7.0,8.0,9.0,10.0,11.0,12.0,13.0,13.0,14.0,16.0,19.0,inferred
Corby,2021-04-07,4.0,6.0,7.0,8.0,8.0,9.0,10.0,11.0,12.0,13.0,14.0,15.0,19.0,inferred
Corby,2021-04-08,3.0,5.0,6.0,7.0,7.0,8.0,9.0,9.0,10.3,11.0,12.0,13.0,16.0,inferred
Corby,2021-04-09,2.0,4.0,5.0,5.0,6.0,6.0,7.0,8.0,9.0,9.2,10.0,12.0,14.0,inferred
Corby,2021-04-10,1.0,2.0,3.0,4.0,4.0,5.0,5.0,6.0,7.0,7.0,8.0,9.0,12.0,inferred
Corby,2021-04-11,2.0,3.0,4.0,4.0,5.0,5.0,6.0,7.0,7.0,8.0,8.0,10.0,12.0,inferred
Corby,2021-04-12,2.0,4.0,5.0,5.0,6.0,6.0,7.0,8.0,9.0,9.0,10.0,11.0,14.0,inferred
Corby,2021-04-13,2.0,3.0,4.0,4.0,5.0,6.0,6.0,7.0,8.0,8.0,9.0,10.0,13.0,inferred
Corby,2021-04-14,2.0,3.0,4.0,4.0,5.0,6.0,6.0,7.0,8.0,8.0,9.0,11.0,13.0,inferred
Corby,2021-04-15,1.0,2.0,3.0,4.0,4.0,5.0,5.0,6.0,7.0,7.0,8.0,9.0,11.0,inferred
Corby,2021-04-16,1.0,2.0,3.0,3.0,3.0,4.0,5.0,5.0,6.0,6.0,7.0,8.0,10.0,inferred
Corby,2021-04-17,0.0,1.0,2.0,2.0,2.0,3.0,3.0,4.0,5.0,5.0,5.0,7.0,9.0,inferred
Corby,2021-04-18,0.5,2.0,2.0,3.0,3.0,4.0,4.0,5.0,5.0,6.0,6.0,7.0,9.0,inferred
Corby,2021-04-19,1.0,2.0,3.0,3.0,4.0,4.0,5.0,6.0,7.0,7.0,7.0,9.0,11.0,inferred
Corby,2021-04-20,1.0,2.0,3.0,3.0,4.0,4.0,5.0,5.0,6.0,7.0,7.0,8.0,10.5,inferred
Corby,2021-04-21,1.0,2.0,3.0,3.0,4.0,4.0,5.0,5.0,6.0,7.0,7.0,8.0,11.0,inferred
Corby,2021-04-22,1.0,2.0,2.0,3.0,3.0,4.0,4.0,5.0,6.0,6.0,7.0,8.0,10.0,inferred
Corby,2021-04-23,1.0,1.0,2.0,3.0,3.0,3.0,4.0,4.0,5.0,6.0,6.0,7.0,9.0,inferred
Corby,2021-04-24,0.0,1.0,2.0,2.0,2.0,3.0,3.0,4.0,4.0,5.0,5.0,6.0,8.0,inferred
Corby,2021-04-25,0.0,1.0,2.0,2.0,3.0,3.0,4.0,4.0,5.0,5.0,6.0,7.0,9.0,inferred
Corby,2021-04-26,1.0,2.0,3.0,3.0,3.0,4.0,5.0,5.0,6.0,6.0,7.0,8.0,10.0,inferred
Corby,2021-04-27,1.0,2.0,3.0,3.0,3.0,4.0,4.0,5.0,6.0,6.0,6.0,8.0,10.0,inferred
Corby,2021-04-28,1.0,2.0,3.0,3.0,3.0,4.0,4.0,5.0,6.0,6.0,7.0,8.0,10.0,inferred
Corby,2021-04-29,1.0,1.0,2.0,3.0,3.0,4.0,4.0,5.0,5.0,6.0,6.0,7.0,9.0,inferred
Corby,2021-04-30,0.0,1.0,2.0,2.0,3.0,3.0,4.0,4.0,5.0,5.0,6.0,7.0,8.0,inferred
Corby,2021-05-01,0.0,1.0,1.0,2.0,2.0,2.0,3.0,3.0,4.0,4.0,5.0,6.0,7.0,inferred
Corby,2021-05-02,0.0,1.0,2.0,2.0,2.0,3.0,4.0,4.0,5.0,5.0,6.0,7.0,9.0,inferred
Corby,2021-05-03,1.0,2.0,3.0,3.0,3.0,4.0,5.0,5.0,6.0,6.0,7.0,8.0,11.0,inferred
Corby,2021-05-04,1.0,2.0,3.0,3.0,3.0,4.0,4.0,5.0,6.0,6.0,7.0,8.0,10.0,inferred
Corby,2021-05-05,1.0,2.0,3.0,3.0,3.0,4.0,5.0,5.0,6.0,6.0,7.0,8.0,11.0,inferred
Corby,2021-05-06,1.0,2.0,2.0,3.0,3.0,3.0,4.0,5.0,5.0,6.0,6.0,7.0,9.0,inferred
Corby,2021-05-07,0.0,1.0,2.0,2.0,3.0,3.0,4.0,4.0,5.0,5.0,6.0,7.0,9.0,inferred
Corby,2021-05-08,0.0,1.0,1.0,2.0,2.0,2.0,3.0,3.0,4.0,4.0,4.2,6.0,7.0,inferred
Corby,2021-05-09,0.0,1.0,2.0,2.0,2.0,3.0,3.0,4.0,4.0,5.0,5.0,6.0,8.0,inferred
Corby,2021-05-10,1.0,1.0,2.0,3.0,3.0,4.0,4.0,5.0,5.0,6.0,6.0,7.0,9.0,inferred
Corby,2021-05-11,0.0,1.0,2.0,2.0,3.0,3.0,4.0,4.0,5.0,5.0,6.0,7.0,9.0,inferred
Corby,2021-05-12,0.0,1.0,2.0,2.0,3.0,3.0,4.0,4.0,5.0,5.0,6.0,7.0,9.0,inferred
Corby,2021-05-13,0.0,1.0,2.0,2.0,2.0,3.0,3.0,4.0,4.0,5.0,5.0,6.0,8.0,inferred
Corby,2021-05-14,0.0,1.0,1.0,2.0,2.0,2.0,3.0,3.0,4.0,4.0,5.0,6.0,8.0,inferred
Corby,2021-05-15,0.0,0.0,1.0,1.0,1.0,2.0,2.0,3.0,3.0,3.0,4.0,5.0,6.0,inferred
Corby,2021-05-16,0.0,1.0,1.0,1.0,2.0,2.0,2.0,3.0,3.0,4.0,4.0,5.0,7.0,inferred
Corby,2021-05-17,0.0,1.0,2.0,2.0,2.0,3.0,3.0,4.0,4.0,5.0,5.0,6.0,8.0,inferred
Corby,2021-05-18,0.0,1.0,1.0,2.0,2.0,2.0,3.0,4.0,4.0,4.0,5.0,6.0,8.0,inferred
Corby,2021-05-19,0.0,1.0,1.0,2.0,2.0,2.6,3.0,3.0,4.0,4.0,5.0,6.0,8.0,inferred
Corby,2021-05-20,0.0,1.0,1.0,1.0,2.0,2.0,3.0,3.0,4.0,4.0,4.0,5.0,7.0,inferred
Corby,2021-05-21,0.0,0.0,1.0,1.0,1.0,2.0,2.0,3.0,3.0,4.0,4.0,5.0,7.0,inferred
Corby,2021-05-22,0.0,0.0,1.0,1.0,1.0,2.0,2.0,2.0,3.0,3.0,3.0,4.0,6.0,inferred
Corby,2021-05-23,0.0,0.0,1.0,1.0,1.0,2.0,2.0,3.0,3.0,3.0,4.0,5.0,6.5,inferred
Corby,2021-05-24,0.0,1.0,1.0,2.0,2.0,2.0,3.0,3.0,4.0,4.0,5.0,6.0,8.0,inferred
Corby,2021-05-25,0.0,1.0,1.0,2.0,2.0,2.0,3.0,3.0,4.0,4.0,5.0,6.0,7.0,inferred
Corby,2021-05-26,0.0,1.0,1.0,2.0,2.0,2.0,3.0,3.0,4.0,4.0,5.0,6.0,7.0,inferred
Corby,2021-05-27,0.0,1.0,1.0,1.0,2.0,2.0,3.0,3.0,4.0,4.0,4.0,6.0,7.0,inferred
Corby,2021-05-28,0.0,1.0,1.0,1.0,2.0,2.0,2.0,3.0,3.0,4.0,4.0,5.0,7.0,inferred
Corby,2021-05-29,0.0,0.0,1.0,1.0,1.0,1.0,2.0,2.0,3.0,3.0,3.0,4.0,6.0,inferred
Corby,2021-05-30,0.0,0.0,1.0,1.0,1.0,2.0,2.0,3.0,3.0,3.0,4.0,5.0,6.0,inferred
Corby,2021-05-31,0.0,1.0,1.0,2.0,2.0,2.0,3.0,3.0,4.0,4.0,4.2,5.1,7.0,inferred
Corby,2021-06-01,0.0,1.0,1.0,2.0,2.0,2.0,3.0,3.0,4.0,4.0,4.0,5.0,7.0,inferred
Corby,2021-06-02,0.0,1.0,1.0,2.0,2.0,2.0,3.0,3.0,4.0,4.0,5.0,6.0,8.0,inferred
Corby,2021-06-03,0.0,1.0,1.0,1.0,2.0,2.0,3.0,3.0,4.0,4.0,4.0,5.0,7.0,inferred
Corby,2021-06-04,0.0,1.0,1.0,1.0,1.0,2.0,2.0,3.0,3.0,4.0,4.0,5.0,7.0,inferred
Corby,2021-06-05,0.0,0.0,1.0,1.0,1.0,1.0,2.0,2.0,3.0,3.0,3.0,4.0,6.0,inferred
Corby,2021-06-06,0.0,0.0,1.0,1.0,1.0,2.0,2.0,3.0,3.0,3.0,4.0,5.0,6.0,inferred
Corby,2021-06-07,0.0,1.0,1.0,2.0,2.0,2.0,3.0,3.0,4.0,4.0,5.0,6.0,7.0,inferred
Corby,2021-06-08,0.0,1.0,1.0,2.0,2.0,2.0,3.0,3.0,4.0,4.0,5.0,6.0,8.0,inferred
Corby,2021-06-09,0.0,1.0,1.0,2.0,2.0,3.0,3.0,4.0,4.0,5.0,5.0,6.0,8.0,inferred
Corby,2021-06-10,0.0,1.0,1.0,2.0,2.0,2.0,3.0,3.0,4.0,4.0,5.0,6.0,8.0,inferred
Corby,2021-06-11,0.0,1.0,1.0,1.0,2.0,2.0,3.0,3.0,4.0,4.0,4.2,6.0,7.0,inferred
Corby,2021-06-12,0.0,0.0,1.0,1.0,1.0,2.0,2.0,3.0,3.0,4.0,4.0,5.0,6.0,inferred
Corby,2021-06-13,0.0,1.0,1.0,2.0,2.0,2.0,3.0,3.0,4.0,4.0,4.0,5.0,7.0,inferred
Corby,2021-06-14,1.0,1.0,2.0,2.0,3.0,3.0,4.0,4.0,5.0,5.0,6.0,7.0,9.0,inferred
Corby,2021-06-15,0.0,1.0,2.0,2.0,3.0,3.0,4.0,4.0,5.0,5.0,6.0,7.0,9.0,inferred
Corby,2021-06-16,1.0,1.0,2.0,3.0,3.0,4.0,4.0,5.0,5.0,6.0,6.0,8.0,10.0,inferred
Corby,2021-06-17,0.0,1.0,2.0,2.0,3.0,3.0,4.0,4.0,5.0,5.0,6.0,7.0,10.0,inferred
Corby,2021-06-18,0.0,1.0,2.0,2.0,2.0,3.0,4.0,4.0,5.0,5.0,6.0,7.0,9.0,inferred
Cornwall,2021-03-06,1.0,2.0,4.0,4.0,5.0,6.0,7.0,8.0,9.0,10.0,10.0,13.0,16.0,inferred
Cornwall,2021-03-07,2.0,4.0,6.0,7.0,7.0,8.0,10.0,11.0,12.0,13.0,14.0,17.0,22.0,inferred
Cornwall,2021-03-08,4.0,7.0,8.0,9.0,10.0,11.0,12.0,14.0,15.0,16.0,18.0,21.0,27.5,inferred
Cornwall,2021-03-09,3.0,5.0,7.0,8.0,8.0,10.0,11.0,12.0,14.0,14.2,15.0,18.0,24.0,inferred
Cornwall,2021-03-10,5.0,7.0,9.0,10.0,11.0,12.0,13.0,15.0,16.0,17.0,18.0,22.0,27.0,inferred
Cornwall,2021-03-11,4.0,6.0,8.0,9.0,10.0,11.0,12.0,14.0,15.0,17.0,18.0,21.0,26.0,inferred
Cornwall,2021-03-12,3.0,5.0,7.0,8.0,8.0,10.0,11.0,12.0,13.0,14.0,15.0,18.0,23.0,inferred
Cornwall,2021-03-13,1.5,3.0,5.0,5.0,6.0,7.0,8.0,9.0,10.0,11.0,12.0,15.0,20.0,inferred
Cornwall,2021-03-14,3.0,5.0,7.0,8.0,8.0,10.0,11.0,12.0,14.0,15.0,16.0,19.0,23.0,inferred
Cornwall,2021-03-15,5.0,7.0,9.0,10.0,11.0,12.0,14.0,16.0,17.0,19.0,20.0,23.0,28.0,inferred
Cornwall,2021-03-16,3.5,6.0,8.0,8.0,9.0,10.0,12.0,13.0,15.0,16.0,17.0,20.0,25.0,inferred
Cornwall,2021-03-17,4.5,7.0,10.0,10.0,11.0,13.0,14.0,16.0,17.3,19.0,20.0,23.0,29.0,inferred
Cornwall,2021-03-18,5.0,7.0,9.0,10.0,10.0,12.0,13.0,15.0,17.0,18.0,19.0,22.0,28.0,inferred
Cornwall,2021-03-19,3.0,5.0,7.0,7.0,8.0,9.0,11.0,12.0,14.0,15.0,16.0,19.0,24.0,inferred
Cornwall,2021-03-20,2.0,4.0,5.0,6.0,6.0,7.0,9.0,10.0,11.0,12.0,13.0,15.0,20.0,inferred
Cornwall,2021-03-21,3.0,5.0,8.0,8.0,9.0,10.0,12.0,13.0,15.0,15.0,16.0,19.0,24.5,inferred
Cornwall,2021-03-22,5.0,8.0,10.0,11.0,11.7,13.0,14.0,16.0,18.0,19.0,20.0,24.0,30.0,inferred
Cornwall,2021-03-23,4.0,6.0,8.0,9.0,9.0,11.0,12.0,13.0,15.0,16.0,17.0,20.0,25.0,inferred
Cornwall,2021-03-24,5.0,7.0,9.0,10.0,11.0,12.0,14.0,16.0,17.0,18.0,19.0,23.0,28.0,inferred
Cornwall,2021-03-25,4.0,6.0,8.0,9.0,10.0,11.0,13.0,14.0,16.0,17.0,18.0,21.0,27.5,inferred
Cornwall,2021-03-26,2.0,5.0,6.0,7.0,8.0,9.0,10.0,11.0,13.0,13.2,15.0,17.0,22.5,inferred
Cornwall,2021-03-27,1.0,3.0,4.0,5.0,5.0,6.0,7.0,8.0,10.0,10.0,11.0,14.0,19.0,inferred
Cornwall,2021-03-28,3.0,5.0,6.0,7.0,7.0,8.0,10.0,11.0,12.0,13.0,14.0,17.0,22.0,inferred
Cornwall,2021-03-29,4.0,6.0,7.0,8.0,9.0,10.0,11.5,13.0,14.0,15.0,16.0,19.0,24.0,inferred
Cornwall,2021-03-30,2.0,4.0,6.0,6.0,7.0,8.0,10.0,11.0,12.0,13.0,14.0,17.0,23.0,inferred
Cornwall,2021-03-31,3.0,5.0,7.0,8.0,8.0,10.0,11.0,12.0,14.0,15.0,16.0,18.1,23.0,inferred
Cornwall,2021-04-01,2.0,4.0,6.0,6.0,7.0,8.0,10.0,11.0,12.0,13.0,14.0,17.0,22.0,inferred
Cornwall,2021-04-02,1.0,3.0,4.0,5.0,5.0,7.0,8.0,9.0,10.0,11.0,12.0,14.0,19.0,inferred
Cornwall,2021-04-03,1.0,2.0,3.0,3.0,4.0,5.0,6.0,7.0,8.0,8.0,9.0,11.0,15.0,inferred
Cornwall,2021-04-04,1.0,3.0,4.0,5.0,5.0,6.0,7.0,8.0,9.0,10.0,11.0,14.0,18.0,inferred
Cornwall,2021-04-05,2.0,4.0,5.0,6.0,6.0,8.0,9.0,10.0,11.0,12.0,13.0,16.0,21.0,inferred
Cornwall,2021-04-06,1.0,3.0,4.0,5.0,5.0,6.0,7.0,8.4,10.0,10.0,11.0,14.0,18.0,inferred
Cornwall,2021-04-07,2.0,3.0,5.0,6.0,6.0,7.0,8.0,10.0,11.0,12.0,13.0,15.0,20.0,inferred
Cornwall,2021-04-08,1.0,3.0,4.0,5.0,5.0,7.0,8.0,9.0,10.0,11.0,12.0,14.0,19.0,inferred
Cornwall,2021-04-09,1.0,2.0,3.0,4.0,4.0,5.0,6.0,7.0,8.0,9.0,10.0,12.0,16.0,inferred
Cornwall,2021-04-10,0.0,1.0,2.0,3.0,3.0,4.0,5.0,5.0,7.0,7.0,8.0,10.0,13.0,inferred
Cornwall,2021-04-11,1.0,2.0,3.0,4.0,4.0,5.0,6.0,7.0,9.0,9.2,10.0,13.0,17.0,inferred
Cornwall,2021-04-12,2.0,3.0,4.0,5.0,6.0,7.0,8.0,9.0,11.0,12.0,13.0,15.0,20.0,inferred
Cornwall,2021-04-13,1.0,3.0,4.0,4.0,5.0,6.0,7.0,8.0,9.0,10.0,11.0,13.0,17.0,inferred
Cornwall,2021-04-14,2.0,3.0,5.0,5.0,6.0,7.0,8.0,9.0,11.0,12.0,13.0,15.0,20.0,inferred
Cornwall,2021-04-15,1.0,3.0,4.0,5.0,5.0,6.0,7.0,8.0,10.0,11.0,12.0,14.0,18.0,inferred
Cornwall,2021-04-16,1.0,2.0,3.0,4.0,4.0,5.0,6.0,7.0,8.0,9.0,10.0,12.0,16.0,inferred
Cornwall,2021-04-17,0.0,1.0,2.0,2.0,3.0,3.6,4.0,5.0,6.0,7.0,8.0,10.0,14.0,inferred
Cornwall,2021-04-18,1.0,2.0,3.0,4.0,4.0,5.0,6.0,7.0,8.0,9.0,10.0,12.0,17.0,inferred
Cornwall,2021-04-19,1.0,3.0,4.0,5.0,5.0,6.0,8.0,9.0,10.0,11.0,12.0,15.0,20.0,inferred
Cornwall,2021-04-20,1.0,2.0,3.0,4.0,4.0,5.0,6.0,7.0,8.3,9.0,10.0,12.1,17.0,inferred
Cornwall,2021-04-21,1.0,3.0,4.0,4.0,5.0,6.0,7.0,8.0,10.0,10.0,11.0,14.0,19.0,inferred
Cornwall,2021-04-22,1.0,2.0,3.0,4.0,4.0,5.6,6.0,8.0,9.0,10.0,10.0,13.0,17.0,inferred
Cornwall,2021-04-23,0.0,2.0,3.0,3.0,3.0,4.0,5.0,6.0,7.0,8.0,9.0,11.0,15.0,inferred
Cornwall,2021-04-24,0.0,1.0,2.0,2.0,2.0,3.0,4.0,4.0,5.0,6.0,6.0,8.0,12.0,inferred
Cornwall,2021-04-25,0.0,1.0,2.0,3.0,3.0,4.0,5.0,6.0,7.0,8.0,9.0,11.0,14.5,inferred
Cornwall,2021-04-26,1.0,2.0,3.0,4.0,4.0,5.0,6.0,7.0,9.0,9.0,10.0,13.0,16.0,inferred
Cornwall,2021-04-27,0.0,1.0,3.0,3.0,3.0,4.0,5.0,6.0,7.0,8.0,8.0,11.0,15.0,inferred
Cornwall,2021-04-28,1.0,2.0,3.0,3.0,4.0,5.0,6.0,7.0,8.0,9.0,10.0,12.0,16.5,inferred
Cornwall,2021-04-29,0.0,2.0,3.0,3.0,4.0,4.0,5.0,6.0,7.0,8.0,9.0,11.0,15.0,inferred
Cornwall,2021-04-30,0.0,1.0,2.0,2.0,3.0,4.0,4.0,5.0,6.0,7.0,7.0,9.0,13.0,inferred
Cornwall,2021-05-01,0.0,0.0,1.0,1.0,2.0,2.0,3.0,4.0,5.0,5.0,6.0,8.0,11.5,inferred
Cornwall,2021-05-02,0.0,1.0,2.0,2.0,3.0,3.0,4.0,5.0,6.0,6.0,7.0,9.0,13.0,inferred
Cornwall,2021-05-03,0.0,1.0,2.0,3.0,3.0,4.0,5.0,6.0,7.0,8.0,9.0,11.0,14.0,inferred
Cornwall,2021-05-04,0.0,1.0,2.0,2.0,3.0,3.0,4.0,5.0,6.0,7.0,7.0,10.0,14.0,inferred
Cornwall,2021-05-05,0.0,1.0,2.0,3.0,3.0,4.0,5.0,6.0,7.0,8.0,9.0,11.0,15.0,inferred
Cornwall,2021-05-06,0.0,1.0,2.0,2.0,3.0,3.0,4.0,5.0,6.0,7.0,8.0,10.0,14.0,inferred
Cornwall,2021-05-07,0.0,1.0,1.0,2.0,2.0,3.0,4.0,4.0,5.0,6.0,6.0,8.0,12.0,inferred
Cornwall,2021-05-08,0.0,0.0,1.0,1.0,1.0,2.0,2.0,3.0,4.0,5.0,5.0,7.0,10.0,inferred
Cornwall,2021-05-09,0.0,1.0,1.0,2.0,2.0,3.0,4.0,4.0,6.0,6.0,7.0,9.0,13.0,inferred
Cornwall,2021-05-10,0.0,1.0,2.0,3.0,3.0,4.0,4.0,5.0,6.0,7.0,8.0,10.0,14.0,inferred
Cornwall,2021-05-11,0.0,1.0,1.0,2.0,2.0,3.0,4.0,4.0,5.0,6.0,7.0,9.0,12.0,inferred
Cornwall,2021-05-12,0.0,1.0,2.0,2.0,3.0,3.0,4.0,5.0,6.0,7.0,7.0,10.0,14.0,inferred
Cornwall,2021-05-13,0.0,1.0,2.0,2.0,2.0,3.0,4.0,5.0,6.0,6.0,7.0,9.0,13.0,inferred
Cornwall,2021-05-14,0.0,1.0,1.0,1.0,2.0,2.0,3.0,4.0,5.0,5.0,6.0,8.0,11.0,inferred
Cornwall,2021-05-15,0.0,0.0,1.0,1.0,1.0,1.0,2.0,3.0,3.3,4.0,5.0,6.0,9.0,inferred
Cornwall,2021-05-16,0.0,0.0,1.0,1.0,2.0,2.0,3.0,4.0,5.0,5.0,6.0,8.0,12.0,inferred
Cornwall,2021-05-17,0.0,1.0,2.0,2.0,2.0,3.0,4.0,5.0,6.0,6.0,7.0,9.0,12.0,inferred
Cornwall,2021-05-18,0.0,0.0,1.0,1.0,2.0,2.0,3.0,4.0,5.0,5.0,6.0,8.0,12.0,inferred
Cornwall,2021-05-19,0.0,1.0,2.0,2.0,2.0,3.0,4.0,5.0,6.0,6.0,7.0,9.0,12.0,inferred
Cornwall,2021-05-20,0.0,1.0,1.0,2.0,2.0,3.0,3.0,4.0,5.0,6.0,6.0,8.0,13.0,inferred
Cornwall,2021-05-21,0.0,0.0,1.0,2.0,2.0,2.0,3.0,4.0,5.0,5.0,6.0,7.0,11.0,inferred
Cornwall,2021-05-22,0.0,0.0,0.0,1.0,1.0,1.0,2.0,3.0,3.0,4.0,4.0,6.0,9.0,inferred
Cornwall,2021-05-23,0.0,0.0,1.0,1.0,2.0,2.0,3.0,4.0,5.0,5.0,6.0,8.0,11.0,inferred
Cornwall,2021-05-24,0.0,1.0,1.0,2.0,2.0,3.0,4.0,4.0,5.0,6.0,7.0,8.1,12.0,inferred
Cornwall,2021-05-25,0.0,1.0,1.0,1.0,2.0,2.0,3.0,4.0,5.0,5.0,6.0,8.0,12.0,inferred
Cornwall,2021-05-26,0.0,1.0,2.0,2.0,2.0,3.0,4.0,5.0,6.0,6.0,7.0,9.0,13.0,inferred
Cornwall,2021-05-27,0.0,1.0,2.0,2.0,2.0,3.0,4.0,5.0,6.0,7.0,7.0,9.0,13.0,inferred
Cornwall,2021-05-28,0.0,1.0,1.0,2.0,2.0,3.0,4.0,4.0,5.0,6.0,6.0,9.0,12.5,inferred
Cornwall,2021-05-29,0.0,0.0,1.0,1.0,1.7,2.0,3.0,3.0,4.0,5.0,6.0,7.0,11.0,inferred
Cornwall,2021-05-30,0.0,1.0,2.0,2.0,3.0,4.0,5.0,6.0,7.0,7.0,8.0,10.0,14.0,inferred
Cornwall,2021-05-31,1.0,2.0,3.0,4.0,4.0,5.0,6.0,7.0,9.0,10.0,10.0,12.0,17.0,inferred
Cornwall,2021-06-01,1.0,2.0,4.0,4.0,5.0,6.0,7.0,8.0,9.0,10.0,11.0,13.0,17.5,inferred
Cornwall,2021-06-02,3.0,5.0,6.0,7.0,8.0,9.0,10.0,12.0,13.0,14.0,15.0,18.0,24.0,inferred
Cornwall,2021-06-03,4.0,6.0,8.0,9.0,10.0,11.0,13.0,14.0,16.0,17.0,18.0,20.1,26.0,inferred
Cornwall,2021-06-04,4.0,7.0,9.0,10.0,11.0,12.0,14.0,15.0,17.0,18.0,19.0,22.0,27.0,inferred
Cornwall,2021-06-05,5.0,7.0,9.0,9.0,10.0,11.0,13.0,14.0,16.0,17.0,18.0,21.0,27.0,inferred
Cornwall,2021-06-06,10.0,14.0,17.0,18.0,19.0,20.0,22.0,24.0,27.0,28.0,29.0,34.0,41.0,inferred
Cornwall,2021-06-07,19.0,24.0,28.0,29.0,31.0,33.0,35.0,38.0,41.0,43.0,44.0,49.0,57.5,inferred
Cornwall,2021-06-08,20.0,26.0,30.0,31.0,33.0,35.0,38.0,40.0,43.0,45.0,47.0,52.0,60.0,inferred
Cornwall,2021-06-09,32.5,40.0,44.0,46.0,48.0,51.0,54.0,57.0,60.0,62.0,65.0,70.0,81.0,inferred
Cornwall,2021-06-10,39.0,45.0,50.0,52.0,54.0,58.0,61.0,64.0,68.0,70.0,72.0,78.0,89.0,inferred
Cornwall,2021-06-11,39.0,46.0,51.0,53.0,55.0,58.0,61.0,64.0,67.0,69.0,72.0,78.0,88.0,inferred
Cornwall,2021-06-12,34.0,41.0,45.0,48.0,50.0,53.0,55.0,59.0,62.0,64.0,66.0,72.0,81.0,inferred
Cornwall,2021-06-13,60.0,70.0,76.0,78.0,80.0,85.0,89.0,93.0,97.0,99.0,102.0,110.0,123.0,inferred
Cornwall,2021-06-14,93.0,106.0,115.0,117.0,121.0,125.0,131.0,135.0,140.0,143.0,147.0,157.0,171.0,inferred
Cornwall,2021-06-15,91.0,103.0,110.0,113.0,116.0,121.0,126.0,131.0,136.0,139.0,141.0,150.0,164.0,inferred
Cornwall,2021-06-16,118.5,132.0,141.0,145.0,148.0,154.0,158.0,164.0,170.0,174.0,178.0,189.0,204.0,inferred
Cornwall,2021-06-17,118.5,132.0,141.8,145.0,147.7,152.0,158.0,162.4,169.0,173.0,177.0,186.0,202.0,inferred
Cornwall,2021-06-18,104.0,116.0,125.0,128.0,131.0,137.0,143.0,148.0,155.0,159.0,163.0,173.0,189.5,inferred
Cornwall and Isles of Scilly,2021-03-06,1.0,2.0,4.0,4.0,5.0,6.0,7.0,8.0,9.0,10.0,10.0,13.0,16.0,inferred
Cornwall and Isles of Scilly,2021-03-07,2.0,4.0,6.0,7.0,7.0,8.0,10.0,11.0,12.0,13.0,14.0,17.0,22.0,inferred
Cornwall and Isles of Scilly,2021-03-08,4.0,7.0,8.0,9.0,10.0,11.0,12.0,14.0,15.0,16.0,18.0,21.0,27.5,inferred
Cornwall and Isles of Scilly,2021-03-09,3.0,5.0,7.0,8.0,8.0,10.0,11.0,12.0,14.0,14.2,15.0,18.0,24.0,inferred
Cornwall and Isles of Scilly,2021-03-10,5.0,7.0,9.0,10.0,11.0,12.0,13.0,15.0,16.0,17.0,18.0,22.0,27.0,inferred
Cornwall and Isles of Scilly,2021-03-11,4.0,6.0,8.0,9.0,10.0,11.0,12.0,14.0,15.0,17.0,18.0,21.0,26.0,inferred
Cornwall and Isles of Scilly,2021-03-12,3.0,5.0,7.0,8.0,8.0,10.0,11.0,12.0,13.0,14.0,15.0,18.0,23.0,inferred
Cornwall and Isles of Scilly,2021-03-13,1.5,3.0,5.0,5.0,6.0,7.0,8.0,9.0,10.0,11.0,12.0,15.0,20.0,inferred
Cornwall and Isles of Scilly,2021-03-14,3.0,5.0,7.0,8.0,8.0,10.0,11.0,12.0,14.0,15.0,16.0,19.0,23.0,inferred
Cornwall and Isles of Scilly,2021-03-15,5.0,7.0,9.0,10.0,11.0,12.0,14.0,16.0,17.0,19.0,20.0,23.0,28.0,inferred
Cornwall and Isles of Scilly,2021-03-16,3.5,6.0,8.0,8.0,9.0,10.0,12.0,13.0,15.0,16.0,17.0,20.0,25.0,inferred
Cornwall and Isles of Scilly,2021-03-17,4.5,7.0,10.0,10.0,11.0,13.0,14.0,16.0,17.3,19.0,20.0,23.0,29.0,inferred
Cornwall and Isles of Scilly,2021-03-18,5.0,7.0,9.0,10.0,10.0,12.0,13.0,15.0,17.0,18.0,19.0,22.0,28.0,inferred
Cornwall and Isles of Scilly,2021-03-19,3.0,5.0,7.0,7.0,8.0,9.0,11.0,12.0,14.0,15.0,16.0,19.0,24.0,inferred
Cornwall and Isles of Scilly,2021-03-20,2.0,4.0,5.0,6.0,6.0,7.0,9.0,10.0,11.0,12.0,13.0,15.0,20.0,inferred
Cornwall and Isles of Scilly,2021-03-21,3.0,5.0,8.0,8.0,9.0,10.0,12.0,13.0,15.0,15.0,16.0,19.0,24.5,inferred
Cornwall and Isles of Scilly,2021-03-22,5.0,8.0,10.0,11.0,11.7,13.0,14.0,16.0,18.0,19.0,20.0,24.0,30.0,inferred
Cornwall and Isles of Scilly,2021-03-23,4.0,6.0,8.0,9.0,9.0,11.0,12.0,13.0,15.0,16.0,17.0,20.0,25.0,inferred
Cornwall and Isles of Scilly,2021-03-24,5.0,7.0,9.0,10.0,11.0,12.0,14.0,16.0,17.0,18.0,19.0,23.0,28.0,inferred
Cornwall and Isles of Scilly,2021-03-25,4.0,6.0,8.0,9.0,10.0,11.0,13.0,14.0,16.0,17.0,18.0,21.0,27.5,inferred
Cornwall and Isles of Scilly,2021-03-26,2.0,5.0,6.0,7.0,8.0,9.0,10.0,11.0,13.0,13.2,15.0,17.0,22.5,inferred
Cornwall and Isles of Scilly,2021-03-27,1.0,3.0,4.0,5.0,5.0,6.0,7.0,8.0,10.0,10.0,11.0,14.0,19.0,inferred
Cornwall and Isles of Scilly,2021-03-28,3.0,5.0,6.0,7.0,7.0,8.0,10.0,11.0,12.0,13.0,14.0,17.0,22.0,inferred
Cornwall and Isles of Scilly,2021-03-29,4.0,6.0,7.0,8.0,9.0,10.0,11.5,13.0,14.0,15.0,16.0,19.0,24.0,inferred
Cornwall and Isles of Scilly,2021-03-30,2.0,4.0,6.0,6.0,7.0,8.0,10.0,11.0,12.0,13.0,14.0,17.0,23.0,inferred
Cornwall and Isles of Scilly,2021-03-31,3.0,5.0,7.0,8.0,8.0,10.0,11.0,12.0,14.0,15.0,16.0,18.1,23.0,inferred
Cornwall and Isles of Scilly,2021-04-01,2.0,4.0,6.0,6.0,7.0,8.0,10.0,11.0,12.0,13.0,14.0,17.0,22.0,inferred
Cornwall and Isles of Scilly,2021-04-02,1.0,3.0,4.0,5.0,5.0,7.0,8.0,9.0,10.0,11.0,12.0,14.0,19.0,inferred
Cornwall and Isles of Scilly,2021-04-03,1.0,2.0,3.0,3.0,4.0,5.0,6.0,7.0,8.0,8.0,9.0,11.0,15.0,inferred
Cornwall and Isles of Scilly,2021-04-04,1.0,3.0,4.0,5.0,5.0,6.0,7.0,8.0,9.0,10.0,11.0,14.0,18.0,inferred
Cornwall and Isles of Scilly,2021-04-05,2.0,4.0,5.0,6.0,6.0,8.0,9.0,10.0,11.0,12.0,13.0,16.0,21.0,inferred
Cornwall and Isles of Scilly,2021-04-06,1.0,3.0,4.0,5.0,5.0,6.0,7.0,8.4,10.0,10.0,11.0,14.0,18.0,inferred
Cornwall and Isles of Scilly,2021-04-07,2.0,3.0,5.0,6.0,6.0,7.0,8.0,10.0,11.0,12.0,13.0,15.0,20.0,inferred
Cornwall and Isles of Scilly,2021-04-08,1.0,3.0,4.0,5.0,5.0,7.0,8.0,9.0,10.0,11.0,12.0,14.0,19.0,inferred
Cornwall and Isles of Scilly,2021-04-09,1.0,2.0,3.0,4.0,4.0,5.0,6.0,7.0,8.0,9.0,10.0,12.0,16.0,inferred
Cornwall and Isles of Scilly,2021-04-10,0.0,1.0,2.0,3.0,3.0,4.0,5.0,5.0,7.0,7.0,8.0,10.0,13.0,inferred
Cornwall and Isles of Scilly,2021-04-11,1.0,2.0,3.0,4.0,4.0,5.0,6.0,7.0,9.0,9.2,10.0,13.0,17.0,inferred
Cornwall and Isles of Scilly,2021-04-12,2.0,3.0,4.0,5.0,6.0,7.0,8.0,9.0,11.0,12.0,13.0,15.0,20.0,inferred
Cornwall and Isles of Scilly,2021-04-13,1.0,3.0,4.0,4.0,5.0,6.0,7.0,8.0,9.0,10.0,11.0,13.0,17.0,inferred
Cornwall and Isles of Scilly,2021-04-14,2.0,3.0,5.0,5.0,6.0,7.0,8.0,9.0,11.0,12.0,13.0,15.0,20.0,inferred
Cornwall and Isles of Scilly,2021-04-15,1.0,3.0,4.0,5.0,5.0,6.0,7.0,8.0,10.0,11.0,12.0,14.0,18.0,inferred
Cornwall and Isles of Scilly,2021-04-16,1.0,2.0,3.0,4.0,4.0,5.0,6.0,7.0,8.0,9.0,10.0,12.0,16.0,inferred
Cornwall and Isles of Scilly,2021-04-17,0.0,1.0,2.0,2.0,3.0,3.6,4.0,5.0,6.0,7.0,8.0,10.0,14.0,inferred
Cornwall and Isles of Scilly,2021-04-18,1.0,2.0,3.0,4.0,4.0,5.0,6.0,7.0,8.0,9.0,10.0,12.0,17.0,inferred
Cornwall and Isles of Scilly,2021-04-19,1.0,3.0,4.0,5.0,5.0,6.0,8.0,9.0,10.0,11.0,12.0,15.0,20.0,inferred
Cornwall and Isles of Scilly,2021-04-20,1.0,2.0,3.0,4.0,4.0,5.0,6.0,7.0,8.3,9.0,10.0,12.1,17.0,inferred
Cornwall and Isles of Scilly,2021-04-21,1.0,3.0,4.0,4.0,5.0,6.0,7.0,8.0,10.0,10.0,11.0,14.0,19.0,inferred
Cornwall and Isles of Scilly,2021-04-22,1.0,2.0,3.0,4.0,4.0,5.6,6.0,8.0,9.0,10.0,10.0,13.0,17.0,inferred
Cornwall and Isles of Scilly,2021-04-23,0.0,2.0,3.0,3.0,3.0,4.0,5.0,6.0,7.0,8.0,9.0,11.0,15.0,inferred
Cornwall and Isles of Scilly,2021-04-24,0.0,1.0,2.0,2.0,2.0,3.0,4.0,4.0,5.0,6.0,6.0,8.0,12.0,inferred
Cornwall and Isles of Scilly,2021-04-25,0.0,1.0,2.0,3.0,3.0,4.0,5.0,6.0,7.0,8.0,9.0,11.0,14.5,inferred
Cornwall and Isles of Scilly,2021-04-26,1.0,2.0,3.0,4.0,4.0,5.0,6.0,7.0,9.0,9.0,10.0,13.0,16.0,inferred
Cornwall and Isles of Scilly,2021-04-27,0.0,1.0,3.0,3.0,3.0,4.0,5.0,6.0,7.0,8.0,8.0,11.0,15.0,inferred
Cornwall and Isles of Scilly,2021-04-28,1.0,2.0,3.0,3.0,4.0,5.0,6.0,7.0,8.0,9.0,10.0,12.0,16.5,inferred
Cornwall and Isles of Scilly,2021-04-29,0.0,2.0,3.0,3.0,4.0,4.0,5.0,6.0,7.0,8.0,9.0,11.0,15.0,inferred
Cornwall and Isles of Scilly,2021-04-30,0.0,1.0,2.0,2.0,3.0,4.0,4.0,5.0,6.0,7.0,7.0,9.0,13.0,inferred
Cornwall and Isles of Scilly,2021-05-01,0.0,0.0,1.0,1.0,2.0,2.0,3.0,4.0,5.0,5.0,6.0,8.0,11.5,inferred
Cornwall and Isles of Scilly,2021-05-02,0.0,1.0,2.0,2.0,3.0,3.0,4.0,5.0,6.0,6.0,7.0,9.0,13.0,inferred
Cornwall and Isles of Scilly,2021-05-03,0.0,1.0,2.0,3.0,3.0,4.0,5.0,6.0,7.0,8.0,9.0,11.0,14.0,inferred
Cornwall and Isles of Scilly,2021-05-04,0.0,1.0,2.0,2.0,3.0,3.0,4.0,5.0,6.0,7.0,7.0,10.0,14.0,inferred
Cornwall and Isles of Scilly,2021-05-05,0.0,1.0,2.0,3.0,3.0,4.0,5.0,6.0,7.0,8.0,9.0,11.0,15.0,inferred
Cornwall and Isles of Scilly,2021-05-06,0.0,1.0,2.0,2.0,3.0,3.0,4.0,5.0,6.0,7.0,8.0,10.0,14.0,inferred
Cornwall and Isles of Scilly,2021-05-07,0.0,1.0,1.0,2.0,2.0,3.0,4.0,4.0,5.0,6.0,6.0,8.0,12.0,inferred
Cornwall and Isles of Scilly,2021-05-08,0.0,0.0,1.0,1.0,1.0,2.0,2.0,3.0,4.0,5.0,5.0,7.0,10.0,inferred
Cornwall and Isles of Scilly,2021-05-09,0.0,1.0,1.0,2.0,2.0,3.0,4.0,4.0,6.0,6.0,7.0,9.0,13.0,inferred
Cornwall and Isles of Scilly,2021-05-10,0.0,1.0,2.0,3.0,3.0,4.0,4.0,5.0,6.0,7.0,8.0,10.0,14.0,inferred
Cornwall and Isles of Scilly,2021-05-11,0.0,1.0,1.0,2.0,2.0,3.0,4.0,4.0,5.0,6.0,7.0,9.0,12.0,inferred
Cornwall and Isles of Scilly,2021-05-12,0.0,1.0,2.0,2.0,3.0,3.0,4.0,5.0,6.0,7.0,7.0,10.0,14.0,inferred
Cornwall and Isles of Scilly,2021-05-13,0.0,1.0,2.0,2.0,2.0,3.0,4.0,5.0,6.0,6.0,7.0,9.0,13.0,inferred
Cornwall and Isles of Scilly,2021-05-14,0.0,1.0,1.0,1.0,2.0,2.0,3.0,4.0,5.0,5.0,6.0,8.0,11.0,inferred
Cornwall and Isles of Scilly,2021-05-15,0.0,0.0,1.0,1.0,1.0,1.0,2.0,3.0,3.3,4.0,5.0,6.0,9.0,inferred
Cornwall and Isles of Scilly,2021-05-16,0.0,0.0,1.0,1.0,2.0,2.0,3.0,4.0,5.0,5.0,6.0,8.0,12.0,inferred
Cornwall and Isles of Scilly,2021-05-17,0.0,1.0,2.0,2.0,2.0,3.0,4.0,5.0,6.0,6.0,7.0,9.0,12.0,inferred
Cornwall and Isles of Scilly,2021-05-18,0.0,0.0,1.0,1.0,2.0,2.0,3.0,4.0,5.0,5.0,6.0,8.0,12.0,inferred
Cornwall and Isles of Scilly,2021-05-19,0.0,1.0,2.0,2.0,2.0,3.0,4.0,5.0,6.0,6.0,7.0,9.0,12.0,inferred
Cornwall and Isles of Scilly,2021-05-20,0.0,1.0,1.0,2.0,2.0,3.0,3.0,4.0,5.0,6.0,6.0,8.0,13.0,inferred
Cornwall and Isles of Scilly,2021-05-21,0.0,0.0,1.0,2.0,2.0,2.0,3.0,4.0,5.0,5.0,6.0,7.0,11.0,inferred
Cornwall and Isles of Scilly,2021-05-22,0.0,0.0,0.0,1.0,1.0,1.0,2.0,3.0,3.0,4.0,4.0,6.0,9.0,inferred
Cornwall and Isles of Scilly,2021-05-23,0.0,0.0,1.0,1.0,2.0,2.0,3.0,4.0,5.0,5.0,6.0,8.0,11.0,inferred
Cornwall and Isles of Scilly,2021-05-24,0.0,1.0,1.0,2.0,2.0,3.0,4.0,4.0,5.0,6.0,7.0,8.1,12.0,inferred
Cornwall and Isles of Scilly,2021-05-25,0.0,1.0,1.0,1.0,2.0,2.0,3.0,4.0,5.0,5.0,6.0,8.0,12.0,inferred
Cornwall and Isles of Scilly,2021-05-26,0.0,1.0,2.0,2.0,2.0,3.0,4.0,5.0,6.0,6.0,7.0,9.0,13.0,inferred
Cornwall and Isles of Scilly,2021-05-27,0.0,1.0,2.0,2.0,2.0,3.0,4.0,5.0,6.0,7.0,7.0,9.0,13.0,inferred
Cornwall and Isles of Scilly,2021-05-28,0.0,1.0,1.0,2.0,2.0,3.0,4.0,4.0,5.0,6.0,6.0,9.0,12.5,inferred
Cornwall and Isles of Scilly,2021-05-29,0.0,0.0,1.0,1.0,1.7,2.0,3.0,3.0,4.0,5.0,6.0,7.0,11.0,inferred
Cornwall and Isles of Scilly,2021-05-30,0.0,1.0,2.0,2.0,3.0,4.0,5.0,6.0,7.0,7.0,8.0,10.0,14.0,inferred
Cornwall and Isles of Scilly,2021-05-31,1.0,2.0,3.0,4.0,4.0,5.0,6.0,7.0,9.0,10.0,10.0,12.0,17.0,inferred
Cornwall and Isles of Scilly,2021-06-01,1.0,2.0,4.0,4.0,5.0,6.0,7.0,8.0,9.0,10.0,11.0,13.0,17.5,inferred
Cornwall and Isles of Scilly,2021-06-02,3.0,5.0,6.0,7.0,8.0,9.0,10.0,12.0,13.0,14.0,15.0,18.0,24.0,inferred
Cornwall and Isles of Scilly,2021-06-03,4.0,6.0,8.0,9.0,10.0,11.0,13.0,14.0,16.0,17.0,18.0,20.1,26.0,inferred
Cornwall and Isles of Scilly,2021-06-04,4.0,7.0,9.0,10.0,11.0,12.0,14.0,15.0,17.0,18.0,19.0,22.0,27.0,inferred
Cornwall and Isles of Scilly,2021-06-05,5.0,7.0,9.0,9.0,10.0,11.0,13.0,14.0,16.0,17.0,18.0,21.0,27.0,inferred
Cornwall and Isles of Scilly,2021-06-06,10.0,14.0,17.0,18.0,19.0,20.0,22.0,24.0,27.0,28.0,29.0,34.0,41.0,inferred
Cornwall and Isles of Scilly,2021-06-07,19.0,24.0,28.0,29.0,31.0,33.0,35.0,38.0,41.0,43.0,44.0,49.0,57.5,inferred
Cornwall and Isles of Scilly,2021-06-08,20.0,26.0,30.0,31.0,33.0,35.0,38.0,40.0,43.0,45.0,47.0,52.0,60.0,inferred
Cornwall and Isles of Scilly,2021-06-09,32.5,40.0,44.0,46.0,48.0,51.0,54.0,57.0,60.0,62.0,65.0,70.0,81.0,inferred
Cornwall and Isles of Scilly,2021-06-10,39.0,45.0,50.0,52.0,54.0,58.0,61.0,64.0,68.0,70.0,72.0,78.0,89.0,inferred
Cornwall and Isles of Scilly,2021-06-11,39.0,46.0,51.0,53.0,55.0,58.0,61.0,64.0,67.0,69.0,72.0,78.0,88.0,inferred
Cornwall and Isles of Scilly,2021-06-12,34.0,41.0,45.0,48.0,50.0,53.0,55.0,59.0,62.0,64.0,66.0,72.0,81.0,inferred
Cornwall and Isles of Scilly,2021-06-13,60.0,70.0,76.0,78.0,80.0,85.0,89.0,93.0,97.0,99.0,102.0,110.0,123.0,inferred
Cornwall and Isles of Scilly,2021-06-14,93.0,106.0,115.0,117.0,121.0,125.0,131.0,135.0,140.0,143.0,147.0,157.0,171.0,inferred
Cornwall and Isles of Scilly,2021-06-15,91.0,103.0,110.0,113.0,116.0,121.0,126.0,131.0,136.0,139.0,141.0,150.0,164.0,inferred
Cornwall and Isles of Scilly,2021-06-16,118.5,132.0,141.0,145.0,148.0,154.0,158.0,164.0,170.0,174.0,178.0,189.0,204.0,inferred
Cornwall and Isles of Scilly,2021-06-17,118.5,132.0,141.8,145.0,147.7,152.0,158.0,162.4,169.0,173.0,177.0,186.0,202.0,inferred
Cornwall and Isles of Scilly,2021-06-18,104.0,116.0,125.0,128.0,131.0,137.0,143.0,148.0,155.0,159.0,163.0,173.0,189.5,inferred
Cotswold,2021-03-06,0.0,0.0,0.0,0.0,0.0,1.0,1.0,1.0,2.0,2.0,2.0,3.0,4.0,inferred
Cotswold,2021-03-07,0.0,0.0,0.0,0.0,1.0,1.0,1.0,2.0,2.0,2.0,3.0,3.0,5.0,inferred
Cotswold,2021-03-08,0.0,0.0,0.0,1.0,1.0,1.0,2.0,2.0,2.0,3.0,3.0,4.0,5.0,inferred
Cotswold,2021-03-09,0.0,0.0,0.0,0.0,1.0,1.0,1.0,2.0,2.0,2.0,2.0,3.0,5.0,inferred
Cotswold,2021-03-10,0.0,0.0,0.0,1.0,1.0,1.0,1.0,2.0,2.0,3.0,3.0,4.0,6.0,inferred
Cotswold,2021-03-11,0.0,0.0,0.0,1.0,1.0,1.0,1.0,2.0,2.0,2.0,3.0,3.1,5.0,inferred
Cotswold,2021-03-12,0.0,0.0,0.0,0.0,0.0,1.0,1.0,1.0,2.0,2.0,2.0,3.0,4.0,inferred
Cotswold,2021-03-13,0.0,0.0,0.0,0.0,0.0,1.0,1.0,1.0,1.0,2.0,2.0,3.0,4.0,inferred
Cotswold,2021-03-14,0.0,0.0,0.0,0.0,0.0,1.0,1.0,1.0,2.0,2.0,2.0,3.0,4.0,inferred
Cotswold,2021-03-15,0.0,0.0,0.0,0.8,1.0,1.0,1.0,2.0,2.0,2.0,3.0,3.0,5.0,inferred
Cotswold,2021-03-16,0.0,0.0,0.0,0.0,0.0,1.0,1.0,1.0,2.0,2.0,2.0,3.0,4.0,inferred
Cotswold,2021-03-17,0.0,0.0,0.0,0.0,1.0,1.0,1.0,2.0,2.0,2.0,3.0,3.0,5.0,inferred
Cotswold,2021-03-18,0.0,0.0,0.0,0.0,1.0,1.0,1.0,1.0,2.0,2.0,2.0,3.0,5.0,inferred
Cotswold,2021-03-19,0.0,0.0,0.0,0.0,0.0,1.0,1.0,1.0,2.0,2.0,2.0,3.0,4.0,inferred
Cotswold,2021-03-20,0.0,0.0,0.0,0.0,0.0,0.0,1.0,1.0,1.0,1.0,2.0,2.0,3.0,inferred
Cotswold,2021-03-21,0.0,0.0,0.0,0.0,0.0,1.0,1.0,1.0,2.0,2.0,2.0,3.0,4.0,inferred
Cotswold,2021-03-22,0.0,0.0,0.0,0.0,1.0,1.0,1.0,1.0,2.0,2.0,2.0,3.0,5.0,inferred
Cotswold,2021-03-23,0.0,0.0,0.0,0.0,0.0,1.0,1.0,1.0,1.0,2.0,2.0,3.0,4.0,inferred
Cotswold,2021-03-24,0.0,0.0,0.0,0.0,1.0,1.0,1.0,1.0,2.0,2.0,2.0,3.0,5.0,inferred
Cotswold,2021-03-25,0.0,0.0,0.0,0.0,0.0,1.0,1.0,1.0,2.0,2.0,2.0,3.0,5.0,inferred
Cotswold,2021-03-26,0.0,0.0,0.0,0.0,0.0,1.0,1.0,1.0,1.0,2.0,2.0,3.0,4.0,inferred
Cotswold,2021-03-27,0.0,0.0,0.0,0.0,0.0,0.0,1.0,1.0,1.0,1.0,2.0,2.0,3.0,inferred
Cotswold,2021-03-28,0.0,0.0,0.0,0.0,0.0,1.0,1.0,1.0,2.0,2.0,2.0,3.0,4.0,inferred
Cotswold,2021-03-29,0.0,0.0,0.0,0.0,0.0,1.0,1.0,1.0,2.0,2.0,2.0,3.0,5.0,inferred
Cotswold,2021-03-30,0.0,0.0,0.0,0.0,0.0,1.0,1.0,1.0,2.0,2.0,2.0,3.0,4.0,inferred
Cotswold,2021-03-31,0.0,0.0,0.0,0.0,0.0,1.0,1.0,1.0,2.0,2.0,2.0,3.0,5.0,inferred
Cotswold,2021-04-01,0.0,0.0,0.0,0.0,0.0,1.0,1.0,1.0,2.0,2.0,2.0,3.0,5.0,inferred
Cotswold,2021-04-02,0.0,0.0,0.0,0.0,0.0,0.0,1.0,1.0,1.0,2.0,2.0,2.0,4.0,inferred
Cotswold,2021-04-03,0.0,0.0,0.0,0.0,0.0,0.0,0.0,1.0,1.0,1.0,1.0,2.0,3.0,inferred
Cotswold,2021-04-04,0.0,0.0,0.0,0.0,0.0,0.0,1.0,1.0,1.0,1.0,2.0,2.0,4.0,inferred
Cotswold,2021-04-05,0.0,0.0,0.0,0.0,0.0,1.0,1.0,1.0,2.0,2.0,2.0,3.0,4.0,inferred
Cotswold,2021-04-06,0.0,0.0,0.0,0.0,0.0,0.0,1.0,1.0,1.0,1.0,2.0,3.0,4.0,inferred
Cotswold,2021-04-07,0.0,0.0,0.0,0.0,0.0,1.0,1.0,1.0,1.0,2.0,2.0,3.0,4.0,inferred
Cotswold,2021-04-08,0.0,0.0,0.0,0.0,0.0,0.0,1.0,1.0,1.0,2.0,2.0,3.0,4.0,inferred
Cotswold,2021-04-09,0.0,0.0,0.0,0.0,0.0,0.0,1.0,1.0,1.0,2.0,2.0,2.0,4.0,inferred
Cotswold,2021-04-10,0.0,0.0,0.0,0.0,0.0,0.0,0.0,1.0,1.0,1.0,1.0,2.0,3.0,inferred
Cotswold,2021-04-11,0.0,0.0,0.0,0.0,0.0,0.0,1.0,1.0,1.0,2.0,2.0,2.0,4.0,inferred
Cotswold,2021-04-12,0.0,0.0,0.0,0.0,0.0,1.0,1.0,1.0,2.0,2.0,2.0,3.0,4.0,inferred
Cotswold,2021-04-13,0.0,0.0,0.0,0.0,0.0,1.0,1.0,1.0,1.0,2.0,2.0,3.0,4.0,inferred
Cotswold,2021-04-14,0.0,0.0,0.0,0.0,0.0,1.0,1.0,1.0,2.0,2.0,2.0,3.0,5.0,inferred
Cotswold,2021-04-15,0.0,0.0,0.0,0.0,0.0,1.0,1.0,1.0,2.0,2.0,2.0,3.0,5.0,inferred
Cotswold,2021-04-16,0.0,0.0,0.0,0.0,0.0,1.0,1.0,1.0,2.0,2.0,2.0,3.0,4.0,inferred
Cotswold,2021-04-17,0.0,0.0,0.0,0.0,0.0,0.0,1.0,1.0,1.0,1.0,2.0,2.0,4.0,inferred
Cotswold,2021-04-18,0.0,0.0,0.0,0.0,0.0,1.0,1.0,1.0,2.0,2.0,2.0,3.0,5.0,inferred
Cotswold,2021-04-19,0.0,0.0,0.0,0.0,1.0,1.0,1.0,2.0,2.0,3.0,3.0,4.0,5.0,inferred
Cotswold,2021-04-20,0.0,0.0,0.0,0.0,1.0,1.0,1.0,2.0,2.0,2.0,2.0,3.0,5.0,inferred
Cotswold,2021-04-21,0.0,0.0,0.0,1.0,1.0,1.0,1.0,2.0,2.0,3.0,3.0,4.0,5.0,inferred
Cotswold,2021-04-22,0.0,0.0,0.0,1.0,1.0,1.0,1.0,2.0,2.0,2.0,3.0,4.0,5.0,inferred
Cotswold,2021-04-23,0.0,0.0,0.0,0.0,0.0,1.0,1.0,1.0,2.0,2.0,2.0,3.0,4.0,inferred
Cotswold,2021-04-24,0.0,0.0,0.0,0.0,0.0,0.0,1.0,1.0,1.0,2.0,2.0,3.0,4.0,inferred
Cotswold,2021-04-25,0.0,0.0,0.0,0.0,0.0,1.0,1.0,1.0,2.0,2.0,2.0,3.0,5.0,inferred
Cotswold,2021-04-26,0.0,0.0,0.0,0.0,1.0,1.0,1.0,2.0,2.0,2.0,3.0,3.0,5.0,inferred
Cotswold,2021-04-27,0.0,0.0,0.0,0.0,0.0,1.0,1.0,1.0,2.0,2.0,2.0,3.0,4.0,inferred
Cotswold,2021-04-28,0.0,0.0,0.0,0.0,1.0,1.0,1.0,2.0,2.0,2.0,2.0,3.0,5.0,inferred
Cotswold,2021-04-29,0.0,0.0,0.0,0.0,1.0,1.0,1.0,1.0,2.0,2.0,2.0,3.0,5.0,inferred
Cotswold,2021-04-30,0.0,0.0,0.0,0.0,0.0,1.0,1.0,1.0,2.0,2.0,2.0,3.0,4.0,inferred
Cotswold,2021-05-01,0.0,0.0,0.0,0.0,0.0,0.0,1.0,1.0,1.0,1.0,2.0,2.0,3.0,inferred
Cotswold,2021-05-02,0.0,0.0,0.0,0.0,0.0,1.0,1.0,1.0,1.0,2.0,2.0,3.0,4.0,inferred
Cotswold,2021-05-03,0.0,0.0,0.0,0.0,0.0,1.0,1.0,1.0,2.0,2.0,2.0,3.0,4.0,inferred
Cotswold,2021-05-04,0.0,0.0,0.0,0.0,0.0,1.0,1.0,1.0,2.0,2.0,2.0,3.0,4.0,inferred
Cotswold,2021-05-05,0.0,0.0,0.0,0.0,0.0,1.0,1.0,1.0,2.0,2.0,2.0,3.0,5.0,inferred
Cotswold,2021-05-06,0.0,0.0,0.0,0.0,0.0,1.0,1.0,1.0,2.0,2.0,2.0,3.0,5.0,inferred
Cotswold,2021-05-07,0.0,0.0,0.0,0.0,0.0,1.0,1.0,1.0,1.0,2.0,2.0,3.0,4.0,inferred
Cotswold,2021-05-08,0.0,0.0,0.0,0.0,0.0,0.0,0.0,1.0,1.0,1.0,1.0,2.0,3.0,inferred
Cotswold,2021-05-09,0.0,0.0,0.0,0.0,0.0,1.0,1.0,1.0,2.0,2.0,2.0,3.0,4.0,inferred
Cotswold,2021-05-10,0.0,0.0,0.0,0.0,0.0,1.0,1.0,1.0,2.0,2.0,2.0,3.0,5.0,inferred
Cotswold,2021-05-11,0.0,0.0,0.0,0.0,0.0,1.0,1.0,1.0,2.0,2.0,2.0,3.0,4.0,inferred
Cotswold,2021-05-12,0.0,0.0,0.0,0.0,0.0,1.0,1.0,1.0,2.0,2.0,2.0,3.0,5.0,inferred
Cotswold,2021-05-13,0.0,0.0,0.0,0.0,0.0,1.0,1.0,1.0,2.0,2.0,2.0,3.0,4.0,inferred
Cotswold,2021-05-14,0.0,0.0,0.0,0.0,0.0,0.0,1.0,1.0,1.0,2.0,2.0,3.0,4.0,inferred
Cotswold,2021-05-15,0.0,0.0,0.0,0.0,0.0,0.0,0.0,1.0,1.0,1.0,2.0,2.0,3.0,inferred
Cotswold,2021-05-16,0.0,0.0,0.0,0.0,0.0,1.0,1.0,1.0,2.0,2.0,2.0,3.0,4.0,inferred
Cotswold,2021-05-17,0.0,0.0,0.0,0.0,0.0,1.0,1.0,1.0,2.0,2.0,2.0,3.0,5.0,inferred
Cotswold,2021-05-18,0.0,0.0,0.0,0.0,0.0,1.0,1.0,1.0,2.0,2.0,2.0,3.0,4.0,inferred
Cotswold,2021-05-19,0.0,0.0,0.0,0.0,0.0,1.0,1.0,1.0,2.0,2.0,2.0,3.0,5.0,inferred
Cotswold,2021-05-20,0.0,0.0,0.0,0.0,0.0,1.0,1.0,1.0,2.0,2.0,2.0,3.0,4.0,inferred
Cotswold,2021-05-21,0.0,0.0,0.0,0.0,0.0,1.0,1.0,1.0,2.0,2.0,2.0,3.0,4.0,inferred
Cotswold,2021-05-22,0.0,0.0,0.0,0.0,0.0,0.0,1.0,1.0,1.0,1.0,2.0,2.0,4.0,inferred
Cotswold,2021-05-23,0.0,0.0,0.0,0.0,0.0,1.0,1.0,1.0,2.0,2.0,2.0,3.0,4.0,inferred
Cotswold,2021-05-24,0.0,0.0,0.0,0.0,1.0,1.0,1.0,2.0,2.0,2.0,3.0,4.0,5.0,inferred
Cotswold,2021-05-25,0.0,0.0,0.0,0.0,0.0,1.0,1.0,1.0,2.0,2.0,2.0,3.0,5.0,inferred
Cotswold,2021-05-26,0.0,0.0,0.0,1.0,1.0,1.0,1.0,2.0,2.0,2.0,3.0,4.0,5.0,inferred
Cotswold,2021-05-27,0.0,0.0,0.0,1.0,1.0,1.0,1.0,2.0,2.0,2.0,3.0,4.0,5.0,inferred
Cotswold,2021-05-28,0.0,0.0,0.0,0.0,1.0,1.0,1.0,2.0,2.0,2.0,2.0,3.0,5.0,inferred
Cotswold,2021-05-29,0.0,0.0,0.0,0.0,0.0,1.0,1.0,1.0,2.0,2.0,2.0,3.0,4.0,inferred
Cotswold,2021-05-30,0.0,0.0,1.0,1.0,1.0,1.0,2.0,2.0,3.0,3.0,3.0,4.0,6.0,inferred
Cotswold,2021-05-31,0.0,0.0,1.0,1.0,1.0,2.0,2.0,3.0,3.0,4.0,4.0,5.0,7.0,inferred
Cotswold,2021-06-01,0.0,0.0,1.0,1.0,1.0,2.0,2.0,3.0,3.0,3.0,4.0,5.0,7.0,inferred
Cotswold,2021-06-02,0.0,1.0,1.0,2.0,2.0,2.0,3.0,3.0,4.0,4.0,5.0,6.0,8.0,inferred
Cotswold,2021-06-03,0.0,1.0,1.0,2.0,2.0,2.0,3.0,3.0,4.0,4.0,5.0,6.0,8.0,inferred
Cotswold,2021-06-04,0.0,0.0,1.0,1.0,2.0,2.0,2.0,3.0,4.0,4.0,4.0,5.0,7.0,inferred
Cotswold,2021-06-05,0.0,0.0,1.0,1.0,1.0,1.0,2.0,2.0,3.0,3.0,3.0,4.0,6.0,inferred
Cotswold,2021-06-06,0.0,1.0,1.0,2.0,2.0,2.0,3.0,3.0,4.0,4.0,5.0,6.0,8.0,inferred
Cotswold,2021-06-07,0.0,1.0,2.0,2.0,2.7,3.0,4.0,4.0,5.0,5.0,6.0,7.0,9.0,inferred
Cotswold,2021-06-08,0.0,1.0,2.0,2.0,2.0,3.0,4.0,4.0,5.0,5.0,6.0,7.0,9.0,inferred
Cotswold,2021-06-09,1.0,2.0,3.0,3.0,3.0,4.0,5.0,5.0,6.0,6.0,7.0,8.0,11.0,inferred
Cotswold,2021-06-10,1.0,2.0,3.0,3.0,4.0,4.0,5.0,6.0,6.0,7.0,7.0,9.0,11.0,inferred
Cotswold,2021-06-11,1.0,2.0,3.0,3.0,3.0,4.0,4.0,5.0,6.0,6.0,7.0,8.0,10.0,inferred
Cotswold,2021-06-12,0.0,1.0,2.0,2.0,3.0,3.0,4.0,4.0,5.0,6.0,6.0,7.0,9.0,inferred
Cotswold,2021-06-13,1.0,3.0,4.0,4.0,4.0,5.0,6.0,7.0,7.0,8.0,8.0,10.0,12.0,inferred
Cotswold,2021-06-14,3.0,4.0,5.0,6.0,6.0,7.0,8.0,9.0,10.0,10.0,11.0,13.0,16.0,inferred
Cotswold,2021-06-15,2.0,4.0,5.0,5.0,6.0,7.0,7.0,8.0,9.0,10.0,10.0,12.0,15.5,inferred
Cotswold,2021-06-16,3.0,5.0,6.0,7.0,8.0,8.0,9.0,11.0,12.0,12.0,13.0,15.0,18.0,inferred
Cotswold,2021-06-17,3.0,5.0,6.0,7.0,8.0,9.0,10.0,10.0,11.0,12.0,13.0,15.0,18.0,inferred
Cotswold,2021-06-18,3.0,5.0,6.0,6.0,7.0,8.0,9.0,10.0,11.0,12.0,12.0,14.0,17.0,inferred
County Durham,2021-03-06,27.0,33.0,37.0,38.0,40.0,42.0,44.0,47.0,50.0,51.0,52.0,57.0,65.0,inferred
County Durham,2021-03-07,31.5,37.0,41.0,43.0,44.0,47.0,50.0,52.0,55.0,57.0,58.0,63.0,71.0,inferred
County Durham,2021-03-08,45.0,50.0,54.0,56.0,58.0,61.0,64.0,67.0,70.0,72.0,74.0,79.0,88.0,inferred
County Durham,2021-03-09,40.0,47.0,52.0,53.0,55.0,58.0,61.0,64.0,67.0,69.0,71.0,75.0,84.0,inferred
County Durham,2021-03-10,41.0,48.0,52.0,55.0,56.0,59.0,62.0,65.0,68.0,70.0,72.0,79.0,89.0,inferred
County Durham,2021-03-11,37.0,44.0,48.8,50.0,52.0,55.0,58.0,61.0,64.0,66.0,68.2,74.0,83.0,inferred
County Durham,2021-03-12,34.0,39.0,43.0,45.0,47.0,50.0,52.0,55.0,58.0,59.0,61.0,66.0,74.0,inferred
County Durham,2021-03-13,25.0,31.0,34.0,36.0,37.0,40.0,42.0,45.0,48.0,49.0,51.0,56.0,64.0,inferred
County Durham,2021-03-14,29.0,34.0,38.0,40.0,41.0,44.0,47.0,50.0,52.0,53.2,55.2,61.0,69.0,inferred
County Durham,2021-03-15,39.0,44.0,49.0,51.0,52.0,56.0,59.0,61.0,65.0,67.0,69.0,74.0,84.5,inferred
County Durham,2021-03-16,34.5,41.0,46.0,47.0,49.0,52.0,55.0,58.0,60.0,62.0,64.0,69.1,79.0,inferred
County Durham,2021-03-17,36.0,42.0,46.8,48.0,49.0,52.0,55.0,58.0,62.0,63.0,65.0,71.0,81.0,inferred
County Durham,2021-03-18,32.0,39.0,42.0,44.0,45.0,48.0,51.0,53.0,56.0,58.0,60.0,66.0,73.0,inferred
County Durham,2021-03-19,28.0,34.0,38.0,40.0,41.0,43.0,46.0,48.0,51.0,53.0,54.0,59.0,68.0,inferred
County Durham,2021-03-20,22.0,27.0,30.0,32.0,33.0,35.0,38.0,40.0,43.0,44.0,46.0,50.0,60.0,inferred
County Durham,2021-03-21,24.0,30.0,33.0,35.0,36.0,38.0,41.0,43.0,46.0,48.0,49.0,54.0,61.5,inferred
County Durham,2021-03-22,31.0,38.0,42.0,44.0,45.0,48.0,51.0,53.0,56.0,58.0,60.0,65.0,73.0,inferred
County Durham,2021-03-23,28.0,34.0,38.0,40.0,42.0,44.0,47.0,50.0,53.0,54.0,56.0,61.0,69.5,inferred
County Durham,2021-03-24,29.0,34.0,38.0,39.0,41.0,44.0,46.0,49.0,52.0,53.0,55.0,60.0,68.0,inferred
County Durham,2021-03-25,23.5,30.0,34.0,35.0,36.0,39.0,41.0,44.0,46.0,48.0,49.0,54.0,62.0,inferred
County Durham,2021-03-26,20.0,26.0,29.0,30.8,32.0,34.0,36.0,39.0,41.0,43.0,44.2,49.0,57.0,inferred
County Durham,2021-03-27,15.0,19.0,22.0,23.0,24.0,26.0,28.0,30.0,33.0,34.0,35.0,40.0,46.5,inferred
County Durham,2021-03-28,15.5,20.0,23.0,24.0,26.0,28.0,30.0,32.0,34.0,36.0,37.0,41.0,47.5,inferred
County Durham,2021-03-29,20.0,26.0,29.0,30.0,32.0,34.0,36.0,38.0,41.0,43.0,44.0,48.0,57.0,inferred
County Durham,2021-03-30,17.0,22.0,25.0,27.0,28.0,30.0,32.0,34.0,37.0,38.0,40.0,44.0,52.0,inferred
County Durham,2021-03-31,17.0,22.0,25.0,26.0,27.0,30.0,32.0,34.0,36.0,37.2,39.0,43.0,50.0,inferred
County Durham,2021-04-01,14.0,18.0,21.0,23.0,24.0,26.0,28.0,30.0,32.0,33.0,35.0,38.0,45.0,inferred
County Durham,2021-04-02,11.0,15.0,18.0,19.0,20.0,21.0,23.0,25.0,27.0,28.0,29.0,33.0,39.0,inferred
County Durham,2021-04-03,8.0,11.0,13.0,14.0,15.0,16.0,18.0,19.0,21.0,22.0,23.0,27.0,33.5,inferred
County Durham,2021-04-04,8.0,11.0,13.0,14.0,15.0,16.0,18.0,19.0,21.0,22.0,23.0,27.0,33.0,inferred
County Durham,2021-04-05,10.0,14.0,16.0,17.0,18.0,20.0,21.0,23.0,25.0,27.0,28.0,32.0,37.0,inferred
County Durham,2021-04-06,9.0,12.0,14.0,15.0,16.0,18.0,19.0,21.0,23.0,24.0,25.0,29.0,35.0,inferred
County Durham,2021-04-07,9.0,12.0,14.0,15.0,16.0,18.0,19.0,21.0,23.0,24.0,25.0,28.0,34.0,inferred
County Durham,2021-04-08,7.5,10.0,12.0,13.0,14.0,15.0,17.0,19.0,20.3,22.0,23.0,26.0,32.0,inferred
County Durham,2021-04-09,6.0,8.0,11.0,11.0,12.0,14.0,15.0,17.0,18.0,20.0,20.0,23.0,29.0,inferred
County Durham,2021-04-10,4.0,6.0,8.0,9.0,10.0,11.0,12.0,13.0,15.0,16.0,17.0,19.1,24.5,inferred
County Durham,2021-04-11,5.0,7.0,9.0,10.0,10.0,12.0,13.0,14.0,16.0,17.0,18.0,21.0,26.0,inferred
County Durham,2021-04-12,7.0,10.0,11.0,12.0,13.0,15.0,16.0,17.0,19.0,20.0,22.0,25.0,30.0,inferred
County Durham,2021-04-13,6.0,9.0,11.0,12.0,12.7,14.0,15.0,17.0,18.0,19.0,20.0,24.0,29.0,inferred
County Durham,2021-04-14,6.0,9.0,11.8,12.0,13.0,14.0,16.0,17.0,19.0,20.0,21.0,25.0,30.5,inferred
County Durham,2021-04-15,6.0,9.0,11.0,12.0,12.0,14.0,15.0,17.0,18.0,19.0,20.0,24.0,29.0,inferred
County Durham,2021-04-16,6.0,8.0,10.0,11.0,11.0,13.0,14.0,16.0,17.0,18.0,19.0,22.0,27.0,inferred
County Durham,2021-04-17,4.0,6.0,8.0,9.0,10.0,11.0,12.0,14.0,15.0,16.0,17.0,19.1,25.0,inferred
County Durham,2021-04-18,5.0,7.0,9.0,10.0,11.0,12.0,14.0,15.0,17.0,17.0,18.0,21.0,26.0,inferred
County Durham,2021-04-19,8.0,11.0,13.0,14.0,15.0,16.0,18.0,20.0,21.0,22.0,24.0,27.0,32.0,inferred
County Durham,2021-04-20,7.0,10.0,12.0,13.0,14.0,16.0,17.0,19.0,20.0,21.0,23.0,26.0,31.0,inferred
County Durham,2021-04-21,8.0,11.0,13.0,14.0,15.0,17.0,19.0,20.0,22.0,23.0,24.0,28.0,33.0,inferred
County Durham,2021-04-22,7.0,10.0,12.0,13.0,14.0,16.0,17.0,19.0,21.0,22.0,23.0,26.0,31.0,inferred
County Durham,2021-04-23,7.0,9.9,12.0,12.0,13.0,15.0,16.0,18.0,20.0,21.0,21.2,24.0,30.0,inferred
County Durham,2021-04-24,5.0,7.0,9.0,10.0,11.0,12.0,13.0,15.0,16.0,17.0,18.0,22.0,26.0,inferred
County Durham,2021-04-25,6.0,9.0,11.0,12.0,12.0,14.0,15.0,17.0,18.0,19.0,21.0,24.0,29.0,inferred
County Durham,2021-04-26,9.0,12.0,14.0,16.0,16.0,18.0,20.0,22.0,24.0,25.0,26.0,29.1,35.0,inferred
County Durham,2021-04-27,8.0,11.0,14.0,15.0,16.0,17.0,19.0,20.0,22.0,23.0,25.0,28.0,34.0,inferred
County Durham,2021-04-28,8.0,11.0,14.0,14.0,15.0,17.0,19.0,20.0,22.0,23.0,24.0,28.0,33.5,inferred
County Durham,2021-04-29,7.0,10.0,12.0,13.0,14.0,16.0,17.0,19.0,21.0,22.0,23.0,26.0,30.5,inferred
County Durham,2021-04-30,6.0,8.0,10.0,11.0,12.0,13.0,15.0,17.0,18.0,19.0,20.0,23.0,28.0,inferred
County Durham,2021-05-01,4.0,6.0,8.0,8.0,9.0,11.0,12.0,13.0,15.0,16.0,16.0,19.0,24.0,inferred
County Durham,2021-05-02,5.0,7.0,8.0,9.0,10.0,11.0,12.0,14.0,15.0,16.0,17.0,20.0,25.0,inferred
County Durham,2021-05-03,6.0,9.0,11.0,12.0,13.0,14.0,15.0,17.0,19.0,20.0,21.0,24.0,29.0,inferred
County Durham,2021-05-04,6.0,8.0,10.0,10.8,11.0,13.0,14.0,15.0,17.0,18.0,19.0,23.0,28.0,inferred
County Durham,2021-05-05,5.0,7.0,9.0,10.0,11.0,12.0,14.0,15.0,17.0,18.0,19.0,22.0,26.0,inferred
County Durham,2021-05-06,4.0,7.0,8.0,9.0,10.0,11.0,12.0,13.0,15.0,16.0,17.0,20.0,25.0,inferred
County Durham,2021-05-07,3.0,5.0,7.0,8.0,8.0,9.0,11.0,12.0,13.0,14.0,15.0,18.0,22.0,inferred
County Durham,2021-05-08,2.0,4.0,5.0,6.0,6.0,7.0,8.0,9.0,11.0,11.0,12.0,15.0,19.5,inferred
County Durham,2021-05-09,2.0,4.0,5.0,6.0,6.0,8.0,9.0,10.0,11.0,12.0,13.0,15.0,20.0,inferred
County Durham,2021-05-10,4.0,5.0,7.0,8.0,8.0,10.0,11.0,12.0,13.0,14.0,15.0,18.0,24.0,inferred
County Durham,2021-05-11,3.0,5.0,6.0,7.0,8.0,9.0,10.0,11.0,13.0,13.0,14.0,17.0,22.0,inferred
County Durham,2021-05-12,3.0,5.0,6.0,7.0,8.0,9.0,10.0,11.0,13.0,13.0,14.0,17.0,22.0,inferred
County Durham,2021-05-13,2.0,4.0,6.0,6.0,7.0,8.0,9.0,10.0,11.0,12.0,13.0,16.0,20.0,inferred
County Durham,2021-05-14,2.0,3.0,5.0,5.0,6.0,7.0,8.0,9.0,11.0,11.0,12.0,14.0,19.0,inferred
County Durham,2021-05-15,1.0,2.0,3.0,4.0,4.0,5.0,6.0,7.0,9.0,9.0,10.0,12.0,16.0,inferred
County Durham,2021-05-16,1.0,3.0,4.0,5.0,5.0,6.0,7.0,8.0,9.0,10.0,11.0,13.0,17.0,inferred
County Durham,2021-05-17,2.0,4.0,5.0,6.0,7.0,8.0,9.0,10.0,11.0,12.0,13.0,15.0,19.0,inferred
County Durham,2021-05-18,2.0,3.0,5.0,5.0,6.0,7.0,8.0,9.0,11.0,11.0,12.0,15.0,19.0,inferred
County Durham,2021-05-19,2.0,4.0,5.0,6.0,7.0,8.0,9.0,10.0,11.0,12.0,13.0,15.0,19.0,inferred
County Durham,2021-05-20,2.0,4.0,5.0,6.0,6.0,7.0,8.0,9.0,11.0,11.0,12.0,15.0,19.0,inferred
County Durham,2021-05-21,2.0,3.0,4.0,5.0,6.0,6.0,7.0,9.0,10.0,11.0,11.0,13.0,18.0,inferred
County Durham,2021-05-22,1.0,2.0,4.0,4.0,5.0,5.0,6.0,7.0,8.0,9.0,10.0,12.0,15.0,inferred
County Durham,2021-05-23,1.0,3.0,4.0,5.0,5.0,6.0,7.0,8.0,10.0,11.0,11.0,13.0,18.0,inferred
County Durham,2021-05-24,2.0,5.0,6.0,7.0,7.0,8.0,10.0,11.0,12.0,13.0,14.0,17.0,21.0,inferred
County Durham,2021-05-25,3.0,5.0,6.0,7.0,8.0,9.0,10.0,11.0,13.0,13.0,14.0,17.0,22.0,inferred
County Durham,2021-05-26,3.0,5.0,7.0,8.0,9.0,10.0,11.0,12.0,14.0,15.0,16.0,18.0,23.0,inferred
County Durham,2021-05-27,3.0,5.0,7.0,8.0,8.0,10.0,11.0,12.0,14.0,14.0,15.0,18.0,23.0,inferred
County Durham,2021-05-28,3.0,5.0,7.0,8.0,9.0,10.0,11.0,12.0,14.0,15.0,15.0,18.0,23.0,inferred
County Durham,2021-05-29,3.0,5.0,6.0,7.0,7.0,9.0,10.0,11.0,12.0,13.0,14.0,17.0,21.5,inferred
County Durham,2021-05-30,4.0,6.0,8.0,8.0,9.0,10.0,11.0,13.0,14.0,15.0,16.0,19.0,24.0,inferred
County Durham,2021-05-31,7.0,9.0,12.0,13.0,13.0,15.0,17.0,18.0,20.0,21.0,23.0,26.0,32.0,inferred
County Durham,2021-06-01,8.0,11.0,13.0,14.0,15.0,16.6,18.0,20.0,22.0,23.0,24.0,28.0,33.0,inferred
County Durham,2021-06-02,11.0,15.0,17.0,18.0,20.0,21.0,23.0,25.0,27.0,28.0,29.0,33.0,39.0,inferred
County Durham,2021-06-03,13.0,17.0,20.0,21.0,22.0,24.0,25.0,27.0,29.0,31.0,32.0,36.0,41.0,inferred
County Durham,2021-06-04,15.0,19.0,22.0,23.0,24.0,26.0,28.0,30.0,32.0,33.0,35.0,39.0,46.0,inferred
County Durham,2021-06-05,14.0,18.0,21.0,22.0,23.0,25.0,27.0,29.0,31.0,32.0,34.0,38.0,45.0,inferred
County Durham,2021-06-06,19.0,25.0,28.0,30.0,31.0,33.0,35.0,38.0,40.0,41.0,43.0,47.1,54.0,inferred
County Durham,2021-06-07,34.0,41.0,45.0,47.0,49.0,51.0,54.0,57.0,60.0,62.0,64.0,70.0,77.0,inferred
County Durham,2021-06-08,39.0,45.0,50.0,52.0,53.0,56.0,59.0,62.0,66.0,68.0,69.0,75.0,84.0,inferred
County Durham,2021-06-09,49.0,57.0,62.0,64.0,66.0,69.0,73.0,76.0,80.0,82.0,84.0,91.0,101.0,inferred
County Durham,2021-06-10,56.0,63.0,68.0,70.0,72.0,76.0,79.0,82.0,86.0,88.0,91.0,98.0,109.0,inferred
County Durham,2021-06-11,60.5,67.0,73.0,75.0,77.0,80.0,83.0,87.0,91.0,92.0,95.0,102.0,112.0,inferred
County Durham,2021-06-12,55.0,63.0,69.0,71.8,74.0,77.0,80.0,83.0,87.0,88.0,92.0,97.0,108.0,inferred
County Durham,2021-06-13,73.0,83.0,90.0,92.0,94.0,99.0,103.0,107.0,111.0,114.0,116.0,124.0,136.0,inferred
County Durham,2021-06-14,114.5,128.0,135.0,138.0,140.0,145.0,150.0,155.0,161.0,164.0,168.0,177.0,189.5,inferred
County Durham,2021-06-15,120.0,133.0,142.0,145.8,149.0,153.0,158.0,164.0,169.0,172.0,176.0,185.0,202.0,inferred
County Durham,2021-06-16,138.0,151.0,160.8,164.0,167.0,173.0,179.0,184.0,190.0,193.0,197.0,205.0,220.0,inferred
County Durham,2021-06-17,141.0,155.0,164.0,167.0,170.0,176.0,182.0,187.0,192.0,196.0,199.0,209.0,225.5,inferred
County Durham,2021-06-18,136.5,150.9,160.0,163.0,167.0,173.0,179.0,185.0,191.0,194.0,198.0,208.0,227.0,inferred
Coventry,2021-03-06,14.0,18.0,21.0,22.0,23.0,24.0,26.0,28.0,30.0,31.0,32.0,35.0,40.0,inferred
Coventry,2021-03-07,18.0,21.0,24.0,25.0,26.0,27.0,29.0,31.0,33.0,34.0,35.0,39.0,44.0,inferred
Coventry,2021-03-08,22.0,27.0,30.0,31.0,32.0,34.0,36.0,38.0,40.0,41.0,42.0,46.0,52.0,inferred
Coventry,2021-03-09,20.0,25.0,28.0,29.0,30.0,32.0,34.0,36.0,38.0,39.0,40.0,44.0,51.0,inferred
Coventry,2021-03-10,22.0,26.0,29.0,30.0,31.0,33.0,35.0,37.0,39.0,40.0,42.0,45.0,51.0,inferred
Coventry,2021-03-11,18.0,22.0,25.0,26.0,27.0,29.0,31.0,33.0,35.0,36.0,37.0,41.0,46.5,inferred
Coventry,2021-03-12,16.0,19.0,22.0,23.0,24.0,26.0,28.0,29.0,31.0,32.0,34.0,37.0,42.5,inferred
Coventry,2021-03-13,11.0,15.0,17.0,18.8,19.0,21.0,22.0,24.0,25.0,26.0,28.0,31.0,35.0,inferred
Coventry,2021-03-14,14.0,18.0,20.0,21.0,22.0,24.0,25.0,27.0,29.0,30.0,32.0,35.0,40.0,inferred
Coventry,2021-03-15,19.0,24.0,27.0,28.0,29.0,31.0,33.0,34.4,36.0,38.0,39.0,43.0,49.0,inferred
Coventry,2021-03-16,19.0,23.0,26.0,27.0,28.0,29.0,31.0,33.0,35.0,37.0,38.0,41.0,48.0,inferred
Coventry,2021-03-17,19.0,24.0,27.0,28.0,29.0,31.0,34.0,35.0,37.0,39.0,40.0,43.0,49.0,inferred
Coventry,2021-03-18,17.0,22.0,24.0,25.0,27.0,28.0,30.0,32.0,34.0,35.0,36.0,40.0,45.0,inferred
Coventry,2021-03-19,15.0,19.0,22.0,23.0,24.0,25.0,27.0,29.0,31.0,32.0,33.0,37.0,43.0,inferred
Coventry,2021-03-20,11.0,14.0,17.0,18.0,19.0,20.0,22.0,23.0,25.0,26.0,27.0,31.0,36.0,inferred
Coventry,2021-03-21,14.0,18.0,20.0,21.0,22.0,24.0,26.0,28.0,29.0,31.0,32.0,35.0,40.0,inferred
Coventry,2021-03-22,19.0,23.0,26.0,27.0,28.0,30.0,32.0,34.0,36.0,38.0,39.0,42.0,49.0,inferred
Coventry,2021-03-23,17.0,22.0,25.0,26.0,27.0,29.0,31.0,33.0,35.0,36.0,37.0,41.0,48.0,inferred
Coventry,2021-03-24,18.0,23.0,26.0,27.0,28.0,30.0,32.0,34.0,35.0,36.0,38.0,42.0,48.0,inferred
Coventry,2021-03-25,15.0,19.0,22.0,23.0,24.0,26.0,27.0,29.0,31.0,32.0,34.0,37.0,43.0,inferred
Coventry,2021-03-26,13.0,16.0,19.0,20.0,21.0,22.6,24.0,26.0,27.0,28.0,29.0,33.0,38.0,inferred
Coventry,2021-03-27,9.0,12.0,14.0,15.0,16.0,17.0,19.0,20.0,22.0,23.0,24.0,26.0,30.5,inferred
Coventry,2021-03-28,11.0,13.0,16.0,17.0,17.0,19.0,21.0,23.0,24.0,25.0,26.0,29.0,34.0,inferred
Coventry,2021-03-29,14.0,17.0,20.0,21.0,22.0,23.0,25.0,27.0,29.0,30.0,31.0,35.0,41.0,inferred
Coventry,2021-03-30,13.0,16.0,18.0,19.0,20.0,22.0,23.0,25.0,27.0,28.0,29.0,33.0,38.0,inferred
Coventry,2021-03-31,13.0,16.0,18.0,19.0,20.0,22.0,24.0,25.0,27.0,28.0,29.0,32.0,38.0,inferred
Coventry,2021-04-01,10.0,13.0,15.8,17.0,17.0,19.0,20.0,22.0,23.0,24.0,25.0,28.0,32.0,inferred
Coventry,2021-04-02,8.0,11.0,13.0,14.0,14.0,15.0,17.0,18.0,20.0,21.0,22.0,25.0,29.0,inferred
Coventry,2021-04-03,5.0,7.0,9.0,10.0,10.0,12.0,13.0,14.0,15.0,16.0,17.0,19.0,24.0,inferred
Coventry,2021-04-04,7.0,9.0,10.0,11.0,12.0,13.0,15.0,16.0,18.0,18.0,19.0,22.0,26.0,inferred
Coventry,2021-04-05,8.0,11.0,14.0,14.0,15.0,16.0,18.0,19.0,21.0,22.0,23.0,26.0,31.0,inferred
Coventry,2021-04-06,8.0,10.0,12.0,13.0,14.0,15.0,16.0,18.0,19.0,20.0,21.0,24.0,28.0,inferred
Coventry,2021-04-07,8.0,11.0,13.0,13.0,14.0,16.0,17.0,18.0,20.0,21.0,22.0,25.0,29.0,inferred
Coventry,2021-04-08,7.0,9.0,11.0,12.0,13.0,14.0,15.0,16.0,18.0,19.0,20.0,22.0,26.0,inferred
Coventry,2021-04-09,5.0,8.0,10.0,10.0,11.0,12.0,13.0,15.0,16.0,17.0,18.0,21.0,24.0,inferred
Coventry,2021-04-10,4.0,6.0,7.0,8.0,8.0,9.0,10.0,11.0,13.0,13.0,14.0,17.0,20.0,inferred
Coventry,2021-04-11,5.0,7.0,8.0,9.0,10.0,11.0,12.0,13.0,15.0,15.0,16.0,18.1,23.0,inferred
Coventry,2021-04-12,6.0,9.0,11.0,12.0,13.0,14.0,15.0,16.0,18.0,19.0,20.0,22.0,27.0,inferred
Coventry,2021-04-13,6.0,9.0,10.0,11.0,12.0,13.0,14.0,15.0,17.0,18.0,19.0,21.0,26.0,inferred
Coventry,2021-04-14,6.0,9.0,11.0,11.0,12.0,13.0,15.0,16.0,18.0,18.0,19.0,22.0,26.0,inferred
Coventry,2021-04-15,5.0,8.0,9.0,10.0,11.0,12.0,13.0,14.0,16.0,16.0,17.0,19.0,24.0,inferred
Coventry,2021-04-16,4.0,7.0,9.0,9.0,10.0,11.0,12.0,13.0,14.0,15.0,16.0,19.0,22.0,inferred
Coventry,2021-04-17,3.0,5.0,6.0,7.0,7.0,8.0,10.0,11.0,12.0,12.0,13.0,15.0,19.0,inferred
Coventry,2021-04-18,4.0,6.0,7.0,8.0,9.0,10.0,11.0,12.0,13.0,14.0,15.0,17.0,21.5,inferred
Coventry,2021-04-19,5.0,8.0,10.0,10.0,11.0,12.0,14.0,15.0,16.0,17.0,18.0,21.0,25.0,inferred
Coventry,2021-04-20,5.0,7.0,9.0,10.0,11.0,12.0,13.0,14.0,15.0,16.0,17.0,20.0,24.0,inferred
Coventry,2021-04-21,6.0,8.0,10.0,11.0,11.0,12.0,14.0,15.0,16.0,17.0,18.0,20.1,25.0,inferred
Coventry,2021-04-22,5.0,7.0,9.0,9.0,10.0,11.0,12.0,13.0,15.0,15.0,16.0,19.0,23.0,inferred
Coventry,2021-04-23,4.0,6.0,8.0,8.0,9.0,10.0,11.0,12.0,13.0,14.0,15.0,17.0,21.0,inferred
Coventry,2021-04-24,2.0,4.0,6.0,6.0,7.0,8.0,9.0,10.0,11.0,12.0,12.0,15.0,18.0,inferred
Coventry,2021-04-25,4.0,6.0,7.0,8.0,8.0,9.0,11.0,12.0,13.0,14.0,15.0,17.0,20.0,inferred
Coventry,2021-04-26,5.5,8.0,10.0,10.0,11.0,12.0,13.0,14.0,16.0,17.0,18.0,20.0,24.0,inferred
Coventry,2021-04-27,5.0,7.0,9.0,9.0,10.0,11.0,12.0,14.0,15.0,16.0,17.0,19.0,23.0,inferred
Coventry,2021-04-28,5.0,8.0,9.0,10.0,11.0,12.0,13.0,14.0,16.0,16.0,17.0,20.0,24.0,inferred
Coventry,2021-04-29,4.5,6.0,8.0,9.0,10.0,11.0,12.0,13.0,15.0,15.0,16.0,19.0,23.0,inferred
Coventry,2021-04-30,4.0,6.0,7.0,8.0,8.0,9.0,10.5,12.0,13.0,14.0,14.0,17.0,20.0,inferred
Coventry,2021-05-01,3.0,4.0,5.0,6.0,7.0,7.0,8.0,9.0,10.0,11.0,12.0,14.0,17.0,inferred
Coventry,2021-05-02,3.5,5.0,7.0,7.0,8.0,9.0,10.0,11.0,12.0,13.0,14.0,16.0,20.0,inferred
Coventry,2021-05-03,5.0,7.0,9.0,10.0,11.0,12.0,13.0,14.0,16.0,17.0,17.0,20.0,24.0,inferred
Coventry,2021-05-04,5.0,7.0,9.0,10.0,10.0,11.0,12.0,14.0,15.0,16.0,16.0,19.0,23.0,inferred
Coventry,2021-05-05,5.0,7.0,9.0,10.0,11.0,12.0,13.0,14.0,16.0,17.0,17.0,20.0,24.0,inferred
Coventry,2021-05-06,4.0,7.0,8.0,9.0,9.0,10.0,12.0,13.0,14.0,15.0,16.0,18.0,22.0,inferred
Coventry,2021-05-07,4.0,6.0,7.0,8.0,8.0,9.0,10.0,11.0,13.0,13.0,14.0,16.0,20.0,inferred
Coventry,2021-05-08,2.0,4.0,5.0,6.0,6.0,7.0,8.0,9.0,10.0,11.0,12.0,14.0,17.0,inferred
Coventry,2021-05-09,3.0,5.0,6.0,7.0,7.0,8.0,9.0,10.0,12.0,12.0,13.0,15.0,19.0,inferred
Coventry,2021-05-10,4.0,6.0,8.0,9.0,9.0,10.0,11.0,13.0,14.0,15.0,16.0,18.0,22.0,inferred
Coventry,2021-05-11,4.0,6.0,7.0,8.0,8.0,10.0,11.0,12.0,13.0,14.0,14.0,17.0,21.0,inferred
Coventry,2021-05-12,4.0,6.0,7.0,8.0,9.0,10.0,11.0,12.0,13.0,14.0,15.0,17.0,22.0,inferred
Coventry,2021-05-13,3.0,5.0,6.0,7.0,7.0,8.0,9.0,11.0,12.0,12.0,13.0,15.0,19.0,inferred
Coventry,2021-05-14,2.0,4.0,5.0,6.0,6.0,7.0,8.0,9.0,10.0,11.0,11.2,14.0,17.0,inferred
Coventry,2021-05-15,1.0,3.0,4.0,4.0,5.0,6.0,6.0,7.0,8.0,9.0,10.0,11.0,14.0,inferred
Coventry,2021-05-16,2.0,4.0,5.0,5.0,5.0,6.0,7.0,8.0,9.0,10.0,10.0,13.0,16.0,inferred
Coventry,2021-05-17,3.0,4.0,6.0,6.0,7.0,8.0,9.0,10.0,11.0,12.0,13.0,15.0,18.0,inferred
Coventry,2021-05-18,2.0,4.0,5.0,6.0,6.0,7.0,8.0,9.0,11.0,11.0,12.0,14.0,17.0,inferred
Coventry,2021-05-19,2.0,4.0,6.0,6.0,7.0,7.0,8.0,9.0,10.0,11.0,12.0,14.0,17.5,inferred
Coventry,2021-05-20,2.0,4.0,5.0,5.0,6.0,7.0,8.0,9.0,9.0,10.0,11.0,13.0,16.0,inferred
Coventry,2021-05-21,1.0,3.0,4.0,5.0,5.0,6.0,7.0,8.0,9.0,9.0,10.0,12.0,15.0,inferred
Coventry,2021-05-22,1.0,2.0,3.0,3.0,4.0,5.0,5.0,6.0,7.0,7.0,8.0,10.0,13.0,inferred
Coventry,2021-05-23,1.0,3.0,4.0,4.0,5.0,5.0,6.0,7.0,8.0,9.0,9.0,11.0,14.0,inferred
Coventry,2021-05-24,2.0,4.0,5.0,6.0,6.0,7.0,8.0,9.0,10.0,11.0,11.0,13.0,17.5,inferred
Coventry,2021-05-25,2.0,4.0,5.0,6.0,6.0,7.0,8.0,9.0,10.0,11.0,11.0,13.0,16.0,inferred
Coventry,2021-05-26,3.0,5.0,6.0,6.0,7.0,8.0,9.0,10.0,11.0,12.0,12.0,14.0,18.0,inferred
Coventry,2021-05-27,3.0,4.0,6.0,6.0,7.0,8.0,8.0,10.0,11.0,11.0,12.0,14.0,18.0,inferred
Coventry,2021-05-28,2.0,4.0,5.0,6.0,6.0,7.0,8.0,9.0,10.0,11.0,12.0,14.0,17.0,inferred
Coventry,2021-05-29,2.0,3.0,4.0,5.0,5.0,6.0,7.0,8.0,9.0,9.0,10.0,12.0,16.0,inferred
Coventry,2021-05-30,2.0,4.0,6.0,6.0,7.0,8.0,9.0,10.0,11.0,12.0,12.0,15.0,18.0,inferred
Coventry,2021-05-31,5.0,7.0,8.0,9.0,10.0,11.0,12.0,13.0,15.0,16.0,16.0,19.0,22.0,inferred
Coventry,2021-06-01,5.0,7.0,9.0,10.0,10.0,12.0,13.0,14.0,16.0,16.0,17.0,20.0,24.0,inferred
Coventry,2021-06-02,7.0,10.0,12.0,12.0,13.0,14.0,15.0,17.0,18.0,19.0,20.0,22.1,27.0,inferred
Coventry,2021-06-03,7.0,10.0,12.0,12.0,13.0,15.0,16.0,17.0,18.0,19.0,20.0,23.0,27.0,inferred
Coventry,2021-06-04,7.0,10.0,12.0,13.0,14.0,15.0,16.0,18.0,19.0,20.0,21.0,24.0,28.0,inferred
Coventry,2021-06-05,6.0,8.0,10.0,11.0,12.0,13.0,14.0,16.0,17.0,18.0,19.0,21.0,26.0,inferred
Coventry,2021-06-06,8.0,12.0,14.0,15.0,16.0,17.0,19.0,20.0,22.0,23.0,24.0,27.0,32.0,inferred
Coventry,2021-06-07,14.5,17.0,20.0,21.0,22.0,24.0,26.0,28.0,30.0,31.0,32.0,36.0,41.5,inferred
Coventry,2021-06-08,15.0,19.0,22.0,23.0,24.0,25.6,27.0,29.0,31.0,32.0,33.0,36.1,42.0,inferred
Coventry,2021-06-09,17.0,21.0,24.0,25.0,27.0,29.0,31.0,33.0,35.0,36.0,37.0,41.0,46.0,inferred
Coventry,2021-06-10,16.5,21.0,23.0,24.0,25.0,27.0,29.0,31.0,33.0,34.0,35.0,39.0,44.0,inferred
Coventry,2021-06-11,15.0,19.0,22.0,23.0,24.0,26.0,28.0,30.0,32.0,33.0,34.0,38.0,44.5,inferred
Coventry,2021-06-12,12.0,16.0,18.0,19.0,20.0,22.0,23.0,25.0,26.0,27.2,29.0,32.0,37.0,inferred
Coventry,2021-06-13,15.0,20.0,23.0,24.0,25.0,27.0,29.0,30.0,32.0,33.0,34.0,38.0,44.0,inferred
Coventry,2021-06-14,23.0,28.9,32.0,33.0,35.0,37.0,39.0,41.0,43.0,45.0,46.0,51.0,57.0,inferred
Coventry,2021-06-15,26.0,31.0,34.0,35.0,36.0,38.0,41.0,43.0,45.0,47.0,48.0,53.0,58.5,inferred
Coventry,2021-06-16,30.0,35.0,39.0,40.0,42.0,44.0,47.0,49.0,51.0,53.0,55.0,59.0,67.0,inferred
Coventry,2021-06-17,28.0,34.0,38.0,39.0,41.0,43.0,46.0,48.0,51.0,52.0,54.0,59.0,68.0,inferred
Coventry,2021-06-18,28.0,33.9,37.0,39.0,40.0,43.0,45.0,48.0,51.0,52.0,54.0,58.0,66.0,inferred
Craven,2021-03-06,0.0,0.0,1.0,1.0,1.0,2.0,2.0,3.0,3.0,3.0,4.0,5.0,7.0,inferred
Craven,2021-03-07,0.0,1.0,1.0,1.0,2.0,2.0,2.0,3.0,4.0,4.0,4.0,5.0,7.0,inferred
Craven,2021-03-08,0.0,1.0,2.0,2.0,2.0,3.0,3.0,4.0,4.0,5.0,5.0,6.1,8.5,inferred
Craven,2021-03-09,0.0,1.0,2.0,2.0,2.0,3.0,3.0,3.4,4.0,4.0,5.0,6.0,8.0,inferred
Craven,2021-03-10,0.0,1.0,2.0,2.0,2.0,3.0,3.0,4.0,4.0,5.0,5.0,7.0,9.0,inferred
Craven,2021-03-11,0.0,1.0,1.0,2.0,2.0,2.0,3.0,4.0,4.0,4.0,5.0,6.0,8.0,inferred
Craven,2021-03-12,0.0,1.0,1.0,2.0,2.0,2.0,3.0,3.0,4.0,4.0,5.0,6.0,8.0,inferred
Craven,2021-03-13,0.0,0.0,1.0,1.0,1.0,2.0,2.0,3.0,3.0,3.0,4.0,5.0,7.0,inferred
Craven,2021-03-14,0.0,0.0,1.0,1.0,2.0,2.0,2.0,3.0,3.0,4.0,4.0,5.0,7.0,inferred
Craven,2021-03-15,0.0,1.0,2.0,2.0,2.0,3.0,3.0,4.0,4.0,5.0,5.0,6.0,8.0,inferred
Craven,2021-03-16,0.0,1.0,1.0,2.0,2.0,2.0,3.0,4.0,4.0,5.0,5.0,6.0,8.0,inferred
Craven,2021-03-17,0.0,1.0,2.0,2.0,2.0,3.0,3.0,4.0,4.0,5.0,5.0,6.0,8.0,inferred
Craven,2021-03-18,0.0,1.0,1.0,2.0,2.0,3.0,3.0,4.0,4.0,5.0,5.0,6.0,8.0,inferred
Craven,2021-03-19,0.0,1.0,1.0,2.0,2.0,2.0,3.0,3.0,4.0,4.0,5.0,6.0,8.0,inferred
Craven,2021-03-20,0.0,1.0,1.0,1.0,1.0,2.0,2.0,3.0,3.0,4.0,4.0,5.0,7.0,inferred
Craven,2021-03-21,0.0,1.0,1.0,1.0,2.0,2.0,3.0,3.0,4.0,4.0,4.0,6.0,8.0,inferred
Craven,2021-03-22,0.0,1.0,2.0,2.0,2.0,3.0,4.0,4.0,5.0,5.0,6.0,7.0,10.0,inferred
Craven,2021-03-23,0.0,1.0,2.0,2.0,2.0,3.0,4.0,4.0,5.0,5.0,6.0,7.0,9.0,inferred
Craven,2021-03-24,0.0,1.0,2.0,2.0,3.0,3.0,4.0,4.0,5.0,5.0,6.0,7.0,9.0,inferred
Craven,2021-03-25,0.0,1.0,2.0,2.0,2.0,3.0,4.0,4.0,5.0,5.0,6.0,7.0,9.0,inferred
Craven,2021-03-26,0.0,1.0,2.0,2.0,2.0,3.0,3.0,4.0,4.0,5.0,5.0,6.0,8.0,inferred
Craven,2021-03-27,0.0,1.0,1.0,1.0,2.0,2.0,3.0,3.0,4.0,4.0,4.0,5.0,7.0,inferred
Craven,2021-03-28,0.0,1.0,1.0,2.0,2.0,2.0,3.0,3.0,4.0,4.0,5.0,6.0,8.0,inferred
Craven,2021-03-29,0.0,1.0,2.0,2.0,3.0,3.0,4.0,4.0,5.0,5.0,6.0,7.0,9.0,inferred
Craven,2021-03-30,0.0,1.0,2.0,2.0,2.0,3.0,3.0,4.0,5.0,5.0,5.0,7.0,9.0,inferred
Craven,2021-03-31,0.0,1.0,2.0,2.0,2.0,3.0,3.0,4.0,5.0,5.0,6.0,7.0,9.0,inferred
Craven,2021-04-01,0.0,1.0,2.0,2.0,2.0,3.0,3.0,4.0,4.0,5.0,5.0,6.0,8.0,inferred
Craven,2021-04-02,0.0,1.0,1.0,1.0,2.0,2.0,3.0,3.0,4.0,4.0,5.0,6.0,8.0,inferred
Craven,2021-04-03,0.0,0.0,1.0,1.0,1.0,2.0,2.0,3.0,3.0,3.0,4.0,5.0,7.0,inferred
Craven,2021-04-04,0.0,0.0,1.0,1.0,1.0,2.0,2.0,3.0,3.0,4.0,4.0,5.0,7.0,inferred
Craven,2021-04-05,0.0,1.0,1.0,2.0,2.0,3.0,3.0,4.0,4.0,5.0,5.0,6.0,8.0,inferred
Craven,2021-04-06,0.0,1.0,1.0,2.0,2.0,2.0,3.0,3.0,4.0,4.0,5.0,6.0,8.0,inferred
Craven,2021-04-07,0.0,1.0,1.0,2.0,2.0,2.0,3.0,3.0,4.0,4.0,5.0,6.0,8.0,inferred
Craven,2021-04-08,0.0,0.0,1.0,1.0,1.0,2.0,2.0,3.0,3.0,4.0,4.0,5.0,7.0,inferred
Craven,2021-04-09,0.0,0.0,1.0,1.0,1.0,2.0,2.0,3.0,3.0,4.0,4.0,5.0,7.0,inferred
Craven,2021-04-10,0.0,0.0,1.0,1.0,1.0,1.0,2.0,2.0,3.0,3.0,3.0,4.0,6.0,inferred
Craven,2021-04-11,0.0,0.0,1.0,1.0,1.0,1.0,2.0,2.0,3.0,3.0,3.0,4.0,6.0,inferred
Craven,2021-04-12,0.0,1.0,1.0,1.0,1.7,2.0,2.0,3.0,4.0,4.0,4.0,5.0,7.0,inferred
Craven,2021-04-13,0.0,0.0,1.0,1.0,1.0,2.0,2.0,3.0,3.0,4.0,4.0,5.0,7.0,inferred
Craven,2021-04-14,0.0,0.0,1.0,1.0,1.0,2.0,2.0,3.0,3.0,4.0,4.0,5.0,7.0,inferred
Craven,2021-04-15,0.0,1.0,1.0,1.0,1.0,2.0,2.0,3.0,3.0,4.0,4.0,5.0,7.0,inferred
Craven,2021-04-16,0.0,0.0,1.0,1.0,1.0,2.0,2.0,3.0,3.0,3.0,4.0,5.0,6.0,inferred
Craven,2021-04-17,0.0,0.0,1.0,1.0,1.0,1.0,2.0,2.0,3.0,3.0,3.0,4.0,6.0,inferred
Craven,2021-04-18,0.0,0.0,1.0,1.0,1.0,1.0,2.0,2.0,3.0,3.0,3.0,4.0,6.0,inferred
Craven,2021-04-19,0.0,1.0,1.0,1.0,2.0,2.0,2.0,3.0,4.0,4.0,4.0,5.0,7.0,inferred
Craven,2021-04-20,0.0,0.0,1.0,1.0,1.0,2.0,2.0,3.0,3.0,4.0,4.0,5.0,7.0,inferred
Craven,2021-04-21,0.0,0.0,1.0,1.0,1.0,2.0,2.0,3.0,3.0,4.0,4.0,5.0,6.0,inferred
Craven,2021-04-22,0.0,0.0,1.0,1.0,1.0,1.0,2.0,2.0,3.0,3.0,4.0,5.0,7.0,inferred
Craven,2021-04-23,0.0,0.0,1.0,1.0,1.0,1.0,2.0,2.0,3.0,3.0,3.0,4.0,6.0,inferred
Craven,2021-04-24,0.0,0.0,0.0,0.0,1.0,1.0,1.0,2.0,2.0,2.0,3.0,4.0,5.0,inferred
Craven,2021-04-25,0.0,0.0,0.0,0.0,1.0,1.0,1.0,2.0,2.0,2.0,3.0,4.0,5.0,inferred
Craven,2021-04-26,0.0,0.0,0.0,1.0,1.0,1.0,2.0,2.0,3.0,3.0,3.0,4.0,6.0,inferred
Craven,2021-04-27,0.0,0.0,0.0,1.0,1.0,1.0,1.0,2.0,2.0,3.0,3.0,4.0,6.0,inferred
Craven,2021-04-28,0.0,0.0,0.0,1.0,1.0,1.0,1.0,2.0,2.0,3.0,3.0,4.0,6.0,inferred
Craven,2021-04-29,0.0,0.0,0.0,0.0,1.0,1.0,1.0,2.0,2.0,2.0,3.0,4.0,5.0,inferred
Craven,2021-04-30,0.0,0.0,0.0,0.0,1.0,1.0,1.0,2.0,2.0,2.0,3.0,3.0,5.0,inferred
Craven,2021-05-01,0.0,0.0,0.0,0.0,0.0,1.0,1.0,1.0,2.0,2.0,2.0,3.0,4.0,inferred
Craven,2021-05-02,0.0,0.0,0.0,0.0,0.0,1.0,1.0,1.0,2.0,2.0,2.0,3.0,4.0,inferred
Craven,2021-05-03,0.0,0.0,0.0,0.0,1.0,1.0,1.0,2.0,2.0,2.0,3.0,4.0,5.0,inferred
Craven,2021-05-04,0.0,0.0,0.0,0.0,0.0,1.0,1.0,1.0,2.0,2.0,2.0,3.0,5.0,inferred
Craven,2021-05-05,0.0,0.0,0.0,0.0,0.0,1.0,1.0,1.0,2.0,2.0,2.0,3.0,5.0,inferred
Craven,2021-05-06,0.0,0.0,0.0,0.0,0.0,1.0,1.0,1.0,2.0,2.0,2.0,3.0,5.0,inferred
Craven,2021-05-07,0.0,0.0,0.0,0.0,0.0,1.0,1.0,1.0,1.0,2.0,2.0,3.0,4.0,inferred
Craven,2021-05-08,0.0,0.0,0.0,0.0,0.0,0.0,1.0,1.0,1.0,1.0,2.0,2.0,4.0,inferred
Craven,2021-05-09,0.0,0.0,0.0,0.0,0.0,0.0,1.0,1.0,1.0,2.0,2.0,3.0,4.0,inferred
Craven,2021-05-10,0.0,0.0,0.0,0.0,0.0,1.0,1.0,1.0,2.0,2.0,2.0,3.0,4.0,inferred
Craven,2021-05-11,0.0,0.0,0.0,0.0,0.0,1.0,1.0,1.0,2.0,2.0,2.0,3.0,4.0,inferred
Craven,2021-05-12,0.0,0.0,0.0,0.0,0.0,1.0,1.0,1.0,2.0,2.0,2.0,3.0,4.0,inferred
Craven,2021-05-13,0.0,0.0,0.0,0.0,0.0,1.0,1.0,1.0,1.0,2.0,2.0,3.0,4.0,inferred
Craven,2021-05-14,0.0,0.0,0.0,0.0,0.0,0.0,1.0,1.0,1.0,2.0,2.0,2.0,4.0,inferred
Craven,2021-05-15,0.0,0.0,0.0,0.0,0.0,0.0,0.0,1.0,1.0,1.0,1.0,2.0,3.0,inferred
Craven,2021-05-16,0.0,0.0,0.0,0.0,0.0,0.0,1.0,1.0,1.0,1.0,2.0,2.0,4.0,inferred
Craven,2021-05-17,0.0,0.0,0.0,0.0,0.0,1.0,1.0,1.0,2.0,2.0,2.0,3.0,4.5,inferred
Craven,2021-05-18,0.0,0.0,0.0,0.0,0.0,1.0,1.0,1.0,2.0,2.0,2.0,3.0,4.0,inferred
Craven,2021-05-19,0.0,0.0,0.0,0.0,0.0,1.0,1.0,1.0,2.0,2.0,2.0,3.0,5.0,inferred
Craven,2021-05-20,0.0,0.0,0.0,0.0,0.0,1.0,1.0,1.0,2.0,2.0,2.0,3.0,4.0,inferred
Craven,2021-05-21,0.0,0.0,0.0,0.0,0.0,1.0,1.0,1.0,2.0,2.0,2.0,3.0,4.0,inferred
Craven,2021-05-22,0.0,0.0,0.0,0.0,0.0,0.0,1.0,1.0,1.0,2.0,2.0,2.0,4.0,inferred
Craven,2021-05-23,0.0,0.0,0.0,0.0,0.0,1.0,1.0,1.0,2.0,2.0,2.0,3.0,4.0,inferred
Craven,2021-05-24,0.0,0.0,0.0,0.0,1.0,1.0,1.0,2.0,2.0,2.0,3.0,3.0,5.0,inferred
Craven,2021-05-25,0.0,0.0,0.0,0.8,1.0,1.0,1.0,2.0,2.0,2.0,3.0,3.0,5.0,inferred
Craven,2021-05-26,0.0,0.0,0.0,1.0,1.0,1.0,2.0,2.0,2.0,3.0,3.0,4.0,5.0,inferred
Craven,2021-05-27,0.0,0.0,0.0,1.0,1.0,1.0,1.0,2.0,2.0,2.0,3.0,4.0,5.0,inferred
Craven,2021-05-28,0.0,0.0,0.0,0.0,1.0,1.0,1.0,2.0,2.0,2.0,3.0,3.0,5.0,inferred
Craven,2021-05-29,0.0,0.0,0.0,0.0,0.0,1.0,1.0,1.0,2.0,2.0,2.0,3.0,5.0,inferred
Craven,2021-05-30,0.0,0.0,0.0,1.0,1.0,1.0,1.0,2.0,2.0,2.0,3.0,4.0,5.0,inferred
Craven,2021-05-31,0.0,0.0,1.0,1.0,1.0,1.0,2.0,2.0,3.0,3.0,4.0,5.0,6.0,inferred
Craven,2021-06-01,0.0,0.0,1.0,1.0,1.0,2.0,2.0,3.0,3.0,3.0,4.0,5.0,7.0,inferred
Craven,2021-06-02,0.0,1.0,1.0,1.0,2.0,2.0,3.0,3.0,4.0,4.0,4.0,6.0,8.0,inferred
Craven,2021-06-03,0.0,1.0,1.0,2.0,2.0,2.0,3.0,3.0,4.0,4.0,5.0,6.0,8.0,inferred
Craven,2021-06-04,0.0,1.0,1.0,2.0,2.0,2.0,3.0,3.0,4.0,5.0,5.0,6.0,8.0,inferred
Craven,2021-06-05,0.0,1.0,1.0,2.0,2.0,2.0,3.0,3.0,4.0,4.0,5.0,6.0,8.0,inferred
Craven,2021-06-06,0.0,1.0,2.0,2.0,2.0,3.0,4.0,4.0,5.0,5.0,6.0,7.0,9.0,inferred
Craven,2021-06-07,1.0,2.0,3.0,4.0,4.0,5.0,5.0,6.0,7.0,7.0,8.0,9.0,12.0,inferred
Craven,2021-06-08,1.0,3.0,3.0,4.0,4.0,5.0,6.0,6.0,7.0,8.0,8.0,10.0,12.0,inferred
Craven,2021-06-09,2.0,3.0,4.0,5.0,5.0,6.0,6.0,7.0,8.0,9.0,9.0,11.0,14.0,inferred
Craven,2021-06-10,2.0,3.0,4.0,5.0,5.0,6.0,7.0,8.0,8.0,9.0,9.2,11.0,14.0,inferred
Craven,2021-06-11,2.0,3.0,4.0,5.0,5.0,6.0,7.0,8.0,8.0,9.0,10.0,11.0,14.0,inferred
Craven,2021-06-12,1.0,3.0,4.0,4.0,5.0,5.0,6.0,7.0,8.0,8.0,9.0,10.0,13.0,inferred
Craven,2021-06-13,2.0,4.0,5.0,5.0,6.0,7.0,7.0,8.0,9.0,10.0,10.0,12.0,15.0,inferred
Craven,2021-06-14,4.0,6.0,7.0,8.0,8.0,9.0,10.0,11.0,12.0,13.0,14.0,16.0,19.0,inferred
Craven,2021-06-15,4.0,6.0,7.0,8.0,8.0,9.0,10.0,11.0,12.0,13.0,14.0,16.0,20.0,inferred
Craven,2021-06-16,5.0,7.0,9.0,9.0,10.0,11.0,12.0,13.0,14.0,15.0,16.0,18.0,21.0,inferred
Craven,2021-06-17,4.0,7.0,8.0,9.0,10.0,11.0,12.0,13.0,14.0,15.0,16.0,18.0,22.0,inferred
Craven,2021-06-18,4.0,7.0,8.0,9.0,9.0,11.0,12.0,13.0,14.0,15.0,16.0,18.0,22.0,inferred
Crawley,2021-03-06,1.5,3.0,4.0,4.0,4.0,5.0,6.0,6.0,7.0,7.0,8.0,9.0,12.0,inferred
Crawley,2021-03-07,2.0,4.0,4.0,5.0,5.0,6.0,7.0,8.0,8.0,9.0,10.0,11.0,14.0,inferred
Crawley,2021-03-08,3.0,5.0,6.0,7.0,7.0,8.0,9.0,9.0,10.0,11.0,12.0,13.0,16.0,inferred
Crawley,2021-03-09,3.0,5.0,6.0,6.0,7.0,8.0,8.0,9.0,10.0,11.0,11.0,13.0,16.0,inferred
Crawley,2021-03-10,3.0,5.0,6.0,7.0,7.0,8.0,9.0,9.0,11.0,11.0,12.0,13.0,16.0,inferred
Crawley,2021-03-11,3.0,5.0,6.0,6.0,7.0,7.0,8.0,9.0,10.0,10.0,11.0,13.0,15.0,inferred
Crawley,2021-03-12,2.0,4.0,5.0,5.0,6.0,6.0,7.0,8.0,9.0,9.0,10.0,12.0,14.0,inferred
Crawley,2021-03-13,1.0,3.0,4.0,4.0,4.0,5.0,6.0,7.0,7.0,8.0,8.0,10.0,13.0,inferred
Crawley,2021-03-14,2.0,3.0,4.0,5.0,5.0,6.0,7.0,7.0,8.0,9.0,9.0,11.0,14.0,inferred
Crawley,2021-03-15,3.0,5.0,6.0,6.0,7.0,8.0,8.0,9.0,10.0,11.0,12.0,13.0,16.0,inferred
Crawley,2021-03-16,3.0,4.0,6.0,6.0,6.0,7.0,8.0,9.0,10.0,10.0,11.0,13.0,15.0,inferred
Crawley,2021-03-17,3.0,5.0,6.0,6.0,7.0,8.0,8.0,9.0,10.0,11.0,12.0,13.0,16.0,inferred
Crawley,2021-03-18,3.0,4.0,5.0,6.0,6.0,7.0,8.0,8.0,9.0,10.0,10.0,12.0,15.0,inferred
Crawley,2021-03-19,2.0,3.0,4.0,5.0,5.0,6.0,7.0,7.0,8.0,9.0,9.0,11.0,13.5,inferred
Crawley,2021-03-20,1.0,2.0,3.0,4.0,4.0,5.0,5.0,6.0,7.0,7.0,8.0,9.0,11.0,inferred
Crawley,2021-03-21,1.5,3.0,4.0,4.0,5.0,5.0,6.0,7.0,8.0,8.0,9.0,10.0,13.0,inferred
Crawley,2021-03-22,2.0,4.0,5.0,5.0,6.0,7.0,7.0,8.0,9.0,10.0,10.0,12.0,14.0,inferred
Crawley,2021-03-23,2.0,3.0,5.0,5.0,5.0,6.0,7.0,8.0,9.0,9.0,10.0,11.0,13.5,inferred
Crawley,2021-03-24,2.0,3.0,5.0,5.0,6.0,6.0,7.0,8.0,9.0,9.0,10.0,11.1,14.0,inferred
Crawley,2021-03-25,1.0,3.0,4.0,4.0,4.0,5.0,6.0,7.0,8.0,8.0,9.0,10.0,13.0,inferred
Crawley,2021-03-26,1.0,2.0,3.0,3.0,4.0,4.0,5.0,6.0,7.0,7.0,7.0,9.0,11.0,inferred
Crawley,2021-03-27,0.0,1.0,2.0,2.0,3.0,3.0,4.0,4.0,5.0,5.0,6.0,7.0,9.0,inferred
Crawley,2021-03-28,1.0,2.0,2.0,3.0,3.0,4.0,4.0,5.0,6.0,6.0,6.2,8.0,10.0,inferred
Crawley,2021-03-29,1.0,2.0,3.0,3.0,4.0,4.0,5.0,5.0,6.0,7.0,7.0,8.0,11.0,inferred
Crawley,2021-03-30,1.0,2.0,3.0,3.0,3.0,4.0,4.0,5.0,6.0,6.0,7.0,8.0,10.0,inferred
Crawley,2021-03-31,1.0,2.0,2.0,3.0,3.0,4.0,4.0,5.0,6.0,6.0,6.0,8.0,10.0,inferred
Crawley,2021-04-01,0.0,1.0,2.0,2.0,3.0,3.0,4.0,4.0,5.0,5.0,6.0,7.0,9.0,inferred
Crawley,2021-04-02,0.0,1.0,1.0,2.0,2.0,2.0,3.0,4.0,4.0,4.0,5.0,6.0,8.0,inferred
Crawley,2021-04-03,0.0,0.0,1.0,1.0,1.0,2.0,2.0,3.0,3.0,4.0,4.0,5.0,7.0,inferred
Crawley,2021-04-04,0.0,1.0,1.0,1.0,2.0,2.0,3.0,3.0,4.0,4.0,4.0,6.0,8.0,inferred
Crawley,2021-04-05,0.0,1.0,2.0,2.0,2.0,3.0,3.0,4.0,4.0,5.0,5.0,6.0,8.0,inferred
Crawley,2021-04-06,0.0,1.0,1.8,2.0,2.0,3.0,3.0,4.0,4.0,5.0,5.0,6.0,9.0,inferred
Crawley,2021-04-07,0.0,1.0,2.0,2.0,2.0,3.0,3.0,4.0,4.0,5.0,5.0,6.0,9.0,inferred
Crawley,2021-04-08,0.0,1.0,1.0,2.0,2.0,3.0,3.0,4.0,4.0,5.0,5.0,6.0,8.0,inferred
Crawley,2021-04-09,0.0,1.0,1.0,1.0,2.0,2.0,2.0,3.0,4.0,4.0,4.0,5.0,7.0,inferred
Crawley,2021-04-10,0.0,0.0,1.0,1.0,1.0,2.0,2.0,3.0,3.0,3.0,4.0,5.0,6.0,inferred
Crawley,2021-04-11,0.0,1.0,1.0,1.0,2.0,2.0,3.0,3.0,4.0,4.0,4.0,5.0,7.0,inferred
Crawley,2021-04-12,0.0,1.0,2.0,2.0,2.0,3.0,3.0,4.0,4.0,5.0,5.0,6.0,8.0,inferred
Crawley,2021-04-13,0.0,1.0,1.0,2.0,2.0,2.0,3.0,4.0,4.0,4.0,5.0,6.0,8.0,inferred
Crawley,2021-04-14,0.0,1.0,1.0,2.0,2.0,3.0,3.0,4.0,4.0,5.0,5.0,6.0,8.0,inferred
Crawley,2021-04-15,0.0,1.0,1.0,1.0,2.0,2.0,3.0,3.0,4.0,4.0,4.0,6.0,8.0,inferred
Crawley,2021-04-16,0.0,0.0,1.0,1.0,2.0,2.0,2.0,3.0,3.0,4.0,4.0,5.0,7.0,inferred
Crawley,2021-04-17,0.0,0.0,1.0,1.0,1.0,1.0,2.0,2.0,3.0,3.0,3.0,4.0,6.0,inferred
Crawley,2021-04-18,0.0,0.0,1.0,1.0,1.0,2.0,2.0,3.0,3.0,3.0,4.0,5.0,7.0,inferred
Crawley,2021-04-19,0.0,1.0,1.0,1.0,2.0,2.0,3.0,3.0,4.0,4.0,4.0,5.0,7.0,inferred
Crawley,2021-04-20,0.0,1.0,1.0,1.0,1.0,2.0,2.0,3.0,3.0,4.0,4.0,5.0,7.0,inferred
Crawley,2021-04-21,0.0,1.0,1.0,1.0,2.0,2.0,2.0,3.0,4.0,4.0,4.0,5.0,7.0,inferred
Crawley,2021-04-22,0.0,0.0,1.0,1.0,1.0,2.0,2.0,3.0,3.0,3.2,4.0,5.0,7.0,inferred
Crawley,2021-04-23,0.0,0.0,1.0,1.0,1.0,1.0,2.0,2.0,3.0,3.0,3.0,4.0,6.0,inferred
Crawley,2021-04-24,0.0,0.0,0.0,1.0,1.0,1.0,1.0,2.0,2.0,3.0,3.0,4.0,5.0,inferred
Crawley,2021-04-25,0.0,0.0,1.0,1.0,1.0,1.0,2.0,2.0,3.0,3.0,3.0,4.0,6.0,inferred
Crawley,2021-04-26,0.0,0.0,1.0,1.0,1.0,2.0,2.0,2.0,3.0,3.0,4.0,5.0,6.0,inferred
Crawley,2021-04-27,0.0,0.0,1.0,1.0,1.0,2.0,2.0,2.0,3.0,3.0,4.0,5.0,7.0,inferred
Crawley,2021-04-28,0.0,0.0,1.0,1.0,1.0,2.0,2.0,2.0,3.0,3.0,4.0,5.0,6.0,inferred
Crawley,2021-04-29,0.0,0.0,1.0,1.0,1.0,1.0,2.0,2.0,3.0,3.0,3.0,4.0,6.0,inferred
Crawley,2021-04-30,0.0,0.0,1.0,1.0,1.0,1.0,2.0,2.0,2.0,3.0,3.0,4.0,6.0,inferred
Crawley,2021-05-01,0.0,0.0,0.0,0.0,1.0,1.0,1.0,2.0,2.0,2.0,3.0,3.0,5.0,inferred
Crawley,2021-05-02,0.0,0.0,0.0,1.0,1.0,1.0,2.0,2.0,2.0,3.0,3.0,4.0,6.0,inferred
Crawley,2021-05-03,0.0,0.0,1.0,1.0,1.0,2.0,2.0,3.0,3.0,3.0,4.0,5.0,6.0,inferred
Crawley,2021-05-04,0.0,0.0,1.0,1.0,1.0,2.0,2.0,2.0,3.0,3.0,4.0,5.0,6.0,inferred
Crawley,2021-05-05,0.0,0.0,1.0,1.0,1.0,2.0,2.0,3.0,3.0,4.0,4.0,5.0,6.0,inferred
Crawley,2021-05-06,0.0,0.0,1.0,1.0,1.0,2.0,2.0,3.0,3.0,3.0,4.0,5.0,6.0,inferred
Crawley,2021-05-07,0.0,0.0,0.0,1.0,1.0,1.0,2.0,2.0,3.0,3.0,3.0,4.0,6.0,inferred
Crawley,2021-05-08,0.0,0.0,0.0,1.0,1.0,1.0,1.0,2.0,2.0,2.0,3.0,3.0,5.0,inferred
Crawley,2021-05-09,0.0,0.0,1.0,1.0,1.0,1.0,2.0,2.0,3.0,3.0,3.0,4.0,6.0,inferred
Crawley,2021-05-10,0.0,0.0,1.0,1.0,1.0,2.0,2.0,2.0,3.0,3.0,3.0,4.0,6.0,inferred
Crawley,2021-05-11,0.0,0.0,1.0,1.0,1.0,1.0,2.0,2.0,3.0,3.0,3.0,4.0,6.0,inferred
Crawley,2021-05-12,0.0,0.0,1.0,1.0,1.0,2.0,2.0,2.0,3.0,3.0,3.0,4.0,6.0,inferred
Crawley,2021-05-13,0.0,0.0,1.0,1.0,1.0,1.0,2.0,2.0,3.0,3.0,3.0,4.0,6.0,inferred
Crawley,2021-05-14,0.0,0.0,0.0,1.0,1.0,1.0,1.0,2.0,2.0,2.0,3.0,4.0,5.0,inferred
Crawley,2021-05-15,0.0,0.0,0.0,0.0,1.0,1.0,1.0,1.0,2.0,2.0,2.0,3.0,5.0,inferred
Crawley,2021-05-16,0.0,0.0,0.0,0.0,1.0,1.0,1.0,2.0,2.0,2.0,3.0,3.0,5.0,inferred
Crawley,2021-05-17,0.0,0.0,1.0,1.0,1.0,1.0,2.0,2.0,3.0,3.0,3.0,4.0,6.0,inferred
Crawley,2021-05-18,0.0,0.0,0.0,1.0,1.0,1.0,2.0,2.0,2.0,3.0,3.0,4.0,5.5,inferred
Crawley,2021-05-19,0.0,0.0,1.0,1.0,1.0,1.0,2.0,2.0,3.0,3.0,3.0,4.0,6.0,inferred
Crawley,2021-05-20,0.0,0.0,1.0,1.0,1.0,1.0,2.0,2.0,3.0,3.0,3.0,4.0,6.0,inferred
Crawley,2021-05-21,0.0,0.0,0.0,1.0,1.0,1.0,2.0,2.0,2.0,3.0,3.0,4.0,6.0,inferred
Crawley,2021-05-22,0.0,0.0,0.0,0.0,1.0,1.0,1.0,2.0,2.0,2.0,3.0,4.0,5.0,inferred
Crawley,2021-05-23,0.0,0.0,1.0,1.0,1.0,1.0,2.0,2.0,3.0,3.0,3.0,4.0,6.0,inferred
Crawley,2021-05-24,0.0,0.0,1.0,1.0,1.0,2.0,2.0,3.0,3.0,4.0,4.0,5.0,7.0,inferred
Crawley,2021-05-25,0.0,1.0,1.0,1.0,1.0,2.0,2.0,3.0,3.0,4.0,4.0,5.0,7.0,inferred
Crawley,2021-05-26,0.0,1.0,1.0,1.0,2.0,2.0,3.0,3.0,4.0,4.0,4.0,6.0,7.0,inferred
Crawley,2021-05-27,0.0,1.0,1.0,1.0,2.0,2.0,3.0,3.0,4.0,4.0,4.0,5.0,7.0,inferred
Crawley,2021-05-28,0.0,1.0,1.0,1.0,2.0,2.0,3.0,3.0,4.0,4.0,4.0,5.0,7.0,inferred
Crawley,2021-05-29,0.0,0.0,1.0,1.0,1.0,2.0,2.0,3.0,3.0,4.0,4.0,5.0,7.0,inferred
Crawley,2021-05-30,0.0,1.0,2.0,2.0,2.0,3.0,3.0,4.0,4.0,5.0,5.0,6.0,8.0,inferred
Crawley,2021-05-31,1.0,2.0,2.0,3.0,3.0,4.0,4.0,5.0,6.0,6.0,7.0,8.0,10.0,inferred
Crawley,2021-06-01,1.0,2.0,3.0,3.0,3.0,4.0,5.0,5.0,6.0,6.0,7.0,8.0,11.0,inferred
Crawley,2021-06-02,1.0,2.0,3.0,4.0,4.0,5.0,5.0,6.0,7.0,7.0,8.0,9.0,12.0,inferred
Crawley,2021-06-03,1.0,2.0,3.0,3.0,4.0,4.0,5.0,6.0,6.0,7.0,7.0,9.0,11.0,inferred
Crawley,2021-06-04,1.0,2.0,3.0,3.0,3.0,4.0,5.0,5.0,6.0,6.0,7.0,8.0,10.0,inferred
Crawley,2021-06-05,1.0,2.0,2.0,3.0,3.0,4.0,4.0,5.0,6.0,6.0,6.0,8.0,10.0,inferred
Crawley,2021-06-06,1.0,2.0,3.0,4.0,4.0,5.0,5.0,6.0,7.0,7.0,8.0,9.0,12.0,inferred
Crawley,2021-06-07,2.0,4.0,5.0,5.0,5.0,6.0,7.0,8.0,9.0,9.0,10.0,11.0,14.0,inferred
Crawley,2021-06-08,2.0,3.0,5.0,5.0,6.0,6.0,7.0,8.0,9.0,9.0,10.0,12.0,14.0,inferred
Crawley,2021-06-09,3.0,4.0,5.0,6.0,6.0,7.0,8.0,9.0,10.0,10.0,11.0,13.0,15.0,inferred
Crawley,2021-06-10,2.5,4.0,5.0,6.0,6.0,7.0,8.0,9.0,10.0,10.0,11.0,12.0,15.0,inferred
Crawley,2021-06-11,2.0,4.0,5.0,5.0,6.0,6.0,7.0,8.0,9.0,9.0,10.0,12.0,14.0,inferred
Crawley,2021-06-12,1.0,3.0,4.0,4.0,5.0,5.0,6.0,7.0,8.0,8.0,9.0,10.0,12.0,inferred
Crawley,2021-06-13,2.0,4.0,5.0,6.0,6.0,7.0,8.0,9.0,9.0,10.0,11.0,12.0,15.0,inferred
Crawley,2021-06-14,4.0,6.0,7.0,7.0,8.0,9.0,10.0,11.0,12.0,12.0,13.0,15.0,18.0,inferred
Crawley,2021-06-15,4.0,6.0,7.0,8.0,8.0,9.0,10.0,11.0,12.0,13.0,14.0,15.0,19.0,inferred
Crawley,2021-06-16,4.0,6.0,8.0,9.0,9.0,10.0,11.0,12.0,13.0,14.0,15.0,17.0,20.0,inferred
Crawley,2021-06-17,4.0,6.0,8.0,8.0,9.0,10.0,11.0,12.0,13.0,14.0,14.0,16.0,20.0,inferred
Crawley,2021-06-18,4.0,6.0,7.0,7.0,8.0,9.0,10.0,11.0,12.0,13.0,14.0,16.0,19.0,inferred
Croydon,2021-03-06,8.0,11.0,12.0,13.0,14.0,15.0,16.0,17.0,18.0,19.0,20.0,22.0,25.0,inferred
Croydon,2021-03-07,10.0,12.0,14.0,15.0,16.0,17.0,18.0,19.0,20.0,21.0,22.0,24.0,28.0,inferred
Croydon,2021-03-08,14.0,17.0,19.0,20.0,20.0,21.6,23.0,24.0,26.0,27.0,27.0,30.0,34.0,inferred
Croydon,2021-03-09,13.0,16.0,18.0,19.0,20.0,21.0,22.0,24.0,25.0,26.0,27.0,30.0,34.0,inferred
Croydon,2021-03-10,13.0,16.0,18.0,18.0,19.0,20.0,22.0,23.0,25.0,25.0,27.0,29.0,32.0,inferred
Croydon,2021-03-11,11.0,13.0,15.0,16.0,17.0,19.0,20.0,21.0,22.0,23.0,24.0,26.0,30.0,inferred
Croydon,2021-03-12,9.0,11.9,13.0,14.0,14.0,15.0,17.0,18.0,19.0,20.0,21.0,23.0,26.0,inferred
Croydon,2021-03-13,6.0,8.0,10.0,10.0,11.0,12.0,13.0,14.0,15.0,16.0,17.0,19.0,22.0,inferred
Croydon,2021-03-14,7.0,9.0,11.0,11.0,12.0,13.0,14.0,15.0,16.0,17.0,18.0,20.0,24.0,inferred
Croydon,2021-03-15,9.0,11.0,13.0,14.0,14.0,16.0,17.0,18.0,19.0,20.0,21.0,23.0,27.0,inferred
Croydon,2021-03-16,8.0,11.0,12.0,13.0,14.0,15.0,16.0,17.0,18.0,19.0,20.0,22.0,27.0,inferred
Croydon,2021-03-17,8.0,10.0,12.0,13.0,13.0,15.0,16.0,17.0,18.0,19.0,19.0,22.0,25.0,inferred
Croydon,2021-03-18,7.0,9.0,11.0,11.0,12.0,13.0,14.0,15.0,16.0,17.0,18.0,20.0,24.0,inferred
Croydon,2021-03-19,5.0,7.0,9.0,10.0,10.0,11.0,12.0,13.0,14.0,15.0,16.0,18.0,21.0,inferred
Croydon,2021-03-20,4.0,6.0,7.0,8.0,8.0,9.0,10.0,11.0,12.0,12.0,13.0,15.0,18.0,inferred
Croydon,2021-03-21,5.0,6.9,8.0,9.0,9.0,10.0,11.0,12.0,13.0,14.0,14.0,16.0,20.0,inferred
Croydon,2021-03-22,6.0,9.0,10.0,11.0,12.0,13.0,14.0,15.0,16.0,17.0,18.0,20.0,23.0,inferred
Croydon,2021-03-23,6.0,9.0,10.0,11.0,11.0,12.0,13.0,14.0,16.0,16.0,17.0,19.0,22.0,inferred
Croydon,2021-03-24,6.0,8.0,9.0,10.0,11.0,12.0,13.0,14.0,15.0,16.0,17.0,19.0,22.0,inferred
Croydon,2021-03-25,5.0,7.0,8.0,9.0,9.7,10.0,11.0,12.0,13.0,14.0,15.0,16.0,19.0,inferred
Croydon,2021-03-26,4.0,6.0,7.0,7.0,8.0,9.0,10.0,11.0,12.0,12.0,13.0,15.0,18.0,inferred
Croydon,2021-03-27,2.0,4.0,5.0,6.0,6.0,7.0,8.0,9.0,10.0,10.0,11.0,12.0,15.0,inferred
Croydon,2021-03-28,3.0,5.0,6.0,6.0,7.0,8.0,8.0,9.0,10.0,11.0,11.0,13.0,16.0,inferred
Croydon,2021-03-29,4.0,6.0,7.0,8.0,8.0,9.0,10.0,11.0,12.0,13.0,13.0,15.0,18.0,inferred
Croydon,2021-03-30,4.0,5.0,7.0,7.0,8.0,9.0,10.0,10.0,11.0,12.0,13.0,14.0,18.0,inferred
Croydon,2021-03-31,4.0,5.0,7.0,7.0,8.0,8.0,9.0,10.0,11.0,12.0,13.0,14.0,17.0,inferred
Croydon,2021-04-01,3.0,5.0,6.0,6.0,7.0,8.0,8.0,9.0,10.0,11.0,11.0,13.0,16.0,inferred
Croydon,2021-04-02,2.0,4.0,5.0,5.0,5.0,6.0,7.0,8.0,9.0,9.0,10.0,11.0,14.0,inferred
Croydon,2021-04-03,1.0,3.0,4.0,4.0,4.0,5.0,6.0,6.0,7.0,8.0,8.0,9.0,12.0,inferred
Croydon,2021-04-04,2.0,3.0,4.0,5.0,5.0,6.0,7.0,7.0,8.0,8.0,9.0,10.0,13.0,inferred
Croydon,2021-04-05,2.0,4.0,5.0,6.0,6.0,7.0,8.0,9.0,10.0,10.0,11.0,12.0,15.0,inferred
Croydon,2021-04-06,3.0,4.0,5.0,6.0,6.0,7.0,8.0,9.0,10.0,10.0,11.0,13.0,15.0,inferred
Croydon,2021-04-07,3.0,4.0,5.0,6.0,6.0,7.0,8.0,9.0,10.0,11.0,11.0,13.0,16.0,inferred
Croydon,2021-04-08,2.5,4.0,5.0,6.0,6.0,7.0,8.0,9.0,9.0,10.0,10.0,12.0,15.0,inferred
Croydon,2021-04-09,2.0,3.0,4.0,5.0,5.0,6.0,7.0,7.0,8.0,9.0,9.0,11.0,13.0,inferred
Croydon,2021-04-10,1.0,3.0,4.0,4.0,4.0,5.0,5.0,6.0,7.0,7.0,8.0,9.0,11.0,inferred
Croydon,2021-04-11,2.0,3.0,4.0,4.0,5.0,6.0,6.0,7.0,8.0,8.0,9.0,10.0,12.0,inferred
Croydon,2021-04-12,2.5,4.0,5.0,6.0,6.0,7.0,8.0,9.0,10.0,10.0,11.0,12.0,15.0,inferred
Croydon,2021-04-13,3.0,4.0,5.0,6.0,6.0,7.0,8.0,9.0,9.0,10.0,11.0,12.0,15.0,inferred
Croydon,2021-04-14,3.0,4.9,6.0,6.0,7.0,7.0,8.0,9.0,10.0,11.0,11.0,13.0,16.0,inferred
Croydon,2021-04-15,3.0,4.0,5.0,6.0,6.0,7.0,8.0,9.0,10.0,10.0,11.0,13.0,15.0,inferred
Croydon,2021-04-16,2.0,4.0,5.0,5.0,6.0,7.0,7.0,8.0,9.0,10.0,10.0,12.0,14.5,inferred
Croydon,2021-04-17,2.0,3.0,4.0,4.0,5.0,6.0,6.0,7.0,8.0,8.0,9.0,10.0,13.0,inferred
Croydon,2021-04-18,2.0,4.0,5.0,6.0,6.0,7.0,8.0,8.0,9.0,10.0,10.0,12.0,15.0,inferred
Croydon,2021-04-19,4.0,6.0,7.0,8.0,8.0,9.0,10.0,11.0,12.0,13.0,13.0,15.0,18.0,inferred
Croydon,2021-04-20,4.0,6.0,7.0,8.0,8.0,9.0,10.0,11.0,12.0,13.0,14.0,16.0,19.0,inferred
Croydon,2021-04-21,4.0,6.0,7.0,8.0,8.0,9.0,10.0,11.0,12.0,13.0,14.0,16.0,19.0,inferred
Croydon,2021-04-22,4.0,6.0,7.0,8.0,8.0,9.0,10.0,11.0,12.0,12.0,13.0,15.0,17.0,inferred
Croydon,2021-04-23,3.0,5.0,6.0,6.0,7.0,8.0,8.0,9.0,10.0,11.0,12.0,13.0,16.0,inferred
Croydon,2021-04-24,2.0,4.0,5.0,5.0,5.0,6.0,7.0,8.0,9.0,9.0,10.0,11.0,14.0,inferred
Croydon,2021-04-25,3.0,4.9,6.0,6.0,7.0,7.0,8.0,9.0,10.0,10.0,11.0,13.0,15.0,inferred
Croydon,2021-04-26,4.0,6.0,8.0,8.0,9.0,10.0,10.0,11.0,12.0,13.0,14.0,16.0,18.0,inferred
Croydon,2021-04-27,4.0,6.0,8.0,8.0,9.0,10.0,10.0,11.4,13.0,13.0,14.0,15.0,18.0,inferred
Croydon,2021-04-28,4.0,6.0,8.0,8.0,9.0,10.0,11.0,12.0,13.0,14.0,14.0,16.0,20.0,inferred
Croydon,2021-04-29,4.0,6.0,7.0,8.0,8.0,9.0,10.0,11.0,12.0,13.0,13.0,15.0,18.0,inferred
Croydon,2021-04-30,3.5,5.0,7.0,7.0,8.0,8.0,9.0,10.0,11.0,12.0,12.0,14.0,17.0,inferred
Croydon,2021-05-01,3.0,4.0,5.0,6.0,6.0,7.0,7.0,8.0,9.0,10.0,10.0,12.0,14.0,inferred
Croydon,2021-05-02,3.0,5.0,6.0,7.0,7.0,8.0,9.0,10.0,11.0,11.0,12.0,13.0,16.0,inferred
Croydon,2021-05-03,5.0,7.0,8.0,9.0,9.0,10.0,11.0,12.0,13.0,14.0,15.0,16.0,20.0,inferred
Croydon,2021-05-04,5.0,7.0,9.0,9.0,10.0,11.0,11.0,13.0,14.0,14.0,15.0,17.0,20.0,inferred
Croydon,2021-05-05,5.0,8.0,9.0,10.0,10.0,11.0,12.0,13.0,14.0,15.0,16.0,18.0,20.0,inferred
Croydon,2021-05-06,5.0,7.0,9.0,10.0,10.0,11.0,12.0,13.0,14.0,15.0,16.0,17.0,20.0,inferred
Croydon,2021-05-07,5.0,7.0,8.0,9.0,9.0,10.0,11.0,12.0,13.0,14.0,14.0,16.0,20.0,inferred
Croydon,2021-05-08,4.0,5.0,7.0,7.0,8.0,9.0,10.0,10.0,11.0,12.0,13.0,14.0,18.0,inferred
Croydon,2021-05-09,5.0,7.0,8.0,9.0,9.0,10.0,11.0,12.0,13.0,14.0,15.0,17.0,20.0,inferred
Croydon,2021-05-10,8.0,10.0,11.0,12.0,13.0,14.0,15.0,16.0,17.0,18.0,19.0,21.0,25.0,inferred
Croydon,2021-05-11,7.0,10.0,11.0,12.0,13.0,14.0,15.0,16.0,17.0,18.0,19.0,21.0,24.0,inferred
Croydon,2021-05-12,8.0,11.0,12.0,13.0,14.0,15.0,16.0,17.0,18.0,19.0,20.0,22.0,26.0,inferred
Croydon,2021-05-13,8.0,10.0,12.0,13.0,13.0,15.0,16.0,17.0,18.0,19.0,19.0,22.0,25.0,inferred
Croydon,2021-05-14,7.0,9.0,11.0,12.0,12.0,13.0,14.0,16.0,17.0,17.0,18.0,20.1,24.0,inferred
Croydon,2021-05-15,6.0,8.0,9.0,10.0,10.0,11.0,12.0,13.0,14.0,15.0,16.0,17.0,21.0,inferred
Croydon,2021-05-16,7.0,9.0,11.0,12.0,12.0,14.0,14.5,16.0,17.0,18.0,18.0,21.0,24.0,inferred
Croydon,2021-05-17,11.0,13.0,15.0,16.0,17.0,18.0,19.0,21.0,22.0,23.0,24.0,26.0,30.0,inferred
Croydon,2021-05-18,11.0,14.0,16.0,17.0,17.0,19.0,20.0,21.0,23.0,23.0,24.0,27.0,31.0,inferred
Croydon,2021-05-19,12.0,15.0,17.0,18.0,18.7,20.0,21.0,23.0,24.0,25.0,26.0,28.0,33.0,inferred
Croydon,2021-05-20,12.0,14.0,16.0,17.0,18.0,19.0,21.0,22.0,23.3,24.0,25.0,28.0,31.0,inferred
Croydon,2021-05-21,10.0,13.0,15.0,16.0,17.0,18.0,19.0,20.0,22.0,23.0,24.0,26.0,29.0,inferred
Croydon,2021-05-22,8.0,11.0,13.0,13.0,14.0,15.0,16.0,18.0,19.0,20.0,20.0,23.0,27.0,inferred
Croydon,2021-05-23,11.0,13.0,15.0,16.0,17.0,18.0,20.0,21.0,22.0,23.0,24.0,26.0,32.0,inferred
Croydon,2021-05-24,15.0,18.0,21.0,22.0,23.0,24.0,26.0,27.0,29.0,30.0,31.0,34.0,38.0,inferred
Croydon,2021-05-25,16.0,20.0,22.0,23.0,24.0,25.0,27.0,28.0,30.0,31.0,32.0,34.0,39.0,inferred
Croydon,2021-05-26,17.0,21.0,23.0,24.0,25.0,27.0,29.0,30.0,32.0,33.0,34.0,37.0,42.0,inferred
Croydon,2021-05-27,17.0,21.0,23.0,24.0,25.0,26.0,28.0,29.0,31.0,32.0,33.0,36.0,41.0,inferred
Croydon,2021-05-28,15.0,19.0,21.0,22.0,23.0,24.0,26.0,27.0,29.0,30.0,31.0,33.0,38.0,inferred
Croydon,2021-05-29,12.0,16.0,18.0,18.0,19.0,21.0,22.0,23.0,25.0,26.0,27.0,29.0,33.0,inferred
Croydon,2021-05-30,16.0,19.0,22.0,23.0,23.0,25.0,26.5,28.0,30.0,30.0,31.0,34.0,38.0,inferred
Croydon,2021-05-31,22.0,27.0,29.0,30.0,31.0,33.0,35.0,37.0,39.0,40.0,41.0,43.0,48.0,inferred
Croydon,2021-06-01,23.0,27.0,30.0,31.0,32.0,34.0,36.0,38.0,39.3,40.0,42.0,45.0,50.0,inferred
Croydon,2021-06-02,25.0,29.0,32.0,33.0,34.0,35.0,37.0,39.0,41.0,42.0,43.0,46.0,52.0,inferred
Croydon,2021-06-03,23.0,28.0,30.0,31.0,32.0,34.0,36.0,38.0,40.0,41.0,42.0,46.0,51.0,inferred
Croydon,2021-06-04,21.0,25.0,28.0,29.0,30.0,31.0,33.0,35.0,37.0,38.0,39.0,42.0,47.0,inferred
Croydon,2021-06-05,18.0,20.9,23.0,24.0,25.0,26.0,28.0,29.0,31.0,32.0,33.0,36.0,41.0,inferred
Croydon,2021-06-06,21.0,25.0,28.0,29.0,30.0,32.0,33.0,35.0,37.0,38.0,39.0,42.0,47.0,inferred
Croydon,2021-06-07,29.0,34.0,37.0,38.0,39.0,41.0,43.0,45.0,48.0,49.0,50.0,54.0,59.5,inferred
Croydon,2021-06-08,29.0,34.0,37.0,38.0,39.0,42.0,44.0,46.0,48.0,49.0,50.0,53.0,59.0,inferred
Croydon,2021-06-09,30.0,34.0,37.0,38.0,39.0,42.0,44.0,46.0,48.0,49.0,51.0,54.0,60.0,inferred
Croydon,2021-06-10,28.0,31.0,34.0,36.0,37.0,39.0,40.0,42.0,44.3,46.0,47.0,50.0,57.0,inferred
Croydon,2021-06-11,24.0,27.0,30.0,31.0,32.0,34.0,36.0,37.0,40.0,41.0,42.0,45.0,51.0,inferred
Croydon,2021-06-12,18.0,22.0,24.0,25.0,26.0,28.0,29.0,31.0,32.0,33.0,35.0,38.0,42.0,inferred
Croydon,2021-06-13,21.0,25.0,28.0,29.0,30.0,32.0,33.0,35.0,37.0,38.0,39.0,42.0,47.0,inferred
Croydon,2021-06-14,30.0,34.0,37.0,38.0,39.0,41.0,43.0,45.0,47.0,48.0,49.0,53.0,58.0,inferred
Croydon,2021-06-15,28.5,33.0,36.0,37.0,39.0,41.0,43.0,44.0,47.0,48.0,49.0,53.0,59.0,inferred
Croydon,2021-06-16,30.0,34.0,37.0,39.0,40.0,42.0,44.0,46.0,48.0,49.0,51.0,54.0,60.0,inferred
Croydon,2021-06-17,28.0,32.0,35.0,36.0,37.0,39.0,41.0,43.0,45.0,46.0,47.0,51.0,57.0,inferred
Croydon,2021-06-18,24.0,28.0,31.0,32.0,33.0,35.0,36.0,38.0,40.0,42.0,43.0,46.0,52.0,inferred
Dacorum,2021-03-06,3.0,5.0,6.0,7.0,8.0,8.0,9.0,10.0,11.0,12.0,12.0,14.0,17.0,inferred
Dacorum,2021-03-07,4.0,6.0,7.0,8.0,8.0,9.0,10.0,11.0,12.0,12.0,13.0,15.0,18.0,inferred
Dacorum,2021-03-08,5.0,7.0,8.0,9.0,9.0,10.0,11.0,12.0,13.0,14.0,15.0,17.0,20.0,inferred
Dacorum,2021-03-09,4.0,6.0,7.0,8.0,8.0,9.0,10.0,11.0,12.0,13.0,13.0,15.0,19.0,inferred
Dacorum,2021-03-10,4.0,6.0,7.0,8.0,8.0,9.0,10.0,11.0,12.0,13.0,13.0,15.0,18.0,inferred
Dacorum,2021-03-11,3.0,5.0,6.0,7.0,7.0,8.0,9.0,10.0,11.0,12.0,12.0,14.0,17.0,inferred
Dacorum,2021-03-12,3.0,4.0,5.0,6.0,6.0,7.0,8.0,9.0,10.0,10.0,11.0,12.0,15.0,inferred
Dacorum,2021-03-13,1.0,3.0,4.0,4.0,5.0,5.0,6.0,7.0,8.0,8.0,9.0,10.0,13.0,inferred
Dacorum,2021-03-14,2.0,3.0,5.0,5.0,5.0,6.0,7.0,8.0,9.0,9.0,10.0,11.0,14.0,inferred
Dacorum,2021-03-15,3.0,5.0,6.0,6.0,7.0,7.0,8.0,9.0,10.0,11.0,11.0,13.0,17.0,inferred
Dacorum,2021-03-16,3.0,4.0,5.0,6.0,6.0,7.0,8.0,9.0,10.0,10.0,11.0,13.0,16.0,inferred
Dacorum,2021-03-17,3.0,4.0,6.0,6.0,7.0,7.0,8.0,9.0,10.0,11.0,12.0,13.0,16.0,inferred
Dacorum,2021-03-18,2.0,4.0,5.0,6.0,6.0,7.0,8.0,9.0,9.0,10.0,10.2,12.0,15.0,inferred
Dacorum,2021-03-19,2.0,3.0,4.0,5.0,5.0,6.0,7.0,8.0,9.0,9.0,10.0,11.0,14.0,inferred
Dacorum,2021-03-20,1.0,2.0,3.0,4.0,4.0,5.0,5.0,6.0,7.0,7.0,8.0,9.0,12.0,inferred
Dacorum,2021-03-21,2.0,3.0,4.0,5.0,5.0,6.0,6.0,7.0,8.0,9.0,9.0,10.0,13.0,inferred
Dacorum,2021-03-22,3.0,4.0,5.0,6.0,6.0,7.0,8.0,9.0,10.0,10.0,11.0,13.0,16.0,inferred
Dacorum,2021-03-23,3.0,4.0,5.0,6.0,6.0,7.0,8.0,9.0,10.0,10.0,11.0,12.0,15.0,inferred
Dacorum,2021-03-24,3.0,4.0,5.0,6.0,6.0,7.0,8.0,9.0,10.0,10.0,11.0,13.0,16.0,inferred
Dacorum,2021-03-25,2.0,4.0,5.0,5.0,6.0,6.0,7.0,8.0,9.0,9.0,10.0,11.0,14.0,inferred
Dacorum,2021-03-26,1.0,3.0,4.0,4.0,5.0,5.0,6.0,7.0,8.0,8.0,9.0,10.0,13.0,inferred
Dacorum,2021-03-27,1.0,2.0,3.0,3.0,3.0,4.0,5.0,5.0,6.0,6.0,7.0,8.0,11.0,inferred
Dacorum,2021-03-28,1.0,2.0,3.0,4.0,4.0,5.0,5.0,6.0,7.0,8.0,8.0,10.0,12.0,inferred
Dacorum,2021-03-29,2.0,3.0,4.0,5.0,5.0,6.0,7.0,7.0,8.0,9.0,9.0,11.0,13.0,inferred
Dacorum,2021-03-30,1.0,3.0,4.0,4.0,5.0,5.6,6.0,7.0,8.0,8.0,9.0,10.0,13.0,inferred
Dacorum,2021-03-31,2.0,3.0,4.0,4.0,5.0,6.0,6.0,7.0,8.0,9.0,9.0,11.0,14.0,inferred
Dacorum,2021-04-01,1.0,3.0,4.0,4.0,4.0,5.0,6.0,6.0,7.0,8.0,8.0,10.0,13.0,inferred
Dacorum,2021-04-02,1.0,2.0,3.0,3.0,4.0,4.0,5.0,5.0,6.0,7.0,7.0,8.0,10.0,inferred
Dacorum,2021-04-03,0.0,1.0,2.0,2.0,3.0,3.0,4.0,4.0,5.0,5.0,6.0,7.0,9.0,inferred
Dacorum,2021-04-04,1.0,2.0,2.0,3.0,3.0,4.0,4.0,5.0,6.0,6.0,7.0,8.0,10.0,inferred
Dacorum,2021-04-05,1.0,2.0,3.0,3.0,4.0,4.0,5.0,6.0,6.0,7.0,7.0,9.0,11.0,inferred
Dacorum,2021-04-06,1.0,2.0,3.0,3.0,3.0,4.0,5.0,5.0,6.0,6.0,7.0,8.0,11.0,inferred
Dacorum,2021-04-07,1.0,2.0,3.0,3.0,4.0,4.0,5.0,6.0,6.0,7.0,7.0,9.0,11.0,inferred
Dacorum,2021-04-08,1.0,2.0,2.0,3.0,3.0,4.0,4.0,5.0,6.0,6.0,6.2,8.0,10.0,inferred
Dacorum,2021-04-09,0.0,1.0,2.0,2.0,3.0,3.0,4.0,4.4,5.0,5.0,6.0,7.0,9.0,inferred
Dacorum,2021-04-10,0.0,1.0,2.0,2.0,2.0,3.0,3.0,4.0,4.0,5.0,5.0,6.0,8.0,inferred
Dacorum,2021-04-11,0.0,1.0,2.0,2.0,3.0,3.0,3.0,4.0,5.0,5.0,6.0,7.0,9.0,inferred
Dacorum,2021-04-12,1.0,2.0,3.0,3.0,3.0,4.0,4.0,5.0,6.0,6.0,7.0,8.0,11.0,inferred
Dacorum,2021-04-13,1.0,2.0,2.0,3.0,3.0,4.0,4.0,5.0,6.0,6.0,7.0,8.0,10.0,inferred
Dacorum,2021-04-14,1.0,2.0,3.0,3.0,3.0,4.0,5.0,5.0,6.0,7.0,7.0,8.0,11.0,inferred
Dacorum,2021-04-15,1.0,2.0,2.0,3.0,3.0,4.0,4.0,5.0,6.0,6.0,7.0,8.0,10.0,inferred
Dacorum,2021-04-16,0.0,1.0,2.0,3.0,3.0,3.0,4.0,4.0,5.0,5.0,6.0,7.0,10.0,inferred
Dacorum,2021-04-17,0.0,1.0,2.0,2.0,2.0,3.0,3.0,4.0,4.0,5.0,5.0,6.0,8.0,inferred
Dacorum,2021-04-18,0.0,1.0,2.0,2.0,3.0,3.0,4.0,4.0,5.0,6.0,6.0,7.0,9.0,inferred
Dacorum,2021-04-19,1.0,2.0,3.0,3.0,4.0,4.0,5.0,6.0,6.0,7.0,7.0,9.0,11.0,inferred
Dacorum,2021-04-20,1.0,2.0,3.0,3.0,3.0,4.0,5.0,5.0,6.0,7.0,7.0,9.0,11.0,inferred
Dacorum,2021-04-21,1.0,2.0,3.0,3.0,4.0,5.0,5.0,6.0,7.0,7.0,8.0,9.0,11.0,inferred
Dacorum,2021-04-22,1.0,2.0,3.0,3.0,3.0,4.0,5.0,5.0,6.0,7.0,7.0,8.0,11.0,inferred
Dacorum,2021-04-23,1.0,2.0,2.0,3.0,3.0,4.0,4.0,5.0,5.0,6.0,6.0,8.0,10.0,inferred
Dacorum,2021-04-24,0.0,1.0,2.0,2.0,2.0,3.0,3.0,4.0,4.0,5.0,5.0,6.0,8.0,inferred
Dacorum,2021-04-25,0.0,1.0,2.0,2.0,3.0,3.0,4.0,4.0,5.0,5.0,6.0,7.0,9.0,inferred
Dacorum,2021-04-26,1.0,2.0,3.0,3.0,3.0,4.0,4.0,5.0,6.0,6.0,7.0,8.0,10.0,inferred
Dacorum,2021-04-27,1.0,2.0,2.0,3.0,3.0,4.0,4.0,5.0,5.0,6.0,6.0,8.0,10.0,inferred
Dacorum,2021-04-28,0.0,2.0,2.0,3.0,3.0,4.0,4.0,5.0,6.0,6.0,7.0,8.0,10.0,inferred
Dacorum,2021-04-29,1.0,1.0,2.0,2.0,3.0,3.0,4.0,4.0,5.0,5.0,6.0,7.0,10.0,inferred
Dacorum,2021-04-30,0.0,1.0,2.0,2.0,2.0,3.0,3.0,4.0,4.0,5.0,5.0,6.0,8.0,inferred
Dacorum,2021-05-01,0.0,0.0,1.0,1.0,2.0,2.0,2.0,3.0,3.0,4.0,4.0,5.0,7.0,inferred
Dacorum,2021-05-02,0.0,1.0,1.0,2.0,2.0,2.0,3.0,3.0,4.0,4.0,5.0,6.0,7.0,inferred
Dacorum,2021-05-03,0.0,1.0,2.0,2.0,2.0,3.0,3.0,4.0,5.0,5.0,5.0,7.0,9.0,inferred
Dacorum,2021-05-04,0.0,1.0,2.0,2.0,2.0,3.0,3.0,4.0,4.0,5.0,5.0,6.0,9.0,inferred
Dacorum,2021-05-05,0.0,1.0,2.0,2.0,2.0,3.0,3.0,4.0,5.0,5.0,5.0,7.0,9.0,inferred
Dacorum,2021-05-06,0.0,1.0,2.0,2.0,2.0,3.0,3.0,4.0,4.0,5.0,5.0,6.0,8.0,inferred
Dacorum,2021-05-07,0.0,1.0,1.0,2.0,2.0,2.0,3.0,3.0,4.0,4.0,5.0,6.0,8.0,inferred
Dacorum,2021-05-08,0.0,0.0,1.0,1.0,1.0,2.0,2.0,3.0,3.0,3.0,4.0,5.0,7.0,inferred
Dacorum,2021-05-09,0.0,1.0,1.0,1.0,2.0,2.0,2.0,3.0,4.0,4.0,4.0,5.0,8.0,inferred
Dacorum,2021-05-10,0.0,1.0,2.0,2.0,2.0,3.0,3.0,4.0,4.0,5.0,5.0,6.0,8.0,inferred
Dacorum,2021-05-11,0.0,1.0,1.0,2.0,2.0,2.0,3.0,3.0,4.0,5.0,5.0,6.0,8.0,inferred
Dacorum,2021-05-12,0.0,1.0,1.0,2.0,2.0,2.0,3.0,3.0,4.0,5.0,5.0,6.0,8.0,inferred
Dacorum,2021-05-13,0.0,1.0,1.0,2.0,2.0,2.0,3.0,3.0,4.0,4.0,5.0,6.0,8.0,inferred
Dacorum,2021-05-14,0.0,1.0,1.0,1.0,2.0,2.0,2.0,3.0,3.0,4.0,4.0,5.0,7.0,inferred
Dacorum,2021-05-15,0.0,0.0,1.0,1.0,1.0,2.0,2.0,2.0,3.0,3.0,4.0,5.0,6.5,inferred
Dacorum,2021-05-16,0.0,1.0,1.0,1.0,2.0,2.0,2.0,3.0,3.0,4.0,4.0,5.0,7.0,inferred
Dacorum,2021-05-17,0.0,1.0,2.0,2.0,2.0,3.0,3.0,4.0,4.0,5.0,5.0,6.0,8.0,inferred
Dacorum,2021-05-18,0.0,1.0,1.0,2.0,2.0,3.0,3.0,4.0,4.0,4.0,5.0,6.0,8.0,inferred
Dacorum,2021-05-19,0.0,1.0,2.0,2.0,2.0,3.0,3.0,4.0,4.0,5.0,5.0,6.0,8.0,inferred
Dacorum,2021-05-20,0.0,1.0,2.0,2.0,2.0,3.0,3.0,4.0,4.0,5.0,5.0,6.0,8.0,inferred
Dacorum,2021-05-21,0.0,1.0,1.0,2.0,2.0,2.0,3.0,3.0,4.0,4.0,5.0,6.0,8.0,inferred
Dacorum,2021-05-22,0.0,1.0,1.0,1.0,1.0,2.0,2.0,3.0,3.0,4.0,4.0,5.0,7.0,inferred
Dacorum,2021-05-23,0.0,1.0,1.0,2.0,2.0,2.0,3.0,3.0,4.0,4.0,5.0,6.0,8.0,inferred
Dacorum,2021-05-24,0.0,1.0,2.0,2.0,3.0,3.0,4.0,4.0,5.0,5.0,6.0,7.0,10.0,inferred
Dacorum,2021-05-25,0.0,1.0,2.0,2.0,3.0,3.0,4.0,4.0,5.0,5.0,6.0,7.0,9.0,inferred
Dacorum,2021-05-26,1.0,2.0,2.0,3.0,3.0,4.0,4.0,5.0,6.0,6.0,6.0,8.0,10.0,inferred
Dacorum,2021-05-27,1.0,2.0,2.0,3.0,3.0,4.0,4.0,5.0,6.0,6.0,6.0,7.0,10.0,inferred
Dacorum,2021-05-28,0.0,1.0,2.0,2.0,3.0,3.0,4.0,5.0,5.0,6.0,6.0,7.1,9.0,inferred
Dacorum,2021-05-29,0.0,1.0,2.0,2.0,2.0,3.0,3.0,4.0,5.0,5.0,5.0,7.0,9.0,inferred
Dacorum,2021-05-30,1.0,2.0,2.0,3.0,3.0,4.0,4.0,5.0,6.0,6.0,6.0,8.0,10.0,inferred
Dacorum,2021-05-31,1.0,2.0,3.0,4.0,4.0,5.0,6.0,6.0,7.0,8.0,8.0,10.0,12.0,inferred
Dacorum,2021-06-01,1.0,3.0,3.0,4.0,4.0,5.0,6.0,6.0,7.0,8.0,8.0,10.0,12.0,inferred
Dacorum,2021-06-02,2.0,3.0,4.0,5.0,5.0,6.0,7.0,8.0,8.0,9.0,9.0,11.0,14.0,inferred
Dacorum,2021-06-03,2.0,3.0,4.0,5.0,5.0,6.0,6.0,7.0,8.0,8.0,9.0,11.0,13.0,inferred
Dacorum,2021-06-04,2.0,3.0,4.0,4.0,5.0,5.0,6.0,7.0,8.0,8.0,9.0,10.0,13.0,inferred
Dacorum,2021-06-05,1.0,2.0,3.0,4.0,4.0,5.0,5.0,6.0,7.0,7.0,8.0,9.0,11.0,inferred
Dacorum,2021-06-06,2.0,3.0,4.0,4.0,5.0,6.0,6.0,7.0,8.0,8.0,9.0,11.0,13.0,inferred
Dacorum,2021-06-07,3.0,4.0,6.0,6.0,7.0,8.0,8.0,9.0,10.0,11.0,11.0,13.0,16.0,inferred
Dacorum,2021-06-08,2.0,4.0,5.0,6.0,6.0,7.0,8.0,9.0,10.0,11.0,11.0,13.0,16.0,inferred
Dacorum,2021-06-09,3.0,5.0,6.0,6.0,7.0,8.0,9.0,10.0,11.0,11.0,12.0,14.0,16.0,inferred
Dacorum,2021-06-10,3.0,4.0,6.0,6.0,7.0,8.0,8.0,9.0,10.0,11.0,12.0,13.0,16.0,inferred
Dacorum,2021-06-11,2.0,4.0,5.0,6.0,6.0,7.0,8.0,9.0,9.0,10.0,11.0,12.0,15.0,inferred
Dacorum,2021-06-12,2.0,3.0,4.0,5.0,5.0,6.0,6.0,7.0,8.0,8.0,9.0,10.0,13.0,inferred
Dacorum,2021-06-13,2.0,4.0,5.0,6.0,6.0,7.0,8.0,9.0,9.0,10.0,11.0,12.0,15.0,inferred
Dacorum,2021-06-14,4.0,5.9,7.0,7.0,8.0,9.0,10.0,11.0,12.0,12.0,13.0,15.0,19.0,inferred
Dacorum,2021-06-15,3.0,5.0,7.0,7.0,8.0,9.0,10.0,11.0,12.0,12.0,13.0,15.0,18.0,inferred
Dacorum,2021-06-16,4.0,6.0,8.0,8.0,9.0,10.0,11.0,12.0,13.0,13.0,14.0,16.0,19.0,inferred
Dacorum,2021-06-17,4.0,6.0,7.0,8.0,8.0,9.0,10.0,11.0,12.0,13.0,14.0,16.0,19.0,inferred
Dacorum,2021-06-18,3.0,5.0,6.0,7.0,7.0,8.0,9.0,10.0,11.0,12.0,13.0,14.0,18.0,inferred
Darlington,2021-03-06,6.0,9.0,10.0,11.0,11.0,12.0,13.0,14.0,16.0,16.0,17.0,19.0,22.0,inferred
Darlington,2021-03-07,8.0,10.9,12.0,13.0,13.0,15.0,16.0,17.0,18.0,19.0,20.0,22.0,26.0,inferred
Darlington,2021-03-08,12.0,15.0,17.0,17.0,18.0,19.0,21.0,22.0,23.0,24.0,25.0,27.0,31.0,inferred
Darlington,2021-03-09,11.0,14.0,16.0,17.0,17.0,19.0,20.0,21.0,23.0,23.0,24.0,27.0,31.0,inferred
Darlington,2021-03-10,12.0,14.0,16.0,17.0,18.0,19.0,21.0,22.0,23.0,24.0,25.0,28.0,32.0,inferred
Darlington,2021-03-11,10.0,13.0,15.0,16.0,17.0,18.0,19.0,20.0,22.0,22.0,23.0,26.0,29.0,inferred
Darlington,2021-03-12,9.0,12.0,14.0,14.0,15.0,16.0,17.0,18.0,19.0,20.0,21.0,23.0,26.0,inferred
Darlington,2021-03-13,7.0,9.0,11.0,11.0,12.0,13.0,14.0,15.0,16.0,17.0,18.0,20.0,23.0,inferred
Darlington,2021-03-14,8.0,10.0,12.0,12.0,13.0,14.0,15.0,16.0,18.0,18.0,19.0,21.0,25.0,inferred
Darlington,2021-03-15,10.0,13.0,15.0,16.0,17.0,18.0,19.0,20.0,22.0,22.0,23.0,26.0,30.0,inferred
Darlington,2021-03-16,9.0,12.0,14.0,15.0,15.0,17.0,18.0,19.0,20.0,21.0,22.0,24.0,28.0,inferred
Darlington,2021-03-17,9.0,12.0,14.0,15.0,16.0,17.0,18.0,19.0,21.0,21.0,22.0,24.0,28.5,inferred
Darlington,2021-03-18,8.0,11.0,12.0,13.0,14.0,15.0,16.0,17.0,19.0,19.0,20.0,22.0,26.0,inferred
Darlington,2021-03-19,6.0,9.0,11.0,11.0,12.0,13.0,14.0,15.0,17.0,17.0,18.0,20.0,23.5,inferred
Darlington,2021-03-20,5.0,7.0,8.0,9.0,9.0,11.0,11.0,12.0,14.0,14.0,15.0,17.0,20.0,inferred
Darlington,2021-03-21,5.0,7.0,9.0,9.0,10.0,11.0,12.0,13.0,14.0,15.0,15.0,17.0,21.0,inferred
Darlington,2021-03-22,7.0,10.0,11.0,12.0,13.0,14.0,15.0,16.0,17.0,18.0,19.0,21.0,26.0,inferred
Darlington,2021-03-23,6.0,9.0,10.0,11.0,11.0,12.0,13.0,14.0,16.0,16.0,17.0,19.0,22.5,inferred
Darlington,2021-03-24,6.0,9.0,10.0,11.0,11.0,12.0,13.0,14.0,16.0,16.0,17.0,19.0,22.5,inferred
Darlington,2021-03-25,5.0,7.0,8.0,9.0,10.0,11.0,12.0,13.0,14.0,14.0,15.0,17.0,20.0,inferred
Darlington,2021-03-26,4.0,6.0,7.0,8.0,8.0,9.0,10.0,11.0,12.0,13.0,13.0,16.0,18.0,inferred
Darlington,2021-03-27,3.0,5.0,6.0,6.0,7.0,7.0,8.0,9.0,10.0,10.0,11.0,13.0,16.0,inferred
Darlington,2021-03-28,3.0,5.0,6.0,7.0,7.0,8.0,9.0,10.0,11.0,11.0,12.0,14.0,17.0,inferred
Darlington,2021-03-29,5.0,6.0,8.0,9.0,9.0,10.0,11.0,12.0,13.0,14.0,15.0,17.0,20.0,inferred
Darlington,2021-03-30,4.0,6.0,7.0,8.0,8.0,9.0,10.0,11.0,12.0,13.0,13.0,15.0,18.5,inferred
Darlington,2021-03-31,4.0,6.0,7.0,8.0,8.0,9.0,10.0,11.0,12.0,13.0,14.0,15.0,18.0,inferred
Darlington,2021-04-01,3.0,5.0,6.0,7.0,7.0,8.0,9.0,10.0,11.0,11.0,12.0,14.0,17.0,inferred
Darlington,2021-04-02,2.0,4.0,5.0,5.0,6.0,7.0,8.0,8.0,9.0,10.0,11.0,12.0,15.0,inferred
Darlington,2021-04-03,2.0,3.0,4.0,4.0,5.0,5.0,6.0,7.0,7.0,8.0,9.0,10.0,12.0,inferred
Darlington,2021-04-04,2.0,3.0,4.0,4.0,5.0,5.0,6.0,7.0,8.0,8.0,9.0,10.0,13.0,inferred
Darlington,2021-04-05,2.0,4.0,5.0,5.0,6.0,7.0,7.0,8.0,9.0,9.0,10.0,12.0,15.0,inferred
Darlington,2021-04-06,2.0,3.0,4.0,5.0,5.0,6.0,6.0,7.0,8.0,8.0,9.0,11.0,13.0,inferred
Darlington,2021-04-07,2.0,3.0,4.0,4.8,5.0,6.0,6.0,7.0,8.0,8.0,9.0,10.0,13.0,inferred
Darlington,2021-04-08,1.0,3.0,4.0,4.0,4.0,5.0,6.0,6.0,7.0,7.0,8.0,9.0,12.0,inferred
Darlington,2021-04-09,1.0,2.0,3.0,3.0,4.0,4.0,5.0,5.4,6.0,7.0,7.0,9.0,11.0,inferred
Darlington,2021-04-10,0.0,1.0,2.0,2.0,3.0,3.0,4.0,4.0,5.0,6.0,6.0,7.0,10.0,inferred
Darlington,2021-04-11,1.0,1.0,2.0,2.0,3.0,3.0,4.0,5.0,5.0,6.0,6.0,7.0,10.0,inferred
Darlington,2021-04-12,1.0,2.0,3.0,3.0,4.0,4.0,5.0,5.0,6.0,6.0,7.0,8.0,11.0,inferred
Darlington,2021-04-13,1.0,2.0,3.0,3.0,3.0,4.0,4.0,5.0,6.0,6.0,7.0,8.0,10.0,inferred
Darlington,2021-04-14,1.0,2.0,3.0,3.0,3.0,4.0,4.0,5.0,6.0,6.0,7.0,8.0,10.0,inferred
Darlington,2021-04-15,1.0,1.0,2.0,3.0,3.0,3.0,4.0,5.0,5.0,6.0,6.0,7.0,9.0,inferred
Darlington,2021-04-16,0.0,1.0,2.0,2.0,3.0,3.0,4.0,4.0,5.0,5.0,6.0,7.0,9.0,inferred
Darlington,2021-04-17,0.0,1.0,1.0,2.0,2.0,2.0,3.0,3.0,4.0,4.0,5.0,6.0,8.0,inferred
Darlington,2021-04-18,0.0,1.0,2.0,2.0,2.0,3.0,3.0,4.0,4.0,5.0,5.0,7.0,8.0,inferred
Darlington,2021-04-19,1.0,2.0,2.0,3.0,3.0,4.0,4.0,5.0,5.0,6.0,6.0,8.0,10.0,inferred
Darlington,2021-04-20,0.0,1.0,2.0,2.0,3.0,3.0,4.0,4.0,5.0,6.0,6.0,7.1,10.0,inferred
Darlington,2021-04-21,0.0,1.0,2.0,2.0,3.0,3.0,4.0,5.0,5.0,6.0,6.0,7.0,10.0,inferred
Darlington,2021-04-22,0.0,1.0,2.0,2.0,2.0,3.0,4.0,4.0,5.0,5.0,6.0,7.0,9.0,inferred
Darlington,2021-04-23,0.0,1.0,2.0,2.0,2.0,3.0,3.0,4.0,4.0,5.0,5.0,7.0,8.0,inferred
Darlington,2021-04-24,0.0,1.0,1.0,2.0,2.0,2.0,3.0,3.0,4.0,4.0,4.2,6.0,7.0,inferred
Darlington,2021-04-25,0.0,1.0,2.0,2.0,2.0,2.0,3.0,4.0,4.0,5.0,5.0,6.0,8.0,inferred
Darlington,2021-04-26,0.0,1.0,2.0,2.0,3.0,3.0,4.0,4.0,5.0,5.0,6.0,7.0,9.0,inferred
Darlington,2021-04-27,0.0,1.0,2.0,2.0,3.0,3.0,4.0,4.0,5.0,5.0,6.0,7.0,9.0,inferred
Darlington,2021-04-28,0.0,1.0,2.0,2.0,3.0,3.0,4.0,4.0,5.0,5.0,6.0,7.0,9.0,inferred
Darlington,2021-04-29,0.0,1.0,2.0,2.0,2.0,3.0,3.0,4.0,4.0,5.0,5.0,6.0,8.0,inferred
Darlington,2021-04-30,0.0,1.0,1.0,2.0,2.0,2.0,3.0,3.0,4.0,4.0,4.0,5.0,7.0,inferred
Darlington,2021-05-01,0.0,0.0,1.0,1.0,1.0,2.0,2.0,3.0,3.0,3.0,4.0,5.0,6.0,inferred
Darlington,2021-05-02,0.0,1.0,1.0,1.0,1.0,2.0,2.0,3.0,3.0,4.0,4.0,5.0,7.0,inferred
Darlington,2021-05-03,0.0,1.0,1.0,2.0,2.0,2.0,3.0,3.0,4.0,4.0,5.0,6.0,7.0,inferred
Darlington,2021-05-04,0.0,1.0,1.0,1.0,2.0,2.0,3.0,3.0,4.0,4.0,4.0,5.0,7.0,inferred
Darlington,2021-05-05,0.0,1.0,1.0,1.0,2.0,2.0,3.0,3.0,4.0,4.0,4.0,5.0,7.0,inferred
Darlington,2021-05-06,0.0,0.0,1.0,1.0,1.0,2.0,2.0,3.0,3.0,3.0,4.0,5.0,7.0,inferred
Darlington,2021-05-07,0.0,0.0,1.0,1.0,1.0,1.0,2.0,2.0,3.0,3.0,3.0,4.0,5.5,inferred
Darlington,2021-05-08,0.0,0.0,0.0,1.0,1.0,1.0,1.0,2.0,2.0,2.0,3.0,4.0,5.0,inferred
Darlington,2021-05-09,0.0,0.0,0.0,0.0,1.0,1.0,1.0,2.0,2.0,2.0,3.0,4.0,5.0,inferred
Darlington,2021-05-10,0.0,0.0,1.0,1.0,1.0,1.0,2.0,2.0,3.0,3.0,3.0,4.0,6.0,inferred
Darlington,2021-05-11,0.0,0.0,0.0,1.0,1.0,1.0,2.0,2.0,2.0,3.0,3.0,4.0,5.0,inferred
Darlington,2021-05-12,0.0,0.0,0.0,1.0,1.0,1.0,1.0,2.0,2.0,2.0,3.0,4.0,5.0,inferred
Darlington,2021-05-13,0.0,0.0,0.0,0.0,1.0,1.0,1.0,2.0,2.0,2.0,3.0,3.0,5.0,inferred
Darlington,2021-05-14,0.0,0.0,0.0,0.0,0.7,1.0,1.0,1.0,2.0,2.0,2.0,3.0,5.0,inferred
Darlington,2021-05-15,0.0,0.0,0.0,0.0,0.0,0.0,1.0,1.0,1.0,2.0,2.0,3.0,4.0,inferred
Darlington,2021-05-16,0.0,0.0,0.0,0.0,0.0,1.0,1.0,1.0,2.0,2.0,2.0,3.0,4.0,inferred
Darlington,2021-05-17,0.0,0.0,0.0,0.0,1.0,1.0,1.0,2.0,2.0,2.0,3.0,3.0,5.0,inferred
Darlington,2021-05-18,0.0,0.0,0.0,0.0,1.0,1.0,1.0,2.0,2.0,2.0,2.0,3.0,5.0,inferred
Darlington,2021-05-19,0.0,0.0,0.0,0.0,1.0,1.0,1.0,2.0,2.0,2.0,3.0,3.0,5.0,inferred
Darlington,2021-05-20,0.0,0.0,0.0,0.0,1.0,1.0,1.0,1.0,2.0,2.0,2.0,3.0,5.0,inferred
Darlington,2021-05-21,0.0,0.0,0.0,0.0,0.0,1.0,1.0,1.0,2.0,2.0,2.0,3.0,4.0,inferred
Darlington,2021-05-22,0.0,0.0,0.0,0.0,0.0,1.0,1.0,1.0,1.0,2.0,2.0,2.0,4.0,inferred
Darlington,2021-05-23,0.0,0.0,0.0,0.0,0.0,1.0,1.0,1.0,1.0,2.0,2.0,3.0,4.0,inferred
Darlington,2021-05-24,0.0,0.0,0.0,0.0,1.0,1.0,1.0,2.0,2.0,2.0,2.0,3.0,5.0,inferred
Darlington,2021-05-25,0.0,0.0,0.0,0.0,0.0,1.0,1.0,1.0,2.0,2.0,2.0,3.0,4.0,inferred
Darlington,2021-05-26,0.0,0.0,0.0,0.0,1.0,1.0,1.0,1.0,2.0,2.0,2.0,3.0,5.0,inferred
Darlington,2021-05-27,0.0,0.0,0.0,0.0,0.0,1.0,1.0,1.0,2.0,2.0,2.0,3.0,5.0,inferred
Darlington,2021-05-28,0.0,0.0,0.0,0.0,0.0,1.0,1.0,1.0,2.0,2.0,2.0,3.0,4.0,inferred
Darlington,2021-05-29,0.0,0.0,0.0,0.0,0.0,1.0,1.0,1.0,1.0,2.0,2.0,3.0,4.0,inferred
Darlington,2021-05-30,0.0,0.0,0.0,0.0,0.0,1.0,1.0,1.0,2.0,2.0,2.0,3.0,4.0,inferred
Darlington,2021-05-31,0.0,0.0,0.0,1.0,1.0,1.0,1.0,2.0,2.0,2.0,3.0,3.0,5.0,inferred
Darlington,2021-06-01,0.0,0.0,0.0,1.0,1.0,1.0,1.0,2.0,2.0,3.0,3.0,4.0,5.0,inferred
Darlington,2021-06-02,0.0,0.0,1.0,1.0,1.0,1.0,2.0,2.0,3.0,3.0,3.0,4.0,6.0,inferred
Darlington,2021-06-03,0.0,0.0,1.0,1.0,1.0,2.0,2.0,2.0,3.0,3.0,4.0,4.0,7.0,inferred
Darlington,2021-06-04,0.0,0.0,1.0,1.0,1.0,2.0,2.0,3.0,3.0,3.0,4.0,5.0,6.0,inferred
Darlington,2021-06-05,0.0,0.0,1.0,1.0,1.0,2.0,2.0,2.0,3.0,3.0,4.0,5.0,6.0,inferred
Darlington,2021-06-06,0.0,1.0,1.0,2.0,2.0,2.0,3.0,3.0,4.0,4.0,4.0,6.0,7.5,inferred
Darlington,2021-06-07,1.0,2.0,3.0,3.0,3.0,4.0,4.0,5.0,6.0,6.0,7.0,8.0,10.0,inferred
Darlington,2021-06-08,1.0,2.0,3.0,3.0,4.0,4.0,5.0,6.0,7.0,7.0,7.0,9.0,11.0,inferred
Darlington,2021-06-09,2.0,3.0,4.0,5.0,5.0,6.0,7.0,7.0,8.0,9.0,9.0,11.0,13.0,inferred
Darlington,2021-06-10,2.0,4.0,5.0,5.0,6.0,7.0,8.0,8.0,9.0,10.0,11.0,12.0,15.0,inferred
Darlington,2021-06-11,3.0,5.0,6.0,6.0,7.0,8.0,9.0,10.0,11.0,11.0,12.0,14.0,17.0,inferred
Darlington,2021-06-12,3.0,5.0,6.0,7.0,7.0,8.0,9.0,10.0,11.0,11.0,12.0,14.0,17.0,inferred
Darlington,2021-06-13,5.0,7.0,9.0,9.0,10.0,11.0,12.0,13.0,14.0,15.0,16.0,18.0,21.0,inferred
Darlington,2021-06-14,10.0,13.0,15.0,15.0,16.0,18.0,19.0,20.0,22.0,23.0,23.0,26.0,30.0,inferred
Darlington,2021-06-15,12.0,15.0,17.0,18.0,19.0,20.0,22.0,23.0,25.0,25.0,26.0,29.0,33.0,inferred
Darlington,2021-06-16,16.0,19.0,22.0,22.0,23.0,25.0,27.0,28.0,30.0,31.0,32.0,35.1,40.5,inferred
Darlington,2021-06-17,18.0,22.0,25.0,26.0,27.0,28.0,30.0,32.0,34.0,35.0,36.0,39.0,45.0,inferred
Darlington,2021-06-18,20.0,24.9,27.0,28.0,29.0,31.0,33.0,35.0,37.0,39.0,40.0,43.0,49.0,inferred
Dartford,2021-03-06,1.0,2.0,3.0,3.0,4.0,4.0,5.0,6.0,6.0,7.0,7.0,9.0,11.0,inferred
Dartford,2021-03-07,1.0,2.0,3.0,4.0,4.0,5.0,6.0,6.0,7.0,8.0,8.0,10.0,12.0,inferred
Dartford,2021-03-08,2.0,3.0,4.0,5.0,5.0,6.0,6.0,7.0,8.0,8.0,9.0,11.0,13.5,inferred
Dartford,2021-03-09,1.5,3.0,4.0,4.0,5.0,5.0,6.0,7.0,7.0,8.0,8.0,10.0,13.0,inferred
Dartford,2021-03-10,2.0,3.0,4.0,4.0,5.0,5.0,6.0,7.0,8.0,8.0,9.0,10.0,12.0,inferred
Dartford,2021-03-11,1.0,3.0,4.0,4.0,4.0,5.0,6.0,6.0,7.0,7.0,8.0,10.0,12.0,inferred
Dartford,2021-03-12,1.0,2.0,3.0,3.0,4.0,4.0,5.0,6.0,7.0,7.0,8.0,9.0,12.0,inferred
Dartford,2021-03-13,0.0,2.0,2.0,3.0,3.0,4.0,4.0,5.0,6.0,6.0,6.0,8.0,10.0,inferred
Dartford,2021-03-14,1.0,2.0,3.0,3.0,4.0,4.0,5.0,6.0,7.0,7.0,8.0,9.0,11.0,inferred
Dartford,2021-03-15,1.0,3.0,4.0,4.0,5.0,6.0,6.0,7.0,8.0,8.0,9.0,10.0,13.0,inferred
Dartford,2021-03-16,2.0,3.0,4.0,4.0,5.0,6.0,6.0,7.0,8.0,8.0,9.0,10.0,13.0,inferred
Dartford,2021-03-17,2.0,3.0,4.0,5.0,5.0,6.0,7.0,8.0,9.0,9.0,10.0,11.0,15.0,inferred
Dartford,2021-03-18,2.0,3.0,4.0,5.0,5.0,6.0,7.0,7.0,8.0,9.0,9.0,11.0,13.0,inferred
Dartford,2021-03-19,2.0,3.0,4.0,4.0,5.0,5.0,6.0,7.0,8.0,8.0,9.0,10.0,13.0,inferred
Dartford,2021-03-20,1.0,2.0,3.0,4.0,4.0,5.0,5.0,6.0,7.0,7.0,8.0,9.0,12.0,inferred
Dartford,2021-03-21,2.0,3.0,4.0,5.0,5.0,6.0,7.0,7.0,8.0,9.0,9.0,11.0,14.0,inferred
Dartford,2021-03-22,3.0,4.9,6.0,6.0,7.0,8.0,9.0,10.0,11.0,11.0,12.0,14.0,17.0,inferred
Dartford,2021-03-23,3.0,4.0,6.0,6.0,7.0,7.6,8.0,9.0,10.0,11.0,12.0,14.0,16.5,inferred
Dartford,2021-03-24,3.0,5.0,6.0,7.0,7.0,8.0,9.0,10.0,11.0,12.0,12.0,14.0,17.0,inferred
Dartford,2021-03-25,3.0,4.0,6.0,6.0,7.0,7.0,8.0,9.0,10.0,10.0,11.0,13.0,16.0,inferred
Dartford,2021-03-26,2.0,3.0,5.0,5.0,5.0,6.0,7.0,8.0,8.3,9.0,10.0,11.0,14.0,inferred
Dartford,2021-03-27,1.0,2.0,3.0,4.0,4.0,5.0,5.0,6.0,7.0,8.0,8.0,9.0,12.0,inferred
Dartford,2021-03-28,2.0,3.0,4.0,4.0,5.0,6.0,6.0,7.0,8.0,8.0,9.0,11.0,13.0,inferred
Dartford,2021-03-29,2.0,4.0,5.0,5.0,6.0,7.0,7.0,8.0,9.0,9.0,10.0,12.0,14.0,inferred
Dartford,2021-03-30,2.0,3.0,4.0,5.0,5.0,6.0,7.0,8.0,8.0,9.0,10.0,12.0,14.0,inferred
Dartford,2021-03-31,2.0,3.0,4.0,5.0,5.0,6.0,7.0,8.0,8.0,9.0,10.0,11.0,14.0,inferred
Dartford,2021-04-01,1.0,3.0,4.0,4.0,4.0,5.0,6.0,7.0,7.0,8.0,8.0,10.0,12.0,inferred
Dartford,2021-04-02,1.0,2.0,3.0,3.0,4.0,4.0,5.0,6.0,6.0,7.0,7.0,9.0,11.0,inferred
Dartford,2021-04-03,0.0,1.0,2.0,2.0,3.0,3.0,4.0,4.0,5.0,5.0,6.0,7.0,9.0,inferred
Dartford,2021-04-04,1.0,2.0,2.0,3.0,3.0,4.0,4.0,5.0,6.0,6.0,7.0,8.0,10.0,inferred
Dartford,2021-04-05,1.0,2.0,3.0,3.0,4.0,4.0,5.0,6.0,6.0,7.0,7.0,9.0,11.0,inferred
Dartford,2021-04-06,1.0,2.0,2.0,3.0,3.0,4.0,4.0,5.0,6.0,6.0,7.0,8.0,11.0,inferred
Dartford,2021-04-07,1.0,2.0,3.0,3.0,3.0,4.0,5.0,5.0,6.0,6.0,7.0,8.0,11.0,inferred
Dartford,2021-04-08,1.0,1.0,2.0,3.0,3.0,4.0,4.0,5.0,6.0,6.0,6.0,8.0,10.0,inferred
Dartford,2021-04-09,0.0,1.0,2.0,2.0,2.0,3.0,3.0,4.0,5.0,5.0,5.0,7.0,9.0,inferred
Dartford,2021-04-10,0.0,1.0,1.0,2.0,2.0,2.0,3.0,3.0,4.0,4.0,4.0,6.0,7.0,inferred
Dartford,2021-04-11,0.0,1.0,2.0,2.0,2.0,2.0,3.0,3.0,4.0,4.0,5.0,6.0,8.0,inferred
Dartford,2021-04-12,0.0,1.0,2.0,2.0,3.0,3.0,4.0,4.0,5.0,5.0,6.0,7.0,9.0,inferred
Dartford,2021-04-13,0.0,1.0,2.0,2.0,2.0,3.0,3.0,4.0,5.0,5.0,5.0,7.0,8.0,inferred
Dartford,2021-04-14,0.0,1.0,2.0,2.0,2.0,3.0,3.0,4.0,5.0,5.0,6.0,7.0,9.0,inferred
Dartford,2021-04-15,0.0,1.0,2.0,2.0,2.0,3.0,3.0,4.0,4.0,5.0,5.0,6.0,8.0,inferred
Dartford,2021-04-16,0.0,1.0,1.0,1.0,2.0,2.0,3.0,3.0,4.0,4.0,5.0,6.0,8.0,inferred
Dartford,2021-04-17,0.0,0.0,1.0,1.0,1.0,2.0,2.0,2.0,3.0,3.0,4.0,5.0,6.5,inferred
Dartford,2021-04-18,0.0,1.0,1.0,1.0,2.0,2.0,3.0,3.0,4.0,4.0,4.0,5.1,8.0,inferred
Dartford,2021-04-19,0.0,1.0,1.0,2.0,2.0,3.0,3.0,4.0,4.0,5.0,5.0,6.0,8.0,inferred
Dartford,2021-04-20,0.0,1.0,1.0,2.0,2.0,3.0,3.0,3.0,4.0,4.0,5.0,6.0,8.0,inferred
Dartford,2021-04-21,0.0,1.0,2.0,2.0,2.0,3.0,3.0,4.0,4.0,5.0,5.0,6.0,8.0,inferred
Dartford,2021-04-22,0.0,1.0,1.0,1.0,2.0,2.0,3.0,3.0,4.0,4.0,5.0,6.0,8.0,inferred
Dartford,2021-04-23,0.0,0.0,1.0,1.0,1.0,2.0,2.0,3.0,3.0,4.0,4.0,5.0,7.0,inferred
Dartford,2021-04-24,0.0,0.0,1.0,1.0,1.0,1.0,2.0,2.0,3.0,3.0,3.0,4.0,6.0,inferred
Dartford,2021-04-25,0.0,0.0,1.0,1.0,1.0,2.0,2.0,3.0,3.0,3.0,4.0,5.0,7.0,inferred
Dartford,2021-04-26,0.0,1.0,1.0,1.0,2.0,2.0,3.0,3.0,4.0,4.0,4.0,6.0,8.0,inferred
Dartford,2021-04-27,0.0,1.0,1.0,1.0,2.0,2.0,3.0,3.0,4.0,4.0,4.0,5.0,7.0,inferred
Dartford,2021-04-28,0.0,1.0,1.0,1.0,2.0,2.0,3.0,3.0,4.0,4.0,4.0,5.0,8.0,inferred
Dartford,2021-04-29,0.0,0.9,1.0,1.0,1.0,2.0,2.0,3.0,3.0,4.0,4.0,5.0,7.0,inferred
Dartford,2021-04-30,0.0,0.0,1.0,1.0,1.0,2.0,2.0,2.0,3.0,3.0,4.0,4.0,6.0,inferred
Dartford,2021-05-01,0.0,0.0,0.0,1.0,1.0,1.0,2.0,2.0,3.0,3.0,3.0,4.0,6.0,inferred
Dartford,2021-05-02,0.0,0.0,1.0,1.0,1.0,2.0,2.0,2.0,3.0,3.0,3.0,5.0,6.0,inferred
Dartford,2021-05-03,0.0,0.0,1.0,1.0,1.0,2.0,2.0,3.0,3.0,4.0,4.0,5.0,7.0,inferred
Dartford,2021-05-04,0.0,0.0,1.0,1.0,1.0,2.0,2.0,3.0,3.0,4.0,4.0,5.0,7.0,inferred
Dartford,2021-05-05,0.0,0.0,1.0,1.0,2.0,2.0,2.0,3.0,3.0,4.0,4.0,5.0,7.0,inferred
Dartford,2021-05-06,0.0,0.0,1.0,1.0,1.0,2.0,2.0,3.0,3.0,4.0,4.0,5.0,7.0,inferred
Dartford,2021-05-07,0.0,0.0,1.0,1.0,1.0,1.0,2.0,2.0,3.0,3.0,3.0,4.0,6.0,inferred
Dartford,2021-05-08,0.0,0.0,0.0,1.0,1.0,1.0,1.0,2.0,2.0,3.0,3.0,4.0,5.0,inferred
Dartford,2021-05-09,0.0,0.0,1.0,1.0,1.0,1.0,2.0,2.0,3.0,3.0,3.0,4.0,6.0,inferred
Dartford,2021-05-10,0.0,0.0,1.0,1.0,1.0,2.0,2.0,3.0,3.0,3.0,4.0,5.0,6.5,inferred
Dartford,2021-05-11,0.0,0.0,1.0,1.0,1.0,2.0,2.0,2.0,3.0,3.0,4.0,5.0,6.0,inferred
Dartford,2021-05-12,0.0,0.0,1.0,1.0,1.0,2.0,2.0,3.0,3.0,3.0,4.0,5.0,6.0,inferred
Dartford,2021-05-13,0.0,0.0,1.0,1.0,1.0,2.0,2.0,2.0,3.0,3.0,4.0,5.0,6.0,inferred
Dartford,2021-05-14,0.0,0.0,1.0,1.0,1.0,1.0,2.0,2.0,3.0,3.0,3.0,4.0,6.0,inferred
Dartford,2021-05-15,0.0,0.0,0.0,1.0,1.0,1.0,1.0,2.0,2.0,3.0,3.0,4.0,5.0,inferred
Dartford,2021-05-16,0.0,0.0,1.0,1.0,1.0,1.0,2.0,2.0,3.0,3.0,3.0,4.0,6.0,inferred
Dartford,2021-05-17,0.0,0.0,1.0,1.0,2.0,2.0,3.0,3.0,4.0,4.0,4.0,5.0,8.0,inferred
Dartford,2021-05-18,0.0,1.0,1.0,1.0,2.0,2.0,3.0,3.0,4.0,4.0,4.0,6.0,7.0,inferred
Dartford,2021-05-19,0.0,1.0,1.0,2.0,2.0,3.0,3.0,4.0,4.0,4.0,5.0,6.0,8.0,inferred
Dartford,2021-05-20,0.0,1.0,1.0,2.0,2.0,2.0,3.0,3.0,4.0,4.0,5.0,6.0,8.0,inferred
Dartford,2021-05-21,0.0,1.0,1.0,2.0,2.0,2.0,3.0,3.0,4.0,4.0,5.0,6.0,8.0,inferred
Dartford,2021-05-22,0.0,1.0,1.0,1.0,2.0,2.0,2.0,3.0,4.0,4.0,4.0,5.0,7.0,inferred
Dartford,2021-05-23,0.0,1.0,2.0,2.0,2.0,3.0,3.0,4.0,4.0,5.0,5.0,6.0,8.0,inferred
Dartford,2021-05-24,0.0,2.0,2.0,3.0,3.0,4.0,4.0,5.0,6.0,6.0,7.0,8.0,10.0,inferred
Dartford,2021-05-25,1.0,2.0,3.0,3.0,3.0,4.0,4.0,5.0,6.0,6.0,7.0,8.0,10.0,inferred
Dartford,2021-05-26,1.0,2.0,3.0,3.0,4.0,4.0,5.0,6.0,7.0,7.0,8.0,9.0,12.0,inferred
Dartford,2021-05-27,1.0,2.0,3.0,4.0,4.0,5.0,5.0,6.0,7.0,7.0,8.0,9.0,12.0,inferred
Dartford,2021-05-28,1.0,2.0,3.0,3.0,3.0,4.0,5.0,6.0,6.0,7.0,7.0,8.0,11.0,inferred
Dartford,2021-05-29,1.0,2.0,2.0,3.0,3.0,4.0,4.0,5.0,5.0,6.0,6.0,8.0,10.0,inferred
Dartford,2021-05-30,1.0,2.0,3.0,4.0,4.0,5.0,5.0,6.0,7.0,7.0,8.0,9.0,12.0,inferred
Dartford,2021-05-31,2.0,3.0,5.0,5.0,5.0,6.0,7.0,8.0,9.0,9.0,10.0,12.0,14.0,inferred
Dartford,2021-06-01,2.0,4.0,5.0,5.0,5.0,6.0,7.0,8.0,9.0,9.0,10.0,11.0,14.0,inferred
Dartford,2021-06-02,2.0,4.0,5.0,6.0,6.0,7.0,8.0,9.0,10.0,10.0,11.0,12.0,16.0,inferred
Dartford,2021-06-03,2.0,4.0,5.0,5.0,6.0,7.0,7.0,8.0,9.0,10.0,10.0,12.0,15.0,inferred
Dartford,2021-06-04,2.0,3.0,4.0,5.0,5.0,6.0,7.0,7.0,8.0,9.0,9.0,11.0,14.0,inferred
Dartford,2021-06-05,1.0,2.0,3.0,4.0,4.0,5.0,5.0,6.0,7.0,7.0,8.0,9.0,12.0,inferred
Dartford,2021-06-06,2.0,3.0,4.0,5.0,5.0,6.0,7.0,7.0,8.0,9.0,9.0,11.0,13.0,inferred
Dartford,2021-06-07,3.0,5.0,6.0,6.0,7.0,8.0,8.0,9.0,10.0,11.0,11.0,13.0,16.0,inferred
Dartford,2021-06-08,3.0,4.0,6.0,6.0,6.0,7.0,8.0,9.0,10.0,10.0,11.0,13.0,16.0,inferred
Dartford,2021-06-09,3.0,5.0,6.0,7.0,7.0,8.0,9.0,10.0,11.0,11.0,12.0,14.0,17.0,inferred
Dartford,2021-06-10,3.0,4.0,5.0,6.0,6.0,7.0,8.0,9.0,10.0,10.0,11.0,12.0,16.0,inferred
Dartford,2021-06-11,2.0,4.0,5.0,5.0,5.0,6.0,7.0,8.0,9.0,9.0,10.0,12.0,14.5,inferred
Dartford,2021-06-12,1.0,3.0,4.0,5.0,5.0,6.0,6.0,7.0,8.0,8.0,9.0,11.0,13.0,inferred
Dartford,2021-06-13,3.0,4.0,5.0,6.0,6.0,7.0,8.0,8.0,9.0,10.0,11.0,12.0,15.5,inferred
Dartford,2021-06-14,3.0,5.0,7.0,7.0,8.0,9.0,10.0,10.0,11.0,12.0,13.0,14.0,17.0,inferred
Dartford,2021-06-15,3.0,5.0,7.0,7.0,8.0,9.0,9.0,11.0,12.0,12.0,13.0,15.0,18.0,inferred
Dartford,2021-06-16,4.0,6.0,7.0,8.0,8.0,9.0,10.0,11.0,12.0,13.0,14.0,16.0,19.0,inferred
Dartford,2021-06-17,3.0,6.0,7.0,7.0,8.0,9.0,10.0,11.0,12.0,12.0,13.0,15.0,18.0,inferred
Dartford,2021-06-18,3.0,5.0,6.0,6.0,7.0,8.0,9.0,10.0,11.0,11.0,12.0,14.0,17.0,inferred
Daventry,2021-03-06,1.0,2.0,3.0,3.0,4.0,4.0,5.0,5.0,6.0,6.0,7.0,8.0,11.0,inferred
Daventry,2021-03-07,1.0,3.0,4.0,4.0,4.0,5.0,6.0,6.0,7.0,8.0,8.0,9.0,12.0,inferred
Daventry,2021-03-08,2.0,4.0,5.0,5.0,6.0,7.0,7.0,8.0,9.0,9.0,10.0,12.0,14.0,inferred
Daventry,2021-03-09,2.0,3.0,5.0,5.0,6.0,6.0,7.0,8.0,9.0,9.0,10.0,11.0,13.5,inferred
Daventry,2021-03-10,2.0,4.0,5.0,5.0,6.0,7.0,7.0,8.0,9.0,9.0,10.0,12.0,14.0,inferred
Daventry,2021-03-11,2.0,3.0,4.0,4.0,5.0,5.0,6.0,7.0,8.0,8.0,9.0,11.0,13.0,inferred
Daventry,2021-03-12,1.0,2.0,3.0,4.0,4.0,5.0,5.0,6.0,7.0,7.0,8.0,9.0,12.0,inferred
Daventry,2021-03-13,1.0,2.0,2.0,3.0,3.0,4.0,4.0,5.0,6.0,6.0,7.0,8.0,10.0,inferred
Daventry,2021-03-14,1.0,2.0,3.0,3.0,4.0,4.0,5.0,5.0,6.0,6.0,7.0,8.0,11.0,inferred
Daventry,2021-03-15,1.0,3.0,4.0,4.0,5.0,5.0,6.0,7.0,8.0,8.0,9.0,10.0,13.0,inferred
Daventry,2021-03-16,1.0,3.0,3.0,4.0,4.0,5.0,6.0,6.0,7.0,7.0,8.0,9.1,12.0,inferred
Daventry,2021-03-17,1.0,3.0,4.0,4.0,4.0,5.0,6.0,6.0,7.0,8.0,8.0,10.0,12.0,inferred
Daventry,2021-03-18,1.0,2.0,3.0,3.0,4.0,4.0,5.0,6.0,6.0,7.0,7.0,9.0,11.0,inferred
Daventry,2021-03-19,1.0,2.0,3.0,3.0,3.0,4.0,4.0,5.0,6.0,6.0,7.0,8.0,10.0,inferred
Daventry,2021-03-20,0.0,1.0,2.0,2.0,2.0,3.0,3.0,4.0,4.0,5.0,5.0,6.0,8.0,inferred
Daventry,2021-03-21,0.0,1.0,2.0,2.0,3.0,3.0,4.0,5.0,5.0,6.0,6.0,7.0,9.0,inferred
Daventry,2021-03-22,1.0,2.0,3.0,3.0,4.0,4.0,5.0,6.0,6.0,7.0,7.0,9.0,12.0,inferred
Daventry,2021-03-23,1.0,2.0,3.0,3.0,3.0,4.0,5.0,5.0,6.0,7.0,7.0,8.0,10.0,inferred
Daventry,2021-03-24,1.0,2.0,3.0,3.0,4.0,4.0,5.0,5.0,6.0,7.0,7.0,9.0,11.0,inferred
Daventry,2021-03-25,1.0,2.0,2.0,3.0,3.0,4.0,4.0,5.0,6.0,6.0,6.0,8.0,10.0,inferred
Daventry,2021-03-26,0.0,1.0,2.0,2.0,3.0,3.0,4.0,4.0,5.0,6.0,6.0,7.0,10.0,inferred
Daventry,2021-03-27,0.0,1.0,1.0,2.0,2.0,2.0,3.0,3.0,4.0,4.0,5.0,6.0,8.0,inferred
Daventry,2021-03-28,0.0,1.0,2.0,2.0,2.0,3.0,3.0,4.0,5.0,5.0,5.0,7.0,9.0,inferred
Daventry,2021-03-29,1.0,2.0,3.0,3.0,3.0,4.0,5.0,5.0,6.0,6.0,7.0,8.0,11.0,inferred
Daventry,2021-03-30,1.0,2.0,3.0,3.0,3.0,4.0,4.0,5.0,6.0,6.0,7.0,8.0,10.0,inferred
Daventry,2021-03-31,1.0,2.0,3.0,3.0,3.0,4.0,5.0,5.0,6.0,7.0,7.0,9.0,11.0,inferred
Daventry,2021-04-01,0.0,2.0,2.0,3.0,3.0,4.0,4.0,5.0,5.0,6.0,6.0,8.0,10.0,inferred
Daventry,2021-04-02,0.0,1.0,2.0,2.0,3.0,3.0,4.0,4.0,5.0,5.0,6.0,7.0,9.0,inferred
Daventry,2021-04-03,0.0,1.0,1.0,2.0,2.0,2.0,3.0,3.0,4.0,4.0,4.0,6.0,8.0,inferred
Daventry,2021-04-04,0.0,1.0,2.0,2.0,2.0,3.0,3.0,4.0,4.0,5.0,5.0,6.0,8.0,inferred
Daventry,2021-04-05,0.0,1.0,2.0,2.0,3.0,3.0,4.0,4.0,5.0,6.0,6.0,7.0,10.0,inferred
Daventry,2021-04-06,0.0,2.0,2.0,3.0,3.0,3.0,4.0,4.0,5.0,5.0,6.0,7.0,9.0,inferred
Daventry,2021-04-07,1.0,1.0,2.0,2.0,3.0,3.0,4.0,5.0,5.0,6.0,6.0,7.0,9.5,inferred
Daventry,2021-04-08,0.0,1.0,2.0,2.0,2.0,3.0,4.0,4.0,5.0,5.0,6.0,7.0,9.0,inferred
Daventry,2021-04-09,0.0,1.0,2.0,2.0,2.0,3.0,3.0,4.0,4.0,5.0,5.0,6.0,9.0,inferred
Daventry,2021-04-10,0.0,1.0,1.0,1.0,2.0,2.0,2.0,3.0,3.0,4.0,4.0,5.0,7.0,inferred
Daventry,2021-04-11,0.0,1.0,1.0,2.0,2.0,2.0,3.0,4.0,4.0,4.0,5.0,6.0,8.0,inferred
Daventry,2021-04-12,0.0,1.0,2.0,2.0,3.0,3.0,4.0,4.0,5.0,5.0,6.0,7.0,9.5,inferred
Daventry,2021-04-13,0.0,1.0,2.0,2.0,3.0,3.0,4.0,4.0,5.0,5.0,6.0,7.0,9.0,inferred
Daventry,2021-04-14,0.0,1.0,2.0,2.0,3.0,3.0,4.0,4.0,5.0,5.0,6.0,7.0,9.0,inferred
Daventry,2021-04-15,0.0,1.0,2.0,2.0,2.0,3.0,3.0,4.0,5.0,5.0,5.0,6.0,8.5,inferred
Daventry,2021-04-16,0.0,1.0,1.0,2.0,2.0,2.0,3.0,3.0,4.0,4.0,5.0,6.0,7.0,inferred
Daventry,2021-04-17,0.0,0.0,1.0,1.0,1.0,2.0,2.0,2.0,3.0,3.0,4.0,5.0,6.0,inferred
Daventry,2021-04-18,0.0,0.0,1.0,1.0,1.0,2.0,2.0,3.0,3.0,4.0,4.0,5.0,7.0,inferred
Daventry,2021-04-19,0.0,1.0,1.0,2.0,2.0,2.0,3.0,3.0,4.0,4.0,5.0,6.0,8.0,inferred
Daventry,2021-04-20,0.0,1.0,1.0,1.0,2.0,2.0,2.0,3.0,4.0,4.0,4.0,5.0,8.0,inferred
Daventry,2021-04-21,0.0,1.0,1.0,1.0,2.0,2.0,3.0,3.0,4.0,4.0,5.0,6.0,8.0,inferred
Daventry,2021-04-22,0.0,0.0,1.0,1.0,1.0,2.0,2.0,3.0,3.0,4.0,4.0,5.0,7.0,inferred
Daventry,2021-04-23,0.0,0.0,1.0,1.0,1.0,2.0,2.0,2.0,3.0,3.0,4.0,5.0,6.5,inferred
Daventry,2021-04-24,0.0,0.0,0.8,1.0,1.0,1.0,2.0,2.0,2.0,3.0,3.0,4.0,5.0,inferred
Daventry,2021-04-25,0.0,0.0,1.0,1.0,1.0,1.0,2.0,2.0,3.0,3.0,3.0,4.0,6.0,inferred
Daventry,2021-04-26,0.0,1.0,1.0,1.0,2.0,2.0,3.0,3.0,4.0,4.0,4.0,5.0,7.0,inferred
Daventry,2021-04-27,0.0,0.0,1.0,1.0,1.0,2.0,2.0,3.0,3.0,4.0,4.0,5.0,7.0,inferred
Daventry,2021-04-28,0.0,0.0,1.0,1.0,2.0,2.0,2.0,3.0,4.0,4.0,4.0,5.0,7.0,inferred
Daventry,2021-04-29,0.0,0.0,1.0,1.0,1.0,2.0,2.0,3.0,3.0,3.0,4.0,5.0,7.0,inferred
Daventry,2021-04-30,0.0,0.0,1.0,1.0,1.0,1.0,2.0,2.0,3.0,3.0,3.0,4.0,6.0,inferred
Daventry,2021-05-01,0.0,0.0,0.0,1.0,1.0,1.0,2.0,2.0,2.0,3.0,3.0,4.0,5.0,inferred
Daventry,2021-05-02,0.0,0.0,1.0,1.0,1.0,1.0,2.0,2.0,2.0,3.0,3.0,4.0,6.0,inferred
Daventry,2021-05-03,0.0,0.0,1.0,1.0,1.0,2.0,2.0,3.0,3.0,3.0,4.0,5.0,7.0,inferred
Daventry,2021-05-04,0.0,0.0,1.0,1.0,1.0,2.0,2.0,2.0,3.0,3.0,4.0,5.0,7.0,inferred
Daventry,2021-05-05,0.0,0.0,1.0,1.0,1.0,2.0,2.0,3.0,3.0,3.0,4.0,5.0,7.0,inferred
Daventry,2021-05-06,0.0,0.0,1.0,1.0,1.0,1.0,2.0,2.0,3.0,3.0,3.0,4.0,6.0,inferred
Daventry,2021-05-07,0.0,0.0,1.0,1.0,1.0,1.0,2.0,2.0,2.0,3.0,3.0,4.0,6.0,inferred
Daventry,2021-05-08,0.0,0.0,0.0,0.0,1.0,1.0,1.0,2.0,2.0,2.0,3.0,3.0,5.0,inferred
Daventry,2021-05-09,0.0,0.0,0.0,1.0,1.0,1.0,1.0,2.0,2.0,2.0,3.0,4.0,5.0,inferred
Daventry,2021-05-10,0.0,0.0,1.0,1.0,1.0,1.0,2.0,2.0,3.0,3.0,3.0,4.0,6.0,inferred
Daventry,2021-05-11,0.0,0.0,1.0,1.0,1.0,1.0,2.0,2.0,3.0,3.0,3.0,4.0,6.0,inferred
Daventry,2021-05-12,0.0,0.0,1.0,1.0,1.0,1.0,2.0,2.0,3.0,3.0,3.0,4.0,6.0,inferred
Daventry,2021-05-13,0.0,0.0,0.0,1.0,1.0,1.0,1.0,2.0,2.0,3.0,3.0,4.0,5.0,inferred
Daventry,2021-05-14,0.0,0.0,0.0,0.0,1.0,1.0,1.0,2.0,2.0,2.0,3.0,3.0,5.0,inferred
Daventry,2021-05-15,0.0,0.0,0.0,0.0,0.0,1.0,1.0,1.0,2.0,2.0,2.0,3.0,4.0,inferred
Daventry,2021-05-16,0.0,0.0,0.0,0.0,1.0,1.0,1.0,1.0,2.0,2.0,2.0,3.0,4.5,inferred
Daventry,2021-05-17,0.0,0.0,0.0,1.0,1.0,1.0,2.0,2.0,2.0,3.0,3.0,4.0,5.0,inferred
Daventry,2021-05-18,0.0,0.0,0.0,1.0,1.0,1.0,2.0,2.0,2.0,3.0,3.0,4.0,5.0,inferred
Daventry,2021-05-19,0.0,0.0,0.0,1.0,1.0,1.0,2.0,2.0,2.0,3.0,3.0,4.0,5.5,inferred
Daventry,2021-05-20,0.0,0.0,0.0,1.0,1.0,1.0,1.0,2.0,2.0,2.0,3.0,4.0,5.0,inferred
Daventry,2021-05-21,0.0,0.0,0.0,0.0,1.0,1.0,1.0,2.0,2.0,2.0,2.2,3.0,5.0,inferred
Daventry,2021-05-22,0.0,0.0,0.0,0.0,0.0,1.0,1.0,1.0,2.0,2.0,2.0,3.0,4.0,inferred
Daventry,2021-05-23,0.0,0.0,0.0,0.0,1.0,1.0,1.0,2.0,2.0,2.0,3.0,3.0,5.0,inferred
Daventry,2021-05-24,0.0,0.0,0.0,1.0,1.0,1.0,2.0,2.0,3.0,3.0,3.0,4.0,6.0,inferred
Daventry,2021-05-25,0.0,0.0,1.0,1.0,1.0,1.0,2.0,2.0,2.0,3.0,3.0,4.0,5.0,inferred
Daventry,2021-05-26,0.0,0.0,1.0,1.0,1.0,2.0,2.0,2.0,3.0,3.0,3.2,4.0,6.0,inferred
Daventry,2021-05-27,0.0,0.0,1.0,1.0,1.0,1.0,2.0,2.0,3.0,3.0,3.0,4.0,6.0,inferred
Daventry,2021-05-28,0.0,0.0,1.0,1.0,1.0,1.0,2.0,2.0,3.0,3.0,3.0,4.0,6.0,inferred
Daventry,2021-05-29,0.0,0.0,0.0,1.0,1.0,1.0,2.0,2.0,2.0,3.0,3.0,4.0,6.0,inferred
Daventry,2021-05-30,0.0,0.0,1.0,1.0,1.0,2.0,2.0,3.0,3.0,3.0,4.0,5.0,6.0,inferred
Daventry,2021-05-31,0.0,1.0,1.0,2.0,2.0,2.0,3.0,4.0,4.0,4.0,5.0,6.0,8.0,inferred
Daventry,2021-06-01,0.0,1.0,2.0,2.0,2.0,3.0,3.0,4.0,4.0,5.0,5.0,6.0,8.0,inferred
Daventry,2021-06-02,1.0,1.0,2.0,2.0,3.0,3.0,4.0,4.0,5.0,6.0,6.0,7.0,10.0,inferred
Daventry,2021-06-03,0.0,1.0,2.0,2.0,3.0,3.0,4.0,5.0,5.0,6.0,6.0,7.0,10.0,inferred
Daventry,2021-06-04,0.5,1.0,2.0,2.0,3.0,3.0,4.0,4.0,5.0,5.0,6.0,7.0,9.0,inferred
Daventry,2021-06-05,0.0,1.0,2.0,2.0,2.0,3.0,3.0,4.0,4.0,5.0,5.0,6.0,8.0,inferred
Daventry,2021-06-06,0.0,1.0,2.0,3.0,3.0,3.0,4.0,5.0,5.0,6.0,6.0,7.0,10.0,inferred
Daventry,2021-06-07,1.0,2.0,3.0,4.0,4.0,5.0,5.0,6.0,7.0,7.0,8.0,9.0,11.0,inferred
Daventry,2021-06-08,1.0,2.0,3.0,4.0,4.0,5.0,5.0,6.0,7.0,7.0,8.0,9.0,12.0,inferred
Daventry,2021-06-09,1.0,2.0,3.0,4.0,4.0,5.0,6.0,6.0,7.0,8.0,8.0,10.0,12.0,inferred
Daventry,2021-06-10,1.0,2.0,3.0,3.0,4.0,4.0,5.0,6.0,6.0,7.0,8.0,9.0,11.0,inferred
Daventry,2021-06-11,1.0,2.0,3.0,3.0,3.0,4.0,4.0,5.0,6.0,6.0,7.0,8.0,11.0,inferred
Daventry,2021-06-12,0.0,1.0,2.0,2.0,3.0,3.0,4.0,4.0,5.0,5.0,6.0,7.0,9.0,inferred
Daventry,2021-06-13,1.0,2.0,3.0,3.0,3.0,4.0,4.0,5.0,6.0,6.0,7.0,8.0,10.0,inferred
Daventry,2021-06-14,1.0,2.0,3.0,4.0,4.0,5.0,5.0,6.0,7.0,8.0,8.0,10.0,12.0,inferred
Daventry,2021-06-15,1.0,2.0,3.0,4.0,4.0,5.0,6.0,6.0,7.0,8.0,8.0,10.0,12.0,inferred
Daventry,2021-06-16,1.0,3.0,4.0,4.0,4.0,5.0,6.0,7.0,7.0,8.0,9.0,10.0,12.0,inferred
Daventry,2021-06-17,1.0,2.0,3.0,4.0,4.0,5.0,6.0,6.0,7.0,8.0,8.0,10.0,12.0,inferred
Daventry,2021-06-18,1.0,2.0,3.0,3.0,4.0,4.0,5.0,6.0,7.0,7.0,8.0,9.0,12.0,inferred
Denbighshire,2021-03-06,0.0,1.0,2.0,2.0,3.0,3.0,4.0,4.0,5.0,6.0,6.0,8.0,10.0,inferred
Denbighshire,2021-03-07,0.0,1.0,2.0,2.0,3.0,4.0,4.0,5.0,6.0,6.0,7.0,8.0,11.0,inferred
Denbighshire,2021-03-08,1.0,3.0,4.0,4.0,4.7,5.0,6.0,7.0,8.0,8.0,9.0,11.0,14.0,inferred
Denbighshire,2021-03-09,1.0,2.0,3.0,3.0,4.0,4.0,5.0,6.0,7.0,7.0,8.0,10.0,12.0,inferred
Denbighshire,2021-03-10,1.0,2.0,3.0,4.0,4.0,5.0,6.0,7.0,8.0,8.0,9.0,10.0,13.0,inferred
Denbighshire,2021-03-11,1.0,2.0,3.0,3.0,4.0,5.0,5.0,6.0,7.0,8.0,8.0,10.0,13.0,inferred
Denbighshire,2021-03-12,0.0,1.0,2.0,3.0,3.0,4.0,5.0,5.0,6.0,7.0,7.0,9.0,12.0,inferred
Denbighshire,2021-03-13,0.0,1.0,2.0,2.0,2.0,3.0,3.0,4.0,5.0,5.0,6.0,7.0,10.0,inferred
Denbighshire,2021-03-14,0.0,1.0,2.0,2.0,2.0,3.0,4.0,4.0,5.0,6.0,6.0,8.0,10.0,inferred
Denbighshire,2021-03-15,1.0,2.0,3.0,3.0,3.0,4.0,5.0,6.0,7.0,7.0,8.0,10.0,12.0,inferred
Denbighshire,2021-03-16,0.0,1.0,2.0,3.0,3.0,4.0,4.0,5.0,6.0,6.0,7.0,9.0,11.0,inferred
Denbighshire,2021-03-17,0.0,1.0,2.0,3.0,3.0,4.0,5.0,5.0,6.0,7.0,7.0,9.0,12.0,inferred
Denbighshire,2021-03-18,0.0,1.0,2.0,3.0,3.0,4.0,4.0,5.0,6.0,6.0,7.0,9.0,11.0,inferred
Denbighshire,2021-03-19,0.0,1.0,2.0,2.0,2.0,3.0,4.0,4.0,5.0,5.0,6.0,8.0,10.0,inferred
Denbighshire,2021-03-20,0.0,1.0,1.0,1.0,2.0,2.0,3.0,3.0,4.0,4.0,5.0,6.0,8.5,inferred
Denbighshire,2021-03-21,0.0,1.0,1.0,2.0,2.0,3.0,3.0,4.0,4.0,5.0,5.0,7.0,9.0,inferred
Denbighshire,2021-03-22,0.0,1.0,2.0,2.0,3.0,3.0,4.0,5.0,6.0,6.0,7.0,8.0,11.0,inferred
Denbighshire,2021-03-23,0.0,1.0,2.0,2.0,2.0,3.0,4.0,4.0,5.0,5.0,6.0,8.0,10.0,inferred
Denbighshire,2021-03-24,0.0,1.0,2.0,2.0,2.0,3.0,4.0,4.0,5.0,6.0,6.0,8.0,10.0,inferred
Denbighshire,2021-03-25,0.0,1.0,2.0,2.0,2.0,3.0,3.0,4.0,5.0,5.0,6.0,7.0,10.0,inferred
Denbighshire,2021-03-26,0.0,1.0,1.0,1.0,2.0,2.0,3.0,3.0,4.0,5.0,5.0,7.0,9.0,inferred
Denbighshire,2021-03-27,0.0,0.0,1.0,1.0,1.0,2.0,2.0,3.0,3.0,4.0,4.0,5.0,8.0,inferred
Denbighshire,2021-03-28,0.0,0.0,1.0,1.0,1.0,2.0,2.0,3.0,3.0,4.0,4.0,5.0,8.0,inferred
Denbighshire,2021-03-29,0.0,0.0,1.0,1.0,2.0,2.0,3.0,3.0,4.0,4.0,5.0,6.0,8.0,inferred
Denbighshire,2021-03-30,0.0,0.0,1.0,1.0,1.0,2.0,2.0,3.0,3.0,4.0,4.0,6.0,8.0,inferred
Denbighshire,2021-03-31,0.0,0.0,1.0,1.0,1.0,2.0,2.0,3.0,3.0,4.0,4.0,6.0,8.0,inferred
Denbighshire,2021-04-01,0.0,0.0,1.0,1.0,1.0,2.0,2.0,3.0,3.0,4.0,4.0,5.0,7.0,inferred
Denbighshire,2021-04-02,0.0,0.0,0.0,0.0,1.0,1.0,1.0,2.0,2.0,3.0,3.0,4.0,6.0,inferred
Denbighshire,2021-04-03,0.0,0.0,0.0,0.0,0.0,1.0,1.0,1.0,2.0,2.0,3.0,4.0,5.0,inferred
Denbighshire,2021-04-04,0.0,0.0,0.0,0.0,0.0,1.0,1.0,1.0,2.0,2.0,3.0,4.0,6.0,inferred
Denbighshire,2021-04-05,0.0,0.0,0.0,1.0,1.0,1.0,1.0,2.0,2.0,3.0,3.0,4.0,6.0,inferred
Denbighshire,2021-04-06,0.0,0.0,0.0,0.0,0.0,1.0,1.0,1.0,2.0,2.0,3.0,4.0,5.0,inferred
Denbighshire,2021-04-07,0.0,0.0,0.0,0.0,0.0,1.0,1.0,1.0,2.0,2.0,3.0,4.0,6.0,inferred
Denbighshire,2021-04-08,0.0,0.0,0.0,0.0,0.0,1.0,1.0,1.0,2.0,2.0,2.0,3.0,5.0,inferred
Denbighshire,2021-04-09,0.0,0.0,0.0,0.0,0.0,0.0,1.0,1.0,2.0,2.0,2.0,3.0,5.0,inferred
Denbighshire,2021-04-10,0.0,0.0,0.0,0.0,0.0,0.0,0.0,1.0,1.0,1.0,2.0,3.0,4.0,inferred
Denbighshire,2021-04-11,0.0,0.0,0.0,0.0,0.0,0.0,0.0,1.0,1.0,1.0,2.0,3.0,4.0,inferred
Denbighshire,2021-04-12,0.0,0.0,0.0,0.0,0.0,0.0,1.0,1.0,1.0,2.0,2.0,3.0,5.0,inferred
Denbighshire,2021-04-13,0.0,0.0,0.0,0.0,0.0,0.0,1.0,1.0,1.0,2.0,2.0,3.0,4.0,inferred
Denbighshire,2021-04-14,0.0,0.0,0.0,0.0,0.0,0.0,1.0,1.0,1.0,2.0,2.0,3.0,4.0,inferred
Denbighshire,2021-04-15,0.0,0.0,0.0,0.0,0.0,0.0,1.0,1.0,1.0,1.0,2.0,3.0,4.0,inferred
Denbighshire,2021-04-16,0.0,0.0,0.0,0.0,0.0,0.0,0.0,1.0,1.0,1.0,1.0,2.0,4.0,inferred
Denbighshire,2021-04-17,0.0,0.0,0.0,0.0,0.0,0.0,0.0,0.0,1.0,1.0,1.0,2.0,3.0,inferred
Denbighshire,2021-04-18,0.0,0.0,0.0,0.0,0.0,0.0,0.0,0.0,1.0,1.0,1.0,2.0,3.0,inferred
Denbighshire,2021-04-19,0.0,0.0,0.0,0.0,0.0,0.0,0.0,1.0,1.0,1.0,2.0,2.0,4.0,inferred
Denbighshire,2021-04-20,0.0,0.0,0.0,0.0,0.0,0.0,0.0,1.0,1.0,1.0,1.0,2.0,4.0,inferred
Denbighshire,2021-04-21,0.0,0.0,0.0,0.0,0.0,0.0,0.0,1.0,1.0,1.0,1.0,2.0,4.0,inferred
Denbighshire,2021-04-22,0.0,0.0,0.0,0.0,0.0,0.0,0.0,1.0,1.0,1.0,1.0,2.0,4.0,inferred
Denbighshire,2021-04-23,0.0,0.0,0.0,0.0,0.0,0.0,0.0,0.0,1.0,1.0,1.0,2.0,3.0,inferred
Denbighshire,2021-04-24,0.0,0.0,0.0,0.0,0.0,0.0,0.0,0.0,0.0,1.0,1.0,1.1,3.0,inferred
Denbighshire,2021-04-25,0.0,0.0,0.0,0.0,0.0,0.0,0.0,0.0,1.0,1.0,1.0,2.0,3.0,inferred
Denbighshire,2021-04-26,0.0,0.0,0.0,0.0,0.0,0.0,0.0,0.0,1.0,1.0,1.0,2.0,3.0,inferred
Denbighshire,2021-04-27,0.0,0.0,0.0,0.0,0.0,0.0,0.0,0.0,1.0,1.0,1.0,2.0,3.0,inferred
Denbighshire,2021-04-28,0.0,0.0,0.0,0.0,0.0,0.0,0.0,0.0,1.0,1.0,1.0,2.0,3.0,inferred
Denbighshire,2021-04-29,0.0,0.0,0.0,0.0,0.0,0.0,0.0,0.0,1.0,1.0,1.0,2.0,4.0,inferred
Denbighshire,2021-04-30,0.0,0.0,0.0,0.0,0.0,0.0,0.0,0.0,1.0,1.0,1.0,2.0,4.0,inferred
Denbighshire,2021-05-01,0.0,0.0,0.0,0.0,0.0,0.0,0.0,0.0,0.0,1.0,1.0,2.0,3.0,inferred
Denbighshire,2021-05-02,0.0,0.0,0.0,0.0,0.0,0.0,0.0,0.0,0.0,1.0,1.0,2.0,3.0,inferred
Denbighshire,2021-05-03,0.0,0.0,0.0,0.0,0.0,0.0,0.0,0.0,1.0,1.0,1.0,2.0,4.0,inferred
Denbighshire,2021-05-04,0.0,0.0,0.0,0.0,0.0,0.0,0.0,0.0,1.0,1.0,1.0,2.0,3.0,inferred
Denbighshire,2021-05-05,0.0,0.0,0.0,0.0,0.0,0.0,0.0,1.0,1.0,1.0,1.0,2.0,4.0,inferred
Denbighshire,2021-05-06,0.0,0.0,0.0,0.0,0.0,0.0,0.0,1.0,1.0,1.0,1.0,2.0,3.0,inferred
Denbighshire,2021-05-07,0.0,0.0,0.0,0.0,0.0,0.0,0.0,0.0,1.0,1.0,1.0,2.0,3.0,inferred
Denbighshire,2021-05-08,0.0,0.0,0.0,0.0,0.0,0.0,0.0,0.0,1.0,1.0,1.0,2.0,3.0,inferred
Denbighshire,2021-05-09,0.0,0.0,0.0,0.0,0.0,0.0,0.0,0.0,1.0,1.0,1.0,2.0,3.0,inferred
Denbighshire,2021-05-10,0.0,0.0,0.0,0.0,0.0,0.0,0.0,1.0,1.0,1.0,1.0,2.0,4.0,inferred
Denbighshire,2021-05-11,0.0,0.0,0.0,0.0,0.0,0.0,0.0,0.0,1.0,1.0,1.0,2.0,4.0,inferred
Denbighshire,2021-05-12,0.0,0.0,0.0,0.0,0.0,0.0,0.0,1.0,1.0,1.0,1.0,2.0,4.0,inferred
Denbighshire,2021-05-13,0.0,0.0,0.0,0.0,0.0,0.0,0.0,1.0,1.0,1.0,1.0,2.0,4.0,inferred
Denbighshire,2021-05-14,0.0,0.0,0.0,0.0,0.0,0.0,0.0,0.0,1.0,1.0,1.0,2.0,4.0,inferred
Denbighshire,2021-05-15,0.0,0.0,0.0,0.0,0.0,0.0,0.0,0.0,1.0,1.0,1.0,2.0,3.0,inferred
Denbighshire,2021-05-16,0.0,0.0,0.0,0.0,0.0,0.0,0.0,0.0,1.0,1.0,1.0,2.0,3.0,inferred
Denbighshire,2021-05-17,0.0,0.0,0.0,0.0,0.0,0.0,0.0,1.0,1.0,1.0,2.0,2.0,4.0,inferred
Denbighshire,2021-05-18,0.0,0.0,0.0,0.0,0.0,0.0,0.0,1.0,1.0,1.0,2.0,2.1,4.0,inferred
Denbighshire,2021-05-19,0.0,0.0,0.0,0.0,0.0,0.0,1.0,1.0,1.0,2.0,2.0,3.0,5.0,inferred
Denbighshire,2021-05-20,0.0,0.0,0.0,0.0,0.0,0.0,1.0,1.0,1.0,2.0,2.0,3.0,5.0,inferred
Denbighshire,2021-05-21,0.0,0.0,0.0,0.0,0.0,0.0,1.0,1.0,1.0,1.0,2.0,3.0,4.0,inferred
Denbighshire,2021-05-22,0.0,0.0,0.0,0.0,0.0,0.0,0.0,1.0,1.0,1.0,2.0,2.0,4.0,inferred
Denbighshire,2021-05-23,0.0,0.0,0.0,0.0,0.0,0.0,1.0,1.0,1.0,1.0,2.0,3.0,4.0,inferred
Denbighshire,2021-05-24,0.0,0.0,0.0,0.0,0.0,1.0,1.0,1.0,2.0,2.0,2.0,3.0,6.0,inferred
Denbighshire,2021-05-25,0.0,0.0,0.0,0.0,0.0,1.0,1.0,1.0,2.0,2.0,2.0,3.0,5.0,inferred
Denbighshire,2021-05-26,0.0,0.0,0.0,0.0,0.0,1.0,1.0,2.0,2.0,2.0,3.0,4.0,6.0,inferred
Denbighshire,2021-05-27,0.0,0.0,0.0,0.0,1.0,1.0,1.0,2.0,2.0,3.0,3.0,4.0,6.5,inferred
Denbighshire,2021-05-28,0.0,0.0,0.0,0.0,1.0,1.0,1.0,2.0,2.0,3.0,3.0,4.0,6.0,inferred
Denbighshire,2021-05-29,0.0,0.0,0.0,0.0,0.0,1.0,1.0,2.0,2.0,2.0,3.0,4.0,6.0,inferred
Denbighshire,2021-05-30,0.0,0.0,0.0,1.0,1.0,1.0,1.0,2.0,2.0,3.0,3.0,4.0,6.0,inferred
Denbighshire,2021-05-31,0.0,0.0,1.0,1.0,1.0,2.0,2.0,3.0,3.0,4.0,4.0,6.0,8.0,inferred
Denbighshire,2021-06-01,0.0,0.0,1.0,1.0,1.0,2.0,2.0,3.0,3.0,4.0,4.0,6.0,8.0,inferred
Denbighshire,2021-06-02,0.0,1.0,1.0,2.0,2.0,2.0,3.0,4.0,4.0,5.0,5.0,7.0,10.0,inferred
Denbighshire,2021-06-03,0.0,1.0,2.0,2.0,2.0,3.0,3.0,4.0,5.0,5.0,6.0,7.0,10.0,inferred
Denbighshire,2021-06-04,0.0,1.0,2.0,2.0,2.0,3.0,3.0,4.0,5.0,5.0,6.0,7.0,10.0,inferred
Denbighshire,2021-06-05,0.0,1.0,1.0,1.0,2.0,2.0,3.0,3.0,4.0,5.0,5.0,6.0,9.0,inferred
Denbighshire,2021-06-06,0.0,1.0,2.0,2.0,2.0,3.0,3.0,4.0,5.0,5.0,6.0,8.0,10.0,inferred
Denbighshire,2021-06-07,1.0,2.0,3.0,4.0,4.0,5.0,6.0,7.0,8.0,8.0,9.0,11.0,14.0,inferred
Denbighshire,2021-06-08,1.0,2.0,3.0,4.0,4.0,5.0,6.0,6.4,8.0,8.0,9.0,11.0,14.0,inferred
Denbighshire,2021-06-09,2.0,3.0,4.0,5.0,5.0,6.0,7.0,8.0,9.0,10.0,11.0,13.0,16.0,inferred
Denbighshire,2021-06-10,2.0,4.0,5.0,6.0,6.0,7.0,8.0,9.0,10.0,11.0,11.0,14.0,17.0,inferred
Denbighshire,2021-06-11,2.0,3.0,5.0,5.0,6.0,6.0,7.0,8.0,9.0,10.0,11.0,13.0,16.0,inferred
Denbighshire,2021-06-12,1.0,3.0,4.0,4.0,5.0,6.0,7.0,7.0,8.0,9.0,10.0,12.0,14.5,inferred
Denbighshire,2021-06-13,2.0,3.0,5.0,5.0,5.0,6.0,7.0,8.0,10.0,10.0,11.0,13.0,16.0,inferred
Denbighshire,2021-06-14,4.0,6.0,8.0,8.0,9.0,10.0,11.0,13.0,14.0,15.0,16.0,18.0,23.0,inferred
Denbighshire,2021-06-15,3.0,5.0,7.0,7.0,8.0,9.0,10.0,12.0,13.0,14.0,14.0,17.0,21.0,inferred
Denbighshire,2021-06-16,4.0,6.9,8.0,9.0,9.0,11.0,12.0,13.0,15.0,15.0,16.0,19.0,24.5,inferred
Denbighshire,2021-06-17,4.0,7.0,9.0,9.0,10.0,11.0,12.0,14.0,15.0,16.0,17.0,20.0,24.0,inferred
Denbighshire,2021-06-18,3.0,6.0,7.0,8.0,9.0,10.0,11.0,12.0,14.0,15.0,16.0,18.0,23.0,inferred
Derby,2021-03-06,12.0,15.0,17.0,18.0,19.0,21.0,23.0,24.4,26.0,27.0,29.0,32.0,37.0,inferred
Derby,2021-03-07,13.0,17.0,20.0,21.0,22.0,24.0,26.0,28.0,30.0,31.0,32.0,36.0,41.5,inferred
Derby,2021-03-08,17.0,22.0,25.0,26.0,27.0,29.0,31.0,33.0,35.0,36.0,38.0,43.0,49.5,inferred
Derby,2021-03-09,14.0,19.0,22.0,23.0,24.0,27.0,28.0,30.0,33.0,34.0,35.2,40.0,44.5,inferred
Derby,2021-03-10,15.0,19.0,22.0,23.0,24.0,26.0,28.0,30.0,32.3,34.0,35.0,39.0,46.0,inferred
Derby,2021-03-11,12.0,16.0,19.0,20.0,21.0,23.0,25.0,26.0,28.0,29.0,31.0,35.0,42.0,inferred
Derby,2021-03-12,10.0,14.0,16.0,17.0,18.0,20.0,22.0,23.0,25.0,26.0,27.0,31.0,38.0,inferred
Derby,2021-03-13,7.0,10.0,12.0,13.0,14.0,15.0,17.0,18.0,20.0,21.0,22.0,25.0,30.0,inferred
Derby,2021-03-14,8.0,12.0,14.0,15.0,16.0,18.0,19.0,21.0,22.0,24.0,25.0,28.0,33.0,inferred
Derby,2021-03-15,12.0,16.0,18.0,19.0,20.0,22.0,23.0,25.0,28.0,29.0,30.0,34.0,39.0,inferred
Derby,2021-03-16,11.0,15.0,17.0,18.0,19.0,21.0,22.5,24.0,26.0,27.0,28.0,32.0,38.0,inferred
Derby,2021-03-17,12.0,15.0,18.0,19.0,20.0,22.0,24.0,25.0,27.0,28.0,30.0,33.0,39.0,inferred
Derby,2021-03-18,10.0,13.0,15.0,17.0,17.0,19.0,21.0,22.0,24.0,25.0,27.0,30.0,36.0,inferred
Derby,2021-03-19,8.0,12.0,14.0,15.0,16.0,17.0,19.0,20.0,22.0,23.0,24.0,28.0,33.0,inferred
Derby,2021-03-20,6.0,9.0,11.0,11.0,12.0,14.0,15.0,16.0,18.0,19.0,20.0,23.0,28.0,inferred
Derby,2021-03-21,7.0,11.0,13.0,14.0,14.0,16.0,17.0,18.0,20.0,21.0,22.0,26.0,31.0,inferred
Derby,2021-03-22,10.5,14.0,16.0,17.0,18.0,20.0,22.0,23.0,25.0,27.0,28.0,31.0,37.5,inferred
Derby,2021-03-23,9.0,12.0,15.0,15.0,16.0,18.0,20.0,21.0,23.0,25.0,25.0,29.0,35.0,inferred
Derby,2021-03-24,9.0,13.0,15.0,16.0,17.0,19.0,20.0,22.0,24.0,25.0,26.0,29.1,35.0,inferred
Derby,2021-03-25,7.0,10.0,12.0,13.0,14.0,16.0,17.0,19.0,21.0,22.0,23.0,26.1,31.5,inferred
Derby,2021-03-26,6.0,9.0,11.0,11.0,12.0,13.0,15.0,16.0,18.0,18.0,20.0,23.0,28.0,inferred
Derby,2021-03-27,3.0,5.0,7.0,8.0,8.0,9.0,11.0,12.0,13.0,14.0,15.0,18.0,23.0,inferred
Derby,2021-03-28,4.0,7.0,8.0,9.0,10.0,11.0,12.0,14.0,15.0,16.0,17.0,19.0,24.0,inferred
Derby,2021-03-29,6.0,8.0,10.0,11.0,12.0,13.0,15.0,16.0,18.0,19.0,20.0,23.0,28.0,inferred
Derby,2021-03-30,5.0,7.0,9.0,10.0,11.0,12.0,13.0,15.0,16.0,17.0,18.0,21.0,26.5,inferred
Derby,2021-03-31,5.0,7.0,9.0,10.0,10.0,12.0,13.0,14.0,16.0,17.0,18.0,21.0,26.0,inferred
Derby,2021-04-01,3.0,5.9,7.0,8.0,9.0,10.0,11.0,12.0,14.0,14.0,15.0,18.0,23.0,inferred
Derby,2021-04-02,2.0,4.0,6.0,7.0,7.0,8.0,9.0,10.0,12.0,12.0,13.0,16.0,20.0,inferred
Derby,2021-04-03,1.0,3.0,4.0,4.0,5.0,6.0,7.0,8.0,9.0,9.0,10.0,12.0,16.0,inferred
Derby,2021-04-04,1.0,3.0,4.0,5.0,6.0,7.0,7.0,9.0,10.0,10.0,11.0,13.0,18.0,inferred
Derby,2021-04-05,3.0,4.0,6.0,7.0,7.0,8.0,9.0,11.0,12.0,13.0,14.0,16.0,20.0,inferred
Derby,2021-04-06,2.0,4.0,6.0,6.0,7.0,8.0,9.0,10.0,11.0,12.0,13.0,15.0,19.0,inferred
Derby,2021-04-07,3.0,4.0,6.0,6.0,7.0,8.0,9.0,10.0,12.0,12.0,13.0,16.0,19.0,inferred
Derby,2021-04-08,2.0,3.0,5.0,5.0,6.0,7.0,8.0,9.0,10.0,11.0,11.0,14.0,18.0,inferred
Derby,2021-04-09,1.0,3.0,4.0,4.0,5.0,6.0,7.0,8.0,9.0,10.0,10.0,13.0,16.0,inferred
Derby,2021-04-10,1.0,2.0,3.0,3.0,4.0,4.0,5.0,6.0,7.0,8.0,8.0,10.1,13.0,inferred
Derby,2021-04-11,1.0,2.0,3.0,4.0,4.0,5.0,6.0,7.0,8.0,9.0,10.0,12.0,15.0,inferred
Derby,2021-04-12,1.0,3.0,5.0,5.0,6.0,7.0,8.0,9.0,10.0,11.0,12.0,14.0,18.0,inferred
Derby,2021-04-13,2.0,3.0,4.0,5.0,6.0,6.0,7.0,8.0,10.0,10.0,11.0,13.0,17.0,inferred
Derby,2021-04-14,1.0,3.0,4.0,5.0,6.0,7.0,8.0,9.0,10.0,11.0,11.2,14.0,18.0,inferred
Derby,2021-04-15,1.0,3.0,4.0,5.0,5.0,6.0,7.0,8.0,9.0,10.0,11.0,13.0,17.0,inferred
Derby,2021-04-16,1.0,3.0,4.0,4.0,5.0,5.0,7.0,8.0,9.0,9.0,10.0,12.0,16.0,inferred
Derby,2021-04-17,0.0,2.0,2.0,3.0,3.0,4.0,5.0,6.0,7.0,7.0,8.0,10.0,13.0,inferred
Derby,2021-04-18,1.0,2.0,3.0,4.0,4.0,5.0,6.0,7.0,8.0,8.0,9.0,11.0,15.0,inferred
Derby,2021-04-19,2.0,3.0,4.0,5.0,5.0,6.0,7.0,8.0,10.0,10.0,11.0,13.0,17.0,inferred
Derby,2021-04-20,1.0,3.0,4.0,5.0,5.0,6.0,7.0,8.0,9.0,10.0,11.0,13.0,17.0,inferred
Derby,2021-04-21,1.0,3.0,4.0,5.0,5.0,6.0,7.0,8.0,9.0,10.0,11.0,13.0,16.0,inferred
Derby,2021-04-22,1.0,2.0,4.0,4.0,5.0,6.0,7.0,7.0,9.0,9.0,10.0,12.0,15.0,inferred
Derby,2021-04-23,1.0,2.0,3.0,4.0,4.0,5.0,6.0,7.0,8.0,8.0,9.0,11.0,15.0,inferred
Derby,2021-04-24,0.0,1.0,2.0,3.0,3.0,4.0,4.0,5.0,6.0,7.0,7.0,9.0,12.0,inferred
Derby,2021-04-25,0.5,2.0,3.0,3.0,3.0,4.0,5.0,6.0,7.0,8.0,8.0,11.0,14.0,inferred
Derby,2021-04-26,1.0,3.0,4.0,4.0,5.0,6.0,7.0,8.0,9.0,9.0,10.0,12.0,15.5,inferred
Derby,2021-04-27,1.0,2.0,4.0,4.0,5.0,5.0,6.0,7.0,9.0,9.0,10.0,12.0,16.0,inferred
Derby,2021-04-28,1.0,3.0,4.0,4.0,5.0,6.0,7.0,8.0,9.0,9.0,10.0,12.0,16.0,inferred
Derby,2021-04-29,1.0,2.0,3.0,4.0,4.0,5.0,6.0,7.0,8.0,9.0,9.0,12.0,15.0,inferred
Derby,2021-04-30,1.0,2.0,3.0,3.0,4.0,5.0,5.0,6.0,7.0,8.0,9.0,10.0,14.0,inferred
Derby,2021-05-01,0.0,1.0,2.0,2.0,3.0,3.0,4.0,5.0,6.0,6.0,7.0,9.0,13.0,inferred
Derby,2021-05-02,0.0,2.0,3.0,3.0,4.0,4.0,5.0,6.0,7.0,7.0,8.0,10.0,14.0,inferred
Derby,2021-05-03,1.0,3.0,4.0,4.0,5.0,6.0,7.0,7.0,9.0,9.2,10.0,12.0,16.0,inferred
Derby,2021-05-04,1.0,2.0,3.0,4.0,4.0,5.0,6.0,7.0,8.0,9.0,9.0,11.0,15.0,inferred
Derby,2021-05-05,1.0,2.0,4.0,4.0,5.0,6.0,7.0,7.0,9.0,9.0,10.0,12.0,16.0,inferred
Derby,2021-05-06,1.0,2.0,3.0,4.0,4.0,5.0,6.0,6.0,8.0,8.0,9.0,11.0,14.0,inferred
Derby,2021-05-07,1.0,2.0,3.0,3.0,3.0,4.0,5.0,6.0,7.0,7.0,8.0,10.0,13.5,inferred
Derby,2021-05-08,0.0,1.0,2.0,2.0,2.0,3.0,4.0,5.0,5.0,6.0,7.0,8.0,12.0,inferred
Derby,2021-05-09,0.0,1.0,2.0,3.0,3.0,4.0,4.0,5.0,6.0,7.0,7.0,9.0,13.0,inferred
Derby,2021-05-10,1.0,2.0,3.0,3.0,4.0,5.0,6.0,6.0,7.0,8.0,9.0,10.0,14.0,inferred
Derby,2021-05-11,1.0,2.0,3.0,3.0,3.0,4.0,5.0,6.0,7.0,8.0,8.0,10.0,14.0,inferred
Derby,2021-05-12,0.0,2.0,3.0,3.0,3.0,4.0,5.0,6.0,7.0,7.0,8.0,10.0,14.0,inferred
Derby,2021-05-13,0.0,1.0,2.0,2.0,3.0,3.0,4.0,5.0,6.0,6.0,7.0,9.0,12.0,inferred
Derby,2021-05-14,0.0,1.0,2.0,2.0,2.0,3.0,4.0,4.0,5.0,6.0,6.0,8.0,11.0,inferred
Derby,2021-05-15,0.0,0.0,1.0,1.0,2.0,2.0,3.0,3.0,4.0,4.0,5.0,7.0,9.0,inferred
Derby,2021-05-16,0.0,1.0,1.0,2.0,2.0,2.0,3.0,4.0,5.0,5.0,6.0,7.0,11.0,inferred
Derby,2021-05-17,0.0,1.0,2.0,2.0,3.0,3.0,4.0,5.0,5.0,6.0,7.0,8.0,12.0,inferred
Derby,2021-05-18,0.0,1.0,2.0,2.0,2.0,3.0,4.0,5.0,5.0,6.0,7.0,8.0,11.0,inferred
Derby,2021-05-19,0.0,1.0,2.0,2.0,3.0,3.0,4.0,5.0,6.0,6.0,7.0,9.0,12.0,inferred
Derby,2021-05-20,0.0,1.0,2.0,2.0,2.0,3.0,4.0,4.0,5.0,6.0,6.0,8.0,11.0,inferred
Derby,2021-05-21,0.0,1.0,1.0,2.0,2.0,2.0,3.0,4.0,4.0,5.0,5.0,7.0,10.0,inferred
Derby,2021-05-22,0.0,0.0,1.0,1.0,1.0,2.0,2.0,3.0,4.0,4.0,5.0,6.0,9.0,inferred
Derby,2021-05-23,0.0,0.0,1.0,1.0,2.0,2.0,3.0,3.0,4.0,5.0,5.0,7.0,10.0,inferred
Derby,2021-05-24,0.0,1.0,2.0,2.0,2.0,3.0,4.0,4.0,5.0,6.0,6.0,8.0,11.0,inferred
Derby,2021-05-25,0.0,1.0,2.0,2.0,2.0,3.0,4.0,4.0,5.0,6.0,6.0,8.0,11.0,inferred
Derby,2021-05-26,0.0,1.0,2.0,2.0,3.0,3.0,4.0,5.0,6.0,6.0,7.0,8.0,12.0,inferred
Derby,2021-05-27,0.0,1.0,2.0,2.0,2.0,3.0,4.0,4.0,5.0,6.0,6.0,8.0,11.0,inferred
Derby,2021-05-28,0.0,1.0,1.0,2.0,2.0,3.0,4.0,4.0,5.0,6.0,6.0,8.0,11.0,inferred
Derby,2021-05-29,0.0,0.0,1.0,1.0,2.0,2.0,3.0,3.0,4.0,5.0,5.0,7.0,9.0,inferred
Derby,2021-05-30,0.0,1.0,1.0,2.0,2.0,3.0,3.0,4.0,5.0,6.0,6.0,8.0,11.0,inferred
Derby,2021-05-31,0.0,2.0,2.0,3.0,3.0,4.0,5.0,6.0,6.0,7.0,7.0,9.1,13.0,inferred
Derby,2021-06-01,0.0,2.0,3.0,3.0,3.0,4.0,5.0,6.0,7.0,7.0,8.0,10.0,13.0,inferred
Derby,2021-06-02,1.0,2.0,3.0,3.0,4.0,5.0,5.0,6.0,7.0,8.0,8.0,10.0,14.0,inferred
Derby,2021-06-03,1.0,2.0,3.0,3.0,4.0,4.0,5.0,6.0,7.0,8.0,8.0,10.0,14.0,inferred
Derby,2021-06-04,1.0,2.0,3.0,3.0,4.0,5.0,5.0,6.0,7.0,8.0,8.0,10.0,14.0,inferred
Derby,2021-06-05,0.0,1.0,2.0,2.0,3.0,3.0,4.0,5.0,6.0,6.0,7.0,9.0,12.0,inferred
Derby,2021-06-06,1.0,2.0,3.0,3.0,4.0,4.0,5.0,6.0,7.0,8.0,8.0,11.0,14.0,inferred
Derby,2021-06-07,2.0,3.0,4.0,5.0,5.0,6.0,7.0,8.0,9.0,10.0,11.0,13.0,17.0,inferred
Derby,2021-06-08,2.0,3.0,4.0,5.0,5.0,6.0,7.0,8.0,10.0,10.0,11.0,14.0,18.0,inferred
Derby,2021-06-09,2.0,4.0,5.0,6.0,6.0,7.0,8.0,10.0,11.0,12.0,12.0,15.0,19.0,inferred
Derby,2021-06-10,2.0,4.0,5.0,6.0,6.0,8.0,8.0,9.0,11.0,11.0,12.0,15.0,19.0,inferred
Derby,2021-06-11,2.0,4.0,5.0,6.0,6.0,7.0,8.0,10.0,11.0,12.0,12.0,15.0,18.5,inferred
Derby,2021-06-12,2.0,3.0,5.0,5.0,6.0,6.0,7.0,8.0,10.0,10.0,11.0,13.0,17.0,inferred
Derby,2021-06-13,3.0,5.0,6.0,7.0,7.0,8.0,10.0,11.0,12.0,13.0,14.0,16.0,22.0,inferred
Derby,2021-06-14,5.0,8.0,10.0,11.0,11.0,13.0,14.0,16.0,17.0,18.0,19.0,22.0,27.0,inferred
Derby,2021-06-15,6.0,9.0,11.0,12.0,13.0,14.0,15.0,17.0,18.3,19.0,21.0,24.0,29.0,inferred
Derby,2021-06-16,8.0,11.0,14.0,15.0,16.0,17.0,19.0,21.0,22.3,24.0,25.0,28.0,34.0,inferred
Derby,2021-06-17,9.0,12.0,14.0,15.0,16.0,18.0,19.0,21.0,23.0,25.0,26.0,29.0,35.0,inferred
Derby,2021-06-18,9.0,12.0,15.0,16.0,16.0,18.0,20.0,21.0,23.0,25.0,26.0,30.0,36.0,inferred
Derbyshire Dales,2021-03-06,4.0,6.0,7.0,8.0,8.0,9.0,10.0,11.0,12.0,13.0,14.0,16.0,19.0,inferred
Derbyshire Dales,2021-03-07,4.0,6.0,7.0,8.0,8.0,9.0,10.0,11.0,13.0,13.0,14.0,16.0,19.0,inferred
Derbyshire Dales,2021-03-08,4.0,7.0,8.0,9.0,9.0,10.0,11.0,12.0,14.0,14.0,15.0,17.0,20.0,inferred
Derbyshire Dales,2021-03-09,4.0,6.0,7.0,8.0,8.0,9.0,10.0,11.0,12.0,12.0,13.0,15.0,18.0,inferred
Derbyshire Dales,2021-03-10,3.0,5.0,7.0,7.0,8.0,9.0,10.0,10.0,11.0,12.0,13.0,15.0,18.0,inferred
Derbyshire Dales,2021-03-11,3.0,4.0,6.0,6.0,7.0,7.0,8.0,9.0,10.0,10.0,11.0,13.0,15.0,inferred
Derbyshire Dales,2021-03-12,2.0,3.0,5.0,5.0,5.0,6.0,7.0,8.0,9.0,9.0,10.0,11.0,14.0,inferred
Derbyshire Dales,2021-03-13,1.0,2.0,3.0,4.0,4.0,5.0,5.0,6.0,7.0,7.0,8.0,9.0,11.0,inferred
Derbyshire Dales,2021-03-14,1.0,3.0,4.0,4.0,5.0,5.0,6.0,7.0,8.0,8.0,8.0,10.0,12.0,inferred
Derbyshire Dales,2021-03-15,2.0,4.0,5.0,5.0,6.0,6.0,7.0,8.0,9.0,10.0,10.0,12.0,15.0,inferred
Derbyshire Dales,2021-03-16,2.0,3.0,4.0,5.0,5.0,6.0,7.0,8.0,8.0,9.0,10.0,11.0,14.0,inferred
Derbyshire Dales,2021-03-17,2.0,4.0,5.0,5.0,5.0,6.0,7.0,8.0,9.0,9.0,10.0,11.0,14.0,inferred
Derbyshire Dales,2021-03-18,2.0,3.0,4.0,4.0,5.0,5.0,6.0,7.0,7.0,8.0,8.0,10.0,12.0,inferred
Derbyshire Dales,2021-03-19,1.0,2.0,3.0,3.0,4.0,4.0,5.0,6.0,6.0,7.0,7.0,9.0,11.0,inferred
Derbyshire Dales,2021-03-20,0.0,1.0,2.0,2.0,3.0,3.0,4.0,4.0,5.0,5.0,6.0,7.0,9.0,inferred
Derbyshire Dales,2021-03-21,0.0,2.0,2.0,3.0,3.0,3.0,4.0,5.0,5.0,6.0,6.0,8.0,10.0,inferred
Derbyshire Dales,2021-03-22,1.0,2.0,3.0,3.0,4.0,4.0,5.0,6.0,6.0,7.0,7.0,9.0,11.0,inferred
Derbyshire Dales,2021-03-23,1.0,2.0,3.0,3.0,3.0,4.0,4.0,5.0,6.0,6.0,7.0,8.0,10.0,inferred
Derbyshire Dales,2021-03-24,1.0,2.0,2.0,3.0,3.0,4.0,4.0,5.0,6.0,6.0,6.0,8.0,10.0,inferred
Derbyshire Dales,2021-03-25,0.0,1.0,2.0,2.0,2.0,3.0,4.0,4.0,5.0,5.0,6.0,7.0,9.0,inferred
Derbyshire Dales,2021-03-26,0.0,1.0,1.0,2.0,2.0,2.0,3.0,3.0,4.0,4.0,5.0,6.0,8.0,inferred
Derbyshire Dales,2021-03-27,0.0,0.0,1.0,1.0,1.0,2.0,2.0,3.0,3.0,3.0,4.0,5.0,6.0,inferred
Derbyshire Dales,2021-03-28,0.0,0.0,1.0,1.0,1.0,2.0,2.0,3.0,3.0,4.0,4.0,5.0,7.0,inferred
Derbyshire Dales,2021-03-29,0.0,1.0,1.0,2.0,2.0,2.0,3.0,3.0,4.0,4.0,4.0,6.0,7.0,inferred
Derbyshire Dales,2021-03-30,0.0,0.0,1.0,1.0,1.0,2.0,2.0,3.0,3.0,4.0,4.0,5.0,7.0,inferred
Derbyshire Dales,2021-03-31,0.0,1.0,1.0,1.0,1.0,2.0,2.0,3.0,3.0,4.0,4.0,5.0,7.0,inferred
Derbyshire Dales,2021-04-01,0.0,0.0,1.0,1.0,1.0,2.0,2.0,2.0,3.0,3.0,3.0,4.0,6.0,inferred
Derbyshire Dales,2021-04-02,0.0,0.0,0.0,1.0,1.0,1.0,1.0,2.0,2.0,3.0,3.0,4.0,5.0,inferred
Derbyshire Dales,2021-04-03,0.0,0.0,0.0,0.0,0.0,1.0,1.0,1.0,2.0,2.0,2.0,3.0,4.0,inferred
Derbyshire Dales,2021-04-04,0.0,0.0,0.0,0.0,1.0,1.0,1.0,2.0,2.0,2.0,2.2,3.0,5.0,inferred
Derbyshire Dales,2021-04-05,0.0,0.0,0.0,1.0,1.0,1.0,2.0,2.0,2.0,3.0,3.0,4.0,5.0,inferred
Derbyshire Dales,2021-04-06,0.0,0.0,0.0,1.0,1.0,1.0,1.0,2.0,2.0,2.0,3.0,4.0,5.0,inferred
Derbyshire Dales,2021-04-07,0.0,0.0,0.0,1.0,1.0,1.0,1.0,2.0,2.0,2.2,3.0,4.0,5.0,inferred
Derbyshire Dales,2021-04-08,0.0,0.0,0.0,0.0,1.0,1.0,1.0,2.0,2.0,2.0,2.0,3.0,4.5,inferred
Derbyshire Dales,2021-04-09,0.0,0.0,0.0,0.0,0.0,1.0,1.0,1.0,2.0,2.0,2.0,3.0,4.0,inferred
Derbyshire Dales,2021-04-10,0.0,0.0,0.0,0.0,0.0,0.0,1.0,1.0,1.0,2.0,2.0,2.0,4.0,inferred
Derbyshire Dales,2021-04-11,0.0,0.0,0.0,0.0,0.0,1.0,1.0,1.0,1.0,2.0,2.0,3.0,4.0,inferred
Derbyshire Dales,2021-04-12,0.0,0.0,0.0,0.0,1.0,1.0,1.0,1.0,2.0,2.0,2.0,3.0,5.0,inferred
Derbyshire Dales,2021-04-13,0.0,0.0,0.0,0.0,1.0,1.0,1.0,1.0,2.0,2.0,2.0,3.0,5.0,inferred
Derbyshire Dales,2021-04-14,0.0,0.0,0.0,0.0,1.0,1.0,1.0,2.0,2.0,2.0,2.0,3.0,5.0,inferred
Derbyshire Dales,2021-04-15,0.0,0.0,0.0,0.0,0.0,1.0,1.0,1.0,2.0,2.0,2.0,3.0,4.0,inferred
Derbyshire Dales,2021-04-16,0.0,0.0,0.0,0.0,0.0,1.0,1.0,1.0,2.0,2.0,2.0,3.0,4.0,inferred
Derbyshire Dales,2021-04-17,0.0,0.0,0.0,0.0,0.0,0.0,1.0,1.0,1.0,2.0,2.0,2.0,4.0,inferred
Derbyshire Dales,2021-04-18,0.0,0.0,0.0,0.0,0.0,1.0,1.0,1.0,2.0,2.0,2.0,3.0,4.0,inferred
Derbyshire Dales,2021-04-19,0.0,0.0,0.0,0.0,1.0,1.0,1.0,2.0,2.0,2.0,3.0,3.0,5.0,inferred
Derbyshire Dales,2021-04-20,0.0,0.0,0.0,0.0,1.0,1.0,1.0,2.0,2.0,2.0,3.0,3.0,5.0,inferred
Derbyshire Dales,2021-04-21,0.0,0.0,0.0,0.0,1.0,1.0,1.0,2.0,2.0,2.0,3.0,4.0,5.0,inferred
Derbyshire Dales,2021-04-22,0.0,0.0,0.0,0.0,1.0,1.0,1.0,2.0,2.0,2.0,2.0,3.0,5.0,inferred
Derbyshire Dales,2021-04-23,0.0,0.0,0.0,0.0,0.0,1.0,1.0,1.0,2.0,2.0,2.0,3.0,4.0,inferred
Derbyshire Dales,2021-04-24,0.0,0.0,0.0,0.0,0.0,0.0,1.0,1.0,1.0,2.0,2.0,2.0,4.0,inferred
Derbyshire Dales,2021-04-25,0.0,0.0,0.0,0.0,0.0,1.0,1.0,1.0,2.0,2.0,2.0,3.0,4.0,inferred
Derbyshire Dales,2021-04-26,0.0,0.0,0.0,0.0,1.0,1.0,1.0,1.0,2.0,2.0,2.0,3.0,5.0,inferred
Derbyshire Dales,2021-04-27,0.0,0.0,0.0,0.0,1.0,1.0,1.0,1.0,2.0,2.0,2.0,3.0,4.0,inferred
Derbyshire Dales,2021-04-28,0.0,0.0,0.0,0.0,1.0,1.0,1.0,1.0,2.0,2.0,2.0,3.0,5.0,inferred
Derbyshire Dales,2021-04-29,0.0,0.0,0.0,0.0,0.0,1.0,1.0,1.0,2.0,2.0,2.0,3.0,4.0,inferred
Derbyshire Dales,2021-04-30,0.0,0.0,0.0,0.0,0.0,1.0,1.0,1.0,1.0,2.0,2.0,3.0,4.0,inferred
Derbyshire Dales,2021-05-01,0.0,0.0,0.0,0.0,0.0,0.0,1.0,1.0,1.0,1.0,2.0,2.0,3.5,inferred
Derbyshire Dales,2021-05-02,0.0,0.0,0.0,0.0,0.0,1.0,1.0,1.0,1.0,2.0,2.0,3.0,4.0,inferred
Derbyshire Dales,2021-05-03,0.0,0.0,0.0,0.0,0.0,1.0,1.0,1.0,2.0,2.0,2.0,3.0,4.0,inferred
Derbyshire Dales,2021-05-04,0.0,0.0,0.0,0.0,0.0,1.0,1.0,1.0,2.0,2.0,2.0,3.0,4.0,inferred
Derbyshire Dales,2021-05-05,0.0,0.0,0.0,0.0,0.0,1.0,1.0,1.0,2.0,2.0,2.0,3.0,4.0,inferred
Derbyshire Dales,2021-05-06,0.0,0.0,0.0,0.0,0.0,1.0,1.0,1.0,2.0,2.0,2.0,3.0,4.0,inferred
Derbyshire Dales,2021-05-07,0.0,0.0,0.0,0.0,0.0,0.0,1.0,1.0,1.0,2.0,2.0,2.0,4.0,inferred
Derbyshire Dales,2021-05-08,0.0,0.0,0.0,0.0,0.0,0.0,1.0,1.0,1.0,1.0,1.0,2.0,3.0,inferred
Derbyshire Dales,2021-05-09,0.0,0.0,0.0,0.0,0.0,0.0,1.0,1.0,1.0,1.0,2.0,2.0,4.0,inferred
Derbyshire Dales,2021-05-10,0.0,0.0,0.0,0.0,0.0,1.0,1.0,1.0,2.0,2.0,2.0,3.0,4.0,inferred
Derbyshire Dales,2021-05-11,0.0,0.0,0.0,0.0,0.0,1.0,1.0,1.0,2.0,2.0,2.0,3.0,4.0,inferred
Derbyshire Dales,2021-05-12,0.0,0.0,0.0,0.0,0.0,1.0,1.0,1.0,2.0,2.0,2.0,3.0,4.0,inferred
Derbyshire Dales,2021-05-13,0.0,0.0,0.0,0.0,0.0,1.0,1.0,1.0,2.0,2.0,2.0,3.0,4.0,inferred
Derbyshire Dales,2021-05-14,0.0,0.0,0.0,0.0,0.0,1.0,1.0,1.0,1.0,2.0,2.0,3.0,4.0,inferred
Derbyshire Dales,2021-05-15,0.0,0.0,0.0,0.0,0.0,0.0,1.0,1.0,1.0,1.0,2.0,2.0,3.0,inferred
Derbyshire Dales,2021-05-16,0.0,0.0,0.0,0.0,0.0,1.0,1.0,1.0,1.0,2.0,2.0,2.0,4.0,inferred
Derbyshire Dales,2021-05-17,0.0,0.0,0.0,0.0,0.0,1.0,1.0,1.0,2.0,2.0,2.0,3.0,4.0,inferred
Derbyshire Dales,2021-05-18,0.0,0.0,0.0,0.0,0.0,1.0,1.0,1.0,2.0,2.0,2.0,3.0,4.0,inferred
Derbyshire Dales,2021-05-19,0.0,0.0,0.0,0.0,1.0,1.0,1.0,1.0,2.0,2.0,2.0,3.0,5.0,inferred
Derbyshire Dales,2021-05-20,0.0,0.0,0.0,0.0,0.0,1.0,1.0,1.0,2.0,2.0,2.0,3.0,4.0,inferred
Derbyshire Dales,2021-05-21,0.0,0.0,0.0,0.0,0.0,1.0,1.0,1.0,2.0,2.0,2.0,3.0,4.0,inferred
Derbyshire Dales,2021-05-22,0.0,0.0,0.0,0.0,0.0,0.0,1.0,1.0,1.0,2.0,2.0,2.0,4.0,inferred
Derbyshire Dales,2021-05-23,0.0,0.0,0.0,0.0,0.0,1.0,1.0,1.0,2.0,2.0,2.0,3.0,4.0,inferred
Derbyshire Dales,2021-05-24,0.0,0.0,0.0,0.0,1.0,1.0,1.0,2.0,2.0,2.0,3.0,3.0,5.0,inferred
Derbyshire Dales,2021-05-25,0.0,0.0,0.0,1.0,1.0,1.0,1.0,2.0,2.0,2.0,3.0,3.0,5.0,inferred
Derbyshire Dales,2021-05-26,0.0,0.0,0.0,1.0,1.0,1.0,1.0,2.0,2.0,3.0,3.0,4.0,5.0,inferred
Derbyshire Dales,2021-05-27,0.0,0.0,0.0,1.0,1.0,1.0,1.0,2.0,2.0,2.0,3.0,4.0,5.0,inferred
Derbyshire Dales,2021-05-28,0.0,0.0,0.0,1.0,1.0,1.0,1.0,2.0,2.0,2.0,3.0,4.0,5.0,inferred
Derbyshire Dales,2021-05-29,0.0,0.0,0.0,0.0,0.0,1.0,1.0,1.0,2.0,2.0,2.0,3.0,4.0,inferred
Derbyshire Dales,2021-05-30,0.0,0.0,0.0,1.0,1.0,1.0,1.0,2.0,2.0,3.0,3.0,4.0,5.0,inferred
Derbyshire Dales,2021-05-31,0.0,0.0,1.0,1.0,1.0,2.0,2.0,3.0,3.0,3.0,4.0,5.0,6.0,inferred
Derbyshire Dales,2021-06-01,0.0,0.0,1.0,1.0,1.0,2.0,2.0,3.0,3.0,3.0,4.0,5.0,6.0,inferred
Derbyshire Dales,2021-06-02,0.0,1.0,1.0,1.0,2.0,2.0,2.5,3.0,4.0,4.0,4.0,5.0,7.0,inferred
Derbyshire Dales,2021-06-03,0.0,1.0,1.0,1.0,2.0,2.0,3.0,3.0,4.0,4.0,4.0,5.0,7.0,inferred
Derbyshire Dales,2021-06-04,0.0,0.0,1.0,1.0,1.0,2.0,2.0,3.0,3.0,4.0,4.0,5.0,7.0,inferred
Derbyshire Dales,2021-06-05,0.0,0.0,1.0,1.0,1.0,2.0,2.0,2.0,3.0,3.0,3.0,5.0,6.0,inferred
Derbyshire Dales,2021-06-06,0.0,1.0,1.0,1.0,2.0,2.0,3.0,3.0,4.0,4.0,4.0,6.0,7.0,inferred
Derbyshire Dales,2021-06-07,0.0,1.0,2.0,2.0,2.0,3.0,3.0,4.0,5.0,5.0,6.0,7.0,9.0,inferred
Derbyshire Dales,2021-06-08,0.0,1.0,2.0,2.0,3.0,3.0,4.0,4.0,5.0,5.0,6.0,7.0,9.0,inferred
Derbyshire Dales,2021-06-09,1.0,1.0,2.0,3.0,3.0,3.0,4.0,5.0,5.0,6.0,6.0,8.0,10.0,inferred
Derbyshire Dales,2021-06-10,0.0,1.0,2.0,2.0,3.0,3.0,4.0,4.0,5.0,6.0,6.0,7.0,9.0,inferred
Derbyshire Dales,2021-06-11,0.0,1.0,2.0,2.0,2.0,3.0,4.0,4.0,5.0,5.0,6.0,7.0,9.0,inferred
Derbyshire Dales,2021-06-12,0.0,1.0,2.0,2.0,2.0,3.0,3.0,4.0,4.0,5.0,5.0,6.0,8.0,inferred
Derbyshire Dales,2021-06-13,0.0,1.0,2.0,2.0,3.0,3.0,4.0,4.0,5.0,5.0,6.0,7.0,9.0,inferred
Derbyshire Dales,2021-06-14,1.0,2.0,3.0,3.0,4.0,4.0,5.0,6.0,7.0,7.0,8.0,9.0,12.0,inferred
Derbyshire Dales,2021-06-15,1.0,2.0,3.0,3.0,4.0,4.0,5.0,6.0,7.0,7.0,8.0,9.0,12.0,inferred
Derbyshire Dales,2021-06-16,1.0,2.0,3.0,4.0,4.0,5.0,6.0,7.0,7.0,8.0,8.0,10.0,13.0,inferred
Derbyshire Dales,2021-06-17,1.0,2.0,3.0,4.0,4.0,5.0,6.0,6.0,7.0,8.0,8.0,10.0,13.0,inferred
Derbyshire Dales,2021-06-18,1.0,2.0,3.0,4.0,4.0,5.0,5.0,6.0,7.0,7.0,8.0,10.0,13.0,inferred
Doncaster,2021-03-06,20.0,25.0,28.0,30.0,31.0,33.0,35.0,38.0,41.0,42.0,44.0,48.0,55.0,inferred
Doncaster,2021-03-07,25.0,29.9,33.0,35.0,36.0,39.0,41.0,44.0,47.0,48.0,50.0,55.0,63.0,inferred
Doncaster,2021-03-08,35.0,42.0,46.0,47.0,49.0,52.0,54.0,58.0,61.0,63.0,64.0,69.1,78.0,inferred
Doncaster,2021-03-09,34.0,39.0,44.0,46.0,47.0,50.0,53.0,56.0,59.0,60.0,62.0,67.1,75.0,inferred
Doncaster,2021-03-10,36.0,41.0,46.0,48.0,49.0,52.0,55.0,58.0,61.0,63.0,65.0,71.0,81.5,inferred
Doncaster,2021-03-11,34.0,39.0,43.0,45.8,47.0,50.0,53.0,56.0,59.0,61.0,64.0,69.0,77.0,inferred
Doncaster,2021-03-12,30.0,36.0,41.0,42.0,44.0,47.0,50.0,52.0,55.0,57.0,59.0,64.0,73.0,inferred
Doncaster,2021-03-13,24.0,30.0,33.0,35.0,36.0,39.0,41.0,44.0,47.0,48.0,50.0,55.0,64.0,inferred
Doncaster,2021-03-14,27.5,33.0,38.0,40.0,41.0,44.0,46.5,49.0,52.0,54.0,55.0,60.0,70.0,inferred
Doncaster,2021-03-15,40.0,47.0,52.0,54.0,55.0,58.0,61.0,64.0,68.0,69.0,71.2,78.0,87.5,inferred
Doncaster,2021-03-16,37.0,44.0,49.0,51.0,52.0,56.0,59.0,62.0,66.0,68.0,70.0,76.0,86.0,inferred
Doncaster,2021-03-17,40.0,47.0,52.0,54.0,56.0,60.0,63.0,66.0,70.0,72.0,74.0,80.0,89.0,inferred
Doncaster,2021-03-18,40.0,46.0,50.0,52.0,54.0,57.0,60.0,63.0,67.0,69.0,71.0,78.0,85.5,inferred
Doncaster,2021-03-19,35.0,42.0,47.0,49.0,50.0,54.0,56.0,59.0,62.0,64.0,66.0,72.0,81.0,inferred
Doncaster,2021-03-20,29.0,35.0,40.0,41.0,42.7,45.0,48.0,51.0,53.0,55.0,58.0,63.0,72.0,inferred
Doncaster,2021-03-21,33.0,40.0,44.8,47.0,48.0,51.0,54.0,57.0,60.0,62.0,64.0,70.0,80.0,inferred
Doncaster,2021-03-22,47.0,54.0,60.0,62.0,63.0,67.0,70.0,74.0,77.0,79.0,82.0,89.0,99.0,inferred
Doncaster,2021-03-23,42.0,50.0,56.0,58.0,60.0,63.0,66.0,69.0,73.0,74.2,77.0,83.0,93.5,inferred
Doncaster,2021-03-24,43.0,50.9,56.0,58.0,60.0,63.0,67.0,70.0,74.0,76.0,78.0,85.0,95.0,inferred
Doncaster,2021-03-25,37.0,45.0,50.0,52.0,53.0,57.0,60.0,63.0,66.0,68.0,70.2,76.1,87.0,inferred
Doncaster,2021-03-26,33.0,39.0,43.0,45.0,47.0,49.0,53.0,56.0,59.0,61.0,63.0,70.0,80.0,inferred
Doncaster,2021-03-27,24.0,30.0,34.0,35.0,37.0,39.0,42.0,45.0,47.0,49.0,51.0,56.0,64.0,inferred
Doncaster,2021-03-28,27.0,33.0,37.0,38.0,40.0,43.0,45.0,48.0,51.0,53.0,55.0,60.0,69.0,inferred
Doncaster,2021-03-29,34.5,42.0,46.0,48.0,50.0,53.0,56.0,59.0,62.0,64.0,67.0,73.0,82.0,inferred
Doncaster,2021-03-30,30.5,37.0,42.0,43.0,45.0,48.0,51.0,53.0,57.0,59.0,61.0,66.0,74.0,inferred
Doncaster,2021-03-31,30.5,37.0,42.0,44.0,46.0,48.0,51.0,54.0,57.0,59.0,61.0,67.0,74.5,inferred
Doncaster,2021-04-01,27.0,32.0,37.0,39.0,40.0,43.0,45.0,48.0,51.0,53.0,55.0,60.0,68.5,inferred
Doncaster,2021-04-02,23.0,29.0,33.0,35.0,36.0,39.0,41.0,43.0,46.0,48.0,50.0,54.0,63.0,inferred
Doncaster,2021-04-03,17.0,22.0,25.0,26.0,28.0,30.0,32.0,34.0,37.0,38.0,40.0,44.0,52.5,inferred
Doncaster,2021-04-04,18.0,23.0,27.0,28.0,29.0,32.0,34.0,36.0,39.0,40.0,42.0,46.0,55.0,inferred
Doncaster,2021-04-05,26.0,31.0,34.0,35.0,37.0,40.0,42.0,45.0,48.0,50.0,52.0,57.0,66.5,inferred
Doncaster,2021-04-06,22.0,28.0,32.0,33.0,35.0,37.0,39.0,42.0,45.0,46.0,48.0,53.0,60.0,inferred
Doncaster,2021-04-07,23.0,29.0,33.0,34.0,36.0,38.0,40.0,43.0,46.0,48.0,50.0,54.0,62.0,inferred
Doncaster,2021-04-08,21.0,26.0,30.0,31.0,32.0,35.0,37.0,40.0,42.0,43.0,45.0,50.0,59.0,inferred
Doncaster,2021-04-09,19.0,23.0,27.0,28.0,29.0,32.0,34.0,36.0,39.0,40.0,42.0,46.0,53.0,inferred
Doncaster,2021-04-10,13.0,18.0,21.0,22.0,23.0,25.0,27.0,29.0,31.0,33.0,35.0,39.0,46.0,inferred
Doncaster,2021-04-11,15.0,19.0,22.0,24.0,25.0,27.0,30.0,32.0,34.0,36.0,37.0,41.0,48.0,inferred
Doncaster,2021-04-12,21.0,26.0,30.0,31.0,33.0,35.0,37.0,40.0,43.0,45.0,46.0,52.0,59.5,inferred
Doncaster,2021-04-13,19.0,24.0,27.8,29.0,30.0,32.0,35.0,37.0,40.0,41.0,43.0,48.0,57.0,inferred
Doncaster,2021-04-14,20.0,25.0,28.0,30.0,31.0,34.0,36.0,39.0,41.0,43.0,45.0,49.0,58.0,inferred
Doncaster,2021-04-15,17.0,22.0,26.0,27.0,28.0,31.0,33.0,35.0,38.0,39.0,41.0,45.0,53.0,inferred
Doncaster,2021-04-16,16.0,20.0,23.0,24.0,26.0,28.0,30.0,32.0,35.0,36.0,38.0,43.0,49.5,inferred
Doncaster,2021-04-17,12.0,15.0,18.0,19.0,20.0,22.0,24.0,26.0,28.0,29.0,31.0,34.0,42.0,inferred
Doncaster,2021-04-18,14.0,17.0,21.0,21.0,22.0,24.0,26.0,28.0,31.0,32.0,33.0,37.0,44.0,inferred
Doncaster,2021-04-19,18.0,23.0,27.0,28.0,29.0,31.6,34.0,36.0,39.0,40.0,42.0,47.0,53.0,inferred
Doncaster,2021-04-20,16.0,21.0,24.0,26.0,27.0,29.0,31.0,34.0,36.0,37.0,39.0,44.0,51.0,inferred
Doncaster,2021-04-21,17.0,22.0,25.0,26.0,27.0,30.0,32.0,34.0,36.3,38.0,40.0,44.0,51.0,inferred
Doncaster,2021-04-22,14.5,19.0,22.0,23.0,25.0,27.0,29.0,31.0,33.0,35.0,37.0,41.0,48.0,inferred
Doncaster,2021-04-23,13.0,17.0,20.0,21.0,22.0,24.0,26.0,28.0,31.0,32.0,33.0,37.0,43.0,inferred
Doncaster,2021-04-24,10.0,13.0,16.0,17.0,18.0,20.0,21.0,23.0,25.0,27.0,28.0,32.0,39.0,inferred
Doncaster,2021-04-25,11.0,15.0,17.0,18.0,19.0,21.0,23.0,25.0,27.0,28.0,30.0,33.0,39.0,inferred
Doncaster,2021-04-26,15.0,19.9,23.0,24.0,25.0,27.0,29.0,32.0,34.0,36.0,37.0,41.0,49.0,inferred
Doncaster,2021-04-27,13.0,18.0,21.0,22.0,23.0,25.0,27.0,29.0,31.0,33.0,35.0,39.0,45.0,inferred
Doncaster,2021-04-28,13.0,18.0,21.0,22.0,23.0,26.0,27.0,30.0,32.0,33.0,34.0,38.0,45.0,inferred
Doncaster,2021-04-29,12.0,16.0,19.0,20.0,21.0,23.0,25.0,27.0,29.0,30.0,32.0,36.0,42.5,inferred
Doncaster,2021-04-30,10.0,14.0,16.0,17.0,18.0,20.0,22.0,24.0,26.0,27.0,29.0,32.0,39.0,inferred
Doncaster,2021-05-01,7.0,10.0,13.0,14.0,14.0,16.0,18.0,19.0,22.0,23.0,24.0,27.0,33.0,inferred
Doncaster,2021-05-02,8.0,11.0,14.0,15.0,15.0,17.0,19.0,21.0,23.0,24.0,25.0,29.0,34.0,inferred
Doncaster,2021-05-03,11.0,15.0,18.0,19.0,20.0,22.0,24.0,26.0,28.0,29.0,31.0,34.1,42.0,inferred
Doncaster,2021-05-04,11.0,14.0,17.0,17.0,18.0,20.0,22.0,24.0,26.0,27.0,28.0,32.0,38.0,inferred
Doncaster,2021-05-05,10.0,13.0,16.0,17.0,18.0,20.0,22.0,24.0,26.0,28.0,29.0,33.0,39.0,inferred
Doncaster,2021-05-06,8.0,12.0,15.0,16.0,17.0,18.0,20.0,22.0,24.0,25.0,27.0,30.0,35.0,inferred
Doncaster,2021-05-07,7.0,10.0,13.0,13.0,14.0,16.0,18.0,19.0,21.0,22.0,23.0,27.0,33.0,inferred
Doncaster,2021-05-08,5.0,7.0,9.0,10.0,11.0,12.0,14.0,15.0,17.0,18.0,19.0,23.0,27.5,inferred
Doncaster,2021-05-09,5.0,8.0,10.0,11.0,12.0,13.0,15.0,16.0,18.0,19.0,20.0,24.0,29.0,inferred
Doncaster,2021-05-10,8.0,11.0,13.0,14.0,15.0,17.0,19.0,20.0,22.0,23.0,25.0,28.0,34.0,inferred
Doncaster,2021-05-11,7.0,10.0,12.0,13.0,14.0,16.0,17.0,19.0,20.0,22.0,23.0,27.0,32.5,inferred
Doncaster,2021-05-12,7.0,10.0,12.0,13.0,14.0,16.0,17.0,19.0,22.0,23.0,24.0,27.0,34.0,inferred
Doncaster,2021-05-13,6.0,9.0,11.0,12.0,13.0,14.0,16.0,17.0,19.0,20.0,21.0,25.0,30.0,inferred
Doncaster,2021-05-14,5.0,8.0,10.0,10.0,11.0,13.0,14.0,16.0,17.3,19.0,20.0,23.0,28.0,inferred
Doncaster,2021-05-15,4.0,6.0,8.0,8.0,9.0,10.0,11.0,13.0,14.0,16.0,16.0,19.0,24.0,inferred
Doncaster,2021-05-16,4.0,6.0,8.0,9.0,10.0,11.0,13.0,14.0,16.0,16.0,18.0,21.0,26.0,inferred
Doncaster,2021-05-17,6.0,9.0,11.0,12.0,13.0,15.0,16.0,18.0,20.0,21.0,22.0,26.0,32.0,inferred
Doncaster,2021-05-18,5.0,8.0,10.0,11.0,11.0,13.0,14.5,16.0,18.0,19.0,20.0,24.0,29.0,inferred
Doncaster,2021-05-19,6.0,8.0,10.0,11.0,12.0,14.0,15.0,17.0,18.0,19.0,20.0,24.0,30.0,inferred
Doncaster,2021-05-20,5.0,7.0,9.0,10.0,11.0,12.0,14.0,15.0,17.0,18.0,19.0,22.0,27.0,inferred
Doncaster,2021-05-21,4.0,6.0,8.0,9.0,9.0,11.0,12.0,13.0,15.0,16.0,17.0,20.0,25.0,inferred
Doncaster,2021-05-22,2.0,4.0,6.0,7.0,7.0,8.0,10.0,10.0,12.0,13.0,14.0,17.0,21.0,inferred
Doncaster,2021-05-23,3.0,5.0,6.0,7.0,8.0,9.0,10.0,11.0,13.0,14.0,15.0,17.0,23.0,inferred
Doncaster,2021-05-24,4.0,7.0,9.0,9.0,10.0,12.0,13.0,14.0,16.0,17.0,18.0,21.0,27.0,inferred
Doncaster,2021-05-25,4.0,6.0,8.0,9.0,9.0,11.0,12.0,14.0,15.0,16.0,17.2,20.0,24.0,inferred
Doncaster,2021-05-26,4.0,7.0,8.0,9.0,10.0,11.0,13.0,14.0,16.0,17.0,18.0,21.0,27.0,inferred
Doncaster,2021-05-27,4.0,6.0,8.0,9.0,9.0,10.6,12.0,13.0,15.0,16.0,16.0,19.0,24.0,inferred
Doncaster,2021-05-28,3.0,5.0,7.0,8.0,8.0,10.0,11.0,12.0,14.0,15.0,16.0,18.1,24.0,inferred
Doncaster,2021-05-29,2.0,4.0,5.0,6.0,7.0,8.0,9.0,10.0,12.0,13.0,13.0,16.0,20.0,inferred
Doncaster,2021-05-30,3.0,5.0,6.0,7.0,8.0,9.0,10.0,11.0,13.0,14.0,15.0,18.0,22.0,inferred
Doncaster,2021-05-31,5.0,7.0,9.0,10.0,11.0,12.0,14.0,15.0,17.0,18.0,19.0,22.0,26.0,inferred
Doncaster,2021-06-01,4.5,7.0,9.0,10.0,11.0,12.0,14.0,15.0,17.0,18.0,19.0,22.0,28.0,inferred
Doncaster,2021-06-02,5.0,8.0,10.0,11.0,12.0,14.0,15.0,17.0,19.0,20.0,21.0,24.0,30.0,inferred
Doncaster,2021-06-03,6.0,8.0,10.0,11.0,12.0,13.0,15.0,16.0,18.0,19.0,20.0,23.1,29.0,inferred
Doncaster,2021-06-04,5.0,8.0,10.0,11.0,11.0,13.0,14.0,16.0,17.0,18.0,19.0,23.0,28.0,inferred
Doncaster,2021-06-05,4.0,7.0,8.0,9.0,10.0,11.0,12.0,14.0,16.0,17.0,18.0,21.0,25.5,inferred
Doncaster,2021-06-06,5.0,8.0,10.0,11.0,12.0,13.0,15.0,16.0,18.0,19.0,20.0,24.0,29.0,inferred
Doncaster,2021-06-07,8.5,12.0,15.0,16.0,17.0,18.0,20.0,22.0,24.0,25.0,26.0,30.0,36.0,inferred
Doncaster,2021-06-08,9.0,13.0,15.0,16.0,17.0,19.0,20.0,22.0,24.0,25.0,27.0,30.0,36.0,inferred
Doncaster,2021-06-09,11.0,14.0,16.0,18.0,19.0,21.0,22.0,24.4,27.0,28.0,29.0,33.0,40.0,inferred
Doncaster,2021-06-10,10.0,14.0,17.0,18.0,19.0,21.0,23.0,25.0,27.0,28.0,29.2,34.0,41.0,inferred
Doncaster,2021-06-11,10.0,14.0,17.0,18.0,19.0,21.0,22.0,24.0,26.0,28.0,29.0,33.0,40.0,inferred
Doncaster,2021-06-12,9.0,12.0,15.0,16.0,16.0,18.0,20.0,22.0,24.0,25.0,26.0,30.0,36.0,inferred
Doncaster,2021-06-13,11.0,15.0,18.0,19.0,20.0,22.0,23.0,25.0,27.0,29.0,30.0,34.0,41.0,inferred
Doncaster,2021-06-14,17.0,21.0,25.0,27.0,28.0,31.0,33.0,35.0,38.0,39.0,41.0,46.0,52.0,inferred
Doncaster,2021-06-15,17.5,23.0,26.0,28.0,29.0,31.0,34.0,36.0,39.0,40.0,41.0,46.0,54.0,inferred
Doncaster,2021-06-16,22.0,27.0,30.0,31.0,33.0,35.0,38.0,40.0,43.0,45.0,47.0,53.0,61.5,inferred
Doncaster,2021-06-17,21.0,27.0,31.0,32.0,34.0,36.0,39.0,41.0,44.0,46.0,48.0,53.0,62.0,inferred
Doncaster,2021-06-18,21.0,26.0,31.0,33.0,34.0,37.0,39.0,42.0,45.0,46.2,49.0,54.0,62.0,inferred
Dorset,2021-03-06,4.0,7.0,8.0,9.0,10.0,11.0,12.0,13.0,14.0,15.0,16.0,18.0,22.0,inferred
Dorset,2021-03-07,8.0,10.0,12.0,13.0,14.0,15.0,16.0,18.0,19.0,20.0,21.0,24.0,27.0,inferred
Dorset,2021-03-08,10.0,13.0,15.0,16.0,17.0,18.0,19.0,21.0,22.0,23.0,24.0,27.0,32.0,inferred
Dorset,2021-03-09,7.0,10.0,12.0,13.0,14.0,15.0,17.0,18.0,19.0,20.0,21.0,24.0,29.0,inferred
Dorset,2021-03-10,10.0,13.0,15.0,16.0,16.0,18.0,19.0,21.0,22.0,23.0,24.0,27.0,32.0,inferred
Dorset,2021-03-11,8.0,11.0,13.0,14.0,15.0,16.0,18.0,19.0,20.0,21.0,22.0,25.0,29.0,inferred
Dorset,2021-03-12,6.0,9.0,10.0,11.0,12.0,13.0,14.0,16.0,17.0,18.0,19.0,21.0,25.0,inferred
Dorset,2021-03-13,4.0,6.0,7.0,8.0,8.0,10.0,11.0,12.0,13.0,14.0,14.0,17.0,21.0,inferred
Dorset,2021-03-14,6.0,9.0,11.0,11.0,12.0,13.0,14.0,15.0,17.0,18.0,19.0,21.0,25.0,inferred
Dorset,2021-03-15,8.0,11.0,13.0,14.0,15.0,16.0,18.0,19.0,21.0,22.0,23.0,26.0,30.5,inferred
Dorset,2021-03-16,6.0,9.0,11.0,12.0,12.0,14.0,15.0,16.0,18.0,19.0,20.0,22.0,27.0,inferred
Dorset,2021-03-17,8.0,11.0,13.0,14.0,14.7,16.0,17.0,19.0,20.0,21.0,22.0,25.0,30.0,inferred
Dorset,2021-03-18,7.0,10.0,12.0,12.8,13.0,15.0,16.0,17.0,18.0,19.2,20.0,23.0,28.5,inferred
Dorset,2021-03-19,6.0,7.0,9.0,10.0,10.0,12.0,13.0,14.0,16.0,16.0,17.0,20.0,23.0,inferred
Dorset,2021-03-20,3.0,5.0,6.0,7.0,8.0,8.0,9.0,11.0,12.0,12.0,13.0,15.0,19.0,inferred
Dorset,2021-03-21,5.0,7.0,9.0,10.0,10.0,11.0,12.0,14.0,15.0,16.0,17.0,19.0,23.0,inferred
Dorset,2021-03-22,6.0,9.0,11.0,12.0,13.0,14.0,15.0,17.0,18.0,19.0,20.0,23.0,27.0,inferred
Dorset,2021-03-23,5.0,7.0,9.0,10.0,10.0,12.0,13.0,14.0,15.0,16.0,17.0,19.0,23.0,inferred
Dorset,2021-03-24,6.0,8.0,10.0,11.0,12.0,13.0,14.0,16.0,17.0,18.0,19.0,21.0,26.0,inferred
Dorset,2021-03-25,4.0,7.0,9.0,10.0,10.0,11.6,13.0,14.0,15.0,16.0,17.0,19.0,23.0,inferred
Dorset,2021-03-26,3.0,5.0,7.0,7.0,8.0,9.0,10.0,11.0,12.0,13.0,14.0,16.0,19.0,inferred
Dorset,2021-03-27,2.0,3.0,4.0,5.0,5.0,6.0,7.0,8.0,9.0,9.0,10.0,12.0,15.0,inferred
Dorset,2021-03-28,3.0,4.0,6.0,6.0,7.0,8.0,9.0,10.0,11.0,11.0,12.0,14.0,18.0,inferred
Dorset,2021-03-29,3.5,5.0,7.0,8.0,8.0,9.0,10.0,12.0,13.0,13.2,14.0,16.0,20.5,inferred
Dorset,2021-03-30,3.0,4.0,5.0,6.0,7.0,7.0,8.0,9.0,10.0,11.0,11.0,14.0,16.5,inferred
Dorset,2021-03-31,3.0,5.0,6.0,7.0,7.0,8.0,9.0,10.0,11.0,12.0,13.0,15.0,19.0,inferred
Dorset,2021-04-01,2.0,4.0,5.0,6.0,6.0,7.0,8.0,9.0,10.0,11.0,12.0,14.0,17.0,inferred
Dorset,2021-04-02,2.0,3.0,4.0,5.0,5.0,6.0,7.0,8.0,9.0,9.0,10.0,12.0,15.0,inferred
Dorset,2021-04-03,1.0,2.0,3.0,3.0,4.0,4.0,5.0,6.0,7.0,7.0,8.0,9.0,12.0,inferred
Dorset,2021-04-04,2.0,3.0,4.0,5.0,5.0,6.0,7.0,8.0,9.0,9.0,10.0,12.0,15.0,inferred
Dorset,2021-04-05,2.0,4.0,5.0,6.0,7.0,7.0,8.0,9.0,11.0,11.0,12.0,14.0,17.0,inferred
Dorset,2021-04-06,2.0,3.0,4.0,5.0,5.0,6.0,7.0,8.0,9.0,9.0,10.0,12.0,16.0,inferred
Dorset,2021-04-07,2.0,4.0,5.0,6.0,6.0,7.0,8.0,9.0,10.0,11.0,11.0,13.0,16.0,inferred
Dorset,2021-04-08,2.0,3.0,5.0,5.0,6.0,6.0,7.0,8.0,9.0,10.0,10.0,12.0,16.0,inferred
Dorset,2021-04-09,1.0,2.0,3.0,4.0,4.0,5.0,6.0,7.0,8.0,8.0,9.0,10.0,13.0,inferred
Dorset,2021-04-10,1.0,1.0,2.0,3.0,3.0,4.0,4.0,5.0,6.0,6.0,7.0,8.0,11.0,inferred
Dorset,2021-04-11,1.0,2.0,3.0,4.0,4.0,5.0,6.0,6.0,7.0,8.0,8.0,10.0,13.0,inferred
Dorset,2021-04-12,2.0,3.0,4.0,5.0,5.0,6.0,7.0,8.0,9.0,10.0,10.0,12.0,15.0,inferred
Dorset,2021-04-13,1.0,2.0,3.0,4.0,4.0,5.0,6.0,7.0,7.0,8.0,9.0,10.0,14.0,inferred
Dorset,2021-04-14,1.0,3.0,4.0,5.0,5.0,6.0,7.0,8.0,9.0,9.0,10.0,12.0,15.0,inferred
Dorset,2021-04-15,1.0,3.0,4.0,4.0,5.0,5.0,6.0,7.0,8.0,9.0,9.0,11.0,14.0,inferred
Dorset,2021-04-16,1.0,2.0,3.0,3.0,4.0,5.0,5.0,6.0,7.0,7.0,8.0,9.0,12.0,inferred
Dorset,2021-04-17,0.0,1.0,2.0,2.0,2.0,3.0,4.0,4.0,5.0,5.0,6.0,7.0,10.0,inferred
Dorset,2021-04-18,1.0,2.0,3.0,3.0,4.0,4.0,5.0,6.0,7.0,7.0,8.0,9.0,12.0,inferred
Dorset,2021-04-19,1.0,3.0,4.0,4.0,5.0,5.0,6.0,7.0,8.0,9.0,9.0,11.0,14.0,inferred
Dorset,2021-04-20,1.0,2.0,3.0,3.0,4.0,4.0,5.0,6.0,7.0,7.0,8.0,9.0,12.0,inferred
Dorset,2021-04-21,1.0,2.0,3.0,4.0,4.0,5.0,6.0,7.0,8.0,8.0,9.0,11.0,13.0,inferred
Dorset,2021-04-22,1.0,2.0,3.0,3.0,4.0,5.0,5.0,6.0,7.0,7.0,8.0,10.0,12.0,inferred
Dorset,2021-04-23,0.0,1.0,2.0,2.0,3.0,3.0,4.0,5.0,6.0,6.0,7.0,8.0,11.0,inferred
Dorset,2021-04-24,0.0,1.0,1.0,2.0,2.0,2.0,3.0,4.0,4.0,5.0,5.0,7.0,9.0,inferred
Dorset,2021-04-25,0.0,1.0,2.0,2.0,3.0,3.0,4.0,5.0,6.0,6.0,7.0,8.0,11.0,inferred
Dorset,2021-04-26,1.0,2.0,3.0,3.0,4.0,4.0,5.0,6.0,7.0,7.0,8.0,10.0,13.0,inferred
Dorset,2021-04-27,0.0,1.0,2.0,3.0,3.0,4.0,4.0,5.0,6.0,6.0,7.0,8.0,11.0,inferred
Dorset,2021-04-28,1.0,2.0,3.0,3.0,4.0,4.0,5.0,6.0,6.0,7.0,8.0,9.0,13.0,inferred
Dorset,2021-04-29,0.0,1.0,2.0,3.0,3.0,4.0,4.0,5.0,6.0,6.0,7.0,9.0,11.0,inferred
Dorset,2021-04-30,0.0,1.0,2.0,2.0,2.0,3.0,4.0,4.0,5.0,6.0,6.0,7.0,10.0,inferred
Dorset,2021-05-01,0.0,0.0,1.0,1.0,1.0,2.0,2.0,3.0,4.0,4.0,4.0,6.0,8.0,inferred
Dorset,2021-05-02,0.0,1.0,2.0,2.0,2.0,3.0,3.0,4.0,5.0,5.0,6.0,7.0,10.0,inferred
Dorset,2021-05-03,0.0,1.0,2.0,3.0,3.0,4.0,4.0,5.0,6.0,6.0,7.0,8.0,11.0,inferred
Dorset,2021-05-04,0.0,1.0,2.0,2.0,2.0,3.0,3.0,4.0,5.0,5.0,6.0,7.0,10.0,inferred
Dorset,2021-05-05,0.0,1.0,2.0,2.0,3.0,3.0,4.0,5.0,6.0,6.0,6.0,8.0,11.0,inferred
Dorset,2021-05-06,0.0,1.0,2.0,2.0,2.0,3.0,4.0,4.0,5.0,5.0,6.0,7.0,10.0,inferred
Dorset,2021-05-07,0.0,1.0,1.0,1.0,2.0,2.0,3.0,3.0,4.0,4.0,5.0,6.0,8.0,inferred
Dorset,2021-05-08,0.0,0.0,1.0,1.0,1.0,2.0,2.0,2.0,3.0,3.0,4.0,5.0,7.0,inferred
Dorset,2021-05-09,0.0,1.0,1.0,1.0,2.0,2.0,3.0,3.0,4.0,4.0,5.0,6.0,9.0,inferred
Dorset,2021-05-10,0.0,1.0,1.0,2.0,2.0,3.0,3.0,4.0,4.0,5.0,5.0,7.0,10.0,inferred
Dorset,2021-05-11,0.0,0.0,1.0,1.0,2.0,2.0,3.0,3.0,4.0,4.0,5.0,6.0,8.5,inferred
Dorset,2021-05-12,0.0,1.0,1.0,2.0,2.0,3.0,3.0,4.0,4.0,5.0,5.0,7.0,9.0,inferred
Dorset,2021-05-13,0.0,0.0,1.0,1.0,2.0,2.0,3.0,3.0,4.0,4.0,5.0,6.0,8.0,inferred
Dorset,2021-05-14,0.0,0.0,1.0,1.0,1.0,2.0,2.0,3.0,3.0,4.0,4.0,5.0,7.0,inferred
Dorset,2021-05-15,0.0,0.0,0.0,0.0,1.0,1.0,1.0,2.0,2.0,2.2,3.0,4.0,5.0,inferred
Dorset,2021-05-16,0.0,0.0,1.0,1.0,1.0,2.0,2.0,3.0,3.0,4.0,4.0,5.0,7.0,inferred
Dorset,2021-05-17,0.0,0.0,1.0,1.0,2.0,2.0,2.0,3.0,4.0,4.0,5.0,6.0,8.0,inferred
Dorset,2021-05-18,0.0,0.0,1.0,1.0,1.0,2.0,2.0,3.0,3.0,4.0,4.0,5.0,7.0,inferred
Dorset,2021-05-19,0.0,0.0,1.0,1.0,1.7,2.0,2.0,3.0,4.0,4.0,5.0,6.0,9.0,inferred
Dorset,2021-05-20,0.0,0.0,1.0,1.0,1.0,2.0,2.0,3.0,3.0,4.0,4.0,5.0,8.0,inferred
Dorset,2021-05-21,0.0,0.0,1.0,1.0,1.0,1.0,2.0,2.0,3.0,3.0,4.0,5.0,7.0,inferred
Dorset,2021-05-22,0.0,0.0,0.0,0.0,1.0,1.0,1.0,2.0,2.0,2.0,3.0,4.0,6.0,inferred
Dorset,2021-05-23,0.0,0.0,1.0,1.0,1.0,1.0,2.0,2.0,3.0,3.0,4.0,5.0,7.0,inferred
Dorset,2021-05-24,0.0,0.0,1.0,1.0,1.0,2.0,2.0,3.0,4.0,4.0,4.0,6.0,8.0,inferred
Dorset,2021-05-25,0.0,0.0,1.0,1.0,1.0,2.0,2.0,3.0,3.0,4.0,4.0,5.0,8.0,inferred
Dorset,2021-05-26,0.0,1.0,1.0,2.0,2.0,2.0,3.0,3.0,4.0,4.0,5.0,6.0,8.0,inferred
Dorset,2021-05-27,0.0,1.0,1.0,2.0,2.0,2.0,3.0,3.0,4.0,5.0,5.0,6.0,8.0,inferred
Dorset,2021-05-28,0.0,1.0,1.0,1.0,2.0,2.0,3.0,3.0,4.0,4.0,5.0,6.0,8.0,inferred
Dorset,2021-05-29,0.0,0.0,1.0,1.0,1.0,2.0,2.0,3.0,3.0,4.0,4.0,5.0,7.0,inferred
Dorset,2021-05-30,0.0,1.0,2.0,2.0,2.0,3.0,4.0,4.0,5.0,5.0,6.0,8.0,10.0,inferred
Dorset,2021-05-31,1.0,2.0,3.0,3.0,3.0,4.0,5.0,6.0,7.0,7.0,7.0,9.0,12.0,inferred
Dorset,2021-06-01,1.0,2.0,3.0,3.0,3.0,4.0,5.0,5.0,6.0,7.0,8.0,9.0,12.0,inferred
Dorset,2021-06-02,1.0,3.0,4.0,4.0,5.0,6.0,6.0,7.0,8.0,9.0,10.0,12.0,15.0,inferred
Dorset,2021-06-03,2.0,3.0,4.0,5.0,5.0,6.0,7.0,8.0,9.0,9.0,10.0,12.0,15.0,inferred
Dorset,2021-06-04,2.0,3.0,4.0,5.0,5.0,6.0,7.0,8.0,9.0,9.0,10.0,12.0,15.0,inferred
Dorset,2021-06-05,1.0,2.0,3.0,4.0,4.0,5.0,6.0,7.0,7.0,8.0,9.0,10.0,14.0,inferred
Dorset,2021-06-06,3.0,5.0,6.0,7.0,7.0,8.0,9.0,10.0,11.0,12.0,13.0,15.0,19.0,inferred
Dorset,2021-06-07,5.0,8.0,9.0,10.0,11.0,12.0,13.0,14.0,16.0,17.0,18.0,20.0,24.5,inferred
Dorset,2021-06-08,5.0,7.0,9.0,10.0,10.0,12.0,13.0,14.0,15.0,16.0,17.0,19.0,23.0,inferred
Dorset,2021-06-09,8.0,11.0,12.0,13.0,14.0,15.0,16.0,18.0,19.0,20.0,21.0,24.0,30.0,inferred
Dorset,2021-06-10,8.0,11.0,13.0,13.0,14.0,16.0,17.0,18.0,20.0,21.0,22.0,24.0,29.0,inferred
Dorset,2021-06-11,7.0,10.0,12.0,12.0,13.0,14.0,16.0,17.0,19.0,19.0,20.0,23.0,27.0,inferred
Dorset,2021-06-12,5.0,8.0,9.0,10.0,11.0,12.0,13.0,14.0,16.0,16.0,17.0,20.0,24.0,inferred
Dorset,2021-06-13,10.0,13.0,15.0,16.0,17.0,18.0,20.0,21.0,23.0,24.0,25.0,28.0,33.0,inferred
Dorset,2021-06-14,15.0,19.0,22.0,23.0,24.0,26.0,28.0,30.0,31.0,32.2,34.0,37.0,43.0,inferred
Dorset,2021-06-15,14.0,18.0,20.0,21.0,22.0,24.0,26.0,28.0,30.0,31.0,32.0,35.0,41.0,inferred
Dorset,2021-06-16,19.0,24.0,27.0,28.0,30.0,32.0,33.0,36.0,38.0,39.0,41.0,44.0,50.0,inferred
Dorset,2021-06-17,20.0,24.0,27.0,29.0,30.0,32.0,34.0,35.0,38.0,39.0,41.0,44.0,50.0,inferred
Dorset,2021-06-18,17.0,22.0,25.0,26.0,27.0,29.0,31.0,33.0,35.0,37.0,38.0,42.0,50.0,inferred
Dover,2021-03-06,0.0,1.0,2.0,3.0,3.0,3.0,4.0,5.0,5.0,6.0,6.0,8.0,10.0,inferred
Dover,2021-03-07,1.0,2.0,2.0,3.0,3.0,4.0,5.0,5.0,6.0,6.0,7.0,8.0,11.0,inferred
Dover,2021-03-08,1.0,2.0,3.0,3.0,4.0,5.0,5.0,6.0,7.0,7.0,8.0,10.0,12.0,inferred
Dover,2021-03-09,1.0,2.0,3.0,3.0,4.0,5.0,5.0,6.0,7.0,7.0,8.0,9.0,12.0,inferred
Dover,2021-03-10,1.0,2.0,3.0,4.0,4.0,5.0,5.0,6.0,7.0,7.0,8.0,9.0,12.5,inferred
Dover,2021-03-11,1.0,2.0,3.0,3.0,4.0,4.0,5.0,6.0,6.0,7.0,8.0,9.0,12.0,inferred
Dover,2021-03-12,1.0,2.0,2.0,3.0,3.0,4.0,4.0,5.0,6.0,6.0,7.0,8.0,10.0,inferred
Dover,2021-03-13,0.0,1.0,2.0,2.0,2.0,3.0,3.0,4.0,5.0,5.0,6.0,7.0,9.0,inferred
Dover,2021-03-14,1.0,1.0,2.0,3.0,3.0,3.0,4.0,5.0,5.0,6.0,6.0,8.0,10.0,inferred
Dover,2021-03-15,1.0,2.0,3.0,3.0,4.0,4.0,5.0,6.0,6.0,7.0,7.0,9.0,11.0,inferred
Dover,2021-03-16,1.0,2.0,3.0,3.0,3.0,4.0,5.0,5.0,6.0,7.0,7.0,9.0,11.0,inferred
Dover,2021-03-17,1.0,2.0,2.0,3.0,3.0,4.0,4.0,5.0,6.0,6.0,7.0,9.0,11.0,inferred
Dover,2021-03-18,0.0,1.0,2.0,2.0,3.0,3.0,4.0,4.0,5.0,6.0,6.0,8.0,10.0,inferred
Dover,2021-03-19,0.0,1.0,2.0,2.0,2.0,3.0,3.0,4.0,4.0,5.0,5.0,7.0,9.0,inferred
Dover,2021-03-20,0.0,1.0,1.0,1.0,2.0,2.0,3.0,3.0,4.0,4.0,4.0,6.0,8.0,inferred
Dover,2021-03-21,0.0,1.0,1.0,2.0,2.0,2.0,3.0,4.0,4.0,5.0,5.0,6.0,8.0,inferred
Dover,2021-03-22,0.0,1.0,2.0,2.0,2.0,3.0,4.0,4.0,5.0,5.0,6.0,7.0,10.0,inferred
Dover,2021-03-23,0.0,1.0,2.0,2.0,2.0,3.0,3.0,4.0,5.0,5.0,6.0,7.0,9.0,inferred
Dover,2021-03-24,0.0,1.0,2.0,2.0,2.0,3.0,3.0,4.0,5.0,5.0,6.0,7.0,9.0,inferred
Dover,2021-03-25,0.0,1.0,1.0,2.0,2.0,2.0,3.0,3.0,4.0,4.0,5.0,6.0,8.0,inferred
Dover,2021-03-26,0.0,0.0,1.0,1.0,2.0,2.0,2.0,3.0,3.0,4.0,4.0,5.1,7.0,inferred
Dover,2021-03-27,0.0,0.0,1.0,1.0,1.0,1.0,2.0,2.0,3.0,3.0,3.0,5.0,7.0,inferred
Dover,2021-03-28,0.0,0.0,1.0,1.0,1.0,2.0,2.0,2.0,3.0,3.0,4.0,5.0,7.0,inferred
Dover,2021-03-29,0.0,0.0,1.0,1.0,1.0,2.0,2.0,3.0,3.0,4.0,4.0,5.0,7.0,inferred
Dover,2021-03-30,0.0,0.0,1.0,1.0,1.0,2.0,2.0,3.0,3.0,3.0,4.0,5.0,7.0,inferred
Dover,2021-03-31,0.0,0.0,1.0,1.0,1.0,2.0,2.0,2.0,3.0,3.0,4.0,5.0,7.0,inferred
Dover,2021-04-01,0.0,0.0,0.0,1.0,1.0,1.0,2.0,2.0,2.0,3.0,3.0,4.0,6.0,inferred
Dover,2021-04-02,0.0,0.0,0.0,0.0,1.0,1.0,1.0,2.0,2.0,2.0,3.0,4.0,5.0,inferred
Dover,2021-04-03,0.0,0.0,0.0,0.0,0.0,1.0,1.0,1.0,2.0,2.0,2.0,3.0,4.0,inferred
Dover,2021-04-04,0.0,0.0,0.0,0.0,0.0,1.0,1.0,1.0,2.0,2.0,2.0,3.0,5.0,inferred
Dover,2021-04-05,0.0,0.0,0.0,0.0,1.0,1.0,1.0,2.0,2.0,2.0,3.0,4.0,5.0,inferred
Dover,2021-04-06,0.0,0.0,0.0,0.0,0.0,1.0,1.0,1.0,2.0,2.0,2.0,3.0,5.0,inferred
Dover,2021-04-07,0.0,0.0,0.0,0.0,0.0,1.0,1.0,1.0,2.0,2.0,2.0,3.0,5.0,inferred
Dover,2021-04-08,0.0,0.0,0.0,0.0,0.0,1.0,1.0,1.0,2.0,2.0,2.0,3.0,5.0,inferred
Dover,2021-04-09,0.0,0.0,0.0,0.0,0.0,0.0,1.0,1.0,1.0,2.0,2.0,3.0,5.0,inferred
Dover,2021-04-10,0.0,0.0,0.0,0.0,0.0,0.0,1.0,1.0,1.0,1.0,2.0,2.0,4.0,inferred
Dover,2021-04-11,0.0,0.0,0.0,0.0,0.0,0.0,1.0,1.0,1.0,2.0,2.0,3.0,4.0,inferred
Dover,2021-04-12,0.0,0.0,0.0,0.0,0.0,1.0,1.0,1.0,2.0,2.0,2.0,3.0,5.0,inferred
Dover,2021-04-13,0.0,0.0,0.0,0.0,0.0,1.0,1.0,1.0,2.0,2.0,2.0,3.0,4.5,inferred
Dover,2021-04-14,0.0,0.0,0.0,0.0,0.0,1.0,1.0,1.0,2.0,2.0,2.0,3.0,5.0,inferred
Dover,2021-04-15,0.0,0.0,0.0,0.0,0.0,1.0,1.0,1.0,2.0,2.0,2.0,3.0,5.0,inferred
Dover,2021-04-16,0.0,0.0,0.0,0.0,0.0,0.0,1.0,1.0,1.0,2.0,2.0,3.0,4.0,inferred
Dover,2021-04-17,0.0,0.0,0.0,0.0,0.0,0.0,1.0,1.0,1.0,2.0,2.0,3.0,4.0,inferred
Dover,2021-04-18,0.0,0.0,0.0,0.0,0.0,1.0,1.0,1.0,2.0,2.0,2.0,3.0,5.0,inferred
Dover,2021-04-19,0.0,0.0,0.0,0.0,1.0,1.0,1.0,2.0,2.0,2.0,3.0,4.0,5.0,inferred
Dover,2021-04-20,0.0,0.0,0.0,1.0,1.0,1.0,1.0,2.0,2.0,2.0,3.0,4.0,6.0,inferred
Dover,2021-04-21,0.0,0.0,0.0,1.0,1.0,1.0,2.0,2.0,2.0,3.0,3.0,4.0,6.0,inferred
Dover,2021-04-22,0.0,0.0,0.0,1.0,1.0,1.0,1.0,2.0,2.0,3.0,3.0,4.0,6.0,inferred
Dover,2021-04-23,0.0,0.0,0.0,1.0,1.0,1.0,1.0,2.0,2.0,2.0,3.0,4.0,5.0,inferred
Dover,2021-04-24,0.0,0.0,0.0,0.0,1.0,1.0,1.0,2.0,2.0,2.0,3.0,4.0,5.0,inferred
Dover,2021-04-25,0.0,0.0,0.0,1.0,1.0,1.0,1.0,2.0,2.0,3.0,3.0,4.0,6.0,inferred
Dover,2021-04-26,0.0,0.0,1.0,1.0,1.0,1.0,2.0,2.0,3.0,3.0,4.0,5.0,6.0,inferred
Dover,2021-04-27,0.0,0.0,1.0,1.0,1.0,1.0,2.0,2.0,3.0,3.0,4.0,5.0,6.0,inferred
Dover,2021-04-28,0.0,0.0,1.0,1.0,1.0,2.0,2.0,3.0,3.0,3.0,4.0,5.0,7.0,inferred
Dover,2021-04-29,0.0,0.0,1.0,1.0,1.0,2.0,2.0,2.0,3.0,3.0,4.0,5.0,6.0,inferred
Dover,2021-04-30,0.0,0.0,1.0,1.0,1.0,1.0,2.0,2.0,3.0,3.0,3.0,4.0,6.0,inferred
Dover,2021-05-01,0.0,0.0,0.0,0.0,1.0,1.0,1.0,2.0,2.0,3.0,3.0,4.0,5.0,inferred
Dover,2021-05-02,0.0,0.0,0.0,1.0,1.0,1.0,2.0,2.0,2.0,3.0,3.0,4.0,6.0,inferred
Dover,2021-05-03,0.0,0.0,1.0,1.0,1.0,1.0,2.0,2.0,3.0,3.0,4.0,5.0,6.0,inferred
Dover,2021-05-04,0.0,0.0,1.0,1.0,1.0,1.0,2.0,2.0,3.0,3.0,3.0,5.0,7.0,inferred
Dover,2021-05-05,0.0,0.0,1.0,1.0,1.0,1.0,2.0,2.0,3.0,3.0,3.0,4.0,7.0,inferred
Dover,2021-05-06,0.0,0.0,0.0,1.0,1.0,1.0,1.0,2.0,2.0,3.0,3.0,4.0,6.0,inferred
Dover,2021-05-07,0.0,0.0,0.0,0.0,0.7,1.0,1.0,2.0,2.0,2.0,3.0,3.0,5.0,inferred
Dover,2021-05-08,0.0,0.0,0.0,0.0,0.0,1.0,1.0,1.0,2.0,2.0,2.0,3.0,5.0,inferred
Dover,2021-05-09,0.0,0.0,0.0,0.0,0.0,1.0,1.0,1.0,2.0,2.0,2.0,3.0,5.0,inferred
Dover,2021-05-10,0.0,0.0,0.0,0.0,1.0,1.0,1.0,2.0,2.0,2.0,3.0,4.0,5.0,inferred
Dover,2021-05-11,0.0,0.0,0.0,0.0,1.0,1.0,1.0,1.0,2.0,2.0,3.0,4.0,5.0,inferred
Dover,2021-05-12,0.0,0.0,0.0,0.0,0.0,1.0,1.0,1.0,2.0,2.0,3.0,4.0,5.0,inferred
Dover,2021-05-13,0.0,0.0,0.0,0.0,0.0,1.0,1.0,1.0,2.0,2.0,2.0,3.0,5.0,inferred
Dover,2021-05-14,0.0,0.0,0.0,0.0,0.0,1.0,1.0,1.0,2.0,2.0,2.0,3.0,5.0,inferred
Dover,2021-05-15,0.0,0.0,0.0,0.0,0.0,0.0,1.0,1.0,1.0,2.0,2.0,3.0,4.0,inferred
Dover,2021-05-16,0.0,0.0,0.0,0.0,0.0,1.0,1.0,1.0,2.0,2.0,2.0,3.0,4.0,inferred
Dover,2021-05-17,0.0,0.0,0.0,0.0,0.0,1.0,1.0,1.0,2.0,2.0,2.0,3.0,5.0,inferred
Dover,2021-05-18,0.0,0.0,0.0,0.0,0.0,1.0,1.0,1.0,2.0,2.0,2.0,3.0,5.0,inferred
Dover,2021-05-19,0.0,0.0,0.0,0.0,1.0,1.0,1.0,2.0,2.0,2.0,3.0,4.0,5.0,inferred
Dover,2021-05-20,0.0,0.0,0.0,0.0,1.0,1.0,1.0,2.0,2.0,2.0,3.0,4.0,5.0,inferred
Dover,2021-05-21,0.0,0.0,0.0,0.0,1.0,1.0,1.0,2.0,2.0,2.0,3.0,3.0,5.0,inferred
Dover,2021-05-22,0.0,0.0,0.0,0.0,0.0,1.0,1.0,1.0,2.0,2.0,2.0,3.0,5.0,inferred
Dover,2021-05-23,0.0,0.0,0.0,0.0,1.0,1.0,1.0,2.0,2.0,2.0,3.0,4.0,5.0,inferred
Dover,2021-05-24,0.0,0.0,0.0,1.0,1.0,1.0,2.0,2.0,3.0,3.0,3.0,4.0,6.0,inferred
Dover,2021-05-25,0.0,0.0,1.0,1.0,1.0,1.0,2.0,2.0,3.0,3.0,3.0,4.0,6.0,inferred
Dover,2021-05-26,0.0,0.0,1.0,1.0,1.0,1.0,2.0,2.0,3.0,3.0,4.0,5.0,7.0,inferred
Dover,2021-05-27,0.0,0.0,0.0,1.0,1.0,1.0,2.0,2.0,3.0,3.0,3.0,4.0,6.5,inferred
Dover,2021-05-28,0.0,0.0,0.0,1.0,1.0,1.0,1.0,2.0,2.0,3.0,3.0,4.0,6.0,inferred
Dover,2021-05-29,0.0,0.0,0.0,0.0,1.0,1.0,1.0,2.0,2.0,2.0,3.0,4.0,5.0,inferred
Dover,2021-05-30,0.0,0.0,0.0,1.0,1.0,1.0,2.0,2.0,2.0,3.0,3.0,4.0,6.0,inferred
Dover,2021-05-31,0.0,0.0,1.0,1.0,1.0,2.0,2.0,3.0,3.0,4.0,4.0,5.0,7.0,inferred
Dover,2021-06-01,0.0,0.0,1.0,1.0,1.0,2.0,2.0,3.0,3.0,3.0,4.0,5.0,7.0,inferred
Dover,2021-06-02,0.0,0.0,1.0,1.0,1.0,2.0,2.0,3.0,3.0,4.0,4.0,5.0,7.0,inferred
Dover,2021-06-03,0.0,0.0,1.0,1.0,1.0,2.0,2.0,3.0,3.0,4.0,4.0,5.0,7.0,inferred
Dover,2021-06-04,0.0,0.0,1.0,1.0,1.0,2.0,2.0,3.0,3.0,3.0,4.0,5.0,7.0,inferred
Dover,2021-06-05,0.0,0.0,1.0,1.0,1.0,1.0,2.0,2.0,3.0,3.0,4.0,4.1,7.0,inferred
Dover,2021-06-06,0.0,0.0,1.0,1.0,1.0,2.0,2.0,3.0,4.0,4.0,4.0,5.0,8.0,inferred
Dover,2021-06-07,0.0,1.0,1.0,2.0,2.0,2.0,3.0,4.0,4.0,5.0,5.0,6.0,9.0,inferred
Dover,2021-06-08,0.0,1.0,1.0,2.0,2.0,3.0,3.0,4.0,4.0,5.0,5.0,7.0,9.0,inferred
Dover,2021-06-09,0.0,1.0,2.0,2.0,2.0,3.0,4.0,4.0,5.0,5.0,6.0,7.0,10.0,inferred
Dover,2021-06-10,0.0,1.0,2.0,2.0,2.0,3.0,3.0,4.0,5.0,5.0,6.0,7.0,9.0,inferred
Dover,2021-06-11,0.0,1.0,1.0,2.0,2.0,2.0,3.0,3.0,4.0,5.0,5.0,6.0,8.0,inferred
Dover,2021-06-12,0.0,0.0,1.0,1.0,1.0,2.0,2.0,3.0,3.0,4.0,4.0,5.0,7.5,inferred
Dover,2021-06-13,0.0,1.0,1.0,2.0,2.0,2.0,3.0,3.0,4.0,5.0,5.0,6.0,9.0,inferred
Dover,2021-06-14,0.0,1.0,2.0,2.0,2.0,3.0,4.0,4.0,5.0,6.0,6.0,8.0,10.0,inferred
Dover,2021-06-15,0.0,1.0,2.0,3.0,3.0,3.0,4.0,5.0,6.0,6.0,7.0,8.0,10.0,inferred
Dover,2021-06-16,1.0,2.0,2.0,3.0,3.0,4.0,5.0,5.0,6.0,7.0,7.0,9.0,11.0,inferred
Dover,2021-06-17,0.5,2.0,2.0,3.0,3.0,4.0,4.0,5.0,6.0,6.0,7.0,8.0,11.0,inferred
Dover,2021-06-18,0.0,1.0,2.0,2.0,3.0,3.0,4.0,5.0,5.0,6.0,6.0,8.0,11.0,inferred
Dudley,2021-03-06,12.0,16.0,18.0,19.0,20.0,21.0,22.0,24.0,25.0,26.0,27.0,30.0,34.0,inferred
Dudley,2021-03-07,14.0,18.0,20.0,21.0,21.0,23.0,24.0,26.0,27.0,28.0,29.0,32.0,37.0,inferred
Dudley,2021-03-08,18.0,22.0,25.0,26.0,26.7,28.0,30.0,31.0,33.0,34.0,35.0,38.0,43.0,inferred
Dudley,2021-03-09,17.0,21.0,23.8,25.0,26.0,27.0,29.0,31.0,32.0,33.0,34.0,37.0,42.0,inferred
Dudley,2021-03-10,19.0,23.0,25.0,26.0,27.0,29.0,31.0,32.0,34.0,35.0,36.0,40.0,44.0,inferred
Dudley,2021-03-11,17.0,21.0,23.0,24.0,25.0,27.0,29.0,30.0,32.0,33.0,34.0,37.0,42.5,inferred
Dudley,2021-03-12,16.0,20.0,23.0,24.0,25.0,26.0,27.0,29.0,31.0,32.0,33.0,36.0,40.0,inferred
Dudley,2021-03-13,13.0,16.0,18.0,19.0,20.0,21.0,23.0,24.0,26.0,27.0,28.0,30.0,35.0,inferred
Dudley,2021-03-14,17.0,20.0,23.0,24.0,25.0,26.0,28.0,30.0,31.0,33.0,34.0,37.0,42.0,inferred
Dudley,2021-03-15,24.0,28.0,31.0,32.0,33.0,35.0,37.0,39.0,41.0,42.0,43.0,47.0,53.0,inferred
Dudley,2021-03-16,24.0,28.0,31.0,32.0,33.0,35.0,36.0,38.0,40.0,42.0,43.0,46.0,53.0,inferred
Dudley,2021-03-17,26.0,30.0,34.0,35.0,36.0,38.0,39.0,42.0,44.0,45.0,46.0,50.0,56.0,inferred
Dudley,2021-03-18,23.0,27.0,30.0,31.0,32.0,34.0,36.0,38.0,40.0,41.0,43.0,46.0,51.0,inferred
Dudley,2021-03-19,21.0,25.0,28.0,29.0,30.0,32.0,33.0,35.4,37.0,38.0,39.0,42.0,47.0,inferred
Dudley,2021-03-20,17.0,20.0,23.0,24.0,25.0,26.0,27.0,29.0,31.0,32.0,33.0,36.0,41.0,inferred
Dudley,2021-03-21,20.0,24.0,27.0,28.0,29.0,30.0,32.0,34.0,36.0,37.0,38.0,41.0,46.0,inferred
Dudley,2021-03-22,28.0,32.0,35.0,37.0,38.0,40.0,41.0,44.0,46.0,47.0,48.0,52.0,59.0,inferred
Dudley,2021-03-23,26.0,30.0,33.0,35.0,35.0,37.0,39.0,41.0,43.0,44.0,46.0,49.0,56.0,inferred
Dudley,2021-03-24,27.0,30.0,34.0,35.0,36.0,38.0,40.0,41.0,44.0,45.0,47.0,50.0,57.0,inferred
Dudley,2021-03-25,21.0,25.0,28.0,29.0,30.0,32.0,33.0,35.0,37.0,38.0,40.0,43.0,48.0,inferred
Dudley,2021-03-26,18.0,21.0,24.0,25.0,26.0,27.0,29.0,31.0,32.0,33.0,35.0,37.0,42.0,inferred
Dudley,2021-03-27,12.0,15.0,18.0,18.0,19.0,20.0,22.0,23.0,25.0,26.0,27.0,30.0,34.0,inferred
Dudley,2021-03-28,14.0,17.0,19.0,20.0,21.0,23.0,24.0,25.0,27.0,28.0,29.0,32.0,37.0,inferred
Dudley,2021-03-29,17.0,21.0,23.0,25.0,26.0,27.0,29.0,30.0,32.0,33.0,34.0,38.0,42.5,inferred
Dudley,2021-03-30,15.0,19.0,21.0,22.0,23.0,24.0,26.0,27.0,29.0,30.0,31.0,34.0,38.0,inferred
Dudley,2021-03-31,14.0,18.0,20.0,21.0,22.0,24.0,25.0,27.0,28.0,29.0,30.0,34.0,39.0,inferred
Dudley,2021-04-01,11.0,14.0,16.0,17.0,18.0,20.0,21.0,22.0,24.0,25.0,26.0,29.0,34.0,inferred
Dudley,2021-04-02,9.0,11.0,13.0,14.0,15.0,16.0,17.0,19.0,20.0,21.0,22.0,24.0,28.0,inferred
Dudley,2021-04-03,6.0,8.0,9.0,10.0,11.0,12.0,13.0,14.0,15.0,16.0,16.0,18.0,22.0,inferred
Dudley,2021-04-04,7.0,9.0,11.0,11.0,12.0,13.0,14.0,15.0,16.0,17.0,18.0,20.0,24.0,inferred
Dudley,2021-04-05,8.0,11.0,13.0,13.0,14.0,15.0,17.0,18.0,19.0,20.0,21.0,23.0,26.0,inferred
Dudley,2021-04-06,7.0,10.0,12.0,12.0,13.0,14.0,15.0,16.4,18.0,18.0,19.0,22.0,25.0,inferred
Dudley,2021-04-07,7.0,10.0,11.0,12.0,13.0,14.0,15.0,16.0,18.0,18.0,19.0,21.0,25.0,inferred
Dudley,2021-04-08,5.5,8.0,10.0,10.0,11.0,12.0,13.0,14.0,15.0,16.0,17.0,19.0,22.0,inferred
Dudley,2021-04-09,4.5,6.0,8.0,9.0,9.0,10.0,11.0,12.0,14.0,14.0,15.0,17.0,20.0,inferred
Dudley,2021-04-10,3.0,5.0,6.0,6.0,7.0,8.0,9.0,10.0,11.0,11.0,12.0,14.0,18.0,inferred
Dudley,2021-04-11,4.0,6.0,7.0,7.0,8.0,9.0,10.0,11.0,12.0,13.0,13.0,15.0,18.0,inferred
Dudley,2021-04-12,5.0,7.0,9.0,10.0,10.0,11.0,12.0,13.0,15.0,15.0,16.0,18.0,21.5,inferred
Dudley,2021-04-13,5.0,7.0,9.0,9.0,10.0,11.0,12.0,13.0,14.0,15.0,16.0,18.0,21.5,inferred
Dudley,2021-04-14,5.0,7.0,9.0,9.0,10.0,11.0,12.0,13.0,14.0,15.0,16.0,18.0,21.5,inferred
Dudley,2021-04-15,4.0,6.0,7.0,8.0,9.0,10.0,11.0,12.0,13.0,13.0,14.0,16.0,20.0,inferred
Dudley,2021-04-16,3.0,5.0,6.0,7.0,7.0,8.0,9.0,10.0,11.0,12.0,13.0,14.0,18.0,inferred
Dudley,2021-04-17,2.0,4.0,5.0,5.0,6.0,6.0,7.0,8.0,9.0,10.0,10.0,12.0,15.0,inferred
Dudley,2021-04-18,3.0,4.0,5.0,6.0,6.0,7.0,8.0,9.0,10.0,11.0,11.0,13.0,16.0,inferred
Dudley,2021-04-19,4.0,6.0,7.0,8.0,8.0,9.0,10.0,11.0,12.0,13.0,14.0,16.0,19.0,inferred
Dudley,2021-04-20,3.0,5.0,7.0,7.0,8.0,9.0,10.0,10.0,11.0,12.0,13.0,15.0,18.0,inferred
Dudley,2021-04-21,4.0,6.0,7.0,7.0,8.0,9.0,10.0,11.0,12.0,13.0,13.0,15.0,18.0,inferred
Dudley,2021-04-22,3.0,5.0,6.0,7.0,7.0,8.0,9.0,10.0,11.0,11.0,12.0,14.0,17.0,inferred
Dudley,2021-04-23,3.0,4.0,5.0,6.0,6.0,7.0,8.0,9.0,10.0,10.0,11.0,13.0,15.5,inferred
Dudley,2021-04-24,2.0,3.0,4.0,4.0,5.0,5.0,6.0,7.0,8.0,8.0,9.0,11.0,13.0,inferred
Dudley,2021-04-25,2.0,3.0,5.0,5.0,5.0,6.0,7.0,8.0,9.0,9.2,10.0,12.0,14.0,inferred
Dudley,2021-04-26,3.0,5.0,6.0,6.0,7.0,8.0,9.0,10.0,11.0,11.0,12.0,14.0,17.0,inferred
Dudley,2021-04-27,3.0,5.0,6.0,6.0,7.0,8.0,8.0,9.0,10.0,11.0,12.0,14.0,16.0,inferred
Dudley,2021-04-28,3.0,5.0,6.0,7.0,7.0,8.0,9.0,10.0,11.0,11.0,12.0,14.0,17.0,inferred
Dudley,2021-04-29,3.0,4.0,5.0,6.0,6.0,7.0,8.0,9.0,10.0,10.0,11.0,13.0,16.0,inferred
Dudley,2021-04-30,2.0,4.0,5.0,5.0,6.0,6.0,7.0,8.0,9.0,10.0,10.0,12.0,15.0,inferred
Dudley,2021-05-01,1.0,3.0,4.0,4.0,4.0,5.0,6.0,6.0,7.0,8.0,8.0,10.0,12.0,inferred
Dudley,2021-05-02,2.0,3.0,4.0,5.0,5.0,6.0,7.0,8.0,9.0,9.0,10.0,12.0,15.0,inferred
Dudley,2021-05-03,3.0,5.0,6.0,7.0,7.0,8.0,9.0,10.0,11.0,11.2,12.0,14.0,17.0,inferred
Dudley,2021-05-04,3.0,5.0,6.0,7.0,7.0,8.0,9.0,10.0,11.0,11.0,12.0,14.0,17.0,inferred
Dudley,2021-05-05,3.0,5.0,6.0,7.0,8.0,9.0,9.0,10.0,12.0,12.0,13.0,15.0,18.0,inferred
Dudley,2021-05-06,3.0,5.0,6.0,7.0,7.0,8.0,9.0,10.0,11.0,11.0,12.0,14.0,17.0,inferred
Dudley,2021-05-07,2.0,4.0,5.0,6.0,6.0,7.0,8.0,9.0,10.0,10.0,11.0,13.0,16.0,inferred
Dudley,2021-05-08,2.0,3.0,4.0,5.0,5.0,6.0,7.0,8.0,9.0,9.0,10.0,11.0,14.0,inferred
Dudley,2021-05-09,3.0,4.0,5.0,6.0,6.0,7.0,8.0,9.0,10.0,10.0,11.0,13.0,16.0,inferred
Dudley,2021-05-10,4.0,6.0,7.0,7.0,8.0,9.0,10.0,11.0,12.0,13.0,14.0,16.0,19.0,inferred
Dudley,2021-05-11,3.0,5.0,7.0,8.0,8.0,9.0,10.0,11.0,12.0,13.0,13.0,15.0,19.0,inferred
Dudley,2021-05-12,4.0,6.0,7.0,8.0,8.0,9.0,10.0,11.0,12.0,13.0,14.0,16.0,19.0,inferred
Dudley,2021-05-13,4.0,5.0,6.0,7.0,7.0,8.0,9.0,10.0,11.0,12.0,12.0,14.0,17.0,inferred
Dudley,2021-05-14,3.0,4.0,6.0,6.0,7.0,8.0,8.0,9.0,10.0,11.0,12.0,13.0,16.0,inferred
Dudley,2021-05-15,2.0,3.0,4.0,5.0,5.0,6.0,7.0,8.0,8.0,9.0,9.0,11.0,14.0,inferred
Dudley,2021-05-16,2.0,4.0,5.0,6.0,6.0,7.0,8.0,9.0,10.0,10.0,11.0,13.0,16.0,inferred
Dudley,2021-05-17,4.0,6.0,7.0,8.0,8.0,9.0,10.0,11.0,12.0,13.0,13.0,15.0,19.0,inferred
Dudley,2021-05-18,3.5,5.0,7.0,7.0,8.0,9.0,10.0,11.0,12.0,12.0,13.0,15.0,19.0,inferred
Dudley,2021-05-19,4.0,6.0,7.0,8.0,8.0,9.0,10.0,12.0,13.0,13.0,14.0,16.0,19.0,inferred
Dudley,2021-05-20,3.0,5.0,7.0,7.0,8.0,9.0,10.0,11.0,12.0,12.0,13.0,15.0,18.0,inferred
Dudley,2021-05-21,3.0,5.0,6.0,7.0,7.0,8.0,9.0,10.0,11.0,11.0,12.0,14.0,17.0,inferred
Dudley,2021-05-22,2.0,4.0,5.0,5.0,6.0,6.0,7.0,8.0,9.0,10.0,10.0,12.0,14.0,inferred
Dudley,2021-05-23,3.0,4.0,6.0,6.0,7.0,8.0,8.0,9.0,10.0,11.0,12.0,13.0,16.0,inferred
Dudley,2021-05-24,4.0,6.0,8.0,8.0,9.0,10.0,11.0,12.0,13.0,14.0,15.0,17.0,20.0,inferred
Dudley,2021-05-25,4.0,6.0,8.0,8.0,9.0,10.0,11.0,12.0,13.0,14.0,15.0,17.0,20.0,inferred
Dudley,2021-05-26,5.0,7.0,9.0,9.0,10.0,11.0,12.0,13.0,14.0,15.0,16.0,18.0,21.0,inferred
Dudley,2021-05-27,5.0,6.0,8.0,9.0,9.0,10.0,11.0,12.0,13.0,14.0,15.0,17.0,20.0,inferred
Dudley,2021-05-28,4.0,6.0,8.0,8.0,9.0,10.0,11.0,12.0,13.0,13.0,14.0,16.0,19.5,inferred
Dudley,2021-05-29,3.0,5.0,6.0,7.0,7.0,8.0,9.0,10.0,11.0,11.0,12.0,14.0,17.0,inferred
Dudley,2021-05-30,4.0,6.0,8.0,8.0,9.0,10.0,11.0,12.0,13.0,13.0,14.0,16.0,19.0,inferred
Dudley,2021-05-31,6.0,9.0,10.0,11.0,12.0,13.0,14.0,15.0,16.0,17.0,18.0,21.0,25.0,inferred
Dudley,2021-06-01,6.0,9.0,11.0,11.0,12.0,13.0,14.0,15.0,16.0,17.0,18.0,20.0,24.0,inferred
Dudley,2021-06-02,7.5,10.0,12.0,12.0,13.0,14.0,15.0,16.0,18.0,19.0,20.0,22.0,27.0,inferred
Dudley,2021-06-03,7.0,10.0,11.0,12.0,12.0,14.0,15.0,16.0,17.0,18.0,19.0,21.0,25.0,inferred
Dudley,2021-06-04,6.0,9.0,11.0,11.0,12.0,13.0,14.0,16.0,17.0,18.0,18.0,21.0,25.0,inferred
Dudley,2021-06-05,5.0,7.0,9.0,9.0,10.0,11.0,12.0,13.0,14.0,15.0,16.0,18.0,21.0,inferred
Dudley,2021-06-06,7.0,10.0,11.0,12.0,13.0,14.0,15.0,16.4,18.0,19.0,19.0,22.0,25.0,inferred
Dudley,2021-06-07,11.0,14.0,16.0,17.0,18.0,19.0,21.0,22.0,24.0,24.0,25.0,28.0,33.0,inferred
Dudley,2021-06-08,11.0,14.0,16.0,17.0,18.0,19.0,20.0,22.0,23.3,24.0,25.0,28.0,32.0,inferred
Dudley,2021-06-09,11.0,15.0,17.0,18.0,19.0,21.0,22.0,24.0,25.0,26.0,27.0,30.0,34.0,inferred
Dudley,2021-06-10,11.0,14.0,16.0,17.0,17.0,19.0,20.0,22.0,23.0,24.0,25.0,28.0,32.0,inferred
Dudley,2021-06-11,10.0,12.9,14.0,15.0,16.0,17.0,18.0,20.0,21.0,22.0,23.0,26.0,30.5,inferred
Dudley,2021-06-12,8.0,10.0,12.0,12.0,13.0,14.0,15.0,16.0,18.0,18.0,19.0,21.0,25.0,inferred
Dudley,2021-06-13,10.0,12.0,14.0,15.0,16.0,17.0,18.0,20.0,21.0,22.0,23.0,25.0,30.0,inferred
Dudley,2021-06-14,13.0,17.0,19.0,20.0,21.0,22.0,24.0,25.0,27.0,28.0,29.0,31.0,36.5,inferred
Dudley,2021-06-15,13.0,16.0,19.0,20.0,21.0,22.0,24.0,25.4,27.0,28.0,29.0,32.0,37.0,inferred
Dudley,2021-06-16,15.0,18.0,21.0,22.0,23.0,24.0,26.0,28.0,30.0,31.0,32.0,35.0,40.0,inferred
Dudley,2021-06-17,14.0,17.0,19.0,20.0,21.0,23.0,25.0,26.0,28.0,29.0,30.0,33.0,38.0,inferred
Dudley,2021-06-18,12.0,16.0,18.0,18.0,19.0,21.0,23.0,24.0,26.0,27.0,28.0,31.0,37.0,inferred
Dumfries and Galloway,2021-03-06,0.0,1.0,2.0,2.0,2.0,3.0,4.0,4.0,5.0,6.0,7.0,9.0,13.0,inferred
Dumfries and Galloway,2021-03-07,0.0,1.0,2.0,2.0,2.0,3.0,3.5,4.0,5.0,6.0,6.0,8.0,11.0,inferred
Dumfries and Galloway,2021-03-08,0.0,0.0,1.0,1.0,2.0,2.0,3.0,4.0,4.0,5.0,6.0,7.0,10.0,inferred
Dumfries and Galloway,2021-03-09,0.0,1.0,1.0,2.0,2.0,3.0,3.0,4.0,5.0,5.0,6.0,8.0,11.0,inferred
Dumfries and Galloway,2021-03-10,0.0,1.0,2.0,2.0,3.0,3.0,4.0,5.0,6.0,7.0,8.0,9.0,13.0,inferred
Dumfries and Galloway,2021-03-11,0.0,1.0,2.0,2.0,2.0,3.0,4.0,5.0,6.0,6.0,7.0,9.0,13.0,inferred
Dumfries and Galloway,2021-03-12,0.0,1.0,2.0,2.0,2.0,3.0,4.0,5.0,6.0,6.0,7.0,9.0,12.0,inferred
Dumfries and Galloway,2021-03-13,0.0,1.0,1.0,2.0,2.0,3.0,3.0,4.0,5.0,5.0,6.0,8.0,11.5,inferred
Dumfries and Galloway,2021-03-14,0.0,0.0,1.0,1.0,1.0,2.0,3.0,3.0,4.0,5.0,5.0,7.0,10.0,inferred
Dumfries and Galloway,2021-03-15,0.0,0.0,0.0,1.0,1.0,1.0,2.0,3.0,3.0,4.0,4.0,6.0,9.0,inferred
Dumfries and Galloway,2021-03-16,0.0,0.0,1.0,1.0,1.0,2.0,2.0,3.0,3.0,4.0,4.0,6.0,9.0,inferred
Dumfries and Galloway,2021-03-17,0.0,0.0,1.0,1.0,2.0,2.0,3.0,4.0,4.0,5.0,5.0,7.0,10.0,inferred
Dumfries and Galloway,2021-03-18,0.0,0.0,1.0,1.0,1.0,2.0,2.0,3.0,4.0,4.0,5.0,7.0,10.0,inferred
Dumfries and Galloway,2021-03-19,0.0,0.0,1.0,1.0,1.0,2.0,3.0,3.0,4.0,5.0,5.0,7.0,11.0,inferred
Dumfries and Galloway,2021-03-20,0.0,0.0,1.0,1.0,1.0,2.0,2.0,3.0,4.0,4.0,5.0,7.0,10.0,inferred
Dumfries and Galloway,2021-03-21,0.0,0.0,0.0,1.0,1.0,1.0,2.0,3.0,3.0,4.0,4.0,6.0,9.0,inferred
Dumfries and Galloway,2021-03-22,0.0,0.0,0.0,0.0,1.0,1.0,1.0,2.0,3.0,3.0,4.0,5.0,8.0,inferred
Dumfries and Galloway,2021-03-23,0.0,0.0,0.0,0.0,1.0,1.0,1.0,2.0,3.0,3.0,4.0,5.0,8.0,inferred
Dumfries and Galloway,2021-03-24,0.0,0.0,1.0,1.0,1.0,2.0,2.0,3.0,3.0,4.0,4.0,6.0,9.0,inferred
Dumfries and Galloway,2021-03-25,0.0,0.0,0.0,1.0,1.0,1.0,2.0,2.0,3.0,4.0,4.0,5.0,8.0,inferred
Dumfries and Galloway,2021-03-26,0.0,0.0,0.0,1.0,1.0,1.0,2.0,2.0,3.0,3.0,4.0,5.0,8.0,inferred
Dumfries and Galloway,2021-03-27,0.0,0.0,0.0,0.0,0.0,1.0,1.0,2.0,2.0,3.0,3.0,5.0,7.0,inferred
Dumfries and Galloway,2021-03-28,0.0,0.0,0.0,0.0,0.0,1.0,1.0,1.0,2.0,2.0,3.0,4.0,7.0,inferred
Dumfries and Galloway,2021-03-29,0.0,0.0,0.0,0.0,0.0,0.0,1.0,1.0,2.0,2.0,2.0,4.0,6.0,inferred
Dumfries and Galloway,2021-03-30,0.0,0.0,0.0,0.0,0.0,0.0,1.0,1.0,1.0,2.0,2.0,4.0,6.0,inferred
Dumfries and Galloway,2021-03-31,0.0,0.0,0.0,0.0,0.0,1.0,1.0,1.0,2.0,2.0,3.0,4.0,7.0,inferred
Dumfries and Galloway,2021-04-01,0.0,0.0,0.0,0.0,0.0,0.0,1.0,1.0,2.0,2.0,2.0,4.0,6.0,inferred
Dumfries and Galloway,2021-04-02,0.0,0.0,0.0,0.0,0.0,0.0,1.0,1.0,2.0,2.0,2.0,4.0,6.0,inferred
Dumfries and Galloway,2021-04-03,0.0,0.0,0.0,0.0,0.0,0.0,1.0,1.0,1.0,2.0,2.0,3.0,6.0,inferred
Dumfries and Galloway,2021-04-04,0.0,0.0,0.0,0.0,0.0,0.0,0.0,1.0,1.0,2.0,2.0,3.0,5.0,inferred
Dumfries and Galloway,2021-04-05,0.0,0.0,0.0,0.0,0.0,0.0,0.0,1.0,1.0,1.0,2.0,3.0,5.0,inferred
Dumfries and Galloway,2021-04-06,0.0,0.0,0.0,0.0,0.0,0.0,0.0,1.0,1.0,1.0,2.0,3.0,5.0,inferred
Dumfries and Galloway,2021-04-07,0.0,0.0,0.0,0.0,0.0,0.0,1.0,1.0,2.0,2.0,2.0,4.0,6.0,inferred
Dumfries and Galloway,2021-04-08,0.0,0.0,0.0,0.0,0.0,0.0,1.0,1.0,1.0,2.0,2.0,3.0,6.0,inferred
Dumfries and Galloway,2021-04-09,0.0,0.0,0.0,0.0,0.0,0.0,1.0,1.0,2.0,2.0,2.0,4.0,6.5,inferred
Dumfries and Galloway,2021-04-10,0.0,0.0,0.0,0.0,0.0,0.0,1.0,1.0,2.0,2.0,2.0,3.1,6.0,inferred
Dumfries and Galloway,2021-04-11,0.0,0.0,0.0,0.0,0.0,0.0,1.0,1.0,1.0,2.0,2.0,3.0,5.0,inferred
Dumfries and Galloway,2021-04-12,0.0,0.0,0.0,0.0,0.0,0.0,0.0,1.0,1.0,1.0,2.0,3.0,5.0,inferred
Dumfries and Galloway,2021-04-13,0.0,0.0,0.0,0.0,0.0,0.0,1.0,1.0,1.0,2.0,2.0,3.0,6.0,inferred
Dumfries and Galloway,2021-04-14,0.0,0.0,0.0,0.0,0.0,1.0,1.0,1.0,2.0,2.0,3.0,4.0,7.0,inferred
Dumfries and Galloway,2021-04-15,0.0,0.0,0.0,0.0,0.0,1.0,1.0,1.0,2.0,2.0,3.0,4.0,7.0,inferred
Dumfries and Galloway,2021-04-16,0.0,0.0,0.0,0.0,0.0,1.0,1.0,2.0,2.0,3.0,3.0,5.0,8.0,inferred
Dumfries and Galloway,2021-04-17,0.0,0.0,0.0,0.0,0.0,1.0,1.0,1.4,2.0,2.0,3.0,4.0,7.0,inferred
Dumfries and Galloway,2021-04-18,0.0,0.0,0.0,0.0,0.0,1.0,1.0,1.0,2.0,2.0,3.0,4.0,7.0,inferred
Dumfries and Galloway,2021-04-19,0.0,0.0,0.0,0.0,0.0,0.0,1.0,1.0,2.0,2.0,3.0,4.0,7.0,inferred
Dumfries and Galloway,2021-04-20,0.0,0.0,0.0,0.0,0.0,1.0,1.0,2.0,2.0,3.0,3.0,4.0,7.0,inferred
Dumfries and Galloway,2021-04-21,0.0,0.0,0.0,1.0,1.0,1.0,2.0,3.0,3.0,4.0,4.0,6.0,9.0,inferred
Dumfries and Galloway,2021-04-22,0.0,0.0,0.0,1.0,1.0,1.0,2.0,2.4,3.0,4.0,4.0,6.0,8.5,inferred
Dumfries and Galloway,2021-04-23,0.0,0.0,1.0,1.0,1.0,2.0,2.0,3.0,3.0,4.0,4.0,6.0,9.0,inferred
Dumfries and Galloway,2021-04-24,0.0,0.0,1.0,1.0,1.0,2.0,2.0,3.0,4.0,4.0,5.0,6.0,9.0,inferred
Dumfries and Galloway,2021-04-25,0.0,0.0,0.0,1.0,1.0,1.0,2.0,2.0,3.0,4.0,4.0,6.0,8.0,inferred
Dumfries and Galloway,2021-04-26,0.0,0.0,0.0,1.0,1.0,1.0,2.0,2.0,3.0,3.0,4.0,5.0,8.0,inferred
Dumfries and Galloway,2021-04-27,0.0,0.0,0.0,1.0,1.0,1.0,2.0,2.0,3.0,3.0,4.0,5.0,9.0,inferred
Dumfries and Galloway,2021-04-28,0.0,0.0,1.0,1.0,1.0,2.0,3.0,3.0,4.0,5.0,5.0,7.0,10.0,inferred
Dumfries and Galloway,2021-04-29,0.0,0.0,1.0,1.0,1.0,2.0,2.0,3.0,4.0,4.0,5.0,7.0,10.0,inferred
Dumfries and Galloway,2021-04-30,0.0,0.0,1.0,1.0,1.0,2.0,2.0,3.0,4.0,4.0,5.0,7.0,10.0,inferred
Dumfries and Galloway,2021-05-01,0.0,0.0,0.0,1.0,1.0,2.0,2.0,3.0,3.0,4.0,4.0,6.0,10.0,inferred
Dumfries and Galloway,2021-05-02,0.0,0.0,0.0,0.0,1.0,1.0,2.0,2.0,3.0,3.0,4.0,5.0,8.0,inferred
Dumfries and Galloway,2021-05-03,0.0,0.0,0.0,0.0,0.0,1.0,1.0,2.0,2.0,2.2,3.0,4.0,7.0,inferred
Dumfries and Galloway,2021-05-04,0.0,0.0,0.0,0.0,0.0,1.0,1.0,2.0,2.0,3.0,3.0,5.0,7.0,inferred
Dumfries and Galloway,2021-05-05,0.0,0.0,0.0,1.0,1.0,1.0,2.0,2.0,3.0,3.0,4.0,5.0,8.5,inferred
Dumfries and Galloway,2021-05-06,0.0,0.0,0.0,0.0,0.0,1.0,1.0,2.0,3.0,3.0,3.0,5.0,8.0,inferred
Dumfries and Galloway,2021-05-07,0.0,0.0,0.0,0.0,1.0,1.0,1.0,2.0,3.0,3.0,3.0,5.0,7.0,inferred
Dumfries and Galloway,2021-05-08,0.0,0.0,0.0,0.0,0.0,1.0,1.0,2.0,2.0,3.0,3.0,5.0,7.0,inferred
Dumfries and Galloway,2021-05-09,0.0,0.0,0.0,0.0,0.0,1.0,1.0,1.0,2.0,2.0,3.0,4.0,7.0,inferred
Dumfries and Galloway,2021-05-10,0.0,0.0,0.0,0.0,0.0,0.0,0.0,1.0,1.0,2.0,2.0,3.0,6.0,inferred
Dumfries and Galloway,2021-05-11,0.0,0.0,0.0,0.0,0.0,0.0,1.0,1.0,1.0,2.0,2.0,3.0,6.0,inferred
Dumfries and Galloway,2021-05-12,0.0,0.0,0.0,0.0,0.0,1.0,1.0,1.0,2.0,2.0,3.0,4.0,7.0,inferred
Dumfries and Galloway,2021-05-13,0.0,0.0,0.0,0.0,0.0,0.0,1.0,1.0,2.0,2.0,2.0,4.0,6.0,inferred
Dumfries and Galloway,2021-05-14,0.0,0.0,0.0,0.0,0.0,0.0,1.0,1.0,2.0,2.0,2.0,4.0,6.0,inferred
Dumfries and Galloway,2021-05-15,0.0,0.0,0.0,0.0,0.0,0.0,1.0,1.0,2.0,2.0,2.0,4.0,6.0,inferred
Dumfries and Galloway,2021-05-16,0.0,0.0,0.0,0.0,0.0,0.0,1.0,1.0,1.0,2.0,2.0,3.0,6.0,inferred
Dumfries and Galloway,2021-05-17,0.0,0.0,0.0,0.0,0.0,0.0,0.0,1.0,1.0,1.0,2.0,3.0,5.0,inferred
Dumfries and Galloway,2021-05-18,0.0,0.0,0.0,0.0,0.0,0.0,0.0,1.0,1.0,1.0,2.0,3.0,5.0,inferred
Dumfries and Galloway,2021-05-19,0.0,0.0,0.0,0.0,0.0,0.0,1.0,1.0,2.0,2.0,2.0,3.0,6.0,inferred
Dumfries and Galloway,2021-05-20,0.0,0.0,0.0,0.0,0.0,0.0,1.0,1.0,2.0,2.0,2.0,4.0,7.0,inferred
Dumfries and Galloway,2021-05-21,0.0,0.0,0.0,0.0,0.0,0.0,1.0,1.0,2.0,2.0,3.0,4.0,7.0,inferred
Dumfries and Galloway,2021-05-22,0.0,0.0,0.0,0.0,0.0,0.0,1.0,1.0,2.0,2.0,2.0,3.0,6.0,inferred
Dumfries and Galloway,2021-05-23,0.0,0.0,0.0,0.0,0.0,0.0,1.0,1.0,1.0,2.0,2.0,3.0,5.0,inferred
Dumfries and Galloway,2021-05-24,0.0,0.0,0.0,0.0,0.0,0.0,0.0,1.0,1.0,1.0,2.0,3.0,5.0,inferred
Dumfries and Galloway,2021-05-25,0.0,0.0,0.0,0.0,0.0,0.0,1.0,1.0,1.0,2.0,2.0,3.0,6.0,inferred
Dumfries and Galloway,2021-05-26,0.0,0.0,0.0,0.0,0.0,1.0,1.0,2.0,2.0,3.0,3.0,5.0,8.0,inferred
Dumfries and Galloway,2021-05-27,0.0,0.0,0.0,0.0,0.7,1.0,1.0,2.0,2.0,3.0,3.0,5.0,8.0,inferred
Dumfries and Galloway,2021-05-28,0.0,0.0,0.0,0.0,1.0,1.0,2.0,2.0,3.0,3.0,4.0,5.0,8.0,inferred
Dumfries and Galloway,2021-05-29,0.0,0.0,0.0,1.0,1.0,1.0,2.0,2.0,3.0,3.0,4.0,6.0,9.0,inferred
Dumfries and Galloway,2021-05-30,0.0,0.0,0.0,0.0,1.0,1.0,2.0,2.0,3.0,3.0,4.0,5.0,9.0,inferred
Dumfries and Galloway,2021-05-31,0.0,0.0,0.0,0.0,1.0,1.0,1.0,2.0,3.0,3.0,3.0,5.0,7.0,inferred
Dumfries and Galloway,2021-06-01,0.0,0.0,0.0,1.0,1.0,1.0,2.0,2.0,3.0,4.0,4.0,6.0,9.0,inferred
Dumfries and Galloway,2021-06-02,0.0,0.0,1.0,1.0,2.0,2.0,3.0,4.0,5.0,5.0,6.0,8.0,11.0,inferred
Dumfries and Galloway,2021-06-03,0.0,0.0,1.0,2.0,2.0,3.0,3.0,4.0,5.0,6.0,6.0,8.0,12.0,inferred
Dumfries and Galloway,2021-06-04,0.0,1.0,2.0,2.0,2.0,3.0,4.0,5.0,6.0,6.0,7.0,9.0,13.0,inferred
Dumfries and Galloway,2021-06-05,0.0,1.0,2.0,2.0,3.0,3.0,4.0,5.0,6.0,7.0,7.0,9.0,13.0,inferred
Dumfries and Galloway,2021-06-06,0.0,1.0,2.0,2.0,3.0,4.0,4.0,5.0,6.0,7.0,8.0,10.0,14.0,inferred
Dumfries and Galloway,2021-06-07,0.0,1.0,2.0,2.0,2.0,3.0,4.0,5.0,5.0,6.0,7.0,9.0,12.0,inferred
Dumfries and Galloway,2021-06-08,0.0,1.0,2.0,2.0,3.0,4.0,4.0,5.0,6.3,7.0,8.0,10.0,13.0,inferred
Dumfries and Galloway,2021-06-09,1.0,3.0,4.0,4.0,5.0,6.0,7.0,8.0,9.0,10.0,11.0,13.0,17.5,inferred
Dumfries and Galloway,2021-06-10,1.0,2.0,4.0,4.0,5.0,5.0,7.0,8.0,9.0,10.0,11.0,13.0,17.0,inferred
Dumfries and Galloway,2021-06-11,1.0,3.0,4.0,5.0,6.0,7.0,8.0,9.0,10.0,11.0,12.0,14.0,18.0,inferred
Dumfries and Galloway,2021-06-12,1.0,3.0,4.0,5.0,5.0,6.0,7.0,8.0,10.0,10.0,11.0,14.0,19.0,inferred
Dumfries and Galloway,2021-06-13,1.0,2.0,4.0,4.0,5.0,6.0,7.0,8.0,9.0,9.0,10.0,13.0,17.0,inferred
Dumfries and Galloway,2021-06-14,1.0,2.0,3.0,3.0,4.0,5.0,6.0,7.0,8.0,8.0,9.0,12.0,15.0,inferred
Dumfries and Galloway,2021-06-15,1.0,2.0,4.0,4.0,4.0,5.0,6.0,7.0,9.0,9.0,10.0,12.0,17.0,inferred
Dumfries and Galloway,2021-06-16,2.0,4.0,5.0,6.0,7.0,8.0,9.0,10.0,12.0,13.0,14.0,16.0,22.0,inferred
Dumfries and Galloway,2021-06-17,2.0,4.0,5.0,6.0,6.0,7.0,9.0,10.0,11.0,12.0,13.0,16.0,22.0,inferred
Dumfries and Galloway,2021-06-18,2.0,4.0,6.0,6.0,7.0,9.0,10.0,11.0,13.0,14.0,15.0,18.0,24.0,inferred
Dundee City,2021-03-06,16.0,21.0,24.0,26.0,27.0,30.0,32.0,35.0,38.0,40.0,42.0,47.0,55.0,inferred
Dundee City,2021-03-07,12.0,17.0,20.0,21.0,23.0,25.0,27.0,30.0,32.0,34.0,36.0,40.0,48.0,inferred
Dundee City,2021-03-08,9.0,14.0,16.0,17.0,18.0,20.0,22.0,25.0,27.0,29.0,31.0,35.0,41.5,inferred
Dundee City,2021-03-09,11.0,15.0,18.0,19.0,21.0,23.0,25.0,27.0,29.0,31.0,32.0,37.0,45.0,inferred
Dundee City,2021-03-10,18.0,23.0,27.0,28.0,30.0,32.0,35.0,38.0,40.0,42.0,44.0,49.0,58.5,inferred
Dundee City,2021-03-11,16.0,22.0,26.0,27.0,28.0,31.0,33.0,36.0,40.0,41.0,43.0,49.0,58.0,inferred
Dundee City,2021-03-12,20.0,25.0,29.0,30.0,32.0,35.0,37.0,40.0,44.0,45.0,47.0,54.0,62.0,inferred
Dundee City,2021-03-13,19.0,24.0,28.0,29.0,31.0,34.0,36.0,40.0,42.3,44.0,46.0,53.0,61.5,inferred
Dundee City,2021-03-14,16.0,21.0,25.0,27.0,28.0,31.0,33.0,36.0,39.0,40.0,42.0,47.0,57.0,inferred
Dundee City,2021-03-15,13.0,18.0,20.0,22.0,23.0,25.0,28.0,30.0,33.0,35.0,37.0,43.0,51.0,inferred
Dundee City,2021-03-16,15.0,20.0,24.0,25.0,27.0,29.0,31.0,34.0,37.0,38.0,40.0,46.0,54.0,inferred
Dundee City,2021-03-17,21.5,29.0,33.0,35.0,37.0,40.0,43.0,46.0,50.0,52.0,54.0,61.0,71.0,inferred
Dundee City,2021-03-18,21.0,28.0,32.0,33.0,35.0,38.0,41.0,44.0,48.0,50.0,52.0,58.0,68.5,inferred
Dundee City,2021-03-19,24.0,30.0,34.0,36.0,38.0,41.0,44.0,46.4,50.0,52.0,54.0,60.0,69.0,inferred
Dundee City,2021-03-20,22.0,27.0,31.0,33.0,35.0,38.0,41.0,44.0,48.0,50.0,52.0,58.0,67.0,inferred
Dundee City,2021-03-21,17.5,23.0,27.0,28.0,30.0,33.0,35.0,38.0,41.0,43.0,46.0,51.0,60.5,inferred
Dundee City,2021-03-22,13.0,18.0,21.0,23.0,24.0,26.0,29.0,32.0,35.0,36.0,38.0,43.0,53.0,inferred
Dundee City,2021-03-23,14.0,20.0,24.0,25.0,26.0,29.0,31.0,34.0,37.0,39.0,41.0,46.0,55.0,inferred
Dundee City,2021-03-24,21.0,27.0,32.0,33.0,35.0,38.0,41.0,44.0,47.0,50.0,52.0,58.0,69.0,inferred
Dundee City,2021-03-25,19.0,25.0,29.0,31.0,32.0,35.0,38.0,41.0,44.0,46.0,47.0,53.0,63.5,inferred
Dundee City,2021-03-26,20.0,25.0,30.0,32.0,33.0,36.0,39.0,42.0,45.0,47.0,49.0,55.1,65.0,inferred
Dundee City,2021-03-27,17.0,23.0,27.0,28.8,30.0,32.0,35.0,38.0,40.0,42.0,45.0,50.0,60.0,inferred
Dundee City,2021-03-28,12.0,18.0,22.0,23.0,25.0,27.0,30.0,32.0,35.0,36.0,38.0,43.0,52.0,inferred
Dundee City,2021-03-29,9.0,14.0,17.0,19.0,20.0,22.0,24.0,26.0,28.0,30.0,31.0,36.1,44.0,inferred
Dundee City,2021-03-30,11.0,15.0,17.0,19.0,20.0,23.0,25.0,28.0,30.0,32.0,33.0,38.0,46.0,inferred
Dundee City,2021-03-31,15.0,20.0,24.0,26.0,27.0,30.0,32.0,35.0,37.3,39.2,42.0,47.0,56.0,inferred
Dundee City,2021-04-01,13.0,17.0,21.0,22.0,24.0,26.0,28.0,31.0,34.0,35.0,37.0,42.0,51.0,inferred
Dundee City,2021-04-02,13.0,18.0,21.0,23.0,24.0,26.0,29.0,31.0,34.0,36.0,38.0,43.0,52.0,inferred
Dundee City,2021-04-03,12.0,16.0,19.0,20.0,22.0,24.0,26.0,28.0,31.0,32.2,35.0,39.0,47.0,inferred
Dundee City,2021-04-04,8.0,12.0,14.0,16.0,17.0,19.0,21.0,23.0,25.0,27.0,29.0,33.0,41.5,inferred
Dundee City,2021-04-05,5.0,8.0,11.0,12.0,13.0,15.0,17.0,19.0,21.0,22.0,23.0,27.0,33.0,inferred
Dundee City,2021-04-06,6.0,10.0,12.0,13.0,14.0,15.0,17.0,19.0,21.0,23.0,25.0,29.0,36.0,inferred
Dundee City,2021-04-07,9.0,13.0,16.0,17.0,18.0,20.0,22.0,25.0,27.0,29.0,30.0,35.0,43.0,inferred
Dundee City,2021-04-08,8.0,11.0,14.0,15.0,16.0,18.0,20.0,22.0,24.0,25.0,27.0,31.0,40.0,inferred
Dundee City,2021-04-09,7.0,11.0,14.0,15.0,16.0,18.0,20.0,22.0,25.0,26.0,28.0,32.0,40.0,inferred
Dundee City,2021-04-10,7.0,10.0,13.0,14.0,15.0,16.0,18.0,20.0,22.0,24.0,25.0,29.1,37.0,inferred
Dundee City,2021-04-11,5.0,8.0,10.0,11.0,12.0,14.0,15.0,17.0,19.0,20.0,21.0,25.0,34.0,inferred
Dundee City,2021-04-12,3.0,5.0,7.0,8.0,9.0,10.0,12.0,13.0,15.0,16.0,18.0,21.0,29.0,inferred
Dundee City,2021-04-13,3.0,6.0,8.0,9.0,10.0,11.0,13.0,15.0,16.0,18.0,19.0,22.0,28.0,inferred
Dundee City,2021-04-14,6.0,9.0,11.0,12.0,13.0,15.0,17.0,19.0,21.0,22.0,23.2,28.0,34.5,inferred
Dundee City,2021-04-15,5.0,7.0,10.0,11.0,11.0,13.0,15.0,17.0,19.0,21.0,22.0,26.0,32.0,inferred
Dundee City,2021-04-16,5.0,8.0,11.0,12.0,13.0,14.0,16.0,18.0,20.0,21.0,23.0,26.0,34.0,inferred
Dundee City,2021-04-17,4.0,7.0,10.0,11.0,11.0,13.0,15.0,17.0,18.0,19.0,21.0,24.0,30.0,inferred
Dundee City,2021-04-18,3.0,6.0,7.8,8.0,9.0,10.0,12.0,13.4,16.0,17.0,18.0,21.1,28.0,inferred
Dundee City,2021-04-19,2.0,4.0,5.0,6.0,7.0,8.0,9.0,11.0,13.0,14.0,15.0,18.0,24.0,inferred
Dundee City,2021-04-20,2.0,4.0,6.0,6.0,7.0,9.0,10.0,12.0,14.0,15.0,16.0,19.0,26.0,inferred
Dundee City,2021-04-21,4.0,6.0,9.0,9.0,10.0,12.0,14.0,16.0,18.0,19.0,20.0,24.0,30.0,inferred
Dundee City,2021-04-22,3.0,5.0,7.0,8.0,9.0,11.0,12.0,14.0,16.0,17.0,19.0,22.0,28.0,inferred
Dundee City,2021-04-23,3.0,6.0,7.0,9.0,9.0,11.0,12.0,14.0,16.0,17.0,18.0,22.0,29.0,inferred
Dundee City,2021-04-24,2.5,5.0,6.0,7.0,8.0,9.0,11.0,13.0,15.0,16.0,17.0,20.1,26.0,inferred
Dundee City,2021-04-25,2.0,4.0,5.0,6.0,6.0,8.0,9.0,11.0,12.0,13.0,15.0,18.0,25.0,inferred
Dundee City,2021-04-26,1.0,2.0,4.0,4.0,5.0,6.0,7.0,8.0,10.0,10.0,11.0,14.0,20.0,inferred
Dundee City,2021-04-27,1.0,3.0,4.0,5.0,5.0,6.0,7.0,9.0,11.0,11.0,13.0,15.1,21.0,inferred
Dundee City,2021-04-28,2.0,4.0,6.0,6.0,7.0,8.0,10.0,11.0,13.0,14.0,15.0,19.0,25.0,inferred
Dundee City,2021-04-29,2.0,3.0,5.0,6.0,6.0,7.0,9.0,10.0,12.0,13.0,14.0,17.0,22.0,inferred
Dundee City,2021-04-30,1.0,3.0,5.0,6.0,6.0,8.0,9.0,10.0,12.0,13.0,15.0,18.0,24.0,inferred
Dundee City,2021-05-01,1.0,3.0,4.0,5.0,6.0,7.0,8.0,9.0,11.0,12.0,13.0,16.0,22.0,inferred
Dundee City,2021-05-02,1.0,2.0,3.0,4.0,4.0,5.0,7.0,8.0,9.0,10.0,11.0,14.0,20.0,inferred
Dundee City,2021-05-03,0.0,1.0,3.0,3.0,3.0,4.0,5.0,6.0,8.0,8.0,9.0,12.0,17.0,inferred
Dundee City,2021-05-04,0.0,2.0,3.0,3.0,4.0,5.0,6.0,7.0,8.0,9.0,10.0,13.0,18.0,inferred
Dundee City,2021-05-05,1.0,3.0,4.0,5.0,6.0,7.0,8.0,9.0,11.0,12.0,13.0,16.0,22.0,inferred
Dundee City,2021-05-06,1.0,3.0,4.0,5.0,5.0,7.0,8.0,9.0,11.0,12.0,13.0,16.0,21.0,inferred
Dundee City,2021-05-07,2.0,3.0,5.0,6.0,6.0,8.0,9.0,10.0,12.0,13.0,14.0,17.0,22.0,inferred
Dundee City,2021-05-08,2.0,3.0,5.0,6.0,6.0,8.0,9.0,10.0,12.0,13.0,14.0,17.0,22.0,inferred
Dundee City,2021-05-09,1.0,3.0,4.0,5.0,5.0,6.0,8.0,9.0,11.0,11.0,12.0,16.0,21.0,inferred
Dundee City,2021-05-10,1.0,2.0,3.0,4.0,4.0,5.0,6.0,7.0,9.0,10.0,11.0,14.0,19.0,inferred
Dundee City,2021-05-11,1.0,3.0,4.0,5.0,5.0,6.0,7.0,9.0,10.0,11.0,12.0,15.0,21.0,inferred
Dundee City,2021-05-12,3.0,5.0,7.0,8.0,8.0,10.0,11.0,13.0,14.0,15.0,17.0,20.0,26.0,inferred
Dundee City,2021-05-13,2.0,4.0,6.0,7.0,8.0,9.0,11.0,12.0,14.0,15.0,16.0,19.0,25.5,inferred
Dundee City,2021-05-14,3.0,6.0,7.8,8.0,9.0,11.0,12.0,14.0,16.0,17.0,18.0,22.0,28.0,inferred
Dundee City,2021-05-15,3.0,5.0,7.0,8.0,9.0,11.0,12.0,14.0,16.0,17.0,18.0,22.0,28.0,inferred
Dundee City,2021-05-16,3.0,5.0,7.0,7.0,8.0,10.0,11.0,13.0,15.0,16.0,17.0,21.0,27.0,inferred
Dundee City,2021-05-17,2.0,4.0,6.0,6.0,7.0,8.0,10.0,11.0,13.0,14.0,15.0,19.0,24.0,inferred
Dundee City,2021-05-18,3.0,5.0,7.0,8.0,8.0,10.0,11.0,13.0,15.0,16.0,17.0,20.0,26.0,inferred
Dundee City,2021-05-19,6.0,9.0,12.0,13.0,13.0,16.0,17.0,19.0,21.0,22.0,24.0,28.0,35.0,inferred
Dundee City,2021-05-20,6.0,9.0,12.0,13.0,14.0,16.0,18.0,20.0,22.0,23.0,24.0,28.0,35.0,inferred
Dundee City,2021-05-21,7.5,12.0,15.0,16.0,17.0,19.0,21.0,23.0,26.0,27.0,28.0,33.0,42.0,inferred
Dundee City,2021-05-22,9.0,12.0,15.0,16.0,17.0,19.0,21.0,24.0,26.0,28.0,29.0,33.0,40.0,inferred
Dundee City,2021-05-23,8.0,11.0,14.0,15.0,16.0,18.0,20.0,23.0,25.0,26.0,28.0,32.0,40.0,inferred
Dundee City,2021-05-24,6.0,10.0,12.0,13.0,14.0,16.0,18.0,20.0,22.0,23.0,25.0,29.0,38.0,inferred
Dundee City,2021-05-25,9.0,13.0,16.0,17.0,18.0,21.0,23.0,25.0,27.0,28.0,30.0,34.1,43.0,inferred
Dundee City,2021-05-26,16.0,21.0,26.0,27.0,29.0,32.0,34.0,37.0,40.0,42.0,44.0,50.0,58.5,inferred
Dundee City,2021-05-27,18.0,23.0,27.0,29.0,31.0,34.0,36.0,39.0,42.0,44.0,46.0,52.0,61.0,inferred
Dundee City,2021-05-28,22.0,29.0,33.0,35.0,37.0,40.0,43.0,46.0,49.0,51.0,54.0,59.1,70.0,inferred
Dundee City,2021-05-29,25.0,30.0,35.0,36.0,38.0,42.0,45.0,48.0,51.0,53.0,55.2,62.0,75.0,inferred
Dundee City,2021-05-30,23.0,29.0,34.0,36.0,38.0,40.0,43.0,46.0,50.0,51.0,53.2,59.0,68.5,inferred
Dundee City,2021-05-31,21.0,27.0,31.0,33.0,35.0,38.0,41.0,44.0,47.0,49.0,51.0,57.0,67.0,inferred
Dundee City,2021-06-01,28.0,35.0,40.0,42.0,43.0,46.0,49.0,52.4,56.0,58.0,61.0,68.0,78.0,inferred
Dundee City,2021-06-02,46.0,55.0,61.0,64.0,66.0,71.0,75.0,78.0,83.0,86.0,88.0,97.0,109.0,inferred
Dundee City,2021-06-03,51.0,59.0,65.0,68.0,70.0,75.0,79.0,83.0,88.0,91.0,94.0,101.0,113.0,inferred
Dundee City,2021-06-04,63.0,73.0,80.0,83.0,85.0,89.6,94.0,98.0,103.0,106.0,109.0,118.1,134.0,inferred
Dundee City,2021-06-05,66.0,76.0,84.0,87.0,89.0,94.0,99.0,103.0,108.0,111.0,114.0,125.1,142.0,inferred
Dundee City,2021-06-06,61.0,73.0,80.0,83.0,85.7,90.0,95.0,100.0,105.0,108.0,111.0,119.0,133.0,inferred
Dundee City,2021-06-07,59.0,68.0,75.0,77.0,79.0,83.6,88.0,92.0,97.0,100.0,103.0,112.0,127.5,inferred
Dundee City,2021-06-08,68.0,79.0,85.0,88.0,91.0,96.0,101.0,106.0,111.0,114.0,117.0,127.0,142.0,inferred
Dundee City,2021-06-09,99.0,111.0,120.0,123.8,127.0,133.0,138.0,144.0,151.0,154.0,158.0,168.0,185.0,inferred
Dundee City,2021-06-10,92.0,104.0,114.0,117.0,120.0,126.0,131.0,136.0,141.0,145.0,148.0,158.1,177.0,inferred
Dundee City,2021-06-11,95.0,111.0,121.0,124.0,127.0,133.0,138.0,144.0,150.0,153.0,156.0,167.0,186.0,inferred
Dundee City,2021-06-12,92.5,104.0,114.0,117.0,120.0,126.0,130.0,136.0,143.0,146.0,150.0,160.0,178.0,inferred
Dundee City,2021-06-13,78.0,89.0,97.0,100.0,103.0,108.0,113.0,118.0,124.0,128.0,131.0,141.1,157.0,inferred
Dundee City,2021-06-14,62.0,73.0,80.0,83.0,86.0,91.0,96.0,100.0,105.0,108.0,110.0,119.0,134.5,inferred
Dundee City,2021-06-15,69.0,80.0,87.0,90.0,93.0,97.0,102.0,107.0,112.0,116.0,119.0,127.0,144.0,inferred
Dundee City,2021-06-16,92.0,106.0,116.0,119.0,122.0,128.0,133.0,139.0,145.0,148.0,152.2,162.0,180.0,inferred
Dundee City,2021-06-17,87.0,95.0,104.0,107.0,109.0,115.0,121.0,126.0,132.0,135.0,140.0,149.0,165.0,inferred
Dundee City,2021-06-18,81.0,95.0,105.0,108.0,112.0,118.0,123.0,129.0,135.0,139.0,143.0,154.0,172.0,inferred
Ealing,2021-03-06,19.0,22.0,25.0,26.0,26.0,28.0,29.0,31.0,32.0,33.0,34.0,37.0,41.0,inferred
Ealing,2021-03-07,22.0,25.0,28.0,29.0,30.0,31.0,33.0,35.0,37.0,38.0,39.0,41.0,47.0,inferred
Ealing,2021-03-08,27.0,32.0,34.0,35.0,36.0,38.0,40.0,42.0,44.0,45.0,46.0,50.0,55.0,inferred
Ealing,2021-03-09,25.0,30.0,33.0,34.0,35.0,37.0,38.0,40.0,42.0,43.0,45.0,48.0,54.0,inferred
Ealing,2021-03-10,25.0,29.0,32.0,33.0,34.0,36.0,38.0,39.0,41.0,42.0,44.0,47.0,52.0,inferred
Ealing,2021-03-11,22.0,26.0,28.0,29.0,31.0,33.0,34.0,36.0,37.3,39.0,40.0,43.0,47.0,inferred
Ealing,2021-03-12,18.0,22.0,25.0,26.0,26.0,28.0,29.0,31.0,33.0,34.0,35.0,38.0,42.0,inferred
Ealing,2021-03-13,14.0,18.0,20.0,21.0,21.0,23.0,24.0,25.0,27.0,27.0,28.0,31.0,35.0,inferred
Ealing,2021-03-14,16.0,20.0,22.0,23.0,24.0,25.0,27.0,28.0,30.0,31.0,32.0,35.0,39.0,inferred
Ealing,2021-03-15,22.0,26.0,28.0,29.0,30.0,32.0,33.0,35.0,37.0,38.0,39.0,42.0,47.0,inferred
Ealing,2021-03-16,22.0,25.0,27.0,28.0,29.0,31.0,32.0,34.0,36.0,37.0,38.0,41.0,46.0,inferred
Ealing,2021-03-17,21.0,25.0,27.0,28.0,29.0,31.0,32.0,34.0,36.0,37.0,38.0,41.0,45.0,inferred
Ealing,2021-03-18,19.0,22.0,25.0,26.0,27.0,28.0,30.0,31.0,33.0,34.0,35.0,38.0,42.0,inferred
Ealing,2021-03-19,16.0,19.0,22.0,22.0,23.0,25.0,26.0,28.0,29.0,30.0,31.0,34.0,38.0,inferred
Ealing,2021-03-20,12.0,15.0,17.0,18.0,19.0,20.0,22.0,23.0,24.0,25.0,26.0,29.0,33.0,inferred
Ealing,2021-03-21,15.0,17.0,20.0,20.0,21.0,23.0,24.0,26.0,27.0,28.0,29.0,32.0,36.0,inferred
Ealing,2021-03-22,20.0,22.0,25.0,26.0,27.0,28.0,30.0,32.0,33.0,35.0,35.0,38.0,43.0,inferred
Ealing,2021-03-23,18.0,21.0,24.0,24.0,25.0,27.0,29.0,30.0,32.0,33.0,34.0,37.0,42.0,inferred
Ealing,2021-03-24,17.0,21.0,23.0,24.0,25.0,27.0,28.0,30.0,31.0,32.0,33.0,36.0,41.0,inferred
Ealing,2021-03-25,16.0,19.0,21.0,21.0,22.0,24.0,25.0,27.0,28.0,29.0,30.0,33.0,37.0,inferred
Ealing,2021-03-26,12.0,15.0,17.0,18.0,19.0,20.0,22.0,23.0,24.0,25.0,26.0,29.0,32.0,inferred
Ealing,2021-03-27,9.0,11.0,13.0,14.0,15.0,16.0,17.0,18.0,19.0,20.0,21.0,23.0,27.0,inferred
Ealing,2021-03-28,10.0,13.0,15.0,15.0,16.0,17.0,19.0,20.0,21.0,22.0,23.0,25.0,29.0,inferred
Ealing,2021-03-29,13.0,16.0,18.0,19.0,20.0,21.0,23.0,24.0,25.3,26.0,28.0,30.0,35.0,inferred
Ealing,2021-03-30,12.0,15.0,17.0,18.0,19.0,20.0,21.0,23.0,24.0,25.0,26.0,28.0,32.0,inferred
Ealing,2021-03-31,11.0,14.0,16.0,17.0,18.0,20.0,21.0,22.0,23.0,24.0,25.0,27.0,32.0,inferred
Ealing,2021-04-01,10.0,13.0,15.0,16.0,16.0,17.0,19.0,20.0,21.0,22.0,23.0,25.0,29.0,inferred
Ealing,2021-04-02,8.0,11.0,12.0,13.0,13.0,14.0,16.0,17.0,18.0,19.0,19.0,21.0,25.0,inferred
Ealing,2021-04-03,6.0,8.0,10.0,10.0,11.0,12.0,13.0,14.0,15.0,16.0,16.0,19.0,21.5,inferred
Ealing,2021-04-04,7.0,9.0,11.0,11.0,12.0,13.0,14.0,15.0,17.0,17.0,18.0,20.0,23.0,inferred
Ealing,2021-04-05,9.0,12.0,14.0,14.0,15.0,16.0,17.0,18.0,20.0,20.0,21.0,24.0,28.0,inferred
Ealing,2021-04-06,9.0,11.0,13.0,14.0,15.0,16.0,17.0,18.0,19.0,20.0,21.0,23.0,27.0,inferred
Ealing,2021-04-07,9.0,12.0,14.0,14.0,15.0,16.0,17.0,19.0,20.0,21.0,22.0,24.0,28.0,inferred
Ealing,2021-04-08,8.0,11.0,13.0,13.0,14.0,15.0,17.0,17.4,19.0,19.0,20.0,22.1,26.0,inferred
Ealing,2021-04-09,7.0,10.0,11.0,12.0,12.0,13.0,14.0,16.0,17.0,18.0,18.0,20.0,23.0,inferred
Ealing,2021-04-10,6.0,7.9,9.0,10.0,10.0,11.0,12.0,13.0,14.0,15.0,15.2,17.0,20.0,inferred
Ealing,2021-04-11,7.0,9.0,11.0,11.0,12.0,12.0,13.0,14.0,15.0,16.0,17.0,19.0,23.0,inferred
Ealing,2021-04-12,9.0,12.0,14.0,14.0,15.0,16.0,18.0,19.0,20.0,21.0,22.0,24.0,27.0,inferred
Ealing,2021-04-13,9.0,12.0,13.0,14.0,15.0,16.0,17.0,18.0,19.3,20.0,21.0,23.0,27.0,inferred
Ealing,2021-04-14,10.0,12.0,14.0,15.0,15.0,16.0,18.0,19.0,20.0,21.0,22.0,24.0,28.0,inferred
Ealing,2021-04-15,9.0,12.0,13.0,14.0,15.0,16.0,17.0,18.0,19.0,20.0,21.0,23.0,26.0,inferred
Ealing,2021-04-16,8.0,10.0,12.0,12.0,13.0,14.0,16.0,17.0,18.0,18.0,19.0,21.0,24.0,inferred
Ealing,2021-04-17,6.0,8.0,10.0,10.0,11.0,12.0,13.0,14.0,15.0,16.0,16.0,18.0,21.0,inferred
Ealing,2021-04-18,8.0,10.0,11.8,12.0,13.0,14.0,15.0,16.0,17.0,18.0,19.0,21.0,24.0,inferred
Ealing,2021-04-19,11.0,13.0,15.0,16.0,17.0,18.0,19.0,20.0,22.0,23.0,24.0,26.0,30.0,inferred
Ealing,2021-04-20,11.0,13.9,15.0,16.0,17.0,18.0,20.0,21.0,22.0,23.0,24.0,26.0,30.0,inferred
Ealing,2021-04-21,10.0,14.0,16.0,16.0,17.0,18.6,20.0,21.0,22.0,23.0,24.0,26.0,30.0,inferred
Ealing,2021-04-22,10.0,13.0,15.0,15.0,16.0,17.0,18.0,20.0,21.0,22.0,22.0,25.0,28.0,inferred
Ealing,2021-04-23,8.0,11.0,12.8,13.0,14.0,15.0,16.0,17.0,18.0,19.0,20.0,22.0,26.0,inferred
Ealing,2021-04-24,6.0,8.9,10.0,11.0,11.0,12.0,13.0,14.0,15.0,16.0,17.0,19.0,22.0,inferred
Ealing,2021-04-25,8.0,10.0,12.0,12.0,13.0,14.0,15.0,16.0,17.0,18.0,19.0,21.0,24.0,inferred
Ealing,2021-04-26,10.0,13.0,15.0,16.0,16.0,18.0,19.0,20.0,22.0,22.0,23.0,25.0,29.0,inferred
Ealing,2021-04-27,10.0,13.0,15.0,16.0,16.0,18.0,19.0,20.0,21.0,22.0,23.0,25.0,29.0,inferred
Ealing,2021-04-28,11.0,13.0,15.0,16.0,17.0,18.0,19.0,20.0,22.0,23.0,24.0,26.0,30.0,inferred
Ealing,2021-04-29,9.0,12.0,14.0,15.0,16.0,17.0,18.0,19.0,21.0,21.0,22.0,25.0,28.0,inferred
Ealing,2021-04-30,8.0,11.0,13.0,13.0,14.0,15.0,16.0,17.0,18.0,19.0,20.0,22.0,25.0,inferred
Ealing,2021-05-01,6.0,8.0,10.0,11.0,11.0,12.0,13.0,14.0,15.0,16.0,17.0,19.0,22.0,inferred
Ealing,2021-05-02,7.0,10.0,12.0,12.0,13.0,14.0,15.0,16.0,17.0,18.0,19.0,21.0,24.5,inferred
Ealing,2021-05-03,10.0,13.0,15.0,16.0,17.0,18.0,19.0,20.0,22.0,23.0,24.0,26.0,29.0,inferred
Ealing,2021-05-04,10.0,13.0,15.0,16.0,17.0,18.0,19.0,20.0,22.0,22.0,23.2,26.0,30.0,inferred
Ealing,2021-05-05,11.0,14.0,16.0,16.0,17.0,18.0,19.0,21.0,22.0,23.0,24.0,26.0,30.0,inferred
Ealing,2021-05-06,10.0,13.0,15.0,15.0,16.0,17.0,18.5,20.0,21.0,21.2,22.0,25.0,29.0,inferred
Ealing,2021-05-07,9.0,11.0,13.0,14.0,14.0,15.0,17.0,18.0,19.0,20.0,20.0,23.0,27.0,inferred
Ealing,2021-05-08,7.0,9.0,10.0,11.0,11.0,13.0,14.0,15.0,16.0,16.0,17.0,19.0,23.0,inferred
Ealing,2021-05-09,8.0,10.0,12.0,13.0,13.0,15.0,16.0,17.0,18.0,18.0,19.0,21.0,24.0,inferred
Ealing,2021-05-10,11.0,14.0,16.0,17.0,17.0,19.0,20.0,21.0,23.0,23.0,24.0,27.0,31.0,inferred
Ealing,2021-05-11,11.0,14.0,15.0,16.0,17.0,18.0,19.0,20.0,22.0,23.0,24.0,26.0,30.0,inferred
Ealing,2021-05-12,11.0,13.0,16.0,16.0,17.0,18.0,19.0,21.0,22.0,23.0,24.0,26.0,30.0,inferred
Ealing,2021-05-13,10.0,13.0,15.0,15.0,16.0,17.0,19.0,20.0,21.0,22.0,23.0,25.0,29.0,inferred
Ealing,2021-05-14,9.0,11.0,13.0,14.0,14.0,16.0,17.0,18.0,19.0,20.0,21.0,23.0,27.0,inferred
Ealing,2021-05-15,7.0,9.0,10.0,11.0,12.0,13.0,14.0,15.0,16.0,17.0,18.0,20.0,23.0,inferred
Ealing,2021-05-16,9.0,11.0,13.0,13.0,14.0,15.0,16.0,17.0,19.0,19.0,20.0,22.0,26.0,inferred
Ealing,2021-05-17,12.0,15.0,17.0,18.0,19.0,20.0,21.0,22.0,24.0,24.0,25.0,28.0,32.0,inferred
Ealing,2021-05-18,12.0,15.0,17.0,18.0,19.0,20.0,21.0,23.0,24.0,25.0,26.0,28.0,32.0,inferred
Ealing,2021-05-19,12.0,15.0,17.0,18.0,19.0,21.0,22.0,23.0,25.0,26.0,26.0,29.0,32.5,inferred
Ealing,2021-05-20,12.0,15.0,17.0,17.0,18.0,19.0,21.0,22.0,23.0,24.0,25.0,27.0,31.0,inferred
Ealing,2021-05-21,11.0,13.0,15.0,16.0,16.0,18.0,19.0,20.0,21.0,22.0,23.0,25.0,29.0,inferred
Ealing,2021-05-22,8.0,10.0,12.0,13.0,13.0,15.0,16.0,17.0,18.0,19.0,19.0,21.0,25.0,inferred
Ealing,2021-05-23,10.0,13.0,14.0,15.0,16.0,17.0,18.0,20.0,21.0,22.0,22.0,25.0,29.0,inferred
Ealing,2021-05-24,14.0,17.0,19.0,20.0,21.0,22.0,24.0,25.0,27.0,28.0,29.0,31.0,35.0,inferred
Ealing,2021-05-25,14.0,17.0,20.0,20.0,21.0,23.0,24.0,25.0,27.0,28.0,28.0,31.0,36.0,inferred
Ealing,2021-05-26,15.0,19.0,21.0,22.0,23.0,24.0,26.0,27.0,29.0,30.0,31.0,33.0,37.0,inferred
Ealing,2021-05-27,15.0,18.0,20.0,21.0,22.0,24.0,25.0,26.0,28.0,29.0,30.0,32.0,37.0,inferred
Ealing,2021-05-28,14.0,17.0,19.0,20.0,20.0,22.0,23.0,24.0,26.0,27.0,28.0,30.0,34.0,inferred
Ealing,2021-05-29,11.5,14.0,16.0,17.0,17.0,19.0,20.0,21.0,23.0,24.0,24.0,27.0,31.0,inferred
Ealing,2021-05-30,14.0,17.0,19.0,20.0,21.0,22.0,24.0,25.0,26.0,27.0,28.0,31.0,35.0,inferred
Ealing,2021-05-31,20.0,24.0,26.0,27.0,28.0,30.0,31.0,33.0,35.0,36.0,37.0,40.0,44.5,inferred
Ealing,2021-06-01,21.0,25.0,27.0,28.0,29.0,31.0,32.0,34.0,36.0,37.0,38.0,41.0,46.0,inferred
Ealing,2021-06-02,23.0,26.0,29.0,30.0,31.0,33.0,34.0,36.0,38.0,39.0,40.0,43.0,48.0,inferred
Ealing,2021-06-03,21.5,26.0,28.0,29.0,30.0,32.0,33.0,35.0,37.0,38.0,39.0,42.0,47.0,inferred
Ealing,2021-06-04,19.0,23.0,25.0,27.0,27.0,29.0,31.0,32.0,34.0,35.0,36.0,39.0,44.0,inferred
Ealing,2021-06-05,16.0,19.0,22.0,22.0,23.0,25.0,26.0,28.0,29.0,30.0,31.0,34.0,39.0,inferred
Ealing,2021-06-06,20.0,24.0,26.8,27.0,28.0,30.0,31.0,33.0,35.0,36.0,37.0,40.0,45.0,inferred
Ealing,2021-06-07,29.0,33.0,36.0,37.0,38.0,40.0,42.0,44.0,46.0,47.0,49.0,52.0,58.5,inferred
Ealing,2021-06-08,29.0,33.0,36.0,38.0,39.0,41.0,43.0,45.0,47.0,48.0,49.0,53.0,58.0,inferred
Ealing,2021-06-09,31.0,36.0,39.0,40.0,41.0,43.0,45.0,46.0,48.0,49.0,51.0,54.0,59.0,inferred
Ealing,2021-06-10,29.0,34.0,37.0,38.0,39.0,41.0,42.0,44.0,46.0,48.0,49.0,52.0,57.0,inferred
Ealing,2021-06-11,27.0,31.0,33.0,34.0,35.0,37.0,39.0,41.0,43.0,44.0,45.0,48.0,53.0,inferred
Ealing,2021-06-12,21.0,25.0,27.0,28.0,29.0,31.0,32.0,34.0,36.0,37.0,38.0,41.0,46.0,inferred
Ealing,2021-06-13,26.0,29.0,32.0,33.0,34.0,36.0,38.0,40.0,42.0,43.0,44.0,47.0,52.0,inferred
Ealing,2021-06-14,33.0,39.0,42.0,44.0,45.0,47.0,50.0,51.0,53.0,55.0,56.0,60.0,66.0,inferred
Ealing,2021-06-15,35.0,39.0,43.0,44.0,45.0,47.0,49.0,51.0,53.0,55.0,56.0,60.0,66.0,inferred
Ealing,2021-06-16,35.0,40.0,43.0,44.0,46.0,48.0,50.0,52.0,54.0,56.0,57.0,61.0,67.0,inferred
Ealing,2021-06-17,32.0,37.0,40.0,41.0,43.0,45.0,47.0,49.0,51.0,52.0,54.0,57.0,63.0,inferred
Ealing,2021-06-18,29.0,33.0,36.0,37.0,38.0,40.0,42.0,44.0,46.0,48.0,49.0,52.0,58.0,inferred
East Ayrshire,2021-03-06,18.0,24.0,28.0,29.0,31.0,33.0,36.0,39.0,42.0,44.0,46.0,52.1,62.0,inferred
East Ayrshire,2021-03-07,18.0,22.0,26.0,27.0,29.0,32.0,34.0,37.0,40.0,42.0,43.0,50.0,59.0,inferred
East Ayrshire,2021-03-08,15.0,20.0,23.0,25.0,26.0,28.0,31.0,33.0,37.0,38.0,40.0,45.0,54.0,inferred
East Ayrshire,2021-03-09,19.0,23.0,27.0,29.0,31.0,33.0,35.0,38.0,41.0,42.0,45.0,49.1,58.0,inferred
East Ayrshire,2021-03-10,29.0,36.0,40.0,42.0,44.0,47.0,50.0,53.0,57.0,59.0,61.0,67.0,75.0,inferred
East Ayrshire,2021-03-11,27.0,34.0,38.0,40.0,42.0,45.0,48.0,51.0,55.0,57.0,59.0,65.0,76.0,inferred
East Ayrshire,2021-03-12,30.0,37.0,42.0,44.0,45.0,49.0,51.0,55.0,58.0,60.0,62.0,68.0,80.0,inferred
East Ayrshire,2021-03-13,28.0,35.0,40.0,42.0,44.0,47.0,50.0,53.0,56.0,59.0,61.0,67.0,76.0,inferred
East Ayrshire,2021-03-14,24.0,30.0,35.0,37.0,39.0,41.6,44.0,48.0,51.0,53.0,55.0,61.0,73.0,inferred
East Ayrshire,2021-03-15,18.0,24.0,28.0,30.0,32.0,35.0,38.0,41.0,44.0,45.0,47.0,53.0,62.0,inferred
East Ayrshire,2021-03-16,21.0,27.0,31.0,33.0,35.0,37.0,41.0,44.0,46.0,49.0,51.0,57.0,68.0,inferred
East Ayrshire,2021-03-17,30.5,38.0,43.0,45.0,47.0,51.0,54.0,57.0,60.0,62.0,65.0,72.0,82.0,inferred
East Ayrshire,2021-03-18,26.0,32.0,37.0,39.0,41.0,44.0,47.0,50.0,54.0,56.0,58.0,65.0,75.0,inferred
East Ayrshire,2021-03-19,26.0,34.0,38.0,39.0,41.0,44.0,47.0,51.0,54.0,56.0,58.0,64.0,74.0,inferred
East Ayrshire,2021-03-20,23.0,29.0,34.0,35.0,37.0,40.0,43.0,46.0,49.0,51.0,53.0,60.0,70.0,inferred
East Ayrshire,2021-03-21,17.0,23.0,26.0,28.0,29.0,32.0,35.0,38.0,41.0,43.0,45.0,50.0,59.0,inferred
East Ayrshire,2021-03-22,13.0,17.0,20.8,22.0,23.0,26.0,28.0,30.0,33.0,34.0,36.0,41.0,50.0,inferred
East Ayrshire,2021-03-23,14.0,19.0,22.0,23.8,25.0,27.0,29.0,32.0,34.0,36.0,38.0,43.0,51.0,inferred
East Ayrshire,2021-03-24,19.0,24.0,29.0,30.0,32.0,35.0,37.0,40.0,44.0,45.0,48.0,52.0,61.0,inferred
East Ayrshire,2021-03-25,17.0,22.0,26.0,27.0,29.0,31.0,34.0,37.0,40.0,41.0,43.0,49.0,57.0,inferred
East Ayrshire,2021-03-26,16.0,21.0,25.0,27.0,28.0,31.0,34.0,36.0,39.0,41.0,43.0,48.0,57.5,inferred
East Ayrshire,2021-03-27,14.0,19.0,23.0,24.0,26.0,29.0,31.0,34.0,37.0,38.0,40.0,45.0,55.0,inferred
East Ayrshire,2021-03-28,12.0,15.0,18.0,20.0,21.0,23.0,25.0,27.0,30.0,32.0,34.0,39.0,49.0,inferred
East Ayrshire,2021-03-29,7.0,11.0,14.0,15.0,16.0,18.0,20.0,22.0,24.0,25.0,27.0,31.0,39.0,inferred
East Ayrshire,2021-03-30,8.0,12.0,15.0,16.0,17.0,19.0,21.0,23.0,25.0,27.0,28.0,33.0,40.0,inferred
East Ayrshire,2021-03-31,12.0,16.0,20.0,21.0,22.0,24.0,27.0,29.0,32.0,34.0,35.0,40.0,49.0,inferred
East Ayrshire,2021-04-01,9.5,14.0,17.0,18.0,19.0,21.0,24.0,26.0,29.0,30.0,31.0,36.0,43.0,inferred
East Ayrshire,2021-04-02,10.0,13.0,17.0,18.0,19.0,21.0,23.0,25.0,28.0,29.0,31.0,35.0,44.0,inferred
East Ayrshire,2021-04-03,8.0,12.0,14.8,16.0,17.0,18.0,20.0,22.0,25.0,26.0,27.0,32.0,40.0,inferred
East Ayrshire,2021-04-04,6.0,8.0,11.0,12.0,13.0,14.0,16.0,18.0,20.0,21.0,23.0,27.0,34.0,inferred
East Ayrshire,2021-04-05,3.0,6.0,8.0,9.0,10.0,11.0,13.0,14.0,16.0,17.0,19.0,22.0,30.0,inferred
East Ayrshire,2021-04-06,4.0,7.0,8.0,9.0,10.0,12.0,14.0,15.0,17.0,18.0,19.0,23.0,29.0,inferred
East Ayrshire,2021-04-07,6.0,10.0,12.0,13.0,14.0,15.0,17.0,19.0,21.3,23.0,24.0,28.0,35.0,inferred
East Ayrshire,2021-04-08,5.0,8.0,10.0,11.0,12.0,14.0,16.0,18.0,20.0,21.0,22.0,26.0,33.0,inferred
East Ayrshire,2021-04-09,5.0,8.0,10.0,11.0,12.0,14.0,16.0,18.0,20.0,21.0,23.0,27.0,34.0,inferred
East Ayrshire,2021-04-10,5.0,8.0,10.0,11.0,12.0,13.0,15.0,16.0,18.0,20.0,21.0,25.0,31.0,inferred
East Ayrshire,2021-04-11,3.0,6.0,7.0,8.0,9.0,11.0,12.0,14.0,16.0,17.0,18.0,22.0,28.0,inferred
East Ayrshire,2021-04-12,2.0,4.0,6.0,7.0,7.0,9.0,10.0,11.0,13.0,14.0,15.0,18.0,23.5,inferred
East Ayrshire,2021-04-13,2.0,5.0,6.0,7.0,8.0,9.0,11.0,12.0,14.0,15.0,16.0,20.0,26.0,inferred
East Ayrshire,2021-04-14,4.0,7.0,9.0,10.0,11.0,13.0,15.0,17.0,19.0,20.0,21.0,26.0,33.0,inferred
East Ayrshire,2021-04-15,5.0,7.0,10.0,11.0,11.0,13.0,15.0,17.0,19.0,19.0,21.0,26.0,33.0,inferred
East Ayrshire,2021-04-16,5.0,8.0,11.0,12.0,13.0,14.0,16.0,18.0,20.0,21.0,23.0,26.1,32.0,inferred
East Ayrshire,2021-04-17,5.0,8.0,10.0,11.0,12.0,14.0,15.0,17.0,19.0,21.0,22.0,26.0,33.0,inferred
East Ayrshire,2021-04-18,4.0,7.0,9.0,10.0,11.0,12.0,14.0,16.0,18.0,19.0,21.0,25.0,30.5,inferred
East Ayrshire,2021-04-19,3.0,5.9,7.0,8.0,9.0,11.0,12.0,14.0,16.0,17.0,18.0,22.0,27.0,inferred
East Ayrshire,2021-04-20,4.0,6.0,9.0,9.0,10.0,12.0,13.0,15.0,17.0,18.0,20.0,23.0,30.0,inferred
East Ayrshire,2021-04-21,6.0,10.0,12.0,13.0,14.0,16.0,18.0,20.0,22.0,24.0,25.0,29.0,37.0,inferred
East Ayrshire,2021-04-22,5.5,8.0,11.0,12.0,13.0,15.0,17.0,19.0,21.0,22.0,24.0,28.0,36.0,inferred
East Ayrshire,2021-04-23,6.0,9.0,12.0,13.0,14.0,16.0,17.0,19.0,21.0,23.0,24.0,28.0,35.0,inferred
East Ayrshire,2021-04-24,5.0,8.0,11.0,12.0,12.0,14.0,16.0,18.0,20.0,21.0,23.0,26.0,33.0,inferred
East Ayrshire,2021-04-25,4.0,6.0,8.0,9.0,10.0,12.0,14.0,15.0,17.0,18.0,20.0,24.0,30.0,inferred
East Ayrshire,2021-04-26,2.0,5.0,6.0,7.0,8.0,9.0,11.0,12.0,14.0,15.0,16.0,19.0,26.0,inferred
East Ayrshire,2021-04-27,3.0,5.0,7.0,8.0,8.0,10.0,12.0,13.0,15.0,16.0,17.0,21.0,27.0,inferred
East Ayrshire,2021-04-28,5.0,8.0,11.0,11.0,12.0,14.0,16.0,17.0,19.3,21.0,22.0,26.0,35.0,inferred
East Ayrshire,2021-04-29,4.0,7.0,9.0,10.0,11.0,13.0,14.0,16.0,18.0,19.0,21.0,25.0,29.0,inferred
East Ayrshire,2021-04-30,4.0,7.0,9.0,10.0,11.0,13.0,15.0,16.0,18.0,20.0,21.0,24.0,29.0,inferred
East Ayrshire,2021-05-01,3.0,6.0,8.0,9.0,10.0,11.0,13.0,15.0,17.0,18.0,19.0,23.0,30.0,inferred
East Ayrshire,2021-05-02,2.0,5.0,7.0,8.0,8.0,10.0,11.0,12.0,14.0,15.0,16.0,20.0,26.0,inferred
East Ayrshire,2021-05-03,2.0,3.0,5.0,6.0,6.0,8.0,9.0,10.0,12.0,13.0,14.0,17.0,22.5,inferred
East Ayrshire,2021-05-04,2.0,4.0,6.0,6.0,7.0,8.0,9.0,11.0,12.0,13.0,14.0,18.0,23.0,inferred
East Ayrshire,2021-05-05,3.0,6.0,8.0,9.0,10.0,12.0,13.0,14.0,16.0,17.0,19.0,22.0,29.0,inferred
East Ayrshire,2021-05-06,3.0,5.0,7.0,8.0,9.0,11.0,12.0,14.0,16.0,17.0,18.0,22.0,28.0,inferred
East Ayrshire,2021-05-07,4.0,6.0,8.0,9.0,10.0,11.0,13.0,14.0,16.0,17.0,19.0,22.0,29.0,inferred
East Ayrshire,2021-05-08,3.0,5.0,8.0,8.8,9.0,11.0,13.0,14.0,16.0,17.0,19.0,22.0,28.0,inferred
East Ayrshire,2021-05-09,2.0,4.0,6.0,7.0,7.0,9.0,10.0,12.0,14.0,15.0,16.0,19.0,26.0,inferred
East Ayrshire,2021-05-10,1.0,3.0,5.0,5.0,6.0,7.0,8.0,9.0,11.0,12.0,13.0,16.0,22.0,inferred
East Ayrshire,2021-05-11,2.0,4.0,5.0,6.0,7.0,8.0,10.0,11.0,13.0,14.0,15.0,18.0,24.0,inferred
East Ayrshire,2021-05-12,4.0,6.0,8.0,9.0,10.0,12.0,13.0,15.0,17.0,18.0,19.0,23.0,28.0,inferred
East Ayrshire,2021-05-13,3.0,6.0,8.0,9.0,9.7,11.0,13.0,14.0,16.0,17.0,18.0,22.0,29.0,inferred
East Ayrshire,2021-05-14,4.0,7.0,9.0,9.0,10.0,12.0,13.0,15.0,17.0,18.0,20.0,24.0,30.0,inferred
East Ayrshire,2021-05-15,3.5,6.0,8.0,9.0,10.0,12.0,13.0,15.0,16.0,18.0,19.0,23.0,29.0,inferred
East Ayrshire,2021-05-16,3.0,5.0,7.0,8.0,8.0,10.0,11.0,13.0,15.0,16.0,17.0,20.0,27.0,inferred
East Ayrshire,2021-05-17,2.0,4.0,5.0,6.0,7.0,8.0,9.0,11.0,12.0,13.0,14.0,18.0,25.0,inferred
East Ayrshire,2021-05-18,3.0,5.0,7.0,8.0,9.0,10.0,11.0,13.0,15.0,16.0,17.0,20.0,27.0,inferred
East Ayrshire,2021-05-19,6.0,9.0,11.0,12.0,13.0,15.0,17.0,19.0,21.0,23.0,24.0,29.0,35.0,inferred
East Ayrshire,2021-05-20,7.0,10.0,12.0,13.0,15.0,16.0,18.0,20.0,22.0,23.0,25.0,29.0,36.5,inferred
East Ayrshire,2021-05-21,8.0,12.0,14.0,15.8,16.0,19.0,20.0,22.0,25.0,26.0,28.0,32.1,38.0,inferred
East Ayrshire,2021-05-22,8.0,12.0,15.0,16.0,17.0,20.0,22.0,23.0,26.0,27.2,29.0,35.0,43.0,inferred
East Ayrshire,2021-05-23,8.0,11.0,14.0,16.0,16.0,18.0,20.0,22.0,25.0,26.0,28.0,32.0,40.0,inferred
East Ayrshire,2021-05-24,6.5,10.0,12.0,13.0,14.0,16.0,18.0,20.0,23.0,24.0,26.0,30.0,37.0,inferred
East Ayrshire,2021-05-25,9.0,12.9,16.0,17.0,18.0,20.0,22.0,25.0,27.0,29.0,31.0,35.0,43.0,inferred
East Ayrshire,2021-05-26,17.0,22.0,26.0,27.0,29.0,31.0,34.0,37.0,40.0,42.0,44.0,49.0,58.0,inferred
East Ayrshire,2021-05-27,19.0,24.0,28.0,29.0,31.0,34.0,36.0,39.0,42.0,44.0,45.0,52.0,62.0,inferred
East Ayrshire,2021-05-28,23.0,29.0,34.0,36.0,37.0,40.0,43.0,46.0,49.0,51.0,54.0,60.1,71.0,inferred
East Ayrshire,2021-05-29,24.0,32.0,36.0,38.0,40.0,43.0,46.0,49.0,52.0,55.0,57.0,63.0,72.0,inferred
East Ayrshire,2021-05-30,23.0,30.0,35.0,36.0,38.0,41.0,44.0,47.0,50.0,52.0,54.0,60.0,71.0,inferred
East Ayrshire,2021-05-31,21.0,27.0,31.0,33.0,34.0,38.0,40.0,43.0,47.0,49.0,51.0,57.0,67.0,inferred
East Ayrshire,2021-06-01,27.0,34.0,38.0,40.0,42.0,45.0,48.0,51.0,55.0,56.0,59.0,65.0,74.0,inferred
East Ayrshire,2021-06-02,40.0,49.0,56.0,59.0,61.0,64.0,68.0,72.0,76.0,79.0,81.0,89.0,103.0,inferred
East Ayrshire,2021-06-03,40.0,49.0,55.0,57.0,59.0,63.0,67.0,70.0,75.0,77.0,79.0,87.0,99.0,inferred
East Ayrshire,2021-06-04,47.0,55.0,61.0,63.0,65.0,70.0,74.0,78.0,82.0,84.0,87.0,96.0,108.5,inferred
East Ayrshire,2021-06-05,45.0,54.0,60.0,62.0,65.0,69.0,72.0,76.0,81.0,83.0,85.0,94.0,105.5,inferred
East Ayrshire,2021-06-06,39.0,47.0,54.0,56.0,58.0,62.0,65.0,69.0,73.0,76.0,79.0,87.0,97.5,inferred
East Ayrshire,2021-06-07,33.0,41.0,46.0,48.0,50.0,54.0,57.0,60.0,64.3,67.0,69.0,75.0,88.0,inferred
East Ayrshire,2021-06-08,38.0,48.0,53.0,56.0,57.0,61.0,64.5,68.0,73.0,75.0,78.0,85.0,96.0,inferred
East Ayrshire,2021-06-09,60.5,70.0,77.0,79.0,82.0,87.0,91.5,96.0,101.0,104.0,108.0,116.0,128.0,inferred
East Ayrshire,2021-06-10,59.0,69.0,77.0,79.0,81.0,86.0,90.0,94.0,99.0,102.0,105.0,113.0,128.0,inferred
East Ayrshire,2021-06-11,67.5,78.0,85.0,88.0,90.0,95.0,100.0,105.0,109.0,112.0,115.0,123.1,138.0,inferred
East Ayrshire,2021-06-12,66.0,76.0,83.0,86.0,88.0,93.0,97.0,102.0,107.0,110.0,113.0,121.0,134.0,inferred
East Ayrshire,2021-06-13,57.0,66.0,74.0,77.0,80.0,84.0,88.0,92.0,97.0,99.0,102.0,111.0,123.5,inferred
East Ayrshire,2021-06-14,49.0,58.0,64.0,67.0,69.0,73.0,76.5,81.0,84.3,87.0,90.0,98.0,112.0,inferred
East Ayrshire,2021-06-15,56.0,65.0,71.0,74.0,76.0,81.0,85.0,89.0,94.3,98.0,102.0,110.0,123.0,inferred
East Ayrshire,2021-06-16,79.0,90.0,99.0,103.0,106.0,110.6,116.0,121.0,126.0,129.0,132.0,142.0,158.5,inferred
East Ayrshire,2021-06-17,73.0,84.0,92.0,95.0,97.7,103.6,109.0,114.0,119.0,122.0,125.0,136.0,151.5,inferred
East Ayrshire,2021-06-18,76.0,88.0,96.0,99.0,102.0,108.0,114.0,119.0,125.0,129.0,133.0,144.1,160.0,inferred
East Cambridgeshire,2021-03-06,0.0,0.0,1.0,1.0,1.0,2.0,2.0,3.0,3.0,3.0,4.0,5.0,7.0,inferred
East Cambridgeshire,2021-03-07,0.0,0.0,1.0,1.0,2.0,2.0,3.0,3.0,4.0,4.0,4.0,6.0,8.0,inferred
East Cambridgeshire,2021-03-08,0.0,1.0,2.0,2.0,2.0,3.0,3.0,4.0,4.0,5.0,5.0,7.0,9.0,inferred
East Cambridgeshire,2021-03-09,0.0,1.0,2.0,2.0,2.0,3.0,3.0,4.0,5.0,5.0,5.0,7.0,8.0,inferred
East Cambridgeshire,2021-03-10,0.0,1.0,2.0,2.0,2.7,3.0,4.0,4.0,5.0,6.0,6.0,7.0,10.0,inferred
East Cambridgeshire,2021-03-11,0.0,1.0,2.0,2.0,2.0,3.0,4.0,4.0,5.0,5.0,6.0,7.0,10.0,inferred
East Cambridgeshire,2021-03-12,0.0,1.0,2.0,2.0,2.0,3.0,3.0,4.0,5.0,5.0,6.0,7.0,9.0,inferred
East Cambridgeshire,2021-03-13,0.0,1.0,1.0,1.0,2.0,2.0,3.0,3.0,4.0,4.0,5.0,6.0,8.0,inferred
East Cambridgeshire,2021-03-14,0.0,1.0,2.0,2.0,2.0,3.0,3.0,4.0,5.0,5.0,5.0,7.0,9.0,inferred
East Cambridgeshire,2021-03-15,0.0,2.0,2.0,3.0,3.0,4.0,4.0,5.0,6.0,6.0,7.0,8.0,11.0,inferred
East Cambridgeshire,2021-03-16,1.0,2.0,2.0,3.0,3.0,4.0,4.0,5.0,6.0,6.0,7.0,8.1,11.0,inferred
East Cambridgeshire,2021-03-17,1.0,2.0,3.0,3.0,3.0,4.0,5.0,5.0,6.0,7.0,7.0,9.0,11.0,inferred
East Cambridgeshire,2021-03-18,0.0,2.0,2.0,3.0,3.0,4.0,4.0,5.0,6.0,7.0,7.0,8.0,11.0,inferred
East Cambridgeshire,2021-03-19,0.0,1.0,2.0,2.0,3.0,3.0,4.0,5.0,5.0,6.0,6.0,8.0,10.0,inferred
East Cambridgeshire,2021-03-20,0.0,1.0,1.0,2.0,2.0,3.0,3.0,4.0,4.0,5.0,5.0,7.0,9.0,inferred
East Cambridgeshire,2021-03-21,0.0,1.0,2.0,2.0,3.0,3.0,4.0,4.0,5.0,6.0,6.0,7.0,10.0,inferred
East Cambridgeshire,2021-03-22,1.0,2.0,3.0,3.0,3.7,4.0,5.0,6.0,6.0,7.0,7.0,9.0,12.0,inferred
East Cambridgeshire,2021-03-23,1.0,2.0,3.0,3.0,3.0,4.0,5.0,5.0,6.0,7.0,7.0,8.0,11.0,inferred
East Cambridgeshire,2021-03-24,1.0,2.0,3.0,3.0,3.0,4.0,5.0,6.0,6.0,7.0,8.0,9.0,12.0,inferred
East Cambridgeshire,2021-03-25,0.0,1.0,2.0,3.0,3.0,4.0,4.0,5.0,6.0,6.0,7.0,8.0,11.0,inferred
East Cambridgeshire,2021-03-26,0.0,1.0,2.0,2.0,3.0,3.0,4.0,4.0,5.0,6.0,6.0,8.0,11.0,inferred
East Cambridgeshire,2021-03-27,0.0,1.0,1.0,2.0,2.0,2.0,3.0,3.0,4.0,5.0,5.0,6.0,9.0,inferred
East Cambridgeshire,2021-03-28,0.0,1.0,2.0,2.0,2.0,3.0,4.0,4.0,5.0,5.0,6.0,7.0,9.0,inferred
East Cambridgeshire,2021-03-29,0.0,1.9,2.0,3.0,3.0,4.0,4.0,5.0,6.0,6.0,7.0,8.0,10.0,inferred
East Cambridgeshire,2021-03-30,0.0,1.0,2.0,2.0,3.0,3.0,4.0,5.0,5.0,6.0,6.0,8.0,11.0,inferred
East Cambridgeshire,2021-03-31,0.0,1.0,2.0,2.0,3.0,3.0,4.0,5.0,6.0,6.0,7.0,8.0,10.5,inferred
East Cambridgeshire,2021-04-01,0.0,1.0,2.0,2.0,3.0,3.0,4.0,4.0,5.0,5.0,6.0,7.0,10.0,inferred
East Cambridgeshire,2021-04-02,0.0,1.0,2.0,2.0,2.0,3.0,3.0,4.0,4.0,5.0,5.0,7.0,9.0,inferred
East Cambridgeshire,2021-04-03,0.0,0.0,1.0,1.0,1.0,2.0,2.0,3.0,3.0,4.0,4.0,5.0,8.0,inferred
East Cambridgeshire,2021-04-04,0.0,1.0,1.0,1.0,2.0,2.0,3.0,3.0,4.0,4.0,5.0,6.0,8.0,inferred
East Cambridgeshire,2021-04-05,0.0,1.0,2.0,2.0,2.0,3.0,3.0,4.0,5.0,5.0,5.0,7.0,9.0,inferred
East Cambridgeshire,2021-04-06,0.0,1.0,1.0,2.0,2.0,2.0,3.0,3.0,4.0,4.0,5.0,6.0,9.0,inferred
East Cambridgeshire,2021-04-07,0.0,1.0,1.0,2.0,2.0,2.0,3.0,4.0,4.0,5.0,5.0,6.0,9.0,inferred
East Cambridgeshire,2021-04-08,0.0,0.9,1.0,1.0,2.0,2.0,3.0,3.0,4.0,4.0,4.0,6.0,8.0,inferred
East Cambridgeshire,2021-04-09,0.0,0.0,1.0,1.0,1.0,2.0,2.0,3.0,3.0,4.0,4.0,5.0,7.0,inferred
East Cambridgeshire,2021-04-10,0.0,0.0,0.0,1.0,1.0,1.0,2.0,2.0,3.0,3.0,3.0,4.0,6.0,inferred
East Cambridgeshire,2021-04-11,0.0,0.0,1.0,1.0,1.0,1.0,2.0,2.0,3.0,3.0,4.0,5.0,7.0,inferred
East Cambridgeshire,2021-04-12,0.0,0.0,1.0,1.0,1.0,2.0,2.0,3.0,3.0,4.0,4.0,5.0,7.0,inferred
East Cambridgeshire,2021-04-13,0.0,0.0,1.0,1.0,1.0,1.0,2.0,2.0,3.0,3.0,4.0,5.0,7.0,inferred
East Cambridgeshire,2021-04-14,0.0,0.0,1.0,1.0,1.0,2.0,2.0,3.0,3.0,4.0,4.0,5.0,7.0,inferred
East Cambridgeshire,2021-04-15,0.0,0.0,1.0,1.0,1.0,1.0,2.0,2.0,3.0,3.0,4.0,5.0,7.0,inferred
East Cambridgeshire,2021-04-16,0.0,0.0,0.0,1.0,1.0,1.0,2.0,2.0,3.0,3.0,3.0,4.0,7.0,inferred
East Cambridgeshire,2021-04-17,0.0,0.0,0.0,0.0,1.0,1.0,1.0,2.0,2.0,2.0,3.0,4.0,5.0,inferred
East Cambridgeshire,2021-04-18,0.0,0.0,0.0,1.0,1.0,1.0,1.0,2.0,2.0,3.0,3.0,4.0,6.0,inferred
East Cambridgeshire,2021-04-19,0.0,0.0,1.0,1.0,1.0,2.0,2.0,2.0,3.0,3.0,4.0,5.0,7.0,inferred
East Cambridgeshire,2021-04-20,0.0,0.0,1.0,1.0,1.0,2.0,2.0,2.0,3.0,3.0,4.0,5.0,7.0,inferred
East Cambridgeshire,2021-04-21,0.0,0.0,1.0,1.0,1.0,2.0,2.0,2.0,3.0,3.0,4.0,5.0,7.5,inferred
East Cambridgeshire,2021-04-22,0.0,0.0,1.0,1.0,1.0,1.0,2.0,2.0,3.0,3.0,4.0,5.0,7.0,inferred
East Cambridgeshire,2021-04-23,0.0,0.0,0.0,1.0,1.0,1.0,2.0,2.0,3.0,3.0,3.0,4.0,7.0,inferred
East Cambridgeshire,2021-04-24,0.0,0.0,0.0,0.0,1.0,1.0,1.0,2.0,2.0,2.0,3.0,4.0,5.0,inferred
East Cambridgeshire,2021-04-25,0.0,0.0,0.0,0.0,1.0,1.0,1.0,2.0,2.0,3.0,3.0,4.0,6.0,inferred
East Cambridgeshire,2021-04-26,0.0,0.0,1.0,1.0,1.0,1.0,2.0,2.0,3.0,3.0,4.0,5.0,7.0,inferred
East Cambridgeshire,2021-04-27,0.0,0.0,1.0,1.0,1.0,1.0,2.0,2.0,3.0,3.0,3.0,4.0,6.0,inferred
East Cambridgeshire,2021-04-28,0.0,0.0,1.0,1.0,1.0,1.0,2.0,2.0,3.0,3.0,3.0,4.0,6.0,inferred
East Cambridgeshire,2021-04-29,0.0,0.0,0.0,1.0,1.0,1.0,1.0,2.0,2.0,3.0,3.0,4.0,6.0,inferred
East Cambridgeshire,2021-04-30,0.0,0.0,0.0,1.0,1.0,1.0,1.0,2.0,2.0,2.2,3.0,4.0,6.0,inferred
East Cambridgeshire,2021-05-01,0.0,0.0,0.0,0.0,0.0,1.0,1.0,1.0,2.0,2.0,2.0,3.0,5.0,inferred
East Cambridgeshire,2021-05-02,0.0,0.0,0.0,0.0,0.0,1.0,1.0,1.0,2.0,2.0,2.0,3.0,5.0,inferred
East Cambridgeshire,2021-05-03,0.0,0.0,0.0,0.0,1.0,1.0,1.0,2.0,2.0,2.0,3.0,4.0,6.0,inferred
East Cambridgeshire,2021-05-04,0.0,0.0,0.0,0.0,1.0,1.0,1.0,2.0,2.0,2.0,3.0,4.0,6.0,inferred
East Cambridgeshire,2021-05-05,0.0,0.0,0.0,0.0,1.0,1.0,1.0,2.0,2.0,3.0,3.0,4.0,5.0,inferred
East Cambridgeshire,2021-05-06,0.0,0.0,0.0,0.0,0.0,1.0,1.0,1.0,2.0,2.0,2.0,3.0,5.0,inferred
East Cambridgeshire,2021-05-07,0.0,0.0,0.0,0.0,0.0,1.0,1.0,1.0,2.0,2.0,2.0,3.0,5.0,inferred
East Cambridgeshire,2021-05-08,0.0,0.0,0.0,0.0,0.0,0.0,1.0,1.0,1.0,1.0,2.0,3.0,4.0,inferred
East Cambridgeshire,2021-05-09,0.0,0.0,0.0,0.0,0.0,1.0,1.0,1.0,1.0,2.0,2.0,3.0,5.0,inferred
East Cambridgeshire,2021-05-10,0.0,0.0,0.0,0.0,0.0,1.0,1.0,1.0,2.0,2.0,2.0,3.0,5.5,inferred
East Cambridgeshire,2021-05-11,0.0,0.0,0.0,0.0,0.0,1.0,1.0,1.0,2.0,2.0,2.0,3.0,5.0,inferred
East Cambridgeshire,2021-05-12,0.0,0.0,0.0,0.0,0.0,1.0,1.0,1.0,2.0,2.0,2.0,3.0,4.0,inferred
East Cambridgeshire,2021-05-13,0.0,0.0,0.0,0.0,0.0,0.0,1.0,1.0,1.0,2.0,2.0,3.0,4.0,inferred
East Cambridgeshire,2021-05-14,0.0,0.0,0.0,0.0,0.0,0.0,1.0,1.0,1.0,1.0,2.0,2.0,4.0,inferred
East Cambridgeshire,2021-05-15,0.0,0.0,0.0,0.0,0.0,0.0,0.0,1.0,1.0,1.0,1.0,2.0,3.0,inferred
East Cambridgeshire,2021-05-16,0.0,0.0,0.0,0.0,0.0,0.0,0.0,1.0,1.0,1.0,1.0,2.0,3.5,inferred
East Cambridgeshire,2021-05-17,0.0,0.0,0.0,0.0,0.0,0.0,0.5,1.0,1.0,1.0,2.0,3.0,4.0,inferred
East Cambridgeshire,2021-05-18,0.0,0.0,0.0,0.0,0.0,0.0,1.0,1.0,1.0,1.0,2.0,2.0,4.0,inferred
East Cambridgeshire,2021-05-19,0.0,0.0,0.0,0.0,0.0,0.0,1.0,1.0,1.0,1.0,2.0,2.0,4.0,inferred
East Cambridgeshire,2021-05-20,0.0,0.0,0.0,0.0,0.0,0.0,1.0,1.0,1.0,1.0,2.0,2.0,4.0,inferred
East Cambridgeshire,2021-05-21,0.0,0.0,0.0,0.0,0.0,0.0,0.0,1.0,1.0,1.0,1.0,2.0,4.0,inferred
East Cambridgeshire,2021-05-22,0.0,0.0,0.0,0.0,0.0,0.0,0.0,1.0,1.0,1.0,1.0,2.0,3.0,inferred
East Cambridgeshire,2021-05-23,0.0,0.0,0.0,0.0,0.0,0.0,0.0,1.0,1.0,1.0,1.0,2.0,3.0,inferred
East Cambridgeshire,2021-05-24,0.0,0.0,0.0,0.0,0.0,0.0,1.0,1.0,1.0,1.0,2.0,2.0,4.0,inferred
East Cambridgeshire,2021-05-25,0.0,0.0,0.0,0.0,0.0,0.0,0.0,1.0,1.0,1.0,2.0,2.0,4.0,inferred
East Cambridgeshire,2021-05-26,0.0,0.0,0.0,0.0,0.0,0.0,1.0,1.0,1.0,1.2,2.0,2.0,4.0,inferred
East Cambridgeshire,2021-05-27,0.0,0.0,0.0,0.0,0.0,0.0,1.0,1.0,1.0,1.0,2.0,3.0,4.0,inferred
East Cambridgeshire,2021-05-28,0.0,0.0,0.0,0.0,0.0,0.0,1.0,1.0,1.0,1.0,2.0,2.0,4.0,inferred
East Cambridgeshire,2021-05-29,0.0,0.0,0.0,0.0,0.0,0.0,0.0,1.0,1.0,1.0,1.0,2.0,4.0,inferred
East Cambridgeshire,2021-05-30,0.0,0.0,0.0,0.0,0.0,0.0,1.0,1.0,1.0,1.0,2.0,2.0,4.0,inferred
East Cambridgeshire,2021-05-31,0.0,0.0,0.0,0.0,0.0,1.0,1.0,1.0,2.0,2.0,2.0,3.0,5.0,inferred
East Cambridgeshire,2021-06-01,0.0,0.0,0.0,0.0,0.0,1.0,1.0,1.0,2.0,2.0,2.0,3.0,5.0,inferred
East Cambridgeshire,2021-06-02,0.0,0.0,0.0,0.0,1.0,1.0,1.0,2.0,2.0,2.0,3.0,4.0,6.0,inferred
East Cambridgeshire,2021-06-03,0.0,0.0,0.0,0.0,1.0,1.0,1.0,2.0,2.0,2.0,3.0,4.0,5.0,inferred
East Cambridgeshire,2021-06-04,0.0,0.0,0.0,0.0,1.0,1.0,1.0,2.0,2.0,2.0,3.0,4.0,5.0,inferred
East Cambridgeshire,2021-06-05,0.0,0.0,0.0,0.0,0.0,1.0,1.0,1.0,2.0,2.0,2.0,3.0,5.0,inferred
East Cambridgeshire,2021-06-06,0.0,0.0,0.0,0.0,1.0,1.0,1.0,2.0,2.0,2.0,3.0,4.0,6.0,inferred
East Cambridgeshire,2021-06-07,0.0,0.0,1.0,1.0,1.0,1.0,2.0,2.0,3.0,3.0,3.0,5.0,7.0,inferred
East Cambridgeshire,2021-06-08,0.0,0.0,1.0,1.0,1.0,1.0,2.0,2.0,3.0,3.0,4.0,5.0,6.0,inferred
East Cambridgeshire,2021-06-09,0.0,0.0,1.0,1.0,1.0,2.0,2.0,3.0,3.0,4.0,4.0,5.0,7.0,inferred
East Cambridgeshire,2021-06-10,0.0,0.0,1.0,1.0,1.0,2.0,2.0,3.0,3.0,4.0,4.0,5.0,8.0,inferred
East Cambridgeshire,2021-06-11,0.0,0.0,1.0,1.0,1.0,2.0,2.0,3.0,3.0,3.0,4.0,5.0,8.0,inferred
East Cambridgeshire,2021-06-12,0.0,0.0,1.0,1.0,1.0,1.0,2.0,2.0,3.0,3.0,4.0,5.0,7.0,inferred
East Cambridgeshire,2021-06-13,0.0,0.0,1.0,1.0,1.0,2.0,2.0,3.0,4.0,4.0,4.0,5.0,8.0,inferred
East Cambridgeshire,2021-06-14,0.0,1.0,2.0,2.0,2.0,3.0,3.0,4.0,4.0,5.0,5.0,6.0,9.0,inferred
East Cambridgeshire,2021-06-15,0.0,1.0,2.0,2.0,2.0,3.0,3.0,4.0,5.0,5.0,5.2,7.0,9.0,inferred
East Cambridgeshire,2021-06-16,0.0,1.0,2.0,2.0,3.0,3.0,4.0,5.0,5.0,6.0,6.0,8.0,11.0,inferred
East Cambridgeshire,2021-06-17,0.0,1.0,2.0,2.0,3.0,3.0,4.0,4.0,5.0,6.0,6.0,8.0,10.0,inferred
East Cambridgeshire,2021-06-18,0.0,1.0,2.0,2.0,3.0,3.0,4.0,4.0,5.0,6.0,6.0,8.0,10.0,inferred
East Devon,2021-03-06,3.0,4.0,5.0,6.0,6.0,7.0,8.0,9.0,10.0,10.0,11.0,12.0,15.0,inferred
East Devon,2021-03-07,4.0,6.0,7.0,8.0,8.0,9.0,10.0,11.0,12.0,13.0,13.0,15.1,20.0,inferred
East Devon,2021-03-08,5.0,7.0,9.0,10.0,10.0,11.0,12.0,13.0,14.0,15.0,16.0,18.0,21.0,inferred
East Devon,2021-03-09,3.0,5.0,7.0,7.0,8.0,8.0,9.0,10.0,11.0,12.0,13.0,14.0,17.0,inferred
East Devon,2021-03-10,4.0,6.0,7.0,8.0,8.0,9.0,10.0,11.0,12.0,13.0,13.0,15.0,18.0,inferred
East Devon,2021-03-11,3.0,5.0,6.0,7.0,7.0,8.0,9.0,10.0,11.0,11.0,12.0,13.0,16.0,inferred
East Devon,2021-03-12,2.0,4.0,5.0,5.0,6.0,6.0,7.0,8.0,9.0,9.0,10.0,11.0,14.0,inferred
East Devon,2021-03-13,1.0,2.0,3.0,4.0,4.0,4.0,5.0,6.0,7.0,7.0,7.0,9.0,11.0,inferred
East Devon,2021-03-14,2.0,3.0,4.0,5.0,5.0,6.0,7.0,7.0,8.0,9.0,9.0,11.0,13.0,inferred
East Devon,2021-03-15,3.0,4.0,6.0,6.0,6.0,7.0,8.0,9.0,10.0,10.0,11.0,12.0,16.0,inferred
East Devon,2021-03-16,2.0,3.0,4.0,5.0,5.0,6.0,6.0,7.0,8.0,8.0,9.0,11.0,13.0,inferred
East Devon,2021-03-17,2.0,4.0,5.0,5.0,6.0,7.0,7.0,8.0,9.0,9.0,10.0,11.0,14.0,inferred
East Devon,2021-03-18,2.0,3.0,4.0,5.0,5.0,6.0,6.0,7.0,8.0,8.0,9.0,11.0,13.0,inferred
East Devon,2021-03-19,1.0,2.0,3.0,4.0,4.0,5.0,5.0,6.0,7.0,7.0,8.0,9.0,11.0,inferred
East Devon,2021-03-20,0.0,1.0,2.0,2.0,3.0,3.0,4.0,4.0,5.0,5.0,6.0,7.0,9.0,inferred
East Devon,2021-03-21,1.0,2.0,3.0,3.0,4.0,4.0,5.0,6.0,6.0,7.0,7.0,8.0,10.5,inferred
East Devon,2021-03-22,1.0,3.0,4.0,4.0,5.0,5.0,6.0,7.0,7.0,8.0,8.0,10.0,12.0,inferred
East Devon,2021-03-23,1.0,2.0,3.0,3.0,3.0,4.0,5.0,5.0,6.0,6.0,7.0,8.0,10.0,inferred
East Devon,2021-03-24,1.0,2.0,3.0,4.0,4.0,5.0,5.0,6.0,7.0,7.0,8.0,9.0,11.0,inferred
East Devon,2021-03-25,1.0,2.0,3.0,3.0,3.0,4.0,4.0,5.0,6.0,6.0,6.0,8.0,10.0,inferred
East Devon,2021-03-26,0.0,1.0,2.0,2.0,2.0,3.0,3.0,4.0,4.3,5.0,5.0,7.0,8.0,inferred
East Devon,2021-03-27,0.0,0.0,1.0,1.0,1.0,2.0,2.0,3.0,3.0,4.0,4.0,5.0,7.0,inferred
East Devon,2021-03-28,0.0,1.0,1.0,2.0,2.0,2.0,3.0,3.0,4.0,4.0,5.0,6.0,7.0,inferred
East Devon,2021-03-29,0.0,1.0,2.0,2.0,2.0,3.0,3.0,4.0,4.0,5.0,5.0,6.0,8.0,inferred
East Devon,2021-03-30,0.0,0.0,1.0,1.0,2.0,2.0,2.0,3.0,3.0,4.0,4.0,5.0,7.0,inferred
East Devon,2021-03-31,0.0,1.0,1.0,1.0,2.0,2.0,3.0,3.0,4.0,4.0,4.0,5.0,7.0,inferred
East Devon,2021-04-01,0.0,0.0,1.0,1.0,1.0,2.0,2.0,3.0,3.0,3.0,4.0,5.0,7.0,inferred
East Devon,2021-04-02,0.0,0.0,1.0,1.0,1.0,1.0,2.0,2.0,2.0,3.0,3.0,4.0,5.0,inferred
East Devon,2021-04-03,0.0,0.0,0.0,0.0,0.0,1.0,1.0,1.0,2.0,2.0,2.0,3.0,5.0,inferred
East Devon,2021-04-04,0.0,0.0,0.0,1.0,1.0,1.0,1.0,2.0,2.0,2.0,3.0,4.0,5.0,inferred
East Devon,2021-04-05,0.0,0.0,1.0,1.0,1.0,1.0,2.0,2.0,3.0,3.0,3.0,4.0,6.0,inferred
East Devon,2021-04-06,0.0,0.0,0.0,0.8,1.0,1.0,1.0,2.0,2.0,2.0,3.0,3.0,5.0,inferred
East Devon,2021-04-07,0.0,0.0,0.0,1.0,1.0,1.0,2.0,2.0,2.0,3.0,3.0,4.0,5.0,inferred
East Devon,2021-04-08,0.0,0.0,0.0,0.0,1.0,1.0,1.0,2.0,2.0,2.0,3.0,4.0,5.0,inferred
East Devon,2021-04-09,0.0,0.0,0.0,0.0,0.0,1.0,1.0,1.0,2.0,2.0,2.0,3.0,4.0,inferred
East Devon,2021-04-10,0.0,0.0,0.0,0.0,0.0,0.0,1.0,1.0,1.0,2.0,2.0,3.0,4.0,inferred
East Devon,2021-04-11,0.0,0.0,0.0,0.0,0.0,1.0,1.0,1.0,2.0,2.0,2.0,3.0,4.0,inferred
East Devon,2021-04-12,0.0,0.0,0.0,1.0,1.0,1.0,1.0,2.0,2.0,2.0,3.0,3.0,5.0,inferred
East Devon,2021-04-13,0.0,0.0,0.0,0.0,0.0,1.0,1.0,1.0,2.0,2.0,2.0,3.0,4.5,inferred
East Devon,2021-04-14,0.0,0.0,0.0,0.0,1.0,1.0,1.0,2.0,2.0,2.0,2.0,3.0,5.0,inferred
East Devon,2021-04-15,0.0,0.0,0.0,0.0,1.0,1.0,1.0,2.0,2.0,2.0,3.0,3.0,5.0,inferred
East Devon,2021-04-16,0.0,0.0,0.0,0.0,0.0,1.0,1.0,1.0,2.0,2.0,2.0,3.0,5.0,inferred
East Devon,2021-04-17,0.0,0.0,0.0,0.0,0.0,0.0,1.0,1.0,1.0,2.0,2.0,3.0,4.0,inferred
East Devon,2021-04-18,0.0,0.0,0.0,0.0,1.0,1.0,1.0,1.0,2.0,2.0,2.0,3.0,5.0,inferred
East Devon,2021-04-19,0.0,0.0,0.0,1.0,1.0,1.0,2.0,2.0,2.0,3.0,3.0,4.0,6.0,inferred
East Devon,2021-04-20,0.0,0.0,0.0,1.0,1.0,1.0,1.0,2.0,2.0,2.0,3.0,3.0,5.0,inferred
East Devon,2021-04-21,0.0,0.0,1.0,1.0,1.0,1.0,2.0,2.0,2.0,3.0,3.0,4.0,5.0,inferred
East Devon,2021-04-22,0.0,0.0,0.0,1.0,1.0,1.0,1.0,2.0,2.0,3.0,3.0,4.0,5.0,inferred
East Devon,2021-04-23,0.0,0.0,0.0,1.0,1.0,1.0,1.0,2.0,2.0,2.0,3.0,3.0,5.0,inferred
East Devon,2021-04-24,0.0,0.0,0.0,0.0,0.0,1.0,1.0,1.0,2.0,2.0,2.0,3.0,4.0,inferred
East Devon,2021-04-25,0.0,0.0,0.0,1.0,1.0,1.0,1.0,2.0,2.0,3.0,3.0,4.0,5.0,inferred
East Devon,2021-04-26,0.0,0.0,1.0,1.0,1.0,1.0,2.0,2.0,3.0,3.0,3.0,4.0,6.0,inferred
East Devon,2021-04-27,0.0,0.0,0.0,1.0,1.0,1.0,1.0,2.0,2.0,3.0,3.0,4.0,5.0,inferred
East Devon,2021-04-28,0.0,0.0,1.0,1.0,1.0,1.0,2.0,2.0,3.0,3.0,3.0,4.0,6.0,inferred
East Devon,2021-04-29,0.0,0.0,1.0,1.0,1.0,1.0,2.0,2.0,2.0,3.0,3.0,4.0,5.0,inferred
East Devon,2021-04-30,0.0,0.0,0.0,0.0,1.0,1.0,1.0,2.0,2.0,2.0,3.0,3.0,5.0,inferred
East Devon,2021-05-01,0.0,0.0,0.0,0.0,0.0,1.0,1.0,1.0,2.0,2.0,2.0,3.0,4.0,inferred
East Devon,2021-05-02,0.0,0.0,0.0,0.0,1.0,1.0,1.0,1.0,2.0,2.0,2.0,3.0,5.0,inferred
East Devon,2021-05-03,0.0,0.0,0.0,1.0,1.0,1.0,2.0,2.0,2.0,3.0,3.0,4.0,5.0,inferred
East Devon,2021-05-04,0.0,0.0,0.0,0.0,1.0,1.0,1.0,2.0,2.0,2.0,3.0,3.0,5.0,inferred
East Devon,2021-05-05,0.0,0.0,0.0,1.0,1.0,1.0,2.0,2.0,2.0,3.0,3.0,4.0,6.0,inferred
East Devon,2021-05-06,0.0,0.0,0.0,1.0,1.0,1.0,1.0,2.0,2.0,2.0,3.0,3.0,5.0,inferred
East Devon,2021-05-07,0.0,0.0,0.0,0.0,1.0,1.0,1.0,1.0,2.0,2.0,2.0,3.0,5.0,inferred
East Devon,2021-05-08,0.0,0.0,0.0,0.0,0.0,0.0,1.0,1.0,1.0,2.0,2.0,3.0,4.0,inferred
East Devon,2021-05-09,0.0,0.0,0.0,0.0,0.0,1.0,1.0,1.0,2.0,2.0,2.0,3.0,4.0,inferred
East Devon,2021-05-10,0.0,0.0,0.0,1.0,1.0,1.0,1.0,2.0,2.0,2.0,3.0,4.0,5.0,inferred
East Devon,2021-05-11,0.0,0.0,0.0,0.0,0.0,1.0,1.0,1.0,2.0,2.0,2.0,3.0,4.0,inferred
East Devon,2021-05-12,0.0,0.0,0.0,0.0,1.0,1.0,1.0,2.0,2.0,2.0,2.0,3.0,5.0,inferred
East Devon,2021-05-13,0.0,0.0,0.0,0.0,0.0,1.0,1.0,1.0,2.0,2.0,2.0,3.0,4.5,inferred
East Devon,2021-05-14,0.0,0.0,0.0,0.0,0.0,1.0,1.0,1.0,1.0,2.0,2.0,3.0,4.0,inferred
East Devon,2021-05-15,0.0,0.0,0.0,0.0,0.0,0.0,0.0,1.0,1.0,1.0,1.0,2.0,3.0,inferred
East Devon,2021-05-16,0.0,0.0,0.0,0.0,0.0,0.0,1.0,1.0,1.0,2.0,2.0,3.0,4.0,inferred
East Devon,2021-05-17,0.0,0.0,0.0,0.0,0.0,1.0,1.0,1.0,2.0,2.0,2.0,3.0,5.0,inferred
East Devon,2021-05-18,0.0,0.0,0.0,0.0,0.0,1.0,1.0,1.0,1.0,2.0,2.0,3.0,4.0,inferred
East Devon,2021-05-19,0.0,0.0,0.0,0.0,0.0,1.0,1.0,1.0,2.0,2.0,2.0,3.0,4.0,inferred
East Devon,2021-05-20,0.0,0.0,0.0,0.0,0.0,1.0,1.0,1.0,2.0,2.0,2.0,3.0,4.0,inferred
East Devon,2021-05-21,0.0,0.0,0.0,0.0,0.0,0.0,1.0,1.0,1.0,1.0,2.0,2.0,3.0,inferred
East Devon,2021-05-22,0.0,0.0,0.0,0.0,0.0,0.0,0.0,1.0,1.0,1.0,1.0,2.0,3.0,inferred
East Devon,2021-05-23,0.0,0.0,0.0,0.0,0.0,0.0,1.0,1.0,1.0,2.0,2.0,2.0,3.0,inferred
East Devon,2021-05-24,0.0,0.0,0.0,0.0,0.0,1.0,1.0,1.0,2.0,2.0,2.0,3.0,4.0,inferred
East Devon,2021-05-25,0.0,0.0,0.0,0.0,0.0,0.0,1.0,1.0,1.0,2.0,2.0,3.0,4.0,inferred
East Devon,2021-05-26,0.0,0.0,0.0,0.0,0.0,1.0,1.0,1.0,2.0,2.0,2.0,3.0,4.0,inferred
East Devon,2021-05-27,0.0,0.0,0.0,0.0,0.0,1.0,1.0,1.0,2.0,2.0,2.0,3.0,4.0,inferred
East Devon,2021-05-28,0.0,0.0,0.0,0.0,0.0,0.0,1.0,1.0,1.0,1.0,2.0,2.0,3.0,inferred
East Devon,2021-05-29,0.0,0.0,0.0,0.0,0.0,0.0,0.0,1.0,1.0,1.0,1.0,2.0,3.0,inferred
East Devon,2021-05-30,0.0,0.0,0.0,0.0,0.0,1.0,1.0,1.0,1.0,2.0,2.0,2.0,4.0,inferred
East Devon,2021-05-31,0.0,0.0,0.0,0.0,0.0,1.0,1.0,1.0,2.0,2.0,2.0,3.0,4.0,inferred
East Devon,2021-06-01,0.0,0.0,0.0,0.0,0.0,1.0,1.0,1.0,2.0,2.0,2.0,3.0,5.0,inferred
East Devon,2021-06-02,0.0,0.0,0.0,1.0,1.0,1.0,1.0,2.0,2.0,2.0,3.0,3.0,5.0,inferred
East Devon,2021-06-03,0.0,0.0,0.0,1.0,1.0,1.0,1.0,2.0,2.0,2.0,3.0,4.0,5.0,inferred
East Devon,2021-06-04,0.0,0.0,0.0,0.0,1.0,1.0,1.0,2.0,2.0,2.0,2.0,3.0,5.0,inferred
East Devon,2021-06-05,0.0,0.0,0.0,0.0,0.0,1.0,1.0,1.0,2.0,2.0,2.0,3.0,4.0,inferred
East Devon,2021-06-06,0.0,0.0,1.0,1.0,1.0,1.0,2.0,2.0,2.0,3.0,3.0,4.0,5.0,inferred
East Devon,2021-06-07,0.0,0.0,1.0,1.0,1.0,2.0,2.0,3.0,3.0,3.0,4.0,5.0,6.0,inferred
East Devon,2021-06-08,0.0,0.0,1.0,1.0,1.0,2.0,2.0,2.0,3.0,3.0,4.0,5.0,6.0,inferred
East Devon,2021-06-09,0.0,1.0,1.0,2.0,2.0,2.0,3.0,3.0,4.0,4.0,5.0,6.0,8.0,inferred
East Devon,2021-06-10,0.0,1.0,2.0,2.0,2.0,3.0,3.0,4.0,4.0,5.0,5.0,6.0,8.0,inferred
East Devon,2021-06-11,0.0,1.0,1.0,2.0,2.0,3.0,3.0,4.0,4.0,5.0,5.0,6.0,8.0,inferred
East Devon,2021-06-12,0.0,1.0,1.0,1.0,2.0,2.0,3.0,3.0,4.0,4.0,4.0,6.0,7.0,inferred
East Devon,2021-06-13,1.0,2.0,2.0,3.0,3.0,4.0,4.0,5.0,6.0,6.0,6.0,8.0,10.0,inferred
East Devon,2021-06-14,2.0,3.0,4.0,4.0,5.0,5.0,6.0,7.0,8.0,8.0,9.0,10.0,13.0,inferred
East Devon,2021-06-15,1.0,3.0,4.0,4.0,4.0,5.0,6.0,6.0,7.0,8.0,8.0,10.0,12.0,inferred
East Devon,2021-06-16,2.0,4.0,5.0,6.0,6.0,7.0,8.0,9.0,10.0,10.0,11.0,12.0,15.0,inferred
East Devon,2021-06-17,3.0,4.0,6.0,6.0,6.7,7.0,8.0,9.0,10.0,10.0,11.0,13.0,16.0,inferred
East Devon,2021-06-18,2.0,4.0,5.0,5.0,6.0,7.0,7.0,8.0,9.0,10.0,11.0,12.0,15.0,inferred
East Dunbartonshire,2021-03-06,113.0,127.0,140.0,145.0,149.0,157.6,164.0,171.0,179.0,184.0,189.0,203.0,223.0,inferred
East Dunbartonshire,2021-03-07,101.0,115.0,126.0,131.0,135.0,142.0,149.0,156.0,164.0,168.0,173.0,186.0,213.0,inferred
East Dunbartonshire,2021-03-08,83.0,98.0,108.0,112.0,115.0,122.0,129.0,136.0,143.0,147.0,151.0,163.0,187.0,inferred
East Dunbartonshire,2021-03-09,95.0,113.0,124.0,128.0,132.0,139.0,145.0,152.0,159.0,164.0,169.0,183.0,205.0,inferred
East Dunbartonshire,2021-03-10,141.5,160.0,172.0,176.0,180.0,188.0,196.0,204.0,213.0,218.0,224.0,240.0,266.0,inferred
East Dunbartonshire,2021-03-11,130.0,150.0,162.0,167.0,171.0,179.0,187.0,195.0,204.0,208.0,213.0,228.0,255.0,inferred
East Dunbartonshire,2021-03-12,136.5,160.0,172.0,177.0,181.0,190.0,199.0,207.0,217.0,222.0,228.0,245.0,269.0,inferred
East Dunbartonshire,2021-03-13,132.5,149.9,163.0,168.0,172.0,181.0,189.0,197.0,204.0,209.0,215.0,233.0,256.0,inferred
East Dunbartonshire,2021-03-14,112.5,128.0,140.0,144.0,147.0,155.0,162.0,170.0,179.0,183.0,189.0,204.1,224.0,inferred
East Dunbartonshire,2021-03-15,86.0,105.0,115.0,119.0,122.0,130.0,136.0,144.0,152.0,155.0,160.0,173.0,197.0,inferred
East Dunbartonshire,2021-03-16,101.0,115.0,125.8,130.0,133.0,140.0,147.0,154.0,162.0,167.0,173.0,184.0,207.0,inferred
East Dunbartonshire,2021-03-17,137.0,156.0,169.0,174.0,178.0,186.0,196.0,205.0,216.0,221.0,226.0,241.0,265.5,inferred
East Dunbartonshire,2021-03-18,127.0,145.0,156.0,161.0,166.0,174.0,183.0,190.0,199.0,204.0,209.0,223.0,249.0,inferred
East Dunbartonshire,2021-03-19,132.0,149.9,163.0,168.0,172.0,180.0,187.0,195.0,204.3,210.0,215.0,230.1,257.0,inferred
East Dunbartonshire,2021-03-20,118.0,136.0,149.0,154.0,159.0,168.0,174.0,182.0,190.0,195.0,201.0,217.0,236.0,inferred
East Dunbartonshire,2021-03-21,99.0,114.0,126.0,130.0,133.7,141.0,148.0,155.0,163.0,166.0,171.0,184.0,206.5,inferred
East Dunbartonshire,2021-03-22,79.0,93.0,102.0,106.0,110.0,116.0,121.0,127.0,134.0,139.0,143.0,156.0,178.0,inferred
East Dunbartonshire,2021-03-23,84.0,97.0,107.0,112.0,116.0,123.0,129.0,136.0,144.0,149.0,154.0,167.0,188.0,inferred
East Dunbartonshire,2021-03-24,117.0,133.0,145.0,150.0,155.0,163.0,171.0,178.0,186.0,191.0,197.0,212.0,237.6,inferred
East Dunbartonshire,2021-03-25,106.0,120.9,132.0,136.0,140.0,148.0,155.0,162.0,170.3,175.0,181.0,196.0,215.0,inferred
East Dunbartonshire,2021-03-26,107.0,125.0,137.0,141.0,145.0,152.0,159.0,166.0,174.0,179.0,185.0,198.0,222.5,inferred
East Dunbartonshire,2021-03-27,94.5,111.0,122.0,127.0,131.0,139.0,146.0,153.0,161.0,166.0,171.0,184.0,211.0,inferred
East Dunbartonshire,2021-03-28,76.0,91.0,100.0,104.0,107.0,115.0,121.0,128.0,135.0,138.0,142.0,156.0,178.0,inferred
East Dunbartonshire,2021-03-29,57.0,72.0,81.0,84.0,87.0,93.0,99.0,106.0,111.0,115.0,119.0,130.0,147.0,inferred
East Dunbartonshire,2021-03-30,63.0,77.0,85.0,89.0,92.0,98.0,103.5,109.0,116.0,119.0,124.0,134.0,153.5,inferred
East Dunbartonshire,2021-03-31,88.0,103.9,114.0,118.0,121.0,129.0,135.0,142.0,149.0,153.0,158.0,171.0,192.0,inferred
East Dunbartonshire,2021-04-01,76.0,90.0,102.0,105.0,109.0,115.0,122.0,129.0,135.0,140.0,144.0,157.0,181.5,inferred
East Dunbartonshire,2021-04-02,77.0,94.9,104.0,108.0,112.0,119.0,125.0,131.0,138.0,143.0,148.0,160.0,182.5,inferred
East Dunbartonshire,2021-04-03,71.0,85.0,94.0,97.0,101.0,106.0,112.0,118.0,126.0,129.0,134.0,147.0,167.0,inferred
East Dunbartonshire,2021-04-04,56.0,69.0,78.0,81.0,84.0,89.0,95.0,101.0,107.0,111.0,114.0,126.0,142.5,inferred
East Dunbartonshire,2021-04-05,40.0,52.0,60.0,63.0,65.0,71.0,76.0,81.0,86.3,90.0,94.0,105.0,123.0,inferred
East Dunbartonshire,2021-04-06,45.5,55.0,63.0,66.0,68.0,74.0,80.0,86.0,92.0,96.0,99.0,110.0,131.0,inferred
East Dunbartonshire,2021-04-07,61.0,75.0,86.0,89.0,93.0,98.0,105.0,111.0,117.0,121.0,126.0,140.0,157.5,inferred
East Dunbartonshire,2021-04-08,60.0,71.0,79.0,83.0,86.0,91.0,97.0,103.0,110.0,114.0,117.0,130.0,148.0,inferred
East Dunbartonshire,2021-04-09,62.0,75.0,83.0,86.0,89.0,94.0,100.0,106.0,113.0,117.0,121.0,133.0,150.0,inferred
East Dunbartonshire,2021-04-10,54.0,66.0,74.0,77.0,80.0,86.0,92.0,98.0,103.0,107.0,111.0,122.0,143.0,inferred
East Dunbartonshire,2021-04-11,43.0,54.0,61.0,64.0,67.0,73.0,78.0,83.0,89.0,92.0,95.0,105.0,125.0,inferred
East Dunbartonshire,2021-04-12,34.0,43.0,49.0,52.0,54.0,59.0,64.0,68.0,73.0,76.0,79.0,89.0,107.0,inferred
East Dunbartonshire,2021-04-13,36.0,45.0,52.0,55.0,57.0,62.0,67.0,71.0,77.0,80.0,83.0,92.0,109.0,inferred
East Dunbartonshire,2021-04-14,52.0,63.0,70.8,73.0,77.0,82.0,88.0,94.0,100.0,104.0,108.0,118.0,134.0,inferred
East Dunbartonshire,2021-04-15,44.0,55.0,63.0,66.0,69.0,74.0,79.0,85.0,91.0,94.0,98.0,107.0,126.0,inferred
East Dunbartonshire,2021-04-16,44.5,56.0,64.0,67.8,70.0,75.0,80.0,84.4,91.0,94.0,99.0,107.0,126.0,inferred
East Dunbartonshire,2021-04-17,40.0,51.0,58.0,61.0,64.0,68.0,74.0,78.0,84.0,87.0,91.0,101.0,115.0,inferred
East Dunbartonshire,2021-04-18,32.0,41.0,48.0,51.0,53.0,58.0,62.0,66.0,72.0,75.0,78.0,87.0,103.0,inferred
East Dunbartonshire,2021-04-19,22.0,30.0,37.0,39.0,41.0,46.0,49.0,54.0,58.0,61.0,64.0,73.0,89.5,inferred
East Dunbartonshire,2021-04-20,23.5,32.0,38.0,41.0,43.0,48.0,52.0,55.0,60.0,63.0,66.0,75.0,90.0,inferred
East Dunbartonshire,2021-04-21,35.0,46.0,52.0,54.0,57.0,63.0,68.0,73.0,78.0,81.0,84.0,95.0,110.0,inferred
East Dunbartonshire,2021-04-22,28.5,39.9,46.0,49.0,52.0,56.0,60.0,65.0,70.0,73.0,76.0,86.0,105.0,inferred
East Dunbartonshire,2021-04-23,32.0,41.0,48.0,51.0,53.0,58.0,62.0,67.0,72.0,75.0,78.0,88.0,104.0,inferred
East Dunbartonshire,2021-04-24,28.0,36.0,43.0,45.0,48.0,52.0,56.0,60.0,65.0,68.0,71.0,81.0,95.0,inferred
East Dunbartonshire,2021-04-25,22.0,29.0,34.0,37.0,39.0,42.0,46.0,50.0,55.0,57.0,61.0,69.0,83.0,inferred
East Dunbartonshire,2021-04-26,15.0,22.0,26.0,27.0,30.0,33.0,36.5,41.0,44.0,47.0,49.0,57.0,69.0,inferred
East Dunbartonshire,2021-04-27,16.0,23.0,28.0,30.0,32.0,35.0,38.0,42.0,47.0,49.0,51.0,58.0,71.0,inferred
East Dunbartonshire,2021-04-28,25.0,33.0,39.0,42.0,44.0,48.0,52.0,56.4,61.0,63.0,66.0,75.0,90.0,inferred
East Dunbartonshire,2021-04-29,23.0,31.0,37.0,39.0,41.0,45.0,49.0,53.0,59.0,61.0,65.0,72.0,85.5,inferred
East Dunbartonshire,2021-04-30,24.0,33.0,40.0,42.0,44.0,48.0,52.0,57.0,62.0,64.0,68.0,75.1,89.0,inferred
East Dunbartonshire,2021-05-01,23.0,31.0,36.0,39.0,41.0,45.0,50.0,54.0,59.0,61.0,64.0,73.0,88.5,inferred
East Dunbartonshire,2021-05-02,20.0,27.0,32.0,34.0,36.0,40.0,43.0,47.0,51.0,54.0,57.0,65.0,79.0,inferred
East Dunbartonshire,2021-05-03,14.0,20.0,25.0,27.0,29.0,32.0,35.0,38.0,42.0,44.0,47.0,54.0,68.0,inferred
East Dunbartonshire,2021-05-04,18.0,25.0,30.0,33.0,34.7,38.0,41.0,45.0,49.0,52.0,54.0,62.0,77.0,inferred
East Dunbartonshire,2021-05-05,31.0,41.0,47.0,50.0,52.0,57.0,61.0,66.0,71.0,74.0,78.0,88.0,103.0,inferred
East Dunbartonshire,2021-05-06,34.0,44.0,50.0,53.0,55.0,60.0,64.0,69.0,75.0,77.0,81.0,91.0,103.5,inferred
East Dunbartonshire,2021-05-07,43.0,53.0,60.0,62.0,65.0,71.0,76.0,81.0,86.0,90.0,94.0,103.0,120.0,inferred
East Dunbartonshire,2021-05-08,43.5,55.0,62.0,64.8,68.0,73.0,78.0,83.0,88.0,92.0,96.0,106.0,121.5,inferred
East Dunbartonshire,2021-05-09,40.0,50.0,58.0,61.0,64.0,68.0,73.5,79.0,84.0,88.0,92.0,102.1,117.0,inferred
East Dunbartonshire,2021-05-10,36.0,46.0,53.0,56.0,59.0,63.0,67.0,72.0,77.0,81.0,85.0,95.0,112.0,inferred
East Dunbartonshire,2021-05-11,45.0,57.0,64.0,67.0,70.0,76.0,81.0,86.0,92.0,95.0,99.0,109.0,127.0,inferred
East Dunbartonshire,2021-05-12,71.0,88.0,97.0,100.8,104.7,110.0,117.0,124.0,131.0,135.0,139.0,151.1,174.0,inferred
East Dunbartonshire,2021-05-13,75.0,90.0,99.0,103.0,106.7,113.0,119.0,126.0,133.0,137.0,141.0,154.0,175.5,inferred
East Dunbartonshire,2021-05-14,90.0,104.0,115.0,119.0,122.0,129.0,136.0,143.0,151.0,155.0,159.0,172.0,195.0,inferred
East Dunbartonshire,2021-05-15,87.0,104.0,116.0,120.0,124.0,131.0,138.0,144.0,152.0,157.0,160.0,174.1,200.0,inferred
East Dunbartonshire,2021-05-16,78.0,94.0,106.0,110.0,114.0,121.0,127.0,134.0,141.0,146.0,150.0,161.0,181.0,inferred
East Dunbartonshire,2021-05-17,71.0,84.0,93.0,97.0,100.0,107.0,114.0,120.0,127.3,131.0,136.0,148.0,169.0,inferred
East Dunbartonshire,2021-05-18,85.0,102.0,113.0,116.0,119.0,127.0,133.0,139.0,147.0,151.0,155.0,168.0,190.0,inferred
East Dunbartonshire,2021-05-19,125.5,146.9,159.0,164.0,169.0,177.0,185.0,192.0,201.0,206.0,211.0,228.0,256.5,inferred
East Dunbartonshire,2021-05-20,124.0,144.0,155.0,161.0,165.0,174.0,182.0,190.0,198.0,203.0,208.0,224.0,245.5,inferred
East Dunbartonshire,2021-05-21,135.5,155.0,168.0,174.0,179.0,187.0,196.0,204.0,214.0,219.0,224.0,241.0,262.5,inferred
East Dunbartonshire,2021-05-22,136.0,155.0,169.0,173.0,178.0,185.0,193.0,201.0,209.0,214.2,220.0,234.0,262.5,inferred
East Dunbartonshire,2021-05-23,117.5,136.0,146.0,151.8,156.0,165.0,173.0,180.0,188.0,192.0,199.0,212.0,236.5,inferred
East Dunbartonshire,2021-05-24,99.5,115.0,125.0,129.0,133.0,140.0,148.0,155.0,163.0,167.0,172.0,185.1,210.5,inferred
East Dunbartonshire,2021-05-25,109.0,127.0,140.0,144.0,148.0,156.0,163.0,171.0,179.0,184.0,189.0,203.0,226.0,inferred
East Dunbartonshire,2021-05-26,163.0,184.0,197.8,203.0,207.0,216.0,224.0,233.0,243.0,250.0,256.0,273.0,301.5,inferred
East Dunbartonshire,2021-05-27,152.5,172.0,186.0,191.0,196.0,205.0,213.0,222.0,231.0,236.0,242.0,257.0,284.5,inferred
East Dunbartonshire,2021-05-28,167.0,190.0,202.0,208.0,212.0,223.0,231.0,239.0,249.0,254.0,261.0,276.0,303.0,inferred
East Dunbartonshire,2021-05-29,157.0,179.0,193.0,199.0,202.0,211.0,219.0,228.0,238.0,244.0,251.0,267.0,293.5,inferred
East Dunbartonshire,2021-05-30,139.0,154.0,168.0,173.0,178.0,186.0,194.5,201.4,210.0,215.0,221.0,237.0,259.0,inferred
East Dunbartonshire,2021-05-31,110.0,126.0,139.0,144.0,148.0,156.6,164.0,171.0,179.0,183.0,189.0,204.0,229.5,inferred
East Dunbartonshire,2021-06-01,125.0,143.0,155.0,160.0,165.0,172.0,180.0,189.0,197.0,202.0,209.0,224.0,246.0,inferred
East Dunbartonshire,2021-06-02,181.0,202.0,216.0,223.0,229.0,237.0,246.0,256.0,266.0,272.0,277.0,298.0,327.0,inferred
East Dunbartonshire,2021-06-03,170.0,191.9,206.0,212.0,217.0,227.0,236.0,245.0,254.3,260.0,267.0,283.0,312.0,inferred
East Dunbartonshire,2021-06-04,184.5,205.0,222.0,227.0,232.0,242.0,250.0,260.0,269.0,276.0,282.0,302.0,329.5,inferred
East Dunbartonshire,2021-06-05,175.0,197.0,210.0,216.0,222.0,232.6,241.0,250.4,262.0,267.2,275.0,293.0,319.5,inferred
East Dunbartonshire,2021-06-06,153.5,172.0,185.0,190.0,195.0,204.0,212.0,221.0,231.0,236.0,242.0,259.0,294.0,inferred
East Dunbartonshire,2021-06-07,122.5,141.0,154.0,159.0,164.0,172.0,180.0,187.0,196.0,201.0,206.2,223.0,248.5,inferred
East Dunbartonshire,2021-06-08,136.0,158.0,171.0,177.0,181.0,190.0,197.0,205.0,215.0,221.0,228.0,243.0,274.0,inferred
East Dunbartonshire,2021-06-09,203.5,225.9,240.0,244.0,250.0,261.0,270.0,280.0,292.0,298.0,306.0,324.1,353.0,inferred
East Dunbartonshire,2021-06-10,192.5,216.0,229.0,235.0,240.0,250.0,260.0,270.0,281.3,288.0,293.0,312.0,341.0,inferred
East Dunbartonshire,2021-06-11,207.0,230.9,246.0,252.0,259.0,269.0,280.0,288.4,301.0,306.0,314.0,333.0,361.0,inferred
East Dunbartonshire,2021-06-12,200.5,221.0,236.0,242.0,246.7,256.6,268.0,276.4,287.0,293.0,300.0,318.0,348.5,inferred
East Dunbartonshire,2021-06-13,169.0,192.0,207.0,212.0,217.0,226.0,236.0,246.0,256.0,262.0,268.0,284.0,313.0,inferred
East Dunbartonshire,2021-06-14,141.0,156.0,170.8,176.0,180.0,188.0,196.0,207.0,215.0,220.0,227.0,241.0,273.0,inferred
East Dunbartonshire,2021-06-15,155.0,176.0,188.0,193.0,198.0,206.0,214.0,224.0,234.0,239.0,245.0,262.0,286.5,inferred
East Dunbartonshire,2021-06-16,215.9,238.9,255.0,262.0,268.0,278.0,289.0,298.0,310.0,316.0,324.0,343.0,377.0,inferred
East Dunbartonshire,2021-06-17,198.5,220.0,237.0,243.0,249.0,259.0,268.0,278.0,289.0,296.0,302.0,321.0,349.5,inferred
East Dunbartonshire,2021-06-18,207.5,231.0,248.0,255.0,261.0,271.0,282.0,293.0,305.0,312.0,318.0,338.1,368.5,inferred
East Hampshire,2021-03-06,0.0,1.0,2.0,2.0,2.0,3.0,3.0,4.0,4.0,5.0,5.0,7.0,9.0,inferred
East Hampshire,2021-03-07,0.5,2.0,2.0,3.0,3.0,3.0,4.0,5.0,5.0,6.0,6.0,7.0,9.0,inferred
East Hampshire,2021-03-08,1.0,2.0,3.0,4.0,4.0,5.0,5.0,6.0,7.0,7.0,8.0,9.0,11.0,inferred
East Hampshire,2021-03-09,1.0,2.0,3.0,3.0,4.0,4.0,5.0,6.0,6.0,7.0,7.0,9.0,11.0,inferred
East Hampshire,2021-03-10,1.0,2.0,3.0,4.0,4.0,5.0,5.0,6.0,7.0,7.0,8.0,9.0,11.0,inferred
East Hampshire,2021-03-11,1.0,2.0,3.0,3.0,3.0,4.0,5.0,5.0,6.0,6.0,7.0,8.0,10.0,inferred
East Hampshire,2021-03-12,0.0,1.0,2.0,3.0,3.0,3.0,4.0,5.0,5.0,6.0,6.0,8.0,9.0,inferred
East Hampshire,2021-03-13,0.0,1.0,1.0,2.0,2.0,3.0,3.0,4.0,4.0,4.0,5.0,6.0,8.0,inferred
East Hampshire,2021-03-14,0.0,1.0,2.0,2.0,2.0,3.0,4.0,4.0,5.0,5.0,6.0,7.0,9.0,inferred
East Hampshire,2021-03-15,1.0,2.0,2.0,3.0,3.0,4.0,4.0,5.0,5.0,6.0,6.0,7.0,10.0,inferred
East Hampshire,2021-03-16,0.0,1.0,2.0,2.0,2.0,3.0,4.0,4.0,5.0,5.0,6.0,7.0,9.0,inferred
East Hampshire,2021-03-17,0.0,1.0,2.0,2.0,2.0,3.0,4.0,4.0,5.0,5.0,6.0,7.0,9.0,inferred
East Hampshire,2021-03-18,0.0,1.0,2.0,2.0,2.0,3.0,3.0,4.0,4.0,5.0,5.0,6.0,9.0,inferred
East Hampshire,2021-03-19,0.0,1.0,1.0,2.0,2.0,2.0,3.0,3.0,4.0,4.0,5.0,6.0,8.0,inferred
East Hampshire,2021-03-20,0.0,0.0,1.0,1.0,1.0,2.0,2.0,3.0,3.0,4.0,4.0,5.0,7.0,inferred
East Hampshire,2021-03-21,0.0,1.0,1.0,1.0,2.0,2.0,3.0,3.0,4.0,4.0,4.0,5.0,7.0,inferred
East Hampshire,2021-03-22,0.0,1.0,2.0,2.0,2.0,3.0,3.0,4.0,4.0,5.0,5.0,6.0,8.0,inferred
East Hampshire,2021-03-23,0.0,1.0,1.0,2.0,2.0,2.0,3.0,4.0,4.0,5.0,5.0,6.0,8.0,inferred
East Hampshire,2021-03-24,0.0,1.0,1.0,2.0,2.0,3.0,3.0,4.0,4.0,5.0,5.0,6.0,8.0,inferred
East Hampshire,2021-03-25,0.0,1.0,1.0,1.0,2.0,2.0,3.0,3.0,4.0,4.0,5.0,6.0,8.0,inferred
East Hampshire,2021-03-26,0.0,0.0,1.0,1.0,1.0,2.0,2.0,3.0,3.0,4.0,4.0,5.0,7.0,inferred
East Hampshire,2021-03-27,0.0,0.0,1.0,1.0,1.0,1.0,2.0,2.0,3.0,3.0,3.0,4.0,6.0,inferred
East Hampshire,2021-03-28,0.0,0.0,1.0,1.0,1.0,2.0,2.0,2.0,3.0,3.0,4.0,4.1,6.0,inferred
East Hampshire,2021-03-29,0.0,0.0,1.0,1.0,1.0,2.0,2.0,3.0,3.0,4.0,4.0,5.0,7.0,inferred
East Hampshire,2021-03-30,0.0,0.0,1.0,1.0,1.0,2.0,2.0,3.0,3.0,3.0,4.0,5.0,6.0,inferred
East Hampshire,2021-03-31,0.0,0.0,1.0,1.0,1.0,2.0,2.0,2.0,3.0,3.0,4.0,5.0,7.0,inferred
East Hampshire,2021-04-01,0.0,0.0,1.0,1.0,1.0,1.0,2.0,2.0,3.0,3.0,3.0,4.0,6.0,inferred
East Hampshire,2021-04-02,0.0,0.0,0.0,1.0,1.0,1.0,1.0,2.0,2.0,2.0,3.0,4.0,5.0,inferred
East Hampshire,2021-04-03,0.0,0.0,0.0,0.0,0.0,1.0,1.0,1.0,2.0,2.0,2.0,3.0,4.0,inferred
East Hampshire,2021-04-04,0.0,0.0,0.0,0.0,1.0,1.0,1.0,2.0,2.0,2.0,3.0,3.0,5.0,inferred
East Hampshire,2021-04-05,0.0,0.0,0.0,1.0,1.0,1.0,1.0,2.0,2.0,2.0,3.0,4.0,5.0,inferred
East Hampshire,2021-04-06,0.0,0.0,0.0,1.0,1.0,1.0,1.0,2.0,2.0,3.0,3.0,4.0,5.0,inferred
East Hampshire,2021-04-07,0.0,0.0,0.0,1.0,1.0,1.0,2.0,2.0,2.0,3.0,3.0,4.0,6.0,inferred
East Hampshire,2021-04-08,0.0,0.0,0.0,1.0,1.0,1.0,1.0,2.0,2.0,3.0,3.0,4.0,6.0,inferred
East Hampshire,2021-04-09,0.0,0.0,0.0,0.0,1.0,1.0,1.0,2.0,2.0,2.0,3.0,3.0,5.0,inferred
East Hampshire,2021-04-10,0.0,0.0,0.0,0.0,0.0,1.0,1.0,1.0,2.0,2.0,2.0,3.0,4.0,inferred
East Hampshire,2021-04-11,0.0,0.0,0.0,0.0,1.0,1.0,1.0,2.0,2.0,2.0,3.0,3.0,5.0,inferred
East Hampshire,2021-04-12,0.0,0.0,1.0,1.0,1.0,1.0,2.0,2.0,2.0,3.0,3.0,4.0,6.0,inferred
East Hampshire,2021-04-13,0.0,0.0,0.0,1.0,1.0,1.0,1.0,2.0,2.0,3.0,3.0,4.0,5.0,inferred
East Hampshire,2021-04-14,0.0,0.0,1.0,1.0,1.0,1.0,2.0,2.0,3.0,3.0,3.0,4.0,5.0,inferred
East Hampshire,2021-04-15,0.0,0.0,1.0,1.0,1.0,1.0,2.0,2.0,3.0,3.0,3.0,4.0,6.0,inferred
East Hampshire,2021-04-16,0.0,0.0,0.0,1.0,1.0,1.0,2.0,2.0,2.0,3.0,3.0,4.0,6.0,inferred
East Hampshire,2021-04-17,0.0,0.0,0.0,0.0,1.0,1.0,1.0,2.0,2.0,2.0,3.0,3.0,5.0,inferred
East Hampshire,2021-04-18,0.0,0.0,0.0,1.0,1.0,1.0,1.0,2.0,2.0,3.0,3.0,4.0,5.0,inferred
East Hampshire,2021-04-19,0.0,0.0,1.0,1.0,1.0,1.0,2.0,2.0,3.0,3.0,4.0,4.0,6.0,inferred
East Hampshire,2021-04-20,0.0,0.0,1.0,1.0,1.0,2.0,2.0,2.0,3.0,3.0,3.0,4.0,6.0,inferred
East Hampshire,2021-04-21,0.0,0.0,1.0,1.0,1.0,2.0,2.0,2.0,3.0,3.0,4.0,5.0,6.0,inferred
East Hampshire,2021-04-22,0.0,0.0,1.0,1.0,1.0,2.0,2.0,2.0,3.0,3.0,4.0,5.0,6.5,inferred
East Hampshire,2021-04-23,0.0,0.0,0.0,1.0,1.0,1.0,2.0,2.0,2.0,3.0,3.0,4.0,6.0,inferred
East Hampshire,2021-04-24,0.0,0.0,0.0,0.0,1.0,1.0,1.0,2.0,2.0,2.0,3.0,3.1,5.0,inferred
East Hampshire,2021-04-25,0.0,0.0,1.0,1.0,1.0,1.0,2.0,2.0,2.0,3.0,3.0,4.0,5.0,inferred
East Hampshire,2021-04-26,0.0,0.0,1.0,1.0,1.0,1.0,2.0,2.0,3.0,3.0,3.0,4.0,6.0,inferred
East Hampshire,2021-04-27,0.0,0.0,1.0,1.0,1.0,1.0,2.0,2.0,3.0,3.0,3.0,4.0,6.0,inferred
East Hampshire,2021-04-28,0.0,0.0,1.0,1.0,1.0,1.0,2.0,2.0,3.0,3.0,3.0,4.0,6.0,inferred
East Hampshire,2021-04-29,0.0,0.0,0.0,1.0,1.0,1.0,2.0,2.0,2.0,3.0,3.0,4.0,6.0,inferred
East Hampshire,2021-04-30,0.0,0.0,0.0,1.0,1.0,1.0,1.0,2.0,2.0,3.0,3.0,4.0,5.0,inferred
East Hampshire,2021-05-01,0.0,0.0,0.0,0.0,0.0,1.0,1.0,1.0,2.0,2.0,2.0,3.0,5.0,inferred
East Hampshire,2021-05-02,0.0,0.0,0.0,0.0,1.0,1.0,1.0,2.0,2.0,2.0,3.0,3.0,5.0,inferred
East Hampshire,2021-05-03,0.0,0.0,1.0,1.0,1.0,1.0,2.0,2.0,2.3,3.0,3.0,4.0,6.0,inferred
East Hampshire,2021-05-04,0.0,0.0,1.0,1.0,1.0,1.0,2.0,2.0,2.0,3.0,3.0,4.0,6.0,inferred
East Hampshire,2021-05-05,0.0,0.0,1.0,1.0,1.0,1.0,2.0,2.0,3.0,3.0,3.0,4.0,6.0,inferred
East Hampshire,2021-05-06,0.0,0.0,0.0,1.0,1.0,1.0,1.0,2.0,2.0,3.0,3.0,4.0,5.0,inferred
East Hampshire,2021-05-07,0.0,0.0,0.0,0.0,1.0,1.0,1.0,2.0,2.0,2.0,3.0,4.0,5.0,inferred
East Hampshire,2021-05-08,0.0,0.0,0.0,0.0,0.0,1.0,1.0,1.0,2.0,2.0,2.0,3.0,5.0,inferred
East Hampshire,2021-05-09,0.0,0.0,0.0,0.0,1.0,1.0,1.0,2.0,2.0,2.0,2.0,3.0,5.0,inferred
East Hampshire,2021-05-10,0.0,0.0,0.0,1.0,1.0,1.0,1.0,2.0,2.0,3.0,3.0,4.0,5.0,inferred
East Hampshire,2021-05-11,0.0,0.0,0.0,1.0,1.0,1.0,1.0,2.0,2.0,2.0,3.0,4.0,5.0,inferred
East Hampshire,2021-05-12,0.0,0.0,0.0,1.0,1.0,1.0,1.0,2.0,2.0,2.0,3.0,4.0,5.0,inferred
East Hampshire,2021-05-13,0.0,0.0,0.0,0.0,1.0,1.0,1.0,2.0,2.0,2.0,3.0,4.0,5.0,inferred
East Hampshire,2021-05-14,0.0,0.0,0.0,0.0,1.0,1.0,1.0,1.0,2.0,2.0,3.0,3.0,5.0,inferred
East Hampshire,2021-05-15,0.0,0.0,0.0,0.0,0.0,1.0,1.0,1.0,2.0,2.0,2.0,3.0,4.0,inferred
East Hampshire,2021-05-16,0.0,0.0,0.0,0.0,0.0,1.0,1.0,1.0,2.0,2.0,2.0,3.0,5.0,inferred
East Hampshire,2021-05-17,0.0,0.0,0.0,1.0,1.0,1.0,1.0,2.0,2.0,2.0,3.0,4.0,5.0,inferred
East Hampshire,2021-05-18,0.0,0.0,0.0,1.0,1.0,1.0,1.0,2.0,2.0,3.0,3.0,4.0,5.0,inferred
East Hampshire,2021-05-19,0.0,0.0,0.0,1.0,1.0,1.0,2.0,2.0,2.0,3.0,3.0,4.0,5.0,inferred
East Hampshire,2021-05-20,0.0,0.0,0.0,1.0,1.0,1.0,1.0,2.0,2.0,3.0,3.0,4.0,6.0,inferred
East Hampshire,2021-05-21,0.0,0.0,0.0,1.0,1.0,1.0,1.0,2.0,2.0,2.0,3.0,4.0,5.0,inferred
East Hampshire,2021-05-22,0.0,0.0,0.0,0.0,0.0,1.0,1.0,1.0,2.0,2.0,2.0,3.0,4.0,inferred
East Hampshire,2021-05-23,0.0,0.0,0.0,0.0,1.0,1.0,1.0,2.0,2.0,2.0,3.0,3.0,5.0,inferred
East Hampshire,2021-05-24,0.0,0.0,1.0,1.0,1.0,1.0,2.0,2.0,3.0,3.0,3.0,4.0,6.0,inferred
East Hampshire,2021-05-25,0.0,0.0,1.0,1.0,1.0,1.0,2.0,2.0,3.0,3.0,3.0,4.0,6.0,inferred
East Hampshire,2021-05-26,0.0,0.0,1.0,1.0,1.0,2.0,2.0,3.0,3.0,3.0,4.0,5.0,6.0,inferred
East Hampshire,2021-05-27,0.0,0.0,1.0,1.0,1.0,2.0,2.0,2.0,3.0,3.0,4.0,4.0,6.0,inferred
East Hampshire,2021-05-28,0.0,0.0,1.0,1.0,1.0,2.0,2.0,2.0,3.0,3.0,4.0,4.0,6.0,inferred
East Hampshire,2021-05-29,0.0,0.0,1.0,1.0,1.0,1.0,2.0,2.0,3.0,3.0,3.0,4.0,6.0,inferred
East Hampshire,2021-05-30,0.0,1.0,1.0,1.0,2.0,2.0,2.0,3.0,3.0,4.0,4.0,5.0,7.0,inferred
East Hampshire,2021-05-31,0.0,1.0,2.0,2.0,2.0,3.0,3.0,4.0,4.3,5.0,5.0,6.0,8.0,inferred
East Hampshire,2021-06-01,0.0,1.0,2.0,2.0,2.0,3.0,3.0,4.0,5.0,5.0,5.0,7.0,9.0,inferred
East Hampshire,2021-06-02,0.0,1.0,2.0,2.0,3.0,3.0,4.0,4.0,5.0,6.0,6.0,7.0,9.0,inferred
East Hampshire,2021-06-03,1.0,1.9,2.0,3.0,3.0,3.0,4.0,5.0,5.0,6.0,6.0,7.0,10.0,inferred
East Hampshire,2021-06-04,0.0,1.0,2.0,2.0,2.0,3.0,3.0,4.0,5.0,5.0,5.0,7.0,9.0,inferred
East Hampshire,2021-06-05,0.0,1.0,2.0,2.0,2.0,2.0,3.0,4.0,4.0,4.0,5.0,6.0,8.0,inferred
East Hampshire,2021-06-06,0.0,1.0,2.0,2.0,3.0,3.0,4.0,4.0,5.0,5.0,6.0,7.0,9.0,inferred
East Hampshire,2021-06-07,1.0,2.0,3.0,3.0,4.0,4.0,5.0,6.0,6.0,7.0,7.0,9.0,11.0,inferred
East Hampshire,2021-06-08,1.0,2.0,3.0,3.0,4.0,4.0,5.0,6.0,6.0,7.0,7.0,9.0,11.0,inferred
East Hampshire,2021-06-09,1.0,2.0,4.0,4.0,4.0,5.0,6.0,6.0,7.0,8.0,8.0,9.0,12.0,inferred
East Hampshire,2021-06-10,1.0,2.0,3.0,4.0,4.0,5.0,5.0,6.0,7.0,7.0,8.0,10.0,12.0,inferred
East Hampshire,2021-06-11,1.0,2.0,3.0,3.0,4.0,4.0,5.0,6.0,6.0,7.0,7.0,9.0,11.0,inferred
East Hampshire,2021-06-12,1.0,2.0,2.0,3.0,3.0,4.0,4.0,5.0,5.0,6.0,6.0,8.0,10.0,inferred
East Hampshire,2021-06-13,1.0,2.0,3.0,4.0,4.0,5.0,5.0,6.0,7.0,7.0,8.0,9.0,11.0,inferred
East Hampshire,2021-06-14,2.0,3.0,5.0,5.0,5.0,6.0,7.0,8.0,9.0,9.0,10.0,11.0,14.0,inferred
East Hampshire,2021-06-15,2.0,3.0,4.0,5.0,5.0,6.0,7.0,8.0,8.0,9.0,10.0,11.0,14.0,inferred
East Hampshire,2021-06-16,2.0,4.0,5.0,5.0,6.0,7.0,7.0,8.0,9.0,10.0,10.0,12.0,15.0,inferred
East Hampshire,2021-06-17,2.0,4.0,4.0,5.0,5.0,6.0,7.0,8.0,9.0,9.0,10.0,11.0,14.5,inferred
East Hampshire,2021-06-18,2.0,3.0,4.0,4.8,5.0,6.0,6.0,7.0,8.0,9.0,9.0,11.0,14.0,inferred
East Hertfordshire,2021-03-06,1.0,2.0,3.0,3.0,3.0,4.0,5.0,5.0,6.0,7.0,7.0,9.0,11.0,inferred
East Hertfordshire,2021-03-07,1.0,2.0,3.0,4.0,4.0,5.0,5.0,6.0,7.0,7.0,8.0,10.0,13.0,inferred
East Hertfordshire,2021-03-08,2.0,3.0,4.0,5.0,5.0,6.0,7.0,7.0,8.0,9.0,10.0,11.0,14.0,inferred
East Hertfordshire,2021-03-09,1.0,3.0,4.0,4.0,5.0,6.0,6.0,7.0,8.0,8.0,9.0,11.0,13.0,inferred
East Hertfordshire,2021-03-10,2.0,3.0,4.0,5.0,5.0,6.0,7.0,7.0,8.0,9.0,9.0,11.0,14.0,inferred
East Hertfordshire,2021-03-11,1.0,3.0,4.0,4.0,4.0,5.0,6.0,7.0,8.0,8.0,9.0,10.0,14.0,inferred
East Hertfordshire,2021-03-12,1.0,2.0,3.0,3.0,4.0,5.0,5.0,6.0,7.0,7.0,8.0,9.0,12.0,inferred
East Hertfordshire,2021-03-13,0.5,1.0,2.0,2.0,3.0,3.0,4.0,5.0,5.0,6.0,7.0,8.0,10.0,inferred
East Hertfordshire,2021-03-14,1.0,2.0,3.0,3.0,3.0,4.0,5.0,5.0,6.0,6.2,7.0,8.0,11.0,inferred
East Hertfordshire,2021-03-15,1.0,2.0,3.0,4.0,4.0,5.0,5.0,6.0,7.0,8.0,8.0,10.0,13.0,inferred
East Hertfordshire,2021-03-16,1.0,2.0,3.0,3.0,4.0,4.0,5.0,6.0,7.0,7.0,8.0,9.0,12.5,inferred
East Hertfordshire,2021-03-17,1.0,2.0,3.0,3.0,4.0,4.0,5.0,6.0,7.0,7.0,8.0,9.1,12.0,inferred
East Hertfordshire,2021-03-18,1.0,2.0,3.0,3.0,3.0,4.0,5.0,6.0,6.0,7.0,7.0,9.0,11.0,inferred
East Hertfordshire,2021-03-19,0.0,1.0,2.0,2.0,3.0,3.0,4.0,5.0,5.0,6.0,6.0,8.0,10.0,inferred
East Hertfordshire,2021-03-20,0.0,1.0,2.0,2.0,2.0,3.0,3.0,4.0,4.0,5.0,5.0,6.1,9.0,inferred
East Hertfordshire,2021-03-21,0.0,1.0,2.0,2.0,2.0,3.0,4.0,4.0,5.0,5.0,6.0,8.0,10.0,inferred
East Hertfordshire,2021-03-22,0.5,2.0,2.0,3.0,3.0,4.0,4.0,5.0,6.0,6.0,7.0,8.0,11.0,inferred
East Hertfordshire,2021-03-23,0.0,1.0,2.0,3.0,3.0,4.0,4.0,5.0,6.0,6.0,7.0,8.0,10.0,inferred
East Hertfordshire,2021-03-24,0.0,1.0,2.0,3.0,3.0,4.0,4.0,5.0,6.0,6.0,6.0,8.0,11.0,inferred
East Hertfordshire,2021-03-25,0.0,1.0,2.0,2.0,2.0,3.0,4.0,4.0,5.0,5.0,6.0,7.0,9.0,inferred
East Hertfordshire,2021-03-26,0.0,1.0,1.0,2.0,2.0,2.0,3.0,3.0,4.0,4.0,5.0,6.0,8.0,inferred
East Hertfordshire,2021-03-27,0.0,0.0,1.0,1.0,1.0,2.0,2.0,3.0,3.0,4.0,4.0,5.0,7.0,inferred
East Hertfordshire,2021-03-28,0.0,0.0,1.0,1.0,1.0,2.0,2.0,3.0,3.0,4.0,4.0,5.0,7.0,inferred
East Hertfordshire,2021-03-29,0.0,1.0,1.0,2.0,2.0,2.0,3.0,3.0,4.0,4.0,5.0,6.0,8.0,inferred
East Hertfordshire,2021-03-30,0.0,1.0,1.0,1.0,2.0,2.0,3.0,3.0,4.0,4.0,5.0,6.0,8.0,inferred
East Hertfordshire,2021-03-31,0.0,1.0,1.0,2.0,2.0,2.0,3.0,3.0,4.0,4.0,5.0,6.0,8.0,inferred
East Hertfordshire,2021-04-01,0.0,0.0,1.0,1.0,1.0,2.0,2.0,3.0,3.0,4.0,4.0,5.0,7.0,inferred
East Hertfordshire,2021-04-02,0.0,0.0,1.0,1.0,1.0,2.0,2.0,2.0,3.0,3.0,4.0,5.0,7.0,inferred
East Hertfordshire,2021-04-03,0.0,0.0,0.0,1.0,1.0,1.0,2.0,2.0,2.0,3.0,3.0,4.0,6.0,inferred
East Hertfordshire,2021-04-04,0.0,0.0,1.0,1.0,1.0,1.0,2.0,2.0,3.0,3.0,3.0,4.0,6.0,inferred
East Hertfordshire,2021-04-05,0.0,0.0,1.0,1.0,1.0,2.0,2.0,3.0,3.0,4.0,4.0,5.0,7.5,inferred
East Hertfordshire,2021-04-06,0.0,0.0,1.0,1.0,1.0,2.0,2.0,3.0,3.0,4.0,4.0,6.0,7.0,inferred
East Hertfordshire,2021-04-07,0.0,0.0,1.0,1.0,2.0,2.0,2.0,3.0,3.0,4.0,4.0,5.0,8.0,inferred
East Hertfordshire,2021-04-08,0.0,0.0,1.0,1.0,1.0,2.0,2.0,3.0,4.0,4.0,4.0,5.0,7.0,inferred
East Hertfordshire,2021-04-09,0.0,0.0,1.0,1.0,1.0,2.0,2.0,3.0,3.0,3.0,4.0,5.0,7.0,inferred
East Hertfordshire,2021-04-10,0.0,0.0,0.8,1.0,1.0,1.0,2.0,2.0,3.0,3.0,3.0,4.0,6.0,inferred
East Hertfordshire,2021-04-11,0.0,0.0,1.0,1.0,1.0,2.0,2.0,3.0,3.0,3.0,4.0,5.0,7.0,inferred
East Hertfordshire,2021-04-12,0.0,1.0,1.0,1.0,2.0,2.0,3.0,3.0,4.0,4.0,4.0,6.0,8.0,inferred
East Hertfordshire,2021-04-13,0.0,0.0,1.0,1.0,1.0,2.0,2.0,3.0,4.0,4.0,4.0,6.0,8.0,inferred
East Hertfordshire,2021-04-14,0.0,0.0,1.0,1.0,2.0,2.0,3.0,3.0,4.0,4.0,4.0,5.0,7.0,inferred
East Hertfordshire,2021-04-15,0.0,0.0,1.0,1.0,1.0,2.0,2.0,3.0,4.0,4.0,4.0,5.0,7.0,inferred
East Hertfordshire,2021-04-16,0.0,0.0,1.0,1.0,1.0,2.0,2.0,2.0,3.0,3.0,4.0,5.0,6.0,inferred
East Hertfordshire,2021-04-17,0.0,0.0,0.0,1.0,1.0,1.0,2.0,2.0,2.0,3.0,3.0,4.0,6.0,inferred
East Hertfordshire,2021-04-18,0.0,0.0,1.0,1.0,1.0,1.0,2.0,2.0,3.0,3.0,4.0,5.0,7.0,inferred
East Hertfordshire,2021-04-19,0.0,0.0,1.0,1.0,1.0,2.0,2.0,3.0,3.0,4.0,4.0,5.0,7.0,inferred
East Hertfordshire,2021-04-20,0.0,0.0,1.0,1.0,1.0,2.0,2.0,2.0,3.0,3.0,4.0,5.0,7.0,inferred
East Hertfordshire,2021-04-21,0.0,0.0,1.0,1.0,1.0,2.0,2.0,3.0,3.0,4.0,4.0,5.0,7.0,inferred
East Hertfordshire,2021-04-22,0.0,0.0,1.0,1.0,1.0,1.0,2.0,2.0,3.0,3.0,3.0,5.0,7.0,inferred
East Hertfordshire,2021-04-23,0.0,0.0,1.0,1.0,1.0,1.0,2.0,2.0,3.0,3.0,3.0,4.0,6.0,inferred
East Hertfordshire,2021-04-24,0.0,0.0,0.0,0.0,1.0,1.0,1.0,2.0,2.0,2.0,3.0,4.0,5.0,inferred
East Hertfordshire,2021-04-25,0.0,0.0,0.0,1.0,1.0,1.0,1.0,2.0,2.0,3.0,3.0,4.0,6.0,inferred
East Hertfordshire,2021-04-26,0.0,0.0,1.0,1.0,1.0,1.6,2.0,2.0,3.0,3.0,4.0,5.0,6.5,inferred
East Hertfordshire,2021-04-27,0.0,0.0,1.0,1.0,1.0,1.0,2.0,2.0,3.0,3.0,4.0,5.0,6.0,inferred
East Hertfordshire,2021-04-28,0.0,0.0,1.0,1.0,1.0,1.0,2.0,2.0,3.0,3.0,4.0,5.0,7.0,inferred
East Hertfordshire,2021-04-29,0.0,0.0,0.0,1.0,1.0,1.0,2.0,2.0,3.0,3.0,3.0,4.0,6.0,inferred
East Hertfordshire,2021-04-30,0.0,0.0,0.0,1.0,1.0,1.0,1.0,2.0,2.0,3.0,3.0,4.0,6.0,inferred
East Hertfordshire,2021-05-01,0.0,0.0,0.0,0.0,0.0,1.0,1.0,1.0,2.0,2.0,2.0,3.0,5.0,inferred
East Hertfordshire,2021-05-02,0.0,0.0,0.0,0.0,1.0,1.0,1.0,2.0,2.0,2.0,3.0,4.0,5.0,inferred
East Hertfordshire,2021-05-03,0.0,0.0,0.0,1.0,1.0,1.0,2.0,2.0,3.0,3.0,3.0,4.0,6.0,inferred
East Hertfordshire,2021-05-04,0.0,0.0,0.0,1.0,1.0,1.0,1.0,2.0,2.0,3.0,3.0,4.0,6.0,inferred
East Hertfordshire,2021-05-05,0.0,0.0,1.0,1.0,1.0,1.0,2.0,2.0,3.0,3.0,3.0,5.0,6.0,inferred
East Hertfordshire,2021-05-06,0.0,0.0,0.0,1.0,1.0,1.0,1.0,2.0,2.0,3.0,3.0,4.0,6.0,inferred
East Hertfordshire,2021-05-07,0.0,0.0,0.0,0.0,1.0,1.0,1.0,2.0,2.0,2.0,3.0,4.0,5.0,inferred
East Hertfordshire,2021-05-08,0.0,0.0,0.0,0.0,0.0,1.0,1.0,1.0,2.0,2.0,2.0,3.0,5.0,inferred
East Hertfordshire,2021-05-09,0.0,0.0,0.0,0.0,0.0,1.0,1.0,1.0,2.0,2.0,3.0,3.0,5.0,inferred
East Hertfordshire,2021-05-10,0.0,0.0,0.0,1.0,1.0,1.0,1.0,2.0,2.0,3.0,3.0,4.0,6.0,inferred
East Hertfordshire,2021-05-11,0.0,0.0,0.0,0.0,1.0,1.0,1.0,2.0,2.0,3.0,3.0,4.0,5.0,inferred
East Hertfordshire,2021-05-12,0.0,0.0,0.0,1.0,1.0,1.0,2.0,2.0,2.0,3.0,3.0,4.0,6.0,inferred
East Hertfordshire,2021-05-13,0.0,0.0,0.0,1.0,1.0,1.0,1.0,2.0,2.0,3.0,3.0,4.0,6.0,inferred
East Hertfordshire,2021-05-14,0.0,0.0,0.0,0.0,1.0,1.0,1.0,2.0,2.0,3.0,3.0,4.0,6.0,inferred
East Hertfordshire,2021-05-15,0.0,0.0,0.0,0.0,0.0,1.0,1.0,1.0,2.0,2.0,2.0,3.0,5.0,inferred
East Hertfordshire,2021-05-16,0.0,0.0,0.0,0.0,1.0,1.0,1.0,2.0,2.0,2.0,3.0,4.0,5.0,inferred
East Hertfordshire,2021-05-17,0.0,0.0,1.0,1.0,1.0,1.0,2.0,2.0,3.0,3.0,3.0,4.0,6.0,inferred
East Hertfordshire,2021-05-18,0.0,0.0,1.0,1.0,1.0,1.0,2.0,2.0,3.0,3.0,3.0,4.0,6.5,inferred
East Hertfordshire,2021-05-19,0.0,0.0,1.0,1.0,1.0,2.0,2.0,3.0,3.0,3.0,4.0,5.0,7.0,inferred
East Hertfordshire,2021-05-20,0.0,0.0,1.0,1.0,1.0,1.6,2.0,2.0,3.0,3.0,4.0,5.0,6.0,inferred
East Hertfordshire,2021-05-21,0.0,0.0,1.0,1.0,1.0,1.0,2.0,2.0,3.0,3.0,4.0,5.0,6.0,inferred
East Hertfordshire,2021-05-22,0.0,0.0,0.0,1.0,1.0,1.0,1.0,2.0,2.0,3.0,3.0,4.0,6.0,inferred
East Hertfordshire,2021-05-23,0.0,0.0,1.0,1.0,1.0,2.0,2.0,3.0,3.0,3.0,4.0,5.0,7.0,inferred
East Hertfordshire,2021-05-24,0.0,1.0,1.0,1.0,2.0,2.0,3.0,3.0,4.0,4.0,5.0,6.0,8.0,inferred
East Hertfordshire,2021-05-25,0.0,1.0,1.0,2.0,2.0,2.0,3.0,3.0,4.0,4.0,5.0,6.0,8.0,inferred
East Hertfordshire,2021-05-26,0.0,1.0,2.0,2.0,2.0,3.0,3.0,4.0,5.0,5.0,6.0,7.0,10.0,inferred
East Hertfordshire,2021-05-27,0.0,1.0,2.0,2.0,2.0,3.0,3.0,4.0,5.0,5.0,6.0,7.0,9.0,inferred
East Hertfordshire,2021-05-28,0.0,1.0,2.0,2.0,2.0,3.0,3.0,4.0,5.0,5.0,5.0,7.0,9.0,inferred
East Hertfordshire,2021-05-29,0.0,1.0,1.0,2.0,2.0,2.0,3.0,4.0,4.0,5.0,5.0,6.0,8.0,inferred
East Hertfordshire,2021-05-30,0.0,1.0,2.0,2.0,3.0,3.0,4.0,4.0,5.0,6.0,6.0,7.1,10.0,inferred
East Hertfordshire,2021-05-31,1.0,2.0,3.0,3.0,4.0,4.0,5.0,6.0,7.0,7.0,8.0,9.0,12.0,inferred
East Hertfordshire,2021-06-01,1.0,2.0,3.0,4.0,4.0,5.0,6.0,6.0,7.0,8.0,8.0,10.0,13.0,inferred
East Hertfordshire,2021-06-02,2.0,3.0,4.0,4.0,5.0,6.0,6.0,7.0,8.0,9.0,10.0,11.0,14.0,inferred
East Hertfordshire,2021-06-03,2.0,3.0,4.0,5.0,5.0,6.0,7.0,8.0,9.0,9.0,10.0,12.0,15.0,inferred
East Hertfordshire,2021-06-04,2.0,3.0,4.0,5.0,5.0,6.0,7.0,8.0,9.0,9.0,10.0,11.0,15.0,inferred
East Hertfordshire,2021-06-05,2.0,3.0,4.0,4.0,5.0,5.0,6.0,7.0,8.0,8.0,9.0,11.0,13.0,inferred
East Hertfordshire,2021-06-06,2.0,4.0,5.0,6.0,6.0,7.0,8.0,9.0,10.0,10.2,11.0,13.0,17.0,inferred
East Hertfordshire,2021-06-07,4.0,6.0,8.0,8.0,9.0,10.0,11.0,12.0,13.0,14.0,15.0,17.0,20.0,inferred
East Hertfordshire,2021-06-08,4.0,6.0,8.0,9.0,9.0,10.0,12.0,13.0,14.0,14.0,15.0,18.0,21.0,inferred
East Hertfordshire,2021-06-09,5.0,8.0,9.0,10.0,11.0,12.0,13.0,14.0,16.0,16.0,17.0,20.0,24.0,inferred
East Hertfordshire,2021-06-10,6.0,8.0,10.0,11.0,11.0,12.0,14.0,15.0,16.0,17.0,18.0,20.0,24.0,inferred
East Hertfordshire,2021-06-11,5.0,8.0,10.0,10.0,11.0,12.0,13.0,14.0,15.0,16.0,17.0,19.0,23.0,inferred
East Hertfordshire,2021-06-12,5.0,6.0,8.0,9.0,9.0,10.0,11.0,12.0,14.0,14.0,15.0,17.0,20.0,inferred
East Hertfordshire,2021-06-13,6.0,9.0,11.0,12.0,12.0,13.0,14.0,15.0,17.0,17.0,18.0,21.0,25.0,inferred
East Hertfordshire,2021-06-14,9.0,12.0,15.0,16.0,16.0,18.0,19.0,21.0,22.0,23.0,24.0,27.0,32.0,inferred
East Hertfordshire,2021-06-15,10.5,14.0,16.0,17.0,18.0,19.0,20.0,22.0,23.0,25.0,25.0,28.0,33.0,inferred
East Hertfordshire,2021-06-16,13.0,16.9,19.0,20.0,21.0,22.0,24.0,25.0,27.0,29.0,30.0,32.0,38.0,inferred
East Hertfordshire,2021-06-17,13.0,17.0,19.0,20.0,21.0,23.0,24.0,26.0,27.0,28.0,30.0,33.0,38.0,inferred
East Hertfordshire,2021-06-18,12.0,16.0,19.0,20.0,21.0,22.0,24.0,25.0,27.0,28.0,30.0,33.0,37.0,inferred
East Lindsey,2021-03-06,4.0,6.0,7.0,8.0,8.0,9.0,10.0,11.0,12.0,13.0,13.2,15.0,18.0,inferred
East Lindsey,2021-03-07,6.0,8.0,10.0,10.0,11.0,12.0,13.0,14.0,15.0,16.0,17.0,19.0,23.0,inferred
East Lindsey,2021-03-08,9.0,12.0,14.0,14.0,15.0,16.0,17.0,19.0,20.0,21.0,21.2,24.0,28.0,inferred
East Lindsey,2021-03-09,8.5,11.0,13.0,14.0,15.0,16.0,17.0,18.0,20.0,21.0,21.0,24.0,28.0,inferred
East Lindsey,2021-03-10,10.0,12.0,14.0,15.0,16.0,17.0,18.0,19.0,21.0,21.0,22.0,25.0,29.0,inferred
East Lindsey,2021-03-11,8.0,10.0,12.0,13.0,14.0,15.0,16.0,17.0,18.0,19.0,20.0,23.0,27.0,inferred
East Lindsey,2021-03-12,7.0,9.0,11.0,12.0,12.0,13.0,15.0,16.0,17.0,18.0,18.0,21.0,25.0,inferred
East Lindsey,2021-03-13,5.0,7.0,9.0,9.0,10.0,11.0,12.0,12.0,14.0,14.0,15.0,17.0,21.0,inferred
East Lindsey,2021-03-14,6.0,8.0,10.0,10.0,11.0,12.0,13.0,14.0,16.0,16.0,17.0,19.0,22.0,inferred
East Lindsey,2021-03-15,8.0,11.0,13.0,14.0,14.0,16.0,17.0,18.0,20.0,20.2,21.0,24.0,28.0,inferred
East Lindsey,2021-03-16,8.0,10.0,12.0,13.0,14.0,15.0,16.0,17.0,18.0,19.0,20.0,22.0,26.5,inferred
East Lindsey,2021-03-17,8.0,11.0,13.0,13.0,14.0,15.0,16.0,17.0,19.0,19.0,20.0,23.0,27.0,inferred
East Lindsey,2021-03-18,6.0,9.0,10.0,11.0,12.0,13.0,14.0,15.0,17.0,17.0,18.0,20.0,24.0,inferred
East Lindsey,2021-03-19,5.5,8.0,9.0,10.0,10.0,12.0,13.0,14.0,15.0,16.0,17.0,18.0,22.0,inferred
East Lindsey,2021-03-20,4.0,5.0,7.0,7.0,8.0,9.0,10.0,11.0,12.0,12.0,13.0,15.0,18.0,inferred
East Lindsey,2021-03-21,4.0,7.0,8.0,8.0,9.0,10.0,11.0,12.0,13.0,14.0,15.0,17.0,20.0,inferred
East Lindsey,2021-03-22,6.0,8.0,10.0,11.0,11.0,13.0,14.0,15.0,16.0,17.0,18.0,20.0,24.0,inferred
East Lindsey,2021-03-23,6.0,8.0,9.0,10.0,10.7,11.0,13.0,14.0,15.0,16.0,17.0,19.0,22.0,inferred
East Lindsey,2021-03-24,6.0,8.0,9.0,10.0,11.0,12.0,13.0,14.0,15.0,16.0,17.0,19.0,23.0,inferred
East Lindsey,2021-03-25,5.0,7.0,8.0,9.0,9.0,10.0,11.0,12.0,13.0,14.0,15.0,17.0,19.0,inferred
East Lindsey,2021-03-26,4.0,6.0,7.0,7.0,8.0,9.0,10.0,10.0,12.0,12.0,13.0,15.0,18.0,inferred
East Lindsey,2021-03-27,2.0,3.0,5.0,5.0,5.0,6.0,7.0,8.0,9.0,9.0,10.0,12.0,15.0,inferred
East Lindsey,2021-03-28,2.0,4.0,5.0,6.0,6.0,7.0,8.0,9.0,10.0,10.0,11.0,13.0,16.0,inferred
East Lindsey,2021-03-29,4.0,5.9,7.0,7.0,8.0,9.0,10.0,11.0,11.0,12.0,13.0,15.0,18.0,inferred
East Lindsey,2021-03-30,3.0,5.0,6.0,6.8,7.0,8.0,9.0,10.0,11.0,11.0,12.0,14.0,17.0,inferred
East Lindsey,2021-03-31,3.0,4.0,6.0,6.0,7.0,8.0,9.0,10.0,11.0,11.0,12.0,14.0,17.0,inferred
East Lindsey,2021-04-01,2.0,4.0,5.0,5.0,6.0,6.0,7.0,8.0,9.0,9.2,10.0,12.0,15.0,inferred
East Lindsey,2021-04-02,2.0,3.0,4.0,4.0,5.0,6.0,6.0,7.0,8.0,8.0,9.0,11.0,13.0,inferred
East Lindsey,2021-04-03,1.0,2.0,3.0,3.0,3.0,4.0,5.0,5.0,6.0,6.0,7.0,8.0,11.0,inferred
East Lindsey,2021-04-04,1.0,2.0,3.0,3.0,4.0,4.0,5.0,6.0,7.0,7.0,8.0,9.0,12.0,inferred
East Lindsey,2021-04-05,1.0,3.0,4.0,4.0,5.0,5.0,6.0,7.0,7.0,8.0,8.0,10.0,12.0,inferred
East Lindsey,2021-04-06,1.0,2.0,3.0,3.0,4.0,5.0,5.0,6.0,7.0,7.0,8.0,9.0,11.0,inferred
East Lindsey,2021-04-07,1.0,2.0,3.0,4.0,4.0,5.0,5.0,6.0,7.0,7.0,8.0,9.0,12.0,inferred
East Lindsey,2021-04-08,1.0,2.0,2.0,3.0,3.0,4.0,4.0,5.0,6.0,6.0,7.0,8.0,10.0,inferred
East Lindsey,2021-04-09,0.0,1.0,2.0,2.0,3.0,3.0,4.0,4.0,5.0,5.0,6.0,7.0,9.0,inferred
East Lindsey,2021-04-10,0.0,1.0,1.0,2.0,2.0,2.0,3.0,3.0,4.0,4.0,5.0,6.0,8.0,inferred
East Lindsey,2021-04-11,0.0,1.0,1.0,2.0,2.0,3.0,3.0,4.0,4.0,5.0,5.0,6.0,9.0,inferred
East Lindsey,2021-04-12,0.0,1.0,2.0,2.0,3.0,3.0,4.0,4.0,5.0,6.0,6.0,7.1,10.0,inferred
East Lindsey,2021-04-13,0.0,1.0,2.0,2.0,2.0,3.0,4.0,4.0,5.0,5.0,6.0,7.0,9.5,inferred
East Lindsey,2021-04-14,1.0,1.0,2.0,2.0,3.0,3.0,4.0,4.0,5.0,6.0,6.0,7.0,10.0,inferred
East Lindsey,2021-04-15,0.0,1.0,2.0,2.0,2.0,3.0,3.0,4.0,5.0,5.0,6.0,7.0,9.0,inferred
East Lindsey,2021-04-16,0.0,1.0,2.0,2.0,2.0,3.0,3.0,4.0,4.0,5.0,5.0,6.0,8.0,inferred
East Lindsey,2021-04-17,0.0,1.0,1.0,1.0,2.0,2.0,2.0,3.0,3.0,4.0,4.0,5.0,7.0,inferred
East Lindsey,2021-04-18,0.0,1.0,1.0,2.0,2.0,2.0,3.0,3.0,4.0,5.0,5.0,6.0,8.0,inferred
East Lindsey,2021-04-19,0.0,1.0,2.0,2.0,3.0,3.0,4.0,4.0,5.0,5.0,6.0,7.0,10.0,inferred
East Lindsey,2021-04-20,0.0,1.0,2.0,2.0,2.0,3.0,3.0,4.0,5.0,5.0,6.0,7.0,9.0,inferred
East Lindsey,2021-04-21,0.0,1.0,2.0,2.0,3.0,3.0,4.0,4.0,5.0,5.0,6.0,7.0,10.0,inferred
East Lindsey,2021-04-22,0.0,1.0,2.0,2.0,2.0,3.0,3.0,4.0,5.0,5.0,5.0,7.0,9.0,inferred
East Lindsey,2021-04-23,0.0,1.0,1.0,2.0,2.0,2.0,3.0,4.0,4.0,5.0,5.0,6.0,8.0,inferred
East Lindsey,2021-04-24,0.0,0.0,1.0,1.0,1.0,2.0,2.0,3.0,3.0,4.0,4.0,5.0,7.0,inferred
East Lindsey,2021-04-25,0.0,1.0,1.0,2.0,2.0,2.0,3.0,3.0,4.0,4.0,5.0,6.0,7.5,inferred
East Lindsey,2021-04-26,0.0,1.0,2.0,2.0,2.0,3.0,4.0,4.0,5.0,5.0,6.0,7.0,9.0,inferred
East Lindsey,2021-04-27,0.0,1.0,2.0,2.0,2.0,3.0,4.0,4.0,5.0,5.0,6.0,7.0,9.0,inferred
East Lindsey,2021-04-28,0.0,1.0,2.0,2.0,3.0,3.0,4.0,4.0,5.0,5.0,6.0,7.0,10.0,inferred
East Lindsey,2021-04-29,0.0,1.0,2.0,2.0,2.0,3.0,4.0,4.0,5.0,5.0,5.0,7.0,9.0,inferred
East Lindsey,2021-04-30,0.0,1.0,2.0,2.0,2.0,3.0,3.0,4.0,4.0,5.0,5.0,6.0,8.0,inferred
East Lindsey,2021-05-01,0.0,1.0,1.0,1.0,2.0,2.0,2.0,3.0,3.0,4.0,4.0,5.0,7.0,inferred
East Lindsey,2021-05-02,0.0,1.0,1.0,2.0,2.0,2.0,3.0,3.4,4.0,4.0,5.0,6.0,8.0,inferred
East Lindsey,2021-05-03,0.0,1.0,2.0,3.0,3.0,3.0,4.0,5.0,5.0,6.0,6.0,8.0,10.0,inferred
East Lindsey,2021-05-04,0.0,1.0,2.0,2.0,3.0,3.0,4.0,5.0,5.0,6.0,6.0,8.0,10.0,inferred
East Lindsey,2021-05-05,1.0,1.0,2.0,3.0,3.0,3.0,4.0,5.0,5.0,6.0,6.0,8.0,10.0,inferred
East Lindsey,2021-05-06,0.0,1.0,2.0,2.0,3.0,3.0,4.0,4.0,5.0,5.0,6.0,7.0,9.0,inferred
East Lindsey,2021-05-07,0.0,1.0,2.0,2.0,2.0,3.0,4.0,4.0,5.0,5.0,6.0,7.0,9.0,inferred
East Lindsey,2021-05-08,0.0,1.0,1.0,1.0,2.0,2.0,3.0,3.0,4.0,4.0,4.0,6.0,8.0,inferred
East Lindsey,2021-05-09,0.0,1.0,2.0,2.0,2.0,3.0,3.0,4.0,4.0,5.0,5.0,6.0,8.0,inferred
East Lindsey,2021-05-10,0.0,1.0,2.0,2.0,3.0,3.0,4.0,5.0,5.0,6.0,6.0,7.0,10.0,inferred
East Lindsey,2021-05-11,0.0,1.0,2.0,3.0,3.0,3.0,4.0,5.0,5.0,6.0,6.0,7.0,10.0,inferred
East Lindsey,2021-05-12,1.0,2.0,2.0,3.0,3.0,4.0,4.0,5.0,5.0,6.0,6.0,8.0,10.0,inferred
East Lindsey,2021-05-13,0.0,1.0,2.0,2.0,3.0,3.0,4.0,4.0,5.0,5.0,6.0,7.0,9.0,inferred
East Lindsey,2021-05-14,0.0,1.0,2.0,2.0,2.0,3.0,3.0,4.0,4.0,5.0,5.0,6.0,9.0,inferred
East Lindsey,2021-05-15,0.0,1.0,1.0,1.0,2.0,2.0,3.0,3.0,4.0,4.0,5.0,6.0,8.0,inferred
East Lindsey,2021-05-16,0.0,1.0,1.0,2.0,2.0,2.0,3.0,3.0,4.0,5.0,5.0,6.0,8.0,inferred
East Lindsey,2021-05-17,0.0,1.0,2.0,2.0,3.0,3.0,4.0,4.0,5.0,5.0,6.0,7.0,9.0,inferred
East Lindsey,2021-05-18,0.0,1.0,2.0,2.0,2.0,3.0,3.0,4.0,5.0,5.0,6.0,7.0,10.0,inferred
East Lindsey,2021-05-19,0.0,1.0,2.0,2.0,3.0,3.0,4.0,4.0,5.0,5.0,6.0,7.0,9.0,inferred
East Lindsey,2021-05-20,0.0,1.0,2.0,2.0,2.0,3.0,3.0,4.0,4.0,5.0,5.0,6.0,8.0,inferred
East Lindsey,2021-05-21,0.0,1.0,1.0,2.0,2.0,2.0,3.0,3.0,4.0,4.0,5.0,6.0,8.0,inferred
East Lindsey,2021-05-22,0.0,0.0,1.0,1.0,1.0,2.0,2.0,3.0,3.0,3.0,4.0,5.0,6.0,inferred
East Lindsey,2021-05-23,0.0,1.0,1.0,1.0,2.0,2.0,2.5,3.0,3.0,4.0,4.0,5.0,7.0,inferred
East Lindsey,2021-05-24,0.0,1.0,2.0,2.0,2.0,3.0,3.0,4.0,4.0,5.0,5.0,6.0,9.0,inferred
East Lindsey,2021-05-25,0.0,1.0,1.0,2.0,2.0,3.0,3.0,4.0,4.0,5.0,5.0,6.0,8.0,inferred
East Lindsey,2021-05-26,0.0,1.0,2.0,2.0,2.0,3.0,3.0,4.0,5.0,5.0,5.0,7.0,9.0,inferred
East Lindsey,2021-05-27,0.0,1.0,1.0,2.0,2.0,2.0,3.0,3.0,4.0,4.0,5.0,6.0,8.0,inferred
East Lindsey,2021-05-28,0.0,1.0,1.0,1.0,2.0,2.0,3.0,3.0,4.0,4.0,4.0,5.0,8.0,inferred
East Lindsey,2021-05-29,0.0,0.0,1.0,1.0,1.0,2.0,2.0,3.0,3.0,3.0,4.0,5.0,6.0,inferred
East Lindsey,2021-05-30,0.0,0.0,1.0,1.0,1.0,2.0,2.0,3.0,3.0,4.0,4.0,5.0,7.0,inferred
East Lindsey,2021-05-31,0.0,1.0,2.0,2.0,2.0,3.0,3.0,4.0,4.0,5.0,5.0,6.0,8.0,inferred
East Lindsey,2021-06-01,0.0,1.0,2.0,2.0,2.0,3.0,3.0,4.0,5.0,5.0,5.0,7.0,9.0,inferred
East Lindsey,2021-06-02,0.0,1.0,2.0,2.0,3.0,3.0,4.0,4.0,5.0,6.0,6.0,7.0,9.0,inferred
East Lindsey,2021-06-03,0.0,1.0,2.0,2.0,3.0,3.0,4.0,4.0,5.0,5.0,6.0,7.0,10.0,inferred
East Lindsey,2021-06-04,0.0,1.0,2.0,2.0,2.0,3.0,4.0,4.0,5.0,5.0,6.0,7.0,9.0,inferred
East Lindsey,2021-06-05,0.0,1.0,2.0,2.0,2.0,3.0,3.0,4.0,4.0,5.0,5.0,6.0,8.0,inferred
East Lindsey,2021-06-06,0.0,1.0,2.0,2.0,3.0,3.0,4.0,4.0,5.0,6.0,6.0,7.0,10.0,inferred
East Lindsey,2021-06-07,1.0,2.0,3.0,4.0,4.0,5.0,5.0,6.0,7.0,7.0,8.0,10.0,13.0,inferred
East Lindsey,2021-06-08,1.0,2.0,3.0,4.0,4.0,5.0,6.0,6.0,7.0,8.0,8.0,10.0,12.0,inferred
East Lindsey,2021-06-09,2.0,3.0,4.0,4.0,5.0,5.0,6.0,7.0,8.0,8.0,9.0,10.0,13.0,inferred
East Lindsey,2021-06-10,1.0,3.0,4.0,4.0,4.0,5.0,6.0,7.0,8.0,8.0,9.0,10.0,12.0,inferred
East Lindsey,2021-06-11,1.0,2.0,3.0,4.0,4.0,5.0,6.0,6.0,7.0,8.0,8.0,10.0,13.0,inferred
East Lindsey,2021-06-12,1.0,2.0,3.0,3.0,3.0,4.0,5.0,5.0,6.0,7.0,7.0,8.0,11.0,inferred
East Lindsey,2021-06-13,1.0,3.0,3.8,4.0,4.0,5.0,6.0,6.0,7.0,8.0,8.0,10.0,12.0,inferred
East Lindsey,2021-06-14,2.0,4.0,5.0,6.0,6.0,7.0,8.0,9.0,10.0,10.0,11.0,13.0,15.0,inferred
East Lindsey,2021-06-15,2.0,4.0,5.0,6.0,6.0,7.0,8.0,8.0,9.0,10.0,11.0,13.0,15.0,inferred
East Lindsey,2021-06-16,3.0,4.0,5.0,6.0,6.0,7.0,8.0,9.0,10.0,11.0,11.0,13.0,16.0,inferred
East Lindsey,2021-06-17,2.0,4.0,5.0,6.0,6.0,7.0,8.0,9.0,9.0,10.0,11.0,13.0,16.0,inferred
East Lindsey,2021-06-18,2.0,3.0,5.0,5.0,5.0,6.0,7.0,8.0,9.0,10.0,10.0,12.0,15.0,inferred
East Lothian,2021-03-06,43.0,56.0,65.0,69.0,72.0,77.0,82.0,88.0,95.0,99.0,102.0,113.1,133.0,inferred
East Lothian,2021-03-07,35.0,47.0,54.0,57.0,60.0,65.0,70.0,76.0,82.0,86.0,90.0,101.0,119.0,inferred
East Lothian,2021-03-08,28.0,38.0,44.0,47.0,51.0,55.0,59.0,64.0,70.0,74.0,77.0,86.0,103.5,inferred
East Lothian,2021-03-09,34.0,44.0,50.0,53.0,55.0,61.0,65.0,71.0,76.0,79.0,84.0,94.0,111.0,inferred
East Lothian,2021-03-10,53.0,64.0,73.0,76.0,79.0,86.0,92.0,98.0,104.0,109.0,114.0,128.0,149.5,inferred
East Lothian,2021-03-11,50.0,62.0,71.0,75.0,78.0,84.0,90.0,96.0,103.0,106.0,110.0,123.1,146.0,inferred
East Lothian,2021-03-12,55.0,67.0,77.0,81.0,85.0,91.6,98.0,105.0,112.0,116.0,120.0,133.0,155.5,inferred
East Lothian,2021-03-13,52.5,65.0,74.0,77.0,80.0,87.0,93.0,100.0,108.0,111.0,115.0,128.0,148.5,inferred
East Lothian,2021-03-14,45.0,57.0,65.0,69.0,71.7,77.0,83.0,89.4,97.0,102.0,107.0,119.0,141.0,inferred
East Lothian,2021-03-15,36.5,46.0,53.0,56.0,59.0,64.0,70.0,75.0,81.0,84.0,88.0,101.0,121.5,inferred
East Lothian,2021-03-16,40.0,51.0,59.0,63.0,65.0,72.0,78.0,83.0,89.0,93.0,97.2,109.0,131.5,inferred
East Lothian,2021-03-17,59.0,74.0,83.0,88.0,91.0,98.0,105.0,112.0,119.0,124.0,128.0,144.0,166.5,inferred
East Lothian,2021-03-18,56.0,69.0,78.0,83.0,86.0,92.6,99.0,104.0,111.0,115.0,120.0,133.0,157.5,inferred
East Lothian,2021-03-19,59.0,72.0,82.0,86.0,90.0,96.0,102.0,109.0,116.0,120.0,126.0,140.0,165.0,inferred
East Lothian,2021-03-20,51.5,65.0,75.0,78.0,81.0,88.0,94.5,101.0,108.3,112.0,117.0,128.0,152.5,inferred
East Lothian,2021-03-21,43.0,54.0,63.0,66.0,69.0,75.0,81.0,88.0,94.0,98.0,102.0,114.0,132.0,inferred
East Lothian,2021-03-22,32.5,42.9,50.0,53.0,55.7,61.0,67.0,72.0,78.3,82.0,86.0,97.0,114.0,inferred
East Lothian,2021-03-23,35.5,46.0,54.0,58.0,61.0,66.0,71.0,77.0,83.0,87.0,90.0,102.0,123.0,inferred
East Lothian,2021-03-24,49.5,63.0,72.0,77.0,81.0,87.0,93.0,100.0,108.0,112.0,117.0,129.0,153.5,inferred
East Lothian,2021-03-25,45.0,59.0,67.0,70.0,73.0,79.0,85.0,91.0,98.0,102.0,107.0,119.0,139.0,inferred
East Lothian,2021-03-26,48.0,60.0,69.0,72.0,76.0,82.0,87.0,93.0,100.0,103.0,108.0,122.0,143.5,inferred
East Lothian,2021-03-27,42.0,54.0,62.0,66.0,69.0,75.0,81.0,86.0,94.0,98.2,102.0,114.0,133.0,inferred
East Lothian,2021-03-28,34.0,43.0,51.0,54.0,57.0,62.0,66.5,72.0,77.3,81.0,84.2,95.1,113.5,inferred
East Lothian,2021-03-29,22.5,32.0,40.0,42.0,44.0,50.0,55.0,60.0,65.0,68.0,71.0,81.0,98.0,inferred
East Lothian,2021-03-30,25.0,35.0,43.0,45.0,48.0,53.0,57.0,62.0,68.0,71.0,75.2,87.0,105.0,inferred
East Lothian,2021-03-31,38.0,48.0,56.0,59.0,62.0,68.0,73.0,79.0,85.0,89.0,93.0,105.0,123.5,inferred
East Lothian,2021-04-01,32.0,42.0,49.0,52.0,55.0,60.0,65.0,70.0,77.0,81.0,86.0,95.0,116.0,inferred
East Lothian,2021-04-02,29.5,41.0,49.0,52.0,56.0,60.0,65.0,70.0,77.0,81.0,84.0,96.0,115.5,inferred
East Lothian,2021-04-03,25.5,36.0,44.0,47.0,50.0,54.0,59.0,65.0,70.0,73.0,77.0,88.0,106.0,inferred
East Lothian,2021-04-04,21.0,29.0,35.0,37.0,39.0,43.0,47.0,53.0,58.3,62.0,66.0,74.0,93.0,inferred
East Lothian,2021-04-05,13.0,20.0,26.0,28.0,30.0,34.0,38.0,42.0,46.0,49.0,52.0,60.0,73.0,inferred
East Lothian,2021-04-06,14.0,21.0,27.0,29.0,31.0,35.0,39.0,43.0,48.0,50.0,53.2,62.1,79.0,inferred
East Lothian,2021-04-07,23.0,29.0,36.0,39.0,41.0,46.0,50.0,55.0,61.0,63.0,67.0,75.0,91.0,inferred
East Lothian,2021-04-08,19.0,27.0,32.0,34.0,36.0,41.0,45.0,49.4,55.0,58.0,62.0,71.0,83.0,inferred
East Lothian,2021-04-09,19.0,26.0,32.0,34.0,36.0,41.0,45.0,49.0,54.0,58.0,60.0,70.0,87.5,inferred
East Lothian,2021-04-10,15.0,23.0,28.0,30.0,32.0,36.0,40.0,44.0,49.0,52.0,55.0,64.0,77.0,inferred
East Lothian,2021-04-11,10.0,17.0,21.0,23.0,25.0,28.0,32.0,36.0,40.0,42.0,46.0,55.0,70.0,inferred
East Lothian,2021-04-12,7.0,12.0,16.0,17.0,19.0,23.0,25.0,29.0,33.0,35.0,39.0,46.0,58.0,inferred
East Lothian,2021-04-13,8.0,12.0,17.0,19.0,20.0,23.0,26.0,30.0,34.0,37.0,39.0,47.0,62.0,inferred
East Lothian,2021-04-14,12.5,20.0,25.0,27.0,29.0,33.0,36.0,40.0,44.0,47.0,50.0,57.0,70.0,inferred
East Lothian,2021-04-15,11.0,17.0,21.0,23.0,25.0,28.0,32.0,36.0,41.0,43.0,46.0,55.1,70.0,inferred
East Lothian,2021-04-16,11.0,18.0,23.0,24.0,26.0,30.0,34.0,38.0,42.0,45.0,48.0,57.0,73.0,inferred
East Lothian,2021-04-17,10.0,16.0,20.0,22.0,24.0,28.0,31.0,35.0,39.0,42.0,45.0,53.1,66.0,inferred
East Lothian,2021-04-18,7.0,13.0,16.0,18.0,20.0,24.0,26.0,30.0,33.0,36.0,38.2,47.0,60.0,inferred
East Lothian,2021-04-19,6.0,10.0,12.0,14.0,15.0,18.0,21.0,25.0,28.0,30.0,33.0,42.0,53.5,inferred
East Lothian,2021-04-20,5.0,10.0,14.0,15.0,17.0,20.0,23.0,26.0,30.0,32.0,35.0,42.0,55.0,inferred
East Lothian,2021-04-21,10.0,16.0,21.0,23.0,25.0,29.0,32.0,36.0,39.0,42.0,45.0,53.0,67.0,inferred
East Lothian,2021-04-22,9.0,14.0,18.0,20.0,22.0,25.0,28.0,32.0,36.0,39.0,41.0,49.0,64.0,inferred
East Lothian,2021-04-23,9.0,15.0,20.0,22.0,24.0,27.0,31.0,34.0,39.0,41.0,44.0,52.0,67.5,inferred
East Lothian,2021-04-24,8.0,14.0,18.0,20.0,22.0,25.0,28.0,32.0,37.0,39.0,41.0,48.0,65.0,inferred
East Lothian,2021-04-25,7.0,12.0,15.0,17.0,19.0,22.0,25.0,28.0,33.0,35.0,37.0,44.0,56.0,inferred
East Lothian,2021-04-26,4.0,8.0,11.0,13.0,14.0,17.0,20.0,23.0,27.0,29.0,31.0,38.0,48.0,inferred
East Lothian,2021-04-27,5.0,9.0,13.0,14.0,15.0,18.0,21.0,24.0,28.0,30.0,32.0,38.0,49.0,inferred
East Lothian,2021-04-28,9.0,14.0,19.0,21.0,23.0,26.0,30.0,33.4,38.0,40.0,42.0,49.0,63.0,inferred
East Lothian,2021-04-29,9.0,14.0,17.0,19.0,21.0,24.0,27.0,31.0,35.3,38.0,41.0,48.0,64.0,inferred
East Lothian,2021-04-30,9.0,14.0,19.0,21.0,23.0,26.0,29.0,32.0,36.0,38.0,41.0,49.0,62.0,inferred
East Lothian,2021-05-01,8.0,13.0,18.0,20.0,21.0,24.0,27.0,31.4,35.0,38.0,41.0,49.0,64.0,inferred
East Lothian,2021-05-02,6.0,11.0,15.0,16.0,18.0,20.0,24.0,26.0,30.0,32.0,35.0,42.0,54.0,inferred
East Lothian,2021-05-03,4.0,8.0,11.0,12.0,14.0,16.0,19.0,22.0,25.0,28.0,30.0,37.0,48.5,inferred
East Lothian,2021-05-04,5.0,9.0,12.0,14.0,15.0,18.0,21.0,24.0,28.0,30.0,33.0,40.0,52.0,inferred
East Lothian,2021-05-05,9.0,15.0,19.0,21.0,22.0,26.0,29.0,33.0,36.0,39.0,42.0,49.0,62.5,inferred
East Lothian,2021-05-06,8.0,13.0,18.0,20.0,21.0,25.0,28.0,31.0,36.0,38.2,41.0,50.0,64.0,inferred
East Lothian,2021-05-07,11.0,16.0,21.0,22.0,24.0,28.0,30.0,34.0,39.0,41.0,44.0,53.1,67.0,inferred
East Lothian,2021-05-08,10.0,16.0,21.0,23.0,25.0,28.0,31.0,35.0,38.0,41.0,44.0,52.0,67.5,inferred
East Lothian,2021-05-09,8.0,12.9,16.0,18.0,20.0,23.0,26.0,30.0,34.0,37.0,40.0,48.0,60.0,inferred
East Lothian,2021-05-10,5.0,10.0,14.0,15.0,17.0,20.0,23.0,26.0,29.0,32.0,34.0,40.1,54.0,inferred
East Lothian,2021-05-11,7.0,12.0,16.0,18.0,20.0,23.0,26.0,29.0,33.0,35.0,39.0,47.0,61.0,inferred
East Lothian,2021-05-12,14.0,20.9,25.0,28.0,29.0,33.0,36.0,40.0,44.0,47.0,51.0,59.0,77.0,inferred
East Lothian,2021-05-13,14.0,20.0,25.0,27.0,29.0,33.0,36.0,40.0,45.0,48.0,50.0,58.0,70.0,inferred
East Lothian,2021-05-14,16.0,22.0,28.0,30.0,32.0,36.0,40.0,44.0,49.0,52.0,55.0,65.0,78.0,inferred
East Lothian,2021-05-15,15.5,22.0,27.8,30.0,32.0,36.0,40.0,45.0,50.0,53.0,56.0,64.0,83.0,inferred
East Lothian,2021-05-16,12.0,19.0,25.0,27.0,29.0,33.0,36.0,40.0,45.0,48.0,51.0,59.1,75.0,inferred
East Lothian,2021-05-17,9.0,15.0,20.0,22.0,24.0,27.0,31.0,35.0,39.0,41.0,44.0,52.0,65.0,inferred
East Lothian,2021-05-18,13.0,20.0,25.0,27.0,29.0,33.0,36.0,40.0,44.0,47.0,50.0,58.0,71.0,inferred
East Lothian,2021-05-19,23.0,31.0,38.0,40.0,43.0,47.0,52.0,56.0,62.0,65.0,69.0,79.0,98.0,inferred
East Lothian,2021-05-20,23.0,31.0,38.0,40.0,42.0,46.0,52.0,56.0,62.0,66.0,70.0,80.0,95.0,inferred
East Lothian,2021-05-21,27.0,38.0,45.0,48.0,50.7,55.0,60.0,66.0,71.0,74.0,78.0,91.0,108.0,inferred
East Lothian,2021-05-22,28.0,38.0,46.0,48.0,51.0,55.0,60.0,65.0,71.0,75.0,78.0,89.0,106.0,inferred
East Lothian,2021-05-23,25.0,34.0,41.0,43.0,45.0,51.0,55.0,60.0,66.0,69.0,73.0,84.0,105.5,inferred
East Lothian,2021-05-24,20.0,29.0,35.0,37.0,40.0,44.0,48.0,52.0,57.0,60.0,63.0,73.0,92.5,inferred
East Lothian,2021-05-25,27.5,37.0,43.0,45.0,47.0,52.0,57.0,62.0,68.0,70.2,75.0,85.0,101.0,inferred
East Lothian,2021-05-26,47.0,60.0,69.0,73.0,76.0,82.0,88.0,94.0,101.0,105.0,111.0,123.0,145.0,inferred
East Lothian,2021-05-27,51.5,64.0,72.8,77.0,80.0,86.0,92.0,98.0,105.0,109.0,113.2,127.0,150.0,inferred
East Lothian,2021-05-28,64.0,77.9,87.0,91.0,94.0,100.0,107.0,114.0,121.0,126.0,130.0,142.0,164.5,inferred
East Lothian,2021-05-29,67.0,80.0,90.8,95.0,99.0,106.0,112.0,119.0,128.0,133.0,137.0,150.0,174.0,inferred
East Lothian,2021-05-30,63.0,76.0,86.0,91.0,95.0,101.0,108.0,116.0,123.0,127.0,133.0,146.0,167.0,inferred
East Lothian,2021-05-31,55.5,67.0,78.0,81.0,85.0,91.0,98.0,105.0,112.0,117.0,122.2,136.0,159.5,inferred
East Lothian,2021-06-01,68.5,83.0,95.0,98.0,102.0,110.0,116.5,123.0,132.0,137.0,142.0,158.0,179.5,inferred
East Lothian,2021-06-02,110.0,127.0,139.0,146.0,150.0,160.0,168.0,178.0,187.0,193.0,199.0,217.0,242.0,inferred
East Lothian,2021-06-03,111.0,132.0,144.0,149.8,154.0,163.0,171.0,179.4,189.0,195.0,201.0,216.0,241.0,inferred
East Lothian,2021-06-04,129.0,150.0,164.8,170.8,175.0,184.0,193.0,203.0,213.0,218.0,226.0,244.0,272.5,inferred
East Lothian,2021-06-05,133.0,153.0,167.8,172.0,177.0,187.0,195.0,204.0,214.0,219.0,228.0,245.0,274.0,inferred
East Lothian,2021-06-06,119.0,139.0,154.0,159.0,164.0,173.0,181.0,189.0,199.0,205.0,211.0,231.0,262.5,inferred
East Lothian,2021-06-07,101.5,120.0,135.8,140.0,144.0,152.0,161.0,169.0,178.0,184.0,192.0,209.0,238.0,inferred
East Lothian,2021-06-08,123.0,141.0,154.8,159.0,164.0,173.0,181.0,190.0,200.0,206.0,213.0,233.0,261.0,inferred
East Lothian,2021-06-09,178.5,203.0,220.0,227.0,232.7,243.0,252.0,263.0,275.0,281.0,289.2,308.0,341.0,inferred
East Lothian,2021-06-10,171.0,194.9,210.0,217.0,223.0,232.0,242.0,252.0,263.0,270.0,277.0,298.0,337.0,inferred
East Lothian,2021-06-11,186.5,208.9,228.0,236.0,241.0,251.0,262.0,273.0,286.0,293.0,299.2,320.0,351.0,inferred
East Lothian,2021-06-12,176.0,203.0,218.0,224.0,230.0,241.0,251.0,261.0,273.3,282.0,290.0,308.0,340.0,inferred
East Lothian,2021-06-13,156.0,178.0,193.0,200.0,205.0,215.0,224.0,236.0,247.0,253.0,260.0,280.1,309.0,inferred
East Lothian,2021-06-14,124.0,147.0,158.0,165.0,170.0,180.0,189.0,198.0,209.0,214.2,221.0,239.0,263.0,inferred
East Lothian,2021-06-15,137.0,162.0,178.0,184.0,190.0,199.0,208.0,218.0,227.3,232.0,240.0,258.0,287.0,inferred
East Lothian,2021-06-16,190.0,220.0,237.0,245.0,251.0,263.0,274.0,286.0,298.0,304.0,313.0,333.0,370.0,inferred
East Lothian,2021-06-17,175.0,200.0,218.0,225.0,231.0,243.0,252.0,263.4,276.0,283.2,292.0,313.0,347.0,inferred
East Lothian,2021-06-18,184.0,205.0,223.0,231.0,237.0,250.0,262.0,274.0,287.0,294.0,303.0,328.1,370.0,inferred
East Northamptonshire,2021-03-06,1.0,3.0,4.0,5.0,5.0,6.0,7.0,8.0,9.0,9.0,10.0,12.0,15.0,inferred
East Northamptonshire,2021-03-07,2.0,4.0,5.0,6.0,6.0,7.0,8.0,9.0,10.0,11.0,11.0,13.0,17.0,inferred
East Northamptonshire,2021-03-08,4.0,6.0,8.0,8.0,9.0,10.0,11.0,12.0,14.0,14.0,15.0,18.0,22.0,inferred
East Northamptonshire,2021-03-09,4.0,6.0,8.0,8.0,9.0,10.0,11.0,13.0,14.0,15.0,16.0,18.0,22.5,inferred
East Northamptonshire,2021-03-10,5.0,7.0,9.0,10.0,10.0,12.0,13.0,14.0,15.0,16.0,17.0,20.0,23.5,inferred
East Northamptonshire,2021-03-11,4.0,6.0,8.0,9.0,10.0,11.0,12.0,13.0,14.0,15.0,16.0,19.0,24.0,inferred
East Northamptonshire,2021-03-12,4.0,6.0,8.0,8.0,9.0,10.0,11.0,13.0,14.0,14.0,15.0,18.0,23.0,inferred
East Northamptonshire,2021-03-13,3.0,5.0,6.0,7.0,7.0,8.0,9.0,10.0,12.0,12.0,13.0,15.0,19.5,inferred
East Northamptonshire,2021-03-14,4.0,6.0,8.0,9.0,9.0,10.0,11.0,12.0,14.0,15.0,15.0,18.0,22.0,inferred
East Northamptonshire,2021-03-15,6.0,9.0,10.0,11.0,12.0,13.0,14.0,16.0,17.0,18.0,19.0,22.0,26.0,inferred
East Northamptonshire,2021-03-16,5.0,8.0,10.0,11.0,11.0,13.0,14.0,16.0,17.0,18.0,19.0,21.0,26.0,inferred
East Northamptonshire,2021-03-17,6.0,9.0,11.0,12.0,12.0,14.0,15.0,16.0,18.0,19.0,20.0,23.0,28.0,inferred
East Northamptonshire,2021-03-18,6.0,8.0,10.0,10.0,11.0,12.0,14.0,15.0,17.0,17.0,19.0,21.0,26.0,inferred
East Northamptonshire,2021-03-19,5.0,7.0,9.0,10.0,10.0,12.0,13.0,14.0,15.0,16.0,17.0,20.0,24.0,inferred
East Northamptonshire,2021-03-20,3.0,5.0,7.0,7.0,8.0,9.0,10.0,11.0,13.0,14.0,14.0,17.0,21.0,inferred
East Northamptonshire,2021-03-21,5.0,7.0,9.0,9.0,10.0,11.0,12.0,14.0,15.0,16.0,17.0,19.0,23.0,inferred
East Northamptonshire,2021-03-22,6.0,9.0,11.0,12.0,13.0,14.0,15.0,17.0,19.0,19.2,20.0,23.0,28.0,inferred
East Northamptonshire,2021-03-23,6.0,8.0,10.0,11.0,12.0,13.0,15.0,16.0,17.0,18.0,19.0,22.0,26.0,inferred
East Northamptonshire,2021-03-24,6.0,8.0,10.0,11.0,12.0,13.0,15.0,16.0,17.0,18.0,20.0,22.0,27.0,inferred
East Northamptonshire,2021-03-25,5.0,7.0,9.0,9.0,10.0,11.0,12.0,14.0,15.0,16.0,17.0,19.0,23.0,inferred
East Northamptonshire,2021-03-26,3.0,5.0,7.0,8.0,8.0,9.0,10.5,12.0,13.0,14.0,14.0,17.0,20.0,inferred
East Northamptonshire,2021-03-27,2.0,3.0,5.0,5.0,6.0,7.0,8.0,9.0,10.0,11.0,11.0,14.0,17.0,inferred
East Northamptonshire,2021-03-28,2.0,4.0,5.0,6.0,6.0,7.0,8.0,9.0,11.0,11.0,12.0,15.0,19.0,inferred
East Northamptonshire,2021-03-29,3.0,5.0,7.0,7.0,8.0,9.0,10.0,11.0,12.0,13.0,14.0,17.0,21.0,inferred
East Northamptonshire,2021-03-30,3.0,4.0,6.0,6.0,7.0,8.0,9.0,10.0,11.0,12.0,13.0,15.0,19.0,inferred
East Northamptonshire,2021-03-31,3.0,4.0,6.0,6.0,7.0,8.0,9.0,10.0,11.0,12.0,12.0,14.0,18.0,inferred
East Northamptonshire,2021-04-01,2.0,3.0,4.0,5.0,5.0,6.0,7.0,8.0,9.0,10.0,11.0,13.0,16.0,inferred
East Northamptonshire,2021-04-02,1.0,3.0,4.0,4.0,4.7,5.0,6.0,7.0,8.0,9.0,9.0,11.0,15.0,inferred
East Northamptonshire,2021-04-03,0.5,1.0,2.0,3.0,3.0,4.0,4.0,5.0,6.0,7.0,7.0,9.0,12.0,inferred
East Northamptonshire,2021-04-04,1.0,2.0,3.0,3.0,3.0,4.0,5.0,6.0,7.0,7.0,8.0,9.0,13.0,inferred
East Northamptonshire,2021-04-05,1.0,2.0,3.0,4.0,4.0,5.0,6.0,7.0,8.0,8.0,9.0,11.0,14.0,inferred
East Northamptonshire,2021-04-06,1.0,2.0,3.0,3.0,4.0,4.0,5.0,6.0,7.0,7.0,8.0,10.0,14.0,inferred
East Northamptonshire,2021-04-07,1.0,2.0,3.0,3.0,3.0,4.0,5.0,6.0,7.0,7.0,8.0,10.0,13.0,inferred
East Northamptonshire,2021-04-08,0.0,1.0,2.0,3.0,3.0,4.0,4.0,5.0,6.0,6.0,7.0,9.0,12.0,inferred
East Northamptonshire,2021-04-09,0.0,1.0,2.0,2.0,2.0,3.0,4.0,4.0,5.0,6.0,6.0,8.0,10.0,inferred
East Northamptonshire,2021-04-10,0.0,0.0,1.0,1.0,1.0,2.0,2.0,3.0,4.0,4.0,5.0,6.0,9.0,inferred
East Northamptonshire,2021-04-11,0.0,1.0,1.0,2.0,2.0,2.0,3.0,4.0,4.0,5.0,5.0,7.0,9.0,inferred
East Northamptonshire,2021-04-12,0.0,1.0,1.0,2.0,2.0,3.0,3.0,4.0,5.0,5.0,6.0,7.0,10.0,inferred
East Northamptonshire,2021-04-13,0.0,1.0,1.0,2.0,2.0,2.0,3.0,4.0,4.0,5.0,5.0,7.0,10.0,inferred
East Northamptonshire,2021-04-14,0.0,1.0,1.0,2.0,2.0,2.0,3.0,4.0,4.0,5.0,5.0,7.0,10.0,inferred
East Northamptonshire,2021-04-15,0.0,0.0,1.0,1.0,2.0,2.0,3.0,3.0,4.0,4.0,5.0,6.0,9.0,inferred
East Northamptonshire,2021-04-16,0.0,0.0,1.0,1.0,1.0,2.0,2.0,3.0,3.0,4.0,4.0,6.0,8.0,inferred
East Northamptonshire,2021-04-17,0.0,0.0,0.0,1.0,1.0,1.0,1.0,2.0,3.0,3.0,3.0,5.0,7.0,inferred
East Northamptonshire,2021-04-18,0.0,0.0,1.0,1.0,1.0,1.0,2.0,2.0,3.0,3.0,4.0,5.0,8.0,inferred
East Northamptonshire,2021-04-19,0.0,0.0,1.0,1.0,1.0,2.0,2.5,3.0,4.0,4.0,5.0,6.0,8.0,inferred
East Northamptonshire,2021-04-20,0.0,0.0,1.0,1.0,1.0,2.0,2.0,3.0,4.0,4.0,5.0,6.0,9.0,inferred
East Northamptonshire,2021-04-21,0.0,0.0,1.0,1.0,2.0,2.0,3.0,3.0,4.0,4.0,5.0,6.0,9.0,inferred
East Northamptonshire,2021-04-22,0.0,0.0,1.0,1.0,1.0,2.0,2.0,3.0,4.0,4.0,4.0,6.0,8.0,inferred
East Northamptonshire,2021-04-23,0.0,0.0,1.0,1.0,1.0,2.0,2.0,3.0,3.0,4.0,4.0,5.0,8.0,inferred
East Northamptonshire,2021-04-24,0.0,0.0,0.0,1.0,1.0,1.0,2.0,2.0,3.0,3.0,3.0,5.0,7.0,inferred
East Northamptonshire,2021-04-25,0.0,0.0,0.8,1.0,1.0,1.0,2.0,2.0,3.0,3.0,4.0,5.0,8.0,inferred
East Northamptonshire,2021-04-26,0.0,0.0,1.0,1.0,1.0,2.0,2.0,3.0,4.0,4.0,5.0,6.0,8.0,inferred
East Northamptonshire,2021-04-27,0.0,0.0,1.0,1.0,1.0,2.0,2.0,3.0,4.0,4.0,5.0,6.0,8.5,inferred
East Northamptonshire,2021-04-28,0.0,0.0,1.0,1.0,1.0,2.0,2.0,3.0,4.0,4.0,4.0,6.0,8.5,inferred
East Northamptonshire,2021-04-29,0.0,0.0,1.0,1.0,1.0,2.0,2.0,3.0,4.0,4.0,5.0,6.0,8.0,inferred
East Northamptonshire,2021-04-30,0.0,0.0,1.0,1.0,1.0,2.0,2.0,3.0,3.0,4.0,4.0,5.0,8.0,inferred
East Northamptonshire,2021-05-01,0.0,0.0,0.0,1.0,1.0,1.0,2.0,2.0,3.0,3.0,3.0,5.0,7.0,inferred
East Northamptonshire,2021-05-02,0.0,0.0,1.0,1.0,1.0,1.0,2.0,2.0,3.0,4.0,4.0,5.0,8.0,inferred
East Northamptonshire,2021-05-03,0.0,0.0,1.0,1.0,2.0,2.0,3.0,3.0,4.0,4.0,5.0,6.0,9.0,inferred
East Northamptonshire,2021-05-04,0.0,0.0,1.0,1.0,2.0,2.0,3.0,3.0,4.0,4.0,5.0,6.0,9.0,inferred
East Northamptonshire,2021-05-05,0.0,1.0,1.0,1.0,2.0,2.0,3.0,3.0,4.0,5.0,5.0,6.0,9.0,inferred
East Northamptonshire,2021-05-06,0.0,0.0,1.0,1.0,1.0,2.0,2.0,3.0,4.0,4.0,5.0,6.0,9.0,inferred
East Northamptonshire,2021-05-07,0.0,0.0,1.0,1.0,1.0,2.0,2.0,3.0,4.0,4.0,4.0,6.0,8.0,inferred
East Northamptonshire,2021-05-08,0.0,0.0,1.0,1.0,1.0,1.0,2.0,2.0,3.0,3.0,4.0,5.0,7.0,inferred
East Northamptonshire,2021-05-09,0.0,0.0,1.0,1.0,1.0,2.0,2.0,3.0,3.0,4.0,4.0,5.0,8.0,inferred
East Northamptonshire,2021-05-10,0.0,0.0,1.0,1.0,2.0,2.0,3.0,3.0,4.0,5.0,5.0,7.0,9.5,inferred
East Northamptonshire,2021-05-11,0.0,0.0,1.0,1.0,2.0,2.0,3.0,3.0,4.0,4.0,5.0,6.0,9.0,inferred
East Northamptonshire,2021-05-12,0.0,1.0,1.0,1.0,2.0,2.0,3.0,4.0,4.0,5.0,5.0,6.0,9.0,inferred
East Northamptonshire,2021-05-13,0.0,0.0,1.0,1.0,1.0,2.0,2.0,3.0,4.0,4.0,5.0,6.0,9.0,inferred
East Northamptonshire,2021-05-14,0.0,0.0,1.0,1.0,1.0,2.0,2.0,3.0,4.0,4.0,5.0,6.0,8.0,inferred
East Northamptonshire,2021-05-15,0.0,0.0,0.0,1.0,1.0,1.0,2.0,2.0,3.0,3.0,4.0,5.0,7.0,inferred
East Northamptonshire,2021-05-16,0.0,0.0,1.0,1.0,1.0,2.0,2.0,3.0,3.0,4.0,4.0,6.0,8.0,inferred
East Northamptonshire,2021-05-17,0.0,0.0,1.0,2.0,2.0,2.0,3.0,3.0,4.0,5.0,5.0,7.0,9.0,inferred
East Northamptonshire,2021-05-18,0.0,1.0,1.0,1.0,2.0,2.0,3.0,4.0,4.0,5.0,5.0,7.0,10.0,inferred
East Northamptonshire,2021-05-19,0.0,1.0,1.0,2.0,2.0,2.0,3.0,4.0,4.0,5.0,5.0,7.0,10.0,inferred
East Northamptonshire,2021-05-20,0.0,1.0,1.0,1.0,2.0,2.0,3.0,3.0,4.0,4.0,5.0,6.0,9.0,inferred
East Northamptonshire,2021-05-21,0.0,0.0,1.0,1.0,2.0,2.0,3.0,3.0,4.0,4.0,5.0,6.0,8.0,inferred
East Northamptonshire,2021-05-22,0.0,0.0,1.0,1.0,1.0,2.0,2.0,3.0,3.0,3.0,4.0,5.0,8.0,inferred
East Northamptonshire,2021-05-23,0.0,0.0,1.0,1.0,1.0,2.0,2.0,3.0,4.0,4.0,4.0,6.0,8.0,inferred
East Northamptonshire,2021-05-24,0.0,1.0,1.0,2.0,2.0,3.0,3.0,4.0,5.0,5.0,6.0,7.0,10.0,inferred
East Northamptonshire,2021-05-25,0.0,1.0,2.0,2.0,2.0,3.0,3.0,4.0,5.0,5.0,6.0,7.0,10.0,inferred
East Northamptonshire,2021-05-26,0.0,1.0,2.0,2.0,2.0,3.0,4.0,4.0,5.0,6.0,6.0,8.0,11.0,inferred
East Northamptonshire,2021-05-27,0.0,1.0,2.0,2.0,2.0,3.0,3.0,4.0,5.0,5.0,6.0,8.0,10.0,inferred
East Northamptonshire,2021-05-28,0.0,1.0,1.0,2.0,2.0,3.0,3.0,4.0,5.0,5.0,6.0,7.0,11.0,inferred
East Northamptonshire,2021-05-29,0.0,0.0,1.0,1.0,2.0,2.0,3.0,3.0,4.0,4.0,5.0,6.0,9.0,inferred
East Northamptonshire,2021-05-30,0.0,1.0,1.0,2.0,2.0,3.0,3.0,4.0,4.0,5.0,5.0,7.0,10.0,inferred
East Northamptonshire,2021-05-31,0.0,1.0,2.0,3.0,3.0,3.0,4.0,5.0,6.0,6.0,7.0,8.0,12.0,inferred
East Northamptonshire,2021-06-01,0.0,1.0,2.0,2.0,2.0,3.0,4.0,5.0,6.0,6.0,7.0,9.0,12.0,inferred
East Northamptonshire,2021-06-02,0.0,1.0,2.0,3.0,3.0,4.0,4.0,5.0,6.0,6.0,7.0,9.0,11.0,inferred
East Northamptonshire,2021-06-03,0.0,1.0,2.0,2.0,3.0,3.0,4.0,5.0,6.0,6.0,7.0,8.0,12.0,inferred
East Northamptonshire,2021-06-04,0.0,1.0,2.0,2.0,2.0,3.0,4.0,4.0,5.0,6.0,6.0,8.0,11.0,inferred
East Northamptonshire,2021-06-05,0.0,1.0,1.0,2.0,2.0,2.0,3.0,4.0,4.0,5.0,5.0,7.0,9.5,inferred
East Northamptonshire,2021-06-06,0.0,1.0,2.0,2.0,2.0,3.0,3.0,4.0,5.0,5.0,6.0,7.0,11.0,inferred
East Northamptonshire,2021-06-07,0.0,1.0,2.0,3.0,3.0,4.0,5.0,5.0,6.0,7.0,7.0,9.0,12.0,inferred
East Northamptonshire,2021-06-08,0.0,1.0,2.0,3.0,3.0,4.0,5.0,6.0,6.0,7.0,8.0,9.0,13.0,inferred
East Northamptonshire,2021-06-09,1.0,2.0,3.0,3.0,4.0,4.0,5.0,6.0,7.0,7.0,8.0,10.0,13.0,inferred
East Northamptonshire,2021-06-10,1.0,2.0,3.0,3.0,3.0,4.0,5.0,6.0,7.0,7.0,8.0,10.0,13.0,inferred
East Northamptonshire,2021-06-11,1.0,2.0,3.0,3.0,3.0,4.0,5.0,6.0,6.3,7.0,8.0,9.0,13.0,inferred
East Northamptonshire,2021-06-12,0.0,1.0,2.0,2.0,3.0,3.0,4.0,5.0,6.0,6.0,7.0,8.0,11.0,inferred
East Northamptonshire,2021-06-13,1.0,2.0,3.0,3.0,3.0,4.0,5.0,6.0,7.0,7.0,8.0,10.0,13.0,inferred
East Northamptonshire,2021-06-14,1.0,3.0,4.0,5.0,5.0,6.0,7.0,8.0,9.0,10.0,10.0,13.0,16.0,inferred
East Northamptonshire,2021-06-15,2.0,3.0,5.0,5.0,6.0,6.0,7.0,8.0,9.0,10.0,10.0,12.0,17.0,inferred
East Northamptonshire,2021-06-16,2.0,4.0,5.0,6.0,6.0,7.0,8.0,9.0,10.0,11.0,12.0,14.0,18.0,inferred
East Northamptonshire,2021-06-17,2.0,3.0,5.0,5.0,6.0,7.0,8.0,9.0,10.0,11.0,12.0,14.0,18.0,inferred
East Northamptonshire,2021-06-18,1.0,3.0,4.0,5.0,5.0,6.0,7.0,8.0,10.0,10.0,11.0,13.1,18.0,inferred
East Renfrewshire,2021-03-06,113.0,127.0,140.0,145.0,149.0,157.6,164.0,171.0,179.0,184.0,189.0,203.0,223.0,inferred
East Renfrewshire,2021-03-07,101.0,115.0,126.0,131.0,135.0,142.0,149.0,156.0,164.0,168.0,173.0,186.0,213.0,inferred
East Renfrewshire,2021-03-08,83.0,98.0,108.0,112.0,115.0,122.0,129.0,136.0,143.0,147.0,151.0,163.0,187.0,inferred
East Renfrewshire,2021-03-09,95.0,113.0,124.0,128.0,132.0,139.0,145.0,152.0,159.0,164.0,169.0,183.0,205.0,inferred
East Renfrewshire,2021-03-10,141.5,160.0,172.0,176.0,180.0,188.0,196.0,204.0,213.0,218.0,224.0,240.0,266.0,inferred
East Renfrewshire,2021-03-11,130.0,150.0,162.0,167.0,171.0,179.0,187.0,195.0,204.0,208.0,213.0,228.0,255.0,inferred
East Renfrewshire,2021-03-12,136.5,160.0,172.0,177.0,181.0,190.0,199.0,207.0,217.0,222.0,228.0,245.0,269.0,inferred
East Renfrewshire,2021-03-13,132.5,149.9,163.0,168.0,172.0,181.0,189.0,197.0,204.0,209.0,215.0,233.0,256.0,inferred
East Renfrewshire,2021-03-14,112.5,128.0,140.0,144.0,147.0,155.0,162.0,170.0,179.0,183.0,189.0,204.1,224.0,inferred
East Renfrewshire,2021-03-15,86.0,105.0,115.0,119.0,122.0,130.0,136.0,144.0,152.0,155.0,160.0,173.0,197.0,inferred
East Renfrewshire,2021-03-16,101.0,115.0,125.8,130.0,133.0,140.0,147.0,154.0,162.0,167.0,173.0,184.0,207.0,inferred
East Renfrewshire,2021-03-17,137.0,156.0,169.0,174.0,178.0,186.0,196.0,205.0,216.0,221.0,226.0,241.0,265.5,inferred
East Renfrewshire,2021-03-18,127.0,145.0,156.0,161.0,166.0,174.0,183.0,190.0,199.0,204.0,209.0,223.0,249.0,inferred
East Renfrewshire,2021-03-19,132.0,149.9,163.0,168.0,172.0,180.0,187.0,195.0,204.3,210.0,215.0,230.1,257.0,inferred
East Renfrewshire,2021-03-20,118.0,136.0,149.0,154.0,159.0,168.0,174.0,182.0,190.0,195.0,201.0,217.0,236.0,inferred
East Renfrewshire,2021-03-21,99.0,114.0,126.0,130.0,133.7,141.0,148.0,155.0,163.0,166.0,171.0,184.0,206.5,inferred
East Renfrewshire,2021-03-22,79.0,93.0,102.0,106.0,110.0,116.0,121.0,127.0,134.0,139.0,143.0,156.0,178.0,inferred
East Renfrewshire,2021-03-23,84.0,97.0,107.0,112.0,116.0,123.0,129.0,136.0,144.0,149.0,154.0,167.0,188.0,inferred
East Renfrewshire,2021-03-24,117.0,133.0,145.0,150.0,155.0,163.0,171.0,178.0,186.0,191.0,197.0,212.0,237.6,inferred
East Renfrewshire,2021-03-25,106.0,120.9,132.0,136.0,140.0,148.0,155.0,162.0,170.3,175.0,181.0,196.0,215.0,inferred
East Renfrewshire,2021-03-26,107.0,125.0,137.0,141.0,145.0,152.0,159.0,166.0,174.0,179.0,185.0,198.0,222.5,inferred
East Renfrewshire,2021-03-27,94.5,111.0,122.0,127.0,131.0,139.0,146.0,153.0,161.0,166.0,171.0,184.0,211.0,inferred
East Renfrewshire,2021-03-28,76.0,91.0,100.0,104.0,107.0,115.0,121.0,128.0,135.0,138.0,142.0,156.0,178.0,inferred
East Renfrewshire,2021-03-29,57.0,72.0,81.0,84.0,87.0,93.0,99.0,106.0,111.0,115.0,119.0,130.0,147.0,inferred
East Renfrewshire,2021-03-30,63.0,77.0,85.0,89.0,92.0,98.0,103.5,109.0,116.0,119.0,124.0,134.0,153.5,inferred
East Renfrewshire,2021-03-31,88.0,103.9,114.0,118.0,121.0,129.0,135.0,142.0,149.0,153.0,158.0,171.0,192.0,inferred
East Renfrewshire,2021-04-01,76.0,90.0,102.0,105.0,109.0,115.0,122.0,129.0,135.0,140.0,144.0,157.0,181.5,inferred
East Renfrewshire,2021-04-02,77.0,94.9,104.0,108.0,112.0,119.0,125.0,131.0,138.0,143.0,148.0,160.0,182.5,inferred
East Renfrewshire,2021-04-03,71.0,85.0,94.0,97.0,101.0,106.0,112.0,118.0,126.0,129.0,134.0,147.0,167.0,inferred
East Renfrewshire,2021-04-04,56.0,69.0,78.0,81.0,84.0,89.0,95.0,101.0,107.0,111.0,114.0,126.0,142.5,inferred
East Renfrewshire,2021-04-05,40.0,52.0,60.0,63.0,65.0,71.0,76.0,81.0,86.3,90.0,94.0,105.0,123.0,inferred
East Renfrewshire,2021-04-06,45.5,55.0,63.0,66.0,68.0,74.0,80.0,86.0,92.0,96.0,99.0,110.0,131.0,inferred
East Renfrewshire,2021-04-07,61.0,75.0,86.0,89.0,93.0,98.0,105.0,111.0,117.0,121.0,126.0,140.0,157.5,inferred
East Renfrewshire,2021-04-08,60.0,71.0,79.0,83.0,86.0,91.0,97.0,103.0,110.0,114.0,117.0,130.0,148.0,inferred
East Renfrewshire,2021-04-09,62.0,75.0,83.0,86.0,89.0,94.0,100.0,106.0,113.0,117.0,121.0,133.0,150.0,inferred
East Renfrewshire,2021-04-10,54.0,66.0,74.0,77.0,80.0,86.0,92.0,98.0,103.0,107.0,111.0,122.0,143.0,inferred
East Renfrewshire,2021-04-11,43.0,54.0,61.0,64.0,67.0,73.0,78.0,83.0,89.0,92.0,95.0,105.0,125.0,inferred
East Renfrewshire,2021-04-12,34.0,43.0,49.0,52.0,54.0,59.0,64.0,68.0,73.0,76.0,79.0,89.0,107.0,inferred
East Renfrewshire,2021-04-13,36.0,45.0,52.0,55.0,57.0,62.0,67.0,71.0,77.0,80.0,83.0,92.0,109.0,inferred
East Renfrewshire,2021-04-14,52.0,63.0,70.8,73.0,77.0,82.0,88.0,94.0,100.0,104.0,108.0,118.0,134.0,inferred
East Renfrewshire,2021-04-15,44.0,55.0,63.0,66.0,69.0,74.0,79.0,85.0,91.0,94.0,98.0,107.0,126.0,inferred
East Renfrewshire,2021-04-16,44.5,56.0,64.0,67.8,70.0,75.0,80.0,84.4,91.0,94.0,99.0,107.0,126.0,inferred
East Renfrewshire,2021-04-17,40.0,51.0,58.0,61.0,64.0,68.0,74.0,78.0,84.0,87.0,91.0,101.0,115.0,inferred
East Renfrewshire,2021-04-18,32.0,41.0,48.0,51.0,53.0,58.0,62.0,66.0,72.0,75.0,78.0,87.0,103.0,inferred
East Renfrewshire,2021-04-19,22.0,30.0,37.0,39.0,41.0,46.0,49.0,54.0,58.0,61.0,64.0,73.0,89.5,inferred
East Renfrewshire,2021-04-20,23.5,32.0,38.0,41.0,43.0,48.0,52.0,55.0,60.0,63.0,66.0,75.0,90.0,inferred
East Renfrewshire,2021-04-21,35.0,46.0,52.0,54.0,57.0,63.0,68.0,73.0,78.0,81.0,84.0,95.0,110.0,inferred
East Renfrewshire,2021-04-22,28.5,39.9,46.0,49.0,52.0,56.0,60.0,65.0,70.0,73.0,76.0,86.0,105.0,inferred
East Renfrewshire,2021-04-23,32.0,41.0,48.0,51.0,53.0,58.0,62.0,67.0,72.0,75.0,78.0,88.0,104.0,inferred
East Renfrewshire,2021-04-24,28.0,36.0,43.0,45.0,48.0,52.0,56.0,60.0,65.0,68.0,71.0,81.0,95.0,inferred
East Renfrewshire,2021-04-25,22.0,29.0,34.0,37.0,39.0,42.0,46.0,50.0,55.0,57.0,61.0,69.0,83.0,inferred
East Renfrewshire,2021-04-26,15.0,22.0,26.0,27.0,30.0,33.0,36.5,41.0,44.0,47.0,49.0,57.0,69.0,inferred
East Renfrewshire,2021-04-27,16.0,23.0,28.0,30.0,32.0,35.0,38.0,42.0,47.0,49.0,51.0,58.0,71.0,inferred
East Renfrewshire,2021-04-28,25.0,33.0,39.0,42.0,44.0,48.0,52.0,56.4,61.0,63.0,66.0,75.0,90.0,inferred
East Renfrewshire,2021-04-29,23.0,31.0,37.0,39.0,41.0,45.0,49.0,53.0,59.0,61.0,65.0,72.0,85.5,inferred
East Renfrewshire,2021-04-30,24.0,33.0,40.0,42.0,44.0,48.0,52.0,57.0,62.0,64.0,68.0,75.1,89.0,inferred
East Renfrewshire,2021-05-01,23.0,31.0,36.0,39.0,41.0,45.0,50.0,54.0,59.0,61.0,64.0,73.0,88.5,inferred
East Renfrewshire,2021-05-02,20.0,27.0,32.0,34.0,36.0,40.0,43.0,47.0,51.0,54.0,57.0,65.0,79.0,inferred
East Renfrewshire,2021-05-03,14.0,20.0,25.0,27.0,29.0,32.0,35.0,38.0,42.0,44.0,47.0,54.0,68.0,inferred
East Renfrewshire,2021-05-04,18.0,25.0,30.0,33.0,34.7,38.0,41.0,45.0,49.0,52.0,54.0,62.0,77.0,inferred
East Renfrewshire,2021-05-05,31.0,41.0,47.0,50.0,52.0,57.0,61.0,66.0,71.0,74.0,78.0,88.0,103.0,inferred
East Renfrewshire,2021-05-06,34.0,44.0,50.0,53.0,55.0,60.0,64.0,69.0,75.0,77.0,81.0,91.0,103.5,inferred
East Renfrewshire,2021-05-07,43.0,53.0,60.0,62.0,65.0,71.0,76.0,81.0,86.0,90.0,94.0,103.0,120.0,inferred
East Renfrewshire,2021-05-08,43.5,55.0,62.0,64.8,68.0,73.0,78.0,83.0,88.0,92.0,96.0,106.0,121.5,inferred
East Renfrewshire,2021-05-09,40.0,50.0,58.0,61.0,64.0,68.0,73.5,79.0,84.0,88.0,92.0,102.1,117.0,inferred
East Renfrewshire,2021-05-10,36.0,46.0,53.0,56.0,59.0,63.0,67.0,72.0,77.0,81.0,85.0,95.0,112.0,inferred
East Renfrewshire,2021-05-11,45.0,57.0,64.0,67.0,70.0,76.0,81.0,86.0,92.0,95.0,99.0,109.0,127.0,inferred
East Renfrewshire,2021-05-12,71.0,88.0,97.0,100.8,104.7,110.0,117.0,124.0,131.0,135.0,139.0,151.1,174.0,inferred
East Renfrewshire,2021-05-13,75.0,90.0,99.0,103.0,106.7,113.0,119.0,126.0,133.0,137.0,141.0,154.0,175.5,inferred
East Renfrewshire,2021-05-14,90.0,104.0,115.0,119.0,122.0,129.0,136.0,143.0,151.0,155.0,159.0,172.0,195.0,inferred
East Renfrewshire,2021-05-15,87.0,104.0,116.0,120.0,124.0,131.0,138.0,144.0,152.0,157.0,160.0,174.1,200.0,inferred
East Renfrewshire,2021-05-16,78.0,94.0,106.0,110.0,114.0,121.0,127.0,134.0,141.0,146.0,150.0,161.0,181.0,inferred
East Renfrewshire,2021-05-17,71.0,84.0,93.0,97.0,100.0,107.0,114.0,120.0,127.3,131.0,136.0,148.0,169.0,inferred
East Renfrewshire,2021-05-18,85.0,102.0,113.0,116.0,119.0,127.0,133.0,139.0,147.0,151.0,155.0,168.0,190.0,inferred
East Renfrewshire,2021-05-19,125.5,146.9,159.0,164.0,169.0,177.0,185.0,192.0,201.0,206.0,211.0,228.0,256.5,inferred
East Renfrewshire,2021-05-20,124.0,144.0,155.0,161.0,165.0,174.0,182.0,190.0,198.0,203.0,208.0,224.0,245.5,inferred
East Renfrewshire,2021-05-21,135.5,155.0,168.0,174.0,179.0,187.0,196.0,204.0,214.0,219.0,224.0,241.0,262.5,inferred
East Renfrewshire,2021-05-22,136.0,155.0,169.0,173.0,178.0,185.0,193.0,201.0,209.0,214.2,220.0,234.0,262.5,inferred
East Renfrewshire,2021-05-23,117.5,136.0,146.0,151.8,156.0,165.0,173.0,180.0,188.0,192.0,199.0,212.0,236.5,inferred
East Renfrewshire,2021-05-24,99.5,115.0,125.0,129.0,133.0,140.0,148.0,155.0,163.0,167.0,172.0,185.1,210.5,inferred
East Renfrewshire,2021-05-25,109.0,127.0,140.0,144.0,148.0,156.0,163.0,171.0,179.0,184.0,189.0,203.0,226.0,inferred
East Renfrewshire,2021-05-26,163.0,184.0,197.8,203.0,207.0,216.0,224.0,233.0,243.0,250.0,256.0,273.0,301.5,inferred
East Renfrewshire,2021-05-27,152.5,172.0,186.0,191.0,196.0,205.0,213.0,222.0,231.0,236.0,242.0,257.0,284.5,inferred
East Renfrewshire,2021-05-28,167.0,190.0,202.0,208.0,212.0,223.0,231.0,239.0,249.0,254.0,261.0,276.0,303.0,inferred
East Renfrewshire,2021-05-29,157.0,179.0,193.0,199.0,202.0,211.0,219.0,228.0,238.0,244.0,251.0,267.0,293.5,inferred
East Renfrewshire,2021-05-30,139.0,154.0,168.0,173.0,178.0,186.0,194.5,201.4,210.0,215.0,221.0,237.0,259.0,inferred
East Renfrewshire,2021-05-31,110.0,126.0,139.0,144.0,148.0,156.6,164.0,171.0,179.0,183.0,189.0,204.0,229.5,inferred
East Renfrewshire,2021-06-01,125.0,143.0,155.0,160.0,165.0,172.0,180.0,189.0,197.0,202.0,209.0,224.0,246.0,inferred
East Renfrewshire,2021-06-02,181.0,202.0,216.0,223.0,229.0,237.0,246.0,256.0,266.0,272.0,277.0,298.0,327.0,inferred
East Renfrewshire,2021-06-03,170.0,191.9,206.0,212.0,217.0,227.0,236.0,245.0,254.3,260.0,267.0,283.0,312.0,inferred
East Renfrewshire,2021-06-04,184.5,205.0,222.0,227.0,232.0,242.0,250.0,260.0,269.0,276.0,282.0,302.0,329.5,inferred
East Renfrewshire,2021-06-05,175.0,197.0,210.0,216.0,222.0,232.6,241.0,250.4,262.0,267.2,275.0,293.0,319.5,inferred
East Renfrewshire,2021-06-06,153.5,172.0,185.0,190.0,195.0,204.0,212.0,221.0,231.0,236.0,242.0,259.0,294.0,inferred
East Renfrewshire,2021-06-07,122.5,141.0,154.0,159.0,164.0,172.0,180.0,187.0,196.0,201.0,206.2,223.0,248.5,inferred
East Renfrewshire,2021-06-08,136.0,158.0,171.0,177.0,181.0,190.0,197.0,205.0,215.0,221.0,228.0,243.0,274.0,inferred
East Renfrewshire,2021-06-09,203.5,225.9,240.0,244.0,250.0,261.0,270.0,280.0,292.0,298.0,306.0,324.1,353.0,inferred
East Renfrewshire,2021-06-10,192.5,216.0,229.0,235.0,240.0,250.0,260.0,270.0,281.3,288.0,293.0,312.0,341.0,inferred
East Renfrewshire,2021-06-11,207.0,230.9,246.0,252.0,259.0,269.0,280.0,288.4,301.0,306.0,314.0,333.0,361.0,inferred
East Renfrewshire,2021-06-12,200.5,221.0,236.0,242.0,246.7,256.6,268.0,276.4,287.0,293.0,300.0,318.0,348.5,inferred
East Renfrewshire,2021-06-13,169.0,192.0,207.0,212.0,217.0,226.0,236.0,246.0,256.0,262.0,268.0,284.0,313.0,inferred
East Renfrewshire,2021-06-14,141.0,156.0,170.8,176.0,180.0,188.0,196.0,207.0,215.0,220.0,227.0,241.0,273.0,inferred
East Renfrewshire,2021-06-15,155.0,176.0,188.0,193.0,198.0,206.0,214.0,224.0,234.0,239.0,245.0,262.0,286.5,inferred
East Renfrewshire,2021-06-16,215.9,238.9,255.0,262.0,268.0,278.0,289.0,298.0,310.0,316.0,324.0,343.0,377.0,inferred
East Renfrewshire,2021-06-17,198.5,220.0,237.0,243.0,249.0,259.0,268.0,278.0,289.0,296.0,302.0,321.0,349.5,inferred
East Renfrewshire,2021-06-18,207.5,231.0,248.0,255.0,261.0,271.0,282.0,293.0,305.0,312.0,318.0,338.1,368.5,inferred
East Riding of Yorkshire,2021-03-06,13.0,17.0,20.0,21.0,23.0,25.0,26.0,28.0,30.0,32.0,33.0,37.0,43.0,inferred
East Riding of Yorkshire,2021-03-07,16.0,21.0,23.0,25.0,26.0,28.0,30.0,32.0,34.0,35.0,37.0,40.0,48.0,inferred
East Riding of Yorkshire,2021-03-08,24.0,28.0,32.0,33.0,34.0,37.0,39.0,41.0,44.0,45.0,47.0,52.0,58.0,inferred
East Riding of Yorkshire,2021-03-09,21.0,26.0,30.0,31.0,32.7,35.0,37.0,40.0,42.0,43.0,45.0,50.0,57.0,inferred
East Riding of Yorkshire,2021-03-10,23.0,29.0,32.0,33.0,34.0,37.0,39.0,41.0,44.0,45.0,47.0,52.0,60.0,inferred
East Riding of Yorkshire,2021-03-11,22.0,26.0,29.0,31.0,32.0,35.0,37.0,39.0,42.0,43.0,45.0,49.0,56.0,inferred
East Riding of Yorkshire,2021-03-12,19.5,24.0,27.0,28.0,30.0,32.0,34.0,37.0,39.0,40.0,41.0,46.0,52.0,inferred
East Riding of Yorkshire,2021-03-13,15.0,19.0,22.0,23.0,25.0,27.0,29.0,31.0,33.0,34.0,35.0,39.0,45.0,inferred
East Riding of Yorkshire,2021-03-14,18.0,22.0,25.0,26.0,27.0,30.0,32.0,34.0,36.0,38.0,39.0,44.0,51.0,inferred
East Riding of Yorkshire,2021-03-15,24.0,29.0,33.0,35.0,36.0,39.0,41.0,43.0,46.0,48.0,50.0,55.0,62.0,inferred
East Riding of Yorkshire,2021-03-16,22.0,27.0,31.0,32.0,34.0,36.0,39.0,41.0,44.0,45.0,47.0,52.0,60.0,inferred
East Riding of Yorkshire,2021-03-17,23.0,27.0,31.0,33.0,34.0,37.0,39.0,42.0,44.0,46.0,47.0,52.0,60.0,inferred
East Riding of Yorkshire,2021-03-18,19.0,25.0,28.0,30.0,31.0,33.0,36.0,38.0,41.0,42.0,44.0,48.0,58.0,inferred
East Riding of Yorkshire,2021-03-19,17.0,21.9,25.0,26.0,27.0,29.0,31.0,33.0,36.0,37.0,39.0,44.0,49.0,inferred
East Riding of Yorkshire,2021-03-20,12.0,16.0,19.0,20.0,21.0,23.0,25.5,28.0,30.0,31.0,33.0,37.0,43.0,inferred
East Riding of Yorkshire,2021-03-21,14.0,18.0,21.0,23.0,24.0,25.0,27.0,29.0,32.0,33.0,34.0,38.0,46.0,inferred
East Riding of Yorkshire,2021-03-22,19.0,24.0,27.0,29.0,30.0,32.0,34.0,36.0,39.0,41.0,43.0,47.0,53.5,inferred
East Riding of Yorkshire,2021-03-23,17.0,22.0,24.0,26.0,27.0,29.0,31.0,33.0,36.0,37.0,39.0,43.0,51.0,inferred
East Riding of Yorkshire,2021-03-24,16.0,21.0,24.0,25.0,27.0,29.0,31.0,33.0,36.0,37.0,39.0,43.0,50.5,inferred
East Riding of Yorkshire,2021-03-25,13.0,18.0,21.0,22.0,24.0,26.0,28.0,29.0,32.0,33.0,35.0,38.0,46.0,inferred
East Riding of Yorkshire,2021-03-26,12.0,15.0,18.0,19.0,20.0,22.0,24.0,25.0,27.0,29.0,30.0,34.0,41.5,inferred
East Riding of Yorkshire,2021-03-27,8.0,11.0,13.0,14.0,15.0,17.0,19.0,20.0,22.0,23.0,25.0,28.0,34.0,inferred
East Riding of Yorkshire,2021-03-28,8.0,12.0,14.0,15.0,16.0,18.0,20.0,21.0,23.0,24.0,25.2,29.0,34.0,inferred
East Riding of Yorkshire,2021-03-29,11.0,15.0,18.0,19.0,20.0,22.0,24.0,26.0,28.0,29.0,30.0,34.0,40.0,inferred
East Riding of Yorkshire,2021-03-30,9.0,13.0,16.0,17.0,18.0,20.0,21.0,23.0,25.0,26.0,28.0,31.0,39.0,inferred
East Riding of Yorkshire,2021-03-31,10.0,14.0,16.0,17.0,18.0,20.0,22.0,23.0,25.0,26.0,28.0,32.0,37.0,inferred
East Riding of Yorkshire,2021-04-01,8.0,11.0,14.0,15.0,16.0,18.0,19.0,21.0,23.0,24.0,25.0,29.0,34.0,inferred
East Riding of Yorkshire,2021-04-02,7.0,10.0,13.0,14.0,14.0,16.0,17.0,19.0,21.0,22.0,23.0,26.0,31.0,inferred
East Riding of Yorkshire,2021-04-03,5.0,8.0,10.0,11.0,11.0,13.0,14.0,16.0,17.0,18.0,19.2,23.0,28.0,inferred
East Riding of Yorkshire,2021-04-04,6.0,9.0,11.0,12.0,12.0,14.0,15.0,17.0,19.0,20.0,21.0,24.0,28.5,inferred
East Riding of Yorkshire,2021-04-05,8.0,12.0,15.0,16.0,17.0,18.0,20.0,22.0,23.0,24.0,26.0,29.0,35.0,inferred
East Riding of Yorkshire,2021-04-06,8.0,11.0,14.0,15.0,15.0,17.0,19.0,20.0,22.0,23.0,25.0,28.0,34.0,inferred
East Riding of Yorkshire,2021-04-07,8.0,12.0,14.0,15.0,16.0,17.0,19.0,21.0,23.0,24.0,25.0,29.0,34.0,inferred
East Riding of Yorkshire,2021-04-08,8.0,11.0,13.0,14.0,15.0,16.0,18.0,20.0,22.0,23.0,24.0,27.0,33.0,inferred
East Riding of Yorkshire,2021-04-09,6.0,9.0,12.0,13.0,14.0,15.0,16.0,18.0,20.0,21.0,22.0,25.0,31.0,inferred
East Riding of Yorkshire,2021-04-10,5.0,7.0,9.0,10.0,11.0,12.0,14.0,15.0,17.0,18.0,19.0,22.0,27.0,inferred
East Riding of Yorkshire,2021-04-11,6.0,8.0,10.0,11.0,12.0,13.0,15.0,16.0,18.0,19.0,20.0,24.0,28.5,inferred
East Riding of Yorkshire,2021-04-12,8.0,11.0,14.0,15.0,16.0,17.0,19.0,21.0,23.0,24.0,25.0,29.0,36.0,inferred
East Riding of Yorkshire,2021-04-13,8.0,11.0,13.0,14.0,15.0,16.0,18.0,19.0,21.0,22.0,24.0,27.0,33.0,inferred
East Riding of Yorkshire,2021-04-14,8.0,11.0,13.0,14.0,15.0,17.0,18.0,20.0,22.0,23.0,24.0,27.0,33.0,inferred
East Riding of Yorkshire,2021-04-15,7.0,10.0,12.0,13.0,14.0,15.0,17.0,18.0,20.0,21.0,22.0,25.0,31.0,inferred
East Riding of Yorkshire,2021-04-16,5.0,9.0,11.0,12.0,12.0,14.0,15.0,17.0,18.3,19.0,21.0,23.0,28.0,inferred
East Riding of Yorkshire,2021-04-17,4.0,6.0,8.0,9.0,9.0,11.0,12.0,13.0,15.0,16.0,17.0,20.0,24.0,inferred
East Riding of Yorkshire,2021-04-18,5.0,7.0,9.0,10.0,11.0,12.0,13.0,15.0,16.0,17.0,18.0,21.0,26.0,inferred
East Riding of Yorkshire,2021-04-19,7.0,10.0,12.0,13.0,14.0,15.0,17.0,19.0,20.0,21.0,23.0,26.0,33.0,inferred
East Riding of Yorkshire,2021-04-20,6.0,9.0,11.0,12.0,13.0,14.0,16.0,17.0,19.0,20.0,21.0,24.0,28.0,inferred
East Riding of Yorkshire,2021-04-21,6.0,9.0,11.0,12.0,13.0,15.0,16.0,18.0,19.0,20.0,22.0,24.0,30.0,inferred
East Riding of Yorkshire,2021-04-22,5.0,8.0,10.0,11.0,12.0,13.0,15.0,16.0,18.0,19.0,20.0,23.0,28.0,inferred
East Riding of Yorkshire,2021-04-23,4.0,7.0,9.0,10.0,10.0,12.0,13.0,14.0,16.0,17.0,18.0,21.0,25.0,inferred
East Riding of Yorkshire,2021-04-24,3.0,5.0,7.0,7.0,8.0,9.0,11.0,12.0,13.0,14.0,15.0,17.0,22.0,inferred
East Riding of Yorkshire,2021-04-25,3.5,6.0,8.0,8.0,9.0,10.0,11.0,13.0,14.0,15.0,16.0,19.0,24.0,inferred
East Riding of Yorkshire,2021-04-26,6.0,8.0,10.0,11.0,12.0,13.0,15.0,16.0,18.0,19.0,20.0,23.0,27.0,inferred
East Riding of Yorkshire,2021-04-27,5.0,7.0,9.0,10.0,11.0,12.0,14.0,15.0,17.0,18.0,19.0,22.0,27.0,inferred
East Riding of Yorkshire,2021-04-28,5.0,8.0,10.0,11.0,11.0,13.0,14.0,15.0,17.0,18.0,19.0,22.0,27.0,inferred
East Riding of Yorkshire,2021-04-29,4.0,7.0,8.0,9.0,10.0,11.0,12.0,14.0,15.0,16.0,17.0,20.0,25.0,inferred
East Riding of Yorkshire,2021-04-30,3.0,6.0,8.0,8.0,9.0,10.0,11.0,13.0,14.0,15.0,16.0,19.0,23.0,inferred
East Riding of Yorkshire,2021-05-01,2.0,4.0,6.0,6.0,7.0,8.0,9.0,10.0,12.0,13.0,13.0,16.0,21.0,inferred
East Riding of Yorkshire,2021-05-02,3.0,4.0,6.0,7.0,7.0,9.0,10.0,11.0,12.0,13.0,14.0,17.0,21.0,inferred
East Riding of Yorkshire,2021-05-03,5.0,7.0,9.0,9.0,10.0,11.0,13.0,14.0,16.0,16.2,17.0,20.0,25.0,inferred
East Riding of Yorkshire,2021-05-04,4.0,6.0,8.0,9.0,9.0,11.0,12.0,13.0,15.0,16.0,17.0,19.1,24.0,inferred
East Riding of Yorkshire,2021-05-05,4.0,6.0,8.0,9.0,9.7,11.0,12.0,13.0,15.0,16.0,17.0,20.0,26.0,inferred
East Riding of Yorkshire,2021-05-06,3.0,6.0,7.0,8.0,9.0,10.0,11.0,12.0,14.0,14.0,15.0,18.0,24.0,inferred
East Riding of Yorkshire,2021-05-07,3.0,5.0,7.0,7.0,8.0,9.0,10.0,11.0,13.0,14.0,15.0,17.0,22.0,inferred
East Riding of Yorkshire,2021-05-08,2.0,4.0,5.0,6.0,6.0,7.0,8.0,10.0,11.0,12.0,13.0,15.0,19.0,inferred
East Riding of Yorkshire,2021-05-09,3.0,5.0,6.0,7.0,7.0,8.0,9.0,11.0,12.0,12.0,14.0,16.0,21.0,inferred
East Riding of Yorkshire,2021-05-10,4.0,6.0,8.0,9.0,10.0,11.0,12.0,13.0,15.0,16.0,17.0,20.0,25.0,inferred
East Riding of Yorkshire,2021-05-11,3.5,6.0,8.0,8.0,9.0,10.0,12.0,13.0,14.0,15.0,16.0,19.0,24.5,inferred
East Riding of Yorkshire,2021-05-12,4.0,6.0,8.0,8.0,9.0,11.0,12.0,13.0,15.0,16.0,17.0,19.0,24.0,inferred
East Riding of Yorkshire,2021-05-13,3.0,5.0,7.0,8.0,8.0,9.0,11.0,12.0,13.0,14.0,15.0,18.0,22.5,inferred
East Riding of Yorkshire,2021-05-14,3.0,5.0,6.0,7.0,7.0,8.0,10.0,11.0,12.0,13.0,14.0,17.0,20.5,inferred
East Riding of Yorkshire,2021-05-15,2.0,3.0,5.0,5.0,6.0,7.0,8.0,9.0,10.0,11.0,12.0,14.0,19.0,inferred
East Riding of Yorkshire,2021-05-16,2.0,4.0,5.0,6.0,7.0,8.0,9.0,10.0,11.0,12.0,13.0,15.0,19.5,inferred
East Riding of Yorkshire,2021-05-17,3.0,5.0,7.0,8.0,9.0,10.0,11.0,13.0,14.0,15.0,16.0,19.0,24.0,inferred
East Riding of Yorkshire,2021-05-18,3.0,5.0,7.0,7.0,8.0,9.0,11.0,12.0,13.0,14.0,15.0,18.0,22.0,inferred
East Riding of Yorkshire,2021-05-19,3.0,5.0,7.0,8.0,9.0,10.0,11.0,12.0,14.0,15.0,15.0,18.0,23.0,inferred
East Riding of Yorkshire,2021-05-20,3.0,5.0,7.0,7.0,8.0,9.0,10.0,12.0,13.0,14.0,15.0,18.0,22.0,inferred
East Riding of Yorkshire,2021-05-21,3.0,4.0,6.0,7.0,7.0,8.0,9.0,10.0,12.0,13.0,14.0,16.0,21.0,inferred
East Riding of Yorkshire,2021-05-22,2.0,3.0,5.0,5.0,6.0,7.0,8.0,9.0,10.0,11.0,12.0,14.0,18.5,inferred
East Riding of Yorkshire,2021-05-23,2.0,4.0,5.0,6.0,7.0,8.0,9.0,10.0,11.0,12.0,13.0,15.0,20.0,inferred
East Riding of Yorkshire,2021-05-24,3.0,6.0,7.0,8.0,9.0,10.0,11.0,12.0,14.0,15.0,16.0,19.0,24.0,inferred
East Riding of Yorkshire,2021-05-25,3.0,5.0,7.0,7.0,8.0,9.0,10.0,12.0,13.0,14.0,15.0,18.0,23.0,inferred
East Riding of Yorkshire,2021-05-26,3.0,5.0,7.0,8.0,9.0,10.0,11.0,12.0,14.0,14.0,16.0,18.0,23.0,inferred
East Riding of Yorkshire,2021-05-27,3.0,5.0,7.0,7.0,8.0,9.0,10.0,12.0,13.0,14.0,15.0,17.0,22.0,inferred
East Riding of Yorkshire,2021-05-28,3.0,5.0,6.0,7.0,8.0,9.0,10.0,11.0,12.0,13.0,14.0,16.0,21.0,inferred
East Riding of Yorkshire,2021-05-29,2.0,3.0,5.0,5.0,6.0,7.0,8.0,9.0,10.0,11.0,12.0,14.0,19.0,inferred
East Riding of Yorkshire,2021-05-30,2.0,4.0,6.0,6.0,7.0,8.0,9.0,10.0,12.0,12.0,13.0,15.0,20.0,inferred
East Riding of Yorkshire,2021-05-31,4.0,6.0,8.0,8.0,9.0,10.0,12.0,13.0,14.0,15.0,16.0,19.0,24.0,inferred
East Riding of Yorkshire,2021-06-01,3.0,6.0,8.0,8.0,9.0,10.0,11.0,13.0,14.0,15.0,16.0,19.0,24.0,inferred
East Riding of Yorkshire,2021-06-02,4.0,6.0,8.0,9.0,10.0,11.0,12.5,14.0,15.0,16.0,18.0,20.0,25.0,inferred
East Riding of Yorkshire,2021-06-03,4.0,6.0,8.0,9.0,9.0,11.0,12.0,13.0,15.0,16.0,17.0,19.0,24.0,inferred
East Riding of Yorkshire,2021-06-04,4.0,6.0,7.8,8.0,9.0,10.0,11.0,13.0,14.3,15.0,16.0,19.0,25.0,inferred
East Riding of Yorkshire,2021-06-05,2.0,5.0,6.0,7.0,8.0,9.0,10.0,11.0,12.0,13.0,14.0,17.0,22.0,inferred
East Riding of Yorkshire,2021-06-06,4.0,6.0,7.0,8.0,9.0,10.0,11.0,13.0,14.0,15.0,16.0,19.0,24.0,inferred
East Riding of Yorkshire,2021-06-07,6.0,9.0,11.0,12.0,12.0,14.0,15.0,17.0,19.0,20.0,21.0,24.0,30.0,inferred
East Riding of Yorkshire,2021-06-08,5.0,8.0,11.0,11.0,12.0,14.0,15.0,17.0,19.0,20.0,21.0,24.0,30.0,inferred
East Riding of Yorkshire,2021-06-09,7.0,10.0,12.0,13.0,14.0,15.0,17.0,18.0,20.0,21.0,22.0,26.0,32.0,inferred
East Riding of Yorkshire,2021-06-10,6.0,9.0,11.0,12.0,13.0,14.0,16.0,18.0,19.0,20.0,22.0,24.0,30.0,inferred
East Riding of Yorkshire,2021-06-11,6.0,9.0,11.0,12.0,13.0,14.0,16.0,17.0,19.0,20.0,21.0,24.0,30.0,inferred
East Riding of Yorkshire,2021-06-12,5.0,7.0,9.0,10.0,10.0,12.0,13.0,15.0,17.0,18.0,18.0,21.0,25.0,inferred
East Riding of Yorkshire,2021-06-13,6.0,8.0,11.0,12.0,12.0,14.0,15.0,17.0,19.0,19.0,21.0,23.0,28.0,inferred
East Riding of Yorkshire,2021-06-14,9.0,12.0,15.0,16.0,17.0,19.0,21.0,22.0,24.0,26.0,27.0,30.0,37.0,inferred
East Riding of Yorkshire,2021-06-15,9.0,13.0,15.0,16.0,17.0,19.0,20.0,22.0,24.0,25.0,26.0,30.0,36.0,inferred
East Riding of Yorkshire,2021-06-16,9.5,14.0,16.0,17.0,18.0,20.0,22.0,24.0,26.0,27.0,29.0,32.0,38.5,inferred
East Riding of Yorkshire,2021-06-17,9.0,13.0,16.0,17.0,18.0,20.0,21.0,24.0,26.0,27.0,28.0,32.1,38.0,inferred
East Riding of Yorkshire,2021-06-18,9.0,12.0,15.0,16.0,17.0,19.0,21.0,23.0,24.0,26.0,27.0,31.0,37.0,inferred
East Staffordshire,2021-03-06,6.5,8.0,10.0,11.0,11.0,13.0,14.0,15.0,17.0,17.0,18.0,21.0,25.0,inferred
East Staffordshire,2021-03-07,7.0,11.0,12.0,13.0,14.0,15.0,17.0,18.0,19.0,20.0,21.0,23.0,27.0,inferred
East Staffordshire,2021-03-08,10.5,14.0,16.0,17.0,18.0,19.0,21.0,22.0,24.0,25.0,26.0,29.0,33.0,inferred
East Staffordshire,2021-03-09,10.0,13.0,15.0,16.0,17.0,19.0,20.0,21.0,22.0,23.0,24.0,27.0,32.0,inferred
East Staffordshire,2021-03-10,11.0,14.0,16.0,17.0,17.0,19.0,20.0,22.0,23.0,24.0,25.0,28.0,32.0,inferred
East Staffordshire,2021-03-11,9.0,11.0,13.0,14.0,15.0,16.0,18.0,19.0,20.0,21.0,22.0,25.0,30.0,inferred
East Staffordshire,2021-03-12,8.0,10.0,12.0,13.0,13.0,15.0,16.0,17.0,19.0,19.0,21.0,23.0,27.5,inferred
East Staffordshire,2021-03-13,5.0,8.0,9.0,10.0,10.0,11.6,13.0,14.0,15.0,16.0,17.0,19.0,23.0,inferred
East Staffordshire,2021-03-14,6.0,9.0,11.0,11.0,12.0,13.0,14.0,16.0,17.0,18.0,19.0,21.0,25.0,inferred
East Staffordshire,2021-03-15,9.0,12.0,14.0,15.0,15.0,17.0,18.0,19.0,21.0,22.0,23.0,26.0,30.0,inferred
East Staffordshire,2021-03-16,9.0,11.0,13.0,14.0,15.0,16.0,17.0,19.0,20.0,21.0,22.0,25.0,29.0,inferred
East Staffordshire,2021-03-17,9.0,12.0,14.0,15.0,15.0,16.0,18.0,19.0,21.0,21.2,22.0,25.0,30.0,inferred
East Staffordshire,2021-03-18,7.0,10.0,12.0,13.0,14.0,15.0,16.0,17.0,19.0,20.0,21.0,23.0,28.0,inferred
East Staffordshire,2021-03-19,6.0,9.0,10.0,11.0,12.0,13.0,14.0,15.0,16.0,17.0,18.0,20.0,25.0,inferred
East Staffordshire,2021-03-20,4.0,6.0,8.0,8.0,9.0,10.0,11.0,12.0,13.0,14.0,15.0,17.0,21.0,inferred
East Staffordshire,2021-03-21,5.0,7.0,9.0,10.0,10.0,11.0,12.0,14.0,15.0,16.0,16.0,19.0,23.0,inferred
East Staffordshire,2021-03-22,7.0,10.0,12.0,12.0,13.0,14.0,16.0,17.0,18.0,19.0,20.0,22.0,26.0,inferred
East Staffordshire,2021-03-23,6.0,9.0,11.0,11.0,12.0,13.0,14.0,15.0,17.0,18.0,19.0,21.0,25.5,inferred
East Staffordshire,2021-03-24,6.0,9.0,10.0,11.0,12.0,13.0,14.0,15.0,17.0,17.0,18.0,21.0,25.0,inferred
East Staffordshire,2021-03-25,4.0,6.9,8.0,9.0,10.0,11.0,12.0,13.0,14.0,15.0,16.0,18.0,21.0,inferred
East Staffordshire,2021-03-26,3.5,5.0,7.0,7.0,8.0,9.0,10.0,11.0,12.0,12.0,13.0,15.0,18.0,inferred
East Staffordshire,2021-03-27,2.0,4.0,5.0,5.0,6.0,7.0,7.0,8.0,9.0,10.0,11.0,12.1,16.0,inferred
East Staffordshire,2021-03-28,2.0,4.0,5.0,5.0,6.0,7.0,8.0,9.0,10.0,11.0,11.0,13.0,15.0,inferred
East Staffordshire,2021-03-29,3.0,5.0,6.0,7.0,7.0,8.0,9.0,10.0,11.0,12.0,13.0,15.0,18.0,inferred
East Staffordshire,2021-03-30,3.0,4.0,5.0,6.0,6.0,7.0,8.0,9.0,10.0,11.0,11.0,13.0,17.0,inferred
East Staffordshire,2021-03-31,3.0,4.0,5.0,6.0,6.0,7.0,8.0,9.0,10.0,11.0,11.0,13.0,17.0,inferred
East Staffordshire,2021-04-01,2.0,3.0,4.0,5.0,5.0,6.0,7.0,8.0,9.0,9.0,10.0,11.0,15.0,inferred
East Staffordshire,2021-04-02,1.0,2.0,3.0,4.0,4.0,5.0,5.0,6.0,7.0,8.0,8.0,10.0,13.0,inferred
East Staffordshire,2021-04-03,0.0,1.0,2.0,3.0,3.0,3.0,4.0,5.0,6.0,6.0,7.0,8.0,11.0,inferred
East Staffordshire,2021-04-04,1.0,2.0,3.0,3.0,3.0,4.0,5.0,5.0,6.0,7.0,7.0,9.0,11.0,inferred
East Staffordshire,2021-04-05,1.0,2.0,3.0,4.0,4.0,5.0,6.0,6.0,7.0,8.0,8.0,10.0,12.0,inferred
East Staffordshire,2021-04-06,1.0,2.0,3.0,3.0,4.0,4.0,5.0,6.0,7.0,7.0,8.0,9.0,12.0,inferred
East Staffordshire,2021-04-07,1.0,2.0,3.0,3.0,4.0,5.0,5.0,6.0,7.0,7.0,8.0,10.0,12.0,inferred
East Staffordshire,2021-04-08,1.0,2.0,2.0,3.0,3.0,4.0,4.0,5.0,6.0,6.0,7.0,8.0,11.0,inferred
East Staffordshire,2021-04-09,0.0,1.0,2.0,2.0,3.0,3.0,4.0,4.0,5.0,6.0,6.0,8.0,10.0,inferred
East Staffordshire,2021-04-10,0.0,1.0,1.0,2.0,2.0,2.0,3.0,3.0,4.0,4.0,5.0,6.0,8.0,inferred
East Staffordshire,2021-04-11,0.0,1.0,2.0,2.0,2.0,3.0,3.0,4.0,5.0,5.0,5.0,7.0,9.0,inferred
East Staffordshire,2021-04-12,0.0,1.0,2.0,2.0,3.0,3.0,4.0,4.0,5.0,6.0,6.0,8.0,10.5,inferred
East Staffordshire,2021-04-13,0.0,1.0,2.0,2.0,2.0,3.0,4.0,4.0,5.0,5.0,6.0,7.0,10.0,inferred
East Staffordshire,2021-04-14,0.0,1.0,2.0,2.0,3.0,3.0,4.0,4.0,5.0,6.0,6.0,8.0,10.0,inferred
East Staffordshire,2021-04-15,0.0,1.0,2.0,2.0,2.0,3.0,3.0,4.0,5.0,5.0,5.0,7.0,9.0,inferred
East Staffordshire,2021-04-16,0.0,1.0,1.0,2.0,2.0,2.0,3.0,3.0,4.0,4.0,5.0,6.0,8.0,inferred
East Staffordshire,2021-04-17,0.0,0.0,1.0,1.0,1.0,2.0,2.0,3.0,3.0,4.0,4.0,5.0,7.0,inferred
East Staffordshire,2021-04-18,0.0,0.0,1.0,1.0,2.0,2.0,2.0,3.0,4.0,4.0,4.0,6.0,8.0,inferred
East Staffordshire,2021-04-19,0.0,1.0,2.0,2.0,2.0,3.0,3.0,4.0,4.0,5.0,5.0,7.0,9.0,inferred
East Staffordshire,2021-04-20,0.0,1.0,1.0,2.0,2.0,2.0,3.0,4.0,4.0,5.0,5.0,7.0,9.0,inferred
East Staffordshire,2021-04-21,0.0,1.0,2.0,2.0,2.0,3.0,3.0,4.0,5.0,5.0,6.0,7.0,9.0,inferred
East Staffordshire,2021-04-22,0.0,1.0,1.0,2.0,2.0,2.0,3.0,3.0,4.0,5.0,5.0,6.0,9.0,inferred
East Staffordshire,2021-04-23,0.0,1.0,1.0,1.0,2.0,2.0,3.0,3.0,4.0,4.0,5.0,6.0,8.0,inferred
East Staffordshire,2021-04-24,0.0,0.0,1.0,1.0,1.0,1.0,2.0,2.0,3.0,3.0,4.0,5.0,7.0,inferred
East Staffordshire,2021-04-25,0.0,0.0,1.0,1.0,1.0,2.0,3.0,3.0,4.0,4.0,4.0,5.1,7.0,inferred
East Staffordshire,2021-04-26,0.0,1.0,1.0,2.0,2.0,2.0,3.0,4.0,4.0,5.0,5.0,6.0,9.0,inferred
East Staffordshire,2021-04-27,0.0,1.0,1.0,2.0,2.0,2.0,3.0,3.0,4.0,4.0,5.0,6.0,9.0,inferred
East Staffordshire,2021-04-28,0.0,1.0,1.0,2.0,2.0,2.0,3.0,3.0,4.0,5.0,5.0,6.0,9.0,inferred
East Staffordshire,2021-04-29,0.0,1.0,1.0,1.0,2.0,2.0,3.0,3.0,4.0,4.0,5.0,6.0,8.0,inferred
East Staffordshire,2021-04-30,0.0,0.0,1.0,1.0,1.0,2.0,2.0,3.0,3.0,4.0,4.0,5.0,8.0,inferred
East Staffordshire,2021-05-01,0.0,0.0,0.0,1.0,1.0,1.0,2.0,2.0,3.0,3.0,3.0,4.0,6.0,inferred
East Staffordshire,2021-05-02,0.0,0.0,1.0,1.0,1.0,2.0,2.0,2.0,3.0,3.0,4.0,5.0,7.0,inferred
East Staffordshire,2021-05-03,0.0,0.0,1.0,1.0,1.0,2.0,2.0,3.0,4.0,4.0,4.0,6.0,8.0,inferred
East Staffordshire,2021-05-04,0.0,0.0,1.0,1.0,1.0,2.0,2.0,3.0,3.0,4.0,4.0,5.0,7.0,inferred
East Staffordshire,2021-05-05,0.0,0.0,1.0,1.0,2.0,2.0,3.0,3.0,4.0,4.0,4.0,6.0,8.0,inferred
East Staffordshire,2021-05-06,0.0,0.0,1.0,1.0,1.0,2.0,2.0,3.0,3.0,3.0,4.0,5.0,7.0,inferred
East Staffordshire,2021-05-07,0.0,0.0,1.0,1.0,1.0,1.0,2.0,2.0,3.0,3.0,4.0,5.0,7.0,inferred
East Staffordshire,2021-05-08,0.0,0.0,0.0,1.0,1.0,1.0,1.0,2.0,2.0,3.0,3.0,4.0,6.0,inferred
East Staffordshire,2021-05-09,0.0,0.0,1.0,1.0,1.0,1.0,2.0,2.0,3.0,3.0,3.0,4.1,6.5,inferred
East Staffordshire,2021-05-10,0.0,0.0,1.0,1.0,1.0,2.0,2.0,3.0,3.0,4.0,4.0,5.0,7.0,inferred
East Staffordshire,2021-05-11,0.0,0.0,1.0,1.0,1.0,2.0,2.0,3.0,3.0,4.0,4.0,5.0,7.0,inferred
East Staffordshire,2021-05-12,0.0,0.0,1.0,1.0,1.0,2.0,2.0,3.0,3.0,4.0,4.0,5.0,8.0,inferred
East Staffordshire,2021-05-13,0.0,0.0,1.0,1.0,1.0,1.0,2.0,2.0,3.0,3.0,4.0,5.0,7.0,inferred
East Staffordshire,2021-05-14,0.0,0.0,0.0,1.0,1.0,1.0,2.0,2.0,3.0,3.0,3.0,4.0,6.0,inferred
East Staffordshire,2021-05-15,0.0,0.0,0.0,0.0,1.0,1.0,1.0,2.0,2.0,2.0,3.0,4.0,5.0,inferred
East Staffordshire,2021-05-16,0.0,0.0,0.0,1.0,1.0,1.0,1.0,2.0,2.0,3.0,3.0,4.0,6.0,inferred
East Staffordshire,2021-05-17,0.0,0.0,1.0,1.0,1.0,2.0,2.0,2.0,3.0,3.0,4.0,5.0,7.0,inferred
East Staffordshire,2021-05-18,0.0,0.0,1.0,1.0,1.0,1.0,2.0,2.0,3.0,3.0,4.0,5.0,7.0,inferred
East Staffordshire,2021-05-19,0.0,0.0,1.0,1.0,1.0,2.0,2.0,3.0,3.0,4.0,4.0,5.0,7.0,inferred
East Staffordshire,2021-05-20,0.0,0.0,1.0,1.0,1.0,1.0,2.0,2.0,3.0,3.0,4.0,5.0,7.0,inferred
East Staffordshire,2021-05-21,0.0,0.0,1.0,1.0,1.0,1.0,2.0,2.0,3.0,3.0,4.0,5.0,6.0,inferred
East Staffordshire,2021-05-22,0.0,0.0,0.0,0.0,1.0,1.0,1.0,2.0,2.0,3.0,3.0,4.0,6.0,inferred
East Staffordshire,2021-05-23,0.0,0.0,1.0,1.0,1.0,1.0,2.0,2.0,3.0,3.0,3.0,4.0,7.0,inferred
East Staffordshire,2021-05-24,0.0,0.0,1.0,1.0,1.0,2.0,2.0,3.0,3.0,4.0,4.0,5.0,8.0,inferred
East Staffordshire,2021-05-25,0.0,1.0,1.0,1.0,1.0,2.0,3.0,3.0,4.0,4.0,4.0,6.0,8.0,inferred
East Staffordshire,2021-05-26,0.0,1.0,1.0,1.0,2.0,2.0,3.0,3.0,4.0,4.0,5.0,6.0,8.0,inferred
East Staffordshire,2021-05-27,0.0,0.0,1.0,1.0,2.0,2.0,3.0,3.0,4.0,4.0,5.0,6.0,8.0,inferred
East Staffordshire,2021-05-28,0.0,0.0,1.0,1.0,1.0,2.0,2.0,3.0,4.0,4.0,4.0,6.0,8.0,inferred
East Staffordshire,2021-05-29,0.0,0.0,1.0,1.0,1.0,1.0,2.0,2.0,3.0,3.0,4.0,5.0,7.0,inferred
East Staffordshire,2021-05-30,0.0,0.0,1.0,1.0,1.0,2.0,2.0,3.0,4.0,4.0,4.0,6.0,8.0,inferred
East Staffordshire,2021-05-31,0.0,1.0,2.0,2.0,2.0,3.0,3.0,4.0,4.0,5.0,5.0,7.0,10.0,inferred
East Staffordshire,2021-06-01,0.0,1.0,2.0,2.0,2.0,3.0,3.0,4.0,5.0,5.0,6.0,7.0,9.0,inferred
East Staffordshire,2021-06-02,0.0,1.0,2.0,2.0,2.0,3.0,4.0,4.0,5.0,5.0,6.0,7.0,10.0,inferred
East Staffordshire,2021-06-03,0.0,1.0,2.0,2.0,2.0,3.0,3.0,4.0,5.0,5.0,5.0,7.0,9.0,inferred
East Staffordshire,2021-06-04,0.0,1.0,1.0,2.0,2.0,2.0,3.0,4.0,4.0,5.0,5.0,7.0,9.0,inferred
East Staffordshire,2021-06-05,0.0,0.0,1.0,1.0,2.0,2.0,3.0,3.0,4.0,4.0,5.0,6.0,8.0,inferred
East Staffordshire,2021-06-06,0.0,1.0,1.0,2.0,2.0,2.0,3.0,4.0,4.0,5.0,5.0,6.0,9.0,inferred
East Staffordshire,2021-06-07,0.0,1.0,2.0,3.0,3.0,3.0,4.0,5.0,6.0,6.0,7.0,8.0,11.0,inferred
East Staffordshire,2021-06-08,0.5,1.0,2.0,3.0,3.0,4.0,4.0,5.0,6.0,6.0,7.0,8.0,11.0,inferred
East Staffordshire,2021-06-09,1.0,2.0,3.0,3.0,3.0,4.0,5.0,6.0,6.0,7.0,7.0,9.0,12.0,inferred
East Staffordshire,2021-06-10,1.0,2.0,3.0,3.0,3.0,4.0,5.0,5.0,6.0,7.0,7.0,9.0,11.0,inferred
East Staffordshire,2021-06-11,0.5,2.0,3.0,3.0,3.0,4.0,5.0,5.0,6.0,6.0,7.0,8.1,11.0,inferred
East Staffordshire,2021-06-12,0.0,1.0,2.0,2.0,3.0,3.0,4.0,5.0,5.0,6.0,6.0,8.0,10.0,inferred
East Staffordshire,2021-06-13,1.0,2.0,3.0,3.0,4.0,4.0,5.0,6.0,7.0,7.0,8.0,9.0,12.0,inferred
East Staffordshire,2021-06-14,2.0,3.0,4.0,5.0,5.0,6.0,7.0,8.0,9.0,9.2,10.0,12.0,15.0,inferred
East Staffordshire,2021-06-15,2.0,3.0,5.0,5.0,5.7,6.0,7.0,8.0,9.0,10.0,10.0,12.0,15.0,inferred
East Staffordshire,2021-06-16,3.0,4.0,6.0,6.0,7.0,8.0,8.0,9.0,11.0,11.0,12.0,14.0,18.0,inferred
East Staffordshire,2021-06-17,2.5,4.0,6.0,6.0,7.0,8.0,8.0,9.0,10.0,11.0,12.0,14.0,17.0,inferred
East Staffordshire,2021-06-18,2.0,4.0,5.0,6.0,6.0,7.0,8.0,9.0,10.0,11.0,12.0,14.0,17.0,inferred
East Suffolk,2021-03-06,2.0,4.0,5.0,6.0,6.0,7.0,8.0,8.0,9.0,10.0,11.0,12.0,15.0,inferred
East Suffolk,2021-03-07,3.0,5.0,6.0,7.0,7.0,8.0,9.0,10.0,11.0,12.0,12.0,14.0,17.0,inferred
East Suffolk,2021-03-08,5.0,7.0,9.0,9.0,10.0,11.0,12.0,13.0,14.0,14.0,15.0,17.0,21.0,inferred
East Suffolk,2021-03-09,4.5,7.0,8.0,8.0,9.0,10.0,11.0,12.0,13.0,14.0,15.0,17.0,20.0,inferred
East Suffolk,2021-03-10,5.0,7.0,8.0,9.0,9.0,10.0,11.0,13.0,14.0,15.0,15.0,17.0,21.0,inferred
East Suffolk,2021-03-11,4.0,6.0,7.0,8.0,9.0,9.0,11.0,12.0,13.0,14.0,14.0,16.0,20.0,inferred
East Suffolk,2021-03-12,3.0,5.0,6.0,7.0,8.0,8.0,9.0,10.0,12.0,12.0,13.0,15.0,18.0,inferred
East Suffolk,2021-03-13,2.0,4.0,5.0,5.0,6.0,7.0,8.0,8.4,9.0,10.0,11.0,12.0,15.0,inferred
East Suffolk,2021-03-14,3.0,5.0,6.0,6.0,7.0,8.0,9.0,10.0,11.0,11.0,12.0,14.0,17.0,inferred
East Suffolk,2021-03-15,4.0,6.0,7.8,8.0,8.0,9.0,10.0,12.0,13.0,13.0,14.0,16.0,19.0,inferred
East Suffolk,2021-03-16,3.0,5.0,7.0,7.0,8.0,9.0,10.0,11.0,12.0,13.0,14.0,15.0,19.0,inferred
East Suffolk,2021-03-17,4.0,6.0,7.0,8.0,8.0,9.0,10.0,11.0,13.0,13.0,14.0,16.0,19.0,inferred
East Suffolk,2021-03-18,3.0,5.0,6.0,7.0,7.0,8.0,9.0,10.0,11.0,12.0,13.0,15.0,19.0,inferred
East Suffolk,2021-03-19,2.0,4.0,5.0,6.0,6.0,7.0,8.0,9.0,10.0,10.0,11.0,13.0,16.0,inferred
East Suffolk,2021-03-20,1.0,3.0,4.0,4.0,5.0,6.0,6.0,7.0,8.0,8.0,9.0,11.0,14.0,inferred
East Suffolk,2021-03-21,2.0,3.0,5.0,5.0,6.0,6.0,7.0,8.0,9.0,10.0,10.0,12.0,15.0,inferred
East Suffolk,2021-03-22,3.0,5.0,6.0,7.0,7.0,8.0,9.0,10.0,11.0,11.0,12.0,14.0,17.0,inferred
East Suffolk,2021-03-23,3.0,4.0,6.0,6.0,7.0,7.0,8.0,9.0,10.0,11.0,12.0,13.0,17.0,inferred
East Suffolk,2021-03-24,3.0,4.0,6.0,6.0,7.0,8.0,9.0,10.0,11.0,11.0,12.0,14.0,16.5,inferred
East Suffolk,2021-03-25,2.0,4.0,5.0,6.0,6.0,7.0,8.0,9.0,10.0,10.0,11.0,13.0,16.0,inferred
East Suffolk,2021-03-26,2.0,3.0,5.0,5.0,5.0,6.0,7.0,8.0,9.0,9.0,10.0,12.0,15.0,inferred
East Suffolk,2021-03-27,1.0,2.0,3.0,4.0,4.0,5.0,5.0,6.0,7.0,7.0,8.0,9.0,12.0,inferred
East Suffolk,2021-03-28,1.0,3.0,4.0,4.0,4.0,5.0,6.0,7.0,8.0,8.0,9.0,10.0,13.0,inferred
East Suffolk,2021-03-29,2.0,3.0,5.0,5.0,5.0,6.0,7.0,8.0,9.0,9.0,10.0,12.0,14.0,inferred
East Suffolk,2021-03-30,2.0,3.0,4.0,5.0,5.0,6.0,7.0,8.0,8.0,9.0,10.0,11.0,14.0,inferred
East Suffolk,2021-03-31,2.0,3.0,5.0,5.0,5.0,6.0,7.0,8.0,9.0,9.0,10.0,12.0,15.0,inferred
East Suffolk,2021-04-01,2.0,3.0,4.0,4.0,5.0,5.0,6.0,7.0,8.0,9.0,9.0,11.0,14.0,inferred
East Suffolk,2021-04-02,1.0,2.0,3.0,4.0,4.0,5.0,5.0,6.0,7.0,7.2,8.0,10.0,12.0,inferred
East Suffolk,2021-04-03,1.0,2.0,2.0,3.0,3.0,4.0,4.0,5.0,6.0,6.0,7.0,8.0,10.0,inferred
East Suffolk,2021-04-04,1.0,2.0,3.0,3.0,4.0,4.0,5.0,6.0,7.0,7.0,8.0,9.0,12.0,inferred
East Suffolk,2021-04-05,2.0,3.0,4.0,4.0,5.0,5.0,6.0,7.0,8.0,8.0,9.0,11.0,14.0,inferred
East Suffolk,2021-04-06,1.0,2.0,3.0,4.0,4.0,5.0,6.0,7.0,7.0,8.0,8.0,10.0,13.0,inferred
East Suffolk,2021-04-07,1.0,3.0,4.0,4.0,5.0,5.0,6.0,7.0,8.0,8.0,9.0,11.0,14.0,inferred
East Suffolk,2021-04-08,1.0,2.0,3.0,4.0,4.0,5.0,6.0,6.0,7.0,8.0,9.0,10.0,13.0,inferred
East Suffolk,2021-04-09,1.0,2.0,3.0,3.0,4.0,5.0,5.0,6.0,7.0,7.0,8.0,9.0,12.0,inferred
East Suffolk,2021-04-10,1.0,2.0,2.0,3.0,3.0,4.0,4.0,5.0,6.0,6.0,7.0,8.0,11.0,inferred
East Suffolk,2021-04-11,1.0,2.0,3.0,3.0,4.0,4.0,5.0,6.0,7.0,7.0,8.0,9.0,12.0,inferred
East Suffolk,2021-04-12,1.0,3.0,4.0,4.0,5.0,6.0,6.0,7.0,8.0,9.0,9.0,11.0,14.0,inferred
East Suffolk,2021-04-13,2.0,3.0,4.0,4.0,5.0,6.0,6.0,7.0,8.0,9.0,9.0,11.0,14.0,inferred
East Suffolk,2021-04-14,2.0,3.0,4.0,5.0,5.0,6.0,7.0,8.0,9.0,9.0,10.0,12.0,16.0,inferred
East Suffolk,2021-04-15,1.0,3.0,4.0,4.0,5.0,6.0,6.0,7.0,8.0,8.0,9.0,11.0,14.0,inferred
East Suffolk,2021-04-16,1.0,2.9,3.0,4.0,4.0,5.0,6.0,7.0,8.0,8.0,9.0,10.0,13.0,inferred
East Suffolk,2021-04-17,1.0,2.0,3.0,3.0,3.0,4.0,5.0,6.0,6.0,7.0,7.0,9.0,12.0,inferred
East Suffolk,2021-04-18,1.0,3.0,4.0,4.0,4.0,5.0,6.0,6.0,7.0,8.0,9.0,10.0,13.0,inferred
East Suffolk,2021-04-19,2.0,4.0,5.0,5.0,6.0,7.0,7.0,8.0,9.0,10.0,10.0,12.0,15.0,inferred
East Suffolk,2021-04-20,2.0,4.0,5.0,5.0,6.0,6.0,7.0,8.0,9.0,10.0,10.0,12.0,15.0,inferred
East Suffolk,2021-04-21,2.0,4.0,5.0,5.0,6.0,7.0,8.0,9.0,10.0,10.0,11.0,13.0,16.0,inferred
East Suffolk,2021-04-22,2.0,3.0,5.0,5.0,6.0,6.0,7.0,8.0,9.0,10.0,10.0,12.0,15.0,inferred
East Suffolk,2021-04-23,1.5,3.0,4.0,4.0,5.0,6.0,6.0,7.0,8.0,8.0,9.0,11.0,13.0,inferred
East Suffolk,2021-04-24,1.0,2.0,3.0,3.0,4.0,4.0,5.0,6.0,7.0,7.0,8.0,9.0,12.0,inferred
East Suffolk,2021-04-25,1.0,2.0,4.0,4.0,4.0,5.0,6.0,6.0,7.0,8.0,9.0,10.0,13.0,inferred
East Suffolk,2021-04-26,2.0,3.0,4.0,5.0,5.0,6.0,7.0,8.0,9.0,9.0,10.0,12.0,15.0,inferred
East Suffolk,2021-04-27,1.0,3.0,4.0,4.0,5.0,6.0,6.0,7.0,8.0,9.0,9.0,11.0,14.0,inferred
East Suffolk,2021-04-28,2.0,3.0,4.0,4.0,5.0,6.0,7.0,7.0,8.0,9.0,10.0,12.0,14.0,inferred
East Suffolk,2021-04-29,1.0,2.0,3.0,4.0,4.0,5.0,6.0,6.0,7.0,8.0,8.0,10.0,13.0,inferred
East Suffolk,2021-04-30,1.0,2.0,3.0,3.0,3.0,4.0,5.0,6.0,6.0,7.0,7.0,9.0,11.0,inferred
East Suffolk,2021-05-01,0.0,1.0,2.0,2.0,3.0,3.0,4.0,4.0,5.0,6.0,6.0,7.0,10.0,inferred
East Suffolk,2021-05-02,0.0,1.0,2.0,2.0,3.0,3.0,4.0,5.0,5.0,6.0,6.0,8.0,10.0,inferred
East Suffolk,2021-05-03,1.0,2.0,3.0,3.0,4.0,4.0,5.0,6.0,7.0,7.0,8.0,9.0,12.0,inferred
East Suffolk,2021-05-04,1.0,2.0,2.0,3.0,3.0,4.0,5.0,5.0,6.0,6.0,7.0,9.0,11.0,inferred
East Suffolk,2021-05-05,1.0,2.0,2.0,3.0,3.0,4.0,4.0,5.0,6.0,6.0,7.0,8.0,11.0,inferred
East Suffolk,2021-05-06,0.5,1.0,2.0,2.0,3.0,3.0,4.0,4.0,5.0,6.0,6.0,7.0,10.0,inferred
East Suffolk,2021-05-07,0.0,1.0,2.0,2.0,2.0,3.0,3.0,4.0,5.0,5.0,5.0,7.0,9.0,inferred
East Suffolk,2021-05-08,0.0,0.0,1.0,1.0,1.0,2.0,2.0,3.0,3.0,4.0,4.0,5.0,7.0,inferred
East Suffolk,2021-05-09,0.0,1.0,1.0,1.0,2.0,2.0,3.0,3.0,4.0,4.0,4.0,6.0,7.0,inferred
East Suffolk,2021-05-10,0.0,1.0,1.0,2.0,2.0,3.0,3.0,4.0,4.0,5.0,5.0,6.0,8.0,inferred
East Suffolk,2021-05-11,0.0,1.0,1.0,1.0,2.0,2.0,3.0,3.0,4.0,4.0,5.0,6.0,8.0,inferred
East Suffolk,2021-05-12,0.0,1.0,1.0,1.0,2.0,2.0,3.0,3.0,4.0,4.0,5.0,6.0,8.0,inferred
East Suffolk,2021-05-13,0.0,0.0,1.0,1.0,1.0,2.0,2.0,3.0,3.0,4.0,4.0,5.0,8.0,inferred
East Suffolk,2021-05-14,0.0,0.0,1.0,1.0,1.0,2.0,2.0,2.0,3.0,3.0,4.0,5.0,7.0,inferred
East Suffolk,2021-05-15,0.0,0.0,0.0,1.0,1.0,1.0,1.0,2.0,2.0,2.0,3.0,4.0,5.0,inferred
East Suffolk,2021-05-16,0.0,0.0,0.8,1.0,1.0,1.0,2.0,2.0,2.0,3.0,3.0,4.0,6.0,inferred
East Suffolk,2021-05-17,0.0,0.0,1.0,1.0,1.0,2.0,2.0,2.0,3.0,3.0,4.0,5.0,7.0,inferred
East Suffolk,2021-05-18,0.0,0.0,1.0,1.0,1.0,1.0,2.0,2.0,3.0,3.0,4.0,5.0,6.0,inferred
East Suffolk,2021-05-19,0.0,0.0,1.0,1.0,1.0,1.0,2.0,2.0,3.0,3.0,3.0,4.1,6.0,inferred
East Suffolk,2021-05-20,0.0,0.0,0.0,1.0,1.0,1.0,1.0,2.0,2.0,3.0,3.0,4.0,6.0,inferred
East Suffolk,2021-05-21,0.0,0.0,0.0,1.0,1.0,1.0,1.0,2.0,2.0,3.0,3.0,4.0,6.0,inferred
East Suffolk,2021-05-22,0.0,0.0,0.0,0.0,0.0,1.0,1.0,1.0,2.0,2.0,2.0,3.0,5.0,inferred
East Suffolk,2021-05-23,0.0,0.0,0.0,0.0,1.0,1.0,1.0,2.0,2.0,2.0,3.0,4.0,6.0,inferred
East Suffolk,2021-05-24,0.0,0.0,1.0,1.0,1.0,1.0,2.0,2.0,3.0,3.0,3.0,4.0,6.0,inferred
East Suffolk,2021-05-25,0.0,0.0,1.0,1.0,1.0,1.0,2.0,2.0,3.0,3.0,3.0,4.0,7.0,inferred
East Suffolk,2021-05-26,0.0,0.0,1.0,1.0,1.0,2.0,2.0,3.0,3.0,3.0,4.0,5.0,7.0,inferred
East Suffolk,2021-05-27,0.0,0.0,1.0,1.0,1.0,1.0,2.0,2.0,3.0,3.0,4.0,5.0,7.0,inferred
East Suffolk,2021-05-28,0.0,0.0,1.0,1.0,1.0,1.0,2.0,2.0,3.0,3.0,3.0,4.0,6.0,inferred
East Suffolk,2021-05-29,0.0,0.0,0.0,1.0,1.0,1.0,1.0,2.0,2.0,3.0,3.0,4.0,6.0,inferred
East Suffolk,2021-05-30,0.0,0.0,1.0,1.0,1.0,1.0,2.0,2.0,3.0,3.0,3.0,5.0,6.0,inferred
East Suffolk,2021-05-31,0.0,0.0,1.0,1.0,2.0,2.0,2.0,3.0,4.0,4.0,4.0,6.0,8.0,inferred
East Suffolk,2021-06-01,0.0,0.0,1.0,1.0,2.0,2.0,3.0,3.0,4.0,4.0,4.0,6.0,8.0,inferred
East Suffolk,2021-06-02,0.0,1.0,1.0,2.0,2.0,2.0,3.0,4.0,4.0,5.0,5.0,6.0,9.0,inferred
East Suffolk,2021-06-03,0.0,1.0,1.0,2.0,2.0,2.0,3.0,4.0,4.0,5.0,5.0,6.0,8.5,inferred
East Suffolk,2021-06-04,0.0,1.0,1.0,2.0,2.0,2.0,3.0,3.0,4.0,4.0,5.0,6.0,8.0,inferred
East Suffolk,2021-06-05,0.0,1.0,1.0,1.0,1.0,2.0,3.0,3.0,4.0,4.0,4.0,6.0,8.0,inferred
East Suffolk,2021-06-06,0.0,1.0,1.0,2.0,2.0,2.0,3.0,3.0,4.0,5.0,5.0,6.0,8.0,inferred
East Suffolk,2021-06-07,0.0,1.0,2.0,2.0,3.0,3.0,4.0,5.0,5.0,6.0,6.0,8.0,10.5,inferred
East Suffolk,2021-06-08,0.0,1.0,2.0,2.0,3.0,3.0,4.0,4.0,5.0,6.0,6.0,7.0,10.0,inferred
East Suffolk,2021-06-09,1.0,1.9,2.0,3.0,3.0,4.0,4.0,5.0,6.0,6.0,7.0,8.0,10.5,inferred
East Suffolk,2021-06-10,0.0,2.0,2.0,3.0,3.0,4.0,4.0,5.0,6.0,6.0,7.0,8.0,11.0,inferred
East Suffolk,2021-06-11,0.0,1.0,2.0,3.0,3.0,3.0,4.0,5.0,5.0,6.0,6.0,8.0,10.0,inferred
East Suffolk,2021-06-12,0.0,1.0,2.0,2.0,2.0,3.0,3.0,4.0,5.0,5.0,6.0,7.0,9.0,inferred
East Suffolk,2021-06-13,1.0,2.0,2.0,3.0,3.0,4.0,4.0,5.0,6.0,6.0,7.0,8.0,11.0,inferred
East Suffolk,2021-06-14,1.0,2.0,3.0,4.0,4.0,5.0,5.0,6.0,7.0,8.0,8.0,10.0,12.0,inferred
East Suffolk,2021-06-15,1.0,2.0,3.0,4.0,4.0,5.0,5.0,6.0,7.0,8.0,8.0,10.0,13.0,inferred
East Suffolk,2021-06-16,1.0,2.0,4.0,4.0,4.0,5.0,6.0,7.0,8.0,8.0,9.0,11.0,14.0,inferred
East Suffolk,2021-06-17,1.0,2.0,3.0,4.0,4.0,5.0,6.0,7.0,8.0,8.0,9.0,11.0,14.0,inferred
East Suffolk,2021-06-18,1.0,2.0,3.0,4.0,4.0,5.0,5.0,6.0,7.0,8.0,8.0,10.0,14.0,inferred
Eastbourne,2021-03-06,0.0,0.0,0.0,0.0,1.0,1.0,1.0,2.0,2.0,2.0,3.0,4.0,6.0,inferred
Eastbourne,2021-03-07,0.0,0.0,0.0,1.0,1.0,1.0,2.0,2.0,3.0,3.0,3.0,4.0,6.0,inferred
Eastbourne,2021-03-08,0.0,0.0,1.0,1.0,1.0,2.0,2.0,3.0,3.0,4.0,4.0,5.0,7.5,inferred
Eastbourne,2021-03-09,0.0,0.0,1.0,1.0,1.0,2.0,2.0,3.0,3.0,4.0,4.0,5.0,8.0,inferred
Eastbourne,2021-03-10,0.0,1.0,1.0,1.0,2.0,2.0,3.0,3.0,4.0,4.0,5.0,6.0,8.0,inferred
Eastbourne,2021-03-11,0.0,1.0,1.0,2.0,2.0,2.0,3.0,4.0,4.0,5.0,5.0,7.0,8.0,inferred
Eastbourne,2021-03-12,0.0,1.0,1.0,2.0,2.0,2.0,3.0,3.0,4.0,4.0,5.0,6.0,9.0,inferred
Eastbourne,2021-03-13,0.0,0.0,1.0,1.0,2.0,2.0,2.0,3.0,4.0,4.0,4.0,5.0,7.0,inferred
Eastbourne,2021-03-14,0.0,1.0,1.0,2.0,2.0,3.0,3.0,4.0,5.0,5.0,5.0,7.0,9.0,inferred
Eastbourne,2021-03-15,1.0,2.0,2.0,3.0,3.0,4.0,4.0,5.0,6.0,7.0,7.0,8.0,11.0,inferred
Eastbourne,2021-03-16,0.0,2.0,2.0,3.0,3.0,4.0,5.0,5.0,6.0,7.0,7.0,9.0,12.0,inferred
Eastbourne,2021-03-17,1.0,2.0,3.0,4.0,4.0,5.0,5.0,6.0,7.0,7.0,8.0,9.0,12.0,inferred
Eastbourne,2021-03-18,1.0,2.0,3.0,3.0,4.0,4.0,5.0,6.0,7.0,7.0,8.0,10.0,12.0,inferred
Eastbourne,2021-03-19,1.0,2.0,3.0,3.0,3.0,4.0,5.0,5.0,6.0,6.0,7.0,8.0,11.0,inferred
Eastbourne,2021-03-20,0.0,1.0,2.0,2.0,3.0,3.0,4.0,5.0,5.0,6.0,6.0,8.0,10.0,inferred
Eastbourne,2021-03-21,1.0,2.0,3.0,3.0,3.0,4.0,5.0,5.0,6.0,7.0,7.0,9.0,11.0,inferred
Eastbourne,2021-03-22,1.0,3.0,4.0,4.0,4.0,5.0,6.0,7.0,8.0,8.0,9.0,10.0,14.0,inferred
Eastbourne,2021-03-23,1.0,2.0,3.0,4.0,4.0,5.0,5.0,6.0,7.0,8.0,8.0,10.0,13.0,inferred
Eastbourne,2021-03-24,1.0,2.0,3.0,4.0,4.0,5.0,6.0,6.0,7.0,8.0,8.0,10.0,13.0,inferred
Eastbourne,2021-03-25,1.0,2.0,3.0,3.0,4.0,4.0,5.0,6.0,6.0,7.0,7.0,9.0,12.0,inferred
Eastbourne,2021-03-26,0.0,1.0,2.0,2.0,3.0,3.0,4.0,5.0,5.0,6.0,6.0,8.0,11.0,inferred
Eastbourne,2021-03-27,0.0,1.0,1.0,2.0,2.0,3.0,3.0,4.0,4.0,5.0,5.0,6.0,9.0,inferred
Eastbourne,2021-03-28,0.0,1.0,2.0,2.0,2.0,3.0,4.0,4.0,5.0,5.0,6.0,7.0,9.5,inferred
Eastbourne,2021-03-29,1.0,2.0,2.0,3.0,3.0,4.0,4.0,5.0,6.0,6.0,7.0,9.0,11.0,inferred
Eastbourne,2021-03-30,0.0,1.0,2.0,2.0,3.0,3.0,4.0,5.0,6.0,6.0,6.0,8.0,10.0,inferred
Eastbourne,2021-03-31,0.0,1.0,2.0,2.0,3.0,3.0,4.0,5.0,5.0,6.0,6.0,8.0,10.0,inferred
Eastbourne,2021-04-01,0.0,1.0,2.0,2.0,2.0,3.0,3.0,4.0,5.0,5.0,5.2,7.0,9.0,inferred
Eastbourne,2021-04-02,0.0,0.0,1.0,1.0,2.0,2.0,3.0,3.0,4.0,4.0,5.0,6.0,8.0,inferred
Eastbourne,2021-04-03,0.0,0.0,1.0,1.0,1.0,2.0,2.0,2.0,3.0,3.0,4.0,5.0,7.0,inferred
Eastbourne,2021-04-04,0.0,0.0,1.0,1.0,1.0,2.0,2.0,3.0,3.0,3.0,4.0,5.0,7.0,inferred
Eastbourne,2021-04-05,0.0,0.0,1.0,1.0,1.0,2.0,2.0,3.0,4.0,4.0,4.0,6.0,8.0,inferred
Eastbourne,2021-04-06,0.0,0.0,1.0,1.0,1.0,2.0,2.0,3.0,3.0,4.0,4.0,5.0,7.0,inferred
Eastbourne,2021-04-07,0.0,0.0,1.0,1.0,1.0,2.0,2.0,3.0,3.0,3.0,4.0,5.0,7.0,inferred
Eastbourne,2021-04-08,0.0,0.0,0.0,1.0,1.0,1.0,2.0,2.0,3.0,3.0,3.0,5.0,6.0,inferred
Eastbourne,2021-04-09,0.0,0.0,0.0,0.0,1.0,1.0,1.0,2.0,2.0,3.0,3.0,4.0,6.0,inferred
Eastbourne,2021-04-10,0.0,0.0,0.0,0.0,0.0,1.0,1.0,1.0,2.0,2.0,2.0,3.0,5.0,inferred
Eastbourne,2021-04-11,0.0,0.0,0.0,0.0,1.0,1.0,1.0,2.0,2.0,2.0,3.0,3.1,5.0,inferred
Eastbourne,2021-04-12,0.0,0.0,0.0,1.0,1.0,1.0,1.0,2.0,2.0,3.0,3.0,4.0,6.0,inferred
Eastbourne,2021-04-13,0.0,0.0,0.0,0.0,1.0,1.0,1.0,2.0,2.0,3.0,3.0,4.0,6.0,inferred
Eastbourne,2021-04-14,0.0,0.0,0.0,1.0,1.0,1.0,1.0,2.0,2.0,3.0,3.0,4.0,6.0,inferred
Eastbourne,2021-04-15,0.0,0.0,0.0,0.0,1.0,1.0,1.0,2.0,2.0,2.0,3.0,4.0,6.0,inferred
Eastbourne,2021-04-16,0.0,0.0,0.0,0.0,0.0,1.0,1.0,1.0,2.0,2.0,2.0,3.0,5.0,inferred
Eastbourne,2021-04-17,0.0,0.0,0.0,0.0,0.0,0.0,1.0,1.0,1.0,2.0,2.0,3.0,5.0,inferred
Eastbourne,2021-04-18,0.0,0.0,0.0,0.0,0.0,1.0,1.0,1.0,2.0,2.0,2.0,3.0,5.0,inferred
Eastbourne,2021-04-19,0.0,0.0,0.0,0.0,0.0,1.0,1.0,1.0,2.0,2.0,2.0,3.0,5.0,inferred
Eastbourne,2021-04-20,0.0,0.0,0.0,0.0,0.0,1.0,1.0,1.0,2.0,2.0,2.0,3.0,5.0,inferred
Eastbourne,2021-04-21,0.0,0.0,0.0,0.0,0.0,1.0,1.0,1.0,2.0,2.0,2.0,3.0,5.0,inferred
Eastbourne,2021-04-22,0.0,0.0,0.0,0.0,0.0,1.0,1.0,1.0,2.0,2.0,2.0,3.0,5.0,inferred
Eastbourne,2021-04-23,0.0,0.0,0.0,0.0,0.0,0.0,1.0,1.0,1.0,2.0,2.0,3.0,4.0,inferred
Eastbourne,2021-04-24,0.0,0.0,0.0,0.0,0.0,0.0,0.0,1.0,1.0,1.0,1.0,2.0,4.0,inferred
Eastbourne,2021-04-25,0.0,0.0,0.0,0.0,0.0,0.0,1.0,1.0,1.0,1.0,2.0,2.0,4.0,inferred
Eastbourne,2021-04-26,0.0,0.0,0.0,0.0,0.0,0.0,1.0,1.0,2.0,2.0,2.0,3.0,5.0,inferred
Eastbourne,2021-04-27,0.0,0.0,0.0,0.0,0.0,0.0,1.0,1.0,1.0,2.0,2.0,3.0,4.0,inferred
Eastbourne,2021-04-28,0.0,0.0,0.0,0.0,0.0,0.0,1.0,1.0,1.0,2.0,2.0,3.0,4.0,inferred
Eastbourne,2021-04-29,0.0,0.0,0.0,0.0,0.0,0.0,1.0,1.0,1.0,1.0,2.0,2.0,4.0,inferred
Eastbourne,2021-04-30,0.0,0.0,0.0,0.0,0.0,0.0,0.0,1.0,1.0,1.0,2.0,2.0,4.0,inferred
Eastbourne,2021-05-01,0.0,0.0,0.0,0.0,0.0,0.0,0.0,0.0,1.0,1.0,1.0,2.0,3.0,inferred
Eastbourne,2021-05-02,0.0,0.0,0.0,0.0,0.0,0.0,0.0,1.0,1.0,1.0,1.0,2.0,3.0,inferred
Eastbourne,2021-05-03,0.0,0.0,0.0,0.0,0.0,0.0,0.0,1.0,1.0,1.0,1.2,2.0,3.5,inferred
Eastbourne,2021-05-04,0.0,0.0,0.0,0.0,0.0,0.0,0.0,1.0,1.0,1.0,1.0,2.0,3.0,inferred
Eastbourne,2021-05-05,0.0,0.0,0.0,0.0,0.0,0.0,0.0,1.0,1.0,1.0,1.0,2.0,4.0,inferred
Eastbourne,2021-05-06,0.0,0.0,0.0,0.0,0.0,0.0,0.0,1.0,1.0,1.0,1.0,2.0,3.0,inferred
Eastbourne,2021-05-07,0.0,0.0,0.0,0.0,0.0,0.0,0.0,0.0,1.0,1.0,1.0,2.0,3.0,inferred
Eastbourne,2021-05-08,0.0,0.0,0.0,0.0,0.0,0.0,0.0,0.0,1.0,1.0,1.0,1.0,3.0,inferred
Eastbourne,2021-05-09,0.0,0.0,0.0,0.0,0.0,0.0,0.0,0.0,1.0,1.0,1.0,2.0,3.0,inferred
Eastbourne,2021-05-10,0.0,0.0,0.0,0.0,0.0,0.0,0.0,1.0,1.0,1.0,1.0,2.0,3.0,inferred
Eastbourne,2021-05-11,0.0,0.0,0.0,0.0,0.0,0.0,0.0,0.0,1.0,1.0,1.0,2.0,3.0,inferred
Eastbourne,2021-05-12,0.0,0.0,0.0,0.0,0.0,0.0,0.0,1.0,1.0,1.0,1.0,2.0,3.0,inferred
Eastbourne,2021-05-13,0.0,0.0,0.0,0.0,0.0,0.0,0.0,0.0,1.0,1.0,1.0,2.0,3.0,inferred
Eastbourne,2021-05-14,0.0,0.0,0.0,0.0,0.0,0.0,0.0,0.0,1.0,1.0,1.0,2.0,3.0,inferred
Eastbourne,2021-05-15,0.0,0.0,0.0,0.0,0.0,0.0,0.0,0.0,1.0,1.0,1.0,2.0,3.0,inferred
Eastbourne,2021-05-16,0.0,0.0,0.0,0.0,0.0,0.0,0.0,0.0,1.0,1.0,1.0,2.0,3.0,inferred
Eastbourne,2021-05-17,0.0,0.0,0.0,0.0,0.0,0.0,0.0,1.0,1.0,1.0,1.0,2.0,3.0,inferred
Eastbourne,2021-05-18,0.0,0.0,0.0,0.0,0.0,0.0,0.0,1.0,1.0,1.0,1.0,2.0,3.0,inferred
Eastbourne,2021-05-19,0.0,0.0,0.0,0.0,0.0,0.0,0.0,1.0,1.0,1.0,1.0,2.0,4.0,inferred
Eastbourne,2021-05-20,0.0,0.0,0.0,0.0,0.0,0.0,0.0,1.0,1.0,1.0,1.0,2.0,4.0,inferred
Eastbourne,2021-05-21,0.0,0.0,0.0,0.0,0.0,0.0,0.0,1.0,1.0,1.0,1.0,2.0,4.0,inferred
Eastbourne,2021-05-22,0.0,0.0,0.0,0.0,0.0,0.0,0.0,0.0,1.0,1.0,1.0,2.0,3.0,inferred
Eastbourne,2021-05-23,0.0,0.0,0.0,0.0,0.0,0.0,0.0,1.0,1.0,1.0,1.0,2.0,3.0,inferred
Eastbourne,2021-05-24,0.0,0.0,0.0,0.0,0.0,0.0,0.0,1.0,1.0,1.0,2.0,2.0,4.0,inferred
Eastbourne,2021-05-25,0.0,0.0,0.0,0.0,0.0,0.0,1.0,1.0,1.0,1.0,2.0,2.0,4.0,inferred
Eastbourne,2021-05-26,0.0,0.0,0.0,0.0,0.0,0.0,1.0,1.0,1.0,1.0,2.0,2.0,4.0,inferred
Eastbourne,2021-05-27,0.0,0.0,0.0,0.0,0.0,0.0,1.0,1.0,1.0,1.0,2.0,2.0,4.0,inferred
Eastbourne,2021-05-28,0.0,0.0,0.0,0.0,0.0,0.0,0.0,1.0,1.0,1.0,2.0,2.0,4.0,inferred
Eastbourne,2021-05-29,0.0,0.0,0.0,0.0,0.0,0.0,0.0,1.0,1.0,1.0,1.0,2.0,3.0,inferred
Eastbourne,2021-05-30,0.0,0.0,0.0,0.0,0.0,0.0,1.0,1.0,1.0,1.0,2.0,2.0,4.0,inferred
Eastbourne,2021-05-31,0.0,0.0,0.0,0.0,0.0,0.0,1.0,1.0,1.0,2.0,2.0,3.0,4.0,inferred
Eastbourne,2021-06-01,0.0,0.0,0.0,0.0,0.0,1.0,1.0,1.0,2.0,2.0,2.0,3.0,4.0,inferred
Eastbourne,2021-06-02,0.0,0.0,0.0,0.0,0.0,1.0,1.0,1.0,2.0,2.0,2.0,3.0,5.0,inferred
Eastbourne,2021-06-03,0.0,0.0,0.0,0.0,0.0,1.0,1.0,1.0,2.0,2.0,2.0,3.0,5.0,inferred
Eastbourne,2021-06-04,0.0,0.0,0.0,0.0,0.0,1.0,1.0,1.0,2.0,2.0,2.0,3.0,5.0,inferred
Eastbourne,2021-06-05,0.0,0.0,0.0,0.0,0.0,0.0,1.0,1.0,1.0,2.0,2.0,3.0,4.0,inferred
Eastbourne,2021-06-06,0.0,0.0,0.0,0.0,0.0,1.0,1.0,1.0,2.0,2.0,3.0,4.0,5.0,inferred
Eastbourne,2021-06-07,0.0,0.0,0.0,1.0,1.0,1.0,2.0,2.0,2.0,3.0,3.0,4.0,6.0,inferred
Eastbourne,2021-06-08,0.0,0.0,0.0,1.0,1.0,1.0,2.0,2.0,3.0,3.0,3.0,4.0,6.0,inferred
Eastbourne,2021-06-09,0.0,0.0,1.0,1.0,1.0,1.0,2.0,2.0,3.0,3.0,4.0,5.0,7.0,inferred
Eastbourne,2021-06-10,0.0,0.0,1.0,1.0,1.0,1.0,2.0,2.0,3.0,3.0,4.0,5.0,7.0,inferred
Eastbourne,2021-06-11,0.0,0.0,1.0,1.0,1.0,1.0,2.0,2.0,3.0,3.0,3.0,5.0,7.0,inferred
Eastbourne,2021-06-12,0.0,0.0,0.0,1.0,1.0,1.0,1.0,2.0,2.0,3.0,3.0,4.0,6.0,inferred
Eastbourne,2021-06-13,0.0,0.0,1.0,1.0,1.0,1.0,2.0,2.0,3.0,3.0,4.0,5.0,7.0,inferred
Eastbourne,2021-06-14,0.0,1.0,1.0,1.0,2.0,2.0,3.0,3.0,4.0,4.0,5.0,6.0,8.0,inferred
Eastbourne,2021-06-15,0.0,0.0,1.0,1.0,2.0,2.0,3.0,3.0,4.0,4.0,5.0,6.0,8.0,inferred
Eastbourne,2021-06-16,0.0,1.0,1.0,2.0,2.0,2.0,3.0,4.0,4.0,5.0,5.0,6.0,9.0,inferred
Eastbourne,2021-06-17,0.0,1.0,1.0,2.0,2.0,3.0,3.0,4.0,4.0,5.0,5.0,7.0,9.0,inferred
Eastbourne,2021-06-18,0.0,1.0,1.0,2.0,2.0,2.0,3.0,4.0,4.0,5.0,5.0,6.0,9.0,inferred
Eastleigh,2021-03-06,3.0,4.0,5.0,5.0,6.0,7.0,7.0,8.0,9.0,9.0,10.0,11.0,14.0,inferred
Eastleigh,2021-03-07,3.0,5.0,6.0,7.0,7.0,8.0,9.0,10.0,11.0,11.0,12.0,13.0,16.0,inferred
Eastleigh,2021-03-08,5.0,6.0,8.0,8.0,9.0,10.0,11.0,11.0,12.0,13.0,14.0,15.0,18.0,inferred
Eastleigh,2021-03-09,4.0,6.0,7.0,8.0,8.0,9.0,10.0,11.0,12.0,13.0,13.0,15.0,18.0,inferred
Eastleigh,2021-03-10,5.0,6.0,8.0,8.0,9.0,10.0,11.0,12.0,13.0,13.0,14.0,16.0,19.0,inferred
Eastleigh,2021-03-11,4.0,6.0,7.0,7.0,8.0,9.0,10.0,11.0,11.0,12.0,13.0,15.0,18.0,inferred
Eastleigh,2021-03-12,3.0,5.0,6.0,6.0,7.0,8.0,8.0,9.0,10.0,11.0,11.0,13.0,16.0,inferred
Eastleigh,2021-03-13,2.0,4.0,5.0,5.0,5.0,6.0,7.0,8.0,8.0,9.0,10.0,11.0,14.0,inferred
Eastleigh,2021-03-14,3.0,4.0,6.0,6.0,7.0,7.0,8.0,9.0,10.0,10.0,11.0,13.0,16.0,inferred
Eastleigh,2021-03-15,4.0,6.0,7.0,8.0,8.0,9.0,10.0,11.0,12.0,13.0,13.0,15.0,18.0,inferred
Eastleigh,2021-03-16,4.0,5.0,7.0,7.0,8.0,9.0,10.0,10.0,11.0,12.0,13.0,14.0,17.0,inferred
Eastleigh,2021-03-17,4.0,6.0,7.0,8.0,8.0,9.0,10.0,11.0,12.0,12.0,13.0,15.0,18.0,inferred
Eastleigh,2021-03-18,3.0,5.0,6.0,7.0,7.0,8.0,9.0,10.0,11.0,11.0,12.0,14.0,17.0,inferred
Eastleigh,2021-03-19,3.0,4.0,5.0,6.0,6.0,7.0,8.0,9.0,10.0,10.0,11.0,12.0,16.0,inferred
Eastleigh,2021-03-20,2.0,3.0,4.0,5.0,5.0,6.0,6.0,7.0,8.0,8.0,9.0,10.1,13.0,inferred
Eastleigh,2021-03-21,2.0,4.0,5.0,6.0,6.0,7.0,8.0,8.0,9.0,10.0,10.0,12.0,14.0,inferred
Eastleigh,2021-03-22,3.0,5.0,6.0,7.0,7.0,8.0,9.0,10.0,11.0,12.0,12.0,14.0,17.0,inferred
Eastleigh,2021-03-23,3.0,5.0,6.0,7.0,7.0,8.0,9.0,9.0,11.0,11.0,12.0,13.0,16.0,inferred
Eastleigh,2021-03-24,3.0,5.0,6.0,7.0,7.0,8.0,9.0,10.0,11.0,12.0,12.0,14.0,17.0,inferred
Eastleigh,2021-03-25,3.0,4.0,6.0,6.0,7.0,7.0,8.0,9.0,10.0,10.0,11.0,13.0,16.0,inferred
Eastleigh,2021-03-26,2.0,4.0,5.0,5.0,5.0,6.0,7.0,8.0,9.0,9.0,10.0,11.0,13.5,inferred
Eastleigh,2021-03-27,1.0,3.0,4.0,4.0,4.0,5.0,6.0,6.0,7.0,8.0,8.0,10.0,12.0,inferred
Eastleigh,2021-03-28,2.0,3.0,4.0,5.0,5.0,6.0,6.0,7.0,8.0,9.0,9.0,11.0,13.0,inferred
Eastleigh,2021-03-29,2.0,4.0,5.0,5.0,6.0,7.0,7.0,8.0,9.0,10.0,10.0,12.0,15.0,inferred
Eastleigh,2021-03-30,2.0,3.0,4.0,5.0,5.0,6.0,7.0,7.0,8.0,9.0,9.0,11.0,14.0,inferred
Eastleigh,2021-03-31,2.0,3.0,4.0,5.0,5.0,6.0,7.0,7.0,8.0,9.0,9.0,11.0,13.5,inferred
Eastleigh,2021-04-01,2.0,3.0,4.0,4.0,4.0,5.0,6.0,7.0,7.0,8.0,8.0,10.0,12.0,inferred
Eastleigh,2021-04-02,1.0,2.0,3.0,3.0,4.0,4.0,5.0,5.0,6.0,7.0,7.0,8.0,11.0,inferred
Eastleigh,2021-04-03,0.0,1.0,2.0,2.0,3.0,3.0,4.0,4.0,5.0,5.0,6.0,7.0,9.0,inferred
Eastleigh,2021-04-04,0.0,1.0,2.0,3.0,3.0,4.0,4.0,5.0,5.0,6.0,6.0,8.0,10.0,inferred
Eastleigh,2021-04-05,1.0,2.0,3.0,3.0,3.0,4.0,5.0,5.0,6.0,6.0,7.0,8.0,10.0,inferred
Eastleigh,2021-04-06,1.0,2.0,3.0,3.0,3.0,4.0,4.0,5.0,6.0,6.0,6.0,8.0,10.0,inferred
Eastleigh,2021-04-07,1.0,2.0,2.0,3.0,3.0,4.0,4.0,5.0,6.0,6.0,6.0,8.0,10.0,inferred
Eastleigh,2021-04-08,0.0,1.0,2.0,2.0,3.0,3.0,4.0,4.0,5.0,5.0,6.0,7.0,9.0,inferred
Eastleigh,2021-04-09,0.0,1.0,2.0,2.0,2.0,3.0,3.0,4.0,4.0,5.0,5.0,6.0,8.0,inferred
Eastleigh,2021-04-10,0.0,1.0,1.0,1.0,2.0,2.0,3.0,3.0,4.0,4.0,4.0,5.0,7.0,inferred
Eastleigh,2021-04-11,0.0,1.0,2.0,2.0,2.0,3.0,3.0,4.0,4.0,4.0,5.0,6.0,8.0,inferred
Eastleigh,2021-04-12,0.0,1.0,2.0,2.0,3.0,3.0,4.0,4.0,5.0,5.0,6.0,7.0,10.0,inferred
Eastleigh,2021-04-13,0.0,1.0,2.0,2.0,3.0,3.0,4.0,4.0,5.0,5.0,6.0,7.0,9.0,inferred
Eastleigh,2021-04-14,0.0,1.0,2.0,2.0,3.0,3.0,4.0,4.0,5.0,5.0,6.0,7.0,9.0,inferred
Eastleigh,2021-04-15,0.0,1.0,2.0,2.0,2.0,3.0,3.0,4.0,5.0,5.0,5.0,7.0,8.0,inferred
Eastleigh,2021-04-16,0.0,1.0,1.0,2.0,2.0,2.0,3.0,3.0,4.0,4.0,5.0,6.0,8.0,inferred
Eastleigh,2021-04-17,0.0,1.0,1.0,1.0,1.0,2.0,2.0,3.0,3.0,4.0,4.0,5.0,6.0,inferred
Eastleigh,2021-04-18,0.0,1.0,1.0,1.0,2.0,2.0,3.0,3.0,4.0,4.0,4.0,6.0,7.0,inferred
Eastleigh,2021-04-19,0.0,1.0,2.0,2.0,2.0,3.0,3.0,4.0,4.0,4.0,5.0,6.0,8.0,inferred
Eastleigh,2021-04-20,0.0,1.0,1.0,2.0,2.0,2.0,3.0,3.0,4.0,4.0,5.0,6.0,8.0,inferred
Eastleigh,2021-04-21,0.0,1.0,1.0,2.0,2.0,2.0,3.0,3.0,4.0,4.0,5.0,6.0,7.0,inferred
Eastleigh,2021-04-22,0.0,1.0,1.0,1.0,2.0,2.0,3.0,3.0,4.0,4.0,4.0,5.0,7.0,inferred
Eastleigh,2021-04-23,0.0,1.0,1.0,1.0,1.0,2.0,2.0,3.0,3.0,4.0,4.0,5.0,7.0,inferred
Eastleigh,2021-04-24,0.0,0.0,1.0,1.0,1.0,1.0,2.0,2.0,3.0,3.0,3.0,4.0,6.0,inferred
Eastleigh,2021-04-25,0.0,0.0,1.0,1.0,1.0,2.0,2.0,3.0,3.0,3.0,4.0,5.0,6.0,inferred
Eastleigh,2021-04-26,0.0,1.0,1.0,1.0,2.0,2.0,3.0,3.0,4.0,4.0,4.0,6.0,7.0,inferred
Eastleigh,2021-04-27,0.0,1.0,1.0,1.0,2.0,2.0,3.0,3.0,4.0,4.0,4.0,5.0,7.0,inferred
Eastleigh,2021-04-28,0.0,1.0,1.0,2.0,2.0,2.0,3.0,3.0,4.0,4.0,4.0,6.0,7.0,inferred
Eastleigh,2021-04-29,0.0,1.0,1.0,1.0,2.0,2.0,2.0,3.0,3.0,4.0,4.0,5.0,7.0,inferred
Eastleigh,2021-04-30,0.0,0.0,1.0,1.0,1.0,2.0,2.0,3.0,3.0,3.0,4.0,5.0,6.0,inferred
Eastleigh,2021-05-01,0.0,0.0,1.0,1.0,1.0,1.0,2.0,2.0,3.0,3.0,3.0,4.0,5.5,inferred
Eastleigh,2021-05-02,0.0,0.0,1.0,1.0,1.0,2.0,2.0,2.0,3.0,3.0,4.0,5.0,6.0,inferred
Eastleigh,2021-05-03,0.0,1.0,1.0,1.0,2.0,2.0,3.0,3.0,4.0,4.0,4.0,5.0,7.0,inferred
Eastleigh,2021-05-04,0.0,1.0,1.0,1.0,2.0,2.0,3.0,3.0,4.0,4.0,4.0,5.0,7.0,inferred
Eastleigh,2021-05-05,0.0,1.0,1.0,1.0,2.0,2.0,3.0,3.0,4.0,4.0,5.0,6.0,7.0,inferred
Eastleigh,2021-05-06,0.0,1.0,1.0,1.0,2.0,2.0,2.0,3.0,4.0,4.0,4.0,5.0,7.0,inferred
Eastleigh,2021-05-07,0.0,0.0,1.0,1.0,1.0,2.0,2.0,3.0,3.0,3.2,4.0,5.0,6.0,inferred
Eastleigh,2021-05-08,0.0,0.0,1.0,1.0,1.0,1.0,2.0,2.0,2.3,3.0,3.0,4.0,6.0,inferred
Eastleigh,2021-05-09,0.0,0.0,1.0,1.0,1.0,2.0,2.0,3.0,3.0,3.0,4.0,5.0,6.0,inferred
Eastleigh,2021-05-10,0.0,1.0,1.0,1.0,2.0,2.0,3.0,3.0,4.0,4.0,4.0,5.0,7.0,inferred
Eastleigh,2021-05-11,0.0,1.0,1.0,1.0,2.0,2.0,2.0,3.0,3.0,4.0,4.0,5.0,7.0,inferred
Eastleigh,2021-05-12,0.0,0.0,1.0,1.0,2.0,2.0,2.0,3.0,3.0,4.0,4.0,5.0,7.0,inferred
Eastleigh,2021-05-13,0.0,0.0,1.0,1.0,1.0,2.0,2.0,3.0,3.0,3.0,4.0,4.1,6.5,inferred
Eastleigh,2021-05-14,0.0,0.0,1.0,1.0,1.0,1.0,2.0,2.0,2.0,3.0,3.0,4.0,6.0,inferred
Eastleigh,2021-05-15,0.0,0.0,0.0,0.0,1.0,1.0,1.0,2.0,2.0,2.0,2.0,3.0,5.0,inferred
Eastleigh,2021-05-16,0.0,0.0,0.0,1.0,1.0,1.0,1.0,2.0,2.0,2.0,3.0,4.0,5.0,inferred
Eastleigh,2021-05-17,0.0,0.0,1.0,1.0,1.0,1.0,2.0,2.0,3.0,3.0,3.0,4.0,5.5,inferred
Eastleigh,2021-05-18,0.0,0.0,0.0,1.0,1.0,1.0,1.5,2.0,2.0,3.0,3.0,4.0,5.0,inferred
Eastleigh,2021-05-19,0.0,0.0,0.0,1.0,1.0,1.0,1.0,2.0,2.0,2.0,3.0,4.0,5.0,inferred
Eastleigh,2021-05-20,0.0,0.0,0.0,1.0,1.0,1.0,1.0,2.0,2.0,2.0,3.0,3.0,5.0,inferred
Eastleigh,2021-05-21,0.0,0.0,0.0,0.0,0.0,1.0,1.0,1.0,2.0,2.0,2.0,3.0,5.0,inferred
Eastleigh,2021-05-22,0.0,0.0,0.0,0.0,0.0,1.0,1.0,1.0,1.0,2.0,2.0,3.0,4.0,inferred
Eastleigh,2021-05-23,0.0,0.0,0.0,0.0,0.0,1.0,1.0,1.0,2.0,2.0,2.0,3.0,4.0,inferred
Eastleigh,2021-05-24,0.0,0.0,0.0,1.0,1.0,1.0,1.0,2.0,2.0,2.0,3.0,4.0,5.0,inferred
Eastleigh,2021-05-25,0.0,0.0,0.0,0.0,1.0,1.0,1.0,2.0,2.0,2.0,2.0,3.0,5.0,inferred
Eastleigh,2021-05-26,0.0,0.0,0.0,1.0,1.0,1.0,1.0,2.0,2.0,2.0,3.0,4.0,5.0,inferred
Eastleigh,2021-05-27,0.0,0.0,0.0,1.0,1.0,1.0,1.0,2.0,2.0,2.2,3.0,4.0,5.0,inferred
Eastleigh,2021-05-28,0.0,0.0,0.0,0.0,1.0,1.0,1.0,2.0,2.0,2.0,3.0,4.0,5.0,inferred
Eastleigh,2021-05-29,0.0,0.0,0.0,0.0,1.0,1.0,1.0,1.0,2.0,2.0,2.0,3.0,4.5,inferred
Eastleigh,2021-05-30,0.0,0.0,0.0,1.0,1.0,1.0,1.0,2.0,2.0,3.0,3.0,4.0,5.0,inferred
Eastleigh,2021-05-31,0.0,0.0,1.0,1.0,1.0,2.0,2.0,2.0,3.0,3.0,4.0,5.0,6.0,inferred
Eastleigh,2021-06-01,0.0,0.0,1.0,1.0,1.0,2.0,2.0,2.0,3.0,3.0,4.0,5.0,7.0,inferred
Eastleigh,2021-06-02,0.0,1.0,1.0,1.0,2.0,2.0,2.0,3.0,4.0,4.0,4.0,5.0,7.0,inferred
Eastleigh,2021-06-03,0.0,1.0,1.0,2.0,2.0,2.0,3.0,3.0,4.0,4.0,4.0,5.0,7.0,inferred
Eastleigh,2021-06-04,0.0,1.0,1.0,2.0,2.0,2.0,3.0,3.0,4.0,4.0,4.0,5.0,7.0,inferred
Eastleigh,2021-06-05,0.0,0.0,1.0,1.0,1.0,2.0,2.0,3.0,3.0,4.0,4.0,5.0,7.0,inferred
Eastleigh,2021-06-06,0.0,1.0,1.0,2.0,2.0,2.0,3.0,3.0,4.0,4.0,5.0,6.0,8.0,inferred
Eastleigh,2021-06-07,1.0,2.0,2.0,3.0,3.0,4.0,4.0,5.0,5.0,6.0,6.0,7.1,10.0,inferred
Eastleigh,2021-06-08,1.0,2.0,2.8,3.0,3.0,4.0,4.0,5.0,6.0,6.0,7.0,8.0,10.0,inferred
Eastleigh,2021-06-09,1.0,2.0,3.0,3.0,4.0,4.0,5.0,6.0,7.0,7.0,7.0,9.0,11.0,inferred
Eastleigh,2021-06-10,1.0,2.0,3.0,4.0,4.0,5.0,5.0,6.0,7.0,7.0,8.0,9.0,11.0,inferred
Eastleigh,2021-06-11,1.0,2.0,3.0,3.0,4.0,4.0,5.0,6.0,7.0,7.0,7.0,9.0,12.0,inferred
Eastleigh,2021-06-12,1.0,2.0,3.0,3.0,3.0,4.0,5.0,5.0,6.0,6.0,7.0,8.0,10.0,inferred
Eastleigh,2021-06-13,1.0,3.0,4.0,4.0,5.0,5.0,6.0,7.0,8.0,8.0,8.0,10.0,12.0,inferred
Eastleigh,2021-06-14,2.5,4.0,6.0,6.0,6.7,7.0,8.0,9.0,10.0,11.0,11.0,13.0,17.0,inferred
Eastleigh,2021-06-15,3.0,5.0,6.0,7.0,7.0,8.0,9.0,10.0,11.0,11.0,12.0,14.0,17.0,inferred
Eastleigh,2021-06-16,4.0,6.0,7.0,8.0,8.0,9.0,10.0,11.0,12.0,13.0,14.0,15.1,19.0,inferred
Eastleigh,2021-06-17,4.0,6.0,7.0,8.0,8.0,9.0,10.0,11.0,12.0,13.0,14.0,16.0,19.0,inferred
Eastleigh,2021-06-18,4.0,6.0,7.0,8.0,8.0,9.0,10.0,11.0,12.0,13.0,14.0,16.0,19.0,inferred
Eden,2021-03-06,0.0,0.0,0.0,0.0,0.0,1.0,1.0,1.0,2.0,2.0,2.0,3.0,5.0,inferred
Eden,2021-03-07,0.0,0.0,0.0,0.0,0.0,1.0,1.0,1.0,2.0,2.0,2.0,3.0,5.0,inferred
Eden,2021-03-08,0.0,0.0,0.0,0.0,1.0,1.0,1.0,2.0,2.0,2.0,3.0,4.0,6.0,inferred
Eden,2021-03-09,0.0,0.0,0.0,0.0,0.0,1.0,1.0,1.0,2.0,2.0,2.0,3.0,5.0,inferred
Eden,2021-03-10,0.0,0.0,0.0,0.0,0.0,1.0,1.0,1.0,2.0,2.0,2.0,3.0,5.0,inferred
Eden,2021-03-11,0.0,0.0,0.0,0.0,0.0,1.0,1.0,1.0,2.0,2.0,2.0,3.0,5.0,inferred
Eden,2021-03-12,0.0,0.0,0.0,0.0,0.0,1.0,1.0,1.0,2.0,2.0,2.0,3.0,5.0,inferred
Eden,2021-03-13,0.0,0.0,0.0,0.0,0.0,0.0,1.0,1.0,1.0,1.0,2.0,2.0,4.0,inferred
Eden,2021-03-14,0.0,0.0,0.0,0.0,0.0,0.0,1.0,1.0,1.0,2.0,2.0,3.0,5.0,inferred
Eden,2021-03-15,0.0,0.0,0.0,0.0,0.0,1.0,1.0,1.0,2.0,2.0,3.0,3.0,5.0,inferred
Eden,2021-03-16,0.0,0.0,0.0,0.0,0.0,1.0,1.0,1.0,2.0,2.0,2.0,3.0,5.0,inferred
Eden,2021-03-17,0.0,0.0,0.0,0.0,0.0,1.0,1.0,1.0,2.0,2.0,2.0,3.0,5.0,inferred
Eden,2021-03-18,0.0,0.0,0.0,0.0,0.0,0.0,1.0,1.0,2.0,2.0,2.0,3.0,5.0,inferred
Eden,2021-03-19,0.0,0.0,0.0,0.0,0.0,0.0,1.0,1.0,1.0,2.0,2.0,3.0,4.0,inferred
Eden,2021-03-20,0.0,0.0,0.0,0.0,0.0,0.0,0.0,1.0,1.0,1.0,2.0,2.0,4.0,inferred
Eden,2021-03-21,0.0,0.0,0.0,0.0,0.0,0.0,1.0,1.0,1.0,1.0,2.0,3.0,4.0,inferred
Eden,2021-03-22,0.0,0.0,0.0,0.0,0.0,0.0,1.0,1.0,1.0,2.0,2.0,3.0,4.0,inferred
Eden,2021-03-23,0.0,0.0,0.0,0.0,0.0,0.0,1.0,1.0,1.0,2.0,2.0,3.0,5.0,inferred
Eden,2021-03-24,0.0,0.0,0.0,0.0,0.0,0.0,1.0,1.0,1.0,2.0,2.0,3.0,4.0,inferred
Eden,2021-03-25,0.0,0.0,0.0,0.0,0.0,0.0,1.0,1.0,1.0,1.0,2.0,3.0,4.0,inferred
Eden,2021-03-26,0.0,0.0,0.0,0.0,0.0,0.0,0.0,1.0,1.0,1.0,2.0,2.0,4.0,inferred
Eden,2021-03-27,0.0,0.0,0.0,0.0,0.0,0.0,0.0,1.0,1.0,1.0,1.0,2.0,3.0,inferred
Eden,2021-03-28,0.0,0.0,0.0,0.0,0.0,0.0,0.0,1.0,1.0,1.0,1.0,2.0,4.0,inferred
Eden,2021-03-29,0.0,0.0,0.0,0.0,0.0,0.0,1.0,1.0,1.0,1.0,2.0,3.0,4.0,inferred
Eden,2021-03-30,0.0,0.0,0.0,0.0,0.0,0.0,0.0,1.0,1.0,1.0,2.0,2.0,4.0,inferred
Eden,2021-03-31,0.0,0.0,0.0,0.0,0.0,0.0,1.0,1.0,1.0,1.0,2.0,2.0,4.0,inferred
Eden,2021-04-01,0.0,0.0,0.0,0.0,0.0,0.0,0.0,1.0,1.0,1.0,1.0,2.0,4.0,inferred
Eden,2021-04-02,0.0,0.0,0.0,0.0,0.0,0.0,0.0,1.0,1.0,1.0,1.0,2.0,3.0,inferred
Eden,2021-04-03,0.0,0.0,0.0,0.0,0.0,0.0,0.0,0.0,1.0,1.0,1.0,2.0,3.0,inferred
Eden,2021-04-04,0.0,0.0,0.0,0.0,0.0,0.0,0.0,1.0,1.0,1.0,1.0,2.0,3.0,inferred
Eden,2021-04-05,0.0,0.0,0.0,0.0,0.0,0.0,0.0,1.0,1.0,1.0,1.0,2.0,4.0,inferred
Eden,2021-04-06,0.0,0.0,0.0,0.0,0.0,0.0,0.0,1.0,1.0,1.0,1.0,2.0,3.0,inferred
Eden,2021-04-07,0.0,0.0,0.0,0.0,0.0,0.0,0.0,1.0,1.0,1.0,1.0,2.0,4.0,inferred
Eden,2021-04-08,0.0,0.0,0.0,0.0,0.0,0.0,0.0,1.0,1.0,1.0,1.0,2.0,4.0,inferred
Eden,2021-04-09,0.0,0.0,0.0,0.0,0.0,0.0,0.0,1.0,1.0,1.0,1.0,2.0,4.0,inferred
Eden,2021-04-10,0.0,0.0,0.0,0.0,0.0,0.0,0.0,0.0,1.0,1.0,1.0,2.0,3.0,inferred
Eden,2021-04-11,0.0,0.0,0.0,0.0,0.0,0.0,0.0,0.0,1.0,1.0,1.0,2.0,3.5,inferred
Eden,2021-04-12,0.0,0.0,0.0,0.0,0.0,0.0,0.0,1.0,1.0,1.0,2.0,2.0,4.0,inferred
Eden,2021-04-13,0.0,0.0,0.0,0.0,0.0,0.0,0.0,1.0,1.0,1.0,1.0,2.0,3.0,inferred
Eden,2021-04-14,0.0,0.0,0.0,0.0,0.0,0.0,0.0,1.0,1.0,1.0,1.0,2.0,3.0,inferred
Eden,2021-04-15,0.0,0.0,0.0,0.0,0.0,0.0,0.0,1.0,1.0,1.0,1.0,2.0,4.0,inferred
Eden,2021-04-16,0.0,0.0,0.0,0.0,0.0,0.0,0.0,1.0,1.0,1.0,1.0,2.0,3.0,inferred
Eden,2021-04-17,0.0,0.0,0.0,0.0,0.0,0.0,0.0,0.0,1.0,1.0,1.0,2.0,3.0,inferred
Eden,2021-04-18,0.0,0.0,0.0,0.0,0.0,0.0,0.0,1.0,1.0,1.0,1.0,2.0,3.0,inferred
Eden,2021-04-19,0.0,0.0,0.0,0.0,0.0,0.0,0.0,1.0,1.0,1.0,2.0,2.0,4.0,inferred
Eden,2021-04-20,0.0,0.0,0.0,0.0,0.0,0.0,0.0,1.0,1.0,1.0,1.0,2.0,4.0,inferred
Eden,2021-04-21,0.0,0.0,0.0,0.0,0.0,0.0,0.0,1.0,1.0,1.0,1.0,2.0,4.0,inferred
Eden,2021-04-22,0.0,0.0,0.0,0.0,0.0,0.0,0.0,1.0,1.0,1.0,1.0,2.0,4.0,inferred
Eden,2021-04-23,0.0,0.0,0.0,0.0,0.0,0.0,0.0,1.0,1.0,1.0,1.0,2.0,3.0,inferred
Eden,2021-04-24,0.0,0.0,0.0,0.0,0.0,0.0,0.0,0.0,1.0,1.0,1.0,2.0,3.0,inferred
Eden,2021-04-25,0.0,0.0,0.0,0.0,0.0,0.0,0.0,0.0,1.0,1.0,1.0,2.0,3.5,inferred
Eden,2021-04-26,0.0,0.0,0.0,0.0,0.0,0.0,0.0,0.0,1.0,1.0,1.0,2.0,3.0,inferred
Eden,2021-04-27,0.0,0.0,0.0,0.0,0.0,0.0,0.0,0.0,1.0,1.0,1.0,2.0,3.0,inferred
Eden,2021-04-28,0.0,0.0,0.0,0.0,0.0,0.0,0.0,1.0,1.0,1.0,1.0,2.0,3.0,inferred
Eden,2021-04-29,0.0,0.0,0.0,0.0,0.0,0.0,0.0,0.0,1.0,1.0,1.0,2.0,3.0,inferred
Eden,2021-04-30,0.0,0.0,0.0,0.0,0.0,0.0,0.0,0.0,1.0,1.0,1.0,2.0,3.0,inferred
Eden,2021-05-01,0.0,0.0,0.0,0.0,0.0,0.0,0.0,0.0,1.0,1.0,1.0,2.0,3.0,inferred
Eden,2021-05-02,0.0,0.0,0.0,0.0,0.0,0.0,0.0,0.0,1.0,1.0,1.0,2.0,3.0,inferred
Eden,2021-05-03,0.0,0.0,0.0,0.0,0.0,0.0,0.0,0.0,1.0,1.0,1.0,2.0,3.0,inferred
Eden,2021-05-04,0.0,0.0,0.0,0.0,0.0,0.0,0.0,0.0,1.0,1.0,1.0,2.0,3.0,inferred
Eden,2021-05-05,0.0,0.0,0.0,0.0,0.0,0.0,0.0,1.0,1.0,1.0,1.0,2.0,4.0,inferred
Eden,2021-05-06,0.0,0.0,0.0,0.0,0.0,0.0,0.0,0.0,1.0,1.0,1.0,2.0,3.0,inferred
Eden,2021-05-07,0.0,0.0,0.0,0.0,0.0,0.0,0.0,0.0,1.0,1.0,1.0,2.0,3.0,inferred
Eden,2021-05-08,0.0,0.0,0.0,0.0,0.0,0.0,0.0,0.0,1.0,1.0,1.0,2.0,3.0,inferred
Eden,2021-05-09,0.0,0.0,0.0,0.0,0.0,0.0,0.0,0.0,1.0,1.0,1.0,2.0,3.0,inferred
Eden,2021-05-10,0.0,0.0,0.0,0.0,0.0,0.0,0.0,1.0,1.0,1.0,1.0,2.0,4.0,inferred
Eden,2021-05-11,0.0,0.0,0.0,0.0,0.0,0.0,0.0,1.0,1.0,1.0,1.0,2.0,3.0,inferred
Eden,2021-05-12,0.0,0.0,0.0,0.0,0.0,0.0,0.0,1.0,1.0,1.0,1.0,2.0,3.0,inferred
Eden,2021-05-13,0.0,0.0,0.0,0.0,0.0,0.0,0.0,1.0,1.0,1.0,1.0,2.0,4.0,inferred
Eden,2021-05-14,0.0,0.0,0.0,0.0,0.0,0.0,0.0,0.0,1.0,1.0,1.0,2.0,3.0,inferred
Eden,2021-05-15,0.0,0.0,0.0,0.0,0.0,0.0,0.0,0.0,1.0,1.0,1.0,2.0,3.0,inferred
Eden,2021-05-16,0.0,0.0,0.0,0.0,0.0,0.0,0.0,0.0,1.0,1.0,1.0,2.0,3.0,inferred
Eden,2021-05-17,0.0,0.0,0.0,0.0,0.0,0.0,0.0,1.0,1.0,1.0,1.0,2.0,3.0,inferred
Eden,2021-05-18,0.0,0.0,0.0,0.0,0.0,0.0,0.0,0.0,1.0,1.0,1.0,2.0,3.0,inferred
Eden,2021-05-19,0.0,0.0,0.0,0.0,0.0,0.0,0.0,0.0,1.0,1.0,1.0,2.0,3.0,inferred
Eden,2021-05-20,0.0,0.0,0.0,0.0,0.0,0.0,0.0,0.0,1.0,1.0,1.0,2.0,3.0,inferred
Eden,2021-05-21,0.0,0.0,0.0,0.0,0.0,0.0,0.0,0.0,1.0,1.0,1.0,2.0,3.0,inferred
Eden,2021-05-22,0.0,0.0,0.0,0.0,0.0,0.0,0.0,0.0,1.0,1.0,1.0,2.0,3.0,inferred
Eden,2021-05-23,0.0,0.0,0.0,0.0,0.0,0.0,0.0,0.0,1.0,1.0,1.0,2.0,3.0,inferred
Eden,2021-05-24,0.0,0.0,0.0,0.0,0.0,0.0,1.0,1.0,1.0,1.0,2.0,2.0,4.0,inferred
Eden,2021-05-25,0.0,0.0,0.0,0.0,0.0,0.0,0.0,1.0,1.0,1.0,2.0,2.0,4.0,inferred
Eden,2021-05-26,0.0,0.0,0.0,0.0,0.0,0.0,1.0,1.0,1.0,2.0,2.0,3.0,4.0,inferred
Eden,2021-05-27,0.0,0.0,0.0,0.0,0.0,0.0,1.0,1.0,1.0,2.0,2.0,3.0,4.0,inferred
Eden,2021-05-28,0.0,0.0,0.0,0.0,0.0,0.6,1.0,1.0,1.0,2.0,2.0,3.0,4.0,inferred
Eden,2021-05-29,0.0,0.0,0.0,0.0,0.0,0.0,1.0,1.0,2.0,2.0,2.0,3.0,4.5,inferred
Eden,2021-05-30,0.0,0.0,0.0,0.0,0.0,1.0,1.0,1.0,2.0,2.0,2.0,3.0,5.0,inferred
Eden,2021-05-31,0.0,0.0,1.0,1.0,1.0,1.0,2.0,2.0,3.0,3.0,3.0,4.0,6.0,inferred
Eden,2021-06-01,0.0,0.0,1.0,1.0,1.0,1.0,2.0,2.0,3.0,3.0,4.0,5.0,7.0,inferred
Eden,2021-06-02,0.0,0.0,1.0,1.0,1.0,2.0,2.0,3.0,3.0,4.0,4.0,5.0,7.5,inferred
Eden,2021-06-03,0.0,0.0,1.0,1.0,1.0,2.0,2.0,3.0,4.0,4.0,4.2,6.0,8.0,inferred
Eden,2021-06-04,0.0,0.0,1.0,1.0,2.0,2.0,3.0,3.0,4.0,4.0,4.0,6.0,8.0,inferred
Eden,2021-06-05,0.0,0.0,1.0,1.0,1.0,2.0,2.0,3.0,3.0,4.0,4.0,5.0,7.0,inferred
Eden,2021-06-06,0.0,1.0,1.0,2.0,2.0,2.0,3.0,4.0,4.0,5.0,5.0,6.0,9.0,inferred
Eden,2021-06-07,0.0,1.0,2.0,3.0,3.0,4.0,4.0,5.0,6.0,6.0,7.0,9.0,12.0,inferred
Eden,2021-06-08,1.0,2.0,3.0,3.0,3.0,4.0,5.0,5.0,6.0,7.0,7.0,9.0,12.0,inferred
Eden,2021-06-09,1.0,2.0,3.0,4.0,4.0,5.0,6.0,6.0,7.0,8.0,8.0,10.0,13.0,inferred
Eden,2021-06-10,1.0,2.0,3.0,4.0,4.0,5.0,6.0,7.0,8.0,8.0,9.0,11.0,13.0,inferred
Eden,2021-06-11,1.0,2.0,3.0,4.0,4.0,5.0,6.0,7.0,8.0,8.0,9.0,10.0,13.0,inferred
Eden,2021-06-12,1.0,2.0,3.0,3.0,4.0,5.0,5.0,6.0,7.0,7.0,8.0,9.0,12.0,inferred
Eden,2021-06-13,1.0,3.0,4.0,4.0,5.0,5.0,6.0,7.0,8.0,9.0,9.0,11.0,14.0,inferred
Eden,2021-06-14,3.0,4.9,6.0,6.0,7.0,8.0,9.0,10.0,11.0,12.0,12.0,14.0,18.0,inferred
Eden,2021-06-15,2.0,4.0,6.0,6.0,7.0,8.0,9.0,10.0,11.0,12.0,12.0,14.0,18.0,inferred
Eden,2021-06-16,3.0,5.0,7.0,7.0,8.0,9.0,10.0,11.0,12.0,13.0,14.0,16.0,20.0,inferred
Eden,2021-06-17,3.0,5.0,6.0,7.0,7.0,9.0,10.0,11.0,12.0,13.0,13.2,16.0,20.0,inferred
Eden,2021-06-18,3.0,5.0,6.0,7.0,7.0,8.0,9.0,10.0,12.0,13.0,13.0,16.0,20.0,inferred
Elmbridge,2021-03-06,1.0,2.0,3.0,3.0,3.0,4.0,5.0,5.0,6.0,7.0,7.0,9.0,11.0,inferred
Elmbridge,2021-03-07,1.0,3.0,3.0,4.0,4.0,5.0,6.0,6.0,7.0,8.0,8.0,10.0,13.0,inferred
Elmbridge,2021-03-08,2.0,3.0,4.0,5.0,5.0,6.0,7.0,8.0,9.0,9.0,10.0,11.0,14.5,inferred
Elmbridge,2021-03-09,2.0,3.0,4.0,5.0,5.0,6.0,7.0,8.0,8.0,9.0,9.0,11.0,13.0,inferred
Elmbridge,2021-03-10,2.0,3.0,5.0,5.0,5.0,6.0,7.0,8.0,8.0,9.0,10.0,11.0,14.0,inferred
Elmbridge,2021-03-11,2.0,3.0,4.0,4.0,5.0,5.0,6.0,7.0,8.0,8.0,9.0,10.0,13.0,inferred
Elmbridge,2021-03-12,1.0,2.0,3.0,4.0,4.0,5.0,5.0,6.0,7.0,8.0,8.0,10.0,12.0,inferred
Elmbridge,2021-03-13,1.0,2.0,2.0,3.0,3.0,4.0,4.0,5.0,5.0,6.0,6.0,8.0,10.0,inferred
Elmbridge,2021-03-14,1.0,2.0,3.0,3.0,3.7,4.0,5.0,5.0,6.0,7.0,7.0,9.0,11.0,inferred
Elmbridge,2021-03-15,1.0,3.0,4.0,4.0,4.0,5.0,6.0,7.0,7.0,8.0,8.0,10.0,13.0,inferred
Elmbridge,2021-03-16,1.0,2.0,3.0,4.0,4.0,5.0,5.0,6.0,7.0,8.0,8.0,9.0,12.0,inferred
Elmbridge,2021-03-17,1.0,2.0,3.0,4.0,4.0,5.0,6.0,6.0,7.0,8.0,8.0,10.0,12.0,inferred
Elmbridge,2021-03-18,1.0,2.0,3.0,3.0,4.0,4.0,5.0,6.0,7.0,7.0,8.0,9.0,11.0,inferred
Elmbridge,2021-03-19,0.0,2.0,2.0,3.0,3.0,4.0,4.0,5.0,6.0,6.0,6.0,8.0,10.0,inferred
Elmbridge,2021-03-20,0.0,1.0,2.0,2.0,2.0,3.0,3.0,4.0,5.0,5.0,5.0,7.0,9.0,inferred
Elmbridge,2021-03-21,1.0,1.0,2.0,2.0,3.0,3.0,4.0,5.0,5.0,6.0,6.0,8.0,10.0,inferred
Elmbridge,2021-03-22,1.0,2.0,3.0,3.0,4.0,4.0,5.0,5.0,6.0,7.0,7.0,9.0,11.0,inferred
Elmbridge,2021-03-23,1.0,2.0,3.0,3.0,3.0,4.0,5.0,5.0,6.0,7.0,7.0,8.0,12.0,inferred
Elmbridge,2021-03-24,1.0,2.0,3.0,3.0,3.0,4.0,5.0,5.0,6.0,7.0,7.0,9.0,11.0,inferred
Elmbridge,2021-03-25,1.0,2.0,2.0,3.0,3.0,4.0,4.0,5.0,6.0,6.0,6.0,8.0,10.0,inferred
Elmbridge,2021-03-26,0.0,1.0,2.0,2.0,2.0,3.0,4.0,4.0,5.0,5.0,6.0,7.0,9.0,inferred
Elmbridge,2021-03-27,0.0,1.0,1.0,2.0,2.0,2.0,3.0,3.0,4.0,4.0,5.0,6.0,8.0,inferred
Elmbridge,2021-03-28,0.0,1.0,2.0,2.0,2.0,3.0,3.0,4.0,4.0,5.0,5.0,6.0,8.0,inferred
Elmbridge,2021-03-29,0.0,1.0,2.0,2.0,3.0,3.0,4.0,4.0,5.0,5.0,6.0,7.0,10.0,inferred
Elmbridge,2021-03-30,0.0,1.0,2.0,2.0,2.0,3.0,3.0,4.0,5.0,5.0,6.0,7.0,8.5,inferred
Elmbridge,2021-03-31,0.0,1.0,2.0,2.0,2.0,3.0,3.0,4.0,5.0,5.0,5.0,7.0,9.0,inferred
Elmbridge,2021-04-01,0.0,1.0,1.0,2.0,2.0,2.0,3.0,3.0,4.0,4.0,5.0,6.0,8.0,inferred
Elmbridge,2021-04-02,0.0,0.9,1.0,1.0,2.0,2.0,2.0,3.0,3.0,4.0,4.0,5.0,7.0,inferred
Elmbridge,2021-04-03,0.0,0.0,1.0,1.0,1.0,1.0,2.0,2.0,3.0,3.0,4.0,5.0,7.0,inferred
Elmbridge,2021-04-04,0.0,0.0,1.0,1.0,1.0,2.0,2.0,2.0,3.0,3.0,3.0,5.0,6.0,inferred
Elmbridge,2021-04-05,0.0,1.0,1.0,1.0,2.0,2.0,2.0,3.0,4.0,4.0,4.0,5.0,7.0,inferred
Elmbridge,2021-04-06,0.0,0.0,1.0,1.0,1.0,2.0,2.0,3.0,3.0,4.0,4.0,5.0,7.0,inferred
Elmbridge,2021-04-07,0.0,0.0,1.0,1.0,1.0,2.0,2.0,3.0,3.0,4.0,4.0,5.0,7.0,inferred
Elmbridge,2021-04-08,0.0,0.0,1.0,1.0,1.0,2.0,2.0,3.0,3.0,3.0,4.0,5.0,7.0,inferred
Elmbridge,2021-04-09,0.0,0.0,1.0,1.0,1.0,1.0,2.0,2.0,3.0,3.0,3.0,4.0,7.0,inferred
Elmbridge,2021-04-10,0.0,0.0,0.0,1.0,1.0,1.0,2.0,2.0,2.0,3.0,3.0,4.0,6.0,inferred
Elmbridge,2021-04-11,0.0,0.0,1.0,1.0,1.0,1.0,2.0,2.0,3.0,3.0,3.0,4.0,6.0,inferred
Elmbridge,2021-04-12,0.0,0.0,1.0,1.0,1.0,2.0,2.0,3.0,4.0,4.0,4.0,5.0,7.0,inferred
Elmbridge,2021-04-13,0.0,0.0,1.0,1.0,1.0,2.0,2.0,3.0,3.0,4.0,4.0,5.0,7.0,inferred
Elmbridge,2021-04-14,0.0,1.0,1.0,1.0,2.0,2.0,3.0,3.0,4.0,4.0,5.0,6.0,8.0,inferred
Elmbridge,2021-04-15,0.0,1.0,1.0,1.0,2.0,2.0,2.0,3.0,4.0,4.0,4.0,6.0,7.0,inferred
Elmbridge,2021-04-16,0.0,0.0,1.0,1.0,1.0,2.0,2.0,3.0,3.0,4.0,4.0,5.0,7.0,inferred
Elmbridge,2021-04-17,0.0,0.0,1.0,1.0,1.0,2.0,2.0,2.0,3.0,3.0,4.0,4.0,6.0,inferred
Elmbridge,2021-04-18,0.0,1.0,1.0,1.0,2.0,2.0,2.0,3.0,4.0,4.0,4.0,5.0,7.5,inferred
Elmbridge,2021-04-19,0.0,1.0,2.0,2.0,2.0,3.0,3.0,4.0,4.0,5.0,5.0,6.0,9.0,inferred
Elmbridge,2021-04-20,0.0,1.0,1.8,2.0,2.0,3.0,3.0,4.0,4.0,5.0,5.0,6.0,9.0,inferred
Elmbridge,2021-04-21,0.0,1.0,2.0,2.0,2.0,3.0,3.0,4.0,4.0,5.0,5.0,6.0,9.0,inferred
Elmbridge,2021-04-22,0.0,1.0,1.0,2.0,2.0,3.0,3.0,4.0,4.0,4.0,5.0,6.0,9.0,inferred
Elmbridge,2021-04-23,0.0,1.0,1.0,1.0,2.0,2.0,2.0,3.0,4.0,4.0,5.0,6.0,7.0,inferred
Elmbridge,2021-04-24,0.0,0.0,1.0,1.0,1.0,2.0,2.0,3.0,3.0,3.0,4.0,5.0,6.5,inferred
Elmbridge,2021-04-25,0.0,1.0,1.0,1.0,2.0,2.0,3.0,3.0,4.0,4.0,4.0,5.0,8.0,inferred
Elmbridge,2021-04-26,0.0,1.0,1.0,2.0,2.0,3.0,3.0,4.0,4.0,5.0,5.0,6.0,8.0,inferred
Elmbridge,2021-04-27,0.0,1.0,1.0,2.0,2.0,2.0,3.0,3.0,4.0,5.0,5.0,6.0,8.0,inferred
Elmbridge,2021-04-28,0.0,1.0,1.0,2.0,2.0,2.0,3.0,4.0,4.0,5.0,5.0,6.0,8.0,inferred
Elmbridge,2021-04-29,0.0,0.0,1.0,1.0,2.0,2.0,3.0,3.0,4.0,4.0,4.0,6.0,8.0,inferred
Elmbridge,2021-04-30,0.0,0.0,1.0,1.0,1.0,2.0,2.0,3.0,3.0,4.0,4.0,5.0,7.0,inferred
Elmbridge,2021-05-01,0.0,0.0,1.0,1.0,1.0,1.0,2.0,2.0,3.0,3.0,3.0,4.0,6.0,inferred
Elmbridge,2021-05-02,0.0,0.0,1.0,1.0,1.0,2.0,2.0,2.0,3.0,3.0,3.0,5.0,7.0,inferred
Elmbridge,2021-05-03,0.0,0.0,1.0,1.0,1.0,2.0,2.0,3.0,3.0,4.0,4.0,5.0,8.0,inferred
Elmbridge,2021-05-04,0.0,0.0,1.0,1.0,1.0,2.0,2.0,3.0,3.0,3.0,4.0,5.0,7.0,inferred
Elmbridge,2021-05-05,0.0,0.0,1.0,1.0,1.0,2.0,2.0,3.0,3.0,3.0,4.0,5.0,7.0,inferred
Elmbridge,2021-05-06,0.0,0.0,1.0,1.0,1.0,2.0,2.0,2.0,3.0,3.0,4.0,5.0,7.0,inferred
Elmbridge,2021-05-07,0.0,0.0,1.0,1.0,1.0,1.0,2.0,2.0,3.0,3.0,3.0,4.0,6.0,inferred
Elmbridge,2021-05-08,0.0,0.0,0.0,1.0,1.0,1.0,1.0,2.0,2.0,2.0,3.0,4.0,5.0,inferred
Elmbridge,2021-05-09,0.0,0.0,1.0,1.0,1.0,1.0,2.0,2.0,3.0,3.0,3.0,4.0,6.0,inferred
Elmbridge,2021-05-10,0.0,0.0,1.0,1.0,1.0,2.0,2.0,3.0,3.0,3.0,4.0,5.0,7.0,inferred
Elmbridge,2021-05-11,0.0,0.0,1.0,1.0,1.0,1.0,2.0,2.0,3.0,3.0,4.0,5.0,7.0,inferred
Elmbridge,2021-05-12,0.0,0.0,1.0,1.0,1.0,2.0,2.0,3.0,3.0,4.0,4.0,5.0,7.0,inferred
Elmbridge,2021-05-13,0.0,0.0,1.0,1.0,1.0,2.0,2.0,2.0,3.0,3.0,4.0,5.0,6.0,inferred
Elmbridge,2021-05-14,0.0,0.0,0.0,1.0,1.0,1.0,2.0,2.0,3.0,3.0,3.0,4.0,6.0,inferred
Elmbridge,2021-05-15,0.0,0.0,0.0,0.0,1.0,1.0,1.0,2.0,2.0,2.0,3.0,4.0,6.0,inferred
Elmbridge,2021-05-16,0.0,0.0,0.0,1.0,1.0,1.0,1.5,2.0,2.0,3.0,3.0,4.0,6.0,inferred
Elmbridge,2021-05-17,0.0,0.0,1.0,1.0,1.0,2.0,2.0,2.0,3.0,3.0,4.0,5.0,6.0,inferred
Elmbridge,2021-05-18,0.0,0.0,1.0,1.0,1.0,2.0,2.0,2.0,3.0,3.0,4.0,5.0,6.0,inferred
Elmbridge,2021-05-19,0.0,0.0,1.0,1.0,1.0,2.0,2.0,3.0,3.0,3.0,4.0,5.0,7.0,inferred
Elmbridge,2021-05-20,0.0,0.0,1.0,1.0,1.0,2.0,2.0,3.0,3.0,3.0,4.0,5.0,7.0,inferred
Elmbridge,2021-05-21,0.0,0.0,1.0,1.0,1.0,1.0,2.0,2.0,3.0,3.0,4.0,5.0,7.0,inferred
Elmbridge,2021-05-22,0.0,0.0,1.0,1.0,1.0,1.0,2.0,2.0,3.0,3.0,3.0,4.0,6.0,inferred
Elmbridge,2021-05-23,0.0,0.0,1.0,1.0,1.0,2.0,2.0,3.0,4.0,4.0,4.0,5.0,7.0,inferred
Elmbridge,2021-05-24,0.0,1.0,2.0,2.0,2.0,3.0,3.0,4.0,4.3,5.0,5.0,7.0,9.0,inferred
Elmbridge,2021-05-25,0.0,1.0,2.0,2.0,3.0,3.0,4.0,4.0,5.0,5.0,6.0,7.0,9.0,inferred
Elmbridge,2021-05-26,1.0,2.0,2.0,3.0,3.0,4.0,4.0,5.0,6.0,6.0,7.0,8.0,11.0,inferred
Elmbridge,2021-05-27,1.0,2.0,3.0,3.0,3.0,4.0,5.0,5.0,6.0,7.0,7.0,9.0,11.0,inferred
Elmbridge,2021-05-28,1.0,2.0,3.0,3.0,3.0,4.0,5.0,6.0,6.0,7.0,7.0,9.0,11.0,inferred
Elmbridge,2021-05-29,1.0,2.0,2.0,3.0,3.0,4.0,4.0,5.0,6.0,6.0,7.0,8.0,10.0,inferred
Elmbridge,2021-05-30,1.0,3.0,4.0,4.0,5.0,5.0,6.0,7.0,8.0,9.0,9.0,11.0,14.0,inferred
Elmbridge,2021-05-31,3.0,5.0,6.0,6.0,7.0,8.0,9.0,10.0,11.0,11.0,12.0,14.0,17.0,inferred
Elmbridge,2021-06-01,3.0,5.0,6.0,7.0,7.0,8.0,9.0,10.0,11.0,12.0,13.0,14.0,17.0,inferred
Elmbridge,2021-06-02,4.0,6.0,7.0,8.0,8.0,9.0,10.0,11.0,13.0,13.0,14.0,16.0,20.0,inferred
Elmbridge,2021-06-03,4.0,6.0,8.0,8.0,8.0,9.0,10.0,11.0,12.0,13.0,14.0,16.0,19.0,inferred
Elmbridge,2021-06-04,3.0,5.0,7.0,7.0,8.0,9.0,10.0,11.0,11.0,12.0,13.0,15.0,18.0,inferred
Elmbridge,2021-06-05,3.0,4.0,6.0,6.0,7.0,7.0,8.0,9.0,10.0,11.0,11.0,13.0,16.0,inferred
Elmbridge,2021-06-06,4.0,6.0,7.0,8.0,8.0,9.0,10.0,11.0,12.0,13.0,14.0,16.0,19.0,inferred
Elmbridge,2021-06-07,6.0,8.0,9.0,10.0,11.0,12.0,13.0,14.0,15.0,16.0,17.0,19.0,23.0,inferred
Elmbridge,2021-06-08,5.0,8.0,9.0,10.0,11.0,12.0,13.0,14.0,15.0,16.0,17.0,19.0,22.0,inferred
Elmbridge,2021-06-09,6.0,8.0,10.0,11.0,11.0,12.0,13.0,14.0,16.0,16.0,17.0,19.0,23.0,inferred
Elmbridge,2021-06-10,5.0,7.0,9.0,10.0,10.0,11.0,12.0,14.0,15.0,16.0,16.0,18.0,23.0,inferred
Elmbridge,2021-06-11,5.0,6.0,8.0,8.0,9.0,10.0,11.0,12.0,13.0,14.0,15.0,17.0,20.0,inferred
Elmbridge,2021-06-12,3.0,5.0,6.0,7.0,7.0,8.0,9.0,10.0,11.0,12.0,12.0,14.0,17.0,inferred
Elmbridge,2021-06-13,5.0,6.9,8.0,8.0,9.0,10.0,11.0,12.0,13.0,14.0,15.0,17.0,21.0,inferred
Elmbridge,2021-06-14,6.0,8.0,10.0,10.0,11.0,13.0,14.0,15.0,16.0,17.0,18.0,20.0,24.0,inferred
Elmbridge,2021-06-15,6.0,8.0,10.0,10.0,11.0,12.0,13.0,14.0,16.0,16.0,17.0,19.0,23.0,inferred
Elmbridge,2021-06-16,6.0,9.0,10.0,11.0,12.0,13.0,14.0,15.0,16.0,17.0,18.0,20.0,23.5,inferred
Elmbridge,2021-06-17,5.0,7.0,9.0,10.0,10.0,11.0,13.0,13.0,15.0,15.0,16.0,19.0,22.0,inferred
Elmbridge,2021-06-18,4.0,6.0,8.0,8.0,9.0,10.0,11.0,12.0,13.0,14.0,15.0,17.0,20.0,inferred
Enfield,2021-03-06,3.0,5.0,7.0,8.0,8.0,9.0,10.0,12.0,13.0,14.0,15.0,18.0,22.0,inferred
Enfield,2021-03-07,4.0,7.0,8.0,9.0,10.0,11.0,12.0,13.0,14.0,15.0,16.0,19.0,24.0,inferred
Enfield,2021-03-08,6.0,8.0,11.0,11.0,12.0,13.0,15.0,16.0,18.0,19.0,20.0,22.0,28.0,inferred
Enfield,2021-03-09,6.0,8.0,10.0,11.0,12.0,14.0,15.0,16.0,18.0,19.0,20.0,23.0,28.0,inferred
Enfield,2021-03-10,7.0,9.0,11.0,12.0,13.0,14.0,15.0,17.0,18.0,19.0,20.0,23.0,28.5,inferred
Enfield,2021-03-11,5.0,8.0,10.0,10.0,11.0,13.0,14.0,15.0,17.0,18.0,19.0,21.0,26.0,inferred
Enfield,2021-03-12,4.5,7.0,8.0,9.0,10.0,11.0,12.0,14.0,15.0,16.0,17.0,19.0,24.0,inferred
Enfield,2021-03-13,3.0,5.0,7.0,7.0,8.0,9.0,10.0,11.0,12.0,13.0,14.0,17.0,21.5,inferred
Enfield,2021-03-14,3.0,6.0,8.0,8.0,9.0,10.0,11.0,13.0,14.0,15.0,16.0,19.0,23.0,inferred
Enfield,2021-03-15,6.0,8.0,10.0,11.0,11.0,13.0,14.0,16.0,17.0,18.0,19.2,22.0,29.0,inferred
Enfield,2021-03-16,6.0,8.0,10.0,11.0,12.0,13.0,15.0,16.0,18.0,19.0,20.0,23.0,28.0,inferred
Enfield,2021-03-17,6.0,9.0,10.0,11.0,12.0,14.0,15.0,16.0,18.0,19.0,20.0,23.0,28.0,inferred
Enfield,2021-03-18,5.0,8.0,10.0,11.0,11.0,13.0,14.0,15.0,17.0,18.0,19.0,22.0,27.0,inferred
Enfield,2021-03-19,5.0,7.0,9.0,9.0,10.0,11.0,13.0,14.0,16.0,17.0,17.0,20.0,25.0,inferred
Enfield,2021-03-20,3.0,5.0,7.0,7.0,8.0,9.0,10.0,11.0,13.0,14.0,14.0,17.0,22.0,inferred
Enfield,2021-03-21,4.0,6.0,8.0,9.0,10.0,11.0,12.0,13.0,15.0,16.0,17.0,19.0,23.0,inferred
Enfield,2021-03-22,6.5,9.0,11.0,12.0,13.0,14.0,16.0,17.0,19.0,20.0,21.0,24.0,29.0,inferred
Enfield,2021-03-23,6.0,9.0,11.0,11.0,12.0,14.0,15.0,16.0,18.0,19.0,20.0,23.0,28.0,inferred
Enfield,2021-03-24,6.0,8.0,10.0,11.0,12.0,13.0,15.0,16.0,18.0,19.0,20.0,23.0,28.0,inferred
Enfield,2021-03-25,5.0,7.0,9.0,10.0,11.0,12.0,13.0,14.0,16.0,17.0,18.0,21.0,26.0,inferred
Enfield,2021-03-26,3.0,5.0,7.0,8.0,8.0,10.0,11.0,12.0,13.0,14.0,15.0,18.0,22.0,inferred
Enfield,2021-03-27,2.0,4.0,5.0,6.0,6.0,7.0,8.0,10.0,11.0,12.0,13.0,15.0,19.0,inferred
Enfield,2021-03-28,2.0,4.0,6.0,6.0,7.0,8.0,9.0,10.0,12.0,12.0,13.0,16.0,21.0,inferred
Enfield,2021-03-29,3.0,6.0,7.0,8.0,9.0,10.0,11.0,12.0,14.0,15.0,16.0,18.0,23.5,inferred
Enfield,2021-03-30,3.0,5.0,7.0,8.0,8.0,9.0,11.0,12.0,13.0,14.0,15.0,18.0,23.0,inferred
Enfield,2021-03-31,3.0,5.0,7.0,8.0,8.0,9.0,10.0,11.0,13.0,14.0,15.0,17.0,22.0,inferred
Enfield,2021-04-01,2.0,4.0,6.0,7.0,7.0,8.0,9.0,10.0,12.0,12.0,13.0,16.0,20.0,inferred
Enfield,2021-04-02,2.0,3.0,5.0,5.0,6.0,7.0,8.0,9.0,10.0,11.0,12.0,14.0,19.0,inferred
Enfield,2021-04-03,1.0,3.0,4.0,4.0,4.0,5.0,6.0,7.0,8.0,9.0,10.0,12.0,16.0,inferred
Enfield,2021-04-04,1.0,3.0,4.0,5.0,5.0,6.0,7.0,8.0,9.0,9.0,10.0,12.0,16.0,inferred
Enfield,2021-04-05,2.0,4.0,5.0,6.0,6.0,8.0,9.0,9.0,11.0,11.0,12.0,15.0,19.0,inferred
Enfield,2021-04-06,2.0,4.0,5.0,6.0,6.0,7.0,8.0,9.0,11.0,11.0,12.0,14.0,18.0,inferred
Enfield,2021-04-07,2.0,4.0,5.0,6.0,6.0,7.0,8.0,9.0,10.0,11.0,12.0,14.0,19.0,inferred
Enfield,2021-04-08,2.0,3.0,5.0,5.0,6.0,7.0,8.0,9.0,10.0,11.0,11.0,14.0,19.0,inferred
Enfield,2021-04-09,1.0,3.0,4.0,5.0,5.0,6.0,7.0,8.0,9.0,10.0,11.0,13.0,16.0,inferred
Enfield,2021-04-10,1.0,2.0,3.0,4.0,4.0,5.0,6.0,7.0,8.0,8.0,9.0,11.0,15.0,inferred
Enfield,2021-04-11,1.0,3.0,4.0,4.0,5.0,6.0,7.0,7.0,9.0,9.0,10.0,12.0,16.0,inferred
Enfield,2021-04-12,2.0,4.0,5.0,6.0,6.0,7.0,8.0,10.0,11.0,12.0,13.0,15.0,19.0,inferred
Enfield,2021-04-13,2.0,4.0,5.0,6.0,6.0,7.0,9.0,10.0,11.0,12.0,12.0,15.0,19.0,inferred
Enfield,2021-04-14,2.0,4.0,5.0,6.0,7.0,8.0,9.0,10.0,11.0,12.0,13.0,15.0,20.0,inferred
Enfield,2021-04-15,2.0,4.0,5.0,5.0,6.0,7.0,8.0,9.0,10.3,11.0,12.0,14.0,18.0,inferred
Enfield,2021-04-16,2.0,3.0,4.0,5.0,5.0,6.0,7.0,8.0,10.0,10.0,11.0,13.0,17.0,inferred
Enfield,2021-04-17,1.0,2.0,3.0,4.0,4.0,5.0,6.0,7.0,8.0,9.0,9.0,11.0,15.0,inferred
Enfield,2021-04-18,1.0,3.0,4.0,4.0,5.0,6.0,7.0,8.0,9.0,10.0,10.0,13.0,16.0,inferred
Enfield,2021-04-19,2.0,4.0,5.0,6.0,7.0,8.0,9.0,10.0,11.0,12.0,13.0,16.0,19.5,inferred
Enfield,2021-04-20,2.0,4.0,5.0,6.0,6.0,7.0,8.0,10.0,11.0,12.0,13.0,15.0,19.0,inferred
Enfield,2021-04-21,2.0,4.0,5.0,6.0,6.0,7.0,8.0,10.0,11.0,12.0,12.0,15.0,18.0,inferred
Enfield,2021-04-22,2.0,3.0,4.0,5.0,6.0,6.0,7.0,9.0,10.0,11.0,11.0,14.0,18.0,inferred
Enfield,2021-04-23,1.0,3.0,4.0,4.0,5.0,6.0,7.0,8.0,9.0,9.0,10.0,12.0,17.0,inferred
Enfield,2021-04-24,0.5,2.0,3.0,3.0,3.0,4.0,5.0,6.0,7.0,8.0,8.0,10.0,14.0,inferred
Enfield,2021-04-25,1.0,2.0,3.0,4.0,4.0,5.0,6.0,7.0,8.0,8.0,9.0,11.0,15.0,inferred
Enfield,2021-04-26,1.0,3.0,4.0,5.0,5.0,6.0,7.0,8.0,10.0,10.0,11.0,13.0,17.0,inferred
Enfield,2021-04-27,1.0,3.0,4.0,5.0,5.0,6.0,7.0,8.0,9.0,10.0,11.0,13.0,17.0,inferred
Enfield,2021-04-28,1.0,3.0,4.0,5.0,5.0,6.0,7.0,8.0,9.0,10.0,11.0,13.0,17.0,inferred
Enfield,2021-04-29,1.0,2.0,4.0,4.0,5.0,6.0,6.0,8.0,9.0,9.0,10.0,12.1,16.0,inferred
Enfield,2021-04-30,1.0,2.0,3.0,3.0,4.0,5.0,6.0,6.0,7.0,8.0,9.0,11.0,15.0,inferred
Enfield,2021-05-01,0.0,1.0,2.0,2.0,3.0,3.0,4.0,5.0,6.0,7.0,7.0,9.0,12.0,inferred
Enfield,2021-05-02,1.0,2.0,3.0,3.0,3.0,4.0,5.0,6.0,7.0,7.0,8.0,10.0,13.5,inferred
Enfield,2021-05-03,1.0,3.0,4.0,4.0,5.0,5.0,6.0,8.0,9.0,9.0,10.0,12.0,16.0,inferred
Enfield,2021-05-04,1.0,3.0,4.0,4.0,5.0,6.0,7.0,8.0,9.0,9.0,10.0,12.0,16.0,inferred
Enfield,2021-05-05,1.0,3.0,4.0,4.0,5.0,6.0,7.0,8.0,9.0,9.0,10.0,12.0,16.0,inferred
Enfield,2021-05-06,1.0,2.0,4.0,4.0,5.0,5.0,6.0,7.0,8.0,9.0,10.0,13.0,17.0,inferred
Enfield,2021-05-07,1.0,2.0,3.0,4.0,4.0,5.0,6.0,7.0,8.0,8.0,9.0,11.0,14.0,inferred
Enfield,2021-05-08,1.0,2.0,2.0,3.0,3.0,4.0,5.0,5.0,6.0,7.0,8.0,10.0,12.5,inferred
Enfield,2021-05-09,1.0,2.0,3.0,3.0,4.0,5.0,5.0,6.0,7.0,8.0,8.0,11.0,14.0,inferred
Enfield,2021-05-10,1.0,3.0,4.0,5.0,5.0,6.0,7.0,8.0,9.0,10.0,11.0,13.0,17.0,inferred
Enfield,2021-05-11,1.0,3.0,4.0,5.0,5.0,6.0,7.0,8.0,9.0,10.0,11.0,13.0,17.0,inferred
Enfield,2021-05-12,1.0,3.0,4.0,5.0,5.0,6.0,7.0,8.0,9.0,10.0,11.0,13.0,18.0,inferred
Enfield,2021-05-13,1.0,3.0,4.0,4.0,5.0,6.0,7.0,8.0,9.0,9.0,10.0,12.0,16.0,inferred
Enfield,2021-05-14,1.0,2.0,3.0,4.0,4.0,5.0,6.0,7.0,8.0,8.0,9.0,11.0,15.5,inferred
Enfield,2021-05-15,0.5,2.0,2.0,3.0,3.0,4.0,5.0,6.0,7.0,7.0,8.0,9.0,13.0,inferred
Enfield,2021-05-16,1.0,2.0,3.0,3.0,4.0,5.0,6.0,6.0,7.0,8.0,9.0,11.0,14.0,inferred
Enfield,2021-05-17,1.0,3.0,4.0,5.0,5.0,6.0,7.0,8.0,9.0,10.0,11.0,13.0,17.0,inferred
Enfield,2021-05-18,1.0,3.0,4.0,5.0,5.0,6.0,7.0,8.0,9.0,10.0,11.0,13.0,17.0,inferred
Enfield,2021-05-19,2.0,3.0,5.0,5.0,5.7,7.0,7.0,8.0,10.0,10.0,11.0,13.0,17.0,inferred
Enfield,2021-05-20,1.0,3.0,4.0,5.0,5.0,6.0,7.0,8.0,9.0,10.0,11.0,13.0,17.0,inferred
Enfield,2021-05-21,1.0,2.0,4.0,4.0,4.0,5.0,6.0,7.0,8.0,9.0,10.0,12.0,16.0,inferred
Enfield,2021-05-22,1.0,2.0,3.0,3.0,3.0,4.0,5.0,6.0,7.0,7.0,8.0,10.0,13.5,inferred
Enfield,2021-05-23,1.0,2.0,3.0,4.0,4.0,5.0,6.0,7.0,8.0,8.0,9.0,11.0,15.0,inferred
Enfield,2021-05-24,2.0,3.0,5.0,5.0,6.0,7.0,8.0,9.0,10.0,11.0,12.0,14.0,17.5,inferred
Enfield,2021-05-25,2.0,4.0,5.0,5.0,6.0,7.0,8.0,9.0,10.0,11.0,12.0,14.0,19.0,inferred
Enfield,2021-05-26,2.0,4.0,5.0,6.0,6.0,7.0,9.0,10.0,11.0,12.0,13.0,15.0,18.0,inferred
Enfield,2021-05-27,2.0,4.0,5.0,6.0,6.0,7.0,8.0,9.0,11.0,11.0,12.0,15.0,20.0,inferred
Enfield,2021-05-28,2.0,3.0,5.0,5.0,6.0,7.0,8.0,9.0,10.0,11.0,12.0,14.0,18.0,inferred
Enfield,2021-05-29,1.0,3.0,4.0,5.0,5.0,6.0,7.0,8.0,9.0,10.0,10.0,12.0,16.0,inferred
Enfield,2021-05-30,2.0,4.0,5.0,6.0,6.0,7.0,8.0,10.0,11.0,12.0,12.0,15.0,19.0,inferred
Enfield,2021-05-31,3.5,6.0,8.0,8.8,9.0,10.0,12.0,13.0,14.0,15.0,16.0,19.0,24.0,inferred
Enfield,2021-06-01,4.0,6.0,8.0,9.0,10.0,11.0,12.0,14.0,15.0,16.0,17.0,20.0,25.0,inferred
Enfield,2021-06-02,4.0,7.0,9.0,10.0,11.0,12.0,14.0,15.0,17.0,18.0,19.0,22.0,27.0,inferred
Enfield,2021-06-03,5.0,7.0,9.0,10.0,11.0,12.0,14.0,15.0,17.0,18.0,19.0,22.0,26.0,inferred
Enfield,2021-06-04,4.0,7.0,9.0,10.0,10.0,12.0,13.0,14.0,16.0,17.0,18.0,21.0,25.0,inferred
Enfield,2021-06-05,4.0,6.0,8.0,8.0,9.0,10.0,12.0,13.0,14.0,15.0,16.0,18.0,23.0,inferred
Enfield,2021-06-06,5.0,8.0,10.0,10.0,11.0,13.0,14.0,15.0,17.0,18.0,19.0,22.0,26.0,inferred
Enfield,2021-06-07,8.0,12.0,14.0,15.0,16.0,18.0,19.0,21.0,23.0,24.0,25.0,29.0,34.5,inferred
Enfield,2021-06-08,8.0,12.0,15.0,16.0,17.0,18.0,20.0,21.0,23.0,24.0,26.0,29.0,36.0,inferred
Enfield,2021-06-09,10.0,13.0,16.0,17.0,18.0,20.0,21.0,23.0,25.0,26.0,27.0,31.0,36.5,inferred
Enfield,2021-06-10,9.0,13.0,15.0,16.0,17.0,18.0,20.0,22.0,23.3,24.2,26.0,29.0,34.0,inferred
Enfield,2021-06-11,8.0,11.0,13.0,14.0,15.0,17.0,18.0,20.0,22.0,23.0,24.0,27.0,33.0,inferred
Enfield,2021-06-12,6.0,9.0,11.0,12.0,12.0,14.0,15.0,17.0,18.0,19.0,20.0,23.0,28.0,inferred
Enfield,2021-06-13,8.0,11.0,14.0,14.0,15.0,16.0,18.0,20.0,22.0,23.0,24.0,27.0,33.0,inferred
Enfield,2021-06-14,12.0,15.0,18.0,19.0,20.0,22.0,24.0,25.0,27.0,29.0,30.0,34.0,40.0,inferred
Enfield,2021-06-15,12.0,16.0,19.0,19.8,21.0,22.0,24.0,26.0,28.0,29.0,31.0,34.0,41.5,inferred
Enfield,2021-06-16,13.0,16.0,19.0,21.0,22.0,24.0,26.0,27.0,29.0,30.0,32.0,35.0,42.0,inferred
Enfield,2021-06-17,12.0,16.0,18.0,19.0,20.0,22.0,24.0,26.0,28.0,29.0,31.0,35.0,41.0,inferred
Enfield,2021-06-18,10.0,14.0,17.0,18.0,19.0,20.0,22.0,24.0,26.0,27.0,29.0,32.0,38.0,inferred
Epping Forest,2021-03-06,0.0,1.0,2.0,2.0,3.0,3.6,4.0,5.0,6.0,6.0,7.0,9.0,12.5,inferred
Epping Forest,2021-03-07,1.0,2.0,3.0,3.0,3.0,4.0,5.0,6.0,7.0,7.0,8.0,10.0,13.0,inferred
Epping Forest,2021-03-08,1.0,2.0,3.0,4.0,4.0,5.0,6.0,7.0,8.0,9.0,9.0,11.0,15.0,inferred
Epping Forest,2021-03-09,1.0,2.0,3.0,4.0,4.0,5.0,6.0,7.0,8.0,8.0,9.0,11.0,14.0,inferred
Epping Forest,2021-03-10,1.0,2.9,4.0,4.0,5.0,5.0,6.0,7.0,8.0,9.0,10.0,11.0,15.0,inferred
Epping Forest,2021-03-11,1.0,2.0,4.0,4.0,4.0,5.0,6.0,7.0,8.0,9.0,9.0,11.0,14.0,inferred
Epping Forest,2021-03-12,1.0,2.0,3.0,3.0,4.0,4.0,5.0,6.0,7.0,8.0,9.0,11.0,14.0,inferred
Epping Forest,2021-03-13,0.0,1.0,2.0,2.0,3.0,3.6,4.0,5.0,6.0,6.0,7.0,9.0,13.0,inferred
Epping Forest,2021-03-14,1.0,2.0,3.0,3.0,4.0,4.0,5.0,6.0,7.0,7.0,8.0,10.0,13.0,inferred
Epping Forest,2021-03-15,1.0,2.9,4.0,4.0,5.0,6.0,6.0,7.0,8.0,9.0,10.0,12.0,15.0,inferred
Epping Forest,2021-03-16,1.0,2.9,4.0,4.0,4.0,5.0,6.0,7.0,8.0,9.0,10.0,11.0,15.0,inferred
Epping Forest,2021-03-17,1.0,2.0,4.0,4.0,5.0,5.0,6.0,7.0,8.0,9.0,10.0,12.0,15.0,inferred
Epping Forest,2021-03-18,1.0,2.0,3.0,4.0,4.0,5.0,6.0,7.0,8.0,8.0,9.0,11.0,15.0,inferred
Epping Forest,2021-03-19,0.0,2.0,2.0,3.0,3.0,4.0,5.0,6.0,6.3,7.0,8.0,10.0,13.0,inferred
Epping Forest,2021-03-20,0.0,1.0,2.0,2.0,2.0,3.0,4.0,4.0,5.0,6.0,6.0,8.0,11.0,inferred
Epping Forest,2021-03-21,0.0,1.0,2.0,2.0,3.0,3.0,4.0,5.0,6.0,6.0,7.0,9.0,12.0,inferred
Epping Forest,2021-03-22,0.5,2.0,3.0,3.0,4.0,4.0,5.0,6.0,7.0,8.0,8.0,10.0,13.0,inferred
Epping Forest,2021-03-23,0.0,1.0,2.0,3.0,3.0,4.0,4.0,5.0,6.0,7.0,7.0,9.0,13.0,inferred
Epping Forest,2021-03-24,0.0,1.0,2.0,3.0,3.0,4.0,5.0,5.0,6.0,7.0,7.0,9.0,12.0,inferred
Epping Forest,2021-03-25,0.0,1.0,2.0,2.0,3.0,3.0,4.0,5.0,6.0,6.0,6.0,8.0,11.0,inferred
Epping Forest,2021-03-26,0.0,1.0,1.0,2.0,2.0,3.0,3.0,4.0,5.0,5.0,6.0,7.0,10.0,inferred
Epping Forest,2021-03-27,0.0,0.0,1.0,1.0,1.0,2.0,2.0,3.0,4.0,4.0,4.0,6.0,9.0,inferred
Epping Forest,2021-03-28,0.0,0.0,1.0,1.0,1.0,2.0,3.0,3.0,4.0,4.0,5.0,6.0,9.0,inferred
Epping Forest,2021-03-29,0.0,1.0,1.0,2.0,2.0,2.0,3.0,4.0,4.0,5.0,5.0,7.0,9.5,inferred
Epping Forest,2021-03-30,0.0,0.0,1.0,1.0,2.0,2.0,3.0,3.0,4.0,4.0,5.0,6.0,9.0,inferred
Epping Forest,2021-03-31,0.0,0.0,1.0,1.0,1.0,2.0,3.0,3.0,4.0,4.0,5.0,6.0,9.0,inferred
Epping Forest,2021-04-01,0.0,0.0,1.0,1.0,1.0,2.0,2.0,3.0,3.0,4.0,4.0,6.0,8.0,inferred
Epping Forest,2021-04-02,0.0,0.0,0.0,1.0,1.0,1.0,2.0,2.0,3.0,3.0,4.0,5.0,7.0,inferred
Epping Forest,2021-04-03,0.0,0.0,0.0,0.0,1.0,1.0,1.0,2.0,2.0,3.0,3.0,4.0,6.0,inferred
Epping Forest,2021-04-04,0.0,0.0,0.0,0.0,1.0,1.0,1.0,2.0,3.0,3.0,3.0,5.0,7.0,inferred
Epping Forest,2021-04-05,0.0,0.0,1.0,1.0,1.0,1.0,2.0,3.0,3.0,4.0,4.0,5.0,8.0,inferred
Epping Forest,2021-04-06,0.0,0.0,0.0,1.0,1.0,1.0,2.0,2.0,3.0,3.0,4.0,5.0,8.0,inferred
Epping Forest,2021-04-07,0.0,0.0,1.0,1.0,1.0,1.0,2.0,2.0,3.0,4.0,4.0,5.0,8.0,inferred
Epping Forest,2021-04-08,0.0,0.0,0.0,1.0,1.0,1.0,2.0,2.0,3.0,3.0,4.0,5.0,7.0,inferred
Epping Forest,2021-04-09,0.0,0.0,0.0,1.0,1.0,1.0,2.0,2.0,3.0,3.0,3.0,5.0,7.0,inferred
Epping Forest,2021-04-10,0.0,0.0,0.0,0.0,0.0,1.0,1.0,2.0,2.0,3.0,3.0,4.0,6.0,inferred
Epping Forest,2021-04-11,0.0,0.0,0.0,0.0,1.0,1.0,1.0,2.0,2.0,3.0,3.0,5.0,7.0,inferred
Epping Forest,2021-04-12,0.0,0.0,1.0,1.0,1.0,1.0,2.0,3.0,3.0,4.0,4.0,6.0,8.0,inferred
Epping Forest,2021-04-13,0.0,0.0,1.0,1.0,1.0,1.0,2.0,2.0,3.0,3.0,4.0,5.0,8.0,inferred
Epping Forest,2021-04-14,0.0,0.0,1.0,1.0,1.0,2.0,2.0,3.0,3.0,4.0,4.0,6.0,9.0,inferred
Epping Forest,2021-04-15,0.0,0.0,1.0,1.0,1.0,2.0,2.0,3.0,3.0,4.0,4.0,6.0,8.0,inferred
Epping Forest,2021-04-16,0.0,0.0,0.0,1.0,1.0,1.0,2.0,2.0,3.0,3.0,4.0,5.0,7.0,inferred
Epping Forest,2021-04-17,0.0,0.0,0.0,0.0,1.0,1.0,1.0,2.0,3.0,3.0,3.0,4.0,6.5,inferred
Epping Forest,2021-04-18,0.0,0.0,0.0,1.0,1.0,1.0,2.0,2.0,3.0,3.0,4.0,5.0,7.0,inferred
Epping Forest,2021-04-19,0.0,0.0,1.0,1.0,1.0,2.0,2.0,3.0,3.0,4.0,4.0,6.0,8.0,inferred
Epping Forest,2021-04-20,0.0,0.0,1.0,1.0,1.0,1.0,2.0,2.0,3.0,4.0,4.0,5.0,8.0,inferred
Epping Forest,2021-04-21,0.0,0.0,1.0,1.0,1.0,2.0,2.0,3.0,3.0,4.0,4.0,6.0,8.0,inferred
Epping Forest,2021-04-22,0.0,0.0,0.0,1.0,1.0,1.0,2.0,2.0,3.0,3.0,4.0,5.0,8.0,inferred
Epping Forest,2021-04-23,0.0,0.0,0.0,0.0,1.0,1.0,1.0,2.0,2.0,3.0,3.0,4.0,6.5,inferred
Epping Forest,2021-04-24,0.0,0.0,0.0,0.0,0.0,1.0,1.0,1.4,2.0,2.0,3.0,4.0,6.0,inferred
Epping Forest,2021-04-25,0.0,0.0,0.0,0.0,1.0,1.0,1.0,2.0,2.0,3.0,3.0,4.0,6.0,inferred
Epping Forest,2021-04-26,0.0,0.0,0.0,1.0,1.0,1.0,2.0,2.0,3.0,3.0,4.0,5.0,7.0,inferred
Epping Forest,2021-04-27,0.0,0.0,0.0,0.8,1.0,1.0,2.0,2.0,3.0,3.0,3.0,5.0,7.0,inferred
Epping Forest,2021-04-28,0.0,0.0,0.0,1.0,1.0,1.0,2.0,2.0,3.0,3.0,4.0,5.0,7.0,inferred
Epping Forest,2021-04-29,0.0,0.0,0.0,0.0,1.0,1.0,1.0,2.0,2.0,3.0,3.0,4.1,7.0,inferred
Epping Forest,2021-04-30,0.0,0.0,0.0,0.0,0.0,1.0,1.0,2.0,2.0,3.0,3.0,4.0,6.0,inferred
Epping Forest,2021-05-01,0.0,0.0,0.0,0.0,0.0,1.0,1.0,1.0,2.0,2.0,3.0,4.0,5.0,inferred
Epping Forest,2021-05-02,0.0,0.0,0.0,0.0,0.0,1.0,1.0,2.0,2.0,3.0,3.0,4.0,7.0,inferred
Epping Forest,2021-05-03,0.0,0.0,0.0,1.0,1.0,1.0,1.0,2.0,3.0,3.0,3.0,5.0,7.0,inferred
Epping Forest,2021-05-04,0.0,0.0,0.0,0.0,1.0,1.0,1.0,2.0,2.0,3.0,3.0,4.0,7.0,inferred
Epping Forest,2021-05-05,0.0,0.0,0.0,0.0,1.0,1.0,1.0,2.0,2.0,3.0,3.0,4.1,7.0,inferred
Epping Forest,2021-05-06,0.0,0.0,0.0,0.0,1.0,1.0,1.0,2.0,2.0,3.0,3.0,4.0,6.0,inferred
Epping Forest,2021-05-07,0.0,0.0,0.0,0.0,0.0,1.0,1.0,1.4,2.0,2.0,3.0,4.0,6.0,inferred
Epping Forest,2021-05-08,0.0,0.0,0.0,0.0,0.0,0.0,1.0,1.0,2.0,2.0,2.0,3.0,6.0,inferred
Epping Forest,2021-05-09,0.0,0.0,0.0,0.0,0.0,1.0,1.0,1.0,2.0,2.0,3.0,4.0,6.0,inferred
Epping Forest,2021-05-10,0.0,0.0,0.0,0.0,0.0,1.0,1.0,2.0,2.0,3.0,3.0,4.0,6.0,inferred
Epping Forest,2021-05-11,0.0,0.0,0.0,0.0,1.0,1.0,1.0,2.0,2.0,3.0,3.0,4.0,7.0,inferred
Epping Forest,2021-05-12,0.0,0.0,0.0,0.0,1.0,1.0,1.0,2.0,2.0,3.0,3.0,4.0,7.0,inferred
Epping Forest,2021-05-13,0.0,0.0,0.0,0.0,0.0,1.0,1.0,2.0,2.0,3.0,3.0,4.0,6.0,inferred
Epping Forest,2021-05-14,0.0,0.0,0.0,0.0,0.0,1.0,1.0,1.0,2.0,2.0,3.0,4.0,6.0,inferred
Epping Forest,2021-05-15,0.0,0.0,0.0,0.0,0.0,0.0,1.0,1.0,2.0,2.0,2.0,3.0,5.0,inferred
Epping Forest,2021-05-16,0.0,0.0,0.0,0.0,0.0,1.0,1.0,1.0,2.0,2.0,3.0,4.0,6.0,inferred
Epping Forest,2021-05-17,0.0,0.0,0.0,0.0,1.0,1.0,1.0,2.0,2.0,3.0,3.0,4.0,7.0,inferred
Epping Forest,2021-05-18,0.0,0.0,0.0,0.0,1.0,1.0,1.0,2.0,2.0,3.0,3.0,4.0,6.0,inferred
Epping Forest,2021-05-19,0.0,0.0,0.0,0.0,1.0,1.0,1.0,2.0,2.0,3.0,3.0,4.0,7.0,inferred
Epping Forest,2021-05-20,0.0,0.0,0.0,0.0,1.0,1.0,1.0,2.0,2.0,3.0,3.0,4.0,6.0,inferred
Epping Forest,2021-05-21,0.0,0.0,0.0,0.0,0.0,1.0,1.0,2.0,2.0,2.0,3.0,4.0,6.0,inferred
Epping Forest,2021-05-22,0.0,0.0,0.0,0.0,0.0,1.0,1.0,1.0,2.0,2.0,2.0,3.0,5.0,inferred
Epping Forest,2021-05-23,0.0,0.0,0.0,0.0,0.0,1.0,1.0,2.0,2.0,2.0,3.0,4.0,7.0,inferred
Epping Forest,2021-05-24,0.0,0.0,0.0,1.0,1.0,1.0,2.0,2.0,3.0,3.0,3.0,5.0,7.0,inferred
Epping Forest,2021-05-25,0.0,0.0,0.0,1.0,1.0,1.0,2.0,2.0,2.0,3.0,3.0,4.0,7.0,inferred
Epping Forest,2021-05-26,0.0,0.0,0.0,1.0,1.0,1.0,2.0,2.0,3.0,3.0,4.0,5.0,8.0,inferred
Epping Forest,2021-05-27,0.0,0.0,0.0,1.0,1.0,1.0,2.0,2.0,3.0,3.0,4.0,5.0,7.0,inferred
Epping Forest,2021-05-28,0.0,0.0,0.0,1.0,1.0,1.0,2.0,2.0,3.0,3.0,3.0,5.0,7.0,inferred
Epping Forest,2021-05-29,0.0,0.0,0.0,0.0,1.0,1.0,1.0,2.0,2.0,3.0,3.0,4.0,7.0,inferred
Epping Forest,2021-05-30,0.0,0.0,0.0,1.0,1.0,1.0,2.0,2.0,3.0,3.0,4.0,5.0,8.0,inferred
Epping Forest,2021-05-31,0.0,0.0,1.0,1.0,1.0,2.0,3.0,3.0,4.0,4.0,5.0,6.0,9.0,inferred
Epping Forest,2021-06-01,0.0,0.0,1.0,1.0,2.0,2.0,3.0,3.0,4.0,5.0,5.0,7.0,10.0,inferred
Epping Forest,2021-06-02,0.0,1.0,2.0,2.0,2.0,3.0,3.0,4.0,5.0,6.0,6.0,8.0,10.0,inferred
Epping Forest,2021-06-03,0.0,1.0,2.0,2.0,2.0,3.0,4.0,4.0,5.0,6.0,6.0,8.0,10.0,inferred
Epping Forest,2021-06-04,0.0,1.0,1.0,2.0,2.0,3.0,3.0,4.0,5.0,5.0,6.0,8.0,11.0,inferred
Epping Forest,2021-06-05,0.0,1.0,1.0,2.0,2.0,2.0,3.0,4.0,4.0,5.0,5.0,7.0,9.0,inferred
Epping Forest,2021-06-06,0.0,1.0,2.0,2.0,2.0,3.0,4.0,5.0,6.0,6.0,7.0,9.0,11.0,inferred
Epping Forest,2021-06-07,1.0,2.0,3.0,4.0,4.0,5.0,6.0,7.0,8.0,8.0,9.0,11.0,15.0,inferred
Epping Forest,2021-06-08,1.0,2.0,3.0,4.0,4.0,5.0,6.0,7.0,8.0,9.0,9.0,11.0,14.0,inferred
Epping Forest,2021-06-09,1.0,3.0,4.0,4.0,5.0,6.0,7.0,8.0,9.0,9.0,10.0,12.0,15.5,inferred
Epping Forest,2021-06-10,1.0,3.0,4.0,5.0,5.0,6.0,7.0,8.0,9.0,10.0,11.0,12.0,17.0,inferred
Epping Forest,2021-06-11,1.0,3.0,4.0,5.0,5.0,6.0,7.0,8.0,9.0,9.0,10.0,12.0,15.0,inferred
Epping Forest,2021-06-12,1.0,2.0,3.0,4.0,4.0,5.0,6.0,7.0,8.0,9.0,10.0,11.0,14.0,inferred
Epping Forest,2021-06-13,1.5,3.0,5.0,5.0,6.0,7.0,8.0,9.0,10.0,10.0,11.0,14.0,18.0,inferred
Epping Forest,2021-06-14,3.0,5.0,7.0,7.0,8.0,9.0,10.0,11.0,13.0,13.0,14.0,16.0,21.0,inferred
Epping Forest,2021-06-15,3.0,5.0,7.0,7.0,8.0,9.0,10.0,12.0,13.0,14.0,15.0,17.0,21.0,inferred
Epping Forest,2021-06-16,4.0,6.0,8.0,8.0,9.0,10.0,11.5,13.0,14.0,15.0,16.0,19.0,23.0,inferred
Epping Forest,2021-06-17,4.0,6.0,8.0,8.0,9.0,10.0,12.0,13.0,14.0,15.0,16.0,19.0,24.0,inferred
Epping Forest,2021-06-18,3.0,6.0,7.0,8.0,9.0,10.0,11.0,12.0,14.0,15.0,16.0,18.0,24.0,inferred
Epsom and Ewell,2021-03-06,0.0,0.0,1.0,1.0,1.0,2.0,2.0,3.0,3.0,4.0,4.0,5.0,8.0,inferred
Epsom and Ewell,2021-03-07,0.0,0.0,1.0,1.0,1.0,2.0,2.0,3.0,4.0,4.0,4.0,6.0,8.0,inferred
Epsom and Ewell,2021-03-08,0.0,1.0,1.0,1.0,2.0,2.0,3.0,3.0,4.0,4.0,5.0,6.0,8.0,inferred
Epsom and Ewell,2021-03-09,0.0,1.0,1.0,1.0,2.0,2.0,3.0,3.0,4.0,4.0,4.0,6.0,8.0,inferred
Epsom and Ewell,2021-03-10,0.0,1.0,1.0,2.0,2.0,2.0,3.0,3.0,4.0,4.0,5.0,6.0,8.0,inferred
Epsom and Ewell,2021-03-11,0.0,0.9,1.0,1.0,2.0,2.0,3.0,3.0,4.0,4.0,5.0,6.0,8.0,inferred
Epsom and Ewell,2021-03-12,0.0,0.0,1.0,1.0,1.0,2.0,2.0,3.0,3.0,4.0,4.0,6.0,8.0,inferred
Epsom and Ewell,2021-03-13,0.0,0.0,1.0,1.0,1.0,2.0,2.0,2.0,3.0,3.0,4.0,5.0,7.0,inferred
Epsom and Ewell,2021-03-14,0.0,0.0,1.0,1.0,1.0,2.0,2.0,3.0,4.0,4.0,5.0,6.0,8.0,inferred
Epsom and Ewell,2021-03-15,0.0,1.0,1.0,2.0,2.0,3.0,3.0,4.0,5.0,5.0,5.0,7.0,9.5,inferred
Epsom and Ewell,2021-03-16,0.0,1.0,1.0,2.0,2.0,3.0,3.0,4.0,4.0,5.0,5.0,7.0,9.0,inferred
Epsom and Ewell,2021-03-17,0.0,1.0,2.0,2.0,2.0,3.0,3.0,4.0,5.0,5.0,6.0,7.0,9.0,inferred
Epsom and Ewell,2021-03-18,0.0,1.0,1.0,2.0,2.0,3.0,3.0,4.0,4.0,5.0,5.0,7.0,9.0,inferred
Epsom and Ewell,2021-03-19,0.0,1.0,1.0,1.0,2.0,2.0,3.0,3.0,4.0,4.0,5.0,6.0,8.0,inferred
Epsom and Ewell,2021-03-20,0.0,0.0,1.0,1.0,1.0,2.0,2.0,3.0,4.0,4.0,4.0,5.0,8.0,inferred
Epsom and Ewell,2021-03-21,0.0,1.0,1.0,2.0,2.0,2.0,3.0,3.0,4.0,4.0,5.0,6.0,9.0,inferred
Epsom and Ewell,2021-03-22,0.0,1.0,2.0,2.0,3.0,3.0,4.0,4.0,5.0,6.0,6.0,8.0,11.0,inferred
Epsom and Ewell,2021-03-23,0.0,1.0,2.0,2.0,2.0,3.0,4.0,4.0,5.0,6.0,6.0,8.0,10.0,inferred
Epsom and Ewell,2021-03-24,0.0,1.0,2.0,2.0,3.0,3.0,4.0,5.0,5.0,6.0,6.0,8.0,11.0,inferred
Epsom and Ewell,2021-03-25,0.0,1.0,2.0,2.0,2.0,3.0,4.0,4.0,5.0,6.0,6.0,8.0,10.0,inferred
Epsom and Ewell,2021-03-26,0.0,1.0,1.0,2.0,2.0,3.0,3.0,4.0,4.0,5.0,5.0,7.0,9.0,inferred
Epsom and Ewell,2021-03-27,0.0,0.0,1.0,1.0,1.0,2.0,2.0,3.0,4.0,4.0,4.0,6.0,8.0,inferred
Epsom and Ewell,2021-03-28,0.0,1.0,1.0,2.0,2.0,2.0,3.0,3.0,4.0,5.0,5.0,6.1,9.0,inferred
Epsom and Ewell,2021-03-29,0.0,1.0,2.0,2.0,2.0,3.0,3.0,4.0,5.0,5.0,6.0,7.0,9.5,inferred
Epsom and Ewell,2021-03-30,0.0,1.0,1.0,2.0,2.0,2.0,3.0,4.0,4.0,5.0,5.0,6.0,9.0,inferred
Epsom and Ewell,2021-03-31,0.0,1.0,1.0,2.0,2.0,2.0,3.0,4.0,4.0,5.0,5.0,7.0,9.0,inferred
Epsom and Ewell,2021-04-01,0.0,0.0,1.0,1.0,1.0,2.0,3.0,3.0,4.0,4.0,5.0,6.0,8.0,inferred
Epsom and Ewell,2021-04-02,0.0,0.0,1.0,1.0,1.0,2.0,2.0,3.0,3.0,3.0,4.0,5.0,7.0,inferred
Epsom and Ewell,2021-04-03,0.0,0.0,0.0,1.0,1.0,1.0,1.0,2.0,2.0,3.0,3.0,4.0,6.0,inferred
Epsom and Ewell,2021-04-04,0.0,0.0,1.0,1.0,1.0,1.0,2.0,2.0,3.0,3.0,4.0,5.0,7.0,inferred
Epsom and Ewell,2021-04-05,0.0,0.0,1.0,1.0,1.0,2.0,2.0,3.0,3.0,3.0,4.0,5.0,7.0,inferred
Epsom and Ewell,2021-04-06,0.0,0.0,1.0,1.0,1.0,1.0,2.0,2.0,3.0,3.0,4.0,5.0,7.0,inferred
Epsom and Ewell,2021-04-07,0.0,0.0,1.0,1.0,1.0,2.0,2.0,2.0,3.0,3.0,4.0,5.0,7.0,inferred
Epsom and Ewell,2021-04-08,0.0,0.0,1.0,1.0,1.0,1.0,2.0,2.0,3.0,3.0,4.0,5.0,7.0,inferred
Epsom and Ewell,2021-04-09,0.0,0.0,0.0,1.0,1.0,1.0,1.0,2.0,2.0,3.0,3.0,4.0,6.0,inferred
Epsom and Ewell,2021-04-10,0.0,0.0,0.0,0.0,0.0,1.0,1.0,1.0,2.0,2.0,3.0,3.0,5.0,inferred
Epsom and Ewell,2021-04-11,0.0,0.0,0.0,0.0,1.0,1.0,1.0,2.0,2.0,3.0,3.0,4.0,6.0,inferred
Epsom and Ewell,2021-04-12,0.0,0.0,0.0,1.0,1.0,1.0,2.0,2.0,3.0,3.0,4.0,5.0,7.0,inferred
Epsom and Ewell,2021-04-13,0.0,0.0,0.0,1.0,1.0,1.0,2.0,2.0,3.0,3.0,3.0,5.0,7.0,inferred
Epsom and Ewell,2021-04-14,0.0,0.0,0.0,1.0,1.0,1.0,2.0,2.0,3.0,3.0,4.0,5.0,7.0,inferred
Epsom and Ewell,2021-04-15,0.0,0.0,1.0,1.0,1.0,1.0,2.0,2.0,3.0,3.0,3.0,5.0,6.0,inferred
Epsom and Ewell,2021-04-16,0.0,0.0,0.0,0.0,1.0,1.0,1.0,2.0,2.0,3.0,3.0,4.0,6.0,inferred
Epsom and Ewell,2021-04-17,0.0,0.0,0.0,0.0,0.0,1.0,1.0,2.0,2.0,2.0,3.0,4.0,6.0,inferred
Epsom and Ewell,2021-04-18,0.0,0.0,0.0,1.0,1.0,1.0,1.0,2.0,2.0,3.0,3.0,4.0,6.0,inferred
Epsom and Ewell,2021-04-19,0.0,0.0,1.0,1.0,1.0,1.0,2.0,2.0,3.0,3.0,4.0,5.0,7.0,inferred
Epsom and Ewell,2021-04-20,0.0,0.0,1.0,1.0,1.0,1.0,2.0,2.0,3.0,3.0,4.0,5.0,7.0,inferred
Epsom and Ewell,2021-04-21,0.0,0.0,1.0,1.0,1.0,1.0,2.0,2.0,3.0,3.0,4.0,5.0,7.0,inferred
Epsom and Ewell,2021-04-22,0.0,0.0,0.0,1.0,1.0,1.0,2.0,2.0,3.0,3.0,3.0,4.0,6.0,inferred
Epsom and Ewell,2021-04-23,0.0,0.0,0.0,0.0,1.0,1.0,1.0,2.0,2.0,3.0,3.0,4.0,6.0,inferred
Epsom and Ewell,2021-04-24,0.0,0.0,0.0,0.0,0.0,1.0,1.0,1.0,2.0,2.0,2.0,3.0,5.0,inferred
Epsom and Ewell,2021-04-25,0.0,0.0,0.0,0.0,1.0,1.0,1.0,2.0,2.0,2.0,3.0,4.0,6.0,inferred
Epsom and Ewell,2021-04-26,0.0,0.0,0.0,1.0,1.0,1.0,1.0,2.0,2.0,3.0,3.0,4.0,6.0,inferred
Epsom and Ewell,2021-04-27,0.0,0.0,0.0,0.0,1.0,1.0,1.0,2.0,2.0,3.0,3.0,4.0,6.0,inferred
Epsom and Ewell,2021-04-28,0.0,0.0,0.0,0.0,1.0,1.0,1.0,2.0,2.0,3.0,3.0,4.0,6.0,inferred
Epsom and Ewell,2021-04-29,0.0,0.0,0.0,0.0,1.0,1.0,1.0,2.0,2.0,3.0,3.0,4.0,6.0,inferred
Epsom and Ewell,2021-04-30,0.0,0.0,0.0,0.0,0.0,1.0,1.0,1.0,2.0,2.0,2.0,3.0,5.0,inferred
Epsom and Ewell,2021-05-01,0.0,0.0,0.0,0.0,0.0,0.0,1.0,1.0,1.0,2.0,2.0,3.0,4.0,inferred
Epsom and Ewell,2021-05-02,0.0,0.0,0.0,0.0,0.0,1.0,1.0,1.0,2.0,2.0,2.0,3.0,5.0,inferred
Epsom and Ewell,2021-05-03,0.0,0.0,0.0,0.0,0.0,1.0,1.0,1.0,2.0,2.0,2.0,4.0,5.0,inferred
Epsom and Ewell,2021-05-04,0.0,0.0,0.0,0.0,0.0,1.0,1.0,2.0,2.0,2.0,3.0,4.0,6.0,inferred
Epsom and Ewell,2021-05-05,0.0,0.0,0.0,0.0,1.0,1.0,1.0,2.0,2.0,2.0,3.0,4.0,6.0,inferred
Epsom and Ewell,2021-05-06,0.0,0.0,0.0,0.0,0.0,1.0,1.0,2.0,2.0,2.0,3.0,4.0,6.0,inferred
Epsom and Ewell,2021-05-07,0.0,0.0,0.0,0.0,0.0,1.0,1.0,1.0,2.0,2.0,2.0,3.0,5.0,inferred
Epsom and Ewell,2021-05-08,0.0,0.0,0.0,0.0,0.0,1.0,1.0,1.0,2.0,2.0,2.0,3.0,5.0,inferred
Epsom and Ewell,2021-05-09,0.0,0.0,0.0,0.0,0.0,1.0,1.0,1.0,2.0,2.0,2.2,4.0,5.0,inferred
Epsom and Ewell,2021-05-10,0.0,0.0,0.0,0.0,1.0,1.0,1.0,2.0,2.0,3.0,3.0,4.0,6.0,inferred
Epsom and Ewell,2021-05-11,0.0,0.0,0.0,1.0,1.0,1.0,1.0,2.0,2.0,3.0,3.0,4.0,6.0,inferred
Epsom and Ewell,2021-05-12,0.0,0.0,0.0,1.0,1.0,1.0,2.0,2.0,3.0,3.0,4.0,5.0,7.0,inferred
Epsom and Ewell,2021-05-13,0.0,0.0,0.0,1.0,1.0,1.0,2.0,2.0,3.0,3.0,3.0,5.0,6.0,inferred
Epsom and Ewell,2021-05-14,0.0,0.0,0.0,0.0,1.0,1.0,1.0,2.0,2.0,3.0,3.0,4.0,6.0,inferred
Epsom and Ewell,2021-05-15,0.0,0.0,0.0,0.0,0.0,1.0,1.0,2.0,2.0,2.0,3.0,4.0,6.0,inferred
Epsom and Ewell,2021-05-16,0.0,0.0,0.0,1.0,1.0,1.0,1.0,2.0,2.0,3.0,3.0,4.0,6.0,inferred
Epsom and Ewell,2021-05-17,0.0,0.0,1.0,1.0,1.0,2.0,2.0,2.0,3.0,3.0,4.0,5.0,7.0,inferred
Epsom and Ewell,2021-05-18,0.0,0.0,1.0,1.0,1.0,2.0,2.0,3.0,3.0,4.0,4.0,5.0,8.0,inferred
Epsom and Ewell,2021-05-19,0.0,0.0,1.0,1.0,1.0,2.0,2.0,3.0,4.0,4.0,4.0,6.0,8.0,inferred
Epsom and Ewell,2021-05-20,0.0,0.0,1.0,1.0,1.0,2.0,2.0,3.0,4.0,4.0,5.0,6.0,9.0,inferred
Epsom and Ewell,2021-05-21,0.0,0.0,1.0,1.0,1.0,2.0,2.0,3.0,4.0,4.0,5.0,6.0,8.0,inferred
Epsom and Ewell,2021-05-22,0.0,0.0,1.0,1.0,1.0,2.0,2.0,3.0,3.0,4.0,4.0,5.0,7.0,inferred
Epsom and Ewell,2021-05-23,0.0,1.0,1.0,2.0,2.0,2.0,3.0,4.0,4.0,5.0,5.0,7.0,9.0,inferred
Epsom and Ewell,2021-05-24,0.0,1.0,2.0,3.0,3.0,3.0,4.0,5.0,6.0,6.0,7.0,8.0,11.0,inferred
Epsom and Ewell,2021-05-25,0.0,1.0,2.0,3.0,3.0,4.0,4.0,5.0,6.0,6.0,7.0,8.0,11.0,inferred
Epsom and Ewell,2021-05-26,1.0,2.0,3.0,3.0,4.0,4.0,5.0,6.0,7.0,7.0,8.0,9.0,12.0,inferred
Epsom and Ewell,2021-05-27,0.5,2.0,3.0,3.0,3.0,4.0,5.0,5.0,6.0,7.0,7.0,9.0,12.0,inferred
Epsom and Ewell,2021-05-28,1.0,2.0,3.0,3.0,3.0,4.0,5.0,5.0,6.0,7.0,7.0,9.0,12.0,inferred
Epsom and Ewell,2021-05-29,0.0,1.0,2.0,3.0,3.0,3.0,4.0,5.0,6.0,6.0,7.0,8.0,11.0,inferred
Epsom and Ewell,2021-05-30,1.0,2.0,3.0,3.0,4.0,4.0,5.0,6.0,7.0,7.0,8.0,10.0,13.0,inferred
Epsom and Ewell,2021-05-31,2.0,3.0,4.0,5.0,5.0,6.0,7.0,8.0,9.0,9.0,10.0,12.0,15.0,inferred
Epsom and Ewell,2021-06-01,2.0,3.0,4.0,5.0,5.0,6.0,7.0,8.0,9.0,9.0,10.0,12.0,16.0,inferred
Epsom and Ewell,2021-06-02,2.0,4.0,5.0,5.0,6.0,7.0,8.0,9.0,10.0,11.0,11.0,13.0,16.0,inferred
Epsom and Ewell,2021-06-03,2.0,3.0,5.0,5.0,6.0,6.0,7.0,8.0,9.0,10.0,10.0,12.0,16.0,inferred
Epsom and Ewell,2021-06-04,2.0,3.0,4.0,4.0,5.0,6.0,7.0,7.0,8.0,9.0,10.0,11.0,14.0,inferred
Epsom and Ewell,2021-06-05,1.0,2.0,3.0,4.0,4.0,5.0,5.0,6.0,7.0,8.0,8.0,10.0,13.0,inferred
Epsom and Ewell,2021-06-06,2.0,3.0,4.0,5.0,5.0,6.0,7.0,8.0,9.0,9.0,10.0,12.0,14.0,inferred
Epsom and Ewell,2021-06-07,3.0,4.0,5.0,6.0,7.0,8.0,9.0,10.0,11.0,11.0,12.0,14.0,17.5,inferred
Epsom and Ewell,2021-06-08,3.0,4.0,6.0,6.0,7.0,8.0,9.0,10.0,11.0,11.0,12.0,14.0,17.0,inferred
Epsom and Ewell,2021-06-09,3.0,5.0,6.0,7.0,7.0,8.0,9.0,10.0,11.0,12.0,13.0,14.1,18.0,inferred
Epsom and Ewell,2021-06-10,2.0,4.0,6.0,6.0,7.0,8.0,9.0,10.0,11.0,12.0,12.2,14.0,18.0,inferred
Epsom and Ewell,2021-06-11,2.0,4.0,5.0,5.0,6.0,7.0,7.0,8.0,10.0,10.0,11.0,13.0,17.0,inferred
Epsom and Ewell,2021-06-12,1.0,3.0,4.0,4.0,5.0,5.0,6.0,7.0,8.0,9.0,9.0,11.0,15.0,inferred
Epsom and Ewell,2021-06-13,2.0,4.0,5.0,6.0,6.0,7.0,8.0,9.0,10.0,10.0,11.0,13.0,17.0,inferred
Epsom and Ewell,2021-06-14,3.0,5.0,7.0,7.0,8.0,9.0,10.0,11.0,12.0,13.0,14.0,16.0,20.0,inferred
Epsom and Ewell,2021-06-15,3.0,5.0,7.0,7.0,8.0,9.0,10.0,11.0,12.0,13.0,14.0,16.0,20.0,inferred
Epsom and Ewell,2021-06-16,4.0,6.0,7.8,8.0,9.0,10.0,11.0,12.0,14.0,14.0,15.0,17.0,21.0,inferred
Epsom and Ewell,2021-06-17,3.5,5.0,7.0,7.0,8.0,9.0,10.0,11.0,13.0,13.0,14.0,17.0,21.0,inferred
Epsom and Ewell,2021-06-18,3.0,4.0,6.0,6.0,7.0,8.0,9.0,10.0,11.0,12.0,13.0,15.0,18.5,inferred
Erewash,2021-03-06,4.0,6.0,8.0,8.0,9.0,10.0,11.0,12.0,13.0,14.0,15.0,17.0,22.0,inferred
Erewash,2021-03-07,5.0,7.0,8.0,9.0,10.0,11.0,12.0,13.0,15.0,16.0,16.0,19.0,23.0,inferred
Erewash,2021-03-08,6.0,9.0,10.0,11.0,12.0,13.0,14.0,16.0,17.0,18.0,19.0,21.0,25.5,inferred
Erewash,2021-03-09,6.0,8.0,9.0,10.0,11.0,12.0,13.0,14.0,15.0,16.0,17.0,20.0,24.0,inferred
Erewash,2021-03-10,5.0,8.0,9.0,10.0,11.0,12.0,13.0,15.0,16.0,17.0,18.0,20.0,24.0,inferred
Erewash,2021-03-11,4.0,7.0,8.0,9.0,9.0,11.0,12.0,13.0,14.0,15.0,16.0,18.0,21.5,inferred
Erewash,2021-03-12,3.0,5.0,7.0,8.0,8.0,9.0,10.0,12.0,13.0,14.0,15.0,17.0,21.0,inferred
Erewash,2021-03-13,2.0,4.0,5.0,6.0,6.0,7.0,8.0,9.0,10.0,11.0,11.0,13.0,17.0,inferred
Erewash,2021-03-14,3.0,5.0,6.0,7.0,7.0,8.0,9.0,10.0,11.0,12.0,13.0,15.0,19.0,inferred
Erewash,2021-03-15,4.0,6.0,8.0,9.0,10.0,11.0,12.0,13.0,14.0,15.0,16.0,18.0,22.0,inferred
Erewash,2021-03-16,3.0,6.0,8.0,8.0,9.0,10.0,11.0,12.0,13.0,14.0,15.0,17.0,21.0,inferred
Erewash,2021-03-17,4.0,6.0,8.0,8.0,9.0,10.0,12.0,13.0,14.0,15.0,16.0,18.0,22.5,inferred
Erewash,2021-03-18,3.0,6.0,7.0,8.0,8.0,9.0,10.0,11.0,13.0,13.0,14.0,16.0,21.0,inferred
Erewash,2021-03-19,2.0,4.0,6.0,6.0,7.0,8.0,9.0,10.0,11.0,12.0,13.0,15.0,19.0,inferred
Erewash,2021-03-20,2.0,3.0,4.0,5.0,5.0,6.0,7.0,8.0,9.0,10.0,10.0,12.0,16.0,inferred
Erewash,2021-03-21,2.0,4.0,5.0,6.0,6.0,7.0,8.0,9.0,10.0,11.0,12.0,14.0,17.0,inferred
Erewash,2021-03-22,3.0,5.0,7.0,7.0,8.0,9.0,10.0,11.0,13.0,13.0,14.0,16.0,20.0,inferred
Erewash,2021-03-23,3.0,5.0,6.0,7.0,7.0,8.0,9.0,11.0,12.0,13.0,14.0,16.0,20.0,inferred
Erewash,2021-03-24,3.0,5.0,6.0,7.0,7.0,9.0,10.0,11.0,12.0,13.0,14.0,16.0,20.0,inferred
Erewash,2021-03-25,2.0,4.0,5.0,5.0,6.0,7.0,8.0,9.0,10.0,11.0,12.0,14.0,18.0,inferred
Erewash,2021-03-26,1.0,3.0,4.0,5.0,5.0,6.0,7.0,8.0,9.0,9.0,10.0,12.0,16.0,inferred
Erewash,2021-03-27,1.0,2.0,3.0,3.0,4.0,4.0,5.0,6.0,7.0,7.0,8.0,10.0,13.0,inferred
Erewash,2021-03-28,1.0,2.0,3.0,4.0,4.0,5.0,6.0,6.0,7.0,8.0,9.0,11.0,14.0,inferred
Erewash,2021-03-29,2.0,3.0,4.0,4.0,5.0,6.0,7.0,8.0,9.0,9.0,10.0,12.0,16.0,inferred
Erewash,2021-03-30,1.0,3.0,4.0,4.0,5.0,6.0,6.0,7.0,8.0,9.0,9.0,11.0,15.0,inferred
Erewash,2021-03-31,1.0,2.9,4.0,4.0,5.0,5.0,6.0,7.0,8.0,9.0,10.0,12.0,15.0,inferred
Erewash,2021-04-01,1.0,2.0,3.0,3.0,4.0,5.0,5.0,6.0,7.0,7.0,8.0,10.0,12.0,inferred
Erewash,2021-04-02,1.0,2.0,3.0,3.0,3.0,4.0,5.0,5.0,6.0,7.0,7.0,9.0,12.0,inferred
Erewash,2021-04-03,0.0,1.0,2.0,2.0,2.0,3.0,3.0,4.0,5.0,5.0,6.0,7.0,9.0,inferred
Erewash,2021-04-04,0.0,1.0,2.0,2.0,3.0,3.0,4.0,5.0,5.0,6.0,6.0,8.0,10.0,inferred
Erewash,2021-04-05,1.0,2.0,3.0,3.0,3.0,4.0,5.0,5.0,6.0,7.0,8.0,9.0,12.0,inferred
Erewash,2021-04-06,0.0,1.0,2.0,2.0,3.0,4.0,4.0,5.0,6.0,6.0,7.0,9.0,11.5,inferred
Erewash,2021-04-07,0.0,1.0,2.0,3.0,3.0,4.0,4.0,5.0,6.0,7.0,7.0,9.0,12.0,inferred
Erewash,2021-04-08,0.0,1.0,2.0,2.0,3.0,3.0,4.0,5.0,5.0,6.0,6.0,8.0,11.0,inferred
Erewash,2021-04-09,0.0,1.0,2.0,2.0,2.0,3.0,3.0,4.0,5.0,5.0,6.0,7.0,10.0,inferred
Erewash,2021-04-10,0.0,1.0,1.0,1.0,2.0,2.0,3.0,3.0,4.0,4.0,5.0,6.0,8.0,inferred
Erewash,2021-04-11,0.0,1.0,1.0,2.0,2.0,3.0,3.0,4.0,4.0,5.0,5.0,7.0,9.0,inferred
Erewash,2021-04-12,0.0,1.0,2.0,2.0,3.0,3.0,4.0,5.0,6.0,6.0,7.0,8.0,11.0,inferred
Erewash,2021-04-13,0.0,1.0,2.0,2.0,2.0,3.0,4.0,5.0,5.0,6.0,6.0,8.0,11.0,inferred
Erewash,2021-04-14,0.0,1.0,2.0,2.0,3.0,3.0,4.0,5.0,6.0,6.0,7.0,9.0,11.0,inferred
Erewash,2021-04-15,0.0,1.0,2.0,2.0,2.0,3.0,4.0,4.0,5.0,5.0,6.0,8.0,10.0,inferred
Erewash,2021-04-16,0.0,1.0,2.0,2.0,2.0,3.0,3.0,4.0,5.0,5.0,6.0,7.0,10.0,inferred
Erewash,2021-04-17,0.0,0.0,1.0,1.0,2.0,2.0,2.0,3.0,4.0,4.0,5.0,6.0,8.0,inferred
Erewash,2021-04-18,0.0,1.0,1.0,2.0,2.0,3.0,3.0,4.0,5.0,5.0,6.0,7.0,10.0,inferred
Erewash,2021-04-19,0.0,1.0,2.0,2.0,3.0,4.0,4.0,5.0,6.0,6.0,7.0,8.0,11.0,inferred
Erewash,2021-04-20,0.0,1.0,2.0,2.0,3.0,3.0,4.0,5.0,6.0,6.0,7.0,9.0,11.0,inferred
Erewash,2021-04-21,1.0,1.9,2.0,3.0,3.0,4.0,5.0,5.0,6.0,7.0,7.0,9.0,12.0,inferred
Erewash,2021-04-22,1.0,2.0,2.8,3.0,3.0,4.0,5.0,5.0,6.0,7.0,7.0,9.0,12.0,inferred
Erewash,2021-04-23,0.0,1.0,2.0,3.0,3.0,4.0,4.0,5.0,6.0,6.0,7.0,8.0,11.0,inferred
Erewash,2021-04-24,0.0,1.0,2.0,2.0,2.0,3.0,3.0,4.0,5.0,5.0,6.0,7.0,10.0,inferred
Erewash,2021-04-25,0.0,1.0,2.0,3.0,3.0,4.0,4.0,5.0,6.0,7.0,7.0,9.0,12.0,inferred
Erewash,2021-04-26,1.0,2.0,3.0,4.0,4.0,5.0,6.0,7.0,8.0,8.0,9.0,11.0,14.0,inferred
Erewash,2021-04-27,1.0,3.0,4.0,4.0,5.0,6.0,7.0,8.0,9.0,9.0,10.0,12.0,15.0,inferred
Erewash,2021-04-28,2.0,3.0,5.0,5.0,6.0,7.0,8.0,9.0,10.0,10.0,11.0,13.0,17.0,inferred
Erewash,2021-04-29,2.0,3.0,5.0,5.0,6.0,7.0,8.0,9.0,10.0,11.0,11.0,14.0,17.0,inferred
Erewash,2021-04-30,2.0,3.0,5.0,5.0,6.0,7.0,8.0,9.0,10.0,10.0,11.0,13.0,17.0,inferred
Erewash,2021-05-01,1.0,3.0,4.0,4.0,5.0,6.0,7.0,8.0,9.0,9.0,10.0,11.0,15.0,inferred
Erewash,2021-05-02,2.0,4.0,5.0,6.0,6.0,7.0,8.0,10.0,11.0,11.0,12.0,14.0,18.0,inferred
Erewash,2021-05-03,4.0,6.0,8.0,9.0,9.7,11.0,12.0,13.0,14.0,15.0,16.0,18.0,22.0,inferred
Erewash,2021-05-04,4.0,6.0,8.0,9.0,9.0,10.0,12.0,13.0,14.0,15.0,16.0,18.0,23.0,inferred
Erewash,2021-05-05,5.0,7.0,8.0,9.0,10.0,11.0,12.0,14.0,15.0,16.0,17.0,19.0,24.0,inferred
Erewash,2021-05-06,4.0,6.0,7.0,8.0,8.0,9.0,11.0,12.0,14.0,14.0,15.0,17.0,22.0,inferred
Erewash,2021-05-07,3.0,5.0,6.0,7.0,8.0,9.0,10.0,11.0,12.0,13.0,13.0,16.0,20.0,inferred
Erewash,2021-05-08,2.0,3.0,5.0,5.0,6.0,7.0,8.0,8.0,9.3,10.0,11.0,13.0,17.0,inferred
Erewash,2021-05-09,2.0,4.0,5.0,6.0,7.0,8.0,9.0,10.0,11.0,11.0,12.0,14.0,18.0,inferred
Erewash,2021-05-10,3.0,6.0,7.0,8.0,9.0,10.0,11.0,12.0,14.0,14.0,15.0,18.0,22.0,inferred
Erewash,2021-05-11,3.0,5.0,6.0,7.0,8.0,9.0,10.0,11.0,12.0,13.0,13.0,16.0,20.0,inferred
Erewash,2021-05-12,3.0,5.0,6.0,7.0,8.0,9.0,10.0,11.0,12.0,13.0,14.0,16.0,20.0,inferred
Erewash,2021-05-13,2.0,4.0,5.0,6.0,6.0,7.0,8.0,9.0,10.0,11.0,12.0,14.0,18.0,inferred
Erewash,2021-05-14,2.0,3.0,4.0,5.0,5.0,6.0,7.0,8.0,9.0,9.0,10.0,12.0,15.0,inferred
Erewash,2021-05-15,1.0,2.0,3.0,3.0,4.0,4.0,5.0,6.0,7.0,7.0,8.0,10.0,12.0,inferred
Erewash,2021-05-16,1.0,2.0,3.0,3.0,4.0,5.0,5.0,6.0,7.0,8.0,9.0,10.0,13.5,inferred
Erewash,2021-05-17,1.0,3.0,4.0,4.0,5.0,6.0,7.0,8.0,8.0,9.0,10.0,12.0,16.0,inferred
Erewash,2021-05-18,1.0,2.0,3.0,4.0,4.0,5.0,6.0,7.0,8.0,8.0,9.0,11.0,14.0,inferred
Erewash,2021-05-19,1.0,2.0,3.0,4.0,4.0,5.0,6.0,6.0,7.0,8.0,9.0,11.0,13.5,inferred
Erewash,2021-05-20,0.5,2.0,2.0,3.0,3.0,4.0,5.0,6.0,6.0,7.0,8.0,9.0,13.0,inferred
Erewash,2021-05-21,0.0,1.0,2.0,2.0,3.0,3.0,4.0,5.0,6.0,6.0,7.0,8.0,11.0,inferred
Erewash,2021-05-22,0.0,1.0,1.0,1.0,2.0,2.0,3.0,4.0,4.0,5.0,5.0,6.0,9.0,inferred
Erewash,2021-05-23,0.0,1.0,1.0,2.0,2.0,3.0,3.0,4.0,4.0,5.0,5.0,7.0,10.0,inferred
Erewash,2021-05-24,0.0,1.0,2.0,2.0,3.0,3.0,4.0,4.0,5.0,6.0,6.0,8.0,11.0,inferred
Erewash,2021-05-25,0.0,1.0,2.0,2.0,2.0,3.0,4.0,4.0,5.0,6.0,6.0,7.0,10.0,inferred
Erewash,2021-05-26,0.0,1.0,2.0,2.0,2.0,3.0,4.0,4.0,5.0,6.0,6.0,7.0,10.0,inferred
Erewash,2021-05-27,0.0,1.0,1.0,2.0,2.0,3.0,3.0,4.0,5.0,5.0,6.0,7.0,9.0,inferred
Erewash,2021-05-28,0.0,1.0,1.0,2.0,2.0,2.0,3.0,4.0,4.0,5.0,5.0,6.0,9.0,inferred
Erewash,2021-05-29,0.0,0.0,1.0,1.0,1.0,2.0,2.0,3.0,3.0,4.0,4.0,6.0,8.0,inferred
Erewash,2021-05-30,0.0,1.0,1.0,1.0,2.0,2.0,3.0,3.0,4.0,4.0,5.0,6.0,8.0,inferred
Erewash,2021-05-31,0.0,1.0,2.0,2.0,2.0,3.0,4.0,4.0,5.0,6.0,6.0,8.0,11.0,inferred
Erewash,2021-06-01,0.0,1.0,2.0,2.0,2.0,3.0,4.0,4.0,5.0,6.0,6.0,8.0,11.0,inferred
Erewash,2021-06-02,0.0,1.0,2.0,2.0,3.0,3.0,4.0,5.0,6.0,6.0,7.0,9.0,11.0,inferred
Erewash,2021-06-03,0.0,1.0,2.0,2.0,3.0,3.0,4.0,5.0,5.0,6.0,7.0,8.0,11.0,inferred
Erewash,2021-06-04,0.0,1.0,2.0,2.0,3.0,3.0,4.0,5.0,5.0,6.0,6.0,8.0,11.0,inferred
Erewash,2021-06-05,0.0,1.0,2.0,2.0,2.0,3.0,3.0,4.0,5.0,5.0,6.0,7.0,10.0,inferred
Erewash,2021-06-06,0.0,1.0,2.0,3.0,3.0,4.0,4.0,5.0,6.0,6.0,7.0,9.0,12.0,inferred
Erewash,2021-06-07,1.0,2.0,3.0,4.0,4.0,5.0,6.0,7.0,8.0,9.0,9.0,11.0,14.0,inferred
Erewash,2021-06-08,1.0,3.0,4.0,4.0,5.0,6.0,6.0,7.0,8.0,9.0,9.0,11.0,15.0,inferred
Erewash,2021-06-09,1.5,3.0,4.0,5.0,5.0,6.0,7.0,8.0,9.0,10.0,10.0,13.0,17.0,inferred
Erewash,2021-06-10,2.0,3.0,4.0,5.0,5.0,6.0,7.0,8.0,9.0,10.0,10.0,12.0,15.0,inferred
Erewash,2021-06-11,1.0,3.0,4.0,4.0,5.0,6.0,7.0,8.0,9.0,9.0,10.0,12.0,16.0,inferred
Erewash,2021-06-12,1.0,2.0,3.0,4.0,4.0,5.0,6.0,7.0,8.0,8.0,9.0,11.0,14.0,inferred
Erewash,2021-06-13,2.0,3.0,4.0,5.0,6.0,6.0,7.0,8.0,9.0,10.0,11.0,13.0,18.0,inferred
Erewash,2021-06-14,3.0,5.0,7.0,7.0,8.0,9.0,10.0,11.0,13.0,13.0,14.0,17.0,21.0,inferred
Erewash,2021-06-15,4.0,6.0,7.0,8.0,8.0,9.0,11.0,12.0,13.0,14.0,15.0,18.0,22.0,inferred
Erewash,2021-06-16,4.0,7.0,8.0,9.0,10.0,11.0,13.0,14.0,16.0,16.0,17.0,20.0,25.0,inferred
Erewash,2021-06-17,4.0,6.0,8.0,9.0,10.0,11.0,13.0,14.0,15.0,16.0,17.0,20.0,24.0,inferred
Erewash,2021-06-18,4.0,6.0,8.0,9.0,10.0,11.0,12.0,14.0,15.0,16.0,17.0,20.0,25.0,inferred
Exeter,2021-03-06,0.0,1.0,1.0,2.0,2.0,2.0,3.0,3.0,4.0,4.0,5.0,6.0,8.0,inferred
Exeter,2021-03-07,1.0,2.0,2.0,3.0,3.0,3.0,4.0,5.0,5.0,6.0,6.0,7.0,9.0,inferred
Exeter,2021-03-08,1.0,2.0,3.0,3.0,4.0,4.0,5.0,6.0,6.0,7.0,7.0,9.0,12.0,inferred
Exeter,2021-03-09,1.0,2.0,3.0,3.0,3.0,4.0,4.0,5.0,6.0,6.0,6.0,8.0,10.0,inferred
Exeter,2021-03-10,1.0,2.0,3.0,3.0,4.0,4.0,5.0,6.0,6.0,7.0,7.0,9.0,11.0,inferred
Exeter,2021-03-11,1.0,2.0,3.0,3.0,3.0,4.0,4.0,5.0,6.0,6.0,7.0,8.0,10.0,inferred
Exeter,2021-03-12,0.0,1.0,2.0,2.0,3.0,3.0,4.0,4.0,5.0,5.0,6.0,7.0,9.0,inferred
Exeter,2021-03-13,0.0,1.0,1.0,1.0,2.0,2.0,3.0,3.0,4.0,4.0,4.0,5.0,7.0,inferred
Exeter,2021-03-14,0.0,1.0,2.0,2.0,2.0,3.0,3.0,4.0,5.0,5.0,5.0,6.0,8.5,inferred
Exeter,2021-03-15,1.0,2.0,2.0,3.0,3.0,4.0,4.0,5.0,6.0,6.0,7.0,8.0,10.0,inferred
Exeter,2021-03-16,0.0,1.0,2.0,2.0,2.0,3.0,3.0,4.0,5.0,5.0,6.0,7.0,9.0,inferred
Exeter,2021-03-17,0.5,1.0,2.0,2.0,3.0,3.0,4.0,4.0,5.0,5.0,6.0,7.0,10.0,inferred
Exeter,2021-03-18,0.0,1.0,2.0,2.0,2.0,3.0,4.0,4.0,5.0,5.0,6.0,7.0,9.0,inferred
Exeter,2021-03-19,0.0,1.0,1.0,2.0,2.0,2.0,3.0,3.0,4.0,4.0,4.0,6.0,7.0,inferred
Exeter,2021-03-20,0.0,0.0,1.0,1.0,1.0,2.0,2.0,2.0,3.0,3.0,4.0,4.0,6.0,inferred
Exeter,2021-03-21,0.0,1.0,1.0,2.0,2.0,2.0,3.0,3.0,4.0,4.0,5.0,6.0,8.0,inferred
Exeter,2021-03-22,0.0,1.0,2.0,2.0,2.0,3.0,3.0,4.0,5.0,5.0,5.0,7.0,9.0,inferred
Exeter,2021-03-23,0.0,1.0,1.0,2.0,2.0,2.0,3.0,3.0,4.0,4.0,5.0,6.0,8.0,inferred
Exeter,2021-03-24,0.0,1.0,2.0,2.0,2.0,3.0,3.0,4.0,5.0,5.0,5.0,7.0,9.0,inferred
Exeter,2021-03-25,0.0,1.0,1.0,2.0,2.0,3.0,3.0,4.0,4.0,4.0,5.0,6.0,8.0,inferred
Exeter,2021-03-26,0.0,1.0,1.0,1.0,2.0,2.0,2.0,3.0,4.0,4.0,4.0,5.0,7.0,inferred
Exeter,2021-03-27,0.0,0.0,1.0,1.0,1.0,1.0,2.0,2.0,3.0,3.0,3.0,4.0,6.0,inferred
Exeter,2021-03-28,0.0,0.0,1.0,1.0,1.0,2.0,2.0,3.0,3.0,3.0,4.0,5.0,6.5,inferred
Exeter,2021-03-29,0.0,1.0,1.0,2.0,2.0,2.0,3.0,3.0,4.0,4.0,5.0,6.0,8.0,inferred
Exeter,2021-03-30,0.0,0.0,1.0,1.0,1.0,2.0,2.0,3.0,3.0,4.0,4.0,5.0,7.0,inferred
Exeter,2021-03-31,0.0,1.0,1.0,1.0,2.0,2.0,2.0,3.0,4.0,4.0,4.0,5.0,7.0,inferred
Exeter,2021-04-01,0.0,0.0,1.0,1.0,1.0,2.0,2.0,3.0,3.0,3.0,4.0,5.0,6.0,inferred
Exeter,2021-04-02,0.0,0.0,1.0,1.0,1.0,1.0,2.0,2.0,3.0,3.0,3.0,4.0,6.0,inferred
Exeter,2021-04-03,0.0,0.0,0.0,0.0,1.0,1.0,1.0,2.0,2.0,2.0,2.0,3.0,5.0,inferred
Exeter,2021-04-04,0.0,0.0,1.0,1.0,1.0,1.0,2.0,2.0,2.0,3.0,3.0,4.0,6.0,inferred
Exeter,2021-04-05,0.0,0.0,1.0,1.0,1.0,2.0,2.0,2.0,3.0,3.0,4.0,5.0,6.0,inferred
Exeter,2021-04-06,0.0,0.0,1.0,1.0,1.0,1.0,2.0,2.0,3.0,3.0,3.0,4.0,6.0,inferred
Exeter,2021-04-07,0.0,0.0,1.0,1.0,1.0,2.0,2.0,3.0,3.0,3.0,4.0,5.0,7.0,inferred
Exeter,2021-04-08,0.0,0.0,1.0,1.0,1.0,1.0,2.0,2.0,3.0,3.0,3.0,4.0,6.0,inferred
Exeter,2021-04-09,0.0,0.0,1.0,1.0,1.0,1.0,2.0,2.0,2.0,3.0,3.0,4.0,6.0,inferred
Exeter,2021-04-10,0.0,0.0,0.0,0.0,1.0,1.0,1.0,2.0,2.0,2.0,2.0,3.0,5.0,inferred
Exeter,2021-04-11,0.0,0.0,1.0,1.0,1.0,1.0,2.0,2.0,3.0,3.0,3.0,4.0,6.0,inferred
Exeter,2021-04-12,0.0,0.0,1.0,1.0,1.0,2.0,2.0,3.0,3.0,4.0,4.0,5.0,7.0,inferred
Exeter,2021-04-13,0.0,0.0,1.0,1.0,1.0,1.0,2.0,2.0,3.0,3.0,3.0,4.0,6.0,inferred
Exeter,2021-04-14,0.0,0.0,1.0,1.0,1.0,2.0,2.0,3.0,3.0,4.0,4.0,5.0,7.0,inferred
Exeter,2021-04-15,0.0,0.0,1.0,1.0,1.0,2.0,2.0,2.0,3.0,3.0,4.0,5.0,6.5,inferred
Exeter,2021-04-16,0.0,0.0,1.0,1.0,1.0,1.0,2.0,2.0,3.0,3.0,3.0,4.0,5.0,inferred
Exeter,2021-04-17,0.0,0.0,0.0,0.0,1.0,1.0,1.0,2.0,2.0,2.0,3.0,3.0,5.0,inferred
Exeter,2021-04-18,0.0,0.0,1.0,1.0,1.0,1.0,2.0,2.0,3.0,3.0,3.0,4.0,6.0,inferred
Exeter,2021-04-19,0.0,0.0,1.0,1.0,1.0,2.0,2.0,3.0,3.0,3.0,4.0,5.0,7.0,inferred
Exeter,2021-04-20,0.0,0.0,1.0,1.0,1.0,1.0,2.0,2.0,3.0,3.0,3.0,4.0,6.0,inferred
Exeter,2021-04-21,0.0,0.0,1.0,1.0,1.0,2.0,2.0,3.0,3.0,4.0,4.0,5.0,7.0,inferred
Exeter,2021-04-22,0.0,0.0,1.0,1.0,1.0,2.0,2.0,3.0,3.0,3.0,4.0,5.0,7.0,inferred
Exeter,2021-04-23,0.0,0.0,1.0,1.0,1.0,1.0,2.0,2.0,3.0,3.0,3.0,4.0,6.0,inferred
Exeter,2021-04-24,0.0,0.0,0.0,0.0,1.0,1.0,1.0,2.0,2.0,2.0,3.0,3.0,5.0,inferred
Exeter,2021-04-25,0.0,0.0,1.0,1.0,1.0,2.0,2.0,2.0,3.0,3.0,4.0,4.0,6.0,inferred
Exeter,2021-04-26,0.0,0.0,1.0,1.0,1.0,2.0,2.0,3.0,3.0,4.0,4.0,5.0,7.0,inferred
Exeter,2021-04-27,0.0,0.0,1.0,1.0,1.0,2.0,2.0,2.0,3.0,3.0,3.0,4.1,6.0,inferred
Exeter,2021-04-28,0.0,0.0,1.0,1.0,1.0,2.0,2.0,3.0,3.0,4.0,4.0,5.0,7.0,inferred
Exeter,2021-04-29,0.0,0.0,1.0,1.0,1.0,2.0,2.0,2.0,3.0,3.0,3.0,4.0,6.0,inferred
Exeter,2021-04-30,0.0,0.0,0.0,1.0,1.0,1.0,2.0,2.0,2.0,3.0,3.0,4.0,6.0,inferred
Exeter,2021-05-01,0.0,0.0,0.0,0.0,0.0,1.0,1.0,1.0,2.0,2.0,2.0,3.0,4.0,inferred
Exeter,2021-05-02,0.0,0.0,0.0,1.0,1.0,1.0,1.0,2.0,2.0,2.0,3.0,3.0,5.0,inferred
Exeter,2021-05-03,0.0,0.0,1.0,1.0,1.0,1.0,2.0,2.0,2.0,3.0,3.0,4.0,5.0,inferred
Exeter,2021-05-04,0.0,0.0,0.0,0.0,1.0,1.0,1.0,2.0,2.0,2.0,3.0,4.0,5.0,inferred
Exeter,2021-05-05,0.0,0.0,0.0,1.0,1.0,1.0,2.0,2.0,2.0,3.0,3.0,4.0,5.0,inferred
Exeter,2021-05-06,0.0,0.0,0.0,0.0,1.0,1.0,1.0,2.0,2.0,2.0,3.0,3.0,5.0,inferred
Exeter,2021-05-07,0.0,0.0,0.0,0.0,0.0,1.0,1.0,1.0,2.0,2.0,2.0,3.0,5.0,inferred
Exeter,2021-05-08,0.0,0.0,0.0,0.0,0.0,0.0,1.0,1.0,1.0,2.0,2.0,2.0,4.0,inferred
Exeter,2021-05-09,0.0,0.0,0.0,0.0,0.0,1.0,1.0,1.0,2.0,2.0,2.0,3.0,4.0,inferred
Exeter,2021-05-10,0.0,0.0,0.0,1.0,1.0,1.0,1.0,2.0,2.0,2.0,3.0,3.0,5.0,inferred
Exeter,2021-05-11,0.0,0.0,0.0,0.0,1.0,1.0,1.0,1.0,2.0,2.0,2.0,3.0,4.0,inferred
Exeter,2021-05-12,0.0,0.0,0.0,0.0,1.0,1.0,1.0,2.0,2.0,2.2,3.0,4.0,6.0,inferred
Exeter,2021-05-13,0.0,0.0,0.0,0.0,1.0,1.0,1.0,2.0,2.0,2.0,3.0,3.0,5.0,inferred
Exeter,2021-05-14,0.0,0.0,0.0,0.0,0.0,1.0,1.0,1.0,2.0,2.0,2.0,3.0,4.0,inferred
Exeter,2021-05-15,0.0,0.0,0.0,0.0,0.0,0.0,1.0,1.0,1.0,1.0,2.0,3.0,4.0,inferred
Exeter,2021-05-16,0.0,0.0,0.0,0.0,1.0,1.0,1.0,2.0,2.0,2.0,2.0,3.0,5.0,inferred
Exeter,2021-05-17,0.0,0.0,0.0,1.0,1.0,1.0,1.0,2.0,2.0,3.0,3.0,4.0,5.0,inferred
Exeter,2021-05-18,0.0,0.0,0.0,1.0,1.0,1.0,1.0,2.0,2.0,2.0,3.0,4.0,5.0,inferred
Exeter,2021-05-19,0.0,0.0,1.0,1.0,1.0,1.0,2.0,2.0,3.0,3.0,3.0,4.0,6.0,inferred
Exeter,2021-05-20,0.0,0.0,1.0,1.0,1.0,1.0,2.0,2.0,3.0,3.0,3.0,4.0,6.0,inferred
Exeter,2021-05-21,0.0,0.0,0.0,1.0,1.0,1.0,1.0,2.0,2.0,2.0,3.0,4.0,5.0,inferred
Exeter,2021-05-22,0.0,0.0,0.0,0.0,1.0,1.0,1.0,1.0,2.0,2.0,2.0,3.0,5.0,inferred
Exeter,2021-05-23,0.0,0.0,0.0,1.0,1.0,1.0,2.0,2.0,2.0,3.0,3.0,4.0,6.0,inferred
Exeter,2021-05-24,0.0,0.0,1.0,1.0,1.0,2.0,2.0,2.0,3.0,3.0,4.0,4.0,6.0,inferred
Exeter,2021-05-25,0.0,0.0,1.0,1.0,1.0,1.0,2.0,2.0,3.0,3.0,3.0,4.0,6.0,inferred
Exeter,2021-05-26,0.0,0.0,1.0,1.0,1.0,2.0,2.0,3.0,3.0,4.0,4.0,5.0,7.0,inferred
Exeter,2021-05-27,0.0,0.0,1.0,1.0,1.0,2.0,2.0,3.0,3.0,4.0,4.0,5.0,7.0,inferred
Exeter,2021-05-28,0.0,0.0,1.0,1.0,1.0,2.0,2.0,2.0,3.0,3.0,4.0,4.0,6.0,inferred
Exeter,2021-05-29,0.0,0.0,1.0,1.0,1.0,1.0,2.0,2.0,2.0,3.0,3.0,4.0,5.0,inferred
Exeter,2021-05-30,0.0,1.0,1.0,1.0,1.0,2.0,2.0,3.0,3.0,4.0,4.0,5.0,7.0,inferred
Exeter,2021-05-31,0.0,1.0,2.0,2.0,2.0,3.0,3.0,4.0,4.0,5.0,5.0,6.0,9.0,inferred
Exeter,2021-06-01,0.0,1.0,1.0,2.0,2.0,2.0,3.0,3.0,4.0,4.0,5.0,6.0,8.0,inferred
Exeter,2021-06-02,0.0,1.0,2.0,3.0,3.0,3.0,4.0,5.0,5.0,6.0,6.0,8.0,10.0,inferred
Exeter,2021-06-03,0.5,2.0,2.0,3.0,3.0,4.0,4.0,5.0,6.0,6.0,7.0,8.0,10.0,inferred
Exeter,2021-06-04,1.0,2.0,2.0,3.0,3.0,4.0,4.0,5.0,5.0,6.0,6.0,7.0,10.0,inferred
Exeter,2021-06-05,0.0,1.0,2.0,2.0,2.0,3.0,4.0,4.0,5.0,5.0,5.0,7.0,9.0,inferred
Exeter,2021-06-06,1.0,2.0,3.0,4.0,4.0,5.0,5.0,6.0,7.0,7.0,8.0,9.0,12.0,inferred
Exeter,2021-06-07,2.0,4.0,5.0,5.0,6.0,7.0,8.0,8.0,9.0,10.0,10.0,12.0,15.5,inferred
Exeter,2021-06-08,2.0,4.0,5.0,5.0,6.0,7.0,7.0,8.0,9.0,10.0,10.0,12.0,15.0,inferred
Exeter,2021-06-09,4.0,6.0,7.0,8.0,9.0,9.0,10.0,11.0,12.0,13.0,14.0,16.0,19.0,inferred
Exeter,2021-06-10,5.0,7.0,8.0,9.0,9.0,10.0,11.0,12.0,13.0,14.0,15.0,16.0,19.0,inferred
Exeter,2021-06-11,5.0,6.9,8.0,9.0,9.0,10.0,11.0,12.0,13.0,13.0,14.0,16.0,19.0,inferred
Exeter,2021-06-12,4.0,5.0,7.0,7.0,8.0,9.0,9.0,10.0,12.0,12.0,13.0,15.0,18.0,inferred
Exeter,2021-06-13,7.0,9.0,11.0,12.0,12.0,14.0,15.0,16.0,17.0,18.0,19.0,21.0,24.0,inferred
Exeter,2021-06-14,11.0,14.0,16.0,17.0,18.0,19.0,21.0,22.0,24.0,25.0,26.0,28.0,33.0,inferred
Exeter,2021-06-15,11.0,14.0,16.0,17.0,18.0,19.0,20.0,21.0,23.0,24.0,24.0,27.0,32.0,inferred
Exeter,2021-06-16,16.0,20.0,22.0,23.0,24.0,25.0,27.0,28.4,30.0,31.0,33.0,35.0,41.5,inferred
Exeter,2021-06-17,17.0,20.0,23.0,24.0,25.0,26.0,28.0,30.0,32.0,33.0,34.0,37.0,43.0,inferred
Exeter,2021-06-18,15.0,19.0,22.0,23.0,24.0,26.0,27.0,29.0,31.0,32.0,33.0,36.0,41.0,inferred
Falkirk,2021-03-06,37.0,45.0,50.0,52.0,53.0,56.0,59.0,62.0,65.0,67.0,69.0,76.0,85.0,inferred
Falkirk,2021-03-07,30.0,37.0,41.0,43.0,45.0,48.0,50.0,53.0,56.0,58.0,60.0,65.1,75.0,inferred
Falkirk,2021-03-08,24.0,29.0,33.0,34.0,36.0,39.0,41.0,44.0,47.0,48.0,50.0,55.0,64.0,inferred
Falkirk,2021-03-09,24.0,31.0,35.8,37.0,39.0,41.0,43.0,46.0,49.0,51.0,52.0,58.0,67.0,inferred
Falkirk,2021-03-10,35.0,41.0,46.0,48.0,50.0,53.0,56.0,59.0,63.0,64.0,66.0,73.0,81.5,inferred
Falkirk,2021-03-11,31.0,37.0,41.0,43.0,44.0,47.0,50.0,53.0,55.0,57.0,60.0,66.0,77.0,inferred
Falkirk,2021-03-12,30.5,36.9,41.0,42.0,44.0,47.0,49.5,53.0,56.0,58.0,60.0,66.0,75.0,inferred
Falkirk,2021-03-13,25.0,32.0,36.0,37.0,39.0,42.0,45.0,48.0,51.0,53.0,54.0,60.0,68.0,inferred
Falkirk,2021-03-14,20.0,25.0,29.0,30.0,32.0,34.0,36.0,39.0,42.0,43.0,45.0,50.0,58.0,inferred
Falkirk,2021-03-15,14.0,18.0,22.0,23.0,24.0,27.0,29.0,31.0,34.0,35.0,37.0,41.0,49.0,inferred
Falkirk,2021-03-16,15.0,20.0,23.0,25.0,26.0,29.0,31.0,33.0,35.0,37.0,38.0,43.0,51.0,inferred
Falkirk,2021-03-17,23.0,28.0,33.0,34.0,36.0,38.0,41.0,44.0,47.0,48.2,50.0,56.0,67.0,inferred
Falkirk,2021-03-18,21.0,27.0,30.0,32.0,33.0,35.0,38.0,41.0,44.0,46.0,47.0,53.0,62.0,inferred
Falkirk,2021-03-19,21.5,27.0,32.0,33.0,35.0,38.0,40.5,43.0,46.0,48.0,50.0,55.0,64.5,inferred
Falkirk,2021-03-20,20.5,26.0,30.0,31.0,33.0,35.0,38.0,40.0,43.0,45.0,47.0,52.0,61.0,inferred
Falkirk,2021-03-21,16.0,21.0,25.0,26.0,28.0,30.0,33.0,35.0,38.0,39.0,41.0,46.0,53.0,inferred
Falkirk,2021-03-22,13.0,17.0,20.0,21.0,23.0,25.0,27.0,29.0,31.0,33.0,34.0,39.0,47.0,inferred
Falkirk,2021-03-23,14.0,18.0,22.0,23.0,24.0,27.0,29.0,31.0,34.0,36.0,37.0,42.0,51.0,inferred
Falkirk,2021-03-24,23.0,28.0,33.0,34.0,36.0,38.0,41.0,43.0,46.0,48.0,51.0,56.0,64.0,inferred
Falkirk,2021-03-25,22.5,28.0,32.0,33.0,35.0,38.0,40.0,43.0,46.0,48.0,50.0,56.0,64.0,inferred
Falkirk,2021-03-26,25.0,31.0,35.0,36.0,38.0,41.0,44.0,46.0,50.0,52.0,54.0,60.0,68.5,inferred
Falkirk,2021-03-27,24.0,30.0,34.0,36.0,37.0,40.0,42.0,45.0,48.0,50.0,52.0,57.0,65.5,inferred
Falkirk,2021-03-28,20.0,26.0,30.0,31.0,33.0,36.0,38.0,40.0,43.0,45.0,47.0,52.0,61.0,inferred
Falkirk,2021-03-29,17.0,22.0,25.0,27.0,28.0,30.0,32.0,35.0,38.0,40.0,41.0,46.0,54.0,inferred
Falkirk,2021-03-30,18.0,23.0,26.0,28.0,29.0,32.0,34.0,37.0,40.0,41.0,43.0,48.0,57.0,inferred
Falkirk,2021-03-31,25.0,32.0,36.0,38.0,39.0,42.0,45.0,48.0,51.0,53.0,55.0,61.0,70.0,inferred
Falkirk,2021-04-01,22.0,29.0,33.0,34.0,35.0,38.0,41.0,44.0,47.0,48.0,50.0,55.0,65.5,inferred
Falkirk,2021-04-02,23.0,29.0,33.0,35.0,36.0,39.0,41.0,44.0,47.0,48.0,50.0,55.1,64.0,inferred
Falkirk,2021-04-03,19.0,24.0,28.0,30.0,31.0,34.0,36.0,39.0,41.0,43.0,45.0,50.0,57.0,inferred
Falkirk,2021-04-04,15.0,20.0,23.0,24.0,25.0,28.0,30.0,32.0,34.0,36.0,38.0,43.0,51.0,inferred
Falkirk,2021-04-05,10.0,14.0,17.0,18.0,19.0,22.0,23.0,26.0,28.0,29.0,31.0,34.0,41.0,inferred
Falkirk,2021-04-06,11.0,15.0,18.0,19.0,20.0,22.0,24.0,26.0,29.0,30.0,32.0,36.1,43.0,inferred
Falkirk,2021-04-07,15.0,20.0,23.8,25.0,26.0,29.0,31.0,33.0,35.0,37.0,39.0,43.1,52.0,inferred
Falkirk,2021-04-08,13.0,17.0,21.0,22.0,23.0,25.0,27.0,30.0,32.0,34.0,35.0,40.0,47.0,inferred
Falkirk,2021-04-09,13.0,18.0,20.0,22.0,23.0,25.0,27.0,30.0,32.0,33.0,35.0,40.0,47.0,inferred
Falkirk,2021-04-10,10.5,15.0,18.0,19.0,20.0,22.0,24.0,26.0,29.0,30.0,31.0,35.0,42.0,inferred
Falkirk,2021-04-11,8.0,11.0,14.0,14.0,15.0,17.0,19.0,21.0,23.0,24.0,26.0,30.0,36.0,inferred
Falkirk,2021-04-12,5.0,8.0,10.0,11.0,11.0,13.0,15.0,16.0,18.0,19.0,20.0,23.0,29.0,inferred
Falkirk,2021-04-13,5.0,8.0,10.0,11.0,12.0,14.0,15.0,17.0,19.0,20.0,21.0,24.0,30.0,inferred
Falkirk,2021-04-14,7.0,11.0,14.0,15.0,16.0,18.0,20.0,21.0,23.0,24.0,26.0,30.0,36.0,inferred
Falkirk,2021-04-15,6.0,10.0,12.0,13.0,14.0,16.0,17.0,19.0,21.0,22.0,23.0,27.0,33.0,inferred
Falkirk,2021-04-16,7.0,10.0,12.0,13.0,14.0,16.0,17.0,19.0,21.0,22.0,23.0,27.0,34.0,inferred
Falkirk,2021-04-17,5.0,8.0,10.0,11.0,12.0,14.0,16.0,17.0,19.0,20.0,21.0,25.0,31.0,inferred
Falkirk,2021-04-18,4.0,6.0,8.0,9.0,10.0,11.0,13.0,14.0,16.0,16.0,17.0,21.0,27.0,inferred
Falkirk,2021-04-19,2.0,4.0,6.0,7.0,7.0,9.0,10.0,11.0,13.0,14.0,15.0,18.0,23.5,inferred
Falkirk,2021-04-20,3.0,5.0,6.0,7.0,8.0,9.0,10.0,12.0,13.0,14.0,15.0,19.0,23.0,inferred
Falkirk,2021-04-21,4.0,7.0,9.0,10.0,11.0,12.0,14.0,15.0,17.0,18.0,19.0,23.0,27.5,inferred
Falkirk,2021-04-22,3.5,6.0,8.0,9.0,9.0,11.0,12.0,13.0,15.0,16.0,17.0,20.0,26.0,inferred
Falkirk,2021-04-23,4.0,6.0,8.0,9.0,9.0,11.0,12.0,14.0,16.0,17.0,18.0,21.0,26.0,inferred
Falkirk,2021-04-24,3.0,5.0,7.0,8.0,8.0,10.0,11.0,12.0,14.0,15.0,16.0,19.0,25.5,inferred
Falkirk,2021-04-25,2.0,4.0,5.0,6.0,7.0,8.0,9.0,10.0,12.0,13.0,14.0,16.0,20.0,inferred
Falkirk,2021-04-26,1.0,3.0,4.0,4.0,5.0,6.0,7.0,8.0,9.0,10.0,11.0,13.0,18.0,inferred
Falkirk,2021-04-27,1.0,3.0,4.0,5.0,5.0,7.0,8.0,9.0,10.0,11.0,12.0,14.0,18.5,inferred
Falkirk,2021-04-28,2.0,5.0,6.0,7.0,8.0,9.0,10.0,12.0,14.0,15.0,16.0,18.0,24.0,inferred
Falkirk,2021-04-29,2.0,4.0,6.0,7.0,7.0,9.0,10.0,11.0,13.0,14.0,15.0,18.0,24.0,inferred
Falkirk,2021-04-30,3.0,5.0,6.0,7.0,8.0,9.0,10.0,12.0,13.0,14.0,16.0,19.0,24.0,inferred
Falkirk,2021-05-01,2.0,4.0,6.0,7.0,7.0,9.0,10.0,11.0,13.0,14.0,15.0,18.0,23.0,inferred
Falkirk,2021-05-02,2.0,4.0,5.0,6.0,6.0,7.0,9.0,10.0,11.0,12.0,13.0,16.0,21.0,inferred
Falkirk,2021-05-03,1.0,3.0,4.0,5.0,5.0,6.0,7.0,8.0,10.0,11.0,11.0,14.0,19.0,inferred
Falkirk,2021-05-04,1.0,3.0,4.0,5.0,6.0,7.0,8.0,9.0,11.0,11.0,12.0,15.0,20.0,inferred
Falkirk,2021-05-05,3.0,5.0,7.0,8.0,8.0,10.0,11.0,12.0,14.0,15.0,16.0,20.0,25.0,inferred
Falkirk,2021-05-06,3.0,5.0,7.0,8.0,8.0,10.0,11.0,12.0,14.0,15.0,16.0,19.0,24.0,inferred
Falkirk,2021-05-07,3.0,5.0,7.0,8.0,9.0,10.0,12.0,13.0,14.0,15.0,16.0,20.0,25.0,inferred
Falkirk,2021-05-08,3.0,5.0,7.0,8.0,9.0,10.0,11.0,12.4,14.0,15.0,17.0,20.0,25.0,inferred
Falkirk,2021-05-09,2.0,4.0,6.0,7.0,8.0,9.0,10.0,11.0,13.0,14.0,15.0,17.0,22.0,inferred
Falkirk,2021-05-10,2.0,3.0,5.0,6.0,6.0,7.0,8.0,10.0,11.0,12.0,13.0,16.0,21.0,inferred
Falkirk,2021-05-11,2.0,4.0,6.0,7.0,7.0,8.0,9.0,11.0,12.0,13.0,14.0,17.0,23.0,inferred
Falkirk,2021-05-12,4.0,7.0,9.0,10.0,10.7,12.0,14.0,15.0,17.0,18.0,19.0,23.0,29.0,inferred
Falkirk,2021-05-13,4.0,6.9,9.0,10.0,10.0,12.0,14.0,15.0,17.0,18.0,20.0,23.0,29.0,inferred
Falkirk,2021-05-14,5.0,8.0,10.0,11.0,12.0,13.6,15.0,17.0,19.0,20.0,21.0,25.0,30.0,inferred
Falkirk,2021-05-15,5.0,8.0,10.0,11.0,12.0,14.0,15.0,17.0,19.0,20.0,21.0,24.0,31.0,inferred
Falkirk,2021-05-16,5.0,7.0,9.0,10.0,11.0,13.0,14.0,16.0,17.0,18.0,20.0,23.0,29.0,inferred
Falkirk,2021-05-17,3.0,6.0,8.0,9.0,9.0,11.0,12.0,14.0,15.0,16.0,18.0,21.0,26.5,inferred
Falkirk,2021-05-18,4.5,7.0,10.0,11.0,11.0,13.0,14.0,16.0,18.0,19.0,20.0,24.0,30.0,inferred
Falkirk,2021-05-19,8.0,12.0,15.0,16.0,17.0,19.0,21.0,23.0,25.0,26.0,27.0,32.0,38.5,inferred
Falkirk,2021-05-20,8.0,12.0,14.0,15.0,16.0,18.6,20.0,22.0,25.0,26.0,28.0,31.0,38.0,inferred
Falkirk,2021-05-21,10.0,14.0,16.8,18.0,19.0,20.6,22.5,24.0,26.0,28.0,29.0,33.0,39.0,inferred
Falkirk,2021-05-22,9.5,13.0,16.0,17.0,18.0,20.0,22.0,24.0,26.0,27.0,29.0,33.0,40.5,inferred
Falkirk,2021-05-23,8.0,12.0,14.0,15.0,16.0,18.0,20.0,22.0,24.0,26.0,27.0,30.1,36.0,inferred
Falkirk,2021-05-24,7.0,10.0,12.0,13.0,14.0,16.0,18.0,20.0,22.0,23.0,24.0,28.0,34.0,inferred
Falkirk,2021-05-25,8.0,12.0,14.0,15.0,16.0,18.0,20.0,21.0,24.0,25.0,27.0,30.1,38.0,inferred
Falkirk,2021-05-26,14.0,18.0,21.0,22.0,23.0,26.0,27.0,30.0,32.0,34.0,35.0,40.0,47.0,inferred
Falkirk,2021-05-27,12.5,17.0,21.0,22.0,23.0,25.0,27.0,30.0,32.0,34.0,36.0,40.0,47.0,inferred
Falkirk,2021-05-28,14.0,20.0,23.0,24.0,25.0,28.0,30.0,32.0,35.0,36.0,38.0,43.0,50.0,inferred
Falkirk,2021-05-29,13.0,18.9,22.0,24.0,25.0,27.0,29.0,31.0,34.0,35.0,37.0,42.0,48.0,inferred
Falkirk,2021-05-30,12.0,17.0,20.0,21.0,22.0,24.0,26.0,28.0,31.0,32.0,34.0,38.0,45.0,inferred
Falkirk,2021-05-31,11.0,14.0,17.0,18.0,19.0,21.0,23.0,25.0,27.0,28.0,29.0,33.0,41.0,inferred
Falkirk,2021-06-01,12.0,16.0,19.0,20.0,21.0,23.0,25.0,28.0,30.0,31.0,33.0,38.0,45.0,inferred
Falkirk,2021-06-02,19.0,24.0,27.0,29.0,30.0,33.0,35.0,38.0,41.0,42.0,44.0,50.0,59.5,inferred
Falkirk,2021-06-03,17.0,23.0,27.0,28.0,29.0,32.0,34.0,37.0,39.0,41.0,42.0,48.0,56.0,inferred
Falkirk,2021-06-04,19.0,25.0,29.0,31.0,32.0,34.0,37.0,39.0,42.0,44.0,46.0,51.0,61.0,inferred
Falkirk,2021-06-05,18.0,23.0,27.0,29.0,30.0,32.0,35.0,37.0,41.0,42.2,44.0,49.0,57.5,inferred
Falkirk,2021-06-06,15.0,20.0,23.0,25.0,26.0,28.0,31.0,33.0,36.0,37.0,39.0,44.0,52.5,inferred
Falkirk,2021-06-07,12.0,16.0,19.0,20.0,21.0,23.0,25.0,28.0,30.0,32.0,33.0,38.0,45.0,inferred
Falkirk,2021-06-08,14.0,18.0,21.0,22.0,23.7,26.0,28.0,30.0,33.0,34.0,36.0,40.0,48.0,inferred
Falkirk,2021-06-09,21.0,27.0,31.0,32.0,34.0,36.0,39.0,41.0,45.0,46.0,48.0,54.0,63.5,inferred
Falkirk,2021-06-10,21.0,26.0,30.0,31.0,33.0,35.0,38.0,40.0,43.0,45.0,46.2,52.0,62.0,inferred
Falkirk,2021-06-11,23.0,29.0,33.0,34.0,35.0,38.0,41.0,44.0,47.0,49.0,51.0,57.0,65.5,inferred
Falkirk,2021-06-12,22.0,28.0,32.0,33.0,34.0,37.0,40.0,43.0,46.0,48.0,50.0,56.0,65.0,inferred
Falkirk,2021-06-13,18.0,24.0,27.0,28.0,30.0,33.0,36.0,38.0,41.0,43.0,44.0,49.0,58.0,inferred
Falkirk,2021-06-14,15.0,19.0,23.0,24.0,26.0,28.0,30.0,32.0,35.0,36.0,38.0,43.0,51.0,inferred
Falkirk,2021-06-15,17.0,22.0,26.0,27.0,29.0,31.0,34.0,36.0,39.0,41.0,42.0,48.0,56.0,inferred
Falkirk,2021-06-16,26.0,32.0,37.0,38.0,40.0,43.0,45.0,48.0,51.0,53.0,56.0,62.0,71.0,inferred
Falkirk,2021-06-17,24.0,30.0,34.0,36.0,37.0,40.0,43.0,46.0,49.0,51.0,53.0,59.0,68.0,inferred
Falkirk,2021-06-18,23.0,32.0,36.0,38.0,39.0,43.0,46.0,49.0,53.0,55.0,57.0,64.0,74.0,inferred
Fareham,2021-03-06,1.0,3.0,4.0,4.0,5.0,5.0,6.0,7.0,8.0,8.0,9.0,10.0,13.0,inferred
Fareham,2021-03-07,2.0,3.0,5.0,5.0,5.0,6.0,7.0,8.0,9.0,9.0,10.0,12.0,15.0,inferred
Fareham,2021-03-08,3.0,4.0,6.0,6.0,7.0,8.0,9.0,9.0,10.0,11.0,12.0,14.0,17.0,inferred
Fareham,2021-03-09,2.0,4.0,5.0,6.0,6.0,7.0,8.0,9.0,10.0,10.0,11.0,13.0,16.0,inferred
Fareham,2021-03-10,2.0,4.0,5.0,5.0,6.0,7.0,8.0,9.0,10.0,10.0,11.0,13.0,16.0,inferred
Fareham,2021-03-11,2.0,3.0,4.0,5.0,5.0,6.0,7.0,8.0,9.0,9.0,10.0,12.0,15.0,inferred
Fareham,2021-03-12,1.0,2.0,3.0,4.0,4.0,5.0,6.0,7.0,7.0,8.0,9.0,10.0,13.0,inferred
Fareham,2021-03-13,1.0,2.0,2.0,3.0,3.0,4.0,4.0,5.0,6.0,6.0,7.0,8.0,11.0,inferred
Fareham,2021-03-14,1.0,2.0,3.0,3.0,4.0,4.0,5.0,6.0,7.0,7.0,8.0,10.0,13.0,inferred
Fareham,2021-03-15,1.0,3.0,4.0,4.0,5.0,5.0,6.0,7.0,8.0,8.0,9.0,11.0,13.0,inferred
Fareham,2021-03-16,1.0,2.0,3.0,4.0,4.0,5.0,5.0,6.0,7.0,8.0,9.0,10.0,13.0,inferred
Fareham,2021-03-17,1.0,2.0,3.0,4.0,4.0,5.0,6.0,7.0,8.0,8.0,9.0,10.0,13.0,inferred
Fareham,2021-03-18,1.0,2.0,3.0,3.0,4.0,4.0,5.0,6.0,7.0,7.0,8.0,9.1,13.0,inferred
Fareham,2021-03-19,0.0,1.0,2.0,3.0,3.0,4.0,4.0,5.0,6.0,6.0,7.0,8.0,10.0,inferred
Fareham,2021-03-20,0.0,1.0,2.0,2.0,2.0,3.0,3.0,4.0,5.0,5.0,6.0,7.0,9.0,inferred
Fareham,2021-03-21,0.0,1.0,2.0,2.0,3.0,3.0,4.0,5.0,5.0,6.0,6.0,8.0,10.5,inferred
Fareham,2021-03-22,1.0,2.0,3.0,3.0,4.0,4.0,5.0,6.0,7.0,7.0,8.0,9.0,12.0,inferred
Fareham,2021-03-23,0.5,2.0,3.0,3.0,3.0,4.0,5.0,5.0,6.0,7.0,7.0,9.0,11.0,inferred
Fareham,2021-03-24,1.0,2.0,2.0,3.0,3.0,4.0,4.0,5.0,6.0,7.0,7.0,9.0,11.0,inferred
Fareham,2021-03-25,0.0,1.0,2.0,2.0,3.0,3.0,4.0,5.0,5.0,6.0,6.0,8.0,10.0,inferred
Fareham,2021-03-26,0.0,1.0,2.0,2.0,2.0,3.0,3.0,4.0,4.0,5.0,5.0,7.0,9.0,inferred
Fareham,2021-03-27,0.0,0.0,1.0,1.0,2.0,2.0,3.0,3.0,4.0,4.0,4.0,5.0,8.0,inferred
Fareham,2021-03-28,0.0,0.0,1.0,1.0,2.0,2.0,3.0,3.0,4.0,4.0,5.0,6.0,8.0,inferred
Fareham,2021-03-29,0.0,1.0,1.0,2.0,2.0,2.0,3.0,4.0,4.0,5.0,5.0,7.0,9.0,inferred
Fareham,2021-03-30,0.0,1.0,1.0,1.0,2.0,2.0,3.0,3.0,4.0,4.0,5.0,6.0,9.0,inferred
Fareham,2021-03-31,0.0,1.0,1.0,1.0,2.0,2.0,3.0,3.0,4.0,4.0,5.0,6.0,8.0,inferred
Fareham,2021-04-01,0.0,0.0,1.0,1.0,1.0,2.0,2.0,3.0,4.0,4.0,4.0,6.0,8.0,inferred
Fareham,2021-04-02,0.0,0.0,1.0,1.0,1.0,1.0,2.0,2.0,3.0,3.0,4.0,5.0,7.0,inferred
Fareham,2021-04-03,0.0,0.0,0.0,0.0,1.0,1.0,1.0,2.0,2.0,3.0,3.0,4.0,6.0,inferred
Fareham,2021-04-04,0.0,0.0,0.0,1.0,1.0,1.0,2.0,2.0,3.0,3.0,3.0,5.0,7.0,inferred
Fareham,2021-04-05,0.0,0.0,1.0,1.0,1.0,1.0,2.0,2.0,3.0,3.0,4.0,5.0,7.0,inferred
Fareham,2021-04-06,0.0,0.0,1.0,1.0,1.0,1.0,2.0,2.0,3.0,3.0,4.0,5.0,7.0,inferred
Fareham,2021-04-07,0.0,0.0,1.0,1.0,1.0,2.0,2.0,2.0,3.0,3.0,4.0,5.0,7.0,inferred
Fareham,2021-04-08,0.0,0.0,0.0,1.0,1.0,1.0,2.0,2.0,3.0,3.0,3.0,4.0,6.0,inferred
Fareham,2021-04-09,0.0,0.0,0.0,0.0,1.0,1.0,1.0,2.0,2.0,3.0,3.0,4.0,6.0,inferred
Fareham,2021-04-10,0.0,0.0,0.0,0.0,0.0,1.0,1.0,1.0,2.0,2.0,2.0,3.0,5.0,inferred
Fareham,2021-04-11,0.0,0.0,0.0,0.0,1.0,1.0,1.0,2.0,2.0,2.0,3.0,4.0,6.0,inferred
Fareham,2021-04-12,0.0,0.0,0.0,1.0,1.0,1.0,1.0,2.0,2.0,3.0,3.0,4.0,6.0,inferred
Fareham,2021-04-13,0.0,0.0,0.0,0.0,1.0,1.0,1.0,2.0,2.0,3.0,3.0,4.0,6.0,inferred
Fareham,2021-04-14,0.0,0.0,0.0,0.0,1.0,1.0,1.0,2.0,2.0,3.0,3.0,4.0,5.5,inferred
Fareham,2021-04-15,0.0,0.0,0.0,0.0,1.0,1.0,1.0,2.0,2.0,3.0,3.0,4.0,5.0,inferred
Fareham,2021-04-16,0.0,0.0,0.0,0.0,0.0,1.0,1.0,1.0,2.0,2.0,3.0,3.0,5.0,inferred
Fareham,2021-04-17,0.0,0.0,0.0,0.0,0.0,1.0,1.0,1.0,2.0,2.0,2.0,3.0,5.0,inferred
Fareham,2021-04-18,0.0,0.0,0.0,0.0,0.0,1.0,1.0,2.0,2.0,2.0,3.0,3.1,5.5,inferred
Fareham,2021-04-19,0.0,0.0,0.0,1.0,1.0,1.0,1.0,2.0,2.0,3.0,3.0,4.0,6.0,inferred
Fareham,2021-04-20,0.0,0.0,0.0,1.0,1.0,1.0,1.0,2.0,2.0,3.0,3.0,4.0,6.0,inferred
Fareham,2021-04-21,0.0,0.0,0.0,1.0,1.0,1.0,2.0,2.0,3.0,3.0,3.0,4.0,6.0,inferred
Fareham,2021-04-22,0.0,0.0,0.0,1.0,1.0,1.0,1.0,2.0,2.0,3.0,3.0,4.0,6.0,inferred
Fareham,2021-04-23,0.0,0.0,0.0,0.0,1.0,1.0,1.0,2.0,2.0,2.0,3.0,4.0,6.0,inferred
Fareham,2021-04-24,0.0,0.0,0.0,0.0,0.0,1.0,1.0,1.0,2.0,2.0,2.0,3.0,5.0,inferred
Fareham,2021-04-25,0.0,0.0,0.0,0.0,0.0,1.0,1.0,2.0,2.0,2.0,3.0,4.0,5.0,inferred
Fareham,2021-04-26,0.0,0.0,0.0,1.0,1.0,1.0,2.0,2.0,2.0,3.0,3.0,4.0,6.0,inferred
Fareham,2021-04-27,0.0,0.0,0.0,0.0,1.0,1.0,1.0,2.0,2.0,3.0,3.0,4.0,6.0,inferred
Fareham,2021-04-28,0.0,0.0,0.0,0.0,1.0,1.0,1.0,2.0,2.0,3.0,3.0,4.0,6.0,inferred
Fareham,2021-04-29,0.0,0.0,0.0,0.0,1.0,1.0,1.0,2.0,2.0,2.0,3.0,4.0,6.0,inferred
Fareham,2021-04-30,0.0,0.0,0.0,0.0,0.0,1.0,1.0,1.0,2.0,2.0,2.0,3.0,5.0,inferred
Fareham,2021-05-01,0.0,0.0,0.0,0.0,0.0,0.0,1.0,1.0,1.0,2.0,2.0,3.0,5.0,inferred
Fareham,2021-05-02,0.0,0.0,0.0,0.0,0.0,1.0,1.0,1.0,2.0,2.0,2.0,3.0,5.0,inferred
Fareham,2021-05-03,0.0,0.0,0.0,0.0,0.0,1.0,1.0,1.0,2.0,2.0,3.0,4.0,5.0,inferred
Fareham,2021-05-04,0.0,0.0,0.0,0.0,0.0,1.0,1.0,1.0,2.0,2.0,3.0,4.0,5.0,inferred
Fareham,2021-05-05,0.0,0.0,0.0,0.0,0.0,1.0,1.0,2.0,2.0,2.0,3.0,4.0,6.0,inferred
Fareham,2021-05-06,0.0,0.0,0.0,0.0,0.0,1.0,1.0,1.0,2.0,2.0,2.0,3.0,5.0,inferred
Fareham,2021-05-07,0.0,0.0,0.0,0.0,0.0,0.0,1.0,1.0,2.0,2.0,2.0,3.0,5.0,inferred
Fareham,2021-05-08,0.0,0.0,0.0,0.0,0.0,0.0,1.0,1.0,1.0,1.0,2.0,3.0,4.0,inferred
Fareham,2021-05-09,0.0,0.0,0.0,0.0,0.0,0.6,1.0,1.0,2.0,2.0,2.0,3.0,5.0,inferred
Fareham,2021-05-10,0.0,0.0,0.0,0.0,0.0,1.0,1.0,1.0,2.0,2.0,2.0,3.0,5.0,inferred
Fareham,2021-05-11,0.0,0.0,0.0,0.0,0.0,1.0,1.0,1.0,2.0,2.0,2.0,3.0,5.0,inferred
Fareham,2021-05-12,0.0,0.0,0.0,0.0,0.0,1.0,1.0,1.0,2.0,2.0,2.0,3.0,5.0,inferred
Fareham,2021-05-13,0.0,0.0,0.0,0.0,0.0,1.0,1.0,1.0,2.0,2.0,2.0,3.0,5.0,inferred
Fareham,2021-05-14,0.0,0.0,0.0,0.0,0.0,0.0,1.0,1.0,1.0,2.0,2.0,3.0,5.0,inferred
Fareham,2021-05-15,0.0,0.0,0.0,0.0,0.0,0.0,1.0,1.0,1.0,1.0,2.0,3.0,4.0,inferred
Fareham,2021-05-16,0.0,0.0,0.0,0.0,0.0,1.0,1.0,1.0,2.0,2.0,2.0,3.0,5.0,inferred
Fareham,2021-05-17,0.0,0.0,0.0,0.0,0.0,1.0,1.0,1.0,2.0,2.0,2.0,3.0,5.0,inferred
Fareham,2021-05-18,0.0,0.0,0.0,0.0,0.0,1.0,1.0,1.0,2.0,2.0,2.0,3.0,5.0,inferred
Fareham,2021-05-19,0.0,0.0,0.0,0.0,0.0,1.0,1.0,2.0,2.0,2.0,3.0,4.0,6.0,inferred
Fareham,2021-05-20,0.0,0.0,0.0,0.0,0.0,1.0,1.0,1.0,2.0,2.0,3.0,4.0,5.0,inferred
Fareham,2021-05-21,0.0,0.0,0.0,0.0,0.0,1.0,1.0,1.0,2.0,2.0,2.0,3.0,5.0,inferred
Fareham,2021-05-22,0.0,0.0,0.0,0.0,0.0,0.0,1.0,1.0,1.0,2.0,2.0,3.0,5.0,inferred
Fareham,2021-05-23,0.0,0.0,0.0,0.0,0.0,1.0,1.0,1.0,2.0,2.0,2.0,3.0,5.0,inferred
Fareham,2021-05-24,0.0,0.0,0.0,0.0,1.0,1.0,1.0,2.0,2.0,2.0,3.0,4.0,5.0,inferred
Fareham,2021-05-25,0.0,0.0,0.0,0.0,1.0,1.0,1.0,2.0,2.0,2.0,3.0,4.0,6.0,inferred
Fareham,2021-05-26,0.0,0.0,0.0,1.0,1.0,1.0,1.0,2.0,3.0,3.0,3.0,4.0,6.0,inferred
Fareham,2021-05-27,0.0,0.0,0.0,1.0,1.0,1.0,1.0,2.0,2.0,3.0,3.0,4.0,6.0,inferred
Fareham,2021-05-28,0.0,0.0,0.0,0.0,1.0,1.0,1.0,2.0,2.0,2.0,3.0,4.0,5.0,inferred
Fareham,2021-05-29,0.0,0.0,0.0,0.0,0.0,1.0,1.0,1.0,2.0,2.0,3.0,3.0,5.0,inferred
Fareham,2021-05-30,0.0,0.0,0.0,0.0,1.0,1.0,1.0,2.0,2.0,3.0,3.0,4.0,6.0,inferred
Fareham,2021-05-31,0.0,0.0,0.8,1.0,1.0,1.0,2.0,2.0,3.0,3.0,4.0,5.0,7.0,inferred
Fareham,2021-06-01,0.0,0.0,0.0,1.0,1.0,1.0,2.0,2.0,3.0,3.0,3.0,4.0,6.0,inferred
Fareham,2021-06-02,0.0,0.0,1.0,1.0,1.0,1.6,2.0,2.0,3.0,3.0,4.0,5.0,7.0,inferred
Fareham,2021-06-03,0.0,0.0,1.0,1.0,1.0,1.0,2.0,2.0,3.0,3.0,4.0,5.0,7.0,inferred
Fareham,2021-06-04,0.0,0.0,0.0,1.0,1.0,1.0,2.0,2.0,3.0,3.0,3.0,4.0,6.0,inferred
Fareham,2021-06-05,0.0,0.0,0.0,0.0,1.0,1.0,1.0,2.0,2.0,2.0,3.0,4.0,6.0,inferred
Fareham,2021-06-06,0.0,0.0,1.0,1.0,1.0,1.0,2.0,2.0,3.0,3.0,3.0,4.0,7.0,inferred
Fareham,2021-06-07,0.0,0.0,1.0,1.0,1.0,2.0,2.0,3.0,3.0,4.0,4.0,6.0,8.0,inferred
Fareham,2021-06-08,0.0,0.0,1.0,1.0,2.0,2.0,2.0,3.0,4.0,4.0,4.0,6.0,8.0,inferred
Fareham,2021-06-09,0.0,1.0,1.0,2.0,2.0,2.0,3.0,3.0,4.0,4.0,5.0,6.0,9.0,inferred
Fareham,2021-06-10,0.0,1.0,1.0,1.0,2.0,2.0,3.0,3.0,4.0,4.0,5.0,6.0,9.0,inferred
Fareham,2021-06-11,0.0,1.0,1.0,1.0,2.0,2.0,3.0,3.0,4.0,4.0,5.0,6.0,9.0,inferred
Fareham,2021-06-12,0.0,0.0,1.0,1.0,2.0,2.0,2.5,3.0,4.0,4.0,4.2,6.0,8.0,inferred
Fareham,2021-06-13,0.0,1.0,2.0,2.0,2.0,3.0,3.0,4.0,5.0,5.0,6.0,7.0,10.0,inferred
Fareham,2021-06-14,0.0,2.0,3.0,3.0,3.0,4.0,5.0,5.0,6.0,7.0,7.0,9.0,12.0,inferred
Fareham,2021-06-15,1.0,2.0,3.0,3.0,4.0,5.0,5.0,6.0,7.0,8.0,8.0,10.0,13.0,inferred
Fareham,2021-06-16,1.0,3.0,4.0,4.0,4.0,5.0,6.0,7.0,8.0,8.0,9.0,11.0,14.0,inferred
Fareham,2021-06-17,1.0,3.0,4.0,4.0,5.0,5.0,6.0,7.0,8.0,9.0,9.0,11.0,14.0,inferred
Fareham,2021-06-18,1.0,2.0,3.0,4.0,4.0,5.0,6.0,7.0,8.0,8.0,9.0,11.0,14.0,inferred
Fenland,2021-03-06,5.0,7.0,9.0,9.0,10.0,11.0,12.0,13.0,15.0,15.0,16.0,19.0,22.0,inferred
Fenland,2021-03-07,7.0,9.0,11.0,12.0,12.0,13.0,15.0,16.0,17.0,18.0,19.0,21.0,26.0,inferred
Fenland,2021-03-08,8.0,12.0,13.0,14.0,15.0,16.0,18.0,19.0,21.0,22.0,22.0,26.0,30.0,inferred
Fenland,2021-03-09,8.0,11.0,13.0,14.0,14.0,16.0,17.0,18.0,20.0,21.0,22.0,24.0,29.0,inferred
Fenland,2021-03-10,8.0,11.0,14.0,14.0,15.0,17.0,18.0,19.0,21.0,21.0,22.0,25.0,28.5,inferred
Fenland,2021-03-11,7.0,10.0,12.0,13.0,14.0,15.0,16.0,18.0,19.0,20.0,21.0,24.0,28.0,inferred
Fenland,2021-03-12,6.0,8.0,10.0,11.0,12.0,13.0,14.0,15.0,17.0,18.0,19.0,21.0,25.5,inferred
Fenland,2021-03-13,5.0,7.0,8.0,9.0,9.0,11.0,12.0,13.0,14.0,15.0,16.0,18.0,22.0,inferred
Fenland,2021-03-14,6.0,8.0,10.0,10.0,11.0,12.0,13.0,15.0,16.0,17.0,18.0,20.0,24.0,inferred
Fenland,2021-03-15,8.0,11.0,12.0,13.0,14.0,15.0,16.0,17.0,19.0,20.0,21.0,24.0,29.0,inferred
Fenland,2021-03-16,7.0,9.0,11.0,12.0,13.0,14.0,16.0,17.0,18.0,19.0,20.0,22.0,27.0,inferred
Fenland,2021-03-17,8.0,10.0,12.0,13.0,13.0,15.0,16.0,17.0,19.0,20.0,21.0,24.0,28.0,inferred
Fenland,2021-03-18,6.0,9.0,11.0,11.0,12.0,14.0,15.0,16.0,17.0,18.0,19.0,22.0,26.5,inferred
Fenland,2021-03-19,4.0,7.0,9.0,10.0,10.0,12.0,13.0,14.0,15.0,16.0,17.0,19.0,23.0,inferred
Fenland,2021-03-20,3.0,5.0,7.0,7.0,8.0,9.0,10.0,11.0,12.0,13.0,14.0,16.0,19.0,inferred
Fenland,2021-03-21,4.0,6.0,8.0,8.0,9.0,10.0,11.0,12.0,13.0,14.0,15.0,17.0,21.0,inferred
Fenland,2021-03-22,5.0,8.0,10.0,10.0,11.0,12.0,13.0,14.0,16.0,17.0,18.0,20.0,25.0,inferred
Fenland,2021-03-23,5.0,7.0,9.0,9.0,10.0,11.0,12.0,13.0,15.0,15.0,16.0,19.0,23.5,inferred
Fenland,2021-03-24,5.0,7.0,9.0,9.0,10.0,11.0,12.0,13.0,15.0,16.0,17.0,19.0,23.0,inferred
Fenland,2021-03-25,4.0,6.0,7.0,8.0,9.0,10.0,11.0,12.0,13.0,14.0,15.0,18.0,22.0,inferred
Fenland,2021-03-26,3.0,5.0,6.0,7.0,7.0,8.0,9.0,10.0,11.0,12.0,13.0,15.0,20.0,inferred
Fenland,2021-03-27,2.0,3.0,5.0,5.0,5.0,6.0,7.0,8.0,9.0,10.0,11.0,12.0,16.0,inferred
Fenland,2021-03-28,2.0,4.0,5.0,5.0,6.0,7.0,8.0,9.0,10.0,10.0,11.0,13.0,16.0,inferred
Fenland,2021-03-29,3.0,5.0,6.0,7.0,7.0,8.0,9.0,10.0,12.0,12.0,13.0,15.0,19.0,inferred
Fenland,2021-03-30,3.0,5.0,6.0,6.0,7.0,8.0,9.0,10.0,11.0,12.0,12.0,15.0,18.0,inferred
Fenland,2021-03-31,3.0,5.0,6.0,6.0,7.0,8.0,9.0,10.0,11.0,12.0,12.0,15.0,18.0,inferred
Fenland,2021-04-01,2.0,4.0,5.0,6.0,6.0,7.0,8.0,9.0,10.0,11.0,12.0,14.0,17.0,inferred
Fenland,2021-04-02,2.0,3.0,5.0,5.0,5.0,6.0,7.0,8.0,9.0,10.0,10.0,12.0,16.0,inferred
Fenland,2021-04-03,1.0,3.0,4.0,4.0,4.0,5.0,6.0,7.0,8.0,8.0,9.0,11.0,14.0,inferred
Fenland,2021-04-04,2.0,3.0,4.0,4.0,5.0,6.0,6.0,7.0,8.0,9.0,10.0,11.0,15.0,inferred
Fenland,2021-04-05,2.0,4.0,5.0,6.0,6.0,7.0,8.0,9.0,10.0,11.0,12.0,14.0,17.0,inferred
Fenland,2021-04-06,2.0,4.0,5.0,5.0,6.0,7.0,8.0,8.0,9.0,10.0,11.0,13.0,16.0,inferred
Fenland,2021-04-07,2.0,4.0,5.0,6.0,6.0,7.0,8.0,9.0,10.0,11.0,12.0,14.0,17.0,inferred
Fenland,2021-04-08,2.0,3.0,4.0,5.0,5.0,6.0,7.0,8.0,9.0,10.0,11.0,13.0,16.0,inferred
Fenland,2021-04-09,1.5,3.0,4.0,4.8,5.0,6.0,6.0,7.0,8.0,9.0,9.2,11.0,15.0,inferred
Fenland,2021-04-10,1.0,2.0,3.0,3.0,4.0,5.0,5.0,6.0,7.0,7.0,8.0,10.0,13.0,inferred
Fenland,2021-04-11,1.0,3.0,4.0,4.0,4.0,5.0,6.0,7.0,8.0,8.0,9.0,11.0,14.0,inferred
Fenland,2021-04-12,2.0,4.0,5.0,5.0,6.0,7.0,8.0,9.0,10.0,10.0,11.0,13.0,15.0,inferred
Fenland,2021-04-13,2.0,3.0,5.0,5.0,5.0,6.0,7.0,8.0,9.0,10.0,10.0,12.0,16.0,inferred
Fenland,2021-04-14,2.0,4.0,5.0,5.0,6.0,7.0,7.0,8.0,9.0,10.0,10.0,13.0,16.0,inferred
Fenland,2021-04-15,1.0,3.0,4.0,5.0,5.0,6.0,7.0,8.0,9.0,10.0,10.0,12.0,15.0,inferred
Fenland,2021-04-16,1.0,2.0,3.0,4.0,4.0,5.0,6.0,7.0,8.0,8.0,9.0,11.0,13.0,inferred
Fenland,2021-04-17,1.0,2.0,3.0,3.0,4.0,4.0,5.0,6.0,6.0,7.0,7.0,9.0,11.0,inferred
Fenland,2021-04-18,1.0,2.0,3.0,4.0,4.0,5.0,5.0,6.0,7.0,8.0,8.0,10.0,13.0,inferred
Fenland,2021-04-19,1.0,3.0,4.0,4.0,5.0,6.0,7.0,8.0,9.0,9.0,10.0,12.0,15.0,inferred
Fenland,2021-04-20,1.0,3.0,4.0,4.0,5.0,5.0,6.0,7.0,8.0,8.0,9.0,10.0,13.0,inferred
Fenland,2021-04-21,1.0,3.0,4.0,4.0,5.0,5.0,6.0,7.0,8.0,9.0,9.0,11.0,14.0,inferred
Fenland,2021-04-22,1.0,2.0,3.0,3.0,4.0,5.0,5.0,6.0,7.0,8.0,8.0,10.0,13.5,inferred
Fenland,2021-04-23,1.0,1.0,2.0,3.0,3.0,4.0,4.0,5.0,6.0,6.0,7.0,9.0,11.0,inferred
Fenland,2021-04-24,0.0,1.0,2.0,2.0,2.0,3.0,4.0,4.0,5.0,5.0,6.0,7.0,10.0,inferred
Fenland,2021-04-25,0.0,1.0,2.0,2.0,3.0,3.0,4.0,5.0,5.0,6.0,6.0,8.0,10.0,inferred
Fenland,2021-04-26,0.0,2.0,2.8,3.0,3.0,4.0,4.0,5.0,6.0,6.0,7.0,8.0,11.0,inferred
Fenland,2021-04-27,0.0,1.0,2.0,2.0,3.0,3.0,4.0,5.0,6.0,6.0,7.0,8.0,10.5,inferred
Fenland,2021-04-28,0.0,1.0,2.0,3.0,3.0,4.0,4.0,5.0,6.0,6.0,7.0,8.0,11.0,inferred
Fenland,2021-04-29,0.0,1.0,2.0,2.0,2.0,3.0,3.0,4.0,5.0,5.0,6.0,7.0,10.0,inferred
Fenland,2021-04-30,0.0,1.0,1.0,2.0,2.0,2.0,3.0,4.0,4.0,5.0,5.0,7.0,9.0,inferred
Fenland,2021-05-01,0.0,0.0,1.0,1.0,1.0,2.0,2.0,3.0,3.0,4.0,4.0,5.0,8.0,inferred
Fenland,2021-05-02,0.0,0.0,1.0,1.0,2.0,2.0,3.0,3.0,4.0,4.0,5.0,6.0,9.0,inferred
Fenland,2021-05-03,0.0,1.0,1.0,2.0,2.0,2.0,3.0,4.0,4.0,5.0,5.0,7.0,9.0,inferred
Fenland,2021-05-04,0.0,1.0,1.0,1.0,2.0,2.0,3.0,3.0,4.0,4.0,5.0,6.0,9.0,inferred
Fenland,2021-05-05,0.0,0.0,1.0,1.0,2.0,2.0,3.0,3.0,4.0,4.0,5.0,6.0,8.0,inferred
Fenland,2021-05-06,0.0,0.0,1.0,1.0,1.0,2.0,2.0,3.0,4.0,4.0,5.0,6.0,8.0,inferred
Fenland,2021-05-07,0.0,0.0,1.0,1.0,1.0,2.0,2.0,3.0,3.0,3.0,4.0,5.0,7.0,inferred
Fenland,2021-05-08,0.0,0.0,0.0,1.0,1.0,1.0,2.0,2.0,2.0,3.0,3.0,4.0,6.0,inferred
Fenland,2021-05-09,0.0,0.0,0.0,1.0,1.0,1.0,2.0,2.0,3.0,3.0,4.0,5.0,7.0,inferred
Fenland,2021-05-10,0.0,0.0,1.0,1.0,1.0,2.0,2.0,3.0,3.0,3.0,4.0,5.0,7.0,inferred
Fenland,2021-05-11,0.0,0.0,1.0,1.0,1.0,1.0,2.0,2.0,3.0,3.0,4.0,5.0,7.0,inferred
Fenland,2021-05-12,0.0,0.0,0.0,1.0,1.0,1.0,2.0,2.0,3.0,3.0,4.0,5.0,7.0,inferred
Fenland,2021-05-13,0.0,0.0,0.0,1.0,1.0,1.0,1.0,2.0,2.0,3.0,3.0,4.0,7.0,inferred
Fenland,2021-05-14,0.0,0.0,0.0,0.0,1.0,1.0,1.0,2.0,2.0,2.0,3.0,4.0,5.5,inferred
Fenland,2021-05-15,0.0,0.0,0.0,0.0,0.0,1.0,1.0,1.0,2.0,2.0,2.0,3.0,5.0,inferred
Fenland,2021-05-16,0.0,0.0,0.0,0.0,0.0,1.0,1.0,1.0,2.0,2.0,2.0,3.0,5.0,inferred
Fenland,2021-05-17,0.0,0.0,0.0,0.0,1.0,1.0,1.0,2.0,2.0,3.0,3.0,4.0,6.0,inferred
Fenland,2021-05-18,0.0,0.0,0.0,0.0,1.0,1.0,1.0,2.0,2.0,2.0,3.0,4.0,6.0,inferred
Fenland,2021-05-19,0.0,0.0,0.0,0.0,1.0,1.0,1.0,2.0,2.0,3.0,3.0,4.0,6.0,inferred
Fenland,2021-05-20,0.0,0.0,0.0,0.0,0.0,1.0,1.0,1.0,2.0,2.0,2.0,4.0,6.0,inferred
Fenland,2021-05-21,0.0,0.0,0.0,0.0,0.0,1.0,1.0,1.0,2.0,2.0,2.0,4.0,5.0,inferred
Fenland,2021-05-22,0.0,0.0,0.0,0.0,0.0,0.0,1.0,1.0,1.0,2.0,2.0,3.0,5.0,inferred
Fenland,2021-05-23,0.0,0.0,0.0,0.0,0.0,1.0,1.0,1.0,2.0,2.0,2.0,3.0,5.0,inferred
Fenland,2021-05-24,0.0,0.0,0.0,0.0,0.0,1.0,1.0,2.0,2.0,2.0,3.0,4.0,6.0,inferred
Fenland,2021-05-25,0.0,0.0,0.0,0.0,1.0,1.0,1.0,2.0,2.0,2.0,3.0,4.0,6.0,inferred
Fenland,2021-05-26,0.0,0.0,0.0,0.0,1.0,1.0,1.0,2.0,2.0,3.0,3.0,4.0,6.0,inferred
Fenland,2021-05-27,0.0,0.0,0.0,0.0,1.0,1.0,1.0,2.0,2.0,3.0,3.0,4.0,6.0,inferred
Fenland,2021-05-28,0.0,0.0,0.0,0.0,1.0,1.0,1.0,2.0,2.0,2.0,3.0,4.0,6.0,inferred
Fenland,2021-05-29,0.0,0.0,0.0,0.0,0.0,1.0,1.0,1.0,2.0,2.0,2.0,3.0,5.0,inferred
Fenland,2021-05-30,0.0,0.0,0.0,0.0,1.0,1.0,1.0,2.0,2.0,3.0,3.0,4.0,7.0,inferred
Fenland,2021-05-31,0.0,0.0,1.0,1.0,1.0,2.0,2.0,3.0,3.0,3.0,4.0,5.0,7.0,inferred
Fenland,2021-06-01,0.0,0.0,1.0,1.0,1.0,2.0,2.0,3.0,3.0,3.0,4.0,5.0,7.0,inferred
Fenland,2021-06-02,0.0,0.0,1.0,1.0,1.0,2.0,2.0,3.0,4.0,4.0,5.0,6.0,8.0,inferred
Fenland,2021-06-03,0.0,0.0,1.0,1.0,1.0,2.0,2.0,3.0,4.0,4.0,5.0,6.0,8.0,inferred
Fenland,2021-06-04,0.0,0.0,1.0,1.0,2.0,2.0,2.5,3.0,4.0,4.0,4.0,6.0,8.0,inferred
Fenland,2021-06-05,0.0,0.0,1.0,1.0,1.0,2.0,2.0,3.0,3.0,4.0,4.0,5.0,8.0,inferred
Fenland,2021-06-06,0.0,0.0,1.0,1.0,2.0,2.0,3.0,3.0,4.0,4.0,5.0,6.0,9.0,inferred
Fenland,2021-06-07,0.0,1.0,2.0,2.0,2.0,3.0,4.0,4.0,5.0,6.0,6.0,8.0,10.0,inferred
Fenland,2021-06-08,0.0,1.0,2.0,2.0,3.0,3.0,4.0,5.0,5.0,6.0,6.0,8.0,11.0,inferred
Fenland,2021-06-09,0.0,1.0,2.0,3.0,3.0,4.0,4.0,5.0,6.0,6.2,7.0,9.0,12.0,inferred
Fenland,2021-06-10,0.0,2.0,3.0,3.0,3.0,4.0,5.0,5.0,6.0,7.0,7.0,9.0,11.0,inferred
Fenland,2021-06-11,0.0,1.0,2.0,3.0,3.0,3.0,4.0,5.0,6.0,6.0,7.0,8.0,11.0,inferred
Fenland,2021-06-12,0.0,1.0,2.0,2.0,2.0,3.0,4.0,4.0,5.0,5.0,6.0,7.0,10.0,inferred
Fenland,2021-06-13,0.0,2.0,3.0,3.0,3.0,4.0,5.0,6.0,6.0,7.0,8.0,9.0,12.0,inferred
Fenland,2021-06-14,1.0,3.0,4.0,4.0,5.0,5.0,6.0,7.0,8.0,9.0,9.0,11.0,14.0,inferred
Fenland,2021-06-15,1.0,3.0,4.0,4.0,5.0,5.0,6.0,7.0,8.0,9.0,9.0,11.0,15.0,inferred
Fenland,2021-06-16,1.0,3.0,4.0,5.0,5.0,6.0,7.0,8.0,9.0,10.0,11.0,13.0,16.0,inferred
Fenland,2021-06-17,1.0,3.0,4.0,5.0,5.0,6.0,7.0,8.0,9.0,10.0,10.0,12.0,16.0,inferred
Fenland,2021-06-18,1.0,3.0,4.0,4.0,5.0,6.0,6.0,7.0,9.0,9.0,10.0,12.0,15.0,inferred
Fife,2021-03-06,14.0,18.0,21.0,23.0,24.0,26.0,28.0,30.0,33.0,34.0,36.0,41.0,48.0,inferred
Fife,2021-03-07,12.0,16.9,19.0,20.0,21.7,23.0,26.0,28.0,30.0,32.0,33.0,37.0,44.0,inferred
Fife,2021-03-08,11.0,14.0,17.0,18.0,19.0,21.0,23.0,25.0,27.0,28.0,30.0,34.0,41.0,inferred
Fife,2021-03-09,12.0,17.0,20.0,21.0,22.0,24.0,26.5,29.0,31.0,32.0,34.0,38.0,46.0,inferred
Fife,2021-03-10,20.0,25.0,29.0,30.0,31.0,34.0,36.0,39.0,42.0,44.0,46.0,50.0,58.0,inferred
Fife,2021-03-11,19.0,25.0,28.0,29.0,31.0,34.0,36.0,39.0,41.0,43.0,45.0,49.0,57.5,inferred
Fife,2021-03-12,23.0,28.0,31.0,33.0,34.7,37.0,40.0,42.0,45.0,47.0,49.0,54.0,64.0,inferred
Fife,2021-03-13,21.0,27.0,31.0,32.0,34.0,37.0,39.0,42.0,45.0,46.0,48.0,53.0,61.0,inferred
Fife,2021-03-14,18.0,24.0,27.0,29.0,30.0,33.0,35.0,38.0,41.0,43.0,45.0,49.0,57.0,inferred
Fife,2021-03-15,15.0,20.0,23.0,25.0,26.0,28.0,30.0,32.0,35.0,36.0,38.0,42.0,49.0,inferred
Fife,2021-03-16,17.0,22.0,25.0,27.0,28.0,31.0,33.0,35.0,38.0,39.0,41.0,46.0,56.0,inferred
Fife,2021-03-17,26.0,31.0,35.0,37.0,38.7,41.0,44.0,47.0,50.0,52.0,54.0,59.0,69.5,inferred
Fife,2021-03-18,23.0,29.0,32.0,34.0,35.0,37.0,40.0,43.0,46.0,47.0,49.0,54.0,63.0,inferred
Fife,2021-03-19,22.0,28.0,32.0,34.0,35.0,38.0,41.0,43.0,46.0,48.0,50.0,55.0,64.0,inferred
Fife,2021-03-20,20.0,25.0,29.0,30.0,32.0,35.0,37.0,40.0,43.0,45.0,47.0,51.0,59.0,inferred
Fife,2021-03-21,16.0,21.0,24.0,26.0,27.0,29.0,31.0,34.0,36.0,37.0,39.0,44.0,50.0,inferred
Fife,2021-03-22,11.0,16.0,19.0,20.0,20.7,23.0,24.0,27.0,29.0,31.0,32.0,36.0,44.0,inferred
Fife,2021-03-23,13.0,17.0,20.0,21.0,22.0,24.0,26.0,28.0,31.0,33.0,34.0,38.1,47.0,inferred
Fife,2021-03-24,18.0,24.0,27.0,29.0,30.0,32.0,35.0,37.0,40.0,41.0,43.0,47.0,56.0,inferred
Fife,2021-03-25,17.0,21.0,24.0,26.0,27.0,30.0,32.0,34.0,37.0,39.0,40.0,45.0,53.0,inferred
Fife,2021-03-26,18.0,22.0,26.0,27.0,28.0,30.0,33.0,35.0,38.0,39.0,41.0,46.0,53.5,inferred
Fife,2021-03-27,15.0,19.0,23.0,24.0,25.0,28.0,30.0,32.4,35.0,37.0,38.0,43.0,50.0,inferred
Fife,2021-03-28,12.0,16.0,19.0,20.0,21.0,23.0,25.0,27.0,29.0,31.0,33.0,37.0,44.0,inferred
Fife,2021-03-29,8.0,12.0,15.0,16.0,16.0,18.0,20.0,22.0,24.0,25.0,27.0,31.0,37.0,inferred
Fife,2021-03-30,9.5,13.0,16.0,17.0,18.0,20.0,22.0,24.0,26.0,28.0,29.0,33.0,41.0,inferred
Fife,2021-03-31,15.0,19.0,22.0,24.0,25.0,27.0,29.0,32.0,35.0,36.0,38.0,43.0,50.0,inferred
Fife,2021-04-01,14.0,18.9,22.0,23.0,24.0,26.0,28.0,31.0,33.0,34.0,36.0,40.0,47.0,inferred
Fife,2021-04-02,14.0,19.0,22.0,24.0,25.0,28.0,29.0,32.0,34.0,36.0,38.0,42.0,50.0,inferred
Fife,2021-04-03,14.0,18.0,21.0,23.0,24.0,26.0,28.0,30.0,33.0,34.0,36.0,40.0,47.0,inferred
Fife,2021-04-04,11.0,15.0,18.0,19.0,20.0,22.0,24.0,26.0,28.0,30.0,31.0,35.0,41.5,inferred
Fife,2021-04-05,8.0,12.0,15.0,16.0,16.0,18.0,20.0,21.4,24.0,25.0,27.0,30.0,37.0,inferred
Fife,2021-04-06,9.0,13.0,16.0,17.0,18.0,20.0,22.0,24.0,26.0,28.0,29.0,32.0,39.0,inferred
Fife,2021-04-07,14.0,18.9,22.0,23.0,24.0,27.0,29.0,31.0,34.0,35.0,37.0,42.0,48.0,inferred
Fife,2021-04-08,12.0,17.0,20.0,21.0,22.0,24.0,26.0,29.0,31.0,32.0,34.0,38.0,46.0,inferred
Fife,2021-04-09,13.0,18.0,21.0,22.0,23.0,25.0,27.0,29.0,32.0,33.0,35.0,40.0,47.0,inferred
Fife,2021-04-10,11.0,15.0,18.0,20.0,21.0,23.0,25.0,27.0,29.0,30.0,32.0,37.0,43.0,inferred
Fife,2021-04-11,9.0,12.0,15.0,16.0,17.0,19.0,21.0,23.0,24.0,26.0,27.0,31.0,38.5,inferred
Fife,2021-04-12,7.0,9.0,12.0,13.0,13.0,15.0,17.0,19.0,21.0,22.0,23.0,27.0,33.0,inferred
Fife,2021-04-13,7.0,10.0,13.0,13.0,14.0,16.0,17.0,19.0,21.0,22.0,23.0,27.0,33.0,inferred
Fife,2021-04-14,11.0,14.0,17.0,18.0,19.0,21.0,23.0,25.0,27.0,29.0,30.0,35.0,42.0,inferred
Fife,2021-04-15,9.0,12.0,15.0,16.0,17.0,19.0,21.0,23.0,25.0,26.0,28.0,31.1,37.0,inferred
Fife,2021-04-16,9.0,13.0,16.0,17.0,18.0,20.0,22.0,24.0,26.0,27.0,28.0,33.0,38.0,inferred
Fife,2021-04-17,8.0,11.0,14.0,15.0,16.0,18.0,19.0,21.0,23.0,25.0,26.0,29.1,36.0,inferred
Fife,2021-04-18,6.0,9.0,11.0,12.0,13.0,15.0,16.0,18.0,20.0,21.0,22.0,25.0,31.5,inferred
Fife,2021-04-19,4.0,6.0,8.0,9.0,10.0,12.0,13.0,15.0,16.0,17.0,19.0,22.0,28.0,inferred
Fife,2021-04-20,5.0,8.0,9.0,10.0,11.0,12.0,14.0,15.0,17.0,18.0,19.0,23.0,29.0,inferred
Fife,2021-04-21,8.0,11.0,13.0,14.0,15.0,17.0,19.0,21.0,23.0,24.0,26.0,29.0,37.0,inferred
Fife,2021-04-22,7.0,10.0,12.0,13.0,14.0,16.0,17.0,19.0,21.0,23.0,24.0,27.0,32.0,inferred
Fife,2021-04-23,7.0,10.0,13.0,14.0,15.0,17.0,18.0,20.0,22.0,24.0,25.0,29.0,34.5,inferred
Fife,2021-04-24,7.0,10.0,12.0,13.0,14.0,16.0,17.0,19.0,21.0,22.0,23.0,27.0,33.0,inferred
Fife,2021-04-25,5.0,8.0,10.0,11.0,12.0,13.0,15.0,16.0,18.0,19.0,20.0,24.0,29.0,inferred
Fife,2021-04-26,4.0,6.0,8.0,9.0,9.0,11.0,12.0,13.0,15.0,16.0,17.0,20.0,25.5,inferred
Fife,2021-04-27,4.0,6.0,8.0,9.0,10.0,12.0,13.0,14.0,16.0,17.0,18.0,21.0,26.0,inferred
Fife,2021-04-28,8.0,10.0,13.0,13.8,14.0,16.0,17.0,19.0,22.0,23.0,24.0,27.0,34.0,inferred
Fife,2021-04-29,6.0,9.0,11.0,12.0,13.0,15.0,16.0,18.0,20.0,21.0,22.0,25.0,32.0,inferred
Fife,2021-04-30,6.0,10.0,12.0,13.0,14.0,15.0,17.0,19.0,21.0,22.0,23.0,26.0,32.0,inferred
Fife,2021-05-01,6.0,9.0,11.0,12.0,13.0,14.0,16.0,17.0,19.0,20.0,21.0,24.0,31.0,inferred
Fife,2021-05-02,4.0,6.0,8.0,9.0,10.0,12.0,13.0,14.0,16.0,17.0,18.0,22.0,27.0,inferred
Fife,2021-05-03,3.0,5.0,6.0,7.0,8.0,9.0,10.0,11.0,13.0,14.0,15.0,18.0,24.0,inferred
Fife,2021-05-04,3.0,6.0,7.0,8.0,9.0,10.0,12.0,13.0,14.0,15.0,17.0,19.0,25.0,inferred
Fife,2021-05-05,6.0,9.0,11.0,12.0,13.0,14.0,16.0,18.0,20.0,21.0,22.0,25.0,32.0,inferred
Fife,2021-05-06,6.0,9.0,11.0,12.0,12.0,14.0,16.0,17.0,19.0,20.0,21.0,24.0,31.0,inferred
Fife,2021-05-07,6.0,9.0,12.0,13.0,14.0,15.0,17.0,19.0,21.0,22.0,23.0,27.0,33.5,inferred
Fife,2021-05-08,6.0,9.0,11.0,12.0,13.0,15.0,16.0,18.0,20.0,21.0,22.0,26.0,32.0,inferred
Fife,2021-05-09,5.0,8.0,10.0,11.0,12.0,13.0,15.0,16.0,18.0,19.0,21.0,24.0,31.0,inferred
Fife,2021-05-10,4.0,6.0,8.0,9.0,9.0,11.0,12.0,14.0,16.0,17.0,18.0,22.0,28.0,inferred
Fife,2021-05-11,5.0,7.0,9.0,10.0,11.0,12.0,14.0,16.0,17.3,19.0,20.0,23.0,29.0,inferred
Fife,2021-05-12,8.0,12.0,14.0,15.0,16.0,18.0,19.0,21.0,24.0,25.0,26.0,30.0,36.0,inferred
Fife,2021-05-13,7.0,11.0,13.0,14.0,15.0,17.0,19.0,20.0,22.0,23.0,25.0,28.0,35.0,inferred
Fife,2021-05-14,8.0,12.0,14.0,15.0,16.0,18.0,20.0,22.0,24.0,25.0,27.0,30.0,37.0,inferred
Fife,2021-05-15,7.0,10.0,13.0,14.0,15.0,17.0,19.0,21.0,23.0,24.0,25.0,29.0,35.0,inferred
Fife,2021-05-16,6.0,9.0,11.0,12.0,13.0,15.0,16.0,18.0,20.0,21.0,23.0,27.0,32.0,inferred
Fife,2021-05-17,4.0,7.0,9.0,10.0,11.0,12.0,13.0,15.0,17.0,18.0,19.0,22.0,27.0,inferred
Fife,2021-05-18,5.0,8.0,10.0,11.0,12.0,13.0,15.0,16.0,18.0,19.0,20.0,24.0,29.0,inferred
Fife,2021-05-19,7.5,12.0,14.0,15.0,17.0,19.0,20.0,22.0,24.0,25.0,27.0,31.0,35.5,inferred
Fife,2021-05-20,8.0,11.0,13.0,14.0,16.0,17.0,19.0,21.0,23.0,24.0,25.0,29.0,34.5,inferred
Fife,2021-05-21,8.0,12.0,15.0,16.0,16.7,18.0,20.0,22.0,24.0,25.0,27.0,30.0,36.0,inferred
Fife,2021-05-22,8.0,11.0,14.0,15.0,16.0,17.0,19.0,21.0,23.0,24.0,25.2,29.1,36.0,inferred
Fife,2021-05-23,6.0,9.0,11.0,12.0,13.0,15.0,16.0,18.0,20.0,21.0,22.0,26.0,32.0,inferred
Fife,2021-05-24,4.0,7.0,9.0,10.0,10.0,12.0,13.0,15.0,17.0,18.0,19.0,22.0,28.0,inferred
Fife,2021-05-25,6.0,8.0,10.0,11.0,12.0,14.0,15.0,17.0,19.0,20.0,21.0,24.0,31.0,inferred
Fife,2021-05-26,9.0,13.0,16.0,17.0,18.0,20.0,21.0,23.0,25.0,27.0,28.0,32.0,40.0,inferred
Fife,2021-05-27,10.0,13.0,16.0,17.0,18.0,20.0,21.0,23.0,25.0,26.0,28.0,32.0,38.5,inferred
Fife,2021-05-28,11.0,14.0,17.0,18.0,19.0,21.0,24.0,26.0,28.0,29.0,31.0,36.0,43.0,inferred
Fife,2021-05-29,10.0,15.0,17.0,18.0,19.0,22.0,23.0,25.0,27.0,29.0,30.0,34.0,42.0,inferred
Fife,2021-05-30,9.0,12.0,15.0,16.0,17.0,19.0,21.0,23.0,25.0,26.0,28.0,32.0,39.0,inferred
Fife,2021-05-31,7.0,10.0,12.0,13.0,14.0,16.0,18.0,20.0,21.0,22.0,23.0,27.0,34.0,inferred
Fife,2021-06-01,8.0,11.0,14.0,15.0,17.0,18.0,20.0,22.0,24.0,26.0,27.0,31.0,37.0,inferred
Fife,2021-06-02,14.0,18.0,21.0,22.0,23.0,26.0,28.0,31.0,33.0,34.0,36.0,41.0,49.0,inferred
Fife,2021-06-03,14.0,18.0,21.0,23.0,24.0,26.0,28.0,30.0,32.0,34.0,35.0,40.0,48.0,inferred
Fife,2021-06-04,15.0,20.0,23.0,25.0,26.0,28.0,30.5,33.0,35.0,37.0,38.0,43.0,51.0,inferred
Fife,2021-06-05,14.0,20.0,23.0,24.0,25.0,27.0,30.0,32.0,35.0,36.0,38.0,43.0,50.0,inferred
Fife,2021-06-06,13.0,17.9,20.0,22.0,23.0,25.0,27.0,29.0,31.0,33.0,34.0,39.0,46.0,inferred
Fife,2021-06-07,10.0,14.0,17.0,18.0,19.0,21.0,23.0,25.0,28.0,29.0,30.2,35.0,41.0,inferred
Fife,2021-06-08,12.0,16.0,19.0,20.0,21.0,24.0,26.0,28.0,30.0,32.0,33.0,37.0,44.0,inferred
Fife,2021-06-09,19.0,25.0,29.0,30.0,32.0,34.0,37.0,39.0,42.0,44.0,45.0,50.0,58.0,inferred
Fife,2021-06-10,18.0,24.0,28.0,29.0,30.0,33.0,35.0,38.0,40.0,42.0,43.0,48.0,56.0,inferred
Fife,2021-06-11,21.0,27.0,30.0,31.0,33.0,35.0,38.0,41.0,43.0,45.0,47.0,52.0,61.0,inferred
Fife,2021-06-12,20.0,26.0,29.0,31.0,32.0,34.0,37.0,40.0,42.0,44.0,45.0,50.0,58.0,inferred
Fife,2021-06-13,18.0,22.0,26.0,27.0,28.0,31.0,34.0,36.0,39.0,41.0,42.0,47.0,55.0,inferred
Fife,2021-06-14,14.0,19.0,21.0,23.0,24.0,26.0,28.0,31.0,33.0,35.0,36.0,41.0,49.5,inferred
Fife,2021-06-15,16.0,21.0,24.0,25.0,27.0,29.0,31.0,33.0,36.0,37.0,39.0,44.0,51.0,inferred
Fife,2021-06-16,24.0,29.0,34.0,35.0,37.0,39.0,42.0,44.0,48.0,49.0,52.0,58.0,66.0,inferred
Fife,2021-06-17,21.0,27.0,30.0,32.0,33.7,36.0,39.0,42.0,45.0,47.0,49.0,54.1,64.0,inferred
Fife,2021-06-18,22.0,28.0,32.0,34.0,36.0,39.0,42.0,45.0,48.0,50.0,52.0,57.0,67.0,inferred
Flintshire,2021-03-06,4.0,6.0,8.0,8.0,9.0,10.0,11.0,12.0,13.0,14.0,14.0,17.0,20.0,inferred
Flintshire,2021-03-07,5.0,7.0,9.0,10.0,10.0,11.0,12.0,13.0,14.0,15.0,16.0,17.0,21.0,inferred
Flintshire,2021-03-08,8.0,11.0,13.0,14.0,14.0,16.0,17.0,18.0,19.0,20.0,21.0,23.0,27.0,inferred
Flintshire,2021-03-09,7.0,9.0,11.0,12.0,12.0,13.0,15.0,16.0,17.0,18.0,19.0,21.0,24.0,inferred
Flintshire,2021-03-10,9.0,11.0,13.0,13.0,14.0,15.0,16.0,17.0,19.0,19.2,20.0,23.0,26.0,inferred
Flintshire,2021-03-11,8.0,10.0,12.0,13.0,14.0,15.0,16.0,17.0,18.0,19.0,20.0,22.0,26.0,inferred
Flintshire,2021-03-12,6.0,9.0,10.0,11.0,11.0,13.0,14.0,15.0,16.0,17.0,17.0,19.0,23.0,inferred
Flintshire,2021-03-13,5.0,6.0,8.0,8.0,9.0,10.0,11.0,12.0,13.0,14.0,14.2,16.0,19.0,inferred
Flintshire,2021-03-14,5.0,7.0,8.0,9.0,10.0,11.0,12.0,13.0,14.0,15.0,15.0,17.0,21.0,inferred
Flintshire,2021-03-15,8.0,10.0,12.0,13.0,13.0,15.0,16.0,17.0,19.0,20.0,20.0,23.0,27.0,inferred
Flintshire,2021-03-16,6.0,8.0,10.0,11.0,11.0,13.0,14.0,15.0,16.0,17.0,18.0,20.0,24.0,inferred
Flintshire,2021-03-17,7.0,9.0,11.0,12.0,12.0,13.0,15.0,16.0,17.0,18.0,19.0,21.0,25.0,inferred
Flintshire,2021-03-18,6.0,8.0,10.0,11.0,11.7,13.0,14.0,15.0,16.0,17.0,18.0,20.0,24.0,inferred
Flintshire,2021-03-19,5.0,7.0,8.0,9.0,9.0,10.0,11.0,12.0,13.0,14.0,15.0,17.0,20.0,inferred
Flintshire,2021-03-20,3.0,5.0,6.0,6.0,7.0,7.6,8.0,9.0,10.0,11.0,12.0,13.1,17.0,inferred
Flintshire,2021-03-21,3.0,5.0,6.0,6.0,7.0,8.0,8.0,9.0,10.0,11.0,12.0,13.0,16.0,inferred
Flintshire,2021-03-22,4.0,6.0,8.0,9.0,9.0,10.0,11.0,12.0,13.0,14.0,15.0,17.0,20.0,inferred
Flintshire,2021-03-23,3.0,5.0,6.0,7.0,7.0,8.0,9.0,10.0,11.0,12.0,12.0,14.0,17.0,inferred
Flintshire,2021-03-24,3.0,5.0,6.0,7.0,7.0,8.0,9.0,10.0,11.0,12.0,12.0,14.0,18.0,inferred
Flintshire,2021-03-25,3.0,4.0,5.0,6.0,6.0,7.0,8.0,9.0,10.0,11.0,11.0,13.0,16.0,inferred
Flintshire,2021-03-26,2.0,3.0,4.0,5.0,5.0,6.0,6.0,7.0,8.0,9.0,9.0,11.0,13.0,inferred
Flintshire,2021-03-27,1.0,2.0,3.0,3.0,3.0,4.0,5.0,5.0,6.0,7.0,7.0,9.0,11.0,inferred
Flintshire,2021-03-28,1.0,2.0,3.0,3.0,3.0,4.0,5.0,5.0,6.0,6.0,7.0,9.0,11.0,inferred
Flintshire,2021-03-29,1.0,3.0,4.0,4.0,5.0,5.0,6.0,7.0,8.0,8.0,9.0,11.0,13.0,inferred
Flintshire,2021-03-30,1.0,2.0,3.0,3.0,4.0,4.0,5.0,6.0,7.0,7.0,8.0,9.0,12.0,inferred
Flintshire,2021-03-31,1.0,2.0,3.0,3.8,4.0,5.0,5.0,6.0,7.0,7.0,8.0,9.1,12.0,inferred
Flintshire,2021-04-01,1.0,2.0,3.0,3.0,4.0,4.0,5.0,5.0,6.0,7.0,7.0,9.0,11.0,inferred
Flintshire,2021-04-02,0.0,1.0,2.0,2.0,3.0,3.0,4.0,5.0,5.0,6.0,6.0,7.0,10.0,inferred
Flintshire,2021-04-03,0.0,1.0,1.0,2.0,2.0,2.0,3.0,4.0,4.0,5.0,5.0,6.0,8.0,inferred
Flintshire,2021-04-04,0.0,1.0,1.0,2.0,2.0,3.0,3.0,4.0,4.0,5.0,5.0,6.0,8.0,inferred
Flintshire,2021-04-05,0.0,1.0,2.0,3.0,3.0,4.0,4.0,5.0,5.0,6.0,6.0,7.0,10.0,inferred
Flintshire,2021-04-06,0.0,1.0,2.0,2.0,2.0,3.0,3.0,4.0,5.0,5.0,6.0,7.0,9.0,inferred
Flintshire,2021-04-07,0.0,1.0,2.0,2.0,3.0,3.0,4.0,4.0,5.0,5.0,6.0,7.0,10.0,inferred
Flintshire,2021-04-08,0.0,1.0,2.0,2.0,3.0,3.0,4.0,4.0,5.0,5.0,6.0,7.0,9.0,inferred
Flintshire,2021-04-09,0.0,1.0,1.0,2.0,2.0,3.0,3.0,4.0,4.0,5.0,5.0,6.0,9.0,inferred
Flintshire,2021-04-10,0.0,1.0,1.0,1.0,2.0,2.0,2.0,3.0,4.0,4.0,4.0,5.0,7.0,inferred
Flintshire,2021-04-11,0.0,1.0,1.0,1.0,2.0,2.0,3.0,3.0,4.0,4.0,4.0,5.0,7.0,inferred
Flintshire,2021-04-12,0.0,1.0,2.0,2.0,2.0,3.0,4.0,4.0,5.0,5.0,6.0,7.0,9.0,inferred
Flintshire,2021-04-13,0.0,1.0,1.0,2.0,2.0,2.0,3.0,4.0,4.0,5.0,5.0,6.0,8.0,inferred
Flintshire,2021-04-14,0.0,1.0,2.0,2.0,2.0,3.0,3.0,4.0,5.0,5.0,5.0,7.0,9.0,inferred
Flintshire,2021-04-15,0.0,1.0,2.0,2.0,2.0,3.0,3.0,4.0,4.0,5.0,5.0,6.0,8.0,inferred
Flintshire,2021-04-16,0.0,1.0,1.0,1.0,2.0,2.0,3.0,3.0,4.0,4.0,4.0,5.0,7.0,inferred
Flintshire,2021-04-17,0.0,0.0,1.0,1.0,1.0,1.0,2.0,2.0,3.0,3.0,3.2,5.0,6.0,inferred
Flintshire,2021-04-18,0.0,0.0,1.0,1.0,1.0,2.0,2.0,2.0,3.0,3.0,4.0,5.0,6.0,inferred
Flintshire,2021-04-19,0.0,1.0,1.0,1.0,2.0,2.0,3.0,3.0,4.0,4.0,5.0,6.0,8.0,inferred
Flintshire,2021-04-20,0.0,0.0,1.0,1.0,1.0,2.0,2.0,3.0,3.0,4.0,4.0,5.0,7.0,inferred
Flintshire,2021-04-21,0.0,1.0,1.0,1.0,2.0,2.0,3.0,3.0,4.0,4.0,4.0,5.0,8.0,inferred
Flintshire,2021-04-22,0.0,0.0,1.0,1.0,1.0,2.0,2.0,3.0,3.0,4.0,4.0,5.0,7.0,inferred
Flintshire,2021-04-23,0.0,0.0,1.0,1.0,1.0,1.0,2.0,2.0,3.0,3.0,4.0,4.1,6.0,inferred
Flintshire,2021-04-24,0.0,0.0,0.0,0.0,1.0,1.0,1.0,2.0,2.0,2.0,3.0,3.0,5.0,inferred
Flintshire,2021-04-25,0.0,0.0,0.0,0.0,1.0,1.0,1.0,2.0,2.0,2.0,3.0,4.0,5.0,inferred
Flintshire,2021-04-26,0.0,0.0,1.0,1.0,1.0,1.0,2.0,2.0,3.0,3.0,4.0,5.0,7.0,inferred
Flintshire,2021-04-27,0.0,0.0,0.0,1.0,1.0,1.0,2.0,2.0,3.0,3.0,3.0,4.0,6.0,inferred
Flintshire,2021-04-28,0.0,0.0,1.0,1.0,1.0,1.0,2.0,2.0,3.0,3.0,4.0,4.0,6.0,inferred
Flintshire,2021-04-29,0.0,0.0,1.0,1.0,1.0,1.0,2.0,2.0,3.0,3.0,3.0,4.0,6.0,inferred
Flintshire,2021-04-30,0.0,0.0,0.0,1.0,1.0,1.0,1.0,2.0,2.0,3.0,3.0,4.0,5.5,inferred
Flintshire,2021-05-01,0.0,0.0,0.0,0.0,0.0,1.0,1.0,1.0,2.0,2.0,2.0,3.0,5.0,inferred
Flintshire,2021-05-02,0.0,0.0,0.0,0.0,1.0,1.0,1.0,1.0,2.0,2.0,2.0,3.0,5.0,inferred
Flintshire,2021-05-03,0.0,0.0,0.0,1.0,1.0,1.0,2.0,2.0,2.0,3.0,3.0,4.0,6.0,inferred
Flintshire,2021-05-04,0.0,0.0,0.0,0.0,1.0,1.0,1.0,2.0,2.0,2.0,3.0,4.0,5.0,inferred
Flintshire,2021-05-05,0.0,0.0,0.0,1.0,1.0,1.0,1.0,2.0,2.0,3.0,3.0,4.0,6.0,inferred
Flintshire,2021-05-06,0.0,0.0,0.0,0.0,1.0,1.0,1.0,2.0,2.0,2.0,3.0,3.0,5.0,inferred
Flintshire,2021-05-07,0.0,0.0,0.0,0.0,0.0,1.0,1.0,1.0,2.0,2.0,2.0,3.0,5.0,inferred
Flintshire,2021-05-08,0.0,0.0,0.0,0.0,0.0,0.0,1.0,1.0,2.0,2.0,2.0,3.0,4.0,inferred
Flintshire,2021-05-09,0.0,0.0,0.0,0.0,0.0,1.0,1.0,1.0,2.0,2.0,2.0,3.0,4.0,inferred
Flintshire,2021-05-10,0.0,0.0,0.0,0.0,1.0,1.0,1.0,2.0,2.0,2.0,3.0,4.0,5.0,inferred
Flintshire,2021-05-11,0.0,0.0,0.0,0.0,1.0,1.0,1.0,1.0,2.0,2.0,3.0,3.0,5.0,inferred
Flintshire,2021-05-12,0.0,0.0,0.0,0.0,1.0,1.0,1.0,2.0,2.0,2.0,3.0,4.0,5.0,inferred
Flintshire,2021-05-13,0.0,0.0,0.0,0.0,1.0,1.0,1.0,2.0,2.0,2.0,3.0,3.0,5.0,inferred
Flintshire,2021-05-14,0.0,0.0,0.0,0.0,1.0,1.0,1.0,1.0,2.0,2.0,2.0,3.0,5.0,inferred
Flintshire,2021-05-15,0.0,0.0,0.0,0.0,0.0,1.0,1.0,1.0,2.0,2.0,2.0,3.0,4.0,inferred
Flintshire,2021-05-16,0.0,0.0,0.0,0.0,0.0,1.0,1.0,1.0,2.0,2.0,2.0,3.0,5.0,inferred
Flintshire,2021-05-17,0.0,0.0,0.0,0.0,1.0,1.0,1.0,2.0,2.0,2.0,3.0,4.0,6.0,inferred
Flintshire,2021-05-18,0.0,0.0,0.0,0.0,1.0,1.0,1.0,2.0,2.0,2.0,3.0,4.0,5.0,inferred
Flintshire,2021-05-19,0.0,0.0,0.0,1.0,1.0,1.0,1.0,2.0,2.0,3.0,3.0,4.0,5.0,inferred
Flintshire,2021-05-20,0.0,0.0,0.0,1.0,1.0,1.0,2.0,2.0,2.0,3.0,3.0,4.0,5.5,inferred
Flintshire,2021-05-21,0.0,0.0,0.0,0.0,1.0,1.0,1.0,2.0,2.0,2.0,3.0,4.0,5.0,inferred
Flintshire,2021-05-22,0.0,0.0,0.0,0.0,0.0,1.0,1.0,1.0,2.0,2.0,2.0,3.0,5.0,inferred
Flintshire,2021-05-23,0.0,0.0,0.0,0.0,0.0,1.0,1.0,2.0,2.0,2.0,3.0,3.0,5.0,inferred
Flintshire,2021-05-24,0.0,0.0,1.0,1.0,1.0,1.0,2.0,2.0,3.0,3.0,3.0,4.0,6.0,inferred
Flintshire,2021-05-25,0.0,0.0,0.0,1.0,1.0,1.0,2.0,2.0,2.0,3.0,3.0,4.0,6.0,inferred
Flintshire,2021-05-26,0.0,0.0,1.0,1.0,1.0,2.0,2.0,2.0,3.0,3.0,4.0,5.0,6.0,inferred
Flintshire,2021-05-27,0.0,0.0,1.0,1.0,1.0,2.0,2.0,3.0,3.0,3.0,4.0,5.0,7.0,inferred
Flintshire,2021-05-28,0.0,0.0,1.0,1.0,1.0,2.0,2.0,2.0,3.0,3.0,4.0,5.0,7.0,inferred
Flintshire,2021-05-29,0.0,0.0,1.0,1.0,1.0,1.0,2.0,2.0,3.0,3.0,3.0,4.0,6.0,inferred
Flintshire,2021-05-30,0.0,0.0,1.0,1.0,1.0,2.0,2.0,2.0,3.0,3.0,4.0,5.0,6.0,inferred
Flintshire,2021-05-31,0.0,1.0,1.0,2.0,2.0,3.0,3.0,4.0,4.0,5.0,5.0,6.0,8.0,inferred
Flintshire,2021-06-01,0.0,1.0,1.0,2.0,2.0,2.0,3.0,3.0,4.0,4.0,5.0,6.0,8.0,inferred
Flintshire,2021-06-02,0.0,1.0,2.0,2.0,3.0,3.0,4.0,4.0,5.0,5.0,6.0,7.0,9.0,inferred
Flintshire,2021-06-03,0.0,1.0,2.0,3.0,3.0,3.0,4.0,5.0,5.0,6.0,6.0,8.0,10.0,inferred
Flintshire,2021-06-04,0.0,1.0,2.0,2.0,3.0,3.0,4.0,5.0,5.0,6.0,6.0,7.0,10.0,inferred
Flintshire,2021-06-05,0.0,1.0,2.0,2.0,2.0,3.0,3.0,4.0,5.0,5.0,6.0,7.0,9.0,inferred
Flintshire,2021-06-06,1.0,2.0,2.0,3.0,3.0,4.0,4.0,5.0,5.0,6.0,6.2,8.0,10.5,inferred
Flintshire,2021-06-07,2.0,3.0,4.0,5.0,5.0,6.0,7.0,8.0,9.0,9.0,10.0,11.0,14.0,inferred
Flintshire,2021-06-08,2.0,3.0,4.0,5.0,5.0,6.0,7.0,8.0,9.0,9.0,10.0,12.0,15.0,inferred
Flintshire,2021-06-09,3.0,5.0,6.0,7.0,7.0,8.0,9.0,10.0,11.0,12.0,13.0,15.0,18.0,inferred
Flintshire,2021-06-10,4.0,6.0,7.0,8.0,9.0,10.0,11.0,12.0,13.0,13.0,14.0,16.0,20.0,inferred
Flintshire,2021-06-11,4.0,6.0,7.0,8.0,8.7,9.0,10.0,11.0,13.0,13.0,14.0,16.0,19.0,inferred
Flintshire,2021-06-12,3.0,5.0,7.0,7.0,8.0,8.0,10.0,10.0,12.0,12.0,13.0,15.0,18.0,inferred
Flintshire,2021-06-13,4.0,7.0,8.0,9.0,9.0,11.0,12.0,13.0,14.0,15.0,15.0,18.0,20.0,inferred
Flintshire,2021-06-14,9.0,12.0,14.0,15.0,16.0,17.0,18.0,20.0,21.0,22.0,23.0,25.0,30.0,inferred
Flintshire,2021-06-15,9.0,12.0,14.0,15.0,16.0,17.0,18.0,20.0,21.0,22.0,23.0,26.0,30.0,inferred
Flintshire,2021-06-16,12.0,16.0,18.0,19.0,20.0,21.0,23.0,25.0,26.0,27.0,28.0,31.0,36.0,inferred
Flintshire,2021-06-17,14.0,17.0,19.8,20.0,22.0,23.0,25.0,27.0,28.0,29.0,31.0,34.0,40.0,inferred
Flintshire,2021-06-18,12.0,16.0,18.0,19.0,20.0,22.0,23.0,25.0,27.0,28.0,29.0,33.0,38.0,inferred
Folkestone and Hythe,2021-03-06,0.0,1.0,2.0,2.0,2.0,3.0,4.0,4.0,5.0,5.0,5.0,7.0,9.0,inferred
Folkestone and Hythe,2021-03-07,0.5,1.0,2.0,3.0,3.0,3.0,4.0,5.0,5.0,6.0,6.0,8.0,10.0,inferred
Folkestone and Hythe,2021-03-08,1.0,2.0,3.0,3.0,3.0,4.0,5.0,5.0,6.0,6.0,7.0,9.0,11.0,inferred
Folkestone and Hythe,2021-03-09,1.0,2.0,2.0,3.0,3.0,4.0,4.0,5.0,6.0,6.0,7.0,8.0,10.0,inferred
Folkestone and Hythe,2021-03-10,1.0,2.0,3.0,3.0,3.0,4.0,4.0,5.0,6.0,6.0,7.0,8.0,10.0,inferred
Folkestone and Hythe,2021-03-11,0.0,1.0,2.0,2.0,3.0,3.0,4.0,4.0,5.0,5.0,6.0,7.0,10.0,inferred
Folkestone and Hythe,2021-03-12,0.0,1.0,1.0,2.0,2.0,3.0,3.0,4.0,4.0,5.0,5.0,6.0,8.0,inferred
Folkestone and Hythe,2021-03-13,0.0,0.0,1.0,1.0,1.0,2.0,2.0,3.0,3.0,4.0,4.0,5.0,7.0,inferred
Folkestone and Hythe,2021-03-14,0.0,1.0,1.0,2.0,2.0,2.0,3.0,3.0,4.0,4.0,5.0,6.0,8.0,inferred
Folkestone and Hythe,2021-03-15,0.0,1.0,2.0,2.0,2.0,3.0,3.0,4.0,5.0,5.0,5.0,7.0,8.0,inferred
Folkestone and Hythe,2021-03-16,0.0,1.0,2.0,2.0,2.0,3.0,3.0,4.0,4.0,4.0,5.0,6.0,9.0,inferred
Folkestone and Hythe,2021-03-17,0.0,1.0,1.0,2.0,2.0,2.0,3.0,4.0,4.0,5.0,5.0,6.0,8.0,inferred
Folkestone and Hythe,2021-03-18,0.0,1.0,1.0,1.0,2.0,2.0,3.0,3.0,4.0,4.0,4.0,6.0,8.0,inferred
Folkestone and Hythe,2021-03-19,0.0,0.0,1.0,1.0,1.0,2.0,2.0,3.0,3.0,4.0,4.0,5.0,7.0,inferred
Folkestone and Hythe,2021-03-20,0.0,0.0,1.0,1.0,1.0,1.0,2.0,2.0,3.0,3.0,3.0,4.0,6.0,inferred
Folkestone and Hythe,2021-03-21,0.0,0.0,1.0,1.0,1.0,2.0,2.0,2.0,3.0,3.0,4.0,5.0,6.0,inferred
Folkestone and Hythe,2021-03-22,0.0,1.0,1.0,1.0,2.0,2.0,2.0,3.0,4.0,4.0,4.0,5.0,7.0,inferred
Folkestone and Hythe,2021-03-23,0.0,0.0,1.0,1.0,1.0,2.0,2.0,3.0,3.0,3.0,4.0,5.0,7.0,inferred
Folkestone and Hythe,2021-03-24,0.0,0.0,1.0,1.0,1.0,2.0,2.0,3.0,3.0,4.0,4.0,5.0,7.0,inferred
Folkestone and Hythe,2021-03-25,0.0,0.0,1.0,1.0,1.0,1.0,2.0,2.0,3.0,3.0,3.0,4.0,6.0,inferred
Folkestone and Hythe,2021-03-26,0.0,0.0,0.0,1.0,1.0,1.0,1.0,2.0,2.0,3.0,3.0,4.0,6.0,inferred
Folkestone and Hythe,2021-03-27,0.0,0.0,0.0,0.0,0.0,1.0,1.0,1.0,2.0,2.0,2.0,3.0,5.0,inferred
Folkestone and Hythe,2021-03-28,0.0,0.0,0.0,0.0,0.0,1.0,1.0,1.0,2.0,2.0,2.0,3.0,5.0,inferred
Folkestone and Hythe,2021-03-29,0.0,0.0,0.0,0.0,1.0,1.0,1.0,2.0,2.0,2.0,2.0,3.0,5.0,inferred
Folkestone and Hythe,2021-03-30,0.0,0.0,0.0,0.0,0.0,1.0,1.0,1.0,2.0,2.0,2.0,3.0,5.0,inferred
Folkestone and Hythe,2021-03-31,0.0,0.0,0.0,0.0,0.0,1.0,1.0,1.0,2.0,2.0,2.0,3.0,4.0,inferred
Folkestone and Hythe,2021-04-01,0.0,0.0,0.0,0.0,0.0,0.0,1.0,1.0,1.0,2.0,2.0,3.0,4.0,inferred
Folkestone and Hythe,2021-04-02,0.0,0.0,0.0,0.0,0.0,0.0,1.0,1.0,1.0,1.0,2.0,2.0,4.0,inferred
Folkestone and Hythe,2021-04-03,0.0,0.0,0.0,0.0,0.0,0.0,0.0,1.0,1.0,1.0,1.0,2.0,3.0,inferred
Folkestone and Hythe,2021-04-04,0.0,0.0,0.0,0.0,0.0,0.0,0.0,1.0,1.0,1.0,2.0,2.0,4.0,inferred
Folkestone and Hythe,2021-04-05,0.0,0.0,0.0,0.0,0.0,0.0,1.0,1.0,1.0,1.2,2.0,3.0,4.0,inferred
Folkestone and Hythe,2021-04-06,0.0,0.0,0.0,0.0,0.0,0.0,1.0,1.0,1.0,1.0,2.0,2.0,4.0,inferred
Folkestone and Hythe,2021-04-07,0.0,0.0,0.0,0.0,0.0,0.0,1.0,1.0,1.0,1.0,2.0,2.0,4.0,inferred
Folkestone and Hythe,2021-04-08,0.0,0.0,0.0,0.0,0.0,0.0,1.0,1.0,1.0,1.0,2.0,2.0,3.5,inferred
Folkestone and Hythe,2021-04-09,0.0,0.0,0.0,0.0,0.0,0.0,0.0,1.0,1.0,1.0,1.0,2.0,3.0,inferred
Folkestone and Hythe,2021-04-10,0.0,0.0,0.0,0.0,0.0,0.0,0.0,1.0,1.0,1.0,1.0,2.0,3.0,inferred
Folkestone and Hythe,2021-04-11,0.0,0.0,0.0,0.0,0.0,0.0,0.0,1.0,1.0,1.0,1.0,2.0,3.0,inferred
Folkestone and Hythe,2021-04-12,0.0,0.0,0.0,0.0,0.0,0.0,1.0,1.0,1.0,1.0,2.0,2.0,4.0,inferred
Folkestone and Hythe,2021-04-13,0.0,0.0,0.0,0.0,0.0,0.0,0.0,1.0,1.0,1.0,2.0,2.0,4.0,inferred
Folkestone and Hythe,2021-04-14,0.0,0.0,0.0,0.0,0.0,0.0,1.0,1.0,1.0,2.0,2.0,2.0,4.0,inferred
Folkestone and Hythe,2021-04-15,0.0,0.0,0.0,0.0,0.0,0.0,1.0,1.0,1.0,1.0,2.0,2.0,4.0,inferred
Folkestone and Hythe,2021-04-16,0.0,0.0,0.0,0.0,0.0,0.0,0.0,1.0,1.0,1.0,1.0,2.0,4.0,inferred
Folkestone and Hythe,2021-04-17,0.0,0.0,0.0,0.0,0.0,0.0,0.0,1.0,1.0,1.0,1.0,2.0,3.0,inferred
Folkestone and Hythe,2021-04-18,0.0,0.0,0.0,0.0,0.0,0.0,0.0,1.0,1.0,1.0,2.0,2.0,3.0,inferred
Folkestone and Hythe,2021-04-19,0.0,0.0,0.0,0.0,0.0,0.0,1.0,1.0,1.0,2.0,2.0,3.0,4.0,inferred
Folkestone and Hythe,2021-04-20,0.0,0.0,0.0,0.0,0.0,0.0,1.0,1.0,1.0,2.0,2.0,3.0,4.0,inferred
Folkestone and Hythe,2021-04-21,0.0,0.0,0.0,0.0,0.0,1.0,1.0,1.0,1.0,2.0,2.0,3.0,4.0,inferred
Folkestone and Hythe,2021-04-22,0.0,0.0,0.0,0.0,0.0,0.0,1.0,1.0,1.0,2.0,2.0,3.0,4.0,inferred
Folkestone and Hythe,2021-04-23,0.0,0.0,0.0,0.0,0.0,0.0,1.0,1.0,1.0,1.0,2.0,2.0,4.0,inferred
Folkestone and Hythe,2021-04-24,0.0,0.0,0.0,0.0,0.0,0.0,1.0,1.0,1.0,1.0,2.0,2.0,4.0,inferred
Folkestone and Hythe,2021-04-25,0.0,0.0,0.0,0.0,0.0,0.6,1.0,1.0,1.0,2.0,2.0,2.1,4.0,inferred
Folkestone and Hythe,2021-04-26,0.0,0.0,0.0,0.0,0.0,1.0,1.0,1.0,2.0,2.0,2.0,3.0,5.0,inferred
Folkestone and Hythe,2021-04-27,0.0,0.0,0.0,0.0,0.0,1.0,1.0,1.0,2.0,2.0,2.0,3.0,5.0,inferred
Folkestone and Hythe,2021-04-28,0.0,0.0,0.0,0.0,0.0,1.0,1.0,1.0,2.0,2.0,2.0,3.0,5.0,inferred
Folkestone and Hythe,2021-04-29,0.0,0.0,0.0,0.0,0.0,1.0,1.0,1.0,1.0,2.0,2.0,3.0,4.0,inferred
Folkestone and Hythe,2021-04-30,0.0,0.0,0.0,0.0,0.0,0.0,1.0,1.0,1.0,2.0,2.0,3.0,4.0,inferred
Folkestone and Hythe,2021-05-01,0.0,0.0,0.0,0.0,0.0,0.0,0.0,1.0,1.0,1.0,2.0,2.0,4.0,inferred
Folkestone and Hythe,2021-05-02,0.0,0.0,0.0,0.0,0.0,0.0,1.0,1.0,1.0,1.0,2.0,2.0,4.0,inferred
Folkestone and Hythe,2021-05-03,0.0,0.0,0.0,0.0,0.0,1.0,1.0,1.0,2.0,2.0,2.0,3.0,4.0,inferred
Folkestone and Hythe,2021-05-04,0.0,0.0,0.0,0.0,0.0,1.0,1.0,1.0,2.0,2.0,2.0,3.0,4.0,inferred
Folkestone and Hythe,2021-05-05,0.0,0.0,0.0,0.0,0.0,1.0,1.0,1.0,2.0,2.0,2.0,3.0,5.0,inferred
Folkestone and Hythe,2021-05-06,0.0,0.0,0.0,0.0,0.0,1.0,1.0,1.0,2.0,2.0,2.0,3.0,4.0,inferred
Folkestone and Hythe,2021-05-07,0.0,0.0,0.0,0.0,0.0,1.0,1.0,1.0,2.0,2.0,2.0,3.0,4.0,inferred
Folkestone and Hythe,2021-05-08,0.0,0.0,0.0,0.0,0.0,0.0,1.0,1.0,1.0,1.0,2.0,2.0,4.0,inferred
Folkestone and Hythe,2021-05-09,0.0,0.0,0.0,0.0,0.0,1.0,1.0,1.0,1.0,2.0,2.0,3.0,4.0,inferred
Folkestone and Hythe,2021-05-10,0.0,0.0,0.0,0.0,0.0,1.0,1.0,1.0,2.0,2.0,2.0,3.0,4.0,inferred
Folkestone and Hythe,2021-05-11,0.0,0.0,0.0,0.0,0.0,1.0,1.0,1.0,2.0,2.0,2.0,3.0,4.0,inferred
Folkestone and Hythe,2021-05-12,0.0,0.0,0.0,0.0,0.0,1.0,1.0,1.0,2.0,2.0,2.0,3.0,5.0,inferred
Folkestone and Hythe,2021-05-13,0.0,0.0,0.0,0.0,0.0,1.0,1.0,1.0,2.0,2.0,2.0,3.0,5.0,inferred
Folkestone and Hythe,2021-05-14,0.0,0.0,0.0,0.0,0.0,0.0,1.0,1.0,1.0,2.0,2.0,3.0,4.0,inferred
Folkestone and Hythe,2021-05-15,0.0,0.0,0.0,0.0,0.0,0.0,0.0,1.0,1.0,1.0,1.0,2.0,3.0,inferred
Folkestone and Hythe,2021-05-16,0.0,0.0,0.0,0.0,0.0,0.0,1.0,1.0,1.0,2.0,2.0,3.0,4.0,inferred
Folkestone and Hythe,2021-05-17,0.0,0.0,0.0,0.0,0.0,1.0,1.0,1.0,2.0,2.0,2.0,3.0,5.0,inferred
Folkestone and Hythe,2021-05-18,0.0,0.0,0.0,0.0,0.0,1.0,1.0,1.0,2.0,2.0,2.0,3.0,4.0,inferred
Folkestone and Hythe,2021-05-19,0.0,0.0,0.0,0.0,0.0,1.0,1.0,1.0,2.0,2.0,2.0,3.0,5.0,inferred
Folkestone and Hythe,2021-05-20,0.0,0.0,0.0,0.0,0.0,1.0,1.0,1.0,2.0,2.0,2.0,3.0,4.0,inferred
Folkestone and Hythe,2021-05-21,0.0,0.0,0.0,0.0,0.0,1.0,1.0,1.0,2.0,2.0,2.0,3.0,4.0,inferred
Folkestone and Hythe,2021-05-22,0.0,0.0,0.0,0.0,0.0,1.0,1.0,1.0,1.0,2.0,2.0,3.0,4.0,inferred
Folkestone and Hythe,2021-05-23,0.0,0.0,0.0,0.0,0.0,1.0,1.0,1.0,2.0,2.0,2.0,3.0,5.0,inferred
Folkestone and Hythe,2021-05-24,0.0,0.0,0.0,1.0,1.0,1.0,1.0,2.0,2.0,3.0,3.0,4.0,6.0,inferred
Folkestone and Hythe,2021-05-25,0.0,0.0,0.0,1.0,1.0,1.0,1.0,2.0,2.0,3.0,3.0,4.0,5.0,inferred
Folkestone and Hythe,2021-05-26,0.0,0.0,1.0,1.0,1.0,1.0,2.0,2.0,3.0,3.0,3.0,4.0,6.0,inferred
Folkestone and Hythe,2021-05-27,0.0,0.0,1.0,1.0,1.0,1.0,2.0,2.0,3.0,3.0,3.0,4.0,6.0,inferred
Folkestone and Hythe,2021-05-28,0.0,0.0,0.0,1.0,1.0,1.0,1.0,2.0,2.0,3.0,3.0,4.0,6.0,inferred
Folkestone and Hythe,2021-05-29,0.0,0.0,0.0,0.0,1.0,1.0,1.0,2.0,2.0,2.0,3.0,3.1,5.0,inferred
Folkestone and Hythe,2021-05-30,0.0,0.0,0.0,1.0,1.0,1.0,1.0,2.0,2.0,3.0,3.0,4.0,5.0,inferred
Folkestone and Hythe,2021-05-31,0.0,0.0,1.0,1.0,1.0,2.0,2.0,2.0,3.0,3.0,4.0,5.0,6.0,inferred
Folkestone and Hythe,2021-06-01,0.0,0.0,1.0,1.0,1.0,2.0,2.0,2.0,3.0,3.0,4.0,5.0,7.0,inferred
Folkestone and Hythe,2021-06-02,0.0,0.0,1.0,1.0,1.0,2.0,2.0,3.0,3.0,4.0,4.0,5.0,7.0,inferred
Folkestone and Hythe,2021-06-03,0.0,0.0,1.0,1.0,1.0,2.0,2.0,3.0,3.0,4.0,4.0,5.0,8.0,inferred
Folkestone and Hythe,2021-06-04,0.0,0.0,1.0,1.0,1.0,2.0,2.0,3.0,3.0,3.0,4.0,5.0,7.0,inferred
Folkestone and Hythe,2021-06-05,0.0,0.0,1.0,1.0,1.0,1.0,2.0,2.0,3.0,3.0,3.0,4.0,6.0,inferred
Folkestone and Hythe,2021-06-06,0.0,0.0,1.0,1.0,1.0,2.0,2.0,3.0,3.0,4.0,4.0,5.0,7.0,inferred
Folkestone and Hythe,2021-06-07,0.0,1.0,1.0,2.0,2.0,2.0,3.0,3.0,4.0,4.0,5.0,6.0,8.0,inferred
Folkestone and Hythe,2021-06-08,0.0,1.0,1.0,2.0,2.0,2.0,3.0,3.0,4.0,4.0,5.0,6.0,8.0,inferred
Folkestone and Hythe,2021-06-09,0.0,1.0,1.0,2.0,2.0,3.0,3.0,4.0,4.0,5.0,5.0,6.0,8.0,inferred
Folkestone and Hythe,2021-06-10,0.0,1.0,1.0,2.0,2.0,2.0,3.0,3.0,4.0,4.0,5.0,6.0,8.0,inferred
Folkestone and Hythe,2021-06-11,0.0,1.0,1.0,1.0,2.0,2.0,3.0,3.0,4.0,4.0,5.0,6.0,8.0,inferred
Folkestone and Hythe,2021-06-12,0.0,0.0,1.0,1.0,1.0,2.0,2.0,3.0,3.0,4.0,4.0,5.0,7.0,inferred
Folkestone and Hythe,2021-06-13,0.0,1.0,1.0,1.0,2.0,2.0,3.0,3.0,4.0,4.0,5.0,6.0,8.0,inferred
Folkestone and Hythe,2021-06-14,0.0,1.0,2.0,2.0,2.0,3.0,4.0,4.0,5.0,5.0,6.0,7.0,9.0,inferred
Folkestone and Hythe,2021-06-15,0.0,1.0,2.0,2.0,3.0,3.0,4.0,4.0,5.0,5.0,6.0,7.0,10.0,inferred
Folkestone and Hythe,2021-06-16,0.0,1.0,2.0,3.0,3.0,4.0,4.0,5.0,6.0,6.0,7.0,8.0,11.0,inferred
Folkestone and Hythe,2021-06-17,0.0,1.0,2.0,2.0,3.0,3.0,4.0,5.0,5.0,6.0,6.0,8.0,10.0,inferred
Folkestone and Hythe,2021-06-18,0.0,1.0,2.0,2.0,2.0,3.0,4.0,4.0,5.0,5.0,6.0,7.0,10.0,inferred
Forest of Dean,2021-03-06,0.0,1.0,1.0,1.0,1.0,2.0,2.0,3.0,3.0,4.0,4.0,5.0,7.0,inferred
Forest of Dean,2021-03-07,0.0,1.0,1.0,2.0,2.0,2.0,3.0,3.0,4.0,4.0,5.0,6.0,7.0,inferred
Forest of Dean,2021-03-08,0.0,1.0,2.0,2.0,2.0,3.0,3.0,4.0,4.0,5.0,5.0,6.0,8.0,inferred
Forest of Dean,2021-03-09,0.0,1.0,1.0,1.0,2.0,2.0,3.0,3.0,4.0,4.0,4.0,5.0,7.0,inferred
Forest of Dean,2021-03-10,0.0,1.0,1.0,2.0,2.0,2.0,3.0,3.0,4.0,4.0,5.0,6.0,7.0,inferred
Forest of Dean,2021-03-11,0.0,1.0,1.0,1.0,2.0,2.0,2.0,3.0,3.0,4.0,4.0,5.0,7.0,inferred
Forest of Dean,2021-03-12,0.0,0.0,1.0,1.0,1.0,2.0,2.0,2.0,3.0,3.0,4.0,4.0,6.0,inferred
Forest of Dean,2021-03-13,0.0,0.0,0.0,1.0,1.0,1.0,1.0,2.0,2.0,2.0,3.0,4.0,5.0,inferred
Forest of Dean,2021-03-14,0.0,0.0,1.0,1.0,1.0,2.0,2.0,2.0,3.0,3.0,4.0,5.0,6.0,inferred
Forest of Dean,2021-03-15,0.0,0.9,1.0,1.0,1.0,2.0,2.0,3.0,3.0,4.0,4.0,5.0,7.0,inferred
Forest of Dean,2021-03-16,0.0,0.0,1.0,1.0,1.0,2.0,2.0,2.0,3.0,3.0,4.0,4.1,6.0,inferred
Forest of Dean,2021-03-17,0.0,1.0,1.0,1.0,2.0,2.0,2.0,3.0,3.0,4.0,4.0,5.0,7.0,inferred
Forest of Dean,2021-03-18,0.0,0.0,1.0,1.0,1.0,2.0,2.0,3.0,3.0,3.0,4.0,5.0,6.0,inferred
Forest of Dean,2021-03-19,0.0,0.0,1.0,1.0,1.0,2.0,2.0,2.0,3.0,3.0,3.0,4.0,6.0,inferred
Forest of Dean,2021-03-20,0.0,0.0,0.0,1.0,1.0,1.0,1.0,2.0,2.0,2.0,3.0,3.0,5.0,inferred
Forest of Dean,2021-03-21,0.0,0.0,1.0,1.0,1.0,1.0,2.0,2.0,3.0,3.0,3.0,4.0,6.0,inferred
Forest of Dean,2021-03-22,0.0,0.0,1.0,1.0,1.0,2.0,2.0,3.0,3.0,4.0,4.0,5.0,7.0,inferred
Forest of Dean,2021-03-23,0.0,0.0,1.0,1.0,1.0,2.0,2.0,2.0,3.0,3.0,3.0,4.0,6.0,inferred
Forest of Dean,2021-03-24,0.0,0.0,1.0,1.0,1.0,2.0,2.0,3.0,3.0,3.0,4.0,5.0,7.0,inferred
Forest of Dean,2021-03-25,0.0,0.0,1.0,1.0,1.0,1.0,2.0,2.0,3.0,3.0,3.0,4.0,6.0,inferred
Forest of Dean,2021-03-26,0.0,0.0,0.0,1.0,1.0,1.0,1.0,2.0,2.0,2.0,3.0,3.0,5.0,inferred
Forest of Dean,2021-03-27,0.0,0.0,0.0,0.0,0.0,1.0,1.0,1.0,1.0,2.0,2.0,3.0,4.0,inferred
Forest of Dean,2021-03-28,0.0,0.0,0.0,0.0,1.0,1.0,1.0,1.0,2.0,2.0,2.0,3.0,4.0,inferred
Forest of Dean,2021-03-29,0.0,0.0,0.0,0.0,1.0,1.0,1.0,2.0,2.0,2.0,3.0,3.0,5.0,inferred
Forest of Dean,2021-03-30,0.0,0.0,0.0,0.0,0.0,1.0,1.0,1.0,2.0,2.0,2.0,3.0,4.0,inferred
Forest of Dean,2021-03-31,0.0,0.0,0.0,0.0,1.0,1.0,1.0,1.0,2.0,2.0,2.0,3.0,4.0,inferred
Forest of Dean,2021-04-01,0.0,0.0,0.0,0.0,0.0,1.0,1.0,1.0,2.0,2.0,2.0,3.0,4.0,inferred
Forest of Dean,2021-04-02,0.0,0.0,0.0,0.0,0.0,0.0,1.0,1.0,1.0,1.0,2.0,2.0,3.5,inferred
Forest of Dean,2021-04-03,0.0,0.0,0.0,0.0,0.0,0.0,0.0,1.0,1.0,1.0,1.0,2.0,3.0,inferred
Forest of Dean,2021-04-04,0.0,0.0,0.0,0.0,0.0,0.0,1.0,1.0,1.0,1.0,1.0,2.0,3.0,inferred
Forest of Dean,2021-04-05,0.0,0.0,0.0,0.0,0.0,0.0,1.0,1.0,1.0,1.2,2.0,2.0,4.0,inferred
Forest of Dean,2021-04-06,0.0,0.0,0.0,0.0,0.0,0.0,0.0,1.0,1.0,1.0,1.0,2.0,3.0,inferred
Forest of Dean,2021-04-07,0.0,0.0,0.0,0.0,0.0,0.0,1.0,1.0,1.0,1.0,2.0,2.0,3.0,inferred
Forest of Dean,2021-04-08,0.0,0.0,0.0,0.0,0.0,0.0,1.0,1.0,1.0,1.0,1.0,2.0,3.0,inferred
Forest of Dean,2021-04-09,0.0,0.0,0.0,0.0,0.0,0.0,0.0,1.0,1.0,1.0,1.0,2.0,3.0,inferred
Forest of Dean,2021-04-10,0.0,0.0,0.0,0.0,0.0,0.0,0.0,0.0,1.0,1.0,1.0,2.0,3.0,inferred
Forest of Dean,2021-04-11,0.0,0.0,0.0,0.0,0.0,0.0,0.0,1.0,1.0,1.0,1.0,2.0,3.0,inferred
Forest of Dean,2021-04-12,0.0,0.0,0.0,0.0,0.0,0.0,1.0,1.0,1.0,1.0,2.0,2.0,3.0,inferred
Forest of Dean,2021-04-13,0.0,0.0,0.0,0.0,0.0,0.0,0.0,1.0,1.0,1.0,1.0,2.0,3.0,inferred
Forest of Dean,2021-04-14,0.0,0.0,0.0,0.0,0.0,0.0,1.0,1.0,1.0,1.0,1.0,2.0,3.0,inferred
Forest of Dean,2021-04-15,0.0,0.0,0.0,0.0,0.0,0.0,1.0,1.0,1.0,1.0,1.0,2.0,3.0,inferred
Forest of Dean,2021-04-16,0.0,0.0,0.0,0.0,0.0,0.0,0.0,1.0,1.0,1.0,1.0,2.0,3.0,inferred
Forest of Dean,2021-04-17,0.0,0.0,0.0,0.0,0.0,0.0,0.0,0.0,1.0,1.0,1.0,2.0,3.0,inferred
Forest of Dean,2021-04-18,0.0,0.0,0.0,0.0,0.0,0.0,0.5,1.0,1.0,1.0,1.0,2.0,3.0,inferred
Forest of Dean,2021-04-19,0.0,0.0,0.0,0.0,0.0,0.0,1.0,1.0,1.0,1.0,2.0,2.0,3.0,inferred
Forest of Dean,2021-04-20,0.0,0.0,0.0,0.0,0.0,0.0,1.0,1.0,1.0,1.0,1.0,2.0,3.0,inferred
Forest of Dean,2021-04-21,0.0,0.0,0.0,0.0,0.0,0.0,1.0,1.0,1.0,1.0,2.0,2.0,3.0,inferred
Forest of Dean,2021-04-22,0.0,0.0,0.0,0.0,0.0,0.0,1.0,1.0,1.0,1.0,1.0,2.0,3.0,inferred
Forest of Dean,2021-04-23,0.0,0.0,0.0,0.0,0.0,0.0,0.0,1.0,1.0,1.0,1.0,2.0,3.0,inferred
Forest of Dean,2021-04-24,0.0,0.0,0.0,0.0,0.0,0.0,0.0,0.0,1.0,1.0,1.0,1.0,2.0,inferred
Forest of Dean,2021-04-25,0.0,0.0,0.0,0.0,0.0,0.0,0.0,1.0,1.0,1.0,1.0,2.0,3.0,inferred
Forest of Dean,2021-04-26,0.0,0.0,0.0,0.0,0.0,0.0,1.0,1.0,1.0,1.0,2.0,2.0,4.0,inferred
Forest of Dean,2021-04-27,0.0,0.0,0.0,0.0,0.0,0.0,1.0,1.0,1.0,1.0,1.0,2.0,3.0,inferred
Forest of Dean,2021-04-28,0.0,0.0,0.0,0.0,0.0,0.0,1.0,1.0,1.0,1.0,2.0,2.0,4.0,inferred
Forest of Dean,2021-04-29,0.0,0.0,0.0,0.0,0.0,0.0,1.0,1.0,1.0,1.0,2.0,2.0,4.0,inferred
Forest of Dean,2021-04-30,0.0,0.0,0.0,0.0,0.0,0.0,0.0,1.0,1.0,1.0,1.0,2.0,3.0,inferred
Forest of Dean,2021-05-01,0.0,0.0,0.0,0.0,0.0,0.0,0.0,0.0,1.0,1.0,1.0,2.0,2.0,inferred
Forest of Dean,2021-05-02,0.0,0.0,0.0,0.0,0.0,0.0,0.0,1.0,1.0,1.0,1.0,2.0,3.0,inferred
Forest of Dean,2021-05-03,0.0,0.0,0.0,0.0,0.0,0.0,1.0,1.0,1.0,1.0,2.0,2.0,3.0,inferred
Forest of Dean,2021-05-04,0.0,0.0,0.0,0.0,0.0,0.0,1.0,1.0,1.0,1.0,1.0,2.0,3.0,inferred
Forest of Dean,2021-05-05,0.0,0.0,0.0,0.0,0.0,0.0,1.0,1.0,1.0,1.0,2.0,2.0,3.0,inferred
Forest of Dean,2021-05-06,0.0,0.0,0.0,0.0,0.0,0.0,1.0,1.0,1.0,1.0,2.0,2.0,3.0,inferred
Forest of Dean,2021-05-07,0.0,0.0,0.0,0.0,0.0,0.0,0.0,1.0,1.0,1.0,1.0,2.0,3.0,inferred
Forest of Dean,2021-05-08,0.0,0.0,0.0,0.0,0.0,0.0,0.0,0.0,1.0,1.0,1.0,2.0,3.0,inferred
Forest of Dean,2021-05-09,0.0,0.0,0.0,0.0,0.0,0.0,0.0,1.0,1.0,1.0,1.0,2.0,3.0,inferred
Forest of Dean,2021-05-10,0.0,0.0,0.0,0.0,0.0,0.0,1.0,1.0,1.0,1.0,2.0,2.0,4.0,inferred
Forest of Dean,2021-05-11,0.0,0.0,0.0,0.0,0.0,0.0,1.0,1.0,1.0,1.0,2.0,2.0,3.0,inferred
Forest of Dean,2021-05-12,0.0,0.0,0.0,0.0,0.0,0.0,1.0,1.0,1.0,1.0,2.0,2.0,4.0,inferred
Forest of Dean,2021-05-13,0.0,0.0,0.0,0.0,0.0,0.0,1.0,1.0,1.0,1.0,2.0,2.0,3.5,inferred
Forest of Dean,2021-05-14,0.0,0.0,0.0,0.0,0.0,0.0,1.0,1.0,1.0,1.0,1.0,2.0,3.0,inferred
Forest of Dean,2021-05-15,0.0,0.0,0.0,0.0,0.0,0.0,0.0,1.0,1.0,1.0,1.0,2.0,3.0,inferred
Forest of Dean,2021-05-16,0.0,0.0,0.0,0.0,0.0,0.0,1.0,1.0,1.0,1.0,1.0,2.0,3.0,inferred
Forest of Dean,2021-05-17,0.0,0.0,0.0,0.0,0.0,1.0,1.0,1.0,1.0,2.0,2.0,3.0,4.0,inferred
Forest of Dean,2021-05-18,0.0,0.0,0.0,0.0,0.0,0.0,1.0,1.0,1.0,1.0,2.0,2.0,3.0,inferred
Forest of Dean,2021-05-19,0.0,0.0,0.0,0.0,0.0,1.0,1.0,1.0,2.0,2.0,2.0,3.0,4.0,inferred
Forest of Dean,2021-05-20,0.0,0.0,0.0,0.0,0.0,1.0,1.0,1.0,1.0,2.0,2.0,3.0,4.0,inferred
Forest of Dean,2021-05-21,0.0,0.0,0.0,0.0,0.0,0.6,1.0,1.0,1.0,2.0,2.0,2.0,4.0,inferred
Forest of Dean,2021-05-22,0.0,0.0,0.0,0.0,0.0,0.0,0.0,1.0,1.0,1.0,1.0,2.0,3.0,inferred
Forest of Dean,2021-05-23,0.0,0.0,0.0,0.0,0.0,1.0,1.0,1.0,1.0,2.0,2.0,2.0,4.0,inferred
Forest of Dean,2021-05-24,0.0,0.0,0.0,0.0,1.0,1.0,1.0,1.0,2.0,2.0,2.0,3.0,4.0,inferred
Forest of Dean,2021-05-25,0.0,0.0,0.0,0.0,1.0,1.0,1.0,1.0,2.0,2.0,2.0,3.0,4.0,inferred
Forest of Dean,2021-05-26,0.0,0.0,0.0,1.0,1.0,1.0,1.0,2.0,2.0,3.0,3.0,4.0,5.0,inferred
Forest of Dean,2021-05-27,0.0,0.0,1.0,1.0,1.0,1.0,2.0,2.0,2.0,3.0,3.0,4.0,5.0,inferred
Forest of Dean,2021-05-28,0.0,0.0,0.0,1.0,1.0,1.0,1.0,2.0,2.0,2.0,3.0,4.0,5.0,inferred
Forest of Dean,2021-05-29,0.0,0.0,0.0,1.0,1.0,1.0,1.0,2.0,2.0,2.0,3.0,3.0,5.0,inferred
Forest of Dean,2021-05-30,0.0,0.0,1.0,1.0,1.0,2.0,2.0,2.0,3.0,3.0,3.0,4.0,6.0,inferred
Forest of Dean,2021-05-31,0.0,1.0,1.0,2.0,2.0,2.0,3.0,3.0,4.0,4.0,4.0,5.0,7.0,inferred
Forest of Dean,2021-06-01,0.0,1.0,1.0,2.0,2.0,2.0,3.0,3.0,4.0,4.0,4.0,5.0,7.0,inferred
Forest of Dean,2021-06-02,0.0,1.0,2.0,2.0,2.0,3.0,3.0,4.0,4.0,5.0,5.0,6.0,8.0,inferred
Forest of Dean,2021-06-03,0.0,1.0,2.0,2.0,2.0,3.0,3.0,4.0,4.0,5.0,5.0,6.0,8.0,inferred
Forest of Dean,2021-06-04,0.0,1.0,1.0,2.0,2.0,2.0,3.0,3.0,4.0,4.0,4.0,6.0,7.0,inferred
Forest of Dean,2021-06-05,0.0,0.0,1.0,1.0,1.0,2.0,2.0,3.0,3.0,4.0,4.0,5.0,6.0,inferred
Forest of Dean,2021-06-06,0.0,1.0,2.0,2.0,2.0,3.0,3.0,4.0,5.0,5.0,5.0,7.0,9.0,inferred
Forest of Dean,2021-06-07,1.0,2.0,3.0,3.0,3.0,4.0,5.0,5.0,6.0,6.0,7.0,8.0,10.0,inferred
Forest of Dean,2021-06-08,1.0,2.0,2.0,3.0,3.0,4.0,4.0,5.0,6.0,6.0,6.0,8.0,10.0,inferred
Forest of Dean,2021-06-09,1.0,2.0,3.0,4.0,4.0,5.0,5.0,6.0,7.0,7.0,7.0,9.0,11.0,inferred
Forest of Dean,2021-06-10,1.0,2.0,3.0,4.0,4.0,5.0,5.0,6.0,7.0,7.0,7.0,9.0,11.0,inferred
Forest of Dean,2021-06-11,1.0,2.0,3.0,3.0,4.0,4.0,5.0,5.0,6.0,6.0,7.0,8.0,10.0,inferred
Forest of Dean,2021-06-12,1.0,1.0,2.0,2.0,3.0,3.0,4.0,4.0,5.0,6.0,6.0,7.0,9.0,inferred
Forest of Dean,2021-06-13,1.0,3.0,4.0,4.0,4.0,5.0,6.0,6.0,7.0,7.0,8.0,9.0,11.5,inferred
Forest of Dean,2021-06-14,2.0,4.0,5.0,5.0,6.0,7.0,7.0,8.0,9.0,10.0,10.0,12.0,14.5,inferred
Forest of Dean,2021-06-15,2.0,3.0,5.0,5.0,5.0,6.0,7.0,8.0,8.0,9.0,9.0,11.0,14.0,inferred
Forest of Dean,2021-06-16,3.0,5.0,6.0,6.0,7.0,8.0,8.0,9.0,10.0,11.0,11.0,13.0,17.0,inferred
Forest of Dean,2021-06-17,3.0,5.0,6.0,6.0,6.7,7.0,8.0,9.0,10.0,11.0,11.0,13.0,16.0,inferred
Forest of Dean,2021-06-18,2.0,4.0,5.0,5.0,6.0,7.0,7.0,8.0,9.0,10.0,10.0,12.0,14.0,inferred
Forth Valley,2021-03-06,37.0,45.0,50.0,52.0,53.0,56.0,59.0,62.0,65.0,67.0,69.0,76.0,85.0,inferred
Forth Valley,2021-03-07,30.0,37.0,41.0,43.0,45.0,48.0,50.0,53.0,56.0,58.0,60.0,65.1,75.0,inferred
Forth Valley,2021-03-08,24.0,29.0,33.0,34.0,36.0,39.0,41.0,44.0,47.0,48.0,50.0,55.0,64.0,inferred
Forth Valley,2021-03-09,24.0,31.0,35.8,37.0,39.0,41.0,43.0,46.0,49.0,51.0,52.0,58.0,67.0,inferred
Forth Valley,2021-03-10,35.0,41.0,46.0,48.0,50.0,53.0,56.0,59.0,63.0,64.0,66.0,73.0,81.5,inferred
Forth Valley,2021-03-11,31.0,37.0,41.0,43.0,44.0,47.0,50.0,53.0,55.0,57.0,60.0,66.0,77.0,inferred
Forth Valley,2021-03-12,30.5,36.9,41.0,42.0,44.0,47.0,49.5,53.0,56.0,58.0,60.0,66.0,75.0,inferred
Forth Valley,2021-03-13,25.0,32.0,36.0,37.0,39.0,42.0,45.0,48.0,51.0,53.0,54.0,60.0,68.0,inferred
Forth Valley,2021-03-14,20.0,25.0,29.0,30.0,32.0,34.0,36.0,39.0,42.0,43.0,45.0,50.0,58.0,inferred
Forth Valley,2021-03-15,14.0,18.0,22.0,23.0,24.0,27.0,29.0,31.0,34.0,35.0,37.0,41.0,49.0,inferred
Forth Valley,2021-03-16,15.0,20.0,23.0,25.0,26.0,29.0,31.0,33.0,35.0,37.0,38.0,43.0,51.0,inferred
Forth Valley,2021-03-17,23.0,28.0,33.0,34.0,36.0,38.0,41.0,44.0,47.0,48.2,50.0,56.0,67.0,inferred
Forth Valley,2021-03-18,21.0,27.0,30.0,32.0,33.0,35.0,38.0,41.0,44.0,46.0,47.0,53.0,62.0,inferred
Forth Valley,2021-03-19,21.5,27.0,32.0,33.0,35.0,38.0,40.5,43.0,46.0,48.0,50.0,55.0,64.5,inferred
Forth Valley,2021-03-20,20.5,26.0,30.0,31.0,33.0,35.0,38.0,40.0,43.0,45.0,47.0,52.0,61.0,inferred
Forth Valley,2021-03-21,16.0,21.0,25.0,26.0,28.0,30.0,33.0,35.0,38.0,39.0,41.0,46.0,53.0,inferred
Forth Valley,2021-03-22,13.0,17.0,20.0,21.0,23.0,25.0,27.0,29.0,31.0,33.0,34.0,39.0,47.0,inferred
Forth Valley,2021-03-23,14.0,18.0,22.0,23.0,24.0,27.0,29.0,31.0,34.0,36.0,37.0,42.0,51.0,inferred
Forth Valley,2021-03-24,23.0,28.0,33.0,34.0,36.0,38.0,41.0,43.0,46.0,48.0,51.0,56.0,64.0,inferred
Forth Valley,2021-03-25,22.5,28.0,32.0,33.0,35.0,38.0,40.0,43.0,46.0,48.0,50.0,56.0,64.0,inferred
Forth Valley,2021-03-26,25.0,31.0,35.0,36.0,38.0,41.0,44.0,46.0,50.0,52.0,54.0,60.0,68.5,inferred
Forth Valley,2021-03-27,24.0,30.0,34.0,36.0,37.0,40.0,42.0,45.0,48.0,50.0,52.0,57.0,65.5,inferred
Forth Valley,2021-03-28,20.0,26.0,30.0,31.0,33.0,36.0,38.0,40.0,43.0,45.0,47.0,52.0,61.0,inferred
Forth Valley,2021-03-29,17.0,22.0,25.0,27.0,28.0,30.0,32.0,35.0,38.0,40.0,41.0,46.0,54.0,inferred
Forth Valley,2021-03-30,18.0,23.0,26.0,28.0,29.0,32.0,34.0,37.0,40.0,41.0,43.0,48.0,57.0,inferred
Forth Valley,2021-03-31,25.0,32.0,36.0,38.0,39.0,42.0,45.0,48.0,51.0,53.0,55.0,61.0,70.0,inferred
Forth Valley,2021-04-01,22.0,29.0,33.0,34.0,35.0,38.0,41.0,44.0,47.0,48.0,50.0,55.0,65.5,inferred
Forth Valley,2021-04-02,23.0,29.0,33.0,35.0,36.0,39.0,41.0,44.0,47.0,48.0,50.0,55.1,64.0,inferred
Forth Valley,2021-04-03,19.0,24.0,28.0,30.0,31.0,34.0,36.0,39.0,41.0,43.0,45.0,50.0,57.0,inferred
Forth Valley,2021-04-04,15.0,20.0,23.0,24.0,25.0,28.0,30.0,32.0,34.0,36.0,38.0,43.0,51.0,inferred
Forth Valley,2021-04-05,10.0,14.0,17.0,18.0,19.0,22.0,23.0,26.0,28.0,29.0,31.0,34.0,41.0,inferred
Forth Valley,2021-04-06,11.0,15.0,18.0,19.0,20.0,22.0,24.0,26.0,29.0,30.0,32.0,36.1,43.0,inferred
Forth Valley,2021-04-07,15.0,20.0,23.8,25.0,26.0,29.0,31.0,33.0,35.0,37.0,39.0,43.1,52.0,inferred
Forth Valley,2021-04-08,13.0,17.0,21.0,22.0,23.0,25.0,27.0,30.0,32.0,34.0,35.0,40.0,47.0,inferred
Forth Valley,2021-04-09,13.0,18.0,20.0,22.0,23.0,25.0,27.0,30.0,32.0,33.0,35.0,40.0,47.0,inferred
Forth Valley,2021-04-10,10.5,15.0,18.0,19.0,20.0,22.0,24.0,26.0,29.0,30.0,31.0,35.0,42.0,inferred
Forth Valley,2021-04-11,8.0,11.0,14.0,14.0,15.0,17.0,19.0,21.0,23.0,24.0,26.0,30.0,36.0,inferred
Forth Valley,2021-04-12,5.0,8.0,10.0,11.0,11.0,13.0,15.0,16.0,18.0,19.0,20.0,23.0,29.0,inferred
Forth Valley,2021-04-13,5.0,8.0,10.0,11.0,12.0,14.0,15.0,17.0,19.0,20.0,21.0,24.0,30.0,inferred
Forth Valley,2021-04-14,7.0,11.0,14.0,15.0,16.0,18.0,20.0,21.0,23.0,24.0,26.0,30.0,36.0,inferred
Forth Valley,2021-04-15,6.0,10.0,12.0,13.0,14.0,16.0,17.0,19.0,21.0,22.0,23.0,27.0,33.0,inferred
Forth Valley,2021-04-16,7.0,10.0,12.0,13.0,14.0,16.0,17.0,19.0,21.0,22.0,23.0,27.0,34.0,inferred
Forth Valley,2021-04-17,5.0,8.0,10.0,11.0,12.0,14.0,16.0,17.0,19.0,20.0,21.0,25.0,31.0,inferred
Forth Valley,2021-04-18,4.0,6.0,8.0,9.0,10.0,11.0,13.0,14.0,16.0,16.0,17.0,21.0,27.0,inferred
Forth Valley,2021-04-19,2.0,4.0,6.0,7.0,7.0,9.0,10.0,11.0,13.0,14.0,15.0,18.0,23.5,inferred
Forth Valley,2021-04-20,3.0,5.0,6.0,7.0,8.0,9.0,10.0,12.0,13.0,14.0,15.0,19.0,23.0,inferred
Forth Valley,2021-04-21,4.0,7.0,9.0,10.0,11.0,12.0,14.0,15.0,17.0,18.0,19.0,23.0,27.5,inferred
Forth Valley,2021-04-22,3.5,6.0,8.0,9.0,9.0,11.0,12.0,13.0,15.0,16.0,17.0,20.0,26.0,inferred
Forth Valley,2021-04-23,4.0,6.0,8.0,9.0,9.0,11.0,12.0,14.0,16.0,17.0,18.0,21.0,26.0,inferred
Forth Valley,2021-04-24,3.0,5.0,7.0,8.0,8.0,10.0,11.0,12.0,14.0,15.0,16.0,19.0,25.5,inferred
Forth Valley,2021-04-25,2.0,4.0,5.0,6.0,7.0,8.0,9.0,10.0,12.0,13.0,14.0,16.0,20.0,inferred
Forth Valley,2021-04-26,1.0,3.0,4.0,4.0,5.0,6.0,7.0,8.0,9.0,10.0,11.0,13.0,18.0,inferred
Forth Valley,2021-04-27,1.0,3.0,4.0,5.0,5.0,7.0,8.0,9.0,10.0,11.0,12.0,14.0,18.5,inferred
Forth Valley,2021-04-28,2.0,5.0,6.0,7.0,8.0,9.0,10.0,12.0,14.0,15.0,16.0,18.0,24.0,inferred
Forth Valley,2021-04-29,2.0,4.0,6.0,7.0,7.0,9.0,10.0,11.0,13.0,14.0,15.0,18.0,24.0,inferred
Forth Valley,2021-04-30,3.0,5.0,6.0,7.0,8.0,9.0,10.0,12.0,13.0,14.0,16.0,19.0,24.0,inferred
Forth Valley,2021-05-01,2.0,4.0,6.0,7.0,7.0,9.0,10.0,11.0,13.0,14.0,15.0,18.0,23.0,inferred
Forth Valley,2021-05-02,2.0,4.0,5.0,6.0,6.0,7.0,9.0,10.0,11.0,12.0,13.0,16.0,21.0,inferred
Forth Valley,2021-05-03,1.0,3.0,4.0,5.0,5.0,6.0,7.0,8.0,10.0,11.0,11.0,14.0,19.0,inferred
Forth Valley,2021-05-04,1.0,3.0,4.0,5.0,6.0,7.0,8.0,9.0,11.0,11.0,12.0,15.0,20.0,inferred
Forth Valley,2021-05-05,3.0,5.0,7.0,8.0,8.0,10.0,11.0,12.0,14.0,15.0,16.0,20.0,25.0,inferred
Forth Valley,2021-05-06,3.0,5.0,7.0,8.0,8.0,10.0,11.0,12.0,14.0,15.0,16.0,19.0,24.0,inferred
Forth Valley,2021-05-07,3.0,5.0,7.0,8.0,9.0,10.0,12.0,13.0,14.0,15.0,16.0,20.0,25.0,inferred
Forth Valley,2021-05-08,3.0,5.0,7.0,8.0,9.0,10.0,11.0,12.4,14.0,15.0,17.0,20.0,25.0,inferred
Forth Valley,2021-05-09,2.0,4.0,6.0,7.0,8.0,9.0,10.0,11.0,13.0,14.0,15.0,17.0,22.0,inferred
Forth Valley,2021-05-10,2.0,3.0,5.0,6.0,6.0,7.0,8.0,10.0,11.0,12.0,13.0,16.0,21.0,inferred
Forth Valley,2021-05-11,2.0,4.0,6.0,7.0,7.0,8.0,9.0,11.0,12.0,13.0,14.0,17.0,23.0,inferred
Forth Valley,2021-05-12,4.0,7.0,9.0,10.0,10.7,12.0,14.0,15.0,17.0,18.0,19.0,23.0,29.0,inferred
Forth Valley,2021-05-13,4.0,6.9,9.0,10.0,10.0,12.0,14.0,15.0,17.0,18.0,20.0,23.0,29.0,inferred
Forth Valley,2021-05-14,5.0,8.0,10.0,11.0,12.0,13.6,15.0,17.0,19.0,20.0,21.0,25.0,30.0,inferred
Forth Valley,2021-05-15,5.0,8.0,10.0,11.0,12.0,14.0,15.0,17.0,19.0,20.0,21.0,24.0,31.0,inferred
Forth Valley,2021-05-16,5.0,7.0,9.0,10.0,11.0,13.0,14.0,16.0,17.0,18.0,20.0,23.0,29.0,inferred
Forth Valley,2021-05-17,3.0,6.0,8.0,9.0,9.0,11.0,12.0,14.0,15.0,16.0,18.0,21.0,26.5,inferred
Forth Valley,2021-05-18,4.5,7.0,10.0,11.0,11.0,13.0,14.0,16.0,18.0,19.0,20.0,24.0,30.0,inferred
Forth Valley,2021-05-19,8.0,12.0,15.0,16.0,17.0,19.0,21.0,23.0,25.0,26.0,27.0,32.0,38.5,inferred
Forth Valley,2021-05-20,8.0,12.0,14.0,15.0,16.0,18.6,20.0,22.0,25.0,26.0,28.0,31.0,38.0,inferred
Forth Valley,2021-05-21,10.0,14.0,16.8,18.0,19.0,20.6,22.5,24.0,26.0,28.0,29.0,33.0,39.0,inferred
Forth Valley,2021-05-22,9.5,13.0,16.0,17.0,18.0,20.0,22.0,24.0,26.0,27.0,29.0,33.0,40.5,inferred
Forth Valley,2021-05-23,8.0,12.0,14.0,15.0,16.0,18.0,20.0,22.0,24.0,26.0,27.0,30.1,36.0,inferred
Forth Valley,2021-05-24,7.0,10.0,12.0,13.0,14.0,16.0,18.0,20.0,22.0,23.0,24.0,28.0,34.0,inferred
Forth Valley,2021-05-25,8.0,12.0,14.0,15.0,16.0,18.0,20.0,21.0,24.0,25.0,27.0,30.1,38.0,inferred
Forth Valley,2021-05-26,14.0,18.0,21.0,22.0,23.0,26.0,27.0,30.0,32.0,34.0,35.0,40.0,47.0,inferred
Forth Valley,2021-05-27,12.5,17.0,21.0,22.0,23.0,25.0,27.0,30.0,32.0,34.0,36.0,40.0,47.0,inferred
Forth Valley,2021-05-28,14.0,20.0,23.0,24.0,25.0,28.0,30.0,32.0,35.0,36.0,38.0,43.0,50.0,inferred
Forth Valley,2021-05-29,13.0,18.9,22.0,24.0,25.0,27.0,29.0,31.0,34.0,35.0,37.0,42.0,48.0,inferred
Forth Valley,2021-05-30,12.0,17.0,20.0,21.0,22.0,24.0,26.0,28.0,31.0,32.0,34.0,38.0,45.0,inferred
Forth Valley,2021-05-31,11.0,14.0,17.0,18.0,19.0,21.0,23.0,25.0,27.0,28.0,29.0,33.0,41.0,inferred
Forth Valley,2021-06-01,12.0,16.0,19.0,20.0,21.0,23.0,25.0,28.0,30.0,31.0,33.0,38.0,45.0,inferred
Forth Valley,2021-06-02,19.0,24.0,27.0,29.0,30.0,33.0,35.0,38.0,41.0,42.0,44.0,50.0,59.5,inferred
Forth Valley,2021-06-03,17.0,23.0,27.0,28.0,29.0,32.0,34.0,37.0,39.0,41.0,42.0,48.0,56.0,inferred
Forth Valley,2021-06-04,19.0,25.0,29.0,31.0,32.0,34.0,37.0,39.0,42.0,44.0,46.0,51.0,61.0,inferred
Forth Valley,2021-06-05,18.0,23.0,27.0,29.0,30.0,32.0,35.0,37.0,41.0,42.2,44.0,49.0,57.5,inferred
Forth Valley,2021-06-06,15.0,20.0,23.0,25.0,26.0,28.0,31.0,33.0,36.0,37.0,39.0,44.0,52.5,inferred
Forth Valley,2021-06-07,12.0,16.0,19.0,20.0,21.0,23.0,25.0,28.0,30.0,32.0,33.0,38.0,45.0,inferred
Forth Valley,2021-06-08,14.0,18.0,21.0,22.0,23.7,26.0,28.0,30.0,33.0,34.0,36.0,40.0,48.0,inferred
Forth Valley,2021-06-09,21.0,27.0,31.0,32.0,34.0,36.0,39.0,41.0,45.0,46.0,48.0,54.0,63.5,inferred
Forth Valley,2021-06-10,21.0,26.0,30.0,31.0,33.0,35.0,38.0,40.0,43.0,45.0,46.2,52.0,62.0,inferred
Forth Valley,2021-06-11,23.0,29.0,33.0,34.0,35.0,38.0,41.0,44.0,47.0,49.0,51.0,57.0,65.5,inferred
Forth Valley,2021-06-12,22.0,28.0,32.0,33.0,34.0,37.0,40.0,43.0,46.0,48.0,50.0,56.0,65.0,inferred
Forth Valley,2021-06-13,18.0,24.0,27.0,28.0,30.0,33.0,36.0,38.0,41.0,43.0,44.0,49.0,58.0,inferred
Forth Valley,2021-06-14,15.0,19.0,23.0,24.0,26.0,28.0,30.0,32.0,35.0,36.0,38.0,43.0,51.0,inferred
Forth Valley,2021-06-15,17.0,22.0,26.0,27.0,29.0,31.0,34.0,36.0,39.0,41.0,42.0,48.0,56.0,inferred
Forth Valley,2021-06-16,26.0,32.0,37.0,38.0,40.0,43.0,45.0,48.0,51.0,53.0,56.0,62.0,71.0,inferred
Forth Valley,2021-06-17,24.0,30.0,34.0,36.0,37.0,40.0,43.0,46.0,49.0,51.0,53.0,59.0,68.0,inferred
Forth Valley,2021-06-18,23.0,32.0,36.0,38.0,39.0,43.0,46.0,49.0,53.0,55.0,57.0,64.0,74.0,inferred
Fylde,2021-03-06,1.0,3.0,4.0,4.0,4.0,5.0,6.0,6.0,7.0,8.0,8.0,10.0,12.0,inferred
Fylde,2021-03-07,2.0,3.0,4.0,4.0,5.0,5.0,6.0,7.0,8.0,8.0,9.0,10.0,12.0,inferred
Fylde,2021-03-08,3.0,4.0,6.0,6.0,6.0,7.0,8.0,9.0,10.0,10.0,11.0,13.0,15.0,inferred
Fylde,2021-03-09,2.0,4.0,5.0,6.0,6.0,7.0,8.0,9.0,10.0,10.0,11.0,12.0,15.0,inferred
Fylde,2021-03-10,3.0,4.0,5.0,6.0,6.0,7.0,8.0,9.0,10.0,10.0,11.0,13.0,16.0,inferred
Fylde,2021-03-11,2.0,4.0,5.0,6.0,6.0,7.0,8.0,8.0,9.0,10.0,10.0,12.0,15.0,inferred
Fylde,2021-03-12,2.0,3.0,4.0,5.0,5.0,6.0,7.0,7.0,8.0,9.0,9.0,11.0,14.0,inferred
Fylde,2021-03-13,1.0,2.0,3.0,4.0,4.0,5.0,5.0,6.0,7.0,7.0,8.0,9.0,12.0,inferred
Fylde,2021-03-14,1.0,3.0,4.0,4.0,4.0,5.0,6.0,7.0,7.0,8.0,9.0,10.0,12.0,inferred
Fylde,2021-03-15,2.0,4.0,5.0,5.8,6.0,7.0,8.0,8.0,9.0,10.0,10.2,12.0,15.0,inferred
Fylde,2021-03-16,2.0,4.0,5.0,5.0,6.0,6.0,7.0,8.0,9.0,10.0,10.0,12.0,14.0,inferred
Fylde,2021-03-17,2.0,3.0,4.0,5.0,5.7,6.0,7.0,8.0,9.0,10.0,10.0,12.0,14.0,inferred
Fylde,2021-03-18,2.0,3.0,4.0,5.0,5.0,6.0,7.0,8.0,8.0,9.0,9.0,11.0,14.0,inferred
Fylde,2021-03-19,1.0,2.0,3.0,4.0,4.0,5.0,6.0,6.0,7.0,8.0,8.0,10.0,12.0,inferred
Fylde,2021-03-20,1.0,2.0,2.0,3.0,3.0,4.0,4.0,5.0,6.0,6.0,7.0,8.0,10.0,inferred
Fylde,2021-03-21,1.0,2.0,3.0,3.0,4.0,4.0,5.0,6.0,6.0,7.0,7.0,8.1,10.0,inferred
Fylde,2021-03-22,1.0,3.0,4.0,4.0,5.0,5.0,6.0,7.0,8.0,8.0,9.0,10.0,13.0,inferred
Fylde,2021-03-23,1.0,2.0,3.0,4.0,4.0,5.0,6.0,6.0,7.0,8.0,8.0,10.0,12.0,inferred
Fylde,2021-03-24,1.0,2.0,3.0,4.0,4.0,5.0,5.0,6.0,7.0,7.0,8.0,9.0,12.0,inferred
Fylde,2021-03-25,1.0,2.0,2.0,3.0,3.0,4.0,4.0,5.0,6.0,6.0,7.0,8.0,10.0,inferred
Fylde,2021-03-26,0.0,1.0,2.0,2.0,3.0,3.0,4.0,4.0,5.0,5.0,6.0,7.0,9.0,inferred
Fylde,2021-03-27,0.0,0.0,1.0,1.0,2.0,2.0,2.0,3.0,4.0,4.0,4.0,5.0,7.0,inferred
Fylde,2021-03-28,0.0,1.0,1.0,1.0,2.0,2.0,3.0,3.0,4.0,4.0,4.0,6.0,8.0,inferred
Fylde,2021-03-29,0.0,1.0,2.0,2.0,2.0,3.0,3.0,4.0,4.0,5.0,5.0,6.0,8.0,inferred
Fylde,2021-03-30,0.0,1.0,1.0,2.0,2.0,2.0,3.0,3.0,4.0,4.0,5.0,6.0,8.0,inferred
Fylde,2021-03-31,0.0,1.0,1.0,2.0,2.0,2.0,3.0,3.0,4.0,4.0,5.0,6.0,8.0,inferred
Fylde,2021-04-01,0.0,1.0,1.0,1.0,2.0,2.0,2.0,3.0,3.0,4.0,4.0,5.0,7.0,inferred
Fylde,2021-04-02,0.0,0.0,1.0,1.0,1.0,2.0,2.0,3.0,3.0,3.0,4.0,5.0,6.0,inferred
Fylde,2021-04-03,0.0,0.0,0.0,1.0,1.0,1.0,2.0,2.0,2.0,3.0,3.0,4.0,5.0,inferred
Fylde,2021-04-04,0.0,0.0,1.0,1.0,1.0,1.0,2.0,2.0,3.0,3.0,3.0,4.0,6.0,inferred
Fylde,2021-04-05,0.0,0.0,1.0,1.0,1.0,2.0,2.0,3.0,3.0,3.0,4.0,5.0,6.0,inferred
Fylde,2021-04-06,0.0,0.0,1.0,1.0,1.0,2.0,2.0,2.0,3.0,3.0,4.0,4.0,6.0,inferred
Fylde,2021-04-07,0.0,0.0,1.0,1.0,1.0,2.0,2.0,2.0,3.0,3.0,4.0,5.0,6.5,inferred
Fylde,2021-04-08,0.0,0.0,1.0,1.0,1.0,1.0,2.0,2.0,3.0,3.0,3.0,4.0,6.0,inferred
Fylde,2021-04-09,0.0,0.0,0.0,1.0,1.0,1.0,1.0,2.0,2.0,3.0,3.0,4.0,5.0,inferred
Fylde,2021-04-10,0.0,0.0,0.0,0.0,0.0,1.0,1.0,1.0,2.0,2.0,2.0,3.0,5.0,inferred
Fylde,2021-04-11,0.0,0.0,0.0,0.0,1.0,1.0,1.0,2.0,2.0,2.0,3.0,3.0,5.0,inferred
Fylde,2021-04-12,0.0,0.0,0.0,1.0,1.0,1.0,1.0,2.0,2.0,3.0,3.0,4.0,5.0,inferred
Fylde,2021-04-13,0.0,0.0,0.0,0.0,1.0,1.0,1.0,2.0,2.0,2.0,3.0,4.0,5.0,inferred
Fylde,2021-04-14,0.0,0.0,0.0,0.0,1.0,1.0,1.0,2.0,2.0,2.0,3.0,4.0,5.0,inferred
Fylde,2021-04-15,0.0,0.0,0.0,0.0,1.0,1.0,1.0,2.0,2.0,2.0,2.0,3.0,5.0,inferred
Fylde,2021-04-16,0.0,0.0,0.0,0.0,0.0,1.0,1.0,1.0,2.0,2.0,2.0,3.0,4.0,inferred
Fylde,2021-04-17,0.0,0.0,0.0,0.0,0.0,0.0,1.0,1.0,1.0,1.0,2.0,2.0,4.0,inferred
Fylde,2021-04-18,0.0,0.0,0.0,0.0,0.0,0.0,1.0,1.0,1.0,2.0,2.0,2.0,4.0,inferred
Fylde,2021-04-19,0.0,0.0,0.0,0.0,0.0,1.0,1.0,1.0,2.0,2.0,2.0,3.0,4.0,inferred
Fylde,2021-04-20,0.0,0.0,0.0,0.0,0.0,1.0,1.0,1.0,2.0,2.0,2.0,3.0,4.0,inferred
Fylde,2021-04-21,0.0,0.0,0.0,0.0,0.0,1.0,1.0,1.0,2.0,2.0,2.0,3.0,4.0,inferred
Fylde,2021-04-22,0.0,0.0,0.0,0.0,0.0,1.0,1.0,1.0,1.0,2.0,2.0,3.0,4.0,inferred
Fylde,2021-04-23,0.0,0.0,0.0,0.0,0.0,0.0,1.0,1.0,1.0,2.0,2.0,3.0,4.0,inferred
Fylde,2021-04-24,0.0,0.0,0.0,0.0,0.0,0.0,1.0,1.0,1.0,1.0,2.0,2.0,4.0,inferred
Fylde,2021-04-25,0.0,0.0,0.0,0.0,0.0,0.0,1.0,1.0,1.0,1.0,2.0,2.0,3.0,inferred
Fylde,2021-04-26,0.0,0.0,0.0,0.0,0.0,1.0,1.0,1.0,2.0,2.0,2.0,3.0,4.0,inferred
Fylde,2021-04-27,0.0,0.0,0.0,0.0,0.0,1.0,1.0,1.0,2.0,2.0,2.0,3.0,4.0,inferred
Fylde,2021-04-28,0.0,0.0,0.0,0.0,0.0,1.0,1.0,1.0,2.0,2.0,2.0,3.0,4.0,inferred
Fylde,2021-04-29,0.0,0.0,0.0,0.0,0.0,1.0,1.0,1.0,2.0,2.0,2.0,3.0,5.0,inferred
Fylde,2021-04-30,0.0,0.0,0.0,0.0,0.0,1.0,1.0,1.0,2.0,2.0,2.0,3.0,4.0,inferred
Fylde,2021-05-01,0.0,0.0,0.0,0.0,0.0,1.0,1.0,1.0,1.0,2.0,2.0,3.0,4.0,inferred
Fylde,2021-05-02,0.0,0.0,0.0,0.0,0.0,1.0,1.0,1.0,2.0,2.0,2.0,3.0,4.0,inferred
Fylde,2021-05-03,0.0,0.0,0.0,1.0,1.0,1.0,2.0,2.0,2.0,3.0,3.0,4.0,6.0,inferred
Fylde,2021-05-04,0.0,0.0,0.0,1.0,1.0,1.0,1.0,2.0,2.0,3.0,3.0,4.0,5.0,inferred
Fylde,2021-05-05,0.0,0.0,1.0,1.0,1.0,1.0,2.0,2.0,3.0,3.0,3.0,4.0,6.0,inferred
Fylde,2021-05-06,0.0,0.0,1.0,1.0,1.0,1.0,2.0,2.0,3.0,3.0,3.0,4.0,5.0,inferred
Fylde,2021-05-07,0.0,0.0,0.0,1.0,1.0,1.0,1.0,2.0,2.0,3.0,3.0,4.0,5.0,inferred
Fylde,2021-05-08,0.0,0.0,0.0,0.0,0.0,1.0,1.0,1.0,2.0,2.0,2.0,3.0,5.0,inferred
Fylde,2021-05-09,0.0,0.0,0.0,1.0,1.0,1.0,1.0,2.0,2.0,2.0,3.0,4.0,5.0,inferred
Fylde,2021-05-10,0.0,0.0,1.0,1.0,1.0,1.0,2.0,2.0,3.0,3.0,3.0,4.0,6.0,inferred
Fylde,2021-05-11,0.0,0.0,1.0,1.0,1.0,1.0,2.0,2.0,3.0,3.0,3.0,4.0,6.0,inferred
Fylde,2021-05-12,0.0,0.0,1.0,1.0,1.0,1.0,2.0,2.0,3.0,3.0,3.0,5.0,6.0,inferred
Fylde,2021-05-13,0.0,0.0,1.0,1.0,1.0,2.0,2.0,2.0,3.0,3.0,3.0,4.0,6.0,inferred
Fylde,2021-05-14,0.0,0.0,1.0,1.0,1.0,1.0,2.0,2.0,3.0,3.0,3.0,4.0,6.0,inferred
Fylde,2021-05-15,0.0,0.0,0.0,1.0,1.0,1.0,1.0,2.0,2.0,2.0,3.0,4.0,5.0,inferred
Fylde,2021-05-16,0.0,0.0,1.0,1.0,1.0,1.0,2.0,2.0,3.0,3.0,3.0,4.0,6.0,inferred
Fylde,2021-05-17,0.0,1.0,1.0,1.0,1.0,2.0,2.0,3.0,4.0,4.0,4.0,5.0,7.0,inferred
Fylde,2021-05-18,0.0,1.0,1.0,2.0,2.0,2.0,3.0,3.0,4.0,4.0,5.0,6.0,8.0,inferred
Fylde,2021-05-19,0.0,1.0,2.0,2.0,2.0,3.0,3.0,4.0,5.0,5.0,5.0,7.0,8.0,inferred
Fylde,2021-05-20,0.0,1.0,2.0,2.0,2.0,3.0,4.0,4.0,5.0,5.0,6.0,7.0,10.0,inferred
Fylde,2021-05-21,0.0,1.0,2.0,2.0,3.0,3.0,4.0,4.0,5.0,5.0,6.0,7.0,9.0,inferred
Fylde,2021-05-22,0.0,1.0,2.0,2.0,2.0,3.0,3.0,4.0,4.0,5.0,5.0,6.1,9.0,inferred
Fylde,2021-05-23,1.0,2.0,2.0,3.0,3.0,4.0,4.0,5.0,6.0,6.0,7.0,8.0,10.0,inferred
Fylde,2021-05-24,1.0,3.0,4.0,4.0,5.0,5.0,6.0,7.0,8.0,8.0,9.0,11.0,13.5,inferred
Fylde,2021-05-25,2.0,3.0,4.0,5.0,5.0,6.0,7.0,8.0,8.0,9.0,10.0,11.0,14.0,inferred
Fylde,2021-05-26,2.0,4.0,5.0,5.0,6.0,7.0,7.0,8.0,9.0,9.0,10.0,12.0,16.0,inferred
Fylde,2021-05-27,3.0,4.0,5.0,6.0,6.0,7.0,8.0,8.0,10.0,10.0,11.0,12.0,15.0,inferred
Fylde,2021-05-28,2.0,4.0,5.0,5.0,6.0,7.0,7.0,8.0,9.0,10.0,10.0,12.0,14.0,inferred
Fylde,2021-05-29,1.0,3.0,4.0,4.0,5.0,5.0,6.0,7.0,8.0,8.0,9.0,10.0,13.0,inferred
Fylde,2021-05-30,2.0,4.0,5.0,5.0,6.0,7.0,8.0,8.0,9.0,10.0,11.0,12.0,15.0,inferred
Fylde,2021-05-31,4.0,6.0,7.0,8.0,8.0,9.6,10.0,11.0,13.0,13.0,14.0,16.0,19.0,inferred
Fylde,2021-06-01,4.0,6.0,8.0,8.0,9.0,10.0,11.0,12.0,13.0,14.0,14.0,16.0,19.0,inferred
Fylde,2021-06-02,5.0,7.0,9.0,9.0,10.0,11.0,12.0,13.0,14.0,15.0,15.2,17.0,21.0,inferred
Fylde,2021-06-03,5.0,7.0,9.0,9.0,10.0,11.0,12.0,13.0,14.0,15.0,15.0,17.0,21.0,inferred
Fylde,2021-06-04,5.0,7.0,8.0,9.0,10.0,10.0,11.0,12.0,13.0,14.0,15.0,17.0,20.0,inferred
Fylde,2021-06-05,4.0,6.0,7.0,7.0,8.0,9.0,10.0,11.0,12.0,12.0,13.0,15.0,18.0,inferred
Fylde,2021-06-06,5.0,7.0,9.0,9.0,10.0,11.0,12.0,13.0,14.3,15.0,16.0,18.0,22.0,inferred
Fylde,2021-06-07,8.0,11.0,13.0,13.0,14.0,15.0,17.0,18.0,19.0,20.0,21.0,23.0,27.0,inferred
Fylde,2021-06-08,9.0,11.9,13.0,14.0,15.0,16.0,17.0,18.0,20.0,21.0,22.0,24.0,28.0,inferred
Fylde,2021-06-09,9.0,12.0,14.0,14.0,15.0,16.0,17.0,19.0,20.0,21.0,22.0,24.0,29.0,inferred
Fylde,2021-06-10,8.0,11.0,13.0,14.0,15.0,16.0,17.0,18.0,19.0,20.0,21.0,23.0,27.0,inferred
Fylde,2021-06-11,7.0,10.0,12.0,12.0,13.0,14.0,15.0,17.0,18.0,18.0,19.0,21.0,25.0,inferred
Fylde,2021-06-12,5.0,7.0,9.0,10.0,10.0,11.0,12.0,13.0,14.0,15.0,16.0,18.0,22.0,inferred
Fylde,2021-06-13,7.0,9.0,11.0,12.0,12.0,13.0,15.0,16.0,17.0,18.0,19.0,21.0,24.0,inferred
Fylde,2021-06-14,10.0,13.0,15.0,16.0,16.0,18.0,19.0,21.0,22.0,23.0,24.0,26.0,31.0,inferred
Fylde,2021-06-15,10.0,13.0,15.0,16.0,16.0,18.0,19.0,20.0,22.0,23.0,24.0,26.0,31.0,inferred
Fylde,2021-06-16,10.0,13.0,15.0,16.0,16.0,18.0,19.0,21.0,22.0,23.0,24.0,27.0,31.0,inferred
Fylde,2021-06-17,9.0,12.0,14.0,15.0,16.0,17.0,18.0,20.0,21.0,22.0,23.0,25.0,29.0,inferred
Fylde,2021-06-18,8.0,10.0,12.0,13.0,14.0,15.0,16.0,18.0,19.0,20.0,21.0,23.0,27.0,inferred
Gateshead,2021-03-06,6.0,9.0,11.0,12.0,12.0,13.0,15.0,16.0,17.0,18.0,19.0,21.0,26.0,inferred
Gateshead,2021-03-07,8.0,10.0,12.0,13.0,14.0,15.0,16.0,18.0,19.0,20.0,21.0,23.0,27.5,inferred
Gateshead,2021-03-08,10.0,13.0,15.0,16.0,17.0,18.0,20.0,21.0,23.0,24.0,25.0,27.0,31.5,inferred
Gateshead,2021-03-09,9.0,11.9,13.0,14.0,15.0,17.0,18.0,20.0,21.0,22.0,23.0,26.0,30.0,inferred
Gateshead,2021-03-10,9.0,12.0,14.0,14.0,15.0,17.0,18.0,19.0,21.0,22.0,23.0,26.0,31.0,inferred
Gateshead,2021-03-11,7.0,10.0,12.0,13.0,14.0,15.0,17.0,18.0,19.0,20.0,21.0,24.0,29.0,inferred
Gateshead,2021-03-12,6.0,9.0,11.0,12.0,12.0,14.0,15.0,16.0,18.0,19.0,20.0,22.0,27.0,inferred
Gateshead,2021-03-13,5.0,7.0,8.8,9.0,10.0,11.0,12.0,13.0,14.0,15.0,16.0,19.0,22.0,inferred
Gateshead,2021-03-14,5.0,8.0,9.0,10.0,11.0,12.0,13.0,14.0,16.0,16.0,17.0,20.0,24.0,inferred
Gateshead,2021-03-15,7.0,10.0,12.0,13.0,14.0,15.0,16.0,18.0,20.0,20.0,22.0,24.0,29.0,inferred
Gateshead,2021-03-16,7.0,9.0,11.0,12.0,13.0,14.0,15.0,17.0,18.0,19.0,20.0,23.0,27.0,inferred
Gateshead,2021-03-17,7.0,9.0,11.0,12.0,13.0,14.0,16.0,17.0,19.0,20.0,20.0,23.0,27.0,inferred
Gateshead,2021-03-18,6.0,9.0,10.0,11.0,12.0,13.0,14.0,16.0,17.0,18.0,19.0,22.0,28.0,inferred
Gateshead,2021-03-19,5.0,7.0,9.0,10.0,11.0,12.0,13.0,14.0,15.0,16.0,17.0,19.0,24.0,inferred
Gateshead,2021-03-20,4.0,6.0,7.0,8.0,8.0,9.0,10.0,12.0,13.0,14.0,14.0,16.0,20.0,inferred
Gateshead,2021-03-21,4.0,6.0,8.0,9.0,9.0,10.0,11.0,13.0,14.0,15.0,16.0,18.0,22.0,inferred
Gateshead,2021-03-22,6.0,8.0,10.0,11.0,12.0,13.0,14.0,15.0,17.0,18.0,19.0,22.0,25.0,inferred
Gateshead,2021-03-23,5.0,8.0,9.0,10.0,11.0,12.0,13.0,14.0,16.0,16.0,17.0,20.0,24.0,inferred
Gateshead,2021-03-24,5.0,8.0,9.0,10.0,11.0,12.0,13.0,14.0,16.0,17.0,18.0,20.0,24.0,inferred
Gateshead,2021-03-25,4.0,7.0,8.8,9.0,10.0,11.0,12.0,13.0,14.0,15.0,16.0,19.0,23.0,inferred
Gateshead,2021-03-26,4.0,6.0,7.0,8.0,9.0,10.0,11.0,12.0,13.0,14.0,14.0,16.0,20.0,inferred
Gateshead,2021-03-27,3.0,4.0,6.0,6.0,7.0,8.0,9.0,10.0,11.0,11.0,12.0,15.0,18.0,inferred
Gateshead,2021-03-28,3.0,5.0,6.0,7.0,8.0,9.0,10.0,11.0,12.0,12.0,13.0,15.0,19.0,inferred
Gateshead,2021-03-29,5.0,7.0,8.0,9.0,10.0,11.0,12.0,13.0,14.0,15.0,16.0,18.0,23.0,inferred
Gateshead,2021-03-30,4.0,6.0,7.0,8.0,9.0,10.0,11.0,12.0,13.0,14.0,15.0,17.0,21.0,inferred
Gateshead,2021-03-31,3.0,6.0,7.0,8.0,8.0,9.0,11.0,12.0,13.0,14.0,15.0,17.0,20.0,inferred
Gateshead,2021-04-01,2.0,4.0,6.0,6.0,7.0,8.0,9.0,10.0,11.0,12.0,13.0,15.0,18.0,inferred
Gateshead,2021-04-02,2.0,4.0,5.0,5.0,6.0,7.0,8.0,9.0,10.0,10.0,11.0,13.0,16.5,inferred
Gateshead,2021-04-03,1.0,2.0,4.0,4.0,4.0,5.0,6.0,7.0,8.0,8.0,9.0,11.0,13.0,inferred
Gateshead,2021-04-04,1.0,3.0,4.0,4.0,5.0,5.0,6.0,7.0,8.0,8.0,9.0,10.1,14.0,inferred
Gateshead,2021-04-05,2.0,3.0,5.0,5.0,6.0,7.0,8.0,9.0,10.0,10.0,11.0,13.0,16.0,inferred
Gateshead,2021-04-06,1.0,3.0,4.0,4.0,5.0,6.0,7.0,7.0,8.0,9.0,10.0,11.0,15.0,inferred
Gateshead,2021-04-07,1.0,3.0,4.0,4.0,5.0,6.0,7.0,7.0,8.0,9.0,10.0,12.0,14.5,inferred
Gateshead,2021-04-08,1.0,2.0,3.0,4.0,4.0,5.0,6.0,7.0,8.0,8.0,9.0,11.0,13.0,inferred
Gateshead,2021-04-09,1.0,2.0,3.0,3.0,4.0,4.0,5.0,6.0,7.0,7.0,8.0,10.0,13.0,inferred
Gateshead,2021-04-10,0.0,1.0,2.0,2.0,3.0,3.0,4.0,5.0,5.0,6.0,6.0,8.0,11.0,inferred
Gateshead,2021-04-11,0.0,1.0,2.0,3.0,3.0,4.0,4.0,5.0,6.0,6.0,7.0,8.0,11.5,inferred
Gateshead,2021-04-12,1.0,2.0,3.0,3.0,4.0,4.0,5.0,6.0,7.0,7.0,8.0,10.0,13.0,inferred
Gateshead,2021-04-13,1.0,2.0,3.0,3.0,3.0,4.0,5.0,6.0,7.0,7.0,8.0,9.0,12.0,inferred
Gateshead,2021-04-14,1.0,2.0,3.0,3.0,3.0,4.0,5.0,6.0,6.0,7.0,7.0,9.0,12.0,inferred
Gateshead,2021-04-15,0.0,1.0,2.0,3.0,3.0,4.0,4.0,5.0,6.0,7.0,7.0,8.0,11.0,inferred
Gateshead,2021-04-16,0.0,1.0,2.0,2.0,3.0,3.0,4.0,5.0,5.0,6.0,6.0,8.0,11.0,inferred
Gateshead,2021-04-17,0.0,1.0,1.0,2.0,2.0,3.0,3.0,4.0,4.0,5.0,5.0,7.0,9.0,inferred
Gateshead,2021-04-18,0.0,1.0,2.0,2.0,2.0,3.0,3.0,4.0,5.0,5.0,6.0,7.0,10.0,inferred
Gateshead,2021-04-19,1.0,1.0,2.0,2.8,3.0,4.0,4.0,5.0,6.0,6.0,7.0,8.0,11.0,inferred
Gateshead,2021-04-20,0.0,1.0,2.0,2.0,3.0,3.0,4.0,5.0,5.0,6.0,7.0,8.0,11.0,inferred
Gateshead,2021-04-21,0.0,1.0,2.0,2.0,3.0,3.0,4.0,5.0,5.0,6.0,6.0,8.0,11.0,inferred
Gateshead,2021-04-22,0.0,1.0,2.0,2.0,2.0,3.0,3.0,4.0,5.0,6.0,6.0,7.0,10.0,inferred
Gateshead,2021-04-23,0.0,1.0,1.0,2.0,2.0,3.0,3.0,4.0,5.0,5.0,6.0,7.0,10.0,inferred
Gateshead,2021-04-24,0.0,0.0,1.0,1.0,1.0,2.0,2.0,3.0,4.0,4.0,4.0,6.0,8.0,inferred
Gateshead,2021-04-25,0.0,0.0,1.0,1.0,2.0,2.0,3.0,3.0,4.0,4.0,5.0,6.0,8.0,inferred
Gateshead,2021-04-26,0.0,1.0,2.0,2.0,2.0,3.0,4.0,4.0,5.0,5.0,6.0,7.1,10.0,inferred
Gateshead,2021-04-27,0.0,1.0,1.0,2.0,2.0,3.0,3.0,4.0,5.0,5.0,5.0,7.0,9.0,inferred
Gateshead,2021-04-28,0.0,1.0,2.0,2.0,2.0,3.0,3.0,4.0,5.0,5.0,6.0,7.0,10.0,inferred
Gateshead,2021-04-29,0.0,1.0,1.0,2.0,2.0,2.0,3.0,4.0,4.0,5.0,5.0,7.0,9.0,inferred
Gateshead,2021-04-30,0.0,1.0,1.0,1.0,2.0,2.0,3.0,3.0,4.0,4.0,5.0,6.0,9.0,inferred
Gateshead,2021-05-01,0.0,0.0,1.0,1.0,1.0,2.0,2.0,3.0,3.0,4.0,4.0,5.0,8.0,inferred
Gateshead,2021-05-02,0.0,0.0,1.0,1.0,2.0,2.0,3.0,3.0,4.0,4.0,4.0,6.0,8.0,inferred
Gateshead,2021-05-03,0.0,1.0,2.0,2.0,2.0,3.0,3.0,4.0,5.0,5.0,6.0,7.0,10.0,inferred
Gateshead,2021-05-04,0.0,1.0,1.0,2.0,2.0,2.0,3.0,4.0,4.0,5.0,5.0,7.0,9.0,inferred
Gateshead,2021-05-05,0.0,1.0,2.0,2.0,2.0,3.0,3.0,4.0,5.0,5.0,6.0,7.0,10.0,inferred
Gateshead,2021-05-06,0.0,1.0,1.0,2.0,2.0,3.0,3.0,4.0,5.0,5.0,6.0,7.0,10.0,inferred
Gateshead,2021-05-07,0.0,1.0,1.0,2.0,2.0,2.0,3.0,4.0,4.0,5.0,5.0,7.0,9.0,inferred
Gateshead,2021-05-08,0.0,0.0,1.0,1.0,1.0,2.0,2.0,3.0,4.0,4.0,4.0,6.0,8.0,inferred
Gateshead,2021-05-09,0.0,1.0,1.0,2.0,2.0,2.0,3.0,3.0,4.0,4.0,5.0,6.0,9.0,inferred
Gateshead,2021-05-10,0.0,1.0,2.0,2.0,2.0,3.0,4.0,4.0,5.0,6.0,6.0,8.0,10.0,inferred
Gateshead,2021-05-11,0.0,1.0,2.0,2.0,2.0,3.0,4.0,4.0,5.0,6.0,6.0,8.0,11.0,inferred
Gateshead,2021-05-12,0.0,1.0,2.0,3.0,3.0,3.0,4.0,5.0,6.0,6.0,7.0,8.0,11.0,inferred
Gateshead,2021-05-13,0.0,1.0,2.0,2.0,3.0,3.0,4.0,5.0,6.0,6.0,7.0,8.0,11.0,inferred
Gateshead,2021-05-14,0.0,1.0,2.0,2.0,3.0,3.0,4.0,5.0,5.0,6.0,6.0,8.0,10.0,inferred
Gateshead,2021-05-15,0.0,1.0,2.0,2.0,2.0,3.0,3.0,4.0,5.0,5.0,6.0,7.0,10.0,inferred
Gateshead,2021-05-16,0.0,1.0,2.0,2.0,3.0,3.0,4.0,5.0,5.0,6.0,6.0,8.0,11.0,inferred
Gateshead,2021-05-17,1.0,2.0,3.0,3.0,4.0,5.0,5.0,6.0,7.0,8.0,8.0,10.0,14.0,inferred
Gateshead,2021-05-18,1.0,2.0,3.0,3.0,4.0,4.0,5.0,6.0,7.0,7.0,8.0,10.0,13.0,inferred
Gateshead,2021-05-19,1.0,2.0,3.0,4.0,4.0,5.0,6.0,7.0,7.0,8.0,9.0,10.0,13.5,inferred
Gateshead,2021-05-20,1.0,2.0,3.0,4.0,4.0,5.0,6.0,6.0,7.0,8.0,8.0,10.0,13.0,inferred
Gateshead,2021-05-21,1.0,2.0,3.0,4.0,4.0,5.0,6.0,6.0,7.0,8.0,8.2,10.0,13.0,inferred
Gateshead,2021-05-22,1.0,2.0,3.0,3.0,3.0,4.0,5.0,6.0,6.0,7.0,7.0,9.0,12.0,inferred
Gateshead,2021-05-23,1.0,2.0,3.0,4.0,4.0,5.0,6.0,6.0,7.0,8.0,8.0,10.0,13.0,inferred
Gateshead,2021-05-24,2.0,3.0,5.0,5.0,6.0,7.0,7.0,9.0,10.0,10.0,11.0,13.0,17.0,inferred
Gateshead,2021-05-25,2.0,4.0,5.0,5.0,6.0,7.0,8.0,9.0,10.0,11.0,11.0,13.0,16.0,inferred
Gateshead,2021-05-26,3.0,4.0,6.0,6.0,7.0,8.0,9.0,10.0,11.0,11.0,12.0,14.0,18.0,inferred
Gateshead,2021-05-27,3.0,5.0,6.0,7.0,7.0,8.0,9.0,10.0,11.0,12.0,13.0,15.0,18.0,inferred
Gateshead,2021-05-28,3.0,4.0,6.0,6.0,7.0,8.0,9.0,10.0,11.0,11.0,12.0,14.0,17.0,inferred
Gateshead,2021-05-29,2.0,3.0,5.0,5.0,6.0,7.0,7.0,8.0,10.0,10.0,11.0,13.0,17.0,inferred
Gateshead,2021-05-30,3.0,4.0,6.0,6.0,7.0,8.0,9.0,10.0,11.0,12.0,13.0,15.0,18.0,inferred
Gateshead,2021-05-31,5.0,7.0,9.0,9.0,10.0,11.0,12.0,14.0,15.0,16.0,16.0,19.0,23.0,inferred
Gateshead,2021-06-01,5.0,7.0,8.0,9.0,10.0,11.0,12.0,14.0,15.0,16.0,17.0,19.0,24.0,inferred
Gateshead,2021-06-02,6.0,8.0,10.0,11.0,12.0,13.0,14.5,16.0,17.0,18.0,19.0,21.0,26.0,inferred
Gateshead,2021-06-03,6.0,9.0,10.0,11.0,12.0,13.0,14.0,16.0,17.0,18.0,19.0,21.0,25.0,inferred
Gateshead,2021-06-04,6.0,9.0,10.0,11.0,12.0,13.0,14.0,15.0,17.0,18.0,19.0,21.0,26.0,inferred
Gateshead,2021-06-05,5.0,8.0,9.0,10.0,10.0,12.0,13.0,14.0,16.0,16.0,17.0,19.0,24.0,inferred
Gateshead,2021-06-06,7.0,9.0,11.0,12.0,13.0,14.0,15.0,17.0,18.0,19.0,20.0,23.0,26.5,inferred
Gateshead,2021-06-07,10.0,14.0,16.0,17.0,18.0,19.0,21.0,22.0,24.0,25.0,27.0,30.0,35.0,inferred
Gateshead,2021-06-08,11.0,14.0,16.0,17.0,18.0,20.0,21.0,23.0,24.0,26.0,27.0,30.0,35.0,inferred
Gateshead,2021-06-09,13.0,16.0,19.0,20.0,21.0,23.0,24.0,26.0,28.0,29.0,30.0,33.0,39.0,inferred
Gateshead,2021-06-10,13.0,17.0,19.0,20.0,21.0,23.0,25.0,26.0,28.0,29.2,31.0,34.0,40.0,inferred
Gateshead,2021-06-11,14.0,17.0,20.0,21.0,22.0,24.0,25.0,27.0,28.0,29.0,31.0,34.0,39.0,inferred
Gateshead,2021-06-12,12.0,16.0,18.0,19.0,20.0,21.0,23.0,25.0,26.0,27.0,28.0,31.0,37.0,inferred
Gateshead,2021-06-13,16.0,20.0,23.0,24.0,25.0,26.0,28.0,30.0,32.0,33.0,34.0,38.0,44.0,inferred
Gateshead,2021-06-14,25.0,30.0,33.0,35.0,36.0,38.0,40.0,42.0,45.0,46.0,48.0,52.0,61.0,inferred
Gateshead,2021-06-15,27.0,32.0,36.0,37.0,38.0,41.0,43.0,45.0,47.0,49.0,50.2,54.0,62.0,inferred
Gateshead,2021-06-16,32.0,38.0,41.0,43.0,44.0,47.0,49.0,52.0,54.0,56.0,58.0,63.0,70.0,inferred
Gateshead,2021-06-17,32.5,39.0,43.0,44.0,46.0,49.0,51.0,54.0,57.0,58.0,60.0,65.0,74.0,inferred
Gateshead,2021-06-18,34.0,39.0,43.0,44.0,46.0,49.0,51.0,54.0,57.0,59.0,61.0,65.0,73.0,inferred
Gedling,2021-03-06,2.0,4.0,5.0,6.0,7.0,8.0,10.0,11.0,13.0,14.0,15.0,19.0,25.5,inferred
Gedling,2021-03-07,3.0,5.0,7.0,8.0,9.0,10.0,12.0,13.0,15.0,16.0,17.0,21.0,28.0,inferred
Gedling,2021-03-08,4.5,7.0,10.0,10.0,11.0,13.0,15.0,17.0,19.0,20.0,22.0,26.0,33.5,inferred
Gedling,2021-03-09,4.0,7.0,9.0,10.0,11.0,13.0,15.0,17.0,19.0,20.0,22.0,26.0,32.0,inferred
Gedling,2021-03-10,4.0,7.0,9.8,10.0,11.0,13.0,15.0,17.0,19.0,21.0,22.0,27.0,35.5,inferred
Gedling,2021-03-11,3.0,6.0,8.0,9.0,10.0,12.0,13.0,15.0,17.0,18.0,19.0,23.0,30.0,inferred
Gedling,2021-03-12,3.0,5.0,7.0,8.0,9.0,11.0,12.0,14.0,16.0,17.0,19.0,23.0,30.5,inferred
Gedling,2021-03-13,1.0,3.0,5.0,6.0,7.0,8.0,9.0,11.0,13.0,14.0,15.0,18.0,24.0,inferred
Gedling,2021-03-14,2.0,4.0,6.0,7.0,8.0,9.0,11.0,12.0,14.0,15.0,17.0,20.0,28.0,inferred
Gedling,2021-03-15,3.0,6.0,9.0,10.0,11.0,12.0,14.0,16.0,18.0,19.0,21.0,25.0,33.0,inferred
Gedling,2021-03-16,3.0,6.0,8.0,9.0,10.0,12.0,13.0,15.0,17.0,18.0,20.0,24.0,30.0,inferred
Gedling,2021-03-17,3.0,6.0,8.0,9.0,10.0,12.0,13.0,15.0,17.0,19.0,20.0,24.0,31.0,inferred
Gedling,2021-03-18,3.0,5.0,7.0,8.0,9.0,10.0,12.0,13.0,15.0,17.0,18.0,22.0,30.0,inferred
Gedling,2021-03-19,2.0,4.0,6.0,7.0,7.0,9.0,11.0,12.0,14.0,15.0,17.0,20.0,27.0,inferred
Gedling,2021-03-20,1.0,2.0,4.0,4.0,5.0,6.0,8.0,9.0,11.0,12.0,13.0,17.0,22.0,inferred
Gedling,2021-03-21,1.0,3.0,5.0,6.0,6.0,8.0,9.0,11.0,12.0,13.0,15.0,18.0,24.0,inferred
Gedling,2021-03-22,2.0,5.0,7.0,8.0,8.0,10.0,12.0,13.0,15.0,16.0,18.0,22.0,28.0,inferred
Gedling,2021-03-23,2.0,4.0,6.0,7.0,8.0,9.0,11.0,12.0,14.0,15.0,17.0,21.0,29.0,inferred
Gedling,2021-03-24,2.0,4.0,6.0,7.0,8.0,9.0,11.0,12.0,14.0,16.0,17.0,21.0,28.0,inferred
Gedling,2021-03-25,1.0,3.0,5.0,6.0,6.0,8.0,9.0,10.0,12.0,13.0,15.0,19.0,25.0,inferred
Gedling,2021-03-26,1.0,2.0,4.0,4.0,5.0,6.0,8.0,9.0,11.0,12.0,13.0,16.0,22.0,inferred
Gedling,2021-03-27,0.0,1.0,3.0,3.0,4.0,5.0,6.0,7.0,8.0,9.0,10.0,14.0,20.0,inferred
Gedling,2021-03-28,0.0,2.0,3.0,3.0,4.0,5.0,6.0,7.0,9.0,10.0,11.0,14.0,19.0,inferred
Gedling,2021-03-29,1.0,3.0,4.0,5.0,6.0,7.0,8.0,9.0,11.0,12.0,13.0,16.0,23.0,inferred
Gedling,2021-03-30,1.0,2.0,4.0,4.0,5.0,6.0,7.0,8.0,10.0,11.0,12.0,15.0,22.0,inferred
Gedling,2021-03-31,1.0,2.0,4.0,4.0,5.0,6.0,7.0,9.0,10.0,11.0,12.0,15.0,22.0,inferred
Gedling,2021-04-01,0.0,1.0,3.0,3.0,4.0,5.0,6.0,7.0,9.0,10.0,11.0,14.0,21.0,inferred
Gedling,2021-04-02,0.0,1.0,2.0,3.0,3.0,4.0,5.0,6.0,8.0,9.0,9.0,12.0,18.0,inferred
Gedling,2021-04-03,0.0,0.0,1.0,2.0,2.0,3.0,4.0,5.0,6.0,7.0,7.0,10.0,16.0,inferred
Gedling,2021-04-04,0.0,1.0,2.0,2.0,3.0,3.0,4.0,5.0,7.0,7.0,8.0,11.0,17.0,inferred
Gedling,2021-04-05,0.0,1.0,2.0,3.0,3.0,5.0,6.0,7.0,8.0,9.0,10.0,13.0,20.0,inferred
Gedling,2021-04-06,0.0,1.0,2.0,2.0,3.0,4.0,5.0,6.0,7.0,8.0,9.0,12.0,18.0,inferred
Gedling,2021-04-07,0.0,1.0,2.0,2.0,3.0,4.0,5.0,6.0,7.0,8.0,9.0,12.0,19.0,inferred
Gedling,2021-04-08,0.0,1.0,1.0,2.0,2.0,3.0,4.0,5.0,6.0,7.0,8.0,10.0,16.0,inferred
Gedling,2021-04-09,0.0,0.0,1.0,1.0,2.0,3.0,3.0,4.0,5.0,6.0,7.0,9.0,14.0,inferred
Gedling,2021-04-10,0.0,0.0,0.0,1.0,1.0,2.0,2.0,3.0,4.0,4.0,5.0,7.0,12.0,inferred
Gedling,2021-04-11,0.0,0.0,1.0,1.0,1.0,2.0,2.0,3.0,4.0,5.0,6.0,8.0,13.5,inferred
Gedling,2021-04-12,0.0,0.0,1.0,1.0,2.0,2.0,3.0,4.0,5.0,5.2,6.0,9.0,14.0,inferred
Gedling,2021-04-13,0.0,0.0,1.0,1.0,1.0,2.0,3.0,4.0,5.0,5.0,6.0,8.0,13.0,inferred
Gedling,2021-04-14,0.0,0.0,1.0,1.0,1.0,2.0,3.0,4.0,5.0,5.0,6.0,8.1,14.0,inferred
Gedling,2021-04-15,0.0,0.0,1.0,1.0,1.0,1.0,2.0,3.0,4.0,4.0,5.0,7.0,12.0,inferred
Gedling,2021-04-16,0.0,0.0,0.0,0.0,1.0,1.0,2.0,2.0,3.0,4.0,5.0,7.0,12.0,inferred
Gedling,2021-04-17,0.0,0.0,0.0,0.0,0.0,1.0,1.0,2.0,2.0,3.0,4.0,6.0,9.0,inferred
Gedling,2021-04-18,0.0,0.0,0.0,0.0,1.0,1.0,2.0,2.0,3.0,4.0,4.0,6.0,10.5,inferred
Gedling,2021-04-19,0.0,0.0,0.0,1.0,1.0,1.0,2.0,3.0,4.0,4.0,5.0,7.0,11.0,inferred
Gedling,2021-04-20,0.0,0.0,0.0,0.0,1.0,1.0,2.0,2.0,3.0,4.0,4.0,6.0,11.0,inferred
Gedling,2021-04-21,0.0,0.0,0.0,0.0,1.0,1.0,2.0,2.0,3.0,4.0,5.0,7.0,11.0,inferred
Gedling,2021-04-22,0.0,0.0,0.0,0.0,1.0,1.0,2.0,2.0,3.0,4.0,4.0,7.0,10.0,inferred
Gedling,2021-04-23,0.0,0.0,0.0,0.0,0.0,1.0,1.0,2.0,3.0,3.0,4.0,6.0,10.0,inferred
Gedling,2021-04-24,0.0,0.0,0.0,0.0,0.0,0.0,1.0,1.0,2.0,3.0,3.0,5.0,9.0,inferred
Gedling,2021-04-25,0.0,0.0,0.0,0.0,0.0,1.0,1.0,2.0,3.0,3.0,4.0,6.0,9.5,inferred
Gedling,2021-04-26,0.0,0.0,0.0,0.0,1.0,1.0,2.0,2.0,3.0,4.0,5.0,7.0,10.0,inferred
Gedling,2021-04-27,0.0,0.0,0.0,0.0,1.0,1.0,2.0,2.0,3.0,4.0,5.0,7.0,10.0,inferred
Gedling,2021-04-28,0.0,0.0,0.0,1.0,1.0,1.0,2.0,3.0,3.0,4.0,5.0,7.0,12.0,inferred
Gedling,2021-04-29,0.0,0.0,0.0,0.0,1.0,1.0,2.0,3.0,4.0,4.0,5.0,7.0,12.0,inferred
Gedling,2021-04-30,0.0,0.0,0.0,0.0,1.0,1.0,2.0,3.0,4.0,4.0,5.0,7.0,12.0,inferred
Gedling,2021-05-01,0.0,0.0,0.0,0.0,0.0,1.0,1.0,2.0,3.0,4.0,4.0,6.0,10.0,inferred
Gedling,2021-05-02,0.0,0.0,0.0,1.0,1.0,1.0,2.0,3.0,4.0,4.0,5.0,7.0,11.0,inferred
Gedling,2021-05-03,0.0,0.0,1.0,1.0,1.0,2.0,3.0,4.0,5.0,5.0,6.0,9.0,13.0,inferred
Gedling,2021-05-04,0.0,0.0,1.0,1.0,2.0,2.0,3.0,4.0,5.0,6.0,7.0,9.0,14.0,inferred
Gedling,2021-05-05,0.0,1.0,1.0,2.0,2.0,3.0,4.0,5.0,6.0,6.0,7.0,10.0,15.0,inferred
Gedling,2021-05-06,0.0,0.0,1.0,1.0,2.0,2.0,3.0,4.0,5.0,6.0,7.0,9.0,14.5,inferred
Gedling,2021-05-07,0.0,0.0,1.0,1.0,1.0,2.0,3.0,4.0,5.0,6.0,7.0,9.0,14.0,inferred
Gedling,2021-05-08,0.0,0.0,1.0,1.0,1.0,2.0,2.0,3.0,4.0,4.2,5.0,8.0,12.0,inferred
Gedling,2021-05-09,0.0,0.0,1.0,1.0,1.0,2.0,3.0,4.0,5.0,5.0,6.0,9.0,13.0,inferred
Gedling,2021-05-10,0.0,1.0,1.0,2.0,2.0,3.0,4.0,5.0,6.0,7.0,8.0,11.0,16.0,inferred
Gedling,2021-05-11,0.0,0.0,1.0,2.0,2.0,3.0,3.0,4.0,6.0,6.0,7.0,10.0,15.0,inferred
Gedling,2021-05-12,0.0,1.0,1.0,2.0,2.0,3.0,4.0,5.0,6.0,7.0,8.0,11.0,15.0,inferred
Gedling,2021-05-13,0.0,0.0,1.0,1.0,2.0,3.0,3.0,4.0,6.0,6.0,7.0,10.0,14.0,inferred
Gedling,2021-05-14,0.0,0.0,1.0,1.0,2.0,2.0,3.0,4.0,5.0,6.0,6.0,9.0,15.0,inferred
Gedling,2021-05-15,0.0,0.0,0.0,1.0,1.0,2.0,2.0,3.0,4.0,5.0,5.0,8.0,13.0,inferred
Gedling,2021-05-16,0.0,0.0,1.0,1.0,1.0,2.0,3.0,4.0,5.0,6.0,6.0,9.0,14.0,inferred
Gedling,2021-05-17,0.0,0.0,1.0,2.0,2.0,3.0,4.0,5.0,6.0,7.0,8.0,10.0,15.0,inferred
Gedling,2021-05-18,0.0,0.0,1.0,2.0,2.0,3.0,4.0,5.0,6.0,7.0,8.0,10.0,15.0,inferred
Gedling,2021-05-19,0.0,0.0,1.0,2.0,2.0,3.0,4.0,5.0,6.0,7.0,8.0,10.0,16.0,inferred
Gedling,2021-05-20,0.0,0.0,1.0,1.0,2.0,2.0,3.0,4.0,5.0,6.0,7.0,9.0,14.0,inferred
Gedling,2021-05-21,0.0,0.0,1.0,1.0,1.0,2.0,3.0,4.0,5.0,5.0,6.0,9.0,13.5,inferred
Gedling,2021-05-22,0.0,0.0,0.0,1.0,1.0,1.0,2.0,3.0,4.0,4.0,5.0,7.0,12.0,inferred
Gedling,2021-05-23,0.0,0.0,0.0,1.0,1.0,2.0,2.0,3.0,4.0,5.0,6.0,8.0,13.0,inferred
Gedling,2021-05-24,0.0,0.0,1.0,2.0,2.0,3.0,4.0,5.0,6.0,7.0,7.0,10.0,15.0,inferred
Gedling,2021-05-25,0.0,0.0,1.0,1.0,2.0,2.0,3.0,4.0,5.0,6.0,7.0,9.0,14.0,inferred
Gedling,2021-05-26,0.0,0.0,1.0,2.0,2.0,3.0,4.0,5.0,6.0,7.0,7.0,10.0,15.0,inferred
Gedling,2021-05-27,0.0,0.0,1.0,1.0,2.0,2.0,3.0,4.0,5.0,6.0,6.0,9.0,14.0,inferred
Gedling,2021-05-28,0.0,0.0,1.0,1.0,2.0,2.0,3.0,4.0,5.0,6.0,7.0,9.0,14.0,inferred
Gedling,2021-05-29,0.0,0.0,1.0,1.0,1.0,2.0,2.0,3.0,4.0,5.0,6.0,8.0,13.0,inferred
Gedling,2021-05-30,0.0,0.0,1.0,1.0,2.0,2.0,3.0,4.0,5.0,6.0,7.0,10.0,14.0,inferred
Gedling,2021-05-31,0.0,1.0,2.0,2.0,3.0,4.0,5.0,6.0,7.0,8.0,9.0,11.0,17.0,inferred
Gedling,2021-06-01,0.0,1.0,2.0,2.0,3.0,4.0,5.0,6.0,7.0,8.0,8.0,11.0,16.0,inferred
Gedling,2021-06-02,0.0,1.0,3.0,3.0,4.0,5.0,6.0,7.0,8.0,9.0,10.0,13.0,19.0,inferred
Gedling,2021-06-03,0.0,1.0,2.0,3.0,3.0,4.0,5.0,7.0,8.0,9.0,10.0,13.0,19.0,inferred
Gedling,2021-06-04,0.0,1.0,2.0,3.0,3.0,4.0,5.0,6.0,8.0,8.0,10.0,13.0,18.0,inferred
Gedling,2021-06-05,0.0,1.0,2.0,2.0,3.0,3.6,4.0,6.0,7.0,8.0,8.0,11.0,16.0,inferred
Gedling,2021-06-06,0.0,1.0,2.0,3.0,4.0,5.0,6.0,7.0,9.0,10.0,10.0,13.0,19.0,inferred
Gedling,2021-06-07,1.0,3.0,4.0,5.0,6.0,7.0,8.0,10.0,11.0,13.0,14.0,18.0,24.5,inferred
Gedling,2021-06-08,1.0,3.0,5.0,5.0,6.0,8.0,9.0,10.0,12.0,13.0,15.0,18.0,25.0,inferred
Gedling,2021-06-09,2.0,4.0,6.0,6.0,7.0,9.0,10.0,12.0,14.0,15.0,16.0,20.0,27.0,inferred
Gedling,2021-06-10,1.0,3.0,5.0,6.0,7.0,8.0,10.0,11.0,13.0,14.0,15.0,19.0,25.0,inferred
Gedling,2021-06-11,2.0,4.0,5.0,6.0,7.0,8.0,10.0,11.0,13.0,14.0,16.0,19.0,26.0,inferred
Gedling,2021-06-12,1.0,2.0,4.0,5.0,5.0,7.0,8.0,9.0,11.0,12.0,13.0,16.0,23.0,inferred
Gedling,2021-06-13,1.0,4.0,5.0,6.0,7.0,8.0,10.0,11.0,13.0,14.0,15.0,19.0,26.0,inferred
Gedling,2021-06-14,4.0,6.0,9.0,10.0,10.0,12.0,14.0,16.0,18.0,20.0,21.0,25.0,32.0,inferred
Gedling,2021-06-15,4.0,7.0,10.0,11.0,12.0,13.0,15.0,17.0,19.0,21.0,22.0,26.0,33.0,inferred
Gedling,2021-06-16,5.0,9.0,11.0,12.0,13.0,15.6,17.0,20.0,22.0,23.0,24.0,29.1,39.0,inferred
Gedling,2021-06-17,5.0,8.0,10.0,11.0,12.0,14.0,16.0,18.0,21.0,22.0,24.0,29.0,36.0,inferred
Gedling,2021-06-18,4.0,7.0,10.0,11.0,12.0,14.0,16.0,18.0,20.0,22.0,23.0,28.0,37.0,inferred
Glasgow City,2021-03-06,113.0,127.0,140.0,145.0,149.0,157.6,164.0,171.0,179.0,184.0,189.0,203.0,223.0,inferred
Glasgow City,2021-03-07,101.0,115.0,126.0,131.0,135.0,142.0,149.0,156.0,164.0,168.0,173.0,186.0,213.0,inferred
Glasgow City,2021-03-08,83.0,98.0,108.0,112.0,115.0,122.0,129.0,136.0,143.0,147.0,151.0,163.0,187.0,inferred
Glasgow City,2021-03-09,95.0,113.0,124.0,128.0,132.0,139.0,145.0,152.0,159.0,164.0,169.0,183.0,205.0,inferred
Glasgow City,2021-03-10,141.5,160.0,172.0,176.0,180.0,188.0,196.0,204.0,213.0,218.0,224.0,240.0,266.0,inferred
Glasgow City,2021-03-11,130.0,150.0,162.0,167.0,171.0,179.0,187.0,195.0,204.0,208.0,213.0,228.0,255.0,inferred
Glasgow City,2021-03-12,136.5,160.0,172.0,177.0,181.0,190.0,199.0,207.0,217.0,222.0,228.0,245.0,269.0,inferred
Glasgow City,2021-03-13,132.5,149.9,163.0,168.0,172.0,181.0,189.0,197.0,204.0,209.0,215.0,233.0,256.0,inferred
Glasgow City,2021-03-14,112.5,128.0,140.0,144.0,147.0,155.0,162.0,170.0,179.0,183.0,189.0,204.1,224.0,inferred
Glasgow City,2021-03-15,86.0,105.0,115.0,119.0,122.0,130.0,136.0,144.0,152.0,155.0,160.0,173.0,197.0,inferred
Glasgow City,2021-03-16,101.0,115.0,125.8,130.0,133.0,140.0,147.0,154.0,162.0,167.0,173.0,184.0,207.0,inferred
Glasgow City,2021-03-17,137.0,156.0,169.0,174.0,178.0,186.0,196.0,205.0,216.0,221.0,226.0,241.0,265.5,inferred
Glasgow City,2021-03-18,127.0,145.0,156.0,161.0,166.0,174.0,183.0,190.0,199.0,204.0,209.0,223.0,249.0,inferred
Glasgow City,2021-03-19,132.0,149.9,163.0,168.0,172.0,180.0,187.0,195.0,204.3,210.0,215.0,230.1,257.0,inferred
Glasgow City,2021-03-20,118.0,136.0,149.0,154.0,159.0,168.0,174.0,182.0,190.0,195.0,201.0,217.0,236.0,inferred
Glasgow City,2021-03-21,99.0,114.0,126.0,130.0,133.7,141.0,148.0,155.0,163.0,166.0,171.0,184.0,206.5,inferred
Glasgow City,2021-03-22,79.0,93.0,102.0,106.0,110.0,116.0,121.0,127.0,134.0,139.0,143.0,156.0,178.0,inferred
Glasgow City,2021-03-23,84.0,97.0,107.0,112.0,116.0,123.0,129.0,136.0,144.0,149.0,154.0,167.0,188.0,inferred
Glasgow City,2021-03-24,117.0,133.0,145.0,150.0,155.0,163.0,171.0,178.0,186.0,191.0,197.0,212.0,237.6,inferred
Glasgow City,2021-03-25,106.0,120.9,132.0,136.0,140.0,148.0,155.0,162.0,170.3,175.0,181.0,196.0,215.0,inferred
Glasgow City,2021-03-26,107.0,125.0,137.0,141.0,145.0,152.0,159.0,166.0,174.0,179.0,185.0,198.0,222.5,inferred
Glasgow City,2021-03-27,94.5,111.0,122.0,127.0,131.0,139.0,146.0,153.0,161.0,166.0,171.0,184.0,211.0,inferred
Glasgow City,2021-03-28,76.0,91.0,100.0,104.0,107.0,115.0,121.0,128.0,135.0,138.0,142.0,156.0,178.0,inferred
Glasgow City,2021-03-29,57.0,72.0,81.0,84.0,87.0,93.0,99.0,106.0,111.0,115.0,119.0,130.0,147.0,inferred
Glasgow City,2021-03-30,63.0,77.0,85.0,89.0,92.0,98.0,103.5,109.0,116.0,119.0,124.0,134.0,153.5,inferred
Glasgow City,2021-03-31,88.0,103.9,114.0,118.0,121.0,129.0,135.0,142.0,149.0,153.0,158.0,171.0,192.0,inferred
Glasgow City,2021-04-01,76.0,90.0,102.0,105.0,109.0,115.0,122.0,129.0,135.0,140.0,144.0,157.0,181.5,inferred
Glasgow City,2021-04-02,77.0,94.9,104.0,108.0,112.0,119.0,125.0,131.0,138.0,143.0,148.0,160.0,182.5,inferred
Glasgow City,2021-04-03,71.0,85.0,94.0,97.0,101.0,106.0,112.0,118.0,126.0,129.0,134.0,147.0,167.0,inferred
Glasgow City,2021-04-04,56.0,69.0,78.0,81.0,84.0,89.0,95.0,101.0,107.0,111.0,114.0,126.0,142.5,inferred
Glasgow City,2021-04-05,40.0,52.0,60.0,63.0,65.0,71.0,76.0,81.0,86.3,90.0,94.0,105.0,123.0,inferred
Glasgow City,2021-04-06,45.5,55.0,63.0,66.0,68.0,74.0,80.0,86.0,92.0,96.0,99.0,110.0,131.0,inferred
Glasgow City,2021-04-07,61.0,75.0,86.0,89.0,93.0,98.0,105.0,111.0,117.0,121.0,126.0,140.0,157.5,inferred
Glasgow City,2021-04-08,60.0,71.0,79.0,83.0,86.0,91.0,97.0,103.0,110.0,114.0,117.0,130.0,148.0,inferred
Glasgow City,2021-04-09,62.0,75.0,83.0,86.0,89.0,94.0,100.0,106.0,113.0,117.0,121.0,133.0,150.0,inferred
Glasgow City,2021-04-10,54.0,66.0,74.0,77.0,80.0,86.0,92.0,98.0,103.0,107.0,111.0,122.0,143.0,inferred
Glasgow City,2021-04-11,43.0,54.0,61.0,64.0,67.0,73.0,78.0,83.0,89.0,92.0,95.0,105.0,125.0,inferred
Glasgow City,2021-04-12,34.0,43.0,49.0,52.0,54.0,59.0,64.0,68.0,73.0,76.0,79.0,89.0,107.0,inferred
Glasgow City,2021-04-13,36.0,45.0,52.0,55.0,57.0,62.0,67.0,71.0,77.0,80.0,83.0,92.0,109.0,inferred
Glasgow City,2021-04-14,52.0,63.0,70.8,73.0,77.0,82.0,88.0,94.0,100.0,104.0,108.0,118.0,134.0,inferred
Glasgow City,2021-04-15,44.0,55.0,63.0,66.0,69.0,74.0,79.0,85.0,91.0,94.0,98.0,107.0,126.0,inferred
Glasgow City,2021-04-16,44.5,56.0,64.0,67.8,70.0,75.0,80.0,84.4,91.0,94.0,99.0,107.0,126.0,inferred
Glasgow City,2021-04-17,40.0,51.0,58.0,61.0,64.0,68.0,74.0,78.0,84.0,87.0,91.0,101.0,115.0,inferred
Glasgow City,2021-04-18,32.0,41.0,48.0,51.0,53.0,58.0,62.0,66.0,72.0,75.0,78.0,87.0,103.0,inferred
Glasgow City,2021-04-19,22.0,30.0,37.0,39.0,41.0,46.0,49.0,54.0,58.0,61.0,64.0,73.0,89.5,inferred
Glasgow City,2021-04-20,23.5,32.0,38.0,41.0,43.0,48.0,52.0,55.0,60.0,63.0,66.0,75.0,90.0,inferred
Glasgow City,2021-04-21,35.0,46.0,52.0,54.0,57.0,63.0,68.0,73.0,78.0,81.0,84.0,95.0,110.0,inferred
Glasgow City,2021-04-22,28.5,39.9,46.0,49.0,52.0,56.0,60.0,65.0,70.0,73.0,76.0,86.0,105.0,inferred
Glasgow City,2021-04-23,32.0,41.0,48.0,51.0,53.0,58.0,62.0,67.0,72.0,75.0,78.0,88.0,104.0,inferred
Glasgow City,2021-04-24,28.0,36.0,43.0,45.0,48.0,52.0,56.0,60.0,65.0,68.0,71.0,81.0,95.0,inferred
Glasgow City,2021-04-25,22.0,29.0,34.0,37.0,39.0,42.0,46.0,50.0,55.0,57.0,61.0,69.0,83.0,inferred
Glasgow City,2021-04-26,15.0,22.0,26.0,27.0,30.0,33.0,36.5,41.0,44.0,47.0,49.0,57.0,69.0,inferred
Glasgow City,2021-04-27,16.0,23.0,28.0,30.0,32.0,35.0,38.0,42.0,47.0,49.0,51.0,58.0,71.0,inferred
Glasgow City,2021-04-28,25.0,33.0,39.0,42.0,44.0,48.0,52.0,56.4,61.0,63.0,66.0,75.0,90.0,inferred
Glasgow City,2021-04-29,23.0,31.0,37.0,39.0,41.0,45.0,49.0,53.0,59.0,61.0,65.0,72.0,85.5,inferred
Glasgow City,2021-04-30,24.0,33.0,40.0,42.0,44.0,48.0,52.0,57.0,62.0,64.0,68.0,75.1,89.0,inferred
Glasgow City,2021-05-01,23.0,31.0,36.0,39.0,41.0,45.0,50.0,54.0,59.0,61.0,64.0,73.0,88.5,inferred
Glasgow City,2021-05-02,20.0,27.0,32.0,34.0,36.0,40.0,43.0,47.0,51.0,54.0,57.0,65.0,79.0,inferred
Glasgow City,2021-05-03,14.0,20.0,25.0,27.0,29.0,32.0,35.0,38.0,42.0,44.0,47.0,54.0,68.0,inferred
Glasgow City,2021-05-04,18.0,25.0,30.0,33.0,34.7,38.0,41.0,45.0,49.0,52.0,54.0,62.0,77.0,inferred
Glasgow City,2021-05-05,31.0,41.0,47.0,50.0,52.0,57.0,61.0,66.0,71.0,74.0,78.0,88.0,103.0,inferred
Glasgow City,2021-05-06,34.0,44.0,50.0,53.0,55.0,60.0,64.0,69.0,75.0,77.0,81.0,91.0,103.5,inferred
Glasgow City,2021-05-07,43.0,53.0,60.0,62.0,65.0,71.0,76.0,81.0,86.0,90.0,94.0,103.0,120.0,inferred
Glasgow City,2021-05-08,43.5,55.0,62.0,64.8,68.0,73.0,78.0,83.0,88.0,92.0,96.0,106.0,121.5,inferred
Glasgow City,2021-05-09,40.0,50.0,58.0,61.0,64.0,68.0,73.5,79.0,84.0,88.0,92.0,102.1,117.0,inferred
Glasgow City,2021-05-10,36.0,46.0,53.0,56.0,59.0,63.0,67.0,72.0,77.0,81.0,85.0,95.0,112.0,inferred
Glasgow City,2021-05-11,45.0,57.0,64.0,67.0,70.0,76.0,81.0,86.0,92.0,95.0,99.0,109.0,127.0,inferred
Glasgow City,2021-05-12,71.0,88.0,97.0,100.8,104.7,110.0,117.0,124.0,131.0,135.0,139.0,151.1,174.0,inferred
Glasgow City,2021-05-13,75.0,90.0,99.0,103.0,106.7,113.0,119.0,126.0,133.0,137.0,141.0,154.0,175.5,inferred
Glasgow City,2021-05-14,90.0,104.0,115.0,119.0,122.0,129.0,136.0,143.0,151.0,155.0,159.0,172.0,195.0,inferred
Glasgow City,2021-05-15,87.0,104.0,116.0,120.0,124.0,131.0,138.0,144.0,152.0,157.0,160.0,174.1,200.0,inferred
Glasgow City,2021-05-16,78.0,94.0,106.0,110.0,114.0,121.0,127.0,134.0,141.0,146.0,150.0,161.0,181.0,inferred
Glasgow City,2021-05-17,71.0,84.0,93.0,97.0,100.0,107.0,114.0,120.0,127.3,131.0,136.0,148.0,169.0,inferred
Glasgow City,2021-05-18,85.0,102.0,113.0,116.0,119.0,127.0,133.0,139.0,147.0,151.0,155.0,168.0,190.0,inferred
Glasgow City,2021-05-19,125.5,146.9,159.0,164.0,169.0,177.0,185.0,192.0,201.0,206.0,211.0,228.0,256.5,inferred
Glasgow City,2021-05-20,124.0,144.0,155.0,161.0,165.0,174.0,182.0,190.0,198.0,203.0,208.0,224.0,245.5,inferred
Glasgow City,2021-05-21,135.5,155.0,168.0,174.0,179.0,187.0,196.0,204.0,214.0,219.0,224.0,241.0,262.5,inferred
Glasgow City,2021-05-22,136.0,155.0,169.0,173.0,178.0,185.0,193.0,201.0,209.0,214.2,220.0,234.0,262.5,inferred
Glasgow City,2021-05-23,117.5,136.0,146.0,151.8,156.0,165.0,173.0,180.0,188.0,192.0,199.0,212.0,236.5,inferred
Glasgow City,2021-05-24,99.5,115.0,125.0,129.0,133.0,140.0,148.0,155.0,163.0,167.0,172.0,185.1,210.5,inferred
Glasgow City,2021-05-25,109.0,127.0,140.0,144.0,148.0,156.0,163.0,171.0,179.0,184.0,189.0,203.0,226.0,inferred
Glasgow City,2021-05-26,163.0,184.0,197.8,203.0,207.0,216.0,224.0,233.0,243.0,250.0,256.0,273.0,301.5,inferred
Glasgow City,2021-05-27,152.5,172.0,186.0,191.0,196.0,205.0,213.0,222.0,231.0,236.0,242.0,257.0,284.5,inferred
Glasgow City,2021-05-28,167.0,190.0,202.0,208.0,212.0,223.0,231.0,239.0,249.0,254.0,261.0,276.0,303.0,inferred
Glasgow City,2021-05-29,157.0,179.0,193.0,199.0,202.0,211.0,219.0,228.0,238.0,244.0,251.0,267.0,293.5,inferred
Glasgow City,2021-05-30,139.0,154.0,168.0,173.0,178.0,186.0,194.5,201.4,210.0,215.0,221.0,237.0,259.0,inferred
Glasgow City,2021-05-31,110.0,126.0,139.0,144.0,148.0,156.6,164.0,171.0,179.0,183.0,189.0,204.0,229.5,inferred
Glasgow City,2021-06-01,125.0,143.0,155.0,160.0,165.0,172.0,180.0,189.0,197.0,202.0,209.0,224.0,246.0,inferred
Glasgow City,2021-06-02,181.0,202.0,216.0,223.0,229.0,237.0,246.0,256.0,266.0,272.0,277.0,298.0,327.0,inferred
Glasgow City,2021-06-03,170.0,191.9,206.0,212.0,217.0,227.0,236.0,245.0,254.3,260.0,267.0,283.0,312.0,inferred
Glasgow City,2021-06-04,184.5,205.0,222.0,227.0,232.0,242.0,250.0,260.0,269.0,276.0,282.0,302.0,329.5,inferred
Glasgow City,2021-06-05,175.0,197.0,210.0,216.0,222.0,232.6,241.0,250.4,262.0,267.2,275.0,293.0,319.5,inferred
Glasgow City,2021-06-06,153.5,172.0,185.0,190.0,195.0,204.0,212.0,221.0,231.0,236.0,242.0,259.0,294.0,inferred
Glasgow City,2021-06-07,122.5,141.0,154.0,159.0,164.0,172.0,180.0,187.0,196.0,201.0,206.2,223.0,248.5,inferred
Glasgow City,2021-06-08,136.0,158.0,171.0,177.0,181.0,190.0,197.0,205.0,215.0,221.0,228.0,243.0,274.0,inferred
Glasgow City,2021-06-09,203.5,225.9,240.0,244.0,250.0,261.0,270.0,280.0,292.0,298.0,306.0,324.1,353.0,inferred
Glasgow City,2021-06-10,192.5,216.0,229.0,235.0,240.0,250.0,260.0,270.0,281.3,288.0,293.0,312.0,341.0,inferred
Glasgow City,2021-06-11,207.0,230.9,246.0,252.0,259.0,269.0,280.0,288.4,301.0,306.0,314.0,333.0,361.0,inferred
Glasgow City,2021-06-12,200.5,221.0,236.0,242.0,246.7,256.6,268.0,276.4,287.0,293.0,300.0,318.0,348.5,inferred
Glasgow City,2021-06-13,169.0,192.0,207.0,212.0,217.0,226.0,236.0,246.0,256.0,262.0,268.0,284.0,313.0,inferred
Glasgow City,2021-06-14,141.0,156.0,170.8,176.0,180.0,188.0,196.0,207.0,215.0,220.0,227.0,241.0,273.0,inferred
Glasgow City,2021-06-15,155.0,176.0,188.0,193.0,198.0,206.0,214.0,224.0,234.0,239.0,245.0,262.0,286.5,inferred
Glasgow City,2021-06-16,215.9,238.9,255.0,262.0,268.0,278.0,289.0,298.0,310.0,316.0,324.0,343.0,377.0,inferred
Glasgow City,2021-06-17,198.5,220.0,237.0,243.0,249.0,259.0,268.0,278.0,289.0,296.0,302.0,321.0,349.5,inferred
Glasgow City,2021-06-18,207.5,231.0,248.0,255.0,261.0,271.0,282.0,293.0,305.0,312.0,318.0,338.1,368.5,inferred
Gloucester,2021-03-06,0.0,1.0,1.0,1.0,2.0,2.0,3.0,3.0,4.0,4.0,5.0,6.0,9.0,inferred
Gloucester,2021-03-07,0.0,1.0,2.0,2.0,3.0,3.0,4.0,5.0,6.0,6.0,7.0,8.0,11.0,inferred
Gloucester,2021-03-08,1.0,2.0,3.0,3.0,3.0,4.0,5.0,6.0,6.0,7.0,8.0,9.0,12.0,inferred
Gloucester,2021-03-09,0.0,1.0,2.0,2.0,3.0,3.0,4.0,4.4,5.0,6.0,6.0,8.0,11.0,inferred
Gloucester,2021-03-10,0.0,1.0,2.0,3.0,3.0,4.0,4.0,5.0,6.0,6.0,7.0,9.0,11.0,inferred
Gloucester,2021-03-11,0.0,1.0,2.0,2.0,2.0,3.0,4.0,4.0,5.0,6.0,6.0,8.0,10.0,inferred
Gloucester,2021-03-12,0.0,1.0,1.0,2.0,2.0,2.0,3.0,3.0,4.0,5.0,5.0,7.0,9.0,inferred
Gloucester,2021-03-13,0.0,0.0,1.0,1.0,1.0,2.0,2.0,3.0,3.0,4.0,4.0,5.0,7.0,inferred
Gloucester,2021-03-14,0.0,1.0,1.0,1.0,2.0,2.0,3.0,3.0,4.0,4.0,5.0,7.0,9.0,inferred
Gloucester,2021-03-15,0.0,1.0,2.0,2.0,2.0,3.0,3.0,4.0,5.0,5.0,6.0,7.0,10.0,inferred
Gloucester,2021-03-16,0.0,1.0,1.0,1.0,2.0,2.0,3.0,3.0,4.0,4.0,5.0,6.0,9.0,inferred
Gloucester,2021-03-17,0.0,1.0,1.0,2.0,2.0,3.0,3.0,4.0,4.0,5.0,5.0,7.0,10.0,inferred
Gloucester,2021-03-18,0.0,0.0,1.0,1.0,2.0,2.0,3.0,3.0,4.0,4.0,5.0,6.0,9.0,inferred
Gloucester,2021-03-19,0.0,0.0,1.0,1.0,1.0,2.0,2.0,3.0,4.0,4.0,4.0,6.0,8.0,inferred
Gloucester,2021-03-20,0.0,0.0,0.0,1.0,1.0,1.0,2.0,2.0,3.0,3.0,3.0,5.0,7.0,inferred
Gloucester,2021-03-21,0.0,0.0,1.0,1.0,1.0,2.0,2.0,3.0,4.0,4.0,4.0,6.0,8.0,inferred
Gloucester,2021-03-22,0.0,1.0,1.0,2.0,2.0,2.0,3.0,4.0,4.0,5.0,5.0,7.0,10.0,inferred
Gloucester,2021-03-23,0.0,0.0,1.0,1.0,1.0,2.0,2.0,3.0,4.0,4.0,4.0,6.0,9.0,inferred
Gloucester,2021-03-24,0.0,1.0,1.0,1.0,2.0,2.0,3.0,3.0,4.0,5.0,5.0,7.0,9.0,inferred
Gloucester,2021-03-25,0.0,0.0,1.0,1.0,1.7,2.0,3.0,3.0,4.0,4.0,5.0,6.0,9.0,inferred
Gloucester,2021-03-26,0.0,0.0,1.0,1.0,1.0,2.0,2.0,3.0,3.0,4.0,4.0,5.0,8.0,inferred
Gloucester,2021-03-27,0.0,0.0,0.0,1.0,1.0,1.0,2.0,2.0,3.0,3.0,3.0,4.0,7.0,inferred
Gloucester,2021-03-28,0.0,0.0,1.0,1.0,1.0,2.0,2.0,3.0,3.0,4.0,4.0,5.0,8.0,inferred
Gloucester,2021-03-29,0.0,1.0,1.0,1.0,2.0,2.0,3.0,3.0,4.0,4.0,5.0,6.0,9.0,inferred
Gloucester,2021-03-30,0.0,0.0,1.0,1.0,1.0,2.0,2.0,3.0,3.0,4.0,4.0,5.0,7.0,inferred
Gloucester,2021-03-31,0.0,0.0,1.0,1.0,1.0,2.0,2.0,3.0,4.0,4.0,5.0,6.0,9.0,inferred
Gloucester,2021-04-01,0.0,0.0,1.0,1.0,1.0,2.0,2.0,3.0,3.0,4.0,4.0,6.0,8.0,inferred
Gloucester,2021-04-02,0.0,0.0,1.0,1.0,1.0,1.0,2.0,2.0,3.0,3.0,4.0,5.0,7.0,inferred
Gloucester,2021-04-03,0.0,0.0,0.0,0.0,1.0,1.0,1.0,2.0,2.0,2.0,3.0,4.0,6.0,inferred
Gloucester,2021-04-04,0.0,0.0,0.0,1.0,1.0,1.0,2.0,2.0,3.0,3.0,4.0,5.0,7.0,inferred
Gloucester,2021-04-05,0.0,0.0,1.0,1.0,1.0,2.0,2.0,3.0,4.0,4.0,4.0,6.0,8.0,inferred
Gloucester,2021-04-06,0.0,0.0,1.0,1.0,1.0,1.0,2.0,2.0,3.0,3.0,4.0,5.0,8.0,inferred
Gloucester,2021-04-07,0.0,0.0,1.0,1.0,1.0,2.0,2.0,3.0,4.0,4.0,5.0,6.0,8.0,inferred
Gloucester,2021-04-08,0.0,0.0,1.0,1.0,1.0,2.0,2.0,3.0,4.0,4.0,4.0,6.0,8.0,inferred
Gloucester,2021-04-09,0.0,0.0,1.0,1.0,1.0,1.0,2.0,2.0,3.0,3.0,4.0,5.0,7.0,inferred
Gloucester,2021-04-10,0.0,0.0,0.0,0.0,1.0,1.0,1.0,2.0,2.0,3.0,3.0,4.0,6.0,inferred
Gloucester,2021-04-11,0.0,0.0,1.0,1.0,1.0,2.0,2.0,3.0,3.0,4.0,4.0,5.0,8.0,inferred
Gloucester,2021-04-12,0.0,0.0,1.0,1.0,2.0,2.0,3.0,3.0,4.0,4.0,5.0,6.0,8.5,inferred
Gloucester,2021-04-13,0.0,0.0,1.0,1.0,1.0,2.0,2.0,3.0,3.0,4.0,4.0,5.0,8.0,inferred
Gloucester,2021-04-14,0.0,0.0,1.0,1.0,2.0,2.0,3.0,3.0,4.0,4.0,5.0,6.0,8.0,inferred
Gloucester,2021-04-15,0.0,0.0,1.0,1.0,1.0,2.0,2.0,3.0,4.0,4.0,4.0,6.0,8.0,inferred
Gloucester,2021-04-16,0.0,0.0,1.0,1.0,1.0,2.0,2.0,3.0,3.0,3.2,4.0,5.0,7.0,inferred
Gloucester,2021-04-17,0.0,0.0,0.0,0.0,1.0,1.0,1.0,2.0,2.0,3.0,3.0,4.0,6.0,inferred
Gloucester,2021-04-18,0.0,0.0,1.0,1.0,1.0,2.0,2.0,3.0,4.0,4.0,4.0,6.0,8.0,inferred
Gloucester,2021-04-19,0.0,1.0,1.0,1.0,2.0,2.0,3.0,3.0,4.0,5.0,5.0,6.0,9.0,inferred
Gloucester,2021-04-20,0.0,0.0,1.0,1.0,1.0,2.0,2.0,3.0,3.0,4.0,4.0,5.0,8.0,inferred
Gloucester,2021-04-21,0.0,0.0,1.0,1.0,1.0,2.0,3.0,3.0,4.0,4.0,5.0,6.0,9.0,inferred
Gloucester,2021-04-22,0.0,0.0,1.0,1.0,1.0,2.0,2.0,3.0,4.0,4.0,4.0,6.0,8.0,inferred
Gloucester,2021-04-23,0.0,0.0,1.0,1.0,1.0,1.0,2.0,2.0,3.0,3.0,4.0,5.0,7.0,inferred
Gloucester,2021-04-24,0.0,0.0,0.0,0.0,1.0,1.0,1.0,2.0,2.0,2.0,3.0,4.0,6.0,inferred
Gloucester,2021-04-25,0.0,0.0,0.0,1.0,1.0,1.0,2.0,2.0,3.0,3.0,3.0,5.0,7.0,inferred
Gloucester,2021-04-26,0.0,0.0,1.0,1.0,1.0,2.0,2.0,3.0,3.0,4.0,4.0,5.0,7.5,inferred
Gloucester,2021-04-27,0.0,0.0,0.0,1.0,1.0,1.0,2.0,2.0,3.0,3.0,3.0,4.0,7.0,inferred
Gloucester,2021-04-28,0.0,0.0,1.0,1.0,1.0,1.0,2.0,2.0,3.0,3.0,4.0,5.0,7.0,inferred
Gloucester,2021-04-29,0.0,0.0,0.0,1.0,1.0,1.0,2.0,2.0,3.0,3.0,3.0,4.0,7.0,inferred
Gloucester,2021-04-30,0.0,0.0,0.0,0.0,1.0,1.0,1.0,2.0,2.0,2.0,3.0,4.0,6.0,inferred
Gloucester,2021-05-01,0.0,0.0,0.0,0.0,0.0,0.0,1.0,1.0,2.0,2.0,2.0,3.0,5.0,inferred
Gloucester,2021-05-02,0.0,0.0,0.0,0.0,0.0,1.0,1.0,2.0,2.0,2.0,3.0,4.0,6.0,inferred
Gloucester,2021-05-03,0.0,0.0,0.0,1.0,1.0,1.0,1.0,2.0,2.0,3.0,3.0,4.0,7.0,inferred
Gloucester,2021-05-04,0.0,0.0,0.0,0.0,0.0,1.0,1.0,2.0,2.0,2.0,3.0,4.0,6.0,inferred
Gloucester,2021-05-05,0.0,0.0,0.0,0.0,1.0,1.0,1.0,2.0,2.0,3.0,3.0,4.0,6.0,inferred
Gloucester,2021-05-06,0.0,0.0,0.0,0.0,1.0,1.0,1.0,2.0,2.0,3.0,3.0,4.0,6.0,inferred
Gloucester,2021-05-07,0.0,0.0,0.0,0.0,0.0,1.0,1.0,1.0,2.0,2.0,2.0,3.0,5.0,inferred
Gloucester,2021-05-08,0.0,0.0,0.0,0.0,0.0,0.0,1.0,1.0,1.0,2.0,2.0,3.0,5.0,inferred
Gloucester,2021-05-09,0.0,0.0,0.0,0.0,0.0,1.0,1.0,1.0,2.0,2.0,2.0,4.0,5.0,inferred
Gloucester,2021-05-10,0.0,0.0,0.0,0.0,1.0,1.0,1.0,2.0,2.0,3.0,3.0,4.0,6.0,inferred
Gloucester,2021-05-11,0.0,0.0,0.0,0.0,1.0,1.0,1.0,2.0,2.0,3.0,3.0,4.0,6.0,inferred
Gloucester,2021-05-12,0.0,0.0,0.0,1.0,1.0,1.0,2.0,2.0,3.0,3.0,3.0,5.0,7.0,inferred
Gloucester,2021-05-13,0.0,0.0,0.0,1.0,1.0,1.0,2.0,2.0,3.0,3.0,4.0,5.0,7.0,inferred
Gloucester,2021-05-14,0.0,0.0,0.0,0.0,1.0,1.0,1.0,2.0,2.0,3.0,3.0,4.0,6.0,inferred
Gloucester,2021-05-15,0.0,0.0,0.0,0.0,0.0,1.0,1.0,1.0,2.0,2.0,3.0,4.0,6.0,inferred
Gloucester,2021-05-16,0.0,0.0,1.0,1.0,1.0,1.0,2.0,2.0,3.0,3.0,4.0,5.0,7.0,inferred
Gloucester,2021-05-17,0.0,0.0,1.0,1.0,1.0,2.0,2.0,3.0,4.0,4.0,5.0,6.0,8.0,inferred
Gloucester,2021-05-18,0.0,0.0,1.0,1.0,1.0,2.0,2.0,3.0,4.0,4.0,4.0,6.0,9.0,inferred
Gloucester,2021-05-19,0.0,1.0,1.0,2.0,2.0,3.0,3.0,4.0,4.0,5.0,5.0,7.0,10.0,inferred
Gloucester,2021-05-20,0.0,1.0,1.0,2.0,2.0,3.0,3.0,4.0,5.0,5.0,6.0,7.0,10.0,inferred
Gloucester,2021-05-21,0.0,1.0,1.0,2.0,2.0,3.0,3.0,4.0,4.0,5.0,5.0,7.0,10.0,inferred
Gloucester,2021-05-22,0.0,0.0,1.0,1.0,1.0,2.0,3.0,3.0,4.0,4.0,5.0,6.0,9.0,inferred
Gloucester,2021-05-23,0.0,1.0,2.0,2.0,3.0,3.0,4.0,5.0,5.0,6.0,7.0,8.0,11.0,inferred
Gloucester,2021-05-24,1.0,2.0,3.0,3.0,4.0,5.0,5.0,6.0,7.0,7.0,8.0,10.0,13.0,inferred
Gloucester,2021-05-25,0.0,2.0,3.0,3.0,3.0,4.0,5.0,6.0,7.0,7.0,8.0,9.0,12.0,inferred
Gloucester,2021-05-26,1.0,3.0,4.0,4.0,5.0,6.0,7.0,8.0,9.0,9.0,10.0,12.0,15.0,inferred
Gloucester,2021-05-27,2.0,3.0,4.0,5.0,5.0,6.0,7.0,8.0,9.0,10.0,10.0,12.0,17.0,inferred
Gloucester,2021-05-28,2.0,3.0,4.0,4.0,5.0,6.0,7.0,7.0,9.0,9.0,10.0,11.0,15.0,inferred
Gloucester,2021-05-29,1.0,2.0,3.0,3.0,4.0,5.0,5.0,6.0,7.0,8.0,8.0,10.0,14.0,inferred
Gloucester,2021-05-30,2.0,4.0,5.0,6.0,6.0,7.0,8.0,9.0,11.0,11.0,12.0,14.0,18.0,inferred
Gloucester,2021-05-31,4.0,7.0,8.0,9.0,10.0,11.0,12.0,13.0,14.0,15.0,16.0,18.0,22.0,inferred
Gloucester,2021-06-01,4.0,6.0,7.0,8.0,9.0,10.0,11.0,12.0,14.0,15.0,15.0,18.0,22.0,inferred
Gloucester,2021-06-02,5.0,8.0,10.0,10.0,11.0,12.0,14.0,15.0,17.0,17.0,18.0,21.0,25.0,inferred
Gloucester,2021-06-03,5.0,7.0,9.0,10.0,11.0,12.0,13.0,14.0,16.0,17.0,18.0,21.0,25.0,inferred
Gloucester,2021-06-04,4.0,6.0,8.0,9.0,9.0,10.0,12.0,13.0,14.0,15.0,16.0,18.0,23.0,inferred
Gloucester,2021-06-05,3.0,5.0,6.0,7.0,7.0,8.0,9.0,10.0,12.0,12.0,13.0,15.0,18.5,inferred
Gloucester,2021-06-06,5.0,7.0,9.0,10.0,11.0,12.0,13.0,15.0,16.0,17.0,18.0,21.0,25.0,inferred
Gloucester,2021-06-07,7.0,11.0,13.0,14.0,15.0,16.0,17.0,19.0,21.0,22.0,23.0,25.0,30.5,inferred
Gloucester,2021-06-08,7.0,10.0,11.0,12.0,13.0,14.0,16.0,17.0,19.0,20.0,21.0,24.0,28.0,inferred
Gloucester,2021-06-09,9.0,12.0,14.0,15.0,16.0,18.0,19.0,21.0,22.0,23.0,25.0,28.0,33.0,inferred
Gloucester,2021-06-10,9.0,12.0,14.0,15.0,16.0,17.0,19.0,21.0,22.0,23.0,24.0,27.0,33.0,inferred
Gloucester,2021-06-11,7.0,11.0,13.0,14.0,15.0,16.0,17.0,19.0,21.0,21.0,22.0,25.0,31.0,inferred
Gloucester,2021-06-12,6.0,8.0,10.0,11.0,12.0,13.0,14.0,16.0,17.0,18.0,19.0,21.0,26.0,inferred
Gloucester,2021-06-13,10.0,13.0,16.0,17.0,17.0,19.0,21.0,22.0,24.0,25.0,26.0,30.0,34.5,inferred
Gloucester,2021-06-14,15.0,19.0,22.0,23.0,24.0,26.0,28.0,30.0,32.0,33.0,34.0,38.0,43.0,inferred
Gloucester,2021-06-15,14.0,17.0,20.0,21.0,22.0,24.0,26.0,28.0,30.0,31.0,32.0,36.0,41.5,inferred
Gloucester,2021-06-16,19.0,24.0,26.0,28.0,29.0,31.0,33.0,35.0,37.0,39.0,40.0,44.0,51.0,inferred
Gloucester,2021-06-17,18.0,23.0,26.0,27.0,29.0,31.0,33.0,35.0,37.0,39.0,40.0,44.0,50.0,inferred
Gloucester,2021-06-18,15.0,20.0,23.0,24.0,25.0,27.0,30.0,31.0,34.0,35.0,37.0,41.0,48.5,inferred
Gosport,2021-03-06,0.0,1.0,1.0,2.0,2.0,3.0,3.0,4.0,5.0,5.0,5.0,7.0,9.0,inferred
Gosport,2021-03-07,0.0,1.0,2.0,2.0,3.0,3.0,4.0,5.0,5.0,6.0,6.0,8.0,10.0,inferred
Gosport,2021-03-08,1.0,2.0,2.0,3.0,3.0,4.0,5.0,5.0,6.0,7.0,7.0,9.0,11.0,inferred
Gosport,2021-03-09,1.0,2.0,3.0,3.0,3.0,4.0,4.0,5.0,6.0,6.0,7.0,9.0,11.0,inferred
Gosport,2021-03-10,1.0,2.0,3.0,3.0,3.0,4.0,5.0,5.0,6.0,7.0,7.0,9.0,12.0,inferred
Gosport,2021-03-11,0.0,1.0,2.0,3.0,3.0,4.0,4.0,5.0,6.0,6.0,7.0,8.0,11.0,inferred
Gosport,2021-03-12,0.0,1.0,2.0,2.0,2.0,3.0,4.0,4.0,5.0,5.0,6.0,7.0,10.0,inferred
Gosport,2021-03-13,0.0,1.0,1.0,2.0,2.0,2.0,3.0,3.0,4.0,4.0,5.0,6.0,8.0,inferred
Gosport,2021-03-14,0.0,1.0,2.0,2.0,2.0,3.0,3.0,4.0,5.0,5.0,5.2,7.0,10.0,inferred
Gosport,2021-03-15,0.0,1.0,2.0,2.0,3.0,3.0,4.0,5.0,6.0,6.0,7.0,8.0,10.0,inferred
Gosport,2021-03-16,0.0,1.0,2.0,2.0,3.0,3.0,4.0,4.0,5.0,6.0,6.0,8.0,10.0,inferred
Gosport,2021-03-17,0.0,1.0,2.0,2.0,3.0,3.0,4.0,5.0,6.0,6.0,7.0,8.0,10.5,inferred
Gosport,2021-03-18,0.0,1.0,2.0,2.0,2.0,3.0,3.5,4.0,5.0,5.0,6.0,8.0,10.0,inferred
Gosport,2021-03-19,0.0,1.0,2.0,2.0,2.0,3.0,3.0,4.0,4.0,5.0,5.0,7.0,9.0,inferred
Gosport,2021-03-20,0.0,0.0,1.0,1.0,1.0,2.0,2.0,3.0,3.0,4.0,4.0,6.0,8.0,inferred
Gosport,2021-03-21,0.0,0.0,1.0,1.0,2.0,2.0,3.0,3.0,4.0,5.0,5.0,6.0,9.0,inferred
Gosport,2021-03-22,0.0,1.0,2.0,2.0,2.0,3.0,3.0,4.0,5.0,5.0,6.0,7.0,9.0,inferred
Gosport,2021-03-23,0.0,1.0,1.0,2.0,2.0,2.0,3.0,4.0,4.0,5.0,5.0,7.0,9.0,inferred
Gosport,2021-03-24,0.0,1.0,1.0,2.0,2.0,3.0,3.0,4.0,5.0,5.0,6.0,7.0,9.0,inferred
Gosport,2021-03-25,0.0,1.0,1.0,1.0,2.0,2.0,3.0,3.0,4.0,4.0,5.0,6.0,8.0,inferred
Gosport,2021-03-26,0.0,0.0,1.0,1.0,1.0,2.0,2.0,3.0,3.0,4.0,4.0,6.0,8.0,inferred
Gosport,2021-03-27,0.0,0.0,0.0,1.0,1.0,1.0,2.0,2.0,3.0,3.0,3.0,5.0,7.0,inferred
Gosport,2021-03-28,0.0,0.0,1.0,1.0,1.0,1.0,2.0,2.0,3.0,3.0,4.0,5.0,7.0,inferred
Gosport,2021-03-29,0.0,0.0,1.0,1.0,1.0,2.0,2.0,3.0,3.0,4.0,4.0,6.0,8.0,inferred
Gosport,2021-03-30,0.0,0.0,1.0,1.0,1.0,2.0,2.0,3.0,3.0,4.0,4.0,5.0,8.0,inferred
Gosport,2021-03-31,0.0,0.0,1.0,1.0,1.0,2.0,2.0,2.0,3.0,4.0,4.0,5.0,8.0,inferred
Gosport,2021-04-01,0.0,0.0,0.0,1.0,1.0,1.0,2.0,2.0,3.0,3.0,4.0,5.0,7.0,inferred
Gosport,2021-04-02,0.0,0.0,0.0,0.0,1.0,1.0,1.0,2.0,2.0,3.0,3.0,4.0,6.0,inferred
Gosport,2021-04-03,0.0,0.0,0.0,0.0,0.0,1.0,1.0,1.0,2.0,2.0,2.0,3.0,5.0,inferred
Gosport,2021-04-04,0.0,0.0,0.0,0.0,0.0,1.0,1.0,2.0,2.0,2.0,3.0,4.0,5.5,inferred
Gosport,2021-04-05,0.0,0.0,0.0,0.0,1.0,1.0,1.0,2.0,2.0,3.0,3.0,4.0,6.0,inferred
Gosport,2021-04-06,0.0,0.0,0.0,0.0,1.0,1.0,1.0,2.0,2.0,3.0,3.0,4.0,6.0,inferred
Gosport,2021-04-07,0.0,0.0,0.0,0.0,1.0,1.0,1.0,2.0,2.0,3.0,3.0,4.0,6.0,inferred
Gosport,2021-04-08,0.0,0.0,0.0,0.0,0.0,1.0,1.0,1.0,2.0,2.0,2.0,4.0,6.0,inferred
Gosport,2021-04-09,0.0,0.0,0.0,0.0,0.0,1.0,1.0,1.0,2.0,2.0,2.0,3.0,5.0,inferred
Gosport,2021-04-10,0.0,0.0,0.0,0.0,0.0,0.0,1.0,1.0,1.0,2.0,2.0,3.0,4.0,inferred
Gosport,2021-04-11,0.0,0.0,0.0,0.0,0.0,1.0,1.0,1.0,2.0,2.0,2.0,3.0,5.0,inferred
Gosport,2021-04-12,0.0,0.0,0.0,0.0,0.0,1.0,1.0,1.0,2.0,2.0,2.2,3.0,5.0,inferred
Gosport,2021-04-13,0.0,0.0,0.0,0.0,0.0,1.0,1.0,1.0,2.0,2.0,2.0,3.0,5.0,inferred
Gosport,2021-04-14,0.0,0.0,0.0,0.0,0.0,1.0,1.0,1.0,2.0,2.0,2.0,3.1,5.0,inferred
Gosport,2021-04-15,0.0,0.0,0.0,0.0,0.0,1.0,1.0,1.0,2.0,2.0,2.0,3.0,5.0,inferred
Gosport,2021-04-16,0.0,0.0,0.0,0.0,0.0,1.0,1.0,1.0,2.0,2.0,2.0,3.0,5.0,inferred
Gosport,2021-04-17,0.0,0.0,0.0,0.0,0.0,0.0,1.0,1.0,1.0,2.0,2.0,3.0,4.0,inferred
Gosport,2021-04-18,0.0,0.0,0.0,0.0,0.0,0.0,1.0,1.0,2.0,2.0,2.0,3.0,5.0,inferred
Gosport,2021-04-19,0.0,0.0,0.0,0.0,0.0,1.0,1.0,1.0,2.0,2.0,3.0,3.0,5.0,inferred
Gosport,2021-04-20,0.0,0.0,0.0,0.0,0.0,1.0,1.0,1.0,2.0,2.0,3.0,4.0,6.0,inferred
Gosport,2021-04-21,0.0,0.0,0.0,0.0,0.0,1.0,1.0,2.0,2.0,2.0,3.0,4.0,6.0,inferred
Gosport,2021-04-22,0.0,0.0,0.0,0.0,0.0,1.0,1.0,1.0,2.0,2.0,3.0,4.0,6.0,inferred
Gosport,2021-04-23,0.0,0.0,0.0,0.0,0.0,1.0,1.0,1.0,2.0,2.0,2.0,3.0,5.0,inferred
Gosport,2021-04-24,0.0,0.0,0.0,0.0,0.0,0.0,1.0,1.0,1.0,2.0,2.0,3.0,4.0,inferred
Gosport,2021-04-25,0.0,0.0,0.0,0.0,0.0,1.0,1.0,1.0,2.0,2.0,2.0,3.0,5.0,inferred
Gosport,2021-04-26,0.0,0.0,0.0,0.0,0.0,1.0,1.0,2.0,2.0,2.0,3.0,4.0,5.0,inferred
Gosport,2021-04-27,0.0,0.0,0.0,0.0,0.0,1.0,1.0,2.0,2.0,2.0,3.0,4.0,6.0,inferred
Gosport,2021-04-28,0.0,0.0,0.0,0.0,0.0,1.0,1.0,2.0,2.0,2.0,3.0,4.0,6.0,inferred
Gosport,2021-04-29,0.0,0.0,0.0,0.0,0.0,1.0,1.0,1.0,2.0,2.0,2.0,3.0,5.0,inferred
Gosport,2021-04-30,0.0,0.0,0.0,0.0,0.0,1.0,1.0,1.0,2.0,2.0,2.0,3.0,5.0,inferred
Gosport,2021-05-01,0.0,0.0,0.0,0.0,0.0,0.0,1.0,1.0,1.0,2.0,2.0,3.0,4.5,inferred
Gosport,2021-05-02,0.0,0.0,0.0,0.0,0.0,0.0,1.0,1.0,2.0,2.0,2.0,3.0,5.0,inferred
Gosport,2021-05-03,0.0,0.0,0.0,0.0,0.0,1.0,1.0,1.0,2.0,2.0,3.0,3.0,5.0,inferred
Gosport,2021-05-04,0.0,0.0,0.0,0.0,0.0,1.0,1.0,1.0,2.0,2.0,3.0,4.0,5.5,inferred
Gosport,2021-05-05,0.0,0.0,0.0,0.0,0.0,1.0,1.0,1.0,2.0,2.0,2.0,4.0,5.0,inferred
Gosport,2021-05-06,0.0,0.0,0.0,0.0,0.0,1.0,1.0,1.0,2.0,2.0,3.0,3.0,5.0,inferred
Gosport,2021-05-07,0.0,0.0,0.0,0.0,0.0,1.0,1.0,1.0,2.0,2.0,2.0,3.0,5.0,inferred
Gosport,2021-05-08,0.0,0.0,0.0,0.0,0.0,0.0,1.0,1.0,1.0,2.0,2.0,3.0,4.0,inferred
Gosport,2021-05-09,0.0,0.0,0.0,0.0,0.0,1.0,1.0,1.0,2.0,2.0,2.0,3.0,5.0,inferred
Gosport,2021-05-10,0.0,0.0,0.0,0.0,0.0,1.0,1.0,1.0,2.0,2.0,2.0,3.0,5.5,inferred
Gosport,2021-05-11,0.0,0.0,0.0,0.0,0.0,1.0,1.0,1.0,2.0,2.0,3.0,3.0,5.0,inferred
Gosport,2021-05-12,0.0,0.0,0.0,0.0,0.0,1.0,1.0,2.0,2.0,2.0,3.0,4.0,5.0,inferred
Gosport,2021-05-13,0.0,0.0,0.0,0.0,0.0,1.0,1.0,1.0,2.0,2.0,2.0,3.0,5.0,inferred
Gosport,2021-05-14,0.0,0.0,0.0,0.0,0.0,0.0,1.0,1.0,2.0,2.0,2.0,3.0,5.0,inferred
Gosport,2021-05-15,0.0,0.0,0.0,0.0,0.0,0.0,1.0,1.0,1.0,1.0,2.0,2.0,4.0,inferred
Gosport,2021-05-16,0.0,0.0,0.0,0.0,0.0,0.0,1.0,1.0,1.0,2.0,2.0,3.0,5.0,inferred
Gosport,2021-05-17,0.0,0.0,0.0,0.0,0.0,1.0,1.0,1.0,2.0,2.0,2.0,3.0,5.0,inferred
Gosport,2021-05-18,0.0,0.0,0.0,0.0,0.0,1.0,1.0,1.0,2.0,2.0,2.0,3.0,5.0,inferred
Gosport,2021-05-19,0.0,0.0,0.0,0.0,0.0,1.0,1.0,1.0,2.0,2.0,3.0,4.0,5.0,inferred
Gosport,2021-05-20,0.0,0.0,0.0,0.0,0.0,1.0,1.0,1.0,2.0,2.0,2.0,3.0,5.0,inferred
Gosport,2021-05-21,0.0,0.0,0.0,0.0,0.0,0.0,1.0,1.0,2.0,2.0,2.0,3.0,5.0,inferred
Gosport,2021-05-22,0.0,0.0,0.0,0.0,0.0,0.0,1.0,1.0,1.0,1.0,2.0,3.0,4.0,inferred
Gosport,2021-05-23,0.0,0.0,0.0,0.0,0.0,0.0,1.0,1.0,2.0,2.0,2.0,3.0,5.0,inferred
Gosport,2021-05-24,0.0,0.0,0.0,0.0,0.0,1.0,1.0,1.0,2.0,2.0,2.0,3.0,5.0,inferred
Gosport,2021-05-25,0.0,0.0,0.0,0.0,0.0,1.0,1.0,1.0,2.0,2.0,2.0,3.0,5.0,inferred
Gosport,2021-05-26,0.0,0.0,0.0,0.0,0.0,1.0,1.0,1.0,2.0,2.0,2.0,3.0,5.0,inferred
Gosport,2021-05-27,0.0,0.0,0.0,0.0,0.0,1.0,1.0,1.0,2.0,2.0,2.0,3.0,5.0,inferred
Gosport,2021-05-28,0.0,0.0,0.0,0.0,0.0,1.0,1.0,1.0,2.0,2.0,2.0,3.0,5.0,inferred
Gosport,2021-05-29,0.0,0.0,0.0,0.0,0.0,0.0,1.0,1.0,1.0,2.0,2.0,3.0,5.0,inferred
Gosport,2021-05-30,0.0,0.0,0.0,0.0,0.0,1.0,1.0,1.0,2.0,2.0,2.0,3.0,5.0,inferred
Gosport,2021-05-31,0.0,0.0,0.0,0.0,1.0,1.0,1.0,2.0,2.0,3.0,3.0,4.0,6.0,inferred
Gosport,2021-06-01,0.0,0.0,0.0,0.0,1.0,1.0,1.0,2.0,2.0,3.0,3.0,4.0,6.0,inferred
Gosport,2021-06-02,0.0,0.0,0.0,1.0,1.0,1.0,2.0,2.0,3.0,3.0,3.0,4.0,7.0,inferred
Gosport,2021-06-03,0.0,0.0,0.0,1.0,1.0,1.0,2.0,2.0,3.0,3.0,3.0,4.0,6.0,inferred
Gosport,2021-06-04,0.0,0.0,0.0,1.0,1.0,1.0,2.0,2.0,2.3,3.0,3.0,4.0,7.0,inferred
Gosport,2021-06-05,0.0,0.0,0.0,0.0,1.0,1.0,1.0,2.0,2.0,3.0,3.0,4.0,6.5,inferred
Gosport,2021-06-06,0.0,0.0,1.0,1.0,1.0,1.0,2.0,2.0,3.0,3.0,4.0,5.0,7.0,inferred
Gosport,2021-06-07,0.0,0.0,1.0,1.0,2.0,2.0,3.0,3.0,4.0,4.0,5.0,6.0,8.5,inferred
Gosport,2021-06-08,0.0,0.0,1.0,1.0,2.0,2.0,3.0,3.0,4.0,4.0,5.0,6.0,9.0,inferred
Gosport,2021-06-09,0.0,1.0,1.0,2.0,2.0,2.0,3.0,4.0,5.0,5.0,6.0,7.0,10.0,inferred
Gosport,2021-06-10,0.0,1.0,1.0,2.0,2.0,2.0,3.0,4.0,4.0,5.0,5.0,6.0,8.0,inferred
Gosport,2021-06-11,0.0,1.0,1.0,1.0,2.0,2.0,3.0,3.0,4.0,5.0,5.0,6.0,9.0,inferred
Gosport,2021-06-12,0.0,0.0,1.0,1.0,1.0,2.0,2.0,3.0,4.0,4.0,4.0,5.0,8.0,inferred
Gosport,2021-06-13,0.0,1.0,1.0,2.0,2.0,2.0,3.0,3.0,4.0,5.0,5.0,7.0,9.0,inferred
Gosport,2021-06-14,0.0,1.0,2.0,2.0,3.0,3.0,4.0,5.0,6.0,6.0,6.0,8.0,11.0,inferred
Gosport,2021-06-15,0.0,1.0,2.0,2.0,3.0,3.0,4.0,5.0,5.0,6.0,6.0,8.0,11.0,inferred
Gosport,2021-06-16,0.0,1.0,2.0,3.0,3.0,4.0,4.0,5.0,6.0,7.0,7.0,9.0,12.0,inferred
Gosport,2021-06-17,0.0,1.0,2.0,3.0,3.0,4.0,4.0,5.0,6.0,7.0,7.0,9.0,11.0,inferred
Gosport,2021-06-18,0.0,1.0,2.0,2.0,3.0,3.0,4.0,5.0,6.0,6.0,7.0,8.0,11.0,inferred
Grampian,2021-03-06,12.5,16.0,19.0,20.0,21.0,23.0,25.0,27.0,29.0,31.0,32.0,36.0,43.0,inferred
Grampian,2021-03-07,10.0,14.0,17.0,18.0,19.0,21.0,23.0,25.0,27.0,28.0,29.0,34.0,41.5,inferred
Grampian,2021-03-08,8.0,12.0,14.0,15.0,16.0,18.0,20.0,22.0,24.0,25.0,26.0,30.0,37.0,inferred
Grampian,2021-03-09,10.0,14.0,17.0,18.0,19.0,21.0,23.0,25.0,27.0,29.0,30.0,34.0,40.5,inferred
Grampian,2021-03-10,17.0,22.0,25.0,26.0,27.0,30.0,32.0,34.0,37.0,38.0,40.0,45.0,52.0,inferred
Grampian,2021-03-11,16.0,20.0,24.0,25.0,26.0,28.0,30.0,33.0,35.0,37.0,38.0,43.0,50.0,inferred
Grampian,2021-03-12,17.0,22.0,25.0,26.0,28.0,30.0,32.0,34.0,37.0,39.0,41.0,45.0,54.0,inferred
Grampian,2021-03-13,15.0,20.0,23.0,25.0,26.0,28.0,30.0,33.0,35.0,36.0,38.0,43.0,49.0,inferred
Grampian,2021-03-14,13.0,17.0,20.0,21.0,22.0,25.0,27.0,29.0,31.0,33.0,34.0,38.0,45.0,inferred
Grampian,2021-03-15,10.0,14.0,16.0,17.0,18.0,20.0,22.0,24.0,26.0,27.0,29.0,33.0,40.0,inferred
Grampian,2021-03-16,11.0,15.0,18.0,19.8,20.0,23.0,25.0,27.0,29.0,30.0,32.0,36.0,44.0,inferred
Grampian,2021-03-17,19.0,23.0,27.0,28.0,30.0,32.0,34.0,36.0,39.0,41.0,43.0,48.0,56.0,inferred
Grampian,2021-03-18,18.0,23.0,26.0,28.0,29.0,31.0,33.0,35.0,38.0,39.0,41.0,46.0,54.0,inferred
Grampian,2021-03-19,19.0,24.0,28.0,30.0,31.0,34.0,36.0,39.0,41.0,42.0,44.0,50.0,58.0,inferred
Grampian,2021-03-20,19.0,24.0,27.0,29.0,30.0,32.0,35.0,37.0,40.0,41.0,43.0,48.0,56.0,inferred
Grampian,2021-03-21,16.0,20.0,24.0,25.0,26.0,28.0,31.0,33.0,36.0,37.0,39.0,43.0,52.0,inferred
Grampian,2021-03-22,12.0,16.0,20.0,21.0,22.0,24.0,26.0,28.0,31.0,32.0,34.0,38.0,45.0,inferred
Grampian,2021-03-23,14.5,18.0,22.0,23.0,24.0,27.0,29.0,31.0,33.0,35.0,37.0,41.0,50.0,inferred
Grampian,2021-03-24,23.0,28.0,31.0,33.0,34.0,36.0,39.0,42.0,44.0,46.0,48.0,53.0,61.0,inferred
Grampian,2021-03-25,19.0,24.0,28.0,29.0,31.0,33.0,36.0,38.0,41.0,43.0,44.0,49.0,56.0,inferred
Grampian,2021-03-26,20.0,26.0,29.0,31.0,32.0,35.0,38.0,40.0,43.0,44.0,46.0,51.0,58.0,inferred
Grampian,2021-03-27,18.0,23.0,27.0,28.0,29.0,31.0,34.0,36.0,39.0,40.0,42.0,47.0,55.0,inferred
Grampian,2021-03-28,14.0,19.0,23.0,24.0,25.0,27.0,29.0,31.0,33.0,35.0,36.2,41.0,48.0,inferred
Grampian,2021-03-29,11.0,15.0,17.0,18.0,19.0,22.0,24.0,26.0,28.0,29.0,31.0,35.0,42.0,inferred
Grampian,2021-03-30,11.0,15.0,18.0,20.0,21.0,23.0,25.0,27.0,29.0,30.0,32.0,36.0,44.0,inferred
Grampian,2021-03-31,16.0,22.0,25.0,26.0,28.0,30.0,32.0,35.0,37.0,39.0,41.0,45.0,53.0,inferred
Grampian,2021-04-01,15.0,19.0,23.0,24.0,25.0,27.0,29.0,32.0,34.0,36.0,37.0,42.0,49.5,inferred
Grampian,2021-04-02,15.0,19.0,23.0,24.0,25.0,28.0,30.0,32.0,35.0,36.0,38.0,42.0,50.0,inferred
Grampian,2021-04-03,13.0,17.0,20.0,21.0,22.0,25.0,27.0,29.0,31.0,32.0,34.0,38.0,44.0,inferred
Grampian,2021-04-04,10.0,14.0,16.0,18.0,19.0,21.0,22.0,24.0,27.0,28.0,29.0,33.0,41.0,inferred
Grampian,2021-04-05,7.0,11.0,13.0,14.0,15.0,17.0,18.0,20.0,22.0,23.0,24.0,27.0,33.0,inferred
Grampian,2021-04-06,8.0,11.0,14.0,15.0,16.0,17.0,19.0,21.0,23.0,24.0,25.0,29.0,35.0,inferred
Grampian,2021-04-07,12.0,16.0,19.0,21.0,21.0,24.0,26.0,28.0,30.0,31.0,33.0,37.0,44.0,inferred
Grampian,2021-04-08,11.0,15.0,18.0,19.0,20.0,22.0,24.0,26.0,28.0,29.0,31.0,35.0,41.0,inferred
Grampian,2021-04-09,12.0,16.0,19.0,20.0,21.0,23.0,25.0,27.0,29.0,31.0,32.0,36.0,44.0,inferred
Grampian,2021-04-10,11.0,15.0,17.0,18.0,19.0,21.0,23.0,25.0,27.0,28.0,30.0,34.0,40.5,inferred
Grampian,2021-04-11,8.0,12.0,14.0,15.0,16.0,18.0,20.0,21.0,23.0,24.0,26.0,29.0,36.0,inferred
Grampian,2021-04-12,6.0,9.0,11.0,12.0,13.0,14.0,16.0,18.0,20.0,21.0,22.0,25.0,31.0,inferred
Grampian,2021-04-13,6.5,9.9,12.0,13.0,14.0,15.0,17.0,19.0,21.0,22.0,23.0,26.0,33.5,inferred
Grampian,2021-04-14,10.0,14.0,16.0,18.0,19.0,21.0,23.0,25.0,27.0,28.0,30.0,34.0,41.0,inferred
Grampian,2021-04-15,9.0,13.0,15.0,16.0,17.0,19.0,21.0,23.0,25.0,26.0,28.0,32.0,38.0,inferred
Grampian,2021-04-16,10.0,14.0,16.0,17.0,18.0,20.0,22.0,24.0,26.0,27.0,29.0,33.0,38.0,inferred
Grampian,2021-04-17,9.0,12.0,15.0,16.0,17.0,19.0,20.0,22.0,24.0,25.0,27.0,31.0,38.0,inferred
Grampian,2021-04-18,7.0,10.0,12.0,13.0,14.0,16.0,18.0,19.0,21.0,22.0,24.0,27.0,34.0,inferred
Grampian,2021-04-19,5.0,7.0,10.0,10.0,11.0,13.0,14.0,16.0,17.0,18.0,20.0,23.0,29.0,inferred
Grampian,2021-04-20,5.0,8.0,10.0,11.0,12.0,13.0,15.0,16.0,18.0,19.0,20.0,23.0,28.5,inferred
Grampian,2021-04-21,9.0,12.0,14.0,15.0,16.0,18.0,20.0,21.0,24.0,25.0,26.0,30.0,38.0,inferred
Grampian,2021-04-22,8.0,11.0,13.0,14.0,15.0,17.0,19.0,21.0,23.0,24.0,25.0,29.0,36.0,inferred
Grampian,2021-04-23,8.0,12.0,14.0,15.0,16.0,18.0,19.0,21.0,23.0,24.0,26.0,29.0,36.0,inferred
Grampian,2021-04-24,8.0,11.0,13.0,13.0,14.0,16.0,18.0,20.0,22.0,23.0,24.0,27.0,33.0,inferred
Grampian,2021-04-25,5.0,9.0,11.0,12.0,12.0,14.0,16.0,17.0,19.0,20.0,21.0,25.0,31.0,inferred
Grampian,2021-04-26,3.5,7.0,8.0,9.0,10.0,11.0,13.0,14.0,16.0,17.0,18.0,21.0,26.0,inferred
Grampian,2021-04-27,5.0,7.0,9.0,10.0,11.0,12.0,14.0,16.0,18.0,19.0,20.0,23.0,28.0,inferred
Grampian,2021-04-28,9.0,12.0,14.8,16.0,17.0,18.0,20.0,22.0,24.0,25.0,27.0,30.0,36.5,inferred
Grampian,2021-04-29,8.0,11.0,14.0,15.0,16.0,18.0,19.0,21.0,23.0,24.0,26.0,30.0,36.0,inferred
Grampian,2021-04-30,10.0,13.0,16.0,17.0,18.0,20.0,22.0,24.0,26.0,27.0,28.0,32.0,39.0,inferred
Grampian,2021-05-01,10.0,13.0,15.0,16.0,17.0,19.0,21.0,23.0,25.0,26.0,27.0,31.0,38.0,inferred
Grampian,2021-05-02,7.0,11.0,13.0,14.0,15.0,17.0,18.0,20.0,22.0,23.0,25.0,28.0,35.0,inferred
Grampian,2021-05-03,6.0,9.0,11.0,12.0,13.0,14.0,16.0,18.0,19.0,20.0,22.0,26.0,32.0,inferred
Grampian,2021-05-04,7.0,10.0,12.0,13.0,14.0,16.0,18.0,19.0,21.0,22.0,23.0,26.0,33.0,inferred
Grampian,2021-05-05,11.0,15.0,17.0,18.0,19.0,22.0,24.0,26.0,28.0,29.0,30.0,34.0,42.0,inferred
Grampian,2021-05-06,11.0,14.0,16.0,18.0,19.0,21.0,23.0,25.0,27.0,28.0,30.0,33.0,39.0,inferred
Grampian,2021-05-07,11.0,15.0,17.0,18.8,20.0,22.0,24.0,25.0,27.0,29.0,30.0,34.0,42.0,inferred
Grampian,2021-05-08,10.0,13.0,16.0,17.0,18.0,20.0,22.0,24.0,26.0,27.0,29.0,33.0,39.0,inferred
Grampian,2021-05-09,8.0,11.0,13.0,15.0,15.0,17.0,19.0,20.0,22.0,24.0,25.0,29.0,34.0,inferred
Grampian,2021-05-10,6.0,8.0,10.0,11.0,12.0,14.0,15.0,17.0,18.0,19.0,21.0,24.0,30.0,inferred
Grampian,2021-05-11,6.0,9.0,11.0,12.0,13.0,14.0,16.0,18.0,19.0,20.0,22.0,25.0,31.0,inferred
Grampian,2021-05-12,9.0,12.0,15.0,16.0,17.0,19.0,20.0,22.0,25.0,26.0,27.0,32.0,39.0,inferred
Grampian,2021-05-13,7.0,11.0,13.0,14.0,15.0,17.0,18.0,20.0,22.0,23.0,25.0,29.0,35.0,inferred
Grampian,2021-05-14,7.0,11.0,13.0,14.0,15.0,16.0,18.0,20.0,22.0,23.0,24.0,28.0,34.0,inferred
Grampian,2021-05-15,7.0,9.0,12.0,13.0,13.0,15.0,16.0,18.0,20.0,21.0,23.0,26.0,31.0,inferred
Grampian,2021-05-16,5.0,7.0,9.0,10.0,11.0,12.0,14.0,15.0,17.0,18.0,19.0,22.0,29.0,inferred
Grampian,2021-05-17,3.0,5.0,7.0,8.0,8.0,9.0,11.0,12.0,13.0,14.0,15.0,18.0,23.0,inferred
Grampian,2021-05-18,3.0,6.0,7.0,8.0,9.0,10.0,11.0,13.0,14.0,15.0,16.0,19.0,23.0,inferred
Grampian,2021-05-19,5.0,7.0,10.0,10.0,11.0,12.0,14.0,16.0,18.0,19.0,20.0,23.0,28.0,inferred
Grampian,2021-05-20,4.0,7.0,9.0,9.0,10.0,12.0,13.0,15.0,16.0,17.0,18.0,21.0,26.0,inferred
Grampian,2021-05-21,4.0,7.0,9.0,10.0,11.0,12.0,13.0,14.0,16.0,17.0,19.0,21.1,27.0,inferred
Grampian,2021-05-22,3.0,6.0,8.0,9.0,9.0,11.0,12.0,13.0,15.0,16.0,17.0,20.0,25.5,inferred
Grampian,2021-05-23,3.0,5.0,6.8,7.0,8.0,9.0,10.0,12.0,14.0,15.0,16.0,19.0,24.0,inferred
Grampian,2021-05-24,2.0,4.0,5.0,6.0,6.0,7.0,8.0,9.0,11.0,11.0,12.0,15.0,19.0,inferred
Grampian,2021-05-25,2.0,4.0,5.0,6.0,7.0,8.0,9.0,10.0,12.0,13.0,13.0,16.0,21.0,inferred
Grampian,2021-05-26,4.0,6.0,8.0,9.0,10.0,11.0,12.0,14.0,15.0,16.0,17.0,21.0,26.0,inferred
Grampian,2021-05-27,4.0,6.0,8.0,9.0,10.0,11.0,12.0,14.0,16.0,16.2,18.0,21.0,25.0,inferred
Grampian,2021-05-28,4.0,7.0,9.0,10.0,11.0,12.0,13.0,15.0,16.0,18.0,19.0,22.0,27.0,inferred
Grampian,2021-05-29,4.0,6.0,8.0,9.0,10.0,11.0,13.0,14.0,16.0,17.0,18.0,21.0,26.0,inferred
Grampian,2021-05-30,3.0,6.0,8.0,8.0,9.0,10.0,11.0,13.0,15.0,16.0,17.0,20.0,25.0,inferred
Grampian,2021-05-31,2.0,4.0,6.0,6.0,7.0,8.0,9.0,11.0,13.0,14.0,15.0,17.0,22.0,inferred
Grampian,2021-06-01,3.0,6.0,7.0,8.0,9.0,10.0,11.0,13.0,15.0,15.0,17.0,20.0,24.5,inferred
Grampian,2021-06-02,6.0,10.0,12.0,13.0,14.0,16.0,17.0,19.0,21.0,22.0,24.0,27.0,33.5,inferred
Grampian,2021-06-03,8.0,11.0,13.0,14.0,15.0,17.0,18.0,20.0,22.0,23.0,25.0,29.0,35.0,inferred
Grampian,2021-06-04,9.0,13.0,16.0,17.0,18.0,20.0,21.0,23.0,26.0,27.0,28.0,33.0,40.0,inferred
Grampian,2021-06-05,10.0,14.0,17.0,18.0,19.0,21.0,22.0,24.0,26.0,28.0,29.0,33.0,39.5,inferred
Grampian,2021-06-06,9.0,13.0,16.0,17.0,18.0,19.0,21.0,23.0,25.0,26.0,28.0,32.0,38.0,inferred
Grampian,2021-06-07,8.0,11.0,13.0,15.0,15.7,17.0,19.0,21.0,23.0,24.0,25.0,29.0,37.0,inferred
Grampian,2021-06-08,10.0,14.0,16.0,18.0,19.0,20.0,22.0,24.0,26.0,28.0,29.0,33.0,39.0,inferred
Grampian,2021-06-09,18.0,23.0,26.0,28.0,29.0,31.0,33.0,36.0,39.0,40.0,42.0,47.0,55.0,inferred
Grampian,2021-06-10,18.5,24.0,27.0,29.0,30.0,33.0,35.0,38.0,40.0,42.0,43.0,48.0,57.0,inferred
Grampian,2021-06-11,24.0,28.0,32.0,34.0,35.0,37.0,40.0,43.0,45.0,47.0,49.0,54.0,61.5,inferred
Grampian,2021-06-12,22.0,30.0,33.0,35.0,36.0,39.0,42.0,45.0,48.0,49.0,51.0,57.0,65.0,inferred
Grampian,2021-06-13,21.0,27.0,31.0,33.0,34.0,37.0,39.0,42.0,45.0,46.2,48.0,53.0,62.0,inferred
Grampian,2021-06-14,20.0,25.0,29.0,30.0,31.0,33.0,36.0,38.0,41.0,43.0,44.0,50.0,59.0,inferred
Grampian,2021-06-15,24.0,30.0,34.0,36.0,37.0,40.0,42.0,45.0,48.0,50.0,52.0,57.0,65.5,inferred
Grampian,2021-06-16,38.0,46.0,51.0,53.0,55.0,59.0,62.0,66.0,69.0,71.0,73.0,80.0,91.0,inferred
Grampian,2021-06-17,40.0,47.0,52.0,54.0,56.0,60.0,63.0,67.0,71.0,73.0,76.0,82.0,94.5,inferred
Grampian,2021-06-18,46.0,53.0,59.0,61.0,64.0,68.0,72.0,75.0,79.0,82.0,85.0,94.0,104.0,inferred
Gravesham,2021-03-06,1.0,3.0,4.0,4.0,4.0,5.0,6.0,6.0,7.0,7.0,8.0,9.0,12.0,inferred
Gravesham,2021-03-07,2.0,3.0,5.0,5.0,5.0,6.0,7.0,8.0,8.0,9.0,9.0,11.0,13.0,inferred
Gravesham,2021-03-08,3.0,4.0,6.0,6.0,7.0,7.0,8.0,9.0,10.0,10.0,11.0,12.0,15.0,inferred
Gravesham,2021-03-09,2.0,4.0,5.0,5.0,6.0,7.0,8.0,8.0,9.0,9.2,10.0,12.0,14.0,inferred
Gravesham,2021-03-10,2.0,4.0,5.0,5.0,6.0,7.0,7.0,8.0,9.0,9.0,10.0,12.0,14.5,inferred
Gravesham,2021-03-11,2.0,3.0,4.0,4.0,5.0,6.0,6.0,7.0,8.0,8.0,9.0,10.0,13.0,inferred
Gravesham,2021-03-12,1.0,2.0,3.0,3.0,4.0,4.0,5.0,6.0,6.0,7.0,7.0,9.0,11.0,inferred
Gravesham,2021-03-13,0.5,1.0,2.0,2.0,2.0,3.0,3.0,4.0,5.0,5.0,6.0,7.0,9.0,inferred
Gravesham,2021-03-14,1.0,1.0,2.0,3.0,3.0,3.0,4.0,5.0,5.0,6.0,6.0,7.0,9.0,inferred
Gravesham,2021-03-15,1.0,2.0,3.0,3.0,3.0,4.0,4.0,5.0,6.0,6.0,7.0,8.0,10.0,inferred
Gravesham,2021-03-16,1.0,1.0,2.0,2.0,3.0,3.0,4.0,5.0,5.0,6.0,6.0,7.0,10.0,inferred
Gravesham,2021-03-17,1.0,1.0,2.0,3.0,3.0,3.0,4.0,4.0,5.0,6.0,6.0,7.0,10.0,inferred
Gravesham,2021-03-18,0.0,1.0,2.0,2.0,2.0,3.0,4.0,4.0,5.0,5.0,6.0,7.0,9.0,inferred
Gravesham,2021-03-19,0.0,1.0,1.0,2.0,2.0,2.0,3.0,3.0,4.0,4.0,5.0,6.0,8.0,inferred
Gravesham,2021-03-20,0.0,0.0,1.0,1.0,1.0,2.0,2.0,3.0,3.0,4.0,4.0,5.0,6.0,inferred
Gravesham,2021-03-21,0.0,1.0,1.0,1.0,2.0,2.0,3.0,3.0,4.0,4.0,4.0,6.0,8.0,inferred
Gravesham,2021-03-22,0.0,1.0,2.0,2.0,2.0,3.0,3.0,4.0,4.0,5.0,5.0,7.0,9.0,inferred
Gravesham,2021-03-23,0.0,1.0,1.0,2.0,2.0,3.0,3.0,4.0,4.0,5.0,5.0,6.0,8.0,inferred
Gravesham,2021-03-24,0.0,1.0,2.0,2.0,2.0,3.0,3.0,4.0,4.0,4.0,5.0,6.0,8.0,inferred
Gravesham,2021-03-25,0.0,1.0,1.0,1.0,2.0,2.0,3.0,3.0,4.0,4.0,4.0,6.0,8.0,inferred
Gravesham,2021-03-26,0.0,0.0,1.0,1.0,1.0,2.0,2.0,3.0,3.0,3.0,4.0,5.0,7.0,inferred
Gravesham,2021-03-27,0.0,0.0,1.0,1.0,1.0,1.0,2.0,2.0,3.0,3.0,3.0,4.0,6.0,inferred
Gravesham,2021-03-28,0.0,0.0,1.0,1.0,1.0,2.0,2.0,2.0,3.0,3.0,4.0,5.0,6.0,inferred
Gravesham,2021-03-29,0.0,1.0,1.0,1.0,2.0,2.0,2.0,3.0,4.0,4.0,4.0,5.0,7.0,inferred
Gravesham,2021-03-30,0.0,0.0,1.0,1.0,1.0,2.0,2.0,3.0,3.0,4.0,4.0,5.0,7.0,inferred
Gravesham,2021-03-31,0.0,0.0,1.0,1.0,1.0,2.0,2.0,3.0,3.0,4.0,4.0,5.0,7.0,inferred
Gravesham,2021-04-01,0.0,0.0,1.0,1.0,1.0,2.0,2.0,3.0,3.0,4.0,4.0,5.0,7.0,inferred
Gravesham,2021-04-02,0.0,0.0,1.0,1.0,1.0,1.0,2.0,2.0,3.0,3.0,3.0,4.0,6.0,inferred
Gravesham,2021-04-03,0.0,0.0,0.0,1.0,1.0,1.0,1.0,2.0,2.0,2.0,3.0,4.0,5.0,inferred
Gravesham,2021-04-04,0.0,0.0,1.0,1.0,1.0,1.0,2.0,2.0,3.0,3.0,3.0,4.0,6.0,inferred
Gravesham,2021-04-05,0.0,0.0,1.0,1.0,1.0,2.0,2.0,2.0,3.0,3.0,4.0,5.0,6.0,inferred
Gravesham,2021-04-06,0.0,0.0,1.0,1.0,1.0,2.0,2.0,2.0,3.0,3.0,3.0,5.0,6.0,inferred
Gravesham,2021-04-07,0.0,0.0,1.0,1.0,1.0,2.0,2.0,3.0,3.0,3.0,4.0,5.0,6.0,inferred
Gravesham,2021-04-08,0.0,0.0,1.0,1.0,1.0,2.0,2.0,2.0,3.0,3.0,3.0,4.0,6.0,inferred
Gravesham,2021-04-09,0.0,0.0,1.0,1.0,1.0,1.0,2.0,2.0,3.0,3.0,3.0,4.0,6.0,inferred
Gravesham,2021-04-10,0.0,0.0,0.0,1.0,1.0,1.0,1.0,2.0,2.0,3.0,3.0,4.0,5.0,inferred
Gravesham,2021-04-11,0.0,0.0,1.0,1.0,1.0,1.0,2.0,2.0,2.0,3.0,3.0,4.0,5.0,inferred
Gravesham,2021-04-12,0.0,0.0,1.0,1.0,1.0,2.0,2.0,2.0,3.0,3.0,4.0,5.0,6.0,inferred
Gravesham,2021-04-13,0.0,0.0,1.0,1.0,1.0,2.0,2.0,2.4,3.0,3.0,4.0,5.0,6.0,inferred
Gravesham,2021-04-14,0.0,0.0,1.0,1.0,1.0,2.0,2.0,3.0,3.0,4.0,4.0,5.0,7.0,inferred
Gravesham,2021-04-15,0.0,0.0,1.0,1.0,1.0,2.0,2.0,3.0,3.0,3.0,4.0,5.0,6.0,inferred
Gravesham,2021-04-16,0.0,0.0,1.0,1.0,1.0,2.0,2.0,2.0,3.0,3.0,4.0,5.0,6.0,inferred
Gravesham,2021-04-17,0.0,0.0,1.0,1.0,1.0,1.0,2.0,2.0,3.0,3.0,3.0,4.0,6.0,inferred
Gravesham,2021-04-18,0.0,0.0,1.0,1.0,1.0,2.0,2.0,3.0,3.0,4.0,4.0,5.0,7.0,inferred
Gravesham,2021-04-19,0.0,1.0,1.0,2.0,2.0,2.0,3.0,3.0,4.0,4.0,5.0,6.0,8.0,inferred
Gravesham,2021-04-20,0.0,1.0,1.0,2.0,2.0,2.0,3.0,3.0,4.0,4.0,5.0,6.0,8.0,inferred
Gravesham,2021-04-21,0.0,1.0,2.0,2.0,2.0,3.0,3.0,4.0,4.0,5.0,5.0,6.0,8.0,inferred
Gravesham,2021-04-22,0.0,1.0,1.0,2.0,2.0,2.0,3.0,3.0,4.0,4.0,5.0,6.0,8.0,inferred
Gravesham,2021-04-23,0.0,1.0,1.0,1.0,2.0,2.0,2.0,3.0,3.0,4.0,4.0,5.0,7.0,inferred
Gravesham,2021-04-24,0.0,0.0,1.0,1.0,1.0,2.0,2.0,2.0,3.0,3.0,4.0,5.0,6.0,inferred
Gravesham,2021-04-25,0.0,0.0,1.0,1.0,1.0,2.0,2.0,3.0,3.0,4.0,4.0,5.0,6.5,inferred
Gravesham,2021-04-26,0.0,1.0,1.0,2.0,2.0,2.0,3.0,3.0,4.0,4.0,5.0,6.0,8.0,inferred
Gravesham,2021-04-27,0.0,1.0,1.0,2.0,2.0,2.0,3.0,3.0,4.0,4.0,5.0,6.0,8.0,inferred
Gravesham,2021-04-28,0.0,1.0,1.0,2.0,2.0,2.0,3.0,3.0,4.0,4.0,5.0,6.0,8.0,inferred
Gravesham,2021-04-29,0.0,1.0,1.0,1.0,2.0,2.0,2.0,3.0,3.0,4.0,4.0,5.0,7.0,inferred
Gravesham,2021-04-30,0.0,0.0,1.0,1.0,1.0,2.0,2.0,2.0,3.0,3.0,4.0,5.0,6.0,inferred
Gravesham,2021-05-01,0.0,0.0,1.0,1.0,1.0,1.0,2.0,2.0,2.0,3.0,3.0,4.0,5.0,inferred
Gravesham,2021-05-02,0.0,0.0,1.0,1.0,1.0,2.0,2.0,2.0,3.0,3.0,3.0,4.0,6.0,inferred
Gravesham,2021-05-03,0.0,0.0,1.0,1.0,1.0,2.0,2.0,3.0,3.0,3.0,4.0,5.0,7.0,inferred
Gravesham,2021-05-04,0.0,0.0,1.0,1.0,1.0,2.0,2.0,2.0,3.0,3.0,4.0,5.0,6.0,inferred
Gravesham,2021-05-05,0.0,0.0,1.0,1.0,1.0,2.0,2.0,2.0,3.0,3.0,4.0,5.0,6.0,inferred
Gravesham,2021-05-06,0.0,0.0,1.0,1.0,1.0,1.0,2.0,2.0,3.0,3.0,3.0,5.0,6.0,inferred
Gravesham,2021-05-07,0.0,0.0,0.0,1.0,1.0,1.0,1.0,2.0,2.0,2.0,3.0,4.0,5.0,inferred
Gravesham,2021-05-08,0.0,0.0,0.0,0.0,0.0,1.0,1.0,1.0,2.0,2.0,2.0,3.0,5.0,inferred
Gravesham,2021-05-09,0.0,0.0,0.0,0.0,1.0,1.0,1.0,2.0,2.0,2.0,3.0,3.0,5.0,inferred
Gravesham,2021-05-10,0.0,0.0,0.0,1.0,1.0,1.0,2.0,2.0,2.0,3.0,3.0,4.0,6.0,inferred
Gravesham,2021-05-11,0.0,0.0,0.0,1.0,1.0,1.0,1.0,2.0,2.0,2.0,3.0,4.0,5.0,inferred
Gravesham,2021-05-12,0.0,0.0,0.0,1.0,1.0,1.0,1.0,2.0,2.0,3.0,3.0,4.0,6.0,inferred
Gravesham,2021-05-13,0.0,0.0,0.0,0.0,1.0,1.0,1.0,2.0,2.0,2.0,3.0,4.0,5.0,inferred
Gravesham,2021-05-14,0.0,0.0,0.0,0.0,0.0,1.0,1.0,1.0,2.0,2.0,2.0,3.0,5.0,inferred
Gravesham,2021-05-15,0.0,0.0,0.0,0.0,0.0,1.0,1.0,1.0,1.0,2.0,2.0,3.0,4.0,inferred
Gravesham,2021-05-16,0.0,0.0,0.0,0.0,0.0,1.0,1.0,1.0,2.0,2.0,2.0,3.0,4.0,inferred
Gravesham,2021-05-17,0.0,0.0,0.0,0.0,1.0,1.0,1.0,2.0,2.0,2.0,3.0,3.0,5.0,inferred
Gravesham,2021-05-18,0.0,0.0,0.0,0.0,1.0,1.0,1.0,2.0,2.0,2.0,3.0,3.0,5.0,inferred
Gravesham,2021-05-19,0.0,0.0,0.0,0.0,1.0,1.0,1.0,2.0,2.0,2.0,3.0,4.0,5.0,inferred
Gravesham,2021-05-20,0.0,0.0,0.0,1.0,1.0,1.0,1.0,2.0,2.0,2.0,3.0,3.0,5.0,inferred
Gravesham,2021-05-21,0.0,0.0,0.0,0.0,1.0,1.0,1.0,2.0,2.0,2.0,2.0,3.0,5.0,inferred
Gravesham,2021-05-22,0.0,0.0,0.0,0.0,0.0,1.0,1.0,1.0,2.0,2.0,2.0,3.0,4.0,inferred
Gravesham,2021-05-23,0.0,0.0,0.0,0.0,1.0,1.0,1.0,2.0,2.0,2.0,3.0,3.0,5.0,inferred
Gravesham,2021-05-24,0.0,0.0,1.0,1.0,1.0,1.0,2.0,2.0,3.0,3.0,3.0,4.0,6.0,inferred
Gravesham,2021-05-25,0.0,0.0,1.0,1.0,1.0,1.0,2.0,2.0,3.0,3.0,3.0,4.0,6.0,inferred
Gravesham,2021-05-26,0.0,0.0,1.0,1.0,1.0,2.0,2.0,3.0,3.0,4.0,4.0,5.0,7.0,inferred
Gravesham,2021-05-27,0.0,0.0,1.0,1.0,1.0,2.0,2.0,3.0,3.0,4.0,4.0,5.0,7.0,inferred
Gravesham,2021-05-28,0.0,0.0,1.0,1.0,1.0,2.0,2.0,3.0,3.0,3.0,4.0,5.0,7.0,inferred
Gravesham,2021-05-29,0.0,0.0,1.0,1.0,1.0,2.0,2.0,2.0,3.0,3.0,4.0,5.0,6.0,inferred
Gravesham,2021-05-30,0.0,1.0,1.0,1.0,2.0,2.0,3.0,3.0,4.0,4.0,4.0,6.0,7.0,inferred
Gravesham,2021-05-31,0.0,1.0,2.0,2.0,2.0,3.0,4.0,4.0,5.0,5.0,5.2,7.0,9.0,inferred
Gravesham,2021-06-01,0.0,1.0,2.0,2.0,3.0,3.0,4.0,4.0,5.0,5.2,6.0,7.0,9.0,inferred
Gravesham,2021-06-02,1.0,2.0,3.0,3.0,3.0,4.0,4.5,5.0,6.0,6.0,7.0,8.0,11.0,inferred
Gravesham,2021-06-03,1.0,2.0,3.0,3.0,3.0,4.0,5.0,5.0,6.0,7.0,7.0,9.0,11.0,inferred
Gravesham,2021-06-04,1.0,2.0,3.0,3.0,3.0,4.0,4.0,5.0,6.0,6.0,7.0,8.0,10.0,inferred
Gravesham,2021-06-05,1.0,2.0,2.0,3.0,3.0,3.6,4.0,5.0,6.0,6.0,6.0,8.0,10.0,inferred
Gravesham,2021-06-06,1.0,2.0,3.0,4.0,4.0,4.0,5.0,6.0,7.0,7.0,8.0,9.0,11.5,inferred
Gravesham,2021-06-07,2.0,3.0,4.0,5.0,5.0,6.0,7.0,8.0,9.0,9.0,10.0,12.0,14.0,inferred
Gravesham,2021-06-08,2.0,4.0,5.0,5.0,6.0,6.0,7.0,8.0,9.0,9.0,10.0,11.0,14.0,inferred
Gravesham,2021-06-09,3.0,4.0,5.0,6.0,6.0,7.0,8.0,9.0,10.0,10.0,11.0,12.0,16.0,inferred
Gravesham,2021-06-10,2.0,4.0,5.0,6.0,6.0,7.0,8.0,9.0,9.0,10.0,10.0,12.0,15.0,inferred
Gravesham,2021-06-11,2.0,3.0,5.0,5.0,5.0,6.0,7.0,8.0,9.0,9.0,10.0,11.0,14.0,inferred
Gravesham,2021-06-12,1.0,3.0,4.0,4.0,4.0,5.0,6.0,6.0,7.0,8.0,8.0,10.0,12.0,inferred
Gravesham,2021-06-13,2.0,4.0,5.0,5.0,6.0,6.0,7.0,8.0,9.0,9.0,10.0,12.0,15.0,inferred
Gravesham,2021-06-14,3.0,5.0,6.0,7.0,7.0,8.0,9.0,10.0,11.0,11.0,12.0,14.0,17.0,inferred
Gravesham,2021-06-15,3.0,5.0,6.0,7.0,7.0,8.0,9.0,10.0,11.0,11.0,12.0,13.0,17.0,inferred
Gravesham,2021-06-16,3.0,5.0,6.0,7.0,8.0,9.0,9.0,10.0,11.0,12.0,13.0,15.0,18.0,inferred
Gravesham,2021-06-17,3.0,5.0,6.0,6.8,7.0,8.0,9.0,10.0,11.0,11.0,12.0,14.0,17.0,inferred
Gravesham,2021-06-18,3.0,4.0,5.0,6.0,6.0,7.0,8.0,9.0,10.0,11.0,11.0,13.0,16.0,inferred
Great Yarmouth,2021-03-06,0.0,1.0,1.0,2.0,2.0,2.0,3.0,3.0,4.0,4.0,4.0,6.0,7.0,inferred
Great Yarmouth,2021-03-07,0.0,1.0,2.0,2.0,2.0,3.0,3.0,4.0,5.0,5.0,5.0,6.0,9.0,inferred
Great Yarmouth,2021-03-08,1.0,2.0,3.0,3.0,3.0,4.0,5.0,5.0,6.0,6.0,7.0,8.0,10.0,inferred
Great Yarmouth,2021-03-09,0.0,1.0,2.0,2.0,3.0,3.0,4.0,5.0,5.0,6.0,6.0,8.0,10.0,inferred
Great Yarmouth,2021-03-10,1.0,1.0,2.0,3.0,3.0,3.0,4.0,5.0,5.0,6.0,6.0,8.0,10.0,inferred
Great Yarmouth,2021-03-11,0.0,1.0,2.0,2.0,2.0,3.0,4.0,4.0,5.0,5.0,6.0,7.0,9.0,inferred
Great Yarmouth,2021-03-12,0.0,1.0,1.0,2.0,2.0,2.0,3.0,4.0,4.0,5.0,5.0,6.0,8.5,inferred
Great Yarmouth,2021-03-13,0.0,0.0,1.0,1.0,1.0,2.0,2.0,3.0,3.0,4.0,4.0,5.0,7.0,inferred
Great Yarmouth,2021-03-14,0.0,0.0,1.0,1.0,2.0,2.0,2.0,3.0,3.0,4.0,4.0,5.0,8.0,inferred
Great Yarmouth,2021-03-15,0.0,1.0,1.0,2.0,2.0,2.0,3.0,3.0,4.0,4.0,5.0,6.0,8.0,inferred
Great Yarmouth,2021-03-16,0.0,0.0,1.0,1.0,2.0,2.0,3.0,3.0,4.0,4.0,5.0,6.0,7.0,inferred
Great Yarmouth,2021-03-17,0.0,1.0,1.0,1.0,2.0,2.0,3.0,3.0,4.0,4.0,4.0,5.0,8.0,inferred
Great Yarmouth,2021-03-18,0.0,0.0,1.0,1.0,1.0,2.0,2.0,3.0,3.0,4.0,4.0,5.0,7.0,inferred
Great Yarmouth,2021-03-19,0.0,0.0,1.0,1.0,1.0,1.0,2.0,2.0,3.0,3.0,3.0,4.0,6.0,inferred
Great Yarmouth,2021-03-20,0.0,0.0,0.0,1.0,1.0,1.0,1.0,2.0,2.0,2.0,3.0,4.0,5.0,inferred
Great Yarmouth,2021-03-21,0.0,0.0,0.0,1.0,1.0,1.0,2.0,2.0,2.0,3.0,3.0,4.0,6.0,inferred
Great Yarmouth,2021-03-22,0.0,0.0,1.0,1.0,1.0,1.0,2.0,2.0,3.0,3.0,4.0,5.0,7.0,inferred
Great Yarmouth,2021-03-23,0.0,0.0,1.0,1.0,1.0,2.0,2.0,2.0,3.0,3.0,3.2,5.0,6.0,inferred
Great Yarmouth,2021-03-24,0.0,0.0,1.0,1.0,1.0,1.0,2.0,2.0,3.0,3.0,4.0,5.0,7.0,inferred
Great Yarmouth,2021-03-25,0.0,0.0,1.0,1.0,1.0,1.0,2.0,2.0,3.0,3.0,3.0,4.0,6.0,inferred
Great Yarmouth,2021-03-26,0.0,0.0,0.0,1.0,1.0,1.0,1.0,2.0,2.0,3.0,3.0,4.0,6.0,inferred
Great Yarmouth,2021-03-27,0.0,0.0,0.0,0.0,0.0,1.0,1.0,1.0,2.0,2.0,2.0,3.0,5.0,inferred
Great Yarmouth,2021-03-28,0.0,0.0,0.0,0.0,1.0,1.0,1.0,2.0,2.0,2.0,3.0,4.0,5.0,inferred
Great Yarmouth,2021-03-29,0.0,0.0,1.0,1.0,1.0,1.0,2.0,2.0,3.0,3.0,3.0,4.0,6.0,inferred
Great Yarmouth,2021-03-30,0.0,0.0,0.0,1.0,1.0,1.0,2.0,2.0,2.0,3.0,3.0,4.0,6.0,inferred
Great Yarmouth,2021-03-31,0.0,0.0,1.0,1.0,1.0,1.0,2.0,2.0,3.0,3.0,3.0,4.0,6.0,inferred
Great Yarmouth,2021-04-01,0.0,0.0,0.0,1.0,1.0,1.0,1.0,2.0,2.0,3.0,3.0,4.0,6.0,inferred
Great Yarmouth,2021-04-02,0.0,0.0,0.0,0.0,1.0,1.0,1.0,2.0,2.0,2.0,3.0,4.0,5.0,inferred
Great Yarmouth,2021-04-03,0.0,0.0,0.0,0.0,0.0,1.0,1.0,1.0,2.0,2.0,2.0,3.0,5.0,inferred
Great Yarmouth,2021-04-04,0.0,0.0,0.0,0.0,1.0,1.0,1.0,2.0,2.0,2.0,3.0,3.0,5.0,inferred
Great Yarmouth,2021-04-05,0.0,0.0,1.0,1.0,1.0,1.0,2.0,2.0,3.0,3.0,3.0,4.0,6.0,inferred
Great Yarmouth,2021-04-06,0.0,0.0,0.0,1.0,1.0,1.0,1.0,2.0,2.0,3.0,3.0,4.0,6.0,inferred
Great Yarmouth,2021-04-07,0.0,0.0,0.0,1.0,1.0,1.0,2.0,2.0,2.0,3.0,3.0,4.0,6.0,inferred
Great Yarmouth,2021-04-08,0.0,0.0,0.0,1.0,1.0,1.0,2.0,2.0,2.0,3.0,3.0,4.0,6.0,inferred
Great Yarmouth,2021-04-09,0.0,0.0,0.0,1.0,1.0,1.0,1.0,2.0,2.0,3.0,3.0,4.0,6.0,inferred
Great Yarmouth,2021-04-10,0.0,0.0,0.0,0.0,1.0,1.0,1.0,1.4,2.0,2.0,3.0,3.0,5.0,inferred
Great Yarmouth,2021-04-11,0.0,0.0,0.0,1.0,1.0,1.0,1.0,2.0,2.0,3.0,3.0,4.0,6.0,inferred
Great Yarmouth,2021-04-12,0.0,0.0,1.0,1.0,1.0,1.0,2.0,2.0,3.0,3.0,4.0,5.0,7.0,inferred
Great Yarmouth,2021-04-13,0.0,0.0,1.0,1.0,1.0,1.0,2.0,2.0,3.0,3.0,3.2,5.0,6.0,inferred
Great Yarmouth,2021-04-14,0.0,0.0,1.0,1.0,1.0,2.0,2.0,3.0,3.0,3.0,4.0,5.0,7.0,inferred
Great Yarmouth,2021-04-15,0.0,0.0,1.0,1.0,1.0,1.0,2.0,2.0,3.0,3.0,3.0,4.0,6.0,inferred
Great Yarmouth,2021-04-16,0.0,0.0,1.0,1.0,1.0,1.0,2.0,2.0,3.0,3.0,4.0,5.0,6.0,inferred
Great Yarmouth,2021-04-17,0.0,0.0,0.0,0.0,1.0,1.0,1.0,2.0,2.0,2.0,3.0,4.0,5.0,inferred
Great Yarmouth,2021-04-18,0.0,0.0,1.0,1.0,1.0,1.0,2.0,2.0,2.0,3.0,3.0,4.0,6.0,inferred
Great Yarmouth,2021-04-19,0.0,0.0,1.0,1.0,1.0,2.0,2.0,3.0,3.0,3.0,4.0,5.0,7.0,inferred
Great Yarmouth,2021-04-20,0.0,0.0,1.0,1.0,1.0,2.0,2.0,3.0,3.0,3.0,4.0,5.0,6.0,inferred
Great Yarmouth,2021-04-21,0.0,0.0,1.0,1.0,1.0,2.0,2.0,3.0,3.0,3.0,4.0,5.0,7.0,inferred
Great Yarmouth,2021-04-22,0.0,0.0,1.0,1.0,1.0,1.0,2.0,2.0,3.0,3.0,4.0,5.0,7.0,inferred
Great Yarmouth,2021-04-23,0.0,0.0,1.0,1.0,1.0,1.0,2.0,2.0,3.0,3.0,3.0,4.0,6.0,inferred
Great Yarmouth,2021-04-24,0.0,0.0,0.0,0.0,1.0,1.0,1.0,2.0,2.0,2.0,3.0,4.0,5.0,inferred
Great Yarmouth,2021-04-25,0.0,0.0,0.0,1.0,1.0,1.0,2.0,2.0,2.0,3.0,3.0,4.0,5.0,inferred
Great Yarmouth,2021-04-26,0.0,0.0,1.0,1.0,1.0,2.0,2.0,2.0,3.0,3.0,4.0,5.0,7.0,inferred
Great Yarmouth,2021-04-27,0.0,0.0,1.0,1.0,1.0,1.0,2.0,2.0,3.0,3.0,3.0,4.0,6.0,inferred
Great Yarmouth,2021-04-28,0.0,0.0,1.0,1.0,1.0,1.0,2.0,2.0,3.0,3.0,4.0,5.0,7.0,inferred
Great Yarmouth,2021-04-29,0.0,0.0,1.0,1.0,1.0,1.0,2.0,2.0,3.0,3.0,3.0,4.0,6.0,inferred
Great Yarmouth,2021-04-30,0.0,0.0,1.0,1.0,1.0,1.0,2.0,2.0,2.0,3.0,3.0,4.0,6.0,inferred
Great Yarmouth,2021-05-01,0.0,0.0,0.0,0.0,1.0,1.0,1.0,2.0,2.0,3.0,3.0,4.0,5.0,inferred
Great Yarmouth,2021-05-02,0.0,0.0,1.0,1.0,1.0,1.0,2.0,2.0,3.0,3.0,3.0,4.0,6.0,inferred
Great Yarmouth,2021-05-03,0.0,0.0,1.0,1.0,1.0,2.0,2.0,3.0,3.0,3.0,4.0,5.0,7.0,inferred
Great Yarmouth,2021-05-04,0.0,0.0,1.0,1.0,1.0,2.0,2.0,3.0,3.0,3.0,4.0,5.0,7.0,inferred
Great Yarmouth,2021-05-05,0.0,0.0,1.0,1.0,1.0,2.0,2.0,3.0,3.0,4.0,4.0,5.0,7.0,inferred
Great Yarmouth,2021-05-06,0.0,0.0,1.0,1.0,1.0,2.0,2.0,3.0,3.0,3.0,4.0,5.0,6.0,inferred
Great Yarmouth,2021-05-07,0.0,0.0,1.0,1.0,1.0,1.0,2.0,2.0,3.0,3.0,3.0,4.0,6.0,inferred
Great Yarmouth,2021-05-08,0.0,0.0,0.0,0.0,1.0,1.0,1.0,2.0,2.0,2.0,3.0,4.0,5.0,inferred
Great Yarmouth,2021-05-09,0.0,0.0,0.0,1.0,1.0,1.0,1.0,2.0,2.0,3.0,3.0,4.0,5.0,inferred
Great Yarmouth,2021-05-10,0.0,0.0,1.0,1.0,1.0,1.0,2.0,2.0,3.0,3.0,3.0,4.0,6.0,inferred
Great Yarmouth,2021-05-11,0.0,0.0,0.0,1.0,1.0,1.0,2.0,2.0,2.0,3.0,3.0,4.0,6.0,inferred
Great Yarmouth,2021-05-12,0.0,0.0,1.0,1.0,1.0,1.0,2.0,2.0,3.0,3.0,3.0,4.0,6.0,inferred
Great Yarmouth,2021-05-13,0.0,0.0,0.0,1.0,1.0,1.0,1.0,2.0,2.0,2.0,3.0,4.0,6.0,inferred
Great Yarmouth,2021-05-14,0.0,0.0,0.0,0.0,1.0,1.0,1.0,2.0,2.0,2.0,3.0,3.0,5.0,inferred
Great Yarmouth,2021-05-15,0.0,0.0,0.0,0.0,0.0,0.0,1.0,1.0,1.0,2.0,2.0,3.0,4.0,inferred
Great Yarmouth,2021-05-16,0.0,0.0,0.0,0.0,0.0,1.0,1.0,1.0,2.0,2.0,2.0,3.0,4.5,inferred
Great Yarmouth,2021-05-17,0.0,0.0,0.0,0.0,0.0,1.0,1.0,1.0,2.0,2.0,2.0,3.0,5.0,inferred
Great Yarmouth,2021-05-18,0.0,0.0,0.0,0.0,0.0,1.0,1.0,1.0,2.0,2.0,2.0,3.0,5.0,inferred
Great Yarmouth,2021-05-19,0.0,0.0,0.0,0.0,0.0,1.0,1.0,1.0,2.0,2.0,2.0,3.0,5.0,inferred
Great Yarmouth,2021-05-20,0.0,0.0,0.0,0.0,0.0,1.0,1.0,1.0,2.0,2.0,2.0,3.0,4.0,inferred
Great Yarmouth,2021-05-21,0.0,0.0,0.0,0.0,0.0,0.0,1.0,1.0,1.0,2.0,2.0,3.0,4.0,inferred
Great Yarmouth,2021-05-22,0.0,0.0,0.0,0.0,0.0,0.0,0.0,1.0,1.0,1.0,2.0,2.0,4.0,inferred
Great Yarmouth,2021-05-23,0.0,0.0,0.0,0.0,0.0,0.0,1.0,1.0,1.0,1.0,2.0,2.1,4.0,inferred
Great Yarmouth,2021-05-24,0.0,0.0,0.0,0.0,0.0,1.0,1.0,1.0,2.0,2.0,2.0,3.0,5.0,inferred
Great Yarmouth,2021-05-25,0.0,0.0,0.0,0.0,0.0,1.0,1.0,1.0,2.0,2.0,2.0,3.0,4.0,inferred
Great Yarmouth,2021-05-26,0.0,0.0,0.0,0.0,0.0,1.0,1.0,1.0,2.0,2.0,2.0,3.0,4.0,inferred
Great Yarmouth,2021-05-27,0.0,0.0,0.0,0.0,0.0,1.0,1.0,1.0,2.0,2.0,2.0,3.0,4.0,inferred
Great Yarmouth,2021-05-28,0.0,0.0,0.0,0.0,0.0,0.0,1.0,1.0,1.0,2.0,2.0,3.0,4.0,inferred
Great Yarmouth,2021-05-29,0.0,0.0,0.0,0.0,0.0,0.0,1.0,1.0,1.0,1.0,2.0,2.0,4.0,inferred
Great Yarmouth,2021-05-30,0.0,0.0,0.0,0.0,0.0,0.0,1.0,1.0,1.0,2.0,2.0,3.0,4.0,inferred
Great Yarmouth,2021-05-31,0.0,0.0,0.0,0.0,0.0,1.0,1.0,1.0,2.0,2.0,2.0,3.0,5.0,inferred
Great Yarmouth,2021-06-01,0.0,0.0,0.0,0.0,0.0,1.0,1.0,1.0,2.0,2.0,2.0,3.0,4.0,inferred
Great Yarmouth,2021-06-02,0.0,0.0,0.0,0.0,0.0,1.0,1.0,1.0,2.0,2.0,2.0,3.0,5.0,inferred
Great Yarmouth,2021-06-03,0.0,0.0,0.0,0.0,0.0,1.0,1.0,1.0,1.0,2.0,2.0,3.0,4.0,inferred
Great Yarmouth,2021-06-04,0.0,0.0,0.0,0.0,0.0,0.0,1.0,1.0,1.0,2.0,2.0,3.0,4.0,inferred
Great Yarmouth,2021-06-05,0.0,0.0,0.0,0.0,0.0,0.0,1.0,1.0,1.0,1.0,2.0,2.0,4.0,inferred
Great Yarmouth,2021-06-06,0.0,0.0,0.0,0.0,0.0,0.0,1.0,1.0,1.0,2.0,2.0,3.0,4.0,inferred
Great Yarmouth,2021-06-07,0.0,0.0,0.0,0.0,0.0,1.0,1.0,1.0,2.0,2.0,2.0,3.0,5.0,inferred
Great Yarmouth,2021-06-08,0.0,0.0,0.0,0.0,0.0,1.0,1.0,1.0,2.0,2.0,2.0,3.0,4.0,inferred
Great Yarmouth,2021-06-09,0.0,0.0,0.0,0.0,0.0,1.0,1.0,1.0,2.0,2.0,2.0,3.0,5.0,inferred
Great Yarmouth,2021-06-10,0.0,0.0,0.0,0.0,0.0,1.0,1.0,1.0,2.0,2.0,2.0,3.0,5.0,inferred
Great Yarmouth,2021-06-11,0.0,0.0,0.0,0.0,0.0,0.0,1.0,1.0,1.0,2.0,2.0,3.0,4.0,inferred
Great Yarmouth,2021-06-12,0.0,0.0,0.0,0.0,0.0,0.0,1.0,1.0,1.0,1.0,2.0,2.0,4.0,inferred
Great Yarmouth,2021-06-13,0.0,0.0,0.0,0.0,0.0,0.0,1.0,1.0,1.0,2.0,2.0,3.0,4.0,inferred
Great Yarmouth,2021-06-14,0.0,0.0,0.0,0.0,0.0,1.0,1.0,1.0,2.0,2.0,2.0,3.0,5.0,inferred
Great Yarmouth,2021-06-15,0.0,0.0,0.0,0.0,0.0,1.0,1.0,1.0,2.0,2.0,2.0,3.0,4.0,inferred
Great Yarmouth,2021-06-16,0.0,0.0,0.0,0.0,0.0,1.0,1.0,1.0,2.0,2.0,2.0,3.0,4.5,inferred
Great Yarmouth,2021-06-17,0.0,0.0,0.0,0.0,0.0,1.0,1.0,1.0,2.0,2.0,2.0,3.0,4.0,inferred
Great Yarmouth,2021-06-18,0.0,0.0,0.0,0.0,0.0,0.0,1.0,1.0,1.0,2.0,2.0,3.0,4.0,inferred
Greater Glasgow and Clyde,2021-03-06,113.0,127.0,140.0,145.0,149.0,157.6,164.0,171.0,179.0,184.0,189.0,203.0,223.0,inferred
Greater Glasgow and Clyde,2021-03-07,101.0,115.0,126.0,131.0,135.0,142.0,149.0,156.0,164.0,168.0,173.0,186.0,213.0,inferred
Greater Glasgow and Clyde,2021-03-08,83.0,98.0,108.0,112.0,115.0,122.0,129.0,136.0,143.0,147.0,151.0,163.0,187.0,inferred
Greater Glasgow and Clyde,2021-03-09,95.0,113.0,124.0,128.0,132.0,139.0,145.0,152.0,159.0,164.0,169.0,183.0,205.0,inferred
Greater Glasgow and Clyde,2021-03-10,141.5,160.0,172.0,176.0,180.0,188.0,196.0,204.0,213.0,218.0,224.0,240.0,266.0,inferred
Greater Glasgow and Clyde,2021-03-11,130.0,150.0,162.0,167.0,171.0,179.0,187.0,195.0,204.0,208.0,213.0,228.0,255.0,inferred
Greater Glasgow and Clyde,2021-03-12,136.5,160.0,172.0,177.0,181.0,190.0,199.0,207.0,217.0,222.0,228.0,245.0,269.0,inferred
Greater Glasgow and Clyde,2021-03-13,132.5,149.9,163.0,168.0,172.0,181.0,189.0,197.0,204.0,209.0,215.0,233.0,256.0,inferred
Greater Glasgow and Clyde,2021-03-14,112.5,128.0,140.0,144.0,147.0,155.0,162.0,170.0,179.0,183.0,189.0,204.1,224.0,inferred
Greater Glasgow and Clyde,2021-03-15,86.0,105.0,115.0,119.0,122.0,130.0,136.0,144.0,152.0,155.0,160.0,173.0,197.0,inferred
Greater Glasgow and Clyde,2021-03-16,101.0,115.0,125.8,130.0,133.0,140.0,147.0,154.0,162.0,167.0,173.0,184.0,207.0,inferred
Greater Glasgow and Clyde,2021-03-17,137.0,156.0,169.0,174.0,178.0,186.0,196.0,205.0,216.0,221.0,226.0,241.0,265.5,inferred
Greater Glasgow and Clyde,2021-03-18,127.0,145.0,156.0,161.0,166.0,174.0,183.0,190.0,199.0,204.0,209.0,223.0,249.0,inferred
Greater Glasgow and Clyde,2021-03-19,132.0,149.9,163.0,168.0,172.0,180.0,187.0,195.0,204.3,210.0,215.0,230.1,257.0,inferred
Greater Glasgow and Clyde,2021-03-20,118.0,136.0,149.0,154.0,159.0,168.0,174.0,182.0,190.0,195.0,201.0,217.0,236.0,inferred
Greater Glasgow and Clyde,2021-03-21,99.0,114.0,126.0,130.0,133.7,141.0,148.0,155.0,163.0,166.0,171.0,184.0,206.5,inferred
Greater Glasgow and Clyde,2021-03-22,79.0,93.0,102.0,106.0,110.0,116.0,121.0,127.0,134.0,139.0,143.0,156.0,178.0,inferred
Greater Glasgow and Clyde,2021-03-23,84.0,97.0,107.0,112.0,116.0,123.0,129.0,136.0,144.0,149.0,154.0,167.0,188.0,inferred
Greater Glasgow and Clyde,2021-03-24,117.0,133.0,145.0,150.0,155.0,163.0,171.0,178.0,186.0,191.0,197.0,212.0,237.6,inferred
Greater Glasgow and Clyde,2021-03-25,106.0,120.9,132.0,136.0,140.0,148.0,155.0,162.0,170.3,175.0,181.0,196.0,215.0,inferred
Greater Glasgow and Clyde,2021-03-26,107.0,125.0,137.0,141.0,145.0,152.0,159.0,166.0,174.0,179.0,185.0,198.0,222.5,inferred
Greater Glasgow and Clyde,2021-03-27,94.5,111.0,122.0,127.0,131.0,139.0,146.0,153.0,161.0,166.0,171.0,184.0,211.0,inferred
Greater Glasgow and Clyde,2021-03-28,76.0,91.0,100.0,104.0,107.0,115.0,121.0,128.0,135.0,138.0,142.0,156.0,178.0,inferred
Greater Glasgow and Clyde,2021-03-29,57.0,72.0,81.0,84.0,87.0,93.0,99.0,106.0,111.0,115.0,119.0,130.0,147.0,inferred
Greater Glasgow and Clyde,2021-03-30,63.0,77.0,85.0,89.0,92.0,98.0,103.5,109.0,116.0,119.0,124.0,134.0,153.5,inferred
Greater Glasgow and Clyde,2021-03-31,88.0,103.9,114.0,118.0,121.0,129.0,135.0,142.0,149.0,153.0,158.0,171.0,192.0,inferred
Greater Glasgow and Clyde,2021-04-01,76.0,90.0,102.0,105.0,109.0,115.0,122.0,129.0,135.0,140.0,144.0,157.0,181.5,inferred
Greater Glasgow and Clyde,2021-04-02,77.0,94.9,104.0,108.0,112.0,119.0,125.0,131.0,138.0,143.0,148.0,160.0,182.5,inferred
Greater Glasgow and Clyde,2021-04-03,71.0,85.0,94.0,97.0,101.0,106.0,112.0,118.0,126.0,129.0,134.0,147.0,167.0,inferred
Greater Glasgow and Clyde,2021-04-04,56.0,69.0,78.0,81.0,84.0,89.0,95.0,101.0,107.0,111.0,114.0,126.0,142.5,inferred
Greater Glasgow and Clyde,2021-04-05,40.0,52.0,60.0,63.0,65.0,71.0,76.0,81.0,86.3,90.0,94.0,105.0,123.0,inferred
Greater Glasgow and Clyde,2021-04-06,45.5,55.0,63.0,66.0,68.0,74.0,80.0,86.0,92.0,96.0,99.0,110.0,131.0,inferred
Greater Glasgow and Clyde,2021-04-07,61.0,75.0,86.0,89.0,93.0,98.0,105.0,111.0,117.0,121.0,126.0,140.0,157.5,inferred
Greater Glasgow and Clyde,2021-04-08,60.0,71.0,79.0,83.0,86.0,91.0,97.0,103.0,110.0,114.0,117.0,130.0,148.0,inferred
Greater Glasgow and Clyde,2021-04-09,62.0,75.0,83.0,86.0,89.0,94.0,100.0,106.0,113.0,117.0,121.0,133.0,150.0,inferred
Greater Glasgow and Clyde,2021-04-10,54.0,66.0,74.0,77.0,80.0,86.0,92.0,98.0,103.0,107.0,111.0,122.0,143.0,inferred
Greater Glasgow and Clyde,2021-04-11,43.0,54.0,61.0,64.0,67.0,73.0,78.0,83.0,89.0,92.0,95.0,105.0,125.0,inferred
Greater Glasgow and Clyde,2021-04-12,34.0,43.0,49.0,52.0,54.0,59.0,64.0,68.0,73.0,76.0,79.0,89.0,107.0,inferred
Greater Glasgow and Clyde,2021-04-13,36.0,45.0,52.0,55.0,57.0,62.0,67.0,71.0,77.0,80.0,83.0,92.0,109.0,inferred
Greater Glasgow and Clyde,2021-04-14,52.0,63.0,70.8,73.0,77.0,82.0,88.0,94.0,100.0,104.0,108.0,118.0,134.0,inferred
Greater Glasgow and Clyde,2021-04-15,44.0,55.0,63.0,66.0,69.0,74.0,79.0,85.0,91.0,94.0,98.0,107.0,126.0,inferred
Greater Glasgow and Clyde,2021-04-16,44.5,56.0,64.0,67.8,70.0,75.0,80.0,84.4,91.0,94.0,99.0,107.0,126.0,inferred
Greater Glasgow and Clyde,2021-04-17,40.0,51.0,58.0,61.0,64.0,68.0,74.0,78.0,84.0,87.0,91.0,101.0,115.0,inferred
Greater Glasgow and Clyde,2021-04-18,32.0,41.0,48.0,51.0,53.0,58.0,62.0,66.0,72.0,75.0,78.0,87.0,103.0,inferred
Greater Glasgow and Clyde,2021-04-19,22.0,30.0,37.0,39.0,41.0,46.0,49.0,54.0,58.0,61.0,64.0,73.0,89.5,inferred
Greater Glasgow and Clyde,2021-04-20,23.5,32.0,38.0,41.0,43.0,48.0,52.0,55.0,60.0,63.0,66.0,75.0,90.0,inferred
Greater Glasgow and Clyde,2021-04-21,35.0,46.0,52.0,54.0,57.0,63.0,68.0,73.0,78.0,81.0,84.0,95.0,110.0,inferred
Greater Glasgow and Clyde,2021-04-22,28.5,39.9,46.0,49.0,52.0,56.0,60.0,65.0,70.0,73.0,76.0,86.0,105.0,inferred
Greater Glasgow and Clyde,2021-04-23,32.0,41.0,48.0,51.0,53.0,58.0,62.0,67.0,72.0,75.0,78.0,88.0,104.0,inferred
Greater Glasgow and Clyde,2021-04-24,28.0,36.0,43.0,45.0,48.0,52.0,56.0,60.0,65.0,68.0,71.0,81.0,95.0,inferred
Greater Glasgow and Clyde,2021-04-25,22.0,29.0,34.0,37.0,39.0,42.0,46.0,50.0,55.0,57.0,61.0,69.0,83.0,inferred
Greater Glasgow and Clyde,2021-04-26,15.0,22.0,26.0,27.0,30.0,33.0,36.5,41.0,44.0,47.0,49.0,57.0,69.0,inferred
Greater Glasgow and Clyde,2021-04-27,16.0,23.0,28.0,30.0,32.0,35.0,38.0,42.0,47.0,49.0,51.0,58.0,71.0,inferred
Greater Glasgow and Clyde,2021-04-28,25.0,33.0,39.0,42.0,44.0,48.0,52.0,56.4,61.0,63.0,66.0,75.0,90.0,inferred
Greater Glasgow and Clyde,2021-04-29,23.0,31.0,37.0,39.0,41.0,45.0,49.0,53.0,59.0,61.0,65.0,72.0,85.5,inferred
Greater Glasgow and Clyde,2021-04-30,24.0,33.0,40.0,42.0,44.0,48.0,52.0,57.0,62.0,64.0,68.0,75.1,89.0,inferred
Greater Glasgow and Clyde,2021-05-01,23.0,31.0,36.0,39.0,41.0,45.0,50.0,54.0,59.0,61.0,64.0,73.0,88.5,inferred
Greater Glasgow and Clyde,2021-05-02,20.0,27.0,32.0,34.0,36.0,40.0,43.0,47.0,51.0,54.0,57.0,65.0,79.0,inferred
Greater Glasgow and Clyde,2021-05-03,14.0,20.0,25.0,27.0,29.0,32.0,35.0,38.0,42.0,44.0,47.0,54.0,68.0,inferred
Greater Glasgow and Clyde,2021-05-04,18.0,25.0,30.0,33.0,34.7,38.0,41.0,45.0,49.0,52.0,54.0,62.0,77.0,inferred
Greater Glasgow and Clyde,2021-05-05,31.0,41.0,47.0,50.0,52.0,57.0,61.0,66.0,71.0,74.0,78.0,88.0,103.0,inferred
Greater Glasgow and Clyde,2021-05-06,34.0,44.0,50.0,53.0,55.0,60.0,64.0,69.0,75.0,77.0,81.0,91.0,103.5,inferred
Greater Glasgow and Clyde,2021-05-07,43.0,53.0,60.0,62.0,65.0,71.0,76.0,81.0,86.0,90.0,94.0,103.0,120.0,inferred
Greater Glasgow and Clyde,2021-05-08,43.5,55.0,62.0,64.8,68.0,73.0,78.0,83.0,88.0,92.0,96.0,106.0,121.5,inferred
Greater Glasgow and Clyde,2021-05-09,40.0,50.0,58.0,61.0,64.0,68.0,73.5,79.0,84.0,88.0,92.0,102.1,117.0,inferred
Greater Glasgow and Clyde,2021-05-10,36.0,46.0,53.0,56.0,59.0,63.0,67.0,72.0,77.0,81.0,85.0,95.0,112.0,inferred
Greater Glasgow and Clyde,2021-05-11,45.0,57.0,64.0,67.0,70.0,76.0,81.0,86.0,92.0,95.0,99.0,109.0,127.0,inferred
Greater Glasgow and Clyde,2021-05-12,71.0,88.0,97.0,100.8,104.7,110.0,117.0,124.0,131.0,135.0,139.0,151.1,174.0,inferred
Greater Glasgow and Clyde,2021-05-13,75.0,90.0,99.0,103.0,106.7,113.0,119.0,126.0,133.0,137.0,141.0,154.0,175.5,inferred
Greater Glasgow and Clyde,2021-05-14,90.0,104.0,115.0,119.0,122.0,129.0,136.0,143.0,151.0,155.0,159.0,172.0,195.0,inferred
Greater Glasgow and Clyde,2021-05-15,87.0,104.0,116.0,120.0,124.0,131.0,138.0,144.0,152.0,157.0,160.0,174.1,200.0,inferred
Greater Glasgow and Clyde,2021-05-16,78.0,94.0,106.0,110.0,114.0,121.0,127.0,134.0,141.0,146.0,150.0,161.0,181.0,inferred
Greater Glasgow and Clyde,2021-05-17,71.0,84.0,93.0,97.0,100.0,107.0,114.0,120.0,127.3,131.0,136.0,148.0,169.0,inferred
Greater Glasgow and Clyde,2021-05-18,85.0,102.0,113.0,116.0,119.0,127.0,133.0,139.0,147.0,151.0,155.0,168.0,190.0,inferred
Greater Glasgow and Clyde,2021-05-19,125.5,146.9,159.0,164.0,169.0,177.0,185.0,192.0,201.0,206.0,211.0,228.0,256.5,inferred
Greater Glasgow and Clyde,2021-05-20,124.0,144.0,155.0,161.0,165.0,174.0,182.0,190.0,198.0,203.0,208.0,224.0,245.5,inferred
Greater Glasgow and Clyde,2021-05-21,135.5,155.0,168.0,174.0,179.0,187.0,196.0,204.0,214.0,219.0,224.0,241.0,262.5,inferred
Greater Glasgow and Clyde,2021-05-22,136.0,155.0,169.0,173.0,178.0,185.0,193.0,201.0,209.0,214.2,220.0,234.0,262.5,inferred
Greater Glasgow and Clyde,2021-05-23,117.5,136.0,146.0,151.8,156.0,165.0,173.0,180.0,188.0,192.0,199.0,212.0,236.5,inferred
Greater Glasgow and Clyde,2021-05-24,99.5,115.0,125.0,129.0,133.0,140.0,148.0,155.0,163.0,167.0,172.0,185.1,210.5,inferred
Greater Glasgow and Clyde,2021-05-25,109.0,127.0,140.0,144.0,148.0,156.0,163.0,171.0,179.0,184.0,189.0,203.0,226.0,inferred
Greater Glasgow and Clyde,2021-05-26,163.0,184.0,197.8,203.0,207.0,216.0,224.0,233.0,243.0,250.0,256.0,273.0,301.5,inferred
Greater Glasgow and Clyde,2021-05-27,152.5,172.0,186.0,191.0,196.0,205.0,213.0,222.0,231.0,236.0,242.0,257.0,284.5,inferred
Greater Glasgow and Clyde,2021-05-28,167.0,190.0,202.0,208.0,212.0,223.0,231.0,239.0,249.0,254.0,261.0,276.0,303.0,inferred
Greater Glasgow and Clyde,2021-05-29,157.0,179.0,193.0,199.0,202.0,211.0,219.0,228.0,238.0,244.0,251.0,267.0,293.5,inferred
Greater Glasgow and Clyde,2021-05-30,139.0,154.0,168.0,173.0,178.0,186.0,194.5,201.4,210.0,215.0,221.0,237.0,259.0,inferred
Greater Glasgow and Clyde,2021-05-31,110.0,126.0,139.0,144.0,148.0,156.6,164.0,171.0,179.0,183.0,189.0,204.0,229.5,inferred
Greater Glasgow and Clyde,2021-06-01,125.0,143.0,155.0,160.0,165.0,172.0,180.0,189.0,197.0,202.0,209.0,224.0,246.0,inferred
Greater Glasgow and Clyde,2021-06-02,181.0,202.0,216.0,223.0,229.0,237.0,246.0,256.0,266.0,272.0,277.0,298.0,327.0,inferred
Greater Glasgow and Clyde,2021-06-03,170.0,191.9,206.0,212.0,217.0,227.0,236.0,245.0,254.3,260.0,267.0,283.0,312.0,inferred
Greater Glasgow and Clyde,2021-06-04,184.5,205.0,222.0,227.0,232.0,242.0,250.0,260.0,269.0,276.0,282.0,302.0,329.5,inferred
Greater Glasgow and Clyde,2021-06-05,175.0,197.0,210.0,216.0,222.0,232.6,241.0,250.4,262.0,267.2,275.0,293.0,319.5,inferred
Greater Glasgow and Clyde,2021-06-06,153.5,172.0,185.0,190.0,195.0,204.0,212.0,221.0,231.0,236.0,242.0,259.0,294.0,inferred
Greater Glasgow and Clyde,2021-06-07,122.5,141.0,154.0,159.0,164.0,172.0,180.0,187.0,196.0,201.0,206.2,223.0,248.5,inferred
Greater Glasgow and Clyde,2021-06-08,136.0,158.0,171.0,177.0,181.0,190.0,197.0,205.0,215.0,221.0,228.0,243.0,274.0,inferred
Greater Glasgow and Clyde,2021-06-09,203.5,225.9,240.0,244.0,250.0,261.0,270.0,280.0,292.0,298.0,306.0,324.1,353.0,inferred
Greater Glasgow and Clyde,2021-06-10,192.5,216.0,229.0,235.0,240.0,250.0,260.0,270.0,281.3,288.0,293.0,312.0,341.0,inferred
Greater Glasgow and Clyde,2021-06-11,207.0,230.9,246.0,252.0,259.0,269.0,280.0,288.4,301.0,306.0,314.0,333.0,361.0,inferred
Greater Glasgow and Clyde,2021-06-12,200.5,221.0,236.0,242.0,246.7,256.6,268.0,276.4,287.0,293.0,300.0,318.0,348.5,inferred
Greater Glasgow and Clyde,2021-06-13,169.0,192.0,207.0,212.0,217.0,226.0,236.0,246.0,256.0,262.0,268.0,284.0,313.0,inferred
Greater Glasgow and Clyde,2021-06-14,141.0,156.0,170.8,176.0,180.0,188.0,196.0,207.0,215.0,220.0,227.0,241.0,273.0,inferred
Greater Glasgow and Clyde,2021-06-15,155.0,176.0,188.0,193.0,198.0,206.0,214.0,224.0,234.0,239.0,245.0,262.0,286.5,inferred
Greater Glasgow and Clyde,2021-06-16,215.9,238.9,255.0,262.0,268.0,278.0,289.0,298.0,310.0,316.0,324.0,343.0,377.0,inferred
Greater Glasgow and Clyde,2021-06-17,198.5,220.0,237.0,243.0,249.0,259.0,268.0,278.0,289.0,296.0,302.0,321.0,349.5,inferred
Greater Glasgow and Clyde,2021-06-18,207.5,231.0,248.0,255.0,261.0,271.0,282.0,293.0,305.0,312.0,318.0,338.1,368.5,inferred
Greenwich,2021-03-06,5.0,7.0,9.0,10.0,10.0,11.0,12.0,13.0,14.0,14.0,15.0,17.0,20.0,inferred
Greenwich,2021-03-07,7.0,9.0,10.0,11.0,12.0,13.0,14.0,15.0,16.0,16.0,17.0,19.0,23.0,inferred
Greenwich,2021-03-08,9.0,11.0,13.0,14.0,14.0,16.0,17.0,18.0,20.0,20.0,21.0,23.0,27.0,inferred
Greenwich,2021-03-09,9.0,11.0,13.0,14.0,14.0,15.0,16.0,18.0,19.0,20.0,21.0,23.0,27.0,inferred
Greenwich,2021-03-10,9.0,11.0,13.0,14.0,15.0,16.0,17.0,18.0,19.0,20.0,21.0,23.0,27.0,inferred
Greenwich,2021-03-11,8.0,10.0,12.0,13.0,13.0,15.0,16.0,17.0,18.0,19.0,20.0,22.0,26.0,inferred
Greenwich,2021-03-12,7.0,9.0,11.0,11.0,12.0,13.0,14.0,15.0,16.0,17.0,18.0,20.0,23.0,inferred
Greenwich,2021-03-13,5.0,7.0,9.0,9.0,10.0,11.0,12.0,12.0,13.0,14.0,15.0,17.0,20.0,inferred
Greenwich,2021-03-14,6.0,8.0,10.0,10.0,11.0,12.0,13.0,14.0,15.0,16.0,17.0,19.0,22.0,inferred
Greenwich,2021-03-15,9.0,11.0,13.0,14.0,15.0,16.0,17.0,18.0,19.0,20.0,21.0,23.0,27.0,inferred
Greenwich,2021-03-16,9.0,11.0,12.8,14.0,14.0,15.0,17.0,18.0,19.0,20.0,21.0,23.0,27.0,inferred
Greenwich,2021-03-17,9.0,11.0,14.0,14.0,15.0,16.0,17.0,18.0,20.0,20.0,21.0,23.0,27.0,inferred
Greenwich,2021-03-18,8.0,11.0,13.0,13.0,14.0,15.0,16.0,18.0,19.0,19.0,20.0,22.0,26.0,inferred
Greenwich,2021-03-19,7.0,9.0,11.0,12.0,12.0,14.0,15.0,16.0,17.0,18.0,19.0,21.0,24.5,inferred
Greenwich,2021-03-20,6.0,8.0,9.0,10.0,10.0,11.0,12.0,13.0,14.0,15.0,16.0,18.0,21.0,inferred
Greenwich,2021-03-21,7.0,9.0,11.0,12.0,12.0,13.0,14.0,15.0,17.0,17.0,18.0,20.0,24.0,inferred
Greenwich,2021-03-22,9.5,12.0,14.0,15.0,16.0,17.0,18.0,19.0,21.0,21.0,22.0,25.0,29.0,inferred
Greenwich,2021-03-23,8.5,11.0,13.0,14.0,15.0,16.0,17.0,18.0,20.0,21.0,22.0,24.0,28.0,inferred
Greenwich,2021-03-24,8.0,11.0,13.0,13.8,14.0,15.0,17.0,18.0,19.0,20.0,21.0,23.0,27.0,inferred
Greenwich,2021-03-25,7.0,9.0,11.0,11.0,12.0,13.0,14.0,16.0,17.0,18.0,18.0,20.0,24.0,inferred
Greenwich,2021-03-26,5.0,7.0,9.0,9.0,10.0,11.0,12.0,13.0,14.0,15.0,15.0,18.0,20.5,inferred
Greenwich,2021-03-27,4.0,5.0,7.0,7.0,7.0,8.0,9.0,10.0,11.0,12.0,13.0,14.0,17.0,inferred
Greenwich,2021-03-28,4.0,5.0,7.0,7.0,8.0,9.0,10.0,11.0,12.0,12.0,13.0,15.0,18.0,inferred
Greenwich,2021-03-29,5.0,7.0,9.0,9.0,10.0,11.0,12.0,13.0,14.0,15.0,15.0,17.0,20.0,inferred
Greenwich,2021-03-30,5.0,6.9,8.0,9.0,9.0,10.0,11.0,12.0,13.0,14.0,14.0,16.0,20.0,inferred
Greenwich,2021-03-31,4.0,6.0,8.0,8.0,9.0,9.0,10.0,11.0,12.0,13.0,14.0,16.0,19.0,inferred
Greenwich,2021-04-01,3.0,5.0,6.0,7.0,7.0,8.0,9.0,10.0,11.0,11.0,12.0,14.0,17.0,inferred
Greenwich,2021-04-02,2.0,4.0,5.0,5.0,6.0,7.0,7.0,8.0,9.0,10.0,10.0,12.0,15.0,inferred
Greenwich,2021-04-03,1.0,3.0,4.0,4.0,4.0,5.0,6.0,6.0,7.0,8.0,8.0,10.0,12.0,inferred
Greenwich,2021-04-04,1.5,3.0,4.0,4.0,5.0,5.0,6.0,7.0,8.0,8.0,9.0,10.0,13.0,inferred
Greenwich,2021-04-05,2.0,4.0,5.0,5.0,6.0,6.0,7.0,8.0,9.0,9.0,10.0,12.0,14.0,inferred
Greenwich,2021-04-06,2.0,3.0,5.0,5.0,5.0,6.0,7.0,8.0,9.0,9.0,10.0,11.0,14.0,inferred
Greenwich,2021-04-07,2.0,4.0,5.0,5.0,6.0,6.0,7.0,8.0,9.0,9.0,10.0,12.0,14.0,inferred
Greenwich,2021-04-08,2.0,3.0,4.0,5.0,5.0,6.0,7.0,7.0,8.0,9.0,9.0,11.0,14.0,inferred
Greenwich,2021-04-09,1.0,3.0,4.0,4.0,5.0,5.0,6.0,7.0,8.0,8.0,8.0,10.0,12.0,inferred
Greenwich,2021-04-10,1.0,2.0,3.0,3.0,4.0,4.0,5.0,6.0,6.0,7.0,7.0,8.0,11.0,inferred
Greenwich,2021-04-11,1.0,3.0,4.0,4.0,4.0,5.0,6.0,7.0,7.0,8.0,8.0,9.1,12.0,inferred
Greenwich,2021-04-12,2.0,4.0,5.0,5.0,6.0,7.0,7.0,8.0,9.0,10.0,10.0,12.0,14.5,inferred
Greenwich,2021-04-13,2.0,4.0,5.0,5.0,6.0,7.0,7.0,8.0,9.0,10.0,10.0,12.0,15.0,inferred
Greenwich,2021-04-14,2.0,4.0,5.0,5.0,6.0,7.0,7.0,8.0,9.0,10.0,10.0,12.0,15.0,inferred
Greenwich,2021-04-15,2.0,3.0,5.0,5.0,6.0,6.0,7.0,8.0,9.0,9.0,10.0,11.0,14.0,inferred
Greenwich,2021-04-16,2.0,3.0,4.0,4.8,5.0,6.0,6.0,7.0,8.0,8.0,9.0,10.0,13.0,inferred
Greenwich,2021-04-17,1.0,2.0,3.0,4.0,4.0,5.0,5.0,6.0,7.0,7.0,8.0,9.0,11.0,inferred
Greenwich,2021-04-18,2.0,3.0,4.0,4.0,5.0,5.0,6.0,7.0,7.0,8.0,8.0,10.0,12.0,inferred
Greenwich,2021-04-19,3.0,4.0,5.0,6.0,6.0,7.0,8.0,9.0,10.0,10.0,11.0,13.0,16.0,inferred
Greenwich,2021-04-20,3.0,4.0,5.0,6.0,6.0,7.0,8.0,9.0,10.0,10.0,11.0,13.0,15.5,inferred
Greenwich,2021-04-21,3.0,4.0,5.8,6.0,6.0,7.0,8.0,9.0,10.0,10.0,11.0,13.0,15.0,inferred
Greenwich,2021-04-22,2.0,4.0,5.0,5.0,6.0,7.0,7.0,8.0,9.0,10.0,10.0,12.0,15.0,inferred
Greenwich,2021-04-23,2.0,3.0,4.0,5.0,5.0,6.0,7.0,7.0,8.0,9.0,9.0,11.0,13.0,inferred
Greenwich,2021-04-24,1.0,2.0,3.0,4.0,4.0,5.0,5.0,6.0,7.0,7.0,8.0,9.0,11.0,inferred
Greenwich,2021-04-25,2.0,3.0,4.0,4.0,5.0,5.0,6.0,7.0,8.0,8.0,9.0,10.0,13.0,inferred
Greenwich,2021-04-26,2.0,4.0,5.0,5.0,6.0,7.0,8.0,8.0,9.0,10.0,10.0,12.0,15.0,inferred
Greenwich,2021-04-27,2.0,4.0,5.0,6.0,6.0,7.0,8.0,8.0,9.0,10.0,11.0,12.0,15.0,inferred
Greenwich,2021-04-28,2.0,4.0,5.0,6.0,6.0,7.0,8.0,8.0,9.0,10.0,11.0,12.0,15.0,inferred
Greenwich,2021-04-29,2.0,4.0,5.0,5.0,6.0,7.0,7.0,8.0,9.0,9.0,10.0,12.0,14.0,inferred
Greenwich,2021-04-30,2.0,3.0,4.0,5.0,5.0,6.0,7.0,7.0,8.0,9.0,9.0,11.0,14.0,inferred
Greenwich,2021-05-01,1.0,2.0,3.0,4.0,4.0,5.0,5.0,6.0,7.0,7.0,8.0,9.0,12.0,inferred
Greenwich,2021-05-02,2.0,3.0,4.0,4.0,5.0,5.0,6.0,7.0,8.0,8.0,9.0,10.0,13.0,inferred
Greenwich,2021-05-03,3.0,4.0,5.0,6.0,6.0,7.0,8.0,9.0,10.0,10.0,11.0,13.0,16.0,inferred
Greenwich,2021-05-04,3.0,4.0,5.0,6.0,6.0,7.0,8.0,9.0,10.0,10.0,11.0,12.0,15.0,inferred
Greenwich,2021-05-05,3.0,5.0,6.0,6.0,7.0,8.0,8.0,9.0,10.0,11.0,11.0,13.0,16.0,inferred
Greenwich,2021-05-06,3.0,4.0,6.0,6.0,7.0,7.0,8.0,9.0,10.0,10.0,11.0,13.0,15.0,inferred
Greenwich,2021-05-07,2.0,4.0,5.0,5.0,6.0,7.0,7.0,8.0,9.0,10.0,10.0,12.0,15.0,inferred
Greenwich,2021-05-08,2.0,3.0,4.0,5.0,5.0,6.0,6.0,7.0,8.0,8.0,9.0,10.0,13.0,inferred
Greenwich,2021-05-09,2.0,4.0,5.0,6.0,6.0,7.0,8.0,8.0,9.0,10.0,10.0,12.0,14.0,inferred
Greenwich,2021-05-10,4.0,5.0,7.0,7.0,8.0,9.0,10.0,11.0,12.0,12.0,13.0,15.0,19.0,inferred
Greenwich,2021-05-11,4.0,6.0,7.0,7.0,8.0,9.0,10.0,11.0,12.0,12.0,13.0,15.0,18.0,inferred
Greenwich,2021-05-12,4.0,6.0,7.0,8.0,8.0,10.0,10.0,11.0,12.0,13.0,14.0,16.0,19.0,inferred
Greenwich,2021-05-13,4.0,6.0,7.0,8.0,8.0,9.0,10.0,11.0,12.0,13.0,13.0,15.0,18.5,inferred
Greenwich,2021-05-14,3.5,5.0,6.0,7.0,7.0,8.0,9.0,10.0,11.0,11.2,12.0,14.0,17.0,inferred
Greenwich,2021-05-15,3.0,4.0,5.0,6.0,6.0,7.0,8.0,8.0,9.0,10.0,10.0,12.0,15.0,inferred
Greenwich,2021-05-16,3.0,5.0,6.0,7.0,7.0,8.0,9.0,10.0,11.0,11.0,12.0,14.0,17.0,inferred
Greenwich,2021-05-17,4.5,7.0,8.0,9.0,10.0,11.0,11.0,13.0,14.0,14.0,15.0,17.0,20.0,inferred
Greenwich,2021-05-18,5.0,7.0,8.0,9.0,10.0,11.0,12.0,13.0,14.0,15.0,15.0,17.0,21.0,inferred
Greenwich,2021-05-19,5.0,8.0,9.0,10.0,10.0,11.0,12.0,14.0,15.0,15.0,16.0,18.1,22.0,inferred
Greenwich,2021-05-20,5.0,7.0,9.0,9.0,10.0,11.0,12.0,13.0,14.0,15.0,15.0,17.0,20.0,inferred
Greenwich,2021-05-21,4.0,6.0,8.0,8.0,9.0,10.0,11.0,12.0,13.0,13.0,14.0,16.0,19.0,inferred
Greenwich,2021-05-22,3.0,5.0,6.0,7.0,7.0,8.0,9.0,10.0,11.0,12.0,12.0,14.0,17.0,inferred
Greenwich,2021-05-23,4.0,6.0,8.0,8.0,9.0,10.0,11.0,12.0,13.0,13.0,14.0,16.0,19.0,inferred
Greenwich,2021-05-24,7.0,9.0,11.0,11.0,12.0,13.0,14.0,15.0,17.0,18.0,18.0,20.0,23.0,inferred
Greenwich,2021-05-25,7.0,10.0,11.0,12.0,12.0,13.0,15.0,16.0,17.0,18.0,19.0,21.0,24.0,inferred
Greenwich,2021-05-26,8.0,10.0,12.0,13.0,13.0,15.0,16.0,17.0,19.0,19.0,20.0,22.0,26.0,inferred
Greenwich,2021-05-27,8.0,10.0,12.0,13.0,13.0,14.0,15.0,17.0,18.0,19.0,19.0,22.0,25.0,inferred
Greenwich,2021-05-28,7.0,9.0,11.0,12.0,12.0,13.0,14.0,15.0,17.0,17.0,18.0,21.0,25.0,inferred
Greenwich,2021-05-29,5.0,8.0,9.0,10.0,10.0,11.0,12.0,13.4,15.0,15.0,16.0,18.0,22.0,inferred
Greenwich,2021-05-30,7.0,9.0,11.0,12.0,12.0,13.0,14.0,16.0,17.0,18.0,18.0,21.0,25.0,inferred
Greenwich,2021-05-31,11.0,14.0,16.0,16.0,17.0,18.0,19.0,21.0,22.0,23.0,24.0,26.0,31.0,inferred
Greenwich,2021-06-01,11.0,14.0,16.0,17.0,17.0,19.0,20.0,22.0,23.0,24.0,25.0,27.0,31.0,inferred
Greenwich,2021-06-02,12.0,15.0,17.0,18.0,19.0,20.0,22.0,23.0,24.0,25.0,26.0,29.0,33.0,inferred
Greenwich,2021-06-03,12.0,15.0,17.0,18.0,18.0,20.0,21.0,22.0,24.0,25.0,26.0,28.0,32.5,inferred
Greenwich,2021-06-04,11.0,13.0,16.0,16.0,17.0,18.0,20.0,21.0,22.0,23.0,24.0,27.0,30.0,inferred
Greenwich,2021-06-05,9.0,11.0,13.0,13.0,14.0,15.0,16.0,18.0,19.0,20.0,21.0,23.0,27.0,inferred
Greenwich,2021-06-06,11.0,13.0,15.8,16.0,17.0,18.0,19.0,21.0,22.0,23.0,24.0,27.0,31.0,inferred
Greenwich,2021-06-07,15.0,19.0,21.0,22.0,23.0,25.0,26.0,28.0,29.0,30.0,31.0,34.0,38.5,inferred
Greenwich,2021-06-08,15.0,19.0,22.0,23.0,24.0,25.0,27.0,28.0,30.0,31.0,32.0,35.0,40.0,inferred
Greenwich,2021-06-09,18.0,20.0,22.0,23.0,24.0,26.0,28.0,29.0,31.0,32.0,33.0,36.0,41.0,inferred
Greenwich,2021-06-10,16.0,19.0,21.0,22.0,23.0,24.0,26.0,27.0,29.0,30.0,31.0,34.0,38.0,inferred
Greenwich,2021-06-11,14.0,17.0,19.0,20.0,21.0,22.0,23.0,25.0,26.0,27.0,28.0,31.0,35.0,inferred
Greenwich,2021-06-12,11.0,14.0,16.0,16.0,17.0,18.0,20.0,21.0,22.0,23.0,24.0,27.0,31.0,inferred
Greenwich,2021-06-13,13.0,16.0,18.0,19.0,20.0,21.0,23.0,24.0,26.0,27.0,27.0,30.0,34.0,inferred
Greenwich,2021-06-14,18.0,22.0,24.0,25.0,26.0,28.0,30.0,31.0,33.0,34.0,35.0,38.0,42.0,inferred
Greenwich,2021-06-15,18.5,22.0,25.0,26.0,26.0,28.0,30.0,31.0,33.0,34.0,36.0,39.0,43.0,inferred
Greenwich,2021-06-16,19.0,23.0,25.0,26.0,27.0,29.0,30.0,32.0,34.0,35.0,37.0,40.0,45.0,inferred
Greenwich,2021-06-17,17.0,21.0,24.0,25.0,26.0,27.0,29.0,31.0,33.0,34.0,35.0,38.0,43.5,inferred
Greenwich,2021-06-18,15.0,19.0,21.0,22.0,23.0,25.0,26.5,28.0,30.0,31.0,32.0,35.0,39.0,inferred
Guildford,2021-03-06,2.0,3.0,4.0,4.0,4.0,5.0,6.0,6.0,7.0,7.0,8.0,9.0,11.0,inferred
Guildford,2021-03-07,2.0,3.0,5.0,5.0,5.0,6.0,7.0,7.0,8.0,9.0,9.0,10.0,13.0,inferred
Guildford,2021-03-08,3.0,4.0,6.0,6.0,6.0,7.0,8.0,9.0,10.0,10.0,11.0,12.0,14.0,inferred
Guildford,2021-03-09,2.5,4.0,5.0,6.0,6.0,7.0,7.0,8.0,9.0,10.0,10.0,12.0,14.0,inferred
Guildford,2021-03-10,3.0,4.0,5.0,6.0,6.0,7.0,8.0,9.0,9.0,10.0,10.0,12.0,14.0,inferred
Guildford,2021-03-11,2.0,4.0,5.0,5.0,5.0,6.0,7.0,8.0,8.0,9.0,9.0,11.0,13.0,inferred
Guildford,2021-03-12,2.0,3.0,4.0,4.0,5.0,5.0,6.0,7.0,7.0,8.0,8.0,10.0,12.0,inferred
Guildford,2021-03-13,1.0,2.0,3.0,3.0,3.0,4.0,5.0,5.0,6.0,6.0,7.0,8.0,10.0,inferred
Guildford,2021-03-14,1.0,2.0,3.0,4.0,4.0,5.0,5.0,6.0,7.0,7.0,8.0,9.0,11.0,inferred
Guildford,2021-03-15,2.0,3.0,4.0,5.0,5.0,6.0,6.0,7.0,8.0,8.0,9.0,11.0,13.0,inferred
Guildford,2021-03-16,2.0,3.0,4.0,4.0,5.0,5.0,6.0,7.0,8.0,8.0,8.0,10.0,12.0,inferred
Guildford,2021-03-17,2.0,3.0,4.0,4.0,5.0,5.0,6.0,7.0,7.0,8.0,8.0,10.0,12.0,inferred
Guildford,2021-03-18,1.0,3.0,4.0,4.0,4.0,5.0,6.0,6.0,7.0,7.0,8.0,9.0,11.0,inferred
Guildford,2021-03-19,1.0,2.0,3.0,3.0,3.0,4.0,5.0,5.0,6.0,6.0,7.0,8.0,10.0,inferred
Guildford,2021-03-20,0.0,1.0,2.0,2.0,3.0,3.0,4.0,4.0,5.0,5.0,6.0,7.0,9.0,inferred
Guildford,2021-03-21,1.0,2.0,2.0,3.0,3.0,4.0,4.0,5.0,5.0,6.0,6.0,8.0,10.0,inferred
Guildford,2021-03-22,1.0,2.0,3.0,4.0,4.0,4.0,5.0,6.0,7.0,7.0,7.0,9.0,11.0,inferred
Guildford,2021-03-23,1.0,2.0,3.0,3.0,4.0,4.0,5.0,6.0,6.0,7.0,7.0,9.0,11.0,inferred
Guildford,2021-03-24,1.0,2.0,3.0,3.0,4.0,4.0,5.0,6.0,6.0,7.0,7.0,9.0,11.0,inferred
Guildford,2021-03-25,1.0,2.0,2.0,3.0,3.0,4.0,4.0,5.0,6.0,6.0,6.0,7.1,10.0,inferred
Guildford,2021-03-26,0.0,1.0,2.0,2.0,2.0,3.0,3.0,4.0,4.0,5.0,5.0,6.0,8.0,inferred
Guildford,2021-03-27,0.0,1.0,1.0,1.0,2.0,2.0,2.0,3.0,3.0,4.0,4.0,5.0,7.0,inferred
Guildford,2021-03-28,0.0,1.0,1.0,2.0,2.0,2.0,3.0,3.0,4.0,4.0,5.0,6.0,8.0,inferred
Guildford,2021-03-29,0.0,1.0,2.0,2.0,2.0,3.0,3.0,4.0,4.0,5.0,5.0,6.0,8.0,inferred
Guildford,2021-03-30,0.0,1.0,2.0,2.0,2.0,3.0,3.0,3.0,4.0,4.0,5.0,6.0,8.0,inferred
Guildford,2021-03-31,0.0,1.0,1.0,2.0,2.0,3.0,3.0,4.0,4.0,4.0,5.0,6.0,8.0,inferred
Guildford,2021-04-01,0.0,1.0,1.0,2.0,2.0,2.0,3.0,3.0,4.0,4.0,4.0,5.0,7.0,inferred
Guildford,2021-04-02,0.0,1.0,1.0,1.0,1.0,2.0,2.0,3.0,3.0,4.0,4.0,5.0,6.0,inferred
Guildford,2021-04-03,0.0,0.0,1.0,1.0,1.0,1.0,2.0,2.0,3.0,3.0,3.0,4.0,5.5,inferred
Guildford,2021-04-04,0.0,0.0,1.0,1.0,1.0,2.0,2.0,3.0,3.0,3.0,4.0,5.0,7.0,inferred
Guildford,2021-04-05,0.0,1.0,1.0,2.0,2.0,2.0,3.0,3.0,4.0,4.0,5.0,6.0,7.5,inferred
Guildford,2021-04-06,0.0,1.0,1.0,2.0,2.0,2.0,3.0,3.0,4.0,4.0,5.0,6.0,8.0,inferred
Guildford,2021-04-07,0.0,1.0,2.0,2.0,2.0,3.0,3.0,4.0,4.0,5.0,5.0,6.0,8.0,inferred
Guildford,2021-04-08,0.0,1.0,2.0,2.0,2.0,3.0,3.0,4.0,4.0,4.0,5.0,6.0,8.0,inferred
Guildford,2021-04-09,0.0,1.0,1.0,2.0,2.0,2.0,3.0,3.0,4.0,4.0,5.0,6.0,7.5,inferred
Guildford,2021-04-10,0.0,1.0,1.0,1.0,2.0,2.0,3.0,3.0,4.0,4.0,4.0,5.0,7.0,inferred
Guildford,2021-04-11,0.0,1.0,2.0,2.0,2.0,3.0,3.0,4.0,4.0,5.0,5.0,6.0,8.0,inferred
Guildford,2021-04-12,1.0,1.0,2.0,3.0,3.0,3.0,4.0,5.0,5.0,6.0,6.0,7.0,9.0,inferred
Guildford,2021-04-13,0.0,2.0,2.0,3.0,3.0,3.0,4.0,5.0,5.0,6.0,6.0,7.0,10.0,inferred
Guildford,2021-04-14,1.0,2.0,3.0,3.0,3.0,4.0,4.0,5.0,6.0,6.0,6.0,8.0,10.0,inferred
Guildford,2021-04-15,1.0,2.0,2.0,3.0,3.0,4.0,4.0,5.0,6.0,6.0,6.0,8.0,10.0,inferred
Guildford,2021-04-16,1.0,1.0,2.0,2.0,3.0,3.0,4.0,4.0,5.0,5.0,6.0,7.0,9.0,inferred
Guildford,2021-04-17,0.0,1.0,2.0,2.0,2.0,3.0,3.0,4.0,4.0,4.0,5.0,6.0,8.0,inferred
Guildford,2021-04-18,0.0,1.0,2.0,2.0,3.0,3.0,4.0,4.0,5.0,5.0,6.0,7.0,9.0,inferred
Guildford,2021-04-19,1.0,2.0,3.0,3.0,4.0,4.0,5.0,5.0,6.0,6.0,7.0,8.0,10.0,inferred
Guildford,2021-04-20,1.0,2.0,3.0,3.0,3.0,4.0,4.0,5.0,6.0,6.0,6.2,8.0,10.0,inferred
Guildford,2021-04-21,1.0,2.0,3.0,3.0,3.0,4.0,5.0,5.0,6.0,6.0,7.0,8.0,10.0,inferred
Guildford,2021-04-22,1.0,2.0,2.0,3.0,3.0,4.0,4.0,5.0,5.0,6.0,6.0,7.0,10.0,inferred
Guildford,2021-04-23,0.0,1.0,2.0,2.0,2.0,3.0,3.0,4.0,5.0,5.0,5.0,7.0,9.0,inferred
Guildford,2021-04-24,0.0,1.0,1.0,2.0,2.0,2.0,3.0,3.0,4.0,4.0,4.0,5.0,7.0,inferred
Guildford,2021-04-25,0.0,1.0,2.0,2.0,2.0,3.0,3.0,4.0,4.0,5.0,5.0,6.0,8.0,inferred
Guildford,2021-04-26,0.5,1.0,2.0,2.0,3.0,3.0,4.0,4.0,5.0,5.0,6.0,7.0,9.0,inferred
Guildford,2021-04-27,1.0,1.0,2.0,2.0,3.0,3.0,4.0,4.0,5.0,5.0,6.0,7.0,9.0,inferred
Guildford,2021-04-28,0.0,1.0,2.0,2.0,3.0,3.0,4.0,4.0,5.0,5.0,6.0,7.0,9.0,inferred
Guildford,2021-04-29,0.0,1.0,2.0,2.0,2.0,3.0,3.0,4.0,4.0,5.0,5.0,6.0,8.0,inferred
Guildford,2021-04-30,0.0,1.0,1.0,2.0,2.0,2.0,3.0,3.0,4.0,4.0,4.0,5.0,7.0,inferred
Guildford,2021-05-01,0.0,0.0,1.0,1.0,1.0,2.0,2.0,2.0,3.0,3.0,4.0,4.0,6.0,inferred
Guildford,2021-05-02,0.0,1.0,1.0,1.0,1.0,2.0,2.0,3.0,3.0,3.0,4.0,5.0,7.0,inferred
Guildford,2021-05-03,0.0,1.0,1.0,1.0,2.0,2.0,3.0,3.0,4.0,4.0,4.0,5.0,7.0,inferred
Guildford,2021-05-04,0.0,1.0,1.0,1.0,1.7,2.0,2.0,3.0,4.0,4.0,4.0,5.0,7.0,inferred
Guildford,2021-05-05,0.0,1.0,1.0,1.0,2.0,2.0,2.0,3.0,3.0,4.0,4.0,5.0,7.0,inferred
Guildford,2021-05-06,0.0,0.0,1.0,1.0,1.0,2.0,2.0,2.0,3.0,3.0,4.0,5.0,6.0,inferred
Guildford,2021-05-07,0.0,0.0,1.0,1.0,1.0,1.0,2.0,2.0,3.0,3.0,3.0,4.0,6.0,inferred
Guildford,2021-05-08,0.0,0.0,0.0,1.0,1.0,1.0,1.0,2.0,2.0,2.0,3.0,3.0,5.0,inferred
Guildford,2021-05-09,0.0,0.0,0.0,1.0,1.0,1.0,2.0,2.0,2.0,3.0,3.0,4.0,5.0,inferred
Guildford,2021-05-10,0.0,0.0,1.0,1.0,1.0,2.0,2.0,2.0,3.0,3.0,3.0,5.0,6.0,inferred
Guildford,2021-05-11,0.0,0.0,1.0,1.0,1.0,1.0,2.0,2.0,3.0,3.0,3.0,4.0,6.0,inferred
Guildford,2021-05-12,0.0,0.0,1.0,1.0,1.0,1.0,2.0,2.0,3.0,3.0,3.0,4.0,6.0,inferred
Guildford,2021-05-13,0.0,0.0,1.0,1.0,1.0,1.0,2.0,2.0,3.0,3.0,3.0,4.0,6.0,inferred
Guildford,2021-05-14,0.0,0.0,1.0,1.0,1.0,1.0,1.0,2.0,2.0,3.0,3.0,4.0,5.0,inferred
Guildford,2021-05-15,0.0,0.0,0.0,0.0,1.0,1.0,1.0,1.0,2.0,2.0,2.0,3.0,4.0,inferred
Guildford,2021-05-16,0.0,0.0,0.0,1.0,1.0,1.0,1.0,2.0,2.0,2.0,3.0,3.0,5.0,inferred
Guildford,2021-05-17,0.0,0.0,1.0,1.0,1.0,1.0,2.0,2.0,3.0,3.0,3.0,4.0,6.0,inferred
Guildford,2021-05-18,0.0,0.0,1.0,1.0,1.0,1.0,2.0,2.0,3.0,3.0,3.0,4.0,6.0,inferred
Guildford,2021-05-19,0.0,0.0,1.0,1.0,1.0,2.0,2.0,2.0,3.0,3.0,3.0,5.0,6.0,inferred
Guildford,2021-05-20,0.0,0.0,1.0,1.0,1.0,1.0,2.0,2.0,3.0,3.0,3.0,4.0,6.0,inferred
Guildford,2021-05-21,0.0,0.0,1.0,1.0,1.0,1.0,2.0,2.0,3.0,3.0,3.0,4.0,5.0,inferred
Guildford,2021-05-22,0.0,0.0,1.0,1.0,1.0,1.0,2.0,2.0,2.0,3.0,3.0,4.0,5.0,inferred
Guildford,2021-05-23,0.0,0.0,1.0,1.0,1.0,2.0,2.0,2.0,3.0,3.0,4.0,4.0,6.0,inferred
Guildford,2021-05-24,0.0,1.0,1.0,2.0,2.0,2.0,3.0,3.0,4.0,4.0,5.0,5.1,8.0,inferred
Guildford,2021-05-25,0.0,1.0,1.0,2.0,2.0,2.0,3.0,3.0,4.0,4.0,5.0,6.0,7.0,inferred
Guildford,2021-05-26,0.0,1.0,2.0,2.0,2.0,3.0,3.0,4.0,4.0,5.0,5.0,6.0,8.0,inferred
Guildford,2021-05-27,0.0,1.0,2.0,2.0,2.0,3.0,3.0,4.0,4.0,5.0,5.0,6.0,8.0,inferred
Guildford,2021-05-28,0.0,1.0,2.0,2.0,2.0,3.0,3.0,4.0,4.0,4.0,5.0,6.0,8.0,inferred
Guildford,2021-05-29,0.0,1.0,1.0,2.0,2.0,2.0,3.0,3.0,4.0,4.0,5.0,6.0,8.0,inferred
Guildford,2021-05-30,0.0,1.0,2.0,2.0,3.0,3.0,4.0,4.0,5.0,5.0,6.0,7.0,9.0,inferred
Guildford,2021-05-31,1.0,2.0,3.0,4.0,4.0,5.0,5.0,6.0,6.0,7.0,7.0,9.0,11.0,inferred
Guildford,2021-06-01,1.0,3.0,3.0,4.0,4.0,5.0,5.0,6.0,7.0,7.0,8.0,9.0,12.0,inferred
Guildford,2021-06-02,2.0,3.0,4.0,5.0,5.0,6.0,6.0,7.0,8.0,8.0,9.0,10.0,13.0,inferred
Guildford,2021-06-03,2.0,3.0,4.0,5.0,5.0,6.0,6.0,7.0,8.0,8.0,9.0,10.0,13.0,inferred
Guildford,2021-06-04,2.0,3.0,4.0,4.0,5.0,6.0,6.0,7.0,8.0,8.0,9.0,10.0,12.0,inferred
Guildford,2021-06-05,1.0,3.0,4.0,4.0,4.0,5.0,5.0,6.0,7.0,7.0,8.0,9.0,11.5,inferred
Guildford,2021-06-06,2.0,4.0,5.0,5.0,6.0,6.0,7.0,8.0,9.0,9.0,10.0,11.1,14.0,inferred
Guildford,2021-06-07,3.0,5.0,6.0,7.0,8.0,8.0,9.0,10.0,11.0,12.0,12.0,14.0,17.0,inferred
Guildford,2021-06-08,4.0,5.0,7.0,7.0,8.0,9.0,9.0,10.0,11.0,12.0,12.0,14.0,17.0,inferred
Guildford,2021-06-09,4.0,6.0,8.0,8.0,9.0,10.0,10.0,11.0,12.0,13.0,14.0,15.0,18.0,inferred
Guildford,2021-06-10,4.0,6.0,8.0,8.0,9.0,9.0,10.0,11.0,12.0,13.0,14.0,15.0,18.0,inferred
Guildford,2021-06-11,3.0,5.0,7.0,7.0,8.0,9.0,9.0,10.0,11.0,12.0,12.0,14.0,17.0,inferred
Guildford,2021-06-12,3.0,4.0,6.0,6.0,6.0,7.0,8.0,9.0,10.0,10.0,11.0,12.0,15.0,inferred
Guildford,2021-06-13,4.0,6.0,7.0,8.0,8.0,9.0,10.0,11.0,12.0,13.0,13.0,15.0,18.0,inferred
Guildford,2021-06-14,6.0,8.0,9.0,10.0,11.0,12.0,13.0,14.0,15.0,16.0,16.0,18.0,21.0,inferred
Guildford,2021-06-15,6.0,8.0,9.0,10.0,11.0,12.0,13.0,14.0,15.0,16.0,16.0,18.0,22.0,inferred
Guildford,2021-06-16,6.0,9.0,10.0,11.0,11.0,13.0,14.0,15.0,16.0,17.0,18.0,20.0,24.0,inferred
Guildford,2021-06-17,5.0,8.0,10.0,10.0,11.0,12.0,13.0,14.0,15.0,16.0,17.0,18.1,21.0,inferred
Guildford,2021-06-18,5.0,7.0,8.0,9.0,10.0,11.0,12.0,13.0,14.0,14.0,15.0,17.0,21.0,inferred
Gwynedd,2021-03-06,3.0,5.0,6.0,6.0,7.0,8.0,9.0,10.0,11.0,11.0,12.0,14.0,16.0,inferred
Gwynedd,2021-03-07,4.0,5.0,7.0,7.0,8.0,9.0,9.0,10.0,11.0,12.0,12.0,14.0,17.0,inferred
Gwynedd,2021-03-08,6.0,8.0,9.0,10.0,10.0,11.0,12.0,13.0,15.0,15.0,16.0,18.0,21.0,inferred
Gwynedd,2021-03-09,5.0,6.0,8.0,8.0,9.0,10.0,11.0,12.0,13.0,13.0,14.0,16.0,19.0,inferred
Gwynedd,2021-03-10,5.5,7.0,9.0,9.0,10.0,11.0,12.0,13.0,14.0,14.0,15.0,17.0,20.0,inferred
Gwynedd,2021-03-11,4.0,7.0,8.0,9.0,9.0,10.0,11.0,12.0,13.0,14.0,15.0,16.0,20.0,inferred
Gwynedd,2021-03-12,3.0,5.0,7.0,7.0,7.0,8.0,9.0,10.0,11.0,12.0,13.0,14.0,18.0,inferred
Gwynedd,2021-03-13,2.0,4.0,5.0,5.0,6.0,7.0,7.0,8.0,9.0,9.0,10.0,12.0,15.0,inferred
Gwynedd,2021-03-14,2.0,4.0,5.0,5.0,6.0,7.0,7.0,8.0,9.0,10.0,10.0,12.0,15.0,inferred
Gwynedd,2021-03-15,4.0,6.0,7.0,8.0,8.0,9.0,10.0,11.0,12.0,13.0,14.0,15.0,18.0,inferred
Gwynedd,2021-03-16,3.0,5.0,6.0,6.0,7.0,8.0,9.0,10.0,11.0,11.0,12.0,14.0,17.0,inferred
Gwynedd,2021-03-17,3.0,5.0,7.0,7.0,7.0,8.0,9.5,10.0,11.0,12.0,13.0,14.0,18.0,inferred
Gwynedd,2021-03-18,3.0,5.0,6.0,7.0,7.0,8.0,9.0,10.0,11.0,12.0,12.0,14.1,18.0,inferred
Gwynedd,2021-03-19,2.0,4.0,5.0,5.0,6.0,7.0,7.0,8.0,9.0,10.0,10.0,12.0,15.0,inferred
Gwynedd,2021-03-20,1.0,3.0,4.0,4.0,5.0,5.0,6.0,7.0,7.0,8.0,9.0,10.0,13.0,inferred
Gwynedd,2021-03-21,2.0,3.0,4.0,5.0,5.0,6.0,6.5,7.0,8.0,9.0,9.0,11.0,14.0,inferred
Gwynedd,2021-03-22,3.0,5.0,6.0,6.0,7.0,8.0,9.0,10.0,11.0,11.0,12.0,14.0,18.0,inferred
Gwynedd,2021-03-23,2.0,4.0,5.0,6.0,6.0,7.0,8.0,9.0,10.0,10.0,11.0,13.0,15.0,inferred
Gwynedd,2021-03-24,3.0,4.0,6.0,6.0,7.0,8.0,9.0,9.4,10.0,11.0,12.0,13.0,17.0,inferred
Gwynedd,2021-03-25,3.0,4.0,6.0,6.0,7.0,8.0,8.0,9.0,10.0,11.0,12.0,14.0,16.0,inferred
Gwynedd,2021-03-26,2.0,4.0,5.0,5.0,6.0,6.0,7.0,8.0,9.0,9.0,10.0,11.0,14.0,inferred
Gwynedd,2021-03-27,1.0,2.0,3.0,4.0,4.0,5.0,5.0,6.0,7.0,7.0,8.0,9.0,12.0,inferred
Gwynedd,2021-03-28,1.0,2.0,3.0,3.0,4.0,5.0,5.0,6.0,7.0,8.0,8.0,10.0,12.0,inferred
Gwynedd,2021-03-29,2.0,4.0,5.0,5.0,6.0,7.0,7.0,8.0,9.0,10.0,10.0,12.0,15.0,inferred
Gwynedd,2021-03-30,1.0,3.0,4.0,4.0,5.0,5.0,6.0,7.0,8.0,8.0,9.0,10.0,13.0,inferred
Gwynedd,2021-03-31,2.0,3.0,4.0,5.0,5.0,6.0,7.0,7.0,8.0,9.0,9.0,11.0,14.0,inferred
Gwynedd,2021-04-01,1.0,3.0,4.0,4.0,5.0,6.0,6.0,7.0,8.0,8.0,9.0,11.0,13.0,inferred
Gwynedd,2021-04-02,1.0,2.0,3.0,3.0,4.0,4.0,5.0,6.0,6.3,7.0,7.0,9.0,12.0,inferred
Gwynedd,2021-04-03,0.0,1.0,2.0,2.0,3.0,3.0,4.0,4.0,5.0,5.0,6.0,7.0,9.0,inferred
Gwynedd,2021-04-04,0.0,1.0,2.0,3.0,3.0,3.0,4.0,5.0,5.0,6.0,6.0,8.0,10.0,inferred
Gwynedd,2021-04-05,1.0,2.0,3.0,4.0,4.0,5.0,5.0,6.0,7.0,7.0,8.0,10.0,13.0,inferred
Gwynedd,2021-04-06,1.0,2.0,3.0,3.0,3.0,4.0,5.0,5.0,6.0,7.0,7.0,9.0,11.0,inferred
Gwynedd,2021-04-07,1.0,2.0,3.0,4.0,4.0,4.0,5.0,6.0,7.0,7.0,8.0,9.0,12.0,inferred
Gwynedd,2021-04-08,1.0,2.0,3.0,3.0,4.0,4.0,5.0,6.0,7.0,7.0,7.0,9.0,11.5,inferred
Gwynedd,2021-04-09,1.0,2.0,2.0,3.0,3.0,4.0,4.0,5.0,6.0,6.0,6.0,8.0,10.0,inferred
Gwynedd,2021-04-10,0.0,1.0,2.0,2.0,2.0,3.0,3.0,4.0,4.0,5.0,5.0,6.0,8.0,inferred
Gwynedd,2021-04-11,0.0,1.0,2.0,2.0,2.0,3.0,3.0,4.0,5.0,5.0,5.0,7.0,9.0,inferred
Gwynedd,2021-04-12,1.0,2.0,3.0,3.0,3.0,4.0,5.0,5.0,6.0,7.0,7.0,8.0,11.0,inferred
Gwynedd,2021-04-13,0.0,1.0,2.0,3.0,3.0,3.0,4.0,5.0,5.0,6.0,7.0,8.0,10.0,inferred
Gwynedd,2021-04-14,1.0,2.0,2.0,3.0,3.0,4.0,4.0,5.0,6.0,6.0,7.0,8.0,10.0,inferred
Gwynedd,2021-04-15,0.0,1.0,2.0,3.0,3.0,3.0,4.0,5.0,5.0,6.0,7.0,8.0,10.5,inferred
Gwynedd,2021-04-16,0.0,1.0,2.0,2.0,2.0,3.0,3.0,4.0,5.0,5.0,6.0,7.0,10.0,inferred
Gwynedd,2021-04-17,0.0,0.0,1.0,1.0,2.0,2.0,3.0,3.0,4.0,4.0,4.0,5.0,7.0,inferred
Gwynedd,2021-04-18,0.0,1.0,1.0,1.0,2.0,2.0,3.0,3.0,4.0,4.0,5.0,6.0,8.0,inferred
Gwynedd,2021-04-19,0.0,1.0,2.0,2.0,3.0,3.0,4.0,4.0,5.0,5.0,6.0,7.0,9.0,inferred
Gwynedd,2021-04-20,0.0,1.0,1.0,2.0,2.0,3.0,3.0,4.0,4.0,5.0,5.0,6.0,9.0,inferred
Gwynedd,2021-04-21,0.0,1.0,2.0,2.0,2.0,3.0,3.0,4.0,4.0,5.0,5.0,6.0,8.5,inferred
Gwynedd,2021-04-22,0.0,1.0,2.0,2.0,2.0,2.0,3.0,3.0,4.0,4.0,5.0,6.0,8.0,inferred
Gwynedd,2021-04-23,0.0,1.0,1.0,1.0,2.0,2.0,2.0,3.0,4.0,4.0,4.0,5.0,7.0,inferred
Gwynedd,2021-04-24,0.0,0.0,1.0,1.0,1.0,1.0,2.0,2.0,3.0,3.0,3.0,4.0,6.0,inferred
Gwynedd,2021-04-25,0.0,0.0,1.0,1.0,1.0,1.0,2.0,2.0,3.0,3.0,3.0,4.0,6.0,inferred
Gwynedd,2021-04-26,0.0,0.0,1.0,1.0,1.0,2.0,2.0,3.0,3.0,4.0,4.0,5.0,7.0,inferred
Gwynedd,2021-04-27,0.0,0.0,1.0,1.0,1.0,2.0,2.0,2.0,3.0,3.0,4.0,5.0,7.0,inferred
Gwynedd,2021-04-28,0.0,0.0,1.0,1.0,1.0,2.0,2.0,2.0,3.0,3.0,4.0,5.0,7.0,inferred
Gwynedd,2021-04-29,0.0,0.0,1.0,1.0,1.0,2.0,2.0,2.0,3.0,3.0,4.0,4.0,6.0,inferred
Gwynedd,2021-04-30,0.0,0.0,1.0,1.0,1.0,1.0,2.0,2.0,2.0,3.0,3.0,4.0,6.0,inferred
Gwynedd,2021-05-01,0.0,0.0,0.0,0.0,0.0,1.0,1.0,1.4,2.0,2.0,2.0,3.0,5.0,inferred
Gwynedd,2021-05-02,0.0,0.0,0.0,0.0,1.0,1.0,1.0,1.0,2.0,2.0,2.0,3.0,4.0,inferred
Gwynedd,2021-05-03,0.0,0.0,0.0,1.0,1.0,1.0,2.0,2.0,3.0,3.0,3.0,4.0,6.0,inferred
Gwynedd,2021-05-04,0.0,0.0,0.0,0.0,1.0,1.0,1.0,2.0,2.0,2.0,3.0,4.0,5.0,inferred
Gwynedd,2021-05-05,0.0,0.0,0.0,1.0,1.0,1.0,1.0,2.0,2.0,2.2,3.0,4.0,5.0,inferred
Gwynedd,2021-05-06,0.0,0.0,0.0,1.0,1.0,1.0,1.0,2.0,2.0,3.0,3.0,4.0,6.0,inferred
Gwynedd,2021-05-07,0.0,0.0,0.0,0.0,0.0,1.0,1.0,1.0,2.0,2.0,2.0,3.0,5.0,inferred
Gwynedd,2021-05-08,0.0,0.0,0.0,0.0,0.0,0.6,1.0,1.0,1.0,2.0,2.0,3.0,4.0,inferred
Gwynedd,2021-05-09,0.0,0.0,0.0,0.0,0.0,1.0,1.0,1.0,2.0,2.0,2.0,3.0,4.0,inferred
Gwynedd,2021-05-10,0.0,0.0,0.0,0.0,1.0,1.0,1.0,2.0,2.0,2.0,3.0,3.0,5.0,inferred
Gwynedd,2021-05-11,0.0,0.0,0.0,0.0,0.0,1.0,1.0,1.0,2.0,2.0,2.0,3.0,5.0,inferred
Gwynedd,2021-05-12,0.0,0.0,0.0,0.0,0.0,1.0,1.0,1.0,2.0,2.0,2.0,3.0,5.0,inferred
Gwynedd,2021-05-13,0.0,0.0,0.0,0.0,0.0,1.0,1.0,1.0,2.0,2.0,2.0,3.0,5.0,inferred
Gwynedd,2021-05-14,0.0,0.0,0.0,0.0,0.0,1.0,1.0,1.0,2.0,2.0,2.0,3.0,4.0,inferred
Gwynedd,2021-05-15,0.0,0.0,0.0,0.0,0.0,0.0,1.0,1.0,1.0,1.0,2.0,2.0,3.0,inferred
Gwynedd,2021-05-16,0.0,0.0,0.0,0.0,0.0,0.0,1.0,1.0,1.0,2.0,2.0,3.0,4.0,inferred
Gwynedd,2021-05-17,0.0,0.0,0.0,0.0,0.0,1.0,1.0,1.0,2.0,2.0,2.0,3.0,5.0,inferred
Gwynedd,2021-05-18,0.0,0.0,0.0,0.0,0.0,1.0,1.0,1.0,2.0,2.0,2.0,3.0,4.0,inferred
Gwynedd,2021-05-19,0.0,0.0,0.0,0.0,0.0,1.0,1.0,1.0,2.0,2.0,2.0,3.0,5.0,inferred
Gwynedd,2021-05-20,0.0,0.0,0.0,0.0,0.0,1.0,1.0,1.4,2.0,2.0,2.0,3.0,5.0,inferred
Gwynedd,2021-05-21,0.0,0.0,0.0,0.0,0.0,1.0,1.0,1.0,2.0,2.0,2.0,3.0,4.0,inferred
Gwynedd,2021-05-22,0.0,0.0,0.0,0.0,0.0,0.0,1.0,1.0,1.0,2.0,2.0,3.0,4.0,inferred
Gwynedd,2021-05-23,0.0,0.0,0.0,0.0,0.0,1.0,1.0,1.0,2.0,2.0,2.0,3.0,4.0,inferred
Gwynedd,2021-05-24,0.0,0.0,0.0,1.0,1.0,1.0,1.0,2.0,2.0,3.0,3.0,4.0,6.0,inferred
Gwynedd,2021-05-25,0.0,0.0,0.0,1.0,1.0,1.0,1.0,2.0,2.0,2.0,3.0,4.0,5.0,inferred
Gwynedd,2021-05-26,0.0,0.0,1.0,1.0,1.0,1.0,2.0,2.0,3.0,3.0,3.0,4.0,6.0,inferred
Gwynedd,2021-05-27,0.0,0.0,1.0,1.0,1.0,1.0,2.0,2.0,3.0,3.0,3.0,4.0,6.0,inferred
Gwynedd,2021-05-28,0.0,0.0,0.0,1.0,1.0,1.0,2.0,2.0,2.0,3.0,3.0,4.0,6.0,inferred
Gwynedd,2021-05-29,0.0,0.0,0.0,0.0,1.0,1.0,1.0,2.0,2.0,2.0,3.0,4.0,5.0,inferred
Gwynedd,2021-05-30,0.0,0.0,0.0,1.0,1.0,1.0,2.0,2.0,2.0,3.0,3.0,4.0,6.0,inferred
Gwynedd,2021-05-31,0.0,0.0,1.0,1.0,1.0,2.0,2.0,3.0,3.0,4.0,4.0,6.0,8.0,inferred
Gwynedd,2021-06-01,0.0,0.0,1.0,1.0,1.0,2.0,2.0,3.0,3.0,4.0,4.0,5.0,7.0,inferred
Gwynedd,2021-06-02,0.0,0.0,1.0,1.0,2.0,2.0,3.0,3.0,4.0,4.0,4.0,6.0,8.0,inferred
Gwynedd,2021-06-03,0.0,1.0,1.0,2.0,2.0,2.0,3.0,3.0,4.0,4.0,5.0,6.0,8.0,inferred
Gwynedd,2021-06-04,0.0,1.0,1.0,1.0,2.0,2.0,3.0,3.0,4.0,4.0,5.0,6.0,8.0,inferred
Gwynedd,2021-06-05,0.0,0.0,1.0,1.0,1.0,2.0,2.0,3.0,3.0,3.0,4.0,5.0,7.0,inferred
Gwynedd,2021-06-06,0.0,0.0,1.0,1.0,1.0,2.0,2.0,3.0,4.0,4.0,4.0,5.0,7.0,inferred
Gwynedd,2021-06-07,0.0,1.0,2.0,2.0,2.0,3.0,4.0,4.0,5.0,5.0,6.0,7.0,9.0,inferred
Gwynedd,2021-06-08,0.0,1.0,2.0,2.0,2.0,3.0,3.0,4.0,4.0,5.0,5.0,6.0,9.0,inferred
Gwynedd,2021-06-09,0.0,1.0,2.0,2.0,3.0,3.0,4.0,4.0,5.0,5.0,6.0,7.0,10.0,inferred
Gwynedd,2021-06-10,0.0,1.0,2.0,2.0,3.0,3.0,4.0,4.0,5.0,5.0,6.0,7.0,9.5,inferred
Gwynedd,2021-06-11,0.0,1.0,2.0,2.0,2.0,3.0,3.0,4.0,5.0,5.0,6.0,7.0,9.0,inferred
Gwynedd,2021-06-12,0.0,1.0,1.0,2.0,2.0,2.0,3.0,3.0,4.0,4.0,5.0,6.0,8.0,inferred
Gwynedd,2021-06-13,0.0,1.0,1.0,2.0,2.0,3.0,3.0,4.0,4.0,5.0,5.0,6.0,8.0,inferred
Gwynedd,2021-06-14,1.0,2.0,3.0,3.0,3.0,4.0,5.0,5.0,6.0,7.0,7.0,9.0,11.0,inferred
Gwynedd,2021-06-15,0.0,2.0,2.0,3.0,3.0,4.0,4.0,5.0,6.0,6.0,7.0,8.0,10.0,inferred
Gwynedd,2021-06-16,1.0,2.0,3.0,3.0,4.0,4.0,5.0,6.0,7.0,7.0,8.0,9.0,12.0,inferred
Gwynedd,2021-06-17,1.0,2.0,3.0,3.0,4.0,5.0,6.0,6.0,7.0,8.0,9.0,10.0,14.0,inferred
Gwynedd,2021-06-18,1.0,2.0,3.0,3.0,3.0,4.0,5.0,6.0,7.0,7.0,8.0,9.0,12.5,inferred
Hackney,2021-03-06,2.0,3.0,4.0,5.0,5.0,6.0,7.0,8.0,9.0,9.0,10.0,12.0,14.0,inferred
Hackney,2021-03-07,2.0,3.9,5.0,5.0,6.0,7.0,7.5,8.0,9.0,10.0,10.0,12.0,15.0,inferred
Hackney,2021-03-08,3.0,4.9,6.0,6.0,7.0,8.0,9.0,10.0,11.0,11.0,12.0,14.0,17.0,inferred
Hackney,2021-03-09,3.0,4.0,5.0,6.0,6.0,7.0,8.0,9.0,10.0,11.0,11.0,13.0,16.0,inferred
Hackney,2021-03-10,2.0,4.0,6.0,6.0,7.0,7.0,8.0,9.0,10.0,11.0,12.0,14.0,17.0,inferred
Hackney,2021-03-11,2.0,4.0,5.0,6.0,6.0,7.0,8.0,8.0,9.0,10.0,11.0,12.0,15.0,inferred
Hackney,2021-03-12,2.0,3.0,4.0,5.0,5.0,6.0,7.0,7.0,8.0,9.0,10.0,12.0,14.0,inferred
Hackney,2021-03-13,1.0,2.0,3.0,4.0,4.0,5.0,5.0,6.0,7.0,8.0,8.0,10.0,13.0,inferred
Hackney,2021-03-14,1.0,3.0,4.0,4.0,5.0,6.0,6.5,7.0,8.0,9.0,9.0,11.0,14.0,inferred
Hackney,2021-03-15,3.0,4.0,5.0,6.0,6.0,7.0,8.0,9.0,10.0,11.0,12.0,14.0,17.0,inferred
Hackney,2021-03-16,3.0,4.0,5.0,6.0,6.0,7.0,8.0,9.0,10.0,11.0,11.0,13.0,16.0,inferred
Hackney,2021-03-17,3.0,4.0,6.0,6.0,7.0,8.0,9.0,10.0,11.0,11.0,12.0,14.0,17.0,inferred
Hackney,2021-03-18,3.0,4.0,6.0,6.0,7.0,8.0,8.0,9.0,10.0,11.0,12.0,14.0,17.0,inferred
Hackney,2021-03-19,2.0,4.0,5.0,5.0,6.0,7.0,8.0,8.0,10.0,10.0,11.0,13.0,16.0,inferred
Hackney,2021-03-20,1.0,3.0,4.0,4.0,5.0,6.0,6.0,7.0,8.0,9.0,9.0,11.0,14.0,inferred
Hackney,2021-03-21,2.0,4.0,5.0,5.8,6.0,7.0,8.0,9.0,10.0,10.0,11.0,13.0,16.0,inferred
Hackney,2021-03-22,4.0,5.0,7.0,7.0,8.0,9.0,10.0,11.0,12.0,13.0,14.0,15.0,19.0,inferred
Hackney,2021-03-23,3.0,5.0,7.0,7.0,8.0,9.0,10.0,11.0,12.0,13.0,13.2,16.0,20.0,inferred
Hackney,2021-03-24,3.0,5.0,7.0,7.0,8.0,9.0,10.0,11.0,12.0,13.0,14.0,16.0,19.0,inferred
Hackney,2021-03-25,3.0,5.0,6.0,7.0,7.0,8.0,9.0,10.0,11.0,12.0,13.0,14.0,19.0,inferred
Hackney,2021-03-26,2.0,4.0,5.0,6.0,6.0,7.0,8.0,9.0,10.0,10.0,11.0,12.0,16.0,inferred
Hackney,2021-03-27,1.0,3.0,4.0,4.0,5.0,5.0,6.0,7.0,8.0,8.0,9.0,11.0,14.0,inferred
Hackney,2021-03-28,2.0,3.0,4.0,5.0,5.0,6.0,7.0,8.0,9.0,9.0,10.0,12.0,15.0,inferred
Hackney,2021-03-29,3.0,4.0,6.0,6.0,6.7,8.0,9.0,10.0,11.0,11.0,12.0,14.0,17.0,inferred
Hackney,2021-03-30,2.0,4.0,5.0,6.0,6.0,7.0,8.0,9.0,10.0,11.0,12.0,14.0,17.0,inferred
Hackney,2021-03-31,2.5,4.0,6.0,6.0,7.0,8.0,8.0,9.0,10.0,11.0,12.0,14.0,17.0,inferred
Hackney,2021-04-01,2.0,4.0,5.0,6.0,6.0,7.0,8.0,9.0,10.0,10.0,11.0,13.0,16.0,inferred
Hackney,2021-04-02,2.0,3.0,4.0,5.0,5.0,6.0,7.0,8.0,9.0,9.0,10.0,12.0,15.0,inferred
Hackney,2021-04-03,1.0,2.0,3.0,4.0,4.0,5.0,6.0,6.0,7.0,8.0,8.0,10.0,13.0,inferred
Hackney,2021-04-04,2.0,3.0,4.0,5.0,5.0,6.0,7.0,7.0,8.0,9.0,10.0,11.0,14.0,inferred
Hackney,2021-04-05,3.0,4.0,6.0,6.0,7.0,7.0,8.0,9.0,10.0,11.0,12.0,14.0,17.0,inferred
Hackney,2021-04-06,3.0,4.0,5.0,6.0,7.0,7.0,8.0,9.0,10.0,11.0,11.0,13.0,17.0,inferred
Hackney,2021-04-07,3.0,5.0,6.0,7.0,7.0,8.0,9.0,10.0,11.0,11.0,12.0,14.0,18.0,inferred
Hackney,2021-04-08,2.5,4.0,6.0,6.0,7.0,8.0,8.0,10.0,11.0,11.0,12.0,14.0,17.0,inferred
Hackney,2021-04-09,2.0,4.0,5.0,5.0,6.0,7.0,8.0,8.0,9.0,10.0,11.0,12.0,16.0,inferred
Hackney,2021-04-10,1.5,3.0,4.0,4.0,5.0,5.0,6.0,7.0,8.0,8.0,9.0,11.0,14.0,inferred
Hackney,2021-04-11,2.0,3.0,4.0,5.0,5.0,6.0,7.0,8.0,9.0,9.0,10.0,12.0,15.0,inferred
Hackney,2021-04-12,3.0,5.0,6.0,7.0,7.0,8.0,9.0,10.0,11.0,12.0,12.0,15.0,18.0,inferred
Hackney,2021-04-13,3.0,5.0,6.0,6.8,7.0,8.0,9.0,10.0,11.0,12.0,12.0,14.0,17.0,inferred
Hackney,2021-04-14,3.0,5.0,6.0,7.0,7.0,8.0,9.0,10.0,11.0,11.0,12.0,14.0,17.0,inferred
Hackney,2021-04-15,3.0,4.0,6.0,6.0,7.0,8.0,8.0,9.0,10.0,11.0,12.0,14.0,17.0,inferred
Hackney,2021-04-16,2.0,4.0,5.0,5.0,6.0,7.0,7.0,8.0,9.0,10.0,11.0,13.0,16.0,inferred
Hackney,2021-04-17,1.0,3.0,4.0,4.0,4.0,5.0,6.0,7.0,8.0,8.0,9.0,10.0,13.0,inferred
Hackney,2021-04-18,2.0,3.0,4.0,5.0,5.0,6.0,7.0,8.0,9.0,10.0,10.0,12.0,15.5,inferred
Hackney,2021-04-19,3.0,5.0,6.0,7.0,7.0,8.0,9.0,10.0,11.0,12.0,13.0,15.0,18.0,inferred
Hackney,2021-04-20,3.0,5.0,6.0,7.0,7.0,8.0,9.0,10.0,11.0,12.0,13.0,14.0,18.0,inferred
Hackney,2021-04-21,3.0,5.0,6.0,7.0,7.0,8.0,9.0,10.0,11.0,12.0,12.0,14.0,17.0,inferred
Hackney,2021-04-22,2.0,4.0,5.0,6.0,6.0,7.0,8.0,9.0,10.0,11.0,11.0,13.0,16.0,inferred
Hackney,2021-04-23,2.0,3.0,4.0,5.0,5.0,6.0,7.0,8.0,9.0,9.0,10.0,11.0,14.0,inferred
Hackney,2021-04-24,1.0,2.0,3.0,4.0,4.0,5.0,5.0,6.0,7.0,8.0,8.0,10.0,12.0,inferred
Hackney,2021-04-25,1.0,3.0,4.0,4.0,4.7,5.0,6.0,7.0,8.0,8.0,9.0,11.0,14.0,inferred
Hackney,2021-04-26,2.0,3.0,5.0,5.0,6.0,6.0,7.0,8.0,9.0,10.0,10.0,12.0,15.5,inferred
Hackney,2021-04-27,2.0,3.0,4.0,5.0,5.0,6.0,7.0,8.0,9.0,9.0,10.0,12.0,14.0,inferred
Hackney,2021-04-28,2.0,3.0,4.0,5.0,5.0,6.0,7.0,8.0,9.0,9.0,10.0,12.0,15.0,inferred
Hackney,2021-04-29,1.0,3.0,4.0,4.0,5.0,5.0,6.0,7.0,8.0,8.0,9.0,11.0,13.5,inferred
Hackney,2021-04-30,1.0,2.0,3.0,4.0,4.0,5.0,5.0,6.0,7.0,8.0,8.0,10.0,12.0,inferred
Hackney,2021-05-01,0.0,1.0,2.0,2.0,3.0,3.0,4.0,5.0,6.0,6.0,7.0,8.0,11.0,inferred
Hackney,2021-05-02,1.0,2.0,3.0,3.0,3.0,4.0,5.0,5.0,6.0,7.0,7.0,9.0,12.0,inferred
Hackney,2021-05-03,1.0,3.0,3.8,4.0,4.0,5.0,6.0,7.0,8.0,8.0,9.0,10.0,14.0,inferred
Hackney,2021-05-04,1.0,2.0,3.0,4.0,4.0,5.0,6.0,6.0,7.0,8.0,8.0,10.0,13.0,inferred
Hackney,2021-05-05,1.0,2.0,3.0,4.0,4.0,5.0,6.0,6.0,7.0,8.0,8.0,10.0,13.0,inferred
Hackney,2021-05-06,1.0,2.0,3.0,4.0,4.0,5.0,5.0,6.0,7.0,7.0,8.0,9.0,12.5,inferred
Hackney,2021-05-07,0.5,2.0,2.0,3.0,3.0,4.0,5.0,5.0,6.0,6.0,7.0,8.1,11.0,inferred
Hackney,2021-05-08,0.0,1.0,2.0,2.0,2.0,3.0,4.0,4.0,5.0,5.0,6.0,7.0,9.0,inferred
Hackney,2021-05-09,0.0,1.0,2.0,2.0,3.0,3.0,4.0,4.0,5.0,6.0,6.0,8.0,10.0,inferred
Hackney,2021-05-10,1.0,2.0,3.0,3.0,4.0,4.0,5.0,6.0,7.0,7.0,8.0,9.0,13.0,inferred
Hackney,2021-05-11,1.0,2.0,3.0,3.0,3.0,4.0,5.0,6.0,6.0,7.0,8.0,9.1,12.0,inferred
Hackney,2021-05-12,1.0,2.0,3.0,3.0,4.0,4.0,5.0,6.0,6.0,7.0,8.0,9.0,12.0,inferred
Hackney,2021-05-13,1.0,2.0,3.0,3.0,4.0,4.0,5.0,5.0,6.0,7.0,7.0,9.0,11.0,inferred
Hackney,2021-05-14,0.0,1.0,2.0,3.0,3.0,4.0,4.0,5.0,6.0,6.0,7.0,8.0,11.0,inferred
Hackney,2021-05-15,0.0,1.0,2.0,2.0,2.0,3.0,3.0,4.0,5.0,5.0,6.0,7.0,10.0,inferred
Hackney,2021-05-16,0.0,1.0,2.0,3.0,3.0,4.0,4.0,5.0,6.0,6.0,6.0,8.0,10.0,inferred
Hackney,2021-05-17,1.0,2.0,3.0,4.0,4.0,5.0,5.0,6.0,7.0,7.0,8.0,10.0,12.5,inferred
Hackney,2021-05-18,1.0,2.0,3.0,4.0,4.0,5.0,6.0,6.0,7.0,8.0,9.0,10.0,13.0,inferred
Hackney,2021-05-19,1.0,3.0,4.0,4.0,5.0,6.0,6.0,7.0,8.0,8.0,9.0,11.0,14.0,inferred
Hackney,2021-05-20,1.0,3.0,4.0,4.0,4.0,5.0,6.0,7.0,8.0,9.0,9.0,11.0,14.0,inferred
Hackney,2021-05-21,1.0,2.0,3.0,4.0,4.0,5.0,6.0,6.0,7.0,8.0,8.0,10.0,13.0,inferred
Hackney,2021-05-22,1.0,2.0,3.0,3.0,4.0,4.0,5.0,6.0,6.3,7.0,8.0,9.0,12.0,inferred
Hackney,2021-05-23,1.0,3.0,4.0,4.0,4.0,5.0,6.0,7.0,8.0,8.0,9.0,10.0,13.0,inferred
Hackney,2021-05-24,2.0,4.0,6.0,6.0,6.0,7.0,8.0,9.0,10.0,11.0,12.0,13.0,17.0,inferred
Hackney,2021-05-25,3.0,5.0,6.0,7.0,7.0,8.0,9.0,10.0,11.0,11.0,12.0,14.0,18.0,inferred
Hackney,2021-05-26,4.0,6.0,7.0,8.0,8.0,9.0,10.0,11.0,12.0,13.0,14.0,16.0,19.0,inferred
Hackney,2021-05-27,4.0,6.0,7.0,8.0,9.0,10.0,11.0,12.0,13.0,14.0,15.0,17.0,21.0,inferred
Hackney,2021-05-28,4.0,6.0,8.0,8.0,9.0,10.0,10.0,11.0,13.0,13.0,14.0,17.0,20.0,inferred
Hackney,2021-05-29,3.0,5.0,7.0,7.0,8.0,9.0,10.0,11.0,12.0,13.0,14.0,16.0,19.0,inferred
Hackney,2021-05-30,5.0,8.0,9.0,10.0,10.0,11.0,13.0,14.0,15.0,16.0,17.0,19.0,22.0,inferred
Hackney,2021-05-31,9.0,12.0,14.0,15.0,16.0,17.0,18.0,20.0,21.0,22.0,23.0,26.0,30.0,inferred
Hackney,2021-06-01,10.5,14.0,16.0,17.0,18.0,19.0,21.0,22.0,24.0,25.0,26.0,28.0,32.0,inferred
Hackney,2021-06-02,13.0,16.0,18.0,19.0,20.0,22.0,23.0,24.0,26.0,27.0,29.0,32.0,36.0,inferred
Hackney,2021-06-03,12.5,16.0,19.0,20.0,21.0,22.0,23.0,25.0,27.0,28.0,29.0,32.0,38.0,inferred
Hackney,2021-06-04,12.0,16.0,18.0,19.0,20.0,22.0,23.0,25.0,27.0,28.0,29.0,32.0,36.0,inferred
Hackney,2021-06-05,11.0,14.0,17.0,17.0,18.0,19.0,21.0,22.0,24.0,25.0,25.0,28.0,33.0,inferred
Hackney,2021-06-06,15.0,18.0,21.0,22.0,23.0,24.0,26.0,27.0,29.0,30.0,31.0,34.0,39.5,inferred
Hackney,2021-06-07,22.0,26.0,29.0,31.0,32.0,34.0,36.0,37.4,40.0,41.0,42.0,46.0,51.5,inferred
Hackney,2021-06-08,23.0,28.0,31.0,32.0,33.0,35.0,37.0,39.0,42.0,43.0,44.0,48.0,53.0,inferred
Hackney,2021-06-09,25.0,29.0,33.0,34.0,35.0,37.0,39.0,41.0,43.0,44.0,46.0,49.0,56.0,inferred
Hackney,2021-06-10,23.0,28.0,31.0,32.0,33.0,35.0,37.0,39.0,41.0,42.0,43.0,47.0,54.0,inferred
Hackney,2021-06-11,19.5,25.0,28.0,29.0,30.0,32.0,33.0,35.0,37.0,39.0,40.0,44.0,49.0,inferred
Hackney,2021-06-12,17.0,20.0,23.0,24.0,25.0,27.0,29.0,30.0,32.0,33.0,34.0,38.0,43.0,inferred
Hackney,2021-06-13,20.0,25.0,28.0,29.0,29.0,31.0,33.0,35.0,37.0,38.0,39.0,43.0,48.0,inferred
Hackney,2021-06-14,29.0,34.0,37.0,38.0,40.0,42.0,44.0,46.0,48.0,50.0,51.0,55.0,62.0,inferred
Hackney,2021-06-15,29.0,34.0,38.0,39.0,41.0,43.0,45.0,47.0,49.0,51.0,52.0,56.0,64.0,inferred
Hackney,2021-06-16,31.0,37.0,40.0,41.0,43.0,45.0,47.0,49.0,51.0,53.0,55.0,59.0,67.0,inferred
Hackney,2021-06-17,29.0,34.0,38.0,39.0,40.0,42.0,45.0,47.0,49.0,51.0,52.0,57.0,64.0,inferred
Hackney,2021-06-18,26.0,31.0,35.0,35.0,37.0,39.0,41.0,43.0,46.0,47.0,49.0,52.0,59.0,inferred
Hackney and City of London,2021-03-06,2.0,3.0,4.0,5.0,5.0,6.0,7.0,8.0,9.0,9.0,10.0,12.0,14.0,inferred
Hackney and City of London,2021-03-07,2.0,3.9,5.0,5.0,6.0,7.0,7.5,8.0,9.0,10.0,10.0,12.0,15.0,inferred
Hackney and City of London,2021-03-08,3.0,4.9,6.0,6.0,7.0,8.0,9.0,10.0,11.0,11.0,12.0,14.0,17.0,inferred
Hackney and City of London,2021-03-09,3.0,4.0,5.0,6.0,6.0,7.0,8.0,9.0,10.0,11.0,11.0,13.0,16.0,inferred
Hackney and City of London,2021-03-10,2.0,4.0,6.0,6.0,7.0,7.0,8.0,9.0,10.0,11.0,12.0,14.0,17.0,inferred
Hackney and City of London,2021-03-11,2.0,4.0,5.0,6.0,6.0,7.0,8.0,8.0,9.0,10.0,11.0,12.0,15.0,inferred
Hackney and City of London,2021-03-12,2.0,3.0,4.0,5.0,5.0,6.0,7.0,7.0,8.0,9.0,10.0,12.0,14.0,inferred
Hackney and City of London,2021-03-13,1.0,2.0,3.0,4.0,4.0,5.0,5.0,6.0,7.0,8.0,8.0,10.0,13.0,inferred
Hackney and City of London,2021-03-14,1.0,3.0,4.0,4.0,5.0,6.0,6.5,7.0,8.0,9.0,9.0,11.0,14.0,inferred
Hackney and City of London,2021-03-15,3.0,4.0,5.0,6.0,6.0,7.0,8.0,9.0,10.0,11.0,12.0,14.0,17.0,inferred
Hackney and City of London,2021-03-16,3.0,4.0,5.0,6.0,6.0,7.0,8.0,9.0,10.0,11.0,11.0,13.0,16.0,inferred
Hackney and City of London,2021-03-17,3.0,4.0,6.0,6.0,7.0,8.0,9.0,10.0,11.0,11.0,12.0,14.0,17.0,inferred
Hackney and City of London,2021-03-18,3.0,4.0,6.0,6.0,7.0,8.0,8.0,9.0,10.0,11.0,12.0,14.0,17.0,inferred
Hackney and City of London,2021-03-19,2.0,4.0,5.0,5.0,6.0,7.0,8.0,8.0,10.0,10.0,11.0,13.0,16.0,inferred
Hackney and City of London,2021-03-20,1.0,3.0,4.0,4.0,5.0,6.0,6.0,7.0,8.0,9.0,9.0,11.0,14.0,inferred
Hackney and City of London,2021-03-21,2.0,4.0,5.0,5.8,6.0,7.0,8.0,9.0,10.0,10.0,11.0,13.0,16.0,inferred
Hackney and City of London,2021-03-22,4.0,5.0,7.0,7.0,8.0,9.0,10.0,11.0,12.0,13.0,14.0,15.0,19.0,inferred
Hackney and City of London,2021-03-23,3.0,5.0,7.0,7.0,8.0,9.0,10.0,11.0,12.0,13.0,13.2,16.0,20.0,inferred
Hackney and City of London,2021-03-24,3.0,5.0,7.0,7.0,8.0,9.0,10.0,11.0,12.0,13.0,14.0,16.0,19.0,inferred
Hackney and City of London,2021-03-25,3.0,5.0,6.0,7.0,7.0,8.0,9.0,10.0,11.0,12.0,13.0,14.0,19.0,inferred
Hackney and City of London,2021-03-26,2.0,4.0,5.0,6.0,6.0,7.0,8.0,9.0,10.0,10.0,11.0,12.0,16.0,inferred
Hackney and City of London,2021-03-27,1.0,3.0,4.0,4.0,5.0,5.0,6.0,7.0,8.0,8.0,9.0,11.0,14.0,inferred
Hackney and City of London,2021-03-28,2.0,3.0,4.0,5.0,5.0,6.0,7.0,8.0,9.0,9.0,10.0,12.0,15.0,inferred
Hackney and City of London,2021-03-29,3.0,4.0,6.0,6.0,6.7,8.0,9.0,10.0,11.0,11.0,12.0,14.0,17.0,inferred
Hackney and City of London,2021-03-30,2.0,4.0,5.0,6.0,6.0,7.0,8.0,9.0,10.0,11.0,12.0,14.0,17.0,inferred
Hackney and City of London,2021-03-31,2.5,4.0,6.0,6.0,7.0,8.0,8.0,9.0,10.0,11.0,12.0,14.0,17.0,inferred
Hackney and City of London,2021-04-01,2.0,4.0,5.0,6.0,6.0,7.0,8.0,9.0,10.0,10.0,11.0,13.0,16.0,inferred
Hackney and City of London,2021-04-02,2.0,3.0,4.0,5.0,5.0,6.0,7.0,8.0,9.0,9.0,10.0,12.0,15.0,inferred
Hackney and City of London,2021-04-03,1.0,2.0,3.0,4.0,4.0,5.0,6.0,6.0,7.0,8.0,8.0,10.0,13.0,inferred
Hackney and City of London,2021-04-04,2.0,3.0,4.0,5.0,5.0,6.0,7.0,7.0,8.0,9.0,10.0,11.0,14.0,inferred
Hackney and City of London,2021-04-05,3.0,4.0,6.0,6.0,7.0,7.0,8.0,9.0,10.0,11.0,12.0,14.0,17.0,inferred
Hackney and City of London,2021-04-06,3.0,4.0,5.0,6.0,7.0,7.0,8.0,9.0,10.0,11.0,11.0,13.0,17.0,inferred
Hackney and City of London,2021-04-07,3.0,5.0,6.0,7.0,7.0,8.0,9.0,10.0,11.0,11.0,12.0,14.0,18.0,inferred
Hackney and City of London,2021-04-08,2.5,4.0,6.0,6.0,7.0,8.0,8.0,10.0,11.0,11.0,12.0,14.0,17.0,inferred
Hackney and City of London,2021-04-09,2.0,4.0,5.0,5.0,6.0,7.0,8.0,8.0,9.0,10.0,11.0,12.0,16.0,inferred
Hackney and City of London,2021-04-10,1.5,3.0,4.0,4.0,5.0,5.0,6.0,7.0,8.0,8.0,9.0,11.0,14.0,inferred
Hackney and City of London,2021-04-11,2.0,3.0,4.0,5.0,5.0,6.0,7.0,8.0,9.0,9.0,10.0,12.0,15.0,inferred
Hackney and City of London,2021-04-12,3.0,5.0,6.0,7.0,7.0,8.0,9.0,10.0,11.0,12.0,12.0,15.0,18.0,inferred
Hackney and City of London,2021-04-13,3.0,5.0,6.0,6.8,7.0,8.0,9.0,10.0,11.0,12.0,12.0,14.0,17.0,inferred
Hackney and City of London,2021-04-14,3.0,5.0,6.0,7.0,7.0,8.0,9.0,10.0,11.0,11.0,12.0,14.0,17.0,inferred
Hackney and City of London,2021-04-15,3.0,4.0,6.0,6.0,7.0,8.0,8.0,9.0,10.0,11.0,12.0,14.0,17.0,inferred
Hackney and City of London,2021-04-16,2.0,4.0,5.0,5.0,6.0,7.0,7.0,8.0,9.0,10.0,11.0,13.0,16.0,inferred
Hackney and City of London,2021-04-17,1.0,3.0,4.0,4.0,4.0,5.0,6.0,7.0,8.0,8.0,9.0,10.0,13.0,inferred
Hackney and City of London,2021-04-18,2.0,3.0,4.0,5.0,5.0,6.0,7.0,8.0,9.0,10.0,10.0,12.0,15.5,inferred
Hackney and City of London,2021-04-19,3.0,5.0,6.0,7.0,7.0,8.0,9.0,10.0,11.0,12.0,13.0,15.0,18.0,inferred
Hackney and City of London,2021-04-20,3.0,5.0,6.0,7.0,7.0,8.0,9.0,10.0,11.0,12.0,13.0,14.0,18.0,inferred
Hackney and City of London,2021-04-21,3.0,5.0,6.0,7.0,7.0,8.0,9.0,10.0,11.0,12.0,12.0,14.0,17.0,inferred
Hackney and City of London,2021-04-22,2.0,4.0,5.0,6.0,6.0,7.0,8.0,9.0,10.0,11.0,11.0,13.0,16.0,inferred
Hackney and City of London,2021-04-23,2.0,3.0,4.0,5.0,5.0,6.0,7.0,8.0,9.0,9.0,10.0,11.0,14.0,inferred
Hackney and City of London,2021-04-24,1.0,2.0,3.0,4.0,4.0,5.0,5.0,6.0,7.0,8.0,8.0,10.0,12.0,inferred
Hackney and City of London,2021-04-25,1.0,3.0,4.0,4.0,4.7,5.0,6.0,7.0,8.0,8.0,9.0,11.0,14.0,inferred
Hackney and City of London,2021-04-26,2.0,3.0,5.0,5.0,6.0,6.0,7.0,8.0,9.0,10.0,10.0,12.0,15.5,inferred
Hackney and City of London,2021-04-27,2.0,3.0,4.0,5.0,5.0,6.0,7.0,8.0,9.0,9.0,10.0,12.0,14.0,inferred
Hackney and City of London,2021-04-28,2.0,3.0,4.0,5.0,5.0,6.0,7.0,8.0,9.0,9.0,10.0,12.0,15.0,inferred
Hackney and City of London,2021-04-29,1.0,3.0,4.0,4.0,5.0,5.0,6.0,7.0,8.0,8.0,9.0,11.0,13.5,inferred
Hackney and City of London,2021-04-30,1.0,2.0,3.0,4.0,4.0,5.0,5.0,6.0,7.0,8.0,8.0,10.0,12.0,inferred
Hackney and City of London,2021-05-01,0.0,1.0,2.0,2.0,3.0,3.0,4.0,5.0,6.0,6.0,7.0,8.0,11.0,inferred
Hackney and City of London,2021-05-02,1.0,2.0,3.0,3.0,3.0,4.0,5.0,5.0,6.0,7.0,7.0,9.0,12.0,inferred
Hackney and City of London,2021-05-03,1.0,3.0,3.8,4.0,4.0,5.0,6.0,7.0,8.0,8.0,9.0,10.0,14.0,inferred
Hackney and City of London,2021-05-04,1.0,2.0,3.0,4.0,4.0,5.0,6.0,6.0,7.0,8.0,8.0,10.0,13.0,inferred
Hackney and City of London,2021-05-05,1.0,2.0,3.0,4.0,4.0,5.0,6.0,6.0,7.0,8.0,8.0,10.0,13.0,inferred
Hackney and City of London,2021-05-06,1.0,2.0,3.0,4.0,4.0,5.0,5.0,6.0,7.0,7.0,8.0,9.0,12.5,inferred
Hackney and City of London,2021-05-07,0.5,2.0,2.0,3.0,3.0,4.0,5.0,5.0,6.0,6.0,7.0,8.1,11.0,inferred
Hackney and City of London,2021-05-08,0.0,1.0,2.0,2.0,2.0,3.0,4.0,4.0,5.0,5.0,6.0,7.0,9.0,inferred
Hackney and City of London,2021-05-09,0.0,1.0,2.0,2.0,3.0,3.0,4.0,4.0,5.0,6.0,6.0,8.0,10.0,inferred
Hackney and City of London,2021-05-10,1.0,2.0,3.0,3.0,4.0,4.0,5.0,6.0,7.0,7.0,8.0,9.0,13.0,inferred
Hackney and City of London,2021-05-11,1.0,2.0,3.0,3.0,3.0,4.0,5.0,6.0,6.0,7.0,8.0,9.1,12.0,inferred
Hackney and City of London,2021-05-12,1.0,2.0,3.0,3.0,4.0,4.0,5.0,6.0,6.0,7.0,8.0,9.0,12.0,inferred
Hackney and City of London,2021-05-13,1.0,2.0,3.0,3.0,4.0,4.0,5.0,5.0,6.0,7.0,7.0,9.0,11.0,inferred
Hackney and City of London,2021-05-14,0.0,1.0,2.0,3.0,3.0,4.0,4.0,5.0,6.0,6.0,7.0,8.0,11.0,inferred
Hackney and City of London,2021-05-15,0.0,1.0,2.0,2.0,2.0,3.0,3.0,4.0,5.0,5.0,6.0,7.0,10.0,inferred
Hackney and City of London,2021-05-16,0.0,1.0,2.0,3.0,3.0,4.0,4.0,5.0,6.0,6.0,6.0,8.0,10.0,inferred
Hackney and City of London,2021-05-17,1.0,2.0,3.0,4.0,4.0,5.0,5.0,6.0,7.0,7.0,8.0,10.0,12.5,inferred
Hackney and City of London,2021-05-18,1.0,2.0,3.0,4.0,4.0,5.0,6.0,6.0,7.0,8.0,9.0,10.0,13.0,inferred
Hackney and City of London,2021-05-19,1.0,3.0,4.0,4.0,5.0,6.0,6.0,7.0,8.0,8.0,9.0,11.0,14.0,inferred
Hackney and City of London,2021-05-20,1.0,3.0,4.0,4.0,4.0,5.0,6.0,7.0,8.0,9.0,9.0,11.0,14.0,inferred
Hackney and City of London,2021-05-21,1.0,2.0,3.0,4.0,4.0,5.0,6.0,6.0,7.0,8.0,8.0,10.0,13.0,inferred
Hackney and City of London,2021-05-22,1.0,2.0,3.0,3.0,4.0,4.0,5.0,6.0,6.3,7.0,8.0,9.0,12.0,inferred
Hackney and City of London,2021-05-23,1.0,3.0,4.0,4.0,4.0,5.0,6.0,7.0,8.0,8.0,9.0,10.0,13.0,inferred
Hackney and City of London,2021-05-24,2.0,4.0,6.0,6.0,6.0,7.0,8.0,9.0,10.0,11.0,12.0,13.0,17.0,inferred
Hackney and City of London,2021-05-25,3.0,5.0,6.0,7.0,7.0,8.0,9.0,10.0,11.0,11.0,12.0,14.0,18.0,inferred
Hackney and City of London,2021-05-26,4.0,6.0,7.0,8.0,8.0,9.0,10.0,11.0,12.0,13.0,14.0,16.0,19.0,inferred
Hackney and City of London,2021-05-27,4.0,6.0,7.0,8.0,9.0,10.0,11.0,12.0,13.0,14.0,15.0,17.0,21.0,inferred
Hackney and City of London,2021-05-28,4.0,6.0,8.0,8.0,9.0,10.0,10.0,11.0,13.0,13.0,14.0,17.0,20.0,inferred
Hackney and City of London,2021-05-29,3.0,5.0,7.0,7.0,8.0,9.0,10.0,11.0,12.0,13.0,14.0,16.0,19.0,inferred
Hackney and City of London,2021-05-30,5.0,8.0,9.0,10.0,10.0,11.0,13.0,14.0,15.0,16.0,17.0,19.0,22.0,inferred
Hackney and City of London,2021-05-31,9.0,12.0,14.0,15.0,16.0,17.0,18.0,20.0,21.0,22.0,23.0,26.0,30.0,inferred
Hackney and City of London,2021-06-01,10.5,14.0,16.0,17.0,18.0,19.0,21.0,22.0,24.0,25.0,26.0,28.0,32.0,inferred
Hackney and City of London,2021-06-02,13.0,16.0,18.0,19.0,20.0,22.0,23.0,24.0,26.0,27.0,29.0,32.0,36.0,inferred
Hackney and City of London,2021-06-03,12.5,16.0,19.0,20.0,21.0,22.0,23.0,25.0,27.0,28.0,29.0,32.0,38.0,inferred
Hackney and City of London,2021-06-04,12.0,16.0,18.0,19.0,20.0,22.0,23.0,25.0,27.0,28.0,29.0,32.0,36.0,inferred
Hackney and City of London,2021-06-05,11.0,14.0,17.0,17.0,18.0,19.0,21.0,22.0,24.0,25.0,25.0,28.0,33.0,inferred
Hackney and City of London,2021-06-06,15.0,18.0,21.0,22.0,23.0,24.0,26.0,27.0,29.0,30.0,31.0,34.0,39.5,inferred
Hackney and City of London,2021-06-07,22.0,26.0,29.0,31.0,32.0,34.0,36.0,37.4,40.0,41.0,42.0,46.0,51.5,inferred
Hackney and City of London,2021-06-08,23.0,28.0,31.0,32.0,33.0,35.0,37.0,39.0,42.0,43.0,44.0,48.0,53.0,inferred
Hackney and City of London,2021-06-09,25.0,29.0,33.0,34.0,35.0,37.0,39.0,41.0,43.0,44.0,46.0,49.0,56.0,inferred
Hackney and City of London,2021-06-10,23.0,28.0,31.0,32.0,33.0,35.0,37.0,39.0,41.0,42.0,43.0,47.0,54.0,inferred
Hackney and City of London,2021-06-11,19.5,25.0,28.0,29.0,30.0,32.0,33.0,35.0,37.0,39.0,40.0,44.0,49.0,inferred
Hackney and City of London,2021-06-12,17.0,20.0,23.0,24.0,25.0,27.0,29.0,30.0,32.0,33.0,34.0,38.0,43.0,inferred
Hackney and City of London,2021-06-13,20.0,25.0,28.0,29.0,29.0,31.0,33.0,35.0,37.0,38.0,39.0,43.0,48.0,inferred
Hackney and City of London,2021-06-14,29.0,34.0,37.0,38.0,40.0,42.0,44.0,46.0,48.0,50.0,51.0,55.0,62.0,inferred
Hackney and City of London,2021-06-15,29.0,34.0,38.0,39.0,41.0,43.0,45.0,47.0,49.0,51.0,52.0,56.0,64.0,inferred
Hackney and City of London,2021-06-16,31.0,37.0,40.0,41.0,43.0,45.0,47.0,49.0,51.0,53.0,55.0,59.0,67.0,inferred
Hackney and City of London,2021-06-17,29.0,34.0,38.0,39.0,40.0,42.0,45.0,47.0,49.0,51.0,52.0,57.0,64.0,inferred
Hackney and City of London,2021-06-18,26.0,31.0,35.0,35.0,37.0,39.0,41.0,43.0,46.0,47.0,49.0,52.0,59.0,inferred
Halton,2021-03-06,2.0,4.0,5.0,5.8,6.0,7.0,8.0,9.0,10.0,10.0,11.0,13.0,16.0,inferred
Halton,2021-03-07,3.0,4.0,6.0,7.0,7.0,8.0,9.0,10.0,11.0,11.0,12.0,14.0,17.0,inferred
Halton,2021-03-08,5.0,7.0,8.0,9.0,9.0,10.0,11.0,12.0,13.0,14.0,15.0,17.0,21.0,inferred
Halton,2021-03-09,4.0,6.0,8.0,8.8,9.0,10.0,11.0,12.0,13.3,14.0,15.0,17.0,21.0,inferred
Halton,2021-03-10,5.0,7.0,8.0,9.0,9.0,10.0,11.0,12.0,14.0,14.0,15.0,17.0,21.0,inferred
Halton,2021-03-11,4.0,6.0,8.0,8.0,9.0,10.0,11.0,12.0,13.0,14.0,15.0,17.0,20.0,inferred
Halton,2021-03-12,3.0,5.0,7.0,7.0,8.0,9.0,10.0,11.0,12.0,13.0,13.0,16.0,20.0,inferred
Halton,2021-03-13,2.0,4.0,5.0,6.0,6.0,7.0,8.0,9.0,10.0,11.0,11.0,13.0,16.5,inferred
Halton,2021-03-14,3.0,5.0,6.0,7.0,7.0,8.0,9.0,10.0,11.0,12.0,13.0,14.0,18.0,inferred
Halton,2021-03-15,5.0,7.0,8.0,9.0,9.0,11.0,12.0,13.0,14.0,15.0,16.0,18.0,23.0,inferred
Halton,2021-03-16,4.0,6.0,8.0,9.0,9.0,11.0,12.0,13.0,14.0,15.0,15.0,18.0,22.0,inferred
Halton,2021-03-17,4.0,7.0,8.0,9.0,9.0,11.0,12.0,13.0,14.0,15.0,16.0,18.0,22.0,inferred
Halton,2021-03-18,4.0,6.0,8.0,8.0,9.0,10.0,11.0,12.0,14.0,14.0,15.0,17.0,21.0,inferred
Halton,2021-03-19,3.0,5.0,7.0,7.0,8.0,9.0,10.0,11.0,12.0,13.0,13.0,15.0,19.0,inferred
Halton,2021-03-20,2.0,4.0,5.0,5.0,6.0,7.0,8.0,8.0,10.0,10.0,11.0,13.0,16.0,inferred
Halton,2021-03-21,3.0,5.0,6.0,7.0,7.0,8.0,9.0,10.0,11.0,12.0,12.2,14.0,18.0,inferred
Halton,2021-03-22,4.0,7.0,8.0,9.0,9.0,10.0,11.0,12.0,14.0,14.0,15.0,17.0,21.0,inferred
Halton,2021-03-23,4.0,6.0,8.0,8.0,9.0,10.0,11.0,12.0,13.0,14.0,15.0,17.0,22.0,inferred
Halton,2021-03-24,3.0,5.0,7.0,7.0,8.0,9.0,10.0,11.0,12.0,13.0,14.0,16.0,19.0,inferred
Halton,2021-03-25,2.5,4.0,6.0,6.0,7.0,8.0,9.0,10.0,11.0,11.0,12.0,14.0,18.0,inferred
Halton,2021-03-26,2.0,3.0,5.0,5.0,5.0,6.0,7.0,8.0,9.0,10.0,11.0,13.0,16.0,inferred
Halton,2021-03-27,1.0,2.0,3.0,4.0,4.0,5.0,5.0,6.0,7.0,7.0,8.0,9.0,13.0,inferred
Halton,2021-03-28,1.0,2.0,3.0,4.0,4.0,5.0,5.5,6.0,7.0,8.0,8.0,10.0,12.5,inferred
Halton,2021-03-29,2.0,3.0,4.0,4.0,5.0,6.0,7.0,8.0,8.0,9.0,10.0,11.0,14.0,inferred
Halton,2021-03-30,1.0,3.0,4.0,4.0,4.0,5.0,6.0,7.0,8.0,8.0,9.0,10.0,13.0,inferred
Halton,2021-03-31,1.0,2.0,3.0,4.0,4.0,5.0,6.0,6.0,7.0,8.0,9.0,10.0,13.0,inferred
Halton,2021-04-01,1.0,2.0,3.0,3.0,3.0,4.0,5.0,5.0,6.0,7.0,8.0,9.0,12.0,inferred
Halton,2021-04-02,0.0,1.0,2.0,3.0,3.0,4.0,4.0,5.0,6.0,6.0,6.0,8.0,11.0,inferred
Halton,2021-04-03,0.0,1.0,1.0,2.0,2.0,2.0,3.0,3.0,4.0,4.0,5.0,6.0,9.0,inferred
Halton,2021-04-04,0.0,1.0,1.0,2.0,2.0,3.0,3.0,4.0,5.0,5.0,5.0,7.0,9.0,inferred
Halton,2021-04-05,0.0,1.0,2.0,2.0,3.0,3.0,4.0,4.0,5.0,6.0,6.0,8.0,10.0,inferred
Halton,2021-04-06,0.0,1.0,2.0,2.0,2.0,3.0,4.0,4.0,5.0,5.0,6.0,7.0,10.0,inferred
Halton,2021-04-07,0.0,1.0,2.0,2.0,2.0,3.0,3.0,4.0,5.0,5.0,5.2,7.0,9.0,inferred
Halton,2021-04-08,0.0,1.0,1.0,2.0,2.0,3.0,3.0,4.0,4.0,5.0,5.0,7.0,9.0,inferred
Halton,2021-04-09,0.0,0.0,1.0,1.0,2.0,2.0,3.0,3.0,4.0,4.0,4.0,5.0,7.0,inferred
Halton,2021-04-10,0.0,0.0,1.0,1.0,1.0,1.0,2.0,2.0,3.0,3.0,4.0,5.0,7.0,inferred
Halton,2021-04-11,0.0,0.0,1.0,1.0,1.0,2.0,2.0,3.0,3.0,3.0,4.0,5.0,7.0,inferred
Halton,2021-04-12,0.0,0.0,1.0,1.0,2.0,2.0,2.0,3.0,4.0,4.0,5.0,6.0,9.0,inferred
Halton,2021-04-13,0.0,1.0,1.0,1.0,2.0,2.0,3.0,3.0,4.0,4.0,5.0,6.0,8.0,inferred
Halton,2021-04-14,0.0,0.9,1.0,1.0,2.0,2.0,3.0,3.0,4.0,4.0,4.2,6.0,8.5,inferred
Halton,2021-04-15,0.0,0.0,1.0,1.0,1.0,2.0,2.0,3.0,4.0,4.0,4.0,6.0,8.0,inferred
Halton,2021-04-16,0.0,0.0,1.0,1.0,1.0,2.0,2.0,2.0,3.0,3.0,4.0,5.0,7.0,inferred
Halton,2021-04-17,0.0,0.0,0.0,1.0,1.0,1.0,2.0,2.0,3.0,3.0,3.0,4.0,6.0,inferred
Halton,2021-04-18,0.0,0.0,1.0,1.0,1.0,1.0,2.0,2.0,3.0,3.0,4.0,5.0,7.0,inferred
Halton,2021-04-19,0.0,0.0,1.0,1.0,1.0,2.0,2.0,3.0,4.0,4.0,4.0,6.0,8.0,inferred
Halton,2021-04-20,0.0,1.0,1.0,1.0,2.0,2.0,3.0,3.0,4.0,4.0,4.0,6.0,8.0,inferred
Halton,2021-04-21,0.0,0.0,1.0,1.0,2.0,2.0,3.0,3.0,4.0,4.0,5.0,6.0,8.0,inferred
Halton,2021-04-22,0.0,0.0,1.0,1.0,1.0,2.0,2.0,3.0,4.0,4.0,5.0,6.0,8.0,inferred
Halton,2021-04-23,0.0,0.0,1.0,1.0,1.0,2.0,2.0,3.0,3.0,4.0,4.0,6.0,8.0,inferred
Halton,2021-04-24,0.0,0.0,1.0,1.0,1.0,1.0,2.0,2.0,3.0,3.0,3.0,5.0,6.0,inferred
Halton,2021-04-25,0.0,0.0,1.0,1.0,1.0,2.0,2.0,3.0,3.0,3.0,4.0,5.0,7.0,inferred
Halton,2021-04-26,0.0,1.0,1.0,1.0,2.0,2.0,3.0,3.0,4.0,4.0,5.0,6.0,8.0,inferred
Halton,2021-04-27,0.0,1.0,1.0,1.0,2.0,2.0,3.0,3.0,4.0,4.0,5.0,6.0,9.0,inferred
Halton,2021-04-28,0.0,1.0,1.0,1.0,2.0,2.0,3.0,3.0,4.0,4.0,5.0,6.0,9.0,inferred
Halton,2021-04-29,0.0,1.0,1.0,1.0,2.0,2.0,2.0,3.0,4.0,4.0,5.0,6.0,8.0,inferred
Halton,2021-04-30,0.0,0.0,1.0,1.0,1.0,2.0,2.0,3.0,3.0,4.0,4.0,5.0,7.0,inferred
Halton,2021-05-01,0.0,0.0,0.0,1.0,1.0,1.0,2.0,2.0,3.0,3.0,3.0,4.0,6.0,inferred
Halton,2021-05-02,0.0,0.0,1.0,1.0,1.0,2.0,2.0,2.0,3.0,3.0,4.0,5.0,7.0,inferred
Halton,2021-05-03,0.0,0.0,1.0,1.0,2.0,2.0,3.0,3.0,4.0,4.0,5.0,6.0,8.0,inferred
Halton,2021-05-04,0.0,0.9,1.0,1.0,2.0,2.0,3.0,3.0,4.0,4.0,4.0,6.0,8.0,inferred
Halton,2021-05-05,0.0,0.0,1.0,1.0,1.0,2.0,2.0,3.0,4.0,4.0,5.0,6.0,8.0,inferred
Halton,2021-05-06,0.0,0.0,1.0,1.0,1.0,2.0,2.0,3.0,3.0,4.0,4.0,6.0,8.0,inferred
Halton,2021-05-07,0.0,0.0,1.0,1.0,1.0,1.0,2.0,2.0,3.0,3.0,4.0,5.0,7.0,inferred
Halton,2021-05-08,0.0,0.0,0.0,0.8,1.0,1.0,2.0,2.0,2.0,3.0,3.0,4.0,6.0,inferred
Halton,2021-05-09,0.0,0.0,0.0,1.0,1.0,1.0,2.0,2.0,3.0,3.0,3.0,4.0,6.0,inferred
Halton,2021-05-10,0.0,0.0,1.0,1.0,1.0,2.0,2.0,3.0,3.0,4.0,4.0,5.0,8.0,inferred
Halton,2021-05-11,0.0,0.0,1.0,1.0,1.0,2.0,2.0,3.0,3.0,4.0,4.0,5.0,7.0,inferred
Halton,2021-05-12,0.0,0.0,1.0,1.0,1.0,2.0,2.0,3.0,3.0,3.0,4.0,5.0,7.0,inferred
Halton,2021-05-13,0.0,0.0,1.0,1.0,1.0,1.0,2.0,2.0,3.0,3.0,4.0,5.0,7.0,inferred
Halton,2021-05-14,0.0,0.0,0.0,1.0,1.0,1.0,2.0,2.0,3.0,3.0,3.0,4.0,6.0,inferred
Halton,2021-05-15,0.0,0.0,0.0,0.0,0.0,1.0,1.0,1.0,2.0,2.0,2.0,3.0,5.0,inferred
Halton,2021-05-16,0.0,0.0,0.0,0.0,0.0,1.0,1.0,2.0,2.0,2.0,3.0,4.0,5.0,inferred
Halton,2021-05-17,0.0,0.0,0.0,1.0,1.0,1.0,2.0,2.0,3.0,3.0,3.0,4.0,6.0,inferred
Halton,2021-05-18,0.0,0.0,0.0,1.0,1.0,1.0,2.0,2.0,3.0,3.0,3.0,4.0,6.0,inferred
Halton,2021-05-19,0.0,0.0,0.0,1.0,1.0,1.0,2.0,2.0,3.0,3.0,3.0,4.0,6.0,inferred
Halton,2021-05-20,0.0,0.0,0.0,1.0,1.0,1.0,2.0,2.0,2.0,3.0,3.0,4.0,7.0,inferred
Halton,2021-05-21,0.0,0.0,0.0,0.0,1.0,1.0,1.0,2.0,2.0,3.0,3.0,4.0,6.0,inferred
Halton,2021-05-22,0.0,0.0,0.0,0.0,0.0,1.0,1.0,1.0,2.0,2.0,2.0,3.0,5.0,inferred
Halton,2021-05-23,0.0,0.0,0.0,0.0,1.0,1.0,1.0,2.0,2.0,2.0,3.0,4.0,5.0,inferred
Halton,2021-05-24,0.0,0.0,0.0,1.0,1.0,1.0,2.0,2.0,3.0,3.0,3.0,4.0,7.0,inferred
Halton,2021-05-25,0.0,0.0,1.0,1.0,1.0,1.0,2.0,2.0,3.0,3.0,4.0,5.0,7.0,inferred
Halton,2021-05-26,0.0,0.0,1.0,1.0,1.0,2.0,2.0,3.0,3.0,4.0,4.0,5.0,8.0,inferred
Halton,2021-05-27,0.0,0.0,1.0,1.0,1.0,2.0,2.0,3.0,3.0,4.0,4.0,5.0,8.0,inferred
Halton,2021-05-28,0.0,0.0,1.0,1.0,1.0,2.0,2.0,3.0,3.0,4.0,4.0,6.0,8.0,inferred
Halton,2021-05-29,0.0,0.0,1.0,1.0,1.0,2.0,2.0,3.0,3.0,4.0,4.0,5.0,7.0,inferred
Halton,2021-05-30,0.0,1.0,1.0,2.0,2.0,2.0,3.0,4.0,4.0,5.0,5.0,6.0,8.0,inferred
Halton,2021-05-31,0.0,2.0,2.0,3.0,3.0,4.0,5.0,5.0,6.0,7.0,7.0,9.0,12.0,inferred
Halton,2021-06-01,1.0,2.0,3.0,4.0,4.0,5.0,5.0,6.0,7.0,8.0,8.0,10.0,13.0,inferred
Halton,2021-06-02,2.0,3.0,4.0,5.0,5.0,6.0,7.0,7.0,8.0,9.0,10.0,12.0,15.0,inferred
Halton,2021-06-03,2.0,3.0,5.0,5.0,5.0,6.0,7.0,8.0,9.0,10.0,11.0,13.0,16.0,inferred
Halton,2021-06-04,2.0,4.0,5.0,5.0,6.0,7.0,7.0,8.0,9.0,10.0,10.0,12.0,15.0,inferred
Halton,2021-06-05,2.0,3.0,4.0,5.0,5.0,6.0,7.0,8.0,8.0,9.0,10.0,11.0,14.0,inferred
Halton,2021-06-06,2.0,4.0,6.0,6.0,7.0,8.0,9.0,10.0,11.0,12.0,12.0,15.0,18.0,inferred
Halton,2021-06-07,5.0,8.0,9.0,10.0,11.0,12.0,13.0,14.0,15.0,16.0,17.0,19.0,23.0,inferred
Halton,2021-06-08,6.0,8.0,10.0,11.0,12.0,13.0,14.0,16.0,17.0,18.0,19.0,21.0,25.0,inferred
Halton,2021-06-09,7.0,10.0,12.0,13.0,13.0,15.0,16.0,17.0,19.0,20.0,21.0,23.0,28.0,inferred
Halton,2021-06-10,8.0,11.0,13.0,13.0,14.0,15.0,17.0,18.0,19.0,20.0,21.0,24.0,29.0,inferred
Halton,2021-06-11,7.0,10.0,12.0,13.0,13.7,15.0,16.0,17.0,19.0,20.0,21.0,24.0,28.0,inferred
Halton,2021-06-12,6.0,9.0,11.0,11.0,12.0,13.0,14.0,15.0,17.0,18.0,18.0,21.0,25.0,inferred
Halton,2021-06-13,9.0,12.0,14.0,15.0,15.0,17.0,18.0,20.0,21.0,22.0,23.0,26.0,31.0,inferred
Halton,2021-06-14,14.0,17.0,20.0,21.0,22.0,24.0,25.0,27.0,29.0,30.0,32.0,35.0,41.0,inferred
Halton,2021-06-15,15.0,19.0,22.0,23.0,24.0,25.0,27.0,29.0,31.0,32.0,33.0,37.0,43.0,inferred
Halton,2021-06-16,16.0,20.0,23.0,24.0,25.0,27.0,29.0,31.0,33.0,34.0,35.0,39.0,45.0,inferred
Halton,2021-06-17,17.0,20.0,23.0,24.0,25.0,27.0,29.0,31.0,33.0,34.0,35.0,39.0,46.0,inferred
Halton,2021-06-18,15.0,19.0,22.0,23.0,24.0,26.0,27.0,29.0,31.0,32.0,34.0,37.0,43.0,inferred
Hambleton,2021-03-06,1.0,2.0,3.0,3.0,4.0,4.0,5.0,5.0,6.0,7.0,7.0,8.0,10.0,inferred
Hambleton,2021-03-07,1.0,2.0,3.0,4.0,4.0,5.0,5.0,6.0,7.0,7.0,8.0,9.0,11.0,inferred
Hambleton,2021-03-08,2.0,4.0,5.0,5.0,6.0,7.0,7.0,8.0,9.0,9.0,10.0,11.0,14.0,inferred
Hambleton,2021-03-09,2.0,3.0,4.0,5.0,5.0,6.0,7.0,7.0,8.0,8.0,9.0,10.0,13.0,inferred
Hambleton,2021-03-10,2.0,3.0,4.0,5.0,5.0,6.0,6.0,7.0,8.0,8.0,9.0,10.0,13.0,inferred
Hambleton,2021-03-11,1.0,2.0,3.0,4.0,4.0,5.0,5.0,6.0,7.0,7.0,8.0,9.0,11.0,inferred
Hambleton,2021-03-12,1.0,2.0,3.0,3.0,4.0,4.0,5.0,5.0,6.0,6.0,7.0,8.0,10.5,inferred
Hambleton,2021-03-13,0.0,1.0,2.0,2.0,3.0,3.0,4.0,4.0,5.0,5.0,6.0,7.0,9.0,inferred
Hambleton,2021-03-14,1.0,2.0,2.0,3.0,3.0,3.0,4.0,4.0,5.0,6.0,6.0,7.0,9.0,inferred
Hambleton,2021-03-15,1.0,2.0,3.0,3.0,4.0,4.0,5.0,5.0,6.0,7.0,7.0,9.0,11.0,inferred
Hambleton,2021-03-16,1.0,2.0,2.0,3.0,3.0,4.0,4.0,5.0,6.0,6.0,7.0,8.0,11.0,inferred
Hambleton,2021-03-17,1.0,2.0,3.0,3.0,3.0,4.0,4.0,5.0,6.0,6.0,6.0,8.0,10.0,inferred
Hambleton,2021-03-18,1.0,1.0,2.0,2.0,3.0,3.0,4.0,4.0,5.0,5.0,6.0,7.0,9.0,inferred
Hambleton,2021-03-19,0.0,1.0,2.0,2.0,2.0,3.0,3.0,4.0,5.0,5.0,5.0,6.0,8.0,inferred
Hambleton,2021-03-20,0.0,1.0,1.0,2.0,2.0,2.0,3.0,3.0,4.0,4.0,4.0,5.0,7.0,inferred
Hambleton,2021-03-21,0.0,1.0,1.0,2.0,2.0,2.0,3.0,3.0,4.0,4.0,5.0,6.0,7.0,inferred
Hambleton,2021-03-22,0.0,1.0,2.0,2.0,3.0,3.0,4.0,4.0,5.0,5.0,6.0,7.0,9.0,inferred
Hambleton,2021-03-23,0.0,1.0,2.0,2.0,2.0,3.0,3.0,4.0,4.0,5.0,5.0,7.0,9.0,inferred
Hambleton,2021-03-24,0.0,1.0,2.0,2.0,2.0,3.0,3.0,4.0,4.0,5.0,5.0,6.0,8.5,inferred
Hambleton,2021-03-25,0.0,1.0,1.0,2.0,2.0,2.0,3.0,3.0,4.0,4.0,5.0,6.0,7.0,inferred
Hambleton,2021-03-26,0.0,1.0,1.0,1.0,2.0,2.0,3.0,3.0,4.0,4.0,4.0,5.0,7.0,inferred
Hambleton,2021-03-27,0.0,0.0,1.0,1.0,1.0,2.0,2.0,2.0,3.0,3.0,3.0,4.0,6.0,inferred
Hambleton,2021-03-28,0.0,0.0,1.0,1.0,1.0,2.0,2.0,3.0,3.0,3.0,4.0,4.0,6.0,inferred
Hambleton,2021-03-29,0.0,1.0,1.0,2.0,2.0,2.0,3.0,3.0,4.0,4.0,4.0,5.0,7.0,inferred
Hambleton,2021-03-30,0.0,0.0,1.0,1.0,1.0,2.0,2.0,3.0,3.0,4.0,4.0,5.0,7.0,inferred
Hambleton,2021-03-31,0.0,0.0,1.0,1.0,1.0,2.0,2.0,3.0,3.0,4.0,4.0,5.0,7.0,inferred
Hambleton,2021-04-01,0.0,0.0,1.0,1.0,1.0,1.0,2.0,2.0,3.0,3.0,3.0,4.0,6.0,inferred
Hambleton,2021-04-02,0.0,0.0,1.0,1.0,1.0,1.0,2.0,2.0,2.0,3.0,3.0,4.0,6.0,inferred
Hambleton,2021-04-03,0.0,0.0,0.0,0.0,1.0,1.0,1.0,1.4,2.0,2.0,2.0,3.0,5.0,inferred
Hambleton,2021-04-04,0.0,0.0,0.0,0.0,1.0,1.0,1.0,2.0,2.0,2.0,2.0,3.0,5.0,inferred
Hambleton,2021-04-05,0.0,0.0,0.0,1.0,1.0,1.0,2.0,2.0,2.0,3.0,3.0,4.0,5.0,inferred
Hambleton,2021-04-06,0.0,0.0,0.0,1.0,1.0,1.0,1.0,2.0,2.0,2.0,3.0,3.0,5.0,inferred
Hambleton,2021-04-07,0.0,0.0,0.0,1.0,1.0,1.0,1.0,2.0,2.0,2.0,3.0,3.0,5.0,inferred
Hambleton,2021-04-08,0.0,0.0,0.0,0.0,1.0,1.0,1.0,1.0,2.0,2.0,2.0,3.0,5.0,inferred
Hambleton,2021-04-09,0.0,0.0,0.0,0.0,0.0,1.0,1.0,1.0,2.0,2.0,2.0,3.0,4.0,inferred
Hambleton,2021-04-10,0.0,0.0,0.0,0.0,0.0,0.0,1.0,1.0,1.0,2.0,2.0,3.0,4.0,inferred
Hambleton,2021-04-11,0.0,0.0,0.0,0.0,0.0,1.0,1.0,1.0,2.0,2.0,2.0,3.0,4.0,inferred
Hambleton,2021-04-12,0.0,0.0,0.0,0.0,0.0,1.0,1.0,1.0,2.0,2.0,2.0,3.0,5.0,inferred
Hambleton,2021-04-13,0.0,0.0,0.0,0.0,0.0,1.0,1.0,1.0,2.0,2.0,2.0,3.0,4.0,inferred
Hambleton,2021-04-14,0.0,0.0,0.0,0.0,0.0,1.0,1.0,1.0,2.0,2.0,2.0,3.0,4.0,inferred
Hambleton,2021-04-15,0.0,0.0,0.0,0.0,0.0,1.0,1.0,1.0,2.0,2.0,2.0,3.0,4.0,inferred
Hambleton,2021-04-16,0.0,0.0,0.0,0.0,0.0,1.0,1.0,1.0,1.0,2.0,2.0,3.0,4.0,inferred
Hambleton,2021-04-17,0.0,0.0,0.0,0.0,0.0,0.0,1.0,1.0,1.0,1.0,2.0,2.0,4.0,inferred
Hambleton,2021-04-18,0.0,0.0,0.0,0.0,0.0,1.0,1.0,1.0,1.0,2.0,2.0,3.0,4.0,inferred
Hambleton,2021-04-19,0.0,0.0,0.0,0.0,0.0,1.0,1.0,1.0,2.0,2.0,2.0,3.0,4.0,inferred
Hambleton,2021-04-20,0.0,0.0,0.0,0.0,0.0,1.0,1.0,1.0,2.0,2.0,2.0,3.0,4.0,inferred
Hambleton,2021-04-21,0.0,0.0,0.0,0.0,1.0,1.0,1.0,1.0,2.0,2.0,2.0,3.0,4.0,inferred
Hambleton,2021-04-22,0.0,0.0,0.0,0.0,1.0,1.0,1.0,1.0,2.0,2.0,2.0,3.0,4.0,inferred
Hambleton,2021-04-23,0.0,0.0,0.0,0.0,1.0,1.0,1.0,1.0,2.0,2.0,2.0,3.0,4.0,inferred
Hambleton,2021-04-24,0.0,0.0,0.0,0.0,0.0,1.0,1.0,1.0,2.0,2.0,2.0,3.0,4.0,inferred
Hambleton,2021-04-25,0.0,0.0,0.0,0.0,1.0,1.0,1.0,1.0,2.0,2.0,2.0,3.0,5.0,inferred
Hambleton,2021-04-26,0.0,0.0,0.0,1.0,1.0,1.0,1.0,2.0,2.0,3.0,3.0,4.0,5.0,inferred
Hambleton,2021-04-27,0.0,0.0,0.0,1.0,1.0,1.0,1.0,2.0,2.0,3.0,3.0,4.0,5.0,inferred
Hambleton,2021-04-28,0.0,0.0,0.0,1.0,1.0,1.0,1.0,2.0,2.0,3.0,3.0,4.0,5.0,inferred
Hambleton,2021-04-29,0.0,0.0,0.0,1.0,1.0,1.0,1.0,2.0,2.0,2.0,3.0,4.0,5.0,inferred
Hambleton,2021-04-30,0.0,0.0,0.0,0.0,1.0,1.0,1.0,2.0,2.0,2.0,2.0,3.0,5.0,inferred
Hambleton,2021-05-01,0.0,0.0,0.0,0.0,0.0,1.0,1.0,1.0,2.0,2.0,2.0,3.0,4.0,inferred
Hambleton,2021-05-02,0.0,0.0,0.0,0.0,0.0,1.0,1.0,1.0,2.0,2.0,2.0,3.0,4.0,inferred
Hambleton,2021-05-03,0.0,0.0,0.0,1.0,1.0,1.0,1.0,2.0,2.0,2.0,3.0,4.0,5.0,inferred
Hambleton,2021-05-04,0.0,0.0,0.0,0.0,1.0,1.0,1.0,2.0,2.0,2.0,2.0,3.0,4.0,inferred
Hambleton,2021-05-05,0.0,0.0,0.0,0.0,1.0,1.0,1.0,2.0,2.0,2.0,2.0,3.0,5.0,inferred
Hambleton,2021-05-06,0.0,0.0,0.0,0.0,1.0,1.0,1.0,1.0,2.0,2.0,2.0,3.0,4.0,inferred
Hambleton,2021-05-07,0.0,0.0,0.0,0.0,0.0,1.0,1.0,1.0,2.0,2.0,2.0,3.0,4.0,inferred
Hambleton,2021-05-08,0.0,0.0,0.0,0.0,0.0,1.0,1.0,1.0,1.0,2.0,2.0,2.0,4.0,inferred
Hambleton,2021-05-09,0.0,0.0,0.0,0.0,0.0,1.0,1.0,1.0,1.0,2.0,2.0,3.0,4.0,inferred
Hambleton,2021-05-10,0.0,0.0,0.0,0.0,1.0,1.0,1.0,1.0,2.0,2.0,2.0,3.0,4.0,inferred
Hambleton,2021-05-11,0.0,0.0,0.0,0.0,0.0,1.0,1.0,1.0,2.0,2.0,2.0,3.0,5.0,inferred
Hambleton,2021-05-12,0.0,0.0,0.0,0.0,1.0,1.0,1.0,1.0,2.0,2.0,2.0,3.0,4.0,inferred
Hambleton,2021-05-13,0.0,0.0,0.0,0.0,0.0,1.0,1.0,1.0,2.0,2.0,2.0,3.0,4.0,inferred
Hambleton,2021-05-14,0.0,0.0,0.0,0.0,0.0,1.0,1.0,1.0,1.0,2.0,2.0,3.0,4.0,inferred
Hambleton,2021-05-15,0.0,0.0,0.0,0.0,0.0,0.0,1.0,1.0,1.0,1.0,2.0,2.0,4.0,inferred
Hambleton,2021-05-16,0.0,0.0,0.0,0.0,0.0,0.0,1.0,1.0,1.0,2.0,2.0,2.0,4.0,inferred
Hambleton,2021-05-17,0.0,0.0,0.0,0.0,0.0,1.0,1.0,1.0,2.0,2.0,2.0,3.0,4.0,inferred
Hambleton,2021-05-18,0.0,0.0,0.0,0.0,0.0,1.0,1.0,1.0,2.0,2.0,2.0,3.0,4.0,inferred
Hambleton,2021-05-19,0.0,0.0,0.0,0.0,0.0,1.0,1.0,1.0,2.0,2.0,2.0,3.0,4.0,inferred
Hambleton,2021-05-20,0.0,0.0,0.0,0.0,0.0,1.0,1.0,1.0,2.0,2.0,2.0,3.0,4.0,inferred
Hambleton,2021-05-21,0.0,0.0,0.0,0.0,0.0,1.0,1.0,1.0,2.0,2.0,2.0,3.0,4.0,inferred
Hambleton,2021-05-22,0.0,0.0,0.0,0.0,0.0,1.0,1.0,1.0,1.0,2.0,2.0,3.0,4.0,inferred
Hambleton,2021-05-23,0.0,0.0,0.0,0.0,0.0,1.0,1.0,1.0,2.0,2.0,2.0,3.0,4.0,inferred
Hambleton,2021-05-24,0.0,0.0,0.0,1.0,1.0,1.0,1.0,2.0,2.0,2.0,3.0,4.0,6.0,inferred
Hambleton,2021-05-25,0.0,0.0,0.0,1.0,1.0,1.0,2.0,2.0,2.0,3.0,3.0,4.0,5.0,inferred
Hambleton,2021-05-26,0.0,0.0,1.0,1.0,1.0,1.0,2.0,2.0,3.0,3.0,3.0,4.0,6.0,inferred
Hambleton,2021-05-27,0.0,0.0,1.0,1.0,1.0,1.0,2.0,2.0,3.0,3.0,3.0,4.0,6.0,inferred
Hambleton,2021-05-28,0.0,0.0,1.0,1.0,1.0,1.0,2.0,2.0,3.0,3.0,3.0,4.0,6.0,inferred
Hambleton,2021-05-29,0.0,0.0,1.0,1.0,1.0,1.0,2.0,2.0,2.0,3.0,3.0,4.0,5.0,inferred
Hambleton,2021-05-30,0.0,0.0,1.0,1.0,1.0,1.0,2.0,2.0,3.0,3.0,3.0,4.0,6.0,inferred
Hambleton,2021-05-31,0.0,1.0,1.0,2.0,2.0,2.0,3.0,3.0,4.0,4.0,5.0,6.0,7.0,inferred
Hambleton,2021-06-01,0.0,1.0,1.0,2.0,2.0,2.0,3.0,3.0,4.0,4.0,4.0,6.0,8.0,inferred
Hambleton,2021-06-02,0.0,1.0,2.0,2.0,2.0,3.0,3.0,4.0,4.0,5.0,5.0,6.0,8.0,inferred
Hambleton,2021-06-03,0.0,1.0,2.0,2.0,2.0,3.0,3.0,4.0,4.0,5.0,5.0,6.0,8.5,inferred
Hambleton,2021-06-04,0.0,1.0,2.0,2.0,2.0,3.0,3.0,4.0,4.0,5.0,5.0,6.0,8.0,inferred
Hambleton,2021-06-05,0.0,1.0,1.0,1.0,2.0,2.0,3.0,3.0,4.0,4.0,4.0,5.0,7.0,inferred
Hambleton,2021-06-06,0.0,1.0,1.0,2.0,2.0,2.0,3.0,3.0,4.0,4.0,5.0,6.0,8.0,inferred
Hambleton,2021-06-07,1.0,2.0,2.0,3.0,3.0,3.0,4.0,5.0,5.0,6.0,6.0,7.0,9.0,inferred
Hambleton,2021-06-08,1.0,1.0,2.0,3.0,3.0,3.0,4.0,4.0,5.0,6.0,6.0,7.0,9.0,inferred
Hambleton,2021-06-09,1.0,2.0,2.0,3.0,3.0,4.0,4.0,5.0,6.0,6.0,6.0,8.0,10.0,inferred
Hambleton,2021-06-10,1.0,2.0,2.0,3.0,3.0,4.0,4.0,5.0,5.3,6.0,6.0,8.0,10.0,inferred
Hambleton,2021-06-11,1.0,2.0,2.0,3.0,3.0,3.0,4.0,5.0,5.0,6.0,6.0,7.0,9.0,inferred
Hambleton,2021-06-12,0.0,1.0,2.0,2.0,3.0,3.0,4.0,4.0,5.0,5.0,5.0,7.0,8.0,inferred
Hambleton,2021-06-13,1.0,2.0,2.0,3.0,3.0,4.0,4.0,5.0,5.0,6.0,6.0,7.1,10.0,inferred
Hambleton,2021-06-14,1.0,3.0,4.0,4.0,4.0,5.0,6.0,6.0,7.0,8.0,8.0,10.0,12.0,inferred
Hambleton,2021-06-15,1.0,3.0,4.0,4.0,4.0,5.0,6.0,6.0,7.0,8.0,8.0,10.0,12.0,inferred
Hambleton,2021-06-16,2.0,3.0,4.0,5.0,5.0,6.0,7.0,7.0,8.0,9.0,9.0,11.0,14.0,inferred
Hambleton,2021-06-17,2.0,3.0,4.0,5.0,5.0,6.0,7.0,7.0,8.0,9.0,9.0,11.0,13.0,inferred
Hambleton,2021-06-18,2.0,3.0,4.0,5.0,5.0,6.0,6.0,7.0,8.0,9.0,9.0,11.0,14.0,inferred
Hammersmith and Fulham,2021-03-06,2.0,4.0,5.0,6.0,6.0,7.0,8.0,8.0,9.0,10.0,11.0,13.0,16.0,inferred
Hammersmith and Fulham,2021-03-07,3.0,5.0,6.0,7.0,7.0,8.0,9.0,10.0,10.0,11.0,12.0,13.0,16.0,inferred
Hammersmith and Fulham,2021-03-08,4.0,7.0,8.0,9.0,9.0,10.0,11.0,12.0,13.0,14.0,14.0,17.0,20.0,inferred
Hammersmith and Fulham,2021-03-09,4.0,6.0,8.0,8.0,9.0,10.0,11.0,12.0,13.0,13.0,14.0,16.0,21.0,inferred
Hammersmith and Fulham,2021-03-10,4.0,6.0,8.0,8.0,9.0,10.0,11.0,12.0,13.0,13.0,14.0,16.0,20.0,inferred
Hammersmith and Fulham,2021-03-11,3.0,5.0,7.0,7.0,8.0,9.0,10.0,11.0,12.0,12.0,13.0,15.0,19.0,inferred
Hammersmith and Fulham,2021-03-12,3.0,4.0,6.0,6.0,7.0,8.0,9.0,9.0,11.0,11.0,12.0,14.0,16.5,inferred
Hammersmith and Fulham,2021-03-13,2.0,3.0,5.0,5.0,5.0,6.0,7.0,8.0,9.0,9.0,10.0,12.0,15.0,inferred
Hammersmith and Fulham,2021-03-14,2.0,4.0,5.0,6.0,6.0,7.0,8.0,9.0,10.0,10.0,11.0,13.0,15.0,inferred
Hammersmith and Fulham,2021-03-15,4.0,6.0,7.0,7.0,8.0,9.0,10.0,11.0,12.0,13.0,14.0,16.0,20.0,inferred
Hammersmith and Fulham,2021-03-16,3.5,6.0,7.0,8.0,8.0,9.0,10.0,11.0,12.0,13.0,14.0,16.0,20.0,inferred
Hammersmith and Fulham,2021-03-17,4.0,6.0,7.0,8.0,8.0,9.0,10.0,11.0,13.0,13.0,14.0,16.0,19.0,inferred
Hammersmith and Fulham,2021-03-18,4.0,5.0,7.0,7.0,8.0,9.0,10.0,11.0,12.0,12.0,13.0,15.0,18.5,inferred
Hammersmith and Fulham,2021-03-19,3.0,5.0,6.0,7.0,7.0,8.0,9.0,10.0,11.0,12.0,12.0,14.0,17.0,inferred
Hammersmith and Fulham,2021-03-20,2.0,4.0,5.0,5.0,6.0,7.0,7.0,8.0,9.0,10.0,10.0,12.0,16.0,inferred
Hammersmith and Fulham,2021-03-21,3.0,5.0,6.0,6.0,7.0,8.0,9.0,10.0,11.0,11.0,12.0,14.0,18.0,inferred
Hammersmith and Fulham,2021-03-22,5.0,7.0,8.0,9.0,10.0,11.0,12.0,13.0,14.0,15.0,15.0,18.0,21.0,inferred
Hammersmith and Fulham,2021-03-23,4.0,7.0,8.0,9.0,9.0,10.0,12.0,12.0,14.0,14.0,15.0,17.0,21.0,inferred
Hammersmith and Fulham,2021-03-24,4.0,6.0,8.0,9.0,9.0,10.0,11.0,12.0,13.0,14.0,15.0,17.0,21.0,inferred
Hammersmith and Fulham,2021-03-25,4.0,6.0,7.0,8.0,8.0,9.0,10.0,11.0,12.0,13.0,14.0,16.0,19.0,inferred
Hammersmith and Fulham,2021-03-26,3.0,5.0,6.0,7.0,7.0,8.0,9.0,10.0,11.0,11.0,12.0,14.0,17.0,inferred
Hammersmith and Fulham,2021-03-27,2.0,3.0,4.0,5.0,5.0,6.0,7.0,7.0,8.0,9.0,10.0,11.0,14.0,inferred
Hammersmith and Fulham,2021-03-28,2.0,3.0,5.0,5.0,5.0,6.0,7.0,8.0,9.0,9.0,10.0,12.0,14.0,inferred
Hammersmith and Fulham,2021-03-29,3.0,5.0,6.0,6.0,7.0,8.0,9.0,10.0,11.0,11.0,12.0,14.0,18.0,inferred
Hammersmith and Fulham,2021-03-30,2.0,4.0,5.0,6.0,6.0,7.0,8.0,9.0,10.0,10.0,11.0,13.0,16.0,inferred
Hammersmith and Fulham,2021-03-31,2.0,4.0,5.0,6.0,6.0,7.0,8.0,9.0,10.0,10.0,11.0,13.0,16.0,inferred
Hammersmith and Fulham,2021-04-01,2.0,3.0,4.0,5.0,5.0,6.0,7.0,8.0,9.0,9.0,10.0,11.0,15.0,inferred
Hammersmith and Fulham,2021-04-02,1.0,2.0,3.0,4.0,4.0,5.0,6.0,7.0,7.0,8.0,9.0,10.0,13.0,inferred
Hammersmith and Fulham,2021-04-03,1.0,2.0,2.0,3.0,3.0,4.0,4.0,5.0,6.0,6.0,7.0,8.0,10.5,inferred
Hammersmith and Fulham,2021-04-04,1.0,2.0,3.0,3.0,4.0,4.0,5.0,6.0,7.0,7.0,8.0,9.0,12.0,inferred
Hammersmith and Fulham,2021-04-05,1.0,3.0,4.0,4.0,5.0,6.0,6.0,7.0,8.0,9.0,9.0,11.0,14.0,inferred
Hammersmith and Fulham,2021-04-06,2.0,3.0,4.0,4.0,5.0,6.0,6.0,7.0,8.0,9.0,9.0,11.0,14.0,inferred
Hammersmith and Fulham,2021-04-07,2.0,3.0,4.0,5.0,5.0,6.0,7.0,7.0,8.0,9.0,9.0,11.0,14.0,inferred
Hammersmith and Fulham,2021-04-08,2.0,3.0,4.0,4.0,5.0,6.0,6.0,7.0,8.0,9.0,9.0,11.0,14.0,inferred
Hammersmith and Fulham,2021-04-09,1.0,3.0,3.0,4.0,4.0,5.0,6.0,7.0,8.0,8.0,9.0,11.0,14.0,inferred
Hammersmith and Fulham,2021-04-10,1.0,2.0,3.0,3.0,4.0,4.0,5.0,6.0,7.0,7.0,8.0,9.0,12.0,inferred
Hammersmith and Fulham,2021-04-11,1.0,2.0,4.0,4.0,4.0,5.0,6.0,6.0,7.0,8.0,8.0,10.0,13.0,inferred
Hammersmith and Fulham,2021-04-12,2.0,4.0,5.0,6.0,6.0,7.0,8.0,9.0,10.0,11.0,11.0,13.0,16.0,inferred
Hammersmith and Fulham,2021-04-13,2.0,4.0,5.0,5.0,6.0,7.0,8.0,9.0,10.0,10.0,11.0,13.0,16.0,inferred
Hammersmith and Fulham,2021-04-14,2.0,4.0,5.0,6.0,6.0,7.0,8.0,9.0,10.0,11.0,11.0,13.0,16.0,inferred
Hammersmith and Fulham,2021-04-15,2.0,4.0,5.0,6.0,6.0,7.0,8.0,9.0,10.0,10.0,11.0,13.0,16.0,inferred
Hammersmith and Fulham,2021-04-16,2.0,3.0,4.0,5.0,5.0,6.0,7.0,8.0,9.0,9.0,10.0,11.0,14.0,inferred
Hammersmith and Fulham,2021-04-17,1.0,2.0,4.0,4.0,4.0,5.0,6.0,6.4,7.0,8.0,8.0,10.0,12.0,inferred
Hammersmith and Fulham,2021-04-18,2.0,3.0,4.0,5.0,5.0,6.0,7.0,7.0,8.0,9.0,10.0,11.0,14.0,inferred
Hammersmith and Fulham,2021-04-19,3.0,4.0,6.0,6.0,7.0,8.0,8.0,9.0,11.0,11.0,12.0,14.0,17.0,inferred
Hammersmith and Fulham,2021-04-20,2.0,4.0,5.0,6.0,6.0,7.0,8.0,9.0,10.0,11.0,11.0,13.0,16.5,inferred
Hammersmith and Fulham,2021-04-21,2.0,4.0,5.0,6.0,6.0,7.0,8.0,9.0,10.0,11.0,11.0,13.0,16.0,inferred
Hammersmith and Fulham,2021-04-22,2.0,3.0,4.0,5.0,5.0,6.0,7.0,8.0,9.0,10.0,10.0,12.0,15.0,inferred
Hammersmith and Fulham,2021-04-23,1.0,3.0,4.0,4.0,4.7,5.0,6.0,7.0,8.0,8.0,9.0,11.0,14.0,inferred
Hammersmith and Fulham,2021-04-24,1.0,2.0,3.0,3.0,4.0,4.0,5.0,5.0,6.0,7.0,7.0,9.0,11.0,inferred
Hammersmith and Fulham,2021-04-25,1.0,2.0,3.0,4.0,4.0,5.0,5.0,6.0,7.0,8.0,8.0,9.0,12.0,inferred
Hammersmith and Fulham,2021-04-26,2.0,3.0,4.0,5.0,5.0,6.0,7.0,8.0,8.0,9.0,10.0,11.0,14.0,inferred
Hammersmith and Fulham,2021-04-27,2.0,3.0,4.0,4.0,5.0,6.0,6.0,7.0,8.0,9.0,9.0,11.0,14.0,inferred
Hammersmith and Fulham,2021-04-28,1.0,3.0,4.0,4.0,5.0,5.0,6.0,7.0,8.0,8.0,9.0,11.0,14.0,inferred
Hammersmith and Fulham,2021-04-29,1.0,2.0,3.0,4.0,4.0,5.0,6.0,6.0,7.0,8.0,8.0,10.0,13.0,inferred
Hammersmith and Fulham,2021-04-30,1.0,2.0,3.0,3.0,3.0,4.0,5.0,5.0,6.0,7.0,7.0,8.1,11.5,inferred
Hammersmith and Fulham,2021-05-01,0.0,1.0,2.0,2.0,3.0,3.0,4.0,4.0,5.0,5.0,6.0,7.0,10.0,inferred
Hammersmith and Fulham,2021-05-02,1.0,1.0,2.0,2.0,3.0,3.0,4.0,5.0,5.0,6.0,6.0,8.0,10.0,inferred
Hammersmith and Fulham,2021-05-03,1.0,2.0,3.0,3.0,4.0,4.0,5.0,6.0,7.0,7.0,8.0,10.0,12.0,inferred
Hammersmith and Fulham,2021-05-04,1.0,2.0,3.0,3.0,4.0,4.0,5.0,6.0,6.0,7.0,7.0,9.0,12.0,inferred
Hammersmith and Fulham,2021-05-05,1.0,2.0,3.0,3.0,4.0,4.0,5.0,6.0,6.0,7.0,8.0,9.0,12.0,inferred
Hammersmith and Fulham,2021-05-06,1.0,2.0,3.0,3.0,3.0,4.0,5.0,5.0,6.0,7.0,7.0,9.0,12.0,inferred
Hammersmith and Fulham,2021-05-07,0.0,1.0,2.0,3.0,3.0,4.0,4.0,5.0,6.0,6.0,7.0,8.0,10.5,inferred
Hammersmith and Fulham,2021-05-08,0.0,1.0,2.0,2.0,2.0,3.0,3.0,4.0,5.0,5.0,6.0,7.0,9.0,inferred
Hammersmith and Fulham,2021-05-09,0.0,1.0,2.0,2.0,3.0,3.0,4.0,5.0,5.0,6.0,6.0,8.0,10.0,inferred
Hammersmith and Fulham,2021-05-10,1.0,2.0,3.0,3.0,4.0,5.0,5.0,6.0,7.0,7.0,8.0,10.0,12.0,inferred
Hammersmith and Fulham,2021-05-11,1.0,2.0,3.0,4.0,4.0,5.0,6.0,6.0,7.0,8.0,8.0,10.0,13.0,inferred
Hammersmith and Fulham,2021-05-12,1.0,2.0,3.0,4.0,4.0,5.0,6.0,6.0,7.0,8.0,8.0,10.0,13.0,inferred
Hammersmith and Fulham,2021-05-13,1.0,2.0,3.0,4.0,4.0,5.0,5.0,6.0,7.0,7.2,8.0,10.0,12.0,inferred
Hammersmith and Fulham,2021-05-14,1.0,2.0,3.0,3.0,4.0,4.0,5.0,5.4,6.0,7.0,7.0,9.0,12.0,inferred
Hammersmith and Fulham,2021-05-15,0.0,1.0,2.0,2.0,3.0,3.0,4.0,4.0,5.0,6.0,6.0,7.0,10.0,inferred
Hammersmith and Fulham,2021-05-16,0.0,2.0,3.0,3.0,3.0,4.0,4.0,5.0,6.0,6.0,7.0,8.0,10.5,inferred
Hammersmith and Fulham,2021-05-17,1.0,3.0,4.0,4.0,4.0,5.0,6.0,7.0,7.3,8.0,9.0,10.0,13.0,inferred
Hammersmith and Fulham,2021-05-18,1.0,3.0,4.0,4.0,4.0,5.0,6.0,7.0,8.0,8.0,9.0,10.0,13.0,inferred
Hammersmith and Fulham,2021-05-19,2.0,3.0,4.0,4.0,5.0,5.0,6.0,7.0,8.0,8.0,9.0,11.0,13.0,inferred
Hammersmith and Fulham,2021-05-20,1.0,3.0,4.0,4.0,5.0,5.0,6.0,7.0,8.0,8.0,9.0,10.0,13.0,inferred
Hammersmith and Fulham,2021-05-21,1.0,2.0,3.0,4.0,4.0,5.0,6.0,6.0,7.0,8.0,8.0,10.0,13.0,inferred
Hammersmith and Fulham,2021-05-22,1.0,2.0,3.0,3.0,4.0,4.0,5.0,5.0,6.0,7.0,7.0,9.0,11.0,inferred
Hammersmith and Fulham,2021-05-23,1.0,2.0,3.0,4.0,4.0,5.0,6.0,7.0,7.0,8.0,8.0,10.0,13.0,inferred
Hammersmith and Fulham,2021-05-24,2.0,4.0,5.0,6.0,6.0,7.0,8.0,9.0,10.0,10.0,11.0,13.0,16.0,inferred
Hammersmith and Fulham,2021-05-25,2.0,4.0,5.0,6.0,6.0,7.0,8.0,9.0,10.0,11.0,11.0,14.0,17.0,inferred
Hammersmith and Fulham,2021-05-26,3.0,5.0,6.0,7.0,7.0,8.0,9.0,10.0,11.0,12.0,13.0,15.0,18.0,inferred
Hammersmith and Fulham,2021-05-27,3.0,5.0,6.0,7.0,7.0,8.0,9.0,10.0,11.0,12.0,12.0,14.0,17.0,inferred
Hammersmith and Fulham,2021-05-28,3.0,5.0,6.0,7.0,7.0,8.0,9.0,10.0,11.0,11.0,12.0,14.0,17.0,inferred
Hammersmith and Fulham,2021-05-29,2.0,4.0,5.0,6.0,6.0,7.0,8.0,9.0,10.0,11.0,11.0,13.0,16.0,inferred
Hammersmith and Fulham,2021-05-30,4.0,6.0,7.0,8.0,8.0,9.0,10.0,11.0,12.0,13.0,14.0,16.0,19.0,inferred
Hammersmith and Fulham,2021-05-31,6.0,9.0,10.0,11.0,12.0,13.0,14.0,16.0,17.0,18.0,19.0,21.0,25.0,inferred
Hammersmith and Fulham,2021-06-01,7.0,10.0,12.0,13.0,13.0,14.0,16.0,17.0,19.0,19.0,20.0,23.0,27.0,inferred
Hammersmith and Fulham,2021-06-02,9.0,12.0,14.0,14.0,15.0,17.0,18.0,19.0,21.0,21.0,22.0,25.0,29.0,inferred
Hammersmith and Fulham,2021-06-03,9.5,12.0,14.0,15.0,16.0,17.0,18.0,20.0,21.0,22.0,23.0,26.0,30.0,inferred
Hammersmith and Fulham,2021-06-04,9.0,12.0,14.0,14.0,15.0,17.0,18.0,19.0,21.0,22.0,23.0,25.1,30.0,inferred
Hammersmith and Fulham,2021-06-05,8.0,10.0,12.0,13.0,14.0,15.0,16.0,18.0,19.0,20.0,21.0,23.0,27.0,inferred
Hammersmith and Fulham,2021-06-06,11.0,14.0,16.0,17.0,17.0,19.0,20.0,21.0,23.0,24.0,25.0,28.0,32.0,inferred
Hammersmith and Fulham,2021-06-07,16.0,20.0,23.0,24.0,25.0,27.0,28.0,30.0,32.0,33.0,34.0,37.0,42.5,inferred
Hammersmith and Fulham,2021-06-08,18.0,22.0,24.0,25.0,26.0,28.0,30.0,32.0,34.0,35.0,36.0,39.0,44.5,inferred
Hammersmith and Fulham,2021-06-09,18.0,22.0,25.0,27.0,28.0,29.0,31.0,33.0,35.0,36.0,37.0,41.0,46.0,inferred
Hammersmith and Fulham,2021-06-10,17.0,21.9,24.0,25.0,26.0,28.0,30.0,31.0,33.0,35.0,36.0,40.0,45.0,inferred
Hammersmith and Fulham,2021-06-11,16.0,19.0,22.0,23.0,24.0,25.0,27.0,29.0,30.0,31.0,32.0,35.0,40.5,inferred
Hammersmith and Fulham,2021-06-12,13.0,16.0,18.0,19.0,20.0,22.0,23.0,25.0,26.0,27.0,28.0,31.0,35.0,inferred
Hammersmith and Fulham,2021-06-13,16.0,19.0,22.0,23.0,23.0,25.0,27.0,28.0,30.0,31.0,33.0,36.0,40.5,inferred
Hammersmith and Fulham,2021-06-14,22.0,26.0,29.0,30.0,31.0,33.0,35.0,37.0,39.0,40.0,42.0,45.0,52.0,inferred
Hammersmith and Fulham,2021-06-15,23.0,27.0,30.0,31.0,32.0,34.0,36.0,38.0,40.0,41.0,43.0,47.0,53.0,inferred
Hammersmith and Fulham,2021-06-16,23.0,28.0,31.0,32.0,33.0,35.0,37.0,39.0,41.0,43.0,44.0,48.0,53.0,inferred
Hammersmith and Fulham,2021-06-17,22.0,26.0,29.0,30.0,32.0,33.0,35.0,37.0,40.0,41.0,42.0,46.0,52.0,inferred
Hammersmith and Fulham,2021-06-18,19.0,23.0,26.0,27.0,28.0,30.0,32.0,34.0,36.0,37.0,38.0,42.0,48.0,inferred
Harborough,2021-03-06,1.0,3.0,4.0,4.0,5.0,5.0,6.0,7.0,8.0,8.0,9.0,10.0,13.0,inferred
Harborough,2021-03-07,2.0,4.0,5.0,5.0,6.0,6.0,7.0,8.0,9.0,9.0,10.0,12.0,15.0,inferred
Harborough,2021-03-08,3.0,5.0,7.0,7.0,8.0,9.0,10.0,10.0,11.0,12.0,13.0,14.0,18.0,inferred
Harborough,2021-03-09,3.0,5.0,6.0,7.0,7.0,8.0,9.0,10.0,11.0,12.0,12.0,14.0,17.0,inferred
Harborough,2021-03-10,3.0,5.0,7.0,7.0,8.0,9.0,9.0,10.0,11.0,12.0,13.0,14.1,18.0,inferred
Harborough,2021-03-11,3.0,5.0,6.0,6.0,7.0,8.0,8.0,9.0,10.0,11.0,12.0,13.0,16.0,inferred
Harborough,2021-03-12,2.0,4.0,5.0,5.0,6.0,7.0,8.0,8.0,9.0,10.0,10.0,12.0,15.0,inferred
Harborough,2021-03-13,1.0,2.0,3.0,4.0,4.0,5.0,6.0,6.0,7.0,8.0,8.0,10.0,12.0,inferred
Harborough,2021-03-14,2.0,3.0,4.0,5.0,5.0,6.0,7.0,8.0,9.0,9.0,10.0,11.0,14.0,inferred
Harborough,2021-03-15,3.0,5.0,6.0,6.0,7.0,8.0,8.0,9.0,10.0,11.0,12.0,13.0,17.0,inferred
Harborough,2021-03-16,2.0,4.0,5.0,6.0,6.0,7.0,8.0,9.0,10.0,10.0,11.0,13.0,16.0,inferred
Harborough,2021-03-17,2.0,4.0,5.0,6.0,6.0,7.0,8.0,9.0,10.0,11.0,11.0,13.0,17.0,inferred
Harborough,2021-03-18,2.0,3.0,5.0,5.0,6.0,6.0,7.0,8.0,9.0,9.0,10.0,12.0,14.0,inferred
Harborough,2021-03-19,2.0,3.0,4.0,4.0,5.0,6.0,6.0,7.0,8.0,9.0,9.0,11.0,14.0,inferred
Harborough,2021-03-20,1.0,2.0,3.0,3.0,3.0,4.0,5.0,5.0,6.0,7.0,7.0,9.0,11.0,inferred
Harborough,2021-03-21,1.0,2.0,3.0,4.0,4.0,5.0,5.0,6.0,7.0,8.0,8.0,10.0,13.0,inferred
Harborough,2021-03-22,2.0,3.0,4.0,5.0,5.0,6.0,7.0,8.0,9.0,9.0,10.0,11.0,14.0,inferred
Harborough,2021-03-23,1.0,3.0,4.0,4.0,5.0,6.0,6.0,7.0,8.0,9.0,9.0,11.0,13.0,inferred
Harborough,2021-03-24,2.0,3.0,4.0,4.0,5.0,5.0,6.0,7.0,8.0,8.0,9.0,10.0,13.0,inferred
Harborough,2021-03-25,1.0,2.0,3.0,3.0,4.0,4.0,5.0,6.0,7.0,7.0,8.0,9.0,11.0,inferred
Harborough,2021-03-26,1.0,2.0,2.0,3.0,3.0,4.0,4.0,5.0,6.0,6.0,6.0,8.0,11.0,inferred
Harborough,2021-03-27,0.0,1.0,1.0,2.0,2.0,2.0,3.0,3.0,4.0,5.0,5.0,6.0,8.0,inferred
Harborough,2021-03-28,0.0,1.0,2.0,2.0,2.0,3.0,3.0,4.0,5.0,5.0,5.0,7.0,9.0,inferred
Harborough,2021-03-29,1.0,1.0,2.0,2.0,3.0,3.0,4.0,5.0,5.0,6.0,6.0,7.0,9.0,inferred
Harborough,2021-03-30,0.0,1.0,2.0,2.0,2.0,3.0,4.0,4.0,5.0,5.0,6.0,7.0,10.0,inferred
Harborough,2021-03-31,0.0,1.0,2.0,2.0,2.0,3.0,4.0,4.0,5.0,5.0,6.0,7.0,9.0,inferred
Harborough,2021-04-01,0.0,1.0,1.0,2.0,2.0,2.0,3.0,3.0,4.0,5.0,5.0,6.0,8.0,inferred
Harborough,2021-04-02,0.0,1.0,1.0,2.0,2.0,2.0,3.0,3.0,4.0,4.0,4.0,6.0,8.0,inferred
Harborough,2021-04-03,0.0,0.0,1.0,1.0,1.0,2.0,2.0,2.0,3.0,3.0,4.0,5.0,6.0,inferred
Harborough,2021-04-04,0.0,0.0,1.0,1.0,1.0,2.0,2.0,3.0,3.0,4.0,4.0,5.0,7.0,inferred
Harborough,2021-04-05,0.0,1.0,1.0,2.0,2.0,2.0,3.0,3.0,4.0,4.0,5.0,6.0,8.0,inferred
Harborough,2021-04-06,0.0,1.0,1.0,1.0,2.0,2.0,3.0,3.0,4.0,4.0,5.0,6.0,8.0,inferred
Harborough,2021-04-07,0.0,1.0,1.0,2.0,2.0,2.0,3.0,3.0,4.0,4.0,5.0,6.0,8.0,inferred
Harborough,2021-04-08,0.0,0.0,1.0,1.0,2.0,2.0,3.0,3.0,4.0,4.0,4.0,5.0,8.0,inferred
Harborough,2021-04-09,0.0,0.0,1.0,1.0,1.0,2.0,2.0,3.0,3.0,4.0,4.0,5.0,7.0,inferred
Harborough,2021-04-10,0.0,0.0,1.0,1.0,1.0,1.0,2.0,2.0,3.0,3.0,3.0,4.0,6.0,inferred
Harborough,2021-04-11,0.0,0.0,1.0,1.0,1.0,2.0,2.0,3.0,3.0,3.0,4.0,5.0,7.0,inferred
Harborough,2021-04-12,0.0,1.0,1.0,1.0,2.0,2.0,3.0,3.0,4.0,4.0,5.0,6.0,8.0,inferred
Harborough,2021-04-13,0.0,1.0,1.0,2.0,2.0,2.0,3.0,4.0,4.0,4.0,5.0,6.0,8.0,inferred
Harborough,2021-04-14,0.0,1.0,1.0,2.0,2.0,2.0,3.0,4.0,4.0,5.0,5.0,6.0,8.0,inferred
Harborough,2021-04-15,0.0,1.0,1.0,2.0,2.0,2.0,3.0,3.0,4.0,4.0,5.0,6.0,8.0,inferred
Harborough,2021-04-16,0.0,0.9,1.0,1.0,2.0,2.0,3.0,3.0,4.0,4.0,5.0,6.0,8.0,inferred
Harborough,2021-04-17,0.0,0.0,1.0,1.0,1.0,2.0,2.0,3.0,3.0,3.0,4.0,5.0,7.0,inferred
Harborough,2021-04-18,0.0,1.0,1.0,1.0,2.0,2.0,3.0,3.0,4.0,4.0,4.0,5.0,7.0,inferred
Harborough,2021-04-19,0.0,1.0,2.0,2.0,2.0,3.0,3.0,4.0,4.0,5.0,5.0,7.0,9.0,inferred
Harborough,2021-04-20,0.0,1.0,2.0,2.0,2.0,3.0,3.0,4.0,4.0,5.0,5.0,6.0,9.0,inferred
Harborough,2021-04-21,0.0,1.0,2.0,2.0,2.0,3.0,3.0,4.0,5.0,5.0,5.0,7.0,9.0,inferred
Harborough,2021-04-22,0.0,1.0,1.0,2.0,2.0,2.0,3.0,4.0,4.0,4.0,5.0,6.0,8.5,inferred
Harborough,2021-04-23,0.0,1.0,1.0,1.0,2.0,2.0,3.0,3.0,4.0,4.0,5.0,6.0,8.0,inferred
Harborough,2021-04-24,0.0,0.0,1.0,1.0,1.0,2.0,2.0,3.0,3.0,3.0,4.0,5.0,7.0,inferred
Harborough,2021-04-25,0.0,0.0,1.0,1.0,1.0,2.0,2.0,3.0,3.0,4.0,4.0,5.0,7.0,inferred
Harborough,2021-04-26,0.0,1.0,2.0,2.0,2.0,3.0,3.0,4.0,4.0,5.0,5.0,6.0,9.0,inferred
Harborough,2021-04-27,0.0,1.0,1.0,2.0,2.0,3.0,3.0,4.0,4.0,5.0,5.0,6.0,9.0,inferred
Harborough,2021-04-28,0.0,1.0,2.0,2.0,2.0,3.0,3.0,4.0,5.0,5.0,5.0,6.0,9.0,inferred
Harborough,2021-04-29,0.0,1.0,1.0,2.0,2.0,2.0,3.0,4.0,4.0,5.0,5.0,7.0,9.0,inferred
Harborough,2021-04-30,0.0,1.0,1.0,2.0,2.0,2.0,3.0,3.0,4.0,4.0,5.0,6.0,8.0,inferred
Harborough,2021-05-01,0.0,0.0,1.0,1.0,1.0,2.0,2.0,3.0,3.0,4.0,4.0,5.0,7.0,inferred
Harborough,2021-05-02,0.0,1.0,1.0,2.0,2.0,2.0,3.0,3.0,4.0,4.0,5.0,6.0,8.0,inferred
Harborough,2021-05-03,0.0,1.0,2.0,2.0,3.0,3.0,4.0,4.0,5.0,5.0,6.0,7.0,10.0,inferred
Harborough,2021-05-04,0.0,1.0,2.0,2.0,2.0,3.0,4.0,4.0,5.0,5.0,6.0,7.0,9.0,inferred
Harborough,2021-05-05,0.0,1.0,2.0,2.0,3.0,3.0,4.0,4.0,5.0,6.0,6.0,7.0,9.5,inferred
Harborough,2021-05-06,0.0,1.0,2.0,2.0,2.0,3.0,3.0,4.0,5.0,5.0,6.0,7.0,9.0,inferred
Harborough,2021-05-07,0.0,1.0,1.0,2.0,2.0,2.0,3.0,3.0,4.0,4.0,5.0,6.0,8.0,inferred
Harborough,2021-05-08,0.0,0.0,1.0,1.0,1.0,2.0,2.0,3.0,3.0,4.0,4.0,5.0,7.0,inferred
Harborough,2021-05-09,0.0,1.0,1.0,1.0,2.0,2.0,3.0,3.0,4.0,4.0,4.0,6.0,8.0,inferred
Harborough,2021-05-10,0.0,1.0,2.0,2.0,2.0,3.0,3.0,4.0,4.0,5.0,5.0,7.0,9.0,inferred
Harborough,2021-05-11,0.0,1.0,1.0,2.0,2.0,3.0,3.0,4.0,4.0,5.0,5.0,6.0,8.0,inferred
Harborough,2021-05-12,0.0,1.0,2.0,2.0,2.0,3.0,3.0,4.0,4.0,5.0,5.0,7.0,8.0,inferred
Harborough,2021-05-13,0.0,1.0,1.0,1.0,2.0,2.0,3.0,3.0,4.0,4.0,5.0,6.0,7.0,inferred
Harborough,2021-05-14,0.0,0.0,1.0,1.0,1.0,2.0,2.0,3.0,3.0,4.0,4.0,5.0,7.0,inferred
Harborough,2021-05-15,0.0,0.0,1.0,1.0,1.0,1.0,2.0,2.0,3.0,3.0,3.0,4.0,6.0,inferred
Harborough,2021-05-16,0.0,0.0,1.0,1.0,1.0,1.0,2.0,2.0,3.0,3.0,4.0,5.0,6.0,inferred
Harborough,2021-05-17,0.0,0.0,1.0,1.0,1.0,2.0,2.0,3.0,3.0,4.0,4.0,5.0,7.0,inferred
Harborough,2021-05-18,0.0,0.0,1.0,1.0,1.0,2.0,2.0,3.0,3.0,3.0,4.0,5.0,7.0,inferred
Harborough,2021-05-19,0.0,0.0,1.0,1.0,1.0,2.0,2.0,3.0,3.0,4.0,4.0,5.0,7.0,inferred
Harborough,2021-05-20,0.0,0.0,1.0,1.0,1.0,2.0,2.0,3.0,3.0,3.0,4.0,5.0,7.0,inferred
Harborough,2021-05-21,0.0,0.0,1.0,1.0,1.0,1.0,2.0,2.0,3.0,3.0,3.2,5.0,6.0,inferred
Harborough,2021-05-22,0.0,0.0,0.0,1.0,1.0,1.0,1.0,2.0,2.0,3.0,3.0,4.0,5.0,inferred
Harborough,2021-05-23,0.0,0.0,1.0,1.0,1.0,1.0,2.0,2.0,3.0,3.0,3.0,4.0,6.0,inferred
Harborough,2021-05-24,0.0,0.0,1.0,1.0,1.0,2.0,2.0,3.0,3.0,4.0,4.0,5.0,7.5,inferred
Harborough,2021-05-25,0.0,0.0,1.0,1.0,1.0,2.0,2.0,3.0,4.0,4.0,4.0,5.0,7.0,inferred
Harborough,2021-05-26,0.0,1.0,1.0,2.0,2.0,2.0,3.0,3.0,4.0,4.0,5.0,6.0,8.5,inferred
Harborough,2021-05-27,0.0,1.0,1.0,2.0,2.0,2.0,3.0,3.0,4.0,4.2,5.0,6.0,8.0,inferred
Harborough,2021-05-28,0.0,1.0,1.0,1.0,2.0,2.0,3.0,3.0,4.0,4.0,5.0,6.0,8.0,inferred
Harborough,2021-05-29,0.0,0.0,1.0,1.0,1.0,2.0,2.0,3.0,3.0,4.0,4.0,5.0,7.0,inferred
Harborough,2021-05-30,0.0,1.0,1.0,2.0,2.0,3.0,3.0,4.0,4.0,5.0,5.0,6.0,8.0,inferred
Harborough,2021-05-31,1.0,1.0,2.0,3.0,3.0,4.0,4.0,5.0,6.0,6.0,7.0,8.0,10.0,inferred
Harborough,2021-06-01,1.0,2.0,2.0,3.0,3.0,4.0,4.0,5.0,6.0,6.0,7.0,8.0,11.0,inferred
Harborough,2021-06-02,1.0,2.0,3.0,4.0,4.0,5.0,5.0,6.0,7.0,7.0,8.0,9.0,12.0,inferred
Harborough,2021-06-03,1.0,2.0,3.0,3.0,4.0,4.0,5.0,6.0,7.0,7.0,8.0,9.0,12.0,inferred
Harborough,2021-06-04,1.0,2.0,3.0,3.0,4.0,4.0,5.0,6.0,7.0,7.0,8.0,9.0,12.0,inferred
Harborough,2021-06-05,1.0,2.0,3.0,3.0,3.0,4.0,4.0,5.0,6.0,6.0,7.0,8.0,11.0,inferred
Harborough,2021-06-06,1.0,2.0,3.0,4.0,4.0,5.0,6.0,6.0,7.0,8.0,8.0,10.0,12.0,inferred
Harborough,2021-06-07,2.0,4.0,5.0,6.0,6.0,7.0,8.0,9.0,10.0,10.0,11.0,13.0,16.0,inferred
Harborough,2021-06-08,3.0,4.0,6.0,6.0,7.0,8.0,9.0,9.0,10.0,11.0,12.0,13.0,16.0,inferred
Harborough,2021-06-09,3.0,5.0,7.0,7.0,8.0,9.0,10.0,11.0,12.0,12.0,13.0,15.0,19.0,inferred
Harborough,2021-06-10,4.0,6.0,7.0,8.0,8.0,9.0,10.0,11.0,12.0,13.0,13.0,15.0,19.0,inferred
Harborough,2021-06-11,3.0,6.0,7.0,8.0,8.0,9.0,10.0,11.0,12.0,13.0,14.0,16.0,19.0,inferred
Harborough,2021-06-12,3.0,5.0,6.0,7.0,7.0,8.0,9.0,10.0,11.0,12.0,13.0,14.0,18.0,inferred
Harborough,2021-06-13,5.0,7.0,9.0,9.0,10.0,11.0,12.0,13.0,14.0,15.0,16.0,19.0,23.0,inferred
Harborough,2021-06-14,8.0,11.0,13.0,14.0,14.0,16.0,17.0,18.0,20.0,20.0,21.0,24.0,29.0,inferred
Harborough,2021-06-15,9.0,12.0,14.0,15.0,16.0,17.0,18.0,20.0,21.0,22.0,23.0,26.0,31.0,inferred
Harborough,2021-06-16,10.0,14.0,16.0,17.0,18.0,20.0,21.0,23.0,25.0,26.0,27.0,30.0,35.0,inferred
Harborough,2021-06-17,10.0,14.0,16.0,17.0,18.0,19.0,21.0,22.0,24.0,25.0,26.0,29.0,34.0,inferred
Harborough,2021-06-18,10.0,13.0,16.0,17.0,17.0,19.0,20.0,22.0,24.0,25.0,26.0,29.0,34.0,inferred
Haringey,2021-03-06,3.0,5.0,6.0,6.0,7.0,8.0,8.0,9.0,10.0,11.0,11.0,13.0,16.0,inferred
Haringey,2021-03-07,4.0,6.0,7.0,8.0,8.0,9.0,10.0,11.0,12.0,12.0,13.0,15.0,17.0,inferred
Haringey,2021-03-08,5.5,8.0,9.0,10.0,10.0,11.0,12.0,13.0,14.0,15.0,16.0,18.0,21.0,inferred
Haringey,2021-03-09,5.0,7.0,9.0,9.0,10.0,11.0,12.0,13.0,14.0,15.0,15.0,18.0,22.0,inferred
Haringey,2021-03-10,5.0,7.0,9.0,9.8,10.0,11.0,12.0,13.0,14.0,15.0,16.0,18.0,21.0,inferred
Haringey,2021-03-11,5.0,7.0,8.0,9.0,9.0,10.0,11.0,12.0,13.0,14.0,14.2,17.0,20.0,inferred
Haringey,2021-03-12,4.0,6.0,7.0,7.0,8.0,9.0,10.0,11.0,12.0,12.0,13.0,15.0,18.0,inferred
Haringey,2021-03-13,2.0,4.0,5.0,6.0,6.0,7.0,8.0,9.0,10.0,10.0,11.0,13.0,15.0,inferred
Haringey,2021-03-14,3.0,5.0,6.0,7.0,7.0,8.0,9.0,10.0,11.0,12.0,12.0,14.0,17.0,inferred
Haringey,2021-03-15,4.0,6.9,8.0,9.0,9.0,10.0,11.0,12.0,13.0,14.0,15.0,17.0,20.0,inferred
Haringey,2021-03-16,5.0,7.0,8.0,8.0,9.0,10.0,11.0,12.0,13.0,14.0,15.0,17.0,20.0,inferred
Haringey,2021-03-17,5.0,7.0,8.0,9.0,9.0,11.0,12.0,12.0,14.0,14.0,15.0,17.0,20.0,inferred
Haringey,2021-03-18,5.0,6.0,8.0,9.0,9.0,10.0,11.0,12.0,13.0,14.0,15.0,17.0,20.0,inferred
Haringey,2021-03-19,4.0,5.0,7.0,8.0,8.0,9.0,10.0,11.0,12.0,13.0,13.0,15.0,18.0,inferred
Haringey,2021-03-20,3.0,4.0,6.0,6.0,7.0,7.0,8.0,9.0,10.0,11.0,12.0,13.0,16.0,inferred
Haringey,2021-03-21,4.0,5.0,7.0,7.0,8.0,9.0,10.0,10.0,11.0,12.0,13.0,15.0,17.5,inferred
Haringey,2021-03-22,5.0,7.0,9.0,9.0,10.0,11.0,12.0,13.0,15.0,15.0,16.0,18.0,22.0,inferred
Haringey,2021-03-23,5.0,7.0,9.0,9.8,10.0,11.0,12.0,13.0,14.0,15.0,16.0,18.0,22.0,inferred
Haringey,2021-03-24,5.0,7.0,9.0,9.0,10.0,11.0,12.0,13.0,14.0,15.0,16.0,18.0,21.0,inferred
Haringey,2021-03-25,4.0,6.0,8.0,8.0,9.0,10.0,11.0,12.0,13.0,14.0,14.0,16.0,20.0,inferred
Haringey,2021-03-26,3.0,5.0,7.0,7.0,8.0,8.0,9.0,10.0,11.0,12.0,12.2,15.0,18.0,inferred
Haringey,2021-03-27,2.0,4.0,5.0,5.0,6.0,7.0,7.0,8.0,9.0,10.0,10.0,12.0,15.0,inferred
Haringey,2021-03-28,2.0,4.0,5.0,6.0,6.0,7.0,8.0,9.0,10.0,11.0,11.0,13.0,16.0,inferred
Haringey,2021-03-29,3.0,6.0,7.0,7.0,8.0,9.0,10.0,11.0,12.0,12.0,13.0,15.0,18.0,inferred
Haringey,2021-03-30,3.0,5.0,6.0,7.0,7.0,8.0,9.0,10.0,11.0,11.0,12.0,14.0,17.0,inferred
Haringey,2021-03-31,3.0,4.0,6.0,6.0,7.0,8.0,9.0,9.0,10.0,11.0,12.0,13.0,17.0,inferred
Haringey,2021-04-01,2.0,4.0,5.0,5.0,6.0,6.0,7.0,8.0,9.0,10.0,10.0,12.0,15.0,inferred
Haringey,2021-04-02,2.0,3.0,4.0,4.0,5.0,5.0,6.0,7.0,8.0,8.0,9.0,11.0,13.0,inferred
Haringey,2021-04-03,1.0,2.0,3.0,3.0,3.0,4.0,5.0,5.0,6.0,6.0,7.0,8.0,11.0,inferred
Haringey,2021-04-04,1.0,2.0,3.0,3.0,4.0,4.0,5.0,6.0,7.0,7.0,8.0,9.0,11.0,inferred
Haringey,2021-04-05,1.0,3.0,4.0,4.0,5.0,5.0,6.0,7.0,8.0,8.0,9.0,11.0,13.0,inferred
Haringey,2021-04-06,1.0,3.0,4.0,4.0,4.0,5.0,6.0,7.0,7.0,8.0,9.0,10.0,13.0,inferred
Haringey,2021-04-07,1.0,3.0,4.0,4.0,4.0,5.0,6.0,7.0,7.0,8.0,8.0,10.0,13.0,inferred
Haringey,2021-04-08,1.0,3.0,3.0,4.0,4.0,5.0,6.0,7.0,7.0,8.0,8.0,10.0,12.0,inferred
Haringey,2021-04-09,1.0,2.0,3.0,3.0,4.0,4.0,5.0,6.0,7.0,7.0,8.0,9.0,11.0,inferred
Haringey,2021-04-10,1.0,2.0,2.0,3.0,3.0,4.0,4.0,5.0,6.0,6.0,7.0,8.0,10.5,inferred
Haringey,2021-04-11,1.0,2.0,3.0,3.0,4.0,4.0,5.0,6.0,6.0,7.0,7.0,9.0,11.0,inferred
Haringey,2021-04-12,2.0,3.0,4.0,5.0,5.0,6.0,6.0,7.0,8.0,9.0,9.0,11.0,14.0,inferred
Haringey,2021-04-13,2.0,3.0,4.0,5.0,5.0,6.0,7.0,7.0,8.0,9.0,9.0,11.0,14.0,inferred
Haringey,2021-04-14,2.0,3.0,4.0,5.0,5.0,6.0,7.0,8.0,9.0,9.0,10.0,11.0,14.5,inferred
Haringey,2021-04-15,2.0,3.0,4.0,5.0,5.0,6.0,6.0,7.0,8.0,8.0,9.0,11.0,13.0,inferred
Haringey,2021-04-16,1.0,3.0,3.0,4.0,4.0,5.0,6.0,6.0,7.0,8.0,8.0,10.0,12.0,inferred
Haringey,2021-04-17,1.0,2.0,3.0,3.0,3.0,4.0,5.0,5.0,6.0,7.0,7.0,9.0,11.0,inferred
Haringey,2021-04-18,1.0,2.0,3.0,4.0,4.0,5.0,5.0,6.0,7.0,7.0,8.0,9.0,12.0,inferred
Haringey,2021-04-19,2.0,4.0,4.0,5.0,5.0,6.0,7.0,8.0,8.0,9.0,10.0,11.0,14.0,inferred
Haringey,2021-04-20,2.0,3.0,4.0,5.0,5.0,6.0,7.0,8.0,9.0,9.0,10.0,11.0,14.0,inferred
Haringey,2021-04-21,2.0,3.0,4.0,5.0,5.0,6.0,7.0,8.0,8.0,9.0,10.0,11.0,13.5,inferred
Haringey,2021-04-22,2.0,3.0,4.0,4.0,5.0,5.0,6.0,7.0,8.0,8.0,9.0,10.0,13.0,inferred
Haringey,2021-04-23,1.0,2.0,3.0,4.0,4.0,5.0,5.0,6.0,7.0,7.0,8.0,9.0,12.0,inferred
Haringey,2021-04-24,0.0,2.0,2.0,3.0,3.0,4.0,4.0,5.0,6.0,6.0,7.0,8.0,11.0,inferred
Haringey,2021-04-25,1.0,2.0,3.0,3.0,4.0,4.0,5.0,6.0,6.0,7.0,7.0,9.0,11.0,inferred
Haringey,2021-04-26,2.0,3.0,4.0,4.0,5.0,6.0,6.0,7.0,8.0,9.0,9.0,10.0,13.0,inferred
Haringey,2021-04-27,2.0,3.0,4.0,4.0,5.0,5.6,6.0,7.0,8.0,8.0,9.0,11.0,13.0,inferred
Haringey,2021-04-28,2.0,3.0,4.0,4.0,5.0,6.0,6.0,7.0,8.0,8.0,9.0,11.0,13.0,inferred
Haringey,2021-04-29,1.0,3.0,4.0,4.0,4.0,5.0,6.0,7.0,8.0,8.0,8.0,10.0,13.0,inferred
Haringey,2021-04-30,1.0,2.0,3.0,4.0,4.0,5.0,5.0,6.0,7.0,7.0,8.0,9.0,12.0,inferred
Haringey,2021-05-01,0.0,2.0,2.0,3.0,3.0,4.0,4.0,5.0,6.0,6.0,7.0,8.0,10.0,inferred
Haringey,2021-05-02,1.0,2.0,3.0,3.0,4.0,4.0,5.0,6.0,7.0,7.0,7.0,9.0,12.0,inferred
Haringey,2021-05-03,2.0,3.0,4.0,4.0,5.0,6.0,6.0,7.0,8.0,8.0,9.0,10.0,13.0,inferred
Haringey,2021-05-04,2.0,3.0,4.0,4.0,5.0,6.0,6.0,7.0,8.0,8.0,9.0,11.0,13.0,inferred
Haringey,2021-05-05,2.0,3.0,4.0,4.0,5.0,6.0,6.0,7.0,8.0,9.0,9.0,11.0,14.0,inferred
Haringey,2021-05-06,1.0,3.0,4.0,4.0,5.0,5.0,6.0,7.0,8.0,8.0,9.0,10.0,13.0,inferred
Haringey,2021-05-07,1.0,2.0,3.0,4.0,4.0,5.0,5.0,6.0,7.0,7.0,8.0,9.0,12.0,inferred
Haringey,2021-05-08,1.0,2.0,3.0,3.0,3.0,4.0,4.0,5.0,6.0,6.0,7.0,8.0,10.0,inferred
Haringey,2021-05-09,1.0,2.0,3.0,3.0,4.0,5.0,5.0,6.0,7.0,7.0,8.0,9.0,12.0,inferred
Haringey,2021-05-10,2.0,3.0,4.0,5.0,5.0,6.0,7.0,8.0,8.0,9.0,9.0,11.0,14.0,inferred
Haringey,2021-05-11,2.0,3.0,4.0,5.0,5.0,6.0,7.0,8.0,8.0,9.0,9.0,11.0,14.0,inferred
Haringey,2021-05-12,2.0,4.0,5.0,5.0,6.0,6.0,7.0,8.0,9.0,9.0,10.0,11.0,14.0,inferred
Haringey,2021-05-13,2.0,3.0,4.0,5.0,5.0,6.0,7.0,7.0,8.0,9.0,9.0,11.0,14.0,inferred
Haringey,2021-05-14,1.0,3.0,4.0,4.0,4.0,5.0,6.0,6.0,7.0,8.0,8.0,10.0,12.0,inferred
Haringey,2021-05-15,1.0,2.0,3.0,3.0,3.0,4.0,5.0,5.0,6.0,7.0,7.0,9.0,12.0,inferred
Haringey,2021-05-16,1.0,3.0,4.0,4.0,4.0,5.0,6.0,6.0,7.0,8.0,8.0,10.0,13.0,inferred
Haringey,2021-05-17,2.0,3.0,5.0,5.0,6.0,6.0,7.0,8.0,9.0,9.0,10.0,12.0,14.0,inferred
Haringey,2021-05-18,2.0,4.0,5.0,5.0,6.0,6.0,7.0,8.0,9.0,10.0,10.0,12.0,15.0,inferred
Haringey,2021-05-19,2.0,4.0,5.0,5.0,6.0,7.0,7.0,8.0,9.0,10.0,10.0,12.0,15.0,inferred
Haringey,2021-05-20,2.0,4.0,5.0,5.0,5.0,6.0,7.0,8.0,9.0,9.0,10.0,12.0,15.0,inferred
Haringey,2021-05-21,1.0,3.0,4.0,5.0,5.0,6.0,7.0,7.0,8.0,9.0,9.0,11.0,13.0,inferred
Haringey,2021-05-22,1.0,2.9,3.8,4.0,4.0,5.0,6.0,6.0,7.0,8.0,8.0,10.0,12.0,inferred
Haringey,2021-05-23,2.0,3.0,4.0,5.0,5.0,6.0,7.0,7.0,8.0,9.0,9.2,11.0,14.0,inferred
Haringey,2021-05-24,3.0,5.0,6.0,7.0,7.0,8.0,9.0,10.0,11.0,12.0,12.0,14.0,17.0,inferred
Haringey,2021-05-25,3.0,5.0,6.0,7.0,7.0,8.0,9.0,10.0,11.0,12.0,13.0,15.0,18.0,inferred
Haringey,2021-05-26,4.0,6.0,7.0,8.0,8.0,9.0,10.0,11.0,13.0,13.0,14.0,16.0,20.0,inferred
Haringey,2021-05-27,4.0,6.0,8.0,9.0,9.0,10.0,11.0,12.0,13.0,14.0,15.0,17.0,19.0,inferred
Haringey,2021-05-28,4.0,6.0,8.0,8.0,9.0,10.0,11.0,12.0,13.0,13.0,14.0,16.0,20.0,inferred
Haringey,2021-05-29,4.0,5.0,7.0,7.0,8.0,9.0,10.0,10.4,12.0,12.0,13.0,14.0,18.0,inferred
Haringey,2021-05-30,5.0,7.0,9.0,10.0,10.0,11.0,12.0,14.0,15.0,16.0,16.0,18.0,22.0,inferred
Haringey,2021-05-31,9.0,12.0,13.0,14.0,15.0,16.0,17.0,19.0,20.0,21.0,22.0,24.0,28.0,inferred
Haringey,2021-06-01,10.0,13.0,15.0,15.0,16.0,17.0,19.0,20.0,21.0,22.0,23.0,25.0,29.0,inferred
Haringey,2021-06-02,11.0,14.0,16.0,17.0,18.0,19.0,20.0,22.0,23.0,24.0,26.0,28.0,32.0,inferred
Haringey,2021-06-03,11.0,14.0,16.0,17.0,18.0,19.0,21.0,22.0,23.0,24.0,25.2,28.0,33.0,inferred
Haringey,2021-06-04,11.0,14.0,15.0,16.0,17.0,18.0,20.0,21.0,23.0,23.0,24.0,27.0,31.5,inferred
Haringey,2021-06-05,9.0,12.0,14.0,15.0,15.0,17.0,18.0,19.0,20.0,21.0,22.0,24.0,29.0,inferred
Haringey,2021-06-06,12.0,14.0,17.0,17.0,18.0,20.0,21.0,23.0,24.0,25.0,26.0,29.0,34.0,inferred
Haringey,2021-06-07,16.5,21.0,24.0,25.0,26.0,27.0,29.0,31.0,32.0,33.0,35.0,38.0,43.0,inferred
Haringey,2021-06-08,17.0,21.0,24.0,25.0,26.0,28.0,30.0,32.0,34.0,35.0,36.0,39.0,44.0,inferred
Haringey,2021-06-09,18.0,23.0,25.0,26.0,27.0,29.0,31.0,32.0,34.0,35.0,36.0,39.0,44.0,inferred
Haringey,2021-06-10,17.0,21.0,23.0,24.0,25.0,27.0,28.0,30.0,32.0,33.0,34.0,37.0,42.0,inferred
Haringey,2021-06-11,15.0,18.0,20.0,21.0,22.0,24.0,25.0,27.0,28.0,29.2,31.0,34.0,39.0,inferred
Haringey,2021-06-12,11.0,14.0,17.0,18.0,18.0,20.0,21.0,23.0,24.0,25.0,26.0,29.0,34.0,inferred
Haringey,2021-06-13,14.0,17.0,19.0,20.0,21.0,23.0,24.0,26.0,27.0,28.0,30.0,33.0,37.0,inferred
Haringey,2021-06-14,19.0,23.0,26.0,27.0,28.0,30.0,31.0,33.0,35.0,36.0,37.0,40.0,45.0,inferred
Haringey,2021-06-15,19.0,23.0,26.0,27.0,28.0,29.6,31.0,33.0,35.0,36.0,37.0,41.0,46.0,inferred
Haringey,2021-06-16,20.0,24.0,27.0,27.0,28.0,30.0,32.0,34.0,36.0,37.0,38.0,42.0,47.0,inferred
Haringey,2021-06-17,18.0,22.0,25.0,26.0,27.0,28.0,30.0,32.0,34.0,35.0,36.0,39.0,45.0,inferred
Haringey,2021-06-18,15.5,19.0,22.0,23.0,24.0,25.0,27.0,28.0,30.0,31.0,32.0,36.0,41.0,inferred
Harlow,2021-03-06,1.0,2.0,3.0,4.0,4.0,5.0,5.0,6.0,7.0,7.0,8.0,9.0,12.0,inferred
Harlow,2021-03-07,1.0,3.0,4.0,4.0,4.0,5.0,6.0,7.0,7.0,8.0,8.0,10.0,12.0,inferred
Harlow,2021-03-08,2.0,4.0,5.0,5.0,6.0,6.0,7.0,8.0,9.0,9.0,10.0,11.0,14.0,inferred
Harlow,2021-03-09,2.0,3.0,4.0,5.0,5.0,6.0,7.0,7.0,8.0,9.0,9.0,11.0,14.0,inferred
Harlow,2021-03-10,2.0,4.0,5.0,5.0,5.0,6.0,7.0,8.0,9.0,9.0,10.0,11.0,14.0,inferred
Harlow,2021-03-11,1.0,3.0,4.0,4.0,5.0,6.0,6.0,7.0,8.0,8.2,9.0,11.0,14.0,inferred
Harlow,2021-03-12,1.0,3.0,4.0,4.0,4.0,5.0,6.0,6.0,7.0,8.0,8.0,9.0,12.0,inferred
Harlow,2021-03-13,1.0,2.0,3.0,3.0,3.0,4.0,5.0,5.0,6.0,6.0,7.0,8.0,11.0,inferred
Harlow,2021-03-14,1.0,2.0,3.0,3.0,4.0,4.0,5.0,6.0,7.0,7.0,8.0,9.0,12.0,inferred
Harlow,2021-03-15,1.0,3.0,4.0,4.0,5.0,5.0,6.0,7.0,8.0,8.0,9.0,11.0,14.0,inferred
Harlow,2021-03-16,1.0,3.0,4.0,4.0,4.0,5.0,6.0,7.0,8.0,8.0,9.0,10.0,14.0,inferred
Harlow,2021-03-17,1.0,3.0,4.0,4.0,5.0,5.0,6.0,7.0,8.0,8.0,9.0,10.0,14.0,inferred
Harlow,2021-03-18,1.0,2.0,3.0,4.0,4.0,5.0,6.0,6.0,7.0,8.0,8.0,10.0,13.0,inferred
Harlow,2021-03-19,1.0,2.0,3.0,3.0,3.0,4.0,5.0,6.0,6.0,7.0,7.0,9.0,11.0,inferred
Harlow,2021-03-20,0.0,1.0,2.0,2.0,2.0,3.0,4.0,4.0,5.0,5.0,6.0,7.0,10.0,inferred
Harlow,2021-03-21,1.0,1.0,2.0,3.0,3.0,4.0,4.0,5.0,6.0,6.0,7.0,8.0,11.0,inferred
Harlow,2021-03-22,1.0,2.0,3.0,3.0,4.0,4.0,5.0,6.0,7.0,7.0,8.0,9.0,12.0,inferred
Harlow,2021-03-23,1.0,2.0,2.0,3.0,3.0,4.0,4.0,5.0,6.0,6.0,7.0,8.0,11.0,inferred
Harlow,2021-03-24,1.0,2.0,3.0,3.0,3.0,4.0,5.0,5.0,6.0,6.0,7.0,8.0,11.0,inferred
Harlow,2021-03-25,0.0,1.0,2.0,2.0,3.0,3.0,4.0,4.0,5.0,6.0,6.0,7.0,9.0,inferred
Harlow,2021-03-26,0.0,1.0,1.0,2.0,2.0,2.0,3.0,3.0,4.0,4.0,5.0,6.0,9.0,inferred
Harlow,2021-03-27,0.0,0.0,1.0,1.0,1.0,2.0,2.0,3.0,3.0,3.0,4.0,5.0,7.0,inferred
Harlow,2021-03-28,0.0,0.0,1.0,1.0,1.0,2.0,2.0,3.0,4.0,4.0,4.0,5.0,8.0,inferred
Harlow,2021-03-29,0.0,1.0,1.0,2.0,2.0,2.0,3.0,3.0,4.0,4.0,5.0,6.0,8.0,inferred
Harlow,2021-03-30,0.0,1.0,1.0,1.0,1.0,2.0,2.0,3.0,4.0,4.0,4.0,5.0,8.0,inferred
Harlow,2021-03-31,0.0,0.0,1.0,1.0,1.7,2.0,2.0,3.0,4.0,4.0,4.0,5.0,8.0,inferred
Harlow,2021-04-01,0.0,0.0,1.0,1.0,1.0,2.0,2.0,3.0,3.0,4.0,4.0,5.0,7.0,inferred
Harlow,2021-04-02,0.0,0.0,1.0,1.0,1.0,1.0,2.0,2.0,3.0,3.0,3.0,4.0,6.0,inferred
Harlow,2021-04-03,0.0,0.0,0.0,1.0,1.0,1.0,2.0,2.0,2.0,3.0,3.0,4.0,6.0,inferred
Harlow,2021-04-04,0.0,0.0,0.0,1.0,1.0,1.0,2.0,2.0,3.0,3.0,3.0,4.0,6.0,inferred
Harlow,2021-04-05,0.0,0.0,1.0,1.0,1.0,2.0,2.0,2.0,3.0,3.0,4.0,5.0,7.0,inferred
Harlow,2021-04-06,0.0,0.0,1.0,1.0,1.0,1.0,2.0,2.0,3.0,3.0,4.0,5.0,6.0,inferred
Harlow,2021-04-07,0.0,0.0,1.0,1.0,1.0,2.0,2.0,2.0,3.0,3.0,4.0,5.0,7.0,inferred
Harlow,2021-04-08,0.0,0.0,1.0,1.0,1.0,1.0,2.0,2.0,3.0,3.0,3.0,4.0,7.0,inferred
Harlow,2021-04-09,0.0,0.0,0.0,1.0,1.0,1.0,2.0,2.0,2.0,3.0,3.0,4.0,6.0,inferred
Harlow,2021-04-10,0.0,0.0,0.0,0.0,1.0,1.0,1.0,1.0,2.0,2.0,2.0,3.0,5.0,inferred
Harlow,2021-04-11,0.0,0.0,0.0,1.0,1.0,1.0,1.0,2.0,2.0,3.0,3.0,4.0,5.0,inferred
Harlow,2021-04-12,0.0,0.0,1.0,1.0,1.0,1.0,2.0,2.0,3.0,3.0,3.0,4.0,6.0,inferred
Harlow,2021-04-13,0.0,0.0,0.0,1.0,1.0,1.0,2.0,2.0,3.0,3.0,3.0,4.0,6.0,inferred
Harlow,2021-04-14,0.0,0.0,1.0,1.0,1.0,1.0,2.0,2.0,3.0,3.0,3.0,4.0,6.0,inferred
Harlow,2021-04-15,0.0,0.0,0.8,1.0,1.0,1.0,2.0,2.0,3.0,3.0,3.0,4.0,6.0,inferred
Harlow,2021-04-16,0.0,0.0,0.0,0.0,1.0,1.0,1.0,2.0,2.0,2.0,3.0,4.0,6.0,inferred
Harlow,2021-04-17,0.0,0.0,0.0,0.0,0.0,1.0,1.0,1.0,2.0,2.0,2.0,3.0,5.0,inferred
Harlow,2021-04-18,0.0,0.0,0.0,0.0,1.0,1.0,1.0,2.0,2.0,2.0,3.0,4.0,5.0,inferred
Harlow,2021-04-19,0.0,0.0,1.0,1.0,1.0,1.0,2.0,2.0,3.0,3.0,3.0,4.0,6.0,inferred
Harlow,2021-04-20,0.0,0.0,0.0,1.0,1.0,1.0,2.0,2.0,2.0,3.0,3.0,4.0,6.0,inferred
Harlow,2021-04-21,0.0,0.0,1.0,1.0,1.0,1.0,2.0,2.0,3.0,3.0,3.0,4.0,6.0,inferred
Harlow,2021-04-22,0.0,0.0,0.0,1.0,1.0,1.0,2.0,2.0,3.0,3.0,3.0,4.0,6.0,inferred
Harlow,2021-04-23,0.0,0.0,0.0,1.0,1.0,1.0,1.0,2.0,2.0,3.0,3.0,4.0,5.0,inferred
Harlow,2021-04-24,0.0,0.0,0.0,0.0,1.0,1.0,1.0,2.0,2.0,2.0,2.0,3.0,5.0,inferred
Harlow,2021-04-25,0.0,0.0,0.0,0.0,1.0,1.0,1.0,2.0,2.0,3.0,3.0,4.0,6.0,inferred
Harlow,2021-04-26,0.0,0.0,1.0,1.0,1.0,1.0,2.0,2.0,3.0,3.0,4.0,4.1,7.0,inferred
Harlow,2021-04-27,0.0,0.0,1.0,1.0,1.0,1.0,2.0,2.0,3.0,3.0,3.0,4.0,6.0,inferred
Harlow,2021-04-28,0.0,0.0,1.0,1.0,1.0,1.0,2.0,2.0,3.0,3.0,3.0,5.0,7.0,inferred
Harlow,2021-04-29,0.0,0.0,0.0,1.0,1.0,1.0,2.0,2.0,3.0,3.0,3.0,4.0,6.0,inferred
Harlow,2021-04-30,0.0,0.0,0.0,0.0,1.0,1.0,1.0,2.0,2.0,2.0,3.0,4.0,6.0,inferred
Harlow,2021-05-01,0.0,0.0,0.0,0.0,0.0,1.0,1.0,1.0,2.0,2.0,2.0,3.0,5.0,inferred
Harlow,2021-05-02,0.0,0.0,0.0,0.0,1.0,1.0,1.0,2.0,2.0,3.0,3.0,4.0,5.0,inferred
Harlow,2021-05-03,0.0,0.0,1.0,1.0,1.0,1.0,2.0,2.0,3.0,3.0,3.0,4.0,6.0,inferred
Harlow,2021-05-04,0.0,0.0,0.0,1.0,1.0,1.0,2.0,2.0,2.0,3.0,3.0,4.0,6.0,inferred
Harlow,2021-05-05,0.0,0.0,0.0,1.0,1.0,1.0,2.0,2.0,3.0,3.0,3.0,4.0,6.0,inferred
Harlow,2021-05-06,0.0,0.0,0.0,1.0,1.0,1.0,1.0,2.0,2.0,3.0,3.0,4.0,6.0,inferred
Harlow,2021-05-07,0.0,0.0,0.0,0.0,1.0,1.0,1.0,2.0,2.0,2.0,3.0,4.0,5.0,inferred
Harlow,2021-05-08,0.0,0.0,0.0,0.0,0.0,1.0,1.0,1.0,2.0,2.0,2.0,3.0,4.0,inferred
Harlow,2021-05-09,0.0,0.0,0.0,0.0,0.0,1.0,1.0,1.0,2.0,2.0,2.0,3.0,5.0,inferred
Harlow,2021-05-10,0.0,0.0,0.0,0.0,1.0,1.0,1.0,2.0,2.0,2.0,3.0,4.0,5.0,inferred
Harlow,2021-05-11,0.0,0.0,0.0,0.0,0.0,1.0,1.0,1.0,2.0,2.0,2.0,3.0,5.0,inferred
Harlow,2021-05-12,0.0,0.0,0.0,0.0,1.0,1.0,1.0,1.0,2.0,2.0,3.0,3.0,5.0,inferred
Harlow,2021-05-13,0.0,0.0,0.0,0.0,0.0,1.0,1.0,1.0,2.0,2.0,2.0,3.0,5.0,inferred
Harlow,2021-05-14,0.0,0.0,0.0,0.0,0.0,1.0,1.0,1.0,1.0,2.0,2.0,3.0,4.0,inferred
Harlow,2021-05-15,0.0,0.0,0.0,0.0,0.0,0.0,1.0,1.0,1.0,1.0,2.0,3.0,4.0,inferred
Harlow,2021-05-16,0.0,0.0,0.0,0.0,0.0,0.0,1.0,1.0,1.0,2.0,2.0,3.0,4.0,inferred
Harlow,2021-05-17,0.0,0.0,0.0,0.0,0.0,1.0,1.0,1.0,2.0,2.0,2.0,3.0,5.0,inferred
Harlow,2021-05-18,0.0,0.0,0.0,0.0,0.0,1.0,1.0,1.0,2.0,2.0,2.0,3.0,5.0,inferred
Harlow,2021-05-19,0.0,0.0,0.0,0.0,0.0,1.0,1.0,1.0,2.0,2.0,2.0,3.0,5.0,inferred
Harlow,2021-05-20,0.0,0.0,0.0,0.0,0.0,1.0,1.0,1.0,2.0,2.0,2.0,3.0,5.0,inferred
Harlow,2021-05-21,0.0,0.0,0.0,0.0,0.0,0.0,1.0,1.0,1.0,2.0,2.0,3.0,4.0,inferred
Harlow,2021-05-22,0.0,0.0,0.0,0.0,0.0,0.0,1.0,1.0,1.0,1.0,2.0,2.0,4.0,inferred
Harlow,2021-05-23,0.0,0.0,0.0,0.0,0.0,0.0,1.0,1.0,1.0,2.0,2.0,2.0,4.0,inferred
Harlow,2021-05-24,0.0,0.0,0.0,0.0,0.0,1.0,1.0,1.0,2.0,2.0,2.0,3.0,5.0,inferred
Harlow,2021-05-25,0.0,0.0,0.0,0.0,0.0,1.0,1.0,1.0,2.0,2.0,2.0,3.0,4.5,inferred
Harlow,2021-05-26,0.0,0.0,0.0,0.0,0.0,1.0,1.0,1.0,2.0,2.0,2.0,3.0,5.0,inferred
Harlow,2021-05-27,0.0,0.0,0.0,0.0,0.7,1.0,1.0,1.0,2.0,2.0,2.0,3.0,5.0,inferred
Harlow,2021-05-28,0.0,0.0,0.0,0.0,0.0,1.0,1.0,1.0,2.0,2.0,2.0,3.0,5.0,inferred
Harlow,2021-05-29,0.0,0.0,0.0,0.0,0.0,0.0,1.0,1.0,1.0,2.0,2.0,3.0,4.0,inferred
Harlow,2021-05-30,0.0,0.0,0.0,0.0,0.0,1.0,1.0,1.0,2.0,2.0,2.0,3.0,5.0,inferred
Harlow,2021-05-31,0.0,0.0,0.0,1.0,1.0,1.0,1.0,2.0,2.0,3.0,3.0,4.0,6.0,inferred
Harlow,2021-06-01,0.0,0.0,0.0,1.0,1.0,1.0,2.0,2.0,2.0,3.0,3.0,4.0,6.0,inferred
Harlow,2021-06-02,0.0,0.0,1.0,1.0,1.0,1.0,2.0,2.0,3.0,3.0,4.0,5.0,6.0,inferred
Harlow,2021-06-03,0.0,0.0,1.0,1.0,1.0,1.0,2.0,2.0,3.0,3.0,4.0,5.0,7.0,inferred
Harlow,2021-06-04,0.0,0.0,1.0,1.0,1.0,1.0,2.0,2.0,3.0,3.0,4.0,5.0,6.5,inferred
Harlow,2021-06-05,0.0,0.0,0.0,1.0,1.0,1.0,2.0,2.0,2.0,3.0,3.0,4.0,6.0,inferred
Harlow,2021-06-06,0.0,0.0,1.0,1.0,1.0,2.0,2.0,2.0,3.0,3.0,4.0,5.0,7.0,inferred
Harlow,2021-06-07,0.0,1.0,1.0,2.0,2.0,2.0,3.0,4.0,4.0,5.0,5.0,6.0,8.5,inferred
Harlow,2021-06-08,0.0,1.0,1.0,2.0,2.0,3.0,3.0,4.0,4.0,5.0,5.0,7.0,9.0,inferred
Harlow,2021-06-09,0.0,1.0,2.0,2.0,3.0,3.0,4.0,5.0,5.0,6.0,6.0,8.0,10.0,inferred
Harlow,2021-06-10,0.0,1.0,2.0,2.0,3.0,3.0,4.0,5.0,5.0,6.0,6.0,8.0,10.0,inferred
Harlow,2021-06-11,0.0,1.0,2.0,2.0,3.0,3.0,4.0,5.0,5.0,6.0,6.0,8.0,10.0,inferred
Harlow,2021-06-12,0.0,1.0,2.0,2.0,2.0,3.0,3.0,4.0,5.0,5.0,6.0,7.0,9.0,inferred
Harlow,2021-06-13,0.0,2.0,3.0,3.0,3.0,4.0,4.0,5.0,6.0,6.0,7.0,8.0,11.0,inferred
Harlow,2021-06-14,1.0,3.0,4.0,4.0,5.0,5.0,6.0,7.0,8.0,8.0,9.0,11.0,14.0,inferred
Harlow,2021-06-15,1.0,3.0,3.0,4.0,4.0,5.0,6.0,7.0,8.0,8.0,9.0,11.0,14.0,inferred
Harlow,2021-06-16,2.0,3.0,5.0,5.0,5.0,6.0,7.0,8.0,9.0,10.0,10.0,12.0,15.0,inferred
Harlow,2021-06-17,2.0,3.0,4.0,5.0,5.0,6.0,7.0,8.0,9.0,10.0,10.0,12.0,15.5,inferred
Harlow,2021-06-18,2.0,3.0,4.0,5.0,5.0,6.0,7.0,8.0,9.0,9.0,10.0,12.0,15.0,inferred
Harrogate,2021-03-06,3.0,5.0,6.0,6.0,7.0,8.0,8.0,9.0,10.0,11.0,11.0,13.0,15.0,inferred
Harrogate,2021-03-07,3.5,5.0,6.8,7.0,8.0,8.0,9.0,10.0,11.0,12.0,12.0,14.0,17.0,inferred
Harrogate,2021-03-08,5.0,7.0,8.0,9.0,9.0,10.0,11.0,12.0,13.0,14.0,15.0,16.0,19.0,inferred
Harrogate,2021-03-09,4.0,6.0,7.0,8.0,8.0,9.0,10.0,11.0,12.0,13.0,13.0,15.0,18.0,inferred
Harrogate,2021-03-10,4.0,6.0,7.0,8.0,9.0,10.0,10.0,11.0,12.0,13.0,14.0,15.1,19.0,inferred
Harrogate,2021-03-11,3.0,5.0,7.0,7.0,8.0,9.0,10.0,10.0,11.3,12.0,13.0,14.0,17.0,inferred
Harrogate,2021-03-12,3.0,5.0,6.0,7.0,7.0,8.0,9.0,10.0,11.0,11.0,12.0,14.0,16.0,inferred
Harrogate,2021-03-13,2.0,4.0,5.0,5.0,6.0,7.0,7.0,8.0,9.0,9.0,10.0,11.0,14.0,inferred
Harrogate,2021-03-14,3.0,4.0,6.0,6.0,6.0,7.0,8.0,9.0,10.0,10.0,11.0,13.0,15.0,inferred
Harrogate,2021-03-15,4.0,6.0,7.8,8.0,9.0,9.0,10.0,11.0,12.0,13.0,14.0,16.0,19.0,inferred
Harrogate,2021-03-16,4.0,6.0,7.0,7.0,8.0,9.0,10.0,11.0,12.0,12.0,13.0,15.0,18.0,inferred
Harrogate,2021-03-17,4.0,6.0,7.0,8.0,8.0,9.0,10.0,11.0,12.0,13.0,13.0,15.0,19.0,inferred
Harrogate,2021-03-18,3.0,5.0,6.0,6.0,7.0,8.0,9.0,10.0,11.0,11.0,12.0,14.0,17.0,inferred
Harrogate,2021-03-19,2.0,4.0,5.0,6.0,6.0,7.0,8.0,9.0,10.0,10.0,11.0,12.0,14.0,inferred
Harrogate,2021-03-20,2.0,3.0,4.0,5.0,5.0,6.0,6.0,7.0,8.0,9.0,9.0,11.0,13.0,inferred
Harrogate,2021-03-21,2.0,3.0,4.0,5.0,5.0,6.0,7.0,8.0,9.0,9.0,10.0,11.0,13.5,inferred
Harrogate,2021-03-22,3.0,5.0,6.0,6.0,7.0,8.0,8.0,9.0,10.0,11.0,12.0,13.0,16.0,inferred
Harrogate,2021-03-23,2.0,4.0,5.0,5.0,6.0,7.0,7.0,8.0,9.0,10.0,10.0,12.0,15.0,inferred
Harrogate,2021-03-24,2.0,3.0,5.0,5.0,5.0,6.0,7.0,8.0,9.0,9.0,10.0,12.0,14.0,inferred
Harrogate,2021-03-25,1.0,3.0,4.0,4.0,5.0,5.0,6.0,7.0,8.0,8.0,8.0,10.0,12.0,inferred
Harrogate,2021-03-26,1.0,2.0,3.0,3.0,4.0,4.0,5.0,6.0,7.0,7.0,8.0,9.0,11.0,inferred
Harrogate,2021-03-27,1.0,1.0,2.0,2.0,3.0,3.0,4.0,5.0,5.0,6.0,6.0,7.0,9.0,inferred
Harrogate,2021-03-28,1.0,1.0,2.0,2.0,3.0,3.0,4.0,4.0,5.0,5.0,6.0,7.0,10.0,inferred
Harrogate,2021-03-29,1.0,2.0,3.0,3.0,3.0,4.0,5.0,5.0,6.0,6.0,7.0,8.0,10.0,inferred
Harrogate,2021-03-30,1.0,2.0,2.0,3.0,3.0,4.0,4.0,5.0,5.0,6.0,6.0,8.0,10.0,inferred
Harrogate,2021-03-31,1.0,2.0,2.0,3.0,3.0,4.0,4.0,5.0,6.0,6.0,6.0,8.0,10.0,inferred
Harrogate,2021-04-01,1.0,1.0,2.0,2.0,3.0,3.0,4.0,4.0,5.0,5.0,6.0,7.0,9.0,inferred
Harrogate,2021-04-02,0.0,1.0,2.0,2.0,2.0,3.0,3.0,4.0,5.0,5.0,5.2,7.0,9.0,inferred
Harrogate,2021-04-03,0.0,1.0,1.0,1.0,2.0,2.0,3.0,3.0,4.0,4.0,4.0,6.0,7.0,inferred
Harrogate,2021-04-04,0.0,1.0,2.0,2.0,2.0,3.0,3.0,4.0,4.0,5.0,5.0,6.0,8.0,inferred
Harrogate,2021-04-05,1.0,2.0,2.0,3.0,3.0,3.0,4.0,5.0,5.0,6.0,6.0,7.0,10.0,inferred
Harrogate,2021-04-06,0.0,1.0,2.0,2.0,3.0,3.0,4.0,4.0,5.0,6.0,6.0,7.0,9.0,inferred
Harrogate,2021-04-07,0.0,1.0,2.0,3.0,3.0,3.0,4.0,5.0,5.0,6.0,6.0,8.0,10.0,inferred
Harrogate,2021-04-08,0.0,1.0,2.0,2.0,3.0,3.0,4.0,4.0,5.0,5.0,6.0,7.0,9.0,inferred
Harrogate,2021-04-09,0.0,1.0,2.0,2.0,2.0,3.0,3.0,4.0,5.0,5.0,5.0,7.0,9.0,inferred
Harrogate,2021-04-10,0.0,1.0,1.0,2.0,2.0,2.0,3.0,3.0,4.0,4.0,5.0,6.0,8.0,inferred
Harrogate,2021-04-11,0.0,1.0,2.0,2.0,2.0,3.0,3.0,4.0,5.0,5.0,5.0,6.0,8.0,inferred
Harrogate,2021-04-12,1.0,2.0,2.0,3.0,3.0,4.0,4.0,5.0,5.0,6.0,6.0,8.0,10.0,inferred
Harrogate,2021-04-13,1.0,1.0,2.0,3.0,3.0,3.0,4.0,5.0,5.0,6.0,6.0,7.0,10.0,inferred
Harrogate,2021-04-14,1.0,2.0,2.0,3.0,3.0,4.0,4.0,5.0,5.0,6.0,6.0,7.0,9.0,inferred
Harrogate,2021-04-15,0.0,1.0,2.0,2.0,3.0,3.0,4.0,4.0,5.0,5.0,6.0,7.0,9.5,inferred
Harrogate,2021-04-16,0.0,1.0,2.0,2.0,2.0,3.0,3.0,4.0,5.0,5.0,5.0,7.0,9.0,inferred
Harrogate,2021-04-17,0.0,1.0,1.0,1.0,2.0,2.0,3.0,3.0,4.0,4.0,4.0,5.0,7.0,inferred
Harrogate,2021-04-18,0.0,1.0,1.0,2.0,2.0,2.0,3.0,3.0,4.0,4.0,5.0,6.0,8.0,inferred
Harrogate,2021-04-19,0.0,1.0,2.0,2.0,2.0,3.0,4.0,4.0,5.0,5.0,6.0,7.0,9.0,inferred
Harrogate,2021-04-20,0.0,1.0,2.0,2.0,2.0,3.0,3.0,4.0,5.0,5.0,5.0,6.0,9.0,inferred
Harrogate,2021-04-21,0.0,1.0,2.0,2.0,2.0,3.0,3.0,4.0,5.0,5.0,5.0,6.0,9.0,inferred
Harrogate,2021-04-22,0.0,1.0,2.0,2.0,2.0,3.0,3.0,4.0,4.0,5.0,5.0,6.0,8.0,inferred
Harrogate,2021-04-23,0.0,1.0,1.8,2.0,2.0,2.0,3.0,3.0,4.0,4.0,5.0,6.0,8.0,inferred
Harrogate,2021-04-24,0.0,1.0,1.0,1.0,2.0,2.0,3.0,3.0,4.0,4.0,4.0,5.0,7.0,inferred
Harrogate,2021-04-25,0.0,1.0,1.0,2.0,2.0,2.0,3.0,3.0,4.0,4.0,5.0,6.0,7.0,inferred
Harrogate,2021-04-26,0.0,1.0,2.0,2.0,3.0,3.0,4.0,4.0,5.0,5.0,6.0,7.0,9.0,inferred
Harrogate,2021-04-27,0.0,1.0,2.0,2.0,2.0,3.0,4.0,4.0,5.0,5.0,6.0,7.0,9.0,inferred
Harrogate,2021-04-28,0.0,1.0,2.0,2.0,3.0,3.0,4.0,4.0,5.0,5.0,6.0,7.0,9.0,inferred
Harrogate,2021-04-29,0.0,1.0,2.0,2.0,2.0,3.0,3.0,4.0,5.0,5.0,5.0,6.0,8.0,inferred
Harrogate,2021-04-30,0.0,1.0,2.0,2.0,2.0,3.0,3.0,3.0,4.0,4.0,5.0,6.0,8.0,inferred
Harrogate,2021-05-01,0.0,0.0,1.0,1.0,1.0,2.0,2.0,3.0,3.0,3.0,4.0,5.0,6.0,inferred
Harrogate,2021-05-02,0.0,1.0,1.0,1.0,2.0,2.0,3.0,3.0,4.0,4.0,4.0,5.0,7.0,inferred
Harrogate,2021-05-03,0.0,1.0,2.0,2.0,2.0,3.0,3.0,4.0,4.0,5.0,5.0,6.0,8.0,inferred
Harrogate,2021-05-04,0.0,1.0,2.0,2.0,2.0,3.0,3.0,4.0,4.0,5.0,5.0,6.0,8.0,inferred
Harrogate,2021-05-05,0.0,1.0,2.0,2.0,2.0,3.0,3.0,4.0,4.0,5.0,5.0,6.0,8.0,inferred
Harrogate,2021-05-06,0.0,1.0,2.0,2.0,2.0,3.0,3.0,4.0,4.0,4.0,5.0,6.0,8.0,inferred
Harrogate,2021-05-07,0.0,1.0,1.0,2.0,2.0,2.0,3.0,3.0,4.0,4.0,4.0,6.0,7.0,inferred
Harrogate,2021-05-08,0.0,1.0,1.0,1.0,2.0,2.0,2.0,3.0,3.0,4.0,4.0,5.0,7.0,inferred
Harrogate,2021-05-09,0.0,1.0,1.0,2.0,2.0,2.0,3.0,3.0,4.0,4.0,4.0,6.0,8.0,inferred
Harrogate,2021-05-10,0.0,1.0,2.0,2.0,3.0,3.0,4.0,4.0,5.0,5.0,5.0,7.0,9.0,inferred
Harrogate,2021-05-11,0.0,1.0,2.0,2.0,2.0,3.0,3.0,4.0,4.0,5.0,5.0,7.0,8.0,inferred
Harrogate,2021-05-12,0.0,1.0,2.0,2.0,2.0,3.0,3.0,4.0,5.0,5.0,6.0,7.0,9.0,inferred
Harrogate,2021-05-13,0.0,1.0,2.0,2.0,2.0,3.0,3.0,4.0,4.0,5.0,5.0,6.0,8.0,inferred
Harrogate,2021-05-14,0.0,1.0,1.0,2.0,2.0,2.0,3.0,3.0,4.0,4.0,4.0,6.0,7.0,inferred
Harrogate,2021-05-15,0.0,0.0,1.0,1.0,1.0,2.0,2.0,3.0,3.0,3.0,4.0,5.0,7.0,inferred
Harrogate,2021-05-16,0.0,1.0,1.0,1.0,1.0,2.0,2.0,3.0,3.0,4.0,4.0,5.0,7.0,inferred
Harrogate,2021-05-17,0.0,1.0,2.0,2.0,2.0,3.0,3.0,4.0,4.0,5.0,5.0,6.0,8.0,inferred
Harrogate,2021-05-18,0.0,1.0,1.0,2.0,2.0,2.0,3.0,3.0,4.0,4.0,5.0,6.0,8.0,inferred
Harrogate,2021-05-19,0.0,1.0,2.0,2.0,2.0,3.0,3.0,4.0,4.0,5.0,5.0,6.0,8.0,inferred
Harrogate,2021-05-20,0.0,1.0,1.0,2.0,2.0,2.0,3.0,4.0,4.0,4.0,5.0,6.0,8.0,inferred
Harrogate,2021-05-21,0.0,1.0,1.0,2.0,2.0,2.0,3.0,3.0,4.0,4.0,5.0,6.0,8.0,inferred
Harrogate,2021-05-22,0.0,0.0,1.0,1.0,1.0,2.0,2.0,3.0,3.0,4.0,4.0,5.0,7.0,inferred
Harrogate,2021-05-23,0.0,1.0,1.0,1.0,2.0,2.0,3.0,3.0,4.0,4.0,4.0,6.0,7.0,inferred
Harrogate,2021-05-24,0.0,1.0,2.0,2.0,3.0,3.0,4.0,4.0,5.0,5.0,6.0,7.0,9.0,inferred
Harrogate,2021-05-25,0.0,1.0,2.0,2.0,3.0,3.0,4.0,4.0,5.0,5.0,6.0,7.0,9.0,inferred
Harrogate,2021-05-26,1.0,2.0,2.0,3.0,3.0,4.0,4.0,5.0,6.0,6.0,7.0,8.0,10.0,inferred
Harrogate,2021-05-27,1.0,2.0,2.8,3.0,3.0,4.0,4.0,5.0,6.0,6.0,7.0,8.0,11.0,inferred
Harrogate,2021-05-28,1.0,2.0,3.0,3.0,3.0,4.0,4.0,5.0,6.0,6.0,7.0,8.0,10.0,inferred
Harrogate,2021-05-29,1.0,1.0,2.0,3.0,3.0,3.0,4.0,5.0,5.0,6.0,6.0,7.0,10.0,inferred
Harrogate,2021-05-30,1.0,2.0,3.0,3.0,3.0,4.0,5.0,5.0,6.0,7.0,7.0,8.0,11.0,inferred
Harrogate,2021-05-31,2.0,3.0,4.0,5.0,5.0,6.0,6.0,7.0,8.0,8.0,9.0,11.0,13.0,inferred
Harrogate,2021-06-01,2.0,3.0,4.0,5.0,5.0,6.0,7.0,8.0,8.0,9.0,10.0,11.0,14.0,inferred
Harrogate,2021-06-02,2.0,4.0,5.0,6.0,6.0,7.0,8.0,9.0,10.0,10.0,11.0,12.0,15.0,inferred
Harrogate,2021-06-03,3.0,4.0,5.0,6.0,6.0,7.0,8.0,9.0,10.0,10.0,11.0,13.0,15.0,inferred
Harrogate,2021-06-04,3.0,4.0,5.8,6.0,7.0,7.0,8.0,9.0,10.0,10.0,11.0,13.0,16.0,inferred
Harrogate,2021-06-05,2.0,4.0,5.0,5.0,6.0,7.0,7.0,8.0,9.0,10.0,10.0,12.0,15.0,inferred
Harrogate,2021-06-06,3.0,5.0,6.0,7.0,7.0,8.0,9.0,10.0,11.0,11.0,12.0,14.0,17.0,inferred
Harrogate,2021-06-07,5.0,8.0,9.0,10.0,11.0,12.0,13.0,14.0,15.0,16.0,16.0,18.0,22.0,inferred
Harrogate,2021-06-08,6.0,8.0,9.0,10.0,11.0,12.0,13.0,14.0,15.0,16.0,17.0,19.0,22.0,inferred
Harrogate,2021-06-09,6.0,9.0,10.0,11.0,12.0,13.0,14.0,15.0,16.0,17.0,18.0,20.0,24.0,inferred
Harrogate,2021-06-10,6.0,8.0,10.0,11.0,11.0,13.0,14.0,15.0,16.0,17.0,17.0,19.0,23.0,inferred
Harrogate,2021-06-11,6.0,9.0,10.0,11.0,11.0,12.0,13.0,14.0,15.0,16.0,17.0,19.0,23.5,inferred
Harrogate,2021-06-12,5.0,7.0,9.0,9.0,10.0,11.0,12.0,13.0,14.0,15.0,15.0,17.0,22.0,inferred
Harrogate,2021-06-13,7.0,9.0,11.0,11.0,12.0,13.0,14.0,15.0,16.0,17.0,18.0,20.0,23.0,inferred
Harrogate,2021-06-14,10.5,13.0,15.0,16.0,17.0,18.0,19.0,21.0,22.0,23.0,24.0,27.0,30.0,inferred
Harrogate,2021-06-15,11.0,13.0,15.0,16.0,17.0,18.0,20.0,21.0,22.0,23.0,24.0,27.0,31.0,inferred
Harrogate,2021-06-16,12.0,15.0,17.0,18.0,19.0,21.0,22.0,24.0,25.0,26.0,27.0,30.0,35.0,inferred
Harrogate,2021-06-17,12.0,15.0,18.0,19.0,19.0,21.0,22.0,24.0,25.0,26.0,27.0,30.0,35.0,inferred
Harrogate,2021-06-18,12.0,15.0,17.0,18.0,19.0,20.0,22.0,23.0,25.0,26.0,27.0,30.0,35.0,inferred
Harrow,2021-03-06,8.0,11.0,13.0,13.0,14.0,16.0,17.0,18.0,19.0,20.0,21.0,24.0,28.0,inferred
Harrow,2021-03-07,10.0,13.0,15.0,16.0,17.0,18.0,19.0,21.0,22.0,23.0,24.0,27.0,32.0,inferred
Harrow,2021-03-08,14.0,17.0,20.0,21.0,22.0,23.0,24.0,26.0,27.0,28.2,30.0,33.0,38.0,inferred
Harrow,2021-03-09,13.5,17.0,19.0,20.0,20.0,22.0,24.0,26.0,28.0,29.0,29.0,32.0,37.0,inferred
Harrow,2021-03-10,13.0,16.0,19.0,20.0,20.0,22.0,24.0,25.0,27.0,28.0,29.0,32.0,38.0,inferred
Harrow,2021-03-11,11.0,15.0,17.0,18.0,19.0,21.0,22.0,23.0,25.0,26.0,27.0,30.0,36.0,inferred
Harrow,2021-03-12,10.0,12.0,14.0,15.0,16.0,18.0,19.0,20.0,22.0,23.0,24.0,27.0,31.0,inferred
Harrow,2021-03-13,7.0,9.0,11.0,12.0,13.0,14.0,15.0,16.0,18.0,18.0,19.0,22.0,26.0,inferred
Harrow,2021-03-14,9.0,11.0,13.0,14.0,15.0,16.0,17.0,19.0,20.0,21.0,22.0,25.0,29.5,inferred
Harrow,2021-03-15,11.0,14.0,17.0,18.0,18.0,20.0,21.0,23.0,25.0,26.0,27.0,30.0,35.0,inferred
Harrow,2021-03-16,11.0,14.0,16.0,17.0,18.0,19.0,21.0,22.0,24.0,25.0,26.0,29.0,33.0,inferred
Harrow,2021-03-17,11.0,14.0,17.0,17.0,18.0,20.0,21.0,23.0,25.0,26.0,27.0,30.0,35.0,inferred
Harrow,2021-03-18,10.0,13.0,15.0,16.0,17.0,18.0,19.0,21.0,23.0,23.0,24.0,27.0,32.0,inferred
Harrow,2021-03-19,8.0,11.0,13.0,14.0,15.0,16.0,18.0,19.0,20.0,21.0,22.0,25.0,29.0,inferred
Harrow,2021-03-20,6.0,9.0,11.0,11.0,12.0,13.0,14.0,15.0,17.0,17.0,18.0,21.0,25.5,inferred
Harrow,2021-03-21,7.0,10.0,12.0,13.0,14.0,15.0,16.0,18.0,19.0,20.0,21.0,23.0,29.0,inferred
Harrow,2021-03-22,10.0,14.0,16.0,17.0,18.0,19.0,21.0,22.0,24.0,25.0,26.0,29.0,34.0,inferred
Harrow,2021-03-23,11.0,14.0,16.0,17.0,18.0,19.0,20.5,22.0,24.0,25.0,26.0,28.0,33.0,inferred
Harrow,2021-03-24,10.0,14.0,16.0,17.0,17.0,19.0,21.0,22.0,24.0,24.0,25.0,28.0,34.0,inferred
Harrow,2021-03-25,9.0,12.0,14.0,15.0,16.0,17.0,18.0,20.0,22.0,22.0,24.0,26.0,31.0,inferred
Harrow,2021-03-26,7.0,10.0,12.0,13.0,13.0,15.0,16.0,17.0,19.0,19.0,20.0,23.0,27.5,inferred
Harrow,2021-03-27,5.0,8.0,9.0,10.0,10.0,11.0,13.0,14.0,15.0,16.0,17.0,20.0,23.5,inferred
Harrow,2021-03-28,6.0,8.0,10.0,11.0,12.0,13.0,14.0,15.0,16.0,17.0,18.0,21.0,24.0,inferred
Harrow,2021-03-29,8.0,11.0,13.0,14.0,14.0,16.0,17.0,18.0,20.0,21.0,22.0,25.0,29.5,inferred
Harrow,2021-03-30,7.0,10.0,12.0,13.0,14.0,15.0,16.0,17.4,19.0,20.0,20.0,23.0,28.0,inferred
Harrow,2021-03-31,7.0,10.0,12.0,13.0,14.0,15.0,16.0,17.0,19.0,19.0,20.0,23.0,28.0,inferred
Harrow,2021-04-01,6.0,9.0,10.0,11.0,12.0,13.0,14.0,16.0,17.0,18.0,19.0,21.0,25.0,inferred
Harrow,2021-04-02,5.0,7.0,9.0,9.0,10.0,11.0,12.0,13.0,15.0,15.0,16.0,18.0,23.0,inferred
Harrow,2021-04-03,3.0,5.0,7.0,7.0,8.0,9.0,10.0,11.0,12.0,13.0,13.0,15.0,19.0,inferred
Harrow,2021-04-04,4.0,6.0,8.0,8.0,9.0,10.0,11.0,12.0,13.0,14.0,15.0,17.0,21.0,inferred
Harrow,2021-04-05,6.0,8.0,10.0,11.0,11.0,12.0,14.0,15.0,16.0,17.0,18.0,20.0,24.0,inferred
Harrow,2021-04-06,5.0,8.0,10.0,10.0,11.0,12.0,13.0,15.0,16.0,17.0,18.0,20.0,24.0,inferred
Harrow,2021-04-07,6.0,8.0,10.0,11.0,11.0,13.0,14.0,15.0,16.0,17.0,18.0,21.0,24.5,inferred
Harrow,2021-04-08,5.0,8.0,9.0,10.0,11.0,12.0,13.0,14.0,15.0,16.0,17.0,20.0,24.0,inferred
Harrow,2021-04-09,4.0,7.0,8.0,9.0,9.0,10.0,11.0,13.0,14.0,15.0,16.0,18.0,22.0,inferred
Harrow,2021-04-10,3.0,5.0,6.0,7.0,7.0,8.0,9.0,10.0,11.0,12.0,13.0,15.0,19.0,inferred
Harrow,2021-04-11,4.0,6.0,7.0,8.0,8.0,10.0,11.0,12.0,13.0,14.0,14.0,17.0,21.0,inferred
Harrow,2021-04-12,5.0,7.0,9.0,10.0,11.0,12.0,13.0,14.0,16.0,16.0,17.0,20.0,24.0,inferred
Harrow,2021-04-13,5.0,8.0,10.0,10.0,11.0,12.0,13.0,15.0,16.0,17.0,18.0,20.0,25.0,inferred
Harrow,2021-04-14,6.0,8.0,10.0,10.0,11.0,12.0,13.0,15.0,16.0,17.0,18.0,20.0,24.0,inferred
Harrow,2021-04-15,5.0,7.0,9.0,9.0,10.0,11.0,12.0,14.0,15.0,16.0,17.0,19.0,24.0,inferred
Harrow,2021-04-16,4.0,6.0,8.0,8.0,9.0,10.0,11.0,12.0,13.0,14.0,15.0,17.0,20.0,inferred
Harrow,2021-04-17,3.0,4.0,6.0,6.0,7.0,8.0,9.0,10.0,11.0,12.0,13.0,15.0,18.0,inferred
Harrow,2021-04-18,4.0,6.0,7.0,8.0,8.0,9.0,10.0,12.0,13.0,14.0,14.0,16.0,20.0,inferred
Harrow,2021-04-19,6.0,8.0,10.0,11.0,11.0,12.0,13.0,15.0,16.0,17.0,18.0,21.0,25.0,inferred
Harrow,2021-04-20,5.0,8.0,10.0,10.0,11.0,12.0,13.0,14.0,16.0,17.0,18.0,20.0,24.5,inferred
Harrow,2021-04-21,6.0,8.0,10.0,10.0,11.0,12.0,14.0,15.0,16.0,17.0,18.0,21.0,25.0,inferred
Harrow,2021-04-22,5.0,7.0,9.0,10.0,10.0,11.0,13.0,14.0,15.0,16.0,17.0,20.0,24.0,inferred
Harrow,2021-04-23,4.0,6.0,8.0,8.0,9.0,10.0,11.0,12.0,13.0,14.0,15.0,17.0,20.0,inferred
Harrow,2021-04-24,3.0,5.0,6.0,6.0,7.0,8.0,9.0,10.0,11.0,11.0,12.0,15.0,18.0,inferred
Harrow,2021-04-25,3.0,5.0,7.0,7.0,8.0,9.0,10.0,11.0,12.0,13.0,14.0,16.0,20.0,inferred
Harrow,2021-04-26,5.0,7.0,9.0,10.0,10.0,11.0,13.0,14.0,15.0,16.0,17.0,19.0,23.0,inferred
Harrow,2021-04-27,5.0,7.0,9.0,9.0,10.0,11.0,12.0,13.0,15.0,15.0,16.0,19.0,23.0,inferred
Harrow,2021-04-28,5.0,7.0,9.0,9.0,10.0,11.0,12.0,13.0,15.0,15.0,16.0,19.0,22.0,inferred
Harrow,2021-04-29,4.0,6.0,8.0,8.0,9.0,10.0,11.0,12.0,13.0,14.0,15.0,17.0,21.0,inferred
Harrow,2021-04-30,3.0,5.0,7.0,7.0,8.0,9.0,10.0,11.0,12.0,13.0,13.0,15.0,19.0,inferred
Harrow,2021-05-01,2.0,4.0,5.0,6.0,6.0,7.0,8.0,9.0,10.0,10.0,11.0,13.0,17.0,inferred
Harrow,2021-05-02,3.0,4.0,6.0,6.0,7.0,8.0,9.0,10.0,11.0,12.0,12.0,15.0,18.0,inferred
Harrow,2021-05-03,4.0,6.0,8.0,8.0,9.0,10.0,11.0,12.0,14.0,14.0,15.0,17.0,21.0,inferred
Harrow,2021-05-04,4.0,6.0,7.0,8.0,9.0,10.0,11.0,12.0,13.0,14.0,15.0,17.0,21.0,inferred
Harrow,2021-05-05,4.0,6.0,8.0,8.0,9.0,10.0,11.0,12.0,13.0,14.0,15.0,17.0,21.0,inferred
Harrow,2021-05-06,3.0,6.0,7.0,8.0,8.0,9.0,10.0,11.0,12.0,13.0,14.0,16.0,19.0,inferred
Harrow,2021-05-07,3.0,5.0,6.0,7.0,7.0,8.0,9.0,10.0,11.0,12.0,13.0,15.0,18.0,inferred
Harrow,2021-05-08,2.0,4.0,5.0,5.0,6.0,7.0,7.0,8.0,9.0,10.0,10.0,12.0,15.0,inferred
Harrow,2021-05-09,3.0,4.0,6.0,6.0,6.0,7.0,8.0,9.0,10.0,11.0,12.0,14.0,17.0,inferred
Harrow,2021-05-10,4.0,6.0,7.0,8.0,8.0,9.0,10.0,11.0,12.0,13.0,14.0,16.0,20.5,inferred
Harrow,2021-05-11,4.0,6.0,7.0,8.0,8.0,9.0,11.0,12.0,13.0,14.0,14.0,17.0,20.0,inferred
Harrow,2021-05-12,4.0,6.0,7.0,8.0,8.0,9.0,10.0,12.0,13.0,14.0,14.0,17.0,21.0,inferred
Harrow,2021-05-13,3.0,5.0,6.0,7.0,8.0,9.0,9.0,10.0,11.0,12.0,13.0,15.0,19.0,inferred
Harrow,2021-05-14,3.0,4.0,6.0,6.0,7.0,8.0,9.0,10.0,11.0,11.0,12.0,14.0,18.0,inferred
Harrow,2021-05-15,2.0,3.0,4.0,5.0,5.0,6.0,7.0,8.0,9.0,9.0,10.0,12.0,15.0,inferred
Harrow,2021-05-16,2.0,4.0,5.0,5.0,6.0,7.0,8.0,9.0,10.0,10.0,11.0,13.0,17.0,inferred
Harrow,2021-05-17,3.0,5.0,7.0,7.0,8.0,9.0,10.0,11.0,12.0,13.0,14.0,16.0,19.0,inferred
Harrow,2021-05-18,3.0,5.0,7.0,7.0,8.0,9.0,10.0,11.0,12.0,13.0,14.0,16.0,19.0,inferred
Harrow,2021-05-19,3.0,5.0,7.0,7.0,8.0,9.0,10.0,11.0,12.0,13.0,14.0,16.0,19.0,inferred
Harrow,2021-05-20,3.0,5.0,6.0,7.0,7.0,8.0,9.0,10.0,11.0,12.0,13.0,15.0,18.0,inferred
Harrow,2021-05-21,2.0,4.0,5.0,6.0,6.0,7.0,8.0,9.0,10.0,11.0,12.0,13.1,17.0,inferred
Harrow,2021-05-22,1.0,3.0,4.0,5.0,5.0,6.0,7.0,8.0,8.0,9.0,10.0,11.0,15.0,inferred
Harrow,2021-05-23,2.0,4.0,5.0,5.0,6.0,7.0,8.0,9.0,10.0,10.0,11.0,13.0,17.0,inferred
Harrow,2021-05-24,4.0,6.0,7.0,8.0,8.0,9.0,10.0,12.0,13.0,13.0,14.0,17.0,21.0,inferred
Harrow,2021-05-25,3.0,6.0,7.0,8.0,8.0,10.0,10.0,11.0,13.0,13.0,14.0,16.0,21.0,inferred
Harrow,2021-05-26,4.0,6.0,8.0,8.0,9.0,10.0,11.0,12.0,14.0,14.0,15.0,17.0,20.0,inferred
Harrow,2021-05-27,4.0,6.0,7.0,8.0,8.0,9.0,10.0,11.0,13.0,13.0,14.0,17.0,20.0,inferred
Harrow,2021-05-28,3.0,5.0,6.0,7.0,7.0,8.0,10.0,11.0,12.0,13.0,13.0,15.0,19.0,inferred
Harrow,2021-05-29,2.0,4.0,5.0,6.0,6.0,7.0,8.0,9.0,10.0,11.0,11.0,13.0,17.0,inferred
Harrow,2021-05-30,3.0,5.0,6.0,7.0,7.0,8.0,9.0,10.0,11.0,12.0,13.0,15.0,18.0,inferred
Harrow,2021-05-31,4.0,7.0,9.0,9.0,10.0,11.0,12.0,13.0,15.0,15.0,16.0,18.0,22.0,inferred
Harrow,2021-06-01,5.0,7.0,9.0,9.0,10.0,11.0,12.0,13.0,15.0,16.0,16.0,19.0,23.0,inferred
Harrow,2021-06-02,6.0,8.0,9.0,10.0,11.0,12.0,13.0,14.0,15.0,16.0,17.0,20.0,24.0,inferred
Harrow,2021-06-03,5.0,7.0,9.0,9.0,10.0,11.0,12.0,14.0,15.0,16.0,16.0,19.0,23.0,inferred
Harrow,2021-06-04,4.0,6.0,8.0,9.0,9.0,10.0,11.0,12.0,14.0,15.0,15.0,17.0,21.5,inferred
Harrow,2021-06-05,3.0,5.0,7.0,7.0,8.0,9.0,10.0,11.0,12.0,13.0,13.0,15.0,19.5,inferred
Harrow,2021-06-06,4.0,6.0,8.0,9.0,9.0,10.0,11.5,13.0,14.0,14.0,15.0,18.0,21.0,inferred
Harrow,2021-06-07,7.0,9.0,11.0,12.0,13.0,14.0,16.0,17.0,18.0,19.0,20.0,22.0,26.0,inferred
Harrow,2021-06-08,7.0,10.0,12.0,12.0,13.0,15.0,16.0,17.0,19.0,20.0,21.0,23.0,27.0,inferred
Harrow,2021-06-09,7.0,10.0,12.0,13.0,14.0,15.0,17.0,18.0,19.0,20.0,21.0,24.0,29.0,inferred
Harrow,2021-06-10,7.0,10.0,12.0,13.0,13.0,15.0,16.0,18.0,19.0,20.0,21.0,24.0,28.0,inferred
Harrow,2021-06-11,7.0,9.0,11.0,12.0,12.0,14.0,15.0,16.0,17.3,18.0,20.0,22.0,26.0,inferred
Harrow,2021-06-12,5.0,7.0,9.0,10.0,11.0,12.0,13.0,14.0,15.0,16.0,17.0,19.0,23.0,inferred
Harrow,2021-06-13,7.0,9.0,11.0,12.0,12.0,14.0,15.0,16.0,18.0,18.0,19.0,22.0,26.0,inferred
Harrow,2021-06-14,10.0,13.0,15.0,16.0,17.0,18.0,20.0,21.0,23.0,23.0,25.0,28.0,33.0,inferred
Harrow,2021-06-15,10.0,13.0,15.0,16.0,17.0,19.0,20.0,21.0,23.0,24.0,25.2,28.0,33.0,inferred
Harrow,2021-06-16,11.0,14.0,16.0,17.0,18.0,20.0,22.0,23.0,25.0,26.0,27.0,30.0,35.0,inferred
Harrow,2021-06-17,10.0,13.0,16.0,17.0,17.0,19.0,21.0,22.0,24.0,25.0,26.0,29.0,35.0,inferred
Harrow,2021-06-18,9.0,12.0,14.0,15.0,16.0,18.0,19.0,21.0,22.0,23.0,24.0,27.0,33.0,inferred
Hart,2021-03-06,0.0,0.0,1.0,1.0,1.0,2.0,2.0,3.0,3.0,3.0,4.0,5.0,6.0,inferred
Hart,2021-03-07,0.0,1.0,1.0,2.0,2.0,2.0,3.0,3.0,4.0,4.0,4.0,6.0,8.0,inferred
Hart,2021-03-08,0.0,1.0,2.0,2.0,3.0,3.0,4.0,5.0,5.0,6.0,6.0,7.0,9.0,inferred
Hart,2021-03-09,0.0,1.0,2.0,2.0,3.0,3.0,4.0,5.0,5.0,6.0,6.0,8.0,10.0,inferred
Hart,2021-03-10,1.0,2.0,2.0,3.0,3.0,4.0,4.0,5.0,6.0,6.0,6.0,8.0,10.0,inferred
Hart,2021-03-11,0.0,1.0,2.0,3.0,3.0,4.0,4.0,5.0,5.0,6.0,6.0,7.0,10.0,inferred
Hart,2021-03-12,0.0,1.0,2.0,2.0,2.0,3.0,3.0,4.0,5.0,5.0,5.0,7.0,9.0,inferred
Hart,2021-03-13,0.0,1.0,1.0,1.0,2.0,2.0,3.0,3.0,4.0,4.0,4.0,6.0,8.0,inferred
Hart,2021-03-14,0.0,1.0,2.0,2.0,2.0,3.0,3.0,4.0,4.0,5.0,5.0,6.0,8.0,inferred
Hart,2021-03-15,0.0,1.0,2.0,2.0,3.0,3.0,4.0,4.0,5.0,6.0,6.0,8.0,10.0,inferred
Hart,2021-03-16,0.0,1.0,2.0,2.0,3.0,3.0,4.0,4.0,5.0,6.0,6.0,7.0,10.0,inferred
Hart,2021-03-17,0.0,2.0,2.0,3.0,3.0,4.0,4.0,5.0,5.0,6.0,6.0,8.0,10.0,inferred
Hart,2021-03-18,0.0,1.0,2.0,2.0,3.0,3.0,4.0,4.0,5.0,6.0,6.0,7.0,10.0,inferred
Hart,2021-03-19,0.0,1.0,2.0,2.0,2.0,3.0,4.0,4.0,5.0,5.0,6.0,7.0,9.0,inferred
Hart,2021-03-20,0.0,1.0,1.0,2.0,2.0,2.0,3.0,4.0,4.0,4.0,5.0,6.0,8.0,inferred
Hart,2021-03-21,0.0,1.0,2.0,2.0,3.0,3.0,4.0,4.0,5.0,5.0,6.0,7.0,9.0,inferred
Hart,2021-03-22,1.0,2.0,3.0,3.0,4.0,4.0,5.0,5.0,6.0,7.0,7.0,9.0,11.0,inferred
Hart,2021-03-23,1.0,2.0,3.0,3.0,3.0,4.0,5.0,5.0,6.0,6.0,7.0,8.0,11.0,inferred
Hart,2021-03-24,1.0,2.0,3.0,3.0,4.0,4.0,5.0,6.0,7.0,7.0,7.0,9.0,11.0,inferred
Hart,2021-03-25,1.0,2.0,3.0,3.0,3.0,4.0,5.0,5.0,6.0,6.0,7.0,8.0,11.0,inferred
Hart,2021-03-26,0.0,1.0,2.0,2.0,3.0,3.0,4.0,4.0,5.0,6.0,6.0,7.0,10.0,inferred
Hart,2021-03-27,0.0,1.0,1.0,2.0,2.0,3.0,3.0,4.0,4.0,5.0,5.0,6.0,8.0,inferred
Hart,2021-03-28,0.0,1.0,2.0,2.0,2.0,3.0,4.0,4.0,5.0,5.0,6.0,7.0,10.0,inferred
Hart,2021-03-29,1.0,1.0,2.0,3.0,3.0,4.0,4.0,5.0,6.0,6.0,6.0,8.0,10.0,inferred
Hart,2021-03-30,0.0,1.0,2.0,2.0,3.0,3.0,4.0,4.0,5.0,5.2,6.0,7.0,9.0,inferred
Hart,2021-03-31,0.0,1.0,2.0,2.0,3.0,3.0,4.0,4.0,5.0,5.0,6.0,7.0,9.0,inferred
Hart,2021-04-01,0.0,1.0,2.0,2.0,2.0,3.0,3.0,4.0,4.0,5.0,5.0,6.0,9.0,inferred
Hart,2021-04-02,0.0,1.0,1.0,1.0,2.0,2.0,3.0,3.0,4.0,4.0,4.0,5.0,7.0,inferred
Hart,2021-04-03,0.0,0.0,1.0,1.0,1.0,1.6,2.0,2.0,3.0,3.0,3.0,4.0,7.0,inferred
Hart,2021-04-04,0.0,0.0,1.0,1.0,1.0,2.0,2.0,3.0,3.0,3.0,4.0,5.0,7.0,inferred
Hart,2021-04-05,0.0,1.0,1.0,1.0,2.0,2.0,2.0,3.0,4.0,4.0,4.0,6.0,7.0,inferred
Hart,2021-04-06,0.0,0.0,1.0,1.0,1.0,2.0,2.0,3.0,3.0,4.0,4.0,5.0,7.0,inferred
Hart,2021-04-07,0.0,0.0,1.0,1.0,2.0,2.0,2.0,3.0,4.0,4.0,4.0,6.0,7.0,inferred
Hart,2021-04-08,0.0,0.0,1.0,1.0,1.0,2.0,2.0,3.0,3.0,4.0,4.0,5.0,7.0,inferred
Hart,2021-04-09,0.0,0.0,1.0,1.0,1.0,1.0,2.0,2.0,3.0,3.0,3.0,5.0,6.0,inferred
Hart,2021-04-10,0.0,0.0,0.0,1.0,1.0,1.0,1.0,2.0,2.0,3.0,3.0,4.0,5.0,inferred
Hart,2021-04-11,0.0,0.0,1.0,1.0,1.0,1.0,2.0,2.0,3.0,3.0,3.0,4.0,6.0,inferred
Hart,2021-04-12,0.0,0.0,1.0,1.0,1.0,2.0,2.0,2.0,3.0,3.0,4.0,5.0,7.0,inferred
Hart,2021-04-13,0.0,0.0,1.0,1.0,1.0,2.0,2.0,3.0,3.0,3.0,4.0,5.0,7.0,inferred
Hart,2021-04-14,0.0,0.0,1.0,1.0,1.0,2.0,2.0,3.0,3.0,3.0,4.0,5.0,6.0,inferred
Hart,2021-04-15,0.0,0.0,1.0,1.0,1.0,2.0,2.0,3.0,3.0,4.0,4.0,5.0,7.0,inferred
Hart,2021-04-16,0.0,0.0,1.0,1.0,1.0,1.0,2.0,2.0,3.0,3.0,3.0,4.0,6.0,inferred
Hart,2021-04-17,0.0,0.0,0.0,1.0,1.0,1.0,2.0,2.0,2.0,3.0,3.0,4.0,5.0,inferred
Hart,2021-04-18,0.0,0.0,1.0,1.0,1.0,1.0,2.0,2.0,3.0,3.0,3.0,4.0,6.0,inferred
Hart,2021-04-19,0.0,0.0,1.0,1.0,1.0,2.0,2.0,3.0,3.0,4.0,4.0,5.0,7.0,inferred
Hart,2021-04-20,0.0,0.0,1.0,1.0,1.0,2.0,2.0,3.0,3.0,4.0,4.0,5.0,7.0,inferred
Hart,2021-04-21,0.0,1.0,1.0,1.0,1.0,2.0,2.0,3.0,3.0,4.0,4.0,5.0,7.0,inferred
Hart,2021-04-22,0.0,0.0,1.0,1.0,1.0,2.0,2.0,3.0,3.0,3.0,4.0,5.0,7.0,inferred
Hart,2021-04-23,0.0,0.0,1.0,1.0,1.0,1.0,2.0,2.0,3.0,3.0,4.0,5.0,6.0,inferred
Hart,2021-04-24,0.0,0.0,0.0,1.0,1.0,1.0,1.0,2.0,2.0,3.0,3.0,4.0,5.0,inferred
Hart,2021-04-25,0.0,0.0,1.0,1.0,1.0,1.0,2.0,2.0,3.0,3.0,3.0,4.0,6.0,inferred
Hart,2021-04-26,0.0,0.0,1.0,1.0,1.0,2.0,2.0,3.0,3.0,3.0,4.0,5.0,7.0,inferred
Hart,2021-04-27,0.0,0.0,1.0,1.0,1.0,2.0,2.0,3.0,3.0,3.0,4.0,5.0,7.0,inferred
Hart,2021-04-28,0.0,0.0,1.0,1.0,1.0,2.0,2.0,3.0,3.0,4.0,4.0,5.0,7.0,inferred
Hart,2021-04-29,0.0,0.0,1.0,1.0,1.0,2.0,2.0,3.0,3.0,4.0,4.0,5.0,7.0,inferred
Hart,2021-04-30,0.0,0.0,1.0,1.0,1.0,1.0,2.0,2.0,3.0,3.0,4.0,5.0,7.0,inferred
Hart,2021-05-01,0.0,0.0,1.0,1.0,1.0,1.0,2.0,2.0,3.0,3.0,3.0,4.0,6.0,inferred
Hart,2021-05-02,0.0,0.0,1.0,1.0,1.0,2.0,2.0,2.0,3.0,3.0,4.0,5.0,7.0,inferred
Hart,2021-05-03,0.0,1.0,1.0,1.0,2.0,2.0,3.0,3.0,4.0,4.0,4.0,6.0,8.0,inferred
Hart,2021-05-04,0.0,1.0,1.0,1.0,2.0,2.0,3.0,3.0,4.0,4.0,4.0,6.0,8.0,inferred
Hart,2021-05-05,0.0,1.0,1.0,2.0,2.0,2.0,3.0,3.0,4.0,4.0,5.0,6.0,8.0,inferred
Hart,2021-05-06,0.0,1.0,1.0,2.0,2.0,2.0,3.0,3.0,4.0,4.0,5.0,6.0,8.0,inferred
Hart,2021-05-07,0.0,0.0,1.0,1.0,1.7,2.0,2.0,3.0,4.0,4.0,4.0,5.0,7.5,inferred
Hart,2021-05-08,0.0,0.0,1.0,1.0,1.0,2.0,2.0,3.0,3.0,3.0,4.0,5.0,7.0,inferred
Hart,2021-05-09,0.0,1.0,1.0,1.0,2.0,2.0,3.0,3.0,4.0,4.0,4.0,5.0,7.0,inferred
Hart,2021-05-10,0.0,1.0,2.0,2.0,2.0,3.0,3.0,4.0,5.0,5.0,5.0,6.0,9.0,inferred
Hart,2021-05-11,0.0,1.0,1.0,2.0,2.0,3.0,3.0,4.0,4.0,5.0,5.0,7.0,9.0,inferred
Hart,2021-05-12,0.0,1.0,2.0,2.0,2.0,3.0,3.0,4.0,5.0,5.0,5.0,7.0,9.0,inferred
Hart,2021-05-13,0.0,1.0,1.0,2.0,2.0,3.0,3.0,4.0,4.0,5.0,5.0,6.0,9.0,inferred
Hart,2021-05-14,0.0,1.0,1.0,1.0,2.0,2.0,3.0,3.0,4.0,4.0,4.0,5.0,8.0,inferred
Hart,2021-05-15,0.0,0.0,1.0,1.0,1.0,2.0,2.0,3.0,3.0,3.0,4.0,5.0,7.0,inferred
Hart,2021-05-16,0.0,0.0,1.0,1.0,2.0,2.0,3.0,3.0,4.0,4.0,4.0,6.0,7.5,inferred
Hart,2021-05-17,0.0,1.0,2.0,2.0,2.0,3.0,3.0,4.0,4.0,5.0,5.0,6.0,8.0,inferred
Hart,2021-05-18,0.0,1.0,1.0,2.0,2.0,2.0,3.0,3.0,4.0,4.0,5.0,6.0,8.0,inferred
Hart,2021-05-19,0.0,1.0,2.0,2.0,2.0,3.0,3.0,4.0,4.0,5.0,5.0,7.0,9.0,inferred
Hart,2021-05-20,0.0,1.0,2.0,2.0,2.0,3.0,3.0,4.0,4.0,5.0,5.0,6.0,8.0,inferred
Hart,2021-05-21,0.0,1.0,1.0,2.0,2.0,2.0,3.0,3.0,4.0,4.0,5.0,6.0,8.0,inferred
Hart,2021-05-22,0.0,0.0,1.0,1.0,1.0,2.0,2.0,3.0,3.0,4.0,4.0,5.0,8.0,inferred
Hart,2021-05-23,0.0,1.0,1.0,2.0,2.0,2.0,3.0,4.0,4.0,5.0,5.0,6.0,8.0,inferred
Hart,2021-05-24,0.0,1.0,2.0,2.0,3.0,3.0,4.0,5.0,5.0,6.0,6.0,8.0,10.0,inferred
Hart,2021-05-25,0.0,1.0,2.0,3.0,3.0,3.0,4.0,5.0,6.0,6.0,6.0,8.0,10.0,inferred
Hart,2021-05-26,1.0,2.0,3.0,3.0,3.0,4.0,5.0,5.0,6.0,6.0,7.0,8.0,11.0,inferred
Hart,2021-05-27,1.0,2.0,2.0,3.0,3.0,4.0,4.0,5.0,6.0,6.0,7.0,8.0,10.0,inferred
Hart,2021-05-28,1.0,1.0,2.0,2.8,3.0,3.0,4.0,5.0,5.0,6.0,6.0,7.0,9.5,inferred
Hart,2021-05-29,0.0,1.0,2.0,2.0,2.0,3.0,3.0,4.0,5.0,5.0,5.0,7.0,9.0,inferred
Hart,2021-05-30,1.0,2.0,2.0,3.0,3.0,4.0,4.0,5.0,6.0,6.0,6.0,8.0,10.0,inferred
Hart,2021-05-31,1.0,2.0,3.0,4.0,4.0,5.0,5.0,6.0,7.0,7.0,8.0,9.0,12.0,inferred
Hart,2021-06-01,1.0,2.0,3.0,4.0,4.0,5.0,6.0,6.0,7.0,8.0,8.0,10.0,12.0,inferred
Hart,2021-06-02,2.0,3.0,4.0,4.0,5.0,6.0,6.0,7.0,8.0,8.0,9.0,11.0,13.5,inferred
Hart,2021-06-03,1.0,3.0,4.0,4.0,5.0,5.0,6.0,7.0,8.0,8.0,9.0,10.0,12.0,inferred
Hart,2021-06-04,1.0,2.0,3.0,4.0,4.0,5.0,5.0,6.0,7.0,7.0,8.0,9.0,13.0,inferred
Hart,2021-06-05,1.0,2.0,3.0,3.0,3.0,4.0,5.0,5.0,6.0,7.0,7.0,9.0,11.0,inferred
Hart,2021-06-06,2.0,3.0,4.0,4.0,5.0,5.0,6.0,7.0,8.0,8.0,9.0,10.0,13.0,inferred
Hart,2021-06-07,2.0,4.0,5.0,6.0,6.0,7.0,8.0,8.0,10.0,10.0,11.0,13.0,16.0,inferred
Hart,2021-06-08,2.0,4.0,5.0,6.0,6.0,7.0,8.0,9.0,10.0,10.0,11.0,12.0,16.0,inferred
Hart,2021-06-09,3.0,4.0,6.0,6.0,7.0,7.0,8.0,9.0,10.0,11.0,12.0,13.0,16.0,inferred
Hart,2021-06-10,2.0,4.0,5.0,6.0,6.0,7.0,8.0,9.0,9.0,10.0,11.0,12.0,15.0,inferred
Hart,2021-06-11,2.0,3.0,4.0,5.0,5.0,6.0,6.0,7.0,8.0,9.0,9.0,11.0,14.0,inferred
Hart,2021-06-12,1.0,2.0,3.0,4.0,4.0,5.0,5.0,6.0,7.0,7.0,8.0,9.0,12.0,inferred
Hart,2021-06-13,2.0,3.0,4.0,5.0,5.0,6.0,7.0,7.0,8.0,9.0,9.0,11.0,13.0,inferred
Hart,2021-06-14,2.0,4.0,5.0,6.0,6.0,7.0,8.0,9.0,10.0,10.0,11.0,13.0,16.0,inferred
Hart,2021-06-15,3.0,4.0,5.0,6.0,6.0,7.0,8.0,9.0,10.0,10.0,11.0,13.0,16.0,inferred
Hart,2021-06-16,3.0,4.0,6.0,6.0,7.0,8.0,9.0,10.0,11.0,11.0,12.0,14.0,17.0,inferred
Hart,2021-06-17,2.0,4.0,5.0,6.0,6.0,7.0,8.0,9.0,10.0,11.0,12.0,13.0,17.0,inferred
Hart,2021-06-18,2.0,3.0,5.0,5.0,6.0,7.0,7.0,8.0,9.0,10.0,10.0,12.0,15.0,inferred
Hartlepool,2021-03-06,4.5,7.0,9.0,9.0,10.0,11.0,12.0,13.0,14.0,15.0,16.0,18.0,22.0,inferred
Hartlepool,2021-03-07,6.0,8.0,10.0,10.0,11.0,12.0,13.0,15.0,16.0,16.0,17.0,20.0,23.0,inferred
Hartlepool,2021-03-08,8.0,11.0,13.0,14.0,14.0,16.0,17.0,18.0,20.0,20.0,21.0,24.0,29.0,inferred
Hartlepool,2021-03-09,7.0,10.0,12.0,13.0,14.0,15.0,16.0,17.0,19.0,19.0,20.0,23.0,26.5,inferred
Hartlepool,2021-03-10,7.0,10.0,12.0,13.0,13.0,15.0,16.0,17.0,19.0,19.0,20.0,23.0,28.0,inferred
Hartlepool,2021-03-11,6.0,9.0,10.0,11.0,12.0,13.0,14.0,16.0,17.0,18.0,19.0,21.0,25.0,inferred
Hartlepool,2021-03-12,5.0,8.0,9.0,10.0,10.0,12.0,13.0,14.0,15.0,16.0,17.0,20.0,24.0,inferred
Hartlepool,2021-03-13,4.0,6.0,7.0,8.0,8.0,9.0,10.0,11.0,13.0,13.0,14.0,16.0,20.0,inferred
Hartlepool,2021-03-14,4.0,6.0,8.0,8.0,9.0,10.0,11.0,12.0,13.0,14.0,15.0,17.0,21.0,inferred
Hartlepool,2021-03-15,6.0,8.0,10.0,11.0,12.0,13.0,14.0,15.0,17.0,18.0,18.0,21.0,25.0,inferred
Hartlepool,2021-03-16,5.0,8.0,9.0,10.0,10.0,12.0,13.0,14.0,15.0,16.0,17.0,20.0,25.0,inferred
Hartlepool,2021-03-17,6.0,8.0,10.0,10.0,11.0,12.0,13.0,15.0,16.0,17.0,18.0,20.0,24.0,inferred
Hartlepool,2021-03-18,5.0,7.0,9.0,10.0,10.0,12.0,13.0,14.0,15.0,16.0,17.0,19.0,22.5,inferred
Hartlepool,2021-03-19,4.5,7.0,8.0,9.0,9.0,11.0,12.0,13.0,14.0,15.0,16.0,18.0,23.0,inferred
Hartlepool,2021-03-20,3.0,5.0,6.0,7.0,7.7,9.0,9.0,10.0,12.0,12.0,13.0,15.0,19.0,inferred
Hartlepool,2021-03-21,4.0,6.0,7.0,8.0,8.0,9.0,10.0,12.0,13.0,14.0,14.0,16.0,19.5,inferred
Hartlepool,2021-03-22,6.0,8.0,10.0,11.0,11.0,12.0,13.0,15.0,16.0,17.0,18.0,20.0,25.0,inferred
Hartlepool,2021-03-23,5.0,7.0,9.0,10.0,10.0,11.0,13.0,14.0,15.0,16.0,17.0,19.0,23.0,inferred
Hartlepool,2021-03-24,5.0,7.0,9.0,10.0,10.0,12.0,13.0,14.0,15.0,16.0,17.0,19.0,24.0,inferred
Hartlepool,2021-03-25,4.0,7.0,8.0,9.0,9.0,10.0,12.0,13.0,14.0,15.0,16.0,18.0,22.0,inferred
Hartlepool,2021-03-26,4.0,6.0,7.0,8.0,8.0,9.0,10.0,12.0,13.0,14.0,14.0,17.0,20.0,inferred
Hartlepool,2021-03-27,3.0,4.0,6.0,6.0,7.0,8.0,9.0,10.0,11.0,11.0,12.0,14.0,18.0,inferred
Hartlepool,2021-03-28,3.0,5.0,6.0,7.0,7.0,8.0,9.0,10.0,11.0,12.0,12.0,14.0,18.0,inferred
Hartlepool,2021-03-29,4.0,6.0,8.0,9.0,9.0,10.0,11.0,13.0,14.0,15.0,15.0,18.0,21.0,inferred
Hartlepool,2021-03-30,4.0,5.0,7.0,8.0,8.0,9.0,10.0,11.0,13.0,13.0,14.0,16.0,20.0,inferred
Hartlepool,2021-03-31,4.0,5.9,7.0,8.0,8.0,9.0,10.0,11.0,12.0,13.0,14.0,16.0,20.0,inferred
Hartlepool,2021-04-01,3.0,4.0,6.0,6.0,7.0,8.0,9.0,10.0,11.0,12.0,13.0,15.0,18.5,inferred
Hartlepool,2021-04-02,2.0,4.0,5.0,6.0,6.0,7.0,8.0,9.0,10.0,10.0,11.0,13.0,16.5,inferred
Hartlepool,2021-04-03,1.0,3.0,4.0,4.0,4.0,5.0,6.0,7.0,8.0,8.0,9.0,11.0,14.0,inferred
Hartlepool,2021-04-04,1.0,3.0,4.0,4.0,5.0,6.0,6.0,7.0,8.0,9.0,9.0,11.0,15.0,inferred
Hartlepool,2021-04-05,2.0,4.0,5.0,6.0,6.0,7.0,8.0,9.0,10.0,10.0,11.0,13.0,17.0,inferred
Hartlepool,2021-04-06,2.0,3.0,4.0,5.0,5.0,6.0,7.0,8.0,9.0,10.0,10.0,12.0,16.0,inferred
Hartlepool,2021-04-07,2.0,3.0,4.0,5.0,5.0,6.0,7.0,8.0,9.0,9.0,10.0,12.0,15.0,inferred
Hartlepool,2021-04-08,1.0,3.0,4.0,4.0,5.0,5.0,6.0,7.0,8.0,9.0,9.0,11.0,14.0,inferred
Hartlepool,2021-04-09,1.0,2.0,3.0,3.0,4.0,5.0,5.0,6.0,7.0,8.0,8.0,10.0,13.0,inferred
Hartlepool,2021-04-10,0.0,1.0,2.0,3.0,3.0,4.0,4.0,5.0,6.0,6.0,7.0,9.0,11.0,inferred
Hartlepool,2021-04-11,1.0,2.0,2.0,3.0,3.0,4.0,4.0,5.0,6.0,6.0,7.0,9.0,12.0,inferred
Hartlepool,2021-04-12,1.0,2.0,3.0,4.0,4.0,5.0,6.0,7.0,8.0,8.0,9.0,11.0,14.0,inferred
Hartlepool,2021-04-13,1.0,2.0,3.0,3.0,4.0,4.0,5.0,6.0,7.0,7.0,8.0,10.0,12.0,inferred
Hartlepool,2021-04-14,1.0,2.0,3.0,3.0,4.0,5.0,5.0,6.0,7.0,8.0,8.0,10.0,13.0,inferred
Hartlepool,2021-04-15,1.0,2.0,3.0,3.0,3.0,4.0,5.0,6.0,6.0,7.0,8.0,9.0,12.0,inferred
Hartlepool,2021-04-16,0.0,2.0,2.0,3.0,3.0,4.0,4.0,5.0,6.0,6.0,7.0,8.0,11.0,inferred
Hartlepool,2021-04-17,0.0,1.0,2.0,2.0,2.0,3.0,3.0,4.0,5.0,5.0,6.0,7.1,10.0,inferred
Hartlepool,2021-04-18,0.0,1.0,2.0,2.0,2.0,3.0,4.0,4.0,5.0,6.0,6.0,8.0,10.0,inferred
Hartlepool,2021-04-19,1.0,2.0,2.0,3.0,3.0,4.0,5.0,5.0,6.0,7.0,7.0,9.0,11.5,inferred
Hartlepool,2021-04-20,0.0,1.0,2.0,3.0,3.0,3.0,4.0,5.0,6.0,6.0,7.0,8.0,10.0,inferred
Hartlepool,2021-04-21,0.0,1.0,2.0,3.0,3.0,4.0,4.0,5.0,6.0,6.0,7.0,8.0,11.0,inferred
Hartlepool,2021-04-22,0.0,1.0,2.0,2.0,2.0,3.0,4.0,4.0,5.0,5.0,6.0,8.0,11.0,inferred
Hartlepool,2021-04-23,0.0,1.0,2.0,2.0,2.0,3.0,3.0,4.0,5.0,5.0,5.0,7.0,10.0,inferred
Hartlepool,2021-04-24,0.0,0.0,1.0,1.0,2.0,2.0,3.0,3.0,4.0,4.0,5.0,6.0,8.0,inferred
Hartlepool,2021-04-25,0.0,1.0,1.0,1.0,2.0,2.0,3.0,3.0,4.0,4.0,5.0,6.0,8.0,inferred
Hartlepool,2021-04-26,0.0,1.0,1.0,2.0,2.0,3.0,3.0,4.0,5.0,5.0,5.0,7.0,9.0,inferred
Hartlepool,2021-04-27,0.0,1.0,1.0,1.8,2.0,2.0,3.0,3.0,4.0,4.2,5.0,6.0,9.0,inferred
Hartlepool,2021-04-28,0.0,1.0,1.0,2.0,2.0,2.0,3.0,3.0,4.0,5.0,5.0,6.0,8.0,inferred
Hartlepool,2021-04-29,0.0,0.0,1.0,1.0,2.0,2.0,3.0,3.0,4.0,4.0,5.0,6.0,8.0,inferred
Hartlepool,2021-04-30,0.0,0.0,1.0,1.0,1.0,2.0,2.0,3.0,3.0,4.0,4.0,5.0,8.0,inferred
Hartlepool,2021-05-01,0.0,0.0,0.0,1.0,1.0,1.0,2.0,2.0,2.0,3.0,3.0,4.0,6.5,inferred
Hartlepool,2021-05-02,0.0,0.0,1.0,1.0,1.0,1.0,2.0,2.0,3.0,3.0,3.0,5.0,7.0,inferred
Hartlepool,2021-05-03,0.0,0.0,1.0,1.0,1.0,2.0,2.0,3.0,3.0,4.0,4.0,6.0,8.0,inferred
Hartlepool,2021-05-04,0.0,0.0,1.0,1.0,1.0,2.0,2.0,2.0,3.0,3.0,4.0,5.0,8.0,inferred
Hartlepool,2021-05-05,0.0,0.0,1.0,1.0,1.0,2.0,2.0,2.0,3.0,4.0,4.0,5.0,7.0,inferred
Hartlepool,2021-05-06,0.0,0.0,1.0,1.0,1.0,1.0,2.0,2.0,3.0,3.0,3.0,5.0,7.0,inferred
Hartlepool,2021-05-07,0.0,0.0,0.0,1.0,1.0,1.0,2.0,2.0,3.0,3.0,3.0,4.0,7.0,inferred
Hartlepool,2021-05-08,0.0,0.0,0.0,0.0,1.0,1.0,1.0,2.0,2.0,3.0,3.0,4.0,6.0,inferred
Hartlepool,2021-05-09,0.0,0.0,0.0,0.0,1.0,1.0,1.0,2.0,2.0,2.0,3.0,4.0,6.0,inferred
Hartlepool,2021-05-10,0.0,0.0,0.0,1.0,1.0,1.0,2.0,2.0,3.0,3.0,3.0,5.0,7.0,inferred
Hartlepool,2021-05-11,0.0,0.0,0.0,1.0,1.0,1.0,1.0,2.0,2.0,3.0,3.0,4.0,6.0,inferred
Hartlepool,2021-05-12,0.0,0.0,0.0,0.0,1.0,1.0,1.0,2.0,2.0,3.0,3.0,4.0,6.0,inferred
Hartlepool,2021-05-13,0.0,0.0,0.0,0.0,1.0,1.0,1.0,2.0,2.0,3.0,3.0,4.0,6.0,inferred
Hartlepool,2021-05-14,0.0,0.0,0.0,0.0,0.0,1.0,1.0,1.0,2.0,2.0,3.0,4.0,5.0,inferred
Hartlepool,2021-05-15,0.0,0.0,0.0,0.0,0.0,1.0,1.0,1.0,2.0,2.0,2.0,3.0,5.0,inferred
Hartlepool,2021-05-16,0.0,0.0,0.0,0.0,0.0,1.0,1.0,1.0,2.0,2.0,2.0,3.0,5.0,inferred
Hartlepool,2021-05-17,0.0,0.0,0.0,0.0,1.0,1.0,1.0,2.0,2.0,2.0,3.0,4.0,6.0,inferred
Hartlepool,2021-05-18,0.0,0.0,0.0,0.0,0.0,1.0,1.0,1.0,2.0,2.0,3.0,3.0,5.0,inferred
Hartlepool,2021-05-19,0.0,0.0,0.0,0.0,0.0,1.0,1.0,1.0,2.0,2.0,3.0,4.0,5.0,inferred
Hartlepool,2021-05-20,0.0,0.0,0.0,0.0,0.0,1.0,1.0,1.0,2.0,2.0,2.0,3.0,5.0,inferred
Hartlepool,2021-05-21,0.0,0.0,0.0,0.0,0.0,0.0,1.0,1.0,2.0,2.0,2.0,3.0,5.0,inferred
Hartlepool,2021-05-22,0.0,0.0,0.0,0.0,0.0,0.0,1.0,1.0,1.0,2.0,2.0,3.0,4.0,inferred
Hartlepool,2021-05-23,0.0,0.0,0.0,0.0,0.0,0.0,1.0,1.0,1.0,2.0,2.0,3.0,5.0,inferred
Hartlepool,2021-05-24,0.0,0.0,0.0,0.0,0.0,1.0,1.0,2.0,2.0,2.0,3.0,4.0,5.0,inferred
Hartlepool,2021-05-25,0.0,0.0,0.0,0.0,0.0,1.0,1.0,1.0,2.0,2.0,2.0,3.0,5.0,inferred
Hartlepool,2021-05-26,0.0,0.0,0.0,0.0,0.0,1.0,1.0,2.0,2.0,2.0,3.0,4.0,6.0,inferred
Hartlepool,2021-05-27,0.0,0.0,0.0,0.0,0.0,1.0,1.0,2.0,2.0,2.0,3.0,4.0,5.0,inferred
Hartlepool,2021-05-28,0.0,0.0,0.0,0.0,0.0,1.0,1.0,1.0,2.0,2.0,2.0,3.0,5.0,inferred
Hartlepool,2021-05-29,0.0,0.0,0.0,0.0,0.0,0.0,1.0,1.0,1.0,2.0,2.0,3.0,5.0,inferred
Hartlepool,2021-05-30,0.0,0.0,0.0,0.0,0.0,1.0,1.0,1.0,2.0,2.0,2.0,3.0,5.0,inferred
Hartlepool,2021-05-31,0.0,0.0,0.0,1.0,1.0,1.0,1.0,2.0,2.0,3.0,3.0,4.0,6.0,inferred
Hartlepool,2021-06-01,0.0,0.0,0.0,1.0,1.0,1.0,2.0,2.0,3.0,3.0,3.0,4.0,7.0,inferred
Hartlepool,2021-06-02,0.0,0.0,1.0,1.0,1.0,1.0,2.0,2.0,3.0,3.0,4.0,5.0,7.0,inferred
Hartlepool,2021-06-03,0.0,0.0,1.0,1.0,1.0,2.0,2.0,2.4,3.0,3.0,4.0,5.0,7.0,inferred
Hartlepool,2021-06-04,0.0,0.0,1.0,1.0,1.0,2.0,2.0,3.0,3.3,4.0,4.0,5.0,8.0,inferred
Hartlepool,2021-06-05,0.0,0.0,1.0,1.0,1.0,2.0,2.0,3.0,3.0,4.0,4.0,5.0,8.0,inferred
Hartlepool,2021-06-06,0.0,1.0,1.0,1.0,2.0,2.0,3.0,4.0,4.0,5.0,5.0,7.0,9.0,inferred
Hartlepool,2021-06-07,0.0,1.0,2.0,3.0,3.0,4.0,5.0,5.0,6.0,7.0,7.0,9.0,12.0,inferred
Hartlepool,2021-06-08,1.0,2.0,3.0,3.0,4.0,4.0,5.0,6.0,7.0,7.0,8.0,10.0,13.0,inferred
Hartlepool,2021-06-09,1.0,2.0,3.0,4.0,4.0,5.0,6.0,7.0,8.0,8.0,9.0,11.0,14.0,inferred
Hartlepool,2021-06-10,1.0,3.0,4.0,4.0,4.0,5.0,6.0,7.0,8.0,8.0,9.0,11.0,14.5,inferred
Hartlepool,2021-06-11,1.0,3.0,4.0,4.0,4.0,5.0,6.0,7.0,8.0,8.0,9.0,11.0,14.0,inferred
Hartlepool,2021-06-12,1.0,2.0,3.0,4.0,4.0,5.0,5.0,6.0,7.0,8.0,8.0,10.0,13.0,inferred
Hartlepool,2021-06-13,1.0,3.0,4.0,5.0,5.0,6.0,7.0,7.0,8.3,9.0,10.0,11.0,15.0,inferred
Hartlepool,2021-06-14,3.0,5.0,6.0,7.0,7.0,8.0,9.0,10.0,12.0,12.0,13.0,15.0,19.0,inferred
Hartlepool,2021-06-15,3.0,5.0,6.0,7.0,7.0,8.0,9.0,10.0,11.0,12.0,13.0,15.0,19.0,inferred
Hartlepool,2021-06-16,3.0,5.0,7.0,8.0,8.0,9.0,10.0,12.0,13.0,14.0,14.0,17.0,21.0,inferred
Hartlepool,2021-06-17,4.0,6.0,7.0,8.0,8.0,9.0,11.0,12.0,13.0,14.0,15.0,17.0,21.0,inferred
Hartlepool,2021-06-18,3.0,5.0,7.0,8.0,8.0,9.0,10.0,12.0,13.0,14.0,14.0,17.0,21.0,inferred
Hastings,2021-03-06,0.0,1.0,1.0,2.0,2.0,2.0,3.0,3.0,4.0,4.0,5.0,6.0,8.0,inferred
Hastings,2021-03-07,0.0,1.0,2.0,2.0,2.0,3.0,3.0,4.0,4.0,5.0,5.0,7.0,9.0,inferred
Hastings,2021-03-08,0.0,1.0,2.0,2.0,3.0,3.0,4.0,4.0,5.0,5.0,6.0,7.0,9.0,inferred
Hastings,2021-03-09,0.0,1.0,1.0,2.0,2.0,3.0,3.0,4.0,4.0,5.0,5.0,6.0,9.0,inferred
Hastings,2021-03-10,0.0,1.0,1.0,2.0,2.0,2.0,3.0,3.0,4.0,4.0,5.0,6.0,8.0,inferred
Hastings,2021-03-11,0.0,0.0,1.0,1.0,2.0,2.0,2.0,3.0,4.0,4.0,4.0,5.0,7.0,inferred
Hastings,2021-03-12,0.0,0.0,1.0,1.0,1.0,2.0,2.0,2.0,3.0,3.0,3.0,5.0,6.0,inferred
Hastings,2021-03-13,0.0,0.0,0.0,1.0,1.0,1.0,1.0,2.0,2.0,2.0,3.0,4.0,5.0,inferred
Hastings,2021-03-14,0.0,0.0,0.0,1.0,1.0,1.0,2.0,2.0,2.3,3.0,3.0,4.0,6.0,inferred
Hastings,2021-03-15,0.0,0.0,1.0,1.0,1.0,1.0,2.0,2.0,3.0,3.0,4.0,5.0,7.0,inferred
Hastings,2021-03-16,0.0,0.0,1.0,1.0,1.0,1.0,2.0,2.0,3.0,3.0,3.0,4.0,6.0,inferred
Hastings,2021-03-17,0.0,0.0,1.0,1.0,1.0,1.0,2.0,2.0,3.0,3.0,3.0,4.0,6.0,inferred
Hastings,2021-03-18,0.0,0.0,0.0,1.0,1.0,1.0,1.0,2.0,2.0,3.0,3.0,4.0,6.0,inferred
Hastings,2021-03-19,0.0,0.0,0.0,0.0,1.0,1.0,1.0,2.0,2.0,2.0,3.0,3.0,5.0,inferred
Hastings,2021-03-20,0.0,0.0,0.0,0.0,0.0,1.0,1.0,1.0,2.0,2.0,2.0,3.0,5.0,inferred
Hastings,2021-03-21,0.0,0.0,0.0,0.0,0.0,1.0,1.0,1.0,2.0,2.0,2.0,3.0,4.5,inferred
Hastings,2021-03-22,0.0,0.0,0.0,0.0,1.0,1.0,1.0,2.0,2.0,2.0,3.0,3.0,5.0,inferred
Hastings,2021-03-23,0.0,0.0,0.0,0.0,0.0,1.0,1.0,1.0,2.0,2.0,2.0,3.0,5.0,inferred
Hastings,2021-03-24,0.0,0.0,0.0,0.0,1.0,1.0,1.0,1.0,2.0,2.0,2.0,3.0,5.0,inferred
Hastings,2021-03-25,0.0,0.0,0.0,0.0,0.0,1.0,1.0,1.0,2.0,2.0,2.0,3.0,4.0,inferred
Hastings,2021-03-26,0.0,0.0,0.0,0.0,0.0,1.0,1.0,1.0,1.0,2.0,2.0,3.0,4.0,inferred
Hastings,2021-03-27,0.0,0.0,0.0,0.0,0.0,0.0,1.0,1.0,1.0,1.0,1.0,2.0,4.0,inferred
Hastings,2021-03-28,0.0,0.0,0.0,0.0,0.0,0.0,1.0,1.0,1.0,1.0,2.0,3.0,4.0,inferred
Hastings,2021-03-29,0.0,0.0,0.0,0.0,0.0,1.0,1.0,1.0,2.0,2.0,2.0,3.0,4.0,inferred
Hastings,2021-03-30,0.0,0.0,0.0,0.0,0.0,1.0,1.0,1.0,1.0,2.0,2.0,3.0,4.0,inferred
Hastings,2021-03-31,0.0,0.0,0.0,0.0,0.0,0.0,1.0,1.0,1.0,2.0,2.0,3.0,4.0,inferred
Hastings,2021-04-01,0.0,0.0,0.0,0.0,0.0,0.0,1.0,1.0,1.0,2.0,2.0,3.0,4.0,inferred
Hastings,2021-04-02,0.0,0.0,0.0,0.0,0.0,0.0,1.0,1.0,1.0,1.0,2.0,2.0,4.0,inferred
Hastings,2021-04-03,0.0,0.0,0.0,0.0,0.0,0.0,0.0,1.0,1.0,1.0,1.0,2.0,3.0,inferred
Hastings,2021-04-04,0.0,0.0,0.0,0.0,0.0,0.0,0.0,1.0,1.0,1.0,1.0,2.0,3.0,inferred
Hastings,2021-04-05,0.0,0.0,0.0,0.0,0.0,0.0,1.0,1.0,1.0,2.0,2.0,2.0,4.0,inferred
Hastings,2021-04-06,0.0,0.0,0.0,0.0,0.0,0.0,1.0,1.0,1.0,1.0,2.0,2.0,4.0,inferred
Hastings,2021-04-07,0.0,0.0,0.0,0.0,0.0,0.0,1.0,1.0,1.0,1.0,2.0,2.0,4.0,inferred
Hastings,2021-04-08,0.0,0.0,0.0,0.0,0.0,0.0,1.0,1.0,1.0,1.0,2.0,2.0,4.0,inferred
Hastings,2021-04-09,0.0,0.0,0.0,0.0,0.0,0.0,1.0,1.0,1.0,1.0,2.0,2.0,3.5,inferred
Hastings,2021-04-10,0.0,0.0,0.0,0.0,0.0,0.0,0.0,1.0,1.0,1.0,1.0,2.0,3.0,inferred
Hastings,2021-04-11,0.0,0.0,0.0,0.0,0.0,0.0,1.0,1.0,1.0,1.0,2.0,2.0,4.0,inferred
Hastings,2021-04-12,0.0,0.0,0.0,0.0,0.0,0.0,1.0,1.0,1.0,2.0,2.0,3.0,4.0,inferred
Hastings,2021-04-13,0.0,0.0,0.0,0.0,0.0,1.0,1.0,1.0,2.0,2.0,2.0,3.0,4.0,inferred
Hastings,2021-04-14,0.0,0.0,0.0,0.0,0.0,1.0,1.0,1.0,2.0,2.0,2.0,3.0,4.0,inferred
Hastings,2021-04-15,0.0,0.0,0.0,0.0,0.0,0.0,1.0,1.0,1.0,2.0,2.0,3.0,4.0,inferred
Hastings,2021-04-16,0.0,0.0,0.0,0.0,0.0,0.0,1.0,1.0,1.0,2.0,2.0,3.0,4.0,inferred
Hastings,2021-04-17,0.0,0.0,0.0,0.0,0.0,0.0,0.0,1.0,1.0,1.0,2.0,2.0,4.0,inferred
Hastings,2021-04-18,0.0,0.0,0.0,0.0,0.0,0.0,1.0,1.0,1.0,2.0,2.0,3.0,4.0,inferred
Hastings,2021-04-19,0.0,0.0,0.0,0.0,0.0,1.0,1.0,1.0,2.0,2.0,2.0,3.0,4.0,inferred
Hastings,2021-04-20,0.0,0.0,0.0,0.0,0.0,1.0,1.0,1.0,2.0,2.0,2.0,3.0,4.0,inferred
Hastings,2021-04-21,0.0,0.0,0.0,0.0,0.0,1.0,1.0,1.0,2.0,2.0,2.0,3.0,4.0,inferred
Hastings,2021-04-22,0.0,0.0,0.0,0.0,0.0,1.0,1.0,1.0,2.0,2.0,2.0,3.0,4.0,inferred
Hastings,2021-04-23,0.0,0.0,0.0,0.0,0.0,1.0,1.0,1.0,2.0,2.0,2.0,3.0,4.0,inferred
Hastings,2021-04-24,0.0,0.0,0.0,0.0,0.0,0.0,1.0,1.0,1.0,2.0,2.0,3.0,4.0,inferred
Hastings,2021-04-25,0.0,0.0,0.0,0.0,0.0,1.0,1.0,1.0,2.0,2.0,2.0,3.0,5.0,inferred
Hastings,2021-04-26,0.0,0.0,0.0,0.0,0.0,1.0,1.0,1.0,2.0,2.0,2.0,3.0,5.0,inferred
Hastings,2021-04-27,0.0,0.0,0.0,0.0,1.0,1.0,1.0,1.0,2.0,2.0,2.0,3.0,5.0,inferred
Hastings,2021-04-28,0.0,0.0,0.0,0.0,1.0,1.0,1.0,2.0,2.0,2.0,3.0,3.0,5.0,inferred
Hastings,2021-04-29,0.0,0.0,0.0,0.0,0.0,1.0,1.0,1.0,2.0,2.0,2.0,3.0,5.0,inferred
Hastings,2021-04-30,0.0,0.0,0.0,0.0,0.0,1.0,1.0,1.0,2.0,2.0,2.0,3.0,5.0,inferred
Hastings,2021-05-01,0.0,0.0,0.0,0.0,0.0,0.0,1.0,1.0,1.0,1.0,2.0,2.0,4.0,inferred
Hastings,2021-05-02,0.0,0.0,0.0,0.0,0.0,0.6,1.0,1.0,1.0,2.0,2.0,3.0,4.0,inferred
Hastings,2021-05-03,0.0,0.0,0.0,0.0,0.0,1.0,1.0,1.0,2.0,2.0,2.0,3.0,5.0,inferred
Hastings,2021-05-04,0.0,0.0,0.0,0.0,0.0,1.0,1.0,1.0,2.0,2.0,2.0,3.0,4.0,inferred
Hastings,2021-05-05,0.0,0.0,0.0,0.0,0.0,1.0,1.0,1.0,2.0,2.0,2.0,3.0,4.0,inferred
Hastings,2021-05-06,0.0,0.0,0.0,0.0,0.0,1.0,1.0,1.0,1.0,2.0,2.0,3.0,4.0,inferred
Hastings,2021-05-07,0.0,0.0,0.0,0.0,0.0,0.0,1.0,1.0,1.0,1.0,2.0,2.0,4.0,inferred
Hastings,2021-05-08,0.0,0.0,0.0,0.0,0.0,0.0,0.0,1.0,1.0,1.0,1.0,2.0,3.0,inferred
Hastings,2021-05-09,0.0,0.0,0.0,0.0,0.0,0.0,1.0,1.0,1.0,1.0,2.0,2.0,3.0,inferred
Hastings,2021-05-10,0.0,0.0,0.0,0.0,0.0,0.0,1.0,1.0,1.0,1.0,2.0,2.0,4.0,inferred
Hastings,2021-05-11,0.0,0.0,0.0,0.0,0.0,0.0,1.0,1.0,1.0,1.0,2.0,2.0,4.0,inferred
Hastings,2021-05-12,0.0,0.0,0.0,0.0,0.0,0.0,1.0,1.0,1.0,1.0,2.0,2.0,4.0,inferred
Hastings,2021-05-13,0.0,0.0,0.0,0.0,0.0,0.0,1.0,1.0,1.0,1.0,2.0,2.0,4.0,inferred
Hastings,2021-05-14,0.0,0.0,0.0,0.0,0.0,0.0,0.0,1.0,1.0,1.0,1.0,2.0,3.0,inferred
Hastings,2021-05-15,0.0,0.0,0.0,0.0,0.0,0.0,0.0,1.0,1.0,1.0,1.0,2.0,3.0,inferred
Hastings,2021-05-16,0.0,0.0,0.0,0.0,0.0,0.0,0.0,1.0,1.0,1.0,1.0,2.0,3.0,inferred
Hastings,2021-05-17,0.0,0.0,0.0,0.0,0.0,0.0,1.0,1.0,1.0,1.0,2.0,2.0,4.0,inferred
Hastings,2021-05-18,0.0,0.0,0.0,0.0,0.0,0.0,1.0,1.0,1.0,1.0,2.0,3.0,4.0,inferred
Hastings,2021-05-19,0.0,0.0,0.0,0.0,0.0,0.0,1.0,1.0,1.0,2.0,2.0,2.0,4.0,inferred
Hastings,2021-05-20,0.0,0.0,0.0,0.0,0.0,0.0,1.0,1.0,1.0,2.0,2.0,2.0,4.0,inferred
Hastings,2021-05-21,0.0,0.0,0.0,0.0,0.0,0.0,1.0,1.0,1.0,1.0,2.0,3.0,4.0,inferred
Hastings,2021-05-22,0.0,0.0,0.0,0.0,0.0,0.0,0.0,1.0,1.0,1.0,1.0,2.0,3.0,inferred
Hastings,2021-05-23,0.0,0.0,0.0,0.0,0.0,0.0,1.0,1.0,1.0,2.0,2.0,3.0,4.0,inferred
Hastings,2021-05-24,0.0,0.0,0.0,0.0,0.0,1.0,1.0,1.0,2.0,2.0,2.0,3.0,4.0,inferred
Hastings,2021-05-25,0.0,0.0,0.0,0.0,0.0,1.0,1.0,1.0,2.0,2.0,2.0,3.0,5.0,inferred
Hastings,2021-05-26,0.0,0.0,0.0,0.0,1.0,1.0,1.0,2.0,2.0,2.0,2.0,3.0,5.0,inferred
Hastings,2021-05-27,0.0,0.0,0.0,0.0,0.0,1.0,1.0,1.0,2.0,2.0,2.0,3.0,5.0,inferred
Hastings,2021-05-28,0.0,0.0,0.0,0.0,0.0,1.0,1.0,1.0,2.0,2.0,2.0,3.0,4.0,inferred
Hastings,2021-05-29,0.0,0.0,0.0,0.0,0.0,0.0,1.0,1.0,1.0,2.0,2.0,3.0,4.0,inferred
Hastings,2021-05-30,0.0,0.0,0.0,0.0,0.0,1.0,1.0,1.0,2.0,2.0,2.0,3.0,4.0,inferred
Hastings,2021-05-31,0.0,0.0,0.0,0.0,1.0,1.0,1.0,2.0,2.0,2.0,3.0,3.0,5.0,inferred
Hastings,2021-06-01,0.0,0.0,0.0,0.0,1.0,1.0,1.0,1.0,2.0,2.0,2.2,4.0,5.0,inferred
Hastings,2021-06-02,0.0,0.0,0.0,0.8,1.0,1.0,1.0,2.0,2.0,2.0,3.0,4.0,5.0,inferred
Hastings,2021-06-03,0.0,0.0,0.0,0.0,1.0,1.0,1.0,2.0,2.0,2.0,3.0,4.0,5.0,inferred
Hastings,2021-06-04,0.0,0.0,0.0,0.0,1.0,1.0,1.0,2.0,2.0,2.0,3.0,4.0,5.0,inferred
Hastings,2021-06-05,0.0,0.0,0.0,0.0,0.0,1.0,1.0,1.0,2.0,2.0,2.0,3.0,5.0,inferred
Hastings,2021-06-06,0.0,0.0,0.0,1.0,1.0,1.0,1.0,2.0,2.0,3.0,3.0,4.0,6.0,inferred
Hastings,2021-06-07,0.0,0.0,1.0,1.0,1.0,1.0,2.0,2.0,3.0,3.0,4.0,5.0,6.0,inferred
Hastings,2021-06-08,0.0,0.0,1.0,1.0,1.0,2.0,2.0,2.0,3.0,3.0,4.0,5.0,7.0,inferred
Hastings,2021-06-09,0.0,0.0,1.0,1.0,2.0,2.0,3.0,3.0,4.0,4.0,4.0,6.0,8.0,inferred
Hastings,2021-06-10,0.0,1.0,1.0,1.0,2.0,2.0,3.0,3.0,4.0,4.0,4.0,5.0,7.0,inferred
Hastings,2021-06-11,0.0,1.0,1.0,1.0,2.0,2.0,2.0,3.0,4.0,4.0,4.0,6.0,8.0,inferred
Hastings,2021-06-12,0.0,0.0,1.0,1.0,1.0,2.0,2.0,3.0,3.0,4.0,4.0,5.0,7.0,inferred
Hastings,2021-06-13,0.0,1.0,1.0,2.0,2.0,3.0,3.0,4.0,4.0,5.0,5.0,6.0,8.0,inferred
Hastings,2021-06-14,1.0,1.0,2.0,2.8,3.0,3.0,4.0,4.4,5.0,6.0,6.0,8.0,10.0,inferred
Hastings,2021-06-15,0.0,1.0,2.0,2.8,3.0,3.0,4.0,5.0,5.0,6.0,7.0,8.0,10.0,inferred
Hastings,2021-06-16,0.0,2.0,3.0,3.0,3.0,4.0,5.0,5.0,6.0,7.0,7.0,9.0,11.0,inferred
Hastings,2021-06-17,1.0,2.0,2.0,3.0,3.0,4.0,4.0,5.0,6.0,7.0,7.0,9.0,12.0,inferred
Hastings,2021-06-18,0.0,1.9,2.0,3.0,3.0,4.0,4.0,5.0,6.0,6.0,7.0,8.0,11.0,inferred
Havant,2021-03-06,1.0,2.0,3.0,3.0,4.0,5.0,5.0,6.0,7.0,7.0,8.0,10.0,13.0,inferred
Havant,2021-03-07,1.0,3.0,4.0,4.0,5.0,5.0,6.0,7.0,8.0,8.0,9.0,11.0,14.0,inferred
Havant,2021-03-08,2.0,4.0,5.0,5.0,6.0,7.0,7.0,8.0,9.0,10.0,11.0,13.0,16.0,inferred
Havant,2021-03-09,2.0,3.0,4.0,5.0,5.0,6.0,7.0,8.0,9.0,9.0,10.0,12.0,15.0,inferred
Havant,2021-03-10,2.0,3.0,4.0,5.0,5.0,6.0,7.0,8.0,9.0,10.0,10.0,12.0,15.0,inferred
Havant,2021-03-11,1.0,3.0,4.0,4.0,5.0,6.0,7.0,7.0,8.0,9.0,10.0,12.0,15.0,inferred
Havant,2021-03-12,1.0,2.0,3.0,4.0,4.0,5.0,5.0,6.0,7.0,8.0,8.0,10.0,13.0,inferred
Havant,2021-03-13,0.0,1.0,2.0,3.0,3.0,4.0,4.0,5.0,6.0,6.0,7.0,8.0,11.0,inferred
Havant,2021-03-14,1.0,2.0,3.0,3.0,4.0,4.0,5.0,6.0,7.0,7.0,8.0,9.0,12.0,inferred
Havant,2021-03-15,1.0,3.0,4.0,4.0,4.0,5.0,6.0,7.0,8.0,9.0,9.0,11.0,14.0,inferred
Havant,2021-03-16,1.0,2.0,3.0,4.0,4.0,5.0,6.0,7.0,8.0,8.0,9.0,11.0,13.0,inferred
Havant,2021-03-17,1.0,2.0,4.0,4.0,4.0,5.0,6.0,7.0,8.0,9.0,9.0,11.0,15.0,inferred
Havant,2021-03-18,1.0,2.0,3.0,3.0,4.0,5.0,5.0,6.0,7.0,8.0,8.0,10.0,14.0,inferred
Havant,2021-03-19,1.0,2.0,3.0,3.0,4.0,4.0,5.0,6.0,6.0,7.0,7.0,9.0,13.0,inferred
Havant,2021-03-20,0.0,1.0,2.0,2.0,3.0,3.0,4.0,5.0,5.0,6.0,7.0,8.0,11.0,inferred
Havant,2021-03-21,1.0,2.0,3.0,3.0,3.0,4.0,5.0,6.0,6.0,7.0,8.0,9.0,12.0,inferred
Havant,2021-03-22,1.0,2.0,4.0,4.0,4.0,5.0,6.0,7.0,8.0,8.0,9.0,11.0,13.5,inferred
Havant,2021-03-23,1.0,2.0,3.0,4.0,4.0,5.0,6.0,7.0,8.0,8.0,9.0,11.0,14.0,inferred
Havant,2021-03-24,1.0,2.0,3.0,4.0,4.0,5.0,6.0,7.0,8.0,8.0,9.0,11.0,14.0,inferred
Havant,2021-03-25,1.0,2.0,3.0,3.0,4.0,4.0,5.0,6.0,7.0,7.0,8.0,10.0,13.0,inferred
Havant,2021-03-26,0.0,1.0,2.0,3.0,3.0,4.0,4.0,5.0,6.0,6.0,7.0,9.0,11.0,inferred
Havant,2021-03-27,0.0,1.0,2.0,2.0,2.0,3.0,3.0,4.0,5.0,5.0,6.0,7.0,10.0,inferred
Havant,2021-03-28,0.0,1.0,2.0,2.0,3.0,3.0,4.0,5.0,5.0,6.0,6.0,8.0,10.0,inferred
Havant,2021-03-29,0.0,1.0,2.0,3.0,3.0,4.0,4.0,5.0,6.0,7.0,7.0,9.0,12.5,inferred
Havant,2021-03-30,0.0,1.0,2.0,2.0,3.0,3.0,4.0,5.0,6.0,6.0,7.0,8.0,11.0,inferred
Havant,2021-03-31,0.0,1.0,2.0,3.0,3.0,3.0,4.0,5.0,6.0,6.0,7.0,8.0,11.0,inferred
Havant,2021-04-01,0.0,1.0,2.0,2.0,2.0,3.0,4.0,4.0,5.0,6.0,6.0,8.0,10.0,inferred
Havant,2021-04-02,0.0,1.0,1.0,2.0,2.0,2.0,3.0,4.0,4.0,5.0,5.0,7.0,9.0,inferred
Havant,2021-04-03,0.0,0.0,1.0,1.0,1.0,2.0,2.0,3.0,4.0,4.0,4.0,6.0,8.0,inferred
Havant,2021-04-04,0.0,0.0,1.0,1.0,2.0,2.0,3.0,3.0,4.0,4.0,5.0,6.0,8.0,inferred
Havant,2021-04-05,0.0,1.0,1.0,2.0,2.0,3.0,3.0,4.0,5.0,5.0,6.0,7.0,10.0,inferred
Havant,2021-04-06,0.0,1.0,2.0,2.0,2.0,3.0,3.0,4.0,4.3,5.0,5.0,7.0,10.0,inferred
Havant,2021-04-07,0.0,1.0,2.0,2.0,2.0,3.0,3.0,4.0,5.0,5.0,6.0,7.0,10.0,inferred
Havant,2021-04-08,0.0,1.0,1.0,2.0,2.0,2.0,3.0,4.0,4.0,5.0,5.0,7.0,9.0,inferred
Havant,2021-04-09,0.0,1.0,1.0,1.0,2.0,2.0,3.0,3.0,4.0,4.0,5.0,6.0,9.0,inferred
Havant,2021-04-10,0.0,0.0,1.0,1.0,1.0,2.0,2.0,3.0,3.0,4.0,4.0,5.0,8.0,inferred
Havant,2021-04-11,0.0,0.0,1.0,1.0,2.0,2.0,3.0,3.0,4.0,4.0,5.0,6.0,9.0,inferred
Havant,2021-04-12,0.0,1.0,2.0,2.0,2.0,3.0,3.0,4.0,4.0,5.0,6.0,7.0,10.0,inferred
Havant,2021-04-13,0.0,1.0,1.0,1.0,2.0,2.0,3.0,4.0,4.0,5.0,5.0,7.0,9.0,inferred
Havant,2021-04-14,0.0,1.0,1.0,2.0,2.0,2.0,3.0,4.0,4.0,5.0,5.0,7.0,10.0,inferred
Havant,2021-04-15,0.0,1.0,1.0,1.0,2.0,2.0,3.0,3.0,4.0,4.0,5.0,6.0,8.0,inferred
Havant,2021-04-16,0.0,0.0,1.0,1.0,1.0,2.0,2.0,3.0,4.0,4.0,4.0,6.0,8.0,inferred
Havant,2021-04-17,0.0,0.0,1.0,1.0,1.0,1.0,2.0,2.0,3.0,3.0,4.0,5.0,7.0,inferred
Havant,2021-04-18,0.0,0.0,1.0,1.0,1.0,2.0,2.0,3.0,3.0,4.0,4.0,5.0,7.5,inferred
Havant,2021-04-19,0.0,1.0,1.0,1.0,2.0,2.0,3.0,3.0,4.0,4.0,5.0,6.0,9.0,inferred
Havant,2021-04-20,0.0,0.0,1.0,1.0,2.0,2.0,3.0,3.0,4.0,4.0,4.0,6.0,9.0,inferred
Havant,2021-04-21,0.0,0.0,1.0,1.0,2.0,2.0,3.0,3.0,4.0,4.0,5.0,6.0,9.0,inferred
Havant,2021-04-22,0.0,0.0,1.0,1.0,1.0,2.0,2.0,3.0,3.0,4.0,4.0,5.0,8.0,inferred
Havant,2021-04-23,0.0,0.0,1.0,1.0,1.0,2.0,2.0,3.0,3.0,3.0,4.0,5.0,7.0,inferred
Havant,2021-04-24,0.0,0.0,0.0,1.0,1.0,1.0,2.0,2.0,3.0,3.0,3.0,4.0,7.0,inferred
Havant,2021-04-25,0.0,0.0,1.0,1.0,1.0,1.0,2.0,2.0,3.0,3.0,4.0,5.0,7.0,inferred
Havant,2021-04-26,0.0,0.0,1.0,1.0,1.0,2.0,2.0,3.0,3.0,4.0,4.0,5.0,8.0,inferred
Havant,2021-04-27,0.0,0.0,1.0,1.0,1.0,2.0,2.0,3.0,3.0,4.0,4.0,5.0,8.0,inferred
Havant,2021-04-28,0.0,0.0,1.0,1.0,1.0,2.0,2.0,3.0,4.0,4.0,4.0,6.0,8.0,inferred
Havant,2021-04-29,0.0,0.0,1.0,1.0,1.0,2.0,2.0,3.0,3.0,4.0,4.0,5.0,8.0,inferred
Havant,2021-04-30,0.0,0.0,1.0,1.0,1.0,1.0,2.0,2.0,3.0,3.0,4.0,5.0,7.0,inferred
Havant,2021-05-01,0.0,0.0,0.0,1.0,1.0,1.0,1.0,2.0,3.0,3.0,3.0,4.0,6.0,inferred
Havant,2021-05-02,0.0,0.0,1.0,1.0,1.0,1.0,2.0,2.0,3.0,3.0,4.0,5.0,7.0,inferred
Havant,2021-05-03,0.0,0.0,1.0,1.0,1.0,2.0,2.0,3.0,4.0,4.0,5.0,6.0,8.0,inferred
Havant,2021-05-04,0.0,0.0,1.0,1.0,1.0,2.0,2.0,3.0,4.0,4.0,4.0,6.0,7.0,inferred
Havant,2021-05-05,0.0,0.0,1.0,1.0,1.0,2.0,2.0,3.0,4.0,4.0,5.0,6.0,9.0,inferred
Havant,2021-05-06,0.0,0.0,1.0,1.0,1.0,2.0,2.0,3.0,3.0,4.0,4.0,6.0,8.0,inferred
Havant,2021-05-07,0.0,0.0,1.0,1.0,1.0,1.0,2.0,2.0,3.0,3.0,4.0,5.0,7.0,inferred
Havant,2021-05-08,0.0,0.0,0.0,1.0,1.0,1.0,1.5,2.0,3.0,3.0,3.0,4.0,7.0,inferred
Havant,2021-05-09,0.0,0.0,0.0,1.0,1.0,1.0,2.0,2.0,3.0,3.0,3.0,5.0,7.0,inferred
Havant,2021-05-10,0.0,0.0,1.0,1.0,1.0,2.0,2.0,3.0,3.0,4.0,4.0,5.0,8.0,inferred
Havant,2021-05-11,0.0,0.0,1.0,1.0,1.0,2.0,2.0,3.0,3.0,4.0,4.0,6.0,8.0,inferred
Havant,2021-05-12,0.0,0.0,1.0,1.0,1.0,2.0,2.0,3.0,3.0,4.0,4.0,5.0,7.0,inferred
Havant,2021-05-13,0.0,0.0,1.0,1.0,1.0,1.0,2.0,2.0,3.0,3.0,4.0,5.0,7.0,inferred
Havant,2021-05-14,0.0,0.0,0.0,1.0,1.0,1.0,2.0,2.0,3.0,3.0,3.0,5.0,7.0,inferred
Havant,2021-05-15,0.0,0.0,0.0,0.0,0.0,1.0,1.0,2.0,2.0,2.0,3.0,4.0,6.0,inferred
Havant,2021-05-16,0.0,0.0,0.0,0.0,1.0,1.0,1.0,2.0,2.0,3.0,3.0,4.0,6.5,inferred
Havant,2021-05-17,0.0,0.0,0.0,1.0,1.0,1.0,2.0,2.0,3.0,3.0,4.0,5.0,7.0,inferred
Havant,2021-05-18,0.0,0.0,0.0,1.0,1.0,1.0,2.0,2.0,3.0,3.0,4.0,5.0,7.0,inferred
Havant,2021-05-19,0.0,0.0,0.0,1.0,1.0,1.0,2.0,2.0,3.0,3.0,4.0,5.0,7.0,inferred
Havant,2021-05-20,0.0,0.0,0.0,1.0,1.0,1.0,2.0,2.0,3.0,3.0,3.0,5.0,7.0,inferred
Havant,2021-05-21,0.0,0.0,0.0,1.0,1.0,1.0,2.0,2.0,2.0,3.0,3.0,4.0,7.0,inferred
Havant,2021-05-22,0.0,0.0,0.0,0.0,1.0,1.0,1.0,2.0,2.0,2.0,3.0,4.0,5.0,inferred
Havant,2021-05-23,0.0,0.0,0.0,1.0,1.0,1.0,1.0,2.0,2.0,3.0,3.0,4.0,6.0,inferred
Havant,2021-05-24,0.0,0.0,1.0,1.0,1.0,1.0,2.0,2.0,3.0,3.0,4.0,5.0,7.0,inferred
Havant,2021-05-25,0.0,0.0,1.0,1.0,1.0,1.0,2.0,2.0,3.0,3.0,4.0,5.0,7.0,inferred
Havant,2021-05-26,0.0,0.0,1.0,1.0,1.0,2.0,2.0,3.0,3.0,4.0,4.0,5.0,7.0,inferred
Havant,2021-05-27,0.0,0.0,1.0,1.0,1.0,1.0,2.0,2.0,3.0,3.0,4.0,5.0,7.0,inferred
Havant,2021-05-28,0.0,0.0,0.0,1.0,1.0,1.0,2.0,2.0,3.0,3.0,3.0,4.0,7.0,inferred
Havant,2021-05-29,0.0,0.0,0.0,0.0,0.0,1.0,1.0,2.0,2.0,2.0,3.0,4.0,6.0,inferred
Havant,2021-05-30,0.0,0.0,0.0,0.0,1.0,1.0,1.0,2.0,2.0,3.0,3.0,4.0,7.0,inferred
Havant,2021-05-31,0.0,0.0,1.0,1.0,1.0,1.0,2.0,2.0,3.0,3.0,4.0,5.0,7.0,inferred
Havant,2021-06-01,0.0,0.0,1.0,1.0,1.0,1.0,2.0,2.0,3.0,3.0,4.0,5.0,7.0,inferred
Havant,2021-06-02,0.0,0.0,1.0,1.0,1.0,2.0,2.0,3.0,3.0,4.0,4.0,5.0,7.0,inferred
Havant,2021-06-03,0.0,0.0,1.0,1.0,1.0,2.0,2.0,3.0,3.0,4.0,4.0,5.0,8.0,inferred
Havant,2021-06-04,0.0,0.0,1.0,1.0,1.0,2.0,2.0,3.0,3.0,4.0,4.0,5.0,7.0,inferred
Havant,2021-06-05,0.0,0.0,0.0,1.0,1.0,1.0,2.0,2.0,3.0,3.0,4.0,5.0,7.0,inferred
Havant,2021-06-06,0.0,1.0,1.0,1.0,2.0,2.0,3.0,3.0,4.0,4.0,5.0,6.0,9.0,inferred
Havant,2021-06-07,0.0,1.0,2.0,2.0,2.0,3.0,4.0,4.0,5.0,6.0,6.0,8.0,10.0,inferred
Havant,2021-06-08,0.0,1.0,2.0,2.0,3.0,3.0,4.0,5.0,5.0,6.0,6.0,8.0,11.0,inferred
Havant,2021-06-09,0.0,1.0,2.0,3.0,3.0,4.0,4.0,5.0,6.0,6.0,7.0,9.0,11.5,inferred
Havant,2021-06-10,0.0,1.0,2.0,3.0,3.0,4.0,4.0,5.0,6.0,6.0,7.0,9.0,12.0,inferred
Havant,2021-06-11,0.0,1.0,2.0,2.0,3.0,3.0,4.0,5.0,6.0,6.0,6.0,8.0,11.0,inferred
Havant,2021-06-12,0.0,1.0,2.0,2.0,2.0,3.0,4.0,4.0,5.0,5.0,6.0,7.0,10.0,inferred
Havant,2021-06-13,0.0,2.0,2.0,3.0,3.0,4.0,4.0,5.0,6.0,7.0,7.0,9.0,12.0,inferred
Havant,2021-06-14,1.0,2.0,3.0,4.0,4.0,5.0,5.0,6.0,7.0,8.0,9.0,10.1,14.0,inferred
Havant,2021-06-15,1.0,2.0,3.0,4.0,4.0,5.0,6.0,7.0,8.0,8.0,9.0,11.0,14.0,inferred
Havant,2021-06-16,2.0,3.0,4.0,5.0,5.0,6.0,7.0,7.0,8.0,9.0,10.0,12.0,15.0,inferred
Havant,2021-06-17,1.0,3.0,4.0,4.0,5.0,6.0,7.0,7.4,9.0,9.0,10.0,12.0,15.0,inferred
Havant,2021-06-18,1.0,3.0,4.0,4.0,5.0,5.0,6.0,7.0,8.0,9.0,9.0,11.0,14.5,inferred
Havering,2021-03-06,4.0,6.0,8.0,8.0,9.0,10.0,11.0,12.0,13.0,14.0,15.0,17.0,20.0,inferred
Havering,2021-03-07,5.0,8.0,9.0,10.0,11.0,12.0,13.0,14.0,15.0,16.0,17.0,19.0,24.0,inferred
Havering,2021-03-08,8.0,11.0,13.0,14.0,14.0,16.0,17.0,19.0,20.0,21.0,22.0,25.0,30.0,inferred
Havering,2021-03-09,7.0,10.0,12.0,13.0,14.0,15.0,17.0,18.0,19.0,20.0,21.0,24.0,28.0,inferred
Havering,2021-03-10,8.0,11.0,13.0,13.0,14.0,15.0,17.0,18.0,20.0,20.0,21.0,24.0,28.0,inferred
Havering,2021-03-11,7.0,9.0,11.0,12.0,13.0,14.0,15.0,16.0,18.0,19.0,19.2,22.0,26.5,inferred
Havering,2021-03-12,5.0,8.0,9.0,10.0,11.0,12.0,13.0,14.0,15.0,16.0,17.0,19.0,24.0,inferred
Havering,2021-03-13,4.0,6.0,7.0,8.0,8.0,9.0,10.0,11.0,13.0,13.0,14.0,17.0,20.0,inferred
Havering,2021-03-14,4.0,7.0,8.0,9.0,9.0,11.0,12.0,13.0,14.0,15.0,16.0,18.0,22.0,inferred
Havering,2021-03-15,6.0,9.0,11.0,11.0,12.0,13.0,15.0,16.0,17.0,18.0,19.0,22.0,26.0,inferred
Havering,2021-03-16,6.0,9.0,10.0,11.0,12.0,13.0,14.0,16.0,17.0,18.0,19.0,21.0,25.0,inferred
Havering,2021-03-17,6.0,9.0,10.0,11.0,12.0,13.0,14.0,15.0,17.0,18.0,19.0,21.0,25.0,inferred
Havering,2021-03-18,5.0,8.0,9.0,10.0,11.0,12.0,13.0,14.0,16.0,16.0,17.0,20.0,23.0,inferred
Havering,2021-03-19,4.0,7.0,8.0,9.0,9.0,10.0,11.0,12.0,14.0,14.0,15.0,17.0,21.0,inferred
Havering,2021-03-20,3.0,5.0,6.0,7.0,7.0,8.0,9.0,10.0,12.0,12.0,13.0,15.0,19.0,inferred
Havering,2021-03-21,4.0,6.0,7.0,8.0,8.0,9.0,10.0,11.0,13.0,13.0,14.0,16.0,20.0,inferred
Havering,2021-03-22,6.0,8.0,9.0,10.0,11.0,12.0,13.0,15.0,16.0,17.0,18.0,20.0,25.0,inferred
Havering,2021-03-23,5.0,7.0,9.0,10.0,11.0,12.0,13.0,14.0,15.0,16.0,17.0,19.0,24.0,inferred
Havering,2021-03-24,5.0,7.0,9.0,10.0,10.0,11.0,12.0,14.0,15.0,16.0,17.0,19.0,23.0,inferred
Havering,2021-03-25,4.0,6.0,8.0,9.0,9.0,10.0,11.0,12.0,13.0,14.0,15.0,18.0,21.0,inferred
Havering,2021-03-26,3.0,5.0,7.0,7.0,8.0,9.0,9.0,11.0,12.0,13.0,14.0,16.0,20.0,inferred
Havering,2021-03-27,2.0,4.0,5.0,6.0,6.0,7.0,8.0,9.0,10.0,10.0,11.0,13.0,16.0,inferred
Havering,2021-03-28,2.0,4.0,5.0,6.0,6.0,7.0,8.0,9.0,10.0,11.0,12.0,14.0,16.0,inferred
Havering,2021-03-29,3.0,5.0,7.0,7.0,8.0,9.0,10.0,11.0,12.0,13.0,14.0,16.0,20.0,inferred
Havering,2021-03-30,3.0,5.0,6.0,7.0,7.0,8.0,10.0,11.0,12.0,12.2,13.0,15.0,19.0,inferred
Havering,2021-03-31,3.0,4.0,6.0,7.0,7.0,8.0,9.0,10.0,11.0,12.0,13.0,15.0,18.0,inferred
Havering,2021-04-01,2.0,4.0,5.0,6.0,6.0,7.0,8.0,9.0,10.0,11.0,12.0,13.0,17.0,inferred
Havering,2021-04-02,1.0,3.0,4.0,4.0,5.0,6.0,7.0,7.4,8.3,9.0,10.0,11.0,15.0,inferred
Havering,2021-04-03,1.0,2.0,3.0,3.0,4.0,5.0,5.0,6.0,7.0,7.0,8.0,9.0,12.0,inferred
Havering,2021-04-04,1.0,2.0,3.0,4.0,4.0,5.0,6.0,6.0,7.0,8.0,9.0,10.0,14.0,inferred
Havering,2021-04-05,2.0,3.0,4.0,5.0,5.0,6.0,7.0,8.0,9.0,9.0,10.0,12.0,15.0,inferred
Havering,2021-04-06,1.0,3.0,4.0,4.0,5.0,6.0,7.0,7.0,8.0,9.0,10.0,11.0,14.0,inferred
Havering,2021-04-07,1.0,3.0,4.0,4.0,5.0,6.0,7.0,8.0,9.0,9.0,10.0,11.1,15.0,inferred
Havering,2021-04-08,1.0,3.0,4.0,4.0,4.0,5.0,6.0,7.0,8.0,8.0,9.0,11.0,14.0,inferred
Havering,2021-04-09,1.0,2.0,3.0,3.0,4.0,4.0,5.0,6.0,7.0,7.0,8.0,10.0,13.0,inferred
Havering,2021-04-10,0.0,1.0,2.0,3.0,3.0,4.0,4.0,5.0,6.0,6.0,7.0,8.0,11.0,inferred
Havering,2021-04-11,1.0,2.0,3.0,3.0,3.0,4.0,5.0,6.0,7.0,7.0,7.2,9.0,12.0,inferred
Havering,2021-04-12,1.0,3.0,4.0,4.0,4.0,5.0,6.0,7.0,8.0,8.0,9.0,11.0,13.5,inferred
Havering,2021-04-13,1.0,2.0,4.0,4.0,4.0,5.0,6.0,7.0,8.0,8.0,9.0,10.1,13.0,inferred
Havering,2021-04-14,1.0,2.0,3.0,4.0,4.0,5.0,6.0,7.0,8.0,8.0,9.0,11.0,13.0,inferred
Havering,2021-04-15,1.0,2.0,3.0,4.0,4.0,5.0,6.0,6.0,7.0,8.0,8.0,10.0,13.0,inferred
Havering,2021-04-16,1.0,2.0,3.0,3.0,3.0,4.0,5.0,6.0,6.0,7.0,7.0,9.0,12.0,inferred
Havering,2021-04-17,0.0,1.0,2.0,2.0,3.0,3.0,4.0,5.0,5.0,6.0,6.0,8.0,10.0,inferred
Havering,2021-04-18,0.0,1.0,2.0,3.0,3.0,4.0,5.0,5.0,6.0,6.0,7.0,9.0,11.0,inferred
Havering,2021-04-19,1.0,2.0,3.0,4.0,4.0,5.0,6.0,7.0,8.0,8.0,9.0,11.0,13.5,inferred
Havering,2021-04-20,1.0,2.0,3.0,4.0,4.0,5.0,6.0,6.0,7.0,8.0,9.0,10.0,13.0,inferred
Havering,2021-04-21,1.0,2.0,3.0,4.0,4.0,5.0,5.0,6.0,7.0,8.0,8.0,10.0,13.0,inferred
Havering,2021-04-22,1.0,2.0,3.0,3.0,3.0,4.0,5.0,6.0,6.0,7.0,7.0,9.0,12.0,inferred
Havering,2021-04-23,0.0,1.0,2.0,2.0,3.0,3.0,4.0,5.0,6.0,6.0,6.0,8.0,10.0,inferred
Havering,2021-04-24,0.0,1.0,1.0,2.0,2.0,2.0,3.0,4.0,4.0,5.0,5.0,7.0,9.0,inferred
Havering,2021-04-25,0.0,1.0,2.0,2.0,2.0,3.0,4.0,4.0,5.0,5.0,6.0,7.0,10.0,inferred
Havering,2021-04-26,1.0,1.0,2.0,3.0,3.0,4.0,4.0,5.0,6.0,6.0,7.0,8.0,11.0,inferred
Havering,2021-04-27,1.0,1.0,2.0,3.0,3.0,4.0,4.0,5.0,6.0,6.0,7.0,9.0,11.0,inferred
Havering,2021-04-28,0.0,1.0,2.0,2.0,3.0,3.0,4.0,5.0,6.0,6.0,6.0,8.0,11.0,inferred
Havering,2021-04-29,0.0,1.0,2.0,2.0,3.0,3.0,4.0,4.0,5.0,6.0,6.0,7.0,10.0,inferred
Havering,2021-04-30,0.0,1.0,1.0,2.0,2.0,3.0,3.0,4.0,4.0,5.0,5.0,7.0,9.0,inferred
Havering,2021-05-01,0.0,0.0,1.0,1.0,2.0,2.0,2.0,3.0,4.0,4.0,4.0,6.0,8.0,inferred
Havering,2021-05-02,0.0,1.0,1.0,1.0,2.0,2.0,3.0,3.0,4.0,4.0,5.0,6.0,9.0,inferred
Havering,2021-05-03,0.0,1.0,2.0,2.0,2.0,3.0,4.0,4.0,5.0,5.0,6.0,7.1,10.0,inferred
Havering,2021-05-04,0.0,1.0,2.0,2.0,2.0,3.0,4.0,4.0,5.0,5.0,6.0,8.0,10.0,inferred
Havering,2021-05-05,0.0,1.0,2.0,2.0,2.0,3.0,4.0,4.0,5.0,6.0,6.0,7.0,10.0,inferred
Havering,2021-05-06,0.0,1.0,2.0,2.0,2.0,3.0,4.0,4.0,5.0,6.0,6.0,8.0,11.0,inferred
Havering,2021-05-07,0.0,1.0,1.0,2.0,2.0,3.0,3.0,4.0,4.0,5.0,5.0,6.0,9.0,inferred
Havering,2021-05-08,0.0,0.0,1.0,1.0,2.0,2.0,2.0,3.0,4.0,4.0,5.0,6.0,8.0,inferred
Havering,2021-05-09,0.0,1.0,1.0,2.0,2.0,2.0,3.0,4.0,4.0,5.0,5.0,7.0,9.0,inferred
Havering,2021-05-10,0.0,1.0,2.0,2.0,2.0,3.0,4.0,4.0,5.0,6.0,6.0,7.0,10.0,inferred
Havering,2021-05-11,0.0,1.0,2.0,2.0,2.0,3.0,4.0,4.0,5.0,6.0,6.0,7.0,10.0,inferred
Havering,2021-05-12,0.0,1.0,2.0,2.0,2.0,3.0,4.0,4.0,5.0,6.0,6.0,8.0,10.0,inferred
Havering,2021-05-13,0.0,1.0,2.0,2.0,2.0,3.0,3.0,4.0,5.0,5.0,6.0,7.0,10.0,inferred
Havering,2021-05-14,0.0,1.0,1.0,2.0,2.0,2.0,3.0,3.0,4.0,5.0,5.0,6.0,9.0,inferred
Havering,2021-05-15,0.0,0.0,1.0,1.0,1.0,2.0,2.0,3.0,4.0,4.0,4.0,5.0,8.0,inferred
Havering,2021-05-16,0.0,1.0,1.0,1.0,2.0,2.0,3.0,3.0,4.0,4.0,5.0,6.0,8.0,inferred
Havering,2021-05-17,0.0,1.0,2.0,2.0,2.7,3.0,4.0,5.0,5.0,6.0,6.0,8.0,10.0,inferred
Havering,2021-05-18,0.0,1.0,2.0,2.0,3.0,3.0,4.0,5.0,5.0,6.0,6.0,8.0,10.0,inferred
Havering,2021-05-19,0.0,1.0,2.0,2.0,3.0,3.0,4.0,5.0,5.0,6.0,7.0,8.0,11.0,inferred
Havering,2021-05-20,0.0,1.0,2.0,2.0,3.0,3.0,4.0,5.0,6.0,6.0,7.0,8.0,11.0,inferred
Havering,2021-05-21,0.0,1.0,2.0,2.0,3.0,3.0,4.0,5.0,5.0,6.0,6.0,8.0,11.0,inferred
Havering,2021-05-22,0.0,1.0,2.0,2.0,2.0,3.0,3.0,4.0,5.0,5.0,6.0,7.0,10.0,inferred
Havering,2021-05-23,0.0,1.0,2.0,2.0,3.0,3.0,4.0,5.0,5.0,6.0,6.0,8.0,11.0,inferred
Havering,2021-05-24,1.0,2.0,3.0,3.0,4.0,4.0,5.0,6.0,7.0,7.0,8.0,10.0,12.5,inferred
Havering,2021-05-25,1.0,2.0,3.0,4.0,4.0,5.0,5.0,6.0,7.0,8.0,8.0,10.0,13.0,inferred
Havering,2021-05-26,1.0,2.0,3.0,4.0,4.0,5.0,6.0,7.0,8.0,8.0,9.0,11.0,14.0,inferred
Havering,2021-05-27,1.0,2.0,3.0,4.0,4.0,5.0,6.0,7.0,8.0,8.0,9.0,11.0,14.0,inferred
Havering,2021-05-28,1.0,2.0,3.0,4.0,4.0,5.0,5.0,6.0,7.0,7.0,8.0,10.0,12.0,inferred
Havering,2021-05-29,1.0,2.0,3.0,3.0,3.0,4.0,5.0,6.0,6.0,7.0,7.0,9.0,12.0,inferred
Havering,2021-05-30,1.0,2.0,3.0,4.0,4.0,5.0,6.0,7.0,8.0,8.0,9.0,10.0,14.0,inferred
Havering,2021-05-31,2.0,4.0,5.0,6.0,6.0,7.0,8.0,9.0,10.0,11.0,11.0,13.0,17.0,inferred
Havering,2021-06-01,2.0,4.0,5.0,6.0,6.0,7.0,8.0,9.0,11.0,11.0,12.0,14.0,18.0,inferred
Havering,2021-06-02,3.0,5.0,6.0,7.0,7.0,8.0,9.0,10.0,12.0,12.0,13.0,15.0,19.0,inferred
Havering,2021-06-03,3.0,5.0,6.0,7.0,7.0,8.0,10.0,10.0,12.0,12.0,13.0,15.0,19.0,inferred
Havering,2021-06-04,3.0,5.0,6.0,6.0,7.0,8.0,9.0,10.0,11.0,11.0,12.0,14.0,18.0,inferred
Havering,2021-06-05,2.0,4.0,5.0,6.0,6.0,7.0,8.0,9.0,10.0,11.0,11.0,13.0,17.0,inferred
Havering,2021-06-06,3.0,5.0,6.0,7.0,7.0,9.0,10.0,11.0,12.0,13.0,13.0,16.0,19.0,inferred
Havering,2021-06-07,5.0,8.0,9.0,10.0,10.0,12.0,13.0,14.0,16.0,16.0,17.0,20.0,24.0,inferred
Havering,2021-06-08,5.0,8.0,9.0,10.0,11.0,12.0,13.0,14.0,16.0,17.0,18.0,20.0,24.0,inferred
Havering,2021-06-09,6.0,8.0,10.0,11.0,12.0,13.0,14.0,15.0,17.0,17.0,18.0,21.0,26.0,inferred
Havering,2021-06-10,6.0,8.0,10.0,11.0,11.0,13.0,14.0,15.0,16.0,17.0,18.0,21.0,25.5,inferred
Havering,2021-06-11,5.0,7.0,9.0,10.0,10.0,11.0,13.0,14.0,15.0,16.0,17.0,19.0,23.0,inferred
Havering,2021-06-12,4.0,6.0,8.0,9.0,9.0,10.0,11.0,13.0,14.0,14.0,15.0,17.0,21.0,inferred
Havering,2021-06-13,6.0,8.0,10.0,11.0,11.0,12.0,13.0,15.0,16.0,17.0,18.0,20.0,24.0,inferred
Havering,2021-06-14,8.0,12.0,14.0,15.0,15.0,17.0,18.0,20.0,21.0,22.0,23.0,26.0,32.0,inferred
Havering,2021-06-15,9.0,12.0,14.0,15.0,16.0,18.0,19.0,21.0,22.0,23.0,24.0,27.0,31.5,inferred
Havering,2021-06-16,9.0,13.0,15.0,16.0,17.0,18.0,20.0,21.0,23.0,24.0,25.0,28.0,32.0,inferred
Havering,2021-06-17,9.0,12.0,15.0,15.0,16.0,18.0,19.0,21.0,23.0,24.0,25.0,28.0,33.0,inferred
Havering,2021-06-18,9.0,11.0,13.0,14.0,15.0,16.0,18.0,19.0,21.0,22.0,23.0,26.0,30.0,inferred
"Herefordshire, County of",2021-03-06,1.0,2.0,3.0,3.0,3.0,4.0,5.0,6.0,7.0,7.0,8.0,9.0,12.0,inferred
"Herefordshire, County of",2021-03-07,1.0,3.0,4.0,4.0,5.0,6.0,6.0,7.0,8.0,9.0,9.0,11.0,13.0,inferred
"Herefordshire, County of",2021-03-08,2.0,4.0,6.0,6.0,7.0,8.0,9.0,10.0,11.0,12.0,12.0,14.0,18.0,inferred
"Herefordshire, County of",2021-03-09,2.0,4.0,5.0,6.0,6.7,7.0,8.0,9.0,10.0,11.0,12.0,14.0,17.5,inferred
"Herefordshire, County of",2021-03-10,3.0,5.0,6.0,7.0,7.0,8.0,9.0,10.0,11.0,12.0,13.0,15.0,18.0,inferred
"Herefordshire, County of",2021-03-11,3.0,4.0,6.0,6.0,7.0,7.0,8.0,9.0,10.0,11.0,12.0,14.0,17.0,inferred
"Herefordshire, County of",2021-03-12,2.0,4.0,5.0,5.0,6.0,7.0,7.0,8.0,9.0,10.0,10.0,12.0,16.0,inferred
"Herefordshire, County of",2021-03-13,1.0,2.0,3.0,4.0,4.0,5.0,6.0,7.0,8.0,8.0,9.0,11.0,14.0,inferred
"Herefordshire, County of",2021-03-14,1.0,3.0,4.0,5.0,5.0,6.0,7.0,7.0,9.0,9.0,10.0,12.0,15.0,inferred
"Herefordshire, County of",2021-03-15,3.0,4.9,6.0,7.0,7.0,8.0,9.0,10.0,11.0,12.0,12.0,15.0,19.0,inferred
"Herefordshire, County of",2021-03-16,2.0,4.0,6.0,6.0,7.0,7.0,8.0,9.0,10.0,11.0,12.0,14.0,17.0,inferred
"Herefordshire, County of",2021-03-17,3.0,5.0,6.0,6.0,7.0,8.0,9.0,10.0,11.0,12.0,13.0,15.0,18.0,inferred
"Herefordshire, County of",2021-03-18,2.0,4.0,5.0,6.0,6.0,7.0,8.0,9.0,10.0,10.0,11.0,13.0,17.0,inferred
"Herefordshire, County of",2021-03-19,2.0,3.0,4.0,5.0,5.0,6.0,7.0,8.0,9.0,9.0,10.0,12.0,15.0,inferred
"Herefordshire, County of",2021-03-20,1.0,2.0,3.0,4.0,4.0,5.0,6.0,6.0,7.0,8.0,8.0,10.0,13.0,inferred
"Herefordshire, County of",2021-03-21,1.0,3.0,4.0,4.0,5.0,5.0,6.0,7.0,8.0,9.0,9.0,11.0,14.0,inferred
"Herefordshire, County of",2021-03-22,2.0,4.0,5.0,6.0,6.0,7.0,8.0,9.0,10.0,11.0,11.0,13.0,16.0,inferred
"Herefordshire, County of",2021-03-23,2.0,3.0,4.0,5.0,6.0,7.0,7.0,8.0,9.0,10.0,11.0,13.0,16.0,inferred
"Herefordshire, County of",2021-03-24,2.0,4.0,5.0,6.0,6.0,7.0,8.0,9.0,10.0,10.0,11.0,13.0,16.0,inferred
"Herefordshire, County of",2021-03-25,2.0,3.0,4.0,4.0,5.0,6.0,7.0,7.0,8.0,9.0,9.0,11.0,14.0,inferred
"Herefordshire, County of",2021-03-26,1.0,2.0,3.0,4.0,4.0,5.0,5.0,6.0,7.0,8.0,9.0,10.0,13.0,inferred
"Herefordshire, County of",2021-03-27,0.0,1.0,2.0,3.0,3.0,4.0,4.0,5.0,6.0,6.0,7.0,8.0,11.0,inferred
"Herefordshire, County of",2021-03-28,1.0,2.0,3.0,3.0,3.0,4.0,5.0,6.0,6.0,7.0,8.0,9.0,12.0,inferred
"Herefordshire, County of",2021-03-29,1.0,3.0,4.0,4.0,5.0,5.0,6.0,7.0,8.0,8.0,9.0,11.0,14.0,inferred
"Herefordshire, County of",2021-03-30,1.0,2.0,3.0,4.0,4.0,5.0,5.0,6.0,7.0,8.0,8.0,10.0,13.0,inferred
"Herefordshire, County of",2021-03-31,1.0,2.0,3.0,4.0,4.0,5.0,6.0,6.0,7.0,8.0,8.0,10.0,13.5,inferred
"Herefordshire, County of",2021-04-01,1.0,2.0,2.0,3.0,3.0,4.0,5.0,5.0,6.0,7.0,7.0,9.0,12.0,inferred
"Herefordshire, County of",2021-04-02,0.0,1.0,2.0,2.0,3.0,3.0,4.0,5.0,5.0,6.0,6.0,8.0,10.0,inferred
"Herefordshire, County of",2021-04-03,0.0,1.0,1.0,2.0,2.0,2.0,3.0,4.0,4.0,5.0,5.0,7.0,9.0,inferred
"Herefordshire, County of",2021-04-04,0.0,1.0,2.0,2.0,2.0,3.0,3.5,4.0,5.0,5.0,6.0,7.0,10.0,inferred
"Herefordshire, County of",2021-04-05,0.0,1.0,2.0,3.0,3.0,4.0,4.0,5.0,6.0,6.0,7.0,8.0,11.0,inferred
"Herefordshire, County of",2021-04-06,0.0,1.0,2.0,2.0,3.0,3.0,4.0,5.0,6.0,6.0,7.0,8.0,11.0,inferred
"Herefordshire, County of",2021-04-07,0.0,2.0,2.0,3.0,3.0,4.0,4.0,5.0,6.0,6.0,7.0,9.0,11.5,inferred
"Herefordshire, County of",2021-04-08,0.0,1.0,2.0,2.0,3.0,3.0,4.0,5.0,5.0,6.0,6.0,8.0,11.0,inferred
"Herefordshire, County of",2021-04-09,0.0,1.0,2.0,2.0,2.0,3.0,4.0,4.0,5.0,6.0,6.0,8.0,10.0,inferred
"Herefordshire, County of",2021-04-10,0.0,1.0,1.0,2.0,2.0,2.0,3.0,4.0,4.0,5.0,5.0,6.0,9.0,inferred
"Herefordshire, County of",2021-04-11,0.0,1.0,2.0,2.0,2.0,3.0,4.0,4.0,5.0,5.0,6.0,7.0,10.0,inferred
"Herefordshire, County of",2021-04-12,0.0,2.0,2.0,3.0,3.0,4.0,5.0,5.0,6.0,7.0,7.0,9.0,12.0,inferred
"Herefordshire, County of",2021-04-13,0.0,1.0,2.0,3.0,3.0,4.0,4.0,5.0,6.0,6.0,7.0,9.0,11.0,inferred
"Herefordshire, County of",2021-04-14,1.0,2.0,3.0,3.0,3.0,4.0,5.0,6.0,7.0,7.0,8.0,9.0,12.0,inferred
"Herefordshire, County of",2021-04-15,0.0,1.0,2.0,3.0,3.0,4.0,5.0,5.0,6.0,7.0,7.0,9.0,12.0,inferred
"Herefordshire, County of",2021-04-16,0.0,1.0,2.0,3.0,3.0,3.0,4.0,5.0,6.0,6.0,7.0,8.0,11.0,inferred
"Herefordshire, County of",2021-04-17,0.0,1.0,2.0,2.0,2.0,3.0,3.0,4.0,5.0,5.0,6.0,7.0,10.0,inferred
"Herefordshire, County of",2021-04-18,0.0,1.0,2.0,3.0,3.0,4.0,4.0,5.0,6.0,6.0,7.0,8.1,11.5,inferred
"Herefordshire, County of",2021-04-19,1.0,2.0,3.0,4.0,4.0,5.0,6.0,7.0,8.0,8.0,9.0,11.0,14.0,inferred
"Herefordshire, County of",2021-04-20,1.0,2.0,4.0,4.0,4.0,5.0,6.0,7.0,8.0,8.0,9.0,11.0,14.0,inferred
"Herefordshire, County of",2021-04-21,2.0,3.0,4.0,5.0,5.0,6.0,7.0,7.0,8.0,9.0,10.0,12.0,15.0,inferred
"Herefordshire, County of",2021-04-22,1.0,3.0,4.0,4.0,5.0,5.0,6.0,7.0,8.0,9.0,9.0,11.0,14.0,inferred
"Herefordshire, County of",2021-04-23,1.0,2.0,3.0,4.0,4.0,5.0,6.0,7.0,7.0,8.0,9.0,10.0,13.0,inferred
"Herefordshire, County of",2021-04-24,1.0,2.0,3.0,3.0,3.0,4.0,5.0,6.0,7.0,7.0,8.0,9.0,12.0,inferred
"Herefordshire, County of",2021-04-25,1.0,2.0,3.0,4.0,4.0,5.0,6.0,7.0,8.0,8.0,9.0,10.0,13.5,inferred
"Herefordshire, County of",2021-04-26,2.0,4.0,5.0,5.0,6.0,7.0,8.0,9.0,10.0,11.0,11.0,14.0,16.0,inferred
"Herefordshire, County of",2021-04-27,2.0,3.9,5.0,5.0,6.0,7.0,8.0,8.0,10.0,10.0,11.0,13.0,15.5,inferred
"Herefordshire, County of",2021-04-28,2.0,4.0,5.0,5.0,6.0,7.0,8.0,9.0,10.0,11.0,12.0,13.1,17.5,inferred
"Herefordshire, County of",2021-04-29,2.0,3.0,4.0,5.0,5.0,6.0,7.0,8.0,9.0,9.0,10.0,12.0,15.0,inferred
"Herefordshire, County of",2021-04-30,1.0,3.0,4.0,4.0,5.0,5.0,6.0,7.0,8.0,9.0,9.0,11.0,14.0,inferred
"Herefordshire, County of",2021-05-01,1.0,2.0,3.0,3.0,3.0,4.0,5.0,6.0,7.0,7.0,8.0,9.0,12.0,inferred
"Herefordshire, County of",2021-05-02,1.0,2.0,3.0,4.0,4.0,5.0,6.0,7.0,7.0,8.0,9.0,10.0,14.0,inferred
"Herefordshire, County of",2021-05-03,2.0,3.0,5.0,5.0,6.0,6.0,7.0,8.0,9.0,10.0,10.0,12.0,16.0,inferred
"Herefordshire, County of",2021-05-04,2.0,3.0,4.0,5.0,5.0,6.0,7.0,8.0,9.0,9.0,10.0,12.0,15.0,inferred
"Herefordshire, County of",2021-05-05,2.0,3.0,4.8,5.0,5.0,6.0,7.0,8.0,9.0,10.0,10.2,13.0,17.0,inferred
"Herefordshire, County of",2021-05-06,1.0,3.0,4.0,4.0,5.0,5.0,6.0,7.0,8.0,9.0,9.0,11.0,14.0,inferred
"Herefordshire, County of",2021-05-07,1.0,2.0,3.0,3.0,4.0,5.0,5.0,6.0,7.0,7.0,8.0,10.0,13.0,inferred
"Herefordshire, County of",2021-05-08,0.0,1.0,2.0,2.0,3.0,3.0,4.0,5.0,6.0,6.0,6.0,8.0,11.0,inferred
"Herefordshire, County of",2021-05-09,1.0,2.0,3.0,3.0,3.0,4.0,5.0,6.0,6.0,7.0,8.0,9.0,12.0,inferred
"Herefordshire, County of",2021-05-10,1.0,2.9,4.0,4.0,4.0,5.0,6.0,7.0,8.0,9.0,9.0,11.0,14.0,inferred
"Herefordshire, County of",2021-05-11,1.0,2.0,3.0,4.0,4.0,5.0,6.0,7.0,8.0,8.0,9.0,11.0,14.0,inferred
"Herefordshire, County of",2021-05-12,1.0,3.0,3.0,4.0,4.0,5.0,6.0,7.0,8.0,8.0,9.0,11.0,14.0,inferred
"Herefordshire, County of",2021-05-13,1.0,2.0,3.0,3.0,4.0,4.0,5.0,6.0,7.0,7.0,8.0,10.0,12.0,inferred
"Herefordshire, County of",2021-05-14,1.0,1.0,2.0,3.0,3.0,4.0,4.0,5.0,6.0,6.0,7.0,8.0,11.0,inferred
"Herefordshire, County of",2021-05-15,0.0,1.0,2.0,2.0,2.0,3.0,3.0,4.0,5.0,5.0,6.0,7.0,9.0,inferred
"Herefordshire, County of",2021-05-16,0.0,1.0,2.0,2.0,3.0,3.0,4.0,5.0,5.0,6.0,6.0,8.0,11.0,inferred
"Herefordshire, County of",2021-05-17,1.0,2.0,3.0,3.0,4.0,4.0,5.0,6.0,7.0,7.0,8.0,10.0,12.0,inferred
"Herefordshire, County of",2021-05-18,1.0,2.0,2.0,3.0,3.0,4.0,5.0,5.0,6.0,7.0,7.0,9.0,12.0,inferred
"Herefordshire, County of",2021-05-19,1.0,2.0,2.8,3.0,3.0,4.0,5.0,5.0,6.0,7.0,7.2,9.0,12.0,inferred
"Herefordshire, County of",2021-05-20,0.0,1.0,2.0,2.0,3.0,3.0,4.0,5.0,6.0,6.0,7.0,8.0,11.0,inferred
"Herefordshire, County of",2021-05-21,0.0,1.0,2.0,2.0,2.0,3.0,4.0,4.0,5.0,6.0,6.0,8.0,10.0,inferred
"Herefordshire, County of",2021-05-22,0.0,1.0,1.0,1.0,2.0,2.0,3.0,3.0,4.0,5.0,5.0,6.0,8.0,inferred
"Herefordshire, County of",2021-05-23,0.0,1.0,1.0,2.0,2.0,3.0,3.0,4.0,5.0,5.0,5.0,7.0,9.5,inferred
"Herefordshire, County of",2021-05-24,0.0,1.0,2.0,3.0,3.0,4.0,4.0,5.0,6.0,6.0,7.0,8.0,11.0,inferred
"Herefordshire, County of",2021-05-25,0.0,1.0,2.0,3.0,3.0,4.0,4.0,5.0,6.0,6.0,7.0,8.0,11.0,inferred
"Herefordshire, County of",2021-05-26,0.0,1.0,2.0,3.0,3.0,4.0,4.0,5.0,6.0,6.0,7.0,8.0,11.0,inferred
"Herefordshire, County of",2021-05-27,0.0,1.0,2.0,3.0,3.0,4.0,4.0,5.0,6.0,6.0,7.0,8.0,11.0,inferred
"Herefordshire, County of",2021-05-28,0.0,1.0,2.0,2.0,3.0,3.0,4.0,5.0,5.0,6.0,6.0,8.0,10.0,inferred
"Herefordshire, County of",2021-05-29,0.0,1.0,1.0,2.0,2.0,3.0,3.0,4.0,4.0,5.0,5.0,7.0,9.0,inferred
"Herefordshire, County of",2021-05-30,0.0,1.0,2.0,2.0,3.0,3.0,4.0,5.0,5.0,6.0,6.0,8.0,10.0,inferred
"Herefordshire, County of",2021-05-31,1.0,2.0,3.0,3.0,4.0,4.0,5.0,6.0,7.0,8.0,8.0,10.0,13.0,inferred
"Herefordshire, County of",2021-06-01,1.0,2.0,3.0,4.0,4.0,5.0,5.0,6.0,7.0,8.0,8.0,10.0,13.0,inferred
"Herefordshire, County of",2021-06-02,1.0,3.0,4.0,4.0,5.0,5.0,6.0,7.0,8.0,9.0,9.0,11.0,14.0,inferred
"Herefordshire, County of",2021-06-03,1.0,3.0,4.0,4.0,5.0,6.0,6.0,7.0,8.0,9.0,9.0,11.0,15.0,inferred
"Herefordshire, County of",2021-06-04,1.0,3.0,4.0,4.0,4.0,5.0,6.0,7.0,8.0,8.0,9.0,11.0,14.0,inferred
"Herefordshire, County of",2021-06-05,1.0,2.0,3.0,3.0,4.0,4.0,5.0,6.0,7.0,7.0,8.0,9.1,12.5,inferred
"Herefordshire, County of",2021-06-06,1.0,3.0,4.0,4.0,5.0,5.0,6.0,7.0,8.0,9.0,9.0,11.0,14.0,inferred
"Herefordshire, County of",2021-06-07,2.0,4.0,5.0,6.0,6.0,7.0,8.0,9.0,10.0,11.0,12.0,14.0,17.0,inferred
"Herefordshire, County of",2021-06-08,3.0,4.0,5.0,6.0,6.0,7.0,8.0,9.0,10.0,11.0,12.0,14.0,18.0,inferred
"Herefordshire, County of",2021-06-09,3.0,5.0,6.0,7.0,7.0,8.0,9.0,10.0,12.0,12.0,13.0,15.0,19.0,inferred
"Herefordshire, County of",2021-06-10,3.0,4.0,6.0,6.0,7.0,8.0,9.0,10.0,11.0,11.0,12.0,14.0,18.0,inferred
"Herefordshire, County of",2021-06-11,2.0,4.0,5.0,6.0,6.0,7.0,8.0,9.0,10.0,11.0,11.0,13.0,17.0,inferred
"Herefordshire, County of",2021-06-12,1.0,3.0,4.0,5.0,5.0,6.0,7.0,8.0,9.0,9.0,10.0,12.0,15.5,inferred
"Herefordshire, County of",2021-06-13,2.0,4.0,6.0,6.0,7.0,8.0,8.5,10.0,11.0,11.0,12.0,14.0,18.0,inferred
"Herefordshire, County of",2021-06-14,4.0,6.0,8.0,8.0,9.0,10.0,12.0,13.0,14.0,15.0,15.0,18.0,23.0,inferred
"Herefordshire, County of",2021-06-15,4.0,6.0,8.0,9.0,9.0,10.0,12.0,13.0,14.0,15.0,16.0,18.0,22.0,inferred
"Herefordshire, County of",2021-06-16,5.0,7.0,9.0,10.0,10.0,12.0,13.0,14.0,16.0,17.0,18.0,20.0,24.0,inferred
"Herefordshire, County of",2021-06-17,4.0,6.0,8.0,9.0,9.7,11.0,12.0,13.0,15.0,15.0,16.0,19.0,24.0,inferred
"Herefordshire, County of",2021-06-18,4.0,6.0,7.0,8.0,9.0,10.0,11.0,12.0,14.0,15.0,16.0,18.0,23.0,inferred
Hertsmere,2021-03-06,1.0,2.0,3.0,3.0,4.0,4.0,5.0,6.0,7.0,7.0,8.0,9.0,12.0,inferred
Hertsmere,2021-03-07,2.0,3.0,4.0,4.0,5.0,5.0,6.0,7.0,8.0,8.0,9.0,11.0,13.0,inferred
Hertsmere,2021-03-08,2.0,4.0,5.0,6.0,6.0,7.0,8.0,8.0,9.0,10.0,10.0,12.0,15.0,inferred
Hertsmere,2021-03-09,2.0,3.0,4.0,5.0,5.0,6.0,7.0,8.0,9.0,9.0,10.0,12.0,14.0,inferred
Hertsmere,2021-03-10,2.0,3.0,4.0,5.0,5.0,6.0,7.0,8.0,9.0,9.0,10.0,12.0,14.5,inferred
Hertsmere,2021-03-11,1.0,3.0,3.0,4.0,4.0,5.0,6.0,6.0,7.0,8.0,9.0,10.0,14.0,inferred
Hertsmere,2021-03-12,1.0,2.0,3.0,3.0,4.0,4.0,5.0,6.0,6.0,7.0,7.0,9.0,12.0,inferred
Hertsmere,2021-03-13,0.0,1.0,2.0,2.0,3.0,3.0,4.0,4.0,5.0,6.0,6.0,7.0,9.0,inferred
Hertsmere,2021-03-14,1.0,1.0,2.0,2.0,3.0,3.0,4.0,5.0,6.0,6.0,6.0,8.0,10.0,inferred
Hertsmere,2021-03-15,1.0,2.0,3.0,3.0,4.0,4.0,5.0,6.0,7.0,7.0,8.0,9.0,12.0,inferred
Hertsmere,2021-03-16,1.0,2.0,3.0,3.0,3.0,4.0,5.0,5.0,6.0,7.0,7.0,9.0,12.0,inferred
Hertsmere,2021-03-17,1.0,2.0,3.0,3.0,4.0,4.0,5.0,6.0,7.0,7.0,8.0,9.0,12.0,inferred
Hertsmere,2021-03-18,1.0,2.0,3.0,3.0,3.0,4.0,5.0,5.0,6.0,7.0,7.0,8.0,11.0,inferred
Hertsmere,2021-03-19,0.0,1.0,2.0,2.0,3.0,3.0,4.0,5.0,5.0,6.0,6.0,8.0,10.5,inferred
Hertsmere,2021-03-20,0.0,1.0,2.0,2.0,2.0,3.0,3.0,4.0,4.0,5.0,5.0,7.0,9.0,inferred
Hertsmere,2021-03-21,0.0,1.0,2.0,2.0,2.0,3.0,4.0,4.0,5.0,5.0,6.0,7.0,10.0,inferred
Hertsmere,2021-03-22,1.0,2.0,2.0,3.0,3.0,4.0,5.0,5.0,6.0,7.0,7.0,9.0,11.0,inferred
Hertsmere,2021-03-23,0.0,2.0,2.0,3.0,3.0,4.0,4.0,5.0,6.0,6.0,7.0,8.0,11.0,inferred
Hertsmere,2021-03-24,0.0,1.0,2.0,3.0,3.0,4.0,4.0,5.0,6.0,6.0,7.0,8.0,11.0,inferred
Hertsmere,2021-03-25,0.0,1.0,2.0,2.0,3.0,3.0,4.0,4.0,5.0,6.0,6.0,8.0,10.0,inferred
Hertsmere,2021-03-26,0.0,1.0,2.0,2.0,2.0,3.0,3.0,4.0,4.0,5.0,5.0,7.0,9.0,inferred
Hertsmere,2021-03-27,0.0,0.0,1.0,1.0,1.0,2.0,2.0,3.0,3.0,4.0,4.0,5.0,7.0,inferred
Hertsmere,2021-03-28,0.0,1.0,1.0,1.0,2.0,2.0,3.0,3.0,4.0,4.0,4.0,5.1,8.0,inferred
Hertsmere,2021-03-29,0.0,1.0,1.0,2.0,2.0,2.0,3.0,4.0,4.0,5.0,5.0,7.0,9.0,inferred
Hertsmere,2021-03-30,0.0,1.0,1.0,2.0,2.0,2.0,3.0,4.0,4.0,5.0,5.0,6.0,9.0,inferred
Hertsmere,2021-03-31,0.0,1.0,1.0,2.0,2.0,2.0,3.0,3.0,4.0,5.0,5.0,7.0,9.0,inferred
Hertsmere,2021-04-01,0.0,1.0,1.0,1.0,2.0,2.0,3.0,3.0,4.0,4.0,4.0,6.0,8.0,inferred
Hertsmere,2021-04-02,0.0,0.0,1.0,1.0,1.0,2.0,2.0,3.0,3.0,4.0,4.0,5.0,7.0,inferred
Hertsmere,2021-04-03,0.0,0.0,1.0,1.0,1.0,1.0,2.0,2.0,3.0,3.0,3.0,4.0,6.0,inferred
Hertsmere,2021-04-04,0.0,0.0,1.0,1.0,1.0,2.0,2.0,2.0,3.0,3.0,4.0,5.0,7.0,inferred
Hertsmere,2021-04-05,0.0,0.0,1.0,1.0,2.0,2.0,3.0,3.0,4.0,4.0,4.0,6.0,8.0,inferred
Hertsmere,2021-04-06,0.0,0.0,1.0,1.0,1.0,2.0,2.0,3.0,4.0,4.0,4.0,6.0,8.0,inferred
Hertsmere,2021-04-07,0.0,0.0,1.0,1.0,1.0,2.0,2.0,3.0,4.0,4.0,4.0,6.0,8.0,inferred
Hertsmere,2021-04-08,0.0,0.0,1.0,1.0,1.0,2.0,2.0,3.0,3.0,4.0,4.0,5.0,7.0,inferred
Hertsmere,2021-04-09,0.0,0.0,1.0,1.0,1.0,2.0,2.0,2.0,3.0,3.0,4.0,5.0,7.0,inferred
Hertsmere,2021-04-10,0.0,0.0,1.0,1.0,1.0,1.0,2.0,2.0,3.0,3.0,3.0,4.0,6.0,inferred
Hertsmere,2021-04-11,0.0,0.0,1.0,1.0,1.0,2.0,2.0,3.0,3.0,3.0,4.0,5.0,7.0,inferred
Hertsmere,2021-04-12,0.0,0.0,1.0,1.0,1.0,2.0,2.0,3.0,4.0,4.0,4.0,6.0,8.0,inferred
Hertsmere,2021-04-13,0.0,0.0,1.0,1.0,1.0,2.0,2.0,3.0,4.0,4.0,4.0,5.0,8.0,inferred
Hertsmere,2021-04-14,0.0,0.0,1.0,1.0,1.0,2.0,2.0,3.0,3.0,4.0,4.0,6.0,8.0,inferred
Hertsmere,2021-04-15,0.0,0.0,1.0,1.0,1.0,2.0,2.0,3.0,3.0,4.0,4.0,5.0,8.0,inferred
Hertsmere,2021-04-16,0.0,0.0,1.0,1.0,1.0,2.0,2.0,2.0,3.0,3.0,4.0,5.0,7.0,inferred
Hertsmere,2021-04-17,0.0,0.0,0.0,1.0,1.0,1.0,2.0,2.0,2.0,3.0,3.0,4.0,6.0,inferred
Hertsmere,2021-04-18,0.0,0.0,1.0,1.0,1.0,1.0,2.0,2.0,3.0,3.0,4.0,5.0,7.0,inferred
Hertsmere,2021-04-19,0.0,0.0,1.0,1.0,1.0,2.0,2.0,3.0,4.0,4.0,4.0,5.0,7.0,inferred
Hertsmere,2021-04-20,0.0,0.0,1.0,1.0,1.0,2.0,2.0,3.0,3.0,4.0,4.0,5.0,7.0,inferred
Hertsmere,2021-04-21,0.0,0.0,1.0,1.0,1.0,2.0,2.0,3.0,3.0,4.0,4.0,5.0,7.0,inferred
Hertsmere,2021-04-22,0.0,0.0,1.0,1.0,1.0,2.0,2.0,3.0,3.0,4.0,4.0,5.0,7.0,inferred
Hertsmere,2021-04-23,0.0,0.0,1.0,1.0,1.0,1.0,2.0,2.0,3.0,3.0,3.0,4.0,6.0,inferred
Hertsmere,2021-04-24,0.0,0.0,0.0,1.0,1.0,1.0,1.0,2.0,2.0,2.0,3.0,4.0,6.0,inferred
Hertsmere,2021-04-25,0.0,0.0,0.0,1.0,1.0,1.0,2.0,2.0,3.0,3.0,3.0,4.0,6.0,inferred
Hertsmere,2021-04-26,0.0,0.0,1.0,1.0,1.0,1.0,2.0,3.0,3.0,4.0,4.0,5.0,7.0,inferred
Hertsmere,2021-04-27,0.0,0.0,1.0,1.0,1.0,2.0,2.0,3.0,3.0,3.0,4.0,5.0,7.0,inferred
Hertsmere,2021-04-28,0.0,0.0,1.0,1.0,1.0,2.0,2.0,3.0,3.0,4.0,4.0,5.0,7.0,inferred
Hertsmere,2021-04-29,0.0,0.0,1.0,1.0,1.0,2.0,2.0,2.0,3.0,3.0,4.0,5.0,7.0,inferred
Hertsmere,2021-04-30,0.0,0.0,1.0,1.0,1.0,1.0,2.0,2.0,3.0,3.0,3.0,4.0,7.0,inferred
Hertsmere,2021-05-01,0.0,0.0,0.0,0.0,1.0,1.0,1.0,2.0,2.0,3.0,3.0,4.0,6.0,inferred
Hertsmere,2021-05-02,0.0,0.0,1.0,1.0,1.0,1.0,2.0,2.0,3.0,3.0,3.0,5.0,6.0,inferred
Hertsmere,2021-05-03,0.0,0.0,1.0,1.0,1.0,2.0,2.0,3.0,3.0,4.0,4.0,5.0,7.0,inferred
Hertsmere,2021-05-04,0.0,0.0,1.0,1.0,1.0,2.0,2.0,3.0,3.0,4.0,4.0,5.0,7.0,inferred
Hertsmere,2021-05-05,0.0,0.0,1.0,1.0,1.0,2.0,2.0,3.0,3.0,4.0,4.0,5.0,7.0,inferred
Hertsmere,2021-05-06,0.0,0.0,1.0,1.0,1.0,2.0,2.0,3.0,3.0,4.0,4.0,5.0,7.0,inferred
Hertsmere,2021-05-07,0.0,0.0,1.0,1.0,1.0,1.0,2.0,2.0,3.0,3.0,3.0,5.0,6.0,inferred
Hertsmere,2021-05-08,0.0,0.0,0.0,1.0,1.0,1.0,1.0,2.0,2.0,3.0,3.0,4.0,6.0,inferred
Hertsmere,2021-05-09,0.0,0.0,1.0,1.0,1.0,2.0,2.0,2.0,3.0,3.0,4.0,5.0,7.0,inferred
Hertsmere,2021-05-10,0.0,0.0,1.0,1.0,1.0,2.0,2.0,3.0,4.0,4.0,4.0,6.0,8.0,inferred
Hertsmere,2021-05-11,0.0,0.0,1.0,1.0,1.0,2.0,2.0,3.0,3.0,4.0,4.0,5.0,7.0,inferred
Hertsmere,2021-05-12,0.0,0.0,1.0,1.0,2.0,2.0,3.0,3.0,4.0,4.0,5.0,6.0,8.0,inferred
Hertsmere,2021-05-13,0.0,0.0,1.0,1.0,1.0,2.0,2.0,3.0,3.0,4.0,4.0,5.0,7.0,inferred
Hertsmere,2021-05-14,0.0,0.0,1.0,1.0,1.0,2.0,2.0,2.0,3.0,3.0,4.0,5.0,7.0,inferred
Hertsmere,2021-05-15,0.0,0.0,1.0,1.0,1.0,1.0,2.0,2.0,3.0,3.0,3.0,4.0,7.0,inferred
Hertsmere,2021-05-16,0.0,0.0,1.0,1.0,1.0,2.0,2.0,2.0,3.0,3.0,4.0,5.0,7.0,inferred
Hertsmere,2021-05-17,0.0,0.0,1.0,1.0,2.0,2.0,3.0,3.0,4.0,4.0,4.0,6.0,8.0,inferred
Hertsmere,2021-05-18,0.0,0.9,1.0,1.0,2.0,2.0,3.0,3.0,4.0,4.0,4.0,6.0,8.0,inferred
Hertsmere,2021-05-19,0.0,1.0,1.0,1.0,2.0,2.0,3.0,3.0,4.0,4.0,5.0,6.0,8.0,inferred
Hertsmere,2021-05-20,0.0,1.0,1.0,1.0,2.0,2.0,3.0,3.0,4.0,4.0,4.0,6.0,8.0,inferred
Hertsmere,2021-05-21,0.0,0.0,1.0,1.0,1.0,2.0,2.0,3.0,3.0,4.0,4.0,5.0,7.5,inferred
Hertsmere,2021-05-22,0.0,0.0,1.0,1.0,1.0,1.0,2.0,2.0,3.0,3.0,4.0,5.0,7.0,inferred
Hertsmere,2021-05-23,0.0,0.0,1.0,1.0,2.0,2.0,2.0,3.0,3.0,4.0,4.0,5.0,7.0,inferred
Hertsmere,2021-05-24,0.0,1.0,1.0,2.0,2.0,2.0,3.0,4.0,4.0,5.0,5.0,7.0,9.0,inferred
Hertsmere,2021-05-25,0.0,1.0,1.0,2.0,2.0,3.0,3.0,4.0,4.0,5.0,5.0,6.0,8.5,inferred
Hertsmere,2021-05-26,0.0,1.0,2.0,2.0,2.0,3.0,3.0,4.0,5.0,5.0,5.0,7.0,9.0,inferred
Hertsmere,2021-05-27,0.0,1.0,2.0,2.0,2.0,3.0,3.0,4.0,4.0,5.0,5.0,6.0,9.0,inferred
Hertsmere,2021-05-28,0.0,1.0,1.0,1.8,2.0,2.0,3.0,3.0,4.0,5.0,5.0,6.0,9.0,inferred
Hertsmere,2021-05-29,0.0,0.0,1.0,1.0,1.0,2.0,2.0,3.0,3.0,4.0,4.0,5.0,7.0,inferred
Hertsmere,2021-05-30,0.0,1.0,1.0,2.0,2.0,2.0,3.0,3.0,4.0,4.0,5.0,6.0,8.0,inferred
Hertsmere,2021-05-31,0.0,1.0,2.0,2.0,2.0,3.0,4.0,4.0,5.0,6.0,6.0,8.0,10.0,inferred
Hertsmere,2021-06-01,0.0,1.0,2.0,2.0,3.0,3.0,4.0,4.0,5.0,6.0,6.0,7.0,10.0,inferred
Hertsmere,2021-06-02,0.0,1.0,2.0,3.0,3.0,4.0,4.0,5.0,6.0,6.0,6.0,8.0,10.5,inferred
Hertsmere,2021-06-03,0.0,1.0,2.0,3.0,3.0,4.0,4.0,5.0,6.0,6.0,7.0,8.0,10.0,inferred
Hertsmere,2021-06-04,0.0,1.0,2.0,2.0,3.0,3.0,4.0,5.0,5.0,6.0,6.0,8.0,10.0,inferred
Hertsmere,2021-06-05,0.0,1.0,2.0,2.0,2.0,3.0,4.0,4.0,5.0,5.0,6.0,7.0,9.0,inferred
Hertsmere,2021-06-06,0.0,1.0,2.0,3.0,3.0,4.0,4.0,5.0,6.0,6.0,7.0,8.0,10.0,inferred
Hertsmere,2021-06-07,1.0,2.0,3.0,4.0,4.0,5.0,6.0,6.0,7.0,8.0,8.0,10.0,13.0,inferred
Hertsmere,2021-06-08,1.0,3.0,4.0,4.0,4.0,5.0,6.0,7.0,8.0,8.0,9.0,11.0,14.0,inferred
Hertsmere,2021-06-09,2.0,3.0,4.0,5.0,5.0,6.0,7.0,8.0,9.0,9.0,10.0,11.1,15.0,inferred
Hertsmere,2021-06-10,2.0,3.0,4.0,5.0,5.0,6.0,7.0,8.0,9.0,9.0,10.0,12.0,15.0,inferred
Hertsmere,2021-06-11,2.0,3.0,4.0,5.0,5.0,6.0,7.0,8.0,9.0,9.0,10.0,11.0,15.0,inferred
Hertsmere,2021-06-12,1.0,2.0,3.0,4.0,4.0,5.0,6.0,7.0,7.0,8.0,8.0,10.0,13.0,inferred
Hertsmere,2021-06-13,2.0,3.0,5.0,5.0,5.0,6.0,7.0,8.0,9.0,9.0,10.0,12.0,15.0,inferred
Hertsmere,2021-06-14,3.0,5.0,6.0,7.0,7.0,8.0,9.0,10.0,11.0,12.0,13.0,15.0,18.0,inferred
Hertsmere,2021-06-15,3.0,5.0,6.0,7.0,7.0,8.0,9.0,10.0,11.0,12.0,13.0,15.0,19.0,inferred
Hertsmere,2021-06-16,4.0,6.0,7.0,7.0,8.0,9.0,10.0,11.0,12.0,13.0,13.2,15.0,20.0,inferred
Hertsmere,2021-06-17,3.0,5.0,6.0,7.0,8.0,9.0,10.0,11.0,12.0,13.0,14.0,16.0,19.0,inferred
Hertsmere,2021-06-18,3.0,5.0,6.0,7.0,7.0,8.0,9.0,10.0,11.0,12.0,13.0,15.0,18.0,inferred
High Peak,2021-03-06,1.0,2.0,3.0,4.0,4.0,5.0,6.0,6.0,7.0,8.0,8.0,10.0,12.0,inferred
High Peak,2021-03-07,1.0,3.0,4.0,4.0,5.0,5.0,6.0,7.0,8.0,8.0,9.0,10.0,13.0,inferred
High Peak,2021-03-08,2.0,4.0,5.0,5.0,6.0,7.0,7.0,8.0,9.0,10.0,10.0,12.0,15.0,inferred
High Peak,2021-03-09,2.0,3.0,4.0,5.0,5.0,6.0,7.0,8.0,9.0,9.0,10.0,12.0,14.0,inferred
High Peak,2021-03-10,2.0,3.0,4.0,5.0,5.0,6.0,7.0,8.0,9.0,9.0,10.0,12.0,15.0,inferred
High Peak,2021-03-11,1.0,3.0,4.0,4.0,5.0,5.0,6.0,7.0,8.0,8.0,9.0,11.0,13.0,inferred
High Peak,2021-03-12,1.0,2.9,3.0,4.0,4.0,5.0,6.0,6.0,7.0,8.0,8.0,10.0,12.0,inferred
High Peak,2021-03-13,1.0,2.0,2.0,3.0,3.0,4.0,4.0,5.0,6.0,6.0,7.0,8.0,10.0,inferred
High Peak,2021-03-14,1.0,2.0,3.0,3.0,4.0,4.0,5.0,6.0,7.0,7.0,8.0,9.0,12.0,inferred
High Peak,2021-03-15,2.0,3.0,4.0,5.0,5.0,6.0,6.0,7.0,8.0,9.0,9.0,11.0,14.0,inferred
High Peak,2021-03-16,1.0,3.0,4.0,4.0,5.0,6.0,6.0,7.0,8.0,9.0,9.0,11.0,14.0,inferred
High Peak,2021-03-17,2.0,3.0,4.0,5.0,5.0,6.0,7.0,7.0,8.0,9.0,10.0,11.0,14.0,inferred
High Peak,2021-03-18,1.0,3.0,4.0,4.0,5.0,5.0,6.0,7.0,8.0,8.0,9.0,11.0,14.0,inferred
High Peak,2021-03-19,1.0,2.0,3.0,4.0,4.0,5.0,6.0,6.4,7.0,8.0,8.0,10.0,12.0,inferred
High Peak,2021-03-20,1.0,2.0,3.0,3.0,3.0,4.0,5.0,5.0,6.0,7.0,7.0,9.0,11.0,inferred
High Peak,2021-03-21,1.0,2.0,3.0,4.0,4.0,5.0,5.0,6.0,7.0,7.0,8.0,10.0,13.0,inferred
High Peak,2021-03-22,2.0,4.0,5.0,5.0,6.0,6.0,7.0,8.0,9.0,10.0,10.0,12.0,16.0,inferred
High Peak,2021-03-23,2.0,3.0,5.0,5.0,6.0,6.0,7.0,8.0,9.0,9.0,10.0,12.0,15.0,inferred
High Peak,2021-03-24,2.0,3.0,5.0,5.0,6.0,7.0,7.0,8.0,9.0,10.0,11.0,12.0,15.0,inferred
High Peak,2021-03-25,1.0,3.0,4.0,4.0,5.0,6.0,7.0,7.0,8.0,9.0,9.2,11.0,14.0,inferred
High Peak,2021-03-26,1.0,2.0,3.0,4.0,4.0,5.0,6.0,6.0,7.0,8.0,8.0,10.0,13.0,inferred
High Peak,2021-03-27,0.5,1.9,2.0,3.0,3.0,4.0,4.0,5.0,6.0,6.0,6.0,8.0,11.0,inferred
High Peak,2021-03-28,1.0,2.0,3.0,3.0,3.0,4.0,5.0,5.0,6.0,7.0,7.0,9.0,11.0,inferred
High Peak,2021-03-29,1.0,3.0,4.0,4.0,4.0,5.0,6.0,7.0,8.0,8.0,9.0,10.0,13.0,inferred
High Peak,2021-03-30,1.0,2.0,3.0,4.0,4.0,5.0,5.0,6.0,7.0,8.0,8.0,10.0,12.0,inferred
High Peak,2021-03-31,1.0,2.0,3.0,4.0,4.0,5.0,5.0,6.0,7.0,8.0,8.0,9.1,13.0,inferred
High Peak,2021-04-01,1.0,2.0,3.0,3.0,3.0,4.0,5.0,5.0,6.0,7.0,7.0,8.0,11.0,inferred
High Peak,2021-04-02,1.0,1.0,2.0,3.0,3.0,3.6,4.0,5.0,6.0,6.0,7.0,8.0,11.0,inferred
High Peak,2021-04-03,0.0,1.0,2.0,2.0,2.0,3.0,3.0,4.0,4.0,5.0,5.0,7.0,9.0,inferred
High Peak,2021-04-04,0.0,1.0,2.0,2.0,2.0,3.0,4.0,4.0,5.0,5.0,6.0,7.0,10.0,inferred
High Peak,2021-04-05,1.0,2.0,3.0,3.0,3.0,4.0,5.0,5.0,6.0,7.0,7.0,9.0,11.0,inferred
High Peak,2021-04-06,0.0,1.0,2.0,3.0,3.0,4.0,4.0,5.0,6.0,6.0,7.0,8.0,11.0,inferred
High Peak,2021-04-07,0.5,2.0,3.0,3.0,3.0,4.0,5.0,5.0,6.0,7.0,7.0,8.0,11.0,inferred
High Peak,2021-04-08,0.0,1.0,2.0,2.0,3.0,3.0,4.0,5.0,5.0,6.0,6.0,8.0,10.0,inferred
High Peak,2021-04-09,0.0,1.0,2.0,2.0,2.0,3.0,3.0,4.0,5.0,5.0,6.0,7.0,9.0,inferred
High Peak,2021-04-10,0.0,1.0,1.0,1.0,2.0,2.0,3.0,3.0,4.0,4.0,4.0,6.0,8.0,inferred
High Peak,2021-04-11,0.0,1.0,1.0,2.0,2.0,2.0,3.0,4.0,4.0,5.0,5.0,6.0,9.0,inferred
High Peak,2021-04-12,0.0,1.0,2.0,2.0,2.0,3.0,4.0,4.0,5.0,5.0,6.0,7.0,10.0,inferred
High Peak,2021-04-13,0.0,1.0,2.0,2.0,2.0,3.0,3.0,4.0,5.0,5.0,5.0,7.0,9.0,inferred
High Peak,2021-04-14,0.0,1.0,2.0,2.0,2.0,3.0,4.0,4.0,5.0,5.0,6.0,7.0,10.0,inferred
High Peak,2021-04-15,0.0,1.0,1.0,2.0,2.0,2.0,3.0,4.0,4.0,5.0,5.0,6.0,9.0,inferred
High Peak,2021-04-16,0.0,1.0,1.0,1.0,2.0,2.0,3.0,3.0,4.0,4.0,5.0,6.0,8.0,inferred
High Peak,2021-04-17,0.0,0.0,1.0,1.0,1.0,2.0,2.0,2.0,3.0,3.0,4.0,5.0,7.0,inferred
High Peak,2021-04-18,0.0,0.0,1.0,1.0,1.0,2.0,2.0,3.0,3.0,4.0,4.0,5.0,7.0,inferred
High Peak,2021-04-19,0.0,1.0,1.0,1.0,2.0,2.0,3.0,3.0,4.0,4.0,5.0,6.0,8.0,inferred
High Peak,2021-04-20,0.0,0.0,1.0,1.0,1.0,2.0,2.0,3.0,4.0,4.0,4.0,6.0,8.0,inferred
High Peak,2021-04-21,0.0,0.0,1.0,1.0,2.0,2.0,3.0,3.0,4.0,4.0,5.0,6.0,8.0,inferred
High Peak,2021-04-22,0.0,0.0,1.0,1.0,1.0,2.0,2.0,3.0,3.0,4.0,4.0,5.0,7.0,inferred
High Peak,2021-04-23,0.0,0.0,1.0,1.0,1.0,2.0,2.0,3.0,3.0,3.0,4.0,5.0,7.0,inferred
High Peak,2021-04-24,0.0,0.0,0.0,1.0,1.0,1.0,2.0,2.0,3.0,3.0,3.0,4.0,6.0,inferred
High Peak,2021-04-25,0.0,0.0,1.0,1.0,1.0,2.0,2.0,3.0,3.0,3.0,4.0,5.0,7.0,inferred
High Peak,2021-04-26,0.0,1.0,1.0,2.0,2.0,2.0,3.0,3.0,4.0,4.0,5.0,6.0,8.0,inferred
High Peak,2021-04-27,0.0,0.9,1.0,1.0,2.0,2.0,3.0,3.0,4.0,4.0,5.0,6.0,8.0,inferred
High Peak,2021-04-28,0.0,1.0,1.0,2.0,2.0,3.0,3.0,4.0,4.0,5.0,5.0,6.0,9.0,inferred
High Peak,2021-04-29,0.0,1.0,1.0,2.0,2.0,2.0,3.0,3.0,4.0,4.0,5.0,6.0,8.0,inferred
High Peak,2021-04-30,0.0,1.0,1.0,1.0,2.0,2.0,3.0,3.0,4.0,4.0,5.0,6.0,8.0,inferred
High Peak,2021-05-01,0.0,0.0,1.0,1.0,1.0,2.0,2.0,3.0,3.0,3.0,4.0,5.0,7.0,inferred
High Peak,2021-05-02,0.0,1.0,1.0,1.0,2.0,2.0,3.0,3.0,4.0,4.0,5.0,6.0,8.0,inferred
High Peak,2021-05-03,0.0,1.0,2.0,2.0,2.7,3.0,4.0,4.0,5.0,6.0,6.0,7.0,10.0,inferred
High Peak,2021-05-04,0.0,1.0,2.0,2.0,3.0,3.0,4.0,4.0,5.0,6.0,6.0,8.0,10.0,inferred
High Peak,2021-05-05,0.0,2.0,2.0,3.0,3.0,4.0,4.0,5.0,6.0,6.0,7.0,8.0,11.0,inferred
High Peak,2021-05-06,0.0,1.0,2.0,2.0,3.0,3.0,4.0,5.0,5.0,6.0,6.0,8.0,10.0,inferred
High Peak,2021-05-07,0.0,1.0,2.0,2.0,3.0,3.0,4.0,4.0,5.0,5.0,6.0,7.0,10.0,inferred
High Peak,2021-05-08,0.0,1.0,2.0,2.0,2.0,3.0,3.0,4.0,5.0,5.0,5.0,7.0,9.0,inferred
High Peak,2021-05-09,0.0,1.0,2.0,2.0,3.0,3.0,4.0,5.0,5.0,6.0,6.0,8.0,10.0,inferred
High Peak,2021-05-10,1.0,2.0,3.0,3.0,4.0,4.0,5.0,6.0,7.0,7.0,8.0,9.0,12.0,inferred
High Peak,2021-05-11,1.0,2.0,3.0,3.0,3.0,4.0,5.0,6.0,6.0,7.0,7.0,9.0,12.0,inferred
High Peak,2021-05-12,1.0,2.0,3.0,4.0,4.0,5.0,5.0,6.0,7.0,7.0,8.0,9.0,12.0,inferred
High Peak,2021-05-13,1.0,2.0,3.0,3.0,4.0,4.0,5.0,5.0,6.0,7.0,7.0,8.0,11.0,inferred
High Peak,2021-05-14,0.5,1.0,2.0,3.0,3.0,4.0,4.0,5.0,6.0,6.0,7.0,8.0,11.0,inferred
High Peak,2021-05-15,0.0,1.0,2.0,2.0,2.0,3.0,3.0,4.0,5.0,5.0,5.0,7.0,9.0,inferred
High Peak,2021-05-16,0.0,1.0,2.0,2.0,3.0,3.0,4.0,5.0,5.0,6.0,6.0,8.0,10.0,inferred
High Peak,2021-05-17,1.0,2.0,3.0,3.0,4.0,4.0,5.0,6.0,6.0,7.0,8.0,9.0,12.0,inferred
High Peak,2021-05-18,1.0,2.0,3.0,3.0,4.0,4.0,5.0,6.0,7.0,7.0,8.0,9.0,13.0,inferred
High Peak,2021-05-19,1.0,2.0,3.0,4.0,4.0,5.0,5.0,6.0,7.0,7.0,8.0,10.0,12.0,inferred
High Peak,2021-05-20,1.0,2.0,3.0,3.0,4.0,4.0,5.0,6.0,7.0,7.0,8.0,9.0,12.0,inferred
High Peak,2021-05-21,1.0,2.0,3.0,3.0,3.0,4.0,5.0,5.0,6.0,7.0,7.0,9.0,11.0,inferred
High Peak,2021-05-22,0.0,1.0,2.0,2.0,3.0,3.0,4.0,5.0,5.0,6.0,6.0,8.0,10.0,inferred
High Peak,2021-05-23,1.0,2.0,3.0,3.0,4.0,4.0,5.0,6.0,6.0,7.0,7.0,9.0,12.0,inferred
High Peak,2021-05-24,2.0,3.0,4.0,4.0,5.0,6.0,6.0,7.0,8.0,9.0,9.0,11.0,14.0,inferred
High Peak,2021-05-25,2.0,3.0,4.0,4.0,5.0,6.0,6.0,7.0,8.0,9.0,9.0,11.0,14.0,inferred
High Peak,2021-05-26,2.0,3.0,5.0,5.0,6.0,6.0,7.0,8.0,9.0,9.0,10.0,12.0,15.0,inferred
High Peak,2021-05-27,2.0,3.0,4.0,5.0,5.0,6.0,7.0,7.0,8.0,9.0,10.0,11.0,14.0,inferred
High Peak,2021-05-28,1.0,3.0,4.0,4.0,5.0,5.0,6.0,7.0,8.0,8.0,9.0,10.0,14.0,inferred
High Peak,2021-05-29,1.0,2.0,3.0,3.0,4.0,5.0,5.0,6.0,7.0,7.0,8.0,9.1,12.5,inferred
High Peak,2021-05-30,1.0,3.0,4.0,4.0,5.0,6.0,6.0,7.0,8.0,9.0,9.0,11.0,13.0,inferred
High Peak,2021-05-31,3.0,4.0,6.0,6.0,7.0,8.0,9.0,9.0,11.0,11.0,12.0,13.0,16.0,inferred
High Peak,2021-06-01,3.0,4.0,6.0,6.0,7.0,8.0,8.0,9.0,10.0,11.0,12.0,13.0,17.0,inferred
High Peak,2021-06-02,3.0,5.0,7.0,7.0,8.0,9.0,10.0,11.0,12.0,12.0,13.0,15.0,18.0,inferred
High Peak,2021-06-03,3.0,5.0,6.0,7.0,7.0,8.0,9.0,10.0,11.0,11.0,12.0,14.0,18.0,inferred
High Peak,2021-06-04,3.0,4.0,6.0,6.0,7.0,8.0,9.0,10.0,11.0,11.0,12.0,14.0,17.0,inferred
High Peak,2021-06-05,2.0,3.0,5.0,5.0,5.0,6.0,7.0,8.0,9.0,10.0,10.0,12.0,15.0,inferred
High Peak,2021-06-06,3.0,5.0,6.0,7.0,7.0,8.0,9.0,10.0,11.0,12.0,12.0,14.0,18.0,inferred
High Peak,2021-06-07,5.0,7.0,9.0,9.0,10.0,11.0,12.0,13.0,14.0,15.0,16.0,18.0,22.5,inferred
High Peak,2021-06-08,5.0,7.0,9.0,9.0,10.0,11.0,12.0,13.0,14.0,15.0,16.0,18.0,22.0,inferred
High Peak,2021-06-09,6.0,8.0,10.0,10.0,11.0,12.0,13.0,14.0,15.0,16.0,17.0,19.0,23.0,inferred
High Peak,2021-06-10,5.0,7.0,9.0,9.0,10.0,11.0,12.0,13.0,14.0,15.0,16.0,18.0,21.0,inferred
High Peak,2021-06-11,5.0,7.0,8.0,9.0,9.0,10.0,11.0,12.0,14.0,14.0,15.0,17.0,20.0,inferred
High Peak,2021-06-12,3.0,5.0,6.0,7.0,7.0,8.0,9.0,10.0,11.0,12.0,13.0,15.0,18.0,inferred
High Peak,2021-06-13,5.0,7.0,8.0,9.0,9.0,10.0,11.0,12.0,13.0,14.0,15.0,17.0,21.0,inferred
High Peak,2021-06-14,7.0,10.0,11.0,12.0,13.0,14.0,15.0,16.0,18.0,18.0,19.0,22.0,26.0,inferred
High Peak,2021-06-15,7.0,10.0,11.0,12.0,13.0,14.0,15.0,16.0,18.0,19.0,20.0,22.0,26.0,inferred
High Peak,2021-06-16,7.0,10.0,12.0,13.0,14.0,15.0,16.0,18.0,19.0,20.0,21.0,24.0,28.0,inferred
High Peak,2021-06-17,7.0,9.0,11.0,12.0,13.0,14.0,15.0,17.0,18.0,19.0,20.0,22.0,27.0,inferred
High Peak,2021-06-18,6.0,9.0,10.0,11.0,12.0,13.0,14.0,15.0,17.0,18.0,19.0,21.0,25.0,inferred
Highland,2021-03-06,5.0,7.0,10.0,10.0,11.0,13.0,14.0,16.0,18.0,19.0,20.0,23.1,29.0,inferred
Highland,2021-03-07,4.0,6.0,8.0,9.0,10.0,11.0,12.0,14.0,15.0,16.0,18.0,21.0,28.0,inferred
Highland,2021-03-08,2.0,5.0,6.0,7.0,8.0,9.0,10.0,12.0,13.0,14.0,15.0,19.0,23.5,inferred
Highland,2021-03-09,3.0,5.0,7.0,8.0,8.0,10.0,11.0,13.0,15.0,16.0,17.0,20.0,25.0,inferred
Highland,2021-03-10,5.0,8.0,10.0,11.0,12.0,14.0,15.0,17.0,19.0,20.0,21.0,26.0,31.0,inferred
Highland,2021-03-11,4.0,7.0,9.0,10.0,11.0,12.0,14.0,16.0,18.0,18.0,20.0,24.0,30.0,inferred
Highland,2021-03-12,5.0,7.0,9.0,10.0,11.0,13.0,14.0,16.0,18.0,19.0,20.0,24.0,29.0,inferred
Highland,2021-03-13,4.0,6.0,8.0,9.0,10.0,11.0,13.0,15.0,16.0,18.0,19.0,22.0,27.0,inferred
Highland,2021-03-14,3.0,5.0,7.0,8.0,8.0,10.0,11.0,12.0,14.0,15.0,16.0,19.0,25.0,inferred
Highland,2021-03-15,2.0,4.0,5.0,6.0,6.0,7.0,8.0,10.0,11.0,12.0,14.0,16.0,22.0,inferred
Highland,2021-03-16,2.0,4.0,5.0,6.0,7.0,8.0,9.0,10.0,12.0,13.0,14.0,17.0,23.0,inferred
Highland,2021-03-17,3.0,5.0,7.0,8.0,9.0,10.0,12.0,13.0,15.0,16.0,18.0,21.0,27.0,inferred
Highland,2021-03-18,2.5,4.0,6.0,7.0,8.0,9.0,10.0,12.0,13.0,14.0,15.0,18.0,23.0,inferred
Highland,2021-03-19,2.0,5.0,6.0,7.0,8.0,9.0,10.0,11.0,13.0,14.0,15.0,18.0,23.0,inferred
Highland,2021-03-20,2.0,4.0,5.0,6.0,6.0,8.0,9.0,11.0,12.0,13.0,14.0,17.0,23.0,inferred
Highland,2021-03-21,1.0,3.0,4.0,4.0,5.0,6.0,7.0,8.4,10.0,11.0,12.0,15.0,20.0,inferred
Highland,2021-03-22,0.0,1.0,2.0,3.0,3.0,4.0,5.0,6.0,8.0,8.0,9.0,11.0,16.0,inferred
Highland,2021-03-23,0.0,2.0,3.0,3.0,4.0,5.0,6.0,7.0,8.0,9.0,9.0,12.0,16.0,inferred
Highland,2021-03-24,1.0,3.0,4.0,5.0,5.0,6.0,7.0,9.0,10.0,11.0,12.0,15.0,20.0,inferred
Highland,2021-03-25,1.0,2.0,3.0,4.0,4.0,6.0,7.0,8.0,9.0,10.0,11.0,14.0,18.0,inferred
Highland,2021-03-26,1.0,2.0,4.0,4.0,5.0,6.0,7.0,8.0,9.0,10.0,11.0,14.0,19.0,inferred
Highland,2021-03-27,0.0,2.0,3.0,3.0,4.0,5.0,6.0,7.0,8.0,9.0,10.0,12.0,17.0,inferred
Highland,2021-03-28,0.0,1.0,2.0,3.0,3.0,4.0,5.0,6.0,7.0,8.0,9.0,11.0,15.0,inferred
Highland,2021-03-29,0.0,1.0,2.0,2.0,2.0,3.0,4.0,5.0,6.0,6.0,7.0,9.0,13.0,inferred
Highland,2021-03-30,0.0,1.0,2.0,2.0,2.0,3.0,4.0,5.0,6.0,7.0,8.0,10.0,14.5,inferred
Highland,2021-03-31,1.0,2.0,3.0,4.0,4.0,5.0,6.0,7.0,8.0,9.0,10.0,13.0,17.0,inferred
Highland,2021-04-01,0.0,2.0,3.0,3.0,4.0,5.0,6.0,7.0,8.0,9.0,10.0,12.0,16.0,inferred
Highland,2021-04-02,1.0,2.0,3.0,4.0,4.0,5.0,6.0,7.0,8.0,9.0,10.0,13.0,18.0,inferred
Highland,2021-04-03,1.0,2.0,3.0,3.0,4.0,5.0,6.0,7.0,8.0,9.0,10.0,12.0,17.0,inferred
Highland,2021-04-04,0.0,1.0,2.0,3.0,3.0,4.0,5.0,6.0,7.0,8.0,9.0,11.0,15.0,inferred
Highland,2021-04-05,0.0,1.0,1.0,2.0,2.0,3.0,4.0,5.0,6.0,6.0,7.0,10.0,14.0,inferred
Highland,2021-04-06,0.0,1.0,2.0,2.0,3.0,3.0,4.0,5.0,6.0,7.0,7.2,10.0,15.0,inferred
Highland,2021-04-07,1.0,2.0,3.0,3.0,4.0,5.0,6.0,7.0,8.0,9.0,10.0,13.0,17.0,inferred
Highland,2021-04-08,0.0,1.0,2.0,3.0,3.0,4.0,5.0,6.0,7.0,8.0,9.0,11.1,16.0,inferred
Highland,2021-04-09,0.0,2.0,3.0,3.0,4.0,5.0,5.0,7.0,8.0,9.0,10.0,12.0,16.0,inferred
Highland,2021-04-10,0.0,2.0,3.0,3.0,4.0,5.0,5.0,7.0,8.0,8.0,9.0,12.0,17.0,inferred
Highland,2021-04-11,0.0,1.0,2.0,2.0,3.0,4.0,5.0,6.0,7.0,7.0,8.0,10.0,14.0,inferred
Highland,2021-04-12,0.0,1.0,1.0,2.0,2.0,3.0,4.0,4.0,5.3,6.0,7.0,9.0,13.5,inferred
Highland,2021-04-13,0.0,1.0,2.0,2.0,3.0,3.0,4.0,5.0,6.0,7.0,8.0,10.0,13.0,inferred
Highland,2021-04-14,0.0,1.0,3.0,3.0,4.0,5.0,5.0,7.0,8.0,9.0,10.0,12.0,17.0,inferred
Highland,2021-04-15,0.0,1.0,2.0,3.0,3.0,4.0,5.0,6.0,7.0,8.0,9.0,11.0,16.0,inferred
Highland,2021-04-16,0.0,1.9,3.0,3.0,4.0,4.0,5.0,7.0,8.0,9.0,9.2,12.0,17.0,inferred
Highland,2021-04-17,0.0,1.0,2.0,3.0,3.0,4.0,5.0,6.0,7.0,8.0,9.0,12.0,16.0,inferred
Highland,2021-04-18,0.0,1.0,2.0,2.0,2.0,3.0,4.0,5.0,6.0,6.0,7.0,9.0,14.0,inferred
Highland,2021-04-19,0.0,0.0,1.0,1.0,2.0,2.0,3.0,4.0,5.0,6.0,6.0,8.0,12.0,inferred
Highland,2021-04-20,0.0,0.0,1.0,1.0,2.0,2.0,3.0,4.0,5.0,6.0,6.0,8.0,13.0,inferred
Highland,2021-04-21,0.0,1.0,2.0,2.0,3.0,4.0,4.0,5.0,7.0,7.0,8.0,10.0,14.0,inferred
Highland,2021-04-22,0.0,1.0,2.0,2.0,2.0,3.0,4.0,5.0,6.0,6.0,7.0,10.0,14.0,inferred
Highland,2021-04-23,0.0,1.0,2.0,2.0,3.0,3.0,4.0,5.0,6.0,7.0,7.0,10.0,14.0,inferred
Highland,2021-04-24,0.0,1.0,1.0,2.0,2.0,3.0,4.0,5.0,6.0,6.0,7.0,9.0,13.0,inferred
Highland,2021-04-25,0.0,0.0,1.0,1.0,2.0,2.0,3.0,4.0,5.0,5.0,6.0,8.0,12.0,inferred
Highland,2021-04-26,0.0,0.0,1.0,1.0,1.0,2.0,2.0,3.0,4.0,4.0,5.0,7.0,10.0,inferred
Highland,2021-04-27,0.0,0.0,1.0,1.0,1.0,2.0,3.0,3.0,4.0,5.0,5.0,7.0,10.0,inferred
Highland,2021-04-28,0.0,1.0,1.0,2.0,2.0,3.0,4.0,5.0,6.0,6.0,7.0,9.0,13.0,inferred
Highland,2021-04-29,0.0,0.0,1.0,1.8,2.0,2.0,3.0,4.0,5.0,6.0,6.0,8.1,13.0,inferred
Highland,2021-04-30,0.0,0.0,1.0,1.0,2.0,2.0,3.0,4.0,5.0,6.0,6.0,8.0,13.0,inferred
Highland,2021-05-01,0.0,0.0,1.0,1.0,2.0,2.0,3.0,4.0,5.0,5.0,6.0,8.0,12.5,inferred
Highland,2021-05-02,0.0,0.0,1.0,1.0,1.0,2.0,3.0,3.0,4.0,5.0,5.0,7.0,11.0,inferred
Highland,2021-05-03,0.0,0.0,0.0,1.0,1.0,1.0,2.0,2.0,3.0,4.0,4.0,6.0,9.0,inferred
Highland,2021-05-04,0.0,0.0,0.0,1.0,1.0,1.0,2.0,3.0,4.0,4.0,5.0,6.0,9.5,inferred
Highland,2021-05-05,0.0,0.0,1.0,1.0,2.0,2.0,3.0,3.0,4.0,5.0,6.0,8.0,11.0,inferred
Highland,2021-05-06,0.0,0.0,1.0,1.0,1.0,2.0,3.0,3.0,4.0,5.0,6.0,7.0,11.0,inferred
Highland,2021-05-07,0.0,0.0,1.0,1.0,1.0,2.0,3.0,3.0,4.0,5.0,5.0,7.0,12.0,inferred
Highland,2021-05-08,0.0,0.0,1.0,1.0,1.0,2.0,3.0,3.0,4.0,5.0,5.0,7.0,11.5,inferred
Highland,2021-05-09,0.0,0.0,0.0,1.0,1.0,1.0,2.0,3.0,4.0,4.0,5.0,6.0,10.0,inferred
Highland,2021-05-10,0.0,0.0,0.0,0.0,1.0,1.0,2.0,2.0,3.0,3.0,4.0,6.0,9.0,inferred
Highland,2021-05-11,0.0,0.0,0.0,1.0,1.0,1.0,2.0,2.0,3.0,4.0,4.0,6.0,10.0,inferred
Highland,2021-05-12,0.0,0.0,1.0,1.0,1.0,2.0,3.0,3.0,4.0,5.0,6.0,7.0,12.0,inferred
Highland,2021-05-13,0.0,0.0,1.0,1.0,1.0,2.0,3.0,3.0,4.0,5.0,5.0,7.0,11.0,inferred
Highland,2021-05-14,0.0,0.0,1.0,1.0,1.0,2.0,3.0,3.0,5.0,5.0,6.0,8.0,12.0,inferred
Highland,2021-05-15,0.0,0.0,1.0,1.0,1.0,2.0,3.0,3.0,4.0,5.0,6.0,8.0,12.0,inferred
Highland,2021-05-16,0.0,0.0,1.0,1.0,1.0,2.0,2.0,3.0,4.0,4.0,5.0,7.0,10.0,inferred
Highland,2021-05-17,0.0,0.0,0.0,1.0,1.0,1.0,2.0,2.0,3.0,4.0,4.0,6.0,10.0,inferred
Highland,2021-05-18,0.0,0.0,1.0,1.0,1.0,2.0,2.0,3.0,4.0,4.0,5.0,7.0,10.0,inferred
Highland,2021-05-19,0.0,1.0,1.0,2.0,2.0,3.0,4.0,4.0,5.0,6.0,7.0,9.0,13.0,inferred
Highland,2021-05-20,0.0,1.0,1.0,2.0,2.0,3.0,4.0,5.0,6.0,6.0,7.0,9.0,13.0,inferred
Highland,2021-05-21,0.0,1.0,2.0,2.0,3.0,4.0,4.0,5.0,6.0,7.0,8.0,10.0,14.0,inferred
Highland,2021-05-22,0.0,1.0,2.0,2.0,3.0,4.0,5.0,5.0,7.0,7.0,8.0,10.0,15.0,inferred
Highland,2021-05-23,0.0,1.0,2.0,2.0,3.0,3.0,4.0,5.0,6.0,7.0,7.0,9.0,13.0,inferred
Highland,2021-05-24,0.0,1.0,1.0,2.0,2.0,3.0,4.0,4.0,5.0,6.0,7.0,9.0,14.0,inferred
Highland,2021-05-25,0.0,1.0,2.0,2.0,3.0,4.0,4.0,5.0,7.0,7.0,8.0,11.0,15.0,inferred
Highland,2021-05-26,1.0,3.0,4.0,4.0,5.0,6.0,7.0,8.0,10.0,10.0,12.0,14.0,18.0,inferred
Highland,2021-05-27,1.0,3.0,4.0,5.0,5.0,6.0,7.0,9.0,10.0,11.0,12.0,15.0,21.0,inferred
Highland,2021-05-28,1.5,4.0,5.0,6.0,6.0,8.0,9.0,10.0,12.0,13.0,14.0,17.0,23.0,inferred
Highland,2021-05-29,2.0,4.0,5.0,6.0,7.0,8.0,9.0,11.0,12.0,13.0,14.0,18.0,22.5,inferred
Highland,2021-05-30,2.0,3.0,5.0,6.0,6.0,7.0,9.0,10.0,11.0,13.0,13.0,17.0,22.0,inferred
Highland,2021-05-31,1.0,3.0,4.8,5.0,6.0,7.0,8.0,9.0,11.0,11.2,13.0,15.0,21.0,inferred
Highland,2021-06-01,2.0,4.0,5.0,6.0,6.7,8.0,9.0,10.4,12.0,13.0,14.0,17.0,22.0,inferred
Highland,2021-06-02,3.0,6.0,8.0,9.0,9.0,11.0,13.0,14.0,16.0,17.0,18.0,22.0,28.0,inferred
Highland,2021-06-03,3.0,6.0,7.0,8.0,9.0,10.0,12.0,13.0,15.0,16.0,18.0,21.0,27.0,inferred
Highland,2021-06-04,3.0,6.0,8.0,9.0,10.0,11.0,13.0,14.0,16.0,17.0,18.0,22.0,28.0,inferred
Highland,2021-06-05,3.0,6.0,8.0,8.0,9.0,11.0,12.0,14.0,16.0,17.0,18.0,21.0,28.5,inferred
Highland,2021-06-06,2.0,5.0,6.0,7.0,8.0,9.0,10.0,12.0,13.0,14.0,16.0,19.0,25.0,inferred
Highland,2021-06-07,2.0,4.0,5.0,6.0,6.0,8.0,9.0,10.0,12.0,13.0,14.0,17.0,22.5,inferred
Highland,2021-06-08,2.0,4.0,6.0,6.0,7.0,8.0,10.0,11.0,13.0,14.0,15.0,18.0,24.0,inferred
Highland,2021-06-09,4.0,7.0,9.0,10.0,11.0,12.6,14.0,16.0,18.0,19.0,20.0,24.0,29.0,inferred
Highland,2021-06-10,4.0,7.0,9.0,10.0,11.0,12.0,14.0,16.0,18.0,19.0,20.0,24.0,31.0,inferred
Highland,2021-06-11,6.0,8.0,11.0,12.0,13.0,15.0,16.0,18.0,20.0,21.0,22.0,26.0,33.0,inferred
Highland,2021-06-12,5.0,8.0,11.0,12.0,13.0,14.0,16.0,18.0,20.0,21.0,22.0,26.0,32.0,inferred
Highland,2021-06-13,5.0,8.0,10.0,11.0,12.0,13.0,15.0,17.0,18.0,20.0,21.0,24.0,30.0,inferred
Highland,2021-06-14,4.0,6.0,8.0,9.0,10.0,12.0,13.0,15.0,16.0,17.0,19.0,22.0,28.0,inferred
Highland,2021-06-15,5.0,8.0,10.0,11.0,12.0,14.0,15.0,17.0,19.0,20.0,22.0,25.0,33.0,inferred
Highland,2021-06-16,9.0,14.0,17.0,18.0,19.0,22.0,24.0,26.0,28.0,29.0,31.0,35.0,43.0,inferred
Highland,2021-06-17,10.0,14.0,17.0,19.0,20.0,22.0,24.0,26.0,30.0,31.0,33.0,38.0,47.0,inferred
Highland,2021-06-18,12.0,16.0,20.0,22.0,23.0,26.0,28.0,31.0,33.0,35.0,37.0,43.0,51.5,inferred
Hillingdon,2021-03-06,14.0,17.0,20.0,21.0,21.0,23.0,24.0,26.0,27.0,28.0,29.0,33.0,38.0,inferred
Hillingdon,2021-03-07,17.0,21.0,24.0,25.0,25.0,27.0,28.0,30.0,32.0,32.0,34.0,37.0,42.0,inferred
Hillingdon,2021-03-08,24.0,28.0,31.0,32.0,34.0,35.0,37.0,39.0,41.0,42.0,44.0,46.1,52.0,inferred
Hillingdon,2021-03-09,23.0,28.0,30.0,32.0,33.0,35.0,37.0,38.0,40.0,41.0,43.0,46.0,52.0,inferred
Hillingdon,2021-03-10,23.0,28.0,31.0,32.0,33.0,35.0,37.0,39.0,40.0,41.0,43.0,46.0,52.0,inferred
Hillingdon,2021-03-11,21.0,25.0,28.0,29.0,30.0,32.0,34.0,36.0,38.0,39.0,40.0,43.0,48.0,inferred
Hillingdon,2021-03-12,17.0,21.0,24.0,25.0,26.0,28.0,29.0,31.0,33.0,34.0,35.0,38.0,44.0,inferred
Hillingdon,2021-03-13,13.0,16.0,19.0,20.0,20.0,22.0,23.0,25.0,27.0,28.0,29.0,32.0,37.0,inferred
Hillingdon,2021-03-14,16.0,19.0,22.0,23.0,24.0,25.0,26.0,28.0,30.0,31.0,32.0,35.0,40.0,inferred
Hillingdon,2021-03-15,20.0,24.0,27.0,28.0,29.0,31.0,33.0,35.0,37.0,38.0,39.0,43.0,48.0,inferred
Hillingdon,2021-03-16,19.5,23.0,26.0,27.0,28.0,30.0,32.0,33.0,35.0,36.0,38.0,41.0,46.0,inferred
Hillingdon,2021-03-17,19.0,23.0,26.0,27.0,28.0,30.0,32.0,33.0,35.0,37.0,38.0,41.0,46.0,inferred
Hillingdon,2021-03-18,16.0,21.0,23.0,24.0,25.0,27.0,29.0,31.0,32.0,33.0,34.0,38.0,43.0,inferred
Hillingdon,2021-03-19,14.0,18.0,20.0,21.0,22.0,24.0,25.0,27.0,29.0,30.0,31.0,35.0,39.0,inferred
Hillingdon,2021-03-20,11.0,14.0,16.0,17.0,17.7,19.0,20.0,22.0,23.0,24.0,25.0,28.0,32.0,inferred
Hillingdon,2021-03-21,13.0,16.0,18.0,19.0,20.0,22.0,23.0,24.0,26.0,27.0,28.0,31.0,36.0,inferred
Hillingdon,2021-03-22,17.0,21.0,24.0,25.0,26.0,27.0,29.0,31.0,32.0,33.0,35.0,38.0,43.5,inferred
Hillingdon,2021-03-23,17.0,20.0,23.0,24.0,25.0,26.0,28.0,30.0,31.0,32.0,34.0,38.0,42.0,inferred
Hillingdon,2021-03-24,16.0,20.0,22.0,23.0,24.0,26.0,28.0,29.0,31.0,32.0,34.0,36.0,41.5,inferred
Hillingdon,2021-03-25,15.0,18.0,20.0,21.0,22.0,23.0,25.0,26.0,28.0,29.0,31.0,33.0,38.0,inferred
Hillingdon,2021-03-26,11.0,14.9,17.0,18.0,18.0,20.0,22.0,23.0,24.0,25.0,26.0,29.0,33.0,inferred
Hillingdon,2021-03-27,8.0,11.0,13.0,14.0,14.0,16.0,17.0,18.0,20.0,20.0,21.0,24.0,28.0,inferred
Hillingdon,2021-03-28,9.0,13.0,15.0,15.0,16.0,17.0,19.0,20.0,22.0,22.0,23.0,26.0,30.0,inferred
Hillingdon,2021-03-29,12.0,16.0,18.0,19.0,20.0,21.0,23.0,24.0,26.0,27.0,28.0,31.0,35.0,inferred
Hillingdon,2021-03-30,11.0,14.0,17.0,18.0,19.0,21.0,22.0,23.0,25.0,26.0,27.0,30.0,35.0,inferred
Hillingdon,2021-03-31,12.0,15.0,18.0,18.0,19.0,21.0,22.0,24.0,25.0,26.0,27.0,30.0,34.0,inferred
Hillingdon,2021-04-01,10.0,13.0,16.0,17.0,17.0,19.0,20.0,22.0,23.0,24.0,25.0,28.0,32.0,inferred
Hillingdon,2021-04-02,8.0,11.0,13.0,14.0,15.0,16.0,17.0,19.0,20.0,21.0,22.0,25.0,29.0,inferred
Hillingdon,2021-04-03,7.0,9.0,11.0,11.0,12.0,13.0,14.0,15.0,17.0,17.0,18.0,21.0,24.0,inferred
Hillingdon,2021-04-04,7.0,10.0,12.0,12.0,13.0,14.0,16.0,17.0,19.0,19.0,20.0,22.0,27.0,inferred
Hillingdon,2021-04-05,10.0,13.0,15.0,16.0,17.0,18.0,20.0,21.0,23.0,24.0,25.0,28.0,32.0,inferred
Hillingdon,2021-04-06,10.0,13.0,15.0,16.0,17.0,18.0,19.0,21.0,22.0,23.0,24.0,27.0,32.0,inferred
Hillingdon,2021-04-07,10.0,13.0,15.0,16.0,17.0,18.0,19.0,21.0,22.0,23.0,24.0,27.0,31.5,inferred
Hillingdon,2021-04-08,8.0,11.0,14.0,14.0,15.0,17.0,18.0,20.0,21.0,22.0,23.0,26.0,30.0,inferred
Hillingdon,2021-04-09,7.0,10.0,12.0,13.0,14.0,15.0,16.0,17.0,18.0,19.0,20.0,23.0,27.0,inferred
Hillingdon,2021-04-10,6.0,8.0,10.0,10.0,11.0,12.0,13.0,14.0,16.0,16.0,17.0,20.0,23.0,inferred
Hillingdon,2021-04-11,7.0,9.0,11.0,12.0,12.0,14.0,15.0,16.0,18.0,19.0,19.0,22.0,26.0,inferred
Hillingdon,2021-04-12,10.0,12.0,14.0,15.0,16.0,17.0,19.0,20.0,22.0,23.0,24.0,26.0,31.0,inferred
Hillingdon,2021-04-13,9.5,12.0,14.0,15.0,16.0,17.0,18.0,20.0,21.0,22.0,23.0,26.0,31.0,inferred
Hillingdon,2021-04-14,10.0,12.0,14.0,15.0,16.0,17.0,19.0,20.0,22.0,22.0,23.0,26.0,31.0,inferred
Hillingdon,2021-04-15,8.0,11.0,13.0,14.0,15.0,16.0,17.0,19.0,20.0,21.0,22.0,25.0,28.0,inferred
Hillingdon,2021-04-16,7.0,9.0,11.0,12.0,13.0,14.0,15.0,16.0,18.0,18.0,19.0,22.0,26.0,inferred
Hillingdon,2021-04-17,5.0,8.0,9.0,10.0,11.0,11.0,13.0,14.0,15.0,16.0,17.0,19.0,22.0,inferred
Hillingdon,2021-04-18,6.0,9.0,10.0,11.0,12.0,13.0,14.0,15.0,17.0,17.0,18.0,21.0,25.0,inferred
Hillingdon,2021-04-19,9.0,12.0,14.0,15.0,15.0,17.0,18.0,19.0,21.0,22.0,23.0,26.0,31.0,inferred
Hillingdon,2021-04-20,9.0,11.0,13.0,14.0,15.0,16.0,18.0,19.0,21.0,21.0,22.0,25.0,30.0,inferred
Hillingdon,2021-04-21,9.0,11.0,14.0,14.0,15.0,16.0,18.0,19.0,20.0,21.0,22.0,25.0,30.0,inferred
Hillingdon,2021-04-22,8.0,10.0,12.0,13.0,13.0,15.0,16.0,17.0,19.0,19.0,20.0,22.0,26.0,inferred
Hillingdon,2021-04-23,6.0,8.0,10.0,11.0,11.0,12.0,14.0,15.0,16.0,17.0,17.0,20.0,23.0,inferred
Hillingdon,2021-04-24,5.0,7.0,8.0,9.0,9.0,10.0,11.0,12.0,13.0,14.0,15.0,17.0,21.0,inferred
Hillingdon,2021-04-25,5.0,7.0,9.0,10.0,10.0,11.0,12.0,13.0,14.0,15.0,16.0,18.0,22.0,inferred
Hillingdon,2021-04-26,7.0,9.0,11.0,12.0,13.0,14.0,15.0,17.0,18.0,19.0,20.0,22.0,25.5,inferred
Hillingdon,2021-04-27,6.0,9.0,11.0,12.0,12.0,14.0,15.0,16.0,17.0,18.0,19.0,21.0,26.0,inferred
Hillingdon,2021-04-28,7.0,9.0,11.0,12.0,13.0,14.0,15.0,16.0,18.0,18.0,19.0,22.0,25.5,inferred
Hillingdon,2021-04-29,6.0,9.0,10.0,11.0,12.0,13.0,14.0,15.0,17.0,17.0,18.0,21.0,25.0,inferred
Hillingdon,2021-04-30,5.0,7.0,9.0,10.0,10.0,11.0,13.0,14.0,15.0,16.0,17.0,19.0,22.0,inferred
Hillingdon,2021-05-01,4.0,6.0,7.0,8.0,8.0,9.0,10.0,11.0,13.0,13.0,14.0,16.0,20.0,inferred
Hillingdon,2021-05-02,5.0,7.0,9.0,9.0,10.0,11.0,12.0,13.0,14.0,15.0,16.0,18.0,22.0,inferred
Hillingdon,2021-05-03,7.0,9.0,11.0,12.0,13.0,14.0,15.0,17.0,18.0,19.0,20.0,22.0,26.0,inferred
Hillingdon,2021-05-04,7.0,10.0,12.0,13.0,13.0,14.0,16.0,17.0,19.0,20.0,20.0,22.0,26.0,inferred
Hillingdon,2021-05-05,8.0,11.0,12.0,13.0,14.0,15.0,16.0,18.0,19.0,20.0,21.0,24.0,27.0,inferred
Hillingdon,2021-05-06,8.0,10.0,12.0,13.0,13.0,15.0,16.0,17.0,19.0,19.0,20.0,23.0,26.0,inferred
Hillingdon,2021-05-07,6.0,9.0,11.0,12.0,12.0,13.0,14.0,16.0,17.0,18.0,18.0,21.0,24.0,inferred
Hillingdon,2021-05-08,5.0,7.0,9.0,9.0,10.0,11.0,12.0,13.0,14.0,15.0,16.0,18.0,21.0,inferred
Hillingdon,2021-05-09,6.0,8.0,10.0,11.0,11.0,13.0,14.0,15.0,16.0,17.0,18.0,20.0,24.0,inferred
Hillingdon,2021-05-10,9.0,12.0,14.0,15.0,15.0,16.0,18.0,19.0,20.0,21.0,22.0,25.0,29.0,inferred
Hillingdon,2021-05-11,9.0,12.0,14.0,15.0,15.0,16.0,18.0,19.0,20.0,21.0,22.0,25.0,29.5,inferred
Hillingdon,2021-05-12,9.0,12.0,14.0,15.0,16.0,17.0,18.0,19.0,21.0,22.0,23.0,25.0,30.0,inferred
Hillingdon,2021-05-13,9.0,11.0,13.0,14.0,15.0,16.0,17.0,19.0,20.0,21.0,22.0,24.0,29.0,inferred
Hillingdon,2021-05-14,8.0,10.0,12.0,13.0,14.0,15.0,16.0,17.0,18.0,19.0,20.0,22.0,26.0,inferred
Hillingdon,2021-05-15,6.0,8.0,10.0,11.0,11.0,12.0,14.0,15.0,16.0,17.0,17.0,20.0,23.0,inferred
Hillingdon,2021-05-16,7.0,10.0,12.0,12.0,13.0,14.0,16.0,17.0,18.0,19.0,20.0,22.0,26.0,inferred
Hillingdon,2021-05-17,11.0,13.0,16.0,17.0,18.0,19.0,20.0,22.0,23.0,24.0,25.0,28.0,32.5,inferred
Hillingdon,2021-05-18,11.0,14.0,16.0,17.0,18.0,19.0,21.0,22.0,24.0,25.0,26.0,28.0,33.5,inferred
Hillingdon,2021-05-19,11.0,15.0,17.0,18.0,19.0,20.0,22.0,23.0,25.0,26.0,27.0,30.0,34.0,inferred
Hillingdon,2021-05-20,11.0,14.0,16.0,17.0,18.0,19.0,21.0,22.0,24.0,25.0,26.0,29.0,33.0,inferred
Hillingdon,2021-05-21,10.0,12.0,14.0,15.0,16.0,18.0,19.0,20.0,22.0,23.0,24.0,26.0,30.0,inferred
Hillingdon,2021-05-22,7.0,10.0,12.0,13.0,13.0,14.0,16.0,17.0,18.0,19.0,20.0,23.0,27.0,inferred
Hillingdon,2021-05-23,9.0,12.0,14.0,15.0,15.0,17.0,18.0,19.0,21.0,22.0,23.0,25.0,30.0,inferred
Hillingdon,2021-05-24,13.0,16.0,18.0,19.0,20.0,22.0,23.0,24.0,26.0,27.0,28.0,31.0,37.0,inferred
Hillingdon,2021-05-25,12.5,16.0,19.0,20.0,20.0,22.0,23.0,25.0,27.0,28.0,29.0,32.0,36.5,inferred
Hillingdon,2021-05-26,14.0,17.0,20.0,21.0,21.0,23.0,24.0,26.0,28.0,29.0,30.0,32.1,37.0,inferred
Hillingdon,2021-05-27,13.0,16.0,18.0,19.0,20.0,22.0,23.0,25.0,26.0,27.0,28.0,31.0,36.5,inferred
Hillingdon,2021-05-28,12.0,15.0,16.0,17.0,18.0,20.0,21.0,23.0,24.0,25.0,26.0,29.0,34.0,inferred
Hillingdon,2021-05-29,9.0,12.0,14.0,14.0,15.0,16.0,18.0,19.0,21.0,21.0,22.0,25.0,29.0,inferred
Hillingdon,2021-05-30,11.0,14.0,16.0,17.0,18.0,19.0,21.0,22.0,24.0,25.0,26.0,29.0,33.0,inferred
Hillingdon,2021-05-31,16.0,19.0,22.0,23.0,24.0,26.0,27.0,28.0,30.0,31.0,33.0,36.0,41.0,inferred
Hillingdon,2021-06-01,16.0,19.0,22.0,23.0,24.0,26.0,27.0,29.0,31.0,32.0,33.0,36.0,41.0,inferred
Hillingdon,2021-06-02,17.0,20.0,23.0,24.0,25.0,27.0,29.0,30.0,32.0,33.0,34.0,37.0,43.0,inferred
Hillingdon,2021-06-03,15.0,19.0,22.0,23.0,24.0,25.0,27.0,29.0,31.0,32.0,33.0,36.0,41.0,inferred
Hillingdon,2021-06-04,13.0,17.0,19.0,20.0,21.0,23.0,24.0,26.0,27.0,28.0,29.0,33.0,37.0,inferred
Hillingdon,2021-06-05,10.0,13.0,16.0,17.0,17.0,19.0,20.0,22.0,23.0,24.0,25.0,28.0,32.0,inferred
Hillingdon,2021-06-06,13.0,16.0,19.0,20.0,21.0,22.0,24.0,25.0,27.0,28.0,29.0,32.0,37.0,inferred
Hillingdon,2021-06-07,18.0,22.0,24.0,26.0,27.0,29.0,31.0,33.0,35.0,35.2,37.0,40.0,46.0,inferred
Hillingdon,2021-06-08,18.0,22.0,25.0,26.0,27.0,28.0,30.0,32.0,34.0,35.0,37.0,40.0,45.0,inferred
Hillingdon,2021-06-09,18.0,22.0,25.0,26.0,27.0,29.0,31.0,33.0,35.0,36.0,37.0,41.0,46.0,inferred
Hillingdon,2021-06-10,17.0,21.0,24.0,25.0,26.0,27.0,29.0,31.0,33.0,34.0,35.0,38.0,43.0,inferred
Hillingdon,2021-06-11,15.0,18.0,21.0,22.0,23.0,24.0,26.0,28.0,29.0,30.0,31.0,35.0,39.0,inferred
Hillingdon,2021-06-12,11.5,15.0,17.0,18.0,19.0,20.0,21.0,23.0,25.0,26.0,26.0,29.0,34.0,inferred
Hillingdon,2021-06-13,14.5,17.0,20.0,21.0,22.0,23.0,25.0,26.0,28.0,29.0,30.0,33.0,38.0,inferred
Hillingdon,2021-06-14,19.0,23.0,26.0,28.0,29.0,31.0,32.0,34.0,36.0,37.0,39.0,42.0,47.0,inferred
Hillingdon,2021-06-15,19.5,24.0,26.8,28.0,29.0,31.0,33.0,34.0,36.0,37.0,38.0,42.0,47.0,inferred
Hillingdon,2021-06-16,20.0,25.0,27.0,28.8,30.0,32.0,33.0,35.0,37.0,38.0,40.0,44.0,49.0,inferred
Hillingdon,2021-06-17,18.5,23.0,26.0,27.0,28.0,30.0,32.0,34.0,36.0,37.0,39.0,42.0,47.5,inferred
Hillingdon,2021-06-18,17.0,21.0,23.0,25.0,25.0,27.0,29.0,31.0,33.0,34.0,35.0,39.0,45.0,inferred
Hinckley and Bosworth,2021-03-06,3.0,5.0,6.0,7.0,7.0,8.0,9.0,10.0,11.0,12.0,12.0,14.0,17.0,inferred
Hinckley and Bosworth,2021-03-07,4.0,6.0,8.0,8.0,8.0,9.0,10.0,11.0,12.0,13.0,14.0,16.0,19.0,inferred
Hinckley and Bosworth,2021-03-08,5.0,7.0,9.0,10.0,10.0,12.0,12.0,14.0,15.0,15.0,16.0,18.0,22.0,inferred
Hinckley and Bosworth,2021-03-09,4.0,7.0,8.0,9.0,9.0,10.0,11.0,12.0,14.0,14.0,15.0,17.0,22.0,inferred
Hinckley and Bosworth,2021-03-10,4.0,6.0,8.0,9.0,9.0,10.0,11.0,12.0,13.0,14.0,15.0,18.0,21.0,inferred
Hinckley and Bosworth,2021-03-11,3.0,6.0,7.0,7.0,8.0,9.0,10.0,11.0,12.0,13.0,14.0,16.0,19.0,inferred
Hinckley and Bosworth,2021-03-12,2.5,5.0,6.0,6.0,7.0,8.0,9.0,10.0,11.0,11.0,12.0,14.0,17.0,inferred
Hinckley and Bosworth,2021-03-13,2.0,3.0,4.0,5.0,5.0,6.0,7.0,8.0,9.0,9.0,10.0,11.0,14.0,inferred
Hinckley and Bosworth,2021-03-14,2.0,4.0,5.0,6.0,6.0,7.0,8.0,9.0,10.0,11.0,11.0,13.0,16.0,inferred
Hinckley and Bosworth,2021-03-15,4.0,5.0,7.0,7.0,8.0,9.0,10.0,11.0,12.0,13.0,14.0,16.0,19.0,inferred
Hinckley and Bosworth,2021-03-16,4.0,5.0,7.0,7.0,8.0,9.0,10.0,11.0,12.0,13.0,14.0,16.0,19.0,inferred
Hinckley and Bosworth,2021-03-17,4.0,6.0,8.0,8.0,9.0,10.0,11.0,12.0,13.0,14.0,14.0,17.0,21.0,inferred
Hinckley and Bosworth,2021-03-18,4.0,5.0,7.0,8.0,8.0,9.0,10.0,11.0,13.0,13.0,14.0,16.0,19.0,inferred
Hinckley and Bosworth,2021-03-19,3.0,5.0,7.0,7.0,8.0,9.0,10.0,11.0,12.0,13.0,13.0,15.0,18.0,inferred
Hinckley and Bosworth,2021-03-20,3.0,4.0,5.0,6.0,6.0,7.0,8.0,9.0,10.0,11.0,12.0,13.0,16.0,inferred
Hinckley and Bosworth,2021-03-21,3.5,5.0,7.0,7.0,8.0,9.0,10.0,11.0,12.0,13.0,14.0,16.0,19.0,inferred
Hinckley and Bosworth,2021-03-22,6.0,8.0,10.0,11.0,11.0,13.0,14.0,15.0,17.0,17.0,18.0,21.0,24.5,inferred
Hinckley and Bosworth,2021-03-23,6.0,8.0,10.0,11.0,11.0,13.0,14.0,15.0,16.0,17.0,18.0,21.0,24.0,inferred
Hinckley and Bosworth,2021-03-24,6.0,9.0,11.0,11.0,12.0,13.0,14.0,15.0,17.0,17.0,18.0,21.0,25.0,inferred
Hinckley and Bosworth,2021-03-25,5.0,8.0,9.0,10.0,10.0,12.0,13.0,14.0,15.0,16.0,16.0,18.0,22.0,inferred
Hinckley and Bosworth,2021-03-26,5.0,6.0,8.0,9.0,9.0,10.0,11.0,12.0,14.0,14.0,15.0,18.0,21.0,inferred
Hinckley and Bosworth,2021-03-27,3.0,5.0,6.0,7.0,7.0,8.0,9.0,10.0,11.0,11.0,12.0,14.0,17.0,inferred
Hinckley and Bosworth,2021-03-28,3.0,5.0,7.0,8.0,8.0,9.0,10.0,11.0,12.0,13.0,13.0,15.0,18.5,inferred
Hinckley and Bosworth,2021-03-29,5.0,7.0,9.0,10.0,10.0,11.0,12.0,13.0,15.0,15.0,16.0,19.0,22.0,inferred
Hinckley and Bosworth,2021-03-30,4.0,6.0,8.0,9.0,9.0,10.0,11.0,12.0,14.0,14.0,15.0,17.0,21.0,inferred
Hinckley and Bosworth,2021-03-31,4.0,6.0,8.0,9.0,9.0,10.0,11.0,12.0,13.0,14.0,15.0,17.0,21.0,inferred
Hinckley and Bosworth,2021-04-01,3.0,5.0,6.0,7.0,7.0,8.0,9.0,10.0,11.0,12.0,13.0,14.0,18.0,inferred
Hinckley and Bosworth,2021-04-02,2.0,4.0,5.0,5.0,6.0,7.0,8.0,9.0,10.0,10.0,11.0,13.0,16.0,inferred
Hinckley and Bosworth,2021-04-03,1.0,2.0,3.0,4.0,4.0,5.0,6.0,6.0,7.0,8.0,8.0,10.0,13.0,inferred
Hinckley and Bosworth,2021-04-04,1.0,3.0,4.0,4.0,5.0,5.0,6.0,7.0,8.0,8.0,9.0,11.0,14.0,inferred
Hinckley and Bosworth,2021-04-05,2.0,4.0,5.0,5.0,6.0,7.0,8.0,8.0,9.0,10.0,10.0,12.0,15.0,inferred
Hinckley and Bosworth,2021-04-06,2.0,3.0,4.0,5.0,5.0,6.0,7.0,8.0,8.0,9.0,10.0,11.0,14.0,inferred
Hinckley and Bosworth,2021-04-07,2.0,3.0,4.0,5.0,5.0,6.0,7.0,8.0,9.0,9.0,10.0,12.0,14.0,inferred
Hinckley and Bosworth,2021-04-08,1.0,2.0,3.0,4.0,4.0,5.0,6.0,7.0,8.0,8.0,8.0,10.0,13.0,inferred
Hinckley and Bosworth,2021-04-09,1.0,2.0,3.0,3.0,3.7,4.0,5.0,6.0,6.0,7.0,7.0,9.0,11.0,inferred
Hinckley and Bosworth,2021-04-10,0.0,1.0,2.0,2.0,2.0,3.0,4.0,4.0,5.0,5.0,6.0,7.0,10.0,inferred
Hinckley and Bosworth,2021-04-11,0.0,1.0,2.0,2.0,3.0,3.0,4.0,4.0,5.0,6.0,6.0,8.0,10.0,inferred
Hinckley and Bosworth,2021-04-12,1.0,2.0,3.0,3.0,3.0,4.0,5.0,5.0,6.0,7.0,7.0,9.0,11.0,inferred
Hinckley and Bosworth,2021-04-13,0.0,1.0,2.0,3.0,3.0,4.0,4.0,5.0,6.0,6.0,6.0,8.0,11.0,inferred
Hinckley and Bosworth,2021-04-14,0.0,2.0,2.0,3.0,3.0,4.0,4.0,5.0,6.0,6.0,7.0,8.0,10.0,inferred
Hinckley and Bosworth,2021-04-15,0.0,1.0,2.0,2.0,2.0,3.0,4.0,4.0,5.0,5.0,6.0,7.0,10.0,inferred
Hinckley and Bosworth,2021-04-16,0.0,1.0,1.0,2.0,2.0,3.0,3.0,4.0,4.0,5.0,5.0,7.0,9.0,inferred
Hinckley and Bosworth,2021-04-17,0.0,0.0,1.0,1.0,1.0,2.0,2.0,3.0,3.0,4.0,4.0,5.0,7.0,inferred
Hinckley and Bosworth,2021-04-18,0.0,1.0,1.0,2.0,2.0,2.0,3.0,4.0,4.0,4.0,5.0,6.0,8.0,inferred
Hinckley and Bosworth,2021-04-19,0.0,1.0,2.0,2.0,2.0,3.0,3.0,4.0,5.0,5.0,6.0,7.0,9.0,inferred
Hinckley and Bosworth,2021-04-20,0.0,1.0,2.0,2.0,2.0,3.0,3.0,4.0,5.0,5.0,5.0,7.0,9.0,inferred
Hinckley and Bosworth,2021-04-21,0.0,1.0,2.0,2.0,2.0,3.0,3.0,4.0,5.0,5.0,6.0,7.0,9.0,inferred
Hinckley and Bosworth,2021-04-22,0.0,1.0,1.0,2.0,2.0,2.0,3.0,3.0,4.0,5.0,5.0,6.0,8.5,inferred
Hinckley and Bosworth,2021-04-23,0.0,1.0,1.0,1.0,2.0,2.0,3.0,3.0,4.0,4.0,5.0,6.0,8.0,inferred
Hinckley and Bosworth,2021-04-24,0.0,0.0,1.0,1.0,1.0,2.0,2.0,2.0,3.0,3.0,4.0,5.0,6.0,inferred
Hinckley and Bosworth,2021-04-25,0.0,0.0,1.0,1.0,1.0,2.0,2.0,3.0,3.0,4.0,4.0,5.0,8.0,inferred
Hinckley and Bosworth,2021-04-26,0.0,1.0,1.0,2.0,2.0,2.0,3.0,3.0,4.0,4.0,5.0,6.0,8.0,inferred
Hinckley and Bosworth,2021-04-27,0.0,1.0,1.0,2.0,2.0,2.0,3.0,3.0,4.0,4.0,5.0,6.0,8.0,inferred
Hinckley and Bosworth,2021-04-28,0.0,1.0,1.0,2.0,2.0,2.0,3.0,3.0,4.0,4.0,5.0,6.0,8.0,inferred
Hinckley and Bosworth,2021-04-29,0.0,0.0,1.0,1.0,2.0,2.0,3.0,3.0,4.0,4.0,4.0,6.0,8.0,inferred
Hinckley and Bosworth,2021-04-30,0.0,0.0,1.0,1.0,1.0,2.0,2.0,3.0,3.0,4.0,4.0,5.0,8.0,inferred
Hinckley and Bosworth,2021-05-01,0.0,0.0,1.0,1.0,1.0,1.0,2.0,2.0,3.0,3.0,3.0,5.0,6.0,inferred
Hinckley and Bosworth,2021-05-02,0.0,0.0,1.0,1.0,1.0,2.0,2.0,3.0,3.0,4.0,4.0,5.0,7.0,inferred
Hinckley and Bosworth,2021-05-03,0.0,1.0,1.0,2.0,2.0,2.0,3.0,3.0,4.0,4.0,5.0,6.0,8.0,inferred
Hinckley and Bosworth,2021-05-04,0.0,1.0,1.0,1.0,2.0,2.0,3.0,3.0,4.0,4.0,5.0,6.0,8.0,inferred
Hinckley and Bosworth,2021-05-05,0.0,1.0,1.0,2.0,2.0,2.0,3.0,3.0,4.0,5.0,5.0,6.0,9.0,inferred
Hinckley and Bosworth,2021-05-06,0.0,0.0,1.0,1.0,2.0,2.0,2.0,3.0,4.0,4.0,4.0,5.0,8.0,inferred
Hinckley and Bosworth,2021-05-07,0.0,0.0,1.0,1.0,1.0,2.0,2.0,3.0,3.0,4.0,4.0,5.0,7.0,inferred
Hinckley and Bosworth,2021-05-08,0.0,0.0,1.0,1.0,1.0,1.0,2.0,2.0,3.0,3.0,3.0,4.0,6.0,inferred
Hinckley and Bosworth,2021-05-09,0.0,0.0,1.0,1.0,1.0,1.0,2.0,2.0,3.0,3.0,4.0,5.0,7.0,inferred
Hinckley and Bosworth,2021-05-10,0.0,0.0,1.0,1.0,2.0,2.0,2.0,3.0,4.0,4.0,4.0,5.0,7.0,inferred
Hinckley and Bosworth,2021-05-11,0.0,0.0,1.0,1.0,1.0,2.0,2.0,3.0,3.0,4.0,4.0,5.0,7.0,inferred
Hinckley and Bosworth,2021-05-12,0.0,0.0,1.0,1.0,1.0,2.0,2.0,3.0,3.0,4.0,4.0,5.0,8.0,inferred
Hinckley and Bosworth,2021-05-13,0.0,0.0,1.0,1.0,1.0,2.0,2.0,2.0,3.0,3.0,4.0,5.0,7.0,inferred
Hinckley and Bosworth,2021-05-14,0.0,0.0,1.0,1.0,1.0,1.0,2.0,2.0,3.0,3.0,3.0,4.0,6.0,inferred
Hinckley and Bosworth,2021-05-15,0.0,0.0,0.0,0.0,1.0,1.0,1.0,2.0,2.0,2.0,3.0,4.0,5.0,inferred
Hinckley and Bosworth,2021-05-16,0.0,0.0,0.0,1.0,1.0,1.0,1.0,2.0,2.0,3.0,3.0,4.0,6.0,inferred
Hinckley and Bosworth,2021-05-17,0.0,0.0,1.0,1.0,1.0,2.0,2.0,2.0,3.0,3.0,4.0,5.0,7.0,inferred
Hinckley and Bosworth,2021-05-18,0.0,0.0,1.0,1.0,1.0,2.0,2.0,2.0,3.0,3.0,4.0,5.0,7.0,inferred
Hinckley and Bosworth,2021-05-19,0.0,0.0,1.0,1.0,1.0,2.0,2.0,3.0,3.0,3.0,4.0,5.0,7.0,inferred
Hinckley and Bosworth,2021-05-20,0.0,0.0,1.0,1.0,1.0,2.0,2.0,2.0,3.0,3.0,4.0,5.0,7.0,inferred
Hinckley and Bosworth,2021-05-21,0.0,0.0,1.0,1.0,1.0,1.0,2.0,2.0,3.0,3.0,4.0,5.0,6.5,inferred
Hinckley and Bosworth,2021-05-22,0.0,0.0,1.0,1.0,1.0,1.0,2.0,2.0,3.0,3.0,3.0,4.0,6.0,inferred
Hinckley and Bosworth,2021-05-23,0.0,0.0,1.0,1.0,1.0,2.0,2.0,3.0,3.0,3.0,4.0,5.0,7.0,inferred
Hinckley and Bosworth,2021-05-24,0.0,1.0,1.0,2.0,2.0,2.0,3.0,3.0,4.0,4.0,5.0,6.0,9.0,inferred
Hinckley and Bosworth,2021-05-25,0.0,1.0,1.0,2.0,2.0,2.0,3.0,4.0,4.0,5.0,5.0,6.0,9.0,inferred
Hinckley and Bosworth,2021-05-26,0.0,1.0,2.0,2.0,2.0,3.0,4.0,4.0,5.0,5.0,6.0,7.0,10.0,inferred
Hinckley and Bosworth,2021-05-27,0.0,1.0,2.0,2.0,2.0,3.0,4.0,4.0,5.0,5.0,6.0,7.0,10.0,inferred
Hinckley and Bosworth,2021-05-28,0.0,1.0,2.0,2.0,2.0,3.0,4.0,4.0,5.0,5.0,6.0,7.0,9.0,inferred
Hinckley and Bosworth,2021-05-29,0.0,1.0,1.0,2.0,2.0,3.0,3.0,4.0,4.0,5.0,5.0,7.0,9.0,inferred
Hinckley and Bosworth,2021-05-30,0.0,1.0,2.0,2.0,3.0,3.0,4.0,4.0,5.0,5.0,6.0,7.0,10.0,inferred
Hinckley and Bosworth,2021-05-31,1.0,2.0,3.0,4.0,4.0,5.0,5.0,6.0,7.0,8.0,8.0,10.0,12.0,inferred
Hinckley and Bosworth,2021-06-01,1.0,2.0,3.0,4.0,4.0,5.0,6.0,6.0,7.0,8.0,9.0,10.0,13.0,inferred
Hinckley and Bosworth,2021-06-02,2.0,3.0,4.0,4.0,5.0,6.0,7.0,7.0,8.0,9.0,9.0,11.0,14.0,inferred
Hinckley and Bosworth,2021-06-03,1.0,3.0,4.0,4.0,5.0,5.0,6.0,7.0,8.0,8.0,9.0,11.0,14.0,inferred
Hinckley and Bosworth,2021-06-04,1.0,3.0,4.0,4.0,5.0,5.0,6.0,7.0,8.0,9.0,9.0,11.0,14.0,inferred
Hinckley and Bosworth,2021-06-05,1.0,2.0,3.0,4.0,4.0,5.0,5.0,6.0,7.0,7.0,8.0,10.0,12.0,inferred
Hinckley and Bosworth,2021-06-06,2.0,3.0,4.0,5.0,5.0,6.0,7.0,8.0,9.0,9.0,10.0,12.0,15.0,inferred
Hinckley and Bosworth,2021-06-07,3.0,5.0,7.0,7.0,8.0,9.0,10.0,11.0,12.0,12.0,13.0,15.0,18.0,inferred
Hinckley and Bosworth,2021-06-08,3.0,5.0,7.0,7.0,8.0,9.0,10.0,11.0,12.0,13.0,13.0,16.0,19.0,inferred
Hinckley and Bosworth,2021-06-09,4.0,6.0,8.0,8.0,9.0,10.0,11.0,12.0,13.0,14.0,15.0,17.0,21.0,inferred
Hinckley and Bosworth,2021-06-10,4.0,6.0,7.0,8.0,8.0,9.0,10.0,11.0,12.0,13.0,13.0,15.0,19.0,inferred
Hinckley and Bosworth,2021-06-11,3.0,5.0,7.0,7.0,8.0,9.0,10.0,11.0,12.0,12.0,13.0,15.0,19.0,inferred
Hinckley and Bosworth,2021-06-12,3.0,4.0,5.0,6.0,6.0,7.0,8.0,9.0,10.0,10.0,11.0,13.0,16.0,inferred
Hinckley and Bosworth,2021-06-13,3.0,5.0,7.0,7.0,8.0,9.0,10.0,11.0,12.0,12.0,13.0,15.0,18.0,inferred
Hinckley and Bosworth,2021-06-14,5.0,7.0,9.0,10.0,10.0,12.0,13.0,14.0,15.0,16.0,17.0,19.0,23.0,inferred
Hinckley and Bosworth,2021-06-15,5.0,7.0,9.0,10.0,10.0,11.0,13.0,14.0,15.0,16.0,17.0,19.0,22.0,inferred
Hinckley and Bosworth,2021-06-16,6.0,8.0,10.0,11.0,12.0,13.0,14.0,15.0,16.0,17.0,18.0,21.0,25.0,inferred
Hinckley and Bosworth,2021-06-17,5.0,8.0,9.0,10.0,11.0,12.0,13.0,14.0,16.0,16.0,17.0,19.0,24.0,inferred
Hinckley and Bosworth,2021-06-18,5.0,7.0,9.0,10.0,10.0,11.0,12.0,14.0,15.0,16.0,17.0,19.1,23.0,inferred
Horsham,2021-03-06,0.0,1.0,1.0,1.0,2.0,2.0,2.0,3.0,3.0,4.0,4.0,5.0,6.0,inferred
Horsham,2021-03-07,0.0,1.0,2.0,2.0,2.0,2.0,3.0,3.0,4.0,4.0,5.0,6.0,7.0,inferred
Horsham,2021-03-08,0.0,1.0,2.0,2.0,3.0,3.0,4.0,4.0,5.0,5.0,6.0,7.0,9.0,inferred
Horsham,2021-03-09,0.0,1.0,2.0,2.0,3.0,3.0,4.0,4.0,5.0,5.0,6.0,7.0,9.0,inferred
Horsham,2021-03-10,0.5,2.0,2.0,3.0,3.0,4.0,4.0,5.0,5.0,6.0,6.0,8.0,10.0,inferred
Horsham,2021-03-11,1.0,1.0,2.0,2.0,3.0,3.0,4.0,4.0,5.0,6.0,6.0,7.0,10.0,inferred
Horsham,2021-03-12,0.0,1.0,2.0,2.0,2.0,3.0,3.0,4.0,5.0,5.0,5.0,6.0,9.0,inferred
Horsham,2021-03-13,0.0,1.0,1.0,2.0,2.0,2.0,3.0,3.0,4.0,4.0,4.2,6.0,7.0,inferred
Horsham,2021-03-14,0.0,1.0,2.0,2.0,2.0,3.0,3.0,4.0,4.0,5.0,5.0,6.0,8.0,inferred
Horsham,2021-03-15,0.0,1.0,2.0,2.0,3.0,3.0,4.0,4.4,5.0,6.0,6.0,7.0,9.0,inferred
Horsham,2021-03-16,0.0,1.0,2.0,2.0,2.7,3.0,4.0,4.0,5.0,5.0,6.0,7.0,9.0,inferred
Horsham,2021-03-17,0.0,1.0,2.0,2.0,3.0,3.0,4.0,4.0,5.0,5.0,6.0,7.0,9.0,inferred
Horsham,2021-03-18,0.0,1.0,2.0,2.0,2.0,3.0,3.0,4.0,5.0,5.0,5.0,6.0,8.0,inferred
Horsham,2021-03-19,0.0,1.0,1.0,2.0,2.0,2.0,3.0,3.0,4.0,4.0,5.0,6.0,8.0,inferred
Horsham,2021-03-20,0.0,1.0,1.0,1.0,1.0,2.0,2.0,3.0,3.0,4.0,4.0,5.0,7.0,inferred
Horsham,2021-03-21,0.0,1.0,1.0,2.0,2.0,2.0,3.0,3.0,4.0,4.0,4.0,6.0,7.0,inferred
Horsham,2021-03-22,0.0,1.0,2.0,2.0,2.0,3.0,4.0,4.0,5.0,5.0,5.0,7.0,9.0,inferred
Horsham,2021-03-23,0.0,1.0,2.0,2.0,2.0,3.0,3.0,4.0,5.0,5.0,5.0,7.0,8.0,inferred
Horsham,2021-03-24,0.0,1.0,2.0,2.0,2.0,3.0,4.0,4.0,5.0,5.0,6.0,7.0,9.0,inferred
Horsham,2021-03-25,0.0,1.0,2.0,2.0,2.0,3.0,3.0,4.0,4.0,5.0,5.0,6.0,8.0,inferred
Horsham,2021-03-26,0.0,1.0,1.0,1.0,2.0,2.0,3.0,3.0,4.0,4.0,4.0,6.0,7.0,inferred
Horsham,2021-03-27,0.0,0.0,1.0,1.0,1.0,2.0,2.0,3.0,3.0,3.0,4.0,5.0,7.0,inferred
Horsham,2021-03-28,0.0,1.0,1.0,1.0,2.0,2.0,2.0,3.0,4.0,4.0,4.0,5.0,7.0,inferred
Horsham,2021-03-29,0.0,1.0,1.0,2.0,2.0,2.0,3.0,4.0,4.0,4.0,5.0,6.0,8.0,inferred
Horsham,2021-03-30,0.0,1.0,1.0,2.0,2.0,2.0,3.0,3.0,4.0,4.0,5.0,6.0,7.0,inferred
Horsham,2021-03-31,0.0,1.0,1.0,2.0,2.0,2.0,3.0,3.0,4.0,4.0,5.0,6.0,8.0,inferred
Horsham,2021-04-01,0.0,0.0,1.0,1.0,2.0,2.0,3.0,3.0,4.0,4.0,4.0,5.0,7.0,inferred
Horsham,2021-04-02,0.0,0.0,1.0,1.0,1.0,2.0,2.0,3.0,3.0,3.0,4.0,5.0,7.0,inferred
Horsham,2021-04-03,0.0,0.0,1.0,1.0,1.0,1.0,2.0,2.0,2.0,3.0,3.0,4.0,5.0,inferred
Horsham,2021-04-04,0.0,0.0,1.0,1.0,1.0,2.0,2.0,3.0,3.0,3.0,4.0,5.0,6.0,inferred
Horsham,2021-04-05,0.0,1.0,1.0,1.0,2.0,2.0,3.0,3.0,4.0,4.0,4.0,5.0,7.0,inferred
Horsham,2021-04-06,0.0,1.0,1.0,1.0,2.0,2.0,2.0,3.0,4.0,4.0,4.0,5.0,7.0,inferred
Horsham,2021-04-07,0.0,1.0,1.0,2.0,2.0,2.0,3.0,3.0,4.0,4.0,4.0,6.0,7.0,inferred
Horsham,2021-04-08,0.0,1.0,1.0,1.0,1.0,2.0,2.0,3.0,3.0,4.0,4.0,5.0,7.0,inferred
Horsham,2021-04-09,0.0,0.0,1.0,1.0,1.0,2.0,2.0,3.0,3.0,3.0,4.0,5.0,6.0,inferred
Horsham,2021-04-10,0.0,0.0,1.0,1.0,1.0,1.0,2.0,2.0,2.0,3.0,3.0,4.0,5.0,inferred
Horsham,2021-04-11,0.0,0.0,1.0,1.0,1.0,2.0,2.0,2.0,3.0,3.0,4.0,5.0,6.0,inferred
Horsham,2021-04-12,0.0,1.0,1.0,1.8,2.0,2.0,3.0,3.0,4.0,4.0,4.0,5.0,7.0,inferred
Horsham,2021-04-13,0.0,1.0,1.0,1.0,2.0,2.0,2.0,3.0,4.0,4.0,4.0,5.0,7.0,inferred
Horsham,2021-04-14,0.0,1.0,1.0,2.0,2.0,2.0,3.0,3.0,4.0,4.0,4.0,6.0,7.0,inferred
Horsham,2021-04-15,0.0,1.0,1.0,1.0,2.0,2.0,3.0,3.0,4.0,4.0,4.0,6.0,7.0,inferred
Horsham,2021-04-16,0.0,0.0,1.0,1.0,1.0,2.0,2.0,3.0,3.0,3.0,4.0,5.0,7.0,inferred
Horsham,2021-04-17,0.0,0.0,1.0,1.0,1.0,2.0,2.0,2.0,3.0,3.0,3.0,4.0,6.0,inferred
Horsham,2021-04-18,0.0,0.0,1.0,1.0,1.0,2.0,2.0,3.0,3.0,4.0,4.0,5.0,7.0,inferred
Horsham,2021-04-19,0.0,1.0,1.0,2.0,2.0,2.0,3.0,3.0,4.0,4.0,5.0,6.0,8.0,inferred
Horsham,2021-04-20,0.0,1.0,1.0,1.0,2.0,2.0,3.0,3.0,4.0,4.0,4.0,6.0,7.0,inferred
Horsham,2021-04-21,0.0,1.0,1.0,2.0,2.0,2.0,3.0,3.0,4.0,4.0,4.0,6.0,7.0,inferred
Horsham,2021-04-22,0.0,0.0,1.0,1.0,1.0,2.0,2.0,3.0,3.0,4.0,4.0,5.0,7.0,inferred
Horsham,2021-04-23,0.0,0.0,1.0,1.0,1.0,2.0,2.0,2.0,3.0,3.0,4.0,4.0,6.0,inferred
Horsham,2021-04-24,0.0,0.0,1.0,1.0,1.0,1.0,2.0,2.0,2.0,3.0,3.0,4.0,6.0,inferred
Horsham,2021-04-25,0.0,0.0,1.0,1.0,1.0,1.0,2.0,2.0,3.0,3.0,3.0,4.0,5.0,inferred
Horsham,2021-04-26,0.0,0.0,1.0,1.0,1.0,2.0,2.0,3.0,3.0,3.0,4.0,5.0,6.0,inferred
Horsham,2021-04-27,0.0,0.0,1.0,1.0,1.0,2.0,2.0,2.0,3.0,3.0,3.2,4.0,6.0,inferred
Horsham,2021-04-28,0.0,0.0,1.0,1.0,1.0,2.0,2.0,2.0,3.0,3.0,3.0,4.0,6.0,inferred
Horsham,2021-04-29,0.0,0.0,1.0,1.0,1.0,1.0,2.0,2.0,3.0,3.0,3.0,4.0,6.0,inferred
Horsham,2021-04-30,0.0,0.0,0.0,1.0,1.0,1.0,1.0,2.0,2.0,3.0,3.0,4.0,5.5,inferred
Horsham,2021-05-01,0.0,0.0,0.0,0.0,1.0,1.0,1.0,1.0,2.0,2.0,2.0,3.0,5.0,inferred
Horsham,2021-05-02,0.0,0.0,0.0,0.0,1.0,1.0,1.0,2.0,2.0,2.0,3.0,3.0,5.0,inferred
Horsham,2021-05-03,0.0,0.0,1.0,1.0,1.0,1.0,2.0,2.0,3.0,3.0,3.0,4.0,6.0,inferred
Horsham,2021-05-04,0.0,0.0,0.0,1.0,1.0,1.0,2.0,2.0,2.0,3.0,3.0,4.0,5.0,inferred
Horsham,2021-05-05,0.0,0.0,1.0,1.0,1.0,1.0,2.0,2.0,3.0,3.0,3.0,4.0,5.5,inferred
Horsham,2021-05-06,0.0,0.0,0.0,1.0,1.0,1.0,1.0,2.0,2.0,2.0,3.0,4.0,5.0,inferred
Horsham,2021-05-07,0.0,0.0,0.0,0.0,1.0,1.0,1.0,2.0,2.0,2.0,2.0,3.0,5.0,inferred
Horsham,2021-05-08,0.0,0.0,0.0,0.0,0.0,1.0,1.0,1.0,2.0,2.0,2.0,3.0,4.0,inferred
Horsham,2021-05-09,0.0,0.0,0.0,0.0,1.0,1.0,1.0,1.0,2.0,2.0,2.0,3.0,4.0,inferred
Horsham,2021-05-10,0.0,0.0,0.0,1.0,1.0,1.0,1.0,2.0,2.0,2.0,3.0,3.0,5.0,inferred
Horsham,2021-05-11,0.0,0.0,0.0,0.0,1.0,1.0,1.0,2.0,2.0,2.0,3.0,3.0,5.0,inferred
Horsham,2021-05-12,0.0,0.0,0.0,1.0,1.0,1.0,1.0,2.0,2.0,2.0,3.0,3.0,5.0,inferred
Horsham,2021-05-13,0.0,0.0,0.0,0.0,1.0,1.0,1.0,2.0,2.0,2.0,2.0,3.0,5.0,inferred
Horsham,2021-05-14,0.0,0.0,0.0,0.0,0.0,1.0,1.0,1.0,2.0,2.0,2.0,3.0,4.0,inferred
Horsham,2021-05-15,0.0,0.0,0.0,0.0,0.0,0.0,1.0,1.0,1.0,2.0,2.0,2.0,4.0,inferred
Horsham,2021-05-16,0.0,0.0,0.0,0.0,0.0,1.0,1.0,1.0,2.0,2.0,2.0,3.0,4.0,inferred
Horsham,2021-05-17,0.0,0.0,0.0,0.0,1.0,1.0,1.0,2.0,2.0,2.0,3.0,3.0,5.0,inferred
Horsham,2021-05-18,0.0,0.0,0.0,0.0,1.0,1.0,1.0,2.0,2.0,2.0,3.0,3.0,5.0,inferred
Horsham,2021-05-19,0.0,0.0,0.0,1.0,1.0,1.0,2.0,2.0,2.0,3.0,3.0,4.0,5.0,inferred
Horsham,2021-05-20,0.0,0.0,0.0,1.0,1.0,1.0,2.0,2.0,2.0,3.0,3.0,4.0,5.0,inferred
Horsham,2021-05-21,0.0,0.0,0.0,1.0,1.0,1.0,1.0,2.0,2.0,2.0,3.0,3.0,5.0,inferred
Horsham,2021-05-22,0.0,0.0,0.0,0.0,0.0,1.0,1.0,1.0,2.0,2.0,2.0,3.0,4.0,inferred
Horsham,2021-05-23,0.0,0.0,0.0,1.0,1.0,1.0,1.0,2.0,2.0,2.0,3.0,4.0,5.0,inferred
Horsham,2021-05-24,0.0,0.0,1.0,1.0,1.0,1.0,2.0,2.0,3.0,3.0,3.0,4.0,6.0,inferred
Horsham,2021-05-25,0.0,0.0,1.0,1.0,1.0,2.0,2.0,3.0,3.0,3.0,4.0,5.0,7.0,inferred
Horsham,2021-05-26,0.0,1.0,1.0,1.0,2.0,2.0,3.0,3.0,4.0,4.0,4.0,5.0,7.0,inferred
Horsham,2021-05-27,0.0,1.0,1.0,1.0,2.0,2.0,2.0,3.0,4.0,4.0,4.0,5.0,7.0,inferred
Horsham,2021-05-28,0.0,1.0,1.0,1.0,2.0,2.0,3.0,3.0,4.0,4.0,4.0,5.0,7.0,inferred
Horsham,2021-05-29,0.0,0.0,1.0,1.0,1.0,2.0,2.0,3.0,3.0,4.0,4.0,5.0,7.0,inferred
Horsham,2021-05-30,0.0,1.0,1.0,2.0,2.0,3.0,3.0,4.0,4.0,4.0,5.0,6.0,8.0,inferred
Horsham,2021-05-31,1.0,2.0,2.0,3.0,3.0,4.0,4.0,5.0,5.0,6.0,6.0,8.0,10.0,inferred
Horsham,2021-06-01,1.0,2.0,2.0,3.0,3.0,4.0,4.0,5.0,6.0,6.0,7.0,8.0,10.0,inferred
Horsham,2021-06-02,1.0,2.0,3.0,3.0,4.0,4.0,5.0,6.0,7.0,7.0,8.0,9.0,11.0,inferred
Horsham,2021-06-03,1.0,2.0,3.0,3.0,4.0,4.0,5.0,6.0,6.0,7.0,7.0,8.1,11.0,inferred
Horsham,2021-06-04,1.0,2.0,3.0,3.0,3.0,4.0,4.0,5.0,6.0,6.0,7.0,8.0,10.0,inferred
Horsham,2021-06-05,0.0,1.0,2.0,2.0,3.0,3.0,4.0,4.0,5.0,5.0,6.0,7.0,9.0,inferred
Horsham,2021-06-06,1.0,2.0,3.0,3.0,3.0,4.0,5.0,5.0,6.0,6.0,7.0,8.0,11.0,inferred
Horsham,2021-06-07,1.0,3.0,4.0,4.0,4.0,5.0,6.0,6.0,7.0,8.0,8.0,10.0,13.0,inferred
Horsham,2021-06-08,1.0,3.0,4.0,4.0,4.0,5.0,6.0,7.0,7.0,8.0,8.0,10.0,12.0,inferred
Horsham,2021-06-09,1.0,3.0,4.0,4.0,5.0,5.0,6.0,7.0,8.0,8.0,9.0,10.0,12.0,inferred
Horsham,2021-06-10,2.0,3.0,4.0,4.0,5.0,5.0,6.0,7.0,7.0,8.0,8.0,10.0,12.0,inferred
Horsham,2021-06-11,1.0,2.0,3.0,4.0,4.0,5.0,5.0,6.0,7.0,7.0,8.0,9.0,11.0,inferred
Horsham,2021-06-12,1.0,2.0,3.0,3.0,3.0,4.0,5.0,5.0,6.0,7.0,7.0,8.0,10.0,inferred
Horsham,2021-06-13,1.0,3.0,4.0,4.0,4.7,5.0,6.0,7.0,7.0,8.0,8.0,10.0,12.0,inferred
Horsham,2021-06-14,3.0,4.0,5.0,6.0,6.0,7.0,8.0,8.0,9.0,10.0,10.0,12.0,14.0,inferred
Horsham,2021-06-15,2.0,4.0,5.0,6.0,6.0,7.0,8.0,8.0,9.0,10.0,11.0,12.0,15.0,inferred
Horsham,2021-06-16,3.0,5.0,6.0,6.0,7.0,8.0,8.0,9.0,10.0,11.0,12.0,13.0,16.0,inferred
Horsham,2021-06-17,3.0,4.0,5.8,6.0,7.0,8.0,9.0,9.0,10.0,11.0,11.0,13.0,16.0,inferred
Horsham,2021-06-18,2.0,4.0,5.0,6.0,6.0,7.0,8.0,8.0,9.0,10.0,11.0,12.0,15.0,inferred
Hounslow,2021-03-06,10.0,13.9,16.0,16.0,17.0,18.0,20.0,21.0,22.0,23.0,24.0,27.0,31.0,inferred
Hounslow,2021-03-07,11.0,15.0,17.0,18.0,19.0,20.0,21.0,23.0,25.0,25.0,26.0,29.0,33.0,inferred
Hounslow,2021-03-08,16.0,19.0,22.0,23.0,24.0,26.0,27.0,28.0,30.0,31.0,32.0,35.0,39.0,inferred
Hounslow,2021-03-09,15.0,19.0,21.0,22.0,23.0,25.0,26.0,28.0,29.0,30.0,31.0,34.0,39.0,inferred
Hounslow,2021-03-10,15.0,19.0,22.0,23.0,23.0,25.0,27.0,28.0,30.0,30.0,32.0,35.0,39.0,inferred
Hounslow,2021-03-11,14.0,18.0,20.0,21.0,22.0,23.0,25.0,26.0,28.0,29.0,30.0,33.0,38.0,inferred
Hounslow,2021-03-12,12.0,15.0,17.0,18.0,19.0,21.0,22.0,24.0,25.0,26.0,27.0,29.0,34.0,inferred
Hounslow,2021-03-13,9.0,12.0,14.0,15.0,16.0,17.0,18.0,19.0,21.0,21.0,22.0,25.0,30.0,inferred
Hounslow,2021-03-14,11.0,14.0,16.0,17.0,18.0,20.0,21.0,22.0,24.0,24.0,25.0,28.0,33.0,inferred
Hounslow,2021-03-15,15.0,19.0,21.0,22.0,23.0,24.0,26.0,28.0,29.0,30.0,32.0,35.0,39.0,inferred
Hounslow,2021-03-16,15.0,18.0,21.0,22.0,23.0,24.0,26.0,27.0,29.0,30.0,31.0,34.0,39.0,inferred
Hounslow,2021-03-17,14.5,18.0,21.0,22.0,23.0,24.0,26.0,27.0,30.0,31.0,32.0,35.0,40.0,inferred
Hounslow,2021-03-18,14.0,17.0,19.0,20.0,21.0,23.0,24.0,26.0,28.0,29.0,30.0,32.0,36.0,inferred
Hounslow,2021-03-19,12.0,15.0,17.0,18.0,19.0,20.0,22.0,23.0,25.0,26.0,27.0,30.0,35.0,inferred
Hounslow,2021-03-20,9.0,12.0,14.0,15.0,15.0,17.0,18.0,20.0,21.0,22.0,23.0,25.0,29.0,inferred
Hounslow,2021-03-21,11.0,14.0,16.0,17.0,18.0,19.0,21.0,22.0,24.0,25.0,26.0,28.0,32.0,inferred
Hounslow,2021-03-22,15.0,18.0,21.0,22.0,23.0,25.0,26.0,28.0,29.0,30.2,31.0,34.0,40.5,inferred
Hounslow,2021-03-23,14.5,18.0,21.0,21.0,22.0,24.0,26.0,27.0,29.0,30.0,31.0,34.0,39.0,inferred
Hounslow,2021-03-24,13.0,18.0,20.0,21.0,22.0,23.0,25.0,27.0,28.3,30.0,31.0,34.0,38.0,inferred
Hounslow,2021-03-25,12.0,15.0,17.0,18.0,19.0,21.0,22.0,24.0,25.0,26.0,28.0,30.0,34.0,inferred
Hounslow,2021-03-26,9.0,12.0,14.0,15.0,16.0,17.0,19.0,20.0,21.0,22.0,23.0,26.0,30.0,inferred
Hounslow,2021-03-27,7.0,9.0,11.0,12.0,12.0,14.0,15.0,16.0,18.0,18.0,19.0,22.0,25.0,inferred
Hounslow,2021-03-28,7.0,10.0,12.0,13.0,14.0,15.0,16.0,17.0,19.0,19.0,20.0,23.0,28.0,inferred
Hounslow,2021-03-29,10.0,13.0,16.0,16.0,17.0,18.0,20.0,21.0,23.0,24.0,25.0,27.0,32.0,inferred
Hounslow,2021-03-30,9.0,12.0,14.0,15.0,16.0,17.0,19.0,20.0,22.0,23.0,24.0,26.0,31.0,inferred
Hounslow,2021-03-31,9.0,12.0,14.0,15.0,16.0,17.0,18.0,20.0,21.0,22.0,23.0,26.0,29.5,inferred
Hounslow,2021-04-01,8.0,11.0,13.0,14.0,14.0,15.0,17.0,18.0,19.0,20.0,21.0,24.0,28.0,inferred
Hounslow,2021-04-02,7.0,9.0,11.0,11.0,12.0,13.0,14.5,16.0,17.0,18.0,19.0,21.0,24.0,inferred
Hounslow,2021-04-03,5.0,7.0,8.0,9.0,9.0,11.0,11.0,13.0,14.0,14.0,15.0,17.0,20.0,inferred
Hounslow,2021-04-04,6.0,8.0,9.0,10.0,10.0,12.0,13.0,14.0,15.0,16.0,17.0,19.0,23.0,inferred
Hounslow,2021-04-05,7.5,10.0,12.0,13.0,13.0,15.0,16.0,17.0,19.0,20.0,20.0,23.0,28.0,inferred
Hounslow,2021-04-06,7.0,10.0,12.0,13.0,13.0,14.0,16.0,17.0,18.0,19.0,20.0,23.0,27.0,inferred
Hounslow,2021-04-07,8.0,10.0,12.0,13.0,14.0,15.0,16.0,17.0,19.0,19.0,20.0,22.0,27.0,inferred
Hounslow,2021-04-08,6.0,9.0,11.0,12.0,13.0,14.0,15.0,16.0,18.0,18.0,19.0,22.0,26.0,inferred
Hounslow,2021-04-09,6.0,8.0,9.0,10.0,11.0,12.0,13.0,14.0,15.0,16.0,17.0,19.0,23.0,inferred
Hounslow,2021-04-10,4.0,6.0,8.0,8.0,9.0,10.0,11.0,12.0,13.0,14.0,14.0,17.0,21.0,inferred
Hounslow,2021-04-11,5.0,7.0,9.0,10.0,10.0,11.0,12.0,14.0,15.0,15.0,16.0,19.0,23.0,inferred
Hounslow,2021-04-12,7.0,10.0,12.0,13.0,13.0,15.0,16.0,17.0,19.0,19.0,20.0,23.0,27.0,inferred
Hounslow,2021-04-13,8.0,10.0,12.0,12.0,13.0,14.0,15.0,17.0,18.0,19.0,20.0,22.0,26.0,inferred
Hounslow,2021-04-14,8.0,11.0,12.0,13.0,14.0,15.0,16.0,17.0,19.0,20.0,20.0,23.0,27.0,inferred
Hounslow,2021-04-15,7.0,10.0,12.0,12.0,13.0,14.0,15.0,17.0,18.0,19.0,19.0,22.0,26.0,inferred
Hounslow,2021-04-16,6.0,8.0,10.0,11.0,11.0,13.0,14.0,15.0,16.0,17.0,18.0,20.0,24.0,inferred
Hounslow,2021-04-17,4.0,6.0,8.0,9.0,9.0,10.0,12.0,12.0,14.0,14.0,15.0,17.0,21.0,inferred
Hounslow,2021-04-18,5.5,8.0,10.0,10.0,11.0,12.0,13.0,14.0,16.0,16.0,17.0,19.0,23.5,inferred
Hounslow,2021-04-19,8.0,11.0,13.0,13.0,14.0,15.0,17.0,18.0,20.0,20.0,21.0,24.0,28.0,inferred
Hounslow,2021-04-20,7.0,10.0,12.0,13.0,14.0,15.0,16.0,18.0,19.0,20.0,21.0,24.0,28.0,inferred
Hounslow,2021-04-21,8.0,11.0,12.0,13.0,14.0,15.0,16.0,18.0,19.0,20.0,21.0,24.0,28.0,inferred
Hounslow,2021-04-22,7.0,10.0,11.0,12.0,13.0,14.0,15.0,17.0,18.0,19.0,20.0,21.1,26.0,inferred
Hounslow,2021-04-23,6.0,8.0,10.0,10.0,11.0,12.0,14.0,15.0,16.0,17.0,17.0,19.0,23.0,inferred
Hounslow,2021-04-24,4.0,6.0,8.0,8.8,9.0,10.0,11.0,12.0,13.0,14.0,14.2,16.0,20.0,inferred
Hounslow,2021-04-25,6.0,8.0,9.0,10.0,10.0,12.0,13.0,14.0,15.0,16.0,16.0,19.0,22.0,inferred
Hounslow,2021-04-26,8.0,10.0,12.0,13.0,13.0,15.0,16.0,17.0,19.0,20.0,20.0,23.0,27.0,inferred
Hounslow,2021-04-27,7.0,10.0,12.0,12.0,13.0,14.0,15.0,17.0,18.0,19.0,20.0,22.0,26.0,inferred
Hounslow,2021-04-28,7.0,10.0,12.0,13.0,13.0,14.0,16.0,17.0,19.0,19.0,20.0,22.0,26.0,inferred
Hounslow,2021-04-29,7.0,9.0,11.0,12.0,13.0,14.0,15.0,16.0,17.0,18.0,19.0,21.0,25.5,inferred
Hounslow,2021-04-30,5.0,8.0,10.0,10.0,11.0,12.0,13.0,14.0,15.0,16.0,17.0,20.0,23.0,inferred
Hounslow,2021-05-01,4.0,6.0,8.0,8.0,9.0,10.0,11.0,12.0,13.0,14.0,14.0,17.0,19.5,inferred
Hounslow,2021-05-02,5.5,8.0,9.0,10.0,10.0,11.0,13.0,14.0,15.0,16.0,17.0,19.0,22.0,inferred
Hounslow,2021-05-03,8.0,11.0,13.0,13.0,14.0,15.0,17.0,18.0,20.0,20.0,21.0,23.1,27.0,inferred
Hounslow,2021-05-04,8.0,11.0,13.0,14.0,14.0,16.0,17.0,18.0,20.0,20.0,21.0,24.0,27.0,inferred
Hounslow,2021-05-05,9.0,12.0,14.0,15.0,15.0,16.0,18.0,19.0,21.0,21.0,22.0,25.0,29.0,inferred
Hounslow,2021-05-06,9.0,11.0,13.0,14.0,15.0,16.0,17.0,18.4,20.0,21.0,22.0,24.0,28.0,inferred
Hounslow,2021-05-07,7.5,10.0,12.0,13.0,14.0,15.0,16.0,17.0,18.0,19.0,20.0,23.0,26.0,inferred
Hounslow,2021-05-08,6.0,9.0,10.0,11.0,11.0,13.0,14.0,15.0,16.0,17.0,18.0,20.0,24.0,inferred
Hounslow,2021-05-09,7.0,10.0,12.0,13.0,13.0,15.0,16.0,17.0,18.0,19.0,20.0,23.0,27.0,inferred
Hounslow,2021-05-10,11.0,14.0,16.0,17.0,18.0,19.0,20.0,22.0,23.0,24.0,25.0,28.0,33.0,inferred
Hounslow,2021-05-11,11.0,14.0,16.0,17.0,18.0,19.0,20.0,22.0,23.0,24.0,25.0,28.0,33.0,inferred
Hounslow,2021-05-12,11.0,14.0,16.0,17.0,18.0,19.0,21.0,23.0,24.0,25.0,26.0,29.0,33.0,inferred
Hounslow,2021-05-13,10.5,13.0,15.0,16.0,17.0,18.0,19.0,21.0,23.0,23.0,24.0,28.0,32.0,inferred
Hounslow,2021-05-14,8.0,11.0,13.0,14.0,15.0,16.0,17.0,19.0,20.0,21.0,22.0,24.0,28.0,inferred
Hounslow,2021-05-15,7.0,9.0,10.0,11.0,12.0,13.0,14.0,15.0,16.0,17.0,18.0,21.0,25.0,inferred
Hounslow,2021-05-16,8.0,10.0,12.0,13.0,14.0,15.0,16.0,18.0,19.0,20.0,21.0,23.0,27.0,inferred
Hounslow,2021-05-17,11.0,14.0,16.0,17.0,18.0,19.0,21.0,22.0,24.0,24.0,26.0,29.0,34.0,inferred
Hounslow,2021-05-18,11.0,14.0,16.0,17.0,18.0,20.0,21.0,22.0,24.0,25.0,26.0,29.0,34.0,inferred
Hounslow,2021-05-19,11.0,15.0,17.0,18.0,19.0,20.0,21.0,23.0,25.0,25.0,27.0,29.0,34.0,inferred
Hounslow,2021-05-20,11.0,14.0,16.0,17.0,18.0,19.0,20.0,22.0,23.0,24.0,25.0,28.0,33.0,inferred
Hounslow,2021-05-21,9.5,12.0,14.0,15.0,16.0,17.0,18.0,20.0,21.0,22.0,23.0,25.0,30.0,inferred
Hounslow,2021-05-22,7.0,9.0,11.0,12.0,13.0,14.0,16.0,17.0,18.0,19.0,20.0,22.0,26.0,inferred
Hounslow,2021-05-23,8.0,11.0,13.0,14.0,15.0,16.0,18.0,19.0,20.0,21.0,22.0,25.0,29.0,inferred
Hounslow,2021-05-24,13.0,16.0,18.0,19.0,20.0,21.0,23.0,24.0,26.0,27.0,28.0,30.0,36.0,inferred
Hounslow,2021-05-25,12.0,16.0,18.0,19.0,20.0,21.0,22.0,24.0,26.0,27.0,28.0,30.0,35.0,inferred
Hounslow,2021-05-26,13.0,16.0,18.0,19.0,20.0,22.0,23.0,25.0,26.0,27.0,28.0,31.0,36.0,inferred
Hounslow,2021-05-27,12.0,15.0,17.0,18.0,19.0,20.0,22.0,23.0,24.3,25.0,27.0,29.0,34.0,inferred
Hounslow,2021-05-28,10.0,13.0,15.0,16.0,16.0,18.0,19.0,21.0,22.0,23.0,24.0,27.0,31.0,inferred
Hounslow,2021-05-29,8.0,10.0,12.0,13.0,14.0,15.0,16.0,17.0,19.0,20.0,20.0,23.0,27.0,inferred
Hounslow,2021-05-30,10.0,12.0,14.0,15.0,16.0,17.0,18.0,20.0,21.0,22.0,23.0,26.0,30.0,inferred
Hounslow,2021-05-31,13.0,17.0,19.0,20.0,21.0,22.0,24.0,25.0,27.0,28.0,29.0,32.0,37.0,inferred
Hounslow,2021-06-01,13.5,17.0,19.0,20.0,21.0,23.0,24.0,26.0,28.0,29.0,30.0,33.0,38.0,inferred
Hounslow,2021-06-02,15.0,18.0,21.0,22.0,23.0,24.0,26.0,27.0,29.0,30.0,31.0,34.0,39.0,inferred
Hounslow,2021-06-03,14.0,17.0,20.0,21.0,21.0,23.0,24.0,26.0,28.0,29.0,30.0,33.0,37.0,inferred
Hounslow,2021-06-04,13.0,16.0,18.0,19.0,20.0,21.0,23.0,24.0,26.0,27.0,28.0,31.0,36.0,inferred
Hounslow,2021-06-05,9.5,13.0,16.0,16.0,17.0,19.0,20.0,21.0,23.0,24.0,25.0,27.0,31.0,inferred
Hounslow,2021-06-06,13.0,16.0,18.0,19.0,20.0,22.0,23.0,25.0,27.0,28.0,29.0,31.0,36.0,inferred
Hounslow,2021-06-07,19.0,23.0,25.0,26.0,27.0,29.0,31.0,33.0,35.0,36.0,37.0,41.0,46.0,inferred
Hounslow,2021-06-08,20.0,23.0,26.0,27.0,28.0,30.0,32.0,33.0,35.0,36.0,38.0,41.0,47.0,inferred
Hounslow,2021-06-09,20.5,24.9,27.0,28.0,29.0,31.0,33.0,35.0,37.0,38.0,40.0,43.0,49.0,inferred
Hounslow,2021-06-10,19.0,23.0,26.0,27.0,28.0,30.0,32.0,33.0,35.0,37.0,38.0,41.0,47.0,inferred
Hounslow,2021-06-11,17.0,21.0,23.0,24.0,25.0,27.0,29.0,30.4,32.0,33.0,34.0,38.0,43.0,inferred
Hounslow,2021-06-12,14.0,17.0,19.0,20.0,21.0,22.0,24.0,25.0,27.0,28.0,29.0,32.0,37.0,inferred
Hounslow,2021-06-13,16.0,20.0,23.0,24.0,25.0,26.0,28.0,29.0,31.0,32.0,33.0,37.0,42.0,inferred
Hounslow,2021-06-14,23.0,27.0,30.0,31.0,32.0,34.0,36.0,38.0,40.0,41.0,42.0,46.0,52.0,inferred
Hounslow,2021-06-15,23.0,27.0,30.0,31.0,32.0,34.0,36.0,38.0,40.0,41.0,43.0,47.0,53.0,inferred
Hounslow,2021-06-16,23.5,28.0,31.0,32.0,34.0,36.0,38.0,40.0,42.0,43.0,44.0,48.0,54.5,inferred
Hounslow,2021-06-17,21.0,26.0,29.0,30.0,32.0,33.6,36.0,37.0,39.0,41.0,42.0,46.0,52.0,inferred
Hounslow,2021-06-18,19.0,24.0,27.0,28.0,29.0,31.0,33.0,35.0,37.0,38.0,39.0,43.0,48.0,inferred
Huntingdonshire,2021-03-06,5.0,7.0,9.0,9.0,10.0,11.0,12.0,13.0,14.0,15.0,15.0,17.0,22.0,inferred
Huntingdonshire,2021-03-07,6.0,8.0,10.0,10.0,11.0,12.0,13.0,14.0,16.0,17.0,17.0,19.0,23.0,inferred
Huntingdonshire,2021-03-08,8.0,10.0,12.8,13.0,14.0,15.0,16.0,18.0,19.0,20.0,21.0,23.0,27.0,inferred
Huntingdonshire,2021-03-09,7.0,10.0,12.0,13.0,13.0,15.0,16.0,17.0,19.0,19.0,20.0,22.0,26.0,inferred
Huntingdonshire,2021-03-10,8.0,11.0,13.0,13.0,14.0,15.0,17.0,18.0,19.0,20.0,21.0,23.0,28.0,inferred
Huntingdonshire,2021-03-11,7.0,10.0,11.0,12.0,13.0,14.0,15.0,17.0,18.0,19.0,20.0,22.0,25.0,inferred
Huntingdonshire,2021-03-12,6.0,8.0,10.0,11.0,11.0,12.0,13.0,15.0,16.0,17.0,18.0,20.0,24.0,inferred
Huntingdonshire,2021-03-13,4.0,6.0,8.0,8.0,9.0,10.0,11.0,12.0,13.0,14.0,15.0,17.0,20.0,inferred
Huntingdonshire,2021-03-14,5.0,8.0,9.0,10.0,10.0,12.0,13.0,14.0,15.0,16.0,17.0,19.0,23.0,inferred
Huntingdonshire,2021-03-15,7.0,10.0,12.0,13.0,13.0,15.0,16.0,17.0,19.0,19.0,20.0,23.0,27.0,inferred
Huntingdonshire,2021-03-16,6.0,9.0,11.0,12.0,12.0,13.0,15.0,16.0,17.0,18.0,19.0,22.0,26.0,inferred
Huntingdonshire,2021-03-17,7.0,10.0,12.0,12.0,13.0,14.0,15.0,17.0,18.0,19.0,20.0,23.0,27.0,inferred
Huntingdonshire,2021-03-18,6.0,8.0,10.0,11.0,12.0,13.0,14.0,16.0,17.0,18.0,19.0,21.0,25.0,inferred
Huntingdonshire,2021-03-19,5.0,8.0,9.0,10.0,10.0,12.0,13.0,14.0,15.0,16.0,17.0,19.0,23.0,inferred
Huntingdonshire,2021-03-20,4.0,5.0,7.0,7.0,8.0,9.0,10.0,11.0,12.0,13.0,13.0,16.0,19.0,inferred
Huntingdonshire,2021-03-21,5.0,7.0,8.0,9.0,10.0,11.0,12.0,13.0,14.0,15.0,16.0,18.0,22.0,inferred
Huntingdonshire,2021-03-22,6.0,8.0,10.0,11.0,12.0,13.0,14.0,16.0,17.0,18.0,18.0,21.0,25.0,inferred
Huntingdonshire,2021-03-23,5.0,8.0,9.0,10.0,11.0,12.0,13.0,14.0,16.0,16.0,17.0,19.0,23.5,inferred
Huntingdonshire,2021-03-24,5.0,7.0,10.0,10.0,11.0,12.0,13.0,14.0,16.0,17.0,17.0,19.0,23.0,inferred
Huntingdonshire,2021-03-25,4.0,6.0,8.0,9.0,9.0,10.0,11.0,13.0,14.0,14.0,15.0,17.0,21.0,inferred
Huntingdonshire,2021-03-26,4.0,5.0,7.0,7.0,8.0,9.0,10.0,11.0,12.0,12.0,13.0,15.0,18.0,inferred
Huntingdonshire,2021-03-27,2.0,3.0,5.0,5.0,5.0,6.0,7.0,8.0,9.0,9.0,10.0,12.0,15.0,inferred
Huntingdonshire,2021-03-28,2.0,4.0,5.0,6.0,6.0,7.0,8.0,9.0,10.0,10.0,11.0,13.0,16.0,inferred
Huntingdonshire,2021-03-29,3.0,5.0,6.0,6.0,7.0,8.0,9.0,10.0,11.0,11.0,12.0,14.0,17.0,inferred
Huntingdonshire,2021-03-30,2.0,4.0,5.0,6.0,6.0,7.0,8.0,9.0,10.0,11.0,11.0,13.0,16.0,inferred
Huntingdonshire,2021-03-31,2.0,4.0,5.0,6.0,6.0,7.0,8.0,9.0,10.0,10.0,11.0,13.0,16.0,inferred
Huntingdonshire,2021-04-01,1.0,3.0,4.0,5.0,5.0,6.0,7.0,7.0,8.0,9.0,10.0,11.1,14.0,inferred
Huntingdonshire,2021-04-02,1.0,2.0,3.0,4.0,4.0,5.0,6.0,7.0,7.0,8.0,8.0,10.0,13.0,inferred
Huntingdonshire,2021-04-03,0.0,1.0,2.0,3.0,3.0,4.0,4.0,5.0,6.0,6.0,7.0,8.0,11.0,inferred
Huntingdonshire,2021-04-04,1.0,2.0,3.0,3.0,3.0,4.0,5.0,5.0,6.0,7.0,7.0,9.0,12.0,inferred
Huntingdonshire,2021-04-05,1.0,2.0,3.0,4.0,4.0,5.0,6.0,6.0,7.0,8.0,8.0,10.0,13.0,inferred
Huntingdonshire,2021-04-06,1.0,2.0,3.0,3.0,4.0,4.0,5.0,6.0,7.0,7.0,8.0,10.0,13.0,inferred
Huntingdonshire,2021-04-07,1.0,2.0,3.0,4.0,4.0,5.0,6.0,6.0,7.0,8.0,8.0,10.0,12.5,inferred
Huntingdonshire,2021-04-08,1.0,2.0,3.0,3.0,4.0,4.0,5.0,6.0,7.0,7.0,8.0,9.0,13.0,inferred
Huntingdonshire,2021-04-09,0.0,2.0,2.0,3.0,3.0,4.0,4.0,5.0,6.0,6.0,7.0,8.0,11.0,inferred
Huntingdonshire,2021-04-10,0.0,1.0,2.0,2.0,2.0,3.0,3.0,4.0,5.0,5.0,6.0,7.0,9.0,inferred
Huntingdonshire,2021-04-11,0.0,2.0,2.0,3.0,3.0,3.0,4.0,5.0,5.0,6.0,6.0,8.0,10.0,inferred
Huntingdonshire,2021-04-12,1.0,2.0,3.0,3.0,4.0,4.0,5.0,6.0,7.0,7.0,7.2,9.0,12.0,inferred
Huntingdonshire,2021-04-13,1.0,2.0,3.0,3.0,3.0,4.0,5.0,5.0,6.0,7.0,7.0,9.0,12.0,inferred
Huntingdonshire,2021-04-14,1.0,2.0,3.0,3.0,3.0,4.0,5.0,6.0,6.0,7.0,7.0,9.0,12.0,inferred
Huntingdonshire,2021-04-15,1.0,2.0,2.0,3.0,3.0,4.0,4.0,5.0,6.0,6.0,7.0,8.0,11.0,inferred
Huntingdonshire,2021-04-16,0.0,1.0,2.0,2.0,3.0,3.0,4.0,5.0,5.0,6.0,6.0,8.0,10.0,inferred
Huntingdonshire,2021-04-17,0.0,1.0,1.0,2.0,2.0,3.0,3.0,4.0,4.0,5.0,5.0,7.0,8.5,inferred
Huntingdonshire,2021-04-18,0.0,1.0,2.0,2.0,2.0,3.0,4.0,4.0,5.0,5.0,6.0,7.0,10.0,inferred
Huntingdonshire,2021-04-19,1.0,2.0,2.0,3.0,3.0,4.0,4.0,5.0,6.0,6.0,7.0,8.0,11.0,inferred
Huntingdonshire,2021-04-20,0.0,1.0,2.0,3.0,3.0,4.0,4.0,5.0,5.0,6.0,6.0,8.0,10.0,inferred
Huntingdonshire,2021-04-21,0.0,1.0,2.0,3.0,3.0,4.0,4.0,5.0,6.0,6.0,7.0,8.0,11.0,inferred
Huntingdonshire,2021-04-22,0.0,1.0,2.0,2.0,3.0,3.0,4.0,5.0,5.0,6.0,6.0,8.0,10.0,inferred
Huntingdonshire,2021-04-23,0.0,1.0,2.0,2.0,2.0,3.0,3.0,4.0,5.0,5.0,6.0,7.0,10.0,inferred
Huntingdonshire,2021-04-24,0.0,0.0,1.0,1.0,2.0,2.0,3.0,3.0,4.0,4.0,5.0,6.0,8.0,inferred
Huntingdonshire,2021-04-25,0.0,1.0,1.0,2.0,2.0,3.0,3.0,4.0,4.0,5.0,5.0,7.0,9.0,inferred
Huntingdonshire,2021-04-26,0.0,1.0,2.0,2.0,3.0,3.0,4.0,5.0,5.0,6.0,6.0,8.0,10.0,inferred
Huntingdonshire,2021-04-27,0.0,1.0,2.0,2.0,3.0,3.0,4.0,5.0,5.0,6.0,6.0,8.0,10.0,inferred
Huntingdonshire,2021-04-28,0.0,1.0,2.0,2.0,3.0,3.0,4.0,5.0,5.0,6.0,6.0,8.0,11.0,inferred
Huntingdonshire,2021-04-29,0.0,1.0,2.0,2.0,2.0,3.0,4.0,4.0,5.0,5.0,6.0,7.0,10.0,inferred
Huntingdonshire,2021-04-30,0.0,1.0,1.0,2.0,2.0,3.0,3.0,4.0,4.0,5.0,5.0,6.0,9.0,inferred
Huntingdonshire,2021-05-01,0.0,0.0,1.0,1.0,1.0,2.0,2.0,3.0,3.0,4.0,4.0,6.0,8.0,inferred
Huntingdonshire,2021-05-02,0.0,1.0,1.0,2.0,2.0,2.0,3.0,3.0,4.0,4.0,5.0,6.0,8.0,inferred
Huntingdonshire,2021-05-03,0.0,1.0,2.0,2.0,2.0,3.0,3.0,4.0,5.0,5.0,5.2,7.0,9.0,inferred
Huntingdonshire,2021-05-04,0.0,1.0,1.0,2.0,2.0,3.0,3.0,4.0,4.0,5.0,5.0,6.0,9.0,inferred
Huntingdonshire,2021-05-05,0.0,1.0,2.0,2.0,2.0,3.0,3.0,4.0,5.0,5.0,6.0,7.0,10.0,inferred
Huntingdonshire,2021-05-06,0.0,1.0,1.0,2.0,2.0,2.0,3.0,4.0,4.0,5.0,5.0,6.0,9.0,inferred
Huntingdonshire,2021-05-07,0.0,1.0,1.0,1.0,2.0,2.0,3.0,3.0,4.0,4.0,5.0,6.0,8.0,inferred
Huntingdonshire,2021-05-08,0.0,0.0,1.0,1.0,1.0,2.0,2.0,3.0,3.0,3.0,4.0,5.0,7.0,inferred
Huntingdonshire,2021-05-09,0.0,0.0,1.0,1.0,2.0,2.0,2.0,3.0,4.0,4.0,4.0,6.0,8.0,inferred
Huntingdonshire,2021-05-10,0.0,1.0,2.0,2.0,2.0,3.0,3.0,4.0,5.0,5.0,6.0,7.0,9.0,inferred
Huntingdonshire,2021-05-11,0.0,1.0,1.0,2.0,2.0,3.0,3.0,4.0,4.0,5.0,5.0,7.0,9.0,inferred
Huntingdonshire,2021-05-12,0.0,1.0,2.0,2.0,2.0,3.0,3.0,4.0,5.0,5.0,6.0,7.0,9.0,inferred
Huntingdonshire,2021-05-13,0.0,1.0,1.0,2.0,2.0,2.0,3.0,3.0,4.0,5.0,5.0,6.0,8.0,inferred
Huntingdonshire,2021-05-14,0.0,1.0,1.0,1.0,2.0,2.0,3.0,3.0,4.0,4.0,4.0,6.0,8.0,inferred
Huntingdonshire,2021-05-15,0.0,0.0,1.0,1.0,1.0,1.0,2.0,3.0,3.0,3.0,4.0,5.0,7.0,inferred
Huntingdonshire,2021-05-16,0.0,0.0,1.0,1.0,1.0,2.0,2.0,3.0,3.0,4.0,4.0,5.0,7.0,inferred
Huntingdonshire,2021-05-17,0.0,1.0,1.0,1.0,2.0,2.0,3.0,3.0,4.0,4.0,5.0,6.0,9.0,inferred
Huntingdonshire,2021-05-18,0.0,0.0,1.0,1.0,1.0,2.0,2.0,3.0,4.0,4.0,4.0,6.0,8.0,inferred
Huntingdonshire,2021-05-19,0.0,1.0,1.0,1.0,2.0,2.0,3.0,3.0,4.0,4.0,4.0,6.0,8.0,inferred
Huntingdonshire,2021-05-20,0.0,1.0,1.0,1.0,1.7,2.0,2.0,3.0,4.0,4.0,4.0,6.0,8.0,inferred
Huntingdonshire,2021-05-21,0.0,0.0,1.0,1.0,1.0,2.0,2.0,3.0,3.0,4.0,4.0,5.0,7.0,inferred
Huntingdonshire,2021-05-22,0.0,0.0,1.0,1.0,1.0,2.0,2.0,2.0,3.0,3.0,4.0,5.0,7.0,inferred
Huntingdonshire,2021-05-23,0.0,0.0,1.0,1.0,1.0,2.0,2.0,3.0,3.0,4.0,4.0,5.0,7.5,inferred
Huntingdonshire,2021-05-24,0.0,1.0,1.0,2.0,2.0,3.0,3.0,4.0,4.0,5.0,5.0,7.0,9.0,inferred
Huntingdonshire,2021-05-25,0.0,1.0,2.0,2.0,2.0,3.0,3.0,4.0,4.0,5.0,5.0,7.0,9.0,inferred
Huntingdonshire,2021-05-26,0.0,1.0,2.0,2.0,2.0,3.0,4.0,4.0,5.0,6.0,6.0,8.0,10.0,inferred
Huntingdonshire,2021-05-27,0.0,1.0,2.0,2.0,2.0,3.0,4.0,4.0,5.0,5.0,6.0,7.1,10.0,inferred
Huntingdonshire,2021-05-28,0.0,1.0,2.0,2.0,2.0,3.0,4.0,4.0,5.0,5.0,6.0,7.0,10.0,inferred
Huntingdonshire,2021-05-29,0.0,1.0,1.0,2.0,2.0,2.0,3.0,4.0,4.0,5.0,5.0,6.0,8.0,inferred
Huntingdonshire,2021-05-30,0.0,1.0,2.0,2.0,2.0,3.0,4.0,4.0,5.0,5.0,6.0,7.0,10.0,inferred
Huntingdonshire,2021-05-31,1.0,2.0,3.0,3.0,3.0,4.0,5.0,5.0,6.0,7.0,7.0,9.0,11.0,inferred
Huntingdonshire,2021-06-01,1.0,2.0,3.0,3.0,3.0,4.0,5.0,5.0,6.0,7.0,7.0,9.0,11.0,inferred
Huntingdonshire,2021-06-02,1.0,2.0,3.0,4.0,4.0,5.0,5.0,6.0,7.0,8.0,8.0,10.0,13.0,inferred
Huntingdonshire,2021-06-03,1.0,2.0,3.0,3.0,4.0,5.0,5.0,6.0,7.0,7.0,8.0,9.0,12.0,inferred
Huntingdonshire,2021-06-04,1.0,2.0,3.0,3.0,3.0,4.0,5.0,5.0,6.0,7.0,7.0,9.0,11.0,inferred
Huntingdonshire,2021-06-05,0.0,1.0,2.0,2.0,3.0,3.0,4.0,5.0,5.0,6.0,6.0,8.0,10.0,inferred
Huntingdonshire,2021-06-06,1.0,2.0,3.0,3.0,4.0,4.0,5.0,6.0,7.0,7.0,8.0,9.0,11.0,inferred
Huntingdonshire,2021-06-07,2.0,3.0,4.0,4.0,5.0,6.0,6.0,7.0,8.0,9.0,10.0,11.0,15.0,inferred
Huntingdonshire,2021-06-08,2.0,3.0,4.0,4.0,5.0,6.0,6.0,7.0,8.0,9.0,9.0,11.0,14.0,inferred
Huntingdonshire,2021-06-09,2.0,4.0,5.0,5.0,6.0,6.0,7.0,8.0,9.0,10.0,10.0,12.0,15.0,inferred
Huntingdonshire,2021-06-10,2.0,3.0,4.0,5.0,5.0,6.0,7.0,8.0,9.0,10.0,10.0,12.0,15.0,inferred
Huntingdonshire,2021-06-11,2.0,3.0,4.0,4.0,5.0,6.0,7.0,7.0,8.0,9.0,9.0,11.0,14.0,inferred
Huntingdonshire,2021-06-12,1.0,2.0,3.0,4.0,4.0,5.0,5.0,6.0,7.0,8.0,8.0,10.0,13.0,inferred
Huntingdonshire,2021-06-13,2.0,3.0,4.0,5.0,5.0,6.0,7.0,8.0,9.0,9.0,10.0,12.0,15.0,inferred
Huntingdonshire,2021-06-14,3.0,5.0,6.0,7.0,7.0,8.0,9.0,10.0,11.0,12.0,12.0,14.0,18.0,inferred
Huntingdonshire,2021-06-15,3.0,5.0,6.0,7.0,7.0,8.0,9.0,10.0,11.0,12.0,13.0,15.0,19.0,inferred
Huntingdonshire,2021-06-16,4.0,5.0,7.0,8.0,8.0,9.0,10.0,11.0,13.0,13.0,14.0,16.0,20.0,inferred
Huntingdonshire,2021-06-17,3.0,5.0,7.0,7.0,8.0,9.0,10.0,11.0,12.0,13.0,13.0,16.0,19.0,inferred
Huntingdonshire,2021-06-18,3.0,5.0,6.0,7.0,7.0,8.0,9.0,11.0,12.0,12.0,13.0,16.0,19.0,inferred
Hyndburn,2021-03-06,3.0,4.0,5.0,6.0,6.0,7.0,8.0,9.0,11.0,11.0,12.0,14.0,17.0,inferred
Hyndburn,2021-03-07,3.0,5.0,6.0,7.0,7.0,8.0,9.0,10.0,11.0,12.0,13.0,15.0,18.0,inferred
Hyndburn,2021-03-08,4.0,6.0,8.0,9.0,9.0,10.0,11.0,13.0,14.0,15.0,16.0,18.0,22.0,inferred
Hyndburn,2021-03-09,4.0,6.0,7.0,8.0,8.0,9.0,11.0,12.0,13.0,14.0,14.0,17.0,21.0,inferred
Hyndburn,2021-03-10,3.5,5.0,7.0,8.0,9.0,10.0,11.0,12.0,13.0,14.0,14.2,17.0,21.0,inferred
Hyndburn,2021-03-11,3.0,5.0,7.0,7.0,8.0,9.0,10.0,11.0,12.0,13.0,14.0,16.0,20.0,inferred
Hyndburn,2021-03-12,2.0,4.0,6.0,6.0,7.0,8.0,9.0,10.0,11.0,11.0,12.0,14.0,18.0,inferred
Hyndburn,2021-03-13,1.0,3.0,4.0,5.0,5.0,6.0,7.0,8.0,9.0,9.0,10.0,12.0,15.0,inferred
Hyndburn,2021-03-14,2.0,3.0,5.0,5.0,6.0,7.0,8.0,9.0,10.0,10.0,11.0,13.0,17.0,inferred
Hyndburn,2021-03-15,3.0,5.0,6.8,7.0,8.0,9.0,10.0,11.0,12.0,13.0,13.2,16.0,20.0,inferred
Hyndburn,2021-03-16,3.0,5.0,7.0,7.0,8.0,9.0,10.0,11.0,12.0,13.0,13.0,16.0,19.5,inferred
Hyndburn,2021-03-17,3.0,5.0,6.0,7.0,8.0,9.0,10.0,11.0,12.0,13.0,13.2,16.0,19.5,inferred
Hyndburn,2021-03-18,2.5,4.0,6.0,6.8,7.0,8.0,9.0,10.0,12.0,12.0,13.0,15.0,19.0,inferred
Hyndburn,2021-03-19,2.0,4.0,5.0,6.0,6.0,7.0,8.0,9.0,10.0,11.0,12.0,14.0,18.0,inferred
Hyndburn,2021-03-20,1.0,2.9,3.8,4.0,4.7,5.0,6.0,7.0,8.0,9.0,9.0,11.0,14.0,inferred
Hyndburn,2021-03-21,2.0,3.0,4.0,5.0,5.0,6.0,7.0,8.0,9.0,10.0,10.0,12.0,16.0,inferred
Hyndburn,2021-03-22,3.0,5.0,6.0,7.0,7.0,8.0,9.0,10.0,12.0,12.0,13.0,15.0,19.0,inferred
Hyndburn,2021-03-23,3.0,4.0,6.0,6.0,7.0,8.0,9.0,10.0,11.0,12.0,13.0,15.0,19.0,inferred
Hyndburn,2021-03-24,2.0,4.0,6.0,6.0,7.0,8.0,9.0,10.0,11.0,12.0,12.0,14.0,18.0,inferred
Hyndburn,2021-03-25,2.0,4.0,5.0,6.0,6.0,7.0,8.0,9.0,10.0,11.0,11.0,13.0,17.0,inferred
Hyndburn,2021-03-26,1.0,3.0,4.0,4.0,5.0,6.0,7.0,8.0,9.0,9.0,10.0,12.0,15.0,inferred
Hyndburn,2021-03-27,1.0,2.0,3.0,3.0,4.0,4.0,5.0,6.0,7.0,7.0,8.0,9.0,12.0,inferred
Hyndburn,2021-03-28,1.0,2.0,3.0,4.0,4.0,5.0,6.0,6.0,7.0,8.0,9.0,11.0,14.0,inferred
Hyndburn,2021-03-29,1.5,3.0,4.0,5.0,5.0,6.0,7.0,8.0,9.0,10.0,10.0,13.0,16.0,inferred
Hyndburn,2021-03-30,1.0,3.0,4.0,4.0,5.0,6.0,7.0,8.0,8.0,9.0,10.0,12.0,15.0,inferred
Hyndburn,2021-03-31,1.0,3.0,4.0,4.0,5.0,6.0,6.0,7.0,8.0,9.0,10.0,12.0,15.0,inferred
Hyndburn,2021-04-01,1.0,2.0,3.0,4.0,4.0,5.0,6.0,7.0,8.0,8.0,9.0,11.0,14.0,inferred
Hyndburn,2021-04-02,1.0,2.0,3.0,3.0,3.0,4.0,5.0,6.0,7.0,7.0,8.0,9.0,13.0,inferred
Hyndburn,2021-04-03,0.0,1.0,2.0,2.0,2.0,3.0,4.0,4.0,5.0,6.0,6.0,8.0,10.0,inferred
Hyndburn,2021-04-04,0.0,1.0,2.0,2.0,3.0,3.0,4.0,5.0,6.0,6.0,7.0,8.0,11.0,inferred
Hyndburn,2021-04-05,1.0,2.0,3.0,4.0,4.0,5.0,5.0,6.0,7.0,8.0,9.0,10.0,13.5,inferred
Hyndburn,2021-04-06,1.0,2.0,3.0,3.0,4.0,4.0,5.0,6.0,7.0,8.0,8.0,10.0,13.0,inferred
Hyndburn,2021-04-07,1.0,2.0,3.0,3.0,4.0,4.0,5.0,6.0,7.0,7.0,8.0,10.0,13.0,inferred
Hyndburn,2021-04-08,0.0,2.0,2.0,3.0,3.0,4.0,5.0,6.0,6.0,7.0,8.0,9.0,12.0,inferred
Hyndburn,2021-04-09,0.0,1.0,2.0,2.0,3.0,3.0,4.0,5.0,6.0,6.0,7.0,8.0,11.0,inferred
Hyndburn,2021-04-10,0.0,1.0,1.0,2.0,2.0,2.0,3.0,4.0,5.0,5.0,5.2,7.0,10.0,inferred
Hyndburn,2021-04-11,0.0,1.0,2.0,2.0,2.0,3.0,3.0,4.0,5.0,5.0,6.0,7.0,10.0,inferred
Hyndburn,2021-04-12,0.0,1.0,2.0,3.0,3.0,4.0,5.0,5.0,6.0,7.0,7.0,9.0,12.0,inferred
Hyndburn,2021-04-13,0.0,1.0,2.0,3.0,3.0,4.0,5.0,5.0,6.0,7.0,7.0,9.0,12.0,inferred
Hyndburn,2021-04-14,0.0,1.0,2.0,3.0,3.0,4.0,5.0,5.0,6.0,7.0,7.0,9.0,12.0,inferred
Hyndburn,2021-04-15,0.0,1.0,2.0,3.0,3.0,4.0,5.0,5.0,6.0,7.0,7.0,9.0,12.0,inferred
Hyndburn,2021-04-16,0.0,1.0,2.0,2.0,3.0,3.0,4.0,5.0,6.0,6.0,7.0,8.0,11.0,inferred
Hyndburn,2021-04-17,0.0,1.0,1.0,2.0,2.0,3.0,3.0,4.0,5.0,5.0,6.0,7.0,10.0,inferred
Hyndburn,2021-04-18,0.0,1.0,2.0,2.0,3.0,3.0,4.0,5.0,5.0,6.0,6.0,8.0,12.0,inferred
Hyndburn,2021-04-19,1.0,2.0,3.0,3.0,4.0,5.0,5.0,6.0,7.0,8.0,8.0,10.0,14.0,inferred
Hyndburn,2021-04-20,1.0,2.0,3.0,4.0,4.0,5.0,6.0,7.0,8.0,8.0,9.0,11.0,14.0,inferred
Hyndburn,2021-04-21,1.0,3.0,4.0,4.0,5.0,5.0,6.0,7.0,8.0,9.0,9.0,11.0,15.0,inferred
Hyndburn,2021-04-22,2.0,3.0,4.0,4.0,5.0,6.0,6.0,7.0,8.0,9.0,10.0,12.0,15.0,inferred
Hyndburn,2021-04-23,1.0,3.0,4.0,4.0,4.0,5.0,6.0,7.0,8.0,9.0,9.0,11.0,14.0,inferred
Hyndburn,2021-04-24,1.0,2.0,3.0,3.0,4.0,4.0,5.0,6.0,7.0,7.0,8.0,10.0,13.0,inferred
Hyndburn,2021-04-25,1.0,2.0,3.0,4.0,4.0,5.0,6.0,7.0,8.0,9.0,10.0,12.0,15.0,inferred
Hyndburn,2021-04-26,2.0,4.0,6.0,6.0,7.0,8.0,9.0,10.0,11.0,12.0,13.0,15.0,18.0,inferred
Hyndburn,2021-04-27,2.0,4.0,6.0,7.0,7.0,8.0,9.0,10.0,11.0,12.0,13.0,15.0,19.0,inferred
Hyndburn,2021-04-28,3.0,4.0,6.0,6.0,7.0,8.0,9.0,10.0,11.0,12.0,13.0,15.0,20.0,inferred
Hyndburn,2021-04-29,2.0,4.0,5.0,6.0,6.0,7.0,8.0,9.0,10.0,11.0,12.0,14.0,17.0,inferred
Hyndburn,2021-04-30,2.0,3.0,4.0,5.0,5.0,6.0,7.0,8.0,9.0,10.0,10.0,12.0,15.0,inferred
Hyndburn,2021-05-01,1.0,2.0,3.0,3.0,4.0,4.0,5.0,6.0,7.0,7.0,8.0,10.0,13.0,inferred
Hyndburn,2021-05-02,1.0,2.0,3.0,4.0,4.0,5.0,6.0,7.0,7.0,8.0,9.0,11.0,13.0,inferred
Hyndburn,2021-05-03,2.0,3.0,4.0,5.0,5.0,6.0,7.0,8.0,9.0,10.0,11.0,12.0,16.0,inferred
Hyndburn,2021-05-04,1.0,3.0,4.0,5.0,5.0,6.0,7.0,8.0,9.0,9.0,10.0,12.0,15.0,inferred
Hyndburn,2021-05-05,1.0,3.0,4.0,4.0,5.0,6.0,6.5,7.0,8.0,9.0,10.0,12.0,16.0,inferred
Hyndburn,2021-05-06,1.0,3.0,4.0,4.0,5.0,5.0,6.0,7.0,8.0,9.0,10.0,11.0,15.0,inferred
Hyndburn,2021-05-07,1.0,2.0,3.0,3.0,4.0,4.0,5.0,6.0,7.0,8.0,8.0,10.0,13.0,inferred
Hyndburn,2021-05-08,1.0,1.0,2.0,3.0,3.0,4.0,4.0,5.0,6.0,6.0,7.0,8.0,11.0,inferred
Hyndburn,2021-05-09,1.0,2.0,3.0,3.0,3.0,4.0,5.0,6.0,7.0,7.0,8.0,10.0,13.0,inferred
Hyndburn,2021-05-10,1.0,3.0,4.0,4.0,5.0,6.0,6.0,7.0,8.0,9.0,9.0,11.0,15.0,inferred
Hyndburn,2021-05-11,2.0,3.0,4.0,4.0,5.0,6.0,7.0,7.0,8.0,9.0,10.0,12.0,15.0,inferred
Hyndburn,2021-05-12,2.0,3.0,4.0,5.0,5.0,6.0,7.0,8.0,9.0,10.0,10.0,12.0,15.0,inferred
Hyndburn,2021-05-13,1.0,3.0,4.0,5.0,5.0,6.0,7.0,8.0,9.0,9.0,10.0,12.0,16.0,inferred
Hyndburn,2021-05-14,1.0,3.0,4.0,4.0,5.0,6.0,6.0,7.0,8.0,9.0,10.0,11.0,15.0,inferred
Hyndburn,2021-05-15,1.0,2.0,3.0,3.0,4.0,4.6,5.0,6.0,7.0,8.0,8.0,10.0,13.0,inferred
Hyndburn,2021-05-16,2.0,3.0,4.0,4.0,5.0,6.0,7.0,8.0,9.0,9.0,10.0,12.0,15.0,inferred
Hyndburn,2021-05-17,3.0,5.0,6.0,7.0,7.0,8.0,9.0,10.0,12.0,12.0,13.0,15.0,19.0,inferred
Hyndburn,2021-05-18,3.5,5.0,7.0,8.0,8.0,9.0,10.0,11.0,13.0,14.0,14.0,16.0,21.0,inferred
Hyndburn,2021-05-19,4.0,6.0,8.0,9.0,9.0,10.0,11.0,13.0,14.0,15.0,16.0,18.0,21.0,inferred
Hyndburn,2021-05-20,4.0,7.0,8.0,9.0,10.0,11.0,12.0,13.0,15.0,16.0,16.0,19.0,23.0,inferred
Hyndburn,2021-05-21,4.0,7.0,8.0,9.0,9.0,10.0,12.0,13.0,14.0,15.0,16.0,18.1,22.0,inferred
Hyndburn,2021-05-22,3.0,6.0,7.0,8.0,8.0,9.0,10.0,11.0,13.0,13.0,14.0,16.0,20.5,inferred
Hyndburn,2021-05-23,5.0,8.0,10.0,10.0,11.0,12.0,13.0,14.0,16.0,17.0,17.0,20.0,24.0,inferred
Hyndburn,2021-05-24,9.0,12.0,14.0,15.0,16.0,18.0,19.0,21.0,23.0,23.0,25.0,28.0,32.0,inferred
Hyndburn,2021-05-25,10.0,13.0,15.0,16.0,17.0,19.0,20.0,22.0,24.0,25.0,26.0,29.0,34.0,inferred
Hyndburn,2021-05-26,12.0,15.0,18.0,19.0,20.0,21.0,23.0,25.0,27.0,28.0,29.0,32.0,38.0,inferred
Hyndburn,2021-05-27,12.5,16.0,18.0,19.0,20.0,22.0,24.0,25.4,27.0,28.0,29.0,33.0,38.0,inferred
Hyndburn,2021-05-28,12.0,15.0,18.0,19.0,19.0,21.0,23.0,24.0,26.0,27.0,28.0,32.0,36.5,inferred
Hyndburn,2021-05-29,9.0,13.0,15.0,16.0,16.0,18.0,19.0,21.0,23.0,24.0,25.0,27.0,32.0,inferred
Hyndburn,2021-05-30,12.5,16.0,19.0,20.0,21.0,23.0,24.0,26.0,28.0,29.0,30.0,34.0,39.0,inferred
Hyndburn,2021-05-31,20.0,24.0,27.0,29.0,30.0,32.0,34.0,36.0,38.0,39.0,40.0,45.0,51.0,inferred
Hyndburn,2021-06-01,22.0,26.0,30.0,31.0,32.0,34.0,36.0,38.0,40.0,42.0,43.0,47.0,54.0,inferred
Hyndburn,2021-06-02,24.0,30.0,33.0,34.0,35.0,37.0,40.0,42.0,44.0,46.0,47.0,51.0,57.0,inferred
Hyndburn,2021-06-03,25.0,30.0,33.0,35.0,36.0,38.0,40.0,43.0,45.0,46.2,49.0,53.0,59.0,inferred
Hyndburn,2021-06-04,24.0,29.0,33.0,34.0,35.0,37.0,39.0,41.0,44.0,45.0,46.0,51.0,57.0,inferred
Hyndburn,2021-06-05,19.5,24.0,27.0,28.0,30.0,32.0,33.0,35.0,37.0,39.0,40.0,44.0,50.0,inferred
Hyndburn,2021-06-06,26.0,31.0,34.0,36.0,37.0,39.0,41.0,44.0,46.0,48.0,49.0,53.0,60.0,inferred
Hyndburn,2021-06-07,37.5,43.0,48.0,49.0,51.0,54.0,57.0,59.0,62.0,64.0,65.0,70.0,78.0,inferred
Hyndburn,2021-06-08,40.0,45.0,49.0,51.0,52.0,55.0,58.0,61.0,64.0,66.0,68.0,73.0,81.0,inferred
Hyndburn,2021-06-09,40.0,46.0,50.0,52.0,53.0,56.0,59.0,62.0,65.0,66.0,68.0,73.0,82.0,inferred
Hyndburn,2021-06-10,38.0,44.0,48.0,50.0,51.0,54.0,56.0,59.0,62.0,63.0,65.0,70.0,77.5,inferred
Hyndburn,2021-06-11,33.5,38.0,42.0,44.0,45.0,48.0,50.0,53.0,55.0,56.0,58.0,63.0,69.0,inferred
Hyndburn,2021-06-12,25.0,30.0,33.0,34.0,36.0,38.0,40.0,42.0,45.0,46.0,48.0,52.0,60.0,inferred
Hyndburn,2021-06-13,30.0,35.0,39.0,40.0,42.0,44.0,47.0,49.0,52.0,53.0,55.0,60.0,66.5,inferred
Hyndburn,2021-06-14,41.5,47.0,51.0,53.0,55.0,58.0,61.0,63.0,67.0,68.0,70.0,75.0,83.5,inferred
Hyndburn,2021-06-15,38.0,46.0,50.0,52.0,54.0,57.0,60.0,63.0,66.0,67.0,69.0,74.0,84.0,inferred
Hyndburn,2021-06-16,40.0,46.0,50.0,52.0,54.0,57.0,60.0,62.0,65.0,67.0,69.0,75.0,83.0,inferred
Hyndburn,2021-06-17,36.0,42.0,47.0,48.0,50.0,53.0,56.0,59.0,61.0,63.0,65.0,70.0,78.0,inferred
Hyndburn,2021-06-18,31.0,37.0,41.0,43.0,45.0,47.0,50.0,52.0,55.0,56.0,58.0,64.0,72.0,inferred
Inverclyde,2021-03-06,113.0,127.0,140.0,145.0,149.0,157.6,164.0,171.0,179.0,184.0,189.0,203.0,223.0,inferred
Inverclyde,2021-03-07,101.0,115.0,126.0,131.0,135.0,142.0,149.0,156.0,164.0,168.0,173.0,186.0,213.0,inferred
Inverclyde,2021-03-08,83.0,98.0,108.0,112.0,115.0,122.0,129.0,136.0,143.0,147.0,151.0,163.0,187.0,inferred
Inverclyde,2021-03-09,95.0,113.0,124.0,128.0,132.0,139.0,145.0,152.0,159.0,164.0,169.0,183.0,205.0,inferred
Inverclyde,2021-03-10,141.5,160.0,172.0,176.0,180.0,188.0,196.0,204.0,213.0,218.0,224.0,240.0,266.0,inferred
Inverclyde,2021-03-11,130.0,150.0,162.0,167.0,171.0,179.0,187.0,195.0,204.0,208.0,213.0,228.0,255.0,inferred
Inverclyde,2021-03-12,136.5,160.0,172.0,177.0,181.0,190.0,199.0,207.0,217.0,222.0,228.0,245.0,269.0,inferred
Inverclyde,2021-03-13,132.5,149.9,163.0,168.0,172.0,181.0,189.0,197.0,204.0,209.0,215.0,233.0,256.0,inferred
Inverclyde,2021-03-14,112.5,128.0,140.0,144.0,147.0,155.0,162.0,170.0,179.0,183.0,189.0,204.1,224.0,inferred
Inverclyde,2021-03-15,86.0,105.0,115.0,119.0,122.0,130.0,136.0,144.0,152.0,155.0,160.0,173.0,197.0,inferred
Inverclyde,2021-03-16,101.0,115.0,125.8,130.0,133.0,140.0,147.0,154.0,162.0,167.0,173.0,184.0,207.0,inferred
Inverclyde,2021-03-17,137.0,156.0,169.0,174.0,178.0,186.0,196.0,205.0,216.0,221.0,226.0,241.0,265.5,inferred
Inverclyde,2021-03-18,127.0,145.0,156.0,161.0,166.0,174.0,183.0,190.0,199.0,204.0,209.0,223.0,249.0,inferred
Inverclyde,2021-03-19,132.0,149.9,163.0,168.0,172.0,180.0,187.0,195.0,204.3,210.0,215.0,230.1,257.0,inferred
Inverclyde,2021-03-20,118.0,136.0,149.0,154.0,159.0,168.0,174.0,182.0,190.0,195.0,201.0,217.0,236.0,inferred
Inverclyde,2021-03-21,99.0,114.0,126.0,130.0,133.7,141.0,148.0,155.0,163.0,166.0,171.0,184.0,206.5,inferred
Inverclyde,2021-03-22,79.0,93.0,102.0,106.0,110.0,116.0,121.0,127.0,134.0,139.0,143.0,156.0,178.0,inferred
Inverclyde,2021-03-23,84.0,97.0,107.0,112.0,116.0,123.0,129.0,136.0,144.0,149.0,154.0,167.0,188.0,inferred
Inverclyde,2021-03-24,117.0,133.0,145.0,150.0,155.0,163.0,171.0,178.0,186.0,191.0,197.0,212.0,237.6,inferred
Inverclyde,2021-03-25,106.0,120.9,132.0,136.0,140.0,148.0,155.0,162.0,170.3,175.0,181.0,196.0,215.0,inferred
Inverclyde,2021-03-26,107.0,125.0,137.0,141.0,145.0,152.0,159.0,166.0,174.0,179.0,185.0,198.0,222.5,inferred
Inverclyde,2021-03-27,94.5,111.0,122.0,127.0,131.0,139.0,146.0,153.0,161.0,166.0,171.0,184.0,211.0,inferred
Inverclyde,2021-03-28,76.0,91.0,100.0,104.0,107.0,115.0,121.0,128.0,135.0,138.0,142.0,156.0,178.0,inferred
Inverclyde,2021-03-29,57.0,72.0,81.0,84.0,87.0,93.0,99.0,106.0,111.0,115.0,119.0,130.0,147.0,inferred
Inverclyde,2021-03-30,63.0,77.0,85.0,89.0,92.0,98.0,103.5,109.0,116.0,119.0,124.0,134.0,153.5,inferred
Inverclyde,2021-03-31,88.0,103.9,114.0,118.0,121.0,129.0,135.0,142.0,149.0,153.0,158.0,171.0,192.0,inferred
Inverclyde,2021-04-01,76.0,90.0,102.0,105.0,109.0,115.0,122.0,129.0,135.0,140.0,144.0,157.0,181.5,inferred
Inverclyde,2021-04-02,77.0,94.9,104.0,108.0,112.0,119.0,125.0,131.0,138.0,143.0,148.0,160.0,182.5,inferred
Inverclyde,2021-04-03,71.0,85.0,94.0,97.0,101.0,106.0,112.0,118.0,126.0,129.0,134.0,147.0,167.0,inferred
Inverclyde,2021-04-04,56.0,69.0,78.0,81.0,84.0,89.0,95.0,101.0,107.0,111.0,114.0,126.0,142.5,inferred
Inverclyde,2021-04-05,40.0,52.0,60.0,63.0,65.0,71.0,76.0,81.0,86.3,90.0,94.0,105.0,123.0,inferred
Inverclyde,2021-04-06,45.5,55.0,63.0,66.0,68.0,74.0,80.0,86.0,92.0,96.0,99.0,110.0,131.0,inferred
Inverclyde,2021-04-07,61.0,75.0,86.0,89.0,93.0,98.0,105.0,111.0,117.0,121.0,126.0,140.0,157.5,inferred
Inverclyde,2021-04-08,60.0,71.0,79.0,83.0,86.0,91.0,97.0,103.0,110.0,114.0,117.0,130.0,148.0,inferred
Inverclyde,2021-04-09,62.0,75.0,83.0,86.0,89.0,94.0,100.0,106.0,113.0,117.0,121.0,133.0,150.0,inferred
Inverclyde,2021-04-10,54.0,66.0,74.0,77.0,80.0,86.0,92.0,98.0,103.0,107.0,111.0,122.0,143.0,inferred
Inverclyde,2021-04-11,43.0,54.0,61.0,64.0,67.0,73.0,78.0,83.0,89.0,92.0,95.0,105.0,125.0,inferred
Inverclyde,2021-04-12,34.0,43.0,49.0,52.0,54.0,59.0,64.0,68.0,73.0,76.0,79.0,89.0,107.0,inferred
Inverclyde,2021-04-13,36.0,45.0,52.0,55.0,57.0,62.0,67.0,71.0,77.0,80.0,83.0,92.0,109.0,inferred
Inverclyde,2021-04-14,52.0,63.0,70.8,73.0,77.0,82.0,88.0,94.0,100.0,104.0,108.0,118.0,134.0,inferred
Inverclyde,2021-04-15,44.0,55.0,63.0,66.0,69.0,74.0,79.0,85.0,91.0,94.0,98.0,107.0,126.0,inferred
Inverclyde,2021-04-16,44.5,56.0,64.0,67.8,70.0,75.0,80.0,84.4,91.0,94.0,99.0,107.0,126.0,inferred
Inverclyde,2021-04-17,40.0,51.0,58.0,61.0,64.0,68.0,74.0,78.0,84.0,87.0,91.0,101.0,115.0,inferred
Inverclyde,2021-04-18,32.0,41.0,48.0,51.0,53.0,58.0,62.0,66.0,72.0,75.0,78.0,87.0,103.0,inferred
Inverclyde,2021-04-19,22.0,30.0,37.0,39.0,41.0,46.0,49.0,54.0,58.0,61.0,64.0,73.0,89.5,inferred
Inverclyde,2021-04-20,23.5,32.0,38.0,41.0,43.0,48.0,52.0,55.0,60.0,63.0,66.0,75.0,90.0,inferred
Inverclyde,2021-04-21,35.0,46.0,52.0,54.0,57.0,63.0,68.0,73.0,78.0,81.0,84.0,95.0,110.0,inferred
Inverclyde,2021-04-22,28.5,39.9,46.0,49.0,52.0,56.0,60.0,65.0,70.0,73.0,76.0,86.0,105.0,inferred
Inverclyde,2021-04-23,32.0,41.0,48.0,51.0,53.0,58.0,62.0,67.0,72.0,75.0,78.0,88.0,104.0,inferred
Inverclyde,2021-04-24,28.0,36.0,43.0,45.0,48.0,52.0,56.0,60.0,65.0,68.0,71.0,81.0,95.0,inferred
Inverclyde,2021-04-25,22.0,29.0,34.0,37.0,39.0,42.0,46.0,50.0,55.0,57.0,61.0,69.0,83.0,inferred
Inverclyde,2021-04-26,15.0,22.0,26.0,27.0,30.0,33.0,36.5,41.0,44.0,47.0,49.0,57.0,69.0,inferred
Inverclyde,2021-04-27,16.0,23.0,28.0,30.0,32.0,35.0,38.0,42.0,47.0,49.0,51.0,58.0,71.0,inferred
Inverclyde,2021-04-28,25.0,33.0,39.0,42.0,44.0,48.0,52.0,56.4,61.0,63.0,66.0,75.0,90.0,inferred
Inverclyde,2021-04-29,23.0,31.0,37.0,39.0,41.0,45.0,49.0,53.0,59.0,61.0,65.0,72.0,85.5,inferred
Inverclyde,2021-04-30,24.0,33.0,40.0,42.0,44.0,48.0,52.0,57.0,62.0,64.0,68.0,75.1,89.0,inferred
Inverclyde,2021-05-01,23.0,31.0,36.0,39.0,41.0,45.0,50.0,54.0,59.0,61.0,64.0,73.0,88.5,inferred
Inverclyde,2021-05-02,20.0,27.0,32.0,34.0,36.0,40.0,43.0,47.0,51.0,54.0,57.0,65.0,79.0,inferred
Inverclyde,2021-05-03,14.0,20.0,25.0,27.0,29.0,32.0,35.0,38.0,42.0,44.0,47.0,54.0,68.0,inferred
Inverclyde,2021-05-04,18.0,25.0,30.0,33.0,34.7,38.0,41.0,45.0,49.0,52.0,54.0,62.0,77.0,inferred
Inverclyde,2021-05-05,31.0,41.0,47.0,50.0,52.0,57.0,61.0,66.0,71.0,74.0,78.0,88.0,103.0,inferred
Inverclyde,2021-05-06,34.0,44.0,50.0,53.0,55.0,60.0,64.0,69.0,75.0,77.0,81.0,91.0,103.5,inferred
Inverclyde,2021-05-07,43.0,53.0,60.0,62.0,65.0,71.0,76.0,81.0,86.0,90.0,94.0,103.0,120.0,inferred
Inverclyde,2021-05-08,43.5,55.0,62.0,64.8,68.0,73.0,78.0,83.0,88.0,92.0,96.0,106.0,121.5,inferred
Inverclyde,2021-05-09,40.0,50.0,58.0,61.0,64.0,68.0,73.5,79.0,84.0,88.0,92.0,102.1,117.0,inferred
Inverclyde,2021-05-10,36.0,46.0,53.0,56.0,59.0,63.0,67.0,72.0,77.0,81.0,85.0,95.0,112.0,inferred
Inverclyde,2021-05-11,45.0,57.0,64.0,67.0,70.0,76.0,81.0,86.0,92.0,95.0,99.0,109.0,127.0,inferred
Inverclyde,2021-05-12,71.0,88.0,97.0,100.8,104.7,110.0,117.0,124.0,131.0,135.0,139.0,151.1,174.0,inferred
Inverclyde,2021-05-13,75.0,90.0,99.0,103.0,106.7,113.0,119.0,126.0,133.0,137.0,141.0,154.0,175.5,inferred
Inverclyde,2021-05-14,90.0,104.0,115.0,119.0,122.0,129.0,136.0,143.0,151.0,155.0,159.0,172.0,195.0,inferred
Inverclyde,2021-05-15,87.0,104.0,116.0,120.0,124.0,131.0,138.0,144.0,152.0,157.0,160.0,174.1,200.0,inferred
Inverclyde,2021-05-16,78.0,94.0,106.0,110.0,114.0,121.0,127.0,134.0,141.0,146.0,150.0,161.0,181.0,inferred
Inverclyde,2021-05-17,71.0,84.0,93.0,97.0,100.0,107.0,114.0,120.0,127.3,131.0,136.0,148.0,169.0,inferred
Inverclyde,2021-05-18,85.0,102.0,113.0,116.0,119.0,127.0,133.0,139.0,147.0,151.0,155.0,168.0,190.0,inferred
Inverclyde,2021-05-19,125.5,146.9,159.0,164.0,169.0,177.0,185.0,192.0,201.0,206.0,211.0,228.0,256.5,inferred
Inverclyde,2021-05-20,124.0,144.0,155.0,161.0,165.0,174.0,182.0,190.0,198.0,203.0,208.0,224.0,245.5,inferred
Inverclyde,2021-05-21,135.5,155.0,168.0,174.0,179.0,187.0,196.0,204.0,214.0,219.0,224.0,241.0,262.5,inferred
Inverclyde,2021-05-22,136.0,155.0,169.0,173.0,178.0,185.0,193.0,201.0,209.0,214.2,220.0,234.0,262.5,inferred
Inverclyde,2021-05-23,117.5,136.0,146.0,151.8,156.0,165.0,173.0,180.0,188.0,192.0,199.0,212.0,236.5,inferred
Inverclyde,2021-05-24,99.5,115.0,125.0,129.0,133.0,140.0,148.0,155.0,163.0,167.0,172.0,185.1,210.5,inferred
Inverclyde,2021-05-25,109.0,127.0,140.0,144.0,148.0,156.0,163.0,171.0,179.0,184.0,189.0,203.0,226.0,inferred
Inverclyde,2021-05-26,163.0,184.0,197.8,203.0,207.0,216.0,224.0,233.0,243.0,250.0,256.0,273.0,301.5,inferred
Inverclyde,2021-05-27,152.5,172.0,186.0,191.0,196.0,205.0,213.0,222.0,231.0,236.0,242.0,257.0,284.5,inferred
Inverclyde,2021-05-28,167.0,190.0,202.0,208.0,212.0,223.0,231.0,239.0,249.0,254.0,261.0,276.0,303.0,inferred
Inverclyde,2021-05-29,157.0,179.0,193.0,199.0,202.0,211.0,219.0,228.0,238.0,244.0,251.0,267.0,293.5,inferred
Inverclyde,2021-05-30,139.0,154.0,168.0,173.0,178.0,186.0,194.5,201.4,210.0,215.0,221.0,237.0,259.0,inferred
Inverclyde,2021-05-31,110.0,126.0,139.0,144.0,148.0,156.6,164.0,171.0,179.0,183.0,189.0,204.0,229.5,inferred
Inverclyde,2021-06-01,125.0,143.0,155.0,160.0,165.0,172.0,180.0,189.0,197.0,202.0,209.0,224.0,246.0,inferred
Inverclyde,2021-06-02,181.0,202.0,216.0,223.0,229.0,237.0,246.0,256.0,266.0,272.0,277.0,298.0,327.0,inferred
Inverclyde,2021-06-03,170.0,191.9,206.0,212.0,217.0,227.0,236.0,245.0,254.3,260.0,267.0,283.0,312.0,inferred
Inverclyde,2021-06-04,184.5,205.0,222.0,227.0,232.0,242.0,250.0,260.0,269.0,276.0,282.0,302.0,329.5,inferred
Inverclyde,2021-06-05,175.0,197.0,210.0,216.0,222.0,232.6,241.0,250.4,262.0,267.2,275.0,293.0,319.5,inferred
Inverclyde,2021-06-06,153.5,172.0,185.0,190.0,195.0,204.0,212.0,221.0,231.0,236.0,242.0,259.0,294.0,inferred
Inverclyde,2021-06-07,122.5,141.0,154.0,159.0,164.0,172.0,180.0,187.0,196.0,201.0,206.2,223.0,248.5,inferred
Inverclyde,2021-06-08,136.0,158.0,171.0,177.0,181.0,190.0,197.0,205.0,215.0,221.0,228.0,243.0,274.0,inferred
Inverclyde,2021-06-09,203.5,225.9,240.0,244.0,250.0,261.0,270.0,280.0,292.0,298.0,306.0,324.1,353.0,inferred
Inverclyde,2021-06-10,192.5,216.0,229.0,235.0,240.0,250.0,260.0,270.0,281.3,288.0,293.0,312.0,341.0,inferred
Inverclyde,2021-06-11,207.0,230.9,246.0,252.0,259.0,269.0,280.0,288.4,301.0,306.0,314.0,333.0,361.0,inferred
Inverclyde,2021-06-12,200.5,221.0,236.0,242.0,246.7,256.6,268.0,276.4,287.0,293.0,300.0,318.0,348.5,inferred
Inverclyde,2021-06-13,169.0,192.0,207.0,212.0,217.0,226.0,236.0,246.0,256.0,262.0,268.0,284.0,313.0,inferred
Inverclyde,2021-06-14,141.0,156.0,170.8,176.0,180.0,188.0,196.0,207.0,215.0,220.0,227.0,241.0,273.0,inferred
Inverclyde,2021-06-15,155.0,176.0,188.0,193.0,198.0,206.0,214.0,224.0,234.0,239.0,245.0,262.0,286.5,inferred
Inverclyde,2021-06-16,215.9,238.9,255.0,262.0,268.0,278.0,289.0,298.0,310.0,316.0,324.0,343.0,377.0,inferred
Inverclyde,2021-06-17,198.5,220.0,237.0,243.0,249.0,259.0,268.0,278.0,289.0,296.0,302.0,321.0,349.5,inferred
Inverclyde,2021-06-18,207.5,231.0,248.0,255.0,261.0,271.0,282.0,293.0,305.0,312.0,318.0,338.1,368.5,inferred
Ipswich,2021-03-06,2.0,3.0,4.0,5.0,5.0,6.0,7.0,7.0,8.0,9.0,9.0,11.0,13.0,inferred
Ipswich,2021-03-07,3.0,4.0,6.0,6.0,6.0,7.0,8.0,9.0,10.0,10.0,11.0,12.0,15.0,inferred
Ipswich,2021-03-08,4.0,6.0,7.0,8.0,8.0,10.0,10.0,11.0,12.0,13.0,14.0,16.0,19.0,inferred
Ipswich,2021-03-09,4.0,6.0,7.0,8.0,9.0,9.0,11.0,11.0,12.0,13.0,14.0,16.0,19.0,inferred
Ipswich,2021-03-10,4.0,7.0,8.0,9.0,10.0,11.0,11.0,12.0,14.0,15.0,15.0,17.0,21.0,inferred
Ipswich,2021-03-11,4.0,7.0,8.0,9.0,9.0,10.0,11.0,12.0,13.0,14.0,15.0,17.0,20.0,inferred
Ipswich,2021-03-12,4.0,6.0,8.0,8.0,9.0,10.0,11.0,12.0,13.0,13.0,14.0,16.0,20.0,inferred
Ipswich,2021-03-13,3.0,5.0,6.0,7.0,7.0,8.0,9.0,10.0,11.0,12.0,12.0,14.0,17.0,inferred
Ipswich,2021-03-14,4.0,6.0,8.0,8.0,9.0,10.0,11.0,12.0,13.0,14.0,14.0,16.0,20.0,inferred
Ipswich,2021-03-15,7.0,9.0,10.0,11.0,12.0,13.0,14.0,15.0,17.0,17.0,18.0,20.1,24.0,inferred
Ipswich,2021-03-16,6.0,8.0,10.0,11.0,12.0,13.0,14.0,15.0,16.0,17.0,18.0,20.0,24.0,inferred
Ipswich,2021-03-17,7.0,9.0,11.0,12.0,12.0,14.0,15.0,16.0,17.0,18.0,19.0,21.0,24.0,inferred
Ipswich,2021-03-18,6.0,8.0,10.0,11.0,12.0,13.0,14.0,15.0,16.0,17.0,18.0,20.0,24.0,inferred
Ipswich,2021-03-19,5.0,7.0,9.0,10.0,10.0,11.0,12.0,13.0,15.0,15.0,16.0,18.0,22.0,inferred
Ipswich,2021-03-20,4.0,6.0,7.0,8.0,8.0,9.0,10.0,11.0,12.0,13.0,13.0,15.0,19.0,inferred
Ipswich,2021-03-21,5.0,7.0,9.0,9.0,10.0,11.0,12.0,13.0,14.0,15.0,15.0,18.0,21.0,inferred
Ipswich,2021-03-22,7.0,9.0,11.0,12.0,12.0,13.0,14.0,16.0,17.0,18.0,19.0,21.0,25.0,inferred
Ipswich,2021-03-23,6.0,9.0,10.0,11.0,12.0,13.0,14.0,15.0,16.0,17.0,18.0,20.0,23.0,inferred
Ipswich,2021-03-24,6.0,9.0,11.0,11.0,12.0,13.0,14.0,15.0,17.0,18.0,18.0,21.0,24.0,inferred
Ipswich,2021-03-25,5.0,8.0,9.0,10.0,10.0,11.0,13.0,14.0,15.0,16.0,16.0,18.0,22.5,inferred
Ipswich,2021-03-26,4.0,6.0,8.0,8.0,9.0,10.0,11.0,12.0,13.0,14.0,14.0,17.0,20.0,inferred
Ipswich,2021-03-27,3.0,4.0,6.0,6.0,7.0,8.0,9.0,9.0,10.0,11.0,12.0,13.0,16.0,inferred
Ipswich,2021-03-28,4.0,6.0,7.0,7.0,8.0,9.0,10.0,11.0,12.0,12.0,13.0,15.0,18.0,inferred
Ipswich,2021-03-29,5.0,7.0,9.0,9.0,10.0,11.0,12.0,13.0,14.3,15.0,16.0,18.0,21.0,inferred
Ipswich,2021-03-30,4.0,6.0,8.0,9.0,9.0,10.0,11.0,12.0,13.0,14.0,14.0,17.0,20.5,inferred
Ipswich,2021-03-31,4.5,7.0,8.0,9.0,9.0,11.0,12.0,13.0,14.0,15.0,15.0,17.0,21.0,inferred
Ipswich,2021-04-01,4.0,6.0,7.0,8.0,8.0,9.0,10.0,11.0,12.0,13.0,14.0,15.0,19.0,inferred
Ipswich,2021-04-02,3.0,5.0,6.0,7.0,7.0,8.0,9.0,10.0,11.0,11.0,12.0,14.0,17.0,inferred
Ipswich,2021-04-03,2.0,4.0,5.0,5.0,6.0,6.0,7.0,8.0,9.0,9.0,10.0,11.1,15.0,inferred
Ipswich,2021-04-04,3.0,4.0,5.0,6.0,6.0,7.0,8.0,9.0,10.0,10.0,11.0,13.0,16.0,inferred
Ipswich,2021-04-05,4.0,6.0,7.0,8.0,8.0,9.0,10.0,11.0,12.0,13.0,13.0,15.0,19.0,inferred
Ipswich,2021-04-06,3.0,5.0,6.0,7.0,7.0,8.0,9.0,10.0,11.0,12.0,13.0,14.0,17.0,inferred
Ipswich,2021-04-07,4.0,5.0,7.0,7.0,8.0,9.0,10.0,11.0,12.0,12.0,13.0,15.0,18.0,inferred
Ipswich,2021-04-08,3.0,4.0,6.0,6.0,7.0,8.0,9.0,9.0,10.0,11.0,12.0,13.0,16.0,inferred
Ipswich,2021-04-09,2.0,4.0,5.0,5.0,6.0,7.0,7.0,8.0,9.0,10.0,10.0,12.0,15.0,inferred
Ipswich,2021-04-10,2.0,3.0,4.0,4.0,4.0,5.0,6.0,7.0,7.0,8.0,8.0,10.0,12.0,inferred
Ipswich,2021-04-11,2.0,3.0,4.0,5.0,5.0,6.0,7.0,7.0,8.0,9.0,9.0,11.0,13.5,inferred
Ipswich,2021-04-12,2.5,4.0,5.0,6.0,6.0,7.0,8.0,9.0,10.0,10.0,11.0,13.0,16.0,inferred
Ipswich,2021-04-13,2.0,3.0,5.0,5.0,6.0,6.0,7.0,8.0,9.0,10.0,10.0,12.0,15.0,inferred
Ipswich,2021-04-14,2.0,4.0,5.0,5.0,6.0,7.0,7.0,8.0,9.0,10.0,10.0,12.0,15.0,inferred
Ipswich,2021-04-15,2.0,3.0,4.0,5.0,5.0,6.0,7.0,8.0,8.0,9.0,9.0,11.0,14.0,inferred
Ipswich,2021-04-16,1.0,3.0,4.0,4.0,4.0,5.0,6.0,7.0,7.0,8.0,8.0,10.0,12.0,inferred
Ipswich,2021-04-17,1.0,2.0,3.0,3.0,3.0,4.0,5.0,5.0,6.0,7.0,7.0,8.0,11.0,inferred
Ipswich,2021-04-18,1.0,2.0,3.0,4.0,4.0,5.0,5.0,6.0,7.0,7.0,8.0,9.0,11.0,inferred
Ipswich,2021-04-19,2.0,3.0,4.0,4.0,5.0,6.0,6.0,7.0,8.0,9.0,9.0,11.0,13.0,inferred
Ipswich,2021-04-20,1.0,3.0,4.0,4.0,5.0,5.0,6.0,7.0,8.0,8.0,9.0,10.0,13.0,inferred
Ipswich,2021-04-21,2.0,3.0,4.0,4.0,5.0,5.0,6.0,7.0,7.0,8.0,9.0,10.0,12.0,inferred
Ipswich,2021-04-22,1.0,2.0,3.0,4.0,4.0,5.0,5.0,6.0,7.0,7.0,8.0,9.0,12.0,inferred
Ipswich,2021-04-23,1.0,2.0,3.0,3.0,3.0,4.0,4.0,5.0,6.0,6.0,7.0,8.0,10.0,inferred
Ipswich,2021-04-24,0.0,1.0,2.0,2.0,2.0,3.0,3.0,4.0,5.0,5.0,6.0,7.0,9.0,inferred
Ipswich,2021-04-25,0.0,1.0,2.0,2.0,3.0,3.0,4.0,4.0,5.0,6.0,6.0,7.1,10.0,inferred
Ipswich,2021-04-26,1.0,2.0,3.0,3.0,3.0,4.0,4.5,5.0,6.0,7.0,7.0,8.0,11.0,inferred
Ipswich,2021-04-27,0.0,2.0,2.0,3.0,3.0,4.0,4.0,5.0,6.0,6.0,7.0,8.0,11.0,inferred
Ipswich,2021-04-28,0.0,1.0,2.0,2.0,3.0,3.0,4.0,5.0,6.0,6.0,7.0,8.0,10.0,inferred
Ipswich,2021-04-29,0.0,1.0,2.0,2.0,2.0,3.0,4.0,4.0,5.0,5.0,6.0,7.0,9.0,inferred
Ipswich,2021-04-30,0.0,1.0,2.0,2.0,2.0,2.0,3.0,4.0,4.0,5.0,5.0,6.0,8.0,inferred
Ipswich,2021-05-01,0.0,0.0,1.0,1.0,1.0,2.0,2.0,3.0,3.0,4.0,4.0,5.0,7.0,inferred
Ipswich,2021-05-02,0.0,0.0,1.0,1.0,1.0,2.0,2.0,3.0,3.0,4.0,4.0,5.0,7.0,inferred
Ipswich,2021-05-03,0.0,1.0,1.0,2.0,2.0,2.0,3.0,3.0,4.0,4.0,5.0,6.0,8.0,inferred
Ipswich,2021-05-04,0.0,1.0,1.0,2.0,2.0,2.0,3.0,3.0,4.0,4.0,5.0,6.0,8.0,inferred
Ipswich,2021-05-05,0.0,1.0,1.0,1.0,2.0,2.0,3.0,3.0,4.0,4.0,5.0,6.0,8.0,inferred
Ipswich,2021-05-06,0.0,0.0,1.0,1.0,1.0,2.0,2.0,3.0,3.0,4.0,4.0,5.0,7.0,inferred
Ipswich,2021-05-07,0.0,0.0,1.0,1.0,1.0,2.0,2.0,2.0,3.0,3.0,4.0,5.0,6.0,inferred
Ipswich,2021-05-08,0.0,0.0,0.0,1.0,1.0,1.0,1.0,2.0,2.0,2.0,3.0,4.0,5.0,inferred
Ipswich,2021-05-09,0.0,0.0,1.0,1.0,1.0,1.0,2.0,2.0,3.0,3.0,3.0,4.0,6.0,inferred
Ipswich,2021-05-10,0.0,0.0,1.0,1.0,1.0,2.0,2.0,2.0,3.0,3.0,4.0,5.0,7.0,inferred
Ipswich,2021-05-11,0.0,0.0,1.0,1.0,1.0,1.0,2.0,2.0,3.0,3.0,3.0,5.0,6.0,inferred
Ipswich,2021-05-12,0.0,0.0,1.0,1.0,1.0,1.0,2.0,2.0,3.0,3.0,3.0,5.0,6.5,inferred
Ipswich,2021-05-13,0.0,0.0,1.0,1.0,1.0,1.0,2.0,2.0,3.0,3.0,3.0,4.0,6.0,inferred
Ipswich,2021-05-14,0.0,0.0,0.0,1.0,1.0,1.0,1.0,2.0,2.0,3.0,3.0,4.0,6.0,inferred
Ipswich,2021-05-15,0.0,0.0,0.0,0.0,0.0,1.0,1.0,1.0,2.0,2.0,2.0,3.0,5.0,inferred
Ipswich,2021-05-16,0.0,0.0,0.0,0.0,1.0,1.0,1.0,2.0,2.0,2.0,3.0,4.0,5.0,inferred
Ipswich,2021-05-17,0.0,0.0,0.0,1.0,1.0,1.0,2.0,2.0,2.0,3.0,3.0,4.0,6.0,inferred
Ipswich,2021-05-18,0.0,0.0,0.0,1.0,1.0,1.0,1.0,2.0,2.0,3.0,3.0,4.0,5.0,inferred
Ipswich,2021-05-19,0.0,0.0,0.0,1.0,1.0,1.0,1.0,2.0,2.0,3.0,3.0,4.0,5.0,inferred
Ipswich,2021-05-20,0.0,0.0,0.0,0.0,1.0,1.0,1.0,2.0,2.0,2.0,3.0,4.0,5.0,inferred
Ipswich,2021-05-21,0.0,0.0,0.0,0.0,1.0,1.0,1.0,2.0,2.0,2.0,2.0,3.0,5.0,inferred
Ipswich,2021-05-22,0.0,0.0,0.0,0.0,0.0,1.0,1.0,1.0,2.0,2.0,2.0,3.0,4.0,inferred
Ipswich,2021-05-23,0.0,0.0,0.0,0.0,0.0,1.0,1.0,1.0,2.0,2.0,2.0,3.0,4.0,inferred
Ipswich,2021-05-24,0.0,0.0,0.0,0.8,1.0,1.0,1.0,2.0,2.0,2.0,3.0,4.0,5.5,inferred
Ipswich,2021-05-25,0.0,0.0,0.0,0.0,1.0,1.0,1.0,1.0,2.0,2.0,3.0,3.0,5.0,inferred
Ipswich,2021-05-26,0.0,0.0,0.0,0.0,1.0,1.0,1.0,2.0,2.0,2.0,3.0,3.0,5.0,inferred
Ipswich,2021-05-27,0.0,0.0,0.0,0.0,0.0,1.0,1.0,1.0,2.0,2.0,2.0,3.0,5.0,inferred
Ipswich,2021-05-28,0.0,0.0,0.0,0.0,0.0,1.0,1.0,1.0,2.0,2.0,2.0,3.0,4.0,inferred
Ipswich,2021-05-29,0.0,0.0,0.0,0.0,0.0,0.0,1.0,1.0,1.0,2.0,2.0,3.0,4.0,inferred
Ipswich,2021-05-30,0.0,0.0,0.0,0.0,0.0,1.0,1.0,1.0,2.0,2.0,2.0,3.0,4.0,inferred
Ipswich,2021-05-31,0.0,0.0,0.0,0.0,1.0,1.0,1.0,2.0,2.0,2.0,3.0,3.0,5.0,inferred
Ipswich,2021-06-01,0.0,0.0,0.0,0.0,1.0,1.0,1.0,2.0,2.0,2.0,3.0,4.0,5.0,inferred
Ipswich,2021-06-02,0.0,0.0,0.0,1.0,1.0,1.0,1.0,2.0,2.0,2.0,3.0,4.0,5.0,inferred
Ipswich,2021-06-03,0.0,0.0,0.0,0.0,1.0,1.0,1.0,2.0,2.0,2.0,3.0,4.0,5.0,inferred
Ipswich,2021-06-04,0.0,0.0,0.0,0.0,1.0,1.0,1.0,2.0,2.0,2.0,3.0,4.0,5.0,inferred
Ipswich,2021-06-05,0.0,0.0,0.0,0.0,0.0,1.0,1.0,1.0,2.0,2.0,2.0,3.0,4.0,inferred
Ipswich,2021-06-06,0.0,0.0,0.0,0.0,1.0,1.0,1.0,2.0,2.0,2.0,3.0,3.0,5.0,inferred
Ipswich,2021-06-07,0.0,0.0,0.0,1.0,1.0,1.0,2.0,2.0,3.0,3.0,3.0,4.0,6.0,inferred
Ipswich,2021-06-08,0.0,0.0,0.0,1.0,1.0,1.0,2.0,2.0,2.0,3.0,3.0,4.0,6.0,inferred
Ipswich,2021-06-09,0.0,0.0,1.0,1.0,1.0,1.0,2.0,2.0,3.0,3.0,3.0,4.0,6.0,inferred
Ipswich,2021-06-10,0.0,0.0,1.0,1.0,1.0,1.0,2.0,2.0,3.0,3.0,3.0,4.0,6.0,inferred
Ipswich,2021-06-11,0.0,0.0,1.0,1.0,1.0,1.0,2.0,2.0,3.0,3.0,3.0,4.0,6.0,inferred
Ipswich,2021-06-12,0.0,0.0,0.0,1.0,1.0,1.0,2.0,2.0,2.0,3.0,3.0,4.0,6.0,inferred
Ipswich,2021-06-13,0.0,0.0,1.0,1.0,1.0,2.0,2.0,2.0,3.0,3.0,4.0,5.0,6.0,inferred
Ipswich,2021-06-14,0.0,1.0,1.0,1.0,2.0,2.0,3.0,3.0,4.0,4.0,5.0,6.0,8.0,inferred
Ipswich,2021-06-15,0.0,1.0,1.0,2.0,2.0,2.0,3.0,3.0,4.0,4.0,5.0,6.0,8.0,inferred
Ipswich,2021-06-16,0.0,1.0,1.0,2.0,2.0,2.0,3.0,4.0,4.0,5.0,5.0,7.0,9.0,inferred
Ipswich,2021-06-17,0.0,1.0,1.0,2.0,2.0,2.0,3.0,3.0,4.0,4.0,5.0,6.0,8.0,inferred
Ipswich,2021-06-18,0.0,1.0,1.0,1.0,2.0,2.0,3.0,3.0,4.0,4.0,5.0,6.0,8.0,inferred
Isle of Anglesey,2021-03-06,1.0,2.0,4.0,4.0,5.0,5.0,6.0,7.0,8.0,9.0,10.0,12.0,16.0,inferred
Isle of Anglesey,2021-03-07,2.0,3.0,5.0,5.0,5.0,6.0,8.0,9.0,10.0,10.0,11.0,13.0,18.0,inferred
Isle of Anglesey,2021-03-08,3.0,6.0,7.0,8.0,9.0,10.0,11.0,12.0,14.0,15.0,16.0,19.0,23.0,inferred
Isle of Anglesey,2021-03-09,3.0,5.0,6.0,7.0,8.0,9.0,10.0,12.0,13.0,14.0,15.0,17.0,21.0,inferred
Isle of Anglesey,2021-03-10,4.0,6.0,8.0,8.0,9.0,10.0,11.0,13.0,14.0,15.0,16.0,19.0,23.0,inferred
Isle of Anglesey,2021-03-11,4.0,6.0,8.0,8.0,9.0,10.0,11.0,13.0,14.0,15.0,16.0,19.0,23.0,inferred
Isle of Anglesey,2021-03-12,3.0,5.0,6.0,7.0,8.0,9.0,10.0,11.0,13.0,13.0,14.0,17.0,21.0,inferred
Isle of Anglesey,2021-03-13,2.0,3.0,5.0,5.0,6.0,7.0,8.0,9.0,10.0,11.0,12.0,14.0,18.0,inferred
Isle of Anglesey,2021-03-14,2.0,4.0,5.0,6.0,6.0,7.0,8.0,10.0,11.0,12.0,13.0,15.0,19.0,inferred
Isle of Anglesey,2021-03-15,4.0,6.0,8.0,8.0,9.0,10.0,11.0,13.0,15.0,16.0,17.0,19.0,24.0,inferred
Isle of Anglesey,2021-03-16,3.0,5.0,7.0,7.0,8.0,9.0,10.0,11.0,13.0,13.0,14.0,17.0,22.0,inferred
Isle of Anglesey,2021-03-17,4.0,6.0,7.0,8.0,9.0,10.0,11.0,12.0,14.0,15.0,15.0,18.0,23.0,inferred
Isle of Anglesey,2021-03-18,3.0,5.0,7.0,8.0,8.0,9.0,11.0,12.0,13.0,14.0,15.0,18.0,22.0,inferred
Isle of Anglesey,2021-03-19,2.0,4.0,6.0,6.0,7.0,8.0,9.0,10.0,12.0,12.0,13.0,16.0,20.0,inferred
Isle of Anglesey,2021-03-20,1.0,3.0,4.0,5.0,5.0,6.0,7.0,8.0,9.0,10.0,11.0,13.0,18.0,inferred
Isle of Anglesey,2021-03-21,1.0,3.0,4.0,5.0,5.0,6.0,7.0,8.0,10.0,10.0,11.0,13.0,17.0,inferred
Isle of Anglesey,2021-03-22,3.0,5.0,6.8,7.0,8.0,9.0,10.0,11.0,13.0,13.0,14.0,17.0,22.0,inferred
Isle of Anglesey,2021-03-23,2.0,4.0,5.0,6.0,7.0,8.0,9.0,10.0,11.0,12.0,13.0,15.0,19.0,inferred
Isle of Anglesey,2021-03-24,2.0,4.0,5.0,6.0,6.0,8.0,9.0,10.0,11.0,12.0,13.0,16.0,20.0,inferred
Isle of Anglesey,2021-03-25,2.0,3.0,4.0,5.0,6.0,7.0,8.0,9.0,10.0,11.0,12.0,14.0,18.0,inferred
Isle of Anglesey,2021-03-26,1.0,2.0,3.0,4.0,4.0,5.0,6.0,7.0,8.0,9.0,9.0,12.0,16.0,inferred
Isle of Anglesey,2021-03-27,0.0,1.0,2.0,2.0,3.0,3.0,4.0,5.0,6.0,7.0,7.0,9.0,12.0,inferred
Isle of Anglesey,2021-03-28,0.0,1.0,2.0,2.0,3.0,3.0,4.0,5.0,6.0,6.0,7.0,9.0,12.0,inferred
Isle of Anglesey,2021-03-29,0.0,2.0,3.0,3.0,4.0,4.0,5.0,6.0,7.0,8.0,8.0,10.0,15.0,inferred
Isle of Anglesey,2021-03-30,0.0,1.0,2.0,2.0,3.0,3.0,4.0,5.0,6.0,7.0,7.0,9.0,13.0,inferred
Isle of Anglesey,2021-03-31,0.0,1.0,2.0,2.0,3.0,3.0,4.0,5.0,6.0,6.0,7.0,9.0,12.0,inferred
Isle of Anglesey,2021-04-01,0.0,1.0,2.0,2.0,2.0,3.0,4.0,4.0,5.0,6.0,6.0,8.0,12.0,inferred
Isle of Anglesey,2021-04-02,0.0,1.0,1.0,1.0,2.0,2.0,3.0,3.0,4.0,5.0,5.0,7.0,10.5,inferred
Isle of Anglesey,2021-04-03,0.0,0.0,1.0,1.0,1.0,1.0,2.0,2.0,3.0,4.0,4.0,6.0,9.0,inferred
Isle of Anglesey,2021-04-04,0.0,0.0,0.0,1.0,1.0,1.0,2.0,3.0,3.0,4.0,4.0,5.0,8.0,inferred
Isle of Anglesey,2021-04-05,0.0,0.0,1.0,1.0,2.0,2.0,3.0,3.0,4.0,4.0,5.0,6.0,10.0,inferred
Isle of Anglesey,2021-04-06,0.0,0.0,1.0,1.0,1.0,2.0,2.0,3.0,3.0,4.0,4.0,6.0,9.0,inferred
Isle of Anglesey,2021-04-07,0.0,0.0,1.0,1.0,1.0,2.0,2.0,3.0,3.0,4.0,4.0,6.0,9.0,inferred
Isle of Anglesey,2021-04-08,0.0,0.0,0.0,1.0,1.0,1.0,2.0,2.0,3.0,3.0,4.0,5.0,7.0,inferred
Isle of Anglesey,2021-04-09,0.0,0.0,0.0,0.0,0.0,1.0,1.0,2.0,2.0,2.0,3.0,4.0,6.0,inferred
Isle of Anglesey,2021-04-10,0.0,0.0,0.0,0.0,0.0,0.0,1.0,1.0,2.0,2.0,2.0,4.0,6.0,inferred
Isle of Anglesey,2021-04-11,0.0,0.0,0.0,0.0,0.0,0.0,1.0,1.0,2.0,2.0,2.0,3.0,6.0,inferred
Isle of Anglesey,2021-04-12,0.0,0.0,0.0,0.0,0.0,1.0,1.0,1.0,2.0,3.0,3.0,4.0,7.0,inferred
Isle of Anglesey,2021-04-13,0.0,0.0,0.0,0.0,0.0,0.0,1.0,1.0,2.0,2.0,2.0,4.0,6.0,inferred
Isle of Anglesey,2021-04-14,0.0,0.0,0.0,0.0,0.0,1.0,1.0,1.0,2.0,2.0,3.0,4.0,6.0,inferred
Isle of Anglesey,2021-04-15,0.0,0.0,0.0,0.0,0.0,0.0,1.0,1.0,2.0,2.0,3.0,4.0,6.0,inferred
Isle of Anglesey,2021-04-16,0.0,0.0,0.0,0.0,0.0,0.0,1.0,1.0,1.0,2.0,2.0,3.0,5.0,inferred
Isle of Anglesey,2021-04-17,0.0,0.0,0.0,0.0,0.0,0.0,0.0,1.0,1.0,1.0,1.0,2.0,4.0,inferred
Isle of Anglesey,2021-04-18,0.0,0.0,0.0,0.0,0.0,0.0,0.0,1.0,1.0,1.0,2.0,3.0,5.0,inferred
Isle of Anglesey,2021-04-19,0.0,0.0,0.0,0.0,0.0,0.0,1.0,1.0,1.0,2.0,2.0,3.0,5.0,inferred
Isle of Anglesey,2021-04-20,0.0,0.0,0.0,0.0,0.0,0.0,0.0,1.0,1.0,1.0,2.0,3.0,5.0,inferred
Isle of Anglesey,2021-04-21,0.0,0.0,0.0,0.0,0.0,0.0,0.0,1.0,1.0,1.0,2.0,3.0,5.0,inferred
Isle of Anglesey,2021-04-22,0.0,0.0,0.0,0.0,0.0,0.0,0.0,1.0,1.0,1.0,2.0,3.0,5.0,inferred
Isle of Anglesey,2021-04-23,0.0,0.0,0.0,0.0,0.0,0.0,0.0,0.0,1.0,1.0,1.0,2.0,4.0,inferred
Isle of Anglesey,2021-04-24,0.0,0.0,0.0,0.0,0.0,0.0,0.0,0.0,1.0,1.0,1.0,2.0,4.0,inferred
Isle of Anglesey,2021-04-25,0.0,0.0,0.0,0.0,0.0,0.0,0.0,0.0,1.0,1.0,1.0,2.0,4.0,inferred
Isle of Anglesey,2021-04-26,0.0,0.0,0.0,0.0,0.0,0.0,0.0,1.0,1.0,1.0,2.0,3.0,4.5,inferred
Isle of Anglesey,2021-04-27,0.0,0.0,0.0,0.0,0.0,0.0,0.0,0.0,1.0,1.0,1.0,2.0,4.0,inferred
Isle of Anglesey,2021-04-28,0.0,0.0,0.0,0.0,0.0,0.0,0.0,1.0,1.0,1.0,1.0,2.0,4.0,inferred
Isle of Anglesey,2021-04-29,0.0,0.0,0.0,0.0,0.0,0.0,0.0,0.0,1.0,1.0,1.0,2.0,4.0,inferred
Isle of Anglesey,2021-04-30,0.0,0.0,0.0,0.0,0.0,0.0,0.0,0.0,1.0,1.0,1.0,2.0,5.0,inferred
Isle of Anglesey,2021-05-01,0.0,0.0,0.0,0.0,0.0,0.0,0.0,0.0,0.0,1.0,1.0,2.0,3.0,inferred
Isle of Anglesey,2021-05-02,0.0,0.0,0.0,0.0,0.0,0.0,0.0,0.0,0.0,1.0,1.0,2.0,3.0,inferred
Isle of Anglesey,2021-05-03,0.0,0.0,0.0,0.0,0.0,0.0,0.0,0.0,1.0,1.0,1.0,2.0,4.0,inferred
Isle of Anglesey,2021-05-04,0.0,0.0,0.0,0.0,0.0,0.0,0.0,0.0,0.0,1.0,1.0,2.0,3.5,inferred
Isle of Anglesey,2021-05-05,0.0,0.0,0.0,0.0,0.0,0.0,0.0,0.0,1.0,1.0,1.0,2.0,4.0,inferred
Isle of Anglesey,2021-05-06,0.0,0.0,0.0,0.0,0.0,0.0,0.0,0.0,1.0,1.0,1.0,2.0,4.0,inferred
Isle of Anglesey,2021-05-07,0.0,0.0,0.0,0.0,0.0,0.0,0.0,0.0,1.0,1.0,1.0,2.0,4.0,inferred
Isle of Anglesey,2021-05-08,0.0,0.0,0.0,0.0,0.0,0.0,0.0,0.0,0.0,1.0,1.0,2.0,3.0,inferred
Isle of Anglesey,2021-05-09,0.0,0.0,0.0,0.0,0.0,0.0,0.0,0.0,0.0,1.0,1.0,2.0,3.0,inferred
Isle of Anglesey,2021-05-10,0.0,0.0,0.0,0.0,0.0,0.0,0.0,0.0,1.0,1.0,1.0,2.0,4.0,inferred
Isle of Anglesey,2021-05-11,0.0,0.0,0.0,0.0,0.0,0.0,0.0,0.0,1.0,1.0,1.0,2.0,3.0,inferred
Isle of Anglesey,2021-05-12,0.0,0.0,0.0,0.0,0.0,0.0,0.0,0.0,1.0,1.0,1.0,2.0,4.0,inferred
Isle of Anglesey,2021-05-13,0.0,0.0,0.0,0.0,0.0,0.0,0.0,0.0,1.0,1.0,1.0,2.0,4.0,inferred
Isle of Anglesey,2021-05-14,0.0,0.0,0.0,0.0,0.0,0.0,0.0,0.0,0.0,1.0,1.0,2.0,3.0,inferred
Isle of Anglesey,2021-05-15,0.0,0.0,0.0,0.0,0.0,0.0,0.0,0.0,0.0,1.0,1.0,2.0,3.0,inferred
Isle of Anglesey,2021-05-16,0.0,0.0,0.0,0.0,0.0,0.0,0.0,0.0,0.0,1.0,1.0,2.0,4.0,inferred
Isle of Anglesey,2021-05-17,0.0,0.0,0.0,0.0,0.0,0.0,0.0,0.0,1.0,1.0,1.0,2.0,4.0,inferred
Isle of Anglesey,2021-05-18,0.0,0.0,0.0,0.0,0.0,0.0,0.0,0.0,1.0,1.0,1.0,2.0,4.0,inferred
Isle of Anglesey,2021-05-19,0.0,0.0,0.0,0.0,0.0,0.0,0.0,1.0,1.0,1.0,1.0,2.0,5.0,inferred
Isle of Anglesey,2021-05-20,0.0,0.0,0.0,0.0,0.0,0.0,0.0,1.0,1.0,1.0,1.0,2.0,4.0,inferred
Isle of Anglesey,2021-05-21,0.0,0.0,0.0,0.0,0.0,0.0,0.0,0.0,1.0,1.0,1.0,2.0,4.0,inferred
Isle of Anglesey,2021-05-22,0.0,0.0,0.0,0.0,0.0,0.0,0.0,0.0,1.0,1.0,1.0,2.0,4.0,inferred
Isle of Anglesey,2021-05-23,0.0,0.0,0.0,0.0,0.0,0.0,0.0,0.0,1.0,1.0,1.0,2.0,4.0,inferred
Isle of Anglesey,2021-05-24,0.0,0.0,0.0,0.0,0.0,0.0,0.0,1.0,1.0,1.0,1.0,2.0,4.0,inferred
Isle of Anglesey,2021-05-25,0.0,0.0,0.0,0.0,0.0,0.0,0.0,0.0,1.0,1.0,1.0,2.0,4.0,inferred
Isle of Anglesey,2021-05-26,0.0,0.0,0.0,0.0,0.0,0.0,0.0,1.0,1.0,1.0,1.0,2.0,4.0,inferred
Isle of Anglesey,2021-05-27,0.0,0.0,0.0,0.0,0.0,0.0,0.0,1.0,1.0,1.0,2.0,2.0,5.0,inferred
Isle of Anglesey,2021-05-28,0.0,0.0,0.0,0.0,0.0,0.0,0.0,1.0,1.0,1.0,1.0,3.0,5.0,inferred
Isle of Anglesey,2021-05-29,0.0,0.0,0.0,0.0,0.0,0.0,0.0,0.0,1.0,1.0,1.0,2.0,4.0,inferred
Isle of Anglesey,2021-05-30,0.0,0.0,0.0,0.0,0.0,0.0,0.0,1.0,1.0,1.0,1.0,2.0,4.0,inferred
Isle of Anglesey,2021-05-31,0.0,0.0,0.0,0.0,0.0,0.0,1.0,1.0,1.0,2.0,2.0,3.0,5.0,inferred
Isle of Anglesey,2021-06-01,0.0,0.0,0.0,0.0,0.0,0.0,1.0,1.0,1.0,2.0,2.0,3.0,5.0,inferred
Isle of Anglesey,2021-06-02,0.0,0.0,0.0,0.0,0.0,0.0,1.0,1.0,2.0,2.0,2.0,3.0,6.0,inferred
Isle of Anglesey,2021-06-03,0.0,0.0,0.0,0.0,0.0,0.0,1.0,1.0,2.0,2.0,2.0,3.1,6.0,inferred
Isle of Anglesey,2021-06-04,0.0,0.0,0.0,0.0,0.0,0.0,1.0,1.0,2.0,2.0,2.0,3.0,5.0,inferred
Isle of Anglesey,2021-06-05,0.0,0.0,0.0,0.0,0.0,0.0,1.0,1.0,1.0,2.0,2.0,3.0,5.0,inferred
Isle of Anglesey,2021-06-06,0.0,0.0,0.0,0.0,0.0,0.0,1.0,1.0,2.0,2.0,2.0,4.0,6.0,inferred
Isle of Anglesey,2021-06-07,0.0,0.0,0.0,0.0,1.0,1.0,1.0,2.0,2.0,3.0,3.0,5.0,8.0,inferred
Isle of Anglesey,2021-06-08,0.0,0.0,0.0,0.0,0.0,1.0,1.0,2.0,2.0,3.0,3.0,5.0,7.0,inferred
Isle of Anglesey,2021-06-09,0.0,0.0,0.0,0.0,1.0,1.0,2.0,2.0,3.0,3.0,4.0,5.0,8.0,inferred
Isle of Anglesey,2021-06-10,0.0,0.0,0.0,1.0,1.0,1.0,2.0,2.0,3.0,3.0,4.0,5.0,8.0,inferred
Isle of Anglesey,2021-06-11,0.0,0.0,0.0,0.0,1.0,1.0,1.0,2.0,2.0,3.0,3.0,5.0,7.0,inferred
Isle of Anglesey,2021-06-12,0.0,0.0,0.0,0.0,0.0,1.0,1.0,1.0,2.0,2.0,3.0,4.0,6.0,inferred
Isle of Anglesey,2021-06-13,0.0,0.0,0.0,0.0,0.0,1.0,1.0,2.0,2.0,3.0,3.0,4.0,7.0,inferred
Isle of Anglesey,2021-06-14,0.0,0.0,0.0,1.0,1.0,1.0,2.0,2.0,3.0,4.0,4.0,5.0,8.0,inferred
Isle of Anglesey,2021-06-15,0.0,0.0,0.0,1.0,1.0,1.0,2.0,2.0,3.0,3.0,4.0,5.0,8.0,inferred
Isle of Anglesey,2021-06-16,0.0,0.0,1.0,1.0,1.0,2.0,2.0,3.0,3.0,4.0,4.0,6.0,9.0,inferred
Isle of Anglesey,2021-06-17,0.0,0.0,1.0,1.0,1.0,1.6,2.0,3.0,3.0,4.0,4.0,6.0,9.0,inferred
Isle of Anglesey,2021-06-18,0.0,0.0,0.0,1.0,1.0,1.0,2.0,2.0,3.0,3.0,4.0,5.0,8.0,inferred
Isle of Wight,2021-03-06,0.0,0.0,1.0,1.0,1.0,2.0,2.0,3.0,3.0,3.0,4.0,5.0,7.0,inferred
Isle of Wight,2021-03-07,0.0,1.0,1.0,1.0,2.0,2.0,3.0,3.0,4.0,4.0,5.0,6.0,8.0,inferred
Isle of Wight,2021-03-08,0.0,1.0,2.0,2.0,2.0,3.0,4.0,4.0,5.0,5.0,6.0,7.0,9.0,inferred
Isle of Wight,2021-03-09,0.0,1.0,2.0,2.0,2.0,3.0,3.0,4.0,5.0,5.0,6.0,7.0,9.0,inferred
Isle of Wight,2021-03-10,0.0,1.0,2.0,2.0,2.0,3.0,4.0,4.0,5.0,5.0,6.0,7.0,9.0,inferred
Isle of Wight,2021-03-11,0.0,1.0,2.0,2.0,2.0,3.0,3.0,4.0,5.0,5.0,6.0,7.0,9.0,inferred
Isle of Wight,2021-03-12,0.0,1.0,1.0,2.0,2.0,2.0,3.0,3.0,4.0,4.0,5.0,6.0,8.0,inferred
Isle of Wight,2021-03-13,0.0,0.0,1.0,1.0,1.0,2.0,2.0,3.0,3.0,4.0,4.0,5.0,7.0,inferred
Isle of Wight,2021-03-14,0.0,1.0,1.0,1.0,2.0,2.0,3.0,3.0,4.0,4.0,5.0,6.0,8.0,inferred
Isle of Wight,2021-03-15,0.0,1.0,2.0,2.0,2.0,3.0,3.0,4.0,4.0,5.0,5.0,7.0,9.0,inferred
Isle of Wight,2021-03-16,0.0,1.0,1.0,2.0,2.0,3.0,3.0,4.0,4.0,5.0,5.0,7.0,9.0,inferred
Isle of Wight,2021-03-17,0.0,1.0,2.0,2.0,2.0,3.0,3.0,4.0,4.0,5.0,5.0,7.0,9.0,inferred
Isle of Wight,2021-03-18,0.0,1.0,1.0,2.0,2.0,2.0,3.0,4.0,4.0,5.0,5.0,6.0,9.0,inferred
Isle of Wight,2021-03-19,0.0,1.0,1.0,1.0,2.0,2.0,3.0,3.0,4.0,4.0,5.0,6.0,8.0,inferred
Isle of Wight,2021-03-20,0.0,0.0,1.0,1.0,1.0,2.0,2.0,3.0,3.0,3.0,4.0,5.0,7.0,inferred
Isle of Wight,2021-03-21,0.0,1.0,1.0,1.0,2.0,2.0,3.0,3.0,4.0,4.0,5.0,6.0,8.0,inferred
Isle of Wight,2021-03-22,0.0,1.0,2.0,2.0,2.0,3.0,3.0,4.0,5.0,5.0,5.2,7.0,9.0,inferred
Isle of Wight,2021-03-23,0.0,1.0,2.0,2.0,2.0,3.0,3.0,4.0,5.0,5.0,5.0,7.0,9.0,inferred
Isle of Wight,2021-03-24,0.0,1.0,2.0,2.0,2.0,3.0,3.0,4.0,5.0,5.0,6.0,7.0,9.0,inferred
Isle of Wight,2021-03-25,0.0,1.0,1.0,2.0,2.0,3.0,3.0,4.0,4.0,5.0,5.0,6.0,8.0,inferred
Isle of Wight,2021-03-26,0.0,1.0,1.0,1.0,2.0,2.0,3.0,3.0,4.0,4.0,5.0,6.0,8.0,inferred
Isle of Wight,2021-03-27,0.0,0.0,1.0,1.0,1.0,2.0,2.0,3.0,3.0,3.0,4.0,5.0,7.0,inferred
Isle of Wight,2021-03-28,0.0,0.0,1.0,1.0,1.0,2.0,2.0,3.0,3.0,4.0,4.0,5.0,7.0,inferred
Isle of Wight,2021-03-29,0.0,1.0,1.0,2.0,2.0,2.0,3.0,3.0,4.0,4.0,5.0,6.0,8.0,inferred
Isle of Wight,2021-03-30,0.0,1.0,1.0,2.0,2.0,2.0,3.0,3.4,4.0,5.0,5.0,6.0,9.0,inferred
Isle of Wight,2021-03-31,0.0,1.0,1.0,2.0,2.0,3.0,3.0,4.0,4.0,5.0,5.0,6.0,9.0,inferred
Isle of Wight,2021-04-01,0.0,1.0,1.0,2.0,2.0,2.0,3.0,3.0,4.0,4.0,5.0,6.0,8.0,inferred
Isle of Wight,2021-04-02,0.0,0.0,1.0,1.0,1.0,2.0,2.0,3.0,4.0,4.0,4.0,5.0,8.0,inferred
Isle of Wight,2021-04-03,0.0,0.0,1.0,1.0,1.0,1.0,2.0,2.0,3.0,3.0,4.0,5.0,7.0,inferred
Isle of Wight,2021-04-04,0.0,0.0,1.0,1.0,1.0,2.0,2.0,3.0,3.0,4.0,4.0,5.0,8.0,inferred
Isle of Wight,2021-04-05,0.0,1.0,1.0,1.0,2.0,2.0,3.0,3.0,4.0,4.0,5.0,6.0,8.0,inferred
Isle of Wight,2021-04-06,0.0,1.0,1.0,1.0,2.0,2.0,3.0,3.0,4.0,4.0,5.0,6.0,8.0,inferred
Isle of Wight,2021-04-07,0.0,1.0,1.0,2.0,2.0,2.0,3.0,3.0,4.0,4.0,5.0,6.0,8.0,inferred
Isle of Wight,2021-04-08,0.0,1.0,1.0,1.0,2.0,2.0,2.0,3.0,4.0,4.0,4.0,5.0,7.0,inferred
Isle of Wight,2021-04-09,0.0,0.0,1.0,1.0,1.0,2.0,2.0,2.0,3.0,3.0,4.0,5.0,7.0,inferred
Isle of Wight,2021-04-10,0.0,0.0,0.0,1.0,1.0,1.0,2.0,2.0,2.0,3.0,3.0,4.0,6.0,inferred
Isle of Wight,2021-04-11,0.0,0.0,1.0,1.0,1.0,1.0,2.0,2.0,3.0,3.0,3.0,4.0,6.0,inferred
Isle of Wight,2021-04-12,0.0,0.0,1.0,1.0,1.0,2.0,2.0,3.0,3.0,4.0,4.0,5.0,7.0,inferred
Isle of Wight,2021-04-13,0.0,0.0,1.0,1.0,1.0,2.0,2.0,3.0,3.0,3.0,4.0,5.0,7.0,inferred
Isle of Wight,2021-04-14,0.0,0.0,1.0,1.0,1.0,2.0,2.0,3.0,3.0,3.0,4.0,5.0,7.0,inferred
Isle of Wight,2021-04-15,0.0,0.0,1.0,1.0,1.0,2.0,2.0,2.0,3.0,3.0,4.0,5.0,7.0,inferred
Isle of Wight,2021-04-16,0.0,0.0,1.0,1.0,1.0,1.0,2.0,2.0,3.0,3.0,3.0,4.0,6.0,inferred
Isle of Wight,2021-04-17,0.0,0.0,0.0,1.0,1.0,1.0,1.0,2.0,2.0,3.0,3.0,4.0,6.0,inferred
Isle of Wight,2021-04-18,0.0,0.0,1.0,1.0,1.0,1.0,2.0,2.0,3.0,3.0,3.0,4.0,6.0,inferred
Isle of Wight,2021-04-19,0.0,0.0,1.0,1.0,1.0,2.0,2.0,3.0,3.0,4.0,4.0,5.0,7.0,inferred
Isle of Wight,2021-04-20,0.0,0.0,1.0,1.0,1.0,2.0,2.0,3.0,3.0,3.0,4.0,5.0,7.0,inferred
Isle of Wight,2021-04-21,0.0,0.0,1.0,1.0,1.0,2.0,2.0,3.0,3.0,4.0,4.0,5.0,7.0,inferred
Isle of Wight,2021-04-22,0.0,0.0,1.0,1.0,1.0,2.0,2.0,2.0,3.0,3.0,4.0,5.0,7.0,inferred
Isle of Wight,2021-04-23,0.0,0.0,1.0,1.0,1.0,1.0,2.0,2.0,3.0,3.0,3.0,4.0,6.0,inferred
Isle of Wight,2021-04-24,0.0,0.0,0.0,0.0,1.0,1.0,1.0,2.0,2.0,2.0,3.0,4.0,6.0,inferred
Isle of Wight,2021-04-25,0.0,0.0,0.0,1.0,1.0,1.0,2.0,2.0,3.0,3.0,3.0,4.0,6.0,inferred
Isle of Wight,2021-04-26,0.0,0.0,1.0,1.0,1.0,2.0,2.0,2.0,3.0,3.0,4.0,5.0,7.0,inferred
Isle of Wight,2021-04-27,0.0,0.0,1.0,1.0,1.0,1.0,2.0,2.0,3.0,3.0,4.0,4.0,6.0,inferred
Isle of Wight,2021-04-28,0.0,0.0,1.0,1.0,1.0,2.0,2.0,2.0,3.0,3.0,4.0,5.0,7.0,inferred
Isle of Wight,2021-04-29,0.0,0.0,0.0,1.0,1.0,1.0,2.0,2.0,2.0,3.0,3.0,4.0,6.0,inferred
Isle of Wight,2021-04-30,0.0,0.0,0.0,1.0,1.0,1.0,1.0,2.0,2.0,3.0,3.0,4.0,6.0,inferred
Isle of Wight,2021-05-01,0.0,0.0,0.0,0.0,0.0,1.0,1.0,1.0,2.0,2.0,2.0,3.0,5.0,inferred
Isle of Wight,2021-05-02,0.0,0.0,0.0,0.0,1.0,1.0,1.0,2.0,2.0,2.0,3.0,4.0,5.0,inferred
Isle of Wight,2021-05-03,0.0,0.0,1.0,1.0,1.0,1.0,2.0,2.0,3.0,3.0,3.0,4.0,6.0,inferred
Isle of Wight,2021-05-04,0.0,0.0,0.0,1.0,1.0,1.0,2.0,2.0,2.0,3.0,3.0,4.0,6.0,inferred
Isle of Wight,2021-05-05,0.0,0.0,1.0,1.0,1.0,1.0,2.0,2.0,3.0,3.0,3.0,4.0,6.0,inferred
Isle of Wight,2021-05-06,0.0,0.0,0.0,1.0,1.0,1.0,1.0,2.0,2.0,3.0,3.0,4.0,5.0,inferred
Isle of Wight,2021-05-07,0.0,0.0,0.0,0.0,1.0,1.0,1.0,2.0,2.0,2.0,3.0,3.0,5.0,inferred
Isle of Wight,2021-05-08,0.0,0.0,0.0,0.0,0.0,1.0,1.0,1.0,2.0,2.0,2.0,3.0,4.0,inferred
Isle of Wight,2021-05-09,0.0,0.0,0.0,0.0,0.0,1.0,1.0,1.0,2.0,2.0,3.0,3.0,5.0,inferred
Isle of Wight,2021-05-10,0.0,0.0,0.0,1.0,1.0,1.0,1.0,2.0,2.0,3.0,3.0,4.0,6.0,inferred
Isle of Wight,2021-05-11,0.0,0.0,0.0,1.0,1.0,1.0,1.0,2.0,2.0,3.0,3.0,4.0,6.0,inferred
Isle of Wight,2021-05-12,0.0,0.0,0.0,1.0,1.0,1.0,1.0,2.0,2.0,3.0,3.0,4.0,6.0,inferred
Isle of Wight,2021-05-13,0.0,0.0,0.0,1.0,1.0,1.0,1.0,2.0,2.0,2.0,3.0,4.0,5.0,inferred
Isle of Wight,2021-05-14,0.0,0.0,0.0,0.0,0.0,1.0,1.0,1.0,2.0,2.0,2.0,3.0,5.0,inferred
Isle of Wight,2021-05-15,0.0,0.0,0.0,0.0,0.0,1.0,1.0,1.0,1.0,2.0,2.0,3.0,4.0,inferred
Isle of Wight,2021-05-16,0.0,0.0,0.0,0.0,0.0,1.0,1.0,1.0,2.0,2.0,2.0,3.0,5.0,inferred
Isle of Wight,2021-05-17,0.0,0.0,0.0,0.0,1.0,1.0,1.0,2.0,2.0,2.0,3.0,4.0,5.0,inferred
Isle of Wight,2021-05-18,0.0,0.0,0.0,0.0,1.0,1.0,1.0,2.0,2.0,2.0,3.0,4.0,6.0,inferred
Isle of Wight,2021-05-19,0.0,0.0,0.0,1.0,1.0,1.0,1.0,2.0,2.0,3.0,3.0,4.0,5.0,inferred
Isle of Wight,2021-05-20,0.0,0.0,0.0,1.0,1.0,1.0,1.0,2.0,2.0,3.0,3.0,4.0,6.0,inferred
Isle of Wight,2021-05-21,0.0,0.0,0.0,0.0,1.0,1.0,1.0,2.0,2.0,2.0,3.0,4.0,5.0,inferred
Isle of Wight,2021-05-22,0.0,0.0,0.0,0.0,0.0,1.0,1.0,1.0,2.0,2.0,2.0,3.0,5.0,inferred
Isle of Wight,2021-05-23,0.0,0.0,0.0,1.0,1.0,1.0,1.0,2.0,2.0,3.0,3.0,4.0,6.0,inferred
Isle of Wight,2021-05-24,0.0,0.0,1.0,1.0,1.0,1.0,2.0,2.0,3.0,3.0,3.0,5.0,6.0,inferred
Isle of Wight,2021-05-25,0.0,0.0,1.0,1.0,1.0,2.0,2.0,2.0,3.0,3.0,4.0,5.0,7.0,inferred
Isle of Wight,2021-05-26,0.0,0.0,1.0,1.0,1.0,2.0,2.0,3.0,3.0,4.0,4.0,5.0,7.0,inferred
Isle of Wight,2021-05-27,0.0,0.0,1.0,1.0,1.0,2.0,2.0,2.0,3.0,3.0,4.0,5.0,7.0,inferred
Isle of Wight,2021-05-28,0.0,0.0,0.0,1.0,1.0,1.0,2.0,2.0,3.0,3.0,3.0,4.0,6.0,inferred
Isle of Wight,2021-05-29,0.0,0.0,0.0,1.0,1.0,1.0,1.0,2.0,2.0,2.0,3.0,4.0,6.0,inferred
Isle of Wight,2021-05-30,0.0,0.0,0.0,1.0,1.0,1.0,2.0,2.0,3.0,3.0,3.0,4.0,6.0,inferred
Isle of Wight,2021-05-31,0.0,0.0,1.0,1.0,1.0,2.0,2.0,3.0,3.0,3.0,4.0,5.0,7.0,inferred
Isle of Wight,2021-06-01,0.0,0.0,1.0,1.0,1.0,2.0,2.0,2.0,3.0,3.0,4.0,5.0,7.0,inferred
Isle of Wight,2021-06-02,0.0,0.0,1.0,1.0,1.0,2.0,2.0,2.0,3.0,3.0,4.0,5.0,7.0,inferred
Isle of Wight,2021-06-03,0.0,0.0,1.0,1.0,1.0,1.6,2.0,2.0,3.0,3.0,4.0,5.0,6.0,inferred
Isle of Wight,2021-06-04,0.0,0.0,1.0,1.0,1.0,1.0,2.0,2.0,3.0,3.0,3.0,4.0,6.0,inferred
Isle of Wight,2021-06-05,0.0,0.0,0.0,1.0,1.0,1.0,1.0,2.0,2.0,3.0,3.0,4.0,6.0,inferred
Isle of Wight,2021-06-06,0.0,0.0,1.0,1.0,1.0,1.0,2.0,2.0,3.0,3.0,3.0,4.0,6.0,inferred
Isle of Wight,2021-06-07,0.0,0.0,1.0,1.0,1.0,2.0,2.0,3.0,3.0,4.0,4.0,5.0,7.0,inferred
Isle of Wight,2021-06-08,0.0,0.0,1.0,1.0,1.0,2.0,2.0,3.0,3.0,4.0,4.0,5.0,7.0,inferred
Isle of Wight,2021-06-09,0.0,1.0,1.0,1.0,2.0,2.0,2.5,3.0,4.0,4.0,4.0,6.0,8.0,inferred
Isle of Wight,2021-06-10,0.0,0.0,1.0,1.0,2.0,2.0,2.0,3.0,4.0,4.0,4.0,5.0,7.0,inferred
Isle of Wight,2021-06-11,0.0,0.0,1.0,1.0,1.0,2.0,2.0,3.0,3.0,3.0,4.0,5.0,7.0,inferred
Isle of Wight,2021-06-12,0.0,0.0,1.0,1.0,1.0,1.0,2.0,2.0,3.0,3.0,3.0,4.0,6.0,inferred
Isle of Wight,2021-06-13,0.0,0.0,1.0,1.0,1.0,2.0,2.0,3.0,3.0,4.0,4.0,5.0,7.0,inferred
Isle of Wight,2021-06-14,0.0,1.0,1.0,2.0,2.0,2.0,3.0,3.0,4.0,5.0,5.0,6.0,9.0,inferred
Isle of Wight,2021-06-15,0.0,1.0,1.0,1.0,2.0,2.0,3.0,3.0,4.0,4.0,5.0,6.0,8.0,inferred
Isle of Wight,2021-06-16,0.0,1.0,1.0,2.0,2.0,2.0,3.0,4.0,4.0,5.0,5.0,6.0,9.0,inferred
Isle of Wight,2021-06-17,0.0,1.0,1.0,2.0,2.0,2.0,3.0,3.0,4.0,4.0,5.0,6.0,8.0,inferred
Isle of Wight,2021-06-18,0.0,0.0,1.0,1.0,2.0,2.0,2.0,3.0,4.0,4.0,5.0,6.0,8.0,inferred
Isles of Scilly,2021-03-06,1.0,2.0,4.0,4.0,5.0,6.0,7.0,8.0,9.0,10.0,10.0,13.0,16.0,inferred
Isles of Scilly,2021-03-07,2.0,4.0,6.0,7.0,7.0,8.0,10.0,11.0,12.0,13.0,14.0,17.0,22.0,inferred
Isles of Scilly,2021-03-08,4.0,7.0,8.0,9.0,10.0,11.0,12.0,14.0,15.0,16.0,18.0,21.0,27.5,inferred
Isles of Scilly,2021-03-09,3.0,5.0,7.0,8.0,8.0,10.0,11.0,12.0,14.0,14.2,15.0,18.0,24.0,inferred
Isles of Scilly,2021-03-10,5.0,7.0,9.0,10.0,11.0,12.0,13.0,15.0,16.0,17.0,18.0,22.0,27.0,inferred
Isles of Scilly,2021-03-11,4.0,6.0,8.0,9.0,10.0,11.0,12.0,14.0,15.0,17.0,18.0,21.0,26.0,inferred
Isles of Scilly,2021-03-12,3.0,5.0,7.0,8.0,8.0,10.0,11.0,12.0,13.0,14.0,15.0,18.0,23.0,inferred
Isles of Scilly,2021-03-13,1.5,3.0,5.0,5.0,6.0,7.0,8.0,9.0,10.0,11.0,12.0,15.0,20.0,inferred
Isles of Scilly,2021-03-14,3.0,5.0,7.0,8.0,8.0,10.0,11.0,12.0,14.0,15.0,16.0,19.0,23.0,inferred
Isles of Scilly,2021-03-15,5.0,7.0,9.0,10.0,11.0,12.0,14.0,16.0,17.0,19.0,20.0,23.0,28.0,inferred
Isles of Scilly,2021-03-16,3.5,6.0,8.0,8.0,9.0,10.0,12.0,13.0,15.0,16.0,17.0,20.0,25.0,inferred
Isles of Scilly,2021-03-17,4.5,7.0,10.0,10.0,11.0,13.0,14.0,16.0,17.3,19.0,20.0,23.0,29.0,inferred
Isles of Scilly,2021-03-18,5.0,7.0,9.0,10.0,10.0,12.0,13.0,15.0,17.0,18.0,19.0,22.0,28.0,inferred
Isles of Scilly,2021-03-19,3.0,5.0,7.0,7.0,8.0,9.0,11.0,12.0,14.0,15.0,16.0,19.0,24.0,inferred
Isles of Scilly,2021-03-20,2.0,4.0,5.0,6.0,6.0,7.0,9.0,10.0,11.0,12.0,13.0,15.0,20.0,inferred
Isles of Scilly,2021-03-21,3.0,5.0,8.0,8.0,9.0,10.0,12.0,13.0,15.0,15.0,16.0,19.0,24.5,inferred
Isles of Scilly,2021-03-22,5.0,8.0,10.0,11.0,11.7,13.0,14.0,16.0,18.0,19.0,20.0,24.0,30.0,inferred
Isles of Scilly,2021-03-23,4.0,6.0,8.0,9.0,9.0,11.0,12.0,13.0,15.0,16.0,17.0,20.0,25.0,inferred
Isles of Scilly,2021-03-24,5.0,7.0,9.0,10.0,11.0,12.0,14.0,16.0,17.0,18.0,19.0,23.0,28.0,inferred
Isles of Scilly,2021-03-25,4.0,6.0,8.0,9.0,10.0,11.0,13.0,14.0,16.0,17.0,18.0,21.0,27.5,inferred
Isles of Scilly,2021-03-26,2.0,5.0,6.0,7.0,8.0,9.0,10.0,11.0,13.0,13.2,15.0,17.0,22.5,inferred
Isles of Scilly,2021-03-27,1.0,3.0,4.0,5.0,5.0,6.0,7.0,8.0,10.0,10.0,11.0,14.0,19.0,inferred
Isles of Scilly,2021-03-28,3.0,5.0,6.0,7.0,7.0,8.0,10.0,11.0,12.0,13.0,14.0,17.0,22.0,inferred
Isles of Scilly,2021-03-29,4.0,6.0,7.0,8.0,9.0,10.0,11.5,13.0,14.0,15.0,16.0,19.0,24.0,inferred
Isles of Scilly,2021-03-30,2.0,4.0,6.0,6.0,7.0,8.0,10.0,11.0,12.0,13.0,14.0,17.0,23.0,inferred
Isles of Scilly,2021-03-31,3.0,5.0,7.0,8.0,8.0,10.0,11.0,12.0,14.0,15.0,16.0,18.1,23.0,inferred
Isles of Scilly,2021-04-01,2.0,4.0,6.0,6.0,7.0,8.0,10.0,11.0,12.0,13.0,14.0,17.0,22.0,inferred
Isles of Scilly,2021-04-02,1.0,3.0,4.0,5.0,5.0,7.0,8.0,9.0,10.0,11.0,12.0,14.0,19.0,inferred
Isles of Scilly,2021-04-03,1.0,2.0,3.0,3.0,4.0,5.0,6.0,7.0,8.0,8.0,9.0,11.0,15.0,inferred
Isles of Scilly,2021-04-04,1.0,3.0,4.0,5.0,5.0,6.0,7.0,8.0,9.0,10.0,11.0,14.0,18.0,inferred
Isles of Scilly,2021-04-05,2.0,4.0,5.0,6.0,6.0,8.0,9.0,10.0,11.0,12.0,13.0,16.0,21.0,inferred
Isles of Scilly,2021-04-06,1.0,3.0,4.0,5.0,5.0,6.0,7.0,8.4,10.0,10.0,11.0,14.0,18.0,inferred
Isles of Scilly,2021-04-07,2.0,3.0,5.0,6.0,6.0,7.0,8.0,10.0,11.0,12.0,13.0,15.0,20.0,inferred
Isles of Scilly,2021-04-08,1.0,3.0,4.0,5.0,5.0,7.0,8.0,9.0,10.0,11.0,12.0,14.0,19.0,inferred
Isles of Scilly,2021-04-09,1.0,2.0,3.0,4.0,4.0,5.0,6.0,7.0,8.0,9.0,10.0,12.0,16.0,inferred
Isles of Scilly,2021-04-10,0.0,1.0,2.0,3.0,3.0,4.0,5.0,5.0,7.0,7.0,8.0,10.0,13.0,inferred
Isles of Scilly,2021-04-11,1.0,2.0,3.0,4.0,4.0,5.0,6.0,7.0,9.0,9.2,10.0,13.0,17.0,inferred
Isles of Scilly,2021-04-12,2.0,3.0,4.0,5.0,6.0,7.0,8.0,9.0,11.0,12.0,13.0,15.0,20.0,inferred
Isles of Scilly,2021-04-13,1.0,3.0,4.0,4.0,5.0,6.0,7.0,8.0,9.0,10.0,11.0,13.0,17.0,inferred
Isles of Scilly,2021-04-14,2.0,3.0,5.0,5.0,6.0,7.0,8.0,9.0,11.0,12.0,13.0,15.0,20.0,inferred
Isles of Scilly,2021-04-15,1.0,3.0,4.0,5.0,5.0,6.0,7.0,8.0,10.0,11.0,12.0,14.0,18.0,inferred
Isles of Scilly,2021-04-16,1.0,2.0,3.0,4.0,4.0,5.0,6.0,7.0,8.0,9.0,10.0,12.0,16.0,inferred
Isles of Scilly,2021-04-17,0.0,1.0,2.0,2.0,3.0,3.6,4.0,5.0,6.0,7.0,8.0,10.0,14.0,inferred
Isles of Scilly,2021-04-18,1.0,2.0,3.0,4.0,4.0,5.0,6.0,7.0,8.0,9.0,10.0,12.0,17.0,inferred
Isles of Scilly,2021-04-19,1.0,3.0,4.0,5.0,5.0,6.0,8.0,9.0,10.0,11.0,12.0,15.0,20.0,inferred
Isles of Scilly,2021-04-20,1.0,2.0,3.0,4.0,4.0,5.0,6.0,7.0,8.3,9.0,10.0,12.1,17.0,inferred
Isles of Scilly,2021-04-21,1.0,3.0,4.0,4.0,5.0,6.0,7.0,8.0,10.0,10.0,11.0,14.0,19.0,inferred
Isles of Scilly,2021-04-22,1.0,2.0,3.0,4.0,4.0,5.6,6.0,8.0,9.0,10.0,10.0,13.0,17.0,inferred
Isles of Scilly,2021-04-23,0.0,2.0,3.0,3.0,3.0,4.0,5.0,6.0,7.0,8.0,9.0,11.0,15.0,inferred
Isles of Scilly,2021-04-24,0.0,1.0,2.0,2.0,2.0,3.0,4.0,4.0,5.0,6.0,6.0,8.0,12.0,inferred
Isles of Scilly,2021-04-25,0.0,1.0,2.0,3.0,3.0,4.0,5.0,6.0,7.0,8.0,9.0,11.0,14.5,inferred
Isles of Scilly,2021-04-26,1.0,2.0,3.0,4.0,4.0,5.0,6.0,7.0,9.0,9.0,10.0,13.0,16.0,inferred
Isles of Scilly,2021-04-27,0.0,1.0,3.0,3.0,3.0,4.0,5.0,6.0,7.0,8.0,8.0,11.0,15.0,inferred
Isles of Scilly,2021-04-28,1.0,2.0,3.0,3.0,4.0,5.0,6.0,7.0,8.0,9.0,10.0,12.0,16.5,inferred
Isles of Scilly,2021-04-29,0.0,2.0,3.0,3.0,4.0,4.0,5.0,6.0,7.0,8.0,9.0,11.0,15.0,inferred
Isles of Scilly,2021-04-30,0.0,1.0,2.0,2.0,3.0,4.0,4.0,5.0,6.0,7.0,7.0,9.0,13.0,inferred
Isles of Scilly,2021-05-01,0.0,0.0,1.0,1.0,2.0,2.0,3.0,4.0,5.0,5.0,6.0,8.0,11.5,inferred
Isles of Scilly,2021-05-02,0.0,1.0,2.0,2.0,3.0,3.0,4.0,5.0,6.0,6.0,7.0,9.0,13.0,inferred
Isles of Scilly,2021-05-03,0.0,1.0,2.0,3.0,3.0,4.0,5.0,6.0,7.0,8.0,9.0,11.0,14.0,inferred
Isles of Scilly,2021-05-04,0.0,1.0,2.0,2.0,3.0,3.0,4.0,5.0,6.0,7.0,7.0,10.0,14.0,inferred
Isles of Scilly,2021-05-05,0.0,1.0,2.0,3.0,3.0,4.0,5.0,6.0,7.0,8.0,9.0,11.0,15.0,inferred
Isles of Scilly,2021-05-06,0.0,1.0,2.0,2.0,3.0,3.0,4.0,5.0,6.0,7.0,8.0,10.0,14.0,inferred
Isles of Scilly,2021-05-07,0.0,1.0,1.0,2.0,2.0,3.0,4.0,4.0,5.0,6.0,6.0,8.0,12.0,inferred
Isles of Scilly,2021-05-08,0.0,0.0,1.0,1.0,1.0,2.0,2.0,3.0,4.0,5.0,5.0,7.0,10.0,inferred
Isles of Scilly,2021-05-09,0.0,1.0,1.0,2.0,2.0,3.0,4.0,4.0,6.0,6.0,7.0,9.0,13.0,inferred
Isles of Scilly,2021-05-10,0.0,1.0,2.0,3.0,3.0,4.0,4.0,5.0,6.0,7.0,8.0,10.0,14.0,inferred
Isles of Scilly,2021-05-11,0.0,1.0,1.0,2.0,2.0,3.0,4.0,4.0,5.0,6.0,7.0,9.0,12.0,inferred
Isles of Scilly,2021-05-12,0.0,1.0,2.0,2.0,3.0,3.0,4.0,5.0,6.0,7.0,7.0,10.0,14.0,inferred
Isles of Scilly,2021-05-13,0.0,1.0,2.0,2.0,2.0,3.0,4.0,5.0,6.0,6.0,7.0,9.0,13.0,inferred
Isles of Scilly,2021-05-14,0.0,1.0,1.0,1.0,2.0,2.0,3.0,4.0,5.0,5.0,6.0,8.0,11.0,inferred
Isles of Scilly,2021-05-15,0.0,0.0,1.0,1.0,1.0,1.0,2.0,3.0,3.3,4.0,5.0,6.0,9.0,inferred
Isles of Scilly,2021-05-16,0.0,0.0,1.0,1.0,2.0,2.0,3.0,4.0,5.0,5.0,6.0,8.0,12.0,inferred
Isles of Scilly,2021-05-17,0.0,1.0,2.0,2.0,2.0,3.0,4.0,5.0,6.0,6.0,7.0,9.0,12.0,inferred
Isles of Scilly,2021-05-18,0.0,0.0,1.0,1.0,2.0,2.0,3.0,4.0,5.0,5.0,6.0,8.0,12.0,inferred
Isles of Scilly,2021-05-19,0.0,1.0,2.0,2.0,2.0,3.0,4.0,5.0,6.0,6.0,7.0,9.0,12.0,inferred
Isles of Scilly,2021-05-20,0.0,1.0,1.0,2.0,2.0,3.0,3.0,4.0,5.0,6.0,6.0,8.0,13.0,inferred
Isles of Scilly,2021-05-21,0.0,0.0,1.0,2.0,2.0,2.0,3.0,4.0,5.0,5.0,6.0,7.0,11.0,inferred
Isles of Scilly,2021-05-22,0.0,0.0,0.0,1.0,1.0,1.0,2.0,3.0,3.0,4.0,4.0,6.0,9.0,inferred
Isles of Scilly,2021-05-23,0.0,0.0,1.0,1.0,2.0,2.0,3.0,4.0,5.0,5.0,6.0,8.0,11.0,inferred
Isles of Scilly,2021-05-24,0.0,1.0,1.0,2.0,2.0,3.0,4.0,4.0,5.0,6.0,7.0,8.1,12.0,inferred
Isles of Scilly,2021-05-25,0.0,1.0,1.0,1.0,2.0,2.0,3.0,4.0,5.0,5.0,6.0,8.0,12.0,inferred
Isles of Scilly,2021-05-26,0.0,1.0,2.0,2.0,2.0,3.0,4.0,5.0,6.0,6.0,7.0,9.0,13.0,inferred
Isles of Scilly,2021-05-27,0.0,1.0,2.0,2.0,2.0,3.0,4.0,5.0,6.0,7.0,7.0,9.0,13.0,inferred
Isles of Scilly,2021-05-28,0.0,1.0,1.0,2.0,2.0,3.0,4.0,4.0,5.0,6.0,6.0,9.0,12.5,inferred
Isles of Scilly,2021-05-29,0.0,0.0,1.0,1.0,1.7,2.0,3.0,3.0,4.0,5.0,6.0,7.0,11.0,inferred
Isles of Scilly,2021-05-30,0.0,1.0,2.0,2.0,3.0,4.0,5.0,6.0,7.0,7.0,8.0,10.0,14.0,inferred
Isles of Scilly,2021-05-31,1.0,2.0,3.0,4.0,4.0,5.0,6.0,7.0,9.0,10.0,10.0,12.0,17.0,inferred
Isles of Scilly,2021-06-01,1.0,2.0,4.0,4.0,5.0,6.0,7.0,8.0,9.0,10.0,11.0,13.0,17.5,inferred
Isles of Scilly,2021-06-02,3.0,5.0,6.0,7.0,8.0,9.0,10.0,12.0,13.0,14.0,15.0,18.0,24.0,inferred
Isles of Scilly,2021-06-03,4.0,6.0,8.0,9.0,10.0,11.0,13.0,14.0,16.0,17.0,18.0,20.1,26.0,inferred
Isles of Scilly,2021-06-04,4.0,7.0,9.0,10.0,11.0,12.0,14.0,15.0,17.0,18.0,19.0,22.0,27.0,inferred
Isles of Scilly,2021-06-05,5.0,7.0,9.0,9.0,10.0,11.0,13.0,14.0,16.0,17.0,18.0,21.0,27.0,inferred
Isles of Scilly,2021-06-06,10.0,14.0,17.0,18.0,19.0,20.0,22.0,24.0,27.0,28.0,29.0,34.0,41.0,inferred
Isles of Scilly,2021-06-07,19.0,24.0,28.0,29.0,31.0,33.0,35.0,38.0,41.0,43.0,44.0,49.0,57.5,inferred
Isles of Scilly,2021-06-08,20.0,26.0,30.0,31.0,33.0,35.0,38.0,40.0,43.0,45.0,47.0,52.0,60.0,inferred
Isles of Scilly,2021-06-09,32.5,40.0,44.0,46.0,48.0,51.0,54.0,57.0,60.0,62.0,65.0,70.0,81.0,inferred
Isles of Scilly,2021-06-10,39.0,45.0,50.0,52.0,54.0,58.0,61.0,64.0,68.0,70.0,72.0,78.0,89.0,inferred
Isles of Scilly,2021-06-11,39.0,46.0,51.0,53.0,55.0,58.0,61.0,64.0,67.0,69.0,72.0,78.0,88.0,inferred
Isles of Scilly,2021-06-12,34.0,41.0,45.0,48.0,50.0,53.0,55.0,59.0,62.0,64.0,66.0,72.0,81.0,inferred
Isles of Scilly,2021-06-13,60.0,70.0,76.0,78.0,80.0,85.0,89.0,93.0,97.0,99.0,102.0,110.0,123.0,inferred
Isles of Scilly,2021-06-14,93.0,106.0,115.0,117.0,121.0,125.0,131.0,135.0,140.0,143.0,147.0,157.0,171.0,inferred
Isles of Scilly,2021-06-15,91.0,103.0,110.0,113.0,116.0,121.0,126.0,131.0,136.0,139.0,141.0,150.0,164.0,inferred
Isles of Scilly,2021-06-16,118.5,132.0,141.0,145.0,148.0,154.0,158.0,164.0,170.0,174.0,178.0,189.0,204.0,inferred
Isles of Scilly,2021-06-17,118.5,132.0,141.8,145.0,147.7,152.0,158.0,162.4,169.0,173.0,177.0,186.0,202.0,inferred
Isles of Scilly,2021-06-18,104.0,116.0,125.0,128.0,131.0,137.0,143.0,148.0,155.0,159.0,163.0,173.0,189.5,inferred
Islington,2021-03-06,2.0,3.0,4.0,5.0,5.0,6.0,7.0,8.0,8.0,9.0,9.0,11.0,14.0,inferred
Islington,2021-03-07,2.0,4.0,5.0,6.0,6.0,7.0,8.0,9.0,10.0,10.0,11.0,13.0,16.0,inferred
Islington,2021-03-08,3.0,5.0,7.0,7.0,8.0,9.0,10.0,11.0,12.0,13.0,13.0,15.0,18.0,inferred
Islington,2021-03-09,4.0,5.0,7.0,7.0,8.0,9.0,10.0,11.0,12.0,13.0,13.0,16.0,19.0,inferred
Islington,2021-03-10,3.0,5.0,7.0,8.0,8.0,9.0,10.0,11.0,12.0,13.0,14.0,15.0,19.0,inferred
Islington,2021-03-11,3.0,5.0,6.0,7.0,7.0,8.0,9.0,11.0,12.0,12.0,13.0,15.0,18.0,inferred
Islington,2021-03-12,3.0,4.0,6.0,6.0,7.0,8.0,8.0,9.0,10.0,11.0,12.0,14.0,17.0,inferred
Islington,2021-03-13,2.0,4.0,5.0,5.0,6.0,6.0,7.0,8.0,9.0,10.0,10.0,12.0,15.0,inferred
Islington,2021-03-14,3.0,4.0,5.0,6.0,6.0,7.0,8.0,9.0,10.0,11.0,12.0,14.0,16.0,inferred
Islington,2021-03-15,4.0,6.0,7.0,8.0,9.0,10.0,11.0,12.0,13.0,14.0,14.0,17.0,21.0,inferred
Islington,2021-03-16,4.0,6.0,7.0,8.0,9.0,10.0,11.0,12.0,13.0,14.0,15.0,17.0,21.0,inferred
Islington,2021-03-17,4.0,6.0,8.0,9.0,9.0,10.0,11.0,12.0,13.0,14.0,15.0,17.0,21.0,inferred
Islington,2021-03-18,4.0,6.0,7.0,8.0,8.0,10.0,11.0,12.0,13.0,13.0,14.0,16.0,19.0,inferred
Islington,2021-03-19,3.0,5.0,6.0,7.0,7.0,8.0,9.0,10.0,11.0,12.0,13.0,15.0,18.0,inferred
Islington,2021-03-20,2.0,4.0,5.0,6.0,6.0,7.0,8.0,9.0,9.0,10.0,11.0,12.0,15.0,inferred
Islington,2021-03-21,3.0,4.0,6.0,6.0,7.0,8.0,8.0,9.0,10.0,11.0,12.0,13.0,17.0,inferred
Islington,2021-03-22,4.0,6.0,7.0,8.0,9.0,10.0,11.0,12.0,13.0,14.0,15.0,17.0,20.0,inferred
Islington,2021-03-23,4.0,6.0,8.0,8.0,9.0,10.0,11.0,12.0,13.0,13.0,14.0,16.0,20.0,inferred
Islington,2021-03-24,4.0,6.0,7.0,8.0,8.0,9.0,10.0,11.0,12.0,13.0,14.0,16.0,19.0,inferred
Islington,2021-03-25,3.0,5.0,6.0,7.0,7.0,8.0,9.0,10.0,12.0,12.0,13.0,15.0,18.0,inferred
Islington,2021-03-26,2.0,4.0,5.0,6.0,6.0,7.0,8.0,9.0,10.0,10.0,11.0,13.0,16.0,inferred
Islington,2021-03-27,2.0,3.0,4.0,4.0,5.0,5.0,6.0,7.0,8.0,8.0,9.0,10.0,14.0,inferred
Islington,2021-03-28,2.0,3.0,4.0,5.0,5.0,6.0,7.0,7.0,8.0,9.0,9.0,11.0,14.0,inferred
Islington,2021-03-29,3.0,4.0,5.0,6.0,7.0,7.0,8.0,9.0,10.0,11.0,12.0,14.0,17.0,inferred
Islington,2021-03-30,2.0,4.0,5.0,6.0,6.0,7.0,8.0,9.0,10.0,10.0,11.0,13.0,16.0,inferred
Islington,2021-03-31,2.0,4.0,5.0,6.0,6.0,7.0,8.0,9.0,10.0,10.0,11.0,13.0,16.0,inferred
Islington,2021-04-01,2.0,3.0,4.0,5.0,5.0,6.0,7.0,8.0,9.0,9.0,10.0,12.0,15.5,inferred
Islington,2021-04-02,1.0,2.0,3.0,4.0,4.0,5.0,6.0,7.0,8.0,8.0,8.2,10.0,12.5,inferred
Islington,2021-04-03,1.0,2.0,3.0,3.0,3.0,4.0,5.0,5.0,6.0,7.0,7.0,9.0,11.0,inferred
Islington,2021-04-04,1.0,2.0,3.0,4.0,4.0,4.0,5.0,6.0,7.0,7.0,8.0,10.0,12.0,inferred
Islington,2021-04-05,2.0,3.0,4.0,5.0,5.0,6.0,6.0,7.0,8.0,9.0,9.0,11.0,14.0,inferred
Islington,2021-04-06,2.0,3.0,4.0,4.0,5.0,6.0,6.0,7.0,8.0,9.0,9.0,11.0,14.0,inferred
Islington,2021-04-07,1.5,3.0,4.0,5.0,5.0,6.0,7.0,7.0,8.0,9.0,10.0,11.0,14.5,inferred
Islington,2021-04-08,1.0,3.0,4.0,4.0,5.0,5.0,6.0,7.0,8.0,8.0,9.0,11.0,14.0,inferred
Islington,2021-04-09,1.0,2.0,3.0,4.0,4.0,5.0,5.0,6.0,7.0,8.0,8.0,10.0,13.0,inferred
Islington,2021-04-10,1.0,2.0,3.0,3.0,3.0,4.0,4.0,5.0,6.0,6.0,7.0,8.0,11.0,inferred
Islington,2021-04-11,1.0,2.0,3.0,3.0,4.0,4.0,5.0,6.0,6.0,7.0,7.0,9.0,12.0,inferred
Islington,2021-04-12,1.5,3.0,4.0,4.0,5.0,6.0,6.0,7.0,8.0,9.0,9.0,11.0,14.0,inferred
Islington,2021-04-13,1.0,3.0,4.0,4.0,5.0,5.0,6.0,7.0,8.0,9.0,9.0,11.0,14.0,inferred
Islington,2021-04-14,1.0,3.0,4.0,4.0,5.0,5.0,6.0,7.0,8.0,9.0,9.0,11.0,14.0,inferred
Islington,2021-04-15,1.0,2.0,3.0,4.0,4.0,5.0,6.0,6.0,7.0,8.0,8.0,10.0,13.0,inferred
Islington,2021-04-16,1.0,2.0,3.0,3.0,4.0,4.0,5.0,6.0,7.0,7.0,8.0,9.0,12.0,inferred
Islington,2021-04-17,0.0,1.0,2.0,2.0,3.0,3.0,4.0,5.0,5.0,6.0,6.0,8.0,10.0,inferred
Islington,2021-04-18,1.0,2.0,3.0,3.0,3.0,4.0,5.0,5.0,6.0,7.0,7.0,8.0,11.0,inferred
Islington,2021-04-19,1.0,3.0,4.0,4.0,5.0,5.0,6.0,7.0,8.0,8.0,9.0,11.0,14.0,inferred
Islington,2021-04-20,1.0,2.0,3.0,4.0,4.0,5.0,6.0,7.0,7.0,8.0,8.0,10.0,13.0,inferred
Islington,2021-04-21,1.0,2.0,3.0,4.0,4.0,5.0,6.0,7.0,8.0,8.0,9.0,11.0,13.0,inferred
Islington,2021-04-22,1.0,2.0,3.0,4.0,4.0,5.0,5.0,6.0,7.0,8.0,8.0,10.0,13.0,inferred
Islington,2021-04-23,1.0,2.0,3.0,3.0,3.0,4.0,5.0,5.0,6.0,7.0,7.0,9.0,11.0,inferred
Islington,2021-04-24,0.0,1.0,2.0,2.0,3.0,3.0,4.0,4.0,5.0,5.0,6.0,7.0,10.0,inferred
Islington,2021-04-25,1.0,1.0,2.0,3.0,3.0,4.0,4.0,5.0,6.0,6.0,7.0,8.0,10.0,inferred
Islington,2021-04-26,1.0,2.0,3.0,3.0,4.0,5.0,5.0,6.0,7.0,7.2,8.0,10.0,13.0,inferred
Islington,2021-04-27,1.0,2.0,3.0,3.0,4.0,4.0,5.0,6.0,7.0,7.0,8.0,10.0,12.5,inferred
Islington,2021-04-28,1.0,2.0,3.0,4.0,4.0,5.0,5.0,6.0,7.0,7.0,8.0,9.0,12.0,inferred
Islington,2021-04-29,1.0,2.0,3.0,3.0,3.0,4.0,5.0,5.0,6.0,7.0,7.0,9.0,12.0,inferred
Islington,2021-04-30,0.0,2.0,2.0,3.0,3.0,4.0,4.0,5.0,6.0,6.0,7.0,8.0,11.0,inferred
Islington,2021-05-01,0.0,1.0,2.0,2.0,2.0,3.0,3.0,4.0,5.0,5.0,6.0,7.0,9.5,inferred
Islington,2021-05-02,0.0,1.0,2.0,2.0,3.0,3.0,4.0,5.0,5.0,6.0,6.0,8.0,10.0,inferred
Islington,2021-05-03,1.0,2.0,3.0,3.0,4.0,4.0,5.0,6.0,7.0,7.0,8.0,10.0,12.0,inferred
Islington,2021-05-04,1.0,2.0,3.0,3.0,4.0,4.6,5.0,6.0,7.0,7.0,8.0,9.0,12.0,inferred
Islington,2021-05-05,1.0,2.0,3.0,3.0,4.0,5.0,5.0,6.0,7.0,7.0,8.0,9.0,12.0,inferred
Islington,2021-05-06,1.0,2.0,3.0,3.0,3.0,4.0,5.0,5.0,6.0,6.0,7.0,9.0,11.0,inferred
Islington,2021-05-07,0.0,1.0,2.0,3.0,3.0,4.0,4.0,5.0,6.0,6.0,7.0,8.0,10.0,inferred
Islington,2021-05-08,0.0,1.0,2.0,2.0,2.0,3.0,3.0,4.0,5.0,5.0,5.0,7.0,9.0,inferred
Islington,2021-05-09,0.0,1.0,2.0,2.0,3.0,3.0,4.0,4.0,5.0,5.0,6.0,7.0,10.0,inferred
Islington,2021-05-10,1.0,2.0,3.0,3.0,3.0,4.0,5.0,5.0,6.0,7.0,7.0,9.0,11.0,inferred
Islington,2021-05-11,0.0,2.0,2.0,3.0,3.0,4.0,4.0,5.0,6.0,7.0,7.0,9.0,11.0,inferred
Islington,2021-05-12,0.0,2.0,2.0,3.0,3.0,4.0,4.0,5.0,6.0,6.0,7.0,8.0,11.0,inferred
Islington,2021-05-13,1.0,1.0,2.0,3.0,3.0,3.0,4.0,5.0,6.0,6.0,6.0,8.0,10.0,inferred
Islington,2021-05-14,0.0,1.0,2.0,2.0,2.0,3.0,3.0,4.0,5.0,5.0,6.0,7.0,10.0,inferred
Islington,2021-05-15,0.0,1.0,1.0,2.0,2.0,2.0,3.0,4.0,4.0,5.0,5.0,6.0,9.0,inferred
Islington,2021-05-16,0.0,1.0,2.0,2.0,2.0,3.0,3.0,4.0,5.0,5.0,5.0,7.0,9.0,inferred
Islington,2021-05-17,0.5,2.0,2.0,3.0,3.0,4.0,4.0,5.0,6.0,6.0,7.0,8.0,10.5,inferred
Islington,2021-05-18,1.0,2.0,2.0,3.0,3.0,4.0,4.0,5.0,6.0,6.0,7.0,8.0,11.0,inferred
Islington,2021-05-19,1.0,2.0,3.0,3.0,3.0,4.0,5.0,5.0,6.0,7.0,7.0,9.0,11.0,inferred
Islington,2021-05-20,1.0,2.0,3.0,3.0,3.0,4.0,5.0,5.0,6.0,7.0,7.0,9.0,11.0,inferred
Islington,2021-05-21,0.0,1.0,2.0,3.0,3.0,4.0,4.0,5.0,6.0,6.0,7.0,9.0,12.0,inferred
Islington,2021-05-22,0.0,1.0,2.0,2.0,3.0,3.0,4.0,4.0,5.0,6.0,6.0,7.0,10.0,inferred
Islington,2021-05-23,1.0,2.0,3.0,3.0,3.0,4.0,5.0,5.0,6.0,6.0,7.0,8.0,11.5,inferred
Islington,2021-05-24,2.0,3.0,4.0,5.0,5.0,6.0,7.0,8.0,8.0,9.0,10.0,11.0,14.0,inferred
Islington,2021-05-25,2.0,4.0,5.0,5.0,6.0,6.0,7.0,8.0,9.0,10.0,10.0,12.0,16.0,inferred
Islington,2021-05-26,3.0,4.0,6.0,6.0,7.0,8.0,9.0,10.0,11.0,11.0,12.0,14.0,17.0,inferred
Islington,2021-05-27,3.0,5.0,6.0,7.0,7.0,8.0,9.0,10.0,11.0,12.0,12.0,15.0,18.0,inferred
Islington,2021-05-28,3.0,5.0,6.0,7.0,7.0,8.0,9.0,10.0,11.0,12.0,13.0,14.0,18.0,inferred
Islington,2021-05-29,2.0,4.0,5.0,6.0,6.0,7.0,8.0,9.0,10.0,11.0,11.0,13.0,16.0,inferred
Islington,2021-05-30,4.0,6.0,7.0,8.0,9.0,10.0,10.0,12.0,13.0,14.0,14.0,16.0,21.0,inferred
Islington,2021-05-31,7.0,9.0,11.0,12.0,13.0,14.0,15.0,16.0,18.0,19.0,20.0,22.0,26.0,inferred
Islington,2021-06-01,8.0,11.0,13.0,14.0,15.0,16.0,17.0,18.0,20.0,21.0,22.0,24.0,29.0,inferred
Islington,2021-06-02,10.0,13.0,15.0,16.0,17.0,18.0,19.0,21.0,22.0,23.0,24.0,27.0,31.0,inferred
Islington,2021-06-03,11.0,13.0,16.0,17.0,17.0,19.0,20.0,22.0,23.0,24.0,25.0,28.0,33.0,inferred
Islington,2021-06-04,11.0,14.0,16.0,16.0,17.0,18.0,20.0,21.0,23.0,24.0,25.0,27.0,31.0,inferred
Islington,2021-06-05,10.0,12.0,14.0,15.0,16.0,17.0,18.0,19.0,21.0,22.0,23.0,26.0,30.0,inferred
Islington,2021-06-06,12.0,15.0,18.0,19.0,20.0,21.0,22.5,24.0,25.0,26.0,27.0,31.0,35.0,inferred
Islington,2021-06-07,20.0,23.0,26.0,27.0,28.0,30.0,32.0,33.0,35.0,37.0,38.0,42.0,48.0,inferred
Islington,2021-06-08,21.0,25.0,27.0,29.0,30.0,31.0,33.0,35.0,37.0,38.0,40.0,43.0,49.0,inferred
Islington,2021-06-09,21.0,26.0,29.0,30.0,32.0,33.0,35.0,37.0,39.0,40.2,42.0,45.1,51.0,inferred
Islington,2021-06-10,19.0,24.0,27.0,28.0,30.0,31.0,33.0,35.0,37.0,38.0,40.0,44.0,49.0,inferred
Islington,2021-06-11,19.0,22.0,25.0,26.0,27.0,29.0,31.0,32.4,34.0,35.0,37.0,40.0,46.0,inferred
Islington,2021-06-12,14.0,18.0,20.0,21.0,22.0,24.0,25.0,27.0,29.0,30.0,31.0,34.0,40.0,inferred
Islington,2021-06-13,18.0,22.0,25.0,26.0,27.0,29.0,30.0,32.0,34.0,35.0,36.0,40.0,45.0,inferred
Islington,2021-06-14,25.0,30.0,33.0,34.0,35.0,37.0,39.0,41.0,43.0,45.0,46.0,50.0,56.0,inferred
Islington,2021-06-15,25.0,29.9,33.0,34.0,36.0,38.0,40.0,42.0,44.0,45.0,47.0,50.0,57.0,inferred
Islington,2021-06-16,27.0,31.0,34.0,36.0,37.0,39.0,41.0,43.0,45.0,47.0,48.0,52.0,58.0,inferred
Islington,2021-06-17,24.0,29.0,32.0,33.0,34.0,37.0,39.0,40.4,43.0,44.0,46.0,49.0,55.5,inferred
Islington,2021-06-18,21.0,26.0,29.0,30.0,31.0,33.0,35.0,37.0,39.0,40.0,41.2,46.0,52.0,inferred
Kensington and Chelsea,2021-03-06,0.5,1.0,2.0,3.0,3.0,4.0,4.0,5.0,6.0,6.0,6.0,8.0,10.0,inferred
Kensington and Chelsea,2021-03-07,1.0,2.0,3.0,3.0,4.0,4.0,5.0,6.0,6.0,7.0,7.0,8.1,11.0,inferred
Kensington and Chelsea,2021-03-08,2.0,3.0,4.0,5.0,5.0,6.0,7.0,7.0,8.0,9.0,9.0,11.0,14.0,inferred
Kensington and Chelsea,2021-03-09,2.0,3.0,4.0,5.0,5.0,6.0,7.0,7.0,8.0,9.0,9.0,11.0,13.0,inferred
Kensington and Chelsea,2021-03-10,2.0,4.0,5.0,5.0,5.0,6.0,7.0,8.0,9.0,9.0,10.0,11.0,14.0,inferred
Kensington and Chelsea,2021-03-11,2.0,3.0,4.0,4.0,5.0,5.0,6.0,7.0,8.0,8.0,9.0,10.0,13.0,inferred
Kensington and Chelsea,2021-03-12,1.0,2.0,3.0,4.0,4.0,5.0,6.0,6.0,7.0,8.0,8.0,10.0,12.0,inferred
Kensington and Chelsea,2021-03-13,1.0,2.0,3.0,3.0,3.0,4.0,5.0,5.0,6.0,7.0,7.0,8.0,11.0,inferred
Kensington and Chelsea,2021-03-14,1.0,2.0,3.0,4.0,4.0,5.0,5.0,6.0,7.0,7.0,8.0,9.0,12.0,inferred
Kensington and Chelsea,2021-03-15,2.0,3.0,4.0,5.0,5.0,6.0,7.0,8.0,9.0,9.0,10.0,11.0,14.0,inferred
Kensington and Chelsea,2021-03-16,2.0,4.0,5.0,5.0,6.0,6.0,7.0,8.0,9.0,9.0,10.0,11.0,14.0,inferred
Kensington and Chelsea,2021-03-17,2.0,4.0,5.0,5.0,6.0,7.0,7.0,8.0,9.0,10.0,10.0,12.0,15.0,inferred
Kensington and Chelsea,2021-03-18,2.0,3.0,5.0,5.0,5.7,6.0,7.0,8.0,9.0,9.0,10.0,12.0,15.0,inferred
Kensington and Chelsea,2021-03-19,2.0,3.0,4.0,4.0,5.0,6.0,6.0,7.0,8.0,9.0,9.0,11.0,14.0,inferred
Kensington and Chelsea,2021-03-20,1.0,2.9,3.0,4.0,4.0,5.0,6.0,6.0,7.0,8.0,8.0,10.0,12.5,inferred
Kensington and Chelsea,2021-03-21,2.0,3.0,4.0,5.0,5.0,6.0,7.0,7.0,8.0,9.0,9.0,11.0,13.0,inferred
Kensington and Chelsea,2021-03-22,3.0,4.9,6.0,6.0,7.0,8.0,9.0,10.0,11.0,11.0,12.0,14.0,17.0,inferred
Kensington and Chelsea,2021-03-23,3.0,5.0,6.0,6.0,7.0,8.0,9.0,10.0,11.0,11.0,12.0,14.0,17.0,inferred
Kensington and Chelsea,2021-03-24,3.0,5.0,6.0,6.0,7.0,8.0,9.0,10.0,11.0,11.0,12.0,14.0,17.5,inferred
Kensington and Chelsea,2021-03-25,3.0,4.0,6.0,6.0,7.0,7.0,8.0,9.0,10.0,11.0,11.0,13.0,17.0,inferred
Kensington and Chelsea,2021-03-26,2.0,3.0,5.0,5.0,6.0,6.0,7.0,8.0,9.0,9.0,10.0,12.0,14.0,inferred
Kensington and Chelsea,2021-03-27,1.0,3.0,4.0,4.0,4.0,5.0,6.0,6.0,7.0,8.0,9.0,10.0,13.0,inferred
Kensington and Chelsea,2021-03-28,2.0,3.0,4.0,5.0,5.0,6.0,7.0,7.0,8.0,9.0,9.0,11.0,14.0,inferred
Kensington and Chelsea,2021-03-29,3.0,4.0,6.0,6.0,7.0,8.0,8.0,9.0,10.0,11.0,11.0,13.0,16.0,inferred
Kensington and Chelsea,2021-03-30,3.0,4.0,5.0,6.0,6.0,7.0,8.0,9.0,10.0,11.0,11.0,13.0,16.0,inferred
Kensington and Chelsea,2021-03-31,2.0,4.0,5.0,6.0,6.0,7.0,8.0,9.0,10.0,10.0,11.0,13.0,16.0,inferred
Kensington and Chelsea,2021-04-01,2.0,4.0,5.0,5.0,6.0,7.0,7.0,8.0,9.0,10.0,10.0,12.0,14.5,inferred
Kensington and Chelsea,2021-04-02,1.0,3.0,4.0,4.0,5.0,5.0,6.0,7.0,8.0,8.0,9.0,10.0,13.0,inferred
Kensington and Chelsea,2021-04-03,1.0,2.0,3.0,3.0,4.0,4.0,5.0,6.0,7.0,7.0,8.0,9.0,11.0,inferred
Kensington and Chelsea,2021-04-04,1.0,2.0,3.0,4.0,4.0,5.0,6.0,6.0,7.0,8.0,8.0,10.0,12.0,inferred
Kensington and Chelsea,2021-04-05,2.0,3.0,5.0,5.0,5.0,6.0,7.0,8.0,9.0,9.0,10.0,11.0,14.0,inferred
Kensington and Chelsea,2021-04-06,2.0,4.0,5.0,5.0,6.0,6.0,7.0,8.0,9.0,9.0,10.0,12.0,14.0,inferred
Kensington and Chelsea,2021-04-07,2.0,4.0,5.0,5.0,6.0,6.0,7.0,8.0,9.0,10.0,10.0,12.0,15.0,inferred
Kensington and Chelsea,2021-04-08,2.0,3.0,5.0,5.0,5.0,6.0,7.0,8.0,9.0,9.0,10.0,11.0,14.0,inferred
Kensington and Chelsea,2021-04-09,2.0,3.0,4.0,4.0,5.0,5.0,6.0,7.0,8.0,8.0,9.0,11.0,13.0,inferred
Kensington and Chelsea,2021-04-10,1.0,2.0,3.0,4.0,4.0,5.0,5.0,6.0,7.0,7.0,8.0,9.0,11.0,inferred
Kensington and Chelsea,2021-04-11,1.0,3.0,4.0,4.0,5.0,5.0,6.0,7.0,8.0,8.0,9.0,11.0,13.0,inferred
Kensington and Chelsea,2021-04-12,3.0,4.0,5.8,6.0,6.0,7.0,8.0,9.0,10.0,11.0,11.0,13.0,16.5,inferred
Kensington and Chelsea,2021-04-13,3.0,4.0,5.0,6.0,7.0,7.0,8.0,9.0,10.0,11.0,11.0,13.0,16.0,inferred
Kensington and Chelsea,2021-04-14,3.0,4.0,6.0,6.0,7.0,8.0,8.0,9.0,10.0,11.0,12.0,13.0,16.0,inferred
Kensington and Chelsea,2021-04-15,3.0,4.0,5.0,6.0,6.0,7.0,8.0,9.0,10.0,10.0,11.0,13.0,16.0,inferred
Kensington and Chelsea,2021-04-16,2.0,4.0,5.0,5.0,6.0,7.0,7.0,8.0,9.0,10.0,10.0,12.0,15.0,inferred
Kensington and Chelsea,2021-04-17,2.0,3.0,4.0,4.0,4.0,5.0,6.0,7.0,8.0,8.0,9.0,10.0,12.0,inferred
Kensington and Chelsea,2021-04-18,2.0,3.0,4.0,5.0,5.0,6.0,7.0,7.0,8.0,9.0,9.0,11.0,14.0,inferred
Kensington and Chelsea,2021-04-19,3.0,4.0,6.0,6.0,7.0,8.0,9.0,9.0,10.0,11.0,12.0,13.0,16.0,inferred
Kensington and Chelsea,2021-04-20,3.0,5.0,6.0,6.0,7.0,7.0,8.0,9.0,10.0,11.0,11.0,13.0,16.0,inferred
Kensington and Chelsea,2021-04-21,2.0,4.0,5.0,6.0,6.7,7.0,8.0,9.0,10.0,10.0,11.0,13.0,15.0,inferred
Kensington and Chelsea,2021-04-22,2.0,4.0,5.0,5.0,6.0,7.0,7.0,8.0,9.0,9.0,10.0,12.0,15.0,inferred
Kensington and Chelsea,2021-04-23,2.0,3.0,4.0,5.0,5.0,6.0,6.0,7.0,8.0,8.0,9.0,11.0,13.0,inferred
Kensington and Chelsea,2021-04-24,1.0,2.0,3.0,3.0,4.0,4.0,5.0,6.0,6.0,7.0,7.0,9.0,12.0,inferred
Kensington and Chelsea,2021-04-25,1.0,3.0,3.0,4.0,4.0,5.0,6.0,6.0,7.0,8.0,8.0,9.0,12.0,inferred
Kensington and Chelsea,2021-04-26,2.0,3.0,5.0,5.0,6.0,6.0,7.0,8.0,9.0,9.0,10.0,12.0,14.5,inferred
Kensington and Chelsea,2021-04-27,2.0,3.0,5.0,5.0,5.0,6.0,7.0,8.0,9.0,9.0,10.0,11.0,14.0,inferred
Kensington and Chelsea,2021-04-28,2.0,3.0,4.0,5.0,5.0,6.0,7.0,8.0,8.0,9.0,10.0,11.0,14.0,inferred
Kensington and Chelsea,2021-04-29,1.0,3.0,4.0,4.0,5.0,5.0,6.0,7.0,8.0,8.0,9.0,10.0,13.0,inferred
Kensington and Chelsea,2021-04-30,1.0,2.0,3.0,3.0,4.0,5.0,5.0,6.0,7.0,7.0,8.0,9.0,12.0,inferred
Kensington and Chelsea,2021-05-01,1.0,2.0,2.0,3.0,3.0,4.0,4.0,5.0,6.0,6.0,6.0,8.0,10.0,inferred
Kensington and Chelsea,2021-05-02,1.0,2.0,3.0,3.0,3.0,4.0,4.0,5.0,6.0,6.0,7.0,8.0,10.0,inferred
Kensington and Chelsea,2021-05-03,1.0,3.0,3.8,4.0,4.0,5.0,6.0,7.0,7.0,8.0,8.0,10.0,13.0,inferred
Kensington and Chelsea,2021-05-04,1.0,3.0,3.0,4.0,4.0,5.0,6.0,6.0,7.0,8.0,8.0,10.0,12.0,inferred
Kensington and Chelsea,2021-05-05,1.0,3.0,4.0,4.0,4.0,5.0,6.0,6.0,7.0,8.0,8.0,10.0,12.0,inferred
Kensington and Chelsea,2021-05-06,1.0,2.0,3.0,4.0,4.0,5.0,5.0,6.0,7.0,7.0,8.0,9.0,12.0,inferred
Kensington and Chelsea,2021-05-07,1.0,2.0,3.0,3.0,3.0,4.0,5.0,5.0,6.0,7.0,7.0,8.1,11.0,inferred
Kensington and Chelsea,2021-05-08,0.0,1.0,2.0,2.0,2.0,3.0,4.0,4.0,5.0,5.0,6.0,7.0,9.0,inferred
Kensington and Chelsea,2021-05-09,1.0,2.0,2.0,3.0,3.0,4.0,4.0,5.0,5.0,6.0,6.0,8.0,10.0,inferred
Kensington and Chelsea,2021-05-10,1.0,2.0,3.0,4.0,4.0,5.0,5.0,6.0,7.0,7.0,8.0,9.0,12.0,inferred
Kensington and Chelsea,2021-05-11,1.0,2.0,3.0,3.0,4.0,4.0,5.0,6.0,7.0,7.0,7.0,9.0,11.0,inferred
Kensington and Chelsea,2021-05-12,1.0,2.0,3.0,3.0,4.0,4.0,5.0,6.0,6.0,7.0,7.0,9.0,11.0,inferred
Kensington and Chelsea,2021-05-13,1.0,2.0,2.0,3.0,3.0,4.0,4.0,5.0,6.0,6.0,7.0,8.0,11.0,inferred
Kensington and Chelsea,2021-05-14,0.0,1.0,2.0,2.0,3.0,3.0,4.0,4.0,5.0,6.0,6.0,7.0,10.0,inferred
Kensington and Chelsea,2021-05-15,0.0,1.0,1.0,2.0,2.0,2.0,3.0,4.0,4.0,5.0,5.0,6.0,8.0,inferred
Kensington and Chelsea,2021-05-16,0.0,1.0,2.0,2.0,2.0,3.0,3.0,4.0,5.0,5.0,6.0,7.0,9.0,inferred
Kensington and Chelsea,2021-05-17,1.0,2.0,3.0,3.0,3.0,4.0,5.0,5.0,6.0,7.0,7.0,8.1,11.0,inferred
Kensington and Chelsea,2021-05-18,1.0,2.0,3.0,3.0,4.0,4.0,5.0,5.0,6.0,7.0,7.0,9.0,11.0,inferred
Kensington and Chelsea,2021-05-19,1.0,2.0,3.0,3.0,4.0,4.0,5.0,6.0,6.0,7.0,8.0,9.0,12.0,inferred
Kensington and Chelsea,2021-05-20,1.0,2.0,3.0,3.0,4.0,4.0,5.0,6.0,6.0,7.0,7.0,8.0,11.0,inferred
Kensington and Chelsea,2021-05-21,1.0,2.0,3.0,3.0,3.0,4.0,4.0,5.0,6.0,6.0,7.0,8.0,10.0,inferred
Kensington and Chelsea,2021-05-22,1.0,1.0,2.0,2.0,3.0,3.0,4.0,5.0,5.0,5.0,6.0,7.0,9.0,inferred
Kensington and Chelsea,2021-05-23,1.0,2.0,3.0,3.0,4.0,4.0,5.0,5.0,6.0,7.0,7.0,8.0,11.0,inferred
Kensington and Chelsea,2021-05-24,2.0,3.0,4.0,5.0,5.0,6.0,6.0,7.0,8.0,9.0,9.0,11.0,13.0,inferred
Kensington and Chelsea,2021-05-25,2.0,3.0,4.0,5.0,5.0,6.0,7.0,8.0,9.0,9.0,10.0,11.0,14.0,inferred
Kensington and Chelsea,2021-05-26,2.0,4.0,5.0,6.0,6.0,7.0,8.0,9.0,10.0,10.0,11.0,12.0,15.0,inferred
Kensington and Chelsea,2021-05-27,2.0,4.0,5.0,6.0,6.0,7.0,8.0,9.0,10.0,10.0,11.0,13.0,15.5,inferred
Kensington and Chelsea,2021-05-28,2.0,4.0,5.0,6.0,6.0,7.0,8.0,8.0,9.0,10.0,11.0,12.0,15.0,inferred
Kensington and Chelsea,2021-05-29,2.0,3.0,4.0,5.0,5.0,6.0,7.0,8.0,9.0,9.0,10.0,11.0,14.0,inferred
Kensington and Chelsea,2021-05-30,3.0,5.0,6.0,6.0,7.0,8.0,9.0,10.0,11.0,11.0,12.0,14.0,17.0,inferred
Kensington and Chelsea,2021-05-31,5.0,7.0,9.0,9.0,10.0,11.0,12.0,13.0,14.0,15.0,16.0,18.0,21.0,inferred
Kensington and Chelsea,2021-06-01,6.0,8.0,10.0,10.0,11.0,12.0,13.0,14.0,16.0,16.0,17.0,19.0,24.0,inferred
Kensington and Chelsea,2021-06-02,7.0,9.0,11.0,12.0,12.0,14.0,15.0,16.0,17.0,18.0,19.0,21.0,25.0,inferred
Kensington and Chelsea,2021-06-03,7.0,10.0,12.0,12.0,13.0,14.0,15.0,16.0,17.0,18.0,19.0,21.0,25.0,inferred
Kensington and Chelsea,2021-06-04,6.5,9.0,11.0,12.0,12.0,13.0,15.0,16.0,17.0,18.0,19.0,21.0,24.0,inferred
Kensington and Chelsea,2021-06-05,6.0,8.0,10.0,10.0,11.0,12.0,13.0,14.0,15.0,16.0,17.0,19.0,22.0,inferred
Kensington and Chelsea,2021-06-06,8.0,10.9,12.0,13.0,14.0,15.0,16.0,17.0,19.0,19.0,20.0,23.0,27.0,inferred
Kensington and Chelsea,2021-06-07,12.5,16.0,18.0,19.0,20.0,21.0,23.0,24.0,26.0,27.0,28.0,30.0,35.0,inferred
Kensington and Chelsea,2021-06-08,13.0,16.0,18.0,19.0,20.0,21.0,23.0,24.0,26.0,27.0,28.0,31.0,36.0,inferred
Kensington and Chelsea,2021-06-09,14.0,17.0,19.0,20.0,21.0,22.6,24.0,25.0,27.0,28.0,29.0,32.0,37.0,inferred
Kensington and Chelsea,2021-06-10,12.0,16.0,19.0,19.0,20.0,21.0,23.0,24.0,26.0,27.0,28.0,31.0,35.0,inferred
Kensington and Chelsea,2021-06-11,11.0,14.0,16.0,17.0,18.0,19.0,21.0,22.0,23.0,24.0,25.0,28.0,32.0,inferred
Kensington and Chelsea,2021-06-12,9.0,12.0,14.0,14.0,15.0,16.0,17.0,18.4,20.0,21.0,22.0,25.0,28.0,inferred
Kensington and Chelsea,2021-06-13,11.5,14.0,16.0,17.0,17.0,19.0,20.0,21.0,23.0,24.0,25.0,28.0,32.0,inferred
Kensington and Chelsea,2021-06-14,15.0,19.0,21.0,22.0,23.0,25.0,26.0,28.0,30.0,31.0,32.0,35.0,40.0,inferred
Kensington and Chelsea,2021-06-15,15.0,19.0,21.0,22.0,23.0,25.0,26.0,28.0,29.0,30.0,31.0,35.0,40.0,inferred
Kensington and Chelsea,2021-06-16,16.0,19.0,22.0,23.0,24.0,25.0,27.0,29.0,30.0,31.0,33.0,36.0,41.0,inferred
Kensington and Chelsea,2021-06-17,15.0,18.0,21.0,22.0,22.0,24.0,26.0,27.0,29.0,30.0,31.0,34.0,38.0,inferred
Kensington and Chelsea,2021-06-18,12.0,16.0,18.0,19.0,20.0,22.0,23.0,25.0,26.0,27.0,28.0,31.0,36.0,inferred
Kettering,2021-03-06,1.0,2.0,4.0,5.0,5.0,7.0,8.0,10.0,12.0,13.0,15.0,19.0,26.0,inferred
Kettering,2021-03-07,1.0,3.0,5.0,6.0,6.0,8.0,9.0,11.0,13.0,14.0,16.0,20.0,29.0,inferred
Kettering,2021-03-08,2.0,4.0,7.0,8.0,9.0,11.0,13.0,15.0,17.0,18.0,20.0,24.0,33.5,inferred
Kettering,2021-03-09,2.0,4.0,6.0,7.0,8.0,10.0,11.0,13.0,15.0,17.0,19.0,23.0,30.0,inferred
Kettering,2021-03-10,2.0,4.0,6.0,7.0,8.0,10.0,12.0,14.0,16.0,17.0,18.0,23.0,31.0,inferred
Kettering,2021-03-11,1.0,3.0,5.0,6.0,7.0,8.0,10.0,12.0,14.0,15.0,17.0,21.0,28.0,inferred
Kettering,2021-03-12,1.0,3.0,4.0,5.0,6.0,7.0,9.0,10.0,12.0,13.0,15.0,19.1,27.0,inferred
Kettering,2021-03-13,0.0,2.0,3.0,4.0,4.0,5.0,7.0,8.0,10.0,11.0,12.0,16.0,22.0,inferred
Kettering,2021-03-14,1.0,2.0,4.0,4.0,5.0,6.0,8.0,9.0,11.0,13.0,14.0,18.0,25.5,inferred
Kettering,2021-03-15,1.0,3.0,5.0,6.0,7.0,9.0,10.0,12.0,14.0,16.0,17.0,21.0,30.5,inferred
Kettering,2021-03-16,1.0,3.0,5.0,6.0,7.0,8.0,10.0,12.0,14.0,15.0,17.0,22.0,31.0,inferred
Kettering,2021-03-17,1.0,3.0,5.0,6.0,7.0,8.0,10.0,12.0,14.0,15.0,17.0,21.0,28.0,inferred
Kettering,2021-03-18,1.0,3.0,5.0,5.0,6.0,8.0,9.0,11.0,13.0,14.0,16.0,20.0,28.5,inferred
Kettering,2021-03-19,1.0,2.0,4.0,4.0,5.0,7.0,8.0,10.0,11.0,13.0,14.0,18.1,26.0,inferred
Kettering,2021-03-20,0.0,1.0,3.0,3.0,4.0,5.0,6.0,8.0,9.0,10.0,12.0,17.0,24.0,inferred
Kettering,2021-03-21,1.0,2.0,4.0,4.0,5.0,6.0,8.0,9.0,11.0,12.0,14.0,18.0,26.0,inferred
Kettering,2021-03-22,1.0,3.0,5.0,6.0,7.0,8.0,10.0,12.0,14.0,15.0,16.0,20.0,29.0,inferred
Kettering,2021-03-23,1.0,3.0,5.0,6.0,6.0,8.0,9.0,11.0,13.0,15.0,16.0,20.0,27.0,inferred
Kettering,2021-03-24,1.0,3.0,5.0,5.0,6.0,8.0,9.0,11.0,13.0,14.0,16.0,20.0,29.0,inferred
Kettering,2021-03-25,1.0,2.0,4.0,5.0,6.0,7.0,8.0,10.0,12.0,13.0,15.0,19.0,26.0,inferred
Kettering,2021-03-26,1.0,2.0,3.0,4.0,5.0,6.0,7.0,9.0,11.0,12.0,14.0,18.0,24.5,inferred
Kettering,2021-03-27,0.0,1.0,2.0,3.0,3.0,4.0,5.5,7.0,9.0,10.0,11.0,14.0,22.0,inferred
Kettering,2021-03-28,0.0,1.0,3.0,3.0,4.0,5.0,6.0,8.0,10.0,11.0,12.0,15.0,23.0,inferred
Kettering,2021-03-29,1.0,2.0,4.0,5.0,5.0,7.0,8.5,10.0,12.0,13.0,15.0,19.0,28.0,inferred
Kettering,2021-03-30,0.0,2.0,4.0,4.0,5.0,6.0,8.0,9.0,12.0,13.0,14.0,19.0,25.5,inferred
Kettering,2021-03-31,0.0,2.0,3.8,4.0,5.0,6.0,8.0,10.0,11.3,13.0,14.0,18.1,25.0,inferred
Kettering,2021-04-01,0.0,2.0,3.0,3.0,4.0,5.0,7.0,8.0,10.0,11.0,12.0,16.0,24.0,inferred
Kettering,2021-04-02,0.0,1.0,2.0,3.0,3.0,5.0,6.0,7.0,9.0,10.0,12.0,15.0,23.0,inferred
Kettering,2021-04-03,0.0,0.0,1.0,2.0,2.0,3.0,4.0,6.0,7.0,8.0,9.0,13.0,19.0,inferred
Kettering,2021-04-04,0.0,1.0,2.0,2.0,3.0,4.0,5.0,6.0,8.0,9.0,10.0,14.0,20.0,inferred
Kettering,2021-04-05,0.0,1.0,3.0,3.0,4.0,5.0,6.0,7.4,9.0,11.0,12.0,16.0,23.0,inferred
Kettering,2021-04-06,0.0,1.0,2.0,3.0,4.0,5.0,6.0,7.0,9.0,11.0,12.0,16.0,22.5,inferred
Kettering,2021-04-07,0.0,1.0,3.0,3.0,4.0,5.0,6.0,7.0,9.0,10.0,12.0,17.0,24.0,inferred
Kettering,2021-04-08,0.0,1.0,2.0,3.0,3.0,4.0,6.0,7.0,9.0,10.0,11.0,14.0,21.5,inferred
Kettering,2021-04-09,0.0,1.0,2.0,2.0,3.0,4.0,5.0,6.0,8.0,8.0,9.0,13.0,20.0,inferred
Kettering,2021-04-10,0.0,0.0,1.0,1.0,2.0,2.0,3.0,4.0,6.0,6.0,7.0,11.0,16.0,inferred
Kettering,2021-04-11,0.0,0.0,1.0,2.0,2.0,3.0,4.0,5.0,6.0,7.0,8.0,12.0,19.0,inferred
Kettering,2021-04-12,0.0,1.0,2.0,2.0,3.0,4.0,5.0,6.0,8.0,9.0,10.0,14.0,20.0,inferred
Kettering,2021-04-13,0.0,1.0,2.0,2.0,3.0,4.0,5.0,6.0,8.0,9.0,10.0,14.0,19.0,inferred
Kettering,2021-04-14,0.0,1.0,2.0,2.0,3.0,4.0,5.0,6.4,8.0,9.0,10.0,14.0,21.0,inferred
Kettering,2021-04-15,0.0,0.0,1.0,2.0,2.0,3.0,4.0,5.0,7.0,8.0,9.0,12.1,19.0,inferred
Kettering,2021-04-16,0.0,0.0,1.0,2.0,2.0,3.0,4.0,5.0,6.0,7.0,8.0,11.0,17.0,inferred
Kettering,2021-04-17,0.0,0.0,1.0,1.0,1.0,2.0,3.0,4.0,5.0,5.0,7.0,10.0,15.5,inferred
Kettering,2021-04-18,0.0,0.0,1.0,1.0,2.0,2.0,3.0,4.0,6.0,6.0,7.0,10.0,17.0,inferred
Kettering,2021-04-19,0.0,0.0,1.0,2.0,2.0,3.0,4.0,6.0,7.0,8.0,9.0,13.0,19.0,inferred
Kettering,2021-04-20,0.0,0.0,1.0,2.0,2.0,3.0,4.0,5.0,7.0,8.0,9.0,13.0,20.0,inferred
Kettering,2021-04-21,0.0,1.0,2.0,2.0,2.0,3.0,4.0,6.0,7.0,8.0,9.0,13.0,19.0,inferred
Kettering,2021-04-22,0.0,0.0,1.0,1.0,2.0,3.0,4.0,5.0,6.0,7.0,8.0,11.0,18.0,inferred
Kettering,2021-04-23,0.0,0.0,1.0,1.0,1.0,2.0,3.0,4.0,5.0,6.0,7.0,10.0,16.0,inferred
Kettering,2021-04-24,0.0,0.0,0.0,1.0,1.0,1.0,2.0,3.0,4.0,5.0,6.0,9.0,14.0,inferred
Kettering,2021-04-25,0.0,0.0,0.0,1.0,1.0,2.0,3.0,4.0,5.0,5.0,6.0,10.0,16.0,inferred
Kettering,2021-04-26,0.0,0.0,1.0,1.0,2.0,2.0,3.0,4.0,6.0,7.0,8.0,11.0,17.0,inferred
Kettering,2021-04-27,0.0,0.0,1.0,1.0,1.0,2.0,3.0,4.0,5.0,6.0,7.0,11.0,17.0,inferred
Kettering,2021-04-28,0.0,0.0,1.0,1.0,2.0,3.0,3.0,4.0,6.0,7.0,8.0,11.0,17.0,inferred
Kettering,2021-04-29,0.0,0.0,1.0,1.0,1.0,2.0,3.0,4.0,5.0,6.0,7.0,10.0,15.0,inferred
Kettering,2021-04-30,0.0,0.0,1.0,1.0,1.0,2.0,2.0,3.0,5.0,5.0,6.0,9.0,15.0,inferred
Kettering,2021-05-01,0.0,0.0,0.0,0.0,0.0,1.0,2.0,2.0,3.0,4.0,5.0,7.1,13.5,inferred
Kettering,2021-05-02,0.0,0.0,0.0,1.0,1.0,1.0,2.0,3.0,4.0,5.0,7.0,9.0,16.5,inferred
Kettering,2021-05-03,0.0,0.0,1.0,1.0,1.0,2.0,3.0,4.0,6.0,6.0,7.0,10.0,16.0,inferred
Kettering,2021-05-04,0.0,0.0,1.0,1.0,1.0,2.0,3.0,4.0,5.0,6.0,7.0,10.0,17.0,inferred
Kettering,2021-05-05,0.0,0.0,1.0,1.0,1.0,2.0,3.0,4.0,5.0,6.0,7.2,11.0,17.0,inferred
Kettering,2021-05-06,0.0,0.0,1.0,1.0,1.0,2.0,3.0,4.0,5.0,6.0,7.0,10.0,16.0,inferred
Kettering,2021-05-07,0.0,0.0,0.0,1.0,1.0,2.0,2.0,3.0,4.0,5.0,6.0,9.0,13.0,inferred
Kettering,2021-05-08,0.0,0.0,0.0,0.0,0.0,1.0,2.0,2.0,3.0,4.0,5.0,7.0,13.0,inferred
Kettering,2021-05-09,0.0,0.0,0.0,0.0,1.0,1.0,2.0,3.0,4.0,4.0,5.0,8.0,14.0,inferred
Kettering,2021-05-10,0.0,0.0,1.0,1.0,1.0,2.0,3.0,4.0,5.0,6.0,7.0,10.0,17.0,inferred
Kettering,2021-05-11,0.0,0.0,0.0,1.0,1.0,2.0,2.0,3.0,4.0,5.0,6.0,9.0,15.0,inferred
Kettering,2021-05-12,0.0,0.0,0.0,1.0,1.0,2.0,2.0,3.0,5.0,5.0,7.0,9.0,15.0,inferred
Kettering,2021-05-13,0.0,0.0,0.0,1.0,1.0,1.0,2.0,3.0,4.0,5.0,5.0,8.0,13.0,inferred
Kettering,2021-05-14,0.0,0.0,0.0,0.0,1.0,1.0,2.0,3.0,4.0,4.0,5.0,7.0,13.0,inferred
Kettering,2021-05-15,0.0,0.0,0.0,0.0,0.0,1.0,1.0,2.0,3.0,3.0,4.0,7.0,12.0,inferred
Kettering,2021-05-16,0.0,0.0,0.0,0.0,0.0,1.0,2.0,2.0,3.0,4.0,5.0,7.0,12.0,inferred
Kettering,2021-05-17,0.0,0.0,0.0,0.0,1.0,1.0,2.0,3.0,4.0,5.0,6.0,9.0,16.0,inferred
Kettering,2021-05-18,0.0,0.0,0.0,0.0,1.0,1.0,2.0,3.0,4.0,4.0,5.0,8.0,13.0,inferred
Kettering,2021-05-19,0.0,0.0,0.0,0.0,1.0,1.0,2.0,3.0,4.0,5.0,6.0,8.0,13.0,inferred
Kettering,2021-05-20,0.0,0.0,0.0,0.0,0.0,1.0,2.0,2.0,3.0,4.0,5.0,7.0,12.0,inferred
Kettering,2021-05-21,0.0,0.0,0.0,0.0,0.0,1.0,1.0,2.0,3.0,3.0,4.0,7.0,12.0,inferred
Kettering,2021-05-22,0.0,0.0,0.0,0.0,0.0,0.0,1.0,1.0,2.0,3.0,4.0,6.0,10.0,inferred
Kettering,2021-05-23,0.0,0.0,0.0,0.0,0.0,0.0,1.0,1.0,2.0,3.0,3.2,6.0,12.0,inferred
Kettering,2021-05-24,0.0,0.0,0.0,0.0,0.0,1.0,1.0,2.0,3.0,4.0,4.0,7.0,12.0,inferred
Kettering,2021-05-25,0.0,0.0,0.0,0.0,0.0,1.0,1.0,2.0,3.0,3.0,4.0,7.0,13.0,inferred
Kettering,2021-05-26,0.0,0.0,0.0,0.0,0.0,1.0,1.0,2.0,3.0,3.0,4.0,7.0,11.0,inferred
Kettering,2021-05-27,0.0,0.0,0.0,0.0,0.0,0.0,1.0,2.0,2.0,3.0,4.0,6.0,11.0,inferred
Kettering,2021-05-28,0.0,0.0,0.0,0.0,0.0,0.0,1.0,1.0,2.0,3.0,3.0,5.0,10.0,inferred
Kettering,2021-05-29,0.0,0.0,0.0,0.0,0.0,0.0,0.0,1.0,1.0,2.0,3.0,5.0,10.0,inferred
Kettering,2021-05-30,0.0,0.0,0.0,0.0,0.0,0.0,1.0,1.0,2.0,3.0,3.0,5.0,10.0,inferred
Kettering,2021-05-31,0.0,0.0,0.0,0.0,0.0,1.0,1.0,2.0,3.0,3.0,4.0,6.0,12.0,inferred
Kettering,2021-06-01,0.0,0.0,0.0,0.0,0.0,1.0,1.0,2.0,3.0,3.0,4.0,6.0,11.0,inferred
Kettering,2021-06-02,0.0,0.0,0.0,0.0,0.0,1.0,1.0,2.0,3.0,4.0,4.0,7.0,11.0,inferred
Kettering,2021-06-03,0.0,0.0,0.0,0.0,0.0,1.0,1.0,2.0,3.0,3.0,4.0,7.0,13.0,inferred
Kettering,2021-06-04,0.0,0.0,0.0,0.0,0.0,0.0,1.0,2.0,3.0,3.0,4.0,6.0,12.0,inferred
Kettering,2021-06-05,0.0,0.0,0.0,0.0,0.0,0.0,1.0,1.0,2.0,2.0,3.0,5.0,10.0,inferred
Kettering,2021-06-06,0.0,0.0,0.0,0.0,0.0,0.0,1.0,2.0,2.0,3.0,3.0,6.0,10.0,inferred
Kettering,2021-06-07,0.0,0.0,0.0,0.0,0.0,1.0,2.0,2.0,3.0,4.0,5.0,7.0,13.0,inferred
Kettering,2021-06-08,0.0,0.0,0.0,0.0,1.0,1.0,2.0,3.0,4.0,4.0,5.0,8.0,13.0,inferred
Kettering,2021-06-09,0.0,0.0,0.0,0.0,1.0,1.0,2.0,3.0,4.0,4.0,5.0,8.0,13.0,inferred
Kettering,2021-06-10,0.0,0.0,0.0,0.0,1.0,1.0,2.0,2.0,3.0,4.0,5.0,8.0,14.0,inferred
Kettering,2021-06-11,0.0,0.0,0.0,0.0,0.0,1.0,1.0,2.0,3.0,4.0,5.0,7.0,13.0,inferred
Kettering,2021-06-12,0.0,0.0,0.0,0.0,0.0,1.0,1.0,2.0,3.0,4.0,4.0,7.0,11.0,inferred
Kettering,2021-06-13,0.0,0.0,0.0,0.0,0.0,1.0,2.0,2.0,3.0,4.0,5.0,8.0,13.0,inferred
Kettering,2021-06-14,0.0,0.0,0.0,1.0,1.0,2.0,2.0,3.0,4.0,5.0,6.0,9.0,14.0,inferred
Kettering,2021-06-15,0.0,0.0,0.0,1.0,1.0,1.0,2.0,3.0,4.0,5.0,6.0,9.0,14.5,inferred
Kettering,2021-06-16,0.0,0.0,0.0,1.0,1.0,2.0,3.0,4.0,5.0,6.0,7.0,10.0,15.0,inferred
Kettering,2021-06-17,0.0,0.0,0.0,1.0,1.0,2.0,2.0,3.0,5.0,5.0,6.0,9.0,15.0,inferred
Kettering,2021-06-18,0.0,0.0,0.0,0.0,1.0,1.0,2.0,3.0,4.0,5.0,6.0,9.0,15.0,inferred
King's Lynn and West Norfolk,2021-03-06,3.0,5.0,6.0,7.0,8.0,9.0,10.0,11.0,12.0,13.0,13.0,16.0,19.0,inferred
King's Lynn and West Norfolk,2021-03-07,5.0,6.0,8.0,9.0,9.0,10.0,11.0,13.0,14.0,15.0,15.0,18.0,21.0,inferred
King's Lynn and West Norfolk,2021-03-08,6.0,9.0,11.0,12.0,12.0,14.0,15.0,16.0,17.0,18.0,19.0,22.0,25.0,inferred
King's Lynn and West Norfolk,2021-03-09,6.0,8.9,10.0,11.0,12.0,13.0,14.0,15.0,17.0,17.0,18.0,20.0,25.0,inferred
King's Lynn and West Norfolk,2021-03-10,6.0,9.0,11.0,11.0,12.0,13.0,14.5,16.0,17.0,18.0,19.0,22.0,26.0,inferred
King's Lynn and West Norfolk,2021-03-11,5.0,8.0,9.0,10.0,11.0,12.0,13.0,14.0,16.0,16.0,17.0,19.0,23.0,inferred
King's Lynn and West Norfolk,2021-03-12,4.0,6.0,8.0,8.0,9.0,10.0,11.0,12.0,14.0,14.0,15.0,18.0,22.0,inferred
King's Lynn and West Norfolk,2021-03-13,3.0,4.0,6.0,6.0,7.0,8.0,8.0,9.0,11.0,11.0,12.0,14.0,18.0,inferred
King's Lynn and West Norfolk,2021-03-14,3.0,5.0,6.0,7.0,7.0,9.0,10.0,11.0,12.0,13.0,13.0,15.0,19.0,inferred
King's Lynn and West Norfolk,2021-03-15,4.0,6.0,8.0,8.0,9.0,10.0,11.0,12.0,14.0,14.0,15.0,17.0,21.0,inferred
King's Lynn and West Norfolk,2021-03-16,3.0,6.0,7.0,8.0,8.0,9.0,10.0,11.0,13.0,13.0,14.0,16.0,20.0,inferred
King's Lynn and West Norfolk,2021-03-17,3.5,6.0,7.0,8.0,8.0,9.0,10.0,11.4,13.0,13.0,15.0,17.0,20.0,inferred
King's Lynn and West Norfolk,2021-03-18,3.0,5.0,6.0,7.0,7.0,8.0,9.0,10.0,11.0,12.0,13.0,15.0,18.0,inferred
King's Lynn and West Norfolk,2021-03-19,2.0,4.0,5.0,6.0,6.0,7.0,8.0,9.0,11.0,11.0,12.0,14.0,17.0,inferred
King's Lynn and West Norfolk,2021-03-20,1.0,3.0,4.0,4.0,5.0,6.0,6.0,7.0,8.0,9.0,9.0,11.0,15.0,inferred
King's Lynn and West Norfolk,2021-03-21,2.0,3.0,5.0,5.0,6.0,6.0,7.0,8.0,9.0,10.0,11.0,13.0,16.0,inferred
King's Lynn and West Norfolk,2021-03-22,3.0,5.0,6.0,7.0,7.0,8.0,9.0,10.0,11.0,12.0,13.0,15.0,18.5,inferred
King's Lynn and West Norfolk,2021-03-23,2.0,4.0,5.0,6.0,6.0,7.0,8.0,9.0,10.0,11.0,11.0,14.0,17.0,inferred
King's Lynn and West Norfolk,2021-03-24,2.0,4.0,5.0,6.0,6.0,8.0,8.0,9.0,10.0,11.0,12.0,14.0,17.0,inferred
King's Lynn and West Norfolk,2021-03-25,2.0,3.0,5.0,5.0,6.0,6.0,7.0,8.0,9.0,10.0,11.0,13.0,16.0,inferred
King's Lynn and West Norfolk,2021-03-26,1.0,3.0,4.0,4.0,4.0,5.0,6.0,7.0,8.0,9.0,9.0,11.0,16.0,inferred
King's Lynn and West Norfolk,2021-03-27,0.0,2.0,3.0,3.0,3.0,4.0,5.0,6.0,6.0,7.0,7.0,9.0,13.0,inferred
King's Lynn and West Norfolk,2021-03-28,1.0,2.0,3.0,3.0,4.0,4.0,5.0,6.0,7.0,8.0,8.0,10.0,13.0,inferred
King's Lynn and West Norfolk,2021-03-29,1.0,3.0,4.0,4.0,5.0,5.0,6.0,7.0,8.0,9.0,9.0,11.0,15.0,inferred
King's Lynn and West Norfolk,2021-03-30,1.0,2.0,4.0,4.0,4.0,5.0,6.0,7.0,8.0,8.0,9.0,11.0,14.0,inferred
King's Lynn and West Norfolk,2021-03-31,1.0,3.0,4.0,4.0,5.0,5.0,6.0,7.0,8.0,9.0,9.0,11.0,14.0,inferred
King's Lynn and West Norfolk,2021-04-01,1.0,2.0,3.0,4.0,4.0,5.0,6.0,7.0,8.0,8.0,9.0,10.0,13.0,inferred
King's Lynn and West Norfolk,2021-04-02,1.0,2.0,3.0,3.0,4.0,4.0,5.0,6.0,7.0,7.0,8.0,10.0,12.0,inferred
King's Lynn and West Norfolk,2021-04-03,0.0,1.0,2.0,2.0,3.0,4.0,4.0,5.0,6.0,6.0,7.0,8.0,11.0,inferred
King's Lynn and West Norfolk,2021-04-04,1.0,2.0,3.0,3.0,3.0,4.0,5.0,5.0,6.0,7.0,7.0,9.0,12.0,inferred
King's Lynn and West Norfolk,2021-04-05,1.0,2.0,3.0,4.0,4.0,5.0,6.0,6.4,7.0,8.0,9.0,10.0,13.0,inferred
King's Lynn and West Norfolk,2021-04-06,1.0,2.0,3.0,4.0,4.0,5.0,6.0,6.0,7.0,8.0,8.0,10.0,13.0,inferred
King's Lynn and West Norfolk,2021-04-07,1.0,2.0,3.0,4.0,4.0,5.0,6.0,7.0,8.0,8.0,9.0,10.0,13.0,inferred
King's Lynn and West Norfolk,2021-04-08,1.0,2.0,3.0,4.0,4.0,5.0,5.0,6.0,7.0,8.0,8.0,10.0,13.0,inferred
King's Lynn and West Norfolk,2021-04-09,0.0,2.0,3.0,3.0,3.0,4.0,5.0,5.0,6.0,7.0,7.0,9.0,12.0,inferred
King's Lynn and West Norfolk,2021-04-10,0.0,1.0,2.0,2.0,3.0,3.0,4.0,4.0,5.0,6.0,6.0,8.0,11.0,inferred
King's Lynn and West Norfolk,2021-04-11,1.0,2.0,2.0,3.0,3.0,4.0,5.0,5.0,6.0,7.0,7.0,9.0,12.0,inferred
King's Lynn and West Norfolk,2021-04-12,1.0,2.0,3.0,4.0,4.0,5.0,6.0,6.0,7.0,8.0,8.0,10.0,14.0,inferred
King's Lynn and West Norfolk,2021-04-13,1.0,2.0,3.0,3.0,4.0,5.0,5.0,6.0,7.0,8.0,8.0,10.0,13.0,inferred
King's Lynn and West Norfolk,2021-04-14,1.0,2.0,3.0,4.0,4.0,5.0,6.0,7.0,8.0,8.0,9.0,11.0,14.0,inferred
King's Lynn and West Norfolk,2021-04-15,1.0,2.0,3.0,4.0,4.0,5.0,5.5,6.0,7.0,8.0,8.0,10.0,14.0,inferred
King's Lynn and West Norfolk,2021-04-16,1.0,2.0,3.0,3.0,4.0,4.0,5.0,6.0,7.0,7.0,8.0,10.0,12.0,inferred
King's Lynn and West Norfolk,2021-04-17,0.5,1.0,2.0,2.0,3.0,3.0,4.0,5.0,6.0,6.0,7.0,8.0,11.0,inferred
King's Lynn and West Norfolk,2021-04-18,1.0,2.0,3.0,3.0,4.0,4.0,5.0,6.0,7.0,7.0,8.0,9.0,13.0,inferred
King's Lynn and West Norfolk,2021-04-19,2.0,3.0,4.0,5.0,5.0,6.0,7.0,7.0,8.0,9.0,10.0,12.0,16.0,inferred
King's Lynn and West Norfolk,2021-04-20,1.0,3.0,4.0,4.8,5.0,6.0,6.0,7.0,8.0,9.0,9.0,11.0,14.0,inferred
King's Lynn and West Norfolk,2021-04-21,1.5,3.0,4.0,5.0,5.0,6.0,7.0,8.0,9.0,10.0,10.0,12.0,15.0,inferred
King's Lynn and West Norfolk,2021-04-22,2.0,3.0,4.0,4.0,5.0,6.0,6.0,7.0,8.0,9.0,10.0,12.0,15.0,inferred
King's Lynn and West Norfolk,2021-04-23,1.0,3.0,4.0,4.0,4.0,5.0,6.0,7.0,8.0,8.0,9.0,11.0,15.0,inferred
King's Lynn and West Norfolk,2021-04-24,1.0,2.0,3.0,3.0,3.0,4.0,5.0,6.0,6.0,7.0,8.0,9.0,12.0,inferred
King's Lynn and West Norfolk,2021-04-25,1.0,2.0,3.0,4.0,4.0,5.0,6.0,7.0,7.0,8.0,9.0,11.0,14.0,inferred
King's Lynn and West Norfolk,2021-04-26,2.0,4.0,5.0,5.0,6.0,7.0,8.0,8.0,10.0,10.0,11.0,13.0,16.0,inferred
King's Lynn and West Norfolk,2021-04-27,2.0,3.0,4.0,5.0,5.0,6.0,7.0,8.0,9.0,9.0,10.0,12.0,15.5,inferred
King's Lynn and West Norfolk,2021-04-28,2.0,3.0,5.0,5.0,5.0,6.0,7.0,8.0,9.0,10.0,10.0,12.0,16.0,inferred
King's Lynn and West Norfolk,2021-04-29,1.0,3.0,4.0,4.0,5.0,5.0,6.0,7.0,8.0,9.0,9.0,11.0,14.0,inferred
King's Lynn and West Norfolk,2021-04-30,1.0,2.0,3.0,3.8,4.0,5.0,5.0,6.0,7.0,8.0,8.0,10.0,13.0,inferred
King's Lynn and West Norfolk,2021-05-01,0.0,1.0,2.0,3.0,3.0,3.0,4.0,5.0,6.0,6.0,7.0,8.0,11.0,inferred
King's Lynn and West Norfolk,2021-05-02,1.0,2.0,3.0,3.0,3.0,4.0,5.0,6.0,6.0,7.0,7.0,9.0,12.0,inferred
King's Lynn and West Norfolk,2021-05-03,1.0,2.0,4.0,4.0,4.0,5.0,6.0,7.0,8.0,8.0,9.0,11.0,14.0,inferred
King's Lynn and West Norfolk,2021-05-04,1.0,2.0,3.0,4.0,4.0,5.0,6.0,6.0,7.0,8.0,8.0,10.0,14.0,inferred
King's Lynn and West Norfolk,2021-05-05,1.0,2.0,3.0,4.0,4.0,5.0,6.0,7.0,8.0,8.0,9.0,11.0,14.0,inferred
King's Lynn and West Norfolk,2021-05-06,1.0,2.0,3.0,3.0,4.0,4.0,5.0,6.0,7.0,8.0,8.0,10.0,13.0,inferred
King's Lynn and West Norfolk,2021-05-07,1.0,1.0,2.0,3.0,3.0,4.0,4.0,5.0,6.0,6.0,7.0,9.0,12.0,inferred
King's Lynn and West Norfolk,2021-05-08,0.0,1.0,2.0,2.0,2.0,3.0,3.0,4.0,5.0,5.0,6.0,7.0,9.0,inferred
King's Lynn and West Norfolk,2021-05-09,0.0,1.0,2.0,2.0,3.0,3.0,4.0,5.0,5.0,6.0,6.0,8.0,10.0,inferred
King's Lynn and West Norfolk,2021-05-10,0.0,2.0,2.0,3.0,3.0,4.0,5.0,5.0,6.0,7.0,7.0,9.0,11.0,inferred
King's Lynn and West Norfolk,2021-05-11,0.0,1.0,2.0,2.0,3.0,3.0,4.0,5.0,6.0,6.0,7.0,8.0,11.0,inferred
King's Lynn and West Norfolk,2021-05-12,0.0,1.0,2.0,2.0,3.0,4.0,4.0,5.0,6.0,6.0,7.0,8.0,11.0,inferred
King's Lynn and West Norfolk,2021-05-13,0.0,1.0,1.0,2.0,2.0,3.0,3.0,4.0,5.0,5.0,6.0,7.0,10.0,inferred
King's Lynn and West Norfolk,2021-05-14,0.0,1.0,1.0,2.0,2.0,2.0,3.0,3.4,4.0,5.0,5.0,7.0,9.0,inferred
King's Lynn and West Norfolk,2021-05-15,0.0,0.0,1.0,1.0,1.0,2.0,2.0,3.0,3.0,4.0,4.0,5.0,7.0,inferred
King's Lynn and West Norfolk,2021-05-16,0.0,0.0,1.0,1.0,1.0,2.0,2.0,3.0,4.0,4.0,4.0,6.0,8.0,inferred
King's Lynn and West Norfolk,2021-05-17,0.0,1.0,1.0,2.0,2.0,2.0,3.0,4.0,4.0,5.0,5.0,7.0,9.0,inferred
King's Lynn and West Norfolk,2021-05-18,0.0,1.0,1.0,1.0,2.0,2.0,3.0,3.0,4.0,4.0,5.0,6.0,9.0,inferred
King's Lynn and West Norfolk,2021-05-19,0.0,1.0,1.0,1.0,2.0,2.0,3.0,3.0,4.0,5.0,5.0,6.0,9.0,inferred
King's Lynn and West Norfolk,2021-05-20,0.0,0.0,1.0,1.0,2.0,2.0,3.0,3.0,4.0,4.0,5.0,6.0,8.0,inferred
King's Lynn and West Norfolk,2021-05-21,0.0,0.0,1.0,1.0,1.0,2.0,2.0,3.0,3.0,4.0,4.0,6.0,8.0,inferred
King's Lynn and West Norfolk,2021-05-22,0.0,0.0,0.0,1.0,1.0,1.0,2.0,2.0,3.0,3.0,3.0,4.0,6.5,inferred
King's Lynn and West Norfolk,2021-05-23,0.0,0.0,1.0,1.0,1.0,1.0,2.0,2.0,3.0,3.0,4.0,5.0,7.0,inferred
King's Lynn and West Norfolk,2021-05-24,0.0,0.0,1.0,1.0,1.0,2.0,2.0,3.0,4.0,4.0,5.0,6.0,8.0,inferred
King's Lynn and West Norfolk,2021-05-25,0.0,0.0,1.0,1.0,1.0,2.0,2.0,3.0,3.0,4.0,4.0,5.0,8.0,inferred
King's Lynn and West Norfolk,2021-05-26,0.0,0.0,1.0,1.0,1.0,2.0,2.0,3.0,3.0,4.0,4.0,5.0,8.0,inferred
King's Lynn and West Norfolk,2021-05-27,0.0,0.0,1.0,1.0,1.0,2.0,2.0,3.0,3.0,4.0,4.0,5.0,8.0,inferred
King's Lynn and West Norfolk,2021-05-28,0.0,0.0,1.0,1.0,1.0,1.0,2.0,2.0,3.0,3.0,4.0,5.0,7.0,inferred
King's Lynn and West Norfolk,2021-05-29,0.0,0.0,0.0,0.0,1.0,1.0,1.0,2.0,2.0,3.0,3.0,4.0,6.0,inferred
King's Lynn and West Norfolk,2021-05-30,0.0,0.0,1.0,1.0,1.0,1.0,2.0,2.0,3.0,3.0,4.0,5.0,7.0,inferred
King's Lynn and West Norfolk,2021-05-31,0.0,0.0,1.0,1.0,1.0,2.0,2.0,3.0,3.0,4.0,4.0,6.0,8.0,inferred
King's Lynn and West Norfolk,2021-06-01,0.0,0.0,1.0,1.0,1.0,2.0,2.0,3.0,3.0,4.0,4.0,5.0,8.0,inferred
King's Lynn and West Norfolk,2021-06-02,0.0,0.0,1.0,1.0,1.0,2.0,2.0,3.0,4.0,4.0,5.0,6.0,8.0,inferred
King's Lynn and West Norfolk,2021-06-03,0.0,0.0,1.0,1.0,1.0,2.0,2.0,3.0,3.0,4.0,4.0,5.0,8.0,inferred
King's Lynn and West Norfolk,2021-06-04,0.0,0.0,1.0,1.0,1.0,2.0,2.0,3.0,3.0,4.0,4.0,5.0,8.0,inferred
King's Lynn and West Norfolk,2021-06-05,0.0,0.0,0.0,1.0,1.0,1.0,2.0,2.0,3.0,3.0,4.0,5.0,7.0,inferred
King's Lynn and West Norfolk,2021-06-06,0.0,0.0,1.0,1.0,1.0,2.0,2.0,3.0,3.0,4.0,4.0,6.0,8.0,inferred
King's Lynn and West Norfolk,2021-06-07,0.0,1.0,1.0,2.0,2.0,2.0,3.0,4.0,4.0,5.0,5.0,7.0,9.0,inferred
King's Lynn and West Norfolk,2021-06-08,0.0,1.0,1.0,2.0,2.0,2.0,3.0,3.0,4.0,5.0,5.0,7.0,9.0,inferred
King's Lynn and West Norfolk,2021-06-09,0.0,1.0,2.0,2.0,2.0,3.0,3.0,4.0,5.0,5.0,6.0,7.0,10.0,inferred
King's Lynn and West Norfolk,2021-06-10,0.0,1.0,1.0,2.0,2.0,3.0,3.0,4.0,5.0,5.0,5.0,7.0,9.5,inferred
King's Lynn and West Norfolk,2021-06-11,0.0,1.0,1.0,2.0,2.0,2.0,3.0,4.0,4.0,5.0,5.0,7.0,9.0,inferred
King's Lynn and West Norfolk,2021-06-12,0.0,0.0,1.0,1.0,2.0,2.0,3.0,3.0,4.0,4.0,5.0,6.0,8.0,inferred
King's Lynn and West Norfolk,2021-06-13,0.0,1.0,1.0,2.0,2.0,2.0,3.0,4.0,4.0,5.0,5.0,6.0,9.0,inferred
King's Lynn and West Norfolk,2021-06-14,0.0,1.0,2.0,2.0,3.0,3.0,4.0,5.0,6.0,6.0,7.0,8.0,11.0,inferred
King's Lynn and West Norfolk,2021-06-15,0.0,1.0,2.0,2.0,3.0,3.0,4.0,5.0,5.0,6.0,7.0,8.0,11.0,inferred
King's Lynn and West Norfolk,2021-06-16,0.0,1.0,2.0,3.0,3.0,4.0,4.0,5.0,6.0,6.0,7.0,9.0,12.0,inferred
King's Lynn and West Norfolk,2021-06-17,0.0,1.0,2.0,3.0,3.0,3.0,4.0,5.0,6.0,6.0,7.0,9.0,12.0,inferred
King's Lynn and West Norfolk,2021-06-18,0.0,1.0,2.0,2.0,3.0,3.0,4.0,4.0,5.0,6.0,6.0,8.0,11.0,inferred
"Kingston upon Hull, City of",2021-03-06,31.0,36.0,39.0,40.0,42.0,44.0,46.0,49.0,51.0,53.0,54.0,59.0,66.0,inferred
"Kingston upon Hull, City of",2021-03-07,37.0,41.0,45.0,47.0,48.0,51.0,53.0,56.0,58.0,60.0,62.0,67.0,76.0,inferred
"Kingston upon Hull, City of",2021-03-08,49.5,56.0,61.0,63.0,64.0,67.0,70.0,73.0,77.0,79.0,81.0,85.0,93.0,inferred
"Kingston upon Hull, City of",2021-03-09,47.5,53.9,58.0,60.0,61.0,64.0,67.0,70.0,73.0,75.0,76.0,82.0,92.5,inferred
"Kingston upon Hull, City of",2021-03-10,50.0,56.0,61.0,63.0,64.0,67.0,70.0,73.0,75.0,77.0,79.0,84.0,91.0,inferred
"Kingston upon Hull, City of",2021-03-11,45.5,52.0,56.0,58.0,59.0,62.0,64.0,67.0,70.0,72.0,74.0,80.0,89.0,inferred
"Kingston upon Hull, City of",2021-03-12,40.0,46.0,50.0,52.0,53.0,56.0,58.0,61.0,64.0,66.0,67.0,72.0,80.0,inferred
"Kingston upon Hull, City of",2021-03-13,31.0,37.0,40.0,42.0,43.0,46.0,48.0,51.0,54.0,56.0,58.0,62.0,69.0,inferred
"Kingston upon Hull, City of",2021-03-14,36.0,41.0,45.0,46.0,47.0,50.0,53.0,55.0,58.0,60.0,62.0,67.0,76.5,inferred
"Kingston upon Hull, City of",2021-03-15,47.0,53.0,58.0,60.0,62.0,65.0,67.0,70.0,74.0,75.0,77.0,83.0,91.0,inferred
"Kingston upon Hull, City of",2021-03-16,42.5,49.0,53.0,55.0,57.0,60.0,63.0,66.0,69.0,71.0,73.0,78.1,87.0,inferred
"Kingston upon Hull, City of",2021-03-17,44.0,51.0,55.0,57.0,59.0,62.0,65.0,68.0,71.0,73.0,75.0,81.0,91.0,inferred
"Kingston upon Hull, City of",2021-03-18,41.0,47.0,51.0,53.0,55.0,58.0,60.0,63.0,65.0,67.0,69.0,75.0,83.0,inferred
"Kingston upon Hull, City of",2021-03-19,36.0,42.0,47.0,48.0,49.0,51.0,54.0,57.0,60.0,62.0,64.0,70.0,78.0,inferred
"Kingston upon Hull, City of",2021-03-20,28.5,34.0,38.0,39.0,40.0,43.0,46.0,48.0,51.0,52.0,54.0,58.0,66.0,inferred
"Kingston upon Hull, City of",2021-03-21,30.0,38.0,42.0,44.0,45.0,47.0,50.0,52.0,55.0,56.0,58.0,63.0,70.5,inferred
"Kingston upon Hull, City of",2021-03-22,43.0,50.0,54.0,56.0,58.0,60.0,63.0,66.0,69.0,70.0,72.2,79.0,87.0,inferred
"Kingston upon Hull, City of",2021-03-23,39.0,45.0,50.0,52.0,53.0,56.0,58.0,61.0,64.0,66.0,67.0,73.0,83.0,inferred
"Kingston upon Hull, City of",2021-03-24,39.0,44.0,49.0,50.0,52.0,55.0,58.0,60.0,63.3,65.0,67.0,72.0,80.5,inferred
"Kingston upon Hull, City of",2021-03-25,34.0,40.0,44.0,46.0,47.0,50.0,52.0,54.0,57.0,58.0,60.0,65.0,73.0,inferred
"Kingston upon Hull, City of",2021-03-26,28.0,34.0,37.0,39.0,40.0,43.0,45.0,47.0,50.0,51.0,53.0,57.0,65.0,inferred
"Kingston upon Hull, City of",2021-03-27,21.0,26.0,29.0,30.0,31.0,33.0,35.0,37.0,39.3,41.0,42.0,46.0,53.0,inferred
"Kingston upon Hull, City of",2021-03-28,22.0,27.0,30.0,32.0,33.0,35.0,37.0,39.0,42.0,43.0,44.0,48.0,56.0,inferred
"Kingston upon Hull, City of",2021-03-29,28.0,34.0,38.0,39.0,41.0,43.6,45.0,48.0,51.0,53.0,54.0,59.0,66.0,inferred
"Kingston upon Hull, City of",2021-03-30,25.0,30.0,34.0,35.0,36.0,39.0,41.0,44.0,46.0,48.0,49.0,53.0,61.0,inferred
"Kingston upon Hull, City of",2021-03-31,24.0,29.0,33.0,34.0,36.0,38.0,40.0,42.0,45.0,46.0,48.0,52.1,59.5,inferred
"Kingston upon Hull, City of",2021-04-01,21.0,26.0,29.0,31.0,32.0,33.6,36.0,38.0,40.0,42.0,43.0,47.0,54.0,inferred
"Kingston upon Hull, City of",2021-04-02,17.0,22.0,24.0,25.0,26.0,29.0,30.0,32.0,34.0,36.0,37.0,41.0,47.5,inferred
"Kingston upon Hull, City of",2021-04-03,13.0,16.0,19.0,20.0,21.0,22.0,24.0,26.0,28.0,29.0,30.0,33.0,39.5,inferred
"Kingston upon Hull, City of",2021-04-04,13.0,17.0,19.0,21.0,22.0,23.0,25.0,27.0,29.0,30.0,31.0,35.0,41.0,inferred
"Kingston upon Hull, City of",2021-04-05,17.0,21.0,24.8,26.0,27.0,29.0,31.0,32.0,34.0,36.0,37.0,41.0,47.0,inferred
"Kingston upon Hull, City of",2021-04-06,15.0,19.0,22.0,23.0,23.0,25.0,27.0,29.0,31.0,32.0,34.0,38.0,45.0,inferred
"Kingston upon Hull, City of",2021-04-07,14.0,19.0,22.0,23.0,24.0,26.0,28.0,30.0,32.0,33.0,34.0,38.0,44.0,inferred
"Kingston upon Hull, City of",2021-04-08,13.0,17.0,19.0,20.0,21.0,23.0,25.0,27.0,28.0,30.0,31.0,34.0,40.0,inferred
"Kingston upon Hull, City of",2021-04-09,11.0,14.0,17.0,18.0,18.0,20.0,22.0,23.0,25.0,26.0,27.0,30.0,36.0,inferred
"Kingston upon Hull, City of",2021-04-10,8.0,11.0,13.0,14.0,14.0,16.0,17.0,19.0,20.0,21.0,22.0,25.0,30.0,inferred
"Kingston upon Hull, City of",2021-04-11,8.0,11.0,13.8,14.0,15.0,17.0,18.0,20.0,21.0,23.0,24.0,27.0,31.0,inferred
"Kingston upon Hull, City of",2021-04-12,12.0,15.0,18.0,19.0,19.0,21.0,23.0,24.0,26.0,27.0,28.0,31.0,38.0,inferred
"Kingston upon Hull, City of",2021-04-13,10.0,13.0,15.0,16.0,17.0,19.0,20.0,22.0,24.0,25.0,26.0,29.0,34.0,inferred
"Kingston upon Hull, City of",2021-04-14,9.0,13.0,15.0,16.0,17.0,18.0,20.0,22.0,24.0,25.0,26.0,29.0,35.0,inferred
"Kingston upon Hull, City of",2021-04-15,7.5,11.0,13.0,14.0,15.0,16.0,18.0,19.0,21.0,22.0,23.0,26.0,31.0,inferred
"Kingston upon Hull, City of",2021-04-16,6.0,9.0,11.0,12.0,13.0,14.0,15.0,17.0,18.0,19.0,20.0,23.0,28.0,inferred
"Kingston upon Hull, City of",2021-04-17,4.0,7.0,8.0,9.0,9.0,11.0,12.0,13.0,14.0,15.0,16.0,19.0,24.0,inferred
"Kingston upon Hull, City of",2021-04-18,5.0,7.0,9.0,10.0,10.0,12.0,13.0,14.0,16.0,16.0,17.0,20.0,23.0,inferred
"Kingston upon Hull, City of",2021-04-19,7.0,9.0,11.0,12.0,13.0,14.0,16.0,17.0,19.0,19.0,20.0,23.0,28.5,inferred
"Kingston upon Hull, City of",2021-04-20,6.0,8.0,10.0,11.0,11.0,13.0,14.0,15.0,17.0,18.0,19.0,21.0,26.0,inferred
"Kingston upon Hull, City of",2021-04-21,6.0,8.0,10.0,11.0,12.0,13.0,14.0,15.0,17.0,18.0,19.0,21.0,25.0,inferred
"Kingston upon Hull, City of",2021-04-22,5.0,7.0,9.0,10.0,10.0,12.0,13.0,14.0,16.0,17.0,18.0,20.0,23.0,inferred
"Kingston upon Hull, City of",2021-04-23,4.0,6.0,8.0,9.0,9.0,10.0,12.0,13.0,14.0,15.0,16.0,19.0,24.0,inferred
"Kingston upon Hull, City of",2021-04-24,3.0,5.0,6.0,7.0,7.0,8.0,9.0,10.0,12.0,12.0,13.0,15.0,19.0,inferred
"Kingston upon Hull, City of",2021-04-25,3.0,5.0,7.0,7.8,8.0,9.0,10.0,11.0,13.0,13.0,14.0,16.0,21.0,inferred
"Kingston upon Hull, City of",2021-04-26,5.0,8.0,10.0,10.0,11.0,12.0,14.0,15.0,16.0,17.0,18.0,20.0,25.0,inferred
"Kingston upon Hull, City of",2021-04-27,5.0,7.0,8.0,9.0,10.0,11.0,12.0,14.0,15.0,16.0,17.0,19.0,24.0,inferred
"Kingston upon Hull, City of",2021-04-28,5.0,7.0,9.0,10.0,10.0,12.0,13.0,14.0,15.0,16.0,17.0,19.1,24.0,inferred
"Kingston upon Hull, City of",2021-04-29,4.0,6.0,8.0,9.0,9.0,11.0,12.0,13.0,14.0,15.0,16.0,19.0,23.0,inferred
"Kingston upon Hull, City of",2021-04-30,4.0,6.0,7.0,8.0,8.7,10.0,11.0,12.0,13.0,14.0,15.0,17.0,21.0,inferred
"Kingston upon Hull, City of",2021-05-01,2.0,4.0,6.0,6.0,7.0,7.0,8.0,9.0,10.0,11.0,12.0,14.0,17.0,inferred
"Kingston upon Hull, City of",2021-05-02,3.0,4.0,6.0,6.0,7.0,8.0,9.0,10.0,11.0,12.0,12.0,15.0,18.5,inferred
"Kingston upon Hull, City of",2021-05-03,4.0,6.0,8.0,9.0,9.0,10.0,12.0,13.0,14.0,15.0,16.0,18.0,23.0,inferred
"Kingston upon Hull, City of",2021-05-04,4.0,5.0,7.0,8.0,8.0,9.0,10.0,12.0,13.0,14.0,15.0,17.0,20.0,inferred
"Kingston upon Hull, City of",2021-05-05,4.0,6.0,7.0,8.0,8.0,9.0,11.0,12.0,13.0,14.0,15.0,17.0,21.0,inferred
"Kingston upon Hull, City of",2021-05-06,3.0,5.0,6.0,7.0,7.0,9.0,9.0,10.0,12.0,13.0,13.2,16.0,20.0,inferred
"Kingston upon Hull, City of",2021-05-07,2.0,4.0,5.0,6.0,6.0,7.0,8.0,9.0,10.0,11.0,12.0,14.0,18.0,inferred
"Kingston upon Hull, City of",2021-05-08,1.0,3.0,4.0,4.0,5.0,6.0,6.0,7.0,8.0,9.0,10.0,12.0,15.0,inferred
"Kingston upon Hull, City of",2021-05-09,1.0,3.0,4.0,5.0,5.0,6.0,7.0,8.0,9.0,9.2,10.0,12.0,15.0,inferred
"Kingston upon Hull, City of",2021-05-10,2.0,4.0,5.8,6.0,7.0,8.0,9.0,10.0,11.0,12.0,12.0,15.0,19.0,inferred
"Kingston upon Hull, City of",2021-05-11,2.0,4.0,5.0,5.0,6.0,7.0,8.0,9.0,10.0,11.0,11.2,14.0,17.5,inferred
"Kingston upon Hull, City of",2021-05-12,2.0,4.0,5.0,5.0,6.0,7.0,8.0,9.0,10.0,11.0,11.0,13.0,17.0,inferred
"Kingston upon Hull, City of",2021-05-13,2.0,3.0,4.0,5.0,5.0,6.0,7.0,8.0,9.0,10.0,10.0,12.0,16.0,inferred
"Kingston upon Hull, City of",2021-05-14,1.0,3.0,4.0,4.0,5.0,5.0,6.0,7.0,8.0,9.0,9.0,11.0,14.0,inferred
"Kingston upon Hull, City of",2021-05-15,1.0,2.0,3.0,3.0,3.0,4.0,5.0,6.0,6.0,7.0,8.0,10.0,13.0,inferred
"Kingston upon Hull, City of",2021-05-16,1.0,2.0,3.0,3.8,4.0,5.0,5.0,6.0,7.0,8.0,8.0,10.0,13.0,inferred
"Kingston upon Hull, City of",2021-05-17,1.5,3.0,4.0,5.0,5.0,6.0,7.0,8.0,9.0,10.0,11.0,12.1,16.0,inferred
"Kingston upon Hull, City of",2021-05-18,1.0,3.0,4.0,5.0,5.0,6.0,7.0,8.0,9.0,9.0,10.0,11.1,15.0,inferred
"Kingston upon Hull, City of",2021-05-19,1.0,3.0,4.0,5.0,5.0,6.0,7.0,8.0,9.0,10.0,10.0,12.0,16.5,inferred
"Kingston upon Hull, City of",2021-05-20,1.0,3.0,4.0,4.0,5.0,6.0,7.0,7.0,9.0,9.0,10.0,12.0,15.0,inferred
"Kingston upon Hull, City of",2021-05-21,1.0,2.0,4.0,4.0,4.0,5.0,6.0,7.0,8.0,8.0,9.0,11.0,14.0,inferred
"Kingston upon Hull, City of",2021-05-22,1.0,2.0,3.0,3.0,4.0,4.0,5.0,6.0,7.0,8.0,8.0,10.0,13.0,inferred
"Kingston upon Hull, City of",2021-05-23,1.0,2.0,3.0,4.0,4.0,5.0,6.0,7.0,8.0,8.0,9.0,11.0,15.0,inferred
"Kingston upon Hull, City of",2021-05-24,2.0,3.0,5.0,5.0,6.0,7.0,8.0,9.0,10.0,11.0,12.0,14.0,17.0,inferred
"Kingston upon Hull, City of",2021-05-25,2.0,4.0,5.0,6.0,6.0,7.0,8.0,9.0,10.0,10.2,11.0,14.0,17.0,inferred
"Kingston upon Hull, City of",2021-05-26,2.0,4.0,5.0,6.0,6.0,7.0,8.0,9.0,10.0,11.0,12.0,14.0,18.0,inferred
"Kingston upon Hull, City of",2021-05-27,2.0,4.0,5.0,6.0,6.0,7.0,8.0,9.0,10.0,11.0,11.0,14.0,17.0,inferred
"Kingston upon Hull, City of",2021-05-28,2.0,3.0,4.0,5.0,5.0,6.0,7.0,8.0,9.0,10.0,11.0,13.0,17.0,inferred
"Kingston upon Hull, City of",2021-05-29,1.0,2.9,4.0,4.0,5.0,5.0,6.0,7.0,8.0,8.2,9.0,11.0,15.0,inferred
"Kingston upon Hull, City of",2021-05-30,1.5,3.0,4.0,5.0,5.0,6.0,7.0,8.0,9.0,10.0,11.0,13.0,17.0,inferred
"Kingston upon Hull, City of",2021-05-31,3.0,5.0,6.0,7.0,7.0,9.0,10.0,11.0,12.0,13.0,14.0,16.0,20.0,inferred
"Kingston upon Hull, City of",2021-06-01,3.0,5.0,7.0,7.0,8.0,8.6,10.0,11.0,12.0,13.0,14.0,16.0,20.0,inferred
"Kingston upon Hull, City of",2021-06-02,3.0,5.0,7.0,7.0,8.0,9.0,11.0,12.0,13.0,14.0,15.0,17.0,21.0,inferred
"Kingston upon Hull, City of",2021-06-03,3.0,5.0,7.0,7.8,8.0,9.0,10.0,11.0,12.0,13.0,14.0,17.0,20.0,inferred
"Kingston upon Hull, City of",2021-06-04,3.0,5.0,6.0,7.0,7.0,9.0,10.0,11.0,12.0,13.0,14.0,16.0,20.0,inferred
"Kingston upon Hull, City of",2021-06-05,2.0,4.0,5.0,6.0,6.0,7.0,8.0,9.0,10.0,11.0,12.0,14.0,17.0,inferred
"Kingston upon Hull, City of",2021-06-06,2.0,4.0,6.0,7.0,7.0,8.0,9.0,10.0,12.0,12.0,13.0,15.0,20.0,inferred
"Kingston upon Hull, City of",2021-06-07,4.0,7.0,8.0,9.0,10.0,11.0,12.0,13.0,15.0,16.0,16.0,19.0,24.0,inferred
"Kingston upon Hull, City of",2021-06-08,4.0,6.0,8.0,9.0,9.0,11.0,12.0,13.0,15.0,15.0,16.0,19.0,23.0,inferred
"Kingston upon Hull, City of",2021-06-09,5.0,7.0,9.0,9.0,10.0,11.0,12.0,13.0,15.0,15.0,16.0,19.0,24.5,inferred
"Kingston upon Hull, City of",2021-06-10,4.0,7.0,8.0,9.0,9.0,10.0,11.0,13.0,14.0,15.0,16.0,18.0,22.0,inferred
"Kingston upon Hull, City of",2021-06-11,3.0,5.0,7.0,8.0,8.0,9.0,11.0,12.0,13.0,14.0,15.0,17.0,22.0,inferred
"Kingston upon Hull, City of",2021-06-12,2.0,4.0,6.0,6.0,7.0,8.0,8.0,10.0,11.0,12.0,12.0,15.0,19.0,inferred
"Kingston upon Hull, City of",2021-06-13,3.0,5.0,6.0,7.0,8.0,9.0,10.0,11.0,12.0,13.0,13.0,16.0,20.0,inferred
"Kingston upon Hull, City of",2021-06-14,5.0,7.0,9.0,10.0,10.0,11.0,13.0,14.0,15.0,16.0,17.0,20.0,24.0,inferred
"Kingston upon Hull, City of",2021-06-15,4.0,6.0,8.0,9.0,10.0,11.0,12.0,14.0,15.0,16.0,17.0,20.0,24.0,inferred
"Kingston upon Hull, City of",2021-06-16,5.0,7.0,9.0,9.0,10.0,11.0,13.0,14.0,16.0,16.0,17.0,20.0,24.0,inferred
"Kingston upon Hull, City of",2021-06-17,4.0,6.0,8.0,9.0,9.0,10.6,12.0,13.0,14.0,15.0,16.0,19.0,24.0,inferred
"Kingston upon Hull, City of",2021-06-18,4.0,6.0,8.0,8.0,9.0,10.0,11.0,12.0,14.0,15.0,15.0,18.0,23.0,inferred
Kingston upon Thames,2021-03-06,4.0,5.9,7.0,7.0,8.0,9.0,10.0,11.0,12.0,13.0,13.2,15.0,19.0,inferred
Kingston upon Thames,2021-03-07,4.0,7.0,8.0,9.0,9.7,10.0,12.0,13.0,14.0,15.0,16.0,18.0,22.0,inferred
Kingston upon Thames,2021-03-08,6.0,9.0,11.0,12.0,12.0,14.0,15.0,16.0,18.0,19.0,19.0,22.0,26.0,inferred
Kingston upon Thames,2021-03-09,6.0,9.0,11.0,12.0,12.0,13.0,15.0,16.0,17.0,18.0,19.0,22.0,26.0,inferred
Kingston upon Thames,2021-03-10,6.0,9.0,10.8,11.0,12.0,13.0,14.0,16.0,17.0,18.0,19.0,22.0,26.0,inferred
Kingston upon Thames,2021-03-11,5.0,7.0,9.0,10.0,11.0,12.0,13.0,14.0,16.0,17.0,17.0,20.0,24.0,inferred
Kingston upon Thames,2021-03-12,4.0,6.0,8.0,9.0,9.0,10.0,12.0,13.0,14.0,14.2,16.0,17.1,22.0,inferred
Kingston upon Thames,2021-03-13,3.0,5.0,6.0,7.0,7.0,8.0,9.0,10.0,12.0,12.0,13.0,15.0,20.0,inferred
Kingston upon Thames,2021-03-14,4.0,6.0,7.0,8.0,8.0,9.0,10.0,11.0,13.0,13.0,14.0,16.0,20.0,inferred
Kingston upon Thames,2021-03-15,5.0,7.0,9.0,10.0,11.0,12.0,13.0,14.0,16.0,16.0,17.0,20.0,24.0,inferred
Kingston upon Thames,2021-03-16,5.0,7.0,9.0,10.0,10.0,12.0,13.0,14.0,15.0,16.0,17.0,20.0,23.0,inferred
Kingston upon Thames,2021-03-17,5.0,8.0,9.0,10.0,10.0,12.0,13.0,14.0,15.0,16.0,17.0,19.0,24.0,inferred
Kingston upon Thames,2021-03-18,4.0,7.0,8.0,9.0,9.0,11.0,12.0,13.0,14.0,15.0,15.0,18.0,22.0,inferred
Kingston upon Thames,2021-03-19,3.0,6.0,7.0,8.0,8.0,9.0,10.0,11.0,12.0,13.0,14.0,16.0,20.0,inferred
Kingston upon Thames,2021-03-20,2.0,4.0,5.0,6.0,6.0,7.0,8.0,9.0,11.0,11.0,12.0,13.0,17.0,inferred
Kingston upon Thames,2021-03-21,3.0,5.0,6.0,7.0,7.0,9.0,9.0,11.0,12.0,13.0,13.0,16.0,19.0,inferred
Kingston upon Thames,2021-03-22,4.0,6.0,8.0,9.0,9.0,10.0,12.0,13.0,14.0,15.0,15.0,18.0,22.0,inferred
Kingston upon Thames,2021-03-23,4.0,6.0,8.0,8.0,9.0,10.0,11.0,12.0,14.0,14.0,15.0,18.0,21.5,inferred
Kingston upon Thames,2021-03-24,4.0,6.0,8.0,8.0,9.0,10.0,11.0,12.0,14.0,15.0,16.0,18.0,22.0,inferred
Kingston upon Thames,2021-03-25,3.0,5.0,6.0,7.0,8.0,9.0,10.0,11.0,12.0,13.0,13.0,16.0,19.0,inferred
Kingston upon Thames,2021-03-26,2.0,4.0,5.0,6.0,6.0,8.0,9.0,9.0,11.0,11.0,12.0,13.1,17.0,inferred
Kingston upon Thames,2021-03-27,2.0,3.0,4.0,5.0,5.0,6.0,7.0,8.0,9.0,9.0,10.0,12.0,15.0,inferred
Kingston upon Thames,2021-03-28,2.0,3.0,5.0,5.0,6.0,7.0,8.0,8.0,10.0,10.0,11.0,13.0,17.0,inferred
Kingston upon Thames,2021-03-29,3.0,5.0,6.0,7.0,7.0,8.0,9.0,10.0,11.0,12.0,13.0,15.0,19.0,inferred
Kingston upon Thames,2021-03-30,3.0,4.0,6.0,6.0,7.0,8.0,9.0,10.0,11.0,12.0,12.0,15.0,18.0,inferred
Kingston upon Thames,2021-03-31,2.0,4.0,6.0,6.0,7.0,8.0,9.0,10.0,11.0,11.0,12.0,14.0,18.0,inferred
Kingston upon Thames,2021-04-01,2.0,4.0,5.0,5.0,6.0,7.0,8.0,9.0,10.0,10.0,11.0,13.0,16.0,inferred
Kingston upon Thames,2021-04-02,1.5,3.0,4.0,4.0,5.0,6.0,7.0,8.0,8.0,9.0,10.0,11.0,15.0,inferred
Kingston upon Thames,2021-04-03,1.0,2.0,3.0,3.0,4.0,4.0,5.0,6.0,7.0,7.0,8.0,10.0,13.0,inferred
Kingston upon Thames,2021-04-04,1.0,2.0,3.0,3.8,4.0,5.0,5.0,6.0,7.0,8.0,8.0,10.0,13.5,inferred
Kingston upon Thames,2021-04-05,1.0,3.0,4.0,5.0,5.0,6.0,7.0,8.0,9.0,9.0,10.0,12.0,16.0,inferred
Kingston upon Thames,2021-04-06,1.0,3.0,4.0,5.0,5.0,6.0,7.0,8.0,9.0,9.0,10.0,12.0,15.0,inferred
Kingston upon Thames,2021-04-07,1.0,3.0,4.0,5.0,5.0,6.0,7.0,8.0,9.0,10.0,10.0,12.0,16.0,inferred
Kingston upon Thames,2021-04-08,1.0,3.0,4.0,4.0,5.0,5.0,6.0,7.0,8.0,9.0,9.0,11.0,14.0,inferred
Kingston upon Thames,2021-04-09,1.0,2.0,3.0,4.0,4.0,5.0,5.0,6.0,7.0,8.0,8.0,10.0,13.0,inferred
Kingston upon Thames,2021-04-10,0.0,1.0,2.0,3.0,3.0,4.0,4.0,5.0,6.0,6.0,7.0,9.0,11.0,inferred
Kingston upon Thames,2021-04-11,1.0,2.0,3.0,3.0,3.0,4.0,5.0,5.0,6.0,7.0,7.0,9.0,13.0,inferred
Kingston upon Thames,2021-04-12,1.0,2.0,4.0,4.0,4.0,5.0,6.0,7.0,8.0,8.0,9.0,11.0,14.0,inferred
Kingston upon Thames,2021-04-13,1.0,2.0,3.0,4.0,4.0,5.0,6.0,7.0,8.0,8.0,9.0,11.0,13.0,inferred
Kingston upon Thames,2021-04-14,1.0,2.0,3.0,4.0,4.0,5.0,6.0,7.0,8.0,8.0,9.0,10.0,13.5,inferred
Kingston upon Thames,2021-04-15,1.0,2.0,3.0,3.0,4.0,5.0,5.0,6.0,7.0,8.0,8.0,10.0,13.0,inferred
Kingston upon Thames,2021-04-16,1.0,2.0,3.0,3.0,3.0,4.0,5.0,6.0,6.0,7.0,7.0,9.0,12.0,inferred
Kingston upon Thames,2021-04-17,0.0,1.0,2.0,2.0,3.0,3.0,4.0,4.0,5.0,6.0,6.0,8.0,10.0,inferred
Kingston upon Thames,2021-04-18,0.5,1.9,2.0,3.0,3.0,4.0,4.0,5.0,6.0,7.0,7.0,9.0,11.0,inferred
Kingston upon Thames,2021-04-19,1.0,2.0,3.0,4.0,4.0,5.0,6.0,6.0,7.0,8.0,9.0,10.0,14.0,inferred
Kingston upon Thames,2021-04-20,1.0,2.0,3.0,4.0,4.0,5.0,6.0,6.0,7.0,8.0,8.0,10.0,14.0,inferred
Kingston upon Thames,2021-04-21,1.0,2.0,3.0,3.0,4.0,5.0,5.0,6.0,7.0,8.0,8.0,10.0,14.0,inferred
Kingston upon Thames,2021-04-22,1.0,2.0,3.0,3.0,3.0,4.0,5.0,6.0,7.0,7.0,8.0,9.0,12.0,inferred
Kingston upon Thames,2021-04-23,0.0,1.0,2.0,3.0,3.0,4.0,4.0,5.0,6.0,6.0,7.0,9.0,12.0,inferred
Kingston upon Thames,2021-04-24,0.0,1.0,2.0,2.0,2.0,3.0,3.0,4.0,5.0,5.0,6.0,7.0,10.5,inferred
Kingston upon Thames,2021-04-25,0.0,1.0,2.0,2.0,3.0,3.0,4.0,4.4,5.0,6.0,6.0,8.0,10.5,inferred
Kingston upon Thames,2021-04-26,0.0,2.0,2.0,3.0,3.0,4.0,5.0,6.0,6.0,7.0,8.0,9.0,12.0,inferred
Kingston upon Thames,2021-04-27,0.5,1.9,2.0,3.0,3.0,4.0,4.0,5.0,6.0,7.0,7.0,9.0,11.0,inferred
Kingston upon Thames,2021-04-28,1.0,2.0,2.0,3.0,3.0,4.0,5.0,5.0,6.0,7.0,7.0,9.0,12.0,inferred
Kingston upon Thames,2021-04-29,0.0,1.0,2.0,3.0,3.0,4.0,4.0,5.0,6.0,6.0,7.0,9.0,12.0,inferred
Kingston upon Thames,2021-04-30,0.0,1.0,2.0,2.0,2.0,3.0,4.0,4.0,5.0,6.0,6.0,8.0,11.0,inferred
Kingston upon Thames,2021-05-01,0.0,1.0,1.0,2.0,2.0,2.0,3.0,4.0,4.0,5.0,5.0,7.0,9.0,inferred
Kingston upon Thames,2021-05-02,0.0,1.0,2.0,2.0,2.0,3.0,3.0,4.0,5.0,5.0,6.0,7.0,10.0,inferred
Kingston upon Thames,2021-05-03,0.0,1.0,2.0,3.0,3.0,4.0,5.0,5.0,6.0,7.0,7.0,9.0,12.0,inferred
Kingston upon Thames,2021-05-04,1.0,2.0,3.0,3.0,3.0,4.0,5.0,6.0,6.0,7.0,7.0,9.0,12.0,inferred
Kingston upon Thames,2021-05-05,1.0,2.0,3.0,3.0,4.0,4.0,5.0,6.0,7.0,7.0,8.0,10.0,13.0,inferred
Kingston upon Thames,2021-05-06,1.0,2.0,3.0,3.0,3.0,4.0,5.0,6.0,7.0,7.0,8.0,9.0,12.0,inferred
Kingston upon Thames,2021-05-07,1.0,1.9,2.0,3.0,3.0,4.0,5.0,5.0,6.0,7.0,7.0,9.0,12.0,inferred
Kingston upon Thames,2021-05-08,0.0,1.0,2.0,2.0,3.0,3.0,4.0,5.0,5.0,6.0,6.0,8.0,11.0,inferred
Kingston upon Thames,2021-05-09,1.0,2.0,3.0,3.0,3.0,4.0,5.0,5.0,6.0,7.0,7.0,9.0,12.0,inferred
Kingston upon Thames,2021-05-10,1.0,3.0,4.0,5.0,5.0,6.0,7.0,8.0,9.0,9.0,10.0,12.0,15.0,inferred
Kingston upon Thames,2021-05-11,1.0,3.0,4.0,5.0,5.0,6.0,7.0,8.0,9.0,9.0,10.0,12.0,16.0,inferred
Kingston upon Thames,2021-05-12,2.0,3.0,4.0,5.0,6.0,6.0,7.0,8.0,9.0,10.0,11.0,13.0,16.0,inferred
Kingston upon Thames,2021-05-13,2.0,3.0,4.0,5.0,5.0,7.0,7.0,8.0,9.0,10.0,11.0,13.0,16.0,inferred
Kingston upon Thames,2021-05-14,2.0,3.0,4.0,5.0,5.0,6.0,7.0,8.0,9.0,10.0,10.0,12.0,15.0,inferred
Kingston upon Thames,2021-05-15,1.0,3.0,4.0,4.0,4.7,5.0,6.0,7.0,8.0,8.0,9.0,11.0,14.0,inferred
Kingston upon Thames,2021-05-16,2.0,3.0,5.0,5.0,5.0,6.0,7.0,8.0,9.0,10.0,10.0,12.0,16.0,inferred
Kingston upon Thames,2021-05-17,3.0,5.0,6.0,7.0,8.0,9.0,10.0,11.0,12.0,13.0,13.0,16.0,20.0,inferred
Kingston upon Thames,2021-05-18,3.0,5.0,7.0,7.0,8.0,9.0,10.0,11.0,13.0,13.0,14.0,17.0,20.0,inferred
Kingston upon Thames,2021-05-19,4.0,6.0,8.0,9.0,9.0,10.0,11.0,13.0,14.0,15.0,16.0,18.0,22.0,inferred
Kingston upon Thames,2021-05-20,4.0,6.0,8.0,8.0,9.0,10.0,11.0,12.0,14.0,14.0,15.0,17.0,21.0,inferred
Kingston upon Thames,2021-05-21,4.0,6.0,7.0,8.0,8.0,10.0,11.0,12.0,13.0,13.0,14.0,17.0,21.0,inferred
Kingston upon Thames,2021-05-22,3.0,5.0,6.0,6.0,7.0,8.0,9.0,10.0,11.0,12.0,13.0,15.0,19.0,inferred
Kingston upon Thames,2021-05-23,4.0,6.0,8.0,8.0,9.0,10.0,11.0,12.0,14.0,14.0,15.0,18.0,22.0,inferred
Kingston upon Thames,2021-05-24,7.0,9.0,11.0,12.0,13.0,14.0,15.0,17.0,18.0,19.0,20.0,22.0,27.0,inferred
Kingston upon Thames,2021-05-25,7.0,10.0,12.0,13.0,13.0,15.0,16.0,18.0,19.0,20.0,21.0,24.0,28.0,inferred
Kingston upon Thames,2021-05-26,7.5,11.0,13.0,14.0,14.0,16.0,17.0,19.0,20.0,21.0,22.0,25.0,30.0,inferred
Kingston upon Thames,2021-05-27,7.0,10.0,12.0,13.0,14.0,15.0,16.0,18.0,19.0,20.0,21.0,24.0,28.0,inferred
Kingston upon Thames,2021-05-28,6.0,9.0,11.0,12.0,12.0,14.0,15.0,16.0,18.0,18.0,19.0,22.0,27.0,inferred
Kingston upon Thames,2021-05-29,5.0,7.0,9.0,9.0,10.0,11.0,13.0,14.0,15.0,16.0,17.0,19.0,23.0,inferred
Kingston upon Thames,2021-05-30,6.0,9.0,11.0,11.0,12.0,13.0,15.0,16.0,17.0,18.0,19.0,22.0,26.0,inferred
Kingston upon Thames,2021-05-31,9.0,12.0,14.0,15.0,16.0,18.0,19.0,21.0,22.0,23.0,24.0,27.1,33.0,inferred
Kingston upon Thames,2021-06-01,8.5,12.0,14.0,15.0,16.0,18.0,19.0,21.0,22.0,23.0,24.0,27.0,32.0,inferred
Kingston upon Thames,2021-06-02,9.5,12.0,14.0,15.0,16.0,18.0,19.0,21.0,22.0,23.0,24.0,27.0,32.0,inferred
Kingston upon Thames,2021-06-03,9.0,11.0,14.0,14.0,15.0,17.0,18.0,20.0,21.0,22.0,24.0,27.0,32.0,inferred
Kingston upon Thames,2021-06-04,7.0,10.0,12.0,13.0,14.0,15.0,17.0,18.0,19.0,20.0,21.0,24.0,29.0,inferred
Kingston upon Thames,2021-06-05,5.0,8.0,10.0,11.0,11.0,13.0,14.0,15.0,16.0,17.0,18.0,21.0,25.0,inferred
Kingston upon Thames,2021-06-06,7.0,10.0,12.0,13.0,14.0,15.0,16.0,18.0,19.0,20.0,21.0,24.0,28.5,inferred
Kingston upon Thames,2021-06-07,10.0,13.0,16.0,17.0,18.0,20.0,21.0,23.0,25.0,26.0,27.0,30.0,36.0,inferred
Kingston upon Thames,2021-06-08,11.0,14.0,16.0,17.0,18.0,20.0,21.0,23.0,25.0,26.0,27.0,30.0,36.0,inferred
Kingston upon Thames,2021-06-09,10.5,14.0,17.0,17.0,18.0,20.0,21.0,23.0,25.0,26.0,27.0,30.0,36.0,inferred
Kingston upon Thames,2021-06-10,10.0,13.0,15.0,16.0,17.0,18.0,20.0,22.0,23.0,24.0,25.0,28.0,32.5,inferred
Kingston upon Thames,2021-06-11,8.0,11.0,13.0,14.0,15.0,16.0,17.0,19.0,21.0,21.0,22.0,25.0,29.0,inferred
Kingston upon Thames,2021-06-12,6.0,9.0,11.0,11.0,12.0,13.0,14.0,15.0,17.0,18.0,19.0,22.0,25.0,inferred
Kingston upon Thames,2021-06-13,7.0,10.0,12.0,13.0,13.0,15.0,16.0,18.0,19.0,20.0,21.0,24.0,28.0,inferred
Kingston upon Thames,2021-06-14,11.0,14.0,16.0,17.0,18.0,19.0,21.0,22.0,24.0,25.0,26.0,30.0,35.0,inferred
Kingston upon Thames,2021-06-15,10.0,13.0,15.8,16.8,17.0,19.0,21.0,22.0,24.0,25.0,26.0,29.0,34.0,inferred
Kingston upon Thames,2021-06-16,10.0,13.0,16.0,16.0,17.0,19.0,21.0,22.0,24.0,25.0,26.0,29.0,35.0,inferred
Kingston upon Thames,2021-06-17,9.0,12.0,14.0,15.0,16.0,17.0,19.0,21.0,22.0,23.0,24.0,28.0,34.0,inferred
Kingston upon Thames,2021-06-18,7.0,10.0,12.0,13.0,14.0,15.0,17.0,18.0,20.0,21.0,22.0,25.0,30.0,inferred
Kirklees,2021-03-06,37.0,42.0,45.0,46.0,47.0,50.0,52.0,54.0,56.0,57.2,59.0,63.0,69.0,inferred
Kirklees,2021-03-07,41.0,46.0,50.0,51.0,53.0,55.0,57.0,60.0,62.0,63.0,65.0,68.0,76.0,inferred
Kirklees,2021-03-08,52.0,59.0,64.0,65.0,66.0,69.0,71.0,74.0,76.0,78.0,80.0,85.0,91.5,inferred
Kirklees,2021-03-09,49.0,55.0,59.0,61.0,62.0,64.0,66.0,69.0,72.0,73.0,75.0,79.0,86.0,inferred
Kirklees,2021-03-10,51.0,57.0,61.0,63.0,65.0,67.0,69.0,72.0,75.0,76.0,78.0,82.0,90.0,inferred
Kirklees,2021-03-11,47.5,53.0,57.0,59.0,60.0,62.6,65.0,67.0,70.0,71.0,73.0,77.1,85.0,inferred
Kirklees,2021-03-12,44.0,49.0,53.0,54.0,55.0,58.0,60.0,63.0,64.0,66.0,67.0,71.0,78.0,inferred
Kirklees,2021-03-13,34.0,40.0,43.0,44.0,46.0,48.0,50.0,52.0,55.0,56.0,57.0,61.0,67.0,inferred
Kirklees,2021-03-14,41.0,45.0,49.0,51.0,52.0,54.0,56.0,58.0,61.0,62.0,64.0,68.0,75.0,inferred
Kirklees,2021-03-15,54.0,60.0,64.0,66.0,67.0,71.0,73.0,76.0,79.0,80.0,82.0,87.0,95.0,inferred
Kirklees,2021-03-16,50.0,56.9,60.0,62.0,64.0,66.0,69.0,72.0,75.0,76.0,78.0,83.0,90.5,inferred
Kirklees,2021-03-17,53.0,60.0,64.0,66.0,67.0,70.0,72.0,75.0,78.0,80.0,81.0,87.0,95.0,inferred
Kirklees,2021-03-18,50.0,56.0,60.0,61.8,63.0,65.0,68.0,70.0,73.0,75.0,77.0,82.0,90.0,inferred
Kirklees,2021-03-19,46.0,53.0,56.0,58.0,59.0,62.0,64.0,66.0,69.0,70.0,72.0,77.0,84.0,inferred
Kirklees,2021-03-20,38.5,43.0,46.0,48.0,49.0,51.0,53.0,56.0,58.0,59.0,61.0,65.0,71.0,inferred
Kirklees,2021-03-21,43.0,49.0,53.0,54.0,56.0,58.0,60.0,63.0,65.0,67.0,68.0,73.0,80.0,inferred
Kirklees,2021-03-22,59.0,65.0,70.0,71.0,73.0,75.6,79.0,81.0,84.0,86.0,88.0,93.0,100.0,inferred
Kirklees,2021-03-23,52.0,60.0,64.0,66.0,67.0,70.0,72.0,75.0,78.0,80.0,81.0,86.0,94.5,inferred
Kirklees,2021-03-24,54.0,60.0,64.0,66.0,67.0,70.6,73.0,76.0,78.0,80.0,81.0,87.0,94.0,inferred
Kirklees,2021-03-25,47.5,53.0,57.0,59.0,60.0,63.0,65.0,67.0,70.0,71.0,73.0,78.0,85.0,inferred
Kirklees,2021-03-26,41.0,46.0,49.0,51.0,52.0,55.0,57.0,59.0,62.0,63.0,64.0,69.0,76.0,inferred
Kirklees,2021-03-27,30.5,35.0,38.8,40.0,41.0,43.0,45.0,47.0,49.0,50.0,52.0,55.0,61.0,inferred
Kirklees,2021-03-28,33.0,37.0,40.0,42.0,43.0,45.0,47.0,49.0,51.0,52.0,54.0,57.1,64.0,inferred
Kirklees,2021-03-29,40.0,45.9,49.0,51.0,53.0,55.0,57.5,60.0,62.3,64.0,65.0,70.0,76.5,inferred
Kirklees,2021-03-30,37.0,42.0,46.0,47.0,48.0,50.0,52.5,55.0,57.0,59.0,60.0,65.0,71.0,inferred
Kirklees,2021-03-31,38.0,43.0,47.0,48.0,50.0,52.0,54.0,56.0,58.0,60.0,61.0,66.0,72.0,inferred
Kirklees,2021-04-01,35.0,39.0,43.0,44.0,45.0,48.0,50.0,52.0,54.0,56.0,57.2,62.0,68.0,inferred
Kirklees,2021-04-02,32.0,36.9,39.0,41.0,42.0,44.0,46.0,47.0,50.0,51.0,52.0,56.0,62.0,inferred
Kirklees,2021-04-03,24.0,28.0,31.0,32.0,33.0,35.0,37.0,39.0,41.0,42.0,44.0,47.0,52.0,inferred
Kirklees,2021-04-04,27.0,31.0,34.0,36.0,37.0,39.0,41.0,43.0,45.0,46.0,47.0,50.0,55.0,inferred
Kirklees,2021-04-05,35.0,40.0,45.0,46.0,47.0,49.0,51.0,54.0,56.0,57.0,59.0,62.0,69.5,inferred
Kirklees,2021-04-06,33.0,38.0,42.0,43.0,44.0,47.0,49.0,51.0,53.0,54.0,56.0,60.0,66.0,inferred
Kirklees,2021-04-07,34.0,39.0,43.0,44.0,45.0,48.0,50.0,52.0,54.0,56.0,57.0,61.0,67.0,inferred
Kirklees,2021-04-08,32.0,36.0,39.0,40.0,42.0,44.0,46.0,48.0,51.0,52.0,53.0,57.0,64.0,inferred
Kirklees,2021-04-09,27.0,32.0,35.0,36.0,37.0,39.0,41.0,43.0,45.0,46.0,47.0,51.0,57.0,inferred
Kirklees,2021-04-10,21.0,25.0,28.0,29.0,30.0,32.0,33.0,35.0,37.0,38.0,39.2,43.0,48.0,inferred
Kirklees,2021-04-11,23.0,27.0,30.0,32.0,33.0,35.0,36.0,38.0,40.0,41.0,42.0,46.0,51.0,inferred
Kirklees,2021-04-12,30.5,35.0,38.0,40.0,41.0,43.0,45.0,47.0,49.0,51.0,52.0,56.0,62.0,inferred
Kirklees,2021-04-13,28.5,33.0,35.0,37.0,38.0,40.0,42.0,44.0,46.0,48.0,49.0,52.0,58.0,inferred
Kirklees,2021-04-14,30.0,34.0,37.0,39.0,40.0,42.0,44.0,46.0,48.0,49.0,51.0,54.0,60.0,inferred
Kirklees,2021-04-15,27.0,31.0,34.0,36.0,37.0,39.0,40.0,43.0,45.0,46.0,47.0,51.0,55.0,inferred
Kirklees,2021-04-16,24.0,28.9,31.0,32.0,34.0,36.0,38.0,39.0,42.0,43.0,44.0,47.0,52.0,inferred
Kirklees,2021-04-17,19.0,23.0,26.0,27.0,28.0,30.0,31.0,33.0,35.0,36.0,37.0,41.0,45.0,inferred
Kirklees,2021-04-18,22.0,26.0,29.0,30.0,31.0,33.0,35.0,36.0,38.0,39.2,41.0,44.0,49.0,inferred
Kirklees,2021-04-19,29.0,34.0,38.0,39.0,40.0,42.0,44.0,46.0,49.0,50.0,52.0,55.0,62.0,inferred
Kirklees,2021-04-20,27.0,32.0,36.0,37.0,38.0,40.0,42.0,44.0,46.0,48.0,49.0,52.0,58.0,inferred
Kirklees,2021-04-21,28.0,34.0,37.0,38.0,39.0,41.0,43.0,45.0,48.0,49.0,50.0,53.0,59.0,inferred
Kirklees,2021-04-22,26.0,31.0,34.0,35.0,36.0,38.0,40.0,42.0,44.0,45.0,46.0,50.0,56.0,inferred
Kirklees,2021-04-23,23.0,28.0,31.0,32.0,33.0,35.0,36.0,38.0,40.0,41.0,43.0,46.0,51.0,inferred
Kirklees,2021-04-24,18.0,22.0,24.0,25.0,26.0,28.0,29.0,31.0,33.0,34.0,35.0,38.0,43.0,inferred
Kirklees,2021-04-25,20.0,24.0,27.0,28.0,29.0,31.0,32.0,34.0,36.0,37.0,38.0,41.0,46.0,inferred
Kirklees,2021-04-26,26.0,31.0,34.0,36.0,37.0,39.0,40.0,42.0,45.0,46.0,47.0,51.0,57.0,inferred
Kirklees,2021-04-27,24.0,28.9,32.0,33.0,34.0,36.0,38.0,40.0,42.0,43.0,44.0,48.0,53.0,inferred
Kirklees,2021-04-28,26.0,30.0,34.0,35.0,36.0,37.0,39.0,41.0,43.0,44.0,45.0,49.0,55.0,inferred
Kirklees,2021-04-29,24.0,28.0,31.0,32.0,33.0,35.0,37.0,38.0,41.0,42.0,43.0,46.0,51.5,inferred
Kirklees,2021-04-30,22.0,25.0,28.0,29.0,30.0,32.0,33.0,35.0,37.0,38.0,39.0,43.0,47.0,inferred
Kirklees,2021-05-01,16.0,20.0,23.0,23.0,24.0,26.0,27.0,29.0,31.0,32.0,33.0,36.0,40.0,inferred
Kirklees,2021-05-02,19.0,22.0,25.0,26.0,27.0,28.0,30.0,32.0,33.0,34.0,36.0,39.0,44.5,inferred
Kirklees,2021-05-03,25.0,30.0,33.0,34.0,35.0,37.0,39.0,41.0,43.0,44.0,46.0,49.1,56.0,inferred
Kirklees,2021-05-04,25.0,28.9,31.0,32.0,33.0,36.0,37.0,39.0,41.0,42.0,44.0,47.0,53.5,inferred
Kirklees,2021-05-05,27.0,31.0,34.0,35.0,36.0,38.0,40.0,42.0,44.0,45.0,47.0,50.0,56.0,inferred
Kirklees,2021-05-06,26.0,30.0,32.0,34.0,34.0,37.0,38.0,40.0,43.0,44.0,45.0,48.0,54.0,inferred
Kirklees,2021-05-07,24.0,28.0,31.0,32.0,33.0,34.0,36.0,38.0,40.0,41.2,43.0,46.0,51.0,inferred
Kirklees,2021-05-08,20.0,23.0,26.0,27.0,28.0,30.0,31.0,33.0,35.0,36.0,37.0,40.0,46.0,inferred
Kirklees,2021-05-09,23.0,27.0,30.0,31.0,32.0,34.0,36.0,37.0,39.0,40.0,42.0,45.1,51.0,inferred
Kirklees,2021-05-10,32.0,38.0,41.0,42.0,43.0,45.0,48.0,50.0,52.0,53.0,55.0,58.0,65.0,inferred
Kirklees,2021-05-11,31.5,36.0,40.0,41.0,43.0,45.0,47.0,49.0,52.0,53.0,54.0,59.0,65.0,inferred
Kirklees,2021-05-12,36.0,41.0,45.0,46.0,47.0,49.0,51.0,54.0,56.0,57.0,59.0,62.0,69.0,inferred
Kirklees,2021-05-13,35.0,41.0,44.8,46.0,47.0,49.0,51.0,53.0,56.0,57.0,59.0,62.0,68.0,inferred
Kirklees,2021-05-14,35.0,40.0,43.0,45.0,46.0,48.0,50.0,52.0,54.0,55.0,57.0,60.0,67.0,inferred
Kirklees,2021-05-15,30.0,35.0,38.0,39.0,40.0,42.0,44.0,46.0,49.0,50.0,51.0,55.0,61.0,inferred
Kirklees,2021-05-16,36.5,41.0,44.0,46.0,47.0,49.0,51.0,53.0,56.0,58.0,59.0,64.0,70.0,inferred
Kirklees,2021-05-17,51.5,58.0,62.0,64.0,65.0,68.0,70.0,73.0,76.0,77.0,79.0,84.0,92.0,inferred
Kirklees,2021-05-18,50.0,56.0,60.0,62.0,63.0,66.0,68.5,71.0,74.0,76.0,77.0,82.0,90.0,inferred
Kirklees,2021-05-19,55.0,61.9,65.0,67.0,69.0,71.0,73.5,76.0,79.0,80.0,82.0,87.0,95.5,inferred
Kirklees,2021-05-20,51.0,58.0,62.0,64.0,65.0,68.0,71.0,73.0,76.0,77.0,79.0,83.0,90.0,inferred
Kirklees,2021-05-21,48.5,54.0,58.0,59.0,61.0,63.0,66.0,68.0,71.0,72.0,74.0,78.0,86.0,inferred
Kirklees,2021-05-22,40.0,45.0,48.0,50.0,51.0,53.0,55.0,57.0,60.0,61.0,63.0,67.0,74.5,inferred
Kirklees,2021-05-23,45.5,51.0,55.0,56.0,57.0,60.0,62.0,65.0,67.0,68.0,70.0,75.0,80.0,inferred
Kirklees,2021-05-24,61.0,67.0,72.0,74.0,75.0,79.0,81.0,84.0,87.0,89.0,90.0,96.0,104.0,inferred
Kirklees,2021-05-25,58.0,64.9,69.0,71.0,72.0,75.0,78.0,81.0,83.0,85.0,86.0,92.0,99.0,inferred
Kirklees,2021-05-26,61.0,67.0,72.0,73.0,75.0,78.0,80.0,83.0,86.0,87.0,89.0,94.0,102.0,inferred
Kirklees,2021-05-27,55.5,62.0,66.0,68.0,69.0,72.0,74.0,77.0,80.0,82.0,84.0,89.0,96.0,inferred
Kirklees,2021-05-28,49.0,56.0,60.0,61.0,63.0,65.0,68.0,70.0,72.0,74.0,76.0,80.0,88.0,inferred
Kirklees,2021-05-29,37.5,44.0,47.0,49.0,50.0,53.0,55.0,57.0,59.0,61.0,63.0,67.0,74.0,inferred
Kirklees,2021-05-30,43.0,49.0,53.0,54.8,56.0,58.0,60.0,63.0,65.0,67.0,68.0,72.1,79.0,inferred
Kirklees,2021-05-31,56.0,64.0,68.0,70.0,71.0,74.0,77.0,79.0,82.0,84.0,86.0,90.1,98.0,inferred
Kirklees,2021-06-01,54.0,60.0,64.0,66.0,67.0,70.0,73.0,76.0,78.0,80.0,81.2,86.0,93.5,inferred
Kirklees,2021-06-02,57.0,64.0,68.0,70.0,71.7,74.0,77.0,80.0,82.0,84.0,86.0,91.0,98.5,inferred
Kirklees,2021-06-03,55.0,61.0,65.0,67.0,68.0,70.0,73.0,75.0,78.0,80.0,82.0,87.0,95.0,inferred
Kirklees,2021-06-04,50.0,56.0,61.0,63.0,64.0,66.0,68.0,71.0,73.0,75.0,77.0,81.0,89.0,inferred
Kirklees,2021-06-05,42.0,47.0,51.0,52.0,54.0,56.0,59.0,61.0,63.0,65.0,67.0,71.1,78.0,inferred
Kirklees,2021-06-06,49.0,55.0,58.0,60.0,61.0,64.0,66.0,69.0,72.0,73.0,75.0,79.1,87.0,inferred
Kirklees,2021-06-07,66.0,73.0,78.0,80.0,81.0,84.0,87.0,89.0,92.0,94.0,96.0,102.0,110.0,inferred
Kirklees,2021-06-08,61.0,68.0,72.0,74.0,76.0,79.0,81.0,84.0,87.0,88.0,90.0,96.0,104.0,inferred
Kirklees,2021-06-09,62.0,69.0,74.0,76.0,77.0,80.0,82.0,85.0,88.0,90.0,92.0,97.0,106.0,inferred
Kirklees,2021-06-10,57.0,63.0,67.0,69.0,70.0,73.0,76.0,78.0,81.0,83.0,85.0,89.0,95.5,inferred
Kirklees,2021-06-11,50.0,56.0,60.0,61.0,63.0,65.0,68.0,70.0,73.0,75.0,76.0,81.0,88.5,inferred
Kirklees,2021-06-12,40.0,44.0,48.0,49.0,51.0,53.0,55.0,57.0,60.0,62.0,63.0,68.0,74.0,inferred
Kirklees,2021-06-13,44.0,49.0,52.0,54.0,55.0,58.0,60.0,62.0,65.0,67.0,68.0,72.0,80.5,inferred
Kirklees,2021-06-14,56.0,64.0,68.0,70.0,71.0,74.0,77.0,79.0,82.0,84.0,86.0,91.0,98.5,inferred
Kirklees,2021-06-15,55.0,61.0,66.0,67.0,69.0,71.0,74.0,77.0,79.0,81.0,83.0,88.0,95.0,inferred
Kirklees,2021-06-16,58.0,66.0,71.0,73.0,75.0,77.0,80.0,83.0,86.0,88.0,90.0,95.1,104.0,inferred
Kirklees,2021-06-17,58.0,65.0,69.0,71.0,73.0,76.0,79.0,81.0,84.0,86.0,88.0,94.0,104.0,inferred
Kirklees,2021-06-18,54.5,61.0,65.0,67.0,69.0,72.0,75.0,78.0,81.0,82.0,84.0,89.0,97.0,inferred
Knowsley,2021-03-06,2.0,4.0,5.0,6.0,7.0,8.0,9.0,10.0,12.0,12.0,13.0,15.0,20.0,inferred
Knowsley,2021-03-07,3.0,5.0,6.0,7.0,8.0,9.0,10.0,11.0,13.0,13.0,14.0,17.0,22.0,inferred
Knowsley,2021-03-08,4.0,7.0,8.0,9.0,10.0,11.0,12.0,14.0,16.0,16.0,18.0,20.0,26.0,inferred
Knowsley,2021-03-09,4.0,6.0,8.0,9.0,9.0,10.0,11.5,13.0,15.0,15.0,16.0,19.0,23.0,inferred
Knowsley,2021-03-10,3.0,6.0,7.0,8.0,9.0,10.0,11.0,13.0,14.0,15.0,16.0,19.0,24.0,inferred
Knowsley,2021-03-11,3.0,5.0,7.0,7.0,8.0,9.0,10.0,12.0,13.0,14.0,15.0,18.0,23.0,inferred
Knowsley,2021-03-12,2.0,4.0,6.0,6.0,7.0,8.0,9.0,11.0,12.0,12.0,13.0,16.0,21.0,inferred
Knowsley,2021-03-13,1.0,3.0,4.0,4.0,5.0,6.0,7.0,8.0,9.0,10.0,10.0,13.0,17.0,inferred
Knowsley,2021-03-14,2.0,3.0,5.0,5.0,6.0,7.0,8.0,9.0,10.0,11.0,12.0,14.0,18.0,inferred
Knowsley,2021-03-15,3.0,4.0,6.0,7.0,8.0,9.0,10.0,12.0,13.0,14.0,15.0,17.0,22.0,inferred
Knowsley,2021-03-16,3.0,5.0,6.0,7.0,8.0,9.0,10.0,11.0,12.0,13.0,14.0,17.0,21.0,inferred
Knowsley,2021-03-17,3.0,5.0,6.0,7.0,7.0,9.0,10.0,11.0,13.0,14.0,15.0,17.0,22.0,inferred
Knowsley,2021-03-18,2.0,4.0,6.0,6.0,7.0,8.0,9.0,11.0,12.0,13.0,14.0,16.0,21.0,inferred
Knowsley,2021-03-19,2.0,4.0,5.0,5.0,6.0,7.0,8.0,9.0,11.0,11.0,12.0,15.0,18.5,inferred
Knowsley,2021-03-20,1.0,2.0,3.0,4.0,4.0,5.0,6.0,7.0,8.0,9.0,10.0,12.0,16.0,inferred
Knowsley,2021-03-21,1.0,3.0,4.0,5.0,5.0,6.0,7.0,8.0,10.0,10.0,11.0,14.0,18.0,inferred
Knowsley,2021-03-22,2.0,4.0,6.0,7.0,8.0,9.0,10.0,11.0,12.0,13.0,14.0,16.0,22.0,inferred
Knowsley,2021-03-23,2.0,4.0,5.0,6.0,6.0,8.0,9.0,10.0,12.0,12.0,13.0,16.0,21.0,inferred
Knowsley,2021-03-24,2.0,4.0,5.0,6.0,6.0,7.0,9.0,10.0,11.0,12.0,13.0,15.0,20.0,inferred
Knowsley,2021-03-25,2.0,3.0,4.0,5.0,5.0,6.6,8.0,9.0,10.0,11.0,11.0,14.0,18.0,inferred
Knowsley,2021-03-26,1.0,2.0,3.0,4.0,4.0,5.0,6.0,7.0,8.0,9.0,10.0,12.0,16.0,inferred
Knowsley,2021-03-27,0.0,1.0,2.0,2.0,3.0,4.0,5.0,5.0,7.0,7.0,8.0,10.0,13.0,inferred
Knowsley,2021-03-28,0.0,2.0,3.0,3.0,3.0,4.0,5.0,6.0,7.0,8.0,8.0,11.0,14.0,inferred
Knowsley,2021-03-29,1.0,2.0,3.0,4.0,4.0,5.0,6.0,7.0,8.0,9.0,9.2,12.0,15.5,inferred
Knowsley,2021-03-30,1.0,2.0,3.0,4.0,4.0,5.0,6.0,7.0,8.0,9.0,9.0,11.0,15.0,inferred
Knowsley,2021-03-31,1.0,2.0,3.0,3.0,4.0,5.0,6.0,7.0,8.0,9.0,9.0,11.0,16.0,inferred
Knowsley,2021-04-01,0.0,1.0,2.0,3.0,3.0,4.0,5.0,6.0,7.0,8.0,8.0,11.0,14.0,inferred
Knowsley,2021-04-02,0.0,1.0,2.0,2.0,3.0,3.0,4.0,5.0,6.0,7.0,7.0,9.0,13.0,inferred
Knowsley,2021-04-03,0.0,0.0,1.0,2.0,2.0,2.0,3.0,4.0,5.0,5.0,6.0,8.0,11.0,inferred
Knowsley,2021-04-04,0.0,1.0,1.0,2.0,2.0,3.0,4.0,4.0,5.0,6.0,6.0,8.0,12.0,inferred
Knowsley,2021-04-05,0.0,1.0,2.0,2.0,3.0,4.0,4.0,5.0,6.0,7.0,8.0,9.0,13.0,inferred
Knowsley,2021-04-06,0.0,1.0,2.0,2.0,3.0,3.0,4.0,5.0,6.0,7.0,7.0,9.0,12.0,inferred
Knowsley,2021-04-07,0.0,1.0,2.0,2.0,3.0,3.0,4.0,5.0,6.0,7.0,7.0,9.0,12.0,inferred
Knowsley,2021-04-08,0.0,1.0,2.0,2.0,2.0,3.0,4.0,5.0,6.0,6.0,7.0,9.0,12.0,inferred
Knowsley,2021-04-09,0.0,1.0,1.0,2.0,2.0,3.0,3.0,4.0,5.0,5.0,6.0,8.0,11.0,inferred
Knowsley,2021-04-10,0.0,0.0,1.0,1.0,1.0,2.0,2.0,3.0,4.0,4.0,5.0,6.0,9.0,inferred
Knowsley,2021-04-11,0.0,0.0,1.0,1.0,2.0,2.0,3.0,3.0,4.0,5.0,5.0,7.0,10.0,inferred
Knowsley,2021-04-12,0.0,1.0,1.0,2.0,2.0,3.0,4.0,4.0,5.0,6.0,7.0,8.0,11.0,inferred
Knowsley,2021-04-13,0.0,1.0,1.0,2.0,2.0,3.0,4.0,4.0,5.0,6.0,7.0,8.0,12.0,inferred
Knowsley,2021-04-14,0.0,1.0,1.0,2.0,2.0,3.0,3.0,4.0,5.0,6.0,6.0,8.0,11.0,inferred
Knowsley,2021-04-15,0.0,1.0,1.0,2.0,2.0,2.0,3.0,4.0,5.0,5.0,6.0,8.0,11.0,inferred
Knowsley,2021-04-16,0.0,0.0,1.0,1.0,1.0,2.0,3.0,3.0,4.0,4.2,5.0,7.0,10.0,inferred
Knowsley,2021-04-17,0.0,0.0,0.0,1.0,1.0,1.0,2.0,2.0,3.0,4.0,4.0,6.0,9.0,inferred
Knowsley,2021-04-18,0.0,0.0,1.0,1.0,1.0,2.0,2.0,3.0,3.0,4.0,4.0,6.0,9.0,inferred
Knowsley,2021-04-19,0.0,0.0,1.0,1.0,1.0,2.0,3.0,3.0,4.0,5.0,5.0,7.0,10.0,inferred
Knowsley,2021-04-20,0.0,0.0,1.0,1.0,1.0,2.0,2.0,3.0,4.0,4.0,5.0,7.0,10.0,inferred
Knowsley,2021-04-21,0.0,0.0,1.0,1.0,1.0,2.0,2.0,3.0,4.0,4.0,5.0,6.0,10.0,inferred
Knowsley,2021-04-22,0.0,0.0,1.0,1.0,1.0,2.0,2.0,3.0,4.0,4.0,5.0,6.0,10.0,inferred
Knowsley,2021-04-23,0.0,0.0,1.0,1.0,1.0,1.0,2.0,2.0,3.0,4.0,4.0,5.0,8.0,inferred
Knowsley,2021-04-24,0.0,0.0,0.0,0.0,1.0,1.0,1.0,2.0,2.3,3.0,3.0,5.0,8.0,inferred
Knowsley,2021-04-25,0.0,0.0,0.0,1.0,1.0,1.0,2.0,2.0,3.0,3.0,4.0,5.0,8.0,inferred
Knowsley,2021-04-26,0.0,0.0,1.0,1.0,1.0,2.0,2.0,3.0,4.0,4.0,5.0,6.0,9.0,inferred
Knowsley,2021-04-27,0.0,0.0,1.0,1.0,1.0,2.0,2.0,3.0,3.0,4.0,4.0,6.0,9.0,inferred
Knowsley,2021-04-28,0.0,0.0,1.0,1.0,1.0,2.0,2.0,3.0,4.0,4.0,4.0,6.0,9.0,inferred
Knowsley,2021-04-29,0.0,0.0,1.0,1.0,1.0,1.0,2.0,3.0,3.0,4.0,4.0,6.0,8.0,inferred
Knowsley,2021-04-30,0.0,0.0,0.0,1.0,1.0,1.0,2.0,2.0,3.0,3.0,4.0,5.0,8.5,inferred
Knowsley,2021-05-01,0.0,0.0,0.0,0.0,1.0,1.0,1.0,2.0,2.0,3.0,3.0,5.0,8.0,inferred
Knowsley,2021-05-02,0.0,0.0,0.0,0.0,1.0,1.0,2.0,2.0,3.0,3.0,4.0,5.0,8.0,inferred
Knowsley,2021-05-03,0.0,0.0,1.0,1.0,1.0,2.0,2.0,3.0,4.0,4.0,4.0,6.0,9.0,inferred
Knowsley,2021-05-04,0.0,0.0,1.0,1.0,1.0,2.0,2.0,3.0,3.0,4.0,4.0,6.0,9.0,inferred
Knowsley,2021-05-05,0.0,0.0,1.0,1.0,1.0,2.0,2.0,3.0,4.0,4.0,5.0,6.1,10.0,inferred
Knowsley,2021-05-06,0.0,0.0,1.0,1.0,1.0,2.0,2.0,3.0,3.0,4.0,4.0,6.0,9.0,inferred
Knowsley,2021-05-07,0.0,0.0,0.0,1.0,1.0,1.0,2.0,2.0,3.0,4.0,4.0,6.0,8.0,inferred
Knowsley,2021-05-08,0.0,0.0,0.0,0.0,0.0,1.0,1.0,2.0,2.0,3.0,3.0,5.0,7.0,inferred
Knowsley,2021-05-09,0.0,0.0,0.0,0.0,1.0,1.0,1.0,2.0,3.0,3.0,3.2,5.0,8.0,inferred
Knowsley,2021-05-10,0.0,0.0,1.0,1.0,1.0,1.0,2.0,3.0,3.0,4.0,4.0,6.0,9.0,inferred
Knowsley,2021-05-11,0.0,0.0,0.0,1.0,1.0,1.0,2.0,2.0,3.0,3.0,4.0,6.0,8.5,inferred
Knowsley,2021-05-12,0.0,0.0,0.0,1.0,1.0,1.0,2.0,2.0,3.0,4.0,4.0,5.0,8.0,inferred
Knowsley,2021-05-13,0.0,0.0,0.0,0.0,1.0,1.0,2.0,2.0,3.0,3.0,4.0,5.0,9.0,inferred
Knowsley,2021-05-14,0.0,0.0,0.0,0.0,1.0,1.0,1.0,2.0,2.0,3.0,3.0,5.0,7.0,inferred
Knowsley,2021-05-15,0.0,0.0,0.0,0.0,0.0,1.0,1.0,1.0,2.0,2.0,3.0,4.0,6.0,inferred
Knowsley,2021-05-16,0.0,0.0,0.0,0.0,0.0,1.0,1.0,1.0,2.0,2.0,3.0,4.0,7.0,inferred
Knowsley,2021-05-17,0.0,0.0,0.0,0.0,1.0,1.0,1.0,2.0,3.0,3.0,3.0,5.0,8.0,inferred
Knowsley,2021-05-18,0.0,0.0,0.0,0.0,1.0,1.0,2.0,2.0,3.0,3.0,4.0,5.0,8.0,inferred
Knowsley,2021-05-19,0.0,0.0,0.0,1.0,1.0,1.0,2.0,2.0,3.0,3.0,4.0,5.0,8.0,inferred
Knowsley,2021-05-20,0.0,0.0,0.0,1.0,1.0,1.0,2.0,2.0,3.0,3.0,4.0,5.0,8.5,inferred
Knowsley,2021-05-21,0.0,0.0,0.0,0.0,1.0,1.0,2.0,2.0,3.0,3.0,4.0,5.0,8.0,inferred
Knowsley,2021-05-22,0.0,0.0,0.0,0.0,0.0,1.0,1.0,2.0,2.0,3.0,3.0,5.0,7.0,inferred
Knowsley,2021-05-23,0.0,0.0,0.0,1.0,1.0,1.0,2.0,2.0,3.0,3.0,4.0,5.0,8.5,inferred
Knowsley,2021-05-24,0.0,0.0,1.0,1.0,1.0,2.0,2.0,3.0,4.0,4.0,5.0,6.0,9.0,inferred
Knowsley,2021-05-25,0.0,0.0,1.0,1.0,2.0,2.0,3.0,4.0,4.0,5.0,5.0,7.0,10.0,inferred
Knowsley,2021-05-26,0.0,0.0,1.0,2.0,2.0,3.0,3.0,4.0,5.0,5.0,6.0,8.0,11.0,inferred
Knowsley,2021-05-27,0.0,1.0,2.0,2.0,2.0,3.0,3.0,4.0,5.0,6.0,6.0,8.0,12.0,inferred
Knowsley,2021-05-28,0.0,1.0,1.0,2.0,2.0,3.0,4.0,4.0,5.0,6.0,6.0,8.0,11.0,inferred
Knowsley,2021-05-29,0.0,1.0,1.0,1.8,2.0,2.0,3.0,4.0,5.0,5.0,6.0,8.0,11.0,inferred
Knowsley,2021-05-30,0.0,1.0,2.0,2.0,3.0,3.0,4.0,5.0,6.0,7.0,7.0,9.0,13.0,inferred
Knowsley,2021-05-31,1.0,2.0,3.0,4.0,4.0,6.0,6.0,7.0,9.0,9.0,10.0,12.0,16.0,inferred
Knowsley,2021-06-01,1.0,3.0,4.0,5.0,5.0,6.0,7.0,9.0,10.0,11.0,11.0,13.0,17.0,inferred
Knowsley,2021-06-02,2.0,4.0,5.0,6.0,6.0,7.0,8.0,10.0,11.0,12.0,13.0,15.0,20.0,inferred
Knowsley,2021-06-03,2.0,4.0,6.0,6.0,7.0,8.0,9.0,11.0,12.0,13.0,14.0,16.0,21.0,inferred
Knowsley,2021-06-04,2.0,4.0,6.0,7.0,7.0,8.0,10.0,11.0,12.0,13.0,14.0,17.0,21.0,inferred
Knowsley,2021-06-05,2.0,4.0,5.0,6.0,6.0,7.0,9.0,10.0,11.0,12.0,13.0,15.0,20.5,inferred
Knowsley,2021-06-06,4.0,6.0,8.0,8.0,9.0,11.0,12.0,13.0,15.0,16.0,17.0,20.0,25.0,inferred
Knowsley,2021-06-07,7.0,10.0,12.0,13.0,14.0,16.0,17.0,19.0,21.0,22.0,23.0,27.0,33.0,inferred
Knowsley,2021-06-08,8.0,11.0,14.0,15.0,16.0,17.0,19.0,21.0,23.0,24.0,25.0,29.0,35.0,inferred
Knowsley,2021-06-09,10.0,13.0,16.0,17.0,18.0,20.0,21.0,23.0,26.0,27.0,28.0,32.0,37.0,inferred
Knowsley,2021-06-10,10.0,14.0,16.0,17.8,18.0,20.0,22.0,24.0,26.0,27.0,28.0,32.0,38.0,inferred
Knowsley,2021-06-11,10.0,13.0,15.0,17.0,18.0,20.0,21.0,24.0,25.0,26.0,28.0,31.0,38.0,inferred
Knowsley,2021-06-12,8.0,11.0,13.0,14.0,15.0,17.0,19.0,20.0,22.0,23.0,25.0,28.0,33.0,inferred
Knowsley,2021-06-13,12.0,16.0,18.0,20.0,21.0,22.0,24.0,26.0,28.0,30.0,31.0,34.0,41.0,inferred
Knowsley,2021-06-14,18.0,23.0,27.0,28.0,29.7,32.0,34.0,36.0,39.0,40.0,42.0,47.0,55.0,inferred
Knowsley,2021-06-15,21.0,27.0,30.0,31.0,32.0,35.0,37.0,39.0,42.0,44.0,46.0,51.0,58.5,inferred
Knowsley,2021-06-16,24.0,30.0,33.0,35.0,36.0,39.0,41.0,44.0,47.0,49.0,50.2,55.1,63.0,inferred
Knowsley,2021-06-17,25.0,30.0,34.0,36.0,37.0,40.0,43.0,46.0,49.0,50.0,52.0,57.1,67.0,inferred
Knowsley,2021-06-18,23.0,29.0,33.0,34.0,36.0,38.0,41.0,44.0,47.0,48.2,50.0,56.0,64.5,inferred
Lambeth,2021-03-06,5.0,7.0,9.0,10.0,10.0,11.0,12.0,13.0,14.3,15.0,16.0,18.0,21.0,inferred
Lambeth,2021-03-07,6.0,9.0,10.0,11.0,11.0,12.6,14.0,15.0,16.0,17.0,17.0,20.0,23.0,inferred
Lambeth,2021-03-08,9.0,11.0,13.0,14.0,15.0,16.0,17.0,18.0,20.0,21.0,21.2,24.0,28.0,inferred
Lambeth,2021-03-09,8.0,11.0,13.0,13.0,14.0,15.0,17.0,18.0,19.0,20.0,21.0,23.0,27.0,inferred
Lambeth,2021-03-10,8.0,11.0,12.0,13.0,14.0,15.0,17.0,18.0,19.0,20.0,21.0,23.0,27.0,inferred
Lambeth,2021-03-11,7.0,10.0,11.0,12.0,13.0,14.0,15.0,16.0,18.0,19.0,20.0,22.0,26.0,inferred
Lambeth,2021-03-12,6.0,8.0,10.0,10.0,11.0,12.0,13.0,14.0,16.0,16.0,17.0,19.0,23.0,inferred
Lambeth,2021-03-13,4.0,6.0,8.0,8.0,8.0,10.0,11.0,12.0,13.0,13.0,14.0,16.0,19.0,inferred
Lambeth,2021-03-14,5.0,7.0,9.0,10.0,10.0,11.0,12.0,13.0,15.0,15.0,16.0,18.0,22.0,inferred
Lambeth,2021-03-15,8.0,10.0,12.0,13.0,13.0,14.0,16.0,17.0,18.0,19.0,20.0,23.0,26.5,inferred
Lambeth,2021-03-16,7.0,9.0,11.0,12.0,13.0,14.0,15.0,16.0,18.0,19.0,20.0,22.0,26.0,inferred
Lambeth,2021-03-17,7.0,10.0,11.0,12.0,13.0,14.0,15.0,16.0,18.0,18.0,19.0,22.0,25.0,inferred
Lambeth,2021-03-18,6.0,9.0,10.0,11.0,12.0,13.0,14.0,15.0,17.0,17.0,18.0,20.0,24.0,inferred
Lambeth,2021-03-19,5.5,8.0,9.0,10.0,10.0,11.0,12.0,13.0,15.0,15.0,16.0,18.0,21.0,inferred
Lambeth,2021-03-20,4.0,6.0,7.0,8.0,8.0,9.0,10.0,11.0,12.0,13.0,13.0,16.0,19.0,inferred
Lambeth,2021-03-21,5.0,7.0,8.0,9.0,9.7,10.0,11.0,13.0,14.0,14.0,15.0,17.0,20.0,inferred
Lambeth,2021-03-22,7.0,9.0,11.0,12.0,12.0,13.0,14.0,16.0,17.0,18.0,19.0,21.0,25.0,inferred
Lambeth,2021-03-23,6.0,8.0,10.0,11.0,12.0,13.0,14.0,15.0,16.0,17.0,18.0,20.0,24.0,inferred
Lambeth,2021-03-24,6.0,8.0,10.0,10.8,11.0,12.0,13.0,14.0,16.0,17.0,17.0,20.0,24.0,inferred
Lambeth,2021-03-25,5.0,7.0,8.0,9.0,9.0,11.0,12.0,13.0,14.0,15.0,15.0,18.0,21.0,inferred
Lambeth,2021-03-26,4.0,6.0,7.0,8.0,8.0,9.0,10.0,11.0,12.0,12.2,13.0,15.0,18.0,inferred
Lambeth,2021-03-27,2.0,4.0,5.0,5.0,6.0,7.0,8.0,8.0,9.0,10.0,11.0,12.0,15.0,inferred
Lambeth,2021-03-28,3.0,4.0,6.0,6.0,6.0,7.0,8.0,9.0,10.0,11.0,11.0,13.0,16.0,inferred
Lambeth,2021-03-29,4.0,5.0,7.0,8.0,8.0,9.0,10.0,11.0,12.0,13.0,13.0,16.0,19.0,inferred
Lambeth,2021-03-30,3.0,5.0,6.0,7.0,7.0,8.0,9.0,10.0,11.0,12.0,13.0,14.0,17.0,inferred
Lambeth,2021-03-31,3.0,5.0,6.0,6.0,7.0,8.0,9.0,10.0,11.0,11.0,12.0,14.0,17.0,inferred
Lambeth,2021-04-01,2.0,4.0,5.0,6.0,6.0,7.0,8.0,9.0,10.0,10.0,11.0,13.0,16.0,inferred
Lambeth,2021-04-02,1.0,3.0,4.0,4.0,5.0,6.0,6.0,7.0,8.0,9.0,9.0,11.0,13.0,inferred
Lambeth,2021-04-03,1.0,2.0,3.0,3.0,4.0,4.0,5.0,6.0,6.0,7.0,7.0,9.0,12.0,inferred
Lambeth,2021-04-04,1.0,2.0,3.0,4.0,4.0,5.0,5.0,6.0,7.0,7.0,8.0,9.0,12.0,inferred
Lambeth,2021-04-05,2.0,3.0,4.0,5.0,5.0,6.0,7.0,8.0,9.0,9.0,10.0,11.0,14.0,inferred
Lambeth,2021-04-06,1.0,3.0,4.0,5.0,5.0,6.0,7.0,7.0,8.0,9.0,9.0,11.0,14.0,inferred
Lambeth,2021-04-07,2.0,3.9,5.0,5.0,5.0,6.0,7.0,8.0,9.0,9.0,10.0,12.0,14.0,inferred
Lambeth,2021-04-08,2.0,4.0,5.0,5.0,5.0,6.0,7.0,8.0,9.0,9.0,10.0,11.0,14.0,inferred
Lambeth,2021-04-09,2.0,3.0,4.0,4.0,5.0,6.0,6.0,7.0,8.0,8.0,9.0,10.0,13.0,inferred
Lambeth,2021-04-10,1.0,2.0,3.0,4.0,4.0,5.0,5.0,6.0,7.0,7.0,8.0,9.0,12.0,inferred
Lambeth,2021-04-11,1.0,3.0,4.0,4.0,5.0,5.0,6.0,7.0,8.0,8.0,9.0,10.0,13.0,inferred
Lambeth,2021-04-12,2.0,4.0,5.0,6.0,6.0,7.0,8.0,9.0,10.0,10.0,11.0,13.0,16.0,inferred
Lambeth,2021-04-13,3.0,4.0,5.0,6.0,6.0,7.0,8.0,9.0,10.0,11.0,12.0,13.0,16.0,inferred
Lambeth,2021-04-14,3.0,4.0,6.0,6.0,7.0,8.0,9.0,10.0,10.0,11.0,12.0,13.0,16.0,inferred
Lambeth,2021-04-15,2.0,4.0,5.0,6.0,6.0,7.0,8.0,9.0,10.0,10.0,11.0,13.0,16.0,inferred
Lambeth,2021-04-16,2.0,4.0,5.0,5.0,6.0,6.0,7.0,8.0,9.0,10.0,10.0,12.0,15.0,inferred
Lambeth,2021-04-17,1.0,3.0,4.0,4.0,5.0,5.0,6.0,7.0,8.0,8.0,9.0,11.0,13.5,inferred
Lambeth,2021-04-18,2.0,3.0,5.0,5.0,5.0,6.0,7.0,8.0,9.0,10.0,10.0,12.0,15.0,inferred
Lambeth,2021-04-19,3.0,5.0,6.0,7.0,8.0,9.0,9.0,10.0,11.0,12.0,13.0,15.0,18.0,inferred
Lambeth,2021-04-20,3.0,5.0,6.0,7.0,7.0,8.0,9.0,10.0,11.0,12.0,12.0,14.0,18.0,inferred
Lambeth,2021-04-21,3.0,5.0,6.0,7.0,7.0,8.0,9.0,10.0,11.0,11.0,12.0,14.0,17.0,inferred
Lambeth,2021-04-22,3.0,4.0,5.0,6.0,6.0,7.0,8.0,9.0,10.0,10.0,11.0,13.0,16.0,inferred
Lambeth,2021-04-23,2.0,3.0,4.0,5.0,5.0,6.0,7.0,8.0,9.0,9.0,10.0,12.0,14.5,inferred
Lambeth,2021-04-24,1.0,2.0,3.0,4.0,4.0,5.0,6.0,6.0,7.0,8.0,8.0,10.0,13.0,inferred
Lambeth,2021-04-25,1.0,3.0,4.0,5.0,5.0,6.0,6.0,7.0,8.0,9.0,9.0,11.0,14.0,inferred
Lambeth,2021-04-26,2.0,4.0,5.0,6.0,6.0,7.0,8.0,9.0,10.0,10.0,11.0,13.0,17.0,inferred
Lambeth,2021-04-27,2.0,4.0,5.0,6.0,6.0,7.0,8.0,9.0,10.0,10.0,11.0,13.0,16.0,inferred
Lambeth,2021-04-28,2.0,4.0,5.0,6.0,6.0,7.0,8.0,9.0,10.0,10.0,11.0,13.0,16.0,inferred
Lambeth,2021-04-29,2.0,4.0,5.0,5.0,6.0,6.0,7.0,8.0,9.0,10.0,10.0,12.0,15.0,inferred
Lambeth,2021-04-30,2.0,3.0,4.0,5.0,5.0,6.0,6.0,7.0,8.0,9.0,9.0,11.0,14.0,inferred
Lambeth,2021-05-01,1.0,2.0,3.0,4.0,4.0,5.0,5.0,6.0,7.0,7.0,8.0,9.0,12.0,inferred
Lambeth,2021-05-02,1.0,3.0,4.0,4.0,5.0,5.0,6.0,7.0,8.0,8.0,9.0,11.0,13.0,inferred
Lambeth,2021-05-03,3.0,4.0,5.0,6.0,6.0,7.0,8.0,9.0,10.0,10.0,11.0,13.0,16.0,inferred
Lambeth,2021-05-04,2.0,4.0,5.0,6.0,6.0,7.0,8.0,9.0,10.0,11.0,11.0,13.0,17.0,inferred
Lambeth,2021-05-05,3.0,4.0,6.0,6.0,7.0,8.0,8.0,9.0,10.0,11.0,12.0,14.0,17.0,inferred
Lambeth,2021-05-06,3.0,4.0,6.0,6.0,7.0,8.0,8.0,9.0,10.0,11.0,12.0,13.0,16.0,inferred
Lambeth,2021-05-07,2.0,4.0,5.0,6.0,6.0,7.0,8.0,9.0,10.0,10.0,11.0,13.0,16.0,inferred
Lambeth,2021-05-08,2.0,3.0,4.0,5.0,5.0,6.0,7.0,7.0,8.0,9.0,9.0,11.0,14.0,inferred
Lambeth,2021-05-09,3.0,4.0,5.0,6.0,6.0,7.0,8.0,9.0,10.0,10.0,11.0,13.0,16.0,inferred
Lambeth,2021-05-10,4.0,6.0,8.0,8.0,9.0,10.0,11.0,12.0,13.0,14.0,14.0,17.0,19.0,inferred
Lambeth,2021-05-11,4.0,6.0,8.0,9.0,9.0,10.0,11.0,12.0,13.0,14.0,15.0,17.0,21.0,inferred
Lambeth,2021-05-12,5.0,7.0,9.0,10.0,10.0,11.0,12.0,13.0,14.0,15.0,16.0,18.0,21.0,inferred
Lambeth,2021-05-13,5.0,7.0,9.0,9.0,10.0,11.0,12.0,13.0,14.0,15.0,16.0,18.0,21.0,inferred
Lambeth,2021-05-14,5.0,7.0,8.0,9.0,9.0,11.0,12.0,12.0,13.0,14.0,15.0,17.0,21.0,inferred
Lambeth,2021-05-15,4.0,6.0,7.0,7.0,8.0,9.0,10.0,11.0,12.0,12.0,13.0,15.0,18.0,inferred
Lambeth,2021-05-16,4.0,7.0,9.0,9.0,10.0,11.0,12.0,13.0,14.0,15.0,16.0,18.0,21.0,inferred
Lambeth,2021-05-17,7.0,10.0,12.0,13.0,14.0,15.0,16.0,17.0,19.0,19.0,20.0,22.0,26.0,inferred
Lambeth,2021-05-18,9.0,11.0,13.0,14.0,14.0,16.0,17.0,18.0,20.0,20.0,21.0,24.0,28.0,inferred
Lambeth,2021-05-19,10.0,12.0,14.0,15.0,16.0,17.0,18.0,20.0,21.0,22.0,23.0,26.0,30.0,inferred
Lambeth,2021-05-20,9.0,12.0,14.0,15.0,16.0,17.0,18.0,20.0,21.0,22.0,23.0,25.0,30.0,inferred
Lambeth,2021-05-21,9.0,12.0,13.0,14.0,15.0,16.0,17.0,19.0,20.0,21.0,22.0,25.0,28.0,inferred
Lambeth,2021-05-22,7.0,10.0,11.0,12.0,13.0,14.0,15.0,16.0,18.0,19.0,19.0,22.0,26.0,inferred
Lambeth,2021-05-23,9.0,12.0,14.0,15.0,15.0,17.0,18.0,19.0,21.0,21.0,22.2,25.0,30.0,inferred
Lambeth,2021-05-24,14.0,17.0,20.0,21.0,21.0,23.0,25.0,26.0,28.0,29.0,30.0,33.0,38.0,inferred
Lambeth,2021-05-25,15.0,19.0,21.0,22.0,23.0,24.0,26.0,27.0,29.0,30.0,31.0,34.0,38.5,inferred
Lambeth,2021-05-26,17.0,20.0,23.0,24.0,25.0,26.0,28.0,29.0,31.0,32.0,33.0,37.0,42.0,inferred
Lambeth,2021-05-27,16.0,20.0,23.0,24.0,24.0,26.0,28.0,29.0,31.0,33.0,34.0,37.0,41.0,inferred
Lambeth,2021-05-28,15.0,19.0,21.0,22.0,23.0,25.0,27.0,28.0,30.0,31.0,32.0,35.0,40.5,inferred
Lambeth,2021-05-29,13.0,17.0,19.0,20.0,21.0,22.0,24.0,25.0,27.0,28.0,29.0,31.0,36.0,inferred
Lambeth,2021-05-30,18.0,22.0,24.0,25.0,26.0,28.0,30.0,31.0,33.0,34.0,35.0,38.0,43.0,inferred
Lambeth,2021-05-31,26.0,31.0,34.0,35.0,36.0,38.0,40.0,42.0,44.0,46.0,47.0,50.0,56.5,inferred
Lambeth,2021-06-01,28.0,33.0,36.0,37.0,38.0,41.0,43.0,45.0,47.0,48.0,50.0,53.0,59.0,inferred
Lambeth,2021-06-02,31.0,36.0,39.8,41.0,42.0,44.0,46.0,48.0,51.0,52.0,54.0,58.0,64.0,inferred
Lambeth,2021-06-03,31.0,36.0,40.0,41.0,42.0,44.0,46.0,49.0,51.0,52.0,54.0,57.0,64.0,inferred
Lambeth,2021-06-04,29.0,34.0,37.0,39.0,40.0,42.0,43.0,46.0,48.0,49.0,50.0,54.0,60.0,inferred
Lambeth,2021-06-05,25.0,29.0,32.0,33.0,34.0,36.0,37.0,39.0,41.0,43.0,44.0,48.0,54.0,inferred
Lambeth,2021-06-06,32.0,36.0,40.0,41.0,42.0,44.0,46.0,48.0,50.0,52.0,53.0,57.0,65.5,inferred
Lambeth,2021-06-07,45.0,51.9,55.0,56.0,58.0,60.0,63.0,65.0,68.0,69.0,71.0,75.0,82.0,inferred
Lambeth,2021-06-08,46.0,51.0,56.0,57.0,58.0,62.0,64.0,67.0,69.0,71.0,73.0,77.0,83.5,inferred
Lambeth,2021-06-09,47.0,54.0,58.0,60.0,61.0,63.0,66.0,68.0,71.0,73.0,74.0,79.0,86.5,inferred
Lambeth,2021-06-10,44.0,50.0,54.0,56.0,57.0,60.0,62.0,65.0,67.0,69.0,71.0,75.0,83.0,inferred
Lambeth,2021-06-11,40.0,45.0,49.0,50.0,51.0,54.0,56.0,58.0,61.0,62.0,64.0,68.0,75.0,inferred
Lambeth,2021-06-12,31.0,37.0,40.0,41.0,43.0,45.0,47.0,49.0,51.0,52.0,54.0,58.0,63.0,inferred
Lambeth,2021-06-13,38.0,43.0,47.0,48.0,50.0,52.0,54.0,56.0,59.0,61.0,62.0,66.0,73.0,inferred
Lambeth,2021-06-14,51.0,57.0,62.0,63.0,65.0,67.0,70.0,73.0,76.0,77.0,79.0,84.0,91.0,inferred
Lambeth,2021-06-15,52.0,57.0,61.0,63.0,64.0,68.0,70.0,73.0,76.0,78.0,79.0,84.0,92.0,inferred
Lambeth,2021-06-16,51.5,59.0,64.0,66.0,67.0,70.0,73.0,75.0,78.0,80.0,82.0,87.0,96.0,inferred
Lambeth,2021-06-17,49.0,55.0,60.0,62.0,63.0,66.0,69.0,71.0,74.0,75.0,77.0,82.0,90.0,inferred
Lambeth,2021-06-18,43.0,49.0,53.0,55.0,56.0,59.0,61.0,64.0,67.0,68.0,70.0,75.0,83.0,inferred
Lanarkshire,2021-03-06,62.0,73.0,82.0,84.0,87.7,93.0,98.0,103.0,109.0,111.0,115.0,126.0,143.5,inferred
Lanarkshire,2021-03-07,52.0,62.0,70.0,73.0,75.0,80.0,85.0,89.0,94.0,97.0,101.0,109.0,125.0,inferred
Lanarkshire,2021-03-08,43.0,51.0,57.0,60.0,63.0,68.0,72.0,77.0,81.0,83.2,86.0,94.0,106.0,inferred
Lanarkshire,2021-03-09,48.0,57.0,64.0,67.0,69.0,73.0,78.0,83.0,88.0,90.2,94.0,104.0,119.5,inferred
Lanarkshire,2021-03-10,70.0,82.0,90.0,93.0,97.0,102.0,107.5,113.0,119.0,123.0,126.2,137.0,154.0,inferred
Lanarkshire,2021-03-11,68.0,79.0,87.0,90.0,93.0,98.0,103.0,108.0,113.0,116.0,120.0,130.1,145.0,inferred
Lanarkshire,2021-03-12,71.0,84.0,92.0,95.0,98.0,104.0,108.0,114.0,120.0,124.0,127.2,138.0,155.0,inferred
Lanarkshire,2021-03-13,67.0,79.0,86.0,90.0,92.0,97.0,102.0,107.0,113.0,116.0,119.0,129.0,144.5,inferred
Lanarkshire,2021-03-14,55.0,65.0,73.0,77.0,79.0,85.0,89.0,94.0,100.0,103.0,106.0,116.0,133.5,inferred
Lanarkshire,2021-03-15,44.0,52.0,60.0,62.0,65.0,69.0,73.0,78.0,83.0,86.0,89.0,99.0,113.0,inferred
Lanarkshire,2021-03-16,49.0,60.0,67.0,70.0,72.0,77.0,82.0,87.0,92.0,95.0,98.0,108.0,122.5,inferred
Lanarkshire,2021-03-17,72.0,85.0,93.0,97.0,100.0,106.0,111.0,116.0,123.0,126.0,131.0,141.0,161.0,inferred
Lanarkshire,2021-03-18,69.0,80.0,87.8,90.0,94.0,99.0,104.0,110.0,116.0,120.0,124.0,134.0,151.5,inferred
Lanarkshire,2021-03-19,74.0,86.0,93.0,96.0,99.0,104.0,110.0,116.4,122.0,125.0,129.0,138.0,156.5,inferred
Lanarkshire,2021-03-20,67.0,80.0,88.0,91.0,94.0,100.0,105.0,110.0,116.3,119.0,123.0,134.0,149.5,inferred
Lanarkshire,2021-03-21,57.5,68.0,77.0,80.0,83.0,89.0,93.0,98.0,103.0,106.0,111.0,120.0,134.0,inferred
Lanarkshire,2021-03-22,45.5,55.0,62.0,65.0,68.0,73.0,77.0,82.0,87.0,90.0,93.0,101.0,114.0,inferred
Lanarkshire,2021-03-23,50.0,61.0,68.0,71.0,74.0,79.0,84.0,89.0,94.0,97.2,101.2,110.0,123.0,inferred
Lanarkshire,2021-03-24,70.0,84.0,93.0,96.0,98.0,105.0,110.0,116.0,122.0,125.0,129.0,139.0,155.5,inferred
Lanarkshire,2021-03-25,65.0,77.0,85.0,88.0,91.0,96.0,101.0,106.0,112.0,115.0,119.0,128.0,144.0,inferred
Lanarkshire,2021-03-26,66.0,79.0,88.0,91.0,94.0,99.0,104.0,110.0,116.0,119.0,123.0,133.0,148.5,inferred
Lanarkshire,2021-03-27,62.0,73.0,80.0,82.0,85.0,90.0,95.0,100.4,106.0,109.0,112.0,122.0,140.0,inferred
Lanarkshire,2021-03-28,48.0,58.0,66.0,68.0,71.0,76.0,81.0,87.0,91.0,94.0,98.0,107.1,120.5,inferred
Lanarkshire,2021-03-29,35.0,45.0,52.0,55.0,57.0,62.0,66.0,70.0,75.0,77.0,80.0,88.0,102.5,inferred
Lanarkshire,2021-03-30,40.5,49.0,55.0,57.0,59.0,64.0,69.0,73.0,79.0,82.0,85.0,94.0,109.0,inferred
Lanarkshire,2021-03-31,53.0,63.9,72.0,75.0,77.7,83.0,88.0,92.0,98.0,101.0,105.0,115.0,130.0,inferred
Lanarkshire,2021-04-01,47.0,57.0,63.0,66.0,68.0,73.0,77.0,82.0,87.0,90.0,93.0,103.0,117.0,inferred
Lanarkshire,2021-04-02,45.0,55.0,63.0,66.0,68.0,72.0,76.0,81.0,86.0,89.0,92.0,102.0,119.0,inferred
Lanarkshire,2021-04-03,40.0,49.0,55.8,58.0,61.0,65.0,69.0,73.0,78.0,81.0,84.0,93.0,107.5,inferred
Lanarkshire,2021-04-04,31.0,38.0,44.0,46.0,48.0,53.0,56.0,60.0,65.0,67.0,70.0,78.0,89.5,inferred
Lanarkshire,2021-04-05,23.0,29.0,33.0,35.0,37.0,40.0,43.0,47.0,50.0,53.0,55.0,62.0,74.0,inferred
Lanarkshire,2021-04-06,24.0,29.0,35.0,38.0,40.0,43.0,46.0,49.0,54.0,57.0,59.0,66.0,80.0,inferred
Lanarkshire,2021-04-07,34.0,42.0,49.0,51.0,54.0,58.0,61.0,65.0,70.0,73.0,75.0,84.0,97.0,inferred
Lanarkshire,2021-04-08,29.0,38.0,44.0,46.0,48.0,53.0,56.0,60.0,65.0,68.0,71.0,78.1,92.0,inferred
Lanarkshire,2021-04-09,34.0,41.0,46.0,49.0,51.0,55.0,58.0,62.0,67.0,70.0,73.0,80.0,92.5,inferred
Lanarkshire,2021-04-10,29.5,37.0,42.0,45.0,46.0,50.0,54.0,58.0,62.0,65.0,68.0,75.0,88.5,inferred
Lanarkshire,2021-04-11,24.0,31.0,35.0,37.0,39.0,43.0,47.0,50.0,54.0,56.0,59.0,66.0,80.0,inferred
Lanarkshire,2021-04-12,17.0,24.0,29.0,30.8,32.0,35.0,38.0,41.0,45.0,47.0,49.0,56.0,65.0,inferred
Lanarkshire,2021-04-13,19.0,26.0,30.0,32.0,34.0,37.0,41.0,44.0,48.0,50.0,52.0,58.0,68.0,inferred
Lanarkshire,2021-04-14,30.0,38.0,43.0,45.0,47.0,51.0,54.0,58.0,63.0,66.0,69.0,76.0,90.0,inferred
Lanarkshire,2021-04-15,27.0,35.0,39.0,42.0,44.0,47.0,50.0,55.0,59.0,61.0,64.0,72.0,84.0,inferred
Lanarkshire,2021-04-16,29.0,36.0,41.0,43.0,46.0,49.0,52.5,56.0,61.0,64.0,66.0,74.0,88.0,inferred
Lanarkshire,2021-04-17,27.0,34.0,39.0,41.0,43.0,46.0,50.0,54.0,58.0,60.0,63.0,70.1,81.0,inferred
Lanarkshire,2021-04-18,20.0,27.0,32.0,34.0,35.0,39.0,42.0,46.0,50.0,51.0,54.0,61.0,72.0,inferred
Lanarkshire,2021-04-19,15.0,21.0,26.0,27.0,28.7,31.0,35.0,38.0,41.0,43.0,46.0,52.0,63.0,inferred
Lanarkshire,2021-04-20,16.5,22.0,27.0,29.0,31.0,33.0,37.0,40.0,43.0,45.0,48.0,53.0,65.0,inferred
Lanarkshire,2021-04-21,23.0,31.0,36.0,39.0,40.0,44.0,48.0,52.0,56.0,58.0,61.0,69.0,82.0,inferred
Lanarkshire,2021-04-22,20.0,26.0,31.0,34.0,35.0,39.0,42.0,45.0,49.0,52.0,54.0,61.0,73.0,inferred
Lanarkshire,2021-04-23,19.5,26.0,31.0,33.0,35.0,38.0,42.0,45.0,49.0,51.0,53.0,60.0,73.5,inferred
Lanarkshire,2021-04-24,17.0,23.0,27.0,29.0,31.0,34.0,37.0,40.0,44.0,46.0,48.0,55.0,65.5,inferred
Lanarkshire,2021-04-25,12.0,18.0,22.0,23.0,25.0,28.0,30.0,33.0,36.0,38.0,40.0,46.0,58.0,inferred
Lanarkshire,2021-04-26,8.0,13.0,17.0,18.0,20.0,22.0,24.0,27.0,30.0,31.0,33.0,38.0,48.0,inferred
Lanarkshire,2021-04-27,9.0,14.0,17.0,18.0,19.0,22.0,25.0,27.0,30.3,32.0,34.0,40.0,49.0,inferred
Lanarkshire,2021-04-28,15.0,20.0,24.0,26.0,27.0,30.0,33.0,36.0,39.0,41.0,43.0,49.0,60.5,inferred
Lanarkshire,2021-04-29,13.0,18.0,21.0,23.0,24.0,27.0,29.0,32.0,35.0,37.0,40.0,46.0,57.0,inferred
Lanarkshire,2021-04-30,13.0,18.0,22.0,24.0,26.0,28.0,31.0,34.0,37.0,39.0,41.0,46.0,56.0,inferred
Lanarkshire,2021-05-01,12.0,17.0,20.0,22.0,23.0,25.0,28.0,31.0,35.0,36.0,39.0,45.0,56.0,inferred
Lanarkshire,2021-05-02,8.0,13.0,16.0,18.0,19.0,21.0,24.0,26.0,29.0,32.0,34.0,40.0,48.0,inferred
Lanarkshire,2021-05-03,6.0,10.0,13.0,14.0,15.0,17.0,20.0,22.0,24.0,26.0,28.0,33.0,42.0,inferred
Lanarkshire,2021-05-04,7.0,11.0,14.0,15.0,17.0,19.0,21.0,24.0,26.0,28.0,30.0,35.0,45.0,inferred
Lanarkshire,2021-05-05,13.0,17.0,22.0,23.0,25.0,27.0,30.0,33.0,36.0,38.0,40.0,47.0,57.5,inferred
Lanarkshire,2021-05-06,12.0,17.0,20.0,22.0,24.0,26.0,29.0,32.0,35.0,37.0,39.0,45.0,55.0,inferred
Lanarkshire,2021-05-07,13.0,19.0,23.0,25.0,26.0,29.0,32.0,35.0,38.0,40.0,43.0,49.0,59.0,inferred
Lanarkshire,2021-05-08,12.0,18.0,22.0,24.0,25.0,28.0,31.0,34.0,37.0,39.0,41.2,48.0,57.0,inferred
Lanarkshire,2021-05-09,11.0,16.0,20.0,21.0,22.0,25.0,28.0,30.0,34.0,35.0,37.0,43.0,53.0,inferred
Lanarkshire,2021-05-10,9.0,13.0,17.0,18.0,19.0,21.0,24.0,26.0,29.0,31.0,33.0,39.0,48.0,inferred
Lanarkshire,2021-05-11,10.0,15.0,19.0,20.0,21.0,24.0,27.0,29.0,33.0,35.0,36.2,42.0,50.0,inferred
Lanarkshire,2021-05-12,17.0,23.0,28.0,30.0,32.0,35.0,38.0,41.0,45.0,47.0,49.0,56.1,69.0,inferred
Lanarkshire,2021-05-13,17.0,23.0,27.0,28.0,30.0,34.0,36.0,39.0,43.0,45.0,48.0,54.0,66.0,inferred
Lanarkshire,2021-05-14,18.0,25.0,29.0,31.0,33.0,36.0,39.0,42.0,47.0,49.0,51.0,57.0,69.0,inferred
Lanarkshire,2021-05-15,18.0,24.0,28.0,30.0,32.0,35.0,38.0,41.0,45.0,47.0,50.0,58.0,68.0,inferred
Lanarkshire,2021-05-16,15.0,21.0,25.0,26.0,28.0,31.0,33.0,37.0,40.0,42.0,44.0,49.0,61.0,inferred
Lanarkshire,2021-05-17,13.0,17.0,20.0,22.0,23.0,26.0,29.0,32.0,35.0,37.0,39.0,45.0,53.5,inferred
Lanarkshire,2021-05-18,14.0,20.0,24.0,25.0,27.0,30.0,33.0,36.0,39.0,41.0,44.0,49.0,59.0,inferred
Lanarkshire,2021-05-19,24.5,31.0,36.0,38.0,40.0,44.0,48.0,51.0,55.0,58.0,60.0,66.0,79.5,inferred
Lanarkshire,2021-05-20,24.0,30.0,36.0,38.0,40.0,43.0,46.0,50.0,54.0,55.0,58.0,66.0,80.0,inferred
Lanarkshire,2021-05-21,28.0,34.0,40.0,42.0,44.0,47.0,52.0,56.0,60.0,62.0,65.0,72.0,83.0,inferred
Lanarkshire,2021-05-22,27.0,33.0,39.0,41.0,43.0,47.0,51.0,54.0,58.0,61.0,64.0,71.0,83.5,inferred
Lanarkshire,2021-05-23,23.0,30.0,35.0,37.0,39.0,42.0,46.0,50.0,53.0,56.0,58.0,66.0,80.0,inferred
Lanarkshire,2021-05-24,17.0,25.0,29.0,31.0,33.0,37.0,40.0,43.0,47.0,49.0,51.0,57.0,71.0,inferred
Lanarkshire,2021-05-25,23.0,31.0,36.0,38.0,40.0,43.0,47.0,51.0,54.0,57.0,59.0,66.0,79.0,inferred
Lanarkshire,2021-05-26,38.0,47.0,53.0,55.0,58.0,62.0,67.0,71.0,76.0,79.0,82.0,91.0,105.0,inferred
Lanarkshire,2021-05-27,38.0,46.0,52.0,55.0,57.0,62.0,65.5,70.0,74.3,77.0,81.0,90.0,104.0,inferred
Lanarkshire,2021-05-28,43.5,53.0,60.0,62.0,64.0,69.0,73.0,78.0,83.0,85.0,88.0,98.0,112.0,inferred
Lanarkshire,2021-05-29,44.0,51.0,59.0,61.0,64.0,68.0,73.0,78.0,83.0,86.0,89.0,99.0,113.0,inferred
Lanarkshire,2021-05-30,38.0,47.0,53.0,55.0,58.0,63.0,67.0,71.0,76.0,78.0,82.0,90.0,106.0,inferred
Lanarkshire,2021-05-31,31.5,39.0,45.0,47.0,50.0,54.0,58.0,62.0,67.0,69.0,72.0,81.0,95.5,inferred
Lanarkshire,2021-06-01,37.0,44.0,51.0,54.0,56.0,61.0,65.0,69.0,74.3,78.0,80.0,89.0,102.0,inferred
Lanarkshire,2021-06-02,57.0,68.0,75.0,78.0,81.0,85.0,90.0,94.0,100.0,104.0,107.0,116.0,132.5,inferred
Lanarkshire,2021-06-03,55.0,65.0,72.0,75.0,78.0,83.0,87.0,92.0,97.0,100.0,103.0,112.0,125.0,inferred
Lanarkshire,2021-06-04,60.0,69.0,77.0,80.0,83.0,88.0,93.0,98.0,104.0,107.0,111.0,121.0,135.0,inferred
Lanarkshire,2021-06-05,56.5,67.0,74.0,77.0,80.0,85.0,90.0,95.0,101.0,104.0,108.0,119.0,134.0,inferred
Lanarkshire,2021-06-06,48.0,57.0,64.0,67.0,70.0,75.0,80.0,84.0,89.0,92.0,94.0,104.0,117.0,inferred
Lanarkshire,2021-06-07,39.0,48.9,55.0,57.0,60.0,63.0,67.0,72.0,77.0,80.0,83.0,92.0,105.0,inferred
Lanarkshire,2021-06-08,47.0,57.0,63.0,65.0,68.0,72.0,77.0,81.0,87.0,90.0,93.0,102.0,116.5,inferred
Lanarkshire,2021-06-09,71.5,83.0,91.0,94.0,97.7,102.0,108.0,114.0,120.0,124.0,128.0,138.0,152.5,inferred
Lanarkshire,2021-06-10,70.0,82.0,90.0,94.0,97.0,102.0,107.0,113.0,118.0,122.0,125.0,135.0,152.0,inferred
Lanarkshire,2021-06-11,78.0,91.0,100.8,104.0,107.0,113.0,118.0,124.0,131.0,135.0,139.0,149.0,166.5,inferred
Lanarkshire,2021-06-12,79.0,91.0,99.0,102.0,106.0,112.0,118.0,123.0,130.0,133.0,137.0,149.0,167.0,inferred
Lanarkshire,2021-06-13,68.0,81.9,88.0,91.0,94.0,101.0,107.0,112.0,117.0,121.0,125.0,134.0,150.5,inferred
Lanarkshire,2021-06-14,56.5,68.9,76.0,79.0,82.0,87.0,92.0,98.0,103.0,106.0,110.0,121.0,136.5,inferred
Lanarkshire,2021-06-15,69.0,80.0,88.0,92.0,95.0,100.0,104.0,110.0,117.0,120.0,124.0,135.0,151.5,inferred
Lanarkshire,2021-06-16,103.0,118.0,129.0,133.0,136.0,143.0,149.0,155.0,162.0,166.0,172.0,183.1,203.0,inferred
Lanarkshire,2021-06-17,101.0,117.0,127.0,131.0,135.0,141.0,148.0,155.0,163.0,166.0,172.0,186.0,205.0,inferred
Lanarkshire,2021-06-18,111.0,128.0,140.0,145.0,149.0,157.0,164.0,172.0,180.0,185.0,191.0,206.0,229.0,inferred
Lancaster,2021-03-06,2.0,3.0,4.0,5.0,5.0,6.0,7.0,7.0,8.0,9.0,9.0,11.0,13.0,inferred
Lancaster,2021-03-07,3.0,4.0,5.0,6.0,6.0,7.0,8.0,8.0,9.0,10.0,11.0,12.0,14.5,inferred
Lancaster,2021-03-08,3.0,6.0,7.0,7.0,8.0,9.0,10.0,10.0,11.0,12.0,13.0,14.0,17.0,inferred
Lancaster,2021-03-09,4.0,5.0,6.0,7.0,7.7,8.0,9.0,10.0,11.0,11.2,12.0,14.0,17.0,inferred
Lancaster,2021-03-10,3.5,5.0,7.0,7.0,8.0,8.0,9.0,10.0,11.0,12.0,12.0,14.0,17.0,inferred
Lancaster,2021-03-11,3.0,5.0,6.0,6.0,7.0,8.0,9.0,10.0,11.0,11.0,12.0,14.0,17.0,inferred
Lancaster,2021-03-12,2.0,4.0,5.0,5.0,6.0,6.6,7.0,8.0,9.0,10.0,10.0,12.0,15.0,inferred
Lancaster,2021-03-13,1.0,3.0,4.0,4.0,4.0,5.0,6.0,7.0,7.0,8.0,8.0,10.0,12.0,inferred
Lancaster,2021-03-14,2.0,3.0,4.0,5.0,5.0,6.0,7.0,7.0,8.0,9.0,9.0,11.0,14.0,inferred
Lancaster,2021-03-15,2.5,4.0,6.0,6.0,7.0,8.0,8.0,9.0,10.0,11.0,12.0,13.0,16.0,inferred
Lancaster,2021-03-16,3.0,5.0,6.0,6.0,7.0,7.0,8.0,9.0,10.0,11.0,11.0,13.0,16.0,inferred
Lancaster,2021-03-17,3.0,5.0,6.0,6.0,7.0,8.0,8.0,9.0,11.0,11.0,12.0,13.0,16.0,inferred
Lancaster,2021-03-18,3.0,4.0,6.0,6.0,7.0,8.0,8.0,9.0,10.0,11.0,11.0,13.0,16.0,inferred
Lancaster,2021-03-19,2.0,4.0,5.0,5.0,6.0,7.0,7.0,8.0,9.0,10.0,10.0,12.0,15.0,inferred
Lancaster,2021-03-20,1.0,3.0,4.0,4.0,4.0,5.0,6.0,7.0,7.0,8.0,8.0,10.0,12.5,inferred
Lancaster,2021-03-21,2.0,3.0,4.0,5.0,5.0,6.0,7.0,8.0,8.0,9.0,10.0,11.0,14.0,inferred
Lancaster,2021-03-22,3.0,5.0,6.0,7.0,7.0,8.0,9.0,10.0,11.0,11.0,12.0,14.0,17.0,inferred
Lancaster,2021-03-23,3.0,5.0,6.0,6.0,7.0,8.0,8.0,9.0,10.0,11.0,11.0,13.0,17.0,inferred
Lancaster,2021-03-24,2.0,4.0,6.0,6.0,6.0,7.0,8.0,9.0,10.0,11.0,11.0,13.0,16.0,inferred
Lancaster,2021-03-25,2.0,4.0,5.0,5.0,6.0,7.0,7.0,8.0,9.0,10.0,10.0,12.0,15.0,inferred
Lancaster,2021-03-26,2.0,3.0,4.0,4.0,5.0,5.6,6.0,7.0,8.0,8.0,9.0,11.0,13.0,inferred
Lancaster,2021-03-27,1.0,2.0,3.0,3.0,3.0,4.0,5.0,5.0,6.0,7.0,7.0,9.0,11.0,inferred
Lancaster,2021-03-28,1.0,2.0,3.0,4.0,4.0,5.0,5.0,6.0,7.0,7.0,8.0,9.0,11.0,inferred
Lancaster,2021-03-29,2.0,3.0,4.0,5.0,5.0,6.0,6.0,7.0,8.0,9.0,9.0,11.0,14.0,inferred
Lancaster,2021-03-30,2.0,3.0,4.0,4.0,5.0,5.0,6.0,7.0,8.0,8.0,9.0,10.0,13.0,inferred
Lancaster,2021-03-31,1.5,3.0,4.0,4.0,4.0,5.0,6.0,6.0,7.0,8.0,8.0,10.0,12.0,inferred
Lancaster,2021-04-01,1.0,2.0,3.0,4.0,4.0,5.0,5.0,6.0,7.0,7.0,8.0,9.0,12.0,inferred
Lancaster,2021-04-02,1.0,2.0,3.0,3.0,3.0,4.0,5.0,5.0,6.0,6.0,7.0,8.0,11.0,inferred
Lancaster,2021-04-03,0.0,1.0,2.0,2.0,2.0,3.0,3.0,4.0,5.0,5.0,5.0,7.0,9.0,inferred
Lancaster,2021-04-04,0.0,1.0,2.0,2.0,3.0,3.0,4.0,4.0,5.0,5.0,6.0,7.0,10.0,inferred
Lancaster,2021-04-05,1.0,2.0,3.0,3.0,3.0,4.0,5.0,5.0,6.0,7.0,7.0,8.0,11.0,inferred
Lancaster,2021-04-06,1.0,2.0,3.0,3.0,3.0,4.0,4.0,5.0,6.0,6.0,7.0,8.0,11.0,inferred
Lancaster,2021-04-07,1.0,2.0,2.0,3.0,3.0,4.0,4.0,5.0,6.0,6.0,7.0,8.0,10.0,inferred
Lancaster,2021-04-08,1.0,2.0,2.0,3.0,3.0,4.0,4.0,5.0,6.0,6.0,7.0,8.0,11.0,inferred
Lancaster,2021-04-09,0.0,1.0,2.0,2.0,3.0,3.0,4.0,4.0,5.0,5.0,6.0,7.0,9.0,inferred
Lancaster,2021-04-10,0.0,1.0,1.0,2.0,2.0,2.0,3.0,3.0,4.0,4.0,5.0,6.0,8.0,inferred
Lancaster,2021-04-11,0.0,1.0,2.0,2.0,2.0,3.0,3.0,4.0,4.0,5.0,5.0,6.0,8.0,inferred
Lancaster,2021-04-12,0.0,2.0,2.0,3.0,3.0,4.0,4.0,5.0,5.0,6.0,6.0,7.1,10.0,inferred
Lancaster,2021-04-13,1.0,1.0,2.0,2.0,3.0,3.0,4.0,5.0,5.0,6.0,6.0,7.0,10.0,inferred
Lancaster,2021-04-14,1.0,1.0,2.0,2.0,3.0,3.0,4.0,5.0,5.0,6.0,6.0,8.0,10.0,inferred
Lancaster,2021-04-15,0.0,1.0,2.0,2.0,3.0,3.0,4.0,4.0,5.0,5.0,6.0,7.0,10.0,inferred
Lancaster,2021-04-16,0.0,1.0,2.0,2.0,2.0,3.0,3.0,4.0,5.0,5.0,5.0,7.0,8.0,inferred
Lancaster,2021-04-17,0.0,1.0,1.0,1.0,2.0,2.0,2.0,3.0,4.0,4.0,4.0,6.0,8.0,inferred
Lancaster,2021-04-18,0.0,1.0,1.0,2.0,2.0,3.0,3.0,4.0,4.0,5.0,5.0,6.0,9.0,inferred
Lancaster,2021-04-19,0.0,1.0,2.0,3.0,3.0,3.0,4.0,5.0,5.0,6.0,6.0,7.0,10.0,inferred
Lancaster,2021-04-20,0.0,1.0,2.0,3.0,3.0,4.0,4.0,5.0,6.0,6.0,6.0,8.0,10.0,inferred
Lancaster,2021-04-21,1.0,1.0,2.0,3.0,3.0,4.0,4.0,5.0,6.0,6.0,7.0,8.0,10.0,inferred
Lancaster,2021-04-22,1.0,2.0,2.0,3.0,3.0,4.0,4.0,5.0,5.0,6.0,6.0,8.0,10.0,inferred
Lancaster,2021-04-23,0.0,1.0,2.0,2.0,3.0,3.0,4.0,4.0,5.0,5.0,6.0,7.0,10.0,inferred
Lancaster,2021-04-24,0.0,1.0,2.0,2.0,2.0,3.0,3.0,4.0,4.0,5.0,5.0,6.0,8.0,inferred
Lancaster,2021-04-25,0.0,1.0,2.0,2.0,3.0,3.0,4.0,4.0,5.0,5.0,6.0,7.0,9.0,inferred
Lancaster,2021-04-26,1.0,2.0,3.0,4.0,4.0,4.0,5.0,6.0,7.0,7.0,8.0,9.0,12.0,inferred
Lancaster,2021-04-27,1.0,2.0,3.0,4.0,4.0,5.0,5.0,6.0,7.0,8.0,8.0,10.0,12.0,inferred
Lancaster,2021-04-28,1.0,3.0,4.0,4.0,4.0,5.0,6.0,6.0,7.0,8.0,8.0,10.0,13.0,inferred
Lancaster,2021-04-29,1.0,2.0,3.0,3.0,4.0,5.0,5.0,6.0,7.0,7.0,8.0,9.0,12.0,inferred
Lancaster,2021-04-30,1.0,2.0,3.0,3.0,3.0,4.0,5.0,5.0,6.0,7.0,7.0,9.0,11.0,inferred
Lancaster,2021-05-01,0.0,1.0,2.0,2.0,3.0,3.0,4.0,4.0,5.0,6.0,6.0,7.0,9.0,inferred
Lancaster,2021-05-02,0.0,2.0,3.0,3.0,3.0,4.0,5.0,5.0,6.0,6.0,7.0,9.0,11.0,inferred
Lancaster,2021-05-03,1.0,3.0,4.0,4.0,5.0,5.0,6.0,7.0,8.0,8.0,9.0,11.0,13.0,inferred
Lancaster,2021-05-04,2.0,3.0,4.0,4.0,5.0,5.0,6.0,7.0,8.0,8.0,9.0,11.0,13.0,inferred
Lancaster,2021-05-05,2.0,3.0,4.0,4.0,5.0,6.0,6.0,7.0,8.0,9.0,9.0,11.0,13.0,inferred
Lancaster,2021-05-06,1.0,3.0,4.0,4.0,4.0,5.0,6.0,7.0,7.0,8.0,9.0,10.0,13.0,inferred
Lancaster,2021-05-07,1.0,2.0,3.0,3.0,4.0,4.0,5.0,6.0,7.0,7.0,8.0,9.0,11.0,inferred
Lancaster,2021-05-08,0.0,1.0,2.0,2.0,3.0,3.0,4.0,4.0,5.0,6.0,6.0,7.0,10.0,inferred
Lancaster,2021-05-09,0.5,2.0,3.0,3.0,3.0,4.0,4.0,5.0,6.0,6.0,7.0,8.0,11.0,inferred
Lancaster,2021-05-10,1.0,3.0,4.0,4.0,4.0,5.0,6.0,7.0,7.0,8.0,8.0,10.0,12.0,inferred
Lancaster,2021-05-11,1.0,2.0,3.8,4.0,4.0,5.0,6.0,6.0,7.0,8.0,8.0,10.0,12.0,inferred
Lancaster,2021-05-12,1.0,2.0,3.0,4.0,4.0,5.0,5.0,6.0,7.0,7.0,8.0,9.0,12.0,inferred
Lancaster,2021-05-13,1.0,2.0,3.0,3.0,4.0,4.0,5.0,6.0,7.0,7.0,7.0,9.0,11.0,inferred
Lancaster,2021-05-14,1.0,1.0,2.0,3.0,3.0,4.0,4.0,5.0,6.0,6.0,6.0,8.0,10.0,inferred
Lancaster,2021-05-15,0.0,1.0,2.0,2.0,2.0,3.0,3.0,4.0,4.0,5.0,5.0,7.0,9.0,inferred
Lancaster,2021-05-16,1.0,1.0,2.0,2.0,3.0,3.0,4.0,4.0,5.0,5.0,6.0,7.0,9.0,inferred
Lancaster,2021-05-17,1.0,2.0,3.0,3.0,4.0,4.0,5.0,5.0,6.0,7.0,7.0,9.0,11.0,inferred
Lancaster,2021-05-18,1.0,2.0,3.0,3.0,4.0,4.0,5.0,6.0,6.0,7.0,7.0,9.0,11.0,inferred
Lancaster,2021-05-19,1.0,2.0,3.0,3.0,4.0,4.0,5.0,6.0,7.0,7.0,8.0,9.0,11.0,inferred
Lancaster,2021-05-20,1.0,2.0,3.0,3.0,4.0,4.0,5.0,6.0,7.0,7.0,8.0,9.0,12.0,inferred
Lancaster,2021-05-21,1.0,2.0,3.0,3.0,3.0,4.0,5.0,5.0,6.0,6.0,7.0,8.0,11.0,inferred
Lancaster,2021-05-22,0.0,1.0,2.0,2.0,3.0,3.0,4.0,4.0,5.0,6.0,6.0,7.0,10.0,inferred
Lancaster,2021-05-23,1.0,2.0,3.0,3.0,3.0,4.0,5.0,5.0,6.0,7.0,7.0,8.0,10.0,inferred
Lancaster,2021-05-24,2.0,3.0,4.0,4.0,5.0,6.0,6.0,7.0,8.0,9.0,9.0,11.0,13.0,inferred
Lancaster,2021-05-25,2.0,3.0,4.0,5.0,5.0,6.0,7.0,8.0,8.0,9.0,10.0,11.1,14.0,inferred
Lancaster,2021-05-26,2.0,3.0,5.0,5.0,5.0,6.0,7.0,8.0,9.0,9.0,10.0,11.0,14.0,inferred
Lancaster,2021-05-27,2.0,3.9,5.0,5.0,6.0,6.0,7.0,8.0,9.0,9.0,10.0,11.0,14.0,inferred
Lancaster,2021-05-28,2.0,3.0,4.0,5.0,5.0,6.0,7.0,7.0,8.0,9.0,10.0,11.0,13.5,inferred
Lancaster,2021-05-29,1.0,2.0,3.0,4.0,4.0,5.0,6.0,6.0,7.0,8.0,8.0,10.0,12.0,inferred
Lancaster,2021-05-30,2.0,3.0,4.0,5.0,5.0,6.0,7.0,8.0,9.0,9.0,10.0,11.0,14.0,inferred
Lancaster,2021-05-31,3.5,5.0,7.0,7.0,8.0,9.0,10.0,11.0,12.0,12.0,13.0,15.0,18.0,inferred
Lancaster,2021-06-01,4.0,6.0,7.0,8.0,8.0,9.0,10.0,11.0,12.0,13.0,14.0,16.0,19.0,inferred
Lancaster,2021-06-02,5.0,7.0,8.0,9.0,9.0,10.0,11.0,12.0,14.0,14.0,15.0,17.0,21.0,inferred
Lancaster,2021-06-03,5.0,7.0,9.0,9.0,10.0,11.0,12.0,13.0,14.0,15.0,15.0,18.0,21.0,inferred
Lancaster,2021-06-04,5.0,7.0,9.0,9.0,10.0,11.0,12.0,13.0,14.0,14.0,15.0,17.0,21.0,inferred
Lancaster,2021-06-05,4.0,6.0,7.0,8.0,8.0,9.0,10.0,11.0,12.0,12.0,13.0,15.0,18.0,inferred
Lancaster,2021-06-06,6.0,8.0,9.0,10.0,10.0,11.0,12.0,13.0,15.0,15.0,16.0,18.0,22.0,inferred
Lancaster,2021-06-07,9.0,11.0,13.0,14.0,15.0,16.0,17.0,18.0,20.0,21.0,22.0,24.0,28.0,inferred
Lancaster,2021-06-08,9.0,12.0,14.0,15.0,16.0,17.0,18.0,20.0,21.0,22.0,23.0,25.0,29.0,inferred
Lancaster,2021-06-09,9.0,13.0,15.0,16.0,16.0,18.0,19.0,21.0,22.0,23.0,24.0,27.0,30.5,inferred
Lancaster,2021-06-10,10.0,13.0,15.0,16.0,16.0,18.0,19.0,20.0,22.0,23.0,24.0,26.0,30.5,inferred
Lancaster,2021-06-11,9.0,12.0,14.0,14.0,15.0,17.0,18.0,19.0,20.3,21.0,22.0,25.0,29.0,inferred
Lancaster,2021-06-12,7.0,9.0,11.0,12.0,12.0,13.0,14.0,15.4,17.0,18.0,19.0,21.0,25.0,inferred
Lancaster,2021-06-13,9.0,12.0,14.0,15.0,15.0,17.0,18.0,19.0,21.0,21.0,22.0,25.0,28.0,inferred
Lancaster,2021-06-14,13.0,17.0,19.0,20.0,21.0,23.0,24.0,26.0,28.0,29.0,29.0,33.0,37.0,inferred
Lancaster,2021-06-15,15.0,19.0,21.0,22.0,23.0,25.0,26.0,28.0,30.0,30.0,31.0,34.0,40.0,inferred
Lancaster,2021-06-16,17.0,20.9,23.0,24.0,25.0,26.6,28.0,30.0,32.0,33.0,34.0,37.0,42.0,inferred
Lancaster,2021-06-17,17.0,21.0,24.0,25.0,26.0,28.0,29.0,31.0,33.0,34.0,35.0,38.0,44.0,inferred
Lancaster,2021-06-18,15.0,19.0,22.0,23.0,24.0,26.0,27.0,29.0,31.0,32.0,33.0,37.0,43.0,inferred
Leeds,2021-03-06,69.0,77.0,83.8,85.0,88.0,91.0,95.0,99.0,103.0,105.0,107.0,113.1,123.5,inferred
Leeds,2021-03-07,80.0,89.0,95.0,97.0,99.0,103.0,107.0,110.0,114.0,116.0,119.0,125.0,137.5,inferred
Leeds,2021-03-08,107.0,118.0,124.0,127.0,129.0,133.0,137.0,142.0,146.0,149.0,152.0,160.0,173.0,inferred
Leeds,2021-03-09,100.0,110.0,117.0,119.0,122.0,126.0,130.0,134.0,139.0,141.0,144.0,151.0,162.0,inferred
Leeds,2021-03-10,102.0,112.0,119.0,122.0,124.0,129.0,133.0,137.0,141.0,144.0,146.0,154.0,167.0,inferred
Leeds,2021-03-11,93.5,103.0,110.0,112.0,114.0,118.0,122.0,127.0,132.0,134.0,137.0,145.0,157.5,inferred
Leeds,2021-03-12,85.0,93.0,99.0,101.0,103.0,107.0,112.0,116.0,120.0,123.0,125.0,132.0,143.0,inferred
Leeds,2021-03-13,66.0,75.0,80.0,82.0,84.0,88.0,92.0,95.0,99.0,102.0,104.0,111.0,122.0,inferred
Leeds,2021-03-14,74.0,82.0,88.0,90.0,92.0,96.0,100.0,105.0,109.0,111.0,114.0,121.0,133.0,inferred
Leeds,2021-03-15,97.0,109.0,116.0,118.0,121.0,126.0,129.0,134.0,138.0,141.0,144.0,152.0,166.0,inferred
Leeds,2021-03-16,90.0,103.0,110.0,112.8,115.0,119.0,124.0,128.0,132.0,135.0,138.0,146.1,160.5,inferred
Leeds,2021-03-17,101.0,110.9,118.0,120.0,123.0,128.0,132.0,136.0,141.0,144.0,147.0,155.0,167.5,inferred
Leeds,2021-03-18,96.0,106.0,113.0,116.0,118.0,122.0,127.0,131.0,136.0,139.0,141.0,150.0,162.0,inferred
Leeds,2021-03-19,90.0,100.0,107.0,109.0,112.0,116.0,119.0,123.0,128.0,130.0,133.0,139.0,153.5,inferred
Leeds,2021-03-20,73.5,83.0,89.0,91.0,93.0,97.0,101.0,105.0,108.3,111.0,114.0,122.0,131.0,inferred
Leeds,2021-03-21,86.0,97.0,104.0,106.0,108.0,113.0,116.0,119.0,124.0,126.0,129.0,136.0,149.0,inferred
Leeds,2021-03-22,114.0,127.0,137.0,140.0,142.0,147.0,151.0,157.0,162.0,165.0,168.0,177.0,190.0,inferred
Leeds,2021-03-23,110.0,120.0,127.0,130.0,133.0,138.0,142.0,147.0,152.0,156.0,159.0,167.0,182.0,inferred
Leeds,2021-03-24,111.0,121.0,128.0,131.0,134.0,139.0,143.0,148.0,152.0,155.0,158.0,168.0,182.0,inferred
Leeds,2021-03-25,97.0,108.0,115.0,117.0,120.0,125.0,129.0,134.0,138.3,141.0,144.0,152.0,164.0,inferred
Leeds,2021-03-26,85.0,95.0,100.8,104.0,106.0,110.0,114.0,118.0,122.0,125.0,128.0,134.1,147.0,inferred
Leeds,2021-03-27,65.0,73.0,79.0,81.0,83.0,87.0,90.0,94.0,97.3,99.0,101.0,107.0,117.0,inferred
Leeds,2021-03-28,69.0,78.0,83.8,86.0,88.0,91.0,95.0,99.0,103.0,105.0,107.0,114.0,127.0,inferred
Leeds,2021-03-29,87.5,98.0,105.0,107.0,110.0,113.0,118.0,123.0,127.0,130.0,133.0,141.0,153.0,inferred
Leeds,2021-03-30,79.0,88.0,94.0,96.0,99.0,102.0,107.0,110.0,115.0,118.0,121.0,127.0,140.0,inferred
Leeds,2021-03-31,79.0,87.0,94.0,96.0,98.0,102.0,107.0,110.0,114.0,117.0,119.0,125.1,138.0,inferred
Leeds,2021-04-01,70.0,78.0,84.0,86.0,88.0,92.0,95.0,99.0,102.0,105.0,107.0,114.0,125.5,inferred
Leeds,2021-04-02,59.0,68.0,73.0,75.0,77.0,80.0,83.0,86.0,90.0,93.0,95.0,101.0,112.0,inferred
Leeds,2021-04-03,45.0,51.0,56.0,58.0,60.0,63.0,66.0,69.0,72.0,74.0,76.0,81.0,90.0,inferred
Leeds,2021-04-04,47.0,54.0,59.0,61.0,62.0,66.0,69.0,72.0,75.0,77.0,79.0,85.0,95.0,inferred
Leeds,2021-04-05,59.0,66.0,73.0,75.0,77.0,81.0,84.0,88.0,92.0,94.0,97.0,103.0,114.0,inferred
Leeds,2021-04-06,53.0,61.0,65.0,67.0,69.0,73.0,76.0,79.0,82.0,84.0,87.0,93.0,102.5,inferred
Leeds,2021-04-07,53.0,59.0,64.0,66.0,68.0,71.0,75.0,79.0,82.0,84.0,86.0,92.0,102.0,inferred
Leeds,2021-04-08,46.0,53.0,58.0,59.0,61.0,64.0,67.0,70.0,74.0,75.0,77.0,83.0,92.0,inferred
Leeds,2021-04-09,41.0,46.0,50.0,52.0,54.0,57.0,59.0,62.0,65.0,67.0,69.0,74.0,84.0,inferred
Leeds,2021-04-10,29.0,34.9,38.0,40.0,41.0,43.0,46.0,48.0,51.0,53.0,55.0,61.0,68.5,inferred
Leeds,2021-04-11,31.0,37.0,41.0,43.0,45.0,47.0,49.0,52.0,55.0,56.2,58.0,63.0,72.0,inferred
Leeds,2021-04-12,40.0,47.0,52.0,53.0,55.0,58.0,61.0,64.0,67.0,69.0,71.0,76.0,85.5,inferred
Leeds,2021-04-13,35.5,42.0,46.8,49.0,50.0,53.0,56.0,58.0,62.0,64.0,65.0,70.0,78.5,inferred
Leeds,2021-04-14,38.0,44.0,48.0,49.0,51.0,54.0,57.0,59.4,62.3,64.0,66.0,72.0,81.0,inferred
Leeds,2021-04-15,34.0,40.0,45.0,46.0,48.0,50.0,53.0,56.0,59.0,60.0,62.0,67.0,76.0,inferred
Leeds,2021-04-16,30.0,36.0,40.0,42.0,43.0,46.0,48.0,50.0,53.0,54.0,56.0,61.0,70.0,inferred
Leeds,2021-04-17,24.0,29.0,32.0,33.0,35.0,37.0,40.0,42.0,44.0,46.0,48.0,52.0,60.0,inferred
Leeds,2021-04-18,27.0,32.0,36.0,37.0,39.0,41.0,43.0,46.0,48.0,49.2,51.0,56.0,65.0,inferred
Leeds,2021-04-19,35.0,42.0,46.0,48.0,49.0,52.0,55.0,58.0,61.0,63.0,65.0,70.0,79.0,inferred
Leeds,2021-04-20,33.0,38.0,43.0,44.0,46.0,48.0,51.0,54.0,56.3,58.0,60.0,65.0,75.0,inferred
Leeds,2021-04-21,35.0,40.0,44.0,46.0,47.0,50.0,53.0,56.0,59.0,60.0,62.0,68.0,75.0,inferred
Leeds,2021-04-22,32.0,38.0,42.0,43.0,44.0,47.0,50.0,52.0,55.0,57.0,58.0,63.0,72.0,inferred
Leeds,2021-04-23,28.0,33.0,38.0,39.0,41.0,43.0,46.0,49.0,51.0,53.0,54.2,59.0,67.5,inferred
Leeds,2021-04-24,22.0,27.0,31.0,32.0,33.0,35.0,37.0,40.0,42.0,43.0,45.0,49.0,55.0,inferred
Leeds,2021-04-25,25.0,30.0,34.0,36.0,37.0,39.6,42.0,44.0,46.0,48.0,49.0,54.0,61.5,inferred
Leeds,2021-04-26,35.5,41.0,45.0,47.0,48.0,51.0,54.0,56.4,60.0,61.0,63.0,69.0,77.0,inferred
Leeds,2021-04-27,33.0,39.0,43.0,45.0,46.0,49.0,52.0,55.0,58.0,60.0,61.0,66.0,75.0,inferred
Leeds,2021-04-28,36.0,42.0,46.0,47.0,49.0,52.0,55.0,57.0,60.0,62.0,63.2,69.0,78.0,inferred
Leeds,2021-04-29,33.0,39.0,43.0,45.0,46.0,49.0,51.0,54.0,57.0,58.0,60.0,65.0,74.0,inferred
Leeds,2021-04-30,29.0,35.0,39.0,41.0,43.0,45.0,48.0,50.0,53.0,54.0,56.0,61.0,70.0,inferred
Leeds,2021-05-01,23.0,29.0,32.0,34.0,35.0,38.0,40.0,42.0,45.0,46.0,48.0,52.0,60.0,inferred
Leeds,2021-05-02,27.0,33.0,37.0,38.0,40.0,42.0,45.0,47.0,50.0,52.0,53.0,57.0,67.0,inferred
Leeds,2021-05-03,37.0,44.0,49.0,50.0,52.0,55.0,58.0,61.0,64.0,66.0,68.0,74.0,82.5,inferred
Leeds,2021-05-04,36.0,42.9,47.0,48.0,50.0,52.0,55.0,58.0,60.0,62.0,65.0,70.0,79.0,inferred
Leeds,2021-05-05,38.0,44.0,48.0,50.0,51.0,54.0,57.0,60.0,63.0,64.0,66.0,72.0,79.0,inferred
Leeds,2021-05-06,35.0,41.0,45.0,46.0,48.0,51.0,53.0,56.0,59.0,61.0,63.0,68.0,78.0,inferred
Leeds,2021-05-07,29.0,36.0,40.0,42.0,43.0,46.0,48.0,51.0,53.0,55.0,57.0,62.0,70.0,inferred
Leeds,2021-05-08,25.0,29.0,33.0,34.0,35.0,38.0,40.0,42.0,45.0,46.0,48.0,53.0,60.5,inferred
Leeds,2021-05-09,28.0,33.0,36.0,37.0,39.0,42.0,44.0,46.0,49.0,51.0,52.0,57.0,64.0,inferred
Leeds,2021-05-10,36.0,43.0,48.0,49.0,51.0,54.0,56.0,59.0,63.0,64.0,66.0,71.0,79.0,inferred
Leeds,2021-05-11,33.0,39.0,43.0,45.0,46.0,49.0,52.0,54.0,57.0,59.0,61.0,66.0,74.0,inferred
Leeds,2021-05-12,34.0,40.0,44.0,46.0,47.0,50.0,53.0,56.0,59.0,60.0,62.0,67.1,76.0,inferred
Leeds,2021-05-13,30.0,36.0,41.0,42.0,44.0,46.0,49.0,51.0,54.0,56.0,58.0,63.0,70.0,inferred
Leeds,2021-05-14,26.0,33.0,36.0,38.0,39.0,42.0,44.0,46.0,49.0,51.0,52.0,57.0,66.0,inferred
Leeds,2021-05-15,21.0,26.0,29.0,30.0,32.0,34.0,36.0,38.0,40.0,42.0,43.2,48.0,55.0,inferred
Leeds,2021-05-16,22.0,28.0,32.0,33.0,35.0,37.0,39.0,41.0,44.0,45.0,47.0,51.0,59.0,inferred
Leeds,2021-05-17,31.0,37.0,41.0,43.0,44.0,47.0,50.0,53.0,55.0,57.0,59.0,64.0,71.0,inferred
Leeds,2021-05-18,28.5,34.0,38.8,40.0,41.0,44.0,46.0,49.0,52.0,53.0,55.0,60.0,69.0,inferred
Leeds,2021-05-19,31.0,36.0,41.0,42.0,43.0,46.0,48.0,51.0,54.0,56.0,58.0,63.0,71.0,inferred
Leeds,2021-05-20,29.0,34.0,38.0,40.0,41.0,44.0,46.0,49.0,51.0,53.0,55.0,59.0,67.0,inferred
Leeds,2021-05-21,25.5,31.0,35.0,36.0,37.0,40.0,42.0,44.0,47.0,49.0,50.0,54.0,64.0,inferred
Leeds,2021-05-22,20.0,25.0,28.0,30.0,31.0,33.0,35.0,37.0,40.0,41.0,43.0,48.0,55.0,inferred
Leeds,2021-05-23,23.0,28.0,31.0,33.0,34.0,37.0,39.0,41.0,44.0,46.0,48.0,52.0,60.0,inferred
Leeds,2021-05-24,33.0,39.0,43.8,45.0,46.0,49.0,52.0,54.0,57.0,59.0,61.0,66.0,74.5,inferred
Leeds,2021-05-25,32.5,38.0,43.0,44.0,46.0,48.0,51.0,54.0,57.0,59.0,60.0,66.0,74.0,inferred
Leeds,2021-05-26,38.0,44.0,48.0,50.0,52.0,54.6,57.0,60.0,63.0,65.0,67.0,73.0,81.0,inferred
Leeds,2021-05-27,39.0,45.0,49.0,51.0,52.0,55.0,58.0,61.0,64.0,65.0,68.0,74.0,81.0,inferred
Leeds,2021-05-28,37.0,44.0,49.0,51.0,52.0,55.0,58.0,61.0,64.0,66.0,68.0,74.0,82.5,inferred
Leeds,2021-05-29,33.0,39.0,43.0,44.0,46.0,49.0,52.0,54.0,57.0,58.0,60.0,65.0,73.0,inferred
Leeds,2021-05-30,41.0,47.0,52.0,53.0,55.0,58.0,61.0,64.0,68.0,69.0,71.0,76.0,85.0,inferred
Leeds,2021-05-31,60.0,67.0,73.0,75.0,77.0,82.0,85.0,89.0,92.0,94.0,97.0,104.0,116.0,inferred
Leeds,2021-06-01,62.0,70.0,76.0,78.0,80.0,84.0,87.0,91.0,95.0,97.0,100.0,108.0,119.0,inferred
Leeds,2021-06-02,75.0,83.9,90.0,92.0,94.0,98.0,102.0,105.0,109.0,111.2,114.0,121.0,134.0,inferred
Leeds,2021-06-03,79.0,89.0,94.0,97.0,99.0,102.0,106.0,110.0,114.0,117.0,119.0,127.0,138.5,inferred
Leeds,2021-06-04,80.0,90.0,96.0,99.0,102.0,106.0,110.0,113.0,118.0,120.0,122.0,129.0,142.5,inferred
Leeds,2021-06-05,73.0,83.0,89.0,91.8,93.0,97.0,101.0,104.0,108.0,110.0,113.0,120.0,131.0,inferred
Leeds,2021-06-06,93.0,104.0,110.0,113.0,115.0,120.0,124.0,128.0,132.0,134.0,138.0,144.0,155.0,inferred
Leeds,2021-06-07,137.5,148.0,157.0,160.0,163.0,169.0,174.0,180.0,186.0,189.0,193.0,204.0,218.0,inferred
Leeds,2021-06-08,141.0,154.0,163.0,166.0,169.0,174.0,178.0,183.0,188.0,191.0,195.0,203.1,220.0,inferred
Leeds,2021-06-09,160.0,171.0,180.0,183.8,186.0,192.0,197.0,203.0,209.0,212.0,215.0,226.0,242.0,inferred
Leeds,2021-06-10,156.5,169.0,177.0,181.0,184.0,189.6,195.0,200.0,206.0,209.0,212.0,223.0,237.5,inferred
Leeds,2021-06-11,151.0,165.0,173.0,176.0,179.0,185.0,190.0,196.0,201.0,205.0,209.0,217.1,231.5,inferred
Leeds,2021-06-12,130.0,142.0,149.8,153.0,155.0,160.0,164.0,170.0,175.0,178.0,181.0,189.0,202.0,inferred
Leeds,2021-06-13,155.0,168.0,176.0,180.0,182.0,189.0,194.0,200.0,206.0,209.0,212.0,221.0,235.0,inferred
Leeds,2021-06-14,215.0,232.0,243.0,248.0,251.0,257.0,263.0,270.0,277.0,282.0,285.0,297.0,314.0,inferred
Leeds,2021-06-15,218.0,234.0,244.0,249.0,252.0,260.0,265.5,272.0,278.0,282.0,287.0,299.0,318.0,inferred
Leeds,2021-06-16,246.5,261.0,272.0,278.0,281.7,288.0,294.0,301.0,309.0,313.0,318.0,329.0,349.0,inferred
Leeds,2021-06-17,242.0,260.0,272.0,277.0,281.0,288.0,294.0,301.0,309.0,312.0,317.0,330.0,347.5,inferred
Leeds,2021-06-18,234.0,253.0,265.0,269.8,274.7,282.0,289.0,295.4,303.0,308.0,314.0,328.0,347.0,inferred
Leicester,2021-03-06,33.0,39.0,42.0,44.0,45.0,47.0,49.0,51.0,53.0,54.0,55.2,60.0,66.0,inferred
Leicester,2021-03-07,41.0,46.0,50.0,51.0,52.0,54.0,56.0,58.4,61.0,62.0,64.0,68.1,75.0,inferred
Leicester,2021-03-08,53.0,59.0,63.0,64.0,66.0,68.0,70.0,73.0,75.0,77.0,79.0,84.0,91.0,inferred
Leicester,2021-03-09,50.0,56.0,60.0,61.0,63.0,65.0,67.0,70.0,72.0,74.0,76.0,80.0,87.0,inferred
Leicester,2021-03-10,52.0,58.0,62.0,63.8,65.0,67.0,70.0,72.0,75.0,76.0,78.0,82.0,88.5,inferred
Leicester,2021-03-11,44.5,49.0,54.0,55.0,56.0,59.0,61.0,63.0,66.0,67.0,69.0,73.0,81.0,inferred
Leicester,2021-03-12,39.0,44.0,47.0,49.0,50.0,52.0,55.0,57.0,59.0,60.0,62.0,66.0,72.0,inferred
Leicester,2021-03-13,29.0,34.0,36.0,38.0,39.0,41.0,43.0,45.0,47.0,48.0,49.2,53.0,59.0,inferred
Leicester,2021-03-14,35.0,39.0,42.0,43.0,45.0,47.0,49.0,51.0,53.0,55.0,56.0,59.0,65.0,inferred
Leicester,2021-03-15,44.0,50.0,54.0,55.0,57.0,59.0,61.0,63.0,66.0,68.0,69.0,74.0,81.0,inferred
Leicester,2021-03-16,42.0,48.0,52.0,53.0,55.0,57.0,59.0,62.0,65.0,66.0,68.0,72.0,80.0,inferred
Leicester,2021-03-17,46.0,51.0,55.0,57.0,58.0,60.0,62.0,65.0,67.0,69.0,71.0,75.0,83.0,inferred
Leicester,2021-03-18,41.0,46.0,50.0,51.0,53.0,55.0,57.0,59.0,61.0,63.0,64.0,69.0,76.0,inferred
Leicester,2021-03-19,37.0,43.0,46.0,47.0,48.0,51.0,53.0,55.0,58.0,59.0,60.0,64.0,70.5,inferred
Leicester,2021-03-20,28.0,33.0,36.0,37.0,39.0,41.0,43.0,45.0,47.0,48.0,49.0,53.0,59.0,inferred
Leicester,2021-03-21,35.0,39.0,43.0,44.0,45.0,47.0,49.0,52.0,54.0,56.0,57.2,61.0,69.0,inferred
Leicester,2021-03-22,47.0,52.0,56.0,58.0,59.0,61.0,64.0,66.0,70.0,71.0,73.0,77.0,84.0,inferred
Leicester,2021-03-23,44.0,50.0,54.0,56.0,57.0,59.0,61.0,64.0,66.0,68.0,69.0,74.0,80.0,inferred
Leicester,2021-03-24,46.0,52.0,56.0,57.0,59.0,61.0,63.0,66.0,68.0,70.0,71.0,76.0,83.5,inferred
Leicester,2021-03-25,39.0,45.0,48.0,50.0,51.0,53.0,56.0,58.0,60.0,61.2,63.0,67.0,75.0,inferred
Leicester,2021-03-26,34.0,39.0,43.0,44.0,45.0,47.0,49.0,51.0,53.0,55.0,56.0,61.0,66.5,inferred
Leicester,2021-03-27,25.5,29.0,32.0,33.0,34.0,37.0,38.0,40.0,42.0,44.0,45.0,48.0,54.0,inferred
Leicester,2021-03-28,30.0,34.0,37.0,38.0,40.0,42.0,44.0,46.0,48.0,49.0,50.0,54.0,60.0,inferred
Leicester,2021-03-29,38.0,43.0,47.0,48.0,49.7,52.0,54.0,56.0,59.0,60.0,62.0,66.0,72.0,inferred
Leicester,2021-03-30,35.0,40.0,43.0,45.0,46.0,48.0,50.0,53.0,55.0,56.0,58.0,62.0,71.0,inferred
Leicester,2021-03-31,36.0,42.0,45.0,47.0,48.0,50.0,52.0,54.0,57.0,58.0,60.0,64.0,70.0,inferred
Leicester,2021-04-01,32.0,36.0,40.0,41.0,42.0,44.0,46.0,48.0,50.0,52.0,53.0,57.0,63.0,inferred
Leicester,2021-04-02,29.0,32.9,36.0,37.0,38.0,40.0,42.0,43.0,46.0,47.0,48.0,52.0,56.5,inferred
Leicester,2021-04-03,20.0,25.0,27.0,28.0,29.0,31.0,33.0,34.0,36.0,37.0,38.0,41.0,47.0,inferred
Leicester,2021-04-04,25.0,29.0,32.0,33.0,34.0,36.0,37.0,39.0,41.0,42.0,43.2,47.0,52.0,inferred
Leicester,2021-04-05,32.0,36.0,39.0,41.0,42.0,44.0,46.0,48.0,50.0,51.0,53.0,56.0,62.0,inferred
Leicester,2021-04-06,29.0,34.0,37.0,38.0,39.0,41.0,44.0,45.0,48.0,49.0,50.0,54.0,60.0,inferred
Leicester,2021-04-07,30.0,35.0,38.0,40.0,41.0,43.0,45.0,47.0,49.0,50.0,52.0,56.0,61.0,inferred
Leicester,2021-04-08,27.0,31.0,34.0,35.0,36.0,38.0,40.0,42.0,44.0,45.0,46.0,49.0,55.0,inferred
Leicester,2021-04-09,23.0,27.0,30.0,31.0,32.0,34.0,36.0,37.0,39.0,40.0,42.0,45.0,51.0,inferred
Leicester,2021-04-10,17.0,20.0,23.0,24.0,25.0,26.0,28.0,30.0,31.0,32.0,34.0,36.0,41.0,inferred
Leicester,2021-04-11,20.0,24.0,27.0,28.0,28.0,30.0,32.0,34.0,35.0,36.0,38.0,41.0,45.5,inferred
Leicester,2021-04-12,26.0,30.0,34.0,35.0,36.0,38.0,40.0,42.0,44.0,45.0,47.0,50.0,55.0,inferred
Leicester,2021-04-13,25.0,29.0,31.0,32.0,33.0,35.0,38.0,39.0,41.0,42.0,43.0,47.0,53.0,inferred
Leicester,2021-04-14,25.0,29.0,32.0,33.0,35.0,36.0,38.0,40.0,42.0,43.0,44.0,48.0,54.0,inferred
Leicester,2021-04-15,21.0,25.0,28.0,29.0,30.0,32.0,33.0,35.0,37.0,38.0,39.0,42.1,48.0,inferred
Leicester,2021-04-16,17.0,22.0,24.0,25.0,26.0,27.0,29.0,31.0,32.0,33.0,34.0,37.0,42.0,inferred
Leicester,2021-04-17,13.0,16.0,18.0,19.0,20.0,21.0,23.0,24.0,26.0,26.2,28.0,30.0,34.0,inferred
Leicester,2021-04-18,15.0,19.0,21.0,22.0,23.0,24.0,26.0,27.0,29.0,30.0,31.0,34.0,38.0,inferred
Leicester,2021-04-19,20.0,24.0,26.0,27.0,28.0,30.0,32.0,33.0,35.0,36.0,37.0,40.0,45.0,inferred
Leicester,2021-04-20,18.0,22.0,24.0,26.0,27.0,29.0,30.0,32.0,33.0,34.0,35.0,38.0,43.0,inferred
Leicester,2021-04-21,19.0,22.0,25.0,26.0,27.0,29.0,30.0,32.0,34.0,35.0,36.0,39.0,44.0,inferred
Leicester,2021-04-22,16.0,19.0,21.0,22.0,23.0,25.0,26.0,28.0,30.0,30.2,32.0,35.0,39.0,inferred
Leicester,2021-04-23,13.0,16.0,18.0,19.0,20.0,22.0,23.0,24.0,26.0,27.0,28.0,31.0,35.0,inferred
Leicester,2021-04-24,9.0,12.0,14.0,15.0,15.0,17.0,18.0,19.0,20.0,21.0,22.0,24.0,28.0,inferred
Leicester,2021-04-25,11.0,13.0,16.0,16.0,17.0,19.0,20.0,21.0,22.0,23.0,24.0,27.0,31.0,inferred
Leicester,2021-04-26,14.0,17.0,19.0,20.0,21.0,23.0,24.0,26.0,28.0,29.0,29.2,32.0,37.0,inferred
Leicester,2021-04-27,13.0,16.0,18.0,19.0,20.0,21.0,23.0,24.0,26.0,27.0,28.0,31.0,35.0,inferred
Leicester,2021-04-28,13.0,16.0,19.0,20.0,20.0,22.0,23.0,25.0,26.0,27.0,28.0,31.0,36.0,inferred
Leicester,2021-04-29,11.0,14.0,17.0,17.0,18.0,19.0,21.0,22.0,23.0,24.0,25.0,28.0,32.0,inferred
Leicester,2021-04-30,10.0,13.0,15.0,15.0,16.0,18.0,19.0,20.0,22.0,22.0,23.0,26.0,30.0,inferred
Leicester,2021-05-01,7.0,10.0,11.0,12.0,13.0,14.0,15.0,16.0,17.0,18.0,18.0,21.0,24.5,inferred
Leicester,2021-05-02,9.0,11.0,13.0,14.0,15.0,16.0,17.0,18.0,20.0,21.0,22.0,24.0,28.0,inferred
Leicester,2021-05-03,12.0,15.0,17.0,18.0,19.0,21.0,22.0,23.0,25.0,26.0,27.0,30.0,34.0,inferred
Leicester,2021-05-04,12.0,15.0,17.0,18.0,19.0,20.0,21.0,23.0,25.0,26.0,26.0,29.0,34.0,inferred
Leicester,2021-05-05,13.0,17.0,19.0,20.0,21.0,22.0,24.0,25.0,27.0,28.0,29.0,31.0,36.0,inferred
Leicester,2021-05-06,12.0,15.0,17.0,18.0,19.0,20.0,22.0,23.0,24.0,25.0,26.0,29.0,33.0,inferred
Leicester,2021-05-07,11.0,14.0,16.0,17.0,17.0,19.0,20.0,22.0,23.0,24.0,25.0,27.0,32.0,inferred
Leicester,2021-05-08,8.0,11.0,13.0,13.0,14.0,15.0,16.0,18.0,19.0,20.0,21.0,23.0,26.0,inferred
Leicester,2021-05-09,11.0,14.0,16.0,16.0,17.0,18.0,20.0,21.0,22.0,23.0,24.0,27.0,31.0,inferred
Leicester,2021-05-10,15.0,18.0,21.0,21.8,22.0,24.0,25.0,27.0,29.0,30.0,31.0,34.0,37.0,inferred
Leicester,2021-05-11,15.0,18.0,20.0,22.0,22.0,24.0,25.0,27.0,29.0,29.0,30.0,33.0,38.0,inferred
Leicester,2021-05-12,17.0,20.0,22.0,23.0,24.0,25.0,27.0,29.0,30.0,31.0,32.0,36.0,41.0,inferred
Leicester,2021-05-13,15.0,18.0,20.0,21.0,22.0,24.0,25.0,27.0,28.0,29.0,30.0,34.0,38.0,inferred
Leicester,2021-05-14,14.0,17.0,19.0,20.0,21.0,22.0,24.0,25.0,27.0,27.0,28.0,31.0,36.0,inferred
Leicester,2021-05-15,11.0,14.0,16.0,16.0,17.0,18.0,19.0,21.0,22.0,23.0,24.0,27.0,31.0,inferred
Leicester,2021-05-16,13.0,17.0,19.0,20.0,21.0,22.0,24.0,25.0,27.0,28.0,29.0,31.0,36.0,inferred
Leicester,2021-05-17,19.0,22.0,25.0,26.0,27.0,29.0,31.0,32.0,34.0,35.0,36.0,40.0,45.0,inferred
Leicester,2021-05-18,19.0,23.0,26.0,27.0,28.0,29.0,31.0,33.0,34.0,35.0,36.0,40.0,45.0,inferred
Leicester,2021-05-19,21.0,26.0,29.0,30.0,31.0,33.0,35.0,37.0,39.0,40.0,41.0,45.0,50.0,inferred
Leicester,2021-05-20,20.0,25.0,27.0,28.0,29.0,31.0,33.0,34.0,36.0,38.0,39.0,42.0,47.0,inferred
Leicester,2021-05-21,19.0,23.0,26.0,27.0,28.0,30.0,32.0,33.0,35.0,36.0,37.0,41.0,46.0,inferred
Leicester,2021-05-22,15.0,19.0,21.0,23.0,24.0,25.0,27.0,28.0,30.0,31.0,32.0,34.0,39.0,inferred
Leicester,2021-05-23,20.0,24.0,27.0,28.0,29.0,31.0,33.0,35.0,36.0,37.0,39.0,42.0,46.0,inferred
Leicester,2021-05-24,29.0,34.0,37.0,38.0,39.0,41.0,43.0,45.0,47.0,49.0,50.0,53.1,60.0,inferred
Leicester,2021-05-25,29.0,34.0,38.0,39.0,40.0,42.0,44.0,46.0,49.0,50.0,51.0,55.0,60.5,inferred
Leicester,2021-05-26,32.0,37.0,41.0,42.0,44.0,46.0,48.0,50.0,52.0,54.0,55.0,59.0,66.0,inferred
Leicester,2021-05-27,30.0,35.0,39.0,40.0,41.0,43.0,45.0,47.0,50.0,51.0,52.0,55.0,61.0,inferred
Leicester,2021-05-28,29.0,33.0,36.0,37.0,38.0,40.0,42.0,44.0,46.0,47.0,48.0,52.0,58.0,inferred
Leicester,2021-05-29,23.0,27.0,30.0,31.0,32.0,34.0,35.0,37.0,39.0,40.0,41.0,44.0,51.0,inferred
Leicester,2021-05-30,28.0,33.0,36.0,37.0,38.0,41.0,43.0,45.0,47.0,48.0,49.0,53.0,59.0,inferred
Leicester,2021-05-31,39.0,45.0,48.0,50.0,52.0,54.0,56.0,58.0,61.0,62.0,63.0,67.0,75.0,inferred
Leicester,2021-06-01,40.0,45.0,49.0,50.0,51.0,54.0,56.0,59.0,61.0,62.0,64.0,69.0,75.0,inferred
Leicester,2021-06-02,44.0,50.0,54.0,56.0,57.0,59.0,62.0,64.0,67.0,68.0,70.0,74.0,80.5,inferred
Leicester,2021-06-03,42.0,46.0,50.0,51.0,52.7,55.0,57.0,60.0,62.0,64.0,65.0,69.0,76.0,inferred
Leicester,2021-06-04,38.0,44.0,47.0,49.0,50.0,52.0,54.0,56.0,59.0,60.0,61.2,66.0,73.0,inferred
Leicester,2021-06-05,30.5,35.0,38.0,40.0,41.0,43.0,45.0,47.0,49.0,51.0,52.0,56.0,61.0,inferred
Leicester,2021-06-06,39.0,44.0,47.0,48.0,50.0,52.0,54.0,57.0,59.0,61.0,62.0,66.0,74.0,inferred
Leicester,2021-06-07,52.0,58.9,62.0,64.0,65.0,68.0,71.0,74.0,76.0,78.0,79.0,85.0,92.5,inferred
Leicester,2021-06-08,51.0,57.0,61.0,63.0,64.0,67.0,69.0,72.0,75.0,76.0,78.2,83.0,91.0,inferred
Leicester,2021-06-09,54.0,60.0,64.0,66.0,68.0,70.0,73.0,76.0,78.0,80.0,82.0,88.0,95.5,inferred
Leicester,2021-06-10,48.0,53.0,57.0,58.8,60.0,62.0,65.0,67.0,70.0,72.0,73.0,77.1,83.0,inferred
Leicester,2021-06-11,41.0,48.0,52.0,53.0,54.0,57.0,59.0,61.0,64.0,65.0,67.0,72.0,79.0,inferred
Leicester,2021-06-12,32.0,37.0,40.0,42.0,43.0,45.0,47.0,49.0,51.0,52.0,54.0,57.0,64.0,inferred
Leicester,2021-06-13,38.0,43.0,47.0,48.0,50.0,52.0,54.0,56.0,59.0,60.0,62.0,66.0,72.5,inferred
Leicester,2021-06-14,51.0,56.0,61.0,63.0,64.0,67.0,69.0,71.4,74.0,76.0,77.2,82.0,90.0,inferred
Leicester,2021-06-15,49.0,54.0,58.0,60.0,62.0,65.0,67.0,70.0,72.0,74.0,76.0,80.0,87.0,inferred
Leicester,2021-06-16,52.0,58.0,62.0,65.0,66.0,69.0,71.0,74.0,77.0,79.0,81.0,85.0,92.0,inferred
Leicester,2021-06-17,47.0,53.0,57.0,59.0,61.0,63.0,66.0,68.0,71.0,73.0,75.0,79.0,87.0,inferred
Leicester,2021-06-18,43.0,49.0,53.0,55.0,56.0,59.0,61.0,64.0,66.0,68.0,69.0,74.0,82.0,inferred
Lewes,2021-03-06,0.0,1.0,1.0,2.0,2.0,2.0,3.0,4.0,4.0,5.0,5.0,6.0,8.0,inferred
Lewes,2021-03-07,0.0,1.0,2.0,2.0,2.0,3.0,3.0,4.0,4.0,5.0,5.0,7.0,9.0,inferred
Lewes,2021-03-08,0.0,1.0,2.0,2.0,3.0,3.0,4.0,4.0,5.0,6.0,6.0,7.0,9.0,inferred
Lewes,2021-03-09,0.0,1.0,2.0,2.0,2.0,3.0,4.0,4.0,5.0,5.0,5.0,7.0,9.0,inferred
Lewes,2021-03-10,0.0,1.0,2.0,2.0,2.0,3.0,4.0,4.0,5.0,5.0,6.0,7.0,9.0,inferred
Lewes,2021-03-11,0.0,1.0,2.0,2.0,2.0,3.0,3.0,4.0,5.0,5.0,6.0,7.0,9.0,inferred
Lewes,2021-03-12,0.0,1.0,2.0,2.0,2.0,2.0,3.0,3.0,4.0,4.0,5.0,6.0,8.0,inferred
Lewes,2021-03-13,0.0,0.0,1.0,1.0,1.0,2.0,2.0,3.0,3.0,4.0,4.0,5.0,7.0,inferred
Lewes,2021-03-14,0.0,1.0,1.0,2.0,2.0,2.0,3.0,4.0,4.0,5.0,5.0,6.0,8.0,inferred
Lewes,2021-03-15,0.0,1.0,2.0,2.0,2.0,3.0,4.0,4.0,5.0,5.0,6.0,7.0,10.0,inferred
Lewes,2021-03-16,0.0,1.0,2.0,2.0,2.0,3.0,4.0,4.0,5.0,5.0,6.0,7.0,10.0,inferred
Lewes,2021-03-17,0.0,1.0,2.0,2.0,2.0,3.0,4.0,4.0,5.0,5.0,6.0,7.0,10.0,inferred
Lewes,2021-03-18,0.0,1.0,1.0,2.0,2.0,3.0,3.0,4.0,4.0,5.0,5.0,6.0,9.0,inferred
Lewes,2021-03-19,0.0,1.0,1.0,1.0,2.0,2.0,3.0,3.0,4.0,4.0,5.0,6.0,8.0,inferred
Lewes,2021-03-20,0.0,0.0,1.0,1.0,1.0,2.0,2.0,3.0,3.0,4.0,4.0,5.0,7.0,inferred
Lewes,2021-03-21,0.0,1.0,1.0,1.0,1.0,2.0,2.0,3.0,4.0,4.0,4.0,5.0,8.0,inferred
Lewes,2021-03-22,0.0,1.0,1.0,2.0,2.0,2.0,3.0,3.0,4.0,4.0,5.0,6.0,8.0,inferred
Lewes,2021-03-23,0.0,1.0,1.0,1.0,2.0,2.0,3.0,3.0,4.0,4.0,5.0,6.0,8.0,inferred
Lewes,2021-03-24,0.0,1.0,1.0,1.0,2.0,2.0,3.0,3.0,4.0,4.0,5.0,6.0,8.0,inferred
Lewes,2021-03-25,0.0,0.0,1.0,1.0,1.0,2.0,2.0,3.0,4.0,4.0,4.0,6.0,8.0,inferred
Lewes,2021-03-26,0.0,0.0,1.0,1.0,1.0,2.0,2.0,2.0,3.0,3.0,4.0,5.0,6.0,inferred
Lewes,2021-03-27,0.0,0.0,0.0,1.0,1.0,1.0,1.0,2.0,2.0,3.0,3.0,4.0,6.0,inferred
Lewes,2021-03-28,0.0,0.0,1.0,1.0,1.0,1.0,2.0,2.0,3.0,3.0,4.0,4.1,6.0,inferred
Lewes,2021-03-29,0.0,0.0,1.0,1.0,1.0,2.0,2.0,3.0,3.0,3.0,4.0,5.0,7.0,inferred
Lewes,2021-03-30,0.0,0.0,1.0,1.0,1.0,1.0,2.0,2.0,3.0,3.0,4.0,5.0,7.0,inferred
Lewes,2021-03-31,0.0,0.0,1.0,1.0,1.0,2.0,2.0,2.0,3.0,3.0,4.0,5.0,7.0,inferred
Lewes,2021-04-01,0.0,0.0,0.0,1.0,1.0,1.0,2.0,2.0,3.0,3.0,3.0,4.0,6.0,inferred
Lewes,2021-04-02,0.0,0.0,0.0,0.8,1.0,1.0,1.0,2.0,2.0,3.0,3.0,4.0,6.0,inferred
Lewes,2021-04-03,0.0,0.0,0.0,0.0,0.0,1.0,1.0,1.0,2.0,2.0,2.0,3.0,4.0,inferred
Lewes,2021-04-04,0.0,0.0,0.0,0.0,1.0,1.0,1.0,2.0,2.0,2.0,2.0,3.0,5.0,inferred
Lewes,2021-04-05,0.0,0.0,0.0,0.0,1.0,1.0,1.0,2.0,2.0,2.0,3.0,4.0,6.0,inferred
Lewes,2021-04-06,0.0,0.0,0.0,0.0,1.0,1.0,1.0,2.0,2.0,2.0,3.0,4.0,5.0,inferred
Lewes,2021-04-07,0.0,0.0,0.0,0.0,1.0,1.0,1.0,2.0,2.0,3.0,3.0,4.0,6.0,inferred
Lewes,2021-04-08,0.0,0.0,0.0,0.0,1.0,1.0,1.0,2.0,2.0,2.0,3.0,4.0,5.0,inferred
Lewes,2021-04-09,0.0,0.0,0.0,0.0,0.0,1.0,1.0,1.0,2.0,2.0,2.0,3.0,4.5,inferred
Lewes,2021-04-10,0.0,0.0,0.0,0.0,0.0,0.0,1.0,1.0,1.0,2.0,2.0,3.0,4.0,inferred
Lewes,2021-04-11,0.0,0.0,0.0,0.0,0.0,1.0,1.0,1.0,2.0,2.0,2.0,3.0,5.0,inferred
Lewes,2021-04-12,0.0,0.0,0.0,0.0,0.0,1.0,1.0,1.0,2.0,2.0,3.0,4.0,5.5,inferred
Lewes,2021-04-13,0.0,0.0,0.0,0.0,1.0,1.0,1.0,2.0,2.0,2.0,2.0,3.0,5.0,inferred
Lewes,2021-04-14,0.0,0.0,0.0,0.0,1.0,1.0,1.0,2.0,2.0,2.0,3.0,4.0,6.0,inferred
Lewes,2021-04-15,0.0,0.0,0.0,0.0,1.0,1.0,1.0,2.0,2.0,2.0,3.0,3.0,5.0,inferred
Lewes,2021-04-16,0.0,0.0,0.0,0.0,0.0,1.0,1.0,1.0,2.0,2.0,2.0,3.0,5.0,inferred
Lewes,2021-04-17,0.0,0.0,0.0,0.0,0.0,0.0,1.0,1.0,1.0,2.0,2.0,3.0,5.0,inferred
Lewes,2021-04-18,0.0,0.0,0.0,0.0,0.0,1.0,1.0,1.0,2.0,2.0,2.0,3.0,5.0,inferred
Lewes,2021-04-19,0.0,0.0,0.0,1.0,1.0,1.0,1.0,2.0,2.0,3.0,3.0,4.0,6.0,inferred
Lewes,2021-04-20,0.0,0.0,0.0,0.0,1.0,1.0,1.0,2.0,2.0,2.0,3.0,4.0,5.0,inferred
Lewes,2021-04-21,0.0,0.0,0.0,0.0,1.0,1.0,1.0,2.0,2.0,2.0,3.0,4.0,5.0,inferred
Lewes,2021-04-22,0.0,0.0,0.0,0.0,0.0,1.0,1.0,2.0,2.0,2.0,3.0,4.0,5.0,inferred
Lewes,2021-04-23,0.0,0.0,0.0,0.0,0.0,1.0,1.0,1.0,2.0,2.0,2.0,3.0,5.0,inferred
Lewes,2021-04-24,0.0,0.0,0.0,0.0,0.0,0.0,1.0,1.0,1.0,2.0,2.0,3.0,4.0,inferred
Lewes,2021-04-25,0.0,0.0,0.0,0.0,0.0,0.0,1.0,1.0,2.0,2.0,2.0,3.0,4.0,inferred
Lewes,2021-04-26,0.0,0.0,0.0,0.0,0.0,1.0,1.0,1.0,2.0,2.0,2.0,3.0,5.0,inferred
Lewes,2021-04-27,0.0,0.0,0.0,0.0,0.0,1.0,1.0,1.0,2.0,2.0,2.0,3.0,5.0,inferred
Lewes,2021-04-28,0.0,0.0,0.0,0.0,0.0,1.0,1.0,1.0,2.0,2.0,2.0,3.0,5.0,inferred
Lewes,2021-04-29,0.0,0.0,0.0,0.0,0.0,1.0,1.0,1.0,2.0,2.0,2.0,3.0,4.0,inferred
Lewes,2021-04-30,0.0,0.0,0.0,0.0,0.0,0.0,1.0,1.0,1.0,2.0,2.0,3.0,4.0,inferred
Lewes,2021-05-01,0.0,0.0,0.0,0.0,0.0,0.0,0.0,1.0,1.0,1.0,2.0,2.0,4.0,inferred
Lewes,2021-05-02,0.0,0.0,0.0,0.0,0.0,0.0,1.0,1.0,1.0,2.0,2.0,2.1,4.0,inferred
Lewes,2021-05-03,0.0,0.0,0.0,0.0,0.0,1.0,1.0,1.0,2.0,2.0,2.0,3.0,4.0,inferred
Lewes,2021-05-04,0.0,0.0,0.0,0.0,0.0,1.0,1.0,1.0,2.0,2.0,2.0,3.0,4.5,inferred
Lewes,2021-05-05,0.0,0.0,0.0,0.0,0.0,1.0,1.0,1.0,2.0,2.0,2.0,3.0,5.0,inferred
Lewes,2021-05-06,0.0,0.0,0.0,0.0,0.0,1.0,1.0,1.0,2.0,2.0,2.0,3.0,5.0,inferred
Lewes,2021-05-07,0.0,0.0,0.0,0.0,0.0,0.0,1.0,1.0,2.0,2.0,2.0,3.0,4.0,inferred
Lewes,2021-05-08,0.0,0.0,0.0,0.0,0.0,0.0,1.0,1.0,1.0,1.0,2.0,2.0,4.0,inferred
Lewes,2021-05-09,0.0,0.0,0.0,0.0,0.0,0.0,1.0,1.0,1.0,2.0,2.0,3.0,4.0,inferred
Lewes,2021-05-10,0.0,0.0,0.0,0.0,0.0,1.0,1.0,1.0,2.0,2.0,2.0,3.0,5.0,inferred
Lewes,2021-05-11,0.0,0.0,0.0,0.0,0.0,1.0,1.0,1.0,2.0,2.0,2.0,3.0,5.0,inferred
Lewes,2021-05-12,0.0,0.0,0.0,0.0,0.0,1.0,1.0,1.0,2.0,2.0,2.0,3.0,5.0,inferred
Lewes,2021-05-13,0.0,0.0,0.0,0.0,0.0,1.0,1.0,1.0,2.0,2.0,2.0,3.0,5.0,inferred
Lewes,2021-05-14,0.0,0.0,0.0,0.0,0.0,0.0,1.0,1.0,1.0,2.0,2.0,3.0,4.0,inferred
Lewes,2021-05-15,0.0,0.0,0.0,0.0,0.0,0.0,1.0,1.0,1.0,1.0,2.0,2.0,4.0,inferred
Lewes,2021-05-16,0.0,0.0,0.0,0.0,0.0,0.0,1.0,1.0,1.0,2.0,2.0,3.0,4.0,inferred
Lewes,2021-05-17,0.0,0.0,0.0,0.0,0.0,1.0,1.0,1.0,2.0,2.0,2.0,3.0,5.0,inferred
Lewes,2021-05-18,0.0,0.0,0.0,0.0,0.0,1.0,1.0,1.0,2.0,2.0,2.0,3.0,5.0,inferred
Lewes,2021-05-19,0.0,0.0,0.0,0.0,0.0,1.0,1.0,1.0,2.0,2.0,2.0,3.0,5.0,inferred
Lewes,2021-05-20,0.0,0.0,0.0,0.0,0.0,1.0,1.0,1.0,2.0,2.0,2.0,3.0,4.0,inferred
Lewes,2021-05-21,0.0,0.0,0.0,0.0,0.0,0.0,1.0,1.0,1.0,2.0,2.0,3.0,4.0,inferred
Lewes,2021-05-22,0.0,0.0,0.0,0.0,0.0,0.0,0.0,1.0,1.0,1.0,2.0,2.0,3.0,inferred
Lewes,2021-05-23,0.0,0.0,0.0,0.0,0.0,0.0,1.0,1.0,1.0,1.0,2.0,2.0,4.0,inferred
Lewes,2021-05-24,0.0,0.0,0.0,0.0,0.0,1.0,1.0,1.0,2.0,2.0,2.0,3.0,5.0,inferred
Lewes,2021-05-25,0.0,0.0,0.0,0.0,0.0,1.0,1.0,1.0,2.0,2.0,2.0,3.0,5.0,inferred
Lewes,2021-05-26,0.0,0.0,0.0,0.0,0.0,1.0,1.0,1.0,2.0,2.0,2.0,3.0,5.0,inferred
Lewes,2021-05-27,0.0,0.0,0.0,0.0,0.0,1.0,1.0,1.0,2.0,2.0,2.0,3.0,5.0,inferred
Lewes,2021-05-28,0.0,0.0,0.0,0.0,0.0,1.0,1.0,1.0,2.0,2.0,2.0,3.0,4.0,inferred
Lewes,2021-05-29,0.0,0.0,0.0,0.0,0.0,0.0,1.0,1.0,1.0,2.0,2.0,2.0,4.0,inferred
Lewes,2021-05-30,0.0,0.0,0.0,0.0,0.0,1.0,1.0,1.0,2.0,2.0,2.0,3.0,4.0,inferred
Lewes,2021-05-31,0.0,0.0,0.0,0.0,0.0,1.0,1.0,2.0,2.0,2.0,3.0,3.0,5.0,inferred
Lewes,2021-06-01,0.0,0.0,0.0,0.0,1.0,1.0,1.0,2.0,2.0,2.0,3.0,4.0,5.0,inferred
Lewes,2021-06-02,0.0,0.0,0.0,1.0,1.0,1.0,1.0,2.0,2.0,3.0,3.0,4.0,6.0,inferred
Lewes,2021-06-03,0.0,0.0,0.0,1.0,1.0,1.0,2.0,2.0,3.0,3.0,3.0,4.0,6.0,inferred
Lewes,2021-06-04,0.0,0.0,0.0,1.0,1.0,1.0,1.0,2.0,2.0,3.0,3.0,4.0,6.0,inferred
Lewes,2021-06-05,0.0,0.0,0.0,1.0,1.0,1.0,1.0,2.0,2.0,3.0,3.0,4.0,6.0,inferred
Lewes,2021-06-06,0.0,0.0,1.0,1.0,1.0,2.0,2.0,2.0,3.0,3.0,4.0,5.0,7.0,inferred
Lewes,2021-06-07,0.0,1.0,1.0,1.0,2.0,2.0,3.0,3.0,4.0,4.0,5.0,6.0,8.0,inferred
Lewes,2021-06-08,0.0,1.0,1.0,2.0,2.0,2.0,3.0,3.0,4.0,4.0,5.0,6.0,8.0,inferred
Lewes,2021-06-09,0.0,1.0,2.0,2.0,2.0,3.0,3.0,4.0,5.0,5.0,5.0,7.0,9.0,inferred
Lewes,2021-06-10,0.0,1.0,2.0,2.0,2.0,3.0,3.0,4.0,5.0,5.0,6.0,7.0,9.0,inferred
Lewes,2021-06-11,0.0,1.0,2.0,2.0,2.0,3.0,3.0,4.0,4.0,5.0,5.0,7.0,9.0,inferred
Lewes,2021-06-12,0.0,1.0,1.0,1.0,2.0,2.0,3.0,3.0,4.0,4.0,5.0,6.0,8.0,inferred
Lewes,2021-06-13,0.0,1.0,2.0,2.0,2.0,3.0,4.0,4.0,5.0,5.0,6.0,7.0,10.0,inferred
Lewes,2021-06-14,1.0,2.0,3.0,3.0,3.0,4.0,5.0,5.0,6.0,7.0,8.0,9.0,12.0,inferred
Lewes,2021-06-15,1.0,2.0,3.0,3.0,4.0,4.0,5.0,6.0,7.0,7.0,8.0,9.0,12.0,inferred
Lewes,2021-06-16,1.0,2.0,3.0,4.0,4.0,5.0,6.0,7.0,8.0,8.0,9.0,10.0,13.0,inferred
Lewes,2021-06-17,1.0,3.0,3.0,4.0,4.0,5.0,6.0,7.0,8.0,8.0,9.0,11.0,13.0,inferred
Lewes,2021-06-18,1.0,2.0,3.0,4.0,4.0,5.0,6.0,6.0,7.0,8.0,8.0,10.0,13.0,inferred
Lewisham,2021-03-06,3.0,4.0,5.0,6.0,6.0,7.0,8.0,9.0,10.0,10.0,11.0,12.0,15.0,inferred
Lewisham,2021-03-07,4.0,5.0,7.0,7.0,8.0,8.0,9.0,10.0,11.0,12.0,12.0,14.0,17.0,inferred
Lewisham,2021-03-08,5.0,7.0,9.0,9.0,10.0,11.0,12.0,13.0,14.0,15.0,15.0,17.1,21.0,inferred
Lewisham,2021-03-09,5.0,7.0,9.0,9.0,10.0,11.0,12.0,13.0,14.0,15.0,15.0,17.0,20.0,inferred
Lewisham,2021-03-10,5.0,8.0,9.0,10.0,10.0,11.0,12.0,13.0,14.0,15.0,16.0,17.0,21.0,inferred
Lewisham,2021-03-11,5.0,7.0,8.0,9.0,10.0,11.0,12.0,13.0,14.0,14.0,15.0,17.0,20.0,inferred
Lewisham,2021-03-12,4.0,6.0,7.0,8.0,9.0,9.0,10.0,11.0,12.0,13.0,14.0,15.0,18.0,inferred
Lewisham,2021-03-13,3.0,5.0,6.0,6.0,7.0,8.0,8.0,9.0,10.0,11.0,11.0,13.0,16.0,inferred
Lewisham,2021-03-14,4.0,6.0,7.0,7.0,8.0,9.0,9.5,11.0,12.0,12.0,13.0,15.0,18.0,inferred
Lewisham,2021-03-15,6.0,8.0,9.0,10.0,10.7,11.0,12.0,14.0,15.0,16.0,16.0,18.0,22.0,inferred
Lewisham,2021-03-16,6.0,8.0,9.0,10.0,10.0,11.0,12.0,13.0,15.0,15.0,16.0,18.0,22.0,inferred
Lewisham,2021-03-17,6.0,8.0,9.0,10.0,11.0,12.0,13.0,14.0,15.0,16.0,17.0,18.0,22.0,inferred
Lewisham,2021-03-18,5.0,7.0,9.0,9.0,10.0,11.0,12.0,13.0,14.0,14.0,15.0,17.0,20.5,inferred
Lewisham,2021-03-19,4.0,6.0,7.0,8.0,9.0,10.0,11.0,12.0,13.0,13.0,14.0,16.0,19.0,inferred
Lewisham,2021-03-20,3.0,5.0,6.0,6.0,7.0,8.0,9.0,10.0,10.0,11.0,11.0,13.0,16.0,inferred
Lewisham,2021-03-21,3.5,5.0,7.0,7.0,8.0,9.0,10.0,11.0,12.0,12.0,13.0,15.0,18.0,inferred
Lewisham,2021-03-22,5.0,7.0,9.0,10.0,10.0,11.0,12.0,13.0,14.0,15.0,16.0,18.0,21.5,inferred
Lewisham,2021-03-23,5.0,7.0,9.0,9.0,10.0,11.0,12.0,13.0,14.0,15.0,15.0,17.0,20.0,inferred
Lewisham,2021-03-24,5.0,7.0,8.0,9.0,10.0,11.0,11.0,12.0,14.0,14.0,15.0,17.0,21.0,inferred
Lewisham,2021-03-25,4.0,6.0,7.0,8.0,8.0,9.0,10.0,11.0,12.0,12.2,13.0,15.0,18.0,inferred
Lewisham,2021-03-26,3.0,5.0,6.0,6.0,7.0,8.0,8.0,9.0,10.0,11.0,11.0,13.0,16.0,inferred
Lewisham,2021-03-27,2.0,3.0,4.0,5.0,5.0,6.0,7.0,7.0,8.0,8.2,9.0,11.0,14.0,inferred
Lewisham,2021-03-28,2.0,3.0,5.0,5.0,5.0,6.0,7.0,8.0,9.0,9.0,10.0,11.0,14.0,inferred
Lewisham,2021-03-29,3.0,4.0,6.0,6.0,7.0,8.0,9.0,9.0,10.0,11.0,12.0,13.0,16.0,inferred
Lewisham,2021-03-30,2.5,4.0,5.0,6.0,6.0,7.0,8.0,9.0,9.0,10.0,11.0,12.0,15.0,inferred
Lewisham,2021-03-31,2.0,4.0,5.0,5.0,6.0,7.0,7.0,8.0,9.0,9.2,10.0,12.0,14.0,inferred
Lewisham,2021-04-01,2.0,3.0,4.0,4.0,5.0,6.0,6.0,7.0,8.0,8.0,9.0,11.0,13.0,inferred
Lewisham,2021-04-02,1.0,2.0,3.0,4.0,4.0,5.0,5.0,6.0,7.0,7.0,8.0,9.0,12.0,inferred
Lewisham,2021-04-03,1.0,2.0,2.0,3.0,3.0,4.0,4.0,5.0,6.0,6.0,6.0,8.0,10.0,inferred
Lewisham,2021-04-04,1.0,2.0,3.0,3.0,3.0,4.0,5.0,5.0,6.0,6.0,7.0,8.0,10.0,inferred
Lewisham,2021-04-05,1.0,2.0,3.0,4.0,4.0,5.0,6.0,6.0,7.0,8.0,8.0,10.0,12.0,inferred
Lewisham,2021-04-06,1.0,2.0,3.0,4.0,4.0,5.0,5.0,6.0,7.0,7.0,8.0,10.0,12.0,inferred
Lewisham,2021-04-07,1.0,3.0,3.0,4.0,4.0,5.0,5.0,6.0,7.0,7.0,8.0,9.0,12.0,inferred
Lewisham,2021-04-08,1.0,2.0,3.0,4.0,4.0,5.0,5.0,6.0,7.0,7.0,7.0,9.0,11.0,inferred
Lewisham,2021-04-09,1.0,2.0,3.0,3.0,3.0,4.0,4.0,5.0,6.0,6.0,7.0,8.0,10.0,inferred
Lewisham,2021-04-10,0.0,1.0,2.0,2.0,3.0,3.0,4.0,4.0,5.0,5.0,6.0,7.0,9.0,inferred
Lewisham,2021-04-11,1.0,2.0,2.0,3.0,3.0,4.0,4.0,5.0,6.0,6.0,7.0,8.0,10.0,inferred
Lewisham,2021-04-12,1.0,2.0,3.0,4.0,4.0,5.0,6.0,6.0,7.0,7.0,8.0,9.0,12.0,inferred
Lewisham,2021-04-13,1.0,2.0,3.0,4.0,4.0,5.0,5.0,6.0,7.0,8.0,8.0,10.0,12.0,inferred
Lewisham,2021-04-14,1.0,3.0,4.0,4.0,4.0,5.0,6.0,6.0,7.0,8.0,8.0,10.0,12.0,inferred
Lewisham,2021-04-15,1.0,3.0,4.0,4.0,4.0,5.0,6.0,6.0,7.0,8.0,8.0,10.0,13.0,inferred
Lewisham,2021-04-16,1.0,2.0,3.0,3.0,4.0,4.0,5.0,6.0,7.0,7.0,7.0,9.0,11.0,inferred
Lewisham,2021-04-17,1.0,2.0,3.0,3.0,3.0,4.0,4.0,5.0,6.0,6.0,7.0,8.0,10.0,inferred
Lewisham,2021-04-18,1.0,2.0,3.0,4.0,4.0,5.0,5.0,6.0,7.0,7.0,8.0,9.0,11.0,inferred
Lewisham,2021-04-19,2.0,3.0,4.0,5.0,5.0,6.0,7.0,8.0,9.0,9.0,10.0,11.0,14.0,inferred
Lewisham,2021-04-20,2.0,3.0,4.0,5.0,5.0,6.0,7.0,8.0,8.0,9.0,9.0,11.0,14.0,inferred
Lewisham,2021-04-21,2.0,3.0,4.0,5.0,5.0,6.0,7.0,8.0,9.0,9.0,10.0,11.0,14.0,inferred
Lewisham,2021-04-22,2.0,3.0,4.0,4.0,5.0,6.0,6.0,7.0,8.0,8.0,9.0,11.0,13.0,inferred
Lewisham,2021-04-23,1.0,2.0,3.0,4.0,4.0,5.0,5.0,6.0,7.0,7.0,8.0,9.0,12.0,inferred
Lewisham,2021-04-24,1.0,2.0,2.0,3.0,3.0,4.0,4.0,5.0,6.0,6.0,7.0,8.0,10.0,inferred
Lewisham,2021-04-25,1.0,2.0,3.0,3.0,4.0,4.0,5.0,6.0,6.0,7.0,7.0,9.0,11.0,inferred
Lewisham,2021-04-26,2.0,3.0,4.0,4.0,5.0,6.0,6.0,7.0,8.0,9.0,9.0,11.0,13.0,inferred
Lewisham,2021-04-27,2.0,3.0,4.0,4.0,5.0,6.0,6.0,7.0,8.0,8.0,9.0,10.1,13.0,inferred
Lewisham,2021-04-28,2.0,3.0,4.0,4.0,5.0,6.0,6.0,7.0,8.0,8.0,9.0,10.0,13.0,inferred
Lewisham,2021-04-29,1.5,3.0,4.0,4.0,4.0,5.0,6.0,7.0,7.0,8.0,8.0,10.0,13.0,inferred
Lewisham,2021-04-30,1.0,2.0,3.0,3.0,4.0,4.0,5.0,6.0,7.0,7.0,8.0,9.0,11.0,inferred
Lewisham,2021-05-01,1.0,2.0,2.0,3.0,3.0,4.0,4.0,5.0,5.0,6.0,6.0,8.0,10.0,inferred
Lewisham,2021-05-02,1.0,2.0,3.0,3.0,4.0,4.0,5.0,5.0,6.0,6.0,7.0,9.0,11.0,inferred
Lewisham,2021-05-03,2.0,3.0,4.0,4.0,5.0,5.0,6.0,7.0,8.0,8.0,8.0,10.0,12.0,inferred
Lewisham,2021-05-04,2.0,3.0,4.0,4.0,5.0,5.0,6.0,7.0,8.0,8.0,9.0,10.0,13.0,inferred
Lewisham,2021-05-05,2.0,3.0,4.0,4.0,5.0,5.0,6.0,7.0,8.0,8.0,9.0,11.0,13.0,inferred
Lewisham,2021-05-06,1.0,3.0,4.0,4.0,5.0,5.0,6.0,7.0,8.0,8.0,9.0,10.0,13.0,inferred
Lewisham,2021-05-07,1.0,2.0,3.0,4.0,4.0,5.0,5.0,6.0,7.0,7.0,8.0,9.0,11.0,inferred
Lewisham,2021-05-08,1.0,2.0,3.0,3.0,3.0,4.0,4.0,5.0,6.0,6.0,7.0,8.0,10.0,inferred
Lewisham,2021-05-09,1.0,2.0,3.0,4.0,4.0,5.0,5.0,6.0,7.0,7.0,8.0,9.0,11.0,inferred
Lewisham,2021-05-10,2.0,3.0,4.0,5.0,5.0,6.0,7.0,8.0,8.0,9.0,10.0,11.0,13.0,inferred
Lewisham,2021-05-11,2.0,4.0,5.0,5.0,6.0,6.0,7.0,8.0,9.0,9.0,10.0,11.0,14.0,inferred
Lewisham,2021-05-12,2.0,4.0,5.0,5.0,6.0,6.0,7.0,8.0,9.0,10.0,10.0,12.0,14.0,inferred
Lewisham,2021-05-13,2.0,3.0,4.0,5.0,5.0,6.0,7.0,8.0,8.0,9.0,9.0,11.0,14.0,inferred
Lewisham,2021-05-14,2.0,3.0,4.0,4.0,5.0,5.0,6.0,7.0,7.0,8.0,8.0,10.0,13.0,inferred
Lewisham,2021-05-15,1.0,2.0,3.0,3.0,3.0,4.0,5.0,5.0,6.0,6.0,7.0,8.0,11.0,inferred
Lewisham,2021-05-16,1.0,2.0,3.0,4.0,4.0,5.0,6.0,6.0,7.0,7.0,8.0,9.0,12.0,inferred
Lewisham,2021-05-17,2.0,3.0,5.0,5.0,6.0,6.0,7.0,8.0,9.0,9.0,10.0,11.0,14.0,inferred
Lewisham,2021-05-18,2.0,3.0,5.0,5.0,6.0,6.0,7.0,8.0,9.0,9.0,10.0,11.0,14.0,inferred
Lewisham,2021-05-19,2.0,4.0,5.0,5.0,6.0,7.0,7.0,8.0,9.0,10.0,10.0,12.0,15.0,inferred
Lewisham,2021-05-20,2.0,4.0,5.0,5.0,6.0,7.0,7.0,8.0,9.0,10.0,10.0,12.0,14.5,inferred
Lewisham,2021-05-21,2.0,3.0,4.0,5.0,5.0,6.0,7.0,8.0,9.0,9.0,10.0,11.0,14.0,inferred
Lewisham,2021-05-22,1.0,2.0,4.0,4.0,4.0,5.0,6.0,7.0,7.0,8.0,8.0,10.0,12.0,inferred
Lewisham,2021-05-23,2.0,4.0,5.0,5.0,6.0,6.0,7.0,8.0,9.0,9.0,10.0,11.0,14.0,inferred
Lewisham,2021-05-24,4.0,6.0,7.0,8.0,8.0,9.0,10.0,11.0,12.0,13.0,14.0,15.0,19.0,inferred
Lewisham,2021-05-25,4.0,6.0,8.0,8.0,9.0,10.0,11.0,12.0,13.0,13.0,14.0,16.0,20.0,inferred
Lewisham,2021-05-26,5.0,7.0,9.0,9.0,10.0,11.0,12.0,13.0,14.0,15.0,16.0,18.0,21.0,inferred
Lewisham,2021-05-27,5.0,7.0,9.0,10.0,10.0,11.0,12.0,13.0,15.0,15.0,16.0,18.0,21.0,inferred
Lewisham,2021-05-28,5.0,7.0,8.0,9.0,10.0,11.0,12.0,13.0,14.0,14.0,15.0,17.0,21.0,inferred
Lewisham,2021-05-29,4.0,6.0,7.0,8.0,9.0,10.0,11.0,12.0,13.0,13.0,14.0,16.0,19.0,inferred
Lewisham,2021-05-30,6.0,8.0,10.0,10.0,11.0,12.0,13.0,14.0,15.0,16.0,17.0,18.0,22.0,inferred
Lewisham,2021-05-31,9.0,12.0,14.0,15.0,15.0,17.0,18.0,19.0,21.0,22.0,22.0,25.0,28.5,inferred
Lewisham,2021-06-01,10.0,13.0,15.0,16.0,17.0,18.0,19.0,21.0,22.0,23.0,24.0,26.0,30.0,inferred
Lewisham,2021-06-02,12.0,15.0,17.0,18.0,18.0,20.0,21.0,22.0,24.0,25.0,26.0,28.0,33.0,inferred
Lewisham,2021-06-03,12.0,15.0,17.0,18.0,19.0,20.0,21.0,23.0,24.0,25.0,26.0,28.0,33.0,inferred
Lewisham,2021-06-04,11.0,14.0,16.0,17.0,17.0,19.0,20.0,21.0,22.0,23.2,24.0,27.0,31.0,inferred
Lewisham,2021-06-05,9.0,12.0,14.0,15.0,15.0,16.0,18.0,19.0,20.0,21.0,22.0,24.0,28.0,inferred
Lewisham,2021-06-06,12.0,15.0,17.0,18.0,19.0,20.0,21.0,23.0,25.0,25.0,26.0,29.0,34.0,inferred
Lewisham,2021-06-07,18.0,22.0,24.0,25.0,26.0,28.0,29.0,31.0,33.0,34.0,35.0,38.0,43.0,inferred
Lewisham,2021-06-08,18.0,23.0,25.0,26.0,27.0,29.0,31.0,32.0,34.0,35.0,36.0,39.0,44.0,inferred
Lewisham,2021-06-09,20.0,24.0,27.0,28.0,29.0,30.0,32.0,34.0,35.0,37.0,38.0,41.0,46.0,inferred
Lewisham,2021-06-10,19.0,22.0,25.0,26.0,27.0,29.0,30.0,32.0,34.0,35.0,36.0,39.0,44.0,inferred
Lewisham,2021-06-11,17.0,20.0,23.0,24.0,25.0,26.0,28.0,29.0,31.0,32.0,33.0,36.0,41.0,inferred
Lewisham,2021-06-12,14.0,17.0,19.0,20.0,21.0,22.0,23.0,25.0,26.0,27.0,28.0,31.0,35.0,inferred
Lewisham,2021-06-13,17.0,20.0,23.0,24.0,25.0,26.0,28.0,29.0,31.0,32.0,33.0,36.0,41.0,inferred
Lewisham,2021-06-14,23.0,27.0,30.0,31.0,32.0,34.0,36.0,37.0,39.0,40.0,42.0,46.0,51.0,inferred
Lewisham,2021-06-15,24.0,28.0,30.0,31.0,32.0,34.0,36.0,38.0,40.0,41.0,42.0,46.0,52.0,inferred
Lewisham,2021-06-16,25.0,28.0,31.8,33.0,34.0,36.0,38.0,40.0,42.0,43.0,44.0,48.0,53.0,inferred
Lewisham,2021-06-17,23.0,27.0,30.0,31.0,32.0,34.0,36.0,38.0,40.0,41.0,42.0,46.0,52.0,inferred
Lewisham,2021-06-18,20.5,24.0,27.0,28.0,29.0,31.0,33.0,35.0,37.0,38.0,39.0,43.0,49.0,inferred
Lichfield,2021-03-06,2.0,3.9,5.0,6.0,6.0,7.0,8.0,9.0,11.0,11.0,12.0,14.0,18.0,inferred
Lichfield,2021-03-07,3.0,5.0,7.0,7.0,8.0,9.0,10.0,11.0,13.0,13.0,14.0,17.0,21.0,inferred
Lichfield,2021-03-08,5.0,7.0,9.0,10.0,10.0,11.0,13.0,14.0,16.0,17.0,18.0,20.0,25.0,inferred
Lichfield,2021-03-09,4.0,7.0,8.0,9.0,10.0,11.0,12.0,13.0,15.0,16.0,17.0,20.0,24.5,inferred
Lichfield,2021-03-10,4.0,7.0,9.0,10.0,10.0,12.0,13.0,14.0,16.0,16.0,17.0,20.0,25.0,inferred
Lichfield,2021-03-11,3.5,6.0,7.0,8.0,9.0,10.0,11.0,12.0,14.0,14.0,15.0,18.0,23.0,inferred
Lichfield,2021-03-12,2.0,5.0,6.0,7.0,8.0,9.0,10.0,11.0,12.0,13.0,14.0,16.0,20.0,inferred
Lichfield,2021-03-13,2.0,3.0,4.0,5.0,5.0,6.0,7.0,8.0,10.0,10.0,11.0,13.0,18.0,inferred
Lichfield,2021-03-14,2.0,4.0,5.0,6.0,6.0,7.0,8.0,9.0,11.0,12.0,13.0,15.0,19.0,inferred
Lichfield,2021-03-15,3.0,5.0,7.0,7.0,8.0,9.0,11.0,12.0,13.0,14.0,15.0,18.0,22.5,inferred
Lichfield,2021-03-16,3.0,5.0,6.0,7.0,8.0,9.0,10.0,11.0,12.0,13.0,14.0,16.0,21.0,inferred
Lichfield,2021-03-17,3.0,5.0,6.0,7.0,7.0,9.0,10.0,11.0,13.0,13.0,14.0,17.0,22.0,inferred
Lichfield,2021-03-18,2.0,4.0,5.0,6.0,7.0,8.0,9.0,10.0,11.0,12.0,13.0,15.0,20.0,inferred
Lichfield,2021-03-19,2.0,3.0,5.0,5.0,6.0,7.0,8.0,9.0,10.0,11.0,12.0,14.0,18.0,inferred
Lichfield,2021-03-20,1.0,2.0,3.0,4.0,4.0,5.0,6.0,7.0,8.0,9.0,10.0,12.0,16.0,inferred
Lichfield,2021-03-21,1.0,3.0,4.0,5.0,5.0,6.0,7.0,8.0,10.0,10.0,11.0,13.0,17.0,inferred
Lichfield,2021-03-22,2.0,4.0,6.0,6.0,7.0,8.0,9.0,10.0,12.0,12.0,13.0,16.0,20.0,inferred
Lichfield,2021-03-23,2.0,4.0,5.0,6.0,6.0,7.0,9.0,10.0,11.0,12.0,13.0,15.0,20.0,inferred
Lichfield,2021-03-24,2.0,4.0,5.0,6.0,6.0,7.0,8.0,10.0,11.0,12.0,13.0,15.0,19.0,inferred
Lichfield,2021-03-25,1.0,3.0,4.0,4.0,5.0,6.0,7.0,8.0,9.0,10.0,10.0,13.0,16.0,inferred
Lichfield,2021-03-26,1.0,2.0,3.0,4.0,4.0,5.0,6.0,7.0,8.0,9.0,9.0,12.0,15.5,inferred
Lichfield,2021-03-27,0.0,1.0,2.0,2.0,3.0,3.0,4.0,5.0,6.0,6.0,7.0,9.0,12.0,inferred
Lichfield,2021-03-28,0.0,1.0,2.0,3.0,3.0,4.0,5.0,5.0,6.0,7.0,7.0,9.0,13.0,inferred
Lichfield,2021-03-29,1.0,2.0,3.0,3.0,4.0,5.0,5.0,6.0,7.0,8.0,9.0,10.0,14.0,inferred
Lichfield,2021-03-30,0.0,1.0,2.0,3.0,3.0,4.0,5.0,6.0,7.0,7.0,8.0,10.0,13.0,inferred
Lichfield,2021-03-31,0.0,1.0,2.0,3.0,3.0,4.0,5.0,5.0,6.0,7.0,8.0,10.0,13.0,inferred
Lichfield,2021-04-01,0.0,1.0,2.0,2.0,2.0,3.0,4.0,4.0,5.0,6.0,6.0,8.0,11.0,inferred
Lichfield,2021-04-02,0.0,1.0,1.0,2.0,2.0,3.0,3.0,4.0,5.0,5.0,6.0,7.0,11.0,inferred
Lichfield,2021-04-03,0.0,0.0,1.0,1.0,1.0,2.0,2.0,3.0,3.0,4.0,4.0,6.0,8.0,inferred
Lichfield,2021-04-04,0.0,0.0,1.0,1.0,1.0,2.0,2.0,3.0,4.0,4.0,5.0,6.0,9.0,inferred
Lichfield,2021-04-05,0.0,0.0,1.0,1.0,2.0,2.0,3.0,3.0,4.0,4.0,5.0,7.0,9.0,inferred
Lichfield,2021-04-06,0.0,0.0,1.0,1.0,1.0,2.0,2.0,3.0,4.0,4.0,5.0,6.0,9.0,inferred
Lichfield,2021-04-07,0.0,0.0,1.0,1.0,1.0,2.0,2.0,3.0,4.0,4.0,5.0,6.0,9.0,inferred
Lichfield,2021-04-08,0.0,0.0,1.0,1.0,1.0,1.0,2.0,2.0,3.0,3.0,4.0,6.0,8.0,inferred
Lichfield,2021-04-09,0.0,0.0,0.0,0.0,1.0,1.0,2.0,2.0,3.0,3.0,3.0,5.0,8.0,inferred
Lichfield,2021-04-10,0.0,0.0,0.0,0.0,0.0,1.0,1.0,1.0,2.0,2.0,3.0,4.0,6.0,inferred
Lichfield,2021-04-11,0.0,0.0,0.0,0.0,1.0,1.0,1.0,2.0,2.0,3.0,3.0,4.0,7.0,inferred
Lichfield,2021-04-12,0.0,0.0,0.0,1.0,1.0,1.0,2.0,2.0,3.0,3.0,4.0,5.0,7.0,inferred
Lichfield,2021-04-13,0.0,0.0,0.0,0.0,1.0,1.0,2.0,2.0,3.0,3.0,3.0,5.0,7.0,inferred
Lichfield,2021-04-14,0.0,0.0,0.0,1.0,1.0,1.0,2.0,2.0,3.0,3.0,4.0,5.0,7.5,inferred
Lichfield,2021-04-15,0.0,0.0,0.0,0.0,1.0,1.0,2.0,2.0,3.0,3.0,4.0,5.0,7.0,inferred
Lichfield,2021-04-16,0.0,0.0,0.0,0.0,0.0,1.0,1.0,2.0,2.0,3.0,3.0,4.0,7.0,inferred
Lichfield,2021-04-17,0.0,0.0,0.0,0.0,0.0,1.0,1.0,1.0,2.0,2.0,2.0,4.0,6.0,inferred
Lichfield,2021-04-18,0.0,0.0,0.0,0.0,0.0,1.0,1.0,2.0,2.0,3.0,3.0,4.0,7.0,inferred
Lichfield,2021-04-19,0.0,0.0,0.0,0.0,1.0,1.0,2.0,2.0,3.0,3.0,4.0,5.0,7.0,inferred
Lichfield,2021-04-20,0.0,0.0,0.0,0.0,1.0,1.0,1.0,2.0,3.0,3.0,3.0,5.0,7.0,inferred
Lichfield,2021-04-21,0.0,0.0,0.0,0.0,1.0,1.0,1.0,2.0,2.0,3.0,3.0,5.0,8.0,inferred
Lichfield,2021-04-22,0.0,0.0,0.0,0.0,0.0,1.0,1.0,2.0,2.0,3.0,3.0,4.0,7.0,inferred
Lichfield,2021-04-23,0.0,0.0,0.0,0.0,0.0,1.0,1.0,1.0,2.0,2.0,3.0,4.0,6.0,inferred
Lichfield,2021-04-24,0.0,0.0,0.0,0.0,0.0,0.0,1.0,1.0,2.0,2.0,2.0,3.0,6.0,inferred
Lichfield,2021-04-25,0.0,0.0,0.0,0.0,0.0,0.0,1.0,1.0,2.0,2.0,2.0,3.0,6.0,inferred
Lichfield,2021-04-26,0.0,0.0,0.0,0.0,0.0,1.0,1.0,2.0,2.0,2.0,3.0,4.0,7.0,inferred
Lichfield,2021-04-27,0.0,0.0,0.0,0.0,0.0,1.0,1.0,1.0,2.0,2.0,3.0,4.0,6.0,inferred
Lichfield,2021-04-28,0.0,0.0,0.0,0.0,0.0,1.0,1.0,1.0,2.0,2.0,3.0,4.0,6.0,inferred
Lichfield,2021-04-29,0.0,0.0,0.0,0.0,0.0,0.0,1.0,1.0,2.0,2.0,2.0,4.0,6.0,inferred
Lichfield,2021-04-30,0.0,0.0,0.0,0.0,0.0,0.0,1.0,1.0,2.0,2.0,2.0,3.0,6.0,inferred
Lichfield,2021-05-01,0.0,0.0,0.0,0.0,0.0,0.0,1.0,1.0,1.0,2.0,2.0,3.0,5.0,inferred
Lichfield,2021-05-02,0.0,0.0,0.0,0.0,0.0,0.0,1.0,1.0,2.0,2.0,2.0,3.0,6.0,inferred
Lichfield,2021-05-03,0.0,0.0,0.0,0.0,0.0,1.0,1.0,1.0,2.0,2.0,3.0,4.0,6.0,inferred
Lichfield,2021-05-04,0.0,0.0,0.0,0.0,0.0,1.0,1.0,1.0,2.0,2.0,3.0,4.0,6.0,inferred
Lichfield,2021-05-05,0.0,0.0,0.0,0.0,0.0,1.0,1.0,2.0,2.0,2.0,3.0,4.0,7.0,inferred
Lichfield,2021-05-06,0.0,0.0,0.0,0.0,0.0,1.0,1.0,1.0,2.0,2.0,3.0,4.0,6.0,inferred
Lichfield,2021-05-07,0.0,0.0,0.0,0.0,0.0,0.0,1.0,1.0,2.0,2.0,2.0,3.0,5.5,inferred
Lichfield,2021-05-08,0.0,0.0,0.0,0.0,0.0,0.0,1.0,1.0,1.0,2.0,2.0,3.0,5.0,inferred
Lichfield,2021-05-09,0.0,0.0,0.0,0.0,0.0,0.0,1.0,1.0,1.0,2.0,2.0,3.0,5.0,inferred
Lichfield,2021-05-10,0.0,0.0,0.0,0.0,0.0,1.0,1.0,1.0,2.0,2.0,3.0,4.0,6.0,inferred
Lichfield,2021-05-11,0.0,0.0,0.0,0.0,0.0,1.0,1.0,1.0,2.0,2.0,3.0,4.0,6.0,inferred
Lichfield,2021-05-12,0.0,0.0,0.0,0.0,0.0,1.0,1.0,2.0,2.0,2.0,3.0,4.0,7.0,inferred
Lichfield,2021-05-13,0.0,0.0,0.0,0.0,0.0,1.0,1.0,1.0,2.0,2.0,3.0,4.0,6.0,inferred
Lichfield,2021-05-14,0.0,0.0,0.0,0.0,0.0,0.0,1.0,1.0,2.0,2.0,2.0,4.0,6.0,inferred
Lichfield,2021-05-15,0.0,0.0,0.0,0.0,0.0,0.0,1.0,1.0,1.0,2.0,2.0,3.0,5.0,inferred
Lichfield,2021-05-16,0.0,0.0,0.0,0.0,0.0,0.0,1.0,1.0,2.0,2.0,2.0,3.0,5.0,inferred
Lichfield,2021-05-17,0.0,0.0,0.0,0.0,0.0,1.0,1.0,2.0,2.0,2.0,3.0,4.0,6.0,inferred
Lichfield,2021-05-18,0.0,0.0,0.0,0.0,0.0,1.0,1.0,2.0,2.0,2.0,3.0,4.0,7.0,inferred
Lichfield,2021-05-19,0.0,0.0,0.0,0.0,1.0,1.0,1.0,2.0,2.0,3.0,3.0,4.0,7.0,inferred
Lichfield,2021-05-20,0.0,0.0,0.0,0.0,0.0,1.0,1.0,2.0,2.0,2.0,3.0,4.0,7.0,inferred
Lichfield,2021-05-21,0.0,0.0,0.0,0.0,0.0,1.0,1.0,2.0,2.0,2.0,3.0,4.0,6.0,inferred
Lichfield,2021-05-22,0.0,0.0,0.0,0.0,0.0,0.0,1.0,1.0,2.0,2.0,2.0,4.0,6.0,inferred
Lichfield,2021-05-23,0.0,0.0,0.0,0.0,0.0,1.0,1.0,2.0,2.0,2.0,3.0,4.0,6.0,inferred
Lichfield,2021-05-24,0.0,0.0,0.0,1.0,1.0,1.0,2.0,2.0,3.0,3.0,4.0,5.0,8.0,inferred
Lichfield,2021-05-25,0.0,0.0,0.0,1.0,1.0,1.0,2.0,2.0,3.0,4.0,4.0,6.0,8.0,inferred
Lichfield,2021-05-26,0.0,0.0,1.0,1.0,1.0,2.0,2.0,3.0,3.0,4.0,4.0,6.0,9.0,inferred
Lichfield,2021-05-27,0.0,0.0,1.0,1.0,1.0,2.0,2.0,3.0,3.0,4.0,4.0,6.0,8.5,inferred
Lichfield,2021-05-28,0.0,0.0,1.0,1.0,1.0,1.0,2.0,2.4,3.0,4.0,4.0,5.0,8.0,inferred
Lichfield,2021-05-29,0.0,0.0,0.0,1.0,1.0,1.0,2.0,2.0,3.0,3.0,4.0,5.0,8.0,inferred
Lichfield,2021-05-30,0.0,0.0,1.0,1.0,1.0,2.0,2.0,3.0,4.0,4.0,5.0,6.0,9.0,inferred
Lichfield,2021-05-31,0.0,1.0,1.0,2.0,2.0,3.0,3.0,4.0,5.0,5.0,6.0,7.0,10.0,inferred
Lichfield,2021-06-01,0.0,0.0,1.0,2.0,2.0,2.0,3.0,4.0,5.0,5.0,6.0,8.0,10.0,inferred
Lichfield,2021-06-02,0.0,1.0,2.0,2.0,2.0,3.0,4.0,4.0,5.0,6.0,6.2,8.0,12.0,inferred
Lichfield,2021-06-03,0.0,1.0,1.0,2.0,2.0,3.0,3.0,4.0,5.0,6.0,6.0,8.0,12.0,inferred
Lichfield,2021-06-04,0.0,0.0,1.0,2.0,2.0,3.0,3.0,4.0,5.0,5.0,6.0,8.0,11.0,inferred
Lichfield,2021-06-05,0.0,0.0,1.0,1.0,2.0,2.0,3.0,3.0,4.0,5.0,5.0,7.0,10.0,inferred
Lichfield,2021-06-06,0.0,1.0,1.0,2.0,2.0,3.0,4.0,4.0,5.0,6.0,6.0,8.0,11.5,inferred
Lichfield,2021-06-07,1.0,2.0,3.0,3.0,3.0,4.0,5.0,6.0,7.0,8.0,8.0,10.0,14.0,inferred
Lichfield,2021-06-08,1.0,2.0,3.0,3.0,4.0,4.0,5.0,6.0,7.0,8.0,9.0,10.0,14.0,inferred
Lichfield,2021-06-09,1.0,2.0,3.0,4.0,4.0,5.0,6.0,7.0,8.0,9.0,10.0,12.0,16.0,inferred
Lichfield,2021-06-10,1.0,2.0,3.0,4.0,4.0,5.0,6.0,7.0,8.0,8.0,9.0,11.0,15.0,inferred
Lichfield,2021-06-11,1.0,2.0,3.0,3.0,4.0,5.0,6.0,6.0,8.0,8.0,9.0,11.0,15.0,inferred
Lichfield,2021-06-12,0.0,1.0,2.0,3.0,3.0,4.0,5.0,6.0,6.0,7.0,8.0,10.0,13.5,inferred
Lichfield,2021-06-13,1.0,2.0,3.0,4.0,4.0,5.0,6.0,7.0,8.0,8.0,9.0,11.0,15.0,inferred
Lichfield,2021-06-14,2.0,3.0,5.0,5.0,6.0,7.0,8.0,9.0,10.0,11.0,12.0,14.0,18.0,inferred
Lichfield,2021-06-15,2.0,3.0,5.0,6.0,6.0,7.0,8.0,9.0,11.0,11.0,12.0,15.0,18.0,inferred
Lichfield,2021-06-16,2.0,4.0,5.0,6.0,7.0,8.0,9.0,10.0,12.0,12.0,13.0,16.0,20.0,inferred
Lichfield,2021-06-17,2.0,4.0,5.0,6.0,6.0,7.0,8.0,10.0,11.0,11.0,13.0,15.0,20.0,inferred
Lichfield,2021-06-18,2.0,3.0,5.0,5.0,6.0,7.0,8.0,9.0,11.0,11.0,12.0,15.0,19.0,inferred
Lincoln,2021-03-06,2.0,4.0,5.0,6.0,6.0,7.0,8.0,9.0,11.0,11.0,12.0,15.0,19.0,inferred
Lincoln,2021-03-07,2.0,4.0,6.0,6.0,7.0,8.0,9.0,11.0,12.0,13.0,14.0,16.0,21.0,inferred
Lincoln,2021-03-08,4.0,6.0,8.0,9.0,9.0,11.0,12.0,13.0,15.0,16.0,17.0,20.0,24.5,inferred
Lincoln,2021-03-09,4.0,6.0,7.0,8.0,9.0,10.0,11.5,13.0,14.0,15.0,16.0,19.0,23.0,inferred
Lincoln,2021-03-10,4.0,6.0,8.0,9.0,9.0,10.0,12.0,13.0,14.0,15.0,16.0,20.0,25.0,inferred
Lincoln,2021-03-11,3.0,5.0,6.0,7.0,8.0,9.0,10.0,11.0,13.0,14.0,14.0,17.0,22.0,inferred
Lincoln,2021-03-12,2.0,4.0,6.0,6.0,7.0,8.0,9.0,10.0,11.0,12.0,13.0,16.0,20.0,inferred
Lincoln,2021-03-13,1.0,3.0,4.0,5.0,5.0,6.0,7.0,8.0,9.0,10.0,11.0,13.0,17.0,inferred
Lincoln,2021-03-14,2.0,4.0,5.0,6.0,6.0,7.0,8.0,9.0,10.0,11.0,12.0,14.0,19.0,inferred
Lincoln,2021-03-15,3.0,5.0,6.0,7.0,8.0,9.0,10.0,11.0,13.0,14.0,14.0,17.0,22.0,inferred
Lincoln,2021-03-16,2.0,4.0,6.0,6.0,7.0,8.0,9.0,11.0,12.0,13.0,14.0,16.0,21.0,inferred
Lincoln,2021-03-17,2.0,4.0,6.0,6.0,7.0,8.0,9.0,11.0,12.0,13.0,14.0,16.0,21.0,inferred
Lincoln,2021-03-18,2.0,3.0,5.0,6.0,6.0,7.0,8.0,9.0,10.0,11.0,12.0,14.0,18.5,inferred
Lincoln,2021-03-19,1.0,3.0,4.0,4.0,5.0,6.0,7.0,8.0,9.0,10.0,10.0,13.0,17.0,inferred
Lincoln,2021-03-20,0.0,1.9,3.0,3.0,3.0,4.0,5.0,6.0,7.0,8.0,8.0,10.0,14.0,inferred
Lincoln,2021-03-21,1.0,2.0,3.0,3.0,4.0,5.0,6.0,7.0,8.0,8.0,9.0,11.0,15.0,inferred
Lincoln,2021-03-22,1.0,3.0,4.0,4.0,5.0,6.0,7.0,8.0,9.0,10.0,10.0,13.0,17.0,inferred
Lincoln,2021-03-23,1.0,2.0,3.0,4.0,4.0,5.0,6.0,7.0,8.0,9.0,9.0,12.0,15.5,inferred
Lincoln,2021-03-24,1.0,2.0,3.0,4.0,4.0,5.0,6.0,7.0,8.0,8.0,9.0,11.0,15.0,inferred
Lincoln,2021-03-25,0.0,1.0,2.0,3.0,3.0,4.0,5.0,6.0,7.0,8.0,8.0,10.0,14.0,inferred
Lincoln,2021-03-26,0.0,1.0,2.0,2.0,3.0,3.0,4.0,5.0,6.0,6.0,7.0,9.0,13.0,inferred
Lincoln,2021-03-27,0.0,0.0,1.0,1.0,2.0,2.0,3.0,4.0,4.0,5.0,5.0,7.0,10.0,inferred
Lincoln,2021-03-28,0.0,1.0,1.0,2.0,2.0,3.0,3.0,4.0,5.0,5.0,6.0,8.0,11.0,inferred
Lincoln,2021-03-29,0.0,1.0,2.0,2.0,2.0,3.0,4.0,5.0,5.0,6.0,7.0,9.0,12.0,inferred
Lincoln,2021-03-30,0.0,1.0,1.0,2.0,2.0,3.0,3.0,4.0,5.0,6.0,6.0,8.0,11.0,inferred
Lincoln,2021-03-31,0.0,1.0,1.0,2.0,2.0,3.0,3.0,4.0,5.0,5.0,6.0,8.0,12.0,inferred
Lincoln,2021-04-01,0.0,0.0,1.0,1.0,2.0,2.0,3.0,3.0,4.0,5.0,5.0,7.0,10.0,inferred
Lincoln,2021-04-02,0.0,0.0,0.0,1.0,1.0,2.0,2.0,3.0,3.0,4.0,4.0,6.0,8.0,inferred
Lincoln,2021-04-03,0.0,0.0,0.0,0.0,1.0,1.0,1.0,2.0,2.3,3.0,3.0,5.0,7.5,inferred
Lincoln,2021-04-04,0.0,0.0,0.0,1.0,1.0,1.0,2.0,2.0,3.0,3.0,4.0,5.0,8.0,inferred
Lincoln,2021-04-05,0.0,0.0,1.0,1.0,1.0,2.0,2.0,3.0,3.0,4.0,4.0,6.0,9.0,inferred
Lincoln,2021-04-06,0.0,0.0,0.0,1.0,1.0,1.0,2.0,2.0,3.0,3.0,4.0,5.0,8.0,inferred
Lincoln,2021-04-07,0.0,0.0,0.0,1.0,1.0,1.0,2.0,2.0,3.0,3.0,4.0,6.0,8.0,inferred
Lincoln,2021-04-08,0.0,0.0,0.0,1.0,1.0,1.0,2.0,2.0,3.0,3.0,4.0,5.0,8.0,inferred
Lincoln,2021-04-09,0.0,0.0,0.0,0.0,1.0,1.0,1.0,2.0,3.0,3.0,3.0,5.0,7.0,inferred
Lincoln,2021-04-10,0.0,0.0,0.0,0.0,0.0,1.0,1.0,1.0,2.0,2.0,3.0,4.0,7.0,inferred
Lincoln,2021-04-11,0.0,0.0,0.0,0.0,1.0,1.0,1.0,2.0,2.0,3.0,3.0,5.0,7.0,inferred
Lincoln,2021-04-12,0.0,0.0,0.0,1.0,1.0,1.0,2.0,2.0,3.0,3.0,4.0,5.0,8.0,inferred
Lincoln,2021-04-13,0.0,0.0,0.0,1.0,1.0,1.0,2.0,2.0,3.0,3.0,4.0,5.0,8.0,inferred
Lincoln,2021-04-14,0.0,0.0,1.0,1.0,1.0,1.0,2.0,3.0,3.0,4.0,4.0,6.0,9.0,inferred
Lincoln,2021-04-15,0.0,0.0,0.0,0.8,1.0,1.0,2.0,2.0,3.0,3.0,4.0,5.0,8.0,inferred
Lincoln,2021-04-16,0.0,0.0,0.0,0.0,1.0,1.0,2.0,2.0,3.0,3.0,3.0,5.0,8.0,inferred
Lincoln,2021-04-17,0.0,0.0,0.0,0.0,0.0,1.0,1.0,2.0,2.0,3.0,3.0,4.0,7.0,inferred
Lincoln,2021-04-18,0.0,0.0,0.0,0.0,1.0,1.0,2.0,2.0,3.0,3.0,4.0,5.0,8.0,inferred
Lincoln,2021-04-19,0.0,0.0,1.0,1.0,1.0,2.0,2.0,3.0,3.0,4.0,5.0,6.0,9.0,inferred
Lincoln,2021-04-20,0.0,0.0,1.0,1.0,1.0,2.0,2.0,3.0,3.0,4.0,4.0,6.0,9.0,inferred
Lincoln,2021-04-21,0.0,0.0,1.0,1.0,1.0,2.0,2.0,3.0,4.0,4.0,5.0,6.0,10.0,inferred
Lincoln,2021-04-22,0.0,0.0,1.0,1.0,1.0,2.0,2.0,3.0,4.0,4.0,5.0,6.0,9.0,inferred
Lincoln,2021-04-23,0.0,0.0,1.0,1.0,1.0,2.0,2.0,3.0,3.0,4.0,4.0,6.0,9.0,inferred
Lincoln,2021-04-24,0.0,0.0,0.0,1.0,1.0,1.0,1.0,2.0,3.0,3.0,3.0,5.0,8.0,inferred
Lincoln,2021-04-25,0.0,0.0,1.0,1.0,1.0,1.0,2.0,2.0,3.0,4.0,4.0,6.0,9.0,inferred
Lincoln,2021-04-26,0.0,0.0,1.0,1.0,1.0,2.0,3.0,3.0,4.0,5.0,5.0,7.0,10.0,inferred
Lincoln,2021-04-27,0.0,0.0,1.0,1.0,1.0,2.0,3.0,3.0,4.0,5.0,5.0,7.0,10.0,inferred
Lincoln,2021-04-28,0.0,0.0,1.0,1.0,2.0,2.0,3.0,4.0,4.0,5.0,6.0,8.0,10.0,inferred
Lincoln,2021-04-29,0.0,0.0,1.0,1.0,2.0,2.0,3.0,3.0,4.0,4.2,5.0,7.0,10.0,inferred
Lincoln,2021-04-30,0.0,0.0,1.0,1.0,1.0,2.0,3.0,3.0,4.0,4.2,5.0,7.0,10.0,inferred
Lincoln,2021-05-01,0.0,0.0,0.0,1.0,1.0,1.0,2.0,3.0,3.0,4.0,4.0,6.0,9.0,inferred
Lincoln,2021-05-02,0.0,0.0,1.0,1.0,1.0,2.0,2.0,3.0,4.0,4.0,5.0,7.0,10.0,inferred
Lincoln,2021-05-03,0.0,1.0,1.0,2.0,2.0,3.0,3.0,4.0,5.0,6.0,6.0,8.0,11.0,inferred
Lincoln,2021-05-04,0.0,1.0,1.0,2.0,2.0,3.0,3.0,4.0,5.0,6.0,6.0,8.0,12.0,inferred
Lincoln,2021-05-05,0.0,1.0,2.0,2.0,2.0,3.0,4.0,4.0,5.0,6.0,7.0,8.0,12.0,inferred
Lincoln,2021-05-06,0.0,1.0,1.0,2.0,2.0,3.0,3.0,4.0,5.0,6.0,6.0,8.0,11.0,inferred
Lincoln,2021-05-07,0.0,0.0,1.0,2.0,2.0,2.0,3.0,4.0,5.0,5.0,6.0,7.0,11.0,inferred
Lincoln,2021-05-08,0.0,0.0,1.0,1.0,1.0,2.0,2.0,3.0,4.0,4.0,5.0,6.0,9.0,inferred
Lincoln,2021-05-09,0.0,0.0,1.0,1.0,2.0,2.0,3.0,4.0,4.0,5.0,5.0,7.0,10.0,inferred
Lincoln,2021-05-10,0.0,1.0,2.0,2.0,2.0,3.0,4.0,4.0,5.0,6.0,6.0,8.0,12.0,inferred
Lincoln,2021-05-11,0.0,1.0,1.0,2.0,2.0,3.0,3.0,4.0,5.0,6.0,6.0,8.0,11.0,inferred
Lincoln,2021-05-12,0.0,1.0,2.0,2.0,2.0,3.0,3.0,4.0,5.0,6.0,6.0,8.0,11.0,inferred
Lincoln,2021-05-13,0.0,0.0,1.0,1.0,2.0,2.0,3.0,4.0,5.0,5.0,6.0,7.0,11.0,inferred
Lincoln,2021-05-14,0.0,0.0,1.0,1.0,1.0,2.0,2.0,3.0,4.0,4.0,5.0,6.0,9.0,inferred
Lincoln,2021-05-15,0.0,0.0,0.0,1.0,1.0,1.0,2.0,2.0,3.0,3.0,4.0,6.0,8.0,inferred
Lincoln,2021-05-16,0.0,0.0,1.0,1.0,1.0,1.6,2.0,3.0,3.0,4.0,4.0,6.0,8.0,inferred
Lincoln,2021-05-17,0.0,0.0,1.0,1.0,1.0,2.0,3.0,3.0,4.0,5.0,5.0,7.0,10.0,inferred
Lincoln,2021-05-18,0.0,0.0,1.0,1.0,1.0,2.0,2.0,3.0,4.0,4.0,5.0,6.0,9.5,inferred
Lincoln,2021-05-19,0.0,0.0,1.0,1.0,1.0,2.0,2.0,3.0,4.0,4.0,5.0,6.0,9.0,inferred
Lincoln,2021-05-20,0.0,0.0,1.0,1.0,1.0,2.0,2.0,3.0,3.0,4.0,4.0,6.0,8.0,inferred
Lincoln,2021-05-21,0.0,0.0,0.8,1.0,1.0,1.0,2.0,2.0,3.0,4.0,4.0,6.0,8.0,inferred
Lincoln,2021-05-22,0.0,0.0,0.0,0.0,0.0,1.0,1.0,2.0,2.0,3.0,3.0,5.0,7.0,inferred
Lincoln,2021-05-23,0.0,0.0,0.0,0.0,1.0,1.0,1.0,2.0,3.0,3.0,4.0,5.0,8.0,inferred
Lincoln,2021-05-24,0.0,0.0,1.0,1.0,1.0,1.0,2.0,3.0,3.0,4.0,4.0,6.0,8.0,inferred
Lincoln,2021-05-25,0.0,0.0,0.0,1.0,1.0,1.0,2.0,2.0,3.0,4.0,4.0,6.0,9.0,inferred
Lincoln,2021-05-26,0.0,0.0,1.0,1.0,1.0,1.0,2.0,3.0,3.0,4.0,4.0,6.0,9.0,inferred
Lincoln,2021-05-27,0.0,0.0,0.0,1.0,1.0,1.0,2.0,2.0,3.0,3.0,4.0,5.0,8.0,inferred
Lincoln,2021-05-28,0.0,0.0,0.0,0.0,1.0,1.0,1.0,2.0,2.0,3.0,3.0,4.0,7.0,inferred
Lincoln,2021-05-29,0.0,0.0,0.0,0.0,0.0,1.0,1.0,1.4,2.0,2.0,3.0,4.0,6.0,inferred
Lincoln,2021-05-30,0.0,0.0,0.0,0.0,0.0,1.0,1.0,2.0,2.0,3.0,3.0,4.0,6.0,inferred
Lincoln,2021-05-31,0.0,0.0,0.0,1.0,1.0,1.0,2.0,2.0,3.0,3.0,4.0,5.0,9.0,inferred
Lincoln,2021-06-01,0.0,0.0,0.0,1.0,1.0,1.0,2.0,2.0,3.0,3.0,4.0,5.0,8.5,inferred
Lincoln,2021-06-02,0.0,0.0,1.0,1.0,1.0,1.0,2.0,2.0,3.0,4.0,4.0,6.0,9.0,inferred
Lincoln,2021-06-03,0.0,0.0,1.0,1.0,1.0,1.0,2.0,3.0,3.0,4.0,4.0,6.0,9.0,inferred
Lincoln,2021-06-04,0.0,0.0,1.0,1.0,1.0,1.0,2.0,2.0,3.0,3.0,4.0,6.0,8.0,inferred
Lincoln,2021-06-05,0.0,0.0,0.0,0.0,1.0,1.0,2.0,2.0,3.0,3.0,4.0,5.0,8.0,inferred
Lincoln,2021-06-06,0.0,0.0,1.0,1.0,1.0,2.0,2.0,3.0,3.0,4.0,4.0,6.0,9.0,inferred
Lincoln,2021-06-07,0.0,0.0,1.0,1.0,2.0,2.0,3.0,4.0,5.0,5.0,6.0,8.0,11.0,inferred
Lincoln,2021-06-08,0.0,1.0,1.0,2.0,2.0,3.0,3.0,4.0,5.0,5.0,6.0,8.0,11.0,inferred
Lincoln,2021-06-09,0.0,1.0,2.0,2.0,3.0,3.0,4.0,5.0,6.0,6.0,7.0,8.0,12.0,inferred
Lincoln,2021-06-10,0.0,1.0,2.0,2.0,3.0,3.0,4.0,5.0,6.0,6.0,7.0,9.0,13.0,inferred
Lincoln,2021-06-11,0.0,1.0,2.0,2.0,3.0,3.0,4.0,5.0,6.0,6.0,7.0,9.0,12.5,inferred
Lincoln,2021-06-12,0.0,1.0,2.0,2.0,2.0,3.0,4.0,4.0,5.0,6.0,6.0,8.0,12.0,inferred
Lincoln,2021-06-13,0.0,1.0,2.0,3.0,3.0,4.0,5.0,6.0,7.0,7.0,8.0,9.1,14.0,inferred
Lincoln,2021-06-14,1.0,3.0,4.0,4.0,5.0,6.0,7.0,8.0,9.0,10.0,10.0,13.0,17.0,inferred
Lincoln,2021-06-15,1.0,3.0,4.0,5.0,5.0,6.0,7.0,8.0,10.0,11.0,11.0,14.0,18.5,inferred
Lincoln,2021-06-16,2.0,4.0,5.0,5.0,6.0,7.0,8.0,9.0,11.0,12.0,13.0,15.0,20.0,inferred
Lincoln,2021-06-17,2.0,3.0,5.0,5.0,6.0,7.0,8.0,9.0,11.0,11.0,12.0,15.0,20.0,inferred
Lincoln,2021-06-18,1.0,3.0,5.0,5.0,6.0,7.0,8.0,9.0,10.0,11.0,12.0,14.0,19.0,inferred
Liverpool,2021-03-06,19.0,22.0,24.0,26.0,27.0,28.0,30.0,32.0,33.0,35.0,36.0,39.0,44.0,inferred
Liverpool,2021-03-07,21.0,25.0,28.0,29.0,30.0,32.0,34.0,36.0,38.0,39.0,40.0,44.0,49.0,inferred
Liverpool,2021-03-08,29.0,34.0,37.0,38.0,39.0,41.6,43.0,45.0,48.0,49.0,50.0,55.0,60.0,inferred
Liverpool,2021-03-09,28.0,33.0,36.0,37.0,39.0,41.0,43.0,44.0,47.0,48.0,49.0,53.0,58.0,inferred
Liverpool,2021-03-10,27.0,32.0,35.0,36.0,37.0,39.0,41.0,43.0,46.0,47.0,49.0,53.0,59.0,inferred
Liverpool,2021-03-11,24.0,29.0,32.0,33.0,34.0,36.0,38.0,40.0,42.0,43.0,44.0,48.0,55.0,inferred
Liverpool,2021-03-12,20.0,25.0,27.8,29.0,30.0,31.0,33.0,35.0,37.0,38.0,39.0,43.0,48.0,inferred
Liverpool,2021-03-13,14.0,18.0,20.0,21.0,22.0,24.0,25.0,27.0,28.0,29.0,30.0,33.0,39.0,inferred
Liverpool,2021-03-14,17.0,20.0,23.0,24.0,25.0,27.0,28.0,30.0,31.0,33.0,34.0,37.0,43.0,inferred
Liverpool,2021-03-15,22.0,26.0,29.0,30.0,31.0,33.0,35.0,37.0,39.0,40.0,41.0,45.0,52.0,inferred
Liverpool,2021-03-16,20.0,24.0,27.0,29.0,30.0,31.0,33.0,35.0,37.0,39.0,40.0,43.0,49.0,inferred
Liverpool,2021-03-17,20.0,24.0,27.0,28.0,29.0,31.0,33.0,35.0,37.0,38.0,39.0,43.0,48.0,inferred
Liverpool,2021-03-18,18.0,22.0,25.0,26.0,27.0,29.0,31.0,33.0,34.0,36.0,37.0,40.0,46.0,inferred
Liverpool,2021-03-19,15.0,19.0,22.0,23.0,24.0,25.0,27.0,28.0,30.0,31.0,33.0,35.0,41.0,inferred
Liverpool,2021-03-20,11.0,14.0,16.0,17.0,18.0,19.0,20.0,22.0,23.0,24.0,25.0,28.0,33.0,inferred
Liverpool,2021-03-21,13.0,16.0,19.0,20.0,21.0,22.0,24.0,25.0,27.0,28.0,29.0,33.0,38.0,inferred
Liverpool,2021-03-22,17.5,22.0,25.0,25.0,26.0,28.0,30.0,32.0,34.0,35.0,36.0,39.0,45.0,inferred
Liverpool,2021-03-23,17.0,21.0,23.0,24.0,25.0,27.0,28.0,30.0,32.0,33.0,34.0,37.0,44.0,inferred
Liverpool,2021-03-24,16.0,19.9,22.0,23.0,24.0,26.0,27.0,29.0,31.0,32.0,33.0,36.1,43.0,inferred
Liverpool,2021-03-25,14.0,17.0,20.0,21.0,22.0,23.0,25.0,26.0,28.0,29.0,30.0,33.0,39.0,inferred
Liverpool,2021-03-26,10.5,14.0,16.0,17.0,18.0,19.0,21.0,22.0,24.0,24.0,25.0,28.0,33.0,inferred
Liverpool,2021-03-27,7.0,10.0,11.0,12.0,13.0,14.0,15.0,17.0,18.0,19.0,20.0,22.0,26.0,inferred
Liverpool,2021-03-28,8.0,11.0,13.0,13.0,14.0,16.0,17.0,18.0,20.0,20.0,22.0,24.0,28.0,inferred
Liverpool,2021-03-29,10.0,13.0,15.0,16.0,17.0,18.0,20.0,21.0,23.0,24.0,25.0,28.0,33.0,inferred
Liverpool,2021-03-30,9.0,12.0,14.0,15.0,16.0,17.0,18.0,20.0,22.0,23.0,24.0,26.0,32.0,inferred
Liverpool,2021-03-31,8.0,12.0,14.0,14.0,15.0,17.0,18.0,19.0,21.0,21.0,22.0,25.0,30.0,inferred
Liverpool,2021-04-01,8.0,10.0,12.0,13.0,14.0,15.0,17.0,18.0,19.0,20.0,21.0,24.0,29.0,inferred
Liverpool,2021-04-02,6.0,8.0,10.0,11.0,11.0,12.0,14.0,15.0,16.0,17.0,18.0,20.0,25.0,inferred
Liverpool,2021-04-03,4.0,6.0,7.0,8.0,8.0,9.0,11.0,12.0,13.0,14.0,14.0,16.0,20.0,inferred
Liverpool,2021-04-04,5.0,7.0,8.0,9.0,9.0,10.0,12.0,13.0,14.0,14.0,15.0,18.0,22.0,inferred
Liverpool,2021-04-05,6.0,8.0,10.0,11.0,12.0,13.0,14.0,15.0,17.0,18.0,19.0,21.0,25.0,inferred
Liverpool,2021-04-06,6.0,9.0,10.0,11.0,12.0,13.0,14.0,15.0,16.0,17.0,18.0,20.0,24.0,inferred
Liverpool,2021-04-07,5.0,8.0,10.0,10.0,11.0,12.0,13.0,14.0,16.0,16.0,17.0,19.0,23.0,inferred
Liverpool,2021-04-08,4.0,7.0,9.0,9.0,10.0,11.0,12.0,13.0,14.0,15.0,16.0,19.0,23.0,inferred
Liverpool,2021-04-09,4.0,6.0,7.0,8.0,8.0,9.0,10.0,11.0,12.3,13.0,14.0,17.0,20.0,inferred
Liverpool,2021-04-10,2.0,4.0,5.0,6.0,6.0,7.0,8.0,9.0,10.0,11.0,11.0,13.0,17.0,inferred
Liverpool,2021-04-11,3.0,5.0,6.0,7.0,7.0,8.0,9.0,10.0,11.0,12.0,12.0,15.0,18.0,inferred
Liverpool,2021-04-12,4.0,7.0,8.0,9.0,9.0,10.0,11.0,13.0,14.0,15.0,15.0,18.0,22.0,inferred
Liverpool,2021-04-13,4.0,6.0,8.0,8.0,9.0,10.0,11.0,12.0,14.0,14.0,15.0,17.0,21.0,inferred
Liverpool,2021-04-14,4.0,6.0,7.0,8.0,9.0,10.0,11.0,12.0,13.0,14.0,14.0,17.0,20.0,inferred
Liverpool,2021-04-15,3.0,5.0,7.0,7.0,8.0,9.0,10.0,11.0,12.0,13.0,13.0,16.0,19.0,inferred
Liverpool,2021-04-16,2.0,4.0,5.0,6.0,6.0,7.0,8.0,9.0,10.0,11.0,12.0,14.0,17.0,inferred
Liverpool,2021-04-17,2.0,3.0,4.0,4.0,5.0,5.0,6.0,7.0,8.0,9.0,9.0,11.0,14.0,inferred
Liverpool,2021-04-18,2.0,3.0,4.0,5.0,5.0,6.0,7.0,8.0,9.0,9.0,10.0,12.0,14.0,inferred
Liverpool,2021-04-19,2.0,4.0,6.0,6.0,7.0,8.0,9.0,10.0,11.0,11.0,12.0,14.0,17.0,inferred
Liverpool,2021-04-20,3.0,4.0,6.0,6.0,7.0,8.0,9.0,10.0,11.0,11.0,12.0,14.0,17.0,inferred
Liverpool,2021-04-21,3.0,4.0,6.0,6.0,7.0,8.0,9.0,10.0,11.0,11.0,12.0,14.0,17.0,inferred
Liverpool,2021-04-22,3.0,4.0,5.0,6.0,6.0,7.0,8.0,9.0,11.0,11.0,12.0,14.0,17.0,inferred
Liverpool,2021-04-23,2.0,4.0,5.0,5.0,6.0,7.0,7.0,8.0,9.0,10.0,10.0,12.0,15.0,inferred
Liverpool,2021-04-24,1.0,2.0,3.0,4.0,4.0,5.0,6.0,7.0,7.0,8.0,9.0,10.0,13.0,inferred
Liverpool,2021-04-25,2.0,3.0,4.0,4.0,5.0,6.0,7.0,7.0,8.0,9.0,9.0,11.0,14.0,inferred
Liverpool,2021-04-26,3.0,4.0,5.0,6.0,7.0,8.0,8.0,9.0,10.0,11.0,12.0,14.0,17.0,inferred
Liverpool,2021-04-27,2.0,4.0,5.0,6.0,6.0,7.0,8.0,9.0,10.0,11.0,11.0,13.0,17.0,inferred
Liverpool,2021-04-28,2.0,4.0,5.0,6.0,6.0,7.0,8.0,9.0,10.0,11.0,11.0,13.0,17.0,inferred
Liverpool,2021-04-29,2.0,4.0,5.0,5.0,6.0,7.0,8.0,8.0,9.0,10.0,10.0,13.0,16.0,inferred
Liverpool,2021-04-30,2.0,3.0,4.0,5.0,5.0,6.0,7.0,7.0,8.0,9.0,10.0,11.0,15.0,inferred
Liverpool,2021-05-01,1.0,2.0,3.0,4.0,4.0,5.0,5.0,6.0,7.0,7.0,8.0,10.0,12.0,inferred
Liverpool,2021-05-02,2.0,3.0,4.0,4.0,5.0,6.0,7.0,7.0,8.0,9.0,10.0,11.0,14.0,inferred
Liverpool,2021-05-03,3.0,4.9,6.0,6.0,7.0,8.0,9.0,10.0,11.0,11.0,12.0,14.0,17.0,inferred
Liverpool,2021-05-04,3.0,4.9,6.0,6.0,7.0,8.0,9.0,10.0,11.0,11.0,12.0,14.0,17.0,inferred
Liverpool,2021-05-05,3.0,4.0,6.0,6.0,7.0,8.0,9.0,10.0,11.0,11.0,12.0,14.0,17.0,inferred
Liverpool,2021-05-06,3.0,4.0,5.0,6.0,6.0,7.0,8.0,9.0,10.0,10.2,11.0,13.0,16.0,inferred
Liverpool,2021-05-07,2.0,3.0,4.0,5.0,5.0,6.0,7.0,8.0,9.0,9.0,10.0,12.0,14.0,inferred
Liverpool,2021-05-08,1.0,2.0,3.0,3.0,4.0,5.0,5.0,6.0,7.0,7.0,8.0,10.0,13.0,inferred
Liverpool,2021-05-09,1.0,3.0,4.0,4.0,5.0,5.0,6.0,7.0,8.0,8.0,9.0,11.0,14.0,inferred
Liverpool,2021-05-10,2.0,4.0,5.0,6.0,6.0,7.0,8.0,9.0,10.0,10.0,11.0,13.0,16.0,inferred
Liverpool,2021-05-11,2.0,3.9,5.0,5.0,6.0,6.6,7.0,8.0,9.0,10.0,11.0,13.0,16.0,inferred
Liverpool,2021-05-12,2.0,3.0,5.0,5.0,5.0,6.0,7.0,8.0,9.0,10.0,11.0,12.0,16.0,inferred
Liverpool,2021-05-13,1.0,3.0,4.0,5.0,5.0,6.0,7.0,8.0,9.0,9.0,10.0,11.0,15.0,inferred
Liverpool,2021-05-14,1.0,2.0,3.0,4.0,4.0,5.0,6.0,6.0,7.0,8.0,8.0,10.0,13.0,inferred
Liverpool,2021-05-15,0.0,1.0,2.0,3.0,3.0,4.0,4.0,5.0,6.0,6.0,7.0,8.0,11.0,inferred
Liverpool,2021-05-16,1.0,2.0,3.0,3.0,3.0,4.0,5.0,5.0,6.0,7.0,7.0,9.0,11.0,inferred
Liverpool,2021-05-17,1.0,2.0,3.0,4.0,4.0,5.0,6.0,7.0,8.0,8.0,9.0,10.0,13.0,inferred
Liverpool,2021-05-18,1.0,3.0,4.0,4.0,5.0,5.0,6.0,7.0,8.0,8.0,9.0,10.0,13.0,inferred
Liverpool,2021-05-19,1.0,3.0,4.0,4.0,5.0,6.0,6.0,7.0,8.0,9.0,9.2,11.0,14.0,inferred
Liverpool,2021-05-20,2.0,3.0,4.0,5.0,5.0,6.0,7.0,8.0,9.0,9.0,10.0,12.0,15.0,inferred
Liverpool,2021-05-21,1.0,3.0,4.0,5.0,5.0,6.0,7.0,7.0,8.0,9.0,10.0,12.0,15.0,inferred
Liverpool,2021-05-22,1.0,2.0,3.0,4.0,4.0,5.0,6.0,6.0,7.0,7.0,8.0,10.0,12.0,inferred
Liverpool,2021-05-23,2.0,3.0,4.0,5.0,5.0,6.0,7.0,8.0,9.0,9.0,10.0,12.0,15.0,inferred
Liverpool,2021-05-24,3.0,5.0,6.0,7.0,7.0,8.0,9.0,10.0,12.0,12.0,13.0,15.0,19.0,inferred
Liverpool,2021-05-25,4.0,6.0,7.0,8.0,9.0,10.0,11.0,12.0,13.0,14.0,15.0,17.0,21.0,inferred
Liverpool,2021-05-26,6.0,8.0,9.0,10.0,10.0,12.0,13.0,14.0,15.0,16.0,17.0,19.0,23.0,inferred
Liverpool,2021-05-27,6.0,9.0,10.0,11.0,12.0,13.0,14.0,15.0,17.0,18.0,19.0,21.0,25.0,inferred
Liverpool,2021-05-28,6.0,9.0,11.0,11.0,12.0,13.0,15.0,16.0,17.0,18.0,19.0,22.0,26.0,inferred
Liverpool,2021-05-29,5.0,8.0,9.0,10.0,11.0,12.0,13.0,14.0,15.0,16.0,17.0,20.0,24.0,inferred
Liverpool,2021-05-30,8.0,11.0,13.0,14.0,15.0,16.0,17.0,19.0,20.0,21.0,22.0,24.0,29.0,inferred
Liverpool,2021-05-31,14.0,18.0,21.0,22.0,23.0,24.0,26.0,27.0,29.0,30.0,31.0,35.0,40.0,inferred
Liverpool,2021-06-01,17.0,21.0,24.0,25.0,27.0,28.0,30.0,32.0,34.0,35.0,37.0,40.0,46.0,inferred
Liverpool,2021-06-02,23.0,27.0,30.0,31.0,32.0,34.0,36.0,38.0,40.0,42.0,43.0,47.0,53.0,inferred
Liverpool,2021-06-03,27.0,32.0,35.0,36.0,37.0,40.0,42.0,44.0,46.0,48.0,49.0,54.0,60.0,inferred
Liverpool,2021-06-04,28.0,33.0,37.0,38.0,40.0,42.0,44.0,46.0,48.0,50.0,51.0,55.0,62.0,inferred
Liverpool,2021-06-05,27.0,32.0,35.0,36.0,37.0,39.0,41.0,43.0,45.0,47.0,48.0,52.0,58.0,inferred
Liverpool,2021-06-06,38.0,44.0,48.0,50.0,51.0,54.0,56.0,59.0,61.0,63.0,64.0,69.0,77.0,inferred
Liverpool,2021-06-07,63.0,70.0,75.0,77.0,78.0,81.0,84.0,87.0,90.0,92.0,94.0,99.0,107.5,inferred
Liverpool,2021-06-08,70.0,78.0,83.0,85.0,87.0,91.0,94.0,97.0,101.0,103.0,105.0,111.0,120.0,inferred
Liverpool,2021-06-09,80.0,88.0,93.0,95.0,97.0,101.0,104.0,108.0,111.0,113.0,116.0,121.0,132.0,inferred
Liverpool,2021-06-10,83.0,92.0,98.0,100.0,101.0,105.0,109.0,112.0,115.0,118.0,120.0,125.0,134.0,inferred
Liverpool,2021-06-11,80.0,89.0,94.0,97.0,99.0,102.0,105.0,108.0,112.0,114.0,117.0,122.0,132.0,inferred
Liverpool,2021-06-12,68.0,75.0,81.0,83.0,84.0,88.0,91.0,95.0,98.0,100.0,102.0,108.0,117.0,inferred
Liverpool,2021-06-13,89.0,97.0,103.0,105.0,107.0,111.0,115.0,118.0,122.0,124.0,127.0,133.0,144.0,inferred
Liverpool,2021-06-14,129.0,139.0,147.0,149.0,152.0,156.0,161.0,165.0,170.0,173.0,176.0,184.0,195.0,inferred
Liverpool,2021-06-15,138.0,149.0,156.0,159.0,162.0,167.0,171.5,176.0,181.0,183.0,186.0,194.0,207.0,inferred
Liverpool,2021-06-16,151.0,163.9,171.0,173.8,176.0,181.0,186.0,190.0,195.0,198.0,201.0,210.0,223.5,inferred
Liverpool,2021-06-17,153.0,165.0,172.0,175.0,178.0,183.0,188.0,193.0,198.0,201.0,204.0,212.0,227.0,inferred
Liverpool,2021-06-18,141.0,154.0,162.0,165.8,168.7,173.0,178.0,182.4,188.0,191.0,194.0,202.0,216.0,inferred
Lothian,2021-03-06,43.0,56.0,65.0,69.0,72.0,77.0,82.0,88.0,95.0,99.0,102.0,113.1,133.0,inferred
Lothian,2021-03-07,35.0,47.0,54.0,57.0,60.0,65.0,70.0,76.0,82.0,86.0,90.0,101.0,119.0,inferred
Lothian,2021-03-08,28.0,38.0,44.0,47.0,51.0,55.0,59.0,64.0,70.0,74.0,77.0,86.0,103.5,inferred
Lothian,2021-03-09,34.0,44.0,50.0,53.0,55.0,61.0,65.0,71.0,76.0,79.0,84.0,94.0,111.0,inferred
Lothian,2021-03-10,53.0,64.0,73.0,76.0,79.0,86.0,92.0,98.0,104.0,109.0,114.0,128.0,149.5,inferred
Lothian,2021-03-11,50.0,62.0,71.0,75.0,78.0,84.0,90.0,96.0,103.0,106.0,110.0,123.1,146.0,inferred
Lothian,2021-03-12,55.0,67.0,77.0,81.0,85.0,91.6,98.0,105.0,112.0,116.0,120.0,133.0,155.5,inferred
Lothian,2021-03-13,52.5,65.0,74.0,77.0,80.0,87.0,93.0,100.0,108.0,111.0,115.0,128.0,148.5,inferred
Lothian,2021-03-14,45.0,57.0,65.0,69.0,71.7,77.0,83.0,89.4,97.0,102.0,107.0,119.0,141.0,inferred
Lothian,2021-03-15,36.5,46.0,53.0,56.0,59.0,64.0,70.0,75.0,81.0,84.0,88.0,101.0,121.5,inferred
Lothian,2021-03-16,40.0,51.0,59.0,63.0,65.0,72.0,78.0,83.0,89.0,93.0,97.2,109.0,131.5,inferred
Lothian,2021-03-17,59.0,74.0,83.0,88.0,91.0,98.0,105.0,112.0,119.0,124.0,128.0,144.0,166.5,inferred
Lothian,2021-03-18,56.0,69.0,78.0,83.0,86.0,92.6,99.0,104.0,111.0,115.0,120.0,133.0,157.5,inferred
Lothian,2021-03-19,59.0,72.0,82.0,86.0,90.0,96.0,102.0,109.0,116.0,120.0,126.0,140.0,165.0,inferred
Lothian,2021-03-20,51.5,65.0,75.0,78.0,81.0,88.0,94.5,101.0,108.3,112.0,117.0,128.0,152.5,inferred
Lothian,2021-03-21,43.0,54.0,63.0,66.0,69.0,75.0,81.0,88.0,94.0,98.0,102.0,114.0,132.0,inferred
Lothian,2021-03-22,32.5,42.9,50.0,53.0,55.7,61.0,67.0,72.0,78.3,82.0,86.0,97.0,114.0,inferred
Lothian,2021-03-23,35.5,46.0,54.0,58.0,61.0,66.0,71.0,77.0,83.0,87.0,90.0,102.0,123.0,inferred
Lothian,2021-03-24,49.5,63.0,72.0,77.0,81.0,87.0,93.0,100.0,108.0,112.0,117.0,129.0,153.5,inferred
Lothian,2021-03-25,45.0,59.0,67.0,70.0,73.0,79.0,85.0,91.0,98.0,102.0,107.0,119.0,139.0,inferred
Lothian,2021-03-26,48.0,60.0,69.0,72.0,76.0,82.0,87.0,93.0,100.0,103.0,108.0,122.0,143.5,inferred
Lothian,2021-03-27,42.0,54.0,62.0,66.0,69.0,75.0,81.0,86.0,94.0,98.2,102.0,114.0,133.0,inferred
Lothian,2021-03-28,34.0,43.0,51.0,54.0,57.0,62.0,66.5,72.0,77.3,81.0,84.2,95.1,113.5,inferred
Lothian,2021-03-29,22.5,32.0,40.0,42.0,44.0,50.0,55.0,60.0,65.0,68.0,71.0,81.0,98.0,inferred
Lothian,2021-03-30,25.0,35.0,43.0,45.0,48.0,53.0,57.0,62.0,68.0,71.0,75.2,87.0,105.0,inferred
Lothian,2021-03-31,38.0,48.0,56.0,59.0,62.0,68.0,73.0,79.0,85.0,89.0,93.0,105.0,123.5,inferred
Lothian,2021-04-01,32.0,42.0,49.0,52.0,55.0,60.0,65.0,70.0,77.0,81.0,86.0,95.0,116.0,inferred
Lothian,2021-04-02,29.5,41.0,49.0,52.0,56.0,60.0,65.0,70.0,77.0,81.0,84.0,96.0,115.5,inferred
Lothian,2021-04-03,25.5,36.0,44.0,47.0,50.0,54.0,59.0,65.0,70.0,73.0,77.0,88.0,106.0,inferred
Lothian,2021-04-04,21.0,29.0,35.0,37.0,39.0,43.0,47.0,53.0,58.3,62.0,66.0,74.0,93.0,inferred
Lothian,2021-04-05,13.0,20.0,26.0,28.0,30.0,34.0,38.0,42.0,46.0,49.0,52.0,60.0,73.0,inferred
Lothian,2021-04-06,14.0,21.0,27.0,29.0,31.0,35.0,39.0,43.0,48.0,50.0,53.2,62.1,79.0,inferred
Lothian,2021-04-07,23.0,29.0,36.0,39.0,41.0,46.0,50.0,55.0,61.0,63.0,67.0,75.0,91.0,inferred
Lothian,2021-04-08,19.0,27.0,32.0,34.0,36.0,41.0,45.0,49.4,55.0,58.0,62.0,71.0,83.0,inferred
Lothian,2021-04-09,19.0,26.0,32.0,34.0,36.0,41.0,45.0,49.0,54.0,58.0,60.0,70.0,87.5,inferred
Lothian,2021-04-10,15.0,23.0,28.0,30.0,32.0,36.0,40.0,44.0,49.0,52.0,55.0,64.0,77.0,inferred
Lothian,2021-04-11,10.0,17.0,21.0,23.0,25.0,28.0,32.0,36.0,40.0,42.0,46.0,55.0,70.0,inferred
Lothian,2021-04-12,7.0,12.0,16.0,17.0,19.0,23.0,25.0,29.0,33.0,35.0,39.0,46.0,58.0,inferred
Lothian,2021-04-13,8.0,12.0,17.0,19.0,20.0,23.0,26.0,30.0,34.0,37.0,39.0,47.0,62.0,inferred
Lothian,2021-04-14,12.5,20.0,25.0,27.0,29.0,33.0,36.0,40.0,44.0,47.0,50.0,57.0,70.0,inferred
Lothian,2021-04-15,11.0,17.0,21.0,23.0,25.0,28.0,32.0,36.0,41.0,43.0,46.0,55.1,70.0,inferred
Lothian,2021-04-16,11.0,18.0,23.0,24.0,26.0,30.0,34.0,38.0,42.0,45.0,48.0,57.0,73.0,inferred
Lothian,2021-04-17,10.0,16.0,20.0,22.0,24.0,28.0,31.0,35.0,39.0,42.0,45.0,53.1,66.0,inferred
Lothian,2021-04-18,7.0,13.0,16.0,18.0,20.0,24.0,26.0,30.0,33.0,36.0,38.2,47.0,60.0,inferred
Lothian,2021-04-19,6.0,10.0,12.0,14.0,15.0,18.0,21.0,25.0,28.0,30.0,33.0,42.0,53.5,inferred
Lothian,2021-04-20,5.0,10.0,14.0,15.0,17.0,20.0,23.0,26.0,30.0,32.0,35.0,42.0,55.0,inferred
Lothian,2021-04-21,10.0,16.0,21.0,23.0,25.0,29.0,32.0,36.0,39.0,42.0,45.0,53.0,67.0,inferred
Lothian,2021-04-22,9.0,14.0,18.0,20.0,22.0,25.0,28.0,32.0,36.0,39.0,41.0,49.0,64.0,inferred
Lothian,2021-04-23,9.0,15.0,20.0,22.0,24.0,27.0,31.0,34.0,39.0,41.0,44.0,52.0,67.5,inferred
Lothian,2021-04-24,8.0,14.0,18.0,20.0,22.0,25.0,28.0,32.0,37.0,39.0,41.0,48.0,65.0,inferred
Lothian,2021-04-25,7.0,12.0,15.0,17.0,19.0,22.0,25.0,28.0,33.0,35.0,37.0,44.0,56.0,inferred
Lothian,2021-04-26,4.0,8.0,11.0,13.0,14.0,17.0,20.0,23.0,27.0,29.0,31.0,38.0,48.0,inferred
Lothian,2021-04-27,5.0,9.0,13.0,14.0,15.0,18.0,21.0,24.0,28.0,30.0,32.0,38.0,49.0,inferred
Lothian,2021-04-28,9.0,14.0,19.0,21.0,23.0,26.0,30.0,33.4,38.0,40.0,42.0,49.0,63.0,inferred
Lothian,2021-04-29,9.0,14.0,17.0,19.0,21.0,24.0,27.0,31.0,35.3,38.0,41.0,48.0,64.0,inferred
Lothian,2021-04-30,9.0,14.0,19.0,21.0,23.0,26.0,29.0,32.0,36.0,38.0,41.0,49.0,62.0,inferred
Lothian,2021-05-01,8.0,13.0,18.0,20.0,21.0,24.0,27.0,31.4,35.0,38.0,41.0,49.0,64.0,inferred
Lothian,2021-05-02,6.0,11.0,15.0,16.0,18.0,20.0,24.0,26.0,30.0,32.0,35.0,42.0,54.0,inferred
Lothian,2021-05-03,4.0,8.0,11.0,12.0,14.0,16.0,19.0,22.0,25.0,28.0,30.0,37.0,48.5,inferred
Lothian,2021-05-04,5.0,9.0,12.0,14.0,15.0,18.0,21.0,24.0,28.0,30.0,33.0,40.0,52.0,inferred
Lothian,2021-05-05,9.0,15.0,19.0,21.0,22.0,26.0,29.0,33.0,36.0,39.0,42.0,49.0,62.5,inferred
Lothian,2021-05-06,8.0,13.0,18.0,20.0,21.0,25.0,28.0,31.0,36.0,38.2,41.0,50.0,64.0,inferred
Lothian,2021-05-07,11.0,16.0,21.0,22.0,24.0,28.0,30.0,34.0,39.0,41.0,44.0,53.1,67.0,inferred
Lothian,2021-05-08,10.0,16.0,21.0,23.0,25.0,28.0,31.0,35.0,38.0,41.0,44.0,52.0,67.5,inferred
Lothian,2021-05-09,8.0,12.9,16.0,18.0,20.0,23.0,26.0,30.0,34.0,37.0,40.0,48.0,60.0,inferred
Lothian,2021-05-10,5.0,10.0,14.0,15.0,17.0,20.0,23.0,26.0,29.0,32.0,34.0,40.1,54.0,inferred
Lothian,2021-05-11,7.0,12.0,16.0,18.0,20.0,23.0,26.0,29.0,33.0,35.0,39.0,47.0,61.0,inferred
Lothian,2021-05-12,14.0,20.9,25.0,28.0,29.0,33.0,36.0,40.0,44.0,47.0,51.0,59.0,77.0,inferred
Lothian,2021-05-13,14.0,20.0,25.0,27.0,29.0,33.0,36.0,40.0,45.0,48.0,50.0,58.0,70.0,inferred
Lothian,2021-05-14,16.0,22.0,28.0,30.0,32.0,36.0,40.0,44.0,49.0,52.0,55.0,65.0,78.0,inferred
Lothian,2021-05-15,15.5,22.0,27.8,30.0,32.0,36.0,40.0,45.0,50.0,53.0,56.0,64.0,83.0,inferred
Lothian,2021-05-16,12.0,19.0,25.0,27.0,29.0,33.0,36.0,40.0,45.0,48.0,51.0,59.1,75.0,inferred
Lothian,2021-05-17,9.0,15.0,20.0,22.0,24.0,27.0,31.0,35.0,39.0,41.0,44.0,52.0,65.0,inferred
Lothian,2021-05-18,13.0,20.0,25.0,27.0,29.0,33.0,36.0,40.0,44.0,47.0,50.0,58.0,71.0,inferred
Lothian,2021-05-19,23.0,31.0,38.0,40.0,43.0,47.0,52.0,56.0,62.0,65.0,69.0,79.0,98.0,inferred
Lothian,2021-05-20,23.0,31.0,38.0,40.0,42.0,46.0,52.0,56.0,62.0,66.0,70.0,80.0,95.0,inferred
Lothian,2021-05-21,27.0,38.0,45.0,48.0,50.7,55.0,60.0,66.0,71.0,74.0,78.0,91.0,108.0,inferred
Lothian,2021-05-22,28.0,38.0,46.0,48.0,51.0,55.0,60.0,65.0,71.0,75.0,78.0,89.0,106.0,inferred
Lothian,2021-05-23,25.0,34.0,41.0,43.0,45.0,51.0,55.0,60.0,66.0,69.0,73.0,84.0,105.5,inferred
Lothian,2021-05-24,20.0,29.0,35.0,37.0,40.0,44.0,48.0,52.0,57.0,60.0,63.0,73.0,92.5,inferred
Lothian,2021-05-25,27.5,37.0,43.0,45.0,47.0,52.0,57.0,62.0,68.0,70.2,75.0,85.0,101.0,inferred
Lothian,2021-05-26,47.0,60.0,69.0,73.0,76.0,82.0,88.0,94.0,101.0,105.0,111.0,123.0,145.0,inferred
Lothian,2021-05-27,51.5,64.0,72.8,77.0,80.0,86.0,92.0,98.0,105.0,109.0,113.2,127.0,150.0,inferred
Lothian,2021-05-28,64.0,77.9,87.0,91.0,94.0,100.0,107.0,114.0,121.0,126.0,130.0,142.0,164.5,inferred
Lothian,2021-05-29,67.0,80.0,90.8,95.0,99.0,106.0,112.0,119.0,128.0,133.0,137.0,150.0,174.0,inferred
Lothian,2021-05-30,63.0,76.0,86.0,91.0,95.0,101.0,108.0,116.0,123.0,127.0,133.0,146.0,167.0,inferred
Lothian,2021-05-31,55.5,67.0,78.0,81.0,85.0,91.0,98.0,105.0,112.0,117.0,122.2,136.0,159.5,inferred
Lothian,2021-06-01,68.5,83.0,95.0,98.0,102.0,110.0,116.5,123.0,132.0,137.0,142.0,158.0,179.5,inferred
Lothian,2021-06-02,110.0,127.0,139.0,146.0,150.0,160.0,168.0,178.0,187.0,193.0,199.0,217.0,242.0,inferred
Lothian,2021-06-03,111.0,132.0,144.0,149.8,154.0,163.0,171.0,179.4,189.0,195.0,201.0,216.0,241.0,inferred
Lothian,2021-06-04,129.0,150.0,164.8,170.8,175.0,184.0,193.0,203.0,213.0,218.0,226.0,244.0,272.5,inferred
Lothian,2021-06-05,133.0,153.0,167.8,172.0,177.0,187.0,195.0,204.0,214.0,219.0,228.0,245.0,274.0,inferred
Lothian,2021-06-06,119.0,139.0,154.0,159.0,164.0,173.0,181.0,189.0,199.0,205.0,211.0,231.0,262.5,inferred
Lothian,2021-06-07,101.5,120.0,135.8,140.0,144.0,152.0,161.0,169.0,178.0,184.0,192.0,209.0,238.0,inferred
Lothian,2021-06-08,123.0,141.0,154.8,159.0,164.0,173.0,181.0,190.0,200.0,206.0,213.0,233.0,261.0,inferred
Lothian,2021-06-09,178.5,203.0,220.0,227.0,232.7,243.0,252.0,263.0,275.0,281.0,289.2,308.0,341.0,inferred
Lothian,2021-06-10,171.0,194.9,210.0,217.0,223.0,232.0,242.0,252.0,263.0,270.0,277.0,298.0,337.0,inferred
Lothian,2021-06-11,186.5,208.9,228.0,236.0,241.0,251.0,262.0,273.0,286.0,293.0,299.2,320.0,351.0,inferred
Lothian,2021-06-12,176.0,203.0,218.0,224.0,230.0,241.0,251.0,261.0,273.3,282.0,290.0,308.0,340.0,inferred
Lothian,2021-06-13,156.0,178.0,193.0,200.0,205.0,215.0,224.0,236.0,247.0,253.0,260.0,280.1,309.0,inferred
Lothian,2021-06-14,124.0,147.0,158.0,165.0,170.0,180.0,189.0,198.0,209.0,214.2,221.0,239.0,263.0,inferred
Lothian,2021-06-15,137.0,162.0,178.0,184.0,190.0,199.0,208.0,218.0,227.3,232.0,240.0,258.0,287.0,inferred
Lothian,2021-06-16,190.0,220.0,237.0,245.0,251.0,263.0,274.0,286.0,298.0,304.0,313.0,333.0,370.0,inferred
Lothian,2021-06-17,175.0,200.0,218.0,225.0,231.0,243.0,252.0,263.4,276.0,283.2,292.0,313.0,347.0,inferred
Lothian,2021-06-18,184.0,205.0,223.0,231.0,237.0,250.0,262.0,274.0,287.0,294.0,303.0,328.1,370.0,inferred
Luton,2021-03-06,13.0,17.0,19.0,20.0,21.0,22.0,24.0,25.0,27.0,28.0,29.0,32.0,36.0,inferred
Luton,2021-03-07,17.0,20.0,23.0,24.0,25.0,26.0,28.0,29.0,31.0,32.0,33.0,36.0,41.5,inferred
Luton,2021-03-08,22.0,26.0,29.0,30.0,31.0,33.0,35.0,37.0,39.0,40.0,42.0,45.0,52.0,inferred
Luton,2021-03-09,21.0,26.0,29.0,30.0,31.0,33.0,35.0,36.0,38.0,40.0,41.0,45.0,51.5,inferred
Luton,2021-03-10,23.5,29.0,32.0,33.0,34.0,36.0,38.0,40.0,42.0,44.0,45.0,49.0,55.0,inferred
Luton,2021-03-11,23.0,27.0,30.0,31.0,32.0,34.0,36.0,38.0,40.0,42.0,43.0,46.0,52.0,inferred
Luton,2021-03-12,20.0,24.0,27.0,28.0,29.0,31.0,33.0,35.0,37.0,38.0,40.0,43.0,49.0,inferred
Luton,2021-03-13,16.0,20.0,22.0,23.0,24.0,25.0,27.0,29.0,31.0,32.0,33.0,37.0,43.0,inferred
Luton,2021-03-14,20.5,24.0,27.0,28.0,29.0,31.0,33.0,35.0,37.0,38.0,39.2,43.0,49.0,inferred
Luton,2021-03-15,26.0,31.0,34.0,35.0,37.0,39.0,41.0,43.0,46.0,47.0,49.0,53.0,58.0,inferred
Luton,2021-03-16,26.0,31.0,34.0,35.0,36.0,39.0,41.0,43.0,45.0,47.0,48.0,52.0,57.5,inferred
Luton,2021-03-17,28.0,33.0,37.0,38.0,39.0,41.6,43.0,45.0,48.0,49.0,50.0,55.0,62.0,inferred
Luton,2021-03-18,25.5,30.0,33.0,35.0,36.0,38.0,41.0,43.0,45.0,46.0,48.0,52.0,59.0,inferred
Luton,2021-03-19,23.0,27.0,30.0,31.0,33.0,35.0,37.0,38.0,41.0,42.0,43.0,46.0,54.0,inferred
Luton,2021-03-20,17.5,21.0,24.0,26.0,26.0,28.0,30.0,32.0,33.0,34.0,36.0,39.0,44.0,inferred
Luton,2021-03-21,22.0,26.0,29.0,31.0,32.0,34.0,36.0,38.0,40.0,41.0,42.0,46.0,52.0,inferred
Luton,2021-03-22,29.0,33.0,36.0,38.0,39.0,42.0,44.0,46.0,48.0,50.0,51.0,56.0,62.5,inferred
Luton,2021-03-23,27.0,31.0,35.0,36.0,38.0,40.0,42.0,44.0,46.0,48.0,49.0,53.0,61.0,inferred
Luton,2021-03-24,28.0,33.0,36.0,38.0,39.0,41.0,43.0,46.0,48.0,49.0,51.0,55.0,61.0,inferred
Luton,2021-03-25,26.0,30.0,32.0,33.0,34.0,36.0,39.0,41.0,43.0,44.0,46.0,50.0,56.0,inferred
Luton,2021-03-26,21.0,25.0,28.0,29.0,30.0,32.0,34.0,36.0,38.0,39.0,41.0,44.0,50.0,inferred
Luton,2021-03-27,16.0,19.0,22.0,23.0,24.0,25.0,27.0,28.0,30.0,31.0,32.0,36.0,42.0,inferred
Luton,2021-03-28,19.0,23.0,25.0,26.0,27.0,29.0,31.0,33.0,34.0,35.0,37.0,40.0,45.0,inferred
Luton,2021-03-29,23.0,28.0,30.0,32.0,33.0,35.0,37.0,39.0,41.0,42.0,43.0,47.0,54.0,inferred
Luton,2021-03-30,21.0,26.0,29.0,30.0,31.0,33.0,35.0,37.0,39.0,40.0,42.0,45.0,52.0,inferred
Luton,2021-03-31,22.0,26.0,30.0,31.0,32.0,34.0,36.0,38.0,40.0,41.0,42.0,47.0,53.0,inferred
Luton,2021-04-01,19.0,23.0,26.0,27.0,29.0,30.0,32.0,34.0,36.0,37.0,39.0,42.0,49.0,inferred
Luton,2021-04-02,16.0,20.0,23.0,24.0,25.0,26.6,28.0,30.0,32.0,33.0,34.0,38.0,42.5,inferred
Luton,2021-04-03,11.0,15.0,17.0,18.0,19.0,21.0,22.0,23.0,25.0,26.0,27.0,31.0,35.0,inferred
Luton,2021-04-04,14.0,17.0,20.0,21.0,22.0,24.0,25.0,27.0,29.0,30.0,31.0,35.0,40.0,inferred
Luton,2021-04-05,18.0,22.0,25.0,26.0,27.0,29.0,30.0,32.0,34.0,36.0,37.0,40.1,47.0,inferred
Luton,2021-04-06,17.0,21.0,23.0,24.0,25.0,27.0,29.0,31.0,33.0,34.0,35.0,38.0,43.5,inferred
Luton,2021-04-07,17.0,22.0,25.0,26.0,27.0,29.0,30.0,32.0,34.0,35.0,36.0,40.0,46.0,inferred
Luton,2021-04-08,16.0,19.0,22.0,23.0,24.0,26.0,28.0,29.0,31.0,32.0,33.0,37.0,42.0,inferred
Luton,2021-04-09,14.0,17.0,19.0,20.0,21.0,22.0,24.0,26.0,28.0,29.0,30.0,33.0,39.0,inferred
Luton,2021-04-10,10.0,13.0,15.0,15.0,16.0,17.0,19.0,20.0,22.0,23.0,24.0,27.0,31.0,inferred
Luton,2021-04-11,11.0,15.0,17.0,18.0,19.0,20.0,22.0,23.0,25.0,26.0,27.0,30.0,35.0,inferred
Luton,2021-04-12,14.0,18.0,21.0,22.0,23.0,25.0,26.0,28.0,30.0,31.0,32.0,35.0,41.5,inferred
Luton,2021-04-13,13.0,17.0,19.0,20.0,21.0,23.0,25.0,26.0,28.0,29.0,30.0,34.0,39.0,inferred
Luton,2021-04-14,14.0,17.0,20.0,21.0,21.0,23.0,25.0,27.0,29.0,30.0,31.0,34.0,38.0,inferred
Luton,2021-04-15,11.0,15.0,17.0,18.0,19.0,20.0,22.0,23.0,25.0,26.0,27.0,30.0,34.0,inferred
Luton,2021-04-16,10.0,12.0,15.0,16.0,16.7,18.0,19.0,20.0,22.0,23.0,24.0,27.0,31.0,inferred
Luton,2021-04-17,6.0,9.0,11.0,12.0,12.7,14.0,15.0,16.0,17.0,18.0,19.0,22.0,25.0,inferred
Luton,2021-04-18,8.0,10.0,13.0,13.0,14.0,15.0,16.0,17.0,19.0,20.0,20.0,23.0,27.0,inferred
Luton,2021-04-19,10.0,13.0,15.0,16.0,17.0,19.0,20.0,22.0,23.0,24.0,25.0,28.0,32.0,inferred
Luton,2021-04-20,9.0,12.0,14.0,15.0,16.0,17.0,19.0,20.0,22.0,23.0,24.0,27.0,31.0,inferred
Luton,2021-04-21,9.0,12.0,14.0,16.0,16.0,18.0,19.0,20.0,22.0,23.0,24.0,26.0,31.0,inferred
Luton,2021-04-22,8.0,11.0,13.0,13.8,14.0,16.0,17.0,18.0,20.0,21.0,21.2,24.0,29.0,inferred
Luton,2021-04-23,6.0,9.0,11.0,11.0,12.0,13.0,15.0,16.0,17.0,18.0,19.0,22.0,27.0,inferred
Luton,2021-04-24,5.0,7.0,8.0,9.0,10.0,11.0,12.0,13.0,14.0,15.0,15.0,17.0,21.0,inferred
Luton,2021-04-25,5.0,8.0,9.0,10.0,11.0,12.0,13.0,14.0,16.0,16.0,17.0,20.0,24.0,inferred
Luton,2021-04-26,7.0,10.0,11.0,12.0,13.0,14.0,15.0,17.0,18.0,19.0,20.0,22.0,26.0,inferred
Luton,2021-04-27,6.0,9.0,11.0,11.0,12.0,13.0,14.0,15.0,17.0,18.0,19.0,21.0,25.0,inferred
Luton,2021-04-28,6.0,9.0,10.0,11.0,12.0,13.0,15.0,16.0,17.0,18.0,19.0,22.0,26.0,inferred
Luton,2021-04-29,5.0,8.0,9.0,10.0,11.0,12.0,13.0,14.0,15.0,16.0,17.0,19.0,23.5,inferred
Luton,2021-04-30,4.5,7.0,8.0,9.0,9.0,10.0,11.0,12.0,14.0,14.0,15.0,17.0,21.0,inferred
Luton,2021-05-01,3.0,5.0,6.0,6.0,7.0,8.0,9.0,10.0,11.0,12.0,12.0,15.0,19.0,inferred
Luton,2021-05-02,3.0,5.0,7.0,7.0,8.0,9.0,10.0,11.0,12.0,13.0,14.0,16.0,20.0,inferred
Luton,2021-05-03,5.0,7.0,9.0,9.0,10.0,11.0,12.0,13.0,14.0,15.0,16.0,18.0,22.0,inferred
Luton,2021-05-04,5.0,7.0,8.0,9.0,10.0,11.0,12.0,13.0,14.0,15.0,16.0,18.0,22.0,inferred
Luton,2021-05-05,5.0,7.0,9.0,10.0,10.0,11.0,13.0,14.0,15.0,16.0,16.0,19.0,23.0,inferred
Luton,2021-05-06,5.0,6.0,8.0,9.0,9.0,10.0,11.0,13.0,14.0,14.0,15.0,17.0,21.0,inferred
Luton,2021-05-07,3.0,5.0,7.0,7.0,8.0,9.0,10.0,11.0,12.0,13.0,14.0,16.0,19.5,inferred
Luton,2021-05-08,3.0,4.0,5.0,6.0,6.0,7.0,8.0,9.0,10.0,11.0,12.0,14.0,17.0,inferred
Luton,2021-05-09,4.0,5.0,7.0,7.0,8.0,9.0,10.0,11.0,12.0,13.0,13.0,15.0,18.5,inferred
Luton,2021-05-10,5.0,7.0,9.0,9.0,10.0,11.0,12.0,13.0,15.0,15.0,16.0,19.0,23.0,inferred
Luton,2021-05-11,4.0,7.0,8.0,9.0,10.0,11.0,12.0,13.0,15.0,15.0,16.0,18.0,23.0,inferred
Luton,2021-05-12,5.0,8.0,10.0,10.0,11.0,12.0,13.0,14.0,15.0,16.0,17.0,20.0,24.0,inferred
Luton,2021-05-13,5.0,7.0,9.0,9.0,10.0,11.0,12.0,14.0,15.0,16.0,17.0,19.0,23.0,inferred
Luton,2021-05-14,4.0,7.0,8.0,9.0,10.0,11.0,12.0,13.0,14.0,15.0,16.0,18.0,21.5,inferred
Luton,2021-05-15,3.0,5.0,7.0,7.0,8.0,9.0,10.0,11.0,12.0,12.0,13.0,15.0,19.0,inferred
Luton,2021-05-16,5.0,7.0,8.0,9.0,10.0,11.0,12.0,13.0,14.0,15.0,15.2,18.0,21.0,inferred
Luton,2021-05-17,7.0,9.0,11.0,12.0,13.0,14.0,15.0,16.0,18.0,19.0,20.0,22.0,26.0,inferred
Luton,2021-05-18,6.0,9.0,11.0,12.0,13.0,14.0,15.0,16.0,18.0,18.2,19.0,22.0,26.0,inferred
Luton,2021-05-19,8.0,11.0,12.0,13.0,14.0,15.0,17.0,18.0,20.0,20.0,21.0,24.0,28.0,inferred
Luton,2021-05-20,7.0,10.0,12.0,13.0,13.0,14.0,16.0,17.0,19.0,19.0,20.0,23.0,27.0,inferred
Luton,2021-05-21,7.0,9.0,11.0,12.0,12.0,14.0,15.0,16.0,18.0,18.0,19.0,22.0,25.0,inferred
Luton,2021-05-22,6.0,7.0,9.0,10.0,10.0,12.0,13.0,14.0,15.0,16.0,17.0,19.0,23.0,inferred
Luton,2021-05-23,7.0,10.0,11.0,12.0,13.0,14.0,16.0,17.0,18.0,19.0,20.0,23.0,26.0,inferred
Luton,2021-05-24,10.0,13.0,16.0,17.0,18.0,19.0,20.0,22.0,23.0,24.0,25.0,28.0,33.0,inferred
Luton,2021-05-25,10.0,14.0,16.0,17.0,18.0,19.0,21.0,22.0,24.0,25.0,26.0,29.0,34.0,inferred
Luton,2021-05-26,12.0,16.0,18.0,19.0,20.0,21.0,23.0,24.0,26.0,27.0,28.0,32.0,38.0,inferred
Luton,2021-05-27,12.0,15.0,17.0,18.0,19.0,21.0,22.0,24.0,26.0,26.0,28.0,31.0,35.0,inferred
Luton,2021-05-28,11.0,14.0,16.0,17.0,18.0,19.0,21.0,22.0,24.0,25.0,26.0,29.0,33.0,inferred
Luton,2021-05-29,8.0,11.0,13.0,14.0,15.0,16.0,18.0,19.0,21.0,22.0,23.0,25.0,30.0,inferred
Luton,2021-05-30,11.5,15.0,17.0,18.0,19.0,20.0,22.0,23.0,25.0,26.0,27.0,30.0,35.0,inferred
Luton,2021-05-31,16.0,20.0,23.0,24.0,25.0,27.0,28.0,30.0,32.0,34.0,35.0,38.0,43.0,inferred
Luton,2021-06-01,16.0,20.0,23.0,24.0,25.0,26.0,28.0,30.0,32.0,33.0,34.0,38.0,44.0,inferred
Luton,2021-06-02,18.0,22.0,25.0,26.0,27.0,29.0,31.0,33.0,35.0,36.0,37.0,41.0,47.0,inferred
Luton,2021-06-03,18.0,21.0,24.0,25.0,26.0,28.0,30.0,32.0,33.0,34.0,36.0,39.0,44.0,inferred
Luton,2021-06-04,16.0,20.0,23.0,24.0,24.0,26.0,28.0,30.0,31.3,33.0,34.0,37.0,43.0,inferred
Luton,2021-06-05,12.0,16.0,18.0,19.0,20.0,22.0,23.0,25.0,27.0,27.0,28.0,32.0,37.0,inferred
Luton,2021-06-06,16.0,20.0,23.0,24.0,25.0,27.0,28.0,30.0,32.0,33.0,34.0,38.0,44.0,inferred
Luton,2021-06-07,22.0,26.0,29.0,31.0,32.0,33.0,35.0,37.0,39.0,40.0,42.0,46.0,53.0,inferred
Luton,2021-06-08,21.0,26.0,28.0,29.0,30.0,33.0,34.0,36.0,38.0,39.0,41.0,45.0,49.5,inferred
Luton,2021-06-09,22.0,27.0,30.0,31.0,32.0,35.0,36.0,38.0,40.0,41.0,43.0,46.0,53.0,inferred
Luton,2021-06-10,21.0,24.0,28.0,29.0,30.0,32.0,33.0,35.0,37.0,38.0,40.0,43.0,49.0,inferred
Luton,2021-06-11,17.0,21.0,24.0,25.0,26.0,28.0,29.0,31.0,33.0,34.0,35.0,38.0,44.0,inferred
Luton,2021-06-12,13.0,16.0,19.0,19.0,20.0,22.0,24.0,25.0,27.0,28.0,29.0,32.0,37.0,inferred
Luton,2021-06-13,16.0,20.0,22.0,23.0,24.0,26.0,28.0,29.0,31.0,32.0,34.0,37.0,43.0,inferred
Luton,2021-06-14,20.0,25.0,28.0,29.0,30.0,32.0,34.0,36.0,38.0,39.0,41.0,45.0,50.0,inferred
Luton,2021-06-15,19.0,24.0,27.0,28.0,29.0,31.0,33.0,35.0,37.0,38.0,39.0,43.0,49.0,inferred
Luton,2021-06-16,20.0,25.0,28.0,30.0,31.0,33.0,34.0,36.0,39.0,40.0,42.0,45.0,52.0,inferred
Luton,2021-06-17,18.0,23.0,26.0,27.0,28.0,30.0,32.0,34.0,36.0,37.0,39.0,42.0,48.0,inferred
Luton,2021-06-18,16.0,20.0,23.0,24.0,24.0,26.6,29.0,30.0,33.0,34.0,35.0,38.0,44.0,inferred
Maidstone,2021-03-06,1.0,2.0,3.0,3.0,3.0,4.0,4.0,5.0,6.0,6.0,7.0,8.0,10.0,inferred
Maidstone,2021-03-07,1.0,2.0,3.0,3.0,4.0,4.0,5.0,6.0,6.0,7.0,7.0,9.0,11.0,inferred
Maidstone,2021-03-08,1.5,3.0,4.0,4.0,5.0,5.0,6.0,7.0,8.0,8.0,9.0,10.0,12.5,inferred
Maidstone,2021-03-09,1.0,3.0,4.0,4.0,4.0,5.0,6.0,7.0,7.0,8.0,8.0,10.0,12.0,inferred
Maidstone,2021-03-10,1.0,3.0,4.0,4.0,4.0,5.0,6.0,7.0,8.0,8.0,9.0,10.0,12.5,inferred
Maidstone,2021-03-11,1.0,3.0,3.0,4.0,4.0,5.0,5.0,6.0,7.0,8.0,8.0,10.0,13.0,inferred
Maidstone,2021-03-12,1.0,2.0,3.0,3.0,3.0,4.0,5.0,5.0,6.0,7.0,7.0,9.0,11.0,inferred
Maidstone,2021-03-13,0.0,1.0,2.0,3.0,3.0,3.0,4.0,5.0,5.0,6.0,6.0,7.0,10.0,inferred
Maidstone,2021-03-14,1.0,2.0,3.0,3.0,3.0,4.0,5.0,5.0,6.0,7.0,7.0,9.0,11.0,inferred
Maidstone,2021-03-15,2.0,3.0,4.0,4.0,4.0,5.0,6.0,7.0,8.0,8.0,9.0,11.0,13.0,inferred
Maidstone,2021-03-16,1.0,3.0,4.0,4.0,4.0,5.0,6.0,7.0,8.0,8.0,9.0,10.0,13.5,inferred
Maidstone,2021-03-17,2.0,3.0,4.0,4.0,5.0,6.0,6.0,7.0,8.0,8.0,9.0,11.0,14.0,inferred
Maidstone,2021-03-18,1.0,2.0,4.0,4.0,4.0,5.0,6.0,6.0,7.0,8.0,8.0,10.0,13.0,inferred
Maidstone,2021-03-19,1.0,2.0,3.0,3.0,4.0,5.0,5.0,6.0,7.0,7.0,8.0,9.0,12.0,inferred
Maidstone,2021-03-20,1.0,2.0,2.0,3.0,3.0,4.0,4.0,5.0,6.0,6.0,6.0,8.0,10.5,inferred
Maidstone,2021-03-21,1.0,2.0,3.0,3.0,4.0,4.0,5.0,6.0,7.0,7.0,7.0,9.0,11.0,inferred
Maidstone,2021-03-22,1.0,3.0,4.0,4.0,5.0,5.0,6.0,7.0,8.0,8.0,9.0,11.0,14.0,inferred
Maidstone,2021-03-23,1.0,3.0,4.0,4.0,4.0,5.0,6.0,7.0,7.0,8.0,8.0,10.0,12.5,inferred
Maidstone,2021-03-24,1.0,3.0,4.0,4.0,4.0,5.0,6.0,7.0,8.0,8.0,9.0,10.0,13.0,inferred
Maidstone,2021-03-25,1.0,2.0,3.0,3.0,4.0,4.0,5.0,6.0,7.0,7.0,8.0,9.0,12.0,inferred
Maidstone,2021-03-26,0.0,1.0,2.0,3.0,3.0,3.0,4.0,5.0,6.0,6.0,6.0,8.0,10.0,inferred
Maidstone,2021-03-27,0.0,1.0,2.0,2.0,2.0,3.0,3.0,4.0,4.0,5.0,5.0,6.0,8.0,inferred
Maidstone,2021-03-28,0.0,1.0,2.0,2.0,2.0,3.0,4.0,4.0,5.0,5.0,6.0,7.0,9.0,inferred
Maidstone,2021-03-29,0.0,1.0,2.0,3.0,3.0,3.6,4.0,5.0,6.0,6.0,6.0,8.0,10.0,inferred
Maidstone,2021-03-30,0.0,1.0,2.0,2.0,2.0,3.0,3.0,4.0,5.0,5.0,6.0,7.0,9.0,inferred
Maidstone,2021-03-31,0.0,1.0,2.0,2.0,2.0,3.0,4.0,4.0,5.0,5.0,6.0,7.0,10.0,inferred
Maidstone,2021-04-01,0.0,1.0,1.0,2.0,2.0,3.0,3.0,4.0,4.0,5.0,5.0,6.0,8.0,inferred
Maidstone,2021-04-02,0.0,1.0,1.0,1.0,2.0,2.0,3.0,3.0,4.0,4.0,4.0,5.0,7.0,inferred
Maidstone,2021-04-03,0.0,0.0,1.0,1.0,1.0,2.0,2.0,2.0,3.0,3.0,4.0,5.0,7.0,inferred
Maidstone,2021-04-04,0.0,0.0,1.0,1.0,1.0,2.0,2.0,3.0,3.0,4.0,4.0,5.0,7.0,inferred
Maidstone,2021-04-05,0.0,1.0,1.0,2.0,2.0,2.0,3.0,3.0,4.0,4.0,5.0,6.0,8.0,inferred
Maidstone,2021-04-06,0.0,1.0,1.0,1.0,2.0,2.0,3.0,3.0,4.0,4.0,4.0,6.0,8.0,inferred
Maidstone,2021-04-07,0.0,1.0,1.0,1.0,2.0,2.0,3.0,3.0,4.0,4.0,5.0,6.0,8.0,inferred
Maidstone,2021-04-08,0.0,1.0,1.0,1.0,2.0,2.0,3.0,3.0,4.0,4.0,4.0,5.0,7.0,inferred
Maidstone,2021-04-09,0.0,0.0,1.0,1.0,1.0,2.0,2.0,3.0,3.0,4.0,4.0,5.0,7.0,inferred
Maidstone,2021-04-10,0.0,0.0,1.0,1.0,1.0,1.0,2.0,2.0,3.0,3.0,3.0,4.0,6.0,inferred
Maidstone,2021-04-11,0.0,0.0,1.0,1.0,1.0,2.0,2.0,3.0,3.0,3.0,4.0,5.0,7.0,inferred
Maidstone,2021-04-12,0.0,1.0,1.0,1.0,2.0,2.0,3.0,3.0,4.0,4.0,5.0,6.0,8.0,inferred
Maidstone,2021-04-13,0.0,1.0,1.0,1.0,2.0,2.0,3.0,3.0,4.0,4.0,5.0,6.0,8.0,inferred
Maidstone,2021-04-14,0.0,1.0,1.0,1.0,2.0,2.0,3.0,3.0,4.0,4.0,4.0,5.0,7.0,inferred
Maidstone,2021-04-15,0.0,1.0,1.0,1.0,2.0,2.0,3.0,3.0,4.0,4.0,4.0,6.0,8.0,inferred
Maidstone,2021-04-16,0.0,0.0,1.0,1.0,1.0,2.0,2.0,3.0,3.0,4.0,4.0,5.0,7.0,inferred
Maidstone,2021-04-17,0.0,0.0,1.0,1.0,1.0,1.0,2.0,2.0,3.0,3.0,3.2,5.0,6.5,inferred
Maidstone,2021-04-18,0.0,0.0,1.0,1.0,1.0,2.0,2.0,3.0,3.0,4.0,4.0,5.0,7.0,inferred
Maidstone,2021-04-19,0.0,1.0,1.0,1.0,2.0,2.0,3.0,3.0,4.0,4.0,5.0,6.0,9.0,inferred
Maidstone,2021-04-20,0.0,1.0,1.0,1.0,2.0,2.0,3.0,3.0,4.0,4.0,5.0,6.0,8.0,inferred
Maidstone,2021-04-21,0.0,1.0,1.0,1.0,2.0,2.0,3.0,3.0,4.0,4.0,5.0,6.0,8.0,inferred
Maidstone,2021-04-22,0.0,1.0,1.0,1.0,2.0,2.0,3.0,3.0,4.0,4.0,4.0,6.0,8.0,inferred
Maidstone,2021-04-23,0.0,0.0,1.0,1.0,1.0,2.0,2.0,3.0,3.0,4.0,4.0,5.0,7.0,inferred
Maidstone,2021-04-24,0.0,0.0,1.0,1.0,1.0,1.0,2.0,2.0,3.0,3.0,3.0,5.0,7.0,inferred
Maidstone,2021-04-25,0.0,0.0,1.0,1.0,1.0,2.0,2.0,3.0,3.0,4.0,4.0,5.0,7.0,inferred
Maidstone,2021-04-26,0.0,1.0,1.0,2.0,2.0,2.0,3.0,3.0,4.0,4.0,5.0,6.0,8.0,inferred
Maidstone,2021-04-27,0.0,1.0,1.0,2.0,2.0,2.0,3.0,3.0,4.0,4.0,5.0,6.0,8.0,inferred
Maidstone,2021-04-28,0.0,1.0,1.0,2.0,2.0,2.0,3.0,3.0,4.0,4.0,5.0,6.0,8.0,inferred
Maidstone,2021-04-29,0.0,1.0,1.0,1.0,2.0,2.0,3.0,3.0,4.0,4.0,5.0,6.0,8.0,inferred
Maidstone,2021-04-30,0.0,0.0,1.0,1.0,1.0,2.0,2.0,3.0,3.0,3.0,4.0,5.0,7.0,inferred
Maidstone,2021-05-01,0.0,0.0,1.0,1.0,1.0,1.0,2.0,2.0,3.0,3.0,3.0,5.0,6.0,inferred
Maidstone,2021-05-02,0.0,0.0,1.0,1.0,1.0,2.0,2.0,3.0,3.0,3.0,4.0,5.0,7.0,inferred
Maidstone,2021-05-03,0.0,1.0,1.0,1.0,2.0,2.0,3.0,3.0,4.0,4.0,4.0,6.0,8.0,inferred
Maidstone,2021-05-04,0.0,0.0,1.0,1.0,1.0,2.0,2.0,3.0,3.0,4.0,4.0,5.0,7.0,inferred
Maidstone,2021-05-05,0.0,1.0,1.0,1.0,1.0,2.0,2.0,3.0,4.0,4.0,4.0,5.0,8.0,inferred
Maidstone,2021-05-06,0.0,0.0,1.0,1.0,1.0,2.0,2.0,3.0,3.0,3.0,4.0,5.0,7.0,inferred
Maidstone,2021-05-07,0.0,0.0,1.0,1.0,1.0,1.0,2.0,2.0,3.0,3.0,3.2,5.0,7.0,inferred
Maidstone,2021-05-08,0.0,0.0,0.0,1.0,1.0,1.0,1.0,2.0,2.0,3.0,3.0,4.0,5.0,inferred
Maidstone,2021-05-09,0.0,0.0,1.0,1.0,1.0,1.0,2.0,2.0,3.0,3.0,3.0,4.0,6.0,inferred
Maidstone,2021-05-10,0.0,0.0,1.0,1.0,1.0,2.0,2.0,2.0,3.0,3.0,4.0,5.0,7.0,inferred
Maidstone,2021-05-11,0.0,0.0,1.0,1.0,1.0,2.0,2.0,2.0,3.0,3.0,4.0,5.0,7.0,inferred
Maidstone,2021-05-12,0.0,0.0,1.0,1.0,1.0,2.0,2.0,2.0,3.0,3.0,4.0,5.0,7.0,inferred
Maidstone,2021-05-13,0.0,0.0,1.0,1.0,1.0,1.0,2.0,2.0,3.0,3.0,3.0,4.0,6.0,inferred
Maidstone,2021-05-14,0.0,0.0,0.0,1.0,1.0,1.0,2.0,2.0,3.0,3.0,3.0,4.0,6.0,inferred
Maidstone,2021-05-15,0.0,0.0,0.0,0.0,1.0,1.0,1.0,2.0,2.0,2.0,3.0,4.0,5.0,inferred
Maidstone,2021-05-16,0.0,0.0,0.0,1.0,1.0,1.0,2.0,2.0,2.0,3.0,3.0,4.0,6.0,inferred
Maidstone,2021-05-17,0.0,0.0,1.0,1.0,1.0,2.0,2.0,2.0,3.0,3.0,4.0,5.0,7.0,inferred
Maidstone,2021-05-18,0.0,0.0,1.0,1.0,1.0,2.0,2.0,2.0,3.0,3.0,4.0,5.0,7.0,inferred
Maidstone,2021-05-19,0.0,0.0,1.0,1.0,1.0,2.0,2.0,3.0,3.0,4.0,4.0,5.0,7.5,inferred
Maidstone,2021-05-20,0.0,0.0,1.0,1.0,1.0,2.0,2.0,3.0,3.0,3.0,4.0,5.0,6.0,inferred
Maidstone,2021-05-21,0.0,0.0,1.0,1.0,1.0,2.0,2.0,2.0,3.0,3.0,4.0,5.0,7.0,inferred
Maidstone,2021-05-22,0.0,0.0,0.8,1.0,1.0,1.0,2.0,2.0,3.0,3.0,3.0,4.0,6.0,inferred
Maidstone,2021-05-23,0.0,0.0,1.0,1.0,1.0,2.0,2.0,3.0,3.0,4.0,4.0,5.0,7.0,inferred
Maidstone,2021-05-24,0.0,1.0,1.0,1.0,2.0,2.0,3.0,3.0,4.0,4.0,4.0,6.0,8.0,inferred
Maidstone,2021-05-25,0.0,1.0,1.0,1.0,2.0,2.0,3.0,3.0,4.0,4.0,5.0,5.0,8.0,inferred
Maidstone,2021-05-26,0.0,1.0,1.0,2.0,2.0,2.0,3.0,3.0,4.0,4.0,5.0,6.0,8.0,inferred
Maidstone,2021-05-27,0.0,1.0,1.0,2.0,2.0,2.0,3.0,3.0,4.0,5.0,5.0,6.0,9.0,inferred
Maidstone,2021-05-28,0.0,1.0,1.0,1.0,2.0,2.0,3.0,3.0,4.0,4.0,5.0,6.0,8.0,inferred
Maidstone,2021-05-29,0.0,0.0,1.0,1.0,1.0,2.0,2.0,3.0,3.0,4.0,4.0,5.0,7.0,inferred
Maidstone,2021-05-30,0.0,1.0,1.0,2.0,2.0,2.0,3.0,4.0,4.0,5.0,5.0,6.0,8.0,inferred
Maidstone,2021-05-31,0.0,1.0,2.0,2.0,3.0,3.0,4.0,4.0,5.0,6.0,6.0,7.1,10.0,inferred
Maidstone,2021-06-01,0.0,1.0,2.0,3.0,3.0,3.0,4.0,5.0,5.0,6.0,6.0,8.0,10.0,inferred
Maidstone,2021-06-02,1.0,2.0,3.0,3.0,3.0,4.0,5.0,5.0,6.0,7.0,7.0,8.0,11.0,inferred
Maidstone,2021-06-03,1.0,2.0,3.0,3.0,4.0,4.0,5.0,6.0,6.0,7.0,7.0,9.0,12.0,inferred
Maidstone,2021-06-04,1.0,2.0,3.0,3.0,4.0,4.0,5.0,5.0,6.0,7.0,7.0,9.0,11.0,inferred
Maidstone,2021-06-05,1.0,2.0,2.0,3.0,3.0,4.0,4.0,5.0,6.0,6.0,7.0,8.0,10.0,inferred
Maidstone,2021-06-06,1.0,2.0,3.0,4.0,4.0,5.0,6.0,7.0,7.0,8.0,8.0,10.0,12.0,inferred
Maidstone,2021-06-07,2.0,4.0,5.0,6.0,6.0,7.0,8.0,9.0,10.0,10.0,11.0,13.0,16.0,inferred
Maidstone,2021-06-08,3.0,4.0,6.0,6.0,7.0,8.0,9.0,10.0,10.0,11.0,12.0,14.0,17.0,inferred
Maidstone,2021-06-09,3.0,6.0,7.0,8.0,8.0,9.0,10.0,11.0,12.0,13.0,13.0,15.0,19.0,inferred
Maidstone,2021-06-10,4.0,6.0,7.0,8.0,8.0,9.0,10.0,11.0,12.0,13.0,14.0,16.0,20.0,inferred
Maidstone,2021-06-11,3.0,6.0,7.0,7.0,8.0,9.0,10.0,11.0,12.0,13.0,13.0,15.0,18.5,inferred
Maidstone,2021-06-12,3.0,5.0,6.0,7.0,7.0,8.0,9.0,10.0,11.0,12.0,12.0,14.0,18.0,inferred
Maidstone,2021-06-13,5.0,7.0,9.0,10.0,10.0,11.0,12.0,13.0,15.0,15.0,16.0,18.0,22.5,inferred
Maidstone,2021-06-14,8.0,11.0,12.0,13.0,14.0,15.0,16.0,17.4,19.0,20.0,21.0,23.0,28.0,inferred
Maidstone,2021-06-15,9.0,11.0,13.0,13.0,14.0,16.0,17.0,18.0,20.0,21.0,21.0,24.0,29.0,inferred
Maidstone,2021-06-16,10.0,13.0,15.0,16.0,17.0,18.0,20.0,21.0,23.0,24.0,25.0,27.0,32.0,inferred
Maidstone,2021-06-17,10.0,13.0,16.0,16.0,17.0,19.0,20.0,21.0,23.0,24.0,25.0,28.0,33.0,inferred
Maidstone,2021-06-18,10.0,13.0,15.0,16.0,16.0,18.0,19.0,21.0,22.0,23.0,25.0,27.0,32.0,inferred
Maldon,2021-03-06,0.0,0.0,0.0,0.0,0.0,1.0,1.0,1.0,1.0,2.0,2.0,3.0,4.0,inferred
Maldon,2021-03-07,0.0,0.0,0.0,0.0,0.0,1.0,1.0,1.0,2.0,2.0,2.0,3.0,4.0,inferred
Maldon,2021-03-08,0.0,0.0,0.0,0.0,0.0,1.0,1.0,1.0,2.0,2.0,2.0,3.0,5.0,inferred
Maldon,2021-03-09,0.0,0.0,0.0,0.0,0.0,1.0,1.0,1.0,2.0,2.0,2.0,3.0,4.0,inferred
Maldon,2021-03-10,0.0,0.0,0.0,0.0,1.0,1.0,1.0,1.0,2.0,2.0,2.0,3.0,4.0,inferred
Maldon,2021-03-11,0.0,0.0,0.0,0.0,0.0,1.0,1.0,1.0,2.0,2.0,2.0,3.0,4.0,inferred
Maldon,2021-03-12,0.0,0.0,0.0,0.0,0.0,1.0,1.0,1.0,1.3,2.0,2.0,3.0,4.0,inferred
Maldon,2021-03-13,0.0,0.0,0.0,0.0,0.0,0.0,1.0,1.0,1.0,2.0,2.0,2.0,4.0,inferred
Maldon,2021-03-14,0.0,0.0,0.0,0.0,0.0,1.0,1.0,1.0,2.0,2.0,2.0,3.0,4.0,inferred
Maldon,2021-03-15,0.0,0.0,0.0,0.0,1.0,1.0,1.0,2.0,2.0,2.0,2.0,3.0,5.0,inferred
Maldon,2021-03-16,0.0,0.0,0.0,0.0,1.0,1.0,1.0,2.0,2.0,2.0,2.0,3.0,5.0,inferred
Maldon,2021-03-17,0.0,0.0,0.0,0.0,1.0,1.0,1.0,2.0,2.0,2.0,3.0,4.0,5.0,inferred
Maldon,2021-03-18,0.0,0.0,0.0,0.0,1.0,1.0,1.0,2.0,2.0,2.0,3.0,3.0,5.0,inferred
Maldon,2021-03-19,0.0,0.0,0.0,0.0,0.0,1.0,1.0,1.0,2.0,2.0,2.0,3.0,4.0,inferred
Maldon,2021-03-20,0.0,0.0,0.0,0.0,0.0,1.0,1.0,1.0,1.0,2.0,2.0,3.0,4.0,inferred
Maldon,2021-03-21,0.0,0.0,0.0,0.0,0.0,1.0,1.0,1.0,2.0,2.0,2.0,3.0,4.0,inferred
Maldon,2021-03-22,0.0,0.0,0.0,1.0,1.0,1.0,1.0,2.0,2.0,2.0,3.0,4.0,5.0,inferred
Maldon,2021-03-23,0.0,0.0,0.0,0.0,1.0,1.0,1.0,2.0,2.0,2.0,3.0,3.0,5.0,inferred
Maldon,2021-03-24,0.0,0.0,0.0,0.0,1.0,1.0,1.0,2.0,2.0,2.0,3.0,4.0,5.0,inferred
Maldon,2021-03-25,0.0,0.0,0.0,0.0,1.0,1.0,1.0,2.0,2.0,2.0,3.0,3.0,5.0,inferred
Maldon,2021-03-26,0.0,0.0,0.0,0.0,0.0,1.0,1.0,1.0,2.0,2.0,2.0,3.0,5.0,inferred
Maldon,2021-03-27,0.0,0.0,0.0,0.0,0.0,0.0,1.0,1.0,1.0,2.0,2.0,2.0,4.0,inferred
Maldon,2021-03-28,0.0,0.0,0.0,0.0,0.0,1.0,1.0,1.0,2.0,2.0,2.0,3.0,4.0,inferred
Maldon,2021-03-29,0.0,0.0,0.0,0.0,1.0,1.0,1.0,1.0,2.0,2.0,2.0,3.0,5.0,inferred
Maldon,2021-03-30,0.0,0.0,0.0,0.0,1.0,1.0,1.0,1.0,2.0,2.0,2.0,3.0,4.0,inferred
Maldon,2021-03-31,0.0,0.0,0.0,0.0,0.0,1.0,1.0,1.0,2.0,2.0,2.0,3.0,4.0,inferred
Maldon,2021-04-01,0.0,0.0,0.0,0.0,0.0,1.0,1.0,1.0,2.0,2.0,2.0,3.0,4.0,inferred
Maldon,2021-04-02,0.0,0.0,0.0,0.0,0.0,1.0,1.0,1.0,1.0,2.0,2.0,2.0,4.0,inferred
Maldon,2021-04-03,0.0,0.0,0.0,0.0,0.0,0.0,1.0,1.0,1.0,1.0,1.0,2.0,3.5,inferred
Maldon,2021-04-04,0.0,0.0,0.0,0.0,0.0,0.0,1.0,1.0,1.0,1.0,2.0,2.0,3.0,inferred
Maldon,2021-04-05,0.0,0.0,0.0,0.0,0.0,1.0,1.0,1.0,1.0,2.0,2.0,3.0,4.0,inferred
Maldon,2021-04-06,0.0,0.0,0.0,0.0,0.0,0.0,1.0,1.0,1.0,2.0,2.0,2.0,4.0,inferred
Maldon,2021-04-07,0.0,0.0,0.0,0.0,0.0,1.0,1.0,1.0,1.0,2.0,2.0,3.0,4.0,inferred
Maldon,2021-04-08,0.0,0.0,0.0,0.0,0.0,0.0,1.0,1.0,1.0,1.0,2.0,2.0,4.0,inferred
Maldon,2021-04-09,0.0,0.0,0.0,0.0,0.0,0.0,1.0,1.0,1.0,1.0,1.0,2.0,3.0,inferred
Maldon,2021-04-10,0.0,0.0,0.0,0.0,0.0,0.0,0.0,1.0,1.0,1.0,1.0,2.0,3.0,inferred
Maldon,2021-04-11,0.0,0.0,0.0,0.0,0.0,0.0,0.0,1.0,1.0,1.0,1.0,2.0,3.0,inferred
Maldon,2021-04-12,0.0,0.0,0.0,0.0,0.0,0.0,1.0,1.0,1.0,1.0,2.0,2.0,3.0,inferred
Maldon,2021-04-13,0.0,0.0,0.0,0.0,0.0,0.0,1.0,1.0,1.0,1.0,1.0,2.0,3.0,inferred
Maldon,2021-04-14,0.0,0.0,0.0,0.0,0.0,0.0,0.0,1.0,1.0,1.0,1.0,2.0,3.0,inferred
Maldon,2021-04-15,0.0,0.0,0.0,0.0,0.0,0.0,0.0,1.0,1.0,1.0,1.0,2.0,3.0,inferred
Maldon,2021-04-16,0.0,0.0,0.0,0.0,0.0,0.0,0.0,1.0,1.0,1.0,1.0,2.0,3.0,inferred
Maldon,2021-04-17,0.0,0.0,0.0,0.0,0.0,0.0,0.0,0.0,1.0,1.0,1.0,1.0,3.0,inferred
Maldon,2021-04-18,0.0,0.0,0.0,0.0,0.0,0.0,0.0,0.0,1.0,1.0,1.0,2.0,2.0,inferred
Maldon,2021-04-19,0.0,0.0,0.0,0.0,0.0,0.0,0.0,1.0,1.0,1.0,1.0,2.0,3.0,inferred
Maldon,2021-04-20,0.0,0.0,0.0,0.0,0.0,0.0,0.0,1.0,1.0,1.0,1.0,2.0,3.0,inferred
Maldon,2021-04-21,0.0,0.0,0.0,0.0,0.0,0.0,0.0,1.0,1.0,1.0,1.0,2.0,3.0,inferred
Maldon,2021-04-22,0.0,0.0,0.0,0.0,0.0,0.0,0.0,1.0,1.0,1.0,1.0,2.0,3.0,inferred
Maldon,2021-04-23,0.0,0.0,0.0,0.0,0.0,0.0,0.0,0.0,1.0,1.0,1.0,2.0,3.0,inferred
Maldon,2021-04-24,0.0,0.0,0.0,0.0,0.0,0.0,0.0,0.0,1.0,1.0,1.0,1.0,2.0,inferred
Maldon,2021-04-25,0.0,0.0,0.0,0.0,0.0,0.0,0.0,0.0,1.0,1.0,1.0,2.0,3.0,inferred
Maldon,2021-04-26,0.0,0.0,0.0,0.0,0.0,0.0,0.0,1.0,1.0,1.0,1.0,2.0,3.0,inferred
Maldon,2021-04-27,0.0,0.0,0.0,0.0,0.0,0.0,0.0,1.0,1.0,1.0,1.0,2.0,3.0,inferred
Maldon,2021-04-28,0.0,0.0,0.0,0.0,0.0,0.0,0.0,1.0,1.0,1.0,1.0,2.0,3.0,inferred
Maldon,2021-04-29,0.0,0.0,0.0,0.0,0.0,0.0,0.0,1.0,1.0,1.0,1.0,2.0,3.0,inferred
Maldon,2021-04-30,0.0,0.0,0.0,0.0,0.0,0.0,0.0,0.0,1.0,1.0,1.0,2.0,3.0,inferred
Maldon,2021-05-01,0.0,0.0,0.0,0.0,0.0,0.0,0.0,0.0,1.0,1.0,1.0,1.0,2.0,inferred
Maldon,2021-05-02,0.0,0.0,0.0,0.0,0.0,0.0,0.0,1.0,1.0,1.0,1.0,2.0,3.0,inferred
Maldon,2021-05-03,0.0,0.0,0.0,0.0,0.0,0.0,0.0,1.0,1.0,1.0,1.0,2.0,3.0,inferred
Maldon,2021-05-04,0.0,0.0,0.0,0.0,0.0,0.0,0.0,1.0,1.0,1.0,1.0,2.0,3.0,inferred
Maldon,2021-05-05,0.0,0.0,0.0,0.0,0.0,0.0,0.0,1.0,1.0,1.0,1.0,2.0,3.0,inferred
Maldon,2021-05-06,0.0,0.0,0.0,0.0,0.0,0.0,0.0,1.0,1.0,1.0,1.0,2.0,3.0,inferred
Maldon,2021-05-07,0.0,0.0,0.0,0.0,0.0,0.0,0.0,1.0,1.0,1.0,1.0,2.0,3.0,inferred
Maldon,2021-05-08,0.0,0.0,0.0,0.0,0.0,0.0,0.0,0.0,1.0,1.0,1.0,2.0,3.0,inferred
Maldon,2021-05-09,0.0,0.0,0.0,0.0,0.0,0.0,0.0,1.0,1.0,1.0,1.0,2.0,3.0,inferred
Maldon,2021-05-10,0.0,0.0,0.0,0.0,0.0,0.0,0.0,1.0,1.0,1.0,1.0,2.0,3.0,inferred
Maldon,2021-05-11,0.0,0.0,0.0,0.0,0.0,0.0,1.0,1.0,1.0,1.0,1.0,2.0,3.0,inferred
Maldon,2021-05-12,0.0,0.0,0.0,0.0,0.0,0.0,0.0,1.0,1.0,1.0,1.0,2.0,3.0,inferred
Maldon,2021-05-13,0.0,0.0,0.0,0.0,0.0,0.0,0.0,1.0,1.0,1.0,1.0,2.0,3.0,inferred
Maldon,2021-05-14,0.0,0.0,0.0,0.0,0.0,0.0,0.0,1.0,1.0,1.0,1.0,2.0,3.0,inferred
Maldon,2021-05-15,0.0,0.0,0.0,0.0,0.0,0.0,0.0,0.0,1.0,1.0,1.0,2.0,3.0,inferred
Maldon,2021-05-16,0.0,0.0,0.0,0.0,0.0,0.0,0.0,1.0,1.0,1.0,1.0,2.0,3.0,inferred
Maldon,2021-05-17,0.0,0.0,0.0,0.0,0.0,0.0,1.0,1.0,1.0,1.0,1.0,2.0,3.0,inferred
Maldon,2021-05-18,0.0,0.0,0.0,0.0,0.0,0.0,0.5,1.0,1.0,1.0,1.0,2.0,3.0,inferred
Maldon,2021-05-19,0.0,0.0,0.0,0.0,0.0,0.0,1.0,1.0,1.0,1.0,2.0,2.0,3.0,inferred
Maldon,2021-05-20,0.0,0.0,0.0,0.0,0.0,0.0,1.0,1.0,1.0,1.0,2.0,2.0,3.0,inferred
Maldon,2021-05-21,0.0,0.0,0.0,0.0,0.0,0.0,0.0,1.0,1.0,1.0,1.0,2.0,3.0,inferred
Maldon,2021-05-22,0.0,0.0,0.0,0.0,0.0,0.0,0.0,1.0,1.0,1.0,1.0,2.0,3.0,inferred
Maldon,2021-05-23,0.0,0.0,0.0,0.0,0.0,0.0,1.0,1.0,1.0,1.0,1.0,2.0,3.0,inferred
Maldon,2021-05-24,0.0,0.0,0.0,0.0,0.0,0.0,1.0,1.0,1.0,2.0,2.0,2.0,4.0,inferred
Maldon,2021-05-25,0.0,0.0,0.0,0.0,0.0,0.0,1.0,1.0,1.0,2.0,2.0,3.0,4.0,inferred
Maldon,2021-05-26,0.0,0.0,0.0,0.0,0.0,1.0,1.0,1.0,2.0,2.0,2.0,3.0,4.0,inferred
Maldon,2021-05-27,0.0,0.0,0.0,0.0,0.0,1.0,1.0,1.0,2.0,2.0,2.0,3.0,4.0,inferred
Maldon,2021-05-28,0.0,0.0,0.0,0.0,0.0,1.0,1.0,1.0,2.0,2.0,2.0,3.0,4.0,inferred
Maldon,2021-05-29,0.0,0.0,0.0,0.0,0.0,1.0,1.0,1.0,2.0,2.0,2.0,3.0,4.0,inferred
Maldon,2021-05-30,0.0,0.0,0.0,0.0,1.0,1.0,1.0,1.0,2.0,2.0,2.0,3.0,5.0,inferred
Maldon,2021-05-31,0.0,0.0,1.0,1.0,1.0,1.0,2.0,2.0,2.0,3.0,3.0,4.0,6.0,inferred
Maldon,2021-06-01,0.0,0.0,1.0,1.0,1.0,1.0,2.0,2.0,3.0,3.0,3.0,4.0,6.0,inferred
Maldon,2021-06-02,0.0,0.0,1.0,1.0,1.0,2.0,2.0,3.0,3.0,3.0,4.0,5.0,6.0,inferred
Maldon,2021-06-03,0.0,0.0,1.0,1.0,1.0,2.0,2.0,2.0,3.0,3.0,4.0,5.0,6.0,inferred
Maldon,2021-06-04,0.0,0.0,1.0,1.0,1.0,2.0,2.0,2.0,3.0,3.0,4.0,4.0,6.0,inferred
Maldon,2021-06-05,0.0,0.0,1.0,1.0,1.0,1.0,2.0,2.0,2.0,3.0,3.0,4.0,5.0,inferred
Maldon,2021-06-06,0.0,0.0,1.0,1.0,1.0,2.0,2.0,3.0,3.0,3.0,4.0,5.0,6.0,inferred
Maldon,2021-06-07,0.0,1.0,1.0,2.0,2.0,2.0,3.0,3.0,4.0,4.0,4.0,5.0,7.0,inferred
Maldon,2021-06-08,0.0,1.0,1.0,1.0,2.0,2.0,3.0,3.0,4.0,4.0,4.0,6.0,8.0,inferred
Maldon,2021-06-09,0.0,1.0,1.0,1.0,2.0,2.0,3.0,3.0,4.0,4.0,4.0,5.1,8.0,inferred
Maldon,2021-06-10,0.0,0.9,1.0,1.0,2.0,2.0,3.0,3.0,4.0,4.0,4.0,6.0,8.0,inferred
Maldon,2021-06-11,0.0,0.0,1.0,1.0,1.0,2.0,2.0,3.0,3.0,4.0,4.0,5.0,6.0,inferred
Maldon,2021-06-12,0.0,0.0,1.0,1.0,1.0,1.0,2.0,2.0,3.0,3.0,3.0,4.0,6.0,inferred
Maldon,2021-06-13,0.0,0.0,1.0,1.0,1.0,2.0,2.0,2.0,3.0,3.0,4.0,4.0,6.0,inferred
Maldon,2021-06-14,0.0,1.0,1.0,2.0,2.0,2.0,3.0,3.0,4.0,4.0,4.0,6.0,7.0,inferred
Maldon,2021-06-15,0.0,1.0,1.0,1.0,2.0,2.0,3.0,3.0,4.0,4.0,5.0,6.0,8.0,inferred
Maldon,2021-06-16,0.0,1.0,1.0,2.0,2.0,2.0,3.0,3.0,4.0,5.0,5.0,6.0,8.0,inferred
Maldon,2021-06-17,0.0,1.0,1.0,2.0,2.0,2.0,3.0,3.0,4.0,4.0,5.0,6.0,8.0,inferred
Maldon,2021-06-18,0.0,1.0,1.0,2.0,2.0,2.0,3.0,3.0,4.0,4.0,5.0,6.0,8.0,inferred
Malvern Hills,2021-03-06,1.0,2.0,3.0,3.0,4.0,4.0,5.0,6.0,6.0,7.0,7.0,8.0,11.0,inferred
Malvern Hills,2021-03-07,1.0,3.0,3.0,4.0,4.0,5.0,5.0,6.0,7.0,7.0,8.0,9.0,11.0,inferred
Malvern Hills,2021-03-08,1.5,3.0,4.0,4.0,5.0,6.0,6.0,7.0,8.0,8.0,9.0,10.0,12.0,inferred
Malvern Hills,2021-03-09,1.0,2.0,3.0,4.0,4.0,5.0,5.0,6.0,7.0,7.0,8.0,9.0,11.0,inferred
Malvern Hills,2021-03-10,1.0,2.0,3.0,4.0,4.0,5.0,5.0,6.0,7.0,7.0,7.0,9.0,11.0,inferred
Malvern Hills,2021-03-11,1.0,2.0,2.0,3.0,3.0,4.0,4.0,5.0,6.0,6.0,7.0,8.0,10.0,inferred
Malvern Hills,2021-03-12,0.0,1.0,2.0,2.0,3.0,3.0,4.0,4.0,5.0,5.0,6.0,7.0,9.0,inferred
Malvern Hills,2021-03-13,0.0,1.0,1.0,2.0,2.0,2.0,3.0,3.0,4.0,4.0,4.0,5.0,7.0,inferred
Malvern Hills,2021-03-14,0.0,1.0,2.0,2.0,2.0,2.0,3.0,4.0,4.0,4.0,5.0,6.0,8.0,inferred
Malvern Hills,2021-03-15,0.0,1.0,2.0,2.0,3.0,3.0,4.0,4.0,5.0,5.0,6.0,7.0,9.0,inferred
Malvern Hills,2021-03-16,0.0,1.0,2.0,2.0,2.0,3.0,3.0,4.0,5.0,5.0,5.0,7.0,8.0,inferred
Malvern Hills,2021-03-17,0.0,1.0,2.0,2.0,2.0,3.0,3.0,4.0,5.0,5.0,5.0,6.0,8.0,inferred
Malvern Hills,2021-03-18,0.0,1.0,1.0,2.0,2.0,3.0,3.0,3.0,4.0,4.0,5.0,6.0,7.0,inferred
Malvern Hills,2021-03-19,0.0,1.0,1.0,1.0,2.0,2.0,3.0,3.0,4.0,4.0,4.0,5.0,7.0,inferred
Malvern Hills,2021-03-20,0.0,0.0,1.0,1.0,1.0,2.0,2.0,2.0,3.0,3.0,3.0,4.0,6.0,inferred
Malvern Hills,2021-03-21,0.0,0.0,1.0,1.0,1.0,2.0,2.0,3.0,3.0,3.0,4.0,5.0,6.0,inferred
Malvern Hills,2021-03-22,0.0,1.0,1.0,2.0,2.0,2.0,3.0,3.0,4.0,4.0,4.0,5.0,7.0,inferred
Malvern Hills,2021-03-23,0.0,1.0,1.0,1.0,2.0,2.0,2.0,3.0,3.0,4.0,4.0,5.0,7.0,inferred
Malvern Hills,2021-03-24,0.0,0.0,1.0,1.0,2.0,2.0,2.0,3.0,3.0,4.0,4.0,5.0,7.0,inferred
Malvern Hills,2021-03-25,0.0,0.0,1.0,1.0,1.0,2.0,2.0,2.0,3.0,3.0,4.0,5.0,6.0,inferred
Malvern Hills,2021-03-26,0.0,0.0,1.0,1.0,1.0,1.0,2.0,2.0,2.0,3.0,3.0,4.0,5.0,inferred
Malvern Hills,2021-03-27,0.0,0.0,0.0,0.0,1.0,1.0,1.0,2.0,2.0,2.0,3.0,3.0,5.0,inferred
Malvern Hills,2021-03-28,0.0,0.0,0.0,1.0,1.0,1.0,1.0,2.0,2.0,2.0,3.0,3.0,5.0,inferred
Malvern Hills,2021-03-29,0.0,0.0,1.0,1.0,1.0,1.0,2.0,2.0,2.0,3.0,3.0,4.0,5.0,inferred
Malvern Hills,2021-03-30,0.0,0.0,0.0,1.0,1.0,1.0,1.0,2.0,2.0,2.0,3.0,4.0,5.0,inferred
Malvern Hills,2021-03-31,0.0,0.0,0.0,1.0,1.0,1.0,1.0,2.0,2.0,2.0,3.0,4.0,5.0,inferred
Malvern Hills,2021-04-01,0.0,0.0,0.0,0.0,1.0,1.0,1.0,2.0,2.0,2.0,2.0,3.0,5.0,inferred
Malvern Hills,2021-04-02,0.0,0.0,0.0,0.0,0.0,1.0,1.0,1.0,2.0,2.0,2.0,3.0,4.0,inferred
Malvern Hills,2021-04-03,0.0,0.0,0.0,0.0,0.0,0.0,1.0,1.0,1.0,1.0,2.0,2.0,4.0,inferred
Malvern Hills,2021-04-04,0.0,0.0,0.0,0.0,0.0,1.0,1.0,1.0,1.0,2.0,2.0,2.0,4.0,inferred
Malvern Hills,2021-04-05,0.0,0.0,0.0,0.0,0.0,1.0,1.0,1.0,2.0,2.0,2.0,3.0,4.0,inferred
Malvern Hills,2021-04-06,0.0,0.0,0.0,0.0,0.0,1.0,1.0,1.0,2.0,2.0,2.0,3.0,4.0,inferred
Malvern Hills,2021-04-07,0.0,0.0,0.0,0.0,0.0,1.0,1.0,1.0,2.0,2.0,2.0,3.0,4.0,inferred
Malvern Hills,2021-04-08,0.0,0.0,0.0,0.0,0.0,1.0,1.0,1.0,2.0,2.0,2.0,3.0,4.0,inferred
Malvern Hills,2021-04-09,0.0,0.0,0.0,0.0,0.0,0.0,1.0,1.0,1.0,2.0,2.0,2.0,4.0,inferred
Malvern Hills,2021-04-10,0.0,0.0,0.0,0.0,0.0,0.0,1.0,1.0,1.0,1.0,1.0,2.0,3.0,inferred
Malvern Hills,2021-04-11,0.0,0.0,0.0,0.0,0.0,0.0,1.0,1.0,1.0,1.0,2.0,2.0,4.0,inferred
Malvern Hills,2021-04-12,0.0,0.0,0.0,0.0,0.0,1.0,1.0,1.0,2.0,2.0,2.0,3.0,4.0,inferred
Malvern Hills,2021-04-13,0.0,0.0,0.0,0.0,0.0,1.0,1.0,1.0,2.0,2.0,2.0,3.0,4.0,inferred
Malvern Hills,2021-04-14,0.0,0.0,0.0,0.0,0.0,1.0,1.0,1.0,2.0,2.0,2.0,3.0,4.0,inferred
Malvern Hills,2021-04-15,0.0,0.0,0.0,0.0,0.0,1.0,1.0,1.0,1.0,2.0,2.0,3.0,4.0,inferred
Malvern Hills,2021-04-16,0.0,0.0,0.0,0.0,0.0,1.0,1.0,1.0,1.0,2.0,2.0,3.0,4.0,inferred
Malvern Hills,2021-04-17,0.0,0.0,0.0,0.0,0.0,0.0,1.0,1.0,1.0,1.0,2.0,2.0,3.0,inferred
Malvern Hills,2021-04-18,0.0,0.0,0.0,0.0,0.0,1.0,1.0,1.0,1.0,2.0,2.0,3.0,4.0,inferred
Malvern Hills,2021-04-19,0.0,0.0,0.0,0.0,1.0,1.0,1.0,1.0,2.0,2.0,2.0,3.0,4.0,inferred
Malvern Hills,2021-04-20,0.0,0.0,0.0,0.0,0.0,1.0,1.0,1.0,2.0,2.0,2.0,3.0,4.0,inferred
Malvern Hills,2021-04-21,0.0,0.0,0.0,0.0,0.0,1.0,1.0,1.0,2.0,2.0,2.0,3.0,4.0,inferred
Malvern Hills,2021-04-22,0.0,0.0,0.0,0.0,0.0,1.0,1.0,1.0,2.0,2.0,2.0,3.0,4.0,inferred
Malvern Hills,2021-04-23,0.0,0.0,0.0,0.0,0.0,1.0,1.0,1.0,2.0,2.0,2.0,3.0,4.0,inferred
Malvern Hills,2021-04-24,0.0,0.0,0.0,0.0,0.0,0.0,1.0,1.0,1.0,2.0,2.0,2.0,4.0,inferred
Malvern Hills,2021-04-25,0.0,0.0,0.0,0.0,0.0,1.0,1.0,1.0,1.0,2.0,2.0,3.0,4.0,inferred
Malvern Hills,2021-04-26,0.0,0.0,0.0,0.0,1.0,1.0,1.0,1.0,2.0,2.0,2.0,3.0,4.0,inferred
Malvern Hills,2021-04-27,0.0,0.0,0.0,0.0,0.0,1.0,1.0,1.0,2.0,2.0,2.0,3.0,4.0,inferred
Malvern Hills,2021-04-28,0.0,0.0,0.0,0.0,1.0,1.0,1.0,1.0,2.0,2.0,2.0,3.0,4.0,inferred
Malvern Hills,2021-04-29,0.0,0.0,0.0,0.0,0.0,1.0,1.0,1.0,2.0,2.0,2.0,3.0,4.0,inferred
Malvern Hills,2021-04-30,0.0,0.0,0.0,0.0,0.0,1.0,1.0,1.0,1.0,2.0,2.0,3.0,4.0,inferred
Malvern Hills,2021-05-01,0.0,0.0,0.0,0.0,0.0,0.0,1.0,1.0,1.0,1.0,2.0,2.0,3.0,inferred
Malvern Hills,2021-05-02,0.0,0.0,0.0,0.0,0.0,0.0,1.0,1.0,1.0,1.0,2.0,2.0,3.0,inferred
Malvern Hills,2021-05-03,0.0,0.0,0.0,0.0,0.0,1.0,1.0,1.0,2.0,2.0,2.0,3.0,4.0,inferred
Malvern Hills,2021-05-04,0.0,0.0,0.0,0.0,0.0,1.0,1.0,1.0,2.0,2.0,2.0,3.0,4.0,inferred
Malvern Hills,2021-05-05,0.0,0.0,0.0,0.0,0.0,1.0,1.0,1.0,2.0,2.0,2.0,3.0,5.0,inferred
Malvern Hills,2021-05-06,0.0,0.0,0.0,0.0,0.0,1.0,1.0,1.0,2.0,2.0,2.0,3.0,4.0,inferred
Malvern Hills,2021-05-07,0.0,0.0,0.0,0.0,0.0,1.0,1.0,1.0,1.0,2.0,2.0,3.0,4.0,inferred
Malvern Hills,2021-05-08,0.0,0.0,0.0,0.0,0.0,0.0,1.0,1.0,1.0,1.0,2.0,2.0,3.0,inferred
Malvern Hills,2021-05-09,0.0,0.0,0.0,0.0,0.0,1.0,1.0,1.0,2.0,2.0,2.0,3.0,4.0,inferred
Malvern Hills,2021-05-10,0.0,0.0,0.0,0.0,1.0,1.0,1.0,1.0,2.0,2.0,2.0,3.0,5.0,inferred
Malvern Hills,2021-05-11,0.0,0.0,0.0,0.0,1.0,1.0,1.0,2.0,2.0,2.0,3.0,3.0,5.0,inferred
Malvern Hills,2021-05-12,0.0,0.0,0.0,1.0,1.0,1.0,1.0,2.0,2.0,2.0,3.0,4.0,5.0,inferred
Malvern Hills,2021-05-13,0.0,0.0,0.0,0.0,1.0,1.0,1.0,2.0,2.0,2.0,3.0,3.0,5.0,inferred
Malvern Hills,2021-05-14,0.0,0.0,0.0,0.0,1.0,1.0,1.0,1.0,2.0,2.0,2.0,3.0,4.0,inferred
Malvern Hills,2021-05-15,0.0,0.0,0.0,0.0,0.0,1.0,1.0,1.0,2.0,2.0,2.0,3.0,4.0,inferred
Malvern Hills,2021-05-16,0.0,0.0,0.0,0.0,1.0,1.0,1.0,1.0,2.0,2.0,2.0,3.0,4.0,inferred
Malvern Hills,2021-05-17,0.0,0.0,0.0,1.0,1.0,1.0,1.0,2.0,2.0,3.0,3.0,4.0,5.0,inferred
Malvern Hills,2021-05-18,0.0,0.0,0.0,1.0,1.0,1.0,2.0,2.0,2.0,3.0,3.0,4.0,5.0,inferred
Malvern Hills,2021-05-19,0.0,0.0,1.0,1.0,1.0,1.0,2.0,2.0,2.0,3.0,3.0,4.0,5.0,inferred
Malvern Hills,2021-05-20,0.0,0.0,0.0,1.0,1.0,1.0,1.0,2.0,2.0,2.0,3.0,4.0,5.0,inferred
Malvern Hills,2021-05-21,0.0,0.0,0.0,1.0,1.0,1.0,1.0,2.0,2.0,2.0,3.0,4.0,5.0,inferred
Malvern Hills,2021-05-22,0.0,0.0,0.0,0.0,0.0,1.0,1.0,1.0,2.0,2.0,2.0,3.0,4.0,inferred
Malvern Hills,2021-05-23,0.0,0.0,0.0,0.0,1.0,1.0,1.0,2.0,2.0,2.0,2.0,3.0,5.0,inferred
Malvern Hills,2021-05-24,0.0,0.0,0.0,1.0,1.0,1.0,2.0,2.0,2.0,3.0,3.0,4.0,5.0,inferred
Malvern Hills,2021-05-25,0.0,0.0,0.0,1.0,1.0,1.0,1.0,2.0,2.0,2.0,3.0,4.0,5.0,inferred
Malvern Hills,2021-05-26,0.0,0.0,1.0,1.0,1.0,1.0,2.0,2.0,2.0,3.0,3.0,4.0,5.0,inferred
Malvern Hills,2021-05-27,0.0,0.0,0.0,1.0,1.0,1.0,1.0,2.0,2.0,3.0,3.0,4.0,5.0,inferred
Malvern Hills,2021-05-28,0.0,0.0,0.0,0.0,1.0,1.0,1.0,2.0,2.0,2.0,2.0,3.0,5.0,inferred
Malvern Hills,2021-05-29,0.0,0.0,0.0,0.0,0.0,1.0,1.0,1.0,2.0,2.0,2.0,3.0,4.0,inferred
Malvern Hills,2021-05-30,0.0,0.0,0.0,0.0,1.0,1.0,1.0,1.0,2.0,2.0,2.0,3.0,4.0,inferred
Malvern Hills,2021-05-31,0.0,0.0,0.0,1.0,1.0,1.0,2.0,2.0,2.0,3.0,3.0,4.0,5.0,inferred
Malvern Hills,2021-06-01,0.0,0.0,0.0,1.0,1.0,1.0,1.0,2.0,2.0,2.0,3.0,4.0,5.0,inferred
Malvern Hills,2021-06-02,0.0,0.0,1.0,1.0,1.0,1.0,2.0,2.0,2.0,3.0,3.0,4.0,5.0,inferred
Malvern Hills,2021-06-03,0.0,0.0,0.0,1.0,1.0,1.0,1.0,2.0,2.0,2.0,3.0,4.0,5.0,inferred
Malvern Hills,2021-06-04,0.0,0.0,0.0,0.0,1.0,1.0,1.0,2.0,2.0,2.0,2.0,3.0,4.0,inferred
Malvern Hills,2021-06-05,0.0,0.0,0.0,0.0,0.0,1.0,1.0,1.0,2.0,2.0,2.0,3.0,4.0,inferred
Malvern Hills,2021-06-06,0.0,0.0,0.0,0.0,1.0,1.0,1.0,2.0,2.0,2.0,3.0,3.0,5.0,inferred
Malvern Hills,2021-06-07,0.0,0.0,1.0,1.0,1.0,1.0,2.0,2.0,3.0,3.0,3.0,4.0,6.0,inferred
Malvern Hills,2021-06-08,0.0,0.0,1.0,1.0,1.0,1.0,2.0,2.0,3.0,3.0,3.0,4.0,6.0,inferred
Malvern Hills,2021-06-09,0.0,0.0,1.0,1.0,1.0,2.0,2.0,2.0,3.0,3.0,4.0,4.0,6.0,inferred
Malvern Hills,2021-06-10,0.0,0.0,1.0,1.0,1.0,2.0,2.0,2.4,3.0,3.0,4.0,5.0,6.0,inferred
Malvern Hills,2021-06-11,0.0,0.0,1.0,1.0,1.0,2.0,2.0,2.0,3.0,3.0,4.0,5.0,6.0,inferred
Malvern Hills,2021-06-12,0.0,0.0,1.0,1.0,1.0,1.0,2.0,2.0,3.0,3.0,3.0,4.0,6.0,inferred
Malvern Hills,2021-06-13,0.0,0.0,1.0,1.0,1.0,2.0,2.0,3.0,3.0,3.0,4.0,5.0,7.0,inferred
Malvern Hills,2021-06-14,0.0,1.0,2.0,2.0,2.0,3.0,3.0,4.0,4.0,5.0,5.0,6.0,8.0,inferred
Malvern Hills,2021-06-15,0.0,1.0,2.0,2.0,2.0,3.0,3.0,4.0,4.0,5.0,5.0,6.0,8.5,inferred
Malvern Hills,2021-06-16,0.0,1.0,2.0,2.0,2.7,3.0,4.0,4.0,5.0,5.0,6.0,7.0,10.0,inferred
Malvern Hills,2021-06-17,0.0,1.0,2.0,2.0,2.0,3.0,4.0,4.0,5.0,5.0,6.0,7.0,9.0,inferred
Malvern Hills,2021-06-18,0.0,1.0,2.0,2.0,2.0,3.0,3.0,4.0,5.0,5.0,5.0,7.0,8.0,inferred
Manchester,2021-03-06,35.0,41.0,45.0,46.0,48.0,50.0,53.0,55.0,58.0,59.0,61.0,65.0,73.0,inferred
Manchester,2021-03-07,44.0,50.0,54.0,56.0,57.0,60.0,62.0,65.0,67.3,69.0,71.0,76.0,84.0,inferred
Manchester,2021-03-08,59.0,66.0,72.0,74.0,75.0,78.0,81.0,84.0,87.0,89.0,91.0,96.1,105.0,inferred
Manchester,2021-03-09,62.0,67.0,71.0,73.0,75.0,78.0,81.0,84.0,87.0,89.0,91.0,97.0,104.0,inferred
Manchester,2021-03-10,61.0,68.0,73.0,75.0,76.0,79.0,83.0,85.0,89.0,90.2,92.2,98.0,108.0,inferred
Manchester,2021-03-11,58.0,64.0,69.0,71.0,72.0,76.0,78.0,81.0,84.0,86.0,88.0,93.0,100.0,inferred
Manchester,2021-03-12,50.0,56.0,61.0,63.0,64.0,67.0,70.0,72.4,75.0,77.0,79.0,84.0,92.0,inferred
Manchester,2021-03-13,38.0,44.0,48.0,49.0,50.0,53.0,55.0,58.0,61.0,62.0,64.0,69.0,77.0,inferred
Manchester,2021-03-14,43.0,51.0,55.0,57.0,58.0,61.0,64.0,66.0,69.0,71.0,73.0,78.0,86.0,inferred
Manchester,2021-03-15,60.0,67.0,72.0,74.0,76.0,80.0,83.0,86.0,89.0,91.0,93.0,98.0,107.0,inferred
Manchester,2021-03-16,59.0,66.0,72.0,73.8,75.0,79.0,82.0,85.0,88.0,90.0,92.0,98.0,107.5,inferred
Manchester,2021-03-17,60.0,67.0,73.0,75.0,76.0,80.0,83.0,87.0,91.0,93.0,94.0,100.0,109.0,inferred
Manchester,2021-03-18,57.5,64.0,69.0,71.0,73.0,76.0,80.0,83.0,87.0,88.0,90.2,95.0,105.0,inferred
Manchester,2021-03-19,50.0,57.0,62.0,64.0,66.0,69.0,72.0,75.0,78.0,80.0,81.0,86.0,94.0,inferred
Manchester,2021-03-20,39.0,44.0,49.0,51.0,52.0,55.0,57.0,60.0,63.0,64.2,66.0,71.0,79.5,inferred
Manchester,2021-03-21,47.0,54.0,58.0,60.0,62.0,65.0,67.0,70.0,73.0,75.0,77.0,82.0,89.0,inferred
Manchester,2021-03-22,65.0,71.0,76.0,78.0,80.0,83.0,86.0,89.0,93.0,95.0,97.0,104.0,113.0,inferred
Manchester,2021-03-23,62.0,69.0,74.0,76.0,78.0,81.0,85.0,88.0,91.3,94.0,96.0,100.0,110.0,inferred
Manchester,2021-03-24,60.0,67.0,72.0,74.0,77.0,80.0,83.0,86.0,89.0,91.0,94.0,99.0,109.0,inferred
Manchester,2021-03-25,53.0,61.0,66.0,69.0,70.0,73.0,76.0,79.0,82.0,84.0,86.0,91.1,102.0,inferred
Manchester,2021-03-26,46.5,52.0,56.0,58.0,59.0,62.0,64.5,67.0,70.0,72.0,74.0,79.0,87.0,inferred
Manchester,2021-03-27,33.0,39.0,43.0,44.0,45.0,48.0,50.0,52.0,55.0,56.0,58.0,62.0,69.5,inferred
Manchester,2021-03-28,37.0,43.0,47.0,49.0,50.0,53.0,56.0,58.0,61.0,63.0,64.0,69.0,78.0,inferred
Manchester,2021-03-29,48.0,54.0,59.0,61.0,62.0,65.0,68.0,71.0,75.0,76.0,78.0,83.0,91.0,inferred
Manchester,2021-03-30,45.0,51.0,56.0,57.0,59.0,61.0,64.0,67.0,70.0,72.0,74.0,80.0,87.0,inferred
Manchester,2021-03-31,43.0,49.0,53.8,55.0,57.0,59.0,62.0,64.0,67.0,69.0,71.0,77.0,84.0,inferred
Manchester,2021-04-01,37.0,44.0,47.0,49.0,50.0,53.0,55.0,58.0,61.0,63.0,65.0,69.0,77.0,inferred
Manchester,2021-04-02,31.0,37.0,40.0,42.0,43.0,45.0,48.0,50.0,52.0,54.0,56.0,60.0,68.0,inferred
Manchester,2021-04-03,21.0,26.0,29.0,30.0,31.0,33.0,35.0,37.0,40.0,41.0,42.0,46.0,53.0,inferred
Manchester,2021-04-04,24.0,28.0,32.0,33.0,34.0,37.0,39.0,41.0,43.0,45.0,46.0,51.0,56.0,inferred
Manchester,2021-04-05,31.0,37.0,40.0,42.0,43.0,45.0,48.0,51.0,53.0,54.0,56.0,60.0,68.0,inferred
Manchester,2021-04-06,30.0,35.0,39.0,40.0,42.0,44.0,46.0,49.0,51.0,53.0,54.0,59.0,66.0,inferred
Manchester,2021-04-07,31.0,36.0,39.0,41.0,42.0,45.0,47.0,49.0,51.0,53.0,55.0,59.0,66.5,inferred
Manchester,2021-04-08,28.0,33.0,37.0,38.0,39.0,41.0,43.0,46.0,48.0,49.0,51.0,56.0,63.0,inferred
Manchester,2021-04-09,24.5,29.0,32.0,33.0,35.0,37.0,39.0,41.0,43.0,44.0,46.0,49.0,55.0,inferred
Manchester,2021-04-10,17.0,22.0,24.0,25.0,26.0,28.0,30.0,32.0,34.0,35.0,36.0,40.0,47.0,inferred
Manchester,2021-04-11,20.0,25.0,28.0,29.0,30.0,32.0,34.0,36.0,38.0,39.0,41.0,44.0,51.0,inferred
Manchester,2021-04-12,28.0,32.0,36.0,37.0,39.0,41.0,43.0,45.0,47.0,49.0,50.2,55.0,62.5,inferred
Manchester,2021-04-13,26.0,31.0,34.0,36.0,37.0,39.0,42.0,44.0,47.0,48.0,49.0,53.0,59.5,inferred
Manchester,2021-04-14,27.0,31.0,35.0,36.0,37.0,39.0,41.0,44.0,46.0,47.0,49.0,53.0,60.0,inferred
Manchester,2021-04-15,24.0,29.0,32.0,33.0,34.0,37.0,39.0,41.0,43.0,44.2,46.0,50.0,57.0,inferred
Manchester,2021-04-16,21.0,25.0,27.0,28.0,29.0,31.0,33.0,35.0,37.0,39.0,40.0,43.0,50.0,inferred
Manchester,2021-04-17,14.0,18.0,20.0,21.0,22.0,24.0,26.0,27.0,29.0,30.0,32.0,35.0,40.0,inferred
Manchester,2021-04-18,18.0,21.0,24.0,25.0,26.0,28.0,30.0,32.0,34.0,35.0,36.0,39.0,46.0,inferred
Manchester,2021-04-19,23.0,27.0,31.0,32.0,33.0,35.0,37.0,39.0,41.0,43.0,44.0,48.0,55.0,inferred
Manchester,2021-04-20,22.0,26.0,30.0,31.0,32.0,34.0,36.0,39.0,41.0,43.0,44.0,48.0,52.5,inferred
Manchester,2021-04-21,21.0,25.0,29.0,30.0,31.0,33.0,35.0,37.0,40.0,41.0,42.0,46.0,52.0,inferred
Manchester,2021-04-22,19.0,23.0,26.0,28.0,28.7,30.6,33.0,35.0,37.0,38.0,40.0,44.0,50.0,inferred
Manchester,2021-04-23,17.0,21.0,23.0,24.0,25.0,27.0,29.0,30.0,32.0,33.0,35.0,38.0,44.0,inferred
Manchester,2021-04-24,12.0,15.0,17.0,18.0,19.0,20.0,22.0,24.0,26.0,27.0,28.0,31.0,35.0,inferred
Manchester,2021-04-25,14.0,17.0,20.0,21.0,21.0,23.0,25.0,26.0,28.0,29.2,31.0,34.1,40.0,inferred
Manchester,2021-04-26,18.5,23.0,26.0,27.0,28.0,30.0,32.0,34.0,36.0,37.0,38.0,42.0,48.0,inferred
Manchester,2021-04-27,18.0,22.0,25.0,26.0,27.0,29.0,31.0,33.0,35.0,36.0,38.0,42.0,48.5,inferred
Manchester,2021-04-28,18.0,22.0,25.0,26.0,27.0,29.0,31.0,33.0,35.0,36.0,38.0,41.0,48.0,inferred
Manchester,2021-04-29,17.5,21.0,24.0,25.0,26.0,28.0,30.0,32.0,34.0,35.0,37.0,40.0,45.0,inferred
Manchester,2021-04-30,15.0,19.0,22.0,23.0,23.0,25.0,27.0,29.0,31.0,32.0,33.0,37.0,42.0,inferred
Manchester,2021-05-01,11.0,14.0,16.0,17.0,18.0,20.0,21.0,23.0,25.0,26.0,27.0,29.0,34.0,inferred
Manchester,2021-05-02,13.0,17.0,20.0,21.0,21.0,23.0,25.0,26.0,28.0,29.0,30.0,33.0,39.0,inferred
Manchester,2021-05-03,19.0,23.0,26.0,27.0,28.0,30.0,32.0,34.0,36.0,37.0,39.0,42.0,48.0,inferred
Manchester,2021-05-04,18.0,23.0,26.0,27.0,28.0,30.0,32.0,34.0,36.0,37.0,39.0,43.0,49.0,inferred
Manchester,2021-05-05,19.0,24.0,27.0,28.0,29.0,31.0,33.0,35.0,37.3,39.0,40.0,43.0,50.0,inferred
Manchester,2021-05-06,19.0,24.0,27.0,28.0,29.0,30.0,32.0,34.0,37.0,38.0,39.0,42.0,49.0,inferred
Manchester,2021-05-07,17.0,21.0,24.0,25.0,26.0,28.0,29.0,32.0,33.0,34.0,36.0,40.0,44.5,inferred
Manchester,2021-05-08,13.0,17.0,19.0,20.0,21.0,22.0,24.0,26.0,27.0,29.0,30.0,33.0,38.0,inferred
Manchester,2021-05-09,16.0,20.0,23.0,24.0,24.0,26.0,28.0,30.0,32.0,33.0,34.0,38.0,44.0,inferred
Manchester,2021-05-10,22.0,27.0,31.0,32.0,33.0,35.0,37.0,39.0,41.0,43.0,44.0,48.0,55.0,inferred
Manchester,2021-05-11,23.0,27.0,31.0,32.0,33.0,35.0,37.0,40.0,42.0,43.0,44.0,49.0,55.0,inferred
Manchester,2021-05-12,24.0,29.0,32.0,34.0,35.0,38.0,40.0,42.0,44.0,45.0,47.0,51.0,58.5,inferred
Manchester,2021-05-13,24.0,29.0,32.0,33.0,35.0,37.0,39.0,41.0,43.0,44.0,46.0,50.0,57.0,inferred
Manchester,2021-05-14,22.0,26.0,29.0,30.0,31.0,33.0,35.0,37.0,39.0,40.0,42.0,46.0,52.0,inferred
Manchester,2021-05-15,16.5,20.0,23.0,24.0,25.0,27.0,29.0,31.0,33.0,34.0,35.0,39.0,44.5,inferred
Manchester,2021-05-16,22.0,26.0,29.0,30.0,31.0,33.0,35.0,37.0,40.0,41.0,42.0,46.0,54.0,inferred
Manchester,2021-05-17,30.0,36.0,40.0,41.0,43.0,45.0,48.0,50.0,53.0,54.0,56.0,61.0,68.5,inferred
Manchester,2021-05-18,34.0,39.0,43.0,45.0,46.0,48.0,51.0,53.0,55.0,57.0,59.0,63.0,70.0,inferred
Manchester,2021-05-19,37.0,43.0,47.0,49.0,50.0,53.0,56.0,58.0,61.0,63.0,64.0,69.0,77.0,inferred
Manchester,2021-05-20,40.0,45.0,49.0,51.0,53.0,55.0,58.0,60.0,63.0,65.0,67.0,72.0,79.0,inferred
Manchester,2021-05-21,39.5,45.0,49.0,50.0,51.0,54.0,56.0,59.0,61.0,63.0,65.0,70.0,78.0,inferred
Manchester,2021-05-22,32.0,37.0,41.0,43.0,44.0,47.0,49.0,51.0,53.0,55.0,57.0,62.0,69.0,inferred
Manchester,2021-05-23,43.0,49.0,53.0,55.0,56.0,59.0,61.0,64.0,67.0,69.0,70.0,75.0,81.5,inferred
Manchester,2021-05-24,63.5,71.0,77.0,78.0,80.0,83.0,87.0,90.0,94.0,96.0,98.0,104.0,115.0,inferred
Manchester,2021-05-25,71.0,79.0,84.0,86.0,88.0,91.0,95.0,99.0,102.3,105.0,107.0,114.0,123.0,inferred
Manchester,2021-05-26,81.0,90.0,95.0,97.0,99.0,103.0,106.0,109.0,113.0,116.0,118.2,125.0,135.0,inferred
Manchester,2021-05-27,87.0,96.0,101.0,104.0,106.0,110.0,113.0,117.0,121.0,123.0,125.0,132.1,144.0,inferred
Manchester,2021-05-28,88.0,96.0,101.0,104.0,106.0,109.0,112.0,116.0,121.0,122.0,125.0,132.0,143.0,inferred
Manchester,2021-05-29,76.0,83.0,88.0,90.0,92.0,96.0,100.0,103.0,106.0,108.0,110.0,116.0,126.0,inferred
Manchester,2021-05-30,100.0,109.0,115.0,117.0,120.0,124.0,128.0,131.0,136.0,138.0,141.0,149.0,159.0,inferred
Manchester,2021-05-31,146.5,158.0,166.0,169.0,172.0,177.6,182.0,186.0,191.0,194.0,198.0,206.0,220.0,inferred
Manchester,2021-06-01,162.0,172.0,180.0,183.0,186.0,190.0,195.0,201.0,207.0,210.0,214.0,222.0,238.0,inferred
Manchester,2021-06-02,174.0,185.0,193.0,196.0,199.0,204.0,208.0,213.0,219.0,222.0,226.0,235.0,251.0,inferred
Manchester,2021-06-03,174.0,186.0,194.0,198.0,201.0,206.0,211.0,215.0,221.0,224.0,227.0,237.0,254.0,inferred
Manchester,2021-06-04,161.0,173.0,181.0,185.0,187.0,192.0,196.0,201.0,206.0,209.0,212.0,221.0,235.0,inferred
Manchester,2021-06-05,134.0,144.0,152.0,154.0,156.0,161.0,166.0,170.0,175.0,177.0,180.0,188.0,199.0,inferred
Manchester,2021-06-06,167.5,179.0,186.0,190.0,192.7,197.0,202.0,207.0,213.0,216.0,220.0,228.0,243.5,inferred
Manchester,2021-06-07,229.5,246.0,256.0,260.0,262.0,269.0,275.0,281.0,287.0,290.0,294.0,305.0,319.0,inferred
Manchester,2021-06-08,238.5,254.0,264.0,268.0,271.0,277.0,283.0,288.0,296.0,299.0,303.0,315.0,331.0,inferred
Manchester,2021-06-09,247.0,261.0,270.0,275.0,278.0,285.0,291.5,298.0,303.0,308.0,312.0,323.0,341.0,inferred
Manchester,2021-06-10,239.0,255.0,265.0,268.0,271.0,276.0,282.0,288.0,293.0,297.0,301.0,312.0,327.5,inferred
Manchester,2021-06-11,215.0,229.0,237.0,240.0,243.0,249.0,254.0,260.0,266.0,269.0,273.0,282.0,297.5,inferred
Manchester,2021-06-12,169.0,181.0,189.0,192.0,195.0,201.0,205.0,210.0,216.0,219.0,222.0,232.0,247.0,inferred
Manchester,2021-06-13,200.5,214.9,224.0,228.0,231.0,236.0,242.0,247.0,253.0,256.0,260.0,271.0,285.0,inferred
Manchester,2021-06-14,271.0,285.0,296.0,300.0,303.0,310.0,318.0,325.0,332.0,335.0,340.0,351.1,371.0,inferred
Manchester,2021-06-15,272.5,291.0,302.0,307.0,310.0,317.0,323.0,330.0,336.0,340.0,344.0,358.0,377.5,inferred
Manchester,2021-06-16,284.0,302.0,313.0,318.0,321.0,328.0,334.0,341.0,349.0,352.0,356.0,369.0,392.5,inferred
Manchester,2021-06-17,277.0,293.0,305.0,308.0,312.0,318.0,326.0,333.0,341.0,344.0,350.0,361.0,378.5,inferred
Manchester,2021-06-18,248.0,263.0,275.0,280.0,285.0,292.0,299.0,306.0,312.0,317.0,322.0,334.0,353.5,inferred
Mansfield,2021-03-06,4.0,6.0,7.0,8.0,8.0,9.0,10.0,11.0,12.0,13.0,14.0,16.0,19.0,inferred
Mansfield,2021-03-07,5.0,7.0,8.0,9.0,9.0,11.0,12.0,13.0,14.0,15.0,15.0,18.0,21.0,inferred
Mansfield,2021-03-08,6.0,9.0,10.0,11.0,12.0,13.0,14.0,16.0,17.0,18.0,18.0,21.0,24.0,inferred
Mansfield,2021-03-09,6.0,8.0,10.0,11.0,11.0,13.0,14.0,15.0,16.0,17.0,17.0,20.0,24.0,inferred
Mansfield,2021-03-10,6.0,9.0,11.0,11.0,12.0,13.0,14.0,15.0,17.0,17.0,18.0,21.0,25.0,inferred
Mansfield,2021-03-11,5.0,8.0,9.0,10.0,11.0,12.0,13.0,14.0,16.0,17.0,17.0,20.0,24.0,inferred
Mansfield,2021-03-12,4.5,7.0,9.0,9.0,10.0,11.0,12.0,13.0,14.0,15.0,16.0,18.0,22.0,inferred
Mansfield,2021-03-13,3.0,5.0,7.0,8.0,8.0,9.0,10.0,11.0,12.0,13.0,13.0,15.0,19.0,inferred
Mansfield,2021-03-14,4.0,6.0,8.0,9.0,9.0,10.0,11.0,13.0,14.0,15.0,16.0,18.0,21.0,inferred
Mansfield,2021-03-15,7.0,9.0,11.0,12.0,12.0,14.0,15.0,16.0,18.0,19.0,20.0,22.0,26.0,inferred
Mansfield,2021-03-16,6.0,9.0,11.0,11.0,12.0,13.0,15.0,16.0,17.0,18.0,19.0,22.0,26.0,inferred
Mansfield,2021-03-17,7.0,10.0,12.0,13.0,13.0,15.0,16.0,17.0,19.0,19.0,20.0,23.0,28.0,inferred
Mansfield,2021-03-18,6.0,9.0,11.0,11.0,12.0,13.0,14.0,16.0,17.0,18.0,19.0,21.0,25.0,inferred
Mansfield,2021-03-19,6.0,8.0,10.0,11.0,11.0,12.0,14.0,15.0,16.0,17.0,18.0,20.0,23.0,inferred
Mansfield,2021-03-20,4.0,6.0,8.0,8.0,9.0,10.0,11.0,12.0,13.0,14.0,15.0,17.0,21.0,inferred
Mansfield,2021-03-21,6.0,8.0,9.0,10.0,11.0,12.0,13.0,14.0,16.0,16.0,17.0,19.0,23.0,inferred
Mansfield,2021-03-22,8.0,11.0,13.0,13.0,14.0,16.0,17.0,18.0,20.0,20.0,21.0,24.0,29.0,inferred
Mansfield,2021-03-23,7.0,10.0,12.0,13.0,13.0,15.0,16.0,18.0,19.0,20.0,21.0,23.0,28.0,inferred
Mansfield,2021-03-24,7.5,11.0,13.0,14.0,14.0,16.0,17.0,18.0,20.0,21.0,22.0,24.0,28.0,inferred
Mansfield,2021-03-25,7.0,9.0,11.0,12.0,12.0,13.0,15.0,16.0,18.0,18.0,19.0,22.0,26.0,inferred
Mansfield,2021-03-26,6.0,8.0,10.0,11.0,11.0,12.0,14.0,15.0,16.0,17.0,18.0,20.0,25.0,inferred
Mansfield,2021-03-27,4.0,6.0,8.0,8.0,9.0,10.0,11.0,12.0,13.0,14.0,14.0,17.0,21.0,inferred
Mansfield,2021-03-28,5.0,7.0,9.0,10.0,10.0,11.0,13.0,14.0,15.0,16.0,17.0,19.0,23.0,inferred
Mansfield,2021-03-29,7.0,10.0,12.0,13.0,13.0,15.0,16.0,17.0,19.0,20.0,21.0,23.0,27.0,inferred
Mansfield,2021-03-30,7.0,9.0,11.0,12.0,13.0,14.0,16.0,17.0,18.0,19.0,20.0,23.0,28.0,inferred
Mansfield,2021-03-31,8.0,11.0,12.0,13.0,14.0,15.0,16.0,18.0,19.0,20.0,21.0,24.0,27.0,inferred
Mansfield,2021-04-01,7.0,9.0,11.0,11.0,12.0,13.0,15.0,16.0,17.0,18.0,19.0,21.0,25.0,inferred
Mansfield,2021-04-02,6.0,8.0,9.0,10.0,11.0,12.0,13.0,14.0,16.0,16.0,17.0,19.0,24.0,inferred
Mansfield,2021-04-03,4.0,6.0,7.0,8.0,8.0,9.0,10.0,11.0,12.0,13.0,14.0,16.0,19.0,inferred
Mansfield,2021-04-04,4.0,7.0,8.0,9.0,10.0,11.0,12.0,13.0,14.0,15.0,16.0,18.0,22.0,inferred
Mansfield,2021-04-05,7.0,9.0,11.0,12.0,12.0,13.0,15.0,16.0,18.0,18.0,19.0,22.0,26.0,inferred
Mansfield,2021-04-06,6.0,8.0,10.0,11.0,11.0,13.0,14.0,15.0,16.0,17.0,18.0,20.0,24.0,inferred
Mansfield,2021-04-07,5.0,8.0,10.0,11.0,11.0,13.0,14.0,15.0,17.0,17.0,18.0,21.0,25.0,inferred
Mansfield,2021-04-08,4.0,7.0,8.0,9.0,9.0,10.0,12.0,13.0,14.0,15.0,16.0,18.0,21.0,inferred
Mansfield,2021-04-09,3.0,5.0,7.0,8.0,8.0,9.0,10.0,11.0,12.0,13.0,14.0,16.0,19.0,inferred
Mansfield,2021-04-10,2.0,4.0,5.0,5.0,6.0,7.0,7.0,8.0,9.0,10.0,11.0,13.0,16.0,inferred
Mansfield,2021-04-11,3.0,4.0,6.0,6.0,7.0,7.0,8.0,9.0,10.0,11.0,12.0,13.0,16.0,inferred
Mansfield,2021-04-12,4.0,6.0,7.0,7.0,8.0,9.0,10.0,11.0,12.0,13.0,13.0,15.0,19.0,inferred
Mansfield,2021-04-13,3.0,5.0,6.0,7.0,7.0,8.0,9.0,10.0,11.0,12.0,13.0,15.0,17.0,inferred
Mansfield,2021-04-14,3.0,5.0,6.0,7.0,7.0,8.0,9.0,10.0,11.0,12.0,13.0,15.0,18.0,inferred
Mansfield,2021-04-15,2.0,4.0,5.0,6.0,6.0,7.0,8.0,9.0,10.0,10.2,11.0,13.0,16.0,inferred
Mansfield,2021-04-16,2.0,3.0,4.0,5.0,5.0,6.0,7.0,8.0,9.0,9.0,10.0,12.0,15.0,inferred
Mansfield,2021-04-17,1.0,2.0,3.0,3.0,4.0,4.0,5.0,6.0,6.3,7.0,8.0,9.0,12.0,inferred
Mansfield,2021-04-18,1.0,2.0,3.0,4.0,4.0,5.0,6.0,7.0,8.0,8.0,9.0,10.0,13.0,inferred
Mansfield,2021-04-19,2.0,3.0,4.0,5.0,5.0,6.0,7.0,8.0,9.0,9.0,10.0,12.0,16.0,inferred
Mansfield,2021-04-20,2.0,3.0,4.0,4.0,5.0,6.0,7.0,7.0,8.0,9.0,10.0,11.1,15.0,inferred
Mansfield,2021-04-21,1.0,3.0,4.0,5.0,5.0,6.0,7.0,8.0,9.0,9.0,10.0,12.0,15.0,inferred
Mansfield,2021-04-22,1.0,3.0,4.0,4.0,4.0,5.0,6.0,7.0,8.0,8.0,9.0,11.0,14.0,inferred
Mansfield,2021-04-23,1.0,2.0,3.0,3.0,4.0,5.0,5.0,6.0,7.0,7.0,8.0,10.0,12.0,inferred
Mansfield,2021-04-24,0.0,1.0,2.0,2.0,3.0,3.0,4.0,4.0,5.0,6.0,6.0,8.0,10.0,inferred
Mansfield,2021-04-25,0.0,1.0,2.0,3.0,3.0,4.0,4.0,5.0,6.0,6.0,7.0,8.0,11.0,inferred
Mansfield,2021-04-26,1.0,2.0,3.0,4.0,4.0,5.0,6.0,6.0,7.0,8.0,9.0,10.0,13.0,inferred
Mansfield,2021-04-27,1.0,2.0,3.0,3.0,4.0,5.0,5.0,6.0,7.0,7.0,8.0,10.0,13.0,inferred
Mansfield,2021-04-28,1.0,2.0,3.0,4.0,4.0,4.0,5.0,6.0,7.0,7.0,8.0,9.0,13.0,inferred
Mansfield,2021-04-29,1.0,2.0,3.0,3.0,3.0,4.0,4.0,5.0,6.0,7.0,7.0,9.0,11.0,inferred
Mansfield,2021-04-30,0.0,1.0,2.0,2.0,3.0,3.0,4.0,5.0,5.0,6.0,6.0,8.0,10.0,inferred
Mansfield,2021-05-01,0.0,1.0,1.0,2.0,2.0,3.0,3.0,4.0,4.0,5.0,5.0,6.0,9.0,inferred
Mansfield,2021-05-02,0.0,1.0,2.0,2.0,2.0,3.0,3.0,4.0,5.0,5.0,6.0,7.0,10.0,inferred
Mansfield,2021-05-03,1.0,1.0,2.0,3.0,3.0,4.0,4.0,5.0,6.0,6.0,7.0,8.0,11.0,inferred
Mansfield,2021-05-04,0.0,1.0,2.0,2.0,3.0,3.0,4.0,5.0,6.0,6.0,7.0,8.0,11.0,inferred
Mansfield,2021-05-05,0.0,1.0,2.0,3.0,3.0,4.0,4.0,5.0,6.0,6.0,7.0,8.0,11.0,inferred
Mansfield,2021-05-06,0.0,1.0,2.0,2.0,2.0,3.0,4.0,4.0,5.0,6.0,6.0,8.0,10.0,inferred
Mansfield,2021-05-07,0.0,1.0,2.0,2.0,2.0,3.0,3.0,4.0,5.0,5.0,5.0,7.0,9.0,inferred
Mansfield,2021-05-08,0.0,1.0,1.0,1.0,2.0,2.0,3.0,3.0,4.0,4.0,4.0,6.0,8.0,inferred
Mansfield,2021-05-09,0.0,1.0,1.0,2.0,2.0,2.6,3.0,4.0,4.0,5.0,5.0,7.0,9.0,inferred
Mansfield,2021-05-10,0.0,1.0,2.0,2.0,3.0,3.0,4.0,4.0,5.0,6.0,6.0,8.0,10.0,inferred
Mansfield,2021-05-11,0.0,1.0,2.0,2.0,2.7,3.0,4.0,4.0,5.0,6.0,6.0,8.0,10.0,inferred
Mansfield,2021-05-12,0.0,1.0,2.0,2.0,3.0,3.0,4.0,5.0,5.0,6.0,6.0,8.0,10.0,inferred
Mansfield,2021-05-13,0.0,1.0,2.0,2.0,2.0,3.0,3.0,4.0,4.0,5.0,5.0,7.0,9.5,inferred
Mansfield,2021-05-14,0.0,1.0,1.0,1.0,2.0,2.0,3.0,3.0,4.0,4.0,5.0,6.0,8.0,inferred
Mansfield,2021-05-15,0.0,0.0,1.0,1.0,1.0,2.0,2.0,2.0,3.0,3.0,4.0,5.0,7.0,inferred
Mansfield,2021-05-16,0.0,0.0,1.0,1.0,1.0,2.0,2.0,3.0,3.0,4.0,4.0,6.0,8.0,inferred
Mansfield,2021-05-17,0.0,1.0,1.0,1.0,2.0,2.0,3.0,3.0,4.0,4.0,5.0,6.0,9.0,inferred
Mansfield,2021-05-18,0.0,1.0,1.0,1.0,2.0,2.0,3.0,3.0,4.0,4.0,5.0,6.0,8.0,inferred
Mansfield,2021-05-19,0.0,1.0,1.0,1.0,2.0,2.0,3.0,3.0,4.0,4.0,5.0,6.0,8.0,inferred
Mansfield,2021-05-20,0.0,0.0,1.0,1.0,1.0,2.0,2.0,3.0,4.0,4.0,4.0,6.0,8.0,inferred
Mansfield,2021-05-21,0.0,0.0,1.0,1.0,1.0,2.0,2.0,3.0,3.0,4.0,4.0,5.0,7.0,inferred
Mansfield,2021-05-22,0.0,0.0,0.0,1.0,1.0,1.0,1.0,2.0,2.0,3.0,3.0,4.0,6.0,inferred
Mansfield,2021-05-23,0.0,0.0,1.0,1.0,1.0,1.0,2.0,2.0,3.0,3.0,4.0,5.0,7.0,inferred
Mansfield,2021-05-24,0.0,0.0,1.0,1.0,1.0,2.0,2.0,3.0,4.0,4.0,4.0,6.0,8.0,inferred
Mansfield,2021-05-25,0.0,0.0,1.0,1.0,1.0,2.0,2.0,3.0,4.0,4.0,4.0,6.0,8.0,inferred
Mansfield,2021-05-26,0.0,0.0,1.0,1.0,1.0,2.0,3.0,3.0,4.0,4.0,5.0,6.0,8.0,inferred
Mansfield,2021-05-27,0.0,0.0,1.0,1.0,1.0,2.0,2.0,3.0,3.0,4.0,4.0,5.0,7.0,inferred
Mansfield,2021-05-28,0.0,0.0,1.0,1.0,1.0,1.0,2.0,2.0,3.0,3.0,4.0,5.0,7.0,inferred
Mansfield,2021-05-29,0.0,0.0,0.0,0.0,1.0,1.0,1.0,2.0,2.0,3.0,3.0,4.0,6.0,inferred
Mansfield,2021-05-30,0.0,0.0,0.0,1.0,1.0,1.0,2.0,2.0,3.0,3.0,3.0,4.0,6.0,inferred
Mansfield,2021-05-31,0.0,0.0,1.0,1.0,1.0,2.0,2.0,2.0,3.0,3.0,4.0,5.0,7.0,inferred
Mansfield,2021-06-01,0.0,0.0,1.0,1.0,1.0,2.0,2.0,2.0,3.0,3.0,4.0,5.0,7.0,inferred
Mansfield,2021-06-02,0.0,0.0,1.0,1.0,1.0,2.0,2.0,3.0,3.0,4.0,4.0,5.0,8.0,inferred
Mansfield,2021-06-03,0.0,0.0,1.0,1.0,1.0,1.0,2.0,2.0,3.0,3.0,4.0,5.0,7.0,inferred
Mansfield,2021-06-04,0.0,0.0,1.0,1.0,1.0,1.0,2.0,2.0,3.0,3.0,4.0,5.0,7.0,inferred
Mansfield,2021-06-05,0.0,0.0,0.0,0.0,1.0,1.0,1.0,2.0,2.0,3.0,3.0,4.0,6.0,inferred
Mansfield,2021-06-06,0.0,0.0,1.0,1.0,1.0,1.0,2.0,2.0,3.0,3.0,4.0,5.0,7.0,inferred
Mansfield,2021-06-07,0.0,0.0,1.0,1.0,2.0,2.0,3.0,3.0,4.0,4.0,5.0,6.0,8.0,inferred
Mansfield,2021-06-08,0.0,1.0,1.0,2.0,2.0,2.0,3.0,3.0,4.0,4.0,5.0,6.0,8.0,inferred
Mansfield,2021-06-09,0.0,1.0,2.0,2.0,2.0,3.0,3.0,4.0,5.0,5.0,5.0,7.0,10.0,inferred
Mansfield,2021-06-10,0.0,1.0,2.0,2.0,2.0,3.0,3.0,4.0,5.0,5.0,5.0,7.0,10.0,inferred
Mansfield,2021-06-11,0.0,1.0,2.0,2.0,2.0,3.0,3.0,4.0,5.0,5.0,6.0,7.0,10.0,inferred
Mansfield,2021-06-12,0.0,1.0,1.0,1.0,2.0,2.0,3.0,3.0,4.0,4.0,5.0,6.0,8.0,inferred
Mansfield,2021-06-13,0.0,1.0,2.0,2.0,2.0,3.0,4.0,4.0,5.0,5.0,6.0,7.0,10.0,inferred
Mansfield,2021-06-14,1.0,2.0,3.0,3.0,4.0,4.0,5.0,6.0,7.0,7.0,8.0,10.0,12.5,inferred
Mansfield,2021-06-15,1.0,2.0,3.0,3.0,4.0,5.0,5.0,6.0,7.0,8.0,8.0,10.0,13.0,inferred
Mansfield,2021-06-16,1.0,3.0,4.0,4.0,5.0,6.0,6.0,7.0,8.0,9.0,9.0,11.0,14.0,inferred
Mansfield,2021-06-17,1.0,3.0,4.0,4.0,5.0,5.0,6.0,7.0,8.0,8.0,9.0,11.0,14.0,inferred
Mansfield,2021-06-18,1.0,2.9,4.0,4.0,5.0,5.0,6.0,7.0,8.0,9.0,9.0,11.0,14.0,inferred
Medway,2021-03-06,5.0,7.9,9.0,9.0,10.0,11.0,12.0,13.0,14.0,15.0,16.0,18.0,20.0,inferred
Medway,2021-03-07,6.0,9.0,10.0,11.0,12.0,13.0,14.0,15.0,16.0,17.0,17.0,20.0,23.0,inferred
Medway,2021-03-08,8.0,11.0,13.0,13.0,14.0,15.0,16.0,17.0,19.0,19.0,20.0,22.0,26.0,inferred
Medway,2021-03-09,8.0,10.0,12.0,12.0,13.0,14.0,15.0,16.0,18.0,18.0,19.0,21.0,24.5,inferred
Medway,2021-03-10,8.0,11.0,12.0,13.0,13.0,14.0,16.0,17.0,18.0,18.0,19.0,21.1,25.0,inferred
Medway,2021-03-11,7.0,9.0,11.0,11.0,12.0,13.0,14.0,15.0,17.0,17.0,18.0,20.0,24.0,inferred
Medway,2021-03-12,6.0,8.0,9.0,10.0,10.0,11.0,12.0,13.0,14.0,15.0,16.0,18.0,21.0,inferred
Medway,2021-03-13,3.0,5.0,7.0,7.0,8.0,9.0,10.0,10.4,12.0,12.0,13.0,14.0,17.0,inferred
Medway,2021-03-14,5.0,7.0,8.8,9.0,9.0,10.0,11.0,12.0,14.0,14.0,15.0,17.0,20.0,inferred
Medway,2021-03-15,6.0,9.0,11.0,11.0,12.0,13.0,14.0,15.0,16.3,17.0,18.0,20.0,23.0,inferred
Medway,2021-03-16,6.0,8.0,10.0,11.0,11.0,13.0,13.5,15.0,16.0,16.0,17.0,19.0,22.0,inferred
Medway,2021-03-17,7.0,9.0,10.0,11.0,12.0,13.0,14.0,15.0,16.0,17.0,18.0,20.0,24.0,inferred
Medway,2021-03-18,6.0,8.0,10.0,10.0,11.0,12.0,13.0,14.0,15.0,16.0,17.0,19.0,22.0,inferred
Medway,2021-03-19,5.0,7.0,8.0,9.0,9.0,10.0,11.0,12.0,14.0,14.0,15.0,17.0,20.0,inferred
Medway,2021-03-20,4.0,5.0,7.0,7.0,8.0,9.0,9.0,10.0,12.0,12.0,13.0,14.0,17.0,inferred
Medway,2021-03-21,5.0,7.0,8.0,9.0,9.0,10.0,11.0,12.0,13.0,14.0,15.0,16.0,20.0,inferred
Medway,2021-03-22,6.0,8.0,10.0,11.0,11.0,12.0,13.0,14.0,16.0,17.0,17.0,20.0,23.0,inferred
Medway,2021-03-23,6.0,8.0,9.0,10.0,10.0,12.0,13.0,14.0,15.0,16.0,16.0,18.0,22.0,inferred
Medway,2021-03-24,5.0,8.0,9.0,10.0,11.0,12.0,13.0,14.0,15.0,16.0,17.0,19.0,22.5,inferred
Medway,2021-03-25,5.0,7.0,8.0,9.0,9.0,10.0,11.0,12.0,13.0,14.0,14.0,16.0,20.0,inferred
Medway,2021-03-26,4.0,5.0,7.0,7.0,8.0,9.0,9.0,10.0,11.0,12.0,13.0,14.0,17.0,inferred
Medway,2021-03-27,2.0,3.9,5.0,5.0,6.0,6.0,7.0,8.0,9.0,9.0,10.0,12.0,14.0,inferred
Medway,2021-03-28,3.0,4.0,6.0,6.0,6.0,7.0,8.0,9.0,10.0,10.0,11.0,13.0,16.0,inferred
Medway,2021-03-29,3.0,5.0,6.0,7.0,8.0,8.0,9.0,10.0,11.0,12.0,13.0,14.0,17.0,inferred
Medway,2021-03-30,3.0,5.0,6.0,6.0,7.0,8.0,8.0,9.0,10.0,11.0,11.0,13.0,16.0,inferred
Medway,2021-03-31,3.0,4.0,6.0,6.0,7.0,8.0,8.0,9.0,10.0,11.0,11.0,13.0,16.0,inferred
Medway,2021-04-01,3.0,4.0,5.0,5.0,6.0,7.0,7.0,8.0,9.0,10.0,10.0,12.0,15.0,inferred
Medway,2021-04-02,1.0,3.0,4.0,4.0,5.0,5.0,6.0,7.0,8.0,8.0,9.0,10.0,13.0,inferred
Medway,2021-04-03,1.0,2.0,3.0,3.0,3.0,4.0,5.0,5.0,6.0,7.0,7.0,8.0,11.0,inferred
Medway,2021-04-04,1.0,2.0,3.0,4.0,4.0,5.0,5.0,6.0,7.0,7.0,8.0,9.0,12.0,inferred
Medway,2021-04-05,2.0,3.0,4.0,5.0,5.0,6.0,6.0,7.0,8.0,8.0,9.0,10.0,13.0,inferred
Medway,2021-04-06,1.0,3.0,4.0,4.0,4.0,5.0,6.0,7.0,7.0,8.0,8.0,10.0,12.0,inferred
Medway,2021-04-07,2.0,3.0,4.0,4.0,5.0,5.0,6.0,7.0,8.0,8.0,9.0,10.0,13.0,inferred
Medway,2021-04-08,1.0,2.0,3.0,4.0,4.0,5.0,6.0,6.0,7.0,8.0,8.0,10.0,12.0,inferred
Medway,2021-04-09,1.0,2.0,3.0,3.0,4.0,4.0,5.0,6.0,6.0,7.0,7.0,9.0,11.0,inferred
Medway,2021-04-10,0.0,1.0,2.0,2.0,3.0,3.0,4.0,4.0,5.0,5.0,6.0,7.0,9.0,inferred
Medway,2021-04-11,1.0,2.0,2.0,3.0,3.0,4.0,4.0,5.0,6.0,6.0,6.0,8.0,10.0,inferred
Medway,2021-04-12,1.0,2.0,3.0,3.0,4.0,5.0,5.0,6.0,7.0,7.0,8.0,9.0,12.0,inferred
Medway,2021-04-13,1.0,2.0,3.0,3.0,4.0,4.0,5.0,6.0,6.0,7.0,7.0,9.0,11.0,inferred
Medway,2021-04-14,1.0,2.0,3.0,3.0,4.0,4.0,5.0,6.0,6.0,7.0,8.0,9.0,11.0,inferred
Medway,2021-04-15,1.0,2.0,3.0,3.0,3.0,4.0,5.0,5.0,6.0,6.0,7.0,9.0,11.0,inferred
Medway,2021-04-16,0.0,2.0,2.0,3.0,3.0,3.0,4.0,5.0,5.0,6.0,6.0,8.0,10.0,inferred
Medway,2021-04-17,0.0,1.0,2.0,2.0,2.0,3.0,3.0,4.0,4.0,5.0,5.0,6.0,8.0,inferred
Medway,2021-04-18,0.0,1.0,2.0,3.0,3.0,3.0,4.0,5.0,5.0,6.0,6.0,7.0,9.0,inferred
Medway,2021-04-19,1.0,2.0,3.0,3.0,4.0,4.0,5.0,5.4,6.0,7.0,7.0,9.0,11.0,inferred
Medway,2021-04-20,1.0,2.0,3.0,3.0,3.0,4.0,5.0,5.0,6.0,7.0,7.0,8.0,10.5,inferred
Medway,2021-04-21,1.0,2.0,3.0,3.0,3.0,4.0,5.0,5.0,6.0,6.0,7.0,8.0,11.0,inferred
Medway,2021-04-22,1.0,2.0,3.0,3.0,3.0,4.0,4.0,5.0,6.0,6.0,6.0,8.0,10.0,inferred
Medway,2021-04-23,0.0,1.0,2.0,2.0,3.0,3.0,4.0,4.0,5.0,5.0,6.0,7.0,9.0,inferred
Medway,2021-04-24,0.0,1.0,2.0,2.0,2.0,3.0,3.0,4.0,4.0,5.0,5.0,6.0,8.0,inferred
Medway,2021-04-25,0.0,1.0,2.0,2.0,2.0,3.0,4.0,4.0,5.0,5.0,6.0,7.0,9.0,inferred
Medway,2021-04-26,1.0,2.0,3.0,3.0,3.0,4.0,4.0,5.0,6.0,6.0,7.0,8.0,10.0,inferred
Medway,2021-04-27,1.0,2.0,2.0,3.0,3.0,4.0,4.0,5.0,6.0,6.0,7.0,8.0,10.0,inferred
Medway,2021-04-28,1.0,2.0,2.0,3.0,3.0,4.0,4.0,5.0,6.0,6.0,7.0,8.0,11.0,inferred
Medway,2021-04-29,0.5,2.0,2.0,3.0,3.0,4.0,4.0,5.0,5.0,6.0,6.0,8.0,10.0,inferred
Medway,2021-04-30,0.0,1.0,2.0,2.0,3.0,3.0,4.0,4.0,5.0,5.0,6.0,7.0,9.0,inferred
Medway,2021-05-01,0.0,1.0,1.0,2.0,2.0,2.0,3.0,4.0,4.0,4.0,5.0,6.0,8.0,inferred
Medway,2021-05-02,0.0,1.0,2.0,2.0,2.0,3.0,3.0,4.0,5.0,5.0,6.0,7.0,9.0,inferred
Medway,2021-05-03,1.0,2.0,2.0,3.0,3.0,4.0,4.0,5.0,6.0,6.0,6.0,8.0,10.0,inferred
Medway,2021-05-04,1.0,1.0,2.0,3.0,3.0,4.0,4.0,5.0,5.0,6.0,6.0,8.0,10.0,inferred
Medway,2021-05-05,0.5,1.0,2.0,3.0,3.0,3.0,4.0,5.0,5.0,6.0,6.0,8.0,10.0,inferred
Medway,2021-05-06,0.5,1.0,2.0,2.0,3.0,3.0,4.0,5.0,5.0,6.0,6.0,8.0,10.0,inferred
Medway,2021-05-07,0.0,1.0,2.0,2.0,2.0,3.0,3.0,4.0,4.0,5.0,5.0,6.0,8.0,inferred
Medway,2021-05-08,0.0,1.0,1.0,1.0,2.0,2.0,2.0,3.0,4.0,4.0,4.0,6.0,8.0,inferred
Medway,2021-05-09,0.0,1.0,1.0,2.0,2.0,3.0,3.0,4.0,4.0,5.0,5.0,6.0,8.0,inferred
Medway,2021-05-10,0.0,1.0,2.0,2.0,3.0,3.0,4.0,4.0,5.0,5.0,6.0,7.0,9.0,inferred
Medway,2021-05-11,0.0,1.0,2.0,2.0,2.0,3.0,4.0,4.0,5.0,5.0,6.0,7.0,9.0,inferred
Medway,2021-05-12,0.5,1.0,2.0,2.0,3.0,3.0,4.0,5.0,5.0,6.0,6.0,8.0,9.0,inferred
Medway,2021-05-13,0.0,1.0,2.0,2.0,3.0,3.0,4.0,4.0,5.0,5.0,6.0,7.0,9.0,inferred
Medway,2021-05-14,0.0,1.0,2.0,2.0,2.0,3.0,3.0,4.0,5.0,5.0,6.0,6.0,8.0,inferred
Medway,2021-05-15,0.0,1.0,1.0,2.0,2.0,2.0,3.0,3.0,4.0,4.0,5.0,6.0,8.0,inferred
Medway,2021-05-16,0.0,1.0,2.0,2.0,2.0,3.0,3.0,4.0,5.0,5.0,6.0,7.0,9.0,inferred
Medway,2021-05-17,1.0,2.0,3.0,3.0,3.0,4.0,4.0,5.0,6.0,6.0,7.0,8.0,11.0,inferred
Medway,2021-05-18,1.0,2.0,3.0,3.0,3.0,4.0,5.0,5.0,6.0,6.0,7.0,8.0,10.5,inferred
Medway,2021-05-19,1.0,2.0,3.0,4.0,4.0,5.0,5.0,6.0,7.0,7.0,8.0,9.0,12.0,inferred
Medway,2021-05-20,1.0,2.0,3.0,4.0,4.0,5.0,6.0,6.0,7.0,8.0,8.0,10.0,12.5,inferred
Medway,2021-05-21,1.0,2.0,3.0,4.0,4.0,5.0,5.0,6.0,7.0,7.0,8.0,9.0,12.0,inferred
Medway,2021-05-22,1.0,2.0,3.0,3.0,4.0,4.0,5.0,6.0,6.0,7.0,7.0,8.0,11.0,inferred
Medway,2021-05-23,2.0,3.0,4.0,4.0,5.0,6.0,6.0,7.0,8.0,8.0,9.0,10.0,13.0,inferred
Medway,2021-05-24,3.0,4.0,6.0,6.0,7.0,7.0,8.0,9.0,10.0,11.0,11.0,13.0,16.0,inferred
Medway,2021-05-25,3.0,5.0,6.0,6.0,7.0,8.0,9.0,10.0,10.0,11.0,12.0,13.0,17.0,inferred
Medway,2021-05-26,4.0,6.0,7.0,7.0,8.0,9.0,10.0,11.0,12.0,13.0,13.0,15.0,18.0,inferred
Medway,2021-05-27,3.5,5.0,7.0,7.0,8.0,9.0,10.0,11.0,12.0,12.0,13.0,14.0,17.0,inferred
Medway,2021-05-28,3.0,5.0,7.0,7.0,7.0,8.0,9.0,10.0,11.0,12.0,12.0,14.0,17.0,inferred
Medway,2021-05-29,3.0,4.0,6.0,6.0,6.0,7.0,8.0,9.0,10.0,11.0,11.0,13.0,15.5,inferred
Medway,2021-05-30,4.0,6.0,7.0,8.0,8.0,9.0,10.0,11.0,12.0,13.0,13.0,15.0,18.0,inferred
Medway,2021-05-31,6.0,8.0,10.0,10.0,11.0,12.0,13.0,15.0,16.0,17.0,17.0,19.1,23.0,inferred
Medway,2021-06-01,6.0,8.0,10.0,11.0,11.0,13.0,14.0,15.0,16.0,17.0,18.0,20.0,23.0,inferred
Medway,2021-06-02,8.0,10.0,12.0,12.0,13.0,14.0,15.0,16.4,18.0,18.0,19.0,21.1,25.0,inferred
Medway,2021-06-03,7.0,10.0,11.0,12.0,13.0,14.0,15.0,16.0,17.0,18.0,19.0,21.0,24.0,inferred
Medway,2021-06-04,6.0,9.0,10.0,11.0,12.0,13.0,14.0,15.0,16.0,17.0,17.0,20.0,23.0,inferred
Medway,2021-06-05,5.0,7.0,9.0,9.0,10.0,11.0,12.0,13.0,14.0,15.0,15.0,18.0,21.5,inferred
Medway,2021-06-06,7.0,9.0,11.0,12.0,12.0,13.0,14.0,15.0,17.0,17.0,18.0,21.0,25.0,inferred
Medway,2021-06-07,9.0,12.0,14.0,15.0,15.0,16.0,18.0,19.0,21.0,21.0,22.0,25.0,28.0,inferred
Medway,2021-06-08,9.0,12.0,14.0,15.0,16.0,17.0,18.0,19.0,21.0,22.0,22.0,25.0,28.0,inferred
Medway,2021-06-09,10.0,13.0,15.0,16.0,17.0,18.0,19.0,20.0,22.0,23.0,23.0,26.0,30.0,inferred
Medway,2021-06-10,9.0,12.0,14.0,15.0,15.0,17.0,18.0,19.0,21.0,22.0,22.0,25.0,29.0,inferred
Medway,2021-06-11,8.0,10.0,12.0,13.0,14.0,15.0,16.0,17.0,18.0,19.0,20.0,22.0,26.0,inferred
Medway,2021-06-12,6.0,8.0,10.0,11.0,11.0,12.0,13.0,14.0,15.0,16.0,17.0,19.0,22.0,inferred
Medway,2021-06-13,8.0,11.0,12.0,13.0,14.0,15.0,16.0,17.0,19.0,19.0,20.0,23.0,26.0,inferred
Medway,2021-06-14,11.0,14.0,16.0,17.0,17.0,19.0,20.0,22.0,23.0,24.0,25.0,27.0,32.0,inferred
Medway,2021-06-15,11.0,14.0,16.0,16.0,17.0,19.0,20.0,21.0,23.0,23.0,24.0,27.0,32.0,inferred
Medway,2021-06-16,12.0,15.0,17.0,18.0,18.0,20.0,21.0,23.0,24.0,25.0,26.0,29.0,34.0,inferred
Medway,2021-06-17,10.0,14.0,16.0,17.0,18.0,19.0,20.0,22.0,24.0,24.0,25.0,28.0,33.0,inferred
Medway,2021-06-18,9.0,12.0,14.0,15.0,15.0,17.0,18.0,19.0,21.0,22.0,23.0,25.0,29.0,inferred
Melton,2021-03-06,0.0,1.0,2.0,2.0,2.0,3.0,3.0,4.0,5.0,5.0,6.0,7.0,9.0,inferred
Melton,2021-03-07,1.0,2.0,3.0,3.0,3.0,4.0,5.0,5.0,6.0,7.0,7.0,9.0,12.0,inferred
Melton,2021-03-08,2.0,3.0,4.0,5.0,5.0,6.0,7.0,7.0,8.0,9.0,9.0,11.0,14.0,inferred
Melton,2021-03-09,2.0,3.0,4.0,5.0,5.0,6.0,7.0,7.0,8.0,9.0,10.0,11.0,14.0,inferred
Melton,2021-03-10,2.0,3.0,4.0,5.0,5.0,6.0,7.0,8.0,9.0,10.0,10.0,12.0,16.0,inferred
Melton,2021-03-11,2.0,3.0,4.0,4.0,5.0,6.0,6.0,7.0,8.0,9.0,9.0,11.0,14.0,inferred
Melton,2021-03-12,1.0,2.0,3.0,4.0,4.0,5.0,6.0,7.0,7.0,8.0,9.0,10.0,13.0,inferred
Melton,2021-03-13,1.0,2.0,3.0,3.0,3.0,4.0,5.0,5.0,6.0,7.0,7.0,9.0,12.0,inferred
Melton,2021-03-14,1.0,2.0,3.0,4.0,4.0,5.0,6.0,7.0,7.0,8.0,9.0,10.0,13.0,inferred
Melton,2021-03-15,2.0,3.0,4.0,5.0,5.0,6.0,7.0,8.0,9.0,9.0,10.0,12.0,15.0,inferred
Melton,2021-03-16,2.0,3.0,4.0,5.0,5.0,6.0,7.0,8.0,9.0,9.0,10.0,12.0,15.0,inferred
Melton,2021-03-17,2.0,3.0,4.0,5.0,5.0,6.0,7.0,8.0,9.0,9.0,10.0,12.0,15.0,inferred
Melton,2021-03-18,1.0,3.0,4.0,4.0,5.0,6.0,6.0,7.0,8.0,9.0,9.0,11.0,14.0,inferred
Melton,2021-03-19,1.0,2.0,3.0,4.0,4.0,5.0,6.0,6.0,7.0,8.0,8.2,10.0,13.0,inferred
Melton,2021-03-20,1.0,2.0,3.0,3.0,3.0,4.0,5.0,5.0,6.0,7.0,7.0,9.0,11.0,inferred
Melton,2021-03-21,1.0,2.0,3.0,4.0,4.0,5.0,5.0,6.0,7.0,7.0,8.0,9.0,12.0,inferred
Melton,2021-03-22,2.0,3.0,4.0,5.0,5.0,6.0,7.0,8.0,9.0,9.0,10.0,12.0,15.0,inferred
Melton,2021-03-23,2.0,3.0,4.0,5.0,5.0,6.0,7.0,7.0,8.0,9.0,9.2,11.0,14.0,inferred
Melton,2021-03-24,2.0,3.0,4.0,5.0,5.0,6.0,7.0,8.0,9.0,9.0,10.0,12.0,14.0,inferred
Melton,2021-03-25,1.0,2.0,3.0,4.0,4.0,5.0,6.0,7.0,7.0,8.0,9.0,10.0,13.0,inferred
Melton,2021-03-26,1.0,2.0,3.0,3.0,4.0,4.0,5.0,6.0,7.0,7.0,8.0,9.0,12.0,inferred
Melton,2021-03-27,0.0,1.0,2.0,2.0,3.0,3.0,4.0,4.4,5.0,6.0,6.0,8.0,10.0,inferred
Melton,2021-03-28,1.0,2.0,2.0,3.0,3.0,4.0,4.0,5.0,6.0,6.0,7.0,8.0,11.0,inferred
Melton,2021-03-29,1.0,2.0,3.0,3.0,4.0,5.0,5.0,6.0,7.0,7.0,8.0,10.0,12.0,inferred
Melton,2021-03-30,1.0,2.0,3.0,3.0,4.0,4.0,5.0,6.0,7.0,7.0,8.0,9.0,12.0,inferred
Melton,2021-03-31,1.0,2.0,3.0,3.0,4.0,4.0,5.0,6.0,7.0,7.0,8.0,9.0,12.0,inferred
Melton,2021-04-01,1.0,1.0,2.0,3.0,3.0,4.0,4.0,5.0,6.0,6.0,7.0,8.1,11.0,inferred
Melton,2021-04-02,0.0,1.0,2.0,2.0,3.0,3.0,4.0,4.0,5.0,6.0,6.0,7.0,10.0,inferred
Melton,2021-04-03,0.0,0.0,1.0,1.0,2.0,2.0,3.0,3.0,4.0,4.0,5.0,6.0,8.0,inferred
Melton,2021-04-04,0.0,1.0,1.0,2.0,2.0,3.0,3.0,4.0,4.0,5.0,5.0,7.0,9.0,inferred
Melton,2021-04-05,0.0,1.0,2.0,2.0,3.0,3.0,4.0,5.0,5.0,6.0,6.0,8.0,11.0,inferred
Melton,2021-04-06,0.0,1.0,2.0,2.0,3.0,3.0,4.0,4.0,5.0,6.0,6.0,7.0,10.0,inferred
Melton,2021-04-07,0.0,1.0,2.0,2.0,3.0,3.0,4.0,4.0,5.0,6.0,6.0,8.0,10.0,inferred
Melton,2021-04-08,0.0,1.0,2.0,2.0,2.0,3.0,3.0,4.0,5.0,5.0,6.0,7.0,9.0,inferred
Melton,2021-04-09,0.0,1.0,1.0,2.0,2.0,2.0,3.0,3.0,4.0,5.0,5.0,6.0,8.0,inferred
Melton,2021-04-10,0.0,0.0,1.0,1.0,1.0,2.0,2.0,2.0,3.0,3.0,4.0,5.0,7.0,inferred
Melton,2021-04-11,0.0,0.0,1.0,1.0,1.0,2.0,2.0,3.0,3.0,4.0,4.0,5.0,7.0,inferred
Melton,2021-04-12,0.0,1.0,1.0,1.8,2.0,2.0,3.0,3.0,4.0,5.0,5.0,6.0,8.0,inferred
Melton,2021-04-13,0.0,0.0,1.0,1.0,1.0,2.0,2.0,3.0,4.0,4.0,4.0,6.0,8.0,inferred
Melton,2021-04-14,0.0,0.0,1.0,1.0,1.0,2.0,2.0,3.0,3.0,4.0,4.0,6.0,8.0,inferred
Melton,2021-04-15,0.0,0.0,1.0,1.0,1.0,1.0,2.0,2.0,3.0,3.0,4.0,5.0,7.0,inferred
Melton,2021-04-16,0.0,0.0,0.0,1.0,1.0,1.0,2.0,2.0,3.0,3.0,3.0,4.0,6.0,inferred
Melton,2021-04-17,0.0,0.0,0.0,0.0,0.0,1.0,1.0,2.0,2.0,2.0,3.0,3.0,5.0,inferred
Melton,2021-04-18,0.0,0.0,0.0,0.0,1.0,1.0,1.0,2.0,2.0,2.0,3.0,4.0,5.5,inferred
Melton,2021-04-19,0.0,0.0,0.0,1.0,1.0,1.0,2.0,2.0,3.0,3.0,3.0,4.0,6.0,inferred
Melton,2021-04-20,0.0,0.0,0.0,0.0,1.0,1.0,1.0,2.0,2.0,2.0,3.0,4.0,6.0,inferred
Melton,2021-04-21,0.0,0.0,0.0,0.0,1.0,1.0,1.0,2.0,2.0,2.0,3.0,4.0,6.0,inferred
Melton,2021-04-22,0.0,0.0,0.0,0.0,0.0,1.0,1.0,1.0,2.0,2.0,3.0,3.0,5.0,inferred
Melton,2021-04-23,0.0,0.0,0.0,0.0,0.0,1.0,1.0,1.0,2.0,2.0,2.0,3.0,5.0,inferred
Melton,2021-04-24,0.0,0.0,0.0,0.0,0.0,0.0,1.0,1.0,1.0,2.0,2.0,3.0,4.0,inferred
Melton,2021-04-25,0.0,0.0,0.0,0.0,0.0,1.0,1.0,1.0,2.0,2.0,2.0,3.0,5.0,inferred
Melton,2021-04-26,0.0,0.0,0.0,0.0,0.0,1.0,1.0,1.0,2.0,2.0,2.0,3.0,5.0,inferred
Melton,2021-04-27,0.0,0.0,0.0,0.0,0.0,1.0,1.0,1.0,2.0,2.0,2.0,3.0,5.0,inferred
Melton,2021-04-28,0.0,0.0,0.0,0.0,0.0,1.0,1.0,1.0,2.0,2.0,3.0,4.0,5.0,inferred
Melton,2021-04-29,0.0,0.0,0.0,0.0,0.0,1.0,1.0,1.0,2.0,2.0,2.0,3.0,5.0,inferred
Melton,2021-04-30,0.0,0.0,0.0,0.0,0.0,1.0,1.0,1.0,2.0,2.0,2.0,3.0,5.0,inferred
Melton,2021-05-01,0.0,0.0,0.0,0.0,0.0,0.0,1.0,1.0,1.0,2.0,2.0,3.0,5.0,inferred
Melton,2021-05-02,0.0,0.0,0.0,0.0,0.0,1.0,1.0,1.0,2.0,2.0,3.0,3.0,5.0,inferred
Melton,2021-05-03,0.0,0.0,0.0,1.0,1.0,1.0,1.0,2.0,2.0,3.0,3.0,4.0,6.0,inferred
Melton,2021-05-04,0.0,0.0,0.0,1.0,1.0,1.0,1.0,2.0,2.0,3.0,3.0,4.0,6.0,inferred
Melton,2021-05-05,0.0,0.0,1.0,1.0,1.0,1.0,2.0,2.0,3.0,3.0,3.0,5.0,7.0,inferred
Melton,2021-05-06,0.0,0.0,0.0,1.0,1.0,1.0,2.0,2.0,3.0,3.0,3.0,4.0,6.0,inferred
Melton,2021-05-07,0.0,0.0,0.0,1.0,1.0,1.0,2.0,2.0,3.0,3.0,3.0,4.0,6.0,inferred
Melton,2021-05-08,0.0,0.0,0.0,0.0,1.0,1.0,1.0,2.0,2.0,2.0,3.0,4.0,5.0,inferred
Melton,2021-05-09,0.0,0.0,0.0,1.0,1.0,1.0,1.0,2.0,2.0,3.0,3.0,4.0,6.0,inferred
Melton,2021-05-10,0.0,0.0,1.0,1.0,1.0,1.0,2.0,2.0,3.0,3.0,4.0,5.0,7.0,inferred
Melton,2021-05-11,0.0,0.0,1.0,1.0,1.0,1.0,2.0,2.0,3.0,3.0,3.0,5.0,7.0,inferred
Melton,2021-05-12,0.0,0.0,1.0,1.0,1.0,1.0,2.0,2.0,3.0,3.0,3.0,5.0,7.0,inferred
Melton,2021-05-13,0.0,0.0,0.0,1.0,1.0,1.0,1.0,2.0,2.0,3.0,3.0,4.0,6.0,inferred
Melton,2021-05-14,0.0,0.0,0.0,0.0,1.0,1.0,1.0,2.0,2.0,2.0,3.0,4.0,6.0,inferred
Melton,2021-05-15,0.0,0.0,0.0,0.0,0.0,1.0,1.0,1.0,2.0,2.0,2.0,3.0,5.0,inferred
Melton,2021-05-16,0.0,0.0,0.0,0.0,0.0,1.0,1.0,1.0,2.0,2.0,3.0,3.1,6.0,inferred
Melton,2021-05-17,0.0,0.0,0.0,1.0,1.0,1.0,2.0,2.0,3.0,3.0,3.0,4.0,6.0,inferred
Melton,2021-05-18,0.0,0.0,0.0,1.0,1.0,1.0,1.0,2.0,2.0,3.0,3.0,4.0,6.0,inferred
Melton,2021-05-19,0.0,0.0,1.0,1.0,1.0,1.0,2.0,2.0,3.0,3.0,3.0,4.0,6.0,inferred
Melton,2021-05-20,0.0,0.0,0.0,1.0,1.0,1.0,1.0,2.0,2.0,3.0,3.0,4.0,6.0,inferred
Melton,2021-05-21,0.0,0.0,0.0,0.0,1.0,1.0,1.0,2.0,2.0,2.0,3.0,4.0,6.0,inferred
Melton,2021-05-22,0.0,0.0,0.0,0.0,0.0,1.0,1.0,1.0,2.0,2.0,3.0,3.0,5.0,inferred
Melton,2021-05-23,0.0,0.0,0.0,0.0,1.0,1.0,1.0,2.0,2.0,3.0,3.0,4.0,6.0,inferred
Melton,2021-05-24,0.0,0.0,1.0,1.0,1.0,1.0,2.0,2.0,3.0,3.0,3.0,5.0,7.0,inferred
Melton,2021-05-25,0.0,0.0,1.0,1.0,1.0,1.0,2.0,2.0,3.0,3.0,3.0,4.0,7.0,inferred
Melton,2021-05-26,0.0,0.0,1.0,1.0,1.0,2.0,2.0,2.0,3.0,3.0,4.0,5.0,7.0,inferred
Melton,2021-05-27,0.0,0.0,1.0,1.0,1.0,1.0,2.0,2.0,3.0,3.0,3.2,5.0,7.0,inferred
Melton,2021-05-28,0.0,0.0,0.0,1.0,1.0,1.0,2.0,2.0,3.0,3.0,3.0,5.0,7.0,inferred
Melton,2021-05-29,0.0,0.0,0.0,1.0,1.0,1.0,1.0,2.0,2.0,3.0,3.0,4.0,6.0,inferred
Melton,2021-05-30,0.0,0.0,1.0,1.0,1.0,1.0,2.0,2.0,3.0,3.0,3.0,5.0,6.5,inferred
Melton,2021-05-31,0.0,0.0,1.0,1.0,1.0,2.0,2.0,3.0,4.0,4.0,4.0,6.0,8.0,inferred
Melton,2021-06-01,0.0,0.0,1.0,1.0,1.0,2.0,2.0,3.0,4.0,4.0,4.0,6.0,8.0,inferred
Melton,2021-06-02,0.0,1.0,1.0,1.0,2.0,2.0,3.0,3.0,4.0,4.0,5.0,6.0,8.0,inferred
Melton,2021-06-03,0.0,0.0,1.0,1.0,2.0,2.0,3.0,3.0,4.0,4.0,5.0,6.0,8.0,inferred
Melton,2021-06-04,0.0,0.0,1.0,1.0,1.0,2.0,2.0,3.0,4.0,4.0,4.0,6.0,8.0,inferred
Melton,2021-06-05,0.0,0.0,1.0,1.0,1.0,2.0,2.0,2.0,3.0,3.0,4.0,5.0,7.0,inferred
Melton,2021-06-06,0.0,0.0,1.0,1.0,2.0,2.0,2.0,3.0,4.0,4.0,4.0,6.0,8.0,inferred
Melton,2021-06-07,0.0,1.0,2.0,2.0,2.0,3.0,3.0,4.0,5.0,5.0,6.0,7.0,10.0,inferred
Melton,2021-06-08,0.0,1.0,2.0,2.0,2.0,3.0,4.0,4.0,5.0,5.0,6.0,7.0,10.0,inferred
Melton,2021-06-09,0.0,1.0,2.0,2.0,3.0,3.0,4.0,4.4,5.0,6.0,6.0,7.0,10.0,inferred
Melton,2021-06-10,0.0,1.0,2.0,2.0,2.0,3.0,3.0,4.0,5.0,5.0,6.0,7.0,10.0,inferred
Melton,2021-06-11,0.0,1.0,2.0,2.0,2.0,3.0,3.0,4.0,5.0,5.0,5.0,7.0,9.0,inferred
Melton,2021-06-12,0.0,1.0,1.0,2.0,2.0,2.0,3.0,3.0,4.0,4.0,5.0,6.0,9.0,inferred
Melton,2021-06-13,0.0,1.0,2.0,2.0,2.0,3.0,4.0,4.0,5.0,5.0,6.0,7.0,10.0,inferred
Melton,2021-06-14,1.0,2.0,3.0,3.0,3.0,4.0,5.0,6.0,7.0,7.0,8.0,9.0,12.0,inferred
Melton,2021-06-15,1.0,2.0,3.0,3.0,4.0,4.0,5.0,6.0,7.0,7.0,8.0,9.0,12.0,inferred
Melton,2021-06-16,1.0,2.0,3.0,4.0,4.0,5.0,6.0,6.0,7.0,8.0,8.0,10.0,14.0,inferred
Melton,2021-06-17,1.0,2.0,3.0,3.0,4.0,5.0,5.0,6.0,7.0,8.0,8.0,10.0,13.0,inferred
Melton,2021-06-18,1.0,2.0,3.0,3.0,4.0,4.0,5.0,6.0,7.0,7.0,8.0,10.0,13.0,inferred
Mendip,2021-03-06,1.0,2.0,3.0,3.0,4.0,4.0,5.0,6.0,7.0,8.0,8.0,10.0,14.0,inferred
Mendip,2021-03-07,1.0,3.0,4.0,4.0,5.0,6.0,7.0,8.0,9.0,10.0,11.0,13.0,17.0,inferred
Mendip,2021-03-08,2.0,3.0,5.0,5.0,6.0,7.0,8.0,9.0,10.0,11.0,11.0,13.0,18.0,inferred
Mendip,2021-03-09,1.0,2.0,3.0,4.0,4.0,5.0,6.0,7.0,8.0,9.0,9.0,12.0,15.0,inferred
Mendip,2021-03-10,1.0,3.0,4.0,4.0,5.0,6.0,6.0,7.0,9.0,9.0,10.0,12.0,17.5,inferred
Mendip,2021-03-11,1.0,2.0,3.0,3.0,4.0,4.0,5.0,6.0,7.0,8.0,9.0,11.0,15.0,inferred
Mendip,2021-03-12,0.0,1.0,2.0,2.0,3.0,3.0,4.0,5.0,6.0,6.0,7.0,9.0,12.0,inferred
Mendip,2021-03-13,0.0,0.0,1.0,1.0,2.0,2.0,3.0,3.0,4.0,4.0,5.0,7.0,10.0,inferred
Mendip,2021-03-14,0.0,1.0,1.0,2.0,2.0,3.0,4.0,4.0,5.0,6.0,6.0,8.0,11.5,inferred
Mendip,2021-03-15,0.0,1.0,2.0,2.0,3.0,3.0,4.0,5.0,6.0,6.0,7.0,9.0,13.0,inferred
Mendip,2021-03-16,0.0,1.0,1.0,2.0,2.0,3.0,3.0,4.0,5.0,5.0,6.0,8.0,11.0,inferred
Mendip,2021-03-17,0.0,1.0,2.0,2.0,2.0,3.0,4.0,5.0,6.0,6.0,7.0,8.0,12.0,inferred
Mendip,2021-03-18,0.0,1.0,1.0,2.0,2.0,3.0,3.0,4.0,5.0,6.0,6.0,8.0,11.0,inferred
Mendip,2021-03-19,0.0,0.0,1.0,1.0,1.0,2.0,3.0,3.0,4.0,5.0,5.0,7.0,10.0,inferred
Mendip,2021-03-20,0.0,0.0,0.0,1.0,1.0,1.0,2.0,2.0,3.0,4.0,4.0,5.1,8.0,inferred
Mendip,2021-03-21,0.0,0.0,1.0,1.0,1.0,2.0,2.0,3.0,4.0,4.0,5.0,6.0,10.0,inferred
Mendip,2021-03-22,0.0,1.0,1.0,2.0,2.0,3.0,3.0,4.0,5.0,5.0,6.0,8.0,11.0,inferred
Mendip,2021-03-23,0.0,0.0,1.0,1.0,1.0,2.0,2.0,3.0,4.0,4.0,5.0,7.0,9.0,inferred
Mendip,2021-03-24,0.0,1.0,1.0,1.8,2.0,2.0,3.0,4.0,5.0,5.0,6.0,8.0,11.0,inferred
Mendip,2021-03-25,0.0,0.0,1.0,1.0,1.0,2.0,2.0,3.0,4.0,4.0,5.0,7.0,9.0,inferred
Mendip,2021-03-26,0.0,0.0,1.0,1.0,1.0,1.0,2.0,3.0,3.0,4.0,4.0,5.1,8.0,inferred
Mendip,2021-03-27,0.0,0.0,0.0,0.0,0.0,1.0,1.0,2.0,2.0,3.0,3.0,4.0,7.0,inferred
Mendip,2021-03-28,0.0,0.0,0.0,1.0,1.0,1.0,2.0,2.0,3.0,3.0,4.0,5.0,8.0,inferred
Mendip,2021-03-29,0.0,0.0,1.0,1.0,1.0,2.0,2.0,3.0,4.0,4.0,4.2,6.0,9.0,inferred
Mendip,2021-03-30,0.0,0.0,0.0,1.0,1.0,1.0,2.0,2.0,3.0,3.0,4.0,5.0,8.0,inferred
Mendip,2021-03-31,0.0,0.0,1.0,1.0,1.0,2.0,2.0,3.0,3.0,4.0,4.0,6.0,9.0,inferred
Mendip,2021-04-01,0.0,0.0,0.0,1.0,1.0,1.0,2.0,2.0,3.0,3.0,4.0,6.0,8.0,inferred
Mendip,2021-04-02,0.0,0.0,0.0,0.0,1.0,1.0,1.0,2.0,3.0,3.0,3.0,5.0,7.0,inferred
Mendip,2021-04-03,0.0,0.0,0.0,0.0,0.0,1.0,1.0,1.0,2.0,2.0,3.0,4.0,6.0,inferred
Mendip,2021-04-04,0.0,0.0,0.0,0.0,1.0,1.0,1.0,2.0,3.0,3.0,4.0,5.0,7.0,inferred
Mendip,2021-04-05,0.0,0.0,1.0,1.0,1.0,2.0,2.0,3.0,3.0,4.0,4.0,6.0,9.0,inferred
Mendip,2021-04-06,0.0,0.0,0.0,1.0,1.0,1.0,2.0,2.0,3.0,3.0,4.0,5.0,8.5,inferred
Mendip,2021-04-07,0.0,0.0,1.0,1.0,1.0,2.0,2.0,3.0,4.0,4.0,4.0,6.0,9.0,inferred
Mendip,2021-04-08,0.0,0.0,0.0,1.0,1.0,1.0,2.0,3.0,3.0,4.0,4.0,6.0,9.0,inferred
Mendip,2021-04-09,0.0,0.0,0.0,1.0,1.0,1.0,2.0,2.0,3.0,3.0,4.0,5.0,7.5,inferred
Mendip,2021-04-10,0.0,0.0,0.0,0.0,0.0,1.0,1.0,2.0,2.0,3.0,3.0,4.0,7.0,inferred
Mendip,2021-04-11,0.0,0.0,0.0,1.0,1.0,1.0,2.0,2.0,3.0,3.0,4.0,5.0,8.0,inferred
Mendip,2021-04-12,0.0,0.0,1.0,1.0,1.0,2.0,2.0,3.0,3.0,4.0,4.0,6.0,9.0,inferred
Mendip,2021-04-13,0.0,0.0,0.0,1.0,1.0,1.0,2.0,2.0,3.0,3.0,4.0,5.0,8.0,inferred
Mendip,2021-04-14,0.0,0.0,1.0,1.0,1.0,2.0,2.0,3.0,3.0,4.0,4.0,6.0,9.0,inferred
Mendip,2021-04-15,0.0,0.0,0.0,1.0,1.0,1.0,2.0,2.0,3.0,3.2,4.0,5.0,8.0,inferred
Mendip,2021-04-16,0.0,0.0,0.0,0.0,1.0,1.0,1.0,2.0,3.0,3.0,4.0,5.0,8.0,inferred
Mendip,2021-04-17,0.0,0.0,0.0,0.0,0.0,1.0,1.0,1.0,2.0,2.0,2.0,4.0,6.0,inferred
Mendip,2021-04-18,0.0,0.0,0.0,0.0,1.0,1.0,1.0,2.0,3.0,3.0,3.0,5.0,7.0,inferred
Mendip,2021-04-19,0.0,0.0,0.0,1.0,1.0,1.0,2.0,3.0,3.0,4.0,4.0,6.0,8.5,inferred
Mendip,2021-04-20,0.0,0.0,0.0,1.0,1.0,1.0,2.0,2.0,3.0,3.0,4.0,5.0,8.0,inferred
Mendip,2021-04-21,0.0,0.0,0.0,1.0,1.0,1.0,2.0,2.0,3.0,4.0,4.0,6.0,8.0,inferred
Mendip,2021-04-22,0.0,0.0,0.0,1.0,1.0,1.0,2.0,2.0,3.0,3.0,4.0,5.0,7.0,inferred
Mendip,2021-04-23,0.0,0.0,0.0,0.0,0.0,1.0,1.0,2.0,2.0,3.0,3.0,4.0,7.0,inferred
Mendip,2021-04-24,0.0,0.0,0.0,0.0,0.0,0.0,1.0,1.0,1.0,2.0,2.0,3.0,5.0,inferred
Mendip,2021-04-25,0.0,0.0,0.0,0.0,0.0,1.0,1.0,1.0,2.0,2.0,3.0,4.0,7.0,inferred
Mendip,2021-04-26,0.0,0.0,0.0,0.0,1.0,1.0,1.0,2.0,2.0,3.0,3.0,5.0,7.5,inferred
Mendip,2021-04-27,0.0,0.0,0.0,0.0,0.0,1.0,1.0,1.0,2.0,2.0,3.0,4.0,6.0,inferred
Mendip,2021-04-28,0.0,0.0,0.0,0.0,0.0,1.0,1.0,2.0,2.0,3.0,3.0,5.0,7.0,inferred
Mendip,2021-04-29,0.0,0.0,0.0,0.0,0.0,1.0,1.0,2.0,2.0,2.0,3.0,4.0,7.0,inferred
Mendip,2021-04-30,0.0,0.0,0.0,0.0,0.0,0.0,1.0,1.0,2.0,2.0,2.0,3.0,6.0,inferred
Mendip,2021-05-01,0.0,0.0,0.0,0.0,0.0,0.0,1.0,1.0,1.0,1.0,2.0,3.0,5.0,inferred
Mendip,2021-05-02,0.0,0.0,0.0,0.0,0.0,1.0,1.0,1.0,2.0,2.0,3.0,4.0,7.0,inferred
Mendip,2021-05-03,0.0,0.0,0.0,0.0,0.0,1.0,1.0,2.0,2.0,3.0,3.0,5.0,7.0,inferred
Mendip,2021-05-04,0.0,0.0,0.0,0.0,0.0,1.0,1.0,1.0,2.0,2.0,3.0,4.0,6.0,inferred
Mendip,2021-05-05,0.0,0.0,0.0,0.0,0.0,1.0,1.0,2.0,2.0,3.0,3.0,4.0,7.0,inferred
Mendip,2021-05-06,0.0,0.0,0.0,0.0,0.0,1.0,1.0,1.0,2.0,2.0,3.0,4.0,7.0,inferred
Mendip,2021-05-07,0.0,0.0,0.0,0.0,0.0,0.0,1.0,1.0,2.0,2.0,2.0,3.0,6.0,inferred
Mendip,2021-05-08,0.0,0.0,0.0,0.0,0.0,0.0,0.0,1.0,1.0,1.0,2.0,3.0,5.0,inferred
Mendip,2021-05-09,0.0,0.0,0.0,0.0,0.0,0.0,1.0,1.0,1.0,2.0,2.0,3.0,5.0,inferred
Mendip,2021-05-10,0.0,0.0,0.0,0.0,0.0,0.0,1.0,1.0,2.0,2.0,2.0,4.0,6.0,inferred
Mendip,2021-05-11,0.0,0.0,0.0,0.0,0.0,0.0,1.0,1.0,1.0,2.0,2.0,3.0,5.0,inferred
Mendip,2021-05-12,0.0,0.0,0.0,0.0,0.0,0.0,1.0,1.0,1.0,2.0,2.0,3.0,6.0,inferred
Mendip,2021-05-13,0.0,0.0,0.0,0.0,0.0,0.0,1.0,1.0,1.0,2.0,2.0,3.0,6.0,inferred
Mendip,2021-05-14,0.0,0.0,0.0,0.0,0.0,0.0,0.0,1.0,1.0,1.0,2.0,3.0,5.0,inferred
Mendip,2021-05-15,0.0,0.0,0.0,0.0,0.0,0.0,0.0,0.0,1.0,1.0,1.0,2.0,4.0,inferred
Mendip,2021-05-16,0.0,0.0,0.0,0.0,0.0,0.0,0.0,1.0,1.0,1.0,1.0,2.0,4.0,inferred
Mendip,2021-05-17,0.0,0.0,0.0,0.0,0.0,0.0,0.0,1.0,1.0,1.0,2.0,3.0,5.0,inferred
Mendip,2021-05-18,0.0,0.0,0.0,0.0,0.0,0.0,0.0,1.0,1.0,1.0,1.0,2.0,5.0,inferred
Mendip,2021-05-19,0.0,0.0,0.0,0.0,0.0,0.0,0.0,1.0,1.0,1.0,2.0,3.0,5.0,inferred
Mendip,2021-05-20,0.0,0.0,0.0,0.0,0.0,0.0,0.0,1.0,1.0,1.0,2.0,3.0,5.0,inferred
Mendip,2021-05-21,0.0,0.0,0.0,0.0,0.0,0.0,0.0,0.0,1.0,1.0,1.0,2.0,4.0,inferred
Mendip,2021-05-22,0.0,0.0,0.0,0.0,0.0,0.0,0.0,0.0,0.0,1.0,1.0,2.0,3.0,inferred
Mendip,2021-05-23,0.0,0.0,0.0,0.0,0.0,0.0,0.0,0.0,1.0,1.0,1.0,2.0,4.0,inferred
Mendip,2021-05-24,0.0,0.0,0.0,0.0,0.0,0.0,0.0,1.0,1.0,1.0,2.0,3.0,5.0,inferred
Mendip,2021-05-25,0.0,0.0,0.0,0.0,0.0,0.0,0.0,0.0,1.0,1.0,2.0,2.0,4.0,inferred
Mendip,2021-05-26,0.0,0.0,0.0,0.0,0.0,0.0,0.0,1.0,1.0,1.0,2.0,2.0,4.5,inferred
Mendip,2021-05-27,0.0,0.0,0.0,0.0,0.0,0.0,0.0,1.0,1.0,1.0,2.0,3.0,5.0,inferred
Mendip,2021-05-28,0.0,0.0,0.0,0.0,0.0,0.0,0.0,0.0,1.0,1.0,1.0,2.0,4.0,inferred
Mendip,2021-05-29,0.0,0.0,0.0,0.0,0.0,0.0,0.0,0.0,0.0,1.0,1.0,2.0,4.0,inferred
Mendip,2021-05-30,0.0,0.0,0.0,0.0,0.0,0.0,0.0,0.0,1.0,1.0,1.0,2.0,4.0,inferred
Mendip,2021-05-31,0.0,0.0,0.0,0.0,0.0,0.0,0.0,1.0,1.0,1.0,2.0,3.0,5.0,inferred
Mendip,2021-06-01,0.0,0.0,0.0,0.0,0.0,0.0,0.0,1.0,1.0,1.0,2.0,3.0,5.0,inferred
Mendip,2021-06-02,0.0,0.0,0.0,0.0,0.0,0.0,1.0,1.0,1.0,2.0,2.0,3.0,5.0,inferred
Mendip,2021-06-03,0.0,0.0,0.0,0.0,0.0,0.0,1.0,1.0,1.0,2.0,2.0,3.0,6.0,inferred
Mendip,2021-06-04,0.0,0.0,0.0,0.0,0.0,0.0,1.0,1.0,1.0,2.0,2.0,3.0,5.0,inferred
Mendip,2021-06-05,0.0,0.0,0.0,0.0,0.0,0.0,0.0,1.0,1.0,1.0,2.0,3.0,5.0,inferred
Mendip,2021-06-06,0.0,0.0,0.0,0.0,0.0,1.0,1.0,1.0,2.0,2.0,3.0,4.0,6.0,inferred
Mendip,2021-06-07,0.0,0.0,0.0,0.0,1.0,1.0,1.0,2.0,3.0,3.0,3.0,5.0,8.0,inferred
Mendip,2021-06-08,0.0,0.0,0.0,0.0,1.0,1.0,1.0,2.0,3.0,3.0,3.0,5.0,7.0,inferred
Mendip,2021-06-09,0.0,0.0,1.0,1.0,1.0,2.0,2.0,3.0,3.0,4.0,4.0,6.0,9.0,inferred
Mendip,2021-06-10,0.0,0.0,1.0,1.0,1.0,2.0,2.0,3.0,3.0,4.0,4.0,6.0,9.0,inferred
Mendip,2021-06-11,0.0,0.0,1.0,1.0,1.0,2.0,2.0,3.0,3.0,4.0,4.0,6.0,9.0,inferred
Mendip,2021-06-12,0.0,0.0,0.0,1.0,1.0,1.0,2.0,2.0,3.0,3.0,4.0,5.0,8.0,inferred
Mendip,2021-06-13,0.0,0.0,1.0,1.0,2.0,2.0,3.0,4.0,5.0,5.0,6.0,7.0,10.0,inferred
Mendip,2021-06-14,0.0,1.0,2.0,3.0,3.0,4.0,5.0,5.0,6.0,7.0,8.0,10.0,13.0,inferred
Mendip,2021-06-15,0.0,1.0,2.0,2.0,3.0,4.0,4.0,5.0,6.0,7.0,7.0,9.0,13.0,inferred
Mendip,2021-06-16,1.0,2.0,3.0,4.0,4.0,5.0,6.0,7.0,8.0,9.0,10.0,12.0,16.0,inferred
Mendip,2021-06-17,1.0,2.0,3.0,4.0,4.0,5.0,6.0,7.0,8.0,9.0,10.0,12.0,17.0,inferred
Mendip,2021-06-18,0.0,2.0,3.0,4.0,4.0,5.0,6.0,7.0,8.0,9.0,9.0,12.0,17.0,inferred
Merthyr Tydfil,2021-03-06,2.0,3.0,5.0,5.0,6.0,7.0,8.0,9.0,10.0,11.0,12.0,14.0,17.5,inferred
Merthyr Tydfil,2021-03-07,2.0,4.0,6.0,7.0,7.0,8.0,9.0,11.0,12.0,12.0,13.0,16.0,20.0,inferred
Merthyr Tydfil,2021-03-08,5.0,8.0,10.0,10.8,11.0,12.0,14.0,15.0,17.0,18.0,18.0,21.0,25.0,inferred
Merthyr Tydfil,2021-03-09,4.0,6.0,8.0,9.0,10.0,11.0,12.0,14.0,15.0,16.0,17.0,19.0,24.0,inferred
Merthyr Tydfil,2021-03-10,5.0,7.0,9.0,10.0,11.0,12.0,13.0,15.0,16.0,17.0,18.0,21.0,26.0,inferred
Merthyr Tydfil,2021-03-11,5.0,8.0,9.0,10.0,10.0,12.0,13.0,15.0,16.0,17.0,18.0,21.0,25.0,inferred
Merthyr Tydfil,2021-03-12,3.0,6.0,7.0,8.0,9.0,10.0,11.0,12.0,14.0,14.0,15.0,18.0,22.0,inferred
Merthyr Tydfil,2021-03-13,2.0,4.0,5.0,6.0,7.0,7.0,8.5,9.0,11.0,11.0,12.0,14.0,18.0,inferred
Merthyr Tydfil,2021-03-14,2.0,4.0,5.0,6.0,6.0,8.0,9.0,10.0,11.0,12.0,13.0,15.0,19.0,inferred
Merthyr Tydfil,2021-03-15,4.0,7.0,9.0,9.0,10.0,11.0,12.0,14.0,15.0,16.0,17.0,20.0,24.0,inferred
Merthyr Tydfil,2021-03-16,3.0,5.0,7.0,8.0,8.0,9.0,11.0,12.0,13.0,14.0,15.0,18.0,22.0,inferred
Merthyr Tydfil,2021-03-17,4.0,6.0,8.0,9.0,9.0,11.0,12.0,13.0,14.0,15.0,16.0,19.0,24.0,inferred
Merthyr Tydfil,2021-03-18,3.0,6.0,7.0,8.0,9.0,10.0,11.0,12.0,13.0,14.0,15.0,18.0,22.0,inferred
Merthyr Tydfil,2021-03-19,2.0,4.0,6.0,6.0,7.0,8.0,9.0,10.0,12.0,12.0,13.0,16.0,21.0,inferred
Merthyr Tydfil,2021-03-20,1.0,3.0,4.0,5.0,5.0,6.0,7.0,8.0,9.0,10.0,11.0,13.0,16.0,inferred
Merthyr Tydfil,2021-03-21,1.0,3.0,4.0,5.0,5.0,6.0,7.0,8.0,9.0,10.0,11.0,13.0,16.0,inferred
Merthyr Tydfil,2021-03-22,2.0,4.0,6.0,7.0,7.0,8.0,9.0,11.0,12.0,13.0,14.0,16.0,21.0,inferred
Merthyr Tydfil,2021-03-23,2.0,3.0,5.0,5.0,6.0,7.0,8.0,9.0,10.0,10.0,11.0,13.0,17.0,inferred
Merthyr Tydfil,2021-03-24,2.0,3.0,4.0,5.0,5.0,6.0,8.0,9.0,10.0,11.0,11.0,14.0,18.0,inferred
Merthyr Tydfil,2021-03-25,1.0,3.0,4.0,4.0,5.0,6.0,7.0,8.0,9.0,9.0,10.0,12.0,16.0,inferred
Merthyr Tydfil,2021-03-26,1.0,1.0,2.0,3.0,3.0,4.0,5.0,6.0,7.0,7.0,8.0,10.0,14.0,inferred
Merthyr Tydfil,2021-03-27,0.0,1.0,1.0,2.0,2.0,3.0,3.0,4.0,5.0,5.0,6.0,7.0,10.0,inferred
Merthyr Tydfil,2021-03-28,0.0,0.0,1.0,1.0,2.0,2.0,3.0,4.0,5.0,5.0,6.0,7.0,10.0,inferred
Merthyr Tydfil,2021-03-29,0.0,1.0,2.0,2.0,2.0,3.0,4.0,5.0,5.0,6.0,6.0,8.0,11.0,inferred
Merthyr Tydfil,2021-03-30,0.0,0.0,1.0,1.0,2.0,2.0,3.0,4.0,4.0,5.0,5.0,7.0,10.0,inferred
Merthyr Tydfil,2021-03-31,0.0,0.0,1.0,1.0,2.0,2.0,3.0,4.0,4.0,5.0,5.0,7.0,9.0,inferred
Merthyr Tydfil,2021-04-01,0.0,0.0,1.0,1.0,1.0,2.0,2.0,3.0,4.0,4.0,5.0,6.0,9.0,inferred
Merthyr Tydfil,2021-04-02,0.0,0.0,0.0,1.0,1.0,1.0,2.0,2.0,3.0,3.0,4.0,5.0,8.0,inferred
Merthyr Tydfil,2021-04-03,0.0,0.0,0.0,0.0,0.0,1.0,1.0,1.0,2.0,2.0,3.0,4.0,7.0,inferred
Merthyr Tydfil,2021-04-04,0.0,0.0,0.0,0.0,0.0,1.0,1.0,1.0,2.0,2.0,3.0,4.0,6.0,inferred
Merthyr Tydfil,2021-04-05,0.0,0.0,0.0,0.0,1.0,1.0,1.0,2.0,2.0,3.0,3.0,5.0,7.0,inferred
Merthyr Tydfil,2021-04-06,0.0,0.0,0.0,0.0,0.0,1.0,1.0,1.0,2.0,2.0,3.0,4.0,6.0,inferred
Merthyr Tydfil,2021-04-07,0.0,0.0,0.0,0.0,0.0,1.0,1.0,1.0,2.0,2.0,3.0,4.0,6.0,inferred
Merthyr Tydfil,2021-04-08,0.0,0.0,0.0,0.0,0.0,1.0,1.0,1.0,2.0,2.0,2.2,3.1,6.0,inferred
Merthyr Tydfil,2021-04-09,0.0,0.0,0.0,0.0,0.0,0.0,1.0,1.0,1.0,2.0,2.0,3.0,5.0,inferred
Merthyr Tydfil,2021-04-10,0.0,0.0,0.0,0.0,0.0,0.0,0.0,1.0,1.0,1.0,2.0,2.0,4.0,inferred
Merthyr Tydfil,2021-04-11,0.0,0.0,0.0,0.0,0.0,0.0,0.0,1.0,1.0,1.0,2.0,3.0,5.0,inferred
Merthyr Tydfil,2021-04-12,0.0,0.0,0.0,0.0,0.0,0.0,1.0,1.0,1.0,2.0,2.0,3.0,4.0,inferred
Merthyr Tydfil,2021-04-13,0.0,0.0,0.0,0.0,0.0,0.0,0.0,1.0,1.0,1.0,2.0,3.0,5.0,inferred
Merthyr Tydfil,2021-04-14,0.0,0.0,0.0,0.0,0.0,0.0,0.0,1.0,1.0,1.0,2.0,3.0,5.0,inferred
Merthyr Tydfil,2021-04-15,0.0,0.0,0.0,0.0,0.0,0.0,0.0,1.0,1.0,1.0,2.0,3.0,4.0,inferred
Merthyr Tydfil,2021-04-16,0.0,0.0,0.0,0.0,0.0,0.0,0.0,0.0,1.0,1.0,1.0,2.0,4.0,inferred
Merthyr Tydfil,2021-04-17,0.0,0.0,0.0,0.0,0.0,0.0,0.0,0.0,1.0,1.0,1.0,2.0,4.0,inferred
Merthyr Tydfil,2021-04-18,0.0,0.0,0.0,0.0,0.0,0.0,0.0,0.0,1.0,1.0,1.0,2.0,4.0,inferred
Merthyr Tydfil,2021-04-19,0.0,0.0,0.0,0.0,0.0,0.0,0.0,1.0,1.0,1.0,1.0,2.0,4.0,inferred
Merthyr Tydfil,2021-04-20,0.0,0.0,0.0,0.0,0.0,0.0,0.0,0.0,1.0,1.0,1.0,2.0,4.5,inferred
Merthyr Tydfil,2021-04-21,0.0,0.0,0.0,0.0,0.0,0.0,0.0,0.0,1.0,1.0,1.0,2.0,4.0,inferred
Merthyr Tydfil,2021-04-22,0.0,0.0,0.0,0.0,0.0,0.0,0.0,1.0,1.0,1.0,1.0,2.0,4.0,inferred
Merthyr Tydfil,2021-04-23,0.0,0.0,0.0,0.0,0.0,0.0,0.0,0.0,1.0,1.0,1.0,2.0,3.5,inferred
Merthyr Tydfil,2021-04-24,0.0,0.0,0.0,0.0,0.0,0.0,0.0,0.0,0.0,1.0,1.0,2.0,4.0,inferred
Merthyr Tydfil,2021-04-25,0.0,0.0,0.0,0.0,0.0,0.0,0.0,0.0,0.0,1.0,1.0,2.0,3.0,inferred
Merthyr Tydfil,2021-04-26,0.0,0.0,0.0,0.0,0.0,0.0,0.0,0.0,1.0,1.0,1.0,2.0,4.0,inferred
Merthyr Tydfil,2021-04-27,0.0,0.0,0.0,0.0,0.0,0.0,0.0,0.0,1.0,1.0,1.0,2.0,4.0,inferred
Merthyr Tydfil,2021-04-28,0.0,0.0,0.0,0.0,0.0,0.0,0.0,0.0,1.0,1.0,1.0,2.0,4.0,inferred
Merthyr Tydfil,2021-04-29,0.0,0.0,0.0,0.0,0.0,0.0,0.0,0.0,1.0,1.0,1.0,2.0,4.0,inferred
Merthyr Tydfil,2021-04-30,0.0,0.0,0.0,0.0,0.0,0.0,0.0,0.0,1.0,1.0,1.0,2.0,4.0,inferred
Merthyr Tydfil,2021-05-01,0.0,0.0,0.0,0.0,0.0,0.0,0.0,0.0,0.0,1.0,1.0,1.0,3.0,inferred
Merthyr Tydfil,2021-05-02,0.0,0.0,0.0,0.0,0.0,0.0,0.0,0.0,0.0,1.0,1.0,2.0,3.0,inferred
Merthyr Tydfil,2021-05-03,0.0,0.0,0.0,0.0,0.0,0.0,0.0,0.0,1.0,1.0,1.0,2.0,4.0,inferred
Merthyr Tydfil,2021-05-04,0.0,0.0,0.0,0.0,0.0,0.0,0.0,0.0,0.0,1.0,1.0,2.0,3.0,inferred
Merthyr Tydfil,2021-05-05,0.0,0.0,0.0,0.0,0.0,0.0,0.0,0.0,1.0,1.0,1.0,2.0,3.0,inferred
Merthyr Tydfil,2021-05-06,0.0,0.0,0.0,0.0,0.0,0.0,0.0,0.0,1.0,1.0,1.0,2.0,4.0,inferred
Merthyr Tydfil,2021-05-07,0.0,0.0,0.0,0.0,0.0,0.0,0.0,0.0,1.0,1.0,1.0,2.0,3.5,inferred
Merthyr Tydfil,2021-05-08,0.0,0.0,0.0,0.0,0.0,0.0,0.0,0.0,0.0,1.0,1.0,2.0,3.0,inferred
Merthyr Tydfil,2021-05-09,0.0,0.0,0.0,0.0,0.0,0.0,0.0,0.0,0.0,1.0,1.0,2.0,3.0,inferred
Merthyr Tydfil,2021-05-10,0.0,0.0,0.0,0.0,0.0,0.0,0.0,0.0,1.0,1.0,1.0,2.0,4.0,inferred
Merthyr Tydfil,2021-05-11,0.0,0.0,0.0,0.0,0.0,0.0,0.0,0.0,0.0,1.0,1.0,2.0,3.0,inferred
Merthyr Tydfil,2021-05-12,0.0,0.0,0.0,0.0,0.0,0.0,0.0,0.0,1.0,1.0,1.0,2.0,4.0,inferred
Merthyr Tydfil,2021-05-13,0.0,0.0,0.0,0.0,0.0,0.0,0.0,0.0,1.0,1.0,1.0,2.0,4.0,inferred
Merthyr Tydfil,2021-05-14,0.0,0.0,0.0,0.0,0.0,0.0,0.0,0.0,0.0,1.0,1.0,2.0,3.0,inferred
Merthyr Tydfil,2021-05-15,0.0,0.0,0.0,0.0,0.0,0.0,0.0,0.0,0.0,0.0,1.0,1.0,3.0,inferred
Merthyr Tydfil,2021-05-16,0.0,0.0,0.0,0.0,0.0,0.0,0.0,0.0,0.0,0.0,1.0,1.0,3.0,inferred
Merthyr Tydfil,2021-05-17,0.0,0.0,0.0,0.0,0.0,0.0,0.0,0.0,1.0,1.0,1.0,2.0,4.0,inferred
Merthyr Tydfil,2021-05-18,0.0,0.0,0.0,0.0,0.0,0.0,0.0,0.0,0.0,1.0,1.0,1.0,3.0,inferred
Merthyr Tydfil,2021-05-19,0.0,0.0,0.0,0.0,0.0,0.0,0.0,0.0,0.0,1.0,1.0,2.0,3.0,inferred
Merthyr Tydfil,2021-05-20,0.0,0.0,0.0,0.0,0.0,0.0,0.0,0.0,0.0,1.0,1.0,2.0,3.0,inferred
Merthyr Tydfil,2021-05-21,0.0,0.0,0.0,0.0,0.0,0.0,0.0,0.0,0.0,0.0,1.0,2.0,3.0,inferred
Merthyr Tydfil,2021-05-22,0.0,0.0,0.0,0.0,0.0,0.0,0.0,0.0,0.0,0.0,0.0,1.0,2.0,inferred
Merthyr Tydfil,2021-05-23,0.0,0.0,0.0,0.0,0.0,0.0,0.0,0.0,0.0,0.0,0.0,1.0,3.0,inferred
Merthyr Tydfil,2021-05-24,0.0,0.0,0.0,0.0,0.0,0.0,0.0,0.0,0.0,1.0,1.0,2.0,4.0,inferred
Merthyr Tydfil,2021-05-25,0.0,0.0,0.0,0.0,0.0,0.0,0.0,0.0,0.0,0.0,1.0,1.0,3.0,inferred
Merthyr Tydfil,2021-05-26,0.0,0.0,0.0,0.0,0.0,0.0,0.0,0.0,0.0,1.0,1.0,2.0,3.0,inferred
Merthyr Tydfil,2021-05-27,0.0,0.0,0.0,0.0,0.0,0.0,0.0,0.0,0.0,1.0,1.0,1.0,3.0,inferred
Merthyr Tydfil,2021-05-28,0.0,0.0,0.0,0.0,0.0,0.0,0.0,0.0,0.0,0.0,1.0,1.0,3.0,inferred
Merthyr Tydfil,2021-05-29,0.0,0.0,0.0,0.0,0.0,0.0,0.0,0.0,0.0,0.0,0.0,1.0,2.0,inferred
Merthyr Tydfil,2021-05-30,0.0,0.0,0.0,0.0,0.0,0.0,0.0,0.0,0.0,0.0,1.0,1.0,2.0,inferred
Merthyr Tydfil,2021-05-31,0.0,0.0,0.0,0.0,0.0,0.0,0.0,0.0,0.0,1.0,1.0,2.0,3.5,inferred
Merthyr Tydfil,2021-06-01,0.0,0.0,0.0,0.0,0.0,0.0,0.0,0.0,0.0,1.0,1.0,1.0,3.0,inferred
Merthyr Tydfil,2021-06-02,0.0,0.0,0.0,0.0,0.0,0.0,0.0,0.0,0.3,1.0,1.0,2.0,3.0,inferred
Merthyr Tydfil,2021-06-03,0.0,0.0,0.0,0.0,0.0,0.0,0.0,0.0,0.0,1.0,1.0,2.0,3.0,inferred
Merthyr Tydfil,2021-06-04,0.0,0.0,0.0,0.0,0.0,0.0,0.0,0.0,0.0,1.0,1.0,2.0,3.0,inferred
Merthyr Tydfil,2021-06-05,0.0,0.0,0.0,0.0,0.0,0.0,0.0,0.0,0.0,0.0,1.0,1.0,3.0,inferred
Merthyr Tydfil,2021-06-06,0.0,0.0,0.0,0.0,0.0,0.0,0.0,0.0,0.0,1.0,1.0,2.0,3.0,inferred
Merthyr Tydfil,2021-06-07,0.0,0.0,0.0,0.0,0.0,0.0,0.0,0.0,1.0,1.0,1.0,2.0,4.0,inferred
Merthyr Tydfil,2021-06-08,0.0,0.0,0.0,0.0,0.0,0.0,0.0,0.0,1.0,1.0,1.0,2.0,4.0,inferred
Merthyr Tydfil,2021-06-09,0.0,0.0,0.0,0.0,0.0,0.0,0.0,0.0,1.0,1.0,1.0,2.0,4.0,inferred
Merthyr Tydfil,2021-06-10,0.0,0.0,0.0,0.0,0.0,0.0,0.0,0.0,1.0,1.0,1.0,2.0,4.0,inferred
Merthyr Tydfil,2021-06-11,0.0,0.0,0.0,0.0,0.0,0.0,0.0,0.0,1.0,1.0,1.0,2.0,4.0,inferred
Merthyr Tydfil,2021-06-12,0.0,0.0,0.0,0.0,0.0,0.0,0.0,0.0,1.0,1.0,1.0,2.0,3.0,inferred
Merthyr Tydfil,2021-06-13,0.0,0.0,0.0,0.0,0.0,0.0,0.0,0.0,1.0,1.0,1.0,2.0,3.0,inferred
Merthyr Tydfil,2021-06-14,0.0,0.0,0.0,0.0,0.0,0.0,0.0,0.0,1.0,1.0,1.0,2.0,4.0,inferred
Merthyr Tydfil,2021-06-15,0.0,0.0,0.0,0.0,0.0,0.0,0.0,0.0,1.0,1.0,1.0,2.0,4.0,inferred
Merthyr Tydfil,2021-06-16,0.0,0.0,0.0,0.0,0.0,0.0,0.0,1.0,1.0,1.0,1.0,2.0,4.0,inferred
Merthyr Tydfil,2021-06-17,0.0,0.0,0.0,0.0,0.0,0.0,0.0,1.0,1.0,1.0,1.0,2.0,4.0,inferred
Merthyr Tydfil,2021-06-18,0.0,0.0,0.0,0.0,0.0,0.0,0.0,0.0,1.0,1.0,1.0,2.0,4.0,inferred
Merton,2021-03-06,3.0,5.0,7.0,7.0,7.0,8.0,9.0,10.0,11.0,12.0,12.0,14.0,17.0,inferred
Merton,2021-03-07,4.0,6.0,7.0,8.0,9.0,10.0,11.0,11.0,12.0,13.0,14.0,16.0,19.0,inferred
Merton,2021-03-08,6.0,8.0,10.0,11.0,11.0,12.0,13.0,14.0,15.0,16.0,17.0,19.0,23.0,inferred
Merton,2021-03-09,6.0,8.0,10.0,11.0,11.0,12.0,13.0,14.0,16.0,16.0,17.0,19.0,23.0,inferred
Merton,2021-03-10,6.0,8.0,10.0,11.0,11.0,12.0,13.0,14.0,16.0,16.0,17.0,19.0,23.0,inferred
Merton,2021-03-11,5.0,8.0,9.0,10.0,11.0,12.0,13.0,14.0,15.0,16.0,16.0,19.0,22.0,inferred
Merton,2021-03-12,5.0,7.0,8.0,9.0,10.0,11.0,12.0,13.0,14.0,14.0,15.0,17.0,20.0,inferred
Merton,2021-03-13,3.0,5.0,6.0,7.0,8.0,9.0,9.0,10.0,12.0,12.0,13.0,15.0,18.0,inferred
Merton,2021-03-14,4.0,6.0,8.0,8.0,9.0,10.0,11.0,12.0,13.0,13.0,14.0,16.0,20.0,inferred
Merton,2021-03-15,6.0,8.0,10.0,11.0,11.0,12.0,13.0,15.0,16.0,17.0,17.0,20.0,23.0,inferred
Merton,2021-03-16,6.0,8.0,10.0,10.0,11.0,12.0,13.0,14.0,16.0,16.0,17.0,19.0,23.0,inferred
Merton,2021-03-17,6.0,8.0,10.0,11.0,11.0,12.0,13.0,14.0,16.0,17.0,17.2,20.0,24.0,inferred
Merton,2021-03-18,5.0,8.0,9.0,10.0,10.0,12.0,13.0,14.0,15.0,16.0,17.0,19.0,22.0,inferred
Merton,2021-03-19,4.0,6.0,8.0,8.0,9.0,10.0,11.0,12.0,13.0,14.0,15.0,17.0,21.0,inferred
Merton,2021-03-20,3.0,5.0,6.0,7.0,7.0,8.0,9.0,10.0,11.0,12.0,12.0,14.0,18.0,inferred
Merton,2021-03-21,4.0,6.0,7.0,8.0,8.0,9.0,10.0,11.0,12.0,13.0,14.0,16.0,20.0,inferred
Merton,2021-03-22,6.0,8.0,10.0,10.0,11.0,12.0,13.0,14.0,16.0,16.0,17.0,20.0,23.0,inferred
Merton,2021-03-23,5.0,8.0,9.0,10.0,11.0,12.0,13.0,14.0,15.0,16.0,17.0,19.0,23.0,inferred
Merton,2021-03-24,5.0,7.0,9.0,10.0,10.0,11.0,13.0,14.0,15.0,16.0,16.0,19.0,23.0,inferred
Merton,2021-03-25,4.0,6.0,8.0,9.0,9.0,10.0,11.0,12.0,13.0,14.0,15.0,17.0,21.0,inferred
Merton,2021-03-26,3.0,5.0,7.0,7.0,8.0,9.0,10.0,10.0,11.0,12.0,13.0,15.0,18.0,inferred
Merton,2021-03-27,2.0,4.0,5.0,5.0,6.0,6.0,7.0,8.0,9.0,10.0,10.0,12.0,15.0,inferred
Merton,2021-03-28,2.0,4.0,5.0,6.0,6.0,7.0,8.0,9.0,10.0,11.0,11.0,13.0,15.5,inferred
Merton,2021-03-29,3.0,5.0,7.0,7.0,8.0,9.0,10.0,11.0,12.0,12.2,13.0,15.0,18.0,inferred
Merton,2021-03-30,3.0,5.0,6.0,7.0,7.0,8.0,9.0,10.0,11.0,12.0,12.0,14.0,17.0,inferred
Merton,2021-03-31,3.0,5.0,6.0,6.0,7.0,8.0,8.0,9.0,11.0,11.0,12.0,14.0,17.0,inferred
Merton,2021-04-01,2.0,4.0,5.0,6.0,6.0,7.0,8.0,9.0,10.0,10.0,11.0,13.0,16.0,inferred
Merton,2021-04-02,2.0,3.0,4.0,4.0,5.0,5.6,6.0,7.0,8.0,9.0,9.0,11.0,14.0,inferred
Merton,2021-04-03,1.0,2.0,3.0,3.0,4.0,4.0,5.0,6.0,7.0,7.0,8.0,9.0,12.0,inferred
Merton,2021-04-04,1.0,3.0,3.0,4.0,4.0,5.0,6.0,6.0,7.0,7.0,8.0,9.0,12.0,inferred
Merton,2021-04-05,2.0,3.0,5.0,5.0,5.0,6.0,7.0,8.0,9.0,9.0,10.0,12.0,14.0,inferred
Merton,2021-04-06,2.0,3.0,4.0,5.0,5.0,6.0,7.0,8.0,9.0,9.0,10.0,12.0,15.0,inferred
Merton,2021-04-07,2.0,3.0,5.0,5.0,5.0,6.0,7.0,8.0,9.0,9.0,10.0,11.0,14.0,inferred
Merton,2021-04-08,2.0,3.0,4.0,5.0,5.0,6.0,7.0,7.0,8.0,9.0,10.0,11.0,14.0,inferred
Merton,2021-04-09,1.0,3.0,4.0,4.0,5.0,5.0,6.0,7.0,8.0,8.0,9.0,10.0,13.0,inferred
Merton,2021-04-10,1.0,2.0,3.0,3.0,4.0,4.0,5.0,6.0,7.0,7.0,7.0,9.0,11.0,inferred
Merton,2021-04-11,1.0,2.0,3.0,4.0,4.0,5.0,6.0,6.0,7.0,8.0,8.0,10.0,12.0,inferred
Merton,2021-04-12,2.0,3.0,5.0,5.0,5.0,6.0,7.0,8.0,9.0,10.0,10.0,12.0,16.0,inferred
Merton,2021-04-13,2.0,3.0,5.0,5.0,6.0,6.0,7.0,8.0,9.0,10.0,10.0,12.0,15.0,inferred
Merton,2021-04-14,2.0,4.0,5.0,5.0,6.0,6.0,7.0,8.0,9.0,10.0,10.0,12.0,15.0,inferred
Merton,2021-04-15,2.0,3.0,4.0,5.0,5.0,6.0,7.0,8.0,9.0,9.0,10.0,12.0,15.0,inferred
Merton,2021-04-16,1.0,3.0,4.0,4.0,4.0,5.0,6.0,7.0,8.0,8.0,9.0,10.0,13.0,inferred
Merton,2021-04-17,1.0,2.0,3.0,3.0,4.0,5.0,5.0,6.0,7.0,7.0,8.0,9.0,12.0,inferred
Merton,2021-04-18,1.0,3.0,4.0,4.0,4.0,5.0,6.0,7.0,8.0,8.0,9.0,10.0,13.0,inferred
Merton,2021-04-19,2.0,4.0,5.0,5.0,6.0,7.0,7.0,8.0,9.0,10.0,10.0,12.0,15.0,inferred
Merton,2021-04-20,2.0,4.0,5.0,5.0,6.0,6.0,7.0,8.0,9.0,10.0,10.0,12.0,15.0,inferred
Merton,2021-04-21,2.0,3.0,5.0,5.0,5.0,6.0,7.0,8.0,9.0,9.0,10.0,12.0,15.0,inferred
Merton,2021-04-22,2.0,3.0,4.0,4.0,5.0,6.0,6.0,7.0,8.0,9.0,9.0,11.0,13.0,inferred
Merton,2021-04-23,1.0,2.0,3.0,4.0,4.0,5.0,6.0,6.0,7.0,7.0,8.0,10.0,12.0,inferred
Merton,2021-04-24,1.0,2.0,2.0,3.0,3.0,4.0,4.0,5.0,6.0,6.0,7.0,8.0,10.5,inferred
Merton,2021-04-25,1.0,2.0,3.0,3.0,3.0,4.0,5.0,5.0,6.0,7.0,7.0,9.0,12.0,inferred
Merton,2021-04-26,1.5,3.0,4.0,4.0,4.7,5.0,6.0,7.0,8.0,8.0,9.0,10.0,13.0,inferred
Merton,2021-04-27,1.0,2.0,3.0,4.0,4.0,5.0,6.0,6.0,7.0,8.0,8.0,10.0,12.0,inferred
Merton,2021-04-28,1.0,2.0,3.0,4.0,4.0,5.0,6.0,6.0,7.0,8.0,8.0,10.0,13.0,inferred
Merton,2021-04-29,1.0,2.0,3.0,3.0,4.0,5.0,5.0,6.0,7.0,7.0,8.0,9.0,12.0,inferred
Merton,2021-04-30,0.0,2.0,2.0,3.0,3.0,4.0,4.0,5.0,6.0,6.0,7.0,8.0,11.0,inferred
Merton,2021-05-01,0.0,1.0,2.0,2.0,2.0,3.0,3.0,4.0,5.0,5.0,6.0,7.0,9.0,inferred
Merton,2021-05-02,0.0,1.0,2.0,2.0,3.0,3.0,4.0,4.0,5.0,5.0,6.0,7.0,9.0,inferred
Merton,2021-05-03,1.0,2.0,3.0,3.0,3.0,4.0,5.0,5.0,6.0,7.0,7.0,9.0,11.0,inferred
Merton,2021-05-04,1.0,2.0,3.0,3.0,3.0,4.0,5.0,5.0,6.0,7.0,7.0,9.0,11.0,inferred
Merton,2021-05-05,1.0,2.0,3.0,3.0,4.0,4.0,5.0,5.0,6.0,7.0,7.0,9.0,11.0,inferred
Merton,2021-05-06,1.0,2.0,2.0,3.0,3.0,4.0,4.0,5.0,6.0,6.0,7.0,8.0,11.0,inferred
Merton,2021-05-07,0.0,1.0,2.0,2.0,3.0,3.0,4.0,5.0,5.0,6.0,6.0,8.0,10.0,inferred
Merton,2021-05-08,0.0,1.0,2.0,2.0,2.0,3.0,3.0,4.0,5.0,5.0,5.0,7.0,9.0,inferred
Merton,2021-05-09,0.0,1.0,2.0,2.0,2.0,3.0,4.0,4.0,5.0,5.0,6.0,7.0,9.0,inferred
Merton,2021-05-10,1.0,2.0,3.0,3.0,3.0,4.0,5.0,5.0,6.0,7.0,7.0,9.0,11.0,inferred
Merton,2021-05-11,1.0,2.0,3.0,3.0,3.0,4.0,5.0,5.0,6.0,7.0,7.0,8.0,11.0,inferred
Merton,2021-05-12,1.0,2.0,3.0,3.0,3.0,4.0,5.0,5.0,6.0,7.0,7.0,9.0,11.0,inferred
Merton,2021-05-13,1.0,2.0,2.0,3.0,3.0,4.0,4.0,5.0,6.0,6.0,7.0,8.0,11.0,inferred
Merton,2021-05-14,0.0,1.0,2.0,2.0,3.0,3.0,4.0,4.0,5.0,6.0,6.0,8.0,10.0,inferred
Merton,2021-05-15,0.0,1.0,2.0,2.0,2.0,3.0,3.0,4.0,4.0,5.0,5.0,7.0,9.0,inferred
Merton,2021-05-16,0.0,1.0,2.0,2.0,3.0,3.0,4.0,4.0,5.0,5.0,6.0,7.0,9.0,inferred
Merton,2021-05-17,1.0,2.0,3.0,3.0,3.0,4.0,5.0,6.0,6.0,7.0,7.0,9.0,11.5,inferred
Merton,2021-05-18,1.0,2.0,3.0,3.0,4.0,4.6,5.0,6.0,7.0,7.0,8.0,9.0,12.0,inferred
Merton,2021-05-19,1.0,2.0,3.0,4.0,4.0,5.0,6.0,6.0,7.0,8.0,8.0,10.0,12.0,inferred
Merton,2021-05-20,1.0,3.0,4.0,4.0,4.0,5.0,6.0,7.0,8.0,8.0,9.0,10.0,13.0,inferred
Merton,2021-05-21,1.0,2.0,3.0,4.0,4.0,5.0,6.0,6.0,7.0,8.0,8.0,10.0,13.0,inferred
Merton,2021-05-22,1.0,2.0,3.0,3.0,4.0,4.0,5.0,6.0,6.0,7.0,7.0,9.0,11.0,inferred
Merton,2021-05-23,1.0,3.0,4.0,4.0,5.0,6.0,6.0,7.0,8.0,9.0,9.0,11.0,14.0,inferred
Merton,2021-05-24,3.0,5.0,6.0,7.0,7.0,8.0,9.0,10.0,11.0,11.0,12.0,14.0,18.0,inferred
Merton,2021-05-25,4.0,5.0,7.0,7.0,8.0,9.0,10.0,11.0,12.0,12.0,13.0,15.0,18.0,inferred
Merton,2021-05-26,4.0,6.0,7.0,8.0,8.0,9.0,10.0,11.0,13.0,13.0,14.0,16.0,20.0,inferred
Merton,2021-05-27,4.0,6.0,8.0,8.0,9.0,10.0,11.0,12.0,13.0,14.0,14.0,16.0,20.0,inferred
Merton,2021-05-28,4.0,6.0,8.0,8.0,9.0,10.0,11.0,12.0,13.0,13.0,14.0,16.0,19.0,inferred
Merton,2021-05-29,3.0,5.0,6.0,7.0,7.0,8.0,9.0,10.0,11.0,12.0,13.0,14.0,18.0,inferred
Merton,2021-05-30,5.0,7.0,8.0,9.0,10.0,11.0,12.0,13.0,14.0,14.0,15.0,17.0,20.5,inferred
Merton,2021-05-31,7.0,10.0,12.0,13.0,13.0,14.0,16.0,17.0,18.0,19.0,20.0,22.0,26.0,inferred
Merton,2021-06-01,8.0,11.0,13.0,14.0,14.0,16.0,17.0,18.0,20.0,20.0,21.0,24.0,28.0,inferred
Merton,2021-06-02,9.0,12.0,14.0,15.0,15.0,17.0,18.0,19.0,21.0,22.0,22.0,25.0,29.0,inferred
Merton,2021-06-03,9.0,12.0,14.0,14.0,15.0,17.0,18.0,19.0,21.0,22.0,23.0,25.0,29.0,inferred
Merton,2021-06-04,8.0,11.0,13.0,14.0,15.0,16.0,17.0,19.0,20.0,21.0,22.0,24.0,28.0,inferred
Merton,2021-06-05,7.0,9.0,11.0,12.0,13.0,14.0,15.0,16.0,18.0,18.0,19.0,22.0,25.5,inferred
Merton,2021-06-06,9.0,12.0,14.0,15.0,16.0,17.0,19.0,20.0,21.0,22.0,23.0,26.0,30.0,inferred
Merton,2021-06-07,14.0,18.0,20.0,21.0,22.0,24.0,25.0,27.0,29.0,30.0,31.0,34.0,39.0,inferred
Merton,2021-06-08,15.0,19.0,21.0,22.0,23.0,25.0,26.0,28.0,30.0,31.0,32.0,35.0,39.0,inferred
Merton,2021-06-09,16.0,19.0,22.0,23.0,24.0,25.6,27.0,29.0,31.0,32.0,33.0,36.0,41.0,inferred
Merton,2021-06-10,16.0,19.0,21.0,22.0,23.0,25.0,26.0,28.0,30.0,31.0,32.0,35.0,40.0,inferred
Merton,2021-06-11,14.0,17.0,20.0,20.0,21.0,23.0,24.0,26.0,27.0,28.0,29.0,33.0,38.0,inferred
Merton,2021-06-12,11.5,14.0,16.0,17.0,18.0,19.0,20.0,22.0,23.0,24.0,25.0,28.0,32.0,inferred
Merton,2021-06-13,14.0,18.0,20.0,21.0,21.0,23.0,24.0,26.0,28.0,29.0,30.0,32.0,38.0,inferred
Merton,2021-06-14,20.0,23.0,26.0,27.0,28.0,30.0,32.0,34.0,36.0,37.0,38.0,41.0,48.0,inferred
Merton,2021-06-15,19.0,24.0,26.0,27.0,28.0,30.0,32.0,34.0,36.0,37.0,38.0,41.0,47.0,inferred
Merton,2021-06-16,19.0,23.0,26.0,28.0,29.0,31.0,32.0,34.0,36.0,38.0,39.0,43.0,48.0,inferred
Merton,2021-06-17,18.0,22.0,24.0,25.0,27.0,28.0,30.0,32.0,34.0,35.0,37.0,40.0,46.0,inferred
Merton,2021-06-18,15.0,19.0,22.0,23.0,24.0,26.0,27.0,29.0,31.0,32.0,33.0,36.0,41.0,inferred
Mid Devon,2021-03-06,0.0,0.0,0.0,0.0,0.0,1.0,1.0,1.0,2.0,2.0,3.0,3.0,6.0,inferred
Mid Devon,2021-03-07,0.0,0.0,0.0,1.0,1.0,1.0,2.0,2.0,3.0,3.0,4.0,5.0,7.0,inferred
Mid Devon,2021-03-08,0.0,0.0,1.0,1.0,2.0,2.0,2.5,3.0,4.0,4.0,5.0,6.0,8.0,inferred
Mid Devon,2021-03-09,0.0,0.0,1.0,1.0,1.0,2.0,2.0,3.0,4.0,4.0,4.0,6.0,8.0,inferred
Mid Devon,2021-03-10,0.0,1.0,1.0,1.0,2.0,2.0,3.0,3.0,4.0,4.0,5.0,6.0,9.0,inferred
Mid Devon,2021-03-11,0.0,1.0,1.0,1.0,2.0,2.0,3.0,3.0,4.0,4.0,5.0,6.0,9.0,inferred
Mid Devon,2021-03-12,0.0,0.0,1.0,1.0,1.0,2.0,2.0,3.0,3.0,4.0,4.0,6.0,8.0,inferred
Mid Devon,2021-03-13,0.0,0.0,0.0,1.0,1.0,1.0,2.0,2.0,3.0,3.0,3.0,4.0,6.0,inferred
Mid Devon,2021-03-14,0.0,0.0,1.0,1.0,1.0,2.0,2.0,3.0,4.0,4.0,4.0,6.0,8.0,inferred
Mid Devon,2021-03-15,0.0,1.0,1.0,2.0,2.0,2.0,3.0,3.0,4.0,4.0,5.0,6.0,9.5,inferred
Mid Devon,2021-03-16,0.0,0.0,1.0,1.0,1.0,2.0,2.0,3.0,3.0,4.0,4.0,5.0,8.0,inferred
Mid Devon,2021-03-17,0.0,0.0,1.0,1.0,2.0,2.0,3.0,3.0,4.0,4.0,5.0,6.0,9.0,inferred
Mid Devon,2021-03-18,0.0,0.0,1.0,1.0,1.7,2.0,3.0,3.0,4.0,4.0,5.0,6.0,8.5,inferred
Mid Devon,2021-03-19,0.0,0.0,1.0,1.0,1.0,2.0,2.0,3.0,3.0,4.0,4.0,5.0,8.0,inferred
Mid Devon,2021-03-20,0.0,0.0,0.0,1.0,1.0,1.0,2.0,2.0,3.0,3.0,3.0,4.0,6.0,inferred
Mid Devon,2021-03-21,0.0,0.0,1.0,1.0,1.0,2.0,2.0,3.0,3.0,4.0,4.0,6.0,8.0,inferred
Mid Devon,2021-03-22,0.0,1.0,1.0,2.0,2.0,2.0,3.0,3.0,4.0,5.0,5.0,7.0,9.0,inferred
Mid Devon,2021-03-23,0.0,0.0,1.0,1.0,1.7,2.0,3.0,3.0,4.0,4.0,5.0,6.0,8.0,inferred
Mid Devon,2021-03-24,0.0,1.0,1.0,1.0,2.0,2.0,3.0,3.0,4.0,5.0,5.0,6.0,9.0,inferred
Mid Devon,2021-03-25,0.0,0.0,1.0,1.0,1.0,2.0,3.0,3.0,4.0,4.0,5.0,6.0,8.0,inferred
Mid Devon,2021-03-26,0.0,0.0,1.0,1.0,1.0,2.0,2.0,3.0,3.0,4.0,4.0,5.0,7.0,inferred
Mid Devon,2021-03-27,0.0,0.0,0.0,0.0,1.0,1.0,1.0,2.0,2.0,3.0,3.0,4.0,6.0,inferred
Mid Devon,2021-03-28,0.0,0.0,1.0,1.0,1.0,2.0,2.0,2.0,3.0,3.0,4.0,5.0,8.0,inferred
Mid Devon,2021-03-29,0.0,0.0,1.0,1.0,1.0,2.0,2.0,3.0,3.0,4.0,4.0,6.0,8.0,inferred
Mid Devon,2021-03-30,0.0,0.0,1.0,1.0,1.0,1.0,2.0,2.0,3.0,3.0,4.0,5.0,7.0,inferred
Mid Devon,2021-03-31,0.0,0.0,1.0,1.0,1.0,2.0,2.0,3.0,3.0,4.0,4.0,5.0,8.0,inferred
Mid Devon,2021-04-01,0.0,0.0,1.0,1.0,1.0,2.0,2.0,3.0,3.0,4.0,4.0,5.0,8.0,inferred
Mid Devon,2021-04-02,0.0,0.0,0.0,0.0,1.0,1.0,1.0,2.0,2.0,3.0,3.0,4.0,7.0,inferred
Mid Devon,2021-04-03,0.0,0.0,0.0,0.0,0.0,1.0,1.0,1.0,2.0,2.0,2.0,4.0,5.0,inferred
Mid Devon,2021-04-04,0.0,0.0,0.0,0.0,1.0,1.0,1.0,2.0,2.0,3.0,3.0,4.0,6.0,inferred
Mid Devon,2021-04-05,0.0,0.0,1.0,1.0,1.0,1.0,2.0,2.0,3.0,3.0,4.0,5.0,7.0,inferred
Mid Devon,2021-04-06,0.0,0.0,0.0,1.0,1.0,1.0,1.0,2.0,3.0,3.0,3.0,4.0,7.0,inferred
Mid Devon,2021-04-07,0.0,0.0,1.0,1.0,1.0,1.0,2.0,2.0,3.0,3.0,4.0,5.0,8.0,inferred
Mid Devon,2021-04-08,0.0,0.0,0.8,1.0,1.0,1.0,2.0,2.0,3.0,3.0,3.0,5.0,7.0,inferred
Mid Devon,2021-04-09,0.0,0.0,0.0,0.0,1.0,1.0,1.0,2.0,2.0,3.0,3.0,4.0,6.0,inferred
Mid Devon,2021-04-10,0.0,0.0,0.0,0.0,0.0,1.0,1.0,1.0,2.0,2.0,2.0,3.0,5.0,inferred
Mid Devon,2021-04-11,0.0,0.0,0.0,0.0,1.0,1.0,1.0,2.0,2.0,3.0,3.0,4.0,6.0,inferred
Mid Devon,2021-04-12,0.0,0.0,1.0,1.0,1.0,1.0,2.0,2.0,3.0,3.0,4.0,5.0,7.0,inferred
Mid Devon,2021-04-13,0.0,0.0,0.0,0.0,1.0,1.0,1.0,2.0,2.0,3.0,3.0,4.0,6.5,inferred
Mid Devon,2021-04-14,0.0,0.0,0.0,1.0,1.0,1.0,2.0,2.0,3.0,3.0,3.0,5.0,7.0,inferred
Mid Devon,2021-04-15,0.0,0.0,0.0,1.0,1.0,1.0,1.0,2.0,3.0,3.0,3.0,4.0,7.0,inferred
Mid Devon,2021-04-16,0.0,0.0,0.0,0.0,1.0,1.0,1.0,2.0,2.0,3.0,3.0,4.0,6.0,inferred
Mid Devon,2021-04-17,0.0,0.0,0.0,0.0,0.0,0.0,1.0,1.0,2.0,2.0,2.0,3.0,5.0,inferred
Mid Devon,2021-04-18,0.0,0.0,0.0,0.0,1.0,1.0,1.0,2.0,2.0,2.0,3.0,4.0,6.0,inferred
Mid Devon,2021-04-19,0.0,0.0,0.0,1.0,1.0,1.0,2.0,2.0,3.0,3.0,3.0,5.0,7.0,inferred
Mid Devon,2021-04-20,0.0,0.0,0.0,0.0,1.0,1.0,1.0,2.0,2.0,3.0,3.0,4.0,6.0,inferred
Mid Devon,2021-04-21,0.0,0.0,0.0,1.0,1.0,1.0,2.0,2.0,3.0,3.0,3.0,5.0,7.0,inferred
Mid Devon,2021-04-22,0.0,0.0,0.0,0.8,1.0,1.0,1.0,2.0,2.0,3.0,3.0,4.0,6.0,inferred
Mid Devon,2021-04-23,0.0,0.0,0.0,0.0,0.0,1.0,1.0,1.0,2.0,2.0,3.0,4.0,6.0,inferred
Mid Devon,2021-04-24,0.0,0.0,0.0,0.0,0.0,0.0,1.0,1.0,1.0,2.0,2.0,3.0,5.0,inferred
Mid Devon,2021-04-25,0.0,0.0,0.0,0.0,0.0,1.0,1.0,1.0,2.0,2.0,3.0,4.0,5.5,inferred
Mid Devon,2021-04-26,0.0,0.0,0.0,0.0,1.0,1.0,1.0,2.0,2.0,3.0,3.0,4.0,6.0,inferred
Mid Devon,2021-04-27,0.0,0.0,0.0,0.0,0.0,1.0,1.0,1.0,2.0,2.0,3.0,4.0,6.0,inferred
Mid Devon,2021-04-28,0.0,0.0,0.0,0.0,0.0,1.0,1.0,2.0,2.0,2.0,3.0,4.0,6.0,inferred
Mid Devon,2021-04-29,0.0,0.0,0.0,0.0,0.0,1.0,1.0,1.0,2.0,2.0,2.0,3.0,5.0,inferred
Mid Devon,2021-04-30,0.0,0.0,0.0,0.0,0.0,0.0,1.0,1.0,2.0,2.0,2.0,3.0,5.0,inferred
Mid Devon,2021-05-01,0.0,0.0,0.0,0.0,0.0,0.0,0.0,1.0,1.0,1.0,1.0,2.0,4.0,inferred
Mid Devon,2021-05-02,0.0,0.0,0.0,0.0,0.0,0.0,1.0,1.0,1.0,1.0,2.0,3.0,4.5,inferred
Mid Devon,2021-05-03,0.0,0.0,0.0,0.0,0.0,0.0,1.0,1.0,2.0,2.0,2.0,3.0,5.0,inferred
Mid Devon,2021-05-04,0.0,0.0,0.0,0.0,0.0,0.0,1.0,1.0,1.0,2.0,2.0,3.0,5.0,inferred
Mid Devon,2021-05-05,0.0,0.0,0.0,0.0,0.0,0.0,1.0,1.0,1.0,2.0,2.0,3.0,5.0,inferred
Mid Devon,2021-05-06,0.0,0.0,0.0,0.0,0.0,0.0,1.0,1.0,1.0,2.0,2.0,3.0,4.0,inferred
Mid Devon,2021-05-07,0.0,0.0,0.0,0.0,0.0,0.0,0.0,1.0,1.0,1.0,1.0,2.0,4.0,inferred
Mid Devon,2021-05-08,0.0,0.0,0.0,0.0,0.0,0.0,0.0,0.0,1.0,1.0,1.0,2.0,3.0,inferred
Mid Devon,2021-05-09,0.0,0.0,0.0,0.0,0.0,0.0,0.0,1.0,1.0,1.0,2.0,2.0,4.0,inferred
Mid Devon,2021-05-10,0.0,0.0,0.0,0.0,0.0,0.0,1.0,1.0,1.0,2.0,2.0,3.0,5.0,inferred
Mid Devon,2021-05-11,0.0,0.0,0.0,0.0,0.0,0.0,0.0,1.0,1.0,1.0,2.0,3.0,4.0,inferred
Mid Devon,2021-05-12,0.0,0.0,0.0,0.0,0.0,0.0,1.0,1.0,1.0,2.0,2.0,3.0,5.0,inferred
Mid Devon,2021-05-13,0.0,0.0,0.0,0.0,0.0,0.0,1.0,1.0,1.0,2.0,2.0,3.0,4.0,inferred
Mid Devon,2021-05-14,0.0,0.0,0.0,0.0,0.0,0.0,0.0,1.0,1.0,1.0,2.0,2.0,4.0,inferred
Mid Devon,2021-05-15,0.0,0.0,0.0,0.0,0.0,0.0,0.0,0.0,1.0,1.0,1.0,2.0,3.0,inferred
Mid Devon,2021-05-16,0.0,0.0,0.0,0.0,0.0,0.0,0.0,1.0,1.0,1.0,2.0,2.0,4.0,inferred
Mid Devon,2021-05-17,0.0,0.0,0.0,0.0,0.0,0.0,1.0,1.0,1.0,2.0,2.0,3.0,5.0,inferred
Mid Devon,2021-05-18,0.0,0.0,0.0,0.0,0.0,0.0,0.0,1.0,1.0,1.0,2.0,3.0,4.0,inferred
Mid Devon,2021-05-19,0.0,0.0,0.0,0.0,0.0,0.0,1.0,1.0,1.0,2.0,2.0,3.0,5.0,inferred
Mid Devon,2021-05-20,0.0,0.0,0.0,0.0,0.0,0.0,1.0,1.0,1.0,2.0,2.0,3.0,4.0,inferred
Mid Devon,2021-05-21,0.0,0.0,0.0,0.0,0.0,0.0,0.0,1.0,1.0,1.0,2.0,3.0,4.0,inferred
Mid Devon,2021-05-22,0.0,0.0,0.0,0.0,0.0,0.0,0.0,0.0,1.0,1.0,1.0,2.0,4.0,inferred
Mid Devon,2021-05-23,0.0,0.0,0.0,0.0,0.0,0.0,1.0,1.0,1.0,1.0,2.0,2.0,4.0,inferred
Mid Devon,2021-05-24,0.0,0.0,0.0,0.0,0.0,0.0,1.0,1.0,1.0,2.0,2.0,3.0,5.0,inferred
Mid Devon,2021-05-25,0.0,0.0,0.0,0.0,0.0,0.0,1.0,1.0,1.0,2.0,2.0,3.0,4.0,inferred
Mid Devon,2021-05-26,0.0,0.0,0.0,0.0,0.0,1.0,1.0,1.0,2.0,2.0,2.0,3.0,5.0,inferred
Mid Devon,2021-05-27,0.0,0.0,0.0,0.0,0.0,0.0,1.0,1.0,2.0,2.0,2.0,3.0,5.0,inferred
Mid Devon,2021-05-28,0.0,0.0,0.0,0.0,0.0,0.0,1.0,1.0,1.0,2.0,2.0,3.0,4.0,inferred
Mid Devon,2021-05-29,0.0,0.0,0.0,0.0,0.0,0.0,0.0,1.0,1.0,1.0,2.0,2.0,4.0,inferred
Mid Devon,2021-05-30,0.0,0.0,0.0,0.0,0.0,0.0,1.0,1.0,1.0,2.0,2.0,3.0,5.0,inferred
Mid Devon,2021-05-31,0.0,0.0,0.0,0.0,0.0,1.0,1.0,2.0,2.0,2.0,3.0,4.0,6.0,inferred
Mid Devon,2021-06-01,0.0,0.0,0.0,0.0,0.0,1.0,1.0,1.0,2.0,2.0,2.0,4.0,6.0,inferred
Mid Devon,2021-06-02,0.0,0.0,0.0,0.0,1.0,1.0,1.0,2.0,2.0,3.0,3.0,4.0,6.0,inferred
Mid Devon,2021-06-03,0.0,0.0,0.0,0.0,1.0,1.0,1.0,2.0,2.0,3.0,3.0,4.0,6.0,inferred
Mid Devon,2021-06-04,0.0,0.0,0.0,0.0,1.0,1.0,1.0,2.0,2.0,3.0,3.0,4.0,6.0,inferred
Mid Devon,2021-06-05,0.0,0.0,0.0,0.0,0.0,1.0,1.0,1.0,2.0,2.0,3.0,4.0,6.0,inferred
Mid Devon,2021-06-06,0.0,0.0,1.0,1.0,1.0,1.0,2.0,2.0,3.0,3.0,3.0,5.0,7.0,inferred
Mid Devon,2021-06-07,0.0,0.0,1.0,1.0,1.0,2.0,2.0,3.0,4.0,4.0,4.0,6.0,8.0,inferred
Mid Devon,2021-06-08,0.0,0.0,1.0,1.0,1.0,2.0,2.0,3.0,3.0,4.0,4.0,6.0,8.0,inferred
Mid Devon,2021-06-09,0.0,1.0,2.0,2.0,2.0,3.0,3.0,4.0,5.0,5.0,6.0,7.0,10.0,inferred
Mid Devon,2021-06-10,0.0,1.0,2.0,2.0,2.0,3.0,3.0,4.0,5.0,5.0,6.0,7.0,10.0,inferred
Mid Devon,2021-06-11,0.0,1.0,2.0,2.0,2.0,3.0,3.0,4.0,5.0,5.0,6.0,7.0,10.0,inferred
Mid Devon,2021-06-12,0.0,1.0,1.0,2.0,2.0,2.0,3.0,4.0,4.0,5.0,5.0,7.0,9.0,inferred
Mid Devon,2021-06-13,0.0,2.0,3.0,3.0,3.0,4.0,5.0,5.0,6.0,7.0,7.2,9.0,12.5,inferred
Mid Devon,2021-06-14,1.0,3.0,4.0,5.0,5.0,6.0,7.0,8.0,9.0,9.0,10.0,12.0,16.0,inferred
Mid Devon,2021-06-15,1.0,3.0,4.0,5.0,5.0,6.0,7.0,8.0,9.0,10.0,10.0,12.0,15.0,inferred
Mid Devon,2021-06-16,3.0,5.0,6.0,7.0,7.0,8.0,9.0,11.0,12.0,12.0,13.0,16.0,20.0,inferred
Mid Devon,2021-06-17,3.0,5.0,6.0,7.0,8.0,9.0,10.0,11.0,13.0,14.0,14.0,17.0,21.0,inferred
Mid Devon,2021-06-18,3.0,5.0,6.0,7.0,7.0,8.0,10.0,11.0,12.0,13.0,14.0,16.0,21.0,inferred
Mid Suffolk,2021-03-06,0.0,0.0,1.0,1.0,1.0,2.0,2.0,3.0,3.0,3.0,4.0,5.0,7.0,inferred
Mid Suffolk,2021-03-07,0.0,1.0,1.0,1.0,2.0,2.0,3.0,3.0,4.0,4.0,4.0,5.0,7.0,inferred
Mid Suffolk,2021-03-08,0.0,1.0,2.0,2.0,2.0,3.0,3.0,4.0,4.0,5.0,5.0,6.0,8.0,inferred
Mid Suffolk,2021-03-09,0.0,1.0,1.0,2.0,2.0,2.0,3.0,3.0,4.0,4.0,5.0,6.0,8.0,inferred
Mid Suffolk,2021-03-10,0.0,1.0,2.0,2.0,2.0,3.0,3.0,4.0,4.0,5.0,5.0,7.0,8.5,inferred
Mid Suffolk,2021-03-11,0.0,1.0,2.0,2.0,2.0,3.0,3.0,4.0,4.0,5.0,5.0,6.0,8.0,inferred
Mid Suffolk,2021-03-12,0.0,1.0,1.0,2.0,2.0,3.0,3.0,4.0,4.0,5.0,5.0,6.0,8.0,inferred
Mid Suffolk,2021-03-13,0.0,1.0,1.0,1.0,2.0,2.0,3.0,3.0,4.0,4.0,4.0,5.0,7.0,inferred
Mid Suffolk,2021-03-14,0.0,1.0,1.0,2.0,2.0,3.0,3.0,4.0,4.0,5.0,5.0,6.0,8.0,inferred
Mid Suffolk,2021-03-15,0.0,1.0,2.0,2.8,3.0,3.0,4.0,5.0,5.0,6.0,6.0,8.0,10.0,inferred
Mid Suffolk,2021-03-16,0.0,1.0,2.0,2.0,3.0,3.0,4.0,4.0,5.0,6.0,6.0,7.0,10.0,inferred
Mid Suffolk,2021-03-17,1.0,1.0,2.0,3.0,3.0,3.0,4.0,5.0,5.0,6.0,6.0,8.0,10.0,inferred
Mid Suffolk,2021-03-18,0.0,1.0,2.0,2.0,2.0,3.0,4.0,4.0,5.0,5.0,6.0,7.0,9.0,inferred
Mid Suffolk,2021-03-19,0.0,1.0,2.0,2.0,2.0,3.0,3.0,4.0,4.0,5.0,5.0,6.0,8.0,inferred
Mid Suffolk,2021-03-20,0.0,1.0,1.0,1.0,2.0,2.0,2.0,3.0,3.0,4.0,4.0,5.0,7.0,inferred
Mid Suffolk,2021-03-21,0.0,1.0,1.0,2.0,2.0,2.0,3.0,3.0,4.0,4.0,5.0,6.0,8.0,inferred
Mid Suffolk,2021-03-22,0.0,1.0,2.0,2.0,2.0,3.0,4.0,4.0,5.0,5.0,6.0,7.0,9.0,inferred
Mid Suffolk,2021-03-23,0.0,1.0,2.0,2.0,2.0,3.0,3.0,4.0,5.0,5.0,5.0,7.0,9.0,inferred
Mid Suffolk,2021-03-24,0.0,1.0,2.0,2.0,2.0,3.0,3.0,4.0,5.0,5.0,6.0,7.0,9.0,inferred
Mid Suffolk,2021-03-25,0.0,1.0,2.0,2.0,2.0,3.0,3.0,4.0,4.0,5.0,5.0,6.0,9.0,inferred
Mid Suffolk,2021-03-26,0.0,1.0,1.0,2.0,2.0,2.0,3.0,3.0,4.0,4.0,5.0,6.0,8.0,inferred
Mid Suffolk,2021-03-27,0.0,0.0,1.0,1.0,1.0,2.0,2.0,3.0,3.0,4.0,4.0,5.0,7.0,inferred
Mid Suffolk,2021-03-28,0.0,1.0,1.0,1.0,2.0,2.0,3.0,3.0,4.0,4.0,4.0,5.0,7.0,inferred
Mid Suffolk,2021-03-29,0.0,1.0,1.0,2.0,2.0,3.0,3.0,4.0,4.0,5.0,5.0,6.0,8.0,inferred
Mid Suffolk,2021-03-30,0.0,1.0,1.0,2.0,2.0,2.0,3.0,3.0,4.0,4.0,5.0,6.0,8.0,inferred
Mid Suffolk,2021-03-31,0.0,1.0,1.0,2.0,2.0,2.0,3.0,3.0,4.0,4.0,5.0,6.0,8.0,inferred
Mid Suffolk,2021-04-01,0.0,0.0,1.0,1.0,2.0,2.0,3.0,3.0,4.0,4.0,4.0,6.0,7.0,inferred
Mid Suffolk,2021-04-02,0.0,0.0,1.0,1.0,1.0,2.0,2.0,3.0,3.0,4.0,4.0,5.0,7.0,inferred
Mid Suffolk,2021-04-03,0.0,0.0,1.0,1.0,1.0,1.0,2.0,2.0,3.0,3.0,3.0,4.0,6.0,inferred
Mid Suffolk,2021-04-04,0.0,0.0,1.0,1.0,1.0,2.0,2.0,2.0,3.0,3.0,4.0,5.0,6.0,inferred
Mid Suffolk,2021-04-05,0.0,0.0,1.0,1.0,1.0,2.0,2.0,3.0,3.0,4.0,4.0,5.0,7.0,inferred
Mid Suffolk,2021-04-06,0.0,0.0,1.0,1.0,1.0,2.0,2.0,3.0,3.0,4.0,4.0,5.0,7.0,inferred
Mid Suffolk,2021-04-07,0.0,0.0,1.0,1.0,2.0,2.0,2.0,3.0,4.0,4.0,4.0,5.0,7.0,inferred
Mid Suffolk,2021-04-08,0.0,0.0,1.0,1.0,1.0,2.0,2.0,3.0,3.0,4.0,4.0,5.0,7.0,inferred
Mid Suffolk,2021-04-09,0.0,0.0,1.0,1.0,1.0,2.0,2.0,2.0,3.0,3.0,4.0,5.0,6.0,inferred
Mid Suffolk,2021-04-10,0.0,0.0,1.0,1.0,1.0,1.0,2.0,2.0,3.0,3.0,3.0,4.0,5.0,inferred
Mid Suffolk,2021-04-11,0.0,0.0,1.0,1.0,1.0,2.0,2.0,2.0,3.0,3.0,4.0,5.0,6.0,inferred
Mid Suffolk,2021-04-12,0.0,1.0,1.0,1.0,2.0,2.0,3.0,3.0,4.0,4.0,4.0,5.0,7.0,inferred
Mid Suffolk,2021-04-13,0.0,0.0,1.0,1.0,1.0,2.0,2.0,3.0,4.0,4.0,4.0,5.0,7.0,inferred
Mid Suffolk,2021-04-14,0.0,1.0,1.0,1.0,2.0,2.0,3.0,3.0,4.0,4.0,4.0,6.0,8.0,inferred
Mid Suffolk,2021-04-15,0.0,0.0,1.0,1.0,1.0,2.0,2.0,3.0,3.0,4.0,4.0,5.0,7.0,inferred
Mid Suffolk,2021-04-16,0.0,0.0,1.0,1.0,1.0,2.0,2.0,3.0,3.0,3.0,4.0,5.0,7.0,inferred
Mid Suffolk,2021-04-17,0.0,0.0,0.0,1.0,1.0,1.0,2.0,2.0,2.0,3.0,3.0,4.0,5.0,inferred
Mid Suffolk,2021-04-18,0.0,0.0,1.0,1.0,1.0,2.0,2.0,2.0,3.0,3.0,4.0,5.0,6.0,inferred
Mid Suffolk,2021-04-19,0.0,1.0,1.0,1.0,2.0,2.0,3.0,3.0,4.0,4.0,4.0,5.0,7.0,inferred
Mid Suffolk,2021-04-20,0.0,1.0,1.0,1.0,2.0,2.0,2.0,3.0,3.0,4.0,4.0,5.0,7.0,inferred
Mid Suffolk,2021-04-21,0.0,1.0,1.0,1.0,2.0,2.0,3.0,3.0,4.0,4.0,4.0,5.0,8.0,inferred
Mid Suffolk,2021-04-22,0.0,1.0,1.0,1.0,2.0,2.0,2.0,3.0,3.0,4.0,4.0,5.0,7.0,inferred
Mid Suffolk,2021-04-23,0.0,0.0,1.0,1.0,1.0,2.0,2.0,3.0,3.0,3.0,4.0,5.0,6.0,inferred
Mid Suffolk,2021-04-24,0.0,0.0,0.0,1.0,1.0,1.0,2.0,2.0,2.0,3.0,3.0,4.0,6.0,inferred
Mid Suffolk,2021-04-25,0.0,0.0,1.0,1.0,1.0,1.0,2.0,2.0,3.0,3.0,4.0,4.0,6.0,inferred
Mid Suffolk,2021-04-26,0.0,0.0,1.0,1.0,1.0,2.0,2.0,3.0,4.0,4.0,4.0,5.0,7.0,inferred
Mid Suffolk,2021-04-27,0.0,0.0,1.0,1.0,1.0,2.0,2.0,3.0,3.0,3.0,4.0,5.0,7.0,inferred
Mid Suffolk,2021-04-28,0.0,0.0,1.0,1.0,1.0,2.0,2.0,3.0,3.0,4.0,4.0,5.0,7.0,inferred
Mid Suffolk,2021-04-29,0.0,0.0,1.0,1.0,1.0,2.0,2.0,3.0,3.0,3.0,4.0,5.0,7.0,inferred
Mid Suffolk,2021-04-30,0.0,0.0,1.0,1.0,1.0,1.0,2.0,2.0,3.0,3.0,4.0,4.0,6.0,inferred
Mid Suffolk,2021-05-01,0.0,0.0,0.0,1.0,1.0,1.0,1.0,2.0,2.0,3.0,3.0,4.0,6.0,inferred
Mid Suffolk,2021-05-02,0.0,0.0,1.0,1.0,1.0,1.0,2.0,2.0,3.0,3.0,3.0,4.0,6.0,inferred
Mid Suffolk,2021-05-03,0.0,0.0,1.0,1.0,1.0,2.0,2.0,3.0,3.0,4.0,4.0,5.0,7.0,inferred
Mid Suffolk,2021-05-04,0.0,0.0,1.0,1.0,1.0,2.0,2.0,3.0,3.0,4.0,4.0,5.0,7.0,inferred
Mid Suffolk,2021-05-05,0.0,0.0,1.0,1.0,2.0,2.0,2.0,3.0,4.0,4.0,4.0,5.0,8.0,inferred
Mid Suffolk,2021-05-06,0.0,0.0,1.0,1.0,1.0,2.0,2.0,3.0,3.0,4.0,4.0,5.0,7.0,inferred
Mid Suffolk,2021-05-07,0.0,0.0,1.0,1.0,1.0,2.0,2.0,2.0,3.0,3.0,4.0,5.0,6.0,inferred
Mid Suffolk,2021-05-08,0.0,0.0,0.0,1.0,1.0,1.0,2.0,2.0,3.0,3.0,3.0,4.0,6.0,inferred
Mid Suffolk,2021-05-09,0.0,0.0,1.0,1.0,1.0,2.0,2.0,2.0,3.0,3.0,4.0,5.0,6.0,inferred
Mid Suffolk,2021-05-10,0.0,1.0,1.0,1.0,2.0,2.0,3.0,3.0,4.0,4.0,4.0,6.0,7.0,inferred
Mid Suffolk,2021-05-11,0.0,1.0,1.0,1.0,2.0,2.0,3.0,3.0,4.0,4.0,4.0,5.0,7.0,inferred
Mid Suffolk,2021-05-12,0.0,1.0,1.0,2.0,2.0,2.0,3.0,3.0,4.0,4.0,5.0,6.0,8.0,inferred
Mid Suffolk,2021-05-13,0.0,1.0,1.0,1.0,2.0,2.0,2.0,3.0,4.0,4.0,4.0,5.0,8.0,inferred
Mid Suffolk,2021-05-14,0.0,0.0,1.0,1.0,1.0,2.0,2.0,3.0,3.0,4.0,4.0,5.0,7.0,inferred
Mid Suffolk,2021-05-15,0.0,0.0,1.0,1.0,1.0,1.0,2.0,2.0,3.0,3.0,3.0,4.0,6.0,inferred
Mid Suffolk,2021-05-16,0.0,0.0,1.0,1.0,1.0,2.0,2.0,3.0,3.0,3.0,4.0,5.0,6.0,inferred
Mid Suffolk,2021-05-17,0.0,1.0,1.0,1.0,2.0,2.0,3.0,3.0,4.0,4.0,5.0,6.0,8.0,inferred
Mid Suffolk,2021-05-18,0.0,1.0,1.0,1.0,2.0,2.0,3.0,3.0,3.0,4.0,4.0,5.0,7.0,inferred
Mid Suffolk,2021-05-19,0.0,1.0,1.0,1.0,2.0,2.0,3.0,3.0,4.0,4.0,4.0,5.0,8.0,inferred
Mid Suffolk,2021-05-20,0.0,0.0,1.0,1.0,1.0,2.0,2.0,3.0,3.0,4.0,4.0,5.0,7.0,inferred
Mid Suffolk,2021-05-21,0.0,0.0,1.0,1.0,1.0,2.0,2.0,2.0,3.0,3.0,4.0,5.0,7.0,inferred
Mid Suffolk,2021-05-22,0.0,0.0,1.0,1.0,1.0,1.0,2.0,2.0,3.0,3.0,3.0,4.0,6.0,inferred
Mid Suffolk,2021-05-23,0.0,0.0,1.0,1.0,1.0,2.0,2.0,2.0,3.0,3.0,3.0,5.0,6.0,inferred
Mid Suffolk,2021-05-24,0.0,0.0,1.0,1.0,1.0,2.0,2.0,3.0,3.0,4.0,4.0,5.0,7.0,inferred
Mid Suffolk,2021-05-25,0.0,0.0,1.0,1.0,1.0,2.0,2.0,3.0,3.0,4.0,4.0,5.0,7.0,inferred
Mid Suffolk,2021-05-26,0.0,0.0,1.0,1.0,2.0,2.0,2.0,3.0,3.0,4.0,4.0,5.0,8.0,inferred
Mid Suffolk,2021-05-27,0.0,0.0,1.0,1.0,1.0,2.0,2.0,3.0,3.0,3.0,4.0,5.0,6.0,inferred
Mid Suffolk,2021-05-28,0.0,0.0,1.0,1.0,1.0,1.0,2.0,2.0,3.0,3.0,3.0,4.0,6.0,inferred
Mid Suffolk,2021-05-29,0.0,0.0,0.0,1.0,1.0,1.0,1.0,2.0,2.0,2.0,3.0,4.0,5.0,inferred
Mid Suffolk,2021-05-30,0.0,0.0,1.0,1.0,1.0,1.0,2.0,2.0,3.0,3.0,3.0,4.0,5.0,inferred
Mid Suffolk,2021-05-31,0.0,0.0,1.0,1.0,1.0,2.0,2.0,2.0,3.0,3.0,4.0,5.0,6.5,inferred
Mid Suffolk,2021-06-01,0.0,0.0,1.0,1.0,1.0,2.0,2.0,3.0,3.0,3.0,4.0,5.0,6.0,inferred
Mid Suffolk,2021-06-02,0.0,0.0,1.0,1.0,1.0,2.0,2.0,3.0,3.0,3.0,4.0,5.0,6.0,inferred
Mid Suffolk,2021-06-03,0.0,0.0,1.0,1.0,1.0,2.0,2.0,2.0,3.0,3.0,4.0,5.0,7.0,inferred
Mid Suffolk,2021-06-04,0.0,0.0,1.0,1.0,1.0,1.0,2.0,2.0,3.0,3.0,3.0,4.0,6.0,inferred
Mid Suffolk,2021-06-05,0.0,0.0,0.0,1.0,1.0,1.0,1.0,2.0,2.0,3.0,3.0,4.0,5.0,inferred
Mid Suffolk,2021-06-06,0.0,0.0,1.0,1.0,1.0,1.0,2.0,2.0,3.0,3.0,3.0,4.0,6.0,inferred
Mid Suffolk,2021-06-07,0.0,0.0,1.0,1.0,1.0,2.0,2.0,3.0,3.0,4.0,4.0,5.0,7.0,inferred
Mid Suffolk,2021-06-08,0.0,0.0,1.0,1.0,1.0,2.0,2.0,3.0,3.0,4.0,4.0,5.0,7.0,inferred
Mid Suffolk,2021-06-09,0.0,0.0,1.0,1.0,1.0,2.0,2.0,3.0,3.0,4.0,4.0,5.0,7.0,inferred
Mid Suffolk,2021-06-10,0.0,0.0,1.0,1.0,1.0,2.0,2.0,3.0,3.0,4.0,4.0,5.0,7.0,inferred
Mid Suffolk,2021-06-11,0.0,0.0,1.0,1.0,1.0,2.0,2.0,3.0,3.0,3.0,4.0,5.0,7.0,inferred
Mid Suffolk,2021-06-12,0.0,0.0,1.0,1.0,1.0,2.0,2.0,2.0,3.0,3.0,4.0,5.0,6.5,inferred
Mid Suffolk,2021-06-13,0.0,0.0,1.0,1.0,1.0,2.0,2.0,3.0,3.0,4.0,4.0,5.0,7.0,inferred
Mid Suffolk,2021-06-14,0.0,1.0,2.0,2.0,2.0,3.0,3.0,4.0,4.0,5.0,5.0,7.0,9.0,inferred
Mid Suffolk,2021-06-15,0.0,1.0,1.0,2.0,2.0,2.0,3.0,3.0,4.0,5.0,5.0,6.0,8.0,inferred
Mid Suffolk,2021-06-16,0.0,1.0,2.0,2.0,2.0,3.0,3.0,4.0,5.0,5.0,5.0,7.0,9.0,inferred
Mid Suffolk,2021-06-17,0.0,1.0,2.0,2.0,2.0,3.0,3.0,4.0,4.0,5.0,5.0,7.0,9.0,inferred
Mid Suffolk,2021-06-18,0.0,1.0,1.0,2.0,2.0,2.0,3.0,3.0,4.0,5.0,5.0,6.0,9.0,inferred
Mid Sussex,2021-03-06,0.0,1.0,2.0,2.0,3.0,3.0,4.0,4.0,5.0,5.0,6.0,7.0,9.0,inferred
Mid Sussex,2021-03-07,1.0,2.0,2.0,3.0,3.0,4.0,4.0,5.0,6.0,6.0,6.0,8.0,10.0,inferred
Mid Sussex,2021-03-08,1.0,2.0,3.0,3.0,4.0,4.0,5.0,6.0,6.0,7.0,7.0,9.0,11.0,inferred
Mid Sussex,2021-03-09,1.0,2.0,3.0,3.0,3.0,4.0,5.0,5.0,6.0,6.0,7.0,8.0,10.0,inferred
Mid Sussex,2021-03-10,1.0,2.0,3.0,3.0,3.0,4.0,4.0,5.0,6.0,6.0,7.0,8.0,10.0,inferred
Mid Sussex,2021-03-11,1.0,2.0,2.0,3.0,3.0,4.0,4.0,5.0,6.0,6.0,7.0,8.0,10.0,inferred
Mid Sussex,2021-03-12,0.0,1.0,2.0,2.0,2.0,3.0,4.0,4.0,5.0,5.0,6.0,7.0,9.0,inferred
Mid Sussex,2021-03-13,0.0,1.0,1.0,2.0,2.0,2.0,3.0,3.0,4.0,4.0,5.0,6.0,7.0,inferred
Mid Sussex,2021-03-14,0.0,1.0,2.0,2.0,2.0,3.0,3.0,4.0,5.0,5.0,5.0,7.0,9.0,inferred
Mid Sussex,2021-03-15,1.0,2.0,2.0,3.0,3.0,3.0,4.0,5.0,5.0,6.0,6.0,8.0,10.0,inferred
Mid Sussex,2021-03-16,0.0,1.0,2.0,2.0,3.0,3.0,4.0,4.0,5.0,5.0,6.0,7.0,9.0,inferred
Mid Sussex,2021-03-17,1.0,1.0,2.0,3.0,3.0,3.0,4.0,5.0,5.0,6.0,6.0,8.0,10.0,inferred
Mid Sussex,2021-03-18,0.0,1.0,2.0,2.0,3.0,3.0,4.0,4.0,5.0,5.0,6.0,7.0,9.0,inferred
Mid Sussex,2021-03-19,0.0,1.0,2.0,2.0,2.0,3.0,3.0,4.0,4.0,5.0,5.0,6.0,8.0,inferred
Mid Sussex,2021-03-20,0.0,1.0,1.0,1.0,2.0,2.0,3.0,3.0,4.0,4.0,4.0,5.0,7.0,inferred
Mid Sussex,2021-03-21,0.0,1.0,1.0,2.0,2.0,3.0,3.0,4.0,4.0,5.0,5.0,6.0,8.0,inferred
Mid Sussex,2021-03-22,0.0,1.0,2.0,2.0,3.0,3.0,4.0,4.0,5.0,6.0,6.0,7.0,10.0,inferred
Mid Sussex,2021-03-23,0.0,1.0,2.0,2.0,2.0,3.0,4.0,4.0,5.0,5.0,6.0,7.0,9.0,inferred
Mid Sussex,2021-03-24,0.0,1.0,2.0,2.0,3.0,3.0,4.0,4.0,5.0,5.0,6.0,7.0,10.0,inferred
Mid Sussex,2021-03-25,0.0,1.0,2.0,2.0,2.0,3.0,3.0,4.0,5.0,5.0,5.0,7.0,9.0,inferred
Mid Sussex,2021-03-26,0.0,1.0,1.0,2.0,2.0,2.0,3.0,3.0,4.0,4.0,4.0,6.0,8.0,inferred
Mid Sussex,2021-03-27,0.0,0.0,1.0,1.0,1.0,2.0,2.0,3.0,3.0,3.0,4.0,5.0,7.0,inferred
Mid Sussex,2021-03-28,0.0,1.0,1.0,1.0,1.7,2.0,2.0,3.0,3.0,4.0,4.0,5.0,7.0,inferred
Mid Sussex,2021-03-29,0.0,1.0,1.0,2.0,2.0,2.0,3.0,3.0,4.0,4.0,5.0,6.0,8.0,inferred
Mid Sussex,2021-03-30,0.0,1.0,1.0,1.0,2.0,2.0,3.0,3.0,4.0,4.0,4.0,5.0,8.0,inferred
Mid Sussex,2021-03-31,0.0,1.0,1.0,1.0,2.0,2.0,2.0,3.0,3.0,4.0,4.0,5.0,7.0,inferred
Mid Sussex,2021-04-01,0.0,0.0,1.0,1.0,1.0,2.0,2.0,3.0,3.0,4.0,4.0,5.0,7.0,inferred
Mid Sussex,2021-04-02,0.0,0.0,1.0,1.0,1.0,1.0,2.0,2.0,3.0,3.0,4.0,5.0,6.0,inferred
Mid Sussex,2021-04-03,0.0,0.0,0.0,1.0,1.0,1.0,2.0,2.0,2.0,3.0,3.0,4.0,5.0,inferred
Mid Sussex,2021-04-04,0.0,0.0,1.0,1.0,1.0,1.0,2.0,2.0,3.0,3.0,3.0,4.0,6.0,inferred
Mid Sussex,2021-04-05,0.0,0.0,1.0,1.0,1.0,2.0,2.0,3.0,3.0,4.0,4.0,5.0,6.5,inferred
Mid Sussex,2021-04-06,0.0,0.0,1.0,1.0,1.0,2.0,2.0,3.0,3.0,4.0,4.0,5.0,7.0,inferred
Mid Sussex,2021-04-07,0.0,0.0,1.0,1.0,2.0,2.0,2.0,3.0,4.0,4.0,4.0,5.0,7.0,inferred
Mid Sussex,2021-04-08,0.0,0.0,1.0,1.0,1.0,2.0,2.0,3.0,3.0,4.0,4.0,5.0,7.0,inferred
Mid Sussex,2021-04-09,0.0,0.0,1.0,1.0,1.0,2.0,2.0,2.0,3.0,3.0,4.0,5.0,6.0,inferred
Mid Sussex,2021-04-10,0.0,0.0,1.0,1.0,1.0,1.0,2.0,2.0,2.0,3.0,3.0,4.0,6.0,inferred
Mid Sussex,2021-04-11,0.0,0.0,1.0,1.0,1.0,2.0,2.0,2.0,3.0,3.0,4.0,5.0,7.0,inferred
Mid Sussex,2021-04-12,0.0,1.0,1.0,1.0,2.0,2.0,3.0,3.0,4.0,4.0,4.0,6.0,7.0,inferred
Mid Sussex,2021-04-13,0.0,0.0,1.0,1.0,2.0,2.0,2.0,3.0,4.0,4.0,4.0,6.0,7.0,inferred
Mid Sussex,2021-04-14,0.0,1.0,1.0,1.0,2.0,2.0,3.0,3.0,4.0,4.0,4.0,6.0,8.0,inferred
Mid Sussex,2021-04-15,0.0,1.0,1.0,1.0,2.0,2.0,3.0,3.0,4.0,4.0,4.0,5.0,7.0,inferred
Mid Sussex,2021-04-16,0.0,0.0,1.0,1.0,1.0,2.0,2.0,3.0,3.0,4.0,4.0,5.0,7.0,inferred
Mid Sussex,2021-04-17,0.0,0.0,1.0,1.0,1.0,1.0,2.0,2.0,3.0,3.0,3.0,4.0,6.0,inferred
Mid Sussex,2021-04-18,0.0,0.0,1.0,1.0,1.0,2.0,2.0,3.0,3.0,4.0,4.0,5.0,7.0,inferred
Mid Sussex,2021-04-19,0.0,1.0,1.0,2.0,2.0,2.0,3.0,3.0,4.0,4.0,5.0,6.0,8.0,inferred
Mid Sussex,2021-04-20,0.0,1.0,1.0,1.0,2.0,2.0,3.0,3.0,4.0,4.0,5.0,6.0,8.0,inferred
Mid Sussex,2021-04-21,0.0,1.0,1.0,2.0,2.0,2.0,3.0,3.0,4.0,4.0,4.0,6.0,8.0,inferred
Mid Sussex,2021-04-22,0.0,1.0,1.0,1.0,2.0,2.0,2.0,3.0,3.0,4.0,4.0,5.0,7.0,inferred
Mid Sussex,2021-04-23,0.0,0.0,1.0,1.0,1.0,2.0,2.0,2.4,3.0,3.0,4.0,5.0,6.0,inferred
Mid Sussex,2021-04-24,0.0,0.0,1.0,1.0,1.0,1.0,2.0,2.0,3.0,3.0,3.0,4.0,6.0,inferred
Mid Sussex,2021-04-25,0.0,0.0,1.0,1.0,1.0,1.0,2.0,2.0,3.0,3.0,3.0,4.0,6.0,inferred
Mid Sussex,2021-04-26,0.0,0.0,1.0,1.0,1.0,2.0,2.0,3.0,3.0,3.0,4.0,5.0,7.0,inferred
Mid Sussex,2021-04-27,0.0,0.0,1.0,1.0,1.0,2.0,2.0,3.0,3.0,3.0,4.0,5.0,6.0,inferred
Mid Sussex,2021-04-28,0.0,0.0,1.0,1.0,1.0,2.0,2.0,2.0,3.0,3.0,4.0,5.0,6.0,inferred
Mid Sussex,2021-04-29,0.0,0.0,1.0,1.0,1.0,1.0,2.0,2.0,3.0,3.0,3.0,4.0,6.0,inferred
Mid Sussex,2021-04-30,0.0,0.0,0.0,1.0,1.0,1.0,1.0,2.0,2.0,3.0,3.0,4.0,5.0,inferred
Mid Sussex,2021-05-01,0.0,0.0,0.0,0.0,0.0,1.0,1.0,1.0,2.0,2.0,2.0,3.0,4.0,inferred
Mid Sussex,2021-05-02,0.0,0.0,0.0,0.0,1.0,1.0,1.0,2.0,2.0,2.0,3.0,4.0,5.0,inferred
Mid Sussex,2021-05-03,0.0,0.0,1.0,1.0,1.0,1.0,2.0,2.0,2.0,3.0,3.0,4.0,6.0,inferred
Mid Sussex,2021-05-04,0.0,0.0,0.0,1.0,1.0,1.0,1.0,2.0,2.0,3.0,3.0,4.0,5.0,inferred
Mid Sussex,2021-05-05,0.0,0.0,0.0,1.0,1.0,1.0,1.0,2.0,2.0,3.0,3.0,4.0,6.0,inferred
Mid Sussex,2021-05-06,0.0,0.0,0.0,0.0,1.0,1.0,1.0,2.0,2.0,2.0,3.0,4.0,5.0,inferred
Mid Sussex,2021-05-07,0.0,0.0,0.0,0.0,0.0,1.0,1.0,1.0,2.0,2.0,2.0,3.0,4.0,inferred
Mid Sussex,2021-05-08,0.0,0.0,0.0,0.0,0.0,1.0,1.0,1.0,1.0,2.0,2.0,3.0,4.0,inferred
Mid Sussex,2021-05-09,0.0,0.0,0.0,0.0,0.0,1.0,1.0,1.0,2.0,2.0,2.0,3.0,4.0,inferred
Mid Sussex,2021-05-10,0.0,0.0,0.0,0.0,1.0,1.0,1.0,1.0,2.0,2.0,2.0,3.0,5.0,inferred
Mid Sussex,2021-05-11,0.0,0.0,0.0,0.0,0.0,1.0,1.0,1.0,2.0,2.0,2.0,3.0,4.0,inferred
Mid Sussex,2021-05-12,0.0,0.0,0.0,0.0,0.0,1.0,1.0,1.0,2.0,2.0,2.0,3.0,5.0,inferred
Mid Sussex,2021-05-13,0.0,0.0,0.0,0.0,0.0,1.0,1.0,1.0,2.0,2.0,2.0,3.0,4.0,inferred
Mid Sussex,2021-05-14,0.0,0.0,0.0,0.0,0.0,1.0,1.0,1.0,1.0,2.0,2.0,3.0,4.0,inferred
Mid Sussex,2021-05-15,0.0,0.0,0.0,0.0,0.0,0.0,1.0,1.0,1.0,1.0,2.0,2.0,4.0,inferred
Mid Sussex,2021-05-16,0.0,0.0,0.0,0.0,0.0,1.0,1.0,1.0,1.0,2.0,2.0,3.0,4.0,inferred
Mid Sussex,2021-05-17,0.0,0.0,0.0,0.0,0.0,1.0,1.0,1.0,2.0,2.0,2.0,3.0,4.0,inferred
Mid Sussex,2021-05-18,0.0,0.0,0.0,0.0,0.0,1.0,1.0,1.0,2.0,2.0,2.0,3.0,4.5,inferred
Mid Sussex,2021-05-19,0.0,0.0,0.0,0.0,1.0,1.0,1.0,2.0,2.0,2.0,3.0,4.0,5.0,inferred
Mid Sussex,2021-05-20,0.0,0.0,0.0,0.0,1.0,1.0,1.0,2.0,2.0,2.0,3.0,4.0,5.0,inferred
Mid Sussex,2021-05-21,0.0,0.0,0.0,0.0,1.0,1.0,1.0,2.0,2.0,2.0,3.0,4.0,5.0,inferred
Mid Sussex,2021-05-22,0.0,0.0,0.0,0.0,1.0,1.0,1.0,2.0,2.0,2.0,2.0,3.0,5.0,inferred
Mid Sussex,2021-05-23,0.0,0.0,1.0,1.0,1.0,1.0,2.0,2.0,3.0,3.0,3.0,4.0,6.0,inferred
Mid Sussex,2021-05-24,0.0,1.0,1.0,1.0,2.0,2.0,2.0,3.0,3.0,4.0,4.0,5.0,7.0,inferred
Mid Sussex,2021-05-25,0.0,1.0,1.0,1.0,2.0,2.0,3.0,3.0,4.0,4.0,5.0,6.0,8.0,inferred
Mid Sussex,2021-05-26,0.0,1.0,2.0,2.0,2.0,3.0,3.0,4.0,5.0,5.0,6.0,7.0,9.0,inferred
Mid Sussex,2021-05-27,0.0,1.0,2.0,2.0,3.0,3.0,4.0,4.0,5.0,5.0,6.0,7.0,10.0,inferred
Mid Sussex,2021-05-28,0.0,1.0,2.0,2.0,3.0,3.0,4.0,4.0,5.0,5.0,6.0,7.0,10.0,inferred
Mid Sussex,2021-05-29,0.0,1.0,2.0,2.0,2.0,3.0,3.0,4.0,5.0,5.0,6.0,7.0,9.0,inferred
Mid Sussex,2021-05-30,1.0,2.0,3.0,3.0,4.0,4.0,5.0,6.0,6.0,7.0,7.0,9.0,11.0,inferred
Mid Sussex,2021-05-31,2.0,3.0,4.0,5.0,5.0,6.0,7.0,8.0,9.0,9.0,10.0,12.0,14.0,inferred
Mid Sussex,2021-06-01,2.0,4.0,5.0,5.0,6.0,7.0,7.0,8.0,9.0,9.0,10.0,12.0,14.0,inferred
Mid Sussex,2021-06-02,3.0,4.0,6.0,6.0,7.0,8.0,8.0,9.0,10.0,11.0,12.0,14.0,17.0,inferred
Mid Sussex,2021-06-03,3.0,5.0,6.0,7.0,7.0,8.0,8.0,9.0,10.0,11.0,11.0,13.0,16.0,inferred
Mid Sussex,2021-06-04,3.0,4.0,6.0,6.0,6.0,7.0,8.0,9.0,10.0,10.0,11.0,13.0,15.0,inferred
Mid Sussex,2021-06-05,2.0,3.0,5.0,5.0,5.0,6.0,7.0,8.0,9.0,9.0,10.0,12.0,15.0,inferred
Mid Sussex,2021-06-06,3.0,5.0,6.0,7.0,7.0,8.0,9.0,10.0,11.0,11.0,12.0,14.0,17.0,inferred
Mid Sussex,2021-06-07,5.0,7.0,8.0,9.0,9.0,10.0,11.0,12.0,13.0,14.0,15.0,17.0,20.0,inferred
Mid Sussex,2021-06-08,5.0,7.0,8.0,9.0,9.0,10.0,11.0,13.0,14.0,14.0,15.0,17.0,21.0,inferred
Mid Sussex,2021-06-09,6.0,7.0,9.0,10.0,10.0,11.0,12.0,13.0,15.0,15.0,16.0,18.0,21.5,inferred
Mid Sussex,2021-06-10,5.0,7.0,9.0,9.0,10.0,11.0,12.0,13.0,14.0,15.0,16.0,18.0,21.0,inferred
Mid Sussex,2021-06-11,5.0,6.9,8.0,9.0,9.0,10.0,11.0,12.0,13.0,14.0,14.0,17.0,20.0,inferred
Mid Sussex,2021-06-12,3.0,5.0,7.0,7.0,8.0,9.0,10.0,11.0,12.0,12.0,13.0,15.0,18.0,inferred
Mid Sussex,2021-06-13,5.0,7.0,9.0,9.0,10.0,11.0,12.0,13.0,14.0,15.0,15.0,17.0,20.0,inferred
Mid Sussex,2021-06-14,8.0,10.0,11.0,12.0,13.0,14.0,15.0,16.0,18.0,19.0,19.0,22.0,26.0,inferred
Mid Sussex,2021-06-15,7.0,10.0,11.0,12.0,13.0,14.0,15.0,17.0,18.0,19.0,19.0,22.0,26.0,inferred
Mid Sussex,2021-06-16,8.0,11.0,13.0,14.0,15.0,16.0,17.0,18.0,20.0,21.0,22.0,24.0,29.0,inferred
Mid Sussex,2021-06-17,8.0,10.0,12.0,13.0,14.0,15.0,16.0,18.0,19.0,20.0,21.0,23.0,28.0,inferred
Mid Sussex,2021-06-18,7.0,10.0,11.0,12.0,13.0,14.0,15.0,17.0,18.0,19.0,20.0,22.0,26.0,inferred
Middlesbrough,2021-03-06,8.0,11.0,12.0,13.0,13.0,14.0,15.0,17.0,18.0,19.0,19.0,22.0,25.0,inferred
Middlesbrough,2021-03-07,9.0,12.0,14.0,15.0,15.0,17.0,18.0,19.0,20.0,21.0,22.0,24.0,28.0,inferred
Middlesbrough,2021-03-08,14.0,17.0,19.0,20.0,21.0,22.0,24.0,25.0,27.0,27.0,29.0,31.0,35.0,inferred
Middlesbrough,2021-03-09,13.0,16.0,18.0,19.0,20.0,21.0,22.0,24.0,25.0,26.0,26.0,29.0,34.0,inferred
Middlesbrough,2021-03-10,13.0,16.0,18.0,19.0,20.0,21.0,22.0,24.0,26.0,26.0,27.0,30.0,34.0,inferred
Middlesbrough,2021-03-11,11.0,14.0,16.0,17.0,18.0,19.0,20.0,21.0,23.0,24.0,25.0,27.0,30.0,inferred
Middlesbrough,2021-03-12,9.0,12.0,14.0,15.0,15.0,16.6,18.0,19.0,20.0,21.0,22.0,24.0,28.0,inferred
Middlesbrough,2021-03-13,6.0,8.0,10.0,11.0,11.0,12.0,14.0,15.0,16.0,17.0,17.0,19.0,23.0,inferred
Middlesbrough,2021-03-14,7.0,9.0,11.0,12.0,12.0,13.0,14.0,15.0,16.0,17.0,18.0,20.0,23.5,inferred
Middlesbrough,2021-03-15,9.0,11.0,13.0,14.0,15.0,16.0,17.0,19.0,20.0,21.0,22.0,24.0,28.0,inferred
Middlesbrough,2021-03-16,8.0,10.0,12.0,13.0,13.0,14.0,16.0,17.0,18.0,19.0,20.0,22.0,26.0,inferred
Middlesbrough,2021-03-17,8.0,10.0,12.0,12.0,13.0,14.0,15.0,17.0,18.0,19.0,19.0,22.0,26.0,inferred
Middlesbrough,2021-03-18,6.0,9.0,10.0,11.0,12.0,13.0,14.0,15.0,16.0,17.0,18.0,20.0,23.0,inferred
Middlesbrough,2021-03-19,5.0,7.9,9.0,10.0,10.0,11.0,12.0,13.0,14.0,15.0,16.0,18.0,22.0,inferred
Middlesbrough,2021-03-20,4.0,5.0,7.0,7.0,8.0,9.0,10.0,11.0,12.0,13.0,13.0,15.0,18.0,inferred
Middlesbrough,2021-03-21,4.0,6.0,8.0,8.0,9.0,10.0,11.0,12.0,13.0,13.0,14.0,16.0,20.0,inferred
Middlesbrough,2021-03-22,6.0,8.0,10.0,10.0,11.0,12.0,13.0,14.0,16.0,16.0,17.0,19.0,23.0,inferred
Middlesbrough,2021-03-23,5.0,7.0,9.0,9.0,10.0,11.0,12.0,13.0,15.0,15.0,16.0,18.0,22.0,inferred
Middlesbrough,2021-03-24,5.0,8.0,9.0,10.0,10.0,11.0,12.0,13.0,15.0,15.0,16.0,18.0,21.0,inferred
Middlesbrough,2021-03-25,5.0,7.0,8.0,9.0,9.0,11.0,11.0,12.0,14.0,14.0,15.0,17.0,20.0,inferred
Middlesbrough,2021-03-26,4.0,6.0,7.0,8.0,8.0,9.0,10.0,11.0,12.0,13.0,14.0,15.0,18.0,inferred
Middlesbrough,2021-03-27,3.0,4.0,6.0,6.0,6.0,7.0,8.0,9.0,10.0,11.0,11.0,13.0,16.0,inferred
Middlesbrough,2021-03-28,3.0,5.0,6.0,7.0,7.0,8.0,9.0,10.0,11.0,11.0,12.0,14.0,17.0,inferred
Middlesbrough,2021-03-29,5.0,7.0,8.0,9.0,9.0,10.0,11.0,12.0,13.0,14.0,15.0,17.0,20.0,inferred
Middlesbrough,2021-03-30,4.0,6.0,7.0,8.0,8.0,9.0,10.0,11.0,12.0,13.0,14.0,16.0,18.0,inferred
Middlesbrough,2021-03-31,4.0,6.0,7.0,8.0,8.0,9.0,10.0,11.0,12.0,13.0,13.0,15.0,18.0,inferred
Middlesbrough,2021-04-01,3.0,5.0,6.0,7.0,7.0,8.0,9.0,10.0,11.0,11.0,12.0,13.0,16.5,inferred
Middlesbrough,2021-04-02,2.0,4.0,5.0,6.0,6.0,7.0,8.0,8.0,9.0,10.0,11.0,12.0,15.0,inferred
Middlesbrough,2021-04-03,1.5,3.0,4.0,4.0,5.0,5.0,6.0,7.0,7.0,8.0,8.2,10.0,13.0,inferred
Middlesbrough,2021-04-04,1.0,3.0,4.0,4.0,5.0,5.0,6.0,7.0,8.0,8.0,9.0,10.0,13.0,inferred
Middlesbrough,2021-04-05,3.0,4.0,5.0,5.0,6.0,7.0,8.0,9.0,9.0,10.0,11.0,12.0,15.0,inferred
Middlesbrough,2021-04-06,2.0,3.0,4.0,5.0,5.0,6.0,7.0,8.0,9.0,9.0,10.0,11.0,14.0,inferred
Middlesbrough,2021-04-07,2.0,3.0,5.0,5.0,5.0,6.0,7.0,8.0,9.0,9.0,10.0,12.0,14.0,inferred
Middlesbrough,2021-04-08,2.0,3.0,4.0,5.0,5.0,6.0,6.0,7.0,8.0,9.0,9.0,11.0,13.0,inferred
Middlesbrough,2021-04-09,1.0,3.0,4.0,4.0,4.0,5.0,6.0,6.0,7.0,8.0,8.0,10.0,12.0,inferred
Middlesbrough,2021-04-10,1.0,2.0,3.0,3.0,3.0,4.0,5.0,5.0,6.0,7.0,7.0,8.0,11.0,inferred
Middlesbrough,2021-04-11,1.0,2.0,3.0,3.0,4.0,5.0,5.0,6.0,7.0,7.0,7.2,9.0,11.0,inferred
Middlesbrough,2021-04-12,2.0,3.0,4.0,4.0,5.0,5.0,6.0,7.0,8.0,8.0,9.0,10.0,13.0,inferred
Middlesbrough,2021-04-13,1.0,2.9,3.0,4.0,4.0,5.0,6.0,6.0,7.0,8.0,8.0,10.0,12.0,inferred
Middlesbrough,2021-04-14,1.0,3.0,4.0,4.0,4.0,5.0,6.0,7.0,7.0,8.0,8.0,10.0,12.0,inferred
Middlesbrough,2021-04-15,1.0,2.0,3.0,4.0,4.0,5.0,5.0,6.0,7.0,7.0,8.0,9.0,12.0,inferred
Middlesbrough,2021-04-16,1.0,2.0,3.0,3.0,4.0,4.0,5.0,5.0,6.0,7.0,7.0,8.0,10.5,inferred
Middlesbrough,2021-04-17,1.0,2.0,2.0,3.0,3.0,3.0,4.0,5.0,5.0,6.0,6.0,7.0,9.0,inferred
Middlesbrough,2021-04-18,1.0,2.0,2.0,3.0,3.0,4.0,4.0,5.0,6.0,6.0,6.0,8.0,10.0,inferred
Middlesbrough,2021-04-19,1.0,2.0,3.0,4.0,4.0,5.0,5.0,6.0,7.0,7.2,8.0,9.0,11.0,inferred
Middlesbrough,2021-04-20,1.0,2.0,3.0,3.0,4.0,4.0,5.0,6.0,6.0,7.0,8.0,9.0,11.0,inferred
Middlesbrough,2021-04-21,1.0,2.0,3.0,4.0,4.0,5.0,5.0,6.0,7.0,8.0,8.0,9.0,12.0,inferred
Middlesbrough,2021-04-22,1.0,2.0,3.0,3.0,4.0,4.0,5.0,6.0,7.0,7.0,8.0,9.0,12.0,inferred
Middlesbrough,2021-04-23,1.0,2.0,3.0,3.0,3.0,4.0,5.0,5.0,6.0,6.0,7.0,8.0,11.0,inferred
Middlesbrough,2021-04-24,1.0,1.0,2.0,2.0,3.0,3.0,4.0,4.0,5.0,6.0,6.0,7.0,9.0,inferred
Middlesbrough,2021-04-25,1.0,2.0,2.0,3.0,3.0,4.0,4.0,5.0,5.0,6.0,6.0,8.0,10.0,inferred
Middlesbrough,2021-04-26,1.0,3.0,3.0,4.0,4.0,5.0,6.0,6.0,7.0,8.0,8.0,10.0,12.0,inferred
Middlesbrough,2021-04-27,1.0,2.0,3.0,4.0,4.0,5.0,5.0,6.0,7.0,7.0,8.0,9.0,12.0,inferred
Middlesbrough,2021-04-28,2.0,3.0,4.0,4.0,4.0,5.0,6.0,7.0,8.0,8.0,8.0,10.0,12.5,inferred
Middlesbrough,2021-04-29,1.0,3.0,4.0,4.0,5.0,5.0,6.0,7.0,7.0,8.0,8.0,10.0,13.0,inferred
Middlesbrough,2021-04-30,1.0,3.0,4.0,4.0,4.0,5.0,6.0,7.0,7.0,8.0,9.0,10.0,13.0,inferred
Middlesbrough,2021-05-01,1.0,2.0,3.0,4.0,4.0,4.6,5.0,6.0,7.0,7.0,8.0,9.0,11.0,inferred
Middlesbrough,2021-05-02,1.0,3.0,4.0,4.0,5.0,5.0,6.0,7.0,8.0,8.0,9.0,10.0,13.0,inferred
Middlesbrough,2021-05-03,3.0,4.0,5.0,6.0,6.0,7.0,8.0,9.0,10.0,11.0,11.0,13.0,15.0,inferred
Middlesbrough,2021-05-04,3.0,4.0,5.0,6.0,6.0,7.0,8.0,9.0,10.0,10.0,11.0,13.0,15.0,inferred
Middlesbrough,2021-05-05,3.0,5.0,6.0,6.0,7.0,8.0,9.0,9.0,10.0,11.0,12.0,13.0,16.0,inferred
Middlesbrough,2021-05-06,2.0,4.0,5.0,6.0,6.0,7.0,8.0,9.0,10.0,10.0,11.0,13.0,16.0,inferred
Middlesbrough,2021-05-07,2.0,4.0,5.0,5.0,6.0,6.0,7.0,8.0,9.0,9.0,10.0,11.0,14.0,inferred
Middlesbrough,2021-05-08,1.0,3.0,4.0,4.0,5.0,5.0,6.0,7.0,8.0,8.0,9.0,10.0,12.0,inferred
Middlesbrough,2021-05-09,2.0,3.0,4.0,5.0,5.0,6.0,7.0,7.0,8.0,9.0,9.0,11.0,13.0,inferred
Middlesbrough,2021-05-10,3.0,5.0,6.0,6.0,7.0,8.0,9.0,9.0,10.0,11.0,12.0,13.0,16.0,inferred
Middlesbrough,2021-05-11,3.0,4.0,5.0,6.0,6.0,7.0,8.0,9.0,10.0,10.0,11.0,12.0,15.0,inferred
Middlesbrough,2021-05-12,2.5,4.0,5.0,6.0,6.0,7.0,8.0,9.0,10.0,10.0,11.0,12.0,15.5,inferred
Middlesbrough,2021-05-13,2.0,4.0,5.0,5.0,6.0,6.0,7.0,8.0,9.0,9.0,10.0,11.0,14.0,inferred
Middlesbrough,2021-05-14,2.0,3.0,4.0,5.0,5.0,6.0,6.0,7.0,8.0,8.0,9.0,10.0,13.0,inferred
Middlesbrough,2021-05-15,1.0,2.0,3.0,3.0,3.0,4.0,5.0,5.0,6.0,7.0,7.0,8.0,11.0,inferred
Middlesbrough,2021-05-16,1.0,2.0,3.0,3.0,4.0,4.0,5.0,6.0,7.0,7.0,8.0,9.0,11.0,inferred
Middlesbrough,2021-05-17,2.0,3.0,4.0,4.0,5.0,6.0,6.0,7.0,8.0,8.0,9.0,10.0,13.0,inferred
Middlesbrough,2021-05-18,1.0,3.0,4.0,4.0,4.0,5.0,6.0,7.0,8.0,8.0,9.0,10.0,13.0,inferred
Middlesbrough,2021-05-19,2.0,3.0,4.0,4.0,5.0,5.0,6.0,7.0,8.0,8.0,9.0,10.0,13.0,inferred
Middlesbrough,2021-05-20,1.0,2.0,3.0,4.0,4.0,5.0,5.0,6.0,7.0,7.0,8.0,9.0,12.0,inferred
Middlesbrough,2021-05-21,1.0,2.0,3.0,3.0,4.0,5.0,5.0,6.0,7.0,7.0,8.0,9.0,11.0,inferred
Middlesbrough,2021-05-22,1.0,1.9,2.0,3.0,3.0,3.0,4.0,5.0,5.0,6.0,6.0,8.0,10.0,inferred
Middlesbrough,2021-05-23,1.0,2.0,3.0,3.0,3.0,4.0,5.0,5.0,6.0,6.0,7.0,8.0,11.0,inferred
Middlesbrough,2021-05-24,1.0,3.0,4.0,4.0,4.0,5.0,6.0,7.0,7.0,8.0,8.0,10.0,12.0,inferred
Middlesbrough,2021-05-25,1.0,2.0,3.0,4.0,4.0,5.0,6.0,6.0,7.0,8.0,8.0,10.0,12.0,inferred
Middlesbrough,2021-05-26,1.0,3.0,3.0,4.0,4.0,5.0,6.0,6.0,7.0,7.0,8.0,9.0,12.0,inferred
Middlesbrough,2021-05-27,1.0,2.0,3.0,4.0,4.0,5.0,5.0,6.0,7.0,7.0,8.0,9.0,11.0,inferred
Middlesbrough,2021-05-28,1.0,2.0,3.0,3.0,3.0,4.0,5.0,6.0,6.0,7.0,7.0,9.0,11.0,inferred
Middlesbrough,2021-05-29,1.0,1.0,2.0,3.0,3.0,3.0,4.0,5.0,5.0,6.0,6.0,8.0,10.0,inferred
Middlesbrough,2021-05-30,1.0,2.0,3.0,3.0,3.0,4.0,5.0,5.0,6.0,6.0,7.0,8.0,11.0,inferred
Middlesbrough,2021-05-31,1.0,3.0,4.0,4.0,5.0,5.0,6.0,7.0,7.0,8.0,8.0,10.0,12.0,inferred
Middlesbrough,2021-06-01,1.0,3.0,4.0,4.0,5.0,5.0,6.0,7.0,8.0,8.0,9.0,10.0,13.0,inferred
Middlesbrough,2021-06-02,2.0,3.0,4.0,4.0,5.0,6.0,6.0,7.0,8.0,9.0,9.0,11.0,14.0,inferred
Middlesbrough,2021-06-03,2.0,3.0,4.0,5.0,5.0,6.0,6.0,7.0,8.0,9.0,9.0,11.0,13.5,inferred
Middlesbrough,2021-06-04,1.5,3.0,4.0,4.0,5.0,5.0,6.0,7.0,8.0,8.0,9.0,10.0,13.0,inferred
Middlesbrough,2021-06-05,1.0,2.0,3.0,4.0,4.0,5.0,5.0,6.0,7.0,7.0,8.0,9.0,12.0,inferred
Middlesbrough,2021-06-06,1.0,3.0,4.0,4.0,5.0,5.0,6.0,7.0,8.0,8.0,9.0,10.0,13.0,inferred
Middlesbrough,2021-06-07,3.0,5.0,6.0,6.0,7.0,8.0,8.0,10.0,11.0,11.0,12.0,13.0,16.0,inferred
Middlesbrough,2021-06-08,3.0,5.0,6.0,7.0,7.0,8.0,9.0,10.0,10.0,11.0,12.0,13.1,17.0,inferred
Middlesbrough,2021-06-09,4.0,6.0,7.0,7.0,8.0,9.0,10.0,11.0,12.0,12.0,13.0,15.0,18.0,inferred
Middlesbrough,2021-06-10,4.0,6.0,7.0,8.0,8.0,9.0,10.0,11.0,12.0,13.0,13.0,15.0,19.0,inferred
Middlesbrough,2021-06-11,4.0,6.0,7.0,7.0,8.0,9.0,10.0,11.0,12.0,12.0,13.0,15.0,18.0,inferred
Middlesbrough,2021-06-12,3.0,4.0,6.0,6.0,7.0,8.0,9.0,9.0,10.0,11.0,12.0,13.0,16.0,inferred
Middlesbrough,2021-06-13,4.0,6.0,7.0,8.0,8.0,9.0,10.0,11.0,12.0,13.0,14.0,15.1,19.0,inferred
Middlesbrough,2021-06-14,6.5,9.0,10.0,11.0,12.0,13.0,14.0,15.0,16.0,17.0,18.0,20.0,24.0,inferred
Middlesbrough,2021-06-15,6.0,9.0,10.8,11.0,12.0,13.0,14.0,15.0,16.0,17.0,18.0,20.0,23.5,inferred
Middlesbrough,2021-06-16,7.0,10.0,12.0,12.0,13.0,14.0,15.0,17.0,18.0,19.0,20.0,22.0,26.0,inferred
Middlesbrough,2021-06-17,7.0,9.0,11.0,12.0,13.0,14.0,15.0,16.0,18.0,18.0,19.0,21.0,25.0,inferred
Middlesbrough,2021-06-18,6.0,9.0,11.0,12.0,12.0,14.0,15.0,16.0,17.0,18.0,19.0,21.0,25.0,inferred
Midlothian,2021-03-06,43.0,56.0,65.0,69.0,72.0,77.0,82.0,88.0,95.0,99.0,102.0,113.1,133.0,inferred
Midlothian,2021-03-07,35.0,47.0,54.0,57.0,60.0,65.0,70.0,76.0,82.0,86.0,90.0,101.0,119.0,inferred
Midlothian,2021-03-08,28.0,38.0,44.0,47.0,51.0,55.0,59.0,64.0,70.0,74.0,77.0,86.0,103.5,inferred
Midlothian,2021-03-09,34.0,44.0,50.0,53.0,55.0,61.0,65.0,71.0,76.0,79.0,84.0,94.0,111.0,inferred
Midlothian,2021-03-10,53.0,64.0,73.0,76.0,79.0,86.0,92.0,98.0,104.0,109.0,114.0,128.0,149.5,inferred
Midlothian,2021-03-11,50.0,62.0,71.0,75.0,78.0,84.0,90.0,96.0,103.0,106.0,110.0,123.1,146.0,inferred
Midlothian,2021-03-12,55.0,67.0,77.0,81.0,85.0,91.6,98.0,105.0,112.0,116.0,120.0,133.0,155.5,inferred
Midlothian,2021-03-13,52.5,65.0,74.0,77.0,80.0,87.0,93.0,100.0,108.0,111.0,115.0,128.0,148.5,inferred
Midlothian,2021-03-14,45.0,57.0,65.0,69.0,71.7,77.0,83.0,89.4,97.0,102.0,107.0,119.0,141.0,inferred
Midlothian,2021-03-15,36.5,46.0,53.0,56.0,59.0,64.0,70.0,75.0,81.0,84.0,88.0,101.0,121.5,inferred
Midlothian,2021-03-16,40.0,51.0,59.0,63.0,65.0,72.0,78.0,83.0,89.0,93.0,97.2,109.0,131.5,inferred
Midlothian,2021-03-17,59.0,74.0,83.0,88.0,91.0,98.0,105.0,112.0,119.0,124.0,128.0,144.0,166.5,inferred
Midlothian,2021-03-18,56.0,69.0,78.0,83.0,86.0,92.6,99.0,104.0,111.0,115.0,120.0,133.0,157.5,inferred
Midlothian,2021-03-19,59.0,72.0,82.0,86.0,90.0,96.0,102.0,109.0,116.0,120.0,126.0,140.0,165.0,inferred
Midlothian,2021-03-20,51.5,65.0,75.0,78.0,81.0,88.0,94.5,101.0,108.3,112.0,117.0,128.0,152.5,inferred
Midlothian,2021-03-21,43.0,54.0,63.0,66.0,69.0,75.0,81.0,88.0,94.0,98.0,102.0,114.0,132.0,inferred
Midlothian,2021-03-22,32.5,42.9,50.0,53.0,55.7,61.0,67.0,72.0,78.3,82.0,86.0,97.0,114.0,inferred
Midlothian,2021-03-23,35.5,46.0,54.0,58.0,61.0,66.0,71.0,77.0,83.0,87.0,90.0,102.0,123.0,inferred
Midlothian,2021-03-24,49.5,63.0,72.0,77.0,81.0,87.0,93.0,100.0,108.0,112.0,117.0,129.0,153.5,inferred
Midlothian,2021-03-25,45.0,59.0,67.0,70.0,73.0,79.0,85.0,91.0,98.0,102.0,107.0,119.0,139.0,inferred
Midlothian,2021-03-26,48.0,60.0,69.0,72.0,76.0,82.0,87.0,93.0,100.0,103.0,108.0,122.0,143.5,inferred
Midlothian,2021-03-27,42.0,54.0,62.0,66.0,69.0,75.0,81.0,86.0,94.0,98.2,102.0,114.0,133.0,inferred
Midlothian,2021-03-28,34.0,43.0,51.0,54.0,57.0,62.0,66.5,72.0,77.3,81.0,84.2,95.1,113.5,inferred
Midlothian,2021-03-29,22.5,32.0,40.0,42.0,44.0,50.0,55.0,60.0,65.0,68.0,71.0,81.0,98.0,inferred
Midlothian,2021-03-30,25.0,35.0,43.0,45.0,48.0,53.0,57.0,62.0,68.0,71.0,75.2,87.0,105.0,inferred
Midlothian,2021-03-31,38.0,48.0,56.0,59.0,62.0,68.0,73.0,79.0,85.0,89.0,93.0,105.0,123.5,inferred
Midlothian,2021-04-01,32.0,42.0,49.0,52.0,55.0,60.0,65.0,70.0,77.0,81.0,86.0,95.0,116.0,inferred
Midlothian,2021-04-02,29.5,41.0,49.0,52.0,56.0,60.0,65.0,70.0,77.0,81.0,84.0,96.0,115.5,inferred
Midlothian,2021-04-03,25.5,36.0,44.0,47.0,50.0,54.0,59.0,65.0,70.0,73.0,77.0,88.0,106.0,inferred
Midlothian,2021-04-04,21.0,29.0,35.0,37.0,39.0,43.0,47.0,53.0,58.3,62.0,66.0,74.0,93.0,inferred
Midlothian,2021-04-05,13.0,20.0,26.0,28.0,30.0,34.0,38.0,42.0,46.0,49.0,52.0,60.0,73.0,inferred
Midlothian,2021-04-06,14.0,21.0,27.0,29.0,31.0,35.0,39.0,43.0,48.0,50.0,53.2,62.1,79.0,inferred
Midlothian,2021-04-07,23.0,29.0,36.0,39.0,41.0,46.0,50.0,55.0,61.0,63.0,67.0,75.0,91.0,inferred
Midlothian,2021-04-08,19.0,27.0,32.0,34.0,36.0,41.0,45.0,49.4,55.0,58.0,62.0,71.0,83.0,inferred
Midlothian,2021-04-09,19.0,26.0,32.0,34.0,36.0,41.0,45.0,49.0,54.0,58.0,60.0,70.0,87.5,inferred
Midlothian,2021-04-10,15.0,23.0,28.0,30.0,32.0,36.0,40.0,44.0,49.0,52.0,55.0,64.0,77.0,inferred
Midlothian,2021-04-11,10.0,17.0,21.0,23.0,25.0,28.0,32.0,36.0,40.0,42.0,46.0,55.0,70.0,inferred
Midlothian,2021-04-12,7.0,12.0,16.0,17.0,19.0,23.0,25.0,29.0,33.0,35.0,39.0,46.0,58.0,inferred
Midlothian,2021-04-13,8.0,12.0,17.0,19.0,20.0,23.0,26.0,30.0,34.0,37.0,39.0,47.0,62.0,inferred
Midlothian,2021-04-14,12.5,20.0,25.0,27.0,29.0,33.0,36.0,40.0,44.0,47.0,50.0,57.0,70.0,inferred
Midlothian,2021-04-15,11.0,17.0,21.0,23.0,25.0,28.0,32.0,36.0,41.0,43.0,46.0,55.1,70.0,inferred
Midlothian,2021-04-16,11.0,18.0,23.0,24.0,26.0,30.0,34.0,38.0,42.0,45.0,48.0,57.0,73.0,inferred
Midlothian,2021-04-17,10.0,16.0,20.0,22.0,24.0,28.0,31.0,35.0,39.0,42.0,45.0,53.1,66.0,inferred
Midlothian,2021-04-18,7.0,13.0,16.0,18.0,20.0,24.0,26.0,30.0,33.0,36.0,38.2,47.0,60.0,inferred
Midlothian,2021-04-19,6.0,10.0,12.0,14.0,15.0,18.0,21.0,25.0,28.0,30.0,33.0,42.0,53.5,inferred
Midlothian,2021-04-20,5.0,10.0,14.0,15.0,17.0,20.0,23.0,26.0,30.0,32.0,35.0,42.0,55.0,inferred
Midlothian,2021-04-21,10.0,16.0,21.0,23.0,25.0,29.0,32.0,36.0,39.0,42.0,45.0,53.0,67.0,inferred
Midlothian,2021-04-22,9.0,14.0,18.0,20.0,22.0,25.0,28.0,32.0,36.0,39.0,41.0,49.0,64.0,inferred
Midlothian,2021-04-23,9.0,15.0,20.0,22.0,24.0,27.0,31.0,34.0,39.0,41.0,44.0,52.0,67.5,inferred
Midlothian,2021-04-24,8.0,14.0,18.0,20.0,22.0,25.0,28.0,32.0,37.0,39.0,41.0,48.0,65.0,inferred
Midlothian,2021-04-25,7.0,12.0,15.0,17.0,19.0,22.0,25.0,28.0,33.0,35.0,37.0,44.0,56.0,inferred
Midlothian,2021-04-26,4.0,8.0,11.0,13.0,14.0,17.0,20.0,23.0,27.0,29.0,31.0,38.0,48.0,inferred
Midlothian,2021-04-27,5.0,9.0,13.0,14.0,15.0,18.0,21.0,24.0,28.0,30.0,32.0,38.0,49.0,inferred
Midlothian,2021-04-28,9.0,14.0,19.0,21.0,23.0,26.0,30.0,33.4,38.0,40.0,42.0,49.0,63.0,inferred
Midlothian,2021-04-29,9.0,14.0,17.0,19.0,21.0,24.0,27.0,31.0,35.3,38.0,41.0,48.0,64.0,inferred
Midlothian,2021-04-30,9.0,14.0,19.0,21.0,23.0,26.0,29.0,32.0,36.0,38.0,41.0,49.0,62.0,inferred
Midlothian,2021-05-01,8.0,13.0,18.0,20.0,21.0,24.0,27.0,31.4,35.0,38.0,41.0,49.0,64.0,inferred
Midlothian,2021-05-02,6.0,11.0,15.0,16.0,18.0,20.0,24.0,26.0,30.0,32.0,35.0,42.0,54.0,inferred
Midlothian,2021-05-03,4.0,8.0,11.0,12.0,14.0,16.0,19.0,22.0,25.0,28.0,30.0,37.0,48.5,inferred
Midlothian,2021-05-04,5.0,9.0,12.0,14.0,15.0,18.0,21.0,24.0,28.0,30.0,33.0,40.0,52.0,inferred
Midlothian,2021-05-05,9.0,15.0,19.0,21.0,22.0,26.0,29.0,33.0,36.0,39.0,42.0,49.0,62.5,inferred
Midlothian,2021-05-06,8.0,13.0,18.0,20.0,21.0,25.0,28.0,31.0,36.0,38.2,41.0,50.0,64.0,inferred
Midlothian,2021-05-07,11.0,16.0,21.0,22.0,24.0,28.0,30.0,34.0,39.0,41.0,44.0,53.1,67.0,inferred
Midlothian,2021-05-08,10.0,16.0,21.0,23.0,25.0,28.0,31.0,35.0,38.0,41.0,44.0,52.0,67.5,inferred
Midlothian,2021-05-09,8.0,12.9,16.0,18.0,20.0,23.0,26.0,30.0,34.0,37.0,40.0,48.0,60.0,inferred
Midlothian,2021-05-10,5.0,10.0,14.0,15.0,17.0,20.0,23.0,26.0,29.0,32.0,34.0,40.1,54.0,inferred
Midlothian,2021-05-11,7.0,12.0,16.0,18.0,20.0,23.0,26.0,29.0,33.0,35.0,39.0,47.0,61.0,inferred
Midlothian,2021-05-12,14.0,20.9,25.0,28.0,29.0,33.0,36.0,40.0,44.0,47.0,51.0,59.0,77.0,inferred
Midlothian,2021-05-13,14.0,20.0,25.0,27.0,29.0,33.0,36.0,40.0,45.0,48.0,50.0,58.0,70.0,inferred
Midlothian,2021-05-14,16.0,22.0,28.0,30.0,32.0,36.0,40.0,44.0,49.0,52.0,55.0,65.0,78.0,inferred
Midlothian,2021-05-15,15.5,22.0,27.8,30.0,32.0,36.0,40.0,45.0,50.0,53.0,56.0,64.0,83.0,inferred
Midlothian,2021-05-16,12.0,19.0,25.0,27.0,29.0,33.0,36.0,40.0,45.0,48.0,51.0,59.1,75.0,inferred
Midlothian,2021-05-17,9.0,15.0,20.0,22.0,24.0,27.0,31.0,35.0,39.0,41.0,44.0,52.0,65.0,inferred
Midlothian,2021-05-18,13.0,20.0,25.0,27.0,29.0,33.0,36.0,40.0,44.0,47.0,50.0,58.0,71.0,inferred
Midlothian,2021-05-19,23.0,31.0,38.0,40.0,43.0,47.0,52.0,56.0,62.0,65.0,69.0,79.0,98.0,inferred
Midlothian,2021-05-20,23.0,31.0,38.0,40.0,42.0,46.0,52.0,56.0,62.0,66.0,70.0,80.0,95.0,inferred
Midlothian,2021-05-21,27.0,38.0,45.0,48.0,50.7,55.0,60.0,66.0,71.0,74.0,78.0,91.0,108.0,inferred
Midlothian,2021-05-22,28.0,38.0,46.0,48.0,51.0,55.0,60.0,65.0,71.0,75.0,78.0,89.0,106.0,inferred
Midlothian,2021-05-23,25.0,34.0,41.0,43.0,45.0,51.0,55.0,60.0,66.0,69.0,73.0,84.0,105.5,inferred
Midlothian,2021-05-24,20.0,29.0,35.0,37.0,40.0,44.0,48.0,52.0,57.0,60.0,63.0,73.0,92.5,inferred
Midlothian,2021-05-25,27.5,37.0,43.0,45.0,47.0,52.0,57.0,62.0,68.0,70.2,75.0,85.0,101.0,inferred
Midlothian,2021-05-26,47.0,60.0,69.0,73.0,76.0,82.0,88.0,94.0,101.0,105.0,111.0,123.0,145.0,inferred
Midlothian,2021-05-27,51.5,64.0,72.8,77.0,80.0,86.0,92.0,98.0,105.0,109.0,113.2,127.0,150.0,inferred
Midlothian,2021-05-28,64.0,77.9,87.0,91.0,94.0,100.0,107.0,114.0,121.0,126.0,130.0,142.0,164.5,inferred
Midlothian,2021-05-29,67.0,80.0,90.8,95.0,99.0,106.0,112.0,119.0,128.0,133.0,137.0,150.0,174.0,inferred
Midlothian,2021-05-30,63.0,76.0,86.0,91.0,95.0,101.0,108.0,116.0,123.0,127.0,133.0,146.0,167.0,inferred
Midlothian,2021-05-31,55.5,67.0,78.0,81.0,85.0,91.0,98.0,105.0,112.0,117.0,122.2,136.0,159.5,inferred
Midlothian,2021-06-01,68.5,83.0,95.0,98.0,102.0,110.0,116.5,123.0,132.0,137.0,142.0,158.0,179.5,inferred
Midlothian,2021-06-02,110.0,127.0,139.0,146.0,150.0,160.0,168.0,178.0,187.0,193.0,199.0,217.0,242.0,inferred
Midlothian,2021-06-03,111.0,132.0,144.0,149.8,154.0,163.0,171.0,179.4,189.0,195.0,201.0,216.0,241.0,inferred
Midlothian,2021-06-04,129.0,150.0,164.8,170.8,175.0,184.0,193.0,203.0,213.0,218.0,226.0,244.0,272.5,inferred
Midlothian,2021-06-05,133.0,153.0,167.8,172.0,177.0,187.0,195.0,204.0,214.0,219.0,228.0,245.0,274.0,inferred
Midlothian,2021-06-06,119.0,139.0,154.0,159.0,164.0,173.0,181.0,189.0,199.0,205.0,211.0,231.0,262.5,inferred
Midlothian,2021-06-07,101.5,120.0,135.8,140.0,144.0,152.0,161.0,169.0,178.0,184.0,192.0,209.0,238.0,inferred
Midlothian,2021-06-08,123.0,141.0,154.8,159.0,164.0,173.0,181.0,190.0,200.0,206.0,213.0,233.0,261.0,inferred
Midlothian,2021-06-09,178.5,203.0,220.0,227.0,232.7,243.0,252.0,263.0,275.0,281.0,289.2,308.0,341.0,inferred
Midlothian,2021-06-10,171.0,194.9,210.0,217.0,223.0,232.0,242.0,252.0,263.0,270.0,277.0,298.0,337.0,inferred
Midlothian,2021-06-11,186.5,208.9,228.0,236.0,241.0,251.0,262.0,273.0,286.0,293.0,299.2,320.0,351.0,inferred
Midlothian,2021-06-12,176.0,203.0,218.0,224.0,230.0,241.0,251.0,261.0,273.3,282.0,290.0,308.0,340.0,inferred
Midlothian,2021-06-13,156.0,178.0,193.0,200.0,205.0,215.0,224.0,236.0,247.0,253.0,260.0,280.1,309.0,inferred
Midlothian,2021-06-14,124.0,147.0,158.0,165.0,170.0,180.0,189.0,198.0,209.0,214.2,221.0,239.0,263.0,inferred
Midlothian,2021-06-15,137.0,162.0,178.0,184.0,190.0,199.0,208.0,218.0,227.3,232.0,240.0,258.0,287.0,inferred
Midlothian,2021-06-16,190.0,220.0,237.0,245.0,251.0,263.0,274.0,286.0,298.0,304.0,313.0,333.0,370.0,inferred
Midlothian,2021-06-17,175.0,200.0,218.0,225.0,231.0,243.0,252.0,263.4,276.0,283.2,292.0,313.0,347.0,inferred
Midlothian,2021-06-18,184.0,205.0,223.0,231.0,237.0,250.0,262.0,274.0,287.0,294.0,303.0,328.1,370.0,inferred
Milton Keynes,2021-03-06,12.0,15.0,17.0,18.0,19.0,21.0,22.0,24.0,25.0,26.0,28.0,31.0,36.0,inferred
Milton Keynes,2021-03-07,14.0,18.0,21.0,22.0,23.0,25.0,27.0,28.0,30.0,31.0,33.0,36.0,41.0,inferred
Milton Keynes,2021-03-08,20.0,23.0,26.0,27.0,28.0,30.0,32.0,33.0,35.0,36.0,38.0,41.0,46.5,inferred
Milton Keynes,2021-03-09,18.0,22.0,24.0,25.0,26.0,28.0,30.0,32.0,34.0,35.0,37.0,40.0,47.0,inferred
Milton Keynes,2021-03-10,18.0,21.0,24.0,25.0,27.0,29.0,30.0,32.0,34.0,35.0,36.0,40.0,45.5,inferred
Milton Keynes,2021-03-11,15.0,19.0,21.0,22.0,23.0,25.0,27.0,28.0,31.0,32.0,33.0,36.0,42.0,inferred
Milton Keynes,2021-03-12,12.0,15.0,17.0,18.0,19.0,21.0,22.0,24.0,26.0,27.0,28.0,31.0,36.0,inferred
Milton Keynes,2021-03-13,8.0,11.0,13.0,14.0,15.0,16.0,18.0,19.0,21.0,22.0,23.0,26.0,30.0,inferred
Milton Keynes,2021-03-14,10.0,13.0,15.0,16.0,17.0,18.0,20.0,21.0,23.0,24.0,25.0,28.0,33.0,inferred
Milton Keynes,2021-03-15,12.0,16.0,18.0,19.0,20.0,22.0,23.0,25.0,27.0,28.0,29.0,32.0,37.0,inferred
Milton Keynes,2021-03-16,11.0,14.0,17.0,18.0,19.0,21.0,22.0,24.0,26.0,26.0,27.0,31.0,36.0,inferred
Milton Keynes,2021-03-17,11.0,15.0,17.0,18.0,19.0,21.0,22.0,24.0,26.0,27.0,28.0,31.0,36.0,inferred
Milton Keynes,2021-03-18,10.0,14.0,16.0,17.0,18.0,19.0,21.0,22.0,24.0,25.0,26.0,29.0,34.0,inferred
Milton Keynes,2021-03-19,8.0,11.0,13.0,14.0,15.0,16.0,18.0,19.0,21.0,22.0,23.0,26.0,31.0,inferred
Milton Keynes,2021-03-20,6.0,9.0,10.0,11.0,12.0,13.0,14.0,15.0,17.0,18.0,19.0,21.0,25.0,inferred
Milton Keynes,2021-03-21,8.0,10.9,13.0,13.0,14.0,15.0,17.0,18.0,20.0,21.0,21.2,24.0,29.0,inferred
Milton Keynes,2021-03-22,10.0,14.0,16.0,17.0,17.0,19.0,20.5,22.0,24.0,24.0,25.0,28.1,34.0,inferred
Milton Keynes,2021-03-23,10.0,13.0,15.0,16.0,16.0,18.0,19.0,21.0,23.0,24.0,25.0,28.0,33.0,inferred
Milton Keynes,2021-03-24,10.0,13.0,15.0,16.0,17.0,18.0,20.0,21.0,23.0,24.0,25.0,28.0,33.0,inferred
Milton Keynes,2021-03-25,8.5,11.0,13.0,14.0,15.0,16.0,18.0,19.0,21.0,22.0,23.0,26.0,31.0,inferred
Milton Keynes,2021-03-26,7.0,9.0,11.0,12.0,13.0,14.0,15.0,16.4,18.0,19.0,20.0,22.0,27.0,inferred
Milton Keynes,2021-03-27,5.0,7.0,9.0,9.0,10.0,11.0,12.0,13.0,15.0,16.0,16.2,18.1,23.0,inferred
Milton Keynes,2021-03-28,6.0,8.0,10.0,11.0,11.7,13.0,14.0,15.0,17.0,18.0,19.0,21.0,25.5,inferred
Milton Keynes,2021-03-29,8.0,10.0,12.0,13.0,14.0,15.0,17.0,18.0,20.0,21.0,22.0,25.0,29.0,inferred
Milton Keynes,2021-03-30,7.0,10.0,12.0,12.0,13.0,15.0,16.0,17.0,19.0,20.0,21.0,23.0,27.0,inferred
Milton Keynes,2021-03-31,8.0,10.0,12.0,13.0,14.0,15.0,16.0,18.0,19.0,20.0,21.0,24.0,29.0,inferred
Milton Keynes,2021-04-01,6.0,9.0,11.0,11.0,12.0,13.0,15.0,16.0,18.0,18.2,19.0,21.0,26.0,inferred
Milton Keynes,2021-04-02,5.0,7.0,9.0,10.0,10.0,12.0,13.0,14.0,15.0,16.0,17.0,19.0,23.0,inferred
Milton Keynes,2021-04-03,3.5,5.0,7.0,7.0,8.0,9.0,10.0,11.0,12.0,13.0,14.0,16.0,20.0,inferred
Milton Keynes,2021-04-04,4.0,6.0,8.0,9.0,9.0,11.0,12.0,13.0,14.0,15.0,16.0,18.0,22.0,inferred
Milton Keynes,2021-04-05,6.0,8.0,10.0,11.0,12.0,13.0,14.0,15.0,17.0,18.0,19.0,21.0,25.0,inferred
Milton Keynes,2021-04-06,6.0,8.0,9.0,10.0,11.0,12.0,13.0,14.0,16.0,17.0,17.0,20.0,24.0,inferred
Milton Keynes,2021-04-07,6.0,8.0,10.0,11.0,12.0,13.0,14.0,15.0,17.0,17.0,18.0,21.0,26.0,inferred
Milton Keynes,2021-04-08,4.0,7.0,9.0,9.0,10.0,11.0,12.0,14.0,15.0,16.0,17.0,19.0,23.0,inferred
Milton Keynes,2021-04-09,4.0,6.0,8.0,8.0,9.0,10.0,11.0,12.0,13.0,14.0,14.0,17.0,20.0,inferred
Milton Keynes,2021-04-10,3.0,4.0,5.0,6.0,7.0,8.0,8.0,9.0,11.0,11.0,12.0,14.0,17.0,inferred
Milton Keynes,2021-04-11,3.0,5.0,6.0,7.0,8.0,9.0,10.0,11.0,12.0,12.0,13.0,15.0,19.0,inferred
Milton Keynes,2021-04-12,4.0,6.0,8.0,8.0,9.0,10.0,11.0,12.0,14.0,15.0,15.0,18.0,21.0,inferred
Milton Keynes,2021-04-13,3.0,5.0,7.0,7.0,8.0,9.0,10.0,12.0,13.0,14.0,15.0,17.0,21.0,inferred
Milton Keynes,2021-04-14,4.0,6.0,7.0,8.0,8.0,9.6,11.0,12.0,13.0,14.0,14.0,17.0,21.0,inferred
Milton Keynes,2021-04-15,3.0,5.0,6.0,7.0,7.0,8.0,9.0,10.0,11.0,12.0,13.0,15.0,19.0,inferred
Milton Keynes,2021-04-16,2.0,4.0,5.0,5.0,6.0,7.0,8.0,9.0,10.0,10.0,11.0,13.0,17.0,inferred
Milton Keynes,2021-04-17,1.0,3.0,4.0,4.0,5.0,5.0,6.0,7.0,8.0,9.0,9.0,11.0,14.0,inferred
Milton Keynes,2021-04-18,2.0,3.0,4.0,5.0,5.0,6.0,7.0,8.0,9.0,9.0,10.0,12.0,15.5,inferred
Milton Keynes,2021-04-19,2.0,4.0,5.0,6.0,6.0,7.0,8.0,9.0,10.0,11.0,12.0,14.0,17.0,inferred
Milton Keynes,2021-04-20,2.0,3.0,5.0,5.0,6.0,7.0,8.0,9.0,10.0,10.0,11.0,13.0,17.0,inferred
Milton Keynes,2021-04-21,2.0,4.0,5.0,6.0,6.0,7.0,8.0,9.0,10.0,11.0,11.0,13.0,17.0,inferred
Milton Keynes,2021-04-22,2.0,3.0,5.0,5.0,6.0,7.0,7.0,8.0,9.0,10.0,11.0,12.0,16.0,inferred
Milton Keynes,2021-04-23,1.0,3.0,4.0,4.0,5.0,6.0,6.0,7.0,8.0,9.0,9.0,11.0,14.0,inferred
Milton Keynes,2021-04-24,1.0,2.0,3.0,3.0,4.0,4.0,5.0,6.0,7.0,7.0,8.0,9.0,12.0,inferred
Milton Keynes,2021-04-25,1.0,2.0,3.0,4.0,4.0,5.0,6.0,7.0,8.0,8.0,9.0,11.0,14.0,inferred
Milton Keynes,2021-04-26,2.0,3.0,4.0,5.0,5.0,6.0,7.0,8.0,9.0,9.0,10.0,12.0,15.0,inferred
Milton Keynes,2021-04-27,1.0,3.0,4.0,4.0,5.0,6.0,7.0,8.0,8.0,9.0,10.0,12.0,15.0,inferred
Milton Keynes,2021-04-28,1.0,3.0,4.0,5.0,5.0,6.0,7.0,8.0,9.0,9.0,10.0,12.0,16.0,inferred
Milton Keynes,2021-04-29,1.0,3.0,4.0,4.0,5.0,5.0,6.0,7.0,8.0,9.0,9.0,11.0,15.0,inferred
Milton Keynes,2021-04-30,1.0,2.0,3.0,3.0,4.0,4.0,5.0,6.0,7.0,7.0,8.0,9.1,13.0,inferred
Milton Keynes,2021-05-01,0.0,1.0,2.0,3.0,3.0,4.0,4.0,5.0,6.0,6.0,7.0,9.0,12.0,inferred
Milton Keynes,2021-05-02,1.0,2.0,3.0,3.0,4.0,4.0,5.0,6.0,7.0,7.0,8.0,10.0,13.0,inferred
Milton Keynes,2021-05-03,1.0,3.0,4.0,4.0,5.0,5.0,6.0,7.0,8.0,9.0,9.0,11.0,14.0,inferred
Milton Keynes,2021-05-04,1.0,3.0,4.0,4.0,5.0,6.0,7.0,8.0,8.0,9.0,10.0,12.0,14.5,inferred
Milton Keynes,2021-05-05,1.0,3.0,4.0,5.0,5.0,6.0,7.0,8.0,9.0,10.0,10.0,12.0,16.0,inferred
Milton Keynes,2021-05-06,1.0,3.0,4.0,5.0,5.0,6.0,7.0,8.0,9.0,10.0,10.0,12.0,15.5,inferred
Milton Keynes,2021-05-07,1.0,3.0,4.0,4.0,4.0,5.0,6.0,7.0,8.0,8.0,9.0,11.0,14.0,inferred
Milton Keynes,2021-05-08,1.0,2.0,3.0,3.0,4.0,4.0,5.0,6.0,7.0,7.0,8.0,10.0,13.0,inferred
Milton Keynes,2021-05-09,1.0,3.0,4.0,4.0,4.0,5.0,6.0,7.0,8.0,8.0,9.0,11.0,14.0,inferred
Milton Keynes,2021-05-10,2.0,3.9,5.0,5.0,6.0,7.0,8.0,9.0,10.0,11.0,12.0,14.0,17.0,inferred
Milton Keynes,2021-05-11,2.0,4.0,5.0,5.0,6.0,7.0,8.0,9.0,10.0,11.0,11.0,13.0,17.0,inferred
Milton Keynes,2021-05-12,2.0,4.0,5.0,6.0,6.0,7.0,9.0,9.0,10.3,11.0,12.0,14.0,17.0,inferred
Milton Keynes,2021-05-13,2.0,4.0,5.0,6.0,6.0,7.0,8.0,9.0,10.0,10.2,11.0,13.0,17.0,inferred
Milton Keynes,2021-05-14,2.0,3.0,4.0,5.0,5.0,6.0,7.0,8.0,9.0,10.0,10.0,12.0,15.0,inferred
Milton Keynes,2021-05-15,1.0,2.0,3.0,4.0,4.0,5.0,6.0,7.0,8.0,8.0,9.0,11.0,13.0,inferred
Milton Keynes,2021-05-16,2.0,3.0,4.0,5.0,5.0,6.0,7.0,8.0,9.0,10.0,11.0,13.0,16.0,inferred
Milton Keynes,2021-05-17,3.0,5.0,6.0,7.0,7.0,8.0,9.0,10.0,11.0,12.0,13.0,15.0,19.0,inferred
Milton Keynes,2021-05-18,3.0,5.0,6.0,7.0,7.0,8.0,9.0,10.0,11.0,12.0,13.0,15.0,19.0,inferred
Milton Keynes,2021-05-19,3.5,5.0,7.0,7.0,8.0,9.0,10.0,11.0,13.0,13.0,14.0,17.0,20.0,inferred
Milton Keynes,2021-05-20,3.0,5.0,6.0,7.0,8.0,9.0,10.0,11.0,12.0,13.0,14.0,16.0,20.0,inferred
Milton Keynes,2021-05-21,3.0,4.0,6.0,6.0,7.0,8.0,9.0,10.0,11.0,12.0,12.0,15.0,18.0,inferred
Milton Keynes,2021-05-22,2.0,4.0,5.0,5.0,6.0,7.0,8.0,9.0,10.0,11.0,11.0,13.0,16.0,inferred
Milton Keynes,2021-05-23,3.0,5.0,6.0,7.0,8.0,9.0,10.0,11.0,12.0,13.0,13.0,16.0,19.0,inferred
Milton Keynes,2021-05-24,5.0,7.0,9.0,9.0,10.0,12.0,13.0,14.0,15.0,16.0,17.0,19.0,24.0,inferred
Milton Keynes,2021-05-25,5.0,8.0,10.0,10.0,11.0,12.0,13.0,14.0,15.3,16.0,17.0,20.0,23.0,inferred
Milton Keynes,2021-05-26,6.0,8.0,11.0,11.0,12.0,13.0,14.0,16.0,17.0,18.0,19.0,22.0,26.0,inferred
Milton Keynes,2021-05-27,6.0,9.0,10.0,11.0,12.0,13.0,14.0,16.0,17.0,18.0,19.0,22.0,26.0,inferred
Milton Keynes,2021-05-28,5.0,8.0,9.0,10.0,11.0,12.0,13.0,14.0,16.0,17.0,17.0,20.0,25.0,inferred
Milton Keynes,2021-05-29,4.0,6.0,8.0,9.0,9.0,10.0,11.0,13.0,14.0,15.0,15.0,18.0,22.0,inferred
Milton Keynes,2021-05-30,6.0,8.0,10.0,11.0,12.0,13.0,14.0,16.0,17.0,18.0,19.0,22.0,27.0,inferred
Milton Keynes,2021-05-31,9.0,12.0,14.0,15.0,16.0,17.0,18.0,20.0,21.0,22.0,24.0,27.0,31.5,inferred
Milton Keynes,2021-06-01,9.0,12.0,15.0,16.0,16.0,18.0,20.0,21.0,22.0,23.0,24.0,27.0,32.0,inferred
Milton Keynes,2021-06-02,11.0,14.0,16.0,17.0,18.0,19.0,21.0,23.0,24.0,25.0,26.0,30.0,35.5,inferred
Milton Keynes,2021-06-03,10.0,14.0,16.0,17.0,17.0,19.0,20.0,22.0,24.0,25.0,25.2,29.0,35.0,inferred
Milton Keynes,2021-06-04,9.0,12.0,14.0,15.0,16.0,17.0,19.0,20.0,22.0,23.0,24.0,27.0,32.0,inferred
Milton Keynes,2021-06-05,8.0,10.0,12.0,13.0,14.0,15.0,16.0,18.0,19.0,20.0,21.0,24.0,28.0,inferred
Milton Keynes,2021-06-06,10.0,13.0,15.0,16.0,17.0,18.0,20.0,21.0,23.0,24.0,25.0,28.0,34.0,inferred
Milton Keynes,2021-06-07,14.0,17.0,20.0,21.0,22.0,24.0,26.0,27.0,29.0,30.0,31.0,35.0,41.0,inferred
Milton Keynes,2021-06-08,14.0,17.0,20.0,21.0,22.0,24.0,26.0,27.0,30.0,31.0,31.0,35.0,41.0,inferred
Milton Keynes,2021-06-09,15.0,19.0,22.0,23.0,24.0,26.0,28.0,29.0,31.0,32.0,33.0,37.0,43.0,inferred
Milton Keynes,2021-06-10,14.0,18.0,20.0,21.0,22.0,24.0,26.0,27.0,29.0,30.0,32.0,35.0,41.0,inferred
Milton Keynes,2021-06-11,12.5,16.0,18.0,19.0,20.0,22.0,23.0,25.0,27.0,28.0,29.0,32.0,37.0,inferred
Milton Keynes,2021-06-12,10.0,13.0,15.0,16.0,17.0,18.0,20.0,21.0,23.0,24.0,25.0,28.0,33.0,inferred
Milton Keynes,2021-06-13,13.0,16.0,19.0,19.0,20.0,22.0,23.0,25.0,27.0,28.0,29.0,33.0,38.5,inferred
Milton Keynes,2021-06-14,17.0,20.0,23.0,25.0,25.0,27.0,29.0,31.0,33.0,34.0,35.0,39.0,45.0,inferred
Milton Keynes,2021-06-15,15.0,20.0,23.0,24.0,25.0,27.0,29.0,31.0,33.0,34.0,35.0,39.0,45.0,inferred
Milton Keynes,2021-06-16,17.0,22.0,25.0,26.0,27.0,29.0,30.0,32.0,34.0,36.0,37.0,40.1,47.0,inferred
Milton Keynes,2021-06-17,16.0,20.0,23.0,24.0,25.0,27.0,29.0,31.0,33.0,34.2,36.0,39.0,45.0,inferred
Milton Keynes,2021-06-18,13.0,17.0,19.0,21.0,22.0,23.0,25.0,27.0,29.0,30.0,31.0,35.0,40.5,inferred
Mole Valley,2021-03-06,0.0,1.0,1.0,1.0,2.0,2.0,2.0,3.0,3.0,4.0,4.0,5.0,7.0,inferred
Mole Valley,2021-03-07,0.0,1.0,2.0,2.0,2.0,3.0,3.0,4.0,4.0,4.0,5.0,6.0,8.0,inferred
Mole Valley,2021-03-08,0.0,1.0,2.0,2.0,3.0,3.0,4.0,5.0,5.0,6.0,6.0,7.0,10.0,inferred
Mole Valley,2021-03-09,0.0,1.0,2.0,2.0,3.0,3.0,4.0,4.0,5.0,6.0,6.0,7.0,9.0,inferred
Mole Valley,2021-03-10,1.0,2.0,2.0,3.0,3.0,4.0,4.0,5.0,5.0,6.0,6.0,8.0,10.0,inferred
Mole Valley,2021-03-11,0.0,1.0,2.0,2.0,3.0,3.0,4.0,4.0,5.0,5.0,6.0,7.0,9.0,inferred
Mole Valley,2021-03-12,0.0,1.0,1.0,2.0,2.0,3.0,3.0,4.0,4.0,4.0,5.0,6.0,8.0,inferred
Mole Valley,2021-03-13,0.0,0.0,1.0,1.0,1.0,2.0,2.0,3.0,3.0,4.0,4.0,5.0,7.0,inferred
Mole Valley,2021-03-14,0.0,1.0,1.0,1.0,2.0,2.0,3.0,3.0,4.0,4.0,5.0,6.0,8.0,inferred
Mole Valley,2021-03-15,0.0,1.0,2.0,2.0,2.0,3.0,3.0,4.0,4.0,5.0,5.0,6.0,8.0,inferred
Mole Valley,2021-03-16,0.0,1.0,1.0,2.0,2.0,2.0,3.0,3.0,4.0,4.0,5.0,6.0,8.0,inferred
Mole Valley,2021-03-17,0.0,1.0,1.0,2.0,2.0,2.0,3.0,3.0,4.0,4.0,5.0,6.0,9.0,inferred
Mole Valley,2021-03-18,0.0,1.0,1.0,1.0,2.0,2.0,3.0,3.0,4.0,4.0,4.0,5.1,8.0,inferred
Mole Valley,2021-03-19,0.0,0.0,1.0,1.0,1.0,2.0,2.0,3.0,3.0,3.0,4.0,5.0,6.5,inferred
Mole Valley,2021-03-20,0.0,0.0,1.0,1.0,1.0,1.0,2.0,2.0,3.0,3.0,3.0,4.0,6.0,inferred
Mole Valley,2021-03-21,0.0,0.0,1.0,1.0,1.0,1.0,2.0,2.0,3.0,3.0,3.0,4.0,6.0,inferred
Mole Valley,2021-03-22,0.0,0.0,1.0,1.0,1.0,2.0,2.0,3.0,3.3,4.0,4.0,5.0,7.0,inferred
Mole Valley,2021-03-23,0.0,0.0,1.0,1.0,1.0,2.0,2.0,3.0,3.0,4.0,4.0,5.0,7.0,inferred
Mole Valley,2021-03-24,0.0,0.0,1.0,1.0,1.0,2.0,2.0,3.0,3.0,4.0,4.0,5.0,7.0,inferred
Mole Valley,2021-03-25,0.0,0.0,1.0,1.0,1.0,2.0,2.0,2.0,3.0,3.0,4.0,5.0,6.0,inferred
Mole Valley,2021-03-26,0.0,0.0,0.0,1.0,1.0,1.0,2.0,2.0,2.0,3.0,3.0,4.0,6.0,inferred
Mole Valley,2021-03-27,0.0,0.0,0.0,0.0,1.0,1.0,1.0,2.0,2.0,2.0,3.0,4.0,5.0,inferred
Mole Valley,2021-03-28,0.0,0.0,0.0,1.0,1.0,1.0,1.0,2.0,2.0,3.0,3.0,4.0,6.0,inferred
Mole Valley,2021-03-29,0.0,0.0,1.0,1.0,1.0,1.0,2.0,2.0,3.0,3.0,3.0,4.0,6.0,inferred
Mole Valley,2021-03-30,0.0,0.0,1.0,1.0,1.0,1.0,2.0,2.0,3.0,3.0,3.0,4.0,6.0,inferred
Mole Valley,2021-03-31,0.0,0.0,1.0,1.0,1.0,1.0,2.0,2.0,3.0,3.0,3.0,4.0,6.0,inferred
Mole Valley,2021-04-01,0.0,0.0,1.0,1.0,1.0,1.0,2.0,2.0,3.0,3.0,3.0,4.0,6.0,inferred
Mole Valley,2021-04-02,0.0,0.0,0.0,0.0,1.0,1.0,1.0,2.0,2.0,2.0,3.0,4.0,5.0,inferred
Mole Valley,2021-04-03,0.0,0.0,0.0,0.0,0.0,1.0,1.0,1.0,2.0,2.0,2.0,3.0,5.0,inferred
Mole Valley,2021-04-04,0.0,0.0,0.0,0.0,1.0,1.0,1.0,2.0,2.0,2.0,3.0,3.1,5.0,inferred
Mole Valley,2021-04-05,0.0,0.0,0.0,1.0,1.0,1.0,1.0,2.0,2.0,3.0,3.0,4.0,5.0,inferred
Mole Valley,2021-04-06,0.0,0.0,0.0,1.0,1.0,1.0,1.0,2.0,2.0,2.0,3.0,3.0,5.0,inferred
Mole Valley,2021-04-07,0.0,0.0,0.0,1.0,1.0,1.0,1.0,2.0,2.0,3.0,3.0,4.0,5.0,inferred
Mole Valley,2021-04-08,0.0,0.0,0.0,1.0,1.0,1.0,1.0,2.0,2.0,2.0,3.0,4.0,5.0,inferred
Mole Valley,2021-04-09,0.0,0.0,0.0,0.0,1.0,1.0,1.0,2.0,2.0,2.0,3.0,3.0,5.0,inferred
Mole Valley,2021-04-10,0.0,0.0,0.0,0.0,0.0,1.0,1.0,1.0,2.0,2.0,2.0,3.0,4.0,inferred
Mole Valley,2021-04-11,0.0,0.0,0.0,0.0,1.0,1.0,1.0,1.0,2.0,2.0,2.0,3.0,5.0,inferred
Mole Valley,2021-04-12,0.0,0.0,0.0,1.0,1.0,1.0,1.0,2.0,2.0,3.0,3.0,4.0,5.0,inferred
Mole Valley,2021-04-13,0.0,0.0,0.0,1.0,1.0,1.0,1.0,2.0,2.0,2.0,3.0,4.0,5.0,inferred
Mole Valley,2021-04-14,0.0,0.0,0.0,1.0,1.0,1.0,1.0,2.0,2.0,3.0,3.0,4.0,5.0,inferred
Mole Valley,2021-04-15,0.0,0.0,0.0,1.0,1.0,1.0,1.0,2.0,2.0,2.2,3.0,4.0,5.0,inferred
Mole Valley,2021-04-16,0.0,0.0,0.0,0.0,1.0,1.0,1.0,2.0,2.0,2.0,3.0,3.0,5.0,inferred
Mole Valley,2021-04-17,0.0,0.0,0.0,0.0,0.0,1.0,1.0,1.0,2.0,2.0,2.0,3.0,4.0,inferred
Mole Valley,2021-04-18,0.0,0.0,0.0,0.0,1.0,1.0,1.0,2.0,2.0,2.0,2.0,3.0,5.0,inferred
Mole Valley,2021-04-19,0.0,0.0,0.0,1.0,1.0,1.0,2.0,2.0,2.0,3.0,3.0,4.0,6.0,inferred
Mole Valley,2021-04-20,0.0,0.0,0.0,1.0,1.0,1.0,1.0,2.0,2.0,3.0,3.0,4.0,5.0,inferred
Mole Valley,2021-04-21,0.0,0.0,0.0,1.0,1.0,1.0,2.0,2.0,2.0,3.0,3.0,4.0,5.0,inferred
Mole Valley,2021-04-22,0.0,0.0,0.0,1.0,1.0,1.0,1.0,2.0,2.0,2.0,3.0,4.0,5.0,inferred
Mole Valley,2021-04-23,0.0,0.0,0.0,0.0,0.0,1.0,1.0,1.0,2.0,2.0,2.0,3.0,4.0,inferred
Mole Valley,2021-04-24,0.0,0.0,0.0,0.0,0.0,1.0,1.0,1.0,1.0,2.0,2.0,3.0,4.0,inferred
Mole Valley,2021-04-25,0.0,0.0,0.0,0.0,0.0,1.0,1.0,1.0,2.0,2.0,2.0,3.0,4.0,inferred
Mole Valley,2021-04-26,0.0,0.0,0.0,0.0,1.0,1.0,1.0,2.0,2.0,2.0,2.0,3.0,5.0,inferred
Mole Valley,2021-04-27,0.0,0.0,0.0,0.0,0.0,1.0,1.0,1.0,2.0,2.0,2.0,3.0,4.0,inferred
Mole Valley,2021-04-28,0.0,0.0,0.0,0.0,1.0,1.0,1.0,1.0,2.0,2.0,2.0,3.0,5.0,inferred
Mole Valley,2021-04-29,0.0,0.0,0.0,0.0,0.0,1.0,1.0,1.0,2.0,2.0,2.0,3.0,5.0,inferred
Mole Valley,2021-04-30,0.0,0.0,0.0,0.0,0.0,1.0,1.0,1.0,2.0,2.0,2.0,3.0,4.0,inferred
Mole Valley,2021-05-01,0.0,0.0,0.0,0.0,0.0,0.0,1.0,1.0,1.0,1.0,2.0,2.0,4.0,inferred
Mole Valley,2021-05-02,0.0,0.0,0.0,0.0,0.0,0.0,1.0,1.0,1.0,2.0,2.0,3.0,4.0,inferred
Mole Valley,2021-05-03,0.0,0.0,0.0,0.0,0.0,1.0,1.0,1.0,2.0,2.0,2.0,3.0,5.0,inferred
Mole Valley,2021-05-04,0.0,0.0,0.0,0.0,0.0,1.0,1.0,1.0,2.0,2.0,2.0,3.0,4.0,inferred
Mole Valley,2021-05-05,0.0,0.0,0.0,0.0,0.0,1.0,1.0,1.0,2.0,2.0,2.0,3.0,4.0,inferred
Mole Valley,2021-05-06,0.0,0.0,0.0,0.0,0.0,1.0,1.0,1.0,1.0,2.0,2.0,3.0,4.0,inferred
Mole Valley,2021-05-07,0.0,0.0,0.0,0.0,0.0,0.0,1.0,1.0,1.0,1.0,2.0,2.0,4.0,inferred
Mole Valley,2021-05-08,0.0,0.0,0.0,0.0,0.0,0.0,0.0,1.0,1.0,1.0,2.0,2.0,4.0,inferred
Mole Valley,2021-05-09,0.0,0.0,0.0,0.0,0.0,0.0,1.0,1.0,1.0,1.0,2.0,2.0,4.0,inferred
Mole Valley,2021-05-10,0.0,0.0,0.0,0.0,0.0,1.0,1.0,1.0,1.0,2.0,2.0,3.0,4.0,inferred
Mole Valley,2021-05-11,0.0,0.0,0.0,0.0,0.0,0.0,1.0,1.0,1.0,2.0,2.0,3.0,4.0,inferred
Mole Valley,2021-05-12,0.0,0.0,0.0,0.0,0.0,1.0,1.0,1.0,1.0,2.0,2.0,3.0,4.0,inferred
Mole Valley,2021-05-13,0.0,0.0,0.0,0.0,0.0,1.0,1.0,1.0,1.0,2.0,2.0,3.0,4.0,inferred
Mole Valley,2021-05-14,0.0,0.0,0.0,0.0,0.0,0.0,1.0,1.0,1.0,2.0,2.0,3.0,4.0,inferred
Mole Valley,2021-05-15,0.0,0.0,0.0,0.0,0.0,0.0,1.0,1.0,1.0,1.0,1.0,2.0,4.0,inferred
Mole Valley,2021-05-16,0.0,0.0,0.0,0.0,0.0,0.0,1.0,1.0,1.0,1.0,2.0,2.0,4.0,inferred
Mole Valley,2021-05-17,0.0,0.0,0.0,0.0,0.0,1.0,1.0,1.0,2.0,2.0,2.0,3.0,4.0,inferred
Mole Valley,2021-05-18,0.0,0.0,0.0,0.0,0.0,1.0,1.0,1.0,2.0,2.0,2.0,3.0,5.0,inferred
Mole Valley,2021-05-19,0.0,0.0,0.0,0.0,1.0,1.0,1.0,2.0,2.0,2.0,3.0,4.0,5.0,inferred
Mole Valley,2021-05-20,0.0,0.0,0.0,0.0,1.0,1.0,1.0,2.0,2.0,2.0,3.0,4.0,5.0,inferred
Mole Valley,2021-05-21,0.0,0.0,0.0,0.0,1.0,1.0,1.0,2.0,2.0,2.0,3.0,4.0,5.0,inferred
Mole Valley,2021-05-22,0.0,0.0,0.0,0.0,1.0,1.0,1.0,2.0,2.0,2.0,2.0,3.0,5.0,inferred
Mole Valley,2021-05-23,0.0,0.0,0.0,1.0,1.0,1.0,2.0,2.0,3.0,3.0,3.0,4.0,5.0,inferred
Mole Valley,2021-05-24,0.0,0.0,1.0,1.0,1.0,2.0,2.0,3.0,3.0,4.0,4.0,5.0,7.0,inferred
Mole Valley,2021-05-25,0.0,1.0,1.0,1.0,2.0,2.0,2.0,3.0,3.0,4.0,4.0,5.0,7.0,inferred
Mole Valley,2021-05-26,0.0,1.0,1.0,2.0,2.0,2.0,3.0,3.0,4.0,4.0,5.0,6.0,8.0,inferred
Mole Valley,2021-05-27,0.0,1.0,1.0,2.0,2.0,2.0,3.0,3.0,4.0,4.0,5.0,6.0,8.0,inferred
Mole Valley,2021-05-28,0.0,1.0,1.0,2.0,2.0,2.0,3.0,3.0,4.0,4.0,5.0,6.0,7.0,inferred
Mole Valley,2021-05-29,0.0,0.0,1.0,1.0,1.7,2.0,2.0,3.0,3.0,4.0,4.0,5.0,8.0,inferred
Mole Valley,2021-05-30,0.0,1.0,1.0,2.0,2.0,3.0,3.0,4.0,4.0,5.0,5.0,6.0,8.0,inferred
Mole Valley,2021-05-31,0.0,2.0,2.0,3.0,3.0,3.0,4.0,5.0,5.0,6.0,6.0,7.0,10.0,inferred
Mole Valley,2021-06-01,1.0,2.0,2.0,3.0,3.0,4.0,4.0,5.0,5.0,6.0,6.0,8.0,10.0,inferred
Mole Valley,2021-06-02,1.0,2.0,3.0,3.0,3.0,4.0,5.0,5.0,6.0,7.0,7.0,8.0,11.0,inferred
Mole Valley,2021-06-03,1.0,2.0,3.0,3.0,3.0,4.0,5.0,5.0,6.0,7.0,7.0,8.0,11.0,inferred
Mole Valley,2021-06-04,0.0,2.0,2.0,3.0,3.0,4.0,4.0,5.0,6.0,6.0,7.0,8.0,10.0,inferred
Mole Valley,2021-06-05,0.0,1.0,2.0,2.0,3.0,3.0,4.0,5.0,5.0,6.0,6.0,7.0,10.0,inferred
Mole Valley,2021-06-06,1.0,2.0,3.0,3.0,4.0,4.0,5.0,6.0,6.0,7.0,7.0,9.0,11.0,inferred
Mole Valley,2021-06-07,2.0,3.0,4.0,4.0,5.0,5.0,6.0,7.0,8.0,8.0,9.0,11.0,13.0,inferred
Mole Valley,2021-06-08,2.0,3.0,4.0,4.0,5.0,6.0,6.0,7.0,8.0,8.0,9.0,11.0,13.0,inferred
Mole Valley,2021-06-09,2.0,4.0,5.0,5.0,5.0,6.0,7.0,8.0,9.0,9.0,10.0,12.0,15.0,inferred
Mole Valley,2021-06-10,2.0,3.0,4.0,5.0,5.0,6.0,7.0,7.0,8.0,9.0,9.0,11.0,14.0,inferred
Mole Valley,2021-06-11,2.0,3.0,4.0,4.0,5.0,5.0,6.0,7.0,8.0,8.0,9.0,11.0,13.0,inferred
Mole Valley,2021-06-12,1.0,2.0,3.0,4.0,4.0,5.0,5.0,6.0,7.0,7.0,8.0,9.0,12.0,inferred
Mole Valley,2021-06-13,2.0,3.0,4.0,5.0,5.0,6.0,7.0,7.0,8.0,9.0,9.0,11.0,14.0,inferred
Mole Valley,2021-06-14,3.0,5.0,6.0,7.0,7.0,8.0,9.0,9.0,10.0,11.0,12.0,14.0,16.0,inferred
Mole Valley,2021-06-15,3.0,5.0,6.0,6.0,7.0,8.0,9.0,10.0,11.0,11.0,12.0,13.0,17.0,inferred
Mole Valley,2021-06-16,3.0,5.0,7.0,7.0,8.0,9.0,9.0,10.0,11.0,12.0,13.0,15.0,18.0,inferred
Mole Valley,2021-06-17,3.0,5.0,6.0,7.0,7.0,8.0,9.0,10.0,11.0,11.0,12.0,14.0,17.0,inferred
Mole Valley,2021-06-18,3.0,4.0,5.0,6.0,6.0,7.0,8.0,9.0,10.0,10.0,11.0,13.0,16.0,inferred
Monmouthshire,2021-03-06,0.0,0.0,0.0,1.0,1.0,1.0,2.0,2.0,3.0,3.0,4.0,5.0,7.0,inferred
Monmouthshire,2021-03-07,0.0,0.0,1.0,1.0,1.0,1.0,2.0,2.0,3.0,3.0,4.0,5.0,7.0,inferred
Monmouthshire,2021-03-08,0.0,0.0,1.0,1.0,2.0,2.0,3.0,3.0,4.0,4.0,5.0,6.0,8.0,inferred
Monmouthshire,2021-03-09,0.0,0.0,1.0,1.0,1.0,2.0,2.0,3.0,3.0,4.0,4.0,5.0,8.0,inferred
Monmouthshire,2021-03-10,0.0,0.0,1.0,1.0,1.0,2.0,3.0,3.0,4.0,4.0,5.0,6.0,8.0,inferred
Monmouthshire,2021-03-11,0.0,0.0,1.0,1.0,1.0,2.0,2.0,3.0,3.0,4.0,4.0,6.0,7.0,inferred
Monmouthshire,2021-03-12,0.0,0.0,1.0,1.0,1.0,2.0,2.0,2.0,3.0,3.0,4.0,5.0,8.0,inferred
Monmouthshire,2021-03-13,0.0,0.0,0.0,1.0,1.0,1.0,1.0,2.0,2.0,3.0,3.0,4.0,6.0,inferred
Monmouthshire,2021-03-14,0.0,0.0,0.0,1.0,1.0,1.0,2.0,2.0,3.0,3.0,3.0,4.0,6.0,inferred
Monmouthshire,2021-03-15,0.0,0.0,1.0,1.0,1.0,2.0,2.0,3.0,4.0,4.0,4.0,6.0,8.0,inferred
Monmouthshire,2021-03-16,0.0,0.0,1.0,1.0,1.0,2.0,2.0,3.0,3.0,4.0,4.0,5.0,7.0,inferred
Monmouthshire,2021-03-17,0.0,0.0,1.0,1.0,1.0,2.0,2.0,3.0,3.0,4.0,4.0,5.0,8.0,inferred
Monmouthshire,2021-03-18,0.0,0.0,1.0,1.0,1.0,2.0,2.0,3.0,3.0,4.0,4.0,5.0,7.0,inferred
Monmouthshire,2021-03-19,0.0,0.0,1.0,1.0,1.0,1.0,2.0,2.0,3.0,3.0,4.0,5.0,7.0,inferred
Monmouthshire,2021-03-20,0.0,0.0,0.0,1.0,1.0,1.0,1.0,2.0,2.0,3.0,3.0,4.0,6.0,inferred
Monmouthshire,2021-03-21,0.0,0.0,0.0,1.0,1.0,1.0,2.0,2.0,2.0,3.0,3.0,4.0,6.0,inferred
Monmouthshire,2021-03-22,0.0,0.0,1.0,1.0,1.0,2.0,2.0,3.0,3.0,4.0,4.0,5.1,8.0,inferred
Monmouthshire,2021-03-23,0.0,0.0,1.0,1.0,1.0,1.0,2.0,2.0,3.0,3.0,4.0,5.0,7.0,inferred
Monmouthshire,2021-03-24,0.0,0.0,1.0,1.0,1.0,1.0,2.0,2.0,3.0,3.0,4.0,5.0,7.0,inferred
Monmouthshire,2021-03-25,0.0,0.0,0.0,1.0,1.0,1.0,2.0,2.0,3.0,3.0,4.0,5.0,7.0,inferred
Monmouthshire,2021-03-26,0.0,0.0,0.0,0.0,1.0,1.0,1.0,2.0,2.0,2.0,3.0,4.0,5.0,inferred
Monmouthshire,2021-03-27,0.0,0.0,0.0,0.0,0.0,1.0,1.0,1.0,2.0,2.0,2.0,3.0,5.0,inferred
Monmouthshire,2021-03-28,0.0,0.0,0.0,0.0,0.0,1.0,1.0,1.0,2.0,2.0,2.0,3.0,5.0,inferred
Monmouthshire,2021-03-29,0.0,0.0,0.0,0.0,1.0,1.0,1.0,2.0,2.0,2.0,3.0,4.0,5.0,inferred
Monmouthshire,2021-03-30,0.0,0.0,0.0,0.0,0.0,1.0,1.0,1.0,2.0,2.0,2.0,3.0,5.0,inferred
Monmouthshire,2021-03-31,0.0,0.0,0.0,0.0,0.0,1.0,1.0,1.0,2.0,2.0,2.0,3.0,5.0,inferred
Monmouthshire,2021-04-01,0.0,0.0,0.0,0.0,0.0,1.0,1.0,1.0,2.0,2.0,2.0,3.0,5.0,inferred
Monmouthshire,2021-04-02,0.0,0.0,0.0,0.0,0.0,0.0,1.0,1.0,1.0,2.0,2.0,3.0,5.0,inferred
Monmouthshire,2021-04-03,0.0,0.0,0.0,0.0,0.0,0.0,0.0,1.0,1.0,1.0,1.0,2.0,4.0,inferred
Monmouthshire,2021-04-04,0.0,0.0,0.0,0.0,0.0,0.0,0.0,1.0,1.0,1.0,1.0,2.0,3.5,inferred
Monmouthshire,2021-04-05,0.0,0.0,0.0,0.0,0.0,0.0,1.0,1.0,1.0,1.0,2.0,2.1,5.0,inferred
Monmouthshire,2021-04-06,0.0,0.0,0.0,0.0,0.0,0.0,0.0,1.0,1.0,1.0,2.0,2.0,4.0,inferred
Monmouthshire,2021-04-07,0.0,0.0,0.0,0.0,0.0,0.0,0.0,1.0,1.0,1.0,1.0,2.0,4.0,inferred
Monmouthshire,2021-04-08,0.0,0.0,0.0,0.0,0.0,0.0,0.0,1.0,1.0,1.0,2.0,2.0,4.0,inferred
Monmouthshire,2021-04-09,0.0,0.0,0.0,0.0,0.0,0.0,0.0,1.0,1.0,1.0,1.0,2.0,4.0,inferred
Monmouthshire,2021-04-10,0.0,0.0,0.0,0.0,0.0,0.0,0.0,0.0,1.0,1.0,1.0,2.0,3.0,inferred
Monmouthshire,2021-04-11,0.0,0.0,0.0,0.0,0.0,0.0,0.0,0.0,1.0,1.0,1.0,2.0,3.0,inferred
Monmouthshire,2021-04-12,0.0,0.0,0.0,0.0,0.0,0.0,0.0,1.0,1.0,1.0,2.0,2.0,4.0,inferred
Monmouthshire,2021-04-13,0.0,0.0,0.0,0.0,0.0,0.0,0.0,1.0,1.0,1.0,1.0,2.0,4.0,inferred
Monmouthshire,2021-04-14,0.0,0.0,0.0,0.0,0.0,0.0,0.0,1.0,1.0,1.0,2.0,2.0,4.0,inferred
Monmouthshire,2021-04-15,0.0,0.0,0.0,0.0,0.0,0.0,0.0,1.0,1.0,1.0,2.0,2.0,4.0,inferred
Monmouthshire,2021-04-16,0.0,0.0,0.0,0.0,0.0,0.0,0.0,1.0,1.0,1.0,1.0,2.0,4.0,inferred
Monmouthshire,2021-04-17,0.0,0.0,0.0,0.0,0.0,0.0,0.0,0.0,1.0,1.0,1.0,2.0,3.0,inferred
Monmouthshire,2021-04-18,0.0,0.0,0.0,0.0,0.0,0.0,0.0,0.0,1.0,1.0,1.0,2.0,3.0,inferred
Monmouthshire,2021-04-19,0.0,0.0,0.0,0.0,0.0,0.0,0.0,1.0,1.0,1.0,2.0,3.0,4.0,inferred
Monmouthshire,2021-04-20,0.0,0.0,0.0,0.0,0.0,0.0,0.0,1.0,1.0,1.0,2.0,2.0,4.0,inferred
Monmouthshire,2021-04-21,0.0,0.0,0.0,0.0,0.0,0.0,0.0,1.0,1.0,1.0,2.0,2.0,4.0,inferred
Monmouthshire,2021-04-22,0.0,0.0,0.0,0.0,0.0,0.0,0.0,1.0,1.0,1.0,2.0,3.0,4.0,inferred
Monmouthshire,2021-04-23,0.0,0.0,0.0,0.0,0.0,0.0,0.0,1.0,1.0,1.0,1.0,2.0,3.5,inferred
Monmouthshire,2021-04-24,0.0,0.0,0.0,0.0,0.0,0.0,0.0,0.0,1.0,1.0,1.0,2.0,3.5,inferred
Monmouthshire,2021-04-25,0.0,0.0,0.0,0.0,0.0,0.0,0.0,1.0,1.0,1.0,1.0,2.0,4.0,inferred
Monmouthshire,2021-04-26,0.0,0.0,0.0,0.0,0.0,0.0,1.0,1.0,1.0,1.2,2.0,3.0,4.0,inferred
Monmouthshire,2021-04-27,0.0,0.0,0.0,0.0,0.0,0.0,0.0,1.0,1.0,1.0,2.0,3.0,4.0,inferred
Monmouthshire,2021-04-28,0.0,0.0,0.0,0.0,0.0,0.0,1.0,1.0,1.0,2.0,2.0,3.0,4.0,inferred
Monmouthshire,2021-04-29,0.0,0.0,0.0,0.0,0.0,0.0,1.0,1.0,1.0,2.0,2.0,3.0,4.0,inferred
Monmouthshire,2021-04-30,0.0,0.0,0.0,0.0,0.0,0.0,1.0,1.0,1.0,1.0,2.0,2.0,5.0,inferred
Monmouthshire,2021-05-01,0.0,0.0,0.0,0.0,0.0,0.0,0.0,1.0,1.0,1.0,1.0,2.0,4.0,inferred
Monmouthshire,2021-05-02,0.0,0.0,0.0,0.0,0.0,0.0,0.0,1.0,1.0,1.0,2.0,2.0,4.0,inferred
Monmouthshire,2021-05-03,0.0,0.0,0.0,0.0,0.0,0.0,1.0,1.0,2.0,2.0,2.0,3.0,4.5,inferred
Monmouthshire,2021-05-04,0.0,0.0,0.0,0.0,0.0,0.0,1.0,1.0,1.0,2.0,2.0,3.0,4.0,inferred
Monmouthshire,2021-05-05,0.0,0.0,0.0,0.0,0.0,1.0,1.0,1.0,2.0,2.0,2.0,3.0,5.0,inferred
Monmouthshire,2021-05-06,0.0,0.0,0.0,0.0,0.0,0.0,1.0,1.0,1.0,2.0,2.0,3.0,5.0,inferred
Monmouthshire,2021-05-07,0.0,0.0,0.0,0.0,0.0,0.0,1.0,1.0,1.0,2.0,2.0,3.0,4.0,inferred
Monmouthshire,2021-05-08,0.0,0.0,0.0,0.0,0.0,0.0,0.0,1.0,1.0,1.0,2.0,2.0,4.0,inferred
Monmouthshire,2021-05-09,0.0,0.0,0.0,0.0,0.0,0.0,1.0,1.0,1.0,1.0,2.0,3.0,4.0,inferred
Monmouthshire,2021-05-10,0.0,0.0,0.0,0.0,0.0,1.0,1.0,1.0,2.0,2.0,2.0,3.0,5.0,inferred
Monmouthshire,2021-05-11,0.0,0.0,0.0,0.0,0.0,0.0,1.0,1.0,2.0,2.0,2.0,3.0,5.0,inferred
Monmouthshire,2021-05-12,0.0,0.0,0.0,0.0,0.0,1.0,1.0,1.0,2.0,2.0,2.0,3.0,5.0,inferred
Monmouthshire,2021-05-13,0.0,0.0,0.0,0.0,0.0,1.0,1.0,1.0,2.0,2.0,2.0,3.0,5.0,inferred
Monmouthshire,2021-05-14,0.0,0.0,0.0,0.0,0.0,1.0,1.0,1.0,2.0,2.0,2.0,3.0,5.0,inferred
Monmouthshire,2021-05-15,0.0,0.0,0.0,0.0,0.0,0.0,1.0,1.0,1.0,2.0,2.0,3.0,4.0,inferred
Monmouthshire,2021-05-16,0.0,0.0,0.0,0.0,0.0,0.6,1.0,1.0,2.0,2.0,2.0,3.0,5.0,inferred
Monmouthshire,2021-05-17,0.0,0.0,0.0,0.0,1.0,1.0,1.0,2.0,2.0,2.0,3.0,4.0,6.0,inferred
Monmouthshire,2021-05-18,0.0,0.0,0.0,0.0,0.0,1.0,1.0,2.0,2.0,2.0,3.0,4.0,5.0,inferred
Monmouthshire,2021-05-19,0.0,0.0,0.0,0.0,1.0,1.0,1.0,2.0,2.0,3.0,3.0,4.0,6.0,inferred
Monmouthshire,2021-05-20,0.0,0.0,0.0,0.0,1.0,1.0,1.0,2.0,2.0,2.0,3.0,4.0,6.0,inferred
Monmouthshire,2021-05-21,0.0,0.0,0.0,0.0,0.0,1.0,1.0,1.0,2.0,2.0,3.0,4.0,6.0,inferred
Monmouthshire,2021-05-22,0.0,0.0,0.0,0.0,0.0,0.0,1.0,1.0,1.0,2.0,2.0,3.0,5.0,inferred
Monmouthshire,2021-05-23,0.0,0.0,0.0,0.0,0.0,0.0,1.0,1.0,2.0,2.0,2.0,3.0,5.0,inferred
Monmouthshire,2021-05-24,0.0,0.0,0.0,0.0,0.0,1.0,1.0,1.0,2.0,2.0,3.0,4.0,6.0,inferred
Monmouthshire,2021-05-25,0.0,0.0,0.0,0.0,0.0,1.0,1.0,1.0,2.0,2.0,2.0,3.0,5.0,inferred
Monmouthshire,2021-05-26,0.0,0.0,0.0,0.0,0.0,1.0,1.0,1.0,2.0,2.0,2.0,3.0,5.0,inferred
Monmouthshire,2021-05-27,0.0,0.0,0.0,0.0,0.0,1.0,1.0,1.0,2.0,2.0,3.0,4.0,5.0,inferred
Monmouthshire,2021-05-28,0.0,0.0,0.0,0.0,0.0,1.0,1.0,1.0,2.0,2.0,2.0,3.0,5.0,inferred
Monmouthshire,2021-05-29,0.0,0.0,0.0,0.0,0.0,0.0,1.0,1.0,1.0,2.0,2.0,3.0,4.0,inferred
Monmouthshire,2021-05-30,0.0,0.0,0.0,0.0,0.0,0.0,1.0,1.0,1.0,2.0,2.0,3.0,5.0,inferred
Monmouthshire,2021-05-31,0.0,0.0,0.0,0.0,0.0,1.0,1.0,2.0,2.0,2.0,3.0,4.0,5.0,inferred
Monmouthshire,2021-06-01,0.0,0.0,0.0,0.0,0.0,1.0,1.0,1.0,2.0,2.0,2.0,3.0,5.0,inferred
Monmouthshire,2021-06-02,0.0,0.0,0.0,0.0,0.0,1.0,1.0,1.0,2.0,2.0,3.0,4.0,5.0,inferred
Monmouthshire,2021-06-03,0.0,0.0,0.0,0.0,0.0,1.0,1.0,1.0,2.0,2.0,3.0,4.0,5.5,inferred
Monmouthshire,2021-06-04,0.0,0.0,0.0,0.0,0.0,1.0,1.0,1.0,2.0,2.0,2.0,3.0,5.0,inferred
Monmouthshire,2021-06-05,0.0,0.0,0.0,0.0,0.0,0.0,1.0,1.0,1.3,2.0,2.0,3.0,5.0,inferred
Monmouthshire,2021-06-06,0.0,0.0,0.0,0.0,0.0,1.0,1.0,1.0,2.0,2.0,2.0,3.0,5.0,inferred
Monmouthshire,2021-06-07,0.0,0.0,0.0,0.0,1.0,1.0,1.0,2.0,2.0,3.0,3.0,4.0,6.0,inferred
Monmouthshire,2021-06-08,0.0,0.0,0.0,0.0,1.0,1.0,1.0,2.0,2.0,3.0,3.0,4.0,6.0,inferred
Monmouthshire,2021-06-09,0.0,0.0,0.0,1.0,1.0,1.0,2.0,2.0,3.0,3.0,3.0,4.0,7.0,inferred
Monmouthshire,2021-06-10,0.0,0.0,1.0,1.0,1.0,1.0,2.0,2.0,3.0,3.0,4.0,5.0,7.0,inferred
Monmouthshire,2021-06-11,0.0,0.0,0.0,1.0,1.0,1.0,2.0,2.0,3.0,3.0,3.0,4.0,6.0,inferred
Monmouthshire,2021-06-12,0.0,0.0,0.0,0.0,1.0,1.0,1.0,2.0,2.0,2.0,3.0,4.0,6.0,inferred
Monmouthshire,2021-06-13,0.0,0.0,0.0,1.0,1.0,1.0,2.0,2.0,3.0,3.0,3.0,4.0,7.0,inferred
Monmouthshire,2021-06-14,0.0,0.0,1.0,1.0,1.0,2.0,2.0,3.0,4.0,4.0,4.0,5.0,8.0,inferred
Monmouthshire,2021-06-15,0.0,0.0,1.0,1.0,1.0,2.0,2.0,3.0,4.0,4.0,4.0,6.0,8.0,inferred
Monmouthshire,2021-06-16,0.0,0.0,1.0,1.0,2.0,2.0,3.0,3.0,4.0,4.0,5.0,6.0,9.0,inferred
Monmouthshire,2021-06-17,0.0,1.0,1.0,1.0,2.0,2.0,3.0,3.0,4.0,5.0,5.0,7.0,9.0,inferred
Monmouthshire,2021-06-18,0.0,0.0,1.0,1.0,1.0,2.0,2.0,3.0,4.0,4.0,5.0,6.0,9.0,inferred
Moray,2021-03-06,12.5,16.0,19.0,20.0,21.0,23.0,25.0,27.0,29.0,31.0,32.0,36.0,43.0,inferred
Moray,2021-03-07,10.0,14.0,17.0,18.0,19.0,21.0,23.0,25.0,27.0,28.0,29.0,34.0,41.5,inferred
Moray,2021-03-08,8.0,12.0,14.0,15.0,16.0,18.0,20.0,22.0,24.0,25.0,26.0,30.0,37.0,inferred
Moray,2021-03-09,10.0,14.0,17.0,18.0,19.0,21.0,23.0,25.0,27.0,29.0,30.0,34.0,40.5,inferred
Moray,2021-03-10,17.0,22.0,25.0,26.0,27.0,30.0,32.0,34.0,37.0,38.0,40.0,45.0,52.0,inferred
Moray,2021-03-11,16.0,20.0,24.0,25.0,26.0,28.0,30.0,33.0,35.0,37.0,38.0,43.0,50.0,inferred
Moray,2021-03-12,17.0,22.0,25.0,26.0,28.0,30.0,32.0,34.0,37.0,39.0,41.0,45.0,54.0,inferred
Moray,2021-03-13,15.0,20.0,23.0,25.0,26.0,28.0,30.0,33.0,35.0,36.0,38.0,43.0,49.0,inferred
Moray,2021-03-14,13.0,17.0,20.0,21.0,22.0,25.0,27.0,29.0,31.0,33.0,34.0,38.0,45.0,inferred
Moray,2021-03-15,10.0,14.0,16.0,17.0,18.0,20.0,22.0,24.0,26.0,27.0,29.0,33.0,40.0,inferred
Moray,2021-03-16,11.0,15.0,18.0,19.8,20.0,23.0,25.0,27.0,29.0,30.0,32.0,36.0,44.0,inferred
Moray,2021-03-17,19.0,23.0,27.0,28.0,30.0,32.0,34.0,36.0,39.0,41.0,43.0,48.0,56.0,inferred
Moray,2021-03-18,18.0,23.0,26.0,28.0,29.0,31.0,33.0,35.0,38.0,39.0,41.0,46.0,54.0,inferred
Moray,2021-03-19,19.0,24.0,28.0,30.0,31.0,34.0,36.0,39.0,41.0,42.0,44.0,50.0,58.0,inferred
Moray,2021-03-20,19.0,24.0,27.0,29.0,30.0,32.0,35.0,37.0,40.0,41.0,43.0,48.0,56.0,inferred
Moray,2021-03-21,16.0,20.0,24.0,25.0,26.0,28.0,31.0,33.0,36.0,37.0,39.0,43.0,52.0,inferred
Moray,2021-03-22,12.0,16.0,20.0,21.0,22.0,24.0,26.0,28.0,31.0,32.0,34.0,38.0,45.0,inferred
Moray,2021-03-23,14.5,18.0,22.0,23.0,24.0,27.0,29.0,31.0,33.0,35.0,37.0,41.0,50.0,inferred
Moray,2021-03-24,23.0,28.0,31.0,33.0,34.0,36.0,39.0,42.0,44.0,46.0,48.0,53.0,61.0,inferred
Moray,2021-03-25,19.0,24.0,28.0,29.0,31.0,33.0,36.0,38.0,41.0,43.0,44.0,49.0,56.0,inferred
Moray,2021-03-26,20.0,26.0,29.0,31.0,32.0,35.0,38.0,40.0,43.0,44.0,46.0,51.0,58.0,inferred
Moray,2021-03-27,18.0,23.0,27.0,28.0,29.0,31.0,34.0,36.0,39.0,40.0,42.0,47.0,55.0,inferred
Moray,2021-03-28,14.0,19.0,23.0,24.0,25.0,27.0,29.0,31.0,33.0,35.0,36.2,41.0,48.0,inferred
Moray,2021-03-29,11.0,15.0,17.0,18.0,19.0,22.0,24.0,26.0,28.0,29.0,31.0,35.0,42.0,inferred
Moray,2021-03-30,11.0,15.0,18.0,20.0,21.0,23.0,25.0,27.0,29.0,30.0,32.0,36.0,44.0,inferred
Moray,2021-03-31,16.0,22.0,25.0,26.0,28.0,30.0,32.0,35.0,37.0,39.0,41.0,45.0,53.0,inferred
Moray,2021-04-01,15.0,19.0,23.0,24.0,25.0,27.0,29.0,32.0,34.0,36.0,37.0,42.0,49.5,inferred
Moray,2021-04-02,15.0,19.0,23.0,24.0,25.0,28.0,30.0,32.0,35.0,36.0,38.0,42.0,50.0,inferred
Moray,2021-04-03,13.0,17.0,20.0,21.0,22.0,25.0,27.0,29.0,31.0,32.0,34.0,38.0,44.0,inferred
Moray,2021-04-04,10.0,14.0,16.0,18.0,19.0,21.0,22.0,24.0,27.0,28.0,29.0,33.0,41.0,inferred
Moray,2021-04-05,7.0,11.0,13.0,14.0,15.0,17.0,18.0,20.0,22.0,23.0,24.0,27.0,33.0,inferred
Moray,2021-04-06,8.0,11.0,14.0,15.0,16.0,17.0,19.0,21.0,23.0,24.0,25.0,29.0,35.0,inferred
Moray,2021-04-07,12.0,16.0,19.0,21.0,21.0,24.0,26.0,28.0,30.0,31.0,33.0,37.0,44.0,inferred
Moray,2021-04-08,11.0,15.0,18.0,19.0,20.0,22.0,24.0,26.0,28.0,29.0,31.0,35.0,41.0,inferred
Moray,2021-04-09,12.0,16.0,19.0,20.0,21.0,23.0,25.0,27.0,29.0,31.0,32.0,36.0,44.0,inferred
Moray,2021-04-10,11.0,15.0,17.0,18.0,19.0,21.0,23.0,25.0,27.0,28.0,30.0,34.0,40.5,inferred
Moray,2021-04-11,8.0,12.0,14.0,15.0,16.0,18.0,20.0,21.0,23.0,24.0,26.0,29.0,36.0,inferred
Moray,2021-04-12,6.0,9.0,11.0,12.0,13.0,14.0,16.0,18.0,20.0,21.0,22.0,25.0,31.0,inferred
Moray,2021-04-13,6.5,9.9,12.0,13.0,14.0,15.0,17.0,19.0,21.0,22.0,23.0,26.0,33.5,inferred
Moray,2021-04-14,10.0,14.0,16.0,18.0,19.0,21.0,23.0,25.0,27.0,28.0,30.0,34.0,41.0,inferred
Moray,2021-04-15,9.0,13.0,15.0,16.0,17.0,19.0,21.0,23.0,25.0,26.0,28.0,32.0,38.0,inferred
Moray,2021-04-16,10.0,14.0,16.0,17.0,18.0,20.0,22.0,24.0,26.0,27.0,29.0,33.0,38.0,inferred
Moray,2021-04-17,9.0,12.0,15.0,16.0,17.0,19.0,20.0,22.0,24.0,25.0,27.0,31.0,38.0,inferred
Moray,2021-04-18,7.0,10.0,12.0,13.0,14.0,16.0,18.0,19.0,21.0,22.0,24.0,27.0,34.0,inferred
Moray,2021-04-19,5.0,7.0,10.0,10.0,11.0,13.0,14.0,16.0,17.0,18.0,20.0,23.0,29.0,inferred
Moray,2021-04-20,5.0,8.0,10.0,11.0,12.0,13.0,15.0,16.0,18.0,19.0,20.0,23.0,28.5,inferred
Moray,2021-04-21,9.0,12.0,14.0,15.0,16.0,18.0,20.0,21.0,24.0,25.0,26.0,30.0,38.0,inferred
Moray,2021-04-22,8.0,11.0,13.0,14.0,15.0,17.0,19.0,21.0,23.0,24.0,25.0,29.0,36.0,inferred
Moray,2021-04-23,8.0,12.0,14.0,15.0,16.0,18.0,19.0,21.0,23.0,24.0,26.0,29.0,36.0,inferred
Moray,2021-04-24,8.0,11.0,13.0,13.0,14.0,16.0,18.0,20.0,22.0,23.0,24.0,27.0,33.0,inferred
Moray,2021-04-25,5.0,9.0,11.0,12.0,12.0,14.0,16.0,17.0,19.0,20.0,21.0,25.0,31.0,inferred
Moray,2021-04-26,3.5,7.0,8.0,9.0,10.0,11.0,13.0,14.0,16.0,17.0,18.0,21.0,26.0,inferred
Moray,2021-04-27,5.0,7.0,9.0,10.0,11.0,12.0,14.0,16.0,18.0,19.0,20.0,23.0,28.0,inferred
Moray,2021-04-28,9.0,12.0,14.8,16.0,17.0,18.0,20.0,22.0,24.0,25.0,27.0,30.0,36.5,inferred
Moray,2021-04-29,8.0,11.0,14.0,15.0,16.0,18.0,19.0,21.0,23.0,24.0,26.0,30.0,36.0,inferred
Moray,2021-04-30,10.0,13.0,16.0,17.0,18.0,20.0,22.0,24.0,26.0,27.0,28.0,32.0,39.0,inferred
Moray,2021-05-01,10.0,13.0,15.0,16.0,17.0,19.0,21.0,23.0,25.0,26.0,27.0,31.0,38.0,inferred
Moray,2021-05-02,7.0,11.0,13.0,14.0,15.0,17.0,18.0,20.0,22.0,23.0,25.0,28.0,35.0,inferred
Moray,2021-05-03,6.0,9.0,11.0,12.0,13.0,14.0,16.0,18.0,19.0,20.0,22.0,26.0,32.0,inferred
Moray,2021-05-04,7.0,10.0,12.0,13.0,14.0,16.0,18.0,19.0,21.0,22.0,23.0,26.0,33.0,inferred
Moray,2021-05-05,11.0,15.0,17.0,18.0,19.0,22.0,24.0,26.0,28.0,29.0,30.0,34.0,42.0,inferred
Moray,2021-05-06,11.0,14.0,16.0,18.0,19.0,21.0,23.0,25.0,27.0,28.0,30.0,33.0,39.0,inferred
Moray,2021-05-07,11.0,15.0,17.0,18.8,20.0,22.0,24.0,25.0,27.0,29.0,30.0,34.0,42.0,inferred
Moray,2021-05-08,10.0,13.0,16.0,17.0,18.0,20.0,22.0,24.0,26.0,27.0,29.0,33.0,39.0,inferred
Moray,2021-05-09,8.0,11.0,13.0,15.0,15.0,17.0,19.0,20.0,22.0,24.0,25.0,29.0,34.0,inferred
Moray,2021-05-10,6.0,8.0,10.0,11.0,12.0,14.0,15.0,17.0,18.0,19.0,21.0,24.0,30.0,inferred
Moray,2021-05-11,6.0,9.0,11.0,12.0,13.0,14.0,16.0,18.0,19.0,20.0,22.0,25.0,31.0,inferred
Moray,2021-05-12,9.0,12.0,15.0,16.0,17.0,19.0,20.0,22.0,25.0,26.0,27.0,32.0,39.0,inferred
Moray,2021-05-13,7.0,11.0,13.0,14.0,15.0,17.0,18.0,20.0,22.0,23.0,25.0,29.0,35.0,inferred
Moray,2021-05-14,7.0,11.0,13.0,14.0,15.0,16.0,18.0,20.0,22.0,23.0,24.0,28.0,34.0,inferred
Moray,2021-05-15,7.0,9.0,12.0,13.0,13.0,15.0,16.0,18.0,20.0,21.0,23.0,26.0,31.0,inferred
Moray,2021-05-16,5.0,7.0,9.0,10.0,11.0,12.0,14.0,15.0,17.0,18.0,19.0,22.0,29.0,inferred
Moray,2021-05-17,3.0,5.0,7.0,8.0,8.0,9.0,11.0,12.0,13.0,14.0,15.0,18.0,23.0,inferred
Moray,2021-05-18,3.0,6.0,7.0,8.0,9.0,10.0,11.0,13.0,14.0,15.0,16.0,19.0,23.0,inferred
Moray,2021-05-19,5.0,7.0,10.0,10.0,11.0,12.0,14.0,16.0,18.0,19.0,20.0,23.0,28.0,inferred
Moray,2021-05-20,4.0,7.0,9.0,9.0,10.0,12.0,13.0,15.0,16.0,17.0,18.0,21.0,26.0,inferred
Moray,2021-05-21,4.0,7.0,9.0,10.0,11.0,12.0,13.0,14.0,16.0,17.0,19.0,21.1,27.0,inferred
Moray,2021-05-22,3.0,6.0,8.0,9.0,9.0,11.0,12.0,13.0,15.0,16.0,17.0,20.0,25.5,inferred
Moray,2021-05-23,3.0,5.0,6.8,7.0,8.0,9.0,10.0,12.0,14.0,15.0,16.0,19.0,24.0,inferred
Moray,2021-05-24,2.0,4.0,5.0,6.0,6.0,7.0,8.0,9.0,11.0,11.0,12.0,15.0,19.0,inferred
Moray,2021-05-25,2.0,4.0,5.0,6.0,7.0,8.0,9.0,10.0,12.0,13.0,13.0,16.0,21.0,inferred
Moray,2021-05-26,4.0,6.0,8.0,9.0,10.0,11.0,12.0,14.0,15.0,16.0,17.0,21.0,26.0,inferred
Moray,2021-05-27,4.0,6.0,8.0,9.0,10.0,11.0,12.0,14.0,16.0,16.2,18.0,21.0,25.0,inferred
Moray,2021-05-28,4.0,7.0,9.0,10.0,11.0,12.0,13.0,15.0,16.0,18.0,19.0,22.0,27.0,inferred
Moray,2021-05-29,4.0,6.0,8.0,9.0,10.0,11.0,13.0,14.0,16.0,17.0,18.0,21.0,26.0,inferred
Moray,2021-05-30,3.0,6.0,8.0,8.0,9.0,10.0,11.0,13.0,15.0,16.0,17.0,20.0,25.0,inferred
Moray,2021-05-31,2.0,4.0,6.0,6.0,7.0,8.0,9.0,11.0,13.0,14.0,15.0,17.0,22.0,inferred
Moray,2021-06-01,3.0,6.0,7.0,8.0,9.0,10.0,11.0,13.0,15.0,15.0,17.0,20.0,24.5,inferred
Moray,2021-06-02,6.0,10.0,12.0,13.0,14.0,16.0,17.0,19.0,21.0,22.0,24.0,27.0,33.5,inferred
Moray,2021-06-03,8.0,11.0,13.0,14.0,15.0,17.0,18.0,20.0,22.0,23.0,25.0,29.0,35.0,inferred
Moray,2021-06-04,9.0,13.0,16.0,17.0,18.0,20.0,21.0,23.0,26.0,27.0,28.0,33.0,40.0,inferred
Moray,2021-06-05,10.0,14.0,17.0,18.0,19.0,21.0,22.0,24.0,26.0,28.0,29.0,33.0,39.5,inferred
Moray,2021-06-06,9.0,13.0,16.0,17.0,18.0,19.0,21.0,23.0,25.0,26.0,28.0,32.0,38.0,inferred
Moray,2021-06-07,8.0,11.0,13.0,15.0,15.7,17.0,19.0,21.0,23.0,24.0,25.0,29.0,37.0,inferred
Moray,2021-06-08,10.0,14.0,16.0,18.0,19.0,20.0,22.0,24.0,26.0,28.0,29.0,33.0,39.0,inferred
Moray,2021-06-09,18.0,23.0,26.0,28.0,29.0,31.0,33.0,36.0,39.0,40.0,42.0,47.0,55.0,inferred
Moray,2021-06-10,18.5,24.0,27.0,29.0,30.0,33.0,35.0,38.0,40.0,42.0,43.0,48.0,57.0,inferred
Moray,2021-06-11,24.0,28.0,32.0,34.0,35.0,37.0,40.0,43.0,45.0,47.0,49.0,54.0,61.5,inferred
Moray,2021-06-12,22.0,30.0,33.0,35.0,36.0,39.0,42.0,45.0,48.0,49.0,51.0,57.0,65.0,inferred
Moray,2021-06-13,21.0,27.0,31.0,33.0,34.0,37.0,39.0,42.0,45.0,46.2,48.0,53.0,62.0,inferred
Moray,2021-06-14,20.0,25.0,29.0,30.0,31.0,33.0,36.0,38.0,41.0,43.0,44.0,50.0,59.0,inferred
Moray,2021-06-15,24.0,30.0,34.0,36.0,37.0,40.0,42.0,45.0,48.0,50.0,52.0,57.0,65.5,inferred
Moray,2021-06-16,38.0,46.0,51.0,53.0,55.0,59.0,62.0,66.0,69.0,71.0,73.0,80.0,91.0,inferred
Moray,2021-06-17,40.0,47.0,52.0,54.0,56.0,60.0,63.0,67.0,71.0,73.0,76.0,82.0,94.5,inferred
Moray,2021-06-18,46.0,53.0,59.0,61.0,64.0,68.0,72.0,75.0,79.0,82.0,85.0,94.0,104.0,inferred
Na h-Eileanan Siar,2021-03-06,0.0,0.0,0.0,0.0,0.0,1.0,1.0,2.0,3.0,3.0,4.0,6.0,10.0,inferred
Na h-Eileanan Siar,2021-03-07,0.0,0.0,0.0,0.0,0.0,1.0,1.0,1.0,2.0,3.0,3.0,5.0,9.0,inferred
Na h-Eileanan Siar,2021-03-08,0.0,0.0,0.0,0.0,0.0,0.0,0.0,1.0,1.0,2.0,2.0,4.0,8.0,inferred
Na h-Eileanan Siar,2021-03-09,0.0,0.0,0.0,0.0,0.0,0.0,0.0,1.0,1.0,1.0,2.0,3.0,6.0,inferred
Na h-Eileanan Siar,2021-03-10,0.0,0.0,0.0,0.0,0.0,0.0,0.0,1.0,1.0,2.0,2.0,4.0,7.5,inferred
Na h-Eileanan Siar,2021-03-11,0.0,0.0,0.0,0.0,0.0,0.0,0.0,1.0,1.0,1.0,2.0,3.0,7.0,inferred
Na h-Eileanan Siar,2021-03-12,0.0,0.0,0.0,0.0,0.0,0.0,0.0,0.0,1.0,1.0,2.0,3.0,6.0,inferred
Na h-Eileanan Siar,2021-03-13,0.0,0.0,0.0,0.0,0.0,0.0,0.0,0.0,1.0,1.0,1.0,3.0,7.0,inferred
Na h-Eileanan Siar,2021-03-14,0.0,0.0,0.0,0.0,0.0,0.0,0.0,0.0,0.0,1.0,1.0,2.0,6.0,inferred
Na h-Eileanan Siar,2021-03-15,0.0,0.0,0.0,0.0,0.0,0.0,0.0,0.0,0.0,0.0,1.0,2.0,5.0,inferred
Na h-Eileanan Siar,2021-03-16,0.0,0.0,0.0,0.0,0.0,0.0,0.0,0.0,0.0,0.0,1.0,1.0,4.0,inferred
Na h-Eileanan Siar,2021-03-17,0.0,0.0,0.0,0.0,0.0,0.0,0.0,0.0,0.0,1.0,1.0,2.0,5.0,inferred
Na h-Eileanan Siar,2021-03-18,0.0,0.0,0.0,0.0,0.0,0.0,0.0,0.0,0.0,0.0,1.0,2.0,5.0,inferred
Na h-Eileanan Siar,2021-03-19,0.0,0.0,0.0,0.0,0.0,0.0,0.0,0.0,0.0,0.0,1.0,2.0,5.0,inferred
Na h-Eileanan Siar,2021-03-20,0.0,0.0,0.0,0.0,0.0,0.0,0.0,0.0,0.0,0.0,0.0,1.0,3.0,inferred
Na h-Eileanan Siar,2021-03-21,0.0,0.0,0.0,0.0,0.0,0.0,0.0,0.0,0.0,0.0,0.0,1.0,3.0,inferred
Na h-Eileanan Siar,2021-03-22,0.0,0.0,0.0,0.0,0.0,0.0,0.0,0.0,0.0,0.0,0.0,0.0,2.0,inferred
Na h-Eileanan Siar,2021-03-23,0.0,0.0,0.0,0.0,0.0,0.0,0.0,0.0,0.0,0.0,0.0,1.0,2.0,inferred
Na h-Eileanan Siar,2021-03-24,0.0,0.0,0.0,0.0,0.0,0.0,0.0,0.0,0.0,0.0,0.0,1.0,4.0,inferred
Na h-Eileanan Siar,2021-03-25,0.0,0.0,0.0,0.0,0.0,0.0,0.0,0.0,0.0,0.0,0.0,1.0,3.0,inferred
Na h-Eileanan Siar,2021-03-26,0.0,0.0,0.0,0.0,0.0,0.0,0.0,0.0,0.0,0.0,0.0,1.0,3.0,inferred
Na h-Eileanan Siar,2021-03-27,0.0,0.0,0.0,0.0,0.0,0.0,0.0,0.0,0.0,0.0,0.0,1.0,3.0,inferred
Na h-Eileanan Siar,2021-03-28,0.0,0.0,0.0,0.0,0.0,0.0,0.0,0.0,0.0,0.0,0.0,0.0,2.0,inferred
Na h-Eileanan Siar,2021-03-29,0.0,0.0,0.0,0.0,0.0,0.0,0.0,0.0,0.0,0.0,0.0,0.0,2.0,inferred
Na h-Eileanan Siar,2021-03-30,0.0,0.0,0.0,0.0,0.0,0.0,0.0,0.0,0.0,0.0,0.0,0.0,2.0,inferred
Na h-Eileanan Siar,2021-03-31,0.0,0.0,0.0,0.0,0.0,0.0,0.0,0.0,0.0,0.0,0.0,1.0,3.0,inferred
Na h-Eileanan Siar,2021-04-01,0.0,0.0,0.0,0.0,0.0,0.0,0.0,0.0,0.0,0.0,0.0,0.0,2.5,inferred
Na h-Eileanan Siar,2021-04-02,0.0,0.0,0.0,0.0,0.0,0.0,0.0,0.0,0.0,0.0,0.0,1.0,3.0,inferred
Na h-Eileanan Siar,2021-04-03,0.0,0.0,0.0,0.0,0.0,0.0,0.0,0.0,0.0,0.0,0.0,0.1,2.5,inferred
Na h-Eileanan Siar,2021-04-04,0.0,0.0,0.0,0.0,0.0,0.0,0.0,0.0,0.0,0.0,0.0,0.0,2.0,inferred
Na h-Eileanan Siar,2021-04-05,0.0,0.0,0.0,0.0,0.0,0.0,0.0,0.0,0.0,0.0,0.0,0.0,2.0,inferred
Na h-Eileanan Siar,2021-04-06,0.0,0.0,0.0,0.0,0.0,0.0,0.0,0.0,0.0,0.0,0.0,0.0,2.0,inferred
Na h-Eileanan Siar,2021-04-07,0.0,0.0,0.0,0.0,0.0,0.0,0.0,0.0,0.0,0.0,0.0,1.0,3.0,inferred
Na h-Eileanan Siar,2021-04-08,0.0,0.0,0.0,0.0,0.0,0.0,0.0,0.0,0.0,0.0,0.0,0.0,2.0,inferred
Na h-Eileanan Siar,2021-04-09,0.0,0.0,0.0,0.0,0.0,0.0,0.0,0.0,0.0,0.0,0.0,0.0,2.0,inferred
Na h-Eileanan Siar,2021-04-10,0.0,0.0,0.0,0.0,0.0,0.0,0.0,0.0,0.0,0.0,0.0,0.0,2.0,inferred
Na h-Eileanan Siar,2021-04-11,0.0,0.0,0.0,0.0,0.0,0.0,0.0,0.0,0.0,0.0,0.0,0.0,2.0,inferred
Na h-Eileanan Siar,2021-04-12,0.0,0.0,0.0,0.0,0.0,0.0,0.0,0.0,0.0,0.0,0.0,0.0,2.0,inferred
Na h-Eileanan Siar,2021-04-13,0.0,0.0,0.0,0.0,0.0,0.0,0.0,0.0,0.0,0.0,0.0,0.0,1.0,inferred
Na h-Eileanan Siar,2021-04-14,0.0,0.0,0.0,0.0,0.0,0.0,0.0,0.0,0.0,0.0,0.0,0.0,2.0,inferred
Na h-Eileanan Siar,2021-04-15,0.0,0.0,0.0,0.0,0.0,0.0,0.0,0.0,0.0,0.0,0.0,0.0,3.0,inferred
Na h-Eileanan Siar,2021-04-16,0.0,0.0,0.0,0.0,0.0,0.0,0.0,0.0,0.0,0.0,0.0,0.0,2.0,inferred
Na h-Eileanan Siar,2021-04-17,0.0,0.0,0.0,0.0,0.0,0.0,0.0,0.0,0.0,0.0,0.0,0.0,2.0,inferred
Na h-Eileanan Siar,2021-04-18,0.0,0.0,0.0,0.0,0.0,0.0,0.0,0.0,0.0,0.0,0.0,0.0,1.0,inferred
Na h-Eileanan Siar,2021-04-19,0.0,0.0,0.0,0.0,0.0,0.0,0.0,0.0,0.0,0.0,0.0,0.0,1.0,inferred
Na h-Eileanan Siar,2021-04-20,0.0,0.0,0.0,0.0,0.0,0.0,0.0,0.0,0.0,0.0,0.0,0.0,1.0,inferred
Na h-Eileanan Siar,2021-04-21,0.0,0.0,0.0,0.0,0.0,0.0,0.0,0.0,0.0,0.0,0.0,0.0,2.0,inferred
Na h-Eileanan Siar,2021-04-22,0.0,0.0,0.0,0.0,0.0,0.0,0.0,0.0,0.0,0.0,0.0,0.0,2.0,inferred
Na h-Eileanan Siar,2021-04-23,0.0,0.0,0.0,0.0,0.0,0.0,0.0,0.0,0.0,0.0,0.0,0.0,2.0,inferred
Na h-Eileanan Siar,2021-04-24,0.0,0.0,0.0,0.0,0.0,0.0,0.0,0.0,0.0,0.0,0.0,0.0,2.0,inferred
Na h-Eileanan Siar,2021-04-25,0.0,0.0,0.0,0.0,0.0,0.0,0.0,0.0,0.0,0.0,0.0,0.0,2.0,inferred
Na h-Eileanan Siar,2021-04-26,0.0,0.0,0.0,0.0,0.0,0.0,0.0,0.0,0.0,0.0,0.0,0.0,2.0,inferred
Na h-Eileanan Siar,2021-04-27,0.0,0.0,0.0,0.0,0.0,0.0,0.0,0.0,0.0,0.0,0.0,0.0,2.0,inferred
Na h-Eileanan Siar,2021-04-28,0.0,0.0,0.0,0.0,0.0,0.0,0.0,0.0,0.0,0.0,0.0,0.0,3.0,inferred
Na h-Eileanan Siar,2021-04-29,0.0,0.0,0.0,0.0,0.0,0.0,0.0,0.0,0.0,0.0,0.0,0.0,3.0,inferred
Na h-Eileanan Siar,2021-04-30,0.0,0.0,0.0,0.0,0.0,0.0,0.0,0.0,0.0,0.0,0.0,0.0,2.0,inferred
Na h-Eileanan Siar,2021-05-01,0.0,0.0,0.0,0.0,0.0,0.0,0.0,0.0,0.0,0.0,0.0,0.0,2.0,inferred
Na h-Eileanan Siar,2021-05-02,0.0,0.0,0.0,0.0,0.0,0.0,0.0,0.0,0.0,0.0,0.0,0.0,2.0,inferred
Na h-Eileanan Siar,2021-05-03,0.0,0.0,0.0,0.0,0.0,0.0,0.0,0.0,0.0,0.0,0.0,0.0,2.0,inferred
Na h-Eileanan Siar,2021-05-04,0.0,0.0,0.0,0.0,0.0,0.0,0.0,0.0,0.0,0.0,0.0,0.0,2.0,inferred
Na h-Eileanan Siar,2021-05-05,0.0,0.0,0.0,0.0,0.0,0.0,0.0,0.0,0.0,0.0,0.0,1.0,2.0,inferred
Na h-Eileanan Siar,2021-05-06,0.0,0.0,0.0,0.0,0.0,0.0,0.0,0.0,0.0,0.0,0.0,0.0,2.0,inferred
Na h-Eileanan Siar,2021-05-07,0.0,0.0,0.0,0.0,0.0,0.0,0.0,0.0,0.0,0.0,0.0,1.0,3.0,inferred
Na h-Eileanan Siar,2021-05-08,0.0,0.0,0.0,0.0,0.0,0.0,0.0,0.0,0.0,0.0,0.0,0.0,2.0,inferred
Na h-Eileanan Siar,2021-05-09,0.0,0.0,0.0,0.0,0.0,0.0,0.0,0.0,0.0,0.0,0.0,1.0,3.0,inferred
Na h-Eileanan Siar,2021-05-10,0.0,0.0,0.0,0.0,0.0,0.0,0.0,0.0,0.0,0.0,0.0,0.0,2.0,inferred
Na h-Eileanan Siar,2021-05-11,0.0,0.0,0.0,0.0,0.0,0.0,0.0,0.0,0.0,0.0,0.0,0.0,2.0,inferred
Na h-Eileanan Siar,2021-05-12,0.0,0.0,0.0,0.0,0.0,0.0,0.0,0.0,0.0,0.0,0.0,1.0,3.0,inferred
Na h-Eileanan Siar,2021-05-13,0.0,0.0,0.0,0.0,0.0,0.0,0.0,0.0,0.0,0.0,0.0,1.0,3.0,inferred
Na h-Eileanan Siar,2021-05-14,0.0,0.0,0.0,0.0,0.0,0.0,0.0,0.0,0.0,0.0,0.0,1.0,3.0,inferred
Na h-Eileanan Siar,2021-05-15,0.0,0.0,0.0,0.0,0.0,0.0,0.0,0.0,0.0,0.0,0.0,1.0,3.0,inferred
Na h-Eileanan Siar,2021-05-16,0.0,0.0,0.0,0.0,0.0,0.0,0.0,0.0,0.0,0.0,0.0,1.0,2.0,inferred
Na h-Eileanan Siar,2021-05-17,0.0,0.0,0.0,0.0,0.0,0.0,0.0,0.0,0.0,0.0,0.0,0.0,2.0,inferred
Na h-Eileanan Siar,2021-05-18,0.0,0.0,0.0,0.0,0.0,0.0,0.0,0.0,0.0,0.0,0.0,1.0,2.5,inferred
Na h-Eileanan Siar,2021-05-19,0.0,0.0,0.0,0.0,0.0,0.0,0.0,0.0,0.0,0.0,0.0,1.0,3.0,inferred
Na h-Eileanan Siar,2021-05-20,0.0,0.0,0.0,0.0,0.0,0.0,0.0,0.0,0.0,0.0,0.0,1.0,3.0,inferred
Na h-Eileanan Siar,2021-05-21,0.0,0.0,0.0,0.0,0.0,0.0,0.0,0.0,0.0,0.0,0.0,1.0,3.0,inferred
Na h-Eileanan Siar,2021-05-22,0.0,0.0,0.0,0.0,0.0,0.0,0.0,0.0,0.0,0.0,0.0,1.0,3.0,inferred
Na h-Eileanan Siar,2021-05-23,0.0,0.0,0.0,0.0,0.0,0.0,0.0,0.0,0.0,0.0,0.0,1.0,3.0,inferred
Na h-Eileanan Siar,2021-05-24,0.0,0.0,0.0,0.0,0.0,0.0,0.0,0.0,0.0,0.0,0.0,0.0,2.0,inferred
Na h-Eileanan Siar,2021-05-25,0.0,0.0,0.0,0.0,0.0,0.0,0.0,0.0,0.0,0.0,0.0,0.0,2.0,inferred
Na h-Eileanan Siar,2021-05-26,0.0,0.0,0.0,0.0,0.0,0.0,0.0,0.0,0.0,0.0,0.0,1.0,3.0,inferred
Na h-Eileanan Siar,2021-05-27,0.0,0.0,0.0,0.0,0.0,0.0,0.0,0.0,0.0,0.0,0.0,1.0,3.0,inferred
Na h-Eileanan Siar,2021-05-28,0.0,0.0,0.0,0.0,0.0,0.0,0.0,0.0,0.0,0.0,0.0,1.0,3.0,inferred
Na h-Eileanan Siar,2021-05-29,0.0,0.0,0.0,0.0,0.0,0.0,0.0,0.0,0.0,0.0,0.0,1.0,3.0,inferred
Na h-Eileanan Siar,2021-05-30,0.0,0.0,0.0,0.0,0.0,0.0,0.0,0.0,0.0,0.0,0.0,1.0,2.5,inferred
Na h-Eileanan Siar,2021-05-31,0.0,0.0,0.0,0.0,0.0,0.0,0.0,0.0,0.0,0.0,0.0,1.0,2.5,inferred
Na h-Eileanan Siar,2021-06-01,0.0,0.0,0.0,0.0,0.0,0.0,0.0,0.0,0.0,0.0,0.0,1.0,3.0,inferred
Na h-Eileanan Siar,2021-06-02,0.0,0.0,0.0,0.0,0.0,0.0,0.0,0.0,0.0,0.0,0.0,1.0,4.0,inferred
Na h-Eileanan Siar,2021-06-03,0.0,0.0,0.0,0.0,0.0,0.0,0.0,0.0,0.0,0.0,0.0,1.0,3.0,inferred
Na h-Eileanan Siar,2021-06-04,0.0,0.0,0.0,0.0,0.0,0.0,0.0,0.0,0.0,0.0,0.0,1.0,3.0,inferred
Na h-Eileanan Siar,2021-06-05,0.0,0.0,0.0,0.0,0.0,0.0,0.0,0.0,0.0,0.0,0.0,1.0,3.0,inferred
Na h-Eileanan Siar,2021-06-06,0.0,0.0,0.0,0.0,0.0,0.0,0.0,0.0,0.0,0.0,0.0,1.0,3.0,inferred
Na h-Eileanan Siar,2021-06-07,0.0,0.0,0.0,0.0,0.0,0.0,0.0,0.0,0.0,0.0,0.0,1.0,3.0,inferred
Na h-Eileanan Siar,2021-06-08,0.0,0.0,0.0,0.0,0.0,0.0,0.0,0.0,0.0,0.0,0.0,1.0,4.0,inferred
Na h-Eileanan Siar,2021-06-09,0.0,0.0,0.0,0.0,0.0,0.0,0.0,0.0,0.0,0.0,0.0,1.0,3.0,inferred
Na h-Eileanan Siar,2021-06-10,0.0,0.0,0.0,0.0,0.0,0.0,0.0,0.0,0.0,0.0,0.0,1.0,3.0,inferred
Na h-Eileanan Siar,2021-06-11,0.0,0.0,0.0,0.0,0.0,0.0,0.0,0.0,0.0,0.0,0.0,1.0,4.0,inferred
Na h-Eileanan Siar,2021-06-12,0.0,0.0,0.0,0.0,0.0,0.0,0.0,0.0,0.0,0.0,0.0,1.0,4.0,inferred
Na h-Eileanan Siar,2021-06-13,0.0,0.0,0.0,0.0,0.0,0.0,0.0,0.0,0.0,0.0,0.0,1.0,2.0,inferred
Na h-Eileanan Siar,2021-06-14,0.0,0.0,0.0,0.0,0.0,0.0,0.0,0.0,0.0,0.0,0.0,1.0,3.0,inferred
Na h-Eileanan Siar,2021-06-15,0.0,0.0,0.0,0.0,0.0,0.0,0.0,0.0,0.0,0.0,0.0,1.0,3.0,inferred
Na h-Eileanan Siar,2021-06-16,0.0,0.0,0.0,0.0,0.0,0.0,0.0,0.0,0.0,0.0,0.0,1.0,3.0,inferred
Na h-Eileanan Siar,2021-06-17,0.0,0.0,0.0,0.0,0.0,0.0,0.0,0.0,0.0,0.0,0.0,1.0,4.0,inferred
Na h-Eileanan Siar,2021-06-18,0.0,0.0,0.0,0.0,0.0,0.0,0.0,0.0,0.0,0.0,0.0,1.0,4.0,inferred
Neath Port Talbot,2021-03-06,0.0,2.0,3.0,3.0,4.0,4.0,5.0,6.0,7.0,8.0,8.0,11.0,14.0,inferred
Neath Port Talbot,2021-03-07,1.0,2.0,3.0,3.0,4.0,5.0,6.0,7.0,8.0,8.0,9.0,11.0,15.0,inferred
Neath Port Talbot,2021-03-08,2.0,3.0,5.0,5.0,6.0,7.0,8.0,9.0,10.0,11.0,12.0,14.0,18.0,inferred
Neath Port Talbot,2021-03-09,1.0,3.0,4.0,5.0,5.0,6.0,7.0,8.0,9.0,10.0,11.0,13.0,17.5,inferred
Neath Port Talbot,2021-03-10,2.0,3.0,5.0,5.0,6.0,7.0,8.0,9.0,10.0,11.0,12.0,15.0,19.0,inferred
Neath Port Talbot,2021-03-11,2.0,3.0,5.0,6.0,6.0,7.0,8.0,9.0,11.0,11.2,12.0,15.0,19.0,inferred
Neath Port Talbot,2021-03-12,1.0,3.0,4.0,5.0,5.0,6.0,7.0,8.0,10.0,10.0,11.0,14.0,19.0,inferred
Neath Port Talbot,2021-03-13,1.0,3.0,4.0,4.0,5.0,6.0,6.0,7.0,8.0,9.0,10.0,12.0,16.0,inferred
Neath Port Talbot,2021-03-14,1.0,3.0,4.0,4.8,5.0,6.0,7.0,8.0,9.0,10.0,11.0,13.0,17.0,inferred
Neath Port Talbot,2021-03-15,3.0,5.0,7.0,7.0,8.0,9.6,11.0,12.0,13.0,14.0,15.0,18.0,23.0,inferred
Neath Port Talbot,2021-03-16,3.0,4.9,6.0,7.0,7.0,9.0,10.0,11.0,12.0,13.0,14.0,17.0,22.0,inferred
Neath Port Talbot,2021-03-17,3.0,5.0,7.0,8.0,8.0,10.0,11.0,12.0,14.0,15.0,16.0,18.1,23.0,inferred
Neath Port Talbot,2021-03-18,3.0,5.0,7.0,8.0,9.0,10.0,11.0,12.0,14.0,15.0,16.0,19.0,25.0,inferred
Neath Port Talbot,2021-03-19,3.0,5.0,6.0,7.0,7.0,8.0,10.0,11.0,12.0,13.0,14.0,17.0,22.0,inferred
Neath Port Talbot,2021-03-20,2.0,3.0,4.0,5.0,5.0,7.0,8.0,9.0,10.0,11.0,12.0,14.0,18.0,inferred
Neath Port Talbot,2021-03-21,2.0,4.0,5.0,6.0,6.0,7.0,8.0,9.0,11.0,12.0,13.0,15.0,20.0,inferred
Neath Port Talbot,2021-03-22,4.0,6.0,8.0,9.0,9.0,11.0,12.0,13.0,15.0,16.0,17.0,20.0,25.0,inferred
Neath Port Talbot,2021-03-23,3.0,5.0,6.0,7.0,8.0,9.0,11.0,12.0,13.0,14.0,15.0,18.0,24.0,inferred
Neath Port Talbot,2021-03-24,3.0,6.0,7.0,8.0,9.0,10.0,11.0,13.0,14.0,15.0,16.0,19.0,24.0,inferred
Neath Port Talbot,2021-03-25,3.0,5.0,7.0,7.0,8.0,9.0,11.0,12.0,13.0,14.0,15.0,18.0,22.0,inferred
Neath Port Talbot,2021-03-26,2.0,4.0,5.0,6.0,6.0,7.0,9.0,10.0,11.0,12.0,13.0,15.0,20.0,inferred
Neath Port Talbot,2021-03-27,1.0,2.0,4.0,4.0,5.0,5.0,6.0,7.0,9.0,9.0,10.0,12.0,17.0,inferred
Neath Port Talbot,2021-03-28,1.0,2.0,4.0,4.0,5.0,5.0,6.0,7.0,8.0,9.0,10.0,12.0,16.0,inferred
Neath Port Talbot,2021-03-29,2.0,3.0,5.0,5.0,6.0,7.0,8.0,9.0,11.0,11.0,12.0,14.0,19.0,inferred
Neath Port Talbot,2021-03-30,1.0,2.0,4.0,4.0,5.0,5.0,7.0,8.0,9.0,10.0,10.0,12.0,16.0,inferred
Neath Port Talbot,2021-03-31,1.0,3.0,4.0,4.0,5.0,6.0,7.0,8.0,9.0,10.0,10.0,13.0,17.0,inferred
Neath Port Talbot,2021-04-01,1.0,2.0,3.0,4.0,4.0,5.0,6.0,7.0,8.0,9.0,10.0,12.0,16.0,inferred
Neath Port Talbot,2021-04-02,0.0,1.0,2.0,3.0,3.0,4.0,5.0,6.0,6.0,7.0,8.0,10.0,14.0,inferred
Neath Port Talbot,2021-04-03,0.0,1.0,1.0,2.0,2.0,3.0,3.0,4.0,5.0,6.0,6.0,8.0,12.0,inferred
Neath Port Talbot,2021-04-04,0.0,1.0,2.0,2.0,2.0,3.0,4.0,4.0,5.0,6.0,6.0,8.0,12.0,inferred
Neath Port Talbot,2021-04-05,0.0,1.0,2.0,3.0,3.0,4.0,5.0,5.0,6.0,7.0,8.0,10.0,13.0,inferred
Neath Port Talbot,2021-04-06,0.0,1.0,2.0,2.0,2.0,3.0,4.0,5.0,6.0,6.0,7.0,9.0,12.0,inferred
Neath Port Talbot,2021-04-07,0.0,1.0,2.0,2.0,2.0,3.0,4.0,5.0,6.0,6.0,7.0,9.0,13.0,inferred
Neath Port Talbot,2021-04-08,0.0,1.0,2.0,2.0,2.0,3.0,4.0,5.0,6.0,6.0,7.0,8.0,12.0,inferred
Neath Port Talbot,2021-04-09,0.0,0.0,1.0,1.0,2.0,2.0,3.0,4.0,5.0,5.0,6.0,8.0,11.0,inferred
Neath Port Talbot,2021-04-10,0.0,0.0,1.0,1.0,1.0,2.0,2.0,3.0,4.0,4.0,5.0,7.0,9.0,inferred
Neath Port Talbot,2021-04-11,0.0,0.0,1.0,1.0,1.0,2.0,2.0,3.0,4.0,4.0,5.0,7.0,10.0,inferred
Neath Port Talbot,2021-04-12,0.0,1.0,2.0,2.0,2.0,3.0,4.0,4.0,5.0,6.0,7.0,8.0,12.0,inferred
Neath Port Talbot,2021-04-13,0.0,0.0,1.0,1.0,2.0,2.0,3.0,4.0,5.0,5.0,6.0,7.0,10.0,inferred
Neath Port Talbot,2021-04-14,0.0,1.0,1.0,2.0,2.0,3.0,3.0,4.0,5.0,5.0,6.0,8.0,11.0,inferred
Neath Port Talbot,2021-04-15,0.0,1.0,1.0,2.0,2.0,2.0,3.0,4.0,5.0,5.0,6.0,8.0,11.0,inferred
Neath Port Talbot,2021-04-16,0.0,0.0,1.0,1.0,1.0,2.0,3.0,3.0,4.0,5.0,5.0,7.0,10.0,inferred
Neath Port Talbot,2021-04-17,0.0,0.0,0.0,1.0,1.0,1.0,2.0,2.0,3.0,3.0,4.0,6.0,8.0,inferred
Neath Port Talbot,2021-04-18,0.0,0.0,1.0,1.0,1.0,1.0,2.0,3.0,3.0,4.0,4.0,6.0,8.0,inferred
Neath Port Talbot,2021-04-19,0.0,0.0,1.0,1.0,2.0,2.0,3.0,4.0,4.0,5.0,5.0,7.0,10.0,inferred
Neath Port Talbot,2021-04-20,0.0,0.0,1.0,1.0,1.0,2.0,2.0,3.0,4.0,4.0,5.0,7.0,10.0,inferred
Neath Port Talbot,2021-04-21,0.0,0.0,1.0,1.0,1.0,2.0,3.0,3.0,4.0,5.0,5.0,7.0,10.0,inferred
Neath Port Talbot,2021-04-22,0.0,0.0,1.0,1.0,1.0,2.0,2.0,3.0,4.0,4.0,5.0,7.0,9.0,inferred
Neath Port Talbot,2021-04-23,0.0,0.0,0.0,1.0,1.0,1.0,2.0,2.0,3.0,3.0,4.0,6.0,9.0,inferred
Neath Port Talbot,2021-04-24,0.0,0.0,0.0,0.0,0.0,1.0,1.0,2.0,2.0,3.0,3.0,5.0,7.0,inferred
Neath Port Talbot,2021-04-25,0.0,0.0,0.0,0.0,0.7,1.0,1.0,2.0,2.0,3.0,3.0,5.0,8.0,inferred
Neath Port Talbot,2021-04-26,0.0,0.0,0.0,1.0,1.0,1.0,2.0,2.0,3.0,4.0,4.0,6.0,9.0,inferred
Neath Port Talbot,2021-04-27,0.0,0.0,0.0,0.0,1.0,1.0,2.0,2.0,3.0,3.0,4.0,5.0,8.0,inferred
Neath Port Talbot,2021-04-28,0.0,0.0,0.0,1.0,1.0,1.0,2.0,2.0,3.0,3.0,4.0,5.0,8.0,inferred
Neath Port Talbot,2021-04-29,0.0,0.0,0.0,0.0,1.0,1.0,1.0,2.0,2.0,3.0,3.0,5.0,7.0,inferred
Neath Port Talbot,2021-04-30,0.0,0.0,0.0,0.0,0.0,1.0,1.0,2.0,2.0,2.0,3.0,4.0,6.5,inferred
Neath Port Talbot,2021-05-01,0.0,0.0,0.0,0.0,0.0,0.0,1.0,1.0,2.0,2.0,2.0,4.0,6.0,inferred
Neath Port Talbot,2021-05-02,0.0,0.0,0.0,0.0,0.0,0.0,1.0,1.0,2.0,2.0,2.0,3.0,6.0,inferred
Neath Port Talbot,2021-05-03,0.0,0.0,0.0,0.0,0.0,1.0,1.0,2.0,2.0,3.0,3.0,4.0,7.0,inferred
Neath Port Talbot,2021-05-04,0.0,0.0,0.0,0.0,0.0,1.0,1.0,1.0,2.0,2.0,3.0,4.0,6.0,inferred
Neath Port Talbot,2021-05-05,0.0,0.0,0.0,0.0,0.0,1.0,1.0,1.0,2.0,2.0,3.0,4.0,7.0,inferred
Neath Port Talbot,2021-05-06,0.0,0.0,0.0,0.0,0.0,1.0,1.0,2.0,2.0,3.0,3.0,4.0,7.0,inferred
Neath Port Talbot,2021-05-07,0.0,0.0,0.0,0.0,0.0,1.0,1.0,1.0,2.0,2.0,3.0,4.0,6.0,inferred
Neath Port Talbot,2021-05-08,0.0,0.0,0.0,0.0,0.0,0.0,1.0,1.0,1.0,2.0,2.0,3.0,5.0,inferred
Neath Port Talbot,2021-05-09,0.0,0.0,0.0,0.0,0.0,0.0,1.0,1.0,2.0,2.0,2.0,3.0,6.0,inferred
Neath Port Talbot,2021-05-10,0.0,0.0,0.0,0.0,0.0,1.0,1.0,2.0,2.0,3.0,3.0,5.0,8.0,inferred
Neath Port Talbot,2021-05-11,0.0,0.0,0.0,0.0,0.0,1.0,1.0,2.0,2.0,3.0,3.0,4.0,7.0,inferred
Neath Port Talbot,2021-05-12,0.0,0.0,0.0,0.0,1.0,1.0,1.0,2.0,2.0,3.0,3.0,5.0,8.0,inferred
Neath Port Talbot,2021-05-13,0.0,0.0,0.0,0.0,1.0,1.0,1.0,2.0,3.0,3.0,4.0,5.0,9.0,inferred
Neath Port Talbot,2021-05-14,0.0,0.0,0.0,0.0,0.0,1.0,1.0,2.0,2.0,3.0,3.0,4.0,7.0,inferred
Neath Port Talbot,2021-05-15,0.0,0.0,0.0,0.0,0.0,1.0,1.0,1.0,2.0,2.0,3.0,4.0,6.0,inferred
Neath Port Talbot,2021-05-16,0.0,0.0,0.0,0.0,0.0,1.0,1.0,1.0,2.0,2.0,3.0,4.0,7.0,inferred
Neath Port Talbot,2021-05-17,0.0,0.0,0.0,1.0,1.0,1.0,2.0,2.0,3.0,3.0,4.0,5.0,9.0,inferred
Neath Port Talbot,2021-05-18,0.0,0.0,0.0,0.0,1.0,1.0,1.0,2.0,3.0,3.0,4.0,5.0,8.0,inferred
Neath Port Talbot,2021-05-19,0.0,0.0,0.0,1.0,1.0,1.0,2.0,2.0,3.0,3.0,4.0,5.0,8.0,inferred
Neath Port Talbot,2021-05-20,0.0,0.0,0.0,1.0,1.0,1.0,2.0,3.0,3.0,4.0,4.0,5.0,8.0,inferred
Neath Port Talbot,2021-05-21,0.0,0.0,0.0,1.0,1.0,1.0,2.0,2.0,3.0,3.0,4.0,5.0,8.0,inferred
Neath Port Talbot,2021-05-22,0.0,0.0,0.0,0.0,0.0,1.0,1.0,2.0,2.0,3.0,3.0,4.0,7.0,inferred
Neath Port Talbot,2021-05-23,0.0,0.0,0.0,0.0,1.0,1.0,1.0,2.0,2.0,3.0,3.0,5.0,7.0,inferred
Neath Port Talbot,2021-05-24,0.0,0.0,1.0,1.0,1.0,2.0,2.0,3.0,4.0,4.0,5.0,6.0,9.5,inferred
Neath Port Talbot,2021-05-25,0.0,0.0,0.0,1.0,1.0,1.0,2.0,2.0,3.0,3.0,4.0,5.0,8.0,inferred
Neath Port Talbot,2021-05-26,0.0,0.0,1.0,1.0,1.0,2.0,2.0,3.0,4.0,4.0,5.0,6.0,9.0,inferred
Neath Port Talbot,2021-05-27,0.0,0.0,1.0,1.0,1.0,2.0,2.0,3.0,3.0,4.0,5.0,6.0,9.0,inferred
Neath Port Talbot,2021-05-28,0.0,0.0,0.0,1.0,1.0,1.0,2.0,2.0,3.0,3.0,4.0,6.0,10.0,inferred
Neath Port Talbot,2021-05-29,0.0,0.0,0.0,0.0,0.0,1.0,1.0,2.0,2.0,3.0,3.0,5.0,7.0,inferred
Neath Port Talbot,2021-05-30,0.0,0.0,0.0,0.0,1.0,1.0,2.0,2.0,3.0,3.0,4.0,5.0,9.0,inferred
Neath Port Talbot,2021-05-31,0.0,0.0,1.0,1.0,1.0,2.0,3.0,3.0,4.0,4.0,5.0,7.0,10.0,inferred
Neath Port Talbot,2021-06-01,0.0,0.0,1.0,1.0,1.0,2.0,2.0,3.0,4.0,4.0,5.0,6.0,10.0,inferred
Neath Port Talbot,2021-06-02,0.0,0.0,1.0,1.0,2.0,2.0,3.0,4.0,4.0,5.0,6.0,7.0,11.0,inferred
Neath Port Talbot,2021-06-03,0.0,0.0,1.0,1.0,2.0,2.0,3.0,4.0,5.0,5.0,6.0,8.0,11.0,inferred
Neath Port Talbot,2021-06-04,0.0,0.0,1.0,1.0,1.0,2.0,3.0,3.0,4.0,5.0,5.0,7.0,10.0,inferred
Neath Port Talbot,2021-06-05,0.0,0.0,1.0,1.0,1.0,2.0,2.0,3.0,4.0,4.0,4.0,6.0,9.0,inferred
Neath Port Talbot,2021-06-06,0.0,0.0,1.0,1.0,1.0,2.0,3.0,3.0,4.0,5.0,5.0,7.0,10.0,inferred
Neath Port Talbot,2021-06-07,0.0,1.0,2.0,2.0,3.0,3.0,4.0,5.0,6.0,7.0,7.0,10.0,13.0,inferred
Neath Port Talbot,2021-06-08,0.0,1.0,2.0,2.0,2.0,3.0,4.0,5.0,5.0,6.0,7.0,8.0,13.0,inferred
Neath Port Talbot,2021-06-09,0.0,1.0,2.0,3.0,3.0,4.0,5.0,5.0,6.0,7.0,8.0,10.0,13.0,inferred
Neath Port Talbot,2021-06-10,0.0,1.0,2.0,3.0,3.0,4.0,4.0,5.0,6.0,7.0,8.0,10.0,14.0,inferred
Neath Port Talbot,2021-06-11,0.0,1.0,2.0,2.0,2.0,3.0,4.0,5.0,6.0,6.0,7.0,9.0,12.5,inferred
Neath Port Talbot,2021-06-12,0.0,0.0,1.0,1.0,2.0,2.0,3.0,4.0,5.0,5.0,6.0,8.0,11.0,inferred
Neath Port Talbot,2021-06-13,0.0,1.0,1.0,2.0,2.0,3.0,3.0,4.0,5.0,6.0,6.0,8.0,12.0,inferred
Neath Port Talbot,2021-06-14,0.5,2.0,3.0,3.0,3.0,4.0,5.0,6.0,7.0,8.0,9.0,11.0,14.0,inferred
Neath Port Talbot,2021-06-15,0.0,1.0,2.0,3.0,3.0,4.0,5.0,5.0,6.0,7.0,8.0,10.0,14.5,inferred
Neath Port Talbot,2021-06-16,1.0,2.0,3.0,3.0,4.0,5.0,5.0,6.0,8.0,8.0,9.0,11.0,16.0,inferred
Neath Port Talbot,2021-06-17,1.0,2.0,3.0,3.0,4.0,5.0,6.0,7.0,8.0,9.0,9.0,12.0,16.0,inferred
Neath Port Talbot,2021-06-18,0.0,2.0,2.0,3.0,3.0,4.0,5.0,6.0,7.0,8.0,9.0,11.0,15.0,inferred
New Forest,2021-03-06,1.0,2.0,3.0,3.0,3.0,4.0,5.0,6.0,6.0,7.0,7.0,9.0,11.0,inferred
New Forest,2021-03-07,1.0,2.0,3.0,4.0,4.0,5.0,6.0,6.0,7.0,8.0,8.0,10.0,13.0,inferred
New Forest,2021-03-08,2.0,3.0,4.0,5.0,5.0,6.0,7.0,7.0,8.0,9.0,9.0,11.0,14.0,inferred
New Forest,2021-03-09,2.0,3.0,4.0,4.0,5.0,5.0,6.0,7.0,8.0,8.0,9.0,10.1,13.0,inferred
New Forest,2021-03-10,2.0,3.0,4.0,5.0,5.0,6.0,6.0,7.0,8.0,9.0,9.0,11.0,14.0,inferred
New Forest,2021-03-11,1.0,2.9,4.0,4.0,4.0,5.0,6.0,7.0,8.0,8.0,9.0,10.0,13.0,inferred
New Forest,2021-03-12,1.0,2.0,3.0,4.0,4.0,5.0,5.0,6.0,7.0,7.0,8.0,10.0,12.0,inferred
New Forest,2021-03-13,0.5,2.0,2.0,3.0,3.0,4.0,4.0,5.0,6.0,6.0,7.0,8.0,10.0,inferred
New Forest,2021-03-14,1.0,2.0,3.0,4.0,4.0,5.0,5.0,6.0,7.0,7.0,8.0,9.1,12.0,inferred
New Forest,2021-03-15,2.0,3.0,4.0,5.0,5.0,6.0,7.0,7.0,8.0,9.0,9.0,11.0,14.0,inferred
New Forest,2021-03-16,1.0,3.0,4.0,4.0,5.0,5.0,6.0,7.0,8.0,8.2,9.0,11.0,13.0,inferred
New Forest,2021-03-17,2.0,3.0,4.0,5.0,5.0,6.0,7.0,7.0,8.0,9.0,9.0,11.0,13.0,inferred
New Forest,2021-03-18,1.0,3.0,4.0,4.0,5.0,5.0,6.0,7.0,8.0,8.0,9.0,10.0,13.0,inferred
New Forest,2021-03-19,1.0,2.0,3.0,3.0,4.0,5.0,5.0,6.0,7.0,7.0,8.0,10.0,12.0,inferred
New Forest,2021-03-20,0.0,1.0,2.0,3.0,3.0,4.0,4.0,5.0,6.0,6.0,7.0,8.0,11.0,inferred
New Forest,2021-03-21,1.0,2.0,3.0,4.0,4.0,5.0,5.0,6.0,7.0,7.0,8.0,9.0,11.5,inferred
New Forest,2021-03-22,2.0,3.0,4.0,4.0,5.0,5.0,6.0,7.0,8.0,9.0,9.0,11.0,14.0,inferred
New Forest,2021-03-23,1.0,3.0,4.0,4.0,5.0,5.0,6.0,7.0,8.0,8.0,9.0,10.0,13.0,inferred
New Forest,2021-03-24,1.0,3.0,4.0,4.0,5.0,5.0,6.0,7.0,8.0,8.0,9.0,11.0,13.0,inferred
New Forest,2021-03-25,1.0,2.0,3.0,4.0,4.0,5.0,6.0,6.0,7.0,8.0,8.0,10.0,12.0,inferred
New Forest,2021-03-26,1.0,2.0,3.0,3.0,4.0,4.0,5.0,6.0,6.0,7.0,7.0,9.0,11.0,inferred
New Forest,2021-03-27,0.0,1.0,2.0,2.0,2.0,3.0,4.0,4.0,5.0,5.0,6.0,7.0,10.0,inferred
New Forest,2021-03-28,1.0,2.0,3.0,3.0,3.0,4.0,4.0,5.0,6.0,6.0,7.0,8.0,11.0,inferred
New Forest,2021-03-29,1.0,2.0,3.0,3.0,4.0,4.0,5.0,6.0,7.0,7.0,8.0,9.0,12.0,inferred
New Forest,2021-03-30,1.0,2.0,3.0,3.0,3.0,4.0,5.0,5.0,6.0,7.0,7.0,9.0,11.0,inferred
New Forest,2021-03-31,1.0,2.0,3.0,3.0,4.0,4.0,5.0,6.0,6.3,7.0,8.0,9.0,12.0,inferred
New Forest,2021-04-01,0.0,2.0,2.0,3.0,3.0,4.0,4.0,5.0,6.0,6.0,7.0,8.0,11.0,inferred
New Forest,2021-04-02,0.0,1.0,2.0,2.0,2.0,3.0,4.0,4.0,5.0,5.0,6.0,7.0,9.0,inferred
New Forest,2021-04-03,0.0,1.0,1.0,2.0,2.0,2.0,3.0,3.0,4.0,4.0,5.0,6.0,8.0,inferred
New Forest,2021-04-04,0.0,1.0,2.0,2.0,2.0,2.6,3.0,4.0,4.0,5.0,5.0,7.0,9.0,inferred
New Forest,2021-04-05,0.0,1.0,2.0,2.0,3.0,3.0,4.0,4.0,5.0,5.0,6.0,7.0,10.0,inferred
New Forest,2021-04-06,0.0,1.0,2.0,2.0,2.0,3.0,4.0,4.0,5.0,5.0,6.0,7.0,10.0,inferred
New Forest,2021-04-07,0.0,1.0,2.0,2.0,2.0,3.0,4.0,4.0,5.0,5.0,6.0,7.0,10.0,inferred
New Forest,2021-04-08,0.0,1.0,2.0,2.0,2.0,3.0,3.0,4.0,5.0,5.0,5.0,7.0,9.0,inferred
New Forest,2021-04-09,0.0,1.0,1.0,2.0,2.0,2.0,3.0,3.0,4.0,4.0,5.0,6.0,8.0,inferred
New Forest,2021-04-10,0.0,0.0,1.0,1.0,1.0,2.0,2.0,3.0,3.0,4.0,4.0,5.0,7.0,inferred
New Forest,2021-04-11,0.0,1.0,1.0,1.0,2.0,2.0,3.0,3.0,4.0,4.0,5.0,6.0,8.0,inferred
New Forest,2021-04-12,0.0,1.0,2.0,2.0,2.0,3.0,3.0,4.0,5.0,5.0,6.0,7.0,9.0,inferred
New Forest,2021-04-13,0.0,1.0,2.0,2.0,2.0,3.0,3.0,4.0,4.0,5.0,5.0,6.0,9.0,inferred
New Forest,2021-04-14,0.0,1.0,2.0,2.0,2.0,3.0,3.0,4.0,5.0,5.0,6.0,7.0,9.5,inferred
New Forest,2021-04-15,0.0,1.0,1.0,2.0,2.0,2.0,3.0,4.0,4.0,5.0,5.0,6.0,9.0,inferred
New Forest,2021-04-16,0.0,1.0,1.0,1.0,2.0,2.0,3.0,3.0,4.0,4.0,5.0,6.0,8.0,inferred
New Forest,2021-04-17,0.0,0.0,1.0,1.0,1.0,2.0,2.0,3.0,3.0,3.0,4.0,5.0,7.0,inferred
New Forest,2021-04-18,0.0,0.0,1.0,1.0,2.0,2.0,2.0,3.0,4.0,4.0,4.0,6.0,7.0,inferred
New Forest,2021-04-19,0.0,1.0,1.0,2.0,2.0,3.0,3.0,4.0,4.0,5.0,5.0,6.0,8.5,inferred
New Forest,2021-04-20,0.0,1.0,1.0,2.0,2.0,2.0,3.0,4.0,4.0,4.0,5.0,6.0,8.0,inferred
New Forest,2021-04-21,0.0,1.0,1.0,2.0,2.0,2.0,3.0,3.0,4.0,4.0,5.0,6.0,8.0,inferred
New Forest,2021-04-22,0.0,1.0,1.0,1.0,2.0,2.0,3.0,3.0,4.0,4.0,5.0,6.0,8.0,inferred
New Forest,2021-04-23,0.0,0.0,1.0,1.0,1.0,2.0,2.0,3.0,3.0,4.0,4.0,5.0,7.0,inferred
New Forest,2021-04-24,0.0,0.0,1.0,1.0,1.0,1.0,2.0,2.0,3.0,3.0,3.0,4.0,6.0,inferred
New Forest,2021-04-25,0.0,0.0,1.0,1.0,1.0,2.0,2.0,2.0,3.0,3.0,4.0,5.0,7.0,inferred
New Forest,2021-04-26,0.0,0.0,1.0,1.0,1.0,2.0,2.0,3.0,3.0,4.0,4.0,5.0,7.0,inferred
New Forest,2021-04-27,0.0,0.0,1.0,1.0,1.0,2.0,2.0,3.0,3.0,3.2,4.0,5.0,7.0,inferred
New Forest,2021-04-28,0.0,0.0,1.0,1.0,1.0,2.0,2.0,3.0,3.0,4.0,4.0,5.0,7.0,inferred
New Forest,2021-04-29,0.0,0.0,1.0,1.0,1.0,1.0,2.0,2.0,3.0,3.0,3.0,4.1,6.0,inferred
New Forest,2021-04-30,0.0,0.0,0.0,1.0,1.0,1.0,1.0,2.0,2.0,3.0,3.0,4.0,6.0,inferred
New Forest,2021-05-01,0.0,0.0,0.0,0.0,1.0,1.0,1.0,2.0,2.0,2.0,3.0,3.1,5.0,inferred
New Forest,2021-05-02,0.0,0.0,0.0,1.0,1.0,1.0,1.0,2.0,2.0,3.0,3.0,4.0,6.0,inferred
New Forest,2021-05-03,0.0,0.0,1.0,1.0,1.0,1.0,2.0,2.0,3.0,3.0,3.0,4.0,6.0,inferred
New Forest,2021-05-04,0.0,0.0,1.0,1.0,1.0,1.0,2.0,2.0,3.0,3.0,3.0,4.0,6.0,inferred
New Forest,2021-05-05,0.0,0.0,1.0,1.0,1.0,1.0,2.0,2.0,3.0,3.0,3.0,4.0,6.0,inferred
New Forest,2021-05-06,0.0,0.0,0.0,1.0,1.0,1.0,2.0,2.0,2.0,3.0,3.0,4.0,6.0,inferred
New Forest,2021-05-07,0.0,0.0,0.0,0.0,1.0,1.0,1.0,2.0,2.0,2.0,3.0,4.0,5.0,inferred
New Forest,2021-05-08,0.0,0.0,0.0,0.0,0.0,1.0,1.0,1.0,2.0,2.0,2.0,3.0,5.0,inferred
New Forest,2021-05-09,0.0,0.0,0.0,0.0,1.0,1.0,1.0,2.0,2.0,2.0,3.0,4.0,5.0,inferred
New Forest,2021-05-10,0.0,0.0,0.0,1.0,1.0,1.0,1.0,2.0,2.0,3.0,3.0,4.0,6.0,inferred
New Forest,2021-05-11,0.0,0.0,0.0,0.0,1.0,1.0,1.0,2.0,2.0,2.0,3.0,4.0,5.0,inferred
New Forest,2021-05-12,0.0,0.0,0.0,1.0,1.0,1.0,1.0,2.0,2.0,3.0,3.0,4.0,5.0,inferred
New Forest,2021-05-13,0.0,0.0,0.0,0.0,1.0,1.0,1.0,2.0,2.0,2.0,3.0,4.0,5.0,inferred
New Forest,2021-05-14,0.0,0.0,0.0,0.0,0.0,1.0,1.0,1.0,2.0,2.0,2.0,3.0,5.0,inferred
New Forest,2021-05-15,0.0,0.0,0.0,0.0,0.0,1.0,1.0,1.0,2.0,2.0,2.0,3.0,4.0,inferred
New Forest,2021-05-16,0.0,0.0,0.0,0.0,0.0,1.0,1.0,1.0,2.0,2.0,2.0,3.0,5.0,inferred
New Forest,2021-05-17,0.0,0.0,0.0,0.0,1.0,1.0,1.0,2.0,2.0,2.0,3.0,4.0,5.5,inferred
New Forest,2021-05-18,0.0,0.0,0.0,0.0,1.0,1.0,1.0,2.0,2.0,2.0,3.0,4.0,5.0,inferred
New Forest,2021-05-19,0.0,0.0,0.0,0.0,1.0,1.0,1.0,2.0,2.0,2.0,3.0,4.0,5.0,inferred
New Forest,2021-05-20,0.0,0.0,0.0,0.0,1.0,1.0,1.0,2.0,2.0,2.0,3.0,3.0,5.0,inferred
New Forest,2021-05-21,0.0,0.0,0.0,0.0,0.0,1.0,1.0,1.0,2.0,2.0,2.0,3.0,5.0,inferred
New Forest,2021-05-22,0.0,0.0,0.0,0.0,0.0,1.0,1.0,1.0,1.0,2.0,2.0,3.0,4.0,inferred
New Forest,2021-05-23,0.0,0.0,0.0,0.0,0.0,1.0,1.0,1.0,2.0,2.0,2.0,3.0,5.0,inferred
New Forest,2021-05-24,0.0,0.0,0.0,0.0,0.0,1.0,1.0,2.0,2.0,2.0,3.0,3.0,5.0,inferred
New Forest,2021-05-25,0.0,0.0,0.0,0.0,0.0,1.0,1.0,2.0,2.0,2.0,2.0,3.0,5.0,inferred
New Forest,2021-05-26,0.0,0.0,0.0,0.0,1.0,1.0,1.0,2.0,2.0,2.0,3.0,4.0,5.0,inferred
New Forest,2021-05-27,0.0,0.0,0.0,0.0,1.0,1.0,1.0,2.0,2.0,2.0,3.0,4.0,6.0,inferred
New Forest,2021-05-28,0.0,0.0,0.0,0.0,0.0,1.0,1.0,1.0,2.0,2.0,2.0,3.0,5.0,inferred
New Forest,2021-05-29,0.0,0.0,0.0,0.0,0.0,1.0,1.0,1.0,2.0,2.0,2.0,3.0,5.0,inferred
New Forest,2021-05-30,0.0,0.0,0.0,1.0,1.0,1.0,1.0,2.0,2.0,2.0,3.0,4.0,6.0,inferred
New Forest,2021-05-31,0.0,0.0,1.0,1.0,1.0,1.0,2.0,2.0,3.0,3.0,3.0,4.0,6.0,inferred
New Forest,2021-06-01,0.0,0.0,1.0,1.0,1.0,2.0,2.0,3.0,3.0,3.0,4.0,5.0,7.0,inferred
New Forest,2021-06-02,0.0,0.0,1.0,1.0,2.0,2.0,2.0,3.0,3.0,4.0,4.0,6.0,7.0,inferred
New Forest,2021-06-03,0.0,1.0,1.0,1.0,1.7,2.0,3.0,3.0,4.0,4.0,4.0,5.0,8.0,inferred
New Forest,2021-06-04,0.0,1.0,1.0,1.0,2.0,2.0,3.0,3.0,4.0,4.0,5.0,6.0,8.0,inferred
New Forest,2021-06-05,0.0,0.0,1.0,1.0,2.0,2.0,2.0,3.0,3.0,4.0,4.0,5.0,7.0,inferred
New Forest,2021-06-06,0.0,1.0,1.0,2.0,2.0,3.0,3.0,4.0,4.0,5.0,5.0,6.0,8.0,inferred
New Forest,2021-06-07,1.0,2.0,3.0,3.0,3.0,4.0,4.0,5.0,6.0,6.0,7.0,8.0,11.0,inferred
New Forest,2021-06-08,1.0,2.0,3.0,3.0,3.0,4.0,5.0,6.0,6.0,7.0,7.0,9.0,11.0,inferred
New Forest,2021-06-09,1.0,2.0,3.0,4.0,4.0,5.0,6.0,7.0,8.0,8.0,9.0,10.0,13.0,inferred
New Forest,2021-06-10,1.0,3.0,4.0,4.0,4.0,5.0,6.0,7.0,8.0,8.0,9.0,10.0,13.0,inferred
New Forest,2021-06-11,1.0,3.0,3.0,4.0,4.0,5.0,6.0,7.0,8.0,8.0,9.0,10.0,13.0,inferred
New Forest,2021-06-12,1.0,2.0,3.0,4.0,4.0,5.0,5.0,6.0,7.0,7.0,8.0,9.0,12.0,inferred
New Forest,2021-06-13,2.0,3.0,4.0,5.0,5.0,6.0,7.0,8.0,9.0,9.0,10.0,12.0,15.0,inferred
New Forest,2021-06-14,3.0,5.0,6.0,7.0,7.0,8.0,9.0,10.0,11.0,12.0,13.0,14.0,17.0,inferred
New Forest,2021-06-15,3.0,5.0,7.0,7.0,8.0,9.0,10.0,11.0,12.0,13.0,14.0,16.0,19.0,inferred
New Forest,2021-06-16,4.0,6.0,8.0,8.0,9.0,10.0,11.0,12.0,13.0,14.0,15.0,17.1,21.0,inferred
New Forest,2021-06-17,4.0,6.0,8.0,8.0,9.0,10.0,11.0,12.0,14.0,14.0,15.0,17.0,21.0,inferred
New Forest,2021-06-18,4.0,6.0,7.0,8.0,9.0,10.0,11.0,12.0,13.0,13.0,14.0,17.0,21.0,inferred
Newark and Sherwood,2021-03-06,3.0,6.0,7.0,8.0,8.0,9.0,10.0,11.0,12.0,13.0,13.0,16.0,18.5,inferred
Newark and Sherwood,2021-03-07,6.0,7.9,9.0,10.0,10.0,12.0,13.0,14.0,15.0,16.0,16.0,19.0,22.0,inferred
Newark and Sherwood,2021-03-08,9.0,11.0,13.0,14.0,15.0,16.0,17.0,18.0,20.0,20.0,22.0,24.0,28.0,inferred
Newark and Sherwood,2021-03-09,8.0,11.0,13.0,14.0,15.0,16.0,17.0,19.0,20.0,21.0,21.0,24.0,28.0,inferred
Newark and Sherwood,2021-03-10,10.0,13.0,14.0,15.0,16.0,17.0,19.0,20.0,21.0,22.0,23.0,26.0,29.0,inferred
Newark and Sherwood,2021-03-11,8.0,11.0,13.0,14.0,14.0,16.0,17.0,18.0,20.0,20.0,21.0,24.0,27.0,inferred
Newark and Sherwood,2021-03-12,8.0,10.0,11.0,12.0,13.0,14.0,15.0,16.4,18.0,18.0,19.0,21.0,25.0,inferred
Newark and Sherwood,2021-03-13,5.0,7.0,9.0,10.0,10.0,11.0,12.0,13.0,14.0,15.0,16.0,18.0,22.0,inferred
Newark and Sherwood,2021-03-14,6.0,9.0,11.0,11.0,12.0,13.0,14.0,16.0,17.0,17.0,18.0,21.0,24.0,inferred
Newark and Sherwood,2021-03-15,9.0,12.0,14.0,15.0,16.0,17.0,18.0,20.0,21.0,22.0,23.0,25.0,30.0,inferred
Newark and Sherwood,2021-03-16,9.0,12.0,14.0,14.0,15.0,16.0,18.0,19.0,21.0,22.0,23.0,25.0,29.5,inferred
Newark and Sherwood,2021-03-17,9.0,12.0,14.0,15.0,16.0,17.0,19.0,20.0,21.0,22.0,23.0,26.0,30.0,inferred
Newark and Sherwood,2021-03-18,8.0,11.0,13.0,13.0,14.0,15.0,16.0,18.0,19.0,20.0,21.0,24.0,27.5,inferred
Newark and Sherwood,2021-03-19,6.0,9.0,11.0,12.0,13.0,14.0,15.0,16.0,18.0,18.0,19.0,21.0,25.0,inferred
Newark and Sherwood,2021-03-20,4.0,7.0,8.0,9.0,10.0,11.0,12.0,13.0,14.0,15.0,16.0,18.0,21.0,inferred
Newark and Sherwood,2021-03-21,6.0,9.0,10.0,11.0,12.0,13.0,14.0,15.0,16.0,17.0,18.0,20.0,24.0,inferred
Newark and Sherwood,2021-03-22,9.0,11.0,13.0,14.0,15.0,16.0,18.0,19.0,20.0,21.0,22.0,25.0,28.0,inferred
Newark and Sherwood,2021-03-23,8.0,11.0,13.0,13.0,14.0,15.0,17.0,18.0,19.0,20.0,21.0,23.1,27.0,inferred
Newark and Sherwood,2021-03-24,7.5,11.0,13.0,13.8,14.0,16.0,17.0,18.0,20.0,20.0,21.0,23.0,28.0,inferred
Newark and Sherwood,2021-03-25,6.0,9.0,10.0,11.0,12.0,13.0,14.0,15.0,17.0,17.0,18.0,21.0,24.0,inferred
Newark and Sherwood,2021-03-26,5.0,7.0,9.0,9.0,10.0,11.0,12.0,13.0,14.0,15.0,16.0,18.0,22.0,inferred
Newark and Sherwood,2021-03-27,3.0,5.0,6.0,7.0,7.0,8.0,9.0,10.0,11.0,12.0,13.0,14.1,18.0,inferred
Newark and Sherwood,2021-03-28,4.0,6.0,7.0,8.0,8.0,9.0,10.0,11.0,12.0,13.0,13.0,16.0,18.0,inferred
Newark and Sherwood,2021-03-29,5.0,7.0,9.0,10.0,10.0,11.0,12.0,13.0,15.0,15.0,16.0,18.0,21.0,inferred
Newark and Sherwood,2021-03-30,4.0,6.0,8.0,9.0,9.0,10.0,11.0,12.0,13.0,14.0,14.0,17.0,20.0,inferred
Newark and Sherwood,2021-03-31,4.0,6.0,7.0,8.0,9.0,9.0,10.0,11.0,12.0,13.0,14.0,16.0,20.0,inferred
Newark and Sherwood,2021-04-01,3.0,5.0,6.0,6.0,7.0,8.0,9.0,10.0,10.3,11.0,12.0,13.0,17.0,inferred
Newark and Sherwood,2021-04-02,2.0,4.0,5.0,5.0,6.0,6.0,7.0,8.0,9.0,9.2,10.0,12.0,15.0,inferred
Newark and Sherwood,2021-04-03,1.0,2.0,3.0,3.0,4.0,4.0,5.0,6.0,7.0,7.0,8.0,9.0,12.0,inferred
Newark and Sherwood,2021-04-04,1.0,3.0,4.0,4.0,4.0,5.0,6.0,6.0,7.0,8.0,8.0,10.0,13.0,inferred
Newark and Sherwood,2021-04-05,2.0,3.0,4.0,5.0,5.0,6.0,7.0,7.0,8.0,9.0,10.0,11.0,14.0,inferred
Newark and Sherwood,2021-04-06,1.0,2.0,3.0,4.0,4.0,5.0,6.0,7.0,8.0,8.0,9.0,10.1,13.0,inferred
Newark and Sherwood,2021-04-07,1.0,3.0,4.0,4.0,4.0,5.0,6.0,7.0,8.0,8.0,9.0,10.0,13.0,inferred
Newark and Sherwood,2021-04-08,1.0,2.0,3.0,3.0,4.0,4.0,5.0,6.0,6.0,7.0,7.0,9.0,12.0,inferred
Newark and Sherwood,2021-04-09,0.0,2.0,2.0,3.0,3.0,4.0,4.0,5.0,5.0,6.0,6.0,8.0,10.0,inferred
Newark and Sherwood,2021-04-10,0.0,1.0,1.0,2.0,2.0,2.0,3.0,3.0,4.0,4.0,5.0,6.0,8.0,inferred
Newark and Sherwood,2021-04-11,0.0,1.0,2.0,2.0,2.0,3.0,3.0,4.0,4.0,5.0,5.0,7.0,9.0,inferred
Newark and Sherwood,2021-04-12,0.0,1.0,2.0,2.0,3.0,3.0,4.0,5.0,5.0,6.0,6.0,7.0,9.5,inferred
Newark and Sherwood,2021-04-13,0.0,1.0,2.0,2.0,2.0,3.0,3.0,4.0,5.0,5.0,6.0,7.0,9.0,inferred
Newark and Sherwood,2021-04-14,0.0,1.0,2.0,2.0,3.0,3.0,4.0,5.0,5.0,6.0,6.0,7.0,9.0,inferred
Newark and Sherwood,2021-04-15,0.0,1.0,2.0,2.0,2.0,3.0,3.0,4.0,5.0,5.0,5.0,7.0,9.0,inferred
Newark and Sherwood,2021-04-16,0.0,1.0,2.0,2.0,2.0,3.0,3.0,4.0,4.0,5.0,5.0,6.0,8.0,inferred
Newark and Sherwood,2021-04-17,0.0,0.0,1.0,1.0,1.0,2.0,2.0,3.0,3.0,4.0,4.0,5.0,7.0,inferred
Newark and Sherwood,2021-04-18,0.0,1.0,1.0,1.0,2.0,2.0,3.0,3.0,4.0,4.0,5.0,6.0,8.0,inferred
Newark and Sherwood,2021-04-19,0.0,1.0,2.0,2.0,2.0,3.0,3.0,4.0,5.0,5.0,5.0,7.0,9.0,inferred
Newark and Sherwood,2021-04-20,0.0,1.0,2.0,2.0,2.0,3.0,3.0,4.0,4.0,5.0,5.0,7.0,9.0,inferred
Newark and Sherwood,2021-04-21,0.0,1.0,2.0,2.0,2.0,3.0,3.0,4.0,5.0,5.0,6.0,7.0,9.0,inferred
Newark and Sherwood,2021-04-22,0.0,1.0,1.0,2.0,2.0,3.0,3.0,3.0,4.0,4.0,5.0,6.0,8.0,inferred
Newark and Sherwood,2021-04-23,0.0,1.0,1.0,1.0,2.0,2.0,3.0,3.0,4.0,4.0,5.0,6.0,8.0,inferred
Newark and Sherwood,2021-04-24,0.0,0.0,1.0,1.0,1.0,2.0,2.0,3.0,3.0,3.0,4.0,5.0,6.0,inferred
Newark and Sherwood,2021-04-25,0.0,0.0,1.0,1.0,1.0,2.0,2.0,3.0,3.0,4.0,4.0,5.0,7.0,inferred
Newark and Sherwood,2021-04-26,0.0,1.0,1.0,2.0,2.0,3.0,3.0,4.0,4.0,5.0,5.0,6.0,8.0,inferred
Newark and Sherwood,2021-04-27,0.0,1.0,1.0,2.0,2.0,2.0,3.0,4.0,4.0,5.0,5.0,6.0,9.0,inferred
Newark and Sherwood,2021-04-28,0.0,1.0,2.0,2.0,2.0,3.0,3.0,4.0,5.0,5.0,5.0,7.0,9.0,inferred
Newark and Sherwood,2021-04-29,0.0,1.0,1.0,2.0,2.0,2.0,3.0,3.0,4.0,4.0,5.0,6.0,8.0,inferred
Newark and Sherwood,2021-04-30,0.0,1.0,1.0,2.0,2.0,2.0,3.0,3.0,4.0,4.0,5.0,6.0,8.0,inferred
Newark and Sherwood,2021-05-01,0.0,0.0,1.0,1.0,1.0,2.0,2.0,3.0,3.0,4.0,4.0,5.0,7.0,inferred
Newark and Sherwood,2021-05-02,0.0,1.0,1.0,2.0,2.0,2.0,3.0,3.0,4.0,4.0,5.0,6.0,8.0,inferred
Newark and Sherwood,2021-05-03,0.0,1.0,2.0,2.0,3.0,3.0,4.0,5.0,5.0,6.0,6.0,7.0,10.0,inferred
Newark and Sherwood,2021-05-04,0.0,1.0,2.0,2.0,3.0,3.0,4.0,5.0,5.0,6.0,6.0,8.0,10.0,inferred
Newark and Sherwood,2021-05-05,1.0,2.0,2.0,3.0,3.0,4.0,4.0,5.0,6.0,6.0,7.0,8.0,11.0,inferred
Newark and Sherwood,2021-05-06,1.0,1.0,2.0,3.0,3.0,3.0,4.0,5.0,5.0,6.0,6.0,8.0,10.0,inferred
Newark and Sherwood,2021-05-07,0.0,1.0,2.0,2.0,3.0,3.0,4.0,4.0,5.0,6.0,6.0,7.0,10.0,inferred
Newark and Sherwood,2021-05-08,0.0,1.0,1.0,2.0,2.0,2.0,3.0,4.0,4.0,5.0,5.0,6.1,9.0,inferred
Newark and Sherwood,2021-05-09,0.0,1.0,2.0,2.0,3.0,3.0,4.0,4.0,5.0,5.2,6.0,8.0,10.0,inferred
Newark and Sherwood,2021-05-10,1.0,2.0,3.0,3.0,4.0,4.0,5.0,6.0,6.0,7.0,8.0,9.0,11.0,inferred
Newark and Sherwood,2021-05-11,1.0,2.0,3.0,3.0,4.0,4.0,5.0,6.0,6.0,7.0,7.0,9.0,12.0,inferred
Newark and Sherwood,2021-05-12,1.0,2.0,3.0,3.0,4.0,4.0,5.0,6.0,7.0,7.0,8.0,9.0,12.0,inferred
Newark and Sherwood,2021-05-13,1.0,2.0,3.0,3.0,3.0,4.0,5.0,5.0,6.0,6.0,7.0,8.0,11.0,inferred
Newark and Sherwood,2021-05-14,1.0,2.0,2.0,3.0,3.0,4.0,4.0,5.0,5.0,6.0,6.0,8.0,10.0,inferred
Newark and Sherwood,2021-05-15,0.0,1.0,2.0,2.0,2.0,3.0,3.0,4.0,5.0,5.0,5.0,7.0,9.0,inferred
Newark and Sherwood,2021-05-16,0.0,1.0,2.0,3.0,3.0,3.0,4.0,5.0,5.0,6.0,6.0,8.0,9.0,inferred
Newark and Sherwood,2021-05-17,1.0,2.0,3.0,3.0,4.0,4.0,5.0,6.0,6.0,7.0,7.0,9.0,12.0,inferred
Newark and Sherwood,2021-05-18,1.0,2.0,3.0,3.0,3.0,4.0,5.0,6.0,6.0,7.0,7.0,9.0,11.0,inferred
Newark and Sherwood,2021-05-19,1.0,2.0,3.0,3.0,4.0,4.0,5.0,6.0,7.0,7.0,8.0,9.0,11.0,inferred
Newark and Sherwood,2021-05-20,1.0,2.0,2.0,3.0,3.0,4.0,4.0,5.0,6.0,6.0,7.0,8.0,11.0,inferred
Newark and Sherwood,2021-05-21,1.0,1.0,2.0,3.0,3.0,3.0,4.0,5.0,5.0,6.0,6.0,8.0,10.0,inferred
Newark and Sherwood,2021-05-22,0.0,1.0,2.0,2.0,2.0,3.0,3.0,4.0,4.0,5.0,5.0,6.0,9.0,inferred
Newark and Sherwood,2021-05-23,0.0,1.0,2.0,2.0,2.0,3.0,4.0,4.0,5.0,5.0,6.0,7.0,9.0,inferred
Newark and Sherwood,2021-05-24,1.0,2.0,3.0,3.0,3.0,4.0,5.0,5.0,6.0,7.0,7.0,9.0,11.0,inferred
Newark and Sherwood,2021-05-25,1.0,2.0,3.0,3.0,3.0,4.0,5.0,5.0,6.0,7.0,7.0,8.0,12.0,inferred
Newark and Sherwood,2021-05-26,1.0,2.0,3.0,3.0,4.0,4.0,5.0,6.0,7.0,7.0,8.0,9.0,12.0,inferred
Newark and Sherwood,2021-05-27,1.0,1.0,3.0,3.0,3.0,4.0,4.0,5.0,6.0,6.0,7.0,8.0,11.0,inferred
Newark and Sherwood,2021-05-28,0.0,1.0,2.0,2.0,3.0,3.0,4.0,5.0,5.0,6.0,6.0,7.0,10.0,inferred
Newark and Sherwood,2021-05-29,0.0,1.0,2.0,2.0,2.0,3.0,3.0,4.0,4.0,5.0,5.0,7.0,9.0,inferred
Newark and Sherwood,2021-05-30,0.0,1.0,2.0,2.0,3.0,3.0,4.0,4.0,5.0,6.0,6.0,7.0,10.0,inferred
Newark and Sherwood,2021-05-31,1.0,2.0,3.0,3.0,4.0,5.0,5.0,6.0,7.0,7.0,8.0,9.0,12.0,inferred
Newark and Sherwood,2021-06-01,1.0,2.0,3.0,3.0,4.0,4.0,5.0,6.0,7.0,7.0,8.0,9.0,12.0,inferred
Newark and Sherwood,2021-06-02,1.0,3.0,3.0,4.0,4.0,5.0,6.0,6.4,7.0,8.0,9.0,10.0,12.0,inferred
Newark and Sherwood,2021-06-03,1.0,2.0,3.0,3.0,4.0,4.0,5.0,6.0,7.0,7.0,8.0,9.0,12.0,inferred
Newark and Sherwood,2021-06-04,1.0,2.0,3.0,3.0,3.0,4.0,5.0,5.0,6.0,7.0,7.0,9.0,12.0,inferred
Newark and Sherwood,2021-06-05,0.0,1.0,2.0,2.0,3.0,3.0,4.0,5.0,5.0,6.0,6.0,7.0,10.0,inferred
Newark and Sherwood,2021-06-06,1.0,2.0,2.8,3.0,3.0,4.0,5.0,5.0,6.0,6.0,7.0,9.0,11.0,inferred
Newark and Sherwood,2021-06-07,1.0,3.0,4.0,4.0,4.0,5.0,6.0,7.0,8.0,8.0,9.0,10.0,13.0,inferred
Newark and Sherwood,2021-06-08,1.0,3.0,4.0,4.0,5.0,5.0,6.0,7.0,8.0,8.0,9.0,10.0,13.0,inferred
Newark and Sherwood,2021-06-09,2.0,3.0,4.0,5.0,5.0,6.0,7.0,7.0,8.0,9.0,10.0,11.0,14.0,inferred
Newark and Sherwood,2021-06-10,1.5,3.0,4.0,4.0,4.0,5.0,6.0,7.0,8.0,8.0,9.0,10.0,13.0,inferred
Newark and Sherwood,2021-06-11,1.0,3.0,4.0,4.0,4.7,5.0,6.0,7.0,7.0,8.0,8.0,10.0,13.0,inferred
Newark and Sherwood,2021-06-12,1.0,2.0,3.0,3.0,4.0,4.0,5.0,5.0,6.0,7.0,7.0,9.0,11.0,inferred
Newark and Sherwood,2021-06-13,1.0,3.0,4.0,4.0,4.0,5.0,6.0,7.0,7.0,8.0,8.0,10.0,13.0,inferred
Newark and Sherwood,2021-06-14,3.0,4.0,5.0,6.0,6.0,7.0,8.0,9.0,10.0,11.0,11.0,13.0,17.0,inferred
Newark and Sherwood,2021-06-15,2.0,4.0,6.0,6.0,7.0,8.0,9.0,9.0,10.0,11.0,12.0,14.0,16.5,inferred
Newark and Sherwood,2021-06-16,3.0,5.0,6.0,7.0,8.0,9.0,9.0,10.0,12.0,12.0,13.0,15.0,18.0,inferred
Newark and Sherwood,2021-06-17,3.0,5.0,6.0,7.0,7.0,8.0,9.0,10.0,11.0,12.0,13.0,15.0,18.0,inferred
Newark and Sherwood,2021-06-18,3.0,4.9,6.0,6.0,7.0,8.0,9.0,10.0,11.0,12.0,12.0,15.0,18.0,inferred
Newcastle upon Tyne,2021-03-06,13.0,17.0,20.0,21.0,22.0,23.0,25.0,26.0,28.0,29.0,30.0,33.0,39.0,inferred
Newcastle upon Tyne,2021-03-07,16.0,20.0,22.0,23.0,24.0,26.0,27.0,29.0,31.0,32.0,33.0,36.0,41.0,inferred
Newcastle upon Tyne,2021-03-08,22.0,26.0,29.0,30.0,31.0,33.0,35.0,37.0,39.0,40.0,42.0,46.0,52.0,inferred
Newcastle upon Tyne,2021-03-09,20.5,24.0,27.0,28.0,29.0,31.0,33.0,35.0,37.0,38.0,40.0,43.0,48.0,inferred
Newcastle upon Tyne,2021-03-10,21.0,25.0,28.0,29.0,30.0,32.0,34.0,35.0,37.0,38.0,39.0,43.0,49.0,inferred
Newcastle upon Tyne,2021-03-11,18.0,22.0,25.0,26.0,27.0,29.0,31.0,32.0,34.0,35.0,37.0,40.0,45.0,inferred
Newcastle upon Tyne,2021-03-12,16.0,20.0,22.0,23.0,24.0,26.0,28.0,29.0,31.0,32.0,34.0,36.0,42.0,inferred
Newcastle upon Tyne,2021-03-13,12.0,15.0,18.0,18.8,19.0,21.0,22.0,24.0,26.0,26.0,27.0,31.0,36.0,inferred
Newcastle upon Tyne,2021-03-14,13.0,16.0,19.0,20.0,21.0,22.0,24.0,26.0,28.0,29.0,30.0,33.0,38.0,inferred
Newcastle upon Tyne,2021-03-15,18.0,22.0,25.0,26.0,27.0,29.0,31.0,33.0,35.0,36.0,37.0,41.0,47.0,inferred
Newcastle upon Tyne,2021-03-16,15.0,20.0,23.0,24.0,25.0,27.0,28.0,30.0,32.0,33.0,35.0,38.0,43.0,inferred
Newcastle upon Tyne,2021-03-17,16.0,20.0,23.0,24.0,25.0,27.0,28.5,30.0,32.0,33.0,35.0,38.0,44.0,inferred
Newcastle upon Tyne,2021-03-18,14.0,18.0,20.0,21.0,22.0,24.0,26.0,28.0,29.0,31.0,32.0,35.0,40.0,inferred
Newcastle upon Tyne,2021-03-19,12.0,15.0,18.0,18.0,20.0,21.0,22.0,24.0,26.0,27.0,28.0,31.0,37.0,inferred
Newcastle upon Tyne,2021-03-20,9.0,12.0,14.0,15.0,16.0,17.0,18.0,20.0,21.0,22.0,23.0,26.0,31.0,inferred
Newcastle upon Tyne,2021-03-21,10.0,12.0,15.0,16.0,17.0,18.0,19.0,21.0,23.0,23.0,25.0,27.0,32.0,inferred
Newcastle upon Tyne,2021-03-22,13.0,17.0,19.0,20.0,21.0,23.0,24.0,26.0,28.0,29.0,31.0,34.0,39.0,inferred
Newcastle upon Tyne,2021-03-23,11.0,15.0,17.0,18.0,19.0,21.0,23.0,24.0,26.0,27.0,28.0,31.0,36.0,inferred
Newcastle upon Tyne,2021-03-24,12.0,15.0,18.0,19.0,20.0,22.0,23.0,25.0,27.0,28.0,29.0,32.0,37.0,inferred
Newcastle upon Tyne,2021-03-25,11.0,15.0,17.0,18.0,19.0,20.0,22.0,23.0,25.0,26.0,27.0,31.0,36.0,inferred
Newcastle upon Tyne,2021-03-26,10.0,13.0,15.0,16.0,17.0,18.0,20.0,21.0,23.0,24.0,25.0,29.0,33.0,inferred
Newcastle upon Tyne,2021-03-27,8.0,11.0,13.0,13.0,14.0,15.0,17.0,18.0,20.0,21.0,21.2,24.0,29.0,inferred
Newcastle upon Tyne,2021-03-28,9.0,12.0,14.0,15.0,16.0,17.0,18.0,20.0,21.0,22.0,23.0,26.0,31.0,inferred
Newcastle upon Tyne,2021-03-29,12.0,16.0,18.0,19.0,20.0,22.0,24.0,26.0,27.0,28.0,29.2,33.0,37.0,inferred
Newcastle upon Tyne,2021-03-30,11.0,15.0,17.0,18.0,19.0,21.0,22.0,24.0,25.0,26.0,27.0,31.0,37.0,inferred
Newcastle upon Tyne,2021-03-31,11.0,15.0,17.0,18.0,19.0,21.0,22.0,24.0,26.0,27.0,28.0,31.0,35.0,inferred
Newcastle upon Tyne,2021-04-01,10.0,13.0,15.0,16.0,17.0,18.0,19.0,21.0,23.0,24.0,25.0,28.0,32.0,inferred
Newcastle upon Tyne,2021-04-02,8.0,11.0,13.0,14.0,14.0,16.0,17.0,19.0,20.0,21.0,22.0,25.0,29.5,inferred
Newcastle upon Tyne,2021-04-03,6.0,8.0,10.0,11.0,12.0,13.0,14.0,15.0,16.0,17.0,18.0,21.0,24.0,inferred
Newcastle upon Tyne,2021-04-04,6.0,9.0,10.0,11.0,12.0,13.0,14.0,16.0,17.0,18.0,19.0,21.0,26.0,inferred
Newcastle upon Tyne,2021-04-05,9.0,12.0,14.0,14.0,15.0,17.0,18.0,20.0,21.0,22.0,23.0,26.0,31.0,inferred
Newcastle upon Tyne,2021-04-06,8.0,10.0,12.0,13.0,14.0,15.0,17.0,18.0,19.0,20.0,21.0,24.0,29.0,inferred
Newcastle upon Tyne,2021-04-07,8.0,11.0,13.0,14.0,15.0,16.0,17.0,19.0,20.0,21.0,22.0,25.0,29.0,inferred
Newcastle upon Tyne,2021-04-08,7.0,10.0,12.0,13.0,13.0,15.0,16.0,17.0,19.0,20.0,20.0,23.0,27.0,inferred
Newcastle upon Tyne,2021-04-09,7.0,9.0,11.0,11.0,12.0,13.0,15.0,16.0,17.0,18.0,19.0,21.1,26.0,inferred
Newcastle upon Tyne,2021-04-10,5.0,7.0,8.0,9.0,10.0,11.0,12.0,13.0,14.0,15.0,16.0,18.0,21.0,inferred
Newcastle upon Tyne,2021-04-11,5.0,7.0,9.0,10.0,10.0,11.0,13.0,14.0,15.0,16.0,17.0,19.0,24.0,inferred
Newcastle upon Tyne,2021-04-12,7.0,10.0,12.0,13.0,13.0,15.0,16.0,17.0,19.0,20.0,21.0,23.0,28.0,inferred
Newcastle upon Tyne,2021-04-13,7.0,9.0,11.0,12.0,13.0,14.0,15.0,16.0,18.0,19.0,20.0,23.0,27.0,inferred
Newcastle upon Tyne,2021-04-14,7.0,10.0,12.0,13.0,13.0,15.0,16.0,17.0,19.0,19.0,20.0,23.0,26.5,inferred
Newcastle upon Tyne,2021-04-15,7.0,9.0,11.0,12.0,12.0,13.0,14.0,16.0,17.0,18.0,19.0,22.0,26.0,inferred
Newcastle upon Tyne,2021-04-16,5.0,8.0,10.0,10.0,11.0,12.0,13.0,15.0,16.0,17.0,18.0,21.0,25.0,inferred
Newcastle upon Tyne,2021-04-17,4.0,6.0,8.0,8.0,9.0,10.0,11.0,12.0,13.0,14.0,15.0,17.0,21.0,inferred
Newcastle upon Tyne,2021-04-18,5.0,7.0,9.0,9.0,10.0,11.0,12.0,13.0,15.0,15.0,16.0,19.0,23.0,inferred
Newcastle upon Tyne,2021-04-19,7.0,9.0,11.0,12.0,13.0,14.0,16.0,17.0,18.0,19.0,20.0,23.0,27.0,inferred
Newcastle upon Tyne,2021-04-20,6.0,9.0,11.0,12.0,12.0,14.0,15.0,16.0,18.0,18.2,20.0,22.0,26.0,inferred
Newcastle upon Tyne,2021-04-21,6.0,9.0,11.0,12.0,13.0,14.0,16.0,17.0,18.0,19.0,20.0,22.0,27.0,inferred
Newcastle upon Tyne,2021-04-22,6.0,9.0,11.0,11.0,12.0,13.0,14.0,16.0,17.0,18.0,19.0,21.0,26.0,inferred
Newcastle upon Tyne,2021-04-23,5.0,8.0,9.0,10.0,11.0,12.0,13.0,15.0,16.0,16.0,17.0,20.0,24.0,inferred
Newcastle upon Tyne,2021-04-24,4.0,6.0,8.0,9.0,9.0,10.0,11.0,12.0,14.0,14.0,15.0,17.0,21.0,inferred
Newcastle upon Tyne,2021-04-25,5.0,7.0,9.0,10.0,10.0,12.0,13.0,14.0,15.0,16.0,17.0,19.0,23.0,inferred
Newcastle upon Tyne,2021-04-26,8.0,11.0,13.0,14.0,14.0,16.0,17.0,18.0,20.0,21.0,22.0,25.0,29.0,inferred
Newcastle upon Tyne,2021-04-27,7.0,10.0,12.0,13.0,13.0,15.0,16.0,18.0,19.0,20.0,21.0,24.0,28.0,inferred
Newcastle upon Tyne,2021-04-28,8.0,11.0,13.0,14.0,14.0,16.0,17.0,18.0,20.0,21.0,22.0,25.0,29.0,inferred
Newcastle upon Tyne,2021-04-29,8.0,10.0,12.0,13.0,14.0,15.0,16.0,17.0,19.0,20.0,21.0,23.0,27.0,inferred
Newcastle upon Tyne,2021-04-30,6.0,9.0,11.0,12.0,12.7,14.0,15.0,16.0,18.0,19.0,19.0,22.0,26.0,inferred
Newcastle upon Tyne,2021-05-01,5.0,7.0,9.0,10.0,10.0,11.0,12.0,14.0,15.0,16.0,17.0,19.0,24.0,inferred
Newcastle upon Tyne,2021-05-02,6.0,8.0,10.0,11.0,11.0,13.0,14.0,15.0,16.0,17.0,18.0,20.0,25.0,inferred
Newcastle upon Tyne,2021-05-03,8.0,12.0,14.0,15.0,16.0,17.0,19.0,20.0,21.0,22.0,23.0,26.0,31.0,inferred
Newcastle upon Tyne,2021-05-04,8.0,11.0,13.0,14.0,15.0,16.0,18.0,19.0,21.0,22.0,23.0,25.0,30.0,inferred
Newcastle upon Tyne,2021-05-05,9.0,12.0,14.0,15.0,16.0,17.0,18.0,20.0,21.0,22.0,23.0,26.0,31.0,inferred
Newcastle upon Tyne,2021-05-06,8.5,11.0,13.0,14.0,15.0,16.0,18.0,19.0,21.0,22.0,23.0,25.0,30.0,inferred
Newcastle upon Tyne,2021-05-07,7.0,10.0,12.0,13.0,13.0,15.0,16.0,18.0,19.0,20.0,21.0,24.0,28.0,inferred
Newcastle upon Tyne,2021-05-08,6.0,8.0,10.0,11.0,11.0,13.0,14.0,15.0,16.0,17.0,18.0,21.0,25.0,inferred
Newcastle upon Tyne,2021-05-09,7.0,9.0,11.0,12.0,13.0,14.0,15.0,17.0,18.0,19.0,20.0,22.0,26.0,inferred
Newcastle upon Tyne,2021-05-10,10.0,14.0,16.0,17.0,18.0,19.0,21.0,22.0,23.0,24.0,25.0,28.0,33.0,inferred
Newcastle upon Tyne,2021-05-11,9.0,12.0,14.0,15.0,16.0,18.0,19.0,21.0,22.0,24.0,25.0,27.0,32.0,inferred
Newcastle upon Tyne,2021-05-12,10.0,13.0,15.0,16.0,17.0,19.0,20.0,22.0,24.0,24.0,26.0,29.0,34.0,inferred
Newcastle upon Tyne,2021-05-13,9.0,12.0,14.0,15.0,16.0,17.0,19.0,20.0,22.0,23.0,24.0,27.0,32.0,inferred
Newcastle upon Tyne,2021-05-14,8.0,11.0,13.0,14.0,15.0,16.0,17.0,19.0,20.0,21.0,22.0,25.0,30.0,inferred
Newcastle upon Tyne,2021-05-15,6.0,9.0,11.0,11.0,12.0,13.0,14.0,16.0,17.0,18.0,19.0,21.0,25.0,inferred
Newcastle upon Tyne,2021-05-16,8.0,10.0,12.0,13.0,14.0,15.0,16.0,18.0,19.0,20.0,21.0,23.0,27.0,inferred
Newcastle upon Tyne,2021-05-17,10.5,14.0,16.0,17.0,18.0,19.0,21.0,22.0,24.0,25.0,26.0,29.0,34.0,inferred
Newcastle upon Tyne,2021-05-18,9.0,13.0,15.0,16.0,17.0,18.0,20.0,21.0,23.0,24.0,25.0,28.0,33.0,inferred
Newcastle upon Tyne,2021-05-19,10.0,13.0,15.0,16.0,17.0,19.0,20.0,22.0,23.0,24.0,25.0,29.0,33.0,inferred
Newcastle upon Tyne,2021-05-20,9.0,12.0,14.0,15.0,16.0,17.0,19.0,20.0,22.0,22.0,24.0,26.0,31.0,inferred
Newcastle upon Tyne,2021-05-21,8.0,11.0,13.0,14.0,14.0,16.0,17.0,18.0,20.0,21.0,22.0,24.0,29.0,inferred
Newcastle upon Tyne,2021-05-22,6.0,8.0,10.0,11.0,12.0,13.0,14.0,16.0,17.0,18.0,19.0,21.0,25.0,inferred
Newcastle upon Tyne,2021-05-23,7.0,9.0,11.0,12.0,13.0,14.0,15.0,16.0,18.0,19.0,20.0,22.0,26.0,inferred
Newcastle upon Tyne,2021-05-24,10.0,13.0,15.0,16.0,17.0,19.0,20.0,22.0,23.0,24.0,25.0,28.0,34.0,inferred
Newcastle upon Tyne,2021-05-25,10.0,13.0,15.0,16.0,17.0,18.0,19.0,21.0,23.0,24.0,25.0,27.0,32.0,inferred
Newcastle upon Tyne,2021-05-26,11.0,14.0,16.0,17.0,18.0,20.0,21.0,23.0,25.0,25.0,26.2,30.0,34.0,inferred
Newcastle upon Tyne,2021-05-27,10.0,14.0,16.0,17.0,18.0,19.0,21.0,22.0,24.0,24.0,25.2,28.1,34.0,inferred
Newcastle upon Tyne,2021-05-28,10.0,13.0,16.0,16.0,17.0,19.0,20.0,22.0,23.0,24.0,25.0,28.0,32.0,inferred
Newcastle upon Tyne,2021-05-29,8.0,11.0,13.0,14.0,15.0,16.0,17.0,19.0,20.0,21.0,22.0,25.0,29.0,inferred
Newcastle upon Tyne,2021-05-30,10.5,14.0,16.0,17.0,17.0,19.0,20.0,22.0,24.0,24.0,26.0,28.0,34.0,inferred
Newcastle upon Tyne,2021-05-31,16.0,20.0,22.0,23.0,24.0,26.0,28.0,30.0,32.0,33.0,34.0,38.0,43.0,inferred
Newcastle upon Tyne,2021-06-01,16.0,20.0,23.0,24.0,25.0,27.0,29.0,30.0,32.0,34.0,35.0,38.0,44.0,inferred
Newcastle upon Tyne,2021-06-02,19.0,24.0,26.0,28.0,29.0,30.0,32.0,34.0,37.0,38.0,39.0,43.0,49.0,inferred
Newcastle upon Tyne,2021-06-03,20.5,25.0,28.0,29.0,30.0,32.0,34.0,35.0,38.0,39.0,40.0,44.0,50.0,inferred
Newcastle upon Tyne,2021-06-04,21.0,25.9,28.0,29.0,30.0,32.0,34.0,36.0,39.0,40.0,41.0,45.0,51.0,inferred
Newcastle upon Tyne,2021-06-05,18.0,22.0,25.0,27.0,28.0,30.0,32.0,33.0,36.0,37.0,38.0,42.0,48.0,inferred
Newcastle upon Tyne,2021-06-06,24.0,29.0,32.0,33.0,35.0,37.0,39.0,41.0,43.0,45.0,46.0,50.0,55.5,inferred
Newcastle upon Tyne,2021-06-07,36.0,42.0,47.0,48.0,49.0,51.0,54.0,57.0,60.0,61.0,63.0,68.0,76.0,inferred
Newcastle upon Tyne,2021-06-08,39.0,45.0,48.0,50.0,51.0,54.0,56.0,59.0,62.0,64.0,66.0,71.0,79.0,inferred
Newcastle upon Tyne,2021-06-09,46.0,52.0,57.0,58.0,60.0,63.0,66.0,69.0,72.0,74.0,76.0,81.0,89.0,inferred
Newcastle upon Tyne,2021-06-10,49.0,55.0,60.0,62.0,63.0,66.0,68.0,71.0,74.0,76.0,78.0,83.0,93.0,inferred
Newcastle upon Tyne,2021-06-11,48.0,56.0,61.0,63.0,65.0,67.0,70.0,73.0,76.0,78.0,80.0,85.0,94.0,inferred
Newcastle upon Tyne,2021-06-12,45.0,51.0,55.0,57.0,59.0,61.0,64.0,67.0,70.0,72.0,74.0,79.0,86.0,inferred
Newcastle upon Tyne,2021-06-13,57.0,65.0,70.0,72.0,74.0,77.0,80.0,83.0,87.0,88.0,91.0,96.0,104.0,inferred
Newcastle upon Tyne,2021-06-14,86.0,95.0,102.0,104.0,106.0,110.0,114.0,118.0,121.0,124.0,126.0,134.0,146.0,inferred
Newcastle upon Tyne,2021-06-15,91.0,100.0,107.0,109.0,111.0,115.0,119.0,123.0,127.3,130.0,132.0,139.0,150.0,inferred
Newcastle upon Tyne,2021-06-16,106.0,117.0,123.0,126.0,128.7,132.0,136.0,140.4,144.0,147.0,149.0,157.0,168.0,inferred
Newcastle upon Tyne,2021-06-17,107.0,118.0,126.0,129.0,132.0,136.0,140.0,144.0,149.0,151.0,154.0,163.0,174.5,inferred
Newcastle upon Tyne,2021-06-18,105.0,118.0,126.0,129.0,131.0,136.0,141.0,145.0,151.0,154.0,157.0,168.0,181.5,inferred
Newcastle-under-Lyme,2021-03-06,3.0,5.0,7.0,7.0,8.0,9.0,10.0,11.0,12.0,12.2,13.0,15.0,19.0,inferred
Newcastle-under-Lyme,2021-03-07,5.0,7.0,8.0,9.0,10.0,10.0,12.0,13.0,14.0,15.0,16.0,18.0,21.0,inferred
Newcastle-under-Lyme,2021-03-08,7.0,9.0,11.0,12.0,13.0,14.0,15.0,16.0,18.0,18.0,19.0,22.0,25.0,inferred
Newcastle-under-Lyme,2021-03-09,6.0,9.0,11.0,11.0,12.0,13.0,15.0,16.0,17.0,18.0,19.0,21.0,24.0,inferred
Newcastle-under-Lyme,2021-03-10,7.0,10.0,12.0,12.0,13.0,14.0,15.0,17.0,18.0,19.0,20.0,22.0,26.0,inferred
Newcastle-under-Lyme,2021-03-11,6.0,8.0,10.0,11.0,11.0,12.6,14.0,15.0,16.0,17.0,17.0,20.0,24.0,inferred
Newcastle-under-Lyme,2021-03-12,5.0,7.0,9.0,10.0,10.0,11.0,12.0,14.0,15.0,16.0,16.0,18.0,23.0,inferred
Newcastle-under-Lyme,2021-03-13,3.0,5.0,7.0,7.0,8.0,9.0,10.0,11.0,12.0,13.0,14.0,16.0,19.0,inferred
Newcastle-under-Lyme,2021-03-14,4.0,7.0,8.0,9.0,9.0,10.0,11.0,13.0,14.0,15.0,15.0,18.0,21.0,inferred
Newcastle-under-Lyme,2021-03-15,7.0,9.0,11.0,11.0,12.0,13.0,14.5,16.0,17.0,18.0,19.0,21.0,25.0,inferred
Newcastle-under-Lyme,2021-03-16,6.0,8.0,10.0,10.0,11.0,12.0,13.0,14.0,16.0,17.0,17.0,20.0,23.5,inferred
Newcastle-under-Lyme,2021-03-17,6.0,8.0,10.0,10.0,11.0,12.0,13.0,15.0,16.0,17.0,18.0,20.0,24.0,inferred
Newcastle-under-Lyme,2021-03-18,4.5,7.0,8.0,9.0,9.0,10.0,12.0,13.0,14.0,15.0,16.0,18.0,22.0,inferred
Newcastle-under-Lyme,2021-03-19,4.0,5.0,7.0,7.0,8.0,9.0,10.0,11.0,12.0,13.0,14.0,16.0,19.0,inferred
Newcastle-under-Lyme,2021-03-20,2.0,4.0,5.0,5.0,6.0,7.0,8.0,8.0,9.0,10.0,11.0,13.0,16.0,inferred
Newcastle-under-Lyme,2021-03-21,2.0,4.0,6.0,6.0,6.0,7.0,8.0,9.0,11.0,11.0,12.0,14.0,17.0,inferred
Newcastle-under-Lyme,2021-03-22,4.0,6.0,7.0,8.0,8.0,9.0,10.0,11.0,13.0,13.0,14.0,16.0,20.0,inferred
Newcastle-under-Lyme,2021-03-23,3.0,5.0,6.0,7.0,7.0,8.0,9.0,11.0,12.0,12.0,13.0,15.0,18.0,inferred
Newcastle-under-Lyme,2021-03-24,3.0,5.0,6.0,7.0,7.0,8.0,9.0,10.0,11.0,12.0,13.0,15.0,18.0,inferred
Newcastle-under-Lyme,2021-03-25,2.0,4.0,5.0,5.0,6.0,7.0,8.0,9.0,10.0,10.0,11.0,13.0,16.0,inferred
Newcastle-under-Lyme,2021-03-26,1.0,3.0,4.0,4.0,5.0,6.0,6.0,7.0,8.0,9.0,10.0,12.0,14.0,inferred
Newcastle-under-Lyme,2021-03-27,1.0,2.0,3.0,3.0,4.0,4.0,5.0,6.0,7.0,7.0,8.0,9.0,12.0,inferred
Newcastle-under-Lyme,2021-03-28,1.0,2.0,3.0,4.0,4.0,5.0,5.0,6.0,7.0,8.0,8.0,10.0,13.0,inferred
Newcastle-under-Lyme,2021-03-29,1.0,3.0,4.0,4.0,5.0,5.0,6.0,7.0,8.0,9.0,9.0,11.0,14.0,inferred
Newcastle-under-Lyme,2021-03-30,1.0,2.0,3.0,4.0,4.0,5.0,6.0,7.0,8.0,8.0,9.0,11.0,13.0,inferred
Newcastle-under-Lyme,2021-03-31,1.0,3.0,4.0,4.0,4.0,5.0,6.0,7.0,8.0,8.0,9.0,11.0,14.0,inferred
Newcastle-under-Lyme,2021-04-01,1.0,2.0,3.0,3.0,4.0,4.0,5.0,6.0,6.0,7.0,7.0,9.0,12.0,inferred
Newcastle-under-Lyme,2021-04-02,1.0,1.0,2.0,3.0,3.0,4.0,4.0,5.0,6.0,6.0,7.0,8.0,11.0,inferred
Newcastle-under-Lyme,2021-04-03,0.0,1.0,1.0,2.0,2.0,3.0,3.0,4.0,4.0,5.0,5.0,6.0,8.0,inferred
Newcastle-under-Lyme,2021-04-04,0.0,1.0,2.0,2.0,2.0,3.0,3.0,4.0,5.0,5.0,6.0,7.0,9.0,inferred
Newcastle-under-Lyme,2021-04-05,0.0,1.0,2.0,3.0,3.0,4.0,4.0,5.0,6.0,6.0,7.0,8.0,11.0,inferred
Newcastle-under-Lyme,2021-04-06,0.0,1.0,2.0,3.0,3.0,3.0,4.0,5.0,6.0,6.0,7.0,8.0,11.0,inferred
Newcastle-under-Lyme,2021-04-07,0.0,1.0,2.0,3.0,3.0,4.0,4.0,5.0,6.0,6.0,7.0,8.0,11.0,inferred
Newcastle-under-Lyme,2021-04-08,0.0,1.0,2.0,2.0,3.0,3.0,4.0,4.0,5.0,6.0,6.0,8.0,10.0,inferred
Newcastle-under-Lyme,2021-04-09,0.0,1.0,2.0,2.0,2.0,3.0,3.0,4.0,5.0,5.0,6.0,7.0,10.0,inferred
Newcastle-under-Lyme,2021-04-10,0.0,1.0,1.0,1.0,2.0,2.0,3.0,3.0,4.0,4.0,5.0,6.0,9.0,inferred
Newcastle-under-Lyme,2021-04-11,0.0,1.0,1.0,2.0,2.0,3.0,3.0,4.0,5.0,5.0,5.0,7.0,9.0,inferred
Newcastle-under-Lyme,2021-04-12,0.0,1.0,2.0,3.0,3.0,4.0,4.0,5.0,6.0,6.0,7.0,8.0,11.0,inferred
Newcastle-under-Lyme,2021-04-13,0.0,1.0,2.0,2.0,3.0,3.0,4.0,5.0,5.0,6.0,6.0,8.0,11.0,inferred
Newcastle-under-Lyme,2021-04-14,0.0,1.0,2.0,3.0,3.0,4.0,4.0,5.0,6.0,6.0,7.0,8.0,11.0,inferred
Newcastle-under-Lyme,2021-04-15,0.0,1.0,2.0,2.0,3.0,3.0,4.0,4.0,5.0,6.0,6.0,8.0,10.0,inferred
Newcastle-under-Lyme,2021-04-16,0.0,1.0,2.0,2.0,2.0,3.0,3.0,4.0,4.0,5.0,5.0,7.0,9.0,inferred
Newcastle-under-Lyme,2021-04-17,0.0,0.0,1.0,1.0,1.0,2.0,2.0,3.0,4.0,4.0,4.0,6.0,7.0,inferred
Newcastle-under-Lyme,2021-04-18,0.0,1.0,1.0,2.0,2.0,2.0,3.0,3.0,4.0,4.0,5.0,6.0,8.0,inferred
Newcastle-under-Lyme,2021-04-19,0.0,1.0,2.0,2.0,2.0,3.0,3.0,4.0,5.0,5.0,6.0,7.0,10.0,inferred
Newcastle-under-Lyme,2021-04-20,0.0,1.0,1.0,2.0,2.0,3.0,3.0,4.0,4.0,5.0,5.0,7.0,9.0,inferred
Newcastle-under-Lyme,2021-04-21,0.0,1.0,1.0,2.0,2.0,2.0,3.0,4.0,4.0,5.0,5.0,7.0,9.0,inferred
Newcastle-under-Lyme,2021-04-22,0.0,1.0,1.0,1.0,2.0,2.0,3.0,3.0,4.0,4.0,5.0,6.0,8.0,inferred
Newcastle-under-Lyme,2021-04-23,0.0,0.0,1.0,1.0,1.0,2.0,2.0,3.0,3.0,3.0,4.0,5.0,7.0,inferred
Newcastle-under-Lyme,2021-04-24,0.0,0.0,0.0,1.0,1.0,1.0,2.0,2.0,2.0,3.0,3.0,4.0,7.0,inferred
Newcastle-under-Lyme,2021-04-25,0.0,0.0,1.0,1.0,1.0,1.0,2.0,2.0,3.0,3.0,4.0,5.0,7.0,inferred
Newcastle-under-Lyme,2021-04-26,0.0,0.0,1.0,1.0,1.0,2.0,2.0,3.0,4.0,4.0,4.0,6.0,8.0,inferred
Newcastle-under-Lyme,2021-04-27,0.0,0.0,1.0,1.0,1.0,2.0,2.0,3.0,3.0,4.0,4.0,5.0,7.0,inferred
Newcastle-under-Lyme,2021-04-28,0.0,0.0,1.0,1.0,1.0,2.0,2.0,3.0,3.0,4.0,4.0,5.0,8.0,inferred
Newcastle-under-Lyme,2021-04-29,0.0,0.0,1.0,1.0,1.0,1.0,2.0,2.0,3.0,3.0,4.0,5.0,7.0,inferred
Newcastle-under-Lyme,2021-04-30,0.0,0.0,0.0,1.0,1.0,1.0,2.0,2.0,3.0,3.0,3.0,4.0,7.0,inferred
Newcastle-under-Lyme,2021-05-01,0.0,0.0,0.0,0.0,0.0,1.0,1.0,1.0,2.0,2.0,3.0,3.0,5.0,inferred
Newcastle-under-Lyme,2021-05-02,0.0,0.0,0.0,0.0,1.0,1.0,1.0,2.0,2.0,3.0,3.0,4.0,6.0,inferred
Newcastle-under-Lyme,2021-05-03,0.0,0.0,1.0,1.0,1.0,1.0,2.0,2.0,3.0,3.0,3.0,5.0,7.0,inferred
Newcastle-under-Lyme,2021-05-04,0.0,0.0,1.0,1.0,1.0,1.0,2.0,2.0,3.0,3.0,4.0,5.0,7.0,inferred
Newcastle-under-Lyme,2021-05-05,0.0,0.0,1.0,1.0,1.0,1.0,2.0,2.0,3.0,3.0,4.0,5.0,7.0,inferred
Newcastle-under-Lyme,2021-05-06,0.0,0.0,0.0,1.0,1.0,1.0,2.0,2.0,2.0,3.0,3.0,4.0,6.0,inferred
Newcastle-under-Lyme,2021-05-07,0.0,0.0,0.0,0.0,1.0,1.0,1.0,2.0,2.0,2.0,3.0,4.0,6.0,inferred
Newcastle-under-Lyme,2021-05-08,0.0,0.0,0.0,0.0,0.0,1.0,1.0,1.0,2.0,2.0,2.0,3.0,5.0,inferred
Newcastle-under-Lyme,2021-05-09,0.0,0.0,0.0,0.0,1.0,1.0,1.0,2.0,2.0,2.0,3.0,4.0,5.0,inferred
Newcastle-under-Lyme,2021-05-10,0.0,0.0,0.0,1.0,1.0,1.0,2.0,2.0,3.0,3.0,3.0,5.0,6.5,inferred
Newcastle-under-Lyme,2021-05-11,0.0,0.0,0.0,1.0,1.0,1.0,2.0,2.0,3.0,3.0,3.0,4.0,6.0,inferred
Newcastle-under-Lyme,2021-05-12,0.0,0.0,0.0,1.0,1.0,1.0,2.0,2.0,3.0,3.0,3.0,4.1,6.0,inferred
Newcastle-under-Lyme,2021-05-13,0.0,0.0,0.0,0.0,1.0,1.0,1.0,2.0,2.0,3.0,3.0,4.0,6.0,inferred
Newcastle-under-Lyme,2021-05-14,0.0,0.0,0.0,0.0,1.0,1.0,1.0,2.0,2.0,2.0,3.0,4.0,5.0,inferred
Newcastle-under-Lyme,2021-05-15,0.0,0.0,0.0,0.0,0.0,1.0,1.0,1.0,2.0,2.0,2.0,3.0,5.0,inferred
Newcastle-under-Lyme,2021-05-16,0.0,0.0,0.0,0.0,0.0,1.0,1.0,1.0,2.0,2.0,2.0,3.0,4.0,inferred
Newcastle-under-Lyme,2021-05-17,0.0,0.0,0.0,0.0,1.0,1.0,1.0,2.0,2.0,2.0,3.0,4.0,6.0,inferred
Newcastle-under-Lyme,2021-05-18,0.0,0.0,0.0,0.0,1.0,1.0,1.0,2.0,2.0,2.0,3.0,4.0,5.0,inferred
Newcastle-under-Lyme,2021-05-19,0.0,0.0,0.0,0.0,1.0,1.0,1.0,2.0,2.0,3.0,3.0,4.0,5.0,inferred
Newcastle-under-Lyme,2021-05-20,0.0,0.0,0.0,0.0,1.0,1.0,1.0,2.0,2.0,2.0,3.0,4.0,6.0,inferred
Newcastle-under-Lyme,2021-05-21,0.0,0.0,0.0,0.0,0.0,1.0,1.0,1.0,2.0,2.0,3.0,4.0,5.0,inferred
Newcastle-under-Lyme,2021-05-22,0.0,0.0,0.0,0.0,0.0,1.0,1.0,1.0,2.0,2.0,2.0,3.0,5.0,inferred
Newcastle-under-Lyme,2021-05-23,0.0,0.0,0.0,0.0,0.0,1.0,1.0,1.4,2.0,2.0,3.0,4.0,5.0,inferred
Newcastle-under-Lyme,2021-05-24,0.0,0.0,1.0,1.0,1.0,1.0,2.0,2.0,3.0,3.0,3.0,4.0,6.5,inferred
Newcastle-under-Lyme,2021-05-25,0.0,0.0,0.0,1.0,1.0,1.0,2.0,2.0,3.0,3.0,3.0,4.1,6.5,inferred
Newcastle-under-Lyme,2021-05-26,0.0,0.0,1.0,1.0,1.0,2.0,2.0,3.0,3.0,4.0,4.0,5.0,7.5,inferred
Newcastle-under-Lyme,2021-05-27,0.0,0.0,1.0,1.0,1.0,2.0,2.0,3.0,3.0,4.0,4.0,5.0,8.0,inferred
Newcastle-under-Lyme,2021-05-28,0.0,0.0,1.0,1.0,1.0,2.0,2.0,3.0,4.0,4.0,4.0,6.0,8.0,inferred
Newcastle-under-Lyme,2021-05-29,0.0,0.0,1.0,1.0,1.0,2.0,2.0,3.0,3.0,3.2,4.0,5.0,7.0,inferred
Newcastle-under-Lyme,2021-05-30,0.0,1.0,1.0,2.0,2.0,2.0,3.0,3.0,4.0,5.0,5.0,6.0,9.0,inferred
Newcastle-under-Lyme,2021-05-31,0.0,1.0,2.0,2.0,3.0,3.0,4.0,5.0,6.0,6.0,7.0,8.0,11.0,inferred
Newcastle-under-Lyme,2021-06-01,0.0,2.0,2.0,3.0,3.0,4.0,5.0,5.0,6.0,7.0,7.0,9.0,11.5,inferred
Newcastle-under-Lyme,2021-06-02,1.0,2.0,3.0,4.0,4.0,5.0,5.5,6.0,7.0,8.0,8.0,10.0,13.0,inferred
Newcastle-under-Lyme,2021-06-03,1.0,2.0,3.0,4.0,4.0,5.0,5.0,6.0,7.0,8.0,8.0,10.0,13.0,inferred
Newcastle-under-Lyme,2021-06-04,1.0,2.0,3.0,4.0,4.0,5.0,5.0,6.0,7.0,7.0,8.0,10.0,13.0,inferred
Newcastle-under-Lyme,2021-06-05,1.0,2.0,3.0,3.0,4.0,4.0,5.0,6.0,7.0,7.0,8.0,9.0,12.0,inferred
Newcastle-under-Lyme,2021-06-06,2.0,3.0,4.0,5.0,5.0,6.0,7.0,7.0,8.0,9.0,10.0,12.0,14.0,inferred
Newcastle-under-Lyme,2021-06-07,3.0,5.0,6.0,7.0,7.0,8.0,9.0,10.0,12.0,12.0,13.0,15.0,19.0,inferred
Newcastle-under-Lyme,2021-06-08,3.0,5.0,7.0,7.0,8.0,9.0,10.0,11.0,12.0,13.0,14.0,16.0,20.0,inferred
Newcastle-under-Lyme,2021-06-09,5.0,7.0,9.0,9.0,10.0,11.0,12.0,13.0,15.0,15.0,16.0,18.0,22.0,inferred
Newcastle-under-Lyme,2021-06-10,5.0,7.0,9.0,9.0,10.0,11.0,12.0,13.0,14.0,15.0,16.0,18.0,22.0,inferred
Newcastle-under-Lyme,2021-06-11,5.0,7.0,8.0,9.0,9.0,11.0,12.0,13.0,14.0,15.0,16.0,18.0,23.0,inferred
Newcastle-under-Lyme,2021-06-12,4.0,6.0,7.0,8.0,8.0,9.0,10.0,11.0,13.0,13.0,14.0,16.0,20.0,inferred
Newcastle-under-Lyme,2021-06-13,5.0,8.0,9.8,10.0,11.0,12.0,13.0,14.0,16.0,16.0,17.0,20.0,24.0,inferred
Newcastle-under-Lyme,2021-06-14,9.0,12.0,14.0,15.0,15.0,17.0,18.0,20.0,22.0,23.0,23.0,26.0,31.0,inferred
Newcastle-under-Lyme,2021-06-15,9.0,12.0,14.0,15.0,16.0,18.0,19.0,21.0,22.0,23.0,24.0,27.0,31.0,inferred
Newcastle-under-Lyme,2021-06-16,10.0,14.0,16.0,17.0,17.0,19.0,20.0,22.0,24.0,25.0,26.0,29.0,34.0,inferred
Newcastle-under-Lyme,2021-06-17,9.0,13.0,15.0,16.0,17.0,18.0,20.0,21.0,23.0,24.0,25.0,28.0,32.0,inferred
Newcastle-under-Lyme,2021-06-18,9.0,12.0,14.0,15.0,16.0,17.0,19.0,20.0,22.0,23.0,24.0,27.0,31.0,inferred
Newham,2021-03-06,10.0,13.0,15.0,16.0,16.0,17.0,19.0,20.0,21.0,22.0,23.0,25.0,29.0,inferred
Newham,2021-03-07,11.0,15.0,17.0,18.0,18.0,20.0,21.0,22.0,24.0,24.0,25.0,27.0,31.0,inferred
Newham,2021-03-08,16.0,20.0,22.0,23.0,24.0,25.0,27.0,28.0,30.0,31.0,32.0,35.0,40.0,inferred
Newham,2021-03-09,15.5,19.0,21.0,22.0,23.0,24.0,26.0,27.0,29.0,30.0,31.0,33.0,38.0,inferred
Newham,2021-03-10,16.0,19.0,21.0,22.0,23.0,24.0,26.0,27.0,29.0,30.0,31.0,34.0,39.0,inferred
Newham,2021-03-11,14.0,17.0,19.0,20.0,21.0,22.0,24.0,25.0,27.0,28.0,29.0,32.0,36.0,inferred
Newham,2021-03-12,12.0,15.0,17.0,18.0,18.0,20.0,21.0,22.0,24.0,25.0,26.0,29.0,33.0,inferred
Newham,2021-03-13,9.0,11.0,13.0,14.0,15.0,16.0,17.0,18.0,20.0,21.0,21.0,24.0,28.0,inferred
Newham,2021-03-14,10.0,13.0,15.0,16.0,17.0,18.0,20.0,21.0,22.0,23.0,24.0,26.0,31.0,inferred
Newham,2021-03-15,14.0,17.0,19.0,20.0,21.0,22.0,24.0,25.0,27.0,28.0,29.0,31.0,36.0,inferred
Newham,2021-03-16,13.0,16.0,19.0,20.0,20.0,22.0,23.0,25.0,26.0,27.0,28.2,31.0,36.0,inferred
Newham,2021-03-17,13.0,16.0,19.0,20.0,21.0,22.0,23.0,25.0,26.0,27.0,28.0,31.0,35.0,inferred
Newham,2021-03-18,12.0,15.0,17.0,18.0,19.0,20.0,22.0,23.0,25.0,25.0,26.0,29.0,33.5,inferred
Newham,2021-03-19,10.0,13.0,15.0,16.0,16.0,18.0,19.0,20.0,22.0,22.0,23.0,26.0,30.0,inferred
Newham,2021-03-20,8.0,10.0,12.0,12.0,13.0,14.0,15.0,16.0,18.0,18.0,19.0,22.0,25.0,inferred
Newham,2021-03-21,9.0,12.0,14.0,14.0,15.0,17.0,18.0,19.0,20.0,21.0,22.0,24.0,29.0,inferred
Newham,2021-03-22,12.0,16.0,18.0,19.0,20.0,21.0,22.0,24.0,26.0,27.0,28.0,30.0,35.0,inferred
Newham,2021-03-23,12.0,16.0,18.0,18.0,19.0,21.0,22.0,24.0,25.0,26.0,27.0,30.0,36.0,inferred
Newham,2021-03-24,12.0,15.0,17.0,18.0,19.0,21.0,22.0,24.0,25.0,26.0,27.0,30.0,33.0,inferred
Newham,2021-03-25,11.0,14.0,16.0,16.0,17.0,18.6,20.0,21.0,23.0,23.2,25.0,27.0,32.0,inferred
Newham,2021-03-26,9.0,12.0,14.0,14.0,15.0,16.0,17.0,18.0,20.0,21.0,21.0,24.0,28.0,inferred
Newham,2021-03-27,6.0,9.0,10.0,11.0,11.0,13.0,14.0,15.0,16.0,17.0,18.0,20.0,24.0,inferred
Newham,2021-03-28,8.0,10.0,12.0,12.0,13.0,14.0,15.0,16.0,18.0,18.0,19.0,21.0,26.0,inferred
Newham,2021-03-29,10.0,13.0,15.0,16.0,16.0,17.0,19.0,20.0,21.0,22.0,23.0,25.0,30.0,inferred
Newham,2021-03-30,10.0,12.0,14.0,15.0,16.0,17.0,18.0,20.0,21.0,22.0,23.0,25.0,29.0,inferred
Newham,2021-03-31,10.0,12.0,14.0,15.0,16.0,17.0,18.0,20.0,21.0,22.0,23.0,25.0,29.0,inferred
Newham,2021-04-01,8.0,11.0,13.0,13.0,14.0,15.0,16.0,18.0,19.0,20.0,21.0,23.0,27.0,inferred
Newham,2021-04-02,7.0,9.0,11.0,12.0,12.0,14.0,15.0,16.0,17.0,18.0,19.0,21.0,24.0,inferred
Newham,2021-04-03,5.0,7.0,9.0,9.0,10.0,11.0,12.0,13.0,14.0,14.0,15.0,17.0,20.0,inferred
Newham,2021-04-04,6.0,8.0,10.0,10.0,11.0,12.0,13.0,14.0,15.0,16.0,17.0,19.0,24.0,inferred
Newham,2021-04-05,9.0,11.0,13.0,13.0,14.0,15.0,17.0,18.0,19.0,20.0,21.0,23.0,27.0,inferred
Newham,2021-04-06,8.5,11.0,13.0,14.0,14.0,15.0,17.0,18.0,20.0,20.0,21.0,24.0,28.0,inferred
Newham,2021-04-07,9.0,12.0,14.0,14.0,15.0,16.0,17.0,19.0,20.0,21.0,22.0,24.0,28.0,inferred
Newham,2021-04-08,9.0,11.0,13.0,14.0,14.0,15.0,17.0,18.0,19.0,20.0,21.0,23.0,27.0,inferred
Newham,2021-04-09,8.0,10.0,11.0,12.0,13.0,14.0,15.0,16.0,17.0,18.0,19.0,21.0,25.0,inferred
Newham,2021-04-10,6.0,8.0,9.0,10.0,10.0,12.0,13.0,14.0,15.0,16.0,16.0,18.0,21.0,inferred
Newham,2021-04-11,7.0,9.0,11.0,12.0,12.0,13.0,14.0,15.0,17.0,18.0,18.0,21.0,25.0,inferred
Newham,2021-04-12,9.0,12.0,14.0,15.0,16.0,17.0,18.0,20.0,21.0,22.0,23.0,25.0,29.0,inferred
Newham,2021-04-13,9.0,12.0,14.0,15.0,15.0,16.0,18.0,19.0,21.0,21.0,22.0,25.0,28.5,inferred
Newham,2021-04-14,10.0,12.0,14.0,15.0,16.0,17.0,18.0,20.0,21.0,22.0,23.0,25.0,29.0,inferred
Newham,2021-04-15,8.0,11.0,13.0,13.0,14.0,15.0,16.0,18.0,19.0,20.0,21.0,23.0,27.0,inferred
Newham,2021-04-16,7.0,9.0,11.0,12.0,12.0,13.0,14.0,16.0,17.0,18.0,18.0,20.0,24.0,inferred
Newham,2021-04-17,5.0,7.0,9.0,9.0,10.0,11.0,12.0,13.0,14.0,15.0,15.0,17.1,21.0,inferred
Newham,2021-04-18,6.0,8.0,10.0,10.0,11.0,12.0,13.0,14.0,15.0,16.0,17.0,19.0,23.0,inferred
Newham,2021-04-19,8.0,11.0,13.0,14.0,14.0,15.0,16.0,18.0,19.0,20.0,21.0,23.0,27.0,inferred
Newham,2021-04-20,8.0,10.0,12.0,13.0,13.0,15.0,16.0,17.0,18.0,19.0,20.0,22.0,26.0,inferred
Newham,2021-04-21,7.0,10.0,12.0,12.0,13.0,14.0,15.0,17.0,18.0,19.0,20.0,22.0,26.0,inferred
Newham,2021-04-22,6.0,9.0,10.0,11.0,12.0,13.0,14.0,15.0,16.0,17.0,18.0,20.0,24.0,inferred
Newham,2021-04-23,5.0,7.0,9.0,9.0,10.0,11.0,12.0,13.0,14.0,14.0,15.0,17.0,20.0,inferred
Newham,2021-04-24,3.0,5.0,6.0,7.0,7.0,8.0,9.0,10.0,11.0,12.0,12.0,14.0,17.0,inferred
Newham,2021-04-25,4.0,6.0,7.0,8.0,8.0,9.0,10.0,11.0,12.0,12.0,13.0,15.0,18.0,inferred
Newham,2021-04-26,5.0,7.0,8.8,9.0,10.0,11.0,12.0,13.0,14.0,15.0,16.0,18.0,21.0,inferred
Newham,2021-04-27,4.0,6.0,8.0,9.0,9.0,10.0,11.0,12.0,13.0,14.0,15.0,17.0,20.0,inferred
Newham,2021-04-28,4.0,6.0,7.0,8.0,8.0,9.0,10.0,11.0,12.0,13.0,13.0,15.0,19.0,inferred
Newham,2021-04-29,3.0,5.0,6.0,7.0,7.0,8.0,9.0,10.0,11.0,11.0,12.0,14.0,17.0,inferred
Newham,2021-04-30,2.0,4.0,5.0,6.0,6.0,7.0,8.0,8.0,9.0,10.0,10.0,12.0,15.0,inferred
Newham,2021-05-01,1.0,3.0,4.0,4.0,4.0,5.0,6.0,6.0,7.0,8.0,8.0,10.0,12.0,inferred
Newham,2021-05-02,2.0,3.0,4.0,4.0,5.0,6.0,6.0,7.0,8.0,8.0,9.0,11.0,13.0,inferred
Newham,2021-05-03,3.0,4.0,5.0,6.0,6.0,7.0,8.0,8.0,9.0,10.0,10.0,12.0,15.0,inferred
Newham,2021-05-04,2.0,4.0,5.0,5.0,6.0,7.0,7.0,8.0,9.0,10.0,10.0,12.0,14.0,inferred
Newham,2021-05-05,2.0,4.0,5.0,5.0,6.0,6.0,7.0,8.0,9.0,10.0,10.0,12.0,14.0,inferred
Newham,2021-05-06,2.0,3.0,4.0,5.0,5.0,6.0,7.0,7.0,8.0,9.0,10.0,11.0,14.0,inferred
Newham,2021-05-07,1.5,3.0,4.0,4.0,4.0,5.0,6.0,6.0,7.0,8.0,8.0,10.0,12.0,inferred
Newham,2021-05-08,1.0,2.0,3.0,3.0,3.0,4.0,5.0,5.0,6.0,6.0,7.0,9.0,11.0,inferred
Newham,2021-05-09,1.0,2.0,3.0,4.0,4.0,5.0,5.0,6.0,7.0,7.0,8.0,9.0,12.0,inferred
Newham,2021-05-10,2.0,3.0,4.0,5.0,5.0,6.0,7.0,8.0,9.0,9.0,10.0,12.0,15.0,inferred
Newham,2021-05-11,2.0,3.0,5.0,5.0,6.0,6.0,7.0,8.0,9.0,9.0,10.0,11.0,14.0,inferred
Newham,2021-05-12,2.0,4.0,5.0,5.0,6.0,7.0,7.0,8.0,9.0,10.0,10.0,12.0,15.0,inferred
Newham,2021-05-13,2.0,3.0,4.0,5.0,5.0,6.0,7.0,8.0,9.0,9.0,10.0,11.1,14.0,inferred
Newham,2021-05-14,2.0,3.0,4.0,5.0,5.0,6.0,6.0,7.0,8.0,8.0,9.0,11.0,13.0,inferred
Newham,2021-05-15,1.0,2.0,3.0,4.0,4.0,5.0,5.0,6.0,7.0,7.0,8.0,9.0,11.5,inferred
Newham,2021-05-16,1.0,3.0,4.0,5.0,5.0,6.0,6.0,7.0,8.0,9.0,9.0,11.0,14.0,inferred
Newham,2021-05-17,3.0,4.0,5.0,6.0,6.7,7.0,8.0,9.0,10.0,11.0,11.0,13.0,16.0,inferred
Newham,2021-05-18,3.0,5.0,6.0,6.0,7.0,7.0,8.0,9.0,10.0,11.0,12.0,13.0,16.0,inferred
Newham,2021-05-19,3.0,5.0,6.0,7.0,7.0,8.0,9.0,10.0,11.0,12.0,12.0,14.0,17.5,inferred
Newham,2021-05-20,3.0,5.0,6.0,7.0,7.0,8.0,9.0,10.0,11.0,12.0,12.0,14.0,17.0,inferred
Newham,2021-05-21,3.0,4.0,5.0,6.0,6.0,7.0,8.0,9.0,10.0,11.0,11.0,13.0,16.0,inferred
Newham,2021-05-22,2.0,3.0,5.0,5.0,6.0,6.0,7.0,8.0,9.0,9.0,10.0,12.0,15.0,inferred
Newham,2021-05-23,3.0,5.0,6.0,6.0,7.0,8.0,8.0,9.0,10.0,11.0,12.0,13.0,16.0,inferred
Newham,2021-05-24,5.0,6.0,8.0,8.0,9.0,10.0,11.0,12.0,13.0,14.0,15.0,17.0,20.0,inferred
Newham,2021-05-25,5.0,7.0,8.0,9.0,10.0,11.0,12.0,13.0,14.0,14.0,15.0,17.0,21.0,inferred
Newham,2021-05-26,6.0,8.0,10.0,10.0,11.0,12.0,13.0,14.0,15.0,16.0,17.0,19.0,23.0,inferred
Newham,2021-05-27,6.0,8.0,10.0,10.0,11.0,12.0,13.0,14.0,15.0,16.0,17.0,19.0,23.0,inferred
Newham,2021-05-28,5.0,8.0,9.0,10.0,10.0,11.0,12.0,14.0,15.0,15.0,16.0,18.0,22.0,inferred
Newham,2021-05-29,5.0,6.0,8.0,8.0,9.0,10.0,11.0,12.0,13.0,14.0,14.0,16.0,20.0,inferred
Newham,2021-05-30,6.0,8.0,10.0,11.0,11.0,12.0,13.0,14.0,16.0,16.0,17.0,20.0,23.0,inferred
Newham,2021-05-31,9.0,12.0,14.0,15.0,16.0,17.0,18.0,20.0,21.0,22.0,23.0,25.0,29.0,inferred
Newham,2021-06-01,10.0,13.0,15.0,16.0,17.0,18.0,19.0,21.0,22.0,23.0,24.0,26.0,30.0,inferred
Newham,2021-06-02,11.5,14.0,16.0,17.0,18.0,19.0,21.0,22.0,23.0,24.0,25.0,28.0,32.0,inferred
Newham,2021-06-03,11.0,14.0,16.0,17.0,18.0,19.0,21.0,22.0,24.0,24.2,25.0,28.0,32.0,inferred
Newham,2021-06-04,11.0,14.0,16.0,16.0,17.0,18.0,20.0,21.0,23.0,24.0,24.0,27.0,31.0,inferred
Newham,2021-06-05,9.0,12.0,14.0,14.0,15.0,16.0,17.0,19.0,20.0,21.0,22.0,24.0,29.0,inferred
Newham,2021-06-06,12.0,15.0,17.0,18.0,19.0,20.0,22.0,23.0,24.0,25.0,26.0,29.0,33.0,inferred
Newham,2021-06-07,18.0,22.0,24.0,25.0,26.0,28.0,29.0,31.0,33.0,34.0,35.0,38.0,42.5,inferred
Newham,2021-06-08,18.5,22.0,25.0,26.0,27.0,28.0,30.0,32.0,34.0,35.0,36.0,39.0,45.0,inferred
Newham,2021-06-09,19.5,24.0,26.0,27.0,28.0,30.0,32.0,33.0,35.0,36.0,37.0,41.0,46.0,inferred
Newham,2021-06-10,18.0,22.0,25.0,26.0,27.0,29.0,31.0,32.0,34.0,35.0,36.0,39.0,44.5,inferred
Newham,2021-06-11,17.0,21.0,23.0,24.0,25.0,27.0,28.0,30.0,31.0,32.0,34.0,37.0,42.0,inferred
Newham,2021-06-12,14.0,17.0,19.0,20.0,21.0,22.0,24.0,25.0,27.0,28.0,29.0,32.0,36.0,inferred
Newham,2021-06-13,17.0,21.0,23.0,24.0,25.0,27.0,28.0,30.0,32.0,33.0,34.0,37.0,42.5,inferred
Newham,2021-06-14,24.0,28.0,31.0,32.0,34.0,36.0,38.0,39.0,42.0,43.0,44.0,47.0,53.0,inferred
Newham,2021-06-15,24.0,29.0,32.0,33.0,34.0,36.0,38.0,40.0,42.0,43.0,44.0,48.0,54.0,inferred
Newham,2021-06-16,26.0,31.0,33.0,35.0,36.0,38.0,40.0,42.0,44.0,46.0,47.0,50.0,56.0,inferred
Newham,2021-06-17,25.0,30.0,32.0,33.0,35.0,37.0,39.0,41.0,43.0,44.0,45.0,49.0,55.0,inferred
Newham,2021-06-18,22.0,26.0,29.0,30.0,32.0,33.0,35.0,37.0,39.3,40.0,42.0,45.0,50.5,inferred
Newport,2021-03-06,2.0,3.0,5.0,5.0,6.0,7.0,7.0,8.0,9.0,10.0,10.0,12.0,16.0,inferred
Newport,2021-03-07,2.0,4.0,5.0,6.0,6.0,7.0,8.0,9.0,10.0,10.0,11.0,13.0,16.0,inferred
Newport,2021-03-08,4.0,6.0,8.0,8.0,9.0,10.0,11.0,12.0,13.0,14.0,14.0,17.0,20.0,inferred
Newport,2021-03-09,3.0,5.0,7.0,7.0,8.0,9.0,10.0,11.0,12.0,13.0,13.0,16.0,19.0,inferred
Newport,2021-03-10,4.0,6.0,8.0,9.0,9.0,10.0,11.0,13.0,14.0,14.0,15.0,18.0,22.0,inferred
Newport,2021-03-11,4.0,6.0,8.0,9.0,9.0,10.0,11.0,13.0,14.0,15.0,16.0,18.0,22.0,inferred
Newport,2021-03-12,3.0,5.0,7.0,7.0,8.0,9.0,10.0,11.0,12.0,13.0,14.0,16.0,19.0,inferred
Newport,2021-03-13,2.0,4.0,5.0,6.0,6.0,7.0,8.0,9.0,10.0,11.0,12.0,13.0,17.0,inferred
Newport,2021-03-14,2.0,4.0,6.0,6.0,7.0,8.0,9.0,10.0,11.0,11.0,12.0,14.0,18.0,inferred
Newport,2021-03-15,5.0,7.0,8.0,9.0,10.0,11.0,12.0,13.0,14.0,15.0,16.0,18.0,22.0,inferred
Newport,2021-03-16,3.0,5.0,7.0,8.0,8.0,9.0,10.5,12.0,13.0,13.0,14.0,16.1,21.0,inferred
Newport,2021-03-17,4.0,6.0,8.0,8.0,9.0,10.0,11.0,13.0,14.0,15.0,15.2,18.0,21.0,inferred
Newport,2021-03-18,4.0,6.0,8.0,8.0,9.0,10.0,11.0,12.0,13.0,14.0,15.0,17.0,21.0,inferred
Newport,2021-03-19,3.0,5.0,6.0,7.0,7.0,8.0,9.0,10.0,11.0,12.0,13.0,15.0,18.0,inferred
Newport,2021-03-20,2.0,3.0,4.0,5.0,5.0,6.0,7.0,8.0,9.0,10.0,10.0,12.0,15.0,inferred
Newport,2021-03-21,2.0,4.0,5.0,5.0,6.0,7.0,8.0,9.0,9.0,10.0,11.0,13.0,16.0,inferred
Newport,2021-03-22,3.0,5.0,6.8,7.0,8.0,9.0,10.0,11.0,12.0,13.0,13.0,16.0,20.0,inferred
Newport,2021-03-23,2.0,4.0,5.0,6.0,6.0,7.0,8.0,9.0,10.0,11.0,11.0,13.0,17.0,inferred
Newport,2021-03-24,2.0,4.0,6.0,6.0,7.0,8.0,9.0,10.0,11.0,11.0,12.0,14.0,17.5,inferred
Newport,2021-03-25,2.0,4.0,5.0,6.0,6.0,7.0,8.0,9.0,10.0,10.0,11.0,13.0,16.0,inferred
Newport,2021-03-26,1.0,3.0,4.0,4.0,4.0,5.0,6.0,7.0,8.0,8.0,9.0,11.0,14.0,inferred
Newport,2021-03-27,0.0,2.0,2.0,3.0,3.0,4.0,4.0,5.0,6.0,6.0,7.0,8.0,11.0,inferred
Newport,2021-03-28,1.0,2.0,2.0,3.0,3.0,4.0,4.0,5.0,6.0,6.0,7.0,9.0,12.0,inferred
Newport,2021-03-29,1.0,3.0,3.0,4.0,4.0,5.0,6.0,7.0,8.0,8.0,9.0,10.0,13.0,inferred
Newport,2021-03-30,1.0,2.0,3.0,3.0,3.0,4.0,5.0,5.0,6.0,7.0,7.0,9.0,12.0,inferred
Newport,2021-03-31,1.0,2.0,3.0,3.0,4.0,5.0,5.0,6.0,7.0,7.0,8.0,10.0,13.0,inferred
Newport,2021-04-01,1.0,2.0,3.0,3.0,4.0,4.0,5.0,6.0,7.0,7.0,8.0,9.0,12.0,inferred
Newport,2021-04-02,1.0,1.0,2.0,2.8,3.0,4.0,4.0,5.0,6.0,6.0,7.0,8.0,10.0,inferred
Newport,2021-04-03,0.0,1.0,1.0,2.0,2.0,3.0,3.0,4.0,5.0,5.0,5.0,7.0,9.0,inferred
Newport,2021-04-04,0.0,1.0,2.0,2.0,2.0,3.0,3.0,4.0,5.0,5.0,6.0,7.0,10.0,inferred
Newport,2021-04-05,1.0,2.0,3.0,3.0,3.0,4.0,5.0,5.0,6.0,7.0,7.0,9.0,12.0,inferred
Newport,2021-04-06,0.0,1.0,2.0,3.0,3.0,4.0,4.0,5.0,6.0,6.0,7.0,8.0,11.0,inferred
Newport,2021-04-07,1.0,2.0,3.0,3.0,4.0,4.0,5.0,6.0,7.0,7.0,8.0,9.0,12.0,inferred
Newport,2021-04-08,1.0,2.0,3.0,3.0,4.0,4.0,5.0,6.0,7.0,7.0,8.0,9.0,12.0,inferred
Newport,2021-04-09,0.0,2.0,2.0,3.0,3.0,4.0,5.0,5.0,6.0,6.0,7.0,9.0,11.0,inferred
Newport,2021-04-10,0.0,1.0,2.0,2.0,3.0,3.0,4.0,4.0,5.0,6.0,6.0,7.0,10.0,inferred
Newport,2021-04-11,0.0,1.0,2.0,2.0,3.0,3.0,4.0,5.0,5.0,6.0,6.0,8.0,11.0,inferred
Newport,2021-04-12,1.0,2.0,3.0,4.0,4.0,5.0,6.0,6.0,7.0,8.0,8.2,10.0,13.0,inferred
Newport,2021-04-13,1.0,2.0,3.0,3.0,3.0,4.0,5.0,6.0,6.3,7.0,8.0,9.0,12.0,inferred
Newport,2021-04-14,1.0,2.0,3.0,4.0,4.0,5.0,6.0,6.4,7.0,8.0,9.0,10.0,13.0,inferred
Newport,2021-04-15,1.0,2.0,3.0,4.0,4.0,5.0,6.0,6.0,7.0,8.0,9.0,10.0,14.0,inferred
Newport,2021-04-16,1.0,2.0,3.0,3.0,3.0,4.0,5.0,6.0,7.0,7.0,7.0,9.0,12.0,inferred
Newport,2021-04-17,0.0,1.0,2.0,2.0,3.0,3.0,4.0,5.0,6.0,6.0,6.0,8.0,11.0,inferred
Newport,2021-04-18,0.0,1.0,2.0,3.0,3.0,4.0,4.0,5.0,6.0,6.0,7.0,8.0,11.0,inferred
Newport,2021-04-19,1.0,3.0,4.0,4.0,4.0,5.0,6.0,7.0,8.0,8.0,9.0,11.0,14.0,inferred
Newport,2021-04-20,1.0,2.0,3.0,3.0,4.0,5.0,5.0,6.0,7.0,8.0,8.0,10.0,12.5,inferred
Newport,2021-04-21,1.0,3.0,4.0,4.0,5.0,5.0,6.0,7.0,8.0,8.0,9.0,11.0,14.0,inferred
Newport,2021-04-22,1.0,3.0,4.0,4.0,5.0,6.0,6.0,7.0,8.0,9.0,9.0,11.0,14.0,inferred
Newport,2021-04-23,1.0,2.0,3.0,4.0,4.0,5.0,5.0,6.0,7.0,8.0,8.0,10.0,13.0,inferred
Newport,2021-04-24,0.0,1.0,2.0,3.0,3.0,4.0,4.0,5.0,6.0,6.0,7.0,8.0,11.0,inferred
Newport,2021-04-25,1.0,2.0,2.0,3.0,3.0,4.0,5.0,5.0,6.0,7.0,7.0,9.0,11.0,inferred
Newport,2021-04-26,1.0,3.0,4.0,4.0,5.0,6.0,6.0,7.0,8.0,9.0,10.0,11.0,15.0,inferred
Newport,2021-04-27,1.0,3.0,4.0,4.0,4.0,5.0,6.0,7.0,8.0,8.0,9.0,10.0,13.0,inferred
Newport,2021-04-28,2.0,3.0,4.0,5.0,5.0,6.0,7.0,7.0,8.0,9.0,10.0,12.0,15.0,inferred
Newport,2021-04-29,1.0,3.0,4.0,4.0,5.0,5.0,6.0,7.0,8.0,9.0,9.0,11.0,14.5,inferred
Newport,2021-04-30,1.0,2.0,3.0,3.0,4.0,5.0,5.0,6.0,7.0,8.0,8.0,10.0,13.0,inferred
Newport,2021-05-01,0.0,1.0,2.0,3.0,3.0,4.0,4.0,5.0,6.0,6.0,7.0,8.0,11.0,inferred
Newport,2021-05-02,0.5,2.0,2.0,3.0,3.0,4.0,5.0,5.0,6.0,6.0,7.0,8.0,12.0,inferred
Newport,2021-05-03,1.0,3.0,4.0,4.0,5.0,5.0,6.0,7.0,8.0,8.2,9.0,11.0,14.0,inferred
Newport,2021-05-04,1.0,2.0,3.0,4.0,4.0,5.0,6.0,6.0,7.0,8.0,8.0,10.0,13.0,inferred
Newport,2021-05-05,1.0,3.0,4.0,4.0,5.0,6.0,6.0,7.0,8.0,9.0,9.0,12.0,14.0,inferred
Newport,2021-05-06,1.0,3.0,4.0,4.0,5.0,6.0,7.0,7.0,8.0,9.0,9.0,11.0,14.0,inferred
Newport,2021-05-07,1.0,2.0,3.0,4.0,4.0,5.0,5.0,6.0,7.0,8.0,8.0,10.0,13.0,inferred
Newport,2021-05-08,0.0,1.0,2.0,3.0,3.0,4.0,4.0,5.0,6.0,6.0,7.0,8.0,11.0,inferred
Newport,2021-05-09,1.0,1.0,2.0,3.0,3.0,4.0,4.0,5.0,6.0,6.0,7.0,9.0,11.0,inferred
Newport,2021-05-10,1.0,3.0,4.0,4.0,5.0,6.0,6.0,7.0,8.0,9.0,9.0,11.0,14.0,inferred
Newport,2021-05-11,1.0,2.0,3.0,3.0,4.0,5.0,5.0,6.0,7.0,8.0,8.0,10.0,13.0,inferred
Newport,2021-05-12,1.0,2.9,4.0,4.0,4.0,5.0,6.0,7.0,8.0,8.0,9.0,11.0,14.0,inferred
Newport,2021-05-13,1.0,2.0,3.0,4.0,4.0,5.0,6.0,6.0,7.0,8.0,9.0,10.0,13.0,inferred
Newport,2021-05-14,1.0,1.0,2.0,3.0,3.0,4.0,4.0,5.0,6.0,6.0,7.0,9.0,11.0,inferred
Newport,2021-05-15,0.0,1.0,2.0,2.0,2.0,3.0,3.0,4.0,5.0,5.0,6.0,7.0,9.0,inferred
Newport,2021-05-16,0.0,1.0,2.0,2.0,2.0,3.0,3.0,4.0,5.0,5.0,6.0,7.0,9.0,inferred
Newport,2021-05-17,0.0,1.0,2.0,3.0,3.0,4.0,4.0,5.0,6.0,6.0,7.0,8.0,12.0,inferred
Newport,2021-05-18,0.0,1.0,2.0,2.0,2.0,3.0,4.0,4.0,5.0,5.0,6.0,7.0,9.0,inferred
Newport,2021-05-19,0.0,1.0,2.0,2.0,2.0,3.0,4.0,4.0,5.0,5.0,6.0,7.0,10.0,inferred
Newport,2021-05-20,0.0,1.0,1.0,2.0,2.0,2.6,3.0,4.0,5.0,5.0,5.0,7.0,9.0,inferred
Newport,2021-05-21,0.0,0.0,1.0,1.0,1.0,2.0,2.0,3.0,4.0,4.0,4.0,6.0,8.0,inferred
Newport,2021-05-22,0.0,0.0,1.0,1.0,1.0,1.0,2.0,2.0,3.0,3.0,4.0,5.0,7.0,inferred
Newport,2021-05-23,0.0,0.0,1.0,1.0,1.0,1.0,2.0,2.0,3.0,3.0,4.0,5.0,7.0,inferred
Newport,2021-05-24,0.0,0.0,1.0,1.0,1.0,2.0,2.0,3.0,4.0,4.0,4.0,6.0,8.0,inferred
Newport,2021-05-25,0.0,0.0,1.0,1.0,1.0,2.0,2.0,3.0,3.0,3.0,4.0,5.0,7.0,inferred
Newport,2021-05-26,0.0,0.0,1.0,1.0,1.0,2.0,2.0,3.0,3.0,4.0,4.0,5.0,7.5,inferred
Newport,2021-05-27,0.0,0.0,1.0,1.0,1.0,2.0,2.0,3.0,4.0,4.0,4.0,6.0,8.0,inferred
Newport,2021-05-28,0.0,0.0,1.0,1.0,1.0,2.0,2.0,3.0,3.0,3.0,4.0,5.0,7.0,inferred
Newport,2021-05-29,0.0,0.0,0.0,1.0,1.0,1.0,2.0,2.0,2.0,3.0,3.0,4.0,6.0,inferred
Newport,2021-05-30,0.0,0.0,0.0,1.0,1.0,1.0,2.0,2.0,3.0,3.0,3.0,4.0,6.0,inferred
Newport,2021-05-31,0.0,0.0,1.0,1.0,2.0,2.0,2.0,3.0,4.0,4.0,5.0,6.0,8.0,inferred
Newport,2021-06-01,0.0,0.0,1.0,1.0,1.0,2.0,2.0,3.0,3.0,4.0,4.0,5.0,8.0,inferred
Newport,2021-06-02,0.0,1.0,1.0,1.0,2.0,2.0,3.0,3.0,4.0,4.0,5.0,6.0,9.0,inferred
Newport,2021-06-03,0.0,1.0,1.0,2.0,2.0,2.0,3.0,3.0,4.0,5.0,5.0,7.0,9.0,inferred
Newport,2021-06-04,0.0,0.0,1.0,1.0,1.0,2.0,2.0,3.0,4.0,4.0,4.0,6.0,8.0,inferred
Newport,2021-06-05,0.0,0.0,1.0,1.0,1.0,2.0,2.0,3.0,3.0,3.0,4.0,5.0,7.0,inferred
Newport,2021-06-06,0.0,0.0,1.0,1.0,1.0,2.0,2.0,3.0,3.0,4.0,4.0,5.0,7.0,inferred
Newport,2021-06-07,0.0,1.0,1.0,2.0,2.0,3.0,3.0,4.0,5.0,5.0,5.0,7.0,9.0,inferred
Newport,2021-06-08,0.0,1.0,1.0,2.0,2.0,2.0,3.0,3.0,4.0,5.0,5.0,6.0,9.0,inferred
Newport,2021-06-09,0.0,1.0,2.0,2.0,2.0,3.0,3.0,4.0,5.0,5.0,6.0,7.0,9.0,inferred
Newport,2021-06-10,0.0,1.0,2.0,2.0,2.0,3.0,3.0,4.0,5.0,5.0,6.0,7.0,9.0,inferred
Newport,2021-06-11,0.0,1.0,1.0,1.8,2.0,2.0,3.0,3.0,4.0,4.0,5.0,6.0,8.0,inferred
Newport,2021-06-12,0.0,0.0,1.0,1.0,1.0,2.0,2.0,3.0,3.0,4.0,4.0,5.0,7.0,inferred
Newport,2021-06-13,0.0,0.0,1.0,1.0,1.0,2.0,2.0,3.0,4.0,4.0,4.0,6.0,8.0,inferred
Newport,2021-06-14,0.0,1.0,2.0,2.0,2.0,3.0,4.0,4.0,5.0,5.0,6.0,8.0,10.0,inferred
Newport,2021-06-15,0.0,1.0,2.0,2.0,2.0,3.0,3.0,4.0,5.0,5.0,6.0,7.0,10.0,inferred
Newport,2021-06-16,0.0,1.0,2.0,2.0,2.0,3.0,4.0,4.0,5.0,6.0,6.0,8.0,11.0,inferred
Newport,2021-06-17,0.0,1.0,2.0,2.0,3.0,3.0,4.0,4.0,5.0,6.0,6.0,8.0,11.0,inferred
Newport,2021-06-18,0.0,1.0,1.0,2.0,2.0,3.0,3.0,4.0,5.0,5.0,6.0,7.0,9.5,inferred
North Ayrshire,2021-03-06,18.0,24.0,28.0,29.0,31.0,33.0,36.0,39.0,42.0,44.0,46.0,52.1,62.0,inferred
North Ayrshire,2021-03-07,18.0,22.0,26.0,27.0,29.0,32.0,34.0,37.0,40.0,42.0,43.0,50.0,59.0,inferred
North Ayrshire,2021-03-08,15.0,20.0,23.0,25.0,26.0,28.0,31.0,33.0,37.0,38.0,40.0,45.0,54.0,inferred
North Ayrshire,2021-03-09,19.0,23.0,27.0,29.0,31.0,33.0,35.0,38.0,41.0,42.0,45.0,49.1,58.0,inferred
North Ayrshire,2021-03-10,29.0,36.0,40.0,42.0,44.0,47.0,50.0,53.0,57.0,59.0,61.0,67.0,75.0,inferred
North Ayrshire,2021-03-11,27.0,34.0,38.0,40.0,42.0,45.0,48.0,51.0,55.0,57.0,59.0,65.0,76.0,inferred
North Ayrshire,2021-03-12,30.0,37.0,42.0,44.0,45.0,49.0,51.0,55.0,58.0,60.0,62.0,68.0,80.0,inferred
North Ayrshire,2021-03-13,28.0,35.0,40.0,42.0,44.0,47.0,50.0,53.0,56.0,59.0,61.0,67.0,76.0,inferred
North Ayrshire,2021-03-14,24.0,30.0,35.0,37.0,39.0,41.6,44.0,48.0,51.0,53.0,55.0,61.0,73.0,inferred
North Ayrshire,2021-03-15,18.0,24.0,28.0,30.0,32.0,35.0,38.0,41.0,44.0,45.0,47.0,53.0,62.0,inferred
North Ayrshire,2021-03-16,21.0,27.0,31.0,33.0,35.0,37.0,41.0,44.0,46.0,49.0,51.0,57.0,68.0,inferred
North Ayrshire,2021-03-17,30.5,38.0,43.0,45.0,47.0,51.0,54.0,57.0,60.0,62.0,65.0,72.0,82.0,inferred
North Ayrshire,2021-03-18,26.0,32.0,37.0,39.0,41.0,44.0,47.0,50.0,54.0,56.0,58.0,65.0,75.0,inferred
North Ayrshire,2021-03-19,26.0,34.0,38.0,39.0,41.0,44.0,47.0,51.0,54.0,56.0,58.0,64.0,74.0,inferred
North Ayrshire,2021-03-20,23.0,29.0,34.0,35.0,37.0,40.0,43.0,46.0,49.0,51.0,53.0,60.0,70.0,inferred
North Ayrshire,2021-03-21,17.0,23.0,26.0,28.0,29.0,32.0,35.0,38.0,41.0,43.0,45.0,50.0,59.0,inferred
North Ayrshire,2021-03-22,13.0,17.0,20.8,22.0,23.0,26.0,28.0,30.0,33.0,34.0,36.0,41.0,50.0,inferred
North Ayrshire,2021-03-23,14.0,19.0,22.0,23.8,25.0,27.0,29.0,32.0,34.0,36.0,38.0,43.0,51.0,inferred
North Ayrshire,2021-03-24,19.0,24.0,29.0,30.0,32.0,35.0,37.0,40.0,44.0,45.0,48.0,52.0,61.0,inferred
North Ayrshire,2021-03-25,17.0,22.0,26.0,27.0,29.0,31.0,34.0,37.0,40.0,41.0,43.0,49.0,57.0,inferred
North Ayrshire,2021-03-26,16.0,21.0,25.0,27.0,28.0,31.0,34.0,36.0,39.0,41.0,43.0,48.0,57.5,inferred
North Ayrshire,2021-03-27,14.0,19.0,23.0,24.0,26.0,29.0,31.0,34.0,37.0,38.0,40.0,45.0,55.0,inferred
North Ayrshire,2021-03-28,12.0,15.0,18.0,20.0,21.0,23.0,25.0,27.0,30.0,32.0,34.0,39.0,49.0,inferred
North Ayrshire,2021-03-29,7.0,11.0,14.0,15.0,16.0,18.0,20.0,22.0,24.0,25.0,27.0,31.0,39.0,inferred
North Ayrshire,2021-03-30,8.0,12.0,15.0,16.0,17.0,19.0,21.0,23.0,25.0,27.0,28.0,33.0,40.0,inferred
North Ayrshire,2021-03-31,12.0,16.0,20.0,21.0,22.0,24.0,27.0,29.0,32.0,34.0,35.0,40.0,49.0,inferred
North Ayrshire,2021-04-01,9.5,14.0,17.0,18.0,19.0,21.0,24.0,26.0,29.0,30.0,31.0,36.0,43.0,inferred
North Ayrshire,2021-04-02,10.0,13.0,17.0,18.0,19.0,21.0,23.0,25.0,28.0,29.0,31.0,35.0,44.0,inferred
North Ayrshire,2021-04-03,8.0,12.0,14.8,16.0,17.0,18.0,20.0,22.0,25.0,26.0,27.0,32.0,40.0,inferred
North Ayrshire,2021-04-04,6.0,8.0,11.0,12.0,13.0,14.0,16.0,18.0,20.0,21.0,23.0,27.0,34.0,inferred
North Ayrshire,2021-04-05,3.0,6.0,8.0,9.0,10.0,11.0,13.0,14.0,16.0,17.0,19.0,22.0,30.0,inferred
North Ayrshire,2021-04-06,4.0,7.0,8.0,9.0,10.0,12.0,14.0,15.0,17.0,18.0,19.0,23.0,29.0,inferred
North Ayrshire,2021-04-07,6.0,10.0,12.0,13.0,14.0,15.0,17.0,19.0,21.3,23.0,24.0,28.0,35.0,inferred
North Ayrshire,2021-04-08,5.0,8.0,10.0,11.0,12.0,14.0,16.0,18.0,20.0,21.0,22.0,26.0,33.0,inferred
North Ayrshire,2021-04-09,5.0,8.0,10.0,11.0,12.0,14.0,16.0,18.0,20.0,21.0,23.0,27.0,34.0,inferred
North Ayrshire,2021-04-10,5.0,8.0,10.0,11.0,12.0,13.0,15.0,16.0,18.0,20.0,21.0,25.0,31.0,inferred
North Ayrshire,2021-04-11,3.0,6.0,7.0,8.0,9.0,11.0,12.0,14.0,16.0,17.0,18.0,22.0,28.0,inferred
North Ayrshire,2021-04-12,2.0,4.0,6.0,7.0,7.0,9.0,10.0,11.0,13.0,14.0,15.0,18.0,23.5,inferred
North Ayrshire,2021-04-13,2.0,5.0,6.0,7.0,8.0,9.0,11.0,12.0,14.0,15.0,16.0,20.0,26.0,inferred
North Ayrshire,2021-04-14,4.0,7.0,9.0,10.0,11.0,13.0,15.0,17.0,19.0,20.0,21.0,26.0,33.0,inferred
North Ayrshire,2021-04-15,5.0,7.0,10.0,11.0,11.0,13.0,15.0,17.0,19.0,19.0,21.0,26.0,33.0,inferred
North Ayrshire,2021-04-16,5.0,8.0,11.0,12.0,13.0,14.0,16.0,18.0,20.0,21.0,23.0,26.1,32.0,inferred
North Ayrshire,2021-04-17,5.0,8.0,10.0,11.0,12.0,14.0,15.0,17.0,19.0,21.0,22.0,26.0,33.0,inferred
North Ayrshire,2021-04-18,4.0,7.0,9.0,10.0,11.0,12.0,14.0,16.0,18.0,19.0,21.0,25.0,30.5,inferred
North Ayrshire,2021-04-19,3.0,5.9,7.0,8.0,9.0,11.0,12.0,14.0,16.0,17.0,18.0,22.0,27.0,inferred
North Ayrshire,2021-04-20,4.0,6.0,9.0,9.0,10.0,12.0,13.0,15.0,17.0,18.0,20.0,23.0,30.0,inferred
North Ayrshire,2021-04-21,6.0,10.0,12.0,13.0,14.0,16.0,18.0,20.0,22.0,24.0,25.0,29.0,37.0,inferred
North Ayrshire,2021-04-22,5.5,8.0,11.0,12.0,13.0,15.0,17.0,19.0,21.0,22.0,24.0,28.0,36.0,inferred
North Ayrshire,2021-04-23,6.0,9.0,12.0,13.0,14.0,16.0,17.0,19.0,21.0,23.0,24.0,28.0,35.0,inferred
North Ayrshire,2021-04-24,5.0,8.0,11.0,12.0,12.0,14.0,16.0,18.0,20.0,21.0,23.0,26.0,33.0,inferred
North Ayrshire,2021-04-25,4.0,6.0,8.0,9.0,10.0,12.0,14.0,15.0,17.0,18.0,20.0,24.0,30.0,inferred
North Ayrshire,2021-04-26,2.0,5.0,6.0,7.0,8.0,9.0,11.0,12.0,14.0,15.0,16.0,19.0,26.0,inferred
North Ayrshire,2021-04-27,3.0,5.0,7.0,8.0,8.0,10.0,12.0,13.0,15.0,16.0,17.0,21.0,27.0,inferred
North Ayrshire,2021-04-28,5.0,8.0,11.0,11.0,12.0,14.0,16.0,17.0,19.3,21.0,22.0,26.0,35.0,inferred
North Ayrshire,2021-04-29,4.0,7.0,9.0,10.0,11.0,13.0,14.0,16.0,18.0,19.0,21.0,25.0,29.0,inferred
North Ayrshire,2021-04-30,4.0,7.0,9.0,10.0,11.0,13.0,15.0,16.0,18.0,20.0,21.0,24.0,29.0,inferred
North Ayrshire,2021-05-01,3.0,6.0,8.0,9.0,10.0,11.0,13.0,15.0,17.0,18.0,19.0,23.0,30.0,inferred
North Ayrshire,2021-05-02,2.0,5.0,7.0,8.0,8.0,10.0,11.0,12.0,14.0,15.0,16.0,20.0,26.0,inferred
North Ayrshire,2021-05-03,2.0,3.0,5.0,6.0,6.0,8.0,9.0,10.0,12.0,13.0,14.0,17.0,22.5,inferred
North Ayrshire,2021-05-04,2.0,4.0,6.0,6.0,7.0,8.0,9.0,11.0,12.0,13.0,14.0,18.0,23.0,inferred
North Ayrshire,2021-05-05,3.0,6.0,8.0,9.0,10.0,12.0,13.0,14.0,16.0,17.0,19.0,22.0,29.0,inferred
North Ayrshire,2021-05-06,3.0,5.0,7.0,8.0,9.0,11.0,12.0,14.0,16.0,17.0,18.0,22.0,28.0,inferred
North Ayrshire,2021-05-07,4.0,6.0,8.0,9.0,10.0,11.0,13.0,14.0,16.0,17.0,19.0,22.0,29.0,inferred
North Ayrshire,2021-05-08,3.0,5.0,8.0,8.8,9.0,11.0,13.0,14.0,16.0,17.0,19.0,22.0,28.0,inferred
North Ayrshire,2021-05-09,2.0,4.0,6.0,7.0,7.0,9.0,10.0,12.0,14.0,15.0,16.0,19.0,26.0,inferred
North Ayrshire,2021-05-10,1.0,3.0,5.0,5.0,6.0,7.0,8.0,9.0,11.0,12.0,13.0,16.0,22.0,inferred
North Ayrshire,2021-05-11,2.0,4.0,5.0,6.0,7.0,8.0,10.0,11.0,13.0,14.0,15.0,18.0,24.0,inferred
North Ayrshire,2021-05-12,4.0,6.0,8.0,9.0,10.0,12.0,13.0,15.0,17.0,18.0,19.0,23.0,28.0,inferred
North Ayrshire,2021-05-13,3.0,6.0,8.0,9.0,9.7,11.0,13.0,14.0,16.0,17.0,18.0,22.0,29.0,inferred
North Ayrshire,2021-05-14,4.0,7.0,9.0,9.0,10.0,12.0,13.0,15.0,17.0,18.0,20.0,24.0,30.0,inferred
North Ayrshire,2021-05-15,3.5,6.0,8.0,9.0,10.0,12.0,13.0,15.0,16.0,18.0,19.0,23.0,29.0,inferred
North Ayrshire,2021-05-16,3.0,5.0,7.0,8.0,8.0,10.0,11.0,13.0,15.0,16.0,17.0,20.0,27.0,inferred
North Ayrshire,2021-05-17,2.0,4.0,5.0,6.0,7.0,8.0,9.0,11.0,12.0,13.0,14.0,18.0,25.0,inferred
North Ayrshire,2021-05-18,3.0,5.0,7.0,8.0,9.0,10.0,11.0,13.0,15.0,16.0,17.0,20.0,27.0,inferred
North Ayrshire,2021-05-19,6.0,9.0,11.0,12.0,13.0,15.0,17.0,19.0,21.0,23.0,24.0,29.0,35.0,inferred
North Ayrshire,2021-05-20,7.0,10.0,12.0,13.0,15.0,16.0,18.0,20.0,22.0,23.0,25.0,29.0,36.5,inferred
North Ayrshire,2021-05-21,8.0,12.0,14.0,15.8,16.0,19.0,20.0,22.0,25.0,26.0,28.0,32.1,38.0,inferred
North Ayrshire,2021-05-22,8.0,12.0,15.0,16.0,17.0,20.0,22.0,23.0,26.0,27.2,29.0,35.0,43.0,inferred
North Ayrshire,2021-05-23,8.0,11.0,14.0,16.0,16.0,18.0,20.0,22.0,25.0,26.0,28.0,32.0,40.0,inferred
North Ayrshire,2021-05-24,6.5,10.0,12.0,13.0,14.0,16.0,18.0,20.0,23.0,24.0,26.0,30.0,37.0,inferred
North Ayrshire,2021-05-25,9.0,12.9,16.0,17.0,18.0,20.0,22.0,25.0,27.0,29.0,31.0,35.0,43.0,inferred
North Ayrshire,2021-05-26,17.0,22.0,26.0,27.0,29.0,31.0,34.0,37.0,40.0,42.0,44.0,49.0,58.0,inferred
North Ayrshire,2021-05-27,19.0,24.0,28.0,29.0,31.0,34.0,36.0,39.0,42.0,44.0,45.0,52.0,62.0,inferred
North Ayrshire,2021-05-28,23.0,29.0,34.0,36.0,37.0,40.0,43.0,46.0,49.0,51.0,54.0,60.1,71.0,inferred
North Ayrshire,2021-05-29,24.0,32.0,36.0,38.0,40.0,43.0,46.0,49.0,52.0,55.0,57.0,63.0,72.0,inferred
North Ayrshire,2021-05-30,23.0,30.0,35.0,36.0,38.0,41.0,44.0,47.0,50.0,52.0,54.0,60.0,71.0,inferred
North Ayrshire,2021-05-31,21.0,27.0,31.0,33.0,34.0,38.0,40.0,43.0,47.0,49.0,51.0,57.0,67.0,inferred
North Ayrshire,2021-06-01,27.0,34.0,38.0,40.0,42.0,45.0,48.0,51.0,55.0,56.0,59.0,65.0,74.0,inferred
North Ayrshire,2021-06-02,40.0,49.0,56.0,59.0,61.0,64.0,68.0,72.0,76.0,79.0,81.0,89.0,103.0,inferred
North Ayrshire,2021-06-03,40.0,49.0,55.0,57.0,59.0,63.0,67.0,70.0,75.0,77.0,79.0,87.0,99.0,inferred
North Ayrshire,2021-06-04,47.0,55.0,61.0,63.0,65.0,70.0,74.0,78.0,82.0,84.0,87.0,96.0,108.5,inferred
North Ayrshire,2021-06-05,45.0,54.0,60.0,62.0,65.0,69.0,72.0,76.0,81.0,83.0,85.0,94.0,105.5,inferred
North Ayrshire,2021-06-06,39.0,47.0,54.0,56.0,58.0,62.0,65.0,69.0,73.0,76.0,79.0,87.0,97.5,inferred
North Ayrshire,2021-06-07,33.0,41.0,46.0,48.0,50.0,54.0,57.0,60.0,64.3,67.0,69.0,75.0,88.0,inferred
North Ayrshire,2021-06-08,38.0,48.0,53.0,56.0,57.0,61.0,64.5,68.0,73.0,75.0,78.0,85.0,96.0,inferred
North Ayrshire,2021-06-09,60.5,70.0,77.0,79.0,82.0,87.0,91.5,96.0,101.0,104.0,108.0,116.0,128.0,inferred
North Ayrshire,2021-06-10,59.0,69.0,77.0,79.0,81.0,86.0,90.0,94.0,99.0,102.0,105.0,113.0,128.0,inferred
North Ayrshire,2021-06-11,67.5,78.0,85.0,88.0,90.0,95.0,100.0,105.0,109.0,112.0,115.0,123.1,138.0,inferred
North Ayrshire,2021-06-12,66.0,76.0,83.0,86.0,88.0,93.0,97.0,102.0,107.0,110.0,113.0,121.0,134.0,inferred
North Ayrshire,2021-06-13,57.0,66.0,74.0,77.0,80.0,84.0,88.0,92.0,97.0,99.0,102.0,111.0,123.5,inferred
North Ayrshire,2021-06-14,49.0,58.0,64.0,67.0,69.0,73.0,76.5,81.0,84.3,87.0,90.0,98.0,112.0,inferred
North Ayrshire,2021-06-15,56.0,65.0,71.0,74.0,76.0,81.0,85.0,89.0,94.3,98.0,102.0,110.0,123.0,inferred
North Ayrshire,2021-06-16,79.0,90.0,99.0,103.0,106.0,110.6,116.0,121.0,126.0,129.0,132.0,142.0,158.5,inferred
North Ayrshire,2021-06-17,73.0,84.0,92.0,95.0,97.7,103.6,109.0,114.0,119.0,122.0,125.0,136.0,151.5,inferred
North Ayrshire,2021-06-18,76.0,88.0,96.0,99.0,102.0,108.0,114.0,119.0,125.0,129.0,133.0,144.1,160.0,inferred
North Devon,2021-03-06,0.0,0.0,0.0,0.0,0.0,0.0,1.0,1.0,1.0,1.0,2.0,2.0,4.0,inferred
North Devon,2021-03-07,0.0,0.0,0.0,0.0,0.0,1.0,1.0,1.0,2.0,2.0,2.0,3.0,4.0,inferred
North Devon,2021-03-08,0.0,0.0,0.0,1.0,1.0,1.0,1.0,2.0,2.0,2.0,3.0,3.0,5.0,inferred
North Devon,2021-03-09,0.0,0.0,0.0,0.0,0.0,1.0,1.0,1.0,2.0,2.0,2.0,3.0,4.0,inferred
North Devon,2021-03-10,0.0,0.0,0.0,1.0,1.0,1.0,1.0,2.0,2.0,2.0,3.0,4.0,5.0,inferred
North Devon,2021-03-11,0.0,0.0,0.0,0.0,0.0,1.0,1.0,1.0,2.0,2.0,2.0,3.0,4.0,inferred
North Devon,2021-03-12,0.0,0.0,0.0,0.0,0.0,1.0,1.0,1.0,1.0,2.0,2.0,3.0,4.0,inferred
North Devon,2021-03-13,0.0,0.0,0.0,0.0,0.0,0.0,1.0,1.0,1.0,1.0,1.0,2.0,3.0,inferred
North Devon,2021-03-14,0.0,0.0,0.0,0.0,0.0,1.0,1.0,1.0,1.0,2.0,2.0,3.0,4.0,inferred
North Devon,2021-03-15,0.0,0.0,0.0,0.0,0.0,1.0,1.0,1.0,2.0,2.0,2.0,3.0,5.0,inferred
North Devon,2021-03-16,0.0,0.0,0.0,0.0,0.0,1.0,1.0,1.0,1.0,2.0,2.0,3.0,4.0,inferred
North Devon,2021-03-17,0.0,0.0,0.0,0.0,0.0,1.0,1.0,1.0,2.0,2.0,2.0,3.0,5.0,inferred
North Devon,2021-03-18,0.0,0.0,0.0,0.0,0.0,1.0,1.0,1.0,2.0,2.0,2.0,3.0,4.0,inferred
North Devon,2021-03-19,0.0,0.0,0.0,0.0,0.0,0.0,1.0,1.0,1.0,2.0,2.0,3.0,4.0,inferred
North Devon,2021-03-20,0.0,0.0,0.0,0.0,0.0,0.0,1.0,1.0,1.0,1.0,1.0,2.0,3.0,inferred
North Devon,2021-03-21,0.0,0.0,0.0,0.0,0.0,0.0,1.0,1.0,1.0,2.0,2.0,2.0,4.0,inferred
North Devon,2021-03-22,0.0,0.0,0.0,0.0,0.0,1.0,1.0,1.0,2.0,2.0,2.0,3.0,4.5,inferred
North Devon,2021-03-23,0.0,0.0,0.0,0.0,0.0,1.0,1.0,1.0,1.0,2.0,2.0,3.0,4.0,inferred
North Devon,2021-03-24,0.0,0.0,0.0,0.0,0.0,1.0,1.0,1.0,2.0,2.0,2.0,3.0,5.0,inferred
North Devon,2021-03-25,0.0,0.0,0.0,0.0,0.0,1.0,1.0,1.0,2.0,2.0,2.0,3.0,4.0,inferred
North Devon,2021-03-26,0.0,0.0,0.0,0.0,0.0,0.0,1.0,1.0,1.0,1.0,2.0,2.0,4.0,inferred
North Devon,2021-03-27,0.0,0.0,0.0,0.0,0.0,0.0,0.0,1.0,1.0,1.0,1.0,2.0,3.0,inferred
North Devon,2021-03-28,0.0,0.0,0.0,0.0,0.0,0.0,1.0,1.0,1.0,2.0,2.0,2.0,4.0,inferred
North Devon,2021-03-29,0.0,0.0,0.0,0.0,0.0,1.0,1.0,1.0,2.0,2.0,2.0,3.0,4.0,inferred
North Devon,2021-03-30,0.0,0.0,0.0,0.0,0.0,0.0,1.0,1.0,1.0,2.0,2.0,3.0,4.0,inferred
North Devon,2021-03-31,0.0,0.0,0.0,0.0,0.0,1.0,1.0,1.0,2.0,2.0,2.0,3.0,4.0,inferred
North Devon,2021-04-01,0.0,0.0,0.0,0.0,0.0,1.0,1.0,1.0,1.0,2.0,2.0,3.0,4.0,inferred
North Devon,2021-04-02,0.0,0.0,0.0,0.0,0.0,0.0,1.0,1.0,1.0,1.0,2.0,2.0,4.0,inferred
North Devon,2021-04-03,0.0,0.0,0.0,0.0,0.0,0.0,0.0,1.0,1.0,1.0,1.0,2.0,3.0,inferred
North Devon,2021-04-04,0.0,0.0,0.0,0.0,0.0,0.0,0.0,1.0,1.0,1.0,1.0,2.0,3.5,inferred
North Devon,2021-04-05,0.0,0.0,0.0,0.0,0.0,0.0,1.0,1.0,1.0,1.0,2.0,2.0,4.0,inferred
North Devon,2021-04-06,0.0,0.0,0.0,0.0,0.0,0.0,1.0,1.0,1.0,1.0,2.0,2.0,3.0,inferred
North Devon,2021-04-07,0.0,0.0,0.0,0.0,0.0,0.0,1.0,1.0,1.0,1.0,2.0,2.0,4.0,inferred
North Devon,2021-04-08,0.0,0.0,0.0,0.0,0.0,0.0,1.0,1.0,1.0,1.0,2.0,2.0,4.0,inferred
North Devon,2021-04-09,0.0,0.0,0.0,0.0,0.0,0.0,0.0,1.0,1.0,1.0,1.0,2.0,3.0,inferred
North Devon,2021-04-10,0.0,0.0,0.0,0.0,0.0,0.0,0.0,1.0,1.0,1.0,1.0,2.0,3.0,inferred
North Devon,2021-04-11,0.0,0.0,0.0,0.0,0.0,0.0,1.0,1.0,1.0,1.0,2.0,2.0,4.0,inferred
North Devon,2021-04-12,0.0,0.0,0.0,0.0,0.0,1.0,1.0,1.0,1.0,2.0,2.0,3.0,4.0,inferred
North Devon,2021-04-13,0.0,0.0,0.0,0.0,0.0,0.0,1.0,1.0,1.0,1.0,2.0,2.0,4.0,inferred
North Devon,2021-04-14,0.0,0.0,0.0,0.0,0.0,1.0,1.0,1.0,2.0,2.0,2.0,3.0,5.0,inferred
North Devon,2021-04-15,0.0,0.0,0.0,0.0,0.0,1.0,1.0,1.0,1.0,2.0,2.0,3.0,4.0,inferred
North Devon,2021-04-16,0.0,0.0,0.0,0.0,0.0,1.0,1.0,1.0,1.0,2.0,2.0,2.0,4.0,inferred
North Devon,2021-04-17,0.0,0.0,0.0,0.0,0.0,0.0,1.0,1.0,1.0,1.0,2.0,2.0,3.0,inferred
North Devon,2021-04-18,0.0,0.0,0.0,0.0,0.0,1.0,1.0,1.0,2.0,2.0,2.0,3.0,4.0,inferred
North Devon,2021-04-19,0.0,0.0,0.0,0.0,1.0,1.0,1.0,1.0,2.0,2.0,2.0,3.0,5.0,inferred
North Devon,2021-04-20,0.0,0.0,0.0,0.0,0.0,1.0,1.0,1.0,2.0,2.0,2.0,3.0,5.0,inferred
North Devon,2021-04-21,0.0,0.0,0.0,1.0,1.0,1.0,1.0,2.0,2.0,2.0,3.0,4.0,5.0,inferred
North Devon,2021-04-22,0.0,0.0,0.0,0.0,1.0,1.0,1.0,2.0,2.0,2.0,2.0,3.0,5.0,inferred
North Devon,2021-04-23,0.0,0.0,0.0,0.0,0.0,1.0,1.0,1.0,2.0,2.0,2.0,3.0,5.0,inferred
North Devon,2021-04-24,0.0,0.0,0.0,0.0,0.0,0.0,1.0,1.0,1.0,1.0,2.0,2.0,4.0,inferred
North Devon,2021-04-25,0.0,0.0,0.0,0.0,0.0,1.0,1.0,1.0,2.0,2.0,2.0,3.0,5.0,inferred
North Devon,2021-04-26,0.0,0.0,0.0,1.0,1.0,1.0,1.0,2.0,2.0,2.0,3.0,3.0,5.0,inferred
North Devon,2021-04-27,0.0,0.0,0.0,0.0,0.0,1.0,1.0,1.0,2.0,2.0,2.0,3.0,5.0,inferred
North Devon,2021-04-28,0.0,0.0,0.0,0.0,1.0,1.0,1.0,2.0,2.0,2.0,3.0,3.1,5.0,inferred
North Devon,2021-04-29,0.0,0.0,0.0,0.0,0.0,1.0,1.0,1.0,2.0,2.0,2.0,3.0,5.0,inferred
North Devon,2021-04-30,0.0,0.0,0.0,0.0,0.0,1.0,1.0,1.0,2.0,2.0,2.0,3.0,4.0,inferred
North Devon,2021-05-01,0.0,0.0,0.0,0.0,0.0,0.0,1.0,1.0,1.0,1.0,2.0,2.0,4.0,inferred
North Devon,2021-05-02,0.0,0.0,0.0,0.0,0.0,1.0,1.0,1.0,1.0,2.0,2.0,3.0,4.0,inferred
North Devon,2021-05-03,0.0,0.0,0.0,0.0,0.0,1.0,1.0,1.0,2.0,2.0,2.0,3.0,4.5,inferred
North Devon,2021-05-04,0.0,0.0,0.0,0.0,0.0,1.0,1.0,1.0,2.0,2.0,2.0,3.0,4.0,inferred
North Devon,2021-05-05,0.0,0.0,0.0,0.0,0.0,1.0,1.0,1.0,2.0,2.0,2.0,3.0,4.5,inferred
North Devon,2021-05-06,0.0,0.0,0.0,0.0,0.0,1.0,1.0,1.0,2.0,2.0,2.0,3.0,4.0,inferred
North Devon,2021-05-07,0.0,0.0,0.0,0.0,0.0,0.0,1.0,1.0,1.0,2.0,2.0,2.0,4.0,inferred
North Devon,2021-05-08,0.0,0.0,0.0,0.0,0.0,0.0,0.0,1.0,1.0,1.0,1.0,2.0,3.0,inferred
North Devon,2021-05-09,0.0,0.0,0.0,0.0,0.0,0.0,1.0,1.0,1.0,2.0,2.0,2.0,4.0,inferred
North Devon,2021-05-10,0.0,0.0,0.0,0.0,0.0,1.0,1.0,1.0,2.0,2.0,2.0,3.0,4.0,inferred
North Devon,2021-05-11,0.0,0.0,0.0,0.0,0.0,0.0,1.0,1.0,1.0,2.0,2.0,3.0,4.0,inferred
North Devon,2021-05-12,0.0,0.0,0.0,0.0,0.0,1.0,1.0,1.0,2.0,2.0,2.0,3.0,4.0,inferred
North Devon,2021-05-13,0.0,0.0,0.0,0.0,0.0,1.0,1.0,1.0,2.0,2.0,2.0,3.0,4.0,inferred
North Devon,2021-05-14,0.0,0.0,0.0,0.0,0.0,1.0,1.0,1.0,1.0,2.0,2.0,3.0,4.0,inferred
North Devon,2021-05-15,0.0,0.0,0.0,0.0,0.0,0.0,0.0,1.0,1.0,1.0,1.0,2.0,3.0,inferred
North Devon,2021-05-16,0.0,0.0,0.0,0.0,0.0,0.0,1.0,1.0,1.0,2.0,2.0,3.0,4.0,inferred
North Devon,2021-05-17,0.0,0.0,0.0,0.0,0.0,1.0,1.0,1.0,2.0,2.0,2.0,3.0,4.0,inferred
North Devon,2021-05-18,0.0,0.0,0.0,0.0,0.0,1.0,1.0,1.0,2.0,2.0,2.0,3.0,4.0,inferred
North Devon,2021-05-19,0.0,0.0,0.0,0.0,0.0,1.0,1.0,1.0,2.0,2.0,2.0,3.0,4.0,inferred
North Devon,2021-05-20,0.0,0.0,0.0,0.0,0.0,1.0,1.0,1.0,2.0,2.0,2.0,3.0,5.0,inferred
North Devon,2021-05-21,0.0,0.0,0.0,0.0,0.0,1.0,1.0,1.0,1.0,2.0,2.0,3.0,4.0,inferred
North Devon,2021-05-22,0.0,0.0,0.0,0.0,0.0,0.0,0.0,1.0,1.0,1.0,1.0,2.0,3.0,inferred
North Devon,2021-05-23,0.0,0.0,0.0,0.0,0.0,1.0,1.0,1.0,1.0,2.0,2.0,3.0,4.0,inferred
North Devon,2021-05-24,0.0,0.0,0.0,0.0,0.0,1.0,1.0,1.0,2.0,2.0,2.0,3.0,4.0,inferred
North Devon,2021-05-25,0.0,0.0,0.0,0.0,0.0,0.0,1.0,1.0,2.0,2.0,2.0,3.0,4.0,inferred
North Devon,2021-05-26,0.0,0.0,0.0,0.0,0.0,1.0,1.0,1.0,2.0,2.0,2.0,3.0,5.0,inferred
North Devon,2021-05-27,0.0,0.0,0.0,0.0,0.0,1.0,1.0,1.0,2.0,2.0,2.0,3.0,4.0,inferred
North Devon,2021-05-28,0.0,0.0,0.0,0.0,0.0,1.0,1.0,1.0,1.0,2.0,2.0,3.0,4.0,inferred
North Devon,2021-05-29,0.0,0.0,0.0,0.0,0.0,0.0,0.0,1.0,1.0,1.0,2.0,2.0,3.0,inferred
North Devon,2021-05-30,0.0,0.0,0.0,0.0,0.0,1.0,1.0,1.0,1.0,2.0,2.0,3.0,4.0,inferred
North Devon,2021-05-31,0.0,0.0,0.0,0.0,1.0,1.0,1.0,1.0,2.0,2.0,2.0,3.0,5.0,inferred
North Devon,2021-06-01,0.0,0.0,0.0,0.0,1.0,1.0,1.0,1.0,2.0,2.0,2.0,3.0,5.0,inferred
North Devon,2021-06-02,0.0,0.0,0.0,1.0,1.0,1.0,1.0,2.0,2.0,3.0,3.0,4.0,5.0,inferred
North Devon,2021-06-03,0.0,0.0,0.0,1.0,1.0,1.0,1.0,2.0,2.0,3.0,3.0,4.0,5.0,inferred
North Devon,2021-06-04,0.0,0.0,0.0,0.0,1.0,1.0,1.0,2.0,2.0,2.0,3.0,4.0,5.0,inferred
North Devon,2021-06-05,0.0,0.0,0.0,0.0,0.0,1.0,1.0,1.0,2.0,2.0,2.0,3.0,5.0,inferred
North Devon,2021-06-06,0.0,0.0,1.0,1.0,1.0,1.0,2.0,2.0,2.0,3.0,3.0,4.0,6.0,inferred
North Devon,2021-06-07,0.0,0.0,1.0,1.0,1.0,2.0,2.0,3.0,3.0,3.0,4.0,5.0,7.0,inferred
North Devon,2021-06-08,0.0,0.0,1.0,1.0,1.0,2.0,2.0,3.0,3.0,3.0,4.0,5.0,7.0,inferred
North Devon,2021-06-09,0.0,1.0,1.0,2.0,2.0,2.0,3.0,3.0,4.0,4.0,5.0,5.0,8.0,inferred
North Devon,2021-06-10,0.0,1.0,1.0,2.0,2.0,2.0,3.0,3.0,4.0,4.0,5.0,6.0,8.0,inferred
North Devon,2021-06-11,0.0,1.0,1.0,1.0,2.0,2.0,3.0,3.0,4.0,4.0,4.0,5.0,8.0,inferred
North Devon,2021-06-12,0.0,0.0,1.0,1.0,1.0,2.0,2.0,3.0,3.0,3.0,4.0,5.0,6.0,inferred
North Devon,2021-06-13,0.0,1.0,2.0,2.0,2.0,3.0,3.0,4.0,5.0,5.0,5.0,7.0,8.0,inferred
North Devon,2021-06-14,1.0,2.0,3.0,3.0,3.0,4.0,5.0,6.0,6.0,7.0,7.0,9.0,11.0,inferred
North Devon,2021-06-15,1.0,2.0,2.0,3.0,3.0,4.0,4.0,5.0,6.0,6.0,7.0,8.0,10.0,inferred
North Devon,2021-06-16,1.0,2.0,3.0,4.0,4.0,5.0,6.0,6.0,7.0,8.0,8.0,10.0,13.0,inferred
North Devon,2021-06-17,1.0,2.0,3.0,4.0,4.0,5.0,6.0,7.0,7.0,8.0,9.0,10.0,13.0,inferred
North Devon,2021-06-18,1.0,2.0,3.0,3.0,4.0,5.0,5.0,6.0,7.0,8.0,8.0,10.0,13.0,inferred
North East Derbyshire,2021-03-06,1.0,2.0,3.0,4.0,4.0,5.0,6.0,6.0,7.0,8.0,8.0,10.0,13.0,inferred
North East Derbyshire,2021-03-07,1.0,3.0,4.0,5.0,5.0,6.0,7.0,8.0,9.0,9.0,10.0,12.0,15.0,inferred
North East Derbyshire,2021-03-08,2.0,4.0,5.0,6.0,6.0,7.0,8.0,9.0,10.0,11.0,12.0,14.0,18.0,inferred
North East Derbyshire,2021-03-09,2.0,4.0,5.0,6.0,6.0,7.0,8.0,9.0,10.0,11.0,12.0,14.0,17.0,inferred
North East Derbyshire,2021-03-10,2.0,4.0,6.0,6.0,7.0,8.0,8.0,9.0,11.0,11.0,12.0,14.0,18.0,inferred
North East Derbyshire,2021-03-11,2.0,3.0,5.0,5.0,6.0,7.0,7.0,8.0,9.0,10.0,11.0,12.0,16.0,inferred
North East Derbyshire,2021-03-12,1.0,3.0,4.0,5.0,5.0,6.0,7.0,8.0,9.0,9.0,10.0,12.0,15.0,inferred
North East Derbyshire,2021-03-13,1.0,2.0,3.0,3.0,4.0,4.0,5.0,6.0,7.0,7.0,8.0,9.0,12.0,inferred
North East Derbyshire,2021-03-14,1.0,2.0,3.0,4.0,4.0,5.0,6.0,7.0,7.0,8.0,9.0,10.1,13.0,inferred
North East Derbyshire,2021-03-15,2.0,3.0,5.0,5.0,6.0,6.0,7.0,8.0,9.0,10.0,11.0,13.0,16.0,inferred
North East Derbyshire,2021-03-16,1.0,3.0,4.0,5.0,5.0,6.0,7.0,8.0,9.0,9.0,10.0,12.0,15.0,inferred
North East Derbyshire,2021-03-17,2.0,3.0,4.0,5.0,5.0,6.0,7.0,8.0,9.0,10.0,10.0,12.0,16.0,inferred
North East Derbyshire,2021-03-18,1.0,3.0,4.0,4.0,4.0,5.0,6.0,7.0,8.0,9.0,9.0,11.0,14.5,inferred
North East Derbyshire,2021-03-19,1.0,2.0,3.0,4.0,4.0,5.0,6.0,6.0,7.0,8.0,9.0,10.0,13.0,inferred
North East Derbyshire,2021-03-20,0.0,1.0,2.0,3.0,3.0,4.0,4.5,5.0,6.0,7.0,7.0,9.0,11.0,inferred
North East Derbyshire,2021-03-21,1.0,2.0,3.0,3.0,4.0,4.0,5.0,6.0,7.0,8.0,8.0,10.0,13.0,inferred
North East Derbyshire,2021-03-22,2.0,3.0,4.0,5.0,5.0,6.0,7.0,8.0,9.0,10.0,10.0,12.0,16.0,inferred
North East Derbyshire,2021-03-23,1.5,3.0,4.0,5.0,5.0,6.0,7.0,8.0,9.0,9.0,10.0,12.0,15.0,inferred
North East Derbyshire,2021-03-24,2.0,3.0,4.0,5.0,5.0,6.0,7.0,8.0,9.0,10.0,10.0,12.0,16.0,inferred
North East Derbyshire,2021-03-25,1.0,3.0,4.0,4.0,5.0,5.0,6.0,7.0,8.0,9.0,9.0,11.0,14.0,inferred
North East Derbyshire,2021-03-26,1.0,2.0,3.0,4.0,4.0,5.0,5.0,6.0,7.0,8.0,8.0,10.0,13.0,inferred
North East Derbyshire,2021-03-27,0.0,1.0,2.0,3.0,3.0,3.0,4.0,5.0,6.0,6.0,7.0,9.0,12.0,inferred
North East Derbyshire,2021-03-28,1.0,2.0,3.0,3.0,4.0,4.0,5.0,6.0,7.0,7.0,8.0,10.0,12.0,inferred
North East Derbyshire,2021-03-29,1.0,3.0,4.0,4.0,5.0,5.0,6.0,7.0,8.0,9.0,9.0,11.0,14.0,inferred
North East Derbyshire,2021-03-30,1.0,2.0,4.0,4.0,4.0,5.0,6.0,7.0,8.0,8.0,9.0,11.0,14.0,inferred
North East Derbyshire,2021-03-31,1.0,3.0,4.0,4.0,5.0,5.0,6.0,7.0,8.0,9.0,9.0,11.0,15.0,inferred
North East Derbyshire,2021-04-01,1.0,2.0,3.0,4.0,4.0,5.0,6.0,7.0,7.0,8.0,9.0,11.0,13.0,inferred
North East Derbyshire,2021-04-02,1.0,2.0,3.0,3.0,4.0,4.0,5.0,6.0,7.0,7.0,8.0,10.0,13.0,inferred
North East Derbyshire,2021-04-03,0.0,1.0,2.0,2.0,3.0,3.0,4.0,5.0,6.0,6.0,7.0,8.0,11.0,inferred
North East Derbyshire,2021-04-04,0.0,1.0,2.0,3.0,3.0,4.0,5.0,5.0,6.0,7.0,7.0,9.0,11.5,inferred
North East Derbyshire,2021-04-05,1.0,2.0,3.0,4.0,4.0,5.0,6.0,7.0,8.0,9.0,9.0,11.0,14.0,inferred
North East Derbyshire,2021-04-06,1.0,2.0,3.0,4.0,4.0,5.0,6.0,7.0,8.0,8.0,9.0,11.0,14.0,inferred
North East Derbyshire,2021-04-07,1.0,2.0,3.0,4.0,4.0,5.0,6.0,7.0,8.0,8.0,9.0,11.0,14.5,inferred
North East Derbyshire,2021-04-08,1.0,2.0,3.0,3.0,4.0,5.0,5.0,6.0,7.0,8.0,8.0,10.0,13.0,inferred
North East Derbyshire,2021-04-09,0.5,2.0,2.0,3.0,3.0,4.0,5.0,6.0,6.0,7.0,8.0,9.0,13.0,inferred
North East Derbyshire,2021-04-10,0.0,1.0,2.0,2.0,3.0,3.0,4.0,4.0,5.0,6.0,6.0,8.0,11.0,inferred
North East Derbyshire,2021-04-11,0.0,1.0,2.0,2.0,3.0,3.0,4.0,5.0,6.0,6.0,7.0,8.0,11.0,inferred
North East Derbyshire,2021-04-12,1.0,2.0,3.0,3.0,4.0,4.0,5.0,6.0,7.0,7.0,8.0,10.0,12.5,inferred
North East Derbyshire,2021-04-13,1.0,2.0,3.0,3.0,3.0,4.0,5.0,5.0,6.0,7.0,7.0,9.0,12.0,inferred
North East Derbyshire,2021-04-14,1.0,2.0,3.0,3.0,3.0,4.0,5.0,6.0,6.0,7.0,8.0,9.0,12.0,inferred
North East Derbyshire,2021-04-15,0.0,1.0,2.0,3.0,3.0,4.0,4.0,5.0,6.0,6.0,7.0,8.0,11.0,inferred
North East Derbyshire,2021-04-16,0.0,1.0,2.0,2.0,2.0,3.0,4.0,4.0,5.0,6.0,6.0,8.0,10.0,inferred
North East Derbyshire,2021-04-17,0.0,0.0,1.0,1.0,1.7,2.0,3.0,3.0,4.0,4.0,5.0,6.0,9.0,inferred
North East Derbyshire,2021-04-18,0.0,1.0,1.0,2.0,2.0,3.0,3.0,4.0,4.0,5.0,5.0,7.0,10.0,inferred
North East Derbyshire,2021-04-19,0.0,1.0,2.0,2.0,3.0,3.0,4.0,5.0,5.0,6.0,6.0,8.0,10.5,inferred
North East Derbyshire,2021-04-20,0.0,1.0,2.0,2.0,2.0,3.0,4.0,4.0,5.0,6.0,6.0,8.0,10.0,inferred
North East Derbyshire,2021-04-21,0.0,1.0,2.0,2.0,2.0,3.0,4.0,4.0,5.0,6.0,6.0,8.0,10.0,inferred
North East Derbyshire,2021-04-22,0.0,1.0,1.0,2.0,2.0,2.0,3.0,4.0,4.0,5.0,5.0,7.0,9.0,inferred
North East Derbyshire,2021-04-23,0.0,1.0,1.0,1.0,2.0,2.0,3.0,3.0,4.0,4.0,5.0,6.0,9.0,inferred
North East Derbyshire,2021-04-24,0.0,0.0,1.0,1.0,1.0,2.0,2.0,3.0,3.0,4.0,4.0,5.0,8.0,inferred
North East Derbyshire,2021-04-25,0.0,0.0,1.0,1.0,1.0,2.0,2.0,3.0,4.0,4.0,4.0,6.0,8.0,inferred
North East Derbyshire,2021-04-26,0.0,1.0,1.0,2.0,2.0,2.0,3.0,4.0,5.0,5.0,5.0,7.0,10.0,inferred
North East Derbyshire,2021-04-27,0.0,1.0,1.0,1.0,2.0,2.0,3.0,3.0,4.0,4.0,5.0,6.0,9.0,inferred
North East Derbyshire,2021-04-28,0.0,1.0,1.0,1.0,2.0,2.0,3.0,3.0,4.0,5.0,5.0,7.0,9.0,inferred
North East Derbyshire,2021-04-29,0.0,0.0,1.0,1.0,1.0,2.0,2.0,3.0,4.0,4.0,5.0,6.0,9.0,inferred
North East Derbyshire,2021-04-30,0.0,0.0,1.0,1.0,1.0,2.0,2.0,3.0,3.0,4.0,4.0,5.0,7.0,inferred
North East Derbyshire,2021-05-01,0.0,0.0,0.0,1.0,1.0,1.0,1.5,2.0,2.0,3.0,3.0,4.0,7.0,inferred
North East Derbyshire,2021-05-02,0.0,0.0,1.0,1.0,1.0,2.0,2.0,2.0,3.0,3.0,4.0,5.0,7.5,inferred
North East Derbyshire,2021-05-03,0.0,0.0,1.0,1.0,2.0,2.0,3.0,3.0,4.0,4.0,5.0,6.0,8.0,inferred
North East Derbyshire,2021-05-04,0.0,0.0,1.0,1.0,1.0,2.0,2.0,3.0,4.0,4.0,5.0,6.0,8.0,inferred
North East Derbyshire,2021-05-05,0.0,0.0,1.0,1.0,2.0,2.0,3.0,3.0,4.0,4.0,5.0,6.0,8.0,inferred
North East Derbyshire,2021-05-06,0.0,0.0,1.0,1.0,1.0,2.0,2.0,3.0,4.0,4.0,4.0,6.0,8.0,inferred
North East Derbyshire,2021-05-07,0.0,0.0,1.0,1.0,1.0,1.0,2.0,2.0,3.0,3.2,4.0,5.0,7.0,inferred
North East Derbyshire,2021-05-08,0.0,0.0,0.0,0.0,1.0,1.0,1.0,2.0,2.0,3.0,3.0,4.0,6.0,inferred
North East Derbyshire,2021-05-09,0.0,0.0,0.8,1.0,1.0,1.0,2.0,2.0,3.0,3.0,4.0,5.0,7.0,inferred
North East Derbyshire,2021-05-10,0.0,0.0,1.0,1.0,1.0,2.0,2.0,3.0,3.0,4.0,4.0,5.0,8.0,inferred
North East Derbyshire,2021-05-11,0.0,0.0,1.0,1.0,1.0,1.0,2.0,2.0,3.0,3.0,4.0,5.0,7.0,inferred
North East Derbyshire,2021-05-12,0.0,0.0,1.0,1.0,1.0,1.0,2.0,2.0,3.0,3.0,4.0,5.0,7.0,inferred
North East Derbyshire,2021-05-13,0.0,0.0,0.0,1.0,1.0,1.0,2.0,2.0,3.0,3.0,3.0,5.0,7.0,inferred
North East Derbyshire,2021-05-14,0.0,0.0,0.0,0.0,1.0,1.0,1.0,2.0,2.0,2.0,3.0,4.0,6.0,inferred
North East Derbyshire,2021-05-15,0.0,0.0,0.0,0.0,0.0,1.0,1.0,1.0,2.0,2.0,2.0,3.0,6.0,inferred
North East Derbyshire,2021-05-16,0.0,0.0,0.0,0.0,0.0,1.0,1.0,2.0,2.0,2.0,3.0,4.0,6.0,inferred
North East Derbyshire,2021-05-17,0.0,0.0,0.0,0.0,1.0,1.0,1.0,2.0,2.0,3.0,3.0,4.0,6.0,inferred
North East Derbyshire,2021-05-18,0.0,0.0,0.0,0.0,0.0,1.0,1.0,2.0,2.0,3.0,3.0,4.0,6.0,inferred
North East Derbyshire,2021-05-19,0.0,0.0,0.0,0.0,1.0,1.0,1.0,2.0,2.0,3.0,3.0,4.0,6.0,inferred
North East Derbyshire,2021-05-20,0.0,0.0,0.0,0.0,0.0,1.0,1.0,2.0,2.0,2.0,3.0,4.0,6.0,inferred
North East Derbyshire,2021-05-21,0.0,0.0,0.0,0.0,0.0,1.0,1.0,1.0,2.0,2.0,2.0,3.0,5.5,inferred
North East Derbyshire,2021-05-22,0.0,0.0,0.0,0.0,0.0,0.0,1.0,1.0,1.0,2.0,2.0,3.0,4.0,inferred
North East Derbyshire,2021-05-23,0.0,0.0,0.0,0.0,0.0,1.0,1.0,1.0,2.0,2.0,2.0,3.0,5.0,inferred
North East Derbyshire,2021-05-24,0.0,0.0,0.0,0.0,0.0,1.0,1.0,2.0,2.0,2.0,3.0,4.0,6.0,inferred
North East Derbyshire,2021-05-25,0.0,0.0,0.0,0.0,0.0,1.0,1.0,1.0,2.0,2.0,3.0,4.0,6.0,inferred
North East Derbyshire,2021-05-26,0.0,0.0,0.0,0.0,1.0,1.0,1.0,2.0,2.0,3.0,3.0,4.0,6.0,inferred
North East Derbyshire,2021-05-27,0.0,0.0,0.0,0.0,1.0,1.0,1.0,2.0,2.0,2.0,3.0,4.0,6.0,inferred
North East Derbyshire,2021-05-28,0.0,0.0,0.0,0.0,0.0,1.0,1.0,2.0,2.0,2.0,3.0,4.0,6.0,inferred
North East Derbyshire,2021-05-29,0.0,0.0,0.0,0.0,0.0,1.0,1.0,1.0,2.0,2.0,2.0,3.0,5.0,inferred
North East Derbyshire,2021-05-30,0.0,0.0,0.0,0.0,0.0,1.0,1.0,2.0,2.0,2.0,3.0,4.0,6.0,inferred
North East Derbyshire,2021-05-31,0.0,0.0,1.0,1.0,1.0,1.0,2.0,2.0,3.0,3.0,4.0,5.0,7.0,inferred
North East Derbyshire,2021-06-01,0.0,0.0,1.0,1.0,1.0,1.0,2.0,2.0,3.0,3.0,4.0,5.0,7.0,inferred
North East Derbyshire,2021-06-02,0.0,0.0,1.0,1.0,1.0,2.0,2.0,3.0,3.0,4.0,4.0,6.0,8.0,inferred
North East Derbyshire,2021-06-03,0.0,0.0,1.0,1.0,1.0,2.0,2.0,3.0,3.0,4.0,4.0,5.1,8.0,inferred
North East Derbyshire,2021-06-04,0.0,0.0,1.0,1.0,1.0,2.0,2.0,3.0,4.0,4.0,5.0,6.0,8.0,inferred
North East Derbyshire,2021-06-05,0.0,0.0,1.0,1.0,1.0,2.0,2.0,2.0,3.0,3.0,4.0,5.0,7.5,inferred
North East Derbyshire,2021-06-06,0.0,0.0,1.0,1.0,1.0,2.0,3.0,3.0,4.0,4.0,5.0,6.0,8.0,inferred
North East Derbyshire,2021-06-07,0.0,1.0,2.0,2.0,2.0,3.0,4.0,4.0,5.0,5.0,6.0,7.0,10.0,inferred
North East Derbyshire,2021-06-08,0.0,1.0,2.0,2.0,2.0,3.0,4.0,4.0,5.0,6.0,6.0,7.0,10.0,inferred
North East Derbyshire,2021-06-09,0.0,1.0,2.0,2.0,3.0,3.0,4.0,5.0,5.0,6.0,6.0,8.0,11.0,inferred
North East Derbyshire,2021-06-10,0.0,1.0,2.0,2.0,2.0,3.0,4.0,4.0,5.0,6.0,6.0,8.0,10.0,inferred
North East Derbyshire,2021-06-11,0.0,1.0,2.0,2.0,2.7,3.0,4.0,4.0,5.0,5.0,6.0,7.0,10.0,inferred
North East Derbyshire,2021-06-12,0.0,1.0,1.0,2.0,2.0,2.0,3.0,4.0,4.0,5.0,5.0,7.0,9.5,inferred
North East Derbyshire,2021-06-13,0.0,1.0,2.0,2.0,3.0,3.0,4.0,5.0,5.0,6.0,7.0,8.0,11.0,inferred
North East Derbyshire,2021-06-14,1.0,2.0,3.0,3.0,4.0,5.0,5.0,6.0,7.0,8.0,8.0,10.0,13.0,inferred
North East Derbyshire,2021-06-15,1.0,2.0,3.0,4.0,4.0,5.0,6.0,6.0,7.0,8.0,9.0,11.0,13.0,inferred
North East Derbyshire,2021-06-16,1.0,3.0,4.0,4.0,5.0,6.0,7.0,8.0,9.0,9.0,10.0,12.0,15.0,inferred
North East Derbyshire,2021-06-17,1.0,3.0,4.0,4.0,5.0,6.0,7.0,7.0,8.0,9.0,10.0,12.0,15.0,inferred
North East Derbyshire,2021-06-18,1.0,3.0,4.0,4.0,5.0,5.0,6.0,7.0,8.0,9.0,10.0,12.0,15.0,inferred
North East Lincolnshire,2021-03-06,9.0,13.0,16.0,17.0,18.0,20.0,22.0,24.0,26.0,27.0,29.0,32.0,38.0,inferred
North East Lincolnshire,2021-03-07,14.0,18.0,21.0,22.0,23.0,25.0,27.0,28.0,30.0,32.0,33.0,37.0,45.0,inferred
North East Lincolnshire,2021-03-08,21.0,25.0,29.0,30.0,31.0,34.0,36.0,39.0,42.0,43.0,45.0,50.0,57.0,inferred
North East Lincolnshire,2021-03-09,20.0,25.0,28.0,29.0,31.0,33.0,35.0,37.0,40.0,41.0,43.0,47.0,55.0,inferred
North East Lincolnshire,2021-03-10,20.0,25.0,29.0,30.0,31.0,33.0,36.0,38.0,40.0,41.0,43.0,47.0,54.0,inferred
North East Lincolnshire,2021-03-11,17.0,22.0,25.0,26.0,27.0,29.0,31.0,34.0,36.0,37.0,39.0,43.0,51.0,inferred
North East Lincolnshire,2021-03-12,15.0,18.0,21.0,22.0,24.0,26.0,28.0,30.0,32.0,34.0,35.0,38.0,45.0,inferred
North East Lincolnshire,2021-03-13,10.0,14.0,16.0,17.0,18.0,20.0,22.0,24.0,26.0,27.0,28.0,31.0,37.0,inferred
North East Lincolnshire,2021-03-14,11.0,14.0,17.0,18.0,19.0,21.0,23.0,25.0,27.0,28.0,30.0,34.0,40.0,inferred
North East Lincolnshire,2021-03-15,14.0,19.0,22.0,23.0,24.0,26.0,28.0,30.0,33.0,34.0,36.0,40.0,48.0,inferred
North East Lincolnshire,2021-03-16,12.0,16.0,20.0,21.0,22.0,24.0,26.0,28.0,30.0,31.0,33.0,37.0,45.0,inferred
North East Lincolnshire,2021-03-17,12.5,17.0,20.0,21.0,22.0,24.0,26.0,28.0,30.0,32.0,33.0,37.0,44.0,inferred
North East Lincolnshire,2021-03-18,11.0,15.0,18.0,19.0,20.0,22.0,23.0,26.0,28.0,29.0,30.0,34.0,41.0,inferred
North East Lincolnshire,2021-03-19,9.0,13.0,16.0,17.0,17.0,19.0,21.0,22.4,25.0,26.0,27.0,30.0,36.0,inferred
North East Lincolnshire,2021-03-20,6.0,10.0,12.0,13.0,13.0,15.0,17.0,18.0,20.0,21.0,22.0,26.0,31.0,inferred
North East Lincolnshire,2021-03-21,8.0,11.0,13.0,14.0,15.0,16.0,18.0,20.0,22.0,23.0,24.0,27.0,34.0,inferred
North East Lincolnshire,2021-03-22,11.0,14.9,17.0,19.0,20.0,21.0,23.0,25.0,27.0,29.0,30.0,34.0,41.0,inferred
North East Lincolnshire,2021-03-23,10.0,13.0,16.0,17.0,18.0,19.0,21.0,23.0,25.0,26.0,27.0,31.0,38.0,inferred
North East Lincolnshire,2021-03-24,10.0,13.0,16.0,17.0,18.0,19.6,21.0,23.0,25.0,26.0,28.0,31.0,37.0,inferred
North East Lincolnshire,2021-03-25,8.0,11.0,14.0,15.0,16.0,18.0,19.0,21.0,23.0,24.0,26.0,29.0,34.0,inferred
North East Lincolnshire,2021-03-26,6.5,9.0,12.0,12.0,13.0,15.0,17.0,18.0,20.0,21.0,23.0,26.0,31.0,inferred
North East Lincolnshire,2021-03-27,4.0,7.0,9.0,10.0,10.0,12.0,13.0,15.0,16.0,17.0,18.0,21.0,26.0,inferred
North East Lincolnshire,2021-03-28,5.0,8.0,10.0,11.0,11.0,13.0,14.0,16.0,18.0,18.0,20.0,23.0,29.0,inferred
North East Lincolnshire,2021-03-29,7.0,10.9,13.0,14.0,15.0,16.0,18.0,19.0,21.0,22.0,23.0,27.0,33.0,inferred
North East Lincolnshire,2021-03-30,6.0,9.0,11.0,12.0,13.0,15.0,16.0,18.0,19.0,20.0,22.0,25.0,31.0,inferred
North East Lincolnshire,2021-03-31,6.0,9.0,11.0,12.0,13.0,14.0,16.0,17.0,19.0,20.0,21.0,24.0,30.0,inferred
North East Lincolnshire,2021-04-01,5.0,7.0,9.0,10.0,11.0,12.0,14.0,15.0,17.0,18.0,19.0,22.0,26.0,inferred
North East Lincolnshire,2021-04-02,4.0,6.0,8.0,8.0,9.0,10.0,12.0,13.0,14.0,15.0,16.0,19.0,24.0,inferred
North East Lincolnshire,2021-04-03,2.0,4.0,6.0,6.0,7.0,8.0,9.0,10.0,12.0,12.0,13.0,16.0,20.0,inferred
North East Lincolnshire,2021-04-04,2.0,4.0,6.0,7.0,7.0,8.0,9.0,11.0,12.0,13.0,14.0,16.0,21.0,inferred
North East Lincolnshire,2021-04-05,4.0,6.0,8.0,8.0,9.0,10.0,11.0,13.0,14.0,15.0,16.0,19.0,24.5,inferred
North East Lincolnshire,2021-04-06,3.0,5.0,6.0,7.0,8.0,9.0,10.0,12.0,13.0,14.0,15.0,18.0,23.0,inferred
North East Lincolnshire,2021-04-07,3.0,5.0,6.0,7.0,8.0,9.0,10.0,11.0,13.0,14.0,15.0,17.0,22.0,inferred
North East Lincolnshire,2021-04-08,2.0,4.0,5.0,6.0,7.0,8.0,9.0,10.0,11.0,12.0,13.0,16.0,19.0,inferred
North East Lincolnshire,2021-04-09,2.0,3.0,4.0,5.0,5.7,7.0,8.0,9.0,10.0,10.0,11.0,14.0,18.0,inferred
North East Lincolnshire,2021-04-10,1.0,2.0,3.0,4.0,4.0,5.0,6.0,7.0,8.0,9.0,10.0,12.0,16.0,inferred
North East Lincolnshire,2021-04-11,1.0,2.0,3.0,4.0,4.0,5.0,6.0,7.0,8.0,9.0,9.0,12.0,16.0,inferred
North East Lincolnshire,2021-04-12,1.0,3.0,4.0,5.0,5.0,6.0,7.0,8.0,10.0,11.0,11.0,14.0,19.0,inferred
North East Lincolnshire,2021-04-13,1.0,2.0,4.0,4.0,4.0,5.0,6.0,8.0,9.0,9.0,10.0,13.0,16.0,inferred
North East Lincolnshire,2021-04-14,1.0,2.0,4.0,4.0,4.0,5.0,6.0,7.0,8.0,9.0,10.0,12.0,16.0,inferred
North East Lincolnshire,2021-04-15,1.0,2.0,3.0,3.0,4.0,4.0,5.0,6.0,7.0,8.0,9.0,11.0,14.0,inferred
North East Lincolnshire,2021-04-16,0.0,1.0,2.0,3.0,3.0,4.0,4.0,5.0,6.0,7.0,8.0,9.0,13.0,inferred
North East Lincolnshire,2021-04-17,0.0,1.0,1.0,2.0,2.0,3.0,3.0,4.0,5.0,6.0,6.0,8.0,11.0,inferred
North East Lincolnshire,2021-04-18,0.0,1.0,1.0,2.0,2.0,3.0,4.0,4.0,5.0,6.0,6.0,8.0,12.0,inferred
North East Lincolnshire,2021-04-19,0.0,1.0,2.0,3.0,3.0,4.0,4.0,5.0,6.0,7.0,8.0,10.0,13.0,inferred
North East Lincolnshire,2021-04-20,0.0,1.0,2.0,2.0,3.0,3.0,4.0,5.0,6.0,6.0,7.0,9.0,13.0,inferred
North East Lincolnshire,2021-04-21,0.0,1.0,2.0,2.0,3.0,3.0,4.0,5.0,6.0,6.0,7.0,9.1,13.0,inferred
North East Lincolnshire,2021-04-22,0.0,1.0,1.0,2.0,2.0,3.0,4.0,4.0,5.0,6.0,6.0,8.0,12.0,inferred
North East Lincolnshire,2021-04-23,0.0,0.0,1.0,1.0,2.0,2.0,3.0,4.0,4.0,5.0,6.0,7.0,11.0,inferred
North East Lincolnshire,2021-04-24,0.0,0.0,1.0,1.0,1.0,2.0,2.0,3.0,4.0,4.0,5.0,6.0,9.0,inferred
North East Lincolnshire,2021-04-25,0.0,0.0,1.0,1.0,1.0,2.0,2.0,3.0,4.0,4.0,5.0,6.0,10.0,inferred
North East Lincolnshire,2021-04-26,0.0,1.0,1.0,2.0,2.0,3.0,3.0,4.0,5.0,6.0,6.0,8.0,12.0,inferred
North East Lincolnshire,2021-04-27,0.0,0.0,1.0,1.0,2.0,2.0,3.0,4.0,5.0,5.0,6.0,8.0,11.0,inferred
North East Lincolnshire,2021-04-28,0.0,0.9,1.0,1.0,2.0,2.0,3.0,4.0,5.0,5.0,6.0,7.0,11.0,inferred
North East Lincolnshire,2021-04-29,0.0,0.0,1.0,1.0,2.0,2.0,3.0,3.0,4.0,5.0,5.0,7.0,11.0,inferred
North East Lincolnshire,2021-04-30,0.0,0.0,1.0,1.0,1.0,2.0,3.0,3.0,4.0,4.2,5.0,7.0,9.0,inferred
North East Lincolnshire,2021-05-01,0.0,0.0,0.0,1.0,1.0,1.0,2.0,3.0,3.0,4.0,4.0,6.0,9.0,inferred
North East Lincolnshire,2021-05-02,0.0,0.0,1.0,1.0,1.0,2.0,2.0,3.0,3.0,4.0,4.0,6.0,9.0,inferred
North East Lincolnshire,2021-05-03,0.0,0.0,1.0,1.0,2.0,2.0,3.0,3.0,4.0,5.0,5.0,7.0,10.0,inferred
North East Lincolnshire,2021-05-04,0.0,0.0,1.0,1.0,1.0,2.0,3.0,3.0,4.0,5.0,5.0,7.0,10.0,inferred
North East Lincolnshire,2021-05-05,0.0,0.0,1.0,1.0,2.0,2.0,3.0,3.0,4.0,5.0,5.0,7.0,10.0,inferred
North East Lincolnshire,2021-05-06,0.0,0.0,1.0,1.0,2.0,2.0,3.0,3.0,4.0,5.0,5.0,7.0,10.0,inferred
North East Lincolnshire,2021-05-07,0.0,0.0,1.0,1.0,1.0,2.0,2.0,3.0,4.0,4.0,5.0,6.0,10.0,inferred
North East Lincolnshire,2021-05-08,0.0,0.0,0.0,1.0,1.0,1.0,2.0,2.0,3.0,3.2,4.0,6.0,9.0,inferred
North East Lincolnshire,2021-05-09,0.0,0.0,1.0,1.0,1.0,1.0,2.0,3.0,3.0,4.0,4.0,6.0,10.0,inferred
North East Lincolnshire,2021-05-10,0.0,0.0,1.0,1.0,2.0,2.0,3.0,3.0,4.0,5.0,6.0,7.0,11.0,inferred
North East Lincolnshire,2021-05-11,0.0,0.0,1.0,1.0,1.0,2.0,3.0,3.0,4.0,4.0,5.0,7.0,10.0,inferred
North East Lincolnshire,2021-05-12,0.0,0.0,1.0,1.0,2.0,2.0,3.0,4.0,5.0,5.0,5.0,7.0,10.5,inferred
North East Lincolnshire,2021-05-13,0.0,0.0,1.0,1.0,1.0,2.0,3.0,3.0,4.0,5.0,5.0,7.0,10.0,inferred
North East Lincolnshire,2021-05-14,0.0,0.0,1.0,1.0,1.0,2.0,2.0,3.0,4.0,4.0,5.0,7.0,10.0,inferred
North East Lincolnshire,2021-05-15,0.0,0.0,0.0,1.0,1.0,1.0,2.0,2.0,3.0,3.0,4.0,5.0,8.0,inferred
North East Lincolnshire,2021-05-16,0.0,0.0,1.0,1.0,1.0,1.0,2.0,3.0,3.0,4.0,4.0,6.0,9.0,inferred
North East Lincolnshire,2021-05-17,0.0,0.0,1.0,1.0,2.0,2.0,3.0,3.0,4.0,5.0,5.0,7.0,10.0,inferred
North East Lincolnshire,2021-05-18,0.0,0.0,1.0,1.0,1.0,2.0,3.0,3.0,4.0,5.0,5.0,7.0,10.0,inferred
North East Lincolnshire,2021-05-19,0.0,0.0,1.0,1.0,2.0,2.0,3.0,4.0,5.0,5.0,6.0,8.0,11.0,inferred
North East Lincolnshire,2021-05-20,0.0,0.0,1.0,1.0,2.0,2.0,3.0,4.0,4.0,5.0,5.0,7.0,10.0,inferred
North East Lincolnshire,2021-05-21,0.0,0.0,1.0,1.0,1.0,2.0,3.0,3.0,4.0,5.0,5.0,7.0,10.0,inferred
North East Lincolnshire,2021-05-22,0.0,0.0,1.0,1.0,1.0,2.0,2.0,3.0,4.0,4.0,5.0,6.0,9.0,inferred
North East Lincolnshire,2021-05-23,0.0,0.0,1.0,1.0,1.0,2.0,2.0,3.0,4.0,4.0,5.0,7.0,10.0,inferred
North East Lincolnshire,2021-05-24,0.0,1.0,1.0,2.0,2.0,3.0,4.0,4.0,5.0,6.0,7.0,9.0,12.5,inferred
North East Lincolnshire,2021-05-25,0.0,1.0,1.0,2.0,2.0,3.0,4.0,4.0,5.0,6.0,6.0,8.0,12.0,inferred
North East Lincolnshire,2021-05-26,0.0,1.0,2.0,2.0,2.0,3.0,4.0,5.0,6.0,6.0,7.0,9.0,12.0,inferred
North East Lincolnshire,2021-05-27,0.0,1.0,2.0,2.0,3.0,3.0,4.0,5.0,6.0,6.0,7.0,9.0,13.0,inferred
North East Lincolnshire,2021-05-28,0.0,1.0,2.0,2.0,3.0,3.0,4.0,5.0,6.0,6.0,7.0,9.0,12.0,inferred
North East Lincolnshire,2021-05-29,0.0,1.0,2.0,2.0,2.0,3.0,4.0,4.0,5.0,6.0,7.0,8.0,11.0,inferred
North East Lincolnshire,2021-05-30,0.0,1.0,2.0,3.0,3.0,4.0,5.0,6.0,7.0,7.0,8.0,10.0,14.0,inferred
North East Lincolnshire,2021-05-31,1.0,3.0,4.0,5.0,5.0,6.0,7.0,8.0,9.0,10.0,11.0,13.0,18.0,inferred
North East Lincolnshire,2021-06-01,1.0,3.0,4.0,5.0,5.0,7.0,8.0,9.0,10.0,11.0,12.0,14.0,19.0,inferred
North East Lincolnshire,2021-06-02,2.0,4.0,6.0,6.0,7.0,8.0,9.0,11.0,12.0,13.0,14.0,17.0,21.0,inferred
North East Lincolnshire,2021-06-03,3.0,5.0,6.0,7.0,7.0,9.0,10.0,11.0,13.0,13.0,14.0,17.0,22.0,inferred
North East Lincolnshire,2021-06-04,3.0,5.0,7.0,7.0,8.0,9.0,10.0,12.0,13.0,14.0,15.0,17.0,22.0,inferred
North East Lincolnshire,2021-06-05,2.0,4.0,6.0,7.0,7.0,8.0,10.0,11.0,12.0,13.0,14.0,17.0,22.0,inferred
North East Lincolnshire,2021-06-06,4.0,6.0,8.0,9.0,10.0,11.0,12.0,14.0,16.0,16.0,17.0,20.0,26.0,inferred
North East Lincolnshire,2021-06-07,7.0,10.0,13.0,14.0,14.0,16.0,18.0,20.0,21.3,23.0,24.0,27.0,33.0,inferred
North East Lincolnshire,2021-06-08,8.0,11.0,13.0,14.0,16.0,17.0,19.0,21.0,23.0,24.0,25.0,29.0,37.0,inferred
North East Lincolnshire,2021-06-09,10.0,13.9,16.0,17.0,18.0,20.0,22.0,24.0,26.0,27.0,28.0,32.0,38.5,inferred
North East Lincolnshire,2021-06-10,10.0,14.0,16.0,18.0,19.0,20.0,22.0,24.0,26.0,27.0,29.0,32.0,38.0,inferred
North East Lincolnshire,2021-06-11,10.5,14.0,17.0,18.0,19.0,20.0,22.0,24.0,26.0,28.0,29.0,34.0,40.0,inferred
North East Lincolnshire,2021-06-12,9.0,12.0,15.0,16.0,16.0,18.0,20.0,22.0,24.0,25.0,27.0,30.0,37.0,inferred
North East Lincolnshire,2021-06-13,12.0,16.0,19.0,20.0,21.0,23.0,25.0,27.0,29.0,30.0,31.0,35.0,42.0,inferred
North East Lincolnshire,2021-06-14,18.0,24.0,27.0,29.0,30.0,33.0,35.0,37.4,40.0,42.0,43.0,48.0,56.0,inferred
North East Lincolnshire,2021-06-15,20.0,24.0,28.0,29.0,31.0,33.0,36.0,38.0,41.0,42.0,44.0,49.0,57.0,inferred
North East Lincolnshire,2021-06-16,23.0,29.0,33.0,35.0,36.0,38.0,41.0,44.0,46.0,48.0,50.0,54.0,63.0,inferred
North East Lincolnshire,2021-06-17,23.0,28.0,32.0,34.0,36.0,38.0,41.0,44.0,47.0,48.0,51.0,55.0,65.0,inferred
North East Lincolnshire,2021-06-18,22.5,28.0,32.0,34.0,36.0,38.0,41.0,44.0,47.0,48.0,50.0,55.0,65.0,inferred
North Hertfordshire,2021-03-06,0.0,1.0,1.0,2.0,2.0,2.0,3.0,4.0,4.0,5.0,5.0,7.0,10.0,inferred
North Hertfordshire,2021-03-07,0.0,1.0,2.0,2.0,2.0,3.0,4.0,5.0,5.0,6.0,7.0,8.0,11.0,inferred
North Hertfordshire,2021-03-08,0.0,2.0,3.0,3.0,3.0,4.0,5.0,6.0,7.0,7.0,8.0,10.0,13.0,inferred
North Hertfordshire,2021-03-09,1.0,2.0,3.0,3.0,3.0,4.0,5.0,6.0,7.0,7.0,8.0,10.0,13.0,inferred
North Hertfordshire,2021-03-10,1.0,2.0,3.0,3.0,4.0,5.0,6.0,7.0,7.3,8.0,9.0,10.0,14.0,inferred
North Hertfordshire,2021-03-11,1.0,2.0,3.0,3.0,4.0,5.0,5.0,6.0,7.3,8.0,9.0,11.0,15.0,inferred
North Hertfordshire,2021-03-12,1.0,2.0,3.0,3.0,3.0,4.0,5.0,6.0,7.0,7.0,8.0,10.0,13.0,inferred
North Hertfordshire,2021-03-13,0.0,1.0,2.0,2.0,3.0,4.0,4.0,5.0,6.0,7.0,7.0,9.0,13.0,inferred
North Hertfordshire,2021-03-14,1.0,2.0,3.0,3.0,4.0,4.0,5.0,6.0,7.0,8.0,8.0,10.0,14.0,inferred
North Hertfordshire,2021-03-15,1.0,3.0,4.0,4.0,5.0,6.0,7.0,8.0,9.0,9.0,10.0,12.0,16.0,inferred
North Hertfordshire,2021-03-16,1.0,3.0,4.0,4.0,5.0,6.0,7.0,8.0,9.0,9.0,10.0,12.0,16.0,inferred
North Hertfordshire,2021-03-17,1.0,3.0,4.0,5.0,5.0,6.0,7.0,8.0,9.0,10.0,11.0,13.0,16.0,inferred
North Hertfordshire,2021-03-18,1.0,3.0,4.0,4.0,5.0,6.0,7.0,8.0,9.0,9.0,10.0,12.0,16.0,inferred
North Hertfordshire,2021-03-19,1.0,2.0,3.0,4.0,4.0,5.0,6.0,7.0,8.0,9.0,9.0,11.0,15.0,inferred
North Hertfordshire,2021-03-20,1.0,2.0,3.0,3.0,3.0,4.0,5.0,6.0,7.0,7.0,8.0,9.0,12.0,inferred
North Hertfordshire,2021-03-21,1.0,2.0,3.0,4.0,4.0,5.0,6.0,7.0,8.0,9.0,9.0,11.0,15.0,inferred
North Hertfordshire,2021-03-22,2.0,3.0,5.0,5.0,6.0,6.0,7.0,9.0,10.0,11.0,11.0,14.0,17.0,inferred
North Hertfordshire,2021-03-23,1.0,3.0,4.0,5.0,5.0,6.0,7.0,8.0,9.0,10.0,10.0,12.0,16.0,inferred
North Hertfordshire,2021-03-24,1.0,3.0,4.0,5.0,5.0,6.0,7.0,8.0,9.0,10.0,11.0,13.0,18.0,inferred
North Hertfordshire,2021-03-25,1.0,2.0,4.0,4.0,4.7,5.0,6.0,7.0,8.0,9.0,9.0,11.0,15.0,inferred
North Hertfordshire,2021-03-26,1.0,2.0,3.0,3.0,4.0,4.0,5.0,6.0,7.0,8.0,8.0,10.0,14.0,inferred
North Hertfordshire,2021-03-27,0.0,1.0,2.0,2.0,3.0,3.0,4.0,5.0,6.0,6.0,7.0,8.0,11.0,inferred
North Hertfordshire,2021-03-28,0.0,1.0,2.0,3.0,3.0,4.0,4.0,5.0,6.0,6.0,7.0,9.0,12.0,inferred
North Hertfordshire,2021-03-29,0.0,2.0,3.0,3.0,4.0,4.0,5.0,6.0,7.0,7.0,8.0,10.0,13.0,inferred
North Hertfordshire,2021-03-30,0.0,1.0,2.0,3.0,3.0,4.0,4.0,5.0,6.0,7.0,7.0,9.0,12.0,inferred
North Hertfordshire,2021-03-31,0.0,1.0,2.0,3.0,3.0,4.0,5.0,5.0,6.0,7.0,8.0,9.0,12.0,inferred
North Hertfordshire,2021-04-01,0.0,1.0,2.0,2.0,3.0,3.0,4.0,5.0,6.0,6.0,7.0,8.0,12.0,inferred
North Hertfordshire,2021-04-02,0.0,1.0,1.0,2.0,2.0,3.0,3.0,4.0,5.0,5.0,6.0,7.0,10.0,inferred
North Hertfordshire,2021-04-03,0.0,0.0,1.0,1.0,1.0,2.0,2.0,3.0,4.0,4.0,5.0,6.0,8.0,inferred
North Hertfordshire,2021-04-04,0.0,0.0,1.0,1.0,2.0,2.0,3.0,3.0,4.0,5.0,5.0,7.0,10.0,inferred
North Hertfordshire,2021-04-05,0.0,1.0,1.0,2.0,2.0,3.0,3.0,4.0,5.0,5.0,6.0,7.0,10.0,inferred
North Hertfordshire,2021-04-06,0.0,0.0,1.0,1.0,2.0,2.0,3.0,4.0,4.0,5.0,6.0,7.0,10.0,inferred
North Hertfordshire,2021-04-07,0.0,1.0,1.0,2.0,2.0,2.0,3.0,4.0,4.0,5.0,5.0,7.0,10.0,inferred
North Hertfordshire,2021-04-08,0.0,0.0,1.0,1.0,2.0,2.0,3.0,3.0,4.0,4.0,5.0,6.1,9.0,inferred
North Hertfordshire,2021-04-09,0.0,0.0,1.0,1.0,1.0,2.0,2.0,3.0,4.0,4.0,5.0,6.0,9.0,inferred
North Hertfordshire,2021-04-10,0.0,0.0,0.0,1.0,1.0,1.0,2.0,2.0,3.0,3.0,4.0,5.0,7.0,inferred
North Hertfordshire,2021-04-11,0.0,0.0,1.0,1.0,1.0,1.0,2.0,3.0,3.0,4.0,4.0,6.0,8.0,inferred
North Hertfordshire,2021-04-12,0.0,0.0,1.0,1.0,1.0,2.0,2.0,3.0,4.0,4.0,5.0,6.0,8.0,inferred
North Hertfordshire,2021-04-13,0.0,0.0,1.0,1.0,1.0,2.0,2.0,3.0,4.0,4.0,4.0,6.0,9.0,inferred
North Hertfordshire,2021-04-14,0.0,0.0,1.0,1.0,1.0,2.0,2.0,3.0,4.0,4.0,5.0,6.0,9.0,inferred
North Hertfordshire,2021-04-15,0.0,0.0,1.0,1.0,1.0,2.0,2.0,3.0,3.0,4.0,4.0,6.0,8.0,inferred
North Hertfordshire,2021-04-16,0.0,0.0,1.0,1.0,1.0,1.0,2.0,3.0,3.0,4.0,4.0,5.0,8.0,inferred
North Hertfordshire,2021-04-17,0.0,0.0,0.0,1.0,1.0,1.0,2.0,2.0,3.0,3.0,4.0,5.0,7.0,inferred
North Hertfordshire,2021-04-18,0.0,0.0,0.0,1.0,1.0,1.0,2.0,2.0,3.0,4.0,4.0,6.0,8.0,inferred
North Hertfordshire,2021-04-19,0.0,0.0,1.0,1.0,1.0,2.0,2.0,3.0,4.0,4.0,5.0,6.0,8.0,inferred
North Hertfordshire,2021-04-20,0.0,0.0,1.0,1.0,1.0,2.0,2.0,3.0,4.0,4.0,5.0,6.0,8.5,inferred
North Hertfordshire,2021-04-21,0.0,0.0,1.0,1.0,1.0,2.0,2.0,3.0,4.0,4.0,5.0,6.0,9.0,inferred
North Hertfordshire,2021-04-22,0.0,0.0,1.0,1.0,1.0,2.0,2.0,3.0,3.0,4.0,4.0,6.0,8.0,inferred
North Hertfordshire,2021-04-23,0.0,0.0,0.0,1.0,1.0,1.0,2.0,2.0,3.0,3.0,4.0,5.0,8.0,inferred
North Hertfordshire,2021-04-24,0.0,0.0,0.0,1.0,1.0,1.0,2.0,2.0,3.0,3.0,3.0,5.0,7.0,inferred
North Hertfordshire,2021-04-25,0.0,0.0,0.0,1.0,1.0,1.0,2.0,2.0,3.0,3.0,3.0,5.0,7.0,inferred
North Hertfordshire,2021-04-26,0.0,0.0,1.0,1.0,1.0,2.0,2.0,3.0,3.0,4.0,4.0,6.0,8.0,inferred
North Hertfordshire,2021-04-27,0.0,0.0,1.0,1.0,1.0,1.0,2.0,3.0,3.0,4.0,4.0,5.0,8.0,inferred
North Hertfordshire,2021-04-28,0.0,0.0,1.0,1.0,1.0,2.0,2.0,3.0,3.0,4.0,4.0,5.1,8.0,inferred
North Hertfordshire,2021-04-29,0.0,0.0,0.0,1.0,1.0,1.0,2.0,2.0,3.0,3.0,4.0,5.0,7.5,inferred
North Hertfordshire,2021-04-30,0.0,0.0,0.0,1.0,1.0,1.0,1.5,2.0,3.0,3.0,3.0,5.0,7.0,inferred
North Hertfordshire,2021-05-01,0.0,0.0,0.0,0.0,0.0,1.0,1.0,1.0,2.0,2.0,3.0,4.0,6.0,inferred
North Hertfordshire,2021-05-02,0.0,0.0,0.0,0.0,1.0,1.0,1.0,2.0,2.0,3.0,3.0,4.0,6.0,inferred
North Hertfordshire,2021-05-03,0.0,0.0,0.0,1.0,1.0,1.0,2.0,2.0,3.0,3.0,4.0,5.0,8.0,inferred
North Hertfordshire,2021-05-04,0.0,0.0,0.0,0.0,1.0,1.0,1.0,2.0,2.0,3.0,3.0,5.0,7.0,inferred
North Hertfordshire,2021-05-05,0.0,0.0,0.0,1.0,1.0,1.0,2.0,2.0,3.0,3.0,4.0,5.0,7.0,inferred
North Hertfordshire,2021-05-06,0.0,0.0,0.0,0.0,1.0,1.0,1.0,2.0,2.0,3.0,3.0,4.0,7.0,inferred
North Hertfordshire,2021-05-07,0.0,0.0,0.0,0.0,1.0,1.0,1.0,2.0,2.0,3.0,3.0,4.0,6.0,inferred
North Hertfordshire,2021-05-08,0.0,0.0,0.0,0.0,0.0,1.0,1.0,1.0,2.0,2.0,2.0,3.0,6.0,inferred
North Hertfordshire,2021-05-09,0.0,0.0,0.0,0.0,0.0,1.0,1.0,1.0,2.0,2.0,3.0,4.0,6.0,inferred
North Hertfordshire,2021-05-10,0.0,0.0,0.0,0.0,1.0,1.0,1.0,2.0,2.0,3.0,3.0,5.0,7.0,inferred
North Hertfordshire,2021-05-11,0.0,0.0,0.0,0.0,1.0,1.0,1.0,2.0,2.0,3.0,3.0,4.0,6.0,inferred
North Hertfordshire,2021-05-12,0.0,0.0,0.0,0.0,1.0,1.0,1.0,2.0,2.0,3.0,3.0,5.0,7.0,inferred
North Hertfordshire,2021-05-13,0.0,0.0,0.0,0.0,1.0,1.0,1.0,2.0,2.0,3.0,3.0,4.0,6.0,inferred
North Hertfordshire,2021-05-14,0.0,0.0,0.0,0.0,0.0,1.0,1.0,1.0,2.0,2.0,3.0,4.0,6.0,inferred
North Hertfordshire,2021-05-15,0.0,0.0,0.0,0.0,0.0,1.0,1.0,1.0,2.0,2.0,2.0,4.0,5.0,inferred
North Hertfordshire,2021-05-16,0.0,0.0,0.0,0.0,0.0,1.0,1.0,2.0,2.0,2.0,3.0,4.0,7.0,inferred
North Hertfordshire,2021-05-17,0.0,0.0,0.0,0.0,1.0,1.0,1.0,2.0,3.0,3.0,3.0,4.0,7.0,inferred
North Hertfordshire,2021-05-18,0.0,0.0,0.0,0.0,1.0,1.0,1.0,2.0,3.0,3.0,4.0,5.0,8.0,inferred
North Hertfordshire,2021-05-19,0.0,0.0,0.0,1.0,1.0,1.0,2.0,2.0,3.0,3.0,4.0,5.0,7.0,inferred
North Hertfordshire,2021-05-20,0.0,0.0,0.0,0.0,1.0,1.0,2.0,2.0,3.0,3.0,3.0,5.0,7.0,inferred
North Hertfordshire,2021-05-21,0.0,0.0,0.0,0.0,1.0,1.0,1.0,2.0,2.0,3.0,3.0,4.0,7.0,inferred
North Hertfordshire,2021-05-22,0.0,0.0,0.0,0.0,0.0,1.0,1.0,2.0,2.0,3.0,3.0,4.0,7.0,inferred
North Hertfordshire,2021-05-23,0.0,0.0,0.0,1.0,1.0,1.0,2.0,2.0,3.0,3.0,4.0,5.0,7.0,inferred
North Hertfordshire,2021-05-24,0.0,0.0,1.0,1.0,1.0,2.0,2.0,3.0,4.0,4.0,5.0,6.0,9.0,inferred
North Hertfordshire,2021-05-25,0.0,0.0,1.0,1.0,1.0,2.0,2.0,3.0,4.0,4.0,5.0,6.0,9.0,inferred
North Hertfordshire,2021-05-26,0.0,0.0,1.0,1.0,2.0,2.0,3.0,3.0,4.0,5.0,5.0,7.0,10.0,inferred
North Hertfordshire,2021-05-27,0.0,0.0,1.0,1.0,2.0,2.0,3.0,3.0,4.0,5.0,5.0,7.0,9.0,inferred
North Hertfordshire,2021-05-28,0.0,0.0,1.0,1.0,2.0,2.0,3.0,3.0,4.0,4.0,5.0,7.0,9.0,inferred
North Hertfordshire,2021-05-29,0.0,0.0,1.0,1.0,1.0,2.0,2.0,3.0,3.0,4.0,4.0,6.0,9.0,inferred
North Hertfordshire,2021-05-30,0.0,1.0,1.0,2.0,2.0,2.0,3.0,4.0,4.0,5.0,5.0,7.0,10.0,inferred
North Hertfordshire,2021-05-31,0.0,1.0,2.0,2.0,3.0,3.0,4.0,5.0,6.0,7.0,7.0,9.0,12.0,inferred
North Hertfordshire,2021-06-01,0.0,1.0,2.0,3.0,3.0,4.0,4.0,5.0,6.0,7.0,7.0,9.0,13.0,inferred
North Hertfordshire,2021-06-02,0.0,2.0,3.0,3.0,3.0,4.0,5.0,6.0,7.0,7.0,8.0,10.0,13.0,inferred
North Hertfordshire,2021-06-03,1.0,2.0,3.0,3.0,4.0,4.0,5.0,6.0,7.0,7.0,8.0,10.0,13.0,inferred
North Hertfordshire,2021-06-04,0.0,1.0,2.0,3.0,3.0,4.0,5.0,5.0,6.0,7.0,7.0,9.0,12.0,inferred
North Hertfordshire,2021-06-05,0.0,1.0,2.0,2.0,2.7,3.0,4.0,5.0,5.0,6.0,7.0,8.0,11.0,inferred
North Hertfordshire,2021-06-06,1.0,2.0,3.0,3.0,4.0,4.0,5.0,6.0,7.0,7.2,8.0,10.0,14.0,inferred
North Hertfordshire,2021-06-07,1.0,3.0,4.0,4.0,5.0,6.0,7.0,8.0,9.0,10.0,11.0,13.0,17.0,inferred
North Hertfordshire,2021-06-08,1.5,3.0,4.0,5.0,5.0,6.0,7.0,8.0,9.0,10.0,10.0,13.0,16.0,inferred
North Hertfordshire,2021-06-09,2.0,3.0,5.0,5.0,6.0,7.0,8.0,9.0,10.0,11.0,12.0,14.0,18.0,inferred
North Hertfordshire,2021-06-10,2.0,3.0,5.0,5.0,6.0,7.0,8.0,9.0,10.0,11.0,11.0,14.0,17.0,inferred
North Hertfordshire,2021-06-11,2.0,3.0,4.0,5.0,5.0,6.0,7.0,8.0,9.0,10.0,11.0,13.0,17.0,inferred
North Hertfordshire,2021-06-12,1.0,2.0,3.0,4.0,4.0,5.0,6.0,7.0,8.0,9.0,9.0,11.0,15.0,inferred
North Hertfordshire,2021-06-13,2.0,3.0,4.0,5.0,6.0,7.0,8.0,9.0,10.0,11.0,11.0,13.0,17.0,inferred
North Hertfordshire,2021-06-14,3.0,5.0,7.0,7.0,8.0,9.0,10.0,11.0,13.0,14.0,14.0,17.0,20.0,inferred
North Hertfordshire,2021-06-15,3.0,5.0,7.0,8.0,8.0,9.0,11.0,12.0,13.0,14.0,15.0,17.0,22.0,inferred
North Hertfordshire,2021-06-16,4.0,6.0,8.0,9.0,9.0,11.0,12.0,13.0,15.0,16.0,17.0,19.0,23.0,inferred
North Hertfordshire,2021-06-17,4.0,6.0,8.0,9.0,9.0,10.0,11.0,13.0,15.0,15.0,16.0,19.0,23.5,inferred
North Hertfordshire,2021-06-18,3.0,6.0,7.0,8.0,8.7,10.0,11.0,12.0,14.0,15.0,16.0,18.0,23.0,inferred
North Kesteven,2021-03-06,1.0,3.0,4.0,4.0,5.0,5.0,6.0,6.0,7.0,8.0,8.0,10.0,12.0,inferred
North Kesteven,2021-03-07,2.0,4.0,5.0,5.0,6.0,7.0,7.0,8.0,9.0,10.0,10.0,12.0,14.0,inferred
North Kesteven,2021-03-08,4.0,6.0,7.0,8.0,8.0,9.0,10.0,11.0,12.0,12.0,13.0,14.0,17.0,inferred
North Kesteven,2021-03-09,4.0,6.0,7.0,7.0,8.0,9.0,10.0,10.0,11.0,12.0,13.0,14.0,17.0,inferred
North Kesteven,2021-03-10,4.0,6.0,7.0,8.0,8.0,9.0,10.0,11.0,12.0,12.0,13.0,15.0,18.0,inferred
North Kesteven,2021-03-11,3.0,5.0,6.0,6.0,7.0,8.0,9.0,10.0,11.0,11.0,12.0,13.0,16.0,inferred
North Kesteven,2021-03-12,3.0,4.0,5.0,6.0,6.0,7.0,8.0,9.0,10.0,10.0,11.0,12.0,15.0,inferred
North Kesteven,2021-03-13,2.0,3.0,4.0,4.0,5.0,5.0,6.0,7.0,8.0,8.0,9.0,10.0,12.0,inferred
North Kesteven,2021-03-14,2.0,4.0,5.0,5.0,5.0,6.0,7.0,8.0,9.0,9.0,10.0,11.0,14.0,inferred
North Kesteven,2021-03-15,3.0,5.0,6.0,7.0,7.0,8.0,9.0,10.0,10.0,11.0,12.0,13.0,16.0,inferred
North Kesteven,2021-03-16,3.0,5.0,6.0,6.0,6.7,7.0,8.0,9.0,10.0,11.0,11.0,13.0,15.0,inferred
North Kesteven,2021-03-17,3.0,4.0,6.0,6.0,7.0,7.0,8.0,9.0,10.0,11.0,12.0,13.0,16.0,inferred
North Kesteven,2021-03-18,2.0,4.0,5.0,5.0,6.0,7.0,8.0,8.0,9.0,10.0,10.0,12.0,15.0,inferred
North Kesteven,2021-03-19,2.0,3.0,4.0,5.0,5.0,6.0,7.0,7.0,8.0,9.0,9.0,11.0,14.0,inferred
North Kesteven,2021-03-20,1.0,2.0,3.0,4.0,4.0,5.0,5.0,6.0,7.0,7.0,8.0,9.0,11.0,inferred
North Kesteven,2021-03-21,2.0,3.0,4.0,4.0,5.0,6.0,6.0,7.0,8.0,8.0,9.0,10.0,13.0,inferred
North Kesteven,2021-03-22,2.0,4.0,5.0,6.0,6.0,7.0,8.0,9.0,9.0,10.0,11.0,12.0,16.0,inferred
North Kesteven,2021-03-23,2.0,4.0,5.0,5.0,6.0,6.0,7.0,8.0,9.0,9.2,10.0,12.0,14.0,inferred
North Kesteven,2021-03-24,2.0,4.0,5.0,5.0,6.0,7.0,7.0,8.0,9.0,10.0,10.0,12.0,14.0,inferred
North Kesteven,2021-03-25,1.0,3.0,4.0,4.0,4.7,5.0,6.0,7.0,8.0,8.0,9.0,10.0,13.0,inferred
North Kesteven,2021-03-26,1.0,2.0,3.0,3.0,4.0,5.0,5.0,6.0,7.0,7.0,8.0,9.0,12.0,inferred
North Kesteven,2021-03-27,0.0,1.0,2.0,2.0,3.0,3.0,4.0,4.0,5.0,5.0,6.0,7.0,9.0,inferred
North Kesteven,2021-03-28,1.0,2.0,2.0,3.0,3.0,4.0,4.0,5.0,6.0,6.0,7.0,8.0,10.0,inferred
North Kesteven,2021-03-29,1.0,2.0,3.0,4.0,4.0,5.0,5.0,6.0,7.0,7.0,8.0,9.0,12.0,inferred
North Kesteven,2021-03-30,1.0,2.0,3.0,3.0,3.0,4.0,5.0,5.0,6.0,6.0,7.0,8.0,11.0,inferred
North Kesteven,2021-03-31,1.0,2.0,3.0,3.0,3.0,4.0,5.0,5.0,6.0,6.0,7.0,8.0,10.0,inferred
North Kesteven,2021-04-01,0.0,1.0,2.0,2.0,3.0,3.0,4.0,4.0,5.0,5.0,6.0,7.0,9.0,inferred
North Kesteven,2021-04-02,0.0,1.0,2.0,2.0,2.0,3.0,3.0,4.0,4.0,5.0,5.0,6.0,8.0,inferred
North Kesteven,2021-04-03,0.0,0.0,1.0,1.0,1.0,2.0,2.0,3.0,3.0,4.0,4.0,5.0,7.0,inferred
North Kesteven,2021-04-04,0.0,1.0,1.0,1.0,2.0,2.0,3.0,3.0,4.0,4.0,4.0,5.0,7.0,inferred
North Kesteven,2021-04-05,0.0,1.0,2.0,2.0,2.0,3.0,3.0,4.0,4.0,5.0,5.0,6.0,8.0,inferred
North Kesteven,2021-04-06,0.0,1.0,1.0,2.0,2.0,2.0,3.0,3.0,4.0,4.0,5.0,6.0,8.0,inferred
North Kesteven,2021-04-07,0.0,1.0,1.0,2.0,2.0,3.0,3.0,4.0,4.0,5.0,5.0,6.0,8.0,inferred
North Kesteven,2021-04-08,0.0,1.0,1.0,1.0,2.0,2.0,2.0,3.0,4.0,4.0,4.0,5.0,7.0,inferred
North Kesteven,2021-04-09,0.0,0.0,1.0,1.0,1.0,2.0,2.0,3.0,3.0,3.0,4.0,5.0,7.0,inferred
North Kesteven,2021-04-10,0.0,0.0,1.0,1.0,1.0,1.0,2.0,2.0,2.0,3.0,3.0,4.0,5.0,inferred
North Kesteven,2021-04-11,0.0,0.0,1.0,1.0,1.0,1.0,2.0,2.0,3.0,3.0,3.0,4.0,6.0,inferred
North Kesteven,2021-04-12,0.0,0.0,1.0,1.0,2.0,2.0,2.0,3.0,3.0,4.0,4.0,5.0,7.0,inferred
North Kesteven,2021-04-13,0.0,0.0,1.0,1.0,1.0,2.0,2.0,3.0,3.0,3.0,4.0,5.0,7.0,inferred
North Kesteven,2021-04-14,0.0,1.0,1.0,1.0,1.0,2.0,2.0,3.0,3.0,4.0,4.0,5.0,7.0,inferred
North Kesteven,2021-04-15,0.0,0.0,1.0,1.0,1.0,2.0,2.0,3.0,3.0,4.0,4.0,5.0,7.0,inferred
North Kesteven,2021-04-16,0.0,0.0,1.0,1.0,1.0,2.0,2.0,3.0,3.0,3.0,4.0,5.0,6.0,inferred
North Kesteven,2021-04-17,0.0,0.0,1.0,1.0,1.0,1.0,2.0,2.0,2.0,3.0,3.0,4.0,5.5,inferred
North Kesteven,2021-04-18,0.0,0.0,1.0,1.0,1.0,2.0,2.0,2.0,3.0,3.0,4.0,5.0,7.0,inferred
North Kesteven,2021-04-19,0.0,1.0,1.0,2.0,2.0,2.0,3.0,3.0,4.0,4.0,5.0,6.0,8.0,inferred
North Kesteven,2021-04-20,0.0,1.0,1.0,2.0,2.0,2.0,3.0,3.0,4.0,4.0,5.0,6.0,8.0,inferred
North Kesteven,2021-04-21,0.0,1.0,2.0,2.0,2.0,3.0,3.0,4.0,4.0,5.0,5.0,6.0,8.0,inferred
North Kesteven,2021-04-22,0.0,1.0,1.0,2.0,2.0,2.0,3.0,3.0,4.0,4.0,5.0,6.0,8.0,inferred
North Kesteven,2021-04-23,0.0,1.0,1.0,1.0,2.0,2.0,3.0,3.0,4.0,4.0,4.0,6.0,7.0,inferred
North Kesteven,2021-04-24,0.0,0.0,1.0,1.0,1.0,2.0,2.0,3.0,3.0,3.0,4.0,4.0,6.0,inferred
North Kesteven,2021-04-25,0.0,0.0,1.0,1.0,1.0,2.0,2.0,3.0,3.0,4.0,4.0,5.0,7.0,inferred
North Kesteven,2021-04-26,0.0,1.0,2.0,2.0,2.0,3.0,3.0,4.0,4.0,5.0,5.0,6.0,8.0,inferred
North Kesteven,2021-04-27,0.0,1.0,2.0,2.0,2.0,2.0,3.0,3.0,4.0,4.0,5.0,6.0,8.0,inferred
North Kesteven,2021-04-28,0.0,1.0,2.0,2.0,2.0,3.0,3.0,4.0,4.0,5.0,5.0,6.0,8.0,inferred
North Kesteven,2021-04-29,0.0,1.0,1.0,2.0,2.0,2.0,3.0,3.0,4.0,4.0,5.0,6.0,7.0,inferred
North Kesteven,2021-04-30,0.0,1.0,1.0,1.0,1.0,2.0,2.0,3.0,3.0,4.0,4.0,5.0,7.0,inferred
North Kesteven,2021-05-01,0.0,0.0,1.0,1.0,1.0,1.0,2.0,2.0,3.0,3.0,3.0,4.0,6.0,inferred
North Kesteven,2021-05-02,0.0,0.0,1.0,1.0,1.0,2.0,2.0,3.0,3.0,3.2,4.0,5.0,6.0,inferred
North Kesteven,2021-05-03,0.0,1.0,1.0,2.0,2.0,2.0,3.0,3.0,4.0,4.0,5.0,6.0,7.0,inferred
North Kesteven,2021-05-04,0.0,1.0,1.0,2.0,2.0,2.0,3.0,3.0,4.0,4.0,5.0,6.0,7.0,inferred
North Kesteven,2021-05-05,0.0,1.0,1.0,2.0,2.0,2.0,3.0,3.0,4.0,4.0,5.0,6.0,8.0,inferred
North Kesteven,2021-05-06,0.0,1.0,1.0,1.0,2.0,2.0,2.0,3.0,3.0,4.0,4.0,5.0,7.0,inferred
North Kesteven,2021-05-07,0.0,0.0,1.0,1.0,1.0,2.0,2.0,3.0,3.0,3.0,4.0,5.0,6.0,inferred
North Kesteven,2021-05-08,0.0,0.0,1.0,1.0,1.0,1.0,2.0,2.0,2.0,3.0,3.0,4.0,5.0,inferred
North Kesteven,2021-05-09,0.0,0.0,1.0,1.0,1.0,1.0,2.0,2.0,3.0,3.0,3.0,4.0,6.0,inferred
North Kesteven,2021-05-10,0.0,0.0,1.0,1.0,1.0,2.0,2.0,3.0,3.0,3.0,4.0,5.0,7.0,inferred
North Kesteven,2021-05-11,0.0,0.0,1.0,1.0,1.0,2.0,2.0,2.0,3.0,3.0,4.0,5.0,6.0,inferred
North Kesteven,2021-05-12,0.0,0.0,1.0,1.0,1.0,2.0,2.0,2.0,3.0,3.0,4.0,5.0,6.0,inferred
North Kesteven,2021-05-13,0.0,0.0,1.0,1.0,1.0,1.0,2.0,2.0,2.0,3.0,3.0,4.0,6.0,inferred
North Kesteven,2021-05-14,0.0,0.0,0.0,1.0,1.0,1.0,1.0,2.0,2.0,3.0,3.0,4.0,5.0,inferred
North Kesteven,2021-05-15,0.0,0.0,0.0,0.0,0.0,1.0,1.0,1.0,2.0,2.0,2.0,3.0,5.0,inferred
North Kesteven,2021-05-16,0.0,0.0,0.0,0.0,1.0,1.0,1.0,2.0,2.0,2.0,3.0,3.0,5.0,inferred
North Kesteven,2021-05-17,0.0,0.0,1.0,1.0,1.0,1.0,2.0,2.0,3.0,3.0,3.0,4.0,6.0,inferred
North Kesteven,2021-05-18,0.0,0.0,1.0,1.0,1.0,1.0,2.0,2.0,2.0,3.0,3.0,4.0,6.0,inferred
North Kesteven,2021-05-19,0.0,0.0,1.0,1.0,1.0,1.0,2.0,2.0,3.0,3.0,3.0,4.0,6.0,inferred
North Kesteven,2021-05-20,0.0,0.0,0.0,1.0,1.0,1.0,1.0,2.0,2.0,2.0,3.0,4.0,5.0,inferred
North Kesteven,2021-05-21,0.0,0.0,0.0,1.0,1.0,1.0,1.0,2.0,2.0,2.0,3.0,4.0,5.0,inferred
North Kesteven,2021-05-22,0.0,0.0,0.0,0.0,0.0,1.0,1.0,1.0,2.0,2.0,2.0,3.0,4.0,inferred
North Kesteven,2021-05-23,0.0,0.0,0.0,0.0,1.0,1.0,1.0,1.0,2.0,2.0,2.0,3.0,5.0,inferred
North Kesteven,2021-05-24,0.0,0.0,0.8,1.0,1.0,1.0,1.0,2.0,2.0,3.0,3.0,4.0,5.0,inferred
North Kesteven,2021-05-25,0.0,0.0,0.0,1.0,1.0,1.0,1.0,2.0,2.0,2.0,3.0,4.0,5.0,inferred
North Kesteven,2021-05-26,0.0,0.0,0.0,1.0,1.0,1.0,2.0,2.0,2.0,3.0,3.0,4.0,5.0,inferred
North Kesteven,2021-05-27,0.0,0.0,0.0,0.0,1.0,1.0,1.0,2.0,2.0,2.0,3.0,4.0,5.0,inferred
North Kesteven,2021-05-28,0.0,0.0,0.0,1.0,1.0,1.0,1.0,2.0,2.0,2.0,3.0,4.0,5.0,inferred
North Kesteven,2021-05-29,0.0,0.0,0.0,0.0,0.0,1.0,1.0,1.0,2.0,2.0,2.0,3.0,4.0,inferred
North Kesteven,2021-05-30,0.0,0.0,0.0,0.0,1.0,1.0,1.0,2.0,2.0,2.0,3.0,3.0,5.0,inferred
North Kesteven,2021-05-31,0.0,0.0,1.0,1.0,1.0,1.0,2.0,2.0,3.0,3.0,3.0,4.0,6.0,inferred
North Kesteven,2021-06-01,0.0,0.0,1.0,1.0,1.0,1.0,2.0,2.0,3.0,3.0,3.0,4.0,6.0,inferred
North Kesteven,2021-06-02,0.0,0.0,1.0,1.0,1.0,2.0,2.0,3.0,3.0,3.0,4.0,5.0,6.0,inferred
North Kesteven,2021-06-03,0.0,0.0,1.0,1.0,1.0,2.0,2.0,3.0,3.0,4.0,4.0,5.0,7.0,inferred
North Kesteven,2021-06-04,0.0,0.0,1.0,1.0,1.0,2.0,2.0,3.0,3.0,3.0,4.0,5.0,7.0,inferred
North Kesteven,2021-06-05,0.0,0.0,1.0,1.0,1.0,1.0,2.0,2.0,3.0,3.0,3.0,4.0,6.0,inferred
North Kesteven,2021-06-06,0.0,0.0,1.0,1.0,1.0,2.0,2.0,3.0,3.0,4.0,4.0,5.0,7.0,inferred
North Kesteven,2021-06-07,0.0,1.0,2.0,2.0,2.0,3.0,3.0,4.0,4.0,5.0,5.0,6.0,8.0,inferred
North Kesteven,2021-06-08,0.0,1.0,2.0,2.0,2.0,3.0,3.0,4.0,4.0,5.0,5.0,6.0,8.0,inferred
North Kesteven,2021-06-09,0.0,1.0,2.0,2.0,2.0,3.0,3.0,4.0,5.0,5.0,5.0,7.0,9.0,inferred
North Kesteven,2021-06-10,0.0,1.0,2.0,2.0,2.0,3.0,3.0,4.0,5.0,5.0,5.0,7.0,9.0,inferred
North Kesteven,2021-06-11,0.0,1.0,2.0,2.0,2.0,3.0,3.0,4.0,4.0,5.0,5.0,6.0,8.5,inferred
North Kesteven,2021-06-12,0.0,1.0,1.0,2.0,2.0,2.0,3.0,4.0,4.0,4.0,5.0,6.0,8.0,inferred
North Kesteven,2021-06-13,0.0,1.0,2.0,2.0,2.7,3.0,4.0,4.0,5.0,5.0,6.0,7.0,9.0,inferred
North Kesteven,2021-06-14,1.0,2.0,3.0,3.0,4.0,4.0,5.0,6.0,6.0,7.0,7.0,9.0,11.0,inferred
North Kesteven,2021-06-15,1.0,2.0,3.0,4.0,4.0,5.0,5.0,6.0,7.0,7.0,8.0,9.0,12.0,inferred
North Kesteven,2021-06-16,1.0,2.9,4.0,4.0,4.0,5.0,6.0,7.0,7.0,8.0,8.0,10.0,12.0,inferred
North Kesteven,2021-06-17,1.0,2.0,3.0,4.0,4.0,5.0,6.0,6.0,7.0,8.0,8.0,10.0,12.0,inferred
North Kesteven,2021-06-18,1.0,2.0,3.0,4.0,4.0,5.0,5.0,6.0,7.0,7.2,8.0,10.0,13.0,inferred
North Lanarkshire,2021-03-06,62.0,73.0,82.0,84.0,87.7,93.0,98.0,103.0,109.0,111.0,115.0,126.0,143.5,inferred
North Lanarkshire,2021-03-07,52.0,62.0,70.0,73.0,75.0,80.0,85.0,89.0,94.0,97.0,101.0,109.0,125.0,inferred
North Lanarkshire,2021-03-08,43.0,51.0,57.0,60.0,63.0,68.0,72.0,77.0,81.0,83.2,86.0,94.0,106.0,inferred
North Lanarkshire,2021-03-09,48.0,57.0,64.0,67.0,69.0,73.0,78.0,83.0,88.0,90.2,94.0,104.0,119.5,inferred
North Lanarkshire,2021-03-10,70.0,82.0,90.0,93.0,97.0,102.0,107.5,113.0,119.0,123.0,126.2,137.0,154.0,inferred
North Lanarkshire,2021-03-11,68.0,79.0,87.0,90.0,93.0,98.0,103.0,108.0,113.0,116.0,120.0,130.1,145.0,inferred
North Lanarkshire,2021-03-12,71.0,84.0,92.0,95.0,98.0,104.0,108.0,114.0,120.0,124.0,127.2,138.0,155.0,inferred
North Lanarkshire,2021-03-13,67.0,79.0,86.0,90.0,92.0,97.0,102.0,107.0,113.0,116.0,119.0,129.0,144.5,inferred
North Lanarkshire,2021-03-14,55.0,65.0,73.0,77.0,79.0,85.0,89.0,94.0,100.0,103.0,106.0,116.0,133.5,inferred
North Lanarkshire,2021-03-15,44.0,52.0,60.0,62.0,65.0,69.0,73.0,78.0,83.0,86.0,89.0,99.0,113.0,inferred
North Lanarkshire,2021-03-16,49.0,60.0,67.0,70.0,72.0,77.0,82.0,87.0,92.0,95.0,98.0,108.0,122.5,inferred
North Lanarkshire,2021-03-17,72.0,85.0,93.0,97.0,100.0,106.0,111.0,116.0,123.0,126.0,131.0,141.0,161.0,inferred
North Lanarkshire,2021-03-18,69.0,80.0,87.8,90.0,94.0,99.0,104.0,110.0,116.0,120.0,124.0,134.0,151.5,inferred
North Lanarkshire,2021-03-19,74.0,86.0,93.0,96.0,99.0,104.0,110.0,116.4,122.0,125.0,129.0,138.0,156.5,inferred
North Lanarkshire,2021-03-20,67.0,80.0,88.0,91.0,94.0,100.0,105.0,110.0,116.3,119.0,123.0,134.0,149.5,inferred
North Lanarkshire,2021-03-21,57.5,68.0,77.0,80.0,83.0,89.0,93.0,98.0,103.0,106.0,111.0,120.0,134.0,inferred
North Lanarkshire,2021-03-22,45.5,55.0,62.0,65.0,68.0,73.0,77.0,82.0,87.0,90.0,93.0,101.0,114.0,inferred
North Lanarkshire,2021-03-23,50.0,61.0,68.0,71.0,74.0,79.0,84.0,89.0,94.0,97.2,101.2,110.0,123.0,inferred
North Lanarkshire,2021-03-24,70.0,84.0,93.0,96.0,98.0,105.0,110.0,116.0,122.0,125.0,129.0,139.0,155.5,inferred
North Lanarkshire,2021-03-25,65.0,77.0,85.0,88.0,91.0,96.0,101.0,106.0,112.0,115.0,119.0,128.0,144.0,inferred
North Lanarkshire,2021-03-26,66.0,79.0,88.0,91.0,94.0,99.0,104.0,110.0,116.0,119.0,123.0,133.0,148.5,inferred
North Lanarkshire,2021-03-27,62.0,73.0,80.0,82.0,85.0,90.0,95.0,100.4,106.0,109.0,112.0,122.0,140.0,inferred
North Lanarkshire,2021-03-28,48.0,58.0,66.0,68.0,71.0,76.0,81.0,87.0,91.0,94.0,98.0,107.1,120.5,inferred
North Lanarkshire,2021-03-29,35.0,45.0,52.0,55.0,57.0,62.0,66.0,70.0,75.0,77.0,80.0,88.0,102.5,inferred
North Lanarkshire,2021-03-30,40.5,49.0,55.0,57.0,59.0,64.0,69.0,73.0,79.0,82.0,85.0,94.0,109.0,inferred
North Lanarkshire,2021-03-31,53.0,63.9,72.0,75.0,77.7,83.0,88.0,92.0,98.0,101.0,105.0,115.0,130.0,inferred
North Lanarkshire,2021-04-01,47.0,57.0,63.0,66.0,68.0,73.0,77.0,82.0,87.0,90.0,93.0,103.0,117.0,inferred
North Lanarkshire,2021-04-02,45.0,55.0,63.0,66.0,68.0,72.0,76.0,81.0,86.0,89.0,92.0,102.0,119.0,inferred
North Lanarkshire,2021-04-03,40.0,49.0,55.8,58.0,61.0,65.0,69.0,73.0,78.0,81.0,84.0,93.0,107.5,inferred
North Lanarkshire,2021-04-04,31.0,38.0,44.0,46.0,48.0,53.0,56.0,60.0,65.0,67.0,70.0,78.0,89.5,inferred
North Lanarkshire,2021-04-05,23.0,29.0,33.0,35.0,37.0,40.0,43.0,47.0,50.0,53.0,55.0,62.0,74.0,inferred
North Lanarkshire,2021-04-06,24.0,29.0,35.0,38.0,40.0,43.0,46.0,49.0,54.0,57.0,59.0,66.0,80.0,inferred
North Lanarkshire,2021-04-07,34.0,42.0,49.0,51.0,54.0,58.0,61.0,65.0,70.0,73.0,75.0,84.0,97.0,inferred
North Lanarkshire,2021-04-08,29.0,38.0,44.0,46.0,48.0,53.0,56.0,60.0,65.0,68.0,71.0,78.1,92.0,inferred
North Lanarkshire,2021-04-09,34.0,41.0,46.0,49.0,51.0,55.0,58.0,62.0,67.0,70.0,73.0,80.0,92.5,inferred
North Lanarkshire,2021-04-10,29.5,37.0,42.0,45.0,46.0,50.0,54.0,58.0,62.0,65.0,68.0,75.0,88.5,inferred
North Lanarkshire,2021-04-11,24.0,31.0,35.0,37.0,39.0,43.0,47.0,50.0,54.0,56.0,59.0,66.0,80.0,inferred
North Lanarkshire,2021-04-12,17.0,24.0,29.0,30.8,32.0,35.0,38.0,41.0,45.0,47.0,49.0,56.0,65.0,inferred
North Lanarkshire,2021-04-13,19.0,26.0,30.0,32.0,34.0,37.0,41.0,44.0,48.0,50.0,52.0,58.0,68.0,inferred
North Lanarkshire,2021-04-14,30.0,38.0,43.0,45.0,47.0,51.0,54.0,58.0,63.0,66.0,69.0,76.0,90.0,inferred
North Lanarkshire,2021-04-15,27.0,35.0,39.0,42.0,44.0,47.0,50.0,55.0,59.0,61.0,64.0,72.0,84.0,inferred
North Lanarkshire,2021-04-16,29.0,36.0,41.0,43.0,46.0,49.0,52.5,56.0,61.0,64.0,66.0,74.0,88.0,inferred
North Lanarkshire,2021-04-17,27.0,34.0,39.0,41.0,43.0,46.0,50.0,54.0,58.0,60.0,63.0,70.1,81.0,inferred
North Lanarkshire,2021-04-18,20.0,27.0,32.0,34.0,35.0,39.0,42.0,46.0,50.0,51.0,54.0,61.0,72.0,inferred
North Lanarkshire,2021-04-19,15.0,21.0,26.0,27.0,28.7,31.0,35.0,38.0,41.0,43.0,46.0,52.0,63.0,inferred
North Lanarkshire,2021-04-20,16.5,22.0,27.0,29.0,31.0,33.0,37.0,40.0,43.0,45.0,48.0,53.0,65.0,inferred
North Lanarkshire,2021-04-21,23.0,31.0,36.0,39.0,40.0,44.0,48.0,52.0,56.0,58.0,61.0,69.0,82.0,inferred
North Lanarkshire,2021-04-22,20.0,26.0,31.0,34.0,35.0,39.0,42.0,45.0,49.0,52.0,54.0,61.0,73.0,inferred
North Lanarkshire,2021-04-23,19.5,26.0,31.0,33.0,35.0,38.0,42.0,45.0,49.0,51.0,53.0,60.0,73.5,inferred
North Lanarkshire,2021-04-24,17.0,23.0,27.0,29.0,31.0,34.0,37.0,40.0,44.0,46.0,48.0,55.0,65.5,inferred
North Lanarkshire,2021-04-25,12.0,18.0,22.0,23.0,25.0,28.0,30.0,33.0,36.0,38.0,40.0,46.0,58.0,inferred
North Lanarkshire,2021-04-26,8.0,13.0,17.0,18.0,20.0,22.0,24.0,27.0,30.0,31.0,33.0,38.0,48.0,inferred
North Lanarkshire,2021-04-27,9.0,14.0,17.0,18.0,19.0,22.0,25.0,27.0,30.3,32.0,34.0,40.0,49.0,inferred
North Lanarkshire,2021-04-28,15.0,20.0,24.0,26.0,27.0,30.0,33.0,36.0,39.0,41.0,43.0,49.0,60.5,inferred
North Lanarkshire,2021-04-29,13.0,18.0,21.0,23.0,24.0,27.0,29.0,32.0,35.0,37.0,40.0,46.0,57.0,inferred
North Lanarkshire,2021-04-30,13.0,18.0,22.0,24.0,26.0,28.0,31.0,34.0,37.0,39.0,41.0,46.0,56.0,inferred
North Lanarkshire,2021-05-01,12.0,17.0,20.0,22.0,23.0,25.0,28.0,31.0,35.0,36.0,39.0,45.0,56.0,inferred
North Lanarkshire,2021-05-02,8.0,13.0,16.0,18.0,19.0,21.0,24.0,26.0,29.0,32.0,34.0,40.0,48.0,inferred
North Lanarkshire,2021-05-03,6.0,10.0,13.0,14.0,15.0,17.0,20.0,22.0,24.0,26.0,28.0,33.0,42.0,inferred
North Lanarkshire,2021-05-04,7.0,11.0,14.0,15.0,17.0,19.0,21.0,24.0,26.0,28.0,30.0,35.0,45.0,inferred
North Lanarkshire,2021-05-05,13.0,17.0,22.0,23.0,25.0,27.0,30.0,33.0,36.0,38.0,40.0,47.0,57.5,inferred
North Lanarkshire,2021-05-06,12.0,17.0,20.0,22.0,24.0,26.0,29.0,32.0,35.0,37.0,39.0,45.0,55.0,inferred
North Lanarkshire,2021-05-07,13.0,19.0,23.0,25.0,26.0,29.0,32.0,35.0,38.0,40.0,43.0,49.0,59.0,inferred
North Lanarkshire,2021-05-08,12.0,18.0,22.0,24.0,25.0,28.0,31.0,34.0,37.0,39.0,41.2,48.0,57.0,inferred
North Lanarkshire,2021-05-09,11.0,16.0,20.0,21.0,22.0,25.0,28.0,30.0,34.0,35.0,37.0,43.0,53.0,inferred
North Lanarkshire,2021-05-10,9.0,13.0,17.0,18.0,19.0,21.0,24.0,26.0,29.0,31.0,33.0,39.0,48.0,inferred
North Lanarkshire,2021-05-11,10.0,15.0,19.0,20.0,21.0,24.0,27.0,29.0,33.0,35.0,36.2,42.0,50.0,inferred
North Lanarkshire,2021-05-12,17.0,23.0,28.0,30.0,32.0,35.0,38.0,41.0,45.0,47.0,49.0,56.1,69.0,inferred
North Lanarkshire,2021-05-13,17.0,23.0,27.0,28.0,30.0,34.0,36.0,39.0,43.0,45.0,48.0,54.0,66.0,inferred
North Lanarkshire,2021-05-14,18.0,25.0,29.0,31.0,33.0,36.0,39.0,42.0,47.0,49.0,51.0,57.0,69.0,inferred
North Lanarkshire,2021-05-15,18.0,24.0,28.0,30.0,32.0,35.0,38.0,41.0,45.0,47.0,50.0,58.0,68.0,inferred
North Lanarkshire,2021-05-16,15.0,21.0,25.0,26.0,28.0,31.0,33.0,37.0,40.0,42.0,44.0,49.0,61.0,inferred
North Lanarkshire,2021-05-17,13.0,17.0,20.0,22.0,23.0,26.0,29.0,32.0,35.0,37.0,39.0,45.0,53.5,inferred
North Lanarkshire,2021-05-18,14.0,20.0,24.0,25.0,27.0,30.0,33.0,36.0,39.0,41.0,44.0,49.0,59.0,inferred
North Lanarkshire,2021-05-19,24.5,31.0,36.0,38.0,40.0,44.0,48.0,51.0,55.0,58.0,60.0,66.0,79.5,inferred
North Lanarkshire,2021-05-20,24.0,30.0,36.0,38.0,40.0,43.0,46.0,50.0,54.0,55.0,58.0,66.0,80.0,inferred
North Lanarkshire,2021-05-21,28.0,34.0,40.0,42.0,44.0,47.0,52.0,56.0,60.0,62.0,65.0,72.0,83.0,inferred
North Lanarkshire,2021-05-22,27.0,33.0,39.0,41.0,43.0,47.0,51.0,54.0,58.0,61.0,64.0,71.0,83.5,inferred
North Lanarkshire,2021-05-23,23.0,30.0,35.0,37.0,39.0,42.0,46.0,50.0,53.0,56.0,58.0,66.0,80.0,inferred
North Lanarkshire,2021-05-24,17.0,25.0,29.0,31.0,33.0,37.0,40.0,43.0,47.0,49.0,51.0,57.0,71.0,inferred
North Lanarkshire,2021-05-25,23.0,31.0,36.0,38.0,40.0,43.0,47.0,51.0,54.0,57.0,59.0,66.0,79.0,inferred
North Lanarkshire,2021-05-26,38.0,47.0,53.0,55.0,58.0,62.0,67.0,71.0,76.0,79.0,82.0,91.0,105.0,inferred
North Lanarkshire,2021-05-27,38.0,46.0,52.0,55.0,57.0,62.0,65.5,70.0,74.3,77.0,81.0,90.0,104.0,inferred
North Lanarkshire,2021-05-28,43.5,53.0,60.0,62.0,64.0,69.0,73.0,78.0,83.0,85.0,88.0,98.0,112.0,inferred
North Lanarkshire,2021-05-29,44.0,51.0,59.0,61.0,64.0,68.0,73.0,78.0,83.0,86.0,89.0,99.0,113.0,inferred
North Lanarkshire,2021-05-30,38.0,47.0,53.0,55.0,58.0,63.0,67.0,71.0,76.0,78.0,82.0,90.0,106.0,inferred
North Lanarkshire,2021-05-31,31.5,39.0,45.0,47.0,50.0,54.0,58.0,62.0,67.0,69.0,72.0,81.0,95.5,inferred
North Lanarkshire,2021-06-01,37.0,44.0,51.0,54.0,56.0,61.0,65.0,69.0,74.3,78.0,80.0,89.0,102.0,inferred
North Lanarkshire,2021-06-02,57.0,68.0,75.0,78.0,81.0,85.0,90.0,94.0,100.0,104.0,107.0,116.0,132.5,inferred
North Lanarkshire,2021-06-03,55.0,65.0,72.0,75.0,78.0,83.0,87.0,92.0,97.0,100.0,103.0,112.0,125.0,inferred
North Lanarkshire,2021-06-04,60.0,69.0,77.0,80.0,83.0,88.0,93.0,98.0,104.0,107.0,111.0,121.0,135.0,inferred
North Lanarkshire,2021-06-05,56.5,67.0,74.0,77.0,80.0,85.0,90.0,95.0,101.0,104.0,108.0,119.0,134.0,inferred
North Lanarkshire,2021-06-06,48.0,57.0,64.0,67.0,70.0,75.0,80.0,84.0,89.0,92.0,94.0,104.0,117.0,inferred
North Lanarkshire,2021-06-07,39.0,48.9,55.0,57.0,60.0,63.0,67.0,72.0,77.0,80.0,83.0,92.0,105.0,inferred
North Lanarkshire,2021-06-08,47.0,57.0,63.0,65.0,68.0,72.0,77.0,81.0,87.0,90.0,93.0,102.0,116.5,inferred
North Lanarkshire,2021-06-09,71.5,83.0,91.0,94.0,97.7,102.0,108.0,114.0,120.0,124.0,128.0,138.0,152.5,inferred
North Lanarkshire,2021-06-10,70.0,82.0,90.0,94.0,97.0,102.0,107.0,113.0,118.0,122.0,125.0,135.0,152.0,inferred
North Lanarkshire,2021-06-11,78.0,91.0,100.8,104.0,107.0,113.0,118.0,124.0,131.0,135.0,139.0,149.0,166.5,inferred
North Lanarkshire,2021-06-12,79.0,91.0,99.0,102.0,106.0,112.0,118.0,123.0,130.0,133.0,137.0,149.0,167.0,inferred
North Lanarkshire,2021-06-13,68.0,81.9,88.0,91.0,94.0,101.0,107.0,112.0,117.0,121.0,125.0,134.0,150.5,inferred
North Lanarkshire,2021-06-14,56.5,68.9,76.0,79.0,82.0,87.0,92.0,98.0,103.0,106.0,110.0,121.0,136.5,inferred
North Lanarkshire,2021-06-15,69.0,80.0,88.0,92.0,95.0,100.0,104.0,110.0,117.0,120.0,124.0,135.0,151.5,inferred
North Lanarkshire,2021-06-16,103.0,118.0,129.0,133.0,136.0,143.0,149.0,155.0,162.0,166.0,172.0,183.1,203.0,inferred
North Lanarkshire,2021-06-17,101.0,117.0,127.0,131.0,135.0,141.0,148.0,155.0,163.0,166.0,172.0,186.0,205.0,inferred
North Lanarkshire,2021-06-18,111.0,128.0,140.0,145.0,149.0,157.0,164.0,172.0,180.0,185.0,191.0,206.0,229.0,inferred
North Lincolnshire,2021-03-06,10.0,14.0,16.0,16.0,17.0,19.0,20.0,21.4,23.0,24.0,25.0,28.0,33.0,inferred
North Lincolnshire,2021-03-07,13.0,16.0,19.0,20.0,21.0,22.0,24.0,26.0,27.0,29.0,30.0,33.0,37.0,inferred
North Lincolnshire,2021-03-08,19.0,23.0,27.0,28.0,29.0,31.0,32.0,34.0,36.0,37.0,38.0,42.0,48.0,inferred
North Lincolnshire,2021-03-09,18.5,23.0,26.0,27.0,28.0,30.0,31.0,33.0,35.0,37.0,38.0,41.1,48.0,inferred
North Lincolnshire,2021-03-10,22.0,26.0,29.0,29.8,30.0,33.0,34.0,36.0,38.0,39.2,41.0,44.0,50.0,inferred
North Lincolnshire,2021-03-11,20.0,25.0,28.0,29.0,30.0,32.0,33.0,35.0,38.0,39.0,40.2,44.0,49.0,inferred
North Lincolnshire,2021-03-12,19.0,23.0,26.0,27.0,28.0,30.0,32.0,34.0,36.0,37.0,39.0,42.0,48.0,inferred
North Lincolnshire,2021-03-13,16.5,19.0,22.0,23.0,24.0,26.0,28.0,29.0,31.0,32.0,34.0,38.0,43.0,inferred
North Lincolnshire,2021-03-14,19.0,23.0,26.0,27.0,28.0,30.0,32.0,33.0,35.0,36.0,38.0,41.0,46.0,inferred
North Lincolnshire,2021-03-15,27.0,32.0,35.0,37.0,38.0,40.0,42.0,44.0,47.0,48.0,50.0,54.0,60.0,inferred
North Lincolnshire,2021-03-16,25.0,30.0,34.0,35.0,36.0,39.0,41.0,43.0,45.0,46.0,48.0,51.0,59.0,inferred
North Lincolnshire,2021-03-17,27.0,32.0,35.0,37.0,38.0,40.0,43.0,45.0,47.0,48.0,50.0,54.0,61.0,inferred
North Lincolnshire,2021-03-18,25.0,30.0,33.0,34.0,35.0,37.0,40.0,42.0,44.0,45.0,47.0,50.0,58.0,inferred
North Lincolnshire,2021-03-19,22.0,26.0,29.0,31.0,32.0,33.0,35.0,37.0,39.0,41.0,42.0,46.0,51.0,inferred
North Lincolnshire,2021-03-20,17.0,21.0,24.0,25.0,26.0,28.0,30.0,31.0,33.0,34.0,35.0,39.0,46.0,inferred
North Lincolnshire,2021-03-21,20.0,24.0,27.0,28.0,29.0,31.0,33.0,35.0,37.0,38.0,39.0,43.0,49.0,inferred
North Lincolnshire,2021-03-22,26.0,32.0,35.0,36.0,37.0,39.0,41.0,44.0,46.0,47.0,49.0,54.0,60.0,inferred
North Lincolnshire,2021-03-23,23.0,28.0,31.0,33.0,34.0,36.0,38.0,40.0,42.0,44.0,45.0,49.0,56.5,inferred
North Lincolnshire,2021-03-24,24.0,28.0,31.0,33.0,34.0,35.0,38.0,40.0,42.0,44.0,45.0,49.0,56.0,inferred
North Lincolnshire,2021-03-25,20.0,24.0,27.0,28.0,29.0,31.0,33.0,35.0,37.0,38.0,40.0,44.0,50.0,inferred
North Lincolnshire,2021-03-26,16.0,20.0,23.0,24.0,25.0,27.0,29.0,31.0,33.0,34.0,35.0,39.0,45.0,inferred
North Lincolnshire,2021-03-27,12.0,15.0,18.0,19.0,19.0,21.0,22.0,24.0,26.0,26.0,28.0,31.0,36.0,inferred
North Lincolnshire,2021-03-28,13.0,16.0,18.0,19.0,20.0,22.0,24.0,25.0,27.0,28.0,29.0,32.0,37.0,inferred
North Lincolnshire,2021-03-29,16.0,21.0,23.0,24.0,25.0,27.0,29.0,31.0,32.0,33.0,35.0,39.0,44.0,inferred
North Lincolnshire,2021-03-30,14.0,18.0,20.0,21.0,22.0,24.0,25.0,27.0,29.0,30.0,32.0,35.0,41.0,inferred
North Lincolnshire,2021-03-31,14.0,17.0,20.0,21.0,22.0,24.0,26.0,27.0,29.0,30.0,32.0,35.0,40.0,inferred
North Lincolnshire,2021-04-01,12.0,15.0,17.0,18.8,20.0,21.0,22.0,24.0,26.0,26.0,27.0,31.0,36.0,inferred
North Lincolnshire,2021-04-02,10.0,13.0,15.0,16.0,16.0,18.0,19.0,21.0,23.0,24.0,25.0,28.0,32.0,inferred
North Lincolnshire,2021-04-03,7.0,9.0,11.0,12.0,12.0,13.0,15.0,16.0,18.0,19.0,20.0,22.0,26.0,inferred
North Lincolnshire,2021-04-04,7.5,10.0,12.0,13.0,13.0,15.0,16.0,17.0,19.0,20.0,21.0,24.0,28.0,inferred
North Lincolnshire,2021-04-05,10.0,13.0,15.0,16.0,16.0,18.0,19.0,21.0,23.0,24.0,25.0,28.0,33.0,inferred
North Lincolnshire,2021-04-06,9.0,12.0,14.0,15.0,15.0,17.0,18.0,20.0,21.0,22.0,23.0,26.0,31.0,inferred
North Lincolnshire,2021-04-07,9.0,12.0,14.0,15.0,16.0,17.0,19.0,20.0,21.0,22.0,23.0,27.0,31.5,inferred
North Lincolnshire,2021-04-08,8.0,11.0,13.0,14.0,14.0,16.0,17.0,19.0,20.0,21.0,22.0,25.0,29.0,inferred
North Lincolnshire,2021-04-09,7.0,9.0,11.0,12.0,13.0,14.0,15.0,17.0,18.0,19.0,20.0,23.0,27.0,inferred
North Lincolnshire,2021-04-10,5.0,7.0,9.0,10.0,11.0,12.0,13.0,14.0,15.0,16.0,17.0,19.0,23.0,inferred
North Lincolnshire,2021-04-11,6.0,8.0,10.0,10.8,11.0,12.0,14.0,15.0,16.0,17.0,18.0,20.1,25.0,inferred
North Lincolnshire,2021-04-12,8.0,10.9,13.0,13.0,14.0,15.0,17.0,18.0,20.0,21.0,22.0,25.0,28.0,inferred
North Lincolnshire,2021-04-13,7.0,10.0,12.0,12.0,13.0,14.0,16.0,17.0,19.0,19.2,20.0,23.0,27.5,inferred
North Lincolnshire,2021-04-14,8.0,10.0,12.0,13.0,14.0,15.0,16.0,18.0,19.0,20.0,21.0,24.0,29.0,inferred
North Lincolnshire,2021-04-15,7.0,9.0,11.0,12.0,13.0,14.0,16.0,17.0,19.0,19.0,20.0,22.0,26.0,inferred
North Lincolnshire,2021-04-16,6.0,8.0,10.0,11.0,12.0,13.0,14.0,15.0,17.0,18.0,18.0,21.0,25.0,inferred
North Lincolnshire,2021-04-17,5.0,7.0,8.0,9.0,10.0,11.0,12.0,13.0,14.0,15.0,16.0,18.0,23.0,inferred
North Lincolnshire,2021-04-18,5.0,8.0,9.0,10.0,11.0,12.0,13.0,14.0,16.0,16.0,17.0,20.0,24.0,inferred
North Lincolnshire,2021-04-19,7.0,10.0,12.0,13.0,14.0,15.0,17.0,18.0,20.0,21.0,22.0,25.0,29.0,inferred
North Lincolnshire,2021-04-20,8.0,10.0,12.0,13.0,13.0,15.0,16.0,18.0,19.0,20.0,21.0,24.0,29.0,inferred
North Lincolnshire,2021-04-21,8.0,11.0,13.0,13.0,14.0,15.0,17.0,18.0,20.0,20.0,21.0,25.0,28.5,inferred
North Lincolnshire,2021-04-22,7.0,10.0,12.0,13.0,13.0,15.0,16.0,17.0,19.0,20.0,21.0,24.0,29.0,inferred
North Lincolnshire,2021-04-23,7.0,9.0,11.0,12.0,13.0,14.0,15.0,16.0,18.0,18.0,19.2,22.0,26.0,inferred
North Lincolnshire,2021-04-24,4.5,7.0,9.0,9.0,10.0,11.0,12.0,13.0,15.0,15.0,16.0,18.0,22.0,inferred
North Lincolnshire,2021-04-25,6.0,8.0,10.0,11.0,11.0,12.0,14.0,15.0,16.0,17.0,18.0,20.0,25.0,inferred
North Lincolnshire,2021-04-26,8.5,11.0,13.0,14.0,15.0,16.0,18.0,19.0,21.0,22.0,23.0,26.0,30.0,inferred
North Lincolnshire,2021-04-27,7.0,10.0,12.0,13.0,14.0,15.0,16.0,18.0,19.0,20.0,21.0,24.0,28.0,inferred
North Lincolnshire,2021-04-28,7.0,10.0,12.0,13.0,14.0,15.0,17.0,18.0,19.0,20.0,21.0,24.0,28.0,inferred
North Lincolnshire,2021-04-29,6.0,9.0,11.0,12.0,12.0,14.0,15.0,16.0,18.0,18.0,19.0,22.0,26.0,inferred
North Lincolnshire,2021-04-30,6.0,8.0,10.0,10.0,11.0,12.0,13.0,14.0,16.0,16.0,17.0,20.0,24.0,inferred
North Lincolnshire,2021-05-01,4.0,6.0,7.0,8.0,8.0,9.0,10.0,11.0,12.0,13.0,14.0,16.0,20.5,inferred
North Lincolnshire,2021-05-02,4.0,6.0,8.0,8.0,9.0,10.0,11.0,12.0,13.0,14.0,15.0,17.0,21.0,inferred
North Lincolnshire,2021-05-03,6.0,8.0,10.0,11.0,11.0,13.0,14.0,15.0,17.0,17.0,19.0,21.0,25.0,inferred
North Lincolnshire,2021-05-04,5.0,8.0,9.0,10.0,11.0,12.0,13.0,14.0,15.0,16.0,17.0,20.0,24.0,inferred
North Lincolnshire,2021-05-05,5.0,7.0,9.0,10.0,10.0,12.0,13.0,14.0,15.0,16.0,17.0,19.0,23.0,inferred
North Lincolnshire,2021-05-06,4.0,7.0,8.0,8.0,9.0,10.0,11.0,12.0,14.0,14.0,15.0,18.0,21.0,inferred
North Lincolnshire,2021-05-07,3.0,5.0,7.0,7.0,8.0,9.0,10.0,11.0,12.0,13.0,14.0,16.0,20.0,inferred
North Lincolnshire,2021-05-08,2.0,4.0,5.0,6.0,6.0,7.0,8.0,9.0,10.0,11.0,12.0,14.0,17.0,inferred
North Lincolnshire,2021-05-09,2.0,4.0,5.0,6.0,7.0,8.0,9.0,10.0,11.0,11.0,12.0,14.0,17.0,inferred
North Lincolnshire,2021-05-10,4.0,6.0,7.0,8.0,9.0,10.0,11.0,12.0,13.0,14.0,14.0,17.0,21.0,inferred
North Lincolnshire,2021-05-11,3.0,5.0,6.0,7.0,8.0,9.0,10.0,11.0,12.0,12.0,13.0,15.0,19.0,inferred
North Lincolnshire,2021-05-12,3.0,5.0,6.0,7.0,7.0,8.0,9.0,10.0,12.0,12.0,13.0,15.0,18.0,inferred
North Lincolnshire,2021-05-13,2.0,4.0,5.0,6.0,6.0,7.0,8.0,9.0,10.0,11.0,11.0,14.0,17.0,inferred
North Lincolnshire,2021-05-14,2.0,3.0,4.0,5.0,5.0,6.0,7.0,8.0,9.0,9.0,10.0,12.0,15.0,inferred
North Lincolnshire,2021-05-15,1.0,2.0,3.0,4.0,4.0,5.0,5.0,6.0,7.0,8.0,8.0,10.0,13.0,inferred
North Lincolnshire,2021-05-16,1.0,2.0,3.0,4.0,4.0,5.0,5.0,6.0,7.0,8.0,8.0,10.0,13.0,inferred
North Lincolnshire,2021-05-17,2.0,3.0,4.0,5.0,5.0,6.0,7.0,8.0,9.0,9.0,10.0,12.0,15.0,inferred
North Lincolnshire,2021-05-18,1.0,3.0,4.0,4.0,5.0,5.0,6.0,7.0,8.0,9.0,9.0,11.0,14.0,inferred
North Lincolnshire,2021-05-19,1.0,3.0,4.0,4.0,5.0,5.0,6.0,7.0,8.0,9.0,9.0,11.0,14.0,inferred
North Lincolnshire,2021-05-20,1.0,2.0,3.0,4.0,4.0,5.0,5.0,6.0,7.0,8.0,8.0,10.0,13.0,inferred
North Lincolnshire,2021-05-21,1.0,2.0,3.0,3.0,3.0,4.0,5.0,6.0,6.0,7.0,7.0,9.0,12.0,inferred
North Lincolnshire,2021-05-22,0.0,1.0,2.0,2.0,3.0,3.0,4.0,4.0,5.0,6.0,6.0,8.0,10.0,inferred
North Lincolnshire,2021-05-23,0.0,1.0,2.0,2.0,3.0,3.0,4.0,5.0,5.0,6.0,6.0,8.0,10.0,inferred
North Lincolnshire,2021-05-24,1.0,2.0,3.0,3.0,3.0,4.0,5.0,6.0,7.0,7.0,8.0,9.0,12.0,inferred
North Lincolnshire,2021-05-25,1.0,2.0,3.0,3.0,3.0,4.0,5.0,5.0,6.0,7.0,7.0,9.0,12.0,inferred
North Lincolnshire,2021-05-26,1.0,2.0,3.0,3.0,3.0,4.0,5.0,5.0,6.0,7.0,7.0,9.0,11.0,inferred
North Lincolnshire,2021-05-27,0.0,2.0,3.0,3.0,3.0,4.0,4.5,5.0,6.0,6.0,7.0,9.0,11.5,inferred
North Lincolnshire,2021-05-28,0.0,1.0,2.0,3.0,3.0,4.0,4.0,5.0,6.0,6.0,7.0,8.0,11.0,inferred
North Lincolnshire,2021-05-29,0.0,1.0,2.0,2.0,2.0,3.0,3.0,4.0,5.0,5.0,6.0,7.0,9.0,inferred
North Lincolnshire,2021-05-30,0.0,1.0,2.0,2.0,2.0,3.0,4.0,4.0,5.0,6.0,6.0,8.0,10.0,inferred
North Lincolnshire,2021-05-31,1.0,2.0,3.0,3.0,4.0,4.0,5.0,6.0,7.0,7.0,8.0,9.0,12.0,inferred
North Lincolnshire,2021-06-01,1.0,2.0,3.0,3.0,4.0,4.0,5.0,6.0,6.0,7.0,7.0,9.0,12.0,inferred
North Lincolnshire,2021-06-02,1.0,2.0,3.0,3.0,4.0,4.0,5.0,6.0,7.0,7.0,8.0,9.0,13.0,inferred
North Lincolnshire,2021-06-03,1.0,2.0,3.0,3.0,3.0,4.0,5.0,6.0,6.0,7.0,7.0,9.0,12.0,inferred
North Lincolnshire,2021-06-04,1.0,2.0,3.0,3.0,3.0,4.0,4.0,5.0,6.0,6.0,7.0,8.0,11.0,inferred
North Lincolnshire,2021-06-05,0.0,1.0,2.0,2.0,2.0,3.0,4.0,4.0,5.0,6.0,6.0,8.0,10.5,inferred
North Lincolnshire,2021-06-06,0.0,1.0,2.0,3.0,3.0,4.0,4.0,5.0,6.0,6.0,7.0,8.0,11.0,inferred
North Lincolnshire,2021-06-07,1.0,2.0,3.0,4.0,4.0,5.0,6.0,6.0,7.0,8.0,8.0,10.0,13.0,inferred
North Lincolnshire,2021-06-08,1.0,2.0,3.0,3.0,4.0,4.0,5.0,6.0,7.0,7.0,8.0,9.0,12.0,inferred
North Lincolnshire,2021-06-09,1.0,2.0,3.0,4.0,4.0,5.0,6.0,6.0,7.0,8.0,9.0,10.0,13.0,inferred
North Lincolnshire,2021-06-10,1.0,2.0,3.0,3.0,4.0,5.0,5.0,6.0,7.0,7.0,8.0,10.0,13.0,inferred
North Lincolnshire,2021-06-11,1.0,2.0,3.0,3.0,4.0,4.0,5.0,6.0,7.0,7.0,8.0,9.0,12.0,inferred
North Lincolnshire,2021-06-12,0.0,1.0,2.0,2.0,3.0,3.0,4.0,5.0,6.0,6.0,7.0,8.0,11.0,inferred
North Lincolnshire,2021-06-13,1.0,2.0,3.0,3.0,3.0,4.0,5.0,5.0,6.0,7.0,7.0,9.0,12.0,inferred
North Lincolnshire,2021-06-14,1.0,3.0,4.0,4.0,5.0,6.0,6.0,7.0,8.0,9.0,9.0,11.0,14.0,inferred
North Lincolnshire,2021-06-15,1.0,3.0,4.0,4.0,5.0,5.0,6.0,7.0,8.0,9.0,9.0,11.0,14.0,inferred
North Lincolnshire,2021-06-16,1.0,3.0,4.0,5.0,5.0,6.0,7.0,8.0,9.0,9.0,10.0,12.0,15.0,inferred
North Lincolnshire,2021-06-17,1.0,3.0,4.0,5.0,5.0,6.0,7.0,8.0,9.0,9.0,10.0,12.0,15.0,inferred
North Lincolnshire,2021-06-18,1.0,3.0,4.0,4.0,5.0,6.0,6.0,7.0,8.0,9.0,10.0,12.0,15.0,inferred
North Norfolk,2021-03-06,0.0,0.0,0.0,0.0,0.0,1.0,1.0,1.0,2.0,2.0,2.0,3.0,4.0,inferred
North Norfolk,2021-03-07,0.0,0.0,0.0,0.0,0.0,1.0,1.0,1.0,2.0,2.0,2.0,3.0,5.0,inferred
North Norfolk,2021-03-08,0.0,0.0,1.0,1.0,1.0,1.0,2.0,2.0,3.0,3.0,3.0,4.0,6.0,inferred
North Norfolk,2021-03-09,0.0,0.0,1.0,1.0,1.0,1.0,2.0,2.0,3.0,3.0,3.0,4.0,6.0,inferred
North Norfolk,2021-03-10,0.0,0.0,1.0,1.0,1.0,2.0,2.0,2.0,3.0,3.0,4.0,5.0,6.0,inferred
North Norfolk,2021-03-11,0.0,0.0,1.0,1.0,1.0,1.0,2.0,2.0,3.0,3.0,3.0,4.0,6.0,inferred
North Norfolk,2021-03-12,0.0,0.0,1.0,1.0,1.0,1.0,2.0,2.0,3.0,3.0,3.0,4.0,6.0,inferred
North Norfolk,2021-03-13,0.0,0.0,0.0,1.0,1.0,1.0,1.0,2.0,2.0,2.0,3.0,4.0,5.0,inferred
North Norfolk,2021-03-14,0.0,0.0,1.0,1.0,1.0,1.0,2.0,2.0,3.0,3.0,3.0,4.0,6.0,inferred
North Norfolk,2021-03-15,0.0,0.0,1.0,1.0,1.0,2.0,2.0,3.0,3.0,3.0,4.0,5.0,7.0,inferred
North Norfolk,2021-03-16,0.0,0.0,1.0,1.0,1.0,2.0,2.0,3.0,3.0,3.0,4.0,5.0,7.0,inferred
North Norfolk,2021-03-17,0.0,0.0,1.0,1.0,1.0,2.0,2.0,3.0,3.0,4.0,4.0,5.0,7.0,inferred
North Norfolk,2021-03-18,0.0,0.0,1.0,1.0,1.0,2.0,2.0,3.0,3.0,3.0,4.0,5.0,7.0,inferred
North Norfolk,2021-03-19,0.0,0.0,1.0,1.0,1.0,1.0,2.0,2.0,3.0,3.0,3.0,4.0,6.0,inferred
North Norfolk,2021-03-20,0.0,0.0,0.0,1.0,1.0,1.0,1.0,2.0,2.0,2.0,3.0,4.0,5.0,inferred
North Norfolk,2021-03-21,0.0,0.0,1.0,1.0,1.0,1.0,2.0,2.0,3.0,3.0,3.0,4.0,6.0,inferred
North Norfolk,2021-03-22,0.0,0.0,1.0,1.0,1.0,2.0,2.0,3.0,3.0,3.0,4.0,5.0,7.0,inferred
North Norfolk,2021-03-23,0.0,0.0,1.0,1.0,1.0,2.0,2.0,3.0,3.0,3.0,4.0,5.0,6.5,inferred
North Norfolk,2021-03-24,0.0,0.0,1.0,1.0,1.0,2.0,2.0,3.0,3.0,4.0,4.0,5.0,7.0,inferred
North Norfolk,2021-03-25,0.0,0.0,1.0,1.0,1.0,1.6,2.0,2.0,3.0,3.0,3.0,4.0,6.0,inferred
North Norfolk,2021-03-26,0.0,0.0,1.0,1.0,1.0,1.0,2.0,2.0,3.0,3.0,3.0,4.0,6.0,inferred
North Norfolk,2021-03-27,0.0,0.0,0.0,0.0,1.0,1.0,1.0,2.0,2.0,2.0,2.2,3.0,5.0,inferred
North Norfolk,2021-03-28,0.0,0.0,0.0,1.0,1.0,1.0,1.0,2.0,2.0,2.0,3.0,4.0,5.0,inferred
North Norfolk,2021-03-29,0.0,0.0,0.0,1.0,1.0,1.0,2.0,2.0,3.0,3.0,3.0,4.0,6.0,inferred
North Norfolk,2021-03-30,0.0,0.0,0.0,1.0,1.0,1.0,2.0,2.0,2.0,3.0,3.0,4.0,6.0,inferred
North Norfolk,2021-03-31,0.0,0.0,1.0,1.0,1.0,1.0,2.0,2.0,3.0,3.0,3.0,4.0,6.0,inferred
North Norfolk,2021-04-01,0.0,0.0,0.0,1.0,1.0,1.0,1.0,2.0,2.0,2.0,3.0,4.0,5.0,inferred
North Norfolk,2021-04-02,0.0,0.0,0.0,0.0,0.7,1.0,1.0,1.0,2.0,2.0,2.0,3.0,5.0,inferred
North Norfolk,2021-04-03,0.0,0.0,0.0,0.0,0.0,0.6,1.0,1.0,1.0,2.0,2.0,3.0,4.0,inferred
North Norfolk,2021-04-04,0.0,0.0,0.0,0.0,0.0,1.0,1.0,1.0,2.0,2.0,2.0,3.0,4.0,inferred
North Norfolk,2021-04-05,0.0,0.0,0.0,0.0,1.0,1.0,1.0,2.0,2.0,2.0,3.0,3.0,5.0,inferred
North Norfolk,2021-04-06,0.0,0.0,0.0,0.0,1.0,1.0,1.0,2.0,2.0,2.0,2.2,3.0,5.0,inferred
North Norfolk,2021-04-07,0.0,0.0,0.0,0.0,1.0,1.0,1.0,2.0,2.0,2.0,3.0,4.0,5.0,inferred
North Norfolk,2021-04-08,0.0,0.0,0.0,0.0,1.0,1.0,1.0,1.0,2.0,2.0,2.0,3.0,5.0,inferred
North Norfolk,2021-04-09,0.0,0.0,0.0,0.0,0.0,1.0,1.0,1.0,2.0,2.0,2.0,3.0,4.0,inferred
North Norfolk,2021-04-10,0.0,0.0,0.0,0.0,0.0,0.0,1.0,1.0,1.0,2.0,2.0,3.0,4.0,inferred
North Norfolk,2021-04-11,0.0,0.0,0.0,0.0,0.0,1.0,1.0,1.0,2.0,2.0,2.0,3.0,5.0,inferred
North Norfolk,2021-04-12,0.0,0.0,0.0,1.0,1.0,1.0,1.0,2.0,2.0,2.0,3.0,4.0,5.0,inferred
North Norfolk,2021-04-13,0.0,0.0,0.0,1.0,1.0,1.0,1.0,2.0,2.0,2.0,3.0,4.0,5.0,inferred
North Norfolk,2021-04-14,0.0,0.0,1.0,1.0,1.0,1.0,2.0,2.0,2.0,3.0,3.0,4.0,5.0,inferred
North Norfolk,2021-04-15,0.0,0.0,0.0,1.0,1.0,1.0,1.0,2.0,2.0,3.0,3.0,4.0,6.0,inferred
North Norfolk,2021-04-16,0.0,0.0,0.0,1.0,1.0,1.0,1.0,2.0,2.0,2.0,3.0,4.0,5.0,inferred
North Norfolk,2021-04-17,0.0,0.0,0.0,0.0,0.0,1.0,1.0,1.0,2.0,2.0,2.0,3.0,4.0,inferred
North Norfolk,2021-04-18,0.0,0.0,0.0,0.0,1.0,1.0,1.0,2.0,2.0,2.0,3.0,3.0,5.0,inferred
North Norfolk,2021-04-19,0.0,0.0,1.0,1.0,1.0,1.0,2.0,2.0,2.0,3.0,3.0,4.0,6.0,inferred
North Norfolk,2021-04-20,0.0,0.0,1.0,1.0,1.0,1.0,2.0,2.0,3.0,3.0,3.0,4.0,6.0,inferred
North Norfolk,2021-04-21,0.0,0.0,1.0,1.0,1.0,1.0,2.0,2.0,3.0,3.0,3.0,4.0,6.0,inferred
North Norfolk,2021-04-22,0.0,0.0,0.0,1.0,1.0,1.0,2.0,2.0,3.0,3.0,3.0,4.0,6.0,inferred
North Norfolk,2021-04-23,0.0,0.0,0.0,1.0,1.0,1.0,1.0,2.0,2.0,2.0,3.0,4.0,5.0,inferred
North Norfolk,2021-04-24,0.0,0.0,0.0,0.0,1.0,1.0,1.0,2.0,2.0,2.0,3.0,3.0,5.0,inferred
North Norfolk,2021-04-25,0.0,0.0,0.0,1.0,1.0,1.0,1.0,2.0,2.0,2.0,3.0,4.0,5.0,inferred
North Norfolk,2021-04-26,0.0,0.0,1.0,1.0,1.0,1.0,2.0,2.0,3.0,3.0,3.0,4.0,6.0,inferred
North Norfolk,2021-04-27,0.0,0.0,0.0,1.0,1.0,1.0,2.0,2.0,2.0,3.0,3.0,4.0,5.0,inferred
North Norfolk,2021-04-28,0.0,0.0,1.0,1.0,1.0,1.0,2.0,2.0,2.0,3.0,3.0,4.0,6.0,inferred
North Norfolk,2021-04-29,0.0,0.0,0.0,0.0,1.0,1.0,1.0,2.0,2.0,2.0,3.0,4.0,5.0,inferred
North Norfolk,2021-04-30,0.0,0.0,0.0,0.0,1.0,1.0,1.0,1.0,2.0,2.0,2.0,3.0,5.0,inferred
North Norfolk,2021-05-01,0.0,0.0,0.0,0.0,0.0,1.0,1.0,1.0,2.0,2.0,2.0,3.0,4.0,inferred
North Norfolk,2021-05-02,0.0,0.0,0.0,0.0,1.0,1.0,1.0,1.0,2.0,2.0,2.0,3.0,5.0,inferred
North Norfolk,2021-05-03,0.0,0.0,0.0,1.0,1.0,1.0,1.0,2.0,2.0,3.0,3.0,4.0,5.0,inferred
North Norfolk,2021-05-04,0.0,0.0,0.0,1.0,1.0,1.0,1.0,2.0,2.0,2.0,3.0,4.0,5.0,inferred
North Norfolk,2021-05-05,0.0,0.0,0.0,1.0,1.0,1.0,2.0,2.0,2.0,3.0,3.0,4.0,5.0,inferred
North Norfolk,2021-05-06,0.0,0.0,0.0,0.0,1.0,1.0,1.0,2.0,2.0,2.0,3.0,4.0,5.0,inferred
North Norfolk,2021-05-07,0.0,0.0,0.0,0.0,0.0,1.0,1.0,1.0,2.0,2.0,2.0,3.0,5.0,inferred
North Norfolk,2021-05-08,0.0,0.0,0.0,0.0,0.0,1.0,1.0,1.0,1.0,2.0,2.0,3.0,4.0,inferred
North Norfolk,2021-05-09,0.0,0.0,0.0,0.0,0.0,1.0,1.0,1.0,2.0,2.0,2.0,3.0,4.0,inferred
North Norfolk,2021-05-10,0.0,0.0,0.0,0.0,1.0,1.0,1.0,2.0,2.0,2.0,3.0,3.1,5.0,inferred
North Norfolk,2021-05-11,0.0,0.0,0.0,0.0,1.0,1.0,1.0,1.0,2.0,2.0,2.0,3.0,5.0,inferred
North Norfolk,2021-05-12,0.0,0.0,0.0,0.0,1.0,1.0,1.0,2.0,2.0,2.0,3.0,3.0,5.0,inferred
North Norfolk,2021-05-13,0.0,0.0,0.0,0.0,0.0,1.0,1.0,1.0,2.0,2.0,2.0,3.0,5.0,inferred
North Norfolk,2021-05-14,0.0,0.0,0.0,0.0,0.0,1.0,1.0,1.0,1.0,2.0,2.0,3.0,4.0,inferred
North Norfolk,2021-05-15,0.0,0.0,0.0,0.0,0.0,0.0,1.0,1.0,1.0,1.0,2.0,2.0,3.0,inferred
North Norfolk,2021-05-16,0.0,0.0,0.0,0.0,0.0,1.0,1.0,1.0,1.0,2.0,2.0,3.0,4.0,inferred
North Norfolk,2021-05-17,0.0,0.0,0.0,0.0,0.0,1.0,1.0,1.0,2.0,2.0,2.0,3.0,4.0,inferred
North Norfolk,2021-05-18,0.0,0.0,0.0,0.0,0.0,1.0,1.0,1.0,2.0,2.0,2.0,3.0,5.0,inferred
North Norfolk,2021-05-19,0.0,0.0,0.0,0.0,0.0,1.0,1.0,1.0,2.0,2.0,2.0,3.0,5.0,inferred
North Norfolk,2021-05-20,0.0,0.0,0.0,0.0,0.0,1.0,1.0,1.0,2.0,2.0,2.0,3.0,4.0,inferred
North Norfolk,2021-05-21,0.0,0.0,0.0,0.0,0.0,1.0,1.0,1.0,2.0,2.0,2.0,3.0,4.0,inferred
North Norfolk,2021-05-22,0.0,0.0,0.0,0.0,0.0,0.0,1.0,1.0,1.0,2.0,2.0,3.0,4.0,inferred
North Norfolk,2021-05-23,0.0,0.0,0.0,0.0,0.0,1.0,1.0,1.0,2.0,2.0,2.0,3.0,4.0,inferred
North Norfolk,2021-05-24,0.0,0.0,0.0,0.0,0.0,1.0,1.0,2.0,2.0,2.0,2.0,3.0,5.0,inferred
North Norfolk,2021-05-25,0.0,0.0,0.0,0.0,0.0,1.0,1.0,1.0,2.0,2.0,2.0,3.0,5.0,inferred
North Norfolk,2021-05-26,0.0,0.0,0.0,0.0,1.0,1.0,1.0,2.0,2.0,2.0,3.0,3.0,5.0,inferred
North Norfolk,2021-05-27,0.0,0.0,0.0,0.0,0.0,1.0,1.0,1.0,2.0,2.0,2.0,3.0,5.0,inferred
North Norfolk,2021-05-28,0.0,0.0,0.0,0.0,0.0,1.0,1.0,1.0,2.0,2.0,2.0,3.0,4.0,inferred
North Norfolk,2021-05-29,0.0,0.0,0.0,0.0,0.0,0.0,1.0,1.0,1.0,2.0,2.0,3.0,4.0,inferred
North Norfolk,2021-05-30,0.0,0.0,0.0,0.0,0.0,1.0,1.0,1.0,2.0,2.0,2.0,3.0,4.0,inferred
North Norfolk,2021-05-31,0.0,0.0,0.0,0.0,1.0,1.0,1.0,2.0,2.0,2.0,3.0,3.0,5.0,inferred
North Norfolk,2021-06-01,0.0,0.0,0.0,0.0,1.0,1.0,1.0,2.0,2.0,2.0,3.0,3.0,5.0,inferred
North Norfolk,2021-06-02,0.0,0.0,0.0,1.0,1.0,1.0,1.0,2.0,2.0,2.0,3.0,4.0,5.0,inferred
North Norfolk,2021-06-03,0.0,0.0,0.0,0.0,1.0,1.0,1.0,2.0,2.0,2.0,3.0,3.0,5.0,inferred
North Norfolk,2021-06-04,0.0,0.0,0.0,0.0,1.0,1.0,1.0,1.0,2.0,2.0,2.0,3.0,5.0,inferred
North Norfolk,2021-06-05,0.0,0.0,0.0,0.0,0.0,1.0,1.0,1.0,2.0,2.0,2.0,3.0,4.0,inferred
North Norfolk,2021-06-06,0.0,0.0,0.0,0.0,0.0,1.0,1.0,1.0,2.0,2.0,2.0,3.0,5.0,inferred
North Norfolk,2021-06-07,0.0,0.0,0.0,1.0,1.0,1.0,1.0,2.0,2.0,3.0,3.0,4.0,6.0,inferred
North Norfolk,2021-06-08,0.0,0.0,0.0,1.0,1.0,1.0,1.0,2.0,2.0,3.0,3.0,4.0,5.0,inferred
North Norfolk,2021-06-09,0.0,0.0,1.0,1.0,1.0,1.0,2.0,2.0,3.0,3.0,3.0,4.0,6.0,inferred
North Norfolk,2021-06-10,0.0,0.0,0.0,1.0,1.0,1.0,2.0,2.0,2.0,3.0,3.0,4.0,6.0,inferred
North Norfolk,2021-06-11,0.0,0.0,0.0,1.0,1.0,1.0,1.0,2.0,2.0,3.0,3.0,4.0,5.0,inferred
North Norfolk,2021-06-12,0.0,0.0,0.0,0.0,0.0,1.0,1.0,1.0,2.0,2.0,2.0,3.0,5.0,inferred
North Norfolk,2021-06-13,0.0,0.0,0.0,1.0,1.0,1.0,1.0,2.0,2.0,2.0,3.0,4.0,5.0,inferred
North Norfolk,2021-06-14,0.0,0.0,1.0,1.0,1.0,1.0,2.0,2.0,3.0,3.0,3.0,5.0,6.0,inferred
North Norfolk,2021-06-15,0.0,0.0,1.0,1.0,1.0,1.0,2.0,2.0,3.0,3.0,3.0,4.0,6.0,inferred
North Norfolk,2021-06-16,0.0,0.0,1.0,1.0,1.0,1.6,2.0,2.0,3.0,3.0,4.0,5.0,7.0,inferred
North Norfolk,2021-06-17,0.0,0.0,1.0,1.0,1.0,1.0,2.0,2.0,3.0,3.0,3.0,4.0,6.0,inferred
North Norfolk,2021-06-18,0.0,0.0,0.0,1.0,1.0,1.0,2.0,2.0,3.0,3.0,3.0,4.0,6.0,inferred
North Somerset,2021-03-06,2.5,4.0,5.0,6.0,6.0,7.0,8.0,9.0,10.0,10.0,11.0,13.0,16.0,inferred
North Somerset,2021-03-07,4.0,7.0,8.0,9.0,9.0,10.0,11.0,12.0,13.0,14.0,15.0,17.0,21.0,inferred
North Somerset,2021-03-08,7.0,9.0,11.0,11.0,12.0,13.0,14.0,15.0,17.0,18.0,18.0,21.0,24.0,inferred
North Somerset,2021-03-09,5.0,7.0,9.0,9.0,10.0,11.0,12.0,13.0,15.0,15.0,16.0,18.0,22.0,inferred
North Somerset,2021-03-10,6.0,9.0,10.0,11.0,12.0,13.0,14.0,15.0,16.0,17.0,18.0,20.0,24.0,inferred
North Somerset,2021-03-11,5.0,7.0,9.0,9.0,10.0,11.0,12.0,13.0,14.0,15.0,16.0,18.0,22.0,inferred
North Somerset,2021-03-12,3.0,5.0,7.0,7.0,8.0,9.0,10.0,11.0,12.0,12.0,13.0,15.0,18.0,inferred
North Somerset,2021-03-13,2.0,4.0,5.0,5.0,5.0,6.0,7.0,8.0,9.0,9.0,10.0,11.0,14.0,inferred
North Somerset,2021-03-14,3.0,5.0,6.0,7.0,7.0,8.0,9.0,10.0,11.0,12.0,13.0,15.0,18.0,inferred
North Somerset,2021-03-15,4.0,6.0,7.0,8.0,9.0,10.0,11.0,12.0,13.0,14.0,15.0,17.0,20.0,inferred
North Somerset,2021-03-16,3.0,5.0,6.0,7.0,7.0,8.0,9.0,10.0,11.0,11.0,12.0,14.0,18.0,inferred
North Somerset,2021-03-17,4.0,5.9,7.0,7.0,8.0,9.0,10.0,11.0,12.0,13.0,13.0,15.1,19.0,inferred
North Somerset,2021-03-18,3.0,5.0,6.0,7.0,7.0,8.0,9.0,10.0,11.0,12.0,13.0,15.0,18.0,inferred
North Somerset,2021-03-19,2.0,4.0,5.0,5.0,6.0,7.0,7.0,8.0,9.0,10.0,11.0,12.0,15.0,inferred
North Somerset,2021-03-20,1.0,2.0,3.0,4.0,4.0,5.0,6.0,6.0,7.0,8.0,8.0,10.0,12.0,inferred
North Somerset,2021-03-21,2.0,3.0,5.0,5.0,6.0,6.0,7.0,8.0,9.0,10.0,10.0,12.0,15.0,inferred
North Somerset,2021-03-22,3.0,5.0,6.0,7.0,7.0,8.0,9.0,10.0,11.0,12.0,12.0,14.0,18.0,inferred
North Somerset,2021-03-23,2.0,4.0,5.0,5.0,6.0,6.0,7.0,8.0,9.0,10.0,10.0,12.0,15.0,inferred
North Somerset,2021-03-24,3.0,4.0,5.0,6.0,7.0,8.0,8.0,9.0,10.0,11.0,12.0,13.0,17.0,inferred
North Somerset,2021-03-25,2.0,3.0,5.0,5.0,6.0,6.0,7.0,8.0,9.0,10.0,10.0,12.0,15.0,inferred
North Somerset,2021-03-26,1.0,2.0,3.0,4.0,4.0,5.0,6.0,6.0,7.0,8.0,8.0,10.0,13.0,inferred
North Somerset,2021-03-27,0.0,1.0,2.0,3.0,3.0,3.0,4.0,5.0,5.0,6.0,6.0,8.0,10.0,inferred
North Somerset,2021-03-28,1.0,2.0,3.0,3.0,4.0,4.0,5.0,6.0,7.0,7.0,8.0,9.0,11.5,inferred
North Somerset,2021-03-29,1.0,3.0,4.0,4.0,5.0,5.0,6.0,7.0,8.0,8.0,9.0,10.0,13.0,inferred
North Somerset,2021-03-30,1.0,2.0,3.0,3.0,4.0,4.0,5.0,6.0,6.0,7.0,7.0,9.0,12.0,inferred
North Somerset,2021-03-31,1.0,2.0,3.0,4.0,4.0,5.0,6.0,6.0,7.0,8.0,8.0,10.0,13.0,inferred
North Somerset,2021-04-01,1.0,2.0,3.0,3.0,4.0,4.0,5.0,6.0,7.0,7.0,8.0,9.0,11.0,inferred
North Somerset,2021-04-02,0.0,1.0,2.0,2.0,3.0,3.0,4.0,5.0,5.0,6.0,6.0,8.0,10.0,inferred
North Somerset,2021-04-03,0.0,1.0,1.0,2.0,2.0,2.0,3.0,4.0,4.0,4.0,5.0,6.0,8.0,inferred
North Somerset,2021-04-04,0.0,1.0,2.0,2.0,3.0,3.0,4.0,4.0,5.0,6.0,6.0,8.0,10.0,inferred
North Somerset,2021-04-05,1.0,2.0,3.0,3.0,3.0,4.0,5.0,5.0,6.0,6.0,7.0,8.0,11.0,inferred
North Somerset,2021-04-06,0.0,1.0,2.0,2.0,3.0,3.0,4.0,5.0,5.0,6.0,6.0,7.0,10.0,inferred
North Somerset,2021-04-07,1.0,2.0,3.0,3.0,4.0,4.0,5.0,6.0,6.0,7.0,7.0,9.0,11.0,inferred
North Somerset,2021-04-08,1.0,1.0,2.0,3.0,3.0,4.0,4.0,5.0,6.0,6.0,7.0,8.0,11.0,inferred
North Somerset,2021-04-09,0.0,1.0,2.0,2.0,3.0,3.0,4.0,4.0,5.0,5.0,6.0,8.0,10.0,inferred
North Somerset,2021-04-10,0.0,1.0,1.0,2.0,2.0,2.0,3.0,3.0,4.0,5.0,5.0,6.0,8.0,inferred
North Somerset,2021-04-11,1.0,1.0,2.0,2.0,3.0,3.0,4.0,5.0,5.0,6.0,6.0,8.0,10.0,inferred
North Somerset,2021-04-12,1.0,2.0,3.0,3.0,4.0,4.0,5.0,6.0,7.0,7.0,8.0,10.0,13.0,inferred
North Somerset,2021-04-13,1.0,2.0,3.0,3.0,3.0,4.0,4.0,5.0,6.0,6.0,7.0,8.0,11.0,inferred
North Somerset,2021-04-14,1.0,2.0,3.0,4.0,4.0,5.0,5.0,6.0,7.0,8.0,8.0,10.0,12.0,inferred
North Somerset,2021-04-15,1.0,2.0,3.0,3.0,4.0,4.0,5.0,6.0,7.0,7.0,8.0,9.0,12.0,inferred
North Somerset,2021-04-16,0.5,1.0,2.0,3.0,3.0,4.0,5.0,5.0,6.0,6.0,7.0,8.0,10.0,inferred
North Somerset,2021-04-17,0.0,1.0,2.0,2.0,2.0,3.0,3.0,4.0,4.0,5.0,5.0,6.0,9.0,inferred
North Somerset,2021-04-18,1.0,2.0,3.0,3.0,3.0,4.0,5.0,5.0,6.0,6.0,7.0,9.0,11.0,inferred
North Somerset,2021-04-19,1.0,2.0,4.0,4.0,4.0,5.0,6.0,7.0,8.0,8.0,9.0,10.0,13.0,inferred
North Somerset,2021-04-20,1.0,2.0,3.0,3.0,3.0,4.0,5.0,5.0,6.0,7.0,7.0,9.0,11.0,inferred
North Somerset,2021-04-21,1.0,2.0,3.0,4.0,4.0,5.0,5.0,6.0,7.0,7.0,8.0,9.0,12.0,inferred
North Somerset,2021-04-22,1.0,2.0,3.0,3.0,3.0,4.0,5.0,6.0,6.0,7.0,7.0,9.0,11.5,inferred
North Somerset,2021-04-23,0.0,1.0,2.0,2.0,3.0,3.0,4.0,4.0,5.0,5.0,6.0,7.0,10.0,inferred
North Somerset,2021-04-24,0.0,1.0,1.0,2.0,2.0,2.0,3.0,3.0,4.0,4.0,5.0,6.0,8.0,inferred
North Somerset,2021-04-25,0.0,1.0,2.0,2.0,3.0,3.0,4.0,4.0,5.0,5.0,6.0,7.0,9.0,inferred
North Somerset,2021-04-26,0.0,2.0,2.0,3.0,3.0,4.0,4.0,5.0,6.0,6.0,7.0,8.0,11.0,inferred
North Somerset,2021-04-27,0.0,1.0,2.0,2.0,2.0,3.0,4.0,4.0,5.0,5.0,6.0,7.0,10.0,inferred
North Somerset,2021-04-28,0.5,1.0,2.0,3.0,3.0,4.0,4.0,5.0,6.0,6.0,7.0,8.0,11.0,inferred
North Somerset,2021-04-29,0.0,1.0,2.0,2.0,3.0,3.0,4.0,5.0,5.0,6.0,6.0,8.0,11.0,inferred
North Somerset,2021-04-30,0.0,1.0,2.0,2.0,2.0,3.0,3.0,4.0,4.0,5.0,5.0,7.0,9.0,inferred
North Somerset,2021-05-01,0.0,0.0,1.0,1.0,1.0,2.0,2.0,3.0,3.0,4.0,4.0,6.0,7.0,inferred
North Somerset,2021-05-02,0.0,1.0,2.0,2.0,2.0,3.0,3.0,4.0,5.0,5.0,6.0,7.0,9.0,inferred
North Somerset,2021-05-03,1.0,1.0,2.0,3.0,3.0,4.0,4.0,5.0,6.0,6.0,7.0,8.0,11.0,inferred
North Somerset,2021-05-04,0.0,1.0,2.0,2.0,2.0,3.0,3.0,4.0,5.0,5.0,6.0,7.0,9.0,inferred
North Somerset,2021-05-05,0.0,1.0,2.0,2.0,3.0,3.0,4.0,5.0,6.0,6.0,6.0,8.0,10.0,inferred
North Somerset,2021-05-06,0.0,1.0,2.0,2.0,2.0,3.0,3.0,4.0,5.0,5.0,6.0,7.0,10.0,inferred
North Somerset,2021-05-07,0.0,1.0,1.0,2.0,2.0,2.0,3.0,3.0,4.0,4.0,5.0,6.0,8.0,inferred
North Somerset,2021-05-08,0.0,0.0,1.0,1.0,1.0,1.0,2.0,2.0,3.0,3.0,3.0,5.0,7.0,inferred
North Somerset,2021-05-09,0.0,0.0,1.0,1.0,1.0,2.0,2.0,3.0,4.0,4.0,4.0,6.0,8.0,inferred
North Somerset,2021-05-10,0.0,1.0,2.0,2.0,2.0,3.0,3.0,4.0,4.3,5.0,5.0,7.0,9.0,inferred
North Somerset,2021-05-11,0.0,1.0,1.0,1.0,1.0,2.0,2.0,3.0,4.0,4.0,4.0,5.0,8.0,inferred
North Somerset,2021-05-12,0.0,0.9,1.0,1.0,2.0,2.0,3.0,3.0,4.0,4.0,5.0,6.0,8.0,inferred
North Somerset,2021-05-13,0.0,0.0,1.0,1.0,2.0,2.0,3.0,3.0,4.0,4.0,4.0,6.0,8.0,inferred
North Somerset,2021-05-14,0.0,0.0,1.0,1.0,1.0,2.0,2.0,2.0,3.0,3.0,4.0,5.0,7.0,inferred
North Somerset,2021-05-15,0.0,0.0,0.0,1.0,1.0,1.0,1.0,2.0,2.0,3.0,3.0,4.0,6.0,inferred
North Somerset,2021-05-16,0.0,0.0,1.0,1.0,1.0,2.0,2.0,3.0,3.0,3.0,4.0,5.0,7.0,inferred
North Somerset,2021-05-17,0.0,0.0,1.0,1.0,2.0,2.0,2.0,3.0,4.0,4.0,4.0,6.0,8.0,inferred
North Somerset,2021-05-18,0.0,0.0,1.0,1.0,1.0,2.0,2.0,3.0,3.0,3.0,4.0,5.0,7.0,inferred
North Somerset,2021-05-19,0.0,1.0,1.0,1.0,2.0,2.0,3.0,3.0,4.0,4.0,4.0,6.0,8.0,inferred
North Somerset,2021-05-20,0.0,0.0,1.0,1.0,1.0,2.0,2.0,3.0,3.0,4.0,4.0,5.0,7.0,inferred
North Somerset,2021-05-21,0.0,0.0,1.0,1.0,1.0,1.0,2.0,2.0,3.0,3.0,4.0,5.0,6.0,inferred
North Somerset,2021-05-22,0.0,0.0,0.0,0.0,1.0,1.0,1.0,2.0,2.0,3.0,3.0,4.0,6.0,inferred
North Somerset,2021-05-23,0.0,0.0,1.0,1.0,1.0,1.0,2.0,2.0,3.0,3.0,4.0,5.0,7.0,inferred
North Somerset,2021-05-24,0.0,0.0,1.0,1.0,2.0,2.0,3.0,3.0,4.0,4.0,4.0,6.0,8.0,inferred
North Somerset,2021-05-25,0.0,0.0,1.0,1.0,1.0,2.0,2.0,3.0,3.0,4.0,4.0,5.0,7.0,inferred
North Somerset,2021-05-26,0.0,1.0,1.0,2.0,2.0,2.0,3.0,3.0,4.0,5.0,5.0,6.0,8.0,inferred
North Somerset,2021-05-27,0.0,1.0,1.0,2.0,2.0,2.0,3.0,4.0,4.0,5.0,5.0,6.0,8.5,inferred
North Somerset,2021-05-28,0.0,1.0,1.0,1.0,2.0,2.0,3.0,3.0,4.0,4.0,5.0,6.0,8.0,inferred
North Somerset,2021-05-29,0.0,0.0,1.0,1.0,1.0,2.0,2.0,3.0,3.0,3.0,4.0,5.0,7.0,inferred
North Somerset,2021-05-30,0.0,1.0,1.0,2.0,2.0,3.0,3.0,4.0,4.0,5.0,5.0,7.0,8.0,inferred
North Somerset,2021-05-31,1.0,2.0,3.0,3.0,3.0,4.0,5.0,5.0,6.0,7.0,7.0,8.0,11.0,inferred
North Somerset,2021-06-01,1.0,2.0,2.0,3.0,3.0,4.0,4.0,5.0,6.0,6.0,7.0,8.0,11.0,inferred
North Somerset,2021-06-02,1.0,3.0,4.0,4.0,5.0,5.0,6.0,7.0,8.0,8.0,9.0,11.0,13.0,inferred
North Somerset,2021-06-03,2.0,3.0,4.0,5.0,5.0,6.0,7.0,8.0,9.0,9.0,10.0,12.0,15.0,inferred
North Somerset,2021-06-04,2.0,3.0,4.0,5.0,5.0,6.0,7.0,8.0,8.0,9.0,10.0,12.0,15.0,inferred
North Somerset,2021-06-05,1.0,2.0,3.0,4.0,4.0,5.0,6.0,6.0,7.0,8.0,8.0,10.0,13.0,inferred
North Somerset,2021-06-06,3.0,5.0,6.0,7.0,7.0,8.0,9.0,10.0,11.0,11.0,12.0,14.0,18.0,inferred
North Somerset,2021-06-07,5.0,8.0,9.0,10.0,11.0,12.0,13.0,14.0,15.0,16.0,17.0,19.0,24.0,inferred
North Somerset,2021-06-08,5.0,7.0,9.0,9.0,10.0,11.0,12.0,14.0,15.0,16.0,16.0,19.0,22.0,inferred
North Somerset,2021-06-09,7.0,10.0,12.0,13.0,14.0,15.0,16.0,17.0,19.0,20.0,21.0,23.0,27.0,inferred
North Somerset,2021-06-10,8.0,11.0,12.8,13.0,14.0,15.0,16.0,18.0,19.0,20.0,21.0,23.0,27.0,inferred
North Somerset,2021-06-11,7.0,10.0,12.0,12.0,13.0,14.0,16.0,17.0,18.0,19.0,20.0,23.0,26.0,inferred
North Somerset,2021-06-12,5.0,8.0,9.0,10.0,10.7,12.0,13.0,14.0,15.0,16.0,16.0,19.0,23.0,inferred
North Somerset,2021-06-13,10.0,13.0,15.0,16.0,16.0,18.0,19.0,21.0,22.0,23.0,24.0,27.0,32.0,inferred
North Somerset,2021-06-14,14.0,18.0,21.0,22.0,23.0,25.0,27.0,28.0,30.0,31.0,32.0,35.0,41.0,inferred
North Somerset,2021-06-15,13.0,17.0,19.0,20.0,21.0,23.0,24.0,26.0,28.0,29.0,30.0,33.0,39.0,inferred
North Somerset,2021-06-16,17.5,21.9,24.0,25.0,26.0,28.0,30.0,32.0,34.0,35.0,37.0,40.0,46.0,inferred
North Somerset,2021-06-17,17.0,21.0,24.0,25.0,26.0,28.0,30.0,31.0,33.0,34.0,35.0,39.0,45.0,inferred
North Somerset,2021-06-18,14.0,18.0,21.0,22.0,23.0,24.0,26.0,28.0,30.0,31.0,32.0,36.0,41.0,inferred
North Tyneside,2021-03-06,8.0,11.0,13.0,14.0,14.0,16.0,17.0,19.0,21.0,22.0,23.0,26.0,32.5,inferred
North Tyneside,2021-03-07,9.0,12.0,14.0,15.0,16.0,18.0,20.0,21.0,23.0,24.0,25.0,29.0,35.0,inferred
North Tyneside,2021-03-08,13.0,17.0,19.0,21.0,22.0,24.0,26.0,28.0,29.0,31.0,32.0,36.0,42.0,inferred
North Tyneside,2021-03-09,12.0,16.0,18.0,20.0,21.0,22.0,24.0,26.0,28.0,29.0,31.0,34.0,40.5,inferred
North Tyneside,2021-03-10,12.5,16.0,19.0,20.0,21.0,22.0,24.0,26.0,28.0,29.0,31.0,34.0,41.0,inferred
North Tyneside,2021-03-11,11.0,14.0,17.0,17.0,19.0,21.0,22.0,24.0,26.0,27.0,28.0,32.0,39.0,inferred
North Tyneside,2021-03-12,9.0,12.0,15.0,16.0,16.0,18.0,20.0,21.0,23.0,25.0,26.0,29.0,35.0,inferred
North Tyneside,2021-03-13,7.0,10.0,12.0,13.0,13.0,15.0,16.0,18.0,20.0,21.0,22.0,26.0,30.5,inferred
North Tyneside,2021-03-14,8.0,11.0,13.0,14.0,15.0,16.0,18.0,19.0,21.0,22.0,23.0,26.0,32.0,inferred
North Tyneside,2021-03-15,11.0,14.0,17.0,18.0,19.0,20.6,22.0,24.0,26.0,27.0,29.0,32.0,38.0,inferred
North Tyneside,2021-03-16,9.0,12.0,15.0,16.0,17.0,19.0,20.0,22.0,24.0,25.0,27.0,31.0,37.0,inferred
North Tyneside,2021-03-17,9.0,12.0,15.0,16.0,17.0,19.0,20.0,22.0,24.0,25.0,27.0,31.0,36.0,inferred
North Tyneside,2021-03-18,8.0,11.0,14.0,14.0,15.0,17.0,19.0,20.0,22.0,23.0,24.0,28.0,35.0,inferred
North Tyneside,2021-03-19,6.0,9.0,11.0,12.0,13.0,14.0,16.0,18.0,19.0,21.0,22.0,25.0,30.0,inferred
North Tyneside,2021-03-20,4.0,7.0,9.0,9.0,10.0,11.0,13.0,14.0,16.0,17.0,18.0,21.0,26.0,inferred
North Tyneside,2021-03-21,5.0,7.0,9.0,10.0,11.0,12.0,13.0,15.0,16.3,17.0,18.0,21.0,26.5,inferred
North Tyneside,2021-03-22,7.0,10.0,12.0,13.0,14.0,16.0,17.0,19.0,21.0,22.0,23.0,26.0,32.0,inferred
North Tyneside,2021-03-23,6.0,9.0,11.0,12.0,13.0,14.0,16.0,18.0,19.0,20.0,22.0,25.0,30.0,inferred
North Tyneside,2021-03-24,6.0,9.0,12.0,12.0,13.0,14.0,16.0,18.0,20.0,21.0,22.0,25.0,31.0,inferred
North Tyneside,2021-03-25,6.0,8.0,10.0,11.0,12.0,14.0,15.0,17.0,18.0,19.0,20.0,23.0,28.0,inferred
North Tyneside,2021-03-26,5.0,7.0,9.0,10.0,11.0,12.0,13.0,15.0,17.0,18.0,18.2,21.0,28.0,inferred
North Tyneside,2021-03-27,3.0,5.0,7.0,8.0,9.0,10.0,11.0,12.0,14.0,15.0,16.0,19.0,23.0,inferred
North Tyneside,2021-03-28,4.0,6.0,8.0,9.0,9.0,11.0,12.0,14.0,15.0,16.0,17.0,20.0,25.0,inferred
North Tyneside,2021-03-29,6.0,9.0,11.0,12.0,12.0,14.0,15.0,17.0,19.0,20.0,21.0,24.0,29.5,inferred
North Tyneside,2021-03-30,5.0,7.0,9.0,10.0,11.0,12.0,14.0,15.0,17.0,18.0,19.0,22.0,26.0,inferred
North Tyneside,2021-03-31,5.0,7.0,9.0,10.0,11.0,12.0,14.0,15.0,17.0,18.0,19.0,22.0,28.0,inferred
North Tyneside,2021-04-01,4.0,6.0,8.0,9.0,9.0,11.0,12.0,13.0,15.0,16.0,17.0,20.0,25.0,inferred
North Tyneside,2021-04-02,3.0,5.0,7.0,8.0,8.0,10.0,11.0,12.0,14.0,14.0,15.2,18.0,23.0,inferred
North Tyneside,2021-04-03,2.0,4.0,5.0,6.0,6.0,7.0,8.0,9.0,11.0,11.0,12.0,15.0,19.0,inferred
North Tyneside,2021-04-04,2.0,4.0,5.0,6.0,7.0,8.0,9.0,10.0,11.0,12.0,13.0,15.0,21.0,inferred
North Tyneside,2021-04-05,3.0,5.0,7.0,8.0,9.0,10.0,11.0,12.0,14.0,15.0,16.0,18.0,23.5,inferred
North Tyneside,2021-04-06,2.0,4.0,6.0,7.0,8.0,9.0,10.0,11.0,13.0,14.0,15.0,18.0,22.5,inferred
North Tyneside,2021-04-07,2.0,4.0,6.0,7.0,8.0,9.0,10.0,11.0,12.0,13.0,14.0,17.0,21.0,inferred
North Tyneside,2021-04-08,2.0,4.0,6.0,6.0,7.0,8.0,9.0,10.0,11.0,12.0,13.0,15.0,20.0,inferred
North Tyneside,2021-04-09,2.0,3.0,4.0,5.0,5.0,6.0,8.0,9.0,10.0,11.0,11.0,14.0,19.0,inferred
North Tyneside,2021-04-10,1.0,2.0,3.0,3.0,4.0,5.0,5.5,6.0,8.0,8.0,9.0,11.0,15.0,inferred
North Tyneside,2021-04-11,1.0,2.0,3.0,4.0,4.0,5.0,6.0,7.0,8.0,8.0,9.0,12.0,15.0,inferred
North Tyneside,2021-04-12,1.0,3.0,4.0,5.0,5.0,6.0,7.0,8.0,10.0,10.0,11.0,13.0,17.0,inferred
North Tyneside,2021-04-13,1.0,2.0,4.0,4.0,5.0,6.0,6.0,7.0,9.0,9.0,10.0,12.0,16.0,inferred
North Tyneside,2021-04-14,1.0,2.0,4.0,4.0,5.0,5.0,6.0,7.0,9.0,9.0,10.0,12.0,16.0,inferred
North Tyneside,2021-04-15,1.0,2.0,3.0,4.0,4.0,5.0,6.0,7.0,8.0,9.0,9.0,12.0,16.0,inferred
North Tyneside,2021-04-16,1.0,2.0,3.0,3.0,4.0,4.0,5.0,6.0,7.0,8.0,9.0,11.0,15.0,inferred
North Tyneside,2021-04-17,0.0,1.0,2.0,2.0,3.0,3.0,4.0,5.0,6.0,7.0,7.0,9.0,12.0,inferred
North Tyneside,2021-04-18,0.0,1.0,2.0,3.0,3.0,4.0,5.0,6.0,7.0,7.0,8.0,10.0,13.0,inferred
North Tyneside,2021-04-19,1.0,2.0,3.0,4.0,4.0,5.0,6.0,7.0,8.0,9.0,10.0,12.0,16.0,inferred
North Tyneside,2021-04-20,1.0,2.0,3.0,3.0,4.0,5.0,6.0,7.0,8.0,8.0,9.0,11.0,15.0,inferred
North Tyneside,2021-04-21,1.0,2.0,3.0,4.0,4.0,5.0,6.0,7.0,8.0,8.0,9.0,11.0,16.0,inferred
North Tyneside,2021-04-22,0.5,2.0,3.0,3.0,4.0,5.0,5.0,6.0,7.0,8.0,9.0,11.0,14.0,inferred
North Tyneside,2021-04-23,0.0,2.0,3.0,3.0,3.0,4.0,5.0,6.0,6.3,7.0,8.0,10.0,14.0,inferred
North Tyneside,2021-04-24,0.0,1.0,2.0,2.0,2.0,3.0,4.0,5.0,6.0,6.0,7.0,9.0,12.0,inferred
North Tyneside,2021-04-25,0.0,1.0,2.0,3.0,3.0,4.0,5.0,5.0,6.0,7.0,8.0,9.0,13.0,inferred
North Tyneside,2021-04-26,0.5,2.0,3.0,4.0,4.0,5.0,6.0,7.0,8.0,8.0,9.0,11.0,15.0,inferred
North Tyneside,2021-04-27,1.0,2.0,3.0,3.0,4.0,5.0,6.0,6.0,7.0,8.0,9.0,11.0,14.0,inferred
North Tyneside,2021-04-28,1.0,2.0,3.0,4.0,4.0,5.0,6.0,7.0,8.0,8.0,9.0,11.0,15.5,inferred
North Tyneside,2021-04-29,1.0,2.0,3.0,3.0,4.0,4.0,5.0,6.0,7.0,8.0,9.0,11.0,14.0,inferred
North Tyneside,2021-04-30,1.0,2.0,3.0,3.0,3.0,4.0,5.0,6.0,7.0,8.0,8.0,11.0,14.0,inferred
North Tyneside,2021-05-01,0.0,1.0,2.0,3.0,3.0,4.0,4.0,5.0,6.0,7.0,7.0,10.0,13.0,inferred
North Tyneside,2021-05-02,0.0,2.0,3.0,3.0,3.0,4.0,5.0,6.0,7.0,7.0,8.0,10.0,14.0,inferred
North Tyneside,2021-05-03,1.0,2.0,4.0,4.0,5.0,6.0,7.0,8.0,9.0,10.0,10.0,13.0,16.0,inferred
North Tyneside,2021-05-04,1.0,3.0,4.0,5.0,5.0,6.0,7.0,8.0,9.0,10.0,11.0,13.0,17.0,inferred
North Tyneside,2021-05-05,1.0,3.0,4.0,5.0,6.0,7.0,8.0,9.0,10.0,11.0,12.0,14.0,19.0,inferred
North Tyneside,2021-05-06,1.0,3.0,4.0,5.0,5.0,6.0,7.0,9.0,10.0,10.0,11.0,13.0,18.5,inferred
North Tyneside,2021-05-07,1.0,3.0,4.0,5.0,5.0,6.0,7.0,8.0,10.0,10.0,11.0,14.0,18.0,inferred
North Tyneside,2021-05-08,1.0,2.0,3.0,4.0,5.0,5.0,6.0,7.0,9.0,9.0,10.0,12.0,16.0,inferred
North Tyneside,2021-05-09,2.0,3.0,4.0,5.0,5.0,6.0,8.0,9.0,10.0,11.0,12.0,14.0,18.0,inferred
North Tyneside,2021-05-10,3.0,5.0,7.0,7.0,8.0,9.0,10.0,12.0,13.0,14.0,15.0,18.0,23.0,inferred
North Tyneside,2021-05-11,3.0,5.0,7.0,7.0,8.0,9.0,10.0,12.0,13.0,14.0,15.0,18.0,23.0,inferred
North Tyneside,2021-05-12,3.0,6.0,8.0,9.0,9.0,10.0,12.0,13.0,14.0,15.0,16.0,19.0,24.0,inferred
North Tyneside,2021-05-13,4.0,6.0,8.0,9.0,9.0,10.0,11.0,13.0,14.0,15.0,16.0,19.0,25.0,inferred
North Tyneside,2021-05-14,3.0,5.0,7.0,8.0,9.0,10.0,11.0,13.0,14.0,15.0,16.0,19.0,23.0,inferred
North Tyneside,2021-05-15,2.5,5.0,6.0,7.0,7.0,8.0,9.0,11.0,12.0,13.0,14.0,17.0,21.0,inferred
North Tyneside,2021-05-16,4.0,6.0,8.0,8.0,9.0,10.0,11.0,13.0,14.0,15.0,16.0,19.0,23.0,inferred
North Tyneside,2021-05-17,5.0,9.0,11.0,11.8,12.0,14.0,15.0,17.0,19.0,20.0,21.0,24.0,29.0,inferred
North Tyneside,2021-05-18,5.0,8.0,10.0,11.0,12.0,13.0,15.0,16.0,18.0,19.0,20.0,23.0,29.0,inferred
North Tyneside,2021-05-19,6.0,9.0,11.0,12.0,13.0,14.0,16.0,17.0,19.0,20.0,21.0,24.0,29.0,inferred
North Tyneside,2021-05-20,5.0,8.0,10.0,11.0,12.0,13.0,15.0,16.0,18.0,19.0,20.0,23.0,28.0,inferred
North Tyneside,2021-05-21,5.0,7.0,9.0,10.0,11.0,12.0,14.0,15.0,17.0,18.0,19.0,22.0,27.0,inferred
North Tyneside,2021-05-22,4.0,6.0,8.0,8.0,9.0,10.0,12.0,13.0,15.0,16.0,16.0,19.0,24.0,inferred
North Tyneside,2021-05-23,4.0,7.0,9.0,9.0,10.0,12.0,13.0,14.0,16.0,17.0,18.0,20.1,27.0,inferred
North Tyneside,2021-05-24,7.0,10.0,12.0,13.0,14.0,15.0,17.0,19.0,20.0,22.0,23.0,26.0,32.0,inferred
North Tyneside,2021-05-25,7.0,10.0,12.0,13.0,14.0,16.0,17.0,19.0,21.0,22.0,23.0,26.0,32.0,inferred
North Tyneside,2021-05-26,8.0,11.0,14.0,15.0,15.0,17.0,19.0,21.0,22.0,23.0,25.0,28.0,34.0,inferred
North Tyneside,2021-05-27,7.0,11.0,13.0,14.0,15.0,17.0,18.0,20.0,21.0,23.0,24.0,27.0,34.0,inferred
North Tyneside,2021-05-28,8.0,11.0,13.0,14.0,14.0,16.0,17.0,19.0,21.0,22.0,23.0,26.0,32.0,inferred
North Tyneside,2021-05-29,5.0,8.0,10.0,11.0,12.0,13.0,15.0,16.0,18.0,19.0,20.0,23.0,30.0,inferred
North Tyneside,2021-05-30,7.0,10.0,13.0,13.0,14.0,16.0,17.0,19.0,21.0,22.0,23.0,27.0,32.5,inferred
North Tyneside,2021-05-31,11.0,15.0,18.0,19.0,20.0,22.0,23.0,25.0,28.0,29.0,30.0,33.0,39.0,inferred
North Tyneside,2021-06-01,11.0,15.0,17.0,19.0,19.0,21.0,23.0,25.0,27.0,28.0,30.0,34.0,39.0,inferred
North Tyneside,2021-06-02,13.0,17.0,19.0,20.0,22.0,24.0,26.0,28.0,30.0,31.0,33.0,37.0,44.5,inferred
North Tyneside,2021-06-03,12.0,16.0,20.0,21.0,22.0,24.0,26.0,28.0,30.0,31.0,33.0,37.0,43.0,inferred
North Tyneside,2021-06-04,12.0,16.0,19.0,21.0,22.0,24.0,26.0,28.0,30.0,31.0,33.0,37.0,43.0,inferred
North Tyneside,2021-06-05,11.0,15.0,18.0,19.0,20.0,21.0,23.0,25.0,27.0,28.0,30.0,33.0,40.5,inferred
North Tyneside,2021-06-06,14.5,19.0,22.0,23.0,24.0,26.0,28.0,30.0,32.0,34.0,35.0,40.0,45.0,inferred
North Tyneside,2021-06-07,23.0,28.0,32.0,34.0,35.0,38.0,40.0,43.0,45.0,46.0,48.0,52.1,60.5,inferred
North Tyneside,2021-06-08,24.0,29.0,33.0,35.0,36.0,39.0,41.0,44.0,46.0,48.0,49.0,54.0,62.0,inferred
North Tyneside,2021-06-09,28.0,35.0,39.0,40.0,42.0,45.0,47.0,50.0,53.0,54.0,56.0,61.0,69.5,inferred
North Tyneside,2021-06-10,30.0,36.0,40.0,41.0,43.0,46.0,48.0,51.0,54.0,56.0,57.0,62.0,71.0,inferred
North Tyneside,2021-06-11,29.5,35.0,40.0,41.0,42.0,45.0,48.0,50.0,53.0,55.0,57.0,62.1,71.5,inferred
North Tyneside,2021-06-12,26.0,32.0,35.0,37.0,38.0,41.0,43.0,45.0,48.0,50.0,51.0,56.0,64.5,inferred
North Tyneside,2021-06-13,32.0,39.0,44.0,46.0,47.0,50.0,52.0,55.0,58.0,60.0,62.0,67.0,75.0,inferred
North Tyneside,2021-06-14,50.0,57.0,62.0,64.0,66.0,70.0,73.0,77.0,81.0,83.0,85.0,91.0,101.0,inferred
North Tyneside,2021-06-15,50.0,58.0,63.0,65.0,67.0,71.0,74.0,78.0,81.0,83.0,85.0,92.0,102.0,inferred
North Tyneside,2021-06-16,56.0,64.9,71.0,73.0,75.0,79.0,82.0,85.4,90.0,92.0,94.0,101.0,114.0,inferred
North Tyneside,2021-06-17,56.5,65.0,71.0,73.0,75.0,79.0,82.0,86.0,89.0,92.0,94.0,101.1,113.0,inferred
North Tyneside,2021-06-18,53.5,61.0,68.0,70.0,73.0,76.0,80.0,84.0,89.0,91.0,93.0,101.0,112.0,inferred
North Warwickshire,2021-03-06,1.0,2.0,4.0,4.0,4.0,5.0,6.0,7.0,8.0,8.0,9.0,11.0,14.0,inferred
North Warwickshire,2021-03-07,2.0,3.0,4.0,5.0,5.0,6.0,7.0,8.0,9.0,10.0,10.0,12.0,16.0,inferred
North Warwickshire,2021-03-08,2.0,4.0,6.0,6.0,7.0,8.0,9.0,10.0,11.0,12.0,12.0,15.0,18.0,inferred
North Warwickshire,2021-03-09,2.0,4.0,5.0,6.0,6.0,7.0,8.0,9.0,11.0,11.0,12.0,14.0,18.0,inferred
North Warwickshire,2021-03-10,2.0,4.0,6.0,6.0,7.0,8.0,9.0,10.0,11.0,12.0,12.0,15.0,19.0,inferred
North Warwickshire,2021-03-11,2.0,4.0,5.0,6.0,6.0,7.0,8.0,9.0,10.0,11.0,12.0,14.0,18.0,inferred
North Warwickshire,2021-03-12,1.0,3.0,4.0,5.0,5.0,6.0,7.0,8.0,9.0,10.0,10.0,12.0,16.0,inferred
North Warwickshire,2021-03-13,1.0,2.0,3.0,4.0,4.0,5.0,6.0,7.0,7.0,8.0,9.0,10.1,14.0,inferred
North Warwickshire,2021-03-14,1.0,3.0,4.0,4.0,5.0,6.0,7.0,8.0,9.0,9.0,10.0,12.0,16.0,inferred
North Warwickshire,2021-03-15,2.0,4.0,6.0,6.0,7.0,8.0,9.0,10.0,11.0,12.0,12.0,15.0,19.0,inferred
North Warwickshire,2021-03-16,2.0,4.0,6.0,6.0,7.0,8.0,9.0,10.0,11.0,12.0,13.0,15.0,19.0,inferred
North Warwickshire,2021-03-17,3.0,5.0,6.0,7.0,8.0,9.0,10.0,11.0,12.0,13.0,14.0,16.0,21.0,inferred
North Warwickshire,2021-03-18,3.0,5.0,6.0,7.0,8.0,8.6,9.0,11.0,12.0,13.0,13.0,16.0,20.0,inferred
North Warwickshire,2021-03-19,3.0,4.0,6.0,7.0,7.0,8.0,9.0,10.0,12.0,12.0,13.0,15.0,19.0,inferred
North Warwickshire,2021-03-20,2.0,4.0,5.0,5.0,6.0,7.0,8.0,9.0,10.0,11.0,11.0,13.0,17.0,inferred
North Warwickshire,2021-03-21,3.0,5.0,6.0,7.0,7.7,9.0,10.0,11.0,12.0,13.0,14.0,16.0,20.0,inferred
North Warwickshire,2021-03-22,5.0,7.0,9.0,10.0,11.0,12.0,13.0,15.0,17.0,17.0,18.0,21.0,26.0,inferred
North Warwickshire,2021-03-23,5.0,7.0,9.0,10.0,11.0,12.0,13.0,14.0,16.0,17.0,18.0,20.0,24.0,inferred
North Warwickshire,2021-03-24,5.0,8.0,9.0,10.0,11.0,12.0,13.0,15.0,16.0,17.0,18.0,20.1,25.0,inferred
North Warwickshire,2021-03-25,4.0,6.0,8.0,9.0,9.0,10.0,12.0,13.0,14.0,15.0,16.0,18.0,22.0,inferred
North Warwickshire,2021-03-26,3.0,5.0,6.0,7.0,8.0,9.0,10.0,11.0,12.0,12.0,13.0,16.0,20.0,inferred
North Warwickshire,2021-03-27,2.0,3.0,5.0,5.0,5.0,6.0,7.0,8.0,9.0,10.0,11.0,13.0,17.0,inferred
North Warwickshire,2021-03-28,2.0,4.0,5.0,6.0,6.0,7.0,8.0,9.0,10.0,11.0,12.0,14.0,17.0,inferred
North Warwickshire,2021-03-29,3.0,5.0,6.0,7.0,8.0,9.0,10.0,11.0,12.0,13.0,14.0,16.0,20.0,inferred
North Warwickshire,2021-03-30,2.0,4.0,6.0,6.0,7.0,8.0,9.0,10.0,11.0,11.0,12.0,14.0,18.0,inferred
North Warwickshire,2021-03-31,2.0,4.0,5.0,6.0,6.0,8.0,8.5,10.0,11.0,11.0,12.0,14.0,18.0,inferred
North Warwickshire,2021-04-01,1.0,3.0,4.0,5.0,5.0,6.0,7.0,8.0,9.0,9.0,10.0,12.0,16.0,inferred
North Warwickshire,2021-04-02,1.0,2.0,3.0,4.0,4.0,5.0,6.0,7.0,8.0,8.0,9.0,11.0,14.0,inferred
North Warwickshire,2021-04-03,0.0,1.0,2.0,2.0,3.0,3.0,4.0,5.0,5.0,6.0,6.0,8.0,11.0,inferred
North Warwickshire,2021-04-04,0.0,1.0,2.0,3.0,3.0,4.0,4.0,5.0,6.0,6.0,7.0,9.0,12.0,inferred
North Warwickshire,2021-04-05,1.0,2.0,3.0,3.0,3.0,4.0,5.0,6.0,7.0,8.0,8.0,10.0,13.0,inferred
North Warwickshire,2021-04-06,1.0,2.0,2.0,3.0,3.0,4.0,5.0,5.0,6.0,7.0,7.0,9.0,12.0,inferred
North Warwickshire,2021-04-07,0.0,1.0,2.0,3.0,3.0,4.0,5.0,5.4,6.0,7.0,7.0,9.0,12.0,inferred
North Warwickshire,2021-04-08,0.0,1.0,2.0,2.0,3.0,3.0,4.0,4.0,5.0,6.0,6.0,8.0,11.0,inferred
North Warwickshire,2021-04-09,0.0,1.0,1.0,2.0,2.0,3.0,3.0,4.0,5.0,5.0,6.0,7.0,10.0,inferred
North Warwickshire,2021-04-10,0.0,0.0,1.0,1.0,1.0,2.0,2.0,3.0,4.0,4.0,5.0,6.0,9.0,inferred
North Warwickshire,2021-04-11,0.0,0.0,1.0,1.0,1.0,2.0,2.0,3.0,4.0,4.0,5.0,6.0,9.0,inferred
North Warwickshire,2021-04-12,0.0,1.0,1.0,2.0,2.0,3.0,3.0,4.0,5.0,5.0,6.0,7.0,10.0,inferred
North Warwickshire,2021-04-13,0.0,0.0,1.0,1.0,2.0,2.0,3.0,3.0,4.0,4.0,5.0,7.0,10.0,inferred
North Warwickshire,2021-04-14,0.0,1.0,1.0,1.0,2.0,2.0,3.0,3.0,4.0,5.0,5.0,7.0,9.0,inferred
North Warwickshire,2021-04-15,0.0,0.0,1.0,1.0,1.0,2.0,2.0,3.0,4.0,4.0,4.0,6.0,8.0,inferred
North Warwickshire,2021-04-16,0.0,0.0,1.0,1.0,1.0,1.0,2.0,2.0,3.0,3.0,4.0,5.0,8.0,inferred
North Warwickshire,2021-04-17,0.0,0.0,0.0,0.0,1.0,1.0,1.0,2.0,2.0,3.0,3.0,4.0,6.0,inferred
North Warwickshire,2021-04-18,0.0,0.0,0.0,0.0,1.0,1.0,1.0,2.0,2.0,3.0,3.0,5.0,7.0,inferred
North Warwickshire,2021-04-19,0.0,0.0,0.0,1.0,1.0,1.0,2.0,2.0,3.0,3.0,4.0,5.0,7.0,inferred
North Warwickshire,2021-04-20,0.0,0.0,0.0,1.0,1.0,1.0,2.0,2.0,3.0,3.0,4.0,5.0,7.0,inferred
North Warwickshire,2021-04-21,0.0,0.0,0.0,1.0,1.0,1.0,2.0,2.0,3.0,3.0,3.0,4.0,7.0,inferred
North Warwickshire,2021-04-22,0.0,0.0,0.0,0.0,1.0,1.0,1.0,2.0,2.0,3.0,3.0,4.0,7.0,inferred
North Warwickshire,2021-04-23,0.0,0.0,0.0,0.0,0.0,1.0,1.0,2.0,2.0,2.0,3.0,4.0,6.0,inferred
North Warwickshire,2021-04-24,0.0,0.0,0.0,0.0,0.0,0.0,1.0,1.0,2.0,2.0,2.0,3.0,5.0,inferred
North Warwickshire,2021-04-25,0.0,0.0,0.0,0.0,0.0,1.0,1.0,1.0,2.0,2.0,2.0,4.0,6.0,inferred
North Warwickshire,2021-04-26,0.0,0.0,0.0,0.0,1.0,1.0,1.0,2.0,2.0,2.0,3.0,4.0,6.5,inferred
North Warwickshire,2021-04-27,0.0,0.0,0.0,0.0,0.0,1.0,1.0,2.0,2.0,2.0,3.0,4.0,6.0,inferred
North Warwickshire,2021-04-28,0.0,0.0,0.0,0.0,0.0,1.0,1.0,2.0,2.0,2.0,3.0,4.0,6.0,inferred
North Warwickshire,2021-04-29,0.0,0.0,0.0,0.0,0.0,1.0,1.0,2.0,2.0,2.0,3.0,4.0,5.0,inferred
North Warwickshire,2021-04-30,0.0,0.0,0.0,0.0,0.0,1.0,1.0,1.0,2.0,2.0,2.0,3.0,5.0,inferred
North Warwickshire,2021-05-01,0.0,0.0,0.0,0.0,0.0,0.0,1.0,1.0,1.0,2.0,2.0,3.0,5.0,inferred
North Warwickshire,2021-05-02,0.0,0.0,0.0,0.0,0.0,1.0,1.0,1.0,2.0,2.0,3.0,4.0,5.0,inferred
North Warwickshire,2021-05-03,0.0,0.0,0.0,0.0,0.0,1.0,1.0,2.0,2.0,2.0,3.0,4.0,7.0,inferred
North Warwickshire,2021-05-04,0.0,0.0,0.0,0.0,0.0,1.0,1.0,2.0,2.0,2.0,3.0,4.0,6.0,inferred
North Warwickshire,2021-05-05,0.0,0.0,0.0,0.0,0.0,1.0,1.0,2.0,2.0,2.0,3.0,4.0,6.0,inferred
North Warwickshire,2021-05-06,0.0,0.0,0.0,0.0,0.0,1.0,1.0,1.0,2.0,2.0,3.0,4.0,6.0,inferred
North Warwickshire,2021-05-07,0.0,0.0,0.0,0.0,0.0,1.0,1.0,1.0,2.0,2.0,2.0,3.0,5.0,inferred
North Warwickshire,2021-05-08,0.0,0.0,0.0,0.0,0.0,0.0,0.0,1.0,1.0,2.0,2.0,3.0,5.0,inferred
North Warwickshire,2021-05-09,0.0,0.0,0.0,0.0,0.0,0.0,1.0,1.0,2.0,2.0,2.0,3.0,5.0,inferred
North Warwickshire,2021-05-10,0.0,0.0,0.0,0.0,0.0,1.0,1.0,1.0,2.0,2.0,3.0,4.0,6.0,inferred
North Warwickshire,2021-05-11,0.0,0.0,0.0,0.0,0.0,1.0,1.0,1.0,2.0,2.0,3.0,3.0,5.0,inferred
North Warwickshire,2021-05-12,0.0,0.0,0.0,0.0,0.0,1.0,1.0,1.0,2.0,2.0,3.0,4.0,6.0,inferred
North Warwickshire,2021-05-13,0.0,0.0,0.0,0.0,0.0,1.0,1.0,1.0,2.0,2.0,2.0,3.0,5.0,inferred
North Warwickshire,2021-05-14,0.0,0.0,0.0,0.0,0.0,0.0,1.0,1.0,1.0,2.0,2.0,3.0,5.0,inferred
North Warwickshire,2021-05-15,0.0,0.0,0.0,0.0,0.0,0.0,0.0,1.0,1.0,1.0,2.0,3.0,4.0,inferred
North Warwickshire,2021-05-16,0.0,0.0,0.0,0.0,0.0,0.0,1.0,1.0,1.0,2.0,2.0,3.0,5.0,inferred
North Warwickshire,2021-05-17,0.0,0.0,0.0,0.0,0.0,1.0,1.0,1.0,2.0,2.0,2.0,3.0,5.0,inferred
North Warwickshire,2021-05-18,0.0,0.0,0.0,0.0,0.0,0.0,1.0,1.0,2.0,2.0,2.0,3.0,5.0,inferred
North Warwickshire,2021-05-19,0.0,0.0,0.0,0.0,0.0,1.0,1.0,1.0,2.0,2.0,2.0,4.0,6.0,inferred
North Warwickshire,2021-05-20,0.0,0.0,0.0,0.0,0.0,0.6,1.0,1.0,2.0,2.0,2.0,3.0,5.0,inferred
North Warwickshire,2021-05-21,0.0,0.0,0.0,0.0,0.0,0.0,1.0,1.0,1.0,2.0,2.0,3.0,5.0,inferred
North Warwickshire,2021-05-22,0.0,0.0,0.0,0.0,0.0,0.0,1.0,1.0,1.0,2.0,2.0,3.0,4.0,inferred
North Warwickshire,2021-05-23,0.0,0.0,0.0,0.0,0.0,0.0,1.0,1.0,1.0,2.0,2.0,3.0,5.0,inferred
North Warwickshire,2021-05-24,0.0,0.0,0.0,0.0,0.0,1.0,1.0,2.0,2.0,2.0,3.0,4.0,6.0,inferred
North Warwickshire,2021-05-25,0.0,0.0,0.0,0.0,0.0,1.0,1.0,1.0,2.0,2.0,3.0,4.0,6.0,inferred
North Warwickshire,2021-05-26,0.0,0.0,0.0,0.0,0.0,1.0,1.0,2.0,2.0,2.0,3.0,4.0,7.0,inferred
North Warwickshire,2021-05-27,0.0,0.0,0.0,0.0,0.0,1.0,1.0,1.0,2.0,2.0,3.0,4.0,6.0,inferred
North Warwickshire,2021-05-28,0.0,0.0,0.0,0.0,0.0,1.0,1.0,1.0,2.0,2.0,3.0,4.0,6.0,inferred
North Warwickshire,2021-05-29,0.0,0.0,0.0,0.0,0.0,1.0,1.0,1.0,2.0,2.0,2.0,3.0,5.0,inferred
North Warwickshire,2021-05-30,0.0,0.0,0.0,0.0,0.0,1.0,1.0,2.0,2.0,2.0,3.0,4.0,6.0,inferred
North Warwickshire,2021-05-31,0.0,0.0,0.0,1.0,1.0,1.0,2.0,2.0,3.0,3.0,4.0,5.0,7.0,inferred
North Warwickshire,2021-06-01,0.0,0.0,1.0,1.0,1.0,1.0,2.0,2.0,3.0,3.0,4.0,5.0,7.0,inferred
North Warwickshire,2021-06-02,0.0,0.0,1.0,1.0,1.0,2.0,2.0,3.0,3.0,4.0,4.0,6.0,9.0,inferred
North Warwickshire,2021-06-03,0.0,0.0,1.0,1.0,1.0,2.0,2.0,3.0,3.0,4.0,4.0,6.0,8.0,inferred
North Warwickshire,2021-06-04,0.0,0.0,1.0,1.0,1.0,2.0,2.0,3.0,3.0,4.0,4.0,5.0,7.0,inferred
North Warwickshire,2021-06-05,0.0,0.0,0.0,1.0,1.0,1.0,2.0,2.0,3.0,3.0,3.0,5.0,7.0,inferred
North Warwickshire,2021-06-06,0.0,0.0,1.0,1.0,1.0,2.0,2.0,3.0,3.0,4.0,4.0,6.0,8.0,inferred
North Warwickshire,2021-06-07,0.0,1.0,1.0,2.0,2.0,2.0,3.0,3.0,4.0,5.0,5.0,7.0,9.0,inferred
North Warwickshire,2021-06-08,0.0,1.0,1.0,2.0,2.0,2.0,3.0,4.0,5.0,5.0,6.0,7.0,10.0,inferred
North Warwickshire,2021-06-09,0.0,1.0,1.0,2.0,2.0,3.0,3.0,4.0,5.0,5.0,6.0,7.0,10.0,inferred
North Warwickshire,2021-06-10,0.0,1.0,1.0,2.0,2.0,2.6,3.0,4.0,5.0,5.0,6.0,7.0,10.0,inferred
North Warwickshire,2021-06-11,0.0,1.0,1.0,2.0,2.0,2.0,3.0,4.0,4.0,5.0,6.0,7.0,10.0,inferred
North Warwickshire,2021-06-12,0.0,0.0,1.0,1.0,1.0,2.0,2.0,3.0,4.0,4.0,5.0,6.0,9.0,inferred
North Warwickshire,2021-06-13,0.0,1.0,1.0,2.0,2.0,3.0,3.0,4.0,5.0,5.0,5.0,7.0,10.0,inferred
North Warwickshire,2021-06-14,0.0,1.0,2.0,3.0,3.0,4.0,4.0,5.0,6.0,6.0,7.0,9.0,13.0,inferred
North Warwickshire,2021-06-15,0.0,1.0,2.0,3.0,3.0,4.0,5.0,5.0,6.0,7.0,8.0,9.1,13.0,inferred
North Warwickshire,2021-06-16,0.0,2.0,3.0,3.0,4.0,4.0,5.0,6.0,7.0,8.0,8.0,10.0,13.0,inferred
North Warwickshire,2021-06-17,1.0,2.0,3.0,3.0,3.0,4.0,5.0,6.0,7.0,7.0,8.0,10.0,13.0,inferred
North Warwickshire,2021-06-18,1.0,1.0,2.0,3.0,3.0,4.0,5.0,6.0,7.0,7.0,8.0,10.0,13.0,inferred
North West Leicestershire,2021-03-06,5.0,8.0,9.0,10.0,11.0,12.0,14.0,15.0,17.0,18.0,19.0,21.0,26.0,inferred
North West Leicestershire,2021-03-07,6.0,9.0,11.0,12.0,13.0,15.0,16.0,17.0,19.0,20.0,21.0,24.0,30.0,inferred
North West Leicestershire,2021-03-08,9.0,13.0,15.0,16.0,17.0,19.0,20.0,22.0,24.0,25.0,26.0,29.0,35.0,inferred
North West Leicestershire,2021-03-09,8.0,11.0,14.0,14.0,15.0,17.0,18.0,20.0,22.0,23.0,24.0,27.0,33.0,inferred
North West Leicestershire,2021-03-10,9.0,12.0,14.0,15.0,16.0,17.0,19.0,20.0,22.0,24.0,25.0,28.0,33.0,inferred
North West Leicestershire,2021-03-11,7.0,9.0,11.0,12.0,13.0,15.0,16.0,17.0,19.0,20.0,21.0,24.0,30.0,inferred
North West Leicestershire,2021-03-12,5.0,8.0,10.0,10.0,11.0,13.0,14.0,16.0,17.0,18.0,19.0,22.0,27.0,inferred
North West Leicestershire,2021-03-13,3.0,5.0,7.0,7.0,8.0,10.0,11.0,12.0,13.0,14.0,15.0,18.0,22.0,inferred
North West Leicestershire,2021-03-14,4.0,6.0,8.0,9.0,9.0,11.0,12.0,13.0,15.0,15.0,17.0,19.0,24.0,inferred
North West Leicestershire,2021-03-15,5.0,8.0,10.0,11.0,12.0,13.0,15.0,16.0,18.0,19.0,20.0,23.0,28.0,inferred
North West Leicestershire,2021-03-16,5.0,8.0,10.0,11.0,11.0,13.0,14.0,15.0,17.0,18.0,19.0,22.0,28.0,inferred
North West Leicestershire,2021-03-17,5.0,8.0,10.0,10.0,11.0,13.0,14.0,15.0,17.0,18.0,19.0,23.0,29.0,inferred
North West Leicestershire,2021-03-18,4.0,6.0,8.0,9.0,10.0,11.0,12.5,14.0,15.0,16.0,17.0,19.0,25.0,inferred
North West Leicestershire,2021-03-19,4.0,5.0,7.0,8.0,8.0,10.0,11.0,12.0,14.0,15.0,15.0,18.0,22.0,inferred
North West Leicestershire,2021-03-20,2.0,4.0,5.0,6.0,6.0,7.0,8.0,9.0,11.0,11.0,13.0,15.0,19.0,inferred
North West Leicestershire,2021-03-21,3.0,5.0,6.0,7.0,8.0,9.0,10.0,11.0,12.0,13.0,13.0,17.0,21.0,inferred
North West Leicestershire,2021-03-22,4.0,7.0,8.0,9.0,10.0,11.0,12.0,14.0,15.0,16.0,17.0,20.0,25.0,inferred
North West Leicestershire,2021-03-23,3.0,6.0,7.0,8.0,9.0,10.0,11.0,13.0,14.0,15.0,16.0,19.0,23.0,inferred
North West Leicestershire,2021-03-24,4.0,6.0,8.0,8.0,9.0,10.0,11.0,13.0,14.0,15.0,16.0,19.0,25.0,inferred
North West Leicestershire,2021-03-25,3.0,5.0,6.0,7.0,7.0,8.0,9.0,11.0,12.0,13.0,14.0,16.0,20.0,inferred
North West Leicestershire,2021-03-26,2.0,4.0,5.0,5.0,6.0,7.0,8.0,9.0,10.0,11.0,12.0,14.0,19.0,inferred
North West Leicestershire,2021-03-27,1.0,2.0,3.0,4.0,4.0,5.0,6.0,7.0,8.0,8.0,9.0,11.0,15.0,inferred
North West Leicestershire,2021-03-28,1.0,2.0,3.0,4.0,4.0,5.0,6.0,7.0,8.0,9.0,10.0,12.0,16.0,inferred
North West Leicestershire,2021-03-29,1.0,3.0,4.0,5.0,5.0,6.0,7.5,9.0,10.0,10.2,11.0,14.0,18.0,inferred
North West Leicestershire,2021-03-30,1.0,3.0,4.0,4.0,5.0,6.0,7.0,8.0,9.0,9.0,10.0,13.0,17.0,inferred
North West Leicestershire,2021-03-31,1.0,2.0,4.0,4.0,4.0,5.0,6.0,7.0,8.0,9.0,10.0,12.0,16.0,inferred
North West Leicestershire,2021-04-01,1.0,2.0,3.0,3.0,4.0,4.0,5.0,6.0,7.0,8.0,8.0,11.0,15.0,inferred
North West Leicestershire,2021-04-02,0.0,1.0,2.0,2.0,3.0,3.6,4.0,5.0,6.0,6.0,7.0,9.0,12.0,inferred
North West Leicestershire,2021-04-03,0.0,1.0,1.0,2.0,2.0,3.0,3.0,4.0,5.0,5.0,6.0,7.0,11.0,inferred
North West Leicestershire,2021-04-04,0.0,1.0,1.8,2.0,2.0,3.0,3.0,4.0,5.0,6.0,6.0,8.0,11.0,inferred
North West Leicestershire,2021-04-05,0.0,1.0,2.0,2.0,3.0,3.0,4.0,5.0,6.0,6.0,7.0,9.0,12.0,inferred
North West Leicestershire,2021-04-06,0.0,1.0,2.0,2.0,2.0,3.0,4.0,5.0,5.0,6.0,7.0,9.0,12.0,inferred
North West Leicestershire,2021-04-07,0.0,1.0,2.0,2.0,3.0,3.0,4.0,5.0,6.0,6.0,7.0,9.0,12.0,inferred
North West Leicestershire,2021-04-08,0.0,1.0,1.0,2.0,2.0,3.0,3.0,4.0,5.0,6.0,6.0,8.0,11.0,inferred
North West Leicestershire,2021-04-09,0.0,1.0,1.0,2.0,2.0,2.0,3.0,4.0,4.0,5.0,6.0,7.0,10.0,inferred
North West Leicestershire,2021-04-10,0.0,0.0,1.0,1.0,1.0,2.0,2.0,3.0,3.0,4.0,5.0,6.0,9.0,inferred
North West Leicestershire,2021-04-11,0.0,0.0,1.0,1.0,1.0,2.0,3.0,3.0,4.0,5.0,5.0,7.0,9.0,inferred
North West Leicestershire,2021-04-12,0.0,1.0,1.0,2.0,2.0,3.0,3.0,4.0,5.0,5.2,6.0,8.0,12.0,inferred
North West Leicestershire,2021-04-13,0.0,0.0,1.0,1.0,2.0,2.0,3.0,4.0,4.0,5.0,6.0,8.0,11.0,inferred
North West Leicestershire,2021-04-14,0.0,1.0,1.0,2.0,2.0,3.0,3.0,4.0,5.0,5.0,6.0,7.0,10.5,inferred
North West Leicestershire,2021-04-15,0.0,0.0,1.0,1.0,2.0,2.0,3.0,3.0,4.0,4.0,5.0,7.0,10.0,inferred
North West Leicestershire,2021-04-16,0.0,0.0,1.0,1.0,1.0,2.0,2.0,3.0,3.0,4.0,4.0,6.0,8.5,inferred
North West Leicestershire,2021-04-17,0.0,0.0,0.0,0.0,1.0,1.0,2.0,2.0,3.0,3.0,4.0,5.0,8.0,inferred
North West Leicestershire,2021-04-18,0.0,0.0,0.0,1.0,1.0,1.0,2.0,2.0,3.0,3.0,4.0,5.0,8.0,inferred
North West Leicestershire,2021-04-19,0.0,0.0,1.0,1.0,1.0,2.0,2.0,3.0,4.0,4.0,4.0,6.0,9.0,inferred
North West Leicestershire,2021-04-20,0.0,0.0,1.0,1.0,1.0,2.0,2.0,3.0,3.0,4.0,4.0,6.0,9.0,inferred
North West Leicestershire,2021-04-21,0.0,0.0,1.0,1.0,1.0,2.0,2.0,3.0,3.0,4.0,4.0,6.0,9.0,inferred
North West Leicestershire,2021-04-22,0.0,0.0,0.0,1.0,1.0,1.0,2.0,2.0,3.0,3.0,4.0,6.0,9.0,inferred
North West Leicestershire,2021-04-23,0.0,0.0,0.0,1.0,1.0,1.0,2.0,2.0,3.0,3.0,4.0,5.0,8.0,inferred
North West Leicestershire,2021-04-24,0.0,0.0,0.0,0.0,0.0,1.0,1.0,2.0,2.0,3.0,3.0,4.0,7.0,inferred
North West Leicestershire,2021-04-25,0.0,0.0,0.0,0.0,0.0,1.0,1.0,2.0,2.0,3.0,3.0,5.0,7.0,inferred
North West Leicestershire,2021-04-26,0.0,0.0,0.0,1.0,1.0,1.0,2.0,2.0,3.0,3.0,4.0,5.0,8.0,inferred
North West Leicestershire,2021-04-27,0.0,0.0,0.0,1.0,1.0,1.0,2.0,2.0,3.0,3.0,4.0,5.0,8.0,inferred
North West Leicestershire,2021-04-28,0.0,0.0,0.0,1.0,1.0,1.0,2.0,2.0,3.0,3.0,4.0,5.0,8.0,inferred
North West Leicestershire,2021-04-29,0.0,0.0,0.0,0.0,1.0,1.0,1.0,2.0,3.0,3.0,3.0,5.0,7.0,inferred
North West Leicestershire,2021-04-30,0.0,0.0,0.0,0.0,0.0,1.0,1.0,2.0,2.0,3.0,3.0,4.0,7.0,inferred
North West Leicestershire,2021-05-01,0.0,0.0,0.0,0.0,0.0,1.0,1.0,1.0,2.0,2.0,2.0,4.0,6.0,inferred
North West Leicestershire,2021-05-02,0.0,0.0,0.0,0.0,0.0,1.0,1.0,1.0,2.0,2.0,3.0,4.0,6.0,inferred
North West Leicestershire,2021-05-03,0.0,0.0,0.0,0.0,1.0,1.0,1.0,2.0,3.0,3.0,3.0,5.0,7.0,inferred
North West Leicestershire,2021-05-04,0.0,0.0,0.0,0.0,1.0,1.0,1.0,2.0,2.0,3.0,3.0,5.0,7.0,inferred
North West Leicestershire,2021-05-05,0.0,0.0,0.0,0.0,1.0,1.0,1.0,2.0,2.0,3.0,3.0,5.0,7.0,inferred
North West Leicestershire,2021-05-06,0.0,0.0,0.0,0.0,0.0,1.0,1.0,2.0,2.0,3.0,3.0,4.0,7.0,inferred
North West Leicestershire,2021-05-07,0.0,0.0,0.0,0.0,0.0,1.0,1.0,1.0,2.0,2.0,3.0,4.0,7.0,inferred
North West Leicestershire,2021-05-08,0.0,0.0,0.0,0.0,0.0,0.0,1.0,1.0,2.0,2.0,2.0,4.0,6.0,inferred
North West Leicestershire,2021-05-09,0.0,0.0,0.0,0.0,0.0,1.0,1.0,1.0,2.0,2.0,3.0,4.0,6.0,inferred
North West Leicestershire,2021-05-10,0.0,0.0,0.0,0.0,1.0,1.0,1.0,2.0,3.0,3.0,3.0,4.1,7.0,inferred
North West Leicestershire,2021-05-11,0.0,0.0,0.0,0.0,1.0,1.0,1.0,2.0,3.0,3.0,3.0,5.0,7.0,inferred
North West Leicestershire,2021-05-12,0.0,0.0,0.0,1.0,1.0,1.0,2.0,2.0,3.0,3.0,4.0,5.0,8.0,inferred
North West Leicestershire,2021-05-13,0.0,0.0,0.0,0.0,1.0,1.0,2.0,2.0,3.0,3.0,4.0,5.0,8.0,inferred
North West Leicestershire,2021-05-14,0.0,0.0,0.0,0.0,1.0,1.0,1.0,2.0,3.0,3.0,3.0,5.0,8.0,inferred
North West Leicestershire,2021-05-15,0.0,0.0,0.0,0.0,0.0,1.0,1.0,2.0,2.0,3.0,3.0,4.0,7.0,inferred
North West Leicestershire,2021-05-16,0.0,0.0,0.0,0.0,1.0,1.0,1.0,2.0,2.0,3.0,3.0,5.0,8.0,inferred
North West Leicestershire,2021-05-17,0.0,0.0,1.0,1.0,1.0,2.0,2.0,3.0,3.0,4.0,4.0,6.0,9.0,inferred
North West Leicestershire,2021-05-18,0.0,0.0,1.0,1.0,1.0,2.0,2.0,3.0,4.0,4.0,4.0,6.0,9.0,inferred
North West Leicestershire,2021-05-19,0.0,0.0,1.0,1.0,1.0,2.0,3.0,3.0,4.0,4.0,5.0,6.0,9.0,inferred
North West Leicestershire,2021-05-20,0.0,0.0,1.0,1.0,1.0,2.0,2.0,3.0,4.0,4.0,5.0,7.0,10.0,inferred
North West Leicestershire,2021-05-21,0.0,0.0,1.0,1.0,1.0,2.0,2.0,3.0,3.0,4.0,4.0,6.0,9.5,inferred
North West Leicestershire,2021-05-22,0.0,0.0,0.0,1.0,1.0,1.0,2.0,2.0,3.0,3.0,4.0,5.0,8.0,inferred
North West Leicestershire,2021-05-23,0.0,0.0,1.0,1.0,1.0,2.0,2.0,3.0,3.0,4.0,5.0,6.0,9.5,inferred
North West Leicestershire,2021-05-24,0.0,1.0,1.0,2.0,2.0,2.0,3.0,4.0,5.0,5.0,6.0,7.0,11.0,inferred
North West Leicestershire,2021-05-25,0.0,1.0,1.0,1.0,2.0,2.0,3.0,4.0,5.0,5.0,6.0,7.0,10.0,inferred
North West Leicestershire,2021-05-26,0.0,1.0,1.0,2.0,2.0,3.0,3.0,4.0,5.0,5.0,6.0,8.0,11.0,inferred
North West Leicestershire,2021-05-27,0.0,1.0,1.0,1.0,2.0,2.0,3.0,4.0,5.0,5.0,6.0,8.0,11.0,inferred
North West Leicestershire,2021-05-28,0.0,0.0,1.0,1.0,1.0,2.0,3.0,3.0,4.0,4.0,5.0,7.0,9.0,inferred
North West Leicestershire,2021-05-29,0.0,0.0,1.0,1.0,1.0,2.0,2.0,3.0,3.0,4.0,4.0,6.0,9.0,inferred
North West Leicestershire,2021-05-30,0.0,0.0,1.0,1.0,1.0,2.0,2.0,3.0,4.0,4.0,5.0,6.0,9.0,inferred
North West Leicestershire,2021-05-31,0.0,1.0,1.0,2.0,2.0,3.0,3.0,4.0,5.0,6.0,6.0,8.0,11.0,inferred
North West Leicestershire,2021-06-01,0.0,1.0,1.0,2.0,2.0,3.0,3.0,4.0,5.0,5.0,6.0,8.0,10.0,inferred
North West Leicestershire,2021-06-02,0.0,1.0,1.0,2.0,2.0,3.0,3.0,4.0,5.0,5.0,6.0,8.0,12.0,inferred
North West Leicestershire,2021-06-03,0.0,1.0,1.0,2.0,2.0,3.0,3.0,4.0,5.0,5.0,6.0,8.0,11.0,inferred
North West Leicestershire,2021-06-04,0.0,1.0,1.0,1.8,2.0,2.0,3.0,4.0,5.0,5.0,6.0,8.0,11.0,inferred
North West Leicestershire,2021-06-05,0.0,0.0,1.0,1.0,1.0,2.0,3.0,3.0,4.0,4.0,5.0,6.0,10.0,inferred
North West Leicestershire,2021-06-06,0.0,1.0,1.0,2.0,2.0,3.0,3.0,4.0,5.0,5.0,6.0,8.0,11.0,inferred
North West Leicestershire,2021-06-07,0.0,1.0,2.0,3.0,3.0,4.0,5.0,5.0,6.0,7.0,8.0,10.0,14.0,inferred
North West Leicestershire,2021-06-08,0.0,1.0,2.0,3.0,3.0,4.0,5.0,5.0,6.0,7.0,8.0,10.0,13.0,inferred
North West Leicestershire,2021-06-09,0.0,2.0,3.0,3.0,4.0,4.0,5.0,6.0,7.0,8.0,9.0,11.0,15.0,inferred
North West Leicestershire,2021-06-10,0.5,2.0,3.0,3.0,3.0,4.0,5.0,6.0,7.0,8.0,8.0,10.0,14.0,inferred
North West Leicestershire,2021-06-11,1.0,2.0,3.0,3.0,3.0,4.0,5.0,6.0,7.0,8.0,8.0,10.0,14.0,inferred
North West Leicestershire,2021-06-12,0.0,1.0,2.0,2.0,3.0,3.0,4.0,5.0,6.0,6.0,7.0,9.0,13.0,inferred
North West Leicestershire,2021-06-13,1.0,2.0,3.0,3.0,4.0,4.0,5.0,6.0,7.0,8.0,9.0,11.0,15.0,inferred
North West Leicestershire,2021-06-14,2.0,3.0,5.0,5.0,6.0,7.0,8.0,9.0,10.0,11.0,12.0,14.0,18.0,inferred
North West Leicestershire,2021-06-15,2.0,4.0,5.0,6.0,6.0,7.0,8.0,9.0,11.0,11.0,12.0,15.0,19.0,inferred
North West Leicestershire,2021-06-16,2.0,4.0,5.0,6.0,7.0,8.0,9.0,10.0,12.0,12.0,13.2,16.0,21.0,inferred
North West Leicestershire,2021-06-17,2.0,4.0,5.0,6.0,7.0,8.0,9.0,10.0,12.0,12.0,13.0,16.0,20.0,inferred
North West Leicestershire,2021-06-18,2.0,4.0,5.0,6.0,6.0,8.0,9.0,10.0,11.0,12.0,13.0,15.0,20.0,inferred
Northampton,2021-03-06,9.0,12.0,14.0,15.0,15.0,17.0,18.0,19.0,20.0,21.0,22.0,25.0,29.0,inferred
Northampton,2021-03-07,10.0,14.0,16.0,17.0,18.0,19.0,20.0,22.0,23.0,24.0,25.0,28.0,32.0,inferred
Northampton,2021-03-08,15.0,19.0,21.0,22.0,23.0,25.0,26.0,28.0,29.0,30.0,31.0,34.0,38.0,inferred
Northampton,2021-03-09,14.0,18.0,20.0,21.0,22.0,23.0,25.0,26.0,28.0,29.0,30.0,33.0,38.0,inferred
Northampton,2021-03-10,15.0,19.0,21.0,22.0,23.0,24.0,26.0,28.0,30.0,31.0,31.0,35.0,40.0,inferred
Northampton,2021-03-11,13.0,16.0,19.0,20.0,21.0,22.0,24.0,25.0,27.0,28.0,29.0,32.0,37.0,inferred
Northampton,2021-03-12,11.0,14.0,17.0,18.0,18.0,20.0,21.0,23.0,24.0,26.0,27.0,29.0,34.0,inferred
Northampton,2021-03-13,8.0,11.0,13.0,14.0,14.0,16.0,17.0,18.0,20.0,21.0,22.0,24.0,28.0,inferred
Northampton,2021-03-14,11.0,14.0,16.0,17.0,17.0,19.0,20.0,21.0,23.0,24.0,25.0,28.0,33.0,inferred
Northampton,2021-03-15,14.5,18.0,21.0,22.0,22.0,24.0,26.0,27.4,29.0,31.0,32.0,35.0,41.0,inferred
Northampton,2021-03-16,14.0,17.0,20.0,21.0,22.0,23.0,25.0,26.0,28.0,30.0,31.0,34.0,39.5,inferred
Northampton,2021-03-17,15.0,18.0,21.0,22.0,24.0,25.0,27.0,28.0,30.0,31.0,32.0,36.0,41.0,inferred
Northampton,2021-03-18,13.0,16.0,19.0,19.8,21.0,22.0,24.0,26.0,27.0,28.0,29.0,33.0,38.0,inferred
Northampton,2021-03-19,11.0,14.0,17.0,18.0,18.0,20.0,21.0,23.0,24.0,25.0,26.0,29.0,35.0,inferred
Northampton,2021-03-20,8.0,11.0,13.0,14.0,14.0,16.0,17.0,18.0,20.0,21.0,22.0,25.0,29.0,inferred
Northampton,2021-03-21,10.0,13.0,15.0,16.0,17.0,18.0,20.0,22.0,23.0,24.0,25.0,28.0,33.0,inferred
Northampton,2021-03-22,14.0,18.0,20.0,21.0,22.0,24.0,25.0,27.0,29.0,30.0,31.0,34.0,38.0,inferred
Northampton,2021-03-23,14.0,17.0,19.0,20.0,21.0,23.0,24.0,26.0,28.0,29.0,30.0,34.0,38.0,inferred
Northampton,2021-03-24,14.0,17.9,20.0,21.0,22.0,23.0,25.0,27.0,28.0,29.0,31.0,34.0,40.0,inferred
Northampton,2021-03-25,12.0,15.0,17.0,18.0,19.0,21.0,22.0,23.0,25.0,26.0,27.0,30.0,34.5,inferred
Northampton,2021-03-26,10.0,13.0,15.0,16.0,16.0,18.0,19.0,21.0,22.0,23.0,24.0,27.0,32.0,inferred
Northampton,2021-03-27,7.0,9.0,11.0,12.0,12.0,14.0,15.0,16.0,18.0,18.0,19.0,22.0,25.0,inferred
Northampton,2021-03-28,8.0,11.0,13.0,14.0,14.0,16.0,17.0,19.0,20.0,21.0,22.0,25.0,29.0,inferred
Northampton,2021-03-29,11.0,14.0,16.0,17.0,18.0,20.0,21.0,22.0,24.0,25.0,26.0,29.0,33.0,inferred
Northampton,2021-03-30,10.0,13.0,15.8,16.0,17.0,18.0,20.0,21.0,23.0,24.0,25.0,28.0,32.0,inferred
Northampton,2021-03-31,11.0,14.0,16.0,17.0,18.0,19.0,20.0,22.0,23.0,24.0,25.0,28.0,33.0,inferred
Northampton,2021-04-01,9.0,11.0,14.0,15.0,15.0,17.0,18.0,19.0,21.0,22.0,23.0,26.0,31.0,inferred
Northampton,2021-04-02,8.0,10.0,12.0,13.0,14.0,15.0,16.0,17.0,19.0,20.0,20.0,23.0,27.0,inferred
Northampton,2021-04-03,5.0,7.0,9.0,10.0,10.0,11.0,12.0,13.0,15.0,16.0,17.0,19.0,23.0,inferred
Northampton,2021-04-04,6.0,9.0,11.0,11.0,12.0,13.0,14.0,15.0,17.0,17.0,18.0,20.1,25.0,inferred
Northampton,2021-04-05,9.0,11.0,14.0,14.0,15.0,17.0,18.0,19.0,21.0,22.0,23.0,26.0,31.5,inferred
Northampton,2021-04-06,8.0,11.0,13.0,14.0,14.0,16.0,17.0,18.0,20.0,21.0,22.0,25.0,29.0,inferred
Northampton,2021-04-07,8.5,11.0,13.0,14.0,15.0,16.0,18.0,19.0,20.0,21.0,22.0,25.0,29.0,inferred
Northampton,2021-04-08,7.0,10.0,12.0,12.0,13.0,14.0,16.0,17.0,18.0,19.0,20.0,23.0,27.0,inferred
Northampton,2021-04-09,6.0,8.0,10.0,11.0,12.0,13.0,14.0,15.0,16.0,17.0,18.0,21.0,24.0,inferred
Northampton,2021-04-10,4.0,6.0,7.0,8.0,9.0,10.0,11.0,12.0,13.0,14.0,14.0,16.0,20.0,inferred
Northampton,2021-04-11,5.0,7.0,9.0,9.0,10.0,11.0,12.0,14.0,15.0,15.0,16.0,19.0,21.5,inferred
Northampton,2021-04-12,7.0,10.0,12.0,12.0,13.0,14.0,16.0,17.0,18.0,19.0,20.0,23.0,27.0,inferred
Northampton,2021-04-13,7.0,9.0,11.0,12.0,12.0,13.0,15.0,16.0,17.0,18.0,19.0,22.0,26.0,inferred
Northampton,2021-04-14,7.0,9.0,11.0,12.0,13.0,14.0,15.0,16.0,18.0,19.0,19.0,22.0,26.0,inferred
Northampton,2021-04-15,5.0,8.0,10.0,10.0,11.0,12.0,13.0,14.0,16.0,17.0,17.2,20.0,24.0,inferred
Northampton,2021-04-16,5.0,7.0,8.8,9.0,10.0,11.0,12.0,13.0,14.0,15.0,16.0,18.0,22.0,inferred
Northampton,2021-04-17,3.0,5.0,6.0,7.0,7.0,8.0,9.0,10.0,11.0,12.0,13.0,15.0,19.0,inferred
Northampton,2021-04-18,4.0,6.0,7.0,8.0,9.0,10.0,10.0,12.0,13.0,13.0,14.0,16.0,20.0,inferred
Northampton,2021-04-19,5.0,8.0,10.0,10.0,11.0,12.0,13.0,14.0,16.0,17.0,18.0,20.0,24.0,inferred
Northampton,2021-04-20,5.0,7.0,9.0,10.0,10.0,11.0,13.0,14.0,15.0,16.0,16.0,19.0,22.0,inferred
Northampton,2021-04-21,5.0,7.0,9.0,10.0,10.0,11.0,12.0,14.0,15.0,15.0,16.0,18.0,23.0,inferred
Northampton,2021-04-22,4.0,6.0,7.0,8.0,9.0,10.0,10.0,12.0,13.0,13.0,14.0,16.0,20.0,inferred
Northampton,2021-04-23,3.0,5.0,6.0,7.0,7.0,8.0,9.0,10.0,11.0,12.0,12.0,14.1,18.0,inferred
Northampton,2021-04-24,2.0,3.0,4.0,5.0,5.0,6.0,7.0,8.0,9.0,9.0,10.0,12.0,14.0,inferred
Northampton,2021-04-25,2.5,4.0,5.0,6.0,6.0,7.0,8.0,9.0,10.0,10.0,11.0,13.0,16.0,inferred
Northampton,2021-04-26,3.0,5.0,7.0,7.0,8.0,9.0,10.0,10.0,12.0,12.0,13.0,15.0,19.0,inferred
Northampton,2021-04-27,3.0,5.0,6.0,7.0,7.0,8.0,9.0,10.0,11.0,12.0,13.0,15.0,18.0,inferred
Northampton,2021-04-28,3.0,5.0,6.0,7.0,7.0,8.6,9.0,10.0,12.0,12.0,13.0,15.0,19.0,inferred
Northampton,2021-04-29,2.0,4.0,5.0,6.0,6.0,7.0,8.0,9.0,10.0,11.0,12.0,14.0,17.0,inferred
Northampton,2021-04-30,2.0,4.0,5.0,5.0,6.0,7.0,7.0,8.0,9.0,10.0,10.0,12.1,16.0,inferred
Northampton,2021-05-01,1.0,2.0,3.0,4.0,4.0,5.0,6.0,6.0,7.0,8.0,8.0,10.0,12.5,inferred
Northampton,2021-05-02,2.0,3.0,4.0,5.0,5.0,6.0,7.0,8.0,8.0,9.0,10.0,12.0,15.0,inferred
Northampton,2021-05-03,3.0,4.0,6.0,6.0,7.0,8.0,9.0,10.0,11.0,11.0,12.0,14.0,17.0,inferred
Northampton,2021-05-04,2.0,4.0,5.0,6.0,6.0,7.0,8.0,9.0,10.0,10.0,11.0,13.0,16.0,inferred
Northampton,2021-05-05,2.0,4.0,5.0,6.0,6.0,7.0,8.0,9.0,10.0,11.0,11.0,13.0,17.0,inferred
Northampton,2021-05-06,2.0,3.0,4.0,5.0,5.0,6.0,7.0,8.0,9.0,9.0,10.0,12.0,14.0,inferred
Northampton,2021-05-07,1.0,3.0,4.0,4.0,5.0,5.0,6.0,7.0,8.0,8.0,9.0,11.0,14.0,inferred
Northampton,2021-05-08,0.0,2.0,2.0,3.0,3.0,4.0,5.0,5.0,6.0,7.0,7.0,9.0,12.0,inferred
Northampton,2021-05-09,1.0,2.0,3.0,3.0,4.0,4.0,5.0,6.0,7.0,7.0,8.0,9.0,12.0,inferred
Northampton,2021-05-10,1.0,3.0,4.0,4.0,5.0,6.0,6.0,7.0,8.0,9.0,9.0,11.0,13.5,inferred
Northampton,2021-05-11,1.0,3.0,4.0,4.0,4.0,5.0,6.0,7.0,8.0,8.0,9.0,10.0,13.0,inferred
Northampton,2021-05-12,1.0,2.0,3.0,4.0,4.0,5.0,6.0,7.0,8.0,8.0,9.0,10.1,14.0,inferred
Northampton,2021-05-13,1.0,2.0,3.0,3.0,4.0,4.0,5.0,6.0,7.0,7.0,8.0,9.0,11.0,inferred
Northampton,2021-05-14,0.0,2.0,2.0,3.0,3.0,4.0,4.0,5.0,6.0,6.0,7.0,8.0,11.0,inferred
Northampton,2021-05-15,0.0,1.0,2.0,2.0,2.0,3.0,3.0,4.0,5.0,5.0,6.0,7.0,9.0,inferred
Northampton,2021-05-16,0.0,1.0,2.0,2.0,3.0,3.0,4.0,5.0,5.0,6.0,6.0,8.0,10.0,inferred
Northampton,2021-05-17,1.0,2.0,3.0,3.0,4.0,4.0,5.0,6.0,7.0,7.0,8.0,9.0,12.0,inferred
Northampton,2021-05-18,1.0,2.0,2.0,3.0,3.0,4.0,5.0,6.0,6.0,7.0,7.0,9.0,11.0,inferred
Northampton,2021-05-19,1.0,2.0,3.0,3.0,4.0,4.0,5.0,6.0,7.0,7.0,8.0,9.0,12.0,inferred
Northampton,2021-05-20,1.0,2.0,2.0,3.0,3.0,4.0,4.0,5.0,6.0,6.0,7.0,8.0,11.0,inferred
Northampton,2021-05-21,0.0,1.0,2.0,2.0,3.0,3.0,4.0,5.0,5.0,6.0,6.0,8.0,11.0,inferred
Northampton,2021-05-22,0.0,1.0,1.0,2.0,2.0,3.0,3.0,4.0,4.0,5.0,5.0,7.0,9.0,inferred
Northampton,2021-05-23,0.0,1.0,2.0,2.0,3.0,3.0,4.0,5.0,5.0,6.0,6.0,8.0,10.0,inferred
Northampton,2021-05-24,1.0,2.0,3.0,3.0,3.0,4.0,5.0,6.0,6.0,7.0,8.0,9.0,12.0,inferred
Northampton,2021-05-25,1.0,2.0,3.0,3.0,3.0,4.0,5.0,5.0,6.0,7.0,7.0,9.0,12.0,inferred
Northampton,2021-05-26,1.0,2.0,3.0,4.0,4.0,5.0,5.0,6.0,7.0,7.0,8.0,10.0,13.0,inferred
Northampton,2021-05-27,1.0,2.0,3.0,4.0,4.0,5.0,5.0,6.0,7.0,8.0,8.0,10.0,13.0,inferred
Northampton,2021-05-28,1.0,2.0,3.0,3.0,4.0,4.0,5.0,6.0,7.0,7.0,8.0,9.0,12.0,inferred
Northampton,2021-05-29,1.0,2.0,2.0,3.0,3.0,4.0,4.0,5.0,6.0,6.0,7.0,8.0,11.0,inferred
Northampton,2021-05-30,1.0,2.0,3.0,4.0,4.0,5.0,5.0,6.0,7.0,8.0,8.0,10.0,13.0,inferred
Northampton,2021-05-31,2.0,4.0,5.0,5.0,6.0,7.0,8.0,9.0,10.0,10.0,11.0,13.0,16.0,inferred
Northampton,2021-06-01,2.5,4.0,6.0,6.0,7.0,8.0,9.0,10.0,11.0,11.0,12.0,14.0,17.0,inferred
Northampton,2021-06-02,4.0,6.0,7.0,8.0,8.0,9.0,10.0,11.0,12.0,13.0,14.0,16.0,20.0,inferred
Northampton,2021-06-03,3.0,6.0,7.0,8.0,8.0,9.0,10.0,11.0,12.0,13.0,14.0,16.0,19.0,inferred
Northampton,2021-06-04,4.0,6.0,7.0,8.0,8.0,9.0,10.0,11.0,13.0,13.0,14.0,16.0,19.0,inferred
Northampton,2021-06-05,3.0,5.0,6.0,7.0,7.0,8.0,9.0,10.0,11.3,12.0,13.0,15.0,18.0,inferred
Northampton,2021-06-06,5.0,7.0,8.0,9.0,10.0,11.0,12.0,13.0,14.0,15.0,16.0,18.0,22.0,inferred
Northampton,2021-06-07,8.0,10.0,12.0,13.0,14.0,15.0,17.0,18.0,19.0,20.0,21.0,24.0,27.5,inferred
Northampton,2021-06-08,8.0,11.0,13.0,14.0,14.0,16.0,17.0,18.0,20.0,21.0,22.0,24.0,29.5,inferred
Northampton,2021-06-09,9.0,12.0,14.0,15.0,16.0,17.0,19.0,20.0,22.0,22.0,23.0,26.0,30.0,inferred
Northampton,2021-06-10,8.0,11.0,13.0,13.0,14.0,15.0,17.0,18.0,20.0,20.0,21.0,24.0,28.0,inferred
Northampton,2021-06-11,7.0,10.0,12.0,12.0,13.0,14.0,16.0,17.0,18.0,19.0,20.0,23.0,27.0,inferred
Northampton,2021-06-12,5.0,7.0,9.0,10.0,10.0,11.0,12.0,13.0,15.0,16.0,16.0,19.0,22.0,inferred
Northampton,2021-06-13,7.0,9.0,11.0,12.0,12.0,14.0,15.0,16.0,17.0,18.0,19.0,21.0,26.0,inferred
Northampton,2021-06-14,10.0,12.0,14.0,15.0,16.0,17.0,19.0,20.0,22.0,23.0,24.0,26.1,31.0,inferred
Northampton,2021-06-15,9.0,12.0,14.0,15.0,16.0,17.0,18.0,19.0,21.0,22.0,23.0,26.0,31.0,inferred
Northampton,2021-06-16,9.0,12.0,15.0,15.0,16.0,17.0,19.0,20.0,22.0,23.0,24.0,27.0,31.0,inferred
Northampton,2021-06-17,7.0,10.0,12.0,13.0,14.0,15.0,17.0,18.0,19.0,20.0,21.0,24.0,28.0,inferred
Northampton,2021-06-18,7.0,9.0,11.0,11.0,12.0,13.0,15.0,16.0,18.0,18.0,19.0,22.0,26.0,inferred
Northumberland,2021-03-06,9.0,12.0,15.0,16.0,16.7,18.0,19.0,21.0,22.0,23.0,24.0,27.0,31.0,inferred
Northumberland,2021-03-07,11.0,14.0,17.0,17.0,18.0,19.0,21.0,23.0,24.0,25.0,26.0,29.0,34.0,inferred
Northumberland,2021-03-08,14.0,18.0,21.0,22.0,23.0,25.0,27.0,28.0,30.0,31.0,33.0,36.0,41.0,inferred
Northumberland,2021-03-09,13.0,17.0,19.0,20.0,21.0,23.0,25.0,26.0,28.0,29.0,30.0,33.0,38.0,inferred
Northumberland,2021-03-10,14.0,18.0,21.0,22.0,23.0,25.0,26.0,28.0,30.0,31.0,32.0,36.0,40.0,inferred
Northumberland,2021-03-11,14.0,17.0,20.0,21.0,22.0,24.0,25.0,27.0,29.0,30.0,31.0,34.0,39.5,inferred
Northumberland,2021-03-12,13.0,17.0,19.0,20.0,21.0,23.0,24.0,26.0,27.0,28.0,30.0,33.0,39.0,inferred
Northumberland,2021-03-13,10.0,14.0,16.0,17.0,18.0,19.0,21.0,22.0,24.0,25.0,26.0,29.0,34.0,inferred
Northumberland,2021-03-14,12.0,16.0,18.0,20.0,21.0,22.0,23.0,25.0,27.0,28.0,30.0,32.0,39.0,inferred
Northumberland,2021-03-15,18.0,22.0,25.0,27.0,28.0,29.0,31.0,33.0,35.0,37.0,38.0,41.1,47.0,inferred
Northumberland,2021-03-16,17.0,21.0,24.0,25.0,26.0,28.0,29.0,31.0,33.0,34.0,36.0,40.0,46.5,inferred
Northumberland,2021-03-17,17.0,22.0,24.0,25.0,26.0,28.0,30.0,32.0,34.0,35.0,36.0,40.0,46.0,inferred
Northumberland,2021-03-18,16.0,19.0,22.0,23.0,24.0,26.0,27.0,29.0,31.0,32.0,33.0,37.0,42.0,inferred
Northumberland,2021-03-19,13.0,17.0,19.0,20.0,21.0,23.0,24.0,26.0,28.0,29.0,30.0,34.0,39.0,inferred
Northumberland,2021-03-20,10.0,13.0,15.0,16.0,17.0,18.0,20.0,21.0,23.0,24.0,25.0,28.0,32.0,inferred
Northumberland,2021-03-21,10.0,14.0,17.0,17.0,18.0,20.0,21.0,23.0,25.0,26.0,27.0,30.0,35.5,inferred
Northumberland,2021-03-22,14.0,18.0,21.0,22.0,23.0,24.0,26.0,28.0,30.0,31.0,33.0,36.0,42.0,inferred
Northumberland,2021-03-23,12.0,16.0,19.0,20.0,20.0,22.0,24.0,25.0,27.0,28.0,30.0,33.0,39.0,inferred
Northumberland,2021-03-24,12.0,16.0,18.0,19.0,20.0,22.0,24.0,25.0,27.0,29.0,29.0,33.0,37.0,inferred
Northumberland,2021-03-25,10.0,14.0,16.0,17.0,18.0,20.0,21.0,23.0,25.0,26.0,27.0,30.0,35.0,inferred
Northumberland,2021-03-26,9.0,12.0,14.0,15.0,16.0,17.0,19.0,20.0,22.0,23.0,24.0,27.0,33.0,inferred
Northumberland,2021-03-27,6.5,9.0,11.0,12.0,12.0,14.0,15.0,16.0,18.0,19.0,19.0,22.0,27.0,inferred
Northumberland,2021-03-28,7.0,10.0,12.0,13.0,13.0,15.0,16.0,17.0,19.0,19.0,20.0,23.0,28.0,inferred
Northumberland,2021-03-29,9.0,12.0,14.0,15.0,16.0,18.0,19.0,21.0,22.0,24.0,25.0,28.0,32.0,inferred
Northumberland,2021-03-30,8.0,11.0,13.0,14.0,14.0,16.0,17.0,19.0,20.0,21.0,22.0,25.0,30.0,inferred
Northumberland,2021-03-31,7.0,10.0,12.0,13.0,14.0,15.0,17.0,18.0,20.0,20.0,21.0,24.0,29.0,inferred
Northumberland,2021-04-01,6.0,9.0,11.0,12.0,12.0,14.0,15.0,16.0,18.0,18.0,19.0,22.0,27.0,inferred
Northumberland,2021-04-02,5.0,7.0,9.0,10.0,11.0,12.0,13.0,14.0,16.0,16.0,17.0,20.0,23.0,inferred
Northumberland,2021-04-03,3.0,5.0,7.0,7.0,8.0,9.0,10.0,11.0,12.0,13.0,14.0,16.0,19.0,inferred
Northumberland,2021-04-04,4.0,6.0,7.0,8.0,8.0,10.0,11.0,12.0,13.0,14.0,15.0,17.0,21.0,inferred
Northumberland,2021-04-05,5.0,7.0,9.0,10.0,11.0,12.0,13.0,14.0,16.0,17.0,18.0,20.0,24.0,inferred
Northumberland,2021-04-06,4.0,7.0,8.0,9.0,10.0,11.0,12.0,13.0,15.0,15.0,16.0,19.0,23.5,inferred
Northumberland,2021-04-07,5.0,7.0,9.0,9.0,10.0,11.0,12.0,13.0,14.0,15.0,16.0,18.0,23.0,inferred
Northumberland,2021-04-08,4.0,6.0,7.0,8.0,9.0,10.0,11.0,12.0,13.0,14.0,15.0,17.0,21.0,inferred
Northumberland,2021-04-09,3.0,5.0,6.0,7.0,7.0,8.0,10.0,11.0,12.0,12.0,13.0,15.0,19.0,inferred
Northumberland,2021-04-10,2.0,3.9,5.0,5.0,6.0,6.0,7.0,8.0,9.0,10.0,11.0,12.0,16.0,inferred
Northumberland,2021-04-11,2.0,4.0,5.0,6.0,6.0,7.0,8.0,9.0,10.0,11.0,11.0,13.0,17.0,inferred
Northumberland,2021-04-12,3.0,5.0,7.0,7.0,8.0,9.0,10.0,11.0,12.0,13.0,13.0,16.0,20.0,inferred
Northumberland,2021-04-13,2.0,4.0,6.0,6.0,7.0,8.0,9.0,10.0,11.0,11.0,12.0,14.0,18.0,inferred
Northumberland,2021-04-14,3.0,4.0,6.0,6.0,7.0,8.0,9.0,10.0,11.0,12.0,12.0,15.0,18.0,inferred
Northumberland,2021-04-15,2.0,4.0,5.0,6.0,6.0,7.0,8.0,9.0,10.0,11.0,11.0,13.0,17.0,inferred
Northumberland,2021-04-16,2.0,3.0,4.0,5.0,5.0,6.0,7.0,8.0,9.0,9.0,10.0,12.0,15.0,inferred
Northumberland,2021-04-17,1.0,2.0,3.0,4.0,4.0,5.0,5.0,6.0,7.0,8.0,8.0,10.0,13.0,inferred
Northumberland,2021-04-18,1.0,2.0,3.0,4.0,4.0,5.0,6.0,7.0,8.0,8.0,9.0,10.1,13.5,inferred
Northumberland,2021-04-19,2.0,3.0,5.0,5.0,6.0,6.0,7.0,8.0,9.0,10.0,11.0,13.0,16.0,inferred
Northumberland,2021-04-20,2.0,3.0,4.0,5.0,5.0,6.0,7.0,8.0,9.0,9.0,10.0,12.0,15.0,inferred
Northumberland,2021-04-21,1.5,3.0,4.0,5.0,5.0,6.0,7.0,8.0,9.0,9.0,10.0,12.0,15.0,inferred
Northumberland,2021-04-22,1.0,3.0,4.0,4.0,5.0,5.0,6.0,7.0,8.0,8.0,9.0,11.0,15.0,inferred
Northumberland,2021-04-23,1.0,2.0,3.0,4.0,4.0,5.0,6.0,7.0,7.0,8.0,8.0,10.0,14.0,inferred
Northumberland,2021-04-24,0.0,2.0,2.8,3.0,3.0,4.0,5.0,5.0,6.0,7.0,7.0,9.0,11.0,inferred
Northumberland,2021-04-25,1.0,2.0,3.0,3.0,4.0,4.0,5.0,6.0,7.0,7.0,8.0,10.0,12.0,inferred
Northumberland,2021-04-26,1.0,3.0,4.0,4.0,5.0,6.0,7.0,7.0,9.0,9.0,10.0,12.0,15.0,inferred
Northumberland,2021-04-27,1.0,2.0,3.0,4.0,4.0,5.0,6.0,7.0,8.0,8.0,9.0,11.0,15.0,inferred
Northumberland,2021-04-28,1.0,3.0,4.0,4.0,4.0,5.0,6.0,7.0,8.0,8.0,9.0,11.0,14.5,inferred
Northumberland,2021-04-29,1.0,2.0,3.0,4.0,4.0,5.0,6.0,7.0,8.0,8.0,9.0,11.0,13.5,inferred
Northumberland,2021-04-30,1.0,2.0,3.0,3.0,4.0,5.0,5.0,6.0,7.0,8.0,8.0,10.0,13.0,inferred
Northumberland,2021-05-01,0.0,1.0,2.0,3.0,3.0,3.0,4.0,5.0,6.0,6.0,7.0,8.0,11.0,inferred
Northumberland,2021-05-02,1.0,2.0,3.0,3.0,3.0,4.0,5.0,6.0,6.3,7.0,8.0,9.0,12.0,inferred
Northumberland,2021-05-03,1.0,3.0,4.0,4.0,5.0,5.0,6.0,7.0,8.0,9.0,9.0,11.0,15.0,inferred
Northumberland,2021-05-04,1.0,3.0,4.0,4.0,4.0,5.0,6.0,7.0,8.0,8.0,9.0,11.0,14.0,inferred
Northumberland,2021-05-05,1.0,3.0,4.0,4.0,5.0,6.0,6.0,7.0,8.0,9.0,9.0,11.0,14.0,inferred
Northumberland,2021-05-06,1.0,3.0,4.0,4.0,4.0,5.0,6.0,7.0,8.0,8.0,9.0,11.0,14.0,inferred
Northumberland,2021-05-07,1.0,2.0,3.0,3.0,4.0,5.0,5.0,6.0,7.0,8.0,8.0,10.0,13.0,inferred
Northumberland,2021-05-08,0.0,1.0,2.0,3.0,3.0,4.0,4.0,5.0,6.0,6.0,7.0,8.0,11.0,inferred
Northumberland,2021-05-09,1.0,2.0,3.0,3.0,3.0,4.0,5.0,6.0,6.0,7.0,8.0,9.0,12.0,inferred
Northumberland,2021-05-10,1.0,3.0,4.0,4.0,5.0,6.0,6.0,7.0,8.0,9.0,9.2,11.0,14.0,inferred
Northumberland,2021-05-11,1.0,2.0,3.0,4.0,4.0,5.0,6.0,7.0,8.0,8.0,9.0,11.0,14.0,inferred
Northumberland,2021-05-12,1.0,2.0,3.0,4.0,4.0,5.0,6.0,7.0,8.0,8.0,9.0,11.0,14.0,inferred
Northumberland,2021-05-13,1.0,2.0,3.0,3.0,4.0,5.0,5.0,6.0,7.0,8.0,8.0,10.0,13.0,inferred
Northumberland,2021-05-14,1.0,2.0,3.0,3.0,3.0,4.0,5.0,6.0,7.0,7.0,8.0,9.0,12.0,inferred
Northumberland,2021-05-15,0.0,1.0,2.0,2.0,3.0,3.0,4.0,5.0,5.0,6.0,6.0,8.0,10.0,inferred
Northumberland,2021-05-16,0.0,1.0,2.0,2.0,3.0,3.0,4.0,5.0,6.0,6.0,7.0,8.0,11.0,inferred
Northumberland,2021-05-17,1.0,2.0,3.0,3.0,4.0,5.0,5.0,6.0,7.0,7.0,8.0,10.0,13.0,inferred
Northumberland,2021-05-18,1.0,2.0,3.0,3.0,3.0,4.0,5.0,5.0,6.0,7.0,8.0,9.0,13.0,inferred
Northumberland,2021-05-19,1.0,2.0,3.0,3.0,4.0,4.0,5.0,6.0,7.0,7.0,8.0,10.0,13.0,inferred
Northumberland,2021-05-20,1.0,2.0,3.0,3.0,3.0,4.0,5.0,6.0,7.0,7.0,8.0,10.0,12.0,inferred
Northumberland,2021-05-21,1.0,2.0,2.0,3.0,3.0,4.0,5.0,5.0,6.0,7.0,8.0,9.0,12.0,inferred
Northumberland,2021-05-22,0.0,1.0,2.0,2.0,3.0,3.0,4.0,5.0,6.0,6.0,6.2,8.0,11.0,inferred
Northumberland,2021-05-23,1.0,2.0,3.0,3.0,3.0,4.0,5.0,6.0,6.0,7.0,7.0,9.0,12.0,inferred
Northumberland,2021-05-24,1.0,3.0,4.0,4.0,5.0,6.0,7.0,7.0,8.0,9.0,10.0,12.0,15.0,inferred
Northumberland,2021-05-25,2.0,3.0,4.0,4.0,5.0,6.0,7.0,8.0,9.0,9.0,10.0,12.0,15.0,inferred
Northumberland,2021-05-26,2.0,4.0,5.0,6.0,6.0,7.0,8.0,9.0,10.0,11.0,12.0,14.0,17.0,inferred
Northumberland,2021-05-27,2.0,4.0,5.0,6.0,7.0,8.0,8.0,9.0,11.0,11.0,12.0,14.0,18.0,inferred
Northumberland,2021-05-28,3.0,4.9,6.0,7.0,7.0,8.0,9.0,10.0,11.0,12.0,13.0,15.0,19.0,inferred
Northumberland,2021-05-29,2.0,4.0,5.0,6.0,6.0,7.0,8.0,9.0,11.0,11.0,12.0,14.0,18.0,inferred
Northumberland,2021-05-30,3.5,6.0,7.0,8.0,8.0,9.0,10.0,12.0,13.0,14.0,15.0,17.0,20.0,inferred
Northumberland,2021-05-31,7.0,9.0,11.0,12.0,13.0,14.0,16.0,17.0,19.0,20.0,21.0,24.0,27.0,inferred
Northumberland,2021-06-01,7.0,10.0,12.0,13.0,14.0,16.0,17.0,19.0,20.0,21.0,22.0,24.1,29.0,inferred
Northumberland,2021-06-02,11.0,14.0,17.0,18.0,19.0,20.0,21.0,23.0,25.0,26.0,27.0,30.0,35.0,inferred
Northumberland,2021-06-03,13.0,16.0,18.0,19.0,20.0,22.0,24.0,25.0,27.0,28.0,29.0,33.0,38.5,inferred
Northumberland,2021-06-04,14.0,17.0,20.0,21.0,22.0,24.0,26.0,27.0,29.0,30.0,31.0,34.1,40.5,inferred
Northumberland,2021-06-05,13.0,17.0,20.0,21.0,21.0,23.0,25.0,26.0,28.0,29.0,31.0,34.0,40.0,inferred
Northumberland,2021-06-06,19.0,23.0,26.0,27.0,28.0,30.0,32.0,34.0,36.0,37.0,38.0,42.0,49.0,inferred
Northumberland,2021-06-07,30.5,36.0,39.0,41.0,42.0,45.0,47.0,49.0,52.0,53.0,55.0,60.0,67.0,inferred
Northumberland,2021-06-08,31.0,37.0,41.0,42.0,43.0,46.0,48.0,50.0,53.0,55.0,57.0,61.0,69.0,inferred
Northumberland,2021-06-09,36.0,42.0,46.0,47.0,49.0,51.0,54.0,56.0,58.0,60.0,62.0,67.0,75.0,inferred
Northumberland,2021-06-10,35.0,40.0,45.0,47.0,48.0,50.0,53.0,56.0,58.0,60.0,62.0,66.0,73.0,inferred
Northumberland,2021-06-11,33.0,39.0,43.0,44.8,46.0,48.6,51.0,53.0,55.0,57.0,59.0,64.0,72.0,inferred
Northumberland,2021-06-12,28.0,32.0,36.0,38.0,39.0,42.0,44.0,46.0,48.0,50.0,52.0,55.0,62.0,inferred
Northumberland,2021-06-13,35.0,39.9,43.0,45.0,46.0,49.0,51.0,54.0,56.0,57.0,59.0,64.0,71.5,inferred
Northumberland,2021-06-14,48.0,55.0,59.0,61.0,63.0,66.0,69.0,71.0,75.0,77.0,79.0,85.0,94.0,inferred
Northumberland,2021-06-15,46.0,52.0,57.0,59.0,61.0,64.0,66.0,69.0,72.0,74.0,76.0,81.0,91.0,inferred
Northumberland,2021-06-16,49.0,56.0,61.0,63.0,65.0,68.0,71.0,74.0,77.0,79.0,81.0,86.0,95.0,inferred
Northumberland,2021-06-17,47.0,53.0,57.0,59.0,61.0,64.0,67.0,70.0,73.0,75.0,77.0,83.0,91.0,inferred
Northumberland,2021-06-18,41.0,48.0,53.0,54.0,56.0,59.0,62.5,66.0,69.0,71.0,73.0,80.0,87.5,inferred
Norwich,2021-03-06,1.0,2.0,3.0,3.0,4.0,4.0,5.0,6.0,6.0,7.0,7.0,9.0,12.0,inferred
Norwich,2021-03-07,1.0,2.0,3.0,4.0,4.0,5.0,6.0,6.0,7.0,7.0,8.0,10.0,12.0,inferred
Norwich,2021-03-08,2.0,3.0,5.0,5.0,5.0,6.0,7.0,8.0,9.0,9.0,10.0,11.0,15.0,inferred
Norwich,2021-03-09,2.0,3.0,4.0,5.0,5.0,6.0,7.0,7.0,8.0,9.0,9.0,11.0,13.0,inferred
Norwich,2021-03-10,2.0,3.0,5.0,5.0,5.0,6.0,7.0,8.0,9.0,9.0,10.0,11.0,14.0,inferred
Norwich,2021-03-11,2.0,3.0,4.0,5.0,5.0,6.0,6.0,7.0,8.0,9.0,9.0,11.0,14.0,inferred
Norwich,2021-03-12,1.0,3.0,4.0,4.0,4.0,5.0,6.0,7.0,7.0,8.0,9.0,10.0,13.0,inferred
Norwich,2021-03-13,1.0,2.0,3.0,3.0,4.0,4.0,5.0,6.0,6.0,7.0,7.0,9.0,12.0,inferred
Norwich,2021-03-14,1.0,2.0,3.0,4.0,4.0,5.0,5.0,6.0,7.0,8.0,8.0,10.0,12.0,inferred
Norwich,2021-03-15,2.0,3.0,5.0,5.0,6.0,6.0,7.0,8.0,9.0,9.0,10.0,12.0,15.0,inferred
Norwich,2021-03-16,2.0,3.0,4.0,5.0,5.0,6.0,7.0,7.0,8.0,9.0,10.0,11.0,14.0,inferred
Norwich,2021-03-17,2.0,3.0,5.0,5.0,6.0,6.0,7.0,8.0,9.0,9.0,10.0,12.0,15.0,inferred
Norwich,2021-03-18,2.0,3.0,4.0,4.0,5.0,6.0,6.0,7.0,8.0,8.0,9.0,11.0,14.0,inferred
Norwich,2021-03-19,1.0,2.0,3.0,4.0,4.0,5.0,6.0,6.4,7.0,8.0,9.0,10.0,13.0,inferred
Norwich,2021-03-20,1.0,2.0,2.0,3.0,3.0,4.0,4.0,5.0,6.0,6.0,7.0,8.0,10.0,inferred
Norwich,2021-03-21,1.0,2.0,3.0,3.0,4.0,4.0,5.0,6.0,7.0,7.0,8.0,9.0,12.0,inferred
Norwich,2021-03-22,2.0,3.0,4.0,4.0,5.0,6.0,6.0,7.0,8.0,9.0,9.0,11.0,14.0,inferred
Norwich,2021-03-23,1.0,2.9,4.0,4.0,4.0,5.0,6.0,7.0,8.0,8.0,9.0,10.0,13.0,inferred
Norwich,2021-03-24,1.0,3.0,4.0,4.0,4.0,5.0,6.0,7.0,8.0,8.0,9.0,10.0,13.5,inferred
Norwich,2021-03-25,1.0,2.0,3.0,3.0,4.0,4.0,5.0,6.0,7.0,7.0,8.0,9.0,12.0,inferred
Norwich,2021-03-26,1.0,2.0,2.0,3.0,3.0,4.0,4.0,5.0,6.0,6.0,7.0,8.0,11.0,inferred
Norwich,2021-03-27,0.0,1.0,2.0,2.0,2.0,3.0,3.0,4.0,4.0,5.0,5.0,6.0,8.0,inferred
Norwich,2021-03-28,0.0,1.0,2.0,2.0,2.0,3.0,3.0,4.0,5.0,5.0,5.0,7.0,9.0,inferred
Norwich,2021-03-29,0.0,1.0,2.0,3.0,3.0,3.0,4.0,5.0,5.0,6.0,6.0,8.0,11.0,inferred
Norwich,2021-03-30,0.0,1.0,2.0,2.0,2.0,3.0,4.0,4.0,5.0,5.0,6.0,7.0,10.0,inferred
Norwich,2021-03-31,0.0,1.0,2.0,2.0,2.0,3.0,3.0,4.0,5.0,5.0,6.0,7.0,9.5,inferred
Norwich,2021-04-01,0.0,1.0,1.0,2.0,2.0,3.0,3.0,4.0,4.0,5.0,5.0,6.0,9.0,inferred
Norwich,2021-04-02,0.0,0.0,1.0,1.0,2.0,2.0,3.0,3.0,4.0,4.0,4.0,6.0,8.0,inferred
Norwich,2021-04-03,0.0,0.0,1.0,1.0,1.0,1.0,2.0,2.0,3.0,3.0,3.0,5.0,6.0,inferred
Norwich,2021-04-04,0.0,0.0,1.0,1.0,1.0,2.0,2.0,3.0,3.0,3.0,4.0,5.0,7.0,inferred
Norwich,2021-04-05,0.0,0.0,1.0,1.0,2.0,2.0,3.0,3.0,4.0,4.0,5.0,6.0,8.0,inferred
Norwich,2021-04-06,0.0,0.0,1.0,1.0,1.0,2.0,2.0,3.0,3.0,4.0,4.0,5.0,8.0,inferred
Norwich,2021-04-07,0.0,0.0,1.0,1.0,1.0,2.0,2.0,3.0,4.0,4.0,4.0,6.0,7.0,inferred
Norwich,2021-04-08,0.0,0.0,1.0,1.0,1.0,2.0,2.0,3.0,3.0,3.0,4.0,5.0,7.0,inferred
Norwich,2021-04-09,0.0,0.0,1.0,1.0,1.0,1.0,2.0,2.0,3.0,3.0,3.0,4.0,6.0,inferred
Norwich,2021-04-10,0.0,0.0,0.0,0.0,1.0,1.0,1.0,2.0,2.0,2.0,3.0,4.0,6.0,inferred
Norwich,2021-04-11,0.0,0.0,0.0,1.0,1.0,1.0,2.0,2.0,3.0,3.0,3.0,4.0,6.0,inferred
Norwich,2021-04-12,0.0,0.0,1.0,1.0,1.0,1.0,2.0,2.0,3.0,3.0,4.0,5.0,7.0,inferred
Norwich,2021-04-13,0.0,0.0,1.0,1.0,1.0,1.0,2.0,2.0,3.0,3.0,3.0,4.0,6.0,inferred
Norwich,2021-04-14,0.0,0.0,1.0,1.0,1.0,1.0,2.0,2.0,3.0,3.0,4.0,5.0,7.0,inferred
Norwich,2021-04-15,0.0,0.0,0.8,1.0,1.0,1.0,2.0,2.0,3.0,3.0,3.0,4.0,7.0,inferred
Norwich,2021-04-16,0.0,0.0,1.0,1.0,1.0,1.0,2.0,2.0,3.0,3.0,3.0,4.0,6.0,inferred
Norwich,2021-04-17,0.0,0.0,0.0,0.0,1.0,1.0,1.0,2.0,2.0,3.0,3.0,4.0,6.0,inferred
Norwich,2021-04-18,0.0,0.0,1.0,1.0,1.0,1.0,2.0,2.0,3.0,3.0,3.0,4.0,6.0,inferred
Norwich,2021-04-19,0.0,0.0,1.0,1.0,1.0,2.0,2.0,3.0,3.0,4.0,4.0,5.0,7.0,inferred
Norwich,2021-04-20,0.0,0.0,1.0,1.0,1.0,2.0,2.0,3.0,3.0,4.0,4.0,5.0,7.0,inferred
Norwich,2021-04-21,0.0,0.0,1.0,1.0,2.0,2.0,3.0,3.0,4.0,4.0,4.0,6.0,8.0,inferred
Norwich,2021-04-22,0.0,0.0,1.0,1.0,1.0,2.0,2.0,3.0,4.0,4.0,4.0,5.0,8.0,inferred
Norwich,2021-04-23,0.0,0.0,1.0,1.0,1.0,2.0,2.0,3.0,3.0,4.0,4.0,5.0,7.0,inferred
Norwich,2021-04-24,0.0,0.0,1.0,1.0,1.0,1.0,2.0,2.0,3.0,3.0,4.0,5.0,7.0,inferred
Norwich,2021-04-25,0.0,0.0,1.0,1.0,1.0,2.0,2.0,3.0,3.0,4.0,4.0,5.0,7.0,inferred
Norwich,2021-04-26,0.0,1.0,1.0,2.0,2.0,3.0,3.0,4.0,4.0,5.0,5.0,7.0,8.5,inferred
Norwich,2021-04-27,0.0,1.0,1.0,2.0,2.0,2.0,3.0,3.0,4.0,5.0,5.0,6.0,9.0,inferred
Norwich,2021-04-28,0.0,1.0,2.0,2.0,2.0,3.0,3.0,4.0,4.0,5.0,5.0,7.0,9.0,inferred
Norwich,2021-04-29,0.0,1.0,1.0,2.0,2.0,2.0,3.0,4.0,4.0,5.0,5.0,6.0,8.0,inferred
Norwich,2021-04-30,0.0,1.0,1.0,1.0,2.0,2.0,3.0,3.0,4.0,4.0,5.0,6.0,8.0,inferred
Norwich,2021-05-01,0.0,0.0,1.0,1.0,1.0,2.0,2.0,3.0,3.0,3.0,4.0,5.0,7.0,inferred
Norwich,2021-05-02,0.0,0.0,1.0,1.0,2.0,2.0,2.0,3.0,4.0,4.0,4.0,5.0,8.0,inferred
Norwich,2021-05-03,0.0,1.0,1.0,2.0,2.0,3.0,3.0,4.0,4.0,5.0,5.0,7.0,9.0,inferred
Norwich,2021-05-04,0.0,1.0,1.0,2.0,2.0,2.0,3.0,4.0,4.0,5.0,5.0,6.0,9.0,inferred
Norwich,2021-05-05,0.0,1.0,2.0,2.0,2.0,3.0,3.0,4.0,4.0,5.0,5.0,7.0,9.0,inferred
Norwich,2021-05-06,0.0,1.0,1.0,2.0,2.0,2.0,3.0,3.0,4.0,4.0,5.0,6.0,8.5,inferred
Norwich,2021-05-07,0.0,0.0,1.0,1.0,2.0,2.0,3.0,3.0,4.0,4.0,4.0,6.0,8.0,inferred
Norwich,2021-05-08,0.0,0.0,1.0,1.0,1.0,2.0,2.0,3.0,3.0,3.0,4.0,5.0,7.0,inferred
Norwich,2021-05-09,0.0,0.0,1.0,1.0,1.0,2.0,2.0,3.0,3.0,4.0,4.0,5.0,8.0,inferred
Norwich,2021-05-10,0.0,1.0,1.0,2.0,2.0,2.0,3.0,4.0,4.0,5.0,5.0,6.0,9.0,inferred
Norwich,2021-05-11,0.0,1.0,1.0,2.0,2.0,2.0,3.0,4.0,4.0,5.0,5.0,6.0,8.0,inferred
Norwich,2021-05-12,0.0,1.0,1.0,2.0,2.0,3.0,3.0,4.0,4.0,5.0,5.0,6.0,9.0,inferred
Norwich,2021-05-13,0.0,1.0,1.0,2.0,2.0,2.0,3.0,3.0,4.0,4.0,5.0,6.0,8.0,inferred
Norwich,2021-05-14,0.0,0.0,1.0,1.0,1.0,2.0,3.0,3.0,4.0,4.0,4.0,5.0,7.0,inferred
Norwich,2021-05-15,0.0,0.0,1.0,1.0,1.0,2.0,2.0,2.0,3.0,3.0,4.0,5.0,7.0,inferred
Norwich,2021-05-16,0.0,0.0,1.0,1.0,1.0,2.0,2.0,3.0,3.0,4.0,4.0,5.0,8.0,inferred
Norwich,2021-05-17,0.0,1.0,1.0,2.0,2.0,2.0,3.0,3.4,4.0,5.0,5.0,6.0,8.0,inferred
Norwich,2021-05-18,0.0,1.0,1.0,2.0,2.0,2.0,3.0,3.0,4.0,4.0,5.0,6.0,8.0,inferred
Norwich,2021-05-19,0.0,1.0,1.0,2.0,2.0,2.0,3.0,3.0,4.0,4.0,5.0,6.0,9.0,inferred
Norwich,2021-05-20,0.0,1.0,1.0,2.0,2.0,2.0,3.0,3.0,4.0,4.0,5.0,6.0,8.0,inferred
Norwich,2021-05-21,0.0,0.0,1.0,1.0,1.0,2.0,2.0,3.0,3.0,4.0,4.0,5.0,7.0,inferred
Norwich,2021-05-22,0.0,0.0,1.0,1.0,1.0,1.0,2.0,2.0,3.0,3.0,3.2,4.1,6.0,inferred
Norwich,2021-05-23,0.0,0.0,1.0,1.0,1.0,2.0,2.0,2.0,3.0,3.0,4.0,5.0,7.0,inferred
Norwich,2021-05-24,0.0,0.0,1.0,1.0,2.0,2.0,3.0,3.0,4.0,4.0,5.0,6.0,8.0,inferred
Norwich,2021-05-25,0.0,0.0,1.0,1.0,1.0,2.0,2.0,3.0,4.0,4.0,4.0,5.0,7.5,inferred
Norwich,2021-05-26,0.0,0.0,1.0,1.0,2.0,2.0,2.0,3.0,4.0,4.0,4.0,5.0,7.0,inferred
Norwich,2021-05-27,0.0,0.0,1.0,1.0,1.0,2.0,2.0,3.0,4.0,4.0,4.0,5.0,7.0,inferred
Norwich,2021-05-28,0.0,0.0,1.0,1.0,1.0,2.0,2.0,3.0,3.0,3.0,4.0,5.0,7.0,inferred
Norwich,2021-05-29,0.0,0.0,1.0,1.0,1.0,1.0,2.0,2.0,2.0,3.0,3.0,4.0,6.0,inferred
Norwich,2021-05-30,0.0,0.0,1.0,1.0,1.0,1.0,2.0,2.0,3.0,3.0,4.0,5.0,7.0,inferred
Norwich,2021-05-31,0.0,0.0,1.0,1.0,2.0,2.0,3.0,3.0,4.0,4.0,5.0,6.0,8.0,inferred
Norwich,2021-06-01,0.0,1.0,1.0,1.0,2.0,2.0,3.0,3.0,4.0,4.0,5.0,6.0,8.0,inferred
Norwich,2021-06-02,0.0,1.0,1.0,2.0,2.0,3.0,3.0,4.0,4.0,5.0,5.0,6.0,9.0,inferred
Norwich,2021-06-03,0.0,1.0,1.0,2.0,2.0,2.0,3.0,4.0,4.0,5.0,5.0,6.0,9.0,inferred
Norwich,2021-06-04,0.0,1.0,1.0,2.0,2.0,2.0,3.0,3.0,4.0,4.0,5.0,6.0,8.0,inferred
Norwich,2021-06-05,0.0,0.0,1.0,1.0,1.0,2.0,2.0,3.0,3.0,4.0,4.0,5.0,7.0,inferred
Norwich,2021-06-06,0.0,1.0,1.0,2.0,2.0,2.0,3.0,3.0,4.0,5.0,5.0,6.0,8.0,inferred
Norwich,2021-06-07,0.0,1.0,2.0,2.0,3.0,3.0,4.0,4.0,5.0,6.0,6.0,8.0,10.0,inferred
Norwich,2021-06-08,0.0,1.0,2.0,2.0,3.0,3.0,4.0,4.0,5.0,6.0,6.0,8.0,10.0,inferred
Norwich,2021-06-09,1.0,2.0,2.0,3.0,3.0,4.0,4.0,5.0,6.0,6.0,7.0,8.0,11.0,inferred
Norwich,2021-06-10,0.0,1.0,2.0,3.0,3.0,4.0,4.0,5.0,5.0,6.0,6.0,8.0,10.0,inferred
Norwich,2021-06-11,0.0,1.0,2.0,2.0,3.0,3.0,4.0,4.0,5.0,6.0,6.0,7.0,10.0,inferred
Norwich,2021-06-12,0.0,1.0,1.0,2.0,2.0,2.0,3.0,4.0,4.0,5.0,5.0,6.0,8.0,inferred
Norwich,2021-06-13,0.0,1.0,2.0,2.0,3.0,3.0,4.0,4.0,5.0,6.0,6.0,7.0,10.0,inferred
Norwich,2021-06-14,1.0,2.0,3.0,3.0,3.0,4.0,5.0,5.0,6.0,7.0,7.0,9.0,11.0,inferred
Norwich,2021-06-15,1.0,2.0,3.0,3.0,3.0,4.0,5.0,6.0,7.0,7.0,7.0,9.0,12.0,inferred
Norwich,2021-06-16,1.0,2.0,3.0,3.0,4.0,5.0,5.0,6.0,7.0,8.0,8.0,10.0,13.0,inferred
Norwich,2021-06-17,1.0,2.0,3.0,3.0,4.0,4.0,5.0,6.0,7.0,7.0,8.0,10.0,12.5,inferred
Norwich,2021-06-18,1.0,2.0,3.0,3.0,3.0,4.0,5.0,6.0,7.0,7.0,8.0,9.0,12.0,inferred
Nottingham,2021-03-06,19.0,23.0,25.0,27.0,28.0,29.0,31.0,33.0,35.0,36.0,37.0,41.0,46.0,inferred
Nottingham,2021-03-07,23.0,27.0,30.0,31.0,32.0,34.0,36.0,38.0,40.0,41.0,42.0,46.0,51.0,inferred
Nottingham,2021-03-08,29.0,34.0,38.0,39.0,40.0,42.6,44.0,47.0,49.0,50.0,51.0,56.0,61.0,inferred
Nottingham,2021-03-09,27.0,32.0,35.0,36.0,37.0,40.0,42.0,44.0,46.0,48.0,49.0,53.0,60.0,inferred
Nottingham,2021-03-10,28.0,33.0,36.0,38.0,39.0,41.0,43.0,45.0,48.0,49.0,51.0,54.0,60.5,inferred
Nottingham,2021-03-11,23.5,29.0,32.0,33.0,34.0,36.0,38.0,40.0,42.0,43.0,45.0,48.0,55.0,inferred
Nottingham,2021-03-12,21.5,26.0,28.0,29.0,30.0,32.0,34.0,36.0,38.0,40.0,41.0,44.0,49.0,inferred
Nottingham,2021-03-13,16.0,19.0,22.0,23.0,24.0,25.0,27.0,29.0,30.0,31.0,33.0,35.0,40.0,inferred
Nottingham,2021-03-14,18.0,23.0,25.0,26.0,27.0,29.0,31.0,33.0,35.0,36.0,37.0,41.0,45.5,inferred
Nottingham,2021-03-15,24.0,29.0,33.0,34.0,35.0,37.0,39.0,41.0,43.0,44.0,46.0,50.0,55.0,inferred
Nottingham,2021-03-16,25.0,29.0,32.0,33.0,34.0,36.0,38.0,40.0,42.0,43.0,45.0,49.0,54.0,inferred
Nottingham,2021-03-17,26.0,30.0,33.0,34.0,35.0,38.0,40.0,42.0,44.0,45.0,46.0,50.0,56.0,inferred
Nottingham,2021-03-18,23.0,27.0,29.0,31.0,32.0,34.0,35.0,37.0,39.0,40.2,42.0,45.0,51.0,inferred
Nottingham,2021-03-19,19.0,23.0,26.0,27.0,28.0,30.0,32.0,34.0,36.0,37.0,38.2,42.0,48.0,inferred
Nottingham,2021-03-20,14.0,18.0,20.0,21.0,22.0,24.0,25.0,27.0,28.0,29.0,30.0,33.0,37.0,inferred
Nottingham,2021-03-21,18.0,22.0,24.0,25.0,26.0,28.0,29.0,31.0,33.0,34.0,35.0,38.0,44.0,inferred
Nottingham,2021-03-22,23.0,28.0,31.0,32.0,33.0,35.0,37.0,39.0,41.0,42.0,44.0,47.0,53.0,inferred
Nottingham,2021-03-23,22.0,26.0,28.0,30.0,31.0,33.0,35.0,37.0,39.0,40.0,41.0,45.0,51.0,inferred
Nottingham,2021-03-24,21.0,25.0,29.0,30.0,31.0,33.0,35.0,37.0,39.0,40.0,41.0,44.0,49.5,inferred
Nottingham,2021-03-25,18.0,21.0,24.0,25.0,26.0,28.0,29.0,31.0,33.0,34.0,35.0,38.0,45.0,inferred
Nottingham,2021-03-26,14.0,17.0,20.0,21.0,22.0,24.0,25.0,27.0,29.0,30.0,31.0,34.0,39.0,inferred
Nottingham,2021-03-27,9.0,12.0,15.0,16.0,16.0,18.0,19.0,20.0,22.0,23.0,24.0,26.0,31.0,inferred
Nottingham,2021-03-28,11.0,14.0,16.0,17.0,17.7,19.0,20.0,22.0,23.3,25.0,26.0,29.0,34.0,inferred
Nottingham,2021-03-29,13.5,17.0,19.0,20.0,21.0,22.6,24.0,26.0,28.0,29.0,30.0,33.0,38.0,inferred
Nottingham,2021-03-30,12.0,15.0,17.0,18.0,19.0,20.0,22.0,23.0,25.0,26.0,27.0,30.0,35.0,inferred
Nottingham,2021-03-31,11.0,14.0,17.0,18.0,18.0,20.0,21.0,23.0,25.0,26.0,26.0,29.0,33.0,inferred
Nottingham,2021-04-01,9.0,12.0,14.0,15.0,16.0,17.0,18.0,20.0,21.0,22.0,23.0,26.0,31.0,inferred
Nottingham,2021-04-02,8.0,11.0,12.0,13.0,14.0,15.0,16.0,18.0,19.0,20.0,21.0,23.0,27.0,inferred
Nottingham,2021-04-03,5.0,7.0,9.0,10.0,10.0,11.0,12.0,14.0,15.0,16.0,17.0,19.0,22.0,inferred
Nottingham,2021-04-04,6.0,8.0,10.0,11.0,11.0,13.0,14.0,15.0,17.0,17.0,18.0,20.0,25.0,inferred
Nottingham,2021-04-05,8.5,11.0,13.0,14.0,15.0,16.0,17.0,19.0,20.0,20.0,21.0,24.0,28.0,inferred
Nottingham,2021-04-06,8.0,10.0,12.0,13.0,14.0,15.0,16.0,17.0,19.0,20.0,21.0,23.0,28.5,inferred
Nottingham,2021-04-07,8.0,11.0,13.0,13.0,14.0,15.0,17.0,18.0,20.0,20.0,21.0,24.0,29.0,inferred
Nottingham,2021-04-08,7.0,9.0,11.0,12.0,12.0,14.0,15.0,16.0,17.0,18.0,19.0,21.0,25.0,inferred
Nottingham,2021-04-09,6.0,8.0,10.0,10.0,11.0,12.0,13.0,14.0,15.0,16.0,17.0,19.0,23.0,inferred
Nottingham,2021-04-10,4.0,6.0,7.0,8.0,8.0,9.0,10.0,11.0,12.0,13.0,14.0,15.0,20.0,inferred
Nottingham,2021-04-11,4.0,7.0,8.0,9.0,9.0,11.0,12.0,13.0,14.0,15.0,16.0,18.0,21.0,inferred
Nottingham,2021-04-12,6.0,8.0,10.0,11.0,12.0,13.0,15.0,16.0,17.0,18.0,19.0,21.0,25.0,inferred
Nottingham,2021-04-13,7.0,8.0,10.0,11.0,12.0,13.0,14.0,15.0,16.0,17.0,18.0,20.0,23.0,inferred
Nottingham,2021-04-14,6.0,9.0,11.0,11.0,12.0,13.0,14.0,15.0,17.0,17.0,18.0,21.0,25.0,inferred
Nottingham,2021-04-15,5.0,7.0,9.0,10.0,10.0,12.0,13.0,14.0,15.0,16.0,16.0,19.0,22.0,inferred
Nottingham,2021-04-16,5.0,7.0,8.0,9.0,9.0,10.0,11.0,13.0,14.0,14.0,15.0,17.0,21.5,inferred
Nottingham,2021-04-17,3.0,5.0,6.0,6.0,7.0,8.0,9.0,10.0,11.0,11.0,12.0,14.0,17.5,inferred
Nottingham,2021-04-18,4.0,6.0,7.0,8.0,8.0,9.0,10.0,11.0,12.0,13.0,14.0,16.0,20.0,inferred
Nottingham,2021-04-19,5.0,8.0,9.8,10.0,11.0,12.0,13.0,14.0,15.0,16.0,17.0,19.0,23.0,inferred
Nottingham,2021-04-20,5.0,7.0,9.0,10.0,10.7,11.0,12.0,14.0,15.0,16.0,16.0,19.0,23.0,inferred
Nottingham,2021-04-21,6.0,8.0,10.0,11.0,11.0,12.0,13.0,15.0,16.0,17.0,17.0,20.0,24.0,inferred
Nottingham,2021-04-22,5.0,7.0,9.0,9.0,10.0,11.0,12.0,13.0,15.0,15.0,16.0,19.0,22.0,inferred
Nottingham,2021-04-23,4.0,6.0,8.0,8.0,9.0,10.0,11.0,12.0,13.0,14.0,15.0,17.0,21.0,inferred
Nottingham,2021-04-24,3.0,5.0,6.0,7.0,7.0,8.0,9.0,10.0,11.0,11.0,12.0,14.0,17.0,inferred
Nottingham,2021-04-25,4.0,6.0,7.0,8.0,8.0,9.0,10.0,12.0,13.0,13.0,14.0,16.0,20.0,inferred
Nottingham,2021-04-26,6.0,8.0,10.0,11.0,11.0,12.0,13.0,14.4,16.0,17.0,17.0,20.0,23.0,inferred
Nottingham,2021-04-27,5.0,8.0,9.0,10.0,11.0,12.0,13.0,14.0,15.0,16.0,17.0,19.0,23.0,inferred
Nottingham,2021-04-28,6.0,9.0,10.8,11.0,12.0,13.0,14.0,15.0,16.0,17.0,18.0,21.0,24.0,inferred
Nottingham,2021-04-29,5.0,8.0,9.0,10.0,11.0,12.0,13.0,14.0,15.0,16.0,17.0,19.0,23.0,inferred
Nottingham,2021-04-30,5.0,7.0,8.0,9.0,10.0,11.0,12.0,13.0,14.0,15.0,16.0,18.0,22.0,inferred
Nottingham,2021-05-01,3.0,5.0,7.0,7.0,8.0,9.0,10.0,11.0,12.0,13.0,13.0,15.0,19.0,inferred
Nottingham,2021-05-02,5.0,7.0,8.0,9.0,10.0,11.0,12.0,13.0,15.0,15.0,16.0,18.0,22.0,inferred
Nottingham,2021-05-03,7.0,10.0,12.0,12.0,13.0,15.0,16.0,17.0,18.0,19.0,20.0,23.0,27.0,inferred
Nottingham,2021-05-04,8.0,10.0,12.0,12.0,13.0,14.0,16.0,17.0,18.0,19.0,20.0,23.0,27.0,inferred
Nottingham,2021-05-05,8.0,10.0,12.0,13.0,14.0,15.0,17.0,18.0,19.0,20.0,21.0,24.0,28.0,inferred
Nottingham,2021-05-06,7.0,9.0,11.0,12.0,12.0,14.0,15.0,16.0,18.0,19.0,19.0,22.0,25.0,inferred
Nottingham,2021-05-07,6.0,8.0,10.0,11.0,11.0,12.0,14.0,15.0,16.0,17.0,18.0,20.0,24.0,inferred
Nottingham,2021-05-08,4.0,6.0,7.0,8.0,9.0,10.0,11.0,12.0,13.0,14.0,14.0,17.0,20.0,inferred
Nottingham,2021-05-09,5.0,7.0,9.0,10.0,10.0,11.0,12.0,14.0,15.0,15.0,16.0,19.0,23.0,inferred
Nottingham,2021-05-10,7.0,10.0,12.0,13.0,13.0,14.0,16.0,17.0,18.0,19.0,20.0,23.0,27.0,inferred
Nottingham,2021-05-11,7.0,9.0,11.0,12.0,12.0,13.0,15.0,16.0,17.0,18.0,19.0,22.0,26.0,inferred
Nottingham,2021-05-12,7.0,9.0,11.0,12.0,13.0,14.0,15.0,17.0,18.0,19.0,20.0,22.0,26.0,inferred
Nottingham,2021-05-13,6.0,8.0,9.0,10.0,11.0,12.0,13.0,14.0,15.0,16.0,17.0,19.0,23.0,inferred
Nottingham,2021-05-14,5.0,7.0,8.0,9.0,9.0,10.0,12.0,13.0,14.0,15.0,15.0,17.0,21.0,inferred
Nottingham,2021-05-15,3.0,5.0,6.0,7.0,7.0,8.0,9.0,10.0,11.0,11.0,12.0,14.0,17.0,inferred
Nottingham,2021-05-16,3.0,5.0,7.0,7.0,8.0,9.0,10.0,11.0,12.0,13.0,14.0,16.0,19.0,inferred
Nottingham,2021-05-17,5.0,7.0,9.0,10.0,10.0,11.0,12.0,14.0,15.0,15.0,16.0,18.1,23.0,inferred
Nottingham,2021-05-18,5.0,7.0,9.0,9.0,10.0,11.0,12.0,13.0,14.0,15.0,16.0,18.0,21.0,inferred
Nottingham,2021-05-19,5.0,7.0,9.0,9.0,10.0,11.0,12.0,14.0,15.0,15.2,16.0,19.0,22.5,inferred
Nottingham,2021-05-20,4.0,6.0,8.0,9.0,9.0,10.0,11.0,12.0,14.0,14.0,15.0,17.0,21.0,inferred
Nottingham,2021-05-21,4.0,6.0,7.0,8.0,8.0,9.0,10.0,11.0,13.0,13.2,14.0,16.0,20.0,inferred
Nottingham,2021-05-22,3.0,4.0,6.0,6.0,7.0,7.0,8.0,9.0,10.0,11.0,11.0,14.0,17.0,inferred
Nottingham,2021-05-23,4.0,5.0,7.0,7.0,8.0,9.0,10.0,11.0,12.0,12.0,13.0,15.0,19.0,inferred
Nottingham,2021-05-24,5.0,7.0,9.0,10.0,10.0,11.0,13.0,13.4,15.0,15.0,16.0,19.0,22.0,inferred
Nottingham,2021-05-25,5.0,7.0,9.0,10.0,10.0,11.0,12.0,14.0,15.0,16.0,17.0,19.0,22.0,inferred
Nottingham,2021-05-26,6.0,9.0,11.0,11.0,12.0,13.0,14.0,15.0,17.0,18.0,18.0,21.0,25.0,inferred
Nottingham,2021-05-27,6.0,8.0,10.0,11.0,12.0,13.0,14.0,15.0,16.0,17.0,18.0,20.0,24.0,inferred
Nottingham,2021-05-28,6.0,8.0,10.0,11.0,11.0,12.6,14.0,15.0,16.0,17.0,18.0,20.0,24.0,inferred
Nottingham,2021-05-29,5.0,7.0,8.0,9.0,9.0,10.0,11.0,13.0,14.0,14.0,15.0,18.0,21.0,inferred
Nottingham,2021-05-30,6.0,9.0,11.0,12.0,12.0,13.0,14.0,16.0,17.0,18.0,19.0,22.0,25.0,inferred
Nottingham,2021-05-31,10.0,13.0,16.0,16.0,17.0,19.0,20.0,22.0,23.0,24.0,25.0,28.0,32.0,inferred
Nottingham,2021-06-01,11.0,14.0,16.0,17.0,18.0,19.0,21.0,22.0,24.0,25.0,26.0,29.0,34.0,inferred
Nottingham,2021-06-02,14.0,18.0,20.0,21.0,22.0,24.0,25.0,27.0,28.0,29.0,30.0,34.0,38.0,inferred
Nottingham,2021-06-03,14.0,17.9,20.0,21.0,22.0,23.0,25.0,26.0,28.0,29.0,30.0,33.0,38.0,inferred
Nottingham,2021-06-04,14.0,17.9,20.0,21.0,22.0,24.0,25.0,27.0,28.0,29.0,31.0,34.0,38.0,inferred
Nottingham,2021-06-05,12.0,15.0,17.0,18.0,19.0,20.0,22.0,23.0,25.0,26.0,27.0,30.0,35.0,inferred
Nottingham,2021-06-06,16.0,20.0,22.0,23.0,25.0,26.0,28.0,30.0,32.0,33.0,34.0,37.0,43.0,inferred
Nottingham,2021-06-07,25.0,29.0,32.0,34.0,35.0,37.0,39.0,41.0,43.0,45.0,46.0,50.0,56.0,inferred
Nottingham,2021-06-08,26.0,31.0,34.0,35.0,37.0,39.0,41.0,43.0,45.0,46.0,48.0,52.0,58.0,inferred
Nottingham,2021-06-09,30.0,36.0,38.0,40.0,41.0,43.0,45.0,48.0,50.0,52.0,53.0,57.1,64.5,inferred
Nottingham,2021-06-10,28.0,33.0,36.0,38.0,39.0,41.0,43.0,45.0,47.0,49.0,50.0,54.0,61.0,inferred
Nottingham,2021-06-11,27.0,32.0,36.0,37.0,38.0,41.0,42.0,45.0,47.0,48.0,49.0,52.0,59.0,inferred
Nottingham,2021-06-12,23.0,27.0,30.0,31.0,32.0,34.0,35.0,37.0,40.0,41.0,42.0,46.0,51.0,inferred
Nottingham,2021-06-13,29.0,34.0,38.0,39.0,40.0,43.0,45.0,47.0,49.0,51.0,52.0,56.0,63.0,inferred
Nottingham,2021-06-14,42.0,48.0,52.0,54.0,55.0,58.0,61.0,64.0,66.0,68.0,70.0,75.0,82.0,inferred
Nottingham,2021-06-15,46.0,52.0,56.0,57.0,58.0,61.0,64.0,66.0,69.0,71.0,73.0,77.1,86.0,inferred
Nottingham,2021-06-16,54.0,60.0,65.0,66.0,68.0,71.0,73.5,76.0,80.0,82.0,84.0,89.0,97.0,inferred
Nottingham,2021-06-17,52.0,58.0,63.0,64.0,66.0,68.6,71.0,74.0,78.0,79.2,81.0,87.0,94.0,inferred
Nottingham,2021-06-18,51.0,58.0,62.0,64.0,65.0,69.0,72.0,75.0,78.0,79.0,81.0,87.0,97.0,inferred
Nuneaton and Bedworth,2021-03-06,3.0,5.0,7.0,7.0,8.0,9.0,10.0,11.0,12.0,12.0,13.0,16.0,19.0,inferred
Nuneaton and Bedworth,2021-03-07,4.0,6.0,8.0,8.0,9.0,10.0,11.0,12.0,13.0,14.0,15.0,17.0,22.0,inferred
Nuneaton and Bedworth,2021-03-08,6.0,9.0,11.0,12.0,12.0,14.0,15.0,16.0,18.0,18.0,19.0,22.0,26.0,inferred
Nuneaton and Bedworth,2021-03-09,6.0,8.0,10.0,11.0,12.0,13.0,14.0,15.0,17.0,18.0,18.0,21.0,25.0,inferred
Nuneaton and Bedworth,2021-03-10,7.0,9.0,11.0,12.0,12.0,14.0,15.0,16.0,18.0,18.0,19.0,22.0,26.0,inferred
Nuneaton and Bedworth,2021-03-11,5.0,7.0,9.0,10.0,10.0,12.0,13.0,14.0,16.0,16.0,17.0,20.0,23.0,inferred
Nuneaton and Bedworth,2021-03-12,4.0,6.0,8.0,8.0,9.0,10.0,11.0,12.0,14.0,14.0,15.0,17.0,21.5,inferred
Nuneaton and Bedworth,2021-03-13,2.0,4.0,6.0,6.0,7.0,8.0,9.0,10.0,11.0,12.0,12.0,15.0,18.0,inferred
Nuneaton and Bedworth,2021-03-14,3.0,5.0,7.0,8.0,8.0,9.0,10.0,11.0,12.0,13.0,14.0,16.0,19.0,inferred
Nuneaton and Bedworth,2021-03-15,5.0,7.0,8.0,9.0,10.0,11.0,12.0,13.0,15.0,16.0,16.0,19.0,23.0,inferred
Nuneaton and Bedworth,2021-03-16,4.0,6.0,8.0,9.0,9.0,10.0,11.0,13.0,14.0,15.0,16.0,18.0,22.0,inferred
Nuneaton and Bedworth,2021-03-17,4.0,7.0,8.0,9.0,10.0,11.0,12.0,13.0,15.0,15.0,16.0,18.0,22.0,inferred
Nuneaton and Bedworth,2021-03-18,3.0,5.0,7.0,8.0,8.0,10.0,11.0,12.0,13.0,14.0,15.0,17.0,20.5,inferred
Nuneaton and Bedworth,2021-03-19,3.0,5.0,6.0,7.0,7.0,9.0,10.0,11.0,12.0,12.0,13.0,15.0,19.0,inferred
Nuneaton and Bedworth,2021-03-20,2.0,4.0,5.0,5.0,6.0,7.0,8.0,9.0,10.0,10.0,11.0,13.0,16.0,inferred
Nuneaton and Bedworth,2021-03-21,3.0,5.0,6.0,6.0,7.0,8.0,9.0,10.0,11.0,11.0,12.0,14.0,18.0,inferred
Nuneaton and Bedworth,2021-03-22,4.0,7.0,8.0,9.0,9.0,10.0,12.0,13.0,14.0,15.0,16.0,18.0,22.0,inferred
Nuneaton and Bedworth,2021-03-23,4.0,6.0,7.8,8.0,9.0,10.0,11.0,12.0,13.3,14.0,15.0,18.0,21.0,inferred
Nuneaton and Bedworth,2021-03-24,4.0,6.0,8.0,9.0,9.0,10.0,12.0,13.0,14.0,15.0,16.0,18.0,22.0,inferred
Nuneaton and Bedworth,2021-03-25,3.0,5.0,7.0,7.0,8.0,9.0,10.0,11.0,12.3,13.0,14.0,16.0,20.0,inferred
Nuneaton and Bedworth,2021-03-26,3.0,4.0,6.0,6.0,7.0,8.0,9.0,10.0,11.0,12.0,13.0,15.0,19.0,inferred
Nuneaton and Bedworth,2021-03-27,1.0,3.0,4.0,5.0,5.0,6.0,7.0,8.0,9.0,9.0,10.0,12.0,15.0,inferred
Nuneaton and Bedworth,2021-03-28,2.0,4.0,5.0,6.0,6.0,7.0,8.0,9.0,10.0,10.0,11.0,13.0,16.0,inferred
Nuneaton and Bedworth,2021-03-29,3.0,5.0,6.0,7.0,7.0,8.0,9.0,10.0,12.0,12.0,13.0,15.0,19.0,inferred
Nuneaton and Bedworth,2021-03-30,3.0,4.0,5.0,6.0,7.0,8.0,9.0,10.0,11.0,12.0,12.0,14.0,18.0,inferred
Nuneaton and Bedworth,2021-03-31,3.0,4.0,6.0,6.0,7.0,8.0,9.0,10.0,11.0,12.0,13.0,15.0,18.5,inferred
Nuneaton and Bedworth,2021-04-01,2.0,3.0,5.0,5.0,6.0,6.0,7.0,8.0,9.0,10.0,11.0,13.0,17.0,inferred
Nuneaton and Bedworth,2021-04-02,1.0,3.0,4.0,5.0,5.0,6.0,7.0,7.0,8.0,9.0,10.0,12.0,15.0,inferred
Nuneaton and Bedworth,2021-04-03,1.0,2.0,3.0,3.0,4.0,4.0,5.0,6.0,6.0,7.0,8.0,9.0,12.0,inferred
Nuneaton and Bedworth,2021-04-04,1.0,2.0,3.0,4.0,4.0,5.0,6.0,6.0,7.0,8.0,8.0,11.0,14.0,inferred
Nuneaton and Bedworth,2021-04-05,2.0,3.0,4.0,5.0,5.0,6.0,7.0,8.0,9.0,9.0,10.0,12.0,14.0,inferred
Nuneaton and Bedworth,2021-04-06,1.0,3.0,4.0,4.0,5.0,6.0,6.0,7.0,8.0,9.0,9.0,11.0,15.0,inferred
Nuneaton and Bedworth,2021-04-07,1.5,3.0,4.0,5.0,5.0,6.0,7.0,8.0,9.0,10.0,10.0,12.0,16.0,inferred
Nuneaton and Bedworth,2021-04-08,1.0,3.0,4.0,4.0,5.0,5.0,6.0,7.0,8.0,8.2,9.0,11.0,15.0,inferred
Nuneaton and Bedworth,2021-04-09,1.0,2.0,3.0,4.0,4.0,5.0,6.0,7.0,8.0,8.0,9.0,10.0,14.0,inferred
Nuneaton and Bedworth,2021-04-10,1.0,2.0,2.0,3.0,3.0,4.0,5.0,6.0,6.0,7.0,8.0,9.0,12.0,inferred
Nuneaton and Bedworth,2021-04-11,1.0,2.0,3.0,4.0,4.0,5.0,5.5,6.0,7.0,8.0,9.0,10.0,13.0,inferred
Nuneaton and Bedworth,2021-04-12,2.0,3.0,4.0,5.0,5.0,6.0,7.0,8.0,9.0,10.0,10.0,13.0,16.0,inferred
Nuneaton and Bedworth,2021-04-13,2.0,3.0,4.0,5.0,5.0,6.0,7.0,8.0,9.0,9.0,10.0,12.0,15.0,inferred
Nuneaton and Bedworth,2021-04-14,2.0,3.0,4.0,5.0,5.0,6.0,7.0,8.0,9.0,10.0,11.0,12.0,15.0,inferred
Nuneaton and Bedworth,2021-04-15,1.0,3.0,4.0,4.0,5.0,6.0,7.0,7.0,8.0,9.0,10.0,11.0,14.0,inferred
Nuneaton and Bedworth,2021-04-16,1.0,2.0,3.0,4.0,4.0,5.0,6.0,6.0,7.0,8.0,8.0,10.0,14.0,inferred
Nuneaton and Bedworth,2021-04-17,1.0,2.0,2.0,3.0,3.0,4.0,5.0,5.0,6.0,7.0,7.0,9.0,11.0,inferred
Nuneaton and Bedworth,2021-04-18,1.0,2.0,3.0,3.0,4.0,5.0,5.0,6.0,7.0,7.0,8.0,10.0,13.0,inferred
Nuneaton and Bedworth,2021-04-19,2.0,3.0,4.0,5.0,5.0,6.0,7.0,8.0,9.0,9.0,10.0,11.0,15.0,inferred
Nuneaton and Bedworth,2021-04-20,1.0,3.0,4.0,4.0,5.0,6.0,7.0,8.0,9.0,9.0,10.0,12.0,15.0,inferred
Nuneaton and Bedworth,2021-04-21,1.0,3.0,4.0,5.0,5.0,6.0,7.0,8.0,9.0,10.0,10.0,12.0,16.0,inferred
Nuneaton and Bedworth,2021-04-22,1.0,3.0,4.0,4.0,5.0,6.0,6.0,7.0,8.0,9.0,10.0,11.0,15.0,inferred
Nuneaton and Bedworth,2021-04-23,1.0,2.0,3.0,4.0,4.0,5.0,6.0,7.0,8.0,8.0,9.0,10.0,14.0,inferred
Nuneaton and Bedworth,2021-04-24,0.0,1.9,2.0,3.0,3.0,4.0,4.0,5.0,6.0,6.0,7.0,9.0,11.0,inferred
Nuneaton and Bedworth,2021-04-25,1.0,2.0,3.0,3.0,4.0,5.0,5.0,6.0,7.0,7.0,8.0,10.0,13.0,inferred
Nuneaton and Bedworth,2021-04-26,2.0,3.0,4.0,5.0,5.0,6.0,7.0,8.0,9.0,9.0,10.0,12.0,15.0,inferred
Nuneaton and Bedworth,2021-04-27,1.0,3.0,4.0,4.0,5.0,5.6,6.0,7.0,8.0,9.0,9.0,11.0,14.0,inferred
Nuneaton and Bedworth,2021-04-28,1.0,3.0,4.0,5.0,5.0,6.0,7.0,8.0,8.0,9.0,10.0,11.0,15.0,inferred
Nuneaton and Bedworth,2021-04-29,1.0,2.0,3.0,4.0,4.0,5.0,5.0,6.0,7.0,8.0,8.0,10.0,13.0,inferred
Nuneaton and Bedworth,2021-04-30,1.0,2.0,3.0,3.0,3.0,4.0,5.0,6.0,7.0,7.0,8.0,9.0,12.0,inferred
Nuneaton and Bedworth,2021-05-01,0.0,1.0,2.0,2.0,2.0,3.0,4.0,4.0,5.0,6.0,6.0,8.0,10.0,inferred
Nuneaton and Bedworth,2021-05-02,0.0,1.0,2.0,3.0,3.0,4.0,4.0,5.0,6.0,6.0,7.0,8.0,11.0,inferred
Nuneaton and Bedworth,2021-05-03,1.0,2.0,3.0,3.0,4.0,5.0,5.0,6.0,7.0,7.0,8.0,10.0,13.0,inferred
Nuneaton and Bedworth,2021-05-04,1.0,2.0,2.0,3.0,3.0,4.0,5.0,6.0,6.0,7.0,8.0,9.0,12.0,inferred
Nuneaton and Bedworth,2021-05-05,1.0,2.0,3.0,3.0,4.0,4.0,5.0,6.0,6.3,7.0,8.0,9.0,12.0,inferred
Nuneaton and Bedworth,2021-05-06,0.0,1.0,2.0,3.0,3.0,3.0,4.0,5.0,6.0,6.0,7.0,8.0,11.0,inferred
Nuneaton and Bedworth,2021-05-07,0.0,1.0,2.0,2.0,2.0,3.0,4.0,4.0,5.0,5.0,6.0,7.0,10.0,inferred
Nuneaton and Bedworth,2021-05-08,0.0,0.0,1.0,1.0,2.0,2.0,3.0,3.0,4.0,4.0,5.0,6.0,9.0,inferred
Nuneaton and Bedworth,2021-05-09,0.0,1.0,1.0,2.0,2.0,2.0,3.0,4.0,4.0,5.0,5.0,7.0,9.0,inferred
Nuneaton and Bedworth,2021-05-10,0.0,1.0,2.0,2.0,3.0,3.0,4.0,4.0,5.0,6.0,6.0,8.0,10.0,inferred
Nuneaton and Bedworth,2021-05-11,0.0,1.0,2.0,2.0,2.0,3.0,3.0,4.0,5.0,5.0,6.0,7.0,10.0,inferred
Nuneaton and Bedworth,2021-05-12,0.0,1.0,2.0,2.0,2.0,3.0,3.5,4.0,5.0,6.0,6.0,7.0,10.0,inferred
Nuneaton and Bedworth,2021-05-13,0.0,1.0,1.0,2.0,2.0,3.0,3.0,4.0,4.0,5.0,5.0,7.0,9.0,inferred
Nuneaton and Bedworth,2021-05-14,0.0,1.0,1.0,1.0,2.0,2.0,3.0,3.0,4.0,4.0,5.0,6.0,9.0,inferred
Nuneaton and Bedworth,2021-05-15,0.0,0.0,1.0,1.0,1.0,2.0,2.0,3.0,3.0,4.0,4.0,5.0,8.0,inferred
Nuneaton and Bedworth,2021-05-16,0.0,0.0,1.0,1.0,2.0,2.0,3.0,3.0,4.0,4.0,5.0,6.0,9.0,inferred
Nuneaton and Bedworth,2021-05-17,0.0,1.0,2.0,2.0,2.0,3.0,3.0,4.0,5.0,5.0,6.0,7.0,10.0,inferred
Nuneaton and Bedworth,2021-05-18,0.0,1.0,2.0,2.0,2.0,3.0,3.0,4.0,5.0,5.0,6.0,7.0,10.0,inferred
Nuneaton and Bedworth,2021-05-19,0.0,1.0,2.0,2.0,2.0,3.0,4.0,4.0,5.0,6.0,6.0,8.0,10.0,inferred
Nuneaton and Bedworth,2021-05-20,0.0,1.0,2.0,2.0,2.0,3.0,3.0,4.0,5.0,5.0,6.0,7.0,10.0,inferred
Nuneaton and Bedworth,2021-05-21,0.0,1.0,1.0,2.0,2.0,3.0,3.0,4.0,5.0,5.0,6.0,7.0,10.0,inferred
Nuneaton and Bedworth,2021-05-22,0.0,1.0,1.0,1.0,2.0,2.0,3.0,3.0,4.0,4.0,5.0,6.0,8.0,inferred
Nuneaton and Bedworth,2021-05-23,0.0,1.0,2.0,2.0,2.0,3.0,3.0,4.0,5.0,5.0,6.0,7.0,10.0,inferred
Nuneaton and Bedworth,2021-05-24,0.0,1.0,2.0,3.0,3.0,4.0,4.5,5.0,6.0,7.0,8.0,9.0,12.0,inferred
Nuneaton and Bedworth,2021-05-25,1.0,2.0,3.0,3.0,3.0,4.0,5.0,6.0,6.0,7.0,8.0,9.0,13.0,inferred
Nuneaton and Bedworth,2021-05-26,1.0,2.0,3.0,4.0,4.0,5.0,6.0,6.0,7.0,8.0,9.0,11.0,14.0,inferred
Nuneaton and Bedworth,2021-05-27,1.0,2.0,3.0,4.0,4.0,5.0,6.0,6.0,7.0,8.0,9.0,11.0,14.0,inferred
Nuneaton and Bedworth,2021-05-28,1.0,2.0,3.0,4.0,4.0,5.0,6.0,6.0,7.0,8.0,9.0,10.0,14.0,inferred
Nuneaton and Bedworth,2021-05-29,1.0,2.0,3.0,3.0,3.0,4.0,5.0,6.0,6.0,7.0,7.0,9.0,12.0,inferred
Nuneaton and Bedworth,2021-05-30,1.0,2.0,4.0,4.0,4.7,5.0,6.0,7.0,8.0,8.0,9.0,11.0,14.0,inferred
Nuneaton and Bedworth,2021-05-31,3.0,4.0,6.0,6.0,7.0,8.0,9.0,10.0,11.0,12.0,13.0,15.0,18.0,inferred
Nuneaton and Bedworth,2021-06-01,3.0,5.0,6.0,7.0,7.0,8.0,9.0,10.0,11.0,12.0,13.0,15.0,19.0,inferred
Nuneaton and Bedworth,2021-06-02,4.0,6.0,7.0,8.0,8.0,9.0,10.0,11.0,13.0,13.0,14.0,17.0,21.0,inferred
Nuneaton and Bedworth,2021-06-03,4.0,6.0,7.0,8.0,8.0,10.0,11.0,12.0,13.0,14.0,15.0,17.0,21.0,inferred
Nuneaton and Bedworth,2021-06-04,3.5,6.0,7.0,8.0,8.0,9.0,11.0,12.0,13.0,14.0,15.0,17.0,21.0,inferred
Nuneaton and Bedworth,2021-06-05,3.0,5.0,6.0,7.0,7.0,8.0,9.0,11.0,12.0,12.0,13.0,16.0,19.0,inferred
Nuneaton and Bedworth,2021-06-06,5.0,7.0,9.0,9.0,10.0,11.0,12.0,14.0,15.0,16.0,17.0,19.0,23.0,inferred
Nuneaton and Bedworth,2021-06-07,8.0,11.0,13.0,13.0,14.0,15.0,17.0,18.0,20.0,21.0,22.0,24.0,28.0,inferred
Nuneaton and Bedworth,2021-06-08,8.0,11.0,13.0,14.0,15.0,17.0,18.0,19.0,21.0,22.0,23.0,26.0,30.0,inferred
Nuneaton and Bedworth,2021-06-09,9.0,13.0,15.0,16.0,17.0,18.0,20.0,21.0,23.0,24.0,25.0,28.0,33.0,inferred
Nuneaton and Bedworth,2021-06-10,8.5,12.0,14.0,14.0,15.0,17.0,18.0,20.0,22.0,23.0,24.0,27.0,32.0,inferred
Nuneaton and Bedworth,2021-06-11,8.0,10.0,13.0,14.0,14.0,16.0,17.0,19.0,20.0,21.0,22.0,25.0,30.0,inferred
Nuneaton and Bedworth,2021-06-12,6.0,8.0,10.0,11.0,12.0,13.0,14.0,16.0,17.0,18.0,19.0,21.0,26.0,inferred
Nuneaton and Bedworth,2021-06-13,8.0,11.0,13.0,14.0,15.0,16.0,17.0,19.0,20.0,21.0,22.0,25.0,30.0,inferred
Nuneaton and Bedworth,2021-06-14,12.0,16.0,18.0,19.0,20.0,22.0,23.0,25.0,27.0,28.0,29.0,32.0,37.0,inferred
Nuneaton and Bedworth,2021-06-15,13.0,16.0,18.0,19.0,20.0,22.0,23.0,25.0,27.0,28.0,29.0,32.0,38.0,inferred
Nuneaton and Bedworth,2021-06-16,13.5,18.0,20.0,21.0,22.0,24.0,26.0,27.0,29.0,31.0,32.0,36.0,41.0,inferred
Nuneaton and Bedworth,2021-06-17,12.0,17.0,19.0,20.0,21.0,22.0,24.0,25.0,27.0,29.0,30.0,33.0,39.0,inferred
Nuneaton and Bedworth,2021-06-18,11.0,15.0,17.0,18.0,19.0,21.0,23.0,25.0,27.0,28.0,29.0,32.1,38.0,inferred
Oadby and Wigston,2021-03-06,1.0,2.0,3.0,3.0,3.0,4.0,5.0,5.0,6.0,7.0,7.0,9.0,11.0,inferred
Oadby and Wigston,2021-03-07,1.0,2.0,3.0,3.0,4.0,4.0,5.0,6.0,7.0,7.0,8.0,9.0,12.0,inferred
Oadby and Wigston,2021-03-08,1.0,3.0,4.0,4.0,4.0,5.0,6.0,7.0,8.0,8.0,9.0,11.0,14.0,inferred
Oadby and Wigston,2021-03-09,1.0,2.0,3.0,4.0,4.0,5.0,6.0,6.0,7.0,8.0,8.0,10.0,13.0,inferred
Oadby and Wigston,2021-03-10,1.0,2.0,3.0,4.0,4.0,5.0,6.0,6.0,7.0,8.0,8.0,10.0,13.0,inferred
Oadby and Wigston,2021-03-11,1.0,2.0,3.0,3.0,4.0,4.0,5.0,6.0,7.0,7.0,8.0,9.0,12.0,inferred
Oadby and Wigston,2021-03-12,1.0,2.0,2.0,3.0,3.0,4.0,4.0,5.0,6.0,6.0,7.0,8.0,11.0,inferred
Oadby and Wigston,2021-03-13,0.0,1.0,2.0,2.0,2.0,3.0,3.0,4.0,5.0,5.0,6.0,7.0,9.0,inferred
Oadby and Wigston,2021-03-14,0.0,1.0,2.0,2.0,3.0,3.0,4.0,4.0,5.0,6.0,6.0,8.0,10.0,inferred
Oadby and Wigston,2021-03-15,1.0,2.0,3.0,3.0,4.0,4.0,5.0,6.0,7.0,7.0,8.0,10.0,12.0,inferred
Oadby and Wigston,2021-03-16,1.0,2.0,3.0,3.0,3.0,4.0,5.0,6.0,6.0,7.0,8.0,9.0,12.0,inferred
Oadby and Wigston,2021-03-17,1.0,2.0,3.0,3.0,4.0,5.0,5.0,6.0,7.0,7.0,8.0,9.1,12.0,inferred
Oadby and Wigston,2021-03-18,1.0,2.0,3.0,3.0,3.0,4.0,5.0,5.0,6.0,7.0,7.0,9.0,12.0,inferred
Oadby and Wigston,2021-03-19,0.0,1.0,2.0,3.0,3.0,4.0,4.0,5.0,6.0,6.0,7.0,9.0,11.0,inferred
Oadby and Wigston,2021-03-20,0.0,1.0,2.0,2.0,2.0,3.0,4.0,4.0,5.0,5.0,6.0,7.0,10.0,inferred
Oadby and Wigston,2021-03-21,1.0,1.0,2.0,3.0,3.0,4.0,4.0,5.0,6.0,6.0,7.0,8.0,11.0,inferred
Oadby and Wigston,2021-03-22,1.0,2.0,3.0,4.0,4.0,5.0,5.0,6.0,7.0,8.0,8.0,10.0,13.0,inferred
Oadby and Wigston,2021-03-23,1.0,2.0,3.0,4.0,4.0,5.0,5.0,6.0,7.0,8.0,8.0,10.0,13.0,inferred
Oadby and Wigston,2021-03-24,1.0,2.0,3.0,4.0,4.0,5.0,6.0,7.0,7.0,8.0,9.0,10.0,14.0,inferred
Oadby and Wigston,2021-03-25,1.0,2.0,3.0,3.0,3.0,4.0,5.0,6.0,6.0,7.0,7.0,9.0,12.0,inferred
Oadby and Wigston,2021-03-26,0.0,1.0,2.0,2.0,3.0,4.0,4.0,5.0,6.0,6.0,7.0,8.0,11.0,inferred
Oadby and Wigston,2021-03-27,0.0,1.0,2.0,2.0,2.0,3.0,3.0,4.0,4.0,5.0,6.0,7.0,9.0,inferred
Oadby and Wigston,2021-03-28,0.0,1.0,2.0,2.0,3.0,3.0,4.0,4.0,5.0,6.0,6.0,8.0,10.0,inferred
Oadby and Wigston,2021-03-29,1.0,2.0,3.0,3.0,4.0,4.0,5.0,6.0,6.0,7.0,7.0,9.0,11.0,inferred
Oadby and Wigston,2021-03-30,0.0,2.0,3.0,3.0,3.0,4.0,5.0,5.0,6.0,7.0,7.0,9.0,12.0,inferred
Oadby and Wigston,2021-03-31,1.0,2.0,3.0,3.0,3.0,4.0,5.0,5.0,6.0,7.0,7.0,9.0,11.0,inferred
Oadby and Wigston,2021-04-01,0.0,1.0,2.0,3.0,3.0,4.0,4.0,5.0,6.0,6.0,7.0,8.0,11.0,inferred
Oadby and Wigston,2021-04-02,0.0,1.0,2.0,2.0,2.0,3.0,4.0,4.0,5.0,5.0,6.0,7.0,9.0,inferred
Oadby and Wigston,2021-04-03,0.0,1.0,1.0,1.0,2.0,2.0,3.0,3.0,4.0,4.0,5.0,6.0,8.0,inferred
Oadby and Wigston,2021-04-04,0.0,1.0,1.0,2.0,2.0,2.0,3.0,3.0,4.0,4.0,5.0,6.0,9.0,inferred
Oadby and Wigston,2021-04-05,0.0,1.0,2.0,2.0,2.0,3.0,4.0,4.0,5.0,5.0,6.0,7.0,10.0,inferred
Oadby and Wigston,2021-04-06,0.0,1.0,2.0,2.0,2.0,3.0,3.0,4.0,5.0,5.0,6.0,7.0,10.0,inferred
Oadby and Wigston,2021-04-07,0.0,1.0,2.0,2.0,2.0,3.0,4.0,4.0,5.0,5.0,6.0,7.0,9.0,inferred
Oadby and Wigston,2021-04-08,0.0,1.0,1.0,2.0,2.0,2.0,3.0,4.0,4.0,5.0,5.0,6.0,9.0,inferred
Oadby and Wigston,2021-04-09,0.0,0.0,1.0,1.0,2.0,2.0,3.0,3.0,4.0,4.0,4.2,6.0,8.0,inferred
Oadby and Wigston,2021-04-10,0.0,0.0,1.0,1.0,1.0,1.0,2.0,2.0,3.0,3.0,3.0,5.0,6.5,inferred
Oadby and Wigston,2021-04-11,0.0,0.0,1.0,1.0,1.0,2.0,2.0,2.0,3.0,3.0,4.0,5.0,7.0,inferred
Oadby and Wigston,2021-04-12,0.0,0.0,1.0,1.0,2.0,2.0,3.0,3.0,4.0,4.0,5.0,6.0,8.0,inferred
Oadby and Wigston,2021-04-13,0.0,0.0,1.0,1.0,1.0,2.0,2.0,3.0,3.0,4.0,4.0,6.0,8.0,inferred
Oadby and Wigston,2021-04-14,0.0,0.0,1.0,1.0,1.0,2.0,2.0,3.0,4.0,4.0,4.0,6.0,7.0,inferred
Oadby and Wigston,2021-04-15,0.0,0.0,1.0,1.0,1.0,1.0,2.0,2.0,3.0,3.0,4.0,5.0,7.0,inferred
Oadby and Wigston,2021-04-16,0.0,0.0,1.0,1.0,1.0,1.0,2.0,2.0,3.0,3.0,3.0,4.0,6.0,inferred
Oadby and Wigston,2021-04-17,0.0,0.0,0.0,0.0,1.0,1.0,1.0,2.0,2.0,2.0,3.0,4.0,5.0,inferred
Oadby and Wigston,2021-04-18,0.0,0.0,0.0,0.0,1.0,1.0,1.0,2.0,2.0,3.0,3.0,4.0,6.0,inferred
Oadby and Wigston,2021-04-19,0.0,0.0,1.0,1.0,1.0,1.0,2.0,2.0,3.0,3.0,4.0,5.0,7.0,inferred
Oadby and Wigston,2021-04-20,0.0,0.0,0.0,1.0,1.0,1.0,2.0,2.0,3.0,3.0,3.0,4.0,6.0,inferred
Oadby and Wigston,2021-04-21,0.0,0.0,0.0,1.0,1.0,1.0,2.0,2.0,3.0,3.0,3.0,4.0,6.0,inferred
Oadby and Wigston,2021-04-22,0.0,0.0,0.0,1.0,1.0,1.0,1.0,2.0,2.0,3.0,3.0,4.0,6.0,inferred
Oadby and Wigston,2021-04-23,0.0,0.0,0.0,1.0,1.0,1.0,1.0,2.0,2.0,2.0,3.0,4.0,6.0,inferred
Oadby and Wigston,2021-04-24,0.0,0.0,0.0,0.0,0.0,1.0,1.0,1.0,2.0,2.0,2.0,3.0,5.0,inferred
Oadby and Wigston,2021-04-25,0.0,0.0,0.0,0.0,1.0,1.0,1.0,2.0,2.0,2.0,3.0,3.1,5.5,inferred
Oadby and Wigston,2021-04-26,0.0,0.0,0.0,1.0,1.0,1.0,2.0,2.0,3.0,3.0,3.0,4.0,6.0,inferred
Oadby and Wigston,2021-04-27,0.0,0.0,0.0,1.0,1.0,1.0,2.0,2.0,2.0,3.0,3.0,4.0,6.0,inferred
Oadby and Wigston,2021-04-28,0.0,0.0,0.0,1.0,1.0,1.0,1.0,2.0,2.0,3.0,3.0,4.0,6.0,inferred
Oadby and Wigston,2021-04-29,0.0,0.0,0.0,0.0,1.0,1.0,1.0,2.0,2.0,2.2,3.0,4.0,6.0,inferred
Oadby and Wigston,2021-04-30,0.0,0.0,0.0,0.0,0.0,1.0,1.0,1.4,2.0,2.0,3.0,4.0,5.0,inferred
Oadby and Wigston,2021-05-01,0.0,0.0,0.0,0.0,0.0,0.0,1.0,1.0,2.0,2.0,2.0,3.0,4.0,inferred
Oadby and Wigston,2021-05-02,0.0,0.0,0.0,0.0,0.0,1.0,1.0,1.0,2.0,2.0,2.0,3.0,5.0,inferred
Oadby and Wigston,2021-05-03,0.0,0.0,0.0,0.0,1.0,1.0,1.0,2.0,2.0,2.0,3.0,4.0,6.0,inferred
Oadby and Wigston,2021-05-04,0.0,0.0,0.0,0.0,1.0,1.0,1.0,2.0,2.0,2.0,3.0,4.0,6.0,inferred
Oadby and Wigston,2021-05-05,0.0,0.0,0.0,0.0,1.0,1.0,1.0,2.0,2.0,2.0,3.0,4.0,6.0,inferred
Oadby and Wigston,2021-05-06,0.0,0.0,0.0,0.0,0.0,1.0,1.0,2.0,2.0,2.0,3.0,3.0,5.0,inferred
Oadby and Wigston,2021-05-07,0.0,0.0,0.0,0.0,0.0,1.0,1.0,1.0,2.0,2.0,2.0,3.0,5.0,inferred
Oadby and Wigston,2021-05-08,0.0,0.0,0.0,0.0,0.0,0.0,1.0,1.0,2.0,2.0,2.0,3.0,5.0,inferred
Oadby and Wigston,2021-05-09,0.0,0.0,0.0,0.0,0.0,1.0,1.0,1.0,2.0,2.0,2.0,3.0,5.0,inferred
Oadby and Wigston,2021-05-10,0.0,0.0,0.0,0.0,1.0,1.0,1.0,2.0,2.0,2.2,3.0,4.0,6.0,inferred
Oadby and Wigston,2021-05-11,0.0,0.0,0.0,0.0,1.0,1.0,1.0,2.0,2.0,2.0,3.0,4.0,6.0,inferred
Oadby and Wigston,2021-05-12,0.0,0.0,0.0,0.0,1.0,1.0,1.0,2.0,2.0,2.0,3.0,4.0,6.0,inferred
Oadby and Wigston,2021-05-13,0.0,0.0,0.0,0.0,1.0,1.0,1.0,2.0,2.0,2.0,3.0,4.0,5.0,inferred
Oadby and Wigston,2021-05-14,0.0,0.0,0.0,0.0,0.0,1.0,1.0,1.0,2.0,2.0,2.0,3.0,5.0,inferred
Oadby and Wigston,2021-05-15,0.0,0.0,0.0,0.0,0.0,0.0,1.0,1.0,1.0,2.0,2.0,3.0,4.0,inferred
Oadby and Wigston,2021-05-16,0.0,0.0,0.0,0.0,0.0,1.0,1.0,1.0,2.0,2.0,2.0,3.0,5.0,inferred
Oadby and Wigston,2021-05-17,0.0,0.0,0.0,0.0,1.0,1.0,1.0,2.0,2.0,2.0,3.0,4.0,6.0,inferred
Oadby and Wigston,2021-05-18,0.0,0.0,0.0,0.0,0.0,1.0,1.0,1.0,2.0,2.0,3.0,4.0,6.0,inferred
Oadby and Wigston,2021-05-19,0.0,0.0,0.0,0.0,1.0,1.0,1.0,2.0,2.0,3.0,3.0,4.0,6.0,inferred
Oadby and Wigston,2021-05-20,0.0,0.0,0.0,0.0,1.0,1.0,1.0,2.0,2.0,3.0,3.0,4.0,6.0,inferred
Oadby and Wigston,2021-05-21,0.0,0.0,0.0,0.0,1.0,1.0,1.0,2.0,2.0,2.0,3.0,4.0,6.0,inferred
Oadby and Wigston,2021-05-22,0.0,0.0,0.0,0.0,0.0,1.0,1.0,1.0,2.0,2.0,2.0,3.0,5.0,inferred
Oadby and Wigston,2021-05-23,0.0,0.0,0.0,0.0,1.0,1.0,1.0,2.0,2.0,2.0,3.0,4.0,6.0,inferred
Oadby and Wigston,2021-05-24,0.0,0.0,1.0,1.0,1.0,1.0,2.0,2.0,3.0,3.0,3.0,5.0,6.0,inferred
Oadby and Wigston,2021-05-25,0.0,0.0,1.0,1.0,1.0,1.0,2.0,2.0,3.0,3.0,4.0,5.0,7.0,inferred
Oadby and Wigston,2021-05-26,0.0,0.0,1.0,1.0,1.0,2.0,2.0,2.0,3.0,3.0,4.0,5.0,7.0,inferred
Oadby and Wigston,2021-05-27,0.0,0.0,1.0,1.0,1.0,1.0,2.0,2.0,3.0,3.0,4.0,5.0,7.0,inferred
Oadby and Wigston,2021-05-28,0.0,0.0,1.0,1.0,1.0,2.0,2.0,2.0,3.0,3.0,4.0,5.0,7.0,inferred
Oadby and Wigston,2021-05-29,0.0,0.0,1.0,1.0,1.0,1.0,2.0,2.0,3.0,3.0,3.0,4.0,6.0,inferred
Oadby and Wigston,2021-05-30,0.0,0.0,1.0,1.0,1.0,2.0,2.0,2.0,3.0,3.0,4.0,5.0,7.0,inferred
Oadby and Wigston,2021-05-31,0.0,1.0,2.0,2.0,2.0,3.0,3.0,4.0,4.0,5.0,5.0,7.0,9.0,inferred
Oadby and Wigston,2021-06-01,0.0,1.0,2.0,2.0,2.0,3.0,3.0,4.0,5.0,5.0,6.0,7.0,9.0,inferred
Oadby and Wigston,2021-06-02,0.0,1.0,2.0,2.0,3.0,3.0,4.0,4.0,5.0,6.0,6.0,8.0,10.0,inferred
Oadby and Wigston,2021-06-03,0.0,1.0,2.0,2.0,3.0,3.0,4.0,4.0,5.0,6.0,6.0,8.0,10.0,inferred
Oadby and Wigston,2021-06-04,0.0,1.0,2.0,2.0,3.0,3.0,4.0,5.0,5.0,6.0,6.0,8.0,10.5,inferred
Oadby and Wigston,2021-06-05,0.0,1.0,1.0,2.0,2.0,3.0,3.0,4.0,5.0,5.0,5.0,7.0,9.0,inferred
Oadby and Wigston,2021-06-06,1.0,1.0,2.0,3.0,3.0,3.0,4.0,5.0,6.0,6.0,6.0,8.0,11.0,inferred
Oadby and Wigston,2021-06-07,1.0,2.0,3.0,4.0,4.0,5.0,5.0,6.0,7.0,8.0,8.0,10.0,14.0,inferred
Oadby and Wigston,2021-06-08,1.0,2.0,3.0,4.0,4.0,5.0,6.0,7.0,7.0,8.0,9.0,10.0,13.0,inferred
Oadby and Wigston,2021-06-09,1.0,3.0,4.0,4.0,5.0,5.0,6.0,7.0,8.0,8.0,9.0,11.0,14.0,inferred
Oadby and Wigston,2021-06-10,1.0,2.0,3.0,4.0,4.0,5.0,6.0,6.0,7.0,8.0,8.2,10.0,14.0,inferred
Oadby and Wigston,2021-06-11,1.0,2.0,3.0,4.0,4.0,5.0,5.0,6.0,7.0,7.0,8.0,10.0,13.0,inferred
Oadby and Wigston,2021-06-12,0.0,1.0,2.0,3.0,3.0,4.0,4.0,5.0,6.0,6.0,7.0,8.0,11.0,inferred
Oadby and Wigston,2021-06-13,1.0,2.0,3.0,3.0,4.0,4.0,5.0,6.0,7.0,7.0,8.0,9.1,12.0,inferred
Oadby and Wigston,2021-06-14,2.0,3.0,5.0,5.0,5.0,6.0,7.0,8.0,9.0,9.0,10.0,12.0,15.0,inferred
Oadby and Wigston,2021-06-15,2.0,3.0,4.0,5.0,5.0,6.0,7.0,8.0,9.0,10.0,10.0,12.0,16.0,inferred
Oadby and Wigston,2021-06-16,2.0,4.0,5.0,6.0,6.0,7.0,8.0,9.0,10.0,11.0,12.0,13.0,16.0,inferred
Oadby and Wigston,2021-06-17,2.0,4.0,5.0,5.0,6.0,7.0,7.0,9.0,10.0,10.0,11.0,13.0,16.0,inferred
Oadby and Wigston,2021-06-18,2.0,3.0,4.0,5.0,5.0,6.0,7.0,8.0,9.0,9.0,10.0,12.0,16.0,inferred
Oldham,2021-03-06,12.0,15.9,18.0,19.0,20.0,22.0,24.0,25.0,27.0,29.0,30.0,34.0,40.0,inferred
Oldham,2021-03-07,16.0,19.0,22.0,23.0,24.0,26.0,28.0,30.0,32.0,33.0,35.0,39.0,45.0,inferred
Oldham,2021-03-08,22.0,27.0,31.0,32.0,33.0,35.0,37.0,40.0,42.0,43.2,45.0,49.0,55.0,inferred
Oldham,2021-03-09,22.0,26.0,30.0,31.8,33.0,35.0,37.0,39.0,42.0,43.0,45.0,49.0,56.0,inferred
Oldham,2021-03-10,22.0,27.0,31.0,32.0,33.0,35.0,38.0,40.0,43.0,44.0,46.0,50.0,57.0,inferred
Oldham,2021-03-11,22.0,26.0,30.0,31.0,32.0,34.0,36.0,39.0,41.0,42.0,44.0,48.0,55.0,inferred
Oldham,2021-03-12,18.0,22.0,25.0,27.0,28.0,30.0,32.0,34.0,36.0,37.0,39.0,43.0,50.0,inferred
Oldham,2021-03-13,13.0,17.0,20.0,21.0,22.0,23.0,25.0,27.0,29.0,30.0,32.0,36.0,43.0,inferred
Oldham,2021-03-14,16.0,20.0,24.0,25.0,26.0,28.0,30.0,32.0,34.0,36.0,37.0,41.0,48.0,inferred
Oldham,2021-03-15,22.5,28.0,31.0,33.0,34.0,36.0,38.0,41.0,44.0,45.0,47.0,52.0,60.0,inferred
Oldham,2021-03-16,23.0,28.0,32.0,33.0,34.0,36.0,38.0,41.0,43.0,45.0,47.0,52.0,58.0,inferred
Oldham,2021-03-17,23.0,28.0,32.0,33.0,34.0,37.0,40.0,42.0,45.0,47.0,48.0,53.0,61.0,inferred
Oldham,2021-03-18,22.0,28.0,31.0,33.0,34.0,36.0,38.0,41.0,43.0,45.0,47.0,51.1,60.0,inferred
Oldham,2021-03-19,19.0,24.0,27.0,29.0,30.0,32.0,34.0,36.0,39.0,40.0,42.0,46.0,52.0,inferred
Oldham,2021-03-20,14.0,18.0,21.0,22.0,23.0,25.0,27.0,29.0,31.0,32.0,34.0,38.0,44.0,inferred
Oldham,2021-03-21,18.0,22.0,25.0,26.0,28.0,30.0,32.0,34.0,36.0,38.0,39.0,44.0,51.0,inferred
Oldham,2021-03-22,24.0,30.0,34.0,35.0,36.0,39.0,41.0,44.0,46.0,48.0,50.0,54.0,62.0,inferred
Oldham,2021-03-23,24.0,30.0,33.0,34.0,36.0,38.0,40.0,43.0,46.0,47.0,48.0,52.0,60.0,inferred
Oldham,2021-03-24,23.0,28.9,32.0,33.0,35.0,37.0,39.0,42.0,45.0,46.0,48.0,52.0,60.0,inferred
Oldham,2021-03-25,21.0,25.0,29.0,30.0,32.0,34.0,36.0,39.0,41.0,43.0,44.0,49.0,56.0,inferred
Oldham,2021-03-26,17.0,21.0,24.0,26.0,27.0,29.0,31.0,33.0,36.0,37.0,39.0,42.0,48.0,inferred
Oldham,2021-03-27,12.0,15.0,18.0,19.0,20.0,22.0,24.0,26.0,28.0,29.0,30.0,33.0,40.0,inferred
Oldham,2021-03-28,14.0,18.0,20.0,21.0,22.0,24.0,26.0,28.0,30.0,31.0,33.0,36.0,42.0,inferred
Oldham,2021-03-29,18.0,22.0,26.0,27.0,28.0,30.0,32.0,35.0,37.0,38.0,40.0,44.1,52.0,inferred
Oldham,2021-03-30,16.0,21.0,24.0,25.0,26.0,28.0,30.0,32.0,34.0,35.0,37.0,41.0,48.0,inferred
Oldham,2021-03-31,15.5,20.0,23.0,24.0,25.0,27.0,29.0,31.0,33.0,34.0,36.0,40.0,45.5,inferred
Oldham,2021-04-01,14.0,17.0,20.0,22.0,23.0,24.0,26.0,28.0,31.0,32.0,33.0,36.0,43.0,inferred
Oldham,2021-04-02,11.0,15.0,17.0,18.0,19.0,20.0,22.0,24.0,26.0,27.0,28.0,32.0,38.0,inferred
Oldham,2021-04-03,7.0,10.0,12.0,13.0,14.0,16.0,17.0,19.0,20.0,21.0,22.0,25.0,30.0,inferred
Oldham,2021-04-04,8.0,11.0,14.0,15.0,15.0,17.0,19.0,20.0,22.0,23.0,24.0,27.0,33.0,inferred
Oldham,2021-04-05,11.0,15.0,17.0,19.0,20.0,21.0,23.0,25.0,27.0,29.0,30.0,34.0,40.0,inferred
Oldham,2021-04-06,11.0,15.0,17.0,18.0,19.0,21.0,23.0,24.0,26.0,27.0,28.0,32.0,38.0,inferred
Oldham,2021-04-07,10.0,14.0,17.0,18.0,19.0,21.0,22.0,24.0,26.0,27.0,28.0,32.0,38.0,inferred
Oldham,2021-04-08,10.0,13.0,15.0,16.0,17.0,19.0,20.0,22.0,24.0,25.0,26.0,29.0,35.0,inferred
Oldham,2021-04-09,8.0,11.0,13.0,14.0,15.0,16.0,18.0,20.0,21.0,22.0,24.0,27.0,33.0,inferred
Oldham,2021-04-10,5.0,8.0,10.0,10.0,11.0,12.0,13.0,15.0,16.3,17.0,18.0,21.0,26.0,inferred
Oldham,2021-04-11,6.0,9.0,11.0,12.0,13.0,14.0,15.0,17.0,19.0,19.0,20.0,23.0,28.0,inferred
Oldham,2021-04-12,9.0,12.0,15.0,15.0,16.0,18.0,20.0,21.0,23.0,24.0,26.0,29.0,35.0,inferred
Oldham,2021-04-13,9.0,12.0,14.0,15.0,16.0,17.0,19.0,20.0,22.0,23.0,24.0,28.0,33.0,inferred
Oldham,2021-04-14,8.0,11.0,14.0,15.0,15.0,17.0,18.0,20.0,22.0,23.0,24.0,27.0,32.0,inferred
Oldham,2021-04-15,7.0,10.0,12.0,13.0,14.0,15.0,17.0,18.0,20.0,21.0,22.0,26.0,33.0,inferred
Oldham,2021-04-16,5.5,8.0,10.0,11.0,11.0,13.0,14.0,15.0,17.0,18.0,19.0,22.0,26.0,inferred
Oldham,2021-04-17,3.0,5.0,7.0,7.0,8.0,9.0,11.0,12.0,13.0,14.0,15.0,18.0,21.0,inferred
Oldham,2021-04-18,4.0,6.0,8.0,9.0,9.0,11.0,12.0,13.0,15.0,15.0,16.0,19.0,24.0,inferred
Oldham,2021-04-19,6.0,8.0,10.0,11.0,12.0,13.0,15.0,16.0,18.0,19.0,20.0,23.0,28.0,inferred
Oldham,2021-04-20,6.0,7.9,9.0,10.0,11.0,12.0,14.0,15.0,17.0,18.0,19.0,22.0,27.0,inferred
Oldham,2021-04-21,5.0,7.0,9.0,10.0,11.0,12.0,13.0,15.0,16.0,17.0,18.0,22.0,27.0,inferred
Oldham,2021-04-22,4.0,7.0,9.0,9.0,10.0,11.0,13.0,14.0,15.0,16.0,17.0,20.0,25.0,inferred
Oldham,2021-04-23,3.0,5.0,7.0,8.0,8.0,10.0,11.0,12.0,14.0,14.0,15.0,18.0,23.0,inferred
Oldham,2021-04-24,2.0,4.0,5.0,6.0,6.0,7.0,8.0,9.0,11.0,11.0,12.0,15.0,19.0,inferred
Oldham,2021-04-25,3.0,4.9,6.0,7.0,7.0,8.0,10.0,11.0,12.0,13.0,14.0,16.0,20.0,inferred
Oldham,2021-04-26,3.0,6.0,8.0,8.0,9.0,10.0,11.0,13.0,14.0,15.0,16.0,19.0,23.0,inferred
Oldham,2021-04-27,3.0,6.0,7.0,8.0,9.0,10.0,11.0,12.0,14.0,15.0,16.0,18.0,23.0,inferred
Oldham,2021-04-28,3.0,5.0,7.0,8.0,8.0,10.0,11.0,12.0,13.0,14.0,16.0,18.0,22.0,inferred
Oldham,2021-04-29,3.0,5.0,6.0,7.0,8.0,9.0,10.0,11.0,13.0,13.0,14.0,17.0,21.0,inferred
Oldham,2021-04-30,2.0,4.0,5.0,6.0,6.0,7.0,8.0,9.0,11.0,12.0,12.0,15.0,19.0,inferred
Oldham,2021-05-01,1.0,3.0,4.0,4.0,5.0,6.0,7.0,7.0,9.0,9.0,10.0,12.0,16.0,inferred
Oldham,2021-05-02,2.0,3.0,5.0,5.0,5.0,6.0,7.0,8.0,10.0,10.0,11.0,13.0,17.0,inferred
Oldham,2021-05-03,3.0,4.0,6.0,6.0,7.0,8.0,9.0,10.0,12.0,12.0,13.0,16.0,20.0,inferred
Oldham,2021-05-04,2.0,4.0,6.0,6.0,7.0,8.0,9.0,10.0,11.0,12.0,13.0,15.0,19.0,inferred
Oldham,2021-05-05,3.0,4.0,6.0,6.0,7.0,8.0,9.0,10.0,12.0,12.0,13.0,16.0,20.0,inferred
Oldham,2021-05-06,2.0,4.0,5.0,6.0,6.0,7.0,8.0,9.0,11.0,11.0,12.0,15.0,19.0,inferred
Oldham,2021-05-07,1.0,3.0,4.0,5.0,5.0,6.0,7.0,8.0,9.0,10.0,11.0,13.0,17.0,inferred
Oldham,2021-05-08,1.0,2.0,3.0,3.0,4.0,5.0,6.0,6.0,7.0,8.0,9.0,11.0,14.0,inferred
Oldham,2021-05-09,1.0,2.0,3.0,4.0,4.0,5.0,6.0,7.0,8.0,9.0,10.0,12.0,15.0,inferred
Oldham,2021-05-10,2.0,3.0,5.0,5.0,6.0,7.0,8.0,9.0,10.0,11.0,12.0,15.0,18.0,inferred
Oldham,2021-05-11,2.0,3.0,5.0,5.0,6.0,7.0,8.0,9.0,10.0,11.0,12.0,14.0,18.0,inferred
Oldham,2021-05-12,2.0,4.0,5.0,6.0,6.0,7.0,8.0,9.0,11.0,12.0,12.0,15.0,19.0,inferred
Oldham,2021-05-13,2.0,3.0,5.0,5.0,6.0,7.0,8.0,9.0,10.0,11.0,12.0,14.0,18.0,inferred
Oldham,2021-05-14,2.0,3.0,5.0,5.0,6.0,7.0,8.0,9.0,10.0,11.0,12.0,14.0,18.0,inferred
Oldham,2021-05-15,1.0,2.0,3.0,4.0,4.0,5.0,6.0,7.0,8.0,9.0,9.0,12.0,16.0,inferred
Oldham,2021-05-16,1.0,3.0,5.0,5.0,5.7,7.0,8.0,9.0,10.0,10.0,11.0,13.0,17.0,inferred
Oldham,2021-05-17,3.0,5.0,6.0,7.0,8.0,9.0,10.0,11.0,13.0,13.0,14.0,17.0,22.0,inferred
Oldham,2021-05-18,3.5,5.0,7.0,8.0,8.0,10.0,11.0,12.0,13.0,14.0,15.0,18.0,23.0,inferred
Oldham,2021-05-19,4.0,7.0,8.0,9.0,10.0,11.0,12.0,14.0,15.0,16.0,17.0,20.0,25.0,inferred
Oldham,2021-05-20,5.0,8.0,9.0,10.0,11.0,12.0,13.0,14.4,16.0,17.0,18.0,21.0,26.0,inferred
Oldham,2021-05-21,5.0,8.0,9.0,10.0,11.0,12.0,13.0,15.0,16.0,17.0,18.0,20.0,26.0,inferred
Oldham,2021-05-22,4.0,6.0,8.0,9.0,9.0,10.0,12.0,13.0,14.0,15.0,16.0,19.0,23.0,inferred
Oldham,2021-05-23,6.0,9.0,11.0,11.0,12.0,13.0,15.0,17.0,18.0,19.0,20.0,24.0,28.0,inferred
Oldham,2021-05-24,9.0,13.0,16.0,17.0,17.0,19.0,21.0,23.0,25.0,26.0,27.0,31.0,36.0,inferred
Oldham,2021-05-25,11.0,14.0,17.0,18.0,19.0,21.0,22.0,24.0,26.0,28.0,29.0,33.0,39.0,inferred
Oldham,2021-05-26,12.0,16.0,19.0,20.0,21.0,23.0,24.0,26.0,29.0,30.0,31.0,35.0,40.0,inferred
Oldham,2021-05-27,12.0,17.0,19.0,20.0,21.0,24.0,25.0,27.0,29.0,30.0,32.0,35.0,41.0,inferred
Oldham,2021-05-28,12.0,16.0,18.0,19.0,20.0,22.0,24.0,26.0,28.0,29.0,31.0,34.0,41.0,inferred
Oldham,2021-05-29,10.0,14.0,16.0,17.0,18.0,19.0,21.0,23.0,24.0,26.0,27.0,31.0,36.0,inferred
Oldham,2021-05-30,14.0,17.0,20.0,21.0,22.0,24.0,26.0,28.0,30.0,31.0,32.0,37.0,43.0,inferred
Oldham,2021-05-31,21.0,25.0,29.0,30.0,31.0,33.0,36.0,38.0,40.0,42.0,44.0,49.0,57.0,inferred
Oldham,2021-06-01,23.0,28.0,31.0,33.0,34.0,36.0,39.0,41.0,44.0,45.0,47.0,51.0,59.0,inferred
Oldham,2021-06-02,26.0,31.0,35.0,36.0,38.0,40.0,42.0,45.0,47.0,49.0,51.0,55.0,64.0,inferred
Oldham,2021-06-03,26.0,32.0,36.0,38.0,39.0,42.0,44.0,47.0,49.0,51.0,52.0,57.0,66.0,inferred
Oldham,2021-06-04,26.0,31.0,34.8,36.0,37.0,40.0,42.0,45.0,48.0,49.0,51.0,56.0,64.0,inferred
Oldham,2021-06-05,21.0,26.0,29.0,31.0,32.0,34.0,36.0,39.0,41.0,42.0,44.0,48.0,55.0,inferred
Oldham,2021-06-06,29.0,34.0,37.0,39.0,41.0,43.0,46.0,49.0,52.0,53.0,55.0,60.0,67.0,inferred
Oldham,2021-06-07,42.0,49.0,54.0,56.0,58.0,61.0,64.0,67.0,71.0,73.0,75.0,80.0,89.0,inferred
Oldham,2021-06-08,45.0,52.0,57.0,58.0,60.0,63.0,67.0,70.0,73.0,75.0,77.0,83.0,91.0,inferred
Oldham,2021-06-09,46.0,53.0,60.0,62.0,63.0,66.0,69.0,72.0,76.0,78.0,81.0,87.0,96.5,inferred
Oldham,2021-06-10,45.0,53.0,58.0,60.0,61.0,64.0,67.0,71.0,74.0,76.0,78.0,84.0,93.0,inferred
Oldham,2021-06-11,41.0,47.0,52.0,54.0,56.0,59.0,61.0,64.0,68.0,70.0,72.0,78.0,87.0,inferred
Oldham,2021-06-12,31.0,38.0,42.0,44.0,46.0,48.0,51.0,53.0,56.0,58.0,60.0,64.0,75.0,inferred
Oldham,2021-06-13,40.0,47.9,52.0,54.0,55.0,58.0,61.0,64.0,68.0,69.0,71.0,77.0,87.0,inferred
Oldham,2021-06-14,56.0,64.0,70.0,72.0,74.0,78.0,81.0,84.0,88.0,90.0,92.0,99.0,108.0,inferred
Oldham,2021-06-15,57.0,66.0,71.0,73.0,75.0,79.0,83.0,87.0,90.0,93.0,95.0,101.0,111.5,inferred
Oldham,2021-06-16,60.0,68.0,74.0,76.8,78.7,82.0,85.0,89.0,93.0,95.2,98.0,105.0,115.0,inferred
Oldham,2021-06-17,59.0,67.0,73.8,76.0,78.0,81.0,84.0,88.0,91.0,94.0,96.0,102.0,113.0,inferred
Oldham,2021-06-18,49.0,58.0,64.0,66.0,68.0,72.0,75.0,79.0,82.0,85.0,87.0,94.0,105.0,inferred
Orkney,2021-03-06,0.0,0.0,0.0,0.0,0.0,0.0,0.0,0.0,0.0,0.0,0.0,0.0,0.0,inferred
Orkney,2021-03-07,0.0,0.0,0.0,0.0,0.0,0.0,0.0,0.0,0.0,0.0,0.0,0.0,0.0,inferred
Orkney,2021-03-08,0.0,0.0,0.0,0.0,0.0,0.0,0.0,0.0,0.0,0.0,0.0,0.0,0.0,inferred
Orkney,2021-03-09,0.0,0.0,0.0,0.0,0.0,0.0,0.0,0.0,0.0,0.0,0.0,0.0,0.0,inferred
Orkney,2021-03-10,0.0,0.0,0.0,0.0,0.0,0.0,0.0,0.0,0.0,0.0,0.0,0.0,0.0,inferred
Orkney,2021-03-11,0.0,0.0,0.0,0.0,0.0,0.0,0.0,0.0,0.0,0.0,0.0,0.0,0.0,inferred
Orkney,2021-03-12,0.0,0.0,0.0,0.0,0.0,0.0,0.0,0.0,0.0,0.0,0.0,0.0,1.0,inferred
Orkney,2021-03-13,0.0,0.0,0.0,0.0,0.0,0.0,0.0,0.0,0.0,0.0,0.0,0.0,1.0,inferred
Orkney,2021-03-14,0.0,0.0,0.0,0.0,0.0,0.0,0.0,0.0,0.0,0.0,0.0,0.0,1.0,inferred
Orkney,2021-03-15,0.0,0.0,0.0,0.0,0.0,0.0,0.0,0.0,0.0,0.0,0.0,0.0,1.0,inferred
Orkney,2021-03-16,0.0,0.0,0.0,0.0,0.0,0.0,0.0,0.0,0.0,0.0,0.0,0.0,1.0,inferred
Orkney,2021-03-17,0.0,0.0,0.0,0.0,0.0,0.0,0.0,0.0,0.0,0.0,0.0,0.0,2.0,inferred
Orkney,2021-03-18,0.0,0.0,0.0,0.0,0.0,0.0,0.0,0.0,0.0,0.0,0.0,0.0,1.5,inferred
Orkney,2021-03-19,0.0,0.0,0.0,0.0,0.0,0.0,0.0,0.0,0.0,0.0,0.0,0.0,2.0,inferred
Orkney,2021-03-20,0.0,0.0,0.0,0.0,0.0,0.0,0.0,0.0,0.0,0.0,0.0,0.0,3.0,inferred
Orkney,2021-03-21,0.0,0.0,0.0,0.0,0.0,0.0,0.0,0.0,0.0,0.0,0.0,0.0,1.5,inferred
Orkney,2021-03-22,0.0,0.0,0.0,0.0,0.0,0.0,0.0,0.0,0.0,0.0,0.0,0.0,2.0,inferred
Orkney,2021-03-23,0.0,0.0,0.0,0.0,0.0,0.0,0.0,0.0,0.0,0.0,0.0,0.0,2.0,inferred
Orkney,2021-03-24,0.0,0.0,0.0,0.0,0.0,0.0,0.0,0.0,0.0,0.0,0.0,0.0,2.0,inferred
Orkney,2021-03-25,0.0,0.0,0.0,0.0,0.0,0.0,0.0,0.0,0.0,0.0,0.0,0.0,2.0,inferred
Orkney,2021-03-26,0.0,0.0,0.0,0.0,0.0,0.0,0.0,0.0,0.0,0.0,0.0,0.0,3.0,inferred
Orkney,2021-03-27,0.0,0.0,0.0,0.0,0.0,0.0,0.0,0.0,0.0,0.0,0.0,0.0,2.0,inferred
Orkney,2021-03-28,0.0,0.0,0.0,0.0,0.0,0.0,0.0,0.0,0.0,0.0,0.0,0.0,2.0,inferred
Orkney,2021-03-29,0.0,0.0,0.0,0.0,0.0,0.0,0.0,0.0,0.0,0.0,0.0,0.0,2.0,inferred
Orkney,2021-03-30,0.0,0.0,0.0,0.0,0.0,0.0,0.0,0.0,0.0,0.0,0.0,0.0,2.0,inferred
Orkney,2021-03-31,0.0,0.0,0.0,0.0,0.0,0.0,0.0,0.0,0.0,0.0,0.0,0.0,3.0,inferred
Orkney,2021-04-01,0.0,0.0,0.0,0.0,0.0,0.0,0.0,0.0,0.0,0.0,0.0,0.0,3.0,inferred
Orkney,2021-04-02,0.0,0.0,0.0,0.0,0.0,0.0,0.0,0.0,0.0,0.0,0.0,0.0,3.0,inferred
Orkney,2021-04-03,0.0,0.0,0.0,0.0,0.0,0.0,0.0,0.0,0.0,0.0,0.0,0.0,2.0,inferred
Orkney,2021-04-04,0.0,0.0,0.0,0.0,0.0,0.0,0.0,0.0,0.0,0.0,0.0,0.0,2.0,inferred
Orkney,2021-04-05,0.0,0.0,0.0,0.0,0.0,0.0,0.0,0.0,0.0,0.0,0.0,0.0,2.0,inferred
Orkney,2021-04-06,0.0,0.0,0.0,0.0,0.0,0.0,0.0,0.0,0.0,0.0,0.0,0.0,2.0,inferred
Orkney,2021-04-07,0.0,0.0,0.0,0.0,0.0,0.0,0.0,0.0,0.0,0.0,0.0,1.0,3.0,inferred
Orkney,2021-04-08,0.0,0.0,0.0,0.0,0.0,0.0,0.0,0.0,0.0,0.0,0.0,0.0,3.0,inferred
Orkney,2021-04-09,0.0,0.0,0.0,0.0,0.0,0.0,0.0,0.0,0.0,0.0,0.0,0.0,2.0,inferred
Orkney,2021-04-10,0.0,0.0,0.0,0.0,0.0,0.0,0.0,0.0,0.0,0.0,0.0,0.0,3.0,inferred
Orkney,2021-04-11,0.0,0.0,0.0,0.0,0.0,0.0,0.0,0.0,0.0,0.0,0.0,0.0,2.0,inferred
Orkney,2021-04-12,0.0,0.0,0.0,0.0,0.0,0.0,0.0,0.0,0.0,0.0,0.0,0.0,1.0,inferred
Orkney,2021-04-13,0.0,0.0,0.0,0.0,0.0,0.0,0.0,0.0,0.0,0.0,0.0,0.0,2.0,inferred
Orkney,2021-04-14,0.0,0.0,0.0,0.0,0.0,0.0,0.0,0.0,0.0,0.0,0.0,0.0,3.0,inferred
Orkney,2021-04-15,0.0,0.0,0.0,0.0,0.0,0.0,0.0,0.0,0.0,0.0,0.0,0.0,2.0,inferred
Orkney,2021-04-16,0.0,0.0,0.0,0.0,0.0,0.0,0.0,0.0,0.0,0.0,0.0,0.0,3.0,inferred
Orkney,2021-04-17,0.0,0.0,0.0,0.0,0.0,0.0,0.0,0.0,0.0,0.0,0.0,1.0,3.0,inferred
Orkney,2021-04-18,0.0,0.0,0.0,0.0,0.0,0.0,0.0,0.0,0.0,0.0,0.0,0.0,2.0,inferred
Orkney,2021-04-19,0.0,0.0,0.0,0.0,0.0,0.0,0.0,0.0,0.0,0.0,0.0,0.0,2.0,inferred
Orkney,2021-04-20,0.0,0.0,0.0,0.0,0.0,0.0,0.0,0.0,0.0,0.0,0.0,0.0,3.0,inferred
Orkney,2021-04-21,0.0,0.0,0.0,0.0,0.0,0.0,0.0,0.0,0.0,0.0,0.0,1.0,4.0,inferred
Orkney,2021-04-22,0.0,0.0,0.0,0.0,0.0,0.0,0.0,0.0,0.0,0.0,0.0,0.1,3.0,inferred
Orkney,2021-04-23,0.0,0.0,0.0,0.0,0.0,0.0,0.0,0.0,0.0,0.0,0.0,1.0,3.0,inferred
Orkney,2021-04-24,0.0,0.0,0.0,0.0,0.0,0.0,0.0,0.0,0.0,0.0,0.0,0.0,2.5,inferred
Orkney,2021-04-25,0.0,0.0,0.0,0.0,0.0,0.0,0.0,0.0,0.0,0.0,0.0,1.0,3.0,inferred
Orkney,2021-04-26,0.0,0.0,0.0,0.0,0.0,0.0,0.0,0.0,0.0,0.0,0.0,0.0,2.0,inferred
Orkney,2021-04-27,0.0,0.0,0.0,0.0,0.0,0.0,0.0,0.0,0.0,0.0,0.0,0.0,2.5,inferred
Orkney,2021-04-28,0.0,0.0,0.0,0.0,0.0,0.0,0.0,0.0,0.0,0.0,0.0,0.1,3.0,inferred
Orkney,2021-04-29,0.0,0.0,0.0,0.0,0.0,0.0,0.0,0.0,0.0,0.0,0.0,1.0,3.0,inferred
Orkney,2021-04-30,0.0,0.0,0.0,0.0,0.0,0.0,0.0,0.0,0.0,0.0,0.0,1.0,3.0,inferred
Orkney,2021-05-01,0.0,0.0,0.0,0.0,0.0,0.0,0.0,0.0,0.0,0.0,0.0,1.0,4.0,inferred
Orkney,2021-05-02,0.0,0.0,0.0,0.0,0.0,0.0,0.0,0.0,0.0,0.0,0.0,0.0,3.0,inferred
Orkney,2021-05-03,0.0,0.0,0.0,0.0,0.0,0.0,0.0,0.0,0.0,0.0,0.0,0.0,2.0,inferred
Orkney,2021-05-04,0.0,0.0,0.0,0.0,0.0,0.0,0.0,0.0,0.0,0.0,0.0,0.0,2.0,inferred
Orkney,2021-05-05,0.0,0.0,0.0,0.0,0.0,0.0,0.0,0.0,0.0,0.0,0.0,1.0,3.0,inferred
Orkney,2021-05-06,0.0,0.0,0.0,0.0,0.0,0.0,0.0,0.0,0.0,0.0,0.0,1.0,3.0,inferred
Orkney,2021-05-07,0.0,0.0,0.0,0.0,0.0,0.0,0.0,0.0,0.0,0.0,0.0,0.0,3.0,inferred
Orkney,2021-05-08,0.0,0.0,0.0,0.0,0.0,0.0,0.0,0.0,0.0,0.0,0.0,0.0,3.0,inferred
Orkney,2021-05-09,0.0,0.0,0.0,0.0,0.0,0.0,0.0,0.0,0.0,0.0,0.0,0.0,2.0,inferred
Orkney,2021-05-10,0.0,0.0,0.0,0.0,0.0,0.0,0.0,0.0,0.0,0.0,0.0,0.0,2.0,inferred
Orkney,2021-05-11,0.0,0.0,0.0,0.0,0.0,0.0,0.0,0.0,0.0,0.0,0.0,0.0,2.0,inferred
Orkney,2021-05-12,0.0,0.0,0.0,0.0,0.0,0.0,0.0,0.0,0.0,0.0,0.0,0.1,3.0,inferred
Orkney,2021-05-13,0.0,0.0,0.0,0.0,0.0,0.0,0.0,0.0,0.0,0.0,0.0,1.0,3.0,inferred
Orkney,2021-05-14,0.0,0.0,0.0,0.0,0.0,0.0,0.0,0.0,0.0,0.0,0.0,0.0,3.0,inferred
Orkney,2021-05-15,0.0,0.0,0.0,0.0,0.0,0.0,0.0,0.0,0.0,0.0,0.0,0.0,3.0,inferred
Orkney,2021-05-16,0.0,0.0,0.0,0.0,0.0,0.0,0.0,0.0,0.0,0.0,0.0,0.0,3.0,inferred
Orkney,2021-05-17,0.0,0.0,0.0,0.0,0.0,0.0,0.0,0.0,0.0,0.0,0.0,0.0,2.0,inferred
Orkney,2021-05-18,0.0,0.0,0.0,0.0,0.0,0.0,0.0,0.0,0.0,0.0,0.0,0.0,3.0,inferred
Orkney,2021-05-19,0.0,0.0,0.0,0.0,0.0,0.0,0.0,0.0,0.0,0.0,0.0,1.0,4.0,inferred
Orkney,2021-05-20,0.0,0.0,0.0,0.0,0.0,0.0,0.0,0.0,0.0,0.0,0.0,1.0,3.0,inferred
Orkney,2021-05-21,0.0,0.0,0.0,0.0,0.0,0.0,0.0,0.0,0.0,0.0,0.0,1.0,3.0,inferred
Orkney,2021-05-22,0.0,0.0,0.0,0.0,0.0,0.0,0.0,0.0,0.0,0.0,0.0,0.0,2.0,inferred
Orkney,2021-05-23,0.0,0.0,0.0,0.0,0.0,0.0,0.0,0.0,0.0,0.0,0.0,0.0,2.0,inferred
Orkney,2021-05-24,0.0,0.0,0.0,0.0,0.0,0.0,0.0,0.0,0.0,0.0,0.0,0.0,2.0,inferred
Orkney,2021-05-25,0.0,0.0,0.0,0.0,0.0,0.0,0.0,0.0,0.0,0.0,0.0,0.0,2.0,inferred
Orkney,2021-05-26,0.0,0.0,0.0,0.0,0.0,0.0,0.0,0.0,0.0,0.0,0.0,1.0,3.0,inferred
Orkney,2021-05-27,0.0,0.0,0.0,0.0,0.0,0.0,0.0,0.0,0.0,0.0,0.0,1.0,3.0,inferred
Orkney,2021-05-28,0.0,0.0,0.0,0.0,0.0,0.0,0.0,0.0,0.0,0.0,0.0,1.0,3.0,inferred
Orkney,2021-05-29,0.0,0.0,0.0,0.0,0.0,0.0,0.0,0.0,0.0,0.0,0.0,0.0,3.0,inferred
Orkney,2021-05-30,0.0,0.0,0.0,0.0,0.0,0.0,0.0,0.0,0.0,0.0,0.0,0.0,2.0,inferred
Orkney,2021-05-31,0.0,0.0,0.0,0.0,0.0,0.0,0.0,0.0,0.0,0.0,0.0,0.0,2.0,inferred
Orkney,2021-06-01,0.0,0.0,0.0,0.0,0.0,0.0,0.0,0.0,0.0,0.0,0.0,0.0,3.0,inferred
Orkney,2021-06-02,0.0,0.0,0.0,0.0,0.0,0.0,0.0,0.0,0.0,0.0,0.0,1.0,4.0,inferred
Orkney,2021-06-03,0.0,0.0,0.0,0.0,0.0,0.0,0.0,0.0,0.0,0.0,0.0,1.0,3.0,inferred
Orkney,2021-06-04,0.0,0.0,0.0,0.0,0.0,0.0,0.0,0.0,0.0,0.0,0.0,1.0,4.5,inferred
Orkney,2021-06-05,0.0,0.0,0.0,0.0,0.0,0.0,0.0,0.0,0.0,0.0,0.0,1.0,3.0,inferred
Orkney,2021-06-06,0.0,0.0,0.0,0.0,0.0,0.0,0.0,0.0,0.0,0.0,0.0,1.0,3.0,inferred
Orkney,2021-06-07,0.0,0.0,0.0,0.0,0.0,0.0,0.0,0.0,0.0,0.0,0.0,0.0,2.0,inferred
Orkney,2021-06-08,0.0,0.0,0.0,0.0,0.0,0.0,0.0,0.0,0.0,0.0,0.0,1.0,3.0,inferred
Orkney,2021-06-09,0.0,0.0,0.0,0.0,0.0,0.0,0.0,0.0,0.0,0.0,0.0,1.0,4.0,inferred
Orkney,2021-06-10,0.0,0.0,0.0,0.0,0.0,0.0,0.0,0.0,0.0,0.0,0.0,1.0,4.0,inferred
Orkney,2021-06-11,0.0,0.0,0.0,0.0,0.0,0.0,0.0,0.0,0.0,0.0,0.0,1.0,3.0,inferred
Orkney,2021-06-12,0.0,0.0,0.0,0.0,0.0,0.0,0.0,0.0,0.0,0.0,0.0,1.0,4.0,inferred
Orkney,2021-06-13,0.0,0.0,0.0,0.0,0.0,0.0,0.0,0.0,0.0,0.0,0.0,1.0,2.0,inferred
Orkney,2021-06-14,0.0,0.0,0.0,0.0,0.0,0.0,0.0,0.0,0.0,0.0,0.0,0.0,2.0,inferred
Orkney,2021-06-15,0.0,0.0,0.0,0.0,0.0,0.0,0.0,0.0,0.0,0.0,0.0,1.0,3.0,inferred
Orkney,2021-06-16,0.0,0.0,0.0,0.0,0.0,0.0,0.0,0.0,0.0,0.0,0.0,1.0,5.0,inferred
Orkney,2021-06-17,0.0,0.0,0.0,0.0,0.0,0.0,0.0,0.0,0.0,0.0,0.0,1.0,4.0,inferred
Orkney,2021-06-18,0.0,0.0,0.0,0.0,0.0,0.0,0.0,0.0,0.0,0.0,0.0,1.0,5.0,inferred
Orkney Islands,2021-03-06,0.0,0.0,0.0,0.0,0.0,0.0,0.0,0.0,0.0,0.0,0.0,0.0,0.0,inferred
Orkney Islands,2021-03-07,0.0,0.0,0.0,0.0,0.0,0.0,0.0,0.0,0.0,0.0,0.0,0.0,0.0,inferred
Orkney Islands,2021-03-08,0.0,0.0,0.0,0.0,0.0,0.0,0.0,0.0,0.0,0.0,0.0,0.0,0.0,inferred
Orkney Islands,2021-03-09,0.0,0.0,0.0,0.0,0.0,0.0,0.0,0.0,0.0,0.0,0.0,0.0,0.0,inferred
Orkney Islands,2021-03-10,0.0,0.0,0.0,0.0,0.0,0.0,0.0,0.0,0.0,0.0,0.0,0.0,0.0,inferred
Orkney Islands,2021-03-11,0.0,0.0,0.0,0.0,0.0,0.0,0.0,0.0,0.0,0.0,0.0,0.0,0.0,inferred
Orkney Islands,2021-03-12,0.0,0.0,0.0,0.0,0.0,0.0,0.0,0.0,0.0,0.0,0.0,0.0,1.0,inferred
Orkney Islands,2021-03-13,0.0,0.0,0.0,0.0,0.0,0.0,0.0,0.0,0.0,0.0,0.0,0.0,1.0,inferred
Orkney Islands,2021-03-14,0.0,0.0,0.0,0.0,0.0,0.0,0.0,0.0,0.0,0.0,0.0,0.0,1.0,inferred
Orkney Islands,2021-03-15,0.0,0.0,0.0,0.0,0.0,0.0,0.0,0.0,0.0,0.0,0.0,0.0,1.0,inferred
Orkney Islands,2021-03-16,0.0,0.0,0.0,0.0,0.0,0.0,0.0,0.0,0.0,0.0,0.0,0.0,1.0,inferred
Orkney Islands,2021-03-17,0.0,0.0,0.0,0.0,0.0,0.0,0.0,0.0,0.0,0.0,0.0,0.0,2.0,inferred
Orkney Islands,2021-03-18,0.0,0.0,0.0,0.0,0.0,0.0,0.0,0.0,0.0,0.0,0.0,0.0,1.5,inferred
Orkney Islands,2021-03-19,0.0,0.0,0.0,0.0,0.0,0.0,0.0,0.0,0.0,0.0,0.0,0.0,2.0,inferred
Orkney Islands,2021-03-20,0.0,0.0,0.0,0.0,0.0,0.0,0.0,0.0,0.0,0.0,0.0,0.0,3.0,inferred
Orkney Islands,2021-03-21,0.0,0.0,0.0,0.0,0.0,0.0,0.0,0.0,0.0,0.0,0.0,0.0,1.5,inferred
Orkney Islands,2021-03-22,0.0,0.0,0.0,0.0,0.0,0.0,0.0,0.0,0.0,0.0,0.0,0.0,2.0,inferred
Orkney Islands,2021-03-23,0.0,0.0,0.0,0.0,0.0,0.0,0.0,0.0,0.0,0.0,0.0,0.0,2.0,inferred
Orkney Islands,2021-03-24,0.0,0.0,0.0,0.0,0.0,0.0,0.0,0.0,0.0,0.0,0.0,0.0,2.0,inferred
Orkney Islands,2021-03-25,0.0,0.0,0.0,0.0,0.0,0.0,0.0,0.0,0.0,0.0,0.0,0.0,2.0,inferred
Orkney Islands,2021-03-26,0.0,0.0,0.0,0.0,0.0,0.0,0.0,0.0,0.0,0.0,0.0,0.0,3.0,inferred
Orkney Islands,2021-03-27,0.0,0.0,0.0,0.0,0.0,0.0,0.0,0.0,0.0,0.0,0.0,0.0,2.0,inferred
Orkney Islands,2021-03-28,0.0,0.0,0.0,0.0,0.0,0.0,0.0,0.0,0.0,0.0,0.0,0.0,2.0,inferred
Orkney Islands,2021-03-29,0.0,0.0,0.0,0.0,0.0,0.0,0.0,0.0,0.0,0.0,0.0,0.0,2.0,inferred
Orkney Islands,2021-03-30,0.0,0.0,0.0,0.0,0.0,0.0,0.0,0.0,0.0,0.0,0.0,0.0,2.0,inferred
Orkney Islands,2021-03-31,0.0,0.0,0.0,0.0,0.0,0.0,0.0,0.0,0.0,0.0,0.0,0.0,3.0,inferred
Orkney Islands,2021-04-01,0.0,0.0,0.0,0.0,0.0,0.0,0.0,0.0,0.0,0.0,0.0,0.0,3.0,inferred
Orkney Islands,2021-04-02,0.0,0.0,0.0,0.0,0.0,0.0,0.0,0.0,0.0,0.0,0.0,0.0,3.0,inferred
Orkney Islands,2021-04-03,0.0,0.0,0.0,0.0,0.0,0.0,0.0,0.0,0.0,0.0,0.0,0.0,2.0,inferred
Orkney Islands,2021-04-04,0.0,0.0,0.0,0.0,0.0,0.0,0.0,0.0,0.0,0.0,0.0,0.0,2.0,inferred
Orkney Islands,2021-04-05,0.0,0.0,0.0,0.0,0.0,0.0,0.0,0.0,0.0,0.0,0.0,0.0,2.0,inferred
Orkney Islands,2021-04-06,0.0,0.0,0.0,0.0,0.0,0.0,0.0,0.0,0.0,0.0,0.0,0.0,2.0,inferred
Orkney Islands,2021-04-07,0.0,0.0,0.0,0.0,0.0,0.0,0.0,0.0,0.0,0.0,0.0,1.0,3.0,inferred
Orkney Islands,2021-04-08,0.0,0.0,0.0,0.0,0.0,0.0,0.0,0.0,0.0,0.0,0.0,0.0,3.0,inferred
Orkney Islands,2021-04-09,0.0,0.0,0.0,0.0,0.0,0.0,0.0,0.0,0.0,0.0,0.0,0.0,2.0,inferred
Orkney Islands,2021-04-10,0.0,0.0,0.0,0.0,0.0,0.0,0.0,0.0,0.0,0.0,0.0,0.0,3.0,inferred
Orkney Islands,2021-04-11,0.0,0.0,0.0,0.0,0.0,0.0,0.0,0.0,0.0,0.0,0.0,0.0,2.0,inferred
Orkney Islands,2021-04-12,0.0,0.0,0.0,0.0,0.0,0.0,0.0,0.0,0.0,0.0,0.0,0.0,1.0,inferred
Orkney Islands,2021-04-13,0.0,0.0,0.0,0.0,0.0,0.0,0.0,0.0,0.0,0.0,0.0,0.0,2.0,inferred
Orkney Islands,2021-04-14,0.0,0.0,0.0,0.0,0.0,0.0,0.0,0.0,0.0,0.0,0.0,0.0,3.0,inferred
Orkney Islands,2021-04-15,0.0,0.0,0.0,0.0,0.0,0.0,0.0,0.0,0.0,0.0,0.0,0.0,2.0,inferred
Orkney Islands,2021-04-16,0.0,0.0,0.0,0.0,0.0,0.0,0.0,0.0,0.0,0.0,0.0,0.0,3.0,inferred
Orkney Islands,2021-04-17,0.0,0.0,0.0,0.0,0.0,0.0,0.0,0.0,0.0,0.0,0.0,1.0,3.0,inferred
Orkney Islands,2021-04-18,0.0,0.0,0.0,0.0,0.0,0.0,0.0,0.0,0.0,0.0,0.0,0.0,2.0,inferred
Orkney Islands,2021-04-19,0.0,0.0,0.0,0.0,0.0,0.0,0.0,0.0,0.0,0.0,0.0,0.0,2.0,inferred
Orkney Islands,2021-04-20,0.0,0.0,0.0,0.0,0.0,0.0,0.0,0.0,0.0,0.0,0.0,0.0,3.0,inferred
Orkney Islands,2021-04-21,0.0,0.0,0.0,0.0,0.0,0.0,0.0,0.0,0.0,0.0,0.0,1.0,4.0,inferred
Orkney Islands,2021-04-22,0.0,0.0,0.0,0.0,0.0,0.0,0.0,0.0,0.0,0.0,0.0,0.1,3.0,inferred
Orkney Islands,2021-04-23,0.0,0.0,0.0,0.0,0.0,0.0,0.0,0.0,0.0,0.0,0.0,1.0,3.0,inferred
Orkney Islands,2021-04-24,0.0,0.0,0.0,0.0,0.0,0.0,0.0,0.0,0.0,0.0,0.0,0.0,2.5,inferred
Orkney Islands,2021-04-25,0.0,0.0,0.0,0.0,0.0,0.0,0.0,0.0,0.0,0.0,0.0,1.0,3.0,inferred
Orkney Islands,2021-04-26,0.0,0.0,0.0,0.0,0.0,0.0,0.0,0.0,0.0,0.0,0.0,0.0,2.0,inferred
Orkney Islands,2021-04-27,0.0,0.0,0.0,0.0,0.0,0.0,0.0,0.0,0.0,0.0,0.0,0.0,2.5,inferred
Orkney Islands,2021-04-28,0.0,0.0,0.0,0.0,0.0,0.0,0.0,0.0,0.0,0.0,0.0,0.1,3.0,inferred
Orkney Islands,2021-04-29,0.0,0.0,0.0,0.0,0.0,0.0,0.0,0.0,0.0,0.0,0.0,1.0,3.0,inferred
Orkney Islands,2021-04-30,0.0,0.0,0.0,0.0,0.0,0.0,0.0,0.0,0.0,0.0,0.0,1.0,3.0,inferred
Orkney Islands,2021-05-01,0.0,0.0,0.0,0.0,0.0,0.0,0.0,0.0,0.0,0.0,0.0,1.0,4.0,inferred
Orkney Islands,2021-05-02,0.0,0.0,0.0,0.0,0.0,0.0,0.0,0.0,0.0,0.0,0.0,0.0,3.0,inferred
Orkney Islands,2021-05-03,0.0,0.0,0.0,0.0,0.0,0.0,0.0,0.0,0.0,0.0,0.0,0.0,2.0,inferred
Orkney Islands,2021-05-04,0.0,0.0,0.0,0.0,0.0,0.0,0.0,0.0,0.0,0.0,0.0,0.0,2.0,inferred
Orkney Islands,2021-05-05,0.0,0.0,0.0,0.0,0.0,0.0,0.0,0.0,0.0,0.0,0.0,1.0,3.0,inferred
Orkney Islands,2021-05-06,0.0,0.0,0.0,0.0,0.0,0.0,0.0,0.0,0.0,0.0,0.0,1.0,3.0,inferred
Orkney Islands,2021-05-07,0.0,0.0,0.0,0.0,0.0,0.0,0.0,0.0,0.0,0.0,0.0,0.0,3.0,inferred
Orkney Islands,2021-05-08,0.0,0.0,0.0,0.0,0.0,0.0,0.0,0.0,0.0,0.0,0.0,0.0,3.0,inferred
Orkney Islands,2021-05-09,0.0,0.0,0.0,0.0,0.0,0.0,0.0,0.0,0.0,0.0,0.0,0.0,2.0,inferred
Orkney Islands,2021-05-10,0.0,0.0,0.0,0.0,0.0,0.0,0.0,0.0,0.0,0.0,0.0,0.0,2.0,inferred
Orkney Islands,2021-05-11,0.0,0.0,0.0,0.0,0.0,0.0,0.0,0.0,0.0,0.0,0.0,0.0,2.0,inferred
Orkney Islands,2021-05-12,0.0,0.0,0.0,0.0,0.0,0.0,0.0,0.0,0.0,0.0,0.0,0.1,3.0,inferred
Orkney Islands,2021-05-13,0.0,0.0,0.0,0.0,0.0,0.0,0.0,0.0,0.0,0.0,0.0,1.0,3.0,inferred
Orkney Islands,2021-05-14,0.0,0.0,0.0,0.0,0.0,0.0,0.0,0.0,0.0,0.0,0.0,0.0,3.0,inferred
Orkney Islands,2021-05-15,0.0,0.0,0.0,0.0,0.0,0.0,0.0,0.0,0.0,0.0,0.0,0.0,3.0,inferred
Orkney Islands,2021-05-16,0.0,0.0,0.0,0.0,0.0,0.0,0.0,0.0,0.0,0.0,0.0,0.0,3.0,inferred
Orkney Islands,2021-05-17,0.0,0.0,0.0,0.0,0.0,0.0,0.0,0.0,0.0,0.0,0.0,0.0,2.0,inferred
Orkney Islands,2021-05-18,0.0,0.0,0.0,0.0,0.0,0.0,0.0,0.0,0.0,0.0,0.0,0.0,3.0,inferred
Orkney Islands,2021-05-19,0.0,0.0,0.0,0.0,0.0,0.0,0.0,0.0,0.0,0.0,0.0,1.0,4.0,inferred
Orkney Islands,2021-05-20,0.0,0.0,0.0,0.0,0.0,0.0,0.0,0.0,0.0,0.0,0.0,1.0,3.0,inferred
Orkney Islands,2021-05-21,0.0,0.0,0.0,0.0,0.0,0.0,0.0,0.0,0.0,0.0,0.0,1.0,3.0,inferred
Orkney Islands,2021-05-22,0.0,0.0,0.0,0.0,0.0,0.0,0.0,0.0,0.0,0.0,0.0,0.0,2.0,inferred
Orkney Islands,2021-05-23,0.0,0.0,0.0,0.0,0.0,0.0,0.0,0.0,0.0,0.0,0.0,0.0,2.0,inferred
Orkney Islands,2021-05-24,0.0,0.0,0.0,0.0,0.0,0.0,0.0,0.0,0.0,0.0,0.0,0.0,2.0,inferred
Orkney Islands,2021-05-25,0.0,0.0,0.0,0.0,0.0,0.0,0.0,0.0,0.0,0.0,0.0,0.0,2.0,inferred
Orkney Islands,2021-05-26,0.0,0.0,0.0,0.0,0.0,0.0,0.0,0.0,0.0,0.0,0.0,1.0,3.0,inferred
Orkney Islands,2021-05-27,0.0,0.0,0.0,0.0,0.0,0.0,0.0,0.0,0.0,0.0,0.0,1.0,3.0,inferred
Orkney Islands,2021-05-28,0.0,0.0,0.0,0.0,0.0,0.0,0.0,0.0,0.0,0.0,0.0,1.0,3.0,inferred
Orkney Islands,2021-05-29,0.0,0.0,0.0,0.0,0.0,0.0,0.0,0.0,0.0,0.0,0.0,0.0,3.0,inferred
Orkney Islands,2021-05-30,0.0,0.0,0.0,0.0,0.0,0.0,0.0,0.0,0.0,0.0,0.0,0.0,2.0,inferred
Orkney Islands,2021-05-31,0.0,0.0,0.0,0.0,0.0,0.0,0.0,0.0,0.0,0.0,0.0,0.0,2.0,inferred
Orkney Islands,2021-06-01,0.0,0.0,0.0,0.0,0.0,0.0,0.0,0.0,0.0,0.0,0.0,0.0,3.0,inferred
Orkney Islands,2021-06-02,0.0,0.0,0.0,0.0,0.0,0.0,0.0,0.0,0.0,0.0,0.0,1.0,4.0,inferred
Orkney Islands,2021-06-03,0.0,0.0,0.0,0.0,0.0,0.0,0.0,0.0,0.0,0.0,0.0,1.0,3.0,inferred
Orkney Islands,2021-06-04,0.0,0.0,0.0,0.0,0.0,0.0,0.0,0.0,0.0,0.0,0.0,1.0,4.5,inferred
Orkney Islands,2021-06-05,0.0,0.0,0.0,0.0,0.0,0.0,0.0,0.0,0.0,0.0,0.0,1.0,3.0,inferred
Orkney Islands,2021-06-06,0.0,0.0,0.0,0.0,0.0,0.0,0.0,0.0,0.0,0.0,0.0,1.0,3.0,inferred
Orkney Islands,2021-06-07,0.0,0.0,0.0,0.0,0.0,0.0,0.0,0.0,0.0,0.0,0.0,0.0,2.0,inferred
Orkney Islands,2021-06-08,0.0,0.0,0.0,0.0,0.0,0.0,0.0,0.0,0.0,0.0,0.0,1.0,3.0,inferred
Orkney Islands,2021-06-09,0.0,0.0,0.0,0.0,0.0,0.0,0.0,0.0,0.0,0.0,0.0,1.0,4.0,inferred
Orkney Islands,2021-06-10,0.0,0.0,0.0,0.0,0.0,0.0,0.0,0.0,0.0,0.0,0.0,1.0,4.0,inferred
Orkney Islands,2021-06-11,0.0,0.0,0.0,0.0,0.0,0.0,0.0,0.0,0.0,0.0,0.0,1.0,3.0,inferred
Orkney Islands,2021-06-12,0.0,0.0,0.0,0.0,0.0,0.0,0.0,0.0,0.0,0.0,0.0,1.0,4.0,inferred
Orkney Islands,2021-06-13,0.0,0.0,0.0,0.0,0.0,0.0,0.0,0.0,0.0,0.0,0.0,1.0,2.0,inferred
Orkney Islands,2021-06-14,0.0,0.0,0.0,0.0,0.0,0.0,0.0,0.0,0.0,0.0,0.0,0.0,2.0,inferred
Orkney Islands,2021-06-15,0.0,0.0,0.0,0.0,0.0,0.0,0.0,0.0,0.0,0.0,0.0,1.0,3.0,inferred
Orkney Islands,2021-06-16,0.0,0.0,0.0,0.0,0.0,0.0,0.0,0.0,0.0,0.0,0.0,1.0,5.0,inferred
Orkney Islands,2021-06-17,0.0,0.0,0.0,0.0,0.0,0.0,0.0,0.0,0.0,0.0,0.0,1.0,4.0,inferred
Orkney Islands,2021-06-18,0.0,0.0,0.0,0.0,0.0,0.0,0.0,0.0,0.0,0.0,0.0,1.0,5.0,inferred
Oxford,2021-03-06,1.0,3.0,4.0,5.0,5.0,6.0,7.0,8.0,8.0,9.0,10.0,11.0,14.0,inferred
Oxford,2021-03-07,3.0,5.0,6.0,6.0,7.0,8.0,9.0,10.0,11.0,11.0,12.0,14.0,18.0,inferred
Oxford,2021-03-08,4.0,6.0,8.0,8.0,9.0,10.0,11.0,12.0,13.0,14.0,15.0,17.0,20.0,inferred
Oxford,2021-03-09,4.0,6.0,8.0,8.0,9.0,10.0,11.0,12.0,13.0,14.0,14.0,17.0,21.0,inferred
Oxford,2021-03-10,4.0,6.0,8.0,8.0,9.0,10.0,11.0,12.0,14.0,14.0,15.0,17.0,21.5,inferred
Oxford,2021-03-11,3.0,5.0,7.0,8.0,8.0,9.0,10.0,11.0,13.0,13.0,14.0,16.0,20.0,inferred
Oxford,2021-03-12,3.0,5.0,6.0,6.0,7.0,8.0,9.0,10.0,11.0,11.0,12.0,14.0,18.0,inferred
Oxford,2021-03-13,2.0,3.0,4.0,5.0,5.0,6.0,7.0,8.0,9.0,9.0,10.0,12.0,15.0,inferred
Oxford,2021-03-14,2.0,4.0,5.0,6.0,6.0,7.0,8.0,9.0,10.0,11.0,11.2,13.0,17.0,inferred
Oxford,2021-03-15,3.0,5.0,7.0,7.0,8.0,9.0,10.0,11.0,12.0,13.0,14.0,16.0,19.0,inferred
Oxford,2021-03-16,3.0,5.0,6.0,7.0,8.0,8.0,9.0,10.0,11.0,12.0,13.0,15.0,18.5,inferred
Oxford,2021-03-17,3.0,5.0,7.0,7.0,8.0,9.0,10.0,11.0,12.0,13.0,14.0,16.0,19.0,inferred
Oxford,2021-03-18,3.0,5.0,6.0,7.0,7.0,8.0,9.0,10.0,11.0,12.0,13.0,15.0,18.0,inferred
Oxford,2021-03-19,2.0,4.0,5.0,6.0,6.0,7.0,8.0,9.0,10.0,11.0,12.0,14.0,18.0,inferred
Oxford,2021-03-20,2.0,3.0,4.0,5.0,5.0,6.0,7.0,8.0,9.0,9.0,10.0,12.0,15.0,inferred
Oxford,2021-03-21,2.0,4.0,5.0,6.0,7.0,8.0,9.0,9.0,11.0,11.0,12.0,14.0,18.0,inferred
Oxford,2021-03-22,4.0,6.0,7.0,8.0,9.0,10.0,11.0,12.0,13.0,14.0,15.0,17.0,21.0,inferred
Oxford,2021-03-23,4.0,6.0,7.0,8.0,9.0,10.0,11.0,12.0,13.0,14.0,14.0,17.0,21.0,inferred
Oxford,2021-03-24,4.0,7.0,8.0,9.0,9.0,10.0,11.0,13.0,14.0,15.0,16.0,18.0,21.5,inferred
Oxford,2021-03-25,4.0,6.0,7.0,8.0,9.0,10.0,11.0,12.0,13.0,14.0,14.0,17.0,20.0,inferred
Oxford,2021-03-26,3.0,5.0,6.0,7.0,7.0,8.0,9.0,10.0,12.0,12.0,13.0,15.0,18.0,inferred
Oxford,2021-03-27,2.0,3.9,5.0,5.0,6.0,7.0,7.0,8.0,9.0,10.0,11.0,13.0,16.0,inferred
Oxford,2021-03-28,3.0,5.0,6.0,6.0,7.0,8.0,9.0,10.0,11.0,12.0,12.0,14.0,18.0,inferred
Oxford,2021-03-29,4.0,6.0,7.0,8.0,8.0,10.0,11.0,12.0,13.0,14.0,14.0,17.0,21.0,inferred
Oxford,2021-03-30,3.0,5.0,7.0,8.0,8.0,9.0,10.0,11.0,12.0,13.0,14.0,16.0,20.0,inferred
Oxford,2021-03-31,4.0,6.0,7.0,8.0,8.0,10.0,11.0,12.0,13.0,14.0,15.0,17.0,21.0,inferred
Oxford,2021-04-01,3.0,5.0,6.0,7.0,7.0,9.0,9.0,10.0,11.0,12.0,13.0,15.0,19.0,inferred
Oxford,2021-04-02,2.0,4.0,5.0,6.0,6.0,7.0,8.0,9.0,10.0,11.0,11.0,13.0,17.0,inferred
Oxford,2021-04-03,1.0,3.0,4.0,4.0,5.0,5.0,6.0,7.0,8.0,9.0,9.0,11.0,15.0,inferred
Oxford,2021-04-04,2.0,4.0,5.0,5.0,6.0,7.0,7.0,8.0,10.0,10.0,11.0,13.0,16.0,inferred
Oxford,2021-04-05,3.0,4.0,6.0,7.0,7.0,8.0,9.0,10.0,11.0,11.0,12.0,14.0,18.0,inferred
Oxford,2021-04-06,2.0,4.0,5.0,6.0,6.0,7.0,8.0,9.0,10.0,11.0,12.0,14.0,17.5,inferred
Oxford,2021-04-07,2.5,4.0,6.0,6.0,7.0,8.0,9.0,10.0,11.0,11.0,12.0,14.0,17.5,inferred
Oxford,2021-04-08,2.0,4.0,5.0,6.0,6.0,7.0,8.0,9.0,10.0,11.0,11.0,13.0,16.0,inferred
Oxford,2021-04-09,2.0,3.0,4.0,5.0,5.0,6.0,7.0,8.0,9.0,9.0,10.0,12.0,15.0,inferred
Oxford,2021-04-10,1.0,2.0,3.0,3.0,4.0,5.0,5.0,6.0,7.0,7.0,8.0,10.0,12.5,inferred
Oxford,2021-04-11,1.0,2.0,4.0,4.0,4.0,5.0,6.0,7.0,8.0,8.0,9.0,11.0,13.0,inferred
Oxford,2021-04-12,2.0,3.0,5.0,5.0,5.0,6.0,7.0,8.0,9.0,10.0,10.0,12.0,16.0,inferred
Oxford,2021-04-13,2.0,3.0,4.0,5.0,5.0,6.0,7.0,8.0,9.0,9.0,10.0,12.0,15.0,inferred
Oxford,2021-04-14,2.0,3.0,4.0,5.0,5.0,6.0,7.0,8.0,9.0,10.0,10.0,12.0,15.0,inferred
Oxford,2021-04-15,1.0,3.0,4.0,4.0,5.0,5.0,6.0,7.0,8.0,9.0,9.0,11.0,14.0,inferred
Oxford,2021-04-16,1.0,2.0,3.0,4.0,4.0,5.0,6.0,6.0,7.0,8.0,8.0,10.0,14.0,inferred
Oxford,2021-04-17,1.0,2.0,2.0,3.0,3.0,4.0,4.0,5.0,6.0,6.2,7.0,9.0,11.0,inferred
Oxford,2021-04-18,1.0,2.0,3.0,3.0,4.0,4.0,5.0,6.0,7.0,7.0,8.0,9.0,12.0,inferred
Oxford,2021-04-19,1.0,3.0,4.0,4.0,5.0,5.0,6.0,7.0,8.0,9.0,9.0,11.0,14.0,inferred
Oxford,2021-04-20,1.0,3.0,4.0,4.0,4.0,5.0,6.0,7.0,8.0,8.0,9.0,11.0,14.0,inferred
Oxford,2021-04-21,1.0,3.0,4.0,4.0,5.0,5.0,6.0,7.0,8.0,9.0,9.0,11.0,15.0,inferred
Oxford,2021-04-22,1.0,2.0,4.0,4.0,4.0,5.0,6.0,7.0,8.0,8.0,9.0,10.0,13.5,inferred
Oxford,2021-04-23,1.0,2.0,3.0,3.0,4.0,4.0,5.0,6.0,7.0,7.0,8.0,9.0,12.0,inferred
Oxford,2021-04-24,0.0,1.0,2.0,3.0,3.0,4.0,4.0,5.0,6.0,6.0,7.0,8.0,11.0,inferred
Oxford,2021-04-25,1.0,2.0,3.0,3.0,3.0,4.0,5.0,6.0,7.0,7.0,8.0,9.0,12.0,inferred
Oxford,2021-04-26,1.0,3.0,4.0,4.0,4.0,5.0,6.0,7.0,8.0,8.0,9.0,11.0,14.0,inferred
Oxford,2021-04-27,1.0,2.0,3.0,4.0,4.0,5.0,6.0,7.0,8.0,8.0,9.0,10.0,13.0,inferred
Oxford,2021-04-28,1.0,3.0,4.0,4.0,4.0,5.0,6.0,7.0,8.0,8.0,9.0,11.0,14.0,inferred
Oxford,2021-04-29,1.0,2.0,3.0,4.0,4.0,5.0,5.0,6.0,7.0,8.0,8.0,10.0,13.0,inferred
Oxford,2021-04-30,1.0,2.0,2.0,3.0,3.0,4.0,4.0,5.0,6.0,7.0,7.0,9.0,12.0,inferred
Oxford,2021-05-01,0.0,1.0,2.0,2.0,2.0,3.0,4.0,4.0,5.0,5.0,6.0,7.0,10.0,inferred
Oxford,2021-05-02,0.0,1.0,2.0,2.0,3.0,3.0,4.0,5.0,5.0,6.0,7.0,8.0,11.0,inferred
Oxford,2021-05-03,1.0,2.0,3.0,3.0,3.0,4.0,5.0,5.0,6.0,7.0,7.0,9.0,12.0,inferred
Oxford,2021-05-04,0.0,1.0,2.0,3.0,3.0,4.0,5.0,5.0,6.0,6.0,7.0,8.0,11.0,inferred
Oxford,2021-05-05,1.0,1.0,2.0,3.0,3.0,4.0,4.0,5.0,6.0,6.0,7.0,9.0,11.0,inferred
Oxford,2021-05-06,0.0,1.0,2.0,2.0,2.0,3.0,4.0,4.0,5.0,5.2,6.0,8.0,10.0,inferred
Oxford,2021-05-07,0.0,1.0,1.0,2.0,2.0,2.0,3.0,4.0,4.0,5.0,5.0,6.0,9.0,inferred
Oxford,2021-05-08,0.0,0.0,1.0,1.0,1.0,2.0,2.0,3.0,3.0,4.0,4.0,5.0,7.0,inferred
Oxford,2021-05-09,0.0,0.0,1.0,1.0,1.0,2.0,3.0,3.0,4.0,4.0,5.0,6.0,8.0,inferred
Oxford,2021-05-10,0.0,1.0,1.0,2.0,2.0,3.0,3.0,4.0,5.0,5.0,5.0,7.0,9.5,inferred
Oxford,2021-05-11,0.0,1.0,1.0,1.8,2.0,2.0,3.0,3.0,4.0,5.0,5.0,6.0,9.0,inferred
Oxford,2021-05-12,0.0,1.0,1.0,2.0,2.0,2.0,3.0,4.0,4.0,5.0,5.0,7.0,9.0,inferred
Oxford,2021-05-13,0.0,1.0,1.0,1.0,2.0,2.0,3.0,3.0,4.0,5.0,5.0,6.0,9.0,inferred
Oxford,2021-05-14,0.0,0.0,1.0,1.0,1.0,2.0,2.0,3.0,4.0,4.0,4.0,6.0,8.0,inferred
Oxford,2021-05-15,0.0,0.0,1.0,1.0,1.0,1.0,2.0,2.0,3.0,3.0,4.0,5.0,7.0,inferred
Oxford,2021-05-16,0.0,0.0,1.0,1.0,1.0,2.0,2.0,3.0,4.0,4.0,4.0,6.0,8.5,inferred
Oxford,2021-05-17,0.0,1.0,1.0,2.0,2.0,2.0,3.0,4.0,4.0,5.0,5.0,7.0,9.0,inferred
Oxford,2021-05-18,0.0,1.0,1.0,2.0,2.0,2.0,3.0,4.0,4.0,5.0,5.0,7.0,9.0,inferred
Oxford,2021-05-19,0.0,1.0,2.0,2.0,2.0,3.0,3.0,4.0,5.0,5.0,6.0,7.0,10.0,inferred
Oxford,2021-05-20,0.0,1.0,2.0,2.0,2.0,3.0,4.0,4.0,5.0,5.0,6.0,7.0,10.0,inferred
Oxford,2021-05-21,0.0,1.0,2.0,2.0,2.0,3.0,3.0,4.0,4.0,5.0,5.2,7.0,9.0,inferred
Oxford,2021-05-22,0.0,1.0,1.0,2.0,2.0,2.0,3.0,4.0,4.0,5.0,5.0,6.0,9.0,inferred
Oxford,2021-05-23,0.0,1.0,2.0,2.0,3.0,3.0,4.0,5.0,5.0,6.0,7.0,8.0,11.0,inferred
Oxford,2021-05-24,1.0,2.0,3.0,3.0,4.0,4.0,5.0,6.0,7.0,8.0,8.0,10.0,12.0,inferred
Oxford,2021-05-25,1.0,2.0,3.0,4.0,4.0,5.0,6.0,6.0,7.0,8.0,9.0,11.0,14.0,inferred
Oxford,2021-05-26,2.0,3.0,4.0,5.0,5.0,6.0,7.0,8.0,9.0,9.0,10.0,12.0,15.5,inferred
Oxford,2021-05-27,2.0,3.0,5.0,5.0,6.0,6.0,7.0,8.0,9.0,10.0,10.0,12.1,16.0,inferred
Oxford,2021-05-28,2.0,3.0,4.0,5.0,5.0,6.0,7.0,8.0,9.0,9.0,10.0,12.0,15.0,inferred
Oxford,2021-05-29,1.0,3.0,4.0,4.0,4.0,5.0,6.0,7.0,8.0,9.0,9.0,11.0,14.0,inferred
Oxford,2021-05-30,2.0,4.0,5.0,6.0,6.0,7.0,8.0,9.0,10.0,11.0,11.0,14.0,17.0,inferred
Oxford,2021-05-31,4.0,6.0,7.0,8.0,9.0,10.0,11.0,12.0,13.0,14.0,15.0,17.0,21.0,inferred
Oxford,2021-06-01,4.0,6.0,8.0,9.0,9.0,10.0,11.0,12.0,14.0,15.0,15.0,18.0,22.0,inferred
Oxford,2021-06-02,5.0,7.0,9.0,10.0,10.0,11.0,13.0,14.0,15.0,16.0,17.0,20.0,24.0,inferred
Oxford,2021-06-03,5.0,7.0,9.0,9.8,10.0,11.0,12.0,13.0,15.0,15.0,16.0,19.0,23.0,inferred
Oxford,2021-06-04,4.0,7.0,8.0,9.0,9.0,10.0,12.0,13.0,14.0,15.0,15.0,18.0,21.5,inferred
Oxford,2021-06-05,3.0,5.0,6.0,7.0,8.0,9.0,10.0,11.0,12.0,12.0,13.0,15.0,18.0,inferred
Oxford,2021-06-06,5.0,7.0,8.0,9.0,10.0,11.0,12.0,13.0,15.0,15.0,16.0,19.0,22.5,inferred
Oxford,2021-06-07,6.0,9.0,11.0,12.0,13.0,14.0,15.0,17.0,18.0,19.0,20.0,23.0,27.0,inferred
Oxford,2021-06-08,7.0,9.0,11.0,12.0,13.0,14.0,15.0,16.0,18.0,19.0,20.0,22.0,28.0,inferred
Oxford,2021-06-09,7.0,10.0,12.0,13.0,13.0,15.0,16.0,17.0,19.0,20.0,21.0,24.0,29.0,inferred
Oxford,2021-06-10,7.0,9.0,11.0,12.0,13.0,14.0,15.0,17.0,18.0,19.0,20.0,23.0,27.0,inferred
Oxford,2021-06-11,6.0,8.0,10.0,11.0,11.0,13.0,14.0,15.0,16.0,17.0,18.0,21.0,25.0,inferred
Oxford,2021-06-12,4.0,7.0,8.0,9.0,10.0,11.0,12.0,13.0,14.0,15.0,16.0,18.0,23.0,inferred
Oxford,2021-06-13,6.0,8.0,10.0,11.0,11.0,13.0,14.0,16.0,17.0,18.0,19.0,21.0,26.0,inferred
Oxford,2021-06-14,8.0,11.0,13.0,14.0,15.0,17.0,18.0,20.0,21.0,22.0,23.0,26.0,30.0,inferred
Oxford,2021-06-15,8.0,11.0,13.0,14.0,15.0,16.0,18.0,19.0,21.0,22.0,23.0,26.0,32.0,inferred
Oxford,2021-06-16,10.0,13.0,15.0,16.0,17.0,18.0,20.0,21.0,23.0,24.0,25.0,28.0,33.0,inferred
Oxford,2021-06-17,9.0,12.0,14.0,15.0,16.0,18.0,19.0,21.0,23.0,24.0,25.0,27.0,32.0,inferred
Oxford,2021-06-18,8.0,11.0,13.0,14.0,14.0,16.0,17.0,18.0,20.0,21.0,22.0,25.0,30.0,inferred
Pembrokeshire,2021-03-06,0.0,0.0,1.0,1.0,1.0,2.0,2.0,3.0,3.0,3.0,4.0,4.1,6.0,inferred
Pembrokeshire,2021-03-07,0.0,0.0,1.0,1.0,1.0,2.0,2.0,3.0,3.0,3.0,4.0,5.0,7.0,inferred
Pembrokeshire,2021-03-08,0.0,1.0,2.0,2.0,2.0,3.0,3.0,4.0,4.0,4.0,5.0,6.0,8.0,inferred
Pembrokeshire,2021-03-09,0.0,1.0,1.0,2.0,2.0,2.0,3.0,3.0,4.0,4.0,4.0,6.0,8.0,inferred
Pembrokeshire,2021-03-10,0.0,1.0,2.0,2.0,2.0,3.0,3.0,4.0,4.0,5.0,5.0,6.0,9.0,inferred
Pembrokeshire,2021-03-11,0.0,1.0,2.0,2.0,2.0,3.0,3.0,4.0,5.0,5.0,6.0,7.0,9.0,inferred
Pembrokeshire,2021-03-12,0.0,1.0,2.0,2.0,2.0,3.0,3.0,4.0,4.0,5.0,5.0,6.0,9.0,inferred
Pembrokeshire,2021-03-13,0.0,1.0,1.0,1.0,2.0,2.0,3.0,3.0,4.0,4.0,4.0,6.0,7.0,inferred
Pembrokeshire,2021-03-14,0.0,1.0,2.0,2.0,2.0,3.0,3.0,4.0,4.0,5.0,5.0,6.0,8.0,inferred
Pembrokeshire,2021-03-15,1.0,2.0,3.0,3.0,3.0,4.0,5.0,5.0,6.0,6.0,7.0,8.0,11.0,inferred
Pembrokeshire,2021-03-16,1.0,2.0,2.0,3.0,3.0,4.0,4.0,5.0,6.0,6.0,6.0,8.0,10.0,inferred
Pembrokeshire,2021-03-17,1.0,2.0,3.0,3.0,4.0,4.0,5.0,5.0,6.0,6.0,7.0,8.0,11.0,inferred
Pembrokeshire,2021-03-18,1.0,2.0,3.0,3.0,3.0,4.0,5.0,5.0,6.0,6.0,7.0,8.0,10.0,inferred
Pembrokeshire,2021-03-19,0.0,1.0,2.0,2.0,3.0,3.0,4.0,4.0,5.0,5.0,6.0,7.0,10.0,inferred
Pembrokeshire,2021-03-20,0.0,1.0,2.0,2.0,2.0,3.0,3.0,4.0,4.0,5.0,5.0,6.0,8.0,inferred
Pembrokeshire,2021-03-21,0.0,1.0,2.0,2.0,2.0,3.0,3.0,4.0,4.0,5.0,5.0,7.0,9.0,inferred
Pembrokeshire,2021-03-22,1.0,2.0,3.0,3.0,3.0,4.0,5.0,5.0,6.0,6.0,7.0,8.0,10.0,inferred
Pembrokeshire,2021-03-23,0.0,1.0,2.0,2.0,3.0,3.0,4.0,5.0,5.0,6.0,6.0,7.0,10.0,inferred
Pembrokeshire,2021-03-24,1.0,2.0,3.0,3.0,3.0,4.0,4.0,5.0,6.0,6.0,7.0,8.0,10.0,inferred
Pembrokeshire,2021-03-25,0.0,2.0,2.0,3.0,3.0,4.0,4.0,5.0,6.0,6.0,6.0,8.0,10.0,inferred
Pembrokeshire,2021-03-26,0.0,1.0,2.0,2.0,2.0,3.0,3.0,4.0,5.0,5.0,6.0,7.0,9.0,inferred
Pembrokeshire,2021-03-27,0.0,1.0,1.0,2.0,2.0,2.0,3.0,3.0,4.0,4.0,4.0,6.0,7.0,inferred
Pembrokeshire,2021-03-28,0.0,1.0,1.0,2.0,2.0,2.0,3.0,3.0,4.0,4.0,4.0,5.1,7.0,inferred
Pembrokeshire,2021-03-29,0.0,1.0,2.0,2.0,3.0,3.0,4.0,4.0,5.0,5.0,6.0,7.0,9.0,inferred
Pembrokeshire,2021-03-30,0.0,1.0,2.0,2.0,2.0,3.0,3.0,4.0,4.0,5.0,5.0,6.0,9.0,inferred
Pembrokeshire,2021-03-31,0.0,1.0,2.0,2.0,2.0,3.0,3.0,4.0,4.0,5.0,5.0,6.0,8.0,inferred
Pembrokeshire,2021-04-01,0.0,1.0,1.0,2.0,2.0,3.0,3.0,4.0,4.0,4.0,5.0,6.0,8.0,inferred
Pembrokeshire,2021-04-02,0.0,0.0,1.0,1.0,2.0,2.0,2.0,3.0,3.0,4.0,4.0,5.0,7.0,inferred
Pembrokeshire,2021-04-03,0.0,0.0,1.0,1.0,1.0,1.0,2.0,2.0,3.0,3.0,3.0,4.0,6.0,inferred
Pembrokeshire,2021-04-04,0.0,0.0,1.0,1.0,1.0,1.0,2.0,2.0,3.0,3.0,3.0,4.0,6.0,inferred
Pembrokeshire,2021-04-05,0.0,0.0,1.0,1.0,1.0,2.0,2.0,3.0,3.0,4.0,4.0,5.0,7.0,inferred
Pembrokeshire,2021-04-06,0.0,0.0,1.0,1.0,1.0,1.0,2.0,2.0,3.0,3.0,3.0,4.0,6.0,inferred
Pembrokeshire,2021-04-07,0.0,0.0,1.0,1.0,1.0,1.0,2.0,2.0,3.0,3.0,3.0,5.0,7.0,inferred
Pembrokeshire,2021-04-08,0.0,0.0,1.0,1.0,1.0,1.0,2.0,2.0,3.0,3.0,3.0,4.0,6.0,inferred
Pembrokeshire,2021-04-09,0.0,0.0,0.0,0.0,1.0,1.0,1.0,2.0,2.0,3.0,3.0,4.0,5.0,inferred
Pembrokeshire,2021-04-10,0.0,0.0,0.0,0.0,0.0,1.0,1.0,1.0,2.0,2.0,2.0,3.0,4.0,inferred
Pembrokeshire,2021-04-11,0.0,0.0,0.0,0.0,0.0,1.0,1.0,1.0,2.0,2.0,2.0,3.0,4.0,inferred
Pembrokeshire,2021-04-12,0.0,0.0,0.0,1.0,1.0,1.0,1.0,2.0,2.0,2.0,3.0,4.0,5.0,inferred
Pembrokeshire,2021-04-13,0.0,0.0,0.0,0.0,0.7,1.0,1.0,1.0,2.0,2.0,2.0,3.0,5.0,inferred
Pembrokeshire,2021-04-14,0.0,0.0,0.0,0.0,1.0,1.0,1.0,2.0,2.0,2.0,2.0,3.0,5.0,inferred
Pembrokeshire,2021-04-15,0.0,0.0,0.0,0.0,1.0,1.0,1.0,1.0,2.0,2.0,2.0,3.0,5.0,inferred
Pembrokeshire,2021-04-16,0.0,0.0,0.0,0.0,0.0,1.0,1.0,1.0,2.0,2.0,2.0,3.0,4.0,inferred
Pembrokeshire,2021-04-17,0.0,0.0,0.0,0.0,0.0,0.0,1.0,1.0,1.0,2.0,2.0,3.0,4.0,inferred
Pembrokeshire,2021-04-18,0.0,0.0,0.0,0.0,0.0,0.0,1.0,1.0,1.0,2.0,2.0,3.0,4.0,inferred
Pembrokeshire,2021-04-19,0.0,0.0,0.0,0.0,0.7,1.0,1.0,1.4,2.0,2.0,2.0,3.0,5.0,inferred
Pembrokeshire,2021-04-20,0.0,0.0,0.0,0.0,0.0,1.0,1.0,1.0,2.0,2.0,2.0,3.0,4.0,inferred
Pembrokeshire,2021-04-21,0.0,0.0,0.0,0.0,1.0,1.0,1.0,2.0,2.0,2.0,3.0,3.0,5.0,inferred
Pembrokeshire,2021-04-22,0.0,0.0,0.0,0.0,1.0,1.0,1.0,2.0,2.0,2.0,3.0,3.0,5.0,inferred
Pembrokeshire,2021-04-23,0.0,0.0,0.0,0.0,0.0,1.0,1.0,1.0,2.0,2.0,2.0,3.0,5.0,inferred
Pembrokeshire,2021-04-24,0.0,0.0,0.0,0.0,0.0,1.0,1.0,1.0,1.0,2.0,2.0,3.0,4.0,inferred
Pembrokeshire,2021-04-25,0.0,0.0,0.0,0.0,0.0,1.0,1.0,1.0,2.0,2.0,2.0,3.0,4.0,inferred
Pembrokeshire,2021-04-26,0.0,0.0,0.0,1.0,1.0,1.0,1.5,2.0,2.0,3.0,3.0,4.0,5.0,inferred
Pembrokeshire,2021-04-27,0.0,0.0,0.0,0.0,1.0,1.0,1.0,2.0,2.0,2.0,3.0,4.0,5.0,inferred
Pembrokeshire,2021-04-28,0.0,0.0,0.0,1.0,1.0,1.0,2.0,2.0,2.0,3.0,3.0,4.0,5.0,inferred
Pembrokeshire,2021-04-29,0.0,0.0,1.0,1.0,1.0,1.0,2.0,2.0,2.0,3.0,3.0,4.0,6.0,inferred
Pembrokeshire,2021-04-30,0.0,0.0,0.0,0.0,1.0,1.0,1.0,2.0,2.0,2.0,3.0,4.0,5.0,inferred
Pembrokeshire,2021-05-01,0.0,0.0,0.0,0.0,0.0,1.0,1.0,1.0,2.0,2.0,2.0,3.0,4.5,inferred
Pembrokeshire,2021-05-02,0.0,0.0,0.0,0.0,1.0,1.0,1.0,2.0,2.0,2.0,2.0,3.0,5.0,inferred
Pembrokeshire,2021-05-03,0.0,0.0,1.0,1.0,1.0,1.0,2.0,2.0,2.0,3.0,3.0,4.0,5.5,inferred
Pembrokeshire,2021-05-04,0.0,0.0,0.0,1.0,1.0,1.0,1.0,2.0,2.0,2.0,3.0,4.0,5.0,inferred
Pembrokeshire,2021-05-05,0.0,0.0,0.0,1.0,1.0,1.0,1.0,2.0,2.0,2.0,3.0,4.0,5.0,inferred
Pembrokeshire,2021-05-06,0.0,0.0,0.0,1.0,1.0,1.0,1.0,2.0,2.0,2.0,3.0,3.0,5.0,inferred
Pembrokeshire,2021-05-07,0.0,0.0,0.0,0.0,0.0,1.0,1.0,1.0,2.0,2.0,2.0,3.0,5.0,inferred
Pembrokeshire,2021-05-08,0.0,0.0,0.0,0.0,0.0,1.0,1.0,1.0,1.0,2.0,2.0,3.0,4.0,inferred
Pembrokeshire,2021-05-09,0.0,0.0,0.0,0.0,0.0,1.0,1.0,1.0,1.0,2.0,2.0,3.0,4.0,inferred
Pembrokeshire,2021-05-10,0.0,0.0,0.0,0.0,1.0,1.0,1.0,2.0,2.0,2.0,3.0,3.0,5.0,inferred
Pembrokeshire,2021-05-11,0.0,0.0,0.0,0.0,0.0,1.0,1.0,1.0,2.0,2.0,2.0,3.0,4.0,inferred
Pembrokeshire,2021-05-12,0.0,0.0,0.0,0.0,0.0,1.0,1.0,1.0,2.0,2.0,2.0,3.0,5.0,inferred
Pembrokeshire,2021-05-13,0.0,0.0,0.0,0.0,0.0,1.0,1.0,1.0,2.0,2.0,2.0,3.0,5.0,inferred
Pembrokeshire,2021-05-14,0.0,0.0,0.0,0.0,0.0,1.0,1.0,1.0,2.0,2.0,2.0,3.0,4.0,inferred
Pembrokeshire,2021-05-15,0.0,0.0,0.0,0.0,0.0,0.0,1.0,1.0,1.0,1.0,2.0,2.0,4.0,inferred
Pembrokeshire,2021-05-16,0.0,0.0,0.0,0.0,0.0,0.0,1.0,1.0,1.0,2.0,2.0,3.0,4.0,inferred
Pembrokeshire,2021-05-17,0.0,0.0,0.0,0.0,0.0,1.0,1.0,1.0,2.0,2.0,2.0,3.0,5.0,inferred
Pembrokeshire,2021-05-18,0.0,0.0,0.0,0.0,0.0,1.0,1.0,1.0,2.0,2.0,2.0,3.0,4.0,inferred
Pembrokeshire,2021-05-19,0.0,0.0,0.0,0.0,0.0,1.0,1.0,1.0,2.0,2.0,2.0,3.0,4.0,inferred
Pembrokeshire,2021-05-20,0.0,0.0,0.0,0.0,0.0,1.0,1.0,1.0,2.0,2.0,2.0,3.0,4.0,inferred
Pembrokeshire,2021-05-21,0.0,0.0,0.0,0.0,0.0,1.0,1.0,1.0,2.0,2.0,2.0,3.0,4.0,inferred
Pembrokeshire,2021-05-22,0.0,0.0,0.0,0.0,0.0,0.0,1.0,1.0,1.0,2.0,2.0,2.0,4.0,inferred
Pembrokeshire,2021-05-23,0.0,0.0,0.0,0.0,0.0,1.0,1.0,1.0,1.0,2.0,2.0,3.0,4.0,inferred
Pembrokeshire,2021-05-24,0.0,0.0,0.0,0.0,1.0,1.0,1.0,2.0,2.0,2.0,3.0,4.0,5.0,inferred
Pembrokeshire,2021-05-25,0.0,0.0,0.0,0.0,1.0,1.0,1.0,2.0,2.0,2.0,2.0,3.0,5.0,inferred
Pembrokeshire,2021-05-26,0.0,0.0,0.0,1.0,1.0,1.0,2.0,2.0,2.0,3.0,3.0,4.0,5.0,inferred
Pembrokeshire,2021-05-27,0.0,0.0,1.0,1.0,1.0,1.0,2.0,2.0,3.0,3.0,3.0,4.0,6.0,inferred
Pembrokeshire,2021-05-28,0.0,0.0,0.0,1.0,1.0,1.0,1.0,2.0,2.0,3.0,3.0,4.0,5.0,inferred
Pembrokeshire,2021-05-29,0.0,0.0,0.0,0.0,1.0,1.0,1.0,2.0,2.0,2.0,3.0,3.0,5.0,inferred
Pembrokeshire,2021-05-30,0.0,0.0,0.0,1.0,1.0,1.0,1.0,2.0,2.0,3.0,3.0,4.0,5.0,inferred
Pembrokeshire,2021-05-31,0.0,0.0,1.0,1.0,1.0,2.0,2.0,3.0,3.0,3.2,4.0,5.0,7.0,inferred
Pembrokeshire,2021-06-01,0.0,0.0,1.0,1.0,1.0,2.0,2.0,3.0,3.0,3.0,4.0,5.0,7.0,inferred
Pembrokeshire,2021-06-02,0.0,1.0,1.0,1.0,2.0,2.0,3.0,3.0,4.0,4.0,5.0,5.0,8.0,inferred
Pembrokeshire,2021-06-03,0.0,1.0,1.0,2.0,2.0,2.0,3.0,3.4,4.0,4.0,5.0,6.0,8.0,inferred
Pembrokeshire,2021-06-04,0.0,1.0,1.0,2.0,2.0,2.0,3.0,3.0,4.0,4.0,5.0,6.0,8.0,inferred
Pembrokeshire,2021-06-05,0.0,1.0,1.0,1.0,2.0,2.0,2.0,3.0,3.0,4.0,4.0,5.0,7.0,inferred
Pembrokeshire,2021-06-06,0.0,1.0,1.0,2.0,2.0,2.0,3.0,3.0,4.0,4.0,5.0,6.0,8.0,inferred
Pembrokeshire,2021-06-07,1.0,2.0,2.0,3.0,3.0,4.0,4.0,5.0,6.0,6.0,7.0,8.0,11.0,inferred
Pembrokeshire,2021-06-08,1.0,2.0,2.0,3.0,3.0,4.0,4.0,5.0,6.0,6.0,7.0,8.0,11.0,inferred
Pembrokeshire,2021-06-09,1.0,2.0,3.0,3.0,4.0,4.0,5.0,6.0,6.0,7.0,7.0,9.0,11.0,inferred
Pembrokeshire,2021-06-10,1.0,2.0,3.0,4.0,4.0,5.0,5.0,6.0,7.0,7.0,8.0,9.0,12.0,inferred
Pembrokeshire,2021-06-11,1.0,2.0,3.0,3.0,4.0,4.0,5.0,6.0,6.0,7.0,7.0,9.0,11.0,inferred
Pembrokeshire,2021-06-12,1.0,1.0,2.0,3.0,3.0,3.0,4.0,5.0,5.0,6.0,6.0,8.0,10.0,inferred
Pembrokeshire,2021-06-13,1.0,2.0,3.0,3.0,3.0,4.0,5.0,5.0,6.0,6.2,7.0,8.0,11.0,inferred
Pembrokeshire,2021-06-14,2.0,3.0,4.0,5.0,5.0,6.0,7.0,8.0,8.3,9.0,10.0,12.0,14.0,inferred
Pembrokeshire,2021-06-15,2.0,3.0,4.0,5.0,5.0,6.0,6.0,7.0,8.0,9.0,9.0,11.0,13.0,inferred
Pembrokeshire,2021-06-16,2.0,4.0,5.0,5.0,6.0,7.0,8.0,8.0,10.0,10.0,11.0,13.0,16.0,inferred
Pembrokeshire,2021-06-17,2.0,4.0,5.0,6.0,6.0,7.0,8.0,9.0,10.0,10.0,11.0,13.0,16.0,inferred
Pembrokeshire,2021-06-18,2.0,3.0,4.8,5.0,5.0,6.0,7.0,8.0,9.0,10.0,10.0,12.0,15.5,inferred
Pendle,2021-03-06,1.0,3.0,4.0,4.0,5.0,6.0,7.0,7.0,8.0,9.0,10.0,11.0,15.0,inferred
Pendle,2021-03-07,2.0,4.0,5.0,5.0,6.0,7.0,8.0,9.0,10.0,11.0,11.0,13.0,17.0,inferred
Pendle,2021-03-08,3.0,5.0,7.0,7.0,8.0,9.0,10.0,11.0,12.0,13.0,13.0,16.0,20.0,inferred
Pendle,2021-03-09,3.0,5.0,6.0,7.0,7.0,8.0,9.0,10.0,11.0,12.0,13.0,15.0,19.0,inferred
Pendle,2021-03-10,2.5,4.0,6.0,7.0,7.0,8.0,9.0,10.0,12.0,12.0,13.0,15.0,19.0,inferred
Pendle,2021-03-11,2.0,4.0,5.0,6.0,7.0,8.0,9.0,10.0,11.0,11.0,12.0,14.0,18.0,inferred
Pendle,2021-03-12,2.0,3.0,5.0,5.0,6.0,7.0,8.0,9.0,10.0,10.0,11.0,13.0,17.0,inferred
Pendle,2021-03-13,1.0,2.0,3.0,4.0,4.0,5.0,6.0,7.0,8.0,8.0,9.0,11.0,14.0,inferred
Pendle,2021-03-14,1.0,3.0,4.0,5.0,5.0,6.0,7.0,8.0,9.0,9.0,10.0,12.0,16.0,inferred
Pendle,2021-03-15,2.0,4.0,5.0,6.0,7.0,8.0,8.5,10.0,11.0,11.0,12.0,14.0,18.0,inferred
Pendle,2021-03-16,2.0,4.0,5.0,6.0,6.0,7.0,8.0,9.0,10.0,11.0,12.0,14.0,19.0,inferred
Pendle,2021-03-17,2.0,4.0,5.0,6.0,6.0,7.0,8.0,9.0,11.0,11.0,12.0,14.0,18.0,inferred
Pendle,2021-03-18,2.0,3.0,5.0,5.0,6.0,7.0,8.0,9.0,10.0,10.0,11.0,13.0,18.0,inferred
Pendle,2021-03-19,1.0,3.0,4.0,4.0,5.0,6.0,7.0,7.0,9.0,9.0,10.0,12.0,15.0,inferred
Pendle,2021-03-20,0.0,2.0,3.0,3.0,4.0,4.0,5.0,6.0,7.0,7.0,8.0,10.0,12.0,inferred
Pendle,2021-03-21,1.0,2.0,3.0,3.0,4.0,5.0,5.0,6.0,7.0,8.0,8.2,10.0,13.0,inferred
Pendle,2021-03-22,1.0,3.0,4.0,5.0,5.0,6.0,7.0,8.0,9.0,10.0,11.0,12.0,16.0,inferred
Pendle,2021-03-23,1.0,3.0,4.0,4.0,5.0,6.0,7.0,8.0,8.0,9.0,10.0,12.0,15.0,inferred
Pendle,2021-03-24,1.0,3.0,4.0,4.0,5.0,6.0,6.0,7.0,8.0,9.0,10.0,11.0,15.0,inferred
Pendle,2021-03-25,1.0,2.0,3.0,4.0,4.0,5.0,6.0,7.0,7.0,8.0,9.0,11.0,14.0,inferred
Pendle,2021-03-26,0.0,2.0,2.0,3.0,3.0,4.0,5.0,5.4,6.0,7.0,7.0,9.0,12.0,inferred
Pendle,2021-03-27,0.0,1.0,2.0,2.0,2.0,3.0,3.0,4.0,5.0,5.0,6.0,7.0,10.0,inferred
Pendle,2021-03-28,0.0,1.0,2.0,2.0,2.0,3.0,4.0,4.0,5.0,6.0,6.0,8.0,11.0,inferred
Pendle,2021-03-29,1.0,2.0,3.0,3.0,3.0,4.0,5.0,6.0,6.0,7.0,8.0,9.0,12.5,inferred
Pendle,2021-03-30,0.0,2.0,2.0,3.0,3.0,4.0,5.0,5.0,6.0,7.0,7.0,9.0,12.0,inferred
Pendle,2021-03-31,0.0,1.0,2.0,3.0,3.0,4.0,5.0,5.0,6.0,7.0,7.0,9.0,12.0,inferred
Pendle,2021-04-01,0.0,1.0,2.0,2.0,3.0,3.0,4.0,5.0,6.0,6.0,7.0,9.0,12.0,inferred
Pendle,2021-04-02,0.0,1.0,2.0,2.0,2.0,3.0,3.0,4.0,5.0,5.0,6.0,7.0,10.0,inferred
Pendle,2021-04-03,0.0,0.0,1.0,1.0,1.0,2.0,3.0,3.0,4.0,4.0,5.0,6.0,8.0,inferred
Pendle,2021-04-04,0.0,1.0,1.0,1.0,2.0,2.0,3.0,4.0,4.0,5.0,5.0,7.0,10.0,inferred
Pendle,2021-04-05,0.0,1.0,2.0,2.0,2.0,3.0,4.0,4.0,5.0,6.0,6.0,8.0,11.0,inferred
Pendle,2021-04-06,0.0,1.0,1.0,2.0,2.0,3.0,3.0,4.0,5.0,5.0,6.0,7.0,10.0,inferred
Pendle,2021-04-07,0.0,1.0,1.0,2.0,2.0,3.0,3.0,4.0,5.0,5.0,6.0,8.0,10.0,inferred
Pendle,2021-04-08,0.0,1.0,1.0,2.0,2.0,3.0,3.0,4.0,4.0,5.0,5.0,7.0,9.0,inferred
Pendle,2021-04-09,0.0,1.0,1.0,1.0,2.0,2.0,3.0,3.0,4.0,4.2,5.0,6.0,9.0,inferred
Pendle,2021-04-10,0.0,0.0,1.0,1.0,1.0,1.0,2.0,2.0,3.0,3.0,4.0,5.0,7.0,inferred
Pendle,2021-04-11,0.0,0.0,1.0,1.0,1.0,2.0,2.0,3.0,3.0,4.0,4.0,5.0,8.0,inferred
Pendle,2021-04-12,0.0,0.9,1.0,1.0,2.0,2.0,3.0,3.0,4.0,5.0,5.0,7.0,10.0,inferred
Pendle,2021-04-13,0.0,0.0,1.0,1.0,2.0,2.0,3.0,3.0,4.0,4.2,5.0,7.0,9.0,inferred
Pendle,2021-04-14,0.0,0.0,1.0,1.0,2.0,2.0,3.0,3.0,4.0,5.0,5.0,7.0,9.0,inferred
Pendle,2021-04-15,0.0,0.0,1.0,1.0,1.0,2.0,2.0,3.0,4.0,4.0,5.0,6.0,8.0,inferred
Pendle,2021-04-16,0.0,0.0,1.0,1.0,1.0,2.0,2.0,3.0,3.0,4.0,4.0,6.0,8.0,inferred
Pendle,2021-04-17,0.0,0.0,0.0,1.0,1.0,1.0,2.0,2.0,3.0,3.0,4.0,5.0,7.0,inferred
Pendle,2021-04-18,0.0,0.0,1.0,1.0,1.0,2.0,2.0,3.0,3.0,4.0,4.0,5.0,8.0,inferred
Pendle,2021-04-19,0.0,0.0,1.0,1.0,2.0,2.0,3.0,3.0,4.0,5.0,5.0,6.0,9.5,inferred
Pendle,2021-04-20,0.0,0.0,1.0,1.0,2.0,2.0,3.0,3.0,4.0,4.2,5.0,7.0,9.0,inferred
Pendle,2021-04-21,0.0,1.0,1.0,1.0,2.0,2.0,3.0,3.0,4.0,5.0,5.0,7.0,9.0,inferred
Pendle,2021-04-22,0.0,0.9,1.0,1.0,2.0,2.0,3.0,3.0,4.0,4.0,5.0,6.0,9.0,inferred
Pendle,2021-04-23,0.0,0.0,1.0,1.0,1.0,2.0,2.0,3.0,4.0,4.0,4.0,6.0,8.0,inferred
Pendle,2021-04-24,0.0,0.0,0.8,1.0,1.0,1.0,2.0,2.0,3.0,3.0,4.0,5.0,8.0,inferred
Pendle,2021-04-25,0.0,0.0,1.0,1.0,1.0,2.0,2.0,3.0,3.0,4.0,4.0,5.0,8.0,inferred
Pendle,2021-04-26,0.0,0.0,1.0,1.0,2.0,2.0,3.0,3.0,4.0,4.0,5.0,7.0,9.0,inferred
Pendle,2021-04-27,0.0,0.0,1.0,1.0,2.0,2.0,3.0,3.0,4.0,4.0,5.0,6.0,9.0,inferred
Pendle,2021-04-28,0.0,0.0,1.0,1.0,2.0,2.0,3.0,3.4,4.0,5.0,5.0,6.0,9.0,inferred
Pendle,2021-04-29,0.0,0.0,1.0,1.0,1.0,2.0,3.0,3.0,4.0,4.0,5.0,6.0,9.0,inferred
Pendle,2021-04-30,0.0,0.0,1.0,1.0,1.0,2.0,2.0,3.0,3.0,4.0,4.0,6.0,9.0,inferred
Pendle,2021-05-01,0.0,0.0,0.0,1.0,1.0,1.0,2.0,2.0,3.0,3.0,4.0,5.0,8.0,inferred
Pendle,2021-05-02,0.0,0.0,1.0,1.0,1.0,2.0,2.0,3.0,3.0,4.0,4.0,6.0,8.0,inferred
Pendle,2021-05-03,0.0,1.0,1.0,2.0,2.0,3.0,3.0,4.0,5.0,5.0,6.0,7.0,10.0,inferred
Pendle,2021-05-04,0.0,1.0,1.0,2.0,2.0,3.0,3.0,4.0,5.0,5.0,6.0,7.0,10.0,inferred
Pendle,2021-05-05,0.0,1.0,2.0,2.0,2.0,3.0,4.0,4.0,5.0,6.0,6.0,8.0,10.0,inferred
Pendle,2021-05-06,0.0,1.0,2.0,2.0,2.0,3.0,4.0,4.0,5.0,6.0,6.0,8.0,10.0,inferred
Pendle,2021-05-07,0.0,1.0,1.0,2.0,2.0,3.0,3.0,4.0,5.0,5.0,6.0,7.0,10.0,inferred
Pendle,2021-05-08,0.0,1.0,1.0,1.0,2.0,2.0,3.0,3.0,4.0,5.0,5.0,7.0,9.0,inferred
Pendle,2021-05-09,0.0,1.0,2.0,2.0,2.0,3.0,3.0,4.0,5.0,5.0,6.0,7.0,10.0,inferred
Pendle,2021-05-10,0.0,1.0,2.0,3.0,3.0,4.0,5.0,5.0,6.0,7.0,7.0,9.0,13.0,inferred
Pendle,2021-05-11,1.0,2.0,3.0,3.0,3.0,4.0,5.0,5.0,6.0,7.0,7.0,9.0,13.0,inferred
Pendle,2021-05-12,1.0,2.0,3.0,3.0,4.0,4.0,5.0,6.0,7.0,7.2,8.0,10.0,13.0,inferred
Pendle,2021-05-13,1.0,2.0,3.0,3.0,4.0,4.0,5.0,6.0,7.0,7.0,8.0,10.0,13.0,inferred
Pendle,2021-05-14,0.0,1.0,2.0,3.0,3.0,4.0,5.0,5.0,6.0,7.0,7.0,9.0,12.0,inferred
Pendle,2021-05-15,0.0,1.0,2.0,2.0,2.0,3.0,4.0,4.0,5.0,6.0,6.0,8.0,11.0,inferred
Pendle,2021-05-16,1.0,2.0,2.0,3.0,3.0,4.0,5.0,5.0,6.0,7.0,7.0,9.0,12.0,inferred
Pendle,2021-05-17,1.0,3.0,4.0,4.0,5.0,6.0,6.0,7.0,8.0,9.0,10.0,12.0,16.0,inferred
Pendle,2021-05-18,1.0,3.0,4.0,5.0,5.0,6.0,7.0,8.0,9.0,10.0,10.0,12.0,15.0,inferred
Pendle,2021-05-19,2.0,3.0,5.0,5.0,6.0,7.0,8.0,9.0,10.0,10.0,11.0,13.0,17.0,inferred
Pendle,2021-05-20,2.0,3.0,5.0,5.0,6.0,7.0,8.0,9.0,10.0,10.0,11.0,13.0,17.0,inferred
Pendle,2021-05-21,2.0,3.0,5.0,5.0,6.0,6.0,7.0,8.0,9.0,10.0,11.0,13.0,16.0,inferred
Pendle,2021-05-22,1.0,3.0,4.0,4.0,5.0,5.0,6.0,7.0,8.0,9.0,10.0,11.1,15.0,inferred
Pendle,2021-05-23,2.0,4.0,5.0,6.0,6.0,7.0,8.0,9.0,10.0,11.0,12.0,14.0,17.0,inferred
Pendle,2021-05-24,4.0,6.0,8.0,9.0,9.0,10.0,12.0,13.0,14.0,15.0,16.0,18.0,23.0,inferred
Pendle,2021-05-25,4.0,6.0,8.0,9.0,9.0,11.0,12.0,14.0,15.0,16.0,17.0,20.0,25.0,inferred
Pendle,2021-05-26,5.0,8.0,9.0,10.0,11.0,12.0,13.0,15.0,16.0,17.0,18.0,20.0,25.0,inferred
Pendle,2021-05-27,5.0,8.0,10.0,10.0,11.0,12.0,13.0,15.0,16.0,17.0,18.0,21.0,26.0,inferred
Pendle,2021-05-28,5.0,7.0,9.0,10.0,11.0,12.0,13.0,14.0,16.0,17.0,18.0,20.0,25.0,inferred
Pendle,2021-05-29,4.0,6.0,8.0,8.0,9.0,10.0,11.0,12.0,14.0,14.0,15.0,18.0,22.0,inferred
Pendle,2021-05-30,6.0,8.0,10.0,11.0,11.0,13.0,14.0,15.0,17.0,18.0,19.0,21.0,26.0,inferred
Pendle,2021-05-31,9.0,12.0,14.0,15.0,16.0,18.0,19.0,21.0,23.0,24.0,25.0,28.0,33.5,inferred
Pendle,2021-06-01,11.0,14.0,16.0,17.0,18.0,20.0,21.0,23.0,25.0,26.0,27.0,31.0,37.0,inferred
Pendle,2021-06-02,12.0,16.0,19.0,21.0,21.0,23.0,25.0,27.0,29.0,30.0,32.0,35.0,40.0,inferred
Pendle,2021-06-03,14.0,18.9,21.0,23.0,24.0,26.0,27.0,29.0,31.0,32.0,33.0,37.0,42.5,inferred
Pendle,2021-06-04,16.0,19.0,21.8,23.0,24.0,26.0,27.0,29.0,31.0,32.0,33.0,37.0,43.0,inferred
Pendle,2021-06-05,13.0,16.0,19.0,20.0,21.0,22.0,24.0,26.0,28.0,29.0,30.0,34.0,39.0,inferred
Pendle,2021-06-06,18.0,22.0,25.0,27.0,28.0,30.0,31.0,33.0,36.0,36.0,38.0,41.0,47.5,inferred
Pendle,2021-06-07,28.0,33.0,36.0,38.0,39.0,42.0,44.5,47.0,49.0,51.0,53.0,58.0,65.5,inferred
Pendle,2021-06-08,28.0,35.0,39.0,40.0,42.0,44.0,47.0,49.0,52.0,53.0,54.0,60.0,67.0,inferred
Pendle,2021-06-09,31.0,36.0,40.0,42.0,43.0,45.0,48.0,50.0,52.0,54.0,56.0,61.0,68.5,inferred
Pendle,2021-06-10,29.0,34.0,38.0,39.0,41.0,43.0,45.0,48.0,50.0,52.0,54.0,58.0,66.0,inferred
Pendle,2021-06-11,26.0,30.0,33.0,35.0,36.0,38.0,41.0,43.0,45.0,46.0,48.0,52.0,59.0,inferred
Pendle,2021-06-12,19.0,23.0,26.0,27.0,28.0,30.0,32.0,34.0,37.0,38.0,40.0,44.0,50.0,inferred
Pendle,2021-06-13,23.0,27.0,31.0,32.0,33.0,35.0,38.0,40.0,43.0,44.0,46.0,49.1,56.0,inferred
Pendle,2021-06-14,32.0,38.0,41.0,43.0,44.0,47.0,49.0,52.0,54.0,55.0,57.0,62.0,71.0,inferred
Pendle,2021-06-15,32.0,37.0,41.0,42.0,44.0,46.0,49.0,51.0,54.0,55.0,57.0,63.0,71.0,inferred
Pendle,2021-06-16,33.0,37.9,41.0,43.0,44.0,47.0,49.0,52.0,55.0,57.0,58.0,64.0,70.5,inferred
Pendle,2021-06-17,30.0,36.0,39.0,41.0,42.0,45.0,47.0,50.0,53.0,54.0,56.0,61.0,70.0,inferred
Pendle,2021-06-18,25.0,31.0,34.8,36.0,38.0,40.0,42.0,45.0,48.0,49.0,51.0,56.0,64.0,inferred
Perth and Kinross,2021-03-06,16.0,21.0,24.0,26.0,27.0,30.0,32.0,35.0,38.0,40.0,42.0,47.0,55.0,inferred
Perth and Kinross,2021-03-07,12.0,17.0,20.0,21.0,23.0,25.0,27.0,30.0,32.0,34.0,36.0,40.0,48.0,inferred
Perth and Kinross,2021-03-08,9.0,14.0,16.0,17.0,18.0,20.0,22.0,25.0,27.0,29.0,31.0,35.0,41.5,inferred
Perth and Kinross,2021-03-09,11.0,15.0,18.0,19.0,21.0,23.0,25.0,27.0,29.0,31.0,32.0,37.0,45.0,inferred
Perth and Kinross,2021-03-10,18.0,23.0,27.0,28.0,30.0,32.0,35.0,38.0,40.0,42.0,44.0,49.0,58.5,inferred
Perth and Kinross,2021-03-11,16.0,22.0,26.0,27.0,28.0,31.0,33.0,36.0,40.0,41.0,43.0,49.0,58.0,inferred
Perth and Kinross,2021-03-12,20.0,25.0,29.0,30.0,32.0,35.0,37.0,40.0,44.0,45.0,47.0,54.0,62.0,inferred
Perth and Kinross,2021-03-13,19.0,24.0,28.0,29.0,31.0,34.0,36.0,40.0,42.3,44.0,46.0,53.0,61.5,inferred
Perth and Kinross,2021-03-14,16.0,21.0,25.0,27.0,28.0,31.0,33.0,36.0,39.0,40.0,42.0,47.0,57.0,inferred
Perth and Kinross,2021-03-15,13.0,18.0,20.0,22.0,23.0,25.0,28.0,30.0,33.0,35.0,37.0,43.0,51.0,inferred
Perth and Kinross,2021-03-16,15.0,20.0,24.0,25.0,27.0,29.0,31.0,34.0,37.0,38.0,40.0,46.0,54.0,inferred
Perth and Kinross,2021-03-17,21.5,29.0,33.0,35.0,37.0,40.0,43.0,46.0,50.0,52.0,54.0,61.0,71.0,inferred
Perth and Kinross,2021-03-18,21.0,28.0,32.0,33.0,35.0,38.0,41.0,44.0,48.0,50.0,52.0,58.0,68.5,inferred
Perth and Kinross,2021-03-19,24.0,30.0,34.0,36.0,38.0,41.0,44.0,46.4,50.0,52.0,54.0,60.0,69.0,inferred
Perth and Kinross,2021-03-20,22.0,27.0,31.0,33.0,35.0,38.0,41.0,44.0,48.0,50.0,52.0,58.0,67.0,inferred
Perth and Kinross,2021-03-21,17.5,23.0,27.0,28.0,30.0,33.0,35.0,38.0,41.0,43.0,46.0,51.0,60.5,inferred
Perth and Kinross,2021-03-22,13.0,18.0,21.0,23.0,24.0,26.0,29.0,32.0,35.0,36.0,38.0,43.0,53.0,inferred
Perth and Kinross,2021-03-23,14.0,20.0,24.0,25.0,26.0,29.0,31.0,34.0,37.0,39.0,41.0,46.0,55.0,inferred
Perth and Kinross,2021-03-24,21.0,27.0,32.0,33.0,35.0,38.0,41.0,44.0,47.0,50.0,52.0,58.0,69.0,inferred
Perth and Kinross,2021-03-25,19.0,25.0,29.0,31.0,32.0,35.0,38.0,41.0,44.0,46.0,47.0,53.0,63.5,inferred
Perth and Kinross,2021-03-26,20.0,25.0,30.0,32.0,33.0,36.0,39.0,42.0,45.0,47.0,49.0,55.1,65.0,inferred
Perth and Kinross,2021-03-27,17.0,23.0,27.0,28.8,30.0,32.0,35.0,38.0,40.0,42.0,45.0,50.0,60.0,inferred
Perth and Kinross,2021-03-28,12.0,18.0,22.0,23.0,25.0,27.0,30.0,32.0,35.0,36.0,38.0,43.0,52.0,inferred
Perth and Kinross,2021-03-29,9.0,14.0,17.0,19.0,20.0,22.0,24.0,26.0,28.0,30.0,31.0,36.1,44.0,inferred
Perth and Kinross,2021-03-30,11.0,15.0,17.0,19.0,20.0,23.0,25.0,28.0,30.0,32.0,33.0,38.0,46.0,inferred
Perth and Kinross,2021-03-31,15.0,20.0,24.0,26.0,27.0,30.0,32.0,35.0,37.3,39.2,42.0,47.0,56.0,inferred
Perth and Kinross,2021-04-01,13.0,17.0,21.0,22.0,24.0,26.0,28.0,31.0,34.0,35.0,37.0,42.0,51.0,inferred
Perth and Kinross,2021-04-02,13.0,18.0,21.0,23.0,24.0,26.0,29.0,31.0,34.0,36.0,38.0,43.0,52.0,inferred
Perth and Kinross,2021-04-03,12.0,16.0,19.0,20.0,22.0,24.0,26.0,28.0,31.0,32.2,35.0,39.0,47.0,inferred
Perth and Kinross,2021-04-04,8.0,12.0,14.0,16.0,17.0,19.0,21.0,23.0,25.0,27.0,29.0,33.0,41.5,inferred
Perth and Kinross,2021-04-05,5.0,8.0,11.0,12.0,13.0,15.0,17.0,19.0,21.0,22.0,23.0,27.0,33.0,inferred
Perth and Kinross,2021-04-06,6.0,10.0,12.0,13.0,14.0,15.0,17.0,19.0,21.0,23.0,25.0,29.0,36.0,inferred
Perth and Kinross,2021-04-07,9.0,13.0,16.0,17.0,18.0,20.0,22.0,25.0,27.0,29.0,30.0,35.0,43.0,inferred
Perth and Kinross,2021-04-08,8.0,11.0,14.0,15.0,16.0,18.0,20.0,22.0,24.0,25.0,27.0,31.0,40.0,inferred
Perth and Kinross,2021-04-09,7.0,11.0,14.0,15.0,16.0,18.0,20.0,22.0,25.0,26.0,28.0,32.0,40.0,inferred
Perth and Kinross,2021-04-10,7.0,10.0,13.0,14.0,15.0,16.0,18.0,20.0,22.0,24.0,25.0,29.1,37.0,inferred
Perth and Kinross,2021-04-11,5.0,8.0,10.0,11.0,12.0,14.0,15.0,17.0,19.0,20.0,21.0,25.0,34.0,inferred
Perth and Kinross,2021-04-12,3.0,5.0,7.0,8.0,9.0,10.0,12.0,13.0,15.0,16.0,18.0,21.0,29.0,inferred
Perth and Kinross,2021-04-13,3.0,6.0,8.0,9.0,10.0,11.0,13.0,15.0,16.0,18.0,19.0,22.0,28.0,inferred
Perth and Kinross,2021-04-14,6.0,9.0,11.0,12.0,13.0,15.0,17.0,19.0,21.0,22.0,23.2,28.0,34.5,inferred
Perth and Kinross,2021-04-15,5.0,7.0,10.0,11.0,11.0,13.0,15.0,17.0,19.0,21.0,22.0,26.0,32.0,inferred
Perth and Kinross,2021-04-16,5.0,8.0,11.0,12.0,13.0,14.0,16.0,18.0,20.0,21.0,23.0,26.0,34.0,inferred
Perth and Kinross,2021-04-17,4.0,7.0,10.0,11.0,11.0,13.0,15.0,17.0,18.0,19.0,21.0,24.0,30.0,inferred
Perth and Kinross,2021-04-18,3.0,6.0,7.8,8.0,9.0,10.0,12.0,13.4,16.0,17.0,18.0,21.1,28.0,inferred
Perth and Kinross,2021-04-19,2.0,4.0,5.0,6.0,7.0,8.0,9.0,11.0,13.0,14.0,15.0,18.0,24.0,inferred
Perth and Kinross,2021-04-20,2.0,4.0,6.0,6.0,7.0,9.0,10.0,12.0,14.0,15.0,16.0,19.0,26.0,inferred
Perth and Kinross,2021-04-21,4.0,6.0,9.0,9.0,10.0,12.0,14.0,16.0,18.0,19.0,20.0,24.0,30.0,inferred
Perth and Kinross,2021-04-22,3.0,5.0,7.0,8.0,9.0,11.0,12.0,14.0,16.0,17.0,19.0,22.0,28.0,inferred
Perth and Kinross,2021-04-23,3.0,6.0,7.0,9.0,9.0,11.0,12.0,14.0,16.0,17.0,18.0,22.0,29.0,inferred
Perth and Kinross,2021-04-24,2.5,5.0,6.0,7.0,8.0,9.0,11.0,13.0,15.0,16.0,17.0,20.1,26.0,inferred
Perth and Kinross,2021-04-25,2.0,4.0,5.0,6.0,6.0,8.0,9.0,11.0,12.0,13.0,15.0,18.0,25.0,inferred
Perth and Kinross,2021-04-26,1.0,2.0,4.0,4.0,5.0,6.0,7.0,8.0,10.0,10.0,11.0,14.0,20.0,inferred
Perth and Kinross,2021-04-27,1.0,3.0,4.0,5.0,5.0,6.0,7.0,9.0,11.0,11.0,13.0,15.1,21.0,inferred
Perth and Kinross,2021-04-28,2.0,4.0,6.0,6.0,7.0,8.0,10.0,11.0,13.0,14.0,15.0,19.0,25.0,inferred
Perth and Kinross,2021-04-29,2.0,3.0,5.0,6.0,6.0,7.0,9.0,10.0,12.0,13.0,14.0,17.0,22.0,inferred
Perth and Kinross,2021-04-30,1.0,3.0,5.0,6.0,6.0,8.0,9.0,10.0,12.0,13.0,15.0,18.0,24.0,inferred
Perth and Kinross,2021-05-01,1.0,3.0,4.0,5.0,6.0,7.0,8.0,9.0,11.0,12.0,13.0,16.0,22.0,inferred
Perth and Kinross,2021-05-02,1.0,2.0,3.0,4.0,4.0,5.0,7.0,8.0,9.0,10.0,11.0,14.0,20.0,inferred
Perth and Kinross,2021-05-03,0.0,1.0,3.0,3.0,3.0,4.0,5.0,6.0,8.0,8.0,9.0,12.0,17.0,inferred
Perth and Kinross,2021-05-04,0.0,2.0,3.0,3.0,4.0,5.0,6.0,7.0,8.0,9.0,10.0,13.0,18.0,inferred
Perth and Kinross,2021-05-05,1.0,3.0,4.0,5.0,6.0,7.0,8.0,9.0,11.0,12.0,13.0,16.0,22.0,inferred
Perth and Kinross,2021-05-06,1.0,3.0,4.0,5.0,5.0,7.0,8.0,9.0,11.0,12.0,13.0,16.0,21.0,inferred
Perth and Kinross,2021-05-07,2.0,3.0,5.0,6.0,6.0,8.0,9.0,10.0,12.0,13.0,14.0,17.0,22.0,inferred
Perth and Kinross,2021-05-08,2.0,3.0,5.0,6.0,6.0,8.0,9.0,10.0,12.0,13.0,14.0,17.0,22.0,inferred
Perth and Kinross,2021-05-09,1.0,3.0,4.0,5.0,5.0,6.0,8.0,9.0,11.0,11.0,12.0,16.0,21.0,inferred
Perth and Kinross,2021-05-10,1.0,2.0,3.0,4.0,4.0,5.0,6.0,7.0,9.0,10.0,11.0,14.0,19.0,inferred
Perth and Kinross,2021-05-11,1.0,3.0,4.0,5.0,5.0,6.0,7.0,9.0,10.0,11.0,12.0,15.0,21.0,inferred
Perth and Kinross,2021-05-12,3.0,5.0,7.0,8.0,8.0,10.0,11.0,13.0,14.0,15.0,17.0,20.0,26.0,inferred
Perth and Kinross,2021-05-13,2.0,4.0,6.0,7.0,8.0,9.0,11.0,12.0,14.0,15.0,16.0,19.0,25.5,inferred
Perth and Kinross,2021-05-14,3.0,6.0,7.8,8.0,9.0,11.0,12.0,14.0,16.0,17.0,18.0,22.0,28.0,inferred
Perth and Kinross,2021-05-15,3.0,5.0,7.0,8.0,9.0,11.0,12.0,14.0,16.0,17.0,18.0,22.0,28.0,inferred
Perth and Kinross,2021-05-16,3.0,5.0,7.0,7.0,8.0,10.0,11.0,13.0,15.0,16.0,17.0,21.0,27.0,inferred
Perth and Kinross,2021-05-17,2.0,4.0,6.0,6.0,7.0,8.0,10.0,11.0,13.0,14.0,15.0,19.0,24.0,inferred
Perth and Kinross,2021-05-18,3.0,5.0,7.0,8.0,8.0,10.0,11.0,13.0,15.0,16.0,17.0,20.0,26.0,inferred
Perth and Kinross,2021-05-19,6.0,9.0,12.0,13.0,13.0,16.0,17.0,19.0,21.0,22.0,24.0,28.0,35.0,inferred
Perth and Kinross,2021-05-20,6.0,9.0,12.0,13.0,14.0,16.0,18.0,20.0,22.0,23.0,24.0,28.0,35.0,inferred
Perth and Kinross,2021-05-21,7.5,12.0,15.0,16.0,17.0,19.0,21.0,23.0,26.0,27.0,28.0,33.0,42.0,inferred
Perth and Kinross,2021-05-22,9.0,12.0,15.0,16.0,17.0,19.0,21.0,24.0,26.0,28.0,29.0,33.0,40.0,inferred
Perth and Kinross,2021-05-23,8.0,11.0,14.0,15.0,16.0,18.0,20.0,23.0,25.0,26.0,28.0,32.0,40.0,inferred
Perth and Kinross,2021-05-24,6.0,10.0,12.0,13.0,14.0,16.0,18.0,20.0,22.0,23.0,25.0,29.0,38.0,inferred
Perth and Kinross,2021-05-25,9.0,13.0,16.0,17.0,18.0,21.0,23.0,25.0,27.0,28.0,30.0,34.1,43.0,inferred
Perth and Kinross,2021-05-26,16.0,21.0,26.0,27.0,29.0,32.0,34.0,37.0,40.0,42.0,44.0,50.0,58.5,inferred
Perth and Kinross,2021-05-27,18.0,23.0,27.0,29.0,31.0,34.0,36.0,39.0,42.0,44.0,46.0,52.0,61.0,inferred
Perth and Kinross,2021-05-28,22.0,29.0,33.0,35.0,37.0,40.0,43.0,46.0,49.0,51.0,54.0,59.1,70.0,inferred
Perth and Kinross,2021-05-29,25.0,30.0,35.0,36.0,38.0,42.0,45.0,48.0,51.0,53.0,55.2,62.0,75.0,inferred
Perth and Kinross,2021-05-30,23.0,29.0,34.0,36.0,38.0,40.0,43.0,46.0,50.0,51.0,53.2,59.0,68.5,inferred
Perth and Kinross,2021-05-31,21.0,27.0,31.0,33.0,35.0,38.0,41.0,44.0,47.0,49.0,51.0,57.0,67.0,inferred
Perth and Kinross,2021-06-01,28.0,35.0,40.0,42.0,43.0,46.0,49.0,52.4,56.0,58.0,61.0,68.0,78.0,inferred
Perth and Kinross,2021-06-02,46.0,55.0,61.0,64.0,66.0,71.0,75.0,78.0,83.0,86.0,88.0,97.0,109.0,inferred
Perth and Kinross,2021-06-03,51.0,59.0,65.0,68.0,70.0,75.0,79.0,83.0,88.0,91.0,94.0,101.0,113.0,inferred
Perth and Kinross,2021-06-04,63.0,73.0,80.0,83.0,85.0,89.6,94.0,98.0,103.0,106.0,109.0,118.1,134.0,inferred
Perth and Kinross,2021-06-05,66.0,76.0,84.0,87.0,89.0,94.0,99.0,103.0,108.0,111.0,114.0,125.1,142.0,inferred
Perth and Kinross,2021-06-06,61.0,73.0,80.0,83.0,85.7,90.0,95.0,100.0,105.0,108.0,111.0,119.0,133.0,inferred
Perth and Kinross,2021-06-07,59.0,68.0,75.0,77.0,79.0,83.6,88.0,92.0,97.0,100.0,103.0,112.0,127.5,inferred
Perth and Kinross,2021-06-08,68.0,79.0,85.0,88.0,91.0,96.0,101.0,106.0,111.0,114.0,117.0,127.0,142.0,inferred
Perth and Kinross,2021-06-09,99.0,111.0,120.0,123.8,127.0,133.0,138.0,144.0,151.0,154.0,158.0,168.0,185.0,inferred
Perth and Kinross,2021-06-10,92.0,104.0,114.0,117.0,120.0,126.0,131.0,136.0,141.0,145.0,148.0,158.1,177.0,inferred
Perth and Kinross,2021-06-11,95.0,111.0,121.0,124.0,127.0,133.0,138.0,144.0,150.0,153.0,156.0,167.0,186.0,inferred
Perth and Kinross,2021-06-12,92.5,104.0,114.0,117.0,120.0,126.0,130.0,136.0,143.0,146.0,150.0,160.0,178.0,inferred
Perth and Kinross,2021-06-13,78.0,89.0,97.0,100.0,103.0,108.0,113.0,118.0,124.0,128.0,131.0,141.1,157.0,inferred
Perth and Kinross,2021-06-14,62.0,73.0,80.0,83.0,86.0,91.0,96.0,100.0,105.0,108.0,110.0,119.0,134.5,inferred
Perth and Kinross,2021-06-15,69.0,80.0,87.0,90.0,93.0,97.0,102.0,107.0,112.0,116.0,119.0,127.0,144.0,inferred
Perth and Kinross,2021-06-16,92.0,106.0,116.0,119.0,122.0,128.0,133.0,139.0,145.0,148.0,152.2,162.0,180.0,inferred
Perth and Kinross,2021-06-17,87.0,95.0,104.0,107.0,109.0,115.0,121.0,126.0,132.0,135.0,140.0,149.0,165.0,inferred
Perth and Kinross,2021-06-18,81.0,95.0,105.0,108.0,112.0,118.0,123.0,129.0,135.0,139.0,143.0,154.0,172.0,inferred
Peterborough,2021-03-06,18.0,21.0,24.0,25.0,26.0,27.0,29.0,31.0,33.0,34.0,35.0,39.0,44.0,inferred
Peterborough,2021-03-07,21.0,25.0,28.0,29.8,31.0,33.0,35.0,36.0,38.0,39.0,41.0,45.0,50.0,inferred
Peterborough,2021-03-08,28.0,32.0,36.0,37.0,38.0,40.0,42.0,44.0,47.0,48.0,50.0,53.0,59.0,inferred
Peterborough,2021-03-09,26.0,31.0,34.0,36.0,37.0,39.0,41.0,43.0,45.0,46.0,48.0,52.0,60.0,inferred
Peterborough,2021-03-10,29.0,33.0,36.0,38.0,39.0,41.0,43.0,45.0,48.0,49.0,51.0,54.0,61.0,inferred
Peterborough,2021-03-11,26.0,30.0,33.0,34.0,36.0,38.0,40.0,42.0,44.0,45.0,47.0,50.0,56.0,inferred
Peterborough,2021-03-12,22.0,26.0,30.0,31.0,32.0,34.0,36.0,38.0,40.0,41.0,43.0,47.0,53.0,inferred
Peterborough,2021-03-13,16.0,20.0,23.0,24.0,25.0,27.0,29.0,30.0,32.0,33.0,34.0,37.0,43.0,inferred
Peterborough,2021-03-14,21.0,25.0,28.0,29.0,30.0,32.0,34.0,36.0,38.0,39.0,40.0,44.0,50.0,inferred
Peterborough,2021-03-15,26.0,31.0,34.0,35.0,37.0,39.0,41.0,43.0,46.0,47.0,48.0,52.0,58.0,inferred
Peterborough,2021-03-16,24.0,29.0,33.0,34.0,35.0,37.0,39.0,41.0,43.0,45.0,46.2,51.0,58.0,inferred
Peterborough,2021-03-17,25.0,31.0,34.0,35.0,36.0,38.0,41.0,43.0,45.0,46.0,48.0,52.0,59.0,inferred
Peterborough,2021-03-18,22.0,26.0,30.0,31.0,32.0,34.0,36.0,38.0,40.0,42.0,43.0,47.0,52.5,inferred
Peterborough,2021-03-19,19.0,23.0,26.0,27.0,28.0,30.0,32.0,34.0,36.0,37.0,38.0,41.1,48.0,inferred
Peterborough,2021-03-20,14.0,18.0,20.0,21.0,22.0,23.0,25.0,27.0,28.3,30.0,31.0,34.0,40.0,inferred
Peterborough,2021-03-21,16.0,20.0,23.0,24.0,25.0,26.0,28.0,30.0,32.0,33.0,35.0,38.0,43.0,inferred
Peterborough,2021-03-22,21.0,26.0,28.0,29.0,30.0,32.6,34.0,36.0,39.0,40.0,41.0,45.0,51.0,inferred
Peterborough,2021-03-23,19.0,23.0,26.0,27.0,28.0,31.0,33.0,34.0,37.0,38.0,40.0,43.0,50.0,inferred
Peterborough,2021-03-24,20.0,24.0,27.0,28.0,29.0,31.0,33.0,35.0,37.0,38.0,40.0,44.0,50.0,inferred
Peterborough,2021-03-25,17.0,21.0,23.0,24.0,25.0,27.0,29.0,31.0,33.0,34.0,35.0,38.0,44.0,inferred
Peterborough,2021-03-26,14.0,17.0,20.0,21.0,22.0,23.0,25.0,27.0,29.0,30.0,31.0,34.0,39.5,inferred
Peterborough,2021-03-27,10.0,13.0,15.0,16.0,16.0,18.0,19.0,21.0,23.0,23.0,24.0,28.0,32.0,inferred
Peterborough,2021-03-28,12.0,15.0,17.0,18.0,19.0,20.0,21.0,23.0,25.0,26.0,27.0,30.0,34.0,inferred
Peterborough,2021-03-29,14.0,18.0,20.0,21.0,22.0,24.0,26.0,27.0,29.3,31.0,32.0,35.0,40.0,inferred
Peterborough,2021-03-30,14.0,17.0,19.0,20.0,21.0,22.0,24.0,26.0,27.0,28.0,29.0,33.0,38.0,inferred
Peterborough,2021-03-31,13.0,17.0,19.0,20.0,21.0,23.0,24.0,26.0,28.0,29.0,30.0,34.0,39.0,inferred
Peterborough,2021-04-01,11.5,15.0,17.0,18.0,19.0,20.0,22.0,24.0,25.0,26.0,28.0,30.0,35.0,inferred
Peterborough,2021-04-02,9.5,12.0,15.0,16.0,17.0,18.0,19.0,21.0,22.0,23.0,24.0,27.0,32.0,inferred
Peterborough,2021-04-03,7.0,9.0,11.0,12.0,13.0,14.0,15.0,17.0,18.0,19.0,20.0,23.0,26.0,inferred
Peterborough,2021-04-04,9.0,11.9,13.0,14.0,15.0,16.0,18.0,19.0,21.0,21.0,22.0,25.0,30.0,inferred
Peterborough,2021-04-05,11.0,14.0,17.0,17.0,18.0,20.0,21.0,23.0,24.0,25.0,26.0,29.0,34.0,inferred
Peterborough,2021-04-06,10.0,13.0,15.0,16.0,17.0,19.0,20.0,22.0,23.0,24.0,25.0,28.0,33.0,inferred
Peterborough,2021-04-07,11.0,14.0,16.0,17.0,18.0,19.0,21.0,22.0,24.0,25.0,26.0,29.0,34.0,inferred
Peterborough,2021-04-08,9.0,12.0,15.0,15.8,16.0,18.0,19.0,21.0,22.0,23.0,24.0,27.0,32.0,inferred
Peterborough,2021-04-09,8.0,11.0,12.0,13.0,14.0,15.0,16.0,18.0,19.0,20.0,21.0,24.0,28.0,inferred
Peterborough,2021-04-10,6.0,8.0,10.0,10.0,11.0,12.0,13.0,14.0,15.0,16.0,17.0,20.0,23.0,inferred
Peterborough,2021-04-11,7.0,9.9,11.0,12.0,13.0,14.0,15.0,16.0,17.0,18.0,19.0,22.0,26.0,inferred
Peterborough,2021-04-12,9.0,11.0,14.0,14.0,15.0,16.0,18.0,19.0,21.0,22.0,23.0,25.0,30.0,inferred
Peterborough,2021-04-13,8.0,10.9,12.0,13.0,14.0,15.0,17.0,18.0,19.0,20.0,21.0,24.0,28.0,inferred
Peterborough,2021-04-14,8.0,11.0,13.0,14.0,14.0,16.0,17.0,19.0,20.0,21.0,22.0,25.0,29.5,inferred
Peterborough,2021-04-15,7.0,10.0,11.0,12.0,13.0,14.0,15.0,17.0,18.0,19.0,20.0,22.0,27.0,inferred
Peterborough,2021-04-16,6.0,8.0,10.0,10.0,11.0,13.0,14.0,15.0,16.0,17.0,17.0,20.0,24.0,inferred
Peterborough,2021-04-17,4.0,6.0,7.0,8.0,9.0,10.0,11.0,12.0,13.0,14.0,15.0,17.0,20.0,inferred
Peterborough,2021-04-18,5.0,7.0,9.0,10.0,10.0,11.0,12.0,13.0,15.0,15.0,16.0,19.0,23.0,inferred
Peterborough,2021-04-19,6.0,9.0,11.0,12.0,13.0,14.0,15.0,16.0,18.0,18.0,19.0,22.0,26.0,inferred
Peterborough,2021-04-20,6.0,9.0,10.8,11.0,12.0,13.0,14.0,15.0,17.0,18.0,18.0,21.0,25.0,inferred
Peterborough,2021-04-21,6.0,9.0,11.0,12.0,12.0,14.0,15.0,16.0,18.0,19.0,20.0,22.0,26.0,inferred
Peterborough,2021-04-22,6.0,8.0,10.0,11.0,12.0,13.0,14.0,15.0,16.0,17.0,18.0,20.0,24.5,inferred
Peterborough,2021-04-23,5.0,7.0,9.0,9.0,10.0,11.0,12.0,13.0,14.0,15.0,16.0,18.0,22.0,inferred
Peterborough,2021-04-24,3.0,5.0,7.0,7.0,8.0,9.0,10.0,11.0,12.0,12.0,13.0,15.0,19.0,inferred
Peterborough,2021-04-25,4.0,6.0,8.0,8.0,9.0,10.0,11.0,12.0,14.0,14.0,15.0,17.0,21.0,inferred
Peterborough,2021-04-26,5.5,8.0,10.0,10.0,11.0,12.0,13.0,15.0,16.0,17.0,18.0,21.0,25.0,inferred
Peterborough,2021-04-27,5.0,7.0,9.0,10.0,10.0,11.0,13.0,14.0,15.0,16.0,17.0,19.0,23.0,inferred
Peterborough,2021-04-28,5.5,8.0,10.0,10.0,11.0,12.0,13.0,14.0,16.0,16.0,17.0,19.0,24.0,inferred
Peterborough,2021-04-29,4.0,7.0,9.0,9.0,10.0,11.0,12.0,13.0,15.0,15.0,16.0,18.0,22.0,inferred
Peterborough,2021-04-30,3.5,6.0,7.0,8.0,8.0,9.0,10.0,11.0,13.0,13.0,14.0,16.0,20.0,inferred
Peterborough,2021-05-01,2.0,4.0,5.0,6.0,6.0,7.0,8.0,9.0,10.0,11.0,11.0,13.0,17.0,inferred
Peterborough,2021-05-02,3.0,5.0,6.0,7.0,7.0,8.0,9.0,10.0,11.0,12.0,13.0,15.0,18.5,inferred
Peterborough,2021-05-03,4.0,6.0,8.0,8.0,9.0,10.0,11.0,12.0,14.0,14.0,15.0,17.0,21.0,inferred
Peterborough,2021-05-04,4.0,6.0,7.0,8.0,8.0,9.0,10.0,11.0,13.0,13.0,14.0,16.0,20.0,inferred
Peterborough,2021-05-05,4.0,6.0,7.0,8.0,9.0,10.0,11.0,12.0,13.0,14.0,14.0,16.0,20.0,inferred
Peterborough,2021-05-06,3.0,5.0,6.0,7.0,7.7,8.0,10.0,11.0,12.0,13.0,13.0,15.0,19.0,inferred
Peterborough,2021-05-07,2.0,4.0,5.0,6.0,6.0,7.0,8.0,9.0,10.0,11.0,12.0,14.0,17.0,inferred
Peterborough,2021-05-08,1.0,3.0,4.0,5.0,5.0,6.0,7.0,7.0,8.0,9.0,10.0,11.0,14.0,inferred
Peterborough,2021-05-09,2.0,3.0,5.0,5.0,6.0,7.0,7.0,8.0,9.0,10.0,11.0,12.1,16.0,inferred
Peterborough,2021-05-10,3.0,5.0,6.0,7.0,7.0,8.0,9.0,10.0,11.0,12.0,13.0,15.0,18.5,inferred
Peterborough,2021-05-11,2.0,4.0,5.0,6.0,6.0,7.0,8.0,9.0,10.0,11.0,12.0,14.0,17.0,inferred
Peterborough,2021-05-12,3.0,5.0,6.0,6.0,7.0,8.0,9.0,10.0,11.0,11.0,12.0,14.0,18.0,inferred
Peterborough,2021-05-13,2.0,4.0,5.0,5.0,6.0,7.0,8.0,9.0,10.0,10.0,11.0,13.0,16.0,inferred
Peterborough,2021-05-14,2.0,3.0,4.0,5.0,5.0,6.0,7.0,8.0,8.0,9.0,10.0,11.0,15.0,inferred
Peterborough,2021-05-15,1.0,2.0,3.0,3.0,4.0,5.0,5.0,6.0,7.0,8.0,8.0,10.0,12.0,inferred
Peterborough,2021-05-16,1.0,3.0,4.0,4.0,5.0,5.0,6.0,7.0,8.0,8.0,9.0,11.0,14.0,inferred
Peterborough,2021-05-17,2.0,4.0,5.0,5.0,6.0,7.0,7.0,8.0,9.0,10.0,11.0,13.0,16.0,inferred
Peterborough,2021-05-18,2.0,3.0,5.0,5.0,5.0,6.0,7.0,8.0,9.0,10.0,10.0,12.0,15.0,inferred
Peterborough,2021-05-19,2.0,3.0,4.0,5.0,5.0,6.0,7.0,8.0,9.0,10.0,10.0,13.0,16.0,inferred
Peterborough,2021-05-20,2.0,3.0,4.0,5.0,5.0,6.0,7.0,8.0,9.0,9.0,10.0,12.0,15.0,inferred
Peterborough,2021-05-21,1.0,2.0,3.0,4.0,4.0,5.0,6.0,6.0,7.0,8.0,9.0,10.0,13.0,inferred
Peterborough,2021-05-22,0.0,2.0,2.0,3.0,3.0,4.0,4.0,5.0,6.0,6.0,7.0,8.1,11.0,inferred
Peterborough,2021-05-23,1.0,2.0,3.0,3.0,4.0,4.0,5.0,6.0,7.0,7.0,8.0,10.0,12.0,inferred
Peterborough,2021-05-24,1.0,3.0,4.0,4.0,4.0,5.0,6.0,7.0,8.0,8.0,9.0,11.0,14.0,inferred
Peterborough,2021-05-25,1.0,2.0,4.0,4.0,4.0,5.0,6.0,7.0,8.0,8.0,9.0,11.0,13.0,inferred
Peterborough,2021-05-26,1.0,3.0,4.0,4.0,5.0,5.0,6.0,7.0,8.0,8.0,9.0,11.0,14.0,inferred
Peterborough,2021-05-27,1.0,2.0,3.0,4.0,4.0,5.0,5.0,6.0,7.0,8.0,8.0,10.0,13.0,inferred
Peterborough,2021-05-28,1.0,2.0,3.0,3.0,3.0,4.0,5.0,6.0,7.0,7.0,8.0,9.0,12.0,inferred
Peterborough,2021-05-29,0.0,1.0,2.0,2.0,3.0,3.0,4.0,5.0,5.0,6.0,6.0,8.0,10.0,inferred
Peterborough,2021-05-30,0.0,2.0,2.0,3.0,3.0,4.0,5.0,5.0,6.0,7.0,7.0,9.0,12.0,inferred
Peterborough,2021-05-31,1.0,3.0,4.0,4.0,4.0,5.0,6.0,7.0,8.0,8.0,9.0,10.0,13.0,inferred
Peterborough,2021-06-01,1.0,3.0,4.0,4.0,4.0,5.0,6.0,7.0,8.0,8.0,9.0,10.1,14.0,inferred
Peterborough,2021-06-02,1.0,3.0,4.0,4.0,5.0,6.0,6.0,7.0,8.0,9.0,10.0,12.0,15.0,inferred
Peterborough,2021-06-03,1.0,3.0,4.0,4.0,5.0,5.0,6.0,7.0,8.0,9.0,9.0,11.0,14.5,inferred
Peterborough,2021-06-04,1.0,2.0,3.0,4.0,4.0,5.0,6.0,6.0,7.3,8.0,9.0,10.0,14.0,inferred
Peterborough,2021-06-05,0.0,2.0,3.0,3.0,3.0,4.0,5.0,5.0,6.0,7.0,8.0,9.0,12.0,inferred
Peterborough,2021-06-06,1.0,2.0,3.0,4.0,4.0,5.0,6.0,7.0,8.0,8.0,9.0,11.0,14.0,inferred
Peterborough,2021-06-07,2.0,4.0,5.0,5.0,6.0,7.0,7.0,8.0,9.0,10.0,11.0,12.0,15.0,inferred
Peterborough,2021-06-08,2.0,4.0,5.0,5.0,6.0,7.0,7.0,8.0,10.0,10.0,11.0,12.0,15.0,inferred
Peterborough,2021-06-09,2.0,4.0,6.0,6.0,7.0,8.0,9.0,10.0,11.0,11.0,12.0,14.0,16.5,inferred
Peterborough,2021-06-10,2.0,4.0,5.0,6.0,6.0,7.0,8.0,9.0,10.0,11.0,12.0,14.0,17.0,inferred
Peterborough,2021-06-11,2.0,4.0,5.0,5.0,6.0,7.0,8.0,9.0,10.0,10.0,11.0,13.0,16.0,inferred
Peterborough,2021-06-12,2.0,3.0,4.0,5.0,5.0,6.0,7.0,7.0,8.0,9.0,10.0,11.0,14.0,inferred
Peterborough,2021-06-13,2.0,4.0,5.0,6.0,6.0,7.0,8.0,9.0,10.0,11.0,11.0,13.0,17.0,inferred
Peterborough,2021-06-14,4.0,6.0,7.0,8.0,8.0,9.0,10.0,12.0,13.0,13.0,14.0,16.0,20.0,inferred
Peterborough,2021-06-15,3.0,6.0,7.0,8.0,8.0,9.0,10.0,11.0,13.0,13.0,14.0,17.0,20.0,inferred
Peterborough,2021-06-16,4.0,6.0,8.0,8.0,9.0,10.0,11.0,12.0,14.0,15.0,15.2,18.0,22.0,inferred
Peterborough,2021-06-17,4.0,6.0,7.0,8.0,8.0,10.0,11.0,12.0,13.0,14.0,15.0,17.0,21.0,inferred
Peterborough,2021-06-18,3.0,5.0,6.0,7.0,7.0,8.0,10.0,11.0,12.0,13.0,14.0,16.1,20.5,inferred
Plymouth,2021-03-06,2.0,3.0,4.0,5.0,5.0,6.0,7.0,8.0,9.0,9.0,10.0,12.0,15.0,inferred
Plymouth,2021-03-07,3.0,5.0,7.0,7.0,8.0,9.0,10.0,11.0,12.0,12.0,13.0,15.0,18.0,inferred
Plymouth,2021-03-08,5.0,7.0,9.0,9.0,10.0,11.0,12.0,13.0,14.0,15.0,16.0,18.0,22.0,inferred
Plymouth,2021-03-09,4.0,6.0,7.0,8.0,8.0,9.0,10.0,11.0,12.0,13.0,14.0,16.0,20.0,inferred
Plymouth,2021-03-10,6.0,8.0,9.0,10.0,11.0,12.0,13.0,14.0,15.0,16.0,17.0,19.0,23.0,inferred
Plymouth,2021-03-11,5.0,7.0,9.0,9.0,10.0,11.0,12.0,13.0,15.0,15.0,16.0,18.0,22.0,inferred
Plymouth,2021-03-12,4.0,6.0,7.0,8.0,9.0,10.0,10.0,11.0,13.0,13.0,14.0,16.0,20.0,inferred
Plymouth,2021-03-13,3.0,4.0,6.0,6.0,7.0,7.0,8.0,9.0,10.0,11.0,12.0,14.0,18.0,inferred
Plymouth,2021-03-14,5.0,7.0,8.0,9.0,9.0,10.0,12.0,13.0,14.0,15.0,16.0,18.0,22.0,inferred
Plymouth,2021-03-15,7.0,9.9,11.0,12.0,12.0,14.0,15.0,16.0,18.0,19.0,19.0,22.0,26.0,inferred
Plymouth,2021-03-16,6.0,8.0,10.0,10.0,11.0,12.0,13.0,15.0,16.0,17.0,18.0,20.0,24.0,inferred
Plymouth,2021-03-17,7.0,10.0,12.0,13.0,13.0,15.0,16.0,17.0,19.0,20.0,20.0,23.0,28.0,inferred
Plymouth,2021-03-18,7.0,9.0,11.0,12.0,13.0,14.0,15.0,16.0,18.0,19.0,20.0,22.0,26.0,inferred
Plymouth,2021-03-19,5.0,8.0,9.0,10.0,10.0,12.0,13.0,14.0,15.0,16.0,17.0,19.0,23.0,inferred
Plymouth,2021-03-20,3.0,5.0,7.0,7.0,8.0,9.0,10.0,11.0,12.0,12.0,13.0,15.0,19.0,inferred
Plymouth,2021-03-21,6.0,8.0,10.0,11.0,11.0,12.0,14.0,15.0,16.0,17.0,18.0,20.0,24.0,inferred
Plymouth,2021-03-22,7.0,10.0,13.0,14.0,14.0,16.0,17.0,19.0,20.0,21.0,22.0,25.0,29.0,inferred
Plymouth,2021-03-23,6.0,9.0,10.0,11.0,12.0,13.0,14.0,15.0,17.0,18.0,19.0,21.0,25.0,inferred
Plymouth,2021-03-24,7.0,10.0,12.0,12.0,13.0,14.0,16.0,17.0,19.0,20.0,21.0,23.0,27.0,inferred
Plymouth,2021-03-25,6.0,8.0,10.0,10.0,11.0,12.0,13.0,15.0,16.0,17.0,18.0,21.0,24.0,inferred
Plymouth,2021-03-26,4.0,6.0,7.0,8.0,8.0,9.0,11.0,12.0,13.0,13.0,14.0,16.0,21.0,inferred
Plymouth,2021-03-27,2.0,3.0,5.0,5.0,5.0,6.0,7.0,8.0,9.0,10.0,10.0,12.0,15.0,inferred
Plymouth,2021-03-28,3.0,5.0,6.0,7.0,7.0,8.0,9.0,10.0,11.0,12.0,13.0,15.0,18.0,inferred
Plymouth,2021-03-29,4.0,6.0,7.0,8.0,8.0,9.0,10.0,11.0,12.0,13.0,14.0,16.0,20.0,inferred
Plymouth,2021-03-30,2.0,4.0,5.0,6.0,6.0,7.0,8.0,9.0,10.0,11.0,11.0,13.0,16.5,inferred
Plymouth,2021-03-31,3.0,5.0,6.0,6.0,7.0,8.0,9.0,10.0,11.0,11.0,12.0,14.0,18.0,inferred
Plymouth,2021-04-01,2.0,3.0,5.0,5.0,5.0,6.0,7.0,8.0,9.0,10.0,10.0,13.0,16.0,inferred
Plymouth,2021-04-02,1.0,2.0,3.0,4.0,4.0,5.0,6.0,6.0,7.0,8.0,8.0,10.0,13.0,inferred
Plymouth,2021-04-03,0.0,1.0,2.0,2.0,3.0,3.0,4.0,4.0,5.0,6.0,6.0,8.0,10.0,inferred
Plymouth,2021-04-04,1.0,2.0,3.0,3.0,3.0,4.0,5.0,5.0,6.0,7.0,7.0,9.0,12.0,inferred
Plymouth,2021-04-05,1.0,2.0,3.0,4.0,4.0,5.0,5.0,6.0,7.0,8.0,8.0,10.0,13.0,inferred
Plymouth,2021-04-06,0.0,2.0,2.0,3.0,3.0,4.0,4.0,5.0,6.0,6.0,7.0,8.0,11.0,inferred
Plymouth,2021-04-07,1.0,2.0,3.0,3.0,4.0,4.0,5.0,5.0,6.0,7.0,8.0,9.0,12.0,inferred
Plymouth,2021-04-08,1.0,1.0,2.0,3.0,3.0,4.0,4.0,5.0,6.0,6.0,7.0,8.0,11.0,inferred
Plymouth,2021-04-09,0.0,1.0,2.0,2.0,2.0,3.0,3.0,4.0,5.0,5.0,6.0,7.0,10.0,inferred
Plymouth,2021-04-10,0.0,0.0,1.0,1.0,1.0,2.0,2.0,3.0,3.0,4.0,4.0,5.0,8.0,inferred
Plymouth,2021-04-11,0.0,1.0,1.0,2.0,2.0,3.0,3.0,4.0,4.0,5.0,5.0,7.0,9.0,inferred
Plymouth,2021-04-12,0.0,1.0,2.0,2.0,3.0,3.0,4.0,4.0,5.0,6.0,6.0,7.0,10.0,inferred
Plymouth,2021-04-13,0.0,1.0,1.0,2.0,2.0,3.0,3.0,4.0,5.0,5.0,6.0,7.0,9.0,inferred
Plymouth,2021-04-14,0.0,1.0,2.0,2.0,3.0,3.0,4.0,5.0,6.0,6.0,7.0,8.0,11.0,inferred
Plymouth,2021-04-15,0.0,1.0,2.0,2.0,2.0,3.0,4.0,4.0,5.0,6.0,6.0,8.0,10.0,inferred
Plymouth,2021-04-16,0.0,1.0,2.0,2.0,2.0,3.0,3.0,4.0,5.0,5.0,5.0,7.0,9.0,inferred
Plymouth,2021-04-17,0.0,0.0,1.0,1.0,1.7,2.0,2.0,3.0,4.0,4.0,4.0,6.0,8.0,inferred
Plymouth,2021-04-18,0.0,1.0,2.0,2.0,2.0,3.0,4.0,4.0,5.0,5.0,6.0,7.0,10.0,inferred
Plymouth,2021-04-19,0.0,2.0,3.0,3.0,3.0,4.0,5.0,6.0,6.0,7.0,7.0,9.0,12.0,inferred
Plymouth,2021-04-20,0.0,1.0,2.0,3.0,3.0,4.0,4.0,5.0,6.0,6.0,7.0,8.0,11.0,inferred
Plymouth,2021-04-21,1.0,2.0,3.0,3.0,4.0,4.0,5.0,6.0,7.0,8.0,8.0,10.0,13.0,inferred
Plymouth,2021-04-22,1.0,2.0,3.0,3.0,4.0,4.0,5.0,6.0,7.0,7.0,8.0,9.0,12.0,inferred
Plymouth,2021-04-23,1.0,2.0,3.0,3.0,3.0,4.0,5.0,5.0,6.0,6.0,7.0,9.0,11.0,inferred
Plymouth,2021-04-24,0.0,1.0,2.0,2.0,2.0,3.0,3.0,4.0,5.0,5.0,6.0,7.0,9.5,inferred
Plymouth,2021-04-25,1.0,2.0,3.0,3.0,3.0,4.0,5.0,6.0,7.0,7.0,8.0,9.0,12.0,inferred
Plymouth,2021-04-26,1.0,3.0,4.0,4.0,5.0,6.0,7.0,7.0,8.0,9.0,10.0,12.0,15.0,inferred
Plymouth,2021-04-27,1.0,2.0,3.0,4.0,4.0,5.0,6.0,6.0,7.0,8.0,9.0,11.0,13.0,inferred
Plymouth,2021-04-28,2.0,3.0,4.0,5.0,5.0,6.0,7.0,8.0,9.0,10.0,10.0,12.0,15.5,inferred
Plymouth,2021-04-29,2.0,3.0,4.0,5.0,5.0,6.0,7.0,7.0,8.0,9.0,10.0,12.0,15.0,inferred
Plymouth,2021-04-30,1.0,2.0,3.0,4.0,4.0,5.0,5.0,6.0,7.0,8.0,8.0,10.0,13.0,inferred
Plymouth,2021-05-01,0.0,1.0,2.0,3.0,3.0,4.0,4.0,5.0,6.0,6.0,7.0,9.0,11.0,inferred
Plymouth,2021-05-02,1.0,3.0,4.0,4.0,5.0,5.0,6.0,7.0,8.0,9.0,9.0,11.0,14.0,inferred
Plymouth,2021-05-03,2.0,4.0,5.0,6.0,6.0,7.0,8.0,9.0,10.0,11.0,11.0,13.0,17.0,inferred
Plymouth,2021-05-04,2.0,3.0,4.0,5.0,5.0,6.0,7.0,8.0,9.0,9.0,10.0,12.0,15.0,inferred
Plymouth,2021-05-05,2.0,4.0,5.0,5.0,6.0,7.0,8.0,9.0,10.0,10.0,11.0,13.0,16.0,inferred
Plymouth,2021-05-06,2.0,3.0,4.0,5.0,5.0,6.0,7.0,8.0,9.0,10.0,10.0,12.0,16.0,inferred
Plymouth,2021-05-07,1.0,2.0,3.0,4.0,4.0,5.0,6.0,6.0,7.0,8.0,8.0,10.0,14.0,inferred
Plymouth,2021-05-08,1.0,1.0,2.0,2.0,3.0,3.0,4.0,5.0,5.0,6.0,7.0,8.0,11.0,inferred
Plymouth,2021-05-09,1.0,2.0,3.0,3.0,4.0,5.0,5.0,6.0,7.0,8.0,8.0,10.0,13.0,inferred
Plymouth,2021-05-10,2.0,3.0,4.0,5.0,5.0,6.0,7.0,7.0,8.0,9.0,10.0,11.0,15.0,inferred
Plymouth,2021-05-11,1.0,2.0,3.0,3.0,4.0,4.0,5.0,6.0,7.0,7.0,8.0,9.0,13.0,inferred
Plymouth,2021-05-12,1.0,2.0,3.0,4.0,4.0,5.0,6.0,7.0,7.0,8.0,9.0,11.0,14.0,inferred
Plymouth,2021-05-13,1.0,2.0,3.0,3.0,4.0,4.0,5.0,6.0,7.0,7.0,8.0,10.0,12.0,inferred
Plymouth,2021-05-14,0.0,1.0,2.0,3.0,3.0,3.0,4.0,5.0,5.0,6.0,6.0,8.0,11.0,inferred
Plymouth,2021-05-15,0.0,1.0,1.0,1.0,2.0,2.0,3.0,3.0,4.0,4.0,5.0,6.0,8.5,inferred
Plymouth,2021-05-16,0.0,1.0,2.0,2.0,2.0,3.0,4.0,4.0,5.0,5.0,6.0,8.0,10.0,inferred
Plymouth,2021-05-17,1.0,2.0,2.0,3.0,3.0,4.0,4.0,5.0,6.0,7.0,7.0,9.0,11.0,inferred
Plymouth,2021-05-18,0.0,1.0,2.0,2.0,2.0,3.0,4.0,4.0,5.0,6.0,6.0,8.0,10.0,inferred
Plymouth,2021-05-19,0.0,1.0,2.0,3.0,3.0,4.0,4.0,5.0,6.0,6.0,7.0,9.0,12.0,inferred
Plymouth,2021-05-20,0.0,1.0,2.0,2.0,3.0,3.0,4.0,5.0,5.0,6.0,6.0,8.0,10.0,inferred
Plymouth,2021-05-21,0.0,1.0,2.0,2.0,2.0,3.0,3.0,4.0,5.0,5.0,5.0,7.0,10.0,inferred
Plymouth,2021-05-22,0.0,0.0,1.0,1.0,1.0,2.0,2.0,3.0,4.0,4.0,4.0,6.0,8.0,inferred
Plymouth,2021-05-23,0.0,1.0,2.0,2.0,2.0,3.0,3.0,4.0,5.0,5.0,6.0,7.0,9.0,inferred
Plymouth,2021-05-24,0.0,1.0,2.0,3.0,3.0,4.0,4.0,5.0,6.0,6.0,7.0,8.0,11.0,inferred
Plymouth,2021-05-25,0.0,1.0,2.0,2.0,2.0,3.0,4.0,4.0,5.0,6.0,6.0,7.0,10.0,inferred
Plymouth,2021-05-26,1.0,2.0,3.0,3.0,3.0,4.0,5.0,5.0,6.0,7.0,7.0,9.0,12.0,inferred
Plymouth,2021-05-27,1.0,2.0,3.0,3.0,3.0,4.0,5.0,5.0,6.0,7.0,7.0,9.0,11.0,inferred
Plymouth,2021-05-28,0.0,1.0,2.0,2.0,3.0,3.0,4.0,5.0,6.0,6.0,7.0,8.0,11.0,inferred
Plymouth,2021-05-29,0.0,1.0,2.0,2.0,2.0,3.0,3.0,4.0,4.0,5.0,5.0,7.0,10.0,inferred
Plymouth,2021-05-30,1.0,2.0,2.0,3.0,3.0,4.0,5.0,5.0,6.0,7.0,7.0,9.0,12.0,inferred
Plymouth,2021-05-31,1.0,3.0,4.0,4.0,4.0,5.0,6.0,7.0,8.0,8.0,9.0,11.0,14.0,inferred
Plymouth,2021-06-01,1.0,2.0,3.0,4.0,4.0,5.0,6.0,6.0,7.0,8.0,8.0,10.0,12.0,inferred
Plymouth,2021-06-02,2.0,3.0,5.0,5.0,6.0,7.0,7.0,8.0,9.0,10.0,11.0,13.0,16.0,inferred
Plymouth,2021-06-03,2.0,4.0,5.0,6.0,6.0,7.0,8.0,9.0,10.0,10.0,11.0,13.0,16.0,inferred
Plymouth,2021-06-04,2.0,3.0,4.0,5.0,5.0,6.0,7.0,8.0,9.0,10.0,10.0,12.0,15.0,inferred
Plymouth,2021-06-05,1.0,2.0,3.0,4.0,4.0,5.0,6.0,7.0,7.0,8.0,8.0,10.0,13.0,inferred
Plymouth,2021-06-06,3.0,4.0,6.0,6.0,7.0,8.0,9.0,10.0,11.0,11.0,12.0,14.0,17.0,inferred
Plymouth,2021-06-07,4.0,7.0,8.0,9.0,10.0,11.0,12.0,13.0,14.0,15.0,16.0,18.0,22.0,inferred
Plymouth,2021-06-08,4.0,6.0,8.0,8.0,9.0,10.0,11.0,12.0,13.0,14.0,15.0,17.0,21.0,inferred
Plymouth,2021-06-09,6.0,9.0,10.0,11.0,12.0,13.0,14.0,15.0,17.0,18.0,18.0,21.0,25.0,inferred
Plymouth,2021-06-10,7.0,9.0,10.0,11.0,12.0,13.0,14.0,15.0,17.0,18.0,18.0,21.0,25.0,inferred
Plymouth,2021-06-11,5.0,8.0,10.0,10.0,11.0,12.0,13.0,14.0,15.0,16.0,17.0,20.0,23.0,inferred
Plymouth,2021-06-12,4.0,6.0,7.0,8.0,9.0,10.0,11.0,12.0,13.0,14.0,15.0,17.0,21.0,inferred
Plymouth,2021-06-13,7.0,10.0,12.0,13.0,13.0,15.0,16.0,17.0,19.0,19.0,21.0,23.0,28.0,inferred
Plymouth,2021-06-14,11.0,14.0,17.0,18.0,19.0,20.0,22.0,23.0,25.0,26.0,27.0,30.0,35.0,inferred
Plymouth,2021-06-15,11.0,14.0,16.0,17.0,18.0,20.0,21.0,22.0,24.0,25.0,26.0,29.0,34.0,inferred
Plymouth,2021-06-16,14.0,18.0,22.0,23.0,23.0,25.0,27.0,29.0,31.0,32.0,33.0,37.0,43.0,inferred
Plymouth,2021-06-17,15.0,19.0,22.0,23.0,24.0,26.0,28.0,30.0,32.0,33.0,34.0,38.0,44.0,inferred
Plymouth,2021-06-18,13.0,17.0,20.0,21.0,22.0,24.0,26.0,28.0,30.0,31.0,32.0,36.0,42.0,inferred
Portsmouth,2021-03-06,6.0,8.0,10.0,11.0,11.0,12.0,13.0,15.0,16.0,17.0,17.0,19.0,23.0,inferred
Portsmouth,2021-03-07,8.0,10.0,11.8,12.0,13.0,14.0,15.0,16.0,18.0,18.0,19.0,21.1,26.0,inferred
Portsmouth,2021-03-08,10.0,12.0,14.0,15.0,15.0,16.0,18.0,19.0,20.0,21.0,22.0,24.0,28.0,inferred
Portsmouth,2021-03-09,8.0,11.0,13.0,13.0,14.0,15.0,17.0,18.0,19.0,20.0,21.0,23.0,27.0,inferred
Portsmouth,2021-03-10,9.0,11.0,13.0,14.0,14.0,16.0,17.0,18.0,19.3,20.0,21.0,24.0,28.0,inferred
Portsmouth,2021-03-11,8.0,10.0,12.0,13.0,13.0,14.0,16.0,17.0,18.0,19.0,20.0,22.0,25.0,inferred
Portsmouth,2021-03-12,6.0,8.0,9.0,10.0,11.0,12.0,13.0,14.0,15.0,16.0,17.0,19.0,23.0,inferred
Portsmouth,2021-03-13,4.0,6.0,7.0,8.0,8.7,10.0,11.0,12.0,13.0,13.0,14.0,16.0,19.0,inferred
Portsmouth,2021-03-14,5.0,8.0,9.0,10.0,10.0,11.0,12.0,13.0,15.0,15.0,16.0,18.0,22.0,inferred
Portsmouth,2021-03-15,7.0,9.0,11.0,12.0,12.0,14.0,15.0,16.0,17.0,18.0,19.0,21.0,25.0,inferred
Portsmouth,2021-03-16,7.0,9.0,11.0,11.0,12.0,13.0,14.0,15.0,17.0,17.0,18.0,20.0,24.0,inferred
Portsmouth,2021-03-17,7.0,9.0,11.0,12.0,12.0,13.0,15.0,16.0,17.0,18.0,19.0,21.0,25.0,inferred
Portsmouth,2021-03-18,6.0,8.0,10.0,10.0,11.0,12.0,13.0,14.0,16.0,16.0,17.0,20.0,23.0,inferred
Portsmouth,2021-03-19,5.0,7.0,8.0,9.0,9.0,10.0,11.0,12.0,13.0,14.0,15.0,17.0,21.0,inferred
Portsmouth,2021-03-20,3.0,5.0,6.0,7.0,7.0,8.0,9.0,10.0,11.0,11.0,12.0,14.0,18.0,inferred
Portsmouth,2021-03-21,4.0,6.0,7.0,8.0,8.0,10.0,10.0,12.0,13.0,13.0,14.0,16.0,20.0,inferred
Portsmouth,2021-03-22,5.0,7.0,9.0,10.0,10.0,11.0,12.0,14.0,15.0,15.0,16.0,18.0,22.0,inferred
Portsmouth,2021-03-23,5.0,7.0,8.0,9.0,9.0,10.0,11.0,12.0,14.0,14.0,15.0,17.0,21.0,inferred
Portsmouth,2021-03-24,5.0,7.0,8.0,9.0,10.0,11.0,12.0,13.0,14.0,15.0,15.0,18.0,21.0,inferred
Portsmouth,2021-03-25,4.0,6.0,8.0,8.0,8.0,9.0,10.0,11.0,12.0,13.0,14.0,16.0,19.0,inferred
Portsmouth,2021-03-26,3.0,4.0,6.0,6.0,7.0,8.0,8.0,9.0,10.0,11.0,12.0,13.1,16.0,inferred
Portsmouth,2021-03-27,2.0,3.0,4.0,5.0,5.0,6.0,6.0,7.0,8.0,9.0,9.0,11.0,14.0,inferred
Portsmouth,2021-03-28,2.0,4.0,5.0,5.0,6.0,6.0,7.0,8.0,9.0,10.0,10.0,12.0,14.0,inferred
Portsmouth,2021-03-29,3.0,5.0,6.0,6.0,7.0,8.0,8.0,9.0,10.0,11.0,12.0,14.0,16.0,inferred
Portsmouth,2021-03-30,2.0,4.0,5.0,6.0,6.0,7.0,8.0,9.0,10.0,10.0,11.0,13.0,16.0,inferred
Portsmouth,2021-03-31,2.0,4.0,5.0,6.0,6.0,7.0,8.0,9.0,10.0,10.0,11.0,13.0,16.0,inferred
Portsmouth,2021-04-01,2.0,3.0,4.0,5.0,5.0,6.0,7.0,8.0,9.0,9.0,10.0,12.0,15.0,inferred
Portsmouth,2021-04-02,1.0,3.0,4.0,4.0,4.0,5.0,6.0,7.0,7.0,8.0,8.0,10.0,13.0,inferred
Portsmouth,2021-04-03,1.0,2.0,3.0,3.0,3.0,4.0,5.0,5.0,6.0,6.0,7.0,9.0,11.0,inferred
Portsmouth,2021-04-04,1.0,2.0,3.0,3.0,4.0,4.0,5.0,6.0,7.0,7.0,7.2,9.0,12.0,inferred
Portsmouth,2021-04-05,1.0,3.0,4.0,4.0,5.0,5.0,6.0,7.0,8.0,8.0,9.0,10.0,13.0,inferred
Portsmouth,2021-04-06,1.0,3.0,4.0,4.0,4.0,5.0,6.0,6.0,7.0,8.0,8.0,10.0,13.0,inferred
Portsmouth,2021-04-07,1.0,3.0,4.0,4.0,5.0,5.0,6.0,7.0,8.0,8.0,9.0,10.0,14.0,inferred
Portsmouth,2021-04-08,1.0,2.0,3.0,4.0,4.0,5.0,5.0,6.0,7.0,7.2,8.0,10.0,12.0,inferred
Portsmouth,2021-04-09,1.0,2.0,3.0,3.0,3.0,4.0,4.0,5.0,6.0,6.0,7.0,8.0,11.0,inferred
Portsmouth,2021-04-10,0.0,1.0,2.0,2.0,3.0,3.0,4.0,4.0,5.0,5.0,6.0,7.0,10.0,inferred
Portsmouth,2021-04-11,0.0,2.0,2.0,3.0,3.0,4.0,4.0,5.0,6.0,6.0,6.2,8.0,10.0,inferred
Portsmouth,2021-04-12,1.0,2.0,3.0,3.0,4.0,4.0,5.0,6.0,6.0,7.0,7.0,9.0,11.0,inferred
Portsmouth,2021-04-13,1.0,2.0,3.0,3.0,4.0,4.0,5.0,6.0,6.0,7.0,7.0,9.0,12.0,inferred
Portsmouth,2021-04-14,1.0,2.0,3.0,3.0,4.0,4.0,5.0,6.0,7.0,7.0,8.0,9.0,11.0,inferred
Portsmouth,2021-04-15,1.0,2.0,3.0,3.0,3.0,4.0,4.0,5.0,6.0,6.0,7.0,8.0,11.0,inferred
Portsmouth,2021-04-16,0.0,1.0,2.0,2.0,3.0,3.0,4.0,5.0,5.0,6.0,6.0,7.0,10.0,inferred
Portsmouth,2021-04-17,0.0,1.0,2.0,2.0,2.0,3.0,3.0,4.0,4.0,5.0,5.0,6.0,9.0,inferred
Portsmouth,2021-04-18,0.0,1.0,2.0,2.0,2.0,3.0,4.0,4.0,5.0,5.0,6.0,7.0,9.0,inferred
Portsmouth,2021-04-19,1.0,1.0,2.0,3.0,3.0,4.0,4.0,5.0,6.0,6.0,7.0,8.0,11.0,inferred
Portsmouth,2021-04-20,1.0,2.0,2.0,3.0,3.0,4.0,4.0,5.0,6.0,6.0,6.0,8.0,10.0,inferred
Portsmouth,2021-04-21,1.0,2.0,3.0,3.0,3.0,4.0,4.0,5.0,6.0,6.0,7.0,8.0,11.0,inferred
Portsmouth,2021-04-22,0.0,1.0,2.0,2.0,3.0,3.0,4.0,5.0,5.0,6.0,6.0,8.0,11.0,inferred
Portsmouth,2021-04-23,0.0,1.0,2.0,2.0,2.0,3.0,3.0,4.0,5.0,5.0,6.0,7.0,9.0,inferred
Portsmouth,2021-04-24,0.0,1.0,1.0,1.0,2.0,2.0,3.0,3.0,4.0,4.0,5.0,6.0,8.0,inferred
Portsmouth,2021-04-25,0.0,1.0,2.0,2.0,2.0,3.0,3.0,4.0,5.0,5.0,5.0,7.0,9.0,inferred
Portsmouth,2021-04-26,1.0,1.0,2.0,3.0,3.0,3.0,4.0,5.0,5.0,6.0,6.0,8.0,10.0,inferred
Portsmouth,2021-04-27,0.0,1.0,2.0,2.0,3.0,3.0,4.0,5.0,5.0,6.0,6.0,7.0,10.0,inferred
Portsmouth,2021-04-28,1.0,1.0,2.0,2.0,3.0,3.0,4.0,5.0,6.0,6.0,6.0,8.0,10.0,inferred
Portsmouth,2021-04-29,0.0,1.0,2.0,2.0,3.0,3.0,4.0,4.4,5.0,6.0,6.0,7.0,9.0,inferred
Portsmouth,2021-04-30,0.0,1.0,2.0,2.0,2.0,3.0,3.0,4.0,5.0,5.0,5.0,7.0,9.0,inferred
Portsmouth,2021-05-01,0.0,1.0,1.0,2.0,2.0,2.0,3.0,3.0,4.0,4.0,5.0,6.0,8.0,inferred
Portsmouth,2021-05-02,0.0,1.0,2.0,2.0,2.0,3.0,3.0,4.0,5.0,5.0,6.0,7.0,9.0,inferred
Portsmouth,2021-05-03,0.0,2.0,2.0,3.0,3.0,4.0,4.0,5.0,6.0,6.0,7.0,8.0,10.5,inferred
Portsmouth,2021-05-04,1.0,2.0,2.0,3.0,3.0,4.0,4.0,5.0,6.0,6.0,6.0,8.0,10.0,inferred
Portsmouth,2021-05-05,1.0,2.0,3.0,3.0,3.0,4.0,5.0,5.0,6.0,6.0,7.0,8.0,11.0,inferred
Portsmouth,2021-05-06,1.0,2.0,2.0,3.0,3.0,4.0,4.0,5.0,6.0,6.0,7.0,8.0,10.0,inferred
Portsmouth,2021-05-07,0.0,1.0,2.0,3.0,3.0,3.0,4.0,5.0,5.0,6.0,6.0,7.0,10.0,inferred
Portsmouth,2021-05-08,0.0,1.0,2.0,2.0,2.0,3.0,3.0,4.0,4.3,5.0,5.0,7.0,9.0,inferred
Portsmouth,2021-05-09,1.0,2.0,2.0,3.0,3.0,4.0,4.0,5.0,6.0,6.0,7.0,8.0,11.0,inferred
Portsmouth,2021-05-10,1.0,2.0,3.0,4.0,4.0,5.0,6.0,6.0,7.0,8.0,8.0,10.0,12.0,inferred
Portsmouth,2021-05-11,1.0,2.0,3.0,4.0,4.0,5.0,6.0,6.0,7.0,8.0,8.0,10.0,12.5,inferred
Portsmouth,2021-05-12,1.0,3.0,4.0,4.8,5.0,6.0,6.0,7.0,8.0,8.2,9.0,11.0,13.0,inferred
Portsmouth,2021-05-13,1.0,3.0,4.0,4.0,5.0,5.0,6.0,7.0,8.0,8.0,9.0,10.0,13.0,inferred
Portsmouth,2021-05-14,1.0,2.9,3.0,4.0,4.0,5.0,6.0,6.0,7.0,8.0,8.0,10.0,12.0,inferred
Portsmouth,2021-05-15,1.0,2.0,3.0,3.0,4.0,4.0,5.0,5.0,6.0,7.0,7.0,9.0,11.0,inferred
Portsmouth,2021-05-16,1.0,3.0,4.0,4.0,5.0,5.0,6.0,7.0,8.0,8.0,9.0,10.0,13.0,inferred
Portsmouth,2021-05-17,2.0,4.0,5.0,6.0,6.0,7.0,8.0,9.0,10.0,10.0,11.0,12.0,15.5,inferred
Portsmouth,2021-05-18,2.0,4.0,5.0,5.0,6.0,7.0,7.0,8.0,9.0,10.0,10.0,12.0,15.0,inferred
Portsmouth,2021-05-19,2.0,4.0,5.0,6.0,7.0,7.0,8.0,9.0,10.0,11.0,11.0,13.0,16.5,inferred
Portsmouth,2021-05-20,2.0,4.0,5.0,5.0,6.0,7.0,8.0,9.0,10.0,10.0,11.0,12.0,15.0,inferred
Portsmouth,2021-05-21,2.0,3.0,4.0,5.0,5.0,6.0,7.0,7.0,8.0,9.0,10.0,11.0,14.0,inferred
Portsmouth,2021-05-22,1.0,3.0,4.0,4.0,4.0,5.0,6.0,6.0,7.0,8.0,8.0,10.0,12.0,inferred
Portsmouth,2021-05-23,2.0,3.0,4.0,5.0,5.0,6.0,7.0,7.0,8.0,9.0,9.0,11.0,14.0,inferred
Portsmouth,2021-05-24,3.0,4.0,5.0,6.0,6.7,7.0,8.0,9.0,10.0,11.0,11.0,13.0,16.0,inferred
Portsmouth,2021-05-25,2.0,4.0,6.0,6.0,6.0,7.0,8.0,9.0,10.0,11.0,11.0,13.0,16.0,inferred
Portsmouth,2021-05-26,3.0,5.0,6.0,6.0,7.0,8.0,9.0,10.0,11.0,11.0,12.0,14.0,17.0,inferred
Portsmouth,2021-05-27,2.0,4.0,5.0,6.0,6.0,7.0,8.0,9.0,10.0,11.0,11.0,13.0,15.0,inferred
Portsmouth,2021-05-28,2.0,4.0,5.0,5.0,5.0,6.0,7.0,8.0,9.0,9.0,10.0,12.0,15.0,inferred
Portsmouth,2021-05-29,1.0,3.0,4.0,4.0,4.0,5.0,6.0,6.0,7.0,8.0,8.0,10.0,12.0,inferred
Portsmouth,2021-05-30,2.0,3.0,5.0,5.0,5.0,6.0,7.0,8.0,9.0,9.0,10.0,11.0,15.0,inferred
Portsmouth,2021-05-31,2.5,4.0,6.0,6.0,7.0,8.0,8.0,9.0,10.0,11.0,12.0,14.0,16.5,inferred
Portsmouth,2021-06-01,3.0,5.0,6.0,7.0,7.0,8.0,9.0,9.0,10.0,11.0,12.0,13.0,16.0,inferred
Portsmouth,2021-06-02,3.0,5.0,6.0,7.0,8.0,8.0,9.0,10.0,12.0,12.0,13.0,15.0,19.0,inferred
Portsmouth,2021-06-03,3.0,5.0,6.0,7.0,7.0,8.0,9.0,10.0,11.0,12.0,13.0,14.1,17.0,inferred
Portsmouth,2021-06-04,3.0,4.0,6.0,6.0,7.0,8.0,9.0,10.0,11.0,11.0,12.0,14.0,17.0,inferred
Portsmouth,2021-06-05,2.0,4.0,5.0,6.0,6.0,7.0,8.0,8.0,9.0,10.0,10.0,12.0,15.0,inferred
Portsmouth,2021-06-06,4.0,5.0,7.0,7.0,8.0,9.0,10.0,10.0,12.0,12.0,13.0,15.0,18.0,inferred
Portsmouth,2021-06-07,5.0,8.0,9.0,10.0,10.0,12.0,13.0,14.0,15.0,16.0,17.0,19.0,23.0,inferred
Portsmouth,2021-06-08,5.0,8.0,10.0,10.0,11.0,12.0,13.0,14.0,15.0,16.0,17.0,19.0,23.0,inferred
Portsmouth,2021-06-09,7.0,10.0,11.0,12.0,13.0,14.0,15.0,17.0,18.0,19.0,20.0,22.0,26.0,inferred
Portsmouth,2021-06-10,8.0,10.0,12.0,13.0,13.7,15.0,16.0,17.0,19.0,19.0,20.0,23.0,26.0,inferred
Portsmouth,2021-06-11,8.0,10.0,12.0,12.8,13.0,14.0,16.0,17.0,18.0,19.0,20.0,22.0,26.0,inferred
Portsmouth,2021-06-12,7.0,9.0,11.0,11.0,12.0,13.0,14.0,15.0,17.0,18.0,18.0,21.0,24.0,inferred
Portsmouth,2021-06-13,9.0,12.9,15.0,15.0,16.0,18.0,19.0,20.0,22.0,23.0,24.0,26.0,31.0,inferred
Portsmouth,2021-06-14,15.0,18.0,21.0,22.0,23.0,24.0,26.0,27.0,29.0,30.0,31.0,35.0,40.0,inferred
Portsmouth,2021-06-15,16.0,20.0,23.0,24.0,25.0,26.6,28.0,30.0,32.0,33.0,34.0,37.0,42.0,inferred
Portsmouth,2021-06-16,20.0,24.0,27.0,28.0,29.0,31.0,33.0,35.0,37.0,38.0,40.0,43.0,50.0,inferred
Portsmouth,2021-06-17,20.0,24.0,27.0,28.0,30.0,32.0,34.0,36.0,38.0,39.0,41.0,45.0,51.0,inferred
Portsmouth,2021-06-18,19.0,23.0,26.0,27.0,28.0,31.0,33.0,35.0,37.0,38.0,40.0,43.0,50.0,inferred
Powys,2021-03-06,1.0,2.0,3.0,3.0,4.0,5.0,5.0,6.0,7.0,7.0,8.0,10.0,13.0,inferred
Powys,2021-03-07,1.0,2.0,3.0,4.0,4.0,5.0,5.0,6.0,7.0,8.0,8.0,10.0,13.0,inferred
Powys,2021-03-08,2.0,4.0,5.0,5.0,6.0,7.0,7.0,8.0,9.0,10.0,11.0,13.0,16.0,inferred
Powys,2021-03-09,1.0,3.0,4.0,4.0,5.0,5.0,6.0,7.0,8.0,8.0,9.0,11.0,14.0,inferred
Powys,2021-03-10,1.0,3.0,4.0,4.0,5.0,5.0,6.0,7.0,8.0,9.0,9.0,11.0,14.0,inferred
Powys,2021-03-11,1.0,2.0,4.0,4.0,4.0,5.0,6.0,7.0,7.0,8.0,8.0,10.0,13.0,inferred
Powys,2021-03-12,1.0,2.0,2.0,3.0,3.0,4.0,5.0,5.0,6.0,7.0,7.0,9.0,12.0,inferred
Powys,2021-03-13,0.0,1.0,1.0,2.0,2.0,3.0,3.0,4.0,5.0,5.0,5.0,7.0,10.0,inferred
Powys,2021-03-14,0.0,1.0,2.0,2.0,2.0,3.0,3.0,4.0,5.0,5.0,6.0,7.0,10.0,inferred
Powys,2021-03-15,0.0,1.0,2.0,3.0,3.0,4.0,4.0,5.0,6.0,6.0,7.0,8.0,11.0,inferred
Powys,2021-03-16,0.0,1.0,2.0,2.0,2.0,3.0,3.0,4.0,5.0,5.0,6.0,7.0,10.0,inferred
Powys,2021-03-17,0.0,1.0,2.0,2.0,3.0,3.0,4.0,4.0,5.0,6.0,6.0,8.0,10.0,inferred
Powys,2021-03-18,0.0,1.0,2.0,2.0,2.0,3.0,4.0,4.0,5.0,5.0,6.0,7.0,10.0,inferred
Powys,2021-03-19,0.0,1.0,1.0,2.0,2.0,2.0,3.0,4.0,4.0,5.0,5.0,7.0,9.0,inferred
Powys,2021-03-20,0.0,0.0,1.0,1.0,1.0,2.0,2.0,3.0,3.0,4.0,4.0,6.0,8.0,inferred
Powys,2021-03-21,0.0,0.0,1.0,1.0,1.0,2.0,2.0,3.0,3.0,4.0,4.0,5.0,8.0,inferred
Powys,2021-03-22,0.0,1.0,1.0,2.0,2.0,2.0,3.0,4.0,4.0,5.0,5.0,7.0,9.0,inferred
Powys,2021-03-23,0.0,0.0,1.0,1.0,2.0,2.0,3.0,3.0,4.0,4.0,4.0,6.0,8.0,inferred
Powys,2021-03-24,0.0,0.0,1.0,1.0,2.0,2.0,3.0,3.0,4.0,4.0,5.0,6.0,8.5,inferred
Powys,2021-03-25,0.0,0.0,1.0,1.0,1.0,2.0,3.0,3.0,4.0,4.0,4.0,6.0,9.0,inferred
Powys,2021-03-26,0.0,0.0,1.0,1.0,1.0,2.0,2.0,3.0,3.0,4.0,4.0,5.0,8.0,inferred
Powys,2021-03-27,0.0,0.0,0.0,1.0,1.0,1.0,2.0,2.0,3.0,3.0,3.0,4.0,6.0,inferred
Powys,2021-03-28,0.0,0.0,0.0,1.0,1.0,1.0,2.0,2.0,3.0,3.0,3.0,4.0,7.0,inferred
Powys,2021-03-29,0.0,0.0,1.0,1.0,1.0,2.0,2.0,3.0,3.0,4.0,4.0,5.0,8.0,inferred
Powys,2021-03-30,0.0,0.0,1.0,1.0,1.0,1.0,2.0,2.0,3.0,3.0,4.0,5.0,7.0,inferred
Powys,2021-03-31,0.0,0.0,1.0,1.0,1.0,2.0,2.0,2.0,3.0,4.0,4.0,5.0,8.0,inferred
Powys,2021-04-01,0.0,0.0,1.0,1.0,1.0,2.0,2.0,3.0,3.0,4.0,4.0,5.0,8.0,inferred
Powys,2021-04-02,0.0,0.0,1.0,1.0,1.0,1.0,2.0,2.0,3.0,3.0,4.0,5.0,7.0,inferred
Powys,2021-04-03,0.0,0.0,0.0,0.0,1.0,1.0,1.0,2.0,2.0,3.0,3.0,4.0,6.0,inferred
Powys,2021-04-04,0.0,0.0,0.0,0.0,1.0,1.0,2.0,2.0,2.3,3.0,3.0,4.0,7.0,inferred
Powys,2021-04-05,0.0,0.0,1.0,1.0,1.0,2.0,2.0,3.0,3.0,4.0,4.0,5.0,8.0,inferred
Powys,2021-04-06,0.0,0.0,1.0,1.0,1.0,1.0,2.0,2.0,3.0,3.0,4.0,5.0,7.0,inferred
Powys,2021-04-07,0.0,0.0,1.0,1.0,1.0,2.0,2.0,3.0,3.0,4.0,4.0,6.0,8.0,inferred
Powys,2021-04-08,0.0,0.0,1.0,1.0,1.0,2.0,2.0,3.0,4.0,4.0,4.0,6.0,8.0,inferred
Powys,2021-04-09,0.0,0.0,1.0,1.0,1.0,2.0,2.0,3.0,3.0,3.0,4.0,5.0,7.0,inferred
Powys,2021-04-10,0.0,0.0,0.0,1.0,1.0,1.0,2.0,2.0,3.0,3.0,3.0,4.0,7.0,inferred
Powys,2021-04-11,0.0,0.0,1.0,1.0,1.0,1.0,2.0,2.0,3.0,3.0,4.0,5.0,7.0,inferred
Powys,2021-04-12,0.0,1.0,1.0,1.0,2.0,2.0,3.0,3.0,4.0,4.0,4.0,6.0,8.0,inferred
Powys,2021-04-13,0.0,0.0,1.0,1.0,1.0,2.0,2.0,3.0,3.0,4.0,4.0,5.0,7.5,inferred
Powys,2021-04-14,0.0,0.0,1.0,1.0,1.0,2.0,2.0,3.0,4.0,4.0,5.0,6.0,8.0,inferred
Powys,2021-04-15,0.0,0.0,1.0,1.0,1.0,2.0,2.0,3.0,4.0,4.0,4.0,6.0,8.0,inferred
Powys,2021-04-16,0.0,0.0,1.0,1.0,1.0,2.0,2.0,2.0,3.0,3.0,4.0,5.0,7.5,inferred
Powys,2021-04-17,0.0,0.0,0.0,1.0,1.0,1.0,2.0,2.0,3.0,3.0,3.0,4.0,6.0,inferred
Powys,2021-04-18,0.0,0.0,0.0,1.0,1.0,1.0,1.0,2.0,2.0,3.0,3.0,4.0,6.0,inferred
Powys,2021-04-19,0.0,0.0,1.0,1.0,1.0,2.0,2.0,3.0,3.0,4.0,4.0,5.0,8.0,inferred
Powys,2021-04-20,0.0,0.0,0.0,1.0,1.0,1.0,2.0,2.0,3.0,3.0,4.0,5.0,7.0,inferred
Powys,2021-04-21,0.0,0.0,1.0,1.0,1.0,1.0,2.0,2.0,3.0,3.0,4.0,5.0,7.0,inferred
Powys,2021-04-22,0.0,0.0,0.0,1.0,1.0,1.0,2.0,2.0,3.0,3.0,3.0,5.0,7.0,inferred
Powys,2021-04-23,0.0,0.0,0.0,0.0,1.0,1.0,1.0,2.0,2.0,3.0,3.0,4.0,6.0,inferred
Powys,2021-04-24,0.0,0.0,0.0,0.0,0.0,1.0,1.0,1.0,2.0,2.0,2.0,3.0,5.0,inferred
Powys,2021-04-25,0.0,0.0,0.0,0.0,0.0,1.0,1.0,1.0,2.0,2.0,2.0,3.0,5.0,inferred
Powys,2021-04-26,0.0,0.0,0.0,0.0,1.0,1.0,1.0,2.0,2.0,3.0,3.0,4.0,6.0,inferred
Powys,2021-04-27,0.0,0.0,0.0,0.0,0.0,1.0,1.0,1.0,2.0,2.0,3.0,4.0,6.0,inferred
Powys,2021-04-28,0.0,0.0,0.0,0.0,1.0,1.0,1.0,2.0,2.0,2.0,3.0,4.0,6.0,inferred
Powys,2021-04-29,0.0,0.0,0.0,0.0,0.0,1.0,1.0,2.0,2.0,2.0,3.0,4.0,6.0,inferred
Powys,2021-04-30,0.0,0.0,0.0,0.0,0.0,1.0,1.0,1.0,2.0,2.0,2.0,3.0,5.0,inferred
Powys,2021-05-01,0.0,0.0,0.0,0.0,0.0,0.0,1.0,1.0,1.0,2.0,2.0,3.0,5.0,inferred
Powys,2021-05-02,0.0,0.0,0.0,0.0,0.0,0.0,1.0,1.0,2.0,2.0,2.0,3.0,5.0,inferred
Powys,2021-05-03,0.0,0.0,0.0,0.0,1.0,1.0,1.0,2.0,2.0,2.0,3.0,4.0,6.0,inferred
Powys,2021-05-04,0.0,0.0,0.0,0.0,0.0,1.0,1.0,1.0,2.0,2.0,2.0,4.0,5.0,inferred
Powys,2021-05-05,0.0,0.0,0.0,0.0,0.0,1.0,1.0,1.0,2.0,2.0,3.0,4.0,6.0,inferred
Powys,2021-05-06,0.0,0.0,0.0,0.0,0.0,1.0,1.0,2.0,2.0,2.0,3.0,4.0,6.0,inferred
Powys,2021-05-07,0.0,0.0,0.0,0.0,0.0,1.0,1.0,1.0,2.0,2.0,2.0,3.0,5.0,inferred
Powys,2021-05-08,0.0,0.0,0.0,0.0,0.0,0.0,1.0,1.0,1.0,1.0,2.0,3.0,4.0,inferred
Powys,2021-05-09,0.0,0.0,0.0,0.0,0.0,0.0,1.0,1.0,1.0,1.0,2.0,3.0,4.0,inferred
Powys,2021-05-10,0.0,0.0,0.0,0.0,0.0,0.0,1.0,1.0,2.0,2.0,2.0,3.0,5.0,inferred
Powys,2021-05-11,0.0,0.0,0.0,0.0,0.0,0.0,1.0,1.0,1.0,2.0,2.0,3.0,5.0,inferred
Powys,2021-05-12,0.0,0.0,0.0,0.0,0.0,0.0,1.0,1.0,1.0,2.0,2.0,3.0,5.0,inferred
Powys,2021-05-13,0.0,0.0,0.0,0.0,0.0,0.0,1.0,1.0,1.0,2.0,2.0,3.0,5.0,inferred
Powys,2021-05-14,0.0,0.0,0.0,0.0,0.0,0.0,0.0,1.0,1.0,1.0,2.0,3.0,4.0,inferred
Powys,2021-05-15,0.0,0.0,0.0,0.0,0.0,0.0,0.0,1.0,1.0,1.0,1.0,2.0,4.0,inferred
Powys,2021-05-16,0.0,0.0,0.0,0.0,0.0,0.0,0.0,1.0,1.0,1.0,1.0,2.0,3.0,inferred
Powys,2021-05-17,0.0,0.0,0.0,0.0,0.0,0.0,1.0,1.0,1.0,1.0,2.0,3.0,4.0,inferred
Powys,2021-05-18,0.0,0.0,0.0,0.0,0.0,0.0,0.0,1.0,1.0,1.0,1.2,2.0,4.0,inferred
Powys,2021-05-19,0.0,0.0,0.0,0.0,0.0,0.0,0.0,1.0,1.0,1.0,2.0,2.0,4.0,inferred
Powys,2021-05-20,0.0,0.0,0.0,0.0,0.0,0.0,0.0,1.0,1.0,1.0,2.0,2.0,4.0,inferred
Powys,2021-05-21,0.0,0.0,0.0,0.0,0.0,0.0,0.0,1.0,1.0,1.0,1.0,2.0,4.0,inferred
Powys,2021-05-22,0.0,0.0,0.0,0.0,0.0,0.0,0.0,0.0,1.0,1.0,1.0,2.0,3.0,inferred
Powys,2021-05-23,0.0,0.0,0.0,0.0,0.0,0.0,0.0,0.0,1.0,1.0,1.0,2.0,3.5,inferred
Powys,2021-05-24,0.0,0.0,0.0,0.0,0.0,0.0,0.0,1.0,1.0,1.0,2.0,3.0,4.0,inferred
Powys,2021-05-25,0.0,0.0,0.0,0.0,0.0,0.0,0.0,1.0,1.0,1.0,2.0,2.0,4.0,inferred
Powys,2021-05-26,0.0,0.0,0.0,0.0,0.0,0.0,1.0,1.0,1.0,2.0,2.0,3.0,4.0,inferred
Powys,2021-05-27,0.0,0.0,0.0,0.0,0.0,0.0,1.0,1.0,1.0,1.0,2.0,2.0,4.0,inferred
Powys,2021-05-28,0.0,0.0,0.0,0.0,0.0,0.0,1.0,1.0,1.0,1.0,2.0,2.0,4.0,inferred
Powys,2021-05-29,0.0,0.0,0.0,0.0,0.0,0.0,0.0,1.0,1.0,1.0,1.0,2.0,4.0,inferred
Powys,2021-05-30,0.0,0.0,0.0,0.0,0.0,0.0,0.0,1.0,1.0,1.0,1.0,2.0,4.0,inferred
Powys,2021-05-31,0.0,0.0,0.0,0.0,0.0,0.0,1.0,1.0,2.0,2.0,2.0,3.0,4.0,inferred
Powys,2021-06-01,0.0,0.0,0.0,0.0,0.0,0.0,1.0,1.0,1.0,2.0,2.0,3.0,4.0,inferred
Powys,2021-06-02,0.0,0.0,0.0,0.0,0.0,1.0,1.0,1.0,2.0,2.0,2.0,3.0,5.0,inferred
Powys,2021-06-03,0.0,0.0,0.0,0.0,0.0,1.0,1.0,1.0,2.0,2.0,2.0,3.0,5.0,inferred
Powys,2021-06-04,0.0,0.0,0.0,0.0,0.0,1.0,1.0,1.0,2.0,2.0,2.0,3.0,5.0,inferred
Powys,2021-06-05,0.0,0.0,0.0,0.0,0.0,0.0,1.0,1.0,1.0,2.0,2.0,3.0,5.0,inferred
Powys,2021-06-06,0.0,0.0,0.0,0.0,0.0,1.0,1.0,1.0,2.0,2.0,2.0,3.0,5.0,inferred
Powys,2021-06-07,0.0,0.0,0.0,0.0,1.0,1.0,1.0,2.0,2.0,3.0,3.0,4.0,6.0,inferred
Powys,2021-06-08,0.0,0.0,0.0,0.0,1.0,1.0,1.0,2.0,2.0,3.0,3.0,4.0,6.0,inferred
Powys,2021-06-09,0.0,0.0,1.0,1.0,1.0,1.0,2.0,2.0,3.0,3.0,4.0,5.0,7.0,inferred
Powys,2021-06-10,0.0,0.0,1.0,1.0,1.0,1.0,2.0,2.0,3.0,3.0,4.0,5.0,7.0,inferred
Powys,2021-06-11,0.0,0.0,1.0,1.0,1.0,1.0,2.0,2.0,3.0,3.0,4.0,5.0,7.0,inferred
Powys,2021-06-12,0.0,0.0,0.0,1.0,1.0,1.0,2.0,2.0,3.0,3.0,3.0,4.0,7.0,inferred
Powys,2021-06-13,0.0,0.0,1.0,1.0,1.0,2.0,2.0,3.0,3.0,3.0,4.0,5.0,7.0,inferred
Powys,2021-06-14,0.0,1.0,1.0,2.0,2.0,2.0,3.0,4.0,4.0,5.0,5.0,7.0,9.0,inferred
Powys,2021-06-15,0.0,1.0,1.0,2.0,2.0,2.0,3.0,4.0,4.0,5.0,5.0,7.0,9.0,inferred
Powys,2021-06-16,0.0,1.0,2.0,2.0,3.0,3.0,4.0,5.0,5.0,6.0,6.0,8.0,11.0,inferred
Powys,2021-06-17,0.0,1.0,2.0,2.0,3.0,3.0,4.0,5.0,5.0,6.0,6.0,8.0,12.0,inferred
Powys,2021-06-18,0.0,1.0,2.0,2.0,2.0,3.0,4.0,4.0,5.0,6.0,6.0,8.0,11.0,inferred
Preston,2021-03-06,12.0,15.0,17.0,18.0,19.0,20.0,22.0,23.0,25.0,26.0,27.0,30.0,34.0,inferred
Preston,2021-03-07,14.5,18.0,20.0,21.0,22.0,24.0,25.0,27.0,28.0,29.0,30.0,33.0,38.0,inferred
Preston,2021-03-08,20.0,24.0,26.0,27.0,28.0,30.0,32.0,33.0,35.0,37.0,38.0,41.0,46.0,inferred
Preston,2021-03-09,18.0,22.0,25.0,26.0,27.0,29.0,31.0,32.0,34.0,35.0,36.0,40.0,45.0,inferred
Preston,2021-03-10,18.0,22.0,24.0,25.0,26.0,28.0,30.0,31.0,33.0,34.0,35.0,39.0,44.5,inferred
Preston,2021-03-11,15.0,19.0,22.0,23.0,24.0,25.0,27.0,29.0,30.0,32.0,33.0,36.0,41.0,inferred
Preston,2021-03-12,13.0,16.0,19.0,20.0,20.0,22.0,24.0,25.0,27.0,28.0,29.0,31.1,36.0,inferred
Preston,2021-03-13,8.0,12.0,13.0,14.0,15.0,16.0,18.0,19.0,21.0,21.0,22.0,25.0,28.5,inferred
Preston,2021-03-14,10.0,14.0,16.0,16.0,17.0,19.0,20.0,21.0,23.0,24.0,25.0,28.0,32.0,inferred
Preston,2021-03-15,13.0,17.0,19.0,20.0,21.0,23.0,24.0,26.0,28.0,29.0,30.0,33.0,38.0,inferred
Preston,2021-03-16,13.0,16.0,19.0,20.0,21.0,22.0,24.0,25.0,27.0,28.0,29.0,32.0,38.0,inferred
Preston,2021-03-17,12.0,16.0,18.0,19.0,20.0,22.0,23.0,25.0,27.0,27.0,29.0,32.0,35.5,inferred
Preston,2021-03-18,11.0,15.0,18.0,18.0,19.0,21.0,22.0,24.0,25.0,26.0,27.0,30.0,35.0,inferred
Preston,2021-03-19,10.0,13.0,15.0,16.0,17.0,18.0,20.0,21.0,23.0,23.0,25.0,28.0,33.0,inferred
Preston,2021-03-20,7.0,10.0,12.0,12.0,13.0,14.0,15.0,17.0,18.0,19.0,20.0,22.0,26.5,inferred
Preston,2021-03-21,9.0,12.0,14.0,14.0,15.0,17.0,18.0,19.0,21.0,22.0,22.0,25.0,29.5,inferred
Preston,2021-03-22,12.0,16.0,18.0,19.0,20.0,21.0,23.0,24.0,26.0,27.0,28.0,32.0,37.0,inferred
Preston,2021-03-23,12.0,15.0,17.0,18.0,19.0,20.0,22.0,24.0,26.0,26.0,28.0,30.0,35.0,inferred
Preston,2021-03-24,11.0,14.0,16.0,17.0,18.0,20.0,21.0,23.0,24.0,25.0,26.0,29.0,34.0,inferred
Preston,2021-03-25,10.5,13.0,15.0,16.0,17.0,18.0,20.0,21.0,23.0,24.0,25.0,28.0,33.0,inferred
Preston,2021-03-26,8.0,11.0,13.0,13.0,14.0,15.0,16.0,18.0,19.0,20.0,21.0,24.0,28.0,inferred
Preston,2021-03-27,5.0,7.0,9.0,9.0,10.0,11.0,12.0,14.0,15.0,16.0,17.0,18.1,22.0,inferred
Preston,2021-03-28,6.0,8.0,10.0,10.8,11.0,12.0,14.0,15.0,16.0,17.0,18.0,20.0,24.0,inferred
Preston,2021-03-29,8.0,11.0,12.0,13.0,14.0,15.0,17.0,18.0,19.0,20.0,21.0,24.0,28.0,inferred
Preston,2021-03-30,8.0,10.0,12.0,12.0,13.0,14.0,16.0,17.0,18.0,19.0,20.0,23.0,27.0,inferred
Preston,2021-03-31,7.0,9.0,11.0,12.0,12.0,14.0,15.0,16.0,18.0,19.0,19.0,22.0,26.0,inferred
Preston,2021-04-01,6.0,8.0,9.0,10.0,11.0,12.0,13.0,14.0,16.0,16.0,17.0,20.0,24.0,inferred
Preston,2021-04-02,4.0,6.0,8.0,8.0,9.0,10.0,11.0,12.0,13.0,14.0,15.0,17.0,20.0,inferred
Preston,2021-04-03,2.0,4.0,5.0,6.0,6.0,7.0,8.0,9.0,10.0,11.0,11.0,13.0,17.0,inferred
Preston,2021-04-04,3.0,5.0,6.0,6.0,7.0,8.0,9.0,10.0,11.0,12.0,12.0,14.0,17.0,inferred
Preston,2021-04-05,4.0,6.0,7.0,8.0,9.0,10.0,11.0,12.0,13.0,13.0,14.0,17.0,20.0,inferred
Preston,2021-04-06,4.0,5.0,7.0,8.0,8.0,9.0,10.0,11.0,12.0,13.0,14.0,16.0,19.0,inferred
Preston,2021-04-07,3.0,5.0,7.0,8.0,8.0,9.0,10.0,11.0,12.0,13.0,13.0,15.0,19.0,inferred
Preston,2021-04-08,3.0,5.0,6.0,6.0,7.0,8.0,9.0,10.0,11.0,11.0,12.0,14.0,18.0,inferred
Preston,2021-04-09,2.0,4.0,5.0,5.0,6.0,7.0,8.0,8.0,9.0,10.0,10.0,12.0,15.0,inferred
Preston,2021-04-10,1.0,2.0,3.0,4.0,4.0,5.0,6.0,6.0,7.0,8.0,8.0,10.0,13.0,inferred
Preston,2021-04-11,1.0,3.0,4.0,4.0,5.0,5.0,6.0,7.0,8.0,8.0,9.0,11.0,14.0,inferred
Preston,2021-04-12,2.0,4.0,5.0,5.0,6.0,7.0,8.0,9.0,10.0,10.0,11.0,13.0,17.0,inferred
Preston,2021-04-13,2.0,3.0,5.0,5.0,6.0,6.0,7.0,8.0,9.0,10.0,10.0,12.0,15.0,inferred
Preston,2021-04-14,2.0,3.0,5.0,5.0,6.0,6.0,7.0,8.0,9.0,10.0,10.0,12.0,15.0,inferred
Preston,2021-04-15,2.0,3.0,4.0,5.0,5.0,6.0,7.0,8.0,9.0,9.0,10.0,11.0,14.0,inferred
Preston,2021-04-16,1.0,3.0,4.0,4.0,5.0,5.0,6.0,7.0,8.0,8.0,9.0,10.0,14.0,inferred
Preston,2021-04-17,1.0,2.0,3.0,3.0,3.0,4.0,5.0,5.0,6.0,7.0,7.0,9.0,11.0,inferred
Preston,2021-04-18,1.0,2.0,3.0,3.0,4.0,5.0,5.0,6.0,7.0,7.0,8.0,9.0,12.0,inferred
Preston,2021-04-19,1.0,3.0,4.0,5.0,5.0,6.0,7.0,8.0,9.0,9.0,10.0,12.0,15.0,inferred
Preston,2021-04-20,2.0,3.0,4.0,5.0,5.0,6.0,7.0,8.0,9.0,9.0,10.0,12.0,14.0,inferred
Preston,2021-04-21,2.0,3.0,5.0,5.0,5.0,6.0,7.0,8.0,9.0,10.0,10.0,12.0,16.0,inferred
Preston,2021-04-22,2.0,3.0,4.0,5.0,5.0,6.0,7.0,8.0,9.0,9.0,10.0,12.0,15.0,inferred
Preston,2021-04-23,2.0,3.0,4.0,4.0,5.0,6.0,6.0,7.0,8.0,9.0,9.0,11.0,14.0,inferred
Preston,2021-04-24,1.0,2.0,3.0,3.0,4.0,4.0,5.0,6.0,6.0,7.0,8.0,9.0,12.0,inferred
Preston,2021-04-25,1.0,3.0,4.0,4.0,4.0,5.0,6.0,7.0,8.0,8.0,9.0,11.0,14.0,inferred
Preston,2021-04-26,2.0,4.0,5.0,6.0,6.0,7.0,8.0,9.0,10.0,11.0,11.0,13.0,16.0,inferred
Preston,2021-04-27,2.0,4.0,5.0,5.0,6.0,7.0,8.0,9.0,10.0,11.0,11.0,13.0,16.5,inferred
Preston,2021-04-28,2.0,4.0,5.0,6.0,6.0,7.0,8.0,9.0,10.0,11.0,11.0,13.0,16.0,inferred
Preston,2021-04-29,2.0,4.0,5.0,5.0,6.0,7.0,7.0,8.0,9.0,10.0,11.0,12.0,16.0,inferred
Preston,2021-04-30,2.0,3.0,4.0,4.0,5.0,6.0,7.0,7.0,8.0,9.0,9.0,11.0,14.0,inferred
Preston,2021-05-01,1.0,2.0,3.0,3.0,4.0,4.0,5.0,6.0,7.0,7.0,8.0,9.0,12.0,inferred
Preston,2021-05-02,1.0,3.0,4.0,4.0,4.0,5.0,6.0,7.0,8.0,8.0,9.0,10.0,13.0,inferred
Preston,2021-05-03,2.0,3.0,5.0,5.0,6.0,7.0,8.0,8.0,9.0,10.0,11.0,13.0,17.0,inferred
Preston,2021-05-04,2.0,3.0,5.0,5.0,6.0,6.0,7.0,8.0,9.0,10.0,10.0,12.0,16.0,inferred
Preston,2021-05-05,2.0,4.0,5.0,5.0,6.0,7.0,8.0,9.0,10.0,10.0,11.0,13.0,16.0,inferred
Preston,2021-05-06,2.0,3.9,5.0,5.0,6.0,6.0,7.0,8.0,9.0,10.0,10.0,12.0,15.5,inferred
Preston,2021-05-07,1.0,3.0,4.0,4.0,5.0,6.0,6.0,7.0,8.0,9.0,9.0,11.0,14.0,inferred
Preston,2021-05-08,1.0,2.0,3.0,3.0,4.0,4.0,5.0,6.0,7.0,7.0,8.0,9.0,12.0,inferred
Preston,2021-05-09,1.0,3.0,4.0,4.0,5.0,5.0,6.0,7.0,8.0,8.0,9.0,11.0,14.0,inferred
Preston,2021-05-10,2.0,4.0,5.0,6.0,6.0,7.0,8.0,9.0,10.0,11.0,11.2,13.0,17.0,inferred
Preston,2021-05-11,2.0,4.0,5.0,6.0,7.0,8.0,8.0,9.0,10.0,11.0,12.0,14.0,16.5,inferred
Preston,2021-05-12,3.0,5.0,6.0,7.0,7.0,8.0,9.0,10.0,11.0,12.0,12.0,14.0,18.0,inferred
Preston,2021-05-13,3.0,5.0,6.0,7.0,7.0,8.0,9.0,10.0,11.0,12.0,12.0,15.0,18.0,inferred
Preston,2021-05-14,3.0,4.0,6.0,6.0,7.0,7.0,8.0,9.0,10.0,11.0,12.0,14.0,18.0,inferred
Preston,2021-05-15,2.0,3.0,4.0,5.0,5.0,6.0,7.0,8.0,9.0,9.0,10.0,12.0,15.0,inferred
Preston,2021-05-16,3.0,4.0,6.0,6.0,7.0,8.0,9.0,10.0,11.0,11.0,12.0,14.0,17.0,inferred
Preston,2021-05-17,4.0,6.0,8.0,9.0,9.0,10.0,12.0,13.0,14.0,14.0,15.0,18.0,21.0,inferred
Preston,2021-05-18,5.0,7.0,9.0,9.0,10.0,11.0,12.0,14.0,15.0,15.0,16.0,19.0,23.0,inferred
Preston,2021-05-19,6.0,8.0,10.0,11.0,11.0,13.0,14.0,15.0,17.0,17.0,18.0,21.0,25.0,inferred
Preston,2021-05-20,6.0,9.0,11.0,12.0,12.0,14.0,15.0,16.0,17.3,18.0,19.0,21.0,25.5,inferred
Preston,2021-05-21,6.0,9.0,10.0,11.0,12.0,13.0,14.0,16.0,17.0,18.0,19.0,21.0,25.0,inferred
Preston,2021-05-22,6.0,7.9,9.0,10.0,11.0,12.0,13.0,14.0,15.0,16.0,16.0,19.0,22.0,inferred
Preston,2021-05-23,8.0,10.0,12.0,13.0,14.0,15.0,16.0,18.0,19.0,20.0,21.0,23.0,27.5,inferred
Preston,2021-05-24,12.0,16.0,18.0,19.0,20.0,22.0,23.0,25.0,27.0,28.0,29.0,31.0,37.0,inferred
Preston,2021-05-25,14.0,17.0,20.0,21.0,22.0,24.0,25.0,27.0,29.0,30.0,31.0,34.0,39.0,inferred
Preston,2021-05-26,16.5,20.0,23.0,24.0,25.0,26.0,28.0,30.0,32.0,33.0,34.0,37.0,43.0,inferred
Preston,2021-05-27,17.0,21.0,24.0,25.0,25.0,27.0,29.0,31.0,33.0,34.0,35.0,38.0,44.0,inferred
Preston,2021-05-28,17.0,20.0,23.0,24.0,25.0,26.0,28.0,29.0,31.0,33.0,34.0,37.0,42.0,inferred
Preston,2021-05-29,14.0,17.0,19.0,20.0,21.0,23.0,24.0,26.0,27.0,28.0,30.0,32.0,37.0,inferred
Preston,2021-05-30,18.0,22.0,25.0,26.0,27.0,29.0,31.0,32.0,34.0,35.0,36.0,40.0,44.0,inferred
Preston,2021-05-31,27.0,33.0,36.0,37.0,38.0,40.0,42.0,45.0,47.0,49.0,50.0,54.0,60.0,inferred
Preston,2021-06-01,30.0,35.0,38.0,39.8,41.0,43.0,45.0,48.0,50.0,52.0,53.0,57.0,66.0,inferred
Preston,2021-06-02,34.0,38.0,42.0,43.0,44.0,46.0,49.0,51.0,53.0,55.0,57.0,61.0,68.0,inferred
Preston,2021-06-03,33.0,39.0,42.0,43.0,44.0,47.0,49.0,51.4,54.0,55.0,57.0,62.0,69.5,inferred
Preston,2021-06-04,30.0,36.0,39.0,41.0,42.0,44.0,46.0,49.0,51.0,53.0,54.0,58.0,64.0,inferred
Preston,2021-06-05,24.0,30.0,33.0,34.0,35.0,37.0,39.0,41.0,43.0,44.0,46.0,49.0,55.0,inferred
Preston,2021-06-06,33.0,38.0,41.0,42.0,44.0,46.0,48.0,51.0,53.0,55.0,56.0,60.0,67.0,inferred
Preston,2021-06-07,46.0,52.0,57.0,58.0,60.0,63.0,65.0,68.0,71.0,72.0,74.0,80.0,88.0,inferred
Preston,2021-06-08,47.0,54.0,59.0,60.0,62.0,65.0,68.0,71.0,73.0,75.0,76.0,81.0,89.0,inferred
Preston,2021-06-09,49.0,56.0,61.0,62.0,64.0,67.0,69.0,72.0,75.0,76.0,78.0,83.0,91.0,inferred
Preston,2021-06-10,47.0,54.0,58.0,60.0,61.0,64.0,66.0,69.0,72.0,74.0,75.0,80.0,88.0,inferred
Preston,2021-06-11,43.0,48.0,51.0,53.0,54.0,57.0,59.0,62.0,64.3,66.0,68.0,73.0,80.0,inferred
Preston,2021-06-12,32.0,37.0,41.0,42.0,43.0,45.0,48.0,50.0,53.0,54.0,56.0,60.0,66.0,inferred
Preston,2021-06-13,39.0,44.0,48.0,50.0,51.0,53.0,56.0,58.0,61.0,63.0,64.0,69.1,78.0,inferred
Preston,2021-06-14,51.0,58.0,63.0,65.0,66.7,70.0,72.0,75.0,78.0,80.0,82.0,87.0,97.0,inferred
Preston,2021-06-15,51.0,58.0,62.0,64.0,66.0,69.0,72.0,74.0,78.0,79.0,81.2,87.0,96.5,inferred
Preston,2021-06-16,51.0,58.0,62.0,64.0,66.0,69.0,72.0,74.4,77.3,79.0,81.0,87.0,95.5,inferred
Preston,2021-06-17,47.0,54.0,59.0,61.0,63.0,66.0,68.0,71.0,74.0,76.0,78.0,82.0,90.0,inferred
Preston,2021-06-18,39.0,46.0,51.0,53.0,54.0,57.0,59.0,62.0,65.0,67.0,69.0,74.0,82.0,inferred
Reading,2021-03-06,1.0,2.0,3.0,4.0,4.0,5.0,6.0,7.0,8.0,8.0,9.0,11.0,14.0,inferred
Reading,2021-03-07,2.0,4.0,5.0,5.0,6.0,6.0,7.0,8.0,9.0,10.0,10.0,12.0,15.0,inferred
Reading,2021-03-08,3.0,5.0,6.0,7.0,7.0,8.0,9.0,10.0,11.0,12.0,12.0,15.0,19.0,inferred
Reading,2021-03-09,3.0,4.9,6.0,7.0,7.0,8.0,9.0,10.0,11.0,12.0,13.0,15.0,18.0,inferred
Reading,2021-03-10,4.0,5.0,7.0,7.0,8.0,9.0,10.0,11.0,12.0,13.0,13.2,15.0,19.0,inferred
Reading,2021-03-11,3.0,5.0,6.0,7.0,7.0,8.0,9.0,10.0,12.0,12.0,13.0,15.0,18.0,inferred
Reading,2021-03-12,2.0,4.0,5.0,6.0,6.0,7.0,8.0,9.0,10.0,11.0,11.0,14.0,17.0,inferred
Reading,2021-03-13,1.5,3.0,4.0,5.0,5.0,6.0,7.0,8.0,9.0,9.0,10.0,12.0,15.0,inferred
Reading,2021-03-14,2.0,4.0,5.0,6.0,6.0,7.0,8.0,9.0,10.0,11.0,12.0,14.0,17.0,inferred
Reading,2021-03-15,3.0,5.0,7.0,7.8,8.0,9.0,10.0,11.0,13.0,13.0,14.0,17.0,20.0,inferred
Reading,2021-03-16,3.0,5.0,7.0,7.0,8.0,9.0,10.0,11.0,12.0,13.0,14.0,16.0,20.0,inferred
Reading,2021-03-17,4.0,6.0,7.0,8.0,8.0,9.0,11.0,12.0,13.0,14.0,15.0,17.0,21.0,inferred
Reading,2021-03-18,3.0,5.0,6.0,7.0,8.0,9.0,10.0,11.0,12.0,13.0,14.0,16.0,19.5,inferred
Reading,2021-03-19,2.0,4.0,5.0,6.0,7.0,8.0,9.0,10.0,11.0,11.0,12.0,14.0,18.0,inferred
Reading,2021-03-20,2.0,3.0,4.0,5.0,5.0,6.0,7.0,8.0,9.0,10.0,10.0,12.0,16.0,inferred
Reading,2021-03-21,2.0,4.0,5.0,6.0,6.0,7.0,8.0,9.0,11.0,12.0,12.0,14.0,17.5,inferred
Reading,2021-03-22,4.0,5.0,7.0,7.8,8.0,9.0,10.0,11.0,12.0,13.0,14.0,16.0,20.0,inferred
Reading,2021-03-23,3.0,5.0,6.0,7.0,7.0,9.0,9.0,11.0,12.0,12.0,13.0,15.0,19.0,inferred
Reading,2021-03-24,3.0,5.0,6.0,7.0,8.0,9.0,10.0,11.0,12.0,13.0,13.0,16.0,19.5,inferred
Reading,2021-03-25,2.0,4.0,5.0,6.0,7.0,8.0,9.0,10.0,11.0,11.0,12.0,14.0,18.0,inferred
Reading,2021-03-26,2.0,3.0,4.0,5.0,5.0,6.0,7.0,8.0,9.0,10.0,10.0,12.0,16.0,inferred
Reading,2021-03-27,1.0,2.0,3.0,3.0,4.0,5.0,5.0,6.0,7.0,8.0,8.0,10.0,13.0,inferred
Reading,2021-03-28,1.0,2.0,4.0,4.0,5.0,5.0,6.0,7.0,8.0,9.0,9.0,11.0,14.5,inferred
Reading,2021-03-29,2.0,3.0,5.0,5.0,6.0,6.0,7.0,8.0,10.0,10.0,11.0,13.0,16.0,inferred
Reading,2021-03-30,2.0,3.0,4.0,5.0,5.0,6.0,7.0,8.0,9.0,10.0,10.0,12.0,15.0,inferred
Reading,2021-03-31,2.0,3.0,4.0,5.0,5.0,6.0,7.0,8.0,9.0,10.0,10.0,12.0,15.0,inferred
Reading,2021-04-01,1.0,3.0,4.0,4.0,5.0,6.0,6.0,7.0,9.0,9.0,10.0,12.0,15.0,inferred
Reading,2021-04-02,1.0,2.0,3.0,4.0,4.0,5.0,6.0,7.0,7.0,8.0,9.0,10.0,14.0,inferred
Reading,2021-04-03,0.0,2.0,2.0,3.0,3.0,4.0,4.0,5.0,6.0,6.0,7.0,9.0,11.0,inferred
Reading,2021-04-04,1.0,2.0,3.0,3.0,4.0,4.0,5.0,6.0,7.0,7.0,8.0,10.0,13.0,inferred
Reading,2021-04-05,1.0,3.0,4.0,4.0,5.0,6.0,6.0,7.0,8.0,9.0,10.0,12.0,15.0,inferred
Reading,2021-04-06,1.0,3.0,4.0,4.0,5.0,5.0,6.0,7.0,8.0,9.0,9.0,11.0,14.0,inferred
Reading,2021-04-07,1.0,3.0,4.0,4.0,5.0,6.0,7.0,7.0,8.0,9.0,10.0,12.0,15.0,inferred
Reading,2021-04-08,1.0,2.0,4.0,4.0,4.0,5.0,6.0,7.0,8.0,8.0,9.0,10.0,14.0,inferred
Reading,2021-04-09,0.5,2.0,3.0,3.0,3.0,4.0,5.0,6.0,7.0,7.0,8.0,10.0,13.0,inferred
Reading,2021-04-10,0.0,1.0,2.0,2.0,3.0,3.0,4.0,5.0,6.0,6.0,7.0,8.0,11.0,inferred
Reading,2021-04-11,0.0,2.0,3.0,3.0,3.0,4.0,5.0,5.0,6.0,7.0,7.0,9.0,12.0,inferred
Reading,2021-04-12,1.0,2.0,3.0,4.0,4.0,5.0,6.0,6.0,7.0,8.0,9.0,10.0,14.0,inferred
Reading,2021-04-13,1.0,2.0,3.0,3.0,4.0,5.0,5.0,6.0,7.0,8.0,8.0,10.0,14.0,inferred
Reading,2021-04-14,1.0,2.0,3.0,4.0,4.0,5.0,6.0,7.0,8.0,8.0,9.0,10.1,13.0,inferred
Reading,2021-04-15,1.0,2.0,3.0,3.0,4.0,5.0,5.0,6.0,7.0,7.0,8.0,10.0,13.0,inferred
Reading,2021-04-16,1.0,2.0,2.0,3.0,3.0,4.0,5.0,5.0,6.0,7.0,7.0,9.0,12.0,inferred
Reading,2021-04-17,0.0,1.0,2.0,2.0,3.0,3.0,4.0,5.0,5.0,6.0,6.0,8.0,11.0,inferred
Reading,2021-04-18,1.0,2.0,3.0,3.0,3.0,4.0,5.0,6.0,6.0,7.0,7.2,9.0,12.0,inferred
Reading,2021-04-19,1.0,2.0,3.0,4.0,4.0,5.0,6.0,7.0,8.0,8.0,9.0,11.0,14.0,inferred
Reading,2021-04-20,1.0,2.0,3.0,3.0,4.0,5.0,5.0,6.0,7.0,7.0,8.0,10.0,13.0,inferred
Reading,2021-04-21,1.0,2.0,3.0,4.0,4.0,5.0,6.0,6.0,7.0,8.0,8.0,10.0,14.0,inferred
Reading,2021-04-22,1.0,2.0,3.0,3.0,4.0,4.0,5.0,6.0,7.0,7.0,8.0,10.0,12.0,inferred
Reading,2021-04-23,0.0,1.0,2.0,3.0,3.0,4.0,4.0,5.0,6.0,7.0,7.0,9.0,11.5,inferred
Reading,2021-04-24,0.0,1.0,2.0,2.0,2.0,3.0,4.0,4.0,5.0,5.0,6.0,8.0,10.0,inferred
Reading,2021-04-25,0.0,1.0,2.0,3.0,3.0,4.0,4.0,5.0,6.0,6.0,7.0,8.0,11.0,inferred
Reading,2021-04-26,1.0,2.0,3.0,3.0,4.0,4.0,5.0,6.0,7.0,7.0,8.0,10.0,13.0,inferred
Reading,2021-04-27,1.0,2.0,3.0,3.0,4.0,4.0,5.0,6.0,7.0,8.0,8.0,10.0,13.0,inferred
Reading,2021-04-28,1.0,2.0,3.0,3.0,4.0,5.0,5.0,6.0,7.0,8.0,8.0,10.0,14.0,inferred
Reading,2021-04-29,1.0,2.0,3.0,3.0,4.0,4.0,5.0,6.0,7.0,7.0,8.0,10.0,13.0,inferred
Reading,2021-04-30,0.0,2.0,2.0,3.0,3.0,4.0,4.0,5.0,6.0,6.0,7.0,9.0,11.0,inferred
Reading,2021-05-01,0.0,1.0,2.0,2.0,2.0,3.0,3.0,4.0,5.0,5.0,6.0,7.0,10.0,inferred
Reading,2021-05-02,0.0,1.0,2.0,2.0,3.0,3.0,4.0,5.0,6.0,6.0,7.0,9.0,10.0,inferred
Reading,2021-05-03,1.0,2.0,3.0,3.0,4.0,4.0,5.0,6.0,7.0,7.0,8.0,10.0,13.0,inferred
Reading,2021-05-04,1.0,2.0,2.0,3.0,3.0,4.0,5.0,5.0,6.0,7.0,7.0,9.0,12.0,inferred
Reading,2021-05-05,1.0,2.0,3.0,3.0,4.0,4.0,5.0,6.0,7.0,7.0,8.0,10.0,13.0,inferred
Reading,2021-05-06,1.0,2.0,3.0,3.0,3.0,4.0,5.0,6.0,7.0,7.0,8.0,9.0,12.0,inferred
Reading,2021-05-07,0.0,1.0,2.0,3.0,3.0,4.0,4.0,5.0,6.0,7.0,7.0,9.0,12.0,inferred
Reading,2021-05-08,0.0,1.0,2.0,2.0,2.0,3.0,4.0,4.0,5.0,5.0,6.0,7.0,10.0,inferred
Reading,2021-05-09,1.0,2.0,2.0,3.0,3.0,4.0,5.0,5.0,6.0,7.0,7.0,9.0,13.0,inferred
Reading,2021-05-10,1.0,2.0,3.0,4.0,4.0,5.0,6.0,6.0,7.0,8.0,8.0,11.0,14.0,inferred
Reading,2021-05-11,1.0,2.0,3.0,4.0,4.0,5.0,6.0,6.0,7.0,8.0,9.0,10.0,13.5,inferred
Reading,2021-05-12,1.0,3.0,4.0,4.0,5.0,6.0,6.0,7.0,8.0,9.0,9.0,11.0,14.0,inferred
Reading,2021-05-13,1.0,3.0,4.0,4.0,5.0,6.0,7.0,7.0,9.0,9.0,10.0,12.0,15.0,inferred
Reading,2021-05-14,1.0,3.0,4.0,4.0,5.0,5.0,6.0,7.0,8.0,9.0,9.0,11.0,14.0,inferred
Reading,2021-05-15,1.0,2.0,3.0,4.0,4.0,5.0,5.0,6.0,7.0,8.0,8.0,10.0,13.0,inferred
Reading,2021-05-16,2.0,3.0,4.0,5.0,5.0,6.0,7.0,8.0,8.0,9.0,10.0,12.0,15.0,inferred
Reading,2021-05-17,3.0,4.0,6.0,6.0,7.0,8.0,9.0,10.0,11.0,12.0,13.0,15.0,19.0,inferred
Reading,2021-05-18,3.0,5.0,6.0,7.0,7.0,8.0,9.0,10.0,12.0,12.0,13.0,15.0,19.0,inferred
Reading,2021-05-19,4.0,5.0,7.0,8.0,8.0,10.0,11.0,12.0,13.0,14.0,15.0,17.0,21.0,inferred
Reading,2021-05-20,4.0,6.0,7.0,8.0,8.0,10.0,11.0,12.0,13.0,14.0,15.0,17.0,21.0,inferred
Reading,2021-05-21,3.0,5.0,7.0,8.0,8.0,9.0,10.0,11.0,13.0,13.0,14.0,17.0,21.0,inferred
Reading,2021-05-22,3.0,5.0,6.0,7.0,8.0,8.6,10.0,11.0,12.0,12.0,13.0,15.0,19.0,inferred
Reading,2021-05-23,5.0,7.0,9.0,9.0,10.0,11.0,12.0,14.0,15.0,16.0,17.0,19.0,24.0,inferred
Reading,2021-05-24,7.0,10.0,12.0,13.0,14.0,15.0,16.0,18.0,20.0,21.0,21.0,25.0,30.0,inferred
Reading,2021-05-25,8.0,11.0,12.0,13.0,14.0,15.0,17.0,18.0,20.0,21.0,22.0,25.0,30.0,inferred
Reading,2021-05-26,10.0,12.9,15.0,15.0,16.0,18.0,19.0,21.0,22.0,24.0,25.0,27.0,32.0,inferred
Reading,2021-05-27,9.0,12.0,14.0,15.0,16.0,17.0,19.0,20.0,22.0,23.0,24.0,27.0,33.0,inferred
Reading,2021-05-28,8.0,11.0,13.0,14.0,15.0,16.0,17.0,19.0,20.0,21.0,22.0,25.0,29.5,inferred
Reading,2021-05-29,7.0,9.0,11.0,12.0,12.0,14.0,15.0,16.0,18.0,18.0,19.0,22.0,27.0,inferred
Reading,2021-05-30,8.0,12.0,14.0,15.0,16.0,17.0,19.0,20.0,22.0,23.0,24.0,27.0,32.0,inferred
Reading,2021-05-31,12.0,16.0,18.8,19.8,20.0,22.0,24.0,26.0,27.0,29.0,30.0,34.0,39.0,inferred
Reading,2021-06-01,12.0,16.0,19.0,19.0,20.0,22.0,24.0,26.0,27.0,29.0,30.0,34.0,38.0,inferred
Reading,2021-06-02,13.0,17.0,20.0,21.0,22.0,24.0,25.0,27.0,29.0,30.0,31.0,34.0,40.0,inferred
Reading,2021-06-03,13.0,16.0,18.0,19.0,20.0,22.0,24.0,25.0,27.0,28.0,29.0,32.0,38.5,inferred
Reading,2021-06-04,11.0,14.0,16.0,17.0,18.0,20.0,21.0,23.0,25.0,26.0,27.0,30.0,35.0,inferred
Reading,2021-06-05,8.0,11.0,13.0,14.0,14.0,16.0,17.0,19.0,21.0,21.0,22.0,26.0,30.0,inferred
Reading,2021-06-06,11.0,14.0,16.0,17.0,18.0,20.0,21.0,23.0,24.0,25.0,26.0,29.0,35.0,inferred
Reading,2021-06-07,14.0,18.0,21.0,22.0,23.0,25.0,27.0,28.0,30.0,32.0,33.0,36.0,43.0,inferred
Reading,2021-06-08,13.0,18.0,21.0,22.0,23.0,25.0,27.0,28.0,30.3,31.0,33.0,36.0,42.5,inferred
Reading,2021-06-09,17.0,20.0,23.0,24.0,25.0,27.0,29.0,31.0,33.0,34.0,35.0,38.0,45.0,inferred
Reading,2021-06-10,16.0,20.0,23.0,24.0,25.0,26.0,28.0,30.0,32.0,33.0,35.0,38.0,43.0,inferred
Reading,2021-06-11,14.0,18.0,20.0,21.0,22.0,23.0,25.0,27.0,29.0,30.0,31.0,35.0,40.0,inferred
Reading,2021-06-12,11.0,15.0,17.0,18.0,18.0,20.0,21.0,23.0,24.0,26.0,27.0,30.0,35.0,inferred
Reading,2021-06-13,14.0,18.0,21.0,22.0,23.0,25.0,26.0,28.0,30.0,31.0,33.0,36.0,42.0,inferred
Reading,2021-06-14,19.0,23.0,27.0,28.0,29.0,31.0,33.0,35.0,37.0,38.0,40.0,44.0,50.0,inferred
Reading,2021-06-15,19.0,23.0,27.0,28.0,29.0,31.0,33.0,35.0,37.0,39.0,40.0,44.0,50.0,inferred
Reading,2021-06-16,20.0,25.0,29.0,30.0,31.0,33.0,35.0,37.0,40.0,41.0,43.0,47.0,54.0,inferred
Reading,2021-06-17,18.0,24.0,27.0,28.0,29.0,31.0,34.0,36.0,38.0,40.0,41.0,45.0,52.0,inferred
Reading,2021-06-18,18.0,21.0,24.0,25.0,26.0,28.0,30.0,32.0,34.0,36.0,37.0,41.0,47.0,inferred
Redbridge,2021-03-06,8.0,11.0,12.0,13.0,14.0,15.0,16.0,17.0,18.0,19.0,19.0,22.0,25.0,inferred
Redbridge,2021-03-07,10.0,12.0,14.0,15.0,15.0,17.0,18.0,19.0,21.0,21.0,22.0,25.0,29.0,inferred
Redbridge,2021-03-08,13.0,17.0,19.0,20.0,20.0,22.0,23.0,25.0,26.0,27.0,28.0,30.0,34.0,inferred
Redbridge,2021-03-09,13.0,16.0,18.0,19.0,20.0,21.0,22.0,24.0,25.0,26.0,27.0,30.0,34.0,inferred
Redbridge,2021-03-10,13.0,16.0,18.0,19.0,20.0,21.0,23.0,24.0,26.0,26.0,27.0,30.0,33.5,inferred
Redbridge,2021-03-11,12.0,15.0,17.0,17.0,18.0,20.0,21.0,22.0,24.0,25.0,25.0,28.0,32.0,inferred
Redbridge,2021-03-12,11.0,13.0,15.0,16.0,16.0,17.0,19.0,20.0,21.0,22.0,23.0,25.0,29.0,inferred
Redbridge,2021-03-13,8.0,10.0,12.0,13.0,13.0,15.0,16.0,17.0,18.0,19.0,19.0,21.0,24.0,inferred
Redbridge,2021-03-14,9.0,12.0,14.0,15.0,15.0,16.0,18.0,19.0,20.0,21.0,22.0,24.0,28.0,inferred
Redbridge,2021-03-15,13.0,16.0,19.0,19.0,20.0,21.0,23.0,24.0,25.0,26.0,27.0,30.0,34.0,inferred
Redbridge,2021-03-16,13.0,16.0,18.0,19.0,20.0,22.0,23.0,24.0,26.0,27.0,28.0,30.1,35.0,inferred
Redbridge,2021-03-17,13.0,17.0,19.0,20.0,20.0,22.0,23.0,25.0,27.0,27.0,28.0,31.0,36.0,inferred
Redbridge,2021-03-18,12.0,16.0,18.0,19.0,19.0,21.0,22.0,24.0,25.0,26.0,27.0,30.0,34.0,inferred
Redbridge,2021-03-19,11.0,14.0,15.0,16.0,17.0,18.0,20.0,21.0,23.0,23.0,24.0,27.0,31.0,inferred
Redbridge,2021-03-20,9.0,11.0,13.0,13.0,14.0,15.0,16.5,18.0,19.0,20.0,20.0,23.0,27.0,inferred
Redbridge,2021-03-21,10.0,13.0,15.0,16.0,16.0,18.0,19.0,20.0,21.0,22.0,23.0,26.0,30.0,inferred
Redbridge,2021-03-22,14.0,17.0,20.0,21.0,22.0,23.0,24.0,26.0,28.0,29.0,30.0,32.0,37.0,inferred
Redbridge,2021-03-23,14.0,17.0,19.0,20.0,21.0,22.0,24.0,25.0,27.0,28.0,29.0,31.0,35.0,inferred
Redbridge,2021-03-24,13.0,17.0,19.0,20.0,21.0,22.0,24.0,25.0,27.0,28.0,28.0,31.0,36.0,inferred
Redbridge,2021-03-25,12.0,15.0,17.0,18.0,18.0,20.0,21.0,23.0,24.0,25.0,26.0,28.0,32.0,inferred
Redbridge,2021-03-26,10.0,12.0,14.0,15.0,16.0,17.0,18.0,20.0,21.0,22.0,23.0,25.0,28.5,inferred
Redbridge,2021-03-27,7.0,9.0,11.0,12.0,12.0,13.0,15.0,16.0,17.0,18.0,18.0,20.0,24.0,inferred
Redbridge,2021-03-28,8.0,10.0,12.0,13.0,13.0,15.0,16.0,17.0,18.0,19.0,20.0,22.0,25.0,inferred
Redbridge,2021-03-29,10.5,13.0,15.0,16.0,17.0,18.0,19.0,20.0,22.0,23.0,24.0,26.0,31.0,inferred
Redbridge,2021-03-30,9.0,12.0,14.0,15.0,16.0,17.0,18.0,20.0,21.0,22.0,23.0,25.0,29.0,inferred
Redbridge,2021-03-31,9.0,12.0,14.0,15.0,16.0,17.0,18.0,19.0,21.0,21.0,22.0,25.0,28.5,inferred
Redbridge,2021-04-01,8.0,11.0,13.0,14.0,14.0,15.0,16.0,17.0,19.0,19.0,20.0,22.0,26.0,inferred
Redbridge,2021-04-02,7.0,9.0,11.0,11.0,12.0,13.0,14.0,15.0,16.0,17.0,18.0,20.0,23.0,inferred
Redbridge,2021-04-03,5.0,7.0,8.0,9.0,9.0,10.0,11.0,12.0,13.0,14.0,15.0,17.0,20.0,inferred
Redbridge,2021-04-04,6.0,8.0,9.8,10.0,11.0,12.0,13.0,14.0,15.0,15.0,16.0,18.0,22.0,inferred
Redbridge,2021-04-05,7.0,10.0,12.0,13.0,13.0,15.0,16.0,17.0,18.0,19.0,20.0,22.0,26.0,inferred
Redbridge,2021-04-06,8.0,10.0,12.0,12.0,13.0,14.0,15.0,16.0,18.0,18.0,19.0,21.0,25.0,inferred
Redbridge,2021-04-07,8.0,10.0,12.0,13.0,13.0,15.0,16.0,17.0,18.0,19.0,20.0,22.0,25.0,inferred
Redbridge,2021-04-08,8.0,10.0,11.0,12.0,13.0,14.0,15.0,16.0,17.0,18.0,19.0,21.0,24.0,inferred
Redbridge,2021-04-09,6.5,9.0,10.0,11.0,11.0,12.0,13.0,14.0,15.0,16.0,17.0,19.0,23.0,inferred
Redbridge,2021-04-10,4.0,7.0,8.0,9.0,9.0,10.0,11.0,12.0,13.0,14.0,15.0,16.0,19.0,inferred
Redbridge,2021-04-11,5.0,8.0,9.0,10.0,10.0,11.0,12.0,13.0,15.0,15.0,16.0,18.0,22.0,inferred
Redbridge,2021-04-12,8.0,11.0,12.0,13.0,14.0,15.0,16.0,17.0,18.0,19.0,20.0,22.0,26.0,inferred
Redbridge,2021-04-13,8.0,10.0,12.0,13.0,13.0,14.0,15.0,16.0,18.0,19.0,19.0,22.0,26.0,inferred
Redbridge,2021-04-14,8.0,10.0,12.0,12.0,13.0,14.0,16.0,17.0,18.0,19.0,20.0,22.0,25.0,inferred
Redbridge,2021-04-15,7.0,9.0,11.0,11.0,12.0,13.0,14.0,15.0,16.0,17.0,18.0,20.0,24.0,inferred
Redbridge,2021-04-16,5.0,8.0,9.0,10.0,11.0,12.0,13.0,14.0,15.0,15.0,16.0,18.0,21.0,inferred
Redbridge,2021-04-17,5.0,6.0,7.0,8.0,8.0,9.0,10.0,11.0,12.0,13.0,13.0,15.0,18.0,inferred
Redbridge,2021-04-18,5.0,7.0,8.0,9.0,9.0,10.0,11.0,12.0,13.0,14.0,14.0,16.1,20.0,inferred
Redbridge,2021-04-19,7.0,9.0,11.0,11.0,12.0,13.0,14.0,15.0,17.0,17.0,18.0,20.0,24.0,inferred
Redbridge,2021-04-20,6.0,9.0,10.0,11.0,11.0,12.0,13.0,15.0,16.0,17.0,17.0,19.0,23.0,inferred
Redbridge,2021-04-21,6.0,8.0,10.0,10.0,11.0,12.0,13.0,14.0,16.0,16.0,17.0,19.0,23.0,inferred
Redbridge,2021-04-22,5.0,7.0,9.0,9.0,10.0,11.0,12.0,13.0,14.0,15.0,15.0,17.0,21.0,inferred
Redbridge,2021-04-23,4.0,6.0,7.0,8.0,8.0,9.0,10.0,11.0,12.0,13.0,14.0,15.0,18.0,inferred
Redbridge,2021-04-24,3.0,4.0,5.0,6.0,6.0,7.0,8.0,9.0,10.0,10.0,11.0,12.1,15.0,inferred
Redbridge,2021-04-25,3.0,5.0,6.0,6.0,7.0,8.0,9.0,9.0,11.0,11.0,12.0,14.0,16.0,inferred
Redbridge,2021-04-26,4.0,6.0,7.0,8.0,9.0,10.0,10.0,11.0,12.0,13.0,14.0,16.0,19.0,inferred
Redbridge,2021-04-27,4.0,6.0,7.0,8.0,8.0,9.0,10.0,11.0,12.0,12.0,13.0,15.0,17.0,inferred
Redbridge,2021-04-28,4.0,5.0,7.0,7.0,8.0,8.0,9.0,10.0,11.0,12.0,13.0,15.0,18.0,inferred
Redbridge,2021-04-29,2.0,4.0,6.0,6.0,7.0,8.0,8.0,9.0,10.0,11.0,11.0,13.0,16.0,inferred
Redbridge,2021-04-30,2.0,4.0,5.0,5.0,6.0,7.0,7.0,8.0,9.0,10.0,10.0,12.0,14.0,inferred
Redbridge,2021-05-01,1.0,3.0,4.0,4.0,4.0,5.0,6.0,6.0,7.0,8.0,8.0,10.0,12.0,inferred
Redbridge,2021-05-02,2.0,3.0,4.0,5.0,5.0,5.0,6.0,7.0,8.0,8.0,9.0,11.0,13.0,inferred
Redbridge,2021-05-03,2.0,4.0,5.0,6.0,6.0,7.0,8.0,9.0,10.0,10.0,11.0,12.0,15.0,inferred
Redbridge,2021-05-04,2.0,4.0,5.0,5.0,6.0,7.0,8.0,8.0,9.0,10.0,10.0,12.0,15.0,inferred
Redbridge,2021-05-05,2.0,4.0,5.0,6.0,6.0,7.0,8.0,8.0,9.0,10.0,10.0,12.0,15.0,inferred
Redbridge,2021-05-06,2.0,4.0,5.0,5.0,5.0,6.0,7.0,8.0,9.0,9.0,10.0,12.0,14.0,inferred
Redbridge,2021-05-07,2.0,3.0,4.0,4.0,5.0,5.0,6.0,7.0,8.0,8.0,9.0,10.0,13.0,inferred
Redbridge,2021-05-08,1.0,2.0,3.0,3.0,4.0,4.0,5.0,6.0,6.0,7.0,7.0,9.0,11.0,inferred
Redbridge,2021-05-09,1.0,3.0,3.0,4.0,4.0,5.0,6.0,6.0,7.0,8.0,8.0,10.0,12.0,inferred
Redbridge,2021-05-10,2.0,4.0,5.0,5.0,6.0,6.0,7.0,8.0,9.0,9.0,10.0,11.0,14.0,inferred
Redbridge,2021-05-11,2.0,3.0,4.0,5.0,5.0,6.0,7.0,8.0,9.0,9.0,10.0,11.0,14.0,inferred
Redbridge,2021-05-12,2.0,4.0,5.0,5.0,5.0,6.0,7.0,8.0,8.0,9.0,10.0,11.0,14.0,inferred
Redbridge,2021-05-13,2.0,3.0,4.0,4.0,5.0,5.0,6.0,7.0,8.0,8.0,9.0,11.0,13.0,inferred
Redbridge,2021-05-14,1.0,2.0,3.0,4.0,4.0,5.0,6.0,6.0,7.0,8.0,8.0,10.0,12.0,inferred
Redbridge,2021-05-15,1.0,2.0,3.0,3.0,3.0,4.0,5.0,5.0,6.0,7.0,7.0,8.0,11.0,inferred
Redbridge,2021-05-16,1.0,3.0,3.0,4.0,4.0,5.0,5.0,6.0,7.0,7.0,8.0,9.0,12.0,inferred
Redbridge,2021-05-17,2.0,3.0,5.0,5.0,5.0,6.0,7.0,8.0,9.0,9.0,10.0,11.0,14.5,inferred
Redbridge,2021-05-18,2.0,4.0,5.0,5.0,6.0,6.0,7.0,8.0,9.0,9.0,10.0,11.0,14.0,inferred
Redbridge,2021-05-19,2.0,4.0,5.0,5.0,6.0,7.0,7.0,8.0,9.0,10.0,10.0,12.0,15.0,inferred
Redbridge,2021-05-20,2.0,4.0,5.0,5.0,6.0,7.0,7.0,8.0,9.0,9.0,10.0,12.0,14.0,inferred
Redbridge,2021-05-21,2.0,3.0,4.0,5.0,5.0,6.0,7.0,7.0,8.0,9.0,9.0,11.0,13.0,inferred
Redbridge,2021-05-22,1.0,3.0,3.8,4.0,4.0,5.0,6.0,6.0,7.0,7.0,8.0,9.0,12.0,inferred
Redbridge,2021-05-23,2.0,3.0,4.0,4.0,5.0,6.0,6.0,7.0,8.0,8.0,9.0,10.0,13.0,inferred
Redbridge,2021-05-24,3.0,4.0,6.0,6.0,7.0,7.0,8.0,9.0,10.0,11.0,11.0,13.0,16.0,inferred
Redbridge,2021-05-25,3.0,4.0,6.0,6.0,7.0,7.0,8.0,9.0,10.0,11.0,11.0,13.0,16.0,inferred
Redbridge,2021-05-26,3.0,5.0,6.0,7.0,7.0,8.0,9.0,10.0,11.0,11.0,12.0,14.0,16.0,inferred
Redbridge,2021-05-27,3.0,5.0,7.0,7.0,7.0,8.0,9.0,10.0,11.0,12.0,12.0,14.0,17.0,inferred
Redbridge,2021-05-28,3.0,5.0,6.0,7.0,7.0,8.0,9.0,10.0,11.0,11.0,12.0,14.0,16.0,inferred
Redbridge,2021-05-29,3.0,4.0,5.0,6.0,6.0,7.0,8.0,9.0,9.0,10.0,11.0,12.0,15.0,inferred
Redbridge,2021-05-30,3.0,5.0,6.0,7.0,8.0,8.0,9.0,10.0,11.0,12.0,12.0,14.0,17.0,inferred
Redbridge,2021-05-31,6.0,8.0,9.0,10.0,11.0,11.0,13.0,14.0,15.0,15.0,16.0,18.0,21.0,inferred
Redbridge,2021-06-01,6.0,8.0,10.0,11.0,11.0,12.0,13.0,14.0,15.3,16.0,17.0,19.0,22.0,inferred
Redbridge,2021-06-02,7.0,9.0,11.0,12.0,12.0,13.0,14.0,16.0,17.0,18.0,19.0,21.0,24.0,inferred
Redbridge,2021-06-03,7.0,9.0,11.0,12.0,12.0,14.0,15.0,16.0,17.0,18.0,18.0,21.0,24.0,inferred
Redbridge,2021-06-04,6.0,9.0,10.0,11.0,11.0,13.0,14.0,15.0,16.0,17.0,18.0,20.0,23.0,inferred
Redbridge,2021-06-05,5.0,8.0,9.0,10.0,10.0,11.0,12.0,13.0,15.0,15.0,16.0,18.0,21.0,inferred
Redbridge,2021-06-06,7.0,10.0,11.0,12.0,13.0,14.0,15.0,16.0,18.0,18.0,19.0,22.0,25.0,inferred
Redbridge,2021-06-07,11.0,14.0,16.0,17.0,18.0,19.0,21.0,22.0,23.0,24.0,25.0,28.0,32.0,inferred
Redbridge,2021-06-08,12.0,15.0,17.0,18.0,19.0,20.0,21.0,23.0,25.0,25.0,27.0,29.0,33.0,inferred
Redbridge,2021-06-09,13.0,16.0,18.0,19.0,20.0,21.0,23.0,24.0,26.0,26.0,27.0,30.0,34.0,inferred
Redbridge,2021-06-10,12.0,15.0,17.0,18.0,19.0,20.0,21.0,23.0,24.0,25.0,26.0,29.0,34.0,inferred
Redbridge,2021-06-11,11.0,14.0,16.0,17.0,17.0,19.0,20.0,21.0,23.0,23.0,24.0,27.0,31.5,inferred
Redbridge,2021-06-12,9.0,11.0,13.0,14.0,15.0,16.0,17.0,18.0,19.0,20.0,21.0,24.0,27.0,inferred
Redbridge,2021-06-13,11.0,14.0,16.0,17.0,17.0,19.0,20.0,21.0,23.0,24.0,25.0,27.0,31.0,inferred
Redbridge,2021-06-14,16.0,19.0,21.0,22.0,23.0,25.0,26.0,28.0,29.0,30.0,31.0,34.0,39.0,inferred
Redbridge,2021-06-15,16.0,19.0,22.0,23.0,24.0,25.0,27.0,28.0,30.0,31.0,32.0,35.0,40.5,inferred
Redbridge,2021-06-16,17.0,21.0,24.0,25.0,26.0,27.0,29.0,31.0,32.0,33.0,34.0,37.0,42.0,inferred
Redbridge,2021-06-17,16.0,20.0,23.0,24.0,24.0,26.0,28.0,29.0,31.0,32.0,33.0,36.0,42.0,inferred
Redbridge,2021-06-18,15.0,18.0,21.0,21.0,22.0,24.0,25.0,27.0,29.0,30.0,31.0,34.0,38.0,inferred
Redcar and Cleveland,2021-03-06,4.0,6.0,8.0,8.0,9.0,10.0,11.0,13.0,14.0,15.0,16.0,18.0,22.0,inferred
Redcar and Cleveland,2021-03-07,4.0,6.9,8.0,9.0,10.0,11.0,12.0,13.0,15.0,16.0,17.0,19.0,24.0,inferred
Redcar and Cleveland,2021-03-08,5.0,8.0,10.0,11.0,12.0,13.0,14.0,16.0,18.0,19.0,20.0,23.0,28.0,inferred
Redcar and Cleveland,2021-03-09,4.0,7.0,9.0,10.0,10.0,12.0,13.0,14.0,16.0,17.0,18.0,21.0,27.0,inferred
Redcar and Cleveland,2021-03-10,5.0,7.0,9.0,9.0,10.0,11.0,13.0,14.0,16.0,17.0,18.0,21.0,26.0,inferred
Redcar and Cleveland,2021-03-11,4.0,6.0,8.0,9.0,9.0,11.0,12.0,13.0,14.0,15.0,16.0,19.0,23.0,inferred
Redcar and Cleveland,2021-03-12,3.0,5.0,6.0,7.0,8.0,9.0,11.0,12.0,13.0,14.0,15.0,17.0,22.0,inferred
Redcar and Cleveland,2021-03-13,2.0,4.0,5.0,6.0,6.0,7.0,8.0,9.0,10.0,11.0,12.0,14.0,18.0,inferred
Redcar and Cleveland,2021-03-14,3.0,4.0,6.0,6.0,7.0,8.0,9.0,10.0,11.0,12.0,13.0,15.1,20.0,inferred
Redcar and Cleveland,2021-03-15,4.0,6.0,8.0,9.0,9.0,10.0,12.0,13.0,14.0,15.0,16.0,19.0,23.0,inferred
Redcar and Cleveland,2021-03-16,3.0,5.0,7.0,8.0,8.0,9.6,11.0,12.0,13.0,14.0,15.0,18.0,22.0,inferred
Redcar and Cleveland,2021-03-17,3.0,6.0,7.0,8.0,8.0,10.0,11.0,12.0,13.0,14.0,15.0,18.0,22.0,inferred
Redcar and Cleveland,2021-03-18,3.0,4.0,6.0,7.0,7.0,8.0,10.0,11.0,12.0,13.0,14.0,16.0,21.0,inferred
Redcar and Cleveland,2021-03-19,2.0,4.0,5.0,6.0,7.0,8.0,9.0,10.0,11.0,12.0,13.0,15.0,20.0,inferred
Redcar and Cleveland,2021-03-20,1.0,3.0,4.0,4.0,5.0,6.0,7.0,8.0,9.0,9.0,10.0,12.0,16.0,inferred
Redcar and Cleveland,2021-03-21,1.0,3.0,4.0,5.0,5.0,6.0,7.0,8.0,9.0,10.0,11.0,13.0,17.0,inferred
Redcar and Cleveland,2021-03-22,2.0,4.0,6.0,6.0,7.0,8.0,9.0,10.0,12.0,13.0,14.0,16.0,20.0,inferred
Redcar and Cleveland,2021-03-23,2.0,3.0,5.0,6.0,6.0,7.0,8.0,9.0,10.0,11.0,12.0,14.0,18.0,inferred
Redcar and Cleveland,2021-03-24,2.0,3.0,5.0,5.0,6.0,7.0,8.0,9.0,10.0,11.0,12.0,15.0,19.0,inferred
Redcar and Cleveland,2021-03-25,2.0,3.0,4.0,5.0,5.0,6.0,7.0,8.0,10.0,10.0,11.0,13.0,17.0,inferred
Redcar and Cleveland,2021-03-26,1.0,2.0,3.0,4.0,4.0,5.0,6.0,7.0,8.0,9.0,10.0,12.0,16.0,inferred
Redcar and Cleveland,2021-03-27,1.0,2.0,3.0,3.0,3.0,4.0,5.0,6.0,7.0,7.0,8.0,10.0,14.0,inferred
Redcar and Cleveland,2021-03-28,1.0,2.0,3.0,3.0,4.0,4.0,5.0,6.0,7.0,8.0,9.0,11.0,14.0,inferred
Redcar and Cleveland,2021-03-29,1.0,2.0,4.0,4.0,5.0,6.0,6.0,7.0,8.3,9.0,10.0,13.0,16.5,inferred
Redcar and Cleveland,2021-03-30,1.0,2.0,3.0,4.0,4.0,5.0,6.0,7.0,8.0,8.0,9.0,11.0,15.0,inferred
Redcar and Cleveland,2021-03-31,1.0,2.0,3.0,4.0,4.0,5.0,6.0,7.0,8.0,8.0,9.0,11.0,15.0,inferred
Redcar and Cleveland,2021-04-01,1.0,2.0,3.0,3.0,3.0,4.0,5.0,6.0,7.0,7.0,8.0,10.0,14.0,inferred
Redcar and Cleveland,2021-04-02,0.0,1.0,2.0,2.0,3.0,4.0,4.0,5.0,6.0,7.0,7.0,9.0,12.0,inferred
Redcar and Cleveland,2021-04-03,0.0,1.0,1.0,2.0,2.0,2.0,3.0,4.0,5.0,5.0,6.0,8.0,11.0,inferred
Redcar and Cleveland,2021-04-04,0.0,1.0,1.0,2.0,2.0,3.0,3.0,4.0,5.0,5.0,6.0,8.0,11.0,inferred
Redcar and Cleveland,2021-04-05,0.0,1.0,2.0,2.0,3.0,4.0,4.0,5.0,6.0,7.0,7.0,9.0,12.0,inferred
Redcar and Cleveland,2021-04-06,0.0,1.0,2.0,2.0,2.0,3.0,4.0,5.0,6.0,6.0,7.0,9.0,12.0,inferred
Redcar and Cleveland,2021-04-07,0.0,1.0,2.0,2.0,3.0,3.0,4.0,5.0,6.0,6.0,7.0,9.0,12.0,inferred
Redcar and Cleveland,2021-04-08,0.0,1.0,2.0,2.0,2.0,3.0,3.0,4.0,5.0,6.0,6.0,8.0,11.0,inferred
Redcar and Cleveland,2021-04-09,0.0,1.0,1.0,2.0,2.0,3.0,3.0,4.0,5.0,5.0,6.0,7.0,10.5,inferred
Redcar and Cleveland,2021-04-10,0.0,0.0,1.0,1.0,1.0,2.0,2.0,3.0,4.0,4.0,5.0,6.0,9.0,inferred
Redcar and Cleveland,2021-04-11,0.0,0.0,1.0,1.0,1.0,2.0,3.0,3.0,4.0,4.0,5.0,7.0,10.0,inferred
Redcar and Cleveland,2021-04-12,0.0,1.0,1.0,2.0,2.0,3.0,3.0,4.0,5.0,6.0,6.0,8.0,11.0,inferred
Redcar and Cleveland,2021-04-13,0.0,0.0,1.0,2.0,2.0,2.0,3.0,4.0,5.0,5.0,6.0,7.0,10.0,inferred
Redcar and Cleveland,2021-04-14,0.0,0.0,1.0,2.0,2.0,2.0,3.0,4.0,5.0,5.0,6.0,8.0,11.0,inferred
Redcar and Cleveland,2021-04-15,0.0,0.0,1.0,1.0,2.0,2.0,3.0,4.0,4.0,5.0,5.0,7.0,10.0,inferred
Redcar and Cleveland,2021-04-16,0.0,0.0,1.0,1.0,1.0,2.0,2.0,3.0,4.0,4.0,5.0,7.0,10.0,inferred
Redcar and Cleveland,2021-04-17,0.0,0.0,0.0,1.0,1.0,1.0,2.0,2.0,3.0,4.0,4.0,5.0,8.0,inferred
Redcar and Cleveland,2021-04-18,0.0,0.0,1.0,1.0,1.0,2.0,2.0,3.0,3.0,4.0,4.0,6.0,9.0,inferred
Redcar and Cleveland,2021-04-19,0.0,0.0,1.0,1.0,2.0,2.0,3.0,4.0,4.0,5.0,5.0,7.0,10.0,inferred
Redcar and Cleveland,2021-04-20,0.0,0.0,1.0,1.0,1.0,2.0,2.0,3.0,4.0,4.0,5.0,7.0,10.0,inferred
Redcar and Cleveland,2021-04-21,0.0,0.0,1.0,1.0,1.0,2.0,2.0,3.0,4.0,4.0,5.0,7.0,10.0,inferred
Redcar and Cleveland,2021-04-22,0.0,0.0,1.0,1.0,1.0,2.0,2.0,3.0,4.0,4.0,5.0,6.0,9.0,inferred
Redcar and Cleveland,2021-04-23,0.0,0.0,1.0,1.0,1.0,2.0,2.0,3.0,3.0,4.0,4.0,6.0,8.0,inferred
Redcar and Cleveland,2021-04-24,0.0,0.0,0.0,1.0,1.0,1.0,2.0,2.0,3.0,3.0,4.0,5.0,8.0,inferred
Redcar and Cleveland,2021-04-25,0.0,0.0,0.0,1.0,1.0,1.0,2.0,2.0,3.0,3.0,4.0,5.0,8.0,inferred
Redcar and Cleveland,2021-04-26,0.0,0.0,1.0,1.0,1.0,2.0,2.0,3.0,4.0,4.0,5.0,6.0,9.5,inferred
Redcar and Cleveland,2021-04-27,0.0,0.0,1.0,1.0,1.0,2.0,2.0,3.0,3.0,4.0,4.0,6.0,8.5,inferred
Redcar and Cleveland,2021-04-28,0.0,0.0,1.0,1.0,1.0,2.0,2.0,3.0,4.0,4.0,5.0,6.0,9.0,inferred
Redcar and Cleveland,2021-04-29,0.0,0.0,1.0,1.0,1.0,2.0,2.0,3.0,4.0,4.0,4.0,6.0,9.0,inferred
Redcar and Cleveland,2021-04-30,0.0,0.0,1.0,1.0,1.0,2.0,2.0,3.0,3.0,4.0,4.0,6.0,8.0,inferred
Redcar and Cleveland,2021-05-01,0.0,0.0,0.0,1.0,1.0,1.0,2.0,2.0,3.0,3.0,4.0,5.0,7.5,inferred
Redcar and Cleveland,2021-05-02,0.0,0.0,0.0,1.0,1.0,1.0,2.0,2.0,3.0,3.0,4.0,5.0,8.0,inferred
Redcar and Cleveland,2021-05-03,0.0,0.0,1.0,1.0,1.0,2.0,3.0,3.0,4.0,4.0,5.0,6.0,9.0,inferred
Redcar and Cleveland,2021-05-04,0.0,0.0,1.0,1.0,1.0,2.0,2.0,3.0,4.0,4.0,5.0,6.0,9.0,inferred
Redcar and Cleveland,2021-05-05,0.0,0.0,1.0,1.0,1.0,2.0,3.0,3.0,4.0,4.0,5.0,7.0,10.0,inferred
Redcar and Cleveland,2021-05-06,0.0,0.0,1.0,1.0,1.0,2.0,2.0,3.0,4.0,4.0,5.0,6.0,9.0,inferred
Redcar and Cleveland,2021-05-07,0.0,0.0,1.0,1.0,1.0,1.0,2.0,3.0,3.0,4.0,4.0,5.1,9.0,inferred
Redcar and Cleveland,2021-05-08,0.0,0.0,0.0,1.0,1.0,1.0,2.0,2.0,3.0,3.0,4.0,5.0,8.0,inferred
Redcar and Cleveland,2021-05-09,0.0,0.0,0.0,1.0,1.0,1.0,2.0,2.0,3.0,3.0,4.0,5.0,8.0,inferred
Redcar and Cleveland,2021-05-10,0.0,0.0,1.0,1.0,1.0,2.0,3.0,3.0,4.0,4.0,5.0,6.0,9.0,inferred
Redcar and Cleveland,2021-05-11,0.0,0.0,1.0,1.0,1.0,2.0,2.0,3.0,3.0,4.0,4.0,6.0,8.0,inferred
Redcar and Cleveland,2021-05-12,0.0,0.0,1.0,1.0,1.0,2.0,2.0,3.0,4.0,4.0,5.0,6.0,9.0,inferred
Redcar and Cleveland,2021-05-13,0.0,0.0,1.0,1.0,1.0,2.0,2.0,3.0,4.0,4.0,4.0,6.0,8.0,inferred
Redcar and Cleveland,2021-05-14,0.0,0.0,1.0,1.0,1.0,1.0,2.0,2.0,3.0,4.0,4.0,5.0,8.0,inferred
Redcar and Cleveland,2021-05-15,0.0,0.0,0.0,1.0,1.0,1.0,2.0,2.0,3.0,3.0,3.0,5.0,7.0,inferred
Redcar and Cleveland,2021-05-16,0.0,0.0,0.0,1.0,1.0,1.0,2.0,2.0,3.0,3.0,4.0,5.0,7.0,inferred
Redcar and Cleveland,2021-05-17,0.0,0.0,1.0,1.0,1.0,2.0,2.0,3.0,4.0,4.0,4.0,6.0,9.0,inferred
Redcar and Cleveland,2021-05-18,0.0,0.0,1.0,1.0,1.0,2.0,2.0,3.0,4.0,4.0,5.0,6.0,9.0,inferred
Redcar and Cleveland,2021-05-19,0.0,0.0,1.0,1.0,1.0,2.0,2.0,3.0,4.0,4.0,5.0,6.0,9.0,inferred
Redcar and Cleveland,2021-05-20,0.0,0.0,1.0,1.0,1.0,2.0,2.0,3.0,3.0,4.0,4.0,6.0,9.0,inferred
Redcar and Cleveland,2021-05-21,0.0,0.0,1.0,1.0,1.0,2.0,2.0,3.0,3.0,4.0,4.0,6.0,9.0,inferred
Redcar and Cleveland,2021-05-22,0.0,0.0,0.0,1.0,1.0,1.0,2.0,2.0,3.0,3.0,4.0,5.0,8.0,inferred
Redcar and Cleveland,2021-05-23,0.0,0.0,1.0,1.0,1.0,1.0,2.0,3.0,3.0,4.0,4.0,6.0,8.0,inferred
Redcar and Cleveland,2021-05-24,0.0,0.0,1.0,1.0,2.0,2.0,3.0,3.0,4.0,5.0,5.0,7.0,10.0,inferred
Redcar and Cleveland,2021-05-25,0.0,0.0,1.0,1.0,1.0,2.0,3.0,3.0,4.0,4.0,5.0,6.0,9.0,inferred
Redcar and Cleveland,2021-05-26,0.0,0.0,1.0,1.0,2.0,2.0,3.0,3.0,4.0,4.0,5.0,7.0,9.5,inferred
Redcar and Cleveland,2021-05-27,0.0,0.0,1.0,1.0,1.0,2.0,2.0,3.0,4.0,4.0,5.0,6.0,9.0,inferred
Redcar and Cleveland,2021-05-28,0.0,0.0,1.0,1.0,1.0,2.0,2.0,3.0,3.0,4.0,4.0,6.0,8.0,inferred
Redcar and Cleveland,2021-05-29,0.0,0.0,0.0,1.0,1.0,1.0,2.0,2.0,3.0,3.0,4.0,5.0,8.0,inferred
Redcar and Cleveland,2021-05-30,0.0,0.0,1.0,1.0,1.0,1.0,2.0,2.0,3.0,3.0,4.0,5.0,8.0,inferred
Redcar and Cleveland,2021-05-31,0.0,0.0,1.0,1.0,2.0,2.0,3.0,3.0,4.0,5.0,5.0,7.0,10.0,inferred
Redcar and Cleveland,2021-06-01,0.0,0.0,1.0,1.0,2.0,2.0,3.0,3.0,4.0,5.0,5.0,7.0,10.0,inferred
Redcar and Cleveland,2021-06-02,0.0,1.0,1.0,2.0,2.0,3.0,3.0,4.0,5.0,5.0,6.0,8.0,11.0,inferred
Redcar and Cleveland,2021-06-03,0.0,1.0,1.0,2.0,2.0,3.0,3.0,4.0,5.0,5.0,6.0,8.0,11.0,inferred
Redcar and Cleveland,2021-06-04,0.0,1.0,1.0,2.0,2.0,3.0,3.0,4.0,5.0,5.0,6.0,8.0,11.0,inferred
Redcar and Cleveland,2021-06-05,0.0,0.0,1.0,1.0,2.0,2.0,3.0,4.0,4.0,5.0,6.0,7.0,10.0,inferred
Redcar and Cleveland,2021-06-06,0.0,1.0,2.0,2.0,2.0,3.0,4.0,4.0,5.0,6.0,6.0,8.0,11.0,inferred
Redcar and Cleveland,2021-06-07,1.0,2.0,3.0,3.0,4.0,4.0,5.0,6.0,7.0,8.0,8.0,10.0,14.0,inferred
Redcar and Cleveland,2021-06-08,1.0,2.0,3.0,3.0,4.0,5.0,6.0,6.0,8.0,8.0,9.0,11.0,15.0,inferred
Redcar and Cleveland,2021-06-09,1.0,3.0,4.0,4.0,5.0,6.0,7.0,8.0,9.0,10.0,10.0,12.0,16.5,inferred
Redcar and Cleveland,2021-06-10,1.0,3.0,4.0,4.0,5.0,5.0,6.0,7.0,9.0,9.0,10.0,12.0,17.0,inferred
Redcar and Cleveland,2021-06-11,1.0,2.0,4.0,4.0,5.0,6.0,6.5,7.0,9.0,9.0,10.0,12.0,16.0,inferred
Redcar and Cleveland,2021-06-12,1.0,2.0,3.0,4.0,4.0,5.0,6.0,7.0,8.0,9.0,9.0,12.0,16.0,inferred
Redcar and Cleveland,2021-06-13,1.0,3.0,4.0,5.0,5.0,6.0,7.0,8.0,9.0,10.0,11.0,13.0,17.0,inferred
Redcar and Cleveland,2021-06-14,3.0,5.0,7.0,7.0,8.0,9.0,11.0,12.0,13.0,14.0,15.0,17.0,22.0,inferred
Redcar and Cleveland,2021-06-15,3.0,5.0,7.0,7.0,8.0,9.0,10.0,12.0,13.0,14.0,15.0,18.0,22.0,inferred
Redcar and Cleveland,2021-06-16,3.0,6.0,7.0,8.0,9.0,10.0,12.0,13.0,15.0,15.0,16.0,20.0,25.0,inferred
Redcar and Cleveland,2021-06-17,3.0,6.0,8.0,8.0,9.0,10.0,12.0,13.0,15.0,15.0,16.2,19.0,24.0,inferred
Redcar and Cleveland,2021-06-18,3.0,6.0,8.0,8.0,9.0,10.0,12.0,13.0,14.0,15.0,17.0,19.0,24.0,inferred
Redditch,2021-03-06,6.0,8.0,10.0,11.0,11.0,12.0,14.0,15.0,16.0,17.0,18.0,21.0,24.0,inferred
Redditch,2021-03-07,8.0,10.0,12.0,13.0,14.0,15.0,16.0,18.0,19.0,20.0,21.0,23.1,28.0,inferred
Redditch,2021-03-08,11.0,14.0,16.0,17.0,18.0,19.0,21.0,22.0,24.0,25.0,26.0,29.0,33.5,inferred
Redditch,2021-03-09,10.0,13.0,16.0,16.8,17.0,19.0,20.0,22.0,23.0,24.0,25.0,28.0,33.0,inferred
Redditch,2021-03-10,11.0,14.0,16.0,17.0,18.0,20.0,21.0,23.0,25.0,25.0,26.0,29.0,34.0,inferred
Redditch,2021-03-11,10.0,12.0,14.0,15.0,16.0,17.0,19.0,20.0,22.0,23.0,24.0,27.0,31.0,inferred
Redditch,2021-03-12,8.0,11.0,13.0,13.0,14.0,16.0,17.0,18.0,20.0,21.0,21.0,24.1,29.0,inferred
Redditch,2021-03-13,6.0,8.0,10.0,11.0,11.0,13.0,14.0,15.0,16.0,17.0,18.0,21.0,25.0,inferred
Redditch,2021-03-14,7.0,10.0,12.0,13.0,13.0,15.0,16.0,17.0,18.0,19.0,20.0,23.0,27.0,inferred
Redditch,2021-03-15,10.0,13.0,16.0,16.0,17.0,19.0,20.0,22.0,23.0,24.0,25.0,28.0,34.0,inferred
Redditch,2021-03-16,10.0,13.0,15.0,16.0,16.0,18.0,19.0,21.0,22.0,23.0,24.0,27.0,32.0,inferred
Redditch,2021-03-17,9.0,13.0,15.0,15.0,16.0,18.0,20.0,21.0,23.0,24.0,25.0,28.0,33.0,inferred
Redditch,2021-03-18,8.0,10.0,12.0,13.0,14.0,15.0,17.0,18.0,20.0,21.0,21.0,24.0,29.0,inferred
Redditch,2021-03-19,6.0,9.0,10.0,11.0,12.0,13.0,14.0,16.0,17.0,18.0,19.0,21.0,26.0,inferred
Redditch,2021-03-20,4.0,6.0,8.0,8.0,9.0,10.0,11.0,12.0,13.0,14.0,15.0,17.0,21.0,inferred
Redditch,2021-03-21,5.0,7.0,9.0,9.0,10.0,11.0,12.0,13.0,15.0,15.0,16.0,19.0,22.0,inferred
Redditch,2021-03-22,7.0,9.0,11.0,12.0,12.0,14.0,15.0,16.0,17.0,18.0,19.0,22.0,26.0,inferred
Redditch,2021-03-23,5.0,8.0,10.0,10.0,11.0,12.0,13.0,15.0,16.0,17.0,18.0,21.0,25.0,inferred
Redditch,2021-03-24,5.0,8.0,9.0,10.0,10.7,12.0,13.0,14.0,15.0,16.0,17.0,19.0,23.0,inferred
Redditch,2021-03-25,4.0,6.0,7.0,8.0,9.0,9.0,10.0,12.0,13.0,13.0,14.0,16.0,20.0,inferred
Redditch,2021-03-26,3.0,4.0,5.0,6.0,7.0,8.0,9.0,10.0,10.3,11.0,12.0,14.0,17.0,inferred
Redditch,2021-03-27,1.0,3.0,4.0,4.0,5.0,5.0,6.0,7.0,8.0,8.0,9.0,10.0,13.0,inferred
Redditch,2021-03-28,1.0,3.0,4.0,5.0,5.0,6.0,7.0,7.0,8.0,9.0,10.0,12.0,15.0,inferred
Redditch,2021-03-29,2.0,4.0,5.0,5.0,6.0,7.0,8.0,9.0,10.0,10.0,11.0,13.0,16.0,inferred
Redditch,2021-03-30,2.0,3.0,4.0,5.0,5.0,6.0,7.0,8.0,9.0,9.0,10.0,12.0,15.0,inferred
Redditch,2021-03-31,1.0,3.0,4.0,4.0,5.0,6.0,6.0,7.0,8.0,9.0,10.0,12.0,14.0,inferred
Redditch,2021-04-01,1.0,2.0,3.0,3.0,4.0,4.6,5.0,6.0,7.0,7.0,8.0,10.0,13.0,inferred
Redditch,2021-04-02,0.0,1.0,2.0,3.0,3.0,4.0,4.0,5.0,6.0,6.0,7.0,8.0,11.0,inferred
Redditch,2021-04-03,0.0,1.0,1.0,2.0,2.0,2.0,3.0,3.0,4.0,5.0,5.0,6.0,8.0,inferred
Redditch,2021-04-04,0.0,1.0,1.0,2.0,2.0,3.0,3.0,4.0,4.0,5.0,5.0,7.0,9.0,inferred
Redditch,2021-04-05,0.0,1.0,2.0,2.0,2.0,3.0,3.0,4.0,5.0,5.0,6.0,7.0,10.0,inferred
Redditch,2021-04-06,0.0,1.0,1.0,2.0,2.0,2.0,3.0,4.0,4.0,5.0,5.0,7.0,9.0,inferred
Redditch,2021-04-07,0.0,1.0,1.0,2.0,2.0,2.0,3.0,4.0,4.0,5.0,5.0,6.0,9.0,inferred
Redditch,2021-04-08,0.0,0.0,1.0,1.0,2.0,2.0,3.0,3.0,4.0,4.0,5.0,6.0,8.0,inferred
Redditch,2021-04-09,0.0,0.0,1.0,1.0,1.0,2.0,2.0,3.0,3.0,4.0,4.0,5.0,7.0,inferred
Redditch,2021-04-10,0.0,0.0,0.0,1.0,1.0,1.0,1.0,2.0,2.0,3.0,3.0,4.0,6.0,inferred
Redditch,2021-04-11,0.0,0.0,0.0,1.0,1.0,1.0,2.0,2.0,3.0,3.0,3.0,5.0,7.0,inferred
Redditch,2021-04-12,0.0,0.0,1.0,1.0,1.0,1.0,2.0,2.0,3.0,3.0,4.0,5.0,7.0,inferred
Redditch,2021-04-13,0.0,0.0,1.0,1.0,1.0,1.0,2.0,2.0,3.0,3.0,4.0,5.0,7.0,inferred
Redditch,2021-04-14,0.0,0.0,1.0,1.0,1.0,2.0,2.0,2.0,3.0,3.0,4.0,5.0,7.0,inferred
Redditch,2021-04-15,0.0,0.0,0.0,1.0,1.0,1.0,2.0,2.0,3.0,3.0,3.0,4.1,6.5,inferred
Redditch,2021-04-16,0.0,0.0,0.0,0.0,1.0,1.0,1.0,2.0,2.0,3.0,3.0,4.0,6.0,inferred
Redditch,2021-04-17,0.0,0.0,0.0,0.0,0.0,1.0,1.0,1.0,2.0,2.0,2.0,3.0,5.0,inferred
Redditch,2021-04-18,0.0,0.0,0.0,0.0,1.0,1.0,1.0,2.0,2.0,2.2,3.0,4.0,6.0,inferred
Redditch,2021-04-19,0.0,0.0,0.0,1.0,1.0,1.0,2.0,2.0,3.0,3.0,3.2,5.0,6.0,inferred
Redditch,2021-04-20,0.0,0.0,0.0,1.0,1.0,1.0,2.0,2.0,3.0,3.0,3.0,4.0,6.0,inferred
Redditch,2021-04-21,0.0,0.0,0.0,1.0,1.0,1.0,2.0,2.0,3.0,3.0,3.0,4.0,6.0,inferred
Redditch,2021-04-22,0.0,0.0,0.0,1.0,1.0,1.0,1.0,2.0,3.0,3.0,3.0,4.0,6.0,inferred
Redditch,2021-04-23,0.0,0.0,0.0,0.0,1.0,1.0,1.0,2.0,2.0,2.0,3.0,4.0,6.0,inferred
Redditch,2021-04-24,0.0,0.0,0.0,0.0,0.0,1.0,1.0,1.0,2.0,2.0,2.0,3.0,5.0,inferred
Redditch,2021-04-25,0.0,0.0,0.0,0.0,0.0,1.0,1.0,1.0,2.0,2.0,2.0,3.0,5.0,inferred
Redditch,2021-04-26,0.0,0.0,0.0,0.0,1.0,1.0,1.0,2.0,2.0,3.0,3.0,4.0,6.0,inferred
Redditch,2021-04-27,0.0,0.0,0.0,0.0,1.0,1.0,1.0,2.0,2.0,3.0,3.0,4.0,6.0,inferred
Redditch,2021-04-28,0.0,0.0,0.0,0.0,1.0,1.0,1.0,2.0,2.0,3.0,3.0,4.0,6.0,inferred
Redditch,2021-04-29,0.0,0.0,0.0,0.0,1.0,1.0,1.0,2.0,2.0,2.0,3.0,4.0,6.0,inferred
Redditch,2021-04-30,0.0,0.0,0.0,0.0,0.0,1.0,1.0,1.0,2.0,2.0,3.0,4.0,6.0,inferred
Redditch,2021-05-01,0.0,0.0,0.0,0.0,0.0,0.0,1.0,1.0,1.0,2.0,2.0,3.0,4.0,inferred
Redditch,2021-05-02,0.0,0.0,0.0,0.0,0.0,1.0,1.0,1.0,2.0,2.0,2.0,3.0,5.0,inferred
Redditch,2021-05-03,0.0,0.0,0.0,0.0,1.0,1.0,1.0,2.0,2.0,2.0,3.0,4.0,6.0,inferred
Redditch,2021-05-04,0.0,0.0,0.0,0.0,0.0,1.0,1.0,1.0,2.0,2.0,3.0,4.0,5.0,inferred
Redditch,2021-05-05,0.0,0.0,0.0,0.0,1.0,1.0,1.0,2.0,2.0,2.0,3.0,4.0,6.0,inferred
Redditch,2021-05-06,0.0,0.0,0.0,0.0,0.0,1.0,1.0,1.0,2.0,2.0,3.0,3.0,5.0,inferred
Redditch,2021-05-07,0.0,0.0,0.0,0.0,0.0,1.0,1.0,1.0,2.0,2.0,2.0,3.0,5.0,inferred
Redditch,2021-05-08,0.0,0.0,0.0,0.0,0.0,0.0,1.0,1.0,1.0,2.0,2.0,3.0,4.0,inferred
Redditch,2021-05-09,0.0,0.0,0.0,0.0,0.0,1.0,1.0,1.0,2.0,2.0,2.0,3.0,5.0,inferred
Redditch,2021-05-10,0.0,0.0,0.0,0.0,0.0,1.0,1.0,1.0,2.0,2.0,3.0,4.0,5.5,inferred
Redditch,2021-05-11,0.0,0.0,0.0,0.0,0.0,1.0,1.0,1.0,2.0,2.0,3.0,4.0,5.0,inferred
Redditch,2021-05-12,0.0,0.0,0.0,0.0,1.0,1.0,1.0,2.0,2.0,2.0,3.0,4.0,6.0,inferred
Redditch,2021-05-13,0.0,0.0,0.0,0.0,0.0,1.0,1.0,1.0,2.0,2.0,3.0,3.0,5.0,inferred
Redditch,2021-05-14,0.0,0.0,0.0,0.0,0.0,1.0,1.0,1.0,2.0,2.0,2.0,3.0,5.0,inferred
Redditch,2021-05-15,0.0,0.0,0.0,0.0,0.0,1.0,1.0,1.0,2.0,2.0,2.0,3.0,5.0,inferred
Redditch,2021-05-16,0.0,0.0,0.0,0.0,0.0,1.0,1.0,1.0,2.0,2.0,3.0,4.0,6.0,inferred
Redditch,2021-05-17,0.0,0.0,0.0,1.0,1.0,1.0,2.0,2.0,3.0,3.0,3.0,4.0,6.0,inferred
Redditch,2021-05-18,0.0,0.0,1.0,1.0,1.0,1.0,2.0,2.0,3.0,3.0,3.0,5.0,6.0,inferred
Redditch,2021-05-19,0.0,0.0,1.0,1.0,1.0,1.0,2.0,2.0,3.0,3.0,4.0,5.0,7.0,inferred
Redditch,2021-05-20,0.0,0.0,1.0,1.0,1.0,1.0,2.0,2.0,3.0,3.0,3.0,4.0,6.0,inferred
Redditch,2021-05-21,0.0,0.0,0.0,1.0,1.0,1.0,2.0,2.0,3.0,3.0,3.0,5.0,7.0,inferred
Redditch,2021-05-22,0.0,0.0,0.0,1.0,1.0,1.0,1.0,2.0,2.0,3.0,3.0,4.0,6.0,inferred
Redditch,2021-05-23,0.0,0.0,1.0,1.0,1.0,1.0,2.0,2.0,3.0,3.0,4.0,5.0,7.0,inferred
Redditch,2021-05-24,0.0,0.0,1.0,1.0,2.0,2.0,3.0,3.0,4.0,4.0,5.0,6.0,8.0,inferred
Redditch,2021-05-25,0.0,1.0,1.0,2.0,2.0,2.0,3.0,3.0,4.0,4.0,5.0,6.0,9.0,inferred
Redditch,2021-05-26,0.0,1.0,1.0,2.0,2.0,3.0,3.0,4.0,5.0,5.0,6.0,7.0,10.0,inferred
Redditch,2021-05-27,0.0,1.0,2.0,2.0,2.0,3.0,3.0,4.0,5.0,5.0,6.0,7.0,9.0,inferred
Redditch,2021-05-28,0.0,1.0,2.0,2.0,2.0,3.0,3.0,4.0,5.0,5.0,6.0,7.0,9.0,inferred
Redditch,2021-05-29,0.0,1.0,1.0,1.0,2.0,2.0,3.0,3.0,4.0,4.0,5.0,6.0,8.0,inferred
Redditch,2021-05-30,0.0,1.0,2.0,2.0,2.0,3.0,3.0,4.0,5.0,5.0,6.0,7.0,10.0,inferred
Redditch,2021-05-31,1.0,2.0,3.0,3.0,3.0,4.0,5.0,5.0,6.0,7.0,8.0,9.0,12.0,inferred
Redditch,2021-06-01,1.0,2.0,3.0,3.0,3.0,4.0,5.0,5.0,6.0,7.0,7.0,9.0,11.0,inferred
Redditch,2021-06-02,1.0,2.0,3.0,3.0,3.0,4.0,5.0,6.0,7.0,7.0,8.0,10.0,12.0,inferred
Redditch,2021-06-03,1.0,2.0,3.0,3.0,3.0,4.0,5.0,5.0,6.0,7.0,8.0,9.0,12.0,inferred
Redditch,2021-06-04,0.0,1.0,2.0,3.0,3.0,3.0,4.0,5.0,6.0,6.0,7.0,8.0,11.0,inferred
Redditch,2021-06-05,0.0,1.0,2.0,2.0,2.0,3.0,3.0,4.0,5.0,5.0,6.0,7.0,10.0,inferred
Redditch,2021-06-06,0.0,1.0,2.0,2.0,2.0,3.0,4.0,4.0,5.0,6.0,6.0,8.0,10.0,inferred
Redditch,2021-06-07,1.0,2.0,3.0,3.0,3.0,4.0,5.0,6.0,6.0,7.0,8.0,9.0,12.0,inferred
Redditch,2021-06-08,0.0,1.0,2.0,3.0,3.0,4.0,4.0,5.0,6.0,6.0,7.0,9.0,11.0,inferred
Redditch,2021-06-09,0.0,1.0,2.0,3.0,3.0,4.0,4.0,5.0,6.0,6.0,7.0,9.0,12.0,inferred
Redditch,2021-06-10,0.0,1.0,2.0,2.0,3.0,3.0,4.0,4.0,5.0,6.0,6.0,8.0,10.0,inferred
Redditch,2021-06-11,0.0,1.0,2.0,2.0,2.0,3.0,3.0,4.0,5.0,5.0,6.0,7.0,9.0,inferred
Redditch,2021-06-12,0.0,0.0,1.0,1.0,2.0,2.0,3.0,3.0,4.0,4.0,5.0,6.0,8.0,inferred
Redditch,2021-06-13,0.0,1.0,1.0,2.0,2.0,2.0,3.0,3.0,4.0,5.0,5.0,6.0,9.0,inferred
Redditch,2021-06-14,0.0,1.0,2.0,2.0,3.0,3.0,4.0,5.0,5.0,6.0,6.0,8.0,11.0,inferred
Redditch,2021-06-15,0.0,1.0,2.0,2.0,2.0,3.0,4.0,5.0,5.0,6.0,6.0,8.0,11.0,inferred
Redditch,2021-06-16,0.0,1.0,2.0,3.0,3.0,4.0,4.0,5.0,6.0,6.0,7.0,8.0,12.0,inferred
Redditch,2021-06-17,0.0,1.0,2.0,2.0,3.0,3.0,4.0,5.0,6.0,6.0,7.0,8.0,11.0,inferred
Redditch,2021-06-18,0.0,1.0,2.0,2.0,3.0,3.0,4.0,4.0,5.0,6.0,6.0,8.0,11.0,inferred
Reigate and Banstead,2021-03-06,1.0,2.0,3.0,4.0,4.0,5.0,5.0,6.0,7.0,7.0,8.0,10.0,13.0,inferred
Reigate and Banstead,2021-03-07,2.0,3.0,5.0,5.0,6.0,7.0,7.0,8.0,9.0,10.0,10.0,12.0,15.0,inferred
Reigate and Banstead,2021-03-08,3.0,5.0,6.0,7.0,7.0,8.0,9.0,10.0,11.0,12.0,13.0,15.0,18.0,inferred
Reigate and Banstead,2021-03-09,3.0,5.0,6.0,7.0,7.0,8.0,9.0,10.0,11.0,11.0,12.0,14.0,17.0,inferred
Reigate and Banstead,2021-03-10,3.0,5.0,6.0,7.0,7.0,8.0,9.0,10.0,11.0,12.0,13.0,15.0,18.0,inferred
Reigate and Banstead,2021-03-11,2.0,4.0,5.0,6.0,6.0,7.0,8.0,9.0,10.0,10.0,11.0,13.0,16.0,inferred
Reigate and Banstead,2021-03-12,1.0,3.0,4.0,4.8,5.0,6.0,6.0,7.0,8.0,9.0,10.0,11.0,14.0,inferred
Reigate and Banstead,2021-03-13,1.0,2.0,3.0,3.0,4.0,4.0,5.0,6.0,7.0,7.0,8.0,9.0,12.0,inferred
Reigate and Banstead,2021-03-14,1.0,2.0,3.0,4.0,4.0,5.0,6.0,6.0,7.0,8.0,8.0,10.0,12.0,inferred
Reigate and Banstead,2021-03-15,2.0,3.0,4.0,5.0,5.0,6.0,7.0,7.0,8.0,9.0,10.0,11.0,14.0,inferred
Reigate and Banstead,2021-03-16,1.0,3.0,4.0,4.0,5.0,5.0,6.0,7.0,8.0,9.0,9.0,11.0,14.5,inferred
Reigate and Banstead,2021-03-17,1.0,3.0,4.0,4.0,5.0,6.0,6.0,7.0,8.0,8.0,9.0,11.0,14.0,inferred
Reigate and Banstead,2021-03-18,1.0,2.0,3.0,4.0,4.0,5.0,6.0,6.0,7.0,8.0,9.0,10.0,13.0,inferred
Reigate and Banstead,2021-03-19,1.0,2.0,3.0,3.0,3.0,4.0,5.0,5.0,6.0,7.0,7.0,9.0,12.0,inferred
Reigate and Banstead,2021-03-20,0.0,1.0,2.0,2.0,3.0,3.0,4.0,5.0,5.0,6.0,6.0,8.0,11.0,inferred
Reigate and Banstead,2021-03-21,1.0,2.0,3.0,3.0,3.0,4.0,5.0,5.0,6.0,7.0,7.0,9.0,11.0,inferred
Reigate and Banstead,2021-03-22,1.0,2.0,3.0,4.0,4.0,5.0,5.0,6.0,7.0,8.0,8.0,10.0,13.0,inferred
Reigate and Banstead,2021-03-23,1.0,2.0,3.0,3.0,4.0,4.0,5.0,6.0,7.0,7.0,8.0,9.0,12.0,inferred
Reigate and Banstead,2021-03-24,1.0,2.0,3.0,3.0,4.0,4.0,5.0,6.0,7.0,7.0,8.0,10.0,12.0,inferred
Reigate and Banstead,2021-03-25,1.0,2.0,2.0,3.0,3.0,4.0,4.0,5.0,6.0,6.0,7.0,8.0,11.0,inferred
Reigate and Banstead,2021-03-26,0.0,1.0,2.0,2.0,2.0,3.0,4.0,4.0,5.0,5.0,6.0,7.0,10.0,inferred
Reigate and Banstead,2021-03-27,0.0,1.0,1.0,1.0,2.0,2.0,3.0,3.0,4.0,4.0,5.0,6.0,8.0,inferred
Reigate and Banstead,2021-03-28,0.0,1.0,1.0,2.0,2.0,2.0,3.0,4.0,4.0,5.0,5.0,6.0,9.0,inferred
Reigate and Banstead,2021-03-29,0.0,1.0,2.0,2.0,2.0,3.0,4.0,4.0,5.0,6.0,6.0,7.0,10.0,inferred
Reigate and Banstead,2021-03-30,0.0,1.0,2.0,2.0,2.0,3.0,3.0,4.0,5.0,5.0,6.0,7.0,9.5,inferred
Reigate and Banstead,2021-03-31,0.0,1.0,2.0,2.0,2.0,3.0,3.0,4.0,5.0,5.0,6.0,7.0,10.0,inferred
Reigate and Banstead,2021-04-01,0.0,1.0,1.0,2.0,2.0,2.0,3.0,4.0,4.0,5.0,5.0,6.0,9.0,inferred
Reigate and Banstead,2021-04-02,0.0,0.0,1.0,1.0,2.0,2.0,2.0,3.0,4.0,4.0,4.0,6.0,8.0,inferred
Reigate and Banstead,2021-04-03,0.0,0.0,1.0,1.0,1.0,1.0,2.0,2.0,3.0,3.0,4.0,5.0,6.0,inferred
Reigate and Banstead,2021-04-04,0.0,0.0,1.0,1.0,1.0,2.0,2.0,3.0,3.0,4.0,4.0,5.0,8.0,inferred
Reigate and Banstead,2021-04-05,0.0,0.0,1.0,1.0,1.0,2.0,3.0,3.0,4.0,4.0,5.0,6.0,8.0,inferred
Reigate and Banstead,2021-04-06,0.0,0.0,1.0,1.0,1.0,2.0,2.0,3.0,4.0,4.0,4.0,6.0,8.0,inferred
Reigate and Banstead,2021-04-07,0.0,0.0,1.0,1.0,1.0,2.0,3.0,3.0,4.0,4.0,4.0,6.0,8.0,inferred
Reigate and Banstead,2021-04-08,0.0,0.0,1.0,1.0,1.0,2.0,2.0,3.0,3.0,4.0,4.0,5.0,8.0,inferred
Reigate and Banstead,2021-04-09,0.0,0.0,1.0,1.0,1.0,1.0,2.0,2.0,3.0,3.0,4.0,5.0,7.0,inferred
Reigate and Banstead,2021-04-10,0.0,0.0,0.0,1.0,1.0,1.0,1.0,2.0,2.0,3.0,3.0,4.0,6.0,inferred
Reigate and Banstead,2021-04-11,0.0,0.0,0.0,1.0,1.0,1.0,2.0,2.0,3.0,3.0,3.0,5.0,7.0,inferred
Reigate and Banstead,2021-04-12,0.0,0.0,1.0,1.0,1.0,2.0,2.0,3.0,3.0,4.0,4.0,5.0,7.0,inferred
Reigate and Banstead,2021-04-13,0.0,0.0,1.0,1.0,1.0,2.0,2.0,3.0,3.0,4.0,4.0,5.0,7.0,inferred
Reigate and Banstead,2021-04-14,0.0,0.0,1.0,1.0,1.0,2.0,2.0,3.0,3.0,4.0,4.0,6.0,8.0,inferred
Reigate and Banstead,2021-04-15,0.0,0.0,1.0,1.0,1.0,2.0,2.0,3.0,3.0,4.0,4.0,5.0,7.0,inferred
Reigate and Banstead,2021-04-16,0.0,0.0,1.0,1.0,1.0,2.0,2.0,3.0,3.0,3.0,4.0,5.0,7.0,inferred
Reigate and Banstead,2021-04-17,0.0,0.0,0.0,1.0,1.0,1.0,2.0,2.0,3.0,3.0,3.0,4.0,7.0,inferred
Reigate and Banstead,2021-04-18,0.0,0.0,1.0,1.0,1.0,2.0,2.0,3.0,3.0,4.0,4.0,5.0,7.0,inferred
Reigate and Banstead,2021-04-19,0.0,0.0,1.0,1.0,1.0,2.0,2.0,3.0,4.0,4.0,5.0,6.0,8.0,inferred
Reigate and Banstead,2021-04-20,0.0,0.0,1.0,1.0,1.0,2.0,2.0,3.0,4.0,4.0,4.0,6.0,8.0,inferred
Reigate and Banstead,2021-04-21,0.0,0.0,1.0,1.0,2.0,2.0,2.0,3.0,4.0,4.0,4.0,5.0,8.0,inferred
Reigate and Banstead,2021-04-22,0.0,0.0,1.0,1.0,1.0,2.0,2.0,3.0,3.0,4.0,4.0,5.0,8.0,inferred
Reigate and Banstead,2021-04-23,0.0,0.0,1.0,1.0,1.0,1.0,2.0,2.0,3.0,3.0,4.0,5.0,7.0,inferred
Reigate and Banstead,2021-04-24,0.0,0.0,1.0,1.0,1.0,1.0,2.0,2.0,3.0,3.0,3.0,4.0,7.0,inferred
Reigate and Banstead,2021-04-25,0.0,0.0,1.0,1.0,1.0,2.0,2.0,2.0,3.0,3.0,4.0,5.0,7.0,inferred
Reigate and Banstead,2021-04-26,0.0,1.0,1.0,1.0,2.0,2.0,3.0,3.0,4.0,4.0,5.0,6.0,8.0,inferred
Reigate and Banstead,2021-04-27,0.0,0.0,1.0,1.0,2.0,2.0,3.0,3.0,4.0,4.0,5.0,6.0,8.0,inferred
Reigate and Banstead,2021-04-28,0.0,1.0,1.0,1.0,2.0,2.0,3.0,3.0,4.0,4.0,5.0,6.0,8.0,inferred
Reigate and Banstead,2021-04-29,0.0,0.9,1.0,1.0,2.0,2.0,3.0,3.0,4.0,4.0,5.0,6.0,8.0,inferred
Reigate and Banstead,2021-04-30,0.0,0.0,1.0,1.0,1.0,2.0,2.0,2.0,3.0,4.0,4.0,5.0,7.0,inferred
Reigate and Banstead,2021-05-01,0.0,0.0,1.0,1.0,1.0,1.0,2.0,2.0,3.0,3.0,3.0,4.0,6.0,inferred
Reigate and Banstead,2021-05-02,0.0,0.0,1.0,1.0,1.0,2.0,2.0,3.0,3.0,3.0,4.0,5.0,7.0,inferred
Reigate and Banstead,2021-05-03,0.0,0.0,1.0,1.0,1.0,2.0,2.0,3.0,3.0,4.0,4.0,6.0,8.0,inferred
Reigate and Banstead,2021-05-04,0.0,0.0,1.0,1.0,1.0,2.0,2.0,3.0,3.0,4.0,4.0,5.0,8.0,inferred
Reigate and Banstead,2021-05-05,0.0,0.0,1.0,1.0,1.0,2.0,2.0,3.0,4.0,4.0,4.0,6.0,8.0,inferred
Reigate and Banstead,2021-05-06,0.0,0.0,1.0,1.0,1.0,2.0,2.0,3.0,3.0,4.0,4.0,5.0,7.0,inferred
Reigate and Banstead,2021-05-07,0.0,0.0,1.0,1.0,1.0,2.0,2.0,3.0,3.0,3.0,4.0,5.0,7.5,inferred
Reigate and Banstead,2021-05-08,0.0,0.0,0.0,1.0,1.0,1.0,2.0,2.0,3.0,3.0,3.0,4.0,7.0,inferred
Reigate and Banstead,2021-05-09,0.0,0.0,1.0,1.0,1.0,2.0,2.0,3.0,3.0,3.0,4.0,5.0,7.0,inferred
Reigate and Banstead,2021-05-10,0.0,0.0,1.0,1.0,2.0,2.0,3.0,3.0,4.0,4.0,5.0,6.0,8.0,inferred
Reigate and Banstead,2021-05-11,0.0,1.0,1.0,1.0,2.0,2.0,3.0,3.0,4.0,4.0,5.0,6.0,8.0,inferred
Reigate and Banstead,2021-05-12,0.0,1.0,1.0,2.0,2.0,3.0,3.0,4.0,4.0,5.0,5.0,7.0,9.0,inferred
Reigate and Banstead,2021-05-13,0.0,1.0,1.0,2.0,2.0,3.0,3.0,4.0,4.0,5.0,5.0,7.0,9.0,inferred
Reigate and Banstead,2021-05-14,0.0,1.0,1.0,2.0,2.0,3.0,3.0,4.0,4.0,5.0,5.0,7.0,9.0,inferred
Reigate and Banstead,2021-05-15,0.0,1.0,1.0,1.0,2.0,2.0,3.0,3.0,4.0,4.0,5.0,6.0,8.0,inferred
Reigate and Banstead,2021-05-16,0.0,1.0,2.0,2.0,2.0,3.0,4.0,4.0,5.0,5.0,6.0,7.0,10.0,inferred
Reigate and Banstead,2021-05-17,1.0,2.0,3.0,3.0,4.0,4.0,5.0,6.0,6.0,7.0,8.0,9.0,12.5,inferred
Reigate and Banstead,2021-05-18,1.0,2.0,3.0,4.0,4.0,5.0,5.0,6.0,7.0,8.0,8.0,10.0,13.0,inferred
Reigate and Banstead,2021-05-19,2.0,3.0,4.0,5.0,5.0,6.0,7.0,8.0,9.0,10.0,10.0,12.0,16.0,inferred
Reigate and Banstead,2021-05-20,2.0,4.0,5.0,5.0,6.0,7.0,7.0,8.0,9.0,10.0,11.0,13.0,16.0,inferred
Reigate and Banstead,2021-05-21,2.0,4.0,5.0,5.8,6.0,7.0,8.0,8.0,10.0,10.0,11.0,13.0,16.0,inferred
Reigate and Banstead,2021-05-22,2.0,3.0,4.0,5.0,5.0,6.0,7.0,8.0,9.0,10.0,10.0,12.0,15.0,inferred
Reigate and Banstead,2021-05-23,3.0,5.0,7.0,7.0,8.0,9.0,10.0,11.0,12.0,13.0,13.0,15.0,19.5,inferred
Reigate and Banstead,2021-05-24,5.0,8.0,9.0,10.0,11.0,12.0,13.0,14.0,16.0,16.0,17.0,19.0,23.0,inferred
Reigate and Banstead,2021-05-25,6.0,8.0,10.0,11.0,11.0,13.0,14.0,15.0,16.0,17.0,18.0,20.0,24.0,inferred
Reigate and Banstead,2021-05-26,7.0,9.0,11.0,12.0,13.0,14.0,15.0,17.0,18.0,19.0,20.0,23.0,27.0,inferred
Reigate and Banstead,2021-05-27,6.0,9.0,11.0,11.0,12.0,14.0,15.0,16.0,17.0,18.0,19.0,22.0,26.0,inferred
Reigate and Banstead,2021-05-28,6.0,8.9,10.0,11.0,12.0,13.0,14.0,15.0,16.0,17.0,18.0,20.0,24.0,inferred
Reigate and Banstead,2021-05-29,4.0,7.0,8.0,9.0,10.0,11.0,12.0,13.0,15.0,15.0,16.0,18.0,22.5,inferred
Reigate and Banstead,2021-05-30,6.5,9.0,11.0,12.0,12.0,13.0,15.0,16.0,17.0,18.0,19.0,22.0,26.0,inferred
Reigate and Banstead,2021-05-31,9.0,12.0,15.0,15.0,16.0,17.0,19.0,20.0,22.0,23.0,24.0,27.0,32.0,inferred
Reigate and Banstead,2021-06-01,9.0,12.0,14.0,15.0,16.0,18.0,19.0,20.0,22.0,23.0,23.0,26.0,31.5,inferred
Reigate and Banstead,2021-06-02,10.0,13.0,16.0,16.0,17.0,19.0,20.0,22.0,23.0,24.0,26.0,28.0,33.0,inferred
Reigate and Banstead,2021-06-03,9.0,12.0,14.0,15.0,16.0,17.0,19.0,21.0,22.0,23.0,24.0,27.0,31.0,inferred
Reigate and Banstead,2021-06-04,7.0,10.0,13.0,13.0,14.0,15.0,16.0,18.0,19.0,20.0,21.0,23.0,28.0,inferred
Reigate and Banstead,2021-06-05,6.0,8.0,10.0,11.0,11.0,13.0,14.0,15.0,17.0,17.0,18.0,20.0,24.0,inferred
Reigate and Banstead,2021-06-06,8.0,10.0,12.0,13.0,13.0,15.0,16.0,17.0,19.0,19.0,21.0,24.0,27.0,inferred
Reigate and Banstead,2021-06-07,10.0,13.0,15.0,16.0,17.0,18.0,19.0,21.0,23.0,24.0,25.0,27.0,33.0,inferred
Reigate and Banstead,2021-06-08,9.0,12.0,14.0,15.0,16.0,18.0,19.0,20.0,22.0,23.0,24.0,26.0,31.5,inferred
Reigate and Banstead,2021-06-09,10.0,12.0,14.0,15.0,16.0,17.0,19.0,20.0,22.0,23.0,24.0,27.0,31.0,inferred
Reigate and Banstead,2021-06-10,8.0,11.0,12.0,13.0,14.0,15.0,17.0,18.0,20.0,21.0,22.0,24.0,29.0,inferred
Reigate and Banstead,2021-06-11,6.0,8.0,10.0,11.0,12.0,13.0,14.0,15.0,17.0,18.0,19.0,21.0,24.5,inferred
Reigate and Banstead,2021-06-12,4.5,6.0,8.0,8.0,9.0,10.0,11.0,12.0,13.0,14.0,15.0,17.0,21.0,inferred
Reigate and Banstead,2021-06-13,5.0,7.0,9.0,10.0,10.0,12.0,13.0,14.0,15.0,16.0,17.0,19.0,24.0,inferred
Reigate and Banstead,2021-06-14,7.0,9.0,11.0,12.0,13.0,14.0,15.0,17.0,18.0,19.0,20.0,22.0,27.0,inferred
Reigate and Banstead,2021-06-15,6.0,9.0,10.0,11.0,12.0,13.0,14.0,16.0,17.0,18.0,19.0,21.0,25.0,inferred
Reigate and Banstead,2021-06-16,7.0,9.0,11.0,12.0,12.0,14.0,15.0,16.0,17.0,18.0,19.0,21.0,26.0,inferred
Reigate and Banstead,2021-06-17,5.0,8.0,10.0,11.0,11.0,12.0,13.0,15.0,16.0,17.0,18.0,20.0,24.5,inferred
Reigate and Banstead,2021-06-18,4.0,6.0,8.0,9.0,9.0,10.0,11.0,13.0,14.0,15.0,16.0,18.0,22.0,inferred
Renfrewshire,2021-03-06,113.0,127.0,140.0,145.0,149.0,157.6,164.0,171.0,179.0,184.0,189.0,203.0,223.0,inferred
Renfrewshire,2021-03-07,101.0,115.0,126.0,131.0,135.0,142.0,149.0,156.0,164.0,168.0,173.0,186.0,213.0,inferred
Renfrewshire,2021-03-08,83.0,98.0,108.0,112.0,115.0,122.0,129.0,136.0,143.0,147.0,151.0,163.0,187.0,inferred
Renfrewshire,2021-03-09,95.0,113.0,124.0,128.0,132.0,139.0,145.0,152.0,159.0,164.0,169.0,183.0,205.0,inferred
Renfrewshire,2021-03-10,141.5,160.0,172.0,176.0,180.0,188.0,196.0,204.0,213.0,218.0,224.0,240.0,266.0,inferred
Renfrewshire,2021-03-11,130.0,150.0,162.0,167.0,171.0,179.0,187.0,195.0,204.0,208.0,213.0,228.0,255.0,inferred
Renfrewshire,2021-03-12,136.5,160.0,172.0,177.0,181.0,190.0,199.0,207.0,217.0,222.0,228.0,245.0,269.0,inferred
Renfrewshire,2021-03-13,132.5,149.9,163.0,168.0,172.0,181.0,189.0,197.0,204.0,209.0,215.0,233.0,256.0,inferred
Renfrewshire,2021-03-14,112.5,128.0,140.0,144.0,147.0,155.0,162.0,170.0,179.0,183.0,189.0,204.1,224.0,inferred
Renfrewshire,2021-03-15,86.0,105.0,115.0,119.0,122.0,130.0,136.0,144.0,152.0,155.0,160.0,173.0,197.0,inferred
Renfrewshire,2021-03-16,101.0,115.0,125.8,130.0,133.0,140.0,147.0,154.0,162.0,167.0,173.0,184.0,207.0,inferred
Renfrewshire,2021-03-17,137.0,156.0,169.0,174.0,178.0,186.0,196.0,205.0,216.0,221.0,226.0,241.0,265.5,inferred
Renfrewshire,2021-03-18,127.0,145.0,156.0,161.0,166.0,174.0,183.0,190.0,199.0,204.0,209.0,223.0,249.0,inferred
Renfrewshire,2021-03-19,132.0,149.9,163.0,168.0,172.0,180.0,187.0,195.0,204.3,210.0,215.0,230.1,257.0,inferred
Renfrewshire,2021-03-20,118.0,136.0,149.0,154.0,159.0,168.0,174.0,182.0,190.0,195.0,201.0,217.0,236.0,inferred
Renfrewshire,2021-03-21,99.0,114.0,126.0,130.0,133.7,141.0,148.0,155.0,163.0,166.0,171.0,184.0,206.5,inferred
Renfrewshire,2021-03-22,79.0,93.0,102.0,106.0,110.0,116.0,121.0,127.0,134.0,139.0,143.0,156.0,178.0,inferred
Renfrewshire,2021-03-23,84.0,97.0,107.0,112.0,116.0,123.0,129.0,136.0,144.0,149.0,154.0,167.0,188.0,inferred
Renfrewshire,2021-03-24,117.0,133.0,145.0,150.0,155.0,163.0,171.0,178.0,186.0,191.0,197.0,212.0,237.6,inferred
Renfrewshire,2021-03-25,106.0,120.9,132.0,136.0,140.0,148.0,155.0,162.0,170.3,175.0,181.0,196.0,215.0,inferred
Renfrewshire,2021-03-26,107.0,125.0,137.0,141.0,145.0,152.0,159.0,166.0,174.0,179.0,185.0,198.0,222.5,inferred
Renfrewshire,2021-03-27,94.5,111.0,122.0,127.0,131.0,139.0,146.0,153.0,161.0,166.0,171.0,184.0,211.0,inferred
Renfrewshire,2021-03-28,76.0,91.0,100.0,104.0,107.0,115.0,121.0,128.0,135.0,138.0,142.0,156.0,178.0,inferred
Renfrewshire,2021-03-29,57.0,72.0,81.0,84.0,87.0,93.0,99.0,106.0,111.0,115.0,119.0,130.0,147.0,inferred
Renfrewshire,2021-03-30,63.0,77.0,85.0,89.0,92.0,98.0,103.5,109.0,116.0,119.0,124.0,134.0,153.5,inferred
Renfrewshire,2021-03-31,88.0,103.9,114.0,118.0,121.0,129.0,135.0,142.0,149.0,153.0,158.0,171.0,192.0,inferred
Renfrewshire,2021-04-01,76.0,90.0,102.0,105.0,109.0,115.0,122.0,129.0,135.0,140.0,144.0,157.0,181.5,inferred
Renfrewshire,2021-04-02,77.0,94.9,104.0,108.0,112.0,119.0,125.0,131.0,138.0,143.0,148.0,160.0,182.5,inferred
Renfrewshire,2021-04-03,71.0,85.0,94.0,97.0,101.0,106.0,112.0,118.0,126.0,129.0,134.0,147.0,167.0,inferred
Renfrewshire,2021-04-04,56.0,69.0,78.0,81.0,84.0,89.0,95.0,101.0,107.0,111.0,114.0,126.0,142.5,inferred
Renfrewshire,2021-04-05,40.0,52.0,60.0,63.0,65.0,71.0,76.0,81.0,86.3,90.0,94.0,105.0,123.0,inferred
Renfrewshire,2021-04-06,45.5,55.0,63.0,66.0,68.0,74.0,80.0,86.0,92.0,96.0,99.0,110.0,131.0,inferred
Renfrewshire,2021-04-07,61.0,75.0,86.0,89.0,93.0,98.0,105.0,111.0,117.0,121.0,126.0,140.0,157.5,inferred
Renfrewshire,2021-04-08,60.0,71.0,79.0,83.0,86.0,91.0,97.0,103.0,110.0,114.0,117.0,130.0,148.0,inferred
Renfrewshire,2021-04-09,62.0,75.0,83.0,86.0,89.0,94.0,100.0,106.0,113.0,117.0,121.0,133.0,150.0,inferred
Renfrewshire,2021-04-10,54.0,66.0,74.0,77.0,80.0,86.0,92.0,98.0,103.0,107.0,111.0,122.0,143.0,inferred
Renfrewshire,2021-04-11,43.0,54.0,61.0,64.0,67.0,73.0,78.0,83.0,89.0,92.0,95.0,105.0,125.0,inferred
Renfrewshire,2021-04-12,34.0,43.0,49.0,52.0,54.0,59.0,64.0,68.0,73.0,76.0,79.0,89.0,107.0,inferred
Renfrewshire,2021-04-13,36.0,45.0,52.0,55.0,57.0,62.0,67.0,71.0,77.0,80.0,83.0,92.0,109.0,inferred
Renfrewshire,2021-04-14,52.0,63.0,70.8,73.0,77.0,82.0,88.0,94.0,100.0,104.0,108.0,118.0,134.0,inferred
Renfrewshire,2021-04-15,44.0,55.0,63.0,66.0,69.0,74.0,79.0,85.0,91.0,94.0,98.0,107.0,126.0,inferred
Renfrewshire,2021-04-16,44.5,56.0,64.0,67.8,70.0,75.0,80.0,84.4,91.0,94.0,99.0,107.0,126.0,inferred
Renfrewshire,2021-04-17,40.0,51.0,58.0,61.0,64.0,68.0,74.0,78.0,84.0,87.0,91.0,101.0,115.0,inferred
Renfrewshire,2021-04-18,32.0,41.0,48.0,51.0,53.0,58.0,62.0,66.0,72.0,75.0,78.0,87.0,103.0,inferred
Renfrewshire,2021-04-19,22.0,30.0,37.0,39.0,41.0,46.0,49.0,54.0,58.0,61.0,64.0,73.0,89.5,inferred
Renfrewshire,2021-04-20,23.5,32.0,38.0,41.0,43.0,48.0,52.0,55.0,60.0,63.0,66.0,75.0,90.0,inferred
Renfrewshire,2021-04-21,35.0,46.0,52.0,54.0,57.0,63.0,68.0,73.0,78.0,81.0,84.0,95.0,110.0,inferred
Renfrewshire,2021-04-22,28.5,39.9,46.0,49.0,52.0,56.0,60.0,65.0,70.0,73.0,76.0,86.0,105.0,inferred
Renfrewshire,2021-04-23,32.0,41.0,48.0,51.0,53.0,58.0,62.0,67.0,72.0,75.0,78.0,88.0,104.0,inferred
Renfrewshire,2021-04-24,28.0,36.0,43.0,45.0,48.0,52.0,56.0,60.0,65.0,68.0,71.0,81.0,95.0,inferred
Renfrewshire,2021-04-25,22.0,29.0,34.0,37.0,39.0,42.0,46.0,50.0,55.0,57.0,61.0,69.0,83.0,inferred
Renfrewshire,2021-04-26,15.0,22.0,26.0,27.0,30.0,33.0,36.5,41.0,44.0,47.0,49.0,57.0,69.0,inferred
Renfrewshire,2021-04-27,16.0,23.0,28.0,30.0,32.0,35.0,38.0,42.0,47.0,49.0,51.0,58.0,71.0,inferred
Renfrewshire,2021-04-28,25.0,33.0,39.0,42.0,44.0,48.0,52.0,56.4,61.0,63.0,66.0,75.0,90.0,inferred
Renfrewshire,2021-04-29,23.0,31.0,37.0,39.0,41.0,45.0,49.0,53.0,59.0,61.0,65.0,72.0,85.5,inferred
Renfrewshire,2021-04-30,24.0,33.0,40.0,42.0,44.0,48.0,52.0,57.0,62.0,64.0,68.0,75.1,89.0,inferred
Renfrewshire,2021-05-01,23.0,31.0,36.0,39.0,41.0,45.0,50.0,54.0,59.0,61.0,64.0,73.0,88.5,inferred
Renfrewshire,2021-05-02,20.0,27.0,32.0,34.0,36.0,40.0,43.0,47.0,51.0,54.0,57.0,65.0,79.0,inferred
Renfrewshire,2021-05-03,14.0,20.0,25.0,27.0,29.0,32.0,35.0,38.0,42.0,44.0,47.0,54.0,68.0,inferred
Renfrewshire,2021-05-04,18.0,25.0,30.0,33.0,34.7,38.0,41.0,45.0,49.0,52.0,54.0,62.0,77.0,inferred
Renfrewshire,2021-05-05,31.0,41.0,47.0,50.0,52.0,57.0,61.0,66.0,71.0,74.0,78.0,88.0,103.0,inferred
Renfrewshire,2021-05-06,34.0,44.0,50.0,53.0,55.0,60.0,64.0,69.0,75.0,77.0,81.0,91.0,103.5,inferred
Renfrewshire,2021-05-07,43.0,53.0,60.0,62.0,65.0,71.0,76.0,81.0,86.0,90.0,94.0,103.0,120.0,inferred
Renfrewshire,2021-05-08,43.5,55.0,62.0,64.8,68.0,73.0,78.0,83.0,88.0,92.0,96.0,106.0,121.5,inferred
Renfrewshire,2021-05-09,40.0,50.0,58.0,61.0,64.0,68.0,73.5,79.0,84.0,88.0,92.0,102.1,117.0,inferred
Renfrewshire,2021-05-10,36.0,46.0,53.0,56.0,59.0,63.0,67.0,72.0,77.0,81.0,85.0,95.0,112.0,inferred
Renfrewshire,2021-05-11,45.0,57.0,64.0,67.0,70.0,76.0,81.0,86.0,92.0,95.0,99.0,109.0,127.0,inferred
Renfrewshire,2021-05-12,71.0,88.0,97.0,100.8,104.7,110.0,117.0,124.0,131.0,135.0,139.0,151.1,174.0,inferred
Renfrewshire,2021-05-13,75.0,90.0,99.0,103.0,106.7,113.0,119.0,126.0,133.0,137.0,141.0,154.0,175.5,inferred
Renfrewshire,2021-05-14,90.0,104.0,115.0,119.0,122.0,129.0,136.0,143.0,151.0,155.0,159.0,172.0,195.0,inferred
Renfrewshire,2021-05-15,87.0,104.0,116.0,120.0,124.0,131.0,138.0,144.0,152.0,157.0,160.0,174.1,200.0,inferred
Renfrewshire,2021-05-16,78.0,94.0,106.0,110.0,114.0,121.0,127.0,134.0,141.0,146.0,150.0,161.0,181.0,inferred
Renfrewshire,2021-05-17,71.0,84.0,93.0,97.0,100.0,107.0,114.0,120.0,127.3,131.0,136.0,148.0,169.0,inferred
Renfrewshire,2021-05-18,85.0,102.0,113.0,116.0,119.0,127.0,133.0,139.0,147.0,151.0,155.0,168.0,190.0,inferred
Renfrewshire,2021-05-19,125.5,146.9,159.0,164.0,169.0,177.0,185.0,192.0,201.0,206.0,211.0,228.0,256.5,inferred
Renfrewshire,2021-05-20,124.0,144.0,155.0,161.0,165.0,174.0,182.0,190.0,198.0,203.0,208.0,224.0,245.5,inferred
Renfrewshire,2021-05-21,135.5,155.0,168.0,174.0,179.0,187.0,196.0,204.0,214.0,219.0,224.0,241.0,262.5,inferred
Renfrewshire,2021-05-22,136.0,155.0,169.0,173.0,178.0,185.0,193.0,201.0,209.0,214.2,220.0,234.0,262.5,inferred
Renfrewshire,2021-05-23,117.5,136.0,146.0,151.8,156.0,165.0,173.0,180.0,188.0,192.0,199.0,212.0,236.5,inferred
Renfrewshire,2021-05-24,99.5,115.0,125.0,129.0,133.0,140.0,148.0,155.0,163.0,167.0,172.0,185.1,210.5,inferred
Renfrewshire,2021-05-25,109.0,127.0,140.0,144.0,148.0,156.0,163.0,171.0,179.0,184.0,189.0,203.0,226.0,inferred
Renfrewshire,2021-05-26,163.0,184.0,197.8,203.0,207.0,216.0,224.0,233.0,243.0,250.0,256.0,273.0,301.5,inferred
Renfrewshire,2021-05-27,152.5,172.0,186.0,191.0,196.0,205.0,213.0,222.0,231.0,236.0,242.0,257.0,284.5,inferred
Renfrewshire,2021-05-28,167.0,190.0,202.0,208.0,212.0,223.0,231.0,239.0,249.0,254.0,261.0,276.0,303.0,inferred
Renfrewshire,2021-05-29,157.0,179.0,193.0,199.0,202.0,211.0,219.0,228.0,238.0,244.0,251.0,267.0,293.5,inferred
Renfrewshire,2021-05-30,139.0,154.0,168.0,173.0,178.0,186.0,194.5,201.4,210.0,215.0,221.0,237.0,259.0,inferred
Renfrewshire,2021-05-31,110.0,126.0,139.0,144.0,148.0,156.6,164.0,171.0,179.0,183.0,189.0,204.0,229.5,inferred
Renfrewshire,2021-06-01,125.0,143.0,155.0,160.0,165.0,172.0,180.0,189.0,197.0,202.0,209.0,224.0,246.0,inferred
Renfrewshire,2021-06-02,181.0,202.0,216.0,223.0,229.0,237.0,246.0,256.0,266.0,272.0,277.0,298.0,327.0,inferred
Renfrewshire,2021-06-03,170.0,191.9,206.0,212.0,217.0,227.0,236.0,245.0,254.3,260.0,267.0,283.0,312.0,inferred
Renfrewshire,2021-06-04,184.5,205.0,222.0,227.0,232.0,242.0,250.0,260.0,269.0,276.0,282.0,302.0,329.5,inferred
Renfrewshire,2021-06-05,175.0,197.0,210.0,216.0,222.0,232.6,241.0,250.4,262.0,267.2,275.0,293.0,319.5,inferred
Renfrewshire,2021-06-06,153.5,172.0,185.0,190.0,195.0,204.0,212.0,221.0,231.0,236.0,242.0,259.0,294.0,inferred
Renfrewshire,2021-06-07,122.5,141.0,154.0,159.0,164.0,172.0,180.0,187.0,196.0,201.0,206.2,223.0,248.5,inferred
Renfrewshire,2021-06-08,136.0,158.0,171.0,177.0,181.0,190.0,197.0,205.0,215.0,221.0,228.0,243.0,274.0,inferred
Renfrewshire,2021-06-09,203.5,225.9,240.0,244.0,250.0,261.0,270.0,280.0,292.0,298.0,306.0,324.1,353.0,inferred
Renfrewshire,2021-06-10,192.5,216.0,229.0,235.0,240.0,250.0,260.0,270.0,281.3,288.0,293.0,312.0,341.0,inferred
Renfrewshire,2021-06-11,207.0,230.9,246.0,252.0,259.0,269.0,280.0,288.4,301.0,306.0,314.0,333.0,361.0,inferred
Renfrewshire,2021-06-12,200.5,221.0,236.0,242.0,246.7,256.6,268.0,276.4,287.0,293.0,300.0,318.0,348.5,inferred
Renfrewshire,2021-06-13,169.0,192.0,207.0,212.0,217.0,226.0,236.0,246.0,256.0,262.0,268.0,284.0,313.0,inferred
Renfrewshire,2021-06-14,141.0,156.0,170.8,176.0,180.0,188.0,196.0,207.0,215.0,220.0,227.0,241.0,273.0,inferred
Renfrewshire,2021-06-15,155.0,176.0,188.0,193.0,198.0,206.0,214.0,224.0,234.0,239.0,245.0,262.0,286.5,inferred
Renfrewshire,2021-06-16,215.9,238.9,255.0,262.0,268.0,278.0,289.0,298.0,310.0,316.0,324.0,343.0,377.0,inferred
Renfrewshire,2021-06-17,198.5,220.0,237.0,243.0,249.0,259.0,268.0,278.0,289.0,296.0,302.0,321.0,349.5,inferred
Renfrewshire,2021-06-18,207.5,231.0,248.0,255.0,261.0,271.0,282.0,293.0,305.0,312.0,318.0,338.1,368.5,inferred
Rhondda Cynon Taf,2021-03-06,2.0,4.0,5.0,6.0,6.0,7.0,8.0,9.0,10.0,10.0,11.0,12.0,15.0,inferred
Rhondda Cynon Taf,2021-03-07,3.0,5.0,6.0,7.0,7.0,8.0,9.0,9.0,10.0,11.0,12.0,13.0,16.0,inferred
Rhondda Cynon Taf,2021-03-08,5.0,8.0,9.0,10.0,10.0,11.0,12.0,13.0,14.0,15.0,16.0,18.0,21.0,inferred
Rhondda Cynon Taf,2021-03-09,4.0,6.0,7.0,8.0,8.0,9.0,10.0,11.0,12.0,13.0,13.0,15.0,18.0,inferred
Rhondda Cynon Taf,2021-03-10,5.0,7.0,8.0,9.0,9.0,10.0,11.0,12.0,14.0,14.0,15.0,17.0,20.0,inferred
Rhondda Cynon Taf,2021-03-11,4.0,6.0,8.0,8.0,9.0,10.0,11.0,12.0,13.0,13.0,14.0,16.0,19.0,inferred
Rhondda Cynon Taf,2021-03-12,3.0,5.0,6.0,7.0,7.0,8.0,9.0,10.0,11.0,11.0,12.0,14.0,17.0,inferred
Rhondda Cynon Taf,2021-03-13,2.0,3.0,5.0,5.0,5.0,6.0,7.0,8.0,9.0,9.0,10.0,11.0,14.0,inferred
Rhondda Cynon Taf,2021-03-14,2.0,4.0,5.0,5.0,6.0,6.0,7.0,8.0,9.0,9.2,10.0,12.0,14.0,inferred
Rhondda Cynon Taf,2021-03-15,4.0,5.0,7.0,8.0,8.0,9.0,10.0,11.0,12.0,13.0,13.0,15.0,18.0,inferred
Rhondda Cynon Taf,2021-03-16,3.0,5.0,6.0,6.0,7.0,8.0,9.0,9.0,10.0,11.0,11.0,13.0,16.0,inferred
Rhondda Cynon Taf,2021-03-17,3.0,5.0,6.0,7.0,7.0,8.0,9.0,10.0,11.0,12.0,12.0,14.0,17.0,inferred
Rhondda Cynon Taf,2021-03-18,3.0,5.0,6.0,6.0,7.0,8.0,9.0,10.0,11.0,11.0,12.0,14.0,17.0,inferred
Rhondda Cynon Taf,2021-03-19,2.0,4.0,5.0,5.0,6.0,7.0,7.0,8.0,9.0,9.0,10.0,12.0,15.0,inferred
Rhondda Cynon Taf,2021-03-20,1.0,2.9,4.0,4.0,4.0,5.0,6.0,7.0,7.0,8.0,8.0,10.0,12.0,inferred
Rhondda Cynon Taf,2021-03-21,1.0,3.0,4.0,4.0,5.0,5.0,6.0,7.0,8.0,8.0,9.0,10.0,13.0,inferred
Rhondda Cynon Taf,2021-03-22,3.0,5.0,6.0,6.0,7.0,8.0,8.0,9.0,10.0,11.0,11.0,13.0,16.0,inferred
Rhondda Cynon Taf,2021-03-23,2.0,4.0,5.0,5.0,6.0,6.0,7.0,8.0,9.0,9.0,10.0,11.0,14.0,inferred
Rhondda Cynon Taf,2021-03-24,2.0,4.0,5.0,6.0,6.0,7.0,8.0,9.0,10.0,10.0,11.0,12.0,15.0,inferred
Rhondda Cynon Taf,2021-03-25,2.0,4.0,5.0,5.0,6.0,7.0,7.0,8.0,9.0,10.0,10.0,12.0,15.0,inferred
Rhondda Cynon Taf,2021-03-26,1.0,3.0,4.0,4.0,5.0,5.0,6.0,7.0,8.0,8.0,9.0,10.0,13.0,inferred
Rhondda Cynon Taf,2021-03-27,1.0,2.0,3.0,3.0,4.0,4.0,5.0,5.0,6.0,7.0,7.0,9.0,11.0,inferred
Rhondda Cynon Taf,2021-03-28,1.0,2.0,3.0,3.0,4.0,4.0,5.0,6.0,6.0,7.0,7.0,9.0,11.0,inferred
Rhondda Cynon Taf,2021-03-29,2.0,4.0,5.0,5.0,5.0,6.0,7.0,8.0,8.0,9.0,10.0,11.0,14.0,inferred
Rhondda Cynon Taf,2021-03-30,1.0,3.0,4.0,4.0,5.0,5.0,6.0,7.0,8.0,8.0,8.0,10.0,12.0,inferred
Rhondda Cynon Taf,2021-03-31,2.0,3.0,4.0,5.0,5.0,6.0,7.0,7.0,8.0,9.0,9.0,11.0,14.0,inferred
Rhondda Cynon Taf,2021-04-01,2.0,3.0,4.0,5.0,5.0,6.0,6.0,7.0,8.0,9.0,9.0,11.0,14.0,inferred
Rhondda Cynon Taf,2021-04-02,1.0,2.0,3.0,4.0,4.0,5.0,5.0,6.0,7.0,7.0,8.0,9.0,12.0,inferred
Rhondda Cynon Taf,2021-04-03,0.0,2.0,2.0,3.0,3.0,4.0,4.0,5.0,6.0,6.0,6.0,8.0,10.0,inferred
Rhondda Cynon Taf,2021-04-04,1.0,2.0,3.0,3.0,3.0,4.0,5.0,5.0,6.0,6.0,7.0,8.0,10.0,inferred
Rhondda Cynon Taf,2021-04-05,2.0,3.0,4.0,5.0,5.0,6.0,6.0,7.0,8.0,8.0,9.0,11.0,13.0,inferred
Rhondda Cynon Taf,2021-04-06,1.0,3.0,3.0,4.0,4.0,5.0,6.0,6.0,7.0,8.0,8.0,10.0,12.0,inferred
Rhondda Cynon Taf,2021-04-07,1.0,3.0,4.0,4.0,5.0,5.0,6.0,7.0,8.0,8.0,9.0,11.0,13.0,inferred
Rhondda Cynon Taf,2021-04-08,1.0,3.0,4.0,4.0,4.0,5.0,6.0,6.0,7.0,8.0,8.0,10.0,12.0,inferred
Rhondda Cynon Taf,2021-04-09,1.0,2.0,3.0,3.0,4.0,4.0,5.0,6.0,6.0,7.0,7.0,8.0,11.0,inferred
Rhondda Cynon Taf,2021-04-10,1.0,1.0,2.0,2.0,3.0,3.0,4.0,4.0,5.0,5.0,6.0,7.0,9.0,inferred
Rhondda Cynon Taf,2021-04-11,0.0,1.0,2.0,2.0,3.0,3.0,4.0,4.0,5.0,6.0,6.0,7.0,9.0,inferred
Rhondda Cynon Taf,2021-04-12,1.0,2.0,3.0,3.0,4.0,4.0,5.0,6.0,7.0,7.0,7.0,9.0,12.0,inferred
Rhondda Cynon Taf,2021-04-13,1.0,2.0,2.0,3.0,3.0,4.0,4.0,5.0,6.0,6.0,7.0,8.0,10.0,inferred
Rhondda Cynon Taf,2021-04-14,1.0,2.0,2.0,3.0,3.0,4.0,4.0,5.0,6.0,6.0,7.0,8.0,10.0,inferred
Rhondda Cynon Taf,2021-04-15,1.0,1.0,2.0,3.0,3.0,3.0,4.0,5.0,5.0,6.0,6.0,8.0,10.0,inferred
Rhondda Cynon Taf,2021-04-16,0.0,1.0,2.0,2.0,2.0,3.0,3.0,4.0,4.0,5.0,5.0,6.1,9.0,inferred
Rhondda Cynon Taf,2021-04-17,0.0,0.0,1.0,1.0,1.7,2.0,2.0,3.0,3.0,4.0,4.0,5.0,7.0,inferred
Rhondda Cynon Taf,2021-04-18,0.0,1.0,1.0,1.0,1.0,2.0,2.0,3.0,3.0,4.0,4.0,5.0,7.0,inferred
Rhondda Cynon Taf,2021-04-19,0.0,1.0,2.0,2.0,2.0,3.0,3.0,4.0,4.0,5.0,5.0,6.0,8.0,inferred
Rhondda Cynon Taf,2021-04-20,0.0,1.0,1.0,1.0,2.0,2.0,3.0,3.0,4.0,4.0,4.0,5.0,7.0,inferred
Rhondda Cynon Taf,2021-04-21,0.0,1.0,1.0,2.0,2.0,3.0,3.0,4.0,4.0,5.0,5.0,6.0,8.0,inferred
Rhondda Cynon Taf,2021-04-22,0.0,1.0,2.0,2.0,2.0,2.0,3.0,3.0,4.0,4.0,5.0,6.0,8.0,inferred
Rhondda Cynon Taf,2021-04-23,0.0,0.0,1.0,1.0,1.0,2.0,2.0,3.0,3.0,4.0,4.0,5.0,6.0,inferred
Rhondda Cynon Taf,2021-04-24,0.0,0.0,1.0,1.0,1.0,2.0,2.0,2.0,3.0,3.0,3.0,4.0,6.0,inferred
Rhondda Cynon Taf,2021-04-25,0.0,0.0,1.0,1.0,1.0,1.0,2.0,2.0,3.0,3.0,3.0,4.0,6.0,inferred
Rhondda Cynon Taf,2021-04-26,0.0,1.0,1.0,1.0,2.0,2.0,3.0,3.0,4.0,4.0,5.0,6.0,8.0,inferred
Rhondda Cynon Taf,2021-04-27,0.0,0.0,1.0,1.0,1.0,2.0,2.0,3.0,3.0,4.0,4.0,5.0,7.0,inferred
Rhondda Cynon Taf,2021-04-28,0.0,1.0,1.0,1.0,2.0,2.0,2.0,3.0,4.0,4.0,4.0,6.0,7.0,inferred
Rhondda Cynon Taf,2021-04-29,0.0,1.0,1.0,1.0,2.0,2.0,3.0,3.0,4.0,4.0,4.0,5.0,7.0,inferred
Rhondda Cynon Taf,2021-04-30,0.0,0.0,1.0,1.0,1.0,2.0,2.0,2.0,3.0,3.0,4.0,5.0,6.0,inferred
Rhondda Cynon Taf,2021-05-01,0.0,0.0,0.0,1.0,1.0,1.0,2.0,2.0,2.0,3.0,3.0,4.0,6.0,inferred
Rhondda Cynon Taf,2021-05-02,0.0,0.0,1.0,1.0,1.0,1.0,2.0,2.0,3.0,3.0,3.0,4.0,5.0,inferred
Rhondda Cynon Taf,2021-05-03,0.0,0.0,1.0,1.0,1.0,2.0,2.0,3.0,3.0,3.0,4.0,5.0,7.0,inferred
Rhondda Cynon Taf,2021-05-04,0.0,0.0,1.0,1.0,1.0,1.0,2.0,2.0,3.0,3.0,3.0,4.0,6.0,inferred
Rhondda Cynon Taf,2021-05-05,0.0,0.0,1.0,1.0,1.0,2.0,2.0,2.0,3.0,3.0,4.0,5.0,6.0,inferred
Rhondda Cynon Taf,2021-05-06,0.0,0.0,1.0,1.0,1.0,2.0,2.0,2.0,3.0,3.0,4.0,4.0,6.0,inferred
Rhondda Cynon Taf,2021-05-07,0.0,0.0,1.0,1.0,1.0,1.0,2.0,2.0,2.0,3.0,3.0,4.0,6.0,inferred
Rhondda Cynon Taf,2021-05-08,0.0,0.0,0.0,0.0,0.0,1.0,1.0,1.0,2.0,2.0,2.0,3.0,5.0,inferred
Rhondda Cynon Taf,2021-05-09,0.0,0.0,0.0,0.0,1.0,1.0,1.0,2.0,2.0,2.0,3.0,3.0,5.0,inferred
Rhondda Cynon Taf,2021-05-10,0.0,0.0,1.0,1.0,1.0,1.0,2.0,2.0,3.0,3.0,3.0,4.0,6.0,inferred
Rhondda Cynon Taf,2021-05-11,0.0,0.0,0.0,1.0,1.0,1.0,1.0,2.0,2.0,3.0,3.0,4.0,5.0,inferred
Rhondda Cynon Taf,2021-05-12,0.0,0.0,0.0,1.0,1.0,1.0,2.0,2.0,2.0,3.0,3.0,4.0,6.0,inferred
Rhondda Cynon Taf,2021-05-13,0.0,0.0,0.0,1.0,1.0,1.0,2.0,2.0,2.0,3.0,3.0,4.0,5.0,inferred
Rhondda Cynon Taf,2021-05-14,0.0,0.0,0.0,0.0,1.0,1.0,1.0,1.0,2.0,2.0,2.0,3.0,5.0,inferred
Rhondda Cynon Taf,2021-05-15,0.0,0.0,0.0,0.0,0.0,1.0,1.0,1.0,2.0,2.0,2.0,3.0,4.0,inferred
Rhondda Cynon Taf,2021-05-16,0.0,0.0,0.0,0.0,0.0,1.0,1.0,1.0,2.0,2.0,2.0,3.0,4.0,inferred
Rhondda Cynon Taf,2021-05-17,0.0,0.0,0.0,1.0,1.0,1.0,1.0,2.0,2.0,3.0,3.0,4.0,6.0,inferred
Rhondda Cynon Taf,2021-05-18,0.0,0.0,0.0,1.0,1.0,1.0,1.0,2.0,2.0,2.0,3.0,3.0,5.0,inferred
Rhondda Cynon Taf,2021-05-19,0.0,0.0,0.0,1.0,1.0,1.0,1.0,2.0,2.0,2.0,3.0,4.0,5.0,inferred
Rhondda Cynon Taf,2021-05-20,0.0,0.0,0.0,1.0,1.0,1.0,1.0,2.0,2.0,2.0,3.0,4.0,5.0,inferred
Rhondda Cynon Taf,2021-05-21,0.0,0.0,0.0,0.0,1.0,1.0,1.0,1.0,2.0,2.0,2.0,3.0,5.0,inferred
Rhondda Cynon Taf,2021-05-22,0.0,0.0,0.0,0.0,0.0,1.0,1.0,1.0,1.0,2.0,2.0,3.0,4.0,inferred
Rhondda Cynon Taf,2021-05-23,0.0,0.0,0.0,0.0,0.0,1.0,1.0,1.0,2.0,2.0,2.0,3.0,4.0,inferred
Rhondda Cynon Taf,2021-05-24,0.0,0.0,0.0,0.0,1.0,1.0,1.0,2.0,2.0,2.0,3.0,3.0,5.0,inferred
Rhondda Cynon Taf,2021-05-25,0.0,0.0,0.0,0.0,0.0,1.0,1.0,1.0,2.0,2.0,2.0,3.0,5.0,inferred
Rhondda Cynon Taf,2021-05-26,0.0,0.0,0.0,0.0,1.0,1.0,1.0,2.0,2.0,2.0,3.0,4.0,5.0,inferred
Rhondda Cynon Taf,2021-05-27,0.0,0.0,0.0,1.0,1.0,1.0,1.0,2.0,2.0,2.0,3.0,4.0,5.0,inferred
Rhondda Cynon Taf,2021-05-28,0.0,0.0,0.0,0.0,1.0,1.0,1.0,2.0,2.0,2.0,3.0,3.0,5.0,inferred
Rhondda Cynon Taf,2021-05-29,0.0,0.0,0.0,0.0,0.0,1.0,1.0,1.0,2.0,2.0,2.0,3.0,4.0,inferred
Rhondda Cynon Taf,2021-05-30,0.0,0.0,0.0,0.0,1.0,1.0,1.0,1.0,2.0,2.0,2.0,3.0,4.5,inferred
Rhondda Cynon Taf,2021-05-31,0.0,0.0,1.0,1.0,1.0,1.0,2.0,2.0,3.0,3.0,3.0,4.0,6.0,inferred
Rhondda Cynon Taf,2021-06-01,0.0,0.0,1.0,1.0,1.0,1.0,2.0,2.0,2.0,3.0,3.0,4.0,6.0,inferred
Rhondda Cynon Taf,2021-06-02,0.0,0.0,1.0,1.0,1.0,2.0,2.0,2.0,3.0,3.0,4.0,5.0,6.0,inferred
Rhondda Cynon Taf,2021-06-03,0.0,0.0,1.0,1.0,1.0,2.0,2.0,3.0,3.0,3.0,4.0,5.0,7.0,inferred
Rhondda Cynon Taf,2021-06-04,0.0,0.0,1.0,1.0,1.0,2.0,2.0,3.0,3.0,3.0,4.0,5.0,6.0,inferred
Rhondda Cynon Taf,2021-06-05,0.0,0.0,1.0,1.0,1.0,1.0,2.0,2.0,3.0,3.0,3.0,4.0,6.0,inferred
Rhondda Cynon Taf,2021-06-06,0.0,0.0,1.0,1.0,1.0,2.0,2.0,2.0,3.0,3.0,4.0,5.0,7.0,inferred
Rhondda Cynon Taf,2021-06-07,0.0,1.0,1.0,2.0,2.0,2.0,3.0,3.0,4.0,4.0,5.0,6.0,8.0,inferred
Rhondda Cynon Taf,2021-06-08,0.0,1.0,1.0,2.0,2.0,2.0,3.0,3.0,4.0,4.0,5.0,6.0,8.0,inferred
Rhondda Cynon Taf,2021-06-09,0.0,1.0,2.0,2.0,2.0,3.0,3.0,4.0,5.0,5.0,5.0,6.0,9.0,inferred
Rhondda Cynon Taf,2021-06-10,0.0,1.0,2.0,2.0,2.0,3.0,3.0,4.0,5.0,5.0,5.0,7.0,9.0,inferred
Rhondda Cynon Taf,2021-06-11,0.0,1.0,2.0,2.0,2.0,3.0,3.0,4.0,4.0,5.0,5.0,6.0,8.0,inferred
Rhondda Cynon Taf,2021-06-12,0.0,1.0,1.0,1.0,2.0,2.0,3.0,3.0,4.0,4.0,4.0,5.0,7.0,inferred
Rhondda Cynon Taf,2021-06-13,0.0,1.0,1.0,2.0,2.0,2.0,3.0,3.0,4.0,4.0,5.0,6.0,8.0,inferred
Rhondda Cynon Taf,2021-06-14,1.0,2.0,2.0,3.0,3.0,4.0,4.0,5.0,6.0,6.0,6.0,8.0,10.0,inferred
Rhondda Cynon Taf,2021-06-15,0.0,1.0,2.0,2.0,3.0,3.0,4.0,5.0,5.0,6.0,6.0,7.0,9.0,inferred
Rhondda Cynon Taf,2021-06-16,1.0,2.0,3.0,3.0,3.0,4.0,5.0,5.0,6.0,6.0,7.0,8.0,10.0,inferred
Rhondda Cynon Taf,2021-06-17,1.0,2.0,3.0,3.0,4.0,4.0,5.0,6.0,6.0,7.0,7.0,9.0,11.0,inferred
Rhondda Cynon Taf,2021-06-18,1.0,2.0,2.0,3.0,3.0,4.0,4.0,5.0,6.0,6.0,7.0,8.0,11.0,inferred
Ribble Valley,2021-03-06,1.0,2.0,3.0,3.0,4.0,4.0,5.0,6.0,7.0,8.0,8.0,10.0,13.0,inferred
Ribble Valley,2021-03-07,1.0,2.0,3.0,4.0,4.0,5.0,6.0,7.0,8.0,9.0,10.0,12.0,16.0,inferred
Ribble Valley,2021-03-08,2.0,4.0,5.0,6.0,6.0,7.0,8.0,9.0,11.0,11.0,12.0,15.0,18.0,inferred
Ribble Valley,2021-03-09,2.0,3.0,5.0,5.0,6.0,7.0,8.0,9.0,10.0,11.0,12.0,14.0,19.0,inferred
Ribble Valley,2021-03-10,2.0,3.0,5.0,5.0,6.0,7.0,8.0,9.0,10.0,11.0,11.0,14.0,17.0,inferred
Ribble Valley,2021-03-11,2.0,3.0,4.0,5.0,5.0,6.0,7.0,8.0,10.0,10.0,11.0,13.0,17.0,inferred
Ribble Valley,2021-03-12,1.0,2.0,4.0,4.0,5.0,5.0,6.0,7.0,9.0,9.0,10.0,12.0,16.5,inferred
Ribble Valley,2021-03-13,0.0,1.0,2.0,3.0,3.0,4.0,5.0,6.0,7.0,7.0,8.0,10.0,13.0,inferred
Ribble Valley,2021-03-14,1.0,2.0,3.0,3.0,4.0,5.0,6.0,6.0,7.0,8.0,9.0,11.0,15.0,inferred
Ribble Valley,2021-03-15,1.0,3.0,4.0,5.0,5.0,6.0,7.0,8.0,9.0,10.0,11.0,13.0,17.5,inferred
Ribble Valley,2021-03-16,1.0,2.0,4.0,4.0,5.0,6.0,7.0,8.0,9.0,9.0,10.0,12.0,16.0,inferred
Ribble Valley,2021-03-17,1.0,2.0,3.0,4.0,4.0,5.0,6.0,7.0,8.0,9.0,10.0,12.0,15.0,inferred
Ribble Valley,2021-03-18,1.0,2.0,3.0,4.0,4.0,5.0,6.0,7.0,8.0,9.0,9.0,11.0,15.0,inferred
Ribble Valley,2021-03-19,0.0,1.0,2.8,3.0,3.0,4.0,5.0,6.0,7.0,7.0,8.0,10.0,13.0,inferred
Ribble Valley,2021-03-20,0.0,1.0,2.0,2.0,2.0,3.0,4.0,4.0,5.0,6.0,6.0,8.0,12.0,inferred
Ribble Valley,2021-03-21,0.0,1.0,2.0,2.0,3.0,3.0,4.0,5.0,6.0,6.0,7.0,9.0,12.0,inferred
Ribble Valley,2021-03-22,1.0,2.0,3.0,3.0,4.0,4.0,5.0,6.0,7.0,8.0,8.0,11.0,14.0,inferred
Ribble Valley,2021-03-23,0.0,1.0,2.8,3.0,3.0,4.0,5.0,6.0,7.0,7.0,8.0,10.0,13.0,inferred
Ribble Valley,2021-03-24,0.0,1.0,2.0,2.0,3.0,4.0,5.0,5.0,6.0,7.0,8.0,10.0,13.0,inferred
Ribble Valley,2021-03-25,0.0,1.0,2.0,2.0,3.0,3.0,4.0,5.0,6.0,6.0,7.0,9.0,12.0,inferred
Ribble Valley,2021-03-26,0.0,1.0,1.0,2.0,2.0,3.0,3.0,4.0,5.0,5.0,6.0,8.0,11.0,inferred
Ribble Valley,2021-03-27,0.0,0.0,1.0,1.0,1.0,2.0,2.0,3.0,4.0,4.0,5.0,6.0,9.0,inferred
Ribble Valley,2021-03-28,0.0,0.0,1.0,1.0,2.0,2.0,3.0,3.0,4.0,5.0,5.0,7.0,10.0,inferred
Ribble Valley,2021-03-29,0.0,1.0,1.0,2.0,2.0,3.0,4.0,4.0,5.0,5.0,6.0,8.0,11.0,inferred
Ribble Valley,2021-03-30,0.0,1.0,1.0,2.0,2.0,2.0,3.0,4.0,4.0,5.0,5.0,7.0,10.0,inferred
Ribble Valley,2021-03-31,0.0,0.0,1.0,1.0,2.0,2.0,3.0,3.4,4.0,5.0,5.0,7.0,10.0,inferred
Ribble Valley,2021-04-01,0.0,0.0,1.0,1.0,1.0,2.0,2.0,3.0,4.0,4.0,5.0,6.0,9.0,inferred
Ribble Valley,2021-04-02,0.0,0.0,0.0,1.0,1.0,1.0,2.0,3.0,3.0,4.0,4.0,6.0,8.5,inferred
Ribble Valley,2021-04-03,0.0,0.0,0.0,0.0,1.0,1.0,1.0,2.0,2.0,3.0,3.0,5.0,7.0,inferred
Ribble Valley,2021-04-04,0.0,0.0,0.0,0.0,1.0,1.0,2.0,2.0,3.0,3.0,3.0,5.0,7.0,inferred
Ribble Valley,2021-04-05,0.0,0.0,0.0,1.0,1.0,1.0,2.0,2.0,3.0,4.0,4.0,5.0,8.0,inferred
Ribble Valley,2021-04-06,0.0,0.0,0.0,1.0,1.0,1.0,2.0,2.0,3.0,3.0,3.0,5.0,7.0,inferred
Ribble Valley,2021-04-07,0.0,0.0,0.0,0.0,1.0,1.0,2.0,2.0,3.0,3.0,4.0,5.0,8.0,inferred
Ribble Valley,2021-04-08,0.0,0.0,0.0,0.0,0.0,1.0,1.0,2.0,2.0,3.0,3.0,4.0,7.0,inferred
Ribble Valley,2021-04-09,0.0,0.0,0.0,0.0,0.0,1.0,1.0,1.0,2.0,2.0,3.0,4.0,6.0,inferred
Ribble Valley,2021-04-10,0.0,0.0,0.0,0.0,0.0,0.0,1.0,1.0,2.0,2.0,2.0,3.0,5.0,inferred
Ribble Valley,2021-04-11,0.0,0.0,0.0,0.0,0.0,0.0,1.0,1.0,2.0,2.0,2.0,3.0,6.0,inferred
Ribble Valley,2021-04-12,0.0,0.0,0.0,0.0,0.0,0.0,1.0,1.0,2.0,2.0,2.0,4.0,6.0,inferred
Ribble Valley,2021-04-13,0.0,0.0,0.0,0.0,0.0,1.0,1.0,1.0,2.0,2.0,2.0,4.0,6.0,inferred
Ribble Valley,2021-04-14,0.0,0.0,0.0,0.0,0.0,0.0,1.0,1.0,2.0,2.0,2.0,4.0,6.0,inferred
Ribble Valley,2021-04-15,0.0,0.0,0.0,0.0,0.0,0.0,1.0,1.0,2.0,2.0,2.0,4.0,6.0,inferred
Ribble Valley,2021-04-16,0.0,0.0,0.0,0.0,0.0,0.0,0.0,1.0,1.0,1.0,2.0,3.0,5.0,inferred
Ribble Valley,2021-04-17,0.0,0.0,0.0,0.0,0.0,0.0,0.0,1.0,1.0,1.0,2.0,3.0,5.0,inferred
Ribble Valley,2021-04-18,0.0,0.0,0.0,0.0,0.0,0.0,0.0,1.0,1.0,1.0,2.0,3.0,5.0,inferred
Ribble Valley,2021-04-19,0.0,0.0,0.0,0.0,0.0,0.0,1.0,1.0,2.0,2.0,2.0,3.0,5.0,inferred
Ribble Valley,2021-04-20,0.0,0.0,0.0,0.0,0.0,0.0,1.0,1.0,1.0,2.0,2.0,3.0,6.0,inferred
Ribble Valley,2021-04-21,0.0,0.0,0.0,0.0,0.0,0.0,1.0,1.0,2.0,2.0,2.0,3.0,5.0,inferred
Ribble Valley,2021-04-22,0.0,0.0,0.0,0.0,0.0,0.0,1.0,1.0,1.0,2.0,2.0,3.0,5.0,inferred
Ribble Valley,2021-04-23,0.0,0.0,0.0,0.0,0.0,0.0,1.0,1.0,1.0,2.0,2.0,3.0,6.0,inferred
Ribble Valley,2021-04-24,0.0,0.0,0.0,0.0,0.0,0.0,0.0,1.0,1.0,1.0,2.0,3.0,4.5,inferred
Ribble Valley,2021-04-25,0.0,0.0,0.0,0.0,0.0,0.0,1.0,1.0,1.0,2.0,2.0,3.0,5.0,inferred
Ribble Valley,2021-04-26,0.0,0.0,0.0,0.0,0.0,1.0,1.0,1.0,2.0,2.0,2.0,3.0,6.0,inferred
Ribble Valley,2021-04-27,0.0,0.0,0.0,0.0,0.0,0.0,1.0,1.0,2.0,2.0,2.0,4.0,6.0,inferred
Ribble Valley,2021-04-28,0.0,0.0,0.0,0.0,0.0,0.0,1.0,1.0,2.0,2.0,2.0,4.0,6.0,inferred
Ribble Valley,2021-04-29,0.0,0.0,0.0,0.0,0.0,0.0,1.0,1.0,2.0,2.0,2.0,4.0,6.0,inferred
Ribble Valley,2021-04-30,0.0,0.0,0.0,0.0,0.0,0.0,1.0,1.0,2.0,2.0,2.0,3.0,5.0,inferred
Ribble Valley,2021-05-01,0.0,0.0,0.0,0.0,0.0,0.0,0.0,1.0,1.0,2.0,2.0,3.0,5.0,inferred
Ribble Valley,2021-05-02,0.0,0.0,0.0,0.0,0.0,0.0,1.0,1.0,2.0,2.0,2.0,3.0,6.0,inferred
Ribble Valley,2021-05-03,0.0,0.0,0.0,0.0,0.0,1.0,1.0,1.0,2.0,2.0,3.0,4.0,6.0,inferred
Ribble Valley,2021-05-04,0.0,0.0,0.0,0.0,0.0,1.0,1.0,1.0,2.0,2.0,3.0,4.0,6.0,inferred
Ribble Valley,2021-05-05,0.0,0.0,0.0,0.0,0.0,1.0,1.0,2.0,2.0,2.0,3.0,4.0,6.0,inferred
Ribble Valley,2021-05-06,0.0,0.0,0.0,0.0,0.0,1.0,1.0,1.0,2.0,2.0,3.0,4.0,6.0,inferred
Ribble Valley,2021-05-07,0.0,0.0,0.0,0.0,0.0,1.0,1.0,1.0,2.0,2.0,3.0,4.0,6.0,inferred
Ribble Valley,2021-05-08,0.0,0.0,0.0,0.0,0.0,0.0,1.0,1.0,2.0,2.0,2.0,3.0,5.0,inferred
Ribble Valley,2021-05-09,0.0,0.0,0.0,0.0,0.0,0.0,1.0,1.0,2.0,2.0,2.0,4.0,6.0,inferred
Ribble Valley,2021-05-10,0.0,0.0,0.0,0.0,0.0,1.0,1.0,2.0,2.0,2.0,3.0,4.0,7.0,inferred
Ribble Valley,2021-05-11,0.0,0.0,0.0,0.0,0.0,1.0,1.0,2.0,2.0,3.0,3.0,5.0,7.0,inferred
Ribble Valley,2021-05-12,0.0,0.0,0.0,0.0,1.0,1.0,1.0,2.0,2.0,3.0,3.0,4.0,7.0,inferred
Ribble Valley,2021-05-13,0.0,0.0,0.0,0.0,1.0,1.0,1.0,2.0,3.0,3.0,3.0,5.0,7.0,inferred
Ribble Valley,2021-05-14,0.0,0.0,0.0,0.0,1.0,1.0,1.0,2.0,2.0,3.0,3.0,5.0,7.0,inferred
Ribble Valley,2021-05-15,0.0,0.0,0.0,0.0,0.0,1.0,1.0,2.0,2.0,3.0,3.0,4.0,7.0,inferred
Ribble Valley,2021-05-16,0.0,0.0,0.0,1.0,1.0,1.0,2.0,2.0,3.0,3.0,4.0,5.0,8.0,inferred
Ribble Valley,2021-05-17,0.0,0.0,1.0,1.0,1.0,2.0,2.0,3.0,4.0,4.0,5.0,6.0,10.0,inferred
Ribble Valley,2021-05-18,0.0,0.0,1.0,1.0,2.0,2.0,3.0,4.0,4.0,5.0,5.0,7.0,10.0,inferred
Ribble Valley,2021-05-19,0.0,1.0,2.0,2.0,2.0,3.0,4.0,4.0,5.0,6.0,6.0,8.0,12.0,inferred
Ribble Valley,2021-05-20,0.0,1.0,2.0,2.0,3.0,3.0,4.0,5.0,6.0,6.0,7.0,9.0,13.0,inferred
Ribble Valley,2021-05-21,0.0,1.0,2.0,3.0,3.0,4.0,4.0,5.0,6.0,7.0,8.0,10.0,13.0,inferred
Ribble Valley,2021-05-22,0.0,1.0,2.0,2.0,3.0,3.0,4.0,5.0,6.0,6.0,7.0,9.0,12.0,inferred
Ribble Valley,2021-05-23,1.0,2.0,3.0,4.0,4.0,5.0,6.0,7.0,8.0,9.0,10.0,11.0,15.5,inferred
Ribble Valley,2021-05-24,2.0,4.0,5.0,6.0,7.0,8.0,9.0,10.0,12.0,12.0,13.0,16.0,21.0,inferred
Ribble Valley,2021-05-25,3.0,5.0,7.0,7.0,8.0,9.0,10.0,12.0,13.0,14.0,15.0,17.0,22.0,inferred
Ribble Valley,2021-05-26,4.0,6.0,8.0,9.0,9.0,11.0,12.0,13.0,15.0,16.0,17.0,20.0,24.0,inferred
Ribble Valley,2021-05-27,4.0,7.0,9.0,9.0,10.0,12.0,13.0,14.0,16.0,17.0,18.0,21.0,26.0,inferred
Ribble Valley,2021-05-28,5.0,7.0,9.0,9.0,10.0,11.0,13.0,14.0,15.0,16.0,17.0,20.0,25.0,inferred
Ribble Valley,2021-05-29,3.0,5.0,7.0,8.0,8.0,10.0,11.0,12.0,14.0,14.0,15.0,18.0,22.0,inferred
Ribble Valley,2021-05-30,5.0,8.0,10.0,11.0,11.0,13.0,14.0,16.0,17.0,18.0,19.0,22.0,28.0,inferred
Ribble Valley,2021-05-31,9.0,13.0,15.0,16.0,17.0,19.0,21.0,22.0,24.0,26.0,27.0,31.0,35.0,inferred
Ribble Valley,2021-06-01,10.0,14.0,17.0,18.0,20.0,22.0,24.0,25.0,27.0,29.0,30.0,34.0,39.0,inferred
Ribble Valley,2021-06-02,13.0,17.0,20.0,21.0,22.0,25.0,27.0,29.0,31.0,32.0,34.0,38.0,43.0,inferred
Ribble Valley,2021-06-03,14.0,19.0,21.0,23.0,24.0,26.0,28.0,30.0,32.0,33.0,35.0,39.0,46.5,inferred
Ribble Valley,2021-06-04,14.0,18.0,21.0,22.0,23.0,25.0,27.0,29.0,31.0,33.0,34.0,39.0,45.0,inferred
Ribble Valley,2021-06-05,12.0,16.0,19.0,20.0,21.0,22.0,24.0,26.0,28.0,29.0,30.0,34.0,40.0,inferred
Ribble Valley,2021-06-06,17.0,21.0,24.0,25.0,26.0,29.0,31.0,33.0,35.0,37.0,38.0,42.0,49.0,inferred
Ribble Valley,2021-06-07,25.0,32.0,35.0,37.0,38.0,41.0,44.0,46.0,49.0,50.0,52.0,57.0,65.0,inferred
Ribble Valley,2021-06-08,27.0,33.0,37.0,38.0,40.0,42.0,45.0,47.0,50.0,52.0,54.0,58.0,65.0,inferred
Ribble Valley,2021-06-09,27.0,33.0,37.0,38.0,40.0,43.0,45.0,48.0,50.3,52.0,54.0,59.0,66.0,inferred
Ribble Valley,2021-06-10,25.0,30.0,34.0,35.0,37.0,39.0,42.0,44.0,47.0,49.0,50.0,56.0,64.5,inferred
Ribble Valley,2021-06-11,21.0,26.0,30.0,31.0,32.0,34.0,36.0,39.0,41.0,43.0,44.0,49.0,56.0,inferred
Ribble Valley,2021-06-12,15.0,20.0,23.0,24.0,25.0,27.0,29.0,31.0,34.0,35.0,36.0,40.0,46.0,inferred
Ribble Valley,2021-06-13,18.0,24.0,27.0,28.0,29.0,31.0,33.0,35.0,38.0,39.0,40.2,45.0,52.0,inferred
Ribble Valley,2021-06-14,27.0,32.0,35.0,37.0,38.0,41.0,43.0,46.0,48.0,50.0,52.0,57.0,64.0,inferred
Ribble Valley,2021-06-15,24.0,30.0,34.0,35.0,37.0,39.0,42.0,44.4,47.0,49.0,51.0,55.0,63.0,inferred
Ribble Valley,2021-06-16,24.0,30.0,34.0,36.0,37.0,39.0,42.0,44.0,47.0,49.0,51.0,56.0,64.0,inferred
Ribble Valley,2021-06-17,21.5,28.0,32.0,33.0,34.0,37.0,39.0,42.0,44.0,46.0,48.0,53.0,62.0,inferred
Ribble Valley,2021-06-18,19.0,24.0,27.0,29.0,30.0,33.0,35.0,37.0,40.0,42.0,43.0,47.0,55.0,inferred
Richmond upon Thames,2021-03-06,1.0,3.0,4.0,5.0,5.0,6.0,7.0,8.0,9.0,9.0,10.0,12.0,15.0,inferred
Richmond upon Thames,2021-03-07,2.0,3.0,5.0,5.0,6.0,7.0,8.0,9.0,10.0,11.0,11.0,13.0,17.5,inferred
Richmond upon Thames,2021-03-08,3.0,5.0,6.0,7.0,8.0,9.0,10.0,11.0,12.0,13.0,13.0,16.0,21.0,inferred
Richmond upon Thames,2021-03-09,3.0,4.0,6.0,7.0,7.0,8.0,9.0,10.0,12.0,12.0,13.0,16.0,19.0,inferred
Richmond upon Thames,2021-03-10,3.0,5.0,6.0,7.0,7.0,8.0,9.0,10.0,12.0,13.0,14.0,16.0,19.5,inferred
Richmond upon Thames,2021-03-11,2.0,4.0,6.0,6.0,7.0,8.0,9.0,10.0,11.0,12.0,13.0,15.0,19.0,inferred
Richmond upon Thames,2021-03-12,2.0,3.0,5.0,5.0,6.0,7.0,8.0,9.0,11.0,11.0,12.0,14.0,18.0,inferred
Richmond upon Thames,2021-03-13,1.0,3.0,4.0,4.0,5.0,5.6,6.0,7.0,9.0,9.0,10.0,12.0,15.0,inferred
Richmond upon Thames,2021-03-14,2.0,4.0,5.0,5.0,6.0,7.0,8.0,8.0,10.0,10.0,11.0,13.0,16.0,inferred
Richmond upon Thames,2021-03-15,3.0,5.0,7.0,7.0,8.0,9.0,10.0,11.0,12.0,13.0,14.0,16.0,20.0,inferred
Richmond upon Thames,2021-03-16,3.0,5.0,6.0,7.0,7.0,8.0,10.0,11.0,12.0,13.0,14.0,16.0,21.0,inferred
Richmond upon Thames,2021-03-17,3.0,5.0,7.0,7.0,8.0,9.0,10.0,11.0,13.0,13.0,14.0,16.0,20.0,inferred
Richmond upon Thames,2021-03-18,3.0,5.0,6.0,7.0,7.0,8.0,9.0,10.0,11.0,12.0,13.0,16.0,20.0,inferred
Richmond upon Thames,2021-03-19,2.0,4.0,5.0,6.0,6.0,7.0,8.0,10.0,11.0,12.0,12.0,14.0,18.0,inferred
Richmond upon Thames,2021-03-20,1.0,3.0,4.0,4.0,5.0,6.0,7.0,8.0,9.0,10.0,10.0,12.0,16.0,inferred
Richmond upon Thames,2021-03-21,2.0,3.0,5.0,5.0,6.0,7.0,8.0,9.0,10.0,11.0,12.0,14.0,18.0,inferred
Richmond upon Thames,2021-03-22,3.0,5.0,7.0,7.0,8.0,9.0,10.0,11.0,13.0,14.0,14.0,17.0,21.5,inferred
Richmond upon Thames,2021-03-23,3.0,5.0,6.0,7.0,8.0,9.0,10.0,11.0,12.0,13.0,14.0,16.0,20.0,inferred
Richmond upon Thames,2021-03-24,3.0,5.0,7.0,7.0,8.0,9.0,10.0,11.0,12.0,13.0,14.0,17.0,21.0,inferred
Richmond upon Thames,2021-03-25,2.0,4.0,6.0,6.0,7.0,8.0,9.0,10.0,11.0,12.0,13.0,15.0,19.5,inferred
Richmond upon Thames,2021-03-26,2.0,3.0,5.0,5.0,6.0,7.0,8.0,9.0,10.0,11.0,11.0,14.0,18.0,inferred
Richmond upon Thames,2021-03-27,1.0,3.0,4.0,4.0,5.0,5.0,6.0,7.0,8.0,9.0,9.0,12.0,15.0,inferred
Richmond upon Thames,2021-03-28,1.0,3.0,4.0,5.0,5.0,6.0,7.0,8.0,9.0,10.0,10.0,13.0,16.0,inferred
Richmond upon Thames,2021-03-29,2.5,4.0,6.0,6.0,7.0,8.0,9.0,10.0,11.0,12.0,13.0,15.0,19.5,inferred
Richmond upon Thames,2021-03-30,2.0,4.0,5.0,6.0,6.0,7.0,8.0,9.0,11.0,11.0,12.0,14.0,18.0,inferred
Richmond upon Thames,2021-03-31,2.0,3.0,5.0,5.0,6.0,7.0,8.0,9.0,10.0,11.0,12.0,14.0,17.0,inferred
Richmond upon Thames,2021-04-01,1.0,3.0,4.0,5.0,5.0,6.0,7.0,8.0,9.0,10.0,11.0,12.0,16.0,inferred
Richmond upon Thames,2021-04-02,1.0,3.0,4.0,4.0,5.0,5.0,6.0,7.0,8.0,9.0,10.0,12.0,16.0,inferred
Richmond upon Thames,2021-04-03,1.0,2.0,2.0,3.0,3.0,4.0,5.0,6.0,6.0,7.0,8.0,10.0,12.5,inferred
Richmond upon Thames,2021-04-04,1.0,2.0,3.0,3.0,4.0,4.0,5.0,6.0,7.0,8.0,8.0,10.0,15.0,inferred
Richmond upon Thames,2021-04-05,1.0,3.0,4.0,5.0,5.0,6.0,7.0,8.0,9.0,9.0,10.0,12.0,15.0,inferred
Richmond upon Thames,2021-04-06,1.0,2.0,3.0,4.0,4.0,5.0,6.0,7.0,8.0,9.0,10.0,12.0,16.0,inferred
Richmond upon Thames,2021-04-07,1.0,2.0,4.0,4.0,5.0,6.0,6.0,7.0,8.0,9.0,10.0,12.0,16.0,inferred
Richmond upon Thames,2021-04-08,1.0,2.0,3.0,4.0,4.0,5.0,6.0,7.0,8.0,8.0,9.0,11.0,15.0,inferred
Richmond upon Thames,2021-04-09,1.0,2.0,3.0,3.0,4.0,4.0,5.0,6.0,7.0,7.2,8.0,10.0,14.0,inferred
Richmond upon Thames,2021-04-10,0.0,1.0,2.0,3.0,3.0,3.0,4.0,5.0,6.0,6.0,7.0,9.0,11.5,inferred
Richmond upon Thames,2021-04-11,0.5,1.0,2.0,3.0,3.0,4.0,5.0,6.0,7.0,7.0,8.0,10.0,13.0,inferred
Richmond upon Thames,2021-04-12,1.0,2.0,3.0,4.0,4.0,5.0,6.0,7.0,8.0,8.0,9.0,11.0,15.0,inferred
Richmond upon Thames,2021-04-13,1.0,2.0,3.0,4.0,4.0,5.0,6.0,6.0,7.0,8.0,9.0,11.0,15.0,inferred
Richmond upon Thames,2021-04-14,1.0,2.0,3.0,4.0,4.0,5.0,6.0,7.0,8.0,9.0,9.0,11.0,15.0,inferred
Richmond upon Thames,2021-04-15,1.0,2.0,3.0,3.0,4.0,5.0,6.0,6.0,7.0,8.0,9.0,10.0,14.0,inferred
Richmond upon Thames,2021-04-16,0.0,1.0,2.0,3.0,3.0,4.0,5.0,6.0,7.0,7.0,8.0,10.0,13.0,inferred
Richmond upon Thames,2021-04-17,0.0,1.0,2.0,2.0,3.0,3.0,4.0,5.0,5.0,6.0,7.0,8.0,11.0,inferred
Richmond upon Thames,2021-04-18,1.0,1.0,2.0,3.0,3.0,4.0,5.0,5.0,6.0,7.0,8.0,9.0,13.0,inferred
Richmond upon Thames,2021-04-19,1.0,2.0,3.0,4.0,4.0,5.0,6.0,7.0,8.0,9.0,9.0,11.0,15.0,inferred
Richmond upon Thames,2021-04-20,1.0,2.0,3.0,4.0,4.0,5.0,6.0,7.0,7.0,8.0,9.0,11.0,14.0,inferred
Richmond upon Thames,2021-04-21,1.0,2.0,3.0,4.0,4.0,5.0,6.0,7.0,8.0,8.0,9.0,11.0,14.0,inferred
Richmond upon Thames,2021-04-22,1.0,2.0,3.0,3.0,4.0,5.0,5.0,6.0,7.0,8.0,8.0,10.0,14.0,inferred
Richmond upon Thames,2021-04-23,0.0,1.0,2.0,3.0,3.0,4.0,4.0,5.0,6.0,7.0,7.0,9.0,13.0,inferred
Richmond upon Thames,2021-04-24,0.0,1.0,2.0,2.0,2.0,3.0,4.0,4.0,5.0,5.0,6.0,8.0,11.0,inferred
Richmond upon Thames,2021-04-25,0.0,1.0,2.0,2.0,3.0,3.0,4.0,5.0,6.0,6.0,7.0,9.0,11.0,inferred
Richmond upon Thames,2021-04-26,1.0,2.0,3.0,3.0,4.0,4.0,5.0,6.0,7.0,8.0,8.0,10.0,13.0,inferred
Richmond upon Thames,2021-04-27,0.0,1.0,3.0,3.0,3.0,4.0,5.0,6.0,7.0,7.0,8.0,10.0,13.0,inferred
Richmond upon Thames,2021-04-28,0.0,2.0,3.0,3.0,3.0,4.0,5.0,6.0,7.0,7.0,8.0,10.0,14.0,inferred
Richmond upon Thames,2021-04-29,0.0,1.0,2.0,3.0,3.0,4.0,4.0,5.0,6.0,6.0,7.0,9.0,12.0,inferred
Richmond upon Thames,2021-04-30,0.0,1.0,2.0,2.0,2.0,3.0,4.0,5.0,5.0,6.0,6.0,8.0,11.0,inferred
Richmond upon Thames,2021-05-01,0.0,0.0,1.0,1.0,2.0,2.0,3.0,3.0,4.0,5.0,5.0,7.0,10.0,inferred
Richmond upon Thames,2021-05-02,0.0,1.0,1.0,2.0,2.0,3.0,3.0,4.0,5.0,5.0,6.0,7.0,10.0,inferred
Richmond upon Thames,2021-05-03,0.0,1.0,2.0,2.0,3.0,4.0,4.0,5.0,6.0,7.0,7.0,9.0,12.0,inferred
Richmond upon Thames,2021-05-04,0.0,1.0,2.0,2.0,3.0,3.0,4.0,5.0,6.0,6.0,7.0,8.0,12.0,inferred
Richmond upon Thames,2021-05-05,0.0,1.0,2.0,2.0,3.0,3.0,4.0,5.0,6.0,7.0,7.0,9.0,12.0,inferred
Richmond upon Thames,2021-05-06,0.0,1.0,2.0,2.0,2.0,3.0,4.0,5.0,5.0,6.0,7.0,8.0,11.0,inferred
Richmond upon Thames,2021-05-07,0.0,1.0,1.0,2.0,2.0,3.0,3.0,4.0,5.0,5.0,6.0,7.0,10.0,inferred
Richmond upon Thames,2021-05-08,0.0,0.0,1.0,1.0,2.0,2.0,3.0,3.0,4.0,4.0,5.0,6.0,9.0,inferred
Richmond upon Thames,2021-05-09,0.0,1.0,1.0,2.0,2.0,2.0,3.0,4.0,5.0,5.0,6.0,7.0,10.0,inferred
Richmond upon Thames,2021-05-10,0.0,1.0,2.0,2.0,3.0,3.0,4.0,5.0,6.0,6.0,7.0,8.0,11.0,inferred
Richmond upon Thames,2021-05-11,0.0,1.0,2.0,2.0,3.0,3.0,4.0,5.0,6.0,6.0,7.0,8.0,11.0,inferred
Richmond upon Thames,2021-05-12,0.0,1.0,2.0,2.0,3.0,3.0,4.0,5.0,6.0,6.0,7.0,9.0,12.0,inferred
Richmond upon Thames,2021-05-13,0.0,1.0,2.0,2.0,2.0,3.0,4.0,4.0,5.0,5.0,6.0,8.0,11.0,inferred
Richmond upon Thames,2021-05-14,0.0,1.0,1.0,2.0,2.0,3.0,3.0,4.0,4.0,5.0,5.0,7.0,10.0,inferred
Richmond upon Thames,2021-05-15,0.0,0.0,1.0,1.0,1.0,2.0,3.0,3.0,4.0,4.0,5.0,6.0,9.0,inferred
Richmond upon Thames,2021-05-16,0.0,1.0,1.0,2.0,2.0,3.0,3.0,4.0,4.0,5.0,6.0,7.0,10.0,inferred
Richmond upon Thames,2021-05-17,0.0,1.0,2.0,2.0,3.0,3.0,4.0,5.0,6.0,6.0,7.0,9.0,12.0,inferred
Richmond upon Thames,2021-05-18,0.0,1.0,2.0,2.0,3.0,3.0,4.0,5.0,5.0,6.0,7.0,8.0,12.0,inferred
Richmond upon Thames,2021-05-19,0.0,1.0,2.0,2.8,3.0,4.0,4.0,5.0,6.0,7.0,7.0,9.0,12.0,inferred
Richmond upon Thames,2021-05-20,0.0,1.0,2.0,2.0,3.0,3.0,4.0,5.0,6.0,7.0,7.0,9.0,12.0,inferred
Richmond upon Thames,2021-05-21,0.0,1.0,2.0,2.0,3.0,3.0,4.0,5.0,5.0,6.0,6.0,8.0,11.0,inferred
Richmond upon Thames,2021-05-22,0.0,1.0,1.8,2.0,2.0,3.0,3.0,4.0,5.0,5.2,6.0,8.0,11.0,inferred
Richmond upon Thames,2021-05-23,0.0,1.0,2.0,3.0,3.0,4.0,4.0,5.0,6.0,7.0,7.0,9.0,12.0,inferred
Richmond upon Thames,2021-05-24,1.0,2.0,3.0,4.0,4.0,5.0,6.0,7.0,8.0,8.0,9.0,11.0,15.0,inferred
Richmond upon Thames,2021-05-25,1.0,2.0,4.0,4.0,4.0,5.0,6.0,7.0,8.0,9.0,9.0,11.0,15.0,inferred
Richmond upon Thames,2021-05-26,1.0,3.0,4.0,5.0,5.0,6.0,7.0,8.0,9.0,10.0,10.0,13.0,17.0,inferred
Richmond upon Thames,2021-05-27,2.0,3.0,4.0,5.0,5.0,6.0,7.0,8.0,9.0,10.0,11.0,13.0,16.0,inferred
Richmond upon Thames,2021-05-28,1.0,3.0,4.0,4.0,5.0,6.0,7.0,8.0,9.0,9.0,10.0,12.0,16.0,inferred
Richmond upon Thames,2021-05-29,1.0,2.0,3.0,4.0,4.0,5.0,6.0,7.0,8.0,8.0,9.0,11.0,15.0,inferred
Richmond upon Thames,2021-05-30,2.0,3.0,5.0,5.0,5.0,6.0,7.0,8.0,10.0,10.0,11.0,14.0,17.0,inferred
Richmond upon Thames,2021-05-31,3.0,5.0,7.0,7.0,8.0,9.0,10.0,11.0,13.0,13.0,14.0,17.0,20.0,inferred
Richmond upon Thames,2021-06-01,4.0,6.0,7.0,8.0,9.0,10.0,11.0,12.0,14.0,14.0,15.0,18.0,22.5,inferred
Richmond upon Thames,2021-06-02,4.0,6.0,8.0,9.0,9.0,11.0,12.0,13.0,14.0,15.0,16.0,19.0,24.0,inferred
Richmond upon Thames,2021-06-03,4.0,7.0,8.0,9.0,10.0,11.0,12.0,13.4,15.0,16.0,17.0,19.0,24.0,inferred
Richmond upon Thames,2021-06-04,4.0,6.0,8.0,9.0,9.0,10.0,11.0,13.0,14.0,15.0,16.0,19.0,23.0,inferred
Richmond upon Thames,2021-06-05,3.0,5.0,7.0,7.0,8.0,9.0,10.0,11.0,13.0,13.0,14.0,17.0,20.0,inferred
Richmond upon Thames,2021-06-06,5.0,7.0,9.0,10.0,10.0,11.0,12.0,14.0,15.0,16.0,17.0,20.0,24.0,inferred
Richmond upon Thames,2021-06-07,8.0,11.0,13.0,13.0,14.0,16.0,17.0,19.0,20.0,21.0,22.0,25.0,31.0,inferred
Richmond upon Thames,2021-06-08,8.0,11.0,13.0,14.0,15.0,16.0,18.0,19.0,21.0,22.0,23.0,26.0,31.0,inferred
Richmond upon Thames,2021-06-09,9.0,12.0,14.0,15.0,16.0,17.0,19.0,20.0,22.0,23.0,24.0,27.0,33.0,inferred
Richmond upon Thames,2021-06-10,8.0,11.0,14.0,15.0,15.0,17.0,19.0,20.0,22.0,23.0,24.0,28.0,33.0,inferred
Richmond upon Thames,2021-06-11,7.0,10.0,12.0,13.0,14.0,16.0,17.0,19.0,20.0,21.0,22.0,26.0,30.0,inferred
Richmond upon Thames,2021-06-12,5.0,8.0,10.0,11.0,12.0,13.0,14.0,16.0,17.0,18.0,19.0,22.0,27.0,inferred
Richmond upon Thames,2021-06-13,7.0,11.0,12.0,13.8,14.0,16.0,17.0,19.0,20.0,21.0,22.0,25.0,30.0,inferred
Richmond upon Thames,2021-06-14,11.0,15.0,17.0,18.0,19.0,21.0,23.0,24.0,26.0,27.0,29.0,32.0,38.0,inferred
Richmond upon Thames,2021-06-15,12.0,15.0,18.0,19.0,20.0,22.0,24.0,25.0,27.0,28.0,29.0,33.0,40.0,inferred
Richmond upon Thames,2021-06-16,12.0,16.0,19.0,20.0,21.0,23.0,25.0,27.0,29.0,30.0,31.0,34.0,41.0,inferred
Richmond upon Thames,2021-06-17,12.0,16.0,18.0,19.0,20.0,22.0,24.0,26.0,28.0,29.0,30.0,34.0,39.0,inferred
Richmond upon Thames,2021-06-18,10.0,13.0,16.0,16.0,17.0,20.0,21.0,23.0,25.0,26.0,27.0,30.0,36.0,inferred
Richmondshire,2021-03-06,0.0,0.0,1.0,1.0,1.0,2.0,3.0,3.0,4.0,4.0,5.0,6.0,9.0,inferred
Richmondshire,2021-03-07,0.0,1.0,2.0,2.0,2.0,3.0,4.0,4.0,5.0,6.0,6.0,8.0,11.0,inferred
Richmondshire,2021-03-08,1.0,3.0,4.0,4.0,5.0,5.0,6.0,7.0,8.0,9.0,9.0,11.0,14.0,inferred
Richmondshire,2021-03-09,1.0,3.0,4.0,4.0,5.0,5.0,6.0,7.0,8.0,9.0,9.0,11.0,14.0,inferred
Richmondshire,2021-03-10,1.0,3.0,4.0,4.0,5.0,6.0,6.0,7.0,8.0,9.0,10.0,11.0,14.0,inferred
Richmondshire,2021-03-11,1.0,2.0,3.0,4.0,4.0,5.0,6.0,7.0,8.0,8.0,9.0,11.0,13.0,inferred
Richmondshire,2021-03-12,1.0,2.0,3.0,3.0,4.0,4.0,5.0,6.0,6.3,7.0,7.0,9.0,12.0,inferred
Richmondshire,2021-03-13,0.0,1.0,2.0,2.0,3.0,3.0,4.0,4.0,5.0,6.0,6.0,8.0,11.0,inferred
Richmondshire,2021-03-14,0.0,1.0,2.0,2.0,3.0,3.0,4.0,5.0,5.0,6.0,6.0,8.0,11.0,inferred
Richmondshire,2021-03-15,0.0,2.0,3.0,3.0,3.0,4.0,5.0,6.0,7.0,7.0,8.0,9.0,12.0,inferred
Richmondshire,2021-03-16,0.0,1.0,2.0,3.0,3.0,4.0,4.0,5.0,6.0,6.0,7.0,8.0,11.0,inferred
Richmondshire,2021-03-17,0.0,1.0,2.0,3.0,3.0,4.0,4.0,5.0,5.0,6.0,6.0,8.0,11.0,inferred
Richmondshire,2021-03-18,0.0,1.0,2.0,2.0,2.0,3.0,4.0,4.0,5.0,5.0,6.0,7.1,10.0,inferred
Richmondshire,2021-03-19,0.0,1.0,1.0,2.0,2.0,2.0,3.0,4.0,4.0,5.0,5.0,7.0,9.0,inferred
Richmondshire,2021-03-20,0.0,0.0,1.0,1.0,1.0,2.0,2.0,3.0,3.0,4.0,4.0,6.0,8.0,inferred
Richmondshire,2021-03-21,0.0,0.0,1.0,1.0,1.0,2.0,2.0,3.0,3.0,4.0,4.0,5.0,7.5,inferred
Richmondshire,2021-03-22,0.0,1.0,1.0,2.0,2.0,2.0,3.0,3.0,4.0,5.0,5.0,6.1,9.0,inferred
Richmondshire,2021-03-23,0.0,0.0,1.0,1.0,1.0,2.0,3.0,3.0,4.0,4.0,5.0,6.0,8.0,inferred
Richmondshire,2021-03-24,0.0,0.0,1.0,1.0,1.0,2.0,2.0,3.0,4.0,4.0,4.0,6.0,8.0,inferred
Richmondshire,2021-03-25,0.0,0.0,1.0,1.0,1.0,2.0,2.0,3.0,3.0,4.0,4.0,5.0,8.0,inferred
Richmondshire,2021-03-26,0.0,0.0,1.0,1.0,1.0,1.0,2.0,2.0,3.0,3.0,4.0,5.0,7.0,inferred
Richmondshire,2021-03-27,0.0,0.0,0.0,0.0,1.0,1.0,1.0,2.0,2.0,3.0,3.0,4.0,6.0,inferred
Richmondshire,2021-03-28,0.0,0.0,0.0,0.0,1.0,1.0,1.0,2.0,2.0,3.0,3.0,4.0,6.0,inferred
Richmondshire,2021-03-29,0.0,0.0,1.0,1.0,1.0,1.0,2.0,2.0,3.0,3.0,4.0,5.0,7.0,inferred
Richmondshire,2021-03-30,0.0,0.0,0.0,1.0,1.0,1.0,2.0,2.0,3.0,3.0,3.0,5.0,7.0,inferred
Richmondshire,2021-03-31,0.0,0.0,0.0,1.0,1.0,1.0,2.0,2.0,3.0,3.0,3.0,4.0,7.0,inferred
Richmondshire,2021-04-01,0.0,0.0,0.0,0.0,1.0,1.0,1.0,2.0,2.0,3.0,3.0,4.0,7.0,inferred
Richmondshire,2021-04-02,0.0,0.0,0.0,0.0,0.0,1.0,1.0,2.0,2.0,2.0,3.0,4.0,5.0,inferred
Richmondshire,2021-04-03,0.0,0.0,0.0,0.0,0.0,1.0,1.0,1.0,2.0,2.0,2.0,3.0,5.0,inferred
Richmondshire,2021-04-04,0.0,0.0,0.0,0.0,0.0,1.0,1.0,1.0,2.0,2.0,2.0,3.0,5.0,inferred
Richmondshire,2021-04-05,0.0,0.0,0.0,0.0,1.0,1.0,1.0,2.0,2.0,3.0,3.0,4.0,6.0,inferred
Richmondshire,2021-04-06,0.0,0.0,0.0,0.0,1.0,1.0,1.0,2.0,2.0,2.0,3.0,4.0,6.0,inferred
Richmondshire,2021-04-07,0.0,0.0,0.0,0.0,0.0,1.0,1.0,2.0,2.0,2.0,3.0,4.0,6.0,inferred
Richmondshire,2021-04-08,0.0,0.0,0.0,0.0,0.0,1.0,1.0,1.0,2.0,2.0,2.0,3.0,5.0,inferred
Richmondshire,2021-04-09,0.0,0.0,0.0,0.0,0.0,1.0,1.0,1.0,2.0,2.0,2.0,3.0,5.0,inferred
Richmondshire,2021-04-10,0.0,0.0,0.0,0.0,0.0,0.0,1.0,1.0,1.0,2.0,2.0,3.0,5.0,inferred
Richmondshire,2021-04-11,0.0,0.0,0.0,0.0,0.0,0.0,1.0,1.0,2.0,2.0,2.0,3.0,5.0,inferred
Richmondshire,2021-04-12,0.0,0.0,0.0,0.0,0.0,1.0,1.0,2.0,2.0,2.0,3.0,4.0,5.0,inferred
Richmondshire,2021-04-13,0.0,0.0,0.0,0.0,0.0,1.0,1.0,1.0,2.0,2.0,2.0,3.0,5.0,inferred
Richmondshire,2021-04-14,0.0,0.0,0.0,0.0,0.0,1.0,1.0,1.0,2.0,2.0,2.0,4.0,5.0,inferred
Richmondshire,2021-04-15,0.0,0.0,0.0,0.0,0.0,1.0,1.0,1.0,2.0,2.0,2.0,3.0,5.0,inferred
Richmondshire,2021-04-16,0.0,0.0,0.0,0.0,0.0,1.0,1.0,1.0,2.0,2.0,2.0,3.0,5.0,inferred
Richmondshire,2021-04-17,0.0,0.0,0.0,0.0,0.0,0.0,1.0,1.0,1.0,1.0,2.0,2.0,4.0,inferred
Richmondshire,2021-04-18,0.0,0.0,0.0,0.0,0.0,0.0,1.0,1.0,1.0,2.0,2.0,3.0,4.0,inferred
Richmondshire,2021-04-19,0.0,0.0,0.0,0.0,0.0,1.0,1.0,1.0,2.0,2.0,2.0,3.0,6.0,inferred
Richmondshire,2021-04-20,0.0,0.0,0.0,0.0,0.0,1.0,1.0,1.0,2.0,2.0,2.0,3.0,5.0,inferred
Richmondshire,2021-04-21,0.0,0.0,0.0,0.0,0.0,1.0,1.0,1.0,2.0,2.0,2.0,3.0,5.0,inferred
Richmondshire,2021-04-22,0.0,0.0,0.0,0.0,0.0,1.0,1.0,1.0,2.0,2.0,2.0,3.0,5.0,inferred
Richmondshire,2021-04-23,0.0,0.0,0.0,0.0,0.0,0.0,1.0,1.0,2.0,2.0,2.0,3.0,5.0,inferred
Richmondshire,2021-04-24,0.0,0.0,0.0,0.0,0.0,0.0,1.0,1.0,1.0,2.0,2.0,3.0,4.0,inferred
Richmondshire,2021-04-25,0.0,0.0,0.0,0.0,0.0,0.0,1.0,1.0,1.0,2.0,2.0,3.0,4.0,inferred
Richmondshire,2021-04-26,0.0,0.0,0.0,0.0,0.0,1.0,1.0,1.0,2.0,2.0,2.0,3.0,5.0,inferred
Richmondshire,2021-04-27,0.0,0.0,0.0,0.0,0.0,1.0,1.0,1.0,2.0,2.0,2.0,3.0,5.0,inferred
Richmondshire,2021-04-28,0.0,0.0,0.0,0.0,0.0,1.0,1.0,1.0,2.0,2.0,2.0,3.0,5.5,inferred
Richmondshire,2021-04-29,0.0,0.0,0.0,0.0,0.0,1.0,1.0,1.0,2.0,2.0,2.0,3.0,5.0,inferred
Richmondshire,2021-04-30,0.0,0.0,0.0,0.0,0.0,0.0,1.0,1.0,2.0,2.0,2.0,3.0,5.0,inferred
Richmondshire,2021-05-01,0.0,0.0,0.0,0.0,0.0,0.0,0.0,1.0,1.0,1.0,2.0,3.0,5.0,inferred
Richmondshire,2021-05-02,0.0,0.0,0.0,0.0,0.0,0.0,1.0,1.0,1.0,2.0,2.0,3.0,4.0,inferred
Richmondshire,2021-05-03,0.0,0.0,0.0,0.0,0.0,1.0,1.0,1.0,2.0,2.0,2.0,4.0,5.0,inferred
Richmondshire,2021-05-04,0.0,0.0,0.0,0.0,0.0,1.0,1.0,1.0,2.0,2.0,2.0,3.0,5.0,inferred
Richmondshire,2021-05-05,0.0,0.0,0.0,0.0,0.0,1.0,1.0,1.0,2.0,2.0,2.0,3.0,5.0,inferred
Richmondshire,2021-05-06,0.0,0.0,0.0,0.0,0.0,0.0,1.0,1.0,1.0,2.0,2.0,3.0,5.0,inferred
Richmondshire,2021-05-07,0.0,0.0,0.0,0.0,0.0,0.0,1.0,1.0,1.0,2.0,2.0,3.0,4.0,inferred
Richmondshire,2021-05-08,0.0,0.0,0.0,0.0,0.0,0.0,0.0,1.0,1.0,1.0,2.0,2.0,4.0,inferred
Richmondshire,2021-05-09,0.0,0.0,0.0,0.0,0.0,0.0,0.0,1.0,1.0,1.0,2.0,3.0,4.0,inferred
Richmondshire,2021-05-10,0.0,0.0,0.0,0.0,0.0,0.0,1.0,1.0,1.0,2.0,2.0,3.0,5.0,inferred
Richmondshire,2021-05-11,0.0,0.0,0.0,0.0,0.0,0.0,1.0,1.0,1.0,1.0,2.0,3.0,4.0,inferred
Richmondshire,2021-05-12,0.0,0.0,0.0,0.0,0.0,0.0,1.0,1.0,1.0,2.0,2.0,3.0,5.0,inferred
Richmondshire,2021-05-13,0.0,0.0,0.0,0.0,0.0,0.0,0.0,1.0,1.0,1.0,2.0,3.0,4.0,inferred
Richmondshire,2021-05-14,0.0,0.0,0.0,0.0,0.0,0.0,0.0,1.0,1.0,1.0,2.0,2.0,4.0,inferred
Richmondshire,2021-05-15,0.0,0.0,0.0,0.0,0.0,0.0,0.0,0.0,1.0,1.0,1.0,2.0,4.0,inferred
Richmondshire,2021-05-16,0.0,0.0,0.0,0.0,0.0,0.0,0.0,0.0,1.0,1.0,1.0,2.0,3.5,inferred
Richmondshire,2021-05-17,0.0,0.0,0.0,0.0,0.0,0.0,0.0,1.0,1.0,1.0,2.0,2.0,4.0,inferred
Richmondshire,2021-05-18,0.0,0.0,0.0,0.0,0.0,0.0,0.0,1.0,1.0,1.0,2.0,2.0,4.0,inferred
Richmondshire,2021-05-19,0.0,0.0,0.0,0.0,0.0,0.0,0.0,1.0,1.0,1.0,2.0,3.0,4.0,inferred
Richmondshire,2021-05-20,0.0,0.0,0.0,0.0,0.0,0.0,0.0,1.0,1.0,1.0,1.0,2.0,4.0,inferred
Richmondshire,2021-05-21,0.0,0.0,0.0,0.0,0.0,0.0,0.0,1.0,1.0,1.0,1.0,2.0,4.0,inferred
Richmondshire,2021-05-22,0.0,0.0,0.0,0.0,0.0,0.0,0.0,0.0,1.0,1.0,1.0,2.0,3.0,inferred
Richmondshire,2021-05-23,0.0,0.0,0.0,0.0,0.0,0.0,0.0,0.0,1.0,1.0,1.0,2.0,3.5,inferred
Richmondshire,2021-05-24,0.0,0.0,0.0,0.0,0.0,0.0,0.0,1.0,1.0,1.0,2.0,3.0,4.0,inferred
Richmondshire,2021-05-25,0.0,0.0,0.0,0.0,0.0,0.0,0.0,1.0,1.0,1.0,1.2,2.0,4.0,inferred
Richmondshire,2021-05-26,0.0,0.0,0.0,0.0,0.0,0.0,0.0,1.0,1.0,1.0,2.0,2.0,4.0,inferred
Richmondshire,2021-05-27,0.0,0.0,0.0,0.0,0.0,0.0,0.0,1.0,1.0,1.0,2.0,2.0,4.0,inferred
Richmondshire,2021-05-28,0.0,0.0,0.0,0.0,0.0,0.0,0.0,1.0,1.0,1.0,2.0,2.0,4.0,inferred
Richmondshire,2021-05-29,0.0,0.0,0.0,0.0,0.0,0.0,0.0,1.0,1.0,1.0,1.0,2.0,4.0,inferred
Richmondshire,2021-05-30,0.0,0.0,0.0,0.0,0.0,0.0,0.0,1.0,1.0,1.0,2.0,3.0,4.0,inferred
Richmondshire,2021-05-31,0.0,0.0,0.0,0.0,0.0,1.0,1.0,1.0,2.0,2.0,2.0,3.0,5.0,inferred
Richmondshire,2021-06-01,0.0,0.0,0.0,0.0,0.0,1.0,1.0,1.0,2.0,2.0,2.0,3.0,5.0,inferred
Richmondshire,2021-06-02,0.0,0.0,0.0,0.0,1.0,1.0,1.0,2.0,2.0,2.0,3.0,4.0,6.0,inferred
Richmondshire,2021-06-03,0.0,0.0,0.0,0.0,1.0,1.0,1.0,2.0,2.0,3.0,3.0,4.0,6.0,inferred
Richmondshire,2021-06-04,0.0,0.0,0.0,1.0,1.0,1.0,2.0,2.0,3.0,3.0,3.0,4.0,6.0,inferred
Richmondshire,2021-06-05,0.0,0.0,0.0,0.0,1.0,1.0,1.0,2.0,2.0,2.0,3.0,4.0,6.0,inferred
Richmondshire,2021-06-06,0.0,0.0,0.0,1.0,1.0,1.0,2.0,2.0,3.0,3.0,3.0,4.0,6.0,inferred
Richmondshire,2021-06-07,0.0,0.0,1.0,1.0,2.0,2.0,3.0,3.0,4.0,4.0,5.0,6.0,8.0,inferred
Richmondshire,2021-06-08,0.0,0.0,1.0,1.0,2.0,2.0,3.0,3.0,4.0,4.0,5.0,6.0,8.0,inferred
Richmondshire,2021-06-09,0.0,1.0,1.0,2.0,2.0,3.0,3.0,4.0,5.0,5.0,6.0,7.0,10.0,inferred
Richmondshire,2021-06-10,0.0,1.0,2.0,2.0,2.0,3.0,3.0,4.0,5.0,5.0,6.0,7.0,10.0,inferred
Richmondshire,2021-06-11,0.0,1.0,2.0,2.0,2.0,3.0,4.0,4.0,5.0,5.0,6.0,8.0,10.0,inferred
Richmondshire,2021-06-12,0.0,1.0,2.0,2.0,2.0,3.0,3.0,4.0,5.0,5.0,6.0,7.0,9.0,inferred
Richmondshire,2021-06-13,1.0,1.0,2.0,3.0,3.0,4.0,4.0,5.0,6.0,6.0,7.0,8.0,11.0,inferred
Richmondshire,2021-06-14,1.0,3.0,4.0,5.0,5.0,6.0,7.0,7.0,8.0,9.0,10.0,11.0,14.0,inferred
Richmondshire,2021-06-15,2.0,3.0,4.0,5.0,5.0,6.0,7.0,8.0,9.0,10.0,10.0,12.0,15.0,inferred
Richmondshire,2021-06-16,2.0,4.0,5.0,6.0,6.0,7.0,8.0,9.0,11.0,11.0,12.0,14.0,18.0,inferred
Richmondshire,2021-06-17,2.0,4.0,6.0,6.0,7.0,8.0,9.0,10.0,11.0,12.0,12.0,15.0,18.0,inferred
Richmondshire,2021-06-18,2.0,4.0,6.0,6.0,7.0,8.0,9.0,10.0,11.0,12.0,13.0,15.0,19.0,inferred
Rochdale,2021-03-06,17.0,21.0,23.0,24.0,25.0,27.0,28.0,30.0,31.0,32.0,34.0,37.0,42.0,inferred
Rochdale,2021-03-07,22.0,26.0,28.0,29.0,30.0,32.0,34.0,36.0,38.0,39.0,40.0,44.0,49.0,inferred
Rochdale,2021-03-08,31.0,35.0,39.0,40.0,41.0,43.0,45.0,47.0,49.0,50.0,52.0,56.0,62.0,inferred
Rochdale,2021-03-09,30.0,35.0,38.0,39.0,41.0,43.0,45.0,47.0,49.0,50.0,51.0,55.0,61.0,inferred
Rochdale,2021-03-10,30.0,34.9,38.0,39.0,40.0,42.0,44.0,46.0,48.0,49.0,50.0,55.0,61.0,inferred
Rochdale,2021-03-11,26.5,31.0,35.0,36.0,37.0,39.0,41.0,43.0,45.0,47.0,48.0,51.0,57.0,inferred
Rochdale,2021-03-12,22.0,26.0,29.0,30.0,31.0,33.0,35.0,37.0,39.0,40.0,41.0,45.0,51.0,inferred
Rochdale,2021-03-13,16.0,19.0,22.0,23.0,24.0,25.0,27.0,28.0,30.0,31.0,32.2,36.0,41.0,inferred
Rochdale,2021-03-14,19.0,22.0,25.0,26.0,27.0,29.0,31.0,32.0,34.0,36.0,37.0,41.0,46.0,inferred
Rochdale,2021-03-15,24.0,29.0,33.0,34.0,35.0,37.0,39.0,41.0,43.0,44.0,46.0,50.0,56.0,inferred
Rochdale,2021-03-16,25.0,29.0,32.0,33.0,34.0,36.0,38.0,40.0,42.0,43.0,44.0,48.0,54.0,inferred
Rochdale,2021-03-17,25.0,29.0,32.0,33.0,35.0,36.0,39.0,41.0,42.0,43.0,45.0,49.0,54.0,inferred
Rochdale,2021-03-18,23.0,28.0,31.0,32.0,33.0,35.0,37.0,39.0,41.0,42.0,43.0,47.0,54.0,inferred
Rochdale,2021-03-19,20.0,24.0,26.0,27.0,28.0,30.0,32.0,34.0,36.0,37.0,38.0,42.0,48.0,inferred
Rochdale,2021-03-20,14.5,18.0,21.0,21.8,22.0,24.0,25.0,27.0,29.0,30.0,31.0,34.0,39.0,inferred
Rochdale,2021-03-21,17.0,21.0,24.0,25.0,26.0,28.0,29.0,31.0,33.0,34.0,35.0,39.0,45.0,inferred
Rochdale,2021-03-22,24.0,28.0,32.0,32.0,34.0,36.0,38.0,40.0,42.0,43.0,44.0,47.0,54.0,inferred
Rochdale,2021-03-23,23.0,27.0,30.0,31.0,32.0,34.0,36.0,38.0,40.0,41.0,42.0,46.0,52.0,inferred
Rochdale,2021-03-24,22.0,26.0,29.0,30.0,31.0,33.0,35.0,37.0,39.0,40.0,41.0,44.0,49.5,inferred
Rochdale,2021-03-25,19.0,23.0,26.0,27.0,28.0,30.0,32.0,34.0,36.0,37.0,38.0,42.0,47.0,inferred
Rochdale,2021-03-26,15.0,19.0,22.0,23.0,23.7,25.0,27.0,29.0,31.0,31.0,33.0,36.0,41.0,inferred
Rochdale,2021-03-27,10.5,13.0,16.0,16.0,17.0,19.0,20.0,21.0,23.0,24.0,25.0,27.0,32.0,inferred
Rochdale,2021-03-28,12.0,15.0,18.0,19.0,20.0,21.0,22.0,24.0,26.0,26.0,27.0,30.0,35.0,inferred
Rochdale,2021-03-29,16.0,20.0,22.0,23.0,24.0,26.0,28.0,29.0,31.0,32.0,33.0,36.0,41.0,inferred
Rochdale,2021-03-30,15.0,18.0,21.0,22.0,23.0,24.0,26.0,28.0,30.0,31.0,31.0,35.0,40.0,inferred
Rochdale,2021-03-31,14.0,18.0,20.0,21.0,22.0,24.0,25.0,27.0,29.0,30.0,31.0,34.0,40.0,inferred
Rochdale,2021-04-01,13.0,16.0,18.0,19.0,20.0,22.0,23.0,25.0,26.0,27.0,28.0,31.0,36.0,inferred
Rochdale,2021-04-02,10.0,13.0,15.0,16.0,17.0,18.0,20.0,21.0,23.0,23.0,24.0,27.0,31.0,inferred
Rochdale,2021-04-03,7.0,10.0,11.0,12.0,13.0,14.0,15.0,16.0,18.0,19.0,20.0,22.0,26.0,inferred
Rochdale,2021-04-04,7.0,11.0,13.0,14.0,14.0,16.0,17.0,18.0,20.0,20.0,21.0,24.0,28.0,inferred
Rochdale,2021-04-05,11.0,14.0,17.0,17.0,18.0,19.6,21.0,22.0,24.0,25.0,26.0,29.0,33.0,inferred
Rochdale,2021-04-06,10.0,13.0,15.0,16.0,17.0,19.0,20.0,21.0,23.0,24.0,25.0,28.0,32.0,inferred
Rochdale,2021-04-07,10.0,13.0,15.0,16.0,17.0,18.0,19.0,21.0,22.0,23.0,24.0,27.0,31.0,inferred
Rochdale,2021-04-08,9.0,12.0,14.0,14.0,15.0,17.0,18.0,19.0,21.0,21.0,22.0,25.0,29.0,inferred
Rochdale,2021-04-09,7.0,10.0,11.0,12.0,13.0,14.0,15.0,16.0,18.0,18.0,19.0,22.0,26.0,inferred
Rochdale,2021-04-10,5.0,7.0,8.0,9.0,9.0,10.0,11.0,12.0,14.0,14.0,15.0,17.0,21.0,inferred
Rochdale,2021-04-11,5.0,8.0,9.0,10.0,11.0,12.0,13.0,14.0,15.0,16.0,17.0,19.0,24.0,inferred
Rochdale,2021-04-12,7.0,10.0,12.0,13.0,13.0,15.0,16.0,17.0,18.0,19.0,20.0,23.0,26.0,inferred
Rochdale,2021-04-13,7.0,9.0,11.0,12.0,13.0,14.0,15.0,16.0,18.0,18.0,19.0,22.0,26.0,inferred
Rochdale,2021-04-14,7.0,9.0,11.0,11.0,12.0,13.0,15.0,16.0,17.0,18.0,19.0,21.0,25.0,inferred
Rochdale,2021-04-15,6.0,8.0,10.0,10.0,11.0,12.0,13.0,14.0,16.0,16.0,17.0,19.0,24.0,inferred
Rochdale,2021-04-16,4.0,6.0,8.0,9.0,9.0,10.0,11.0,12.0,14.0,14.0,15.0,17.0,21.0,inferred
Rochdale,2021-04-17,3.0,5.0,6.0,6.0,7.0,8.0,8.0,9.0,10.0,11.0,12.0,13.0,17.0,inferred
Rochdale,2021-04-18,3.0,5.0,7.0,7.0,8.0,9.0,10.0,11.0,12.0,12.0,13.0,15.0,18.0,inferred
Rochdale,2021-04-19,5.0,7.0,8.0,9.0,10.0,11.0,12.0,13.0,14.0,15.0,16.0,18.0,21.0,inferred
Rochdale,2021-04-20,4.0,6.0,8.0,9.0,10.0,11.0,12.0,13.0,14.0,15.0,15.0,18.0,21.0,inferred
Rochdale,2021-04-21,5.0,7.0,8.0,9.0,10.0,11.0,12.0,13.0,14.0,15.0,16.0,18.0,21.0,inferred
Rochdale,2021-04-22,4.0,6.0,8.0,8.8,9.0,10.0,11.0,12.0,13.0,14.0,15.0,17.0,20.0,inferred
Rochdale,2021-04-23,4.0,6.0,7.0,8.0,8.0,9.0,10.0,11.0,12.0,13.0,14.0,15.0,19.0,inferred
Rochdale,2021-04-24,2.0,4.0,5.0,6.0,6.0,7.0,8.0,9.0,10.0,10.0,11.0,13.0,16.0,inferred
Rochdale,2021-04-25,3.0,5.0,6.0,7.0,7.0,8.0,9.0,10.0,11.0,12.0,13.0,14.0,18.0,inferred
Rochdale,2021-04-26,5.0,7.0,8.0,9.0,10.0,11.0,12.0,13.0,14.0,15.0,16.0,18.0,21.0,inferred
Rochdale,2021-04-27,4.5,7.0,8.0,9.0,10.0,11.0,12.0,13.0,14.0,15.0,16.0,18.0,21.0,inferred
Rochdale,2021-04-28,5.0,7.0,9.0,9.0,10.0,11.0,12.0,13.0,14.0,15.0,16.0,18.0,22.0,inferred
Rochdale,2021-04-29,5.0,7.0,8.0,9.0,9.0,10.0,11.0,13.0,14.0,15.0,15.0,17.0,22.0,inferred
Rochdale,2021-04-30,4.0,6.0,7.0,8.0,9.0,10.0,11.0,12.0,13.0,13.0,14.0,16.1,20.0,inferred
Rochdale,2021-05-01,2.0,4.0,6.0,6.0,6.0,7.0,8.0,9.0,10.0,11.0,12.0,14.0,17.0,inferred
Rochdale,2021-05-02,3.0,5.0,6.8,7.0,8.0,9.0,10.0,11.0,12.0,12.0,13.0,15.0,18.0,inferred
Rochdale,2021-05-03,5.0,8.0,9.0,10.0,11.0,12.0,13.0,14.0,15.0,16.0,17.0,20.0,24.0,inferred
Rochdale,2021-05-04,6.0,8.0,9.0,10.0,11.0,12.0,13.0,14.0,16.0,16.0,17.0,19.0,23.0,inferred
Rochdale,2021-05-05,6.0,8.0,10.0,11.0,11.0,12.0,13.0,14.0,16.0,16.0,17.0,19.0,23.0,inferred
Rochdale,2021-05-06,6.0,8.0,10.0,10.0,11.0,12.0,13.0,14.0,15.0,16.0,17.0,19.0,23.0,inferred
Rochdale,2021-05-07,5.0,7.0,8.0,9.0,9.0,10.0,12.0,12.4,14.0,14.0,15.0,17.0,21.0,inferred
Rochdale,2021-05-08,3.0,5.0,6.0,7.0,7.0,8.0,9.0,10.0,11.0,12.0,12.0,14.0,17.0,inferred
Rochdale,2021-05-09,4.0,6.0,7.0,8.0,8.0,10.0,11.0,12.0,13.0,13.0,14.0,16.0,19.0,inferred
Rochdale,2021-05-10,6.0,8.0,10.0,11.0,12.0,13.0,14.0,15.0,16.0,17.0,18.0,20.0,24.0,inferred
Rochdale,2021-05-11,6.0,8.0,10.0,11.0,11.0,13.0,14.0,15.0,16.0,17.0,18.0,20.0,24.0,inferred
Rochdale,2021-05-12,7.0,9.0,11.0,11.0,12.0,13.0,14.0,16.0,17.0,18.0,19.0,21.0,25.0,inferred
Rochdale,2021-05-13,7.0,9.0,11.0,11.0,12.0,13.0,14.0,15.0,17.0,18.0,19.0,21.0,26.0,inferred
Rochdale,2021-05-14,5.0,8.0,9.0,10.0,11.0,12.0,13.0,14.0,15.0,16.0,17.0,19.0,23.0,inferred
Rochdale,2021-05-15,4.0,6.0,7.0,8.0,8.0,9.0,10.0,11.0,13.0,13.0,14.0,16.0,19.0,inferred
Rochdale,2021-05-16,5.0,7.0,9.0,9.0,10.0,11.0,12.0,13.0,15.0,15.0,16.0,18.0,22.0,inferred
Rochdale,2021-05-17,8.0,11.0,13.0,13.0,14.0,15.0,17.0,18.0,19.0,20.0,21.0,24.0,28.0,inferred
Rochdale,2021-05-18,9.0,11.0,13.0,14.0,15.0,16.0,17.0,19.0,20.0,21.0,22.0,25.0,30.0,inferred
Rochdale,2021-05-19,10.0,13.0,15.0,16.0,16.0,18.0,19.0,20.0,22.0,23.0,24.0,26.0,31.0,inferred
Rochdale,2021-05-20,10.0,13.0,15.0,16.0,17.0,19.0,20.0,21.0,23.0,24.0,25.0,28.0,32.0,inferred
Rochdale,2021-05-21,10.0,13.0,15.0,16.0,16.0,18.0,19.0,21.0,22.0,23.0,24.0,26.0,30.0,inferred
Rochdale,2021-05-22,8.0,11.0,13.0,13.0,14.0,15.0,16.0,18.0,19.0,20.0,21.0,23.0,27.0,inferred
Rochdale,2021-05-23,11.0,14.0,16.0,17.0,18.0,19.6,21.0,22.0,24.0,25.0,26.0,29.0,33.5,inferred
Rochdale,2021-05-24,17.0,21.0,23.0,24.0,25.0,27.0,29.0,31.0,32.0,34.0,35.0,39.0,43.0,inferred
Rochdale,2021-05-25,18.0,22.0,25.0,26.0,27.0,29.0,31.0,33.0,35.0,36.0,37.0,41.0,46.5,inferred
Rochdale,2021-05-26,21.0,25.0,28.0,29.0,30.0,31.0,33.0,35.0,37.0,38.0,39.0,43.0,50.0,inferred
Rochdale,2021-05-27,20.0,25.0,28.0,29.0,30.0,32.0,34.0,35.0,37.0,38.2,40.0,44.0,50.0,inferred
Rochdale,2021-05-28,19.0,24.0,26.8,28.0,29.0,30.0,32.0,34.0,36.0,37.0,38.0,41.0,46.0,inferred
Rochdale,2021-05-29,16.0,19.0,22.0,23.0,24.0,25.0,27.0,28.0,30.0,31.0,32.0,36.0,40.0,inferred
Rochdale,2021-05-30,20.0,25.0,28.0,29.0,30.0,32.0,34.0,36.0,38.0,39.0,40.0,44.0,50.0,inferred
Rochdale,2021-05-31,31.0,36.0,40.0,41.0,42.0,44.0,46.0,48.0,51.0,52.0,53.0,57.0,63.0,inferred
Rochdale,2021-06-01,32.0,38.0,42.0,44.0,45.0,47.0,50.0,52.0,54.0,55.0,57.0,62.0,69.0,inferred
Rochdale,2021-06-02,37.0,43.0,46.0,48.0,49.0,51.0,54.0,56.0,59.0,60.0,62.0,67.0,74.0,inferred
Rochdale,2021-06-03,39.0,44.0,47.0,49.0,50.0,52.0,54.5,57.0,60.0,62.0,63.0,67.0,73.0,inferred
Rochdale,2021-06-04,36.0,42.0,45.0,46.0,47.0,50.0,52.0,54.0,56.0,58.0,59.0,64.0,70.0,inferred
Rochdale,2021-06-05,29.0,33.0,37.0,38.0,40.0,42.0,44.0,46.0,48.0,49.0,51.0,54.0,61.0,inferred
Rochdale,2021-06-06,38.0,43.0,47.0,48.0,49.0,52.0,54.0,57.0,59.0,60.0,62.0,66.0,73.0,inferred
Rochdale,2021-06-07,54.0,60.0,65.0,67.0,68.0,71.0,74.0,76.0,79.0,81.0,83.0,88.0,97.0,inferred
Rochdale,2021-06-08,56.0,62.0,67.0,68.0,70.0,73.0,75.0,78.0,82.0,83.0,85.0,91.0,97.0,inferred
Rochdale,2021-06-09,59.0,65.0,69.0,70.0,72.0,75.0,78.0,80.0,84.0,85.0,87.0,92.0,100.0,inferred
Rochdale,2021-06-10,57.0,62.0,67.0,68.0,70.0,73.0,75.0,78.0,80.0,82.0,84.0,89.0,98.0,inferred
Rochdale,2021-06-11,50.0,56.0,60.0,62.0,63.0,66.0,68.0,71.0,74.0,75.0,77.0,81.0,88.0,inferred
Rochdale,2021-06-12,38.0,44.0,47.0,49.0,50.0,52.0,55.0,57.0,60.0,61.0,62.0,66.0,73.5,inferred
Rochdale,2021-06-13,46.0,52.0,57.0,58.0,60.0,62.0,65.0,67.0,70.0,71.2,73.0,77.0,85.0,inferred
Rochdale,2021-06-14,63.0,70.0,75.0,77.0,79.0,81.0,84.0,88.0,91.0,93.0,95.0,100.0,109.0,inferred
Rochdale,2021-06-15,64.0,71.0,75.0,77.0,79.0,82.0,84.0,87.0,90.0,92.0,94.2,100.0,110.0,inferred
Rochdale,2021-06-16,67.0,74.0,78.0,80.0,82.0,85.0,88.0,91.0,94.0,96.0,98.0,104.0,113.0,inferred
Rochdale,2021-06-17,62.0,69.0,75.0,76.0,78.0,81.0,84.0,87.0,90.0,92.0,94.0,100.0,109.0,inferred
Rochdale,2021-06-18,54.0,61.0,66.0,68.0,69.7,73.0,76.0,79.0,82.0,84.0,86.0,92.0,101.0,inferred
Rochford,2021-03-06,0.0,1.0,1.0,2.0,2.0,2.0,3.0,4.0,4.0,5.0,5.0,6.0,8.0,inferred
Rochford,2021-03-07,0.0,1.0,2.0,2.0,2.0,3.0,4.0,4.0,5.0,5.0,6.0,7.0,9.0,inferred
Rochford,2021-03-08,1.0,2.0,3.0,3.0,3.0,4.0,5.0,5.0,6.0,7.0,7.0,9.0,11.0,inferred
Rochford,2021-03-09,1.0,2.0,2.0,3.0,3.0,4.0,4.0,5.0,6.0,7.0,7.0,8.0,11.0,inferred
Rochford,2021-03-10,1.0,2.0,3.0,3.0,4.0,4.0,5.0,6.0,6.0,7.0,8.0,9.0,12.0,inferred
Rochford,2021-03-11,1.0,2.0,3.0,3.0,3.0,4.0,5.0,5.0,6.0,7.0,7.0,8.1,11.0,inferred
Rochford,2021-03-12,0.0,1.0,2.0,3.0,3.0,4.0,4.0,5.0,6.0,6.0,7.0,8.0,11.0,inferred
Rochford,2021-03-13,0.0,1.0,2.0,2.0,2.0,3.0,3.0,4.0,5.0,5.0,5.0,7.0,9.0,inferred
Rochford,2021-03-14,0.0,1.0,2.0,2.0,3.0,3.0,4.0,5.0,5.0,6.0,6.0,8.0,10.0,inferred
Rochford,2021-03-15,1.0,2.0,3.0,3.0,3.0,4.0,5.0,6.0,6.0,7.0,7.0,9.0,12.0,inferred
Rochford,2021-03-16,1.0,2.0,3.0,3.0,3.0,4.0,5.0,5.0,6.0,7.0,7.0,9.0,12.0,inferred
Rochford,2021-03-17,1.0,2.0,3.0,3.0,4.0,4.0,5.0,6.0,7.0,7.0,8.0,9.0,12.0,inferred
Rochford,2021-03-18,1.0,2.0,2.0,3.0,3.0,4.0,4.0,5.0,6.0,7.0,7.0,8.0,11.0,inferred
Rochford,2021-03-19,0.0,1.0,2.0,3.0,3.0,3.0,4.0,5.0,5.0,6.0,7.0,8.0,10.5,inferred
Rochford,2021-03-20,0.0,1.0,2.0,2.0,2.0,3.0,3.0,4.0,4.0,5.0,5.0,7.0,9.0,inferred
Rochford,2021-03-21,0.0,1.0,2.0,2.0,3.0,3.0,4.0,4.0,5.0,6.0,6.0,7.1,10.0,inferred
Rochford,2021-03-22,1.0,2.0,3.0,3.0,3.0,4.0,5.0,6.0,6.0,7.0,7.0,9.0,12.0,inferred
Rochford,2021-03-23,0.0,1.0,2.0,3.0,3.0,4.0,4.0,5.0,6.0,6.0,7.0,8.0,11.0,inferred
Rochford,2021-03-24,0.0,2.0,2.0,3.0,3.0,4.0,4.0,5.0,6.0,6.0,7.0,9.0,11.0,inferred
Rochford,2021-03-25,0.0,1.0,2.0,2.0,3.0,3.0,4.0,4.0,5.0,6.0,6.0,8.0,10.0,inferred
Rochford,2021-03-26,0.0,1.0,1.0,2.0,2.0,2.0,3.0,4.0,4.0,5.0,5.0,6.0,9.0,inferred
Rochford,2021-03-27,0.0,0.0,1.0,1.0,1.0,2.0,2.0,3.0,3.0,4.0,4.0,5.0,8.0,inferred
Rochford,2021-03-28,0.0,0.0,1.0,1.0,1.0,2.0,2.0,3.0,3.0,4.0,4.0,5.0,7.0,inferred
Rochford,2021-03-29,0.0,1.0,1.0,2.0,2.0,2.0,3.0,3.0,4.0,4.0,5.0,6.0,8.0,inferred
Rochford,2021-03-30,0.0,0.0,1.0,1.0,2.0,2.0,3.0,3.0,4.0,4.0,5.0,6.0,7.5,inferred
Rochford,2021-03-31,0.0,0.0,1.0,1.0,2.0,2.0,2.0,3.0,4.0,4.0,4.0,6.0,8.5,inferred
Rochford,2021-04-01,0.0,0.0,1.0,1.0,1.0,2.0,2.0,3.0,3.0,3.0,4.0,5.0,7.0,inferred
Rochford,2021-04-02,0.0,0.0,0.0,1.0,1.0,1.0,2.0,2.0,3.0,3.0,3.0,4.0,7.0,inferred
Rochford,2021-04-03,0.0,0.0,0.0,0.0,1.0,1.0,1.0,2.0,2.0,2.0,3.0,4.0,5.5,inferred
Rochford,2021-04-04,0.0,0.0,0.0,1.0,1.0,1.0,1.0,2.0,2.0,3.0,3.0,4.0,6.0,inferred
Rochford,2021-04-05,0.0,0.0,1.0,1.0,1.0,1.0,2.0,2.0,3.0,3.0,4.0,5.0,7.0,inferred
Rochford,2021-04-06,0.0,0.0,0.0,1.0,1.0,1.0,2.0,2.0,3.0,3.0,3.0,5.0,7.0,inferred
Rochford,2021-04-07,0.0,0.0,1.0,1.0,1.0,1.0,2.0,2.0,3.0,3.0,4.0,5.0,6.0,inferred
Rochford,2021-04-08,0.0,0.0,0.0,1.0,1.0,1.0,2.0,2.0,3.0,3.0,3.0,4.0,6.0,inferred
Rochford,2021-04-09,0.0,0.0,0.0,0.0,1.0,1.0,1.0,2.0,2.0,2.0,3.0,4.0,6.0,inferred
Rochford,2021-04-10,0.0,0.0,0.0,0.0,0.0,1.0,1.0,1.0,2.0,2.0,2.0,3.0,5.0,inferred
Rochford,2021-04-11,0.0,0.0,0.0,0.0,0.0,1.0,1.0,1.0,2.0,2.0,2.0,3.0,5.0,inferred
Rochford,2021-04-12,0.0,0.0,0.0,1.0,1.0,1.0,1.0,2.0,2.0,2.0,3.0,4.0,5.0,inferred
Rochford,2021-04-13,0.0,0.0,0.0,0.0,1.0,1.0,1.0,2.0,2.0,2.0,3.0,4.0,6.0,inferred
Rochford,2021-04-14,0.0,0.0,0.0,0.0,1.0,1.0,1.0,2.0,2.0,2.0,3.0,4.0,6.0,inferred
Rochford,2021-04-15,0.0,0.0,0.0,0.0,0.0,1.0,1.0,1.0,2.0,2.0,2.0,4.0,5.0,inferred
Rochford,2021-04-16,0.0,0.0,0.0,0.0,0.0,1.0,1.0,1.0,2.0,2.0,2.0,3.0,5.0,inferred
Rochford,2021-04-17,0.0,0.0,0.0,0.0,0.0,0.0,1.0,1.0,1.0,1.0,2.0,3.0,4.0,inferred
Rochford,2021-04-18,0.0,0.0,0.0,0.0,0.0,0.0,1.0,1.0,1.0,2.0,2.0,3.0,4.0,inferred
Rochford,2021-04-19,0.0,0.0,0.0,0.0,0.0,1.0,1.0,1.0,2.0,2.0,2.0,3.0,5.0,inferred
Rochford,2021-04-20,0.0,0.0,0.0,0.0,0.0,1.0,1.0,1.0,2.0,2.0,2.0,3.0,5.0,inferred
Rochford,2021-04-21,0.0,0.0,0.0,0.0,0.0,1.0,1.0,1.0,2.0,2.0,2.0,3.0,5.0,inferred
Rochford,2021-04-22,0.0,0.0,0.0,0.0,0.0,1.0,1.0,1.0,2.0,2.0,2.0,3.0,4.0,inferred
Rochford,2021-04-23,0.0,0.0,0.0,0.0,0.0,0.0,1.0,1.0,1.0,2.0,2.0,3.0,5.0,inferred
Rochford,2021-04-24,0.0,0.0,0.0,0.0,0.0,0.0,0.0,1.0,1.0,1.0,1.0,2.0,4.0,inferred
Rochford,2021-04-25,0.0,0.0,0.0,0.0,0.0,0.0,1.0,1.0,1.0,1.0,2.0,2.0,4.0,inferred
Rochford,2021-04-26,0.0,0.0,0.0,0.0,0.0,0.0,1.0,1.0,1.0,2.0,2.0,3.0,4.0,inferred
Rochford,2021-04-27,0.0,0.0,0.0,0.0,0.0,0.0,1.0,1.0,1.0,1.0,2.0,3.0,4.0,inferred
Rochford,2021-04-28,0.0,0.0,0.0,0.0,0.0,0.0,1.0,1.0,1.0,2.0,2.0,3.0,4.0,inferred
Rochford,2021-04-29,0.0,0.0,0.0,0.0,0.0,0.0,1.0,1.0,1.0,2.0,2.0,3.0,4.0,inferred
Rochford,2021-04-30,0.0,0.0,0.0,0.0,0.0,0.0,1.0,1.0,1.0,1.0,2.0,3.0,4.0,inferred
Rochford,2021-05-01,0.0,0.0,0.0,0.0,0.0,0.0,0.0,1.0,1.0,1.0,1.0,2.0,3.0,inferred
Rochford,2021-05-02,0.0,0.0,0.0,0.0,0.0,0.0,0.0,1.0,1.0,1.0,1.2,2.0,4.0,inferred
Rochford,2021-05-03,0.0,0.0,0.0,0.0,0.0,0.0,1.0,1.0,1.0,2.0,2.0,3.0,4.0,inferred
Rochford,2021-05-04,0.0,0.0,0.0,0.0,0.0,0.0,1.0,1.0,1.0,1.0,2.0,3.0,4.0,inferred
Rochford,2021-05-05,0.0,0.0,0.0,0.0,0.0,0.0,1.0,1.0,1.0,2.0,2.0,3.0,4.0,inferred
Rochford,2021-05-06,0.0,0.0,0.0,0.0,0.0,0.0,1.0,1.0,1.0,1.0,2.0,2.0,4.0,inferred
Rochford,2021-05-07,0.0,0.0,0.0,0.0,0.0,0.0,0.0,1.0,1.0,1.0,1.0,2.0,4.0,inferred
Rochford,2021-05-08,0.0,0.0,0.0,0.0,0.0,0.0,0.0,1.0,1.0,1.0,1.0,2.0,3.0,inferred
Rochford,2021-05-09,0.0,0.0,0.0,0.0,0.0,0.0,0.0,1.0,1.0,1.0,1.0,2.0,3.0,inferred
Rochford,2021-05-10,0.0,0.0,0.0,0.0,0.0,0.0,1.0,1.0,1.0,2.0,2.0,3.0,4.0,inferred
Rochford,2021-05-11,0.0,0.0,0.0,0.0,0.0,0.0,1.0,1.0,1.0,2.0,2.0,3.0,4.0,inferred
Rochford,2021-05-12,0.0,0.0,0.0,0.0,0.0,0.0,1.0,1.0,1.0,2.0,2.0,3.0,4.0,inferred
Rochford,2021-05-13,0.0,0.0,0.0,0.0,0.0,0.0,1.0,1.0,1.0,1.0,2.0,2.0,4.0,inferred
Rochford,2021-05-14,0.0,0.0,0.0,0.0,0.0,0.0,0.0,1.0,1.0,1.0,1.2,2.0,4.0,inferred
Rochford,2021-05-15,0.0,0.0,0.0,0.0,0.0,0.0,0.0,0.0,1.0,1.0,1.0,2.0,3.0,inferred
Rochford,2021-05-16,0.0,0.0,0.0,0.0,0.0,0.0,0.0,1.0,1.0,1.0,1.0,2.0,3.0,inferred
Rochford,2021-05-17,0.0,0.0,0.0,0.0,0.0,0.0,1.0,1.0,1.0,1.0,2.0,3.0,4.0,inferred
Rochford,2021-05-18,0.0,0.0,0.0,0.0,0.0,0.0,1.0,1.0,1.0,1.0,2.0,2.0,4.0,inferred
Rochford,2021-05-19,0.0,0.0,0.0,0.0,0.0,0.0,1.0,1.0,1.0,1.0,2.0,3.0,4.0,inferred
Rochford,2021-05-20,0.0,0.0,0.0,0.0,0.0,0.0,1.0,1.0,1.0,1.0,2.0,2.0,4.0,inferred
Rochford,2021-05-21,0.0,0.0,0.0,0.0,0.0,0.0,0.0,1.0,1.0,1.0,1.0,2.0,4.0,inferred
Rochford,2021-05-22,0.0,0.0,0.0,0.0,0.0,0.0,0.0,1.0,1.0,1.0,1.0,2.0,3.0,inferred
Rochford,2021-05-23,0.0,0.0,0.0,0.0,0.0,0.0,0.0,1.0,1.0,1.0,1.0,2.0,4.0,inferred
Rochford,2021-05-24,0.0,0.0,0.0,0.0,0.0,0.0,1.0,1.0,1.0,2.0,2.0,3.0,4.0,inferred
Rochford,2021-05-25,0.0,0.0,0.0,0.0,0.0,0.0,1.0,1.0,1.0,1.0,2.0,3.0,4.5,inferred
Rochford,2021-05-26,0.0,0.0,0.0,0.0,0.0,0.0,1.0,1.0,1.0,2.0,2.0,3.0,4.0,inferred
Rochford,2021-05-27,0.0,0.0,0.0,0.0,0.0,0.0,1.0,1.0,1.0,2.0,2.0,3.0,5.0,inferred
Rochford,2021-05-28,0.0,0.0,0.0,0.0,0.0,0.0,1.0,1.0,2.0,2.0,2.0,3.0,5.0,inferred
Rochford,2021-05-29,0.0,0.0,0.0,0.0,0.0,0.0,1.0,1.0,1.0,1.0,2.0,3.0,4.0,inferred
Rochford,2021-05-30,0.0,0.0,0.0,0.0,0.0,1.0,1.0,1.0,2.0,2.0,2.0,3.0,5.0,inferred
Rochford,2021-05-31,0.0,0.0,0.0,0.0,1.0,1.0,1.0,2.0,2.0,2.0,3.0,4.0,5.0,inferred
Rochford,2021-06-01,0.0,0.0,0.0,0.0,1.0,1.0,1.0,2.0,2.0,3.0,3.0,4.0,6.0,inferred
Rochford,2021-06-02,0.0,0.0,0.0,1.0,1.0,1.0,2.0,2.0,3.0,3.0,3.0,4.0,6.0,inferred
Rochford,2021-06-03,0.0,0.0,0.0,1.0,1.0,1.0,2.0,2.0,2.0,3.0,3.0,4.0,6.0,inferred
Rochford,2021-06-04,0.0,0.0,0.0,1.0,1.0,1.0,1.0,2.0,2.0,3.0,3.0,4.0,6.0,inferred
Rochford,2021-06-05,0.0,0.0,0.0,0.0,1.0,1.0,1.0,2.0,2.0,2.0,3.0,4.0,6.0,inferred
Rochford,2021-06-06,0.0,0.0,0.0,1.0,1.0,1.0,2.0,2.0,3.0,3.0,3.0,4.0,6.0,inferred
Rochford,2021-06-07,0.0,0.0,1.0,1.0,1.0,2.0,2.0,3.0,4.0,4.0,4.0,5.0,8.0,inferred
Rochford,2021-06-08,0.0,0.0,1.0,1.0,1.0,2.0,2.0,3.0,3.0,4.0,4.0,5.0,8.0,inferred
Rochford,2021-06-09,0.0,1.0,1.0,1.0,2.0,2.0,3.0,3.0,4.0,4.0,5.0,6.0,9.0,inferred
Rochford,2021-06-10,0.0,1.0,1.0,1.0,2.0,2.0,3.0,3.0,4.0,4.0,5.0,6.0,8.0,inferred
Rochford,2021-06-11,0.0,0.0,1.0,1.0,2.0,2.0,3.0,3.0,4.0,4.0,4.0,6.0,8.0,inferred
Rochford,2021-06-12,0.0,0.0,1.0,1.0,1.0,2.0,2.0,3.0,3.0,4.0,4.0,5.0,7.0,inferred
Rochford,2021-06-13,0.0,1.0,1.0,1.0,2.0,2.0,3.0,3.0,4.0,4.0,5.0,6.0,8.0,inferred
Rochford,2021-06-14,0.0,1.0,2.0,2.0,3.0,3.0,4.0,5.0,5.0,6.0,6.0,8.0,10.0,inferred
Rochford,2021-06-15,0.0,1.0,2.0,2.0,3.0,3.0,4.0,5.0,5.0,6.0,6.0,8.0,10.0,inferred
Rochford,2021-06-16,1.0,2.0,2.0,3.0,3.0,4.0,4.0,5.0,6.0,6.0,7.0,9.0,11.0,inferred
Rochford,2021-06-17,0.0,1.0,2.0,3.0,3.0,4.0,4.0,5.0,6.0,6.0,7.0,8.0,11.0,inferred
Rochford,2021-06-18,0.0,1.0,2.0,2.0,3.0,4.0,4.0,5.0,6.0,6.0,7.0,8.0,10.0,inferred
Rossendale,2021-03-06,1.0,2.0,3.0,4.0,4.0,5.0,5.0,6.0,7.0,7.0,8.0,9.0,12.0,inferred
Rossendale,2021-03-07,2.0,3.0,4.0,5.0,5.0,6.0,7.0,7.0,8.0,9.0,9.0,11.0,14.0,inferred
Rossendale,2021-03-08,3.0,5.0,6.0,7.0,7.0,8.0,9.0,10.0,11.0,12.0,12.0,14.0,17.0,inferred
Rossendale,2021-03-09,3.0,5.0,7.0,7.0,8.0,8.0,9.0,10.0,11.0,12.0,13.0,14.0,17.0,inferred
Rossendale,2021-03-10,3.0,6.0,7.0,7.0,8.0,9.0,10.0,11.0,12.0,12.0,13.0,15.0,18.0,inferred
Rossendale,2021-03-11,3.0,5.0,7.0,7.0,8.0,8.0,9.0,10.0,11.0,12.0,13.0,15.0,18.0,inferred
Rossendale,2021-03-12,3.0,4.0,6.0,6.0,6.0,7.0,8.0,9.0,10.0,11.0,11.0,13.0,16.0,inferred
Rossendale,2021-03-13,2.0,3.0,4.0,5.0,5.0,6.0,7.0,7.0,8.0,9.0,9.0,11.0,13.5,inferred
Rossendale,2021-03-14,2.0,4.0,5.0,5.0,6.0,7.0,8.0,8.0,9.0,10.0,11.0,13.0,15.0,inferred
Rossendale,2021-03-15,3.0,5.0,7.0,7.0,8.0,9.0,10.0,11.0,12.0,12.0,13.0,15.0,19.0,inferred
Rossendale,2021-03-16,4.0,5.0,7.0,7.0,8.0,9.0,9.0,10.0,11.0,12.0,13.0,15.0,18.0,inferred
Rossendale,2021-03-17,3.0,5.0,7.0,7.0,8.0,9.0,10.0,11.0,12.0,12.0,13.0,15.0,18.0,inferred
Rossendale,2021-03-18,3.0,5.0,6.0,7.0,7.0,8.0,9.0,10.0,11.0,11.0,12.0,14.0,17.0,inferred
Rossendale,2021-03-19,2.0,4.0,5.0,5.0,6.0,7.0,7.0,8.0,9.0,10.0,10.0,12.0,15.0,inferred
Rossendale,2021-03-20,1.0,3.0,3.0,4.0,4.0,5.0,6.0,6.0,7.0,8.0,8.0,10.0,12.0,inferred
Rossendale,2021-03-21,2.0,3.0,4.0,4.0,5.0,6.0,6.0,7.0,8.0,8.0,9.0,11.0,14.0,inferred
Rossendale,2021-03-22,2.0,4.0,5.0,6.0,6.0,7.0,8.0,9.0,10.0,10.0,11.0,12.0,15.0,inferred
Rossendale,2021-03-23,2.0,4.0,5.0,5.0,6.0,6.0,7.0,8.0,9.0,10.0,10.0,12.0,15.0,inferred
Rossendale,2021-03-24,2.0,3.0,4.0,5.0,5.0,6.0,7.0,8.0,8.0,9.0,10.0,11.0,15.0,inferred
Rossendale,2021-03-25,1.0,3.0,4.0,4.0,4.0,5.0,6.0,7.0,7.0,8.0,8.0,10.0,13.0,inferred
Rossendale,2021-03-26,1.0,2.0,3.0,3.0,4.0,4.0,5.0,6.0,6.0,7.0,7.0,9.0,12.0,inferred
Rossendale,2021-03-27,0.0,1.0,2.0,2.0,3.0,3.0,4.0,4.0,5.0,5.0,6.0,7.0,9.0,inferred
Rossendale,2021-03-28,0.0,1.0,2.0,2.0,3.0,3.0,4.0,4.0,5.0,6.0,6.0,7.0,10.0,inferred
Rossendale,2021-03-29,1.0,2.0,3.0,3.0,3.0,4.0,5.0,5.0,6.0,6.0,7.0,8.0,11.0,inferred
Rossendale,2021-03-30,1.0,2.0,2.0,3.0,3.0,4.0,4.0,5.0,6.0,6.0,7.0,8.0,11.0,inferred
Rossendale,2021-03-31,0.0,1.0,2.0,3.0,3.0,3.0,4.0,5.0,5.0,6.0,6.0,8.0,10.0,inferred
Rossendale,2021-04-01,0.0,1.0,2.0,2.0,2.0,3.0,3.0,4.0,5.0,5.0,6.0,7.0,9.5,inferred
Rossendale,2021-04-02,0.0,1.0,1.0,2.0,2.0,2.0,3.0,3.0,4.0,4.0,5.0,6.0,8.5,inferred
Rossendale,2021-04-03,0.0,0.0,1.0,1.0,1.0,2.0,2.0,3.0,3.0,3.0,4.0,5.0,7.0,inferred
Rossendale,2021-04-04,0.0,0.0,1.0,1.0,1.0,2.0,2.0,3.0,3.0,4.0,4.0,5.0,7.0,inferred
Rossendale,2021-04-05,0.0,1.0,1.0,2.0,2.0,2.0,3.0,3.0,4.0,4.0,5.0,6.0,8.0,inferred
Rossendale,2021-04-06,0.0,1.0,1.0,1.0,2.0,2.0,3.0,3.0,4.0,4.0,4.0,6.0,7.5,inferred
Rossendale,2021-04-07,0.0,1.0,1.0,1.0,2.0,2.0,2.0,3.0,4.0,4.0,4.0,5.0,7.0,inferred
Rossendale,2021-04-08,0.0,0.0,1.0,1.0,1.0,2.0,2.0,3.0,3.0,3.0,4.0,5.0,7.0,inferred
Rossendale,2021-04-09,0.0,0.0,1.0,1.0,1.0,1.0,2.0,2.0,3.0,3.0,3.0,5.0,6.0,inferred
Rossendale,2021-04-10,0.0,0.0,0.0,0.0,1.0,1.0,1.0,2.0,2.0,2.0,3.0,4.0,5.0,inferred
Rossendale,2021-04-11,0.0,0.0,0.0,1.0,1.0,1.0,2.0,2.0,2.0,3.0,3.0,4.0,6.0,inferred
Rossendale,2021-04-12,0.0,0.0,1.0,1.0,1.0,1.0,2.0,2.0,3.0,3.0,4.0,4.0,6.0,inferred
Rossendale,2021-04-13,0.0,0.0,1.0,1.0,1.0,1.0,2.0,2.0,3.0,3.0,3.0,4.0,6.0,inferred
Rossendale,2021-04-14,0.0,0.0,1.0,1.0,1.0,2.0,2.0,2.0,3.0,3.0,3.0,4.0,6.0,inferred
Rossendale,2021-04-15,0.0,0.0,1.0,1.0,1.0,1.0,2.0,2.0,3.0,3.0,3.0,4.0,6.0,inferred
Rossendale,2021-04-16,0.0,0.0,0.0,1.0,1.0,1.0,1.5,2.0,2.0,3.0,3.0,4.0,6.0,inferred
Rossendale,2021-04-17,0.0,0.0,0.0,0.0,0.0,1.0,1.0,2.0,2.0,2.0,2.0,3.0,4.0,inferred
Rossendale,2021-04-18,0.0,0.0,0.0,0.0,1.0,1.0,1.0,2.0,2.0,2.0,3.0,4.0,5.0,inferred
Rossendale,2021-04-19,0.0,0.0,1.0,1.0,1.0,1.0,2.0,2.0,3.0,3.0,3.0,4.0,6.0,inferred
Rossendale,2021-04-20,0.0,0.0,1.0,1.0,1.0,1.0,2.0,2.0,3.0,3.0,3.0,4.0,6.0,inferred
Rossendale,2021-04-21,0.0,0.0,1.0,1.0,1.0,1.0,2.0,2.0,3.0,3.0,3.0,4.0,6.0,inferred
Rossendale,2021-04-22,0.0,0.0,1.0,1.0,1.0,1.0,2.0,2.0,3.0,3.0,3.0,4.0,6.0,inferred
Rossendale,2021-04-23,0.0,0.0,0.0,1.0,1.0,1.0,1.0,2.0,2.0,3.0,3.0,4.0,6.0,inferred
Rossendale,2021-04-24,0.0,0.0,0.0,0.0,1.0,1.0,1.0,1.0,2.0,2.0,2.0,3.0,4.5,inferred
Rossendale,2021-04-25,0.0,0.0,0.0,1.0,1.0,1.0,1.0,2.0,2.0,3.0,3.0,4.0,6.0,inferred
Rossendale,2021-04-26,0.0,0.0,1.0,1.0,1.0,2.0,2.0,2.0,3.0,3.0,4.0,5.0,7.0,inferred
Rossendale,2021-04-27,0.0,0.0,1.0,1.0,1.0,2.0,2.0,2.0,3.0,3.0,4.0,5.0,7.0,inferred
Rossendale,2021-04-28,0.0,0.0,1.0,1.0,1.0,2.0,2.0,2.0,3.0,3.0,4.0,5.0,6.5,inferred
Rossendale,2021-04-29,0.0,0.0,1.0,1.0,1.0,2.0,2.0,2.0,3.0,3.0,4.0,4.0,6.0,inferred
Rossendale,2021-04-30,0.0,0.0,0.0,1.0,1.0,1.0,2.0,2.0,3.0,3.0,3.0,4.0,6.0,inferred
Rossendale,2021-05-01,0.0,0.0,0.0,0.0,1.0,1.0,1.0,2.0,2.0,2.0,3.0,3.0,5.0,inferred
Rossendale,2021-05-02,0.0,0.0,0.0,1.0,1.0,1.0,1.0,2.0,2.0,3.0,3.0,4.0,6.0,inferred
Rossendale,2021-05-03,0.0,0.0,1.0,1.0,1.0,2.0,2.0,3.0,3.0,3.0,4.0,5.0,7.0,inferred
Rossendale,2021-05-04,0.0,0.0,1.0,1.0,1.0,2.0,2.0,3.0,3.0,4.0,4.0,5.0,7.0,inferred
Rossendale,2021-05-05,0.0,0.0,1.0,1.0,1.0,2.0,2.0,3.0,3.0,4.0,4.0,5.0,7.0,inferred
Rossendale,2021-05-06,0.0,1.0,1.0,1.0,2.0,2.0,3.0,3.0,4.0,4.0,4.0,5.0,7.0,inferred
Rossendale,2021-05-07,0.0,0.9,1.0,1.0,1.0,2.0,2.0,3.0,4.0,4.0,4.0,5.0,7.0,inferred
Rossendale,2021-05-08,0.0,0.0,1.0,1.0,1.0,2.0,2.0,2.0,3.0,3.0,4.0,5.0,6.0,inferred
Rossendale,2021-05-09,0.0,1.0,1.0,1.0,2.0,2.0,3.0,3.0,4.0,4.0,4.0,5.1,7.0,inferred
Rossendale,2021-05-10,0.0,1.0,2.0,2.0,2.0,3.0,3.0,4.0,5.0,5.0,6.0,7.0,9.0,inferred
Rossendale,2021-05-11,0.0,1.0,2.0,3.0,3.0,3.0,4.0,5.0,5.0,6.0,6.0,8.0,10.0,inferred
Rossendale,2021-05-12,1.0,2.0,3.0,3.0,3.0,4.0,5.0,5.0,6.0,6.0,7.0,8.0,11.0,inferred
Rossendale,2021-05-13,1.0,2.0,3.0,4.0,4.0,5.0,5.5,6.0,7.0,7.0,8.0,10.0,12.0,inferred
Rossendale,2021-05-14,1.0,2.0,3.0,4.0,4.0,5.0,6.0,6.0,7.0,7.0,8.0,10.0,13.0,inferred
Rossendale,2021-05-15,1.0,2.0,3.0,3.0,4.0,4.0,5.0,6.0,7.0,7.0,8.0,9.0,11.0,inferred
Rossendale,2021-05-16,2.0,3.0,4.0,5.0,5.0,6.0,7.0,8.0,9.0,9.0,10.0,11.0,14.5,inferred
Rossendale,2021-05-17,4.0,6.0,7.0,8.0,8.0,9.0,10.0,11.0,12.0,13.0,14.0,15.0,19.0,inferred
Rossendale,2021-05-18,5.0,7.0,9.0,9.0,10.0,11.0,12.0,13.0,14.0,15.0,16.0,18.0,21.0,inferred
Rossendale,2021-05-19,6.0,9.0,11.0,11.0,12.0,13.0,14.0,15.0,16.0,17.0,18.0,20.1,24.0,inferred
Rossendale,2021-05-20,8.0,10.0,12.0,12.0,13.0,14.0,16.0,17.0,18.0,19.0,20.0,22.0,26.0,inferred
Rossendale,2021-05-21,8.0,10.0,12.8,13.0,14.0,15.0,16.0,18.0,19.0,20.0,21.0,23.0,27.0,inferred
Rossendale,2021-05-22,7.0,9.0,11.0,12.0,12.0,14.0,15.0,16.0,17.0,18.0,19.0,21.0,24.0,inferred
Rossendale,2021-05-23,10.0,13.0,15.0,16.0,16.0,18.0,19.0,21.0,22.0,23.0,24.0,26.0,31.0,inferred
Rossendale,2021-05-24,16.0,20.0,22.0,23.0,24.7,26.0,28.0,30.0,32.0,33.0,34.0,37.0,42.0,inferred
Rossendale,2021-05-25,18.0,21.0,24.0,25.0,26.0,28.0,29.0,31.0,33.0,34.0,36.0,39.0,44.5,inferred
Rossendale,2021-05-26,19.0,23.0,26.0,27.0,28.0,29.0,31.0,33.0,35.0,36.0,37.0,40.0,46.0,inferred
Rossendale,2021-05-27,19.0,22.0,25.0,26.0,27.0,29.0,30.0,32.0,34.0,35.0,36.0,39.0,45.0,inferred
Rossendale,2021-05-28,16.0,20.0,23.0,24.0,25.0,26.0,28.0,29.0,31.0,32.0,33.0,37.0,42.0,inferred
Rossendale,2021-05-29,13.0,16.0,18.0,19.0,20.0,22.0,23.0,24.4,26.0,27.0,28.0,31.0,35.0,inferred
Rossendale,2021-05-30,16.0,20.0,22.0,23.0,24.0,26.0,27.0,29.0,30.3,32.0,33.0,36.0,41.0,inferred
Rossendale,2021-05-31,24.0,28.0,30.0,32.0,33.0,35.0,37.0,38.0,40.0,41.2,43.0,46.0,52.0,inferred
Rossendale,2021-06-01,24.0,28.0,31.0,32.0,33.0,35.0,37.0,39.0,41.0,43.0,44.0,47.0,52.0,inferred
Rossendale,2021-06-02,24.0,29.0,32.0,34.0,35.0,37.0,39.0,41.0,43.0,44.0,45.0,49.0,55.5,inferred
Rossendale,2021-06-03,25.0,28.0,31.0,32.0,34.0,35.0,37.0,40.0,42.0,43.0,44.0,47.0,52.0,inferred
Rossendale,2021-06-04,21.0,25.0,28.0,29.0,30.0,32.0,34.0,36.0,38.0,39.0,40.0,44.0,49.0,inferred
Rossendale,2021-06-05,17.0,20.0,23.0,24.0,24.0,26.0,28.0,30.0,31.0,32.0,33.0,36.0,41.0,inferred
Rossendale,2021-06-06,21.0,24.0,27.0,28.0,29.0,31.0,33.0,35.0,36.0,37.0,39.0,42.0,47.0,inferred
Rossendale,2021-06-07,28.0,33.0,36.0,37.8,39.0,41.0,42.5,45.0,47.0,49.0,50.0,54.0,59.0,inferred
Rossendale,2021-06-08,28.0,33.0,36.0,37.0,38.0,40.0,42.0,44.0,47.0,48.0,49.0,53.0,58.0,inferred
Rossendale,2021-06-09,28.0,32.0,35.0,37.0,38.0,40.0,42.0,44.0,47.0,48.0,49.0,53.0,59.5,inferred
Rossendale,2021-06-10,25.5,30.0,33.0,34.0,36.0,38.0,40.0,41.0,43.0,44.0,46.0,49.0,55.0,inferred
Rossendale,2021-06-11,22.0,26.0,29.0,30.0,31.0,33.0,34.0,36.0,38.0,39.0,40.0,44.0,51.0,inferred
Rossendale,2021-06-12,17.0,19.0,22.0,23.0,24.0,25.0,27.0,28.0,30.0,31.0,32.0,35.0,39.0,inferred
Rossendale,2021-06-13,19.0,23.0,25.0,26.0,27.0,29.0,31.0,32.0,34.0,35.0,36.0,39.0,44.0,inferred
Rossendale,2021-06-14,25.0,30.0,33.0,34.0,35.0,38.0,39.0,41.0,43.0,44.0,46.0,50.0,56.0,inferred
Rossendale,2021-06-15,24.0,29.0,32.0,33.0,34.0,36.0,38.0,40.0,42.0,43.2,45.0,49.0,53.0,inferred
Rossendale,2021-06-16,24.0,29.0,32.0,33.0,34.0,36.0,38.0,40.0,42.0,44.0,45.0,49.0,54.0,inferred
Rossendale,2021-06-17,22.0,26.0,30.0,31.0,32.0,34.0,36.0,37.0,40.0,41.0,43.0,47.0,52.0,inferred
Rossendale,2021-06-18,18.0,22.0,25.0,26.0,27.0,29.0,31.0,33.0,35.0,36.0,37.0,41.0,46.5,inferred
Rother,2021-03-06,0.0,0.0,0.0,0.0,0.0,1.0,1.0,1.0,2.0,2.0,2.0,3.0,4.0,inferred
Rother,2021-03-07,0.0,0.0,0.0,0.0,1.0,1.0,1.0,2.0,2.0,2.0,3.0,3.0,5.0,inferred
Rother,2021-03-08,0.0,0.0,0.0,1.0,1.0,1.0,2.0,2.0,2.0,3.0,3.0,4.0,6.0,inferred
Rother,2021-03-09,0.0,0.0,0.0,1.0,1.0,1.0,1.0,2.0,2.0,3.0,3.0,4.0,6.0,inferred
Rother,2021-03-10,0.0,0.0,0.0,0.0,1.0,1.0,1.0,2.0,2.0,3.0,3.0,4.0,6.0,inferred
Rother,2021-03-11,0.0,0.0,0.0,0.0,1.0,1.0,1.0,2.0,2.0,3.0,3.0,4.0,5.0,inferred
Rother,2021-03-12,0.0,0.0,0.0,0.0,0.0,1.0,1.0,1.0,2.0,2.0,2.0,3.0,5.0,inferred
Rother,2021-03-13,0.0,0.0,0.0,0.0,0.0,0.0,1.0,1.0,1.0,2.0,2.0,3.0,4.0,inferred
Rother,2021-03-14,0.0,0.0,0.0,0.0,0.0,1.0,1.0,1.0,2.0,2.0,2.0,3.0,5.0,inferred
Rother,2021-03-15,0.0,0.0,0.0,0.0,0.7,1.0,1.0,2.0,2.0,2.0,3.0,4.0,5.0,inferred
Rother,2021-03-16,0.0,0.0,0.0,0.0,0.0,1.0,1.0,1.0,2.0,2.0,2.0,3.0,5.0,inferred
Rother,2021-03-17,0.0,0.0,0.0,0.0,1.0,1.0,1.0,1.0,2.0,2.0,3.0,4.0,5.0,inferred
Rother,2021-03-18,0.0,0.0,0.0,0.0,0.0,1.0,1.0,1.0,2.0,2.0,2.0,3.0,5.0,inferred
Rother,2021-03-19,0.0,0.0,0.0,0.0,0.0,0.0,1.0,1.0,1.0,2.0,2.0,3.0,5.0,inferred
Rother,2021-03-20,0.0,0.0,0.0,0.0,0.0,0.0,1.0,1.0,1.0,2.0,2.0,3.0,4.0,inferred
Rother,2021-03-21,0.0,0.0,0.0,0.0,0.0,0.0,1.0,1.0,2.0,2.0,2.0,3.0,4.0,inferred
Rother,2021-03-22,0.0,0.0,0.0,0.0,0.0,1.0,1.0,1.0,2.0,2.0,2.0,3.0,5.0,inferred
Rother,2021-03-23,0.0,0.0,0.0,0.0,0.0,1.0,1.0,1.0,2.0,2.0,2.0,3.0,5.0,inferred
Rother,2021-03-24,0.0,0.0,0.0,0.0,0.0,1.0,1.0,1.0,2.0,2.0,2.0,3.0,5.0,inferred
Rother,2021-03-25,0.0,0.0,0.0,0.0,0.0,0.0,1.0,1.0,2.0,2.0,2.0,3.0,5.0,inferred
Rother,2021-03-26,0.0,0.0,0.0,0.0,0.0,0.0,1.0,1.0,1.0,2.0,2.0,3.0,4.0,inferred
Rother,2021-03-27,0.0,0.0,0.0,0.0,0.0,0.0,0.0,1.0,1.0,1.0,1.0,2.0,3.5,inferred
Rother,2021-03-28,0.0,0.0,0.0,0.0,0.0,0.0,1.0,1.0,1.0,1.0,2.0,2.0,4.0,inferred
Rother,2021-03-29,0.0,0.0,0.0,0.0,0.0,0.0,1.0,1.0,1.0,2.0,2.0,3.0,4.0,inferred
Rother,2021-03-30,0.0,0.0,0.0,0.0,0.0,0.0,1.0,1.0,1.0,1.0,2.0,2.0,4.0,inferred
Rother,2021-03-31,0.0,0.0,0.0,0.0,0.0,0.0,1.0,1.0,1.0,2.0,2.0,3.0,4.0,inferred
Rother,2021-04-01,0.0,0.0,0.0,0.0,0.0,0.0,0.0,1.0,1.0,1.0,2.0,2.0,4.0,inferred
Rother,2021-04-02,0.0,0.0,0.0,0.0,0.0,0.0,0.0,1.0,1.0,1.0,1.0,2.0,4.0,inferred
Rother,2021-04-03,0.0,0.0,0.0,0.0,0.0,0.0,0.0,0.0,1.0,1.0,1.0,2.0,3.0,inferred
Rother,2021-04-04,0.0,0.0,0.0,0.0,0.0,0.0,0.0,1.0,1.0,1.0,1.0,2.0,3.0,inferred
Rother,2021-04-05,0.0,0.0,0.0,0.0,0.0,0.0,0.0,1.0,1.0,1.0,1.0,2.0,4.0,inferred
Rother,2021-04-06,0.0,0.0,0.0,0.0,0.0,0.0,0.0,1.0,1.0,1.0,1.0,2.0,3.0,inferred
Rother,2021-04-07,0.0,0.0,0.0,0.0,0.0,0.0,0.0,1.0,1.0,1.0,1.0,2.0,3.0,inferred
Rother,2021-04-08,0.0,0.0,0.0,0.0,0.0,0.0,0.0,0.0,1.0,1.0,1.0,2.0,3.0,inferred
Rother,2021-04-09,0.0,0.0,0.0,0.0,0.0,0.0,0.0,0.0,1.0,1.0,1.0,2.0,3.0,inferred
Rother,2021-04-10,0.0,0.0,0.0,0.0,0.0,0.0,0.0,0.0,0.0,1.0,1.0,2.0,3.0,inferred
Rother,2021-04-11,0.0,0.0,0.0,0.0,0.0,0.0,0.0,0.0,1.0,1.0,1.0,2.0,3.0,inferred
Rother,2021-04-12,0.0,0.0,0.0,0.0,0.0,0.0,0.0,1.0,1.0,1.0,1.0,2.0,3.0,inferred
Rother,2021-04-13,0.0,0.0,0.0,0.0,0.0,0.0,0.0,1.0,1.0,1.0,1.0,2.0,4.0,inferred
Rother,2021-04-14,0.0,0.0,0.0,0.0,0.0,0.0,0.0,1.0,1.0,1.0,1.0,2.0,3.0,inferred
Rother,2021-04-15,0.0,0.0,0.0,0.0,0.0,0.0,0.0,1.0,1.0,1.0,1.0,2.0,4.0,inferred
Rother,2021-04-16,0.0,0.0,0.0,0.0,0.0,0.0,0.0,1.0,1.0,1.0,1.0,2.0,3.0,inferred
Rother,2021-04-17,0.0,0.0,0.0,0.0,0.0,0.0,0.0,0.0,1.0,1.0,1.0,2.0,3.0,inferred
Rother,2021-04-18,0.0,0.0,0.0,0.0,0.0,0.0,0.0,1.0,1.0,1.0,1.0,2.0,4.0,inferred
Rother,2021-04-19,0.0,0.0,0.0,0.0,0.0,0.0,0.0,1.0,1.0,1.0,1.0,2.0,4.0,inferred
Rother,2021-04-20,0.0,0.0,0.0,0.0,0.0,0.0,0.0,1.0,1.0,1.0,2.0,2.0,4.0,inferred
Rother,2021-04-21,0.0,0.0,0.0,0.0,0.0,0.0,1.0,1.0,1.0,1.0,2.0,3.0,4.0,inferred
Rother,2021-04-22,0.0,0.0,0.0,0.0,0.0,0.0,1.0,1.0,1.0,1.0,2.0,2.0,4.0,inferred
Rother,2021-04-23,0.0,0.0,0.0,0.0,0.0,0.0,0.0,1.0,1.0,1.0,1.0,2.0,3.0,inferred
Rother,2021-04-24,0.0,0.0,0.0,0.0,0.0,0.0,0.0,0.0,1.0,1.0,1.0,2.0,3.0,inferred
Rother,2021-04-25,0.0,0.0,0.0,0.0,0.0,0.0,0.0,1.0,1.0,1.0,1.0,2.0,4.0,inferred
Rother,2021-04-26,0.0,0.0,0.0,0.0,0.0,0.0,0.0,1.0,1.0,1.0,2.0,2.0,4.0,inferred
Rother,2021-04-27,0.0,0.0,0.0,0.0,0.0,0.0,0.0,1.0,1.0,1.0,1.0,2.0,4.0,inferred
Rother,2021-04-28,0.0,0.0,0.0,0.0,0.0,0.0,1.0,1.0,1.0,1.0,2.0,2.0,4.0,inferred
Rother,2021-04-29,0.0,0.0,0.0,0.0,0.0,0.0,1.0,1.0,1.0,1.0,2.0,2.0,4.0,inferred
Rother,2021-04-30,0.0,0.0,0.0,0.0,0.0,0.0,0.0,1.0,1.0,1.0,1.0,2.0,4.0,inferred
Rother,2021-05-01,0.0,0.0,0.0,0.0,0.0,0.0,0.0,1.0,1.0,1.0,1.0,2.0,3.0,inferred
Rother,2021-05-02,0.0,0.0,0.0,0.0,0.0,0.0,0.0,1.0,1.0,1.0,1.0,2.0,4.0,inferred
Rother,2021-05-03,0.0,0.0,0.0,0.0,0.0,0.0,1.0,1.0,1.0,1.0,2.0,2.0,4.0,inferred
Rother,2021-05-04,0.0,0.0,0.0,0.0,0.0,0.0,1.0,1.0,1.0,1.0,2.0,2.0,4.0,inferred
Rother,2021-05-05,0.0,0.0,0.0,0.0,0.0,0.0,0.0,1.0,1.0,1.0,2.0,2.0,4.0,inferred
Rother,2021-05-06,0.0,0.0,0.0,0.0,0.0,0.0,0.0,1.0,1.0,1.0,2.0,2.0,4.0,inferred
Rother,2021-05-07,0.0,0.0,0.0,0.0,0.0,0.0,0.0,1.0,1.0,1.0,1.0,2.0,3.0,inferred
Rother,2021-05-08,0.0,0.0,0.0,0.0,0.0,0.0,0.0,0.0,1.0,1.0,1.0,2.0,3.0,inferred
Rother,2021-05-09,0.0,0.0,0.0,0.0,0.0,0.0,0.0,1.0,1.0,1.0,1.0,2.0,4.0,inferred
Rother,2021-05-10,0.0,0.0,0.0,0.0,0.0,0.0,1.0,1.0,1.0,1.0,2.0,3.0,4.0,inferred
Rother,2021-05-11,0.0,0.0,0.0,0.0,0.0,0.0,0.0,1.0,1.0,1.0,2.0,2.0,4.0,inferred
Rother,2021-05-12,0.0,0.0,0.0,0.0,0.0,0.0,1.0,1.0,1.0,1.0,2.0,3.0,4.0,inferred
Rother,2021-05-13,0.0,0.0,0.0,0.0,0.0,0.0,1.0,1.0,1.0,1.0,2.0,3.0,4.0,inferred
Rother,2021-05-14,0.0,0.0,0.0,0.0,0.0,0.0,0.0,1.0,1.0,1.0,2.0,2.0,4.0,inferred
Rother,2021-05-15,0.0,0.0,0.0,0.0,0.0,0.0,0.0,1.0,1.0,1.0,1.0,2.0,3.0,inferred
Rother,2021-05-16,0.0,0.0,0.0,0.0,0.0,0.0,0.0,1.0,1.0,1.0,1.0,2.0,4.0,inferred
Rother,2021-05-17,0.0,0.0,0.0,0.0,0.0,0.0,1.0,1.0,1.0,1.0,2.0,2.0,4.0,inferred
Rother,2021-05-18,0.0,0.0,0.0,0.0,0.0,0.0,0.0,1.0,1.0,1.0,2.0,2.0,4.0,inferred
Rother,2021-05-19,0.0,0.0,0.0,0.0,0.0,0.0,1.0,1.0,1.0,1.0,2.0,2.0,4.0,inferred
Rother,2021-05-20,0.0,0.0,0.0,0.0,0.0,0.0,0.0,1.0,1.0,1.0,2.0,2.0,4.0,inferred
Rother,2021-05-21,0.0,0.0,0.0,0.0,0.0,0.0,0.0,1.0,1.0,1.0,1.0,2.0,3.0,inferred
Rother,2021-05-22,0.0,0.0,0.0,0.0,0.0,0.0,0.0,1.0,1.0,1.0,1.0,2.0,3.0,inferred
Rother,2021-05-23,0.0,0.0,0.0,0.0,0.0,0.0,0.0,1.0,1.0,1.0,1.0,2.0,3.0,inferred
Rother,2021-05-24,0.0,0.0,0.0,0.0,0.0,0.0,1.0,1.0,1.0,2.0,2.0,3.0,4.0,inferred
Rother,2021-05-25,0.0,0.0,0.0,0.0,0.0,0.0,1.0,1.0,1.0,2.0,2.0,3.0,4.0,inferred
Rother,2021-05-26,0.0,0.0,0.0,0.0,0.0,0.0,1.0,1.0,2.0,2.0,2.0,3.0,5.0,inferred
Rother,2021-05-27,0.0,0.0,0.0,0.0,0.0,0.0,1.0,1.0,2.0,2.0,2.0,3.0,5.0,inferred
Rother,2021-05-28,0.0,0.0,0.0,0.0,0.0,0.0,1.0,1.0,1.0,2.0,2.0,3.0,4.0,inferred
Rother,2021-05-29,0.0,0.0,0.0,0.0,0.0,0.0,0.5,1.0,1.0,1.0,2.0,2.0,4.0,inferred
Rother,2021-05-30,0.0,0.0,0.0,0.0,0.0,0.0,1.0,1.0,1.0,1.2,2.0,3.0,4.0,inferred
Rother,2021-05-31,0.0,0.0,0.0,0.0,0.0,1.0,1.0,1.0,2.0,2.0,2.0,3.0,5.0,inferred
Rother,2021-06-01,0.0,0.0,0.0,0.0,0.0,1.0,1.0,1.0,2.0,2.0,2.0,3.0,5.0,inferred
Rother,2021-06-02,0.0,0.0,0.0,0.0,0.0,1.0,1.0,1.0,2.0,2.0,2.0,3.0,5.0,inferred
Rother,2021-06-03,0.0,0.0,0.0,0.0,0.0,1.0,1.0,1.0,2.0,2.0,3.0,4.0,5.0,inferred
Rother,2021-06-04,0.0,0.0,0.0,0.0,0.0,1.0,1.0,1.0,2.0,2.0,2.0,3.0,5.0,inferred
Rother,2021-06-05,0.0,0.0,0.0,0.0,0.0,1.0,1.0,1.0,2.0,2.0,2.0,3.0,5.0,inferred
Rother,2021-06-06,0.0,0.0,0.0,0.0,0.0,1.0,1.0,2.0,2.0,2.0,3.0,4.0,5.0,inferred
Rother,2021-06-07,0.0,0.0,0.0,1.0,1.0,1.0,2.0,2.0,2.0,3.0,3.0,4.0,6.0,inferred
Rother,2021-06-08,0.0,0.0,0.0,1.0,1.0,1.0,2.0,2.0,3.0,3.0,3.0,4.0,6.0,inferred
Rother,2021-06-09,0.0,0.0,1.0,1.0,1.0,1.0,2.0,2.0,3.0,3.0,4.0,5.0,6.0,inferred
Rother,2021-06-10,0.0,0.0,1.0,1.0,1.0,1.0,2.0,3.0,3.0,3.0,4.0,5.0,7.0,inferred
Rother,2021-06-11,0.0,0.0,1.0,1.0,1.0,1.0,2.0,2.0,3.0,3.0,4.0,5.0,7.0,inferred
Rother,2021-06-12,0.0,0.0,0.0,0.0,1.0,1.0,1.0,2.0,2.0,3.0,3.0,4.0,6.0,inferred
Rother,2021-06-13,0.0,0.0,1.0,1.0,1.0,2.0,2.0,2.0,3.0,3.0,4.0,5.0,7.0,inferred
Rother,2021-06-14,0.0,0.0,1.0,1.0,2.0,2.0,2.0,3.0,4.0,4.0,4.0,6.0,8.0,inferred
Rother,2021-06-15,0.0,0.0,1.0,1.0,2.0,2.0,3.0,3.0,4.0,4.0,4.0,6.0,8.5,inferred
Rother,2021-06-16,0.0,1.0,1.0,1.0,2.0,2.0,3.0,3.0,4.0,5.0,5.0,6.0,9.0,inferred
Rother,2021-06-17,0.0,0.0,1.0,1.0,2.0,2.0,3.0,3.0,4.0,4.0,5.0,6.0,8.0,inferred
Rother,2021-06-18,0.0,0.0,1.0,1.0,1.0,2.0,2.0,3.0,4.0,4.0,5.0,6.0,8.0,inferred
Rotherham,2021-03-06,26.0,30.0,33.0,34.0,35.0,37.0,39.0,41.0,42.0,43.0,45.0,48.0,55.0,inferred
Rotherham,2021-03-07,29.0,33.0,37.0,38.0,39.0,41.0,43.0,45.0,47.0,48.0,50.0,53.0,59.0,inferred
Rotherham,2021-03-08,40.0,45.0,49.0,50.0,52.0,54.0,56.0,58.0,61.0,62.0,63.0,68.0,75.0,inferred
Rotherham,2021-03-09,38.0,43.0,47.0,48.0,49.0,52.0,54.0,56.0,58.0,60.0,61.0,65.0,71.0,inferred
Rotherham,2021-03-10,41.0,45.0,49.0,51.0,52.0,54.6,56.0,59.0,62.0,63.0,64.0,68.0,77.0,inferred
Rotherham,2021-03-11,38.0,43.0,47.0,48.0,49.0,52.0,54.0,56.0,58.0,59.0,61.0,65.0,71.0,inferred
Rotherham,2021-03-12,34.5,40.0,43.0,44.8,46.0,48.0,50.0,52.0,55.0,56.0,57.0,61.0,68.0,inferred
Rotherham,2021-03-13,28.0,32.0,36.0,37.0,38.0,40.0,42.0,44.0,46.0,48.0,49.0,53.0,58.0,inferred
Rotherham,2021-03-14,32.0,37.0,40.0,42.0,43.0,45.0,47.0,49.0,52.0,53.0,54.0,58.1,64.0,inferred
Rotherham,2021-03-15,44.0,49.0,53.0,55.0,56.0,59.0,61.0,64.0,66.0,68.0,70.0,74.0,80.5,inferred
Rotherham,2021-03-16,41.0,47.0,51.0,52.0,54.0,56.0,58.0,61.0,63.0,65.0,66.0,71.0,78.0,inferred
Rotherham,2021-03-17,45.0,50.0,54.0,55.0,57.0,59.0,62.0,64.0,67.0,69.0,70.2,75.0,83.0,inferred
Rotherham,2021-03-18,42.0,47.0,51.0,52.0,54.0,57.0,60.0,62.0,65.0,67.0,68.0,72.0,79.0,inferred
Rotherham,2021-03-19,39.0,45.0,49.0,50.0,52.0,54.0,56.0,58.0,61.0,63.0,64.0,68.0,75.0,inferred
Rotherham,2021-03-20,32.0,37.0,40.0,41.0,43.0,45.0,47.0,49.0,51.0,52.0,54.0,58.0,64.0,inferred
Rotherham,2021-03-21,38.0,42.0,46.0,48.0,49.0,51.0,54.0,56.0,58.0,60.0,61.0,65.0,71.0,inferred
Rotherham,2021-03-22,50.0,57.0,62.0,63.0,65.0,68.0,70.0,73.0,76.0,77.0,79.0,83.0,91.0,inferred
Rotherham,2021-03-23,47.0,53.0,57.0,59.0,60.0,63.0,65.0,68.0,70.0,72.0,74.0,78.0,87.0,inferred
Rotherham,2021-03-24,46.0,52.0,57.0,58.0,60.0,62.0,65.0,67.0,70.0,71.0,73.0,77.0,86.0,inferred
Rotherham,2021-03-25,40.0,46.0,50.0,51.0,52.0,55.0,57.0,59.0,62.0,63.0,65.0,69.0,76.0,inferred
Rotherham,2021-03-26,34.5,39.0,42.0,43.0,45.0,47.0,49.0,51.0,53.0,54.2,56.0,60.0,67.5,inferred
Rotherham,2021-03-27,25.0,29.0,32.0,33.0,34.0,36.0,37.0,40.0,42.0,43.0,44.0,48.0,54.0,inferred
Rotherham,2021-03-28,26.0,30.0,33.0,35.0,36.0,38.0,40.0,41.4,43.0,45.0,46.0,50.0,56.0,inferred
Rotherham,2021-03-29,32.0,37.0,41.0,42.0,43.0,45.0,48.0,50.0,52.0,54.0,55.0,59.0,65.0,inferred
Rotherham,2021-03-30,28.0,33.0,36.0,37.0,38.0,40.0,42.0,44.0,47.0,48.0,49.0,52.0,58.0,inferred
Rotherham,2021-03-31,27.0,31.9,34.8,36.0,37.0,39.0,41.0,43.0,46.0,47.0,48.0,51.0,57.0,inferred
Rotherham,2021-04-01,24.0,28.0,31.0,32.0,33.0,35.0,37.0,38.0,40.0,41.0,42.0,46.0,52.0,inferred
Rotherham,2021-04-02,20.0,24.0,27.0,28.0,29.0,30.0,32.0,33.0,35.0,36.0,37.0,41.0,46.0,inferred
Rotherham,2021-04-03,15.0,19.0,21.0,22.0,22.0,24.0,25.0,26.0,28.0,29.0,30.0,33.0,38.0,inferred
Rotherham,2021-04-04,16.0,19.0,21.0,22.8,23.0,25.0,26.0,28.0,30.0,31.0,32.0,35.0,40.0,inferred
Rotherham,2021-04-05,20.0,24.0,27.0,28.0,29.0,31.0,33.0,35.0,37.0,38.0,39.0,43.0,48.0,inferred
Rotherham,2021-04-06,19.0,22.0,25.0,26.0,27.0,29.0,30.0,32.0,34.0,35.0,36.0,39.0,45.0,inferred
Rotherham,2021-04-07,18.5,22.0,25.0,26.0,27.0,29.0,30.0,32.0,34.0,35.0,36.0,39.0,44.0,inferred
Rotherham,2021-04-08,16.0,20.0,22.0,23.0,24.0,26.0,27.0,29.0,31.0,32.0,33.0,36.0,41.0,inferred
Rotherham,2021-04-09,13.5,17.0,20.0,21.0,21.0,23.0,24.0,26.0,27.0,28.0,29.0,32.0,38.0,inferred
Rotherham,2021-04-10,10.0,13.0,16.0,16.0,17.0,18.0,20.0,21.0,22.0,23.0,24.0,27.0,31.5,inferred
Rotherham,2021-04-11,12.0,15.0,16.8,17.0,18.0,19.0,21.0,22.0,24.0,24.2,25.2,28.0,33.0,inferred
Rotherham,2021-04-12,16.0,19.0,21.0,22.0,23.0,25.0,26.0,27.0,29.0,30.0,31.0,34.0,38.5,inferred
Rotherham,2021-04-13,13.0,16.0,18.0,19.0,20.0,22.0,23.0,25.0,26.0,27.0,28.0,31.0,35.0,inferred
Rotherham,2021-04-14,13.0,16.0,19.0,19.0,20.0,22.0,23.0,25.0,26.0,27.0,28.0,31.0,35.0,inferred
Rotherham,2021-04-15,11.5,15.0,17.0,18.0,18.0,20.0,21.0,22.0,24.0,25.0,26.0,29.0,33.0,inferred
Rotherham,2021-04-16,10.0,13.0,15.0,15.0,16.0,18.0,19.0,20.0,21.0,22.0,23.0,25.0,29.0,inferred
Rotherham,2021-04-17,8.0,10.0,11.0,12.0,13.0,14.0,15.0,16.0,18.0,19.0,20.0,22.0,26.0,inferred
Rotherham,2021-04-18,8.0,11.0,12.0,13.0,14.0,15.0,16.0,17.0,19.0,20.0,20.0,23.0,27.0,inferred
Rotherham,2021-04-19,11.0,14.0,16.0,17.0,18.0,19.0,20.5,22.0,23.0,24.0,25.0,28.0,33.0,inferred
Rotherham,2021-04-20,10.0,13.0,15.0,15.0,16.0,18.0,19.0,20.0,22.0,22.0,23.0,26.0,30.0,inferred
Rotherham,2021-04-21,10.0,13.0,15.0,15.0,16.0,18.0,19.0,20.0,22.0,22.0,24.0,27.0,32.0,inferred
Rotherham,2021-04-22,9.0,11.0,13.0,14.0,14.0,16.0,17.0,18.0,20.0,20.0,21.0,24.0,27.0,inferred
Rotherham,2021-04-23,7.0,9.0,11.0,12.0,13.0,14.0,15.0,16.0,17.0,18.0,19.0,21.0,25.0,inferred
Rotherham,2021-04-24,5.0,7.0,9.0,9.0,10.0,11.0,12.0,13.0,14.0,15.0,15.0,17.0,21.0,inferred
Rotherham,2021-04-25,5.0,7.0,9.0,10.0,10.0,12.0,13.0,14.0,15.0,15.0,16.0,18.0,22.0,inferred
Rotherham,2021-04-26,8.0,10.0,12.0,13.0,14.0,15.0,16.0,17.0,19.0,20.0,21.0,23.0,27.0,inferred
Rotherham,2021-04-27,7.0,9.0,11.0,12.0,12.0,13.0,15.0,16.0,18.0,18.0,19.0,21.0,25.0,inferred
Rotherham,2021-04-28,7.0,10.0,11.0,12.0,13.0,14.0,15.0,16.0,17.0,18.0,19.0,22.0,25.0,inferred
Rotherham,2021-04-29,6.0,9.0,10.0,11.0,12.0,13.0,14.0,15.0,16.0,17.0,18.0,20.0,24.0,inferred
Rotherham,2021-04-30,5.0,7.0,9.0,10.0,10.0,12.0,13.0,14.0,15.0,16.0,16.0,19.0,23.0,inferred
Rotherham,2021-05-01,4.0,6.0,7.0,8.0,9.0,10.0,10.0,11.0,13.0,13.0,14.0,16.0,20.0,inferred
Rotherham,2021-05-02,5.0,7.0,8.0,9.0,10.0,11.0,12.0,13.0,14.0,15.0,15.0,17.0,21.0,inferred
Rotherham,2021-05-03,7.0,9.0,11.0,12.0,12.0,14.0,15.0,16.0,17.0,18.0,19.0,21.0,25.0,inferred
Rotherham,2021-05-04,6.0,8.0,10.0,11.0,12.0,13.0,14.0,15.0,16.0,17.0,18.0,20.0,24.0,inferred
Rotherham,2021-05-05,6.0,9.0,11.0,11.0,12.0,13.0,14.0,15.0,17.0,17.0,18.0,20.0,24.0,inferred
Rotherham,2021-05-06,6.0,8.0,9.0,10.0,11.0,12.0,13.0,14.0,15.0,16.0,17.0,19.0,22.0,inferred
Rotherham,2021-05-07,5.0,7.0,8.0,9.0,9.0,11.0,11.0,12.0,14.0,14.0,15.0,17.0,20.0,inferred
Rotherham,2021-05-08,3.0,5.0,6.0,7.0,7.0,8.0,9.0,10.0,11.0,12.0,12.0,14.0,17.0,inferred
Rotherham,2021-05-09,4.0,5.0,7.0,7.0,8.0,9.0,10.0,11.0,12.0,12.0,13.0,15.0,18.0,inferred
Rotherham,2021-05-10,5.0,7.0,9.0,10.0,10.0,11.0,13.0,14.0,15.0,15.0,16.0,18.0,22.0,inferred
Rotherham,2021-05-11,5.0,7.0,8.0,9.0,9.0,10.0,11.0,12.0,13.0,14.0,15.0,17.0,20.0,inferred
Rotherham,2021-05-12,5.0,7.0,8.0,9.0,9.0,10.0,11.0,12.0,14.0,14.0,15.0,17.0,21.0,inferred
Rotherham,2021-05-13,4.0,6.0,7.0,8.0,8.0,9.0,10.0,11.0,13.0,13.0,14.0,16.0,19.0,inferred
Rotherham,2021-05-14,3.0,5.0,7.0,7.0,8.0,8.0,9.0,10.0,11.0,12.0,13.0,14.0,18.0,inferred
Rotherham,2021-05-15,2.0,4.0,5.0,5.0,6.0,7.0,7.0,8.0,9.0,10.0,10.0,12.0,14.0,inferred
Rotherham,2021-05-16,3.0,4.0,6.0,6.0,7.0,7.0,8.0,9.0,10.0,11.0,11.0,13.0,16.0,inferred
Rotherham,2021-05-17,4.0,5.0,7.0,8.0,8.0,9.0,10.0,11.0,13.0,13.0,14.0,16.0,20.0,inferred
Rotherham,2021-05-18,3.5,5.0,7.0,7.0,8.0,9.0,10.0,10.0,12.0,12.0,13.0,15.0,18.0,inferred
Rotherham,2021-05-19,3.5,6.0,7.0,7.0,8.0,9.0,10.0,11.0,12.0,13.0,13.0,16.0,19.0,inferred
Rotherham,2021-05-20,3.0,5.0,6.0,7.0,7.0,8.0,9.0,10.0,11.0,12.0,13.0,14.0,17.0,inferred
Rotherham,2021-05-21,3.0,4.0,6.0,6.0,7.0,7.0,8.0,9.0,10.0,11.0,11.0,13.0,16.0,inferred
Rotherham,2021-05-22,2.0,3.0,4.0,5.0,5.0,6.0,7.0,8.0,9.0,9.0,10.0,11.0,14.0,inferred
Rotherham,2021-05-23,2.0,4.0,5.0,5.0,6.0,7.0,7.0,8.0,9.0,10.0,10.0,12.0,15.0,inferred
Rotherham,2021-05-24,4.0,5.0,7.0,7.0,8.0,9.0,10.0,11.0,12.0,12.0,13.0,15.0,18.0,inferred
Rotherham,2021-05-25,3.0,5.0,6.0,7.0,7.0,8.0,9.0,10.0,11.0,12.0,13.0,14.1,18.0,inferred
Rotherham,2021-05-26,4.0,5.0,7.0,7.0,8.0,9.0,10.0,11.0,12.0,12.0,13.0,15.0,19.0,inferred
Rotherham,2021-05-27,3.0,5.0,6.0,7.0,7.0,8.0,9.0,10.0,11.0,12.0,12.0,14.0,18.0,inferred
Rotherham,2021-05-28,3.0,5.0,6.0,6.0,7.0,8.0,9.0,10.0,10.0,11.0,12.0,14.0,17.0,inferred
Rotherham,2021-05-29,2.0,4.0,5.0,5.0,5.0,6.0,7.0,8.0,9.0,9.0,10.0,12.0,14.0,inferred
Rotherham,2021-05-30,2.0,4.0,5.0,6.0,6.0,7.0,8.0,9.0,10.0,11.0,11.0,13.0,16.0,inferred
Rotherham,2021-05-31,4.0,6.0,7.0,8.0,8.0,9.0,10.0,11.0,12.0,13.0,14.0,16.0,19.0,inferred
Rotherham,2021-06-01,4.0,5.0,7.0,8.0,8.0,9.0,10.0,11.0,12.0,13.0,13.0,15.0,18.0,inferred
Rotherham,2021-06-02,4.0,6.0,8.0,8.0,9.0,10.0,11.0,12.0,13.0,13.0,14.0,16.0,19.0,inferred
Rotherham,2021-06-03,4.0,6.0,8.0,8.0,9.0,9.0,10.0,11.0,12.0,13.0,14.0,15.1,19.0,inferred
Rotherham,2021-06-04,4.0,6.0,7.0,8.0,8.0,9.0,10.0,11.0,12.0,13.0,13.0,15.0,19.0,inferred
Rotherham,2021-06-05,3.0,5.0,6.0,6.0,7.0,8.0,9.0,10.0,11.0,11.0,12.0,14.0,17.0,inferred
Rotherham,2021-06-06,4.0,6.0,7.0,8.0,8.0,9.0,10.0,11.0,12.0,13.0,13.0,15.0,19.0,inferred
Rotherham,2021-06-07,6.0,9.0,10.0,11.0,12.0,13.0,14.0,15.0,16.0,17.0,18.0,20.0,24.0,inferred
Rotherham,2021-06-08,6.0,9.0,10.0,11.0,11.0,12.0,14.0,15.0,16.0,17.0,18.0,20.0,24.0,inferred
Rotherham,2021-06-09,7.0,9.0,11.0,12.0,13.0,14.0,15.0,17.0,18.0,19.0,19.0,22.0,26.0,inferred
Rotherham,2021-06-10,7.0,10.0,11.0,12.0,13.0,14.0,15.0,16.0,18.0,18.0,19.0,22.0,26.0,inferred
Rotherham,2021-06-11,7.0,10.0,12.0,12.0,13.0,14.0,15.0,16.0,18.0,18.0,19.0,22.0,26.0,inferred
Rotherham,2021-06-12,6.0,8.0,10.0,10.0,11.0,12.0,13.0,14.0,16.0,17.0,17.0,19.0,22.5,inferred
Rotherham,2021-06-13,7.0,10.0,12.0,12.8,13.0,15.0,16.0,17.0,18.0,19.0,20.0,22.1,27.0,inferred
Rotherham,2021-06-14,12.0,15.0,17.0,18.0,19.0,21.0,22.0,23.0,25.0,26.0,27.0,30.0,35.0,inferred
Rotherham,2021-06-15,12.0,15.0,17.0,18.0,19.0,21.0,22.0,24.0,26.0,27.0,28.0,31.0,35.0,inferred
Rotherham,2021-06-16,14.0,18.0,20.0,21.0,22.0,23.0,25.0,26.4,28.0,29.0,31.0,34.0,39.5,inferred
Rotherham,2021-06-17,14.0,18.0,21.0,22.0,22.0,24.0,26.0,27.0,29.0,31.0,32.0,35.0,40.0,inferred
Rotherham,2021-06-18,14.5,18.0,20.0,21.0,22.0,24.0,25.0,27.0,29.0,30.0,31.0,35.0,39.0,inferred
Rugby,2021-03-06,3.0,5.0,6.0,6.0,7.0,8.0,9.0,9.0,10.0,11.0,11.0,13.0,16.0,inferred
Rugby,2021-03-07,3.5,5.0,7.0,7.0,8.0,9.0,10.0,11.0,12.0,12.0,13.0,15.0,17.0,inferred
Rugby,2021-03-08,5.0,7.0,9.0,9.0,10.0,11.0,12.0,13.0,14.0,15.0,16.0,17.1,21.0,inferred
Rugby,2021-03-09,5.0,7.0,8.0,9.0,10.0,11.0,12.0,13.0,14.0,15.0,15.0,17.0,21.0,inferred
Rugby,2021-03-10,6.0,8.0,9.0,10.0,10.0,11.0,12.0,13.0,15.0,15.2,16.0,18.0,22.0,inferred
Rugby,2021-03-11,5.0,7.0,9.0,9.0,10.0,11.0,12.0,13.0,14.0,15.0,15.0,17.0,21.0,inferred
Rugby,2021-03-12,4.0,6.0,8.0,9.0,9.0,10.0,11.0,12.0,13.0,14.0,15.0,17.0,20.0,inferred
Rugby,2021-03-13,3.0,5.0,6.0,7.0,7.7,8.0,9.0,10.0,11.0,12.0,12.0,14.0,17.0,inferred
Rugby,2021-03-14,4.0,6.0,8.0,9.0,9.0,10.0,11.0,12.0,13.0,14.0,15.0,17.0,20.0,inferred
Rugby,2021-03-15,7.0,9.0,11.0,12.0,12.0,14.0,15.0,16.0,17.0,18.0,19.0,22.0,26.0,inferred
Rugby,2021-03-16,7.0,9.0,11.0,12.0,12.0,14.0,15.0,16.0,17.0,18.0,19.0,21.0,25.0,inferred
Rugby,2021-03-17,8.0,10.0,12.0,13.0,13.7,15.0,16.0,17.0,18.0,19.0,20.0,22.0,27.0,inferred
Rugby,2021-03-18,7.0,10.0,11.0,12.0,12.0,14.0,15.0,16.0,17.0,18.0,18.0,20.0,24.0,inferred
Rugby,2021-03-19,5.0,8.0,9.0,10.0,11.0,12.0,13.0,14.0,15.0,16.0,17.0,19.0,22.0,inferred
Rugby,2021-03-20,4.0,6.0,7.0,8.0,9.0,10.0,10.0,11.0,12.0,13.0,14.0,15.0,18.0,inferred
Rugby,2021-03-21,5.0,7.0,9.0,9.0,10.0,11.0,12.0,13.0,15.0,15.0,16.0,18.0,22.0,inferred
Rugby,2021-03-22,8.0,10.0,12.0,13.0,13.0,14.0,16.0,17.0,18.0,19.0,20.0,22.0,26.0,inferred
Rugby,2021-03-23,7.0,9.0,11.0,12.0,12.0,14.0,15.0,16.0,17.0,18.0,19.0,21.0,25.0,inferred
Rugby,2021-03-24,6.0,9.0,11.0,12.0,12.0,14.0,15.0,16.0,17.0,18.0,19.0,21.0,25.0,inferred
Rugby,2021-03-25,6.0,8.0,9.0,10.0,11.0,12.0,13.0,14.0,15.0,16.0,17.0,19.0,23.0,inferred
Rugby,2021-03-26,4.0,6.0,8.0,8.0,9.0,10.0,11.0,12.0,13.0,14.0,14.0,17.0,20.0,inferred
Rugby,2021-03-27,3.0,4.0,6.0,6.0,7.0,7.0,8.0,9.0,10.0,11.0,11.0,13.0,16.0,inferred
Rugby,2021-03-28,3.0,5.0,6.0,7.0,7.0,8.0,9.0,10.0,11.0,12.0,12.0,14.0,17.0,inferred
Rugby,2021-03-29,4.0,6.0,8.0,8.0,9.0,10.0,11.0,12.0,13.0,14.0,15.0,17.0,20.5,inferred
Rugby,2021-03-30,4.0,6.0,7.0,7.0,8.0,9.0,10.0,11.0,12.0,12.0,13.0,15.0,19.0,inferred
Rugby,2021-03-31,4.0,6.0,7.0,8.0,8.0,9.0,10.0,11.0,12.0,13.0,13.0,15.0,18.0,inferred
Rugby,2021-04-01,3.0,5.0,6.0,6.0,7.0,8.0,9.0,10.0,11.0,11.0,12.0,14.0,16.0,inferred
Rugby,2021-04-02,2.0,4.0,5.0,5.0,6.0,7.0,8.0,8.0,9.0,10.0,10.0,12.0,15.0,inferred
Rugby,2021-04-03,1.0,3.0,4.0,4.0,4.0,5.0,6.0,7.0,7.0,8.0,8.0,10.0,12.0,inferred
Rugby,2021-04-04,2.0,3.0,4.0,5.0,5.0,6.0,7.0,7.0,8.0,9.0,9.0,11.0,14.0,inferred
Rugby,2021-04-05,3.0,4.0,6.0,6.0,6.0,7.0,8.0,9.0,10.0,11.0,11.0,13.0,16.0,inferred
Rugby,2021-04-06,2.0,4.0,5.0,5.0,6.0,7.0,7.0,8.0,9.0,10.0,10.0,12.0,15.0,inferred
Rugby,2021-04-07,2.0,4.0,5.0,5.0,6.0,7.0,8.0,8.0,10.0,10.0,11.0,12.0,15.0,inferred
Rugby,2021-04-08,2.0,3.0,4.0,5.0,5.0,6.0,7.0,7.0,8.0,9.0,9.0,11.0,13.0,inferred
Rugby,2021-04-09,1.0,2.0,3.0,4.0,4.0,5.0,5.0,6.0,7.0,8.0,8.0,10.0,12.0,inferred
Rugby,2021-04-10,1.0,2.0,3.0,3.0,3.0,4.0,4.5,5.0,6.0,6.0,7.0,8.0,11.0,inferred
Rugby,2021-04-11,1.0,2.0,3.0,3.0,4.0,5.0,5.0,6.0,7.0,7.0,8.0,9.0,11.5,inferred
Rugby,2021-04-12,2.0,3.0,4.0,4.0,5.0,6.0,6.0,7.0,8.0,8.0,9.0,11.0,14.0,inferred
Rugby,2021-04-13,1.5,3.0,4.0,4.0,5.0,5.0,6.0,7.0,8.0,8.0,9.0,10.0,13.0,inferred
Rugby,2021-04-14,2.0,3.0,4.0,4.0,5.0,6.0,6.0,7.0,8.0,9.0,9.0,11.0,13.0,inferred
Rugby,2021-04-15,1.0,2.0,3.0,4.0,4.0,5.0,6.0,6.0,7.0,8.0,8.0,10.0,13.0,inferred
Rugby,2021-04-16,1.0,2.0,3.0,4.0,4.0,5.0,5.0,6.0,7.0,7.0,8.0,9.0,12.0,inferred
Rugby,2021-04-17,1.0,2.0,2.0,3.0,3.0,4.0,4.0,5.0,5.0,6.0,6.0,8.0,10.0,inferred
Rugby,2021-04-18,1.0,2.0,3.0,3.0,4.0,4.0,5.0,6.0,6.0,7.0,7.0,9.0,11.0,inferred
Rugby,2021-04-19,1.0,3.0,4.0,5.0,5.0,6.0,6.0,7.0,8.0,9.0,9.0,11.0,13.0,inferred
Rugby,2021-04-20,1.0,3.0,4.0,4.0,5.0,6.0,6.0,7.0,8.0,8.0,9.0,10.0,13.0,inferred
Rugby,2021-04-21,2.0,3.0,4.0,5.0,5.0,6.0,7.0,7.0,8.0,9.0,9.0,11.0,14.0,inferred
Rugby,2021-04-22,2.0,3.0,4.0,4.0,5.0,5.0,6.0,7.0,7.0,8.0,8.0,10.0,13.0,inferred
Rugby,2021-04-23,1.0,2.0,3.0,4.0,4.0,5.0,6.0,6.0,7.0,7.0,8.0,10.0,12.0,inferred
Rugby,2021-04-24,1.0,1.9,2.0,3.0,3.0,4.0,4.0,5.0,6.0,6.0,7.0,8.0,10.0,inferred
Rugby,2021-04-25,1.0,2.0,3.0,3.0,4.0,4.0,5.0,5.0,6.0,7.0,7.0,9.0,11.0,inferred
Rugby,2021-04-26,2.0,3.0,4.0,4.0,5.0,6.0,6.0,7.0,8.0,8.0,9.0,11.0,13.0,inferred
Rugby,2021-04-27,1.0,3.0,4.0,4.0,4.0,5.0,6.0,7.0,8.0,8.0,9.0,10.0,12.0,inferred
Rugby,2021-04-28,1.0,3.0,4.0,4.0,5.0,5.0,6.0,7.0,8.0,8.0,9.0,11.0,14.0,inferred
Rugby,2021-04-29,1.0,2.0,3.0,4.0,4.0,5.0,5.0,6.0,7.0,7.0,8.0,9.0,12.0,inferred
Rugby,2021-04-30,1.0,2.0,3.0,3.0,3.7,4.0,5.0,5.0,6.0,7.0,7.0,8.0,11.0,inferred
Rugby,2021-05-01,0.0,1.0,2.0,2.0,3.0,3.0,4.0,4.0,5.0,5.0,6.0,7.0,9.0,inferred
Rugby,2021-05-02,1.0,2.0,2.0,3.0,3.0,4.0,4.0,5.0,6.0,6.0,7.0,8.0,11.0,inferred
Rugby,2021-05-03,1.0,2.0,3.0,4.0,4.0,5.0,6.0,6.0,7.0,8.0,8.0,10.0,12.0,inferred
Rugby,2021-05-04,1.0,2.0,3.0,4.0,4.0,5.0,5.0,6.0,7.0,7.0,8.0,9.0,12.0,inferred
Rugby,2021-05-05,1.0,2.0,3.0,4.0,4.0,5.0,5.0,6.0,7.0,7.0,8.0,9.0,12.0,inferred
Rugby,2021-05-06,0.5,2.0,3.0,3.0,3.0,4.0,5.0,5.0,6.0,6.0,7.0,8.0,11.0,inferred
Rugby,2021-05-07,1.0,2.0,2.0,3.0,3.0,4.0,4.0,5.0,6.0,6.0,6.0,8.0,10.0,inferred
Rugby,2021-05-08,0.0,1.0,2.0,2.0,2.0,3.0,3.0,4.0,4.0,5.0,5.0,6.0,9.0,inferred
Rugby,2021-05-09,0.0,1.0,2.0,2.0,3.0,3.0,4.0,4.0,5.0,5.0,6.0,7.0,10.0,inferred
Rugby,2021-05-10,1.0,2.0,2.0,3.0,3.0,4.0,4.0,5.0,6.0,6.0,7.0,8.0,11.0,inferred
Rugby,2021-05-11,1.0,1.0,2.0,2.8,3.0,3.0,4.0,5.0,5.0,6.0,6.0,8.0,10.0,inferred
Rugby,2021-05-12,0.0,1.0,2.0,3.0,3.0,3.6,4.0,5.0,5.0,6.0,6.0,8.0,10.0,inferred
Rugby,2021-05-13,0.0,1.0,2.0,2.0,2.0,3.0,3.0,4.0,5.0,5.0,6.0,7.0,9.0,inferred
Rugby,2021-05-14,0.0,1.0,1.0,2.0,2.0,2.0,3.0,4.0,4.0,5.0,5.0,6.0,8.0,inferred
Rugby,2021-05-15,0.0,0.0,1.0,1.0,1.0,2.0,2.0,3.0,3.0,4.0,4.0,5.0,7.0,inferred
Rugby,2021-05-16,0.0,1.0,1.0,1.0,2.0,2.0,2.0,3.0,4.0,4.0,4.0,6.0,7.0,inferred
Rugby,2021-05-17,0.0,1.0,1.0,2.0,2.0,2.0,3.0,3.0,4.0,4.0,5.0,6.0,8.0,inferred
Rugby,2021-05-18,0.0,1.0,1.0,2.0,2.0,2.0,3.0,3.0,4.0,4.0,5.0,6.0,8.0,inferred
Rugby,2021-05-19,0.0,1.0,1.0,2.0,2.0,2.0,3.0,3.0,4.0,4.0,5.0,6.0,8.0,inferred
Rugby,2021-05-20,0.0,1.0,1.0,1.0,1.0,2.0,2.0,3.0,3.0,4.0,4.0,5.0,7.0,inferred
Rugby,2021-05-21,0.0,0.0,1.0,1.0,1.0,2.0,2.0,3.0,3.0,4.0,4.0,5.0,7.0,inferred
Rugby,2021-05-22,0.0,0.0,1.0,1.0,1.0,1.0,2.0,2.0,3.0,3.0,3.0,4.0,6.0,inferred
Rugby,2021-05-23,0.0,0.0,1.0,1.0,1.0,2.0,2.0,3.0,3.0,3.0,4.0,5.0,7.0,inferred
Rugby,2021-05-24,0.0,1.0,1.0,2.0,2.0,2.0,3.0,3.0,4.0,4.0,5.0,6.0,8.0,inferred
Rugby,2021-05-25,0.0,1.0,1.0,2.0,2.0,2.0,3.0,3.0,4.0,4.0,5.0,6.0,8.0,inferred
Rugby,2021-05-26,0.0,1.0,1.0,2.0,2.0,2.0,3.0,4.0,4.0,5.0,5.0,6.0,8.0,inferred
Rugby,2021-05-27,0.0,1.0,1.0,2.0,2.0,2.0,3.0,3.0,4.0,4.0,5.0,6.0,8.0,inferred
Rugby,2021-05-28,0.0,1.0,1.0,2.0,2.0,2.0,3.0,3.0,4.0,4.0,5.0,6.0,8.0,inferred
Rugby,2021-05-29,0.0,1.0,1.0,1.0,1.0,2.0,2.0,3.0,3.0,4.0,4.0,5.0,7.0,inferred
Rugby,2021-05-30,0.0,1.0,2.0,2.0,2.0,3.0,3.0,4.0,4.0,5.0,5.0,6.0,8.0,inferred
Rugby,2021-05-31,0.0,2.0,2.0,3.0,3.0,4.0,4.0,5.0,6.0,6.0,7.0,8.0,10.0,inferred
Rugby,2021-06-01,1.0,2.0,3.0,3.0,3.0,4.0,4.0,5.0,6.0,6.0,7.0,8.0,11.0,inferred
Rugby,2021-06-02,1.0,2.0,3.0,3.0,4.0,4.0,5.0,6.0,7.0,7.0,8.0,9.0,12.0,inferred
Rugby,2021-06-03,1.0,2.0,3.0,3.0,4.0,4.0,5.0,6.0,6.0,7.0,7.0,9.0,11.0,inferred
Rugby,2021-06-04,1.0,2.0,3.0,3.0,4.0,4.0,5.0,6.0,6.0,7.0,7.0,9.0,11.0,inferred
Rugby,2021-06-05,0.0,2.0,2.0,3.0,3.0,4.0,4.0,5.0,6.0,6.0,6.0,8.0,10.0,inferred
Rugby,2021-06-06,1.0,2.0,3.0,3.0,4.0,5.0,5.0,6.0,7.0,7.0,8.0,9.0,12.0,inferred
Rugby,2021-06-07,2.0,3.0,5.0,5.0,6.0,6.0,7.0,8.0,9.0,10.0,10.0,12.0,15.0,inferred
Rugby,2021-06-08,2.0,4.0,5.0,5.0,6.0,6.0,7.0,8.0,9.0,9.0,10.0,12.0,15.0,inferred
Rugby,2021-06-09,3.0,4.0,5.0,6.0,6.0,7.0,8.0,9.0,10.0,10.0,11.0,13.0,16.0,inferred
Rugby,2021-06-10,2.0,3.0,4.0,5.0,5.0,6.0,7.0,8.0,9.0,9.0,10.0,12.0,14.0,inferred
Rugby,2021-06-11,2.0,3.0,4.0,5.0,5.0,6.0,7.0,8.0,8.0,9.0,10.0,11.0,14.0,inferred
Rugby,2021-06-12,1.0,2.0,3.0,4.0,4.0,5.0,6.0,6.0,7.0,8.0,8.0,10.0,13.0,inferred
Rugby,2021-06-13,2.0,3.0,4.0,5.0,5.0,6.0,7.0,8.0,9.0,9.0,10.0,12.0,14.0,inferred
Rugby,2021-06-14,3.0,5.0,7.0,7.0,8.0,9.0,10.0,10.4,12.0,12.0,13.0,15.0,18.0,inferred
Rugby,2021-06-15,4.0,5.0,7.0,8.0,8.0,9.0,10.0,11.0,12.0,13.0,14.0,16.0,18.0,inferred
Rugby,2021-06-16,4.0,6.0,8.0,9.0,9.0,10.0,11.0,12.0,14.0,14.0,15.0,17.0,20.5,inferred
Rugby,2021-06-17,4.0,6.0,8.0,8.0,9.0,10.0,11.0,12.0,13.0,14.0,15.0,17.0,21.0,inferred
Rugby,2021-06-18,4.0,6.0,7.0,8.0,9.0,10.0,11.0,12.0,13.0,14.0,14.0,17.0,21.0,inferred
Runnymede,2021-03-06,0.0,1.0,2.0,2.0,2.0,3.0,4.0,4.0,5.0,6.0,6.0,8.0,11.0,inferred
Runnymede,2021-03-07,1.0,2.0,3.0,3.0,4.0,4.0,5.0,6.0,6.0,7.0,7.0,9.0,12.0,inferred
Runnymede,2021-03-08,1.0,3.0,3.0,4.0,4.0,5.0,6.0,7.0,8.0,8.0,9.0,10.0,14.0,inferred
Runnymede,2021-03-09,1.0,2.0,3.0,4.0,4.0,5.0,6.0,6.0,7.0,8.0,8.0,10.0,13.0,inferred
Runnymede,2021-03-10,1.0,3.0,4.0,4.0,5.0,5.0,6.0,7.0,8.0,8.0,9.0,11.0,14.0,inferred
Runnymede,2021-03-11,1.0,2.0,3.0,4.0,4.0,5.0,6.0,6.4,7.0,8.0,9.0,10.0,13.0,inferred
Runnymede,2021-03-12,1.0,2.0,3.0,3.0,4.0,4.0,5.0,6.0,7.0,7.0,8.0,10.0,13.0,inferred
Runnymede,2021-03-13,0.0,1.0,2.0,3.0,3.0,4.0,4.0,5.0,6.0,6.0,7.0,8.0,11.0,inferred
Runnymede,2021-03-14,1.0,2.0,3.0,3.0,4.0,4.6,5.0,6.0,7.0,8.0,8.0,10.0,13.0,inferred
Runnymede,2021-03-15,1.0,3.0,4.0,5.0,5.0,6.0,7.0,8.0,9.0,9.0,10.0,12.0,15.0,inferred
Runnymede,2021-03-16,2.0,3.0,4.0,4.0,5.0,6.0,6.0,7.0,8.0,9.0,10.0,11.0,14.5,inferred
Runnymede,2021-03-17,2.0,3.0,4.0,5.0,5.0,6.0,7.0,8.0,9.0,9.0,10.0,12.0,16.0,inferred
Runnymede,2021-03-18,1.0,3.0,4.0,4.0,5.0,6.0,6.0,7.0,8.0,9.0,9.0,11.0,14.0,inferred
Runnymede,2021-03-19,1.0,2.0,3.0,3.0,4.0,5.0,6.0,6.0,7.0,8.0,8.0,10.0,13.0,inferred
Runnymede,2021-03-20,0.0,2.0,2.0,3.0,3.0,4.0,4.0,5.0,6.0,6.0,7.0,9.0,11.0,inferred
Runnymede,2021-03-21,1.0,2.0,3.0,3.0,3.7,4.0,5.0,6.0,7.0,7.0,8.0,10.0,13.0,inferred
Runnymede,2021-03-22,2.0,3.0,4.0,4.0,5.0,5.0,6.0,7.0,8.0,9.0,9.0,11.0,15.0,inferred
Runnymede,2021-03-23,1.0,2.0,3.0,4.0,4.0,5.0,5.5,6.0,7.0,8.0,9.0,11.0,13.0,inferred
Runnymede,2021-03-24,1.0,2.0,3.0,4.0,4.0,5.0,6.0,6.0,7.0,8.0,8.0,10.0,14.0,inferred
Runnymede,2021-03-25,1.0,2.0,3.0,3.0,3.0,4.0,5.0,5.0,6.0,7.0,7.0,9.0,12.0,inferred
Runnymede,2021-03-26,0.0,1.0,2.0,2.0,2.7,3.0,4.0,4.0,5.0,5.2,6.0,7.0,11.0,inferred
Runnymede,2021-03-27,0.0,1.0,1.0,1.0,2.0,2.0,3.0,3.0,4.0,4.0,5.0,6.0,8.0,inferred
Runnymede,2021-03-28,0.0,1.0,1.0,2.0,2.0,2.0,3.0,4.0,4.0,5.0,5.0,7.0,9.0,inferred
Runnymede,2021-03-29,0.0,1.0,2.0,2.0,2.0,3.0,4.0,4.0,5.0,5.0,6.0,7.0,10.0,inferred
Runnymede,2021-03-30,0.0,1.0,2.0,2.0,2.0,3.0,3.0,4.0,5.0,5.0,6.0,7.0,10.0,inferred
Runnymede,2021-03-31,0.0,1.0,1.0,2.0,2.0,3.0,3.0,4.0,5.0,5.0,6.0,7.0,10.0,inferred
Runnymede,2021-04-01,0.0,0.0,1.0,1.0,1.0,2.0,3.0,3.0,4.0,4.0,5.0,6.0,9.0,inferred
Runnymede,2021-04-02,0.0,0.0,1.0,1.0,1.0,2.0,2.0,3.0,3.0,4.0,4.0,5.0,7.0,inferred
Runnymede,2021-04-03,0.0,0.0,0.0,1.0,1.0,1.0,1.5,2.0,3.0,3.0,3.0,4.0,7.0,inferred
Runnymede,2021-04-04,0.0,0.0,1.0,1.0,1.0,1.0,2.0,2.0,3.0,3.0,4.0,5.0,7.0,inferred
Runnymede,2021-04-05,0.0,0.0,1.0,1.0,1.0,2.0,2.0,3.0,3.0,4.0,4.0,6.0,8.0,inferred
Runnymede,2021-04-06,0.0,0.0,1.0,1.0,1.0,2.0,2.0,2.0,3.0,3.0,4.0,5.0,7.0,inferred
Runnymede,2021-04-07,0.0,0.0,1.0,1.0,1.0,2.0,2.0,3.0,3.0,4.0,4.0,5.0,7.0,inferred
Runnymede,2021-04-08,0.0,0.0,1.0,1.0,1.0,1.0,2.0,2.0,3.0,3.0,4.0,5.0,7.0,inferred
Runnymede,2021-04-09,0.0,0.0,0.0,1.0,1.0,1.0,2.0,2.0,3.0,3.0,3.0,5.0,7.0,inferred
Runnymede,2021-04-10,0.0,0.0,0.0,0.0,1.0,1.0,1.0,2.0,2.0,2.0,3.0,4.0,5.5,inferred
Runnymede,2021-04-11,0.0,0.0,0.0,1.0,1.0,1.0,2.0,2.0,2.3,3.0,3.0,4.0,7.0,inferred
Runnymede,2021-04-12,0.0,0.0,1.0,1.0,1.0,1.0,2.0,2.0,3.0,3.0,4.0,5.0,7.0,inferred
Runnymede,2021-04-13,0.0,0.0,1.0,1.0,1.0,1.0,2.0,2.0,3.0,3.0,3.0,5.0,7.0,inferred
Runnymede,2021-04-14,0.0,0.0,1.0,1.0,1.0,1.0,2.0,2.0,3.0,3.0,3.0,5.0,7.0,inferred
Runnymede,2021-04-15,0.0,0.0,0.0,1.0,1.0,1.0,2.0,2.0,3.0,3.0,4.0,5.0,7.0,inferred
Runnymede,2021-04-16,0.0,0.0,0.0,0.0,1.0,1.0,1.0,2.0,2.0,3.0,3.0,4.0,6.0,inferred
Runnymede,2021-04-17,0.0,0.0,0.0,0.0,1.0,1.0,1.0,2.0,2.0,2.0,3.0,4.0,6.0,inferred
Runnymede,2021-04-18,0.0,0.0,0.0,1.0,1.0,1.0,1.0,2.0,2.0,3.0,3.0,4.0,6.0,inferred
Runnymede,2021-04-19,0.0,0.0,1.0,1.0,1.0,2.0,2.0,3.0,3.0,3.0,4.0,5.0,7.0,inferred
Runnymede,2021-04-20,0.0,0.0,1.0,1.0,1.0,1.0,2.0,2.0,3.0,3.0,4.0,5.0,7.0,inferred
Runnymede,2021-04-21,0.0,0.0,1.0,1.0,1.0,1.0,2.0,2.0,3.0,3.0,4.0,5.0,7.0,inferred
Runnymede,2021-04-22,0.0,0.0,1.0,1.0,1.0,1.0,2.0,2.0,3.0,3.0,3.0,4.0,6.0,inferred
Runnymede,2021-04-23,0.0,0.0,0.0,0.0,1.0,1.0,1.0,2.0,2.0,3.0,3.0,4.0,6.0,inferred
Runnymede,2021-04-24,0.0,0.0,0.0,0.0,0.0,1.0,1.0,1.0,2.0,2.0,2.0,3.0,5.0,inferred
Runnymede,2021-04-25,0.0,0.0,0.0,0.0,1.0,1.0,1.0,2.0,2.0,2.0,3.0,4.0,6.0,inferred
Runnymede,2021-04-26,0.0,0.0,0.0,0.0,1.0,1.0,1.0,2.0,2.0,3.0,3.0,4.0,7.0,inferred
Runnymede,2021-04-27,0.0,0.0,0.0,0.0,1.0,1.0,1.0,2.0,2.0,2.0,3.0,4.0,6.0,inferred
Runnymede,2021-04-28,0.0,0.0,0.0,0.0,0.0,1.0,1.0,2.0,2.0,2.0,3.0,4.0,6.0,inferred
Runnymede,2021-04-29,0.0,0.0,0.0,0.0,0.0,1.0,1.0,1.0,2.0,2.0,3.0,4.0,5.0,inferred
Runnymede,2021-04-30,0.0,0.0,0.0,0.0,0.0,0.0,1.0,1.0,1.3,2.0,2.0,3.0,5.0,inferred
Runnymede,2021-05-01,0.0,0.0,0.0,0.0,0.0,0.0,1.0,1.0,1.0,1.0,2.0,3.0,4.0,inferred
Runnymede,2021-05-02,0.0,0.0,0.0,0.0,0.0,0.0,1.0,1.0,2.0,2.0,2.0,3.0,5.0,inferred
Runnymede,2021-05-03,0.0,0.0,0.0,0.0,0.0,1.0,1.0,1.0,2.0,2.0,2.0,3.0,5.0,inferred
Runnymede,2021-05-04,0.0,0.0,0.0,0.0,0.0,1.0,1.0,1.0,2.0,2.0,2.0,3.0,5.0,inferred
Runnymede,2021-05-05,0.0,0.0,0.0,0.0,0.0,1.0,1.0,1.0,2.0,2.0,2.0,3.0,5.0,inferred
Runnymede,2021-05-06,0.0,0.0,0.0,0.0,0.0,0.0,1.0,1.0,1.0,2.0,2.0,3.0,5.0,inferred
Runnymede,2021-05-07,0.0,0.0,0.0,0.0,0.0,0.0,1.0,1.0,1.0,2.0,2.0,3.0,4.0,inferred
Runnymede,2021-05-08,0.0,0.0,0.0,0.0,0.0,0.0,0.0,1.0,1.0,1.0,1.0,2.0,4.0,inferred
Runnymede,2021-05-09,0.0,0.0,0.0,0.0,0.0,0.0,1.0,1.0,1.0,1.0,2.0,2.0,4.0,inferred
Runnymede,2021-05-10,0.0,0.0,0.0,0.0,0.0,0.0,1.0,1.0,1.0,2.0,2.0,3.0,4.0,inferred
Runnymede,2021-05-11,0.0,0.0,0.0,0.0,0.0,0.0,1.0,1.0,1.0,2.0,2.0,3.0,4.0,inferred
Runnymede,2021-05-12,0.0,0.0,0.0,0.0,0.0,0.0,1.0,1.0,1.0,2.0,2.0,3.0,4.0,inferred
Runnymede,2021-05-13,0.0,0.0,0.0,0.0,0.0,0.0,1.0,1.0,1.0,1.0,2.0,3.0,4.0,inferred
Runnymede,2021-05-14,0.0,0.0,0.0,0.0,0.0,0.0,0.0,1.0,1.0,1.0,2.0,2.0,4.0,inferred
Runnymede,2021-05-15,0.0,0.0,0.0,0.0,0.0,0.0,0.0,1.0,1.0,1.0,1.0,2.0,4.0,inferred
Runnymede,2021-05-16,0.0,0.0,0.0,0.0,0.0,0.0,0.0,1.0,1.0,1.0,1.0,2.0,4.0,inferred
Runnymede,2021-05-17,0.0,0.0,0.0,0.0,0.0,0.0,1.0,1.0,1.0,2.0,2.0,3.0,4.0,inferred
Runnymede,2021-05-18,0.0,0.0,0.0,0.0,0.0,0.0,1.0,1.0,1.0,2.0,2.0,3.0,5.0,inferred
Runnymede,2021-05-19,0.0,0.0,0.0,0.0,0.0,1.0,1.0,1.0,2.0,2.0,2.0,3.0,5.0,inferred
Runnymede,2021-05-20,0.0,0.0,0.0,0.0,0.0,1.0,1.0,1.0,2.0,2.0,2.0,3.0,5.0,inferred
Runnymede,2021-05-21,0.0,0.0,0.0,0.0,0.0,0.0,1.0,1.0,2.0,2.0,2.0,3.0,5.0,inferred
Runnymede,2021-05-22,0.0,0.0,0.0,0.0,0.0,0.0,1.0,1.0,1.0,2.0,2.0,3.0,4.0,inferred
Runnymede,2021-05-23,0.0,0.0,0.0,0.0,0.0,1.0,1.0,1.0,2.0,2.0,2.0,4.0,5.0,inferred
Runnymede,2021-05-24,0.0,0.0,0.0,0.0,1.0,1.0,1.0,2.0,2.0,3.0,3.0,4.0,6.0,inferred
Runnymede,2021-05-25,0.0,0.0,0.0,1.0,1.0,1.0,2.0,2.0,3.0,3.0,3.0,4.0,6.0,inferred
Runnymede,2021-05-26,0.0,0.0,1.0,1.0,1.0,1.0,2.0,2.0,3.0,3.0,4.0,5.0,7.0,inferred
Runnymede,2021-05-27,0.0,0.0,1.0,1.0,1.0,1.0,2.0,2.0,3.0,3.0,4.0,5.0,7.0,inferred
Runnymede,2021-05-28,0.0,0.0,1.0,1.0,1.0,1.0,2.0,2.0,3.0,3.0,4.0,5.0,6.5,inferred
Runnymede,2021-05-29,0.0,0.0,0.0,1.0,1.0,1.0,2.0,2.0,3.0,3.0,3.0,4.0,6.0,inferred
Runnymede,2021-05-30,0.0,0.0,1.0,1.0,1.0,2.0,2.0,3.0,3.0,4.0,4.0,5.0,8.0,inferred
Runnymede,2021-05-31,0.0,1.0,1.0,2.0,2.0,2.0,3.0,3.0,4.0,5.0,5.0,6.0,9.0,inferred
Runnymede,2021-06-01,0.0,1.0,1.0,2.0,2.0,3.0,3.0,4.0,5.0,5.0,5.0,7.0,9.0,inferred
Runnymede,2021-06-02,0.0,1.0,2.0,2.0,2.0,3.0,4.0,4.0,5.0,6.0,6.0,8.0,11.0,inferred
Runnymede,2021-06-03,0.0,1.0,2.0,2.0,2.0,3.0,4.0,4.0,5.0,6.0,6.0,8.0,10.0,inferred
Runnymede,2021-06-04,0.0,1.0,2.0,2.0,2.0,3.0,4.0,4.0,5.0,5.0,6.0,7.0,10.0,inferred
Runnymede,2021-06-05,0.0,1.0,1.8,2.0,2.0,3.0,3.0,4.0,5.0,5.0,6.0,7.0,9.0,inferred
Runnymede,2021-06-06,0.0,1.0,2.0,3.0,3.0,3.0,4.0,5.0,6.0,6.0,7.0,8.0,11.0,inferred
Runnymede,2021-06-07,1.0,2.0,3.0,4.0,4.0,5.0,6.0,6.0,7.0,8.0,8.0,10.0,13.0,inferred
Runnymede,2021-06-08,1.0,2.0,3.0,4.0,4.0,5.0,6.0,7.0,8.0,8.0,9.0,11.0,14.0,inferred
Runnymede,2021-06-09,1.0,3.0,4.0,4.0,5.0,6.0,6.0,7.0,8.0,9.0,9.0,11.0,15.0,inferred
Runnymede,2021-06-10,1.0,3.0,4.0,4.0,5.0,6.0,6.0,7.0,8.0,9.0,10.0,11.0,14.0,inferred
Runnymede,2021-06-11,1.0,3.0,4.0,4.0,4.0,5.0,6.0,7.0,8.0,8.0,9.0,11.0,13.0,inferred
Runnymede,2021-06-12,1.0,2.0,3.0,3.0,4.0,4.0,5.0,6.0,7.0,7.0,8.0,9.0,13.0,inferred
Runnymede,2021-06-13,1.0,3.0,4.0,4.0,5.0,6.0,6.0,7.0,8.0,9.0,9.0,11.0,14.0,inferred
Runnymede,2021-06-14,2.0,4.0,5.0,6.0,6.0,7.0,8.0,9.0,10.0,11.0,11.0,13.0,17.0,inferred
Runnymede,2021-06-15,2.0,4.0,5.0,6.0,6.0,7.0,8.0,9.0,10.0,11.0,11.0,13.0,17.0,inferred
Runnymede,2021-06-16,2.0,4.0,5.0,6.0,6.0,7.0,8.0,9.0,11.0,11.0,12.0,14.0,19.0,inferred
Runnymede,2021-06-17,2.0,4.0,5.0,5.0,6.0,7.0,8.0,9.0,10.0,10.0,11.0,13.0,17.0,inferred
Runnymede,2021-06-18,1.0,3.0,4.0,5.0,5.0,6.0,7.0,8.0,9.0,10.0,10.0,12.0,15.0,inferred
Rushcliffe,2021-03-06,3.0,4.0,6.0,6.0,7.0,8.0,9.0,10.0,11.0,12.0,12.0,14.0,17.0,inferred
Rushcliffe,2021-03-07,3.0,5.0,7.0,8.0,8.0,9.0,10.0,11.0,12.0,13.0,14.0,16.0,19.0,inferred
Rushcliffe,2021-03-08,5.0,7.0,9.0,9.0,10.0,11.0,12.0,13.0,15.0,16.0,17.0,19.0,23.0,inferred
Rushcliffe,2021-03-09,4.0,6.0,8.0,9.0,9.0,10.0,11.0,12.0,14.0,15.0,16.0,18.0,21.0,inferred
Rushcliffe,2021-03-10,4.0,6.0,8.0,8.0,9.0,10.0,11.0,12.0,14.0,14.0,15.0,17.0,22.0,inferred
Rushcliffe,2021-03-11,3.0,5.0,6.0,7.0,8.0,9.0,9.0,11.0,12.0,12.0,13.0,15.0,19.0,inferred
Rushcliffe,2021-03-12,3.0,4.0,6.0,6.0,6.0,8.0,8.0,9.0,11.0,11.0,12.0,14.0,17.0,inferred
Rushcliffe,2021-03-13,1.0,3.0,4.0,4.0,5.0,5.0,6.0,7.0,8.0,8.2,9.0,11.0,14.0,inferred
Rushcliffe,2021-03-14,2.0,3.0,5.0,5.0,5.0,6.0,7.0,8.0,9.0,9.0,10.0,12.0,15.0,inferred
Rushcliffe,2021-03-15,3.0,4.0,6.0,6.0,7.0,8.0,9.0,10.0,11.0,11.0,12.0,14.0,18.0,inferred
Rushcliffe,2021-03-16,2.0,4.0,5.0,5.0,6.0,7.0,8.0,9.0,10.0,10.0,11.0,13.0,16.0,inferred
Rushcliffe,2021-03-17,2.0,4.0,5.0,5.0,6.0,7.0,8.0,8.0,9.0,10.0,11.0,13.0,16.0,inferred
Rushcliffe,2021-03-18,1.0,3.0,4.0,4.0,5.0,6.0,7.0,7.0,8.0,9.0,9.0,11.0,14.0,inferred
Rushcliffe,2021-03-19,1.0,2.0,3.0,4.0,4.0,5.0,5.0,6.0,7.0,8.0,8.0,10.0,13.0,inferred
Rushcliffe,2021-03-20,0.0,1.0,2.0,2.0,3.0,3.0,4.0,5.0,6.0,6.0,7.0,8.0,11.0,inferred
Rushcliffe,2021-03-21,1.0,1.0,2.0,3.0,3.0,4.0,4.0,5.0,6.0,7.0,7.0,9.0,11.5,inferred
Rushcliffe,2021-03-22,1.0,2.0,3.0,4.0,4.0,5.0,5.0,6.0,7.0,8.0,8.0,10.0,13.0,inferred
Rushcliffe,2021-03-23,1.0,2.0,3.0,3.0,4.0,4.0,5.0,6.0,7.0,7.0,8.0,9.0,12.5,inferred
Rushcliffe,2021-03-24,1.0,2.0,3.0,3.0,4.0,4.0,5.0,6.0,6.0,7.0,7.0,9.0,11.0,inferred
Rushcliffe,2021-03-25,0.0,1.0,2.0,2.0,3.0,3.0,4.0,5.0,6.0,6.0,6.0,8.0,11.0,inferred
Rushcliffe,2021-03-26,0.0,1.0,2.0,2.0,2.0,3.0,3.0,4.0,5.0,5.0,6.0,7.0,10.0,inferred
Rushcliffe,2021-03-27,0.0,0.0,1.0,1.0,1.0,2.0,2.0,3.0,3.0,4.0,4.0,6.0,8.0,inferred
Rushcliffe,2021-03-28,0.0,1.0,1.0,1.0,2.0,2.0,3.0,3.0,4.0,4.0,5.0,6.0,8.0,inferred
Rushcliffe,2021-03-29,0.0,1.0,2.0,2.0,2.0,3.0,3.0,4.0,5.0,5.0,6.0,7.0,9.0,inferred
Rushcliffe,2021-03-30,0.0,1.0,1.0,2.0,2.0,2.0,3.0,4.0,4.0,5.0,5.0,6.0,9.0,inferred
Rushcliffe,2021-03-31,0.0,1.0,1.0,2.0,2.0,2.0,3.0,3.0,4.0,5.0,5.0,6.0,9.0,inferred
Rushcliffe,2021-04-01,0.0,0.0,1.0,1.0,1.0,2.0,2.0,3.0,4.0,4.0,4.0,5.0,7.0,inferred
Rushcliffe,2021-04-02,0.0,0.0,1.0,1.0,1.0,2.0,2.0,3.0,3.0,3.0,4.0,5.0,7.0,inferred
Rushcliffe,2021-04-03,0.0,0.0,0.0,0.0,1.0,1.0,1.0,2.0,2.0,3.0,3.0,4.0,6.0,inferred
Rushcliffe,2021-04-04,0.0,0.0,0.0,1.0,1.0,1.0,2.0,2.0,2.0,3.0,3.0,4.0,6.0,inferred
Rushcliffe,2021-04-05,0.0,0.0,1.0,1.0,1.0,1.0,2.0,2.0,3.0,3.0,4.0,5.0,7.0,inferred
Rushcliffe,2021-04-06,0.0,0.0,0.0,1.0,1.0,1.0,2.0,2.0,3.0,3.0,4.0,5.0,7.0,inferred
Rushcliffe,2021-04-07,0.0,0.0,1.0,1.0,1.0,1.0,2.0,2.0,3.0,3.0,4.0,5.0,7.0,inferred
Rushcliffe,2021-04-08,0.0,0.0,0.0,1.0,1.0,1.0,2.0,2.0,3.0,3.0,3.0,4.0,6.0,inferred
Rushcliffe,2021-04-09,0.0,0.0,0.0,0.0,1.0,1.0,1.0,2.0,2.0,2.2,3.0,4.0,6.0,inferred
Rushcliffe,2021-04-10,0.0,0.0,0.0,0.0,0.0,1.0,1.0,1.0,2.0,2.0,2.2,3.0,6.0,inferred
Rushcliffe,2021-04-11,0.0,0.0,0.0,0.0,1.0,1.0,1.0,2.0,2.0,2.0,3.0,4.0,6.0,inferred
Rushcliffe,2021-04-12,0.0,0.0,0.0,1.0,1.0,1.0,2.0,2.0,3.0,3.0,3.0,5.0,6.0,inferred
Rushcliffe,2021-04-13,0.0,0.0,0.0,1.0,1.0,1.0,2.0,2.0,3.0,3.0,3.0,5.0,6.0,inferred
Rushcliffe,2021-04-14,0.0,0.0,1.0,1.0,1.0,1.0,2.0,2.0,3.0,3.0,4.0,5.0,7.0,inferred
Rushcliffe,2021-04-15,0.0,0.0,0.0,1.0,1.0,1.0,2.0,2.0,3.0,3.0,3.0,4.0,6.0,inferred
Rushcliffe,2021-04-16,0.0,0.0,0.0,1.0,1.0,1.0,1.0,2.0,2.0,3.0,3.0,4.0,6.0,inferred
Rushcliffe,2021-04-17,0.0,0.0,0.0,0.0,0.0,1.0,1.0,1.0,2.0,2.0,2.0,3.0,5.0,inferred
Rushcliffe,2021-04-18,0.0,0.0,0.0,0.0,1.0,1.0,1.0,2.0,2.0,3.0,3.0,4.0,6.0,inferred
Rushcliffe,2021-04-19,0.0,0.0,0.0,1.0,1.0,1.0,2.0,2.0,3.0,3.0,3.0,5.0,7.0,inferred
Rushcliffe,2021-04-20,0.0,0.0,1.0,1.0,1.0,1.0,2.0,2.0,3.0,3.0,3.0,5.0,7.0,inferred
Rushcliffe,2021-04-21,0.0,0.0,1.0,1.0,1.0,1.0,2.0,2.0,3.0,3.0,4.0,5.0,7.0,inferred
Rushcliffe,2021-04-22,0.0,0.0,0.0,1.0,1.0,1.0,2.0,2.0,3.0,3.0,3.0,4.0,6.0,inferred
Rushcliffe,2021-04-23,0.0,0.0,0.0,1.0,1.0,1.0,2.0,2.0,2.0,3.0,3.0,4.0,6.0,inferred
Rushcliffe,2021-04-24,0.0,0.0,0.0,0.0,0.0,1.0,1.0,2.0,2.0,2.0,3.0,4.0,5.0,inferred
Rushcliffe,2021-04-25,0.0,0.0,0.0,1.0,1.0,1.0,1.0,2.0,2.0,3.0,3.0,4.0,6.0,inferred
Rushcliffe,2021-04-26,0.0,0.0,1.0,1.0,1.0,1.0,2.0,2.0,3.0,3.0,3.0,5.0,7.0,inferred
Rushcliffe,2021-04-27,0.0,0.0,0.0,1.0,1.0,1.0,2.0,2.0,3.0,3.0,3.0,4.0,7.0,inferred
Rushcliffe,2021-04-28,0.0,0.0,1.0,1.0,1.0,1.0,2.0,2.0,3.0,3.0,4.0,5.0,7.0,inferred
Rushcliffe,2021-04-29,0.0,0.0,0.0,1.0,1.0,1.0,2.0,2.0,3.0,3.0,3.0,5.0,7.0,inferred
Rushcliffe,2021-04-30,0.0,0.0,0.0,1.0,1.0,1.0,2.0,2.0,2.0,3.0,3.0,4.0,6.0,inferred
Rushcliffe,2021-05-01,0.0,0.0,0.0,0.0,1.0,1.0,1.0,2.0,2.0,2.0,3.0,4.0,6.0,inferred
Rushcliffe,2021-05-02,0.0,0.0,0.0,1.0,1.0,1.0,2.0,2.0,3.0,3.0,3.0,4.0,6.0,inferred
Rushcliffe,2021-05-03,0.0,0.0,1.0,1.0,1.0,2.0,2.0,3.0,3.0,4.0,4.0,5.1,8.0,inferred
Rushcliffe,2021-05-04,0.0,0.0,1.0,1.0,1.0,2.0,2.0,3.0,3.0,4.0,4.0,5.0,7.0,inferred
Rushcliffe,2021-05-05,0.0,0.0,1.0,1.0,1.0,2.0,2.0,3.0,4.0,4.0,4.0,6.0,8.0,inferred
Rushcliffe,2021-05-06,0.0,0.0,1.0,1.0,1.0,2.0,2.0,3.0,3.0,4.0,4.0,5.0,8.0,inferred
Rushcliffe,2021-05-07,0.0,0.0,1.0,1.0,1.0,2.0,2.0,3.0,3.0,4.0,4.0,5.0,8.0,inferred
Rushcliffe,2021-05-08,0.0,0.0,0.0,1.0,1.0,1.0,2.0,2.0,3.0,3.0,3.0,4.0,6.0,inferred
Rushcliffe,2021-05-09,0.0,0.0,1.0,1.0,1.0,2.0,2.0,3.0,3.0,3.0,4.0,5.0,7.0,inferred
Rushcliffe,2021-05-10,0.0,1.0,1.0,1.0,2.0,2.0,3.0,3.0,4.0,4.0,5.0,6.0,8.0,inferred
Rushcliffe,2021-05-11,0.0,1.0,1.0,1.0,2.0,2.0,3.0,3.0,4.0,4.0,5.0,6.0,9.0,inferred
Rushcliffe,2021-05-12,0.0,1.0,1.0,2.0,2.0,2.0,3.0,3.0,4.0,4.0,5.0,6.0,8.0,inferred
Rushcliffe,2021-05-13,0.0,0.0,1.0,1.0,1.0,2.0,2.0,3.0,4.0,4.0,4.0,6.0,7.0,inferred
Rushcliffe,2021-05-14,0.0,0.0,1.0,1.0,1.0,2.0,2.0,3.0,3.0,4.0,4.0,6.0,8.0,inferred
Rushcliffe,2021-05-15,0.0,0.0,1.0,1.0,1.0,1.0,2.0,2.0,3.0,3.0,4.0,5.0,7.0,inferred
Rushcliffe,2021-05-16,0.0,0.0,1.0,1.0,1.0,2.0,2.0,3.0,3.0,3.0,4.0,5.0,7.0,inferred
Rushcliffe,2021-05-17,0.0,1.0,1.0,1.0,2.0,2.0,3.0,3.0,4.0,4.0,5.0,6.0,8.0,inferred
Rushcliffe,2021-05-18,0.0,0.0,1.0,1.0,2.0,2.0,2.0,3.0,4.0,4.0,4.0,6.0,8.0,inferred
Rushcliffe,2021-05-19,0.0,1.0,1.0,1.0,2.0,2.0,3.0,3.0,4.0,4.0,5.0,6.0,9.0,inferred
Rushcliffe,2021-05-20,0.0,1.0,1.0,1.0,2.0,2.0,2.0,3.0,4.0,4.0,5.0,6.0,8.0,inferred
Rushcliffe,2021-05-21,0.0,0.0,1.0,1.0,1.0,2.0,2.0,3.0,3.0,4.0,4.0,5.0,8.0,inferred
Rushcliffe,2021-05-22,0.0,0.0,1.0,1.0,1.0,1.0,2.0,2.0,3.0,3.0,4.0,5.0,7.0,inferred
Rushcliffe,2021-05-23,0.0,0.0,1.0,1.0,1.0,2.0,2.0,2.0,3.0,3.0,4.0,5.0,7.0,inferred
Rushcliffe,2021-05-24,0.0,1.0,1.0,1.0,2.0,2.0,3.0,3.0,4.0,4.0,5.0,6.0,9.0,inferred
Rushcliffe,2021-05-25,0.0,1.0,1.0,1.0,2.0,2.0,3.0,3.0,4.0,4.0,5.0,6.0,8.0,inferred
Rushcliffe,2021-05-26,0.0,1.0,1.0,2.0,2.0,3.0,3.0,4.0,4.0,5.0,5.0,7.0,9.0,inferred
Rushcliffe,2021-05-27,0.0,1.0,1.0,2.0,2.0,3.0,3.0,4.0,4.3,5.0,5.0,7.0,9.0,inferred
Rushcliffe,2021-05-28,0.0,1.0,1.0,2.0,2.0,3.0,3.0,4.0,4.0,5.0,5.0,7.0,9.0,inferred
Rushcliffe,2021-05-29,0.0,1.0,1.0,1.0,2.0,2.0,3.0,3.0,4.0,4.0,5.0,6.0,9.0,inferred
Rushcliffe,2021-05-30,0.0,1.0,2.0,2.0,2.0,3.0,4.0,4.0,5.0,5.0,6.0,8.0,10.0,inferred
Rushcliffe,2021-05-31,1.0,2.0,3.0,3.0,4.0,5.0,5.0,6.0,7.0,7.0,8.0,10.0,13.0,inferred
Rushcliffe,2021-06-01,1.0,2.9,4.0,4.0,4.0,5.0,6.0,7.0,8.0,8.0,9.0,11.0,14.0,inferred
Rushcliffe,2021-06-02,2.0,3.0,5.0,5.0,6.0,6.6,7.0,8.0,9.0,10.0,11.0,12.0,16.0,inferred
Rushcliffe,2021-06-03,2.0,4.0,5.0,5.0,6.0,7.0,8.0,8.0,9.0,10.0,11.0,12.0,15.0,inferred
Rushcliffe,2021-06-04,2.0,4.0,5.0,5.0,6.0,7.0,8.0,9.0,10.0,11.0,11.0,13.0,17.0,inferred
Rushcliffe,2021-06-05,2.0,3.0,4.0,5.0,5.0,6.0,7.0,8.0,9.0,9.0,10.0,12.0,16.0,inferred
Rushcliffe,2021-06-06,3.0,5.0,6.0,7.0,7.0,8.0,9.0,10.0,12.0,12.0,13.0,15.0,19.0,inferred
Rushcliffe,2021-06-07,5.0,8.0,10.0,11.0,11.0,12.0,13.0,15.0,16.0,17.0,18.0,21.0,24.0,inferred
Rushcliffe,2021-06-08,7.0,9.0,11.0,12.0,12.0,14.0,15.0,16.0,18.0,18.0,19.0,22.0,26.0,inferred
Rushcliffe,2021-06-09,8.0,11.0,13.0,14.0,15.0,16.0,17.0,19.0,21.0,22.0,23.0,26.0,30.0,inferred
Rushcliffe,2021-06-10,8.0,11.0,13.0,14.0,15.0,16.0,17.0,19.0,21.0,22.0,22.0,25.0,29.0,inferred
Rushcliffe,2021-06-11,8.0,11.0,13.0,14.0,15.0,16.0,17.0,19.0,20.0,21.0,22.0,25.0,30.0,inferred
Rushcliffe,2021-06-12,7.0,9.0,11.0,12.0,13.0,14.0,15.0,17.0,18.0,19.0,20.0,22.0,26.0,inferred
Rushcliffe,2021-06-13,10.0,13.0,15.0,16.0,17.0,18.0,20.0,21.0,23.0,23.0,24.0,27.0,32.0,inferred
Rushcliffe,2021-06-14,15.0,19.0,22.0,22.0,23.0,25.0,27.0,29.0,31.0,32.0,33.0,36.0,42.5,inferred
Rushcliffe,2021-06-15,16.0,20.0,23.0,24.0,25.0,27.0,29.0,30.0,32.0,34.0,35.0,38.0,44.0,inferred
Rushcliffe,2021-06-16,20.0,24.0,27.0,28.0,30.0,31.0,33.0,35.0,37.0,39.0,40.0,44.0,50.0,inferred
Rushcliffe,2021-06-17,19.0,23.0,27.0,28.0,29.0,31.0,33.0,35.0,37.0,38.0,39.0,43.0,49.0,inferred
Rushcliffe,2021-06-18,19.0,23.0,26.0,27.0,28.0,31.0,33.0,35.0,37.0,39.0,40.0,44.0,50.0,inferred
Rushmoor,2021-03-06,0.0,1.0,2.0,2.0,2.0,3.0,3.0,4.0,5.0,5.0,5.0,7.0,9.0,inferred
Rushmoor,2021-03-07,0.0,1.0,2.0,2.0,3.0,3.0,4.0,5.0,5.0,6.0,6.0,8.0,10.0,inferred
Rushmoor,2021-03-08,0.5,2.0,2.0,3.0,3.0,4.0,5.0,5.0,6.0,6.0,7.0,9.0,11.0,inferred
Rushmoor,2021-03-09,0.0,1.0,2.0,3.0,3.0,4.0,4.0,5.0,6.0,6.0,7.0,8.0,10.0,inferred
Rushmoor,2021-03-10,1.0,2.0,2.0,3.0,3.0,4.0,4.0,5.0,6.0,6.0,6.0,8.0,10.0,inferred
Rushmoor,2021-03-11,0.0,1.0,2.0,2.0,3.0,3.0,4.0,4.0,5.0,5.0,6.0,7.0,10.0,inferred
Rushmoor,2021-03-12,0.0,1.0,2.0,2.0,2.0,3.0,3.0,4.0,5.0,5.0,6.0,7.0,10.0,inferred
Rushmoor,2021-03-13,0.0,1.0,1.0,2.0,2.0,2.0,3.0,3.0,4.0,4.0,5.0,6.0,8.0,inferred
Rushmoor,2021-03-14,0.0,1.0,2.0,2.0,2.0,3.0,3.0,4.0,5.0,5.0,6.0,7.0,9.0,inferred
Rushmoor,2021-03-15,0.0,1.0,2.0,3.0,3.0,3.0,4.0,5.0,6.0,6.0,6.0,8.0,10.5,inferred
Rushmoor,2021-03-16,0.0,1.0,2.0,3.0,3.0,3.0,4.0,5.0,5.0,6.0,6.0,8.0,10.0,inferred
Rushmoor,2021-03-17,0.0,1.0,2.0,2.0,3.0,3.0,4.0,5.0,5.0,6.0,6.0,8.0,11.0,inferred
Rushmoor,2021-03-18,0.0,1.0,2.0,2.0,2.0,3.0,4.0,4.0,5.0,5.0,6.0,7.0,10.0,inferred
Rushmoor,2021-03-19,0.0,1.0,1.0,2.0,2.0,2.0,3.0,3.0,4.0,5.0,5.0,6.0,9.0,inferred
Rushmoor,2021-03-20,0.0,0.0,1.0,1.0,1.0,2.0,2.0,3.0,4.0,4.0,4.0,5.0,8.0,inferred
Rushmoor,2021-03-21,0.0,1.0,1.0,2.0,2.0,2.0,3.0,3.0,4.0,4.0,5.0,6.0,8.0,inferred
Rushmoor,2021-03-22,0.0,1.0,2.0,2.0,2.0,3.0,4.0,4.0,5.0,5.0,6.0,7.0,9.0,inferred
Rushmoor,2021-03-23,0.0,1.0,2.0,2.0,2.0,3.0,3.0,4.0,5.0,5.0,6.0,7.0,9.0,inferred
Rushmoor,2021-03-24,0.0,1.0,2.0,2.0,2.0,3.0,3.0,4.0,5.0,5.0,6.0,7.0,10.0,inferred
Rushmoor,2021-03-25,0.0,1.0,1.0,2.0,2.0,2.0,3.0,3.0,4.0,5.0,5.0,6.0,8.0,inferred
Rushmoor,2021-03-26,0.0,1.0,1.0,1.0,2.0,2.0,3.0,3.0,4.0,4.0,5.0,6.0,8.0,inferred
Rushmoor,2021-03-27,0.0,0.0,1.0,1.0,1.0,2.0,2.0,3.0,3.0,3.0,4.0,5.0,7.0,inferred
Rushmoor,2021-03-28,0.0,0.0,1.0,1.0,1.0,2.0,2.0,3.0,3.0,4.0,4.0,5.0,7.0,inferred
Rushmoor,2021-03-29,0.0,0.0,1.0,1.0,2.0,2.0,3.0,3.0,4.0,4.0,5.0,6.0,8.0,inferred
Rushmoor,2021-03-30,0.0,1.0,1.0,1.0,2.0,2.0,3.0,3.0,4.0,4.0,5.0,6.0,8.0,inferred
Rushmoor,2021-03-31,0.0,1.0,1.0,1.0,2.0,2.0,3.0,3.0,4.0,4.0,5.0,6.0,8.0,inferred
Rushmoor,2021-04-01,0.0,0.0,1.0,1.0,1.0,2.0,2.0,3.0,3.0,4.0,4.0,5.0,7.0,inferred
Rushmoor,2021-04-02,0.0,0.0,1.0,1.0,1.0,2.0,2.0,2.0,3.0,3.0,4.0,5.0,6.0,inferred
Rushmoor,2021-04-03,0.0,0.0,0.0,0.8,1.0,1.0,1.0,2.0,2.0,3.0,3.0,4.0,6.0,inferred
Rushmoor,2021-04-04,0.0,0.0,1.0,1.0,1.0,1.0,2.0,2.0,3.0,3.0,3.0,4.0,6.0,inferred
Rushmoor,2021-04-05,0.0,0.0,1.0,1.0,1.0,2.0,2.0,3.0,3.0,4.0,4.0,5.0,7.0,inferred
Rushmoor,2021-04-06,0.0,0.0,1.0,1.0,1.0,2.0,2.0,2.0,3.0,3.0,4.0,5.0,7.0,inferred
Rushmoor,2021-04-07,0.0,0.0,1.0,1.0,1.0,2.0,2.0,3.0,3.0,4.0,4.0,5.0,7.0,inferred
Rushmoor,2021-04-08,0.0,0.0,1.0,1.0,1.0,2.0,2.0,2.0,3.0,3.0,4.0,5.0,7.0,inferred
Rushmoor,2021-04-09,0.0,0.0,1.0,1.0,1.0,1.0,2.0,2.0,3.0,3.0,3.0,5.0,7.0,inferred
Rushmoor,2021-04-10,0.0,0.0,0.0,0.0,1.0,1.0,1.0,2.0,2.0,2.0,3.0,4.0,5.0,inferred
Rushmoor,2021-04-11,0.0,0.0,0.0,1.0,1.0,1.0,1.0,2.0,2.0,3.0,3.0,4.0,6.0,inferred
Rushmoor,2021-04-12,0.0,0.0,1.0,1.0,1.0,1.0,2.0,2.0,3.0,3.0,4.0,5.0,6.5,inferred
Rushmoor,2021-04-13,0.0,0.0,1.0,1.0,1.0,1.0,2.0,2.0,3.0,3.0,3.0,5.0,6.0,inferred
Rushmoor,2021-04-14,0.0,0.0,1.0,1.0,1.0,1.0,2.0,2.0,3.0,3.0,4.0,4.0,7.0,inferred
Rushmoor,2021-04-15,0.0,0.0,1.0,1.0,1.0,1.0,2.0,2.0,3.0,3.0,3.0,4.0,7.0,inferred
Rushmoor,2021-04-16,0.0,0.0,0.0,1.0,1.0,1.0,2.0,2.0,2.0,3.0,3.0,4.0,6.0,inferred
Rushmoor,2021-04-17,0.0,0.0,0.0,0.0,1.0,1.0,1.0,2.0,2.0,2.0,3.0,4.0,5.0,inferred
Rushmoor,2021-04-18,0.0,0.0,0.0,1.0,1.0,1.0,1.0,2.0,2.0,3.0,3.0,4.0,6.0,inferred
Rushmoor,2021-04-19,0.0,0.0,1.0,1.0,1.0,1.0,2.0,2.0,3.0,3.0,4.0,5.0,6.0,inferred
Rushmoor,2021-04-20,0.0,0.0,0.0,1.0,1.0,1.0,2.0,2.0,3.0,3.0,3.0,4.0,6.0,inferred
Rushmoor,2021-04-21,0.0,0.0,1.0,1.0,1.0,1.0,2.0,2.0,3.0,3.0,3.0,5.0,7.0,inferred
Rushmoor,2021-04-22,0.0,0.0,0.0,1.0,1.0,1.0,2.0,2.0,3.0,3.0,3.0,4.0,6.0,inferred
Rushmoor,2021-04-23,0.0,0.0,0.0,0.0,1.0,1.0,1.0,2.0,2.0,2.0,3.0,4.0,6.0,inferred
Rushmoor,2021-04-24,0.0,0.0,0.0,0.0,0.0,1.0,1.0,2.0,2.0,2.0,3.0,4.0,5.0,inferred
Rushmoor,2021-04-25,0.0,0.0,0.0,1.0,1.0,1.0,1.0,2.0,2.0,3.0,3.0,4.0,6.0,inferred
Rushmoor,2021-04-26,0.0,0.0,1.0,1.0,1.0,1.0,2.0,2.0,3.0,3.0,4.0,5.0,6.5,inferred
Rushmoor,2021-04-27,0.0,0.0,0.0,1.0,1.0,1.0,2.0,2.0,3.0,3.0,3.0,4.0,6.0,inferred
Rushmoor,2021-04-28,0.0,0.0,1.0,1.0,1.0,2.0,2.0,2.0,3.0,3.0,4.0,5.0,7.0,inferred
Rushmoor,2021-04-29,0.0,0.0,1.0,1.0,1.0,1.0,2.0,2.0,3.0,3.0,3.0,5.0,6.0,inferred
Rushmoor,2021-04-30,0.0,0.0,0.0,1.0,1.0,1.0,2.0,2.0,3.0,3.0,3.0,4.0,6.0,inferred
Rushmoor,2021-05-01,0.0,0.0,0.0,0.0,1.0,1.0,1.0,2.0,2.0,2.0,3.0,4.0,5.0,inferred
Rushmoor,2021-05-02,0.0,0.0,1.0,1.0,1.0,1.0,2.0,2.0,3.0,3.0,3.0,4.0,6.0,inferred
Rushmoor,2021-05-03,0.0,0.0,1.0,1.0,1.0,2.0,2.0,3.0,3.0,4.0,4.0,5.0,7.0,inferred
Rushmoor,2021-05-04,0.0,0.0,1.0,1.0,1.0,2.0,2.0,3.0,3.0,4.0,4.0,5.0,8.0,inferred
Rushmoor,2021-05-05,0.0,1.0,1.0,1.0,2.0,2.0,3.0,3.0,4.0,4.0,5.0,6.0,8.0,inferred
Rushmoor,2021-05-06,0.0,0.0,1.0,1.0,1.0,2.0,2.0,3.0,4.0,4.0,5.0,6.0,8.0,inferred
Rushmoor,2021-05-07,0.0,0.0,1.0,1.0,1.0,2.0,2.0,3.0,3.0,4.0,4.0,5.0,7.0,inferred
Rushmoor,2021-05-08,0.0,0.0,1.0,1.0,1.0,1.0,2.0,2.0,3.0,3.0,4.0,5.0,7.0,inferred
Rushmoor,2021-05-09,0.0,0.0,1.0,1.0,1.0,2.0,2.0,3.0,3.0,4.0,4.0,5.0,7.0,inferred
Rushmoor,2021-05-10,0.0,1.0,1.0,2.0,2.0,2.0,3.0,4.0,4.0,5.0,5.0,6.0,9.0,inferred
Rushmoor,2021-05-11,0.0,1.0,1.0,2.0,2.0,2.0,3.0,4.0,4.0,5.0,5.0,6.0,8.0,inferred
Rushmoor,2021-05-12,0.0,1.0,1.0,2.0,2.0,3.0,3.0,4.0,4.0,5.0,5.0,7.0,9.0,inferred
Rushmoor,2021-05-13,0.0,1.0,1.0,2.0,2.0,3.0,3.0,4.0,4.0,5.0,5.0,6.0,9.0,inferred
Rushmoor,2021-05-14,0.0,1.0,1.0,1.0,2.0,2.0,3.0,3.0,4.0,4.0,5.0,6.0,8.0,inferred
Rushmoor,2021-05-15,0.0,0.0,1.0,1.0,1.0,2.0,2.0,3.0,3.0,4.0,4.0,5.0,8.0,inferred
Rushmoor,2021-05-16,0.0,1.0,1.0,2.0,2.0,2.0,3.0,3.0,4.0,4.0,5.0,6.0,8.0,inferred
Rushmoor,2021-05-17,0.0,1.0,2.0,2.0,2.0,3.0,4.0,4.0,5.0,5.0,6.0,7.0,9.0,inferred
Rushmoor,2021-05-18,0.0,1.0,2.0,2.0,2.0,3.0,4.0,4.0,5.0,5.0,6.0,7.0,10.0,inferred
Rushmoor,2021-05-19,0.0,1.0,2.0,2.0,3.0,3.0,4.0,5.0,5.3,6.0,6.0,8.0,11.0,inferred
Rushmoor,2021-05-20,0.0,1.0,2.0,3.0,3.0,3.0,4.0,5.0,6.0,6.0,6.0,8.0,11.0,inferred
Rushmoor,2021-05-21,0.0,1.0,2.0,2.0,3.0,3.0,4.0,5.0,5.0,6.0,6.0,8.0,10.0,inferred
Rushmoor,2021-05-22,0.0,1.0,2.0,2.0,2.0,3.0,3.0,4.0,5.0,5.0,6.0,7.0,9.0,inferred
Rushmoor,2021-05-23,1.0,2.0,2.0,3.0,3.0,4.0,4.0,5.0,6.0,6.0,7.0,9.0,11.0,inferred
Rushmoor,2021-05-24,1.0,2.0,3.0,4.0,4.0,5.0,6.0,6.0,7.0,8.0,8.0,10.0,13.0,inferred
Rushmoor,2021-05-25,1.0,2.0,3.0,4.0,4.0,5.0,6.0,6.0,7.0,8.0,9.0,10.0,13.0,inferred
Rushmoor,2021-05-26,1.0,3.0,4.0,5.0,5.0,6.0,6.0,7.0,8.0,9.0,9.0,11.0,14.0,inferred
Rushmoor,2021-05-27,1.0,3.0,4.0,4.0,5.0,5.0,6.0,7.0,8.0,9.0,9.0,11.0,14.0,inferred
Rushmoor,2021-05-28,1.0,2.0,3.0,4.0,4.0,5.0,6.0,7.0,7.0,8.0,8.0,10.0,12.0,inferred
Rushmoor,2021-05-29,1.0,2.0,3.0,3.0,3.0,4.0,5.0,5.0,6.0,7.0,7.0,9.0,11.0,inferred
Rushmoor,2021-05-30,1.0,2.0,3.0,4.0,4.0,5.0,6.0,7.0,7.0,8.0,9.0,10.0,13.0,inferred
Rushmoor,2021-05-31,2.0,4.0,5.0,5.0,6.0,7.0,8.0,8.0,9.0,10.0,11.0,13.0,16.0,inferred
Rushmoor,2021-06-01,2.0,4.0,5.0,5.0,6.0,7.0,8.0,9.0,10.0,10.0,11.0,13.0,16.0,inferred
Rushmoor,2021-06-02,2.0,4.0,5.0,6.0,6.0,7.0,8.0,9.0,10.0,11.0,11.0,13.0,16.0,inferred
Rushmoor,2021-06-03,2.0,3.0,5.0,5.0,6.0,7.0,7.0,8.0,10.0,10.0,11.0,13.0,16.0,inferred
Rushmoor,2021-06-04,2.0,3.0,4.0,5.0,5.0,6.0,7.0,7.0,8.0,9.0,10.0,12.0,15.0,inferred
Rushmoor,2021-06-05,1.0,2.0,3.0,4.0,4.0,5.0,6.0,6.0,7.0,8.0,8.0,10.0,13.0,inferred
Rushmoor,2021-06-06,1.5,3.0,4.0,5.0,5.0,6.0,7.0,8.0,9.0,9.0,10.0,12.0,15.0,inferred
Rushmoor,2021-06-07,3.0,4.0,6.0,6.0,7.0,8.0,9.0,10.0,10.0,11.0,12.0,14.0,17.0,inferred
Rushmoor,2021-06-08,3.0,4.0,6.0,6.0,7.0,8.0,9.0,10.0,11.0,11.0,12.0,14.0,17.0,inferred
Rushmoor,2021-06-09,3.0,5.0,6.0,7.0,7.0,8.0,9.0,10.0,12.0,12.0,13.0,15.0,18.0,inferred
Rushmoor,2021-06-10,2.5,4.0,6.0,6.0,7.0,8.0,9.0,10.0,11.0,11.0,12.0,14.0,17.0,inferred
Rushmoor,2021-06-11,2.0,4.0,5.0,6.0,6.0,7.0,8.0,9.0,10.0,10.0,11.0,13.0,16.0,inferred
Rushmoor,2021-06-12,1.0,3.0,4.0,4.0,5.0,5.0,6.0,7.0,8.0,9.0,9.0,11.0,14.0,inferred
Rushmoor,2021-06-13,2.0,4.0,5.0,6.0,6.0,7.0,8.0,9.0,10.0,10.0,11.0,12.0,15.0,inferred
Rushmoor,2021-06-14,3.0,5.0,6.0,7.0,7.0,8.0,9.0,10.0,11.0,12.0,13.0,14.0,18.0,inferred
Rushmoor,2021-06-15,3.0,5.0,6.0,7.0,7.0,8.0,9.0,10.0,11.0,12.0,13.0,14.0,18.0,inferred
Rushmoor,2021-06-16,3.0,5.0,7.0,7.0,8.0,9.0,10.0,11.0,12.0,13.0,14.0,16.0,19.0,inferred
Rushmoor,2021-06-17,3.0,5.0,6.0,7.0,7.0,8.0,9.0,10.0,11.0,12.0,13.0,15.0,18.0,inferred
Rushmoor,2021-06-18,2.0,4.0,5.0,6.0,6.0,7.0,8.0,9.0,10.0,11.0,11.0,13.0,17.0,inferred
Rutland,2021-03-06,0.0,0.0,1.0,1.0,1.0,1.0,2.0,2.0,3.0,3.0,3.0,4.0,6.0,inferred
Rutland,2021-03-07,0.0,0.0,1.0,1.0,1.0,1.0,2.0,2.0,3.0,3.0,3.0,4.0,6.0,inferred
Rutland,2021-03-08,0.0,0.0,1.0,1.0,1.0,2.0,2.0,3.0,3.0,3.0,4.0,5.0,6.0,inferred
Rutland,2021-03-09,0.0,0.0,1.0,1.0,1.0,2.0,2.0,3.0,3.0,3.0,4.0,5.0,6.0,inferred
Rutland,2021-03-10,0.0,0.0,1.0,1.0,1.0,2.0,2.0,3.0,3.0,3.0,4.0,5.0,6.0,inferred
Rutland,2021-03-11,0.0,0.0,1.0,1.0,1.0,2.0,2.0,3.0,3.0,3.0,4.0,5.0,6.0,inferred
Rutland,2021-03-12,0.0,0.0,1.0,1.0,1.0,2.0,2.0,2.0,3.0,3.0,3.0,4.0,6.0,inferred
Rutland,2021-03-13,0.0,0.0,1.0,1.0,1.0,1.0,2.0,2.0,2.0,3.0,3.0,4.0,6.0,inferred
Rutland,2021-03-14,0.0,0.0,1.0,1.0,1.0,2.0,2.0,2.0,3.0,3.0,3.0,4.0,6.0,inferred
Rutland,2021-03-15,0.0,1.0,1.0,2.0,2.0,2.0,3.0,3.0,4.0,4.0,4.0,6.0,7.0,inferred
Rutland,2021-03-16,0.0,1.0,1.0,2.0,2.0,2.0,3.0,3.0,4.0,4.0,4.2,6.0,7.0,inferred
Rutland,2021-03-17,0.0,1.0,1.0,2.0,2.0,2.0,3.0,3.0,4.0,4.0,5.0,6.0,8.0,inferred
Rutland,2021-03-18,0.0,1.0,1.0,1.0,2.0,2.0,3.0,3.0,4.0,4.0,4.0,5.1,7.0,inferred
Rutland,2021-03-19,0.0,1.0,1.0,1.0,2.0,2.0,3.0,3.0,4.0,4.0,4.0,5.0,7.0,inferred
Rutland,2021-03-20,0.0,0.0,1.0,1.0,1.0,2.0,2.0,2.0,3.0,3.0,4.0,4.0,6.0,inferred
Rutland,2021-03-21,0.0,1.0,1.0,1.0,2.0,2.0,2.0,3.0,3.0,4.0,4.0,5.0,7.0,inferred
Rutland,2021-03-22,0.0,1.0,2.0,2.0,2.0,3.0,3.0,4.0,5.0,5.0,5.0,6.0,8.0,inferred
Rutland,2021-03-23,0.0,1.0,2.0,2.0,2.0,3.0,3.0,4.0,4.0,5.0,5.0,6.0,8.0,inferred
Rutland,2021-03-24,0.0,1.0,2.0,2.0,2.0,3.0,3.0,4.0,5.0,5.0,5.0,7.0,8.0,inferred
Rutland,2021-03-25,0.0,1.0,1.0,2.0,2.0,2.0,3.0,3.0,4.0,4.0,5.0,6.0,8.0,inferred
Rutland,2021-03-26,0.0,1.0,1.0,2.0,2.0,2.0,3.0,3.0,4.0,4.0,4.0,5.1,7.0,inferred
Rutland,2021-03-27,0.0,0.0,1.0,1.0,1.0,2.0,2.0,2.0,3.0,3.0,3.0,4.0,6.0,inferred
Rutland,2021-03-28,0.0,0.0,1.0,1.0,1.0,2.0,2.0,3.0,3.0,3.0,4.0,5.0,6.0,inferred
Rutland,2021-03-29,0.0,1.0,1.0,2.0,2.0,2.0,3.0,3.0,4.0,4.0,5.0,6.0,8.0,inferred
Rutland,2021-03-30,0.0,1.0,1.0,1.0,2.0,2.0,2.0,3.0,3.0,4.0,4.0,5.0,7.0,inferred
Rutland,2021-03-31,0.0,1.0,1.0,1.0,2.0,2.0,3.0,3.0,4.0,4.0,4.0,5.0,7.0,inferred
Rutland,2021-04-01,0.0,0.0,1.0,1.0,1.0,2.0,2.0,3.0,3.0,3.0,4.0,5.0,6.0,inferred
Rutland,2021-04-02,0.0,0.0,1.0,1.0,1.0,1.0,2.0,2.0,3.0,3.0,3.0,4.0,6.0,inferred
Rutland,2021-04-03,0.0,0.0,0.0,0.0,1.0,1.0,1.0,2.0,2.0,2.0,3.0,4.0,5.0,inferred
Rutland,2021-04-04,0.0,0.0,0.0,1.0,1.0,1.0,1.0,2.0,2.0,3.0,3.0,4.0,5.0,inferred
Rutland,2021-04-05,0.0,0.0,1.0,1.0,1.0,1.0,2.0,2.0,3.0,3.0,3.0,4.0,6.0,inferred
Rutland,2021-04-06,0.0,0.0,1.0,1.0,1.0,1.0,2.0,2.0,3.0,3.0,3.0,4.0,6.0,inferred
Rutland,2021-04-07,0.0,0.0,1.0,1.0,1.0,1.0,2.0,2.0,2.0,3.0,3.0,4.0,6.0,inferred
Rutland,2021-04-08,0.0,0.0,0.0,1.0,1.0,1.0,1.0,2.0,2.0,2.0,3.0,3.0,5.0,inferred
Rutland,2021-04-09,0.0,0.0,0.0,0.0,1.0,1.0,1.0,1.0,2.0,2.0,2.0,3.0,5.0,inferred
Rutland,2021-04-10,0.0,0.0,0.0,0.0,0.0,1.0,1.0,1.0,2.0,2.0,2.0,3.0,4.0,inferred
Rutland,2021-04-11,0.0,0.0,0.0,0.0,0.0,1.0,1.0,1.0,2.0,2.0,2.0,3.0,4.0,inferred
Rutland,2021-04-12,0.0,0.0,0.0,0.0,0.0,1.0,1.0,1.0,2.0,2.0,2.0,3.0,5.0,inferred
Rutland,2021-04-13,0.0,0.0,0.0,0.0,0.0,1.0,1.0,1.0,2.0,2.0,2.0,3.0,4.0,inferred
Rutland,2021-04-14,0.0,0.0,0.0,0.0,0.0,1.0,1.0,1.0,2.0,2.0,2.0,3.0,5.0,inferred
Rutland,2021-04-15,0.0,0.0,0.0,0.0,0.0,1.0,1.0,1.0,2.0,2.0,2.0,3.0,4.0,inferred
Rutland,2021-04-16,0.0,0.0,0.0,0.0,0.0,1.0,1.0,1.0,1.0,2.0,2.0,2.1,4.0,inferred
Rutland,2021-04-17,0.0,0.0,0.0,0.0,0.0,0.0,1.0,1.0,1.0,1.0,2.0,2.0,3.0,inferred
Rutland,2021-04-18,0.0,0.0,0.0,0.0,0.0,0.0,1.0,1.0,1.0,1.0,2.0,2.0,4.0,inferred
Rutland,2021-04-19,0.0,0.0,0.0,0.0,0.0,1.0,1.0,1.0,2.0,2.0,2.0,3.0,4.0,inferred
Rutland,2021-04-20,0.0,0.0,0.0,0.0,0.0,1.0,1.0,1.0,2.0,2.0,2.0,3.0,4.0,inferred
Rutland,2021-04-21,0.0,0.0,0.0,0.0,0.0,1.0,1.0,1.0,2.0,2.0,2.0,3.0,4.0,inferred
Rutland,2021-04-22,0.0,0.0,0.0,0.0,0.0,1.0,1.0,1.0,2.0,2.0,2.0,3.0,4.0,inferred
Rutland,2021-04-23,0.0,0.0,0.0,0.0,0.0,1.0,1.0,1.0,1.0,2.0,2.0,3.0,4.0,inferred
Rutland,2021-04-24,0.0,0.0,0.0,0.0,0.0,0.0,1.0,1.0,1.0,1.0,2.0,2.0,3.0,inferred
Rutland,2021-04-25,0.0,0.0,0.0,0.0,0.0,0.0,1.0,1.0,1.0,2.0,2.0,2.0,4.0,inferred
Rutland,2021-04-26,0.0,0.0,0.0,0.0,0.0,1.0,1.0,1.0,2.0,2.0,2.0,3.0,4.0,inferred
Rutland,2021-04-27,0.0,0.0,0.0,0.0,0.0,1.0,1.0,1.0,2.0,2.0,2.0,3.0,4.0,inferred
Rutland,2021-04-28,0.0,0.0,0.0,0.0,0.0,1.0,1.0,1.0,2.0,2.0,2.0,3.0,4.0,inferred
Rutland,2021-04-29,0.0,0.0,0.0,0.0,0.0,1.0,1.0,1.0,2.0,2.0,2.0,3.0,4.0,inferred
Rutland,2021-04-30,0.0,0.0,0.0,0.0,0.0,0.0,1.0,1.0,1.0,2.0,2.0,2.0,4.0,inferred
Rutland,2021-05-01,0.0,0.0,0.0,0.0,0.0,0.0,1.0,1.0,1.0,1.0,1.0,2.0,3.0,inferred
Rutland,2021-05-02,0.0,0.0,0.0,0.0,0.0,0.0,1.0,1.0,1.0,1.0,2.0,2.0,4.0,inferred
Rutland,2021-05-03,0.0,0.0,0.0,0.0,0.0,1.0,1.0,1.0,2.0,2.0,2.0,3.0,4.0,inferred
Rutland,2021-05-04,0.0,0.0,0.0,0.0,0.0,1.0,1.0,1.0,2.0,2.0,2.0,3.0,4.0,inferred
Rutland,2021-05-05,0.0,0.0,0.0,0.0,0.0,1.0,1.0,1.0,2.0,2.0,2.0,3.0,4.0,inferred
Rutland,2021-05-06,0.0,0.0,0.0,0.0,0.0,1.0,1.0,1.0,1.0,2.0,2.0,3.0,4.0,inferred
Rutland,2021-05-07,0.0,0.0,0.0,0.0,0.0,0.0,1.0,1.0,1.0,2.0,2.0,2.0,4.0,inferred
Rutland,2021-05-08,0.0,0.0,0.0,0.0,0.0,0.0,1.0,1.0,1.0,1.0,1.0,2.0,3.0,inferred
Rutland,2021-05-09,0.0,0.0,0.0,0.0,0.0,0.0,1.0,1.0,1.0,1.0,2.0,2.0,4.0,inferred
Rutland,2021-05-10,0.0,0.0,0.0,0.0,0.0,1.0,1.0,1.0,2.0,2.0,2.0,3.0,4.0,inferred
Rutland,2021-05-11,0.0,0.0,0.0,0.0,0.0,1.0,1.0,1.0,2.0,2.0,2.0,3.0,4.0,inferred
Rutland,2021-05-12,0.0,0.0,0.0,0.0,0.0,1.0,1.0,1.0,2.0,2.0,2.0,3.0,4.0,inferred
Rutland,2021-05-13,0.0,0.0,0.0,0.0,0.0,1.0,1.0,1.0,1.0,2.0,2.0,3.0,4.0,inferred
Rutland,2021-05-14,0.0,0.0,0.0,0.0,0.0,0.0,1.0,1.0,1.0,1.0,2.0,2.0,3.0,inferred
Rutland,2021-05-15,0.0,0.0,0.0,0.0,0.0,0.0,0.0,1.0,1.0,1.0,1.0,2.0,3.0,inferred
Rutland,2021-05-16,0.0,0.0,0.0,0.0,0.0,0.0,1.0,1.0,1.0,1.0,1.0,2.0,3.0,inferred
Rutland,2021-05-17,0.0,0.0,0.0,0.0,0.0,0.0,1.0,1.0,1.0,2.0,2.0,3.0,4.0,inferred
Rutland,2021-05-18,0.0,0.0,0.0,0.0,0.0,0.0,1.0,1.0,1.0,2.0,2.0,2.0,4.0,inferred
Rutland,2021-05-19,0.0,0.0,0.0,0.0,0.0,0.0,1.0,1.0,1.0,1.0,2.0,2.0,4.0,inferred
Rutland,2021-05-20,0.0,0.0,0.0,0.0,0.0,0.0,1.0,1.0,1.0,1.0,2.0,2.0,3.0,inferred
Rutland,2021-05-21,0.0,0.0,0.0,0.0,0.0,0.0,0.0,1.0,1.0,1.0,1.0,2.0,3.0,inferred
Rutland,2021-05-22,0.0,0.0,0.0,0.0,0.0,0.0,0.0,1.0,1.0,1.0,1.0,2.0,3.0,inferred
Rutland,2021-05-23,0.0,0.0,0.0,0.0,0.0,0.0,0.0,1.0,1.0,1.0,1.0,2.0,3.0,inferred
Rutland,2021-05-24,0.0,0.0,0.0,0.0,0.0,0.0,1.0,1.0,1.0,1.0,2.0,2.0,4.0,inferred
Rutland,2021-05-25,0.0,0.0,0.0,0.0,0.0,0.0,1.0,1.0,1.0,2.0,2.0,3.0,4.0,inferred
Rutland,2021-05-26,0.0,0.0,0.0,0.0,0.0,1.0,1.0,1.0,1.0,2.0,2.0,3.0,4.0,inferred
Rutland,2021-05-27,0.0,0.0,0.0,0.0,0.0,0.0,1.0,1.0,1.0,2.0,2.0,2.0,4.0,inferred
Rutland,2021-05-28,0.0,0.0,0.0,0.0,0.0,0.0,1.0,1.0,1.0,1.0,2.0,2.0,3.0,inferred
Rutland,2021-05-29,0.0,0.0,0.0,0.0,0.0,0.0,0.0,1.0,1.0,1.0,1.0,2.0,3.0,inferred
Rutland,2021-05-30,0.0,0.0,0.0,0.0,0.0,0.0,1.0,1.0,1.0,1.0,2.0,2.0,3.0,inferred
Rutland,2021-05-31,0.0,0.0,0.0,0.0,0.0,0.0,1.0,1.0,1.0,2.0,2.0,3.0,4.0,inferred
Rutland,2021-06-01,0.0,0.0,0.0,0.0,0.0,0.0,1.0,1.0,1.0,2.0,2.0,2.0,4.0,inferred
Rutland,2021-06-02,0.0,0.0,0.0,0.0,0.0,0.0,1.0,1.0,1.0,2.0,2.0,3.0,4.0,inferred
Rutland,2021-06-03,0.0,0.0,0.0,0.0,0.0,0.0,1.0,1.0,1.0,2.0,2.0,3.0,4.0,inferred
Rutland,2021-06-04,0.0,0.0,0.0,0.0,0.0,1.0,1.0,1.0,1.0,2.0,2.0,2.0,4.0,inferred
Rutland,2021-06-05,0.0,0.0,0.0,0.0,0.0,0.0,1.0,1.0,1.0,1.0,1.0,2.0,3.0,inferred
Rutland,2021-06-06,0.0,0.0,0.0,0.0,0.0,0.0,1.0,1.0,1.0,2.0,2.0,3.0,4.0,inferred
Rutland,2021-06-07,0.0,0.0,0.0,0.0,0.0,1.0,1.0,1.0,2.0,2.0,2.0,3.0,4.0,inferred
Rutland,2021-06-08,0.0,0.0,0.0,0.0,0.0,1.0,1.0,1.0,2.0,2.0,2.0,3.0,5.0,inferred
Rutland,2021-06-09,0.0,0.0,0.0,0.0,1.0,1.0,1.0,2.0,2.0,2.0,3.0,4.0,5.0,inferred
Rutland,2021-06-10,0.0,0.0,0.0,0.0,1.0,1.0,1.0,2.0,2.0,2.0,2.0,3.0,5.0,inferred
Rutland,2021-06-11,0.0,0.0,0.0,1.0,1.0,1.0,1.0,2.0,2.0,2.0,3.0,4.0,5.0,inferred
Rutland,2021-06-12,0.0,0.0,0.0,0.0,0.0,1.0,1.0,1.0,2.0,2.0,2.0,3.0,5.0,inferred
Rutland,2021-06-13,0.0,0.0,1.0,1.0,1.0,1.0,2.0,2.0,2.0,3.0,3.0,4.0,6.0,inferred
Rutland,2021-06-14,0.0,0.0,1.0,1.0,1.0,2.0,2.0,3.0,3.0,4.0,4.0,5.0,7.0,inferred
Rutland,2021-06-15,0.0,0.0,1.0,1.0,2.0,2.0,2.0,3.0,4.0,4.0,4.0,5.0,7.0,inferred
Rutland,2021-06-16,0.0,1.0,1.0,2.0,2.0,2.0,3.0,3.0,4.0,4.0,5.0,6.0,8.0,inferred
Rutland,2021-06-17,0.0,1.0,1.0,1.0,2.0,2.0,3.0,3.0,4.0,4.0,5.0,6.0,7.0,inferred
Rutland,2021-06-18,0.0,1.0,1.0,1.0,2.0,2.0,3.0,3.0,4.0,4.0,4.0,5.0,7.0,inferred
Ryedale,2021-03-06,0.0,0.0,0.0,1.0,1.0,1.0,2.0,2.0,3.0,3.0,3.0,4.0,7.0,inferred
Ryedale,2021-03-07,0.0,0.0,1.0,1.0,1.0,1.0,2.0,2.0,3.0,3.0,4.0,5.0,7.0,inferred
Ryedale,2021-03-08,0.0,1.0,1.0,1.0,2.0,2.0,3.0,3.0,4.0,4.0,5.0,6.0,8.0,inferred
Ryedale,2021-03-09,0.0,0.0,1.0,1.0,1.0,2.0,2.0,3.0,4.0,4.0,4.0,6.0,8.0,inferred
Ryedale,2021-03-10,0.0,1.0,1.0,1.0,2.0,2.0,3.0,3.0,4.0,4.0,5.0,6.0,8.0,inferred
Ryedale,2021-03-11,0.0,0.0,1.0,1.0,1.0,2.0,2.0,3.0,4.0,4.0,4.0,6.0,8.0,inferred
Ryedale,2021-03-12,0.0,0.0,1.0,1.0,1.0,2.0,2.0,3.0,3.0,3.0,4.0,5.0,7.0,inferred
Ryedale,2021-03-13,0.0,0.0,0.0,1.0,1.0,1.0,2.0,2.0,3.0,3.0,3.0,5.0,7.0,inferred
Ryedale,2021-03-14,0.0,0.0,1.0,1.0,1.0,1.0,2.0,2.0,3.0,3.0,4.0,5.0,7.0,inferred
Ryedale,2021-03-15,0.0,0.0,1.0,1.0,2.0,2.0,2.0,3.0,4.0,4.0,5.0,6.0,8.0,inferred
Ryedale,2021-03-16,0.0,0.0,1.0,1.0,1.0,2.0,2.0,3.0,3.0,4.0,4.0,6.0,8.0,inferred
Ryedale,2021-03-17,0.0,0.0,1.0,1.0,1.7,2.0,2.0,3.0,4.0,4.0,4.0,6.0,9.0,inferred
Ryedale,2021-03-18,0.0,0.0,1.0,1.0,1.0,2.0,2.0,3.0,3.0,4.0,4.0,5.0,8.0,inferred
Ryedale,2021-03-19,0.0,0.0,1.0,1.0,1.0,1.0,2.0,2.0,3.0,3.0,4.0,5.0,7.0,inferred
Ryedale,2021-03-20,0.0,0.0,0.0,0.0,1.0,1.0,1.0,2.0,2.0,3.0,3.0,4.0,6.0,inferred
Ryedale,2021-03-21,0.0,0.0,0.0,1.0,1.0,1.0,1.0,2.0,2.0,3.0,3.0,4.0,6.0,inferred
Ryedale,2021-03-22,0.0,0.0,1.0,1.0,1.0,2.0,2.0,3.0,3.0,4.0,4.0,5.0,7.0,inferred
Ryedale,2021-03-23,0.0,0.0,1.0,1.0,1.0,1.0,2.0,2.0,3.0,3.0,4.0,5.0,7.0,inferred
Ryedale,2021-03-24,0.0,0.0,0.0,1.0,1.0,1.0,2.0,2.0,3.0,3.0,3.0,5.0,7.0,inferred
Ryedale,2021-03-25,0.0,0.0,0.0,1.0,1.0,1.0,1.0,2.0,2.0,3.0,3.0,4.0,6.0,inferred
Ryedale,2021-03-26,0.0,0.0,0.0,0.0,1.0,1.0,1.0,2.0,2.0,2.0,3.0,4.0,6.0,inferred
Ryedale,2021-03-27,0.0,0.0,0.0,0.0,0.0,1.0,1.0,1.0,2.0,2.0,2.0,3.0,5.0,inferred
Ryedale,2021-03-28,0.0,0.0,0.0,0.0,0.0,1.0,1.0,1.0,2.0,2.0,2.0,3.0,5.0,inferred
Ryedale,2021-03-29,0.0,0.0,0.0,0.0,1.0,1.0,1.0,2.0,2.0,2.0,3.0,4.0,6.0,inferred
Ryedale,2021-03-30,0.0,0.0,0.0,0.0,0.0,1.0,1.0,1.0,2.0,2.0,3.0,3.1,5.0,inferred
Ryedale,2021-03-31,0.0,0.0,0.0,0.0,0.0,1.0,1.0,1.0,2.0,2.0,3.0,4.0,5.0,inferred
Ryedale,2021-04-01,0.0,0.0,0.0,0.0,0.0,1.0,1.0,1.0,2.0,2.0,3.0,4.0,5.0,inferred
Ryedale,2021-04-02,0.0,0.0,0.0,0.0,0.0,1.0,1.0,1.0,2.0,2.0,2.0,3.0,5.0,inferred
Ryedale,2021-04-03,0.0,0.0,0.0,0.0,0.0,0.0,1.0,1.0,1.0,2.0,2.0,3.0,4.0,inferred
Ryedale,2021-04-04,0.0,0.0,0.0,0.0,0.0,1.0,1.0,1.0,2.0,2.0,2.0,3.0,5.0,inferred
Ryedale,2021-04-05,0.0,0.0,0.0,0.0,1.0,1.0,1.0,2.0,2.0,2.0,3.0,4.0,6.0,inferred
Ryedale,2021-04-06,0.0,0.0,0.0,0.0,0.0,1.0,1.0,2.0,2.0,2.0,3.0,4.0,6.0,inferred
Ryedale,2021-04-07,0.0,0.0,0.0,0.0,1.0,1.0,1.0,2.0,2.0,2.0,3.0,4.0,6.0,inferred
Ryedale,2021-04-08,0.0,0.0,0.0,0.0,0.0,1.0,1.0,1.0,2.0,2.0,3.0,4.0,5.0,inferred
Ryedale,2021-04-09,0.0,0.0,0.0,0.0,0.0,1.0,1.0,1.0,2.0,2.0,2.0,4.0,6.0,inferred
Ryedale,2021-04-10,0.0,0.0,0.0,0.0,0.0,0.0,1.0,1.0,2.0,2.0,2.0,3.0,5.0,inferred
Ryedale,2021-04-11,0.0,0.0,0.0,0.0,0.0,1.0,1.0,1.0,2.0,2.0,2.0,3.0,5.0,inferred
Ryedale,2021-04-12,0.0,0.0,0.0,0.0,0.0,1.0,1.0,2.0,2.0,2.0,3.0,4.0,6.0,inferred
Ryedale,2021-04-13,0.0,0.0,0.0,0.0,0.0,1.0,1.0,1.0,2.0,2.0,3.0,4.0,6.0,inferred
Ryedale,2021-04-14,0.0,0.0,0.0,0.0,0.0,1.0,1.0,1.0,2.0,2.0,3.0,4.0,6.0,inferred
Ryedale,2021-04-15,0.0,0.0,0.0,0.0,0.0,1.0,1.0,1.0,2.0,2.0,2.0,3.0,5.0,inferred
Ryedale,2021-04-16,0.0,0.0,0.0,0.0,0.0,1.0,1.0,1.0,2.0,2.0,2.0,3.0,5.0,inferred
Ryedale,2021-04-17,0.0,0.0,0.0,0.0,0.0,0.0,1.0,1.0,1.0,1.0,2.0,3.0,4.0,inferred
Ryedale,2021-04-18,0.0,0.0,0.0,0.0,0.0,0.0,1.0,1.0,1.0,2.0,2.0,3.0,4.0,inferred
Ryedale,2021-04-19,0.0,0.0,0.0,0.0,0.0,1.0,1.0,1.0,2.0,2.0,2.0,3.0,5.0,inferred
Ryedale,2021-04-20,0.0,0.0,0.0,0.0,0.0,1.0,1.0,1.0,2.0,2.0,2.0,3.0,5.0,inferred
Ryedale,2021-04-21,0.0,0.0,0.0,0.0,0.0,1.0,1.0,1.0,2.0,2.0,2.0,3.0,5.0,inferred
Ryedale,2021-04-22,0.0,0.0,0.0,0.0,0.0,0.0,1.0,1.0,2.0,2.0,2.0,3.0,4.0,inferred
Ryedale,2021-04-23,0.0,0.0,0.0,0.0,0.0,0.0,1.0,1.0,1.0,2.0,2.0,3.0,5.0,inferred
Ryedale,2021-04-24,0.0,0.0,0.0,0.0,0.0,0.0,0.0,1.0,1.0,1.0,2.0,2.0,4.0,inferred
Ryedale,2021-04-25,0.0,0.0,0.0,0.0,0.0,0.0,1.0,1.0,1.0,1.0,2.0,3.0,4.0,inferred
Ryedale,2021-04-26,0.0,0.0,0.0,0.0,0.0,0.0,1.0,1.0,1.0,2.0,2.0,3.0,4.0,inferred
Ryedale,2021-04-27,0.0,0.0,0.0,0.0,0.0,0.0,1.0,1.0,1.0,2.0,2.0,3.0,5.0,inferred
Ryedale,2021-04-28,0.0,0.0,0.0,0.0,0.0,0.0,1.0,1.0,2.0,2.0,2.0,3.0,5.0,inferred
Ryedale,2021-04-29,0.0,0.0,0.0,0.0,0.0,0.0,1.0,1.0,1.0,1.0,2.0,3.0,5.0,inferred
Ryedale,2021-04-30,0.0,0.0,0.0,0.0,0.0,0.0,0.0,1.0,1.0,1.0,2.0,2.0,4.0,inferred
Ryedale,2021-05-01,0.0,0.0,0.0,0.0,0.0,0.0,0.0,1.0,1.0,1.0,1.0,2.0,4.0,inferred
Ryedale,2021-05-02,0.0,0.0,0.0,0.0,0.0,0.0,0.0,0.0,1.0,1.0,1.0,2.0,3.5,inferred
Ryedale,2021-05-03,0.0,0.0,0.0,0.0,0.0,0.0,0.0,1.0,1.0,1.0,2.0,2.0,4.0,inferred
Ryedale,2021-05-04,0.0,0.0,0.0,0.0,0.0,0.0,0.0,1.0,1.0,1.0,1.2,2.0,4.0,inferred
Ryedale,2021-05-05,0.0,0.0,0.0,0.0,0.0,0.0,0.0,1.0,1.0,1.0,1.0,2.0,3.5,inferred
Ryedale,2021-05-06,0.0,0.0,0.0,0.0,0.0,0.0,0.0,1.0,1.0,1.0,1.0,2.0,4.0,inferred
Ryedale,2021-05-07,0.0,0.0,0.0,0.0,0.0,0.0,0.0,0.0,1.0,1.0,1.0,2.0,3.0,inferred
Ryedale,2021-05-08,0.0,0.0,0.0,0.0,0.0,0.0,0.0,0.0,0.0,1.0,1.0,2.0,3.0,inferred
Ryedale,2021-05-09,0.0,0.0,0.0,0.0,0.0,0.0,0.0,0.0,1.0,1.0,1.0,2.0,3.0,inferred
Ryedale,2021-05-10,0.0,0.0,0.0,0.0,0.0,0.0,0.0,0.0,1.0,1.0,1.0,2.0,3.0,inferred
Ryedale,2021-05-11,0.0,0.0,0.0,0.0,0.0,0.0,0.0,0.0,1.0,1.0,1.0,2.0,3.0,inferred
Ryedale,2021-05-12,0.0,0.0,0.0,0.0,0.0,0.0,0.0,0.0,1.0,1.0,1.0,2.0,3.0,inferred
Ryedale,2021-05-13,0.0,0.0,0.0,0.0,0.0,0.0,0.0,0.0,1.0,1.0,1.0,2.0,3.0,inferred
Ryedale,2021-05-14,0.0,0.0,0.0,0.0,0.0,0.0,0.0,0.0,1.0,1.0,1.0,1.0,3.0,inferred
Ryedale,2021-05-15,0.0,0.0,0.0,0.0,0.0,0.0,0.0,0.0,0.0,0.0,1.0,1.0,3.0,inferred
Ryedale,2021-05-16,0.0,0.0,0.0,0.0,0.0,0.0,0.0,0.0,0.0,1.0,1.0,1.0,2.0,inferred
Ryedale,2021-05-17,0.0,0.0,0.0,0.0,0.0,0.0,0.0,0.0,0.0,1.0,1.0,1.0,3.0,inferred
Ryedale,2021-05-18,0.0,0.0,0.0,0.0,0.0,0.0,0.0,0.0,0.0,1.0,1.0,1.0,3.0,inferred
Ryedale,2021-05-19,0.0,0.0,0.0,0.0,0.0,0.0,0.0,0.0,1.0,1.0,1.0,2.0,3.0,inferred
Ryedale,2021-05-20,0.0,0.0,0.0,0.0,0.0,0.0,0.0,0.0,1.0,1.0,1.0,1.0,3.0,inferred
Ryedale,2021-05-21,0.0,0.0,0.0,0.0,0.0,0.0,0.0,0.0,0.0,1.0,1.0,1.0,2.5,inferred
Ryedale,2021-05-22,0.0,0.0,0.0,0.0,0.0,0.0,0.0,0.0,0.0,0.0,1.0,1.0,2.0,inferred
Ryedale,2021-05-23,0.0,0.0,0.0,0.0,0.0,0.0,0.0,0.0,0.0,1.0,1.0,1.0,3.0,inferred
Ryedale,2021-05-24,0.0,0.0,0.0,0.0,0.0,0.0,0.0,0.0,1.0,1.0,1.0,2.0,3.0,inferred
Ryedale,2021-05-25,0.0,0.0,0.0,0.0,0.0,0.0,0.0,0.0,1.0,1.0,1.0,2.0,3.0,inferred
Ryedale,2021-05-26,0.0,0.0,0.0,0.0,0.0,0.0,0.0,0.0,1.0,1.0,1.0,2.0,3.0,inferred
Ryedale,2021-05-27,0.0,0.0,0.0,0.0,0.0,0.0,0.0,0.0,1.0,1.0,1.0,2.0,3.0,inferred
Ryedale,2021-05-28,0.0,0.0,0.0,0.0,0.0,0.0,0.0,0.0,1.0,1.0,1.0,2.0,3.0,inferred
Ryedale,2021-05-29,0.0,0.0,0.0,0.0,0.0,0.0,0.0,0.0,1.0,1.0,1.0,2.0,3.0,inferred
Ryedale,2021-05-30,0.0,0.0,0.0,0.0,0.0,0.0,0.0,0.0,1.0,1.0,1.0,2.0,3.0,inferred
Ryedale,2021-05-31,0.0,0.0,0.0,0.0,0.0,0.0,0.0,1.0,1.0,1.0,1.0,2.0,4.0,inferred
Ryedale,2021-06-01,0.0,0.0,0.0,0.0,0.0,0.0,0.0,1.0,1.0,1.0,1.0,2.0,4.0,inferred
Ryedale,2021-06-02,0.0,0.0,0.0,0.0,0.0,0.0,1.0,1.0,1.0,2.0,2.0,3.0,4.5,inferred
Ryedale,2021-06-03,0.0,0.0,0.0,0.0,0.0,0.0,1.0,1.0,1.0,2.0,2.0,3.0,4.0,inferred
Ryedale,2021-06-04,0.0,0.0,0.0,0.0,0.0,0.0,1.0,1.0,1.0,2.0,2.0,3.0,4.0,inferred
Ryedale,2021-06-05,0.0,0.0,0.0,0.0,0.0,0.0,1.0,1.0,1.0,2.0,2.0,3.0,4.0,inferred
Ryedale,2021-06-06,0.0,0.0,0.0,0.0,0.0,1.0,1.0,1.0,2.0,2.0,2.0,3.0,5.0,inferred
Ryedale,2021-06-07,0.0,0.0,0.0,0.0,1.0,1.0,1.0,2.0,2.0,2.0,3.0,4.0,6.0,inferred
Ryedale,2021-06-08,0.0,0.0,0.0,1.0,1.0,1.0,1.0,2.0,2.0,3.0,3.0,4.0,6.0,inferred
Ryedale,2021-06-09,0.0,0.0,0.0,1.0,1.0,1.0,2.0,2.0,3.0,3.0,3.0,4.0,7.0,inferred
Ryedale,2021-06-10,0.0,0.0,1.0,1.0,1.0,1.0,2.0,2.0,3.0,3.0,4.0,5.0,7.0,inferred
Ryedale,2021-06-11,0.0,0.0,1.0,1.0,1.0,1.0,2.0,2.0,3.0,3.0,4.0,5.0,7.0,inferred
Ryedale,2021-06-12,0.0,0.0,0.0,1.0,1.0,1.0,2.0,2.0,3.0,3.0,3.0,4.0,6.0,inferred
Ryedale,2021-06-13,0.0,0.0,1.0,1.0,1.0,2.0,2.0,2.0,3.0,3.0,4.0,5.0,7.0,inferred
Ryedale,2021-06-14,0.0,1.0,1.0,2.0,2.0,2.0,3.0,4.0,4.0,5.0,5.0,7.0,10.0,inferred
Ryedale,2021-06-15,0.0,1.0,1.0,2.0,2.0,2.0,3.0,4.0,4.0,5.0,5.0,7.0,9.0,inferred
Ryedale,2021-06-16,0.0,1.0,1.0,2.0,2.0,3.0,3.0,4.0,5.0,5.0,6.0,7.0,10.0,inferred
Ryedale,2021-06-17,0.0,1.0,1.0,2.0,2.0,3.0,3.0,4.0,5.0,5.0,6.0,7.0,10.0,inferred
Ryedale,2021-06-18,0.0,1.0,1.0,2.0,2.0,2.0,3.0,4.0,4.0,5.0,5.0,7.0,10.0,inferred
Salford,2021-03-06,16.0,20.0,23.0,24.0,26.0,27.0,29.0,31.0,33.0,34.0,36.0,39.0,46.0,inferred
Salford,2021-03-07,21.0,25.0,28.0,29.8,31.0,33.0,34.0,36.0,38.0,40.0,41.0,46.0,53.0,inferred
Salford,2021-03-08,27.0,33.0,37.0,38.0,40.0,42.0,44.0,47.0,49.0,50.0,52.0,57.0,64.0,inferred
Salford,2021-03-09,28.0,33.0,37.0,38.0,39.0,42.0,44.0,46.0,49.0,50.0,52.0,56.0,62.0,inferred
Salford,2021-03-10,28.0,33.0,36.0,38.0,39.0,42.0,44.0,47.0,49.0,51.0,52.0,57.0,63.0,inferred
Salford,2021-03-11,25.0,31.0,35.0,36.0,37.0,39.0,41.0,44.0,46.0,48.0,49.0,54.0,60.5,inferred
Salford,2021-03-12,22.5,27.0,30.0,31.0,32.0,34.0,37.0,39.0,41.0,42.0,44.0,47.0,55.0,inferred
Salford,2021-03-13,16.0,20.0,23.0,24.0,25.0,27.0,29.0,31.0,34.0,35.0,36.0,40.0,46.0,inferred
Salford,2021-03-14,19.0,24.0,27.0,28.0,29.0,31.0,33.0,35.0,38.0,39.0,41.0,45.0,52.5,inferred
Salford,2021-03-15,27.0,32.0,35.0,36.0,38.0,40.0,43.0,45.0,48.0,50.0,51.0,56.0,63.0,inferred
Salford,2021-03-16,26.0,31.0,35.0,36.0,37.0,40.0,42.0,45.0,47.0,49.0,50.0,55.0,63.0,inferred
Salford,2021-03-17,25.0,30.0,34.0,35.0,36.0,39.0,41.0,44.0,46.0,48.0,50.0,54.0,61.0,inferred
Salford,2021-03-18,23.0,27.9,31.0,33.0,34.0,36.0,39.0,41.0,43.0,44.0,46.0,50.0,57.5,inferred
Salford,2021-03-19,19.0,23.0,27.0,28.0,29.0,31.0,33.0,35.0,37.0,38.0,40.0,44.0,50.0,inferred
Salford,2021-03-20,13.0,17.0,20.0,21.0,22.0,23.0,25.0,27.0,29.0,30.0,31.0,35.0,41.5,inferred
Salford,2021-03-21,16.0,20.0,23.0,24.0,25.0,27.0,29.0,30.0,33.0,34.0,35.0,39.0,46.0,inferred
Salford,2021-03-22,21.0,26.0,29.0,30.0,31.0,34.0,36.0,38.0,41.0,42.0,44.0,48.0,55.5,inferred
Salford,2021-03-23,20.0,24.0,28.0,29.0,30.0,33.0,35.0,37.0,39.0,41.0,42.0,46.0,52.0,inferred
Salford,2021-03-24,19.0,23.9,27.0,28.0,29.0,31.0,33.5,36.0,38.0,40.0,41.0,45.0,51.0,inferred
Salford,2021-03-25,17.0,21.0,23.0,24.8,26.0,28.0,30.0,32.0,34.0,35.0,37.0,40.1,47.0,inferred
Salford,2021-03-26,13.0,17.0,20.0,21.0,22.0,23.0,25.0,27.0,29.0,30.0,31.0,35.0,41.0,inferred
Salford,2021-03-27,9.0,11.0,14.0,15.0,16.0,17.0,19.0,20.0,22.0,23.0,24.0,28.0,33.0,inferred
Salford,2021-03-28,10.0,13.0,15.0,16.0,17.0,19.0,21.0,22.0,24.0,25.0,26.0,30.0,34.0,inferred
Salford,2021-03-29,13.0,17.0,19.8,20.0,21.0,23.0,25.0,27.0,29.0,30.0,32.0,36.0,42.0,inferred
Salford,2021-03-30,11.0,15.0,17.0,19.0,20.0,21.0,23.0,25.0,27.0,28.0,29.0,33.0,38.0,inferred
Salford,2021-03-31,11.0,14.0,17.0,17.0,18.0,20.0,22.0,24.0,25.0,27.0,28.0,32.0,37.0,inferred
Salford,2021-04-01,9.0,12.0,15.0,16.0,16.0,18.0,20.0,21.0,23.0,24.0,25.0,28.0,34.0,inferred
Salford,2021-04-02,7.0,10.0,12.0,12.0,13.0,15.0,16.0,17.0,19.0,20.0,21.0,24.0,29.0,inferred
Salford,2021-04-03,4.0,6.0,8.0,9.0,9.0,11.0,12.0,13.0,15.0,15.0,16.0,19.0,23.0,inferred
Salford,2021-04-04,5.0,7.0,9.0,10.0,11.0,12.0,13.0,15.0,16.0,17.0,18.0,21.0,26.0,inferred
Salford,2021-04-05,7.0,9.0,12.0,12.0,13.0,15.0,16.0,18.0,19.0,20.0,21.0,24.0,30.0,inferred
Salford,2021-04-06,7.0,9.0,11.0,12.0,13.0,14.0,16.0,17.0,19.0,20.0,21.0,24.0,29.0,inferred
Salford,2021-04-07,6.0,9.0,11.0,12.0,13.0,14.0,16.0,17.0,19.0,19.0,20.0,23.0,28.0,inferred
Salford,2021-04-08,6.0,8.0,10.0,11.0,12.0,13.0,15.0,16.0,17.3,18.0,19.0,22.0,27.0,inferred
Salford,2021-04-09,5.0,7.0,8.0,9.0,10.0,11.0,12.0,14.0,15.0,16.0,17.0,20.0,23.0,inferred
Salford,2021-04-10,3.0,5.0,6.0,7.0,7.0,8.0,10.0,11.0,12.0,13.0,13.0,16.0,20.0,inferred
Salford,2021-04-11,4.0,6.0,7.0,8.0,8.0,9.0,11.0,12.0,13.0,14.0,15.0,17.0,21.0,inferred
Salford,2021-04-12,5.0,8.0,9.0,10.0,11.0,12.0,14.0,15.0,17.0,17.0,18.0,21.0,26.0,inferred
Salford,2021-04-13,5.0,7.0,9.0,10.0,11.0,12.0,13.0,15.0,16.0,17.0,18.0,21.0,25.0,inferred
Salford,2021-04-14,5.0,8.0,9.0,10.0,11.0,12.0,13.0,15.0,16.0,17.0,18.0,21.0,25.0,inferred
Salford,2021-04-15,5.0,7.0,9.0,9.0,10.0,11.0,12.0,14.0,15.0,16.0,17.0,20.0,24.0,inferred
Salford,2021-04-16,4.0,6.0,7.0,8.0,9.0,10.0,11.0,12.0,13.0,14.0,16.0,18.0,22.5,inferred
Salford,2021-04-17,2.0,4.0,5.8,6.0,7.0,8.0,9.0,10.0,11.0,12.0,12.0,15.0,19.0,inferred
Salford,2021-04-18,3.0,5.0,7.0,7.0,8.0,9.0,10.0,11.0,13.0,13.0,14.0,17.0,21.0,inferred
Salford,2021-04-19,5.0,7.0,9.0,10.0,10.0,12.0,13.0,14.0,16.0,17.0,18.0,21.0,25.0,inferred
Salford,2021-04-20,5.0,7.9,9.0,10.0,11.0,12.0,13.0,14.0,16.0,17.0,17.0,20.0,25.0,inferred
Salford,2021-04-21,5.0,7.0,9.0,10.0,11.0,12.0,13.0,14.0,16.0,17.0,18.0,21.0,25.0,inferred
Salford,2021-04-22,4.0,7.0,9.0,9.0,10.0,11.0,13.0,14.0,16.0,16.0,17.0,20.0,25.0,inferred
Salford,2021-04-23,4.0,6.0,8.0,8.0,9.0,10.0,11.0,12.0,14.0,15.0,16.0,18.0,23.0,inferred
Salford,2021-04-24,2.5,4.0,6.0,6.0,7.0,8.0,9.0,10.0,11.0,12.0,13.0,16.0,20.0,inferred
Salford,2021-04-25,3.0,6.0,7.0,8.0,8.0,9.0,10.0,12.0,13.0,14.0,15.0,17.0,21.0,inferred
Salford,2021-04-26,5.0,7.0,9.0,10.0,11.0,12.0,14.0,15.0,16.0,17.0,18.0,21.0,26.0,inferred
Salford,2021-04-27,5.0,7.0,9.8,10.0,11.0,12.0,13.0,15.0,16.0,17.0,18.0,21.0,25.0,inferred
Salford,2021-04-28,5.0,7.0,9.0,10.0,11.0,12.0,13.0,15.0,16.0,17.0,18.0,21.0,25.0,inferred
Salford,2021-04-29,4.0,7.0,8.0,9.0,10.0,11.0,12.0,13.0,15.0,16.0,16.0,19.0,24.0,inferred
Salford,2021-04-30,4.0,6.0,7.0,8.0,9.0,10.0,11.0,12.0,13.0,14.0,15.0,17.0,22.0,inferred
Salford,2021-05-01,2.0,4.0,5.0,6.0,6.0,7.0,8.0,9.0,10.0,11.0,11.0,14.0,17.0,inferred
Salford,2021-05-02,2.0,4.0,6.0,7.0,7.0,8.0,9.0,10.0,12.0,12.0,13.0,15.0,20.0,inferred
Salford,2021-05-03,4.0,6.0,8.0,9.0,9.0,11.0,12.0,13.0,14.0,15.0,16.0,18.0,23.0,inferred
Salford,2021-05-04,4.0,6.0,8.0,8.0,9.0,10.0,12.0,13.0,15.0,15.0,16.0,18.0,23.0,inferred
Salford,2021-05-05,4.0,6.0,8.0,9.0,9.0,10.0,12.0,13.0,15.0,15.0,16.0,19.0,23.0,inferred
Salford,2021-05-06,4.0,6.0,7.0,8.0,9.0,10.0,11.0,12.0,14.0,15.0,15.0,18.0,22.0,inferred
Salford,2021-05-07,3.0,5.0,6.0,7.0,7.0,8.0,9.0,10.0,12.0,13.0,13.0,16.0,20.0,inferred
Salford,2021-05-08,2.0,3.0,5.0,5.0,6.0,7.0,7.0,8.0,10.0,10.0,11.0,13.0,17.0,inferred
Salford,2021-05-09,2.0,4.0,5.0,6.0,7.0,8.0,9.0,10.0,11.0,12.0,12.0,15.0,19.0,inferred
Salford,2021-05-10,4.0,6.0,7.0,8.0,9.0,10.0,11.0,13.0,14.0,15.0,15.0,18.0,23.0,inferred
Salford,2021-05-11,4.0,6.0,8.0,8.0,9.0,10.0,12.0,13.0,14.0,15.0,16.0,19.0,24.0,inferred
Salford,2021-05-12,4.0,6.0,8.0,9.0,9.0,11.0,12.0,13.0,14.0,15.0,16.0,19.0,24.0,inferred
Salford,2021-05-13,4.0,6.0,8.0,9.0,9.0,11.0,12.0,13.0,15.0,16.0,16.0,19.0,23.0,inferred
Salford,2021-05-14,3.0,6.0,7.0,8.0,8.0,10.0,11.0,12.0,13.0,14.0,15.0,17.0,21.0,inferred
Salford,2021-05-15,2.0,4.0,5.0,6.0,7.0,8.0,9.0,10.0,11.0,12.0,13.0,15.0,19.0,inferred
Salford,2021-05-16,3.0,6.0,7.0,8.0,8.0,10.0,10.0,12.0,13.0,14.0,15.0,18.0,21.5,inferred
Salford,2021-05-17,6.0,8.0,11.0,11.0,12.0,14.0,15.0,17.0,18.0,19.0,20.0,23.0,29.0,inferred
Salford,2021-05-18,7.0,10.0,12.0,12.0,13.0,15.0,17.0,18.0,20.0,21.0,22.0,25.0,30.0,inferred
Salford,2021-05-19,8.0,12.0,14.0,15.0,16.0,17.0,19.0,21.0,22.0,23.0,25.0,28.0,34.0,inferred
Salford,2021-05-20,9.0,13.0,16.0,17.0,18.0,19.0,21.0,22.0,24.0,25.0,26.0,30.0,35.0,inferred
Salford,2021-05-21,10.0,13.0,16.0,17.0,18.0,19.0,21.0,22.0,24.0,25.0,27.0,30.0,36.0,inferred
Salford,2021-05-22,8.0,12.0,14.0,14.0,15.0,17.0,19.0,20.0,22.0,23.0,24.0,28.0,33.0,inferred
Salford,2021-05-23,12.0,16.0,19.0,20.0,21.0,22.0,24.0,26.0,28.0,29.0,31.0,34.0,40.0,inferred
Salford,2021-05-24,21.0,25.0,28.0,29.0,31.0,33.0,35.0,37.0,39.0,41.0,42.0,46.0,53.0,inferred
Salford,2021-05-25,24.0,29.9,33.0,34.0,35.0,38.0,40.0,42.0,45.0,46.0,48.0,53.0,58.0,inferred
Salford,2021-05-26,29.0,34.0,38.0,39.0,41.0,43.0,46.0,48.0,50.0,52.0,54.0,59.0,66.0,inferred
Salford,2021-05-27,32.0,37.0,41.0,43.0,44.0,46.6,49.0,52.0,55.0,56.0,58.0,63.0,73.0,inferred
Salford,2021-05-28,31.0,38.0,42.0,43.0,45.0,47.0,50.0,52.0,55.0,56.0,58.0,63.0,72.0,inferred
Salford,2021-05-29,28.5,33.0,37.0,39.0,40.0,42.0,44.0,47.0,49.0,51.0,53.0,57.0,66.0,inferred
Salford,2021-05-30,38.0,44.0,48.0,50.0,52.0,55.0,57.0,60.0,63.3,65.0,67.0,72.0,81.0,inferred
Salford,2021-05-31,59.0,66.0,72.0,74.0,76.0,80.0,83.0,87.0,90.0,92.0,94.0,101.0,111.0,inferred
Salford,2021-06-01,64.0,73.0,80.0,82.0,84.0,87.0,91.0,94.4,98.0,100.0,102.0,108.0,118.5,inferred
Salford,2021-06-02,72.0,81.0,87.0,89.0,91.0,95.0,98.0,102.0,106.0,108.0,111.0,118.0,129.5,inferred
Salford,2021-06-03,74.0,83.0,90.0,92.0,94.0,97.0,101.0,105.0,108.0,110.0,113.0,119.0,130.0,inferred
Salford,2021-06-04,70.0,79.0,85.0,87.0,88.0,92.0,95.0,98.0,102.0,104.0,107.0,113.0,125.0,inferred
Salford,2021-06-05,57.0,65.0,70.0,72.0,74.0,77.0,80.0,83.0,86.0,88.0,90.0,96.0,105.5,inferred
Salford,2021-06-06,72.0,81.0,87.0,89.0,91.0,95.0,98.0,102.0,106.0,109.0,112.0,118.0,128.0,inferred
Salford,2021-06-07,104.0,114.0,120.0,123.0,126.0,130.0,134.0,138.0,142.0,145.0,148.2,157.0,168.0,inferred
Salford,2021-06-08,104.0,117.0,124.0,127.0,128.0,132.6,137.0,141.0,145.0,148.0,151.0,161.0,173.0,inferred
Salford,2021-06-09,108.0,119.0,127.0,129.0,131.0,136.0,140.0,145.0,149.0,151.0,154.0,162.0,173.0,inferred
Salford,2021-06-10,103.0,113.0,119.8,122.0,124.0,129.0,133.0,138.0,142.3,145.0,148.0,155.0,168.0,inferred
Salford,2021-06-11,91.0,99.0,105.0,108.0,111.0,115.0,119.0,123.0,127.0,129.0,131.0,139.1,150.5,inferred
Salford,2021-06-12,68.0,77.0,83.0,85.0,87.0,91.0,94.0,98.0,102.0,105.0,107.0,114.0,124.0,inferred
Salford,2021-06-13,82.0,91.0,97.0,99.0,101.7,105.0,109.0,113.0,117.0,119.0,122.0,130.0,141.0,inferred
Salford,2021-06-14,109.0,120.0,127.0,130.0,133.0,138.0,142.0,147.0,151.0,153.0,156.0,165.0,179.0,inferred
Salford,2021-06-15,108.0,121.0,128.8,131.0,133.0,138.0,142.0,147.0,152.0,154.0,157.0,164.0,178.0,inferred
Salford,2021-06-16,110.0,121.0,129.0,132.0,134.0,139.0,144.0,148.0,153.0,156.0,160.0,168.0,182.5,inferred
Salford,2021-06-17,106.5,117.0,124.0,127.0,130.0,134.0,138.0,142.0,147.0,149.0,153.0,161.0,174.0,inferred
Salford,2021-06-18,93.0,102.0,109.0,112.0,114.0,119.0,123.0,128.0,132.0,136.0,138.0,147.0,160.0,inferred
Sandwell,2021-03-06,19.0,23.0,27.0,28.0,29.0,32.0,34.0,36.0,38.0,39.0,41.0,46.0,52.5,inferred
Sandwell,2021-03-07,22.0,28.0,32.0,33.0,34.0,36.0,39.0,41.0,44.0,45.0,47.0,52.0,59.0,inferred
Sandwell,2021-03-08,30.0,37.0,41.0,42.0,44.0,46.0,49.0,52.0,55.0,56.0,58.0,64.0,72.0,inferred
Sandwell,2021-03-09,29.0,34.0,38.0,40.0,41.0,44.0,47.0,49.0,52.0,54.0,55.0,61.0,70.0,inferred
Sandwell,2021-03-10,31.0,36.0,40.0,42.0,43.0,46.0,49.0,51.0,54.0,56.0,58.0,63.0,71.0,inferred
Sandwell,2021-03-11,26.0,32.0,36.0,37.0,39.0,41.0,43.0,46.0,49.0,50.0,52.0,57.0,65.0,inferred
Sandwell,2021-03-12,23.0,28.0,32.0,34.0,35.0,37.0,39.0,42.0,45.0,46.0,48.0,53.0,61.0,inferred
Sandwell,2021-03-13,17.0,21.0,24.0,26.0,27.0,29.0,31.0,33.0,36.0,37.0,39.0,42.0,49.0,inferred
Sandwell,2021-03-14,21.0,26.0,29.0,31.0,32.0,34.0,36.0,38.0,41.0,42.0,44.0,49.0,56.0,inferred
Sandwell,2021-03-15,28.0,34.0,39.0,40.0,42.0,44.0,47.0,50.0,53.0,55.0,57.0,62.0,71.0,inferred
Sandwell,2021-03-16,27.0,33.0,37.0,38.0,40.0,42.0,45.0,47.0,51.0,52.0,54.2,60.0,67.0,inferred
Sandwell,2021-03-17,30.0,36.0,40.0,41.0,42.0,45.0,48.0,51.0,54.0,56.0,57.0,62.0,70.0,inferred
Sandwell,2021-03-18,25.0,31.0,35.0,37.0,38.0,41.0,44.0,46.0,49.0,50.0,52.0,57.0,67.0,inferred
Sandwell,2021-03-19,23.5,28.0,32.0,33.0,35.0,37.0,39.0,42.0,44.3,46.0,48.0,52.0,61.0,inferred
Sandwell,2021-03-20,17.0,22.0,26.0,27.0,28.0,30.0,32.0,35.0,37.0,38.0,40.0,45.0,53.0,inferred
Sandwell,2021-03-21,22.0,27.0,30.0,32.0,33.0,36.0,39.0,41.0,43.0,45.0,47.0,51.0,58.0,inferred
Sandwell,2021-03-22,30.0,37.0,40.0,42.0,43.0,46.0,49.0,52.0,55.0,57.0,59.0,65.0,76.0,inferred
Sandwell,2021-03-23,28.5,34.0,38.0,40.0,42.0,44.0,47.0,49.0,52.0,54.0,56.0,61.0,70.0,inferred
Sandwell,2021-03-24,29.0,34.0,39.0,40.0,42.0,45.0,47.0,50.0,53.0,55.0,57.0,62.0,70.5,inferred
Sandwell,2021-03-25,23.0,29.0,33.0,35.0,36.0,38.0,41.0,43.0,46.0,48.0,50.0,55.0,64.0,inferred
Sandwell,2021-03-26,20.0,24.0,28.0,29.0,30.0,33.0,35.0,37.0,40.0,41.0,43.0,47.1,54.0,inferred
Sandwell,2021-03-27,14.0,17.0,20.0,21.0,23.0,24.0,26.0,28.0,30.0,31.0,33.0,37.0,45.0,inferred
Sandwell,2021-03-28,16.0,20.0,23.0,24.0,25.0,27.0,29.0,31.0,33.0,35.0,37.0,41.0,48.0,inferred
Sandwell,2021-03-29,19.0,24.0,28.0,30.0,31.0,33.0,35.0,38.0,40.0,42.0,43.0,47.0,56.0,inferred
Sandwell,2021-03-30,17.0,22.0,25.0,27.0,28.0,30.0,32.0,34.0,36.0,38.0,39.0,43.0,50.0,inferred
Sandwell,2021-03-31,16.0,21.0,25.0,26.0,27.0,30.0,32.0,34.0,36.0,37.0,38.2,43.0,49.0,inferred
Sandwell,2021-04-01,13.5,17.0,20.0,21.0,22.0,24.0,26.0,28.0,31.0,32.0,33.0,37.0,43.0,inferred
Sandwell,2021-04-02,10.5,14.0,17.0,18.0,19.0,21.0,23.0,25.0,26.0,28.0,29.0,33.0,40.0,inferred
Sandwell,2021-04-03,7.0,10.0,12.0,13.0,13.0,15.0,17.0,18.0,20.0,21.0,22.0,25.1,31.0,inferred
Sandwell,2021-04-04,8.0,11.0,13.0,14.0,15.0,17.0,18.0,20.0,22.0,23.0,24.0,27.0,33.0,inferred
Sandwell,2021-04-05,10.0,14.0,17.0,18.0,19.0,21.0,22.0,24.0,26.0,27.0,29.0,33.0,39.0,inferred
Sandwell,2021-04-06,9.5,13.0,15.0,16.0,17.0,19.0,21.0,22.0,25.0,26.0,27.0,30.1,36.0,inferred
Sandwell,2021-04-07,10.0,14.0,16.0,17.0,18.0,20.0,22.0,24.0,26.0,27.0,29.0,33.0,39.0,inferred
Sandwell,2021-04-08,9.0,12.0,14.0,15.0,16.0,18.0,19.0,21.0,23.0,24.0,25.0,29.0,34.5,inferred
Sandwell,2021-04-09,7.0,10.0,13.0,14.0,15.0,16.0,17.0,19.0,21.0,22.0,23.0,27.0,32.0,inferred
Sandwell,2021-04-10,5.0,7.0,9.0,10.0,11.0,12.0,13.0,15.0,16.0,17.0,18.0,21.0,26.0,inferred
Sandwell,2021-04-11,6.0,9.0,11.0,12.0,12.0,14.0,15.0,17.0,18.0,19.0,21.0,24.0,28.0,inferred
Sandwell,2021-04-12,8.0,12.0,14.0,15.0,16.0,18.0,19.0,21.0,23.0,24.0,25.0,29.0,34.0,inferred
Sandwell,2021-04-13,7.0,11.0,13.0,14.0,15.0,17.0,18.0,20.0,22.0,23.0,25.0,28.0,34.0,inferred
Sandwell,2021-04-14,8.0,11.0,14.0,15.0,16.0,17.0,19.0,21.0,23.0,24.0,25.0,28.0,35.0,inferred
Sandwell,2021-04-15,6.0,10.0,12.0,13.0,14.0,15.0,17.0,18.0,20.0,21.0,22.0,26.0,31.0,inferred
Sandwell,2021-04-16,6.0,8.0,10.0,11.0,12.0,14.0,15.0,17.0,19.0,20.0,21.0,24.0,29.0,inferred
Sandwell,2021-04-17,4.0,6.0,8.0,9.0,9.0,11.0,12.0,14.0,15.0,16.0,17.0,20.0,24.5,inferred
Sandwell,2021-04-18,5.0,8.0,10.0,11.0,11.0,13.0,14.0,15.0,17.0,18.0,19.0,22.0,28.0,inferred
Sandwell,2021-04-19,7.0,10.0,13.0,14.0,14.0,16.0,17.0,19.0,21.0,22.0,23.0,27.0,32.0,inferred
Sandwell,2021-04-20,6.5,9.0,12.0,12.0,13.0,15.0,16.0,18.0,20.0,21.0,22.0,25.0,31.0,inferred
Sandwell,2021-04-21,7.0,10.0,12.0,13.0,14.0,15.0,17.0,18.0,20.0,21.0,22.0,26.0,31.0,inferred
Sandwell,2021-04-22,5.0,8.0,10.0,11.0,11.0,13.0,14.0,15.4,17.0,18.0,19.0,22.0,28.0,inferred
Sandwell,2021-04-23,4.0,6.0,8.0,9.0,10.0,11.0,12.0,14.0,15.0,16.0,17.0,20.0,26.0,inferred
Sandwell,2021-04-24,2.0,4.0,6.0,6.0,7.0,8.0,9.0,10.0,12.0,13.0,14.0,16.0,21.0,inferred
Sandwell,2021-04-25,3.0,5.0,7.0,7.0,8.0,9.0,10.0,12.0,13.0,14.0,15.0,17.0,22.5,inferred
Sandwell,2021-04-26,4.0,7.0,9.0,10.0,10.0,12.0,13.0,14.0,16.0,17.0,18.0,21.0,27.0,inferred
Sandwell,2021-04-27,4.0,6.0,8.0,9.0,10.0,11.0,12.0,14.0,15.0,16.0,17.0,20.0,25.0,inferred
Sandwell,2021-04-28,4.0,7.0,9.0,9.0,10.0,11.0,13.0,14.0,16.0,17.0,18.0,21.0,26.0,inferred
Sandwell,2021-04-29,3.0,5.0,7.0,8.0,8.0,10.0,11.0,12.0,13.0,15.0,16.0,19.0,23.0,inferred
Sandwell,2021-04-30,3.0,5.0,6.0,7.0,8.0,9.0,10.0,11.0,12.3,13.0,14.0,17.0,21.5,inferred
Sandwell,2021-05-01,1.0,3.0,4.0,5.0,6.0,6.0,8.0,9.0,10.0,11.0,12.0,14.0,18.0,inferred
Sandwell,2021-05-02,2.0,4.0,5.0,6.0,7.0,8.0,9.0,10.0,11.0,12.0,13.0,15.1,20.0,inferred
Sandwell,2021-05-03,3.0,5.0,7.0,8.0,9.0,10.0,11.0,13.0,14.0,15.0,16.0,18.0,24.0,inferred
Sandwell,2021-05-04,3.0,5.0,7.0,8.0,8.0,9.0,11.0,12.0,13.0,14.0,15.0,18.0,23.0,inferred
Sandwell,2021-05-05,4.0,6.0,7.0,8.0,9.0,10.0,11.0,12.0,14.0,15.0,16.0,18.0,23.0,inferred
Sandwell,2021-05-06,3.0,5.0,6.0,7.0,7.0,8.6,10.0,11.0,12.0,13.0,14.0,17.0,21.0,inferred
Sandwell,2021-05-07,2.0,4.0,6.0,6.0,7.0,8.0,9.0,10.0,11.0,12.0,13.0,16.0,21.0,inferred
Sandwell,2021-05-08,1.0,3.0,4.0,4.0,5.0,6.0,7.0,8.0,9.0,10.0,10.0,13.0,17.0,inferred
Sandwell,2021-05-09,2.0,4.0,5.0,5.0,6.0,7.0,8.0,9.0,10.0,11.0,12.0,14.0,19.0,inferred
Sandwell,2021-05-10,3.0,5.0,6.0,7.0,8.0,9.0,10.0,11.0,13.0,14.0,14.0,17.0,22.0,inferred
Sandwell,2021-05-11,3.0,5.0,6.0,7.0,7.0,8.0,10.0,11.0,12.0,13.0,14.0,17.0,21.0,inferred
Sandwell,2021-05-12,2.5,5.0,6.0,7.0,8.0,9.0,10.0,11.0,12.3,13.0,14.0,17.0,22.0,inferred
Sandwell,2021-05-13,2.0,4.0,6.0,6.0,7.0,8.0,9.0,10.0,12.0,12.0,13.0,16.0,20.0,inferred
Sandwell,2021-05-14,2.0,3.0,5.0,6.0,6.0,7.0,8.0,9.4,11.0,12.0,13.0,15.0,19.0,inferred
Sandwell,2021-05-15,1.0,2.0,4.0,4.0,5.0,5.0,6.0,7.0,8.0,9.0,10.0,12.0,16.0,inferred
Sandwell,2021-05-16,1.0,3.0,4.0,5.0,6.0,6.0,8.0,9.0,10.0,10.0,11.0,14.0,18.0,inferred
Sandwell,2021-05-17,2.0,4.0,6.0,6.0,7.0,8.0,10.0,11.0,12.0,13.0,14.0,16.0,20.5,inferred
Sandwell,2021-05-18,2.0,4.0,6.0,7.0,7.0,8.0,9.0,11.0,12.0,13.0,14.0,17.0,21.0,inferred
Sandwell,2021-05-19,3.0,5.0,6.0,7.0,8.0,9.0,10.0,11.0,13.0,14.0,15.0,17.0,21.0,inferred
Sandwell,2021-05-20,2.0,4.0,6.0,6.0,7.0,8.0,9.0,10.0,12.0,12.0,13.0,16.0,20.0,inferred
Sandwell,2021-05-21,2.0,4.0,5.0,6.0,6.0,7.0,8.0,9.0,11.0,12.0,13.0,15.0,20.0,inferred
Sandwell,2021-05-22,1.0,3.0,4.0,4.0,5.0,6.0,7.0,8.0,9.0,10.0,10.0,13.0,16.0,inferred
Sandwell,2021-05-23,2.0,3.0,5.0,5.0,6.0,7.0,8.0,9.0,10.3,11.0,12.0,15.0,19.0,inferred
Sandwell,2021-05-24,3.0,5.0,7.0,8.0,8.0,10.0,11.0,12.0,14.0,14.0,16.0,18.0,23.0,inferred
Sandwell,2021-05-25,3.0,5.0,7.0,8.0,8.0,10.0,11.0,12.0,14.0,15.0,16.0,19.0,23.0,inferred
Sandwell,2021-05-26,4.0,6.0,8.0,9.0,10.0,11.0,12.0,13.0,15.0,16.0,17.0,20.0,25.0,inferred
Sandwell,2021-05-27,3.5,6.0,7.0,8.0,9.0,10.0,11.0,13.0,14.0,15.0,16.0,19.0,24.0,inferred
Sandwell,2021-05-28,3.0,5.9,7.0,8.0,8.7,10.0,11.0,12.0,14.0,15.0,16.0,18.0,24.0,inferred
Sandwell,2021-05-29,2.0,5.0,6.0,7.0,7.0,8.0,9.0,10.4,12.0,13.0,14.0,16.0,21.0,inferred
Sandwell,2021-05-30,4.0,6.0,8.0,9.0,9.0,10.0,12.0,13.0,15.0,16.0,16.0,20.0,25.0,inferred
Sandwell,2021-05-31,6.0,9.0,11.0,12.0,13.0,15.0,16.0,18.0,20.0,21.0,22.0,25.0,30.0,inferred
Sandwell,2021-06-01,7.0,10.0,12.0,13.0,14.0,15.0,17.0,19.0,20.0,21.0,22.0,26.0,31.5,inferred
Sandwell,2021-06-02,8.0,11.0,13.0,14.0,15.0,17.0,19.0,20.0,22.0,23.0,25.0,28.0,34.0,inferred
Sandwell,2021-06-03,7.0,10.0,13.0,14.0,15.0,16.0,18.0,19.0,21.0,22.0,23.2,27.0,33.0,inferred
Sandwell,2021-06-04,7.0,10.0,12.0,13.0,14.0,16.0,17.0,19.0,21.0,22.0,23.0,26.0,32.0,inferred
Sandwell,2021-06-05,5.0,8.0,10.0,10.0,11.0,12.0,14.0,15.0,17.0,18.0,19.0,22.0,28.0,inferred
Sandwell,2021-06-06,7.0,10.0,13.0,14.0,14.0,16.0,18.0,19.0,21.0,22.0,24.0,27.0,33.5,inferred
Sandwell,2021-06-07,11.0,15.0,18.0,19.0,20.0,22.0,23.0,25.0,27.0,28.0,30.0,34.0,40.0,inferred
Sandwell,2021-06-08,11.0,15.0,17.0,19.0,20.0,22.0,23.0,25.0,27.0,28.0,30.0,33.0,39.0,inferred
Sandwell,2021-06-09,13.0,16.0,19.0,20.0,21.0,23.0,25.0,27.0,29.0,30.0,32.0,36.0,43.0,inferred
Sandwell,2021-06-10,10.0,14.0,17.0,18.0,19.0,21.0,23.0,25.0,27.0,28.0,30.0,34.0,40.0,inferred
Sandwell,2021-06-11,10.0,14.0,16.0,18.0,19.0,20.0,22.0,24.0,26.0,27.0,28.0,32.0,39.0,inferred
Sandwell,2021-06-12,8.0,11.0,13.0,14.0,15.0,16.0,18.0,19.0,21.0,22.0,24.0,27.0,33.0,inferred
Sandwell,2021-06-13,10.0,14.0,16.0,17.0,17.0,19.0,22.0,23.0,25.0,27.0,28.0,32.0,38.0,inferred
Sandwell,2021-06-14,15.0,19.0,22.0,23.0,25.0,27.0,29.0,31.0,33.3,35.0,36.0,40.0,47.5,inferred
Sandwell,2021-06-15,15.0,18.0,22.0,23.0,24.0,26.0,28.0,30.0,33.0,34.0,36.0,40.0,47.0,inferred
Sandwell,2021-06-16,16.0,21.0,24.0,26.0,27.0,29.0,31.0,34.0,36.0,37.0,39.0,43.0,50.0,inferred
Sandwell,2021-06-17,15.0,19.0,22.0,24.0,25.0,27.0,29.0,31.0,34.0,35.0,37.0,41.1,48.0,inferred
Sandwell,2021-06-18,13.0,18.0,20.0,22.0,23.0,25.0,27.0,29.0,32.0,33.2,35.0,39.0,46.5,inferred
Scarborough,2021-03-06,0.0,1.0,1.0,1.0,2.0,2.0,3.0,3.0,4.0,4.0,5.0,6.0,9.0,inferred
Scarborough,2021-03-07,0.0,1.0,1.0,2.0,2.0,2.0,3.0,4.0,4.0,5.0,5.0,6.0,9.0,inferred
Scarborough,2021-03-08,0.0,1.0,2.0,3.0,3.0,3.0,4.0,5.0,6.0,6.0,7.0,8.0,11.0,inferred
Scarborough,2021-03-09,0.0,1.0,2.0,3.0,3.0,3.6,4.0,5.0,6.0,6.0,7.0,8.0,11.0,inferred
Scarborough,2021-03-10,1.0,2.0,2.0,3.0,3.0,4.0,4.0,5.0,6.0,7.0,7.0,8.1,11.0,inferred
Scarborough,2021-03-11,0.0,2.0,2.0,3.0,3.0,4.0,4.0,5.0,6.0,6.0,7.0,8.0,11.0,inferred
Scarborough,2021-03-12,0.0,1.0,2.0,3.0,3.0,3.0,4.0,5.0,6.0,6.0,7.0,8.0,11.0,inferred
Scarborough,2021-03-13,0.0,1.0,2.0,2.0,2.0,3.0,3.0,4.0,5.0,5.0,6.0,7.0,10.0,inferred
Scarborough,2021-03-14,0.0,1.0,2.0,2.8,3.0,3.0,4.0,5.0,5.0,6.0,6.0,8.0,10.0,inferred
Scarborough,2021-03-15,1.0,2.0,3.0,4.0,4.0,5.0,6.0,6.0,7.0,8.0,8.0,10.0,13.0,inferred
Scarborough,2021-03-16,1.0,2.0,3.0,3.0,4.0,5.0,5.0,6.0,7.0,7.0,8.0,10.0,13.0,inferred
Scarborough,2021-03-17,1.0,2.0,3.0,4.0,4.0,5.0,6.0,7.0,8.0,8.0,9.0,11.0,14.0,inferred
Scarborough,2021-03-18,1.0,2.0,3.0,4.0,4.0,5.0,6.0,7.0,7.0,8.0,8.0,11.0,14.0,inferred
Scarborough,2021-03-19,1.0,2.0,3.0,4.0,4.0,5.0,5.0,6.0,7.0,8.0,8.0,10.0,13.0,inferred
Scarborough,2021-03-20,0.0,2.0,2.0,3.0,3.0,4.0,5.0,5.0,6.0,7.0,7.0,9.0,12.0,inferred
Scarborough,2021-03-21,1.0,2.0,3.0,3.8,4.0,5.0,5.0,6.0,7.0,7.0,8.0,10.0,13.0,inferred
Scarborough,2021-03-22,2.0,3.0,5.0,5.0,6.0,7.0,7.0,8.0,9.0,10.0,10.2,13.0,16.0,inferred
Scarborough,2021-03-23,2.0,3.0,4.0,5.0,5.0,6.0,7.0,8.0,9.0,9.0,10.0,12.0,15.0,inferred
Scarborough,2021-03-24,2.0,3.0,4.0,5.0,5.0,6.0,7.0,8.0,9.0,10.0,11.0,13.0,16.0,inferred
Scarborough,2021-03-25,2.0,3.0,4.0,5.0,5.0,6.0,7.0,8.0,9.0,9.0,10.0,12.0,15.0,inferred
Scarborough,2021-03-26,1.0,3.0,4.0,4.0,5.0,6.0,6.0,7.0,8.0,9.0,10.0,12.0,15.0,inferred
Scarborough,2021-03-27,1.0,2.0,3.0,3.0,4.0,4.0,5.0,6.0,7.0,7.0,8.0,10.0,12.0,inferred
Scarborough,2021-03-28,1.0,2.0,3.0,4.0,4.0,5.0,6.0,7.0,8.0,8.0,9.0,11.0,14.0,inferred
Scarborough,2021-03-29,2.0,3.0,4.0,5.0,5.0,7.0,7.0,8.0,9.0,10.0,11.0,13.0,16.5,inferred
Scarborough,2021-03-30,2.0,3.0,4.0,5.0,5.0,6.0,7.0,8.0,9.0,9.0,10.0,12.0,15.0,inferred
Scarborough,2021-03-31,2.0,3.0,4.0,5.0,5.0,6.0,7.0,8.0,9.0,9.0,10.0,11.1,14.0,inferred
Scarborough,2021-04-01,1.0,3.0,4.0,4.0,4.0,5.0,6.0,7.0,8.0,8.0,9.0,11.0,14.0,inferred
Scarborough,2021-04-02,1.0,2.0,3.0,3.0,4.0,4.0,5.0,6.0,7.0,7.0,8.0,9.0,12.0,inferred
Scarborough,2021-04-03,0.0,1.0,2.0,2.0,3.0,3.0,4.0,5.0,5.0,6.0,6.0,8.0,11.0,inferred
Scarborough,2021-04-04,0.0,1.0,2.0,3.0,3.0,4.0,4.0,5.0,6.0,6.0,7.0,9.0,11.0,inferred
Scarborough,2021-04-05,1.0,2.0,3.0,3.0,4.0,4.0,5.0,6.0,7.0,7.0,8.0,9.0,12.0,inferred
Scarborough,2021-04-06,1.0,1.0,2.0,3.0,3.0,4.0,5.0,5.0,6.0,7.0,7.0,9.0,12.0,inferred
Scarborough,2021-04-07,0.0,1.0,2.0,3.0,3.0,4.0,4.0,5.0,6.0,6.0,7.0,8.0,11.0,inferred
Scarborough,2021-04-08,0.0,1.0,2.0,2.0,3.0,3.0,4.0,5.0,5.0,6.0,6.0,8.0,10.0,inferred
Scarborough,2021-04-09,0.0,1.0,2.0,2.0,2.0,3.0,3.0,4.0,5.0,5.0,6.0,7.0,9.0,inferred
Scarborough,2021-04-10,0.0,1.0,1.0,1.0,2.0,2.0,3.0,3.0,4.0,4.0,5.0,6.0,9.0,inferred
Scarborough,2021-04-11,0.0,1.0,1.0,2.0,2.0,2.0,3.0,4.0,4.0,5.0,5.0,6.0,9.0,inferred
Scarborough,2021-04-12,0.0,1.0,2.0,2.0,2.0,3.0,4.0,4.0,5.0,6.0,6.0,8.0,10.0,inferred
Scarborough,2021-04-13,0.0,1.0,2.0,2.0,2.0,3.0,3.0,4.0,5.0,5.0,6.0,7.0,10.0,inferred
Scarborough,2021-04-14,0.0,1.0,1.0,2.0,2.0,3.0,3.0,4.0,5.0,5.0,6.0,7.0,10.0,inferred
Scarborough,2021-04-15,0.0,1.0,1.0,2.0,2.0,2.0,3.0,4.0,4.0,5.0,5.0,7.0,9.0,inferred
Scarborough,2021-04-16,0.0,1.0,1.0,1.0,2.0,2.0,3.0,3.0,4.0,4.0,5.0,6.0,8.0,inferred
Scarborough,2021-04-17,0.0,0.0,1.0,1.0,1.0,2.0,2.0,3.0,3.0,4.0,4.0,5.0,7.0,inferred
Scarborough,2021-04-18,0.0,0.0,1.0,1.0,1.0,2.0,2.0,3.0,4.0,4.0,4.0,5.0,8.0,inferred
Scarborough,2021-04-19,0.0,1.0,1.0,2.0,2.0,3.0,3.0,4.0,4.0,5.0,5.0,7.0,9.0,inferred
Scarborough,2021-04-20,0.0,1.0,1.0,1.0,2.0,2.0,3.0,3.0,4.0,4.0,5.0,6.0,8.0,inferred
Scarborough,2021-04-21,0.0,1.0,1.0,1.0,2.0,2.0,3.0,3.0,4.0,5.0,5.0,7.0,9.0,inferred
Scarborough,2021-04-22,0.0,0.0,1.0,1.0,2.0,2.0,3.0,3.0,4.0,4.0,5.0,6.0,8.0,inferred
Scarborough,2021-04-23,0.0,0.0,1.0,1.0,1.0,2.0,2.0,3.0,3.0,4.0,4.0,5.0,8.0,inferred
Scarborough,2021-04-24,0.0,0.0,0.0,1.0,1.0,1.0,2.0,2.0,3.0,3.0,3.0,4.0,7.0,inferred
Scarborough,2021-04-25,0.0,0.0,1.0,1.0,1.0,1.0,2.0,2.0,3.0,3.0,4.0,5.0,7.0,inferred
Scarborough,2021-04-26,0.0,0.0,1.0,1.0,1.0,2.0,2.0,3.0,3.0,4.0,4.0,6.0,8.0,inferred
Scarborough,2021-04-27,0.0,0.0,1.0,1.0,1.0,2.0,2.0,3.0,3.0,4.0,4.0,5.0,7.0,inferred
Scarborough,2021-04-28,0.0,0.0,1.0,1.0,1.0,2.0,2.0,3.0,3.0,4.0,4.0,5.0,7.0,inferred
Scarborough,2021-04-29,0.0,0.0,1.0,1.0,1.0,1.0,2.0,2.0,3.0,3.0,4.0,5.0,7.0,inferred
Scarborough,2021-04-30,0.0,0.0,0.0,1.0,1.0,1.0,2.0,2.0,2.0,3.0,3.0,4.0,6.0,inferred
Scarborough,2021-05-01,0.0,0.0,0.0,0.0,1.0,1.0,1.0,2.0,2.0,2.0,3.0,4.0,5.0,inferred
Scarborough,2021-05-02,0.0,0.0,0.0,0.0,1.0,1.0,1.0,2.0,2.0,3.0,3.0,4.0,6.0,inferred
Scarborough,2021-05-03,0.0,0.0,1.0,1.0,1.0,1.0,2.0,2.0,3.0,3.0,4.0,5.0,7.0,inferred
Scarborough,2021-05-04,0.0,0.0,0.0,1.0,1.0,1.0,2.0,2.0,2.0,3.0,3.0,4.0,6.0,inferred
Scarborough,2021-05-05,0.0,0.0,0.0,1.0,1.0,1.0,2.0,2.0,3.0,3.0,3.0,5.0,7.0,inferred
Scarborough,2021-05-06,0.0,0.0,0.0,1.0,1.0,1.0,2.0,2.0,3.0,3.0,3.0,4.0,6.0,inferred
Scarborough,2021-05-07,0.0,0.0,0.0,0.0,1.0,1.0,1.0,2.0,2.0,3.0,3.0,4.0,6.0,inferred
Scarborough,2021-05-08,0.0,0.0,0.0,0.0,0.0,1.0,1.0,1.0,2.0,2.0,2.0,3.0,5.0,inferred
Scarborough,2021-05-09,0.0,0.0,0.0,0.0,1.0,1.0,1.0,2.0,2.0,2.0,3.0,4.0,6.0,inferred
Scarborough,2021-05-10,0.0,0.0,1.0,1.0,1.0,1.0,2.0,2.0,3.0,3.0,3.0,5.0,7.0,inferred
Scarborough,2021-05-11,0.0,0.0,0.0,1.0,1.0,1.0,1.0,2.0,3.0,3.0,3.0,4.0,6.0,inferred
Scarborough,2021-05-12,0.0,0.0,0.0,1.0,1.0,1.0,2.0,2.0,3.0,3.0,3.0,4.0,7.0,inferred
Scarborough,2021-05-13,0.0,0.0,0.0,1.0,1.0,1.0,2.0,2.0,2.0,3.0,3.0,4.0,6.0,inferred
Scarborough,2021-05-14,0.0,0.0,0.0,0.0,1.0,1.0,1.0,2.0,2.0,3.0,3.0,4.0,6.0,inferred
Scarborough,2021-05-15,0.0,0.0,0.0,0.0,0.0,1.0,1.0,1.0,2.0,2.0,2.0,4.0,5.0,inferred
Scarborough,2021-05-16,0.0,0.0,0.0,0.0,1.0,1.0,1.0,2.0,2.0,2.0,3.0,4.0,6.0,inferred
Scarborough,2021-05-17,0.0,0.0,0.0,1.0,1.0,1.0,2.0,2.0,3.0,3.0,4.0,4.0,7.0,inferred
Scarborough,2021-05-18,0.0,0.0,0.0,1.0,1.0,1.0,2.0,2.0,3.0,3.0,3.0,4.0,7.0,inferred
Scarborough,2021-05-19,0.0,0.0,1.0,1.0,1.0,1.0,2.0,2.0,3.0,3.0,3.0,5.0,7.0,inferred
Scarborough,2021-05-20,0.0,0.0,1.0,1.0,1.0,1.0,2.0,2.0,3.0,3.0,4.0,5.0,6.0,inferred
Scarborough,2021-05-21,0.0,0.0,0.0,1.0,1.0,1.0,2.0,2.0,3.0,3.0,3.0,5.0,6.0,inferred
Scarborough,2021-05-22,0.0,0.0,0.0,0.0,1.0,1.0,1.0,2.0,2.0,2.0,3.0,4.0,6.0,inferred
Scarborough,2021-05-23,0.0,0.0,0.0,1.0,1.0,1.0,2.0,2.0,3.0,3.0,3.0,4.0,6.5,inferred
Scarborough,2021-05-24,0.0,0.0,1.0,1.0,1.0,2.0,2.0,3.0,3.0,4.0,4.0,5.0,8.0,inferred
Scarborough,2021-05-25,0.0,0.0,1.0,1.0,1.0,2.0,2.0,3.0,3.3,4.0,4.0,5.0,8.0,inferred
Scarborough,2021-05-26,0.0,0.0,1.0,1.0,1.0,2.0,2.0,3.0,3.0,4.0,4.0,5.1,8.0,inferred
Scarborough,2021-05-27,0.0,0.0,1.0,1.0,1.0,2.0,2.0,3.0,3.0,4.0,4.0,5.0,8.0,inferred
Scarborough,2021-05-28,0.0,0.0,1.0,1.0,1.0,1.0,2.0,2.0,3.0,3.0,4.0,5.0,7.0,inferred
Scarborough,2021-05-29,0.0,0.0,0.0,1.0,1.0,1.0,2.0,2.0,3.0,3.0,3.0,4.0,6.0,inferred
Scarborough,2021-05-30,0.0,0.0,1.0,1.0,1.0,1.0,2.0,2.0,3.0,3.0,4.0,5.0,7.0,inferred
Scarborough,2021-05-31,0.0,0.0,1.0,1.0,1.0,2.0,2.0,3.0,4.0,4.0,4.0,6.0,8.0,inferred
Scarborough,2021-06-01,0.0,0.0,1.0,1.0,1.0,2.0,2.0,3.0,3.0,4.0,4.0,5.0,7.0,inferred
Scarborough,2021-06-02,0.0,0.0,1.0,1.0,1.0,2.0,2.0,3.0,3.0,4.0,4.0,6.0,8.0,inferred
Scarborough,2021-06-03,0.0,0.0,1.0,1.0,1.0,2.0,2.0,3.0,3.0,4.0,4.0,5.0,7.0,inferred
Scarborough,2021-06-04,0.0,0.0,1.0,1.0,1.0,2.0,2.0,3.0,3.0,4.0,4.0,5.0,7.0,inferred
Scarborough,2021-06-05,0.0,0.0,0.8,1.0,1.0,1.0,2.0,2.0,3.0,3.0,3.0,4.0,6.0,inferred
Scarborough,2021-06-06,0.0,0.0,1.0,1.0,1.0,1.0,2.0,2.0,3.0,3.0,4.0,5.0,7.0,inferred
Scarborough,2021-06-07,0.0,1.0,1.0,1.0,2.0,2.0,3.0,3.0,4.0,4.0,5.0,6.0,9.0,inferred
Scarborough,2021-06-08,0.0,0.0,1.0,1.0,2.0,2.0,3.0,3.0,4.0,4.0,5.0,6.0,8.0,inferred
Scarborough,2021-06-09,0.0,1.0,1.0,2.0,2.0,2.0,3.0,4.0,4.0,5.0,5.0,7.0,9.0,inferred
Scarborough,2021-06-10,0.0,1.0,1.0,1.0,2.0,2.0,3.0,3.0,4.0,4.0,5.0,6.0,9.0,inferred
Scarborough,2021-06-11,0.0,0.0,1.0,1.0,2.0,2.0,3.0,3.0,4.0,4.0,5.0,6.0,8.0,inferred
Scarborough,2021-06-12,0.0,0.0,1.0,1.0,1.0,2.0,2.0,3.0,4.0,4.0,4.0,5.0,8.0,inferred
Scarborough,2021-06-13,0.0,0.0,1.0,1.0,2.0,2.0,3.0,3.0,4.0,4.0,5.0,6.0,9.0,inferred
Scarborough,2021-06-14,0.0,1.0,2.0,2.0,3.0,3.0,4.0,4.0,5.0,6.0,6.0,8.0,10.0,inferred
Scarborough,2021-06-15,0.0,1.0,2.0,2.0,3.0,3.0,4.0,4.0,5.0,6.0,6.0,8.0,10.0,inferred
Scarborough,2021-06-16,0.0,1.0,2.0,2.0,3.0,3.0,4.0,5.0,6.0,6.0,7.0,8.0,11.0,inferred
Scarborough,2021-06-17,0.0,1.0,2.0,2.0,3.0,3.0,4.0,5.0,6.0,6.0,7.0,8.0,11.0,inferred
Scarborough,2021-06-18,0.0,1.0,2.0,2.0,2.0,3.0,4.0,4.0,5.0,6.0,7.0,8.0,11.0,inferred
Scottish Borders,2021-03-06,0.0,1.0,2.0,2.0,2.0,3.0,3.0,4.0,5.0,5.0,6.0,7.0,9.0,inferred
Scottish Borders,2021-03-07,0.0,1.0,1.0,1.0,2.0,2.0,3.0,3.0,4.0,4.0,5.0,6.0,8.0,inferred
Scottish Borders,2021-03-08,0.0,0.0,1.0,1.0,1.0,1.0,2.0,2.0,3.0,3.0,4.0,5.0,6.0,inferred
Scottish Borders,2021-03-09,0.0,0.0,1.0,1.0,1.0,2.0,2.0,2.0,3.0,3.0,4.0,5.0,7.0,inferred
Scottish Borders,2021-03-10,0.0,0.0,1.0,1.0,2.0,2.0,3.0,3.0,4.0,4.0,5.0,6.0,8.5,inferred
Scottish Borders,2021-03-11,0.0,0.0,1.0,1.0,1.0,2.0,2.0,3.0,3.0,4.0,4.0,5.0,8.0,inferred
Scottish Borders,2021-03-12,0.0,0.0,1.0,1.0,1.0,2.0,2.0,3.0,3.0,4.0,4.0,6.0,8.0,inferred
Scottish Borders,2021-03-13,0.0,0.0,1.0,1.0,1.0,2.0,2.0,3.0,3.0,3.0,4.0,5.0,7.0,inferred
Scottish Borders,2021-03-14,0.0,0.0,0.0,1.0,1.0,1.0,2.0,2.0,3.0,3.0,3.0,4.0,7.0,inferred
Scottish Borders,2021-03-15,0.0,0.0,0.0,0.0,0.0,1.0,1.0,1.0,2.0,2.0,3.0,4.0,5.0,inferred
Scottish Borders,2021-03-16,0.0,0.0,0.0,0.0,1.0,1.0,1.0,2.0,2.0,2.0,3.0,4.0,6.0,inferred
Scottish Borders,2021-03-17,0.0,0.0,0.0,1.0,1.0,1.0,2.0,2.0,3.0,3.0,3.0,4.1,7.0,inferred
Scottish Borders,2021-03-18,0.0,0.0,0.0,0.0,1.0,1.0,1.0,2.0,2.0,3.0,3.0,4.0,6.0,inferred
Scottish Borders,2021-03-19,0.0,0.0,0.0,0.0,1.0,1.0,1.0,2.0,2.0,3.0,3.0,4.0,6.0,inferred
Scottish Borders,2021-03-20,0.0,0.0,0.0,0.0,0.0,1.0,1.0,1.0,2.0,2.0,3.0,4.0,6.0,inferred
Scottish Borders,2021-03-21,0.0,0.0,0.0,0.0,0.0,1.0,1.0,1.0,2.0,2.0,2.0,3.0,5.0,inferred
Scottish Borders,2021-03-22,0.0,0.0,0.0,0.0,0.0,0.0,1.0,1.0,1.0,1.0,2.0,3.0,4.0,inferred
Scottish Borders,2021-03-23,0.0,0.0,0.0,0.0,0.0,0.0,1.0,1.0,1.0,2.0,2.0,3.0,4.0,inferred
Scottish Borders,2021-03-24,0.0,0.0,0.0,0.0,0.0,1.0,1.0,1.0,2.0,2.0,2.0,3.0,5.0,inferred
Scottish Borders,2021-03-25,0.0,0.0,0.0,0.0,0.0,1.0,1.0,1.0,2.0,2.0,2.0,3.0,5.0,inferred
Scottish Borders,2021-03-26,0.0,0.0,0.0,0.0,0.0,1.0,1.0,1.0,2.0,2.0,2.0,3.0,6.0,inferred
Scottish Borders,2021-03-27,0.0,0.0,0.0,0.0,0.0,1.0,1.0,1.0,2.0,2.0,2.0,3.0,5.0,inferred
Scottish Borders,2021-03-28,0.0,0.0,0.0,0.0,0.0,0.0,1.0,1.0,1.0,2.0,2.0,3.0,5.0,inferred
Scottish Borders,2021-03-29,0.0,0.0,0.0,0.0,0.0,0.0,1.0,1.0,1.0,1.0,2.0,2.0,4.0,inferred
Scottish Borders,2021-03-30,0.0,0.0,0.0,0.0,0.0,0.0,1.0,1.0,1.0,1.0,2.0,3.0,4.0,inferred
Scottish Borders,2021-03-31,0.0,0.0,0.0,0.0,0.0,0.0,1.0,1.0,1.3,2.0,2.0,3.0,5.0,inferred
Scottish Borders,2021-04-01,0.0,0.0,0.0,0.0,0.0,0.0,1.0,1.0,1.0,1.0,2.0,3.0,5.0,inferred
Scottish Borders,2021-04-02,0.0,0.0,0.0,0.0,0.0,0.0,1.0,1.0,1.0,2.0,2.0,3.0,5.0,inferred
Scottish Borders,2021-04-03,0.0,0.0,0.0,0.0,0.0,0.0,1.0,1.0,1.0,2.0,2.0,3.0,4.5,inferred
Scottish Borders,2021-04-04,0.0,0.0,0.0,0.0,0.0,0.0,0.0,1.0,1.0,1.0,2.0,2.0,4.0,inferred
Scottish Borders,2021-04-05,0.0,0.0,0.0,0.0,0.0,0.0,0.0,0.0,1.0,1.0,1.0,2.0,3.0,inferred
Scottish Borders,2021-04-06,0.0,0.0,0.0,0.0,0.0,0.0,0.0,0.0,1.0,1.0,1.0,2.0,3.0,inferred
Scottish Borders,2021-04-07,0.0,0.0,0.0,0.0,0.0,0.0,0.0,1.0,1.0,1.0,2.0,2.0,4.0,inferred
Scottish Borders,2021-04-08,0.0,0.0,0.0,0.0,0.0,0.0,0.0,1.0,1.0,1.0,1.2,2.0,4.0,inferred
Scottish Borders,2021-04-09,0.0,0.0,0.0,0.0,0.0,0.0,0.0,1.0,1.0,1.0,2.0,3.0,4.0,inferred
Scottish Borders,2021-04-10,0.0,0.0,0.0,0.0,0.0,0.0,0.0,1.0,1.0,1.0,1.0,2.0,4.0,inferred
Scottish Borders,2021-04-11,0.0,0.0,0.0,0.0,0.0,0.0,0.0,1.0,1.0,1.0,1.0,2.0,4.0,inferred
Scottish Borders,2021-04-12,0.0,0.0,0.0,0.0,0.0,0.0,0.0,0.0,1.0,1.0,1.0,2.0,3.0,inferred
Scottish Borders,2021-04-13,0.0,0.0,0.0,0.0,0.0,0.0,0.0,0.0,1.0,1.0,1.0,2.0,3.0,inferred
Scottish Borders,2021-04-14,0.0,0.0,0.0,0.0,0.0,0.0,0.0,1.0,1.0,1.0,2.0,2.0,4.0,inferred
Scottish Borders,2021-04-15,0.0,0.0,0.0,0.0,0.0,0.0,0.0,1.0,1.0,1.0,1.0,2.0,4.0,inferred
Scottish Borders,2021-04-16,0.0,0.0,0.0,0.0,0.0,0.0,0.0,1.0,1.0,1.0,2.0,2.0,4.0,inferred
Scottish Borders,2021-04-17,0.0,0.0,0.0,0.0,0.0,0.0,0.0,1.0,1.0,1.0,1.0,2.0,4.0,inferred
Scottish Borders,2021-04-18,0.0,0.0,0.0,0.0,0.0,0.0,0.0,0.0,1.0,1.0,1.0,2.0,3.0,inferred
Scottish Borders,2021-04-19,0.0,0.0,0.0,0.0,0.0,0.0,0.0,0.0,1.0,1.0,1.0,2.0,3.0,inferred
Scottish Borders,2021-04-20,0.0,0.0,0.0,0.0,0.0,0.0,0.0,0.0,1.0,1.0,1.0,2.0,3.0,inferred
Scottish Borders,2021-04-21,0.0,0.0,0.0,0.0,0.0,0.0,0.0,1.0,1.0,1.0,1.0,2.0,4.0,inferred
Scottish Borders,2021-04-22,0.0,0.0,0.0,0.0,0.0,0.0,0.0,0.0,1.0,1.0,1.0,2.0,4.0,inferred
Scottish Borders,2021-04-23,0.0,0.0,0.0,0.0,0.0,0.0,0.0,1.0,1.0,1.0,1.0,2.0,4.0,inferred
Scottish Borders,2021-04-24,0.0,0.0,0.0,0.0,0.0,0.0,0.0,1.0,1.0,1.0,1.0,2.0,3.0,inferred
Scottish Borders,2021-04-25,0.0,0.0,0.0,0.0,0.0,0.0,0.0,0.0,1.0,1.0,1.0,2.0,3.0,inferred
Scottish Borders,2021-04-26,0.0,0.0,0.0,0.0,0.0,0.0,0.0,0.0,1.0,1.0,1.0,2.0,3.0,inferred
Scottish Borders,2021-04-27,0.0,0.0,0.0,0.0,0.0,0.0,0.0,0.0,1.0,1.0,1.0,2.0,3.0,inferred
Scottish Borders,2021-04-28,0.0,0.0,0.0,0.0,0.0,0.0,0.0,1.0,1.0,1.0,2.0,2.0,4.0,inferred
Scottish Borders,2021-04-29,0.0,0.0,0.0,0.0,0.0,0.0,0.0,1.0,1.0,1.0,1.0,2.0,4.0,inferred
Scottish Borders,2021-04-30,0.0,0.0,0.0,0.0,0.0,0.0,0.0,1.0,1.0,1.0,2.0,2.0,4.0,inferred
Scottish Borders,2021-05-01,0.0,0.0,0.0,0.0,0.0,0.0,0.0,1.0,1.0,1.0,2.0,2.0,4.0,inferred
Scottish Borders,2021-05-02,0.0,0.0,0.0,0.0,0.0,0.0,0.0,1.0,1.0,1.0,1.0,2.0,4.0,inferred
Scottish Borders,2021-05-03,0.0,0.0,0.0,0.0,0.0,0.0,0.0,0.0,1.0,1.0,1.0,2.0,3.5,inferred
Scottish Borders,2021-05-04,0.0,0.0,0.0,0.0,0.0,0.0,0.0,1.0,1.0,1.0,1.0,2.0,4.0,inferred
Scottish Borders,2021-05-05,0.0,0.0,0.0,0.0,0.0,0.0,1.0,1.0,1.0,1.0,2.0,2.1,4.0,inferred
Scottish Borders,2021-05-06,0.0,0.0,0.0,0.0,0.0,0.0,1.0,1.0,1.0,1.0,2.0,2.0,5.0,inferred
Scottish Borders,2021-05-07,0.0,0.0,0.0,0.0,0.0,0.0,1.0,1.0,1.0,2.0,2.0,3.0,5.0,inferred
Scottish Borders,2021-05-08,0.0,0.0,0.0,0.0,0.0,0.0,0.0,1.0,1.0,1.0,2.0,2.0,4.0,inferred
Scottish Borders,2021-05-09,0.0,0.0,0.0,0.0,0.0,0.0,0.0,1.0,1.0,1.0,2.0,2.0,4.0,inferred
Scottish Borders,2021-05-10,0.0,0.0,0.0,0.0,0.0,0.0,0.0,0.0,1.0,1.0,1.0,2.0,3.0,inferred
Scottish Borders,2021-05-11,0.0,0.0,0.0,0.0,0.0,0.0,0.0,1.0,1.0,1.0,1.0,2.0,3.0,inferred
Scottish Borders,2021-05-12,0.0,0.0,0.0,0.0,0.0,0.0,1.0,1.0,1.0,1.0,2.0,3.0,4.0,inferred
Scottish Borders,2021-05-13,0.0,0.0,0.0,0.0,0.0,0.0,1.0,1.0,1.0,1.0,2.0,3.0,4.0,inferred
Scottish Borders,2021-05-14,0.0,0.0,0.0,0.0,0.0,0.0,1.0,1.0,1.0,2.0,2.0,3.0,4.0,inferred
Scottish Borders,2021-05-15,0.0,0.0,0.0,0.0,0.0,0.0,1.0,1.0,1.0,1.0,2.0,2.0,4.0,inferred
Scottish Borders,2021-05-16,0.0,0.0,0.0,0.0,0.0,0.0,1.0,1.0,1.0,1.0,2.0,2.0,4.0,inferred
Scottish Borders,2021-05-17,0.0,0.0,0.0,0.0,0.0,0.0,0.0,1.0,1.0,1.0,1.0,2.0,4.0,inferred
Scottish Borders,2021-05-18,0.0,0.0,0.0,0.0,0.0,0.0,0.0,1.0,1.0,1.0,2.0,2.0,4.0,inferred
Scottish Borders,2021-05-19,0.0,0.0,0.0,0.0,0.0,0.0,1.0,1.0,2.0,2.0,2.0,3.0,5.0,inferred
Scottish Borders,2021-05-20,0.0,0.0,0.0,0.0,0.0,0.0,1.0,1.0,1.0,2.0,2.0,3.0,4.0,inferred
Scottish Borders,2021-05-21,0.0,0.0,0.0,0.0,0.0,1.0,1.0,1.0,2.0,2.0,2.0,3.0,5.0,inferred
Scottish Borders,2021-05-22,0.0,0.0,0.0,0.0,0.0,1.0,1.0,1.0,2.0,2.0,2.0,3.0,5.0,inferred
Scottish Borders,2021-05-23,0.0,0.0,0.0,0.0,0.0,0.0,1.0,1.0,1.0,2.0,2.0,3.0,4.0,inferred
Scottish Borders,2021-05-24,0.0,0.0,0.0,0.0,0.0,0.0,1.0,1.0,1.0,1.0,2.0,2.0,4.0,inferred
Scottish Borders,2021-05-25,0.0,0.0,0.0,0.0,0.0,0.0,1.0,1.0,1.0,2.0,2.0,3.0,4.0,inferred
Scottish Borders,2021-05-26,0.0,0.0,0.0,0.0,0.0,1.0,1.0,2.0,2.0,2.0,3.0,4.0,6.0,inferred
Scottish Borders,2021-05-27,0.0,0.0,0.0,0.0,1.0,1.0,1.0,2.0,2.0,2.0,3.0,4.0,6.0,inferred
Scottish Borders,2021-05-28,0.0,0.0,0.0,0.0,1.0,1.0,1.0,2.0,3.0,3.0,3.0,5.0,7.0,inferred
Scottish Borders,2021-05-29,0.0,0.0,0.0,1.0,1.0,1.0,2.0,2.0,3.0,3.0,3.0,5.0,7.0,inferred
Scottish Borders,2021-05-30,0.0,0.0,0.0,1.0,1.0,1.0,2.0,2.0,3.0,3.0,3.0,5.0,7.0,inferred
Scottish Borders,2021-05-31,0.0,0.0,0.0,0.0,1.0,1.0,1.0,2.0,2.0,3.0,3.0,4.0,6.0,inferred
Scottish Borders,2021-06-01,0.0,0.0,1.0,1.0,1.0,1.0,2.0,2.0,3.0,3.0,4.0,5.0,7.0,inferred
Scottish Borders,2021-06-02,0.0,1.0,1.0,2.0,2.0,3.0,3.0,4.0,5.0,5.0,5.0,7.0,9.5,inferred
Scottish Borders,2021-06-03,0.0,1.0,2.0,2.0,2.0,3.0,3.0,4.0,5.0,5.0,6.0,7.0,10.0,inferred
Scottish Borders,2021-06-04,0.0,1.0,2.0,3.0,3.0,4.0,4.0,5.0,6.0,6.0,7.0,9.0,11.0,inferred
Scottish Borders,2021-06-05,0.0,2.0,3.0,3.0,3.0,4.0,5.0,6.0,6.0,7.0,8.0,9.0,12.0,inferred
Scottish Borders,2021-06-06,1.0,2.0,3.0,3.0,3.0,4.0,5.0,6.0,6.0,7.0,7.0,9.0,12.0,inferred
Scottish Borders,2021-06-07,0.0,1.0,2.0,3.0,3.0,4.0,4.0,5.0,6.0,6.0,7.0,9.0,11.0,inferred
Scottish Borders,2021-06-08,1.0,2.0,3.0,3.0,4.0,5.0,5.0,6.0,7.0,8.0,8.0,10.0,13.5,inferred
Scottish Borders,2021-06-09,2.0,4.0,5.0,6.0,6.0,7.0,8.0,9.0,11.0,11.0,12.0,14.0,18.0,inferred
Scottish Borders,2021-06-10,2.0,4.0,6.0,6.0,7.0,8.0,9.0,10.0,11.0,12.0,12.0,15.0,18.0,inferred
Scottish Borders,2021-06-11,4.0,6.0,7.0,8.0,8.0,10.0,11.0,12.0,13.0,14.0,14.0,16.0,20.0,inferred
Scottish Borders,2021-06-12,4.0,6.0,7.0,8.0,9.0,10.0,11.0,12.0,13.0,14.0,15.0,17.0,20.0,inferred
Scottish Borders,2021-06-13,4.0,6.0,7.0,8.0,8.0,9.0,11.0,12.0,13.0,13.0,14.0,16.0,21.0,inferred
Scottish Borders,2021-06-14,3.0,5.0,6.0,7.0,7.0,8.0,9.0,10.0,12.0,12.0,13.0,15.0,19.0,inferred
Scottish Borders,2021-06-15,4.0,6.0,8.0,8.0,9.0,10.0,11.0,12.0,13.0,14.0,15.0,17.0,20.5,inferred
Scottish Borders,2021-06-16,7.0,10.0,12.0,13.0,13.0,15.0,16.0,18.0,19.0,20.0,21.0,24.0,29.0,inferred
Scottish Borders,2021-06-17,7.0,10.0,12.0,13.0,14.0,15.0,17.0,18.0,20.0,21.0,22.0,25.0,29.0,inferred
Scottish Borders,2021-06-18,8.0,11.0,14.0,15.0,15.0,17.0,19.0,20.0,22.0,23.0,24.0,28.0,32.0,inferred
Sedgemoor,2021-03-06,0.0,1.0,2.0,2.0,3.0,3.0,4.0,5.0,6.0,6.0,7.0,9.0,12.0,inferred
Sedgemoor,2021-03-07,1.0,2.0,3.0,4.0,4.0,5.0,6.0,7.0,8.0,9.0,9.0,11.0,14.5,inferred
Sedgemoor,2021-03-08,2.0,4.0,5.0,6.0,6.0,7.0,8.0,9.0,10.0,11.0,12.0,14.0,18.0,inferred
Sedgemoor,2021-03-09,2.0,3.0,4.0,4.0,5.0,6.0,7.0,8.0,9.0,10.0,10.0,12.0,16.0,inferred
Sedgemoor,2021-03-10,2.0,4.0,5.0,6.0,6.0,7.0,8.0,10.0,11.0,12.0,13.0,15.0,19.0,inferred
Sedgemoor,2021-03-11,2.0,4.0,5.0,6.0,6.0,7.0,8.0,9.0,10.0,11.0,12.0,14.0,18.0,inferred
Sedgemoor,2021-03-12,1.0,3.0,4.0,5.0,5.0,6.0,7.0,8.0,9.0,10.0,11.0,13.0,16.0,inferred
Sedgemoor,2021-03-13,1.0,2.0,3.0,3.0,4.0,4.0,5.0,6.0,7.0,8.0,8.0,10.0,14.0,inferred
Sedgemoor,2021-03-14,2.0,3.0,5.0,5.0,6.0,7.0,8.0,9.0,10.0,11.0,11.0,14.0,17.0,inferred
Sedgemoor,2021-03-15,3.0,5.0,6.0,7.0,8.0,9.0,10.0,11.0,12.0,13.0,14.0,17.0,21.0,inferred
Sedgemoor,2021-03-16,2.0,4.0,5.0,6.0,6.0,7.0,9.0,9.0,11.0,11.0,12.0,15.0,20.0,inferred
Sedgemoor,2021-03-17,3.0,5.0,7.0,8.0,8.0,9.0,11.0,12.0,13.0,14.0,15.0,18.0,22.0,inferred
Sedgemoor,2021-03-18,3.0,5.0,7.0,8.0,8.0,9.0,10.0,11.0,13.0,14.0,14.0,17.0,21.0,inferred
Sedgemoor,2021-03-19,2.0,4.0,6.0,6.0,7.0,8.0,9.0,10.0,11.0,12.0,13.0,15.0,19.0,inferred
Sedgemoor,2021-03-20,1.0,3.0,4.0,4.0,5.0,6.0,7.0,8.0,9.0,9.0,10.0,12.0,15.0,inferred
Sedgemoor,2021-03-21,3.0,4.0,6.0,6.0,7.0,8.0,9.0,10.0,12.0,13.0,13.2,16.0,20.0,inferred
Sedgemoor,2021-03-22,4.0,6.0,8.0,8.0,9.0,10.0,11.0,13.0,14.0,15.0,16.0,18.0,23.0,inferred
Sedgemoor,2021-03-23,2.0,5.0,6.0,7.0,7.0,8.0,10.0,11.0,12.0,12.0,13.0,16.0,20.0,inferred
Sedgemoor,2021-03-24,4.0,6.0,7.0,8.0,8.0,9.0,11.0,12.0,13.0,14.0,15.0,17.0,22.0,inferred
Sedgemoor,2021-03-25,2.0,4.0,6.0,6.0,7.0,8.0,9.0,10.0,11.0,12.0,13.0,15.0,19.0,inferred
Sedgemoor,2021-03-26,1.0,3.0,4.0,5.0,5.0,6.0,7.0,8.0,9.0,10.0,11.0,13.0,16.0,inferred
Sedgemoor,2021-03-27,0.5,2.0,3.0,3.0,3.0,4.0,5.0,6.0,7.0,7.0,8.0,10.0,14.0,inferred
Sedgemoor,2021-03-28,1.0,2.0,4.0,4.0,4.0,5.0,6.0,7.0,9.0,9.0,10.0,12.0,16.0,inferred
Sedgemoor,2021-03-29,2.0,3.0,5.0,5.0,6.0,7.0,8.0,9.0,10.0,11.0,11.0,14.0,17.0,inferred
Sedgemoor,2021-03-30,1.0,2.0,3.0,4.0,4.0,5.0,6.0,7.0,8.0,9.0,9.0,11.0,15.5,inferred
Sedgemoor,2021-03-31,1.0,3.0,4.0,4.0,5.0,6.0,7.0,8.0,9.0,9.0,10.0,12.0,16.0,inferred
Sedgemoor,2021-04-01,1.0,2.0,3.0,4.0,4.0,5.0,6.0,7.0,8.0,8.0,9.0,11.0,14.0,inferred
Sedgemoor,2021-04-02,0.0,1.0,2.0,3.0,3.0,4.0,4.0,5.0,6.0,7.0,7.0,9.0,12.0,inferred
Sedgemoor,2021-04-03,0.0,0.0,1.0,1.0,2.0,2.0,3.0,4.0,4.0,5.0,5.0,7.0,9.0,inferred
Sedgemoor,2021-04-04,0.0,1.0,2.0,2.0,3.0,3.0,4.0,5.0,6.0,6.0,7.0,8.0,12.0,inferred
Sedgemoor,2021-04-05,0.0,1.0,2.0,3.0,3.0,4.0,5.0,5.0,6.0,7.0,8.0,9.0,13.0,inferred
Sedgemoor,2021-04-06,0.0,1.0,2.0,2.0,2.0,3.0,4.0,4.0,5.0,6.0,6.0,8.0,11.0,inferred
Sedgemoor,2021-04-07,0.0,1.0,2.0,2.0,3.0,3.0,4.0,5.0,6.0,6.0,7.0,9.0,12.0,inferred
Sedgemoor,2021-04-08,0.0,1.0,2.0,2.0,2.0,3.0,4.0,4.0,5.0,6.0,6.0,8.0,10.5,inferred
Sedgemoor,2021-04-09,0.0,0.0,1.0,1.0,2.0,2.0,3.0,4.0,4.0,5.0,5.0,7.0,10.0,inferred
Sedgemoor,2021-04-10,0.0,0.0,1.0,1.0,1.0,1.0,2.0,2.0,3.0,3.0,4.0,5.0,8.0,inferred
Sedgemoor,2021-04-11,0.0,0.0,1.0,1.0,2.0,2.0,3.0,3.0,4.0,5.0,5.0,7.0,9.0,inferred
Sedgemoor,2021-04-12,0.0,1.0,1.0,2.0,2.0,3.0,3.0,4.0,5.0,5.0,6.0,8.0,11.0,inferred
Sedgemoor,2021-04-13,0.0,0.0,1.0,1.0,2.0,2.0,3.0,3.0,4.0,5.0,5.0,7.0,10.0,inferred
Sedgemoor,2021-04-14,0.0,1.0,2.0,2.0,2.0,3.0,4.0,4.0,5.0,6.0,6.0,8.0,11.0,inferred
Sedgemoor,2021-04-15,0.0,1.0,1.0,2.0,2.0,3.0,3.0,4.0,5.0,6.0,6.0,8.0,11.0,inferred
Sedgemoor,2021-04-16,0.0,1.0,1.0,2.0,2.0,2.0,3.0,4.0,4.0,5.0,5.0,7.0,10.0,inferred
Sedgemoor,2021-04-17,0.0,0.0,1.0,1.0,1.0,2.0,2.0,3.0,3.0,4.0,4.0,6.0,9.0,inferred
Sedgemoor,2021-04-18,0.0,1.0,1.0,2.0,2.0,3.0,3.0,4.0,5.0,5.0,6.0,8.0,10.0,inferred
Sedgemoor,2021-04-19,0.0,1.0,2.0,2.0,3.0,4.0,4.0,5.0,6.0,7.0,7.0,9.0,12.0,inferred
Sedgemoor,2021-04-20,0.0,1.0,2.0,2.0,2.0,3.0,4.0,4.0,5.0,6.0,6.0,8.0,11.0,inferred
Sedgemoor,2021-04-21,0.0,1.0,2.0,3.0,3.0,4.0,4.0,5.0,6.0,7.0,7.0,9.0,13.0,inferred
Sedgemoor,2021-04-22,0.0,1.0,2.0,2.0,3.0,3.0,4.0,5.0,6.0,6.0,7.0,9.0,12.0,inferred
Sedgemoor,2021-04-23,0.0,1.0,1.0,2.0,2.0,3.0,3.0,4.0,5.0,5.0,6.0,8.0,11.0,inferred
Sedgemoor,2021-04-24,0.0,0.0,1.0,1.0,1.0,2.0,2.0,3.0,4.0,4.0,5.0,6.0,9.0,inferred
Sedgemoor,2021-04-25,0.0,1.0,2.0,2.0,2.0,3.0,4.0,4.0,5.0,6.0,6.0,8.0,11.0,inferred
Sedgemoor,2021-04-26,0.0,2.0,2.0,3.0,3.0,4.0,5.0,6.0,7.0,7.0,8.0,10.0,13.0,inferred
Sedgemoor,2021-04-27,0.0,1.0,2.0,2.0,3.0,3.0,4.0,5.0,6.0,6.0,7.0,9.0,12.0,inferred
Sedgemoor,2021-04-28,1.0,2.0,3.0,3.0,4.0,4.0,5.0,6.0,7.0,7.0,8.0,10.0,14.0,inferred
Sedgemoor,2021-04-29,0.0,1.0,2.0,3.0,3.0,4.0,5.0,6.0,6.0,7.0,8.0,10.0,13.0,inferred
Sedgemoor,2021-04-30,0.0,1.0,2.0,2.0,2.0,3.0,4.0,5.0,6.0,6.0,7.0,8.0,11.0,inferred
Sedgemoor,2021-05-01,0.0,0.0,1.0,1.0,2.0,2.0,3.0,4.0,4.0,5.0,5.0,7.0,10.0,inferred
Sedgemoor,2021-05-02,0.0,1.0,2.0,2.0,3.0,3.0,4.0,5.0,6.0,6.0,7.0,9.0,12.0,inferred
Sedgemoor,2021-05-03,1.0,2.0,3.0,3.0,4.0,4.0,5.0,6.0,7.0,8.0,8.0,10.0,14.0,inferred
Sedgemoor,2021-05-04,0.0,1.0,2.0,2.0,3.0,3.0,4.0,5.0,6.0,6.0,7.0,9.0,12.0,inferred
Sedgemoor,2021-05-05,0.0,2.0,2.0,3.0,3.0,4.0,5.0,6.0,6.0,7.0,8.0,9.0,13.0,inferred
Sedgemoor,2021-05-06,0.0,1.0,2.0,2.0,3.0,3.0,4.0,5.0,6.0,7.0,7.0,9.0,12.0,inferred
Sedgemoor,2021-05-07,0.0,1.0,1.0,2.0,2.0,3.0,3.0,4.0,5.0,5.0,6.0,7.0,10.0,inferred
Sedgemoor,2021-05-08,0.0,0.0,1.0,1.0,1.0,2.0,2.0,3.0,4.0,4.0,5.0,6.0,8.0,inferred
Sedgemoor,2021-05-09,0.0,0.0,1.0,1.0,2.0,2.0,3.0,3.0,4.0,5.0,5.0,7.0,10.0,inferred
Sedgemoor,2021-05-10,0.0,1.0,2.0,2.0,2.0,3.0,3.0,4.0,5.0,5.0,6.0,8.0,11.0,inferred
Sedgemoor,2021-05-11,0.0,0.0,1.0,1.0,1.0,2.0,3.0,3.0,4.0,4.0,5.0,7.0,10.0,inferred
Sedgemoor,2021-05-12,0.0,0.0,1.0,1.0,2.0,2.0,3.0,4.0,4.0,5.0,5.0,7.0,10.0,inferred
Sedgemoor,2021-05-13,0.0,0.0,1.0,1.0,1.0,2.0,2.0,3.0,4.0,4.0,5.0,6.0,9.0,inferred
Sedgemoor,2021-05-14,0.0,0.0,0.0,1.0,1.0,1.0,2.0,2.0,3.0,3.0,4.0,5.0,8.0,inferred
Sedgemoor,2021-05-15,0.0,0.0,0.0,0.0,0.0,1.0,1.0,2.0,2.0,2.0,3.0,4.0,6.0,inferred
Sedgemoor,2021-05-16,0.0,0.0,0.0,1.0,1.0,1.0,2.0,2.0,3.0,3.0,4.0,5.0,7.0,inferred
Sedgemoor,2021-05-17,0.0,0.0,1.0,1.0,1.0,1.0,2.0,3.0,3.0,3.0,4.0,5.0,8.0,inferred
Sedgemoor,2021-05-18,0.0,0.0,0.0,0.0,1.0,1.0,1.0,2.0,3.0,3.0,3.0,5.0,8.0,inferred
Sedgemoor,2021-05-19,0.0,0.0,0.0,1.0,1.0,1.0,2.0,2.0,3.0,3.0,4.0,5.0,7.0,inferred
Sedgemoor,2021-05-20,0.0,0.0,0.0,0.0,1.0,1.0,1.0,2.0,3.0,3.0,3.0,4.0,7.0,inferred
Sedgemoor,2021-05-21,0.0,0.0,0.0,0.0,0.0,1.0,1.0,1.0,2.0,2.0,3.0,4.0,7.0,inferred
Sedgemoor,2021-05-22,0.0,0.0,0.0,0.0,0.0,0.0,1.0,1.0,1.0,2.0,2.0,3.0,5.0,inferred
Sedgemoor,2021-05-23,0.0,0.0,0.0,0.0,0.0,1.0,1.0,1.0,2.0,2.0,3.0,4.0,6.0,inferred
Sedgemoor,2021-05-24,0.0,0.0,0.0,0.0,0.0,1.0,1.0,2.0,2.0,2.0,3.0,4.0,6.0,inferred
Sedgemoor,2021-05-25,0.0,0.0,0.0,0.0,0.0,1.0,1.0,1.0,2.0,2.0,2.0,4.0,6.0,inferred
Sedgemoor,2021-05-26,0.0,0.0,0.0,0.0,0.0,1.0,1.0,2.0,2.0,2.0,3.0,4.0,6.0,inferred
Sedgemoor,2021-05-27,0.0,0.0,0.0,0.0,0.0,1.0,1.0,1.0,2.0,2.0,3.0,4.0,6.0,inferred
Sedgemoor,2021-05-28,0.0,0.0,0.0,0.0,0.0,1.0,1.0,1.0,2.0,2.0,2.0,3.0,6.0,inferred
Sedgemoor,2021-05-29,0.0,0.0,0.0,0.0,0.0,0.0,1.0,1.0,1.0,2.0,2.0,3.0,5.0,inferred
Sedgemoor,2021-05-30,0.0,0.0,0.0,0.0,0.0,1.0,1.0,1.0,2.0,2.0,3.0,4.0,6.0,inferred
Sedgemoor,2021-05-31,0.0,0.0,0.0,1.0,1.0,1.0,2.0,2.0,3.0,3.0,3.0,5.0,7.0,inferred
Sedgemoor,2021-06-01,0.0,0.0,0.0,0.0,1.0,1.0,1.0,2.0,2.0,3.0,3.0,4.0,7.0,inferred
Sedgemoor,2021-06-02,0.0,0.0,1.0,1.0,1.0,2.0,2.0,3.0,3.0,4.0,4.0,6.0,8.0,inferred
Sedgemoor,2021-06-03,0.0,0.0,1.0,1.0,1.0,2.0,2.0,3.0,3.0,4.0,4.0,6.0,9.0,inferred
Sedgemoor,2021-06-04,0.0,0.0,1.0,1.0,1.0,1.0,2.0,3.0,3.0,4.0,4.0,6.0,9.0,inferred
Sedgemoor,2021-06-05,0.0,0.0,0.0,1.0,1.0,1.0,2.0,2.0,3.0,3.0,4.0,5.0,7.5,inferred
Sedgemoor,2021-06-06,0.0,0.0,1.0,1.0,2.0,2.0,3.0,4.0,4.0,5.0,5.0,7.0,10.0,inferred
Sedgemoor,2021-06-07,0.0,1.0,2.0,2.0,3.0,3.0,4.0,5.0,6.0,6.0,7.0,8.0,12.0,inferred
Sedgemoor,2021-06-08,0.0,1.0,2.0,2.0,2.0,3.0,4.0,5.0,5.0,6.0,7.0,8.1,11.0,inferred
Sedgemoor,2021-06-09,0.0,1.0,2.8,3.0,3.0,4.0,5.0,6.0,7.0,7.0,8.0,10.0,13.0,inferred
Sedgemoor,2021-06-10,1.0,2.0,3.0,3.0,3.0,4.0,5.0,6.0,7.0,7.0,8.0,10.0,13.0,inferred
Sedgemoor,2021-06-11,0.0,1.0,2.0,3.0,3.0,4.0,5.0,6.0,7.0,7.0,8.0,10.0,13.0,inferred
Sedgemoor,2021-06-12,0.0,1.0,2.0,2.0,2.0,3.0,4.0,5.0,5.0,6.0,7.0,8.0,12.0,inferred
Sedgemoor,2021-06-13,1.0,2.0,3.0,4.0,4.0,5.0,6.0,7.0,8.0,9.0,9.0,11.0,14.0,inferred
Sedgemoor,2021-06-14,2.0,4.0,5.0,6.0,6.0,8.0,9.0,10.0,11.0,12.0,12.0,15.0,19.0,inferred
Sedgemoor,2021-06-15,2.0,4.0,5.0,5.0,6.0,7.0,8.0,10.0,11.0,12.0,12.0,15.0,19.0,inferred
Sedgemoor,2021-06-16,4.0,6.0,7.0,8.0,9.0,10.0,11.0,13.0,14.0,15.0,16.0,19.0,23.5,inferred
Sedgemoor,2021-06-17,3.0,6.0,8.0,8.0,9.0,11.0,12.0,13.0,15.0,15.2,16.0,19.0,25.0,inferred
Sedgemoor,2021-06-18,3.0,5.0,7.0,8.0,8.0,10.0,11.0,12.0,14.0,15.0,16.0,19.0,24.0,inferred
Sefton,2021-03-06,8.0,11.0,14.0,15.0,15.0,17.0,19.0,20.0,22.0,23.0,24.0,27.0,34.0,inferred
Sefton,2021-03-07,10.0,14.0,16.0,17.0,18.0,20.0,21.0,23.0,25.0,26.0,27.0,30.0,35.0,inferred
Sefton,2021-03-08,14.0,18.0,21.0,22.0,23.0,25.0,26.0,28.4,31.0,32.0,33.0,37.0,44.5,inferred
Sefton,2021-03-09,13.0,17.0,20.0,21.0,22.0,23.0,25.0,27.0,29.0,30.0,32.0,35.0,42.0,inferred
Sefton,2021-03-10,12.0,16.0,19.0,20.0,21.0,23.0,24.0,26.0,28.0,29.0,31.0,34.0,40.0,inferred
Sefton,2021-03-11,11.0,15.0,17.0,18.0,19.0,21.0,22.0,24.0,26.0,27.0,28.0,32.0,37.0,inferred
Sefton,2021-03-12,9.0,12.0,14.0,15.0,16.0,17.0,19.0,20.0,22.0,23.0,24.0,28.0,33.5,inferred
Sefton,2021-03-13,5.0,8.0,10.0,11.0,11.0,13.0,14.0,16.0,17.0,18.0,19.0,22.0,27.0,inferred
Sefton,2021-03-14,7.0,9.0,12.0,12.0,13.0,15.0,16.0,17.0,19.0,20.0,21.0,24.0,29.0,inferred
Sefton,2021-03-15,8.5,12.0,14.0,15.0,16.0,18.0,19.0,21.0,23.0,24.0,25.0,28.0,34.0,inferred
Sefton,2021-03-16,8.0,11.0,13.0,14.0,15.0,17.0,18.0,20.0,22.0,23.0,24.0,27.0,34.0,inferred
Sefton,2021-03-17,8.0,11.0,13.0,14.0,15.0,17.0,18.0,20.0,22.0,23.0,24.0,27.0,33.0,inferred
Sefton,2021-03-18,7.0,10.0,12.0,13.0,14.0,15.0,17.0,18.4,20.0,21.0,22.0,26.0,31.5,inferred
Sefton,2021-03-19,5.0,8.0,10.0,11.0,12.0,13.0,14.0,16.0,17.0,18.0,19.0,22.0,28.0,inferred
Sefton,2021-03-20,3.0,6.0,8.0,8.0,9.0,10.0,11.0,12.0,14.0,14.0,15.0,18.0,22.5,inferred
Sefton,2021-03-21,5.0,7.0,9.0,9.0,10.0,11.0,13.0,14.0,15.0,16.0,17.0,20.0,25.0,inferred
Sefton,2021-03-22,7.0,9.0,11.0,12.0,13.0,14.0,16.0,17.0,19.0,20.0,21.0,24.0,28.5,inferred
Sefton,2021-03-23,6.0,9.0,10.0,11.0,12.0,13.0,15.0,16.0,18.0,19.0,20.0,23.0,28.0,inferred
Sefton,2021-03-24,5.0,8.0,10.0,11.0,11.0,13.0,14.0,15.0,17.0,18.0,19.0,21.0,27.0,inferred
Sefton,2021-03-25,4.0,7.0,9.0,9.0,10.0,11.0,13.0,14.0,15.0,16.0,17.0,20.0,24.0,inferred
Sefton,2021-03-26,3.0,5.0,7.0,8.0,8.0,9.0,10.5,12.0,13.0,14.0,15.0,17.0,21.0,inferred
Sefton,2021-03-27,2.0,3.0,5.0,5.0,6.0,7.0,8.0,9.0,10.0,11.0,11.0,13.0,17.0,inferred
Sefton,2021-03-28,2.0,4.0,5.0,6.0,7.0,8.0,9.0,10.0,11.0,12.0,13.0,15.0,19.0,inferred
Sefton,2021-03-29,3.0,5.0,7.0,8.0,8.0,9.0,11.0,12.0,13.0,14.0,15.0,18.0,22.0,inferred
Sefton,2021-03-30,3.0,5.0,7.0,7.0,8.0,9.0,10.0,11.0,12.0,13.0,14.0,16.0,21.0,inferred
Sefton,2021-03-31,3.0,5.0,6.0,7.0,8.0,9.0,10.0,11.0,12.0,13.0,14.0,16.0,20.0,inferred
Sefton,2021-04-01,2.0,4.0,6.0,6.0,7.0,8.0,9.0,10.0,11.0,12.0,13.0,15.0,19.0,inferred
Sefton,2021-04-02,2.0,4.0,5.0,5.0,6.0,7.0,8.0,9.0,10.0,11.0,11.0,14.0,18.0,inferred
Sefton,2021-04-03,1.0,2.0,3.0,4.0,4.0,5.0,6.0,7.0,8.0,8.0,9.0,11.0,15.0,inferred
Sefton,2021-04-04,1.0,2.0,4.0,4.0,5.0,5.0,6.0,7.0,9.0,10.0,10.0,12.0,16.0,inferred
Sefton,2021-04-05,2.0,4.0,5.0,6.0,6.0,7.0,8.0,9.0,11.0,12.0,13.0,15.0,19.0,inferred
Sefton,2021-04-06,2.0,4.0,5.0,5.0,6.0,7.0,8.0,9.0,10.0,11.0,12.0,14.0,18.0,inferred
Sefton,2021-04-07,2.0,4.0,5.0,6.0,6.0,7.0,8.0,9.0,10.0,11.0,12.0,14.0,18.0,inferred
Sefton,2021-04-08,2.0,3.0,5.0,5.0,6.0,7.0,8.0,9.0,10.0,11.0,11.0,14.0,18.0,inferred
Sefton,2021-04-09,1.0,3.0,4.0,4.0,5.0,5.0,6.0,7.4,9.0,9.0,10.0,12.0,16.0,inferred
Sefton,2021-04-10,1.0,2.0,3.0,3.0,3.0,4.0,5.0,6.0,7.0,7.0,8.0,10.0,13.0,inferred
Sefton,2021-04-11,1.0,2.0,3.0,4.0,4.0,5.0,6.0,7.0,7.0,8.0,9.0,11.0,14.0,inferred
Sefton,2021-04-12,1.0,3.0,4.0,5.0,5.0,6.0,7.0,8.0,10.0,10.0,11.0,13.0,17.0,inferred
Sefton,2021-04-13,1.0,3.0,4.0,5.0,5.0,6.0,7.0,8.0,9.0,10.0,11.0,13.0,17.0,inferred
Sefton,2021-04-14,1.0,3.0,4.0,5.0,5.0,6.0,7.0,8.0,9.0,10.0,11.0,13.0,18.0,inferred
Sefton,2021-04-15,1.0,3.0,4.0,4.0,5.0,6.0,7.0,8.0,9.0,10.0,10.0,12.0,16.0,inferred
Sefton,2021-04-16,1.0,2.0,3.0,4.0,4.0,5.0,6.0,7.0,8.0,9.0,9.0,11.0,15.0,inferred
Sefton,2021-04-17,1.0,1.0,2.0,3.0,3.0,4.0,5.0,6.0,6.0,7.0,8.0,9.0,12.0,inferred
Sefton,2021-04-18,1.0,2.0,3.0,3.0,4.0,5.0,5.0,6.0,7.0,8.0,9.0,11.0,14.0,inferred
Sefton,2021-04-19,2.0,3.0,4.0,5.0,5.0,6.0,7.0,8.0,9.0,10.0,11.0,13.0,17.0,inferred
Sefton,2021-04-20,1.5,3.0,4.8,5.0,5.0,6.0,7.0,8.0,10.0,10.0,11.0,13.0,16.0,inferred
Sefton,2021-04-21,2.0,3.0,5.0,5.0,6.0,7.0,8.0,9.0,10.0,11.0,11.0,14.0,17.0,inferred
Sefton,2021-04-22,2.0,3.0,5.0,5.0,6.0,7.0,8.0,9.0,10.0,11.0,11.0,13.0,17.0,inferred
Sefton,2021-04-23,2.0,3.0,4.0,5.0,5.0,6.0,7.0,8.0,9.0,10.0,11.0,13.0,17.0,inferred
Sefton,2021-04-24,1.0,2.0,3.0,4.0,4.0,5.0,6.0,7.0,8.0,8.0,9.0,11.0,15.0,inferred
Sefton,2021-04-25,2.0,3.0,4.0,5.0,5.7,6.0,7.0,9.0,10.0,10.0,11.0,13.0,17.0,inferred
Sefton,2021-04-26,3.0,5.0,6.0,7.0,8.0,9.0,10.0,11.0,13.0,13.0,14.0,16.0,20.0,inferred
Sefton,2021-04-27,3.0,5.0,7.0,8.0,8.0,9.0,10.0,12.0,13.0,14.0,15.0,18.0,23.0,inferred
Sefton,2021-04-28,4.0,6.0,8.0,8.0,9.0,10.0,12.0,13.0,14.0,15.0,16.0,18.0,23.0,inferred
Sefton,2021-04-29,4.0,6.0,8.0,9.0,9.0,11.0,12.0,13.0,15.0,15.0,16.0,19.1,24.5,inferred
Sefton,2021-04-30,4.0,6.0,8.0,8.0,9.0,10.0,11.0,13.0,14.0,15.0,16.0,18.0,23.0,inferred
Sefton,2021-05-01,3.0,5.0,6.0,7.0,8.0,9.0,9.0,11.0,12.0,13.0,14.0,16.0,20.0,inferred
Sefton,2021-05-02,4.0,6.0,8.0,9.0,9.0,11.0,12.0,13.0,15.0,15.2,16.0,19.0,24.5,inferred
Sefton,2021-05-03,7.0,10.0,12.0,13.0,13.7,15.0,17.0,18.0,20.0,21.0,22.0,25.0,31.0,inferred
Sefton,2021-05-04,7.0,10.0,13.0,13.0,14.0,16.0,17.0,18.0,20.0,21.0,22.0,26.0,32.0,inferred
Sefton,2021-05-05,7.0,10.0,13.0,14.0,14.0,16.0,18.0,19.0,21.0,22.0,22.0,26.0,31.0,inferred
Sefton,2021-05-06,7.0,10.0,12.0,13.0,13.0,15.0,16.0,18.0,19.0,20.0,21.0,24.0,28.0,inferred
Sefton,2021-05-07,5.5,8.0,10.0,11.0,11.0,13.0,14.0,15.0,17.0,18.0,19.0,22.0,26.0,inferred
Sefton,2021-05-08,3.0,5.0,7.0,8.0,8.0,9.0,11.0,12.0,13.0,14.0,15.0,17.0,22.0,inferred
Sefton,2021-05-09,4.0,6.0,8.0,9.0,10.0,11.0,12.0,13.0,15.0,15.0,16.0,19.0,23.0,inferred
Sefton,2021-05-10,6.0,9.0,11.0,11.0,12.0,14.0,15.0,16.0,18.0,19.0,20.0,22.0,27.0,inferred
Sefton,2021-05-11,5.0,7.0,9.0,10.0,11.0,12.0,13.5,15.0,16.0,17.0,18.0,21.0,25.0,inferred
Sefton,2021-05-12,5.0,7.0,9.0,10.0,10.0,12.0,13.0,14.0,16.0,17.0,17.0,20.0,25.0,inferred
Sefton,2021-05-13,4.0,6.0,8.0,8.0,9.0,10.0,11.0,12.0,14.0,15.0,16.0,18.0,22.0,inferred
Sefton,2021-05-14,3.0,4.0,6.0,6.0,7.0,8.0,9.0,10.0,12.0,12.0,13.0,15.0,21.0,inferred
Sefton,2021-05-15,1.0,3.0,4.0,4.0,5.0,6.0,7.0,8.0,9.0,9.0,10.0,12.0,16.0,inferred
Sefton,2021-05-16,1.0,3.0,4.0,5.0,5.0,6.0,7.0,8.0,9.0,10.0,11.0,13.0,16.0,inferred
Sefton,2021-05-17,2.0,4.0,5.0,6.0,7.0,8.0,9.0,10.0,11.0,12.0,13.0,15.0,19.0,inferred
Sefton,2021-05-18,2.0,4.0,5.0,5.0,6.0,7.0,8.0,9.0,10.0,11.0,12.0,14.0,18.0,inferred
Sefton,2021-05-19,2.0,3.0,5.0,5.0,6.0,7.0,8.0,9.0,10.0,11.0,11.0,13.0,17.0,inferred
Sefton,2021-05-20,1.0,3.0,4.0,5.0,5.0,6.0,7.0,8.0,9.0,10.0,10.0,13.0,16.5,inferred
Sefton,2021-05-21,1.0,2.0,4.0,4.0,4.0,5.0,6.0,7.0,8.0,9.0,10.0,12.0,15.0,inferred
Sefton,2021-05-22,0.0,1.0,2.0,3.0,3.0,4.0,5.0,6.0,7.0,7.0,8.0,10.0,13.0,inferred
Sefton,2021-05-23,1.0,2.0,3.0,3.0,4.0,5.0,5.0,6.0,7.0,8.0,8.0,11.0,14.0,inferred
Sefton,2021-05-24,2.0,3.0,4.8,5.0,6.0,6.0,7.0,8.0,10.0,10.0,11.0,13.0,18.0,inferred
Sefton,2021-05-25,1.5,3.0,5.0,5.0,6.0,7.0,8.0,9.0,10.0,11.0,12.0,14.0,18.0,inferred
Sefton,2021-05-26,2.0,4.0,6.0,6.0,7.0,8.0,9.0,10.0,11.0,12.0,13.0,15.0,19.0,inferred
Sefton,2021-05-27,3.0,5.0,6.0,7.0,7.0,8.0,9.0,10.0,11.0,12.0,13.0,15.0,20.0,inferred
Sefton,2021-05-28,2.0,4.0,6.0,7.0,7.0,8.0,9.0,10.0,12.0,13.0,13.0,16.0,19.0,inferred
Sefton,2021-05-29,2.0,4.0,5.0,6.0,6.0,7.0,8.0,9.0,10.0,11.0,12.0,14.0,18.5,inferred
Sefton,2021-05-30,3.0,6.0,7.0,8.0,9.0,10.0,11.0,12.0,13.0,14.0,15.0,18.0,22.0,inferred
Sefton,2021-05-31,6.0,9.0,11.0,12.0,13.0,14.0,16.0,17.0,19.0,20.0,21.0,24.0,29.0,inferred
Sefton,2021-06-01,8.0,11.0,13.0,14.0,15.0,17.0,18.0,20.0,21.0,22.0,23.0,27.0,31.0,inferred
Sefton,2021-06-02,10.0,14.0,16.0,17.0,18.0,20.0,21.0,23.0,25.0,26.0,27.0,30.1,36.0,inferred
Sefton,2021-06-03,12.0,16.0,18.0,19.0,20.0,22.0,24.0,26.0,28.0,29.0,30.0,33.0,39.0,inferred
Sefton,2021-06-04,13.0,17.0,19.0,20.0,21.0,23.0,25.0,27.0,29.0,30.0,31.0,35.0,41.0,inferred
Sefton,2021-06-05,10.0,14.0,17.0,18.0,19.0,21.0,23.0,24.0,26.0,28.0,29.0,32.0,37.0,inferred
Sefton,2021-06-06,17.0,21.9,24.0,25.0,26.0,28.0,30.0,32.0,34.0,36.0,37.0,41.0,47.0,inferred
Sefton,2021-06-07,26.0,32.0,36.0,37.0,39.0,42.0,44.0,47.0,50.0,51.0,53.0,58.0,66.0,inferred
Sefton,2021-06-08,31.0,36.0,40.0,42.0,44.0,46.6,49.0,52.0,55.0,56.0,59.0,64.0,72.5,inferred
Sefton,2021-06-09,35.0,41.0,45.0,47.0,49.0,51.0,54.0,57.0,60.0,62.0,63.0,69.0,78.0,inferred
Sefton,2021-06-10,36.0,42.0,47.0,48.0,50.0,52.0,55.0,57.4,61.0,62.0,64.0,69.0,78.0,inferred
Sefton,2021-06-11,33.5,40.0,44.0,46.0,47.0,50.0,53.0,56.0,58.3,60.0,62.0,67.0,75.5,inferred
Sefton,2021-06-12,29.0,33.9,37.0,38.0,40.0,43.0,46.0,48.0,51.0,52.0,54.0,59.0,67.0,inferred
Sefton,2021-06-13,37.0,43.0,47.0,49.0,51.0,53.0,56.0,59.0,62.0,63.0,66.0,71.0,79.0,inferred
Sefton,2021-06-14,56.0,62.0,68.0,70.0,72.0,75.0,78.0,82.0,85.0,87.0,89.0,96.0,106.0,inferred
Sefton,2021-06-15,58.0,66.0,71.0,73.0,75.0,79.0,82.0,85.0,89.0,91.0,94.0,100.0,110.0,inferred
Sefton,2021-06-16,63.0,70.0,76.0,78.0,80.0,84.0,88.0,91.0,94.0,96.0,99.0,106.0,114.5,inferred
Sefton,2021-06-17,61.0,70.0,76.0,78.0,80.0,84.0,87.0,91.0,95.0,97.0,99.0,107.0,119.5,inferred
Sefton,2021-06-18,55.0,64.0,69.0,71.0,73.0,77.0,81.0,84.0,88.0,90.0,93.0,100.0,111.0,inferred
Selby,2021-03-06,1.0,3.0,3.0,4.0,4.0,5.0,6.0,6.0,7.0,8.0,8.0,10.0,13.0,inferred
Selby,2021-03-07,1.0,3.0,4.0,4.0,5.0,5.0,6.0,7.0,8.0,8.0,9.0,10.0,13.0,inferred
Selby,2021-03-08,3.0,4.0,6.0,6.0,7.0,7.0,8.0,9.0,10.0,11.0,11.0,13.0,17.0,inferred
Selby,2021-03-09,3.0,4.0,5.0,6.0,6.0,7.0,8.0,9.0,10.0,10.0,11.0,13.0,15.0,inferred
Selby,2021-03-10,3.0,5.0,6.0,6.0,7.0,8.0,9.0,10.0,11.0,11.0,12.0,14.0,17.0,inferred
Selby,2021-03-11,3.0,4.0,5.0,6.0,7.0,7.6,8.0,9.0,10.0,11.0,11.0,13.0,16.0,inferred
Selby,2021-03-12,2.0,4.0,5.0,6.0,6.0,7.0,8.0,9.0,10.0,10.0,11.0,13.0,16.0,inferred
Selby,2021-03-13,2.0,3.0,4.0,5.0,5.0,6.0,7.0,7.0,8.0,9.0,9.0,11.0,14.0,inferred
Selby,2021-03-14,2.0,4.0,5.0,5.8,6.0,7.0,8.0,9.0,10.0,10.0,11.0,13.0,16.0,inferred
Selby,2021-03-15,4.0,5.0,7.0,7.0,8.0,9.0,10.0,11.0,12.0,13.0,14.0,16.0,19.0,inferred
Selby,2021-03-16,3.0,5.0,7.0,7.0,8.0,9.0,9.0,11.0,12.0,12.0,13.0,15.0,19.0,inferred
Selby,2021-03-17,4.0,6.0,7.0,8.0,8.0,9.0,10.0,11.0,12.0,13.0,14.0,16.0,19.0,inferred
Selby,2021-03-18,3.0,5.0,7.0,7.0,8.0,9.0,10.0,11.0,12.0,12.0,13.0,15.0,18.5,inferred
Selby,2021-03-19,3.0,5.0,6.0,7.0,7.0,8.0,9.0,10.0,11.0,12.0,12.0,14.0,17.0,inferred
Selby,2021-03-20,2.0,4.0,5.0,5.0,6.0,7.0,8.0,9.0,9.0,10.0,10.0,12.0,15.0,inferred
Selby,2021-03-21,3.0,5.0,6.0,6.0,7.0,8.0,9.0,10.0,11.0,11.0,12.0,14.0,17.0,inferred
Selby,2021-03-22,5.0,7.0,8.0,9.0,9.0,10.0,11.0,12.0,14.0,14.0,15.0,17.0,20.0,inferred
Selby,2021-03-23,4.0,6.0,7.0,8.0,8.0,10.0,10.0,12.0,13.0,13.0,14.0,16.0,20.0,inferred
Selby,2021-03-24,4.0,6.0,7.8,8.0,9.0,10.0,11.0,12.0,13.0,14.0,14.0,17.0,20.0,inferred
Selby,2021-03-25,3.0,5.0,7.0,7.0,8.0,9.0,10.0,11.0,12.0,12.0,13.0,15.0,19.0,inferred
Selby,2021-03-26,3.0,5.0,6.0,6.0,7.0,8.0,9.0,10.0,11.0,11.0,12.0,14.0,17.0,inferred
Selby,2021-03-27,2.0,3.0,4.0,5.0,5.0,6.0,7.0,8.0,9.0,9.0,10.0,11.0,14.0,inferred
Selby,2021-03-28,2.0,4.0,5.0,5.0,5.0,6.0,7.0,8.0,9.0,9.0,10.0,12.0,15.0,inferred
Selby,2021-03-29,3.0,4.0,6.0,6.0,7.0,8.0,9.0,10.0,11.0,12.0,12.0,14.0,18.0,inferred
Selby,2021-03-30,2.0,4.0,5.0,6.0,6.0,7.0,8.0,9.0,10.0,10.0,11.0,13.0,16.5,inferred
Selby,2021-03-31,2.0,4.0,5.0,6.0,6.0,7.0,8.0,9.0,10.0,11.0,11.0,13.0,17.0,inferred
Selby,2021-04-01,2.0,4.0,5.0,5.0,6.0,6.0,7.0,8.0,9.0,10.0,10.0,12.0,15.0,inferred
Selby,2021-04-02,1.5,3.0,4.0,4.0,5.0,6.0,7.0,7.0,8.0,9.0,9.0,11.0,14.0,inferred
Selby,2021-04-03,1.0,2.0,3.0,3.0,3.0,4.0,5.0,6.0,6.0,7.0,8.0,9.0,12.0,inferred
Selby,2021-04-04,1.0,2.0,3.0,4.0,4.0,5.0,5.0,6.0,7.0,7.0,8.0,10.0,12.0,inferred
Selby,2021-04-05,2.0,3.0,4.0,5.0,5.0,6.0,7.0,7.0,8.0,9.0,10.0,11.0,14.0,inferred
Selby,2021-04-06,1.0,3.0,4.0,4.0,5.0,5.0,6.0,7.0,8.0,8.0,9.0,11.0,14.0,inferred
Selby,2021-04-07,2.0,3.0,4.0,5.0,5.0,6.0,6.0,7.0,8.0,9.0,9.0,11.0,14.0,inferred
Selby,2021-04-08,1.0,3.0,4.0,4.0,5.0,5.0,6.0,7.0,8.0,8.0,9.0,11.0,14.0,inferred
Selby,2021-04-09,1.0,2.0,4.0,4.0,4.0,5.0,6.0,7.0,7.0,8.0,8.0,10.0,13.0,inferred
Selby,2021-04-10,1.0,2.0,3.0,3.0,3.0,4.0,5.0,5.4,6.0,7.0,7.0,9.0,12.0,inferred
Selby,2021-04-11,1.0,2.0,3.0,4.0,4.0,5.0,5.0,6.0,7.0,7.0,8.0,10.0,12.0,inferred
Selby,2021-04-12,2.0,3.0,5.0,5.0,5.0,6.0,7.0,8.0,9.0,9.0,10.0,12.0,15.0,inferred
Selby,2021-04-13,2.0,3.0,4.0,5.0,5.0,6.0,7.0,7.0,8.0,9.0,10.0,11.0,14.0,inferred
Selby,2021-04-14,2.0,4.0,5.0,5.0,6.0,7.0,7.0,8.0,10.0,10.0,11.0,13.0,16.0,inferred
Selby,2021-04-15,2.0,4.0,5.0,5.0,6.0,7.0,8.0,8.0,9.0,10.0,10.0,13.0,16.0,inferred
Selby,2021-04-16,2.0,4.0,5.0,5.0,6.0,6.0,7.0,8.0,9.0,10.0,10.0,12.0,15.0,inferred
Selby,2021-04-17,1.0,3.0,4.0,4.0,5.0,6.0,6.0,7.0,8.0,9.0,9.0,11.0,14.0,inferred
Selby,2021-04-18,2.0,4.0,5.0,5.0,6.0,7.0,7.0,8.0,9.0,10.0,11.0,12.0,16.0,inferred
Selby,2021-04-19,4.0,6.0,7.0,8.0,8.0,9.0,10.0,11.0,12.0,13.0,14.0,16.0,20.0,inferred
Selby,2021-04-20,3.0,5.0,7.0,7.0,8.0,9.0,10.0,11.0,12.0,13.0,13.0,15.0,19.0,inferred
Selby,2021-04-21,4.0,6.0,7.0,8.0,8.0,10.0,10.0,12.0,13.0,14.0,14.0,16.0,20.0,inferred
Selby,2021-04-22,3.0,5.0,7.0,7.0,8.0,9.0,10.0,11.0,12.0,12.0,13.0,15.0,18.0,inferred
Selby,2021-04-23,3.0,5.0,6.0,7.0,7.0,8.0,9.0,10.0,11.0,12.0,12.0,15.0,17.5,inferred
Selby,2021-04-24,2.0,4.0,5.0,6.0,6.0,7.0,8.0,9.0,10.0,10.0,11.0,13.0,16.0,inferred
Selby,2021-04-25,3.0,4.0,5.0,6.0,6.0,7.0,8.0,9.0,10.0,11.0,11.0,13.0,17.0,inferred
Selby,2021-04-26,4.0,6.0,7.0,8.0,9.0,10.0,11.0,12.0,13.0,14.0,14.0,16.0,20.0,inferred
Selby,2021-04-27,3.0,5.0,7.0,8.0,8.0,9.0,10.0,11.0,12.0,13.0,14.0,16.0,19.0,inferred
Selby,2021-04-28,4.0,6.0,7.0,8.0,8.0,9.0,10.0,11.0,12.0,13.0,14.0,16.0,19.0,inferred
Selby,2021-04-29,3.0,5.0,6.0,7.0,7.0,8.0,9.0,10.0,11.0,12.0,13.0,15.0,17.0,inferred
Selby,2021-04-30,3.0,4.0,5.0,6.0,6.0,7.0,8.0,9.0,10.0,11.0,11.0,13.0,17.0,inferred
Selby,2021-05-01,2.0,3.0,4.0,5.0,5.0,6.0,7.0,7.0,8.0,9.0,9.0,11.0,14.0,inferred
Selby,2021-05-02,2.0,4.0,5.0,5.0,6.0,6.0,7.0,8.0,9.0,10.0,10.0,12.0,15.0,inferred
Selby,2021-05-03,3.0,5.0,6.0,7.0,7.0,8.0,9.0,10.0,11.0,12.0,12.0,14.0,17.5,inferred
Selby,2021-05-04,3.0,4.0,6.0,6.0,7.0,7.0,9.0,10.0,11.0,11.0,12.0,14.0,17.0,inferred
Selby,2021-05-05,3.0,5.0,6.0,6.0,7.0,8.0,8.0,9.0,10.0,11.0,12.0,14.0,17.0,inferred
Selby,2021-05-06,2.0,4.0,5.0,6.0,6.0,7.0,8.0,9.0,10.0,10.0,11.0,12.0,16.0,inferred
Selby,2021-05-07,2.0,3.0,4.0,5.0,5.0,6.0,7.0,8.0,9.0,9.0,10.0,11.0,14.0,inferred
Selby,2021-05-08,1.0,2.0,3.0,4.0,4.0,5.0,5.0,6.0,7.0,7.0,8.0,10.0,12.0,inferred
Selby,2021-05-09,1.0,2.0,4.0,4.0,4.0,5.0,6.0,7.0,7.0,8.0,9.0,10.0,13.0,inferred
Selby,2021-05-10,2.0,4.0,5.0,5.0,6.0,7.0,7.0,8.0,9.0,10.0,10.0,12.0,15.0,inferred
Selby,2021-05-11,1.0,3.0,4.0,5.0,5.0,6.0,7.0,7.0,8.0,9.0,10.0,11.0,14.0,inferred
Selby,2021-05-12,2.0,3.0,4.0,4.0,5.0,6.0,6.0,7.0,8.0,9.0,10.0,12.0,14.0,inferred
Selby,2021-05-13,1.0,3.0,4.0,4.0,4.0,5.0,6.0,6.0,7.0,8.0,9.0,10.0,13.0,inferred
Selby,2021-05-14,1.0,2.0,3.0,3.0,4.0,4.0,5.0,6.0,7.0,7.0,8.0,9.0,12.0,inferred
Selby,2021-05-15,0.0,1.0,2.0,2.0,3.0,3.0,4.0,5.0,5.0,6.0,6.0,8.0,10.0,inferred
Selby,2021-05-16,0.0,1.0,2.0,3.0,3.0,3.0,4.0,5.0,5.0,6.0,6.0,8.0,10.0,inferred
Selby,2021-05-17,1.0,2.0,3.0,3.0,4.0,5.0,5.0,6.0,7.0,7.0,8.0,10.0,13.0,inferred
Selby,2021-05-18,1.0,2.0,3.0,3.0,3.0,4.0,5.0,5.0,6.0,7.0,7.0,9.0,11.0,inferred
Selby,2021-05-19,1.0,2.0,3.0,3.0,3.0,4.0,5.0,5.0,6.0,7.0,7.0,9.0,11.0,inferred
Selby,2021-05-20,0.5,1.0,2.0,3.0,3.0,4.0,4.0,5.0,6.0,6.0,7.0,8.0,10.5,inferred
Selby,2021-05-21,0.0,1.0,2.0,2.0,3.0,3.0,4.0,4.0,5.0,5.0,6.0,7.0,9.5,inferred
Selby,2021-05-22,0.0,1.0,1.0,2.0,2.0,2.0,3.0,3.0,4.0,4.0,5.0,6.0,8.0,inferred
Selby,2021-05-23,0.0,1.0,1.0,2.0,2.0,3.0,3.0,4.0,4.0,5.0,5.0,6.0,8.0,inferred
Selby,2021-05-24,0.0,1.0,2.0,2.0,3.0,3.0,4.0,4.0,5.0,6.0,6.0,7.0,10.0,inferred
Selby,2021-05-25,0.0,1.0,2.0,2.0,2.0,3.0,4.0,4.0,5.0,5.0,6.0,7.0,9.0,inferred
Selby,2021-05-26,0.0,1.0,2.0,2.0,3.0,3.0,4.0,4.0,5.0,5.0,6.0,7.0,10.0,inferred
Selby,2021-05-27,0.0,1.0,2.0,2.0,3.0,3.0,4.0,4.0,5.0,6.0,6.0,8.0,10.0,inferred
Selby,2021-05-28,0.0,1.0,2.0,2.0,2.0,3.0,4.0,4.0,5.0,5.0,6.0,7.0,10.0,inferred
Selby,2021-05-29,0.0,1.0,1.0,2.0,2.0,3.0,3.0,4.0,4.0,5.0,5.0,6.0,8.0,inferred
Selby,2021-05-30,0.0,1.0,2.0,2.0,3.0,3.0,4.0,4.0,5.0,5.0,6.0,7.0,10.0,inferred
Selby,2021-05-31,1.0,2.0,3.0,3.0,4.0,4.0,5.0,6.0,7.0,7.0,8.0,9.0,11.0,inferred
Selby,2021-06-01,1.0,2.0,3.0,4.0,4.0,5.0,5.0,6.0,7.0,7.0,8.0,9.1,12.0,inferred
Selby,2021-06-02,2.0,3.0,4.0,4.0,4.0,5.0,6.0,7.0,8.0,8.0,9.0,11.0,13.0,inferred
Selby,2021-06-03,1.0,3.0,4.0,4.0,5.0,5.0,6.0,7.0,8.0,8.0,9.0,11.0,13.0,inferred
Selby,2021-06-04,1.0,3.0,4.0,4.0,5.0,6.0,6.0,7.0,8.0,9.0,9.0,11.0,14.0,inferred
Selby,2021-06-05,1.0,2.0,3.0,4.0,4.0,5.0,5.0,6.0,7.0,8.0,8.0,10.0,12.0,inferred
Selby,2021-06-06,2.0,3.0,4.0,5.0,5.0,6.0,7.0,8.0,9.0,9.0,10.0,12.0,14.0,inferred
Selby,2021-06-07,3.0,5.0,6.0,7.0,8.0,9.0,10.0,11.0,12.0,12.0,13.0,15.0,19.0,inferred
Selby,2021-06-08,3.0,5.0,7.0,7.0,8.0,9.0,10.0,11.0,12.0,12.0,13.0,15.0,18.0,inferred
Selby,2021-06-09,4.0,6.0,8.0,8.0,9.0,10.0,11.0,12.0,13.0,14.0,14.0,16.0,21.0,inferred
Selby,2021-06-10,5.0,6.0,8.0,9.0,9.0,10.0,11.0,12.0,13.0,14.0,14.0,16.0,20.0,inferred
Selby,2021-06-11,4.0,6.0,8.0,8.0,9.0,10.0,11.0,12.0,13.0,14.0,15.0,17.0,20.5,inferred
Selby,2021-06-12,3.5,5.0,7.0,7.0,8.0,9.0,10.0,11.0,12.0,13.0,14.0,16.0,19.0,inferred
Selby,2021-06-13,5.0,7.0,9.0,9.0,10.0,11.0,12.0,13.0,14.0,15.0,16.0,18.0,22.0,inferred
Selby,2021-06-14,8.0,11.0,13.0,14.0,14.0,16.0,17.0,18.0,20.0,21.0,22.0,25.0,29.0,inferred
Selby,2021-06-15,8.0,11.0,13.0,14.0,15.0,16.0,18.0,19.0,21.0,21.0,22.0,25.0,30.0,inferred
Selby,2021-06-16,10.0,13.0,16.0,17.0,17.0,19.0,20.0,22.0,23.0,24.0,25.0,28.0,33.0,inferred
Selby,2021-06-17,10.0,14.0,16.0,17.0,18.0,19.0,21.0,22.0,24.0,25.0,26.0,29.0,34.0,inferred
Selby,2021-06-18,10.0,13.0,16.0,17.0,18.0,19.0,21.0,22.0,24.0,25.0,26.0,29.0,34.0,inferred
Sevenoaks,2021-03-06,0.0,0.0,1.0,1.0,2.0,2.0,2.0,3.0,4.0,4.0,4.0,6.0,7.0,inferred
Sevenoaks,2021-03-07,0.0,1.0,1.0,2.0,2.0,2.0,3.0,4.0,4.0,4.0,5.0,6.0,8.0,inferred
Sevenoaks,2021-03-08,0.0,1.0,2.0,2.0,3.0,3.0,4.0,4.0,5.0,5.0,6.0,7.0,9.0,inferred
Sevenoaks,2021-03-09,0.0,1.0,2.0,2.0,3.0,3.0,4.0,4.0,5.0,5.0,6.0,7.0,10.0,inferred
Sevenoaks,2021-03-10,1.0,1.0,2.0,3.0,3.0,3.0,4.0,5.0,5.0,6.0,6.0,7.0,10.0,inferred
Sevenoaks,2021-03-11,0.0,1.0,2.0,2.0,3.0,3.0,4.0,4.0,5.0,6.0,6.0,7.0,9.0,inferred
Sevenoaks,2021-03-12,0.0,1.0,2.0,2.0,2.0,3.0,3.0,4.0,5.0,5.0,6.0,7.0,9.0,inferred
Sevenoaks,2021-03-13,0.0,1.0,1.0,1.0,2.0,2.0,3.0,3.0,4.0,4.0,5.0,6.0,8.0,inferred
Sevenoaks,2021-03-14,0.0,1.0,1.0,2.0,2.0,2.0,3.0,4.0,4.0,5.0,5.0,6.0,9.0,inferred
Sevenoaks,2021-03-15,0.0,1.0,2.0,2.0,3.0,3.0,4.0,4.0,5.0,6.0,6.0,7.0,10.0,inferred
Sevenoaks,2021-03-16,0.0,1.0,2.0,2.0,3.0,3.0,4.0,4.0,5.0,5.0,6.0,7.0,9.0,inferred
Sevenoaks,2021-03-17,0.0,1.0,2.0,2.0,2.0,3.0,4.0,4.0,5.0,5.0,6.0,7.0,9.0,inferred
Sevenoaks,2021-03-18,0.0,1.0,2.0,2.0,2.0,3.0,3.0,4.0,4.0,5.0,5.0,7.0,9.0,inferred
Sevenoaks,2021-03-19,0.0,1.0,1.0,1.0,2.0,2.0,3.0,3.0,4.0,4.0,5.0,6.0,8.0,inferred
Sevenoaks,2021-03-20,0.0,0.0,1.0,1.0,1.0,2.0,2.0,3.0,3.0,4.0,4.0,5.0,7.0,inferred
Sevenoaks,2021-03-21,0.0,1.0,1.0,1.0,2.0,2.0,3.0,3.0,4.0,4.0,5.0,6.0,7.0,inferred
Sevenoaks,2021-03-22,0.0,1.0,2.0,2.0,2.0,3.0,3.0,4.0,5.0,5.0,6.0,7.0,9.0,inferred
Sevenoaks,2021-03-23,0.0,1.0,2.0,2.0,2.0,3.0,3.0,4.0,4.3,5.0,5.0,6.0,8.0,inferred
Sevenoaks,2021-03-24,0.0,1.0,2.0,2.0,2.0,3.0,3.0,4.0,5.0,5.0,6.0,7.0,9.0,inferred
Sevenoaks,2021-03-25,0.0,1.0,1.0,2.0,2.0,2.0,3.0,4.0,4.0,5.0,5.0,6.0,8.0,inferred
Sevenoaks,2021-03-26,0.0,0.0,1.0,1.0,1.0,2.0,2.0,3.0,3.0,4.0,4.0,5.0,8.0,inferred
Sevenoaks,2021-03-27,0.0,0.0,1.0,1.0,1.0,2.0,2.0,2.0,3.0,3.0,4.0,5.0,6.0,inferred
Sevenoaks,2021-03-28,0.0,0.0,1.0,1.0,1.0,2.0,2.0,3.0,3.0,4.0,4.0,5.0,8.0,inferred
Sevenoaks,2021-03-29,0.0,1.0,1.0,2.0,2.0,2.0,3.0,3.0,4.0,4.0,5.0,6.0,8.0,inferred
Sevenoaks,2021-03-30,0.0,1.0,1.0,1.0,2.0,2.0,3.0,3.0,4.0,4.0,4.0,6.0,8.0,inferred
Sevenoaks,2021-03-31,0.0,1.0,1.0,1.0,2.0,2.0,3.0,3.0,4.0,4.0,5.0,6.0,8.0,inferred
Sevenoaks,2021-04-01,0.0,0.0,1.0,1.0,1.0,2.0,2.0,3.0,3.0,4.0,4.0,5.0,7.0,inferred
Sevenoaks,2021-04-02,0.0,0.0,1.0,1.0,1.0,2.0,2.0,2.0,3.0,3.0,4.0,5.0,7.0,inferred
Sevenoaks,2021-04-03,0.0,0.0,0.0,1.0,1.0,1.0,1.0,2.0,2.0,3.0,3.0,4.0,6.0,inferred
Sevenoaks,2021-04-04,0.0,0.0,1.0,1.0,1.0,1.0,2.0,2.0,3.0,3.0,3.0,4.0,6.0,inferred
Sevenoaks,2021-04-05,0.0,0.0,1.0,1.0,1.0,2.0,2.0,3.0,3.0,3.0,4.0,5.0,6.0,inferred
Sevenoaks,2021-04-06,0.0,0.0,1.0,1.0,1.0,2.0,2.0,2.0,3.0,3.0,4.0,5.0,7.0,inferred
Sevenoaks,2021-04-07,0.0,0.0,1.0,1.0,1.0,2.0,2.0,3.0,3.0,4.0,4.0,5.0,7.0,inferred
Sevenoaks,2021-04-08,0.0,0.0,1.0,1.0,1.0,2.0,2.0,2.0,3.0,3.0,4.0,5.0,7.0,inferred
Sevenoaks,2021-04-09,0.0,0.0,1.0,1.0,1.0,1.0,2.0,2.0,3.0,3.0,3.0,4.0,6.0,inferred
Sevenoaks,2021-04-10,0.0,0.0,0.0,0.0,1.0,1.0,1.0,2.0,2.0,2.0,3.0,4.0,5.0,inferred
Sevenoaks,2021-04-11,0.0,0.0,1.0,1.0,1.0,1.0,2.0,2.0,2.0,3.0,3.0,4.0,6.0,inferred
Sevenoaks,2021-04-12,0.0,0.0,1.0,1.0,1.0,2.0,2.0,3.0,3.0,3.0,4.0,5.0,7.0,inferred
Sevenoaks,2021-04-13,0.0,0.0,1.0,1.0,1.0,2.0,2.0,2.0,3.0,3.0,4.0,5.0,7.0,inferred
Sevenoaks,2021-04-14,0.0,0.0,1.0,1.0,1.0,2.0,2.0,3.0,3.0,4.0,4.0,5.0,7.0,inferred
Sevenoaks,2021-04-15,0.0,0.0,1.0,1.0,1.0,2.0,2.0,3.0,3.0,3.0,4.0,5.0,7.0,inferred
Sevenoaks,2021-04-16,0.0,0.0,1.0,1.0,1.0,1.0,2.0,2.0,3.0,3.0,3.0,4.0,6.0,inferred
Sevenoaks,2021-04-17,0.0,0.0,0.0,0.0,1.0,1.0,1.0,2.0,2.0,3.0,3.0,4.0,6.0,inferred
Sevenoaks,2021-04-18,0.0,0.0,1.0,1.0,1.0,1.0,2.0,2.0,3.0,3.0,3.0,4.0,6.0,inferred
Sevenoaks,2021-04-19,0.0,0.0,1.0,1.0,1.0,2.0,2.0,3.0,3.0,4.0,4.0,5.0,8.0,inferred
Sevenoaks,2021-04-20,0.0,0.0,1.0,1.0,1.0,2.0,2.0,3.0,3.0,3.0,4.0,5.0,7.0,inferred
Sevenoaks,2021-04-21,0.0,0.0,1.0,1.0,1.0,2.0,2.0,3.0,3.0,4.0,4.0,5.0,7.0,inferred
Sevenoaks,2021-04-22,0.0,0.0,1.0,1.0,1.0,2.0,2.0,3.0,3.0,3.0,4.0,5.0,7.0,inferred
Sevenoaks,2021-04-23,0.0,0.0,1.0,1.0,1.0,1.0,2.0,2.0,3.0,3.0,3.0,4.0,6.0,inferred
Sevenoaks,2021-04-24,0.0,0.0,0.0,1.0,1.0,1.0,1.0,2.0,2.0,3.0,3.0,4.0,5.0,inferred
Sevenoaks,2021-04-25,0.0,0.0,1.0,1.0,1.0,1.0,2.0,2.0,3.0,3.0,3.0,4.0,6.0,inferred
Sevenoaks,2021-04-26,0.0,0.0,1.0,1.0,1.0,2.0,2.0,3.0,3.0,4.0,4.0,5.0,7.0,inferred
Sevenoaks,2021-04-27,0.0,0.0,1.0,1.0,1.0,2.0,2.0,3.0,3.0,4.0,4.0,5.0,7.0,inferred
Sevenoaks,2021-04-28,0.0,0.0,1.0,1.0,1.0,2.0,2.0,3.0,3.0,4.0,4.0,5.0,7.0,inferred
Sevenoaks,2021-04-29,0.0,0.0,1.0,1.0,1.0,2.0,2.0,3.0,3.0,3.0,4.0,5.0,7.0,inferred
Sevenoaks,2021-04-30,0.0,0.0,1.0,1.0,1.0,1.0,2.0,2.0,3.0,3.0,3.0,4.0,6.0,inferred
Sevenoaks,2021-05-01,0.0,0.0,0.0,0.0,1.0,1.0,1.0,2.0,2.0,2.0,3.0,4.0,5.0,inferred
Sevenoaks,2021-05-02,0.0,0.0,0.0,1.0,1.0,1.0,1.0,2.0,2.0,3.0,3.0,4.0,6.0,inferred
Sevenoaks,2021-05-03,0.0,0.0,1.0,1.0,1.0,1.0,2.0,2.0,3.0,3.0,3.0,4.0,6.0,inferred
Sevenoaks,2021-05-04,0.0,0.0,0.0,1.0,1.0,1.0,1.0,2.0,2.0,3.0,3.0,4.0,6.0,inferred
Sevenoaks,2021-05-05,0.0,0.0,0.0,1.0,1.0,1.0,2.0,2.0,2.0,3.0,3.0,4.0,6.0,inferred
Sevenoaks,2021-05-06,0.0,0.0,0.0,1.0,1.0,1.0,1.0,2.0,2.0,3.0,3.0,4.0,5.0,inferred
Sevenoaks,2021-05-07,0.0,0.0,0.0,0.0,1.0,1.0,1.0,2.0,2.0,2.0,2.0,3.0,5.0,inferred
Sevenoaks,2021-05-08,0.0,0.0,0.0,0.0,0.0,1.0,1.0,1.0,2.0,2.0,2.0,3.0,4.0,inferred
Sevenoaks,2021-05-09,0.0,0.0,0.0,0.0,0.0,1.0,1.0,1.0,2.0,2.0,2.0,3.0,4.0,inferred
Sevenoaks,2021-05-10,0.0,0.0,0.0,0.0,1.0,1.0,1.0,2.0,2.0,2.0,3.0,4.0,5.0,inferred
Sevenoaks,2021-05-11,0.0,0.0,0.0,0.0,1.0,1.0,1.0,2.0,2.0,2.0,2.2,3.0,5.0,inferred
Sevenoaks,2021-05-12,0.0,0.0,0.0,0.0,1.0,1.0,1.0,2.0,2.0,2.0,3.0,4.0,5.0,inferred
Sevenoaks,2021-05-13,0.0,0.0,0.0,0.0,1.0,1.0,1.0,2.0,2.0,2.0,3.0,3.0,5.0,inferred
Sevenoaks,2021-05-14,0.0,0.0,0.0,0.0,1.0,1.0,1.0,2.0,2.0,2.0,3.0,3.0,5.0,inferred
Sevenoaks,2021-05-15,0.0,0.0,0.0,0.0,0.0,1.0,1.0,1.0,2.0,2.0,2.0,3.0,4.0,inferred
Sevenoaks,2021-05-16,0.0,0.0,0.0,1.0,1.0,1.0,1.0,2.0,2.0,2.0,3.0,4.0,6.0,inferred
Sevenoaks,2021-05-17,0.0,0.0,1.0,1.0,1.0,1.0,2.0,2.0,3.0,3.0,3.0,5.0,7.0,inferred
Sevenoaks,2021-05-18,0.0,0.0,1.0,1.0,1.0,1.0,2.0,2.0,3.0,3.0,4.0,5.0,7.0,inferred
Sevenoaks,2021-05-19,0.0,0.0,1.0,1.0,1.0,2.0,2.0,3.0,3.0,3.2,4.0,5.0,7.0,inferred
Sevenoaks,2021-05-20,0.0,0.0,1.0,1.0,1.0,2.0,2.0,3.0,3.0,3.0,4.0,5.0,7.0,inferred
Sevenoaks,2021-05-21,0.0,0.0,1.0,1.0,1.0,2.0,2.0,2.0,3.0,3.0,4.0,5.0,7.0,inferred
Sevenoaks,2021-05-22,0.0,0.0,1.0,1.0,1.0,1.0,2.0,2.0,3.0,3.0,3.0,4.0,6.0,inferred
Sevenoaks,2021-05-23,0.0,0.0,1.0,1.0,1.0,2.0,2.0,3.0,3.0,4.0,4.0,5.0,7.0,inferred
Sevenoaks,2021-05-24,0.0,1.0,1.0,2.0,2.0,2.0,3.0,3.0,4.0,4.0,5.0,6.0,8.0,inferred
Sevenoaks,2021-05-25,0.0,1.0,1.0,2.0,2.0,3.0,3.0,4.0,4.0,5.0,5.0,7.0,9.0,inferred
Sevenoaks,2021-05-26,0.0,1.0,2.0,2.0,2.0,3.0,4.0,4.0,5.0,5.0,5.0,7.0,10.0,inferred
Sevenoaks,2021-05-27,0.0,1.0,2.0,2.0,3.0,3.0,4.0,4.0,5.0,5.0,6.0,7.0,10.0,inferred
Sevenoaks,2021-05-28,0.0,1.0,2.0,2.0,2.0,3.0,4.0,4.0,5.0,5.0,6.0,7.0,9.0,inferred
Sevenoaks,2021-05-29,0.0,1.0,2.0,2.0,2.0,3.0,3.0,4.0,4.0,5.0,5.0,7.0,9.0,inferred
Sevenoaks,2021-05-30,1.0,2.0,2.0,3.0,3.0,4.0,4.0,5.0,6.0,6.0,7.0,8.0,10.0,inferred
Sevenoaks,2021-05-31,1.0,3.0,3.0,4.0,4.0,5.0,6.0,6.0,7.0,8.0,8.0,10.0,13.0,inferred
Sevenoaks,2021-06-01,1.0,2.0,3.0,4.0,4.0,5.0,6.0,6.0,7.0,8.0,8.0,10.0,12.0,inferred
Sevenoaks,2021-06-02,1.0,3.0,4.0,4.0,5.0,5.0,6.0,7.0,8.0,8.0,9.0,11.0,13.0,inferred
Sevenoaks,2021-06-03,1.0,3.0,4.0,4.0,5.0,5.0,6.0,7.0,8.0,8.0,9.0,10.0,13.0,inferred
Sevenoaks,2021-06-04,1.0,2.0,3.0,4.0,4.0,5.0,5.0,6.0,7.0,7.0,8.0,10.0,13.0,inferred
Sevenoaks,2021-06-05,1.0,2.0,3.0,3.0,3.0,4.0,5.0,5.0,6.0,7.0,7.0,9.0,11.0,inferred
Sevenoaks,2021-06-06,1.0,3.0,3.0,4.0,4.0,5.0,6.0,6.0,7.0,8.0,8.0,10.0,13.0,inferred
Sevenoaks,2021-06-07,2.0,4.0,5.0,5.0,6.0,7.0,7.0,8.0,9.0,10.0,10.0,12.0,15.0,inferred
Sevenoaks,2021-06-08,2.0,3.0,5.0,5.0,6.0,7.0,7.0,8.0,9.0,10.0,11.0,12.0,15.0,inferred
Sevenoaks,2021-06-09,2.0,4.0,5.0,6.0,6.0,7.0,8.0,9.0,10.0,10.0,11.0,13.0,16.0,inferred
Sevenoaks,2021-06-10,2.0,4.0,5.0,5.0,6.0,7.0,8.0,9.0,10.0,10.0,11.0,12.0,16.0,inferred
Sevenoaks,2021-06-11,2.0,3.0,4.0,5.0,5.0,6.0,7.0,8.0,9.0,9.0,10.0,11.0,14.0,inferred
Sevenoaks,2021-06-12,1.0,3.0,4.0,4.0,4.0,5.0,6.0,7.0,7.0,8.0,8.0,10.0,13.0,inferred
Sevenoaks,2021-06-13,2.0,3.0,5.0,5.0,5.0,6.0,7.0,8.0,9.0,9.0,10.0,12.0,15.0,inferred
Sevenoaks,2021-06-14,3.0,5.0,6.0,7.0,7.0,8.0,9.0,10.0,11.0,12.0,13.0,14.0,18.0,inferred
Sevenoaks,2021-06-15,3.0,5.0,6.0,7.0,7.0,8.0,9.0,10.0,11.0,11.0,12.0,14.0,17.0,inferred
Sevenoaks,2021-06-16,3.0,5.0,6.0,7.0,8.0,9.0,10.0,10.0,12.0,12.0,13.0,15.0,19.0,inferred
Sevenoaks,2021-06-17,3.0,5.0,6.0,6.0,7.0,8.0,9.0,10.0,11.0,12.0,12.0,14.0,18.0,inferred
Sevenoaks,2021-06-18,2.0,4.0,5.0,6.0,6.0,7.0,8.0,9.0,10.0,10.0,11.0,13.0,16.0,inferred
Sheffield,2021-03-06,37.0,44.0,48.0,50.0,51.0,54.0,57.0,60.0,63.0,64.0,66.0,71.0,82.0,inferred
Sheffield,2021-03-07,43.0,51.0,55.0,56.0,58.0,61.0,65.0,67.0,71.0,73.0,75.0,80.0,88.5,inferred
Sheffield,2021-03-08,62.0,70.0,75.0,78.0,80.0,83.0,87.0,90.0,94.0,96.0,98.0,105.0,117.0,inferred
Sheffield,2021-03-09,59.0,68.0,74.0,76.0,78.0,82.0,85.0,88.0,91.0,94.0,97.0,104.0,114.0,inferred
Sheffield,2021-03-10,66.0,74.0,80.0,82.0,84.0,88.0,92.0,95.0,99.0,101.0,103.0,110.0,121.0,inferred
Sheffield,2021-03-11,64.0,73.0,77.0,79.0,81.0,85.0,88.0,92.0,96.0,97.0,100.0,106.0,117.0,inferred
Sheffield,2021-03-12,60.0,67.0,73.0,75.0,77.0,80.0,84.0,87.0,90.0,93.0,95.0,101.0,112.0,inferred
Sheffield,2021-03-13,49.0,56.0,61.0,63.0,65.0,68.0,71.0,74.0,78.0,80.0,82.0,89.0,99.0,inferred
Sheffield,2021-03-14,57.0,65.0,71.0,73.0,74.0,78.0,81.0,85.0,88.0,90.2,93.0,99.0,109.0,inferred
Sheffield,2021-03-15,79.5,88.0,94.0,97.0,99.0,103.0,107.0,111.0,115.0,118.0,121.0,128.0,139.0,inferred
Sheffield,2021-03-16,77.0,86.0,93.0,95.0,97.0,101.0,104.0,108.0,113.0,116.0,119.0,126.0,140.5,inferred
Sheffield,2021-03-17,84.0,92.0,98.0,101.0,103.0,108.0,112.0,116.0,120.0,122.0,126.0,132.0,145.0,inferred
Sheffield,2021-03-18,79.0,88.0,94.0,97.0,99.0,102.0,106.0,110.0,114.0,116.0,119.0,127.0,138.0,inferred
Sheffield,2021-03-19,72.5,81.0,87.0,89.0,92.0,96.0,100.0,103.0,107.0,109.0,111.0,118.0,130.0,inferred
Sheffield,2021-03-20,60.0,68.0,74.0,76.0,78.0,81.0,84.0,88.0,91.0,93.0,95.0,103.0,112.0,inferred
Sheffield,2021-03-21,67.0,76.0,82.0,85.0,87.0,90.0,94.0,97.0,101.0,103.0,106.0,112.0,125.0,inferred
Sheffield,2021-03-22,94.0,103.0,110.0,112.0,114.0,119.0,123.0,128.0,132.0,134.0,137.0,146.0,161.0,inferred
Sheffield,2021-03-23,84.0,95.0,101.0,104.0,106.0,110.0,114.0,118.0,122.3,125.0,128.0,136.0,150.0,inferred
Sheffield,2021-03-24,85.0,94.0,101.0,104.0,106.0,111.0,114.0,119.0,124.0,126.0,129.0,136.0,148.0,inferred
Sheffield,2021-03-25,77.0,86.0,90.0,92.0,94.0,98.0,102.0,106.0,110.0,112.0,115.0,121.0,134.0,inferred
Sheffield,2021-03-26,64.0,72.0,78.0,80.0,83.0,86.0,89.0,93.0,97.0,99.0,102.0,108.0,119.0,inferred
Sheffield,2021-03-27,50.0,56.0,62.0,63.0,66.0,68.0,71.0,75.0,78.0,80.0,82.0,88.0,96.0,inferred
Sheffield,2021-03-28,53.0,59.0,64.0,66.0,68.0,72.0,75.0,78.0,82.0,84.0,86.0,92.0,101.5,inferred
Sheffield,2021-03-29,66.0,75.0,81.0,83.0,85.0,89.0,93.0,96.0,100.0,102.0,104.0,110.0,123.0,inferred
Sheffield,2021-03-30,58.0,66.0,72.0,74.0,75.0,79.0,83.0,87.0,90.0,92.0,95.0,103.0,113.0,inferred
Sheffield,2021-03-31,57.0,66.0,71.0,73.0,75.0,79.0,83.0,86.0,90.0,92.0,95.0,102.0,113.5,inferred
Sheffield,2021-04-01,52.0,58.0,63.0,65.0,67.0,70.0,73.0,76.0,80.0,82.0,85.0,91.0,100.0,inferred
Sheffield,2021-04-02,43.0,51.0,56.0,57.0,59.0,62.0,65.5,69.0,72.0,74.0,76.0,82.0,91.0,inferred
Sheffield,2021-04-03,33.0,40.0,43.0,45.0,46.0,49.0,52.0,54.0,57.0,59.0,61.0,66.0,74.0,inferred
Sheffield,2021-04-04,34.0,41.0,45.0,47.0,48.0,52.0,54.0,57.0,60.0,62.0,64.0,69.0,77.0,inferred
Sheffield,2021-04-05,46.0,53.0,57.0,59.0,61.0,64.0,67.0,70.0,74.0,75.0,77.0,84.0,93.0,inferred
Sheffield,2021-04-06,40.0,47.0,52.0,54.0,56.0,58.0,61.0,64.0,67.0,69.0,71.0,77.0,86.0,inferred
Sheffield,2021-04-07,40.0,46.0,51.0,53.0,55.0,58.0,61.0,64.0,67.0,69.0,71.0,76.0,87.0,inferred
Sheffield,2021-04-08,35.0,41.0,45.0,47.0,48.0,51.0,54.0,57.0,59.0,61.0,63.0,69.0,76.0,inferred
Sheffield,2021-04-09,30.0,36.0,39.0,41.0,42.0,45.0,47.0,50.0,53.0,55.0,56.0,61.0,69.0,inferred
Sheffield,2021-04-10,22.0,27.0,31.0,32.0,33.0,35.0,38.0,40.0,43.0,44.0,46.0,51.0,58.0,inferred
Sheffield,2021-04-11,24.0,29.0,32.0,34.0,35.0,37.0,39.0,42.0,45.0,46.0,48.0,53.0,60.5,inferred
Sheffield,2021-04-12,30.0,36.0,41.0,42.0,44.0,46.0,49.0,52.0,55.0,56.0,58.0,63.0,72.0,inferred
Sheffield,2021-04-13,27.0,33.0,37.0,38.0,39.0,42.0,44.0,47.0,50.0,51.0,53.0,57.0,64.0,inferred
Sheffield,2021-04-14,28.0,33.0,37.0,39.0,40.0,43.0,45.0,48.0,51.0,52.0,54.0,59.0,68.0,inferred
Sheffield,2021-04-15,24.0,30.0,34.0,36.0,37.0,40.0,42.0,44.0,47.0,48.0,50.0,55.0,63.0,inferred
Sheffield,2021-04-16,20.5,27.0,30.0,31.0,33.0,35.0,38.0,40.0,43.0,44.0,46.0,50.0,57.5,inferred
Sheffield,2021-04-17,17.0,20.0,24.0,25.0,26.0,28.0,31.0,33.0,35.0,37.0,38.0,42.0,50.0,inferred
Sheffield,2021-04-18,19.0,23.0,27.0,28.0,29.0,31.0,34.0,36.0,38.0,39.0,40.0,44.0,50.0,inferred
Sheffield,2021-04-19,24.0,30.0,34.0,35.0,37.0,40.0,42.0,44.0,47.0,49.0,50.0,55.0,62.0,inferred
Sheffield,2021-04-20,22.0,28.0,31.8,33.0,34.0,37.0,39.0,41.0,44.0,45.0,47.0,52.0,59.0,inferred
Sheffield,2021-04-21,24.0,29.9,33.0,34.0,36.0,38.0,40.0,43.0,45.0,47.0,49.0,54.0,61.5,inferred
Sheffield,2021-04-22,22.0,27.0,31.0,32.0,33.0,36.0,38.0,40.0,43.0,44.0,45.2,49.0,58.0,inferred
Sheffield,2021-04-23,19.0,24.0,27.0,28.0,30.0,32.0,34.0,36.0,39.0,40.0,42.0,47.0,53.5,inferred
Sheffield,2021-04-24,15.0,19.0,22.0,23.0,24.0,26.0,28.0,30.0,32.3,34.0,35.0,39.0,46.0,inferred
Sheffield,2021-04-25,17.0,21.0,25.0,26.0,27.0,29.0,31.0,34.0,36.0,37.0,39.0,42.0,49.0,inferred
Sheffield,2021-04-26,24.0,29.0,33.0,35.0,36.0,39.0,41.0,44.0,46.0,48.0,49.0,54.0,60.5,inferred
Sheffield,2021-04-27,22.0,28.0,31.0,33.0,34.0,36.0,39.0,41.0,44.0,45.0,47.0,51.0,58.0,inferred
Sheffield,2021-04-28,24.0,30.0,34.0,35.0,37.0,39.0,41.0,43.0,46.0,48.0,50.0,55.0,64.0,inferred
Sheffield,2021-04-29,22.0,27.0,31.0,32.0,34.0,36.0,38.0,41.0,43.0,45.0,46.0,51.0,59.0,inferred
Sheffield,2021-04-30,21.0,26.0,29.0,30.0,31.0,33.0,36.0,38.0,40.0,41.0,43.0,48.0,56.0,inferred
Sheffield,2021-05-01,17.0,21.0,24.0,25.0,26.0,28.0,30.0,32.0,34.0,36.0,37.0,41.0,48.0,inferred
Sheffield,2021-05-02,19.0,24.0,26.0,28.0,29.0,31.0,33.0,35.0,37.0,39.0,41.0,45.0,51.0,inferred
Sheffield,2021-05-03,26.0,31.0,35.0,36.0,38.0,40.0,43.0,45.0,48.0,50.0,52.0,56.1,64.0,inferred
Sheffield,2021-05-04,24.0,29.0,33.0,34.0,36.0,38.0,40.0,43.0,45.0,46.0,49.0,53.0,62.0,inferred
Sheffield,2021-05-05,25.0,30.0,34.0,36.0,38.0,40.0,42.0,45.0,48.0,50.0,51.0,56.0,64.5,inferred
Sheffield,2021-05-06,23.0,27.0,31.0,33.0,34.0,37.0,38.5,41.0,43.0,45.0,47.0,51.0,58.5,inferred
Sheffield,2021-05-07,20.0,25.0,29.0,30.0,32.0,34.0,36.0,38.0,40.0,42.0,43.0,48.0,56.0,inferred
Sheffield,2021-05-08,16.0,20.0,23.0,24.0,25.0,27.0,29.0,31.0,34.0,35.0,36.0,41.0,47.0,inferred
Sheffield,2021-05-09,18.0,22.0,25.0,26.0,28.0,29.0,31.5,34.0,36.3,38.0,40.0,44.0,51.0,inferred
Sheffield,2021-05-10,24.0,30.0,33.0,35.0,36.0,39.0,41.0,44.0,46.3,48.0,50.0,55.0,62.0,inferred
Sheffield,2021-05-11,22.0,27.0,30.0,32.0,33.0,35.6,38.0,40.0,43.0,44.0,46.0,51.0,59.0,inferred
Sheffield,2021-05-12,22.0,27.0,31.0,32.0,33.0,35.0,38.0,40.4,43.0,44.2,46.0,50.1,58.0,inferred
Sheffield,2021-05-13,19.0,23.0,27.0,28.0,29.0,32.0,34.0,36.0,39.0,40.0,42.0,46.0,53.0,inferred
Sheffield,2021-05-14,16.0,21.0,24.0,25.0,26.0,29.0,31.0,32.0,35.0,36.0,38.0,42.0,49.0,inferred
Sheffield,2021-05-15,12.0,16.0,18.0,19.0,20.0,22.0,24.0,26.0,28.0,29.0,31.0,34.0,40.0,inferred
Sheffield,2021-05-16,13.0,17.0,20.0,21.0,22.0,24.0,26.0,28.0,30.0,31.0,33.0,37.0,43.0,inferred
Sheffield,2021-05-17,18.0,22.9,25.0,27.0,28.0,30.0,32.0,34.0,36.0,38.0,40.0,44.0,50.0,inferred
Sheffield,2021-05-18,16.0,20.0,23.0,24.0,25.0,27.0,29.0,31.0,34.0,35.0,37.0,40.0,48.0,inferred
Sheffield,2021-05-19,16.0,20.0,23.0,25.0,26.0,28.0,30.0,32.0,34.0,36.0,37.0,42.0,47.0,inferred
Sheffield,2021-05-20,14.0,18.0,21.0,22.0,23.0,25.0,27.0,29.0,32.0,33.0,34.0,38.0,44.0,inferred
Sheffield,2021-05-21,12.0,16.0,19.0,20.0,21.0,23.0,25.0,26.0,28.0,30.0,31.0,35.0,41.5,inferred
Sheffield,2021-05-22,9.0,12.0,15.0,16.0,17.0,18.0,20.0,21.4,24.0,25.0,26.0,29.0,35.0,inferred
Sheffield,2021-05-23,10.0,14.0,16.0,17.0,18.0,20.0,22.0,23.0,25.0,27.0,28.0,31.0,37.0,inferred
Sheffield,2021-05-24,14.0,17.0,21.0,22.0,23.0,25.0,27.0,28.0,31.0,32.0,34.0,38.0,44.0,inferred
Sheffield,2021-05-25,13.0,16.0,19.0,20.0,21.0,23.0,24.0,26.0,28.0,30.0,31.0,35.0,41.0,inferred
Sheffield,2021-05-26,13.0,17.0,19.0,20.0,21.0,23.0,25.0,27.0,29.0,30.0,32.0,35.0,43.0,inferred
Sheffield,2021-05-27,11.0,15.0,18.0,19.0,20.0,22.0,23.0,25.0,27.0,28.0,30.0,33.0,39.5,inferred
Sheffield,2021-05-28,10.0,13.0,16.0,17.0,18.0,19.0,21.0,23.0,25.0,26.0,27.0,30.0,36.0,inferred
Sheffield,2021-05-29,7.0,10.0,13.0,14.0,14.0,16.0,17.0,19.0,20.0,21.0,23.0,26.0,31.0,inferred
Sheffield,2021-05-30,8.0,12.0,14.0,15.0,16.0,17.0,19.0,20.0,22.0,23.0,24.0,28.0,33.0,inferred
Sheffield,2021-05-31,12.0,16.0,18.0,20.0,21.0,23.0,24.0,26.0,29.0,30.0,31.2,35.0,42.0,inferred
Sheffield,2021-06-01,12.0,15.0,18.0,19.0,20.0,22.0,24.0,26.0,28.0,29.0,30.0,34.0,40.0,inferred
Sheffield,2021-06-02,13.0,17.0,20.0,21.0,22.0,24.0,26.0,28.0,30.0,32.0,33.0,37.0,44.5,inferred
Sheffield,2021-06-03,14.0,17.0,20.0,22.0,23.0,25.0,27.0,28.0,30.0,31.0,33.0,37.0,43.0,inferred
Sheffield,2021-06-04,13.0,17.0,20.0,21.0,22.0,24.0,25.0,27.0,30.0,31.0,33.0,36.1,43.5,inferred
Sheffield,2021-06-05,10.0,14.0,17.0,18.0,19.0,21.0,22.0,24.0,26.0,27.0,29.0,31.0,38.0,inferred
Sheffield,2021-06-06,14.0,17.0,20.0,21.0,22.0,24.0,26.0,28.0,30.0,32.0,33.0,37.0,43.0,inferred
Sheffield,2021-06-07,21.0,26.0,29.0,30.0,32.0,34.0,36.0,38.0,41.0,42.0,44.0,48.0,55.0,inferred
Sheffield,2021-06-08,20.0,25.0,29.0,30.0,32.0,34.0,37.0,39.0,41.0,42.0,44.0,48.0,56.0,inferred
Sheffield,2021-06-09,25.0,30.0,33.0,34.0,36.0,38.0,40.0,42.0,45.0,47.0,48.0,53.0,61.0,inferred
Sheffield,2021-06-10,24.0,28.0,32.0,34.0,35.0,38.0,40.0,43.0,45.0,46.0,48.0,52.0,60.0,inferred
Sheffield,2021-06-11,23.0,28.9,32.0,33.0,34.0,37.0,39.0,41.0,44.0,45.0,47.0,52.0,60.0,inferred
Sheffield,2021-06-12,20.0,25.0,28.0,29.0,31.0,33.0,35.0,37.0,39.0,41.0,42.0,46.0,54.0,inferred
Sheffield,2021-06-13,24.0,30.0,34.0,35.0,36.7,39.0,41.0,44.0,47.0,48.0,50.0,54.0,60.5,inferred
Sheffield,2021-06-14,37.0,43.0,47.0,49.0,51.0,54.0,57.0,60.0,63.0,65.0,67.0,73.0,81.0,inferred
Sheffield,2021-06-15,38.0,45.0,49.0,51.0,53.0,55.0,58.0,61.4,65.0,67.0,69.0,75.0,85.0,inferred
Sheffield,2021-06-16,45.0,52.0,57.8,59.0,61.0,64.0,67.0,70.0,73.0,75.0,78.0,84.0,93.5,inferred
Sheffield,2021-06-17,45.0,54.0,59.0,61.0,63.0,66.0,69.0,73.0,76.0,79.0,81.0,88.0,99.0,inferred
Sheffield,2021-06-18,46.0,53.0,59.0,61.0,63.0,66.0,70.0,74.0,78.0,80.0,83.0,90.0,103.0,inferred
Shetland,2021-03-06,0.0,0.0,0.0,0.0,0.0,0.0,0.0,0.0,0.0,0.0,0.0,0.0,1.0,inferred
Shetland,2021-03-07,0.0,0.0,0.0,0.0,0.0,0.0,0.0,0.0,0.0,0.0,0.0,0.0,1.0,inferred
Shetland,2021-03-08,0.0,0.0,0.0,0.0,0.0,0.0,0.0,0.0,0.0,0.0,0.0,0.0,0.0,inferred
Shetland,2021-03-09,0.0,0.0,0.0,0.0,0.0,0.0,0.0,0.0,0.0,0.0,0.0,0.0,1.0,inferred
Shetland,2021-03-10,0.0,0.0,0.0,0.0,0.0,0.0,0.0,0.0,0.0,0.0,0.0,0.0,2.0,inferred
Shetland,2021-03-11,0.0,0.0,0.0,0.0,0.0,0.0,0.0,0.0,0.0,0.0,0.0,0.0,1.5,inferred
Shetland,2021-03-12,0.0,0.0,0.0,0.0,0.0,0.0,0.0,0.0,0.0,0.0,0.0,1.0,2.0,inferred
Shetland,2021-03-13,0.0,0.0,0.0,0.0,0.0,0.0,0.0,0.0,0.0,0.0,0.0,1.0,3.0,inferred
Shetland,2021-03-14,0.0,0.0,0.0,0.0,0.0,0.0,0.0,0.0,0.0,0.0,0.0,1.0,3.0,inferred
Shetland,2021-03-15,0.0,0.0,0.0,0.0,0.0,0.0,0.0,0.0,0.0,0.0,0.0,1.0,3.0,inferred
Shetland,2021-03-16,0.0,0.0,0.0,0.0,0.0,0.0,0.0,0.0,0.0,0.0,0.0,1.0,3.0,inferred
Shetland,2021-03-17,0.0,0.0,0.0,0.0,0.0,0.0,0.0,0.0,0.0,0.0,1.0,2.0,4.0,inferred
Shetland,2021-03-18,0.0,0.0,0.0,0.0,0.0,0.0,0.0,0.0,0.0,0.0,1.0,1.0,5.0,inferred
Shetland,2021-03-19,0.0,0.0,0.0,0.0,0.0,0.0,0.0,0.0,0.0,0.0,1.0,2.0,4.5,inferred
Shetland,2021-03-20,0.0,0.0,0.0,0.0,0.0,0.0,0.0,0.0,0.0,0.0,1.0,2.0,4.0,inferred
Shetland,2021-03-21,0.0,0.0,0.0,0.0,0.0,0.0,0.0,0.0,0.0,0.0,0.2,1.1,4.0,inferred
Shetland,2021-03-22,0.0,0.0,0.0,0.0,0.0,0.0,0.0,0.0,0.0,0.0,0.0,1.0,4.0,inferred
Shetland,2021-03-23,0.0,0.0,0.0,0.0,0.0,0.0,0.0,0.0,0.0,0.0,0.0,1.0,4.0,inferred
Shetland,2021-03-24,0.0,0.0,0.0,0.0,0.0,0.0,0.0,0.0,0.0,1.0,1.0,2.0,5.0,inferred
Shetland,2021-03-25,0.0,0.0,0.0,0.0,0.0,0.0,0.0,0.0,0.0,1.0,1.0,2.0,5.0,inferred
Shetland,2021-03-26,0.0,0.0,0.0,0.0,0.0,0.0,0.0,0.0,0.0,1.0,1.0,2.0,5.0,inferred
Shetland,2021-03-27,0.0,0.0,0.0,0.0,0.0,0.0,0.0,0.0,0.0,0.0,1.0,2.0,5.0,inferred
Shetland,2021-03-28,0.0,0.0,0.0,0.0,0.0,0.0,0.0,0.0,0.0,0.0,1.0,2.0,4.0,inferred
Shetland,2021-03-29,0.0,0.0,0.0,0.0,0.0,0.0,0.0,0.0,0.0,0.0,0.0,1.0,4.0,inferred
Shetland,2021-03-30,0.0,0.0,0.0,0.0,0.0,0.0,0.0,0.0,0.0,0.0,0.0,1.0,4.0,inferred
Shetland,2021-03-31,0.0,0.0,0.0,0.0,0.0,0.0,0.0,0.0,0.0,1.0,1.0,2.0,5.0,inferred
Shetland,2021-04-01,0.0,0.0,0.0,0.0,0.0,0.0,0.0,0.0,0.0,0.0,1.0,2.0,4.5,inferred
Shetland,2021-04-02,0.0,0.0,0.0,0.0,0.0,0.0,0.0,0.0,0.0,0.0,1.0,2.0,5.0,inferred
Shetland,2021-04-03,0.0,0.0,0.0,0.0,0.0,0.0,0.0,0.0,0.0,0.0,1.0,2.0,5.0,inferred
Shetland,2021-04-04,0.0,0.0,0.0,0.0,0.0,0.0,0.0,0.0,0.0,0.0,0.0,1.0,4.0,inferred
Shetland,2021-04-05,0.0,0.0,0.0,0.0,0.0,0.0,0.0,0.0,0.0,0.0,0.0,1.0,4.0,inferred
Shetland,2021-04-06,0.0,0.0,0.0,0.0,0.0,0.0,0.0,0.0,0.0,0.0,0.0,1.0,3.0,inferred
Shetland,2021-04-07,0.0,0.0,0.0,0.0,0.0,0.0,0.0,0.0,0.0,0.0,0.0,1.0,4.0,inferred
Shetland,2021-04-08,0.0,0.0,0.0,0.0,0.0,0.0,0.0,0.0,0.0,0.0,0.0,1.0,4.0,inferred
Shetland,2021-04-09,0.0,0.0,0.0,0.0,0.0,0.0,0.0,0.0,0.0,0.0,0.0,1.0,4.0,inferred
Shetland,2021-04-10,0.0,0.0,0.0,0.0,0.0,0.0,0.0,0.0,0.0,0.0,1.0,1.0,4.0,inferred
Shetland,2021-04-11,0.0,0.0,0.0,0.0,0.0,0.0,0.0,0.0,0.0,0.0,0.0,1.0,3.0,inferred
Shetland,2021-04-12,0.0,0.0,0.0,0.0,0.0,0.0,0.0,0.0,0.0,0.0,0.0,1.0,2.5,inferred
Shetland,2021-04-13,0.0,0.0,0.0,0.0,0.0,0.0,0.0,0.0,0.0,0.0,0.0,1.0,3.0,inferred
Shetland,2021-04-14,0.0,0.0,0.0,0.0,0.0,0.0,0.0,0.0,0.0,0.0,0.0,1.0,3.5,inferred
Shetland,2021-04-15,0.0,0.0,0.0,0.0,0.0,0.0,0.0,0.0,0.0,0.0,0.0,1.0,3.5,inferred
Shetland,2021-04-16,0.0,0.0,0.0,0.0,0.0,0.0,0.0,0.0,0.0,0.0,0.0,1.0,3.0,inferred
Shetland,2021-04-17,0.0,0.0,0.0,0.0,0.0,0.0,0.0,0.0,0.0,0.0,0.0,1.0,3.5,inferred
Shetland,2021-04-18,0.0,0.0,0.0,0.0,0.0,0.0,0.0,0.0,0.0,0.0,0.0,1.0,3.0,inferred
Shetland,2021-04-19,0.0,0.0,0.0,0.0,0.0,0.0,0.0,0.0,0.0,0.0,0.0,0.1,3.0,inferred
Shetland,2021-04-20,0.0,0.0,0.0,0.0,0.0,0.0,0.0,0.0,0.0,0.0,0.0,1.0,2.0,inferred
Shetland,2021-04-21,0.0,0.0,0.0,0.0,0.0,0.0,0.0,0.0,0.0,0.0,0.0,1.0,3.0,inferred
Shetland,2021-04-22,0.0,0.0,0.0,0.0,0.0,0.0,0.0,0.0,0.0,0.0,0.0,1.0,4.0,inferred
Shetland,2021-04-23,0.0,0.0,0.0,0.0,0.0,0.0,0.0,0.0,0.0,0.0,0.0,1.0,3.0,inferred
Shetland,2021-04-24,0.0,0.0,0.0,0.0,0.0,0.0,0.0,0.0,0.0,0.0,0.0,1.0,3.0,inferred
Shetland,2021-04-25,0.0,0.0,0.0,0.0,0.0,0.0,0.0,0.0,0.0,0.0,0.0,0.0,2.0,inferred
Shetland,2021-04-26,0.0,0.0,0.0,0.0,0.0,0.0,0.0,0.0,0.0,0.0,0.0,0.0,2.0,inferred
Shetland,2021-04-27,0.0,0.0,0.0,0.0,0.0,0.0,0.0,0.0,0.0,0.0,0.0,0.0,3.0,inferred
Shetland,2021-04-28,0.0,0.0,0.0,0.0,0.0,0.0,0.0,0.0,0.0,0.0,0.0,1.0,2.0,inferred
Shetland,2021-04-29,0.0,0.0,0.0,0.0,0.0,0.0,0.0,0.0,0.0,0.0,0.0,1.0,2.0,inferred
Shetland,2021-04-30,0.0,0.0,0.0,0.0,0.0,0.0,0.0,0.0,0.0,0.0,0.0,1.0,3.0,inferred
Shetland,2021-05-01,0.0,0.0,0.0,0.0,0.0,0.0,0.0,0.0,0.0,0.0,0.0,1.0,3.0,inferred
Shetland,2021-05-02,0.0,0.0,0.0,0.0,0.0,0.0,0.0,0.0,0.0,0.0,0.0,0.0,2.0,inferred
Shetland,2021-05-03,0.0,0.0,0.0,0.0,0.0,0.0,0.0,0.0,0.0,0.0,0.0,0.0,2.0,inferred
Shetland,2021-05-04,0.0,0.0,0.0,0.0,0.0,0.0,0.0,0.0,0.0,0.0,0.0,0.0,2.0,inferred
Shetland,2021-05-05,0.0,0.0,0.0,0.0,0.0,0.0,0.0,0.0,0.0,0.0,0.0,1.0,3.0,inferred
Shetland,2021-05-06,0.0,0.0,0.0,0.0,0.0,0.0,0.0,0.0,0.0,0.0,0.0,1.0,3.0,inferred
Shetland,2021-05-07,0.0,0.0,0.0,0.0,0.0,0.0,0.0,0.0,0.0,0.0,0.0,1.0,2.5,inferred
Shetland,2021-05-08,0.0,0.0,0.0,0.0,0.0,0.0,0.0,0.0,0.0,0.0,0.0,1.0,3.0,inferred
Shetland,2021-05-09,0.0,0.0,0.0,0.0,0.0,0.0,0.0,0.0,0.0,0.0,0.0,1.0,3.0,inferred
Shetland,2021-05-10,0.0,0.0,0.0,0.0,0.0,0.0,0.0,0.0,0.0,0.0,0.0,0.0,2.0,inferred
Shetland,2021-05-11,0.0,0.0,0.0,0.0,0.0,0.0,0.0,0.0,0.0,0.0,0.0,0.0,2.0,inferred
Shetland,2021-05-12,0.0,0.0,0.0,0.0,0.0,0.0,0.0,0.0,0.0,0.0,0.0,1.0,3.0,inferred
Shetland,2021-05-13,0.0,0.0,0.0,0.0,0.0,0.0,0.0,0.0,0.0,0.0,0.0,1.0,2.0,inferred
Shetland,2021-05-14,0.0,0.0,0.0,0.0,0.0,0.0,0.0,0.0,0.0,0.0,0.0,1.0,2.0,inferred
Shetland,2021-05-15,0.0,0.0,0.0,0.0,0.0,0.0,0.0,0.0,0.0,0.0,0.0,1.0,2.0,inferred
Shetland,2021-05-16,0.0,0.0,0.0,0.0,0.0,0.0,0.0,0.0,0.0,0.0,0.0,1.0,3.0,inferred
Shetland,2021-05-17,0.0,0.0,0.0,0.0,0.0,0.0,0.0,0.0,0.0,0.0,0.0,0.0,2.0,inferred
Shetland,2021-05-18,0.0,0.0,0.0,0.0,0.0,0.0,0.0,0.0,0.0,0.0,0.0,0.0,3.0,inferred
Shetland,2021-05-19,0.0,0.0,0.0,0.0,0.0,0.0,0.0,0.0,0.0,0.0,0.0,1.0,3.0,inferred
Shetland,2021-05-20,0.0,0.0,0.0,0.0,0.0,0.0,0.0,0.0,0.0,0.0,0.0,1.0,2.5,inferred
Shetland,2021-05-21,0.0,0.0,0.0,0.0,0.0,0.0,0.0,0.0,0.0,0.0,0.0,1.0,3.0,inferred
Shetland,2021-05-22,0.0,0.0,0.0,0.0,0.0,0.0,0.0,0.0,0.0,0.0,0.0,1.0,3.0,inferred
Shetland,2021-05-23,0.0,0.0,0.0,0.0,0.0,0.0,0.0,0.0,0.0,0.0,0.0,1.0,2.0,inferred
Shetland,2021-05-24,0.0,0.0,0.0,0.0,0.0,0.0,0.0,0.0,0.0,0.0,0.0,0.0,2.0,inferred
Shetland,2021-05-25,0.0,0.0,0.0,0.0,0.0,0.0,0.0,0.0,0.0,0.0,0.0,0.0,2.0,inferred
Shetland,2021-05-26,0.0,0.0,0.0,0.0,0.0,0.0,0.0,0.0,0.0,0.0,0.0,1.0,3.0,inferred
Shetland,2021-05-27,0.0,0.0,0.0,0.0,0.0,0.0,0.0,0.0,0.0,0.0,0.0,1.0,3.0,inferred
Shetland,2021-05-28,0.0,0.0,0.0,0.0,0.0,0.0,0.0,0.0,0.0,0.0,0.0,1.0,3.0,inferred
Shetland,2021-05-29,0.0,0.0,0.0,0.0,0.0,0.0,0.0,0.0,0.0,0.0,0.0,1.0,4.0,inferred
Shetland,2021-05-30,0.0,0.0,0.0,0.0,0.0,0.0,0.0,0.0,0.0,0.0,0.0,1.0,3.0,inferred
Shetland,2021-05-31,0.0,0.0,0.0,0.0,0.0,0.0,0.0,0.0,0.0,0.0,0.0,1.0,2.0,inferred
Shetland,2021-06-01,0.0,0.0,0.0,0.0,0.0,0.0,0.0,0.0,0.0,0.0,0.0,1.0,3.0,inferred
Shetland,2021-06-02,0.0,0.0,0.0,0.0,0.0,0.0,0.0,0.0,0.0,0.0,0.0,1.0,4.0,inferred
Shetland,2021-06-03,0.0,0.0,0.0,0.0,0.0,0.0,0.0,0.0,0.0,0.0,0.0,1.0,4.0,inferred
Shetland,2021-06-04,0.0,0.0,0.0,0.0,0.0,0.0,0.0,0.0,0.0,0.0,0.0,1.0,4.0,inferred
Shetland,2021-06-05,0.0,0.0,0.0,0.0,0.0,0.0,0.0,0.0,0.0,0.0,0.0,1.0,3.0,inferred
Shetland,2021-06-06,0.0,0.0,0.0,0.0,0.0,0.0,0.0,0.0,0.0,0.0,0.0,1.0,4.0,inferred
Shetland,2021-06-07,0.0,0.0,0.0,0.0,0.0,0.0,0.0,0.0,0.0,0.0,0.0,1.0,3.0,inferred
Shetland,2021-06-08,0.0,0.0,0.0,0.0,0.0,0.0,0.0,0.0,0.0,0.0,0.0,1.0,4.0,inferred
Shetland,2021-06-09,0.0,0.0,0.0,0.0,0.0,0.0,0.0,0.0,0.0,0.0,0.0,1.0,4.0,inferred
Shetland,2021-06-10,0.0,0.0,0.0,0.0,0.0,0.0,0.0,0.0,0.0,0.0,0.0,1.0,5.0,inferred
Shetland,2021-06-11,0.0,0.0,0.0,0.0,0.0,0.0,0.0,0.0,0.0,0.0,0.0,1.0,4.0,inferred
Shetland,2021-06-12,0.0,0.0,0.0,0.0,0.0,0.0,0.0,0.0,0.0,0.0,0.0,1.0,4.0,inferred
Shetland,2021-06-13,0.0,0.0,0.0,0.0,0.0,0.0,0.0,0.0,0.0,0.0,0.0,1.0,3.0,inferred
Shetland,2021-06-14,0.0,0.0,0.0,0.0,0.0,0.0,0.0,0.0,0.0,0.0,0.0,1.0,3.0,inferred
Shetland,2021-06-15,0.0,0.0,0.0,0.0,0.0,0.0,0.0,0.0,0.0,0.0,0.0,1.0,3.0,inferred
Shetland,2021-06-16,0.0,0.0,0.0,0.0,0.0,0.0,0.0,0.0,0.0,0.0,0.0,1.0,4.0,inferred
Shetland,2021-06-17,0.0,0.0,0.0,0.0,0.0,0.0,0.0,0.0,0.0,0.0,0.0,1.0,3.0,inferred
Shetland,2021-06-18,0.0,0.0,0.0,0.0,0.0,0.0,0.0,0.0,0.0,0.0,0.0,1.0,4.0,inferred
Shetland Islands,2021-03-06,0.0,0.0,0.0,0.0,0.0,0.0,0.0,0.0,0.0,0.0,0.0,0.0,1.0,inferred
Shetland Islands,2021-03-07,0.0,0.0,0.0,0.0,0.0,0.0,0.0,0.0,0.0,0.0,0.0,0.0,1.0,inferred
Shetland Islands,2021-03-08,0.0,0.0,0.0,0.0,0.0,0.0,0.0,0.0,0.0,0.0,0.0,0.0,0.0,inferred
Shetland Islands,2021-03-09,0.0,0.0,0.0,0.0,0.0,0.0,0.0,0.0,0.0,0.0,0.0,0.0,1.0,inferred
Shetland Islands,2021-03-10,0.0,0.0,0.0,0.0,0.0,0.0,0.0,0.0,0.0,0.0,0.0,0.0,2.0,inferred
Shetland Islands,2021-03-11,0.0,0.0,0.0,0.0,0.0,0.0,0.0,0.0,0.0,0.0,0.0,0.0,1.5,inferred
Shetland Islands,2021-03-12,0.0,0.0,0.0,0.0,0.0,0.0,0.0,0.0,0.0,0.0,0.0,1.0,2.0,inferred
Shetland Islands,2021-03-13,0.0,0.0,0.0,0.0,0.0,0.0,0.0,0.0,0.0,0.0,0.0,1.0,3.0,inferred
Shetland Islands,2021-03-14,0.0,0.0,0.0,0.0,0.0,0.0,0.0,0.0,0.0,0.0,0.0,1.0,3.0,inferred
Shetland Islands,2021-03-15,0.0,0.0,0.0,0.0,0.0,0.0,0.0,0.0,0.0,0.0,0.0,1.0,3.0,inferred
Shetland Islands,2021-03-16,0.0,0.0,0.0,0.0,0.0,0.0,0.0,0.0,0.0,0.0,0.0,1.0,3.0,inferred
Shetland Islands,2021-03-17,0.0,0.0,0.0,0.0,0.0,0.0,0.0,0.0,0.0,0.0,1.0,2.0,4.0,inferred
Shetland Islands,2021-03-18,0.0,0.0,0.0,0.0,0.0,0.0,0.0,0.0,0.0,0.0,1.0,1.0,5.0,inferred
Shetland Islands,2021-03-19,0.0,0.0,0.0,0.0,0.0,0.0,0.0,0.0,0.0,0.0,1.0,2.0,4.5,inferred
Shetland Islands,2021-03-20,0.0,0.0,0.0,0.0,0.0,0.0,0.0,0.0,0.0,0.0,1.0,2.0,4.0,inferred
Shetland Islands,2021-03-21,0.0,0.0,0.0,0.0,0.0,0.0,0.0,0.0,0.0,0.0,0.2,1.1,4.0,inferred
Shetland Islands,2021-03-22,0.0,0.0,0.0,0.0,0.0,0.0,0.0,0.0,0.0,0.0,0.0,1.0,4.0,inferred
Shetland Islands,2021-03-23,0.0,0.0,0.0,0.0,0.0,0.0,0.0,0.0,0.0,0.0,0.0,1.0,4.0,inferred
Shetland Islands,2021-03-24,0.0,0.0,0.0,0.0,0.0,0.0,0.0,0.0,0.0,1.0,1.0,2.0,5.0,inferred
Shetland Islands,2021-03-25,0.0,0.0,0.0,0.0,0.0,0.0,0.0,0.0,0.0,1.0,1.0,2.0,5.0,inferred
Shetland Islands,2021-03-26,0.0,0.0,0.0,0.0,0.0,0.0,0.0,0.0,0.0,1.0,1.0,2.0,5.0,inferred
Shetland Islands,2021-03-27,0.0,0.0,0.0,0.0,0.0,0.0,0.0,0.0,0.0,0.0,1.0,2.0,5.0,inferred
Shetland Islands,2021-03-28,0.0,0.0,0.0,0.0,0.0,0.0,0.0,0.0,0.0,0.0,1.0,2.0,4.0,inferred
Shetland Islands,2021-03-29,0.0,0.0,0.0,0.0,0.0,0.0,0.0,0.0,0.0,0.0,0.0,1.0,4.0,inferred
Shetland Islands,2021-03-30,0.0,0.0,0.0,0.0,0.0,0.0,0.0,0.0,0.0,0.0,0.0,1.0,4.0,inferred
Shetland Islands,2021-03-31,0.0,0.0,0.0,0.0,0.0,0.0,0.0,0.0,0.0,1.0,1.0,2.0,5.0,inferred
Shetland Islands,2021-04-01,0.0,0.0,0.0,0.0,0.0,0.0,0.0,0.0,0.0,0.0,1.0,2.0,4.5,inferred
Shetland Islands,2021-04-02,0.0,0.0,0.0,0.0,0.0,0.0,0.0,0.0,0.0,0.0,1.0,2.0,5.0,inferred
Shetland Islands,2021-04-03,0.0,0.0,0.0,0.0,0.0,0.0,0.0,0.0,0.0,0.0,1.0,2.0,5.0,inferred
Shetland Islands,2021-04-04,0.0,0.0,0.0,0.0,0.0,0.0,0.0,0.0,0.0,0.0,0.0,1.0,4.0,inferred
Shetland Islands,2021-04-05,0.0,0.0,0.0,0.0,0.0,0.0,0.0,0.0,0.0,0.0,0.0,1.0,4.0,inferred
Shetland Islands,2021-04-06,0.0,0.0,0.0,0.0,0.0,0.0,0.0,0.0,0.0,0.0,0.0,1.0,3.0,inferred
Shetland Islands,2021-04-07,0.0,0.0,0.0,0.0,0.0,0.0,0.0,0.0,0.0,0.0,0.0,1.0,4.0,inferred
Shetland Islands,2021-04-08,0.0,0.0,0.0,0.0,0.0,0.0,0.0,0.0,0.0,0.0,0.0,1.0,4.0,inferred
Shetland Islands,2021-04-09,0.0,0.0,0.0,0.0,0.0,0.0,0.0,0.0,0.0,0.0,0.0,1.0,4.0,inferred
Shetland Islands,2021-04-10,0.0,0.0,0.0,0.0,0.0,0.0,0.0,0.0,0.0,0.0,1.0,1.0,4.0,inferred
Shetland Islands,2021-04-11,0.0,0.0,0.0,0.0,0.0,0.0,0.0,0.0,0.0,0.0,0.0,1.0,3.0,inferred
Shetland Islands,2021-04-12,0.0,0.0,0.0,0.0,0.0,0.0,0.0,0.0,0.0,0.0,0.0,1.0,2.5,inferred
Shetland Islands,2021-04-13,0.0,0.0,0.0,0.0,0.0,0.0,0.0,0.0,0.0,0.0,0.0,1.0,3.0,inferred
Shetland Islands,2021-04-14,0.0,0.0,0.0,0.0,0.0,0.0,0.0,0.0,0.0,0.0,0.0,1.0,3.5,inferred
Shetland Islands,2021-04-15,0.0,0.0,0.0,0.0,0.0,0.0,0.0,0.0,0.0,0.0,0.0,1.0,3.5,inferred
Shetland Islands,2021-04-16,0.0,0.0,0.0,0.0,0.0,0.0,0.0,0.0,0.0,0.0,0.0,1.0,3.0,inferred
Shetland Islands,2021-04-17,0.0,0.0,0.0,0.0,0.0,0.0,0.0,0.0,0.0,0.0,0.0,1.0,3.5,inferred
Shetland Islands,2021-04-18,0.0,0.0,0.0,0.0,0.0,0.0,0.0,0.0,0.0,0.0,0.0,1.0,3.0,inferred
Shetland Islands,2021-04-19,0.0,0.0,0.0,0.0,0.0,0.0,0.0,0.0,0.0,0.0,0.0,0.1,3.0,inferred
Shetland Islands,2021-04-20,0.0,0.0,0.0,0.0,0.0,0.0,0.0,0.0,0.0,0.0,0.0,1.0,2.0,inferred
Shetland Islands,2021-04-21,0.0,0.0,0.0,0.0,0.0,0.0,0.0,0.0,0.0,0.0,0.0,1.0,3.0,inferred
Shetland Islands,2021-04-22,0.0,0.0,0.0,0.0,0.0,0.0,0.0,0.0,0.0,0.0,0.0,1.0,4.0,inferred
Shetland Islands,2021-04-23,0.0,0.0,0.0,0.0,0.0,0.0,0.0,0.0,0.0,0.0,0.0,1.0,3.0,inferred
Shetland Islands,2021-04-24,0.0,0.0,0.0,0.0,0.0,0.0,0.0,0.0,0.0,0.0,0.0,1.0,3.0,inferred
Shetland Islands,2021-04-25,0.0,0.0,0.0,0.0,0.0,0.0,0.0,0.0,0.0,0.0,0.0,0.0,2.0,inferred
Shetland Islands,2021-04-26,0.0,0.0,0.0,0.0,0.0,0.0,0.0,0.0,0.0,0.0,0.0,0.0,2.0,inferred
Shetland Islands,2021-04-27,0.0,0.0,0.0,0.0,0.0,0.0,0.0,0.0,0.0,0.0,0.0,0.0,3.0,inferred
Shetland Islands,2021-04-28,0.0,0.0,0.0,0.0,0.0,0.0,0.0,0.0,0.0,0.0,0.0,1.0,2.0,inferred
Shetland Islands,2021-04-29,0.0,0.0,0.0,0.0,0.0,0.0,0.0,0.0,0.0,0.0,0.0,1.0,2.0,inferred
Shetland Islands,2021-04-30,0.0,0.0,0.0,0.0,0.0,0.0,0.0,0.0,0.0,0.0,0.0,1.0,3.0,inferred
Shetland Islands,2021-05-01,0.0,0.0,0.0,0.0,0.0,0.0,0.0,0.0,0.0,0.0,0.0,1.0,3.0,inferred
Shetland Islands,2021-05-02,0.0,0.0,0.0,0.0,0.0,0.0,0.0,0.0,0.0,0.0,0.0,0.0,2.0,inferred
Shetland Islands,2021-05-03,0.0,0.0,0.0,0.0,0.0,0.0,0.0,0.0,0.0,0.0,0.0,0.0,2.0,inferred
Shetland Islands,2021-05-04,0.0,0.0,0.0,0.0,0.0,0.0,0.0,0.0,0.0,0.0,0.0,0.0,2.0,inferred
Shetland Islands,2021-05-05,0.0,0.0,0.0,0.0,0.0,0.0,0.0,0.0,0.0,0.0,0.0,1.0,3.0,inferred
Shetland Islands,2021-05-06,0.0,0.0,0.0,0.0,0.0,0.0,0.0,0.0,0.0,0.0,0.0,1.0,3.0,inferred
Shetland Islands,2021-05-07,0.0,0.0,0.0,0.0,0.0,0.0,0.0,0.0,0.0,0.0,0.0,1.0,2.5,inferred
Shetland Islands,2021-05-08,0.0,0.0,0.0,0.0,0.0,0.0,0.0,0.0,0.0,0.0,0.0,1.0,3.0,inferred
Shetland Islands,2021-05-09,0.0,0.0,0.0,0.0,0.0,0.0,0.0,0.0,0.0,0.0,0.0,1.0,3.0,inferred
Shetland Islands,2021-05-10,0.0,0.0,0.0,0.0,0.0,0.0,0.0,0.0,0.0,0.0,0.0,0.0,2.0,inferred
Shetland Islands,2021-05-11,0.0,0.0,0.0,0.0,0.0,0.0,0.0,0.0,0.0,0.0,0.0,0.0,2.0,inferred
Shetland Islands,2021-05-12,0.0,0.0,0.0,0.0,0.0,0.0,0.0,0.0,0.0,0.0,0.0,1.0,3.0,inferred
Shetland Islands,2021-05-13,0.0,0.0,0.0,0.0,0.0,0.0,0.0,0.0,0.0,0.0,0.0,1.0,2.0,inferred
Shetland Islands,2021-05-14,0.0,0.0,0.0,0.0,0.0,0.0,0.0,0.0,0.0,0.0,0.0,1.0,2.0,inferred
Shetland Islands,2021-05-15,0.0,0.0,0.0,0.0,0.0,0.0,0.0,0.0,0.0,0.0,0.0,1.0,2.0,inferred
Shetland Islands,2021-05-16,0.0,0.0,0.0,0.0,0.0,0.0,0.0,0.0,0.0,0.0,0.0,1.0,3.0,inferred
Shetland Islands,2021-05-17,0.0,0.0,0.0,0.0,0.0,0.0,0.0,0.0,0.0,0.0,0.0,0.0,2.0,inferred
Shetland Islands,2021-05-18,0.0,0.0,0.0,0.0,0.0,0.0,0.0,0.0,0.0,0.0,0.0,0.0,3.0,inferred
Shetland Islands,2021-05-19,0.0,0.0,0.0,0.0,0.0,0.0,0.0,0.0,0.0,0.0,0.0,1.0,3.0,inferred
Shetland Islands,2021-05-20,0.0,0.0,0.0,0.0,0.0,0.0,0.0,0.0,0.0,0.0,0.0,1.0,2.5,inferred
Shetland Islands,2021-05-21,0.0,0.0,0.0,0.0,0.0,0.0,0.0,0.0,0.0,0.0,0.0,1.0,3.0,inferred
Shetland Islands,2021-05-22,0.0,0.0,0.0,0.0,0.0,0.0,0.0,0.0,0.0,0.0,0.0,1.0,3.0,inferred
Shetland Islands,2021-05-23,0.0,0.0,0.0,0.0,0.0,0.0,0.0,0.0,0.0,0.0,0.0,1.0,2.0,inferred
Shetland Islands,2021-05-24,0.0,0.0,0.0,0.0,0.0,0.0,0.0,0.0,0.0,0.0,0.0,0.0,2.0,inferred
Shetland Islands,2021-05-25,0.0,0.0,0.0,0.0,0.0,0.0,0.0,0.0,0.0,0.0,0.0,0.0,2.0,inferred
Shetland Islands,2021-05-26,0.0,0.0,0.0,0.0,0.0,0.0,0.0,0.0,0.0,0.0,0.0,1.0,3.0,inferred
Shetland Islands,2021-05-27,0.0,0.0,0.0,0.0,0.0,0.0,0.0,0.0,0.0,0.0,0.0,1.0,3.0,inferred
Shetland Islands,2021-05-28,0.0,0.0,0.0,0.0,0.0,0.0,0.0,0.0,0.0,0.0,0.0,1.0,3.0,inferred
Shetland Islands,2021-05-29,0.0,0.0,0.0,0.0,0.0,0.0,0.0,0.0,0.0,0.0,0.0,1.0,4.0,inferred
Shetland Islands,2021-05-30,0.0,0.0,0.0,0.0,0.0,0.0,0.0,0.0,0.0,0.0,0.0,1.0,3.0,inferred
Shetland Islands,2021-05-31,0.0,0.0,0.0,0.0,0.0,0.0,0.0,0.0,0.0,0.0,0.0,1.0,2.0,inferred
Shetland Islands,2021-06-01,0.0,0.0,0.0,0.0,0.0,0.0,0.0,0.0,0.0,0.0,0.0,1.0,3.0,inferred
Shetland Islands,2021-06-02,0.0,0.0,0.0,0.0,0.0,0.0,0.0,0.0,0.0,0.0,0.0,1.0,4.0,inferred
Shetland Islands,2021-06-03,0.0,0.0,0.0,0.0,0.0,0.0,0.0,0.0,0.0,0.0,0.0,1.0,4.0,inferred
Shetland Islands,2021-06-04,0.0,0.0,0.0,0.0,0.0,0.0,0.0,0.0,0.0,0.0,0.0,1.0,4.0,inferred
Shetland Islands,2021-06-05,0.0,0.0,0.0,0.0,0.0,0.0,0.0,0.0,0.0,0.0,0.0,1.0,3.0,inferred
Shetland Islands,2021-06-06,0.0,0.0,0.0,0.0,0.0,0.0,0.0,0.0,0.0,0.0,0.0,1.0,4.0,inferred
Shetland Islands,2021-06-07,0.0,0.0,0.0,0.0,0.0,0.0,0.0,0.0,0.0,0.0,0.0,1.0,3.0,inferred
Shetland Islands,2021-06-08,0.0,0.0,0.0,0.0,0.0,0.0,0.0,0.0,0.0,0.0,0.0,1.0,4.0,inferred
Shetland Islands,2021-06-09,0.0,0.0,0.0,0.0,0.0,0.0,0.0,0.0,0.0,0.0,0.0,1.0,4.0,inferred
Shetland Islands,2021-06-10,0.0,0.0,0.0,0.0,0.0,0.0,0.0,0.0,0.0,0.0,0.0,1.0,5.0,inferred
Shetland Islands,2021-06-11,0.0,0.0,0.0,0.0,0.0,0.0,0.0,0.0,0.0,0.0,0.0,1.0,4.0,inferred
Shetland Islands,2021-06-12,0.0,0.0,0.0,0.0,0.0,0.0,0.0,0.0,0.0,0.0,0.0,1.0,4.0,inferred
Shetland Islands,2021-06-13,0.0,0.0,0.0,0.0,0.0,0.0,0.0,0.0,0.0,0.0,0.0,1.0,3.0,inferred
Shetland Islands,2021-06-14,0.0,0.0,0.0,0.0,0.0,0.0,0.0,0.0,0.0,0.0,0.0,1.0,3.0,inferred
Shetland Islands,2021-06-15,0.0,0.0,0.0,0.0,0.0,0.0,0.0,0.0,0.0,0.0,0.0,1.0,3.0,inferred
Shetland Islands,2021-06-16,0.0,0.0,0.0,0.0,0.0,0.0,0.0,0.0,0.0,0.0,0.0,1.0,4.0,inferred
Shetland Islands,2021-06-17,0.0,0.0,0.0,0.0,0.0,0.0,0.0,0.0,0.0,0.0,0.0,1.0,3.0,inferred
Shetland Islands,2021-06-18,0.0,0.0,0.0,0.0,0.0,0.0,0.0,0.0,0.0,0.0,0.0,1.0,4.0,inferred
Shropshire,2021-03-06,6.0,9.0,10.0,11.0,12.0,13.0,14.0,15.0,17.0,17.0,18.0,21.0,25.0,inferred
Shropshire,2021-03-07,8.0,10.0,12.0,13.0,14.0,15.0,16.0,17.0,19.0,20.0,20.0,23.0,27.0,inferred
Shropshire,2021-03-08,11.0,13.0,15.0,16.0,17.0,18.0,20.0,21.0,23.0,24.0,25.0,28.0,33.0,inferred
Shropshire,2021-03-09,9.0,12.0,14.0,15.0,16.0,17.0,19.0,20.0,21.0,22.0,23.0,26.0,30.0,inferred
Shropshire,2021-03-10,9.5,12.9,15.0,16.0,16.0,18.0,19.0,20.0,22.0,23.0,24.0,27.0,31.0,inferred
Shropshire,2021-03-11,7.0,10.0,12.0,13.0,14.0,15.0,17.0,18.0,19.0,20.0,21.0,23.0,27.0,inferred
Shropshire,2021-03-12,6.0,9.0,11.0,11.0,12.0,13.0,14.0,16.0,17.0,17.0,18.0,21.0,25.0,inferred
Shropshire,2021-03-13,4.0,6.0,8.0,8.0,9.0,10.0,11.0,12.0,13.0,14.0,15.0,17.0,21.0,inferred
Shropshire,2021-03-14,5.0,8.0,9.0,10.0,11.0,12.0,13.0,14.0,15.0,16.0,17.0,19.0,24.0,inferred
Shropshire,2021-03-15,7.0,10.0,11.0,12.0,13.0,14.0,16.0,17.0,18.0,19.0,20.0,23.0,27.0,inferred
Shropshire,2021-03-16,6.0,9.0,11.0,12.0,12.0,13.0,15.0,16.0,17.0,18.0,19.0,22.0,25.0,inferred
Shropshire,2021-03-17,7.0,9.0,12.0,12.0,13.0,14.0,15.0,16.0,18.0,18.0,19.0,22.0,26.0,inferred
Shropshire,2021-03-18,5.0,8.0,9.0,10.0,11.0,12.0,13.0,14.0,16.0,16.0,17.0,19.0,24.0,inferred
Shropshire,2021-03-19,5.0,7.0,8.0,9.0,10.0,11.0,12.0,13.0,14.0,15.0,16.0,18.0,21.0,inferred
Shropshire,2021-03-20,3.0,5.0,6.0,7.0,7.0,8.0,9.0,10.0,11.0,12.0,13.0,15.0,18.5,inferred
Shropshire,2021-03-21,4.0,6.0,7.0,8.0,8.0,9.0,10.0,11.0,13.0,13.0,14.0,16.0,20.0,inferred
Shropshire,2021-03-22,5.0,8.0,9.0,10.0,11.0,12.0,13.0,14.0,15.0,16.0,17.0,19.0,23.0,inferred
Shropshire,2021-03-23,5.0,7.0,9.0,9.0,10.0,11.0,12.0,13.0,14.0,15.0,16.0,18.0,22.0,inferred
Shropshire,2021-03-24,4.0,7.0,8.0,9.0,10.0,11.0,12.0,13.0,14.0,15.0,16.0,18.0,22.0,inferred
Shropshire,2021-03-25,4.0,5.0,7.0,7.0,8.0,9.0,10.0,11.0,12.0,13.0,14.0,15.0,19.0,inferred
Shropshire,2021-03-26,2.5,4.0,6.0,6.0,6.0,7.0,8.0,9.0,10.0,11.0,12.0,14.0,17.0,inferred
Shropshire,2021-03-27,2.0,3.0,4.0,4.0,5.0,5.0,6.0,7.0,8.0,8.0,9.0,11.0,14.0,inferred
Shropshire,2021-03-28,2.0,3.0,4.0,5.0,5.0,6.0,7.0,8.0,9.0,9.0,10.0,12.0,15.0,inferred
Shropshire,2021-03-29,2.0,4.0,6.0,6.0,7.0,7.0,8.0,9.0,10.0,11.0,12.0,13.0,17.0,inferred
Shropshire,2021-03-30,2.0,4.0,5.0,5.0,6.0,7.0,8.0,8.0,9.0,10.0,11.0,13.0,15.0,inferred
Shropshire,2021-03-31,2.0,4.0,5.0,5.0,6.0,7.0,8.0,9.0,10.0,10.0,11.0,12.0,15.0,inferred
Shropshire,2021-04-01,1.0,3.0,4.0,4.0,5.0,6.0,7.0,7.0,8.0,9.0,9.0,11.0,14.0,inferred
Shropshire,2021-04-02,1.0,2.0,3.0,4.0,4.0,5.0,5.0,6.0,7.0,8.0,8.0,10.0,13.0,inferred
Shropshire,2021-04-03,0.0,1.0,2.0,3.0,3.0,3.0,4.0,5.0,5.0,6.0,6.0,8.0,11.0,inferred
Shropshire,2021-04-04,1.0,2.0,3.0,3.0,3.0,4.0,5.0,5.0,6.0,7.0,7.0,9.0,11.0,inferred
Shropshire,2021-04-05,1.0,2.0,3.0,4.0,4.0,5.0,6.0,7.0,8.0,8.0,9.0,10.0,13.5,inferred
Shropshire,2021-04-06,1.0,2.0,3.0,4.0,4.0,5.0,5.0,6.0,7.0,8.0,8.0,10.0,12.0,inferred
Shropshire,2021-04-07,1.0,2.0,3.0,4.0,4.0,5.0,5.0,6.0,7.0,8.0,8.0,10.0,13.0,inferred
Shropshire,2021-04-08,1.0,2.0,3.0,3.0,3.0,4.0,5.0,5.0,6.0,7.0,7.0,9.0,12.0,inferred
Shropshire,2021-04-09,0.0,2.0,2.0,3.0,3.0,4.0,4.0,5.0,6.0,6.0,7.0,9.0,11.0,inferred
Shropshire,2021-04-10,0.0,1.0,2.0,2.0,2.0,3.0,3.0,4.0,5.0,5.0,6.0,7.0,9.0,inferred
Shropshire,2021-04-11,1.0,1.0,2.0,3.0,3.0,4.0,4.0,5.0,6.0,6.0,7.0,8.0,11.0,inferred
Shropshire,2021-04-12,1.0,2.0,3.0,3.0,4.0,5.0,5.0,6.0,7.0,7.0,8.0,10.0,13.0,inferred
Shropshire,2021-04-13,1.0,2.0,3.0,4.0,4.0,5.0,5.0,6.0,7.0,8.0,8.0,10.0,12.0,inferred
Shropshire,2021-04-14,1.0,3.0,4.0,4.0,4.0,5.0,6.0,7.0,8.0,8.0,9.0,11.0,14.0,inferred
Shropshire,2021-04-15,1.0,2.0,3.0,4.0,4.0,5.0,6.0,7.0,7.0,8.0,9.0,10.0,13.0,inferred
Shropshire,2021-04-16,1.0,2.0,3.0,4.0,4.0,5.0,5.0,6.0,7.0,7.0,8.0,9.0,12.0,inferred
Shropshire,2021-04-17,1.0,2.0,2.0,3.0,3.0,4.0,4.0,5.0,6.0,6.0,7.0,8.0,10.0,inferred
Shropshire,2021-04-18,1.0,2.0,3.0,3.8,4.0,5.0,5.0,6.0,7.0,7.0,8.0,9.0,12.0,inferred
Shropshire,2021-04-19,2.0,3.0,4.0,5.0,5.0,6.0,7.0,8.0,9.0,9.0,10.0,12.0,15.0,inferred
Shropshire,2021-04-20,2.0,3.0,4.0,5.0,5.0,6.0,7.0,8.0,9.0,9.0,10.0,12.0,15.0,inferred
Shropshire,2021-04-21,2.0,4.0,5.0,5.0,6.0,6.0,7.0,8.0,9.0,10.0,11.0,12.0,15.0,inferred
Shropshire,2021-04-22,1.5,3.0,4.0,5.0,5.0,6.0,7.0,8.0,9.0,10.0,10.0,12.0,15.0,inferred
Shropshire,2021-04-23,2.0,3.0,4.0,5.0,5.0,6.0,7.0,7.0,8.0,9.0,10.0,11.0,14.0,inferred
Shropshire,2021-04-24,1.0,2.0,3.0,3.0,4.0,4.0,5.0,6.0,7.0,7.0,8.0,9.0,12.0,inferred
Shropshire,2021-04-25,1.0,3.0,4.0,4.0,5.0,5.0,6.0,7.0,8.0,8.0,9.0,10.0,13.0,inferred
Shropshire,2021-04-26,2.0,4.0,5.0,6.0,6.0,7.0,8.0,9.0,10.0,10.0,11.0,13.0,16.0,inferred
Shropshire,2021-04-27,2.0,4.0,5.0,6.0,6.0,7.0,8.0,9.0,10.0,11.0,11.0,13.0,17.0,inferred
Shropshire,2021-04-28,2.0,4.0,5.0,6.0,6.0,7.0,8.0,9.0,10.0,11.0,11.0,13.0,16.0,inferred
Shropshire,2021-04-29,2.0,3.9,5.0,5.0,6.0,6.0,7.0,8.0,9.0,10.0,10.0,12.0,16.0,inferred
Shropshire,2021-04-30,1.0,3.0,4.0,4.0,5.0,5.0,6.0,7.0,8.0,9.0,9.0,11.0,14.0,inferred
Shropshire,2021-05-01,1.0,2.0,3.0,3.0,3.0,4.0,5.0,6.0,6.0,7.0,7.0,9.0,11.5,inferred
Shropshire,2021-05-02,1.0,2.0,3.0,4.0,4.0,5.0,6.0,6.0,7.0,8.0,8.0,10.0,13.0,inferred
Shropshire,2021-05-03,2.0,3.0,4.0,5.0,5.0,6.0,7.0,8.0,9.0,9.0,10.0,11.0,14.5,inferred
Shropshire,2021-05-04,1.0,3.0,4.0,4.0,5.0,6.0,6.5,7.0,8.0,9.0,9.0,11.0,14.0,inferred
Shropshire,2021-05-05,1.0,3.0,4.0,5.0,5.0,6.0,7.0,7.0,8.0,9.0,10.0,12.0,14.0,inferred
Shropshire,2021-05-06,1.0,2.0,3.0,4.0,4.0,5.0,5.0,6.0,7.0,8.0,8.0,10.0,13.0,inferred
Shropshire,2021-05-07,1.0,2.0,3.0,3.0,3.0,4.0,5.0,5.0,6.0,7.0,7.0,9.0,12.0,inferred
Shropshire,2021-05-08,0.0,1.0,2.0,2.0,2.0,3.0,4.0,4.0,5.0,5.0,6.0,7.0,10.0,inferred
Shropshire,2021-05-09,0.0,1.0,2.0,2.0,3.0,3.0,4.0,5.0,5.0,6.0,6.0,8.0,10.0,inferred
Shropshire,2021-05-10,1.0,2.0,3.0,3.0,3.0,4.0,5.0,5.0,6.0,7.0,7.0,9.0,11.0,inferred
Shropshire,2021-05-11,0.0,1.0,2.0,3.0,3.0,4.0,4.0,5.0,6.0,6.0,7.0,8.0,11.0,inferred
Shropshire,2021-05-12,0.0,1.0,2.0,3.0,3.0,4.0,4.0,5.0,6.0,6.0,7.0,8.0,11.0,inferred
Shropshire,2021-05-13,0.0,1.0,2.0,2.0,2.0,3.0,4.0,4.0,5.0,5.0,6.0,7.0,10.0,inferred
Shropshire,2021-05-14,0.0,1.0,1.0,2.0,2.0,2.0,3.0,4.0,4.0,5.0,5.0,7.0,9.0,inferred
Shropshire,2021-05-15,0.0,0.0,1.0,1.0,1.0,2.0,2.0,3.0,3.0,4.0,4.0,5.0,8.0,inferred
Shropshire,2021-05-16,0.0,1.0,1.0,1.0,2.0,2.0,3.0,3.0,4.0,4.0,5.0,6.0,8.0,inferred
Shropshire,2021-05-17,0.0,1.0,2.0,2.0,2.0,3.0,3.0,4.0,5.0,5.0,5.0,7.0,9.0,inferred
Shropshire,2021-05-18,0.0,1.0,2.0,2.0,2.0,3.0,3.0,4.0,4.0,5.0,5.0,7.0,9.0,inferred
Shropshire,2021-05-19,0.0,1.0,2.0,2.0,2.0,3.0,3.0,4.0,5.0,5.0,6.0,7.0,9.5,inferred
Shropshire,2021-05-20,0.0,1.0,1.0,2.0,2.0,3.0,3.0,4.0,4.0,5.0,5.0,6.0,9.0,inferred
Shropshire,2021-05-21,0.0,1.0,1.0,1.0,2.0,2.0,3.0,3.0,4.0,4.0,5.0,6.0,8.0,inferred
Shropshire,2021-05-22,0.0,0.0,1.0,1.0,1.0,2.0,2.0,3.0,3.0,4.0,4.0,5.0,7.5,inferred
Shropshire,2021-05-23,0.0,1.0,1.0,1.0,2.0,2.0,3.0,3.0,4.0,4.0,4.0,6.0,8.0,inferred
Shropshire,2021-05-24,0.0,1.0,2.0,2.0,2.0,3.0,4.0,4.0,5.0,5.0,6.0,7.0,10.0,inferred
Shropshire,2021-05-25,0.0,1.0,2.0,2.0,2.0,3.0,3.0,4.0,5.0,5.0,6.0,7.0,10.0,inferred
Shropshire,2021-05-26,0.0,1.0,2.0,2.0,3.0,3.0,4.0,5.0,6.0,6.0,6.0,8.0,10.0,inferred
Shropshire,2021-05-27,0.0,1.0,2.0,2.0,2.0,3.0,4.0,4.0,5.0,6.0,6.0,8.0,10.0,inferred
Shropshire,2021-05-28,0.0,1.0,2.0,2.0,2.0,3.0,4.0,4.0,5.0,5.0,6.0,7.0,10.0,inferred
Shropshire,2021-05-29,0.0,1.0,1.0,2.0,2.0,3.0,3.0,4.0,4.0,5.0,5.0,6.0,9.0,inferred
Shropshire,2021-05-30,0.0,1.0,2.0,2.0,3.0,3.0,4.0,4.0,5.0,6.0,6.0,8.0,10.0,inferred
Shropshire,2021-05-31,1.0,2.0,3.0,4.0,4.0,5.0,5.0,6.0,7.0,8.0,8.0,10.0,13.0,inferred
Shropshire,2021-06-01,1.0,2.0,3.0,4.0,4.0,5.0,6.0,7.0,8.0,8.0,9.0,11.0,14.0,inferred
Shropshire,2021-06-02,1.0,3.0,4.0,5.0,5.0,6.0,7.0,7.0,8.0,9.0,9.0,11.0,14.0,inferred
Shropshire,2021-06-03,2.0,3.0,4.0,5.0,5.0,6.0,7.0,8.0,9.0,9.0,10.0,12.0,14.0,inferred
Shropshire,2021-06-04,2.0,3.0,4.0,5.0,5.0,6.0,7.0,8.0,9.0,9.0,10.0,12.0,15.0,inferred
Shropshire,2021-06-05,1.0,3.0,4.0,4.0,4.0,5.0,6.0,7.0,7.0,8.0,9.0,10.0,14.0,inferred
Shropshire,2021-06-06,2.0,4.0,5.0,5.0,6.0,7.0,8.0,9.0,10.0,10.0,11.0,13.0,16.0,inferred
Shropshire,2021-06-07,4.0,6.0,7.0,8.0,9.0,10.0,11.0,12.0,13.0,14.0,14.0,17.0,20.0,inferred
Shropshire,2021-06-08,5.0,7.0,8.0,8.0,9.0,10.0,11.0,12.0,13.0,14.0,15.0,17.0,21.0,inferred
Shropshire,2021-06-09,5.0,8.0,10.0,10.0,11.0,12.0,13.0,14.0,16.0,16.0,17.0,20.0,23.0,inferred
Shropshire,2021-06-10,5.0,8.0,9.0,10.0,11.0,12.0,13.0,14.0,15.0,16.0,17.0,19.0,23.0,inferred
Shropshire,2021-06-11,5.0,7.0,9.0,9.0,10.0,11.0,12.0,13.0,15.0,16.0,16.0,18.0,22.0,inferred
Shropshire,2021-06-12,4.0,6.0,7.0,8.0,8.0,9.0,10.0,11.0,13.0,14.0,14.0,16.0,19.0,inferred
Shropshire,2021-06-13,5.0,8.0,10.0,10.0,11.0,12.0,13.0,14.0,16.0,16.0,17.0,20.0,24.0,inferred
Shropshire,2021-06-14,9.0,12.0,14.0,15.0,16.0,17.0,18.0,20.0,21.0,22.0,23.0,26.0,30.0,inferred
Shropshire,2021-06-15,9.0,13.0,14.0,15.0,16.0,17.6,19.0,20.0,22.0,23.0,24.0,27.0,32.0,inferred
Shropshire,2021-06-16,11.0,14.0,17.0,18.0,19.0,20.6,22.0,24.0,25.0,27.0,28.0,31.0,35.0,inferred
Shropshire,2021-06-17,11.0,14.0,16.0,17.0,18.0,20.0,21.0,23.0,24.3,26.0,27.0,30.0,34.5,inferred
Shropshire,2021-06-18,10.0,14.0,16.0,17.0,18.0,19.0,21.0,23.0,24.0,25.0,27.0,30.0,36.0,inferred
Slough,2021-03-06,8.0,10.0,12.0,13.0,14.0,15.0,16.0,17.0,19.0,20.0,21.0,23.0,27.0,inferred
Slough,2021-03-07,10.0,13.0,15.0,16.0,17.0,18.0,19.0,21.0,22.0,23.0,24.0,26.0,31.0,inferred
Slough,2021-03-08,13.0,17.0,19.0,20.0,21.0,22.0,24.0,25.0,27.0,27.2,29.0,32.0,37.0,inferred
Slough,2021-03-09,12.0,15.0,17.0,18.0,19.0,21.0,22.0,24.0,26.0,27.0,28.0,31.0,35.5,inferred
Slough,2021-03-10,12.0,15.9,18.0,19.0,20.0,21.0,23.0,24.0,26.0,27.0,28.0,31.0,35.0,inferred
Slough,2021-03-11,11.0,14.0,16.0,17.0,17.0,19.0,20.0,22.0,23.0,24.0,25.0,28.0,33.0,inferred
Slough,2021-03-12,9.0,11.0,14.0,14.0,15.0,16.0,18.0,19.0,20.0,21.0,22.0,25.0,30.0,inferred
Slough,2021-03-13,6.0,9.0,10.0,11.0,12.0,13.0,14.0,15.0,16.0,17.0,18.0,20.0,24.0,inferred
Slough,2021-03-14,7.5,10.0,12.0,13.0,14.0,15.0,16.0,18.0,19.0,20.0,20.0,23.0,27.0,inferred
Slough,2021-03-15,10.0,13.0,15.0,16.0,16.0,18.0,19.0,21.0,22.0,23.0,24.0,27.0,32.0,inferred
Slough,2021-03-16,10.0,12.0,14.0,15.0,16.0,17.0,19.0,20.0,22.0,22.0,23.0,26.0,30.0,inferred
Slough,2021-03-17,10.0,13.0,15.0,16.0,17.0,18.0,20.0,21.0,22.0,23.0,24.0,27.0,31.0,inferred
Slough,2021-03-18,10.0,12.0,14.0,15.0,16.0,17.0,18.0,20.0,21.0,22.0,23.0,25.0,30.0,inferred
Slough,2021-03-19,8.0,10.0,12.0,13.0,14.0,15.0,16.0,17.0,19.0,20.0,21.0,23.0,28.0,inferred
Slough,2021-03-20,6.0,8.0,10.0,10.0,11.0,12.0,13.0,15.0,16.0,17.0,17.0,20.0,24.0,inferred
Slough,2021-03-21,7.0,10.0,12.0,13.0,13.0,15.0,16.0,17.0,18.0,19.0,20.0,23.0,27.0,inferred
Slough,2021-03-22,10.0,13.0,15.0,16.0,17.0,18.0,20.0,21.0,23.0,24.0,25.0,27.0,32.0,inferred
Slough,2021-03-23,10.0,12.0,15.0,15.0,16.0,17.0,19.0,20.0,22.0,23.0,24.0,26.0,30.0,inferred
Slough,2021-03-24,10.0,13.0,15.0,16.0,17.0,18.0,19.0,21.0,22.0,23.0,25.0,27.1,32.0,inferred
Slough,2021-03-25,9.0,12.0,14.0,14.0,15.0,16.0,18.0,19.0,21.0,22.0,23.0,25.0,30.0,inferred
Slough,2021-03-26,8.0,10.0,12.0,12.0,13.0,14.0,15.0,17.0,18.0,19.0,20.0,22.0,26.0,inferred
Slough,2021-03-27,6.0,8.0,9.0,10.0,10.0,12.0,13.0,14.0,15.0,16.0,17.0,19.0,23.0,inferred
Slough,2021-03-28,7.0,9.0,11.0,12.0,13.0,14.0,15.0,16.0,17.0,18.0,19.0,22.0,26.0,inferred
Slough,2021-03-29,9.0,12.0,14.0,15.0,15.0,17.0,18.0,19.0,21.0,22.0,23.0,25.0,29.5,inferred
Slough,2021-03-30,9.0,11.0,13.0,14.0,15.0,16.0,17.0,19.0,20.0,21.0,22.0,24.0,29.0,inferred
Slough,2021-03-31,9.0,11.9,13.0,14.0,15.0,17.0,18.0,19.0,21.0,21.0,22.0,25.0,29.0,inferred
Slough,2021-04-01,8.0,10.0,12.0,13.0,14.0,15.0,16.0,17.0,19.0,20.0,21.0,23.0,27.0,inferred
Slough,2021-04-02,6.0,8.0,10.0,11.0,11.0,13.0,14.0,15.0,16.0,17.0,18.0,20.0,24.0,inferred
Slough,2021-04-03,4.0,6.0,8.0,9.0,9.0,10.0,11.0,12.0,14.0,14.0,15.0,17.0,21.0,inferred
Slough,2021-04-04,5.0,8.0,10.0,10.0,11.0,12.0,13.0,14.0,15.0,16.0,17.0,19.0,23.0,inferred
Slough,2021-04-05,8.0,10.0,12.0,13.0,13.0,15.0,16.0,17.0,19.0,19.0,20.0,23.0,28.0,inferred
Slough,2021-04-06,7.0,9.0,11.0,12.0,13.0,14.0,15.0,16.0,18.0,19.0,20.0,22.0,26.0,inferred
Slough,2021-04-07,7.0,10.0,12.0,13.0,13.0,15.0,16.0,17.0,19.0,19.0,20.0,23.0,27.0,inferred
Slough,2021-04-08,6.5,9.0,11.0,11.0,12.0,13.0,15.0,16.0,17.0,18.0,19.0,21.0,25.0,inferred
Slough,2021-04-09,5.0,8.0,9.0,10.0,11.0,12.0,13.0,14.0,15.0,16.0,17.0,19.0,24.0,inferred
Slough,2021-04-10,4.0,6.0,7.0,8.0,9.0,10.0,11.0,12.0,13.0,13.0,14.0,16.0,20.0,inferred
Slough,2021-04-11,5.0,7.0,9.0,9.0,10.0,11.0,12.0,14.0,15.0,15.0,16.0,18.0,21.0,inferred
Slough,2021-04-12,7.0,9.0,11.0,11.0,12.0,13.6,15.0,16.0,17.0,18.0,19.0,21.0,25.0,inferred
Slough,2021-04-13,7.0,9.0,10.0,11.0,12.0,13.0,14.0,15.0,17.0,17.2,18.0,20.0,24.0,inferred
Slough,2021-04-14,7.0,9.0,11.0,12.0,12.0,13.0,15.0,16.0,17.0,18.0,19.0,22.0,25.0,inferred
Slough,2021-04-15,6.0,8.0,10.0,11.0,11.0,12.0,13.0,15.0,16.0,17.0,18.0,20.0,24.5,inferred
Slough,2021-04-16,5.0,7.0,8.0,9.0,9.0,11.0,12.0,13.0,14.0,15.0,15.0,18.0,22.0,inferred
Slough,2021-04-17,4.0,5.0,7.0,7.0,8.0,9.0,10.0,11.0,12.0,12.0,13.0,15.0,19.0,inferred
Slough,2021-04-18,5.0,6.0,8.0,9.0,9.0,10.0,11.0,12.0,14.0,14.0,15.0,18.0,21.0,inferred
Slough,2021-04-19,6.0,8.0,10.0,10.0,11.0,12.0,14.0,15.0,16.0,17.0,18.0,20.0,24.0,inferred
Slough,2021-04-20,6.0,8.0,9.0,10.0,11.0,12.0,13.0,14.0,15.0,16.0,17.0,19.0,23.0,inferred
Slough,2021-04-21,5.0,8.0,9.0,10.0,11.0,12.0,13.0,14.0,15.0,16.0,17.0,19.0,23.0,inferred
Slough,2021-04-22,4.0,7.0,8.0,9.0,9.0,10.0,12.0,13.0,14.0,14.2,15.0,18.0,21.0,inferred
Slough,2021-04-23,3.5,5.0,7.0,7.0,8.0,9.0,10.0,11.0,12.0,13.0,13.0,15.0,19.0,inferred
Slough,2021-04-24,2.0,4.0,5.0,5.0,6.0,7.0,7.0,8.0,9.0,10.0,11.0,12.0,16.0,inferred
Slough,2021-04-25,3.0,4.0,6.0,6.0,7.0,8.0,9.0,10.0,11.0,12.0,12.0,14.0,18.0,inferred
Slough,2021-04-26,4.0,6.0,7.0,8.0,8.0,9.0,11.0,12.0,13.0,13.0,14.0,16.0,20.0,inferred
Slough,2021-04-27,3.0,5.0,7.0,7.0,8.0,9.0,10.0,11.0,12.0,12.0,13.0,15.0,19.0,inferred
Slough,2021-04-28,3.0,5.0,7.0,7.0,8.0,9.0,10.0,11.0,12.0,13.0,13.0,15.0,18.5,inferred
Slough,2021-04-29,3.0,4.0,6.0,6.0,7.0,8.0,9.0,9.0,10.0,11.0,12.0,14.0,17.0,inferred
Slough,2021-04-30,2.0,3.0,5.0,5.0,6.0,7.0,7.0,8.0,9.0,10.0,10.0,12.0,15.0,inferred
Slough,2021-05-01,1.0,2.0,3.0,4.0,4.0,5.0,6.0,6.0,7.0,8.0,8.0,10.0,13.0,inferred
Slough,2021-05-02,2.0,3.0,4.0,4.0,5.0,6.0,6.0,7.0,8.0,9.0,9.0,11.0,14.0,inferred
Slough,2021-05-03,2.0,4.0,5.0,5.0,6.0,6.0,7.0,8.0,9.0,10.0,10.0,12.0,15.0,inferred
Slough,2021-05-04,2.0,3.0,4.0,5.0,5.0,6.0,7.0,8.0,8.0,9.0,10.0,12.0,15.0,inferred
Slough,2021-05-05,2.0,3.0,4.0,5.0,5.0,6.0,7.0,8.0,9.0,9.0,10.0,12.0,15.0,inferred
Slough,2021-05-06,2.0,3.0,4.0,4.0,5.0,6.0,6.0,7.0,8.0,9.0,9.0,11.0,14.0,inferred
Slough,2021-05-07,1.0,2.0,3.0,4.0,4.0,5.0,6.0,6.0,7.0,8.0,8.0,10.0,13.0,inferred
Slough,2021-05-08,1.0,2.0,3.0,3.0,3.0,4.0,4.0,5.0,6.0,6.2,7.0,8.0,11.0,inferred
Slough,2021-05-09,1.0,2.0,3.0,4.0,4.0,5.0,5.0,6.0,7.0,8.0,8.0,9.0,12.0,inferred
Slough,2021-05-10,1.0,3.0,4.0,4.0,5.0,6.0,7.0,7.0,8.0,9.0,9.0,11.0,14.0,inferred
Slough,2021-05-11,1.0,3.0,4.0,4.0,5.0,5.0,6.0,7.0,8.0,9.0,9.0,11.0,14.0,inferred
Slough,2021-05-12,2.0,3.0,4.0,5.0,5.0,6.0,7.0,8.0,9.0,9.0,10.0,12.0,15.0,inferred
Slough,2021-05-13,1.0,3.0,4.0,4.0,5.0,5.0,6.0,7.0,8.0,9.0,9.0,11.0,14.0,inferred
Slough,2021-05-14,1.0,2.0,4.0,4.0,4.0,5.0,6.0,6.0,7.0,8.0,8.0,10.0,13.0,inferred
Slough,2021-05-15,1.0,2.0,3.0,3.0,3.0,4.0,5.0,5.0,6.0,7.0,7.0,9.0,11.0,inferred
Slough,2021-05-16,1.0,3.0,4.0,4.0,4.0,5.0,6.0,7.0,8.0,8.0,9.0,10.0,13.0,inferred
Slough,2021-05-17,2.0,4.0,5.0,5.0,6.0,6.0,7.0,8.0,9.0,10.0,10.0,12.0,15.0,inferred
Slough,2021-05-18,2.0,4.0,5.0,5.0,6.0,7.0,8.0,9.0,9.0,10.0,11.0,12.0,16.0,inferred
Slough,2021-05-19,3.0,4.0,6.0,6.0,7.0,8.0,9.0,10.0,11.0,11.0,12.0,14.0,17.0,inferred
Slough,2021-05-20,3.0,5.0,6.0,6.0,7.0,8.0,9.0,10.0,11.0,11.0,12.0,14.0,17.0,inferred
Slough,2021-05-21,2.0,4.0,5.0,6.0,6.0,7.0,8.0,9.0,10.0,11.0,12.0,13.0,16.0,inferred
Slough,2021-05-22,2.0,4.0,5.0,5.0,6.0,6.0,7.0,8.0,9.0,10.0,10.0,12.0,16.0,inferred
Slough,2021-05-23,3.0,5.0,6.0,7.0,7.0,8.0,9.0,10.0,11.0,12.0,13.0,15.0,18.0,inferred
Slough,2021-05-24,5.0,7.0,9.0,9.0,10.0,11.0,12.0,13.0,15.0,15.0,16.0,18.0,23.0,inferred
Slough,2021-05-25,5.0,7.0,9.0,10.0,10.0,11.0,12.0,14.0,15.0,16.0,16.0,19.0,22.0,inferred
Slough,2021-05-26,6.0,9.0,10.0,11.0,12.0,13.0,14.0,15.0,17.0,17.0,18.0,21.0,25.0,inferred
Slough,2021-05-27,6.0,8.0,10.0,11.0,11.0,13.0,14.0,15.0,16.0,17.0,18.0,20.0,23.0,inferred
Slough,2021-05-28,6.0,8.0,9.0,10.0,11.0,12.0,13.0,14.0,15.0,16.0,16.2,19.0,22.0,inferred
Slough,2021-05-29,4.0,6.0,7.0,8.0,9.0,10.0,11.0,12.0,13.0,14.0,14.0,16.0,20.0,inferred
Slough,2021-05-30,6.0,9.0,10.0,11.0,11.0,13.0,14.0,15.0,16.0,17.0,18.0,20.0,24.0,inferred
Slough,2021-05-31,8.0,11.0,13.0,14.0,15.0,16.0,17.0,18.0,20.0,20.0,21.0,24.0,28.0,inferred
Slough,2021-06-01,8.0,11.0,13.0,14.0,14.0,16.0,17.0,18.0,20.0,20.0,21.0,24.0,28.5,inferred
Slough,2021-06-02,9.5,12.0,14.0,15.0,16.0,17.0,18.0,20.0,21.0,22.0,23.0,26.0,30.0,inferred
Slough,2021-06-03,8.0,11.0,13.0,14.0,15.0,16.0,17.0,19.0,20.0,21.0,22.0,24.0,29.0,inferred
Slough,2021-06-04,7.0,10.0,11.0,12.0,13.0,14.0,15.0,16.0,18.0,18.0,19.0,22.0,26.0,inferred
Slough,2021-06-05,5.0,8.0,9.0,10.0,10.0,12.0,13.0,14.0,15.0,16.0,17.0,19.0,22.5,inferred
Slough,2021-06-06,7.0,9.9,11.0,12.0,13.0,14.0,15.0,17.0,18.0,19.0,20.0,22.0,27.0,inferred
Slough,2021-06-07,10.0,12.0,14.0,15.0,16.0,17.0,19.0,20.0,22.0,23.0,24.0,26.0,31.0,inferred
Slough,2021-06-08,9.0,12.0,14.0,15.0,15.0,16.0,18.0,19.0,21.0,22.0,23.0,26.0,30.0,inferred
Slough,2021-06-09,10.0,12.9,15.0,15.0,16.0,18.0,19.0,20.0,22.0,23.0,24.0,27.0,31.0,inferred
Slough,2021-06-10,9.0,11.0,13.0,14.0,15.0,16.0,17.0,19.0,20.0,21.0,22.0,25.0,29.0,inferred
Slough,2021-06-11,7.0,10.0,11.0,12.0,13.0,14.0,15.0,16.0,18.0,18.2,19.0,22.0,26.0,inferred
Slough,2021-06-12,5.0,7.0,9.0,10.0,10.0,11.0,12.0,13.4,15.0,16.0,16.2,19.0,22.0,inferred
Slough,2021-06-13,6.0,9.0,11.0,12.0,12.0,13.0,15.0,16.0,17.0,18.0,19.0,21.0,25.0,inferred
Slough,2021-06-14,9.0,12.0,14.0,14.0,15.0,17.0,18.0,19.0,21.0,22.0,23.0,26.0,30.0,inferred
Slough,2021-06-15,8.0,11.0,13.0,14.0,15.0,16.0,18.0,19.0,20.0,21.0,22.0,25.0,29.0,inferred
Slough,2021-06-16,9.0,13.0,15.0,16.0,16.0,18.0,19.0,20.0,22.0,23.0,24.0,27.0,31.0,inferred
Slough,2021-06-17,9.0,12.0,14.0,15.0,15.0,17.0,18.0,19.0,21.0,22.0,23.0,26.0,30.5,inferred
Slough,2021-06-18,7.0,10.0,12.0,13.0,13.0,15.0,16.0,17.0,19.0,20.0,21.0,24.0,28.0,inferred
Solihull,2021-03-06,8.0,10.0,12.0,13.0,13.0,15.0,16.0,17.0,18.0,19.0,20.0,22.0,26.0,inferred
Solihull,2021-03-07,11.0,14.0,16.0,16.0,17.0,18.0,20.0,21.0,22.0,23.0,24.0,26.0,30.0,inferred
Solihull,2021-03-08,16.0,19.0,21.0,22.0,23.0,24.0,26.0,27.0,29.0,30.0,31.0,33.0,38.0,inferred
Solihull,2021-03-09,16.0,19.0,21.0,22.0,23.0,24.0,26.0,27.0,29.0,30.0,31.0,34.0,38.0,inferred
Solihull,2021-03-10,17.0,20.0,22.0,23.0,24.0,26.0,27.0,29.0,30.0,31.0,32.0,35.0,40.5,inferred
Solihull,2021-03-11,14.5,18.0,20.0,21.0,22.0,23.0,25.0,26.0,28.0,29.0,30.0,32.0,36.0,inferred
Solihull,2021-03-12,13.0,16.0,18.0,19.0,20.0,21.0,23.0,24.0,26.0,26.0,27.0,30.0,35.0,inferred
Solihull,2021-03-13,10.0,13.0,14.0,15.0,16.0,17.0,18.0,20.0,21.0,22.0,23.0,25.0,29.0,inferred
Solihull,2021-03-14,11.0,15.0,17.0,18.0,18.0,20.0,21.0,23.0,24.0,25.0,26.0,29.0,33.0,inferred
Solihull,2021-03-15,16.0,20.0,23.0,23.0,24.0,26.0,27.0,29.0,30.0,31.0,32.0,35.0,39.0,inferred
Solihull,2021-03-16,15.0,19.0,21.0,22.0,23.0,24.0,26.0,27.0,29.0,30.0,31.0,34.0,39.0,inferred
Solihull,2021-03-17,16.0,19.0,22.0,22.0,23.0,25.0,26.0,28.0,30.0,31.0,32.0,35.0,39.0,inferred
Solihull,2021-03-18,13.0,16.0,18.0,19.0,20.0,21.0,23.0,24.0,26.0,27.0,28.0,30.0,35.0,inferred
Solihull,2021-03-19,11.0,14.0,16.0,17.0,18.0,19.0,20.0,22.0,23.0,24.0,25.0,27.0,31.0,inferred
Solihull,2021-03-20,8.0,10.0,12.0,13.0,13.0,15.0,16.0,17.0,18.0,19.0,20.0,22.0,26.0,inferred
Solihull,2021-03-21,9.0,12.0,14.0,15.0,16.0,17.0,18.0,19.0,21.0,21.0,22.0,24.1,28.5,inferred
Solihull,2021-03-22,12.0,16.0,18.0,19.0,20.0,21.0,23.0,24.0,26.0,26.0,27.0,30.0,35.0,inferred
Solihull,2021-03-23,11.0,14.0,16.0,17.0,18.0,19.0,21.0,22.0,24.0,25.0,26.0,28.0,32.0,inferred
Solihull,2021-03-24,11.0,14.0,16.0,17.0,18.0,19.0,20.0,22.0,23.0,24.0,25.0,28.0,32.0,inferred
Solihull,2021-03-25,9.0,11.0,13.0,14.0,15.0,16.0,17.0,18.0,20.0,20.0,21.0,24.0,27.0,inferred
Solihull,2021-03-26,7.0,9.0,11.0,12.0,12.0,13.0,15.0,16.0,17.0,18.0,18.0,21.0,24.0,inferred
Solihull,2021-03-27,4.0,6.0,8.0,8.0,9.0,10.0,11.0,12.0,13.0,13.0,14.0,16.0,19.0,inferred
Solihull,2021-03-28,5.0,7.0,9.0,9.0,10.0,11.0,12.0,13.0,14.0,14.0,15.0,17.0,21.0,inferred
Solihull,2021-03-29,6.0,9.0,10.0,11.0,12.0,13.0,14.0,15.0,16.0,17.0,18.0,20.0,24.0,inferred
Solihull,2021-03-30,6.0,8.0,9.0,10.0,11.0,12.0,13.0,14.0,15.0,16.0,16.0,19.0,22.0,inferred
Solihull,2021-03-31,5.0,7.0,9.0,10.0,10.0,11.0,12.0,13.0,15.0,15.0,16.0,18.0,22.0,inferred
Solihull,2021-04-01,4.0,6.0,8.0,8.0,9.0,10.0,11.0,12.0,13.0,13.0,14.0,16.0,19.0,inferred
Solihull,2021-04-02,3.0,5.0,6.0,7.0,7.0,8.0,9.0,10.0,11.0,12.0,12.0,14.0,17.0,inferred
Solihull,2021-04-03,2.0,3.0,4.0,5.0,5.0,6.0,7.0,7.0,8.0,9.0,9.0,11.0,13.0,inferred
Solihull,2021-04-04,2.0,4.0,5.0,5.0,6.0,7.0,7.0,8.0,9.0,10.0,10.0,12.0,14.0,inferred
Solihull,2021-04-05,3.0,5.0,6.0,7.0,7.0,8.0,9.0,10.0,11.0,11.0,12.0,13.0,16.0,inferred
Solihull,2021-04-06,3.0,4.0,6.0,6.0,7.0,7.0,8.0,9.0,10.0,10.0,11.0,13.0,15.0,inferred
Solihull,2021-04-07,3.0,4.0,6.0,6.0,7.0,7.0,8.0,9.0,10.0,10.0,11.0,13.0,16.0,inferred
Solihull,2021-04-08,2.0,3.0,5.0,5.0,6.0,6.0,7.0,8.0,9.0,9.0,10.0,11.0,14.0,inferred
Solihull,2021-04-09,1.0,3.0,4.0,4.0,5.0,5.0,6.0,7.0,8.0,8.0,9.0,10.0,13.0,inferred
Solihull,2021-04-10,1.0,2.0,3.0,3.0,4.0,4.0,5.0,5.0,6.0,7.0,7.0,8.0,11.0,inferred
Solihull,2021-04-11,1.0,2.0,3.0,4.0,4.0,5.0,5.0,6.0,7.0,7.0,8.0,9.0,11.0,inferred
Solihull,2021-04-12,2.0,3.0,4.0,5.0,5.0,6.0,6.0,7.0,8.0,9.0,9.0,11.0,13.0,inferred
Solihull,2021-04-13,1.0,3.0,4.0,4.0,5.0,5.0,6.0,7.0,8.0,8.0,9.0,10.0,13.0,inferred
Solihull,2021-04-14,2.0,3.0,4.0,4.0,5.0,5.0,6.0,7.0,8.0,8.0,9.0,10.0,13.0,inferred
Solihull,2021-04-15,1.0,3.0,3.0,4.0,4.0,5.0,6.0,6.0,7.0,8.0,8.0,10.0,12.0,inferred
Solihull,2021-04-16,1.0,2.0,3.0,3.0,4.0,4.0,5.0,6.0,6.0,7.0,7.0,9.0,11.0,inferred
Solihull,2021-04-17,0.0,1.0,2.0,3.0,3.0,3.0,4.0,5.0,5.0,6.0,6.0,7.0,9.0,inferred
Solihull,2021-04-18,1.0,2.0,3.0,3.0,3.0,4.0,5.0,5.0,6.0,6.0,7.0,8.0,11.0,inferred
Solihull,2021-04-19,1.0,3.0,3.0,4.0,4.0,5.0,6.0,6.0,7.0,8.0,8.0,9.0,12.0,inferred
Solihull,2021-04-20,1.0,2.0,3.0,4.0,4.0,4.0,5.0,6.0,7.0,7.0,8.0,9.0,12.0,inferred
Solihull,2021-04-21,1.0,2.0,3.0,4.0,4.0,5.0,5.0,6.0,7.0,7.0,8.0,9.0,12.0,inferred
Solihull,2021-04-22,1.0,2.0,3.0,3.0,3.0,4.0,5.0,6.0,6.0,7.0,7.0,9.0,11.0,inferred
Solihull,2021-04-23,0.0,1.0,2.0,2.0,3.0,3.0,4.0,5.0,5.0,6.0,6.0,8.0,10.0,inferred
Solihull,2021-04-24,0.0,1.0,2.0,2.0,2.0,3.0,3.0,4.0,4.0,5.0,5.0,6.0,8.0,inferred
Solihull,2021-04-25,0.0,1.0,2.0,2.0,3.0,3.0,4.0,4.0,5.0,5.0,6.0,7.0,9.0,inferred
Solihull,2021-04-26,1.0,2.0,3.0,3.0,3.0,4.0,4.0,5.0,6.0,6.0,7.0,8.0,11.0,inferred
Solihull,2021-04-27,1.0,2.0,3.0,3.0,3.0,4.0,5.0,5.0,6.0,6.0,7.0,8.0,10.0,inferred
Solihull,2021-04-28,1.0,2.0,3.0,3.0,3.0,4.0,5.0,5.0,6.0,6.0,7.0,8.0,10.5,inferred
Solihull,2021-04-29,1.0,2.0,3.0,3.0,3.0,4.0,4.0,5.0,6.0,6.0,7.0,8.0,10.0,inferred
Solihull,2021-04-30,0.0,1.0,2.0,2.0,3.0,3.0,4.0,5.0,5.0,6.0,6.0,7.0,9.0,inferred
Solihull,2021-05-01,0.0,1.0,2.0,2.0,2.0,3.0,3.0,4.0,4.0,5.0,5.0,6.0,8.0,inferred
Solihull,2021-05-02,0.0,1.0,2.0,2.0,3.0,3.0,4.0,4.0,5.0,5.0,6.0,7.0,9.0,inferred
Solihull,2021-05-03,1.0,2.0,2.0,3.0,3.0,4.0,4.0,5.0,6.0,6.0,7.0,8.0,10.0,inferred
Solihull,2021-05-04,1.0,2.0,2.0,3.0,3.0,4.0,4.0,5.0,6.0,6.0,6.0,8.0,9.5,inferred
Solihull,2021-05-05,1.0,2.0,3.0,3.0,3.0,4.0,4.0,5.0,6.0,6.0,7.0,8.0,10.0,inferred
Solihull,2021-05-06,0.0,1.0,2.0,2.0,3.0,3.0,4.0,5.0,5.0,6.0,6.0,7.0,9.0,inferred
Solihull,2021-05-07,0.0,1.0,2.0,2.0,2.0,3.0,3.0,4.0,5.0,5.0,5.0,7.0,8.5,inferred
Solihull,2021-05-08,0.0,1.0,1.0,1.0,2.0,2.0,3.0,3.0,4.0,4.0,4.0,5.0,7.0,inferred
Solihull,2021-05-09,0.0,1.0,2.0,2.0,2.0,3.0,3.0,4.0,4.0,5.0,5.0,6.0,8.0,inferred
Solihull,2021-05-10,0.5,1.0,2.0,2.0,3.0,3.0,4.0,5.0,5.0,6.0,6.0,7.0,9.0,inferred
Solihull,2021-05-11,0.0,1.0,2.0,3.0,3.0,3.0,4.0,5.0,5.0,6.0,6.0,7.0,10.0,inferred
Solihull,2021-05-12,1.0,1.0,2.0,3.0,3.0,4.0,4.0,5.0,6.0,6.0,7.0,8.0,10.0,inferred
Solihull,2021-05-13,0.0,1.0,2.0,2.0,3.0,3.0,4.0,4.0,5.0,5.0,6.0,7.0,9.0,inferred
Solihull,2021-05-14,0.0,1.0,2.0,2.0,2.0,3.0,4.0,4.0,5.0,5.0,5.2,7.0,9.0,inferred
Solihull,2021-05-15,0.0,1.0,1.0,1.0,2.0,2.0,3.0,3.0,4.0,4.0,4.0,6.0,7.0,inferred
Solihull,2021-05-16,0.0,1.0,2.0,2.0,2.0,3.0,3.0,4.0,4.0,5.0,5.0,6.0,8.0,inferred
Solihull,2021-05-17,1.0,2.0,2.0,3.0,3.0,4.0,4.0,5.0,5.0,6.0,6.0,8.0,10.0,inferred
Solihull,2021-05-18,0.0,1.0,2.0,3.0,3.0,3.0,4.0,5.0,5.0,6.0,6.0,7.0,10.0,inferred
Solihull,2021-05-19,1.0,2.0,3.0,3.0,3.0,4.0,5.0,5.0,6.0,6.0,7.0,8.0,10.0,inferred
Solihull,2021-05-20,1.0,2.0,2.0,3.0,3.0,4.0,4.0,5.0,6.0,6.0,6.0,8.0,10.0,inferred
Solihull,2021-05-21,0.0,1.0,2.0,3.0,3.0,3.0,4.0,5.0,5.0,6.0,6.0,8.0,10.0,inferred
Solihull,2021-05-22,0.0,1.0,2.0,2.0,3.0,3.0,4.0,4.0,5.0,5.0,6.0,7.0,9.0,inferred
Solihull,2021-05-23,1.0,2.0,2.0,3.0,3.0,4.0,4.0,5.0,6.0,6.0,7.0,8.0,10.0,inferred
Solihull,2021-05-24,1.0,3.0,4.0,4.0,5.0,5.0,6.0,7.0,8.0,8.0,9.0,10.0,13.0,inferred
Solihull,2021-05-25,2.0,3.0,4.0,4.0,5.0,6.0,6.0,7.0,8.0,8.0,9.0,11.0,14.0,inferred
Solihull,2021-05-26,2.0,4.0,5.0,5.0,6.0,7.0,8.0,8.0,9.0,10.0,10.0,12.0,15.0,inferred
Solihull,2021-05-27,2.0,3.0,5.0,5.0,6.0,6.0,7.0,8.0,9.0,10.0,10.0,12.0,15.0,inferred
Solihull,2021-05-28,2.0,4.0,5.0,5.0,6.0,6.0,7.0,8.0,9.0,9.0,10.0,12.0,15.0,inferred
Solihull,2021-05-29,2.0,3.0,4.0,4.0,5.0,6.0,6.0,7.0,8.0,8.0,9.0,10.0,13.0,inferred
Solihull,2021-05-30,3.0,4.0,6.0,6.0,7.0,7.0,8.0,9.0,10.0,11.0,11.0,13.0,15.5,inferred
Solihull,2021-05-31,5.0,7.0,8.0,9.0,9.0,10.0,11.0,12.0,13.0,14.0,14.0,17.0,20.0,inferred
Solihull,2021-06-01,5.0,7.0,9.0,9.0,10.0,11.0,12.0,13.0,14.0,15.0,16.0,18.0,21.0,inferred
Solihull,2021-06-02,6.0,9.0,10.0,11.0,12.0,13.0,14.0,15.0,16.0,17.0,18.0,20.0,24.0,inferred
Solihull,2021-06-03,6.0,9.0,10.0,11.0,11.0,12.0,14.0,14.0,16.0,17.0,17.0,19.0,23.0,inferred
Solihull,2021-06-04,7.0,8.0,10.0,11.0,12.0,13.0,14.0,15.0,16.0,17.0,17.0,20.0,23.0,inferred
Solihull,2021-06-05,5.0,7.0,9.0,9.0,10.0,11.0,12.0,13.0,14.0,15.0,16.0,18.0,21.0,inferred
Solihull,2021-06-06,8.0,10.0,12.0,12.0,13.0,14.0,15.0,17.0,18.0,19.0,19.0,22.0,25.0,inferred
Solihull,2021-06-07,12.0,15.0,17.0,18.0,19.0,20.0,21.0,23.0,24.0,25.0,26.0,29.0,34.0,inferred
Solihull,2021-06-08,13.0,15.0,18.0,19.0,19.0,21.0,22.0,24.0,25.0,26.0,27.0,30.0,35.0,inferred
Solihull,2021-06-09,14.0,18.0,20.0,21.0,22.0,24.0,25.0,27.0,28.0,29.0,30.0,33.0,38.0,inferred
Solihull,2021-06-10,14.0,17.0,20.0,20.0,21.0,23.0,24.0,25.0,27.0,28.0,29.0,31.0,36.0,inferred
Solihull,2021-06-11,13.0,16.0,19.0,19.0,20.0,22.0,23.0,25.0,26.0,27.0,28.0,31.0,36.0,inferred
Solihull,2021-06-12,11.0,14.0,16.0,17.0,17.0,19.0,20.0,21.0,23.0,24.0,24.0,27.0,31.0,inferred
Solihull,2021-06-13,15.0,18.0,20.0,21.0,22.0,24.0,25.0,27.0,28.3,29.0,30.0,33.0,38.0,inferred
Solihull,2021-06-14,22.0,26.0,28.0,29.0,30.0,32.0,34.0,36.0,38.0,39.0,40.0,43.0,48.0,inferred
Solihull,2021-06-15,22.0,26.0,29.0,30.0,31.0,33.0,35.0,37.0,39.0,40.0,41.0,44.0,49.0,inferred
Solihull,2021-06-16,26.0,30.0,33.0,34.0,35.0,37.0,39.0,41.0,43.0,44.0,46.0,50.0,57.0,inferred
Solihull,2021-06-17,25.0,29.0,32.0,33.0,34.0,36.0,38.0,40.0,42.0,43.0,45.0,48.0,54.0,inferred
Solihull,2021-06-18,24.0,27.0,30.0,31.0,33.0,35.0,37.0,39.0,41.0,42.0,43.0,47.0,52.0,inferred
Somerset West and Taunton,2021-03-06,0.0,0.0,1.0,1.0,1.0,2.0,2.0,3.0,3.0,3.2,4.0,5.0,7.0,inferred
Somerset West and Taunton,2021-03-07,0.0,1.0,2.0,2.0,2.0,3.0,3.0,4.0,5.0,5.0,5.0,7.0,9.0,inferred
Somerset West and Taunton,2021-03-08,1.0,2.0,2.0,3.0,3.0,4.0,5.0,5.0,6.0,6.0,7.0,8.0,11.0,inferred
Somerset West and Taunton,2021-03-09,0.0,1.0,2.0,3.0,3.0,3.0,4.0,5.0,5.0,6.0,6.0,8.0,11.0,inferred
Somerset West and Taunton,2021-03-10,1.0,2.0,3.0,3.0,3.0,4.0,5.0,5.0,6.0,7.0,7.0,9.0,12.0,inferred
Somerset West and Taunton,2021-03-11,0.0,2.0,2.0,3.0,3.0,4.0,4.0,5.0,6.0,6.0,7.0,8.0,11.0,inferred
Somerset West and Taunton,2021-03-12,0.0,1.0,2.0,2.0,2.0,3.0,4.0,4.0,5.0,5.0,6.0,7.0,10.0,inferred
Somerset West and Taunton,2021-03-13,0.0,1.0,1.0,1.0,2.0,2.0,3.0,3.0,4.0,4.0,5.0,6.0,8.0,inferred
Somerset West and Taunton,2021-03-14,0.0,1.0,2.0,2.0,2.0,3.0,4.0,4.0,5.0,5.0,6.0,7.0,10.0,inferred
Somerset West and Taunton,2021-03-15,0.5,2.0,2.0,3.0,3.0,4.0,4.0,5.0,6.0,6.0,7.0,8.0,11.0,inferred
Somerset West and Taunton,2021-03-16,0.0,1.0,2.0,2.0,2.7,3.0,4.0,4.0,5.0,5.0,6.0,7.0,10.0,inferred
Somerset West and Taunton,2021-03-17,1.0,2.0,2.0,3.0,3.0,4.0,4.0,5.0,6.0,6.0,7.0,8.0,11.0,inferred
Somerset West and Taunton,2021-03-18,0.0,1.0,2.0,2.0,3.0,3.0,4.0,5.0,5.0,6.0,6.0,7.1,10.0,inferred
Somerset West and Taunton,2021-03-19,0.0,1.0,2.0,2.0,2.0,3.0,3.0,4.0,5.0,5.0,5.0,7.0,10.0,inferred
Somerset West and Taunton,2021-03-20,0.0,0.0,1.0,1.0,1.0,2.0,2.0,3.0,3.3,4.0,4.0,5.1,7.0,inferred
Somerset West and Taunton,2021-03-21,0.0,1.0,2.0,2.0,2.0,3.0,3.0,4.0,5.0,5.0,6.0,7.0,9.5,inferred
Somerset West and Taunton,2021-03-22,1.0,2.0,2.0,3.0,3.0,4.0,4.0,5.0,6.0,6.0,7.0,8.0,11.0,inferred
Somerset West and Taunton,2021-03-23,0.0,1.0,2.0,2.0,2.0,3.0,4.0,4.0,5.0,6.0,6.0,7.0,10.0,inferred
Somerset West and Taunton,2021-03-24,1.0,2.0,2.0,3.0,3.0,4.0,4.0,5.0,6.0,6.0,7.0,8.0,11.0,inferred
Somerset West and Taunton,2021-03-25,0.0,1.0,2.0,2.0,3.0,3.0,4.0,5.0,5.0,6.0,6.0,8.0,11.0,inferred
Somerset West and Taunton,2021-03-26,0.0,1.0,2.0,2.0,2.0,3.0,3.0,4.0,4.0,5.0,5.0,7.0,9.0,inferred
Somerset West and Taunton,2021-03-27,0.0,0.0,1.0,1.0,1.0,2.0,2.0,3.0,3.0,4.0,4.0,5.0,7.0,inferred
Somerset West and Taunton,2021-03-28,0.0,1.0,2.0,2.0,2.0,3.0,3.0,4.0,4.3,5.0,5.0,7.0,9.0,inferred
Somerset West and Taunton,2021-03-29,0.0,1.0,2.0,2.0,3.0,3.0,4.0,4.0,5.0,6.0,6.0,7.0,10.0,inferred
Somerset West and Taunton,2021-03-30,0.0,1.0,1.0,2.0,2.0,3.0,3.0,4.0,4.0,5.0,5.0,7.0,9.0,inferred
Somerset West and Taunton,2021-03-31,0.0,1.0,2.0,2.0,2.0,3.0,4.0,4.0,5.0,5.0,6.0,7.0,10.0,inferred
Somerset West and Taunton,2021-04-01,0.0,1.0,2.0,2.0,2.0,3.0,3.0,4.0,5.0,5.0,5.0,7.0,9.0,inferred
Somerset West and Taunton,2021-04-02,0.0,1.0,1.0,1.0,2.0,2.0,3.0,3.0,4.0,4.0,4.0,6.0,8.0,inferred
Somerset West and Taunton,2021-04-03,0.0,0.0,1.0,1.0,1.0,1.0,2.0,2.0,3.0,3.0,3.0,4.0,6.5,inferred
Somerset West and Taunton,2021-04-04,0.0,0.0,1.0,1.0,1.0,2.0,2.0,3.0,3.0,4.0,4.0,6.0,8.0,inferred
Somerset West and Taunton,2021-04-05,0.0,1.0,1.0,2.0,2.0,2.0,3.0,4.0,4.0,5.0,5.0,7.0,9.0,inferred
Somerset West and Taunton,2021-04-06,0.0,0.0,1.0,1.0,2.0,2.0,2.0,3.0,4.0,4.0,4.0,5.0,7.0,inferred
Somerset West and Taunton,2021-04-07,0.0,1.0,1.0,2.0,2.0,2.0,3.0,4.0,4.0,5.0,5.0,6.0,8.0,inferred
Somerset West and Taunton,2021-04-08,0.0,1.0,1.0,1.0,2.0,2.0,3.0,3.0,4.0,4.0,4.0,6.0,8.0,inferred
Somerset West and Taunton,2021-04-09,0.0,0.0,1.0,1.0,1.0,2.0,2.0,3.0,3.0,3.0,4.0,5.0,7.0,inferred
Somerset West and Taunton,2021-04-10,0.0,0.0,0.0,1.0,1.0,1.0,1.0,2.0,2.0,3.0,3.0,4.0,6.0,inferred
Somerset West and Taunton,2021-04-11,0.0,0.0,1.0,1.0,1.0,2.0,2.0,2.0,3.0,3.0,4.0,5.0,7.0,inferred
Somerset West and Taunton,2021-04-12,0.0,0.0,1.0,1.0,2.0,2.0,3.0,3.0,4.0,4.0,4.0,6.0,8.0,inferred
Somerset West and Taunton,2021-04-13,0.0,0.0,1.0,1.0,1.0,2.0,2.0,3.0,3.0,4.0,4.0,5.0,7.0,inferred
Somerset West and Taunton,2021-04-14,0.0,0.0,1.0,1.0,2.0,2.0,3.0,3.0,4.0,4.0,5.0,6.0,8.0,inferred
Somerset West and Taunton,2021-04-15,0.0,0.0,1.0,1.0,1.0,2.0,2.0,3.0,3.0,4.0,4.0,6.0,8.0,inferred
Somerset West and Taunton,2021-04-16,0.0,0.0,1.0,1.0,1.0,2.0,2.0,2.0,3.0,3.0,4.0,5.0,7.0,inferred
Somerset West and Taunton,2021-04-17,0.0,0.0,0.0,1.0,1.0,1.0,1.0,2.0,2.0,3.0,3.0,4.0,6.0,inferred
Somerset West and Taunton,2021-04-18,0.0,0.0,1.0,1.0,1.0,2.0,2.0,3.0,3.0,3.0,4.0,5.0,7.0,inferred
Somerset West and Taunton,2021-04-19,0.0,0.0,1.0,1.0,2.0,2.0,3.0,3.0,4.0,4.0,5.0,6.0,9.0,inferred
Somerset West and Taunton,2021-04-20,0.0,0.0,1.0,1.0,1.0,2.0,2.0,3.0,3.0,4.0,4.0,5.0,7.0,inferred
Somerset West and Taunton,2021-04-21,0.0,1.0,1.0,1.0,1.0,2.0,2.0,3.0,4.0,4.0,4.0,6.0,8.0,inferred
Somerset West and Taunton,2021-04-22,0.0,0.0,1.0,1.0,1.0,2.0,2.0,3.0,3.0,4.0,4.0,5.0,8.0,inferred
Somerset West and Taunton,2021-04-23,0.0,0.0,1.0,1.0,1.0,1.0,2.0,2.0,3.0,3.0,3.0,4.0,6.0,inferred
Somerset West and Taunton,2021-04-24,0.0,0.0,0.0,0.0,1.0,1.0,1.0,2.0,2.0,2.0,3.0,3.0,5.0,inferred
Somerset West and Taunton,2021-04-25,0.0,0.0,0.0,1.0,1.0,1.0,2.0,2.0,3.0,3.0,3.0,4.0,6.0,inferred
Somerset West and Taunton,2021-04-26,0.0,0.0,1.0,1.0,1.0,2.0,2.0,3.0,3.0,3.0,4.0,5.0,7.0,inferred
Somerset West and Taunton,2021-04-27,0.0,0.0,1.0,1.0,1.0,1.0,2.0,2.0,3.0,3.0,3.0,4.0,6.0,inferred
Somerset West and Taunton,2021-04-28,0.0,0.0,1.0,1.0,1.0,1.0,2.0,2.0,3.0,3.0,4.0,5.0,7.0,inferred
Somerset West and Taunton,2021-04-29,0.0,0.0,0.0,1.0,1.0,1.0,2.0,2.0,3.0,3.0,3.0,4.0,7.0,inferred
Somerset West and Taunton,2021-04-30,0.0,0.0,0.0,0.0,1.0,1.0,1.0,2.0,2.0,2.0,3.0,4.0,6.0,inferred
Somerset West and Taunton,2021-05-01,0.0,0.0,0.0,0.0,0.0,1.0,1.0,1.0,2.0,2.0,2.0,3.0,5.0,inferred
Somerset West and Taunton,2021-05-02,0.0,0.0,0.0,0.0,1.0,1.0,1.0,2.0,2.0,2.0,3.0,4.0,5.0,inferred
Somerset West and Taunton,2021-05-03,0.0,0.0,0.0,1.0,1.0,1.0,2.0,2.0,3.0,3.0,3.0,4.0,6.0,inferred
Somerset West and Taunton,2021-05-04,0.0,0.0,0.0,0.0,1.0,1.0,1.0,2.0,2.0,2.0,3.0,4.0,5.0,inferred
Somerset West and Taunton,2021-05-05,0.0,0.0,0.0,1.0,1.0,1.0,2.0,2.0,2.0,3.0,3.0,4.0,6.0,inferred
Somerset West and Taunton,2021-05-06,0.0,0.0,0.0,0.0,1.0,1.0,1.0,2.0,2.0,2.0,3.0,4.0,6.0,inferred
Somerset West and Taunton,2021-05-07,0.0,0.0,0.0,0.0,0.0,1.0,1.0,1.0,2.0,2.0,2.2,4.0,5.0,inferred
Somerset West and Taunton,2021-05-08,0.0,0.0,0.0,0.0,0.0,1.0,1.0,1.0,1.0,2.0,2.0,3.0,4.0,inferred
Somerset West and Taunton,2021-05-09,0.0,0.0,0.0,0.0,0.0,1.0,1.0,1.0,2.0,2.0,3.0,3.0,5.0,inferred
Somerset West and Taunton,2021-05-10,0.0,0.0,0.0,0.0,1.0,1.0,1.0,2.0,2.0,3.0,3.0,4.0,6.0,inferred
Somerset West and Taunton,2021-05-11,0.0,0.0,0.0,0.0,0.0,1.0,1.0,1.0,2.0,2.0,2.0,3.0,5.0,inferred
Somerset West and Taunton,2021-05-12,0.0,0.0,0.0,0.0,1.0,1.0,1.0,2.0,2.0,3.0,3.0,4.0,6.0,inferred
Somerset West and Taunton,2021-05-13,0.0,0.0,0.0,0.0,0.0,1.0,1.0,2.0,2.0,2.0,3.0,3.0,5.0,inferred
Somerset West and Taunton,2021-05-14,0.0,0.0,0.0,0.0,0.0,1.0,1.0,1.0,2.0,2.0,2.0,3.0,5.0,inferred
Somerset West and Taunton,2021-05-15,0.0,0.0,0.0,0.0,0.0,0.0,1.0,1.0,1.0,1.0,2.0,3.0,4.0,inferred
Somerset West and Taunton,2021-05-16,0.0,0.0,0.0,0.0,0.0,1.0,1.0,1.0,2.0,2.0,2.0,3.0,5.0,inferred
Somerset West and Taunton,2021-05-17,0.0,0.0,0.0,0.0,1.0,1.0,1.0,2.0,2.0,2.0,3.0,4.0,6.0,inferred
Somerset West and Taunton,2021-05-18,0.0,0.0,0.0,0.0,0.0,1.0,1.0,1.0,2.0,2.0,2.0,3.0,5.0,inferred
Somerset West and Taunton,2021-05-19,0.0,0.0,0.0,0.0,0.0,1.0,1.0,1.0,2.0,2.0,3.0,4.0,5.0,inferred
Somerset West and Taunton,2021-05-20,0.0,0.0,0.0,0.0,0.0,1.0,1.0,1.0,2.0,2.0,2.0,3.0,5.0,inferred
Somerset West and Taunton,2021-05-21,0.0,0.0,0.0,0.0,0.0,0.0,1.0,1.0,1.0,2.0,2.0,3.0,4.0,inferred
Somerset West and Taunton,2021-05-22,0.0,0.0,0.0,0.0,0.0,0.0,0.0,1.0,1.0,1.0,1.2,2.0,4.0,inferred
Somerset West and Taunton,2021-05-23,0.0,0.0,0.0,0.0,0.0,1.0,1.0,1.0,1.0,2.0,2.0,3.0,4.5,inferred
Somerset West and Taunton,2021-05-24,0.0,0.0,0.0,0.0,0.0,1.0,1.0,1.0,2.0,2.0,2.0,3.0,5.0,inferred
Somerset West and Taunton,2021-05-25,0.0,0.0,0.0,0.0,0.0,1.0,1.0,1.0,2.0,2.0,2.0,3.0,4.0,inferred
Somerset West and Taunton,2021-05-26,0.0,0.0,0.0,0.0,0.0,1.0,1.0,1.0,2.0,2.0,2.0,3.0,5.0,inferred
Somerset West and Taunton,2021-05-27,0.0,0.0,0.0,0.0,0.0,1.0,1.0,1.0,2.0,2.0,2.0,3.0,5.0,inferred
Somerset West and Taunton,2021-05-28,0.0,0.0,0.0,0.0,0.0,0.0,1.0,1.0,1.3,2.0,2.0,3.0,5.0,inferred
Somerset West and Taunton,2021-05-29,0.0,0.0,0.0,0.0,0.0,0.0,0.0,1.0,1.0,1.0,1.0,2.0,4.0,inferred
Somerset West and Taunton,2021-05-30,0.0,0.0,0.0,0.0,0.0,1.0,1.0,1.0,2.0,2.0,2.0,3.0,5.0,inferred
Somerset West and Taunton,2021-05-31,0.0,0.0,0.0,0.0,1.0,1.0,1.0,2.0,2.0,2.0,3.0,4.0,5.0,inferred
Somerset West and Taunton,2021-06-01,0.0,0.0,0.0,0.0,0.0,1.0,1.0,2.0,2.0,2.0,3.0,4.0,5.0,inferred
Somerset West and Taunton,2021-06-02,0.0,0.0,0.0,1.0,1.0,1.0,2.0,2.0,3.0,3.0,3.0,4.0,6.5,inferred
Somerset West and Taunton,2021-06-03,0.0,0.0,1.0,1.0,1.0,1.0,2.0,2.0,3.0,3.0,3.0,4.0,6.0,inferred
Somerset West and Taunton,2021-06-04,0.0,0.0,0.0,1.0,1.0,1.0,2.0,2.0,2.0,3.0,3.0,4.0,6.0,inferred
Somerset West and Taunton,2021-06-05,0.0,0.0,0.0,0.0,1.0,1.0,1.0,2.0,2.0,2.0,3.0,4.0,6.0,inferred
Somerset West and Taunton,2021-06-06,0.0,0.0,1.0,1.0,1.0,2.0,2.0,3.0,3.0,4.0,4.0,5.0,7.0,inferred
Somerset West and Taunton,2021-06-07,0.0,1.0,2.0,2.0,2.0,3.0,3.0,4.0,4.0,5.0,5.0,7.0,9.0,inferred
Somerset West and Taunton,2021-06-08,0.0,1.0,2.0,2.0,2.0,3.0,3.0,4.0,4.0,5.0,5.0,7.0,9.0,inferred
Somerset West and Taunton,2021-06-09,1.0,2.0,2.0,3.0,3.0,4.0,5.0,5.0,6.0,6.0,7.0,8.0,11.0,inferred
Somerset West and Taunton,2021-06-10,1.0,2.0,3.0,3.0,4.0,4.0,5.0,6.0,6.0,7.0,8.0,9.0,12.0,inferred
Somerset West and Taunton,2021-06-11,1.0,2.0,3.0,3.0,3.0,4.0,5.0,6.0,6.0,7.0,7.0,9.0,12.0,inferred
Somerset West and Taunton,2021-06-12,1.0,1.0,2.0,3.0,3.0,4.0,4.0,5.0,6.0,6.0,7.0,8.0,11.0,inferred
Somerset West and Taunton,2021-06-13,2.0,3.0,4.0,5.0,5.0,6.0,7.0,8.0,9.0,9.0,10.0,12.0,15.0,inferred
Somerset West and Taunton,2021-06-14,3.0,5.0,6.8,7.0,8.0,9.0,10.0,11.0,12.0,13.0,13.0,15.0,18.0,inferred
Somerset West and Taunton,2021-06-15,3.0,5.0,7.0,7.0,8.0,8.0,10.0,11.0,12.0,12.0,13.0,15.0,18.0,inferred
Somerset West and Taunton,2021-06-16,5.0,7.0,9.0,10.0,10.0,11.0,13.0,14.0,15.0,16.0,17.0,19.0,23.0,inferred
Somerset West and Taunton,2021-06-17,5.0,8.0,9.0,10.0,11.0,12.0,14.0,15.0,16.0,17.0,18.0,20.0,25.0,inferred
Somerset West and Taunton,2021-06-18,4.5,7.0,9.0,10.0,10.0,11.0,13.0,14.0,15.0,16.0,17.0,19.0,24.0,inferred
South Ayrshire,2021-03-06,18.0,24.0,28.0,29.0,31.0,33.0,36.0,39.0,42.0,44.0,46.0,52.1,62.0,inferred
South Ayrshire,2021-03-07,18.0,22.0,26.0,27.0,29.0,32.0,34.0,37.0,40.0,42.0,43.0,50.0,59.0,inferred
South Ayrshire,2021-03-08,15.0,20.0,23.0,25.0,26.0,28.0,31.0,33.0,37.0,38.0,40.0,45.0,54.0,inferred
South Ayrshire,2021-03-09,19.0,23.0,27.0,29.0,31.0,33.0,35.0,38.0,41.0,42.0,45.0,49.1,58.0,inferred
South Ayrshire,2021-03-10,29.0,36.0,40.0,42.0,44.0,47.0,50.0,53.0,57.0,59.0,61.0,67.0,75.0,inferred
South Ayrshire,2021-03-11,27.0,34.0,38.0,40.0,42.0,45.0,48.0,51.0,55.0,57.0,59.0,65.0,76.0,inferred
South Ayrshire,2021-03-12,30.0,37.0,42.0,44.0,45.0,49.0,51.0,55.0,58.0,60.0,62.0,68.0,80.0,inferred
South Ayrshire,2021-03-13,28.0,35.0,40.0,42.0,44.0,47.0,50.0,53.0,56.0,59.0,61.0,67.0,76.0,inferred
South Ayrshire,2021-03-14,24.0,30.0,35.0,37.0,39.0,41.6,44.0,48.0,51.0,53.0,55.0,61.0,73.0,inferred
South Ayrshire,2021-03-15,18.0,24.0,28.0,30.0,32.0,35.0,38.0,41.0,44.0,45.0,47.0,53.0,62.0,inferred
South Ayrshire,2021-03-16,21.0,27.0,31.0,33.0,35.0,37.0,41.0,44.0,46.0,49.0,51.0,57.0,68.0,inferred
South Ayrshire,2021-03-17,30.5,38.0,43.0,45.0,47.0,51.0,54.0,57.0,60.0,62.0,65.0,72.0,82.0,inferred
South Ayrshire,2021-03-18,26.0,32.0,37.0,39.0,41.0,44.0,47.0,50.0,54.0,56.0,58.0,65.0,75.0,inferred
South Ayrshire,2021-03-19,26.0,34.0,38.0,39.0,41.0,44.0,47.0,51.0,54.0,56.0,58.0,64.0,74.0,inferred
South Ayrshire,2021-03-20,23.0,29.0,34.0,35.0,37.0,40.0,43.0,46.0,49.0,51.0,53.0,60.0,70.0,inferred
South Ayrshire,2021-03-21,17.0,23.0,26.0,28.0,29.0,32.0,35.0,38.0,41.0,43.0,45.0,50.0,59.0,inferred
South Ayrshire,2021-03-22,13.0,17.0,20.8,22.0,23.0,26.0,28.0,30.0,33.0,34.0,36.0,41.0,50.0,inferred
South Ayrshire,2021-03-23,14.0,19.0,22.0,23.8,25.0,27.0,29.0,32.0,34.0,36.0,38.0,43.0,51.0,inferred
South Ayrshire,2021-03-24,19.0,24.0,29.0,30.0,32.0,35.0,37.0,40.0,44.0,45.0,48.0,52.0,61.0,inferred
South Ayrshire,2021-03-25,17.0,22.0,26.0,27.0,29.0,31.0,34.0,37.0,40.0,41.0,43.0,49.0,57.0,inferred
South Ayrshire,2021-03-26,16.0,21.0,25.0,27.0,28.0,31.0,34.0,36.0,39.0,41.0,43.0,48.0,57.5,inferred
South Ayrshire,2021-03-27,14.0,19.0,23.0,24.0,26.0,29.0,31.0,34.0,37.0,38.0,40.0,45.0,55.0,inferred
South Ayrshire,2021-03-28,12.0,15.0,18.0,20.0,21.0,23.0,25.0,27.0,30.0,32.0,34.0,39.0,49.0,inferred
South Ayrshire,2021-03-29,7.0,11.0,14.0,15.0,16.0,18.0,20.0,22.0,24.0,25.0,27.0,31.0,39.0,inferred
South Ayrshire,2021-03-30,8.0,12.0,15.0,16.0,17.0,19.0,21.0,23.0,25.0,27.0,28.0,33.0,40.0,inferred
South Ayrshire,2021-03-31,12.0,16.0,20.0,21.0,22.0,24.0,27.0,29.0,32.0,34.0,35.0,40.0,49.0,inferred
South Ayrshire,2021-04-01,9.5,14.0,17.0,18.0,19.0,21.0,24.0,26.0,29.0,30.0,31.0,36.0,43.0,inferred
South Ayrshire,2021-04-02,10.0,13.0,17.0,18.0,19.0,21.0,23.0,25.0,28.0,29.0,31.0,35.0,44.0,inferred
South Ayrshire,2021-04-03,8.0,12.0,14.8,16.0,17.0,18.0,20.0,22.0,25.0,26.0,27.0,32.0,40.0,inferred
South Ayrshire,2021-04-04,6.0,8.0,11.0,12.0,13.0,14.0,16.0,18.0,20.0,21.0,23.0,27.0,34.0,inferred
South Ayrshire,2021-04-05,3.0,6.0,8.0,9.0,10.0,11.0,13.0,14.0,16.0,17.0,19.0,22.0,30.0,inferred
South Ayrshire,2021-04-06,4.0,7.0,8.0,9.0,10.0,12.0,14.0,15.0,17.0,18.0,19.0,23.0,29.0,inferred
South Ayrshire,2021-04-07,6.0,10.0,12.0,13.0,14.0,15.0,17.0,19.0,21.3,23.0,24.0,28.0,35.0,inferred
South Ayrshire,2021-04-08,5.0,8.0,10.0,11.0,12.0,14.0,16.0,18.0,20.0,21.0,22.0,26.0,33.0,inferred
South Ayrshire,2021-04-09,5.0,8.0,10.0,11.0,12.0,14.0,16.0,18.0,20.0,21.0,23.0,27.0,34.0,inferred
South Ayrshire,2021-04-10,5.0,8.0,10.0,11.0,12.0,13.0,15.0,16.0,18.0,20.0,21.0,25.0,31.0,inferred
South Ayrshire,2021-04-11,3.0,6.0,7.0,8.0,9.0,11.0,12.0,14.0,16.0,17.0,18.0,22.0,28.0,inferred
South Ayrshire,2021-04-12,2.0,4.0,6.0,7.0,7.0,9.0,10.0,11.0,13.0,14.0,15.0,18.0,23.5,inferred
South Ayrshire,2021-04-13,2.0,5.0,6.0,7.0,8.0,9.0,11.0,12.0,14.0,15.0,16.0,20.0,26.0,inferred
South Ayrshire,2021-04-14,4.0,7.0,9.0,10.0,11.0,13.0,15.0,17.0,19.0,20.0,21.0,26.0,33.0,inferred
South Ayrshire,2021-04-15,5.0,7.0,10.0,11.0,11.0,13.0,15.0,17.0,19.0,19.0,21.0,26.0,33.0,inferred
South Ayrshire,2021-04-16,5.0,8.0,11.0,12.0,13.0,14.0,16.0,18.0,20.0,21.0,23.0,26.1,32.0,inferred
South Ayrshire,2021-04-17,5.0,8.0,10.0,11.0,12.0,14.0,15.0,17.0,19.0,21.0,22.0,26.0,33.0,inferred
South Ayrshire,2021-04-18,4.0,7.0,9.0,10.0,11.0,12.0,14.0,16.0,18.0,19.0,21.0,25.0,30.5,inferred
South Ayrshire,2021-04-19,3.0,5.9,7.0,8.0,9.0,11.0,12.0,14.0,16.0,17.0,18.0,22.0,27.0,inferred
South Ayrshire,2021-04-20,4.0,6.0,9.0,9.0,10.0,12.0,13.0,15.0,17.0,18.0,20.0,23.0,30.0,inferred
South Ayrshire,2021-04-21,6.0,10.0,12.0,13.0,14.0,16.0,18.0,20.0,22.0,24.0,25.0,29.0,37.0,inferred
South Ayrshire,2021-04-22,5.5,8.0,11.0,12.0,13.0,15.0,17.0,19.0,21.0,22.0,24.0,28.0,36.0,inferred
South Ayrshire,2021-04-23,6.0,9.0,12.0,13.0,14.0,16.0,17.0,19.0,21.0,23.0,24.0,28.0,35.0,inferred
South Ayrshire,2021-04-24,5.0,8.0,11.0,12.0,12.0,14.0,16.0,18.0,20.0,21.0,23.0,26.0,33.0,inferred
South Ayrshire,2021-04-25,4.0,6.0,8.0,9.0,10.0,12.0,14.0,15.0,17.0,18.0,20.0,24.0,30.0,inferred
South Ayrshire,2021-04-26,2.0,5.0,6.0,7.0,8.0,9.0,11.0,12.0,14.0,15.0,16.0,19.0,26.0,inferred
South Ayrshire,2021-04-27,3.0,5.0,7.0,8.0,8.0,10.0,12.0,13.0,15.0,16.0,17.0,21.0,27.0,inferred
South Ayrshire,2021-04-28,5.0,8.0,11.0,11.0,12.0,14.0,16.0,17.0,19.3,21.0,22.0,26.0,35.0,inferred
South Ayrshire,2021-04-29,4.0,7.0,9.0,10.0,11.0,13.0,14.0,16.0,18.0,19.0,21.0,25.0,29.0,inferred
South Ayrshire,2021-04-30,4.0,7.0,9.0,10.0,11.0,13.0,15.0,16.0,18.0,20.0,21.0,24.0,29.0,inferred
South Ayrshire,2021-05-01,3.0,6.0,8.0,9.0,10.0,11.0,13.0,15.0,17.0,18.0,19.0,23.0,30.0,inferred
South Ayrshire,2021-05-02,2.0,5.0,7.0,8.0,8.0,10.0,11.0,12.0,14.0,15.0,16.0,20.0,26.0,inferred
South Ayrshire,2021-05-03,2.0,3.0,5.0,6.0,6.0,8.0,9.0,10.0,12.0,13.0,14.0,17.0,22.5,inferred
South Ayrshire,2021-05-04,2.0,4.0,6.0,6.0,7.0,8.0,9.0,11.0,12.0,13.0,14.0,18.0,23.0,inferred
South Ayrshire,2021-05-05,3.0,6.0,8.0,9.0,10.0,12.0,13.0,14.0,16.0,17.0,19.0,22.0,29.0,inferred
South Ayrshire,2021-05-06,3.0,5.0,7.0,8.0,9.0,11.0,12.0,14.0,16.0,17.0,18.0,22.0,28.0,inferred
South Ayrshire,2021-05-07,4.0,6.0,8.0,9.0,10.0,11.0,13.0,14.0,16.0,17.0,19.0,22.0,29.0,inferred
South Ayrshire,2021-05-08,3.0,5.0,8.0,8.8,9.0,11.0,13.0,14.0,16.0,17.0,19.0,22.0,28.0,inferred
South Ayrshire,2021-05-09,2.0,4.0,6.0,7.0,7.0,9.0,10.0,12.0,14.0,15.0,16.0,19.0,26.0,inferred
South Ayrshire,2021-05-10,1.0,3.0,5.0,5.0,6.0,7.0,8.0,9.0,11.0,12.0,13.0,16.0,22.0,inferred
South Ayrshire,2021-05-11,2.0,4.0,5.0,6.0,7.0,8.0,10.0,11.0,13.0,14.0,15.0,18.0,24.0,inferred
South Ayrshire,2021-05-12,4.0,6.0,8.0,9.0,10.0,12.0,13.0,15.0,17.0,18.0,19.0,23.0,28.0,inferred
South Ayrshire,2021-05-13,3.0,6.0,8.0,9.0,9.7,11.0,13.0,14.0,16.0,17.0,18.0,22.0,29.0,inferred
South Ayrshire,2021-05-14,4.0,7.0,9.0,9.0,10.0,12.0,13.0,15.0,17.0,18.0,20.0,24.0,30.0,inferred
South Ayrshire,2021-05-15,3.5,6.0,8.0,9.0,10.0,12.0,13.0,15.0,16.0,18.0,19.0,23.0,29.0,inferred
South Ayrshire,2021-05-16,3.0,5.0,7.0,8.0,8.0,10.0,11.0,13.0,15.0,16.0,17.0,20.0,27.0,inferred
South Ayrshire,2021-05-17,2.0,4.0,5.0,6.0,7.0,8.0,9.0,11.0,12.0,13.0,14.0,18.0,25.0,inferred
South Ayrshire,2021-05-18,3.0,5.0,7.0,8.0,9.0,10.0,11.0,13.0,15.0,16.0,17.0,20.0,27.0,inferred
South Ayrshire,2021-05-19,6.0,9.0,11.0,12.0,13.0,15.0,17.0,19.0,21.0,23.0,24.0,29.0,35.0,inferred
South Ayrshire,2021-05-20,7.0,10.0,12.0,13.0,15.0,16.0,18.0,20.0,22.0,23.0,25.0,29.0,36.5,inferred
South Ayrshire,2021-05-21,8.0,12.0,14.0,15.8,16.0,19.0,20.0,22.0,25.0,26.0,28.0,32.1,38.0,inferred
South Ayrshire,2021-05-22,8.0,12.0,15.0,16.0,17.0,20.0,22.0,23.0,26.0,27.2,29.0,35.0,43.0,inferred
South Ayrshire,2021-05-23,8.0,11.0,14.0,16.0,16.0,18.0,20.0,22.0,25.0,26.0,28.0,32.0,40.0,inferred
South Ayrshire,2021-05-24,6.5,10.0,12.0,13.0,14.0,16.0,18.0,20.0,23.0,24.0,26.0,30.0,37.0,inferred
South Ayrshire,2021-05-25,9.0,12.9,16.0,17.0,18.0,20.0,22.0,25.0,27.0,29.0,31.0,35.0,43.0,inferred
South Ayrshire,2021-05-26,17.0,22.0,26.0,27.0,29.0,31.0,34.0,37.0,40.0,42.0,44.0,49.0,58.0,inferred
South Ayrshire,2021-05-27,19.0,24.0,28.0,29.0,31.0,34.0,36.0,39.0,42.0,44.0,45.0,52.0,62.0,inferred
South Ayrshire,2021-05-28,23.0,29.0,34.0,36.0,37.0,40.0,43.0,46.0,49.0,51.0,54.0,60.1,71.0,inferred
South Ayrshire,2021-05-29,24.0,32.0,36.0,38.0,40.0,43.0,46.0,49.0,52.0,55.0,57.0,63.0,72.0,inferred
South Ayrshire,2021-05-30,23.0,30.0,35.0,36.0,38.0,41.0,44.0,47.0,50.0,52.0,54.0,60.0,71.0,inferred
South Ayrshire,2021-05-31,21.0,27.0,31.0,33.0,34.0,38.0,40.0,43.0,47.0,49.0,51.0,57.0,67.0,inferred
South Ayrshire,2021-06-01,27.0,34.0,38.0,40.0,42.0,45.0,48.0,51.0,55.0,56.0,59.0,65.0,74.0,inferred
South Ayrshire,2021-06-02,40.0,49.0,56.0,59.0,61.0,64.0,68.0,72.0,76.0,79.0,81.0,89.0,103.0,inferred
South Ayrshire,2021-06-03,40.0,49.0,55.0,57.0,59.0,63.0,67.0,70.0,75.0,77.0,79.0,87.0,99.0,inferred
South Ayrshire,2021-06-04,47.0,55.0,61.0,63.0,65.0,70.0,74.0,78.0,82.0,84.0,87.0,96.0,108.5,inferred
South Ayrshire,2021-06-05,45.0,54.0,60.0,62.0,65.0,69.0,72.0,76.0,81.0,83.0,85.0,94.0,105.5,inferred
South Ayrshire,2021-06-06,39.0,47.0,54.0,56.0,58.0,62.0,65.0,69.0,73.0,76.0,79.0,87.0,97.5,inferred
South Ayrshire,2021-06-07,33.0,41.0,46.0,48.0,50.0,54.0,57.0,60.0,64.3,67.0,69.0,75.0,88.0,inferred
South Ayrshire,2021-06-08,38.0,48.0,53.0,56.0,57.0,61.0,64.5,68.0,73.0,75.0,78.0,85.0,96.0,inferred
South Ayrshire,2021-06-09,60.5,70.0,77.0,79.0,82.0,87.0,91.5,96.0,101.0,104.0,108.0,116.0,128.0,inferred
South Ayrshire,2021-06-10,59.0,69.0,77.0,79.0,81.0,86.0,90.0,94.0,99.0,102.0,105.0,113.0,128.0,inferred
South Ayrshire,2021-06-11,67.5,78.0,85.0,88.0,90.0,95.0,100.0,105.0,109.0,112.0,115.0,123.1,138.0,inferred
South Ayrshire,2021-06-12,66.0,76.0,83.0,86.0,88.0,93.0,97.0,102.0,107.0,110.0,113.0,121.0,134.0,inferred
South Ayrshire,2021-06-13,57.0,66.0,74.0,77.0,80.0,84.0,88.0,92.0,97.0,99.0,102.0,111.0,123.5,inferred
South Ayrshire,2021-06-14,49.0,58.0,64.0,67.0,69.0,73.0,76.5,81.0,84.3,87.0,90.0,98.0,112.0,inferred
South Ayrshire,2021-06-15,56.0,65.0,71.0,74.0,76.0,81.0,85.0,89.0,94.3,98.0,102.0,110.0,123.0,inferred
South Ayrshire,2021-06-16,79.0,90.0,99.0,103.0,106.0,110.6,116.0,121.0,126.0,129.0,132.0,142.0,158.5,inferred
South Ayrshire,2021-06-17,73.0,84.0,92.0,95.0,97.7,103.6,109.0,114.0,119.0,122.0,125.0,136.0,151.5,inferred
South Ayrshire,2021-06-18,76.0,88.0,96.0,99.0,102.0,108.0,114.0,119.0,125.0,129.0,133.0,144.1,160.0,inferred
South Cambridgeshire,2021-03-06,1.0,2.0,3.0,3.0,4.0,4.6,5.0,6.0,7.0,7.0,8.0,9.1,12.0,inferred
South Cambridgeshire,2021-03-07,2.0,3.0,4.0,5.0,5.0,6.0,7.0,7.0,8.0,9.0,9.0,11.0,14.0,inferred
South Cambridgeshire,2021-03-08,2.0,4.0,6.0,6.0,7.0,8.0,8.0,9.0,10.0,11.0,12.0,14.0,17.0,inferred
South Cambridgeshire,2021-03-09,3.0,4.0,5.0,6.0,6.0,7.0,8.0,9.0,10.0,11.0,12.0,13.1,17.0,inferred
South Cambridgeshire,2021-03-10,3.0,5.0,6.0,7.0,7.0,8.0,9.0,10.0,11.0,12.0,12.0,14.0,18.0,inferred
South Cambridgeshire,2021-03-11,2.0,4.0,5.0,6.0,6.0,7.0,8.0,9.0,10.0,10.0,11.0,13.0,16.0,inferred
South Cambridgeshire,2021-03-12,2.0,3.0,4.0,5.0,5.0,6.0,7.0,8.0,9.0,9.0,10.0,12.0,15.0,inferred
South Cambridgeshire,2021-03-13,1.0,2.0,3.0,4.0,4.0,5.0,5.0,6.0,7.0,7.0,8.0,10.0,13.0,inferred
South Cambridgeshire,2021-03-14,1.0,2.9,4.0,4.0,4.0,5.0,6.0,7.0,8.0,8.0,9.0,11.0,14.0,inferred
South Cambridgeshire,2021-03-15,2.0,3.0,5.0,5.0,5.0,6.0,7.0,8.0,9.0,10.0,11.0,12.0,15.5,inferred
South Cambridgeshire,2021-03-16,1.0,3.0,4.0,5.0,5.0,6.0,7.0,7.0,8.0,9.0,10.0,11.1,14.0,inferred
South Cambridgeshire,2021-03-17,2.0,3.0,4.0,5.0,5.0,6.0,7.0,8.0,9.0,10.0,10.0,12.0,16.0,inferred
South Cambridgeshire,2021-03-18,1.0,3.0,4.0,4.0,5.0,5.0,6.0,7.0,8.0,9.0,9.0,11.0,14.0,inferred
South Cambridgeshire,2021-03-19,1.0,2.0,3.0,4.0,4.0,5.0,6.0,6.0,7.0,8.0,8.0,10.0,13.0,inferred
South Cambridgeshire,2021-03-20,1.0,2.0,3.0,3.0,3.0,4.0,5.0,5.0,6.0,6.0,7.0,9.0,12.0,inferred
South Cambridgeshire,2021-03-21,1.0,2.0,3.0,4.0,4.0,5.0,5.0,6.0,7.0,7.0,8.0,10.0,13.0,inferred
South Cambridgeshire,2021-03-22,2.0,3.0,4.0,5.0,5.0,6.0,7.0,8.0,9.0,9.0,10.0,12.0,14.0,inferred
South Cambridgeshire,2021-03-23,1.0,3.0,4.0,4.0,5.0,6.0,6.0,7.0,8.0,9.0,10.0,11.0,14.0,inferred
South Cambridgeshire,2021-03-24,1.0,3.0,4.0,4.0,5.0,6.0,7.0,7.0,8.0,9.0,10.0,11.0,15.0,inferred
South Cambridgeshire,2021-03-25,1.0,2.0,3.0,4.0,4.0,5.0,6.0,7.0,8.0,8.0,9.0,10.0,13.5,inferred
South Cambridgeshire,2021-03-26,1.0,2.0,3.0,3.0,4.0,4.0,5.0,6.0,7.0,7.0,8.0,9.0,12.0,inferred
South Cambridgeshire,2021-03-27,0.0,1.0,2.0,2.0,3.0,3.0,4.0,5.0,5.0,6.0,6.0,8.0,10.0,inferred
South Cambridgeshire,2021-03-28,0.0,1.0,2.0,3.0,3.0,4.0,4.0,5.0,6.0,6.0,7.0,8.0,11.0,inferred
South Cambridgeshire,2021-03-29,1.0,2.0,3.0,3.0,4.0,4.0,5.0,6.0,7.0,7.0,8.0,9.0,11.0,inferred
South Cambridgeshire,2021-03-30,0.0,2.0,2.0,3.0,3.0,4.0,4.0,5.0,6.0,6.0,7.0,8.1,11.0,inferred
South Cambridgeshire,2021-03-31,1.0,2.0,3.0,3.0,3.0,4.0,5.0,5.0,6.0,7.0,8.0,9.0,12.0,inferred
South Cambridgeshire,2021-04-01,0.0,1.0,2.0,2.0,3.0,3.0,4.0,5.0,5.0,6.0,6.0,8.0,10.0,inferred
South Cambridgeshire,2021-04-02,0.0,1.0,2.0,2.0,2.0,3.0,3.0,4.0,5.0,5.0,6.0,7.0,10.0,inferred
South Cambridgeshire,2021-04-03,0.0,1.0,1.0,1.0,2.0,2.0,3.0,3.0,4.0,4.0,5.0,6.0,9.0,inferred
South Cambridgeshire,2021-04-04,0.0,1.0,1.0,2.0,2.0,3.0,3.0,4.0,4.0,5.0,5.0,6.0,9.0,inferred
South Cambridgeshire,2021-04-05,0.0,1.0,2.0,2.0,3.0,3.0,4.0,4.0,5.0,6.0,6.0,7.0,10.0,inferred
South Cambridgeshire,2021-04-06,0.0,1.0,2.0,2.0,2.0,3.0,4.0,4.0,5.0,5.0,6.0,7.0,10.0,inferred
South Cambridgeshire,2021-04-07,0.0,1.0,2.0,2.0,3.0,4.0,4.0,5.0,6.0,6.0,7.0,8.0,11.0,inferred
South Cambridgeshire,2021-04-08,0.0,1.0,2.0,2.0,2.0,3.0,4.0,4.0,5.0,5.0,6.0,7.0,10.0,inferred
South Cambridgeshire,2021-04-09,0.0,1.0,2.0,2.0,2.0,3.0,3.0,4.0,5.0,5.0,6.0,7.0,9.0,inferred
South Cambridgeshire,2021-04-10,0.0,1.0,1.0,1.0,2.0,2.0,3.0,3.0,4.0,4.0,5.0,6.0,8.0,inferred
South Cambridgeshire,2021-04-11,0.0,1.0,2.0,2.0,2.0,3.0,3.0,4.0,5.0,5.0,5.0,7.0,9.0,inferred
South Cambridgeshire,2021-04-12,0.0,1.0,2.0,2.0,3.0,3.0,4.0,5.0,6.0,6.0,7.0,8.0,11.0,inferred
South Cambridgeshire,2021-04-13,0.0,1.0,2.0,2.0,3.0,3.0,4.0,4.0,5.0,6.0,6.0,8.0,11.0,inferred
South Cambridgeshire,2021-04-14,1.0,1.0,2.0,3.0,3.0,4.0,4.0,5.0,6.0,6.0,7.0,8.0,11.0,inferred
South Cambridgeshire,2021-04-15,0.0,1.0,2.0,2.0,3.0,3.0,4.0,5.0,5.0,6.0,6.0,8.0,10.0,inferred
South Cambridgeshire,2021-04-16,0.0,1.0,2.0,2.0,2.0,3.0,3.0,4.0,5.0,5.0,6.0,7.0,9.0,inferred
South Cambridgeshire,2021-04-17,0.0,1.0,1.0,2.0,2.0,2.0,3.0,3.0,4.0,5.0,5.0,6.0,9.0,inferred
South Cambridgeshire,2021-04-18,0.0,1.0,2.0,2.0,2.0,3.0,3.0,4.0,5.0,5.0,6.0,7.0,9.0,inferred
South Cambridgeshire,2021-04-19,0.0,1.0,2.0,3.0,3.0,4.0,4.0,5.0,6.0,6.0,7.0,9.0,11.0,inferred
South Cambridgeshire,2021-04-20,0.0,1.0,2.0,2.0,3.0,3.0,4.0,5.0,6.0,6.0,7.0,8.0,11.0,inferred
South Cambridgeshire,2021-04-21,0.0,2.0,2.0,3.0,3.0,4.0,4.0,5.0,6.0,6.0,7.0,8.0,12.0,inferred
South Cambridgeshire,2021-04-22,0.0,1.0,2.0,2.0,3.0,3.0,4.0,5.0,5.0,6.0,6.0,8.0,10.0,inferred
South Cambridgeshire,2021-04-23,0.0,1.0,1.0,2.0,2.0,3.0,3.0,4.0,5.0,5.0,5.0,7.0,10.0,inferred
South Cambridgeshire,2021-04-24,0.0,0.0,1.0,1.0,2.0,2.0,2.0,3.0,4.0,4.0,4.0,6.0,7.0,inferred
South Cambridgeshire,2021-04-25,0.0,1.0,1.0,2.0,2.0,2.0,3.0,4.0,4.0,5.0,5.0,7.0,9.0,inferred
South Cambridgeshire,2021-04-26,0.0,1.0,2.0,2.0,2.0,3.0,4.0,4.0,5.0,5.0,6.0,7.0,10.0,inferred
South Cambridgeshire,2021-04-27,0.0,1.0,2.0,2.0,2.0,3.0,3.0,4.0,4.0,5.0,5.0,7.0,9.0,inferred
South Cambridgeshire,2021-04-28,0.0,1.0,1.0,2.0,2.0,3.0,3.0,4.0,5.0,5.0,5.0,7.0,9.0,inferred
South Cambridgeshire,2021-04-29,0.0,1.0,1.0,1.0,2.0,2.0,3.0,3.0,4.0,4.0,5.0,6.0,8.0,inferred
South Cambridgeshire,2021-04-30,0.0,0.0,1.0,1.0,1.0,2.0,2.0,3.0,3.0,4.0,4.0,5.0,8.0,inferred
South Cambridgeshire,2021-05-01,0.0,0.0,0.0,1.0,1.0,1.0,2.0,2.0,3.0,3.0,3.0,5.0,7.0,inferred
South Cambridgeshire,2021-05-02,0.0,0.0,1.0,1.0,1.0,1.0,2.0,2.0,3.0,3.0,4.0,5.0,7.0,inferred
South Cambridgeshire,2021-05-03,0.0,0.0,1.0,1.0,1.0,2.0,2.0,3.0,4.0,4.0,4.0,5.0,8.0,inferred
South Cambridgeshire,2021-05-04,0.0,0.0,1.0,1.0,1.0,2.0,2.0,3.0,3.0,4.0,4.0,5.0,7.0,inferred
South Cambridgeshire,2021-05-05,0.0,0.0,1.0,1.0,1.0,2.0,2.0,3.0,3.0,4.0,4.0,5.0,8.0,inferred
South Cambridgeshire,2021-05-06,0.0,0.0,1.0,1.0,1.0,1.0,2.0,2.0,3.0,3.0,4.0,5.0,7.0,inferred
South Cambridgeshire,2021-05-07,0.0,0.0,0.0,1.0,1.0,1.0,2.0,2.0,3.0,3.0,3.0,4.0,7.0,inferred
South Cambridgeshire,2021-05-08,0.0,0.0,0.0,0.0,1.0,1.0,1.0,2.0,2.0,2.0,3.0,4.0,5.0,inferred
South Cambridgeshire,2021-05-09,0.0,0.0,0.0,1.0,1.0,1.0,2.0,2.0,2.0,3.0,3.0,4.0,7.0,inferred
South Cambridgeshire,2021-05-10,0.0,0.0,1.0,1.0,1.0,1.0,2.0,2.0,3.0,3.0,4.0,5.0,7.0,inferred
South Cambridgeshire,2021-05-11,0.0,0.0,0.0,1.0,1.0,1.0,2.0,2.0,3.0,3.0,3.0,5.0,7.0,inferred
South Cambridgeshire,2021-05-12,0.0,0.0,1.0,1.0,1.0,1.0,2.0,2.0,3.0,3.0,4.0,5.0,6.5,inferred
South Cambridgeshire,2021-05-13,0.0,0.0,0.0,1.0,1.0,1.0,2.0,2.0,3.0,3.0,3.0,4.0,6.0,inferred
South Cambridgeshire,2021-05-14,0.0,0.0,0.0,0.0,1.0,1.0,1.0,2.0,2.0,3.0,3.0,4.0,6.0,inferred
South Cambridgeshire,2021-05-15,0.0,0.0,0.0,0.0,0.0,1.0,1.0,1.0,2.0,2.0,2.0,3.0,5.0,inferred
South Cambridgeshire,2021-05-16,0.0,0.0,0.0,0.0,0.0,1.0,1.0,1.0,2.0,2.0,2.0,3.0,5.0,inferred
South Cambridgeshire,2021-05-17,0.0,0.0,0.0,0.0,1.0,1.0,1.0,2.0,2.0,2.0,3.0,4.0,6.0,inferred
South Cambridgeshire,2021-05-18,0.0,0.0,0.0,0.0,1.0,1.0,1.0,2.0,2.0,2.0,3.0,4.0,6.0,inferred
South Cambridgeshire,2021-05-19,0.0,0.0,0.0,1.0,1.0,1.0,1.0,2.0,2.0,3.0,3.0,4.0,6.0,inferred
South Cambridgeshire,2021-05-20,0.0,0.0,0.0,0.0,0.0,1.0,1.0,2.0,2.0,2.0,3.0,4.0,5.0,inferred
South Cambridgeshire,2021-05-21,0.0,0.0,0.0,0.0,0.0,1.0,1.0,1.0,2.0,2.0,3.0,4.0,5.0,inferred
South Cambridgeshire,2021-05-22,0.0,0.0,0.0,0.0,0.0,1.0,1.0,1.0,2.0,2.0,2.0,3.0,5.0,inferred
South Cambridgeshire,2021-05-23,0.0,0.0,0.0,0.0,0.0,1.0,1.0,2.0,2.0,2.0,3.0,4.0,6.0,inferred
South Cambridgeshire,2021-05-24,0.0,0.0,0.0,1.0,1.0,1.0,2.0,2.0,3.0,3.0,3.0,4.1,6.0,inferred
South Cambridgeshire,2021-05-25,0.0,0.0,0.0,1.0,1.0,1.0,2.0,2.0,3.0,3.0,3.0,4.0,7.0,inferred
South Cambridgeshire,2021-05-26,0.0,0.0,1.0,1.0,1.0,1.0,2.0,2.0,3.0,3.0,4.0,5.0,7.0,inferred
South Cambridgeshire,2021-05-27,0.0,0.0,1.0,1.0,1.0,1.0,2.0,2.0,3.0,3.0,4.0,5.0,7.0,inferred
South Cambridgeshire,2021-05-28,0.0,0.0,0.0,1.0,1.0,1.0,2.0,2.0,3.0,3.0,3.0,5.0,6.0,inferred
South Cambridgeshire,2021-05-29,0.0,0.0,0.0,1.0,1.0,1.0,1.0,2.0,2.0,3.0,3.0,4.0,6.0,inferred
South Cambridgeshire,2021-05-30,0.0,0.0,1.0,1.0,1.0,1.0,2.0,2.0,3.0,3.0,4.0,5.0,7.0,inferred
South Cambridgeshire,2021-05-31,0.0,0.0,1.0,1.0,1.0,2.0,2.0,3.0,4.0,4.0,4.0,6.0,8.0,inferred
South Cambridgeshire,2021-06-01,0.0,1.0,1.0,1.0,2.0,2.0,3.0,3.0,4.0,4.0,5.0,6.0,8.0,inferred
South Cambridgeshire,2021-06-02,0.0,1.0,1.0,2.0,2.0,3.0,3.0,4.0,5.0,5.0,6.0,7.0,9.0,inferred
South Cambridgeshire,2021-06-03,0.0,1.0,2.0,2.0,2.0,3.0,3.0,4.0,5.0,5.0,6.0,7.0,10.0,inferred
South Cambridgeshire,2021-06-04,0.0,1.0,2.0,2.0,2.0,3.0,4.0,4.0,5.0,5.0,6.0,7.0,10.0,inferred
South Cambridgeshire,2021-06-05,0.0,1.0,2.0,2.0,2.0,3.0,3.0,4.0,4.0,5.0,5.0,7.0,9.0,inferred
South Cambridgeshire,2021-06-06,0.0,1.0,2.0,3.0,3.0,3.0,4.0,5.0,6.0,6.0,7.0,8.0,11.0,inferred
South Cambridgeshire,2021-06-07,1.0,2.0,3.0,4.0,4.0,5.0,6.0,6.4,7.0,8.0,9.0,11.0,14.0,inferred
South Cambridgeshire,2021-06-08,1.0,3.0,4.0,4.0,4.0,5.0,6.0,7.0,8.0,8.0,9.0,11.0,14.0,inferred
South Cambridgeshire,2021-06-09,2.0,3.0,4.0,5.0,5.0,6.0,7.0,8.0,9.0,9.0,10.0,12.0,15.0,inferred
South Cambridgeshire,2021-06-10,2.0,3.0,5.0,5.0,6.0,6.0,7.0,8.0,9.0,10.0,10.0,12.0,16.0,inferred
South Cambridgeshire,2021-06-11,2.0,3.0,4.0,5.0,5.0,6.0,7.0,8.0,9.0,9.0,10.0,12.0,15.0,inferred
South Cambridgeshire,2021-06-12,1.0,2.0,3.0,4.0,4.0,5.0,6.0,7.0,8.0,8.0,9.0,11.0,13.0,inferred
South Cambridgeshire,2021-06-13,2.0,4.0,5.0,5.0,6.0,7.0,7.5,8.0,9.3,10.0,11.0,13.0,16.0,inferred
South Cambridgeshire,2021-06-14,3.0,5.0,7.0,7.0,8.0,9.0,10.0,11.0,12.0,13.0,14.0,16.0,20.0,inferred
South Cambridgeshire,2021-06-15,4.0,6.0,7.0,8.0,8.0,9.0,10.0,11.0,13.0,13.0,14.0,16.0,20.0,inferred
South Cambridgeshire,2021-06-16,4.0,6.0,8.0,9.0,9.0,10.0,12.0,13.0,14.0,15.0,16.0,18.0,22.0,inferred
South Cambridgeshire,2021-06-17,4.0,6.0,8.0,9.0,9.0,11.0,12.0,13.0,14.0,15.0,16.0,18.0,21.0,inferred
South Cambridgeshire,2021-06-18,4.0,6.0,8.0,9.0,9.0,10.0,11.0,12.0,14.0,14.2,15.0,18.0,22.0,inferred
South Derbyshire,2021-03-06,4.0,6.0,8.0,9.0,9.0,11.0,12.0,13.0,14.0,15.0,16.0,19.0,23.0,inferred
South Derbyshire,2021-03-07,5.0,8.0,9.0,10.0,11.0,12.0,13.0,15.0,16.0,17.0,18.0,21.0,25.0,inferred
South Derbyshire,2021-03-08,7.0,10.0,12.0,13.0,14.0,15.0,16.0,18.0,19.0,20.0,21.0,25.0,30.0,inferred
South Derbyshire,2021-03-09,6.0,8.0,11.0,11.0,12.0,14.0,15.0,17.0,18.0,19.0,20.0,23.0,27.0,inferred
South Derbyshire,2021-03-10,6.0,9.0,11.0,11.0,12.0,13.6,15.0,16.0,18.0,19.0,20.0,23.0,27.0,inferred
South Derbyshire,2021-03-11,5.0,8.0,9.0,10.0,11.0,12.0,13.0,14.0,16.0,17.0,18.0,21.0,26.0,inferred
South Derbyshire,2021-03-12,4.0,6.0,8.0,8.0,9.0,10.0,12.0,13.0,14.0,15.0,16.0,18.0,23.0,inferred
South Derbyshire,2021-03-13,2.0,4.0,6.0,6.0,7.0,8.0,9.0,10.0,11.0,12.0,12.0,15.0,19.5,inferred
South Derbyshire,2021-03-14,3.0,5.0,7.0,7.0,8.0,9.0,10.0,11.0,13.0,14.0,14.0,17.0,22.0,inferred
South Derbyshire,2021-03-15,5.0,7.0,9.0,9.0,10.0,11.0,13.0,14.0,16.0,16.0,18.0,20.0,26.0,inferred
South Derbyshire,2021-03-16,4.5,7.0,8.0,9.0,10.0,11.0,12.0,14.0,15.0,16.0,17.0,20.0,24.0,inferred
South Derbyshire,2021-03-17,4.5,7.0,9.0,9.0,10.0,11.0,12.0,14.0,15.0,16.0,17.0,20.0,25.0,inferred
South Derbyshire,2021-03-18,4.0,6.0,8.0,9.0,9.0,10.0,11.0,13.0,14.0,15.0,16.0,19.0,23.0,inferred
South Derbyshire,2021-03-19,3.0,5.0,7.0,7.0,8.0,9.0,10.0,11.0,13.0,13.0,14.0,17.0,21.0,inferred
South Derbyshire,2021-03-20,2.0,4.0,5.0,6.0,6.0,7.0,8.0,9.0,10.0,11.0,12.0,14.0,18.0,inferred
South Derbyshire,2021-03-21,3.0,5.0,6.0,7.0,7.0,8.0,9.0,11.0,12.0,13.0,14.0,16.0,20.0,inferred
South Derbyshire,2021-03-22,4.5,7.0,8.0,9.0,10.0,11.0,12.0,13.0,15.0,15.0,16.0,19.0,22.0,inferred
South Derbyshire,2021-03-23,3.5,6.0,7.0,8.0,9.0,10.0,11.0,12.0,14.0,14.0,15.0,18.0,23.0,inferred
South Derbyshire,2021-03-24,4.0,6.0,8.0,8.0,9.0,10.0,11.0,13.0,14.0,15.0,16.0,18.0,23.0,inferred
South Derbyshire,2021-03-25,3.0,4.0,6.0,7.0,7.0,8.0,9.0,10.0,12.0,12.0,13.0,16.0,20.0,inferred
South Derbyshire,2021-03-26,2.0,3.0,5.0,5.0,6.0,7.0,8.0,9.0,10.0,10.0,11.0,14.0,18.0,inferred
South Derbyshire,2021-03-27,1.0,2.0,3.0,4.0,4.0,5.0,6.0,7.0,8.0,8.2,9.0,11.0,15.0,inferred
South Derbyshire,2021-03-28,1.0,2.9,4.0,4.0,5.0,6.0,6.0,7.0,8.0,9.0,9.2,11.0,15.5,inferred
South Derbyshire,2021-03-29,2.0,3.0,5.0,5.0,6.0,7.0,8.0,9.0,10.0,10.0,11.0,14.0,18.0,inferred
South Derbyshire,2021-03-30,2.0,3.0,4.0,5.0,5.0,6.0,7.0,8.0,9.0,10.0,11.0,13.0,17.0,inferred
South Derbyshire,2021-03-31,1.0,3.0,4.0,5.0,5.0,6.0,7.0,8.0,9.0,10.0,10.0,12.0,16.0,inferred
South Derbyshire,2021-04-01,1.0,2.0,3.0,4.0,4.0,5.0,6.0,7.0,7.3,8.0,9.0,11.0,14.0,inferred
South Derbyshire,2021-04-02,0.0,1.0,2.0,3.0,3.0,4.0,5.0,5.0,6.0,7.0,8.0,9.0,13.0,inferred
South Derbyshire,2021-04-03,0.0,1.0,1.0,2.0,2.0,3.0,3.0,4.0,5.0,5.0,6.0,8.0,10.0,inferred
South Derbyshire,2021-04-04,0.0,1.0,1.0,2.0,2.0,3.0,4.0,4.0,5.0,6.0,6.0,8.0,11.0,inferred
South Derbyshire,2021-04-05,0.0,1.0,2.0,2.0,3.0,3.0,4.0,5.0,6.0,6.0,7.0,9.0,12.0,inferred
South Derbyshire,2021-04-06,0.0,1.0,2.0,2.0,2.0,3.0,3.0,4.0,5.0,6.0,6.0,8.0,11.0,inferred
South Derbyshire,2021-04-07,0.0,1.0,2.0,2.0,2.0,3.0,3.0,4.0,5.0,6.0,6.0,8.0,11.0,inferred
South Derbyshire,2021-04-08,0.0,0.0,1.0,1.0,2.0,2.0,3.0,4.0,4.0,5.0,5.0,7.0,10.0,inferred
South Derbyshire,2021-04-09,0.0,0.0,1.0,1.0,1.0,2.0,2.0,3.0,4.0,4.0,5.0,6.0,9.0,inferred
South Derbyshire,2021-04-10,0.0,0.0,0.0,1.0,1.0,1.0,2.0,2.0,3.0,3.0,4.0,5.0,8.0,inferred
South Derbyshire,2021-04-11,0.0,0.0,1.0,1.0,1.0,1.0,2.0,2.0,3.0,3.0,4.0,5.0,8.0,inferred
South Derbyshire,2021-04-12,0.0,0.0,1.0,1.0,1.0,2.0,2.0,3.0,4.0,4.0,5.0,6.0,8.5,inferred
South Derbyshire,2021-04-13,0.0,0.0,1.0,1.0,1.0,2.0,2.0,3.0,4.0,4.0,4.0,6.0,9.0,inferred
South Derbyshire,2021-04-14,0.0,0.0,1.0,1.0,1.0,2.0,2.0,3.0,4.0,4.0,5.0,6.0,9.0,inferred
South Derbyshire,2021-04-15,0.0,0.0,1.0,1.0,1.0,2.0,2.0,3.0,3.0,4.0,4.0,6.0,8.0,inferred
South Derbyshire,2021-04-16,0.0,0.0,0.0,1.0,1.0,1.0,2.0,2.0,3.0,3.0,4.0,5.0,7.0,inferred
South Derbyshire,2021-04-17,0.0,0.0,0.0,0.0,1.0,1.0,1.0,2.0,2.0,2.0,3.0,4.0,7.0,inferred
South Derbyshire,2021-04-18,0.0,0.0,0.0,0.0,1.0,1.0,2.0,2.0,3.0,3.0,3.0,5.0,7.0,inferred
South Derbyshire,2021-04-19,0.0,0.0,1.0,1.0,1.0,1.0,2.0,2.0,3.0,3.0,4.0,6.0,8.0,inferred
South Derbyshire,2021-04-20,0.0,0.0,1.0,1.0,1.0,1.0,2.0,3.0,3.0,4.0,4.0,5.0,8.0,inferred
South Derbyshire,2021-04-21,0.0,0.0,1.0,1.0,1.0,2.0,2.0,3.0,3.0,4.0,4.0,5.0,8.0,inferred
South Derbyshire,2021-04-22,0.0,0.0,0.0,1.0,1.0,1.0,2.0,2.0,3.0,3.0,4.0,5.0,8.0,inferred
South Derbyshire,2021-04-23,0.0,0.0,0.0,1.0,1.0,1.0,2.0,2.0,3.0,3.0,4.0,5.0,7.0,inferred
South Derbyshire,2021-04-24,0.0,0.0,0.0,0.0,0.0,1.0,1.0,2.0,2.0,2.0,3.0,4.0,6.0,inferred
South Derbyshire,2021-04-25,0.0,0.0,0.0,1.0,1.0,1.0,2.0,2.0,3.0,3.0,3.0,4.0,7.0,inferred
South Derbyshire,2021-04-26,0.0,0.0,1.0,1.0,1.0,1.0,2.0,3.0,3.0,4.0,4.0,6.0,8.5,inferred
South Derbyshire,2021-04-27,0.0,0.0,0.0,1.0,1.0,1.0,2.0,2.0,3.0,3.0,4.0,5.0,7.0,inferred
South Derbyshire,2021-04-28,0.0,0.0,1.0,1.0,1.0,1.0,2.0,3.0,3.0,4.0,4.0,5.1,8.0,inferred
South Derbyshire,2021-04-29,0.0,0.0,0.0,1.0,1.0,1.0,2.0,2.0,3.0,3.0,4.0,5.0,8.0,inferred
South Derbyshire,2021-04-30,0.0,0.0,0.0,1.0,1.0,1.0,2.0,2.0,3.0,3.0,3.0,5.0,7.0,inferred
South Derbyshire,2021-05-01,0.0,0.0,0.0,0.0,0.0,1.0,1.0,2.0,2.0,2.0,3.0,4.0,6.0,inferred
South Derbyshire,2021-05-02,0.0,0.0,0.0,0.0,1.0,1.0,1.0,2.0,2.0,3.0,3.0,5.0,7.0,inferred
South Derbyshire,2021-05-03,0.0,0.0,1.0,1.0,1.0,2.0,2.0,3.0,3.0,4.0,4.0,5.0,8.0,inferred
South Derbyshire,2021-05-04,0.0,0.0,1.0,1.0,1.0,2.0,2.0,3.0,3.0,4.0,4.0,5.0,8.0,inferred
South Derbyshire,2021-05-05,0.0,0.0,1.0,1.0,1.0,1.0,2.0,3.0,3.0,4.0,4.0,5.0,8.0,inferred
South Derbyshire,2021-05-06,0.0,0.0,0.0,1.0,1.0,1.0,2.0,2.0,3.0,3.0,4.0,5.0,8.0,inferred
South Derbyshire,2021-05-07,0.0,0.0,0.0,0.8,1.0,1.0,2.0,2.0,3.0,3.0,4.0,5.0,8.0,inferred
South Derbyshire,2021-05-08,0.0,0.0,0.0,0.0,0.0,1.0,1.0,2.0,2.0,2.0,3.0,4.0,6.0,inferred
South Derbyshire,2021-05-09,0.0,0.0,0.0,0.0,1.0,1.0,1.0,2.0,2.0,3.0,3.0,4.0,7.0,inferred
South Derbyshire,2021-05-10,0.0,0.0,0.0,1.0,1.0,1.0,2.0,2.0,3.0,3.0,4.0,5.0,7.0,inferred
South Derbyshire,2021-05-11,0.0,0.0,0.0,1.0,1.0,1.0,2.0,2.0,3.0,3.0,4.0,5.0,7.0,inferred
South Derbyshire,2021-05-12,0.0,0.0,0.0,1.0,1.0,1.0,2.0,2.0,3.0,3.0,3.0,5.0,7.0,inferred
South Derbyshire,2021-05-13,0.0,0.0,0.0,0.0,1.0,1.0,1.0,2.0,2.0,3.0,3.0,4.0,7.0,inferred
South Derbyshire,2021-05-14,0.0,0.0,0.0,0.0,0.0,1.0,1.0,1.0,2.0,2.0,3.0,4.0,6.0,inferred
South Derbyshire,2021-05-15,0.0,0.0,0.0,0.0,0.0,0.0,1.0,1.0,1.0,2.0,2.0,3.0,5.0,inferred
South Derbyshire,2021-05-16,0.0,0.0,0.0,0.0,0.0,0.6,1.0,1.0,2.0,2.0,2.0,3.0,6.0,inferred
South Derbyshire,2021-05-17,0.0,0.0,0.0,0.0,0.0,1.0,1.0,2.0,2.0,2.0,3.0,4.0,6.0,inferred
South Derbyshire,2021-05-18,0.0,0.0,0.0,0.0,0.0,1.0,1.0,1.0,2.0,2.0,3.0,4.0,6.0,inferred
South Derbyshire,2021-05-19,0.0,0.0,0.0,0.0,0.0,1.0,1.0,1.0,2.0,2.0,3.0,4.0,6.0,inferred
South Derbyshire,2021-05-20,0.0,0.0,0.0,0.0,0.0,0.0,1.0,1.0,2.0,2.0,2.0,3.1,6.0,inferred
South Derbyshire,2021-05-21,0.0,0.0,0.0,0.0,0.0,0.0,1.0,1.0,1.0,2.0,2.0,3.0,5.0,inferred
South Derbyshire,2021-05-22,0.0,0.0,0.0,0.0,0.0,0.0,0.0,1.0,1.0,1.0,2.0,3.0,5.0,inferred
South Derbyshire,2021-05-23,0.0,0.0,0.0,0.0,0.0,0.0,1.0,1.0,1.0,2.0,2.0,3.0,5.0,inferred
South Derbyshire,2021-05-24,0.0,0.0,0.0,0.0,0.0,1.0,1.0,1.0,2.0,2.0,3.0,4.0,6.0,inferred
South Derbyshire,2021-05-25,0.0,0.0,0.0,0.0,0.0,1.0,1.0,1.0,2.0,2.0,2.2,3.0,6.0,inferred
South Derbyshire,2021-05-26,0.0,0.0,0.0,0.0,0.0,1.0,1.0,1.0,2.0,2.0,3.0,4.0,6.0,inferred
South Derbyshire,2021-05-27,0.0,0.0,0.0,0.0,0.0,1.0,1.0,1.0,2.0,2.0,3.0,4.0,6.0,inferred
South Derbyshire,2021-05-28,0.0,0.0,0.0,0.0,0.0,1.0,1.0,1.0,2.0,2.0,3.0,4.0,6.0,inferred
South Derbyshire,2021-05-29,0.0,0.0,0.0,0.0,0.0,0.0,1.0,1.0,2.0,2.0,2.0,3.0,5.0,inferred
South Derbyshire,2021-05-30,0.0,0.0,0.0,0.0,0.0,1.0,1.0,2.0,2.0,2.0,3.0,4.0,6.0,inferred
South Derbyshire,2021-05-31,0.0,0.0,0.0,1.0,1.0,1.0,2.0,2.0,3.0,3.0,4.0,5.0,7.5,inferred
South Derbyshire,2021-06-01,0.0,0.0,0.0,1.0,1.0,1.0,2.0,2.0,3.0,3.0,4.0,5.0,8.0,inferred
South Derbyshire,2021-06-02,0.0,0.0,1.0,1.0,1.0,2.0,2.0,3.0,4.0,4.0,4.0,6.0,9.0,inferred
South Derbyshire,2021-06-03,0.0,0.0,1.0,1.0,1.0,2.0,2.0,3.0,4.0,4.0,4.0,6.0,8.0,inferred
South Derbyshire,2021-06-04,0.0,0.0,1.0,1.0,1.0,2.0,2.0,3.0,3.0,4.0,4.0,6.0,8.0,inferred
South Derbyshire,2021-06-05,0.0,0.0,0.0,1.0,1.0,1.0,2.0,2.0,3.0,3.0,4.0,5.0,7.0,inferred
South Derbyshire,2021-06-06,0.0,0.0,1.0,1.0,1.0,2.0,2.0,3.0,4.0,4.0,5.0,6.0,9.0,inferred
South Derbyshire,2021-06-07,0.0,1.0,2.0,2.0,2.0,3.0,3.0,4.0,5.0,6.0,6.0,8.0,11.0,inferred
South Derbyshire,2021-06-08,0.0,1.0,2.0,2.0,2.0,3.0,4.0,4.0,5.0,6.0,6.0,8.0,11.0,inferred
South Derbyshire,2021-06-09,0.0,1.0,2.0,2.0,3.0,3.0,4.0,5.0,6.0,6.0,7.0,9.0,12.0,inferred
South Derbyshire,2021-06-10,0.0,1.0,2.0,2.0,2.0,3.0,4.0,4.0,5.0,6.0,6.0,8.0,11.0,inferred
South Derbyshire,2021-06-11,0.0,1.0,2.0,2.0,2.0,3.0,3.0,4.0,5.0,6.0,6.0,8.0,11.0,inferred
South Derbyshire,2021-06-12,0.0,0.0,1.0,1.0,2.0,2.0,3.0,3.0,4.0,4.0,5.0,6.0,10.0,inferred
South Derbyshire,2021-06-13,0.0,1.0,1.0,2.0,2.0,3.0,3.0,4.0,5.0,5.0,6.0,7.0,10.0,inferred
South Derbyshire,2021-06-14,0.0,1.0,2.0,3.0,3.0,4.0,4.0,5.0,6.0,7.0,7.0,9.0,12.0,inferred
South Derbyshire,2021-06-15,0.0,1.0,2.0,3.0,3.0,4.0,4.0,5.0,6.0,7.0,7.0,9.0,12.5,inferred
South Derbyshire,2021-06-16,1.0,2.0,3.0,3.0,4.0,4.0,5.0,6.0,7.0,8.0,8.0,10.0,13.0,inferred
South Derbyshire,2021-06-17,0.0,1.0,3.0,3.0,3.0,4.0,5.0,6.0,7.0,8.0,8.0,10.0,14.0,inferred
South Derbyshire,2021-06-18,0.0,1.0,2.0,3.0,3.0,4.0,5.0,6.0,7.0,7.0,8.0,10.0,13.5,inferred
South Gloucestershire,2021-03-06,5.0,7.0,8.0,8.0,9.0,10.0,11.0,12.0,13.0,14.0,14.0,16.0,19.0,inferred
South Gloucestershire,2021-03-07,8.0,10.0,12.0,13.0,13.0,15.0,16.0,17.0,18.0,19.0,20.0,22.0,26.0,inferred
South Gloucestershire,2021-03-08,12.0,15.0,17.0,18.0,18.0,20.0,21.0,22.0,24.0,24.0,25.0,27.0,31.0,inferred
South Gloucestershire,2021-03-09,10.0,13.0,14.0,15.0,16.0,17.0,18.0,19.0,20.0,21.0,22.0,24.0,28.0,inferred
South Gloucestershire,2021-03-10,12.0,14.0,17.0,17.0,18.0,19.0,21.0,22.0,23.0,24.0,25.0,28.0,31.0,inferred
South Gloucestershire,2021-03-11,10.0,13.0,15.0,16.0,16.0,18.0,19.0,20.0,22.0,22.0,23.0,26.0,29.0,inferred
South Gloucestershire,2021-03-12,8.0,10.0,12.0,13.0,13.0,15.0,16.0,17.0,18.0,19.0,19.0,22.0,25.5,inferred
South Gloucestershire,2021-03-13,5.0,7.0,8.0,9.0,10.0,11.0,12.0,13.0,14.0,14.0,15.0,17.0,20.0,inferred
South Gloucestershire,2021-03-14,8.0,10.0,12.0,12.0,13.0,14.0,15.0,16.0,18.0,18.0,19.0,22.0,25.0,inferred
South Gloucestershire,2021-03-15,10.0,13.0,15.0,16.0,16.0,18.0,19.0,20.0,21.0,22.0,23.0,25.0,29.0,inferred
South Gloucestershire,2021-03-16,8.0,10.0,12.0,13.0,14.0,15.0,16.0,17.0,18.0,19.0,20.0,22.0,26.0,inferred
South Gloucestershire,2021-03-17,10.0,13.0,15.0,15.0,16.0,17.0,19.0,20.0,21.0,22.0,23.0,26.0,29.0,inferred
South Gloucestershire,2021-03-18,9.0,12.0,13.0,14.0,15.0,16.0,17.0,18.0,20.0,20.0,21.0,24.0,27.0,inferred
South Gloucestershire,2021-03-19,7.0,10.0,11.0,12.0,12.0,13.6,14.0,16.0,17.0,17.0,18.0,20.0,23.0,inferred
South Gloucestershire,2021-03-20,4.5,7.0,8.0,9.0,9.0,10.0,11.0,12.0,13.0,14.0,14.0,16.0,19.0,inferred
South Gloucestershire,2021-03-21,8.0,10.0,11.0,12.0,13.0,14.0,15.0,16.0,17.0,18.0,19.0,21.0,24.0,inferred
South Gloucestershire,2021-03-22,10.0,13.0,14.0,15.0,16.0,17.0,18.0,20.0,21.0,22.0,23.0,25.0,29.5,inferred
South Gloucestershire,2021-03-23,8.0,10.0,12.0,12.0,13.0,14.0,15.0,17.0,18.0,18.2,19.0,22.0,25.0,inferred
South Gloucestershire,2021-03-24,9.0,11.0,13.0,14.0,15.0,16.0,17.0,18.0,20.0,20.0,21.0,24.0,28.0,inferred
South Gloucestershire,2021-03-25,7.0,9.0,11.0,12.0,12.0,13.0,15.0,16.0,17.0,18.0,19.0,21.0,24.0,inferred
South Gloucestershire,2021-03-26,5.0,7.0,9.0,9.0,10.0,11.0,12.0,13.0,14.0,14.0,15.0,17.0,19.0,inferred
South Gloucestershire,2021-03-27,3.0,5.0,6.0,6.0,7.0,8.0,8.0,9.0,10.0,11.0,11.0,13.0,16.0,inferred
South Gloucestershire,2021-03-28,5.0,6.0,8.0,8.0,9.0,10.0,11.0,12.0,13.0,13.0,14.0,16.0,19.0,inferred
South Gloucestershire,2021-03-29,6.0,8.0,9.0,10.0,10.0,11.0,12.0,13.0,15.0,15.0,16.0,18.0,21.5,inferred
South Gloucestershire,2021-03-30,4.0,6.0,7.0,8.0,8.0,9.0,10.0,11.0,12.0,13.0,13.0,15.0,19.0,inferred
South Gloucestershire,2021-03-31,5.0,7.0,8.0,9.0,9.0,10.0,11.0,12.0,13.0,14.0,15.0,17.0,20.0,inferred
South Gloucestershire,2021-04-01,4.0,6.0,7.0,8.0,8.0,9.0,10.0,11.0,12.0,12.0,13.0,15.0,18.0,inferred
South Gloucestershire,2021-04-02,3.0,4.0,6.0,6.0,6.0,7.0,8.0,9.0,10.0,10.0,11.0,12.0,15.0,inferred
South Gloucestershire,2021-04-03,1.0,3.0,4.0,4.0,4.0,5.0,6.0,7.0,7.0,8.0,8.0,10.0,12.0,inferred
South Gloucestershire,2021-04-04,3.0,4.0,5.0,6.0,6.0,7.0,8.0,8.0,9.0,10.0,10.0,12.0,14.0,inferred
South Gloucestershire,2021-04-05,3.0,5.0,6.0,7.0,7.0,8.0,9.0,10.0,11.0,12.0,12.0,14.0,17.0,inferred
South Gloucestershire,2021-04-06,2.0,4.0,5.0,6.0,6.0,7.0,8.0,8.0,9.0,10.0,11.0,12.0,15.0,inferred
South Gloucestershire,2021-04-07,3.0,5.0,6.0,7.0,7.0,8.0,9.0,10.0,11.0,11.0,12.0,14.0,17.0,inferred
South Gloucestershire,2021-04-08,3.0,4.9,6.0,6.0,6.0,7.0,8.0,9.0,10.0,10.0,11.0,12.0,15.0,inferred
South Gloucestershire,2021-04-09,2.0,3.0,4.0,5.0,5.0,6.0,7.0,7.0,8.0,9.0,9.0,11.0,13.0,inferred
South Gloucestershire,2021-04-10,1.0,2.0,3.0,3.0,4.0,4.0,5.0,6.0,6.0,7.0,7.0,8.0,11.0,inferred
South Gloucestershire,2021-04-11,2.0,3.0,4.0,5.0,5.0,6.0,6.0,7.0,8.0,8.0,9.0,11.0,13.0,inferred
South Gloucestershire,2021-04-12,3.0,4.0,5.0,6.0,6.0,7.0,8.0,9.0,10.0,10.0,11.0,12.0,15.0,inferred
South Gloucestershire,2021-04-13,2.0,3.0,4.0,5.0,5.0,6.0,6.0,7.0,8.0,9.0,9.0,11.0,13.0,inferred
South Gloucestershire,2021-04-14,2.0,4.0,5.0,5.8,6.0,7.0,8.0,9.0,9.0,10.0,10.0,12.0,15.0,inferred
South Gloucestershire,2021-04-15,2.0,4.0,5.0,5.0,6.0,6.0,7.0,8.0,9.0,9.0,10.0,11.0,14.0,inferred
South Gloucestershire,2021-04-16,1.0,3.0,4.0,4.0,5.0,5.0,6.0,7.0,7.3,8.0,8.0,10.0,12.0,inferred
South Gloucestershire,2021-04-17,1.0,2.0,2.0,3.0,3.0,4.0,4.0,5.0,6.0,6.0,7.0,8.0,10.0,inferred
South Gloucestershire,2021-04-18,2.0,3.0,4.0,4.0,5.0,5.0,6.0,7.0,8.0,8.0,9.0,10.0,12.0,inferred
South Gloucestershire,2021-04-19,2.0,4.0,5.0,5.0,6.0,7.0,7.0,8.0,9.0,10.0,10.0,12.0,15.0,inferred
South Gloucestershire,2021-04-20,2.0,3.0,4.0,5.0,5.0,6.0,7.0,7.0,8.0,9.0,9.0,11.0,13.0,inferred
South Gloucestershire,2021-04-21,2.0,4.0,5.0,5.0,6.0,7.0,7.0,8.0,9.0,10.0,10.0,12.0,14.0,inferred
South Gloucestershire,2021-04-22,2.0,3.0,4.0,5.0,5.0,6.0,7.0,7.0,8.0,9.0,9.0,11.0,13.0,inferred
South Gloucestershire,2021-04-23,1.0,2.0,3.0,4.0,4.0,5.0,5.0,6.0,7.0,7.0,8.0,9.0,11.5,inferred
South Gloucestershire,2021-04-24,1.0,1.0,2.0,2.0,3.0,3.0,4.0,4.0,5.0,5.0,6.0,7.0,9.0,inferred
South Gloucestershire,2021-04-25,1.0,2.0,3.0,3.0,4.0,4.0,5.0,5.0,6.0,7.0,7.0,8.0,11.0,inferred
South Gloucestershire,2021-04-26,1.0,3.0,4.0,4.0,4.0,5.0,6.0,7.0,7.0,8.0,9.0,10.0,13.0,inferred
South Gloucestershire,2021-04-27,1.0,2.0,3.0,3.0,4.0,4.0,5.0,6.0,6.0,7.0,7.0,9.0,11.0,inferred
South Gloucestershire,2021-04-28,1.0,2.9,3.0,4.0,4.0,5.0,6.0,6.0,7.0,7.0,8.0,9.0,12.0,inferred
South Gloucestershire,2021-04-29,1.0,2.0,3.0,3.0,4.0,4.0,5.0,6.0,6.0,7.0,7.0,8.0,10.5,inferred
South Gloucestershire,2021-04-30,0.0,1.0,2.0,3.0,3.0,4.0,4.0,5.0,5.0,6.0,6.0,8.0,9.0,inferred
South Gloucestershire,2021-05-01,0.0,1.0,2.0,2.0,2.0,3.0,3.0,4.0,4.0,4.0,5.0,6.0,8.0,inferred
South Gloucestershire,2021-05-02,1.0,2.0,2.0,3.0,3.0,4.0,4.0,5.0,6.0,6.0,6.0,8.0,10.0,inferred
South Gloucestershire,2021-05-03,1.0,2.0,3.0,4.0,4.0,5.0,6.0,6.0,7.0,7.0,8.0,9.0,12.0,inferred
South Gloucestershire,2021-05-04,1.0,2.0,3.0,3.0,3.0,4.0,5.0,5.0,6.0,6.0,7.0,8.0,10.0,inferred
South Gloucestershire,2021-05-05,1.0,2.0,3.0,4.0,4.0,5.0,5.0,6.0,7.0,7.0,8.0,9.0,11.0,inferred
South Gloucestershire,2021-05-06,1.0,2.0,3.0,3.0,4.0,4.0,5.0,5.0,6.0,7.0,7.0,8.0,11.0,inferred
South Gloucestershire,2021-05-07,0.5,1.0,2.0,3.0,3.0,3.0,4.0,5.0,5.0,5.2,6.0,7.0,9.0,inferred
South Gloucestershire,2021-05-08,0.0,1.0,1.0,2.0,2.0,2.0,3.0,3.0,4.0,4.0,5.0,6.0,8.0,inferred
South Gloucestershire,2021-05-09,0.0,1.0,2.0,2.0,3.0,3.0,4.0,4.0,5.0,5.0,6.0,7.0,9.0,inferred
South Gloucestershire,2021-05-10,1.0,2.0,3.0,3.0,3.0,4.0,5.0,5.0,6.0,6.0,7.0,8.0,10.0,inferred
South Gloucestershire,2021-05-11,0.0,1.0,2.0,2.0,3.0,3.0,4.0,4.0,5.0,6.0,6.0,7.0,9.0,inferred
South Gloucestershire,2021-05-12,1.0,2.0,3.0,3.0,3.0,4.0,4.0,5.0,6.0,6.0,7.0,8.0,10.0,inferred
South Gloucestershire,2021-05-13,1.0,2.0,2.0,3.0,3.0,3.0,4.0,5.0,5.0,6.0,6.0,8.0,10.0,inferred
South Gloucestershire,2021-05-14,0.0,1.0,2.0,2.0,2.0,3.0,3.0,4.0,5.0,5.0,5.0,7.0,8.5,inferred
South Gloucestershire,2021-05-15,0.0,1.0,1.0,1.8,2.0,2.0,3.0,3.0,4.0,4.0,4.0,5.0,7.0,inferred
South Gloucestershire,2021-05-16,0.0,1.0,2.0,2.0,3.0,3.0,4.0,4.0,5.0,5.0,6.0,7.0,9.0,inferred
South Gloucestershire,2021-05-17,1.0,2.0,3.0,3.0,3.0,4.0,4.0,5.0,6.0,6.0,7.0,8.0,10.0,inferred
South Gloucestershire,2021-05-18,0.0,1.0,2.0,3.0,3.0,3.0,4.0,5.0,5.0,6.0,6.0,7.0,9.0,inferred
South Gloucestershire,2021-05-19,1.0,2.0,3.0,3.0,3.0,4.0,5.0,5.0,6.0,6.0,7.0,8.0,11.0,inferred
South Gloucestershire,2021-05-20,1.0,2.0,3.0,3.0,3.0,4.0,4.0,5.0,6.0,6.0,7.0,8.0,10.0,inferred
South Gloucestershire,2021-05-21,0.0,1.0,2.0,2.0,2.0,3.0,3.0,4.0,5.0,5.0,5.0,6.1,8.0,inferred
South Gloucestershire,2021-05-22,0.0,1.0,1.0,2.0,2.0,2.0,3.0,3.0,4.0,4.0,4.0,6.0,7.0,inferred
South Gloucestershire,2021-05-23,0.0,1.0,2.0,2.0,3.0,3.0,4.0,4.0,5.0,5.0,6.0,7.0,9.0,inferred
South Gloucestershire,2021-05-24,1.0,2.0,3.0,3.0,3.0,4.0,5.0,5.0,6.0,7.0,7.0,8.0,11.0,inferred
South Gloucestershire,2021-05-25,1.0,2.0,2.0,3.0,3.0,4.0,4.0,5.0,5.0,6.0,6.0,7.0,10.0,inferred
South Gloucestershire,2021-05-26,1.0,2.0,3.0,4.0,4.0,5.0,5.0,6.0,7.0,7.0,8.0,9.0,12.0,inferred
South Gloucestershire,2021-05-27,1.0,2.0,3.0,3.0,4.0,4.0,5.0,6.0,7.0,7.0,7.0,9.0,11.0,inferred
South Gloucestershire,2021-05-28,1.0,2.0,3.0,3.0,3.0,4.0,5.0,5.0,6.0,6.0,7.0,8.0,10.0,inferred
South Gloucestershire,2021-05-29,1.0,1.0,2.0,2.0,3.0,3.0,4.0,4.0,5.0,5.0,6.0,7.0,9.0,inferred
South Gloucestershire,2021-05-30,1.0,2.0,3.0,4.0,4.0,5.0,5.0,6.0,7.0,7.0,8.0,9.0,11.0,inferred
South Gloucestershire,2021-05-31,2.0,3.0,5.0,5.0,6.0,6.0,7.0,8.0,9.0,9.0,10.0,11.1,14.0,inferred
South Gloucestershire,2021-06-01,2.0,3.0,5.0,5.0,5.0,6.0,7.0,8.0,9.0,9.0,10.0,11.0,14.0,inferred
South Gloucestershire,2021-06-02,4.0,6.0,7.0,8.0,8.0,9.0,10.0,11.0,12.0,12.0,13.0,15.0,18.0,inferred
South Gloucestershire,2021-06-03,4.5,7.0,8.0,9.0,9.0,10.0,11.0,12.0,13.0,14.0,14.0,16.0,19.0,inferred
South Gloucestershire,2021-06-04,4.5,7.0,8.0,9.0,9.0,10.0,11.0,12.0,13.0,14.0,14.0,16.0,19.0,inferred
South Gloucestershire,2021-06-05,4.0,6.0,7.0,8.0,8.0,9.0,10.0,11.0,12.0,12.0,13.0,15.0,18.0,inferred
South Gloucestershire,2021-06-06,7.5,10.0,12.0,13.0,13.0,14.0,15.0,17.0,18.0,19.0,20.0,21.0,26.0,inferred
South Gloucestershire,2021-06-07,12.0,15.0,17.0,18.0,19.0,21.0,22.0,23.0,25.0,26.0,27.0,29.0,34.0,inferred
South Gloucestershire,2021-06-08,12.0,15.0,17.0,18.0,18.7,20.0,21.0,23.0,24.0,25.0,26.0,29.0,33.0,inferred
South Gloucestershire,2021-06-09,17.0,20.0,22.0,23.0,24.0,26.0,27.0,29.0,30.0,32.0,32.2,35.0,40.0,inferred
South Gloucestershire,2021-06-10,17.0,20.0,22.0,24.0,24.0,26.0,27.0,29.0,31.0,32.0,33.0,35.0,41.0,inferred
South Gloucestershire,2021-06-11,16.0,18.0,21.0,22.0,23.0,24.0,25.0,27.0,28.0,29.0,30.0,33.0,38.0,inferred
South Gloucestershire,2021-06-12,12.0,15.0,17.0,18.0,19.0,20.0,21.0,22.0,24.0,25.0,25.0,28.0,32.0,inferred
South Gloucestershire,2021-06-13,19.0,23.0,26.0,27.0,27.0,29.0,31.0,33.0,34.0,36.0,37.0,40.0,44.5,inferred
South Gloucestershire,2021-06-14,27.0,32.0,35.0,36.0,37.0,40.0,42.0,44.0,46.0,47.0,48.0,52.0,57.0,inferred
South Gloucestershire,2021-06-15,25.0,30.0,33.0,34.0,35.0,37.0,39.0,40.0,43.0,44.0,45.0,48.0,54.0,inferred
South Gloucestershire,2021-06-16,34.0,38.0,42.0,43.0,44.0,47.0,49.0,51.0,53.0,55.0,56.0,60.0,66.0,inferred
South Gloucestershire,2021-06-17,33.0,38.0,42.0,43.0,44.0,46.0,48.0,51.0,53.0,55.0,56.0,60.0,67.0,inferred
South Gloucestershire,2021-06-18,29.0,33.0,37.0,38.0,39.0,42.0,44.0,46.0,48.0,50.0,51.0,56.0,63.0,inferred
South Hams,2021-03-06,0.0,0.0,0.0,0.0,0.0,0.0,0.0,0.0,0.0,0.0,1.0,1.0,2.0,inferred
South Hams,2021-03-07,0.0,0.0,0.0,0.0,0.0,0.0,0.0,0.0,1.0,1.0,1.0,2.0,3.0,inferred
South Hams,2021-03-08,0.0,0.0,0.0,0.0,0.0,0.0,0.0,1.0,1.0,1.0,1.0,2.0,3.0,inferred
South Hams,2021-03-09,0.0,0.0,0.0,0.0,0.0,0.0,0.0,1.0,1.0,1.0,1.0,2.0,3.0,inferred
South Hams,2021-03-10,0.0,0.0,0.0,0.0,0.0,0.0,1.0,1.0,1.0,2.0,2.0,3.0,4.0,inferred
South Hams,2021-03-11,0.0,0.0,0.0,0.0,0.0,0.0,1.0,1.0,1.0,2.0,2.0,3.0,4.0,inferred
South Hams,2021-03-12,0.0,0.0,0.0,0.0,0.0,0.0,1.0,1.0,1.0,1.0,2.0,2.0,4.0,inferred
South Hams,2021-03-13,0.0,0.0,0.0,0.0,0.0,0.0,0.0,1.0,1.0,1.0,1.0,2.0,4.0,inferred
South Hams,2021-03-14,0.0,0.0,0.0,0.0,0.0,0.0,1.0,1.0,1.0,2.0,2.0,3.0,4.0,inferred
South Hams,2021-03-15,0.0,0.0,0.0,0.0,0.0,1.0,1.0,1.0,2.0,2.0,2.0,3.0,5.0,inferred
South Hams,2021-03-16,0.0,0.0,0.0,0.0,0.0,0.0,1.0,1.0,2.0,2.0,2.0,3.0,5.0,inferred
South Hams,2021-03-17,0.0,0.0,0.0,0.0,0.0,1.0,1.0,2.0,2.0,2.0,3.0,4.0,5.0,inferred
South Hams,2021-03-18,0.0,0.0,0.0,0.0,0.0,1.0,1.0,1.0,2.0,2.0,3.0,3.1,5.0,inferred
South Hams,2021-03-19,0.0,0.0,0.0,0.0,0.0,1.0,1.0,1.0,2.0,2.0,2.0,3.0,5.0,inferred
South Hams,2021-03-20,0.0,0.0,0.0,0.0,0.0,0.0,1.0,1.0,1.0,2.0,2.0,3.0,4.0,inferred
South Hams,2021-03-21,0.0,0.0,0.0,0.0,0.0,1.0,1.0,1.0,2.0,2.0,2.0,4.0,5.0,inferred
South Hams,2021-03-22,0.0,0.0,0.0,1.0,1.0,1.0,1.0,2.0,2.0,3.0,3.0,4.0,6.0,inferred
South Hams,2021-03-23,0.0,0.0,0.0,0.0,1.0,1.0,1.0,2.0,2.0,2.0,3.0,4.0,6.0,inferred
South Hams,2021-03-24,0.0,0.0,0.0,1.0,1.0,1.0,2.0,2.0,3.0,3.0,3.0,4.0,6.0,inferred
South Hams,2021-03-25,0.0,0.0,0.0,0.0,1.0,1.0,1.0,2.0,2.0,3.0,3.0,4.0,6.0,inferred
South Hams,2021-03-26,0.0,0.0,0.0,0.0,0.0,1.0,1.0,2.0,2.0,2.0,3.0,3.0,5.0,inferred
South Hams,2021-03-27,0.0,0.0,0.0,0.0,0.0,1.0,1.0,1.0,2.0,2.0,2.0,3.0,4.0,inferred
South Hams,2021-03-28,0.0,0.0,0.0,0.0,0.0,1.0,1.0,1.0,2.0,2.0,3.0,3.0,5.0,inferred
South Hams,2021-03-29,0.0,0.0,0.0,0.0,1.0,1.0,1.0,2.0,2.0,3.0,3.0,4.0,6.0,inferred
South Hams,2021-03-30,0.0,0.0,0.0,0.0,0.0,1.0,1.0,1.0,2.0,2.0,3.0,4.0,5.0,inferred
South Hams,2021-03-31,0.0,0.0,0.0,0.0,1.0,1.0,1.0,2.0,2.0,2.0,3.0,4.0,5.0,inferred
South Hams,2021-04-01,0.0,0.0,0.0,0.0,0.0,1.0,1.0,1.0,2.0,2.0,3.0,4.0,5.5,inferred
South Hams,2021-04-02,0.0,0.0,0.0,0.0,0.0,1.0,1.0,1.0,2.0,2.0,2.0,3.0,5.0,inferred
South Hams,2021-04-03,0.0,0.0,0.0,0.0,0.0,0.0,1.0,1.0,1.0,1.0,2.0,2.0,4.0,inferred
South Hams,2021-04-04,0.0,0.0,0.0,0.0,0.0,1.0,1.0,1.0,2.0,2.0,2.0,3.0,5.0,inferred
South Hams,2021-04-05,0.0,0.0,0.0,0.0,0.0,1.0,1.0,1.0,2.0,2.0,2.0,3.0,5.0,inferred
South Hams,2021-04-06,0.0,0.0,0.0,0.0,0.0,0.0,1.0,1.0,2.0,2.0,2.0,3.0,5.0,inferred
South Hams,2021-04-07,0.0,0.0,0.0,0.0,0.0,1.0,1.0,1.0,2.0,2.0,2.0,3.0,5.0,inferred
South Hams,2021-04-08,0.0,0.0,0.0,0.0,0.0,1.0,1.0,1.0,2.0,2.0,2.0,3.0,5.0,inferred
South Hams,2021-04-09,0.0,0.0,0.0,0.0,0.0,0.0,1.0,1.0,1.0,2.0,2.0,3.0,4.0,inferred
South Hams,2021-04-10,0.0,0.0,0.0,0.0,0.0,0.0,0.0,1.0,1.0,1.0,1.0,2.0,3.0,inferred
South Hams,2021-04-11,0.0,0.0,0.0,0.0,0.0,0.0,1.0,1.0,1.0,1.0,2.0,3.0,4.0,inferred
South Hams,2021-04-12,0.0,0.0,0.0,0.0,0.0,0.0,1.0,1.0,2.0,2.0,2.0,3.0,5.0,inferred
South Hams,2021-04-13,0.0,0.0,0.0,0.0,0.0,0.0,1.0,1.0,1.0,1.0,2.0,2.0,4.0,inferred
South Hams,2021-04-14,0.0,0.0,0.0,0.0,0.0,0.0,1.0,1.0,1.0,2.0,2.0,3.0,4.0,inferred
South Hams,2021-04-15,0.0,0.0,0.0,0.0,0.0,0.0,1.0,1.0,1.0,2.0,2.0,3.0,4.0,inferred
South Hams,2021-04-16,0.0,0.0,0.0,0.0,0.0,0.0,1.0,1.0,1.0,1.0,2.0,3.0,4.0,inferred
South Hams,2021-04-17,0.0,0.0,0.0,0.0,0.0,0.0,0.0,1.0,1.0,1.0,1.0,2.0,3.0,inferred
South Hams,2021-04-18,0.0,0.0,0.0,0.0,0.0,0.0,1.0,1.0,1.0,2.0,2.0,3.0,5.0,inferred
South Hams,2021-04-19,0.0,0.0,0.0,0.0,0.0,1.0,1.0,1.0,2.0,2.0,2.0,3.0,5.0,inferred
South Hams,2021-04-20,0.0,0.0,0.0,0.0,0.0,1.0,1.0,1.0,2.0,2.0,2.0,3.0,5.0,inferred
South Hams,2021-04-21,0.0,0.0,0.0,0.0,0.0,1.0,1.0,1.0,2.0,2.0,3.0,3.0,5.0,inferred
South Hams,2021-04-22,0.0,0.0,0.0,0.0,0.0,1.0,1.0,1.0,2.0,2.0,3.0,4.0,5.0,inferred
South Hams,2021-04-23,0.0,0.0,0.0,0.0,0.0,1.0,1.0,1.0,2.0,2.0,2.0,3.0,5.0,inferred
South Hams,2021-04-24,0.0,0.0,0.0,0.0,0.0,0.0,1.0,1.0,1.0,2.0,2.0,3.0,4.0,inferred
South Hams,2021-04-25,0.0,0.0,0.0,0.0,0.0,1.0,1.0,2.0,2.0,2.0,3.0,4.0,5.0,inferred
South Hams,2021-04-26,0.0,0.0,0.0,1.0,1.0,1.0,2.0,2.0,3.0,3.0,3.0,4.0,6.0,inferred
South Hams,2021-04-27,0.0,0.0,0.0,0.0,1.0,1.0,1.0,2.0,2.0,3.0,3.0,4.0,6.0,inferred
South Hams,2021-04-28,0.0,0.0,1.0,1.0,1.0,1.0,2.0,2.0,3.0,3.0,4.0,5.0,7.0,inferred
South Hams,2021-04-29,0.0,0.0,0.0,1.0,1.0,1.0,2.0,2.0,3.0,3.0,4.0,5.0,7.0,inferred
South Hams,2021-04-30,0.0,0.0,0.0,1.0,1.0,1.0,2.0,2.0,2.0,3.0,3.0,4.0,6.0,inferred
South Hams,2021-05-01,0.0,0.0,0.0,0.0,0.0,1.0,1.0,1.0,2.0,2.0,3.0,4.0,5.0,inferred
South Hams,2021-05-02,0.0,0.0,1.0,1.0,1.0,1.0,2.0,2.0,3.0,3.0,4.0,5.0,7.0,inferred
South Hams,2021-05-03,0.0,0.0,1.0,1.0,1.0,2.0,2.0,3.0,4.0,4.0,5.0,6.0,8.0,inferred
South Hams,2021-05-04,0.0,0.0,1.0,1.0,1.0,2.0,2.0,3.0,3.0,4.0,4.0,5.0,7.5,inferred
South Hams,2021-05-05,0.0,0.0,1.0,1.0,2.0,2.0,3.0,3.0,4.0,4.0,5.0,6.0,8.0,inferred
South Hams,2021-05-06,0.0,0.0,1.0,1.0,1.0,2.0,2.0,3.0,3.0,4.0,4.0,5.0,8.0,inferred
South Hams,2021-05-07,0.0,0.0,1.0,1.0,1.0,1.0,2.0,2.0,3.0,3.0,3.0,4.0,7.0,inferred
South Hams,2021-05-08,0.0,0.0,0.0,0.0,1.0,1.0,1.0,2.0,2.0,3.0,3.0,4.0,6.0,inferred
South Hams,2021-05-09,0.0,0.0,1.0,1.0,1.0,1.0,2.0,2.0,3.0,3.0,4.0,5.0,7.0,inferred
South Hams,2021-05-10,0.0,0.0,1.0,1.0,1.0,2.0,2.0,3.0,4.0,4.0,4.0,6.0,8.0,inferred
South Hams,2021-05-11,0.0,0.0,1.0,1.0,1.0,1.0,2.0,2.0,3.0,3.0,4.0,5.0,7.0,inferred
South Hams,2021-05-12,0.0,0.0,1.0,1.0,1.0,2.0,3.0,3.0,4.0,4.0,5.0,6.0,8.0,inferred
South Hams,2021-05-13,0.0,0.0,1.0,1.0,1.0,2.0,2.0,3.0,4.0,4.0,4.0,6.0,8.0,inferred
South Hams,2021-05-14,0.0,0.0,1.0,1.0,1.0,2.0,2.0,2.0,3.0,3.0,4.0,5.0,7.0,inferred
South Hams,2021-05-15,0.0,0.0,0.0,0.0,1.0,1.0,1.0,2.0,2.0,3.0,3.0,4.0,6.0,inferred
South Hams,2021-05-16,0.0,0.0,1.0,1.0,1.0,2.0,2.0,3.0,3.0,3.0,4.0,5.0,7.0,inferred
South Hams,2021-05-17,0.0,0.0,1.0,1.0,1.0,2.0,2.0,3.0,4.0,4.0,4.0,6.0,8.0,inferred
South Hams,2021-05-18,0.0,0.0,1.0,1.0,1.0,2.0,2.0,3.0,3.0,4.0,4.0,5.0,7.0,inferred
South Hams,2021-05-19,0.0,0.0,1.0,1.0,2.0,2.0,3.0,3.0,4.0,4.0,5.0,6.0,8.0,inferred
South Hams,2021-05-20,0.0,0.0,1.0,1.0,1.0,2.0,2.0,3.0,3.0,4.0,4.0,5.0,7.0,inferred
South Hams,2021-05-21,0.0,0.0,1.0,1.0,1.0,1.0,2.0,2.0,3.0,3.0,3.0,4.0,6.0,inferred
South Hams,2021-05-22,0.0,0.0,0.0,0.0,0.0,1.0,1.0,2.0,2.0,2.0,3.0,4.0,5.0,inferred
South Hams,2021-05-23,0.0,0.0,0.0,1.0,1.0,1.0,2.0,2.0,3.0,3.0,3.0,4.0,6.0,inferred
South Hams,2021-05-24,0.0,0.0,1.0,1.0,1.0,1.0,2.0,2.0,3.0,3.0,4.0,5.0,7.0,inferred
South Hams,2021-05-25,0.0,0.0,0.0,1.0,1.0,1.0,1.5,2.0,2.0,3.0,3.0,4.0,6.0,inferred
South Hams,2021-05-26,0.0,0.0,0.0,1.0,1.0,1.0,2.0,2.0,3.0,3.0,3.0,4.0,7.0,inferred
South Hams,2021-05-27,0.0,0.0,0.0,1.0,1.0,1.0,1.0,2.0,2.0,3.0,3.0,4.0,6.0,inferred
South Hams,2021-05-28,0.0,0.0,0.0,0.0,0.0,1.0,1.0,1.0,2.0,2.0,3.0,3.0,5.0,inferred
South Hams,2021-05-29,0.0,0.0,0.0,0.0,0.0,0.0,1.0,1.0,1.0,2.0,2.0,3.0,4.0,inferred
South Hams,2021-05-30,0.0,0.0,0.0,0.0,0.0,1.0,1.0,1.0,2.0,2.0,2.0,3.0,5.0,inferred
South Hams,2021-05-31,0.0,0.0,0.0,0.0,1.0,1.0,1.0,2.0,2.0,2.0,3.0,4.0,6.0,inferred
South Hams,2021-06-01,0.0,0.0,0.0,0.0,0.0,1.0,1.0,2.0,2.0,2.0,3.0,4.0,6.0,inferred
South Hams,2021-06-02,0.0,0.0,0.0,1.0,1.0,1.0,1.0,2.0,2.0,3.0,3.0,4.0,6.0,inferred
South Hams,2021-06-03,0.0,0.0,0.0,1.0,1.0,1.0,1.0,2.0,2.0,3.0,3.0,4.0,6.0,inferred
South Hams,2021-06-04,0.0,0.0,0.0,0.0,1.0,1.0,1.0,2.0,2.0,2.0,3.0,4.0,5.0,inferred
South Hams,2021-06-05,0.0,0.0,0.0,0.0,0.0,1.0,1.0,1.0,2.0,2.0,2.0,3.0,5.0,inferred
South Hams,2021-06-06,0.0,0.0,0.0,0.0,1.0,1.0,1.0,2.0,2.0,3.0,3.0,4.0,6.0,inferred
South Hams,2021-06-07,0.0,0.0,1.0,1.0,1.0,1.0,2.0,2.0,3.0,3.0,4.0,5.0,7.0,inferred
South Hams,2021-06-08,0.0,0.0,0.0,1.0,1.0,1.0,2.0,2.0,3.0,3.0,3.0,5.0,7.0,inferred
South Hams,2021-06-09,0.0,0.0,1.0,1.0,1.0,2.0,2.0,3.0,3.0,4.0,4.0,5.0,8.0,inferred
South Hams,2021-06-10,0.0,0.0,1.0,1.0,1.0,2.0,2.0,3.0,3.0,3.0,4.0,5.0,7.0,inferred
South Hams,2021-06-11,0.0,0.0,1.0,1.0,1.0,1.0,2.0,2.0,3.0,3.0,4.0,5.0,7.0,inferred
South Hams,2021-06-12,0.0,0.0,0.0,0.0,1.0,1.0,1.0,2.0,2.0,3.0,3.0,4.0,6.0,inferred
South Hams,2021-06-13,0.0,0.0,1.0,1.0,1.0,2.0,2.0,3.0,3.0,4.0,4.0,5.0,7.0,inferred
South Hams,2021-06-14,0.0,1.0,1.0,2.0,2.0,3.0,3.0,4.0,5.0,5.0,5.0,7.0,9.0,inferred
South Hams,2021-06-15,0.0,1.0,1.0,1.0,2.0,2.0,3.0,3.0,4.0,4.0,5.0,6.0,9.0,inferred
South Hams,2021-06-16,0.0,1.0,2.0,2.0,2.0,3.0,3.0,4.0,5.0,5.0,6.0,7.0,10.0,inferred
South Hams,2021-06-17,0.0,1.0,2.0,2.0,2.0,3.0,3.0,4.0,5.0,5.0,6.0,7.0,10.0,inferred
South Hams,2021-06-18,0.0,1.0,1.0,2.0,2.0,3.0,3.0,4.0,5.0,5.0,6.0,7.0,10.0,inferred
South Holland,2021-03-06,5.0,8.0,10.0,11.0,11.0,13.0,14.0,15.0,16.0,17.0,18.0,21.0,25.5,inferred
South Holland,2021-03-07,7.0,10.0,12.0,12.0,13.0,15.0,16.0,17.0,19.0,19.0,20.0,22.0,27.0,inferred
South Holland,2021-03-08,10.0,13.0,16.0,17.0,17.0,19.0,20.0,22.0,24.0,25.0,26.0,28.0,34.0,inferred
South Holland,2021-03-09,9.0,12.0,14.0,15.0,16.0,17.0,19.0,20.0,22.0,23.0,24.0,27.0,32.0,inferred
South Holland,2021-03-10,9.0,13.0,15.0,16.0,17.0,18.0,20.0,21.0,23.0,24.0,24.0,28.0,33.0,inferred
South Holland,2021-03-11,8.0,11.0,13.0,14.0,15.0,16.0,18.0,19.0,21.0,22.0,23.0,25.0,31.0,inferred
South Holland,2021-03-12,7.0,10.0,12.0,13.0,13.0,15.0,16.0,17.0,19.0,20.0,21.0,24.0,28.0,inferred
South Holland,2021-03-13,5.0,7.0,9.0,9.0,10.0,11.0,12.0,13.0,15.0,16.0,17.0,20.0,24.0,inferred
South Holland,2021-03-14,7.0,9.0,11.0,12.0,13.0,14.0,15.0,16.0,18.0,19.0,20.0,22.0,28.0,inferred
South Holland,2021-03-15,9.0,12.0,15.0,16.0,16.0,18.0,19.0,20.0,22.0,23.0,24.0,27.0,32.0,inferred
South Holland,2021-03-16,9.0,12.0,14.0,15.0,15.0,17.0,18.0,20.0,21.0,22.0,24.0,27.0,31.0,inferred
South Holland,2021-03-17,9.0,12.0,15.0,15.0,16.0,18.0,19.0,21.0,22.0,23.0,24.0,28.0,33.0,inferred
South Holland,2021-03-18,7.0,10.0,13.0,13.0,14.0,15.0,17.0,19.0,20.0,21.0,22.0,25.0,30.0,inferred
South Holland,2021-03-19,6.5,9.0,11.0,12.0,13.0,14.0,15.0,17.0,18.0,19.0,20.0,23.0,27.5,inferred
South Holland,2021-03-20,4.5,7.0,9.0,9.0,10.0,11.0,12.0,14.0,15.0,16.0,17.0,19.0,23.0,inferred
South Holland,2021-03-21,6.5,9.0,11.0,11.0,12.0,13.0,14.0,16.0,17.0,18.0,19.0,21.0,26.0,inferred
South Holland,2021-03-22,8.0,11.0,13.0,14.0,15.0,16.0,18.0,19.0,21.0,22.0,23.0,26.0,31.0,inferred
South Holland,2021-03-23,7.0,11.0,13.0,14.0,14.0,16.0,17.0,18.0,20.0,21.0,22.0,25.0,31.0,inferred
South Holland,2021-03-24,8.0,11.0,13.0,14.0,14.0,16.0,17.0,18.0,20.0,21.0,22.0,25.0,29.5,inferred
South Holland,2021-03-25,6.0,9.0,11.0,12.0,12.0,14.0,15.0,16.0,18.0,18.0,19.0,22.0,27.0,inferred
South Holland,2021-03-26,5.0,8.0,9.0,10.0,11.0,12.0,13.0,14.0,16.0,17.0,17.2,20.0,24.0,inferred
South Holland,2021-03-27,3.0,5.0,7.0,7.0,8.0,9.0,10.0,11.0,12.0,13.0,14.0,16.0,20.0,inferred
South Holland,2021-03-28,4.0,6.0,8.0,9.0,9.0,10.0,11.0,13.0,14.0,15.0,15.0,18.0,22.0,inferred
South Holland,2021-03-29,6.0,8.0,10.0,11.0,12.0,13.0,14.0,15.0,17.0,18.0,19.0,21.0,25.0,inferred
South Holland,2021-03-30,5.0,8.0,9.0,10.0,11.0,12.0,13.0,14.0,16.0,16.0,17.0,20.0,24.0,inferred
South Holland,2021-03-31,5.0,7.0,9.0,10.0,11.0,12.0,13.0,14.0,16.0,17.0,18.0,20.0,24.0,inferred
South Holland,2021-04-01,4.0,6.0,8.0,8.0,9.0,10.0,11.0,12.0,14.0,14.0,15.0,17.0,21.5,inferred
South Holland,2021-04-02,3.0,5.0,6.0,7.0,7.0,8.0,9.0,11.0,12.0,13.0,14.0,16.0,20.0,inferred
South Holland,2021-04-03,1.0,3.0,5.0,5.0,5.0,6.0,7.0,8.0,9.0,10.0,11.0,13.0,17.0,inferred
South Holland,2021-04-04,2.0,4.0,5.0,6.0,6.0,7.0,8.0,9.0,10.0,11.0,12.0,14.0,17.0,inferred
South Holland,2021-04-05,3.0,5.0,7.0,7.0,8.0,9.0,10.0,11.0,13.0,13.0,14.0,17.0,21.0,inferred
South Holland,2021-04-06,3.0,5.0,6.0,7.0,7.0,8.0,10.0,11.0,12.0,12.0,13.0,16.0,20.0,inferred
South Holland,2021-04-07,3.0,5.0,6.0,7.0,8.0,9.0,9.0,11.0,12.0,13.0,13.0,15.0,19.0,inferred
South Holland,2021-04-08,2.0,4.0,5.0,6.0,6.0,7.0,8.0,9.0,10.0,11.0,12.0,14.0,17.0,inferred
South Holland,2021-04-09,2.0,3.0,4.0,5.0,5.0,6.0,7.0,8.0,9.0,10.0,10.0,13.0,16.0,inferred
South Holland,2021-04-10,1.0,2.0,3.0,3.0,4.0,5.0,5.0,6.0,7.0,7.0,8.0,10.0,12.5,inferred
South Holland,2021-04-11,1.0,2.0,3.0,4.0,4.0,5.0,6.0,7.0,8.0,8.0,9.0,11.0,15.0,inferred
South Holland,2021-04-12,2.0,3.0,4.0,5.0,5.0,6.0,7.0,8.0,9.0,10.0,11.0,13.0,17.0,inferred
South Holland,2021-04-13,1.0,3.0,4.0,5.0,5.0,6.0,7.0,8.0,9.0,9.0,10.0,12.0,15.0,inferred
South Holland,2021-04-14,2.0,3.0,4.0,5.0,5.0,6.0,7.0,8.0,9.0,10.0,10.0,12.0,15.5,inferred
South Holland,2021-04-15,1.0,2.0,3.0,4.0,4.0,5.0,6.0,7.0,8.0,8.0,9.0,11.0,14.0,inferred
South Holland,2021-04-16,1.0,2.0,3.0,3.0,4.0,4.0,5.0,6.0,7.0,7.0,8.0,10.0,13.0,inferred
South Holland,2021-04-17,0.0,1.0,2.0,2.0,3.0,3.0,4.0,5.0,5.0,6.0,6.0,8.0,11.0,inferred
South Holland,2021-04-18,0.0,1.0,2.0,3.0,3.0,4.0,4.0,5.0,6.0,7.0,7.0,9.0,11.0,inferred
South Holland,2021-04-19,1.0,2.0,3.0,4.0,4.0,5.0,6.0,6.0,7.0,8.0,8.2,10.0,14.0,inferred
South Holland,2021-04-20,1.0,2.0,3.0,3.0,4.0,4.0,5.0,6.0,7.0,7.0,8.0,10.0,13.0,inferred
South Holland,2021-04-21,1.0,2.0,3.0,4.0,4.0,5.0,6.0,6.0,7.0,8.0,9.0,10.0,13.0,inferred
South Holland,2021-04-22,1.0,2.0,3.0,3.0,4.0,4.0,5.0,6.0,7.0,7.0,8.0,10.0,13.0,inferred
South Holland,2021-04-23,0.0,2.0,3.0,3.0,3.0,4.0,5.0,5.0,6.0,7.0,7.0,9.0,12.0,inferred
South Holland,2021-04-24,0.0,1.0,2.0,2.0,3.0,3.0,4.0,4.0,5.0,6.0,6.0,8.0,10.0,inferred
South Holland,2021-04-25,0.0,1.0,2.0,3.0,3.0,4.0,5.0,5.0,6.0,7.0,7.0,9.0,12.0,inferred
South Holland,2021-04-26,1.0,2.0,3.0,4.0,4.0,5.0,6.0,7.0,8.0,8.0,9.0,11.0,14.0,inferred
South Holland,2021-04-27,1.0,2.0,3.0,4.0,4.0,5.0,6.0,7.0,8.0,8.0,9.0,11.0,14.0,inferred
South Holland,2021-04-28,1.0,3.0,4.0,4.0,5.0,5.0,6.0,7.0,8.0,9.0,10.0,11.0,15.0,inferred
South Holland,2021-04-29,1.0,2.0,3.0,4.0,4.0,5.0,6.0,7.0,8.0,8.0,9.0,11.0,14.0,inferred
South Holland,2021-04-30,1.0,2.0,3.0,3.0,4.0,5.0,5.0,6.0,7.0,8.0,8.0,10.0,14.0,inferred
South Holland,2021-05-01,0.0,1.0,2.0,2.0,3.0,3.0,4.0,5.0,6.0,6.0,7.0,8.0,11.0,inferred
South Holland,2021-05-02,1.0,2.0,3.0,3.0,3.0,4.0,5.0,6.0,7.0,7.0,8.0,10.0,12.0,inferred
South Holland,2021-05-03,1.0,3.0,4.0,4.0,5.0,5.0,6.0,7.0,8.0,9.0,10.0,11.0,15.0,inferred
South Holland,2021-05-04,1.0,2.0,3.0,4.0,4.0,5.0,6.0,7.0,8.0,8.0,9.0,11.0,14.0,inferred
South Holland,2021-05-05,1.0,3.0,4.0,4.0,5.0,6.0,6.0,7.0,8.0,9.0,10.0,12.0,16.0,inferred
South Holland,2021-05-06,1.0,2.0,3.0,4.0,4.0,5.0,6.0,7.0,8.0,8.0,9.0,11.0,14.0,inferred
South Holland,2021-05-07,1.0,2.0,3.0,3.0,4.0,4.0,5.0,6.0,7.0,8.0,8.0,10.0,13.0,inferred
South Holland,2021-05-08,0.0,1.0,2.0,2.0,3.0,3.0,4.0,5.0,6.0,6.0,7.0,8.0,11.0,inferred
South Holland,2021-05-09,1.0,2.0,3.0,3.0,4.0,4.0,5.0,6.0,7.0,7.0,8.0,10.0,13.0,inferred
South Holland,2021-05-10,1.0,3.0,4.0,4.0,5.0,6.0,6.0,7.0,8.0,9.0,9.0,11.0,15.0,inferred
South Holland,2021-05-11,1.0,2.0,3.0,4.0,4.0,5.0,6.0,7.0,8.0,9.0,9.0,11.0,15.0,inferred
South Holland,2021-05-12,1.0,3.0,4.0,4.0,5.0,6.0,7.0,7.0,8.0,9.0,10.0,12.0,15.5,inferred
South Holland,2021-05-13,1.0,2.0,3.0,4.0,4.0,5.0,6.0,6.0,7.0,8.0,9.0,10.0,14.0,inferred
South Holland,2021-05-14,1.0,2.0,3.0,3.0,3.0,4.0,5.0,6.0,7.0,7.0,8.0,10.0,13.0,inferred
South Holland,2021-05-15,0.0,1.0,2.0,2.0,3.0,3.0,4.0,4.0,5.0,6.0,6.0,8.0,11.0,inferred
South Holland,2021-05-16,0.0,2.0,2.0,3.0,3.0,4.0,5.0,5.0,6.0,7.0,7.0,9.0,12.0,inferred
South Holland,2021-05-17,1.0,2.0,3.0,4.0,4.0,5.0,6.0,6.0,7.0,8.0,9.0,11.0,14.0,inferred
South Holland,2021-05-18,1.0,2.0,3.0,3.0,4.0,4.0,5.0,6.0,7.0,8.0,8.0,10.0,13.0,inferred
South Holland,2021-05-19,1.0,2.0,3.0,3.0,4.0,5.0,6.0,6.0,7.0,8.0,9.0,11.0,14.0,inferred
South Holland,2021-05-20,1.0,2.0,3.0,3.0,3.0,4.0,5.0,6.0,7.0,7.0,8.0,9.0,13.0,inferred
South Holland,2021-05-21,0.0,1.0,2.0,3.0,3.0,4.0,4.0,5.0,6.0,7.0,7.0,9.0,11.0,inferred
South Holland,2021-05-22,0.0,1.0,2.0,2.0,2.0,3.0,3.0,4.0,5.0,5.0,6.0,7.0,10.0,inferred
South Holland,2021-05-23,0.0,1.0,2.0,2.0,3.0,3.0,4.0,5.0,5.0,6.0,6.0,8.0,11.0,inferred
South Holland,2021-05-24,1.0,2.0,3.0,3.0,4.0,4.0,5.0,6.0,7.0,7.0,8.0,10.0,13.0,inferred
South Holland,2021-05-25,1.0,2.0,2.0,3.0,3.0,4.0,5.0,5.0,6.0,7.0,7.0,9.0,12.0,inferred
South Holland,2021-05-26,0.0,2.0,3.0,3.0,3.0,4.0,5.0,6.0,7.0,7.0,8.0,9.1,13.0,inferred
South Holland,2021-05-27,0.0,1.0,2.0,2.0,3.0,4.0,4.0,5.0,6.0,6.0,7.0,8.0,11.0,inferred
South Holland,2021-05-28,0.0,1.0,2.0,2.0,2.0,3.0,4.0,4.0,5.0,6.0,6.0,8.0,11.0,inferred
South Holland,2021-05-29,0.0,1.0,1.0,1.0,2.0,2.0,3.0,4.0,4.0,5.0,5.0,7.0,9.0,inferred
South Holland,2021-05-30,0.0,1.0,1.0,2.0,2.0,3.0,3.0,4.0,5.0,5.0,6.0,7.0,10.0,inferred
South Holland,2021-05-31,0.0,1.0,2.0,2.0,3.0,3.0,4.0,5.0,5.0,6.0,6.0,8.0,11.0,inferred
South Holland,2021-06-01,0.0,1.0,2.0,2.0,3.0,3.0,4.0,5.0,6.0,6.0,6.0,8.0,11.0,inferred
South Holland,2021-06-02,0.0,1.0,2.0,2.0,3.0,3.0,4.0,5.0,6.0,6.0,7.0,8.0,11.5,inferred
South Holland,2021-06-03,0.0,1.0,2.0,2.0,2.0,3.0,3.0,4.0,5.0,5.0,6.0,8.0,10.0,inferred
South Holland,2021-06-04,0.0,1.0,1.0,2.0,2.0,2.0,3.0,4.0,4.0,5.0,5.0,7.0,9.0,inferred
South Holland,2021-06-05,0.0,0.0,1.0,1.0,1.0,2.0,2.0,3.0,4.0,4.0,4.0,6.0,8.0,inferred
South Holland,2021-06-06,0.0,1.0,1.0,1.0,2.0,2.0,3.0,3.0,4.0,4.0,5.0,6.0,8.0,inferred
South Holland,2021-06-07,0.0,1.0,1.8,2.0,2.0,3.0,3.0,4.0,5.0,5.0,6.0,7.0,10.0,inferred
South Holland,2021-06-08,0.0,1.0,1.0,2.0,2.0,3.0,3.0,4.0,5.0,5.0,6.0,7.0,9.0,inferred
South Holland,2021-06-09,0.0,1.0,2.0,2.0,2.0,3.0,3.0,4.0,5.0,5.0,6.0,7.0,11.0,inferred
South Holland,2021-06-10,0.0,1.0,1.0,2.0,2.0,2.0,3.0,4.0,4.0,5.0,5.0,7.0,9.0,inferred
South Holland,2021-06-11,0.0,0.0,1.0,1.0,2.0,2.0,3.0,3.0,4.0,4.0,5.0,7.0,9.0,inferred
South Holland,2021-06-12,0.0,0.0,1.0,1.0,1.0,2.0,2.0,3.0,3.0,4.0,4.0,6.0,8.0,inferred
South Holland,2021-06-13,0.0,0.0,1.0,1.0,2.0,2.0,3.0,3.0,4.0,4.0,5.0,6.0,9.0,inferred
South Holland,2021-06-14,0.0,1.0,2.0,2.0,2.0,3.0,3.0,4.0,5.0,5.0,6.0,8.0,10.0,inferred
South Holland,2021-06-15,0.0,1.0,1.0,2.0,2.0,3.0,3.0,4.0,5.0,5.0,6.0,7.0,11.0,inferred
South Holland,2021-06-16,0.0,1.0,2.0,2.0,2.0,3.0,4.0,4.0,5.0,6.0,6.0,8.0,11.0,inferred
South Holland,2021-06-17,0.0,1.0,1.0,2.0,2.0,3.0,3.0,4.0,5.0,5.0,6.0,7.0,10.0,inferred
South Holland,2021-06-18,0.0,1.0,1.0,1.0,2.0,2.0,3.0,4.0,4.0,5.0,5.0,7.0,9.0,inferred
South Kesteven,2021-03-06,4.0,5.0,7.0,7.0,8.0,9.0,10.0,11.0,12.0,13.0,13.0,15.1,19.0,inferred
South Kesteven,2021-03-07,5.0,7.0,9.0,9.0,10.0,11.0,12.0,13.0,14.0,15.0,16.0,18.0,21.0,inferred
South Kesteven,2021-03-08,7.0,10.0,12.0,13.0,13.0,15.0,16.0,17.0,19.0,20.0,21.0,23.0,27.0,inferred
South Kesteven,2021-03-09,7.0,10.0,12.0,13.0,13.0,15.0,16.0,17.0,19.0,19.0,20.0,23.0,27.0,inferred
South Kesteven,2021-03-10,8.0,11.0,13.0,14.0,14.7,16.0,17.0,18.0,20.0,21.0,22.0,24.0,29.0,inferred
South Kesteven,2021-03-11,7.0,10.0,12.0,13.0,14.0,15.0,16.0,18.0,19.0,20.0,21.0,23.0,27.0,inferred
South Kesteven,2021-03-12,7.0,9.0,11.0,12.0,12.0,14.0,15.0,16.0,17.0,18.0,19.0,22.0,26.0,inferred
South Kesteven,2021-03-13,5.0,7.0,9.0,9.0,10.0,11.0,12.0,13.0,15.0,16.0,16.0,19.0,22.0,inferred
South Kesteven,2021-03-14,6.0,9.0,11.0,12.0,12.0,14.0,15.0,16.0,17.0,18.0,19.0,22.0,26.0,inferred
South Kesteven,2021-03-15,10.0,13.0,15.0,16.0,17.0,18.0,20.0,21.0,23.0,24.0,25.0,28.0,33.0,inferred
South Kesteven,2021-03-16,10.0,13.0,15.0,15.0,16.0,18.0,19.0,21.0,22.0,23.0,24.0,27.0,32.0,inferred
South Kesteven,2021-03-17,11.0,14.0,16.0,17.0,18.0,20.0,21.0,22.0,24.0,25.0,27.0,30.0,35.0,inferred
South Kesteven,2021-03-18,10.0,13.0,15.0,16.0,17.0,18.0,19.0,21.0,22.0,23.0,25.0,28.0,32.0,inferred
South Kesteven,2021-03-19,9.0,12.0,14.0,15.0,16.0,17.0,18.0,20.0,21.0,22.0,23.0,26.0,31.0,inferred
South Kesteven,2021-03-20,7.0,9.0,11.0,12.0,13.0,14.0,15.0,16.0,18.0,19.0,20.0,22.0,26.0,inferred
South Kesteven,2021-03-21,9.0,12.0,14.0,15.0,15.0,17.0,18.0,20.0,21.0,22.0,23.0,26.0,30.0,inferred
South Kesteven,2021-03-22,13.0,16.0,18.0,19.0,20.0,22.0,23.0,25.0,27.0,28.0,30.0,33.0,38.0,inferred
South Kesteven,2021-03-23,12.0,15.0,18.0,19.0,20.0,21.0,23.0,25.0,27.0,27.2,29.0,32.0,37.0,inferred
South Kesteven,2021-03-24,13.0,16.0,19.0,19.0,20.0,22.0,23.0,25.0,27.0,28.0,29.0,32.0,38.0,inferred
South Kesteven,2021-03-25,10.0,14.0,16.0,17.0,18.0,19.0,21.0,22.0,24.0,25.0,26.0,29.0,33.0,inferred
South Kesteven,2021-03-26,9.0,11.0,14.0,14.0,15.0,17.0,18.0,19.0,21.0,22.0,23.0,25.0,30.0,inferred
South Kesteven,2021-03-27,6.0,8.0,10.0,11.0,11.0,13.0,14.0,15.0,16.0,17.0,18.0,20.0,24.0,inferred
South Kesteven,2021-03-28,7.0,10.0,12.0,12.0,13.0,14.0,15.0,17.0,18.0,19.0,20.0,23.0,27.0,inferred
South Kesteven,2021-03-29,9.0,12.0,14.0,15.0,16.0,17.0,19.0,20.0,22.0,23.0,24.0,27.0,31.0,inferred
South Kesteven,2021-03-30,8.0,11.0,13.0,14.0,14.0,16.0,17.0,18.0,20.0,21.0,22.0,25.0,29.0,inferred
South Kesteven,2021-03-31,7.0,10.0,12.0,13.0,14.0,15.0,16.0,18.0,19.0,20.0,21.0,24.0,29.0,inferred
South Kesteven,2021-04-01,6.0,9.0,11.0,11.0,12.0,13.0,14.0,15.0,17.0,18.0,18.0,21.0,25.0,inferred
South Kesteven,2021-04-02,5.0,7.0,8.0,9.0,10.0,11.0,12.0,13.0,14.0,15.0,16.0,18.0,22.0,inferred
South Kesteven,2021-04-03,3.0,4.0,6.0,6.0,7.0,8.0,9.0,10.0,11.0,11.0,12.0,14.0,18.0,inferred
South Kesteven,2021-04-04,3.0,5.0,7.0,7.0,8.0,9.0,10.0,11.0,12.0,13.0,13.0,15.0,18.0,inferred
South Kesteven,2021-04-05,5.0,7.0,8.0,9.0,9.0,10.0,11.0,13.0,14.0,15.0,16.0,18.0,21.0,inferred
South Kesteven,2021-04-06,4.0,6.0,7.0,8.0,8.0,10.0,11.0,12.0,13.0,14.0,14.0,17.0,21.0,inferred
South Kesteven,2021-04-07,4.0,6.0,7.0,8.0,8.0,9.0,10.0,11.0,13.0,13.0,14.0,16.0,20.0,inferred
South Kesteven,2021-04-08,3.0,5.0,6.0,6.0,7.0,8.0,9.0,10.0,11.0,12.0,12.0,14.0,17.5,inferred
South Kesteven,2021-04-09,2.0,3.0,5.0,5.0,6.0,7.0,7.0,8.0,9.0,10.0,11.0,13.0,16.0,inferred
South Kesteven,2021-04-10,1.0,2.0,3.0,4.0,4.0,5.0,6.0,6.0,7.0,8.0,8.0,10.0,13.0,inferred
South Kesteven,2021-04-11,1.0,3.0,4.0,4.0,4.0,5.0,6.0,7.0,8.0,8.0,9.0,11.0,14.0,inferred
South Kesteven,2021-04-12,2.0,3.9,5.0,5.0,6.0,6.0,7.0,8.0,9.0,10.0,10.0,12.0,15.0,inferred
South Kesteven,2021-04-13,2.0,3.0,4.0,5.0,5.0,6.0,7.0,8.0,9.0,9.0,10.0,11.0,14.0,inferred
South Kesteven,2021-04-14,2.0,3.0,4.0,5.0,5.0,6.0,7.0,7.0,8.0,9.0,10.0,12.0,15.0,inferred
South Kesteven,2021-04-15,1.0,2.0,3.0,4.0,4.0,5.0,5.0,6.0,7.0,8.0,8.0,10.0,13.0,inferred
South Kesteven,2021-04-16,1.0,2.0,3.0,3.0,3.0,4.0,5.0,5.0,6.0,7.0,7.0,9.0,12.0,inferred
South Kesteven,2021-04-17,0.0,1.0,2.0,2.0,2.0,3.0,3.0,4.0,5.0,5.0,6.0,7.0,9.5,inferred
South Kesteven,2021-04-18,0.0,1.0,2.0,2.0,3.0,3.0,4.0,4.0,5.0,6.0,6.0,7.0,10.0,inferred
South Kesteven,2021-04-19,1.0,2.0,2.0,3.0,3.0,4.0,5.0,5.0,6.0,7.0,7.0,9.0,11.0,inferred
South Kesteven,2021-04-20,0.0,1.0,2.0,3.0,3.0,3.0,4.0,5.0,6.0,6.0,7.0,8.0,11.0,inferred
South Kesteven,2021-04-21,0.0,1.0,2.0,3.0,3.0,4.0,4.0,5.0,6.0,6.0,7.0,8.0,11.0,inferred
South Kesteven,2021-04-22,0.0,1.0,2.0,2.0,3.0,3.0,4.0,4.0,5.0,6.0,6.0,7.0,10.0,inferred
South Kesteven,2021-04-23,0.0,1.0,2.0,2.0,2.0,3.0,3.0,4.0,5.0,5.0,6.0,7.0,10.0,inferred
South Kesteven,2021-04-24,0.0,1.0,1.0,1.0,2.0,2.0,3.0,3.0,4.0,4.0,5.0,6.0,8.0,inferred
South Kesteven,2021-04-25,0.0,1.0,2.0,2.0,2.0,3.0,3.0,4.0,5.0,5.0,6.0,7.0,9.0,inferred
South Kesteven,2021-04-26,0.0,1.0,2.0,3.0,3.0,4.0,4.0,5.0,6.0,6.0,7.0,8.0,11.5,inferred
South Kesteven,2021-04-27,0.0,1.0,2.0,3.0,3.0,4.0,4.0,5.0,6.0,6.0,7.0,8.0,11.0,inferred
South Kesteven,2021-04-28,1.0,1.0,2.0,3.0,3.0,4.0,4.0,5.0,6.0,6.0,7.0,8.1,11.0,inferred
South Kesteven,2021-04-29,0.0,1.0,2.0,2.0,3.0,3.0,4.0,5.0,5.0,6.0,6.0,8.0,10.0,inferred
South Kesteven,2021-04-30,0.0,1.0,2.0,2.0,2.0,3.0,3.0,4.0,5.0,5.0,6.0,7.0,10.0,inferred
South Kesteven,2021-05-01,0.0,1.0,1.0,1.0,2.0,2.0,3.0,3.0,4.0,4.0,5.0,6.0,8.0,inferred
South Kesteven,2021-05-02,0.0,1.0,2.0,2.0,2.0,3.0,3.0,4.0,5.0,5.0,6.0,7.0,10.0,inferred
South Kesteven,2021-05-03,0.0,1.0,2.0,2.0,3.0,3.0,4.0,5.0,6.0,6.0,7.0,8.0,11.0,inferred
South Kesteven,2021-05-04,0.0,1.0,2.0,2.0,3.0,3.0,4.0,5.0,5.0,6.0,6.0,8.0,11.0,inferred
South Kesteven,2021-05-05,0.0,1.0,2.0,2.0,3.0,3.0,4.0,5.0,5.0,6.0,6.0,8.0,11.0,inferred
South Kesteven,2021-05-06,0.0,1.0,2.0,2.0,2.0,3.0,4.0,4.0,5.0,6.0,6.0,7.0,10.0,inferred
South Kesteven,2021-05-07,0.0,1.0,1.0,2.0,2.0,2.0,3.0,4.0,4.0,5.0,5.0,7.0,9.0,inferred
South Kesteven,2021-05-08,0.0,0.0,1.0,1.0,1.0,2.0,2.0,3.0,4.0,4.0,4.0,5.1,8.0,inferred
South Kesteven,2021-05-09,0.0,0.0,1.0,1.0,2.0,2.0,3.0,3.0,4.0,4.0,5.0,6.0,8.0,inferred
South Kesteven,2021-05-10,0.0,1.0,2.0,2.0,2.0,3.0,3.0,4.0,5.0,5.0,6.0,7.0,10.0,inferred
South Kesteven,2021-05-11,0.0,1.0,2.0,2.0,2.0,3.0,3.0,4.0,5.0,5.0,6.0,7.0,9.0,inferred
South Kesteven,2021-05-12,0.0,1.0,2.0,2.0,2.0,3.0,3.0,4.0,5.0,5.0,6.0,7.0,10.0,inferred
South Kesteven,2021-05-13,0.0,1.0,1.0,2.0,2.0,2.0,3.0,4.0,4.0,5.0,5.0,7.0,9.0,inferred
South Kesteven,2021-05-14,0.0,1.0,1.0,1.0,2.0,2.0,3.0,3.0,4.0,4.0,5.0,6.0,9.0,inferred
South Kesteven,2021-05-15,0.0,0.0,1.0,1.0,1.0,2.0,2.0,3.0,3.0,4.0,4.0,5.0,7.0,inferred
South Kesteven,2021-05-16,0.0,0.0,1.0,1.0,2.0,2.0,3.0,3.0,4.0,4.0,5.0,6.0,8.0,inferred
South Kesteven,2021-05-17,0.0,1.0,2.0,2.0,2.0,3.0,3.0,4.0,5.0,5.0,6.0,7.0,9.0,inferred
South Kesteven,2021-05-18,0.0,1.0,2.0,2.0,2.0,3.0,3.0,4.0,5.0,5.0,6.0,7.0,10.0,inferred
South Kesteven,2021-05-19,0.0,1.0,2.0,2.0,2.0,3.0,4.0,4.0,5.0,5.0,6.0,8.0,10.0,inferred
South Kesteven,2021-05-20,0.0,1.0,1.0,2.0,2.0,3.0,3.0,4.0,4.0,5.0,5.0,7.0,9.0,inferred
South Kesteven,2021-05-21,0.0,1.0,1.0,2.0,2.0,2.0,3.0,3.0,4.0,4.0,5.0,6.0,8.0,inferred
South Kesteven,2021-05-22,0.0,0.0,1.0,1.0,1.0,2.0,2.0,3.0,3.0,4.0,4.0,5.0,7.0,inferred
South Kesteven,2021-05-23,0.0,1.0,1.0,1.0,2.0,2.0,3.0,3.0,4.0,4.0,5.0,6.0,8.0,inferred
South Kesteven,2021-05-24,0.0,1.0,2.0,2.0,2.0,3.0,3.0,4.0,5.0,5.0,6.0,7.0,9.0,inferred
South Kesteven,2021-05-25,0.0,1.0,1.0,2.0,2.0,2.0,3.0,4.0,4.0,5.0,5.0,7.0,9.0,inferred
South Kesteven,2021-05-26,0.0,1.0,2.0,2.0,2.0,3.0,3.0,4.0,5.0,5.0,5.0,7.0,10.0,inferred
South Kesteven,2021-05-27,0.0,1.0,1.0,1.0,2.0,2.0,3.0,3.0,4.0,4.0,5.0,6.0,9.0,inferred
South Kesteven,2021-05-28,0.0,1.0,1.0,1.0,2.0,2.0,2.0,3.0,4.0,4.0,5.0,6.0,8.0,inferred
South Kesteven,2021-05-29,0.0,0.0,1.0,1.0,1.0,1.0,2.0,2.0,3.0,3.0,4.0,5.0,7.0,inferred
South Kesteven,2021-05-30,0.0,0.0,1.0,1.0,1.0,2.0,2.0,3.0,3.0,4.0,4.0,5.0,7.0,inferred
South Kesteven,2021-05-31,0.0,1.0,1.0,2.0,2.0,2.0,3.0,4.0,4.0,5.0,5.0,7.0,9.0,inferred
South Kesteven,2021-06-01,0.0,1.0,1.0,2.0,2.0,3.0,3.0,4.0,5.0,5.0,5.0,7.0,9.0,inferred
South Kesteven,2021-06-02,0.0,1.0,2.0,2.0,2.0,3.0,4.0,4.0,5.0,5.0,6.0,7.0,10.0,inferred
South Kesteven,2021-06-03,0.0,1.0,2.0,2.0,2.0,3.0,4.0,4.0,5.0,5.0,6.0,7.0,9.0,inferred
South Kesteven,2021-06-04,0.0,1.0,2.0,2.0,2.0,3.0,3.0,4.0,5.0,5.0,6.0,7.0,9.0,inferred
South Kesteven,2021-06-05,0.0,1.0,1.0,2.0,2.0,2.0,3.0,3.0,4.0,4.0,5.0,6.0,9.0,inferred
South Kesteven,2021-06-06,0.0,1.0,2.0,2.0,3.0,3.0,4.0,5.0,5.0,6.0,6.0,8.0,11.0,inferred
South Kesteven,2021-06-07,1.0,2.0,3.0,3.0,4.0,5.0,5.0,6.0,7.0,7.0,8.0,9.0,12.0,inferred
South Kesteven,2021-06-08,1.0,2.0,3.0,3.0,4.0,5.0,5.0,6.0,7.0,8.0,8.0,10.0,13.0,inferred
South Kesteven,2021-06-09,1.0,3.0,4.0,4.0,5.0,6.0,6.0,7.0,8.0,9.0,9.0,11.0,14.0,inferred
South Kesteven,2021-06-10,1.0,3.0,4.0,4.0,4.0,5.0,6.0,7.0,8.0,8.0,9.0,11.0,14.0,inferred
South Kesteven,2021-06-11,1.0,2.0,3.0,4.0,4.0,5.0,6.0,7.0,8.0,8.0,9.0,10.0,14.0,inferred
South Kesteven,2021-06-12,1.0,2.0,3.0,3.0,4.0,4.0,5.0,6.0,7.0,7.0,8.0,9.0,12.0,inferred
South Kesteven,2021-06-13,1.0,3.0,4.0,4.0,5.0,5.6,6.0,7.0,8.0,9.0,9.0,11.0,14.0,inferred
South Kesteven,2021-06-14,3.0,4.0,6.0,6.0,7.0,8.0,9.0,9.0,11.0,11.0,12.0,14.0,17.0,inferred
South Kesteven,2021-06-15,3.0,4.0,6.0,6.0,7.0,8.0,9.0,10.0,11.0,11.0,12.0,14.0,18.0,inferred
South Kesteven,2021-06-16,3.0,5.0,7.0,7.0,8.0,9.0,10.0,11.0,12.0,13.0,13.0,16.0,19.0,inferred
South Kesteven,2021-06-17,3.0,5.0,6.0,7.0,7.0,8.0,9.0,10.0,11.0,12.0,13.0,15.0,19.0,inferred
South Kesteven,2021-06-18,2.0,4.0,6.0,6.0,7.0,8.0,9.0,10.0,11.0,12.0,12.0,14.1,18.0,inferred
South Lakeland,2021-03-06,0.0,0.0,1.0,1.0,1.0,2.0,2.0,3.0,3.0,3.0,4.0,5.0,7.0,inferred
South Lakeland,2021-03-07,0.0,0.0,1.0,1.0,1.0,2.0,2.0,3.0,3.0,4.0,4.0,5.0,7.0,inferred
South Lakeland,2021-03-08,0.0,1.0,1.0,2.0,2.0,2.0,3.0,3.0,4.0,4.0,5.0,6.0,9.0,inferred
South Lakeland,2021-03-09,0.0,0.0,1.0,1.0,1.0,2.0,2.0,3.0,4.0,4.0,4.0,5.0,8.0,inferred
South Lakeland,2021-03-10,0.0,0.0,1.0,1.0,2.0,2.0,3.0,3.0,4.0,4.0,5.0,6.0,8.0,inferred
South Lakeland,2021-03-11,0.0,0.0,1.0,1.0,1.0,2.0,2.0,3.0,3.0,4.0,4.0,5.0,8.0,inferred
South Lakeland,2021-03-12,0.0,0.0,1.0,1.0,1.0,2.0,2.0,3.0,3.0,3.0,4.0,5.0,7.0,inferred
South Lakeland,2021-03-13,0.0,0.0,0.0,1.0,1.0,1.0,2.0,2.0,3.0,3.0,3.0,4.0,6.0,inferred
South Lakeland,2021-03-14,0.0,0.0,1.0,1.0,1.0,1.0,2.0,2.0,3.0,3.0,4.0,5.0,7.0,inferred
South Lakeland,2021-03-15,0.0,0.0,1.0,1.0,1.0,2.0,2.0,3.0,4.0,4.0,4.0,6.0,7.5,inferred
South Lakeland,2021-03-16,0.0,0.0,1.0,1.0,1.0,2.0,2.0,3.0,3.0,4.0,4.0,5.0,7.0,inferred
South Lakeland,2021-03-17,0.0,0.0,1.0,1.0,1.0,2.0,2.0,3.0,3.0,4.0,4.0,5.0,8.0,inferred
South Lakeland,2021-03-18,0.0,0.0,1.0,1.0,1.0,2.0,2.0,3.0,3.0,4.0,4.0,5.0,7.5,inferred
South Lakeland,2021-03-19,0.0,0.0,1.0,1.0,1.0,2.0,2.0,3.0,3.0,3.0,4.0,5.0,7.0,inferred
South Lakeland,2021-03-20,0.0,0.0,0.0,1.0,1.0,1.0,1.0,2.0,2.0,3.0,3.0,4.0,6.0,inferred
South Lakeland,2021-03-21,0.0,0.0,0.0,1.0,1.0,1.0,2.0,2.0,3.0,3.0,3.0,4.0,6.0,inferred
South Lakeland,2021-03-22,0.0,0.0,1.0,1.0,1.0,2.0,2.0,3.0,3.0,4.0,4.0,5.0,8.0,inferred
South Lakeland,2021-03-23,0.0,0.0,1.0,1.0,1.0,2.0,2.0,3.0,3.0,4.0,4.0,5.0,7.0,inferred
South Lakeland,2021-03-24,0.0,0.0,1.0,1.0,1.0,2.0,2.0,3.0,3.0,3.0,4.0,5.0,7.0,inferred
South Lakeland,2021-03-25,0.0,0.0,1.0,1.0,1.0,1.0,2.0,2.0,3.0,3.0,4.0,5.0,7.0,inferred
South Lakeland,2021-03-26,0.0,0.0,0.0,1.0,1.0,1.0,2.0,2.0,3.0,3.0,3.0,4.0,6.0,inferred
South Lakeland,2021-03-27,0.0,0.0,0.0,0.0,1.0,1.0,1.0,2.0,2.0,2.0,3.0,4.0,6.0,inferred
South Lakeland,2021-03-28,0.0,0.0,0.0,0.0,1.0,1.0,1.0,2.0,2.0,2.0,3.0,4.0,6.0,inferred
South Lakeland,2021-03-29,0.0,0.0,1.0,1.0,1.0,1.0,2.0,2.0,3.0,3.0,4.0,5.0,7.0,inferred
South Lakeland,2021-03-30,0.0,0.0,0.0,1.0,1.0,1.0,2.0,2.0,3.0,3.0,3.0,4.0,6.0,inferred
South Lakeland,2021-03-31,0.0,0.0,0.0,1.0,1.0,1.0,2.0,2.0,3.0,3.0,3.0,4.0,7.0,inferred
South Lakeland,2021-04-01,0.0,0.0,0.0,0.0,1.0,1.0,2.0,2.0,2.0,3.0,3.0,4.0,6.0,inferred
South Lakeland,2021-04-02,0.0,0.0,0.0,0.0,1.0,1.0,1.0,2.0,2.0,2.2,3.0,4.0,6.0,inferred
South Lakeland,2021-04-03,0.0,0.0,0.0,0.0,0.0,1.0,1.0,1.0,2.0,2.0,2.0,3.0,5.0,inferred
South Lakeland,2021-04-04,0.0,0.0,0.0,0.0,0.0,1.0,1.0,2.0,2.0,2.0,3.0,4.0,5.0,inferred
South Lakeland,2021-04-05,0.0,0.0,0.0,1.0,1.0,1.0,2.0,2.0,3.0,3.0,3.0,4.0,6.0,inferred
South Lakeland,2021-04-06,0.0,0.0,0.0,0.0,1.0,1.0,1.0,2.0,2.0,3.0,3.0,4.0,6.0,inferred
South Lakeland,2021-04-07,0.0,0.0,0.0,1.0,1.0,1.0,2.0,2.0,3.0,3.0,3.0,4.0,6.0,inferred
South Lakeland,2021-04-08,0.0,0.0,0.0,1.0,1.0,1.0,2.0,2.0,3.0,3.0,3.0,4.0,6.0,inferred
South Lakeland,2021-04-09,0.0,0.0,0.0,1.0,1.0,1.0,2.0,2.0,3.0,3.0,3.0,4.1,7.0,inferred
South Lakeland,2021-04-10,0.0,0.0,0.0,0.0,1.0,1.0,1.0,2.0,2.0,3.0,3.0,4.0,6.0,inferred
South Lakeland,2021-04-11,0.0,0.0,0.0,1.0,1.0,1.0,2.0,2.0,3.0,3.0,3.0,4.0,6.0,inferred
South Lakeland,2021-04-12,0.0,0.0,1.0,1.0,1.0,2.0,2.0,3.0,3.0,4.0,4.0,5.0,7.0,inferred
South Lakeland,2021-04-13,0.0,0.0,1.0,1.0,1.0,2.0,2.0,3.0,3.0,4.0,4.0,5.0,8.0,inferred
South Lakeland,2021-04-14,0.0,0.0,1.0,1.0,1.0,2.0,2.0,3.0,3.0,4.0,4.0,5.0,7.0,inferred
South Lakeland,2021-04-15,0.0,0.0,1.0,1.0,1.0,2.0,2.0,3.0,3.0,4.0,4.0,5.0,7.0,inferred
South Lakeland,2021-04-16,0.0,0.0,1.0,1.0,1.0,2.0,2.0,2.0,3.0,3.0,4.0,5.0,7.0,inferred
South Lakeland,2021-04-17,0.0,0.0,0.0,1.0,1.0,1.0,2.0,2.0,3.0,3.0,3.0,4.0,6.0,inferred
South Lakeland,2021-04-18,0.0,0.0,0.0,1.0,1.0,1.0,2.0,2.0,3.0,3.0,3.0,4.0,6.0,inferred
South Lakeland,2021-04-19,0.0,0.0,1.0,1.0,1.0,2.0,2.0,3.0,3.0,3.0,4.0,5.0,7.0,inferred
South Lakeland,2021-04-20,0.0,0.0,1.0,1.0,1.0,1.0,2.0,2.0,3.0,3.0,4.0,5.0,7.0,inferred
South Lakeland,2021-04-21,0.0,0.0,1.0,1.0,1.0,2.0,2.0,2.0,3.0,3.0,4.0,5.0,7.0,inferred
South Lakeland,2021-04-22,0.0,0.0,1.0,1.0,1.0,1.0,2.0,2.0,3.0,3.0,3.0,5.0,7.0,inferred
South Lakeland,2021-04-23,0.0,0.0,0.0,1.0,1.0,1.0,1.0,2.0,2.0,3.0,3.0,4.0,6.0,inferred
South Lakeland,2021-04-24,0.0,0.0,0.0,0.0,0.0,1.0,1.0,1.0,2.0,2.0,2.0,3.0,5.0,inferred
South Lakeland,2021-04-25,0.0,0.0,0.0,0.0,1.0,1.0,1.0,2.0,2.0,2.0,3.0,4.0,6.0,inferred
South Lakeland,2021-04-26,0.0,0.0,0.0,1.0,1.0,1.0,2.0,2.0,2.0,3.0,3.0,4.0,6.0,inferred
South Lakeland,2021-04-27,0.0,0.0,0.0,1.0,1.0,1.0,1.0,2.0,2.0,3.0,3.0,4.0,6.0,inferred
South Lakeland,2021-04-28,0.0,0.0,0.0,0.0,1.0,1.0,1.0,2.0,2.0,3.0,3.0,4.0,6.0,inferred
South Lakeland,2021-04-29,0.0,0.0,0.0,0.0,1.0,1.0,1.0,2.0,2.0,2.0,3.0,4.0,5.0,inferred
South Lakeland,2021-04-30,0.0,0.0,0.0,0.0,0.0,1.0,1.0,1.0,2.0,2.0,2.0,3.0,5.0,inferred
South Lakeland,2021-05-01,0.0,0.0,0.0,0.0,0.0,0.0,1.0,1.0,1.0,2.0,2.0,3.0,5.0,inferred
South Lakeland,2021-05-02,0.0,0.0,0.0,0.0,0.0,0.0,1.0,1.0,1.0,2.0,2.0,3.0,4.0,inferred
South Lakeland,2021-05-03,0.0,0.0,0.0,0.0,0.0,1.0,1.0,2.0,2.0,2.0,2.2,3.0,5.0,inferred
South Lakeland,2021-05-04,0.0,0.0,0.0,0.0,0.0,1.0,1.0,1.0,2.0,2.0,2.0,3.0,5.0,inferred
South Lakeland,2021-05-05,0.0,0.0,0.0,0.0,0.0,1.0,1.0,1.0,2.0,2.0,2.0,3.0,5.0,inferred
South Lakeland,2021-05-06,0.0,0.0,0.0,0.0,0.0,1.0,1.0,1.0,2.0,2.0,2.0,4.0,5.0,inferred
South Lakeland,2021-05-07,0.0,0.0,0.0,0.0,0.0,0.0,1.0,1.0,2.0,2.0,2.0,3.0,4.0,inferred
South Lakeland,2021-05-08,0.0,0.0,0.0,0.0,0.0,0.0,1.0,1.0,1.0,2.0,2.0,3.0,4.0,inferred
South Lakeland,2021-05-09,0.0,0.0,0.0,0.0,0.0,1.0,1.0,1.0,2.0,2.0,2.0,3.0,5.0,inferred
South Lakeland,2021-05-10,0.0,0.0,0.0,0.0,0.0,1.0,1.0,2.0,2.0,2.0,3.0,4.0,5.0,inferred
South Lakeland,2021-05-11,0.0,0.0,0.0,0.0,0.0,1.0,1.0,1.0,2.0,2.0,3.0,4.0,6.0,inferred
South Lakeland,2021-05-12,0.0,0.0,0.0,0.0,0.0,1.0,1.0,1.0,2.0,2.0,2.0,3.0,5.0,inferred
South Lakeland,2021-05-13,0.0,0.0,0.0,0.0,0.0,1.0,1.0,1.0,2.0,2.0,2.0,3.0,5.0,inferred
South Lakeland,2021-05-14,0.0,0.0,0.0,0.0,0.0,1.0,1.0,1.0,2.0,2.0,2.0,3.0,5.0,inferred
South Lakeland,2021-05-15,0.0,0.0,0.0,0.0,0.0,0.0,1.0,1.0,1.0,2.0,2.0,3.0,5.0,inferred
South Lakeland,2021-05-16,0.0,0.0,0.0,0.0,0.0,1.0,1.0,1.0,2.0,2.0,2.0,3.0,5.0,inferred
South Lakeland,2021-05-17,0.0,0.0,0.0,0.0,1.0,1.0,1.0,2.0,2.0,2.0,3.0,4.0,5.5,inferred
South Lakeland,2021-05-18,0.0,0.0,0.0,0.0,0.0,1.0,1.0,1.0,2.0,2.0,3.0,4.0,5.0,inferred
South Lakeland,2021-05-19,0.0,0.0,0.0,0.0,1.0,1.0,1.0,2.0,2.0,2.0,3.0,4.0,6.0,inferred
South Lakeland,2021-05-20,0.0,0.0,0.0,0.0,0.0,1.0,1.0,1.0,2.0,2.0,3.0,4.0,6.0,inferred
South Lakeland,2021-05-21,0.0,0.0,0.0,0.0,0.0,1.0,1.0,1.0,2.0,2.0,2.0,3.0,5.0,inferred
South Lakeland,2021-05-22,0.0,0.0,0.0,0.0,0.0,0.0,1.0,1.0,1.0,2.0,2.0,3.0,4.0,inferred
South Lakeland,2021-05-23,0.0,0.0,0.0,0.0,0.0,1.0,1.0,1.0,2.0,2.0,2.0,3.0,5.0,inferred
South Lakeland,2021-05-24,0.0,0.0,0.0,0.0,1.0,1.0,1.0,2.0,2.0,2.0,3.0,4.0,6.0,inferred
South Lakeland,2021-05-25,0.0,0.0,0.0,0.0,1.0,1.0,1.0,2.0,2.0,2.0,3.0,4.0,6.0,inferred
South Lakeland,2021-05-26,0.0,0.0,0.0,0.0,1.0,1.0,1.0,2.0,2.0,2.0,3.0,4.0,6.0,inferred
South Lakeland,2021-05-27,0.0,0.0,0.0,0.0,1.0,1.0,1.0,2.0,2.0,2.0,3.0,4.0,6.0,inferred
South Lakeland,2021-05-28,0.0,0.0,0.0,0.0,0.0,1.0,1.0,2.0,2.0,2.0,3.0,4.0,5.0,inferred
South Lakeland,2021-05-29,0.0,0.0,0.0,0.0,0.0,1.0,1.0,1.0,2.0,2.0,2.0,3.0,5.0,inferred
South Lakeland,2021-05-30,0.0,0.0,0.0,0.0,1.0,1.0,1.0,2.0,2.0,2.0,3.0,4.0,6.0,inferred
South Lakeland,2021-05-31,0.0,0.0,1.0,1.0,1.0,2.0,2.0,2.0,3.0,3.0,4.0,5.0,7.0,inferred
South Lakeland,2021-06-01,0.0,0.0,1.0,1.0,1.0,2.0,2.0,3.0,3.0,3.0,4.0,5.0,7.0,inferred
South Lakeland,2021-06-02,0.0,1.0,1.0,1.0,1.0,2.0,3.0,3.0,4.0,4.0,4.0,6.0,8.0,inferred
South Lakeland,2021-06-03,0.0,1.0,1.0,1.0,2.0,2.0,3.0,3.0,4.0,4.0,5.0,6.0,8.0,inferred
South Lakeland,2021-06-04,0.0,1.0,1.0,1.0,2.0,2.0,3.0,3.0,4.0,4.0,5.0,6.0,9.0,inferred
South Lakeland,2021-06-05,0.0,1.0,1.0,1.0,2.0,2.0,3.0,3.0,4.0,4.0,5.0,6.0,8.0,inferred
South Lakeland,2021-06-06,0.0,1.0,2.0,2.0,2.0,3.0,4.0,4.0,5.0,5.0,6.0,7.0,9.0,inferred
South Lakeland,2021-06-07,1.0,2.0,3.0,4.0,4.0,5.0,6.0,6.0,7.0,8.0,8.0,10.0,13.0,inferred
South Lakeland,2021-06-08,1.0,2.0,4.0,4.0,4.0,5.0,6.0,7.0,8.0,8.0,9.0,10.0,13.5,inferred
South Lakeland,2021-06-09,2.0,3.9,5.0,5.0,6.0,6.0,7.0,8.0,9.0,10.0,10.0,12.0,15.0,inferred
South Lakeland,2021-06-10,2.0,4.0,5.0,5.0,6.0,7.0,8.0,8.0,10.0,10.0,11.0,13.0,16.0,inferred
South Lakeland,2021-06-11,2.0,4.0,5.0,6.0,6.0,7.0,8.0,9.0,10.0,11.0,12.0,13.0,17.0,inferred
South Lakeland,2021-06-12,2.0,4.0,5.0,5.0,6.0,7.0,7.0,8.0,9.0,10.0,11.0,13.0,15.0,inferred
South Lakeland,2021-06-13,3.0,5.0,6.0,7.0,8.0,9.0,10.0,11.0,12.0,12.0,13.0,15.0,18.0,inferred
South Lakeland,2021-06-14,5.5,8.0,10.0,11.0,11.0,13.0,14.0,15.0,16.0,17.0,18.0,21.0,25.0,inferred
South Lakeland,2021-06-15,6.0,8.0,10.0,11.0,11.0,13.0,14.0,15.0,17.0,17.0,18.0,21.0,26.0,inferred
South Lakeland,2021-06-16,7.0,9.0,11.0,12.0,13.0,14.0,16.0,17.0,18.0,19.0,20.0,23.0,28.0,inferred
South Lakeland,2021-06-17,7.0,10.0,11.8,12.0,13.0,15.0,16.0,18.0,19.0,20.0,21.0,24.0,28.0,inferred
South Lakeland,2021-06-18,6.0,9.0,11.0,12.0,13.0,15.0,16.0,17.0,19.0,20.0,21.0,24.0,28.0,inferred
South Lanarkshire,2021-03-06,62.0,73.0,82.0,84.0,87.7,93.0,98.0,103.0,109.0,111.0,115.0,126.0,143.5,inferred
South Lanarkshire,2021-03-07,52.0,62.0,70.0,73.0,75.0,80.0,85.0,89.0,94.0,97.0,101.0,109.0,125.0,inferred
South Lanarkshire,2021-03-08,43.0,51.0,57.0,60.0,63.0,68.0,72.0,77.0,81.0,83.2,86.0,94.0,106.0,inferred
South Lanarkshire,2021-03-09,48.0,57.0,64.0,67.0,69.0,73.0,78.0,83.0,88.0,90.2,94.0,104.0,119.5,inferred
South Lanarkshire,2021-03-10,70.0,82.0,90.0,93.0,97.0,102.0,107.5,113.0,119.0,123.0,126.2,137.0,154.0,inferred
South Lanarkshire,2021-03-11,68.0,79.0,87.0,90.0,93.0,98.0,103.0,108.0,113.0,116.0,120.0,130.1,145.0,inferred
South Lanarkshire,2021-03-12,71.0,84.0,92.0,95.0,98.0,104.0,108.0,114.0,120.0,124.0,127.2,138.0,155.0,inferred
South Lanarkshire,2021-03-13,67.0,79.0,86.0,90.0,92.0,97.0,102.0,107.0,113.0,116.0,119.0,129.0,144.5,inferred
South Lanarkshire,2021-03-14,55.0,65.0,73.0,77.0,79.0,85.0,89.0,94.0,100.0,103.0,106.0,116.0,133.5,inferred
South Lanarkshire,2021-03-15,44.0,52.0,60.0,62.0,65.0,69.0,73.0,78.0,83.0,86.0,89.0,99.0,113.0,inferred
South Lanarkshire,2021-03-16,49.0,60.0,67.0,70.0,72.0,77.0,82.0,87.0,92.0,95.0,98.0,108.0,122.5,inferred
South Lanarkshire,2021-03-17,72.0,85.0,93.0,97.0,100.0,106.0,111.0,116.0,123.0,126.0,131.0,141.0,161.0,inferred
South Lanarkshire,2021-03-18,69.0,80.0,87.8,90.0,94.0,99.0,104.0,110.0,116.0,120.0,124.0,134.0,151.5,inferred
South Lanarkshire,2021-03-19,74.0,86.0,93.0,96.0,99.0,104.0,110.0,116.4,122.0,125.0,129.0,138.0,156.5,inferred
South Lanarkshire,2021-03-20,67.0,80.0,88.0,91.0,94.0,100.0,105.0,110.0,116.3,119.0,123.0,134.0,149.5,inferred
South Lanarkshire,2021-03-21,57.5,68.0,77.0,80.0,83.0,89.0,93.0,98.0,103.0,106.0,111.0,120.0,134.0,inferred
South Lanarkshire,2021-03-22,45.5,55.0,62.0,65.0,68.0,73.0,77.0,82.0,87.0,90.0,93.0,101.0,114.0,inferred
South Lanarkshire,2021-03-23,50.0,61.0,68.0,71.0,74.0,79.0,84.0,89.0,94.0,97.2,101.2,110.0,123.0,inferred
South Lanarkshire,2021-03-24,70.0,84.0,93.0,96.0,98.0,105.0,110.0,116.0,122.0,125.0,129.0,139.0,155.5,inferred
South Lanarkshire,2021-03-25,65.0,77.0,85.0,88.0,91.0,96.0,101.0,106.0,112.0,115.0,119.0,128.0,144.0,inferred
South Lanarkshire,2021-03-26,66.0,79.0,88.0,91.0,94.0,99.0,104.0,110.0,116.0,119.0,123.0,133.0,148.5,inferred
South Lanarkshire,2021-03-27,62.0,73.0,80.0,82.0,85.0,90.0,95.0,100.4,106.0,109.0,112.0,122.0,140.0,inferred
South Lanarkshire,2021-03-28,48.0,58.0,66.0,68.0,71.0,76.0,81.0,87.0,91.0,94.0,98.0,107.1,120.5,inferred
South Lanarkshire,2021-03-29,35.0,45.0,52.0,55.0,57.0,62.0,66.0,70.0,75.0,77.0,80.0,88.0,102.5,inferred
South Lanarkshire,2021-03-30,40.5,49.0,55.0,57.0,59.0,64.0,69.0,73.0,79.0,82.0,85.0,94.0,109.0,inferred
South Lanarkshire,2021-03-31,53.0,63.9,72.0,75.0,77.7,83.0,88.0,92.0,98.0,101.0,105.0,115.0,130.0,inferred
South Lanarkshire,2021-04-01,47.0,57.0,63.0,66.0,68.0,73.0,77.0,82.0,87.0,90.0,93.0,103.0,117.0,inferred
South Lanarkshire,2021-04-02,45.0,55.0,63.0,66.0,68.0,72.0,76.0,81.0,86.0,89.0,92.0,102.0,119.0,inferred
South Lanarkshire,2021-04-03,40.0,49.0,55.8,58.0,61.0,65.0,69.0,73.0,78.0,81.0,84.0,93.0,107.5,inferred
South Lanarkshire,2021-04-04,31.0,38.0,44.0,46.0,48.0,53.0,56.0,60.0,65.0,67.0,70.0,78.0,89.5,inferred
South Lanarkshire,2021-04-05,23.0,29.0,33.0,35.0,37.0,40.0,43.0,47.0,50.0,53.0,55.0,62.0,74.0,inferred
South Lanarkshire,2021-04-06,24.0,29.0,35.0,38.0,40.0,43.0,46.0,49.0,54.0,57.0,59.0,66.0,80.0,inferred
South Lanarkshire,2021-04-07,34.0,42.0,49.0,51.0,54.0,58.0,61.0,65.0,70.0,73.0,75.0,84.0,97.0,inferred
South Lanarkshire,2021-04-08,29.0,38.0,44.0,46.0,48.0,53.0,56.0,60.0,65.0,68.0,71.0,78.1,92.0,inferred
South Lanarkshire,2021-04-09,34.0,41.0,46.0,49.0,51.0,55.0,58.0,62.0,67.0,70.0,73.0,80.0,92.5,inferred
South Lanarkshire,2021-04-10,29.5,37.0,42.0,45.0,46.0,50.0,54.0,58.0,62.0,65.0,68.0,75.0,88.5,inferred
South Lanarkshire,2021-04-11,24.0,31.0,35.0,37.0,39.0,43.0,47.0,50.0,54.0,56.0,59.0,66.0,80.0,inferred
South Lanarkshire,2021-04-12,17.0,24.0,29.0,30.8,32.0,35.0,38.0,41.0,45.0,47.0,49.0,56.0,65.0,inferred
South Lanarkshire,2021-04-13,19.0,26.0,30.0,32.0,34.0,37.0,41.0,44.0,48.0,50.0,52.0,58.0,68.0,inferred
South Lanarkshire,2021-04-14,30.0,38.0,43.0,45.0,47.0,51.0,54.0,58.0,63.0,66.0,69.0,76.0,90.0,inferred
South Lanarkshire,2021-04-15,27.0,35.0,39.0,42.0,44.0,47.0,50.0,55.0,59.0,61.0,64.0,72.0,84.0,inferred
South Lanarkshire,2021-04-16,29.0,36.0,41.0,43.0,46.0,49.0,52.5,56.0,61.0,64.0,66.0,74.0,88.0,inferred
South Lanarkshire,2021-04-17,27.0,34.0,39.0,41.0,43.0,46.0,50.0,54.0,58.0,60.0,63.0,70.1,81.0,inferred
South Lanarkshire,2021-04-18,20.0,27.0,32.0,34.0,35.0,39.0,42.0,46.0,50.0,51.0,54.0,61.0,72.0,inferred
South Lanarkshire,2021-04-19,15.0,21.0,26.0,27.0,28.7,31.0,35.0,38.0,41.0,43.0,46.0,52.0,63.0,inferred
South Lanarkshire,2021-04-20,16.5,22.0,27.0,29.0,31.0,33.0,37.0,40.0,43.0,45.0,48.0,53.0,65.0,inferred
South Lanarkshire,2021-04-21,23.0,31.0,36.0,39.0,40.0,44.0,48.0,52.0,56.0,58.0,61.0,69.0,82.0,inferred
South Lanarkshire,2021-04-22,20.0,26.0,31.0,34.0,35.0,39.0,42.0,45.0,49.0,52.0,54.0,61.0,73.0,inferred
South Lanarkshire,2021-04-23,19.5,26.0,31.0,33.0,35.0,38.0,42.0,45.0,49.0,51.0,53.0,60.0,73.5,inferred
South Lanarkshire,2021-04-24,17.0,23.0,27.0,29.0,31.0,34.0,37.0,40.0,44.0,46.0,48.0,55.0,65.5,inferred
South Lanarkshire,2021-04-25,12.0,18.0,22.0,23.0,25.0,28.0,30.0,33.0,36.0,38.0,40.0,46.0,58.0,inferred
South Lanarkshire,2021-04-26,8.0,13.0,17.0,18.0,20.0,22.0,24.0,27.0,30.0,31.0,33.0,38.0,48.0,inferred
South Lanarkshire,2021-04-27,9.0,14.0,17.0,18.0,19.0,22.0,25.0,27.0,30.3,32.0,34.0,40.0,49.0,inferred
South Lanarkshire,2021-04-28,15.0,20.0,24.0,26.0,27.0,30.0,33.0,36.0,39.0,41.0,43.0,49.0,60.5,inferred
South Lanarkshire,2021-04-29,13.0,18.0,21.0,23.0,24.0,27.0,29.0,32.0,35.0,37.0,40.0,46.0,57.0,inferred
South Lanarkshire,2021-04-30,13.0,18.0,22.0,24.0,26.0,28.0,31.0,34.0,37.0,39.0,41.0,46.0,56.0,inferred
South Lanarkshire,2021-05-01,12.0,17.0,20.0,22.0,23.0,25.0,28.0,31.0,35.0,36.0,39.0,45.0,56.0,inferred
South Lanarkshire,2021-05-02,8.0,13.0,16.0,18.0,19.0,21.0,24.0,26.0,29.0,32.0,34.0,40.0,48.0,inferred
South Lanarkshire,2021-05-03,6.0,10.0,13.0,14.0,15.0,17.0,20.0,22.0,24.0,26.0,28.0,33.0,42.0,inferred
South Lanarkshire,2021-05-04,7.0,11.0,14.0,15.0,17.0,19.0,21.0,24.0,26.0,28.0,30.0,35.0,45.0,inferred
South Lanarkshire,2021-05-05,13.0,17.0,22.0,23.0,25.0,27.0,30.0,33.0,36.0,38.0,40.0,47.0,57.5,inferred
South Lanarkshire,2021-05-06,12.0,17.0,20.0,22.0,24.0,26.0,29.0,32.0,35.0,37.0,39.0,45.0,55.0,inferred
South Lanarkshire,2021-05-07,13.0,19.0,23.0,25.0,26.0,29.0,32.0,35.0,38.0,40.0,43.0,49.0,59.0,inferred
South Lanarkshire,2021-05-08,12.0,18.0,22.0,24.0,25.0,28.0,31.0,34.0,37.0,39.0,41.2,48.0,57.0,inferred
South Lanarkshire,2021-05-09,11.0,16.0,20.0,21.0,22.0,25.0,28.0,30.0,34.0,35.0,37.0,43.0,53.0,inferred
South Lanarkshire,2021-05-10,9.0,13.0,17.0,18.0,19.0,21.0,24.0,26.0,29.0,31.0,33.0,39.0,48.0,inferred
South Lanarkshire,2021-05-11,10.0,15.0,19.0,20.0,21.0,24.0,27.0,29.0,33.0,35.0,36.2,42.0,50.0,inferred
South Lanarkshire,2021-05-12,17.0,23.0,28.0,30.0,32.0,35.0,38.0,41.0,45.0,47.0,49.0,56.1,69.0,inferred
South Lanarkshire,2021-05-13,17.0,23.0,27.0,28.0,30.0,34.0,36.0,39.0,43.0,45.0,48.0,54.0,66.0,inferred
South Lanarkshire,2021-05-14,18.0,25.0,29.0,31.0,33.0,36.0,39.0,42.0,47.0,49.0,51.0,57.0,69.0,inferred
South Lanarkshire,2021-05-15,18.0,24.0,28.0,30.0,32.0,35.0,38.0,41.0,45.0,47.0,50.0,58.0,68.0,inferred
South Lanarkshire,2021-05-16,15.0,21.0,25.0,26.0,28.0,31.0,33.0,37.0,40.0,42.0,44.0,49.0,61.0,inferred
South Lanarkshire,2021-05-17,13.0,17.0,20.0,22.0,23.0,26.0,29.0,32.0,35.0,37.0,39.0,45.0,53.5,inferred
South Lanarkshire,2021-05-18,14.0,20.0,24.0,25.0,27.0,30.0,33.0,36.0,39.0,41.0,44.0,49.0,59.0,inferred
South Lanarkshire,2021-05-19,24.5,31.0,36.0,38.0,40.0,44.0,48.0,51.0,55.0,58.0,60.0,66.0,79.5,inferred
South Lanarkshire,2021-05-20,24.0,30.0,36.0,38.0,40.0,43.0,46.0,50.0,54.0,55.0,58.0,66.0,80.0,inferred
South Lanarkshire,2021-05-21,28.0,34.0,40.0,42.0,44.0,47.0,52.0,56.0,60.0,62.0,65.0,72.0,83.0,inferred
South Lanarkshire,2021-05-22,27.0,33.0,39.0,41.0,43.0,47.0,51.0,54.0,58.0,61.0,64.0,71.0,83.5,inferred
South Lanarkshire,2021-05-23,23.0,30.0,35.0,37.0,39.0,42.0,46.0,50.0,53.0,56.0,58.0,66.0,80.0,inferred
South Lanarkshire,2021-05-24,17.0,25.0,29.0,31.0,33.0,37.0,40.0,43.0,47.0,49.0,51.0,57.0,71.0,inferred
South Lanarkshire,2021-05-25,23.0,31.0,36.0,38.0,40.0,43.0,47.0,51.0,54.0,57.0,59.0,66.0,79.0,inferred
South Lanarkshire,2021-05-26,38.0,47.0,53.0,55.0,58.0,62.0,67.0,71.0,76.0,79.0,82.0,91.0,105.0,inferred
South Lanarkshire,2021-05-27,38.0,46.0,52.0,55.0,57.0,62.0,65.5,70.0,74.3,77.0,81.0,90.0,104.0,inferred
South Lanarkshire,2021-05-28,43.5,53.0,60.0,62.0,64.0,69.0,73.0,78.0,83.0,85.0,88.0,98.0,112.0,inferred
South Lanarkshire,2021-05-29,44.0,51.0,59.0,61.0,64.0,68.0,73.0,78.0,83.0,86.0,89.0,99.0,113.0,inferred
South Lanarkshire,2021-05-30,38.0,47.0,53.0,55.0,58.0,63.0,67.0,71.0,76.0,78.0,82.0,90.0,106.0,inferred
South Lanarkshire,2021-05-31,31.5,39.0,45.0,47.0,50.0,54.0,58.0,62.0,67.0,69.0,72.0,81.0,95.5,inferred
South Lanarkshire,2021-06-01,37.0,44.0,51.0,54.0,56.0,61.0,65.0,69.0,74.3,78.0,80.0,89.0,102.0,inferred
South Lanarkshire,2021-06-02,57.0,68.0,75.0,78.0,81.0,85.0,90.0,94.0,100.0,104.0,107.0,116.0,132.5,inferred
South Lanarkshire,2021-06-03,55.0,65.0,72.0,75.0,78.0,83.0,87.0,92.0,97.0,100.0,103.0,112.0,125.0,inferred
South Lanarkshire,2021-06-04,60.0,69.0,77.0,80.0,83.0,88.0,93.0,98.0,104.0,107.0,111.0,121.0,135.0,inferred
South Lanarkshire,2021-06-05,56.5,67.0,74.0,77.0,80.0,85.0,90.0,95.0,101.0,104.0,108.0,119.0,134.0,inferred
South Lanarkshire,2021-06-06,48.0,57.0,64.0,67.0,70.0,75.0,80.0,84.0,89.0,92.0,94.0,104.0,117.0,inferred
South Lanarkshire,2021-06-07,39.0,48.9,55.0,57.0,60.0,63.0,67.0,72.0,77.0,80.0,83.0,92.0,105.0,inferred
South Lanarkshire,2021-06-08,47.0,57.0,63.0,65.0,68.0,72.0,77.0,81.0,87.0,90.0,93.0,102.0,116.5,inferred
South Lanarkshire,2021-06-09,71.5,83.0,91.0,94.0,97.7,102.0,108.0,114.0,120.0,124.0,128.0,138.0,152.5,inferred
South Lanarkshire,2021-06-10,70.0,82.0,90.0,94.0,97.0,102.0,107.0,113.0,118.0,122.0,125.0,135.0,152.0,inferred
South Lanarkshire,2021-06-11,78.0,91.0,100.8,104.0,107.0,113.0,118.0,124.0,131.0,135.0,139.0,149.0,166.5,inferred
South Lanarkshire,2021-06-12,79.0,91.0,99.0,102.0,106.0,112.0,118.0,123.0,130.0,133.0,137.0,149.0,167.0,inferred
South Lanarkshire,2021-06-13,68.0,81.9,88.0,91.0,94.0,101.0,107.0,112.0,117.0,121.0,125.0,134.0,150.5,inferred
South Lanarkshire,2021-06-14,56.5,68.9,76.0,79.0,82.0,87.0,92.0,98.0,103.0,106.0,110.0,121.0,136.5,inferred
South Lanarkshire,2021-06-15,69.0,80.0,88.0,92.0,95.0,100.0,104.0,110.0,117.0,120.0,124.0,135.0,151.5,inferred
South Lanarkshire,2021-06-16,103.0,118.0,129.0,133.0,136.0,143.0,149.0,155.0,162.0,166.0,172.0,183.1,203.0,inferred
South Lanarkshire,2021-06-17,101.0,117.0,127.0,131.0,135.0,141.0,148.0,155.0,163.0,166.0,172.0,186.0,205.0,inferred
South Lanarkshire,2021-06-18,111.0,128.0,140.0,145.0,149.0,157.0,164.0,172.0,180.0,185.0,191.0,206.0,229.0,inferred
South Norfolk,2021-03-06,0.0,1.0,1.0,2.0,2.0,2.0,3.0,4.0,4.0,5.0,5.0,7.0,9.5,inferred
South Norfolk,2021-03-07,0.0,1.0,1.0,2.0,2.0,3.0,3.0,4.0,5.0,5.0,6.0,7.0,9.0,inferred
South Norfolk,2021-03-08,0.0,1.0,2.0,2.0,3.0,3.0,4.0,5.0,5.3,6.0,7.0,8.0,11.0,inferred
South Norfolk,2021-03-09,0.0,1.0,2.0,2.0,2.0,3.0,4.0,4.0,5.0,6.0,6.0,8.0,11.0,inferred
South Norfolk,2021-03-10,0.0,1.0,2.0,2.0,3.0,3.0,4.0,5.0,5.0,6.0,6.0,8.0,11.0,inferred
South Norfolk,2021-03-11,0.0,1.0,2.0,2.0,2.0,3.0,3.0,4.0,5.0,5.0,6.0,8.0,11.0,inferred
South Norfolk,2021-03-12,0.0,1.0,1.0,2.0,2.0,3.0,3.0,4.0,4.0,5.0,5.0,7.0,10.0,inferred
South Norfolk,2021-03-13,0.0,0.0,1.0,1.0,1.0,2.0,2.0,3.0,4.0,4.0,5.0,6.0,8.0,inferred
South Norfolk,2021-03-14,0.0,0.9,1.0,1.0,2.0,2.0,3.0,3.0,4.0,5.0,5.0,7.0,9.0,inferred
South Norfolk,2021-03-15,0.0,1.0,2.0,2.0,2.0,3.0,3.0,4.0,5.0,6.0,6.0,7.0,11.0,inferred
South Norfolk,2021-03-16,0.0,1.0,1.0,2.0,2.0,3.0,3.0,4.0,5.0,5.0,6.0,7.0,11.0,inferred
South Norfolk,2021-03-17,0.0,1.0,1.0,2.0,2.0,3.0,3.0,4.0,5.0,5.0,6.0,8.0,11.0,inferred
South Norfolk,2021-03-18,0.0,1.0,1.0,2.0,2.0,2.0,3.0,4.0,4.0,5.0,5.0,7.0,10.0,inferred
South Norfolk,2021-03-19,0.0,0.0,1.0,1.0,2.0,2.0,3.0,3.0,4.0,4.0,5.0,6.0,9.0,inferred
South Norfolk,2021-03-20,0.0,0.0,1.0,1.0,1.0,2.0,2.0,3.0,3.0,4.0,4.0,5.0,8.0,inferred
South Norfolk,2021-03-21,0.0,0.0,1.0,1.0,1.0,2.0,3.0,3.0,4.0,4.0,5.0,6.0,9.0,inferred
South Norfolk,2021-03-22,0.0,1.0,1.0,2.0,2.0,3.0,3.0,4.0,5.0,5.0,6.0,7.0,10.0,inferred
South Norfolk,2021-03-23,0.0,1.0,1.0,2.0,2.0,3.0,3.0,4.0,5.0,5.0,6.0,7.0,10.0,inferred
South Norfolk,2021-03-24,0.0,1.0,2.0,2.0,2.0,3.0,3.0,4.0,5.0,5.0,6.0,7.0,10.5,inferred
South Norfolk,2021-03-25,0.0,1.0,1.0,2.0,2.0,3.0,3.0,4.0,5.0,5.0,6.0,7.0,10.0,inferred
South Norfolk,2021-03-26,0.0,1.0,1.0,1.0,2.0,2.0,3.0,4.0,4.0,5.0,5.0,7.0,10.0,inferred
South Norfolk,2021-03-27,0.0,0.0,1.0,1.0,1.0,2.0,2.0,3.0,4.0,4.0,4.0,6.0,9.0,inferred
South Norfolk,2021-03-28,0.0,0.0,1.0,1.0,2.0,2.0,3.0,3.4,4.0,5.0,5.0,7.0,9.0,inferred
South Norfolk,2021-03-29,0.0,1.0,2.0,2.0,2.0,3.0,4.0,4.0,5.0,6.0,6.0,8.0,11.0,inferred
South Norfolk,2021-03-30,0.0,1.0,1.0,2.0,2.0,3.0,3.0,4.0,5.0,5.0,6.0,8.0,11.0,inferred
South Norfolk,2021-03-31,0.0,1.0,2.0,2.0,2.0,3.0,4.0,4.0,5.0,6.0,6.0,8.0,12.0,inferred
South Norfolk,2021-04-01,0.0,1.0,2.0,2.0,2.0,3.0,3.0,4.0,5.0,5.2,6.0,8.0,10.0,inferred
South Norfolk,2021-04-02,0.0,0.0,1.0,1.0,2.0,2.0,3.0,3.0,4.0,5.0,5.0,7.0,10.0,inferred
South Norfolk,2021-04-03,0.0,0.0,1.0,1.0,1.0,2.0,2.0,3.0,3.0,4.0,4.0,5.0,8.0,inferred
South Norfolk,2021-04-04,0.0,0.0,1.0,1.0,2.0,2.0,3.0,3.0,4.0,4.0,5.0,6.0,9.0,inferred
South Norfolk,2021-04-05,0.0,1.0,1.0,2.0,2.0,3.0,3.0,4.0,5.0,5.0,6.0,7.0,10.0,inferred
South Norfolk,2021-04-06,0.0,1.0,1.0,2.0,2.0,2.0,3.0,4.0,4.0,5.0,5.0,7.0,9.0,inferred
South Norfolk,2021-04-07,0.0,1.0,1.0,2.0,2.0,2.0,3.0,4.0,4.0,5.0,5.0,7.0,10.0,inferred
South Norfolk,2021-04-08,0.0,1.0,1.0,2.0,2.0,2.0,3.0,4.0,4.0,5.0,5.0,7.0,9.0,inferred
South Norfolk,2021-04-09,0.0,0.0,1.0,1.0,1.0,2.0,2.5,3.0,4.0,4.0,5.0,6.0,9.0,inferred
South Norfolk,2021-04-10,0.0,0.0,0.0,1.0,1.0,1.0,2.0,2.0,3.0,3.0,4.0,5.0,7.0,inferred
South Norfolk,2021-04-11,0.0,0.0,1.0,1.0,1.0,2.0,2.0,3.0,3.0,4.0,4.0,6.0,8.0,inferred
South Norfolk,2021-04-12,0.0,0.0,1.0,1.0,2.0,2.0,3.0,3.0,4.0,4.0,5.0,7.0,9.0,inferred
South Norfolk,2021-04-13,0.0,0.0,1.0,1.0,1.0,2.0,2.0,3.0,4.0,4.0,5.0,6.0,9.0,inferred
South Norfolk,2021-04-14,0.0,0.0,1.0,1.0,1.0,2.0,2.0,3.0,4.0,4.0,5.0,6.0,9.0,inferred
South Norfolk,2021-04-15,0.0,0.0,1.0,1.0,1.0,2.0,2.0,3.0,3.0,4.0,4.0,6.0,8.0,inferred
South Norfolk,2021-04-16,0.0,0.0,1.0,1.0,1.0,1.0,2.0,2.0,3.0,4.0,4.0,5.0,8.0,inferred
South Norfolk,2021-04-17,0.0,0.0,0.0,1.0,1.0,1.0,2.0,2.0,3.0,3.0,3.0,4.0,6.0,inferred
South Norfolk,2021-04-18,0.0,0.0,1.0,1.0,1.0,1.0,2.0,2.0,3.0,3.0,4.0,5.0,7.0,inferred
South Norfolk,2021-04-19,0.0,0.0,1.0,1.0,1.0,2.0,2.0,3.0,4.0,4.0,4.0,6.0,9.0,inferred
South Norfolk,2021-04-20,0.0,0.0,1.0,1.0,1.0,2.0,2.0,3.0,4.0,4.0,5.0,6.0,9.0,inferred
South Norfolk,2021-04-21,0.0,0.0,1.0,1.0,1.0,2.0,2.0,3.0,4.0,4.0,5.0,6.0,9.0,inferred
South Norfolk,2021-04-22,0.0,0.0,1.0,1.0,1.0,2.0,2.0,3.0,4.0,4.0,4.2,6.0,9.0,inferred
South Norfolk,2021-04-23,0.0,0.0,1.0,1.0,1.0,2.0,2.0,3.0,3.0,4.0,4.0,6.0,9.0,inferred
South Norfolk,2021-04-24,0.0,0.0,0.0,1.0,1.0,1.0,2.0,2.0,3.0,3.0,3.0,5.0,7.0,inferred
South Norfolk,2021-04-25,0.0,0.0,1.0,1.0,1.0,2.0,2.0,3.0,3.0,4.0,4.0,6.0,8.0,inferred
South Norfolk,2021-04-26,0.0,0.0,1.0,1.0,2.0,2.0,3.0,3.0,4.0,5.0,5.0,6.0,9.0,inferred
South Norfolk,2021-04-27,0.0,0.0,1.0,1.0,2.0,2.0,3.0,3.0,4.0,5.0,5.0,7.0,10.0,inferred
South Norfolk,2021-04-28,0.0,0.0,1.0,1.0,2.0,2.0,3.0,4.0,4.0,5.0,5.0,7.0,10.0,inferred
South Norfolk,2021-04-29,0.0,0.0,1.0,1.0,2.0,2.0,3.0,3.0,4.0,5.0,5.0,7.0,9.0,inferred
South Norfolk,2021-04-30,0.0,0.0,1.0,1.0,1.0,2.0,2.0,3.0,3.0,4.0,4.0,6.0,9.0,inferred
South Norfolk,2021-05-01,0.0,0.0,0.0,1.0,1.0,1.0,2.0,2.0,3.0,3.0,4.0,5.0,8.0,inferred
South Norfolk,2021-05-02,0.0,0.0,1.0,1.0,1.0,2.0,2.0,3.0,3.0,4.0,4.0,6.0,8.0,inferred
South Norfolk,2021-05-03,0.0,1.0,1.0,2.0,2.0,2.0,3.0,4.0,5.0,5.0,5.0,7.0,10.0,inferred
South Norfolk,2021-05-04,0.0,0.0,1.0,1.0,2.0,2.0,3.0,3.0,4.0,5.0,5.0,7.0,10.0,inferred
South Norfolk,2021-05-05,0.0,1.0,1.0,2.0,2.0,2.0,3.0,3.0,4.0,5.0,5.0,7.0,9.0,inferred
South Norfolk,2021-05-06,0.0,0.0,1.0,1.0,1.0,2.0,3.0,3.0,4.0,4.0,5.0,6.0,8.5,inferred
South Norfolk,2021-05-07,0.0,0.0,1.0,1.0,1.0,2.0,2.0,3.0,3.0,4.0,4.0,6.0,9.0,inferred
South Norfolk,2021-05-08,0.0,0.0,0.0,1.0,1.0,1.0,2.0,2.0,3.0,3.0,3.0,5.0,7.0,inferred
South Norfolk,2021-05-09,0.0,0.0,0.0,1.0,1.0,1.0,2.0,2.0,3.0,3.0,4.0,5.0,8.0,inferred
South Norfolk,2021-05-10,0.0,0.0,1.0,1.0,1.0,2.0,2.0,3.0,4.0,4.0,4.0,6.0,9.0,inferred
South Norfolk,2021-05-11,0.0,0.0,1.0,1.0,1.0,2.0,2.0,3.0,3.0,4.0,4.0,5.0,8.0,inferred
South Norfolk,2021-05-12,0.0,0.0,1.0,1.0,1.0,2.0,2.0,3.0,3.0,4.0,4.0,6.0,8.0,inferred
South Norfolk,2021-05-13,0.0,0.0,0.0,1.0,1.0,1.0,2.0,2.0,3.0,3.0,4.0,5.0,7.0,inferred
South Norfolk,2021-05-14,0.0,0.0,0.0,1.0,1.0,1.0,1.0,2.0,3.0,3.0,3.0,5.0,7.0,inferred
South Norfolk,2021-05-15,0.0,0.0,0.0,0.0,0.0,1.0,1.0,2.0,2.0,2.0,3.0,4.0,6.0,inferred
South Norfolk,2021-05-16,0.0,0.0,0.0,0.0,1.0,1.0,1.0,2.0,2.0,3.0,3.0,4.0,7.0,inferred
South Norfolk,2021-05-17,0.0,0.0,0.0,1.0,1.0,1.0,2.0,2.0,3.0,3.0,3.0,5.0,7.0,inferred
South Norfolk,2021-05-18,0.0,0.0,0.0,0.0,1.0,1.0,2.0,2.0,3.0,3.0,3.0,5.0,7.0,inferred
South Norfolk,2021-05-19,0.0,0.0,0.0,0.0,1.0,1.0,1.0,2.0,3.0,3.0,3.0,5.0,7.0,inferred
South Norfolk,2021-05-20,0.0,0.0,0.0,0.0,1.0,1.0,1.0,2.0,2.0,3.0,3.0,4.0,7.0,inferred
South Norfolk,2021-05-21,0.0,0.0,0.0,0.0,0.0,1.0,1.0,2.0,2.0,2.0,3.0,4.0,6.0,inferred
South Norfolk,2021-05-22,0.0,0.0,0.0,0.0,0.0,0.0,1.0,1.0,2.0,2.0,2.0,3.0,5.5,inferred
South Norfolk,2021-05-23,0.0,0.0,0.0,0.0,0.0,1.0,1.0,1.0,2.0,2.0,3.0,4.0,6.0,inferred
South Norfolk,2021-05-24,0.0,0.0,0.0,0.0,0.0,1.0,1.0,2.0,2.0,3.0,3.0,4.0,6.0,inferred
South Norfolk,2021-05-25,0.0,0.0,0.0,0.0,1.0,1.0,1.0,2.0,2.0,3.0,3.0,4.0,6.0,inferred
South Norfolk,2021-05-26,0.0,0.0,0.0,0.0,1.0,1.0,1.0,2.0,2.0,3.0,3.0,4.0,6.0,inferred
South Norfolk,2021-05-27,0.0,0.0,0.0,0.0,1.0,1.0,1.0,2.0,2.0,3.0,3.0,4.0,7.0,inferred
South Norfolk,2021-05-28,0.0,0.0,0.0,0.0,1.0,1.0,1.0,2.0,2.0,3.0,3.0,4.0,6.5,inferred
South Norfolk,2021-05-29,0.0,0.0,0.0,0.0,0.0,1.0,1.0,1.0,2.0,2.0,2.0,4.0,6.0,inferred
South Norfolk,2021-05-30,0.0,0.0,0.0,0.0,0.0,1.0,1.0,2.0,2.0,3.0,3.0,4.0,6.0,inferred
South Norfolk,2021-05-31,0.0,0.0,0.0,1.0,1.0,1.0,2.0,2.0,3.0,3.0,4.0,5.0,7.0,inferred
South Norfolk,2021-06-01,0.0,0.0,1.0,1.0,1.0,1.0,2.0,2.0,3.0,3.2,4.0,5.0,8.0,inferred
South Norfolk,2021-06-02,0.0,0.0,1.0,1.0,1.0,2.0,2.0,3.0,3.0,4.0,4.0,5.0,8.0,inferred
South Norfolk,2021-06-03,0.0,0.0,1.0,1.0,1.0,2.0,2.0,3.0,3.0,4.0,4.0,6.0,8.0,inferred
South Norfolk,2021-06-04,0.0,0.0,1.0,1.0,1.0,2.0,2.0,3.0,3.0,4.0,4.0,5.1,8.0,inferred
South Norfolk,2021-06-05,0.0,0.0,0.0,1.0,1.0,1.0,2.0,2.0,3.0,3.0,4.0,5.0,7.0,inferred
South Norfolk,2021-06-06,0.0,0.0,1.0,1.0,1.0,2.0,2.0,3.0,4.0,4.0,4.0,6.0,8.0,inferred
South Norfolk,2021-06-07,0.0,1.0,1.0,1.0,2.0,2.0,3.0,4.0,4.0,5.0,5.0,7.0,10.0,inferred
South Norfolk,2021-06-08,0.0,0.0,1.0,1.0,2.0,2.0,3.0,3.0,4.0,5.0,5.0,7.0,9.0,inferred
South Norfolk,2021-06-09,0.0,1.0,1.0,2.0,2.0,3.0,3.0,4.0,5.0,5.0,6.0,8.0,11.0,inferred
South Norfolk,2021-06-10,0.0,1.0,1.0,2.0,2.0,3.0,3.0,4.0,5.0,5.0,6.0,7.0,10.0,inferred
South Norfolk,2021-06-11,0.0,1.0,1.0,2.0,2.0,2.0,3.0,4.0,5.0,5.0,6.0,7.0,10.0,inferred
South Norfolk,2021-06-12,0.0,0.0,1.0,1.0,1.0,2.0,2.0,3.0,4.0,4.0,5.0,6.0,8.0,inferred
South Norfolk,2021-06-13,0.0,1.0,1.0,2.0,2.0,2.0,3.0,4.0,4.0,5.0,5.2,7.0,9.0,inferred
South Norfolk,2021-06-14,0.0,1.0,2.0,2.0,3.0,3.0,4.0,5.0,6.0,6.0,7.0,9.0,12.0,inferred
South Norfolk,2021-06-15,0.0,1.0,2.0,2.0,3.0,3.0,4.0,5.0,6.0,6.0,7.0,8.0,11.0,inferred
South Norfolk,2021-06-16,0.0,1.0,2.0,3.0,3.0,4.0,4.0,5.0,6.0,7.0,7.0,9.0,12.0,inferred
South Norfolk,2021-06-17,0.0,1.0,2.0,2.0,3.0,4.0,4.0,5.0,6.0,6.0,7.0,9.0,12.0,inferred
South Norfolk,2021-06-18,0.0,1.0,2.0,2.0,3.0,3.0,4.0,5.0,5.0,6.0,7.0,8.0,12.0,inferred
South Northamptonshire,2021-03-06,0.0,1.0,1.0,1.0,2.0,2.0,3.0,3.0,4.0,4.0,5.0,6.0,7.0,inferred
South Northamptonshire,2021-03-07,0.0,1.0,2.0,2.0,2.0,3.0,3.0,4.0,5.0,5.0,5.0,7.0,9.0,inferred
South Northamptonshire,2021-03-08,1.0,2.0,2.0,3.0,3.0,4.0,4.0,5.0,5.0,6.0,6.0,8.0,10.0,inferred
South Northamptonshire,2021-03-09,0.0,1.0,2.0,2.0,3.0,3.0,4.0,4.0,5.0,5.2,6.0,7.0,9.0,inferred
South Northamptonshire,2021-03-10,0.0,1.0,2.0,2.0,3.0,3.0,4.0,5.0,5.0,6.0,6.0,8.0,10.0,inferred
South Northamptonshire,2021-03-11,0.0,1.0,2.0,2.0,2.0,3.0,4.0,4.0,5.0,5.0,6.0,7.0,9.0,inferred
South Northamptonshire,2021-03-12,0.0,1.0,2.0,2.0,2.0,3.0,3.0,4.0,4.0,5.0,5.0,6.0,8.0,inferred
South Northamptonshire,2021-03-13,0.0,0.0,1.0,1.0,1.0,2.0,2.0,3.0,4.0,4.0,4.0,5.0,7.0,inferred
South Northamptonshire,2021-03-14,0.0,1.0,1.0,2.0,2.0,2.0,3.0,3.0,4.0,4.0,5.0,6.0,8.0,inferred
South Northamptonshire,2021-03-15,0.0,1.0,2.0,2.0,3.0,3.0,4.0,4.0,5.0,6.0,6.0,7.0,10.0,inferred
South Northamptonshire,2021-03-16,0.0,1.0,2.0,2.0,3.0,3.0,4.0,4.0,5.0,5.0,6.0,7.0,9.0,inferred
South Northamptonshire,2021-03-17,0.0,1.0,2.0,2.0,3.0,3.0,4.0,5.0,5.0,6.0,6.0,8.0,10.0,inferred
South Northamptonshire,2021-03-18,0.0,1.0,2.0,2.0,2.0,3.0,3.0,4.0,5.0,5.0,6.0,7.0,9.0,inferred
South Northamptonshire,2021-03-19,0.0,1.0,2.0,2.0,2.0,3.0,3.0,4.0,4.0,5.0,5.0,7.0,9.0,inferred
South Northamptonshire,2021-03-20,0.0,1.0,1.0,1.0,2.0,2.0,3.0,3.0,4.0,4.0,4.0,5.0,7.0,inferred
South Northamptonshire,2021-03-21,0.0,1.0,1.0,2.0,2.0,3.0,3.0,4.0,4.0,5.0,5.0,6.0,8.0,inferred
South Northamptonshire,2021-03-22,0.0,1.0,2.0,2.0,3.0,3.0,4.0,4.0,5.0,6.0,6.0,8.0,10.0,inferred
South Northamptonshire,2021-03-23,0.0,1.0,2.0,2.0,3.0,3.0,4.0,4.0,5.0,5.0,6.0,7.0,9.0,inferred
South Northamptonshire,2021-03-24,0.0,1.0,2.0,2.0,3.0,3.0,4.0,4.0,5.0,5.0,6.0,7.0,10.0,inferred
South Northamptonshire,2021-03-25,0.0,1.0,2.0,2.0,2.0,3.0,3.0,4.0,5.0,5.0,5.0,7.0,8.5,inferred
South Northamptonshire,2021-03-26,0.0,1.0,1.0,2.0,2.0,3.0,3.0,4.0,4.0,5.0,5.0,6.0,8.0,inferred
South Northamptonshire,2021-03-27,0.0,0.0,1.0,1.0,1.0,2.0,2.0,3.0,3.0,4.0,4.0,5.0,7.0,inferred
South Northamptonshire,2021-03-28,0.0,1.0,1.0,1.0,2.0,2.0,3.0,3.0,4.0,4.0,5.0,6.0,8.0,inferred
South Northamptonshire,2021-03-29,0.0,1.0,2.0,2.0,2.0,3.0,3.0,4.0,5.0,5.0,6.0,7.0,9.0,inferred
South Northamptonshire,2021-03-30,0.0,1.0,2.0,2.0,2.0,3.0,3.0,4.0,4.0,5.0,5.0,7.0,8.5,inferred
South Northamptonshire,2021-03-31,0.0,1.0,2.0,2.0,3.0,3.0,4.0,4.0,5.0,5.0,6.0,7.0,10.0,inferred
South Northamptonshire,2021-04-01,0.0,1.0,2.0,2.0,2.0,3.0,3.0,4.0,4.0,5.0,5.0,6.0,8.0,inferred
South Northamptonshire,2021-04-02,0.0,1.0,1.0,2.0,2.0,2.0,3.0,3.0,4.0,4.0,5.0,6.0,8.0,inferred
South Northamptonshire,2021-04-03,0.0,0.0,1.0,1.0,1.0,2.0,2.0,2.0,3.0,3.0,4.0,5.0,7.0,inferred
South Northamptonshire,2021-04-04,0.0,0.0,1.0,1.0,1.0,2.0,2.0,3.0,3.0,4.0,4.0,5.0,7.0,inferred
South Northamptonshire,2021-04-05,0.0,1.0,1.0,2.0,2.0,2.0,3.0,3.0,4.0,4.0,5.0,6.0,8.0,inferred
South Northamptonshire,2021-04-06,0.0,1.0,1.0,2.0,2.0,2.0,3.0,3.0,4.0,4.0,5.0,6.0,8.0,inferred
South Northamptonshire,2021-04-07,0.0,1.0,1.0,2.0,2.0,2.0,3.0,4.0,4.0,5.0,5.0,6.0,8.5,inferred
South Northamptonshire,2021-04-08,0.0,1.0,1.0,2.0,2.0,2.0,3.0,3.0,4.0,4.0,5.0,6.0,8.0,inferred
South Northamptonshire,2021-04-09,0.0,0.0,1.0,1.0,1.0,2.0,2.0,3.0,3.0,4.0,4.0,5.0,7.0,inferred
South Northamptonshire,2021-04-10,0.0,0.0,1.0,1.0,1.0,1.0,2.0,2.0,3.0,3.0,4.0,5.0,6.0,inferred
South Northamptonshire,2021-04-11,0.0,0.0,1.0,1.0,1.0,2.0,2.0,3.0,3.0,4.0,4.0,5.0,7.0,inferred
South Northamptonshire,2021-04-12,0.0,1.0,1.0,2.0,2.0,2.0,3.0,3.0,4.0,4.0,5.0,6.0,8.0,inferred
South Northamptonshire,2021-04-13,0.0,1.0,1.0,1.0,2.0,2.0,3.0,3.0,4.0,4.0,5.0,6.0,8.0,inferred
South Northamptonshire,2021-04-14,0.0,1.0,1.0,2.0,2.0,2.0,3.0,3.0,4.0,4.0,5.0,6.0,8.0,inferred
South Northamptonshire,2021-04-15,0.0,1.0,1.0,1.0,2.0,2.0,3.0,3.0,4.0,4.0,4.0,5.0,7.0,inferred
South Northamptonshire,2021-04-16,0.0,0.0,1.0,1.0,1.0,2.0,2.0,3.0,3.0,4.0,4.0,5.0,7.0,inferred
South Northamptonshire,2021-04-17,0.0,0.0,0.0,1.0,1.0,1.0,2.0,2.0,3.0,3.0,3.0,4.0,6.0,inferred
South Northamptonshire,2021-04-18,0.0,0.0,1.0,1.0,1.0,1.0,2.0,2.0,3.0,3.0,3.0,5.0,6.0,inferred
South Northamptonshire,2021-04-19,0.0,0.0,1.0,1.0,1.0,2.0,2.0,3.0,3.0,4.0,4.0,5.0,7.0,inferred
South Northamptonshire,2021-04-20,0.0,0.0,1.0,1.0,1.0,2.0,2.0,3.0,3.0,4.0,4.0,5.0,7.0,inferred
South Northamptonshire,2021-04-21,0.0,1.0,1.0,1.0,2.0,2.0,2.0,3.0,4.0,4.0,4.0,5.0,7.0,inferred
South Northamptonshire,2021-04-22,0.0,0.0,1.0,1.0,1.0,2.0,2.0,3.0,3.0,4.0,4.0,5.0,7.0,inferred
South Northamptonshire,2021-04-23,0.0,0.0,1.0,1.0,1.0,2.0,2.0,3.0,3.0,3.2,4.0,5.0,7.0,inferred
South Northamptonshire,2021-04-24,0.0,0.0,0.0,1.0,1.0,1.0,2.0,2.0,3.0,3.0,3.0,4.0,6.0,inferred
South Northamptonshire,2021-04-25,0.0,0.0,1.0,1.0,1.0,2.0,2.0,3.0,3.0,4.0,4.0,5.0,7.0,inferred
South Northamptonshire,2021-04-26,0.0,1.0,1.0,1.0,2.0,2.0,3.0,3.0,4.0,4.0,5.0,6.0,8.0,inferred
South Northamptonshire,2021-04-27,0.0,1.0,1.0,2.0,2.0,2.0,3.0,3.0,4.0,4.0,5.0,6.0,9.0,inferred
South Northamptonshire,2021-04-28,0.0,1.0,2.0,2.0,2.0,3.0,3.0,4.0,5.0,5.0,5.0,7.0,9.0,inferred
South Northamptonshire,2021-04-29,0.0,1.0,2.0,2.0,2.0,3.0,3.0,4.0,4.0,5.0,5.0,6.1,8.5,inferred
South Northamptonshire,2021-04-30,0.0,1.0,1.0,2.0,2.0,2.0,3.0,3.0,4.0,4.0,5.0,6.0,8.0,inferred
South Northamptonshire,2021-05-01,0.0,0.0,1.0,1.0,1.0,2.0,2.0,3.0,4.0,4.0,4.0,6.0,8.0,inferred
South Northamptonshire,2021-05-02,0.0,1.0,2.0,2.0,2.0,2.0,3.0,4.0,4.0,5.0,5.0,6.0,9.0,inferred
South Northamptonshire,2021-05-03,0.0,1.0,2.0,3.0,3.0,3.0,4.0,5.0,5.0,6.0,6.0,8.0,10.0,inferred
South Northamptonshire,2021-05-04,0.5,1.0,2.0,2.0,3.0,3.0,4.0,5.0,5.0,6.0,6.0,8.0,10.0,inferred
South Northamptonshire,2021-05-05,0.0,2.0,2.0,3.0,3.0,4.0,4.0,5.0,6.0,6.0,6.0,8.0,10.0,inferred
South Northamptonshire,2021-05-06,0.0,1.0,2.0,2.0,3.0,3.0,4.0,4.0,5.0,6.0,6.0,7.0,10.0,inferred
South Northamptonshire,2021-05-07,0.0,1.0,2.0,2.0,2.0,3.0,3.0,4.0,5.0,5.0,5.0,7.0,9.0,inferred
South Northamptonshire,2021-05-08,0.0,1.0,1.0,1.0,2.0,2.0,3.0,3.0,4.0,4.0,4.0,5.0,7.0,inferred
South Northamptonshire,2021-05-09,0.0,1.0,1.0,2.0,2.0,2.0,3.0,3.0,4.0,4.0,5.0,6.0,8.0,inferred
South Northamptonshire,2021-05-10,0.0,1.0,2.0,2.0,2.0,3.0,4.0,4.0,5.0,5.0,6.0,7.0,9.0,inferred
South Northamptonshire,2021-05-11,0.0,1.0,2.0,2.0,2.0,3.0,3.0,4.0,4.0,5.0,5.0,7.0,9.0,inferred
South Northamptonshire,2021-05-12,0.0,1.0,2.0,2.0,2.0,3.0,3.0,4.0,5.0,5.0,6.0,7.0,9.0,inferred
South Northamptonshire,2021-05-13,0.0,1.0,1.0,1.0,2.0,2.0,3.0,3.0,4.0,4.0,5.0,6.0,8.0,inferred
South Northamptonshire,2021-05-14,0.0,0.0,1.0,1.0,1.0,2.0,2.0,3.0,3.0,4.0,4.0,5.0,7.0,inferred
South Northamptonshire,2021-05-15,0.0,0.0,1.0,1.0,1.0,1.0,2.0,2.0,3.0,3.0,3.0,4.0,6.0,inferred
South Northamptonshire,2021-05-16,0.0,0.0,1.0,1.0,1.0,2.0,2.0,2.0,3.0,3.0,4.0,5.0,6.0,inferred
South Northamptonshire,2021-05-17,0.0,1.0,1.0,1.0,1.0,2.0,2.0,3.0,3.0,4.0,4.0,5.0,7.0,inferred
South Northamptonshire,2021-05-18,0.0,0.0,1.0,1.0,1.0,2.0,2.0,3.0,3.0,4.0,4.0,5.0,7.0,inferred
South Northamptonshire,2021-05-19,0.0,1.0,1.0,1.0,1.0,2.0,2.0,3.0,3.0,4.0,4.0,5.0,7.0,inferred
South Northamptonshire,2021-05-20,0.0,0.0,1.0,1.0,1.0,2.0,2.0,2.0,3.0,3.0,4.0,5.0,6.5,inferred
South Northamptonshire,2021-05-21,0.0,0.0,1.0,1.0,1.0,1.0,2.0,2.0,3.0,3.0,3.0,4.0,6.0,inferred
South Northamptonshire,2021-05-22,0.0,0.0,0.0,1.0,1.0,1.0,1.0,2.0,2.0,2.0,3.0,4.0,5.0,inferred
South Northamptonshire,2021-05-23,0.0,0.0,0.0,1.0,1.0,1.0,2.0,2.0,3.0,3.0,3.0,4.0,6.0,inferred
South Northamptonshire,2021-05-24,0.0,0.0,1.0,1.0,1.0,2.0,2.0,3.0,4.0,4.0,4.0,5.0,7.0,inferred
South Northamptonshire,2021-05-25,0.0,1.0,1.0,1.0,2.0,2.0,3.0,3.0,4.0,4.0,4.0,6.0,8.0,inferred
South Northamptonshire,2021-05-26,0.0,1.0,1.0,2.0,2.0,2.0,3.0,4.0,4.0,5.0,5.0,6.0,9.0,inferred
South Northamptonshire,2021-05-27,0.0,1.0,1.0,2.0,2.0,2.0,3.0,3.0,4.0,4.0,5.0,6.0,8.0,inferred
South Northamptonshire,2021-05-28,0.0,1.0,1.0,2.0,2.0,2.0,3.0,3.0,4.0,4.0,5.0,6.0,8.0,inferred
South Northamptonshire,2021-05-29,0.0,1.0,1.0,1.0,2.0,2.0,3.0,3.0,4.0,4.0,4.0,5.0,8.0,inferred
South Northamptonshire,2021-05-30,0.0,1.0,2.0,2.0,2.0,3.0,3.0,4.0,4.0,5.0,5.0,6.0,9.0,inferred
South Northamptonshire,2021-05-31,1.0,2.0,3.0,3.0,3.0,4.0,5.0,5.0,6.0,6.0,7.0,8.0,11.0,inferred
South Northamptonshire,2021-06-01,1.0,2.0,3.0,3.0,4.0,4.0,5.0,6.0,6.0,7.0,7.0,9.0,11.0,inferred
South Northamptonshire,2021-06-02,1.0,2.0,3.0,4.0,4.0,5.0,6.0,6.0,7.0,8.0,8.0,10.0,12.0,inferred
South Northamptonshire,2021-06-03,1.0,2.0,3.0,4.0,4.0,5.0,5.0,6.0,7.0,7.0,8.0,9.0,12.0,inferred
South Northamptonshire,2021-06-04,1.0,2.0,3.0,4.0,4.0,5.0,5.0,6.0,7.0,7.0,8.0,9.0,12.0,inferred
South Northamptonshire,2021-06-05,1.0,2.0,2.0,3.0,3.0,4.0,4.0,5.0,6.0,6.0,7.0,8.0,11.0,inferred
South Northamptonshire,2021-06-06,1.0,2.0,3.0,4.0,4.0,5.0,5.0,6.0,7.0,8.0,8.0,10.0,12.0,inferred
South Northamptonshire,2021-06-07,2.0,4.0,5.0,5.0,6.0,7.0,7.0,8.0,9.0,10.0,10.0,12.0,15.0,inferred
South Northamptonshire,2021-06-08,2.0,3.0,5.0,5.0,6.0,6.0,7.0,8.0,9.0,10.0,10.0,12.0,15.0,inferred
South Northamptonshire,2021-06-09,2.0,4.0,5.0,6.0,6.0,7.0,8.0,9.0,10.0,10.0,11.0,13.0,16.0,inferred
South Northamptonshire,2021-06-10,2.0,3.0,5.0,5.0,5.0,6.0,7.0,8.0,9.0,9.0,10.0,12.0,14.0,inferred
South Northamptonshire,2021-06-11,2.0,3.0,4.0,5.0,5.0,6.0,7.0,7.0,8.0,9.0,9.0,11.0,14.0,inferred
South Northamptonshire,2021-06-12,1.0,2.0,3.0,4.0,4.0,5.0,5.0,6.0,7.0,7.0,8.0,10.0,12.0,inferred
South Northamptonshire,2021-06-13,2.0,3.0,4.0,4.0,5.0,6.0,7.0,7.0,8.0,9.0,9.0,11.0,14.0,inferred
South Northamptonshire,2021-06-14,3.0,5.0,6.0,6.0,7.0,8.0,8.0,9.0,11.0,11.0,12.0,14.0,17.0,inferred
South Northamptonshire,2021-06-15,3.0,4.0,6.0,6.0,7.0,8.0,9.0,10.0,11.0,11.0,12.0,14.0,17.0,inferred
South Northamptonshire,2021-06-16,3.0,5.0,7.0,7.0,8.0,8.6,9.0,10.0,12.0,12.0,13.0,15.0,18.0,inferred
South Northamptonshire,2021-06-17,3.0,5.0,6.0,7.0,7.0,8.0,9.0,10.0,11.0,12.0,12.0,14.0,17.0,inferred
South Northamptonshire,2021-06-18,2.0,4.0,5.0,6.0,6.0,7.0,8.0,9.0,10.0,11.0,12.0,14.0,17.5,inferred
South Oxfordshire,2021-03-06,1.0,2.0,3.0,3.0,4.0,4.0,5.0,6.0,6.0,7.0,8.0,9.0,12.0,inferred
South Oxfordshire,2021-03-07,1.0,3.0,4.0,4.0,4.0,5.0,6.0,7.0,7.0,8.0,9.0,10.0,13.0,inferred
South Oxfordshire,2021-03-08,2.0,3.0,4.0,4.0,5.0,6.0,6.0,7.0,8.0,9.0,9.0,11.0,13.0,inferred
South Oxfordshire,2021-03-09,1.0,3.0,4.0,4.0,5.0,5.0,6.0,7.0,8.0,8.0,9.0,10.1,13.0,inferred
South Oxfordshire,2021-03-10,1.0,3.0,4.0,5.0,5.0,6.0,6.0,7.0,8.0,9.0,9.0,11.0,15.0,inferred
South Oxfordshire,2021-03-11,2.0,3.0,4.0,4.0,5.0,6.0,6.0,7.0,8.0,9.0,9.0,11.0,14.0,inferred
South Oxfordshire,2021-03-12,1.0,2.0,3.0,4.0,4.0,5.0,6.0,6.4,7.0,8.0,8.0,10.0,13.0,inferred
South Oxfordshire,2021-03-13,1.0,2.0,3.0,3.0,4.0,4.0,5.0,6.0,7.0,7.0,8.0,9.0,12.0,inferred
South Oxfordshire,2021-03-14,1.0,3.0,4.0,4.0,5.0,5.0,6.0,7.0,8.0,8.0,9.0,11.0,14.0,inferred
South Oxfordshire,2021-03-15,2.0,4.0,5.0,6.0,6.0,7.0,8.0,9.0,10.0,10.0,11.0,13.0,16.0,inferred
South Oxfordshire,2021-03-16,2.0,4.0,5.0,6.0,6.0,7.0,8.0,9.0,10.0,11.0,11.0,13.0,17.0,inferred
South Oxfordshire,2021-03-17,3.0,5.0,6.0,6.0,7.0,8.0,9.0,10.0,11.0,12.0,12.0,14.0,18.5,inferred
South Oxfordshire,2021-03-18,2.0,4.0,5.0,6.0,7.0,7.0,8.0,9.0,10.0,11.0,12.0,14.0,18.0,inferred
South Oxfordshire,2021-03-19,2.0,4.0,5.0,5.0,6.0,7.0,8.0,9.0,10.0,10.0,11.0,13.0,16.0,inferred
South Oxfordshire,2021-03-20,1.0,3.0,4.0,4.0,5.0,5.0,6.0,7.0,8.0,9.0,9.0,11.0,14.0,inferred
South Oxfordshire,2021-03-21,2.0,4.0,5.0,5.0,6.0,7.0,8.0,9.0,10.0,10.0,11.0,13.0,17.0,inferred
South Oxfordshire,2021-03-22,3.0,5.0,6.0,7.0,8.0,9.0,10.0,11.0,12.0,12.0,13.0,15.0,19.0,inferred
South Oxfordshire,2021-03-23,3.0,5.0,6.0,7.0,7.0,8.0,9.0,10.0,11.0,12.0,13.0,15.0,18.0,inferred
South Oxfordshire,2021-03-24,3.0,5.0,6.0,7.0,7.0,9.0,10.0,11.0,12.0,13.0,13.0,15.0,18.5,inferred
South Oxfordshire,2021-03-25,3.0,4.0,6.0,6.0,7.0,7.6,8.0,9.0,11.0,11.0,12.0,14.0,17.0,inferred
South Oxfordshire,2021-03-26,2.0,4.0,5.0,5.0,6.0,7.0,7.0,8.0,9.0,10.0,11.0,13.0,16.0,inferred
South Oxfordshire,2021-03-27,1.0,3.0,4.0,4.0,4.0,5.0,6.0,7.0,8.0,8.0,9.0,11.0,13.0,inferred
South Oxfordshire,2021-03-28,2.0,3.0,4.0,5.0,5.0,6.0,7.0,8.0,9.0,9.0,10.0,12.0,15.0,inferred
South Oxfordshire,2021-03-29,2.0,4.0,5.0,6.0,6.0,7.0,8.0,9.0,10.0,11.0,11.0,14.0,17.0,inferred
South Oxfordshire,2021-03-30,2.0,4.0,5.0,5.0,6.0,7.0,8.0,8.0,9.0,10.0,11.0,13.0,16.0,inferred
South Oxfordshire,2021-03-31,2.0,4.0,5.0,5.0,6.0,7.0,8.0,9.0,10.0,10.0,11.0,13.0,16.0,inferred
South Oxfordshire,2021-04-01,2.0,3.0,4.0,5.0,5.0,6.0,7.0,8.0,9.0,9.0,10.0,11.0,16.0,inferred
South Oxfordshire,2021-04-02,1.0,2.0,3.0,4.0,4.0,5.0,6.0,6.0,7.0,8.0,8.0,10.0,13.0,inferred
South Oxfordshire,2021-04-03,1.0,2.0,2.0,3.0,3.0,4.0,4.0,5.0,6.0,6.0,7.0,8.0,11.0,inferred
South Oxfordshire,2021-04-04,1.0,2.0,3.0,3.0,4.0,4.0,5.0,6.0,6.0,7.0,8.0,9.0,12.0,inferred
South Oxfordshire,2021-04-05,1.0,2.0,3.0,4.0,4.0,5.0,6.0,7.0,7.0,8.0,8.0,10.0,13.0,inferred
South Oxfordshire,2021-04-06,1.0,2.0,3.0,3.8,4.0,5.0,5.0,6.0,7.0,7.2,8.0,10.0,12.0,inferred
South Oxfordshire,2021-04-07,1.0,2.0,3.0,3.0,4.0,4.0,5.0,6.0,7.0,7.0,8.0,9.0,12.0,inferred
South Oxfordshire,2021-04-08,1.0,2.0,3.0,3.0,3.0,4.0,5.0,5.0,6.0,7.0,7.0,9.0,11.0,inferred
South Oxfordshire,2021-04-09,0.0,1.0,2.0,2.0,3.0,3.0,4.0,5.0,5.0,6.0,6.0,8.0,10.5,inferred
South Oxfordshire,2021-04-10,0.0,1.0,1.0,2.0,2.0,2.0,3.0,4.0,4.0,5.0,5.0,6.0,8.0,inferred
South Oxfordshire,2021-04-11,0.0,1.0,2.0,2.0,2.0,3.0,3.0,4.0,5.0,5.0,6.0,7.0,9.0,inferred
South Oxfordshire,2021-04-12,0.0,1.0,2.0,2.0,3.0,3.0,4.0,5.0,5.0,6.0,6.0,8.0,11.0,inferred
South Oxfordshire,2021-04-13,0.0,1.0,2.0,2.0,2.0,3.0,4.0,4.0,5.0,5.0,6.0,7.0,10.0,inferred
South Oxfordshire,2021-04-14,0.0,1.0,2.0,2.0,3.0,3.0,4.0,4.0,5.0,6.0,6.0,7.0,10.0,inferred
South Oxfordshire,2021-04-15,0.0,1.0,2.0,2.0,2.0,3.0,3.0,4.0,5.0,5.0,5.0,7.0,9.0,inferred
South Oxfordshire,2021-04-16,0.0,1.0,1.0,2.0,2.0,2.0,3.0,3.0,4.0,4.0,5.0,6.0,9.0,inferred
South Oxfordshire,2021-04-17,0.0,0.0,1.0,1.0,1.0,2.0,2.0,3.0,3.0,4.0,4.0,5.0,8.0,inferred
South Oxfordshire,2021-04-18,0.0,1.0,1.0,1.0,1.7,2.0,3.0,3.0,4.0,4.0,4.0,6.0,8.0,inferred
South Oxfordshire,2021-04-19,0.0,1.0,1.0,2.0,2.0,3.0,3.0,4.0,4.0,5.0,5.0,7.0,9.0,inferred
South Oxfordshire,2021-04-20,0.0,1.0,1.0,2.0,2.0,2.0,3.0,4.0,4.0,5.0,5.0,6.0,9.0,inferred
South Oxfordshire,2021-04-21,0.0,1.0,1.0,2.0,2.0,2.0,3.0,4.0,4.0,5.0,5.0,6.0,9.0,inferred
South Oxfordshire,2021-04-22,0.0,0.0,1.0,1.0,1.7,2.0,3.0,3.0,4.0,4.0,4.0,6.0,8.0,inferred
South Oxfordshire,2021-04-23,0.0,0.0,1.0,1.0,1.0,2.0,2.0,3.0,3.0,4.0,4.0,5.0,7.0,inferred
South Oxfordshire,2021-04-24,0.0,0.0,0.0,1.0,1.0,1.0,2.0,2.0,3.0,3.0,3.0,4.0,6.0,inferred
South Oxfordshire,2021-04-25,0.0,0.0,1.0,1.0,1.0,2.0,2.0,3.0,3.0,4.0,4.0,5.0,7.0,inferred
South Oxfordshire,2021-04-26,0.0,0.0,1.0,1.0,2.0,2.0,3.0,3.0,4.0,4.0,5.0,6.0,8.0,inferred
South Oxfordshire,2021-04-27,0.0,0.0,1.0,1.0,1.0,2.0,2.0,3.0,4.0,4.0,4.0,6.0,8.0,inferred
South Oxfordshire,2021-04-28,0.0,1.0,1.0,1.0,1.0,2.0,2.0,3.0,4.0,4.0,4.0,6.0,8.0,inferred
South Oxfordshire,2021-04-29,0.0,0.0,1.0,1.0,1.0,2.0,2.0,3.0,3.0,4.0,4.0,5.0,7.5,inferred
South Oxfordshire,2021-04-30,0.0,0.0,1.0,1.0,1.0,1.0,2.0,2.0,3.0,3.0,4.0,5.0,7.0,inferred
South Oxfordshire,2021-05-01,0.0,0.0,0.0,0.0,1.0,1.0,1.0,2.0,2.0,3.0,3.0,4.0,6.0,inferred
South Oxfordshire,2021-05-02,0.0,0.0,1.0,1.0,1.0,1.0,2.0,2.0,3.0,3.0,3.0,4.0,6.0,inferred
South Oxfordshire,2021-05-03,0.0,0.0,1.0,1.0,1.0,2.0,2.0,3.0,3.0,3.0,4.0,5.0,7.0,inferred
South Oxfordshire,2021-05-04,0.0,0.0,1.0,1.0,1.0,1.0,2.0,2.0,3.0,3.0,4.0,5.0,7.0,inferred
South Oxfordshire,2021-05-05,0.0,0.0,1.0,1.0,1.0,1.0,2.0,2.0,3.0,3.0,4.0,5.0,7.0,inferred
South Oxfordshire,2021-05-06,0.0,0.0,1.0,1.0,1.0,1.0,2.0,2.0,3.0,3.0,4.0,4.1,7.0,inferred
South Oxfordshire,2021-05-07,0.0,0.0,0.0,1.0,1.0,1.0,1.0,2.0,2.0,3.0,3.0,4.0,6.0,inferred
South Oxfordshire,2021-05-08,0.0,0.0,0.0,0.0,0.0,1.0,1.0,2.0,2.0,2.0,3.0,3.0,5.0,inferred
South Oxfordshire,2021-05-09,0.0,0.0,0.0,1.0,1.0,1.0,1.0,2.0,2.0,3.0,3.0,4.0,6.0,inferred
South Oxfordshire,2021-05-10,0.0,0.0,0.0,1.0,1.0,1.0,2.0,2.0,3.0,3.0,3.0,4.0,6.0,inferred
South Oxfordshire,2021-05-11,0.0,0.0,1.0,1.0,1.0,1.0,2.0,2.0,3.0,3.0,3.0,5.0,6.0,inferred
South Oxfordshire,2021-05-12,0.0,0.0,1.0,1.0,1.0,1.0,2.0,2.0,3.0,3.0,4.0,5.0,7.0,inferred
South Oxfordshire,2021-05-13,0.0,0.0,1.0,1.0,1.0,1.0,2.0,2.0,3.0,3.0,3.0,4.0,6.0,inferred
South Oxfordshire,2021-05-14,0.0,0.0,0.0,1.0,1.0,1.0,1.0,2.0,2.0,3.0,3.0,4.0,6.0,inferred
South Oxfordshire,2021-05-15,0.0,0.0,0.0,0.0,1.0,1.0,1.0,2.0,2.0,2.0,2.0,3.0,5.0,inferred
South Oxfordshire,2021-05-16,0.0,0.0,0.0,1.0,1.0,1.0,2.0,2.0,2.0,3.0,3.0,4.0,6.0,inferred
South Oxfordshire,2021-05-17,0.0,0.0,1.0,1.0,1.0,1.0,2.0,2.0,3.0,3.0,4.0,5.0,7.0,inferred
South Oxfordshire,2021-05-18,0.0,0.0,1.0,1.0,1.0,2.0,2.0,3.0,3.0,4.0,4.0,5.0,8.0,inferred
South Oxfordshire,2021-05-19,0.0,1.0,1.0,1.0,2.0,2.0,3.0,3.0,4.0,4.0,5.0,6.0,8.0,inferred
South Oxfordshire,2021-05-20,0.0,1.0,1.0,2.0,2.0,2.0,3.0,3.0,4.0,4.0,5.0,6.0,8.0,inferred
South Oxfordshire,2021-05-21,0.0,1.0,1.0,2.0,2.0,2.0,3.0,3.0,4.0,4.0,5.0,6.0,8.0,inferred
South Oxfordshire,2021-05-22,0.0,1.0,1.0,1.0,2.0,2.0,3.0,3.0,4.0,4.0,5.0,6.0,8.0,inferred
South Oxfordshire,2021-05-23,0.0,1.0,2.0,2.0,2.0,3.0,3.0,4.0,5.0,5.0,6.0,7.0,10.0,inferred
South Oxfordshire,2021-05-24,1.0,2.0,3.0,3.0,4.0,4.0,5.0,6.0,6.3,7.0,8.0,9.0,12.0,inferred
South Oxfordshire,2021-05-25,1.0,2.0,3.0,3.0,4.0,5.0,5.0,6.0,7.0,7.0,8.0,10.0,12.5,inferred
South Oxfordshire,2021-05-26,2.0,3.0,4.0,4.0,5.0,6.0,6.0,7.0,8.0,9.0,10.0,11.0,14.0,inferred
South Oxfordshire,2021-05-27,2.0,3.0,4.0,5.0,5.0,6.0,7.0,8.0,8.0,9.0,10.0,11.0,15.0,inferred
South Oxfordshire,2021-05-28,1.0,3.0,4.0,4.0,5.0,6.0,7.0,7.0,8.0,9.0,9.2,11.0,14.0,inferred
South Oxfordshire,2021-05-29,1.0,2.0,3.0,4.0,4.0,5.0,6.0,7.0,7.0,8.0,9.0,10.0,13.0,inferred
South Oxfordshire,2021-05-30,2.0,4.0,5.0,5.0,6.0,7.0,8.0,9.0,10.0,10.0,11.0,13.0,16.0,inferred
South Oxfordshire,2021-05-31,3.0,5.0,7.0,8.0,8.0,9.0,10.0,12.0,13.0,13.0,14.0,16.0,20.0,inferred
South Oxfordshire,2021-06-01,4.0,6.0,7.0,8.0,8.0,10.0,11.0,12.0,13.0,14.0,15.0,17.0,20.0,inferred
South Oxfordshire,2021-06-02,5.0,7.0,8.0,9.0,9.0,10.0,12.0,13.0,14.0,15.0,16.0,18.0,22.0,inferred
South Oxfordshire,2021-06-03,4.0,6.0,8.0,8.0,9.0,10.0,11.0,12.0,13.0,14.0,15.0,17.0,21.0,inferred
South Oxfordshire,2021-06-04,3.0,5.0,6.8,7.0,8.0,9.0,10.0,11.0,12.0,13.0,13.0,16.0,19.0,inferred
South Oxfordshire,2021-06-05,3.0,4.0,5.0,6.0,6.0,7.0,8.0,9.0,10.0,11.0,12.0,14.0,17.0,inferred
South Oxfordshire,2021-06-06,3.0,5.0,6.0,7.0,8.0,9.0,9.0,10.0,11.0,12.0,13.0,15.0,18.0,inferred
South Oxfordshire,2021-06-07,5.0,7.0,8.0,9.0,10.0,11.0,11.0,13.0,14.0,15.0,16.0,18.0,22.0,inferred
South Oxfordshire,2021-06-08,4.5,7.0,8.0,9.0,9.0,11.0,12.0,13.0,14.0,15.0,15.0,18.0,22.0,inferred
South Oxfordshire,2021-06-09,5.0,7.0,9.0,10.0,10.0,11.0,12.0,14.0,15.0,16.0,17.0,19.0,24.0,inferred
South Oxfordshire,2021-06-10,5.0,7.0,8.0,9.0,9.0,11.0,12.0,13.0,14.0,15.0,15.0,18.0,22.0,inferred
South Oxfordshire,2021-06-11,4.0,6.0,7.0,8.0,8.0,9.0,10.0,11.0,13.0,13.0,14.0,16.0,20.0,inferred
South Oxfordshire,2021-06-12,3.0,5.0,6.0,7.0,7.0,8.0,9.0,10.0,11.0,12.0,12.0,14.0,18.0,inferred
South Oxfordshire,2021-06-13,4.0,6.0,8.0,8.0,9.0,10.0,11.0,12.0,13.0,14.0,15.0,17.0,20.0,inferred
South Oxfordshire,2021-06-14,6.0,9.0,10.0,11.0,12.0,13.0,14.0,15.0,17.0,17.0,18.0,21.0,25.0,inferred
South Oxfordshire,2021-06-15,6.0,8.0,10.0,11.0,11.0,13.0,14.0,15.0,17.0,17.2,18.0,21.0,25.0,inferred
South Oxfordshire,2021-06-16,6.0,9.0,11.0,12.0,13.0,14.0,15.0,17.0,18.0,19.0,20.0,22.1,26.5,inferred
South Oxfordshire,2021-06-17,6.0,9.0,11.0,11.0,12.0,13.0,14.0,16.0,17.0,18.0,19.0,21.0,25.0,inferred
South Oxfordshire,2021-06-18,5.0,8.0,9.0,10.0,11.0,12.0,13.0,14.0,15.0,16.0,17.0,20.0,24.0,inferred
South Ribble,2021-03-06,6.0,8.0,10.0,11.0,11.0,12.0,13.0,15.0,16.0,16.0,17.0,19.0,23.0,inferred
South Ribble,2021-03-07,8.0,10.0,12.0,13.0,13.0,14.0,16.0,17.0,18.0,19.0,20.0,22.0,26.0,inferred
South Ribble,2021-03-08,10.0,13.0,15.0,16.0,17.0,18.0,20.0,21.0,23.0,24.0,25.0,27.0,32.0,inferred
South Ribble,2021-03-09,10.0,13.0,15.0,16.0,16.0,18.0,19.0,21.0,22.0,23.0,24.0,27.0,31.0,inferred
South Ribble,2021-03-10,10.0,13.0,15.0,15.0,16.0,18.0,19.0,20.0,22.0,22.0,23.0,26.0,30.0,inferred
South Ribble,2021-03-11,8.0,11.0,13.0,14.0,15.0,16.0,17.0,19.0,20.0,21.0,22.0,25.0,29.0,inferred
South Ribble,2021-03-12,7.0,9.0,11.0,12.0,12.0,14.0,15.0,16.0,17.0,18.0,19.0,22.0,26.0,inferred
South Ribble,2021-03-13,4.0,7.0,8.0,9.0,9.0,10.0,11.0,12.0,13.0,14.0,15.0,17.0,20.5,inferred
South Ribble,2021-03-14,5.0,7.0,9.0,10.0,10.0,11.0,12.0,14.0,15.0,16.0,16.0,19.0,23.0,inferred
South Ribble,2021-03-15,7.0,9.0,11.0,12.0,13.0,14.0,16.0,17.0,18.0,19.0,20.0,23.0,27.0,inferred
South Ribble,2021-03-16,6.0,9.0,11.0,12.0,13.0,14.0,15.0,16.0,18.0,19.0,20.0,22.0,26.0,inferred
South Ribble,2021-03-17,6.0,9.0,11.0,12.0,12.0,13.0,15.0,16.0,17.0,18.0,19.0,22.0,26.0,inferred
South Ribble,2021-03-18,6.0,8.0,10.0,10.8,11.0,12.0,13.0,15.0,16.0,17.0,18.0,20.0,24.0,inferred
South Ribble,2021-03-19,5.0,7.0,8.0,9.0,10.0,11.0,12.0,13.0,14.0,15.0,16.0,18.0,21.0,inferred
South Ribble,2021-03-20,3.0,5.0,6.0,7.0,7.0,8.0,9.0,10.0,11.0,12.0,13.0,14.0,18.0,inferred
South Ribble,2021-03-21,4.0,6.0,7.0,8.0,8.0,9.0,10.0,11.0,12.0,13.0,14.0,16.0,19.0,inferred
South Ribble,2021-03-22,5.0,7.0,9.0,10.0,10.0,12.0,13.0,14.0,15.0,16.0,17.0,19.0,23.0,inferred
South Ribble,2021-03-23,5.0,7.0,9.0,9.0,10.0,11.0,12.0,13.0,15.0,15.0,16.0,18.0,22.0,inferred
South Ribble,2021-03-24,4.0,6.0,8.0,9.0,9.0,10.0,11.0,13.0,14.0,15.0,15.0,18.0,22.0,inferred
South Ribble,2021-03-25,3.0,5.9,7.0,8.0,8.0,9.0,10.0,11.0,12.0,13.0,14.0,16.0,19.0,inferred
South Ribble,2021-03-26,3.0,4.0,6.0,6.0,7.0,8.0,9.0,10.0,10.0,11.0,12.0,14.0,17.0,inferred
South Ribble,2021-03-27,1.0,3.0,4.0,4.0,5.0,5.0,6.0,7.0,8.0,9.0,9.0,11.0,14.0,inferred
South Ribble,2021-03-28,2.0,3.0,4.0,5.0,5.0,6.0,7.0,8.0,9.0,9.0,10.0,12.0,15.0,inferred
South Ribble,2021-03-29,2.5,4.0,6.0,6.0,7.0,7.0,8.0,9.0,10.0,11.0,12.0,14.0,16.0,inferred
South Ribble,2021-03-30,3.0,4.0,5.0,6.0,6.0,7.0,8.0,9.0,10.0,10.0,11.0,13.0,17.0,inferred
South Ribble,2021-03-31,2.0,4.0,5.0,5.0,6.0,7.0,8.0,9.0,10.0,10.0,11.0,13.0,16.0,inferred
South Ribble,2021-04-01,2.0,3.0,4.0,5.0,5.0,6.0,7.0,8.0,9.0,9.0,10.0,12.0,15.0,inferred
South Ribble,2021-04-02,1.0,3.0,4.0,4.0,4.0,5.0,6.0,7.0,8.0,8.0,9.0,10.0,13.0,inferred
South Ribble,2021-04-03,1.0,2.0,3.0,3.0,3.0,4.0,5.0,5.0,6.0,6.0,7.0,8.0,10.0,inferred
South Ribble,2021-04-04,1.0,2.0,3.0,3.0,4.0,4.0,5.0,6.0,7.0,7.0,8.0,9.0,12.0,inferred
South Ribble,2021-04-05,1.0,3.0,4.0,4.0,4.0,5.0,6.0,7.0,8.0,8.0,9.0,11.0,14.0,inferred
South Ribble,2021-04-06,1.0,2.0,3.0,4.0,4.0,5.0,6.0,7.0,7.3,8.0,9.0,11.0,14.0,inferred
South Ribble,2021-04-07,1.0,2.0,3.0,4.0,4.0,5.0,6.0,7.0,7.0,8.0,8.0,10.0,13.0,inferred
South Ribble,2021-04-08,1.0,2.0,3.0,3.0,4.0,4.0,5.0,6.0,7.0,7.0,8.0,9.0,11.0,inferred
South Ribble,2021-04-09,0.0,1.0,2.0,3.0,3.0,4.0,4.0,5.0,6.0,6.0,7.0,8.0,10.0,inferred
South Ribble,2021-04-10,0.0,1.0,1.0,2.0,2.0,2.0,3.0,4.0,4.0,5.0,5.0,7.0,9.0,inferred
South Ribble,2021-04-11,0.0,1.0,2.0,2.0,2.0,3.0,3.0,4.0,5.0,5.0,6.0,7.0,9.0,inferred
South Ribble,2021-04-12,0.0,1.0,2.0,2.0,3.0,3.0,4.0,5.0,5.0,6.0,6.0,8.0,11.0,inferred
South Ribble,2021-04-13,0.0,1.0,2.0,2.0,3.0,3.0,4.0,4.0,5.0,5.0,6.0,7.0,10.0,inferred
South Ribble,2021-04-14,0.0,1.0,2.0,2.0,2.0,3.0,4.0,4.0,5.0,5.0,6.0,7.0,10.0,inferred
South Ribble,2021-04-15,0.0,1.0,1.0,2.0,2.0,3.0,3.0,4.0,4.3,5.0,5.0,7.0,10.0,inferred
South Ribble,2021-04-16,0.0,1.0,1.0,1.0,2.0,2.0,3.0,3.0,4.0,4.0,5.0,6.0,8.0,inferred
South Ribble,2021-04-17,0.0,0.0,1.0,1.0,1.0,1.0,2.0,2.0,3.0,3.0,4.0,5.0,6.0,inferred
South Ribble,2021-04-18,0.0,0.0,1.0,1.0,1.0,2.0,2.0,3.0,3.0,4.0,4.0,5.0,7.0,inferred
South Ribble,2021-04-19,0.0,1.0,1.0,2.0,2.0,2.0,3.0,4.0,4.0,5.0,5.0,6.0,8.5,inferred
South Ribble,2021-04-20,0.0,1.0,1.0,1.0,2.0,2.0,3.0,3.0,4.0,4.0,5.0,6.0,8.5,inferred
South Ribble,2021-04-21,0.0,1.0,1.0,2.0,2.0,3.0,3.0,3.0,4.0,5.0,5.0,6.0,9.0,inferred
South Ribble,2021-04-22,0.0,1.0,1.0,2.0,2.0,2.0,3.0,3.0,4.0,4.0,5.0,6.0,9.0,inferred
South Ribble,2021-04-23,0.0,0.0,1.0,1.0,1.0,2.0,2.0,3.0,4.0,4.0,4.0,5.0,8.0,inferred
South Ribble,2021-04-24,0.0,0.0,1.0,1.0,1.0,2.0,2.0,2.0,3.0,3.0,4.0,5.0,7.0,inferred
South Ribble,2021-04-25,0.0,0.0,1.0,1.0,1.0,2.0,2.0,3.0,3.0,4.0,4.0,5.0,7.0,inferred
South Ribble,2021-04-26,0.0,1.0,1.0,2.0,2.0,2.0,3.0,4.0,4.0,5.0,5.0,6.0,8.0,inferred
South Ribble,2021-04-27,0.0,1.0,1.0,2.0,2.0,3.0,3.0,4.0,4.0,5.0,5.0,6.0,8.0,inferred
South Ribble,2021-04-28,0.0,1.0,1.0,2.0,2.0,2.0,3.0,4.0,4.0,5.0,5.0,6.0,9.0,inferred
South Ribble,2021-04-29,0.0,1.0,1.0,1.0,2.0,2.0,3.0,3.0,4.0,4.0,5.0,6.0,8.0,inferred
South Ribble,2021-04-30,0.0,0.0,1.0,1.0,1.0,2.0,2.0,3.0,3.0,4.0,4.0,5.0,7.0,inferred
South Ribble,2021-05-01,0.0,0.0,1.0,1.0,1.0,1.0,2.0,2.0,3.0,3.0,3.0,4.0,6.0,inferred
South Ribble,2021-05-02,0.0,0.0,1.0,1.0,1.0,2.0,2.0,3.0,3.0,3.0,4.0,5.0,7.0,inferred
South Ribble,2021-05-03,0.0,1.0,1.0,1.0,2.0,2.0,3.0,3.0,4.0,4.0,5.0,6.0,8.0,inferred
South Ribble,2021-05-04,0.0,1.0,1.0,1.0,2.0,2.0,3.0,3.0,4.0,4.0,5.0,6.0,8.0,inferred
South Ribble,2021-05-05,0.0,1.0,1.0,2.0,2.0,2.0,3.0,3.0,4.0,5.0,5.0,6.0,9.0,inferred
South Ribble,2021-05-06,0.0,1.0,1.0,2.0,2.0,2.0,3.0,3.0,4.0,4.0,5.0,6.0,8.5,inferred
South Ribble,2021-05-07,0.0,0.0,1.0,1.0,2.0,2.0,3.0,3.0,4.0,4.0,5.0,6.0,8.0,inferred
South Ribble,2021-05-08,0.0,0.0,1.0,1.0,1.0,2.0,2.0,3.0,3.0,3.0,4.0,5.0,7.0,inferred
South Ribble,2021-05-09,0.0,0.0,1.0,1.0,2.0,2.0,3.0,3.0,4.0,4.0,4.0,5.0,8.0,inferred
South Ribble,2021-05-10,0.0,1.0,2.0,2.0,2.0,3.0,3.0,4.0,5.0,5.0,6.0,7.0,9.0,inferred
South Ribble,2021-05-11,0.0,1.0,2.0,2.0,2.0,3.0,3.5,4.0,5.0,5.0,6.0,7.0,9.0,inferred
South Ribble,2021-05-12,0.0,1.0,2.0,2.0,2.7,3.0,4.0,4.0,5.0,6.0,6.0,7.0,10.0,inferred
South Ribble,2021-05-13,0.0,1.0,2.0,2.0,2.0,3.0,4.0,4.0,5.0,6.0,6.0,7.0,10.0,inferred
South Ribble,2021-05-14,0.0,1.0,2.0,2.0,2.0,3.0,3.0,4.0,5.0,5.0,6.0,7.0,9.0,inferred
South Ribble,2021-05-15,0.0,1.0,1.0,2.0,2.0,2.0,3.0,3.0,4.0,4.0,5.0,6.0,8.0,inferred
South Ribble,2021-05-16,0.0,1.0,2.0,2.0,2.0,3.0,4.0,4.0,5.0,5.0,6.0,7.0,9.0,inferred
South Ribble,2021-05-17,1.0,2.0,3.0,3.0,4.0,4.0,5.0,6.0,6.0,7.0,8.0,9.0,12.0,inferred
South Ribble,2021-05-18,1.0,2.0,3.0,4.0,4.0,5.0,6.0,7.0,8.0,8.0,9.0,10.0,13.0,inferred
South Ribble,2021-05-19,1.5,3.0,4.0,5.0,5.0,6.0,7.0,8.0,9.0,9.0,10.0,12.0,15.0,inferred
South Ribble,2021-05-20,2.0,4.0,5.0,5.0,6.0,7.0,8.0,9.0,10.0,10.0,11.0,13.0,16.0,inferred
South Ribble,2021-05-21,2.0,4.0,5.0,6.0,6.0,7.0,8.0,9.0,10.0,11.0,11.0,13.0,16.5,inferred
South Ribble,2021-05-22,2.0,4.0,5.0,5.0,6.0,6.0,7.0,8.0,9.0,10.0,10.0,12.0,15.0,inferred
South Ribble,2021-05-23,3.0,5.0,7.0,7.0,8.0,9.0,10.0,11.0,12.0,13.0,13.0,16.0,19.0,inferred
South Ribble,2021-05-24,6.0,9.0,11.0,12.0,12.0,14.0,15.0,16.0,17.0,18.0,19.0,22.0,26.0,inferred
South Ribble,2021-05-25,8.0,11.0,12.0,13.0,14.0,15.0,17.0,18.0,19.3,20.0,21.0,24.0,28.5,inferred
South Ribble,2021-05-26,10.0,13.0,15.0,16.0,17.0,18.0,19.0,21.0,22.0,23.0,24.0,27.0,32.0,inferred
South Ribble,2021-05-27,11.0,14.0,16.0,17.0,18.0,20.0,21.0,23.0,24.0,25.0,26.0,29.0,33.0,inferred
South Ribble,2021-05-28,11.0,14.0,16.0,17.0,18.0,20.0,21.0,22.0,24.0,25.0,26.0,29.0,34.0,inferred
South Ribble,2021-05-29,9.0,12.0,15.0,15.0,16.0,18.0,19.0,20.0,22.0,23.0,24.0,26.0,30.0,inferred
South Ribble,2021-05-30,13.0,17.0,19.0,20.0,21.0,23.0,24.0,26.0,28.0,29.0,30.0,33.0,40.0,inferred
South Ribble,2021-05-31,22.0,27.0,30.0,31.0,32.0,34.0,36.0,38.0,40.0,41.0,43.0,47.0,52.0,inferred
South Ribble,2021-06-01,24.0,29.0,33.0,34.0,35.0,37.0,39.0,41.0,43.0,44.0,46.0,50.0,56.0,inferred
South Ribble,2021-06-02,28.0,32.0,36.0,37.0,38.0,40.0,42.0,44.0,47.0,48.0,49.0,54.0,60.0,inferred
South Ribble,2021-06-03,28.0,33.0,36.0,38.0,39.0,41.0,43.0,45.0,48.0,49.0,51.0,55.0,61.0,inferred
South Ribble,2021-06-04,26.5,31.0,34.0,35.0,36.0,39.0,41.0,43.0,45.0,46.0,47.0,52.0,58.0,inferred
South Ribble,2021-06-05,21.0,26.0,29.0,30.0,31.0,33.0,34.0,36.0,38.0,39.0,41.0,45.0,51.0,inferred
South Ribble,2021-06-06,26.0,31.0,35.0,36.0,37.0,39.0,41.0,43.0,46.0,47.0,49.0,52.0,59.0,inferred
South Ribble,2021-06-07,38.0,44.0,48.0,49.0,50.0,53.0,56.0,58.0,61.0,62.0,64.0,69.0,75.5,inferred
South Ribble,2021-06-08,38.0,44.0,48.0,49.0,51.0,54.0,56.0,59.0,61.0,63.0,65.0,70.0,78.0,inferred
South Ribble,2021-06-09,39.0,45.0,48.0,50.0,52.0,54.0,57.0,59.0,62.0,63.0,65.0,69.0,76.0,inferred
South Ribble,2021-06-10,36.0,42.0,46.0,48.0,49.0,51.0,54.0,56.0,59.0,60.0,62.0,66.0,74.0,inferred
South Ribble,2021-06-11,31.5,36.9,40.0,41.0,42.0,45.0,47.0,49.0,52.0,53.0,55.0,59.0,66.0,inferred
South Ribble,2021-06-12,24.0,28.0,31.0,32.0,33.0,35.0,37.0,39.0,41.0,42.0,44.0,48.0,54.0,inferred
South Ribble,2021-06-13,28.0,33.0,37.0,38.0,39.0,41.0,43.0,45.0,48.0,49.0,50.0,55.0,61.0,inferred
South Ribble,2021-06-14,39.0,44.0,48.0,49.0,50.0,52.0,55.0,58.0,60.0,62.0,63.0,68.0,76.0,inferred
South Ribble,2021-06-15,37.0,43.0,47.0,48.0,49.0,52.0,54.0,56.0,59.0,60.0,62.0,67.0,74.0,inferred
South Ribble,2021-06-16,36.0,42.0,47.0,48.0,49.0,52.0,54.0,57.0,59.0,61.0,63.0,66.0,74.0,inferred
South Ribble,2021-06-17,33.0,39.0,43.0,44.0,46.0,48.0,50.0,53.0,55.0,57.0,58.0,63.0,71.5,inferred
South Ribble,2021-06-18,26.0,32.0,36.0,37.0,39.0,41.0,44.0,46.0,49.0,50.0,52.0,57.0,64.0,inferred
South Somerset,2021-03-06,3.0,4.0,6.0,6.0,7.0,8.0,8.0,9.0,10.0,11.0,12.0,14.0,17.0,inferred
South Somerset,2021-03-07,4.0,7.0,9.0,9.0,10.0,11.0,12.0,13.0,14.0,15.0,16.0,18.0,22.0,inferred
South Somerset,2021-03-08,7.0,10.0,11.0,12.0,13.0,14.0,15.0,17.0,18.0,19.0,20.0,22.0,26.0,inferred
South Somerset,2021-03-09,6.0,8.0,10.0,10.0,11.0,12.0,13.0,14.0,16.0,16.0,17.0,19.0,23.0,inferred
South Somerset,2021-03-10,7.0,10.0,12.0,12.0,13.0,14.0,15.0,17.0,18.0,19.0,20.0,22.0,26.0,inferred
South Somerset,2021-03-11,6.0,9.0,10.0,11.0,12.0,13.0,14.0,15.0,17.0,17.0,18.0,21.0,25.0,inferred
South Somerset,2021-03-12,4.0,7.0,8.0,9.0,9.0,10.0,11.0,13.0,14.0,15.0,15.0,18.0,21.0,inferred
South Somerset,2021-03-13,3.0,4.0,6.0,6.0,7.0,8.0,9.0,10.0,10.3,11.0,12.0,14.0,17.0,inferred
South Somerset,2021-03-14,4.0,7.0,8.0,9.0,9.0,10.0,11.0,13.0,14.0,15.0,15.0,18.0,21.0,inferred
South Somerset,2021-03-15,6.0,8.0,10.0,11.0,12.0,13.0,14.0,15.0,17.0,17.0,18.0,21.0,25.0,inferred
South Somerset,2021-03-16,5.0,7.0,9.0,9.0,10.0,11.0,12.0,13.0,14.0,15.0,16.0,18.0,22.0,inferred
South Somerset,2021-03-17,6.0,9.0,11.0,11.0,12.0,13.0,14.0,15.0,17.0,18.0,19.0,21.0,26.0,inferred
South Somerset,2021-03-18,6.0,8.0,10.0,10.0,11.0,12.0,14.0,15.0,16.0,17.0,18.0,20.0,24.0,inferred
South Somerset,2021-03-19,5.0,7.0,8.0,9.0,9.0,10.0,11.0,13.0,14.0,15.0,16.0,18.0,21.0,inferred
South Somerset,2021-03-20,3.0,5.0,6.0,6.0,7.0,8.0,9.0,10.0,11.0,12.0,12.0,14.0,17.0,inferred
South Somerset,2021-03-21,5.0,7.0,9.0,9.0,10.0,11.0,12.0,13.0,14.0,15.0,16.0,19.0,23.0,inferred
South Somerset,2021-03-22,7.0,9.0,11.0,12.0,13.0,14.0,15.0,17.0,18.0,19.0,20.0,23.0,27.0,inferred
South Somerset,2021-03-23,5.0,8.0,10.0,10.0,11.0,12.0,13.0,14.0,16.0,17.0,17.0,20.0,24.0,inferred
South Somerset,2021-03-24,7.0,9.0,11.0,12.0,13.0,14.0,15.0,16.0,18.0,18.0,19.0,22.0,25.0,inferred
South Somerset,2021-03-25,6.0,8.0,9.0,10.0,11.0,12.0,13.0,14.0,16.0,16.0,17.0,19.0,24.0,inferred
South Somerset,2021-03-26,4.0,6.0,7.0,8.0,8.0,9.0,10.0,11.0,12.0,13.0,14.0,16.0,19.0,inferred
South Somerset,2021-03-27,2.0,4.0,5.0,5.0,6.0,7.0,7.0,8.0,9.0,10.0,10.0,12.0,15.0,inferred
South Somerset,2021-03-28,3.0,5.0,6.0,7.0,7.0,8.0,9.0,10.0,11.0,12.0,13.0,15.0,18.0,inferred
South Somerset,2021-03-29,4.0,6.0,7.0,8.0,9.0,10.0,10.0,12.0,13.0,13.0,14.0,16.0,20.0,inferred
South Somerset,2021-03-30,2.0,4.0,5.0,6.0,6.0,7.0,8.0,9.0,10.0,11.0,12.0,13.0,16.5,inferred
South Somerset,2021-03-31,3.0,5.0,6.0,7.0,7.0,8.0,9.0,10.0,11.0,12.0,12.0,15.0,18.0,inferred
South Somerset,2021-04-01,2.0,4.0,5.0,5.0,6.0,7.0,8.0,9.0,10.0,10.0,11.0,13.0,16.0,inferred
South Somerset,2021-04-02,1.0,3.0,3.0,4.0,4.0,5.0,6.0,6.4,7.0,8.0,9.0,10.0,13.0,inferred
South Somerset,2021-04-03,0.0,1.0,2.0,2.0,3.0,3.0,4.0,5.0,5.0,6.0,6.0,8.0,11.0,inferred
South Somerset,2021-04-04,1.0,2.0,3.0,3.0,4.0,4.0,5.0,6.0,7.0,7.0,8.0,9.0,12.0,inferred
South Somerset,2021-04-05,1.0,2.0,3.0,4.0,4.0,5.0,6.0,7.0,7.0,8.0,8.0,10.0,13.0,inferred
South Somerset,2021-04-06,1.0,2.0,2.0,3.0,3.0,4.0,4.0,5.0,6.0,6.0,7.0,9.0,11.0,inferred
South Somerset,2021-04-07,1.0,2.0,3.0,3.0,3.0,4.0,5.0,6.0,6.0,7.0,7.0,9.0,11.0,inferred
South Somerset,2021-04-08,0.0,1.0,2.0,3.0,3.0,4.0,4.0,5.0,6.0,6.0,7.0,8.0,11.0,inferred
South Somerset,2021-04-09,0.0,1.0,2.0,2.0,2.0,3.0,3.0,4.0,5.0,5.0,5.2,7.0,10.0,inferred
South Somerset,2021-04-10,0.0,0.0,1.0,1.0,1.0,2.0,2.0,3.0,3.0,4.0,4.0,5.0,8.0,inferred
South Somerset,2021-04-11,0.0,1.0,1.0,2.0,2.0,2.0,3.0,4.0,4.0,5.0,5.0,6.0,8.0,inferred
South Somerset,2021-04-12,0.0,1.0,2.0,2.0,2.0,3.0,3.0,4.0,5.0,5.0,6.0,7.0,9.0,inferred
South Somerset,2021-04-13,0.0,1.0,1.0,2.0,2.0,2.0,3.0,3.0,4.0,4.0,5.0,6.0,8.0,inferred
South Somerset,2021-04-14,0.0,1.0,1.0,2.0,2.0,3.0,3.0,4.0,5.0,5.0,5.0,7.0,9.0,inferred
South Somerset,2021-04-15,0.0,1.0,1.0,2.0,2.0,2.0,3.0,4.0,4.0,4.0,5.0,6.0,9.0,inferred
South Somerset,2021-04-16,0.0,0.0,1.0,1.0,1.0,2.0,2.0,3.0,3.0,4.0,4.0,5.0,8.0,inferred
South Somerset,2021-04-17,0.0,0.0,0.0,1.0,1.0,1.0,2.0,2.0,3.0,3.0,3.0,4.0,6.0,inferred
South Somerset,2021-04-18,0.0,0.0,1.0,1.0,1.0,2.0,2.0,3.0,3.0,4.0,4.0,5.0,7.0,inferred
South Somerset,2021-04-19,0.0,1.0,1.0,1.0,2.0,2.0,3.0,3.0,4.0,4.0,5.0,6.0,8.0,inferred
South Somerset,2021-04-20,0.0,0.0,1.0,1.0,1.0,2.0,2.0,3.0,3.0,4.0,4.0,5.0,7.0,inferred
South Somerset,2021-04-21,0.0,0.0,1.0,1.0,1.0,2.0,2.0,3.0,4.0,4.0,4.0,6.0,8.0,inferred
South Somerset,2021-04-22,0.0,0.0,1.0,1.0,1.0,1.0,2.0,2.0,3.0,3.0,4.0,5.0,7.0,inferred
South Somerset,2021-04-23,0.0,0.0,0.0,1.0,1.0,1.0,2.0,2.0,2.0,3.0,3.0,4.0,6.0,inferred
South Somerset,2021-04-24,0.0,0.0,0.0,0.0,0.0,1.0,1.0,1.0,2.0,2.0,2.0,3.0,5.0,inferred
South Somerset,2021-04-25,0.0,0.0,0.0,1.0,1.0,1.0,1.0,2.0,2.0,3.0,3.0,4.0,6.0,inferred
South Somerset,2021-04-26,0.0,0.0,1.0,1.0,1.0,1.0,2.0,2.0,3.0,3.0,4.0,5.0,6.0,inferred
South Somerset,2021-04-27,0.0,0.0,0.0,1.0,1.0,1.0,2.0,2.0,3.0,3.0,3.0,4.0,6.0,inferred
South Somerset,2021-04-28,0.0,0.0,1.0,1.0,1.0,1.0,2.0,2.0,3.0,3.0,3.0,5.0,6.5,inferred
South Somerset,2021-04-29,0.0,0.0,1.0,1.0,1.0,1.0,2.0,2.0,3.0,3.0,3.0,4.0,6.0,inferred
South Somerset,2021-04-30,0.0,0.0,0.0,0.0,1.0,1.0,1.0,2.0,2.0,3.0,3.0,4.0,5.0,inferred
South Somerset,2021-05-01,0.0,0.0,0.0,0.0,0.0,1.0,1.0,1.0,2.0,2.0,2.0,3.0,5.0,inferred
South Somerset,2021-05-02,0.0,0.0,0.0,0.0,1.0,1.0,1.0,2.0,2.0,2.0,3.0,4.0,6.0,inferred
South Somerset,2021-05-03,0.0,0.0,0.0,1.0,1.0,1.0,2.0,2.0,2.0,3.0,3.0,4.0,6.0,inferred
South Somerset,2021-05-04,0.0,0.0,0.0,0.0,1.0,1.0,1.0,2.0,2.0,2.0,3.0,4.0,5.0,inferred
South Somerset,2021-05-05,0.0,0.0,0.0,0.0,1.0,1.0,1.0,2.0,2.0,3.0,3.0,4.0,6.0,inferred
South Somerset,2021-05-06,0.0,0.0,0.0,0.0,1.0,1.0,1.0,2.0,2.0,2.0,3.0,4.0,5.0,inferred
South Somerset,2021-05-07,0.0,0.0,0.0,0.0,0.0,1.0,1.0,1.0,2.0,2.0,2.0,3.0,4.5,inferred
South Somerset,2021-05-08,0.0,0.0,0.0,0.0,0.0,0.0,1.0,1.0,1.0,1.0,2.0,2.0,4.0,inferred
South Somerset,2021-05-09,0.0,0.0,0.0,0.0,0.0,0.0,1.0,1.0,1.0,2.0,2.0,3.0,4.0,inferred
South Somerset,2021-05-10,0.0,0.0,0.0,0.0,0.0,1.0,1.0,1.0,2.0,2.0,2.0,3.0,5.0,inferred
South Somerset,2021-05-11,0.0,0.0,0.0,0.0,0.0,0.0,1.0,1.0,1.0,2.0,2.0,3.0,4.0,inferred
South Somerset,2021-05-12,0.0,0.0,0.0,0.0,0.0,1.0,1.0,1.0,2.0,2.0,2.0,3.0,4.0,inferred
South Somerset,2021-05-13,0.0,0.0,0.0,0.0,0.0,0.0,1.0,1.0,1.0,2.0,2.0,3.0,4.0,inferred
South Somerset,2021-05-14,0.0,0.0,0.0,0.0,0.0,0.0,0.0,1.0,1.0,1.0,2.0,2.0,3.0,inferred
South Somerset,2021-05-15,0.0,0.0,0.0,0.0,0.0,0.0,0.0,0.0,1.0,1.0,1.0,2.0,3.0,inferred
South Somerset,2021-05-16,0.0,0.0,0.0,0.0,0.0,0.0,0.0,1.0,1.0,1.0,1.0,2.0,4.0,inferred
South Somerset,2021-05-17,0.0,0.0,0.0,0.0,0.0,0.0,1.0,1.0,1.0,2.0,2.0,3.0,4.0,inferred
South Somerset,2021-05-18,0.0,0.0,0.0,0.0,0.0,0.0,0.0,1.0,1.0,1.0,2.0,2.0,4.0,inferred
South Somerset,2021-05-19,0.0,0.0,0.0,0.0,0.0,0.0,1.0,1.0,1.0,1.0,2.0,3.0,4.0,inferred
South Somerset,2021-05-20,0.0,0.0,0.0,0.0,0.0,0.0,1.0,1.0,1.0,1.0,2.0,3.0,4.0,inferred
South Somerset,2021-05-21,0.0,0.0,0.0,0.0,0.0,0.0,0.0,1.0,1.0,1.0,1.0,2.0,4.0,inferred
South Somerset,2021-05-22,0.0,0.0,0.0,0.0,0.0,0.0,0.0,0.0,1.0,1.0,1.0,2.0,3.0,inferred
South Somerset,2021-05-23,0.0,0.0,0.0,0.0,0.0,0.0,0.0,1.0,1.0,1.0,1.0,2.0,3.5,inferred
South Somerset,2021-05-24,0.0,0.0,0.0,0.0,0.0,0.0,1.0,1.0,1.0,2.0,2.0,3.0,4.0,inferred
South Somerset,2021-05-25,0.0,0.0,0.0,0.0,0.0,0.0,1.0,1.0,1.0,1.0,2.0,3.0,4.0,inferred
South Somerset,2021-05-26,0.0,0.0,0.0,0.0,0.0,0.0,1.0,1.0,1.0,2.0,2.0,3.0,5.0,inferred
South Somerset,2021-05-27,0.0,0.0,0.0,0.0,0.0,0.0,1.0,1.0,1.0,2.0,2.0,3.0,5.0,inferred
South Somerset,2021-05-28,0.0,0.0,0.0,0.0,0.0,0.0,1.0,1.0,1.0,2.0,2.0,2.1,4.0,inferred
South Somerset,2021-05-29,0.0,0.0,0.0,0.0,0.0,0.0,0.0,1.0,1.0,1.0,1.0,2.0,3.0,inferred
South Somerset,2021-05-30,0.0,0.0,0.0,0.0,0.0,0.0,1.0,1.0,1.0,2.0,2.0,3.0,4.0,inferred
South Somerset,2021-05-31,0.0,0.0,0.0,0.0,0.0,1.0,1.0,1.0,2.0,2.0,2.0,4.0,6.0,inferred
South Somerset,2021-06-01,0.0,0.0,0.0,0.0,0.0,1.0,1.0,1.0,2.0,2.0,2.0,3.0,5.0,inferred
South Somerset,2021-06-02,0.0,0.0,0.0,1.0,1.0,1.0,1.0,2.0,2.0,3.0,3.0,4.0,6.0,inferred
South Somerset,2021-06-03,0.0,0.0,0.0,1.0,1.0,1.0,2.0,2.0,2.3,3.0,3.0,4.0,6.0,inferred
South Somerset,2021-06-04,0.0,0.0,0.0,1.0,1.0,1.0,1.0,2.0,2.0,3.0,3.0,4.0,6.0,inferred
South Somerset,2021-06-05,0.0,0.0,0.0,0.0,0.0,1.0,1.0,1.0,2.0,2.0,3.0,3.0,5.0,inferred
South Somerset,2021-06-06,0.0,0.0,1.0,1.0,1.0,1.0,2.0,2.0,3.0,3.0,4.0,5.0,7.0,inferred
South Somerset,2021-06-07,0.0,1.0,1.0,1.0,2.0,2.0,3.0,3.0,4.0,4.0,5.0,6.0,8.0,inferred
South Somerset,2021-06-08,0.0,1.0,1.0,1.0,2.0,2.0,3.0,3.0,4.0,4.0,4.0,6.0,8.0,inferred
South Somerset,2021-06-09,0.0,1.0,2.0,2.0,2.0,3.0,3.0,4.0,5.0,5.0,6.0,7.0,10.0,inferred
South Somerset,2021-06-10,0.0,1.0,2.0,2.0,2.0,3.0,3.0,4.0,5.0,5.0,6.0,7.0,10.0,inferred
South Somerset,2021-06-11,0.0,1.0,2.0,2.0,2.0,3.0,3.0,4.0,5.0,5.0,6.0,7.0,9.0,inferred
South Somerset,2021-06-12,0.0,1.0,1.0,2.0,2.0,2.0,3.0,3.0,4.0,4.0,5.0,6.0,8.0,inferred
South Somerset,2021-06-13,0.0,2.0,2.0,3.0,3.0,4.0,4.0,5.0,6.0,6.0,7.0,8.0,11.0,inferred
South Somerset,2021-06-14,1.0,2.0,3.0,4.0,4.0,5.0,6.0,6.0,7.0,8.0,9.0,11.0,13.0,inferred
South Somerset,2021-06-15,1.0,2.0,3.0,3.0,4.0,4.0,5.0,6.0,7.0,7.0,8.0,10.0,12.0,inferred
South Somerset,2021-06-16,2.0,3.0,4.0,5.0,5.0,6.0,7.0,8.0,9.0,9.0,10.0,12.0,15.0,inferred
South Somerset,2021-06-17,1.0,3.0,4.0,4.0,5.0,6.0,7.0,8.0,9.0,9.0,10.0,12.0,16.0,inferred
South Somerset,2021-06-18,1.0,2.0,3.0,4.0,4.0,5.0,6.0,7.0,8.0,8.0,9.0,11.0,14.0,inferred
South Staffordshire,2021-03-06,2.0,3.0,4.0,4.0,5.0,6.0,6.0,7.0,8.0,9.0,9.0,11.0,14.0,inferred
South Staffordshire,2021-03-07,2.0,3.9,5.0,5.0,6.0,6.0,7.0,8.0,9.0,10.0,10.0,12.0,14.5,inferred
South Staffordshire,2021-03-08,3.0,5.0,6.0,7.0,7.0,8.0,9.0,10.0,11.0,12.0,12.0,14.0,17.0,inferred
South Staffordshire,2021-03-09,3.0,5.0,6.0,7.0,7.0,8.0,9.0,10.0,11.0,12.0,12.0,14.0,17.0,inferred
South Staffordshire,2021-03-10,3.0,5.0,7.0,7.0,7.0,8.0,9.5,11.0,12.0,12.0,13.0,15.0,18.0,inferred
South Staffordshire,2021-03-11,3.0,4.0,6.0,6.0,7.0,8.0,8.0,9.0,10.0,11.0,12.0,13.0,16.0,inferred
South Staffordshire,2021-03-12,2.0,4.0,5.0,6.0,6.0,7.0,8.0,9.0,10.0,10.0,11.0,13.0,16.0,inferred
South Staffordshire,2021-03-13,2.0,3.0,4.0,4.0,5.0,6.0,6.0,7.0,8.0,8.0,9.0,11.0,14.0,inferred
South Staffordshire,2021-03-14,2.0,4.0,5.0,5.0,6.0,7.0,8.0,8.0,9.0,10.0,11.0,12.0,16.0,inferred
South Staffordshire,2021-03-15,3.0,5.0,7.0,7.0,8.0,9.0,10.0,11.0,12.0,12.0,13.0,15.0,19.0,inferred
South Staffordshire,2021-03-16,3.0,5.0,6.0,7.0,7.0,8.0,9.0,10.0,11.0,12.0,13.0,15.0,18.0,inferred
South Staffordshire,2021-03-17,4.0,5.0,7.0,7.0,8.0,9.0,10.0,11.0,12.0,12.0,13.0,15.0,18.0,inferred
South Staffordshire,2021-03-18,3.0,4.0,6.0,6.0,7.0,7.0,8.0,9.0,10.0,11.0,12.0,14.0,17.0,inferred
South Staffordshire,2021-03-19,2.0,4.0,5.0,5.0,6.0,7.0,7.0,8.0,9.0,10.0,10.0,12.0,15.0,inferred
South Staffordshire,2021-03-20,1.0,3.0,3.0,4.0,4.0,5.0,6.0,7.0,7.3,8.0,9.0,10.0,13.0,inferred
South Staffordshire,2021-03-21,2.0,3.0,4.0,4.0,5.0,5.0,6.0,7.0,8.0,8.0,9.0,11.0,14.0,inferred
South Staffordshire,2021-03-22,2.0,4.0,5.0,6.0,6.0,7.0,8.0,9.0,10.0,10.0,11.0,13.0,16.0,inferred
South Staffordshire,2021-03-23,2.0,3.0,4.0,5.0,5.0,6.0,7.0,8.0,9.0,10.0,10.0,12.0,15.0,inferred
South Staffordshire,2021-03-24,2.0,3.0,4.0,5.0,5.0,6.0,7.0,8.0,9.0,9.0,10.0,12.0,14.0,inferred
South Staffordshire,2021-03-25,1.0,2.0,3.0,4.0,4.0,5.0,6.0,6.0,7.0,8.0,8.2,10.0,12.0,inferred
South Staffordshire,2021-03-26,1.0,2.0,3.0,3.0,3.0,4.0,5.0,5.0,6.0,7.0,7.0,9.0,12.0,inferred
South Staffordshire,2021-03-27,0.0,1.0,2.0,2.0,2.0,3.0,3.0,4.0,5.0,5.0,5.0,7.0,9.0,inferred
South Staffordshire,2021-03-28,0.0,1.0,2.0,2.0,3.0,3.0,4.0,4.0,5.0,5.0,6.0,7.0,10.0,inferred
South Staffordshire,2021-03-29,0.0,2.0,2.0,3.0,3.0,4.0,4.0,5.0,6.0,6.0,7.0,8.0,11.0,inferred
South Staffordshire,2021-03-30,0.0,1.0,2.0,2.0,3.0,3.0,4.0,5.0,5.0,6.0,6.0,7.0,10.0,inferred
South Staffordshire,2021-03-31,0.0,1.0,2.0,2.0,2.0,3.0,4.0,4.0,5.0,5.0,6.0,7.0,10.0,inferred
South Staffordshire,2021-04-01,0.0,1.0,1.0,2.0,2.0,2.0,3.0,4.0,4.0,5.0,5.0,6.0,9.0,inferred
South Staffordshire,2021-04-02,0.0,0.0,1.0,1.0,2.0,2.0,2.0,3.0,4.0,4.0,4.0,5.0,8.0,inferred
South Staffordshire,2021-04-03,0.0,0.0,1.0,1.0,1.0,1.0,2.0,2.0,3.0,3.0,3.0,4.0,6.0,inferred
South Staffordshire,2021-04-04,0.0,0.0,1.0,1.0,1.0,2.0,2.0,2.0,3.0,3.0,4.0,5.0,7.0,inferred
South Staffordshire,2021-04-05,0.0,0.0,1.0,1.0,1.7,2.0,2.0,3.0,4.0,4.0,4.0,5.0,7.0,inferred
South Staffordshire,2021-04-06,0.0,0.0,1.0,1.0,1.0,2.0,2.0,3.0,3.0,4.0,4.0,5.0,7.0,inferred
South Staffordshire,2021-04-07,0.0,0.0,1.0,1.0,1.0,2.0,2.0,3.0,3.0,4.0,4.0,5.0,7.0,inferred
South Staffordshire,2021-04-08,0.0,0.0,1.0,1.0,1.0,1.0,2.0,2.0,3.0,3.0,4.0,5.0,6.0,inferred
South Staffordshire,2021-04-09,0.0,0.0,1.0,1.0,1.0,1.0,2.0,2.0,3.0,3.0,3.0,4.0,6.0,inferred
South Staffordshire,2021-04-10,0.0,0.0,0.0,0.0,1.0,1.0,1.0,2.0,2.0,2.0,3.0,4.0,6.0,inferred
South Staffordshire,2021-04-11,0.0,0.0,0.0,1.0,1.0,1.0,1.0,2.0,2.0,3.0,3.0,4.0,6.0,inferred
South Staffordshire,2021-04-12,0.0,0.0,1.0,1.0,1.0,1.0,2.0,2.0,3.0,3.0,3.0,5.0,7.0,inferred
South Staffordshire,2021-04-13,0.0,0.0,1.0,1.0,1.0,1.0,2.0,2.0,3.0,3.0,3.0,5.0,6.5,inferred
South Staffordshire,2021-04-14,0.0,0.0,1.0,1.0,1.0,1.0,2.0,2.0,3.0,3.0,4.0,5.0,7.0,inferred
South Staffordshire,2021-04-15,0.0,0.0,0.0,1.0,1.0,1.0,2.0,2.0,3.0,3.0,3.2,4.0,6.0,inferred
South Staffordshire,2021-04-16,0.0,0.0,0.0,1.0,1.0,1.0,2.0,2.0,3.0,3.0,3.0,4.0,6.0,inferred
South Staffordshire,2021-04-17,0.0,0.0,0.0,0.0,1.0,1.0,1.0,2.0,2.0,2.0,3.0,4.0,5.0,inferred
South Staffordshire,2021-04-18,0.0,0.0,0.0,1.0,1.0,1.0,1.0,2.0,2.0,3.0,3.0,4.0,6.0,inferred
South Staffordshire,2021-04-19,0.0,0.0,1.0,1.0,1.0,2.0,2.0,3.0,3.0,3.0,4.0,5.0,7.0,inferred
South Staffordshire,2021-04-20,0.0,0.0,1.0,1.0,1.0,2.0,2.0,2.0,3.0,3.0,4.0,5.0,7.0,inferred
South Staffordshire,2021-04-21,0.0,0.0,1.0,1.0,1.0,2.0,2.0,2.0,3.0,3.0,4.0,5.0,7.0,inferred
South Staffordshire,2021-04-22,0.0,0.0,1.0,1.0,1.0,1.0,2.0,2.0,3.0,3.0,3.0,5.0,7.0,inferred
South Staffordshire,2021-04-23,0.0,0.0,1.0,1.0,1.0,1.0,2.0,2.0,3.0,3.0,3.0,4.0,6.0,inferred
South Staffordshire,2021-04-24,0.0,0.0,0.0,0.0,1.0,1.0,1.0,2.0,2.0,2.0,3.0,4.0,5.0,inferred
South Staffordshire,2021-04-25,0.0,0.0,0.0,1.0,1.0,1.0,2.0,2.0,2.0,3.0,3.0,4.0,6.0,inferred
South Staffordshire,2021-04-26,0.0,0.0,1.0,1.0,1.0,1.0,2.0,2.0,3.0,3.0,4.0,5.0,6.0,inferred
South Staffordshire,2021-04-27,0.0,0.0,1.0,1.0,1.0,1.0,2.0,2.0,3.0,3.0,4.0,5.0,7.0,inferred
South Staffordshire,2021-04-28,0.0,0.0,1.0,1.0,1.0,2.0,2.0,2.0,3.0,3.0,4.0,5.0,6.0,inferred
South Staffordshire,2021-04-29,0.0,0.0,1.0,1.0,1.0,1.0,2.0,2.0,3.0,3.0,3.0,4.0,6.0,inferred
South Staffordshire,2021-04-30,0.0,0.0,0.0,1.0,1.0,1.0,1.0,2.0,2.0,3.0,3.0,4.0,6.0,inferred
South Staffordshire,2021-05-01,0.0,0.0,0.0,0.0,0.0,1.0,1.0,1.0,2.0,2.0,2.0,3.0,5.0,inferred
South Staffordshire,2021-05-02,0.0,0.0,0.0,0.0,1.0,1.0,1.0,2.0,2.0,2.0,3.0,4.0,5.0,inferred
South Staffordshire,2021-05-03,0.0,0.0,0.0,1.0,1.0,1.0,1.0,2.0,2.0,3.0,3.0,4.0,6.0,inferred
South Staffordshire,2021-05-04,0.0,0.0,0.0,1.0,1.0,1.0,1.0,2.0,2.0,3.0,3.0,4.0,6.0,inferred
South Staffordshire,2021-05-05,0.0,0.0,0.0,0.0,1.0,1.0,1.0,2.0,2.0,3.0,3.0,4.0,6.0,inferred
South Staffordshire,2021-05-06,0.0,0.0,0.0,0.0,1.0,1.0,1.0,2.0,2.0,2.0,3.0,4.0,5.0,inferred
South Staffordshire,2021-05-07,0.0,0.0,0.0,0.0,0.0,1.0,1.0,1.0,2.0,2.0,2.0,3.0,5.0,inferred
South Staffordshire,2021-05-08,0.0,0.0,0.0,0.0,0.0,1.0,1.0,1.0,2.0,2.0,2.0,3.0,5.0,inferred
South Staffordshire,2021-05-09,0.0,0.0,0.0,0.0,0.0,1.0,1.0,1.0,2.0,2.0,2.0,3.0,5.0,inferred
South Staffordshire,2021-05-10,0.0,0.0,0.0,0.0,0.0,1.0,1.0,2.0,2.0,2.0,3.0,4.0,5.0,inferred
South Staffordshire,2021-05-11,0.0,0.0,0.0,0.0,0.0,1.0,1.0,2.0,2.0,2.0,2.0,3.0,5.0,inferred
South Staffordshire,2021-05-12,0.0,0.0,0.0,0.0,1.0,1.0,1.0,2.0,2.0,2.0,3.0,4.0,5.0,inferred
South Staffordshire,2021-05-13,0.0,0.0,0.0,0.0,0.0,1.0,1.0,1.0,2.0,2.0,2.0,3.0,5.0,inferred
South Staffordshire,2021-05-14,0.0,0.0,0.0,0.0,0.0,1.0,1.0,1.0,2.0,2.0,2.0,3.0,5.0,inferred
South Staffordshire,2021-05-15,0.0,0.0,0.0,0.0,0.0,0.0,1.0,1.0,1.0,2.0,2.0,3.0,4.0,inferred
South Staffordshire,2021-05-16,0.0,0.0,0.0,0.0,0.0,1.0,1.0,1.0,2.0,2.0,2.0,3.0,5.0,inferred
South Staffordshire,2021-05-17,0.0,0.0,0.0,0.0,1.0,1.0,1.0,2.0,2.0,2.0,3.0,4.0,5.0,inferred
South Staffordshire,2021-05-18,0.0,0.0,0.0,0.0,1.0,1.0,1.0,2.0,2.0,2.0,3.0,4.0,5.0,inferred
South Staffordshire,2021-05-19,0.0,0.0,0.0,0.0,1.0,1.0,1.0,2.0,2.0,3.0,3.0,4.0,5.0,inferred
South Staffordshire,2021-05-20,0.0,0.0,0.0,0.0,1.0,1.0,1.0,2.0,2.0,2.0,3.0,4.0,5.0,inferred
South Staffordshire,2021-05-21,0.0,0.0,0.0,0.0,1.0,1.0,1.0,2.0,2.0,2.0,3.0,3.0,5.0,inferred
South Staffordshire,2021-05-22,0.0,0.0,0.0,0.0,0.0,1.0,1.0,1.0,2.0,2.0,2.0,3.0,5.0,inferred
South Staffordshire,2021-05-23,0.0,0.0,0.0,0.0,1.0,1.0,1.0,2.0,2.0,2.0,3.0,4.0,5.0,inferred
South Staffordshire,2021-05-24,0.0,0.0,1.0,1.0,1.0,1.0,2.0,2.0,3.0,3.0,3.0,4.0,7.0,inferred
South Staffordshire,2021-05-25,0.0,0.0,0.0,1.0,1.0,1.0,2.0,2.0,3.0,3.0,3.0,4.0,6.0,inferred
South Staffordshire,2021-05-26,0.0,0.0,1.0,1.0,1.0,1.0,2.0,2.0,3.0,3.0,4.0,5.0,7.0,inferred
South Staffordshire,2021-05-27,0.0,0.0,1.0,1.0,1.0,1.0,2.0,2.0,3.0,3.0,3.0,4.0,6.0,inferred
South Staffordshire,2021-05-28,0.0,0.0,0.0,1.0,1.0,1.0,2.0,2.0,3.0,3.0,3.0,4.0,6.0,inferred
South Staffordshire,2021-05-29,0.0,0.0,0.0,0.0,1.0,1.0,1.0,2.0,2.0,3.0,3.0,4.0,6.0,inferred
South Staffordshire,2021-05-30,0.0,0.0,0.0,1.0,1.0,1.0,2.0,2.0,3.0,3.0,3.0,4.0,6.5,inferred
South Staffordshire,2021-05-31,0.0,0.0,1.0,1.0,1.0,2.0,2.0,3.0,4.0,4.0,4.0,6.0,8.0,inferred
South Staffordshire,2021-06-01,0.0,1.0,1.0,1.0,2.0,2.0,3.0,3.0,4.0,4.0,5.0,6.0,8.0,inferred
South Staffordshire,2021-06-02,0.0,1.0,2.0,2.0,2.0,3.0,3.0,4.0,4.0,5.0,5.0,7.0,9.0,inferred
South Staffordshire,2021-06-03,0.0,1.0,2.0,2.0,2.0,3.0,3.0,4.0,4.0,5.0,5.0,7.0,9.0,inferred
South Staffordshire,2021-06-04,0.0,1.0,2.0,2.0,2.0,3.0,3.0,4.0,5.0,5.0,6.0,7.0,9.0,inferred
South Staffordshire,2021-06-05,0.0,1.0,1.0,2.0,2.0,2.0,3.0,4.0,4.0,5.0,5.0,6.0,8.0,inferred
South Staffordshire,2021-06-06,0.0,1.0,2.0,2.0,3.0,3.0,4.0,4.0,5.0,5.0,6.0,7.1,10.0,inferred
South Staffordshire,2021-06-07,1.0,2.0,3.0,3.0,4.0,4.0,5.0,6.0,7.0,7.0,8.0,10.0,12.0,inferred
South Staffordshire,2021-06-08,1.0,2.0,3.0,4.0,4.0,5.0,6.0,6.0,7.0,8.0,8.0,10.0,13.0,inferred
South Staffordshire,2021-06-09,1.0,3.0,4.0,4.8,5.0,6.0,6.0,7.0,8.0,9.0,9.0,11.0,14.0,inferred
South Staffordshire,2021-06-10,1.0,3.0,4.0,4.0,4.0,5.0,6.0,7.0,8.0,8.0,9.0,10.0,13.0,inferred
South Staffordshire,2021-06-11,1.0,2.9,4.0,4.0,4.0,5.0,6.0,7.0,7.0,8.0,9.0,10.0,13.5,inferred
South Staffordshire,2021-06-12,1.0,2.0,3.0,3.0,4.0,4.0,5.0,6.0,7.0,7.0,8.0,9.1,12.0,inferred
South Staffordshire,2021-06-13,1.0,3.0,4.0,5.0,5.0,6.0,7.0,7.0,8.0,9.0,9.0,11.0,14.0,inferred
South Staffordshire,2021-06-14,3.0,4.0,6.0,6.0,7.0,8.0,9.0,10.0,11.0,11.0,12.0,14.0,17.5,inferred
South Staffordshire,2021-06-15,3.0,5.0,6.0,6.0,7.0,8.0,9.0,10.0,11.0,12.0,12.0,14.0,17.5,inferred
South Staffordshire,2021-06-16,3.0,5.0,7.0,7.0,8.0,9.0,10.0,11.0,12.0,13.0,14.0,16.0,19.0,inferred
South Staffordshire,2021-06-17,3.0,5.0,7.0,7.0,8.0,9.0,10.0,11.0,12.0,13.0,13.0,16.0,19.0,inferred
South Staffordshire,2021-06-18,3.0,5.0,6.0,7.0,7.0,8.0,9.0,10.0,12.0,12.0,13.0,15.0,19.0,inferred
South Tyneside,2021-03-06,5.0,7.0,9.0,9.0,10.0,11.0,12.0,13.0,15.0,15.0,16.0,19.0,22.0,inferred
South Tyneside,2021-03-07,6.0,8.0,10.0,10.0,11.0,13.0,14.0,15.0,16.0,17.0,18.0,21.0,24.5,inferred
South Tyneside,2021-03-08,8.0,12.0,14.0,14.0,15.0,16.0,18.0,19.0,20.0,21.0,22.0,25.0,30.0,inferred
South Tyneside,2021-03-09,8.0,11.0,13.0,13.0,14.0,15.0,17.0,18.0,19.0,20.0,21.0,24.0,28.0,inferred
South Tyneside,2021-03-10,8.0,11.0,13.0,14.0,15.0,16.0,17.0,19.0,20.0,21.0,22.0,25.0,30.0,inferred
South Tyneside,2021-03-11,8.0,10.0,12.0,13.0,14.0,15.0,16.0,18.0,19.0,20.0,21.0,23.0,28.0,inferred
South Tyneside,2021-03-12,7.0,9.0,11.0,12.0,12.0,14.0,15.0,16.0,18.0,18.0,19.0,22.0,26.5,inferred
South Tyneside,2021-03-13,5.0,7.0,9.0,9.0,10.0,11.0,12.0,13.0,15.0,15.0,16.0,19.0,23.0,inferred
South Tyneside,2021-03-14,5.0,8.0,10.0,10.0,11.0,12.0,14.0,15.0,16.0,17.0,18.0,20.0,25.0,inferred
South Tyneside,2021-03-15,8.0,11.0,13.0,14.0,15.0,16.0,17.0,19.0,21.0,22.0,23.0,25.0,30.0,inferred
South Tyneside,2021-03-16,7.0,10.0,12.0,13.0,13.0,15.0,16.0,17.0,19.0,20.0,21.0,24.0,28.0,inferred
South Tyneside,2021-03-17,7.0,10.0,12.0,13.0,14.0,15.0,16.0,18.0,19.0,20.0,21.0,23.0,29.0,inferred
South Tyneside,2021-03-18,6.0,9.0,10.0,11.0,12.0,13.0,14.0,16.0,17.0,18.0,19.0,22.0,27.0,inferred
South Tyneside,2021-03-19,5.0,7.0,9.0,9.0,10.0,11.0,12.0,13.0,15.0,15.0,16.0,19.0,23.0,inferred
South Tyneside,2021-03-20,3.0,5.0,6.0,7.0,8.0,9.0,10.0,11.0,12.0,13.0,13.0,16.0,20.0,inferred
South Tyneside,2021-03-21,3.0,5.0,7.0,7.0,8.0,9.0,10.0,11.0,12.0,13.0,14.0,16.0,20.0,inferred
South Tyneside,2021-03-22,4.0,7.0,8.0,9.0,10.0,11.0,12.0,13.0,14.0,15.0,16.0,18.0,23.0,inferred
South Tyneside,2021-03-23,4.0,6.0,7.0,8.0,8.0,10.0,11.0,12.0,13.0,14.0,15.0,17.0,20.0,inferred
South Tyneside,2021-03-24,3.0,6.0,7.0,8.0,8.0,9.0,11.0,12.0,13.0,14.0,14.0,17.0,20.0,inferred
South Tyneside,2021-03-25,3.0,5.0,6.0,7.0,7.0,8.0,9.0,10.0,11.0,12.0,13.0,15.0,19.0,inferred
South Tyneside,2021-03-26,2.0,4.0,5.0,6.0,6.0,7.0,8.0,9.0,10.0,11.0,12.0,14.0,17.0,inferred
South Tyneside,2021-03-27,1.0,3.0,4.0,4.0,5.0,6.0,6.0,7.0,8.0,9.0,9.0,11.0,14.0,inferred
South Tyneside,2021-03-28,1.0,3.0,4.0,5.0,5.0,6.0,7.0,8.0,9.0,9.0,10.0,12.0,15.0,inferred
South Tyneside,2021-03-29,2.0,4.0,5.0,6.0,6.0,7.0,8.0,9.0,10.0,11.0,12.0,14.0,17.0,inferred
South Tyneside,2021-03-30,2.0,3.9,5.0,5.0,5.0,6.0,7.0,8.0,9.0,10.0,11.0,13.0,16.0,inferred
South Tyneside,2021-03-31,2.0,3.0,4.0,5.0,5.0,6.0,7.0,8.0,9.0,9.0,10.0,12.0,15.0,inferred
South Tyneside,2021-04-01,1.0,2.0,3.0,4.0,4.0,5.0,6.0,7.0,8.0,8.0,9.0,10.0,14.0,inferred
South Tyneside,2021-04-02,1.0,2.0,3.0,3.0,3.0,4.0,5.0,6.0,6.0,7.0,8.0,9.0,12.0,inferred
South Tyneside,2021-04-03,0.0,1.0,2.0,2.0,2.7,3.0,4.0,4.0,5.0,6.0,6.0,8.0,10.0,inferred
South Tyneside,2021-04-04,0.0,1.0,2.0,2.0,3.0,3.0,4.0,5.0,5.0,6.0,6.0,8.0,11.0,inferred
South Tyneside,2021-04-05,1.0,1.0,2.0,3.0,3.0,4.0,5.0,5.0,6.0,7.0,7.0,9.0,12.0,inferred
South Tyneside,2021-04-06,0.0,1.0,2.0,2.0,3.0,3.0,4.0,5.0,6.0,6.0,7.0,8.0,11.0,inferred
South Tyneside,2021-04-07,0.0,1.0,2.0,2.0,3.0,3.0,4.0,5.0,6.0,6.0,7.0,8.0,11.0,inferred
South Tyneside,2021-04-08,0.0,1.0,2.0,2.0,2.0,3.0,4.0,4.0,5.0,5.0,6.0,7.0,10.0,inferred
South Tyneside,2021-04-09,0.0,1.0,2.0,2.0,2.0,3.0,3.0,4.0,5.0,5.0,5.0,7.0,9.0,inferred
South Tyneside,2021-04-10,0.0,0.0,1.0,1.0,1.0,2.0,3.0,3.0,4.0,4.0,5.0,6.0,8.0,inferred
South Tyneside,2021-04-11,0.0,0.0,1.0,1.0,2.0,2.0,3.0,3.0,4.0,4.0,5.0,6.0,9.0,inferred
South Tyneside,2021-04-12,0.0,1.0,2.0,2.0,2.0,3.0,4.0,4.0,5.0,5.0,6.0,7.0,10.0,inferred
South Tyneside,2021-04-13,0.0,1.0,2.0,2.0,2.0,3.0,3.0,4.0,5.0,5.0,6.0,7.0,10.0,inferred
South Tyneside,2021-04-14,0.0,1.0,2.0,2.0,2.0,3.0,4.0,4.0,5.0,6.0,6.0,8.0,10.0,inferred
South Tyneside,2021-04-15,0.0,1.0,2.0,2.0,2.0,3.0,3.0,4.0,5.0,5.0,6.0,7.0,10.0,inferred
South Tyneside,2021-04-16,0.0,1.0,1.0,2.0,2.0,2.0,3.0,4.0,4.0,5.0,5.0,6.0,9.0,inferred
South Tyneside,2021-04-17,0.0,0.0,1.0,1.0,1.0,2.0,2.0,3.0,3.0,4.0,4.0,6.0,8.0,inferred
South Tyneside,2021-04-18,0.0,1.0,1.0,1.0,2.0,2.0,3.0,3.0,4.0,4.0,5.0,6.0,8.0,inferred
South Tyneside,2021-04-19,0.0,1.0,2.0,2.0,2.0,3.0,4.0,4.0,5.0,5.0,6.0,7.0,10.0,inferred
South Tyneside,2021-04-20,0.0,1.0,2.0,2.0,2.0,3.0,3.0,4.0,5.0,5.0,6.0,7.0,9.5,inferred
South Tyneside,2021-04-21,0.0,1.0,2.0,2.0,2.0,3.0,3.0,4.0,5.0,5.0,6.0,7.0,10.0,inferred
South Tyneside,2021-04-22,0.0,1.0,1.0,2.0,2.0,3.0,3.0,4.0,4.0,5.0,6.0,7.0,10.0,inferred
South Tyneside,2021-04-23,0.0,1.0,1.0,2.0,2.0,2.0,3.0,4.0,4.0,5.0,5.0,6.0,9.0,inferred
South Tyneside,2021-04-24,0.0,0.0,1.0,1.0,1.0,2.0,2.0,3.0,3.0,4.0,4.0,6.0,8.0,inferred
South Tyneside,2021-04-25,0.0,0.0,1.0,1.0,1.0,2.0,2.0,3.0,4.0,4.0,4.0,6.0,8.0,inferred
South Tyneside,2021-04-26,0.0,1.0,1.0,2.0,2.0,3.0,3.0,4.0,4.0,5.0,6.0,7.0,9.0,inferred
South Tyneside,2021-04-27,0.0,1.0,1.0,2.0,2.0,2.0,3.0,3.0,4.0,5.0,5.0,6.0,9.0,inferred
South Tyneside,2021-04-28,0.0,1.0,1.0,2.0,2.0,2.0,3.0,4.0,4.0,5.0,5.0,7.0,9.0,inferred
South Tyneside,2021-04-29,0.0,1.0,1.0,1.0,2.0,2.0,3.0,3.0,4.0,4.0,5.0,6.0,8.5,inferred
South Tyneside,2021-04-30,0.0,0.0,1.0,1.0,1.0,2.0,2.0,3.0,4.0,4.0,4.0,6.0,8.0,inferred
South Tyneside,2021-05-01,0.0,0.0,1.0,1.0,1.0,1.0,2.0,2.0,3.0,3.0,4.0,5.0,7.0,inferred
South Tyneside,2021-05-02,0.0,0.0,1.0,1.0,1.0,2.0,2.0,3.0,3.0,4.0,4.0,5.0,7.0,inferred
South Tyneside,2021-05-03,0.0,1.0,1.0,2.0,2.0,2.0,3.0,4.0,4.0,5.0,5.0,7.0,9.0,inferred
South Tyneside,2021-05-04,0.0,1.0,1.0,1.0,2.0,2.0,3.0,3.0,4.0,5.0,5.0,6.0,9.0,inferred
South Tyneside,2021-05-05,0.0,1.0,1.0,2.0,2.0,2.0,3.0,4.0,4.0,5.0,5.0,6.0,9.0,inferred
South Tyneside,2021-05-06,0.0,1.0,1.0,2.0,2.0,2.0,3.0,3.0,4.0,5.0,5.0,7.0,9.0,inferred
South Tyneside,2021-05-07,0.0,0.0,1.0,1.0,2.0,2.0,3.0,3.0,4.0,4.0,5.0,6.0,8.0,inferred
South Tyneside,2021-05-08,0.0,0.0,1.0,1.0,1.0,2.0,2.0,3.0,3.0,4.0,4.0,5.0,8.0,inferred
South Tyneside,2021-05-09,0.0,0.0,1.0,1.0,2.0,2.0,2.0,3.0,4.0,4.0,5.0,6.0,8.0,inferred
South Tyneside,2021-05-10,0.0,1.0,1.0,2.0,2.0,3.0,3.0,4.0,5.0,5.0,6.0,7.0,10.0,inferred
South Tyneside,2021-05-11,0.0,1.0,1.8,2.0,2.0,3.0,3.0,4.0,4.0,5.0,5.0,7.0,10.0,inferred
South Tyneside,2021-05-12,0.0,1.0,2.0,2.0,2.0,3.0,3.0,4.0,5.0,5.0,6.0,7.0,10.0,inferred
South Tyneside,2021-05-13,0.0,1.0,1.0,2.0,2.0,3.0,3.0,4.0,5.0,5.0,5.0,7.0,9.0,inferred
South Tyneside,2021-05-14,0.0,1.0,1.0,2.0,2.0,2.0,3.0,3.0,4.0,5.0,5.0,6.0,9.0,inferred
South Tyneside,2021-05-15,0.0,0.0,1.0,1.0,1.0,2.0,2.0,3.0,4.0,4.0,4.0,6.0,8.0,inferred
South Tyneside,2021-05-16,0.0,0.0,1.0,1.0,2.0,2.0,3.0,3.0,4.0,4.0,5.0,6.0,9.0,inferred
South Tyneside,2021-05-17,0.0,1.0,2.0,2.0,2.0,3.0,4.0,4.0,5.0,6.0,6.0,8.0,10.0,inferred
South Tyneside,2021-05-18,0.0,1.0,2.0,2.0,2.0,3.0,4.0,4.0,5.0,5.0,6.0,7.0,10.0,inferred
South Tyneside,2021-05-19,0.0,1.0,2.0,2.0,3.0,3.0,4.0,5.0,5.0,6.0,6.0,8.0,11.0,inferred
South Tyneside,2021-05-20,0.0,1.0,2.0,2.0,3.0,3.0,4.0,4.0,5.0,6.0,6.0,8.0,10.0,inferred
South Tyneside,2021-05-21,0.0,1.0,2.0,2.0,2.0,3.0,3.0,4.0,5.0,5.0,6.0,7.0,10.0,inferred
South Tyneside,2021-05-22,0.0,1.0,1.0,2.0,2.0,2.0,3.0,4.0,4.0,5.0,5.0,7.0,9.5,inferred
South Tyneside,2021-05-23,0.0,1.0,2.0,2.0,2.0,3.0,4.0,4.0,5.0,5.0,6.0,8.0,10.0,inferred
South Tyneside,2021-05-24,1.0,2.0,3.0,3.0,3.0,4.0,5.0,6.0,7.0,7.0,8.0,9.0,12.0,inferred
South Tyneside,2021-05-25,1.0,2.0,3.0,3.0,3.0,4.0,5.0,6.0,6.0,7.0,7.0,9.0,12.0,inferred
South Tyneside,2021-05-26,1.0,2.0,3.0,4.0,4.0,5.0,6.0,6.0,7.0,8.0,9.0,10.0,13.0,inferred
South Tyneside,2021-05-27,1.0,2.0,3.0,4.0,4.0,5.0,6.0,6.4,7.0,8.0,8.2,10.0,14.0,inferred
South Tyneside,2021-05-28,1.0,2.0,3.0,4.0,4.0,5.0,6.0,6.0,7.0,8.0,9.0,10.0,14.0,inferred
South Tyneside,2021-05-29,1.0,2.0,3.0,3.0,3.0,4.0,5.0,6.0,7.0,7.0,8.0,9.0,12.0,inferred
South Tyneside,2021-05-30,1.0,2.0,3.0,4.0,4.0,5.0,6.0,7.0,8.0,8.0,9.0,11.0,14.0,inferred
South Tyneside,2021-05-31,3.0,4.0,5.0,6.0,6.0,7.0,8.0,9.0,10.0,11.0,12.0,14.0,18.0,inferred
South Tyneside,2021-06-01,2.5,4.0,6.0,6.0,7.0,8.0,9.0,10.0,11.0,12.0,12.0,14.0,18.0,inferred
South Tyneside,2021-06-02,3.0,5.0,7.0,7.0,8.0,9.0,10.0,11.0,12.0,13.0,14.0,16.0,20.0,inferred
South Tyneside,2021-06-03,4.0,6.0,7.0,8.0,8.0,9.0,10.0,11.0,13.0,13.0,14.0,16.0,20.0,inferred
South Tyneside,2021-06-04,4.0,6.0,7.0,8.0,8.0,9.0,11.0,12.0,13.0,14.0,14.0,17.0,21.0,inferred
South Tyneside,2021-06-05,3.0,5.0,6.0,7.0,8.0,8.6,10.0,11.0,12.0,13.0,13.0,16.0,19.5,inferred
South Tyneside,2021-06-06,4.0,6.0,8.0,9.0,9.0,10.6,12.0,13.0,14.0,15.0,16.0,18.0,23.0,inferred
South Tyneside,2021-06-07,7.0,10.0,12.0,13.0,14.0,15.0,16.0,18.0,20.0,21.0,21.0,24.0,29.0,inferred
South Tyneside,2021-06-08,8.0,11.0,13.0,14.0,14.0,16.0,17.0,19.0,20.0,21.0,22.0,25.0,29.0,inferred
South Tyneside,2021-06-09,9.0,12.0,14.0,15.0,16.0,17.0,19.0,21.0,22.0,23.0,24.0,27.0,33.0,inferred
South Tyneside,2021-06-10,9.0,13.0,15.0,16.0,17.0,18.0,19.0,21.0,22.0,23.0,25.0,27.1,32.0,inferred
South Tyneside,2021-06-11,9.0,12.0,14.0,15.0,16.0,18.0,19.0,21.0,23.0,23.0,25.0,28.0,33.0,inferred
South Tyneside,2021-06-12,8.0,11.0,13.0,14.0,15.0,16.0,18.0,19.0,20.3,21.0,22.0,25.0,31.0,inferred
South Tyneside,2021-06-13,10.0,13.0,16.0,17.0,18.0,20.0,21.0,23.0,25.0,26.0,27.0,30.0,34.0,inferred
South Tyneside,2021-06-14,17.0,21.0,24.0,25.0,26.0,28.0,30.0,32.0,34.0,35.0,36.0,40.0,45.0,inferred
South Tyneside,2021-06-15,17.0,22.0,25.0,26.0,27.0,29.0,31.0,33.0,35.0,36.0,38.0,41.0,47.0,inferred
South Tyneside,2021-06-16,21.0,25.0,28.0,29.0,31.0,33.0,35.0,37.0,39.0,41.0,42.0,47.0,53.0,inferred
South Tyneside,2021-06-17,21.0,26.0,29.0,30.0,32.0,34.0,36.0,38.0,41.0,42.0,43.0,47.0,54.0,inferred
South Tyneside,2021-06-18,21.0,26.0,29.0,31.0,32.0,34.0,36.0,38.0,41.0,42.0,44.0,48.0,56.0,inferred
Southampton,2021-03-06,10.0,13.0,15.0,16.0,17.0,18.0,20.0,22.0,23.0,24.0,25.0,28.0,34.0,inferred
Southampton,2021-03-07,14.0,17.0,20.0,21.0,21.0,23.0,24.0,26.0,28.0,29.0,30.0,34.0,39.0,inferred
Southampton,2021-03-08,19.5,24.0,26.0,27.0,28.0,30.0,31.0,33.0,35.0,36.0,38.0,41.0,48.0,inferred
Southampton,2021-03-09,19.0,23.0,26.0,27.0,28.0,30.0,31.0,33.0,36.0,37.0,38.0,41.0,47.0,inferred
Southampton,2021-03-10,20.0,25.0,27.0,28.8,29.7,32.0,33.0,35.0,37.0,38.0,40.0,44.0,49.0,inferred
Southampton,2021-03-11,18.0,22.9,25.0,27.0,28.0,30.0,32.0,33.0,35.0,36.0,38.0,42.0,48.0,inferred
Southampton,2021-03-12,16.0,19.0,22.0,23.0,24.0,25.6,27.0,29.0,31.0,32.0,33.0,37.0,43.0,inferred
Southampton,2021-03-13,12.0,15.0,17.0,18.0,19.0,21.0,23.0,24.0,26.0,27.0,28.0,31.0,36.0,inferred
Southampton,2021-03-14,15.0,19.0,21.0,22.0,23.0,25.0,27.0,29.0,31.0,32.0,33.2,37.0,43.0,inferred
Southampton,2021-03-15,20.0,24.0,27.0,28.0,29.0,31.0,33.0,35.0,37.0,38.0,40.0,44.0,50.0,inferred
Southampton,2021-03-16,19.0,23.0,25.0,27.0,28.0,30.0,32.0,34.0,36.0,37.0,39.0,42.0,47.5,inferred
Southampton,2021-03-17,19.0,24.0,27.0,28.0,29.0,31.0,33.0,35.0,37.0,38.0,40.0,44.0,49.0,inferred
Southampton,2021-03-18,17.0,22.0,25.0,26.0,27.0,29.0,31.0,32.0,34.0,36.0,37.0,40.0,46.5,inferred
Southampton,2021-03-19,14.0,18.0,21.0,22.0,23.0,25.0,26.0,28.0,30.0,31.0,32.0,36.0,42.0,inferred
Southampton,2021-03-20,11.0,14.0,16.0,17.0,18.0,20.0,21.0,23.0,24.0,25.0,27.0,30.0,36.0,inferred
Southampton,2021-03-21,14.0,17.0,20.0,21.0,22.0,23.0,25.0,26.0,28.0,29.0,30.0,34.0,40.0,inferred
Southampton,2021-03-22,17.0,21.0,24.0,25.0,26.0,28.0,30.0,32.0,34.0,35.0,36.0,39.0,44.0,inferred
Southampton,2021-03-23,16.0,20.0,22.0,23.0,24.0,26.0,28.0,30.0,32.0,33.0,35.0,38.0,44.0,inferred
Southampton,2021-03-24,16.0,20.9,23.0,24.0,25.0,27.0,29.0,31.0,33.0,34.0,35.0,39.0,45.0,inferred
Southampton,2021-03-25,14.0,18.0,21.0,22.0,22.0,24.0,26.0,28.0,30.0,31.0,32.0,35.0,41.0,inferred
Southampton,2021-03-26,12.0,15.0,17.0,18.0,19.0,21.0,22.0,24.0,26.0,27.0,28.0,31.0,36.5,inferred
Southampton,2021-03-27,8.5,11.0,13.0,14.0,15.0,16.0,18.0,19.0,21.0,21.0,23.0,25.0,30.0,inferred
Southampton,2021-03-28,11.0,14.0,16.0,17.0,18.0,19.0,21.0,22.0,24.0,25.0,26.0,29.0,34.0,inferred
Southampton,2021-03-29,13.0,17.0,19.0,20.0,21.0,22.0,24.0,26.0,28.0,29.0,30.0,33.0,39.0,inferred
Southampton,2021-03-30,12.0,15.0,18.0,19.0,19.0,21.0,22.0,24.0,26.0,27.0,28.0,31.0,37.0,inferred
Southampton,2021-03-31,12.0,15.0,18.0,19.0,20.0,22.0,23.0,25.0,27.0,28.0,29.0,32.0,38.0,inferred
Southampton,2021-04-01,11.0,14.0,16.0,17.0,18.0,19.0,21.0,22.0,24.0,25.0,26.0,29.0,33.0,inferred
Southampton,2021-04-02,8.0,11.0,13.0,14.0,15.0,16.0,18.0,19.0,21.0,21.0,22.2,25.0,29.0,inferred
Southampton,2021-04-03,6.0,8.0,10.0,11.0,11.0,13.0,14.0,15.0,17.0,18.0,18.0,21.0,25.0,inferred
Southampton,2021-04-04,7.0,10.0,12.0,13.0,14.0,15.0,16.0,18.0,19.0,20.0,21.0,24.0,28.0,inferred
Southampton,2021-04-05,10.0,13.0,15.0,16.0,16.0,18.0,19.0,21.0,23.0,24.0,25.0,27.0,33.0,inferred
Southampton,2021-04-06,9.0,12.0,14.0,15.0,16.0,17.0,18.0,20.0,22.0,22.0,23.0,26.0,30.5,inferred
Southampton,2021-04-07,8.0,12.0,14.0,15.0,16.0,17.0,19.0,20.0,22.0,23.0,24.0,27.0,31.0,inferred
Southampton,2021-04-08,8.0,10.0,12.0,13.0,14.0,16.0,17.0,18.0,20.0,21.0,22.0,24.0,29.0,inferred
Southampton,2021-04-09,6.0,9.0,10.0,11.0,12.0,13.0,14.0,16.0,17.0,18.0,19.0,21.0,26.0,inferred
Southampton,2021-04-10,4.0,6.0,8.0,9.0,9.0,10.0,11.0,13.0,14.0,15.0,15.0,18.0,22.0,inferred
Southampton,2021-04-11,5.0,7.0,9.0,10.0,10.0,12.0,13.0,14.0,16.0,16.0,17.0,19.0,24.0,inferred
Southampton,2021-04-12,7.0,9.0,11.0,12.0,12.0,14.0,15.0,16.0,18.0,19.0,20.0,23.0,27.0,inferred
Southampton,2021-04-13,6.0,9.0,10.0,11.0,12.0,13.0,14.0,16.0,17.0,18.0,19.0,22.0,26.0,inferred
Southampton,2021-04-14,7.0,9.0,11.0,11.0,12.0,13.0,14.0,16.0,17.0,18.0,19.0,22.0,26.0,inferred
Southampton,2021-04-15,5.0,8.0,10.0,11.0,11.0,12.0,13.0,15.0,16.0,17.0,18.0,20.0,25.0,inferred
Southampton,2021-04-16,4.0,6.0,8.0,8.0,9.0,10.0,11.0,12.0,13.0,14.0,15.0,17.0,21.0,inferred
Southampton,2021-04-17,3.0,4.0,6.0,6.0,7.0,8.0,9.0,10.0,11.0,12.0,13.0,15.0,18.0,inferred
Southampton,2021-04-18,4.0,6.0,7.0,8.0,8.0,10.0,11.0,12.0,13.0,13.0,14.0,16.0,20.0,inferred
Southampton,2021-04-19,5.0,7.0,9.0,9.0,10.0,11.0,12.0,14.0,15.0,15.0,16.0,19.0,23.0,inferred
Southampton,2021-04-20,4.0,6.0,8.0,9.0,9.0,10.6,12.0,13.0,14.0,15.0,16.0,18.0,22.0,inferred
Southampton,2021-04-21,5.0,7.0,8.0,9.0,10.0,11.0,12.0,13.0,15.0,15.0,17.0,19.0,23.5,inferred
Southampton,2021-04-22,3.0,6.0,7.0,8.0,9.0,10.0,11.0,12.0,13.0,14.0,15.0,17.0,21.0,inferred
Southampton,2021-04-23,3.0,5.0,6.0,7.0,7.0,8.0,9.0,10.0,12.0,12.0,13.0,15.0,19.0,inferred
Southampton,2021-04-24,2.0,4.0,5.0,5.0,6.0,7.0,8.0,8.0,10.0,10.0,11.0,13.0,17.0,inferred
Southampton,2021-04-25,3.0,5.0,6.0,7.0,7.0,8.0,9.0,10.0,11.0,12.0,13.0,15.0,19.0,inferred
Southampton,2021-04-26,4.0,6.0,7.8,8.0,9.0,10.0,11.0,12.0,13.0,14.0,15.0,17.0,21.5,inferred
Southampton,2021-04-27,3.0,5.0,7.0,7.0,8.0,9.0,10.0,11.0,13.0,13.0,14.0,16.0,19.0,inferred
Southampton,2021-04-28,4.0,6.0,8.0,8.0,9.0,10.0,11.0,12.0,13.0,14.0,15.0,17.0,21.0,inferred
Southampton,2021-04-29,4.0,5.0,7.0,7.0,8.0,9.0,10.0,11.0,12.0,13.0,14.0,16.0,20.0,inferred
Southampton,2021-04-30,3.0,5.0,6.0,6.0,7.0,8.0,9.0,10.0,11.0,12.0,13.0,15.0,18.0,inferred
Southampton,2021-05-01,2.0,3.0,5.0,5.0,6.0,6.0,7.0,8.0,9.0,10.0,11.0,12.0,16.0,inferred
Southampton,2021-05-02,3.0,5.0,6.0,6.0,7.0,8.0,9.0,10.0,11.0,11.0,12.0,14.0,18.0,inferred
Southampton,2021-05-03,4.0,6.0,7.0,8.0,9.0,10.0,11.0,12.0,13.0,14.0,15.0,17.0,20.0,inferred
Southampton,2021-05-04,3.0,6.0,7.0,8.0,8.0,9.0,10.0,12.0,13.0,14.0,14.2,17.0,20.0,inferred
Southampton,2021-05-05,3.5,6.0,7.0,8.0,9.0,10.0,11.0,12.0,13.0,14.0,15.0,17.0,21.0,inferred
Southampton,2021-05-06,3.0,5.0,7.0,7.0,8.0,9.0,10.0,11.0,12.0,13.0,13.0,16.0,20.0,inferred
Southampton,2021-05-07,2.0,4.0,6.0,6.0,7.0,8.0,9.0,10.0,11.0,11.0,12.0,14.0,18.0,inferred
Southampton,2021-05-08,1.0,3.0,4.0,5.0,5.0,6.0,7.0,8.0,8.0,9.0,10.0,12.0,16.0,inferred
Southampton,2021-05-09,2.0,4.0,5.0,6.0,6.0,7.0,8.0,9.0,10.0,10.0,11.0,13.0,16.0,inferred
Southampton,2021-05-10,3.0,5.0,6.0,7.0,7.0,8.0,9.0,10.0,11.0,12.0,13.0,15.0,18.0,inferred
Southampton,2021-05-11,2.0,4.0,6.0,6.0,7.0,8.0,9.0,10.0,11.0,11.0,12.0,14.0,18.0,inferred
Southampton,2021-05-12,3.0,4.0,6.0,6.0,7.0,8.0,9.0,10.0,11.0,11.0,12.0,14.0,18.0,inferred
Southampton,2021-05-13,2.0,4.0,5.0,5.0,6.0,7.0,8.0,9.0,10.0,10.0,11.0,13.0,15.0,inferred
Southampton,2021-05-14,1.0,3.0,4.0,4.0,5.0,6.0,6.0,7.0,8.0,9.0,9.2,11.0,14.0,inferred
Southampton,2021-05-15,1.0,2.0,3.0,3.0,4.0,4.0,5.0,6.0,7.0,7.0,8.0,10.0,13.0,inferred
Southampton,2021-05-16,1.0,2.0,3.0,4.0,4.0,5.0,6.0,7.0,7.0,8.0,9.0,10.1,14.0,inferred
Southampton,2021-05-17,1.5,3.0,4.0,4.0,5.0,6.0,6.0,7.0,8.0,9.0,10.0,12.0,15.0,inferred
Southampton,2021-05-18,1.0,3.0,4.0,4.0,5.0,5.0,6.0,7.0,8.0,9.0,9.0,11.0,14.0,inferred
Southampton,2021-05-19,1.0,2.9,4.0,4.0,4.7,5.0,6.0,7.0,8.0,9.0,10.0,11.0,15.0,inferred
Southampton,2021-05-20,1.0,2.0,3.0,4.0,4.0,5.0,6.0,6.0,7.0,8.0,8.0,10.0,14.0,inferred
Southampton,2021-05-21,1.0,2.0,3.0,3.0,3.0,4.0,5.0,5.0,6.0,7.0,7.0,9.0,12.0,inferred
Southampton,2021-05-22,0.0,1.0,2.0,2.0,3.0,3.0,4.0,4.0,5.0,6.0,6.0,8.0,11.0,inferred
Southampton,2021-05-23,0.0,1.0,2.0,3.0,3.0,4.0,4.0,5.0,6.0,6.0,7.0,9.0,12.0,inferred
Southampton,2021-05-24,1.0,2.0,3.0,3.0,4.0,4.0,5.0,6.0,7.0,7.0,8.0,9.0,13.0,inferred
Southampton,2021-05-25,1.0,2.0,3.0,3.0,3.0,4.0,5.0,6.0,7.0,7.0,8.0,9.0,12.0,inferred
Southampton,2021-05-26,1.0,2.0,3.0,3.0,4.0,5.0,5.0,6.0,7.0,8.0,8.0,10.0,13.0,inferred
Southampton,2021-05-27,1.0,2.0,3.0,3.0,3.0,4.0,5.0,6.0,7.0,7.0,8.0,9.0,12.0,inferred
Southampton,2021-05-28,0.0,1.0,2.0,3.0,3.0,4.0,4.0,5.0,6.0,6.0,7.0,8.0,11.0,inferred
Southampton,2021-05-29,0.0,1.0,2.0,2.0,2.0,3.0,4.0,4.0,5.0,6.0,6.0,7.0,10.0,inferred
Southampton,2021-05-30,1.0,1.0,2.0,3.0,3.0,4.0,4.0,5.0,6.0,7.0,7.0,9.0,11.0,inferred
Southampton,2021-05-31,1.0,2.0,3.0,4.0,4.0,5.0,6.0,7.0,8.0,8.0,9.0,11.0,14.0,inferred
Southampton,2021-06-01,1.0,2.0,4.0,4.0,5.0,5.0,6.0,7.0,8.0,9.0,9.0,11.0,14.0,inferred
Southampton,2021-06-02,2.0,4.0,5.0,5.0,6.0,7.0,8.0,9.0,10.0,10.0,11.0,13.0,17.0,inferred
Southampton,2021-06-03,2.0,4.0,5.0,6.0,6.0,7.0,8.0,9.0,11.0,11.0,12.0,14.0,18.0,inferred
Southampton,2021-06-04,2.0,4.0,5.0,6.0,6.0,7.0,8.0,9.0,10.0,11.0,12.0,14.0,18.0,inferred
Southampton,2021-06-05,2.0,4.0,5.0,5.0,6.0,7.0,8.0,9.0,10.0,10.0,11.0,13.0,16.0,inferred
Southampton,2021-06-06,4.0,6.0,7.0,8.0,9.0,10.0,11.0,12.0,13.0,14.0,15.0,17.0,21.0,inferred
Southampton,2021-06-07,7.0,10.0,12.0,12.0,13.0,15.0,16.0,17.0,19.0,20.0,21.0,24.0,28.0,inferred
Southampton,2021-06-08,8.0,11.0,13.0,14.0,15.0,17.0,18.0,19.0,21.0,22.0,23.0,25.0,30.0,inferred
Southampton,2021-06-09,11.0,15.0,17.0,18.8,19.7,21.0,23.0,24.0,26.0,27.0,28.0,31.0,37.0,inferred
Southampton,2021-06-10,13.0,16.0,19.0,20.0,21.0,23.0,24.0,26.0,28.0,29.0,30.0,33.0,38.5,inferred
Southampton,2021-06-11,14.0,17.0,20.0,21.0,22.0,23.0,25.0,27.0,28.0,29.0,31.0,34.0,39.5,inferred
Southampton,2021-06-12,12.0,16.0,18.0,19.0,20.0,21.0,23.0,25.0,26.0,27.2,28.0,32.0,38.0,inferred
Southampton,2021-06-13,18.0,22.0,25.0,27.0,27.0,29.0,31.0,33.0,35.0,36.0,38.0,41.0,47.0,inferred
Southampton,2021-06-14,26.0,31.0,35.0,37.0,38.0,40.0,43.0,45.0,47.0,49.0,51.0,55.0,62.0,inferred
Southampton,2021-06-15,29.0,34.0,38.0,39.0,41.0,43.0,45.0,48.0,50.0,51.2,53.0,57.0,64.0,inferred
Southampton,2021-06-16,35.0,41.0,45.0,47.0,48.0,51.0,53.0,55.4,58.0,60.0,62.0,67.0,76.0,inferred
Southampton,2021-06-17,35.0,41.0,46.0,47.8,49.0,51.0,54.0,56.0,59.0,61.0,63.0,68.0,76.0,inferred
Southampton,2021-06-18,34.0,40.0,44.0,45.0,47.0,50.0,52.0,55.0,58.0,60.0,61.0,66.0,73.0,inferred
Southend-on-Sea,2021-03-06,3.0,5.0,6.0,7.0,7.0,8.0,9.0,10.0,11.0,11.0,12.0,14.0,16.0,inferred
Southend-on-Sea,2021-03-07,4.0,6.0,7.0,8.0,8.0,9.0,10.0,11.0,12.0,13.0,14.0,16.0,18.0,inferred
Southend-on-Sea,2021-03-08,5.0,8.0,9.0,10.0,10.0,11.0,12.0,13.0,15.0,15.0,16.0,18.0,21.0,inferred
Southend-on-Sea,2021-03-09,5.0,7.0,9.0,9.0,10.0,11.0,12.0,13.0,14.0,15.0,15.0,17.0,21.0,inferred
Southend-on-Sea,2021-03-10,5.0,8.0,9.0,10.0,10.0,11.0,12.0,13.0,14.0,15.0,16.0,18.0,22.0,inferred
Southend-on-Sea,2021-03-11,5.0,6.0,8.0,8.0,9.0,10.0,11.0,12.0,13.0,14.0,15.0,17.0,20.0,inferred
Southend-on-Sea,2021-03-12,4.0,5.9,7.0,8.0,8.0,9.0,10.0,11.0,12.0,12.0,13.0,15.0,18.0,inferred
Southend-on-Sea,2021-03-13,2.0,4.0,5.0,6.0,6.0,7.0,8.0,9.0,10.0,10.0,11.0,13.0,15.0,inferred
Southend-on-Sea,2021-03-14,3.0,5.0,6.0,7.0,7.0,8.0,9.0,10.0,11.0,11.0,12.0,14.0,17.0,inferred
Southend-on-Sea,2021-03-15,4.0,6.0,8.0,9.0,9.0,10.0,11.0,12.0,13.0,14.0,15.0,16.0,20.0,inferred
Southend-on-Sea,2021-03-16,4.0,6.0,7.0,8.0,8.0,9.0,10.0,11.0,13.0,13.0,14.0,16.0,19.0,inferred
Southend-on-Sea,2021-03-17,5.0,7.0,8.0,9.0,9.0,10.0,11.0,12.0,13.0,14.0,14.0,17.0,19.0,inferred
Southend-on-Sea,2021-03-18,4.0,6.0,7.0,8.0,8.0,9.0,10.0,11.0,12.0,13.0,13.2,16.0,19.0,inferred
Southend-on-Sea,2021-03-19,3.0,5.0,6.0,7.0,7.0,8.0,9.0,10.0,11.0,12.0,12.0,14.0,17.0,inferred
Southend-on-Sea,2021-03-20,2.0,4.0,5.0,5.0,6.0,7.0,7.0,8.0,9.0,10.0,10.0,12.0,14.0,inferred
Southend-on-Sea,2021-03-21,3.0,5.0,6.0,6.0,7.0,8.0,9.0,10.0,10.0,11.0,12.0,14.0,17.0,inferred
Southend-on-Sea,2021-03-22,4.0,6.0,8.0,8.0,9.0,10.0,11.0,12.0,13.0,13.0,14.0,16.0,20.0,inferred
Southend-on-Sea,2021-03-23,4.0,6.0,7.0,8.0,8.0,9.0,10.0,11.0,12.0,13.0,14.0,15.0,19.0,inferred
Southend-on-Sea,2021-03-24,4.0,6.0,8.0,8.0,9.0,10.0,11.0,12.0,13.0,13.0,14.0,16.0,19.0,inferred
Southend-on-Sea,2021-03-25,4.0,5.0,7.0,7.0,8.0,9.0,10.0,11.0,12.0,12.0,13.0,15.0,18.0,inferred
Southend-on-Sea,2021-03-26,3.0,5.0,6.0,6.0,7.0,8.0,8.0,9.0,10.0,11.0,11.0,13.0,16.0,inferred
Southend-on-Sea,2021-03-27,2.0,3.0,4.0,5.0,5.0,6.0,7.0,7.0,8.0,9.0,9.0,11.0,14.0,inferred
Southend-on-Sea,2021-03-28,3.0,4.0,5.0,6.0,6.0,7.0,8.0,9.0,10.0,10.0,11.0,13.0,16.0,inferred
Southend-on-Sea,2021-03-29,3.0,5.0,7.0,7.0,8.0,9.0,10.0,10.0,12.0,12.0,13.0,15.0,17.0,inferred
Southend-on-Sea,2021-03-30,3.0,5.0,6.0,7.0,7.0,8.0,9.0,10.0,11.0,11.0,12.0,14.0,17.0,inferred
Southend-on-Sea,2021-03-31,3.0,5.0,6.0,7.0,7.0,8.0,9.0,10.0,11.0,12.0,12.0,14.0,17.0,inferred
Southend-on-Sea,2021-04-01,2.0,4.0,5.0,6.0,6.0,7.0,8.0,9.0,10.0,11.0,11.0,13.0,16.0,inferred
Southend-on-Sea,2021-04-02,2.0,3.0,5.0,5.0,5.0,6.0,7.0,8.0,9.0,9.0,10.0,11.0,14.0,inferred
Southend-on-Sea,2021-04-03,1.0,2.0,3.0,4.0,4.0,5.0,5.0,6.0,7.0,7.0,8.0,9.0,12.0,inferred
Southend-on-Sea,2021-04-04,1.0,3.0,4.0,4.0,4.0,5.0,6.0,7.0,7.0,8.0,9.0,10.0,13.0,inferred
Southend-on-Sea,2021-04-05,2.0,3.0,5.0,5.0,5.0,6.0,7.0,8.0,9.0,9.0,9.0,12.0,14.0,inferred
Southend-on-Sea,2021-04-06,1.0,3.0,4.0,4.0,5.0,5.0,6.0,7.0,8.0,8.0,9.0,11.0,13.0,inferred
Southend-on-Sea,2021-04-07,2.0,3.0,4.0,4.0,5.0,5.0,6.0,7.0,8.0,8.0,9.0,10.0,13.0,inferred
Southend-on-Sea,2021-04-08,1.0,2.0,3.0,4.0,4.0,5.0,5.0,6.0,7.0,7.0,8.0,9.0,12.0,inferred
Southend-on-Sea,2021-04-09,1.0,2.0,3.0,3.0,3.0,4.0,5.0,5.0,6.0,6.0,7.0,8.0,10.0,inferred
Southend-on-Sea,2021-04-10,0.0,1.0,2.0,2.0,2.0,3.0,4.0,4.0,5.0,5.0,5.0,7.0,9.0,inferred
Southend-on-Sea,2021-04-11,0.0,1.0,2.0,2.0,3.0,3.0,4.0,4.0,5.0,5.0,6.0,7.0,9.0,inferred
Southend-on-Sea,2021-04-12,1.0,2.0,2.0,3.0,3.0,4.0,4.0,5.0,6.0,6.0,6.0,8.0,11.0,inferred
Southend-on-Sea,2021-04-13,0.0,1.0,2.0,2.0,3.0,3.0,4.0,4.0,5.0,5.0,6.0,7.0,10.0,inferred
Southend-on-Sea,2021-04-14,0.0,1.0,2.0,2.0,3.0,3.0,4.0,4.0,5.0,5.0,6.0,7.0,9.0,inferred
Southend-on-Sea,2021-04-15,0.0,1.0,2.0,2.0,2.0,3.0,3.0,4.0,5.0,5.0,5.0,7.0,8.0,inferred
Southend-on-Sea,2021-04-16,0.0,1.0,1.0,2.0,2.0,2.0,3.0,3.0,4.0,4.0,5.0,6.0,8.0,inferred
Southend-on-Sea,2021-04-17,0.0,0.0,1.0,1.0,1.0,2.0,2.0,3.0,3.0,3.0,4.0,5.0,6.0,inferred
Southend-on-Sea,2021-04-18,0.0,1.0,1.0,1.0,2.0,2.0,2.0,3.0,4.0,4.0,4.0,5.0,7.0,inferred
Southend-on-Sea,2021-04-19,0.0,1.0,1.0,2.0,2.0,2.0,3.0,3.0,4.0,4.0,5.0,6.0,8.0,inferred
Southend-on-Sea,2021-04-20,0.0,1.0,1.0,2.0,2.0,2.0,3.0,3.0,4.0,4.0,5.0,6.0,8.0,inferred
Southend-on-Sea,2021-04-21,0.0,1.0,1.0,2.0,2.0,2.0,3.0,3.0,4.0,4.0,5.0,6.0,8.0,inferred
Southend-on-Sea,2021-04-22,0.0,1.0,1.0,2.0,2.0,2.0,3.0,3.0,4.0,4.0,4.0,5.0,7.0,inferred
Southend-on-Sea,2021-04-23,0.0,0.0,1.0,1.0,1.0,2.0,2.0,3.0,3.0,3.0,4.0,5.0,7.0,inferred
Southend-on-Sea,2021-04-24,0.0,0.0,1.0,1.0,1.0,1.0,2.0,2.0,3.0,3.0,3.0,4.0,6.0,inferred
Southend-on-Sea,2021-04-25,0.0,0.0,1.0,1.0,1.0,1.0,2.0,2.0,3.0,3.0,4.0,4.0,6.0,inferred
Southend-on-Sea,2021-04-26,0.0,0.0,1.0,1.0,1.0,2.0,2.0,3.0,3.0,4.0,4.0,5.0,7.0,inferred
Southend-on-Sea,2021-04-27,0.0,0.0,1.0,1.0,1.0,2.0,2.0,3.0,3.0,4.0,4.0,5.0,7.0,inferred
Southend-on-Sea,2021-04-28,0.0,1.0,1.0,1.0,2.0,2.0,2.0,3.0,3.0,4.0,4.0,5.0,7.0,inferred
Southend-on-Sea,2021-04-29,0.0,0.0,1.0,1.0,1.0,2.0,2.0,3.0,3.0,4.0,4.0,5.0,7.0,inferred
Southend-on-Sea,2021-04-30,0.0,0.0,1.0,1.0,1.0,2.0,2.0,2.0,3.0,3.0,4.0,5.0,6.0,inferred
Southend-on-Sea,2021-05-01,0.0,0.0,0.0,1.0,1.0,1.0,1.0,2.0,2.0,3.0,3.0,4.0,6.0,inferred
Southend-on-Sea,2021-05-02,0.0,0.0,1.0,1.0,1.0,1.0,2.0,2.0,3.0,3.0,3.0,4.0,6.0,inferred
Southend-on-Sea,2021-05-03,0.0,0.0,1.0,1.0,1.0,2.0,2.0,3.0,3.0,4.0,4.0,5.0,7.0,inferred
Southend-on-Sea,2021-05-04,0.0,0.0,1.0,1.0,1.0,2.0,2.0,3.0,3.0,4.0,4.0,5.0,7.0,inferred
Southend-on-Sea,2021-05-05,0.0,1.0,1.0,1.0,2.0,2.0,2.0,3.0,4.0,4.0,4.0,5.0,7.0,inferred
Southend-on-Sea,2021-05-06,0.0,0.0,1.0,1.0,1.0,2.0,2.0,3.0,3.0,4.0,4.0,5.0,7.0,inferred
Southend-on-Sea,2021-05-07,0.0,0.0,1.0,1.0,1.0,2.0,2.0,3.0,3.0,3.0,4.0,5.0,7.0,inferred
Southend-on-Sea,2021-05-08,0.0,0.0,1.0,1.0,1.0,1.0,2.0,2.0,3.0,3.0,3.0,4.0,6.0,inferred
Southend-on-Sea,2021-05-09,0.0,0.0,1.0,1.0,1.0,2.0,2.0,3.0,3.0,3.0,4.0,5.0,6.0,inferred
Southend-on-Sea,2021-05-10,0.0,1.0,1.0,1.0,2.0,2.0,2.0,3.0,3.0,4.0,4.0,5.0,8.0,inferred
Southend-on-Sea,2021-05-11,0.0,1.0,1.0,1.0,2.0,2.0,2.0,3.0,3.0,4.0,4.0,6.0,7.0,inferred
Southend-on-Sea,2021-05-12,0.0,1.0,1.0,1.0,2.0,2.0,3.0,3.0,4.0,4.0,5.0,6.0,8.0,inferred
Southend-on-Sea,2021-05-13,0.0,1.0,1.0,1.0,1.0,2.0,2.0,3.0,3.0,4.0,4.0,5.0,7.5,inferred
Southend-on-Sea,2021-05-14,0.0,0.0,1.0,1.0,1.0,2.0,2.0,3.0,3.0,4.0,4.0,5.0,7.0,inferred
Southend-on-Sea,2021-05-15,0.0,0.0,1.0,1.0,1.0,1.0,2.0,2.0,3.0,3.0,3.0,4.0,6.0,inferred
Southend-on-Sea,2021-05-16,0.0,0.0,1.0,1.0,1.0,2.0,2.0,2.4,3.0,3.0,4.0,5.0,6.0,inferred
Southend-on-Sea,2021-05-17,0.0,1.0,1.0,1.0,2.0,2.0,3.0,3.0,4.0,4.0,5.0,6.0,7.0,inferred
Southend-on-Sea,2021-05-18,0.0,1.0,1.0,1.0,2.0,2.0,3.0,3.0,4.0,4.0,5.0,6.0,7.0,inferred
Southend-on-Sea,2021-05-19,0.0,1.0,1.0,2.0,2.0,2.0,3.0,3.0,4.0,4.0,5.0,6.0,8.0,inferred
Southend-on-Sea,2021-05-20,0.0,1.0,1.0,2.0,2.0,2.0,3.0,3.0,4.0,4.0,4.0,6.0,8.0,inferred
Southend-on-Sea,2021-05-21,0.0,1.0,1.0,1.0,2.0,2.0,3.0,3.0,4.0,4.0,4.0,6.0,7.0,inferred
Southend-on-Sea,2021-05-22,0.0,0.0,1.0,1.0,1.0,2.0,2.0,3.0,3.0,3.0,4.0,5.0,6.0,inferred
Southend-on-Sea,2021-05-23,0.0,1.0,1.0,2.0,2.0,2.0,3.0,3.0,4.0,4.0,4.2,5.0,7.0,inferred
Southend-on-Sea,2021-05-24,0.0,1.0,2.0,2.0,2.0,3.0,3.0,4.0,5.0,5.0,6.0,7.0,9.0,inferred
Southend-on-Sea,2021-05-25,0.0,1.0,2.0,2.0,3.0,3.0,4.0,4.0,5.0,5.0,6.0,7.0,9.0,inferred
Southend-on-Sea,2021-05-26,0.0,1.0,2.0,2.0,3.0,3.0,4.0,4.0,5.0,6.0,6.0,7.0,10.0,inferred
Southend-on-Sea,2021-05-27,0.0,1.0,2.0,2.0,3.0,3.0,4.0,4.0,5.0,5.0,6.0,7.0,9.0,inferred
Southend-on-Sea,2021-05-28,0.0,1.0,2.0,2.0,2.0,3.0,3.0,4.0,5.0,5.0,5.0,7.0,9.0,inferred
Southend-on-Sea,2021-05-29,0.0,1.0,1.0,2.0,2.0,2.0,3.0,4.0,4.0,4.0,5.0,6.0,7.5,inferred
Southend-on-Sea,2021-05-30,0.0,1.0,2.0,2.0,3.0,3.0,4.0,4.0,5.0,5.0,6.0,7.0,9.0,inferred
Southend-on-Sea,2021-05-31,1.0,2.0,3.0,3.0,4.0,4.0,5.0,6.0,6.0,7.0,7.0,9.0,11.0,inferred
Southend-on-Sea,2021-06-01,1.0,2.0,3.0,4.0,4.0,5.0,5.0,6.0,7.0,7.0,8.0,9.0,12.0,inferred
Southend-on-Sea,2021-06-02,2.0,3.0,4.0,4.0,5.0,6.0,6.0,7.0,8.0,8.0,9.0,11.0,13.0,inferred
Southend-on-Sea,2021-06-03,2.0,3.0,4.0,4.0,5.0,6.0,6.0,7.0,8.0,9.0,9.0,11.0,13.0,inferred
Southend-on-Sea,2021-06-04,1.5,3.0,4.0,4.0,5.0,5.0,6.0,7.0,8.0,8.0,9.0,10.0,13.0,inferred
Southend-on-Sea,2021-06-05,1.0,3.0,3.0,4.0,4.0,5.0,5.0,6.0,7.0,8.0,8.0,9.0,12.0,inferred
Southend-on-Sea,2021-06-06,2.0,4.0,5.0,5.0,5.0,6.0,7.0,8.0,9.0,9.0,10.0,11.0,14.0,inferred
Southend-on-Sea,2021-06-07,3.0,5.0,6.0,7.0,7.0,8.0,9.0,10.0,11.0,12.0,12.0,14.0,18.0,inferred
Southend-on-Sea,2021-06-08,4.0,5.0,7.0,7.0,8.0,9.0,9.0,10.0,11.0,12.0,13.0,15.0,18.0,inferred
Southend-on-Sea,2021-06-09,4.0,6.0,7.0,8.0,9.0,9.0,10.0,11.4,13.0,13.0,14.0,16.0,19.0,inferred
Southend-on-Sea,2021-06-10,4.0,6.0,7.0,8.0,8.0,9.0,10.0,11.0,12.0,13.0,13.0,15.0,18.0,inferred
Southend-on-Sea,2021-06-11,3.0,5.0,6.0,7.0,7.0,8.0,9.0,10.0,11.0,12.0,13.0,14.0,17.0,inferred
Southend-on-Sea,2021-06-12,3.0,4.0,5.0,6.0,6.0,7.0,8.0,9.0,10.0,10.0,11.0,13.0,15.0,inferred
Southend-on-Sea,2021-06-13,3.0,5.0,6.0,7.0,8.0,8.0,10.0,10.0,12.0,12.0,13.0,15.0,18.0,inferred
Southend-on-Sea,2021-06-14,5.0,7.0,9.0,9.0,10.0,11.0,12.0,13.0,14.0,15.0,16.0,18.0,21.0,inferred
Southend-on-Sea,2021-06-15,5.0,7.0,9.0,9.0,10.0,11.0,12.0,13.0,14.0,15.0,15.0,17.0,20.0,inferred
Southend-on-Sea,2021-06-16,5.0,8.0,9.0,10.0,11.0,12.0,13.0,14.0,15.0,16.0,17.0,19.0,22.0,inferred
Southend-on-Sea,2021-06-17,5.0,7.0,9.0,9.0,10.0,11.0,12.0,14.0,15.0,16.0,16.0,18.0,22.0,inferred
Southend-on-Sea,2021-06-18,4.0,7.0,8.0,9.0,9.0,10.0,11.0,12.0,14.0,15.0,15.0,18.0,20.0,inferred
Southwark,2021-03-06,3.0,5.0,6.0,7.0,7.0,8.0,9.0,10.0,10.0,11.0,12.0,13.0,17.0,inferred
Southwark,2021-03-07,3.0,5.0,7.0,7.0,8.0,9.0,10.0,10.0,11.0,12.0,13.0,14.0,17.0,inferred
Southwark,2021-03-08,5.0,7.0,9.0,9.0,10.0,11.0,12.0,13.0,14.0,14.2,15.0,17.0,20.0,inferred
Southwark,2021-03-09,5.0,7.0,8.0,9.0,9.0,10.0,11.0,12.0,14.0,14.0,15.0,17.0,20.0,inferred
Southwark,2021-03-10,5.0,7.0,9.0,9.0,10.0,11.0,12.0,13.0,14.0,15.0,15.0,17.0,20.5,inferred
Southwark,2021-03-11,5.0,7.0,8.0,8.0,9.0,10.0,11.0,12.0,13.0,14.0,14.0,16.0,19.0,inferred
Southwark,2021-03-12,3.0,6.0,7.0,7.0,8.0,9.0,10.0,11.0,12.0,12.0,13.0,15.0,18.0,inferred
Southwark,2021-03-13,3.0,4.0,5.0,6.0,6.0,7.0,8.0,9.0,10.0,11.0,11.0,13.0,16.0,inferred
Southwark,2021-03-14,3.0,5.0,6.0,7.0,7.0,8.0,9.0,10.0,11.0,12.0,12.0,14.0,17.0,inferred
Southwark,2021-03-15,5.0,7.0,8.0,9.0,10.0,11.0,11.0,13.0,14.0,14.0,15.0,17.0,20.0,inferred
Southwark,2021-03-16,5.0,7.0,8.0,9.0,9.0,10.0,11.0,12.0,13.0,14.0,15.0,17.0,20.0,inferred
Southwark,2021-03-17,5.0,7.0,8.0,9.0,10.0,11.0,11.0,12.0,13.0,14.0,15.0,17.0,20.0,inferred
Southwark,2021-03-18,4.0,6.0,8.0,8.0,9.0,10.0,11.0,12.0,13.0,13.0,14.0,16.0,19.0,inferred
Southwark,2021-03-19,3.0,5.0,6.0,7.0,7.7,8.0,9.0,10.0,11.0,12.0,12.0,14.0,17.0,inferred
Southwark,2021-03-20,3.0,4.0,5.0,6.0,6.0,7.0,8.0,9.0,10.0,10.0,11.0,12.0,15.0,inferred
Southwark,2021-03-21,3.0,5.0,6.0,6.8,7.0,8.0,9.0,10.0,11.0,11.0,12.0,14.0,16.0,inferred
Southwark,2021-03-22,4.0,7.0,8.0,8.0,9.0,10.0,11.0,12.0,13.0,14.0,15.0,16.0,20.0,inferred
Southwark,2021-03-23,5.0,6.0,8.0,8.0,9.0,10.0,11.0,12.0,13.0,14.0,14.0,16.0,20.0,inferred
Southwark,2021-03-24,4.0,6.0,7.0,8.0,8.0,9.0,10.0,11.0,12.0,13.0,13.0,15.0,19.0,inferred
Southwark,2021-03-25,3.0,5.0,6.0,7.0,7.0,8.0,9.0,10.0,11.0,12.0,12.0,14.0,17.0,inferred
Southwark,2021-03-26,2.0,4.0,5.0,6.0,6.0,7.0,8.0,9.0,10.0,10.0,11.0,12.1,15.0,inferred
Southwark,2021-03-27,1.0,3.0,4.0,4.0,5.0,5.0,6.0,7.0,8.0,8.0,9.0,10.0,13.0,inferred
Southwark,2021-03-28,2.0,3.0,4.0,5.0,5.0,6.0,6.0,7.0,8.0,9.0,9.0,11.0,14.0,inferred
Southwark,2021-03-29,3.0,4.0,5.0,6.0,6.0,7.0,8.0,9.0,9.0,10.0,11.0,12.0,15.0,inferred
Southwark,2021-03-30,2.0,4.0,5.0,5.0,6.0,6.0,7.0,8.0,9.0,10.0,10.0,12.0,14.5,inferred
Southwark,2021-03-31,2.0,3.0,5.0,5.0,5.0,6.0,7.0,8.0,9.0,9.0,10.0,12.0,15.0,inferred
Southwark,2021-04-01,2.0,3.0,4.0,4.0,5.0,5.0,6.0,7.0,8.0,8.0,9.0,10.0,13.0,inferred
Southwark,2021-04-02,1.0,2.0,3.0,4.0,4.0,4.0,5.0,6.0,7.0,7.0,8.0,9.0,11.0,inferred
Southwark,2021-04-03,1.0,1.0,2.0,3.0,3.0,4.0,4.0,5.0,5.0,6.0,6.0,7.0,9.0,inferred
Southwark,2021-04-04,1.0,2.0,3.0,3.0,3.0,4.0,4.0,5.0,6.0,6.0,7.0,8.0,11.0,inferred
Southwark,2021-04-05,1.0,2.0,3.0,4.0,4.0,5.0,6.0,6.0,7.0,8.0,8.0,10.0,12.0,inferred
Southwark,2021-04-06,1.0,2.0,3.0,4.0,4.0,5.0,6.0,6.0,7.0,8.0,8.0,9.0,12.0,inferred
Southwark,2021-04-07,1.0,3.0,4.0,4.0,4.0,5.0,6.0,6.0,7.0,8.0,8.0,10.0,12.0,inferred
Southwark,2021-04-08,1.0,3.0,4.0,4.0,4.0,5.0,6.0,6.0,7.0,8.0,8.0,9.0,12.0,inferred
Southwark,2021-04-09,1.0,2.0,3.0,3.0,4.0,5.0,5.0,6.0,7.0,7.0,8.0,9.0,12.0,inferred
Southwark,2021-04-10,1.0,2.0,2.0,3.0,3.0,4.0,4.0,5.0,6.0,6.0,7.0,8.0,11.0,inferred
Southwark,2021-04-11,1.0,2.0,3.0,4.0,4.0,5.0,5.0,6.0,7.0,7.0,7.0,9.0,11.0,inferred
Southwark,2021-04-12,2.0,3.0,4.0,5.0,5.0,6.0,7.0,8.0,8.3,9.0,10.0,12.0,14.0,inferred
Southwark,2021-04-13,2.0,4.0,5.0,5.0,5.0,6.0,7.0,8.0,9.0,9.0,10.0,12.0,14.0,inferred
Southwark,2021-04-14,2.5,4.0,5.0,5.0,6.0,7.0,8.0,8.0,9.0,10.0,11.0,12.0,15.0,inferred
Southwark,2021-04-15,2.0,4.0,5.0,6.0,6.0,7.0,8.0,8.0,9.0,10.0,10.0,12.0,15.0,inferred
Southwark,2021-04-16,2.0,4.0,5.0,5.0,5.0,6.0,7.0,8.0,9.0,9.0,10.0,11.0,14.0,inferred
Southwark,2021-04-17,2.0,3.0,4.0,4.0,4.0,5.0,6.0,7.0,7.0,8.0,8.0,10.0,13.0,inferred
Southwark,2021-04-18,2.0,4.0,5.0,5.0,5.0,6.0,7.0,8.0,9.0,9.0,10.0,11.0,14.0,inferred
Southwark,2021-04-19,3.0,5.0,6.0,7.0,7.0,8.0,9.0,10.0,11.0,11.0,12.0,14.0,17.0,inferred
Southwark,2021-04-20,3.0,5.0,6.0,7.0,7.0,8.0,9.0,10.0,11.0,11.0,12.0,14.0,16.0,inferred
Southwark,2021-04-21,3.0,5.0,6.0,7.0,7.0,8.0,9.0,10.0,11.0,11.0,12.0,14.0,17.0,inferred
Southwark,2021-04-22,3.0,4.0,6.0,6.0,6.0,7.0,8.0,9.0,10.0,11.0,11.0,13.0,16.0,inferred
Southwark,2021-04-23,2.0,4.0,5.0,5.0,6.0,6.0,7.0,8.0,9.0,9.0,10.0,11.0,14.0,inferred
Southwark,2021-04-24,1.0,2.0,3.0,4.0,4.0,5.0,6.0,6.0,7.0,8.0,8.0,10.0,12.0,inferred
Southwark,2021-04-25,2.0,3.0,4.0,4.0,5.0,6.0,6.0,7.0,8.0,8.0,9.0,10.0,13.0,inferred
Southwark,2021-04-26,2.0,4.0,5.0,6.0,6.0,7.0,8.0,9.0,10.0,10.0,11.0,13.0,16.0,inferred
Southwark,2021-04-27,2.0,4.0,5.0,5.0,6.0,7.0,8.0,8.0,9.0,10.0,11.0,12.0,15.0,inferred
Southwark,2021-04-28,2.0,4.0,5.0,6.0,6.0,7.0,8.0,8.0,9.0,10.0,11.0,13.0,15.0,inferred
Southwark,2021-04-29,2.0,3.0,5.0,5.0,5.0,6.0,7.0,8.0,9.0,9.0,10.0,12.0,14.0,inferred
Southwark,2021-04-30,1.0,3.0,4.0,4.0,5.0,5.0,6.0,7.0,8.0,8.0,9.0,10.0,13.0,inferred
Southwark,2021-05-01,1.0,2.0,3.0,3.0,4.0,4.0,5.0,6.0,6.0,7.0,7.0,8.0,11.0,inferred
Southwark,2021-05-02,1.0,2.0,3.0,4.0,4.0,5.0,5.0,6.0,7.0,7.0,8.0,9.0,11.0,inferred
Southwark,2021-05-03,2.0,3.0,4.0,5.0,5.0,6.0,7.0,7.0,8.0,9.0,9.0,11.0,14.0,inferred
Southwark,2021-05-04,2.0,3.0,4.0,4.8,5.0,6.0,6.0,7.0,8.0,8.0,9.0,10.0,13.0,inferred
Southwark,2021-05-05,2.0,3.0,4.0,4.0,5.0,6.0,6.0,7.0,8.0,8.0,9.0,11.0,13.0,inferred
Southwark,2021-05-06,1.0,3.0,4.0,4.0,4.0,5.0,6.0,7.0,7.0,8.0,8.0,10.0,13.0,inferred
Southwark,2021-05-07,1.0,2.0,3.0,3.0,4.0,4.0,5.0,6.0,7.0,7.0,7.0,9.0,11.0,inferred
Southwark,2021-05-08,0.5,2.0,2.0,3.0,3.0,4.0,4.0,5.0,5.0,6.0,6.0,8.0,10.0,inferred
Southwark,2021-05-09,1.0,2.0,3.0,3.0,4.0,4.0,5.0,5.4,6.0,7.0,7.0,9.0,11.0,inferred
Southwark,2021-05-10,1.0,3.0,4.0,4.0,5.0,5.0,6.0,7.0,8.0,8.0,9.0,10.0,12.0,inferred
Southwark,2021-05-11,1.0,3.0,4.0,4.0,5.0,5.0,6.0,7.0,7.0,8.0,8.0,10.0,13.0,inferred
Southwark,2021-05-12,1.0,3.0,4.0,4.0,5.0,6.0,6.0,7.0,8.0,8.0,9.0,11.0,13.0,inferred
Southwark,2021-05-13,1.0,3.0,4.0,4.0,4.7,5.0,6.0,7.0,7.0,8.0,8.0,10.0,12.0,inferred
Southwark,2021-05-14,1.0,2.0,3.0,3.0,4.0,4.0,5.0,6.0,7.0,7.0,8.0,9.0,12.0,inferred
Southwark,2021-05-15,1.0,2.0,2.0,3.0,3.0,4.0,4.0,5.0,5.0,6.0,6.0,8.0,10.0,inferred
Southwark,2021-05-16,1.0,2.0,3.0,3.0,4.0,4.0,5.0,6.0,6.0,7.0,7.0,9.0,11.0,inferred
Southwark,2021-05-17,2.0,3.0,4.0,5.0,5.0,6.0,7.0,7.0,8.0,8.0,9.0,11.0,14.0,inferred
Southwark,2021-05-18,2.0,3.0,4.0,5.0,5.0,6.0,7.0,7.0,8.0,9.0,9.0,11.0,14.0,inferred
Southwark,2021-05-19,2.0,4.0,5.0,5.0,6.0,6.0,7.0,8.0,9.0,10.0,10.0,12.0,15.0,inferred
Southwark,2021-05-20,2.0,4.0,5.0,5.0,6.0,7.0,7.0,8.0,9.0,10.0,10.0,12.0,14.0,inferred
Southwark,2021-05-21,2.0,4.0,5.0,5.0,6.0,7.0,7.0,8.0,9.0,10.0,10.0,12.0,15.0,inferred
Southwark,2021-05-22,2.0,3.0,4.0,5.0,5.0,6.0,7.0,7.0,8.0,9.0,9.0,11.0,13.0,inferred
Southwark,2021-05-23,3.0,4.0,6.0,6.0,6.0,7.0,8.0,9.0,10.0,11.0,11.0,13.0,16.0,inferred
Southwark,2021-05-24,5.0,7.0,9.0,9.0,10.0,11.0,12.0,13.0,14.0,15.0,16.0,18.0,21.0,inferred
Southwark,2021-05-25,6.0,8.0,10.0,10.0,11.0,12.0,13.0,14.0,16.0,16.0,17.0,19.0,23.0,inferred
Southwark,2021-05-26,7.0,10.0,12.0,12.0,13.0,14.0,15.0,16.4,18.0,18.0,19.0,22.0,25.0,inferred
Southwark,2021-05-27,8.0,10.0,12.0,13.0,14.0,15.0,16.0,17.0,19.0,19.0,20.0,22.0,26.0,inferred
Southwark,2021-05-28,8.0,11.0,12.0,13.0,14.0,15.0,16.0,17.0,19.0,19.0,20.0,22.0,26.0,inferred
Southwark,2021-05-29,7.0,9.0,11.0,12.0,12.0,13.0,15.0,16.0,17.0,18.0,18.0,21.0,24.0,inferred
Southwark,2021-05-30,9.0,12.0,14.0,15.0,16.0,17.0,19.0,20.0,21.0,22.0,23.0,25.0,30.0,inferred
Southwark,2021-05-31,15.0,19.0,22.0,23.0,24.0,26.0,27.0,28.0,30.0,31.0,32.0,35.0,41.0,inferred
Southwark,2021-06-01,18.0,22.0,24.0,25.0,26.0,28.0,29.5,31.0,33.0,34.0,35.0,38.0,43.0,inferred
Southwark,2021-06-02,20.5,24.0,27.0,28.0,29.0,31.0,33.0,34.0,36.0,37.0,39.0,42.0,47.0,inferred
Southwark,2021-06-03,21.0,25.0,28.0,29.0,30.0,32.0,33.0,35.0,37.0,38.0,39.0,42.0,48.0,inferred
Southwark,2021-06-04,19.0,24.0,26.0,27.0,28.0,30.0,32.0,34.0,35.0,36.0,37.0,40.0,45.0,inferred
Southwark,2021-06-05,17.0,21.0,23.0,24.0,25.0,27.0,28.0,30.0,32.0,33.0,34.0,37.0,41.0,inferred
Southwark,2021-06-06,22.0,26.0,29.0,30.0,31.0,33.0,35.0,36.0,38.0,39.0,40.0,43.0,49.0,inferred
Southwark,2021-06-07,33.0,37.0,41.0,42.0,43.0,45.0,47.0,49.0,52.0,53.0,54.0,58.0,64.0,inferred
Southwark,2021-06-08,34.0,38.0,42.0,43.0,44.0,47.0,49.0,51.0,54.0,55.0,56.0,60.0,66.0,inferred
Southwark,2021-06-09,35.0,41.0,45.0,46.0,47.0,50.0,52.0,54.0,56.0,57.0,59.0,63.0,69.0,inferred
Southwark,2021-06-10,33.0,38.0,42.0,44.0,45.0,47.0,49.0,51.0,53.0,55.0,56.0,60.0,66.0,inferred
Southwark,2021-06-11,31.0,35.0,38.0,39.0,40.0,42.0,44.0,46.0,48.0,49.0,51.0,55.0,60.0,inferred
Southwark,2021-06-12,25.0,29.0,32.0,33.0,34.0,36.0,38.0,39.0,41.0,42.0,44.0,47.1,53.0,inferred
Southwark,2021-06-13,30.0,35.0,38.0,39.0,40.0,42.0,44.0,46.0,48.0,49.0,51.0,54.0,61.0,inferred
Southwark,2021-06-14,40.0,46.0,50.0,52.0,53.0,56.0,58.0,60.0,62.0,64.0,65.0,69.1,76.0,inferred
Southwark,2021-06-15,42.0,48.0,51.0,52.0,54.0,56.0,58.0,60.0,63.0,64.0,66.0,71.0,77.0,inferred
Southwark,2021-06-16,45.0,49.0,53.0,54.0,56.0,58.0,60.0,62.0,65.0,66.0,68.0,73.0,80.0,inferred
Southwark,2021-06-17,40.0,46.0,50.0,51.0,52.0,55.0,57.0,60.0,63.0,64.0,66.0,71.0,78.5,inferred
Southwark,2021-06-18,35.0,41.0,44.0,46.0,47.0,50.0,52.0,54.0,57.0,58.0,59.0,64.0,71.0,inferred
Spelthorne,2021-03-06,1.0,2.0,3.0,4.0,4.0,5.0,5.0,6.0,7.0,7.0,8.0,9.0,11.5,inferred
Spelthorne,2021-03-07,1.0,3.0,4.0,4.0,5.0,5.0,6.0,7.0,8.0,8.0,9.0,10.0,13.0,inferred
Spelthorne,2021-03-08,2.0,4.0,5.0,6.0,6.0,7.0,8.0,8.0,9.0,10.0,10.0,12.0,15.0,inferred
Spelthorne,2021-03-09,2.0,4.0,5.0,5.0,6.0,7.0,7.0,8.0,9.0,9.0,10.0,11.0,14.0,inferred
Spelthorne,2021-03-10,2.0,4.0,5.0,6.0,6.0,7.0,8.0,9.0,9.0,10.0,11.0,12.0,16.0,inferred
Spelthorne,2021-03-11,2.0,4.0,5.0,5.0,6.0,6.0,7.0,8.0,9.0,10.0,10.0,12.0,15.0,inferred
Spelthorne,2021-03-12,2.0,3.0,4.0,5.0,5.0,6.0,6.0,7.0,8.0,9.0,9.0,11.0,14.0,inferred
Spelthorne,2021-03-13,1.0,2.0,3.0,4.0,4.0,5.0,5.0,6.0,7.0,7.0,8.0,10.0,12.0,inferred
Spelthorne,2021-03-14,2.0,3.0,4.0,5.0,5.0,6.0,7.0,7.0,8.0,9.0,9.0,11.0,13.0,inferred
Spelthorne,2021-03-15,2.0,4.0,5.0,6.0,6.0,7.0,8.0,9.0,10.0,10.0,11.0,13.0,16.0,inferred
Spelthorne,2021-03-16,2.0,4.0,5.0,5.0,6.0,7.0,8.0,8.0,9.0,10.0,10.2,12.0,14.5,inferred
Spelthorne,2021-03-17,2.0,4.0,5.0,6.0,6.0,7.0,8.0,9.0,10.0,10.0,11.0,13.0,15.0,inferred
Spelthorne,2021-03-18,2.0,3.0,4.0,5.0,6.0,6.0,7.0,8.0,9.0,9.0,10.0,12.0,15.0,inferred
Spelthorne,2021-03-19,2.0,3.0,4.0,4.0,5.0,5.0,6.0,7.0,8.0,8.0,9.0,11.0,13.0,inferred
Spelthorne,2021-03-20,1.0,2.0,3.0,3.0,4.0,4.0,5.0,6.0,7.0,7.0,8.0,9.0,11.0,inferred
Spelthorne,2021-03-21,1.0,3.0,4.0,4.0,4.0,5.0,6.0,7.0,8.0,8.0,9.0,10.0,13.0,inferred
Spelthorne,2021-03-22,2.0,4.0,5.0,5.0,6.0,7.0,7.0,8.0,9.0,10.0,11.0,12.0,15.0,inferred
Spelthorne,2021-03-23,2.0,4.0,5.0,5.0,6.0,6.0,7.0,8.0,9.0,9.0,10.0,12.0,15.0,inferred
Spelthorne,2021-03-24,2.0,4.0,5.0,5.0,6.0,6.0,7.0,8.0,9.0,9.0,10.0,12.0,14.5,inferred
Spelthorne,2021-03-25,2.0,3.0,4.0,5.0,5.0,6.0,6.0,7.0,8.0,9.0,9.0,11.0,13.0,inferred
Spelthorne,2021-03-26,1.0,2.0,3.0,3.0,4.0,5.0,5.0,6.0,7.0,7.0,8.0,9.0,12.0,inferred
Spelthorne,2021-03-27,1.0,1.0,2.0,3.0,3.0,3.0,4.0,5.0,5.0,6.0,6.0,8.0,10.0,inferred
Spelthorne,2021-03-28,1.0,2.0,3.0,3.0,3.0,4.0,5.0,5.0,6.0,6.0,7.0,8.0,11.0,inferred
Spelthorne,2021-03-29,1.0,2.0,3.0,4.0,4.0,5.0,5.0,6.0,7.0,7.0,8.0,9.0,12.0,inferred
Spelthorne,2021-03-30,1.0,2.0,3.0,3.0,4.0,4.0,5.0,6.0,6.0,7.0,7.0,9.0,12.0,inferred
Spelthorne,2021-03-31,1.0,2.0,3.0,3.0,4.0,4.0,5.0,6.0,6.0,7.0,7.0,9.0,12.0,inferred
Spelthorne,2021-04-01,1.0,2.0,2.0,3.0,3.0,4.0,4.0,5.0,6.0,6.0,7.0,8.0,10.0,inferred
Spelthorne,2021-04-02,0.0,1.0,2.0,2.0,2.0,3.0,4.0,4.0,5.0,5.0,6.0,7.0,9.0,inferred
Spelthorne,2021-04-03,0.0,1.0,1.0,2.0,2.0,2.0,3.0,3.0,4.0,4.0,5.0,6.0,8.0,inferred
Spelthorne,2021-04-04,0.0,1.0,2.0,2.0,2.0,3.0,3.0,4.0,4.0,5.0,5.0,6.0,8.0,inferred
Spelthorne,2021-04-05,0.0,1.0,2.0,2.0,2.0,3.0,4.0,4.0,5.0,5.0,6.0,7.0,9.0,inferred
Spelthorne,2021-04-06,0.0,1.0,2.0,2.0,2.0,3.0,3.0,4.0,4.0,5.0,5.0,7.0,8.0,inferred
Spelthorne,2021-04-07,0.0,1.0,2.0,2.0,2.0,3.0,3.0,4.0,5.0,5.0,5.0,7.0,9.0,inferred
Spelthorne,2021-04-08,0.0,1.0,1.0,2.0,2.0,2.0,3.0,3.0,4.0,4.0,5.0,6.0,8.0,inferred
Spelthorne,2021-04-09,0.0,1.0,1.0,1.0,1.0,2.0,2.0,3.0,3.0,4.0,4.0,5.0,7.0,inferred
Spelthorne,2021-04-10,0.0,0.0,1.0,1.0,1.0,1.0,2.0,2.0,3.0,3.0,4.0,4.0,6.0,inferred
Spelthorne,2021-04-11,0.0,0.0,1.0,1.0,1.0,2.0,2.0,3.0,3.0,4.0,4.0,5.0,7.0,inferred
Spelthorne,2021-04-12,0.0,1.0,1.0,1.0,2.0,2.0,3.0,3.0,4.0,4.0,4.0,5.0,8.0,inferred
Spelthorne,2021-04-13,0.0,0.0,1.0,1.0,1.0,2.0,2.0,3.0,3.0,4.0,4.0,5.0,7.0,inferred
Spelthorne,2021-04-14,0.0,1.0,1.0,1.0,2.0,2.0,3.0,3.0,4.0,4.0,4.0,5.0,7.0,inferred
Spelthorne,2021-04-15,0.0,0.0,1.0,1.0,1.0,2.0,2.0,3.0,3.0,4.0,4.0,5.0,7.0,inferred
Spelthorne,2021-04-16,0.0,0.0,1.0,1.0,1.0,2.0,2.0,2.0,3.0,3.0,4.0,5.0,6.0,inferred
Spelthorne,2021-04-17,0.0,0.0,0.0,1.0,1.0,1.0,2.0,2.0,2.0,3.0,3.0,4.0,6.0,inferred
Spelthorne,2021-04-18,0.0,0.0,1.0,1.0,1.0,2.0,2.0,2.0,3.0,3.0,4.0,5.0,7.0,inferred
Spelthorne,2021-04-19,0.0,1.0,1.0,1.0,1.0,2.0,2.0,3.0,3.0,4.0,4.0,5.0,7.0,inferred
Spelthorne,2021-04-20,0.0,0.0,1.0,1.0,1.0,2.0,2.0,3.0,3.0,4.0,4.0,5.0,7.0,inferred
Spelthorne,2021-04-21,0.0,0.0,1.0,1.0,2.0,2.0,2.0,3.0,4.0,4.0,4.0,5.0,7.0,inferred
Spelthorne,2021-04-22,0.0,0.0,1.0,1.0,1.0,2.0,2.0,3.0,3.0,3.0,4.0,5.0,7.0,inferred
Spelthorne,2021-04-23,0.0,0.0,1.0,1.0,1.0,1.0,2.0,2.0,3.0,3.0,3.0,4.0,6.0,inferred
Spelthorne,2021-04-24,0.0,0.0,0.0,0.0,1.0,1.0,1.0,2.0,2.0,3.0,3.0,4.0,5.0,inferred
Spelthorne,2021-04-25,0.0,0.0,1.0,1.0,1.0,1.0,2.0,2.0,3.0,3.0,3.0,4.0,6.0,inferred
Spelthorne,2021-04-26,0.0,0.0,1.0,1.0,1.0,2.0,2.0,3.0,3.0,3.0,4.0,5.0,7.0,inferred
Spelthorne,2021-04-27,0.0,0.0,1.0,1.0,1.0,2.0,2.0,2.0,3.0,3.0,4.0,5.0,6.0,inferred
Spelthorne,2021-04-28,0.0,0.0,1.0,1.0,1.0,2.0,2.0,3.0,3.0,3.0,4.0,5.0,7.0,inferred
Spelthorne,2021-04-29,0.0,0.0,1.0,1.0,1.0,2.0,2.0,2.0,3.0,3.0,4.0,4.0,6.0,inferred
Spelthorne,2021-04-30,0.0,0.0,0.0,1.0,1.0,1.0,2.0,2.0,3.0,3.0,3.0,4.0,6.0,inferred
Spelthorne,2021-05-01,0.0,0.0,0.0,0.0,1.0,1.0,1.0,2.0,2.0,2.0,3.0,4.0,5.0,inferred
Spelthorne,2021-05-02,0.0,0.0,0.0,1.0,1.0,1.0,1.0,2.0,2.0,3.0,3.0,4.0,6.0,inferred
Spelthorne,2021-05-03,0.0,0.0,1.0,1.0,1.0,2.0,2.0,2.0,3.0,3.0,4.0,5.0,6.0,inferred
Spelthorne,2021-05-04,0.0,0.0,1.0,1.0,1.0,1.0,2.0,2.0,3.0,3.0,4.0,5.0,7.0,inferred
Spelthorne,2021-05-05,0.0,0.0,1.0,1.0,1.0,2.0,2.0,2.0,3.0,3.0,4.0,5.0,6.0,inferred
Spelthorne,2021-05-06,0.0,0.0,1.0,1.0,1.0,1.0,2.0,2.0,3.0,3.0,3.0,4.0,6.0,inferred
Spelthorne,2021-05-07,0.0,0.0,1.0,1.0,1.0,1.0,2.0,2.0,3.0,3.0,3.0,4.0,6.0,inferred
Spelthorne,2021-05-08,0.0,0.0,0.0,0.0,1.0,1.0,1.0,2.0,2.0,2.0,3.0,4.0,5.0,inferred
Spelthorne,2021-05-09,0.0,0.0,1.0,1.0,1.0,1.0,2.0,2.0,2.0,3.0,3.0,4.0,6.0,inferred
Spelthorne,2021-05-10,0.0,0.0,1.0,1.0,1.0,2.0,2.0,3.0,3.0,3.0,4.0,5.0,7.0,inferred
Spelthorne,2021-05-11,0.0,0.0,1.0,1.0,1.0,2.0,2.0,3.0,3.0,3.0,4.0,5.0,6.5,inferred
Spelthorne,2021-05-12,0.0,0.0,1.0,1.0,1.0,2.0,2.0,3.0,3.0,3.0,4.0,5.0,7.0,inferred
Spelthorne,2021-05-13,0.0,0.0,1.0,1.0,1.0,2.0,2.0,2.0,3.0,3.0,4.0,5.0,7.0,inferred
Spelthorne,2021-05-14,0.0,0.0,1.0,1.0,1.0,1.0,2.0,2.0,3.0,3.0,3.0,4.0,6.5,inferred
Spelthorne,2021-05-15,0.0,0.0,0.0,1.0,1.0,1.0,1.0,2.0,2.0,3.0,3.0,4.0,5.0,inferred
Spelthorne,2021-05-16,0.0,0.0,1.0,1.0,1.0,1.0,2.0,2.0,3.0,3.0,3.0,5.0,6.0,inferred
Spelthorne,2021-05-17,0.0,0.0,1.0,1.0,1.0,2.0,2.0,3.0,3.0,4.0,4.0,5.0,7.0,inferred
Spelthorne,2021-05-18,0.0,0.0,1.0,1.0,1.0,2.0,2.0,3.0,3.0,4.0,4.0,5.0,7.0,inferred
Spelthorne,2021-05-19,0.0,1.0,1.0,2.0,2.0,2.0,3.0,3.0,4.0,4.0,5.0,6.0,8.0,inferred
Spelthorne,2021-05-20,0.0,1.0,1.0,2.0,2.0,2.0,3.0,3.0,4.0,4.0,5.0,6.0,8.0,inferred
Spelthorne,2021-05-21,0.0,1.0,1.0,1.0,2.0,2.0,3.0,3.0,4.0,4.0,5.0,6.0,8.0,inferred
Spelthorne,2021-05-22,0.0,1.0,1.0,1.0,1.0,2.0,2.0,3.0,3.0,4.0,4.0,5.0,7.0,inferred
Spelthorne,2021-05-23,0.0,1.0,2.0,2.0,2.0,3.0,3.0,4.0,4.0,5.0,5.0,6.0,9.0,inferred
Spelthorne,2021-05-24,0.5,1.0,2.0,3.0,3.0,4.0,4.0,5.0,6.0,6.0,6.0,8.0,10.0,inferred
Spelthorne,2021-05-25,1.0,2.0,2.0,3.0,3.0,4.0,4.0,5.0,6.0,6.0,7.0,8.0,11.0,inferred
Spelthorne,2021-05-26,1.0,2.0,3.0,3.0,4.0,4.0,5.0,6.0,7.0,7.0,8.0,9.0,12.0,inferred
Spelthorne,2021-05-27,1.0,2.0,3.0,3.0,4.0,5.0,5.0,6.0,7.0,7.0,8.0,9.0,12.0,inferred
Spelthorne,2021-05-28,1.0,2.0,3.0,3.0,4.0,4.0,5.0,6.0,7.0,7.0,8.0,9.0,12.0,inferred
Spelthorne,2021-05-29,1.0,2.0,3.0,3.0,3.0,4.0,5.0,5.0,6.0,6.0,7.0,8.0,11.0,inferred
Spelthorne,2021-05-30,1.0,2.0,3.0,4.0,4.0,5.0,6.0,7.0,8.0,8.0,9.0,10.0,13.0,inferred
Spelthorne,2021-05-31,2.0,4.0,5.0,6.0,6.0,7.0,8.0,9.0,10.0,10.0,11.0,12.0,15.0,inferred
Spelthorne,2021-06-01,3.0,4.0,6.0,6.0,7.0,7.0,8.0,9.0,10.0,11.0,11.0,13.0,16.0,inferred
Spelthorne,2021-06-02,3.0,5.0,6.0,7.0,7.0,8.0,9.0,10.0,11.0,12.0,12.0,14.0,18.0,inferred
Spelthorne,2021-06-03,3.0,5.0,6.0,6.0,7.0,8.0,9.0,10.0,11.0,11.0,12.0,14.0,17.0,inferred
Spelthorne,2021-06-04,3.0,4.0,5.0,6.0,6.0,7.0,8.0,9.0,10.0,10.0,11.0,13.0,16.0,inferred
Spelthorne,2021-06-05,2.0,3.0,4.0,5.0,5.0,6.0,7.0,8.0,8.0,9.0,9.0,11.0,14.0,inferred
Spelthorne,2021-06-06,3.0,4.0,5.0,6.0,6.0,7.0,8.0,9.0,10.0,11.0,11.0,13.0,16.0,inferred
Spelthorne,2021-06-07,3.0,5.0,7.0,7.0,8.0,9.0,10.0,11.0,12.0,12.0,13.0,15.0,18.5,inferred
Spelthorne,2021-06-08,4.0,5.0,7.0,7.0,8.0,9.0,10.0,11.0,12.0,13.0,13.0,15.0,18.0,inferred
Spelthorne,2021-06-09,4.0,6.0,7.0,8.0,8.0,9.0,10.0,11.0,12.0,13.0,14.0,15.0,19.0,inferred
Spelthorne,2021-06-10,3.0,5.0,6.0,7.0,7.0,8.0,9.0,10.0,11.0,12.0,12.0,14.0,18.0,inferred
Spelthorne,2021-06-11,2.0,4.0,5.0,6.0,6.0,7.0,8.0,9.0,10.0,10.0,11.0,13.0,16.0,inferred
Spelthorne,2021-06-12,2.0,3.0,4.0,5.0,5.0,6.0,6.0,7.0,8.0,9.0,9.0,11.0,13.0,inferred
Spelthorne,2021-06-13,2.0,4.0,5.0,6.0,6.0,7.0,8.0,9.0,10.0,10.0,11.0,12.0,15.0,inferred
Spelthorne,2021-06-14,4.0,5.0,7.0,7.0,8.0,9.0,10.0,11.0,12.0,12.0,13.0,15.0,19.0,inferred
Spelthorne,2021-06-15,3.5,5.0,7.0,7.0,8.0,9.0,10.0,10.0,11.0,12.0,13.0,15.0,18.0,inferred
Spelthorne,2021-06-16,4.0,6.0,7.0,8.0,8.0,9.0,10.0,11.0,12.0,13.0,14.0,16.0,19.0,inferred
Spelthorne,2021-06-17,3.0,5.0,6.0,7.0,8.0,9.0,10.0,11.0,12.0,12.0,13.0,15.0,19.0,inferred
Spelthorne,2021-06-18,3.0,5.0,6.0,6.0,7.0,8.0,8.0,9.0,10.0,11.0,12.0,13.0,17.0,inferred
St Albans,2021-03-06,0.0,1.0,1.0,2.0,2.0,3.0,3.0,4.0,5.0,5.0,6.0,8.0,11.0,inferred
St Albans,2021-03-07,0.0,1.0,2.0,2.0,2.0,3.0,4.0,4.0,5.0,6.0,7.0,8.1,12.0,inferred
St Albans,2021-03-08,0.0,1.0,2.0,2.0,3.0,4.0,4.0,5.0,6.0,7.0,8.0,10.0,13.0,inferred
St Albans,2021-03-09,0.0,1.0,2.0,2.0,3.0,4.0,4.0,5.0,6.0,7.0,8.0,10.0,14.0,inferred
St Albans,2021-03-10,0.0,1.0,2.0,3.0,3.0,4.0,5.0,5.0,6.0,7.0,8.0,10.0,13.0,inferred
St Albans,2021-03-11,0.0,1.0,2.0,2.0,3.0,3.0,4.0,5.0,6.0,7.0,7.0,10.0,13.0,inferred
St Albans,2021-03-12,0.0,1.0,1.0,2.0,2.0,3.0,4.0,4.0,5.0,6.0,7.0,9.0,12.0,inferred
St Albans,2021-03-13,0.0,0.0,1.0,1.0,2.0,2.0,3.0,4.0,4.0,5.0,6.0,7.0,11.0,inferred
St Albans,2021-03-14,0.0,1.0,1.0,2.0,2.0,2.0,3.0,4.0,5.0,5.0,6.0,8.0,12.0,inferred
St Albans,2021-03-15,0.0,1.0,2.0,2.0,3.0,4.0,4.0,5.0,6.0,7.0,8.0,10.0,14.0,inferred
St Albans,2021-03-16,0.0,1.0,1.0,2.0,2.0,3.0,3.0,4.0,5.0,6.0,7.0,9.0,13.0,inferred
St Albans,2021-03-17,0.0,1.0,2.0,2.0,2.0,3.0,4.0,5.0,6.0,7.0,7.0,9.0,13.0,inferred
St Albans,2021-03-18,0.0,1.0,1.0,2.0,2.0,3.0,4.0,4.0,5.0,6.0,7.0,9.0,12.0,inferred
St Albans,2021-03-19,0.0,0.9,1.0,2.0,2.0,3.0,3.0,4.0,5.0,6.0,6.0,8.0,12.0,inferred
St Albans,2021-03-20,0.0,0.0,1.0,1.0,1.0,2.0,3.0,3.0,4.0,5.0,5.0,7.0,10.0,inferred
St Albans,2021-03-21,0.0,0.0,1.0,1.0,2.0,2.0,3.0,4.0,5.0,5.0,6.0,8.0,12.0,inferred
St Albans,2021-03-22,0.0,1.0,2.0,2.0,2.0,3.0,4.0,5.0,6.0,6.0,7.0,9.0,13.0,inferred
St Albans,2021-03-23,0.0,1.0,1.0,2.0,2.0,3.0,4.0,5.0,5.0,6.0,7.0,8.0,12.0,inferred
St Albans,2021-03-24,0.0,1.0,1.0,2.0,2.0,3.0,4.0,5.0,6.0,6.0,7.0,9.0,13.0,inferred
St Albans,2021-03-25,0.0,1.0,1.0,2.0,2.0,3.0,3.0,4.0,5.0,6.0,6.0,8.0,11.0,inferred
St Albans,2021-03-26,0.0,0.0,1.0,1.0,2.0,2.0,3.0,3.0,4.0,5.0,6.0,7.0,11.0,inferred
St Albans,2021-03-27,0.0,0.0,1.0,1.0,1.0,1.0,2.0,3.0,3.0,4.0,4.0,6.0,9.5,inferred
St Albans,2021-03-28,0.0,0.0,1.0,1.0,1.0,2.0,2.0,3.0,4.0,4.0,5.0,7.0,10.0,inferred
St Albans,2021-03-29,0.0,0.0,1.0,1.0,2.0,2.0,3.0,4.0,5.0,5.0,6.0,8.0,11.0,inferred
St Albans,2021-03-30,0.0,0.0,1.0,1.0,2.0,2.0,3.0,4.0,4.0,5.0,5.0,7.0,11.0,inferred
St Albans,2021-03-31,0.0,0.0,1.0,1.0,2.0,2.0,3.0,4.0,5.0,5.0,6.0,8.0,11.0,inferred
St Albans,2021-04-01,0.0,0.0,1.0,1.0,1.0,2.0,3.0,3.0,4.0,5.0,5.0,7.0,10.0,inferred
St Albans,2021-04-02,0.0,0.0,1.0,1.0,1.0,2.0,2.0,3.0,4.0,4.0,5.0,6.0,10.0,inferred
St Albans,2021-04-03,0.0,0.0,0.0,0.0,1.0,1.0,2.0,2.0,3.0,4.0,4.0,6.0,9.0,inferred
St Albans,2021-04-04,0.0,0.0,1.0,1.0,1.0,2.0,2.0,3.0,4.0,4.0,5.0,7.0,9.5,inferred
St Albans,2021-04-05,0.0,0.0,1.0,1.0,1.0,2.0,3.0,3.0,4.0,5.0,5.0,7.0,10.0,inferred
St Albans,2021-04-06,0.0,0.0,1.0,1.0,1.0,2.0,2.0,3.0,4.0,4.0,5.0,7.0,10.0,inferred
St Albans,2021-04-07,0.0,0.0,1.0,1.0,2.0,2.0,3.0,3.0,4.0,5.0,5.2,7.0,11.0,inferred
St Albans,2021-04-08,0.0,0.0,1.0,1.0,1.0,2.0,3.0,3.0,4.0,5.0,5.0,7.0,10.0,inferred
St Albans,2021-04-09,0.0,0.0,1.0,1.0,1.0,2.0,2.0,3.0,4.0,4.0,5.0,6.1,9.0,inferred
St Albans,2021-04-10,0.0,0.0,0.0,1.0,1.0,1.0,2.0,2.0,3.0,4.0,4.0,6.0,9.0,inferred
St Albans,2021-04-11,0.0,0.0,1.0,1.0,1.0,2.0,2.0,3.0,3.0,4.0,4.0,6.0,9.0,inferred
St Albans,2021-04-12,0.0,0.0,1.0,1.0,1.0,2.0,3.0,3.0,4.0,5.0,5.0,7.0,10.0,inferred
St Albans,2021-04-13,0.0,0.0,1.0,1.0,1.0,2.0,2.0,3.0,4.0,4.0,5.0,7.0,10.0,inferred
St Albans,2021-04-14,0.0,0.0,1.0,1.0,1.0,2.0,2.0,3.0,4.0,4.0,5.0,7.0,10.0,inferred
St Albans,2021-04-15,0.0,0.0,1.0,1.0,1.0,2.0,2.0,3.0,4.0,4.0,4.0,6.0,10.0,inferred
St Albans,2021-04-16,0.0,0.0,0.0,1.0,1.0,1.0,2.0,2.4,3.0,4.0,4.0,6.0,8.5,inferred
St Albans,2021-04-17,0.0,0.0,0.0,0.0,0.0,1.0,1.0,2.0,2.0,3.0,3.0,5.0,7.0,inferred
St Albans,2021-04-18,0.0,0.0,0.0,1.0,1.0,1.0,2.0,2.0,3.0,3.0,4.0,5.0,8.0,inferred
St Albans,2021-04-19,0.0,0.0,0.0,1.0,1.0,1.0,2.0,3.0,3.0,4.0,5.0,6.0,9.0,inferred
St Albans,2021-04-20,0.0,0.0,0.0,1.0,1.0,1.0,2.0,2.0,3.0,4.0,4.0,6.0,9.0,inferred
St Albans,2021-04-21,0.0,0.0,0.0,1.0,1.0,1.0,2.0,3.0,3.0,4.0,4.0,6.0,9.0,inferred
St Albans,2021-04-22,0.0,0.0,0.0,1.0,1.0,1.0,2.0,2.0,3.0,3.0,4.0,6.0,8.5,inferred
St Albans,2021-04-23,0.0,0.0,0.0,0.0,1.0,1.0,1.0,2.0,3.0,3.0,4.0,5.0,7.0,inferred
St Albans,2021-04-24,0.0,0.0,0.0,0.0,0.0,1.0,1.0,1.0,2.0,3.0,3.0,5.0,7.5,inferred
St Albans,2021-04-25,0.0,0.0,0.0,0.0,0.0,1.0,1.0,2.0,2.0,3.0,3.0,4.0,7.0,inferred
St Albans,2021-04-26,0.0,0.0,0.0,1.0,1.0,1.0,2.0,2.0,3.0,3.0,4.0,6.0,9.0,inferred
St Albans,2021-04-27,0.0,0.0,0.0,0.0,1.0,1.0,1.0,2.0,3.0,3.0,4.0,5.0,8.0,inferred
St Albans,2021-04-28,0.0,0.0,0.0,1.0,1.0,1.0,2.0,2.0,3.0,4.0,4.0,6.0,10.0,inferred
St Albans,2021-04-29,0.0,0.0,0.0,0.8,1.0,1.0,2.0,2.0,3.0,3.0,4.0,5.0,8.0,inferred
St Albans,2021-04-30,0.0,0.0,0.0,0.0,1.0,1.0,1.5,2.0,3.0,3.0,4.0,5.0,8.0,inferred
St Albans,2021-05-01,0.0,0.0,0.0,0.0,0.0,1.0,1.0,2.0,2.0,3.0,3.0,5.0,7.0,inferred
St Albans,2021-05-02,0.0,0.0,0.0,0.0,1.0,1.0,1.0,2.0,3.0,3.0,4.0,5.0,8.0,inferred
St Albans,2021-05-03,0.0,0.0,0.8,1.0,1.0,1.0,2.0,3.0,3.0,4.0,4.0,6.0,9.0,inferred
St Albans,2021-05-04,0.0,0.0,0.0,1.0,1.0,1.0,2.0,2.0,3.0,4.0,4.0,6.0,9.0,inferred
St Albans,2021-05-05,0.0,0.0,1.0,1.0,1.0,2.0,2.0,3.0,4.0,4.0,5.0,6.0,9.0,inferred
St Albans,2021-05-06,0.0,0.0,0.0,1.0,1.0,1.0,2.0,3.0,3.0,4.0,5.0,6.0,9.0,inferred
St Albans,2021-05-07,0.0,0.0,0.0,1.0,1.0,1.0,2.0,2.0,3.0,3.0,4.0,6.0,9.0,inferred
St Albans,2021-05-08,0.0,0.0,0.0,0.0,1.0,1.0,1.0,2.0,3.0,3.0,3.0,5.0,8.0,inferred
St Albans,2021-05-09,0.0,0.0,0.0,1.0,1.0,1.0,2.0,2.0,3.0,4.0,4.0,6.0,9.0,inferred
St Albans,2021-05-10,0.0,0.0,1.0,1.0,1.0,2.0,2.0,3.0,4.0,4.0,5.0,7.0,10.0,inferred
St Albans,2021-05-11,0.0,0.0,1.0,1.0,1.0,2.0,2.0,3.0,4.0,4.0,5.0,6.0,10.0,inferred
St Albans,2021-05-12,0.0,0.0,1.0,1.0,1.0,2.0,3.0,3.0,4.0,5.0,5.0,7.0,10.0,inferred
St Albans,2021-05-13,0.0,0.0,1.0,1.0,1.0,2.0,2.0,3.0,4.0,4.0,5.0,6.0,10.0,inferred
St Albans,2021-05-14,0.0,0.0,1.0,1.0,1.0,2.0,2.0,3.0,4.0,4.0,5.0,6.1,10.0,inferred
St Albans,2021-05-15,0.0,0.0,0.0,0.0,1.0,1.0,2.0,2.0,3.0,3.0,4.0,5.0,8.0,inferred
St Albans,2021-05-16,0.0,0.0,0.0,1.0,1.0,1.0,2.0,3.0,3.0,4.0,4.0,6.0,9.0,inferred
St Albans,2021-05-17,0.0,0.0,1.0,1.0,1.0,2.0,3.0,4.0,4.0,5.0,6.0,8.0,11.0,inferred
St Albans,2021-05-18,0.0,0.0,1.0,1.0,2.0,2.0,3.0,3.0,4.0,5.0,5.0,7.0,11.0,inferred
St Albans,2021-05-19,0.0,1.0,1.0,1.0,2.0,2.0,3.0,4.0,5.0,5.0,6.0,8.0,11.5,inferred
St Albans,2021-05-20,0.0,0.0,1.0,1.0,2.0,2.0,3.0,4.0,4.0,5.0,6.0,8.0,11.0,inferred
St Albans,2021-05-21,0.0,0.0,1.0,1.0,1.0,2.0,3.0,3.0,4.0,5.0,5.0,7.0,11.0,inferred
St Albans,2021-05-22,0.0,0.0,1.0,1.0,1.0,1.0,2.0,3.0,4.0,4.0,5.0,6.0,9.0,inferred
St Albans,2021-05-23,0.0,0.0,1.0,1.0,1.0,2.0,3.0,3.0,4.0,5.0,6.0,7.0,10.0,inferred
St Albans,2021-05-24,0.0,1.0,1.0,2.0,2.0,3.0,3.0,4.0,5.0,6.0,6.0,8.0,12.0,inferred
St Albans,2021-05-25,0.0,1.0,1.0,2.0,2.0,3.0,3.0,4.0,5.0,5.0,6.0,8.0,12.0,inferred
St Albans,2021-05-26,0.0,1.0,1.0,2.0,2.0,3.0,4.0,4.0,5.0,6.0,7.0,9.0,13.0,inferred
St Albans,2021-05-27,0.0,1.0,1.0,2.0,2.0,3.0,3.0,4.0,5.0,6.0,6.0,8.0,12.0,inferred
St Albans,2021-05-28,0.0,1.0,1.0,2.0,2.0,3.0,3.0,4.0,5.0,5.0,6.0,8.0,11.0,inferred
St Albans,2021-05-29,0.0,0.0,1.0,1.0,1.0,2.0,3.0,3.0,4.0,5.0,5.0,7.0,11.0,inferred
St Albans,2021-05-30,0.0,1.0,1.0,2.0,2.0,3.0,3.0,4.0,5.0,6.0,6.0,8.0,12.0,inferred
St Albans,2021-05-31,0.0,1.0,2.0,3.0,3.0,4.0,5.0,6.0,7.0,7.0,8.0,10.1,14.0,inferred
St Albans,2021-06-01,0.0,1.0,2.0,3.0,3.0,4.0,5.0,6.0,7.0,8.0,8.0,11.0,14.0,inferred
St Albans,2021-06-02,0.0,2.0,3.0,3.0,4.0,5.0,5.0,7.0,8.0,8.0,9.0,12.0,16.0,inferred
St Albans,2021-06-03,1.0,2.0,3.0,3.0,4.0,5.0,5.0,6.0,8.0,8.0,9.0,12.0,16.0,inferred
St Albans,2021-06-04,0.0,2.0,3.0,3.0,4.0,4.0,5.0,6.0,7.0,8.0,9.0,11.0,15.0,inferred
St Albans,2021-06-05,0.0,1.0,2.0,2.0,3.0,4.0,4.0,5.4,7.0,7.0,8.0,10.0,15.0,inferred
St Albans,2021-06-06,1.0,2.0,3.0,3.0,4.0,5.0,6.0,7.0,8.0,9.0,9.0,12.0,16.0,inferred
St Albans,2021-06-07,1.0,3.0,4.0,5.0,5.0,6.0,8.0,9.0,10.0,11.0,12.0,15.0,19.5,inferred
St Albans,2021-06-08,1.0,3.0,5.0,5.0,6.0,7.0,8.0,9.0,10.0,11.0,12.0,15.0,20.0,inferred
St Albans,2021-06-09,2.0,4.0,6.0,6.0,7.0,8.0,9.0,11.0,12.0,13.0,13.2,17.0,22.0,inferred
St Albans,2021-06-10,2.0,4.0,5.0,6.0,6.0,8.0,9.0,10.0,11.3,12.0,13.0,16.0,21.0,inferred
St Albans,2021-06-11,2.0,4.0,5.0,6.0,6.0,7.0,8.0,10.0,11.0,12.0,13.0,16.0,20.0,inferred
St Albans,2021-06-12,1.0,3.0,4.0,5.0,5.0,6.0,7.0,9.0,10.0,11.0,11.0,14.0,19.0,inferred
St Albans,2021-06-13,2.0,4.0,6.0,7.0,7.0,8.0,9.0,11.0,12.0,13.0,14.0,16.0,21.0,inferred
St Albans,2021-06-14,4.0,6.0,8.0,9.0,10.0,11.0,13.0,14.0,16.0,17.0,18.0,22.0,29.0,inferred
St Albans,2021-06-15,4.0,7.0,9.0,10.0,11.0,12.0,14.0,15.0,17.0,18.0,19.0,22.0,28.0,inferred
St Albans,2021-06-16,5.0,8.0,10.0,11.0,12.0,13.0,15.0,17.0,18.0,19.0,20.0,24.0,31.0,inferred
St Albans,2021-06-17,5.0,8.0,10.0,11.0,12.0,13.0,15.0,16.0,18.0,19.0,21.0,24.0,30.0,inferred
St Albans,2021-06-18,5.0,7.0,9.0,10.0,11.0,13.0,14.0,15.0,17.0,19.0,20.0,23.0,29.0,inferred
St. Helens,2021-03-06,8.0,11.0,13.0,14.0,14.0,16.0,17.0,18.0,20.0,21.0,22.0,25.0,29.0,inferred
St. Helens,2021-03-07,10.0,13.0,16.0,17.0,17.0,19.0,20.0,21.0,23.0,24.0,25.0,27.0,32.0,inferred
St. Helens,2021-03-08,14.0,17.0,19.0,20.0,21.0,23.0,25.0,26.0,28.0,29.0,30.0,33.1,39.0,inferred
St. Helens,2021-03-09,12.0,16.0,18.0,19.0,20.0,22.0,24.0,25.0,27.0,28.0,29.0,32.0,37.0,inferred
St. Helens,2021-03-10,12.0,16.0,18.0,19.0,20.0,21.0,22.5,24.0,26.0,27.0,28.0,31.0,36.0,inferred
St. Helens,2021-03-11,10.0,13.0,16.0,16.8,17.0,19.0,20.0,22.0,24.0,25.0,26.0,28.0,33.5,inferred
St. Helens,2021-03-12,8.0,11.0,13.0,14.0,15.0,16.0,17.0,19.0,20.0,21.0,22.0,25.0,29.0,inferred
St. Helens,2021-03-13,5.0,8.0,9.0,10.0,11.0,12.0,13.0,14.0,15.0,16.0,17.0,20.0,24.0,inferred
St. Helens,2021-03-14,6.0,9.0,10.0,11.0,12.0,13.0,14.0,15.0,17.0,18.0,19.0,22.0,26.0,inferred
St. Helens,2021-03-15,8.0,11.0,13.0,14.0,15.0,16.0,18.0,19.0,21.0,22.0,23.0,26.0,32.0,inferred
St. Helens,2021-03-16,7.5,10.0,13.0,14.0,14.0,16.0,17.0,18.0,20.0,21.0,22.0,24.0,30.0,inferred
St. Helens,2021-03-17,8.0,10.0,12.0,13.0,14.0,15.0,17.0,18.0,19.0,20.0,21.0,24.0,28.5,inferred
St. Helens,2021-03-18,7.0,9.0,11.0,12.0,13.0,14.0,15.0,16.0,18.0,19.0,20.0,23.0,27.0,inferred
St. Helens,2021-03-19,5.0,7.0,9.0,10.0,10.0,11.0,13.0,14.0,15.0,16.0,17.0,19.0,24.0,inferred
St. Helens,2021-03-20,3.0,5.0,6.0,7.0,8.0,9.0,10.0,11.0,12.0,12.0,13.0,15.0,18.5,inferred
St. Helens,2021-03-21,4.0,6.0,7.0,8.0,8.0,10.0,11.0,12.0,13.0,14.0,15.0,17.0,21.0,inferred
St. Helens,2021-03-22,5.0,7.9,9.0,10.0,10.0,12.0,13.0,14.0,16.0,16.0,18.0,20.0,24.0,inferred
St. Helens,2021-03-23,5.0,7.0,9.0,9.0,10.0,11.0,12.0,14.0,15.0,16.0,17.0,19.0,23.0,inferred
St. Helens,2021-03-24,4.0,7.0,8.0,9.0,9.0,11.0,12.0,13.0,14.0,15.0,16.0,18.0,22.0,inferred
St. Helens,2021-03-25,4.0,5.0,7.0,8.0,8.0,9.0,10.0,11.0,13.0,13.0,14.0,16.1,20.0,inferred
St. Helens,2021-03-26,3.0,4.0,6.0,6.0,7.0,8.0,9.0,10.0,11.0,11.0,12.0,14.0,18.0,inferred
St. Helens,2021-03-27,1.0,3.0,4.0,4.0,5.0,6.0,6.0,7.0,8.0,9.0,10.0,11.0,15.0,inferred
St. Helens,2021-03-28,2.0,3.0,4.0,5.0,5.0,6.0,7.0,8.0,9.0,9.0,10.0,12.0,15.0,inferred
St. Helens,2021-03-29,2.0,4.0,5.0,6.0,6.0,7.0,8.0,9.0,11.0,11.0,12.0,14.0,18.0,inferred
St. Helens,2021-03-30,2.0,4.0,5.0,6.0,6.0,7.0,8.0,9.0,10.0,11.0,11.0,13.0,16.0,inferred
St. Helens,2021-03-31,2.0,3.0,5.0,5.0,6.0,7.0,8.0,9.0,10.0,10.0,11.0,13.0,16.5,inferred
St. Helens,2021-04-01,1.5,3.0,4.0,5.0,5.0,6.0,7.0,8.0,9.0,9.0,10.0,12.0,15.0,inferred
St. Helens,2021-04-02,1.0,2.0,3.0,4.0,4.0,5.0,6.0,7.0,8.0,8.0,9.0,11.0,13.5,inferred
St. Helens,2021-04-03,0.0,1.0,2.0,3.0,3.0,4.0,4.0,5.0,6.0,6.0,7.0,8.0,11.0,inferred
St. Helens,2021-04-04,1.0,2.0,3.0,3.0,3.0,4.0,5.0,6.0,7.0,7.0,8.0,9.0,12.0,inferred
St. Helens,2021-04-05,1.0,3.0,4.0,4.0,5.0,5.0,6.0,7.0,8.0,9.0,9.0,11.0,14.0,inferred
St. Helens,2021-04-06,1.0,2.0,3.0,4.0,4.0,5.0,6.0,7.0,8.0,8.0,9.0,11.0,14.0,inferred
St. Helens,2021-04-07,1.0,2.0,3.0,4.0,4.0,5.0,6.0,7.0,8.0,8.0,9.0,10.0,13.0,inferred
St. Helens,2021-04-08,1.0,2.0,3.0,3.0,4.0,5.0,5.0,6.0,7.0,7.0,8.0,10.0,13.0,inferred
St. Helens,2021-04-09,0.0,1.0,2.0,3.0,3.0,3.0,4.0,5.0,6.0,6.0,7.0,8.0,11.0,inferred
St. Helens,2021-04-10,0.0,1.0,2.0,2.0,2.0,3.0,3.0,4.0,5.0,5.0,5.0,7.0,9.0,inferred
St. Helens,2021-04-11,0.0,1.0,2.0,2.0,2.0,3.0,3.0,4.0,5.0,5.0,6.0,7.0,10.0,inferred
St. Helens,2021-04-12,0.0,1.0,2.0,3.0,3.0,4.0,4.0,5.0,6.0,6.0,7.0,9.0,11.0,inferred
St. Helens,2021-04-13,0.0,1.0,2.0,2.8,3.0,3.0,4.0,5.0,6.0,6.0,7.0,8.0,11.0,inferred
St. Helens,2021-04-14,0.0,1.0,2.0,2.0,3.0,3.0,4.0,5.0,5.0,6.0,6.0,8.0,11.0,inferred
St. Helens,2021-04-15,0.0,1.0,2.0,2.0,2.0,3.0,3.0,4.0,5.0,5.0,6.0,8.0,10.0,inferred
St. Helens,2021-04-16,0.0,1.0,1.0,2.0,2.0,3.0,3.0,4.0,4.0,5.0,5.0,7.0,9.0,inferred
St. Helens,2021-04-17,0.0,0.0,1.0,1.0,1.0,2.0,2.0,3.0,3.0,4.0,4.0,5.0,8.0,inferred
St. Helens,2021-04-18,0.0,0.0,1.0,1.0,2.0,2.0,3.0,3.0,4.0,4.0,5.0,6.0,8.5,inferred
St. Helens,2021-04-19,0.0,1.0,1.0,2.0,2.0,3.0,3.0,4.0,5.0,5.0,6.0,7.0,9.0,inferred
St. Helens,2021-04-20,0.0,1.0,2.0,2.0,2.0,3.0,3.0,4.0,5.0,5.0,5.0,7.0,9.0,inferred
St. Helens,2021-04-21,0.0,1.0,1.0,2.0,2.0,3.0,3.0,4.0,4.0,5.0,5.0,7.0,9.0,inferred
St. Helens,2021-04-22,0.0,1.0,1.0,2.0,2.0,2.0,3.0,4.0,4.0,5.0,5.0,7.0,9.0,inferred
St. Helens,2021-04-23,0.0,0.0,1.0,1.0,2.0,2.0,3.0,3.0,4.0,4.0,5.0,6.0,8.0,inferred
St. Helens,2021-04-24,0.0,0.0,1.0,1.0,1.0,1.0,2.0,2.0,3.0,3.0,4.0,5.0,7.0,inferred
St. Helens,2021-04-25,0.0,0.0,1.0,1.0,1.0,2.0,2.0,3.0,3.0,4.0,4.0,5.0,8.0,inferred
St. Helens,2021-04-26,0.0,1.0,1.0,1.0,2.0,2.0,3.0,3.0,4.0,4.2,5.0,6.0,9.0,inferred
St. Helens,2021-04-27,0.0,1.0,1.0,1.0,2.0,2.0,3.0,3.0,4.0,4.0,5.0,6.0,8.0,inferred
St. Helens,2021-04-28,0.0,0.0,1.0,1.0,2.0,2.0,3.0,3.0,4.0,4.0,5.0,6.0,9.0,inferred
St. Helens,2021-04-29,0.0,1.0,1.0,1.0,2.0,2.0,3.0,3.0,4.0,4.0,5.0,6.0,9.0,inferred
St. Helens,2021-04-30,0.0,0.0,1.0,1.0,1.0,2.0,2.0,3.0,4.0,4.0,4.0,5.0,8.0,inferred
St. Helens,2021-05-01,0.0,0.0,0.0,1.0,1.0,1.0,2.0,2.0,3.0,3.0,4.0,5.0,7.0,inferred
St. Helens,2021-05-02,0.0,0.0,1.0,1.0,1.0,2.0,2.0,3.0,3.0,4.0,4.0,5.0,8.0,inferred
St. Helens,2021-05-03,0.0,1.0,1.0,2.0,2.0,2.0,3.0,4.0,4.0,5.0,5.0,7.0,9.0,inferred
St. Helens,2021-05-04,0.0,1.0,1.0,2.0,2.0,2.0,3.0,3.0,4.0,5.0,5.0,7.0,9.0,inferred
St. Helens,2021-05-05,0.0,1.0,1.0,2.0,2.0,3.0,3.0,4.0,5.0,5.0,5.0,7.0,9.0,inferred
St. Helens,2021-05-06,0.0,1.0,1.0,2.0,2.0,2.0,3.0,4.0,4.0,5.0,5.0,7.0,10.0,inferred
St. Helens,2021-05-07,0.0,1.0,1.0,2.0,2.0,2.0,3.0,4.0,4.0,5.0,5.0,6.0,9.0,inferred
St. Helens,2021-05-08,0.0,0.0,1.0,1.0,1.0,2.0,2.0,3.0,3.0,4.0,4.0,5.0,8.0,inferred
St. Helens,2021-05-09,0.0,1.0,1.0,1.0,2.0,2.0,3.0,3.0,4.0,5.0,5.0,6.0,8.0,inferred
St. Helens,2021-05-10,0.0,1.0,2.0,2.0,2.0,3.0,4.0,4.0,5.0,6.0,6.0,8.0,10.0,inferred
St. Helens,2021-05-11,0.0,1.0,2.0,2.0,2.0,3.0,4.0,4.0,5.0,5.0,6.0,7.0,10.0,inferred
St. Helens,2021-05-12,0.0,1.0,2.0,2.0,2.0,3.0,4.0,4.0,5.0,6.0,6.0,7.0,10.0,inferred
St. Helens,2021-05-13,0.0,1.0,2.0,2.0,2.0,3.0,3.0,4.0,5.0,5.0,6.0,7.0,9.5,inferred
St. Helens,2021-05-14,0.0,1.0,1.0,2.0,2.0,2.0,3.0,4.0,4.0,5.0,5.0,7.0,9.0,inferred
St. Helens,2021-05-15,0.0,0.0,1.0,1.0,1.0,2.0,2.0,3.0,3.0,4.0,4.0,5.0,8.0,inferred
St. Helens,2021-05-16,0.0,0.0,1.0,1.0,1.0,2.0,2.0,3.0,4.0,4.0,5.0,6.0,8.0,inferred
St. Helens,2021-05-17,0.0,1.0,1.0,2.0,2.0,3.0,3.0,4.0,4.0,5.0,5.0,7.0,9.0,inferred
St. Helens,2021-05-18,0.0,1.0,1.0,2.0,2.0,3.0,3.0,4.0,4.0,5.0,5.0,7.0,9.5,inferred
St. Helens,2021-05-19,0.0,1.0,1.0,2.0,2.0,3.0,3.0,4.0,5.0,5.0,5.0,7.0,10.0,inferred
St. Helens,2021-05-20,0.0,1.0,1.0,2.0,2.0,3.0,3.0,4.0,4.0,5.0,5.0,7.0,9.5,inferred
St. Helens,2021-05-21,0.0,1.0,1.0,2.0,2.0,2.0,3.0,3.0,4.0,4.0,5.0,6.0,9.0,inferred
St. Helens,2021-05-22,0.0,0.0,1.0,1.0,1.0,2.0,2.0,3.0,3.0,4.0,4.0,6.0,8.0,inferred
St. Helens,2021-05-23,0.0,1.0,1.0,2.0,2.0,2.0,3.0,3.0,4.0,5.0,5.0,6.0,9.0,inferred
St. Helens,2021-05-24,0.0,1.0,2.0,2.0,3.0,3.0,4.0,5.0,6.0,6.0,7.0,8.0,11.0,inferred
St. Helens,2021-05-25,0.0,1.0,2.0,3.0,3.0,4.0,4.0,5.0,6.0,6.0,7.0,8.0,12.0,inferred
St. Helens,2021-05-26,1.0,2.0,3.0,3.0,3.0,4.0,5.0,6.0,6.0,7.0,7.0,9.0,12.0,inferred
St. Helens,2021-05-27,1.0,2.0,3.0,3.0,3.0,4.0,5.0,6.0,7.0,7.0,8.0,9.0,13.0,inferred
St. Helens,2021-05-28,1.0,2.0,3.0,3.0,4.0,4.0,5.0,6.0,7.0,7.0,8.0,9.0,12.5,inferred
St. Helens,2021-05-29,0.0,1.0,2.0,3.0,3.0,3.0,4.0,5.0,6.0,6.0,7.0,9.0,12.0,inferred
St. Helens,2021-05-30,1.0,2.0,3.0,4.0,4.0,5.0,6.0,7.0,8.0,8.0,9.0,11.0,14.0,inferred
St. Helens,2021-05-31,2.0,4.0,5.0,6.0,6.0,7.0,8.0,9.0,10.0,11.0,12.0,14.0,17.0,inferred
St. Helens,2021-06-01,3.0,5.0,6.0,7.0,7.0,8.0,9.0,10.0,11.0,12.0,13.0,15.0,19.0,inferred
St. Helens,2021-06-02,3.0,5.0,7.0,8.0,8.0,9.0,10.0,12.0,13.0,13.0,14.0,16.0,20.0,inferred
St. Helens,2021-06-03,4.0,6.0,7.0,8.0,9.0,10.0,11.0,12.0,14.0,14.0,15.0,17.0,21.0,inferred
St. Helens,2021-06-04,4.0,6.0,7.0,8.0,9.0,10.0,11.0,12.0,13.0,14.0,15.0,17.0,21.0,inferred
St. Helens,2021-06-05,3.0,5.0,6.8,7.0,7.0,8.0,9.0,10.0,12.0,12.0,13.0,15.0,19.0,inferred
St. Helens,2021-06-06,4.0,7.0,9.0,9.0,10.0,11.0,12.0,13.0,15.0,15.0,16.0,19.0,23.0,inferred
St. Helens,2021-06-07,8.0,11.0,13.0,14.0,15.0,16.0,18.0,19.0,20.0,21.0,22.0,25.0,29.0,inferred
St. Helens,2021-06-08,9.0,12.0,14.0,15.0,16.0,17.0,19.0,20.0,22.0,23.0,24.0,27.0,31.0,inferred
St. Helens,2021-06-09,11.0,14.0,16.0,17.0,18.0,19.0,21.0,22.0,24.0,25.0,27.0,29.0,34.0,inferred
St. Helens,2021-06-10,11.0,14.0,17.0,18.0,19.0,20.0,22.0,23.0,25.0,26.0,26.2,30.0,34.0,inferred
St. Helens,2021-06-11,11.0,14.0,16.0,17.0,18.0,19.0,21.0,22.0,24.0,25.0,26.2,29.0,34.0,inferred
St. Helens,2021-06-12,9.0,12.0,14.0,15.0,16.0,17.0,18.0,20.0,22.0,22.0,23.0,26.0,31.0,inferred
St. Helens,2021-06-13,12.0,15.0,18.0,19.0,20.0,21.0,23.0,24.0,26.0,27.0,28.2,32.0,38.0,inferred
St. Helens,2021-06-14,19.0,23.0,27.0,28.0,29.0,31.0,33.0,35.0,37.0,38.0,40.0,43.0,49.0,inferred
St. Helens,2021-06-15,22.0,26.0,29.0,30.0,31.0,33.0,35.0,37.0,39.0,41.0,42.0,46.0,54.0,inferred
St. Helens,2021-06-16,24.0,29.0,33.0,34.0,35.0,38.0,40.0,42.0,44.0,46.0,47.0,51.0,58.0,inferred
St. Helens,2021-06-17,24.0,30.0,34.0,35.0,36.0,38.0,40.5,43.0,45.0,47.0,48.0,52.0,59.0,inferred
St. Helens,2021-06-18,23.0,28.0,32.0,33.0,34.0,37.0,39.0,41.0,44.0,45.0,47.0,51.0,57.0,inferred
Stafford,2021-03-06,1.0,3.0,4.0,4.0,4.0,5.0,6.0,6.0,7.0,8.0,8.0,10.0,12.0,inferred
Stafford,2021-03-07,2.0,3.0,4.0,4.0,5.0,5.0,6.0,7.0,8.0,8.0,9.0,10.0,12.0,inferred
Stafford,2021-03-08,3.0,4.0,5.0,5.0,6.0,7.0,7.0,8.0,9.0,10.0,10.0,12.0,14.0,inferred
Stafford,2021-03-09,2.0,4.0,4.0,5.0,5.0,6.0,7.0,8.0,9.0,9.0,10.0,11.0,14.0,inferred
Stafford,2021-03-10,2.0,4.0,5.0,5.0,6.0,6.0,7.0,8.0,9.0,9.0,10.0,12.0,14.0,inferred
Stafford,2021-03-11,2.0,3.0,4.0,5.0,5.0,6.0,6.0,7.0,8.0,8.0,9.0,10.0,13.0,inferred
Stafford,2021-03-12,1.0,3.0,4.0,4.0,4.0,5.0,6.0,6.0,7.0,8.0,8.0,10.0,12.0,inferred
Stafford,2021-03-13,1.0,2.0,3.0,3.0,3.0,4.0,5.0,5.0,6.0,6.0,7.0,8.0,10.0,inferred
Stafford,2021-03-14,1.0,2.0,3.0,4.0,4.0,5.0,5.0,6.0,7.0,7.0,8.0,9.0,11.0,inferred
Stafford,2021-03-15,2.0,3.0,4.0,5.0,5.0,6.0,7.0,8.0,8.0,9.0,10.0,11.0,13.0,inferred
Stafford,2021-03-16,2.0,3.0,4.0,5.0,5.0,6.0,6.0,7.0,8.0,8.0,9.0,10.0,13.0,inferred
Stafford,2021-03-17,2.0,3.0,5.0,5.0,5.7,6.0,7.0,8.0,9.0,9.0,10.0,11.0,14.0,inferred
Stafford,2021-03-18,2.0,3.0,4.0,4.0,5.0,5.0,6.0,7.0,8.0,8.0,9.0,10.0,13.0,inferred
Stafford,2021-03-19,1.0,2.0,3.0,4.0,4.0,5.0,6.0,6.0,7.0,8.0,8.0,9.0,12.0,inferred
Stafford,2021-03-20,1.0,2.0,2.0,3.0,3.0,4.0,4.0,5.0,6.0,6.0,6.0,8.0,9.0,inferred
Stafford,2021-03-21,1.0,2.0,3.0,3.0,4.0,4.0,5.0,6.0,7.0,7.0,8.0,9.0,11.0,inferred
Stafford,2021-03-22,2.0,3.0,4.0,4.0,5.0,6.0,6.0,7.0,8.0,9.0,9.0,10.0,13.0,inferred
Stafford,2021-03-23,2.0,3.0,4.0,4.0,5.0,5.0,6.0,7.0,7.3,8.0,9.0,10.0,12.5,inferred
Stafford,2021-03-24,2.0,3.0,4.0,4.0,5.0,5.0,6.0,7.0,7.0,8.0,8.0,10.0,12.0,inferred
Stafford,2021-03-25,1.0,2.0,3.0,3.0,4.0,4.0,5.0,6.0,6.0,7.0,7.0,9.0,10.0,inferred
Stafford,2021-03-26,1.0,2.0,2.0,3.0,3.0,3.0,4.0,4.4,5.0,5.0,6.0,7.0,10.0,inferred
Stafford,2021-03-27,0.0,1.0,1.0,2.0,2.0,2.0,3.0,3.0,4.0,4.0,5.0,6.0,8.0,inferred
Stafford,2021-03-28,0.0,1.0,2.0,2.0,2.0,3.0,3.0,4.0,4.0,5.0,5.0,6.0,8.0,inferred
Stafford,2021-03-29,0.0,1.0,2.0,2.0,3.0,3.0,4.0,4.0,5.0,5.0,6.0,7.0,9.0,inferred
Stafford,2021-03-30,0.0,1.0,2.0,2.0,2.0,3.0,4.0,4.0,5.0,5.0,5.0,7.0,9.0,inferred
Stafford,2021-03-31,0.0,1.0,2.0,2.0,3.0,3.0,4.0,4.0,5.0,5.0,5.0,7.0,8.0,inferred
Stafford,2021-04-01,0.0,1.0,1.0,2.0,2.0,2.0,3.0,3.0,4.0,4.0,5.0,6.0,8.0,inferred
Stafford,2021-04-02,0.0,1.0,1.0,1.0,2.0,2.0,3.0,3.0,4.0,4.0,4.0,5.0,7.0,inferred
Stafford,2021-04-03,0.0,0.0,1.0,1.0,1.0,2.0,2.0,2.0,3.0,3.0,4.0,4.0,6.0,inferred
Stafford,2021-04-04,0.0,0.0,1.0,1.0,1.0,2.0,2.0,3.0,3.0,3.0,4.0,5.0,7.0,inferred
Stafford,2021-04-05,0.0,1.0,1.0,2.0,2.0,2.0,3.0,3.0,4.0,4.0,5.0,6.0,7.0,inferred
Stafford,2021-04-06,0.0,1.0,1.0,1.0,2.0,2.0,3.0,3.0,4.0,4.0,4.0,5.0,7.0,inferred
Stafford,2021-04-07,0.0,1.0,1.0,1.0,2.0,2.0,3.0,3.0,4.0,4.0,4.0,5.0,7.0,inferred
Stafford,2021-04-08,0.0,0.0,1.0,1.0,1.0,2.0,2.0,3.0,3.0,4.0,4.0,5.0,7.0,inferred
Stafford,2021-04-09,0.0,0.0,1.0,1.0,1.0,2.0,2.0,2.0,3.0,3.0,3.0,4.0,6.0,inferred
Stafford,2021-04-10,0.0,0.0,1.0,1.0,1.0,1.0,2.0,2.0,2.0,3.0,3.0,4.0,5.0,inferred
Stafford,2021-04-11,0.0,0.0,1.0,1.0,1.0,1.0,2.0,2.0,3.0,3.0,3.0,4.0,6.0,inferred
Stafford,2021-04-12,0.0,0.9,1.0,1.0,1.0,2.0,2.0,3.0,3.0,3.0,4.0,5.0,6.0,inferred
Stafford,2021-04-13,0.0,0.0,1.0,1.0,1.0,2.0,2.0,3.0,3.0,3.0,4.0,5.0,7.0,inferred
Stafford,2021-04-14,0.0,0.0,1.0,1.0,1.0,2.0,2.0,3.0,3.0,3.0,4.0,5.0,7.0,inferred
Stafford,2021-04-15,0.0,0.0,1.0,1.0,1.0,2.0,2.0,2.0,3.0,3.0,4.0,4.0,6.0,inferred
Stafford,2021-04-16,0.0,0.0,1.0,1.0,1.0,1.0,2.0,2.0,3.0,3.0,3.0,4.0,6.0,inferred
Stafford,2021-04-17,0.0,0.0,0.0,1.0,1.0,1.0,1.0,2.0,2.0,2.0,3.0,4.0,5.0,inferred
Stafford,2021-04-18,0.0,0.0,1.0,1.0,1.0,1.0,2.0,2.0,3.0,3.0,3.0,4.0,6.0,inferred
Stafford,2021-04-19,0.0,0.0,1.0,1.0,1.0,2.0,2.0,3.0,3.0,4.0,4.0,5.0,7.0,inferred
Stafford,2021-04-20,0.0,1.0,1.0,1.0,1.0,2.0,2.0,3.0,3.0,4.0,4.0,5.0,7.0,inferred
Stafford,2021-04-21,0.0,0.0,1.0,1.0,2.0,2.0,2.0,3.0,3.0,4.0,4.0,5.0,7.0,inferred
Stafford,2021-04-22,0.0,0.0,1.0,1.0,1.0,2.0,2.0,3.0,3.0,3.0,4.0,5.0,6.0,inferred
Stafford,2021-04-23,0.0,0.0,1.0,1.0,1.0,2.0,2.0,2.0,3.0,3.0,3.0,4.0,6.0,inferred
Stafford,2021-04-24,0.0,0.0,0.0,1.0,1.0,1.0,1.0,2.0,2.0,2.0,3.0,3.0,5.0,inferred
Stafford,2021-04-25,0.0,0.0,1.0,1.0,1.0,1.0,2.0,2.0,2.0,3.0,3.0,4.0,5.0,inferred
Stafford,2021-04-26,0.0,0.0,1.0,1.0,1.0,2.0,2.0,3.0,3.0,3.0,4.0,5.0,6.0,inferred
Stafford,2021-04-27,0.0,0.0,1.0,1.0,1.0,2.0,2.0,3.0,3.0,3.0,4.0,5.0,6.0,inferred
Stafford,2021-04-28,0.0,0.0,1.0,1.0,1.0,2.0,2.0,3.0,3.0,3.0,4.0,5.0,7.0,inferred
Stafford,2021-04-29,0.0,0.0,1.0,1.0,1.0,1.0,2.0,2.0,3.0,3.0,3.0,4.0,6.0,inferred
Stafford,2021-04-30,0.0,0.0,1.0,1.0,1.0,1.0,2.0,2.0,3.0,3.0,3.0,4.0,6.0,inferred
Stafford,2021-05-01,0.0,0.0,0.0,1.0,1.0,1.0,1.0,2.0,2.0,2.0,3.0,3.0,5.0,inferred
Stafford,2021-05-02,0.0,0.0,1.0,1.0,1.0,1.0,2.0,2.0,2.0,3.0,3.0,4.0,5.0,inferred
Stafford,2021-05-03,0.0,0.0,1.0,1.0,1.0,2.0,2.0,3.0,3.0,3.0,4.0,5.0,6.0,inferred
Stafford,2021-05-04,0.0,0.0,1.0,1.0,1.0,2.0,2.0,3.0,3.0,3.0,4.0,5.0,6.0,inferred
Stafford,2021-05-05,0.0,0.9,1.0,1.0,1.0,2.0,2.0,3.0,3.0,4.0,4.0,5.0,6.0,inferred
Stafford,2021-05-06,0.0,0.0,1.0,1.0,1.0,2.0,2.0,2.0,3.0,3.0,4.0,5.0,6.0,inferred
Stafford,2021-05-07,0.0,0.0,1.0,1.0,1.0,1.0,2.0,2.0,3.0,3.0,3.0,5.0,6.0,inferred
Stafford,2021-05-08,0.0,0.0,0.0,1.0,1.0,1.0,1.0,2.0,2.0,2.0,3.0,4.0,5.0,inferred
Stafford,2021-05-09,0.0,0.0,1.0,1.0,1.0,1.0,2.0,2.0,3.0,3.0,3.0,4.0,6.0,inferred
Stafford,2021-05-10,0.0,0.0,1.0,1.0,1.0,2.0,2.0,3.0,3.0,4.0,4.0,5.0,7.0,inferred
Stafford,2021-05-11,0.0,0.0,1.0,1.0,1.0,2.0,2.0,3.0,3.0,3.0,4.0,5.0,6.0,inferred
Stafford,2021-05-12,0.0,0.0,1.0,1.0,1.0,2.0,2.0,3.0,3.0,4.0,4.0,5.0,6.0,inferred
Stafford,2021-05-13,0.0,0.0,1.0,1.0,1.0,2.0,2.0,3.0,3.0,3.0,4.0,5.0,6.0,inferred
Stafford,2021-05-14,0.0,0.0,1.0,1.0,1.0,1.0,2.0,2.0,3.0,3.0,3.0,4.0,6.0,inferred
Stafford,2021-05-15,0.0,0.0,0.0,0.0,1.0,1.0,1.0,2.0,2.0,2.0,2.0,3.0,5.0,inferred
Stafford,2021-05-16,0.0,0.0,0.0,1.0,1.0,1.0,1.0,2.0,2.0,2.0,3.0,4.0,5.0,inferred
Stafford,2021-05-17,0.0,0.0,1.0,1.0,1.0,1.0,2.0,2.0,3.0,3.0,3.0,4.0,6.0,inferred
Stafford,2021-05-18,0.0,0.0,1.0,1.0,1.0,1.0,2.0,2.0,3.0,3.0,3.0,4.0,6.0,inferred
Stafford,2021-05-19,0.0,0.0,1.0,1.0,1.0,1.0,2.0,2.0,3.0,3.0,3.0,4.0,6.0,inferred
Stafford,2021-05-20,0.0,0.0,1.0,1.0,1.0,1.0,2.0,2.0,2.0,3.0,3.0,4.0,5.0,inferred
Stafford,2021-05-21,0.0,0.0,0.0,1.0,1.0,1.0,1.0,2.0,2.0,2.0,3.0,4.0,5.0,inferred
Stafford,2021-05-22,0.0,0.0,0.0,0.0,0.0,1.0,1.0,1.0,2.0,2.0,2.0,3.0,4.0,inferred
Stafford,2021-05-23,0.0,0.0,0.0,0.0,1.0,1.0,1.0,2.0,2.0,2.0,3.0,3.0,5.0,inferred
Stafford,2021-05-24,0.0,0.0,1.0,1.0,1.0,1.0,2.0,2.0,3.0,3.0,3.0,4.0,6.0,inferred
Stafford,2021-05-25,0.0,0.0,1.0,1.0,1.0,1.0,2.0,2.0,2.0,3.0,3.0,4.0,6.0,inferred
Stafford,2021-05-26,0.0,0.0,1.0,1.0,1.0,1.0,2.0,2.0,3.0,3.0,3.0,4.0,6.0,inferred
Stafford,2021-05-27,0.0,0.0,1.0,1.0,1.0,1.0,2.0,2.0,3.0,3.0,3.0,4.0,6.0,inferred
Stafford,2021-05-28,0.0,0.0,1.0,1.0,1.0,1.0,2.0,2.0,3.0,3.0,3.0,4.0,6.0,inferred
Stafford,2021-05-29,0.0,0.0,0.0,1.0,1.0,1.0,1.0,2.0,2.0,2.0,3.0,3.0,5.0,inferred
Stafford,2021-05-30,0.0,0.0,1.0,1.0,1.0,1.0,2.0,2.0,2.0,3.0,3.0,4.0,6.0,inferred
Stafford,2021-05-31,0.0,0.0,1.0,1.0,1.0,2.0,2.0,3.0,3.0,4.0,4.0,5.0,6.0,inferred
Stafford,2021-06-01,0.0,1.0,1.0,1.0,2.0,2.0,2.0,3.0,3.0,4.0,4.0,5.0,6.5,inferred
Stafford,2021-06-02,0.0,1.0,1.0,1.8,2.0,2.0,3.0,3.0,4.0,4.0,4.0,6.0,8.0,inferred
Stafford,2021-06-03,0.0,1.0,1.0,1.0,2.0,2.0,3.0,3.0,4.0,4.0,4.0,5.0,7.0,inferred
Stafford,2021-06-04,0.0,1.0,1.0,1.0,2.0,2.0,3.0,3.0,4.0,4.0,4.0,5.0,7.0,inferred
Stafford,2021-06-05,0.0,0.0,1.0,1.0,1.0,2.0,2.0,3.0,3.0,3.0,4.0,5.0,7.0,inferred
Stafford,2021-06-06,0.0,1.0,1.0,2.0,2.0,2.0,3.0,4.0,4.0,5.0,5.0,6.0,8.0,inferred
Stafford,2021-06-07,1.0,2.0,2.0,3.0,3.0,4.0,4.0,5.0,6.0,6.0,6.0,8.0,10.0,inferred
Stafford,2021-06-08,1.0,2.0,3.0,3.0,3.0,4.0,5.0,5.0,6.0,7.0,7.0,8.0,10.5,inferred
Stafford,2021-06-09,1.0,2.0,3.0,4.0,4.0,5.0,5.0,6.0,7.0,7.0,8.0,9.0,11.0,inferred
Stafford,2021-06-10,1.0,2.0,3.0,3.0,4.0,4.0,5.0,6.0,6.0,7.0,7.0,9.0,11.0,inferred
Stafford,2021-06-11,1.0,2.0,3.0,3.0,4.0,4.0,5.0,6.0,6.0,7.0,7.0,9.0,11.0,inferred
Stafford,2021-06-12,1.0,2.0,2.0,3.0,3.0,3.0,4.0,5.0,5.0,6.0,6.0,8.0,10.0,inferred
Stafford,2021-06-13,1.0,2.0,3.0,3.0,4.0,5.0,5.0,6.0,7.0,7.0,8.0,9.0,11.0,inferred
Stafford,2021-06-14,2.0,4.0,5.0,5.0,6.0,6.0,7.0,8.0,9.0,9.0,10.0,12.0,14.0,inferred
Stafford,2021-06-15,2.0,4.0,5.0,5.0,6.0,7.0,7.0,8.0,9.0,10.0,10.0,12.0,14.0,inferred
Stafford,2021-06-16,3.0,4.0,6.0,6.0,7.0,7.0,8.0,9.0,10.0,11.0,11.0,13.0,16.0,inferred
Stafford,2021-06-17,3.0,4.0,5.0,6.0,6.0,7.0,8.0,9.0,10.0,10.0,11.0,12.0,15.0,inferred
Stafford,2021-06-18,2.0,4.0,5.0,6.0,6.0,7.0,8.0,9.0,9.0,10.0,11.0,13.0,15.0,inferred
Staffordshire Moorlands,2021-03-06,3.0,5.0,6.0,7.0,7.0,8.0,9.0,10.0,11.0,11.0,12.0,13.0,16.0,inferred
Staffordshire Moorlands,2021-03-07,4.0,6.0,7.0,8.0,8.0,9.0,10.0,11.0,12.0,12.0,13.0,15.0,18.0,inferred
Staffordshire Moorlands,2021-03-08,5.0,8.0,9.0,10.0,10.0,11.0,12.0,13.0,15.0,15.0,16.0,18.0,21.0,inferred
Staffordshire Moorlands,2021-03-09,5.0,7.0,8.0,9.0,9.0,10.0,11.0,12.0,13.0,14.0,15.0,16.0,19.0,inferred
Staffordshire Moorlands,2021-03-10,5.0,7.0,8.0,9.0,9.0,10.0,11.0,12.0,13.0,14.0,15.0,17.0,20.0,inferred
Staffordshire Moorlands,2021-03-11,3.0,5.0,7.0,7.0,8.0,9.0,10.0,11.0,12.0,12.0,13.0,15.0,18.0,inferred
Staffordshire Moorlands,2021-03-12,3.0,5.0,6.0,6.0,7.0,8.0,8.0,9.0,10.0,11.0,11.2,13.0,16.0,inferred
Staffordshire Moorlands,2021-03-13,2.0,3.0,4.0,5.0,5.0,6.0,7.0,7.0,8.0,9.0,9.0,11.0,13.0,inferred
Staffordshire Moorlands,2021-03-14,2.0,4.0,5.0,5.0,6.0,7.0,7.0,8.0,9.0,9.0,10.0,12.0,15.0,inferred
Staffordshire Moorlands,2021-03-15,3.0,5.0,6.0,7.0,7.0,8.0,9.0,10.0,11.0,11.0,12.0,14.0,17.0,inferred
Staffordshire Moorlands,2021-03-16,3.0,4.0,5.0,6.0,7.0,7.0,8.0,9.0,10.0,11.0,11.0,13.0,16.0,inferred
Staffordshire Moorlands,2021-03-17,3.0,4.0,6.0,6.0,7.0,8.0,8.0,9.0,10.0,11.0,12.0,13.0,16.0,inferred
Staffordshire Moorlands,2021-03-18,2.0,4.0,5.0,5.0,6.0,6.0,7.0,8.0,9.0,10.0,10.0,12.0,14.0,inferred
Staffordshire Moorlands,2021-03-19,2.0,3.0,4.0,5.0,5.0,6.0,7.0,7.0,8.0,9.0,9.0,11.0,14.0,inferred
Staffordshire Moorlands,2021-03-20,1.0,2.0,3.0,3.0,3.0,4.0,5.0,5.0,6.0,7.0,7.0,8.0,10.0,inferred
Staffordshire Moorlands,2021-03-21,1.0,2.0,3.0,4.0,4.0,5.0,5.0,6.0,7.0,8.0,8.0,10.0,12.0,inferred
Staffordshire Moorlands,2021-03-22,2.0,3.0,4.0,5.0,5.0,6.0,7.0,7.0,8.0,9.0,9.0,11.0,14.0,inferred
Staffordshire Moorlands,2021-03-23,1.0,3.0,4.0,4.0,5.0,5.0,6.0,7.0,8.0,8.0,8.0,10.0,13.0,inferred
Staffordshire Moorlands,2021-03-24,1.0,3.0,4.0,4.0,5.0,5.0,6.0,7.0,8.0,8.0,9.0,11.0,13.0,inferred
Staffordshire Moorlands,2021-03-25,1.0,2.0,3.0,4.0,4.0,5.0,5.0,6.0,7.0,7.0,8.0,9.0,11.0,inferred
Staffordshire Moorlands,2021-03-26,1.0,2.0,3.0,3.0,3.0,4.0,4.0,5.0,6.0,6.0,7.0,8.0,11.0,inferred
Staffordshire Moorlands,2021-03-27,0.0,1.0,2.0,2.0,2.0,3.0,3.0,4.0,5.0,5.0,6.0,7.0,8.0,inferred
Staffordshire Moorlands,2021-03-28,0.0,1.0,2.0,2.0,3.0,3.0,4.0,5.0,5.0,6.0,6.0,8.0,10.0,inferred
Staffordshire Moorlands,2021-03-29,1.0,2.0,3.0,3.0,3.0,4.0,5.0,5.0,6.0,7.0,7.0,8.0,11.0,inferred
Staffordshire Moorlands,2021-03-30,1.0,2.0,3.0,3.0,3.0,4.0,4.0,5.0,6.0,6.0,7.0,8.0,10.0,inferred
Staffordshire Moorlands,2021-03-31,1.0,2.0,3.0,3.0,3.0,4.0,4.0,5.0,6.0,6.0,7.0,8.0,10.0,inferred
Staffordshire Moorlands,2021-04-01,0.0,1.0,2.0,2.0,3.0,3.0,4.0,5.0,5.0,6.0,6.0,7.0,10.0,inferred
Staffordshire Moorlands,2021-04-02,0.0,1.0,2.0,2.0,2.0,3.0,3.0,4.0,4.0,5.0,5.0,6.0,9.0,inferred
Staffordshire Moorlands,2021-04-03,0.0,1.0,1.0,1.0,2.0,2.0,2.0,3.0,3.0,4.0,4.0,5.0,7.0,inferred
Staffordshire Moorlands,2021-04-04,0.0,1.0,1.0,1.0,2.0,2.0,3.0,3.0,4.0,4.0,5.0,6.0,8.0,inferred
Staffordshire Moorlands,2021-04-05,0.0,1.0,2.0,2.0,2.0,3.0,3.5,4.0,5.0,5.0,5.0,6.0,9.0,inferred
Staffordshire Moorlands,2021-04-06,0.0,1.0,2.0,2.0,2.0,3.0,3.0,4.0,4.0,5.0,5.0,7.0,8.0,inferred
Staffordshire Moorlands,2021-04-07,0.0,1.0,2.0,2.0,2.0,3.0,3.0,4.0,5.0,5.0,5.0,7.0,8.0,inferred
Staffordshire Moorlands,2021-04-08,0.0,1.0,1.0,2.0,2.0,3.0,3.0,4.0,4.0,4.0,5.0,6.0,8.0,inferred
Staffordshire Moorlands,2021-04-09,0.0,1.0,1.0,1.0,2.0,2.0,3.0,3.0,4.0,4.0,4.0,6.0,8.0,inferred
Staffordshire Moorlands,2021-04-10,0.0,0.0,1.0,1.0,1.0,2.0,2.0,2.0,3.0,3.0,4.0,5.0,6.0,inferred
Staffordshire Moorlands,2021-04-11,0.0,0.0,1.0,1.0,1.0,2.0,2.0,3.0,3.0,4.0,4.0,5.0,7.0,inferred
Staffordshire Moorlands,2021-04-12,0.0,1.0,1.0,2.0,2.0,3.0,3.0,4.0,4.0,5.0,5.0,6.0,8.0,inferred
Staffordshire Moorlands,2021-04-13,0.0,1.0,1.0,2.0,2.0,2.0,3.0,3.0,4.0,4.0,5.0,6.0,8.0,inferred
Staffordshire Moorlands,2021-04-14,0.0,1.0,2.0,2.0,2.0,3.0,3.0,4.0,4.0,5.0,5.0,7.0,9.0,inferred
Staffordshire Moorlands,2021-04-15,0.0,1.0,1.0,2.0,2.0,2.0,3.0,3.0,4.0,4.0,5.0,6.0,8.0,inferred
Staffordshire Moorlands,2021-04-16,0.0,1.0,1.0,1.0,2.0,2.0,2.5,3.0,4.0,4.0,4.0,6.0,8.0,inferred
Staffordshire Moorlands,2021-04-17,0.0,0.0,1.0,1.0,1.0,2.0,2.0,2.0,3.0,3.0,4.0,5.0,6.0,inferred
Staffordshire Moorlands,2021-04-18,0.0,0.0,1.0,1.0,1.0,2.0,2.0,3.0,3.0,4.0,4.0,5.0,7.0,inferred
Staffordshire Moorlands,2021-04-19,0.0,1.0,1.0,2.0,2.0,2.0,3.0,3.0,4.0,4.0,5.0,6.0,8.0,inferred
Staffordshire Moorlands,2021-04-20,0.0,1.0,1.0,2.0,2.0,2.0,3.0,3.0,4.0,4.0,5.0,6.0,8.0,inferred
Staffordshire Moorlands,2021-04-21,0.0,1.0,1.0,2.0,2.0,2.0,3.0,3.0,4.0,4.0,5.0,6.0,8.0,inferred
Staffordshire Moorlands,2021-04-22,0.0,1.0,1.0,1.0,2.0,2.0,2.0,3.0,4.0,4.0,4.0,6.0,7.0,inferred
Staffordshire Moorlands,2021-04-23,0.0,0.0,1.0,1.0,1.0,2.0,2.0,3.0,3.0,4.0,4.0,5.0,7.0,inferred
Staffordshire Moorlands,2021-04-24,0.0,0.0,1.0,1.0,1.0,1.0,2.0,2.0,3.0,3.0,3.0,4.0,6.0,inferred
Staffordshire Moorlands,2021-04-25,0.0,0.0,1.0,1.0,1.0,2.0,2.0,2.0,3.0,3.0,3.0,4.0,6.0,inferred
Staffordshire Moorlands,2021-04-26,0.0,1.0,1.0,1.0,2.0,2.0,3.0,3.0,4.0,4.0,4.0,5.0,7.5,inferred
Staffordshire Moorlands,2021-04-27,0.0,0.0,1.0,1.0,1.0,2.0,2.0,3.0,3.0,4.0,4.0,5.0,7.0,inferred
Staffordshire Moorlands,2021-04-28,0.0,1.0,1.0,1.0,1.0,2.0,2.0,3.0,3.0,4.0,4.0,5.0,7.0,inferred
Staffordshire Moorlands,2021-04-29,0.0,0.0,1.0,1.0,1.0,2.0,2.0,3.0,3.0,3.0,4.0,5.0,6.0,inferred
Staffordshire Moorlands,2021-04-30,0.0,0.0,1.0,1.0,1.0,1.0,2.0,2.0,3.0,3.0,3.0,4.0,6.0,inferred
Staffordshire Moorlands,2021-05-01,0.0,0.0,0.0,1.0,1.0,1.0,1.0,2.0,2.0,2.0,3.0,4.0,5.0,inferred
Staffordshire Moorlands,2021-05-02,0.0,0.0,1.0,1.0,1.0,1.0,2.0,2.0,3.0,3.0,3.0,4.0,6.0,inferred
Staffordshire Moorlands,2021-05-03,0.0,0.0,1.0,1.0,1.0,2.0,2.0,3.0,3.0,4.0,4.0,5.0,7.0,inferred
Staffordshire Moorlands,2021-05-04,0.0,0.0,1.0,1.0,1.0,2.0,2.0,2.0,3.0,3.0,4.0,5.0,7.0,inferred
Staffordshire Moorlands,2021-05-05,0.0,0.0,1.0,1.0,1.0,2.0,2.0,3.0,3.0,3.0,4.0,5.0,7.0,inferred
Staffordshire Moorlands,2021-05-06,0.0,0.0,1.0,1.0,1.0,2.0,2.0,2.0,3.0,3.0,3.0,4.0,6.0,inferred
Staffordshire Moorlands,2021-05-07,0.0,0.0,1.0,1.0,1.0,1.0,2.0,2.0,3.0,3.0,3.0,4.0,6.0,inferred
Staffordshire Moorlands,2021-05-08,0.0,0.0,0.0,0.0,1.0,1.0,1.0,2.0,2.0,2.0,3.0,3.0,5.0,inferred
Staffordshire Moorlands,2021-05-09,0.0,0.0,0.0,1.0,1.0,1.0,1.0,2.0,2.0,3.0,3.0,4.0,6.0,inferred
Staffordshire Moorlands,2021-05-10,0.0,0.0,1.0,1.0,1.0,1.0,2.0,2.0,3.0,3.0,3.0,5.0,6.0,inferred
Staffordshire Moorlands,2021-05-11,0.0,0.0,1.0,1.0,1.0,1.0,2.0,2.0,3.0,3.0,3.0,4.0,6.0,inferred
Staffordshire Moorlands,2021-05-12,0.0,0.0,1.0,1.0,1.0,2.0,2.0,2.0,3.0,3.0,3.0,4.0,6.0,inferred
Staffordshire Moorlands,2021-05-13,0.0,0.0,1.0,1.0,1.0,1.0,2.0,2.0,3.0,3.0,3.0,4.0,6.0,inferred
Staffordshire Moorlands,2021-05-14,0.0,0.0,0.0,1.0,1.0,1.0,2.0,2.0,2.0,3.0,3.0,4.0,5.0,inferred
Staffordshire Moorlands,2021-05-15,0.0,0.0,0.0,0.0,1.0,1.0,1.0,2.0,2.0,2.0,3.0,3.0,5.0,inferred
Staffordshire Moorlands,2021-05-16,0.0,0.0,0.0,1.0,1.0,1.0,1.0,2.0,2.0,3.0,3.0,4.0,5.0,inferred
Staffordshire Moorlands,2021-05-17,0.0,0.0,1.0,1.0,1.0,2.0,2.0,2.0,3.0,3.0,4.0,5.0,6.5,inferred
Staffordshire Moorlands,2021-05-18,0.0,0.0,1.0,1.0,1.0,1.0,2.0,2.0,3.0,3.0,4.0,5.0,6.0,inferred
Staffordshire Moorlands,2021-05-19,0.0,0.0,1.0,1.0,1.0,2.0,2.0,3.0,3.0,3.0,4.0,5.0,6.0,inferred
Staffordshire Moorlands,2021-05-20,0.0,0.0,1.0,1.0,1.0,2.0,2.0,2.0,3.0,3.0,4.0,5.0,6.0,inferred
Staffordshire Moorlands,2021-05-21,0.0,0.0,1.0,1.0,1.0,2.0,2.0,2.0,3.0,3.0,3.0,5.0,6.0,inferred
Staffordshire Moorlands,2021-05-22,0.0,0.0,1.0,1.0,1.0,1.0,2.0,2.0,3.0,3.0,3.0,4.0,6.0,inferred
Staffordshire Moorlands,2021-05-23,0.0,0.0,1.0,1.0,1.0,2.0,2.0,3.0,3.0,4.0,4.0,5.0,7.0,inferred
Staffordshire Moorlands,2021-05-24,0.0,1.0,1.8,2.0,2.0,3.0,3.0,4.0,4.0,5.0,5.0,6.0,9.0,inferred
Staffordshire Moorlands,2021-05-25,0.0,1.0,2.0,2.0,2.0,3.0,3.0,4.0,5.0,5.0,5.0,7.0,9.0,inferred
Staffordshire Moorlands,2021-05-26,1.0,2.0,2.0,3.0,3.0,4.0,4.0,5.0,6.0,6.0,7.0,8.0,10.0,inferred
Staffordshire Moorlands,2021-05-27,1.0,2.0,3.0,3.0,3.0,4.0,5.0,5.0,6.0,6.0,7.0,8.0,11.0,inferred
Staffordshire Moorlands,2021-05-28,1.0,2.0,3.0,3.0,3.7,4.0,5.0,5.0,6.0,7.0,7.0,9.0,11.0,inferred
Staffordshire Moorlands,2021-05-29,1.0,1.9,2.0,3.0,3.0,4.0,4.0,5.0,6.0,6.0,7.0,8.0,10.0,inferred
Staffordshire Moorlands,2021-05-30,1.0,3.0,3.0,4.0,4.0,5.0,6.0,6.0,7.0,8.0,8.0,10.0,12.0,inferred
Staffordshire Moorlands,2021-05-31,3.0,4.0,6.0,6.0,7.0,7.0,8.0,9.0,10.0,11.0,11.0,13.0,16.0,inferred
Staffordshire Moorlands,2021-06-01,3.0,5.0,6.0,6.0,7.0,8.0,9.0,10.0,11.0,11.0,12.0,14.0,17.0,inferred
Staffordshire Moorlands,2021-06-02,3.0,5.0,7.0,7.0,8.0,9.0,10.0,11.0,12.0,12.0,13.0,15.0,19.0,inferred
Staffordshire Moorlands,2021-06-03,3.0,5.0,7.0,7.0,7.0,8.0,9.0,10.0,11.0,12.0,12.0,14.0,18.0,inferred
Staffordshire Moorlands,2021-06-04,3.0,5.0,6.0,7.0,7.0,8.0,9.0,10.0,11.0,11.0,12.0,14.0,17.0,inferred
Staffordshire Moorlands,2021-06-05,2.0,4.0,5.0,5.0,6.0,7.0,7.0,8.0,9.0,10.0,10.0,12.0,14.0,inferred
Staffordshire Moorlands,2021-06-06,3.0,5.0,6.0,7.0,7.0,8.0,9.0,10.0,11.0,12.0,12.0,14.0,17.0,inferred
Staffordshire Moorlands,2021-06-07,5.0,7.0,9.0,9.0,10.0,11.0,12.0,13.0,14.0,15.0,16.0,18.0,21.5,inferred
Staffordshire Moorlands,2021-06-08,5.0,7.0,9.0,9.0,10.0,11.0,12.0,13.0,14.0,15.0,16.0,18.0,21.0,inferred
Staffordshire Moorlands,2021-06-09,5.0,8.0,9.0,10.0,10.0,12.0,13.0,14.0,15.0,15.0,16.0,19.0,22.0,inferred
Staffordshire Moorlands,2021-06-10,5.0,7.0,8.0,9.0,9.0,10.0,11.0,12.0,13.0,14.0,15.0,17.0,20.0,inferred
Staffordshire Moorlands,2021-06-11,4.0,6.0,8.0,8.0,9.0,9.0,10.0,11.0,12.0,13.0,14.0,16.0,19.0,inferred
Staffordshire Moorlands,2021-06-12,3.0,5.0,6.0,6.0,7.0,8.0,8.0,9.0,10.0,11.0,11.0,13.0,16.0,inferred
Staffordshire Moorlands,2021-06-13,4.0,6.0,7.0,8.0,8.0,9.0,10.0,11.0,12.0,13.0,14.0,15.0,19.0,inferred
Staffordshire Moorlands,2021-06-14,6.0,8.0,10.0,10.0,11.0,12.0,13.0,14.0,16.0,16.0,17.0,19.0,23.0,inferred
Staffordshire Moorlands,2021-06-15,5.5,8.0,10.0,10.0,11.0,12.0,13.0,14.0,16.0,16.0,17.0,19.0,23.0,inferred
Staffordshire Moorlands,2021-06-16,6.0,9.0,10.0,11.0,12.0,13.0,14.0,15.0,17.0,17.2,18.0,21.0,24.5,inferred
Staffordshire Moorlands,2021-06-17,5.0,8.0,9.0,10.0,11.0,12.0,13.0,14.0,16.0,16.0,17.0,20.0,23.0,inferred
Staffordshire Moorlands,2021-06-18,5.0,7.0,9.0,10.0,10.0,12.0,13.0,14.0,15.0,16.0,17.0,19.0,23.0,inferred
Stevenage,2021-03-06,2.0,3.0,4.0,5.0,5.0,6.0,6.0,7.0,8.0,8.0,9.0,10.1,14.0,inferred
Stevenage,2021-03-07,2.0,4.0,5.0,5.0,6.0,7.0,7.0,8.0,9.0,10.0,10.0,12.0,15.0,inferred
Stevenage,2021-03-08,3.0,5.0,6.0,7.0,7.0,8.0,9.0,10.0,11.0,11.0,12.0,14.0,17.0,inferred
Stevenage,2021-03-09,3.0,4.0,6.0,6.0,7.0,8.0,9.0,9.0,11.0,11.0,12.0,14.0,17.0,inferred
Stevenage,2021-03-10,4.0,5.0,6.0,7.0,7.0,8.0,9.0,10.0,11.0,12.0,13.0,14.0,18.0,inferred
Stevenage,2021-03-11,3.0,5.0,6.0,6.0,7.0,8.0,9.0,10.0,11.0,11.0,12.0,14.0,16.0,inferred
Stevenage,2021-03-12,2.0,4.0,5.0,6.0,6.0,7.0,8.0,9.0,10.0,10.0,11.0,12.0,15.0,inferred
Stevenage,2021-03-13,2.0,3.0,4.0,5.0,5.0,6.0,7.0,7.0,8.0,9.0,9.0,11.0,13.0,inferred
Stevenage,2021-03-14,2.0,4.0,5.0,6.0,6.0,7.0,8.0,9.0,10.0,10.0,11.0,12.0,15.0,inferred
Stevenage,2021-03-15,4.0,5.0,7.0,7.0,8.0,9.0,10.0,11.0,12.0,13.0,13.0,15.0,19.0,inferred
Stevenage,2021-03-16,4.0,5.0,7.0,7.0,8.0,9.0,10.0,11.0,12.0,13.0,13.0,15.0,18.0,inferred
Stevenage,2021-03-17,4.0,6.0,8.0,8.0,9.0,10.0,11.0,12.0,13.0,14.0,14.0,16.0,20.0,inferred
Stevenage,2021-03-18,4.0,6.0,7.0,8.0,8.0,9.0,10.0,11.0,12.0,13.0,13.0,15.0,18.0,inferred
Stevenage,2021-03-19,3.0,5.0,6.0,7.0,7.0,8.0,9.0,10.0,11.0,11.0,12.0,14.0,17.0,inferred
Stevenage,2021-03-20,2.0,4.0,5.0,5.0,6.0,7.0,7.0,8.0,9.0,10.0,10.0,12.0,15.0,inferred
Stevenage,2021-03-21,3.0,5.0,6.0,6.0,7.0,8.0,9.0,10.0,11.0,11.0,12.0,14.0,16.0,inferred
Stevenage,2021-03-22,4.0,6.0,8.0,8.0,8.7,10.0,11.0,12.0,13.0,14.0,14.0,16.0,20.0,inferred
Stevenage,2021-03-23,4.0,6.0,7.0,7.0,8.0,9.0,10.0,11.0,12.0,13.0,13.0,15.0,19.0,inferred
Stevenage,2021-03-24,3.0,5.0,7.0,7.0,8.0,9.0,10.0,11.0,12.0,12.0,13.0,15.0,19.0,inferred
Stevenage,2021-03-25,2.0,4.0,6.0,6.0,7.0,8.0,8.0,9.0,11.0,11.0,12.0,14.0,17.0,inferred
Stevenage,2021-03-26,2.0,4.0,5.0,5.0,6.0,7.0,7.0,8.0,9.0,10.0,10.0,12.0,15.0,inferred
Stevenage,2021-03-27,1.0,2.0,3.0,4.0,4.0,5.0,5.0,6.0,7.0,7.0,8.0,10.0,12.0,inferred
Stevenage,2021-03-28,1.0,3.0,4.0,4.0,4.0,5.0,6.0,7.0,7.0,8.0,8.0,10.0,13.0,inferred
Stevenage,2021-03-29,2.0,3.0,4.0,5.0,5.0,6.0,7.0,8.0,9.0,9.0,10.0,11.0,14.0,inferred
Stevenage,2021-03-30,1.5,3.0,4.0,4.0,4.7,5.0,6.0,7.0,8.0,8.0,9.0,11.0,14.0,inferred
Stevenage,2021-03-31,1.0,3.0,4.0,4.0,5.0,5.0,6.0,7.0,7.0,8.0,9.0,10.0,13.0,inferred
Stevenage,2021-04-01,1.0,2.0,3.0,3.0,4.0,4.0,5.0,6.0,7.0,7.0,8.0,9.0,11.5,inferred
Stevenage,2021-04-02,1.0,2.0,2.0,3.0,3.0,4.0,4.0,5.0,5.0,6.0,6.0,8.0,10.0,inferred
Stevenage,2021-04-03,0.0,1.0,2.0,2.0,2.0,3.0,3.0,4.0,4.0,5.0,5.0,6.0,8.0,inferred
Stevenage,2021-04-04,0.0,1.0,2.0,2.0,2.0,3.0,3.0,4.0,5.0,5.0,5.0,7.0,9.0,inferred
Stevenage,2021-04-05,0.0,1.0,2.0,3.0,3.0,3.0,4.0,5.0,5.0,6.0,6.0,8.0,10.0,inferred
Stevenage,2021-04-06,0.0,1.0,2.0,2.0,3.0,3.0,4.0,4.0,5.0,5.0,6.0,7.0,9.0,inferred
Stevenage,2021-04-07,0.0,1.0,2.0,3.0,3.0,3.0,4.0,5.0,5.0,6.0,6.0,7.0,9.0,inferred
Stevenage,2021-04-08,0.0,1.0,2.0,2.0,2.0,3.0,3.0,4.0,5.0,5.0,5.0,7.0,9.0,inferred
Stevenage,2021-04-09,0.0,1.0,2.0,2.0,2.0,3.0,3.0,4.0,4.0,5.0,5.0,6.0,9.0,inferred
Stevenage,2021-04-10,0.0,0.0,1.0,1.0,2.0,2.0,2.0,3.0,3.0,4.0,4.0,5.0,7.0,inferred
Stevenage,2021-04-11,0.0,1.0,1.0,2.0,2.0,2.0,3.0,3.0,4.0,4.0,5.0,6.0,8.0,inferred
Stevenage,2021-04-12,0.0,1.0,2.0,2.0,2.0,3.0,3.0,4.0,5.0,5.0,6.0,7.0,9.0,inferred
Stevenage,2021-04-13,0.0,1.0,2.0,2.0,2.0,3.0,3.0,4.0,5.0,5.0,5.0,7.0,8.0,inferred
Stevenage,2021-04-14,0.0,1.0,1.0,2.0,2.0,3.0,3.0,4.0,5.0,5.0,5.0,7.0,9.0,inferred
Stevenage,2021-04-15,0.0,1.0,1.0,2.0,2.0,2.0,3.0,3.0,4.0,4.0,5.0,6.0,8.0,inferred
Stevenage,2021-04-16,0.0,1.0,1.0,1.0,2.0,2.0,3.0,3.0,4.0,4.0,4.0,5.0,7.0,inferred
Stevenage,2021-04-17,0.0,0.0,1.0,1.0,1.0,2.0,2.0,2.0,3.0,3.0,3.0,4.0,6.0,inferred
Stevenage,2021-04-18,0.0,0.0,1.0,1.0,1.0,2.0,2.0,3.0,3.0,4.0,4.0,5.0,7.0,inferred
Stevenage,2021-04-19,0.0,1.0,1.0,2.0,2.0,2.0,3.0,3.0,4.0,4.0,5.0,6.0,8.0,inferred
Stevenage,2021-04-20,0.0,1.0,1.0,1.0,2.0,2.0,3.0,3.0,4.0,4.0,4.0,6.0,7.5,inferred
Stevenage,2021-04-21,0.0,1.0,1.0,1.0,2.0,2.0,3.0,3.0,4.0,4.0,5.0,6.0,8.0,inferred
Stevenage,2021-04-22,0.0,1.0,1.0,1.0,2.0,2.0,2.0,3.0,4.0,4.0,4.0,5.0,7.5,inferred
Stevenage,2021-04-23,0.0,0.0,1.0,1.0,1.0,2.0,2.0,2.0,3.0,3.0,4.0,5.0,7.0,inferred
Stevenage,2021-04-24,0.0,0.0,1.0,1.0,1.0,1.0,2.0,2.0,2.3,3.0,3.0,4.0,6.0,inferred
Stevenage,2021-04-25,0.0,0.0,1.0,1.0,1.0,1.0,2.0,2.0,3.0,3.0,4.0,5.0,7.0,inferred
Stevenage,2021-04-26,0.0,0.0,1.0,1.0,1.0,2.0,2.0,3.0,3.0,4.0,4.0,5.0,7.0,inferred
Stevenage,2021-04-27,0.0,0.0,1.0,1.0,1.0,2.0,2.0,3.0,3.0,4.0,4.0,5.0,7.0,inferred
Stevenage,2021-04-28,0.0,0.0,1.0,1.0,1.0,2.0,2.0,3.0,3.0,4.0,4.0,5.0,7.0,inferred
Stevenage,2021-04-29,0.0,0.0,1.0,1.0,1.0,1.0,2.0,2.0,3.0,3.0,3.2,5.0,7.0,inferred
Stevenage,2021-04-30,0.0,0.0,0.0,1.0,1.0,1.0,2.0,2.0,2.0,3.0,3.0,4.0,6.0,inferred
Stevenage,2021-05-01,0.0,0.0,0.0,0.0,1.0,1.0,1.0,2.0,2.0,2.0,3.0,3.0,5.0,inferred
Stevenage,2021-05-02,0.0,0.0,0.0,1.0,1.0,1.0,1.0,2.0,2.0,3.0,3.0,4.0,6.0,inferred
Stevenage,2021-05-03,0.0,0.0,1.0,1.0,1.0,1.0,2.0,2.0,3.0,3.0,3.0,4.0,6.0,inferred
Stevenage,2021-05-04,0.0,0.0,0.0,1.0,1.0,1.0,2.0,2.0,3.0,3.0,3.0,4.0,6.0,inferred
Stevenage,2021-05-05,0.0,0.0,1.0,1.0,1.0,1.0,2.0,2.0,3.0,3.0,3.0,4.0,6.0,inferred
Stevenage,2021-05-06,0.0,0.0,0.0,1.0,1.0,1.0,1.0,2.0,2.0,3.0,3.0,4.0,6.0,inferred
Stevenage,2021-05-07,0.0,0.0,0.0,1.0,1.0,1.0,1.0,2.0,2.0,3.0,3.0,4.0,6.0,inferred
Stevenage,2021-05-08,0.0,0.0,0.0,0.0,0.0,1.0,1.0,1.0,2.0,2.0,2.0,3.0,5.0,inferred
Stevenage,2021-05-09,0.0,0.0,0.0,0.0,1.0,1.0,1.0,2.0,2.0,2.0,2.0,3.0,5.0,inferred
Stevenage,2021-05-10,0.0,0.0,0.0,1.0,1.0,1.0,2.0,2.0,2.0,3.0,3.0,4.0,6.0,inferred
Stevenage,2021-05-11,0.0,0.0,0.0,1.0,1.0,1.0,1.0,2.0,2.0,3.0,3.0,4.0,5.0,inferred
Stevenage,2021-05-12,0.0,0.0,0.0,1.0,1.0,1.0,1.0,2.0,2.0,3.0,3.0,4.0,6.0,inferred
Stevenage,2021-05-13,0.0,0.0,0.0,1.0,1.0,1.0,1.0,2.0,2.0,2.0,3.0,4.0,6.0,inferred
Stevenage,2021-05-14,0.0,0.0,0.0,0.0,1.0,1.0,1.0,2.0,2.0,2.0,3.0,4.0,5.0,inferred
Stevenage,2021-05-15,0.0,0.0,0.0,0.0,0.0,1.0,1.0,1.0,2.0,2.0,2.0,3.0,5.0,inferred
Stevenage,2021-05-16,0.0,0.0,0.0,0.0,1.0,1.0,1.0,2.0,2.0,2.0,3.0,4.0,5.0,inferred
Stevenage,2021-05-17,0.0,0.0,1.0,1.0,1.0,1.0,2.0,2.0,3.0,3.0,3.0,4.0,6.5,inferred
Stevenage,2021-05-18,0.0,0.0,1.0,1.0,1.0,1.0,2.0,2.0,3.0,3.0,3.0,4.0,6.0,inferred
Stevenage,2021-05-19,0.0,0.0,1.0,1.0,1.0,1.0,2.0,2.0,3.0,3.0,4.0,5.0,7.0,inferred
Stevenage,2021-05-20,0.0,0.0,1.0,1.0,1.0,1.0,2.0,2.0,3.0,3.0,4.0,5.0,7.0,inferred
Stevenage,2021-05-21,0.0,0.0,1.0,1.0,1.0,1.0,2.0,2.0,3.0,3.0,3.0,4.0,7.0,inferred
Stevenage,2021-05-22,0.0,0.0,0.0,1.0,1.0,1.0,2.0,2.0,2.0,3.0,3.0,4.0,6.0,inferred
Stevenage,2021-05-23,0.0,0.0,1.0,1.0,1.0,2.0,2.0,2.0,3.0,3.0,4.0,5.0,7.0,inferred
Stevenage,2021-05-24,0.0,1.0,1.0,1.0,2.0,2.0,3.0,3.0,4.0,4.0,4.0,6.0,8.0,inferred
Stevenage,2021-05-25,0.0,1.0,1.0,1.0,2.0,2.0,3.0,3.0,4.0,4.0,4.0,6.0,7.0,inferred
Stevenage,2021-05-26,0.0,1.0,1.0,1.0,2.0,2.0,3.0,3.0,4.0,4.0,5.0,6.0,8.0,inferred
Stevenage,2021-05-27,0.0,0.0,1.0,1.0,2.0,2.0,3.0,3.0,4.0,4.0,4.0,6.0,8.0,inferred
Stevenage,2021-05-28,0.0,0.0,1.0,1.0,1.0,2.0,2.0,3.0,3.0,4.0,4.0,5.0,7.0,inferred
Stevenage,2021-05-29,0.0,0.0,1.0,1.0,1.0,1.0,2.0,2.0,3.0,3.0,4.0,5.0,7.0,inferred
Stevenage,2021-05-30,0.0,0.0,1.0,1.0,1.0,2.0,2.0,3.0,3.0,4.0,4.0,5.0,7.0,inferred
Stevenage,2021-05-31,0.0,1.0,1.0,2.0,2.0,2.0,3.0,3.0,4.0,5.0,5.0,6.0,8.0,inferred
Stevenage,2021-06-01,0.0,1.0,1.0,1.8,2.0,2.0,3.0,3.0,4.0,4.0,5.0,6.0,8.0,inferred
Stevenage,2021-06-02,0.0,1.0,2.0,2.0,2.0,2.0,3.0,4.0,4.0,5.0,5.0,7.0,8.5,inferred
Stevenage,2021-06-03,0.0,1.0,1.0,2.0,2.0,2.0,3.0,3.0,4.0,5.0,5.0,6.0,8.0,inferred
Stevenage,2021-06-04,0.0,1.0,1.0,1.0,2.0,2.0,3.0,3.0,4.0,4.0,4.0,6.0,8.0,inferred
Stevenage,2021-06-05,0.0,0.0,1.0,1.0,1.0,2.0,2.0,3.0,3.0,3.0,4.0,5.0,7.0,inferred
Stevenage,2021-06-06,0.0,1.0,1.0,2.0,2.0,2.0,3.0,3.0,4.0,4.0,5.0,6.0,8.0,inferred
Stevenage,2021-06-07,0.0,1.0,2.0,2.0,2.0,3.0,4.0,4.0,5.0,5.0,6.0,7.0,9.0,inferred
Stevenage,2021-06-08,0.0,1.0,2.0,2.0,2.0,3.0,3.0,4.0,5.0,5.0,6.0,7.0,9.0,inferred
Stevenage,2021-06-09,0.0,1.0,2.0,2.0,3.0,3.0,4.0,4.0,5.0,6.0,6.0,7.0,10.0,inferred
Stevenage,2021-06-10,0.0,1.0,2.0,2.0,3.0,3.0,4.0,4.0,5.0,5.0,6.0,7.0,9.0,inferred
Stevenage,2021-06-11,0.0,1.0,2.0,2.0,2.0,3.0,3.0,4.0,5.0,5.0,5.0,7.0,9.0,inferred
Stevenage,2021-06-12,0.0,1.0,1.0,2.0,2.0,2.0,3.0,3.0,4.0,4.0,5.0,6.0,8.0,inferred
Stevenage,2021-06-13,0.0,1.0,2.0,2.0,2.0,3.0,3.0,4.0,5.0,5.0,6.0,7.0,9.0,inferred
Stevenage,2021-06-14,0.0,1.0,2.0,3.0,3.0,4.0,4.0,5.0,6.0,6.0,7.0,8.0,11.0,inferred
Stevenage,2021-06-15,1.0,1.0,2.0,3.0,3.0,4.0,4.0,5.0,6.0,6.0,7.0,8.0,11.0,inferred
Stevenage,2021-06-16,1.0,2.0,3.0,3.0,4.0,4.0,5.0,6.0,7.0,7.0,8.0,9.0,12.0,inferred
Stevenage,2021-06-17,1.0,2.0,3.0,3.0,3.0,4.0,5.0,5.0,6.0,7.0,7.0,9.0,11.0,inferred
Stevenage,2021-06-18,1.0,2.0,2.0,3.0,3.0,4.0,4.0,5.0,6.0,6.0,7.0,8.0,11.0,inferred
Stirling,2021-03-06,37.0,45.0,50.0,52.0,53.0,56.0,59.0,62.0,65.0,67.0,69.0,76.0,85.0,inferred
Stirling,2021-03-07,30.0,37.0,41.0,43.0,45.0,48.0,50.0,53.0,56.0,58.0,60.0,65.1,75.0,inferred
Stirling,2021-03-08,24.0,29.0,33.0,34.0,36.0,39.0,41.0,44.0,47.0,48.0,50.0,55.0,64.0,inferred
Stirling,2021-03-09,24.0,31.0,35.8,37.0,39.0,41.0,43.0,46.0,49.0,51.0,52.0,58.0,67.0,inferred
Stirling,2021-03-10,35.0,41.0,46.0,48.0,50.0,53.0,56.0,59.0,63.0,64.0,66.0,73.0,81.5,inferred
Stirling,2021-03-11,31.0,37.0,41.0,43.0,44.0,47.0,50.0,53.0,55.0,57.0,60.0,66.0,77.0,inferred
Stirling,2021-03-12,30.5,36.9,41.0,42.0,44.0,47.0,49.5,53.0,56.0,58.0,60.0,66.0,75.0,inferred
Stirling,2021-03-13,25.0,32.0,36.0,37.0,39.0,42.0,45.0,48.0,51.0,53.0,54.0,60.0,68.0,inferred
Stirling,2021-03-14,20.0,25.0,29.0,30.0,32.0,34.0,36.0,39.0,42.0,43.0,45.0,50.0,58.0,inferred
Stirling,2021-03-15,14.0,18.0,22.0,23.0,24.0,27.0,29.0,31.0,34.0,35.0,37.0,41.0,49.0,inferred
Stirling,2021-03-16,15.0,20.0,23.0,25.0,26.0,29.0,31.0,33.0,35.0,37.0,38.0,43.0,51.0,inferred
Stirling,2021-03-17,23.0,28.0,33.0,34.0,36.0,38.0,41.0,44.0,47.0,48.2,50.0,56.0,67.0,inferred
Stirling,2021-03-18,21.0,27.0,30.0,32.0,33.0,35.0,38.0,41.0,44.0,46.0,47.0,53.0,62.0,inferred
Stirling,2021-03-19,21.5,27.0,32.0,33.0,35.0,38.0,40.5,43.0,46.0,48.0,50.0,55.0,64.5,inferred
Stirling,2021-03-20,20.5,26.0,30.0,31.0,33.0,35.0,38.0,40.0,43.0,45.0,47.0,52.0,61.0,inferred
Stirling,2021-03-21,16.0,21.0,25.0,26.0,28.0,30.0,33.0,35.0,38.0,39.0,41.0,46.0,53.0,inferred
Stirling,2021-03-22,13.0,17.0,20.0,21.0,23.0,25.0,27.0,29.0,31.0,33.0,34.0,39.0,47.0,inferred
Stirling,2021-03-23,14.0,18.0,22.0,23.0,24.0,27.0,29.0,31.0,34.0,36.0,37.0,42.0,51.0,inferred
Stirling,2021-03-24,23.0,28.0,33.0,34.0,36.0,38.0,41.0,43.0,46.0,48.0,51.0,56.0,64.0,inferred
Stirling,2021-03-25,22.5,28.0,32.0,33.0,35.0,38.0,40.0,43.0,46.0,48.0,50.0,56.0,64.0,inferred
Stirling,2021-03-26,25.0,31.0,35.0,36.0,38.0,41.0,44.0,46.0,50.0,52.0,54.0,60.0,68.5,inferred
Stirling,2021-03-27,24.0,30.0,34.0,36.0,37.0,40.0,42.0,45.0,48.0,50.0,52.0,57.0,65.5,inferred
Stirling,2021-03-28,20.0,26.0,30.0,31.0,33.0,36.0,38.0,40.0,43.0,45.0,47.0,52.0,61.0,inferred
Stirling,2021-03-29,17.0,22.0,25.0,27.0,28.0,30.0,32.0,35.0,38.0,40.0,41.0,46.0,54.0,inferred
Stirling,2021-03-30,18.0,23.0,26.0,28.0,29.0,32.0,34.0,37.0,40.0,41.0,43.0,48.0,57.0,inferred
Stirling,2021-03-31,25.0,32.0,36.0,38.0,39.0,42.0,45.0,48.0,51.0,53.0,55.0,61.0,70.0,inferred
Stirling,2021-04-01,22.0,29.0,33.0,34.0,35.0,38.0,41.0,44.0,47.0,48.0,50.0,55.0,65.5,inferred
Stirling,2021-04-02,23.0,29.0,33.0,35.0,36.0,39.0,41.0,44.0,47.0,48.0,50.0,55.1,64.0,inferred
Stirling,2021-04-03,19.0,24.0,28.0,30.0,31.0,34.0,36.0,39.0,41.0,43.0,45.0,50.0,57.0,inferred
Stirling,2021-04-04,15.0,20.0,23.0,24.0,25.0,28.0,30.0,32.0,34.0,36.0,38.0,43.0,51.0,inferred
Stirling,2021-04-05,10.0,14.0,17.0,18.0,19.0,22.0,23.0,26.0,28.0,29.0,31.0,34.0,41.0,inferred
Stirling,2021-04-06,11.0,15.0,18.0,19.0,20.0,22.0,24.0,26.0,29.0,30.0,32.0,36.1,43.0,inferred
Stirling,2021-04-07,15.0,20.0,23.8,25.0,26.0,29.0,31.0,33.0,35.0,37.0,39.0,43.1,52.0,inferred
Stirling,2021-04-08,13.0,17.0,21.0,22.0,23.0,25.0,27.0,30.0,32.0,34.0,35.0,40.0,47.0,inferred
Stirling,2021-04-09,13.0,18.0,20.0,22.0,23.0,25.0,27.0,30.0,32.0,33.0,35.0,40.0,47.0,inferred
Stirling,2021-04-10,10.5,15.0,18.0,19.0,20.0,22.0,24.0,26.0,29.0,30.0,31.0,35.0,42.0,inferred
Stirling,2021-04-11,8.0,11.0,14.0,14.0,15.0,17.0,19.0,21.0,23.0,24.0,26.0,30.0,36.0,inferred
Stirling,2021-04-12,5.0,8.0,10.0,11.0,11.0,13.0,15.0,16.0,18.0,19.0,20.0,23.0,29.0,inferred
Stirling,2021-04-13,5.0,8.0,10.0,11.0,12.0,14.0,15.0,17.0,19.0,20.0,21.0,24.0,30.0,inferred
Stirling,2021-04-14,7.0,11.0,14.0,15.0,16.0,18.0,20.0,21.0,23.0,24.0,26.0,30.0,36.0,inferred
Stirling,2021-04-15,6.0,10.0,12.0,13.0,14.0,16.0,17.0,19.0,21.0,22.0,23.0,27.0,33.0,inferred
Stirling,2021-04-16,7.0,10.0,12.0,13.0,14.0,16.0,17.0,19.0,21.0,22.0,23.0,27.0,34.0,inferred
Stirling,2021-04-17,5.0,8.0,10.0,11.0,12.0,14.0,16.0,17.0,19.0,20.0,21.0,25.0,31.0,inferred
Stirling,2021-04-18,4.0,6.0,8.0,9.0,10.0,11.0,13.0,14.0,16.0,16.0,17.0,21.0,27.0,inferred
Stirling,2021-04-19,2.0,4.0,6.0,7.0,7.0,9.0,10.0,11.0,13.0,14.0,15.0,18.0,23.5,inferred
Stirling,2021-04-20,3.0,5.0,6.0,7.0,8.0,9.0,10.0,12.0,13.0,14.0,15.0,19.0,23.0,inferred
Stirling,2021-04-21,4.0,7.0,9.0,10.0,11.0,12.0,14.0,15.0,17.0,18.0,19.0,23.0,27.5,inferred
Stirling,2021-04-22,3.5,6.0,8.0,9.0,9.0,11.0,12.0,13.0,15.0,16.0,17.0,20.0,26.0,inferred
Stirling,2021-04-23,4.0,6.0,8.0,9.0,9.0,11.0,12.0,14.0,16.0,17.0,18.0,21.0,26.0,inferred
Stirling,2021-04-24,3.0,5.0,7.0,8.0,8.0,10.0,11.0,12.0,14.0,15.0,16.0,19.0,25.5,inferred
Stirling,2021-04-25,2.0,4.0,5.0,6.0,7.0,8.0,9.0,10.0,12.0,13.0,14.0,16.0,20.0,inferred
Stirling,2021-04-26,1.0,3.0,4.0,4.0,5.0,6.0,7.0,8.0,9.0,10.0,11.0,13.0,18.0,inferred
Stirling,2021-04-27,1.0,3.0,4.0,5.0,5.0,7.0,8.0,9.0,10.0,11.0,12.0,14.0,18.5,inferred
Stirling,2021-04-28,2.0,5.0,6.0,7.0,8.0,9.0,10.0,12.0,14.0,15.0,16.0,18.0,24.0,inferred
Stirling,2021-04-29,2.0,4.0,6.0,7.0,7.0,9.0,10.0,11.0,13.0,14.0,15.0,18.0,24.0,inferred
Stirling,2021-04-30,3.0,5.0,6.0,7.0,8.0,9.0,10.0,12.0,13.0,14.0,16.0,19.0,24.0,inferred
Stirling,2021-05-01,2.0,4.0,6.0,7.0,7.0,9.0,10.0,11.0,13.0,14.0,15.0,18.0,23.0,inferred
Stirling,2021-05-02,2.0,4.0,5.0,6.0,6.0,7.0,9.0,10.0,11.0,12.0,13.0,16.0,21.0,inferred
Stirling,2021-05-03,1.0,3.0,4.0,5.0,5.0,6.0,7.0,8.0,10.0,11.0,11.0,14.0,19.0,inferred
Stirling,2021-05-04,1.0,3.0,4.0,5.0,6.0,7.0,8.0,9.0,11.0,11.0,12.0,15.0,20.0,inferred
Stirling,2021-05-05,3.0,5.0,7.0,8.0,8.0,10.0,11.0,12.0,14.0,15.0,16.0,20.0,25.0,inferred
Stirling,2021-05-06,3.0,5.0,7.0,8.0,8.0,10.0,11.0,12.0,14.0,15.0,16.0,19.0,24.0,inferred
Stirling,2021-05-07,3.0,5.0,7.0,8.0,9.0,10.0,12.0,13.0,14.0,15.0,16.0,20.0,25.0,inferred
Stirling,2021-05-08,3.0,5.0,7.0,8.0,9.0,10.0,11.0,12.4,14.0,15.0,17.0,20.0,25.0,inferred
Stirling,2021-05-09,2.0,4.0,6.0,7.0,8.0,9.0,10.0,11.0,13.0,14.0,15.0,17.0,22.0,inferred
Stirling,2021-05-10,2.0,3.0,5.0,6.0,6.0,7.0,8.0,10.0,11.0,12.0,13.0,16.0,21.0,inferred
Stirling,2021-05-11,2.0,4.0,6.0,7.0,7.0,8.0,9.0,11.0,12.0,13.0,14.0,17.0,23.0,inferred
Stirling,2021-05-12,4.0,7.0,9.0,10.0,10.7,12.0,14.0,15.0,17.0,18.0,19.0,23.0,29.0,inferred
Stirling,2021-05-13,4.0,6.9,9.0,10.0,10.0,12.0,14.0,15.0,17.0,18.0,20.0,23.0,29.0,inferred
Stirling,2021-05-14,5.0,8.0,10.0,11.0,12.0,13.6,15.0,17.0,19.0,20.0,21.0,25.0,30.0,inferred
Stirling,2021-05-15,5.0,8.0,10.0,11.0,12.0,14.0,15.0,17.0,19.0,20.0,21.0,24.0,31.0,inferred
Stirling,2021-05-16,5.0,7.0,9.0,10.0,11.0,13.0,14.0,16.0,17.0,18.0,20.0,23.0,29.0,inferred
Stirling,2021-05-17,3.0,6.0,8.0,9.0,9.0,11.0,12.0,14.0,15.0,16.0,18.0,21.0,26.5,inferred
Stirling,2021-05-18,4.5,7.0,10.0,11.0,11.0,13.0,14.0,16.0,18.0,19.0,20.0,24.0,30.0,inferred
Stirling,2021-05-19,8.0,12.0,15.0,16.0,17.0,19.0,21.0,23.0,25.0,26.0,27.0,32.0,38.5,inferred
Stirling,2021-05-20,8.0,12.0,14.0,15.0,16.0,18.6,20.0,22.0,25.0,26.0,28.0,31.0,38.0,inferred
Stirling,2021-05-21,10.0,14.0,16.8,18.0,19.0,20.6,22.5,24.0,26.0,28.0,29.0,33.0,39.0,inferred
Stirling,2021-05-22,9.5,13.0,16.0,17.0,18.0,20.0,22.0,24.0,26.0,27.0,29.0,33.0,40.5,inferred
Stirling,2021-05-23,8.0,12.0,14.0,15.0,16.0,18.0,20.0,22.0,24.0,26.0,27.0,30.1,36.0,inferred
Stirling,2021-05-24,7.0,10.0,12.0,13.0,14.0,16.0,18.0,20.0,22.0,23.0,24.0,28.0,34.0,inferred
Stirling,2021-05-25,8.0,12.0,14.0,15.0,16.0,18.0,20.0,21.0,24.0,25.0,27.0,30.1,38.0,inferred
Stirling,2021-05-26,14.0,18.0,21.0,22.0,23.0,26.0,27.0,30.0,32.0,34.0,35.0,40.0,47.0,inferred
Stirling,2021-05-27,12.5,17.0,21.0,22.0,23.0,25.0,27.0,30.0,32.0,34.0,36.0,40.0,47.0,inferred
Stirling,2021-05-28,14.0,20.0,23.0,24.0,25.0,28.0,30.0,32.0,35.0,36.0,38.0,43.0,50.0,inferred
Stirling,2021-05-29,13.0,18.9,22.0,24.0,25.0,27.0,29.0,31.0,34.0,35.0,37.0,42.0,48.0,inferred
Stirling,2021-05-30,12.0,17.0,20.0,21.0,22.0,24.0,26.0,28.0,31.0,32.0,34.0,38.0,45.0,inferred
Stirling,2021-05-31,11.0,14.0,17.0,18.0,19.0,21.0,23.0,25.0,27.0,28.0,29.0,33.0,41.0,inferred
Stirling,2021-06-01,12.0,16.0,19.0,20.0,21.0,23.0,25.0,28.0,30.0,31.0,33.0,38.0,45.0,inferred
Stirling,2021-06-02,19.0,24.0,27.0,29.0,30.0,33.0,35.0,38.0,41.0,42.0,44.0,50.0,59.5,inferred
Stirling,2021-06-03,17.0,23.0,27.0,28.0,29.0,32.0,34.0,37.0,39.0,41.0,42.0,48.0,56.0,inferred
Stirling,2021-06-04,19.0,25.0,29.0,31.0,32.0,34.0,37.0,39.0,42.0,44.0,46.0,51.0,61.0,inferred
Stirling,2021-06-05,18.0,23.0,27.0,29.0,30.0,32.0,35.0,37.0,41.0,42.2,44.0,49.0,57.5,inferred
Stirling,2021-06-06,15.0,20.0,23.0,25.0,26.0,28.0,31.0,33.0,36.0,37.0,39.0,44.0,52.5,inferred
Stirling,2021-06-07,12.0,16.0,19.0,20.0,21.0,23.0,25.0,28.0,30.0,32.0,33.0,38.0,45.0,inferred
Stirling,2021-06-08,14.0,18.0,21.0,22.0,23.7,26.0,28.0,30.0,33.0,34.0,36.0,40.0,48.0,inferred
Stirling,2021-06-09,21.0,27.0,31.0,32.0,34.0,36.0,39.0,41.0,45.0,46.0,48.0,54.0,63.5,inferred
Stirling,2021-06-10,21.0,26.0,30.0,31.0,33.0,35.0,38.0,40.0,43.0,45.0,46.2,52.0,62.0,inferred
Stirling,2021-06-11,23.0,29.0,33.0,34.0,35.0,38.0,41.0,44.0,47.0,49.0,51.0,57.0,65.5,inferred
Stirling,2021-06-12,22.0,28.0,32.0,33.0,34.0,37.0,40.0,43.0,46.0,48.0,50.0,56.0,65.0,inferred
Stirling,2021-06-13,18.0,24.0,27.0,28.0,30.0,33.0,36.0,38.0,41.0,43.0,44.0,49.0,58.0,inferred
Stirling,2021-06-14,15.0,19.0,23.0,24.0,26.0,28.0,30.0,32.0,35.0,36.0,38.0,43.0,51.0,inferred
Stirling,2021-06-15,17.0,22.0,26.0,27.0,29.0,31.0,34.0,36.0,39.0,41.0,42.0,48.0,56.0,inferred
Stirling,2021-06-16,26.0,32.0,37.0,38.0,40.0,43.0,45.0,48.0,51.0,53.0,56.0,62.0,71.0,inferred
Stirling,2021-06-17,24.0,30.0,34.0,36.0,37.0,40.0,43.0,46.0,49.0,51.0,53.0,59.0,68.0,inferred
Stirling,2021-06-18,23.0,32.0,36.0,38.0,39.0,43.0,46.0,49.0,53.0,55.0,57.0,64.0,74.0,inferred
Stockport,2021-03-06,16.0,20.0,22.0,24.0,25.0,26.0,28.0,30.0,32.0,33.0,34.0,38.0,43.0,inferred
Stockport,2021-03-07,19.0,24.0,27.0,28.0,29.0,31.0,33.0,35.0,37.0,38.0,40.0,44.0,51.0,inferred
Stockport,2021-03-08,28.0,33.0,36.0,37.8,39.0,41.0,43.0,45.0,48.0,49.0,51.0,55.0,62.0,inferred
Stockport,2021-03-09,27.0,31.0,35.0,36.0,38.0,40.0,43.0,45.0,47.0,48.0,50.0,54.0,61.0,inferred
Stockport,2021-03-10,27.0,32.0,35.0,36.0,38.0,40.0,42.0,44.0,47.0,48.0,50.0,54.0,62.5,inferred
Stockport,2021-03-11,24.0,29.0,33.0,34.0,36.0,38.0,40.0,42.0,44.0,45.0,47.0,50.0,57.0,inferred
Stockport,2021-03-12,20.0,24.0,28.0,29.0,30.0,32.0,34.0,37.0,39.0,40.0,42.0,45.0,52.0,inferred
Stockport,2021-03-13,14.0,18.0,21.0,22.0,23.0,24.0,26.0,28.0,30.0,31.0,33.0,36.1,43.0,inferred
Stockport,2021-03-14,16.0,21.0,24.0,25.0,26.0,28.0,30.0,32.0,34.0,35.0,37.0,40.0,46.0,inferred
Stockport,2021-03-15,23.0,28.0,31.0,32.0,33.0,35.0,38.0,40.0,43.0,44.0,45.0,50.0,57.0,inferred
Stockport,2021-03-16,21.5,26.9,30.0,31.0,32.0,34.0,37.0,39.0,41.0,43.0,44.0,48.0,55.0,inferred
Stockport,2021-03-17,22.0,26.0,30.0,31.0,32.0,34.0,37.0,39.0,42.0,43.0,44.0,48.0,55.0,inferred
Stockport,2021-03-18,19.0,24.0,28.0,29.0,30.0,33.0,35.0,37.0,39.0,41.0,42.0,47.0,53.0,inferred
Stockport,2021-03-19,16.0,21.0,24.0,26.0,27.0,29.0,31.0,33.0,35.0,36.0,37.0,42.0,48.0,inferred
Stockport,2021-03-20,12.0,16.0,19.0,20.0,21.0,22.0,24.0,26.0,28.0,29.0,30.0,33.0,39.0,inferred
Stockport,2021-03-21,15.0,19.0,22.0,23.0,24.0,26.0,28.0,30.0,32.0,33.0,34.0,39.0,45.0,inferred
Stockport,2021-03-22,21.0,25.0,29.0,30.0,31.0,33.0,35.0,37.0,40.0,41.0,42.0,47.0,53.0,inferred
Stockport,2021-03-23,20.0,24.0,27.0,28.0,29.7,31.6,34.0,36.0,39.0,40.0,41.0,45.0,53.0,inferred
Stockport,2021-03-24,19.0,23.0,26.0,28.0,29.0,31.0,33.0,35.0,37.0,38.0,40.0,44.0,51.0,inferred
Stockport,2021-03-25,16.0,21.0,24.0,25.0,26.0,28.0,30.0,32.0,34.0,35.0,37.0,40.1,46.5,inferred
Stockport,2021-03-26,13.0,17.0,19.0,20.0,21.0,23.0,25.0,27.0,28.0,30.0,31.0,34.1,40.0,inferred
Stockport,2021-03-27,9.0,12.0,14.0,15.0,16.0,17.0,19.0,21.0,22.0,23.0,25.0,28.0,33.0,inferred
Stockport,2021-03-28,10.0,14.0,16.0,17.0,18.0,20.0,21.0,23.0,25.0,26.0,27.0,30.0,36.0,inferred
Stockport,2021-03-29,14.0,18.0,20.0,22.0,23.0,24.0,26.0,28.0,30.0,32.0,33.0,37.0,44.0,inferred
Stockport,2021-03-30,14.0,17.0,19.0,20.0,21.0,23.0,25.0,27.0,29.0,30.0,32.0,35.0,41.0,inferred
Stockport,2021-03-31,12.0,16.0,18.0,19.0,20.0,22.0,24.0,25.0,27.0,28.0,30.0,33.0,39.0,inferred
Stockport,2021-04-01,11.0,14.0,16.0,17.0,18.0,20.0,22.0,23.0,25.0,26.0,27.0,31.0,36.0,inferred
Stockport,2021-04-02,8.0,11.0,13.0,14.0,15.0,17.0,18.0,19.0,21.0,23.0,24.0,27.0,32.0,inferred
Stockport,2021-04-03,5.0,7.0,9.0,10.0,11.0,12.0,13.0,15.0,16.0,17.0,18.0,21.0,25.0,inferred
Stockport,2021-04-04,6.0,8.0,10.0,11.0,12.0,13.0,15.0,16.0,18.0,18.0,19.0,22.0,27.0,inferred
Stockport,2021-04-05,8.0,11.0,13.0,14.0,15.0,17.0,18.0,20.0,21.0,23.0,24.0,27.0,32.0,inferred
Stockport,2021-04-06,7.0,10.0,12.0,13.0,14.0,15.0,17.0,18.0,20.0,21.0,22.0,24.0,29.0,inferred
Stockport,2021-04-07,7.0,10.0,11.8,13.0,13.0,15.0,16.0,18.0,19.0,20.0,21.0,24.0,28.0,inferred
Stockport,2021-04-08,6.0,9.0,11.0,12.0,12.0,13.0,15.0,16.0,18.0,19.0,20.0,22.0,28.0,inferred
Stockport,2021-04-09,5.0,7.0,9.0,10.0,10.0,11.0,13.0,14.0,15.0,16.0,17.0,20.0,24.0,inferred
Stockport,2021-04-10,3.0,5.0,6.0,7.0,7.0,8.0,9.0,11.0,12.0,13.0,13.0,15.0,20.0,inferred
Stockport,2021-04-11,3.0,5.0,7.0,8.0,8.0,9.0,10.0,12.0,13.0,14.0,15.0,17.0,22.0,inferred
Stockport,2021-04-12,5.0,7.0,9.0,10.0,10.0,12.0,13.0,14.0,16.0,17.0,17.0,20.0,24.0,inferred
Stockport,2021-04-13,5.0,7.0,8.0,9.0,10.0,11.0,13.0,14.0,15.0,16.0,17.0,20.0,25.0,inferred
Stockport,2021-04-14,4.0,6.0,8.0,9.0,10.0,11.0,12.0,13.0,15.0,16.0,17.0,19.0,23.0,inferred
Stockport,2021-04-15,4.0,6.0,8.0,9.0,9.0,10.0,12.0,13.0,14.0,15.0,16.0,18.0,22.5,inferred
Stockport,2021-04-16,4.0,5.0,7.0,7.0,8.0,9.0,10.0,11.0,13.0,13.0,14.0,17.0,21.0,inferred
Stockport,2021-04-17,2.0,4.0,5.0,6.0,6.0,7.0,8.0,9.0,10.0,11.0,11.0,13.0,17.0,inferred
Stockport,2021-04-18,2.0,4.0,6.0,7.0,7.0,8.0,9.0,10.0,11.0,12.0,13.0,15.0,19.0,inferred
Stockport,2021-04-19,4.0,6.0,8.0,8.0,9.0,10.0,11.0,12.0,14.0,15.0,16.0,18.0,23.0,inferred
Stockport,2021-04-20,4.0,6.0,8.0,8.0,9.0,10.0,11.0,12.0,14.0,15.0,15.0,18.0,22.0,inferred
Stockport,2021-04-21,3.0,6.0,8.0,8.0,9.0,10.0,11.0,12.0,14.0,15.0,16.0,18.0,23.0,inferred
Stockport,2021-04-22,3.0,5.0,7.0,7.0,8.0,9.0,10.0,11.0,13.0,13.2,14.0,17.0,21.0,inferred
Stockport,2021-04-23,2.0,4.0,6.0,6.0,7.0,8.0,9.0,10.0,11.0,12.0,13.0,15.0,19.0,inferred
Stockport,2021-04-24,2.0,3.0,4.0,5.0,5.0,6.0,7.0,8.0,9.0,10.0,10.0,12.0,16.0,inferred
Stockport,2021-04-25,2.0,4.0,5.0,5.0,6.0,7.0,8.0,9.0,10.0,11.0,12.0,14.0,17.0,inferred
Stockport,2021-04-26,3.0,5.0,7.0,7.0,8.0,9.0,10.0,11.0,13.0,13.0,14.0,16.0,21.0,inferred
Stockport,2021-04-27,3.0,5.0,7.0,8.0,8.0,9.0,10.0,12.0,13.0,14.0,15.0,17.0,21.0,inferred
Stockport,2021-04-28,3.0,6.0,7.0,8.0,9.0,10.0,11.0,12.0,13.0,14.0,15.0,17.0,21.0,inferred
Stockport,2021-04-29,4.0,5.0,7.0,7.0,8.0,9.0,10.0,11.0,13.0,13.0,14.0,17.0,20.0,inferred
Stockport,2021-04-30,3.0,4.0,6.0,6.0,7.0,8.0,9.0,10.0,11.0,12.0,13.0,15.0,19.0,inferred
Stockport,2021-05-01,2.0,3.0,4.0,5.0,6.0,6.0,7.0,8.0,9.0,10.0,11.0,13.0,17.0,inferred
Stockport,2021-05-02,2.0,4.0,6.0,6.0,7.0,8.0,9.0,10.0,11.0,11.0,12.0,15.0,18.0,inferred
Stockport,2021-05-03,4.0,6.0,8.0,8.0,9.0,10.0,11.0,12.0,14.0,15.0,16.0,18.0,23.0,inferred
Stockport,2021-05-04,4.0,6.0,8.0,9.0,9.0,10.0,11.0,13.0,14.0,15.0,15.0,18.0,22.0,inferred
Stockport,2021-05-05,4.0,6.0,8.0,9.0,9.0,11.0,12.0,13.0,14.0,15.0,16.0,19.0,23.0,inferred
Stockport,2021-05-06,4.0,6.0,8.0,8.0,9.0,10.0,11.0,12.0,14.0,15.0,15.0,18.0,22.0,inferred
Stockport,2021-05-07,3.0,5.0,6.0,7.0,8.0,9.0,10.0,11.0,12.0,13.0,14.0,17.0,21.0,inferred
Stockport,2021-05-08,2.0,4.0,5.0,5.0,6.0,7.0,8.0,9.0,10.0,11.0,11.0,14.0,18.0,inferred
Stockport,2021-05-09,2.5,5.0,6.0,7.0,7.0,8.0,9.0,10.0,12.0,12.0,13.0,16.0,20.0,inferred
Stockport,2021-05-10,4.0,6.0,8.0,9.0,10.0,11.0,12.0,13.0,14.0,15.0,16.0,19.0,23.5,inferred
Stockport,2021-05-11,4.0,6.0,8.0,9.0,9.0,11.0,12.0,13.0,14.0,15.0,16.0,19.0,24.0,inferred
Stockport,2021-05-12,4.0,6.0,8.0,9.0,9.0,11.0,12.0,13.0,15.0,15.0,16.0,19.0,23.0,inferred
Stockport,2021-05-13,4.0,6.0,7.0,8.0,9.0,10.0,11.0,12.0,14.0,14.0,15.0,18.0,22.0,inferred
Stockport,2021-05-14,3.0,5.0,7.0,7.0,8.0,9.0,10.0,11.0,12.0,13.0,14.0,16.0,19.0,inferred
Stockport,2021-05-15,2.0,3.0,5.0,5.0,6.0,6.0,8.0,9.0,10.0,10.0,11.0,13.0,17.0,inferred
Stockport,2021-05-16,2.0,4.0,5.0,6.0,6.0,7.0,8.0,9.0,11.0,11.0,12.0,15.0,18.0,inferred
Stockport,2021-05-17,3.0,6.0,7.0,8.0,9.0,10.0,11.0,12.0,14.0,14.0,15.0,18.0,22.0,inferred
Stockport,2021-05-18,4.0,6.0,8.0,9.0,9.0,11.0,12.0,13.0,15.0,16.0,17.0,20.0,23.5,inferred
Stockport,2021-05-19,5.0,7.9,9.0,10.0,11.0,12.0,13.0,15.0,16.0,17.0,18.0,21.0,25.0,inferred
Stockport,2021-05-20,5.0,8.0,10.0,11.0,12.0,13.0,14.0,16.0,17.0,18.0,19.0,22.0,27.0,inferred
Stockport,2021-05-21,6.0,8.0,10.0,11.0,12.0,13.0,15.0,16.0,18.0,19.0,19.0,22.0,28.0,inferred
Stockport,2021-05-22,5.0,7.0,9.0,10.0,10.0,12.0,13.0,14.0,16.0,17.0,18.0,21.0,25.0,inferred
Stockport,2021-05-23,7.0,11.0,13.0,14.0,14.0,16.0,17.0,19.0,21.0,22.0,23.0,26.0,31.0,inferred
Stockport,2021-05-24,13.0,17.0,20.0,21.0,22.0,24.0,26.0,28.0,30.0,31.0,32.0,36.0,42.0,inferred
Stockport,2021-05-25,16.0,20.0,23.0,24.0,26.0,28.0,29.0,31.0,34.0,35.0,37.0,41.0,47.0,inferred
Stockport,2021-05-26,21.0,25.9,29.0,30.0,32.0,33.0,36.0,38.0,40.0,41.0,43.0,47.0,54.0,inferred
Stockport,2021-05-27,24.0,29.0,33.0,34.0,36.0,38.0,40.0,42.0,45.0,46.0,48.0,52.0,59.0,inferred
Stockport,2021-05-28,25.0,31.0,35.0,36.0,37.0,39.0,42.0,44.0,46.0,47.2,49.0,54.0,62.0,inferred
Stockport,2021-05-29,23.0,28.0,32.0,33.0,34.0,37.0,39.0,41.0,44.0,45.0,47.0,51.0,59.0,inferred
Stockport,2021-05-30,34.0,39.0,44.0,45.0,47.0,49.0,52.0,54.0,58.0,59.0,61.0,66.0,74.0,inferred
Stockport,2021-05-31,53.0,62.0,67.0,69.0,71.0,74.0,77.0,81.0,85.0,87.0,89.0,95.0,104.0,inferred
Stockport,2021-06-01,60.5,68.0,73.0,76.0,78.0,82.0,85.0,88.0,92.0,94.0,96.0,102.1,114.0,inferred
Stockport,2021-06-02,64.0,73.0,78.8,81.0,83.0,86.0,90.0,93.0,97.0,99.0,102.0,108.0,117.5,inferred
Stockport,2021-06-03,64.5,73.0,79.0,81.0,82.0,86.0,89.0,93.0,96.0,98.0,101.0,107.0,117.0,inferred
Stockport,2021-06-04,58.5,66.0,71.0,73.0,75.0,79.0,83.0,86.0,89.0,91.0,93.0,99.0,109.0,inferred
Stockport,2021-06-05,46.0,53.0,58.0,60.0,61.0,64.6,68.0,71.0,74.0,76.0,78.0,84.0,93.0,inferred
Stockport,2021-06-06,58.0,66.0,71.0,73.0,75.0,78.0,81.0,85.0,88.0,90.0,92.0,98.0,110.0,inferred
Stockport,2021-06-07,83.0,90.0,96.0,98.0,101.0,105.0,109.0,113.0,117.0,119.0,122.0,130.0,140.5,inferred
Stockport,2021-06-08,82.0,90.0,96.0,99.0,100.0,104.0,108.0,111.0,116.0,117.0,120.0,127.0,139.5,inferred
Stockport,2021-06-09,80.0,89.0,95.0,97.0,99.0,103.0,106.0,110.0,114.0,117.0,119.0,126.0,136.0,inferred
Stockport,2021-06-10,75.0,83.0,88.0,91.0,92.0,96.0,100.0,103.0,107.0,110.0,112.0,118.0,131.0,inferred
Stockport,2021-06-11,62.0,70.0,74.8,77.0,78.0,82.0,85.0,89.0,92.0,94.2,96.0,102.1,113.0,inferred
Stockport,2021-06-12,46.0,53.0,57.0,58.0,60.0,63.0,66.0,69.0,73.0,74.0,76.0,81.1,90.0,inferred
Stockport,2021-06-13,52.0,60.0,64.0,67.0,68.0,72.0,75.0,78.0,82.0,84.0,85.0,92.0,101.0,inferred
Stockport,2021-06-14,70.0,77.0,83.0,85.0,87.0,91.0,96.0,99.0,103.0,105.0,108.0,114.0,125.0,inferred
Stockport,2021-06-15,66.5,75.0,82.0,84.0,86.0,90.0,93.0,96.0,100.0,102.0,105.0,111.0,121.0,inferred
Stockport,2021-06-16,67.0,76.0,81.0,84.0,86.0,89.0,92.5,96.0,100.0,102.0,105.0,112.0,122.0,inferred
Stockport,2021-06-17,61.0,69.0,75.0,77.0,79.0,83.0,87.0,90.0,94.0,97.0,99.0,107.0,116.5,inferred
Stockport,2021-06-18,51.0,59.0,64.0,67.0,69.0,72.0,76.0,79.0,83.0,85.0,87.0,94.0,103.0,inferred
Stockton-on-Tees,2021-03-06,12.0,16.0,19.0,20.0,21.0,22.0,24.0,26.0,27.0,28.0,30.0,33.0,38.0,inferred
Stockton-on-Tees,2021-03-07,15.0,19.0,21.0,22.0,23.0,25.0,26.0,28.0,30.0,31.0,32.0,35.0,40.5,inferred
Stockton-on-Tees,2021-03-08,21.0,25.0,28.0,29.0,30.0,32.0,34.0,36.0,38.0,39.0,41.0,45.0,51.0,inferred
Stockton-on-Tees,2021-03-09,19.0,23.0,26.0,27.0,28.0,30.0,32.0,34.0,36.0,37.0,39.0,42.0,48.0,inferred
Stockton-on-Tees,2021-03-10,19.0,24.0,27.0,28.0,29.0,31.0,33.0,34.0,37.0,38.0,39.0,43.0,49.0,inferred
Stockton-on-Tees,2021-03-11,17.0,21.0,25.0,26.0,27.0,28.0,30.0,32.0,34.0,36.0,37.0,40.0,46.0,inferred
Stockton-on-Tees,2021-03-12,15.0,19.0,22.0,23.0,24.0,25.0,27.0,29.0,31.0,32.0,33.0,37.0,43.0,inferred
Stockton-on-Tees,2021-03-13,11.0,15.0,18.0,18.0,19.0,21.0,22.0,24.0,25.0,27.0,28.0,31.0,36.0,inferred
Stockton-on-Tees,2021-03-14,13.0,16.0,19.0,20.0,21.0,23.0,24.0,26.0,28.0,29.2,31.0,33.0,38.0,inferred
Stockton-on-Tees,2021-03-15,18.0,23.0,26.0,27.0,28.0,30.0,32.0,34.0,36.0,37.0,39.0,42.0,49.0,inferred
Stockton-on-Tees,2021-03-16,17.0,21.0,23.0,24.0,25.0,28.0,29.0,31.0,33.0,34.0,36.0,39.0,45.0,inferred
Stockton-on-Tees,2021-03-17,17.0,21.0,25.0,26.0,27.0,29.0,31.0,33.0,35.0,36.0,38.0,41.0,47.0,inferred
Stockton-on-Tees,2021-03-18,16.0,20.0,23.0,24.0,25.0,27.0,29.0,31.0,33.0,34.0,35.0,39.0,46.0,inferred
Stockton-on-Tees,2021-03-19,14.5,18.0,21.0,22.0,23.0,25.0,26.0,28.0,30.0,31.0,32.2,36.0,42.0,inferred
Stockton-on-Tees,2021-03-20,11.0,15.0,17.0,18.0,18.0,20.0,22.0,23.0,25.0,26.0,28.0,31.0,36.0,inferred
Stockton-on-Tees,2021-03-21,13.0,16.0,19.0,20.0,21.0,22.0,24.0,26.0,28.0,29.0,30.0,34.0,39.0,inferred
Stockton-on-Tees,2021-03-22,18.0,22.0,24.0,26.0,27.0,29.0,31.0,33.0,35.0,36.0,38.0,41.0,46.5,inferred
Stockton-on-Tees,2021-03-23,16.0,20.0,23.0,24.0,25.0,27.0,29.0,30.0,32.0,33.0,35.0,38.0,44.0,inferred
Stockton-on-Tees,2021-03-24,16.0,20.0,23.0,24.0,25.0,27.0,29.0,31.0,33.0,34.0,35.0,39.0,44.0,inferred
Stockton-on-Tees,2021-03-25,15.0,19.0,21.0,22.0,23.0,25.0,27.0,28.0,30.0,31.0,33.0,36.0,43.0,inferred
Stockton-on-Tees,2021-03-26,12.0,16.0,18.0,19.0,20.0,22.0,24.0,25.0,27.0,28.0,30.0,33.0,38.0,inferred
Stockton-on-Tees,2021-03-27,10.0,12.0,15.0,15.0,16.0,18.0,19.0,20.0,22.0,23.0,24.0,27.0,32.0,inferred
Stockton-on-Tees,2021-03-28,10.0,13.0,15.0,16.0,17.0,19.0,21.0,22.0,24.0,25.0,26.0,29.0,34.0,inferred
Stockton-on-Tees,2021-03-29,13.5,17.0,20.0,21.0,22.0,23.0,25.0,27.0,29.0,30.0,31.0,35.0,40.0,inferred
Stockton-on-Tees,2021-03-30,12.0,16.0,18.0,19.0,20.0,21.0,23.0,24.0,26.0,27.0,28.0,32.0,37.0,inferred
Stockton-on-Tees,2021-03-31,11.5,14.0,17.0,17.0,18.0,20.0,22.0,24.0,26.0,27.0,28.0,32.0,38.0,inferred
Stockton-on-Tees,2021-04-01,9.0,12.0,15.0,15.0,16.0,18.0,19.0,21.0,22.0,23.0,25.0,27.0,32.0,inferred
Stockton-on-Tees,2021-04-02,7.0,10.0,12.0,13.0,13.0,15.0,16.0,18.0,19.0,20.0,21.0,24.0,29.0,inferred
Stockton-on-Tees,2021-04-03,4.0,7.0,8.0,9.0,10.0,11.0,12.0,13.0,15.0,15.0,16.0,19.0,23.0,inferred
Stockton-on-Tees,2021-04-04,5.0,7.0,9.0,9.0,10.0,11.0,13.0,14.0,15.0,16.0,17.0,19.0,23.0,inferred
Stockton-on-Tees,2021-04-05,6.0,9.0,11.0,11.0,12.0,13.0,15.0,16.0,17.0,18.0,19.0,22.0,26.0,inferred
Stockton-on-Tees,2021-04-06,5.0,7.0,9.0,10.0,10.0,12.0,13.0,14.0,16.0,16.0,17.0,20.0,24.0,inferred
Stockton-on-Tees,2021-04-07,5.0,7.0,9.0,9.0,10.0,11.0,12.0,14.0,15.0,16.0,17.0,19.0,24.0,inferred
Stockton-on-Tees,2021-04-08,3.0,6.0,7.0,8.0,8.0,10.0,11.0,12.0,13.0,14.0,15.0,17.1,22.0,inferred
Stockton-on-Tees,2021-04-09,3.0,4.0,6.0,6.0,7.0,8.0,9.0,10.0,11.0,12.0,12.0,14.0,18.0,inferred
Stockton-on-Tees,2021-04-10,2.0,3.0,4.0,5.0,5.0,6.0,7.0,8.0,9.0,9.2,10.0,12.0,16.0,inferred
Stockton-on-Tees,2021-04-11,2.0,3.0,4.0,5.0,5.0,6.0,7.0,8.0,9.0,10.0,10.0,12.0,16.0,inferred
Stockton-on-Tees,2021-04-12,2.0,4.0,5.0,6.0,7.0,8.0,9.0,10.0,11.0,12.0,12.0,14.0,18.0,inferred
Stockton-on-Tees,2021-04-13,2.0,3.0,5.0,5.0,6.0,7.0,8.0,9.0,10.0,10.0,11.0,13.0,17.0,inferred
Stockton-on-Tees,2021-04-14,2.0,4.0,5.0,5.0,6.0,7.0,8.0,9.0,10.0,11.0,12.0,13.0,17.0,inferred
Stockton-on-Tees,2021-04-15,2.0,3.0,4.0,5.0,5.0,6.0,7.0,8.0,9.0,10.0,10.0,12.0,16.0,inferred
Stockton-on-Tees,2021-04-16,1.0,3.0,4.0,4.0,5.0,5.0,6.0,7.0,8.0,9.0,10.0,11.0,15.0,inferred
Stockton-on-Tees,2021-04-17,1.0,2.0,3.0,3.0,3.0,4.0,5.0,6.0,7.0,7.0,8.0,10.0,12.0,inferred
Stockton-on-Tees,2021-04-18,1.0,2.0,3.0,4.0,4.0,5.0,6.0,6.0,7.0,8.0,9.0,10.0,13.0,inferred
Stockton-on-Tees,2021-04-19,2.0,3.0,5.0,5.0,5.0,6.0,7.0,8.0,9.0,10.0,10.0,13.0,16.0,inferred
Stockton-on-Tees,2021-04-20,2.0,3.0,4.0,5.0,5.0,6.0,7.0,8.0,9.0,10.0,10.0,12.0,15.0,inferred
Stockton-on-Tees,2021-04-21,1.0,3.0,4.0,5.0,5.0,6.0,7.0,8.0,9.0,9.0,10.0,12.0,16.0,inferred
Stockton-on-Tees,2021-04-22,1.5,3.0,4.0,4.0,5.0,6.0,6.0,7.0,8.0,9.0,10.0,12.0,15.0,inferred
Stockton-on-Tees,2021-04-23,1.0,2.0,3.0,4.0,4.0,5.0,6.0,7.0,8.0,8.0,9.0,11.0,14.0,inferred
Stockton-on-Tees,2021-04-24,1.0,2.0,3.0,3.0,3.0,4.0,5.0,6.0,7.0,7.0,8.0,9.0,12.0,inferred
Stockton-on-Tees,2021-04-25,1.0,2.0,3.0,3.0,4.0,5.0,6.0,6.0,7.0,8.0,8.0,10.0,13.0,inferred
Stockton-on-Tees,2021-04-26,2.0,3.0,4.0,5.0,5.0,6.0,7.0,8.0,9.0,10.0,10.0,12.1,15.0,inferred
Stockton-on-Tees,2021-04-27,1.0,3.0,4.0,4.8,5.0,6.0,7.0,8.0,9.0,9.0,10.0,12.0,16.0,inferred
Stockton-on-Tees,2021-04-28,2.0,3.0,4.0,5.0,5.0,6.0,7.0,8.0,9.0,9.0,10.0,12.0,15.0,inferred
Stockton-on-Tees,2021-04-29,1.0,3.0,4.0,4.0,5.0,6.0,7.0,8.0,9.0,9.0,10.0,12.0,15.0,inferred
Stockton-on-Tees,2021-04-30,1.0,2.0,4.0,4.0,4.0,5.0,6.0,7.0,8.0,8.0,9.0,11.0,14.0,inferred
Stockton-on-Tees,2021-05-01,1.0,2.0,3.0,3.0,3.0,4.0,5.0,6.0,7.0,7.0,8.0,9.0,13.0,inferred
Stockton-on-Tees,2021-05-02,1.0,2.0,3.0,4.0,4.0,5.0,6.0,7.0,7.0,8.0,8.0,10.0,13.0,inferred
Stockton-on-Tees,2021-05-03,1.0,3.0,4.0,5.0,5.0,6.0,7.0,8.0,9.0,10.0,11.0,13.0,16.0,inferred
Stockton-on-Tees,2021-05-04,1.0,3.0,4.0,5.0,5.0,6.0,7.0,8.0,9.0,9.0,10.0,12.0,16.0,inferred
Stockton-on-Tees,2021-05-05,2.0,3.0,4.0,5.0,5.0,6.0,7.0,8.0,9.0,10.0,10.0,12.0,16.0,inferred
Stockton-on-Tees,2021-05-06,1.0,2.0,4.0,4.0,5.0,5.6,6.0,7.0,8.0,9.0,10.0,12.0,15.0,inferred
Stockton-on-Tees,2021-05-07,1.0,2.0,3.0,4.0,4.0,5.0,6.0,7.0,7.0,8.0,9.0,10.1,14.0,inferred
Stockton-on-Tees,2021-05-08,1.0,2.0,2.0,3.0,3.0,4.0,4.0,5.0,6.0,7.0,7.0,9.0,12.0,inferred
Stockton-on-Tees,2021-05-09,1.0,2.0,3.0,3.0,3.0,4.0,5.0,6.0,6.0,7.0,7.0,9.0,12.0,inferred
Stockton-on-Tees,2021-05-10,1.0,2.0,3.0,4.0,4.0,5.0,6.0,7.0,8.0,9.0,10.0,11.0,14.0,inferred
Stockton-on-Tees,2021-05-11,1.0,2.0,3.0,4.0,4.0,5.0,6.0,6.0,7.0,8.0,8.0,10.0,13.0,inferred
Stockton-on-Tees,2021-05-12,1.0,2.0,3.0,3.8,4.0,5.0,6.0,6.0,7.0,8.0,9.0,11.0,15.0,inferred
Stockton-on-Tees,2021-05-13,1.0,2.0,3.0,3.0,3.0,4.0,5.0,6.0,6.0,7.0,8.0,9.0,13.0,inferred
Stockton-on-Tees,2021-05-14,0.0,1.0,2.0,3.0,3.0,4.0,4.0,5.0,6.0,6.0,7.0,9.0,11.0,inferred
Stockton-on-Tees,2021-05-15,0.0,1.0,2.0,2.0,2.0,3.0,3.0,4.0,5.0,5.0,6.0,7.0,10.0,inferred
Stockton-on-Tees,2021-05-16,0.0,1.0,2.0,2.0,3.0,3.0,4.0,4.0,5.0,6.0,6.0,8.0,10.0,inferred
Stockton-on-Tees,2021-05-17,0.5,2.0,2.0,3.0,3.0,4.0,5.0,5.0,6.0,7.0,7.0,9.0,12.0,inferred
Stockton-on-Tees,2021-05-18,0.0,1.0,2.0,3.0,3.0,4.0,4.0,5.0,6.0,6.0,7.0,8.0,11.0,inferred
Stockton-on-Tees,2021-05-19,0.0,1.0,2.0,3.0,3.0,4.0,4.0,5.0,6.0,6.0,7.0,9.0,11.5,inferred
Stockton-on-Tees,2021-05-20,0.0,1.0,2.0,2.0,3.0,3.0,4.0,5.0,5.0,6.0,6.0,8.0,12.0,inferred
Stockton-on-Tees,2021-05-21,0.0,1.0,2.0,2.0,2.0,3.0,4.0,4.0,5.0,5.0,6.0,7.0,10.0,inferred
Stockton-on-Tees,2021-05-22,0.0,1.0,1.0,1.0,2.0,2.0,3.0,3.0,4.0,5.0,5.0,6.0,9.0,inferred
Stockton-on-Tees,2021-05-23,0.0,1.0,1.0,2.0,2.0,3.0,3.0,4.0,5.0,5.0,5.0,7.0,10.0,inferred
Stockton-on-Tees,2021-05-24,0.0,1.0,2.0,3.0,3.0,4.0,4.0,5.0,6.0,6.0,7.0,8.1,11.0,inferred
Stockton-on-Tees,2021-05-25,0.0,1.0,2.0,2.0,3.0,3.0,4.0,5.0,6.0,6.0,7.0,8.0,11.0,inferred
Stockton-on-Tees,2021-05-26,0.0,1.0,2.0,2.0,3.0,3.0,4.0,5.0,6.0,6.0,7.0,9.0,11.5,inferred
Stockton-on-Tees,2021-05-27,0.0,1.0,2.0,3.0,3.0,3.0,4.0,5.0,6.0,6.0,7.0,8.0,11.0,inferred
Stockton-on-Tees,2021-05-28,0.0,1.0,2.0,2.0,3.0,3.6,4.0,5.0,6.0,6.0,7.0,8.0,11.0,inferred
Stockton-on-Tees,2021-05-29,0.0,1.0,2.0,2.0,2.0,3.0,4.0,4.0,5.0,5.0,6.0,7.0,10.0,inferred
Stockton-on-Tees,2021-05-30,0.0,1.0,2.0,2.0,3.0,3.0,4.0,5.0,6.0,6.0,7.0,8.0,11.0,inferred
Stockton-on-Tees,2021-05-31,1.0,2.0,3.0,4.0,4.0,5.0,6.0,6.0,7.0,8.0,8.2,10.0,13.0,inferred
Stockton-on-Tees,2021-06-01,1.0,2.0,3.0,3.0,4.0,5.0,5.0,6.0,7.0,8.0,8.0,10.0,13.0,inferred
Stockton-on-Tees,2021-06-02,1.0,2.0,4.0,4.0,4.0,5.0,6.0,7.0,8.0,9.0,9.0,11.0,15.0,inferred
Stockton-on-Tees,2021-06-03,1.0,3.0,4.0,4.0,5.0,6.0,6.5,7.0,8.0,9.0,10.0,11.0,15.0,inferred
Stockton-on-Tees,2021-06-04,1.0,3.0,4.0,4.0,4.0,5.0,6.0,7.0,8.0,9.0,10.0,11.0,14.0,inferred
Stockton-on-Tees,2021-06-05,1.0,2.0,3.0,4.0,4.0,5.0,6.0,7.0,7.0,8.0,9.0,10.0,14.0,inferred
Stockton-on-Tees,2021-06-06,2.0,3.0,4.0,5.0,5.0,6.0,7.0,8.0,9.0,10.0,10.0,12.0,16.0,inferred
Stockton-on-Tees,2021-06-07,3.0,5.0,7.0,7.0,8.0,9.0,10.0,11.0,12.0,13.0,14.0,16.0,19.0,inferred
Stockton-on-Tees,2021-06-08,3.0,5.0,7.0,8.0,8.0,9.0,10.0,12.0,13.0,14.0,14.0,17.0,20.0,inferred
Stockton-on-Tees,2021-06-09,4.0,7.0,8.0,9.0,10.0,11.0,12.0,13.0,14.0,15.0,16.0,19.0,23.0,inferred
Stockton-on-Tees,2021-06-10,5.0,7.0,8.0,9.0,10.0,11.0,12.0,13.0,15.0,16.0,16.0,19.0,23.0,inferred
Stockton-on-Tees,2021-06-11,5.0,7.0,8.0,9.0,10.0,11.0,12.0,13.0,15.0,16.0,17.0,19.0,23.0,inferred
Stockton-on-Tees,2021-06-12,4.0,6.0,8.0,8.0,9.0,10.0,11.0,12.0,14.0,14.0,15.0,17.1,22.0,inferred
Stockton-on-Tees,2021-06-13,6.0,8.0,10.0,10.0,11.0,12.0,13.0,15.0,16.0,17.0,18.0,20.0,24.0,inferred
Stockton-on-Tees,2021-06-14,9.0,12.0,14.0,15.0,16.0,17.0,19.0,20.0,22.0,23.0,24.0,27.0,32.0,inferred
Stockton-on-Tees,2021-06-15,9.0,12.0,14.8,16.0,17.0,18.0,19.0,21.0,23.0,24.0,25.0,28.0,34.0,inferred
Stockton-on-Tees,2021-06-16,11.0,15.0,17.0,17.8,18.0,20.0,22.0,24.0,25.0,27.0,28.0,31.0,37.0,inferred
Stockton-on-Tees,2021-06-17,11.0,15.0,17.0,19.0,19.0,21.0,23.0,24.0,26.0,27.0,29.0,32.0,37.5,inferred
Stockton-on-Tees,2021-06-18,11.0,14.9,17.0,18.0,19.0,20.0,22.0,24.0,26.0,27.0,29.0,32.0,38.0,inferred
Stoke-on-Trent,2021-03-06,15.0,19.0,22.0,23.0,24.0,25.0,27.0,29.0,30.0,31.0,32.0,35.0,40.0,inferred
Stoke-on-Trent,2021-03-07,17.0,22.0,25.0,26.0,27.0,29.0,31.0,32.0,34.0,35.0,37.0,40.0,45.0,inferred
Stoke-on-Trent,2021-03-08,24.0,29.0,32.0,33.0,34.0,36.0,38.0,40.0,42.0,43.0,45.0,48.0,55.0,inferred
Stoke-on-Trent,2021-03-09,22.5,27.0,30.0,32.0,32.0,35.0,36.5,38.0,40.0,42.0,43.0,47.0,52.0,inferred
Stoke-on-Trent,2021-03-10,23.5,28.0,31.0,32.0,34.0,36.0,37.0,40.0,42.0,43.0,44.0,47.0,54.0,inferred
Stoke-on-Trent,2021-03-11,20.0,24.0,27.0,28.0,29.0,31.0,33.0,35.0,37.0,38.0,40.0,43.0,50.0,inferred
Stoke-on-Trent,2021-03-12,18.0,22.0,24.0,26.0,26.0,28.0,30.0,32.0,33.0,34.0,35.0,39.0,45.0,inferred
Stoke-on-Trent,2021-03-13,13.0,16.0,18.0,19.0,20.0,22.0,23.0,25.0,27.0,28.0,29.0,32.0,37.0,inferred
Stoke-on-Trent,2021-03-14,16.0,19.0,22.0,23.0,24.0,25.0,27.0,29.0,31.0,32.0,33.0,37.0,42.0,inferred
Stoke-on-Trent,2021-03-15,21.5,25.0,29.0,30.0,31.0,33.0,35.0,37.0,39.0,40.0,41.0,45.0,51.0,inferred
Stoke-on-Trent,2021-03-16,20.0,24.0,26.0,28.0,29.0,31.0,32.0,35.0,37.0,38.0,39.0,43.0,49.0,inferred
Stoke-on-Trent,2021-03-17,21.5,25.0,28.0,29.0,30.0,32.0,34.0,36.0,38.0,39.0,41.0,44.0,51.0,inferred
Stoke-on-Trent,2021-03-18,18.0,22.0,24.0,26.0,26.0,28.0,30.0,32.0,34.0,35.0,36.0,40.0,45.5,inferred
Stoke-on-Trent,2021-03-19,15.0,19.0,22.0,23.0,24.0,26.0,28.0,29.0,31.0,32.0,33.0,37.0,42.0,inferred
Stoke-on-Trent,2021-03-20,11.5,15.0,17.0,18.0,19.0,20.0,22.0,23.0,25.0,26.0,27.0,30.0,35.0,inferred
Stoke-on-Trent,2021-03-21,14.0,18.0,20.0,21.0,22.0,24.0,26.0,27.0,29.0,30.0,32.0,35.0,40.0,inferred
Stoke-on-Trent,2021-03-22,19.0,23.0,26.0,27.0,28.0,30.0,32.0,34.0,36.0,37.0,39.0,43.0,48.0,inferred
Stoke-on-Trent,2021-03-23,18.0,22.0,25.0,26.0,27.0,29.0,31.0,33.0,34.0,35.0,37.0,40.0,45.0,inferred
Stoke-on-Trent,2021-03-24,18.0,23.0,26.0,27.0,28.0,30.0,32.0,34.0,36.0,37.0,38.0,41.0,48.0,inferred
Stoke-on-Trent,2021-03-25,16.0,19.0,22.0,23.0,24.0,26.0,27.0,29.0,31.0,32.0,33.0,37.0,42.0,inferred
Stoke-on-Trent,2021-03-26,13.0,16.0,19.0,20.0,21.0,22.0,24.0,26.0,27.0,28.0,29.0,33.0,38.0,inferred
Stoke-on-Trent,2021-03-27,9.0,12.0,14.0,15.0,16.0,17.0,19.0,20.0,22.0,23.0,24.0,26.0,31.0,inferred
Stoke-on-Trent,2021-03-28,11.0,14.0,16.0,17.0,18.0,19.0,21.0,22.0,24.0,25.0,26.0,29.0,33.5,inferred
Stoke-on-Trent,2021-03-29,14.0,18.0,20.0,21.0,22.0,24.0,25.0,27.0,29.0,30.0,31.0,35.0,40.0,inferred
Stoke-on-Trent,2021-03-30,13.0,17.0,19.0,20.0,21.0,23.0,24.0,25.0,27.0,28.0,29.0,32.0,37.0,inferred
Stoke-on-Trent,2021-03-31,13.0,17.0,20.0,21.0,21.0,23.0,25.0,26.0,28.0,29.0,30.0,33.0,38.0,inferred
Stoke-on-Trent,2021-04-01,11.0,14.0,16.0,17.0,18.0,20.0,21.0,23.0,24.3,25.0,26.0,30.0,34.0,inferred
Stoke-on-Trent,2021-04-02,9.0,12.0,14.0,15.0,16.0,17.0,19.0,20.0,22.0,23.0,24.0,27.0,31.0,inferred
Stoke-on-Trent,2021-04-03,6.0,9.0,11.0,11.0,12.0,13.0,14.0,16.0,17.0,18.0,19.0,21.0,25.0,inferred
Stoke-on-Trent,2021-04-04,8.0,10.0,12.0,13.0,14.0,15.0,16.0,18.0,20.0,20.0,22.0,24.0,28.0,inferred
Stoke-on-Trent,2021-04-05,10.0,13.0,16.0,17.0,18.0,19.0,21.0,22.0,24.0,25.0,26.0,29.0,34.0,inferred
Stoke-on-Trent,2021-04-06,10.0,13.0,15.0,16.0,17.0,18.0,20.0,21.0,23.0,24.0,25.0,28.0,32.0,inferred
Stoke-on-Trent,2021-04-07,10.0,14.0,16.0,17.0,18.0,19.0,20.0,22.0,24.0,24.0,25.2,29.0,34.0,inferred
Stoke-on-Trent,2021-04-08,9.0,12.0,14.0,15.0,15.0,17.0,18.0,20.0,21.0,22.0,23.0,26.0,30.0,inferred
Stoke-on-Trent,2021-04-09,7.0,10.0,12.0,13.0,14.0,15.0,16.0,18.0,19.0,20.0,21.0,24.0,28.0,inferred
Stoke-on-Trent,2021-04-10,5.0,7.0,9.0,10.0,10.0,11.0,12.0,13.4,15.0,16.0,16.0,19.0,23.0,inferred
Stoke-on-Trent,2021-04-11,5.5,8.0,10.0,11.0,11.0,13.0,14.0,15.0,16.0,17.0,18.0,20.0,24.5,inferred
Stoke-on-Trent,2021-04-12,8.0,11.0,13.0,14.0,15.0,16.0,17.0,19.0,20.0,21.0,22.0,25.0,30.0,inferred
Stoke-on-Trent,2021-04-13,8.0,10.0,12.0,13.0,14.0,15.0,17.0,18.0,19.0,20.0,21.0,24.0,28.0,inferred
Stoke-on-Trent,2021-04-14,8.0,11.0,13.0,13.0,14.0,16.0,17.0,18.0,19.0,20.0,21.0,24.0,28.0,inferred
Stoke-on-Trent,2021-04-15,7.0,9.0,11.0,12.0,13.0,14.0,15.0,16.0,18.0,19.0,20.0,22.0,27.0,inferred
Stoke-on-Trent,2021-04-16,6.0,8.0,10.0,10.0,11.0,12.0,13.0,14.0,16.0,17.0,18.0,20.0,24.0,inferred
Stoke-on-Trent,2021-04-17,4.0,6.0,7.0,8.0,8.0,10.0,11.0,12.0,13.0,13.0,14.0,16.0,20.0,inferred
Stoke-on-Trent,2021-04-18,5.0,7.0,9.0,9.0,10.0,11.0,12.0,13.0,15.0,16.0,16.0,19.0,22.0,inferred
Stoke-on-Trent,2021-04-19,7.0,10.0,12.0,12.0,13.0,14.0,16.0,17.0,18.0,19.0,20.0,23.0,27.0,inferred
Stoke-on-Trent,2021-04-20,7.0,9.0,11.0,12.0,12.0,13.0,15.0,16.0,17.0,18.0,19.0,21.0,26.0,inferred
Stoke-on-Trent,2021-04-21,7.0,10.0,12.0,12.0,13.0,14.0,16.0,17.0,18.0,19.0,20.0,22.0,27.0,inferred
Stoke-on-Trent,2021-04-22,5.0,8.0,10.0,10.0,11.0,12.0,13.0,15.0,16.0,17.0,18.0,20.0,24.0,inferred
Stoke-on-Trent,2021-04-23,5.0,7.0,8.0,9.0,10.0,11.0,12.0,13.0,14.0,15.0,16.0,18.0,22.0,inferred
Stoke-on-Trent,2021-04-24,3.0,5.0,6.0,7.0,7.0,8.0,9.0,10.0,11.0,12.0,13.0,15.0,19.0,inferred
Stoke-on-Trent,2021-04-25,4.0,6.0,7.0,8.0,8.0,9.0,11.0,12.0,13.0,13.0,14.0,17.0,21.0,inferred
Stoke-on-Trent,2021-04-26,5.0,8.0,9.0,10.0,11.0,12.0,13.0,14.0,16.0,16.0,17.0,20.0,23.0,inferred
Stoke-on-Trent,2021-04-27,5.0,7.0,9.0,9.0,10.0,11.0,12.0,13.0,15.0,16.0,16.0,19.0,23.0,inferred
Stoke-on-Trent,2021-04-28,5.0,7.0,9.0,10.0,10.0,11.0,13.0,14.0,15.0,16.0,17.0,19.0,24.0,inferred
Stoke-on-Trent,2021-04-29,4.0,6.0,8.0,8.0,9.0,10.0,11.0,12.0,13.0,14.0,15.0,17.0,21.0,inferred
Stoke-on-Trent,2021-04-30,4.0,5.0,7.0,7.0,8.0,9.0,10.0,11.0,12.0,13.0,13.0,15.0,19.0,inferred
Stoke-on-Trent,2021-05-01,2.0,4.0,5.0,5.0,6.0,6.0,7.0,8.0,9.0,10.0,11.0,12.0,15.0,inferred
Stoke-on-Trent,2021-05-02,3.0,4.0,6.0,6.0,7.0,7.6,8.0,9.0,10.0,11.0,12.0,13.0,16.0,inferred
Stoke-on-Trent,2021-05-03,3.5,5.0,7.0,7.0,8.0,9.0,10.0,11.0,12.0,13.0,14.0,16.0,19.0,inferred
Stoke-on-Trent,2021-05-04,3.0,5.0,7.0,7.0,8.0,9.0,10.0,11.0,12.0,13.0,13.0,15.0,18.5,inferred
Stoke-on-Trent,2021-05-05,4.0,5.0,7.0,7.0,8.0,9.0,10.0,11.0,12.0,13.0,13.0,16.0,19.0,inferred
Stoke-on-Trent,2021-05-06,3.0,4.0,6.0,6.0,7.0,7.0,8.0,9.0,11.0,11.0,12.0,14.0,17.0,inferred
Stoke-on-Trent,2021-05-07,2.0,4.0,5.0,5.0,6.0,7.0,8.0,8.0,9.0,10.0,11.0,13.0,16.0,inferred
Stoke-on-Trent,2021-05-08,1.0,2.0,3.0,4.0,4.0,5.0,6.0,7.0,8.0,8.0,9.0,10.0,13.0,inferred
Stoke-on-Trent,2021-05-09,1.0,3.0,4.0,5.0,5.0,6.0,7.0,8.0,9.0,9.0,10.0,12.0,15.0,inferred
Stoke-on-Trent,2021-05-10,2.0,4.0,6.0,6.0,7.0,8.0,9.0,10.0,11.0,11.0,12.0,14.0,17.5,inferred
Stoke-on-Trent,2021-05-11,2.0,4.0,5.0,6.0,6.0,7.0,8.0,9.0,10.0,11.0,12.0,14.0,17.0,inferred
Stoke-on-Trent,2021-05-12,2.5,4.0,6.0,6.0,7.0,7.0,8.0,9.0,11.0,11.0,12.0,14.0,18.0,inferred
Stoke-on-Trent,2021-05-13,2.0,3.0,5.0,5.0,6.0,6.0,7.0,8.0,9.0,10.0,11.0,13.0,15.0,inferred
Stoke-on-Trent,2021-05-14,1.0,3.0,4.0,4.0,5.0,6.0,6.0,7.0,8.0,9.0,9.0,11.0,14.0,inferred
Stoke-on-Trent,2021-05-15,1.0,2.0,3.0,3.0,4.0,4.0,5.0,6.0,6.3,7.0,8.0,9.0,11.0,inferred
Stoke-on-Trent,2021-05-16,1.0,2.0,3.0,4.0,4.0,5.0,6.0,6.0,7.0,8.0,8.0,10.0,13.0,inferred
Stoke-on-Trent,2021-05-17,2.0,3.0,5.0,5.0,6.0,6.0,7.0,8.0,9.0,10.0,10.0,12.0,15.0,inferred
Stoke-on-Trent,2021-05-18,1.5,3.0,4.0,5.0,5.0,6.0,7.0,8.0,9.0,9.0,10.0,12.0,14.0,inferred
Stoke-on-Trent,2021-05-19,2.0,3.0,4.0,5.0,5.0,6.0,7.0,8.0,9.0,10.0,11.0,12.0,15.0,inferred
Stoke-on-Trent,2021-05-20,1.0,3.0,4.0,4.0,5.0,5.0,6.0,7.0,8.0,9.0,10.0,11.0,15.0,inferred
Stoke-on-Trent,2021-05-21,1.0,2.0,4.0,4.0,4.0,5.0,6.0,7.0,8.0,8.0,9.0,11.0,13.0,inferred
Stoke-on-Trent,2021-05-22,0.0,2.0,2.0,3.0,3.0,4.0,5.0,5.0,6.0,7.0,7.0,8.0,11.0,inferred
Stoke-on-Trent,2021-05-23,1.0,2.0,3.0,4.0,4.0,5.0,6.0,6.0,7.0,8.0,8.0,10.0,13.0,inferred
Stoke-on-Trent,2021-05-24,2.0,3.0,4.0,5.0,5.0,6.0,7.0,8.0,9.0,10.0,10.0,12.0,15.0,inferred
Stoke-on-Trent,2021-05-25,1.5,3.0,4.0,5.0,5.0,6.0,7.0,8.0,9.0,9.0,10.0,12.0,15.0,inferred
Stoke-on-Trent,2021-05-26,2.0,4.0,5.0,5.0,6.0,7.0,8.0,9.0,10.0,10.0,11.0,13.0,16.0,inferred
Stoke-on-Trent,2021-05-27,2.0,3.0,4.0,5.0,5.0,6.0,7.0,8.0,9.0,9.0,10.0,12.0,15.0,inferred
Stoke-on-Trent,2021-05-28,2.0,3.0,4.0,5.0,5.0,6.0,7.0,8.0,9.0,9.0,10.0,12.0,15.0,inferred
Stoke-on-Trent,2021-05-29,1.0,2.0,3.0,4.0,4.0,5.0,6.0,6.0,7.0,8.0,8.0,10.0,13.0,inferred
Stoke-on-Trent,2021-05-30,2.0,3.0,4.0,5.0,5.0,6.0,7.0,8.0,9.0,9.0,10.0,12.0,15.0,inferred
Stoke-on-Trent,2021-05-31,3.0,5.0,6.0,7.0,7.0,8.0,9.0,10.0,11.0,12.0,13.0,15.0,19.0,inferred
Stoke-on-Trent,2021-06-01,3.0,5.0,7.0,7.0,8.0,9.0,10.0,11.0,12.0,12.0,13.0,15.0,19.0,inferred
Stoke-on-Trent,2021-06-02,4.0,6.0,8.0,9.0,9.0,10.0,12.0,13.0,14.0,15.0,16.0,18.0,22.0,inferred
Stoke-on-Trent,2021-06-03,4.0,7.0,8.0,9.0,9.0,10.0,11.0,13.0,14.0,15.0,15.0,18.0,22.0,inferred
Stoke-on-Trent,2021-06-04,5.0,7.0,8.0,9.0,9.0,10.0,12.0,13.0,14.0,15.0,15.0,18.0,22.0,inferred
Stoke-on-Trent,2021-06-05,3.0,5.0,7.0,7.0,8.0,9.0,10.0,11.0,12.0,13.0,14.0,16.0,19.0,inferred
Stoke-on-Trent,2021-06-06,6.0,8.0,10.0,10.0,11.0,12.0,13.0,15.0,16.0,17.0,17.0,20.0,25.0,inferred
Stoke-on-Trent,2021-06-07,10.0,13.0,15.0,15.0,16.0,18.0,19.0,21.0,22.0,23.0,24.0,27.0,31.0,inferred
Stoke-on-Trent,2021-06-08,11.0,13.0,16.0,17.0,17.0,19.0,20.0,22.0,23.3,24.0,26.0,29.0,33.0,inferred
Stoke-on-Trent,2021-06-09,12.0,16.0,19.0,19.0,20.0,22.0,24.0,25.0,27.0,28.0,29.0,32.0,38.0,inferred
Stoke-on-Trent,2021-06-10,12.0,16.0,18.0,19.0,20.0,21.0,23.0,25.0,26.0,28.0,29.0,32.0,37.0,inferred
Stoke-on-Trent,2021-06-11,12.0,15.0,18.0,19.0,20.0,21.0,23.0,24.0,26.0,27.0,28.0,31.0,35.0,inferred
Stoke-on-Trent,2021-06-12,10.0,13.0,15.0,16.0,17.0,18.0,20.0,21.0,23.0,24.0,24.0,27.0,32.0,inferred
Stoke-on-Trent,2021-06-13,13.0,17.0,20.0,21.0,21.0,23.0,25.0,26.0,28.0,29.0,30.0,33.0,39.0,inferred
Stoke-on-Trent,2021-06-14,21.0,25.0,28.0,29.0,30.0,33.0,34.0,36.4,38.0,40.0,41.0,45.0,52.0,inferred
Stoke-on-Trent,2021-06-15,22.0,26.0,29.0,31.0,32.0,34.0,35.0,37.0,40.0,41.0,42.0,46.0,52.0,inferred
Stoke-on-Trent,2021-06-16,27.0,31.0,34.0,35.0,37.0,39.0,41.0,43.0,46.0,47.0,49.0,53.0,59.0,inferred
Stoke-on-Trent,2021-06-17,24.0,30.0,33.0,34.0,35.0,38.0,40.0,43.0,45.0,46.0,48.0,52.0,59.0,inferred
Stoke-on-Trent,2021-06-18,23.0,28.0,32.0,34.0,35.0,37.0,39.0,42.0,44.0,46.0,47.0,52.0,60.0,inferred
Stratford-on-Avon,2021-03-06,3.0,4.0,5.0,6.0,6.0,7.0,8.0,9.0,10.0,10.0,11.0,12.0,15.0,inferred
Stratford-on-Avon,2021-03-07,4.0,6.0,7.0,8.0,8.0,9.0,10.0,11.0,12.0,12.0,13.0,15.0,18.0,inferred
Stratford-on-Avon,2021-03-08,7.0,9.0,10.0,11.0,12.0,13.0,14.0,15.0,16.0,17.0,17.0,19.0,22.0,inferred
Stratford-on-Avon,2021-03-09,7.0,9.0,10.0,11.0,11.0,12.0,13.0,14.0,15.0,16.0,17.0,19.0,22.0,inferred
Stratford-on-Avon,2021-03-10,7.0,9.0,11.0,12.0,12.0,13.0,14.0,15.0,16.0,17.0,18.0,20.0,23.0,inferred
Stratford-on-Avon,2021-03-11,6.0,8.0,9.0,10.0,10.0,12.0,13.0,14.0,15.0,15.0,16.0,18.0,21.0,inferred
Stratford-on-Avon,2021-03-12,5.0,7.0,8.0,9.0,9.0,10.0,11.0,12.0,13.0,14.0,15.0,17.0,20.0,inferred
Stratford-on-Avon,2021-03-13,3.0,5.0,6.0,7.0,7.0,8.0,9.0,10.0,11.0,11.0,12.0,14.0,16.0,inferred
Stratford-on-Avon,2021-03-14,4.0,6.0,8.0,8.0,9.0,10.0,10.0,11.0,12.0,13.0,14.0,16.0,19.0,inferred
Stratford-on-Avon,2021-03-15,6.0,8.9,10.0,11.0,11.0,12.0,13.0,15.0,16.0,16.0,17.0,19.0,22.0,inferred
Stratford-on-Avon,2021-03-16,6.0,8.0,9.0,10.0,10.0,11.0,13.0,14.0,15.0,15.0,16.0,18.0,22.0,inferred
Stratford-on-Avon,2021-03-17,6.0,8.0,10.0,10.0,11.0,12.0,13.0,14.0,15.0,16.0,17.0,19.0,21.5,inferred
Stratford-on-Avon,2021-03-18,5.0,7.0,8.0,9.0,9.0,10.0,11.0,12.0,13.3,14.0,15.0,17.0,19.0,inferred
Stratford-on-Avon,2021-03-19,4.0,6.0,7.0,8.0,8.0,9.0,10.0,11.0,12.0,13.0,13.0,15.0,17.5,inferred
Stratford-on-Avon,2021-03-20,2.0,4.0,5.0,6.0,6.0,7.0,7.0,8.0,9.0,10.0,10.0,12.0,14.0,inferred
Stratford-on-Avon,2021-03-21,3.0,5.0,6.0,6.0,7.0,8.0,8.0,9.0,10.0,11.0,11.0,13.0,15.5,inferred
Stratford-on-Avon,2021-03-22,4.0,6.0,7.0,8.0,8.0,9.0,10.0,11.0,12.0,13.0,13.0,15.0,18.0,inferred
Stratford-on-Avon,2021-03-23,3.0,5.0,7.0,7.0,7.7,8.0,9.0,10.0,11.0,12.0,12.0,14.0,17.0,inferred
Stratford-on-Avon,2021-03-24,3.0,5.0,6.0,7.0,7.0,8.0,9.0,10.0,11.0,11.0,12.0,14.0,17.0,inferred
Stratford-on-Avon,2021-03-25,3.0,4.0,5.0,6.0,6.0,7.0,8.0,9.0,10.0,10.0,11.0,12.0,15.0,inferred
Stratford-on-Avon,2021-03-26,2.0,3.0,4.0,5.0,5.0,6.0,6.0,7.0,8.0,9.0,9.0,11.0,13.0,inferred
Stratford-on-Avon,2021-03-27,1.0,2.0,3.0,3.0,4.0,4.0,5.0,6.0,6.0,7.0,7.0,9.0,11.0,inferred
Stratford-on-Avon,2021-03-28,1.0,2.0,3.0,4.0,4.0,5.0,6.0,6.0,7.0,7.0,8.0,9.0,12.0,inferred
Stratford-on-Avon,2021-03-29,2.0,3.0,4.0,5.0,5.0,6.0,7.0,7.0,8.0,9.0,9.0,11.0,14.0,inferred
Stratford-on-Avon,2021-03-30,2.0,3.0,4.0,4.0,5.0,6.0,6.0,7.0,8.0,8.0,9.0,10.0,12.0,inferred
Stratford-on-Avon,2021-03-31,2.0,3.0,4.0,4.0,5.0,6.0,6.0,7.0,8.0,8.0,9.0,10.0,13.0,inferred
Stratford-on-Avon,2021-04-01,1.0,2.0,3.0,4.0,4.0,5.0,5.0,6.0,7.0,7.0,8.0,9.0,11.0,inferred
Stratford-on-Avon,2021-04-02,1.0,2.0,3.0,3.0,3.0,4.0,4.0,5.0,6.0,6.0,7.0,8.0,10.0,inferred
Stratford-on-Avon,2021-04-03,0.0,1.0,2.0,2.0,2.0,3.0,3.0,4.0,5.0,5.0,5.0,7.0,9.0,inferred
Stratford-on-Avon,2021-04-04,0.0,1.0,2.0,2.0,3.0,3.0,4.0,4.0,5.0,5.0,6.0,7.0,9.0,inferred
Stratford-on-Avon,2021-04-05,1.0,2.0,3.0,3.0,3.0,4.0,5.0,5.0,6.0,6.0,7.0,8.0,10.0,inferred
Stratford-on-Avon,2021-04-06,0.0,1.0,2.0,3.0,3.0,3.6,4.0,5.0,5.0,6.0,6.0,7.1,10.0,inferred
Stratford-on-Avon,2021-04-07,0.0,1.0,2.0,2.0,3.0,3.0,4.0,5.0,5.0,6.0,6.0,7.0,10.0,inferred
Stratford-on-Avon,2021-04-08,0.0,1.0,2.0,2.0,2.0,3.0,3.0,4.0,4.0,5.0,5.0,6.0,8.0,inferred
Stratford-on-Avon,2021-04-09,0.0,0.9,1.0,1.0,2.0,2.0,3.0,3.0,4.0,4.0,4.0,5.0,7.0,inferred
Stratford-on-Avon,2021-04-10,0.0,0.0,1.0,1.0,1.0,1.0,2.0,2.0,3.0,3.0,3.0,4.0,6.0,inferred
Stratford-on-Avon,2021-04-11,0.0,0.0,1.0,1.0,1.0,2.0,2.0,3.0,3.0,3.0,4.0,4.0,6.0,inferred
Stratford-on-Avon,2021-04-12,0.0,1.0,1.0,1.0,2.0,2.0,3.0,3.0,4.0,4.0,4.0,5.1,7.0,inferred
Stratford-on-Avon,2021-04-13,0.0,0.0,1.0,1.0,1.0,2.0,2.0,3.0,3.0,3.0,4.0,5.0,6.0,inferred
Stratford-on-Avon,2021-04-14,0.0,0.0,1.0,1.0,1.0,2.0,2.0,3.0,3.0,3.0,4.0,5.0,6.0,inferred
Stratford-on-Avon,2021-04-15,0.0,0.0,1.0,1.0,1.0,2.0,2.0,2.0,3.0,3.0,3.0,4.0,6.0,inferred
Stratford-on-Avon,2021-04-16,0.0,0.0,1.0,1.0,1.0,1.0,2.0,2.0,2.0,3.0,3.0,4.0,5.0,inferred
Stratford-on-Avon,2021-04-17,0.0,0.0,0.0,0.0,1.0,1.0,1.0,2.0,2.0,2.0,2.0,3.0,4.0,inferred
Stratford-on-Avon,2021-04-18,0.0,0.0,0.0,1.0,1.0,1.0,1.0,2.0,2.0,2.0,3.0,3.0,5.0,inferred
Stratford-on-Avon,2021-04-19,0.0,0.0,1.0,1.0,1.0,1.0,2.0,2.0,3.0,3.0,3.0,4.0,6.0,inferred
Stratford-on-Avon,2021-04-20,0.0,0.0,1.0,1.0,1.0,1.0,2.0,2.0,2.0,3.0,3.0,4.0,5.0,inferred
Stratford-on-Avon,2021-04-21,0.0,0.0,1.0,1.0,1.0,1.0,2.0,2.0,3.0,3.0,3.0,4.0,6.0,inferred
Stratford-on-Avon,2021-04-22,0.0,0.0,1.0,1.0,1.0,1.0,2.0,2.0,2.0,3.0,3.0,4.0,5.0,inferred
Stratford-on-Avon,2021-04-23,0.0,0.0,0.0,1.0,1.0,1.0,1.0,2.0,2.0,2.0,3.0,4.0,5.0,inferred
Stratford-on-Avon,2021-04-24,0.0,0.0,0.0,0.0,0.0,1.0,1.0,1.0,2.0,2.0,2.0,3.0,4.0,inferred
Stratford-on-Avon,2021-04-25,0.0,0.0,0.0,0.0,1.0,1.0,1.0,2.0,2.0,2.0,3.0,3.0,5.0,inferred
Stratford-on-Avon,2021-04-26,0.0,0.0,1.0,1.0,1.0,1.0,2.0,2.0,3.0,3.0,3.0,4.0,6.0,inferred
Stratford-on-Avon,2021-04-27,0.0,0.0,1.0,1.0,1.0,1.0,2.0,2.0,2.0,3.0,3.0,4.0,6.0,inferred
Stratford-on-Avon,2021-04-28,0.0,0.0,1.0,1.0,1.0,1.0,2.0,2.0,3.0,3.0,3.0,4.0,6.0,inferred
Stratford-on-Avon,2021-04-29,0.0,0.0,1.0,1.0,1.0,1.0,2.0,2.0,2.0,3.0,3.0,4.0,5.0,inferred
Stratford-on-Avon,2021-04-30,0.0,0.0,0.0,1.0,1.0,1.0,1.0,2.0,2.0,3.0,3.0,4.0,5.0,inferred
Stratford-on-Avon,2021-05-01,0.0,0.0,0.0,0.0,0.0,1.0,1.0,1.0,2.0,2.0,2.0,3.0,5.0,inferred
Stratford-on-Avon,2021-05-02,0.0,0.0,0.0,0.8,1.0,1.0,1.0,2.0,2.0,2.0,3.0,3.0,5.0,inferred
Stratford-on-Avon,2021-05-03,0.0,0.0,1.0,1.0,1.0,1.0,2.0,2.0,3.0,3.0,3.0,4.0,6.0,inferred
Stratford-on-Avon,2021-05-04,0.0,0.0,1.0,1.0,1.0,1.0,2.0,2.0,3.0,3.0,3.0,4.0,6.0,inferred
Stratford-on-Avon,2021-05-05,0.0,0.0,1.0,1.0,1.0,1.0,2.0,2.0,3.0,3.0,3.0,4.0,6.0,inferred
Stratford-on-Avon,2021-05-06,0.0,0.0,1.0,1.0,1.0,1.0,2.0,2.0,2.0,3.0,3.0,4.0,5.0,inferred
Stratford-on-Avon,2021-05-07,0.0,0.0,0.0,1.0,1.0,1.0,1.0,2.0,2.0,2.0,3.0,4.0,5.0,inferred
Stratford-on-Avon,2021-05-08,0.0,0.0,0.0,0.0,1.0,1.0,1.0,1.0,2.0,2.0,2.0,3.0,4.0,inferred
Stratford-on-Avon,2021-05-09,0.0,0.0,0.0,0.0,1.0,1.0,1.0,2.0,2.0,2.0,3.0,3.0,4.0,inferred
Stratford-on-Avon,2021-05-10,0.0,0.0,0.8,1.0,1.0,1.0,2.0,2.0,2.0,3.0,3.0,4.0,5.0,inferred
Stratford-on-Avon,2021-05-11,0.0,0.0,1.0,1.0,1.0,1.0,2.0,2.0,2.0,3.0,3.0,4.0,5.0,inferred
Stratford-on-Avon,2021-05-12,0.0,0.0,1.0,1.0,1.0,1.0,2.0,2.0,3.0,3.0,3.0,4.0,5.0,inferred
Stratford-on-Avon,2021-05-13,0.0,0.0,0.0,1.0,1.0,1.0,1.0,2.0,2.0,2.0,3.0,4.0,5.0,inferred
Stratford-on-Avon,2021-05-14,0.0,0.0,0.0,0.8,1.0,1.0,1.0,2.0,2.0,2.0,3.0,3.0,5.0,inferred
Stratford-on-Avon,2021-05-15,0.0,0.0,0.0,0.0,0.0,1.0,1.0,1.0,2.0,2.0,2.0,3.0,4.0,inferred
Stratford-on-Avon,2021-05-16,0.0,0.0,0.0,0.0,1.0,1.0,1.0,2.0,2.0,2.0,2.0,3.0,5.0,inferred
Stratford-on-Avon,2021-05-17,0.0,0.0,1.0,1.0,1.0,1.0,2.0,2.0,2.0,3.0,3.0,4.0,5.0,inferred
Stratford-on-Avon,2021-05-18,0.0,0.0,1.0,1.0,1.0,1.0,2.0,2.0,2.0,3.0,3.0,4.0,6.0,inferred
Stratford-on-Avon,2021-05-19,0.0,0.0,1.0,1.0,1.0,1.0,2.0,2.0,3.0,3.0,3.0,4.0,6.0,inferred
Stratford-on-Avon,2021-05-20,0.0,0.0,1.0,1.0,1.0,1.0,2.0,2.0,3.0,3.0,3.0,4.0,6.0,inferred
Stratford-on-Avon,2021-05-21,0.0,0.0,1.0,1.0,1.0,1.0,2.0,2.0,3.0,3.0,3.0,4.0,6.0,inferred
Stratford-on-Avon,2021-05-22,0.0,0.0,0.0,0.0,1.0,1.0,1.0,2.0,2.0,2.0,3.0,3.0,5.0,inferred
Stratford-on-Avon,2021-05-23,0.0,0.0,1.0,1.0,1.0,1.0,2.0,2.0,2.0,3.0,3.0,4.0,5.0,inferred
Stratford-on-Avon,2021-05-24,0.0,0.0,1.0,1.0,1.0,2.0,2.0,2.0,3.0,3.0,4.0,4.0,6.0,inferred
Stratford-on-Avon,2021-05-25,0.0,0.0,1.0,1.0,1.0,2.0,2.0,3.0,3.0,3.0,4.0,5.0,6.0,inferred
Stratford-on-Avon,2021-05-26,0.0,0.0,1.0,1.0,2.0,2.0,2.0,3.0,3.0,4.0,4.0,5.0,7.0,inferred
Stratford-on-Avon,2021-05-27,0.0,0.0,1.0,1.0,1.0,2.0,2.0,3.0,3.0,4.0,4.0,5.0,6.0,inferred
Stratford-on-Avon,2021-05-28,0.0,0.0,1.0,1.0,1.0,2.0,2.0,3.0,3.0,3.0,4.0,5.0,6.0,inferred
Stratford-on-Avon,2021-05-29,0.0,0.0,1.0,1.0,1.0,1.0,2.0,2.0,3.0,3.0,3.0,4.0,6.0,inferred
Stratford-on-Avon,2021-05-30,0.0,0.0,1.0,1.0,1.0,2.0,2.0,3.0,3.0,3.0,4.0,5.0,7.0,inferred
Stratford-on-Avon,2021-05-31,0.0,1.0,2.0,2.0,2.0,3.0,3.0,4.0,4.0,5.0,5.0,6.0,8.0,inferred
Stratford-on-Avon,2021-06-01,0.0,1.0,2.0,2.0,2.0,3.0,3.0,4.0,4.0,5.0,5.0,6.0,8.0,inferred
Stratford-on-Avon,2021-06-02,0.0,1.0,2.0,2.0,3.0,3.0,4.0,4.0,5.0,5.0,6.0,7.0,9.0,inferred
Stratford-on-Avon,2021-06-03,0.0,1.0,2.0,2.0,3.0,3.0,4.0,4.0,5.0,5.0,6.0,7.0,9.0,inferred
Stratford-on-Avon,2021-06-04,0.0,1.0,2.0,2.0,3.0,3.0,4.0,4.0,5.0,5.0,6.0,7.0,9.0,inferred
Stratford-on-Avon,2021-06-05,0.0,1.0,2.0,2.0,2.0,3.0,3.0,4.0,4.0,5.0,5.0,6.0,8.0,inferred
Stratford-on-Avon,2021-06-06,1.0,2.0,2.0,3.0,3.0,3.0,4.0,5.0,5.0,6.0,6.0,7.0,10.0,inferred
Stratford-on-Avon,2021-06-07,1.0,3.0,4.0,4.0,4.0,5.0,6.0,6.0,7.0,8.0,8.0,10.0,12.0,inferred
Stratford-on-Avon,2021-06-08,1.0,3.0,4.0,4.0,4.0,5.0,6.0,7.0,8.0,8.0,9.0,10.0,13.0,inferred
Stratford-on-Avon,2021-06-09,2.0,4.0,5.0,5.0,6.0,6.0,7.0,8.0,9.0,9.0,10.0,11.0,14.0,inferred
Stratford-on-Avon,2021-06-10,2.0,4.0,5.0,5.0,6.0,6.0,7.0,8.0,9.0,9.0,10.0,11.0,14.0,inferred
Stratford-on-Avon,2021-06-11,2.0,4.0,5.0,5.0,6.0,6.0,7.0,8.0,9.0,9.0,10.0,11.0,14.0,inferred
Stratford-on-Avon,2021-06-12,1.0,3.0,4.0,4.0,5.0,5.0,6.0,6.0,7.0,8.0,8.0,10.0,12.0,inferred
Stratford-on-Avon,2021-06-13,2.0,4.0,5.0,5.0,6.0,7.0,7.0,8.0,9.0,10.0,10.0,12.0,15.0,inferred
Stratford-on-Avon,2021-06-14,4.0,6.0,7.0,8.0,8.0,9.0,10.0,11.0,12.0,13.0,14.0,15.1,19.0,inferred
Stratford-on-Avon,2021-06-15,4.0,6.0,8.0,8.0,9.0,10.0,11.0,12.0,13.0,13.0,14.0,16.0,20.0,inferred
Stratford-on-Avon,2021-06-16,6.0,8.0,9.0,10.0,10.0,11.0,12.0,14.0,15.0,15.0,16.0,18.0,21.0,inferred
Stratford-on-Avon,2021-06-17,5.0,8.0,9.0,9.0,10.0,11.0,12.0,13.0,14.0,15.0,16.0,18.0,21.0,inferred
Stratford-on-Avon,2021-06-18,5.0,7.0,9.0,9.0,10.0,11.0,12.0,13.0,14.0,15.0,16.0,18.0,21.0,inferred
Stroud,2021-03-06,0.0,1.0,2.0,2.0,3.0,3.0,4.0,5.0,5.0,6.0,6.0,7.0,10.0,inferred
Stroud,2021-03-07,1.0,2.0,3.0,3.0,4.0,4.0,5.0,6.0,6.0,7.0,7.0,9.0,11.0,inferred
Stroud,2021-03-08,1.0,3.0,4.0,4.0,5.0,5.0,6.0,7.0,8.0,8.0,9.0,11.0,13.0,inferred
Stroud,2021-03-09,1.0,2.0,3.0,3.0,4.0,4.0,5.0,6.0,6.3,7.0,8.0,9.0,12.0,inferred
Stroud,2021-03-10,1.0,2.0,4.0,4.0,4.0,5.0,6.0,7.0,7.0,8.0,8.0,10.0,13.0,inferred
Stroud,2021-03-11,1.0,2.0,3.0,4.0,4.0,5.0,5.0,6.0,7.0,7.0,8.0,9.0,12.0,inferred
Stroud,2021-03-12,0.0,1.0,2.0,3.0,3.0,4.0,4.0,5.0,6.0,6.0,7.0,8.0,10.0,inferred
Stroud,2021-03-13,0.0,1.0,1.0,2.0,2.0,2.0,3.0,4.0,4.0,5.0,5.0,6.0,8.0,inferred
Stroud,2021-03-14,0.0,1.0,2.0,2.0,3.0,3.0,4.0,5.0,5.0,6.0,6.0,7.0,10.0,inferred
Stroud,2021-03-15,1.0,2.0,3.0,3.0,3.0,4.0,5.0,5.0,6.0,7.0,7.0,9.0,12.0,inferred
Stroud,2021-03-16,0.0,1.0,2.0,2.0,3.0,3.0,4.0,4.0,5.0,6.0,6.0,7.0,10.0,inferred
Stroud,2021-03-17,1.0,2.0,2.0,3.0,3.0,4.0,4.0,5.0,6.0,6.0,7.0,8.0,11.0,inferred
Stroud,2021-03-18,0.0,1.0,2.0,2.0,3.0,3.0,4.0,5.0,5.0,6.0,6.0,8.0,10.0,inferred
Stroud,2021-03-19,0.0,1.0,1.0,2.0,2.0,3.0,3.0,4.0,4.0,5.0,5.0,7.0,8.5,inferred
Stroud,2021-03-20,0.0,0.0,1.0,1.0,1.0,2.0,2.0,3.0,3.0,3.0,4.0,5.0,7.0,inferred
Stroud,2021-03-21,0.0,1.0,1.0,2.0,2.0,2.0,3.0,4.0,4.0,4.0,5.0,6.0,8.0,inferred
Stroud,2021-03-22,0.0,1.0,2.0,2.0,2.0,3.0,4.0,4.0,5.0,5.0,6.0,7.0,10.0,inferred
Stroud,2021-03-23,0.0,1.0,1.0,2.0,2.0,2.0,3.0,3.0,4.0,4.0,5.0,6.0,9.0,inferred
Stroud,2021-03-24,0.0,1.0,2.0,2.0,2.0,3.0,3.0,4.0,5.0,5.0,5.0,7.0,9.0,inferred
Stroud,2021-03-25,0.0,1.0,1.0,1.0,2.0,2.0,3.0,3.0,4.0,4.0,5.0,6.0,8.0,inferred
Stroud,2021-03-26,0.0,0.0,1.0,1.0,1.0,2.0,2.0,3.0,3.0,4.0,4.0,5.0,8.0,inferred
Stroud,2021-03-27,0.0,0.0,0.0,1.0,1.0,1.0,1.0,2.0,2.0,3.0,3.0,4.0,6.0,inferred
Stroud,2021-03-28,0.0,0.0,1.0,1.0,1.0,1.0,2.0,2.0,3.0,3.0,4.0,5.0,7.0,inferred
Stroud,2021-03-29,0.0,0.0,1.0,1.0,1.0,2.0,2.0,3.0,3.0,4.0,4.0,5.0,7.0,inferred
Stroud,2021-03-30,0.0,0.0,1.0,1.0,1.0,1.0,2.0,2.0,3.0,3.0,3.0,4.0,6.0,inferred
Stroud,2021-03-31,0.0,0.0,1.0,1.0,1.0,2.0,2.0,2.0,3.0,3.0,4.0,5.0,7.0,inferred
Stroud,2021-04-01,0.0,0.0,1.0,1.0,1.0,1.0,2.0,2.0,3.0,3.0,3.0,4.0,6.0,inferred
Stroud,2021-04-02,0.0,0.0,0.0,0.0,0.0,1.0,1.0,2.0,2.0,2.0,2.0,3.0,5.0,inferred
Stroud,2021-04-03,0.0,0.0,0.0,0.0,0.0,0.0,1.0,1.0,1.0,2.0,2.0,3.0,4.0,inferred
Stroud,2021-04-04,0.0,0.0,0.0,0.0,0.0,1.0,1.0,1.0,2.0,2.0,2.0,3.0,5.0,inferred
Stroud,2021-04-05,0.0,0.0,0.0,0.0,1.0,1.0,1.0,2.0,2.0,2.0,3.0,4.0,5.0,inferred
Stroud,2021-04-06,0.0,0.0,0.0,0.0,0.0,1.0,1.0,1.0,2.0,2.0,2.0,3.0,5.0,inferred
Stroud,2021-04-07,0.0,0.0,0.0,0.0,0.0,1.0,1.0,1.0,2.0,2.0,2.0,3.0,5.0,inferred
Stroud,2021-04-08,0.0,0.0,0.0,0.0,0.0,1.0,1.0,1.4,2.0,2.0,2.0,3.0,5.0,inferred
Stroud,2021-04-09,0.0,0.0,0.0,0.0,0.0,0.0,1.0,1.0,2.0,2.0,2.0,3.0,4.0,inferred
Stroud,2021-04-10,0.0,0.0,0.0,0.0,0.0,0.0,1.0,1.0,1.0,1.0,2.0,2.0,4.0,inferred
Stroud,2021-04-11,0.0,0.0,0.0,0.0,0.0,1.0,1.0,1.0,2.0,2.0,2.0,3.0,5.0,inferred
Stroud,2021-04-12,0.0,0.0,0.0,0.0,1.0,1.0,1.0,2.0,2.0,2.0,3.0,4.0,5.0,inferred
Stroud,2021-04-13,0.0,0.0,0.0,0.0,0.0,1.0,1.0,1.0,2.0,2.0,2.0,3.0,5.0,inferred
Stroud,2021-04-14,0.0,0.0,0.0,0.0,1.0,1.0,1.0,2.0,2.0,2.0,3.0,4.0,5.5,inferred
Stroud,2021-04-15,0.0,0.0,0.0,0.0,1.0,1.0,1.0,2.0,2.0,2.0,3.0,4.0,6.0,inferred
Stroud,2021-04-16,0.0,0.0,0.0,0.0,0.0,1.0,1.0,1.0,2.0,2.0,2.0,3.0,5.0,inferred
Stroud,2021-04-17,0.0,0.0,0.0,0.0,0.0,0.0,1.0,1.0,1.0,2.0,2.0,3.0,4.0,inferred
Stroud,2021-04-18,0.0,0.0,0.0,0.0,1.0,1.0,1.0,2.0,2.0,2.0,3.0,4.0,5.0,inferred
Stroud,2021-04-19,0.0,0.0,0.0,1.0,1.0,1.0,2.0,2.0,3.0,3.0,3.0,5.0,7.0,inferred
Stroud,2021-04-20,0.0,0.0,0.0,0.0,1.0,1.0,1.0,2.0,2.0,3.0,3.0,4.0,6.0,inferred
Stroud,2021-04-21,0.0,0.0,0.0,1.0,1.0,1.0,2.0,2.0,3.0,3.0,3.0,4.0,6.5,inferred
Stroud,2021-04-22,0.0,0.0,0.0,1.0,1.0,1.0,2.0,2.0,2.0,3.0,3.0,4.0,7.0,inferred
Stroud,2021-04-23,0.0,0.0,0.0,0.0,1.0,1.0,1.0,2.0,2.0,3.0,3.0,4.0,6.0,inferred
Stroud,2021-04-24,0.0,0.0,0.0,0.0,0.0,1.0,1.0,1.0,2.0,2.0,2.0,3.0,5.0,inferred
Stroud,2021-04-25,0.0,0.0,0.0,0.0,1.0,1.0,1.0,2.0,2.0,3.0,3.0,4.0,6.0,inferred
Stroud,2021-04-26,0.0,0.0,1.0,1.0,1.0,1.0,2.0,2.0,3.0,3.0,3.0,5.0,7.0,inferred
Stroud,2021-04-27,0.0,0.0,0.0,1.0,1.0,1.0,2.0,2.0,2.0,3.0,3.0,4.0,6.0,inferred
Stroud,2021-04-28,0.0,0.0,1.0,1.0,1.0,2.0,2.0,2.0,3.0,3.0,4.0,5.0,7.0,inferred
Stroud,2021-04-29,0.0,0.0,1.0,1.0,1.0,1.0,2.0,2.0,3.0,3.0,3.0,4.0,6.0,inferred
Stroud,2021-04-30,0.0,0.0,0.0,1.0,1.0,1.0,2.0,2.0,3.0,3.0,3.0,4.0,6.0,inferred
Stroud,2021-05-01,0.0,0.0,0.0,0.0,0.0,1.0,1.0,1.0,2.0,2.0,2.0,3.0,5.0,inferred
Stroud,2021-05-02,0.0,0.0,0.0,1.0,1.0,1.0,2.0,2.0,2.0,3.0,3.0,4.0,6.0,inferred
Stroud,2021-05-03,0.0,0.0,1.0,1.0,1.0,2.0,2.0,3.0,3.0,3.0,4.0,5.0,7.0,inferred
Stroud,2021-05-04,0.0,0.0,1.0,1.0,1.0,1.0,2.0,2.0,3.0,3.0,3.0,4.0,6.0,inferred
Stroud,2021-05-05,0.0,0.0,1.0,1.0,1.0,2.0,2.0,3.0,3.0,3.0,4.0,5.0,7.0,inferred
Stroud,2021-05-06,0.0,0.0,1.0,1.0,1.0,1.0,2.0,2.0,3.0,3.0,4.0,5.0,6.0,inferred
Stroud,2021-05-07,0.0,0.0,0.0,1.0,1.0,1.0,2.0,2.0,3.0,3.0,3.0,4.0,6.0,inferred
Stroud,2021-05-08,0.0,0.0,0.0,0.0,1.0,1.0,1.0,2.0,2.0,2.0,3.0,4.0,5.0,inferred
Stroud,2021-05-09,0.0,0.0,1.0,1.0,1.0,1.0,2.0,2.0,3.0,3.0,4.0,5.0,6.0,inferred
Stroud,2021-05-10,0.0,0.0,1.0,1.0,1.0,2.0,2.0,3.0,3.0,4.0,4.0,5.0,7.0,inferred
Stroud,2021-05-11,0.0,0.0,1.0,1.0,1.0,1.0,2.0,3.0,3.0,3.0,4.0,5.0,7.0,inferred
Stroud,2021-05-12,0.0,0.0,1.0,1.0,1.0,2.0,2.0,3.0,3.0,4.0,4.0,5.0,8.0,inferred
Stroud,2021-05-13,0.0,0.0,1.0,1.0,1.0,2.0,2.0,3.0,3.0,4.0,4.0,5.0,7.0,inferred
Stroud,2021-05-14,0.0,0.0,0.0,1.0,1.0,1.0,2.0,2.0,3.0,3.0,3.0,4.0,6.0,inferred
Stroud,2021-05-15,0.0,0.0,0.0,0.0,0.0,1.0,1.0,1.0,2.0,2.0,2.0,3.0,5.0,inferred
Stroud,2021-05-16,0.0,0.0,0.0,1.0,1.0,1.0,1.0,2.0,2.0,3.0,3.0,4.0,6.0,inferred
Stroud,2021-05-17,0.0,0.0,1.0,1.0,1.0,1.0,2.0,2.0,3.0,3.0,3.0,4.0,6.0,inferred
Stroud,2021-05-18,0.0,0.0,0.0,1.0,1.0,1.0,1.0,2.0,2.0,3.0,3.0,4.0,6.0,inferred
Stroud,2021-05-19,0.0,0.0,0.0,1.0,1.0,1.0,2.0,2.0,3.0,3.0,3.0,4.0,6.5,inferred
Stroud,2021-05-20,0.0,0.0,0.0,1.0,1.0,1.0,2.0,2.0,3.0,3.0,3.0,4.0,6.0,inferred
Stroud,2021-05-21,0.0,0.0,0.0,0.0,0.0,1.0,1.0,2.0,2.0,2.0,3.0,3.0,5.0,inferred
Stroud,2021-05-22,0.0,0.0,0.0,0.0,0.0,0.0,1.0,1.0,1.3,2.0,2.0,3.0,5.0,inferred
Stroud,2021-05-23,0.0,0.0,0.0,0.0,1.0,1.0,1.0,2.0,2.0,2.0,3.0,3.0,5.0,inferred
Stroud,2021-05-24,0.0,0.0,0.0,1.0,1.0,1.0,1.0,2.0,2.0,3.0,3.0,4.0,6.0,inferred
Stroud,2021-05-25,0.0,0.0,0.0,0.0,1.0,1.0,1.0,2.0,2.0,2.0,3.0,4.0,6.0,inferred
Stroud,2021-05-26,0.0,0.0,0.0,1.0,1.0,1.0,2.0,2.0,3.0,3.0,3.0,4.0,6.0,inferred
Stroud,2021-05-27,0.0,0.0,1.0,1.0,1.0,1.0,2.0,2.0,3.0,3.0,3.0,4.0,6.0,inferred
Stroud,2021-05-28,0.0,0.0,0.0,1.0,1.0,1.0,1.0,2.0,2.0,3.0,3.0,4.0,6.0,inferred
Stroud,2021-05-29,0.0,0.0,0.0,0.0,1.0,1.0,1.0,1.0,2.0,2.0,3.0,3.0,5.0,inferred
Stroud,2021-05-30,0.0,0.0,1.0,1.0,1.0,1.0,2.0,2.0,3.0,3.0,4.0,5.0,6.0,inferred
Stroud,2021-05-31,0.0,0.0,1.0,1.0,2.0,2.0,3.0,3.0,4.0,4.0,5.0,6.0,8.0,inferred
Stroud,2021-06-01,0.0,1.0,1.0,1.0,1.7,2.0,3.0,3.0,4.0,4.0,4.0,5.0,8.0,inferred
Stroud,2021-06-02,0.0,1.0,2.0,2.0,2.0,3.0,3.0,4.0,5.0,5.0,6.0,7.0,9.0,inferred
Stroud,2021-06-03,0.0,1.0,2.0,2.0,2.0,3.0,3.0,4.0,5.0,5.0,6.0,7.0,10.0,inferred
Stroud,2021-06-04,0.0,1.0,2.0,2.0,2.0,3.0,3.0,4.0,5.0,5.0,6.0,7.0,9.0,inferred
Stroud,2021-06-05,0.0,1.0,1.0,1.0,2.0,2.0,3.0,3.0,4.0,4.0,5.0,6.0,8.0,inferred
Stroud,2021-06-06,1.0,1.0,2.0,3.0,3.0,4.0,4.0,5.0,6.0,6.0,7.0,8.0,11.0,inferred
Stroud,2021-06-07,1.0,3.0,4.0,4.0,4.0,5.0,6.0,7.0,8.0,8.0,9.0,10.0,13.0,inferred
Stroud,2021-06-08,1.0,2.0,3.0,4.0,4.0,5.0,6.0,6.0,7.0,8.0,8.0,10.0,13.0,inferred
Stroud,2021-06-09,2.0,3.9,5.0,5.0,6.0,6.0,7.0,8.0,9.0,10.0,10.0,12.0,15.0,inferred
Stroud,2021-06-10,2.0,4.0,5.0,5.0,6.0,7.0,8.0,8.0,10.0,10.0,11.0,13.0,16.0,inferred
Stroud,2021-06-11,2.0,4.0,5.0,5.0,6.0,6.0,7.0,8.0,9.0,9.0,10.0,12.0,15.0,inferred
Stroud,2021-06-12,1.0,2.0,4.0,4.0,4.0,5.0,6.0,6.0,7.0,8.0,8.0,10.0,13.0,inferred
Stroud,2021-06-13,3.0,5.0,6.0,6.0,7.0,8.0,9.0,10.0,11.0,12.0,12.0,14.0,17.0,inferred
Stroud,2021-06-14,5.0,7.0,9.0,9.0,10.0,11.0,12.0,13.0,14.0,15.0,15.0,18.0,22.0,inferred
Stroud,2021-06-15,5.0,6.0,8.0,9.0,9.0,10.0,11.0,12.0,14.0,14.0,15.0,17.0,21.0,inferred
Stroud,2021-06-16,7.0,9.0,11.0,11.0,12.0,13.0,14.0,16.0,17.0,18.0,19.0,22.0,26.0,inferred
Stroud,2021-06-17,7.0,9.0,11.0,12.0,12.0,14.0,15.0,16.0,18.0,19.0,20.0,22.0,27.0,inferred
Stroud,2021-06-18,5.0,8.0,10.0,11.0,11.0,13.0,14.0,15.0,17.0,18.0,19.0,21.1,27.0,inferred
Sunderland,2021-03-06,14.0,17.0,20.0,21.0,22.0,24.0,26.0,27.0,29.0,31.0,32.0,35.0,40.0,inferred
Sunderland,2021-03-07,16.0,20.0,23.0,24.0,25.0,27.0,29.0,31.0,33.0,35.0,36.0,39.0,45.0,inferred
Sunderland,2021-03-08,24.0,29.0,32.0,33.0,34.0,37.0,39.0,41.0,43.0,45.0,46.0,50.0,58.0,inferred
Sunderland,2021-03-09,22.0,27.0,30.0,31.0,33.0,35.0,37.0,39.0,42.0,43.0,44.0,48.0,53.5,inferred
Sunderland,2021-03-10,23.0,28.0,31.0,33.0,34.0,36.0,38.0,40.0,42.0,44.0,45.0,49.0,57.0,inferred
Sunderland,2021-03-11,21.0,25.0,29.0,30.0,31.0,33.0,36.0,38.0,40.0,42.0,43.0,46.0,54.0,inferred
Sunderland,2021-03-12,18.0,23.0,26.0,27.0,28.0,30.0,32.0,34.0,36.0,37.0,39.0,42.0,49.0,inferred
Sunderland,2021-03-13,14.0,18.0,21.0,22.0,23.0,25.0,27.0,28.0,30.0,32.0,33.0,37.0,43.0,inferred
Sunderland,2021-03-14,15.5,20.0,23.0,24.0,25.0,27.0,29.0,31.0,33.0,35.0,36.0,40.0,46.0,inferred
Sunderland,2021-03-15,22.0,26.0,30.0,31.0,32.0,35.0,37.0,39.0,42.0,43.0,45.0,50.0,56.0,inferred
Sunderland,2021-03-16,19.0,24.0,27.0,28.0,29.7,32.0,34.0,36.0,38.0,40.0,41.0,45.0,53.0,inferred
Sunderland,2021-03-17,19.0,24.0,28.0,29.0,30.0,32.0,34.0,36.0,39.0,40.0,42.0,46.0,52.0,inferred
Sunderland,2021-03-18,18.0,22.0,25.0,26.0,27.0,29.0,31.0,33.0,35.0,36.0,37.2,42.0,48.0,inferred
Sunderland,2021-03-19,15.0,19.0,22.0,23.0,24.0,25.0,27.0,29.0,32.0,33.0,34.0,38.0,43.0,inferred
Sunderland,2021-03-20,11.0,15.0,17.0,18.0,19.0,20.0,22.0,24.0,26.0,27.0,28.0,31.0,36.0,inferred
Sunderland,2021-03-21,12.0,15.0,18.0,19.0,20.0,22.0,23.0,25.0,27.0,28.0,30.0,33.0,39.0,inferred
Sunderland,2021-03-22,15.0,20.0,23.0,24.0,25.0,27.0,29.0,31.0,33.0,34.0,36.0,40.0,47.0,inferred
Sunderland,2021-03-23,13.0,17.0,20.0,21.0,22.0,24.0,26.0,28.0,30.0,31.0,33.0,37.0,43.0,inferred
Sunderland,2021-03-24,13.0,18.0,20.0,21.0,22.0,24.0,26.0,28.0,30.0,31.0,32.0,36.0,44.0,inferred
Sunderland,2021-03-25,11.0,15.0,18.0,19.0,20.0,21.0,23.0,25.0,27.0,28.0,29.0,33.0,39.0,inferred
Sunderland,2021-03-26,9.0,13.0,15.0,16.0,17.0,19.0,20.0,22.0,24.0,25.0,26.0,29.0,35.0,inferred
Sunderland,2021-03-27,7.0,9.0,11.0,12.0,13.0,14.0,16.0,17.0,19.0,20.0,21.0,23.0,28.5,inferred
Sunderland,2021-03-28,7.0,10.0,12.0,13.0,14.0,15.0,17.0,18.0,20.0,21.0,22.0,25.0,31.0,inferred
Sunderland,2021-03-29,10.0,13.0,16.0,17.0,18.0,19.0,21.0,22.0,24.0,25.0,26.0,29.0,35.0,inferred
Sunderland,2021-03-30,8.0,11.0,13.0,14.0,15.0,17.0,18.0,20.0,22.0,23.0,24.0,27.1,33.0,inferred
Sunderland,2021-03-31,7.0,11.0,13.0,14.0,15.0,16.0,18.0,19.0,21.0,22.0,23.0,26.0,30.0,inferred
Sunderland,2021-04-01,6.0,9.0,11.0,12.0,12.0,14.0,16.0,17.0,19.0,20.0,21.0,24.0,29.5,inferred
Sunderland,2021-04-02,5.0,7.0,9.0,10.0,10.0,12.0,13.0,14.0,16.0,17.0,18.0,20.0,25.0,inferred
Sunderland,2021-04-03,3.0,5.0,7.0,8.0,8.0,9.0,10.0,11.0,13.0,14.0,14.0,17.0,21.0,inferred
Sunderland,2021-04-04,3.0,6.0,7.0,8.0,8.0,9.0,11.0,12.0,13.0,14.0,15.0,17.0,22.0,inferred
Sunderland,2021-04-05,5.0,7.0,9.0,10.0,10.0,12.0,13.0,14.0,16.0,17.0,18.0,20.0,25.0,inferred
Sunderland,2021-04-06,4.0,6.0,8.0,9.0,9.0,10.0,12.0,13.0,14.0,15.0,16.0,19.0,23.0,inferred
Sunderland,2021-04-07,4.0,6.0,8.0,8.0,9.0,10.0,11.0,13.0,14.0,15.0,16.0,19.0,22.0,inferred
Sunderland,2021-04-08,3.0,5.0,6.0,7.0,8.0,9.0,10.0,11.0,12.0,13.0,14.0,16.0,21.0,inferred
Sunderland,2021-04-09,2.0,4.0,5.0,6.0,6.0,8.0,9.0,10.0,11.0,12.0,13.0,15.0,19.0,inferred
Sunderland,2021-04-10,1.0,3.0,4.0,4.0,5.0,6.0,7.0,7.0,9.0,9.0,10.0,12.0,16.0,inferred
Sunderland,2021-04-11,1.0,3.0,4.0,4.0,5.0,6.0,7.0,8.0,9.0,9.0,10.0,12.0,16.0,inferred
Sunderland,2021-04-12,2.0,4.0,5.0,6.0,6.0,8.0,9.0,10.0,11.0,11.0,12.0,14.0,18.0,inferred
Sunderland,2021-04-13,2.0,3.0,4.0,5.0,5.0,7.0,8.0,8.0,10.0,10.0,11.0,13.0,17.0,inferred
Sunderland,2021-04-14,2.0,3.0,5.0,5.0,6.0,7.0,8.0,9.0,10.0,10.0,11.0,14.0,18.0,inferred
Sunderland,2021-04-15,2.0,3.0,4.0,5.0,5.0,6.0,7.0,8.0,9.0,10.0,10.0,12.0,16.0,inferred
Sunderland,2021-04-16,1.0,2.0,3.0,4.0,4.0,5.0,6.0,7.0,8.0,9.0,9.0,11.0,15.0,inferred
Sunderland,2021-04-17,1.0,2.0,3.0,3.0,3.0,4.0,5.0,6.0,7.0,7.0,8.0,10.0,12.0,inferred
Sunderland,2021-04-18,1.0,2.0,3.0,3.0,4.0,4.0,5.0,6.0,7.0,8.0,8.0,10.0,15.0,inferred
Sunderland,2021-04-19,1.0,3.0,4.0,4.0,5.0,6.0,7.0,8.0,8.0,9.0,10.0,12.0,16.0,inferred
Sunderland,2021-04-20,1.0,2.0,3.0,4.0,4.0,5.0,6.0,7.0,8.0,9.0,9.0,11.0,15.0,inferred
Sunderland,2021-04-21,1.0,2.0,3.0,4.0,4.0,5.0,6.0,7.0,8.0,9.0,9.0,11.0,15.0,inferred
Sunderland,2021-04-22,1.0,2.0,3.0,3.0,4.0,5.0,6.0,6.0,7.0,8.0,9.0,11.0,14.0,inferred
Sunderland,2021-04-23,0.0,2.0,2.0,3.0,3.0,4.0,5.0,6.0,7.0,7.0,8.0,9.0,12.0,inferred
Sunderland,2021-04-24,0.0,1.0,2.0,2.0,3.0,3.0,4.0,5.0,6.0,6.0,7.0,8.0,11.0,inferred
Sunderland,2021-04-25,0.0,1.0,2.0,3.0,3.0,4.0,4.0,5.0,6.0,6.0,7.0,9.0,12.0,inferred
Sunderland,2021-04-26,1.0,2.0,3.0,3.0,4.0,5.0,5.0,6.0,7.0,8.0,9.0,11.0,15.0,inferred
Sunderland,2021-04-27,0.0,2.0,3.0,3.0,4.0,4.0,5.0,6.0,7.0,7.0,8.0,10.0,13.0,inferred
Sunderland,2021-04-28,1.0,2.0,3.0,3.0,3.0,4.0,5.0,6.0,7.0,7.0,8.0,9.0,13.0,inferred
Sunderland,2021-04-29,0.0,1.0,2.0,3.0,3.0,4.0,4.0,5.0,6.0,7.0,7.0,9.0,12.0,inferred
Sunderland,2021-04-30,0.0,1.0,2.0,2.0,3.0,3.0,4.0,5.0,5.0,6.0,7.0,8.0,11.0,inferred
Sunderland,2021-05-01,0.0,1.0,1.0,2.0,2.0,2.0,3.0,4.0,4.0,5.0,5.0,7.0,10.0,inferred
Sunderland,2021-05-02,0.0,1.0,1.0,2.0,2.0,3.0,3.0,4.0,5.0,5.0,6.0,7.0,10.0,inferred
Sunderland,2021-05-03,0.0,1.0,2.0,2.0,3.0,3.0,4.0,5.0,6.0,6.0,7.0,9.0,12.0,inferred
Sunderland,2021-05-04,0.0,1.0,2.0,2.0,2.0,3.0,4.0,4.0,5.0,6.0,6.0,8.0,11.0,inferred
Sunderland,2021-05-05,0.0,1.0,2.0,2.0,3.0,3.0,4.0,5.0,6.0,6.0,7.0,9.0,12.0,inferred
Sunderland,2021-05-06,0.0,1.0,2.0,2.0,2.0,3.0,4.0,5.0,6.0,6.0,7.0,8.1,11.0,inferred
Sunderland,2021-05-07,0.0,1.0,2.0,2.0,2.0,3.0,4.0,4.0,5.0,6.0,6.0,8.0,10.0,inferred
Sunderland,2021-05-08,0.0,1.0,1.0,1.0,2.0,2.0,3.0,4.0,4.0,5.0,5.0,7.0,10.0,inferred
Sunderland,2021-05-09,0.0,1.0,1.0,2.0,2.0,3.0,3.0,4.0,5.0,5.0,6.0,7.0,10.0,inferred
Sunderland,2021-05-10,0.0,1.0,2.0,3.0,3.0,4.0,5.0,5.0,6.0,7.0,7.0,9.0,12.0,inferred
Sunderland,2021-05-11,0.0,1.0,2.0,2.0,3.0,4.0,4.0,5.0,6.0,6.0,7.0,9.0,12.0,inferred
Sunderland,2021-05-12,0.0,1.0,2.0,3.0,3.0,4.0,4.0,5.0,6.0,7.0,7.0,9.0,13.0,inferred
Sunderland,2021-05-13,0.0,1.0,2.0,2.0,2.7,3.0,4.0,5.0,6.0,6.0,7.0,8.0,11.0,inferred
Sunderland,2021-05-14,0.0,1.0,2.0,2.0,2.0,3.0,4.0,4.0,5.0,6.0,6.0,8.0,11.0,inferred
Sunderland,2021-05-15,0.0,1.0,1.0,2.0,2.0,3.0,3.0,4.0,5.0,5.0,6.0,7.0,10.0,inferred
Sunderland,2021-05-16,0.0,1.0,2.0,2.0,2.0,3.0,4.0,4.0,5.0,6.0,6.0,8.0,11.0,inferred
Sunderland,2021-05-17,1.0,2.0,3.0,3.0,3.0,4.0,5.0,6.0,7.0,7.0,8.0,10.0,13.0,inferred
Sunderland,2021-05-18,0.5,2.0,3.0,3.0,3.0,4.0,5.0,6.0,7.0,7.0,8.0,9.0,12.0,inferred
Sunderland,2021-05-19,1.0,2.0,3.0,3.0,4.0,4.0,5.0,6.0,7.0,8.0,8.0,10.0,14.0,inferred
Sunderland,2021-05-20,0.0,2.0,3.0,3.0,4.0,4.0,5.0,6.0,7.0,8.0,8.0,10.0,14.0,inferred
Sunderland,2021-05-21,0.5,2.0,2.0,3.0,3.0,4.0,5.0,6.0,7.0,7.0,8.0,10.0,13.0,inferred
Sunderland,2021-05-22,0.0,1.0,2.0,2.0,3.0,3.0,4.0,5.0,6.0,6.0,7.0,9.0,11.0,inferred
Sunderland,2021-05-23,0.0,1.0,2.0,3.0,3.0,4.0,4.0,5.0,6.0,7.0,8.0,9.0,12.0,inferred
Sunderland,2021-05-24,1.0,3.0,4.0,4.0,5.0,5.0,6.0,7.0,8.0,9.0,10.0,11.0,15.0,inferred
Sunderland,2021-05-25,1.0,3.0,4.0,4.0,5.0,5.0,6.0,7.0,8.0,9.0,9.0,12.0,15.0,inferred
Sunderland,2021-05-26,1.0,3.0,4.0,4.0,5.0,6.0,7.0,8.0,9.0,10.0,10.0,13.0,17.0,inferred
Sunderland,2021-05-27,2.0,3.0,4.0,5.0,5.0,6.0,7.0,8.0,10.0,10.0,11.0,13.0,17.0,inferred
Sunderland,2021-05-28,1.0,3.0,4.0,5.0,6.0,6.0,7.0,8.0,9.0,10.0,11.0,13.0,17.0,inferred
Sunderland,2021-05-29,1.0,3.0,4.0,4.0,5.0,6.0,6.0,7.0,9.0,9.0,10.0,12.0,15.0,inferred
Sunderland,2021-05-30,2.0,4.0,5.0,5.0,6.0,7.0,8.0,9.0,10.0,11.0,12.0,14.0,18.0,inferred
Sunderland,2021-05-31,4.0,6.0,8.0,8.0,9.0,10.0,11.0,13.0,14.0,15.0,16.0,18.0,22.0,inferred
Sunderland,2021-06-01,4.0,6.0,8.0,9.0,10.0,11.0,12.0,13.0,15.0,16.0,17.0,19.0,24.0,inferred
Sunderland,2021-06-02,6.0,8.0,10.0,11.0,12.0,13.0,14.0,16.0,17.0,18.0,19.0,22.0,27.0,inferred
Sunderland,2021-06-03,6.0,9.0,11.0,12.0,12.0,14.0,15.0,16.0,18.0,19.0,20.0,23.0,28.0,inferred
Sunderland,2021-06-04,7.0,9.0,11.0,12.0,13.0,14.0,16.0,17.0,18.0,20.0,21.0,24.0,28.0,inferred
Sunderland,2021-06-05,5.0,8.0,10.0,11.0,11.0,13.0,14.0,15.0,17.0,18.0,19.0,22.0,27.0,inferred
Sunderland,2021-06-06,7.0,11.0,13.0,14.0,14.0,16.0,17.0,19.0,21.0,22.0,23.0,26.0,31.0,inferred
Sunderland,2021-06-07,13.0,16.0,19.0,20.0,21.0,23.0,25.0,27.0,29.0,31.0,32.0,36.0,42.0,inferred
Sunderland,2021-06-08,13.0,17.0,20.0,21.0,22.0,24.0,26.0,28.0,30.0,31.0,33.0,36.0,42.0,inferred
Sunderland,2021-06-09,17.0,21.0,24.0,25.0,26.0,28.0,30.0,32.0,34.0,35.0,37.0,41.0,48.0,inferred
Sunderland,2021-06-10,17.0,22.0,25.0,26.0,27.0,30.0,32.0,33.0,36.0,37.0,38.0,42.0,48.5,inferred
Sunderland,2021-06-11,18.0,22.0,25.0,26.0,28.0,30.0,32.0,34.0,36.0,37.2,39.0,43.0,50.0,inferred
Sunderland,2021-06-12,16.0,20.0,23.0,25.0,25.0,27.0,29.0,31.0,33.0,35.0,36.0,40.0,45.0,inferred
Sunderland,2021-06-13,21.0,26.0,29.0,31.0,32.0,34.0,36.0,39.0,41.0,42.0,44.0,49.0,56.0,inferred
Sunderland,2021-06-14,34.0,40.0,44.0,46.0,47.0,49.0,52.0,55.0,58.0,60.0,62.0,67.0,75.0,inferred
Sunderland,2021-06-15,36.0,43.0,47.0,49.0,50.0,53.0,56.0,59.0,61.3,63.0,66.0,71.0,80.0,inferred
Sunderland,2021-06-16,46.0,51.0,56.0,57.8,59.0,63.0,66.0,69.0,73.0,75.0,77.0,83.0,91.0,inferred
Sunderland,2021-06-17,46.0,54.0,60.0,61.0,63.0,66.0,69.0,73.0,77.0,79.0,81.0,88.0,99.0,inferred
Sunderland,2021-06-18,49.0,56.0,61.0,63.0,65.0,68.0,72.0,76.0,79.0,81.0,83.0,90.0,102.0,inferred
Surrey Heath,2021-03-06,0.0,0.0,1.0,1.0,1.0,2.0,2.0,3.0,3.0,3.0,4.0,5.0,6.0,inferred
Surrey Heath,2021-03-07,0.0,1.0,1.0,1.0,2.0,2.0,2.0,3.0,3.0,4.0,4.0,5.0,7.0,inferred
Surrey Heath,2021-03-08,0.0,1.0,1.0,2.0,2.0,2.0,3.0,3.0,4.0,4.0,5.0,6.0,7.0,inferred
Surrey Heath,2021-03-09,0.0,1.0,1.0,1.0,2.0,2.0,2.0,3.0,3.0,4.0,4.0,5.0,7.0,inferred
Surrey Heath,2021-03-10,0.0,1.0,1.0,2.0,2.0,2.0,3.0,3.0,4.0,4.0,4.0,5.0,7.0,inferred
Surrey Heath,2021-03-11,0.0,1.0,1.0,1.0,2.0,2.0,3.0,3.0,4.0,4.0,4.0,5.0,7.0,inferred
Surrey Heath,2021-03-12,0.0,0.0,1.0,1.0,1.0,2.0,2.0,3.0,3.0,3.0,4.0,5.0,7.0,inferred
Surrey Heath,2021-03-13,0.0,0.0,1.0,1.0,1.0,1.0,2.0,2.0,3.0,3.0,3.0,4.0,6.0,inferred
Surrey Heath,2021-03-14,0.0,0.0,1.0,1.0,1.0,2.0,2.0,3.0,3.0,4.0,4.0,5.0,7.0,inferred
Surrey Heath,2021-03-15,0.0,1.0,2.0,2.0,2.0,3.0,3.0,4.0,4.0,4.0,5.0,6.0,8.0,inferred
Surrey Heath,2021-03-16,0.0,1.0,1.0,2.0,2.0,2.0,3.0,3.0,4.0,4.0,5.0,6.0,8.0,inferred
Surrey Heath,2021-03-17,0.0,1.0,2.0,2.0,2.0,3.0,3.0,4.0,4.0,5.0,5.0,6.0,8.0,inferred
Surrey Heath,2021-03-18,0.0,1.0,1.0,2.0,2.0,2.0,3.0,3.0,4.0,4.0,5.0,6.0,8.0,inferred
Surrey Heath,2021-03-19,0.0,1.0,1.0,1.0,2.0,2.0,3.0,3.0,4.0,4.0,4.0,5.0,7.0,inferred
Surrey Heath,2021-03-20,0.0,0.0,1.0,1.0,1.0,2.0,2.0,2.0,3.0,3.0,3.0,4.0,6.0,inferred
Surrey Heath,2021-03-21,0.0,0.0,1.0,1.0,1.0,2.0,2.0,3.0,3.0,4.0,4.0,5.0,7.0,inferred
Surrey Heath,2021-03-22,0.0,1.0,2.0,2.0,2.0,3.0,3.0,4.0,4.0,5.0,5.0,6.0,8.0,inferred
Surrey Heath,2021-03-23,0.0,1.0,1.0,2.0,2.0,2.0,3.0,3.0,4.0,4.0,5.0,6.0,7.0,inferred
Surrey Heath,2021-03-24,0.0,1.0,1.0,2.0,2.0,2.0,3.0,3.0,4.0,4.0,5.0,6.0,8.0,inferred
Surrey Heath,2021-03-25,0.0,1.0,1.0,1.0,2.0,2.0,3.0,3.0,4.0,4.0,4.0,5.0,7.0,inferred
Surrey Heath,2021-03-26,0.0,0.0,1.0,1.0,1.0,2.0,2.0,3.0,3.0,4.0,4.0,5.0,7.0,inferred
Surrey Heath,2021-03-27,0.0,0.0,0.8,1.0,1.0,1.0,2.0,2.0,2.0,3.0,3.0,4.0,5.0,inferred
Surrey Heath,2021-03-28,0.0,0.0,1.0,1.0,1.0,1.0,2.0,2.0,3.0,3.0,3.0,4.0,6.0,inferred
Surrey Heath,2021-03-29,0.0,0.0,1.0,1.0,1.0,2.0,2.0,3.0,3.0,3.0,4.0,5.0,6.0,inferred
Surrey Heath,2021-03-30,0.0,0.0,1.0,1.0,1.0,2.0,2.0,2.0,3.0,3.0,4.0,5.0,6.0,inferred
Surrey Heath,2021-03-31,0.0,0.0,1.0,1.0,1.0,2.0,2.0,2.0,3.0,3.0,4.0,4.0,6.0,inferred
Surrey Heath,2021-04-01,0.0,0.0,1.0,1.0,1.0,1.0,2.0,2.0,3.0,3.0,3.0,4.0,6.0,inferred
Surrey Heath,2021-04-02,0.0,0.0,0.0,1.0,1.0,1.0,1.0,2.0,2.0,3.0,3.0,4.0,5.0,inferred
Surrey Heath,2021-04-03,0.0,0.0,0.0,0.0,1.0,1.0,1.0,1.0,2.0,2.0,2.0,3.0,5.0,inferred
Surrey Heath,2021-04-04,0.0,0.0,0.0,0.0,1.0,1.0,1.0,2.0,2.0,2.0,3.0,3.0,5.0,inferred
Surrey Heath,2021-04-05,0.0,0.0,1.0,1.0,1.0,1.0,2.0,2.0,2.0,3.0,3.0,4.0,6.0,inferred
Surrey Heath,2021-04-06,0.0,0.0,0.0,1.0,1.0,1.0,1.0,2.0,2.0,3.0,3.0,4.0,5.5,inferred
Surrey Heath,2021-04-07,0.0,0.0,0.0,1.0,1.0,1.0,2.0,2.0,2.0,3.0,3.0,4.0,5.5,inferred
Surrey Heath,2021-04-08,0.0,0.0,0.0,1.0,1.0,1.0,1.0,2.0,2.0,2.2,3.0,4.0,5.0,inferred
Surrey Heath,2021-04-09,0.0,0.0,0.0,0.0,1.0,1.0,1.0,2.0,2.0,2.0,2.0,3.0,5.0,inferred
Surrey Heath,2021-04-10,0.0,0.0,0.0,0.0,0.0,1.0,1.0,1.0,2.0,2.0,2.0,3.0,4.0,inferred
Surrey Heath,2021-04-11,0.0,0.0,0.0,0.0,1.0,1.0,1.0,1.0,2.0,2.0,2.0,3.0,4.0,inferred
Surrey Heath,2021-04-12,0.0,0.0,0.0,1.0,1.0,1.0,1.0,2.0,2.0,3.0,3.0,4.0,5.0,inferred
Surrey Heath,2021-04-13,0.0,0.0,0.0,1.0,1.0,1.0,1.0,2.0,2.0,2.0,3.0,3.1,5.0,inferred
Surrey Heath,2021-04-14,0.0,0.0,0.0,1.0,1.0,1.0,1.0,2.0,2.0,3.0,3.0,4.0,5.0,inferred
Surrey Heath,2021-04-15,0.0,0.0,0.0,1.0,1.0,1.0,1.0,2.0,2.0,2.0,3.0,4.0,5.0,inferred
Surrey Heath,2021-04-16,0.0,0.0,0.0,0.0,1.0,1.0,1.0,2.0,2.0,2.0,3.0,3.0,5.0,inferred
Surrey Heath,2021-04-17,0.0,0.0,0.0,0.0,0.0,1.0,1.0,1.0,2.0,2.0,2.0,3.0,4.0,inferred
Surrey Heath,2021-04-18,0.0,0.0,0.0,0.0,1.0,1.0,1.0,2.0,2.0,2.0,2.0,3.0,5.0,inferred
Surrey Heath,2021-04-19,0.0,0.0,0.0,1.0,1.0,1.0,1.5,2.0,2.0,2.2,3.0,4.0,5.0,inferred
Surrey Heath,2021-04-20,0.0,0.0,0.0,1.0,1.0,1.0,1.0,2.0,2.0,2.0,3.0,4.0,5.0,inferred
Surrey Heath,2021-04-21,0.0,0.0,0.0,1.0,1.0,1.0,1.0,2.0,2.0,2.0,3.0,4.0,5.0,inferred
Surrey Heath,2021-04-22,0.0,0.0,0.0,0.0,1.0,1.0,1.0,2.0,2.0,2.0,3.0,3.0,5.0,inferred
Surrey Heath,2021-04-23,0.0,0.0,0.0,0.0,0.0,1.0,1.0,1.0,2.0,2.0,2.0,3.0,4.0,inferred
Surrey Heath,2021-04-24,0.0,0.0,0.0,0.0,0.0,0.0,1.0,1.0,1.0,2.0,2.0,3.0,4.0,inferred
Surrey Heath,2021-04-25,0.0,0.0,0.0,0.0,0.0,1.0,1.0,1.0,2.0,2.0,2.0,3.0,4.0,inferred
Surrey Heath,2021-04-26,0.0,0.0,0.0,0.0,1.0,1.0,1.0,1.0,2.0,2.0,2.0,3.0,5.0,inferred
Surrey Heath,2021-04-27,0.0,0.0,0.0,0.0,1.0,1.0,1.0,1.0,2.0,2.0,2.0,3.0,5.0,inferred
Surrey Heath,2021-04-28,0.0,0.0,0.0,0.0,1.0,1.0,1.0,2.0,2.0,2.0,2.0,3.0,5.0,inferred
Surrey Heath,2021-04-29,0.0,0.0,0.0,0.0,0.0,1.0,1.0,1.0,2.0,2.0,2.0,3.0,4.0,inferred
Surrey Heath,2021-04-30,0.0,0.0,0.0,0.0,0.0,1.0,1.0,1.0,2.0,2.0,2.0,3.0,4.0,inferred
Surrey Heath,2021-05-01,0.0,0.0,0.0,0.0,0.0,0.0,1.0,1.0,1.0,2.0,2.0,3.0,4.0,inferred
Surrey Heath,2021-05-02,0.0,0.0,0.0,0.0,0.0,1.0,1.0,1.0,1.0,2.0,2.0,3.0,4.0,inferred
Surrey Heath,2021-05-03,0.0,0.0,0.0,0.0,1.0,1.0,1.0,2.0,2.0,2.0,2.2,3.0,5.0,inferred
Surrey Heath,2021-05-04,0.0,0.0,0.0,0.0,1.0,1.0,1.0,1.0,2.0,2.0,2.0,3.0,4.0,inferred
Surrey Heath,2021-05-05,0.0,0.0,0.0,0.0,1.0,1.0,1.0,2.0,2.0,2.0,2.0,3.0,5.0,inferred
Surrey Heath,2021-05-06,0.0,0.0,0.0,0.0,0.0,1.0,1.0,1.0,2.0,2.0,2.0,3.0,5.0,inferred
Surrey Heath,2021-05-07,0.0,0.0,0.0,0.0,0.0,1.0,1.0,1.0,2.0,2.0,2.0,3.0,4.0,inferred
Surrey Heath,2021-05-08,0.0,0.0,0.0,0.0,0.0,0.0,1.0,1.0,1.0,2.0,2.0,2.0,4.0,inferred
Surrey Heath,2021-05-09,0.0,0.0,0.0,0.0,0.0,1.0,1.0,1.0,2.0,2.0,2.0,3.0,4.0,inferred
Surrey Heath,2021-05-10,0.0,0.0,0.0,0.0,0.0,1.0,1.0,1.0,2.0,2.0,2.0,3.0,4.0,inferred
Surrey Heath,2021-05-11,0.0,0.0,0.0,0.0,0.0,1.0,1.0,1.0,2.0,2.0,2.0,3.0,4.0,inferred
Surrey Heath,2021-05-12,0.0,0.0,0.0,0.0,1.0,1.0,1.0,1.0,2.0,2.0,2.0,3.0,5.0,inferred
Surrey Heath,2021-05-13,0.0,0.0,0.0,0.0,0.0,1.0,1.0,1.0,2.0,2.0,2.0,3.0,4.0,inferred
Surrey Heath,2021-05-14,0.0,0.0,0.0,0.0,0.0,1.0,1.0,1.0,2.0,2.0,2.0,3.0,4.0,inferred
Surrey Heath,2021-05-15,0.0,0.0,0.0,0.0,0.0,0.0,1.0,1.0,1.0,2.0,2.0,3.0,4.0,inferred
Surrey Heath,2021-05-16,0.0,0.0,0.0,0.0,0.0,1.0,1.0,1.0,2.0,2.0,2.0,3.0,4.0,inferred
Surrey Heath,2021-05-17,0.0,0.0,0.0,1.0,1.0,1.0,1.0,2.0,2.0,2.0,3.0,3.0,5.0,inferred
Surrey Heath,2021-05-18,0.0,0.0,0.0,1.0,1.0,1.0,1.0,2.0,2.0,2.0,3.0,4.0,5.0,inferred
Surrey Heath,2021-05-19,0.0,0.0,1.0,1.0,1.0,1.0,2.0,2.0,2.0,3.0,3.0,4.0,5.0,inferred
Surrey Heath,2021-05-20,0.0,0.0,1.0,1.0,1.0,1.0,2.0,2.0,3.0,3.0,3.0,4.0,6.0,inferred
Surrey Heath,2021-05-21,0.0,0.0,1.0,1.0,1.0,1.0,2.0,2.0,3.0,3.0,3.0,4.0,6.0,inferred
Surrey Heath,2021-05-22,0.0,0.0,1.0,1.0,1.0,1.0,2.0,2.0,3.0,3.0,3.0,4.0,6.0,inferred
Surrey Heath,2021-05-23,0.0,1.0,1.0,1.0,2.0,2.0,2.0,3.0,3.0,4.0,4.0,5.0,7.0,inferred
Surrey Heath,2021-05-24,0.0,1.0,2.0,2.0,2.0,3.0,3.0,4.0,4.0,5.0,5.0,6.0,9.0,inferred
Surrey Heath,2021-05-25,0.0,1.0,2.0,2.0,2.0,3.0,3.0,4.0,5.0,5.0,6.0,7.0,9.0,inferred
Surrey Heath,2021-05-26,1.0,2.0,3.0,3.0,3.0,4.0,4.0,5.0,6.0,6.0,7.0,8.0,10.0,inferred
Surrey Heath,2021-05-27,1.0,2.0,3.0,3.0,3.0,4.0,4.0,5.0,6.0,6.0,7.0,8.0,10.0,inferred
Surrey Heath,2021-05-28,1.0,2.0,2.0,3.0,3.0,4.0,4.0,5.0,5.0,6.0,6.0,7.0,10.0,inferred
Surrey Heath,2021-05-29,1.0,1.0,2.0,2.0,3.0,3.0,4.0,4.0,5.0,5.0,6.0,7.0,9.0,inferred
Surrey Heath,2021-05-30,1.0,2.0,3.0,3.0,4.0,4.0,5.0,6.0,6.0,7.0,7.0,9.0,11.0,inferred
Surrey Heath,2021-05-31,2.0,3.0,4.0,5.0,5.0,6.0,6.0,7.0,8.0,8.0,9.0,11.0,13.0,inferred
Surrey Heath,2021-06-01,2.0,3.0,4.0,5.0,5.0,6.0,7.0,7.0,8.0,9.0,9.0,11.0,13.0,inferred
Surrey Heath,2021-06-02,3.0,4.0,5.0,6.0,6.0,7.0,7.0,8.0,9.0,10.0,10.0,12.0,15.0,inferred
Surrey Heath,2021-06-03,2.0,4.0,5.0,5.0,6.0,6.0,7.0,8.0,9.0,9.0,10.0,12.0,14.0,inferred
Surrey Heath,2021-06-04,2.0,3.0,4.0,5.0,5.0,6.0,7.0,7.0,8.0,9.0,9.0,11.0,14.0,inferred
Surrey Heath,2021-06-05,2.0,3.0,4.0,4.0,4.0,5.0,6.0,7.0,7.0,8.0,8.0,10.0,12.0,inferred
Surrey Heath,2021-06-06,2.0,4.0,5.0,5.0,6.0,7.0,7.0,8.0,9.0,10.0,10.0,12.0,15.0,inferred
Surrey Heath,2021-06-07,3.0,5.0,7.0,7.0,8.0,9.0,10.0,10.0,12.0,12.0,13.0,15.0,18.0,inferred
Surrey Heath,2021-06-08,4.0,6.0,7.0,7.0,8.0,9.0,10.0,11.0,12.0,12.0,13.0,15.0,18.0,inferred
Surrey Heath,2021-06-09,4.0,6.0,7.0,8.0,8.0,9.0,10.0,11.0,13.0,13.0,14.0,16.0,19.5,inferred
Surrey Heath,2021-06-10,4.0,6.0,7.0,7.0,8.0,9.0,10.0,11.0,12.0,12.0,13.0,15.0,18.0,inferred
Surrey Heath,2021-06-11,3.0,5.0,6.0,6.0,7.0,8.0,9.0,9.0,10.0,11.0,12.0,13.0,16.0,inferred
Surrey Heath,2021-06-12,2.0,4.0,5.0,5.0,5.0,6.0,7.0,8.0,9.0,9.0,10.0,11.0,14.0,inferred
Surrey Heath,2021-06-13,3.0,4.0,6.0,6.0,7.0,7.0,8.0,9.0,10.0,11.0,11.0,13.0,16.0,inferred
Surrey Heath,2021-06-14,4.0,5.0,7.0,7.0,8.0,9.0,10.0,11.0,12.0,12.0,13.0,15.0,18.0,inferred
Surrey Heath,2021-06-15,3.5,5.0,7.0,7.0,8.0,9.0,10.0,11.0,12.0,12.0,13.0,15.0,18.0,inferred
Surrey Heath,2021-06-16,4.0,6.0,7.0,8.0,8.0,9.0,10.0,11.0,12.0,13.0,14.0,16.0,19.0,inferred
Surrey Heath,2021-06-17,3.0,5.0,7.0,7.0,8.0,9.0,9.5,10.0,11.0,12.0,13.0,15.0,18.0,inferred
Surrey Heath,2021-06-18,3.0,5.0,6.0,6.0,7.0,8.0,8.0,9.0,10.0,11.0,12.0,13.0,16.0,inferred
Sutton,2021-03-06,3.0,5.0,7.0,7.0,8.0,9.0,9.0,11.0,12.0,12.0,13.0,15.0,18.0,inferred
Sutton,2021-03-07,4.5,7.0,8.0,9.0,9.0,10.0,11.0,12.0,13.0,14.0,15.0,17.0,20.0,inferred
Sutton,2021-03-08,7.0,9.0,11.0,12.0,12.0,13.0,14.0,16.0,17.0,18.0,19.0,21.0,24.0,inferred
Sutton,2021-03-09,6.0,9.0,11.0,12.0,12.0,13.0,14.0,16.0,17.0,18.0,18.0,21.0,25.0,inferred
Sutton,2021-03-10,7.0,9.0,10.0,11.0,12.0,13.0,14.0,15.0,16.0,17.0,18.0,20.0,24.0,inferred
Sutton,2021-03-11,5.0,7.0,9.0,10.0,11.0,12.0,13.0,14.0,15.0,16.0,16.0,18.0,22.0,inferred
Sutton,2021-03-12,4.0,6.0,7.0,8.0,9.0,10.0,11.0,12.0,13.0,14.0,15.0,17.0,20.0,inferred
Sutton,2021-03-13,3.0,4.0,6.0,6.0,7.0,8.0,9.0,10.0,11.0,11.0,12.0,14.0,17.0,inferred
Sutton,2021-03-14,3.0,5.0,6.0,7.0,8.0,9.0,10.0,10.0,11.3,12.0,13.0,15.0,18.0,inferred
Sutton,2021-03-15,4.5,7.0,8.0,9.0,9.0,10.0,11.0,13.0,14.0,14.0,15.0,18.0,21.0,inferred
Sutton,2021-03-16,4.0,6.0,8.0,9.0,9.0,10.0,11.0,12.0,13.0,14.0,15.0,17.0,20.0,inferred
Sutton,2021-03-17,4.0,6.0,8.0,8.0,9.0,10.0,11.0,12.0,13.0,14.0,15.0,16.0,21.0,inferred
Sutton,2021-03-18,4.0,5.0,7.0,7.0,8.0,9.0,10.0,11.0,12.0,13.0,13.0,15.0,19.0,inferred
Sutton,2021-03-19,2.0,4.0,6.0,6.0,6.0,7.0,8.0,9.0,10.0,11.0,12.0,14.0,17.0,inferred
Sutton,2021-03-20,2.0,3.0,4.0,5.0,5.0,6.0,7.0,8.0,9.0,9.0,10.0,12.0,14.0,inferred
Sutton,2021-03-21,2.0,4.0,5.0,6.0,6.0,7.0,8.0,9.0,10.0,11.0,11.0,13.0,16.0,inferred
Sutton,2021-03-22,3.0,5.0,7.0,7.0,8.0,9.0,10.0,11.0,12.0,13.0,13.0,15.0,19.0,inferred
Sutton,2021-03-23,3.0,5.0,7.0,7.0,8.0,9.0,10.0,11.0,12.0,12.0,13.0,15.0,18.0,inferred
Sutton,2021-03-24,3.0,5.0,6.0,7.0,7.0,8.0,9.0,10.0,11.0,12.0,13.0,15.0,18.5,inferred
Sutton,2021-03-25,2.0,4.0,5.0,6.0,6.0,7.0,8.0,9.0,10.0,10.0,11.0,13.0,16.0,inferred
Sutton,2021-03-26,2.0,3.0,4.0,5.0,5.0,6.0,7.0,8.0,9.0,9.0,10.0,12.0,14.0,inferred
Sutton,2021-03-27,1.0,2.0,3.0,3.0,4.0,4.0,5.0,6.0,7.0,7.0,8.0,10.0,12.0,inferred
Sutton,2021-03-28,1.0,2.0,3.0,4.0,4.0,5.0,6.0,7.0,7.0,8.0,8.0,10.0,13.0,inferred
Sutton,2021-03-29,2.0,3.0,4.0,5.0,5.0,6.0,7.0,8.0,9.0,10.0,10.0,12.0,15.0,inferred
Sutton,2021-03-30,2.0,3.0,4.0,4.0,5.0,6.0,6.0,7.0,8.0,9.0,9.0,11.0,14.0,inferred
Sutton,2021-03-31,1.0,3.0,4.0,4.0,5.0,6.0,6.0,7.0,8.0,8.0,9.0,11.0,14.0,inferred
Sutton,2021-04-01,1.0,2.0,3.0,4.0,4.0,5.0,5.0,6.0,7.0,8.0,8.0,10.0,12.0,inferred
Sutton,2021-04-02,0.0,2.0,2.0,3.0,3.0,4.0,4.0,5.0,6.0,6.0,7.0,8.0,11.0,inferred
Sutton,2021-04-03,0.0,1.0,2.0,2.0,2.0,3.0,3.0,4.0,5.0,5.0,6.0,7.0,9.0,inferred
Sutton,2021-04-04,0.0,1.0,2.0,2.0,3.0,3.0,4.0,4.0,5.0,5.0,6.0,8.0,10.0,inferred
Sutton,2021-04-05,1.0,2.0,3.0,3.0,3.0,4.0,4.0,5.0,6.0,7.0,7.0,8.0,11.0,inferred
Sutton,2021-04-06,1.0,2.0,2.0,3.0,3.0,4.0,4.0,5.0,6.0,6.0,7.0,8.0,11.0,inferred
Sutton,2021-04-07,1.0,2.0,2.0,3.0,3.0,4.0,4.0,5.0,6.0,6.0,7.0,8.0,11.0,inferred
Sutton,2021-04-08,0.5,1.0,2.0,2.0,3.0,3.0,4.0,5.0,5.0,6.0,6.0,8.0,10.0,inferred
Sutton,2021-04-09,0.0,1.0,2.0,2.0,3.0,3.0,4.0,4.0,5.0,5.0,6.0,7.0,10.0,inferred
Sutton,2021-04-10,0.0,1.0,1.0,2.0,2.0,2.0,3.0,4.0,4.0,5.0,5.0,7.0,9.0,inferred
Sutton,2021-04-11,0.0,1.0,2.0,2.0,2.0,3.0,4.0,4.0,5.0,5.0,6.0,7.0,10.0,inferred
Sutton,2021-04-12,1.0,2.0,3.0,3.0,3.0,4.0,5.0,5.0,6.0,6.0,7.0,8.0,11.0,inferred
Sutton,2021-04-13,1.0,2.0,3.0,3.0,3.0,4.0,5.0,5.0,6.0,7.0,7.0,9.0,12.0,inferred
Sutton,2021-04-14,1.0,2.0,3.0,3.0,3.0,4.0,5.0,5.0,6.0,7.0,7.0,9.0,12.0,inferred
Sutton,2021-04-15,1.0,2.0,3.0,3.0,3.0,4.0,5.0,5.0,6.0,6.0,7.0,8.0,11.0,inferred
Sutton,2021-04-16,1.0,1.0,2.0,3.0,3.0,3.0,4.0,5.0,6.0,6.0,7.0,8.0,11.0,inferred
Sutton,2021-04-17,0.0,1.0,2.0,2.0,2.0,3.0,3.0,4.0,5.0,5.0,6.0,7.0,9.0,inferred
Sutton,2021-04-18,0.5,1.0,2.0,3.0,3.0,4.0,4.0,5.0,5.0,6.0,7.0,8.0,11.0,inferred
Sutton,2021-04-19,1.0,2.0,3.0,4.0,4.0,5.0,5.0,6.0,7.0,8.0,8.0,10.0,12.0,inferred
Sutton,2021-04-20,1.0,2.0,3.0,4.0,4.0,5.0,5.0,6.0,7.0,8.0,8.0,10.0,13.0,inferred
Sutton,2021-04-21,1.0,2.0,3.0,4.0,4.0,5.0,5.0,6.0,7.0,8.0,8.0,10.0,12.0,inferred
Sutton,2021-04-22,1.0,2.0,3.0,3.0,3.0,4.0,5.0,6.0,6.0,7.0,8.0,9.0,12.0,inferred
Sutton,2021-04-23,1.0,2.0,2.0,3.0,3.0,4.0,4.0,5.0,6.0,6.0,7.0,8.0,11.0,inferred
Sutton,2021-04-24,0.0,1.0,2.0,2.0,2.0,3.0,3.0,4.0,5.0,5.0,6.0,7.0,10.0,inferred
Sutton,2021-04-25,0.0,1.0,2.0,2.0,3.0,3.0,4.0,5.0,5.0,6.0,6.0,8.0,10.0,inferred
Sutton,2021-04-26,1.0,2.0,3.0,3.0,4.0,4.0,5.0,6.0,6.0,7.0,7.0,9.0,12.0,inferred
Sutton,2021-04-27,1.0,2.0,3.0,3.0,3.0,4.0,5.0,6.0,6.0,7.0,7.0,9.0,12.0,inferred
Sutton,2021-04-28,1.0,2.0,3.0,3.0,3.0,4.0,5.0,5.0,6.0,7.0,7.0,9.0,12.0,inferred
Sutton,2021-04-29,0.0,1.0,2.0,2.0,3.0,3.0,4.0,5.0,5.0,6.0,6.0,8.0,10.0,inferred
Sutton,2021-04-30,0.0,1.0,2.0,2.0,2.0,3.0,3.0,4.0,5.0,5.0,6.0,7.0,9.0,inferred
Sutton,2021-05-01,0.0,1.0,1.0,1.0,2.0,2.0,3.0,3.0,4.0,4.0,5.0,6.0,8.0,inferred
Sutton,2021-05-02,0.0,1.0,1.0,2.0,2.0,2.0,3.0,4.0,4.0,5.0,5.0,6.0,9.0,inferred
Sutton,2021-05-03,0.0,1.0,2.0,2.0,2.0,3.0,4.0,4.0,5.0,5.0,6.0,7.0,10.0,inferred
Sutton,2021-05-04,0.0,1.0,2.0,2.0,2.0,3.0,4.0,4.0,5.0,5.0,6.0,7.0,10.0,inferred
Sutton,2021-05-05,0.0,1.0,2.0,2.0,2.0,3.0,4.0,4.0,5.0,5.0,6.0,7.0,10.0,inferred
Sutton,2021-05-06,0.0,1.0,2.0,2.0,2.0,3.0,3.0,4.0,5.0,5.0,6.0,7.0,9.0,inferred
Sutton,2021-05-07,0.0,1.0,1.0,2.0,2.0,2.0,3.0,4.0,4.0,5.0,5.0,6.0,9.0,inferred
Sutton,2021-05-08,0.0,0.0,1.0,1.0,1.0,2.0,2.0,3.0,3.0,4.0,4.0,5.0,8.0,inferred
Sutton,2021-05-09,0.0,1.0,1.0,2.0,2.0,2.0,3.0,3.0,4.0,4.0,5.0,6.0,8.0,inferred
Sutton,2021-05-10,0.0,1.0,2.0,2.0,3.0,3.0,4.0,4.0,5.0,6.0,6.0,7.0,10.0,inferred
Sutton,2021-05-11,0.0,1.0,2.0,2.0,3.0,3.0,4.0,4.0,5.0,5.0,6.0,7.1,10.0,inferred
Sutton,2021-05-12,0.0,1.0,2.0,2.0,3.0,3.0,4.0,5.0,5.0,6.0,6.0,8.0,10.0,inferred
Sutton,2021-05-13,0.0,1.0,2.0,2.0,3.0,3.0,4.0,4.0,5.0,6.0,6.0,7.0,10.0,inferred
Sutton,2021-05-14,0.0,1.0,2.0,2.0,2.0,3.0,4.0,4.0,5.0,5.0,6.0,7.0,9.0,inferred
Sutton,2021-05-15,0.0,1.0,1.0,2.0,2.0,2.0,3.0,3.0,4.0,4.0,5.0,6.0,8.0,inferred
Sutton,2021-05-16,0.0,1.0,2.0,2.0,2.0,3.0,3.0,4.0,5.0,5.0,5.0,7.0,9.0,inferred
Sutton,2021-05-17,1.0,2.0,2.0,3.0,3.0,4.0,4.0,5.0,6.0,6.0,7.0,8.0,11.0,inferred
Sutton,2021-05-18,1.0,2.0,2.0,3.0,3.0,4.0,4.0,5.0,6.0,6.0,7.0,8.0,11.0,inferred
Sutton,2021-05-19,1.0,2.0,3.0,3.0,3.0,4.0,5.0,5.0,6.0,7.0,7.0,9.0,11.0,inferred
Sutton,2021-05-20,1.0,2.0,3.0,3.0,4.0,4.0,5.0,6.0,7.0,7.0,8.0,9.0,12.0,inferred
Sutton,2021-05-21,1.0,2.0,3.0,3.0,3.0,4.0,5.0,5.0,6.0,7.0,7.0,8.0,11.0,inferred
Sutton,2021-05-22,0.0,1.0,2.0,3.0,3.0,3.0,4.0,5.0,6.0,6.0,6.2,8.0,10.0,inferred
Sutton,2021-05-23,1.0,2.0,3.0,3.0,4.0,4.0,5.0,6.0,7.0,7.0,8.0,9.0,12.0,inferred
Sutton,2021-05-24,2.0,3.0,5.0,5.0,6.0,6.0,7.0,8.0,9.0,10.0,10.0,12.0,15.0,inferred
Sutton,2021-05-25,2.0,4.0,5.0,5.0,6.0,7.0,7.0,8.0,9.0,10.0,11.0,13.0,16.0,inferred
Sutton,2021-05-26,3.0,4.0,6.0,6.0,7.0,8.0,9.0,9.0,10.0,11.0,12.0,14.0,17.0,inferred
Sutton,2021-05-27,3.0,5.0,6.0,6.0,7.0,8.0,9.0,10.0,11.0,11.0,12.0,14.0,17.0,inferred
Sutton,2021-05-28,3.0,4.0,6.0,6.0,7.0,7.0,8.0,9.0,10.0,11.0,12.0,14.0,17.0,inferred
Sutton,2021-05-29,2.0,4.0,5.0,5.0,6.0,7.0,7.0,8.0,9.0,10.0,10.0,12.0,15.0,inferred
Sutton,2021-05-30,3.0,5.0,6.0,7.0,7.0,8.0,9.0,10.0,11.0,12.0,13.0,15.0,18.0,inferred
Sutton,2021-05-31,5.0,7.0,9.0,9.0,10.0,11.0,12.0,14.0,15.0,16.0,16.0,19.0,23.0,inferred
Sutton,2021-06-01,5.0,8.0,9.0,10.0,11.0,12.0,13.0,14.0,15.0,16.0,17.0,19.0,23.0,inferred
Sutton,2021-06-02,6.0,8.0,10.0,11.0,11.0,13.0,14.0,15.0,16.0,17.0,18.0,20.0,24.0,inferred
Sutton,2021-06-03,5.0,8.0,10.0,10.0,11.0,12.0,13.0,15.0,16.0,16.0,17.0,19.0,23.5,inferred
Sutton,2021-06-04,5.0,7.0,9.0,9.0,10.0,11.0,12.0,13.0,15.0,15.0,16.0,18.0,22.0,inferred
Sutton,2021-06-05,4.0,6.0,7.0,8.0,8.0,10.0,11.0,12.0,13.0,13.0,14.0,16.0,20.0,inferred
Sutton,2021-06-06,5.0,7.0,9.0,10.0,10.0,11.0,12.0,13.0,15.0,16.0,16.0,19.0,23.0,inferred
Sutton,2021-06-07,8.0,11.0,13.0,13.0,14.0,15.0,17.0,18.0,19.0,20.0,21.0,23.0,27.0,inferred
Sutton,2021-06-08,8.0,11.0,13.0,13.0,14.0,15.6,17.0,18.0,20.0,20.0,21.0,24.0,28.0,inferred
Sutton,2021-06-09,8.0,11.0,13.0,14.0,14.0,16.0,17.0,18.0,20.0,21.0,22.0,24.0,29.0,inferred
Sutton,2021-06-10,7.0,11.0,12.0,13.0,14.0,15.0,16.0,18.0,19.0,20.0,21.0,23.0,28.0,inferred
Sutton,2021-06-11,6.0,9.0,11.0,11.0,12.0,13.0,14.5,16.0,17.0,18.0,19.0,21.0,26.0,inferred
Sutton,2021-06-12,5.0,7.0,9.0,10.0,10.0,11.0,13.0,14.0,15.0,15.0,16.0,18.0,22.0,inferred
Sutton,2021-06-13,6.0,9.0,10.0,11.0,12.0,13.0,14.0,15.0,17.0,18.0,18.0,21.0,25.0,inferred
Sutton,2021-06-14,10.0,13.0,14.0,15.0,16.0,17.0,18.0,20.0,22.0,23.0,23.0,26.0,31.0,inferred
Sutton,2021-06-15,9.0,12.0,15.0,15.0,16.0,18.0,19.0,20.0,22.0,23.0,24.0,26.0,31.0,inferred
Sutton,2021-06-16,10.0,12.0,15.0,15.0,16.0,18.0,19.0,21.0,22.0,23.0,24.0,27.0,32.0,inferred
Sutton,2021-06-17,9.0,12.0,14.0,15.0,15.0,17.0,18.0,19.0,21.0,22.0,23.0,25.0,30.0,inferred
Sutton,2021-06-18,7.0,10.0,12.0,13.0,13.0,15.0,16.0,17.0,19.0,20.0,21.0,23.0,28.0,inferred
Swale,2021-03-06,1.0,2.0,4.0,4.0,4.0,5.0,6.0,7.0,8.0,8.0,9.0,11.0,14.0,inferred
Swale,2021-03-07,2.0,3.0,5.0,5.0,5.0,6.0,7.0,8.0,9.0,10.0,10.0,12.0,16.0,inferred
Swale,2021-03-08,3.0,5.0,6.0,6.0,7.0,8.0,9.0,10.0,11.0,12.0,12.0,15.0,18.0,inferred
Swale,2021-03-09,2.0,4.0,5.0,6.0,6.0,8.0,8.0,9.0,11.0,11.0,12.0,14.0,18.0,inferred
Swale,2021-03-10,2.5,4.0,6.0,6.0,7.0,8.0,9.0,10.0,11.0,12.0,12.2,15.0,19.0,inferred
Swale,2021-03-11,2.0,4.0,6.0,6.0,7.0,8.0,8.0,9.0,11.0,11.0,12.0,14.0,18.0,inferred
Swale,2021-03-12,2.0,3.0,4.8,5.0,6.0,7.0,7.0,8.0,10.0,10.0,11.0,13.0,17.0,inferred
Swale,2021-03-13,1.0,3.0,4.0,4.0,5.0,5.0,6.0,7.0,8.0,8.0,9.0,11.0,14.0,inferred
Swale,2021-03-14,2.0,4.0,5.0,5.0,6.0,7.0,7.0,8.0,9.0,10.0,11.0,13.0,17.0,inferred
Swale,2021-03-15,3.0,5.0,6.0,7.0,7.0,8.0,9.0,11.0,12.0,13.0,13.0,16.0,20.0,inferred
Swale,2021-03-16,3.0,5.0,6.0,7.0,7.0,8.0,10.0,11.0,12.0,13.0,14.0,15.0,20.0,inferred
Swale,2021-03-17,3.0,5.0,7.0,7.0,8.0,9.0,10.0,11.0,13.0,13.0,14.0,16.0,21.0,inferred
Swale,2021-03-18,3.0,5.0,6.0,7.0,7.0,9.0,9.0,10.0,12.0,13.0,13.0,16.0,20.0,inferred
Swale,2021-03-19,3.0,4.0,6.0,6.0,7.0,8.0,8.0,10.0,11.0,12.0,12.0,15.0,19.0,inferred
Swale,2021-03-20,2.0,3.0,5.0,5.0,5.0,6.0,7.0,8.0,9.0,10.0,10.0,13.0,16.0,inferred
Swale,2021-03-21,2.0,4.0,5.0,6.0,6.0,8.0,9.0,10.0,11.0,12.0,12.0,15.0,18.0,inferred
Swale,2021-03-22,4.0,6.0,7.0,8.0,9.0,10.0,11.0,12.0,14.0,14.0,15.0,18.0,22.0,inferred
Swale,2021-03-23,4.0,6.0,7.0,8.0,8.0,10.0,11.0,12.0,13.0,14.0,15.0,17.0,21.0,inferred
Swale,2021-03-24,4.0,6.0,7.0,8.0,8.0,10.0,11.0,12.0,13.0,14.0,15.0,17.0,21.0,inferred
Swale,2021-03-25,3.0,5.0,6.0,7.0,7.0,8.0,9.0,10.0,12.0,12.0,13.0,15.0,19.0,inferred
Swale,2021-03-26,2.0,4.0,5.0,5.0,6.0,7.0,8.0,9.0,10.0,11.0,12.0,14.0,17.0,inferred
Swale,2021-03-27,1.0,2.0,4.0,4.0,4.0,5.0,6.0,7.0,8.0,9.0,9.0,11.0,14.0,inferred
Swale,2021-03-28,2.0,3.0,4.0,4.8,5.0,6.0,7.0,8.0,9.0,9.0,10.0,12.0,15.0,inferred
Swale,2021-03-29,2.0,4.0,5.0,5.0,6.0,7.0,8.0,9.0,10.0,10.0,11.0,13.0,17.5,inferred
Swale,2021-03-30,2.0,3.0,4.0,5.0,5.0,6.0,7.0,8.0,9.0,10.0,10.0,12.0,15.5,inferred
Swale,2021-03-31,2.0,3.0,4.0,5.0,5.0,6.0,7.0,8.0,9.0,10.0,10.0,12.0,16.0,inferred
Swale,2021-04-01,1.0,3.0,4.0,4.0,4.0,5.0,6.0,7.0,8.0,8.0,9.0,11.0,14.0,inferred
Swale,2021-04-02,1.0,1.0,2.0,3.0,3.0,4.0,4.5,5.0,6.0,7.0,7.0,9.0,13.0,inferred
Swale,2021-04-03,0.0,1.0,2.0,2.0,2.0,3.0,4.0,4.0,5.0,5.0,6.0,7.0,10.0,inferred
Swale,2021-04-04,0.0,1.0,2.0,2.0,2.0,3.0,4.0,5.0,6.0,6.0,6.0,8.0,11.0,inferred
Swale,2021-04-05,0.0,1.0,2.0,3.0,3.0,4.0,4.0,5.0,6.0,6.0,7.0,9.0,12.0,inferred
Swale,2021-04-06,0.0,1.0,2.0,2.0,2.0,3.0,4.0,5.0,6.0,6.0,6.0,8.0,11.0,inferred
Swale,2021-04-07,0.0,1.0,2.0,2.0,3.0,3.0,4.0,5.0,5.0,6.0,6.0,8.0,11.0,inferred
Swale,2021-04-08,0.0,1.0,2.0,2.0,2.0,3.0,3.0,4.0,5.0,5.0,6.0,8.0,10.0,inferred
Swale,2021-04-09,0.0,1.0,1.0,1.0,2.0,2.0,3.0,3.0,4.0,4.0,5.0,6.0,9.0,inferred
Swale,2021-04-10,0.0,0.0,1.0,1.0,1.0,2.0,2.0,3.0,3.0,4.0,4.0,5.0,8.0,inferred
Swale,2021-04-11,0.0,0.0,1.0,1.0,1.0,2.0,2.0,3.0,3.0,4.0,4.0,6.0,8.0,inferred
Swale,2021-04-12,0.0,1.0,1.0,1.0,2.0,2.0,3.0,3.0,4.0,4.0,5.0,6.0,9.0,inferred
Swale,2021-04-13,0.0,1.0,1.0,1.0,2.0,2.0,3.0,3.0,4.0,4.0,5.0,6.0,9.0,inferred
Swale,2021-04-14,0.0,0.0,1.0,1.0,2.0,2.0,2.0,3.0,4.0,4.0,5.0,6.0,9.0,inferred
Swale,2021-04-15,0.0,0.0,1.0,1.0,1.0,2.0,2.0,3.0,3.0,4.0,4.0,6.0,8.0,inferred
Swale,2021-04-16,0.0,0.0,0.0,1.0,1.0,1.0,2.0,2.0,3.0,3.0,4.0,5.0,7.0,inferred
Swale,2021-04-17,0.0,0.0,0.0,0.0,1.0,1.0,1.0,2.0,2.0,3.0,3.0,4.0,6.0,inferred
Swale,2021-04-18,0.0,0.0,0.8,1.0,1.0,1.0,2.0,2.0,3.0,3.0,4.0,5.0,7.0,inferred
Swale,2021-04-19,0.0,0.0,1.0,1.0,1.0,2.0,2.0,3.0,3.0,3.0,4.0,5.0,8.0,inferred
Swale,2021-04-20,0.0,0.0,1.0,1.0,1.0,1.0,2.0,2.0,3.0,3.0,4.0,5.0,7.0,inferred
Swale,2021-04-21,0.0,0.0,1.0,1.0,1.0,2.0,2.0,3.0,3.0,4.0,4.0,6.0,8.0,inferred
Swale,2021-04-22,0.0,0.0,0.0,1.0,1.0,1.0,2.0,2.0,3.0,3.0,4.0,5.0,7.0,inferred
Swale,2021-04-23,0.0,0.0,0.0,1.0,1.0,1.0,2.0,2.0,3.0,3.0,3.0,5.0,7.0,inferred
Swale,2021-04-24,0.0,0.0,0.0,0.0,1.0,1.0,1.0,2.0,2.0,3.0,3.0,4.0,6.0,inferred
Swale,2021-04-25,0.0,0.0,0.0,1.0,1.0,1.0,2.0,2.0,3.0,3.0,3.0,5.0,7.0,inferred
Swale,2021-04-26,0.0,0.0,1.0,1.0,1.0,2.0,2.0,3.0,3.0,4.0,4.0,5.0,8.0,inferred
Swale,2021-04-27,0.0,0.0,1.0,1.0,1.0,2.0,2.0,3.0,3.0,4.0,4.0,5.0,8.0,inferred
Swale,2021-04-28,0.0,0.0,1.0,1.0,1.0,2.0,2.0,3.0,4.0,4.0,4.0,6.0,8.0,inferred
Swale,2021-04-29,0.0,0.0,1.0,1.0,1.0,2.0,2.0,3.0,3.0,4.0,4.0,5.0,8.0,inferred
Swale,2021-04-30,0.0,0.0,1.0,1.0,1.0,1.0,2.0,2.0,3.0,3.0,4.0,5.0,7.0,inferred
Swale,2021-05-01,0.0,0.0,0.0,1.0,1.0,1.0,1.0,2.0,2.3,3.0,3.0,4.0,7.0,inferred
Swale,2021-05-02,0.0,0.0,1.0,1.0,1.0,1.0,2.0,2.0,3.0,3.0,4.0,5.0,8.0,inferred
Swale,2021-05-03,0.0,0.0,1.0,1.0,1.0,2.0,2.0,3.0,4.0,4.0,4.0,6.0,8.0,inferred
Swale,2021-05-04,0.0,0.0,1.0,1.0,1.0,2.0,2.0,3.0,3.3,4.0,4.0,6.0,8.0,inferred
Swale,2021-05-05,0.0,0.0,1.0,1.0,1.0,2.0,2.0,3.0,4.0,4.0,5.0,6.0,9.0,inferred
Swale,2021-05-06,0.0,0.0,1.0,1.0,1.0,2.0,2.0,3.0,3.0,4.0,4.0,6.0,8.0,inferred
Swale,2021-05-07,0.0,0.0,1.0,1.0,1.0,1.0,2.0,2.0,3.0,3.0,4.0,5.0,8.0,inferred
Swale,2021-05-08,0.0,0.0,0.0,1.0,1.0,1.0,1.0,2.0,2.0,3.0,3.0,4.0,6.5,inferred
Swale,2021-05-09,0.0,0.0,1.0,1.0,1.0,1.0,2.0,2.0,3.0,3.0,4.0,5.0,7.0,inferred
Swale,2021-05-10,0.0,0.0,1.0,1.0,1.0,2.0,2.0,3.0,3.0,4.0,4.0,6.0,8.0,inferred
Swale,2021-05-11,0.0,0.0,1.0,1.0,1.0,2.0,2.0,3.0,3.0,4.0,4.0,5.1,8.0,inferred
Swale,2021-05-12,0.0,0.0,1.0,1.0,1.0,2.0,2.0,3.0,4.0,4.0,4.0,6.0,8.0,inferred
Swale,2021-05-13,0.0,0.0,1.0,1.0,1.0,2.0,2.0,3.0,3.0,4.0,4.0,5.0,8.0,inferred
Swale,2021-05-14,0.0,0.0,0.0,1.0,1.0,1.0,2.0,2.0,3.0,3.0,4.0,5.0,7.0,inferred
Swale,2021-05-15,0.0,0.0,0.0,0.0,1.0,1.0,1.0,2.0,2.0,3.0,3.0,4.0,6.0,inferred
Swale,2021-05-16,0.0,0.0,1.0,1.0,1.0,1.0,2.0,2.0,3.0,3.0,3.0,5.0,7.0,inferred
Swale,2021-05-17,0.0,0.0,1.0,1.0,1.0,2.0,2.0,3.0,3.0,4.0,4.0,6.0,8.0,inferred
Swale,2021-05-18,0.0,0.0,1.0,1.0,1.0,2.0,2.0,3.0,3.0,4.0,4.0,5.0,8.0,inferred
Swale,2021-05-19,0.0,0.0,1.0,1.0,1.0,2.0,2.0,3.0,3.0,4.0,4.0,6.0,8.0,inferred
Swale,2021-05-20,0.0,0.0,1.0,1.0,1.0,2.0,2.0,2.0,3.0,3.0,4.0,5.0,8.0,inferred
Swale,2021-05-21,0.0,0.0,1.0,1.0,1.0,1.0,2.0,2.0,3.0,3.0,4.0,5.0,7.0,inferred
Swale,2021-05-22,0.0,0.0,0.0,1.0,1.0,1.0,2.0,2.0,3.0,3.0,3.0,4.0,6.5,inferred
Swale,2021-05-23,0.0,0.0,1.0,1.0,1.0,1.0,2.0,2.0,3.0,3.0,4.0,5.0,8.0,inferred
Swale,2021-05-24,0.0,0.0,1.0,1.0,1.0,2.0,2.0,3.0,4.0,4.0,4.0,6.0,8.0,inferred
Swale,2021-05-25,0.0,0.0,1.0,1.0,1.0,2.0,2.0,3.0,4.0,4.0,5.0,6.0,8.0,inferred
Swale,2021-05-26,0.0,1.0,1.0,1.0,2.0,2.0,3.0,3.0,4.0,4.0,5.0,6.0,9.0,inferred
Swale,2021-05-27,0.0,0.0,1.0,1.0,1.0,2.0,2.0,3.0,3.0,4.0,4.0,6.0,8.0,inferred
Swale,2021-05-28,0.0,0.0,1.0,1.0,1.0,2.0,2.0,3.0,3.0,4.0,4.0,5.0,7.0,inferred
Swale,2021-05-29,0.0,0.0,0.0,1.0,1.0,1.0,2.0,2.0,3.0,3.0,3.0,4.1,7.0,inferred
Swale,2021-05-30,0.0,0.0,1.0,1.0,1.0,1.0,2.0,2.0,3.0,3.0,4.0,5.0,7.0,inferred
Swale,2021-05-31,0.0,0.0,1.0,1.0,1.0,2.0,2.0,3.0,4.0,4.0,5.0,6.0,9.0,inferred
Swale,2021-06-01,0.0,0.0,1.0,1.0,1.0,2.0,2.0,3.0,4.0,4.0,5.0,6.0,8.0,inferred
Swale,2021-06-02,0.0,0.0,1.0,1.0,1.0,2.0,3.0,3.0,4.0,4.0,5.0,6.0,8.5,inferred
Swale,2021-06-03,0.0,0.0,1.0,1.0,1.0,2.0,2.0,3.0,4.0,4.0,4.0,6.0,8.0,inferred
Swale,2021-06-04,0.0,0.0,1.0,1.0,1.0,2.0,2.0,3.0,3.0,4.0,4.0,6.0,8.0,inferred
Swale,2021-06-05,0.0,0.0,0.0,1.0,1.0,1.0,2.0,2.0,3.0,3.0,4.0,5.0,7.0,inferred
Swale,2021-06-06,0.0,0.0,1.0,1.0,1.0,2.0,2.0,3.0,4.0,4.0,5.0,6.0,9.0,inferred
Swale,2021-06-07,0.0,1.0,1.0,2.0,2.0,3.0,3.0,4.0,5.0,5.0,5.0,7.0,10.0,inferred
Swale,2021-06-08,0.0,1.0,1.0,2.0,2.0,3.0,3.0,4.0,5.0,5.0,6.0,7.0,9.5,inferred
Swale,2021-06-09,0.0,1.0,2.0,2.0,3.0,3.0,4.0,4.0,5.0,6.0,6.0,8.0,10.0,inferred
Swale,2021-06-10,0.0,1.0,2.0,2.0,2.0,3.0,4.0,4.0,5.0,5.0,6.0,8.0,10.5,inferred
Swale,2021-06-11,0.0,1.0,2.0,2.0,2.0,3.0,3.0,4.0,5.0,5.0,6.0,7.0,10.0,inferred
Swale,2021-06-12,0.0,0.9,1.0,1.0,2.0,2.0,3.0,3.0,4.0,5.0,5.0,6.0,9.0,inferred
Swale,2021-06-13,0.0,1.0,2.0,2.0,2.0,3.0,4.0,4.0,5.0,5.0,6.0,7.0,10.0,inferred
Swale,2021-06-14,0.0,1.0,2.0,3.0,3.0,4.0,5.0,5.0,6.0,7.0,7.0,9.0,12.0,inferred
Swale,2021-06-15,0.0,2.0,2.0,3.0,3.0,4.0,5.0,5.0,6.0,7.0,7.0,9.0,12.0,inferred
Swale,2021-06-16,1.0,2.0,3.0,3.0,3.7,4.0,5.0,6.0,7.0,7.0,8.0,9.0,13.0,inferred
Swale,2021-06-17,1.0,2.0,3.0,3.0,3.0,4.0,5.0,6.0,7.0,7.0,8.0,9.0,13.0,inferred
Swale,2021-06-18,0.0,1.0,2.0,3.0,3.0,4.0,4.0,5.0,6.0,7.0,7.0,9.0,12.0,inferred
Swansea,2021-03-06,2.5,5.0,6.0,6.0,7.0,8.0,9.0,10.0,11.0,12.0,12.0,15.0,19.0,inferred
Swansea,2021-03-07,3.0,5.0,6.0,7.0,8.0,9.0,10.0,11.0,12.0,13.0,14.0,16.0,20.0,inferred
Swansea,2021-03-08,6.0,9.0,11.0,12.0,12.0,14.0,15.0,17.0,18.0,19.0,20.0,23.0,28.0,inferred
Swansea,2021-03-09,5.0,8.0,10.0,11.0,12.0,13.0,14.0,16.0,17.0,18.0,19.0,22.0,27.0,inferred
Swansea,2021-03-10,8.0,10.0,12.0,13.0,14.0,15.0,17.0,18.0,20.0,21.0,22.0,25.0,30.0,inferred
Swansea,2021-03-11,8.0,11.0,13.0,14.0,15.0,16.0,18.0,19.0,21.0,22.0,23.0,26.1,32.0,inferred
Swansea,2021-03-12,7.0,10.0,12.0,13.0,13.0,15.0,16.0,18.0,19.0,20.0,21.0,24.0,29.0,inferred
Swansea,2021-03-13,5.0,8.0,10.0,10.0,11.0,12.0,14.0,15.0,16.0,17.0,18.0,21.0,25.0,inferred
Swansea,2021-03-14,6.0,9.0,11.0,12.0,12.0,14.0,15.0,17.0,18.0,19.0,20.0,23.0,28.0,inferred
Swansea,2021-03-15,11.0,14.0,16.0,18.0,18.0,20.0,22.0,24.0,25.0,26.2,28.0,31.0,36.5,inferred
Swansea,2021-03-16,9.0,12.0,15.0,16.0,16.0,18.0,20.0,21.0,23.0,24.0,25.0,29.0,34.0,inferred
Swansea,2021-03-17,12.0,15.0,17.0,18.0,19.0,21.0,22.0,24.0,26.0,27.0,29.0,33.0,38.0,inferred
Swansea,2021-03-18,12.0,15.0,18.0,19.0,20.0,21.0,23.0,25.0,26.0,27.0,29.0,32.0,38.0,inferred
Swansea,2021-03-19,9.0,13.0,15.0,16.0,17.0,18.0,20.0,22.0,23.0,24.0,25.0,29.0,34.0,inferred
Swansea,2021-03-20,7.0,10.0,12.0,13.0,13.0,15.0,16.0,18.0,19.0,20.0,21.0,23.0,28.0,inferred
Swansea,2021-03-21,8.0,11.0,13.0,14.0,15.0,16.0,18.0,19.0,21.0,22.0,23.0,26.0,31.0,inferred
Swansea,2021-03-22,13.0,17.0,20.0,21.0,22.0,24.0,25.0,27.0,29.0,30.0,32.0,35.0,41.0,inferred
Swansea,2021-03-23,10.0,14.0,17.0,18.0,19.0,21.0,22.0,24.0,26.0,27.0,28.0,31.0,38.0,inferred
Swansea,2021-03-24,12.0,16.0,19.0,19.0,20.0,22.0,24.0,26.0,28.0,29.0,30.0,33.0,39.0,inferred
Swansea,2021-03-25,11.0,15.0,17.0,18.0,19.0,21.0,23.0,24.4,26.0,28.0,29.0,32.0,38.0,inferred
Swansea,2021-03-26,8.0,11.0,14.0,14.0,15.0,17.0,18.0,19.0,21.0,22.0,23.0,27.0,32.0,inferred
Swansea,2021-03-27,6.0,8.0,10.0,10.0,11.0,13.0,14.0,15.0,17.0,17.0,18.0,21.0,25.0,inferred
Swansea,2021-03-28,6.0,8.0,10.0,11.0,11.0,13.0,14.0,15.0,17.0,18.0,18.2,21.0,25.0,inferred
Swansea,2021-03-29,8.5,11.0,14.0,14.0,15.0,17.0,19.0,20.0,22.0,23.0,25.0,27.0,33.0,inferred
Swansea,2021-03-30,7.0,9.0,11.0,12.0,13.0,14.0,15.0,17.0,18.0,19.0,20.0,23.0,27.0,inferred
Swansea,2021-03-31,7.0,10.0,12.0,13.0,13.0,15.0,16.5,18.0,19.0,20.0,21.0,24.0,29.0,inferred
Swansea,2021-04-01,7.0,9.0,11.0,12.0,13.0,14.0,16.0,17.0,18.0,19.0,20.0,23.0,28.0,inferred
Swansea,2021-04-02,5.0,7.0,9.0,9.0,10.0,11.0,13.0,14.0,15.0,16.0,17.0,20.0,24.0,inferred
Swansea,2021-04-03,3.0,5.0,6.0,7.0,7.0,8.0,10.0,11.0,12.0,13.0,14.0,16.0,20.0,inferred
Swansea,2021-04-04,3.0,5.0,7.0,7.0,8.0,9.0,10.0,11.0,12.0,13.0,14.0,16.0,20.0,inferred
Swansea,2021-04-05,5.0,8.0,9.0,10.0,11.0,12.0,13.0,15.0,16.0,17.0,17.0,20.0,24.0,inferred
Swansea,2021-04-06,3.0,6.0,7.0,8.0,9.0,10.0,11.0,12.0,14.0,14.0,15.0,18.0,22.0,inferred
Swansea,2021-04-07,4.5,7.0,8.0,9.0,10.0,11.0,12.0,13.0,15.0,15.0,16.0,19.0,23.0,inferred
Swansea,2021-04-08,4.0,6.0,8.0,9.0,9.0,10.0,12.0,13.0,14.0,15.0,16.0,19.0,23.0,inferred
Swansea,2021-04-09,3.0,5.0,6.0,7.0,7.0,8.0,10.0,11.0,12.0,13.0,13.0,16.0,20.0,inferred
Swansea,2021-04-10,2.0,3.0,5.0,5.0,6.0,6.0,7.0,8.0,9.0,10.0,11.0,13.0,16.0,inferred
Swansea,2021-04-11,2.0,3.0,5.0,5.0,6.0,7.0,8.0,9.0,10.0,10.0,11.0,13.0,17.0,inferred
Swansea,2021-04-12,4.0,6.0,7.0,8.0,8.0,10.0,11.0,12.0,13.0,14.0,14.0,17.0,21.0,inferred
Swansea,2021-04-13,2.0,4.0,6.0,6.0,7.0,8.0,9.0,10.0,11.0,12.0,13.0,15.0,18.0,inferred
Swansea,2021-04-14,3.0,5.0,6.0,7.0,7.0,8.6,10.0,11.0,12.0,13.0,13.0,16.0,20.0,inferred
Swansea,2021-04-15,3.0,4.0,6.0,6.0,7.0,8.0,9.0,10.0,11.0,12.0,13.0,15.0,18.0,inferred
Swansea,2021-04-16,2.0,3.0,4.0,5.0,5.0,6.0,7.0,8.0,9.0,10.0,11.0,13.0,17.0,inferred
Swansea,2021-04-17,1.0,2.0,3.0,3.0,4.0,5.0,5.0,6.0,7.0,8.0,8.0,10.0,13.0,inferred
Swansea,2021-04-18,1.0,2.0,3.0,4.0,4.0,5.0,6.0,6.0,7.0,8.0,9.0,11.0,14.0,inferred
Swansea,2021-04-19,2.0,3.0,5.0,5.0,6.0,7.0,8.0,9.0,10.0,11.0,11.0,13.0,17.0,inferred
Swansea,2021-04-20,1.0,3.0,4.0,4.8,5.0,6.0,7.0,7.0,9.0,9.0,10.0,12.0,15.0,inferred
Swansea,2021-04-21,2.0,3.0,4.0,5.0,5.0,6.0,7.0,8.0,9.0,9.0,10.0,12.0,16.0,inferred
Swansea,2021-04-22,1.0,3.0,4.0,5.0,5.0,6.0,7.0,8.0,9.0,9.0,10.0,12.0,15.0,inferred
Swansea,2021-04-23,1.0,2.0,3.0,3.0,4.0,5.0,5.0,6.0,7.0,8.0,8.0,10.0,14.0,inferred
Swansea,2021-04-24,0.0,1.0,2.0,2.0,2.0,3.0,4.0,4.0,5.0,6.0,6.0,8.0,11.0,inferred
Swansea,2021-04-25,0.0,1.0,2.0,2.0,3.0,3.0,4.0,5.0,6.0,6.0,7.0,8.0,11.0,inferred
Swansea,2021-04-26,1.0,2.0,3.0,3.0,4.0,4.0,5.0,6.0,7.0,7.0,8.0,10.0,13.0,inferred
Swansea,2021-04-27,0.0,1.0,2.0,2.0,3.0,3.0,4.0,5.0,6.0,6.0,7.0,9.0,11.5,inferred
Swansea,2021-04-28,0.0,1.9,2.0,3.0,3.0,4.0,4.0,5.0,6.0,7.0,7.0,9.0,12.0,inferred
Swansea,2021-04-29,0.0,1.0,2.0,2.8,3.0,3.0,4.0,5.0,6.0,6.0,7.0,8.0,11.0,inferred
Swansea,2021-04-30,0.0,1.0,1.0,2.0,2.0,3.0,3.0,4.0,4.0,5.0,5.0,7.0,10.0,inferred
Swansea,2021-05-01,0.0,0.0,1.0,1.0,1.0,2.0,2.0,3.0,4.0,4.0,4.0,6.0,8.0,inferred
Swansea,2021-05-02,0.0,0.0,1.0,1.0,1.0,2.0,2.0,3.0,3.0,4.0,4.0,6.0,8.0,inferred
Swansea,2021-05-03,0.0,1.0,1.0,2.0,2.0,3.0,3.0,4.0,5.0,5.0,6.0,7.0,10.0,inferred
Swansea,2021-05-04,0.0,1.0,1.0,2.0,2.0,2.0,3.0,4.0,4.0,5.0,5.0,6.0,9.0,inferred
Swansea,2021-05-05,0.0,1.0,1.0,2.0,2.0,3.0,3.0,4.0,5.0,5.0,5.0,7.0,10.0,inferred
Swansea,2021-05-06,0.0,1.0,1.0,2.0,2.0,2.0,3.0,4.0,4.0,5.0,5.0,7.0,10.0,inferred
Swansea,2021-05-07,0.0,1.0,1.0,1.0,2.0,2.0,3.0,3.0,4.0,4.0,5.0,7.0,9.0,inferred
Swansea,2021-05-08,0.0,0.0,1.0,1.0,1.0,2.0,2.0,3.0,3.0,4.0,4.0,5.0,8.0,inferred
Swansea,2021-05-09,0.0,0.0,1.0,1.0,1.0,2.0,2.0,3.0,4.0,4.0,4.0,6.0,8.0,inferred
Swansea,2021-05-10,0.0,1.0,2.0,2.0,2.0,3.0,3.0,4.0,5.0,5.0,6.0,7.0,10.0,inferred
Swansea,2021-05-11,0.0,1.0,1.0,2.0,2.0,2.0,3.0,4.0,4.0,5.0,5.0,7.0,9.0,inferred
Swansea,2021-05-12,0.0,1.0,2.0,2.0,2.0,3.0,3.0,4.0,5.0,5.0,6.0,8.0,10.5,inferred
Swansea,2021-05-13,0.0,1.0,2.0,2.0,2.0,3.0,3.0,4.0,5.0,6.0,6.0,8.0,10.0,inferred
Swansea,2021-05-14,0.0,1.0,1.0,2.0,2.0,2.0,3.0,4.0,4.0,5.0,5.0,7.0,9.0,inferred
Swansea,2021-05-15,0.0,0.0,1.0,1.0,1.0,2.0,2.0,3.0,4.0,4.0,4.0,6.0,8.0,inferred
Swansea,2021-05-16,0.0,0.0,1.0,1.0,1.0,2.0,3.0,3.0,4.0,4.0,5.0,6.0,8.0,inferred
Swansea,2021-05-17,0.0,1.0,2.0,2.0,2.0,3.0,4.0,5.0,5.0,6.0,6.0,8.0,11.0,inferred
Swansea,2021-05-18,0.0,1.0,1.0,2.0,2.0,3.0,3.0,4.0,5.0,5.0,6.0,7.0,10.0,inferred
Swansea,2021-05-19,0.0,1.0,2.0,2.0,3.0,3.0,4.0,4.0,5.0,6.0,6.0,8.0,11.0,inferred
Swansea,2021-05-20,0.0,1.0,2.0,2.0,2.0,3.0,4.0,4.0,5.0,6.0,6.0,8.0,11.0,inferred
Swansea,2021-05-21,0.0,1.0,1.0,2.0,2.0,2.0,3.0,4.0,4.0,5.0,6.0,7.0,10.0,inferred
Swansea,2021-05-22,0.0,0.0,1.0,1.0,1.0,2.0,3.0,3.0,4.0,4.0,5.0,6.0,8.0,inferred
Swansea,2021-05-23,0.0,0.0,1.0,1.0,2.0,2.0,3.0,3.0,4.0,4.0,5.0,6.0,9.0,inferred
Swansea,2021-05-24,0.0,1.0,2.0,2.0,2.0,3.0,4.0,5.0,6.0,6.0,6.0,8.0,10.0,inferred
Swansea,2021-05-25,0.0,1.0,1.0,2.0,2.0,3.0,3.0,4.0,5.0,5.0,6.0,7.0,10.0,inferred
Swansea,2021-05-26,0.0,1.0,2.0,2.0,3.0,3.0,4.0,5.0,6.0,6.0,7.0,8.0,11.0,inferred
Swansea,2021-05-27,0.0,1.0,2.0,3.0,3.0,3.0,4.0,5.0,6.0,6.0,7.0,8.0,12.0,inferred
Swansea,2021-05-28,0.0,1.0,2.0,2.0,3.0,3.0,4.0,5.0,5.0,6.0,6.2,8.0,11.0,inferred
Swansea,2021-05-29,0.0,1.0,2.0,2.0,2.0,3.0,3.0,4.0,5.0,5.0,6.0,7.0,10.0,inferred
Swansea,2021-05-30,0.0,1.0,2.0,2.0,2.0,3.0,4.0,5.0,5.0,6.0,6.0,8.0,11.0,inferred
Swansea,2021-05-31,1.0,2.0,3.0,4.0,4.0,5.0,6.0,7.0,8.0,9.0,9.0,11.0,14.0,inferred
Swansea,2021-06-01,1.0,2.0,3.0,4.0,4.0,5.0,6.0,6.0,7.0,8.0,9.0,11.0,14.0,inferred
Swansea,2021-06-02,2.0,3.0,4.0,5.0,5.0,6.0,7.0,8.0,9.0,10.0,11.0,13.0,16.5,inferred
Swansea,2021-06-03,2.0,4.0,5.0,5.0,6.0,7.0,8.0,9.0,10.0,10.0,11.0,13.0,16.0,inferred
Swansea,2021-06-04,2.0,3.0,4.0,5.0,5.0,6.0,7.0,8.0,9.0,10.0,10.0,12.0,16.0,inferred
Swansea,2021-06-05,1.0,2.0,3.0,4.0,4.0,5.0,6.0,7.0,8.0,8.0,9.0,11.0,14.5,inferred
Swansea,2021-06-06,1.0,3.0,4.0,4.0,5.0,6.0,7.0,8.0,9.0,9.0,10.0,12.0,15.0,inferred
Swansea,2021-06-07,3.0,5.0,7.0,7.0,8.0,9.0,10.0,11.0,12.0,13.0,14.0,16.0,20.0,inferred
Swansea,2021-06-08,2.0,4.0,6.0,7.0,7.0,8.0,9.0,10.0,11.0,12.0,13.0,15.0,19.5,inferred
Swansea,2021-06-09,3.0,5.0,7.0,8.0,8.0,10.0,10.0,12.0,13.0,14.0,15.0,17.0,21.5,inferred
Swansea,2021-06-10,3.0,5.0,7.0,8.0,8.0,9.0,10.0,12.0,13.0,14.0,15.0,17.0,21.0,inferred
Swansea,2021-06-11,3.0,4.0,6.0,6.0,7.0,8.0,9.0,10.4,12.0,12.0,13.0,15.0,19.0,inferred
Swansea,2021-06-12,2.0,3.0,5.0,5.0,6.0,6.0,7.0,8.0,9.0,10.0,11.0,13.0,16.0,inferred
Swansea,2021-06-13,2.0,4.0,5.0,6.0,6.0,7.0,8.0,9.0,10.0,11.0,11.0,13.0,17.0,inferred
Swansea,2021-06-14,5.0,7.0,8.0,9.0,10.0,11.0,12.0,13.0,15.0,16.0,16.0,19.0,23.0,inferred
Swansea,2021-06-15,4.0,6.0,8.0,8.0,9.0,10.0,11.0,12.0,14.0,14.0,15.0,18.0,22.0,inferred
Swansea,2021-06-16,5.0,7.0,9.0,9.0,10.0,11.0,13.0,14.0,16.0,17.0,17.0,21.0,25.5,inferred
Swansea,2021-06-17,5.0,7.0,9.0,10.0,11.0,12.0,13.0,15.0,16.0,17.0,18.0,21.0,26.0,inferred
Swansea,2021-06-18,4.0,6.0,8.0,9.0,10.0,11.0,12.0,14.0,15.0,16.0,17.0,20.0,25.0,inferred
Swindon,2021-03-06,7.0,10.0,11.0,12.0,13.0,14.0,15.0,16.4,18.0,19.0,20.0,22.0,27.0,inferred
Swindon,2021-03-07,12.0,15.0,17.0,18.0,18.0,20.0,21.0,23.0,24.0,25.0,26.0,29.0,33.0,inferred
Swindon,2021-03-08,15.5,19.0,21.0,22.0,23.0,25.0,26.5,28.0,30.0,31.0,32.0,35.0,40.0,inferred
Swindon,2021-03-09,12.0,15.0,18.0,19.0,19.0,21.0,23.0,24.0,26.0,26.0,27.0,30.0,35.0,inferred
Swindon,2021-03-10,15.0,18.0,20.0,21.0,22.0,24.0,25.0,27.0,29.0,30.0,31.0,34.0,38.0,inferred
Swindon,2021-03-11,12.0,16.0,19.0,20.0,20.0,22.0,23.0,25.0,27.0,28.0,29.0,32.0,37.0,inferred
Swindon,2021-03-12,10.0,13.0,15.0,16.0,17.0,18.0,20.0,21.0,23.0,23.0,24.0,27.0,30.5,inferred
Swindon,2021-03-13,7.0,9.0,11.0,12.0,12.0,14.0,15.0,16.0,18.0,18.0,19.0,21.0,25.5,inferred
Swindon,2021-03-14,10.0,13.0,15.0,16.0,17.0,18.0,19.0,21.0,22.0,23.0,25.0,28.0,32.0,inferred
Swindon,2021-03-15,13.0,17.0,20.0,21.0,21.0,23.0,25.0,26.0,28.0,29.0,30.0,33.0,38.0,inferred
Swindon,2021-03-16,11.0,14.0,16.0,17.0,18.0,19.0,21.0,22.0,24.0,25.0,26.0,29.0,34.0,inferred
Swindon,2021-03-17,14.0,17.0,20.0,21.0,22.0,23.0,25.0,26.0,28.0,29.0,30.0,34.0,39.0,inferred
Swindon,2021-03-18,13.0,16.0,19.0,19.0,20.0,22.0,23.0,25.0,26.0,27.0,28.0,32.0,37.0,inferred
Swindon,2021-03-19,9.0,13.0,15.0,15.0,16.0,18.0,19.0,21.0,22.0,23.0,24.0,27.0,32.0,inferred
Swindon,2021-03-20,7.0,9.0,11.0,12.0,12.0,13.0,14.0,16.0,17.0,18.0,19.0,21.0,25.0,inferred
Swindon,2021-03-21,10.0,13.0,15.0,16.0,17.0,19.0,20.0,21.0,23.0,24.0,25.0,28.0,33.0,inferred
Swindon,2021-03-22,14.0,17.0,19.0,21.0,21.0,23.0,25.0,26.0,28.0,29.0,30.0,34.0,39.0,inferred
Swindon,2021-03-23,11.0,14.0,16.0,17.0,18.0,20.0,21.0,22.0,24.0,25.0,26.0,29.0,34.0,inferred
Swindon,2021-03-24,13.0,16.0,19.0,20.0,20.0,22.0,24.0,25.0,27.0,28.0,29.0,33.0,37.0,inferred
Swindon,2021-03-25,11.0,15.0,17.0,18.0,18.0,20.0,21.0,22.4,24.0,25.0,26.0,29.0,34.0,inferred
Swindon,2021-03-26,9.0,11.0,13.8,14.0,15.0,16.0,18.0,19.0,20.0,21.0,22.0,24.0,29.0,inferred
Swindon,2021-03-27,5.0,7.0,9.0,10.0,10.0,11.0,13.0,14.0,15.0,16.0,16.0,19.0,22.0,inferred
Swindon,2021-03-28,8.0,11.0,13.0,13.0,14.0,15.0,17.0,18.0,19.0,20.0,21.0,24.0,29.0,inferred
Swindon,2021-03-29,10.0,13.0,15.0,16.0,17.0,18.0,19.0,21.0,23.0,24.0,25.0,27.0,33.0,inferred
Swindon,2021-03-30,8.0,10.0,12.0,13.0,13.0,15.0,16.0,17.0,19.0,20.0,20.0,23.0,27.0,inferred
Swindon,2021-03-31,9.0,12.0,14.0,14.0,15.0,16.0,18.0,19.0,21.0,22.0,23.0,25.0,30.0,inferred
Swindon,2021-04-01,7.0,10.0,12.0,12.0,13.0,14.0,15.0,17.0,18.0,19.0,20.0,22.0,27.0,inferred
Swindon,2021-04-02,5.0,7.0,9.0,9.0,10.0,11.0,12.0,13.0,15.0,15.0,16.0,18.0,22.0,inferred
Swindon,2021-04-03,2.5,4.9,6.0,7.0,7.0,8.0,9.0,10.0,11.0,11.0,12.0,14.0,17.0,inferred
Swindon,2021-04-04,4.0,6.0,8.0,8.0,9.0,10.0,11.0,12.0,13.0,14.0,14.0,16.0,20.0,inferred
Swindon,2021-04-05,5.0,7.0,9.0,10.0,10.0,11.6,12.0,14.0,15.0,16.0,16.0,19.0,23.0,inferred
Swindon,2021-04-06,4.0,6.0,7.0,8.0,8.0,9.0,10.0,11.0,12.0,13.0,14.0,16.0,20.0,inferred
Swindon,2021-04-07,4.0,7.0,8.0,9.0,10.0,11.0,12.0,13.0,14.0,15.0,15.0,17.0,21.0,inferred
Swindon,2021-04-08,4.0,6.0,7.0,8.0,8.0,9.0,10.0,11.0,12.0,13.0,14.0,16.0,19.0,inferred
Swindon,2021-04-09,2.0,4.0,5.0,6.0,6.0,7.0,8.0,9.0,10.0,11.0,12.0,14.0,17.0,inferred
Swindon,2021-04-10,1.0,3.0,3.0,4.0,4.0,5.0,6.0,7.0,8.0,8.0,9.0,10.0,13.0,inferred
Swindon,2021-04-11,2.0,4.0,5.0,6.0,6.0,7.0,8.0,9.0,10.0,10.0,11.0,13.0,16.0,inferred
Swindon,2021-04-12,3.0,5.0,6.0,7.0,7.0,9.0,9.0,11.0,12.0,12.0,13.0,15.0,18.0,inferred
Swindon,2021-04-13,2.0,4.0,6.0,6.0,7.0,7.0,8.0,9.0,10.0,11.0,11.0,14.0,17.0,inferred
Swindon,2021-04-14,3.0,6.0,7.0,8.0,8.0,9.0,10.0,11.0,12.0,13.0,13.2,16.0,19.0,inferred
Swindon,2021-04-15,3.0,5.0,6.0,7.0,7.0,8.0,9.0,10.0,11.0,12.0,13.0,15.0,18.0,inferred
Swindon,2021-04-16,2.0,4.0,5.0,6.0,6.0,7.0,8.0,9.0,10.0,10.0,11.0,13.0,16.0,inferred
Swindon,2021-04-17,1.0,3.0,4.0,4.0,4.7,5.0,6.0,7.0,8.0,8.0,9.0,11.0,14.0,inferred
Swindon,2021-04-18,2.0,4.0,6.0,6.0,7.0,7.0,8.0,9.0,10.0,11.0,12.0,14.0,17.0,inferred
Swindon,2021-04-19,4.0,6.0,7.0,8.0,8.0,9.0,10.0,11.0,13.0,13.0,14.0,16.0,20.0,inferred
Swindon,2021-04-20,3.0,5.0,6.0,6.0,7.0,8.0,9.0,10.0,11.0,12.0,13.0,15.0,18.0,inferred
Swindon,2021-04-21,4.0,6.0,7.0,8.0,8.0,9.6,11.0,12.0,13.0,14.0,14.0,16.0,20.0,inferred
Swindon,2021-04-22,3.0,5.0,7.0,7.0,8.0,9.0,10.0,11.0,12.0,13.0,13.0,16.0,19.0,inferred
Swindon,2021-04-23,2.0,4.0,6.0,6.0,6.0,7.0,8.0,9.0,10.0,11.0,11.0,13.0,16.0,inferred
Swindon,2021-04-24,1.0,3.0,4.0,4.0,4.0,5.0,6.0,7.0,8.0,8.0,9.0,10.0,14.0,inferred
Swindon,2021-04-25,2.5,4.0,6.0,6.0,6.0,7.0,8.0,9.0,10.0,11.0,11.0,13.0,16.0,inferred
Swindon,2021-04-26,4.0,5.0,7.0,7.0,8.0,9.0,10.0,11.0,12.0,13.0,14.0,16.0,20.0,inferred
Swindon,2021-04-27,3.0,4.0,5.0,6.0,7.0,8.0,8.0,9.0,11.0,11.0,12.0,14.0,17.0,inferred
Swindon,2021-04-28,3.0,5.0,6.0,7.0,7.0,8.0,10.0,11.0,12.0,12.0,13.0,15.0,19.0,inferred
Swindon,2021-04-29,2.0,4.0,6.0,6.0,7.0,8.0,9.0,9.0,10.0,11.0,12.0,14.0,17.0,inferred
Swindon,2021-04-30,2.0,3.0,4.0,5.0,5.0,6.0,6.0,7.0,8.0,9.0,9.0,11.0,14.0,inferred
Swindon,2021-05-01,1.0,2.0,3.0,3.0,3.0,4.0,5.0,5.0,6.0,7.0,7.0,9.0,11.0,inferred
Swindon,2021-05-02,1.0,3.0,4.0,4.0,4.0,5.0,6.0,7.0,8.0,8.0,9.0,10.0,13.0,inferred
Swindon,2021-05-03,2.0,3.0,5.0,5.0,6.0,6.0,7.0,8.0,9.0,10.0,10.0,12.0,15.0,inferred
Swindon,2021-05-04,1.0,2.0,4.0,4.0,4.0,5.0,6.0,7.0,8.0,8.0,9.0,11.0,13.0,inferred
Swindon,2021-05-05,2.0,3.0,4.0,5.0,5.0,6.0,7.0,8.0,9.0,9.0,10.0,11.0,14.0,inferred
Swindon,2021-05-06,1.0,3.0,4.0,4.0,4.7,5.0,6.0,7.0,8.0,8.0,9.0,10.1,13.0,inferred
Swindon,2021-05-07,1.0,2.0,3.0,3.0,4.0,4.0,5.0,6.0,7.0,7.0,8.0,9.0,12.0,inferred
Swindon,2021-05-08,0.0,1.0,2.0,2.0,2.0,3.0,4.0,4.0,5.0,5.0,6.0,7.0,10.0,inferred
Swindon,2021-05-09,1.0,2.0,3.0,3.0,4.0,4.0,5.0,6.0,7.0,7.0,8.0,9.0,12.0,inferred
Swindon,2021-05-10,1.0,3.0,4.0,4.0,4.0,5.0,6.0,7.0,8.0,8.0,9.0,10.0,14.0,inferred
Swindon,2021-05-11,1.0,2.0,3.0,3.0,4.0,4.0,5.0,6.0,7.0,7.0,8.0,9.0,12.0,inferred
Swindon,2021-05-12,1.0,3.0,4.0,4.0,5.0,5.0,6.0,7.0,8.0,8.0,9.0,10.0,14.0,inferred
Swindon,2021-05-13,1.0,2.0,3.0,4.0,4.0,5.0,5.0,6.0,7.0,8.0,8.0,10.0,12.0,inferred
Swindon,2021-05-14,1.0,2.0,2.0,3.0,3.0,4.0,4.0,5.0,6.0,6.0,7.0,8.0,11.0,inferred
Swindon,2021-05-15,0.0,1.0,1.0,2.0,2.0,3.0,3.0,4.0,4.0,5.0,5.0,7.0,9.0,inferred
Swindon,2021-05-16,1.0,2.0,2.0,3.0,3.0,4.0,4.0,5.0,6.0,6.0,7.0,9.0,11.0,inferred
Swindon,2021-05-17,1.0,2.0,3.0,3.8,4.0,5.0,5.0,6.0,7.0,7.0,8.0,9.0,13.0,inferred
Swindon,2021-05-18,1.0,2.0,2.0,3.0,3.0,4.0,5.0,5.0,6.0,7.0,7.0,9.0,11.0,inferred
Swindon,2021-05-19,1.0,2.0,3.0,4.0,4.0,5.0,6.0,6.0,7.0,8.0,8.0,10.0,13.0,inferred
Swindon,2021-05-20,1.0,2.0,3.0,3.0,4.0,4.0,5.0,6.0,6.0,7.0,8.0,9.0,12.0,inferred
Swindon,2021-05-21,0.5,1.0,2.0,3.0,3.0,3.0,4.0,5.0,5.0,6.0,6.2,8.0,11.0,inferred
Swindon,2021-05-22,0.0,1.0,1.0,2.0,2.0,2.0,3.0,4.0,4.0,5.0,5.0,6.0,8.0,inferred
Swindon,2021-05-23,0.0,1.0,2.0,2.0,3.0,3.0,4.0,5.0,6.0,6.0,6.0,8.0,11.0,inferred
Swindon,2021-05-24,1.0,2.0,3.0,3.0,4.0,4.0,5.0,6.0,7.0,7.0,8.0,9.0,12.0,inferred
Swindon,2021-05-25,1.0,2.0,2.0,3.0,3.0,4.0,4.0,5.0,6.0,6.0,7.0,9.0,11.0,inferred
Swindon,2021-05-26,1.0,2.0,3.0,4.0,4.0,5.0,6.0,6.0,7.0,8.0,8.0,10.0,13.0,inferred
Swindon,2021-05-27,1.0,2.0,3.0,3.0,4.0,4.0,5.0,6.0,7.0,7.0,8.0,10.0,13.0,inferred
Swindon,2021-05-28,1.0,2.0,3.0,3.0,3.0,4.0,5.0,5.0,6.0,7.0,7.0,9.0,12.0,inferred
Swindon,2021-05-29,0.0,1.0,2.0,2.0,3.0,3.0,4.0,5.0,5.0,6.0,6.0,7.1,10.0,inferred
Swindon,2021-05-30,1.0,2.0,3.0,4.0,4.0,5.0,6.0,6.0,7.0,8.0,8.0,10.0,13.0,inferred
Swindon,2021-05-31,2.0,3.0,5.0,5.0,5.0,6.0,7.0,8.0,9.0,10.0,10.0,12.0,16.0,inferred
Swindon,2021-06-01,2.0,3.0,4.0,4.0,5.0,6.0,7.0,7.0,8.0,9.0,10.0,11.0,14.5,inferred
Swindon,2021-06-02,2.0,4.0,5.0,6.0,6.0,7.0,8.0,9.0,10.0,11.0,12.0,13.0,16.0,inferred
Swindon,2021-06-03,2.0,4.0,5.0,6.0,6.0,7.0,8.0,9.0,10.0,10.0,11.0,13.0,16.0,inferred
Swindon,2021-06-04,2.0,3.0,4.0,5.0,5.0,6.0,7.0,8.0,9.0,10.0,10.0,12.0,15.0,inferred
Swindon,2021-06-05,1.0,2.0,3.0,4.0,4.0,5.0,6.0,6.0,7.0,8.0,8.2,10.0,13.0,inferred
Swindon,2021-06-06,2.0,4.0,5.0,6.0,6.0,7.0,8.0,9.0,10.0,11.0,11.0,13.0,18.0,inferred
Swindon,2021-06-07,4.0,6.0,7.0,8.0,9.0,10.0,11.0,12.0,13.0,14.0,15.0,17.0,21.0,inferred
Swindon,2021-06-08,3.5,6.0,7.0,7.8,8.0,9.0,10.0,11.0,12.0,13.0,14.0,16.0,19.0,inferred
Swindon,2021-06-09,5.0,8.0,10.0,10.0,11.0,12.0,13.0,15.0,16.0,17.0,17.0,20.0,23.0,inferred
Swindon,2021-06-10,6.0,8.0,10.0,11.0,11.0,12.0,14.0,15.0,16.0,17.0,18.0,20.0,24.0,inferred
Swindon,2021-06-11,5.0,7.0,9.0,10.0,10.0,12.0,13.0,14.0,15.0,16.0,16.0,18.0,22.0,inferred
Swindon,2021-06-12,4.0,6.0,7.0,8.0,8.0,9.0,10.0,11.0,13.0,13.0,14.0,16.0,20.0,inferred
Swindon,2021-06-13,7.0,9.0,11.0,12.0,13.0,14.0,15.0,17.0,18.0,19.0,20.0,22.0,26.0,inferred
Swindon,2021-06-14,10.0,14.0,16.0,17.0,18.0,20.0,21.0,22.0,24.0,25.0,26.0,29.0,33.0,inferred
Swindon,2021-06-15,9.0,13.0,14.0,15.0,16.0,18.0,19.0,20.0,22.0,23.0,24.0,26.0,31.5,inferred
Swindon,2021-06-16,13.0,17.0,19.0,20.0,21.0,22.0,24.0,26.0,28.0,29.0,30.0,33.0,38.0,inferred
Swindon,2021-06-17,13.0,16.0,18.0,19.0,20.0,22.0,23.0,25.0,27.0,28.0,29.0,33.0,39.0,inferred
Swindon,2021-06-18,10.0,14.0,16.0,17.0,18.0,19.0,21.0,23.0,25.0,26.0,27.0,30.0,36.0,inferred
Tameside,2021-03-06,17.0,20.0,23.0,24.0,24.0,26.0,27.0,29.0,30.0,31.0,33.0,36.0,39.5,inferred
Tameside,2021-03-07,20.0,25.0,27.0,28.0,29.0,31.0,33.0,34.0,36.0,37.0,38.0,41.0,46.0,inferred
Tameside,2021-03-08,28.0,33.0,36.0,37.0,38.0,40.0,42.0,44.0,46.0,47.0,48.0,52.0,58.0,inferred
Tameside,2021-03-09,28.0,33.0,36.0,37.0,38.0,40.0,42.0,43.0,45.0,47.0,48.0,52.0,57.0,inferred
Tameside,2021-03-10,27.0,33.0,36.0,37.0,38.0,40.0,42.0,44.0,46.0,47.0,49.0,52.0,58.0,inferred
Tameside,2021-03-11,26.0,31.0,34.0,35.0,36.0,38.0,40.0,42.0,44.0,45.0,47.0,51.0,57.0,inferred
Tameside,2021-03-12,22.0,27.0,30.0,31.0,32.0,34.0,35.0,37.0,39.0,40.0,41.2,45.0,49.5,inferred
Tameside,2021-03-13,17.0,20.0,23.0,24.0,25.0,27.0,29.0,30.0,32.0,33.0,34.0,37.0,43.0,inferred
Tameside,2021-03-14,20.0,24.0,27.0,28.0,29.0,31.0,33.0,34.0,36.0,37.0,38.0,42.0,46.0,inferred
Tameside,2021-03-15,27.0,33.0,36.0,37.0,38.0,40.0,42.0,44.0,47.0,48.0,49.0,52.0,59.0,inferred
Tameside,2021-03-16,28.0,32.0,35.0,36.0,37.0,39.0,41.0,44.0,46.0,47.0,48.0,52.0,58.0,inferred
Tameside,2021-03-17,28.0,32.0,35.0,37.0,38.0,39.6,41.0,44.0,46.0,47.0,49.0,52.0,59.0,inferred
Tameside,2021-03-18,25.0,30.0,33.0,34.0,35.0,37.0,39.0,41.0,43.0,44.0,46.0,50.0,56.0,inferred
Tameside,2021-03-19,22.0,26.0,29.0,30.0,31.0,33.0,35.0,36.0,39.0,40.0,41.0,44.0,50.0,inferred
Tameside,2021-03-20,16.0,20.0,22.0,23.0,24.0,26.0,27.0,29.0,31.0,32.0,33.0,36.0,40.0,inferred
Tameside,2021-03-21,19.0,23.0,26.0,27.0,28.0,30.0,32.0,33.0,35.0,36.0,37.2,40.0,45.0,inferred
Tameside,2021-03-22,26.0,31.0,34.0,35.0,36.0,38.0,40.0,42.0,44.0,45.0,46.0,50.0,57.0,inferred
Tameside,2021-03-23,25.0,29.0,32.0,34.0,35.0,37.0,39.0,40.4,43.0,44.0,45.0,49.0,54.0,inferred
Tameside,2021-03-24,23.0,28.0,31.0,32.0,33.0,35.0,37.0,39.0,41.0,43.0,44.0,48.0,53.0,inferred
Tameside,2021-03-25,21.0,25.0,28.0,29.0,30.0,32.0,34.0,35.0,37.0,38.0,40.0,43.0,48.0,inferred
Tameside,2021-03-26,17.0,20.9,23.0,24.0,25.0,27.0,28.0,30.0,32.0,33.0,34.0,37.0,42.0,inferred
Tameside,2021-03-27,11.5,15.0,17.0,18.0,18.0,20.0,21.0,22.0,24.0,25.0,26.0,28.0,32.0,inferred
Tameside,2021-03-28,13.0,16.0,18.0,19.0,20.0,21.0,23.0,24.0,26.0,27.0,28.0,31.0,35.5,inferred
Tameside,2021-03-29,17.0,20.0,23.0,24.0,25.0,26.0,28.0,29.0,31.0,32.0,33.0,36.0,42.0,inferred
Tameside,2021-03-30,15.0,19.0,21.0,22.0,23.0,24.0,26.0,28.0,29.0,30.0,31.0,34.0,39.0,inferred
Tameside,2021-03-31,14.0,17.0,20.0,21.0,22.0,23.0,25.0,26.0,28.0,29.0,30.0,33.0,37.0,inferred
Tameside,2021-04-01,12.0,15.0,17.0,18.0,19.0,20.0,22.0,23.0,25.0,26.0,27.0,30.0,34.0,inferred
Tameside,2021-04-02,9.0,12.0,14.0,14.0,15.0,16.0,18.0,19.0,20.0,21.0,22.0,25.0,29.0,inferred
Tameside,2021-04-03,6.0,8.0,9.0,10.0,11.0,12.0,13.0,14.0,15.0,16.0,17.0,19.0,23.0,inferred
Tameside,2021-04-04,6.0,8.0,10.0,11.0,11.0,12.0,14.0,15.0,16.0,17.0,18.0,20.0,24.0,inferred
Tameside,2021-04-05,8.0,11.0,13.0,13.0,14.0,15.0,17.0,18.0,19.0,20.0,21.0,23.0,27.0,inferred
Tameside,2021-04-06,7.0,10.0,12.0,12.0,13.0,14.0,16.0,16.0,18.0,19.0,19.0,22.0,27.0,inferred
Tameside,2021-04-07,7.0,9.0,11.0,12.0,13.0,14.0,15.0,16.0,17.0,18.0,19.0,21.0,25.0,inferred
Tameside,2021-04-08,7.0,9.0,10.0,11.0,12.0,13.0,14.0,15.0,16.0,17.0,18.0,20.0,23.0,inferred
Tameside,2021-04-09,5.0,7.0,8.0,9.0,9.0,11.0,12.0,13.0,14.0,15.0,16.0,18.0,21.0,inferred
Tameside,2021-04-10,3.0,5.0,6.0,7.0,7.0,8.0,9.0,10.0,11.0,11.0,12.0,14.0,17.0,inferred
Tameside,2021-04-11,3.0,6.0,7.0,8.0,8.0,9.0,10.0,11.0,12.0,12.0,13.0,15.0,19.0,inferred
Tameside,2021-04-12,5.0,7.0,9.0,10.0,10.0,11.0,12.0,14.0,15.0,15.0,16.0,19.0,22.0,inferred
Tameside,2021-04-13,5.0,7.0,9.0,9.0,10.0,11.0,12.0,13.0,14.0,15.0,16.0,18.0,21.0,inferred
Tameside,2021-04-14,5.0,7.0,8.0,9.0,10.0,11.0,12.0,13.0,14.0,15.0,16.0,18.0,21.0,inferred
Tameside,2021-04-15,4.0,6.0,8.0,8.0,9.0,10.0,11.0,12.0,13.0,14.0,15.0,17.0,20.0,inferred
Tameside,2021-04-16,3.0,5.0,7.0,7.0,8.0,8.0,10.0,10.0,12.0,12.0,13.0,15.0,18.0,inferred
Tameside,2021-04-17,2.0,3.0,5.0,5.0,6.0,6.0,7.0,8.0,9.0,9.0,10.0,12.0,14.5,inferred
Tameside,2021-04-18,3.0,4.0,5.0,6.0,6.0,7.0,8.0,9.0,10.0,11.0,11.0,13.0,16.0,inferred
Tameside,2021-04-19,4.0,6.0,7.0,8.0,8.0,9.0,10.0,11.0,12.0,13.0,14.0,16.0,19.0,inferred
Tameside,2021-04-20,3.0,5.0,7.0,7.0,8.0,9.0,10.0,11.0,12.0,13.0,13.0,15.0,18.0,inferred
Tameside,2021-04-21,4.0,5.0,7.0,7.0,8.0,9.0,10.0,11.0,12.0,12.0,13.0,15.0,18.0,inferred
Tameside,2021-04-22,3.0,5.0,6.0,7.0,7.0,8.0,9.0,10.0,11.0,12.0,13.0,15.0,18.0,inferred
Tameside,2021-04-23,2.0,4.0,5.0,6.0,6.0,7.0,8.0,9.0,10.0,10.0,11.0,12.0,15.0,inferred
Tameside,2021-04-24,1.0,3.0,4.0,4.0,5.0,5.0,6.0,7.0,8.0,8.0,9.0,10.0,13.0,inferred
Tameside,2021-04-25,2.0,3.0,4.0,5.0,5.0,6.0,7.0,8.0,9.0,9.0,10.0,11.0,14.0,inferred
Tameside,2021-04-26,3.0,5.0,6.0,6.0,7.0,8.0,9.0,10.0,11.0,11.0,12.0,14.0,18.0,inferred
Tameside,2021-04-27,3.0,5.0,6.0,6.0,7.0,8.0,9.0,10.0,11.0,11.0,12.0,14.0,18.0,inferred
Tameside,2021-04-28,3.0,5.0,6.0,6.0,7.0,8.0,9.0,10.0,11.0,12.0,12.0,14.0,17.0,inferred
Tameside,2021-04-29,3.0,4.0,5.0,6.0,6.0,7.0,8.0,9.0,10.0,10.0,11.0,13.0,15.5,inferred
Tameside,2021-04-30,2.0,4.0,5.0,5.0,6.0,6.0,7.0,8.0,9.0,10.0,10.0,12.0,15.0,inferred
Tameside,2021-05-01,1.0,2.0,3.0,4.0,4.0,5.0,6.0,6.0,7.0,8.0,8.0,10.0,12.0,inferred
Tameside,2021-05-02,2.0,3.0,4.0,5.0,5.0,6.0,7.0,7.0,8.0,9.0,9.0,11.0,13.0,inferred
Tameside,2021-05-03,3.0,5.0,6.0,6.0,7.0,8.0,9.0,10.0,11.0,11.0,12.0,14.0,18.0,inferred
Tameside,2021-05-04,3.0,5.0,6.0,7.0,7.0,8.0,9.0,10.0,11.0,11.0,12.0,14.0,17.0,inferred
Tameside,2021-05-05,3.0,4.0,6.0,6.0,7.0,8.0,9.0,10.0,11.0,11.0,12.0,14.0,18.0,inferred
Tameside,2021-05-06,3.0,5.0,6.0,7.0,7.0,8.0,9.0,10.0,11.0,12.0,12.0,14.0,17.0,inferred
Tameside,2021-05-07,2.0,4.0,5.0,6.0,6.0,7.0,8.0,9.0,9.0,10.0,11.0,12.0,16.0,inferred
Tameside,2021-05-08,2.0,3.0,4.0,4.0,5.0,5.0,6.0,7.0,8.0,8.0,9.0,10.0,13.0,inferred
Tameside,2021-05-09,2.0,3.0,5.0,5.0,5.0,6.0,7.0,8.0,9.0,9.0,10.0,12.0,15.0,inferred
Tameside,2021-05-10,3.0,5.0,6.0,6.0,7.0,8.0,9.0,10.0,11.0,12.0,12.0,14.0,18.0,inferred
Tameside,2021-05-11,3.0,5.0,6.0,7.0,7.0,8.0,9.0,10.0,11.0,11.0,12.0,14.0,17.0,inferred
Tameside,2021-05-12,3.0,5.0,6.0,6.0,7.0,8.0,9.0,10.0,10.0,11.0,12.0,13.0,16.0,inferred
Tameside,2021-05-13,3.0,4.0,5.0,6.0,7.0,7.0,8.0,9.0,10.0,11.0,11.0,13.0,17.0,inferred
Tameside,2021-05-14,2.0,4.0,5.0,5.0,6.0,6.0,7.0,8.0,9.0,9.0,10.0,11.1,15.0,inferred
Tameside,2021-05-15,1.0,2.0,3.0,4.0,4.0,5.0,6.0,6.0,7.0,8.0,8.0,10.0,13.0,inferred
Tameside,2021-05-16,2.0,3.0,4.0,4.0,5.0,6.0,6.0,7.0,8.0,9.0,9.0,11.0,13.0,inferred
Tameside,2021-05-17,3.0,4.0,6.0,6.0,7.0,7.0,8.0,9.0,10.0,11.0,12.0,13.0,16.0,inferred
Tameside,2021-05-18,3.0,5.0,6.0,6.0,7.0,8.0,9.0,9.0,11.0,11.0,12.0,14.0,17.0,inferred
Tameside,2021-05-19,3.0,5.0,7.0,7.0,8.0,8.0,9.0,10.0,11.0,12.0,13.0,14.0,17.0,inferred
Tameside,2021-05-20,4.0,6.0,7.0,8.0,8.0,9.0,10.0,11.0,12.0,12.0,13.0,15.0,18.0,inferred
Tameside,2021-05-21,3.0,5.0,6.0,7.0,7.0,8.0,9.0,10.0,11.0,12.0,13.0,15.0,18.0,inferred
Tameside,2021-05-22,2.0,4.0,5.0,6.0,6.0,7.0,8.0,9.0,10.0,10.0,11.0,13.0,16.0,inferred
Tameside,2021-05-23,4.0,6.0,7.0,8.0,8.0,9.0,10.0,11.0,12.0,13.0,14.0,16.0,18.0,inferred
Tameside,2021-05-24,7.0,9.0,11.0,11.0,12.0,13.0,15.0,16.0,18.0,18.0,19.0,22.0,26.0,inferred
Tameside,2021-05-25,8.0,10.0,12.0,13.0,14.0,15.0,16.0,18.0,19.0,20.0,21.0,23.0,27.0,inferred
Tameside,2021-05-26,9.0,12.0,14.0,15.0,16.0,17.0,19.0,20.0,21.0,22.0,23.0,26.0,30.0,inferred
Tameside,2021-05-27,11.0,14.0,16.0,17.0,17.0,19.0,20.0,22.0,23.0,24.0,25.0,28.0,32.0,inferred
Tameside,2021-05-28,11.0,14.0,16.0,17.0,17.0,19.0,20.0,21.0,23.0,24.0,25.0,27.0,32.0,inferred
Tameside,2021-05-29,9.0,12.0,14.0,14.0,15.0,16.0,18.0,19.0,20.0,21.0,22.0,24.0,28.0,inferred
Tameside,2021-05-30,12.0,16.0,18.0,19.0,19.0,21.0,22.0,24.0,25.0,26.0,27.0,30.0,34.5,inferred
Tameside,2021-05-31,19.0,24.0,27.0,28.0,29.0,31.0,33.0,34.0,36.0,38.0,39.0,42.0,48.5,inferred
Tameside,2021-06-01,22.0,27.0,29.0,31.0,31.0,34.0,35.0,37.0,39.0,41.0,42.0,46.0,52.0,inferred
Tameside,2021-06-02,25.0,29.9,33.0,34.0,35.0,37.0,39.0,41.0,43.0,44.0,45.0,49.0,56.0,inferred
Tameside,2021-06-03,26.0,31.0,34.0,35.0,36.0,39.0,41.0,43.0,45.0,46.0,47.0,51.0,58.0,inferred
Tameside,2021-06-04,26.0,30.0,33.0,34.0,35.0,37.0,39.0,41.0,43.0,44.0,46.0,49.0,56.0,inferred
Tameside,2021-06-05,22.0,25.0,28.0,29.0,30.0,32.0,34.0,35.0,37.0,38.0,40.0,43.0,48.0,inferred
Tameside,2021-06-06,28.0,33.0,36.0,37.0,38.0,40.0,42.0,44.0,47.0,48.0,50.0,53.0,58.5,inferred
Tameside,2021-06-07,42.0,47.0,51.0,52.0,54.0,56.0,59.0,61.0,64.0,65.0,66.0,71.0,79.0,inferred
Tameside,2021-06-08,43.5,49.0,52.0,54.0,56.0,59.0,61.0,63.4,66.0,68.0,69.0,73.1,80.0,inferred
Tameside,2021-06-09,45.0,52.0,55.0,57.0,58.0,61.0,63.0,66.0,69.0,70.0,72.0,76.0,84.0,inferred
Tameside,2021-06-10,44.0,50.0,54.0,56.0,57.0,59.0,62.0,64.0,67.0,69.0,70.0,75.0,82.0,inferred
Tameside,2021-06-11,40.0,45.0,49.0,51.0,52.0,54.0,57.0,59.0,61.0,63.0,64.0,68.0,76.0,inferred
Tameside,2021-06-12,32.0,36.0,40.0,41.0,43.0,45.0,47.0,50.0,52.0,53.0,54.0,58.0,65.0,inferred
Tameside,2021-06-13,39.0,45.0,48.0,50.0,51.0,53.0,56.0,58.0,60.0,62.0,64.0,69.0,75.5,inferred
Tameside,2021-06-14,54.5,61.0,66.0,68.0,69.0,72.0,74.0,77.0,80.0,81.0,84.0,89.0,97.0,inferred
Tameside,2021-06-15,55.0,62.0,67.0,68.8,70.0,73.0,76.0,79.0,82.0,83.0,86.0,91.0,99.0,inferred
Tameside,2021-06-16,57.5,65.0,70.0,71.8,73.0,76.0,79.0,82.0,84.0,86.0,88.0,94.0,102.0,inferred
Tameside,2021-06-17,55.0,62.0,66.0,68.0,70.0,74.0,76.0,80.0,83.0,85.0,86.0,91.0,100.0,inferred
Tameside,2021-06-18,49.5,56.0,60.0,62.0,64.0,67.0,70.0,73.0,75.3,78.0,80.0,86.0,95.0,inferred
Tamworth,2021-03-06,1.0,3.0,4.0,4.0,5.0,5.0,6.0,7.0,8.0,9.0,9.0,11.0,14.0,inferred
Tamworth,2021-03-07,2.0,4.0,5.0,5.0,6.0,7.0,8.0,8.0,9.0,10.0,11.0,13.0,16.0,inferred
Tamworth,2021-03-08,4.0,5.0,7.0,7.0,8.0,9.0,10.0,11.0,12.0,13.0,14.0,16.0,19.0,inferred
Tamworth,2021-03-09,3.0,5.0,7.0,7.0,8.0,9.0,10.0,11.0,12.0,13.0,14.0,16.0,20.0,inferred
Tamworth,2021-03-10,3.5,5.0,7.0,8.0,8.0,9.0,11.0,12.0,13.0,13.0,14.0,17.0,20.5,inferred
Tamworth,2021-03-11,3.0,5.0,6.0,7.0,7.0,8.0,9.0,11.0,12.0,13.0,13.0,16.0,19.0,inferred
Tamworth,2021-03-12,2.0,4.0,5.0,6.0,7.0,7.0,8.0,9.0,11.0,11.0,12.0,14.0,17.0,inferred
Tamworth,2021-03-13,1.0,3.0,4.0,4.8,5.0,6.0,7.0,8.0,9.0,9.0,10.0,12.0,15.0,inferred
Tamworth,2021-03-14,2.0,4.0,5.0,5.0,6.0,7.0,8.0,9.0,10.0,10.0,11.0,13.0,16.0,inferred
Tamworth,2021-03-15,3.0,5.0,7.0,7.0,8.0,9.0,10.0,11.0,12.0,13.0,14.0,16.0,19.0,inferred
Tamworth,2021-03-16,3.0,5.0,6.0,7.0,7.0,8.0,10.0,11.0,12.0,13.0,13.0,15.0,19.5,inferred
Tamworth,2021-03-17,3.0,5.0,7.0,8.0,8.0,9.0,10.0,12.0,13.0,14.0,14.0,17.0,20.0,inferred
Tamworth,2021-03-18,3.0,5.0,6.0,7.0,7.0,8.0,9.0,10.0,12.0,12.0,13.0,15.0,19.0,inferred
Tamworth,2021-03-19,2.0,4.0,6.0,6.0,7.0,8.0,9.0,10.0,11.0,11.0,12.0,15.0,19.0,inferred
Tamworth,2021-03-20,2.0,3.0,5.0,5.0,5.0,6.0,7.0,8.0,9.0,10.0,11.0,13.0,16.0,inferred
Tamworth,2021-03-21,3.0,4.0,5.0,6.0,7.0,8.0,9.0,9.0,11.0,11.0,12.0,14.0,18.0,inferred
Tamworth,2021-03-22,4.0,6.0,7.0,8.0,9.0,10.0,11.0,12.0,14.0,14.0,15.0,18.0,22.0,inferred
Tamworth,2021-03-23,3.5,6.0,7.0,8.0,8.0,9.0,10.0,12.0,13.0,14.0,15.0,17.0,21.0,inferred
Tamworth,2021-03-24,4.0,5.0,7.0,8.0,8.0,10.0,11.0,12.0,13.0,14.0,15.0,17.0,21.0,inferred
Tamworth,2021-03-25,2.0,5.0,6.0,7.0,7.0,8.0,9.0,10.0,11.0,12.0,13.0,15.0,19.0,inferred
Tamworth,2021-03-26,2.0,4.0,5.0,5.0,6.0,7.0,8.0,9.0,10.0,11.0,11.0,13.0,17.0,inferred
Tamworth,2021-03-27,1.0,2.0,3.0,4.0,4.0,5.0,6.0,7.0,8.0,8.0,9.0,11.0,14.0,inferred
Tamworth,2021-03-28,1.0,3.0,4.0,4.0,5.0,6.0,6.0,7.0,8.0,9.0,10.0,12.0,15.0,inferred
Tamworth,2021-03-29,2.0,4.0,5.0,5.0,6.0,7.0,8.0,9.0,10.0,10.0,11.0,13.0,17.0,inferred
Tamworth,2021-03-30,2.0,3.0,4.0,5.0,5.0,6.0,7.0,8.0,9.0,10.0,10.0,12.0,15.0,inferred
Tamworth,2021-03-31,2.0,3.0,4.0,4.0,5.0,6.0,7.0,8.0,9.0,9.0,10.0,12.0,15.0,inferred
Tamworth,2021-04-01,1.0,2.0,3.0,3.0,4.0,5.0,5.0,6.0,7.0,8.0,8.0,10.0,13.0,inferred
Tamworth,2021-04-02,0.0,1.0,2.0,3.0,3.0,4.0,4.0,5.0,6.0,7.0,7.0,9.0,12.0,inferred
Tamworth,2021-04-03,0.0,1.0,1.0,2.0,2.0,2.0,3.0,4.0,5.0,5.0,5.0,7.0,10.0,inferred
Tamworth,2021-04-04,0.0,1.0,2.0,2.0,2.0,3.0,3.0,4.0,5.0,5.0,6.0,7.0,10.0,inferred
Tamworth,2021-04-05,0.0,1.0,2.0,3.0,3.0,3.0,4.0,5.0,6.0,6.0,7.0,8.0,11.0,inferred
Tamworth,2021-04-06,0.0,1.0,2.0,2.0,2.0,3.0,4.0,4.0,5.0,6.0,6.0,8.0,10.0,inferred
Tamworth,2021-04-07,0.0,1.0,2.0,2.0,2.0,3.0,4.0,4.0,5.0,5.0,6.0,8.0,10.0,inferred
Tamworth,2021-04-08,0.0,1.0,1.0,2.0,2.0,2.0,3.0,4.0,4.0,5.0,5.0,7.0,9.5,inferred
Tamworth,2021-04-09,0.0,0.0,1.0,1.0,1.0,2.0,3.0,3.0,4.0,4.0,5.0,6.0,8.0,inferred
Tamworth,2021-04-10,0.0,0.0,1.0,1.0,1.0,1.0,2.0,2.0,3.0,3.0,4.0,5.0,7.0,inferred
Tamworth,2021-04-11,0.0,0.0,1.0,1.0,1.0,2.0,2.0,3.0,3.0,4.0,4.0,5.0,8.0,inferred
Tamworth,2021-04-12,0.0,0.0,1.0,1.0,2.0,2.0,3.0,3.0,4.0,4.0,5.0,6.0,9.0,inferred
Tamworth,2021-04-13,0.0,0.0,1.0,1.0,1.0,2.0,2.0,3.0,4.0,4.0,4.0,6.0,8.0,inferred
Tamworth,2021-04-14,0.0,0.0,1.0,1.0,1.0,2.0,2.0,3.0,3.0,4.0,4.0,6.0,8.0,inferred
Tamworth,2021-04-15,0.0,0.0,1.0,1.0,1.0,1.0,2.0,2.0,3.0,3.0,4.0,5.0,7.0,inferred
Tamworth,2021-04-16,0.0,0.0,0.0,1.0,1.0,1.0,2.0,2.0,3.0,3.0,4.0,5.0,7.0,inferred
Tamworth,2021-04-17,0.0,0.0,0.0,0.0,0.0,1.0,1.0,2.0,2.0,2.0,3.0,4.0,6.0,inferred
Tamworth,2021-04-18,0.0,0.0,0.0,0.0,1.0,1.0,1.0,2.0,2.0,3.0,3.0,4.0,6.0,inferred
Tamworth,2021-04-19,0.0,0.0,1.0,1.0,1.0,1.0,2.0,2.0,3.0,3.0,4.0,5.0,7.0,inferred
Tamworth,2021-04-20,0.0,0.0,0.0,1.0,1.0,1.0,2.0,2.0,3.0,3.0,4.0,5.0,7.0,inferred
Tamworth,2021-04-21,0.0,0.0,0.0,1.0,1.0,1.0,2.0,2.0,3.0,3.0,3.0,5.0,7.0,inferred
Tamworth,2021-04-22,0.0,0.0,0.0,0.0,1.0,1.0,1.0,2.0,2.0,3.0,3.0,4.0,6.0,inferred
Tamworth,2021-04-23,0.0,0.0,0.0,0.0,1.0,1.0,1.0,2.0,2.0,2.0,3.0,4.0,6.0,inferred
Tamworth,2021-04-24,0.0,0.0,0.0,0.0,0.0,1.0,1.0,1.0,2.0,2.0,2.0,3.0,5.0,inferred
Tamworth,2021-04-25,0.0,0.0,0.0,0.0,0.0,1.0,1.0,1.0,2.0,2.0,2.0,4.0,5.5,inferred
Tamworth,2021-04-26,0.0,0.0,0.0,0.0,1.0,1.0,1.0,2.0,2.0,3.0,3.0,4.0,6.0,inferred
Tamworth,2021-04-27,0.0,0.0,0.0,0.0,1.0,1.0,1.0,2.0,2.0,2.0,3.0,4.0,6.0,inferred
Tamworth,2021-04-28,0.0,0.0,0.0,0.0,1.0,1.0,1.0,2.0,2.0,3.0,3.0,4.0,6.0,inferred
Tamworth,2021-04-29,0.0,0.0,0.0,0.0,0.0,1.0,1.0,1.0,2.0,2.0,3.0,4.0,6.0,inferred
Tamworth,2021-04-30,0.0,0.0,0.0,0.0,0.0,0.0,1.0,1.0,2.0,2.0,2.0,3.0,5.0,inferred
Tamworth,2021-05-01,0.0,0.0,0.0,0.0,0.0,0.0,1.0,1.0,1.0,1.0,2.0,3.0,4.0,inferred
Tamworth,2021-05-02,0.0,0.0,0.0,0.0,0.0,0.0,1.0,1.0,1.0,2.0,2.0,3.0,5.0,inferred
Tamworth,2021-05-03,0.0,0.0,0.0,0.0,0.0,1.0,1.0,1.0,2.0,2.0,2.0,3.0,5.0,inferred
Tamworth,2021-05-04,0.0,0.0,0.0,0.0,0.0,1.0,1.0,1.0,2.0,2.0,2.0,3.0,5.0,inferred
Tamworth,2021-05-05,0.0,0.0,0.0,0.0,0.0,1.0,1.0,1.0,2.0,2.0,2.0,4.0,5.0,inferred
Tamworth,2021-05-06,0.0,0.0,0.0,0.0,0.0,0.0,1.0,1.0,1.0,2.0,2.0,3.0,5.0,inferred
Tamworth,2021-05-07,0.0,0.0,0.0,0.0,0.0,0.0,1.0,1.0,1.0,1.0,2.0,3.0,4.0,inferred
Tamworth,2021-05-08,0.0,0.0,0.0,0.0,0.0,0.0,0.0,1.0,1.0,1.0,1.0,2.0,4.0,inferred
Tamworth,2021-05-09,0.0,0.0,0.0,0.0,0.0,0.0,1.0,1.0,1.0,1.0,2.0,2.0,4.0,inferred
Tamworth,2021-05-10,0.0,0.0,0.0,0.0,0.0,0.0,1.0,1.0,2.0,2.0,2.0,3.0,5.0,inferred
Tamworth,2021-05-11,0.0,0.0,0.0,0.0,0.0,0.0,1.0,1.0,1.0,2.0,2.0,3.0,5.0,inferred
Tamworth,2021-05-12,0.0,0.0,0.0,0.0,0.0,0.0,1.0,1.0,2.0,2.0,2.0,3.0,5.0,inferred
Tamworth,2021-05-13,0.0,0.0,0.0,0.0,0.0,0.0,1.0,1.0,1.0,2.0,2.0,3.0,5.0,inferred
Tamworth,2021-05-14,0.0,0.0,0.0,0.0,0.0,0.0,1.0,1.0,1.0,2.0,2.0,3.0,5.0,inferred
Tamworth,2021-05-15,0.0,0.0,0.0,0.0,0.0,0.0,0.0,1.0,1.0,1.0,1.0,2.0,4.0,inferred
Tamworth,2021-05-16,0.0,0.0,0.0,0.0,0.0,0.0,0.5,1.0,1.0,1.0,2.0,2.0,4.0,inferred
Tamworth,2021-05-17,0.0,0.0,0.0,0.0,0.0,0.0,1.0,1.0,2.0,2.0,2.0,3.0,5.0,inferred
Tamworth,2021-05-18,0.0,0.0,0.0,0.0,0.0,0.0,1.0,1.0,2.0,2.0,2.0,3.0,5.0,inferred
Tamworth,2021-05-19,0.0,0.0,0.0,0.0,0.0,1.0,1.0,1.0,2.0,2.0,2.0,3.0,5.0,inferred
Tamworth,2021-05-20,0.0,0.0,0.0,0.0,0.0,0.0,1.0,1.0,2.0,2.0,2.0,3.0,5.0,inferred
Tamworth,2021-05-21,0.0,0.0,0.0,0.0,0.0,0.0,1.0,1.0,1.0,2.0,2.0,3.0,5.0,inferred
Tamworth,2021-05-22,0.0,0.0,0.0,0.0,0.0,0.0,1.0,1.0,1.0,1.0,2.0,3.0,4.0,inferred
Tamworth,2021-05-23,0.0,0.0,0.0,0.0,0.0,0.0,1.0,1.0,1.0,2.0,2.0,3.0,5.0,inferred
Tamworth,2021-05-24,0.0,0.0,0.0,0.0,0.0,1.0,1.0,1.4,2.0,2.0,3.0,4.0,5.5,inferred
Tamworth,2021-05-25,0.0,0.0,0.0,0.0,0.0,1.0,1.0,2.0,2.0,2.0,3.0,4.0,6.0,inferred
Tamworth,2021-05-26,0.0,0.0,0.0,0.0,1.0,1.0,1.0,2.0,2.0,3.0,3.0,4.0,6.5,inferred
Tamworth,2021-05-27,0.0,0.0,0.0,0.0,1.0,1.0,1.0,2.0,2.0,3.0,3.0,4.0,6.0,inferred
Tamworth,2021-05-28,0.0,0.0,0.0,0.0,1.0,1.0,1.0,2.0,2.0,3.0,3.0,4.0,6.0,inferred
Tamworth,2021-05-29,0.0,0.0,0.0,0.0,0.0,1.0,1.0,2.0,2.0,2.0,3.0,4.0,6.0,inferred
Tamworth,2021-05-30,0.0,0.0,0.0,1.0,1.0,1.0,2.0,2.0,3.0,3.0,3.0,5.0,7.0,inferred
Tamworth,2021-05-31,0.0,0.0,1.0,1.0,2.0,2.0,2.0,3.0,4.0,4.0,5.0,6.0,8.5,inferred
Tamworth,2021-06-01,0.0,0.0,1.0,1.0,2.0,2.0,3.0,3.0,4.0,4.0,5.0,6.0,9.0,inferred
Tamworth,2021-06-02,0.0,1.0,1.0,2.0,2.0,2.0,3.0,4.0,4.0,5.0,5.0,7.0,9.0,inferred
Tamworth,2021-06-03,0.0,0.0,1.0,1.0,2.0,2.0,3.0,3.0,4.0,5.0,5.0,7.0,9.0,inferred
Tamworth,2021-06-04,0.0,0.0,1.0,1.0,2.0,2.0,3.0,3.0,4.0,5.0,5.0,7.0,9.0,inferred
Tamworth,2021-06-05,0.0,0.0,1.0,1.0,1.0,2.0,2.0,3.0,4.0,4.0,4.0,6.0,8.0,inferred
Tamworth,2021-06-06,0.0,1.0,1.0,1.0,2.0,2.0,3.0,4.0,4.0,5.0,5.0,7.0,9.0,inferred
Tamworth,2021-06-07,0.0,1.0,2.0,2.8,3.0,3.0,4.0,5.0,6.0,6.0,7.0,8.0,11.0,inferred
Tamworth,2021-06-08,0.0,1.0,2.0,2.0,3.0,3.0,4.0,5.0,6.0,6.0,7.0,8.0,12.0,inferred
Tamworth,2021-06-09,0.0,1.0,2.0,3.0,3.0,4.0,4.0,5.0,6.0,7.0,7.0,9.0,12.0,inferred
Tamworth,2021-06-10,0.0,1.0,2.0,2.0,3.0,3.0,4.0,5.0,6.0,6.0,7.0,8.0,11.0,inferred
Tamworth,2021-06-11,0.0,1.0,2.0,2.0,3.0,3.0,4.0,5.0,5.0,6.0,6.0,8.0,11.0,inferred
Tamworth,2021-06-12,0.0,1.0,1.0,2.0,2.0,3.0,3.0,4.0,5.0,5.0,6.0,7.0,10.0,inferred
Tamworth,2021-06-13,0.0,1.0,2.0,2.0,3.0,3.0,4.0,5.0,6.0,6.0,7.0,8.0,11.0,inferred
Tamworth,2021-06-14,1.0,2.0,3.0,3.0,4.0,5.0,6.0,6.0,7.0,8.0,9.0,11.0,14.0,inferred
Tamworth,2021-06-15,1.0,2.0,3.0,4.0,4.0,5.0,6.0,7.0,8.0,9.0,9.0,11.0,14.0,inferred
Tamworth,2021-06-16,1.0,3.0,4.0,5.0,5.0,6.0,7.0,8.0,9.0,10.0,11.0,13.0,16.0,inferred
Tamworth,2021-06-17,1.0,3.0,4.0,4.0,5.0,6.0,7.0,8.0,9.0,10.0,10.0,12.1,16.0,inferred
Tamworth,2021-06-18,1.0,3.0,4.0,4.0,5.0,6.0,7.0,8.0,9.0,9.0,10.0,12.0,16.0,inferred
Tandridge,2021-03-06,0.0,0.0,1.0,1.0,2.0,2.0,3.0,4.0,4.0,5.0,5.0,7.0,10.0,inferred
Tandridge,2021-03-07,0.0,1.0,2.0,2.0,2.0,3.0,3.0,4.0,5.0,5.0,6.0,8.0,11.0,inferred
Tandridge,2021-03-08,0.0,1.0,2.0,2.0,3.0,3.0,4.0,5.0,6.0,6.0,7.0,9.0,13.0,inferred
Tandridge,2021-03-09,0.0,1.0,2.0,2.0,2.0,3.0,4.0,5.0,6.0,6.0,7.0,9.0,12.0,inferred
Tandridge,2021-03-10,0.0,1.0,2.0,2.0,2.0,3.0,4.0,5.0,5.0,6.0,7.0,9.0,12.0,inferred
Tandridge,2021-03-11,0.0,1.0,2.0,2.0,2.0,3.0,4.0,4.0,5.0,6.0,6.0,8.0,11.0,inferred
Tandridge,2021-03-12,0.0,1.0,1.0,2.0,2.0,2.0,3.0,4.0,4.0,5.0,6.0,7.0,10.0,inferred
Tandridge,2021-03-13,0.0,0.0,1.0,1.0,1.0,2.0,2.0,3.0,4.0,4.0,5.0,6.0,10.0,inferred
Tandridge,2021-03-14,0.0,0.0,1.0,1.0,1.0,2.0,2.0,3.0,4.0,4.0,5.0,7.0,10.0,inferred
Tandridge,2021-03-15,0.0,1.0,1.0,2.0,2.0,2.0,3.0,4.0,5.0,5.0,6.0,8.0,11.0,inferred
Tandridge,2021-03-16,0.0,0.0,1.0,1.0,2.0,2.0,3.0,4.0,5.0,5.0,6.0,7.1,10.5,inferred
Tandridge,2021-03-17,0.0,1.0,1.0,2.0,2.0,2.0,3.0,4.0,5.0,5.0,6.0,8.0,11.0,inferred
Tandridge,2021-03-18,0.0,0.0,1.0,1.0,2.0,2.0,3.0,3.0,4.0,5.0,5.0,7.0,10.0,inferred
Tandridge,2021-03-19,0.0,0.0,1.0,1.0,1.0,2.0,2.0,3.0,4.0,4.0,5.0,6.0,9.0,inferred
Tandridge,2021-03-20,0.0,0.0,0.0,1.0,1.0,1.0,2.0,2.0,3.0,3.0,4.0,5.0,8.0,inferred
Tandridge,2021-03-21,0.0,0.0,0.8,1.0,1.0,1.0,2.0,3.0,3.0,4.0,4.0,6.0,9.0,inferred
Tandridge,2021-03-22,0.0,0.0,1.0,1.0,1.0,2.0,2.0,3.0,4.0,4.0,5.0,6.0,9.0,inferred
Tandridge,2021-03-23,0.0,0.0,1.0,1.0,1.0,2.0,2.0,3.0,4.0,4.0,5.0,6.0,9.0,inferred
Tandridge,2021-03-24,0.0,0.0,1.0,1.0,1.0,2.0,2.0,3.0,4.0,4.0,5.0,6.0,9.0,inferred
Tandridge,2021-03-25,0.0,0.0,0.0,1.0,1.0,1.0,2.0,2.0,3.0,3.0,4.0,5.0,8.0,inferred
Tandridge,2021-03-26,0.0,0.0,0.0,0.0,1.0,1.0,1.0,2.0,3.0,3.0,4.0,5.0,8.0,inferred
Tandridge,2021-03-27,0.0,0.0,0.0,0.0,0.0,1.0,1.0,1.0,2.0,2.0,3.0,4.0,6.5,inferred
Tandridge,2021-03-28,0.0,0.0,0.0,0.0,0.0,1.0,1.0,2.0,2.0,2.0,3.0,4.0,7.0,inferred
Tandridge,2021-03-29,0.0,0.0,0.0,0.0,1.0,1.0,2.0,2.0,3.0,3.0,4.0,5.0,7.0,inferred
Tandridge,2021-03-30,0.0,0.0,0.0,0.0,0.0,1.0,1.0,2.0,2.0,3.0,3.0,4.0,7.0,inferred
Tandridge,2021-03-31,0.0,0.0,0.0,0.0,0.0,1.0,1.0,2.0,2.0,2.0,3.0,4.0,6.0,inferred
Tandridge,2021-04-01,0.0,0.0,0.0,0.0,0.0,1.0,1.0,1.0,2.0,2.0,3.0,4.0,7.0,inferred
Tandridge,2021-04-02,0.0,0.0,0.0,0.0,0.0,0.0,1.0,1.0,2.0,2.0,2.0,4.0,6.0,inferred
Tandridge,2021-04-03,0.0,0.0,0.0,0.0,0.0,0.0,0.0,1.0,1.0,1.0,2.0,3.0,5.0,inferred
Tandridge,2021-04-04,0.0,0.0,0.0,0.0,0.0,0.0,1.0,1.0,1.0,2.0,2.0,3.0,5.0,inferred
Tandridge,2021-04-05,0.0,0.0,0.0,0.0,0.0,0.0,1.0,1.0,2.0,2.0,2.0,3.0,6.0,inferred
Tandridge,2021-04-06,0.0,0.0,0.0,0.0,0.0,0.0,1.0,1.0,1.0,2.0,2.0,4.0,5.0,inferred
Tandridge,2021-04-07,0.0,0.0,0.0,0.0,0.0,0.0,1.0,1.0,2.0,2.0,2.0,3.0,6.0,inferred
Tandridge,2021-04-08,0.0,0.0,0.0,0.0,0.0,0.0,1.0,1.0,1.0,2.0,2.0,3.0,5.0,inferred
Tandridge,2021-04-09,0.0,0.0,0.0,0.0,0.0,0.0,0.0,1.0,1.0,1.0,2.0,3.0,5.0,inferred
Tandridge,2021-04-10,0.0,0.0,0.0,0.0,0.0,0.0,0.0,0.0,1.0,1.0,1.0,2.0,4.5,inferred
Tandridge,2021-04-11,0.0,0.0,0.0,0.0,0.0,0.0,0.0,1.0,1.0,1.0,2.0,3.0,5.0,inferred
Tandridge,2021-04-12,0.0,0.0,0.0,0.0,0.0,0.0,1.0,1.0,1.0,2.0,2.0,3.0,5.0,inferred
Tandridge,2021-04-13,0.0,0.0,0.0,0.0,0.0,0.0,1.0,1.0,1.0,2.0,2.0,3.0,6.0,inferred
Tandridge,2021-04-14,0.0,0.0,0.0,0.0,0.0,0.0,1.0,1.0,1.0,2.0,2.0,3.0,5.0,inferred
Tandridge,2021-04-15,0.0,0.0,0.0,0.0,0.0,0.0,1.0,1.0,1.0,2.0,2.0,3.0,5.0,inferred
Tandridge,2021-04-16,0.0,0.0,0.0,0.0,0.0,0.0,1.0,1.0,1.0,2.0,2.0,3.0,5.0,inferred
Tandridge,2021-04-17,0.0,0.0,0.0,0.0,0.0,0.0,0.0,1.0,1.0,1.0,2.0,3.0,5.0,inferred
Tandridge,2021-04-18,0.0,0.0,0.0,0.0,0.0,0.0,1.0,1.0,1.0,2.0,2.0,3.0,6.0,inferred
Tandridge,2021-04-19,0.0,0.0,0.0,0.0,0.0,1.0,1.0,1.0,2.0,2.0,3.0,4.0,7.0,inferred
Tandridge,2021-04-20,0.0,0.0,0.0,0.0,0.0,1.0,1.0,2.0,2.0,3.0,3.0,4.0,7.0,inferred
Tandridge,2021-04-21,0.0,0.0,0.0,0.0,0.0,1.0,1.0,2.0,2.0,3.0,3.0,5.0,7.0,inferred
Tandridge,2021-04-22,0.0,0.0,0.0,0.0,0.0,1.0,1.0,2.0,2.0,3.0,3.0,4.0,6.0,inferred
Tandridge,2021-04-23,0.0,0.0,0.0,0.0,0.0,1.0,1.0,1.0,2.0,2.0,3.0,4.0,6.0,inferred
Tandridge,2021-04-24,0.0,0.0,0.0,0.0,0.0,0.0,1.0,1.0,2.0,2.0,2.0,3.0,6.0,inferred
Tandridge,2021-04-25,0.0,0.0,0.0,0.0,0.0,1.0,1.0,1.0,2.0,2.0,3.0,4.0,5.0,inferred
Tandridge,2021-04-26,0.0,0.0,0.0,0.0,0.0,1.0,1.0,2.0,2.0,2.0,3.0,4.0,7.0,inferred
Tandridge,2021-04-27,0.0,0.0,0.0,0.0,0.0,1.0,1.0,2.0,2.0,3.0,3.0,5.0,7.0,inferred
Tandridge,2021-04-28,0.0,0.0,0.0,0.0,0.0,1.0,1.0,2.0,2.0,3.0,3.0,4.0,7.0,inferred
Tandridge,2021-04-29,0.0,0.0,0.0,0.0,0.0,1.0,1.0,1.0,2.0,3.0,3.0,4.0,7.0,inferred
Tandridge,2021-04-30,0.0,0.0,0.0,0.0,0.0,0.0,1.0,1.0,2.0,2.0,2.0,3.0,6.0,inferred
Tandridge,2021-05-01,0.0,0.0,0.0,0.0,0.0,0.0,1.0,1.0,1.0,2.0,2.0,3.0,6.0,inferred
Tandridge,2021-05-02,0.0,0.0,0.0,0.0,0.0,0.0,1.0,1.0,2.0,2.0,2.0,3.0,6.0,inferred
Tandridge,2021-05-03,0.0,0.0,0.0,0.0,0.0,1.0,1.0,1.0,2.0,2.0,3.0,4.0,6.0,inferred
Tandridge,2021-05-04,0.0,0.0,0.0,0.0,0.0,1.0,1.0,1.0,2.0,2.0,3.0,4.0,6.0,inferred
Tandridge,2021-05-05,0.0,0.0,0.0,0.0,0.0,1.0,1.0,1.0,2.0,2.0,3.0,4.0,6.0,inferred
Tandridge,2021-05-06,0.0,0.0,0.0,0.0,0.0,1.0,1.0,1.0,2.0,2.0,3.0,4.0,6.0,inferred
Tandridge,2021-05-07,0.0,0.0,0.0,0.0,0.0,0.0,1.0,1.0,2.0,2.0,2.0,4.0,6.0,inferred
Tandridge,2021-05-08,0.0,0.0,0.0,0.0,0.0,0.0,1.0,1.0,1.0,2.0,2.0,3.0,5.0,inferred
Tandridge,2021-05-09,0.0,0.0,0.0,0.0,0.0,0.0,1.0,1.0,2.0,2.0,2.0,3.0,6.0,inferred
Tandridge,2021-05-10,0.0,0.0,0.0,0.0,0.0,1.0,1.0,1.0,2.0,2.0,3.0,4.0,6.0,inferred
Tandridge,2021-05-11,0.0,0.0,0.0,0.0,0.0,1.0,1.0,1.0,2.0,2.0,3.0,4.0,6.0,inferred
Tandridge,2021-05-12,0.0,0.0,0.0,0.0,0.0,1.0,1.0,1.0,2.0,2.0,3.0,4.0,6.0,inferred
Tandridge,2021-05-13,0.0,0.0,0.0,0.0,0.0,0.0,1.0,1.0,2.0,2.0,2.0,4.0,6.0,inferred
Tandridge,2021-05-14,0.0,0.0,0.0,0.0,0.0,0.0,1.0,1.0,1.0,2.0,2.0,3.0,6.0,inferred
Tandridge,2021-05-15,0.0,0.0,0.0,0.0,0.0,0.0,1.0,1.0,1.0,2.0,2.0,3.0,5.0,inferred
Tandridge,2021-05-16,0.0,0.0,0.0,0.0,0.0,0.0,1.0,1.0,2.0,2.0,2.0,3.0,5.0,inferred
Tandridge,2021-05-17,0.0,0.0,0.0,0.0,0.0,1.0,1.0,2.0,2.0,2.0,3.0,4.0,7.0,inferred
Tandridge,2021-05-18,0.0,0.0,0.0,0.0,0.0,1.0,1.0,2.0,2.0,2.0,3.0,4.0,7.0,inferred
Tandridge,2021-05-19,0.0,0.0,0.0,0.0,0.0,1.0,1.0,2.0,2.0,3.0,3.0,4.0,7.0,inferred
Tandridge,2021-05-20,0.0,0.0,0.0,0.0,0.0,1.0,1.0,2.0,2.0,3.0,3.0,4.0,7.0,inferred
Tandridge,2021-05-21,0.0,0.0,0.0,0.0,0.0,1.0,1.0,2.0,2.0,3.0,3.0,4.0,7.0,inferred
Tandridge,2021-05-22,0.0,0.0,0.0,0.0,0.0,1.0,1.0,1.0,2.0,2.0,3.0,4.0,6.0,inferred
Tandridge,2021-05-23,0.0,0.0,0.0,0.0,1.0,1.0,1.0,2.0,2.0,3.0,3.0,4.0,7.0,inferred
Tandridge,2021-05-24,0.0,0.0,0.0,1.0,1.0,1.0,2.0,2.0,3.0,4.0,4.0,6.0,9.0,inferred
Tandridge,2021-05-25,0.0,0.0,0.8,1.0,1.0,1.0,2.0,3.0,3.0,4.0,4.0,6.0,9.0,inferred
Tandridge,2021-05-26,0.0,0.0,1.0,1.0,1.0,2.0,2.0,3.0,4.0,4.0,5.0,6.0,9.0,inferred
Tandridge,2021-05-27,0.0,0.0,1.0,1.0,1.0,2.0,2.0,3.0,4.0,4.0,5.0,6.0,9.0,inferred
Tandridge,2021-05-28,0.0,0.0,1.0,1.0,1.0,2.0,2.0,3.0,4.0,4.0,5.0,6.0,9.0,inferred
Tandridge,2021-05-29,0.0,0.0,1.0,1.0,1.0,2.0,2.0,3.0,3.0,4.0,4.0,6.0,8.0,inferred
Tandridge,2021-05-30,0.0,0.0,1.0,1.0,1.0,2.0,3.0,3.0,4.0,4.2,5.0,7.0,9.0,inferred
Tandridge,2021-05-31,0.0,1.0,2.0,2.0,2.0,3.0,4.0,4.0,5.0,6.0,6.0,8.0,11.0,inferred
Tandridge,2021-06-01,0.0,1.0,1.0,2.0,2.0,3.0,4.0,4.0,5.0,6.0,7.0,9.0,12.0,inferred
Tandridge,2021-06-02,0.0,1.0,2.0,2.0,3.0,3.0,4.0,5.0,6.0,6.0,7.0,9.0,12.0,inferred
Tandridge,2021-06-03,0.0,1.0,2.0,2.0,3.0,3.0,4.0,5.0,6.0,6.0,7.0,9.0,13.0,inferred
Tandridge,2021-06-04,0.0,1.0,1.0,2.0,2.0,3.0,3.0,4.0,5.0,6.0,6.0,8.0,11.0,inferred
Tandridge,2021-06-05,0.0,1.0,1.0,2.0,2.0,2.0,3.0,4.0,5.0,5.0,6.0,7.0,11.0,inferred
Tandridge,2021-06-06,0.0,1.0,2.0,2.0,2.0,3.0,4.0,5.0,6.0,6.0,7.0,9.0,12.0,inferred
Tandridge,2021-06-07,0.0,1.0,2.0,3.0,3.0,4.0,5.0,6.0,7.0,7.0,8.0,10.0,14.0,inferred
Tandridge,2021-06-08,0.0,1.0,2.0,3.0,3.0,4.0,5.0,6.0,7.0,7.0,8.0,10.0,14.0,inferred
Tandridge,2021-06-09,0.0,2.0,3.0,3.0,3.0,4.0,5.0,6.0,7.0,7.0,8.0,10.0,14.0,inferred
Tandridge,2021-06-10,0.0,1.0,2.0,3.0,3.0,4.0,4.0,5.0,6.0,7.0,8.0,10.0,13.5,inferred
Tandridge,2021-06-11,0.0,1.0,2.0,2.0,2.0,3.0,4.0,4.0,5.0,6.0,7.0,8.0,12.0,inferred
Tandridge,2021-06-12,0.0,1.0,1.0,2.0,2.0,3.0,3.0,4.0,5.0,5.0,6.0,7.0,11.0,inferred
Tandridge,2021-06-13,0.0,1.0,2.0,2.0,2.0,3.0,4.0,4.0,5.0,6.0,7.0,8.0,12.0,inferred
Tandridge,2021-06-14,0.0,1.0,2.0,3.0,3.0,4.0,4.0,5.0,6.0,7.0,8.0,10.0,14.0,inferred
Tandridge,2021-06-15,0.0,1.0,2.0,3.0,3.0,4.0,4.0,5.0,6.0,7.0,7.0,9.0,13.0,inferred
Tandridge,2021-06-16,0.0,1.0,2.0,3.0,3.0,4.0,4.0,5.0,6.0,7.0,7.0,9.0,13.0,inferred
Tandridge,2021-06-17,0.0,1.0,2.0,2.0,2.0,3.0,4.0,5.0,6.0,6.0,7.0,9.0,12.0,inferred
Tandridge,2021-06-18,0.0,1.0,1.0,2.0,2.0,3.0,3.0,4.0,5.0,6.0,6.0,8.0,11.0,inferred
Tayside,2021-03-06,16.0,21.0,24.0,26.0,27.0,30.0,32.0,35.0,38.0,40.0,42.0,47.0,55.0,inferred
Tayside,2021-03-07,12.0,17.0,20.0,21.0,23.0,25.0,27.0,30.0,32.0,34.0,36.0,40.0,48.0,inferred
Tayside,2021-03-08,9.0,14.0,16.0,17.0,18.0,20.0,22.0,25.0,27.0,29.0,31.0,35.0,41.5,inferred
Tayside,2021-03-09,11.0,15.0,18.0,19.0,21.0,23.0,25.0,27.0,29.0,31.0,32.0,37.0,45.0,inferred
Tayside,2021-03-10,18.0,23.0,27.0,28.0,30.0,32.0,35.0,38.0,40.0,42.0,44.0,49.0,58.5,inferred
Tayside,2021-03-11,16.0,22.0,26.0,27.0,28.0,31.0,33.0,36.0,40.0,41.0,43.0,49.0,58.0,inferred
Tayside,2021-03-12,20.0,25.0,29.0,30.0,32.0,35.0,37.0,40.0,44.0,45.0,47.0,54.0,62.0,inferred
Tayside,2021-03-13,19.0,24.0,28.0,29.0,31.0,34.0,36.0,40.0,42.3,44.0,46.0,53.0,61.5,inferred
Tayside,2021-03-14,16.0,21.0,25.0,27.0,28.0,31.0,33.0,36.0,39.0,40.0,42.0,47.0,57.0,inferred
Tayside,2021-03-15,13.0,18.0,20.0,22.0,23.0,25.0,28.0,30.0,33.0,35.0,37.0,43.0,51.0,inferred
Tayside,2021-03-16,15.0,20.0,24.0,25.0,27.0,29.0,31.0,34.0,37.0,38.0,40.0,46.0,54.0,inferred
Tayside,2021-03-17,21.5,29.0,33.0,35.0,37.0,40.0,43.0,46.0,50.0,52.0,54.0,61.0,71.0,inferred
Tayside,2021-03-18,21.0,28.0,32.0,33.0,35.0,38.0,41.0,44.0,48.0,50.0,52.0,58.0,68.5,inferred
Tayside,2021-03-19,24.0,30.0,34.0,36.0,38.0,41.0,44.0,46.4,50.0,52.0,54.0,60.0,69.0,inferred
Tayside,2021-03-20,22.0,27.0,31.0,33.0,35.0,38.0,41.0,44.0,48.0,50.0,52.0,58.0,67.0,inferred
Tayside,2021-03-21,17.5,23.0,27.0,28.0,30.0,33.0,35.0,38.0,41.0,43.0,46.0,51.0,60.5,inferred
Tayside,2021-03-22,13.0,18.0,21.0,23.0,24.0,26.0,29.0,32.0,35.0,36.0,38.0,43.0,53.0,inferred
Tayside,2021-03-23,14.0,20.0,24.0,25.0,26.0,29.0,31.0,34.0,37.0,39.0,41.0,46.0,55.0,inferred
Tayside,2021-03-24,21.0,27.0,32.0,33.0,35.0,38.0,41.0,44.0,47.0,50.0,52.0,58.0,69.0,inferred
Tayside,2021-03-25,19.0,25.0,29.0,31.0,32.0,35.0,38.0,41.0,44.0,46.0,47.0,53.0,63.5,inferred
Tayside,2021-03-26,20.0,25.0,30.0,32.0,33.0,36.0,39.0,42.0,45.0,47.0,49.0,55.1,65.0,inferred
Tayside,2021-03-27,17.0,23.0,27.0,28.8,30.0,32.0,35.0,38.0,40.0,42.0,45.0,50.0,60.0,inferred
Tayside,2021-03-28,12.0,18.0,22.0,23.0,25.0,27.0,30.0,32.0,35.0,36.0,38.0,43.0,52.0,inferred
Tayside,2021-03-29,9.0,14.0,17.0,19.0,20.0,22.0,24.0,26.0,28.0,30.0,31.0,36.1,44.0,inferred
Tayside,2021-03-30,11.0,15.0,17.0,19.0,20.0,23.0,25.0,28.0,30.0,32.0,33.0,38.0,46.0,inferred
Tayside,2021-03-31,15.0,20.0,24.0,26.0,27.0,30.0,32.0,35.0,37.3,39.2,42.0,47.0,56.0,inferred
Tayside,2021-04-01,13.0,17.0,21.0,22.0,24.0,26.0,28.0,31.0,34.0,35.0,37.0,42.0,51.0,inferred
Tayside,2021-04-02,13.0,18.0,21.0,23.0,24.0,26.0,29.0,31.0,34.0,36.0,38.0,43.0,52.0,inferred
Tayside,2021-04-03,12.0,16.0,19.0,20.0,22.0,24.0,26.0,28.0,31.0,32.2,35.0,39.0,47.0,inferred
Tayside,2021-04-04,8.0,12.0,14.0,16.0,17.0,19.0,21.0,23.0,25.0,27.0,29.0,33.0,41.5,inferred
Tayside,2021-04-05,5.0,8.0,11.0,12.0,13.0,15.0,17.0,19.0,21.0,22.0,23.0,27.0,33.0,inferred
Tayside,2021-04-06,6.0,10.0,12.0,13.0,14.0,15.0,17.0,19.0,21.0,23.0,25.0,29.0,36.0,inferred
Tayside,2021-04-07,9.0,13.0,16.0,17.0,18.0,20.0,22.0,25.0,27.0,29.0,30.0,35.0,43.0,inferred
Tayside,2021-04-08,8.0,11.0,14.0,15.0,16.0,18.0,20.0,22.0,24.0,25.0,27.0,31.0,40.0,inferred
Tayside,2021-04-09,7.0,11.0,14.0,15.0,16.0,18.0,20.0,22.0,25.0,26.0,28.0,32.0,40.0,inferred
Tayside,2021-04-10,7.0,10.0,13.0,14.0,15.0,16.0,18.0,20.0,22.0,24.0,25.0,29.1,37.0,inferred
Tayside,2021-04-11,5.0,8.0,10.0,11.0,12.0,14.0,15.0,17.0,19.0,20.0,21.0,25.0,34.0,inferred
Tayside,2021-04-12,3.0,5.0,7.0,8.0,9.0,10.0,12.0,13.0,15.0,16.0,18.0,21.0,29.0,inferred
Tayside,2021-04-13,3.0,6.0,8.0,9.0,10.0,11.0,13.0,15.0,16.0,18.0,19.0,22.0,28.0,inferred
Tayside,2021-04-14,6.0,9.0,11.0,12.0,13.0,15.0,17.0,19.0,21.0,22.0,23.2,28.0,34.5,inferred
Tayside,2021-04-15,5.0,7.0,10.0,11.0,11.0,13.0,15.0,17.0,19.0,21.0,22.0,26.0,32.0,inferred
Tayside,2021-04-16,5.0,8.0,11.0,12.0,13.0,14.0,16.0,18.0,20.0,21.0,23.0,26.0,34.0,inferred
Tayside,2021-04-17,4.0,7.0,10.0,11.0,11.0,13.0,15.0,17.0,18.0,19.0,21.0,24.0,30.0,inferred
Tayside,2021-04-18,3.0,6.0,7.8,8.0,9.0,10.0,12.0,13.4,16.0,17.0,18.0,21.1,28.0,inferred
Tayside,2021-04-19,2.0,4.0,5.0,6.0,7.0,8.0,9.0,11.0,13.0,14.0,15.0,18.0,24.0,inferred
Tayside,2021-04-20,2.0,4.0,6.0,6.0,7.0,9.0,10.0,12.0,14.0,15.0,16.0,19.0,26.0,inferred
Tayside,2021-04-21,4.0,6.0,9.0,9.0,10.0,12.0,14.0,16.0,18.0,19.0,20.0,24.0,30.0,inferred
Tayside,2021-04-22,3.0,5.0,7.0,8.0,9.0,11.0,12.0,14.0,16.0,17.0,19.0,22.0,28.0,inferred
Tayside,2021-04-23,3.0,6.0,7.0,9.0,9.0,11.0,12.0,14.0,16.0,17.0,18.0,22.0,29.0,inferred
Tayside,2021-04-24,2.5,5.0,6.0,7.0,8.0,9.0,11.0,13.0,15.0,16.0,17.0,20.1,26.0,inferred
Tayside,2021-04-25,2.0,4.0,5.0,6.0,6.0,8.0,9.0,11.0,12.0,13.0,15.0,18.0,25.0,inferred
Tayside,2021-04-26,1.0,2.0,4.0,4.0,5.0,6.0,7.0,8.0,10.0,10.0,11.0,14.0,20.0,inferred
Tayside,2021-04-27,1.0,3.0,4.0,5.0,5.0,6.0,7.0,9.0,11.0,11.0,13.0,15.1,21.0,inferred
Tayside,2021-04-28,2.0,4.0,6.0,6.0,7.0,8.0,10.0,11.0,13.0,14.0,15.0,19.0,25.0,inferred
Tayside,2021-04-29,2.0,3.0,5.0,6.0,6.0,7.0,9.0,10.0,12.0,13.0,14.0,17.0,22.0,inferred
Tayside,2021-04-30,1.0,3.0,5.0,6.0,6.0,8.0,9.0,10.0,12.0,13.0,15.0,18.0,24.0,inferred
Tayside,2021-05-01,1.0,3.0,4.0,5.0,6.0,7.0,8.0,9.0,11.0,12.0,13.0,16.0,22.0,inferred
Tayside,2021-05-02,1.0,2.0,3.0,4.0,4.0,5.0,7.0,8.0,9.0,10.0,11.0,14.0,20.0,inferred
Tayside,2021-05-03,0.0,1.0,3.0,3.0,3.0,4.0,5.0,6.0,8.0,8.0,9.0,12.0,17.0,inferred
Tayside,2021-05-04,0.0,2.0,3.0,3.0,4.0,5.0,6.0,7.0,8.0,9.0,10.0,13.0,18.0,inferred
Tayside,2021-05-05,1.0,3.0,4.0,5.0,6.0,7.0,8.0,9.0,11.0,12.0,13.0,16.0,22.0,inferred
Tayside,2021-05-06,1.0,3.0,4.0,5.0,5.0,7.0,8.0,9.0,11.0,12.0,13.0,16.0,21.0,inferred
Tayside,2021-05-07,2.0,3.0,5.0,6.0,6.0,8.0,9.0,10.0,12.0,13.0,14.0,17.0,22.0,inferred
Tayside,2021-05-08,2.0,3.0,5.0,6.0,6.0,8.0,9.0,10.0,12.0,13.0,14.0,17.0,22.0,inferred
Tayside,2021-05-09,1.0,3.0,4.0,5.0,5.0,6.0,8.0,9.0,11.0,11.0,12.0,16.0,21.0,inferred
Tayside,2021-05-10,1.0,2.0,3.0,4.0,4.0,5.0,6.0,7.0,9.0,10.0,11.0,14.0,19.0,inferred
Tayside,2021-05-11,1.0,3.0,4.0,5.0,5.0,6.0,7.0,9.0,10.0,11.0,12.0,15.0,21.0,inferred
Tayside,2021-05-12,3.0,5.0,7.0,8.0,8.0,10.0,11.0,13.0,14.0,15.0,17.0,20.0,26.0,inferred
Tayside,2021-05-13,2.0,4.0,6.0,7.0,8.0,9.0,11.0,12.0,14.0,15.0,16.0,19.0,25.5,inferred
Tayside,2021-05-14,3.0,6.0,7.8,8.0,9.0,11.0,12.0,14.0,16.0,17.0,18.0,22.0,28.0,inferred
Tayside,2021-05-15,3.0,5.0,7.0,8.0,9.0,11.0,12.0,14.0,16.0,17.0,18.0,22.0,28.0,inferred
Tayside,2021-05-16,3.0,5.0,7.0,7.0,8.0,10.0,11.0,13.0,15.0,16.0,17.0,21.0,27.0,inferred
Tayside,2021-05-17,2.0,4.0,6.0,6.0,7.0,8.0,10.0,11.0,13.0,14.0,15.0,19.0,24.0,inferred
Tayside,2021-05-18,3.0,5.0,7.0,8.0,8.0,10.0,11.0,13.0,15.0,16.0,17.0,20.0,26.0,inferred
Tayside,2021-05-19,6.0,9.0,12.0,13.0,13.0,16.0,17.0,19.0,21.0,22.0,24.0,28.0,35.0,inferred
Tayside,2021-05-20,6.0,9.0,12.0,13.0,14.0,16.0,18.0,20.0,22.0,23.0,24.0,28.0,35.0,inferred
Tayside,2021-05-21,7.5,12.0,15.0,16.0,17.0,19.0,21.0,23.0,26.0,27.0,28.0,33.0,42.0,inferred
Tayside,2021-05-22,9.0,12.0,15.0,16.0,17.0,19.0,21.0,24.0,26.0,28.0,29.0,33.0,40.0,inferred
Tayside,2021-05-23,8.0,11.0,14.0,15.0,16.0,18.0,20.0,23.0,25.0,26.0,28.0,32.0,40.0,inferred
Tayside,2021-05-24,6.0,10.0,12.0,13.0,14.0,16.0,18.0,20.0,22.0,23.0,25.0,29.0,38.0,inferred
Tayside,2021-05-25,9.0,13.0,16.0,17.0,18.0,21.0,23.0,25.0,27.0,28.0,30.0,34.1,43.0,inferred
Tayside,2021-05-26,16.0,21.0,26.0,27.0,29.0,32.0,34.0,37.0,40.0,42.0,44.0,50.0,58.5,inferred
Tayside,2021-05-27,18.0,23.0,27.0,29.0,31.0,34.0,36.0,39.0,42.0,44.0,46.0,52.0,61.0,inferred
Tayside,2021-05-28,22.0,29.0,33.0,35.0,37.0,40.0,43.0,46.0,49.0,51.0,54.0,59.1,70.0,inferred
Tayside,2021-05-29,25.0,30.0,35.0,36.0,38.0,42.0,45.0,48.0,51.0,53.0,55.2,62.0,75.0,inferred
Tayside,2021-05-30,23.0,29.0,34.0,36.0,38.0,40.0,43.0,46.0,50.0,51.0,53.2,59.0,68.5,inferred
Tayside,2021-05-31,21.0,27.0,31.0,33.0,35.0,38.0,41.0,44.0,47.0,49.0,51.0,57.0,67.0,inferred
Tayside,2021-06-01,28.0,35.0,40.0,42.0,43.0,46.0,49.0,52.4,56.0,58.0,61.0,68.0,78.0,inferred
Tayside,2021-06-02,46.0,55.0,61.0,64.0,66.0,71.0,75.0,78.0,83.0,86.0,88.0,97.0,109.0,inferred
Tayside,2021-06-03,51.0,59.0,65.0,68.0,70.0,75.0,79.0,83.0,88.0,91.0,94.0,101.0,113.0,inferred
Tayside,2021-06-04,63.0,73.0,80.0,83.0,85.0,89.6,94.0,98.0,103.0,106.0,109.0,118.1,134.0,inferred
Tayside,2021-06-05,66.0,76.0,84.0,87.0,89.0,94.0,99.0,103.0,108.0,111.0,114.0,125.1,142.0,inferred
Tayside,2021-06-06,61.0,73.0,80.0,83.0,85.7,90.0,95.0,100.0,105.0,108.0,111.0,119.0,133.0,inferred
Tayside,2021-06-07,59.0,68.0,75.0,77.0,79.0,83.6,88.0,92.0,97.0,100.0,103.0,112.0,127.5,inferred
Tayside,2021-06-08,68.0,79.0,85.0,88.0,91.0,96.0,101.0,106.0,111.0,114.0,117.0,127.0,142.0,inferred
Tayside,2021-06-09,99.0,111.0,120.0,123.8,127.0,133.0,138.0,144.0,151.0,154.0,158.0,168.0,185.0,inferred
Tayside,2021-06-10,92.0,104.0,114.0,117.0,120.0,126.0,131.0,136.0,141.0,145.0,148.0,158.1,177.0,inferred
Tayside,2021-06-11,95.0,111.0,121.0,124.0,127.0,133.0,138.0,144.0,150.0,153.0,156.0,167.0,186.0,inferred
Tayside,2021-06-12,92.5,104.0,114.0,117.0,120.0,126.0,130.0,136.0,143.0,146.0,150.0,160.0,178.0,inferred
Tayside,2021-06-13,78.0,89.0,97.0,100.0,103.0,108.0,113.0,118.0,124.0,128.0,131.0,141.1,157.0,inferred
Tayside,2021-06-14,62.0,73.0,80.0,83.0,86.0,91.0,96.0,100.0,105.0,108.0,110.0,119.0,134.5,inferred
Tayside,2021-06-15,69.0,80.0,87.0,90.0,93.0,97.0,102.0,107.0,112.0,116.0,119.0,127.0,144.0,inferred
Tayside,2021-06-16,92.0,106.0,116.0,119.0,122.0,128.0,133.0,139.0,145.0,148.0,152.2,162.0,180.0,inferred
Tayside,2021-06-17,87.0,95.0,104.0,107.0,109.0,115.0,121.0,126.0,132.0,135.0,140.0,149.0,165.0,inferred
Tayside,2021-06-18,81.0,95.0,105.0,108.0,112.0,118.0,123.0,129.0,135.0,139.0,143.0,154.0,172.0,inferred
Teignbridge,2021-03-06,0.0,1.0,1.0,1.0,2.0,2.0,3.0,3.0,4.0,4.0,5.0,6.0,8.0,inferred
Teignbridge,2021-03-07,0.0,1.0,2.0,2.0,2.0,3.0,3.0,4.0,5.0,5.0,6.0,7.0,9.0,inferred
Teignbridge,2021-03-08,0.0,1.0,2.0,2.0,3.0,3.0,4.0,5.0,5.0,6.0,6.0,8.0,10.5,inferred
Teignbridge,2021-03-09,0.0,1.0,1.0,2.0,2.0,2.0,3.0,3.0,4.0,5.0,5.0,6.0,9.0,inferred
Teignbridge,2021-03-10,0.0,1.0,1.0,2.0,2.0,3.0,3.0,4.0,4.0,5.0,5.0,7.0,9.0,inferred
Teignbridge,2021-03-11,0.0,0.0,1.0,1.0,2.0,2.0,3.0,3.0,4.0,4.0,5.0,6.0,8.0,inferred
Teignbridge,2021-03-12,0.0,0.0,1.0,1.0,1.0,2.0,2.0,2.0,3.0,3.0,4.0,5.0,7.0,inferred
Teignbridge,2021-03-13,0.0,0.0,0.0,0.0,1.0,1.0,1.0,2.0,2.0,3.0,3.0,4.0,6.0,inferred
Teignbridge,2021-03-14,0.0,0.0,0.0,1.0,1.0,1.0,2.0,2.0,3.0,3.0,3.0,5.0,6.0,inferred
Teignbridge,2021-03-15,0.0,0.0,1.0,1.0,1.0,2.0,2.0,3.0,3.0,4.0,4.0,5.0,7.0,inferred
Teignbridge,2021-03-16,0.0,0.0,1.0,1.0,1.0,1.0,2.0,2.0,3.0,3.0,4.0,5.0,7.0,inferred
Teignbridge,2021-03-17,0.0,0.0,1.0,1.0,1.0,2.0,2.0,3.0,3.0,4.0,4.0,5.0,7.0,inferred
Teignbridge,2021-03-18,0.0,0.0,1.0,1.0,1.0,1.0,2.0,2.0,3.0,3.0,4.0,5.0,7.0,inferred
Teignbridge,2021-03-19,0.0,0.0,0.0,1.0,1.0,1.0,1.0,2.0,2.0,3.0,3.0,4.0,6.0,inferred
Teignbridge,2021-03-20,0.0,0.0,0.0,0.0,0.0,1.0,1.0,1.0,2.0,2.0,2.0,3.0,5.0,inferred
Teignbridge,2021-03-21,0.0,0.0,0.0,0.0,1.0,1.0,1.0,2.0,2.0,3.0,3.0,4.0,6.0,inferred
Teignbridge,2021-03-22,0.0,0.0,1.0,1.0,1.0,1.0,2.0,2.0,3.0,3.0,4.0,5.0,7.0,inferred
Teignbridge,2021-03-23,0.0,0.0,0.0,1.0,1.0,1.0,2.0,2.0,3.0,3.0,3.0,4.0,6.0,inferred
Teignbridge,2021-03-24,0.0,0.0,1.0,1.0,1.0,1.0,2.0,2.0,3.0,3.0,3.0,5.0,7.0,inferred
Teignbridge,2021-03-25,0.0,0.0,0.0,1.0,1.0,1.0,2.0,2.0,3.0,3.0,3.0,4.0,7.0,inferred
Teignbridge,2021-03-26,0.0,0.0,0.0,0.0,1.0,1.0,1.0,2.0,2.0,2.0,3.0,4.0,5.0,inferred
Teignbridge,2021-03-27,0.0,0.0,0.0,0.0,0.0,0.0,1.0,1.0,1.0,2.0,2.0,3.0,5.0,inferred
Teignbridge,2021-03-28,0.0,0.0,0.0,0.0,0.0,1.0,1.0,2.0,2.0,3.0,3.0,4.0,6.0,inferred
Teignbridge,2021-03-29,0.0,0.0,0.0,1.0,1.0,1.0,2.0,2.0,3.0,3.0,3.0,4.0,6.5,inferred
Teignbridge,2021-03-30,0.0,0.0,0.0,0.0,1.0,1.0,1.0,2.0,2.0,3.0,3.0,4.0,6.0,inferred
Teignbridge,2021-03-31,0.0,0.0,0.0,1.0,1.0,1.0,2.0,2.0,3.0,3.0,3.0,4.0,6.0,inferred
Teignbridge,2021-04-01,0.0,0.0,0.0,1.0,1.0,1.0,2.0,2.0,3.0,3.0,3.0,4.0,6.0,inferred
Teignbridge,2021-04-02,0.0,0.0,0.0,0.0,1.0,1.0,1.0,2.0,2.0,2.0,3.0,4.0,6.0,inferred
Teignbridge,2021-04-03,0.0,0.0,0.0,0.0,0.0,1.0,1.0,1.0,2.0,2.0,2.0,3.0,5.0,inferred
Teignbridge,2021-04-04,0.0,0.0,0.0,0.0,1.0,1.0,1.0,2.0,2.0,2.0,3.0,4.0,6.0,inferred
Teignbridge,2021-04-05,0.0,0.0,0.0,1.0,1.0,1.0,2.0,2.0,2.3,3.0,3.0,4.0,7.0,inferred
Teignbridge,2021-04-06,0.0,0.0,0.0,0.0,1.0,1.0,1.0,2.0,2.0,2.0,3.0,4.0,6.0,inferred
Teignbridge,2021-04-07,0.0,0.0,0.0,1.0,1.0,1.0,2.0,2.0,3.0,3.0,3.0,4.0,6.0,inferred
Teignbridge,2021-04-08,0.0,0.0,0.0,0.0,1.0,1.0,1.0,2.0,2.0,3.0,3.0,4.0,6.0,inferred
Teignbridge,2021-04-09,0.0,0.0,0.0,0.0,1.0,1.0,1.0,2.0,2.0,2.0,3.0,4.0,6.0,inferred
Teignbridge,2021-04-10,0.0,0.0,0.0,0.0,0.0,1.0,1.0,1.0,2.0,2.0,2.0,3.0,5.0,inferred
Teignbridge,2021-04-11,0.0,0.0,0.0,0.0,1.0,1.0,1.0,2.0,2.0,3.0,3.0,4.0,6.0,inferred
Teignbridge,2021-04-12,0.0,0.0,1.0,1.0,1.0,1.0,2.0,2.0,3.0,3.0,4.0,5.0,6.0,inferred
Teignbridge,2021-04-13,0.0,0.0,0.0,1.0,1.0,1.0,1.0,2.0,2.0,3.0,3.0,4.0,6.0,inferred
Teignbridge,2021-04-14,0.0,0.0,1.0,1.0,1.0,1.0,2.0,2.0,3.0,3.0,4.0,5.0,7.0,inferred
Teignbridge,2021-04-15,0.0,0.0,1.0,1.0,1.0,1.0,2.0,2.0,3.0,3.0,3.0,4.0,6.0,inferred
Teignbridge,2021-04-16,0.0,0.0,0.0,0.0,1.0,1.0,1.0,2.0,2.0,2.0,3.0,4.0,6.0,inferred
Teignbridge,2021-04-17,0.0,0.0,0.0,0.0,0.0,1.0,1.0,1.0,2.0,2.0,2.0,3.0,5.0,inferred
Teignbridge,2021-04-18,0.0,0.0,0.0,1.0,1.0,1.0,1.0,2.0,2.0,3.0,3.0,4.0,6.0,inferred
Teignbridge,2021-04-19,0.0,0.0,0.0,1.0,1.0,1.0,2.0,2.0,3.0,3.0,3.0,4.0,6.5,inferred
Teignbridge,2021-04-20,0.0,0.0,0.0,1.0,1.0,1.0,1.0,2.0,2.0,3.0,3.0,4.0,6.0,inferred
Teignbridge,2021-04-21,0.0,0.0,1.0,1.0,1.0,1.0,2.0,2.0,3.0,3.0,3.0,5.0,6.0,inferred
Teignbridge,2021-04-22,0.0,0.0,0.0,1.0,1.0,1.0,1.0,2.0,2.0,3.0,3.0,4.0,6.0,inferred
Teignbridge,2021-04-23,0.0,0.0,0.0,0.0,1.0,1.0,1.0,2.0,2.0,2.0,3.0,4.0,6.0,inferred
Teignbridge,2021-04-24,0.0,0.0,0.0,0.0,0.0,1.0,1.0,1.0,2.0,2.0,2.0,3.0,5.0,inferred
Teignbridge,2021-04-25,0.0,0.0,0.0,0.0,1.0,1.0,1.0,2.0,2.0,2.0,3.0,4.0,6.0,inferred
Teignbridge,2021-04-26,0.0,0.0,0.0,1.0,1.0,1.0,2.0,2.0,3.0,3.0,3.0,4.0,7.0,inferred
Teignbridge,2021-04-27,0.0,0.0,0.0,0.0,1.0,1.0,1.0,2.0,2.0,3.0,3.0,4.0,6.0,inferred
Teignbridge,2021-04-28,0.0,0.0,0.0,1.0,1.0,1.0,2.0,2.0,3.0,3.0,3.0,5.0,7.0,inferred
Teignbridge,2021-04-29,0.0,0.0,0.0,1.0,1.0,1.0,2.0,2.0,2.0,3.0,3.0,4.0,6.0,inferred
Teignbridge,2021-04-30,0.0,0.0,0.0,0.0,0.0,1.0,1.0,2.0,2.0,2.0,3.0,4.0,6.0,inferred
Teignbridge,2021-05-01,0.0,0.0,0.0,0.0,0.0,1.0,1.0,1.0,2.0,2.0,2.0,3.0,5.0,inferred
Teignbridge,2021-05-02,0.0,0.0,0.0,0.0,0.0,1.0,1.0,2.0,2.0,2.0,3.0,4.0,6.0,inferred
Teignbridge,2021-05-03,0.0,0.0,0.0,1.0,1.0,1.0,2.0,2.0,3.0,3.0,3.0,4.0,6.0,inferred
Teignbridge,2021-05-04,0.0,0.0,0.0,0.0,0.0,1.0,1.0,2.0,2.0,2.0,3.0,4.0,6.0,inferred
Teignbridge,2021-05-05,0.0,0.0,0.0,1.0,1.0,1.0,1.0,2.0,2.0,3.0,3.0,4.0,6.0,inferred
Teignbridge,2021-05-06,0.0,0.0,0.0,0.0,1.0,1.0,1.0,2.0,2.0,2.0,3.0,4.0,6.0,inferred
Teignbridge,2021-05-07,0.0,0.0,0.0,0.0,0.0,1.0,1.0,1.0,2.0,2.0,3.0,4.0,5.0,inferred
Teignbridge,2021-05-08,0.0,0.0,0.0,0.0,0.0,0.0,1.0,1.0,1.0,2.0,2.0,3.0,4.5,inferred
Teignbridge,2021-05-09,0.0,0.0,0.0,0.0,0.0,1.0,1.0,1.0,2.0,2.0,2.0,4.0,5.0,inferred
Teignbridge,2021-05-10,0.0,0.0,0.0,0.0,1.0,1.0,1.0,2.0,2.0,3.0,3.0,4.0,6.0,inferred
Teignbridge,2021-05-11,0.0,0.0,0.0,0.0,0.0,1.0,1.0,1.0,2.0,2.0,2.0,3.0,5.0,inferred
Teignbridge,2021-05-12,0.0,0.0,0.0,0.0,1.0,1.0,1.0,2.0,2.0,3.0,3.0,4.0,6.0,inferred
Teignbridge,2021-05-13,0.0,0.0,0.0,0.0,1.0,1.0,1.0,2.0,2.0,2.0,3.0,4.0,5.0,inferred
Teignbridge,2021-05-14,0.0,0.0,0.0,0.0,0.0,1.0,1.0,1.0,2.0,2.0,2.0,4.0,5.0,inferred
Teignbridge,2021-05-15,0.0,0.0,0.0,0.0,0.0,0.0,1.0,1.0,1.0,2.0,2.0,3.0,5.0,inferred
Teignbridge,2021-05-16,0.0,0.0,0.0,0.0,0.0,1.0,1.0,1.0,2.0,2.0,3.0,4.0,5.0,inferred
Teignbridge,2021-05-17,0.0,0.0,0.0,0.0,1.0,1.0,1.0,2.0,2.0,3.0,3.0,4.0,6.0,inferred
Teignbridge,2021-05-18,0.0,0.0,0.0,0.0,1.0,1.0,1.0,2.0,2.0,2.0,3.0,4.0,6.0,inferred
Teignbridge,2021-05-19,0.0,0.0,0.0,1.0,1.0,1.0,2.0,2.0,3.0,3.0,3.0,4.0,6.0,inferred
Teignbridge,2021-05-20,0.0,0.0,0.0,0.0,1.0,1.0,1.0,2.0,2.0,3.0,3.0,4.0,6.0,inferred
Teignbridge,2021-05-21,0.0,0.0,0.0,0.0,0.0,1.0,1.0,1.0,2.0,2.0,3.0,4.0,6.0,inferred
Teignbridge,2021-05-22,0.0,0.0,0.0,0.0,0.0,1.0,1.0,1.0,1.3,2.0,2.0,3.0,4.0,inferred
Teignbridge,2021-05-23,0.0,0.0,0.0,0.0,0.0,1.0,1.0,2.0,2.0,2.0,3.0,4.0,6.0,inferred
Teignbridge,2021-05-24,0.0,0.0,0.0,1.0,1.0,1.0,2.0,2.0,3.0,3.0,3.0,4.0,6.0,inferred
Teignbridge,2021-05-25,0.0,0.0,0.0,0.0,1.0,1.0,1.0,2.0,2.0,2.0,3.0,4.0,5.0,inferred
Teignbridge,2021-05-26,0.0,0.0,0.0,1.0,1.0,1.0,1.0,2.0,3.0,3.0,3.0,4.0,6.0,inferred
Teignbridge,2021-05-27,0.0,0.0,0.0,1.0,1.0,1.0,1.0,2.0,2.0,3.0,3.0,4.0,6.0,inferred
Teignbridge,2021-05-28,0.0,0.0,0.0,0.0,0.0,1.0,1.0,1.0,2.0,2.0,2.0,3.0,5.0,inferred
Teignbridge,2021-05-29,0.0,0.0,0.0,0.0,0.0,0.0,1.0,1.0,1.0,2.0,2.0,3.0,4.0,inferred
Teignbridge,2021-05-30,0.0,0.0,0.0,0.0,0.0,1.0,1.0,2.0,2.0,2.0,3.0,3.0,6.0,inferred
Teignbridge,2021-05-31,0.0,0.0,0.0,0.8,1.0,1.0,1.0,2.0,2.0,3.0,3.0,4.0,6.0,inferred
Teignbridge,2021-06-01,0.0,0.0,0.0,0.0,1.0,1.0,1.0,2.0,2.0,2.0,3.0,4.0,6.0,inferred
Teignbridge,2021-06-02,0.0,0.0,1.0,1.0,1.0,1.0,2.0,2.0,3.0,3.0,3.0,4.0,6.0,inferred
Teignbridge,2021-06-03,0.0,0.0,1.0,1.0,1.0,1.0,2.0,2.0,3.0,3.0,4.0,5.0,7.0,inferred
Teignbridge,2021-06-04,0.0,0.0,1.0,1.0,1.0,1.0,2.0,2.0,3.0,3.0,3.0,4.0,6.5,inferred
Teignbridge,2021-06-05,0.0,0.0,0.0,0.0,1.0,1.0,1.0,2.0,2.0,3.0,3.0,4.0,6.0,inferred
Teignbridge,2021-06-06,0.0,0.0,1.0,1.0,1.0,2.0,2.0,3.0,3.0,4.0,4.0,6.0,8.0,inferred
Teignbridge,2021-06-07,0.0,1.0,2.0,2.0,2.0,3.0,4.0,4.0,5.0,5.0,6.0,7.0,10.0,inferred
Teignbridge,2021-06-08,0.0,1.0,1.0,2.0,2.0,3.0,3.0,4.0,5.0,5.0,5.0,7.0,9.0,inferred
Teignbridge,2021-06-09,0.0,1.0,2.0,3.0,3.0,4.0,4.0,5.0,6.0,6.0,7.0,8.0,11.0,inferred
Teignbridge,2021-06-10,0.0,1.0,2.0,3.0,3.0,4.0,4.0,5.0,6.0,6.0,7.0,8.0,11.0,inferred
Teignbridge,2021-06-11,0.0,1.0,2.0,2.0,3.0,3.0,4.0,5.0,5.0,6.0,6.0,8.0,10.0,inferred
Teignbridge,2021-06-12,0.0,1.0,1.0,2.0,2.0,3.0,3.0,4.0,5.0,5.0,6.0,7.0,9.0,inferred
Teignbridge,2021-06-13,1.0,2.0,3.0,3.0,4.0,4.0,5.0,6.0,7.0,7.0,8.0,9.0,12.0,inferred
Teignbridge,2021-06-14,2.0,3.0,4.0,4.0,5.0,6.0,6.0,7.0,8.0,9.0,9.0,11.0,15.0,inferred
Teignbridge,2021-06-15,1.0,2.0,3.0,4.0,4.0,5.0,6.0,7.0,8.0,8.0,9.0,11.0,14.0,inferred
Teignbridge,2021-06-16,2.0,3.0,5.0,5.0,5.7,6.0,7.0,8.0,9.0,10.0,10.0,12.1,17.0,inferred
Teignbridge,2021-06-17,1.0,3.0,4.0,5.0,5.0,6.0,7.0,8.0,9.0,9.0,10.0,12.0,16.0,inferred
Teignbridge,2021-06-18,1.0,3.0,4.0,4.0,5.0,5.0,6.0,7.0,8.0,9.0,9.0,11.0,15.0,inferred
Telford and Wrekin,2021-03-06,3.0,4.0,5.0,6.0,7.0,8.0,8.0,9.0,10.0,11.0,12.0,14.0,18.0,inferred
Telford and Wrekin,2021-03-07,3.0,4.0,6.0,6.0,7.0,8.0,9.0,10.0,11.0,12.0,13.0,15.0,19.0,inferred
Telford and Wrekin,2021-03-08,3.0,5.0,7.0,7.0,8.0,9.0,10.0,11.0,12.0,13.0,14.0,16.0,19.5,inferred
Telford and Wrekin,2021-03-09,3.0,5.0,6.0,7.0,7.0,8.0,9.0,10.0,11.0,12.0,13.0,14.0,18.0,inferred
Telford and Wrekin,2021-03-10,3.0,5.0,6.0,7.0,7.0,8.0,9.0,10.0,11.0,12.0,13.0,15.0,18.0,inferred
Telford and Wrekin,2021-03-11,2.0,4.0,5.0,6.0,6.0,7.0,8.0,9.0,10.0,11.0,11.0,14.0,17.0,inferred
Telford and Wrekin,2021-03-12,2.0,4.0,5.0,5.0,6.0,7.0,8.0,8.0,9.3,10.0,11.0,13.0,16.0,inferred
Telford and Wrekin,2021-03-13,1.0,2.0,4.0,4.0,4.0,5.0,6.0,7.0,8.0,8.0,9.0,10.1,14.0,inferred
Telford and Wrekin,2021-03-14,2.0,3.0,4.0,5.0,5.0,6.0,7.0,8.0,9.0,9.0,10.0,12.0,15.0,inferred
Telford and Wrekin,2021-03-15,2.0,4.0,5.0,6.0,7.0,8.0,9.0,10.0,11.0,11.0,12.0,14.0,17.0,inferred
Telford and Wrekin,2021-03-16,2.0,4.0,5.0,6.0,7.0,7.0,8.0,9.0,10.0,11.0,12.0,14.0,17.0,inferred
Telford and Wrekin,2021-03-17,2.0,4.0,6.0,6.0,7.0,8.0,9.0,10.0,11.0,12.0,12.0,14.0,18.0,inferred
Telford and Wrekin,2021-03-18,2.0,4.0,5.0,5.0,6.0,7.0,8.0,9.0,9.0,10.0,11.0,13.0,17.0,inferred
Telford and Wrekin,2021-03-19,1.0,3.0,4.0,5.0,5.0,6.0,7.0,8.0,9.0,10.0,10.0,12.0,15.0,inferred
Telford and Wrekin,2021-03-20,1.0,2.0,3.0,4.0,4.0,5.0,5.0,6.0,7.0,8.0,8.0,10.0,12.0,inferred
Telford and Wrekin,2021-03-21,1.0,3.0,4.0,4.0,5.0,5.0,6.0,7.0,8.0,9.0,9.0,11.0,14.0,inferred
Telford and Wrekin,2021-03-22,2.0,4.0,5.0,6.0,6.0,7.0,8.0,9.0,10.0,11.0,11.0,13.0,17.0,inferred
Telford and Wrekin,2021-03-23,2.0,3.0,5.0,5.0,6.0,6.0,7.0,8.0,9.0,10.0,11.0,13.0,16.0,inferred
Telford and Wrekin,2021-03-24,2.0,3.0,5.0,5.0,6.0,7.0,7.0,8.0,10.0,10.0,11.0,13.0,16.0,inferred
Telford and Wrekin,2021-03-25,1.0,3.0,4.0,4.0,5.0,6.0,6.0,7.0,8.0,9.0,9.0,11.0,14.0,inferred
Telford and Wrekin,2021-03-26,1.0,2.0,3.0,4.0,4.0,5.0,5.0,6.0,7.0,8.0,8.0,10.0,13.0,inferred
Telford and Wrekin,2021-03-27,0.0,1.0,2.0,2.0,3.0,3.0,4.0,5.0,5.0,6.0,7.0,8.0,11.0,inferred
Telford and Wrekin,2021-03-28,1.0,2.0,3.0,3.0,3.0,4.0,5.0,5.0,6.0,7.0,7.0,9.0,11.0,inferred
Telford and Wrekin,2021-03-29,1.0,2.0,3.0,4.0,4.0,5.0,6.0,7.0,8.0,8.0,9.0,10.0,13.0,inferred
Telford and Wrekin,2021-03-30,1.0,2.0,3.0,4.0,4.0,5.0,5.0,6.0,7.0,8.0,8.0,10.0,12.0,inferred
Telford and Wrekin,2021-03-31,1.0,2.0,3.0,4.0,4.0,5.0,6.0,6.0,7.0,8.0,9.0,10.0,13.0,inferred
Telford and Wrekin,2021-04-01,1.0,2.0,3.0,3.0,4.0,5.0,5.0,6.0,7.0,7.0,8.0,10.0,12.0,inferred
Telford and Wrekin,2021-04-02,0.0,1.0,2.0,3.0,3.0,4.0,5.0,5.0,6.0,7.0,7.0,9.0,12.0,inferred
Telford and Wrekin,2021-04-03,0.0,1.0,2.0,2.0,2.0,3.0,4.0,4.0,5.0,5.0,6.0,7.0,10.0,inferred
Telford and Wrekin,2021-04-04,0.5,1.0,2.0,2.8,3.0,4.0,4.0,5.0,6.0,6.0,7.0,8.0,11.0,inferred
Telford and Wrekin,2021-04-05,1.0,2.0,3.0,3.0,4.0,4.0,5.0,6.0,7.0,8.0,8.0,10.0,12.0,inferred
Telford and Wrekin,2021-04-06,1.0,2.0,3.0,3.0,4.0,4.0,5.0,6.0,7.0,7.0,8.0,9.0,12.0,inferred
Telford and Wrekin,2021-04-07,1.0,2.0,3.0,3.0,4.0,5.0,5.0,6.0,7.0,8.0,8.0,10.0,14.0,inferred
Telford and Wrekin,2021-04-08,1.0,2.0,3.0,3.0,3.0,4.0,5.0,5.0,6.0,7.0,7.0,9.0,12.0,inferred
Telford and Wrekin,2021-04-09,1.0,1.0,2.0,3.0,3.0,4.0,4.0,5.0,6.0,6.0,7.0,8.0,11.0,inferred
Telford and Wrekin,2021-04-10,0.0,1.0,2.0,2.0,2.0,3.0,3.0,4.0,5.0,5.0,6.0,7.0,10.0,inferred
Telford and Wrekin,2021-04-11,0.0,1.0,2.0,2.0,3.0,3.0,4.0,5.0,6.0,6.0,6.0,8.0,11.0,inferred
Telford and Wrekin,2021-04-12,1.0,2.0,3.0,3.0,4.0,5.0,5.0,6.0,7.0,8.0,8.0,10.0,12.0,inferred
Telford and Wrekin,2021-04-13,1.0,2.0,3.0,3.0,4.0,5.0,5.0,6.0,7.0,7.0,8.0,9.0,13.0,inferred
Telford and Wrekin,2021-04-14,1.0,2.0,3.0,4.0,4.0,5.0,6.0,6.4,7.0,8.0,9.0,10.0,13.0,inferred
Telford and Wrekin,2021-04-15,1.0,2.0,3.0,3.0,4.0,4.0,5.0,6.0,7.0,7.0,8.0,9.0,12.0,inferred
Telford and Wrekin,2021-04-16,1.0,2.0,3.0,3.0,3.0,4.0,5.0,5.0,6.0,7.0,8.0,9.0,12.0,inferred
Telford and Wrekin,2021-04-17,0.0,1.0,2.0,2.0,3.0,3.0,4.0,5.0,5.0,6.0,6.0,8.0,11.0,inferred
Telford and Wrekin,2021-04-18,1.0,2.0,3.0,3.0,3.0,4.0,4.0,5.0,6.0,7.0,7.0,9.0,12.0,inferred
Telford and Wrekin,2021-04-19,1.0,2.0,3.0,4.0,4.0,5.0,6.0,7.0,8.0,8.0,9.0,11.0,14.0,inferred
Telford and Wrekin,2021-04-20,1.0,2.0,3.0,4.0,4.0,5.0,6.0,7.0,8.0,8.0,9.0,11.0,14.0,inferred
Telford and Wrekin,2021-04-21,1.0,3.0,4.0,4.0,4.7,5.0,6.0,7.0,8.0,9.0,9.0,11.0,14.0,inferred
Telford and Wrekin,2021-04-22,1.0,2.0,3.0,4.0,4.0,5.0,5.0,6.0,7.0,8.0,8.0,10.0,13.0,inferred
Telford and Wrekin,2021-04-23,1.0,2.0,3.0,3.0,3.0,4.0,5.0,5.0,6.0,7.0,7.0,9.0,12.0,inferred
Telford and Wrekin,2021-04-24,0.0,1.0,2.0,2.0,3.0,3.0,4.0,4.0,5.0,6.0,6.0,8.0,11.0,inferred
Telford and Wrekin,2021-04-25,0.0,2.0,3.0,3.0,3.0,4.0,5.0,5.0,6.0,7.0,7.0,9.0,11.0,inferred
Telford and Wrekin,2021-04-26,1.0,2.9,3.0,4.0,4.0,5.0,6.0,7.0,7.0,8.0,9.0,10.0,13.0,inferred
Telford and Wrekin,2021-04-27,1.0,2.0,3.0,3.0,4.0,4.0,5.0,6.0,7.0,7.0,8.0,10.0,12.0,inferred
Telford and Wrekin,2021-04-28,1.0,2.0,3.0,4.0,4.0,5.0,5.0,6.0,7.0,8.0,8.0,10.0,13.0,inferred
Telford and Wrekin,2021-04-29,1.0,2.0,3.0,3.0,3.0,4.0,5.0,6.0,6.0,7.0,7.0,9.0,12.0,inferred
Telford and Wrekin,2021-04-30,0.0,1.0,2.0,2.0,3.0,3.0,4.0,5.0,6.0,6.0,7.0,8.0,11.0,inferred
Telford and Wrekin,2021-05-01,0.0,1.0,1.0,2.0,2.0,2.0,3.0,4.0,4.0,5.0,5.0,6.0,9.0,inferred
Telford and Wrekin,2021-05-02,0.0,1.0,2.0,2.0,2.0,3.0,3.0,4.0,5.0,5.0,6.0,7.0,10.0,inferred
Telford and Wrekin,2021-05-03,0.0,1.0,2.0,3.0,3.0,3.0,4.0,5.0,6.0,6.0,7.0,9.0,11.0,inferred
Telford and Wrekin,2021-05-04,0.0,1.0,2.0,2.0,3.0,3.0,4.0,4.0,5.0,6.0,6.0,8.0,10.0,inferred
Telford and Wrekin,2021-05-05,0.0,1.0,2.0,2.0,3.0,3.0,4.0,5.0,5.0,6.0,6.0,8.0,10.0,inferred
Telford and Wrekin,2021-05-06,0.0,1.0,2.0,2.0,2.0,3.0,3.0,4.0,4.0,5.0,5.0,7.0,9.0,inferred
Telford and Wrekin,2021-05-07,0.0,1.0,1.0,1.0,2.0,2.0,3.0,3.0,4.0,4.0,5.0,6.0,9.0,inferred
Telford and Wrekin,2021-05-08,0.0,0.0,1.0,1.0,1.0,2.0,2.0,3.0,3.0,4.0,4.0,5.0,8.0,inferred
Telford and Wrekin,2021-05-09,0.0,0.0,1.0,1.0,2.0,2.0,3.0,3.0,4.0,4.0,4.0,6.0,8.0,inferred
Telford and Wrekin,2021-05-10,0.0,1.0,1.0,2.0,2.0,3.0,3.0,4.0,5.0,5.0,6.0,7.0,10.0,inferred
Telford and Wrekin,2021-05-11,0.0,1.0,1.0,2.0,2.0,3.0,3.0,4.0,4.0,5.0,5.0,7.0,9.0,inferred
Telford and Wrekin,2021-05-12,0.0,1.0,2.0,2.0,2.0,3.0,3.0,4.0,5.0,5.0,6.0,7.0,10.0,inferred
Telford and Wrekin,2021-05-13,0.0,1.0,1.0,2.0,2.0,2.0,3.0,4.0,4.0,4.0,5.0,6.0,9.0,inferred
Telford and Wrekin,2021-05-14,0.0,0.9,1.0,1.0,2.0,2.0,3.0,3.0,4.0,4.0,5.0,6.0,8.0,inferred
Telford and Wrekin,2021-05-15,0.0,0.0,1.0,1.0,1.0,2.0,2.0,3.0,3.0,4.0,4.0,5.0,7.0,inferred
Telford and Wrekin,2021-05-16,0.0,0.0,1.0,1.0,1.0,2.0,2.0,3.0,4.0,4.0,4.0,6.0,7.5,inferred
Telford and Wrekin,2021-05-17,0.0,1.0,1.0,2.0,2.0,3.0,3.0,4.0,4.0,5.0,5.0,7.0,9.0,inferred
Telford and Wrekin,2021-05-18,0.0,1.0,1.0,2.0,2.0,3.0,3.0,4.0,5.0,5.0,5.0,7.0,9.0,inferred
Telford and Wrekin,2021-05-19,0.0,1.0,2.0,2.0,2.0,3.0,4.0,4.0,5.0,5.0,6.0,7.0,10.0,inferred
Telford and Wrekin,2021-05-20,0.0,1.0,2.0,2.0,2.0,3.0,3.0,4.0,5.0,5.0,6.0,7.0,10.0,inferred
Telford and Wrekin,2021-05-21,0.0,1.0,2.0,2.0,2.0,3.0,3.0,4.0,5.0,5.0,6.0,7.0,9.0,inferred
Telford and Wrekin,2021-05-22,0.0,1.0,1.0,2.0,2.0,2.0,3.0,3.0,4.0,4.0,5.0,6.0,8.0,inferred
Telford and Wrekin,2021-05-23,0.0,1.0,2.0,2.0,2.0,3.0,4.0,4.0,5.0,6.0,6.0,7.0,10.0,inferred
Telford and Wrekin,2021-05-24,1.0,2.0,3.0,3.0,3.0,4.0,5.0,6.0,6.0,7.0,7.0,9.0,12.0,inferred
Telford and Wrekin,2021-05-25,1.0,2.0,3.0,4.0,4.0,5.0,6.0,6.0,7.0,8.0,8.0,10.0,12.0,inferred
Telford and Wrekin,2021-05-26,1.0,3.0,4.0,4.0,5.0,6.0,6.0,7.0,8.0,9.0,9.0,11.0,15.0,inferred
Telford and Wrekin,2021-05-27,1.0,3.0,4.0,4.0,5.0,6.0,6.0,7.0,8.0,9.0,10.0,11.0,14.0,inferred
Telford and Wrekin,2021-05-28,2.0,3.0,4.0,4.0,5.0,6.0,6.0,7.0,8.0,9.0,10.0,11.0,15.0,inferred
Telford and Wrekin,2021-05-29,1.0,2.0,3.0,4.0,4.0,5.0,6.0,7.0,7.0,8.0,9.0,10.0,13.0,inferred
Telford and Wrekin,2021-05-30,2.0,3.0,4.0,5.0,5.0,6.0,7.0,8.0,9.0,10.0,10.0,12.0,15.0,inferred
Telford and Wrekin,2021-05-31,3.0,5.0,7.0,8.0,8.0,9.0,10.0,11.0,13.0,13.0,14.0,16.0,20.0,inferred
Telford and Wrekin,2021-06-01,4.0,6.0,7.0,8.0,8.7,10.0,11.0,12.0,13.0,14.0,15.0,17.0,20.0,inferred
Telford and Wrekin,2021-06-02,4.0,7.0,8.0,9.0,10.0,11.0,12.0,13.0,14.0,15.0,16.0,18.0,22.0,inferred
Telford and Wrekin,2021-06-03,4.0,6.0,8.0,9.0,9.0,10.0,11.0,13.0,14.0,14.2,15.0,17.0,21.0,inferred
Telford and Wrekin,2021-06-04,4.0,6.0,8.0,8.0,9.0,10.0,11.0,12.0,13.0,14.0,15.0,17.0,20.0,inferred
Telford and Wrekin,2021-06-05,3.0,5.0,6.0,7.0,7.0,8.0,9.0,10.0,11.0,12.0,13.0,15.0,18.0,inferred
Telford and Wrekin,2021-06-06,4.0,6.0,8.0,9.0,9.0,10.0,11.0,13.0,14.0,15.0,15.0,18.0,21.0,inferred
Telford and Wrekin,2021-06-07,6.0,9.0,11.0,12.0,13.0,14.0,15.0,16.0,18.0,19.0,20.0,22.0,27.0,inferred
Telford and Wrekin,2021-06-08,7.0,10.0,12.0,12.0,13.0,14.0,16.0,17.0,18.3,19.0,20.0,23.0,27.0,inferred
Telford and Wrekin,2021-06-09,8.0,11.0,13.0,14.0,15.0,16.0,18.0,19.0,21.0,22.0,23.0,25.0,30.0,inferred
Telford and Wrekin,2021-06-10,7.0,10.0,12.0,13.0,14.0,15.0,17.0,18.0,19.0,20.0,21.0,24.0,28.5,inferred
Telford and Wrekin,2021-06-11,7.5,10.0,12.0,13.0,14.0,15.0,16.0,18.0,19.0,20.0,21.0,23.0,28.0,inferred
Telford and Wrekin,2021-06-12,6.0,8.0,10.0,10.0,11.0,12.6,14.0,15.0,16.0,17.0,17.0,20.0,25.0,inferred
Telford and Wrekin,2021-06-13,8.0,11.0,13.0,14.0,14.0,16.0,17.0,18.0,20.0,21.0,22.0,24.0,29.0,inferred
Telford and Wrekin,2021-06-14,11.0,15.0,18.0,19.0,20.0,21.0,23.0,25.0,26.0,27.0,28.0,32.0,37.0,inferred
Telford and Wrekin,2021-06-15,12.0,16.0,19.0,20.0,21.0,23.0,24.0,26.0,27.0,28.0,29.2,33.0,38.0,inferred
Telford and Wrekin,2021-06-16,16.0,19.0,22.0,23.0,24.0,25.0,27.0,29.0,31.0,32.0,33.0,37.0,43.0,inferred
Telford and Wrekin,2021-06-17,14.0,18.0,20.0,21.0,22.0,24.0,25.0,27.0,29.0,30.0,32.0,36.0,41.5,inferred
Telford and Wrekin,2021-06-18,12.0,17.0,19.0,20.0,21.0,23.6,25.0,27.0,29.0,30.0,31.0,35.0,41.0,inferred
Tendring,2021-03-06,2.0,3.0,4.0,4.0,5.0,5.0,6.0,7.0,8.0,8.0,9.0,10.0,13.0,inferred
Tendring,2021-03-07,1.0,3.0,4.0,5.0,5.0,6.0,6.0,7.0,8.0,9.0,9.0,11.0,14.0,inferred
Tendring,2021-03-08,2.0,4.0,5.0,6.0,6.0,7.0,8.0,8.0,9.0,10.0,10.0,12.0,15.0,inferred
Tendring,2021-03-09,2.0,3.0,4.0,5.0,5.0,6.0,7.0,8.0,9.0,9.0,10.0,11.0,14.0,inferred
Tendring,2021-03-10,2.0,4.0,5.0,5.0,6.0,7.0,8.0,8.0,9.3,10.0,11.0,12.0,15.0,inferred
Tendring,2021-03-11,2.0,3.0,5.0,5.0,6.0,6.0,7.0,8.0,9.0,9.0,10.0,12.0,15.0,inferred
Tendring,2021-03-12,2.0,3.0,4.0,5.0,5.0,6.0,7.0,7.0,8.0,9.0,9.0,11.0,14.0,inferred
Tendring,2021-03-13,1.0,3.0,3.0,4.0,4.0,5.0,6.0,6.0,7.0,8.0,8.0,10.0,13.0,inferred
Tendring,2021-03-14,2.0,3.0,4.0,5.0,5.0,6.0,7.0,8.0,9.0,9.0,10.0,11.0,15.0,inferred
Tendring,2021-03-15,3.0,5.0,6.0,7.0,7.0,8.0,9.0,10.0,11.0,12.0,12.0,14.0,18.0,inferred
Tendring,2021-03-16,3.0,5.0,6.0,7.0,7.0,8.0,9.0,10.0,11.0,12.0,12.0,14.0,17.0,inferred
Tendring,2021-03-17,4.0,5.0,7.0,7.0,8.0,9.0,10.0,11.0,12.0,12.0,13.0,15.0,19.0,inferred
Tendring,2021-03-18,4.0,5.0,6.0,7.0,7.0,8.0,9.0,10.0,12.0,12.0,13.0,15.0,18.0,inferred
Tendring,2021-03-19,3.0,5.0,6.0,6.0,7.0,8.0,9.0,10.0,11.0,11.0,12.0,13.0,17.0,inferred
Tendring,2021-03-20,2.0,4.0,5.0,5.0,6.0,6.0,7.0,8.0,9.0,9.0,10.0,12.0,15.0,inferred
Tendring,2021-03-21,3.0,4.9,6.0,6.0,7.0,8.0,9.0,9.0,10.0,11.0,12.0,14.0,17.0,inferred
Tendring,2021-03-22,4.0,6.0,8.0,8.0,9.0,10.0,11.0,12.0,13.0,14.0,15.0,17.0,20.0,inferred
Tendring,2021-03-23,4.0,6.0,7.0,8.0,8.0,9.0,10.0,11.0,12.0,13.0,14.0,16.0,19.0,inferred
Tendring,2021-03-24,4.0,6.0,7.0,8.0,8.0,9.0,10.0,11.0,13.0,13.0,14.0,16.0,20.0,inferred
Tendring,2021-03-25,3.0,5.0,6.0,7.0,7.0,8.0,9.0,10.0,11.0,12.0,13.0,15.0,18.0,inferred
Tendring,2021-03-26,3.0,4.0,5.0,6.0,6.0,7.0,8.0,9.0,10.0,10.0,11.0,13.0,16.0,inferred
Tendring,2021-03-27,1.0,3.0,4.0,4.0,4.0,5.0,6.0,7.0,8.0,8.0,9.0,10.0,13.0,inferred
Tendring,2021-03-28,2.0,3.0,4.0,4.8,5.0,6.0,6.0,7.0,8.0,9.0,9.0,11.0,14.0,inferred
Tendring,2021-03-29,2.0,4.0,5.0,5.0,6.0,7.0,7.0,8.0,9.0,10.0,11.0,12.0,15.0,inferred
Tendring,2021-03-30,2.0,3.0,4.0,5.0,5.0,6.0,7.0,8.0,9.0,9.0,10.0,11.0,14.0,inferred
Tendring,2021-03-31,2.0,3.0,4.0,4.0,5.0,6.0,7.0,7.0,8.0,9.0,10.0,11.0,14.0,inferred
Tendring,2021-04-01,1.0,2.0,3.0,4.0,4.0,5.0,6.0,6.0,7.0,8.0,8.0,10.0,13.0,inferred
Tendring,2021-04-02,1.0,2.0,3.0,3.0,3.0,4.0,5.0,6.0,6.0,7.0,7.0,9.0,11.0,inferred
Tendring,2021-04-03,0.0,1.0,2.0,2.0,2.0,3.0,3.0,4.0,5.0,5.0,6.0,7.0,9.0,inferred
Tendring,2021-04-04,0.5,1.0,2.0,2.0,3.0,3.0,4.0,4.0,5.0,6.0,6.0,7.0,10.0,inferred
Tendring,2021-04-05,1.0,2.0,3.0,3.0,3.0,4.0,5.0,5.0,6.0,6.0,7.0,9.0,11.0,inferred
Tendring,2021-04-06,0.0,1.0,2.0,3.0,3.0,4.0,4.0,5.0,6.0,6.0,6.0,8.0,10.0,inferred
Tendring,2021-04-07,0.0,2.0,2.0,3.0,3.0,4.0,4.0,5.0,6.0,6.0,7.0,8.0,11.0,inferred
Tendring,2021-04-08,0.0,1.0,2.0,2.0,3.0,3.0,4.0,5.0,5.0,6.0,6.0,7.0,10.0,inferred
Tendring,2021-04-09,0.0,1.0,2.0,2.0,2.0,3.0,3.0,4.0,5.0,5.0,5.0,7.0,9.0,inferred
Tendring,2021-04-10,0.0,1.0,1.0,1.0,2.0,2.0,2.0,3.0,4.0,4.0,4.0,5.0,8.0,inferred
Tendring,2021-04-11,0.0,1.0,1.0,1.0,2.0,2.0,3.0,3.0,4.0,4.0,5.0,6.0,8.0,inferred
Tendring,2021-04-12,0.0,1.0,2.0,2.0,2.0,3.0,3.0,4.0,5.0,5.0,5.0,7.0,9.0,inferred
Tendring,2021-04-13,0.0,1.0,2.0,2.0,2.0,3.0,3.0,4.0,4.0,5.0,5.0,7.0,9.0,inferred
Tendring,2021-04-14,0.0,1.0,2.0,2.0,2.0,3.0,3.5,4.0,5.0,5.0,6.0,7.0,9.0,inferred
Tendring,2021-04-15,0.0,1.0,1.0,2.0,2.0,3.0,3.0,4.0,4.0,5.0,5.0,6.0,9.0,inferred
Tendring,2021-04-16,0.0,1.0,1.0,1.0,2.0,2.0,3.0,3.0,4.0,4.0,5.0,6.0,8.0,inferred
Tendring,2021-04-17,0.0,0.0,1.0,1.0,1.0,2.0,2.0,3.0,3.0,4.0,4.0,5.0,7.0,inferred
Tendring,2021-04-18,0.0,1.0,1.0,1.0,2.0,2.0,3.0,3.0,4.0,4.0,5.0,6.0,8.0,inferred
Tendring,2021-04-19,0.0,1.0,2.0,2.0,2.0,3.0,3.0,4.0,4.0,5.0,5.0,7.0,9.0,inferred
Tendring,2021-04-20,0.0,1.0,1.0,2.0,2.0,2.0,3.0,4.0,4.0,5.0,5.0,6.0,8.0,inferred
Tendring,2021-04-21,0.0,1.0,1.0,2.0,2.0,2.0,3.0,3.0,4.0,4.0,5.0,6.0,8.0,inferred
Tendring,2021-04-22,0.0,1.0,1.0,1.0,2.0,2.0,3.0,3.0,4.0,4.0,4.0,6.0,8.0,inferred
Tendring,2021-04-23,0.0,0.0,1.0,1.0,1.0,2.0,2.0,3.0,3.0,4.0,4.0,5.0,7.0,inferred
Tendring,2021-04-24,0.0,0.0,1.0,1.0,1.0,1.0,2.0,2.0,3.0,3.0,3.0,4.0,6.0,inferred
Tendring,2021-04-25,0.0,0.0,1.0,1.0,1.0,2.0,2.0,2.0,3.0,3.0,4.0,5.0,7.0,inferred
Tendring,2021-04-26,0.0,0.0,1.0,1.0,1.0,2.0,3.0,3.0,4.0,4.0,4.0,5.0,7.0,inferred
Tendring,2021-04-27,0.0,0.0,1.0,1.0,1.0,2.0,2.0,3.0,3.0,4.0,4.0,5.0,7.0,inferred
Tendring,2021-04-28,0.0,0.0,1.0,1.0,1.0,2.0,2.0,3.0,3.0,4.0,4.0,5.0,7.0,inferred
Tendring,2021-04-29,0.0,0.0,1.0,1.0,1.0,2.0,2.0,3.0,3.0,3.0,4.0,5.0,7.0,inferred
Tendring,2021-04-30,0.0,0.0,1.0,1.0,1.0,1.0,2.0,2.0,3.0,3.0,3.0,5.0,6.5,inferred
Tendring,2021-05-01,0.0,0.0,0.0,1.0,1.0,1.0,1.0,2.0,2.0,3.0,3.0,4.0,6.0,inferred
Tendring,2021-05-02,0.0,0.0,0.0,1.0,1.0,1.0,2.0,2.0,3.0,3.0,3.0,4.0,6.0,inferred
Tendring,2021-05-03,0.0,0.0,1.0,1.0,1.0,2.0,2.0,3.0,3.0,4.0,4.0,5.0,7.0,inferred
Tendring,2021-05-04,0.0,0.0,1.0,1.0,1.0,2.0,2.0,3.0,3.0,3.0,4.0,5.0,7.0,inferred
Tendring,2021-05-05,0.0,0.0,1.0,1.0,1.0,2.0,2.0,3.0,3.0,4.0,4.0,5.0,7.0,inferred
Tendring,2021-05-06,0.0,0.0,1.0,1.0,1.0,1.0,2.0,2.0,3.0,3.0,4.0,5.0,6.5,inferred
Tendring,2021-05-07,0.0,0.0,0.0,1.0,1.0,1.0,2.0,2.0,3.0,3.0,3.0,4.0,6.0,inferred
Tendring,2021-05-08,0.0,0.0,0.0,0.0,1.0,1.0,1.0,2.0,2.0,2.0,3.0,3.0,5.0,inferred
Tendring,2021-05-09,0.0,0.0,0.0,1.0,1.0,1.0,1.0,2.0,2.0,3.0,3.0,4.0,6.0,inferred
Tendring,2021-05-10,0.0,0.0,1.0,1.0,1.0,1.0,2.0,2.0,3.0,3.0,4.0,5.0,6.0,inferred
Tendring,2021-05-11,0.0,0.0,1.0,1.0,1.0,1.0,2.0,2.0,3.0,3.0,3.0,4.0,6.0,inferred
Tendring,2021-05-12,0.0,0.0,1.0,1.0,1.0,1.0,2.0,2.0,3.0,3.0,3.0,4.0,6.5,inferred
Tendring,2021-05-13,0.0,0.0,0.0,1.0,1.0,1.0,1.0,2.0,2.0,3.0,3.0,4.0,6.0,inferred
Tendring,2021-05-14,0.0,0.0,0.0,0.0,1.0,1.0,1.0,2.0,2.0,2.0,3.0,4.0,5.0,inferred
Tendring,2021-05-15,0.0,0.0,0.0,0.0,0.0,1.0,1.0,1.0,2.0,2.0,2.0,3.0,4.0,inferred
Tendring,2021-05-16,0.0,0.0,0.0,0.0,0.0,1.0,1.0,1.0,2.0,2.0,2.0,3.0,5.0,inferred
Tendring,2021-05-17,0.0,0.0,0.0,0.0,1.0,1.0,1.0,2.0,2.0,2.0,3.0,4.0,5.0,inferred
Tendring,2021-05-18,0.0,0.0,0.0,0.0,1.0,1.0,1.0,2.0,2.0,2.0,3.0,3.0,5.0,inferred
Tendring,2021-05-19,0.0,0.0,0.0,0.0,1.0,1.0,1.0,2.0,2.0,2.0,3.0,4.0,5.0,inferred
Tendring,2021-05-20,0.0,0.0,0.0,0.0,0.0,1.0,1.0,1.0,2.0,2.0,3.0,3.0,5.0,inferred
Tendring,2021-05-21,0.0,0.0,0.0,0.0,0.0,1.0,1.0,1.0,2.0,2.0,2.0,3.0,5.0,inferred
Tendring,2021-05-22,0.0,0.0,0.0,0.0,0.0,0.0,1.0,1.0,1.0,2.0,2.0,3.0,4.0,inferred
Tendring,2021-05-23,0.0,0.0,0.0,0.0,0.0,1.0,1.0,1.0,2.0,2.0,2.0,3.0,5.0,inferred
Tendring,2021-05-24,0.0,0.0,0.0,0.0,1.0,1.0,1.0,2.0,2.0,2.0,3.0,3.0,5.0,inferred
Tendring,2021-05-25,0.0,0.0,0.0,0.0,0.0,1.0,1.0,1.0,2.0,2.0,2.0,3.0,5.0,inferred
Tendring,2021-05-26,0.0,0.0,0.0,0.0,1.0,1.0,1.0,2.0,2.0,2.0,3.0,3.0,5.0,inferred
Tendring,2021-05-27,0.0,0.0,0.0,0.0,0.0,1.0,1.0,1.0,2.0,2.0,2.0,4.0,5.0,inferred
Tendring,2021-05-28,0.0,0.0,0.0,0.0,0.0,1.0,1.0,1.0,2.0,2.0,2.0,3.0,4.0,inferred
Tendring,2021-05-29,0.0,0.0,0.0,0.0,0.0,1.0,1.0,1.0,2.0,2.0,2.0,3.0,4.0,inferred
Tendring,2021-05-30,0.0,0.0,0.0,0.0,0.0,1.0,1.0,1.0,2.0,2.0,2.0,3.0,5.0,inferred
Tendring,2021-05-31,0.0,0.0,0.0,1.0,1.0,1.0,1.0,2.0,2.0,3.0,3.0,4.0,6.0,inferred
Tendring,2021-06-01,0.0,0.0,0.0,1.0,1.0,1.0,2.0,2.0,2.0,3.0,3.0,4.0,6.0,inferred
Tendring,2021-06-02,0.0,0.0,1.0,1.0,1.0,1.0,2.0,2.0,3.0,3.0,3.0,4.0,6.0,inferred
Tendring,2021-06-03,0.0,0.0,1.0,1.0,1.0,1.0,2.0,2.0,3.0,3.0,3.0,4.0,6.0,inferred
Tendring,2021-06-04,0.0,0.0,1.0,1.0,1.0,1.0,2.0,2.0,3.0,3.0,3.0,4.0,6.0,inferred
Tendring,2021-06-05,0.0,0.0,0.0,1.0,1.0,1.0,1.0,2.0,2.0,2.2,3.0,4.0,5.0,inferred
Tendring,2021-06-06,0.0,0.0,1.0,1.0,1.0,1.0,2.0,2.0,3.0,3.0,4.0,5.0,6.0,inferred
Tendring,2021-06-07,0.0,1.0,1.0,1.0,2.0,2.0,3.0,3.0,4.0,4.0,4.0,6.0,8.0,inferred
Tendring,2021-06-08,0.0,1.0,1.0,1.0,2.0,2.0,3.0,3.0,4.0,4.0,5.0,6.0,8.0,inferred
Tendring,2021-06-09,0.0,1.0,1.0,2.0,2.0,2.0,3.0,4.0,4.0,5.0,5.0,6.0,9.0,inferred
Tendring,2021-06-10,0.0,1.0,1.0,2.0,2.0,2.0,3.0,4.0,4.0,5.0,5.0,6.0,9.0,inferred
Tendring,2021-06-11,0.0,1.0,1.0,2.0,2.0,2.0,3.0,3.0,4.0,4.0,5.0,6.0,8.0,inferred
Tendring,2021-06-12,0.0,0.0,1.0,1.0,2.0,2.0,2.0,3.0,4.0,4.0,4.0,5.0,8.0,inferred
Tendring,2021-06-13,0.0,1.0,1.0,2.0,2.0,3.0,3.0,4.0,4.0,5.0,5.0,6.0,8.0,inferred
Tendring,2021-06-14,0.0,1.0,2.0,2.0,3.0,3.0,4.0,5.0,6.0,6.0,7.0,8.0,10.0,inferred
Tendring,2021-06-15,0.0,1.0,2.0,3.0,3.0,4.0,4.0,5.0,6.0,6.0,7.0,8.0,11.0,inferred
Tendring,2021-06-16,1.0,2.0,3.0,3.0,3.0,4.0,5.0,5.0,6.0,7.0,7.0,8.0,11.0,inferred
Tendring,2021-06-17,0.0,2.0,3.0,3.0,3.0,4.0,5.0,5.0,6.0,7.0,7.0,8.0,11.0,inferred
Tendring,2021-06-18,0.0,1.0,2.0,3.0,3.0,3.0,4.0,5.0,5.0,6.0,6.0,8.0,10.0,inferred
Test Valley,2021-03-06,1.0,2.0,3.0,3.0,3.0,4.0,4.0,5.0,6.0,6.0,7.0,8.0,10.0,inferred
Test Valley,2021-03-07,1.0,2.0,3.0,3.0,4.0,5.0,5.0,6.0,7.0,7.0,8.0,9.0,13.0,inferred
Test Valley,2021-03-08,1.0,3.0,4.0,4.0,4.0,5.0,6.0,7.0,8.0,8.0,9.0,11.0,13.0,inferred
Test Valley,2021-03-09,1.0,3.0,4.0,4.0,4.0,5.0,6.0,7.0,8.0,8.0,9.0,10.0,13.0,inferred
Test Valley,2021-03-10,1.0,3.0,4.0,4.0,4.0,5.0,6.0,7.0,8.0,8.0,9.0,10.0,13.0,inferred
Test Valley,2021-03-11,1.0,2.0,3.0,4.0,4.0,5.0,6.0,6.0,7.0,7.0,8.0,9.0,12.0,inferred
Test Valley,2021-03-12,0.0,2.0,3.0,3.0,3.0,4.0,5.0,5.0,6.0,7.0,7.0,9.0,12.0,inferred
Test Valley,2021-03-13,0.0,1.0,2.0,2.0,3.0,3.0,4.0,4.0,5.0,6.0,6.0,8.0,10.0,inferred
Test Valley,2021-03-14,1.0,2.0,2.0,3.0,3.0,4.0,4.0,5.0,6.0,6.0,7.0,8.0,11.0,inferred
Test Valley,2021-03-15,1.0,2.0,3.0,4.0,4.0,5.0,5.0,6.0,7.0,8.0,8.2,10.0,14.0,inferred
Test Valley,2021-03-16,1.0,2.0,3.0,3.0,4.0,5.0,5.0,6.0,7.0,8.0,8.0,10.0,12.5,inferred
Test Valley,2021-03-17,1.0,3.0,4.0,4.0,4.0,5.0,6.0,7.0,7.0,8.0,8.0,10.0,13.0,inferred
Test Valley,2021-03-18,1.0,2.0,3.0,4.0,4.0,5.0,5.0,6.0,7.0,7.0,8.0,10.0,13.0,inferred
Test Valley,2021-03-19,1.0,2.0,3.0,3.0,3.0,4.0,5.0,5.0,6.0,7.0,7.0,9.0,11.5,inferred
Test Valley,2021-03-20,0.0,1.0,2.0,2.0,3.0,3.0,4.0,4.0,5.0,6.0,6.0,8.0,10.0,inferred
Test Valley,2021-03-21,0.5,2.0,3.0,3.0,3.0,4.0,5.0,5.0,6.0,7.0,7.0,9.0,12.0,inferred
Test Valley,2021-03-22,1.0,2.0,3.0,4.0,4.0,5.0,6.0,7.0,7.0,8.0,9.0,10.0,14.0,inferred
Test Valley,2021-03-23,1.0,2.0,3.0,4.0,4.0,5.0,6.0,6.0,7.0,8.0,8.0,10.0,12.0,inferred
Test Valley,2021-03-24,1.0,3.0,4.0,4.0,4.0,5.0,6.0,7.0,8.0,8.0,9.0,10.0,13.0,inferred
Test Valley,2021-03-25,1.0,2.0,3.0,3.0,4.0,5.0,5.0,6.0,7.0,7.0,8.0,10.0,12.0,inferred
Test Valley,2021-03-26,1.0,2.0,3.0,3.0,3.0,4.0,5.0,5.0,6.0,6.0,7.0,9.0,11.0,inferred
Test Valley,2021-03-27,0.0,1.0,2.0,2.0,3.0,3.0,4.0,4.0,5.0,6.0,6.0,7.0,10.0,inferred
Test Valley,2021-03-28,1.0,2.0,3.0,3.0,3.0,4.0,4.0,5.0,6.0,6.0,7.0,8.0,11.0,inferred
Test Valley,2021-03-29,1.0,2.0,3.0,4.0,4.0,5.0,5.0,6.0,7.0,8.0,8.0,10.0,13.0,inferred
Test Valley,2021-03-30,1.0,2.0,3.0,3.0,4.0,5.0,5.0,6.0,7.0,7.0,8.0,9.0,12.0,inferred
Test Valley,2021-03-31,1.0,2.0,3.0,4.0,4.0,5.0,5.0,6.0,7.0,7.0,8.0,10.0,12.0,inferred
Test Valley,2021-04-01,1.0,2.0,3.0,3.0,4.0,4.0,5.0,6.0,7.0,7.0,8.0,9.0,12.0,inferred
Test Valley,2021-04-02,0.5,2.0,2.0,3.0,3.0,4.0,4.0,5.0,6.0,6.0,7.0,8.0,10.0,inferred
Test Valley,2021-04-03,0.0,1.0,2.0,2.0,2.0,3.0,4.0,4.0,5.0,5.0,6.0,7.0,10.0,inferred
Test Valley,2021-04-04,0.0,1.0,2.0,2.0,3.0,3.0,4.0,5.0,6.0,6.0,6.0,8.0,11.0,inferred
Test Valley,2021-04-05,1.0,2.0,3.0,3.8,4.0,5.0,5.0,6.0,7.0,7.0,8.0,10.0,12.0,inferred
Test Valley,2021-04-06,1.0,2.0,3.0,3.0,4.0,4.0,5.0,6.0,7.0,7.0,7.2,9.0,12.0,inferred
Test Valley,2021-04-07,1.0,2.0,3.0,3.0,4.0,4.0,5.0,6.0,7.0,7.0,8.0,9.0,12.0,inferred
Test Valley,2021-04-08,1.0,2.0,3.0,3.0,3.0,4.0,5.0,5.0,6.0,7.0,7.0,9.0,11.0,inferred
Test Valley,2021-04-09,0.0,1.0,2.0,2.0,3.0,3.0,4.0,5.0,5.0,6.0,6.0,8.0,10.0,inferred
Test Valley,2021-04-10,0.0,1.0,1.0,2.0,2.0,3.0,3.0,4.0,4.0,5.0,5.0,6.0,9.0,inferred
Test Valley,2021-04-11,0.0,1.0,2.0,2.0,2.0,3.0,4.0,4.0,5.0,5.0,6.0,7.0,10.0,inferred
Test Valley,2021-04-12,1.0,2.0,2.0,3.0,3.0,4.0,4.0,5.0,6.0,6.0,7.0,8.0,11.0,inferred
Test Valley,2021-04-13,0.0,1.0,2.0,2.0,3.0,3.0,4.0,4.0,5.0,6.0,6.0,8.0,10.0,inferred
Test Valley,2021-04-14,0.0,1.0,2.0,2.0,3.0,3.0,4.0,5.0,6.0,6.0,6.0,8.0,11.0,inferred
Test Valley,2021-04-15,0.0,1.0,2.0,2.0,2.0,3.0,3.0,4.0,5.0,5.0,6.0,7.0,10.0,inferred
Test Valley,2021-04-16,0.0,1.0,1.0,2.0,2.0,3.0,3.0,4.0,4.0,5.0,5.0,6.0,9.0,inferred
Test Valley,2021-04-17,0.0,0.0,1.0,1.0,2.0,2.0,2.0,3.0,4.0,4.0,4.0,5.0,7.0,inferred
Test Valley,2021-04-18,0.0,1.0,1.0,2.0,2.0,2.0,3.0,4.0,4.0,5.0,5.0,6.0,9.0,inferred
Test Valley,2021-04-19,0.0,1.0,2.0,2.0,2.0,3.0,4.0,4.0,5.0,5.0,6.0,7.0,9.0,inferred
Test Valley,2021-04-20,0.0,1.0,2.0,2.0,2.0,3.0,4.0,4.0,5.0,5.0,6.0,7.0,9.0,inferred
Test Valley,2021-04-21,0.0,1.0,2.0,2.0,2.0,3.0,4.0,4.0,5.0,5.0,6.0,7.0,9.0,inferred
Test Valley,2021-04-22,0.0,1.0,2.0,2.0,2.0,3.0,3.0,4.0,5.0,5.0,6.0,7.0,9.0,inferred
Test Valley,2021-04-23,0.0,1.0,1.0,2.0,2.0,2.0,3.0,3.0,4.0,4.2,5.0,6.0,8.0,inferred
Test Valley,2021-04-24,0.0,0.0,1.0,1.0,1.0,2.0,2.0,3.0,3.0,4.0,4.0,5.0,8.0,inferred
Test Valley,2021-04-25,0.0,1.0,1.0,1.0,2.0,2.0,3.0,3.0,4.0,4.0,5.0,6.0,8.0,inferred
Test Valley,2021-04-26,0.0,1.0,2.0,2.0,2.0,3.0,3.0,4.0,4.3,5.0,5.0,7.0,9.0,inferred
Test Valley,2021-04-27,0.0,1.0,1.0,2.0,2.0,2.0,3.0,3.0,4.0,5.0,5.0,6.0,8.0,inferred
Test Valley,2021-04-28,0.0,1.0,1.0,2.0,2.0,3.0,3.0,4.0,4.0,5.0,5.0,6.0,8.0,inferred
Test Valley,2021-04-29,0.0,1.0,1.0,1.0,2.0,2.0,3.0,3.0,4.0,4.0,4.0,6.0,8.0,inferred
Test Valley,2021-04-30,0.0,0.0,1.0,1.0,1.0,2.0,2.0,2.0,3.0,3.0,4.0,5.0,7.0,inferred
Test Valley,2021-05-01,0.0,0.0,0.0,1.0,1.0,1.0,2.0,2.0,2.0,3.0,3.0,4.0,6.0,inferred
Test Valley,2021-05-02,0.0,0.0,1.0,1.0,1.0,1.0,2.0,2.0,3.0,3.0,4.0,4.1,7.0,inferred
Test Valley,2021-05-03,0.0,0.0,1.0,1.0,1.0,2.0,2.0,3.0,3.0,3.0,4.0,5.0,7.0,inferred
Test Valley,2021-05-04,0.0,0.0,1.0,1.0,1.0,1.0,2.0,2.0,3.0,3.0,4.0,5.0,6.0,inferred
Test Valley,2021-05-05,0.0,0.0,1.0,1.0,1.0,2.0,2.0,2.0,3.0,3.0,4.0,5.0,7.0,inferred
Test Valley,2021-05-06,0.0,0.0,0.0,1.0,1.0,1.0,2.0,2.0,2.0,3.0,3.0,4.0,6.0,inferred
Test Valley,2021-05-07,0.0,0.0,0.0,0.8,1.0,1.0,1.0,2.0,2.0,3.0,3.0,4.0,6.0,inferred
Test Valley,2021-05-08,0.0,0.0,0.0,0.0,0.0,1.0,1.0,1.0,2.0,2.0,2.0,3.0,5.0,inferred
Test Valley,2021-05-09,0.0,0.0,0.0,0.0,0.0,1.0,1.0,2.0,2.0,2.0,3.0,4.0,6.0,inferred
Test Valley,2021-05-10,0.0,0.0,0.0,1.0,1.0,1.0,1.0,2.0,2.0,3.0,3.0,4.0,6.0,inferred
Test Valley,2021-05-11,0.0,0.0,0.0,1.0,1.0,1.0,1.0,2.0,2.0,3.0,3.0,4.0,6.0,inferred
Test Valley,2021-05-12,0.0,0.0,1.0,1.0,1.0,1.0,2.0,2.0,2.0,3.0,3.0,4.0,6.0,inferred
Test Valley,2021-05-13,0.0,0.0,0.0,0.0,1.0,1.0,1.0,2.0,2.0,3.0,3.0,4.0,6.0,inferred
Test Valley,2021-05-14,0.0,0.0,0.0,0.0,1.0,1.0,1.0,2.0,2.0,2.0,3.0,4.0,5.0,inferred
Test Valley,2021-05-15,0.0,0.0,0.0,0.0,0.0,1.0,1.0,1.0,2.0,2.0,2.0,3.0,5.0,inferred
Test Valley,2021-05-16,0.0,0.0,0.0,0.0,1.0,1.0,1.0,1.0,2.0,2.0,2.0,3.0,5.0,inferred
Test Valley,2021-05-17,0.0,0.0,0.0,0.0,1.0,1.0,1.0,2.0,2.0,2.0,3.0,4.0,6.0,inferred
Test Valley,2021-05-18,0.0,0.0,0.0,0.0,1.0,1.0,1.0,2.0,2.0,2.0,3.0,4.0,6.0,inferred
Test Valley,2021-05-19,0.0,0.0,0.0,0.0,1.0,1.0,1.0,2.0,2.0,3.0,3.0,4.0,6.0,inferred
Test Valley,2021-05-20,0.0,0.0,0.0,0.0,1.0,1.0,1.0,2.0,2.0,2.0,3.0,4.0,5.5,inferred
Test Valley,2021-05-21,0.0,0.0,0.0,0.0,1.0,1.0,1.0,2.0,2.0,2.0,3.0,3.0,5.0,inferred
Test Valley,2021-05-22,0.0,0.0,0.0,0.0,0.0,1.0,1.0,1.0,2.0,2.0,3.0,3.0,5.0,inferred
Test Valley,2021-05-23,0.0,0.0,0.0,1.0,1.0,1.0,1.0,2.0,2.0,3.0,3.0,4.0,5.0,inferred
Test Valley,2021-05-24,0.0,0.0,1.0,1.0,1.0,2.0,2.0,2.0,3.0,3.0,4.0,5.0,7.0,inferred
Test Valley,2021-05-25,0.0,0.0,1.0,1.0,1.0,2.0,2.0,3.0,3.0,4.0,4.0,5.0,7.0,inferred
Test Valley,2021-05-26,0.0,1.0,1.0,1.0,2.0,2.0,3.0,3.0,4.0,4.0,5.0,6.0,8.0,inferred
Test Valley,2021-05-27,0.0,1.0,1.0,2.0,2.0,2.0,3.0,3.0,4.0,4.0,5.0,6.0,8.0,inferred
Test Valley,2021-05-28,0.0,1.0,1.0,2.0,2.0,2.0,3.0,3.0,4.0,4.0,5.0,6.0,8.0,inferred
Test Valley,2021-05-29,0.0,0.0,1.0,1.0,2.0,2.0,2.0,3.0,4.0,4.0,4.0,5.0,8.0,inferred
Test Valley,2021-05-30,0.0,1.0,2.0,2.0,2.0,3.0,3.0,4.0,5.0,5.0,5.0,7.0,9.0,inferred
Test Valley,2021-05-31,0.0,1.0,2.0,2.0,3.0,3.0,4.0,5.0,6.0,6.0,7.0,8.0,11.0,inferred
Test Valley,2021-06-01,1.0,2.0,2.0,3.0,3.0,4.0,4.0,5.0,6.0,6.0,7.0,8.0,11.0,inferred
Test Valley,2021-06-02,1.0,2.0,3.0,3.0,4.0,4.0,5.0,6.0,7.0,7.0,8.0,9.0,12.0,inferred
Test Valley,2021-06-03,1.0,2.0,3.0,3.0,4.0,5.0,5.0,6.0,7.0,7.0,8.0,9.0,12.0,inferred
Test Valley,2021-06-04,1.0,2.0,3.0,3.0,4.0,4.0,5.0,6.0,7.0,7.0,8.0,9.0,12.0,inferred
Test Valley,2021-06-05,0.0,1.0,2.0,3.0,3.0,4.0,4.0,5.0,6.0,6.0,7.0,8.0,11.0,inferred
Test Valley,2021-06-06,1.0,2.0,3.0,4.0,4.0,5.0,6.0,7.0,7.0,8.0,8.0,10.0,13.5,inferred
Test Valley,2021-06-07,2.0,4.0,5.0,5.0,6.0,7.0,8.0,9.0,10.0,10.0,11.0,13.0,16.0,inferred
Test Valley,2021-06-08,2.0,4.0,5.0,6.0,6.0,7.0,8.0,9.0,10.0,11.0,11.0,13.0,16.5,inferred
Test Valley,2021-06-09,3.0,5.0,6.0,7.0,7.0,8.0,9.0,10.0,11.0,12.0,13.0,15.0,17.5,inferred
Test Valley,2021-06-10,3.0,5.0,6.0,7.0,8.0,8.0,9.0,10.0,11.0,12.0,13.0,14.0,18.0,inferred
Test Valley,2021-06-11,3.0,5.0,6.0,7.0,7.0,8.0,9.0,10.0,11.0,11.0,12.0,14.0,17.0,inferred
Test Valley,2021-06-12,2.0,4.0,5.0,5.0,6.0,7.0,8.0,9.0,10.0,10.0,11.0,13.0,16.0,inferred
Test Valley,2021-06-13,4.0,5.0,7.0,7.0,8.0,9.0,10.0,11.0,12.0,13.0,14.0,16.0,20.0,inferred
Test Valley,2021-06-14,5.0,7.0,9.0,10.0,10.0,12.0,13.0,14.0,15.0,16.0,17.0,19.0,23.0,inferred
Test Valley,2021-06-15,6.0,8.0,9.0,10.0,11.0,12.0,13.0,14.0,16.0,16.0,17.0,20.0,24.0,inferred
Test Valley,2021-06-16,7.0,9.0,11.0,12.0,12.0,13.0,15.0,16.0,17.0,18.0,19.0,22.0,26.0,inferred
Test Valley,2021-06-17,6.0,9.0,11.0,11.0,12.0,13.0,14.0,16.0,17.0,18.0,19.0,21.0,26.0,inferred
Test Valley,2021-06-18,5.0,8.0,10.0,10.0,11.0,12.0,13.0,15.0,16.0,17.0,18.0,21.0,25.0,inferred
Tewkesbury,2021-03-06,0.0,0.0,1.0,1.0,1.0,2.0,2.0,3.0,3.0,3.0,4.0,5.0,6.0,inferred
Tewkesbury,2021-03-07,0.0,1.0,1.0,2.0,2.0,2.0,3.0,3.0,4.0,4.0,5.0,6.0,8.0,inferred
Tewkesbury,2021-03-08,0.0,1.0,2.0,2.0,2.0,3.0,3.0,4.0,5.0,5.0,5.0,7.0,8.0,inferred
Tewkesbury,2021-03-09,0.0,1.0,1.0,2.0,2.0,2.0,3.0,3.0,4.0,4.0,4.0,5.0,7.0,inferred
Tewkesbury,2021-03-10,0.0,1.0,1.0,2.0,2.0,2.0,3.0,3.0,4.0,4.0,5.0,6.0,8.0,inferred
Tewkesbury,2021-03-11,0.0,1.0,1.0,2.0,2.0,2.0,3.0,3.0,4.0,4.0,4.0,5.0,7.0,inferred
Tewkesbury,2021-03-12,0.0,0.0,1.0,1.0,1.0,2.0,2.0,3.0,3.0,3.0,4.0,5.0,6.0,inferred
Tewkesbury,2021-03-13,0.0,0.0,0.0,1.0,1.0,1.0,1.0,2.0,2.0,2.0,3.0,4.0,5.0,inferred
Tewkesbury,2021-03-14,0.0,0.0,1.0,1.0,1.0,1.6,2.0,2.0,3.0,3.0,3.0,4.0,6.0,inferred
Tewkesbury,2021-03-15,0.0,1.0,1.0,1.0,2.0,2.0,2.0,3.0,3.0,4.0,4.0,5.0,7.0,inferred
Tewkesbury,2021-03-16,0.0,0.0,1.0,1.0,1.0,2.0,2.0,2.0,3.0,3.0,3.0,4.0,6.0,inferred
Tewkesbury,2021-03-17,0.0,0.0,1.0,1.0,1.0,2.0,2.0,3.0,3.0,3.0,4.0,5.0,7.0,inferred
Tewkesbury,2021-03-18,0.0,0.0,1.0,1.0,1.0,2.0,2.0,2.0,3.0,3.0,4.0,5.0,6.0,inferred
Tewkesbury,2021-03-19,0.0,0.0,0.0,1.0,1.0,1.0,1.0,2.0,2.0,2.0,3.0,4.0,5.0,inferred
Tewkesbury,2021-03-20,0.0,0.0,0.0,0.0,0.0,1.0,1.0,1.0,2.0,2.0,2.0,3.0,4.0,inferred
Tewkesbury,2021-03-21,0.0,0.0,0.0,1.0,1.0,1.0,1.0,2.0,2.0,3.0,3.0,4.0,5.0,inferred
Tewkesbury,2021-03-22,0.0,0.0,1.0,1.0,1.0,1.0,2.0,2.0,3.0,3.0,3.0,4.0,6.0,inferred
Tewkesbury,2021-03-23,0.0,0.0,0.0,1.0,1.0,1.0,1.0,2.0,2.0,3.0,3.0,4.0,5.0,inferred
Tewkesbury,2021-03-24,0.0,0.0,0.0,1.0,1.0,1.0,2.0,2.0,2.0,3.0,3.0,4.0,6.0,inferred
Tewkesbury,2021-03-25,0.0,0.0,0.0,1.0,1.0,1.0,2.0,2.0,2.0,3.0,3.0,4.0,6.0,inferred
Tewkesbury,2021-03-26,0.0,0.0,0.0,0.0,1.0,1.0,1.0,2.0,2.0,2.0,2.0,3.0,5.0,inferred
Tewkesbury,2021-03-27,0.0,0.0,0.0,0.0,0.0,1.0,1.0,1.0,2.0,2.0,2.0,3.0,4.0,inferred
Tewkesbury,2021-03-28,0.0,0.0,0.0,0.0,1.0,1.0,1.0,2.0,2.0,2.0,2.0,3.0,5.0,inferred
Tewkesbury,2021-03-29,0.0,0.0,0.0,1.0,1.0,1.0,1.0,2.0,2.0,3.0,3.0,4.0,5.0,inferred
Tewkesbury,2021-03-30,0.0,0.0,0.0,0.0,1.0,1.0,1.0,2.0,2.0,2.0,3.0,4.0,5.0,inferred
Tewkesbury,2021-03-31,0.0,0.0,0.0,1.0,1.0,1.0,1.0,2.0,2.0,3.0,3.0,4.0,6.0,inferred
Tewkesbury,2021-04-01,0.0,0.0,0.0,1.0,1.0,1.0,1.0,2.0,2.0,2.0,3.0,3.0,5.0,inferred
Tewkesbury,2021-04-02,0.0,0.0,0.0,0.0,0.0,1.0,1.0,1.0,2.0,2.0,2.0,3.0,5.0,inferred
Tewkesbury,2021-04-03,0.0,0.0,0.0,0.0,0.0,0.0,1.0,1.0,1.0,2.0,2.0,3.0,4.0,inferred
Tewkesbury,2021-04-04,0.0,0.0,0.0,0.0,0.0,1.0,1.0,1.0,2.0,2.0,2.0,3.0,4.0,inferred
Tewkesbury,2021-04-05,0.0,0.0,0.0,1.0,1.0,1.0,1.0,2.0,2.0,2.0,3.0,3.0,5.0,inferred
Tewkesbury,2021-04-06,0.0,0.0,0.0,0.0,0.0,1.0,1.0,1.0,2.0,2.0,2.0,3.0,4.0,inferred
Tewkesbury,2021-04-07,0.0,0.0,0.0,0.0,1.0,1.0,1.0,2.0,2.0,2.0,3.0,3.0,5.0,inferred
Tewkesbury,2021-04-08,0.0,0.0,0.0,0.0,1.0,1.0,1.0,1.0,2.0,2.0,2.0,3.0,4.0,inferred
Tewkesbury,2021-04-09,0.0,0.0,0.0,0.0,0.0,1.0,1.0,1.0,1.0,2.0,2.0,3.0,4.0,inferred
Tewkesbury,2021-04-10,0.0,0.0,0.0,0.0,0.0,0.0,1.0,1.0,1.0,1.0,2.0,2.0,3.0,inferred
Tewkesbury,2021-04-11,0.0,0.0,0.0,0.0,0.0,1.0,1.0,1.0,1.0,2.0,2.0,3.0,4.0,inferred
Tewkesbury,2021-04-12,0.0,0.0,0.0,0.0,0.0,1.0,1.0,1.0,2.0,2.0,2.0,3.0,5.0,inferred
Tewkesbury,2021-04-13,0.0,0.0,0.0,0.0,0.0,0.0,1.0,1.0,1.0,2.0,2.0,3.0,4.0,inferred
Tewkesbury,2021-04-14,0.0,0.0,0.0,0.0,1.0,1.0,1.0,1.0,2.0,2.0,2.0,3.0,4.0,inferred
Tewkesbury,2021-04-15,0.0,0.0,0.0,0.0,0.0,1.0,1.0,1.0,2.0,2.0,2.0,3.0,4.0,inferred
Tewkesbury,2021-04-16,0.0,0.0,0.0,0.0,0.0,1.0,1.0,1.0,1.0,2.0,2.0,3.0,4.0,inferred
Tewkesbury,2021-04-17,0.0,0.0,0.0,0.0,0.0,0.0,1.0,1.0,1.0,1.0,1.0,2.0,3.0,inferred
Tewkesbury,2021-04-18,0.0,0.0,0.0,0.0,0.0,1.0,1.0,1.0,1.0,2.0,2.0,3.0,4.0,inferred
Tewkesbury,2021-04-19,0.0,0.0,0.0,0.0,0.0,1.0,1.0,1.0,2.0,2.0,2.0,3.0,5.0,inferred
Tewkesbury,2021-04-20,0.0,0.0,0.0,0.0,0.0,1.0,1.0,1.0,2.0,2.0,2.0,3.0,4.0,inferred
Tewkesbury,2021-04-21,0.0,0.0,0.0,0.0,0.0,1.0,1.0,1.0,2.0,2.0,2.0,3.0,5.0,inferred
Tewkesbury,2021-04-22,0.0,0.0,0.0,0.0,0.0,1.0,1.0,1.0,2.0,2.0,2.0,3.0,4.0,inferred
Tewkesbury,2021-04-23,0.0,0.0,0.0,0.0,0.0,1.0,1.0,1.0,1.0,2.0,2.0,3.0,4.0,inferred
Tewkesbury,2021-04-24,0.0,0.0,0.0,0.0,0.0,0.0,0.0,1.0,1.0,1.0,1.0,2.0,3.0,inferred
Tewkesbury,2021-04-25,0.0,0.0,0.0,0.0,0.0,0.0,1.0,1.0,1.0,2.0,2.0,3.0,4.0,inferred
Tewkesbury,2021-04-26,0.0,0.0,0.0,0.0,0.0,1.0,1.0,1.0,2.0,2.0,2.0,3.0,4.0,inferred
Tewkesbury,2021-04-27,0.0,0.0,0.0,0.0,0.0,0.0,1.0,1.0,1.0,2.0,2.0,3.0,4.0,inferred
Tewkesbury,2021-04-28,0.0,0.0,0.0,0.0,0.0,1.0,1.0,1.0,2.0,2.0,2.0,3.0,4.0,inferred
Tewkesbury,2021-04-29,0.0,0.0,0.0,0.0,0.0,0.0,1.0,1.0,1.0,2.0,2.0,3.0,4.0,inferred
Tewkesbury,2021-04-30,0.0,0.0,0.0,0.0,0.0,0.0,1.0,1.0,1.0,1.0,2.0,2.0,3.0,inferred
Tewkesbury,2021-05-01,0.0,0.0,0.0,0.0,0.0,0.0,0.0,1.0,1.0,1.0,1.0,2.0,3.0,inferred
Tewkesbury,2021-05-02,0.0,0.0,0.0,0.0,0.0,0.0,1.0,1.0,1.0,1.0,2.0,2.0,3.5,inferred
Tewkesbury,2021-05-03,0.0,0.0,0.0,0.0,0.0,1.0,1.0,1.0,1.0,2.0,2.0,3.0,4.0,inferred
Tewkesbury,2021-05-04,0.0,0.0,0.0,0.0,0.0,0.0,1.0,1.0,1.0,1.0,2.0,2.0,3.0,inferred
Tewkesbury,2021-05-05,0.0,0.0,0.0,0.0,0.0,0.0,1.0,1.0,1.0,2.0,2.0,3.0,4.0,inferred
Tewkesbury,2021-05-06,0.0,0.0,0.0,0.0,0.0,0.0,1.0,1.0,1.0,1.0,2.0,2.0,4.0,inferred
Tewkesbury,2021-05-07,0.0,0.0,0.0,0.0,0.0,0.0,0.0,1.0,1.0,1.0,1.0,2.0,3.0,inferred
Tewkesbury,2021-05-08,0.0,0.0,0.0,0.0,0.0,0.0,0.0,1.0,1.0,1.0,1.0,2.0,3.0,inferred
Tewkesbury,2021-05-09,0.0,0.0,0.0,0.0,0.0,0.0,0.0,1.0,1.0,1.0,1.0,2.0,3.0,inferred
Tewkesbury,2021-05-10,0.0,0.0,0.0,0.0,0.0,0.0,1.0,1.0,1.0,1.0,2.0,2.0,3.5,inferred
Tewkesbury,2021-05-11,0.0,0.0,0.0,0.0,0.0,0.0,1.0,1.0,1.0,1.0,1.0,2.0,3.0,inferred
Tewkesbury,2021-05-12,0.0,0.0,0.0,0.0,0.0,0.0,1.0,1.0,1.0,1.0,2.0,2.0,4.0,inferred
Tewkesbury,2021-05-13,0.0,0.0,0.0,0.0,0.0,0.0,1.0,1.0,1.0,1.0,2.0,2.0,3.0,inferred
Tewkesbury,2021-05-14,0.0,0.0,0.0,0.0,0.0,0.0,0.0,1.0,1.0,1.0,1.0,2.0,3.0,inferred
Tewkesbury,2021-05-15,0.0,0.0,0.0,0.0,0.0,0.0,0.0,0.0,1.0,1.0,1.0,2.0,3.0,inferred
Tewkesbury,2021-05-16,0.0,0.0,0.0,0.0,0.0,0.0,0.0,1.0,1.0,1.0,1.0,2.0,3.0,inferred
Tewkesbury,2021-05-17,0.0,0.0,0.0,0.0,0.0,0.0,1.0,1.0,1.0,1.0,2.0,2.0,4.0,inferred
Tewkesbury,2021-05-18,0.0,0.0,0.0,0.0,0.0,0.0,1.0,1.0,1.0,1.0,2.0,2.0,3.0,inferred
Tewkesbury,2021-05-19,0.0,0.0,0.0,0.0,0.0,1.0,1.0,1.0,2.0,2.0,2.0,3.0,4.0,inferred
Tewkesbury,2021-05-20,0.0,0.0,0.0,0.0,0.0,1.0,1.0,1.0,1.0,2.0,2.0,3.0,4.0,inferred
Tewkesbury,2021-05-21,0.0,0.0,0.0,0.0,0.0,0.0,1.0,1.0,1.0,2.0,2.0,3.0,4.0,inferred
Tewkesbury,2021-05-22,0.0,0.0,0.0,0.0,0.0,0.0,1.0,1.0,1.0,1.0,2.0,2.0,3.0,inferred
Tewkesbury,2021-05-23,0.0,0.0,0.0,0.0,0.0,1.0,1.0,1.0,2.0,2.0,2.0,3.0,4.0,inferred
Tewkesbury,2021-05-24,0.0,0.0,0.0,1.0,1.0,1.0,1.0,2.0,2.0,2.0,3.0,4.0,5.0,inferred
Tewkesbury,2021-05-25,0.0,0.0,0.0,1.0,1.0,1.0,1.0,2.0,2.0,3.0,3.0,4.0,5.0,inferred
Tewkesbury,2021-05-26,0.0,0.0,1.0,1.0,1.0,2.0,2.0,3.0,3.0,3.0,4.0,5.0,7.0,inferred
Tewkesbury,2021-05-27,0.0,1.0,1.0,1.0,1.0,2.0,2.0,3.0,3.0,4.0,4.0,5.0,7.0,inferred
Tewkesbury,2021-05-28,0.0,1.0,1.0,1.0,2.0,2.0,2.0,3.0,3.0,4.0,4.0,5.0,7.0,inferred
Tewkesbury,2021-05-29,0.0,0.0,1.0,1.0,1.0,2.0,2.0,3.0,3.0,3.0,4.0,5.0,6.0,inferred
Tewkesbury,2021-05-30,0.0,1.0,2.0,2.0,2.0,3.0,3.0,4.0,5.0,5.0,5.0,6.0,8.0,inferred
Tewkesbury,2021-05-31,1.0,2.0,3.0,3.0,4.0,4.0,5.0,5.0,6.0,7.0,7.0,8.0,10.5,inferred
Tewkesbury,2021-06-01,1.0,2.0,3.0,3.0,3.0,4.0,5.0,5.0,6.0,7.0,7.0,8.0,10.0,inferred
Tewkesbury,2021-06-02,2.0,3.0,4.0,4.0,5.0,6.0,6.0,7.0,8.0,9.0,9.0,11.0,14.0,inferred
Tewkesbury,2021-06-03,2.0,3.0,4.0,5.0,5.0,6.0,6.0,7.0,8.0,8.0,9.0,10.0,13.0,inferred
Tewkesbury,2021-06-04,1.0,3.0,4.0,4.0,5.0,5.0,6.0,7.0,8.0,8.0,8.2,10.0,13.0,inferred
Tewkesbury,2021-06-05,1.0,2.0,3.0,3.0,4.0,4.0,5.0,6.0,6.0,7.0,7.0,9.0,11.0,inferred
Tewkesbury,2021-06-06,2.0,4.0,5.0,5.0,6.0,7.0,7.0,8.0,9.0,9.0,10.0,11.0,14.0,inferred
Tewkesbury,2021-06-07,4.0,5.0,7.0,7.0,8.0,9.0,10.0,11.0,12.0,12.0,13.0,15.0,18.0,inferred
Tewkesbury,2021-06-08,3.0,5.0,6.0,7.0,7.0,8.0,9.0,10.0,11.0,12.0,12.0,14.0,17.0,inferred
Tewkesbury,2021-06-09,5.0,7.0,9.0,9.8,10.0,11.0,12.0,13.0,14.0,15.0,15.0,17.1,21.0,inferred
Tewkesbury,2021-06-10,5.0,7.0,9.0,9.0,10.0,11.0,12.0,13.0,14.0,15.0,15.0,17.0,21.0,inferred
Tewkesbury,2021-06-11,4.5,6.0,8.0,9.0,9.0,10.0,11.0,12.0,13.0,14.0,15.0,16.0,19.0,inferred
Tewkesbury,2021-06-12,3.0,5.0,6.0,7.0,7.0,8.0,9.0,10.0,11.0,12.0,12.0,14.0,17.0,inferred
Tewkesbury,2021-06-13,6.0,9.0,10.0,11.0,11.0,13.0,14.0,15.0,16.0,17.0,18.0,20.0,23.0,inferred
Tewkesbury,2021-06-14,10.0,13.0,15.0,16.0,16.0,18.0,19.0,20.0,21.0,22.0,23.0,26.0,31.0,inferred
Tewkesbury,2021-06-15,9.0,12.0,14.0,15.0,16.0,17.0,18.0,19.0,21.0,21.0,22.0,25.0,29.0,inferred
Tewkesbury,2021-06-16,13.0,16.0,19.0,20.0,20.0,22.0,23.0,25.0,26.3,27.0,28.0,31.0,36.0,inferred
Tewkesbury,2021-06-17,13.0,17.0,19.0,20.0,21.0,22.0,23.0,25.0,27.0,28.0,29.0,32.0,37.0,inferred
Tewkesbury,2021-06-18,12.0,15.0,18.0,18.0,19.0,21.0,22.0,24.0,25.0,26.0,28.0,31.0,36.0,inferred
Thanet,2021-03-06,1.0,2.0,4.0,4.0,4.0,5.0,6.0,6.0,7.0,8.0,8.0,10.0,13.0,inferred
Thanet,2021-03-07,2.0,3.0,4.0,5.0,5.0,6.0,7.0,7.0,8.0,9.0,10.0,11.0,14.0,inferred
Thanet,2021-03-08,3.0,4.0,5.0,6.0,6.0,7.0,8.0,9.0,10.0,11.0,11.0,13.0,16.0,inferred
Thanet,2021-03-09,2.0,4.0,5.0,6.0,6.0,7.0,8.0,9.0,10.0,10.0,11.0,13.0,16.0,inferred
Thanet,2021-03-10,3.0,4.0,6.0,6.0,7.0,8.0,9.0,10.0,11.0,11.0,12.0,14.0,17.0,inferred
Thanet,2021-03-11,3.0,4.0,6.0,6.0,7.0,8.0,9.0,10.0,11.0,11.0,12.0,14.0,17.0,inferred
Thanet,2021-03-12,2.0,4.0,5.0,5.0,6.0,7.0,8.0,9.0,10.0,10.0,11.0,13.0,16.0,inferred
Thanet,2021-03-13,2.0,3.0,4.0,5.0,5.0,6.0,7.0,7.0,8.0,9.0,10.0,11.0,14.0,inferred
Thanet,2021-03-14,3.0,4.0,6.0,6.0,7.0,7.0,8.0,9.0,11.0,11.0,12.0,14.0,17.0,inferred
Thanet,2021-03-15,4.0,6.0,7.0,8.0,8.0,9.0,10.0,12.0,13.0,14.0,14.0,17.0,20.0,inferred
Thanet,2021-03-16,4.0,6.0,7.0,8.0,9.0,10.0,11.0,12.0,13.0,14.0,14.0,16.0,20.0,inferred
Thanet,2021-03-17,4.0,6.0,8.0,9.0,9.0,10.0,11.0,12.0,14.0,14.0,15.0,18.0,21.0,inferred
Thanet,2021-03-18,4.0,6.0,7.0,8.0,8.0,10.0,11.0,12.0,13.0,13.0,14.0,16.0,20.0,inferred
Thanet,2021-03-19,3.0,5.0,6.0,7.0,7.0,8.0,9.0,10.0,11.0,12.0,13.0,15.0,18.5,inferred
Thanet,2021-03-20,2.0,3.9,5.0,5.0,6.0,7.0,8.0,8.0,9.0,10.0,11.0,13.0,16.0,inferred
Thanet,2021-03-21,3.0,5.0,6.0,7.0,7.0,8.0,9.0,10.0,11.0,11.0,12.0,14.0,17.0,inferred
Thanet,2021-03-22,4.0,6.0,8.0,8.0,9.0,10.0,11.0,12.0,13.0,14.0,15.0,17.0,20.0,inferred
Thanet,2021-03-23,3.0,5.0,7.0,8.0,8.0,9.0,10.0,11.0,12.0,13.0,13.0,16.0,19.0,inferred
Thanet,2021-03-24,3.0,6.0,7.0,7.0,8.0,9.0,10.0,11.0,12.0,13.0,14.0,16.0,20.0,inferred
Thanet,2021-03-25,3.0,4.0,6.0,6.0,7.0,8.0,9.0,10.0,11.0,11.0,12.0,14.0,17.0,inferred
Thanet,2021-03-26,2.0,3.0,5.0,5.0,5.0,6.0,7.0,8.0,9.0,9.0,10.0,12.0,15.0,inferred
Thanet,2021-03-27,1.0,2.0,3.0,4.0,4.0,5.0,5.0,6.0,7.0,8.0,8.0,10.0,13.0,inferred
Thanet,2021-03-28,1.0,3.0,4.0,4.0,4.0,5.0,6.0,7.0,7.0,8.0,9.0,11.0,13.5,inferred
Thanet,2021-03-29,2.0,3.0,4.0,5.0,5.0,6.0,7.0,8.0,9.0,9.0,10.0,12.0,15.0,inferred
Thanet,2021-03-30,1.0,3.0,4.0,4.0,5.0,6.0,6.0,7.0,8.0,8.0,9.0,11.0,14.0,inferred
Thanet,2021-03-31,2.0,3.0,4.0,4.0,4.0,5.0,6.0,7.0,8.0,8.0,9.0,11.0,14.0,inferred
Thanet,2021-04-01,1.0,2.0,3.0,3.0,4.0,4.6,5.0,6.0,7.0,7.0,8.0,10.0,12.0,inferred
Thanet,2021-04-02,1.0,1.0,2.0,3.0,3.0,4.0,4.0,5.0,6.0,6.0,7.0,8.0,11.0,inferred
Thanet,2021-04-03,0.0,1.0,2.0,2.0,2.0,3.0,3.0,4.0,5.0,5.0,5.0,7.0,9.0,inferred
Thanet,2021-04-04,0.0,1.0,2.0,2.0,3.0,3.0,4.0,4.0,5.0,6.0,6.0,8.0,10.0,inferred
Thanet,2021-04-05,0.0,2.0,2.0,3.0,3.0,3.0,4.0,5.0,6.0,6.0,7.0,8.0,11.0,inferred
Thanet,2021-04-06,0.0,1.0,2.0,2.0,3.0,3.0,4.0,4.0,5.0,5.0,6.0,8.0,10.0,inferred
Thanet,2021-04-07,0.0,1.0,2.0,2.0,3.0,3.0,4.0,4.0,5.0,6.0,6.0,8.0,10.0,inferred
Thanet,2021-04-08,0.0,1.0,2.0,2.0,2.0,3.0,3.0,4.0,5.0,5.0,6.0,7.0,9.0,inferred
Thanet,2021-04-09,0.0,1.0,1.0,2.0,2.0,2.0,3.0,3.4,4.0,5.0,5.0,6.0,9.0,inferred
Thanet,2021-04-10,0.0,0.0,1.0,1.0,1.0,2.0,2.0,3.0,3.0,4.0,4.0,5.0,7.0,inferred
Thanet,2021-04-11,0.0,0.0,1.0,1.0,2.0,2.0,3.0,3.0,4.0,4.0,4.0,6.0,8.0,inferred
Thanet,2021-04-12,0.0,1.0,2.0,2.0,2.0,3.0,3.0,4.0,4.0,5.0,5.0,7.0,9.5,inferred
Thanet,2021-04-13,0.0,1.0,1.0,2.0,2.0,2.0,3.0,4.0,4.0,5.0,5.0,6.0,8.0,inferred
Thanet,2021-04-14,0.0,1.0,1.0,2.0,2.0,3.0,3.0,4.0,5.0,5.0,5.0,7.0,9.0,inferred
Thanet,2021-04-15,0.0,1.0,1.0,2.0,2.0,2.0,3.0,4.0,4.0,5.0,5.0,6.0,8.0,inferred
Thanet,2021-04-16,0.0,1.0,1.0,1.0,2.0,2.0,3.0,3.0,4.0,4.0,5.0,6.0,8.0,inferred
Thanet,2021-04-17,0.0,0.0,1.0,1.0,1.0,2.0,2.0,3.0,3.0,4.0,4.0,5.0,7.0,inferred
Thanet,2021-04-18,0.0,1.0,1.0,1.0,2.0,2.0,3.0,3.0,4.0,4.0,5.0,6.0,8.0,inferred
Thanet,2021-04-19,0.0,1.0,2.0,2.0,2.0,3.0,4.0,4.0,5.0,5.0,6.0,7.0,9.0,inferred
Thanet,2021-04-20,0.0,1.0,2.0,2.0,2.0,3.0,3.0,4.0,5.0,5.0,6.0,7.0,10.0,inferred
Thanet,2021-04-21,0.0,1.0,2.0,2.0,2.0,3.0,4.0,4.0,5.0,5.0,6.0,7.0,10.0,inferred
Thanet,2021-04-22,0.0,1.0,2.0,2.0,2.0,3.0,3.0,4.0,5.0,5.0,6.0,7.0,9.0,inferred
Thanet,2021-04-23,0.0,1.0,1.0,2.0,2.0,2.0,3.0,4.0,4.0,5.0,5.0,6.0,8.5,inferred
Thanet,2021-04-24,0.0,0.0,1.0,1.0,1.0,2.0,2.0,3.0,3.0,4.0,4.0,5.0,7.0,inferred
Thanet,2021-04-25,0.0,1.0,1.0,2.0,2.0,2.0,3.0,3.0,4.0,4.0,5.0,6.0,8.0,inferred
Thanet,2021-04-26,0.0,1.0,2.0,2.0,2.0,3.0,3.0,4.0,5.0,5.0,6.0,7.0,9.0,inferred
Thanet,2021-04-27,0.0,1.0,2.0,2.0,2.0,3.0,3.0,4.0,4.0,5.0,5.0,7.0,9.0,inferred
Thanet,2021-04-28,0.0,1.0,2.0,2.0,2.0,3.0,3.0,4.0,4.0,5.0,5.0,7.0,10.0,inferred
Thanet,2021-04-29,0.0,1.0,1.0,2.0,2.0,2.0,3.0,4.0,4.0,5.0,5.0,6.0,9.0,inferred
Thanet,2021-04-30,0.0,0.0,1.0,1.0,2.0,2.0,2.0,3.0,4.0,4.0,4.0,5.0,8.0,inferred
Thanet,2021-05-01,0.0,0.0,1.0,1.0,1.0,2.0,2.0,3.0,3.0,3.0,4.0,5.0,7.0,inferred
Thanet,2021-05-02,0.0,0.0,1.0,1.0,1.0,2.0,3.0,3.0,4.0,4.0,4.0,5.0,8.0,inferred
Thanet,2021-05-03,0.0,1.0,2.0,2.0,2.0,3.0,3.0,4.0,4.0,5.0,5.0,6.0,9.0,inferred
Thanet,2021-05-04,0.0,1.0,1.0,2.0,2.0,3.0,3.0,4.0,4.0,5.0,5.0,7.0,9.0,inferred
Thanet,2021-05-05,0.0,1.0,2.0,2.0,2.0,3.0,3.0,4.0,5.0,5.0,5.0,7.0,9.0,inferred
Thanet,2021-05-06,0.0,1.0,1.0,2.0,2.0,3.0,3.0,4.0,5.0,5.0,5.0,7.0,9.0,inferred
Thanet,2021-05-07,0.0,0.0,1.0,1.0,2.0,2.0,3.0,3.0,4.0,4.0,5.0,6.0,8.0,inferred
Thanet,2021-05-08,0.0,0.0,1.0,1.0,1.0,2.0,2.0,3.0,3.0,4.0,4.0,5.0,7.0,inferred
Thanet,2021-05-09,0.0,1.0,1.0,1.0,2.0,2.0,3.0,3.0,4.0,4.0,5.0,6.0,8.0,inferred
Thanet,2021-05-10,0.0,1.0,1.0,2.0,2.0,2.6,3.0,4.0,4.0,5.0,5.0,6.0,9.0,inferred
Thanet,2021-05-11,0.0,1.0,1.0,1.0,2.0,2.0,3.0,3.0,4.0,4.0,5.0,6.0,8.0,inferred
Thanet,2021-05-12,0.0,1.0,1.0,2.0,2.0,2.0,3.0,3.0,4.0,5.0,5.0,6.0,8.0,inferred
Thanet,2021-05-13,0.0,0.0,1.0,1.0,2.0,2.0,3.0,3.0,4.0,4.0,4.0,5.0,8.0,inferred
Thanet,2021-05-14,0.0,0.0,1.0,1.0,1.0,2.0,2.0,2.0,3.0,3.0,4.0,5.0,7.0,inferred
Thanet,2021-05-15,0.0,0.0,0.0,1.0,1.0,1.0,2.0,2.0,2.0,3.0,3.0,4.0,6.0,inferred
Thanet,2021-05-16,0.0,0.0,1.0,1.0,1.0,1.0,2.0,2.0,3.0,3.0,4.0,5.0,7.0,inferred
Thanet,2021-05-17,0.0,0.0,1.0,1.0,1.0,2.0,2.0,3.0,3.0,4.0,4.0,5.0,8.0,inferred
Thanet,2021-05-18,0.0,0.0,1.0,1.0,1.0,2.0,2.0,3.0,3.0,4.0,4.0,5.0,7.0,inferred
Thanet,2021-05-19,0.0,0.0,1.0,1.0,1.0,2.0,2.0,3.0,3.0,4.0,4.0,5.0,8.0,inferred
Thanet,2021-05-20,0.0,0.0,1.0,1.0,1.0,2.0,2.0,2.0,3.0,3.0,4.0,5.0,7.0,inferred
Thanet,2021-05-21,0.0,0.0,0.0,1.0,1.0,1.0,2.0,2.0,3.0,3.0,3.0,4.0,6.0,inferred
Thanet,2021-05-22,0.0,0.0,0.0,0.0,1.0,1.0,1.0,2.0,2.0,2.0,3.0,4.0,6.0,inferred
Thanet,2021-05-23,0.0,0.0,0.0,1.0,1.0,1.0,1.0,2.0,2.0,3.0,3.0,4.0,5.0,inferred
Thanet,2021-05-24,0.0,0.0,1.0,1.0,1.0,1.0,2.0,2.0,3.0,3.0,4.0,5.0,7.0,inferred
Thanet,2021-05-25,0.0,0.0,1.0,1.0,1.0,1.0,2.0,2.0,3.0,3.0,3.0,4.0,6.0,inferred
Thanet,2021-05-26,0.0,0.0,1.0,1.0,1.0,1.0,2.0,2.0,3.0,3.0,4.0,5.0,7.0,inferred
Thanet,2021-05-27,0.0,0.0,0.0,1.0,1.0,1.0,2.0,2.0,3.0,3.0,3.0,4.0,6.0,inferred
Thanet,2021-05-28,0.0,0.0,0.0,1.0,1.0,1.0,1.0,2.0,2.0,3.0,3.0,4.0,6.0,inferred
Thanet,2021-05-29,0.0,0.0,0.0,0.0,0.0,1.0,1.0,1.0,2.0,2.0,2.0,3.0,5.0,inferred
Thanet,2021-05-30,0.0,0.0,0.0,0.0,1.0,1.0,1.0,2.0,2.0,2.2,3.0,4.0,6.0,inferred
Thanet,2021-05-31,0.0,0.0,1.0,1.0,1.0,1.0,2.0,2.0,3.0,3.0,3.0,4.0,6.5,inferred
Thanet,2021-06-01,0.0,0.0,1.0,1.0,1.0,1.0,2.0,2.0,3.0,3.0,3.0,4.0,6.0,inferred
Thanet,2021-06-02,0.0,0.0,1.0,1.0,1.0,2.0,2.0,3.0,3.0,3.0,4.0,5.0,7.0,inferred
Thanet,2021-06-03,0.0,0.0,1.0,1.0,1.0,1.0,2.0,2.0,3.0,3.0,4.0,5.0,7.0,inferred
Thanet,2021-06-04,0.0,0.0,1.0,1.0,1.0,1.0,2.0,2.0,3.0,3.0,3.0,4.0,6.0,inferred
Thanet,2021-06-05,0.0,0.0,0.0,1.0,1.0,1.0,1.0,2.0,2.0,3.0,3.0,4.0,6.0,inferred
Thanet,2021-06-06,0.0,0.0,1.0,1.0,1.0,1.0,2.0,2.0,3.0,3.0,3.0,5.0,6.0,inferred
Thanet,2021-06-07,0.0,0.0,1.0,1.0,2.0,2.0,3.0,3.0,4.0,4.0,4.0,6.0,8.0,inferred
Thanet,2021-06-08,0.0,0.0,1.0,1.0,2.0,2.0,3.0,3.0,4.0,4.0,5.0,6.0,8.0,inferred
Thanet,2021-06-09,0.0,1.0,1.0,1.0,2.0,2.0,3.0,3.0,4.0,4.0,5.0,6.0,9.0,inferred
Thanet,2021-06-10,0.0,1.0,1.0,2.0,2.0,2.0,3.0,3.0,4.0,4.0,5.0,6.0,9.0,inferred
Thanet,2021-06-11,0.0,1.0,1.0,1.0,2.0,2.0,3.0,3.0,4.0,4.0,5.0,6.0,8.0,inferred
Thanet,2021-06-12,0.0,0.0,1.0,1.0,1.0,2.0,2.0,3.0,3.0,4.0,4.0,5.0,7.0,inferred
Thanet,2021-06-13,0.0,1.0,1.0,2.0,2.0,2.0,3.0,3.0,4.0,5.0,5.0,6.0,9.0,inferred
Thanet,2021-06-14,0.0,1.0,2.0,2.0,2.0,3.0,4.0,4.0,5.0,5.0,6.0,8.0,10.0,inferred
Thanet,2021-06-15,0.0,1.0,2.0,2.0,3.0,3.0,4.0,4.0,5.0,5.0,6.0,7.0,10.0,inferred
Thanet,2021-06-16,0.0,1.0,2.0,3.0,3.0,4.0,4.0,5.0,6.0,6.0,7.0,8.0,11.0,inferred
Thanet,2021-06-17,0.0,1.0,2.0,2.0,3.0,3.0,4.0,5.0,6.0,6.0,7.0,8.0,11.0,inferred
Thanet,2021-06-18,0.0,1.0,2.0,2.0,2.0,3.0,4.0,4.0,5.0,6.0,6.0,8.0,11.0,inferred
Three Rivers,2021-03-06,0.0,1.0,1.0,2.0,2.0,2.0,3.0,3.0,4.0,4.0,5.0,6.0,9.0,inferred
Three Rivers,2021-03-07,0.0,1.0,1.0,2.0,2.0,3.0,3.0,4.0,4.0,5.0,5.0,6.0,8.0,inferred
Three Rivers,2021-03-08,0.0,1.0,2.0,2.0,3.0,3.0,4.0,5.0,5.0,6.0,6.0,8.0,11.0,inferred
Three Rivers,2021-03-09,0.0,1.0,2.0,2.0,3.0,3.0,4.0,5.0,5.0,6.0,6.0,8.0,10.0,inferred
Three Rivers,2021-03-10,0.0,1.0,2.0,3.0,3.0,4.0,4.0,5.0,6.0,6.0,7.0,9.0,11.0,inferred
Three Rivers,2021-03-11,0.0,1.0,2.0,2.0,3.0,3.0,4.0,4.4,5.0,6.0,6.0,8.0,11.0,inferred
Three Rivers,2021-03-12,0.0,1.0,2.0,2.0,2.0,3.0,4.0,4.0,5.0,6.0,6.0,8.0,10.0,inferred
Three Rivers,2021-03-13,0.0,1.0,1.0,1.0,2.0,2.0,3.0,3.0,4.0,5.0,5.0,6.0,9.0,inferred
Three Rivers,2021-03-14,0.0,1.0,2.0,2.0,2.0,3.0,3.0,4.0,5.0,5.0,6.0,7.0,9.0,inferred
Three Rivers,2021-03-15,0.0,1.0,2.0,2.0,3.0,4.0,4.0,5.0,6.0,6.0,7.0,8.0,11.0,inferred
Three Rivers,2021-03-16,0.0,1.0,2.0,3.0,3.0,3.0,4.0,5.0,6.0,6.0,7.0,8.0,11.0,inferred
Three Rivers,2021-03-17,0.0,2.0,2.0,3.0,3.0,4.0,4.0,5.0,6.0,6.0,7.0,9.0,11.0,inferred
Three Rivers,2021-03-18,0.0,1.0,2.0,3.0,3.0,4.0,4.0,5.0,6.0,6.0,7.0,8.0,12.0,inferred
Three Rivers,2021-03-19,0.0,1.0,2.0,2.0,2.0,3.0,4.0,5.0,5.0,6.0,7.0,8.0,11.0,inferred
Three Rivers,2021-03-20,0.0,1.0,1.0,2.0,2.0,3.0,3.0,4.0,4.0,5.0,5.0,7.0,9.0,inferred
Three Rivers,2021-03-21,0.0,1.0,2.0,2.0,2.0,3.0,4.0,4.0,5.0,6.0,6.0,7.0,10.0,inferred
Three Rivers,2021-03-22,1.0,2.0,3.0,3.0,3.0,4.0,5.0,6.0,6.0,7.0,7.0,9.0,12.0,inferred
Three Rivers,2021-03-23,0.0,2.0,2.0,3.0,3.0,4.0,4.0,5.0,6.0,7.0,7.0,8.0,12.0,inferred
Three Rivers,2021-03-24,0.0,2.0,3.0,3.0,3.0,4.0,5.0,5.0,6.0,7.0,7.2,9.0,12.0,inferred
Three Rivers,2021-03-25,0.0,1.0,2.0,3.0,3.0,4.0,4.0,5.0,6.0,6.0,7.0,9.0,12.0,inferred
Three Rivers,2021-03-26,0.0,1.0,2.0,2.0,2.0,3.0,4.0,4.0,5.0,6.0,6.0,8.0,10.0,inferred
Three Rivers,2021-03-27,0.0,1.0,1.0,2.0,2.0,2.0,3.0,4.0,4.0,5.0,5.0,7.0,9.0,inferred
Three Rivers,2021-03-28,0.0,1.0,2.0,2.0,2.0,3.0,3.0,4.0,5.0,5.0,6.0,8.0,10.0,inferred
Three Rivers,2021-03-29,0.0,1.0,2.0,3.0,3.0,4.0,4.0,5.0,6.0,7.0,7.0,9.0,11.0,inferred
Three Rivers,2021-03-30,0.0,1.0,2.0,3.0,3.0,4.0,4.0,5.0,6.0,7.0,7.0,9.0,11.0,inferred
Three Rivers,2021-03-31,1.0,2.0,2.0,3.0,3.0,4.0,5.0,5.0,6.0,7.0,7.0,9.0,12.0,inferred
Three Rivers,2021-04-01,0.0,1.0,2.0,2.0,3.0,3.0,4.0,5.0,6.0,6.0,7.0,8.0,11.5,inferred
Three Rivers,2021-04-02,0.0,1.0,2.0,2.0,2.0,3.0,4.0,4.0,5.0,5.0,6.0,8.0,11.0,inferred
Three Rivers,2021-04-03,0.0,0.0,1.0,1.0,2.0,2.0,3.0,3.0,4.0,4.0,5.0,6.0,9.0,inferred
Three Rivers,2021-04-04,0.0,1.0,1.0,2.0,2.0,2.0,3.0,4.0,5.0,5.0,5.0,7.0,9.0,inferred
Three Rivers,2021-04-05,0.0,1.0,2.0,2.0,3.0,3.0,4.0,5.0,6.0,6.0,6.0,8.0,11.0,inferred
Three Rivers,2021-04-06,0.0,1.0,2.0,2.0,2.0,3.0,4.0,4.0,5.0,6.0,6.0,8.0,11.0,inferred
Three Rivers,2021-04-07,0.0,1.0,2.0,2.0,3.0,3.0,4.0,5.0,5.0,6.0,6.0,8.0,10.5,inferred
Three Rivers,2021-04-08,0.0,1.0,2.0,2.0,2.0,3.0,4.0,4.0,5.0,5.0,6.0,7.0,10.0,inferred
Three Rivers,2021-04-09,0.0,1.0,2.0,2.0,2.0,3.0,3.0,4.0,4.0,5.0,5.0,7.0,9.0,inferred
Three Rivers,2021-04-10,0.0,0.0,1.0,1.0,2.0,2.0,3.0,3.0,4.0,4.0,5.0,6.0,8.0,inferred
Three Rivers,2021-04-11,0.0,1.0,1.0,2.0,2.0,2.0,3.0,3.4,4.0,5.0,5.0,6.0,9.0,inferred
Three Rivers,2021-04-12,0.0,1.0,2.0,2.0,2.0,3.0,4.0,4.0,5.0,6.0,6.0,8.0,10.0,inferred
Three Rivers,2021-04-13,0.0,1.0,2.0,2.0,2.0,3.0,3.0,4.0,5.0,5.0,6.0,7.0,10.0,inferred
Three Rivers,2021-04-14,0.0,1.0,2.0,2.0,3.0,3.0,4.0,4.0,5.0,5.0,6.0,7.0,10.0,inferred
Three Rivers,2021-04-15,0.0,1.0,2.0,2.0,2.0,3.0,3.0,4.0,5.0,5.0,6.0,7.0,10.0,inferred
Three Rivers,2021-04-16,0.0,1.0,1.0,2.0,2.0,2.0,3.0,4.0,4.0,5.0,5.0,7.0,9.0,inferred
Three Rivers,2021-04-17,0.0,0.0,1.0,1.0,1.0,2.0,2.0,3.0,3.0,4.0,4.0,6.0,8.0,inferred
Three Rivers,2021-04-18,0.0,1.0,1.0,1.0,2.0,2.0,3.0,3.0,4.0,4.0,5.0,6.0,9.0,inferred
Three Rivers,2021-04-19,0.0,1.0,2.0,2.0,2.0,3.0,4.0,4.0,5.0,5.0,6.0,8.0,10.0,inferred
Three Rivers,2021-04-20,0.0,1.0,2.0,2.0,2.0,3.0,3.0,4.0,5.0,5.0,6.0,7.0,9.0,inferred
Three Rivers,2021-04-21,0.0,1.0,2.0,2.0,2.0,3.0,3.0,4.0,5.0,5.0,5.0,7.0,10.0,inferred
Three Rivers,2021-04-22,0.0,1.0,1.0,2.0,2.0,3.0,3.0,4.0,4.0,5.0,5.0,6.1,9.0,inferred
Three Rivers,2021-04-23,0.0,1.0,1.0,1.0,2.0,2.0,3.0,3.0,4.0,5.0,5.0,6.0,8.5,inferred
Three Rivers,2021-04-24,0.0,0.0,1.0,1.0,1.0,2.0,2.0,2.0,3.0,3.0,4.0,5.0,7.0,inferred
Three Rivers,2021-04-25,0.0,0.0,1.0,1.0,2.0,2.0,2.0,3.0,4.0,4.0,4.0,6.0,8.0,inferred
Three Rivers,2021-04-26,0.0,1.0,1.0,2.0,2.0,2.0,3.0,4.0,4.0,5.0,5.0,6.0,9.0,inferred
Three Rivers,2021-04-27,0.0,1.0,1.0,1.0,2.0,2.0,3.0,4.0,4.0,5.0,5.0,7.0,9.0,inferred
Three Rivers,2021-04-28,0.0,1.0,1.0,2.0,2.0,2.0,3.0,4.0,4.0,5.0,5.0,6.0,9.0,inferred
Three Rivers,2021-04-29,0.0,0.0,1.0,1.0,2.0,2.0,3.0,3.0,4.0,4.0,5.0,6.0,9.0,inferred
Three Rivers,2021-04-30,0.0,0.0,1.0,1.0,1.0,2.0,2.0,3.0,3.0,4.0,4.0,5.0,8.0,inferred
Three Rivers,2021-05-01,0.0,0.0,1.0,1.0,1.0,1.0,2.0,2.0,3.0,3.0,3.0,5.0,7.0,inferred
Three Rivers,2021-05-02,0.0,0.0,1.0,1.0,1.0,2.0,2.0,3.0,3.0,4.0,4.0,5.0,8.0,inferred
Three Rivers,2021-05-03,0.0,0.0,1.0,1.0,2.0,2.0,3.0,3.0,4.0,4.0,5.0,6.0,8.0,inferred
Three Rivers,2021-05-04,0.0,0.0,1.0,1.0,2.0,2.0,3.0,3.0,4.0,4.0,5.0,6.0,8.0,inferred
Three Rivers,2021-05-05,0.0,1.0,1.0,1.0,2.0,2.0,3.0,3.0,4.0,4.0,5.0,6.0,9.0,inferred
Three Rivers,2021-05-06,0.0,0.0,1.0,1.0,2.0,2.0,3.0,3.0,4.0,4.0,5.0,6.0,9.0,inferred
Three Rivers,2021-05-07,0.0,0.0,1.0,1.0,1.0,2.0,2.0,3.0,3.0,4.0,4.0,6.0,9.0,inferred
Three Rivers,2021-05-08,0.0,0.0,1.0,1.0,1.0,1.0,2.0,2.0,3.0,3.0,3.0,5.0,7.0,inferred
Three Rivers,2021-05-09,0.0,0.0,1.0,1.0,1.0,2.0,2.0,3.0,3.0,3.0,4.0,5.0,8.0,inferred
Three Rivers,2021-05-10,0.0,1.0,1.0,1.0,2.0,2.0,3.0,3.0,4.0,4.0,5.0,6.0,9.0,inferred
Three Rivers,2021-05-11,0.0,1.0,1.0,1.0,2.0,2.0,3.0,3.0,4.0,4.0,5.0,6.0,9.0,inferred
Three Rivers,2021-05-12,0.0,1.0,1.0,2.0,2.0,2.0,3.0,4.0,4.0,5.0,5.0,7.0,9.0,inferred
Three Rivers,2021-05-13,0.0,1.0,1.0,1.0,2.0,2.0,3.0,3.0,4.0,5.0,5.0,6.0,8.0,inferred
Three Rivers,2021-05-14,0.0,0.0,1.0,1.0,2.0,2.0,3.0,3.0,4.0,4.0,5.0,6.0,8.0,inferred
Three Rivers,2021-05-15,0.0,0.0,1.0,1.0,1.0,2.0,2.0,3.0,3.0,3.0,4.0,5.0,7.5,inferred
Three Rivers,2021-05-16,0.0,0.0,1.0,1.0,2.0,2.0,3.0,3.0,4.0,4.0,5.0,6.0,8.0,inferred
Three Rivers,2021-05-17,0.0,1.0,1.0,2.0,2.0,3.0,3.0,4.0,4.0,5.0,5.0,7.0,9.0,inferred
Three Rivers,2021-05-18,0.0,1.0,1.8,2.0,2.0,3.0,3.0,4.0,4.3,5.0,6.0,7.0,10.0,inferred
Three Rivers,2021-05-19,0.0,1.0,2.0,2.0,2.0,3.0,3.0,4.0,5.0,5.0,6.0,7.0,10.0,inferred
Three Rivers,2021-05-20,0.0,1.0,1.0,2.0,2.0,3.0,3.0,4.0,5.0,5.0,6.0,7.0,10.0,inferred
Three Rivers,2021-05-21,0.0,1.0,1.0,2.0,2.0,2.0,3.0,4.0,4.0,5.0,5.0,7.0,10.0,inferred
Three Rivers,2021-05-22,0.0,0.0,1.0,1.0,2.0,2.0,3.0,3.0,4.0,4.0,5.0,6.0,8.5,inferred
Three Rivers,2021-05-23,0.0,1.0,2.0,2.0,2.0,3.0,3.0,4.0,5.0,5.0,6.0,7.0,9.0,inferred
Three Rivers,2021-05-24,0.0,1.0,2.0,3.0,3.0,4.0,5.0,5.0,6.0,6.0,7.0,9.0,11.0,inferred
Three Rivers,2021-05-25,0.0,2.0,3.0,3.0,3.0,4.0,5.0,5.0,6.0,7.0,7.0,9.0,12.0,inferred
Three Rivers,2021-05-26,1.0,2.0,3.0,3.8,4.0,5.0,5.0,6.0,7.0,8.0,8.0,10.0,13.0,inferred
Three Rivers,2021-05-27,1.0,2.0,3.0,3.0,4.0,5.0,5.0,6.0,7.0,8.0,8.0,10.0,13.0,inferred
Three Rivers,2021-05-28,1.0,2.0,3.0,3.0,4.0,4.0,5.0,6.0,7.0,7.0,8.0,10.0,12.0,inferred
Three Rivers,2021-05-29,0.0,2.0,2.0,3.0,3.0,4.0,5.0,5.0,6.0,7.0,7.0,9.0,12.0,inferred
Three Rivers,2021-05-30,1.0,2.0,3.0,3.0,4.0,5.0,5.0,6.0,7.0,8.0,8.0,10.0,13.0,inferred
Three Rivers,2021-05-31,2.0,3.0,4.0,5.0,5.0,6.0,7.0,8.0,9.0,10.0,11.0,13.0,16.0,inferred
Three Rivers,2021-06-01,2.0,3.0,4.0,5.0,6.0,6.0,7.0,8.0,9.0,10.0,10.0,12.0,15.0,inferred
Three Rivers,2021-06-02,2.0,4.0,5.0,5.0,6.0,7.0,8.0,9.0,10.0,10.0,11.0,13.0,17.0,inferred
Three Rivers,2021-06-03,2.0,3.9,5.0,5.0,5.0,6.0,7.0,8.0,9.0,10.0,10.2,13.0,16.0,inferred
Three Rivers,2021-06-04,1.0,3.0,4.0,5.0,5.0,6.0,7.0,7.0,9.0,9.0,10.0,12.0,15.0,inferred
Three Rivers,2021-06-05,1.0,2.0,3.0,3.0,4.0,5.0,5.0,6.0,7.0,8.0,8.0,10.0,13.0,inferred
Three Rivers,2021-06-06,1.0,3.0,4.0,4.0,5.0,5.0,6.0,7.0,8.0,9.0,10.0,11.0,15.0,inferred
Three Rivers,2021-06-07,3.0,4.0,6.0,6.0,7.0,8.0,8.0,10.0,11.0,11.0,12.0,14.0,17.0,inferred
Three Rivers,2021-06-08,2.0,4.0,5.0,6.0,6.0,7.0,8.0,9.0,10.0,11.0,12.0,14.0,17.0,inferred
Three Rivers,2021-06-09,3.0,5.0,6.0,7.0,7.0,8.0,9.0,10.0,11.0,12.0,13.0,15.0,18.0,inferred
Three Rivers,2021-06-10,2.0,4.0,5.0,6.0,7.0,8.0,9.0,10.0,11.0,12.0,12.0,15.0,18.0,inferred
Three Rivers,2021-06-11,2.0,4.0,5.0,6.0,6.0,7.0,8.0,9.0,10.0,10.0,11.0,13.0,17.0,inferred
Three Rivers,2021-06-12,1.0,3.0,4.0,4.0,5.0,6.0,7.0,7.0,8.0,9.0,9.0,11.0,14.0,inferred
Three Rivers,2021-06-13,2.0,4.0,5.0,5.0,6.0,7.0,8.0,9.0,10.0,11.0,11.2,14.0,17.0,inferred
Three Rivers,2021-06-14,3.0,5.0,7.0,8.0,8.0,9.0,10.0,11.0,12.0,13.0,14.0,16.0,20.0,inferred
Three Rivers,2021-06-15,3.0,5.0,7.0,7.0,8.0,9.0,10.0,11.0,12.0,13.0,14.0,16.0,20.0,inferred
Three Rivers,2021-06-16,3.0,5.9,7.0,8.0,9.0,10.0,11.0,12.0,13.0,14.0,15.0,17.0,22.0,inferred
Three Rivers,2021-06-17,3.0,5.0,7.0,7.0,8.0,9.0,10.0,11.0,12.0,13.0,14.0,17.0,21.0,inferred
Three Rivers,2021-06-18,2.5,5.0,6.0,7.0,7.0,8.0,9.0,10.0,12.0,12.0,13.0,16.0,19.0,inferred
Thurrock,2021-03-06,4.0,6.0,8.0,8.0,9.0,10.0,11.0,12.0,13.0,13.0,14.0,16.0,19.0,inferred
Thurrock,2021-03-07,5.0,8.0,9.0,10.0,10.0,12.0,13.0,14.0,15.0,16.0,16.0,18.0,22.0,inferred
Thurrock,2021-03-08,7.0,9.9,11.0,12.0,13.0,14.0,15.0,16.0,17.0,18.0,19.0,21.0,25.0,inferred
Thurrock,2021-03-09,6.0,8.0,10.0,11.0,11.0,13.0,14.0,15.0,16.0,17.0,17.0,20.0,23.0,inferred
Thurrock,2021-03-10,6.0,9.0,10.0,11.0,12.0,13.0,14.0,15.0,17.0,17.0,18.0,20.0,24.0,inferred
Thurrock,2021-03-11,6.0,7.0,9.0,10.0,10.0,11.0,12.5,14.0,15.0,16.0,16.0,18.0,22.0,inferred
Thurrock,2021-03-12,4.0,7.0,8.0,9.0,9.0,10.0,11.0,12.0,13.0,14.0,15.0,17.0,20.0,inferred
Thurrock,2021-03-13,3.0,4.0,6.0,6.0,7.0,8.0,9.0,10.0,11.0,11.0,12.0,14.0,17.5,inferred
Thurrock,2021-03-14,4.0,6.0,7.0,8.0,8.0,9.0,10.0,11.0,12.0,13.0,14.0,16.0,19.0,inferred
Thurrock,2021-03-15,5.0,7.0,9.0,10.0,10.0,11.0,12.0,13.0,15.0,15.0,16.0,18.0,22.0,inferred
Thurrock,2021-03-16,5.0,7.0,8.0,9.0,10.0,11.0,12.0,13.0,14.0,15.0,15.0,17.0,20.0,inferred
Thurrock,2021-03-17,5.0,7.0,9.0,9.0,10.0,11.0,12.0,13.0,14.0,15.0,16.0,18.0,21.0,inferred
Thurrock,2021-03-18,4.0,6.0,7.0,8.0,8.0,10.0,11.0,12.0,13.0,13.0,14.0,16.0,19.0,inferred
Thurrock,2021-03-19,3.0,5.0,6.0,7.0,7.0,8.0,9.0,10.0,11.0,12.0,13.0,14.0,18.0,inferred
Thurrock,2021-03-20,2.0,4.0,5.0,5.0,6.0,7.0,7.0,8.0,9.0,10.0,10.0,12.0,14.0,inferred
Thurrock,2021-03-21,3.0,4.0,6.0,6.0,6.0,7.0,8.0,9.0,10.0,11.0,11.0,13.0,16.0,inferred
Thurrock,2021-03-22,3.0,5.0,7.0,7.0,8.0,9.0,10.0,11.0,12.0,13.0,13.0,15.0,19.0,inferred
Thurrock,2021-03-23,3.0,5.0,6.0,7.0,7.0,8.0,9.0,10.0,11.0,12.0,12.0,14.0,17.0,inferred
Thurrock,2021-03-24,4.0,5.0,6.0,7.0,7.0,8.0,9.0,10.0,11.0,12.0,13.0,14.0,17.0,inferred
Thurrock,2021-03-25,3.0,4.0,5.0,6.0,6.0,7.0,8.0,9.0,10.0,11.0,11.0,13.0,17.0,inferred
Thurrock,2021-03-26,2.0,3.0,4.0,5.0,5.0,6.0,7.0,8.0,8.0,9.0,9.0,11.0,14.0,inferred
Thurrock,2021-03-27,1.0,2.0,3.0,3.0,4.0,4.0,5.0,6.0,7.0,7.0,8.0,9.0,12.0,inferred
Thurrock,2021-03-28,1.0,3.0,3.0,4.0,4.0,5.0,6.0,6.0,7.0,8.0,8.0,10.0,13.0,inferred
Thurrock,2021-03-29,1.5,3.0,4.0,5.0,5.0,6.0,7.0,7.0,8.0,9.0,10.0,11.0,14.0,inferred
Thurrock,2021-03-30,1.0,3.0,4.0,4.0,5.0,5.0,6.0,7.0,8.0,8.0,9.0,11.0,13.0,inferred
Thurrock,2021-03-31,1.0,3.0,4.0,4.0,4.0,5.0,6.0,7.0,7.0,8.0,9.0,10.0,13.0,inferred
Thurrock,2021-04-01,1.0,2.0,3.0,4.0,4.0,5.0,5.0,6.0,7.0,7.0,8.0,9.0,12.0,inferred
Thurrock,2021-04-02,0.0,2.0,2.0,3.0,3.0,4.0,5.0,5.0,6.0,6.0,7.0,8.0,11.0,inferred
Thurrock,2021-04-03,0.0,1.0,2.0,2.0,2.0,3.0,4.0,4.0,5.0,5.0,6.0,7.0,9.0,inferred
Thurrock,2021-04-04,0.0,1.0,2.0,3.0,3.0,3.0,4.0,5.0,5.0,6.0,6.0,8.0,10.0,inferred
Thurrock,2021-04-05,1.0,2.0,3.0,3.0,4.0,4.0,5.0,6.0,6.0,7.0,7.0,9.0,11.5,inferred
Thurrock,2021-04-06,1.0,2.0,3.0,3.0,3.0,4.0,5.0,5.0,6.0,6.0,7.0,9.0,11.0,inferred
Thurrock,2021-04-07,1.0,2.0,3.0,3.0,3.0,4.0,5.0,5.0,6.0,7.0,7.0,9.0,11.0,inferred
Thurrock,2021-04-08,0.0,1.0,2.0,3.0,3.0,4.0,4.0,5.0,6.0,6.0,7.0,8.0,11.0,inferred
Thurrock,2021-04-09,0.0,1.0,2.0,2.0,2.0,3.0,4.0,4.0,5.0,5.0,6.0,7.0,9.0,inferred
Thurrock,2021-04-10,0.0,1.0,1.0,2.0,2.0,2.0,3.0,3.0,4.0,4.0,5.0,6.0,8.0,inferred
Thurrock,2021-04-11,0.0,1.0,1.0,2.0,2.0,3.0,3.0,4.0,4.0,5.0,5.0,6.0,8.0,inferred
Thurrock,2021-04-12,0.0,1.0,2.0,2.0,3.0,3.0,4.0,4.0,5.0,6.0,6.0,8.0,10.0,inferred
Thurrock,2021-04-13,0.0,1.0,2.0,2.0,2.0,3.0,3.0,4.0,5.0,5.0,6.0,7.0,10.0,inferred
Thurrock,2021-04-14,0.0,1.0,2.0,2.0,2.0,3.0,4.0,4.0,5.0,5.0,6.0,7.0,9.0,inferred
Thurrock,2021-04-15,0.0,1.0,2.0,2.0,2.0,3.0,3.0,4.0,4.0,5.0,5.0,7.0,9.0,inferred
Thurrock,2021-04-16,0.0,1.0,1.0,2.0,2.0,2.0,3.0,4.0,4.0,4.0,5.0,6.0,8.0,inferred
Thurrock,2021-04-17,0.0,0.0,1.0,1.0,1.0,2.0,2.0,3.0,3.0,3.0,4.0,5.0,7.0,inferred
Thurrock,2021-04-18,0.0,1.0,1.0,1.0,2.0,2.0,3.0,3.0,4.0,4.0,5.0,6.0,8.0,inferred
Thurrock,2021-04-19,0.0,1.0,2.0,2.0,2.0,3.0,3.0,4.0,5.0,5.0,6.0,7.0,9.0,inferred
Thurrock,2021-04-20,0.0,1.0,2.0,2.0,2.0,3.0,3.0,4.0,5.0,5.0,5.0,7.0,9.0,inferred
Thurrock,2021-04-21,0.0,1.0,2.0,2.0,2.0,3.0,3.0,4.0,5.0,5.0,6.0,7.0,9.5,inferred
Thurrock,2021-04-22,0.0,1.0,2.0,2.0,2.0,2.0,3.0,3.0,4.0,5.0,5.0,6.0,8.0,inferred
Thurrock,2021-04-23,0.0,1.0,1.0,1.0,2.0,2.0,3.0,3.0,4.0,4.0,4.0,6.0,8.0,inferred
Thurrock,2021-04-24,0.0,0.0,1.0,1.0,1.0,2.0,2.0,2.0,3.0,3.0,4.0,5.0,7.0,inferred
Thurrock,2021-04-25,0.0,0.0,1.0,1.0,1.0,2.0,2.0,3.0,3.0,4.0,4.0,5.0,7.0,inferred
Thurrock,2021-04-26,0.0,1.0,1.0,2.0,2.0,2.0,3.0,3.0,4.0,4.0,5.0,6.0,8.0,inferred
Thurrock,2021-04-27,0.0,1.0,1.0,1.0,2.0,2.0,3.0,3.0,4.0,4.0,5.0,6.0,8.0,inferred
Thurrock,2021-04-28,0.0,1.0,1.0,2.0,2.0,2.0,3.0,3.0,4.0,5.0,5.0,6.0,8.0,inferred
Thurrock,2021-04-29,0.0,1.0,1.0,1.0,2.0,2.0,3.0,3.0,4.0,4.0,4.0,6.0,8.0,inferred
Thurrock,2021-04-30,0.0,0.0,1.0,1.0,1.0,2.0,2.0,3.0,3.0,4.0,4.0,5.0,7.0,inferred
Thurrock,2021-05-01,0.0,0.0,1.0,1.0,1.0,1.0,2.0,2.0,3.0,3.0,3.0,4.0,6.0,inferred
Thurrock,2021-05-02,0.0,0.0,1.0,1.0,1.0,2.0,2.0,3.0,3.0,3.0,4.0,5.0,7.0,inferred
Thurrock,2021-05-03,0.0,0.0,1.0,1.0,1.0,2.0,2.0,3.0,4.0,4.0,4.0,6.0,7.0,inferred
Thurrock,2021-05-04,0.0,0.0,1.0,1.0,1.0,2.0,2.0,3.0,3.0,4.0,4.0,5.0,7.0,inferred
Thurrock,2021-05-05,0.0,0.0,1.0,1.0,1.0,2.0,2.0,3.0,4.0,4.0,4.0,5.0,7.0,inferred
Thurrock,2021-05-06,0.0,0.0,1.0,1.0,1.0,2.0,2.0,3.0,3.0,4.0,4.0,5.0,7.0,inferred
Thurrock,2021-05-07,0.0,0.0,1.0,1.0,1.0,2.0,2.0,2.0,3.0,3.0,4.0,5.0,6.0,inferred
Thurrock,2021-05-08,0.0,0.0,1.0,1.0,1.0,1.0,2.0,2.0,2.3,3.0,3.0,4.0,6.0,inferred
Thurrock,2021-05-09,0.0,0.0,1.0,1.0,1.0,1.0,2.0,2.0,3.0,3.0,3.2,4.0,6.0,inferred
Thurrock,2021-05-10,0.0,0.0,1.0,1.0,1.0,2.0,2.0,3.0,3.0,4.0,4.0,5.0,7.0,inferred
Thurrock,2021-05-11,0.0,0.0,1.0,1.0,1.0,2.0,2.0,3.0,3.0,4.0,4.0,5.0,7.0,inferred
Thurrock,2021-05-12,0.0,0.0,1.0,1.0,1.0,2.0,2.0,3.0,3.0,4.0,4.0,5.0,7.0,inferred
Thurrock,2021-05-13,0.0,0.0,1.0,1.0,1.0,2.0,2.0,2.0,3.0,3.0,4.0,5.0,7.0,inferred
Thurrock,2021-05-14,0.0,0.0,1.0,1.0,1.0,1.0,2.0,2.0,3.0,3.0,3.0,5.0,6.0,inferred
Thurrock,2021-05-15,0.0,0.0,0.0,1.0,1.0,1.0,1.0,2.0,2.0,3.0,3.0,4.0,6.0,inferred
Thurrock,2021-05-16,0.0,0.0,1.0,1.0,1.0,1.0,2.0,2.0,3.0,3.0,3.0,4.0,6.0,inferred
Thurrock,2021-05-17,0.0,0.0,1.0,1.0,1.0,2.0,2.0,3.0,3.0,4.0,4.0,5.0,7.0,inferred
Thurrock,2021-05-18,0.0,0.0,1.0,1.0,1.0,2.0,2.0,3.0,3.0,4.0,4.0,5.0,7.0,inferred
Thurrock,2021-05-19,0.0,1.0,1.0,1.0,1.0,2.0,2.0,3.0,3.0,4.0,4.0,6.0,8.0,inferred
Thurrock,2021-05-20,0.0,0.0,1.0,1.0,1.0,2.0,2.0,3.0,3.0,4.0,4.0,5.0,8.0,inferred
Thurrock,2021-05-21,0.0,0.0,1.0,1.0,1.0,2.0,2.0,2.0,3.0,3.0,4.0,5.0,7.0,inferred
Thurrock,2021-05-22,0.0,0.0,1.0,1.0,1.0,1.0,2.0,2.0,3.0,3.0,3.0,4.0,6.0,inferred
Thurrock,2021-05-23,0.0,0.0,1.0,1.0,1.0,2.0,2.0,3.0,3.0,3.0,4.0,5.0,7.0,inferred
Thurrock,2021-05-24,0.0,1.0,1.0,1.0,2.0,2.0,3.0,3.0,4.0,4.0,4.0,6.0,7.0,inferred
Thurrock,2021-05-25,0.0,1.0,1.0,1.0,2.0,2.0,3.0,3.0,4.0,4.0,5.0,6.0,8.0,inferred
Thurrock,2021-05-26,0.0,1.0,1.0,2.0,2.0,2.0,3.0,4.0,4.0,5.0,5.0,6.0,9.0,inferred
Thurrock,2021-05-27,0.0,1.0,2.0,2.0,2.0,3.0,3.0,4.0,4.0,5.0,5.0,7.0,9.0,inferred
Thurrock,2021-05-28,0.0,1.0,1.0,2.0,2.0,2.0,3.0,4.0,4.0,4.0,5.0,6.0,8.0,inferred
Thurrock,2021-05-29,0.0,0.9,1.0,1.0,2.0,2.0,3.0,3.0,4.0,4.0,4.0,5.1,8.0,inferred
Thurrock,2021-05-30,0.0,1.0,1.0,2.0,2.0,3.0,3.0,4.0,4.0,5.0,5.0,6.0,8.0,inferred
Thurrock,2021-05-31,0.0,1.0,2.0,2.0,3.0,3.0,4.0,5.0,5.3,6.0,6.0,8.0,10.0,inferred
Thurrock,2021-06-01,0.0,1.0,2.0,3.0,3.0,4.0,4.0,5.0,6.0,6.0,7.0,8.0,10.0,inferred
Thurrock,2021-06-02,1.0,2.0,3.0,3.0,3.0,4.0,5.0,5.0,6.0,7.0,7.0,9.0,11.0,inferred
Thurrock,2021-06-03,1.0,2.0,3.0,3.0,4.0,4.0,5.0,6.0,6.0,7.0,7.0,9.0,11.0,inferred
Thurrock,2021-06-04,1.0,2.0,3.0,3.0,3.0,4.0,5.0,5.0,6.0,7.0,7.0,9.0,11.0,inferred
Thurrock,2021-06-05,0.5,1.0,2.0,3.0,3.0,4.0,4.0,5.0,6.0,6.0,6.2,8.0,10.0,inferred
Thurrock,2021-06-06,1.0,2.0,3.0,3.0,4.0,5.0,5.0,6.0,7.0,7.0,8.0,9.0,12.0,inferred
Thurrock,2021-06-07,2.0,3.0,4.0,5.0,5.0,6.0,7.0,8.0,9.0,10.0,10.0,12.0,15.0,inferred
Thurrock,2021-06-08,2.0,4.0,5.0,5.0,5.0,6.0,7.0,8.0,9.0,9.0,10.0,12.0,14.0,inferred
Thurrock,2021-06-09,2.0,4.0,5.0,6.0,6.0,7.0,8.0,9.0,10.0,10.0,11.0,13.0,16.0,inferred
Thurrock,2021-06-10,2.5,4.0,5.0,6.0,6.0,7.0,8.0,9.0,10.0,10.0,11.0,13.0,16.0,inferred
Thurrock,2021-06-11,2.0,3.0,5.0,5.0,6.0,6.0,7.0,8.0,9.0,10.0,11.0,12.0,15.0,inferred
Thurrock,2021-06-12,2.0,3.0,4.0,4.0,5.0,6.0,6.0,7.0,8.0,8.0,9.0,11.0,14.0,inferred
Thurrock,2021-06-13,2.0,4.0,5.0,5.0,6.0,7.0,8.0,9.0,9.0,10.0,11.0,12.0,16.0,inferred
Thurrock,2021-06-14,4.0,5.0,7.0,7.0,8.0,9.0,10.0,11.0,12.0,12.0,13.0,15.0,19.0,inferred
Thurrock,2021-06-15,3.0,5.0,7.0,7.0,8.0,9.0,10.0,11.0,12.0,13.0,13.0,15.0,18.0,inferred
Thurrock,2021-06-16,4.0,6.0,8.0,8.0,9.0,10.0,11.0,12.0,13.0,14.0,14.0,17.0,20.0,inferred
Thurrock,2021-06-17,4.0,6.0,7.0,8.0,8.0,9.0,10.0,11.0,12.0,13.0,14.0,16.0,20.0,inferred
Thurrock,2021-06-18,3.0,5.0,7.0,7.0,8.0,9.0,9.5,10.0,12.0,12.0,13.0,15.0,19.0,inferred
Tonbridge and Malling,2021-03-06,0.0,1.0,1.0,1.0,1.0,2.0,2.0,3.0,3.0,3.2,4.0,5.0,7.0,inferred
Tonbridge and Malling,2021-03-07,0.0,1.0,2.0,2.0,2.0,2.0,3.0,3.0,4.0,4.0,5.0,6.0,8.0,inferred
Tonbridge and Malling,2021-03-08,0.0,1.0,2.0,2.0,3.0,3.0,4.0,4.0,5.0,5.0,6.0,7.0,9.0,inferred
Tonbridge and Malling,2021-03-09,0.0,1.0,2.0,2.0,2.0,3.0,4.0,4.0,5.0,5.0,6.0,7.0,9.0,inferred
Tonbridge and Malling,2021-03-10,0.0,1.0,2.0,2.0,3.0,3.0,4.0,4.0,5.0,5.0,6.0,7.0,9.0,inferred
Tonbridge and Malling,2021-03-11,0.0,1.0,2.0,2.0,3.0,3.0,4.0,4.0,5.0,5.0,6.0,7.0,9.0,inferred
Tonbridge and Malling,2021-03-12,0.0,1.0,2.0,2.0,2.0,3.0,3.0,4.0,4.0,5.0,5.0,6.0,8.0,inferred
Tonbridge and Malling,2021-03-13,0.0,1.0,1.0,1.0,2.0,2.0,3.0,3.0,4.0,4.0,4.0,5.0,7.0,inferred
Tonbridge and Malling,2021-03-14,0.0,1.0,2.0,2.0,2.0,3.0,3.0,4.0,4.0,5.0,5.0,6.0,8.0,inferred
Tonbridge and Malling,2021-03-15,1.0,1.0,2.0,2.0,3.0,3.0,4.0,4.0,5.0,6.0,6.0,7.0,9.0,inferred
Tonbridge and Malling,2021-03-16,0.0,1.9,2.0,2.0,3.0,3.0,4.0,5.0,5.0,6.0,6.0,7.0,9.0,inferred
Tonbridge and Malling,2021-03-17,1.0,2.0,2.0,3.0,3.0,4.0,4.0,5.0,6.0,6.0,6.0,8.0,10.0,inferred
Tonbridge and Malling,2021-03-18,1.0,1.0,2.0,3.0,3.0,4.0,4.0,5.0,5.0,6.0,6.0,7.0,10.0,inferred
Tonbridge and Malling,2021-03-19,0.0,1.0,2.0,2.0,2.0,3.0,4.0,4.0,5.0,5.0,6.0,7.0,9.0,inferred
Tonbridge and Malling,2021-03-20,0.0,1.0,2.0,2.0,2.0,3.0,3.0,4.0,4.0,5.0,5.0,6.0,8.0,inferred
Tonbridge and Malling,2021-03-21,0.0,1.0,2.0,2.0,3.0,3.0,4.0,4.0,5.0,5.0,6.0,7.0,9.0,inferred
Tonbridge and Malling,2021-03-22,1.0,2.0,3.0,3.0,3.0,4.0,5.0,5.0,6.0,7.0,7.0,8.0,11.0,inferred
Tonbridge and Malling,2021-03-23,1.0,2.0,2.0,3.0,3.0,4.0,4.0,5.0,6.0,6.0,7.0,8.0,10.0,inferred
Tonbridge and Malling,2021-03-24,1.0,2.0,2.8,3.0,3.0,4.0,4.0,5.0,6.0,6.0,7.0,8.0,10.0,inferred
Tonbridge and Malling,2021-03-25,0.0,1.0,2.0,2.0,3.0,3.0,4.0,4.0,5.0,6.0,6.0,7.0,9.5,inferred
Tonbridge and Malling,2021-03-26,0.0,1.0,2.0,2.0,2.0,3.0,3.0,4.0,4.0,5.0,5.0,6.0,8.0,inferred
Tonbridge and Malling,2021-03-27,0.0,1.0,1.0,1.0,2.0,2.0,2.0,3.0,4.0,4.0,4.0,5.0,7.0,inferred
Tonbridge and Malling,2021-03-28,0.0,1.0,1.0,2.0,2.0,2.0,3.0,3.0,4.0,4.0,5.0,6.0,8.0,inferred
Tonbridge and Malling,2021-03-29,0.0,1.0,2.0,2.0,2.0,3.0,3.0,4.0,4.0,5.0,5.0,6.0,8.0,inferred
Tonbridge and Malling,2021-03-30,0.0,1.0,1.0,2.0,2.0,2.0,3.0,3.0,4.0,4.0,5.0,6.0,8.0,inferred
Tonbridge and Malling,2021-03-31,0.0,1.0,1.0,2.0,2.0,2.0,3.0,3.0,4.0,4.0,5.0,6.0,8.0,inferred
Tonbridge and Malling,2021-04-01,0.0,1.0,1.0,1.0,2.0,2.0,2.0,3.0,3.0,4.0,4.0,5.0,7.0,inferred
Tonbridge and Malling,2021-04-02,0.0,0.0,1.0,1.0,1.0,2.0,2.0,2.0,3.0,3.0,4.0,5.0,6.0,inferred
Tonbridge and Malling,2021-04-03,0.0,0.0,0.0,1.0,1.0,1.0,1.0,2.0,2.0,3.0,3.0,4.0,5.0,inferred
Tonbridge and Malling,2021-04-04,0.0,0.0,1.0,1.0,1.0,1.0,2.0,2.0,2.0,3.0,3.0,4.0,5.0,inferred
Tonbridge and Malling,2021-04-05,0.0,0.0,1.0,1.0,1.0,2.0,2.0,2.0,3.0,3.0,4.0,4.0,6.0,inferred
Tonbridge and Malling,2021-04-06,0.0,0.0,0.0,1.0,1.0,1.0,2.0,2.0,2.3,3.0,3.0,4.0,6.0,inferred
Tonbridge and Malling,2021-04-07,0.0,0.0,1.0,1.0,1.0,1.0,2.0,2.0,3.0,3.0,3.0,4.0,6.0,inferred
Tonbridge and Malling,2021-04-08,0.0,0.0,1.0,1.0,1.0,1.0,2.0,2.0,2.0,3.0,3.0,4.0,5.0,inferred
Tonbridge and Malling,2021-04-09,0.0,0.0,0.0,0.0,1.0,1.0,1.0,2.0,2.0,2.0,3.0,4.0,5.0,inferred
Tonbridge and Malling,2021-04-10,0.0,0.0,0.0,0.0,0.0,1.0,1.0,1.0,2.0,2.0,2.0,3.0,5.0,inferred
Tonbridge and Malling,2021-04-11,0.0,0.0,0.0,1.0,1.0,1.0,1.0,2.0,2.0,2.0,3.0,4.0,5.0,inferred
Tonbridge and Malling,2021-04-12,0.0,0.0,1.0,1.0,1.0,1.0,2.0,2.0,3.0,3.0,3.0,4.0,6.0,inferred
Tonbridge and Malling,2021-04-13,0.0,0.0,1.0,1.0,1.0,1.0,2.0,2.0,3.0,3.0,3.0,4.0,6.0,inferred
Tonbridge and Malling,2021-04-14,0.0,0.0,1.0,1.0,1.0,1.0,2.0,2.0,3.0,3.0,3.0,4.0,6.0,inferred
Tonbridge and Malling,2021-04-15,0.0,0.0,1.0,1.0,1.0,1.0,2.0,2.0,3.0,3.0,3.0,4.0,6.0,inferred
Tonbridge and Malling,2021-04-16,0.0,0.0,0.0,1.0,1.0,1.0,2.0,2.0,2.0,3.0,3.0,4.0,6.0,inferred
Tonbridge and Malling,2021-04-17,0.0,0.0,0.0,0.0,1.0,1.0,1.0,2.0,2.0,2.0,3.0,3.0,5.0,inferred
Tonbridge and Malling,2021-04-18,0.0,0.0,0.0,1.0,1.0,1.0,2.0,2.0,2.0,3.0,3.0,4.0,6.0,inferred
Tonbridge and Malling,2021-04-19,0.0,0.0,1.0,1.0,1.0,2.0,2.0,2.0,3.0,3.0,4.0,4.0,6.0,inferred
Tonbridge and Malling,2021-04-20,0.0,0.0,1.0,1.0,1.0,2.0,2.0,2.0,3.0,3.0,3.0,5.0,6.0,inferred
Tonbridge and Malling,2021-04-21,0.0,0.0,1.0,1.0,1.0,2.0,2.0,3.0,3.0,3.0,4.0,5.0,6.0,inferred
Tonbridge and Malling,2021-04-22,0.0,0.0,1.0,1.0,1.0,1.0,2.0,2.0,3.0,3.0,3.0,4.0,6.0,inferred
Tonbridge and Malling,2021-04-23,0.0,0.0,1.0,1.0,1.0,1.0,2.0,2.0,2.0,3.0,3.0,4.0,6.0,inferred
Tonbridge and Malling,2021-04-24,0.0,0.0,0.0,0.0,1.0,1.0,1.0,2.0,2.0,2.0,3.0,4.0,5.0,inferred
Tonbridge and Malling,2021-04-25,0.0,0.0,1.0,1.0,1.0,1.0,2.0,2.0,2.0,3.0,3.0,4.0,6.0,inferred
Tonbridge and Malling,2021-04-26,0.0,0.0,1.0,1.0,1.0,2.0,2.0,2.0,3.0,3.0,4.0,5.0,7.0,inferred
Tonbridge and Malling,2021-04-27,0.0,0.0,1.0,1.0,1.0,2.0,2.0,2.0,3.0,3.0,3.0,4.0,6.0,inferred
Tonbridge and Malling,2021-04-28,0.0,0.0,1.0,1.0,1.0,2.0,2.0,2.0,3.0,3.0,3.0,4.0,6.0,inferred
Tonbridge and Malling,2021-04-29,0.0,0.0,1.0,1.0,1.0,1.0,2.0,2.0,3.0,3.0,3.0,4.0,6.0,inferred
Tonbridge and Malling,2021-04-30,0.0,0.0,0.0,1.0,1.0,1.0,2.0,2.0,2.0,3.0,3.0,4.0,5.0,inferred
Tonbridge and Malling,2021-05-01,0.0,0.0,0.0,0.0,0.7,1.0,1.0,1.0,2.0,2.0,2.0,3.0,5.0,inferred
Tonbridge and Malling,2021-05-02,0.0,0.0,0.0,1.0,1.0,1.0,1.0,2.0,2.0,2.0,3.0,3.0,5.0,inferred
Tonbridge and Malling,2021-05-03,0.0,0.0,1.0,1.0,1.0,1.0,2.0,2.0,3.0,3.0,3.0,4.0,6.0,inferred
Tonbridge and Malling,2021-05-04,0.0,0.0,0.0,1.0,1.0,1.0,1.0,2.0,2.0,3.0,3.0,4.0,6.0,inferred
Tonbridge and Malling,2021-05-05,0.0,0.0,1.0,1.0,1.0,1.0,2.0,2.0,2.0,3.0,3.0,4.0,5.0,inferred
Tonbridge and Malling,2021-05-06,0.0,0.0,0.0,1.0,1.0,1.0,1.0,2.0,2.0,2.0,3.0,4.0,5.0,inferred
Tonbridge and Malling,2021-05-07,0.0,0.0,0.0,0.0,1.0,1.0,1.0,1.0,2.0,2.0,2.0,3.0,4.0,inferred
Tonbridge and Malling,2021-05-08,0.0,0.0,0.0,0.0,0.0,1.0,1.0,1.0,2.0,2.0,2.0,3.0,4.0,inferred
Tonbridge and Malling,2021-05-09,0.0,0.0,0.0,0.0,0.0,1.0,1.0,1.0,2.0,2.0,2.0,3.0,4.0,inferred
Tonbridge and Malling,2021-05-10,0.0,0.0,0.0,0.0,1.0,1.0,1.0,2.0,2.0,2.0,3.0,3.0,5.0,inferred
Tonbridge and Malling,2021-05-11,0.0,0.0,0.0,0.0,1.0,1.0,1.0,2.0,2.0,2.0,2.2,3.0,5.0,inferred
Tonbridge and Malling,2021-05-12,0.0,0.0,0.0,1.0,1.0,1.0,1.0,2.0,2.0,3.0,3.0,4.0,5.0,inferred
Tonbridge and Malling,2021-05-13,0.0,0.0,0.0,1.0,1.0,1.0,1.0,2.0,2.0,2.0,3.0,4.0,5.0,inferred
Tonbridge and Malling,2021-05-14,0.0,0.0,0.0,0.0,1.0,1.0,1.0,2.0,2.0,2.0,3.0,4.0,5.0,inferred
Tonbridge and Malling,2021-05-15,0.0,0.0,0.0,0.0,0.0,1.0,1.0,1.0,2.0,2.0,2.0,3.0,4.0,inferred
Tonbridge and Malling,2021-05-16,0.0,0.0,0.0,0.0,1.0,1.0,1.0,2.0,2.0,2.0,2.0,3.0,5.0,inferred
Tonbridge and Malling,2021-05-17,0.0,0.0,1.0,1.0,1.0,1.0,2.0,2.0,2.0,3.0,3.0,4.0,5.5,inferred
Tonbridge and Malling,2021-05-18,0.0,0.0,0.0,1.0,1.0,1.0,1.0,2.0,2.0,3.0,3.0,4.0,5.0,inferred
Tonbridge and Malling,2021-05-19,0.0,0.0,0.0,1.0,1.0,1.0,2.0,2.0,2.0,3.0,3.0,4.0,5.0,inferred
Tonbridge and Malling,2021-05-20,0.0,0.0,0.0,1.0,1.0,1.0,1.0,2.0,2.0,2.0,3.0,4.0,5.0,inferred
Tonbridge and Malling,2021-05-21,0.0,0.0,0.0,0.0,1.0,1.0,1.0,1.0,2.0,2.0,2.0,3.0,5.0,inferred
Tonbridge and Malling,2021-05-22,0.0,0.0,0.0,0.0,0.0,1.0,1.0,1.0,2.0,2.0,2.0,3.0,4.0,inferred
Tonbridge and Malling,2021-05-23,0.0,0.0,0.0,0.0,1.0,1.0,1.0,2.0,2.0,2.0,2.2,3.0,5.0,inferred
Tonbridge and Malling,2021-05-24,0.0,0.0,1.0,1.0,1.0,1.0,2.0,2.0,2.0,3.0,3.0,4.0,5.0,inferred
Tonbridge and Malling,2021-05-25,0.0,0.0,1.0,1.0,1.0,1.0,2.0,2.0,3.0,3.0,3.0,4.0,6.0,inferred
Tonbridge and Malling,2021-05-26,0.0,0.0,1.0,1.0,1.0,1.0,2.0,2.0,3.0,3.0,3.0,4.0,6.0,inferred
Tonbridge and Malling,2021-05-27,0.0,0.0,1.0,1.0,1.0,2.0,2.0,2.0,3.0,3.0,3.0,4.0,6.0,inferred
Tonbridge and Malling,2021-05-28,0.0,0.0,1.0,1.0,1.0,1.0,2.0,2.0,3.0,3.0,3.0,4.0,6.0,inferred
Tonbridge and Malling,2021-05-29,0.0,0.0,0.0,1.0,1.0,1.0,2.0,2.0,2.0,3.0,3.0,4.0,5.0,inferred
Tonbridge and Malling,2021-05-30,0.0,0.0,1.0,1.0,1.0,2.0,2.0,2.0,3.0,3.0,4.0,4.0,6.0,inferred
Tonbridge and Malling,2021-05-31,0.0,1.0,1.0,1.0,2.0,2.0,3.0,3.0,4.0,4.0,4.0,6.0,8.0,inferred
Tonbridge and Malling,2021-06-01,0.0,1.0,1.0,2.0,2.0,2.0,3.0,3.0,4.0,4.0,5.0,6.0,8.0,inferred
Tonbridge and Malling,2021-06-02,0.0,1.0,2.0,2.0,2.0,3.0,4.0,4.0,5.0,5.0,6.0,7.0,9.0,inferred
Tonbridge and Malling,2021-06-03,0.0,1.0,2.0,2.0,2.0,3.0,4.0,4.0,5.0,5.0,5.2,7.0,9.0,inferred
Tonbridge and Malling,2021-06-04,0.0,1.0,2.0,2.0,2.0,3.0,3.0,4.0,5.0,5.0,5.0,6.0,9.0,inferred
Tonbridge and Malling,2021-06-05,0.0,1.0,2.0,2.0,2.0,3.0,3.0,4.0,4.0,5.0,5.0,6.0,8.0,inferred
Tonbridge and Malling,2021-06-06,1.0,2.0,2.0,3.0,3.0,4.0,4.0,5.0,6.0,6.0,7.0,8.0,10.0,inferred
Tonbridge and Malling,2021-06-07,1.0,3.0,4.0,4.0,4.0,5.0,6.0,7.0,7.0,8.0,8.0,10.0,12.0,inferred
Tonbridge and Malling,2021-06-08,2.0,3.0,4.0,4.0,5.0,5.0,6.0,7.0,8.0,8.0,9.0,10.0,13.0,inferred
Tonbridge and Malling,2021-06-09,2.0,4.0,5.0,5.0,6.0,6.0,7.0,8.0,9.0,9.0,10.0,12.0,14.0,inferred
Tonbridge and Malling,2021-06-10,2.0,4.0,5.0,5.0,5.0,6.0,7.0,8.0,9.0,9.0,10.0,12.0,14.0,inferred
Tonbridge and Malling,2021-06-11,2.0,3.0,4.0,5.0,5.0,6.0,7.0,7.0,8.0,9.0,9.0,11.0,13.0,inferred
Tonbridge and Malling,2021-06-12,1.0,3.0,4.0,4.0,4.0,5.0,6.0,6.0,7.0,8.0,8.0,10.0,12.0,inferred
Tonbridge and Malling,2021-06-13,2.0,4.0,5.0,5.0,6.0,7.0,7.0,8.0,9.0,10.0,10.0,12.0,15.0,inferred
Tonbridge and Malling,2021-06-14,4.0,5.0,7.0,7.0,8.0,9.0,10.0,10.0,11.0,12.0,13.0,15.0,18.0,inferred
Tonbridge and Malling,2021-06-15,4.0,6.0,7.0,7.0,8.0,9.0,10.0,11.0,12.0,12.0,13.0,15.0,18.0,inferred
Tonbridge and Malling,2021-06-16,5.0,7.0,8.0,9.0,9.0,10.0,11.0,12.0,13.0,14.0,15.0,16.1,20.0,inferred
Tonbridge and Malling,2021-06-17,4.0,6.0,8.0,8.0,9.0,10.0,11.0,12.0,13.0,14.0,14.0,17.0,20.0,inferred
Tonbridge and Malling,2021-06-18,4.0,6.0,7.0,7.0,8.0,9.0,10.0,11.0,12.0,12.0,13.0,16.0,19.0,inferred
Torbay,2021-03-06,1.0,1.0,2.0,2.0,3.0,3.0,4.0,4.0,5.0,6.0,6.0,7.0,10.0,inferred
Torbay,2021-03-07,1.0,2.0,3.0,3.0,4.0,4.0,5.0,5.0,6.0,7.0,7.0,8.0,11.0,inferred
Torbay,2021-03-08,1.0,3.0,4.0,4.0,4.0,5.0,6.0,6.0,7.0,8.0,8.0,10.0,12.0,inferred
Torbay,2021-03-09,1.0,2.0,3.0,3.0,4.0,4.0,5.0,5.0,6.0,6.0,7.0,8.0,11.0,inferred
Torbay,2021-03-10,1.0,2.0,3.0,4.0,4.0,5.0,5.0,6.0,7.0,7.0,8.0,9.0,12.0,inferred
Torbay,2021-03-11,1.0,2.0,3.0,3.0,4.0,4.0,5.0,5.0,6.0,7.0,7.0,8.0,11.0,inferred
Torbay,2021-03-12,0.0,1.0,2.0,2.0,3.0,3.0,4.0,5.0,5.0,6.0,6.0,8.0,10.0,inferred
Torbay,2021-03-13,0.0,1.0,1.0,2.0,2.0,2.6,3.0,4.0,4.0,5.0,5.0,6.0,8.0,inferred
Torbay,2021-03-14,1.0,2.0,2.0,3.0,3.0,3.0,4.0,5.0,5.0,6.0,6.0,8.0,10.0,inferred
Torbay,2021-03-15,1.0,2.0,3.0,3.0,4.0,4.0,5.0,6.0,6.0,7.0,7.0,9.0,12.0,inferred
Torbay,2021-03-16,1.0,2.0,2.0,3.0,3.0,4.0,4.0,5.0,6.0,6.0,6.0,8.0,10.0,inferred
Torbay,2021-03-17,1.0,2.0,3.0,3.0,4.0,4.0,5.0,6.0,6.0,7.0,7.0,9.0,11.0,inferred
Torbay,2021-03-18,0.0,1.9,2.0,3.0,3.0,4.0,4.0,5.0,6.0,6.0,6.0,8.0,11.0,inferred
Torbay,2021-03-19,0.0,1.0,2.0,2.0,2.0,3.0,3.0,4.0,4.0,5.0,5.0,7.0,8.0,inferred
Torbay,2021-03-20,0.0,1.0,1.0,1.0,1.0,2.0,2.0,3.0,3.0,4.0,4.0,5.0,7.0,inferred
Torbay,2021-03-21,0.0,1.0,1.0,2.0,2.0,3.0,3.0,4.0,4.0,5.0,5.0,6.0,8.5,inferred
Torbay,2021-03-22,0.0,1.0,2.0,2.0,3.0,3.0,4.0,4.0,5.0,6.0,6.0,8.0,10.0,inferred
Torbay,2021-03-23,0.0,1.0,2.0,2.0,2.0,2.0,3.0,4.0,4.0,5.0,5.0,6.0,8.0,inferred
Torbay,2021-03-24,0.0,1.0,2.0,2.0,2.0,3.0,4.0,4.0,5.0,5.0,6.0,7.0,10.0,inferred
Torbay,2021-03-25,0.0,1.0,2.0,2.0,2.0,3.0,3.0,4.0,5.0,5.0,5.0,7.0,8.0,inferred
Torbay,2021-03-26,0.0,1.0,1.0,1.0,2.0,2.0,3.0,3.0,4.0,4.0,4.0,6.0,8.0,inferred
Torbay,2021-03-27,0.0,0.0,1.0,1.0,1.0,1.0,2.0,2.0,3.0,3.0,3.0,4.0,6.0,inferred
Torbay,2021-03-28,0.0,1.0,1.0,1.0,2.0,2.0,3.0,3.0,4.0,4.0,4.0,5.0,7.0,inferred
Torbay,2021-03-29,0.0,1.0,1.0,2.0,2.0,2.0,3.0,4.0,4.0,5.0,5.0,6.0,8.0,inferred
Torbay,2021-03-30,0.0,0.0,1.0,1.0,1.0,2.0,2.0,3.0,3.0,4.0,4.0,5.0,7.0,inferred
Torbay,2021-03-31,0.0,1.0,1.0,2.0,2.0,2.0,3.0,3.0,4.0,4.0,5.0,6.0,8.0,inferred
Torbay,2021-04-01,0.0,0.0,1.0,1.0,2.0,2.0,2.0,3.0,4.0,4.0,4.0,5.0,7.0,inferred
Torbay,2021-04-02,0.0,0.0,1.0,1.0,1.0,2.0,2.0,2.0,3.0,3.0,4.0,5.0,6.0,inferred
Torbay,2021-04-03,0.0,0.0,0.0,1.0,1.0,1.0,1.0,2.0,2.0,3.0,3.0,4.0,6.0,inferred
Torbay,2021-04-04,0.0,0.0,1.0,1.0,1.0,2.0,2.0,2.0,3.0,3.0,4.0,5.0,6.5,inferred
Torbay,2021-04-05,0.0,0.9,1.0,1.0,2.0,2.0,2.0,3.0,4.0,4.0,4.0,5.0,8.0,inferred
Torbay,2021-04-06,0.0,0.0,1.0,1.0,1.0,2.0,2.0,3.0,3.0,3.0,4.0,5.0,6.0,inferred
Torbay,2021-04-07,0.0,0.0,1.0,1.0,1.0,2.0,2.0,3.0,3.0,4.0,4.0,5.0,7.0,inferred
Torbay,2021-04-08,0.0,0.0,1.0,1.0,1.0,2.0,2.0,2.0,3.0,3.0,4.0,5.0,7.0,inferred
Torbay,2021-04-09,0.0,0.0,0.0,1.0,1.0,1.0,1.0,2.0,2.0,3.0,3.0,4.0,6.0,inferred
Torbay,2021-04-10,0.0,0.0,0.0,0.0,0.0,1.0,1.0,1.0,2.0,2.0,2.0,3.0,4.0,inferred
Torbay,2021-04-11,0.0,0.0,0.0,1.0,1.0,1.0,1.0,2.0,2.0,3.0,3.0,4.0,6.0,inferred
Torbay,2021-04-12,0.0,0.0,0.0,1.0,1.0,1.0,2.0,2.0,3.0,3.0,3.0,4.0,6.0,inferred
Torbay,2021-04-13,0.0,0.0,0.0,1.0,1.0,1.0,1.0,2.0,2.0,2.0,3.0,4.0,5.0,inferred
Torbay,2021-04-14,0.0,0.0,0.0,1.0,1.0,1.0,2.0,2.0,2.0,3.0,3.0,4.0,6.0,inferred
Torbay,2021-04-15,0.0,0.0,0.0,0.8,1.0,1.0,1.0,2.0,2.0,3.0,3.0,4.0,5.0,inferred
Torbay,2021-04-16,0.0,0.0,0.0,0.0,0.0,1.0,1.0,1.0,2.0,2.0,2.0,3.0,5.0,inferred
Torbay,2021-04-17,0.0,0.0,0.0,0.0,0.0,0.0,1.0,1.0,1.0,2.0,2.0,3.0,4.0,inferred
Torbay,2021-04-18,0.0,0.0,0.0,0.0,0.0,1.0,1.0,1.0,2.0,2.0,2.0,3.0,5.0,inferred
Torbay,2021-04-19,0.0,0.0,0.0,1.0,1.0,1.0,1.0,2.0,2.0,2.0,3.0,4.0,6.0,inferred
Torbay,2021-04-20,0.0,0.0,0.0,0.0,1.0,1.0,1.0,2.0,2.0,2.0,3.0,4.0,5.0,inferred
Torbay,2021-04-21,0.0,0.0,0.0,1.0,1.0,1.0,1.0,2.0,2.0,3.0,3.0,4.0,5.0,inferred
Torbay,2021-04-22,0.0,0.0,0.0,1.0,1.0,1.0,1.0,2.0,2.0,3.0,3.0,4.0,5.0,inferred
Torbay,2021-04-23,0.0,0.0,0.0,0.0,1.0,1.0,1.0,2.0,2.0,2.0,3.0,3.0,5.0,inferred
Torbay,2021-04-24,0.0,0.0,0.0,0.0,0.0,0.0,1.0,1.0,1.0,2.0,2.0,3.0,4.0,inferred
Torbay,2021-04-25,0.0,0.0,0.0,0.0,1.0,1.0,1.0,2.0,2.0,2.0,3.0,3.0,5.0,inferred
Torbay,2021-04-26,0.0,0.0,0.0,1.0,1.0,1.0,2.0,2.0,3.0,3.0,3.0,4.0,6.0,inferred
Torbay,2021-04-27,0.0,0.0,0.0,0.0,1.0,1.0,1.0,2.0,2.0,2.0,3.0,4.0,5.0,inferred
Torbay,2021-04-28,0.0,0.0,1.0,1.0,1.0,1.0,2.0,2.0,3.0,3.0,3.0,4.0,6.0,inferred
Torbay,2021-04-29,0.0,0.0,0.0,1.0,1.0,1.0,2.0,2.0,2.0,3.0,3.0,4.0,6.0,inferred
Torbay,2021-04-30,0.0,0.0,0.0,0.0,1.0,1.0,1.0,2.0,2.0,2.0,3.0,4.0,5.0,inferred
Torbay,2021-05-01,0.0,0.0,0.0,0.0,0.0,1.0,1.0,1.0,2.0,2.0,2.0,3.0,4.0,inferred
Torbay,2021-05-02,0.0,0.0,0.0,0.0,1.0,1.0,1.0,2.0,2.0,2.0,3.0,4.0,6.0,inferred
Torbay,2021-05-03,0.0,0.0,1.0,1.0,1.0,1.0,2.0,2.0,3.0,3.0,4.0,5.0,6.0,inferred
Torbay,2021-05-04,0.0,0.0,1.0,1.0,1.0,1.0,2.0,2.0,2.0,3.0,3.0,4.0,6.0,inferred
Torbay,2021-05-05,0.0,0.0,1.0,1.0,1.0,2.0,2.0,2.0,3.0,3.0,4.0,5.0,6.0,inferred
Torbay,2021-05-06,0.0,0.0,1.0,1.0,1.0,1.0,2.0,2.0,3.0,3.0,3.0,4.0,6.0,inferred
Torbay,2021-05-07,0.0,0.0,0.0,1.0,1.0,1.0,1.0,2.0,2.0,2.0,3.0,4.0,5.0,inferred
Torbay,2021-05-08,0.0,0.0,0.0,0.0,0.0,1.0,1.0,1.0,2.0,2.0,2.0,3.0,5.0,inferred
Torbay,2021-05-09,0.0,0.0,0.0,0.0,1.0,1.0,1.0,2.0,2.0,2.0,3.0,4.0,5.5,inferred
Torbay,2021-05-10,0.0,0.0,1.0,1.0,1.0,1.0,2.0,2.0,3.0,3.0,3.0,4.0,6.0,inferred
Torbay,2021-05-11,0.0,0.0,0.0,1.0,1.0,1.0,1.0,2.0,2.0,2.0,3.0,4.0,5.0,inferred
Torbay,2021-05-12,0.0,0.0,1.0,1.0,1.0,1.0,2.0,2.0,2.0,3.0,3.0,4.0,6.0,inferred
Torbay,2021-05-13,0.0,0.0,0.0,0.8,1.0,1.0,1.0,2.0,2.0,3.0,3.0,4.0,5.0,inferred
Torbay,2021-05-14,0.0,0.0,0.0,0.0,0.0,1.0,1.0,1.0,2.0,2.0,2.0,3.0,5.0,inferred
Torbay,2021-05-15,0.0,0.0,0.0,0.0,0.0,0.0,1.0,1.0,1.0,2.0,2.0,3.0,4.0,inferred
Torbay,2021-05-16,0.0,0.0,0.0,0.0,0.0,1.0,1.0,1.0,2.0,2.0,2.0,3.0,5.0,inferred
Torbay,2021-05-17,0.0,0.0,0.0,0.0,1.0,1.0,1.0,2.0,2.0,2.0,3.0,4.0,5.0,inferred
Torbay,2021-05-18,0.0,0.0,0.0,0.0,0.0,1.0,1.0,1.0,2.0,2.0,2.0,3.0,5.0,inferred
Torbay,2021-05-19,0.0,0.0,0.0,0.8,1.0,1.0,1.0,2.0,2.0,2.0,3.0,4.0,5.0,inferred
Torbay,2021-05-20,0.0,0.0,0.0,0.0,1.0,1.0,1.0,2.0,2.0,2.0,3.0,3.1,5.0,inferred
Torbay,2021-05-21,0.0,0.0,0.0,0.0,0.0,1.0,1.0,1.0,2.0,2.0,2.0,3.0,5.0,inferred
Torbay,2021-05-22,0.0,0.0,0.0,0.0,0.0,0.0,1.0,1.0,1.0,2.0,2.0,3.0,4.0,inferred
Torbay,2021-05-23,0.0,0.0,0.0,0.0,1.0,1.0,1.0,1.0,2.0,2.0,2.0,3.0,5.0,inferred
Torbay,2021-05-24,0.0,0.0,0.0,1.0,1.0,1.0,1.0,2.0,2.0,3.0,3.0,4.0,5.0,inferred
Torbay,2021-05-25,0.0,0.0,0.0,1.0,1.0,1.0,1.0,2.0,2.0,2.0,3.0,4.0,5.0,inferred
Torbay,2021-05-26,0.0,0.0,1.0,1.0,1.0,1.0,2.0,2.0,3.0,3.0,3.0,4.0,6.0,inferred
Torbay,2021-05-27,0.0,0.0,0.0,1.0,1.0,1.0,2.0,2.0,2.0,3.0,3.0,4.0,6.0,inferred
Torbay,2021-05-28,0.0,0.0,0.0,0.0,1.0,1.0,1.0,2.0,2.0,2.0,3.0,4.0,5.0,inferred
Torbay,2021-05-29,0.0,0.0,0.0,0.0,0.0,1.0,1.0,1.0,2.0,2.0,2.0,3.0,4.0,inferred
Torbay,2021-05-30,0.0,0.0,0.0,1.0,1.0,1.0,1.0,2.0,2.0,2.0,3.0,4.0,5.0,inferred
Torbay,2021-05-31,0.0,0.0,1.0,1.0,1.0,1.0,2.0,2.0,3.0,3.0,3.0,5.0,6.0,inferred
Torbay,2021-06-01,0.0,0.0,0.0,1.0,1.0,1.0,2.0,2.0,2.0,3.0,3.0,4.0,6.0,inferred
Torbay,2021-06-02,0.0,0.0,1.0,1.0,1.0,2.0,2.0,2.0,3.0,3.0,4.0,5.0,6.0,inferred
Torbay,2021-06-03,0.0,0.0,1.0,1.0,1.0,2.0,2.0,3.0,3.0,3.0,4.0,5.0,6.0,inferred
Torbay,2021-06-04,0.0,0.0,0.0,1.0,1.0,1.0,2.0,2.0,2.0,3.0,3.0,4.0,6.0,inferred
Torbay,2021-06-05,0.0,0.0,0.0,0.0,1.0,1.0,1.0,2.0,2.0,2.0,3.0,4.0,5.0,inferred
Torbay,2021-06-06,0.0,0.0,1.0,1.0,1.0,2.0,2.0,3.0,3.0,3.0,4.0,5.0,7.0,inferred
Torbay,2021-06-07,0.0,1.0,1.0,2.0,2.0,2.0,3.0,3.0,4.0,4.0,5.0,6.0,8.0,inferred
Torbay,2021-06-08,0.0,0.0,1.0,1.0,2.0,2.0,2.0,3.0,4.0,4.0,4.0,5.0,7.0,inferred
Torbay,2021-06-09,0.0,1.0,2.0,2.0,2.0,3.0,3.0,4.0,5.0,5.0,5.0,7.0,9.0,inferred
Torbay,2021-06-10,0.0,1.0,2.0,2.0,2.0,3.0,3.0,4.0,5.0,5.0,5.0,6.0,9.0,inferred
Torbay,2021-06-11,0.0,1.0,2.0,2.0,2.0,3.0,3.0,4.0,4.0,5.0,5.0,6.0,8.0,inferred
Torbay,2021-06-12,0.0,1.0,1.0,1.0,2.0,2.0,2.0,3.0,4.0,4.0,4.0,6.0,8.0,inferred
Torbay,2021-06-13,0.0,1.0,2.0,2.0,3.0,3.0,4.0,4.0,5.0,6.0,6.0,7.0,9.0,inferred
Torbay,2021-06-14,1.0,2.0,3.0,3.0,4.0,4.0,5.0,6.0,7.0,7.0,8.0,9.0,12.0,inferred
Torbay,2021-06-15,1.0,2.0,3.0,3.0,3.0,4.0,5.0,6.0,6.0,7.0,7.0,9.0,12.0,inferred
Torbay,2021-06-16,2.0,3.0,4.0,4.0,5.0,5.0,6.0,7.0,8.0,8.0,9.0,11.0,14.0,inferred
Torbay,2021-06-17,1.5,3.0,4.0,4.0,5.0,5.0,6.0,7.0,8.0,8.0,9.0,10.0,13.0,inferred
Torbay,2021-06-18,1.0,2.0,3.0,4.0,4.0,5.0,6.0,6.0,7.0,8.0,8.0,10.0,13.0,inferred
Torfaen,2021-03-06,0.0,1.0,1.0,1.0,2.0,2.0,3.0,3.0,4.0,4.0,4.0,6.0,8.0,inferred
Torfaen,2021-03-07,0.0,1.0,1.0,2.0,2.0,2.0,3.0,3.0,4.0,4.0,5.0,6.0,8.0,inferred
Torfaen,2021-03-08,0.0,1.0,2.0,3.0,3.0,4.0,4.0,5.0,6.0,6.0,7.0,8.0,11.0,inferred
Torfaen,2021-03-09,0.0,1.0,2.0,2.0,3.0,3.0,4.0,4.0,5.0,6.0,6.0,7.0,10.0,inferred
Torfaen,2021-03-10,0.0,1.0,2.0,3.0,3.0,4.0,4.0,5.0,6.0,6.0,7.0,8.0,11.0,inferred
Torfaen,2021-03-11,0.0,1.0,2.0,2.0,3.0,3.0,4.0,5.0,6.0,6.0,7.0,8.0,10.0,inferred
Torfaen,2021-03-12,0.0,1.0,2.0,2.0,2.0,3.0,3.0,4.0,5.0,5.0,5.0,7.0,9.0,inferred
Torfaen,2021-03-13,0.0,0.0,1.0,1.0,1.0,2.0,2.0,3.0,4.0,4.0,4.0,5.1,8.0,inferred
Torfaen,2021-03-14,0.0,0.0,1.0,1.0,2.0,2.0,2.0,3.0,4.0,4.0,4.0,6.0,8.0,inferred
Torfaen,2021-03-15,0.0,1.0,2.0,2.0,2.0,3.0,3.0,4.0,5.0,5.0,6.0,7.0,10.0,inferred
Torfaen,2021-03-16,0.0,1.0,1.0,2.0,2.0,2.0,3.0,4.0,4.0,5.0,5.0,6.0,9.0,inferred
Torfaen,2021-03-17,0.0,1.0,2.0,2.0,2.0,3.0,3.0,4.0,5.0,5.0,6.0,7.0,10.0,inferred
Torfaen,2021-03-18,0.0,1.0,2.0,2.0,2.0,3.0,3.0,4.0,5.0,5.0,6.0,7.0,10.0,inferred
Torfaen,2021-03-19,0.0,1.0,1.0,1.0,2.0,2.0,3.0,3.0,4.0,4.0,5.0,6.0,8.0,inferred
Torfaen,2021-03-20,0.0,0.0,1.0,1.0,1.0,2.0,2.0,3.0,3.0,4.0,4.0,5.0,7.0,inferred
Torfaen,2021-03-21,0.0,0.0,1.0,1.0,1.0,2.0,2.0,3.0,3.0,4.0,4.0,5.0,7.0,inferred
Torfaen,2021-03-22,0.0,1.0,1.0,2.0,2.0,3.0,3.0,4.0,5.0,5.0,5.0,7.0,9.0,inferred
Torfaen,2021-03-23,0.0,1.0,1.0,1.0,2.0,2.0,3.0,3.0,4.0,4.0,5.0,6.0,8.0,inferred
Torfaen,2021-03-24,0.0,1.0,1.0,2.0,2.0,2.0,3.0,4.0,4.0,5.0,5.0,7.0,9.0,inferred
Torfaen,2021-03-25,0.0,1.0,1.0,1.0,2.0,2.0,3.0,3.0,4.0,5.0,5.0,7.0,9.0,inferred
Torfaen,2021-03-26,0.0,0.0,1.0,1.0,1.0,2.0,2.0,3.0,3.0,4.0,4.0,5.0,8.0,inferred
Torfaen,2021-03-27,0.0,0.0,0.0,1.0,1.0,1.0,2.0,2.0,3.0,3.0,3.0,4.0,6.0,inferred
Torfaen,2021-03-28,0.0,0.0,0.0,1.0,1.0,1.0,2.0,2.0,3.0,3.0,3.0,4.0,6.5,inferred
Torfaen,2021-03-29,0.0,0.0,1.0,1.0,1.0,2.0,2.0,3.0,4.0,4.0,4.0,6.0,8.0,inferred
Torfaen,2021-03-30,0.0,0.0,1.0,1.0,1.0,1.0,2.0,2.0,3.0,3.0,4.0,5.0,7.0,inferred
Torfaen,2021-03-31,0.0,0.0,1.0,1.0,1.0,1.0,2.0,2.0,3.0,3.0,4.0,5.0,7.0,inferred
Torfaen,2021-04-01,0.0,0.0,1.0,1.0,1.0,1.0,2.0,2.0,3.0,3.0,4.0,5.0,7.0,inferred
Torfaen,2021-04-02,0.0,0.0,0.0,1.0,1.0,1.0,1.0,2.0,2.0,3.0,3.0,4.0,6.0,inferred
Torfaen,2021-04-03,0.0,0.0,0.0,0.0,0.0,1.0,1.0,1.0,2.0,2.0,2.0,3.0,5.0,inferred
Torfaen,2021-04-04,0.0,0.0,0.0,0.0,0.0,1.0,1.0,1.0,2.0,2.0,2.0,3.0,5.0,inferred
Torfaen,2021-04-05,0.0,0.0,0.0,1.0,1.0,1.0,1.0,2.0,2.0,3.0,3.0,4.0,6.0,inferred
Torfaen,2021-04-06,0.0,0.0,0.0,0.0,0.0,1.0,1.0,2.0,2.0,2.0,3.0,4.0,5.0,inferred
Torfaen,2021-04-07,0.0,0.0,0.0,0.0,1.0,1.0,1.0,2.0,2.0,2.0,3.0,4.0,6.0,inferred
Torfaen,2021-04-08,0.0,0.0,0.0,0.0,1.0,1.0,1.0,2.0,2.0,2.0,3.0,3.0,5.0,inferred
Torfaen,2021-04-09,0.0,0.0,0.0,0.0,0.0,1.0,1.0,1.0,2.0,2.0,2.0,3.0,5.0,inferred
Torfaen,2021-04-10,0.0,0.0,0.0,0.0,0.0,0.0,1.0,1.0,1.0,2.0,2.0,3.0,4.0,inferred
Torfaen,2021-04-11,0.0,0.0,0.0,0.0,0.0,0.0,1.0,1.0,1.0,2.0,2.0,3.0,5.0,inferred
Torfaen,2021-04-12,0.0,0.0,0.0,0.0,0.0,1.0,1.0,1.0,2.0,2.0,3.0,4.0,6.0,inferred
Torfaen,2021-04-13,0.0,0.0,0.0,0.0,0.0,1.0,1.0,1.0,2.0,2.0,2.0,3.0,5.0,inferred
Torfaen,2021-04-14,0.0,0.0,0.0,0.0,1.0,1.0,1.0,2.0,2.0,2.0,3.0,4.0,6.0,inferred
Torfaen,2021-04-15,0.0,0.0,0.0,0.0,1.0,1.0,1.0,2.0,2.0,2.0,3.0,4.0,5.0,inferred
Torfaen,2021-04-16,0.0,0.0,0.0,0.0,0.0,1.0,1.0,1.0,2.0,2.0,2.0,3.0,5.0,inferred
Torfaen,2021-04-17,0.0,0.0,0.0,0.0,0.0,0.0,1.0,1.0,2.0,2.0,2.0,3.0,4.0,inferred
Torfaen,2021-04-18,0.0,0.0,0.0,0.0,0.0,1.0,1.0,1.0,2.0,2.0,2.0,3.0,5.0,inferred
Torfaen,2021-04-19,0.0,0.0,0.0,0.0,1.0,1.0,1.0,2.0,2.0,2.2,3.0,4.0,5.0,inferred
Torfaen,2021-04-20,0.0,0.0,0.0,0.0,0.0,1.0,1.0,1.0,2.0,2.0,2.0,3.0,5.0,inferred
Torfaen,2021-04-21,0.0,0.0,0.0,0.0,0.0,1.0,1.0,2.0,2.0,2.0,3.0,3.1,5.0,inferred
Torfaen,2021-04-22,0.0,0.0,0.0,0.0,0.0,1.0,1.0,1.0,2.0,2.0,2.0,3.0,6.0,inferred
Torfaen,2021-04-23,0.0,0.0,0.0,0.0,0.0,1.0,1.0,1.0,2.0,2.0,2.0,3.0,4.5,inferred
Torfaen,2021-04-24,0.0,0.0,0.0,0.0,0.0,0.0,1.0,1.0,1.0,2.0,2.0,3.0,4.0,inferred
Torfaen,2021-04-25,0.0,0.0,0.0,0.0,0.0,0.0,1.0,1.0,1.0,2.0,2.0,3.0,5.0,inferred
Torfaen,2021-04-26,0.0,0.0,0.0,0.0,0.0,1.0,1.0,2.0,2.0,2.0,3.0,3.0,5.0,inferred
Torfaen,2021-04-27,0.0,0.0,0.0,0.0,0.0,1.0,1.0,1.0,2.0,2.0,2.0,3.0,5.0,inferred
Torfaen,2021-04-28,0.0,0.0,0.0,0.0,0.0,1.0,1.0,1.0,2.0,2.0,3.0,3.0,5.0,inferred
Torfaen,2021-04-29,0.0,0.0,0.0,0.0,0.0,1.0,1.0,1.0,2.0,2.0,2.0,3.0,5.0,inferred
Torfaen,2021-04-30,0.0,0.0,0.0,0.0,0.0,1.0,1.0,1.0,2.0,2.0,2.0,3.0,5.0,inferred
Torfaen,2021-05-01,0.0,0.0,0.0,0.0,0.0,0.0,1.0,1.0,1.0,1.0,2.0,3.0,4.0,inferred
Torfaen,2021-05-02,0.0,0.0,0.0,0.0,0.0,0.0,1.0,1.0,1.0,1.0,2.0,3.0,4.0,inferred
Torfaen,2021-05-03,0.0,0.0,0.0,0.0,0.0,1.0,1.0,1.0,2.0,2.0,2.0,3.0,5.0,inferred
Torfaen,2021-05-04,0.0,0.0,0.0,0.0,0.0,0.0,1.0,1.0,1.0,2.0,2.0,3.0,5.0,inferred
Torfaen,2021-05-05,0.0,0.0,0.0,0.0,0.0,1.0,1.0,1.0,2.0,2.0,2.0,3.0,5.0,inferred
Torfaen,2021-05-06,0.0,0.0,0.0,0.0,0.0,1.0,1.0,1.0,2.0,2.0,2.0,3.0,5.0,inferred
Torfaen,2021-05-07,0.0,0.0,0.0,0.0,0.0,0.0,1.0,1.0,1.0,2.0,2.0,3.0,4.0,inferred
Torfaen,2021-05-08,0.0,0.0,0.0,0.0,0.0,0.0,0.0,1.0,1.0,1.0,2.0,2.0,4.0,inferred
Torfaen,2021-05-09,0.0,0.0,0.0,0.0,0.0,0.0,1.0,1.0,1.0,1.0,2.0,3.0,4.0,inferred
Torfaen,2021-05-10,0.0,0.0,0.0,0.0,0.0,1.0,1.0,1.0,2.0,2.0,2.0,3.0,5.0,inferred
Torfaen,2021-05-11,0.0,0.0,0.0,0.0,0.0,0.0,1.0,1.0,2.0,2.0,2.0,3.0,5.0,inferred
Torfaen,2021-05-12,0.0,0.0,0.0,0.0,0.0,1.0,1.0,1.0,2.0,2.0,2.0,3.0,5.0,inferred
Torfaen,2021-05-13,0.0,0.0,0.0,0.0,0.0,1.0,1.0,1.0,2.0,2.0,2.0,3.0,5.0,inferred
Torfaen,2021-05-14,0.0,0.0,0.0,0.0,0.0,0.0,1.0,1.0,1.0,2.0,2.0,3.0,4.0,inferred
Torfaen,2021-05-15,0.0,0.0,0.0,0.0,0.0,0.0,1.0,1.0,1.0,1.0,2.0,2.0,4.0,inferred
Torfaen,2021-05-16,0.0,0.0,0.0,0.0,0.0,0.0,0.0,1.0,1.0,1.0,2.0,2.0,4.0,inferred
Torfaen,2021-05-17,0.0,0.0,0.0,0.0,0.0,1.0,1.0,1.0,2.0,2.0,2.0,3.0,5.0,inferred
Torfaen,2021-05-18,0.0,0.0,0.0,0.0,0.0,0.0,1.0,1.0,1.0,2.0,2.0,3.0,4.0,inferred
Torfaen,2021-05-19,0.0,0.0,0.0,0.0,0.0,0.0,1.0,1.0,1.0,2.0,2.0,3.0,4.0,inferred
Torfaen,2021-05-20,0.0,0.0,0.0,0.0,0.0,0.0,1.0,1.0,1.0,2.0,2.0,3.0,4.0,inferred
Torfaen,2021-05-21,0.0,0.0,0.0,0.0,0.0,0.0,1.0,1.0,1.0,1.0,2.0,3.0,4.0,inferred
Torfaen,2021-05-22,0.0,0.0,0.0,0.0,0.0,0.0,0.0,1.0,1.0,1.0,1.0,2.0,3.0,inferred
Torfaen,2021-05-23,0.0,0.0,0.0,0.0,0.0,0.0,0.0,1.0,1.0,1.0,1.0,2.0,4.0,inferred
Torfaen,2021-05-24,0.0,0.0,0.0,0.0,0.0,0.0,1.0,1.0,1.0,2.0,2.0,3.0,4.0,inferred
Torfaen,2021-05-25,0.0,0.0,0.0,0.0,0.0,0.0,1.0,1.0,1.0,1.0,2.0,3.0,4.0,inferred
Torfaen,2021-05-26,0.0,0.0,0.0,0.0,0.0,0.0,1.0,1.0,1.0,2.0,2.0,3.0,4.0,inferred
Torfaen,2021-05-27,0.0,0.0,0.0,0.0,0.0,0.0,1.0,1.0,1.0,2.0,2.0,3.0,4.0,inferred
Torfaen,2021-05-28,0.0,0.0,0.0,0.0,0.0,0.0,1.0,1.0,1.0,1.0,2.0,3.0,4.0,inferred
Torfaen,2021-05-29,0.0,0.0,0.0,0.0,0.0,0.0,0.0,1.0,1.0,1.0,1.0,2.0,3.0,inferred
Torfaen,2021-05-30,0.0,0.0,0.0,0.0,0.0,0.0,0.0,1.0,1.0,1.0,2.0,2.0,4.0,inferred
Torfaen,2021-05-31,0.0,0.0,0.0,0.0,0.0,1.0,1.0,1.0,2.0,2.0,2.0,3.0,5.0,inferred
Torfaen,2021-06-01,0.0,0.0,0.0,0.0,0.0,0.0,1.0,1.0,2.0,2.0,2.0,3.0,5.0,inferred
Torfaen,2021-06-02,0.0,0.0,0.0,0.0,0.0,1.0,1.0,1.0,2.0,2.0,2.0,3.0,5.0,inferred
Torfaen,2021-06-03,0.0,0.0,0.0,0.0,1.0,1.0,1.0,2.0,2.0,2.0,3.0,4.0,5.0,inferred
Torfaen,2021-06-04,0.0,0.0,0.0,0.0,0.0,1.0,1.0,1.0,2.0,2.0,2.0,3.0,5.0,inferred
Torfaen,2021-06-05,0.0,0.0,0.0,0.0,0.0,0.0,1.0,1.0,2.0,2.0,2.0,3.0,5.0,inferred
Torfaen,2021-06-06,0.0,0.0,0.0,0.0,0.0,1.0,1.0,1.0,2.0,2.0,2.0,3.0,5.0,inferred
Torfaen,2021-06-07,0.0,0.0,0.0,1.0,1.0,1.0,2.0,2.0,3.0,3.0,3.0,4.0,6.5,inferred
Torfaen,2021-06-08,0.0,0.0,0.0,0.0,1.0,1.0,1.0,2.0,2.0,2.0,3.0,4.0,6.0,inferred
Torfaen,2021-06-09,0.0,0.0,0.0,1.0,1.0,1.0,2.0,2.0,3.0,3.0,4.0,5.0,6.0,inferred
Torfaen,2021-06-10,0.0,0.0,1.0,1.0,1.0,1.0,2.0,2.0,3.0,3.0,3.2,5.0,6.0,inferred
Torfaen,2021-06-11,0.0,0.0,0.0,1.0,1.0,1.0,1.0,2.0,2.0,3.0,3.0,4.0,6.0,inferred
Torfaen,2021-06-12,0.0,0.0,0.0,0.0,0.0,1.0,1.0,2.0,2.0,2.0,3.0,4.0,5.0,inferred
Torfaen,2021-06-13,0.0,0.0,0.0,0.0,1.0,1.0,1.0,2.0,2.0,2.0,3.0,4.0,6.0,inferred
Torfaen,2021-06-14,0.0,0.0,1.0,1.0,1.0,1.0,2.0,2.0,3.0,3.0,4.0,5.0,7.0,inferred
Torfaen,2021-06-15,0.0,0.0,1.0,1.0,1.0,1.0,2.0,2.0,3.0,3.0,4.0,5.0,7.0,inferred
Torfaen,2021-06-16,0.0,0.0,1.0,1.0,1.0,2.0,2.0,2.0,3.0,4.0,4.0,5.0,8.0,inferred
Torfaen,2021-06-17,0.0,0.0,1.0,1.0,1.0,2.0,2.0,3.0,3.0,4.0,4.0,5.0,7.0,inferred
Torfaen,2021-06-18,0.0,0.0,1.0,1.0,1.0,2.0,2.0,3.0,3.0,3.0,4.0,5.0,8.0,inferred
Torridge,2021-03-06,0.0,0.0,0.0,0.0,0.0,0.0,0.0,0.0,0.0,1.0,1.0,1.0,2.0,inferred
Torridge,2021-03-07,0.0,0.0,0.0,0.0,0.0,0.0,0.0,0.0,1.0,1.0,1.0,2.0,3.0,inferred
Torridge,2021-03-08,0.0,0.0,0.0,0.0,0.0,0.0,0.0,1.0,1.0,1.0,1.0,2.0,3.0,inferred
Torridge,2021-03-09,0.0,0.0,0.0,0.0,0.0,0.0,0.0,0.0,1.0,1.0,1.0,2.0,3.0,inferred
Torridge,2021-03-10,0.0,0.0,0.0,0.0,0.0,0.0,0.0,1.0,1.0,1.0,1.0,2.0,3.0,inferred
Torridge,2021-03-11,0.0,0.0,0.0,0.0,0.0,0.0,0.0,1.0,1.0,1.0,1.0,2.0,3.0,inferred
Torridge,2021-03-12,0.0,0.0,0.0,0.0,0.0,0.0,0.0,0.0,1.0,1.0,1.0,2.0,3.0,inferred
Torridge,2021-03-13,0.0,0.0,0.0,0.0,0.0,0.0,0.0,0.0,1.0,1.0,1.0,1.0,2.0,inferred
Torridge,2021-03-14,0.0,0.0,0.0,0.0,0.0,0.0,0.0,1.0,1.0,1.0,1.0,2.0,3.0,inferred
Torridge,2021-03-15,0.0,0.0,0.0,0.0,0.0,0.0,1.0,1.0,1.0,1.0,2.0,2.0,4.0,inferred
Torridge,2021-03-16,0.0,0.0,0.0,0.0,0.0,0.0,1.0,1.0,1.0,1.0,1.0,2.0,3.0,inferred
Torridge,2021-03-17,0.0,0.0,0.0,0.0,0.0,0.0,1.0,1.0,1.0,1.0,2.0,2.0,4.0,inferred
Torridge,2021-03-18,0.0,0.0,0.0,0.0,0.0,0.0,1.0,1.0,1.0,1.0,2.0,2.0,4.0,inferred
Torridge,2021-03-19,0.0,0.0,0.0,0.0,0.0,0.0,0.5,1.0,1.0,1.0,1.0,2.0,3.0,inferred
Torridge,2021-03-20,0.0,0.0,0.0,0.0,0.0,0.0,0.0,0.0,1.0,1.0,1.0,2.0,3.0,inferred
Torridge,2021-03-21,0.0,0.0,0.0,0.0,0.0,0.0,0.0,1.0,1.0,1.0,2.0,2.0,3.0,inferred
Torridge,2021-03-22,0.0,0.0,0.0,0.0,0.0,0.0,1.0,1.0,1.0,2.0,2.0,3.0,4.0,inferred
Torridge,2021-03-23,0.0,0.0,0.0,0.0,0.0,0.0,1.0,1.0,1.0,1.0,2.0,2.0,4.0,inferred
Torridge,2021-03-24,0.0,0.0,0.0,0.0,0.0,0.0,1.0,1.0,1.0,2.0,2.0,3.0,4.0,inferred
Torridge,2021-03-25,0.0,0.0,0.0,0.0,0.0,0.0,1.0,1.0,1.0,1.0,2.0,2.0,4.0,inferred
Torridge,2021-03-26,0.0,0.0,0.0,0.0,0.0,0.0,0.0,1.0,1.0,1.0,1.0,2.0,3.0,inferred
Torridge,2021-03-27,0.0,0.0,0.0,0.0,0.0,0.0,0.0,0.0,1.0,1.0,1.0,2.0,3.0,inferred
Torridge,2021-03-28,0.0,0.0,0.0,0.0,0.0,0.0,0.0,1.0,1.0,1.0,1.0,2.0,3.0,inferred
Torridge,2021-03-29,0.0,0.0,0.0,0.0,0.0,0.0,1.0,1.0,1.0,1.0,2.0,2.0,3.0,inferred
Torridge,2021-03-30,0.0,0.0,0.0,0.0,0.0,0.0,0.0,1.0,1.0,1.0,1.0,2.0,3.0,inferred
Torridge,2021-03-31,0.0,0.0,0.0,0.0,0.0,0.0,0.0,1.0,1.0,1.0,2.0,2.0,3.0,inferred
Torridge,2021-04-01,0.0,0.0,0.0,0.0,0.0,0.0,0.0,1.0,1.0,1.0,1.0,2.0,3.0,inferred
Torridge,2021-04-02,0.0,0.0,0.0,0.0,0.0,0.0,0.0,0.0,1.0,1.0,1.0,2.0,3.0,inferred
Torridge,2021-04-03,0.0,0.0,0.0,0.0,0.0,0.0,0.0,0.0,1.0,1.0,1.0,1.0,2.0,inferred
Torridge,2021-04-04,0.0,0.0,0.0,0.0,0.0,0.0,0.0,1.0,1.0,1.0,1.0,2.0,3.0,inferred
Torridge,2021-04-05,0.0,0.0,0.0,0.0,0.0,0.0,0.0,1.0,1.0,1.0,1.0,2.0,3.0,inferred
Torridge,2021-04-06,0.0,0.0,0.0,0.0,0.0,0.0,0.0,1.0,1.0,1.0,1.0,2.0,3.0,inferred
Torridge,2021-04-07,0.0,0.0,0.0,0.0,0.0,0.0,0.0,1.0,1.0,1.0,1.0,2.0,3.0,inferred
Torridge,2021-04-08,0.0,0.0,0.0,0.0,0.0,0.0,0.0,1.0,1.0,1.0,1.0,2.0,3.0,inferred
Torridge,2021-04-09,0.0,0.0,0.0,0.0,0.0,0.0,0.0,1.0,1.0,1.0,1.0,2.0,3.0,inferred
Torridge,2021-04-10,0.0,0.0,0.0,0.0,0.0,0.0,0.0,0.0,1.0,1.0,1.0,2.0,3.0,inferred
Torridge,2021-04-11,0.0,0.0,0.0,0.0,0.0,0.0,0.0,1.0,1.0,1.0,1.0,2.0,3.0,inferred
Torridge,2021-04-12,0.0,0.0,0.0,0.0,0.0,0.0,0.0,1.0,1.0,1.0,2.0,2.0,4.0,inferred
Torridge,2021-04-13,0.0,0.0,0.0,0.0,0.0,0.0,0.0,1.0,1.0,1.0,1.0,2.0,3.0,inferred
Torridge,2021-04-14,0.0,0.0,0.0,0.0,0.0,0.0,0.5,1.0,1.0,1.0,2.0,2.0,4.0,inferred
Torridge,2021-04-15,0.0,0.0,0.0,0.0,0.0,0.0,0.0,1.0,1.0,1.0,2.0,2.0,3.0,inferred
Torridge,2021-04-16,0.0,0.0,0.0,0.0,0.0,0.0,0.0,1.0,1.0,1.0,1.0,2.0,3.0,inferred
Torridge,2021-04-17,0.0,0.0,0.0,0.0,0.0,0.0,0.0,0.0,1.0,1.0,1.0,2.0,3.0,inferred
Torridge,2021-04-18,0.0,0.0,0.0,0.0,0.0,0.0,0.0,1.0,1.0,1.0,1.0,2.0,3.0,inferred
Torridge,2021-04-19,0.0,0.0,0.0,0.0,0.0,0.0,1.0,1.0,1.0,1.0,2.0,2.0,3.0,inferred
Torridge,2021-04-20,0.0,0.0,0.0,0.0,0.0,0.0,0.0,1.0,1.0,1.0,1.0,2.0,3.0,inferred
Torridge,2021-04-21,0.0,0.0,0.0,0.0,0.0,0.0,1.0,1.0,1.0,1.0,1.0,2.0,3.0,inferred
Torridge,2021-04-22,0.0,0.0,0.0,0.0,0.0,0.0,0.0,1.0,1.0,1.0,1.0,2.0,3.0,inferred
Torridge,2021-04-23,0.0,0.0,0.0,0.0,0.0,0.0,0.0,1.0,1.0,1.0,1.0,2.0,3.0,inferred
Torridge,2021-04-24,0.0,0.0,0.0,0.0,0.0,0.0,0.0,0.0,1.0,1.0,1.0,2.0,3.0,inferred
Torridge,2021-04-25,0.0,0.0,0.0,0.0,0.0,0.0,0.0,1.0,1.0,1.0,1.0,2.0,3.0,inferred
Torridge,2021-04-26,0.0,0.0,0.0,0.0,0.0,0.0,1.0,1.0,1.0,1.0,2.0,2.0,4.0,inferred
Torridge,2021-04-27,0.0,0.0,0.0,0.0,0.0,0.0,0.0,1.0,1.0,1.0,1.0,2.0,3.0,inferred
Torridge,2021-04-28,0.0,0.0,0.0,0.0,0.0,0.0,1.0,1.0,1.0,1.0,2.0,2.0,3.0,inferred
Torridge,2021-04-29,0.0,0.0,0.0,0.0,0.0,0.0,1.0,1.0,1.0,1.0,1.0,2.0,4.0,inferred
Torridge,2021-04-30,0.0,0.0,0.0,0.0,0.0,0.0,0.0,1.0,1.0,1.0,1.0,2.0,3.0,inferred
Torridge,2021-05-01,0.0,0.0,0.0,0.0,0.0,0.0,0.0,0.0,1.0,1.0,1.0,1.0,2.0,inferred
Torridge,2021-05-02,0.0,0.0,0.0,0.0,0.0,0.0,0.0,0.0,1.0,1.0,1.0,2.0,3.0,inferred
Torridge,2021-05-03,0.0,0.0,0.0,0.0,0.0,0.0,0.0,1.0,1.0,1.0,1.0,2.0,3.0,inferred
Torridge,2021-05-04,0.0,0.0,0.0,0.0,0.0,0.0,0.0,1.0,1.0,1.0,1.0,2.0,3.0,inferred
Torridge,2021-05-05,0.0,0.0,0.0,0.0,0.0,0.0,0.0,1.0,1.0,1.0,1.0,2.0,3.0,inferred
Torridge,2021-05-06,0.0,0.0,0.0,0.0,0.0,0.0,0.0,1.0,1.0,1.0,1.0,2.0,3.0,inferred
Torridge,2021-05-07,0.0,0.0,0.0,0.0,0.0,0.0,0.0,1.0,1.0,1.0,1.0,2.0,3.0,inferred
Torridge,2021-05-08,0.0,0.0,0.0,0.0,0.0,0.0,0.0,0.0,1.0,1.0,1.0,1.0,2.0,inferred
Torridge,2021-05-09,0.0,0.0,0.0,0.0,0.0,0.0,0.0,0.0,1.0,1.0,1.0,2.0,3.0,inferred
Torridge,2021-05-10,0.0,0.0,0.0,0.0,0.0,0.0,0.0,1.0,1.0,1.0,1.0,2.0,3.0,inferred
Torridge,2021-05-11,0.0,0.0,0.0,0.0,0.0,0.0,0.0,0.0,1.0,1.0,1.0,2.0,3.0,inferred
Torridge,2021-05-12,0.0,0.0,0.0,0.0,0.0,0.0,0.0,1.0,1.0,1.0,1.0,2.0,3.0,inferred
Torridge,2021-05-13,0.0,0.0,0.0,0.0,0.0,0.0,0.0,1.0,1.0,1.0,1.0,2.0,3.0,inferred
Torridge,2021-05-14,0.0,0.0,0.0,0.0,0.0,0.0,0.0,0.0,1.0,1.0,1.0,2.0,3.0,inferred
Torridge,2021-05-15,0.0,0.0,0.0,0.0,0.0,0.0,0.0,0.0,0.0,1.0,1.0,1.0,2.0,inferred
Torridge,2021-05-16,0.0,0.0,0.0,0.0,0.0,0.0,0.0,0.0,1.0,1.0,1.0,2.0,3.0,inferred
Torridge,2021-05-17,0.0,0.0,0.0,0.0,0.0,0.0,0.0,1.0,1.0,1.0,1.0,2.0,3.0,inferred
Torridge,2021-05-18,0.0,0.0,0.0,0.0,0.0,0.0,0.0,0.0,1.0,1.0,1.0,2.0,3.0,inferred
Torridge,2021-05-19,0.0,0.0,0.0,0.0,0.0,0.0,0.0,1.0,1.0,1.0,1.0,2.0,3.0,inferred
Torridge,2021-05-20,0.0,0.0,0.0,0.0,0.0,0.0,0.0,1.0,1.0,1.0,1.0,2.0,3.0,inferred
Torridge,2021-05-21,0.0,0.0,0.0,0.0,0.0,0.0,0.0,0.0,1.0,1.0,1.0,2.0,3.0,inferred
Torridge,2021-05-22,0.0,0.0,0.0,0.0,0.0,0.0,0.0,0.0,1.0,1.0,1.0,1.0,2.0,inferred
Torridge,2021-05-23,0.0,0.0,0.0,0.0,0.0,0.0,0.0,1.0,1.0,1.0,1.0,2.0,3.0,inferred
Torridge,2021-05-24,0.0,0.0,0.0,0.0,0.0,0.0,0.0,1.0,1.0,1.0,1.2,2.0,4.0,inferred
Torridge,2021-05-25,0.0,0.0,0.0,0.0,0.0,0.0,0.0,1.0,1.0,1.0,1.0,2.0,3.0,inferred
Torridge,2021-05-26,0.0,0.0,0.0,0.0,0.0,0.0,1.0,1.0,1.0,1.0,2.0,2.0,3.0,inferred
Torridge,2021-05-27,0.0,0.0,0.0,0.0,0.0,0.0,0.0,1.0,1.0,1.0,1.0,2.0,3.0,inferred
Torridge,2021-05-28,0.0,0.0,0.0,0.0,0.0,0.0,0.0,1.0,1.0,1.0,1.0,2.0,3.0,inferred
Torridge,2021-05-29,0.0,0.0,0.0,0.0,0.0,0.0,0.0,0.0,1.0,1.0,1.0,2.0,3.0,inferred
Torridge,2021-05-30,0.0,0.0,0.0,0.0,0.0,0.0,0.0,1.0,1.0,1.0,1.0,2.0,4.0,inferred
Torridge,2021-05-31,0.0,0.0,0.0,0.0,0.0,0.0,1.0,1.0,1.0,2.0,2.0,2.0,4.0,inferred
Torridge,2021-06-01,0.0,0.0,0.0,0.0,0.0,0.0,1.0,1.0,1.0,1.0,2.0,2.0,4.0,inferred
Torridge,2021-06-02,0.0,0.0,0.0,0.0,0.0,1.0,1.0,1.0,2.0,2.0,2.0,3.0,4.0,inferred
Torridge,2021-06-03,0.0,0.0,0.0,0.0,0.0,1.0,1.0,1.0,1.0,2.0,2.0,3.0,4.0,inferred
Torridge,2021-06-04,0.0,0.0,0.0,0.0,0.0,0.0,1.0,1.0,1.0,2.0,2.0,2.0,4.0,inferred
Torridge,2021-06-05,0.0,0.0,0.0,0.0,0.0,0.0,0.0,1.0,1.0,1.0,1.0,2.0,3.0,inferred
Torridge,2021-06-06,0.0,0.0,0.0,0.0,0.0,1.0,1.0,1.0,2.0,2.0,2.0,3.0,4.0,inferred
Torridge,2021-06-07,0.0,0.0,0.0,1.0,1.0,1.0,1.0,2.0,2.0,2.0,3.0,4.0,6.0,inferred
Torridge,2021-06-08,0.0,0.0,0.0,1.0,1.0,1.0,1.0,2.0,2.0,2.0,3.0,4.0,5.0,inferred
Torridge,2021-06-09,0.0,0.0,1.0,1.0,1.0,2.0,2.0,2.0,3.0,3.0,4.0,5.0,7.0,inferred
Torridge,2021-06-10,0.0,0.0,1.0,1.0,1.0,2.0,2.0,3.0,3.0,4.0,4.0,5.0,7.0,inferred
Torridge,2021-06-11,0.0,0.0,1.0,1.0,2.0,2.0,2.0,3.0,4.0,4.0,4.0,5.0,7.0,inferred
Torridge,2021-06-12,0.0,0.0,1.0,1.0,1.0,2.0,2.0,3.0,3.0,4.0,4.0,5.0,7.0,inferred
Torridge,2021-06-13,0.0,1.0,2.0,2.0,3.0,3.0,4.0,4.0,5.0,5.0,6.0,7.0,9.0,inferred
Torridge,2021-06-14,1.0,2.0,3.0,4.0,4.0,5.0,5.0,6.0,7.0,7.0,8.0,9.0,12.0,inferred
Torridge,2021-06-15,1.0,2.0,3.0,4.0,4.0,5.0,6.0,6.0,7.0,8.0,8.0,10.0,12.0,inferred
Torridge,2021-06-16,2.0,4.0,5.0,5.0,6.0,7.0,8.0,9.0,10.0,10.0,11.0,13.0,15.0,inferred
Torridge,2021-06-17,2.5,4.0,5.0,6.0,6.0,7.0,8.0,9.0,10.0,11.0,12.0,13.0,17.0,inferred
Torridge,2021-06-18,2.0,4.0,5.0,5.0,6.0,7.0,8.0,9.0,10.0,11.0,11.0,14.0,17.0,inferred
Tower Hamlets,2021-03-06,6.0,8.0,10.0,10.0,11.0,12.0,13.0,14.0,16.0,16.0,17.0,19.0,23.0,inferred
Tower Hamlets,2021-03-07,7.0,9.0,11.0,11.0,12.0,13.0,15.0,16.0,17.0,18.0,19.0,21.0,25.0,inferred
Tower Hamlets,2021-03-08,9.0,11.0,13.0,14.0,15.0,16.0,18.0,19.0,20.0,21.0,22.0,25.0,29.0,inferred
Tower Hamlets,2021-03-09,8.0,11.0,13.0,14.0,14.0,16.0,17.0,18.0,20.0,20.0,21.0,24.0,28.0,inferred
Tower Hamlets,2021-03-10,8.0,11.0,13.0,14.0,15.0,16.0,17.0,19.0,20.0,21.0,22.0,25.0,29.0,inferred
Tower Hamlets,2021-03-11,7.0,10.0,12.0,13.0,13.0,15.0,16.0,17.0,19.0,20.0,21.0,23.0,27.0,inferred
Tower Hamlets,2021-03-12,6.0,9.0,10.0,11.0,12.0,13.0,14.0,15.0,17.0,17.0,18.0,21.0,25.0,inferred
Tower Hamlets,2021-03-13,4.0,6.0,8.0,9.0,9.0,10.0,11.0,12.0,14.0,14.0,15.0,17.0,21.0,inferred
Tower Hamlets,2021-03-14,5.5,8.0,9.0,10.0,11.0,12.0,13.0,14.0,16.0,17.0,17.0,20.0,24.0,inferred
Tower Hamlets,2021-03-15,8.0,11.0,13.0,14.0,14.0,16.0,17.0,18.0,20.0,21.0,22.0,25.0,29.0,inferred
Tower Hamlets,2021-03-16,8.0,11.0,12.0,13.0,14.0,15.0,17.0,18.0,20.0,21.0,22.0,24.0,28.0,inferred
Tower Hamlets,2021-03-17,8.5,11.0,13.0,14.0,14.0,16.0,17.0,19.0,20.0,21.0,22.0,25.0,29.0,inferred
Tower Hamlets,2021-03-18,7.0,10.0,12.0,13.0,14.0,15.0,16.0,17.0,19.0,20.0,21.0,24.0,28.0,inferred
Tower Hamlets,2021-03-19,6.0,9.0,10.8,11.0,12.0,13.0,14.0,16.0,17.0,18.0,19.0,21.0,26.0,inferred
Tower Hamlets,2021-03-20,4.5,7.0,8.0,9.0,10.0,11.0,12.0,13.0,15.0,15.0,16.0,18.0,22.0,inferred
Tower Hamlets,2021-03-21,6.0,8.0,10.0,11.0,11.0,13.0,14.0,15.0,16.0,17.0,18.0,21.0,25.0,inferred
Tower Hamlets,2021-03-22,8.0,11.0,13.0,14.0,15.0,16.0,18.0,19.0,21.0,22.0,23.0,26.0,29.0,inferred
Tower Hamlets,2021-03-23,8.0,11.0,13.0,14.0,15.0,16.0,17.0,19.0,20.0,21.0,22.0,25.0,29.0,inferred
Tower Hamlets,2021-03-24,8.0,11.0,13.0,14.0,15.0,16.0,17.0,19.0,20.0,21.0,22.0,25.0,30.0,inferred
Tower Hamlets,2021-03-25,7.0,10.0,12.0,13.0,13.0,14.6,16.0,17.0,19.0,19.2,21.0,24.0,28.0,inferred
Tower Hamlets,2021-03-26,6.0,8.0,10.0,11.0,11.0,13.0,14.0,15.0,16.0,17.0,18.0,21.0,25.0,inferred
Tower Hamlets,2021-03-27,4.0,6.0,7.0,8.0,9.0,10.0,11.0,12.0,13.0,14.0,15.0,17.0,21.0,inferred
Tower Hamlets,2021-03-28,5.0,7.0,9.0,9.0,10.0,11.0,12.0,13.0,15.0,15.0,16.0,18.0,22.0,inferred
Tower Hamlets,2021-03-29,6.0,9.0,11.0,12.0,12.0,14.0,15.0,16.0,18.0,19.0,20.0,22.0,27.0,inferred
Tower Hamlets,2021-03-30,6.0,9.0,11.0,11.0,12.0,13.0,15.0,16.0,17.0,18.0,19.0,21.0,25.5,inferred
Tower Hamlets,2021-03-31,6.0,8.0,10.0,11.0,12.0,13.0,14.0,15.0,17.0,18.0,19.0,21.0,26.0,inferred
Tower Hamlets,2021-04-01,5.0,7.0,9.0,10.0,10.0,12.0,13.0,14.0,15.0,16.0,17.0,19.0,23.0,inferred
Tower Hamlets,2021-04-02,4.0,6.0,8.0,8.0,9.0,10.0,11.0,12.0,13.0,14.0,15.0,17.0,21.0,inferred
Tower Hamlets,2021-04-03,2.5,4.0,6.0,6.0,7.0,8.0,9.0,10.0,11.0,11.0,12.0,14.0,18.0,inferred
Tower Hamlets,2021-04-04,4.0,5.0,7.0,7.0,8.0,9.0,10.0,11.0,12.0,13.0,14.0,16.0,20.0,inferred
Tower Hamlets,2021-04-05,5.0,7.0,9.0,10.0,10.0,11.0,12.5,14.0,15.0,16.0,17.0,19.0,23.0,inferred
Tower Hamlets,2021-04-06,5.0,7.0,9.0,9.0,10.0,11.0,12.0,14.0,15.0,16.0,17.0,19.0,23.5,inferred
Tower Hamlets,2021-04-07,5.0,7.0,9.0,10.0,10.0,12.0,13.0,14.0,15.0,16.0,17.0,19.0,23.0,inferred
Tower Hamlets,2021-04-08,5.0,7.0,9.0,10.0,10.0,11.0,12.0,13.0,14.0,15.0,16.0,18.0,22.0,inferred
Tower Hamlets,2021-04-09,4.0,6.0,7.0,8.0,9.0,10.0,11.0,12.0,14.0,14.0,15.0,17.0,21.0,inferred
Tower Hamlets,2021-04-10,3.0,5.0,6.0,7.0,7.0,8.0,9.0,10.0,11.0,12.0,12.0,14.1,18.0,inferred
Tower Hamlets,2021-04-11,4.0,6.0,8.0,8.0,8.0,10.0,11.0,12.0,13.0,14.0,15.0,17.0,21.0,inferred
Tower Hamlets,2021-04-12,6.0,8.0,10.0,11.0,11.0,13.0,14.0,15.0,16.0,17.0,18.0,20.0,25.0,inferred
Tower Hamlets,2021-04-13,6.0,8.0,10.0,10.0,11.0,12.0,13.0,15.0,16.0,17.0,18.0,21.0,25.0,inferred
Tower Hamlets,2021-04-14,6.0,8.0,10.0,11.0,11.0,13.0,14.0,15.0,16.0,17.0,18.0,21.0,25.0,inferred
Tower Hamlets,2021-04-15,5.0,8.0,9.0,10.0,11.0,12.0,13.0,14.0,16.0,16.0,17.0,20.0,24.0,inferred
Tower Hamlets,2021-04-16,5.0,7.0,8.0,9.0,9.0,11.0,12.0,13.0,14.0,15.0,16.0,18.0,22.0,inferred
Tower Hamlets,2021-04-17,3.0,5.0,6.0,7.0,8.0,9.0,10.0,11.0,12.0,13.0,13.0,15.0,19.0,inferred
Tower Hamlets,2021-04-18,4.0,6.0,8.0,8.0,9.0,10.0,11.0,13.0,14.0,14.0,15.0,17.0,22.0,inferred
Tower Hamlets,2021-04-19,6.0,9.0,11.0,12.0,12.0,14.0,15.0,16.0,18.0,18.0,19.0,22.0,27.0,inferred
Tower Hamlets,2021-04-20,6.0,9.0,11.0,11.0,12.0,13.0,14.0,16.0,17.0,18.0,19.0,21.0,25.0,inferred
Tower Hamlets,2021-04-21,6.0,9.0,10.0,11.0,12.0,13.0,14.0,15.0,16.0,17.0,18.0,21.0,26.0,inferred
Tower Hamlets,2021-04-22,5.0,8.0,9.0,10.0,11.0,12.0,13.0,14.0,16.0,16.0,17.0,19.0,23.0,inferred
Tower Hamlets,2021-04-23,4.0,6.0,8.0,8.0,9.0,10.0,11.0,12.0,13.0,14.0,15.0,17.0,21.0,inferred
Tower Hamlets,2021-04-24,3.0,4.0,6.0,6.0,7.0,8.0,9.0,10.0,11.0,12.0,12.0,14.0,17.0,inferred
Tower Hamlets,2021-04-25,3.0,5.0,6.0,7.0,8.0,8.0,9.0,10.0,12.0,12.0,13.0,15.0,19.0,inferred
Tower Hamlets,2021-04-26,4.0,7.0,8.0,9.0,9.0,11.0,11.0,13.0,14.0,15.0,16.0,18.0,22.0,inferred
Tower Hamlets,2021-04-27,4.0,6.0,8.0,8.0,9.0,10.0,11.0,12.0,13.0,14.0,15.0,17.0,21.0,inferred
Tower Hamlets,2021-04-28,3.0,6.0,7.0,8.0,9.0,10.0,11.0,12.0,13.0,14.0,15.0,17.0,21.0,inferred
Tower Hamlets,2021-04-29,3.0,5.0,7.0,7.0,7.0,8.0,9.0,10.0,11.0,12.0,13.0,15.0,19.0,inferred
Tower Hamlets,2021-04-30,2.0,4.0,5.0,6.0,6.0,7.0,8.0,9.0,10.0,11.0,12.0,14.0,17.0,inferred
Tower Hamlets,2021-05-01,1.0,3.0,4.0,4.0,5.0,6.0,6.0,7.0,8.0,9.0,9.0,11.0,14.5,inferred
Tower Hamlets,2021-05-02,2.0,3.0,4.0,5.0,5.0,6.0,7.0,8.0,9.0,10.0,10.0,12.0,15.0,inferred
Tower Hamlets,2021-05-03,3.0,4.0,6.0,6.0,7.0,8.0,9.0,10.0,11.0,11.0,12.0,14.0,18.0,inferred
Tower Hamlets,2021-05-04,3.0,4.0,6.0,6.0,7.0,8.0,9.0,10.0,11.0,12.0,12.0,14.0,17.0,inferred
Tower Hamlets,2021-05-05,3.0,5.0,6.0,6.0,7.0,8.0,9.0,10.0,11.0,12.0,13.0,14.1,18.0,inferred
Tower Hamlets,2021-05-06,3.0,4.0,5.0,6.0,6.0,7.0,8.0,9.0,10.0,11.0,12.0,14.0,18.0,inferred
Tower Hamlets,2021-05-07,2.0,3.0,4.0,5.0,5.0,6.0,7.0,8.0,9.0,9.0,10.0,12.0,15.0,inferred
Tower Hamlets,2021-05-08,1.0,2.0,3.0,4.0,4.0,5.0,6.0,6.0,8.0,8.0,9.0,10.0,13.0,inferred
Tower Hamlets,2021-05-09,1.0,3.0,4.0,4.0,4.0,5.0,6.0,7.0,8.0,9.0,9.0,11.0,14.0,inferred
Tower Hamlets,2021-05-10,2.0,4.0,5.0,6.0,6.0,7.0,8.0,9.0,10.0,11.0,11.0,13.1,17.0,inferred
Tower Hamlets,2021-05-11,2.0,3.0,5.0,5.0,6.0,7.0,8.0,9.0,10.0,10.0,11.0,13.0,16.0,inferred
Tower Hamlets,2021-05-12,2.0,4.0,5.0,5.0,6.0,7.0,7.5,8.0,9.0,10.0,11.0,13.0,16.0,inferred
Tower Hamlets,2021-05-13,2.0,3.0,4.0,5.0,5.0,6.0,7.0,8.0,9.0,9.0,10.0,12.0,14.0,inferred
Tower Hamlets,2021-05-14,1.0,2.0,4.0,4.0,4.0,5.0,6.0,7.0,8.0,8.0,9.0,10.0,13.0,inferred
Tower Hamlets,2021-05-15,1.0,2.0,3.0,3.0,3.0,4.0,5.0,6.0,6.0,7.0,8.0,9.0,12.0,inferred
Tower Hamlets,2021-05-16,1.0,2.0,3.0,4.0,4.0,5.0,5.0,6.0,7.0,8.0,8.0,10.0,13.0,inferred
Tower Hamlets,2021-05-17,2.0,3.0,4.0,5.0,5.0,6.0,7.0,8.0,9.0,9.0,10.0,12.0,15.0,inferred
Tower Hamlets,2021-05-18,2.0,3.0,5.0,5.0,5.0,6.0,7.0,8.0,9.0,10.0,11.0,12.0,15.5,inferred
Tower Hamlets,2021-05-19,2.0,4.0,5.0,5.0,6.0,7.0,8.0,9.0,10.0,11.0,11.0,13.0,16.0,inferred
Tower Hamlets,2021-05-20,2.0,4.0,5.0,5.0,6.0,7.0,8.0,9.0,10.0,10.0,11.0,13.0,17.0,inferred
Tower Hamlets,2021-05-21,2.0,3.0,5.0,5.0,6.0,6.0,7.0,8.0,9.0,10.0,10.0,12.0,16.0,inferred
Tower Hamlets,2021-05-22,1.0,3.0,4.0,4.0,5.0,5.0,6.0,7.0,8.0,9.0,9.0,11.0,14.0,inferred
Tower Hamlets,2021-05-23,2.0,4.0,5.0,5.0,6.0,7.0,7.0,8.0,9.0,10.0,11.0,13.0,15.0,inferred
Tower Hamlets,2021-05-24,4.0,6.0,7.0,8.0,9.0,10.0,11.0,12.0,13.0,14.0,15.0,17.0,21.0,inferred
Tower Hamlets,2021-05-25,4.0,6.0,8.0,9.0,9.0,10.0,12.0,13.0,14.0,15.0,16.0,18.0,22.0,inferred
Tower Hamlets,2021-05-26,5.0,8.0,10.0,10.0,11.0,12.0,14.0,15.0,16.0,17.0,18.0,20.0,24.5,inferred
Tower Hamlets,2021-05-27,6.0,9.0,11.0,11.0,12.0,13.0,14.0,16.0,17.0,18.0,19.0,21.0,26.0,inferred
Tower Hamlets,2021-05-28,6.0,9.0,11.0,11.0,12.0,13.0,14.0,15.0,17.0,18.0,19.0,21.0,25.5,inferred
Tower Hamlets,2021-05-29,5.0,8.0,9.0,10.0,11.0,12.0,13.0,14.0,16.0,17.0,17.0,20.0,24.0,inferred
Tower Hamlets,2021-05-30,7.0,10.0,13.0,13.0,14.0,16.0,17.0,18.0,20.0,21.0,22.0,24.0,29.0,inferred
Tower Hamlets,2021-05-31,13.0,16.0,19.0,20.0,21.0,22.0,24.0,26.0,28.0,29.0,30.0,33.0,38.0,inferred
Tower Hamlets,2021-06-01,15.0,18.0,21.0,22.0,23.0,25.0,26.0,28.0,30.0,31.0,32.0,35.0,40.0,inferred
Tower Hamlets,2021-06-02,18.0,22.0,24.0,25.8,26.0,29.0,30.0,32.0,34.0,35.0,36.0,40.0,45.0,inferred
Tower Hamlets,2021-06-03,19.0,23.0,26.0,27.0,28.0,30.0,32.0,34.0,36.0,37.0,38.0,42.0,48.0,inferred
Tower Hamlets,2021-06-04,18.0,22.0,25.0,26.0,27.0,29.0,31.0,33.0,35.0,36.0,37.0,40.1,46.0,inferred
Tower Hamlets,2021-06-05,17.0,20.0,23.0,24.0,24.0,26.0,28.0,30.0,32.0,33.0,34.0,38.0,44.0,inferred
Tower Hamlets,2021-06-06,22.0,26.0,29.0,30.0,31.0,33.0,35.0,37.0,40.0,41.0,42.0,46.0,52.5,inferred
Tower Hamlets,2021-06-07,32.0,37.0,41.0,42.0,43.0,46.0,48.0,50.0,53.0,54.0,56.0,61.0,68.0,inferred
Tower Hamlets,2021-06-08,34.0,40.0,43.0,44.0,46.0,48.0,51.0,53.0,56.0,57.0,59.0,63.0,71.0,inferred
Tower Hamlets,2021-06-09,36.0,42.0,45.0,47.0,48.0,51.0,53.0,56.0,58.0,60.0,61.0,66.0,75.0,inferred
Tower Hamlets,2021-06-10,34.0,39.0,43.0,45.0,46.0,49.0,51.0,54.0,56.0,58.0,60.0,65.0,72.5,inferred
Tower Hamlets,2021-06-11,30.0,36.0,39.0,41.0,42.0,45.0,47.0,49.0,51.0,53.0,55.0,59.0,66.0,inferred
Tower Hamlets,2021-06-12,23.5,29.0,32.0,34.0,35.0,37.0,39.0,41.0,43.0,44.0,46.0,50.0,57.0,inferred
Tower Hamlets,2021-06-13,30.0,35.0,39.0,40.0,41.0,44.0,46.0,48.0,50.0,52.0,53.0,57.0,65.0,inferred
Tower Hamlets,2021-06-14,41.0,47.0,51.0,53.0,54.0,57.0,60.0,62.0,65.0,67.0,68.0,74.0,83.0,inferred
Tower Hamlets,2021-06-15,42.0,47.0,52.0,54.0,55.0,58.0,61.0,63.0,66.0,68.0,70.0,75.0,84.0,inferred
Tower Hamlets,2021-06-16,45.0,50.0,54.0,56.0,58.0,61.0,63.0,66.0,69.0,70.0,72.0,78.0,87.0,inferred
Tower Hamlets,2021-06-17,41.5,47.0,51.0,53.0,55.0,58.0,61.0,63.0,66.0,68.0,70.0,74.0,84.0,inferred
Tower Hamlets,2021-06-18,37.0,42.0,46.0,47.0,49.0,52.0,54.0,57.0,60.0,61.0,63.0,68.0,76.0,inferred
Trafford,2021-03-06,7.0,10.0,12.0,13.0,14.0,15.0,16.0,18.0,19.0,20.0,21.0,24.0,28.0,inferred
Trafford,2021-03-07,8.0,12.0,14.0,15.0,15.0,17.0,19.0,20.0,22.0,23.0,24.0,27.0,31.0,inferred
Trafford,2021-03-08,12.0,15.0,17.0,18.8,19.0,21.0,23.0,24.0,26.0,27.0,28.2,32.0,37.0,inferred
Trafford,2021-03-09,10.0,14.0,17.0,17.0,18.0,20.0,21.0,23.0,25.0,26.0,27.0,30.1,37.0,inferred
Trafford,2021-03-10,10.0,14.0,16.0,17.0,18.0,20.0,21.0,23.0,24.0,25.0,26.0,30.0,35.0,inferred
Trafford,2021-03-11,9.0,12.0,14.0,15.0,16.0,18.0,19.0,21.0,22.0,23.0,24.0,28.0,34.0,inferred
Trafford,2021-03-12,7.0,10.0,12.0,13.0,14.0,15.0,17.0,18.0,20.0,21.0,22.0,24.0,29.0,inferred
Trafford,2021-03-13,5.0,7.0,9.0,10.0,10.0,12.0,13.0,14.0,16.0,17.0,17.0,20.0,25.0,inferred
Trafford,2021-03-14,6.0,8.0,10.0,11.0,12.0,13.0,15.0,16.0,18.0,19.0,20.0,22.0,28.0,inferred
Trafford,2021-03-15,9.0,12.0,14.0,15.0,16.0,17.0,19.0,20.0,22.0,23.0,24.0,28.0,33.0,inferred
Trafford,2021-03-16,8.0,11.0,13.0,14.0,15.0,17.0,19.0,20.0,22.0,23.0,24.0,27.0,32.0,inferred
Trafford,2021-03-17,9.0,12.0,14.0,15.0,16.0,18.0,19.0,21.0,23.0,24.0,25.0,28.0,35.0,inferred
Trafford,2021-03-18,9.0,12.0,14.0,15.0,16.0,17.0,19.0,20.0,22.0,23.0,24.0,27.0,32.0,inferred
Trafford,2021-03-19,7.0,10.0,12.0,13.0,14.0,15.0,17.0,19.0,20.0,22.0,23.0,26.0,30.0,inferred
Trafford,2021-03-20,6.0,8.0,10.0,10.8,11.0,12.0,14.0,15.0,17.0,18.0,19.0,21.0,26.0,inferred
Trafford,2021-03-21,7.0,10.0,12.0,13.0,14.0,15.0,17.0,18.0,19.3,20.2,22.0,24.0,29.0,inferred
Trafford,2021-03-22,10.5,14.0,17.0,18.0,18.7,20.0,22.0,23.0,25.0,27.0,28.0,31.0,36.5,inferred
Trafford,2021-03-23,11.0,14.0,16.0,17.0,18.0,20.0,21.5,23.0,25.0,26.0,28.0,31.0,36.0,inferred
Trafford,2021-03-24,11.0,14.0,17.0,18.0,18.7,20.0,22.0,23.0,25.0,26.0,27.0,31.0,36.0,inferred
Trafford,2021-03-25,10.5,13.0,15.0,16.0,17.0,19.0,20.0,22.0,24.0,25.0,26.0,29.0,34.0,inferred
Trafford,2021-03-26,8.0,11.0,13.0,14.0,14.0,16.0,17.0,19.0,21.0,22.0,23.0,26.0,31.0,inferred
Trafford,2021-03-27,5.0,7.9,9.0,10.0,11.0,12.0,13.0,15.0,16.0,17.0,18.0,21.0,25.0,inferred
Trafford,2021-03-28,7.0,9.0,11.0,12.0,13.0,14.0,15.0,17.0,18.0,19.0,20.0,23.0,28.0,inferred
Trafford,2021-03-29,8.0,12.0,14.0,15.0,16.0,17.0,19.0,20.0,22.0,23.0,24.0,28.0,32.0,inferred
Trafford,2021-03-30,8.0,11.0,13.0,14.0,14.0,16.0,17.0,19.0,21.0,22.0,23.0,26.0,32.0,inferred
Trafford,2021-03-31,7.0,10.0,12.0,13.0,14.0,15.0,16.0,18.0,20.0,21.0,22.0,25.0,30.0,inferred
Trafford,2021-04-01,6.0,9.0,11.0,12.0,12.0,14.0,15.0,16.0,18.0,19.0,20.0,22.0,27.0,inferred
Trafford,2021-04-02,5.0,7.0,9.0,9.0,10.0,11.0,13.0,14.0,15.0,16.0,17.0,19.0,23.0,inferred
Trafford,2021-04-03,3.0,5.0,6.0,7.0,7.0,8.0,9.0,11.0,12.0,13.0,13.0,15.0,19.0,inferred
Trafford,2021-04-04,3.0,5.0,7.0,8.0,8.0,9.0,10.0,12.0,13.0,14.0,15.0,17.0,21.0,inferred
Trafford,2021-04-05,5.0,7.0,9.0,10.0,10.0,12.0,13.0,14.0,16.0,16.0,18.0,21.0,26.0,inferred
Trafford,2021-04-06,5.0,7.0,8.0,9.0,10.0,11.0,12.0,14.0,15.0,16.0,17.0,20.0,24.0,inferred
Trafford,2021-04-07,4.0,7.0,8.0,9.0,10.0,11.0,12.0,13.0,15.0,16.0,17.0,19.0,24.5,inferred
Trafford,2021-04-08,4.0,6.0,8.0,9.0,9.0,11.0,12.0,13.0,14.0,15.0,16.0,18.0,23.0,inferred
Trafford,2021-04-09,3.0,5.0,7.0,7.0,8.0,9.0,10.0,11.0,12.0,13.0,14.0,17.0,20.0,inferred
Trafford,2021-04-10,2.0,3.0,5.0,5.0,6.0,7.0,8.0,9.0,10.0,11.0,11.0,13.0,17.0,inferred
Trafford,2021-04-11,2.5,4.0,6.0,6.0,7.0,8.0,9.0,10.0,11.0,12.0,13.0,15.0,19.0,inferred
Trafford,2021-04-12,4.0,6.0,8.0,8.0,9.0,10.0,11.0,12.0,14.0,15.0,16.0,18.0,23.0,inferred
Trafford,2021-04-13,4.0,6.0,8.0,8.0,9.0,10.0,11.0,12.0,14.0,14.0,15.0,18.0,22.0,inferred
Trafford,2021-04-14,4.0,6.0,8.0,8.0,9.0,10.0,11.0,12.0,14.0,14.2,15.0,18.0,22.0,inferred
Trafford,2021-04-15,3.0,6.0,7.0,8.0,8.0,10.0,11.0,12.0,13.0,14.0,15.0,17.0,21.5,inferred
Trafford,2021-04-16,3.0,5.0,6.0,7.0,7.0,8.0,10.0,11.0,12.0,13.0,14.0,16.0,19.0,inferred
Trafford,2021-04-17,2.0,3.0,5.0,5.0,5.0,7.0,7.0,8.0,10.0,10.0,11.0,13.0,17.0,inferred
Trafford,2021-04-18,3.0,5.0,6.0,7.0,7.0,8.0,9.0,10.0,11.0,12.0,13.0,15.0,19.0,inferred
Trafford,2021-04-19,4.0,6.0,8.0,9.0,9.0,11.0,12.0,13.0,15.0,15.2,16.0,19.0,23.0,inferred
Trafford,2021-04-20,4.0,7.0,9.0,9.0,10.0,11.0,12.0,13.0,15.0,15.0,16.0,19.0,23.0,inferred
Trafford,2021-04-21,5.0,7.0,9.0,10.0,10.0,11.0,12.0,14.0,15.0,16.0,17.0,20.0,24.5,inferred
Trafford,2021-04-22,5.0,7.0,8.0,9.0,10.0,11.0,12.0,13.0,15.0,16.0,17.0,19.0,23.0,inferred
Trafford,2021-04-23,4.0,6.0,8.0,9.0,9.0,10.0,11.0,13.0,14.0,15.0,16.0,18.0,21.5,inferred
Trafford,2021-04-24,3.0,5.0,6.0,7.0,7.0,8.0,9.0,10.0,11.0,12.0,13.0,15.1,20.0,inferred
Trafford,2021-04-25,3.0,6.0,7.0,8.0,9.0,10.0,11.0,12.0,13.0,14.0,15.0,17.0,21.0,inferred
Trafford,2021-04-26,5.0,8.0,10.0,11.0,11.0,13.0,14.0,16.0,17.0,18.0,19.0,22.0,26.0,inferred
Trafford,2021-04-27,6.0,8.0,10.0,11.0,11.0,13.0,14.0,15.0,17.0,18.0,19.0,21.0,26.0,inferred
Trafford,2021-04-28,6.0,8.0,10.0,11.0,12.0,13.0,14.0,15.0,17.0,18.0,19.0,22.0,27.0,inferred
Trafford,2021-04-29,5.0,7.0,9.0,10.0,11.0,12.0,13.0,15.0,16.0,17.0,18.0,21.0,24.0,inferred
Trafford,2021-04-30,4.0,6.0,8.0,9.0,9.0,10.0,11.0,12.0,14.0,15.0,15.0,18.0,22.5,inferred
Trafford,2021-05-01,2.0,4.0,6.0,6.0,7.0,8.0,9.0,10.0,11.0,12.0,12.0,15.0,19.0,inferred
Trafford,2021-05-02,3.0,5.0,6.8,7.0,8.0,9.0,10.0,11.0,12.0,13.0,14.0,16.0,20.0,inferred
Trafford,2021-05-03,5.0,7.0,9.0,10.0,11.0,12.0,13.0,14.0,16.0,16.0,17.0,20.0,25.0,inferred
Trafford,2021-05-04,4.0,7.0,9.0,9.0,10.0,11.0,12.0,14.0,15.0,16.0,17.0,20.0,23.5,inferred
Trafford,2021-05-05,5.0,7.0,9.0,9.0,10.0,11.0,12.0,14.0,15.0,16.0,17.0,19.0,24.5,inferred
Trafford,2021-05-06,4.0,6.0,8.0,9.0,9.0,10.0,12.0,13.0,14.0,15.0,16.0,18.0,23.0,inferred
Trafford,2021-05-07,3.0,5.9,7.0,8.0,8.0,9.0,10.0,12.0,13.0,14.0,15.0,17.0,21.0,inferred
Trafford,2021-05-08,2.0,4.0,6.0,6.0,7.0,7.0,8.0,9.0,10.0,11.0,12.0,14.0,17.0,inferred
Trafford,2021-05-09,3.0,5.0,6.0,7.0,7.0,8.0,10.0,11.0,12.0,13.0,13.0,16.0,20.0,inferred
Trafford,2021-05-10,4.0,7.0,9.0,10.0,10.0,11.0,13.0,14.0,15.0,16.0,17.0,20.0,24.0,inferred
Trafford,2021-05-11,5.0,7.0,9.0,10.0,10.0,11.0,12.0,14.0,15.0,16.0,17.0,20.0,24.0,inferred
Trafford,2021-05-12,5.0,8.0,9.0,10.0,11.0,12.0,13.0,15.0,16.0,17.0,18.0,21.0,26.0,inferred
Trafford,2021-05-13,5.0,7.0,9.0,10.0,11.0,12.0,13.0,14.0,16.0,16.0,17.0,20.0,24.0,inferred
Trafford,2021-05-14,4.0,7.0,8.0,9.0,9.0,11.0,12.0,13.0,15.0,16.0,17.0,19.0,23.0,inferred
Trafford,2021-05-15,3.0,5.0,7.0,7.0,8.0,9.0,10.0,11.0,12.0,13.0,14.0,16.0,20.5,inferred
Trafford,2021-05-16,4.0,6.0,8.0,9.0,9.0,10.0,12.0,13.0,14.0,15.0,16.0,18.0,22.0,inferred
Trafford,2021-05-17,6.0,9.0,11.0,12.0,13.0,14.0,15.0,17.0,18.0,19.0,20.0,23.0,27.0,inferred
Trafford,2021-05-18,7.0,10.0,12.0,13.0,13.0,15.0,16.0,18.0,19.0,20.0,21.0,24.0,29.0,inferred
Trafford,2021-05-19,8.0,11.0,13.0,14.0,15.0,16.0,18.0,19.0,21.0,22.0,23.0,26.0,31.0,inferred
Trafford,2021-05-20,8.0,10.0,12.0,14.0,14.0,16.0,17.0,19.0,21.0,22.0,23.0,26.0,31.0,inferred
Trafford,2021-05-21,7.0,10.0,12.0,13.0,14.0,15.0,17.0,18.0,20.0,21.0,22.0,25.0,29.0,inferred
Trafford,2021-05-22,5.0,8.0,10.0,10.0,11.0,13.0,14.0,15.0,17.0,17.0,18.0,21.0,26.0,inferred
Trafford,2021-05-23,7.0,11.0,13.0,14.0,14.0,16.0,17.0,18.0,20.0,21.0,22.0,25.0,30.0,inferred
Trafford,2021-05-24,12.0,16.0,18.0,19.0,20.0,22.0,24.0,25.0,27.0,28.0,29.0,33.0,39.0,inferred
Trafford,2021-05-25,14.0,17.0,19.0,20.0,21.0,23.0,25.0,27.0,29.0,31.0,32.0,35.0,41.0,inferred
Trafford,2021-05-26,16.0,20.0,23.0,24.0,25.0,27.0,29.0,31.0,33.0,34.0,36.0,39.0,46.0,inferred
Trafford,2021-05-27,17.0,22.0,25.0,26.0,27.0,29.0,31.0,33.0,35.0,36.0,38.0,42.0,49.0,inferred
Trafford,2021-05-28,18.0,21.0,24.0,25.0,26.0,28.0,30.0,32.0,34.0,36.0,37.0,41.0,46.0,inferred
Trafford,2021-05-29,15.0,18.0,21.0,22.0,23.0,25.0,27.0,29.0,31.0,32.0,33.0,37.0,43.5,inferred
Trafford,2021-05-30,20.0,25.0,28.0,29.0,30.0,32.0,34.0,36.0,38.0,40.0,41.0,45.0,52.0,inferred
Trafford,2021-05-31,31.0,38.0,41.0,43.0,44.0,47.0,49.0,52.0,55.0,56.0,58.0,63.0,70.0,inferred
Trafford,2021-06-01,35.0,41.0,45.0,47.0,48.0,51.0,53.5,56.0,59.0,61.0,63.0,68.0,75.0,inferred
Trafford,2021-06-02,39.0,45.0,49.0,51.0,52.0,55.0,58.0,60.0,63.0,65.0,67.0,71.1,80.0,inferred
Trafford,2021-06-03,38.5,45.0,50.0,51.0,53.0,55.0,58.0,61.0,64.0,66.0,68.0,73.0,80.0,inferred
Trafford,2021-06-04,37.0,42.0,47.0,48.0,49.0,52.0,55.0,57.0,61.0,62.0,64.0,69.0,77.0,inferred
Trafford,2021-06-05,29.0,35.0,38.0,40.0,41.0,43.0,46.0,48.0,51.0,53.0,54.0,59.0,66.0,inferred
Trafford,2021-06-06,38.0,44.0,48.0,50.0,51.0,54.0,56.0,59.0,62.0,64.0,66.0,71.0,79.0,inferred
Trafford,2021-06-07,55.0,62.0,67.0,69.0,70.7,74.0,77.0,80.0,83.0,85.2,88.0,93.0,103.0,inferred
Trafford,2021-06-08,55.0,63.0,68.0,70.0,72.0,75.0,79.0,82.0,85.0,88.0,90.0,96.0,107.0,inferred
Trafford,2021-06-09,58.5,66.0,71.0,72.0,74.0,77.0,81.0,84.0,87.0,89.0,92.0,98.0,109.0,inferred
Trafford,2021-06-10,56.0,64.0,69.0,71.0,73.0,76.0,79.0,82.0,85.0,88.0,89.0,96.0,105.5,inferred
Trafford,2021-06-11,50.5,57.0,62.0,65.0,66.0,69.0,72.0,75.0,78.0,80.0,82.0,88.0,96.0,inferred
Trafford,2021-06-12,39.0,46.0,50.0,52.0,53.0,56.0,59.0,61.0,64.0,66.0,68.0,73.0,82.0,inferred
Trafford,2021-06-13,49.0,55.0,60.0,62.0,63.0,67.0,70.0,73.0,76.0,78.0,80.0,86.0,94.0,inferred
Trafford,2021-06-14,68.0,76.0,81.0,83.0,85.0,89.0,92.0,95.0,99.0,101.0,103.0,110.0,119.0,inferred
Trafford,2021-06-15,69.0,77.0,82.0,84.0,86.0,90.0,94.0,97.0,101.0,103.0,106.0,112.0,123.0,inferred
Trafford,2021-06-16,71.0,80.0,87.0,89.0,91.0,94.0,98.0,102.0,106.0,108.0,110.0,116.0,128.0,inferred
Trafford,2021-06-17,71.0,79.0,85.0,87.0,89.0,93.0,96.0,100.0,104.0,107.0,110.0,116.0,128.0,inferred
Trafford,2021-06-18,63.0,72.0,76.0,79.0,81.0,84.0,88.0,92.0,96.0,99.0,101.0,107.0,120.0,inferred
Tunbridge Wells,2021-03-06,0.0,0.0,1.0,1.0,1.0,2.0,2.0,2.0,3.0,3.0,3.0,4.0,6.0,inferred
Tunbridge Wells,2021-03-07,0.0,1.0,1.0,1.0,2.0,2.0,2.0,3.0,3.0,4.0,4.0,5.0,7.0,inferred
Tunbridge Wells,2021-03-08,0.0,1.0,2.0,2.0,2.0,3.0,3.0,4.0,4.0,4.0,5.0,6.0,7.0,inferred
Tunbridge Wells,2021-03-09,0.0,1.0,2.0,2.0,2.0,3.0,3.0,4.0,4.0,5.0,5.0,6.0,8.0,inferred
Tunbridge Wells,2021-03-10,0.0,1.0,2.0,2.0,2.0,3.0,4.0,4.0,5.0,5.0,5.0,7.0,9.0,inferred
Tunbridge Wells,2021-03-11,0.0,1.0,2.0,2.0,2.0,3.0,4.0,4.0,5.0,5.0,5.0,7.0,8.0,inferred
Tunbridge Wells,2021-03-12,0.0,1.0,2.0,2.0,2.0,3.0,3.0,4.0,4.0,5.0,5.0,6.0,8.0,inferred
Tunbridge Wells,2021-03-13,0.0,1.0,1.0,2.0,2.0,2.0,3.0,3.0,4.0,4.0,4.0,5.0,7.0,inferred
Tunbridge Wells,2021-03-14,0.0,1.0,2.0,2.0,2.0,3.0,3.0,4.0,5.0,5.0,5.0,6.0,8.0,inferred
Tunbridge Wells,2021-03-15,1.0,2.0,2.0,3.0,3.0,4.0,4.0,5.0,5.0,6.0,6.0,7.0,9.0,inferred
Tunbridge Wells,2021-03-16,1.0,2.0,2.0,3.0,3.0,4.0,4.0,5.0,5.0,6.0,6.0,7.0,10.0,inferred
Tunbridge Wells,2021-03-17,1.0,2.0,3.0,3.0,3.0,4.0,5.0,5.0,6.0,6.0,7.0,8.0,10.0,inferred
Tunbridge Wells,2021-03-18,1.0,2.0,3.0,3.0,3.0,4.0,4.0,5.0,6.0,6.0,6.0,8.0,10.0,inferred
Tunbridge Wells,2021-03-19,1.0,2.0,2.0,2.0,3.0,3.0,4.0,4.0,5.0,5.0,6.0,7.0,9.0,inferred
Tunbridge Wells,2021-03-20,0.0,1.0,2.0,2.0,2.0,3.0,3.0,4.0,4.0,5.0,5.0,6.0,8.0,inferred
Tunbridge Wells,2021-03-21,0.0,1.0,2.0,2.0,3.0,3.0,4.0,4.0,5.0,5.0,6.0,7.0,9.0,inferred
Tunbridge Wells,2021-03-22,1.0,2.0,3.0,3.0,3.0,4.0,5.0,5.0,6.0,6.2,7.0,8.0,10.0,inferred
Tunbridge Wells,2021-03-23,1.0,2.0,3.0,3.0,3.0,4.0,5.0,5.0,6.0,6.0,7.0,8.0,10.0,inferred
Tunbridge Wells,2021-03-24,1.0,2.0,3.0,3.0,4.0,4.0,5.0,5.0,6.0,6.0,7.0,8.0,10.0,inferred
Tunbridge Wells,2021-03-25,1.0,2.0,2.0,3.0,3.0,4.0,4.0,5.0,5.0,6.0,6.0,7.0,9.0,inferred
Tunbridge Wells,2021-03-26,0.0,1.0,2.0,2.0,2.0,3.0,3.0,4.0,4.0,5.0,5.0,6.1,8.0,inferred
Tunbridge Wells,2021-03-27,0.0,1.0,1.0,1.0,2.0,2.0,3.0,3.0,4.0,4.0,4.0,5.0,7.0,inferred
Tunbridge Wells,2021-03-28,0.0,1.0,1.0,2.0,2.0,2.0,3.0,3.0,4.0,4.0,5.0,6.0,8.0,inferred
Tunbridge Wells,2021-03-29,0.0,1.0,2.0,2.0,2.0,3.0,3.0,4.0,5.0,5.0,5.0,6.0,9.0,inferred
Tunbridge Wells,2021-03-30,0.0,1.0,2.0,2.0,2.0,3.0,3.0,4.0,4.0,5.0,5.0,6.0,8.0,inferred
Tunbridge Wells,2021-03-31,0.0,1.0,2.0,2.0,2.0,3.0,3.0,4.0,4.0,5.0,5.0,6.0,8.0,inferred
Tunbridge Wells,2021-04-01,0.0,1.0,1.0,2.0,2.0,2.0,3.0,3.0,4.0,4.0,4.0,5.0,7.0,inferred
Tunbridge Wells,2021-04-02,0.0,0.0,1.0,1.0,1.0,2.0,2.0,3.0,3.0,3.0,4.0,5.0,6.0,inferred
Tunbridge Wells,2021-04-03,0.0,0.0,1.0,1.0,1.0,1.0,2.0,2.0,2.0,3.0,3.0,4.0,5.0,inferred
Tunbridge Wells,2021-04-04,0.0,0.0,1.0,1.0,1.0,1.0,2.0,2.0,3.0,3.0,3.0,4.0,6.0,inferred
Tunbridge Wells,2021-04-05,0.0,0.0,1.0,1.0,1.0,2.0,2.0,3.0,3.0,3.0,4.0,5.0,6.0,inferred
Tunbridge Wells,2021-04-06,0.0,0.0,1.0,1.0,1.0,2.0,2.0,2.0,3.0,3.0,3.0,4.0,6.0,inferred
Tunbridge Wells,2021-04-07,0.0,0.0,1.0,1.0,1.0,2.0,2.0,3.0,3.0,3.0,4.0,4.0,6.0,inferred
Tunbridge Wells,2021-04-08,0.0,0.0,1.0,1.0,1.0,2.0,2.0,2.0,3.0,3.0,3.0,4.0,6.0,inferred
Tunbridge Wells,2021-04-09,0.0,0.0,1.0,1.0,1.0,1.0,2.0,2.0,2.0,3.0,3.0,4.0,5.0,inferred
Tunbridge Wells,2021-04-10,0.0,0.0,0.0,1.0,1.0,1.0,1.0,2.0,2.0,2.0,3.0,4.0,5.0,inferred
Tunbridge Wells,2021-04-11,0.0,0.0,1.0,1.0,1.0,1.0,2.0,2.0,3.0,3.0,3.0,4.0,5.0,inferred
Tunbridge Wells,2021-04-12,0.0,0.0,1.0,1.0,1.0,2.0,2.0,3.0,3.0,3.0,4.0,5.0,6.0,inferred
Tunbridge Wells,2021-04-13,0.0,0.0,1.0,1.0,1.0,2.0,2.0,3.0,3.0,3.0,4.0,5.0,7.0,inferred
Tunbridge Wells,2021-04-14,0.0,1.0,1.0,1.0,2.0,2.0,2.0,3.0,3.0,4.0,4.0,5.0,7.0,inferred
Tunbridge Wells,2021-04-15,0.0,1.0,1.0,1.0,1.0,2.0,2.0,3.0,3.0,3.0,4.0,5.0,6.0,inferred
Tunbridge Wells,2021-04-16,0.0,0.0,1.0,1.0,1.0,2.0,2.0,2.0,3.0,3.0,4.0,5.0,6.0,inferred
Tunbridge Wells,2021-04-17,0.0,0.0,1.0,1.0,1.0,1.0,2.0,2.0,3.0,3.0,3.0,4.0,6.0,inferred
Tunbridge Wells,2021-04-18,0.0,0.0,1.0,1.0,1.0,2.0,2.0,3.0,3.0,3.0,4.0,5.0,6.0,inferred
Tunbridge Wells,2021-04-19,0.0,1.0,1.0,2.0,2.0,2.0,3.0,3.0,3.0,4.0,4.0,5.0,7.0,inferred
Tunbridge Wells,2021-04-20,0.0,1.0,1.0,1.0,2.0,2.0,3.0,3.0,4.0,4.0,4.0,5.0,7.0,inferred
Tunbridge Wells,2021-04-21,0.0,1.0,1.0,1.0,2.0,2.0,3.0,3.0,3.0,4.0,4.0,5.0,7.0,inferred
Tunbridge Wells,2021-04-22,0.0,0.0,1.0,1.0,1.0,2.0,2.0,3.0,3.0,4.0,4.0,5.0,7.0,inferred
Tunbridge Wells,2021-04-23,0.0,0.0,1.0,1.0,1.0,2.0,2.0,2.0,3.0,3.0,4.0,4.0,6.0,inferred
Tunbridge Wells,2021-04-24,0.0,0.0,0.0,1.0,1.0,1.0,2.0,2.0,2.0,3.0,3.0,4.0,5.0,inferred
Tunbridge Wells,2021-04-25,0.0,0.0,1.0,1.0,1.0,1.0,2.0,2.0,3.0,3.0,3.0,4.0,6.0,inferred
Tunbridge Wells,2021-04-26,0.0,0.0,1.0,1.0,1.0,2.0,2.0,3.0,3.0,3.0,4.0,5.0,6.0,inferred
Tunbridge Wells,2021-04-27,0.0,0.0,1.0,1.0,1.0,2.0,2.0,2.0,3.0,3.0,3.2,4.0,6.0,inferred
Tunbridge Wells,2021-04-28,0.0,0.0,1.0,1.0,1.0,2.0,2.0,2.0,3.0,3.0,4.0,5.0,6.0,inferred
Tunbridge Wells,2021-04-29,0.0,0.0,1.0,1.0,1.0,1.0,2.0,2.0,3.0,3.0,3.0,4.0,6.0,inferred
Tunbridge Wells,2021-04-30,0.0,0.0,0.0,1.0,1.0,1.0,1.0,2.0,2.0,2.0,3.0,4.0,5.0,inferred
Tunbridge Wells,2021-05-01,0.0,0.0,0.0,0.0,1.0,1.0,1.0,1.0,2.0,2.0,2.0,3.0,5.0,inferred
Tunbridge Wells,2021-05-02,0.0,0.0,0.0,1.0,1.0,1.0,1.0,2.0,2.0,2.0,3.0,3.0,5.0,inferred
Tunbridge Wells,2021-05-03,0.0,0.0,1.0,1.0,1.0,1.0,2.0,2.0,2.0,3.0,3.0,4.0,5.0,inferred
Tunbridge Wells,2021-05-04,0.0,0.0,0.0,1.0,1.0,1.0,2.0,2.0,2.0,3.0,3.0,4.0,5.0,inferred
Tunbridge Wells,2021-05-05,0.0,0.0,1.0,1.0,1.0,1.0,2.0,2.0,2.0,3.0,3.0,4.0,5.0,inferred
Tunbridge Wells,2021-05-06,0.0,0.0,0.0,1.0,1.0,1.0,1.0,2.0,2.0,2.0,3.0,3.0,5.0,inferred
Tunbridge Wells,2021-05-07,0.0,0.0,0.0,0.0,1.0,1.0,1.0,1.0,2.0,2.0,2.0,3.0,5.0,inferred
Tunbridge Wells,2021-05-08,0.0,0.0,0.0,0.0,0.0,1.0,1.0,1.0,1.0,2.0,2.0,3.0,4.0,inferred
Tunbridge Wells,2021-05-09,0.0,0.0,0.0,0.0,0.0,1.0,1.0,1.0,2.0,2.0,2.0,3.0,4.0,inferred
Tunbridge Wells,2021-05-10,0.0,0.0,0.0,0.0,1.0,1.0,1.0,2.0,2.0,2.0,3.0,3.0,5.0,inferred
Tunbridge Wells,2021-05-11,0.0,0.0,0.0,0.0,1.0,1.0,1.0,1.0,2.0,2.0,2.0,3.0,5.0,inferred
Tunbridge Wells,2021-05-12,0.0,0.0,0.0,0.0,1.0,1.0,1.0,2.0,2.0,2.0,3.0,3.0,5.0,inferred
Tunbridge Wells,2021-05-13,0.0,0.0,0.0,0.0,1.0,1.0,1.0,2.0,2.0,2.0,2.0,3.0,4.0,inferred
Tunbridge Wells,2021-05-14,0.0,0.0,0.0,0.0,0.0,1.0,1.0,1.0,2.0,2.0,2.0,3.0,4.0,inferred
Tunbridge Wells,2021-05-15,0.0,0.0,0.0,0.0,0.0,0.0,1.0,1.0,1.0,1.0,2.0,2.0,3.0,inferred
Tunbridge Wells,2021-05-16,0.0,0.0,0.0,0.0,0.0,1.0,1.0,1.0,1.0,2.0,2.0,3.0,4.0,inferred
Tunbridge Wells,2021-05-17,0.0,0.0,0.0,0.0,1.0,1.0,1.0,1.0,2.0,2.0,2.0,3.0,4.0,inferred
Tunbridge Wells,2021-05-18,0.0,0.0,0.0,0.0,0.0,1.0,1.0,1.0,2.0,2.0,2.0,3.0,4.0,inferred
Tunbridge Wells,2021-05-19,0.0,0.0,0.0,0.0,1.0,1.0,1.0,1.0,2.0,2.0,2.0,3.0,4.0,inferred
Tunbridge Wells,2021-05-20,0.0,0.0,0.0,0.0,1.0,1.0,1.0,1.0,2.0,2.0,2.0,3.0,5.0,inferred
Tunbridge Wells,2021-05-21,0.0,0.0,0.0,0.0,0.0,1.0,1.0,1.0,2.0,2.0,2.0,3.0,4.0,inferred
Tunbridge Wells,2021-05-22,0.0,0.0,0.0,0.0,0.0,1.0,1.0,1.0,1.0,2.0,2.0,3.0,4.0,inferred
Tunbridge Wells,2021-05-23,0.0,0.0,0.0,0.0,0.0,1.0,1.0,1.0,2.0,2.0,2.0,3.0,4.0,inferred
Tunbridge Wells,2021-05-24,0.0,0.0,0.0,0.0,1.0,1.0,1.0,2.0,2.0,2.0,2.0,3.0,5.0,inferred
Tunbridge Wells,2021-05-25,0.0,0.0,0.0,0.0,1.0,1.0,1.0,2.0,2.0,2.0,3.0,3.0,4.5,inferred
Tunbridge Wells,2021-05-26,0.0,0.0,0.0,1.0,1.0,1.0,1.0,2.0,2.0,3.0,3.0,4.0,5.0,inferred
Tunbridge Wells,2021-05-27,0.0,0.0,0.0,1.0,1.0,1.0,1.0,2.0,2.0,2.0,3.0,3.0,5.0,inferred
Tunbridge Wells,2021-05-28,0.0,0.0,0.0,0.0,1.0,1.0,1.0,2.0,2.0,2.0,3.0,3.0,5.0,inferred
Tunbridge Wells,2021-05-29,0.0,0.0,0.0,0.0,1.0,1.0,1.0,1.0,2.0,2.0,2.0,3.0,5.0,inferred
Tunbridge Wells,2021-05-30,0.0,0.0,0.0,1.0,1.0,1.0,2.0,2.0,2.0,3.0,3.0,4.0,5.0,inferred
Tunbridge Wells,2021-05-31,0.0,0.0,1.0,1.0,1.0,2.0,2.0,3.0,3.0,3.0,4.0,5.0,6.0,inferred
Tunbridge Wells,2021-06-01,0.0,1.0,1.0,1.0,2.0,2.0,2.0,3.0,3.0,4.0,4.0,5.0,7.0,inferred
Tunbridge Wells,2021-06-02,0.0,1.0,1.0,2.0,2.0,2.0,3.0,3.0,4.0,4.0,4.0,5.0,7.0,inferred
Tunbridge Wells,2021-06-03,0.0,1.0,1.0,2.0,2.0,2.0,3.0,3.0,4.0,4.0,4.2,6.0,8.0,inferred
Tunbridge Wells,2021-06-04,0.0,1.0,1.0,2.0,2.0,2.0,3.0,3.0,4.0,4.0,5.0,6.0,7.0,inferred
Tunbridge Wells,2021-06-05,0.0,1.0,1.0,1.0,2.0,2.0,2.0,3.0,3.0,4.0,4.0,5.0,7.0,inferred
Tunbridge Wells,2021-06-06,0.0,1.0,2.0,2.0,2.0,3.0,3.0,4.0,4.0,5.0,5.0,6.0,8.0,inferred
Tunbridge Wells,2021-06-07,1.0,2.0,2.0,3.0,3.0,4.0,4.0,5.0,6.0,6.0,6.0,8.0,10.0,inferred
Tunbridge Wells,2021-06-08,1.0,2.0,3.0,3.0,3.0,4.0,4.0,5.0,6.0,6.0,7.0,8.0,10.0,inferred
Tunbridge Wells,2021-06-09,1.0,2.0,3.0,3.0,4.0,4.0,5.0,6.0,6.0,7.0,7.0,9.0,11.0,inferred
Tunbridge Wells,2021-06-10,1.0,2.0,3.0,3.0,4.0,4.0,5.0,6.0,6.0,7.0,7.0,9.0,11.0,inferred
Tunbridge Wells,2021-06-11,1.0,2.0,3.0,3.0,4.0,4.0,5.0,6.0,6.0,7.0,7.0,8.0,10.0,inferred
Tunbridge Wells,2021-06-12,1.0,2.0,3.0,3.0,3.0,4.0,4.0,5.0,6.0,6.0,6.0,8.0,10.0,inferred
Tunbridge Wells,2021-06-13,1.0,3.0,3.0,4.0,4.0,5.0,5.0,6.0,7.0,8.0,8.0,9.0,12.0,inferred
Tunbridge Wells,2021-06-14,2.0,4.0,5.0,5.0,6.0,7.0,8.0,8.0,9.0,10.0,10.0,12.0,15.0,inferred
Tunbridge Wells,2021-06-15,3.0,4.0,5.0,6.0,6.0,7.0,8.0,9.0,10.0,10.0,11.0,12.1,16.0,inferred
Tunbridge Wells,2021-06-16,3.0,5.0,6.0,7.0,7.0,8.0,9.0,10.0,11.0,11.0,12.0,14.0,17.0,inferred
Tunbridge Wells,2021-06-17,3.0,5.0,6.0,7.0,7.0,8.0,9.0,10.0,11.0,12.0,12.0,14.0,17.0,inferred
Tunbridge Wells,2021-06-18,3.0,5.0,6.0,6.0,7.0,8.0,9.0,10.0,11.0,11.0,12.0,14.0,16.5,inferred
Uttlesford,2021-03-06,0.0,0.0,1.0,1.0,1.0,2.0,2.0,3.0,3.0,3.0,4.0,5.0,7.0,inferred
Uttlesford,2021-03-07,0.0,1.0,1.0,2.0,2.0,2.0,3.0,3.0,4.0,4.0,4.0,5.0,7.0,inferred
Uttlesford,2021-03-08,0.0,1.0,2.0,2.0,2.0,3.0,3.0,4.0,4.0,5.0,5.0,6.0,8.0,inferred
Uttlesford,2021-03-09,0.0,1.0,2.0,2.0,2.0,3.0,3.0,4.0,4.0,5.0,5.0,6.0,8.0,inferred
Uttlesford,2021-03-10,0.0,1.0,2.0,2.0,2.0,3.0,3.0,4.0,5.0,5.0,5.0,6.0,8.0,inferred
Uttlesford,2021-03-11,0.0,1.0,2.0,2.0,2.0,3.0,3.0,4.0,4.0,5.0,5.0,6.0,9.0,inferred
Uttlesford,2021-03-12,0.0,1.0,1.0,2.0,2.0,2.0,3.0,4.0,4.0,5.0,5.0,6.0,8.0,inferred
Uttlesford,2021-03-13,0.0,0.0,1.0,1.0,2.0,2.0,2.0,3.0,3.0,4.0,4.0,5.0,7.0,inferred
Uttlesford,2021-03-14,0.0,1.0,1.0,2.0,2.0,2.0,3.0,3.0,4.0,4.0,5.0,6.0,8.0,inferred
Uttlesford,2021-03-15,0.0,1.0,2.0,2.0,3.0,3.0,4.0,4.0,5.0,5.0,6.0,7.0,9.5,inferred
Uttlesford,2021-03-16,0.0,1.0,2.0,2.0,3.0,3.0,4.0,4.0,5.0,6.0,6.0,7.0,9.0,inferred
Uttlesford,2021-03-17,1.0,1.0,2.0,2.0,3.0,3.0,4.0,5.0,5.0,6.0,6.0,7.0,9.0,inferred
Uttlesford,2021-03-18,0.0,1.0,2.0,2.0,2.0,3.0,4.0,4.0,5.0,5.0,6.0,7.0,9.0,inferred
Uttlesford,2021-03-19,0.0,1.0,1.0,2.0,2.0,2.0,3.0,4.0,4.0,4.0,5.0,6.0,8.0,inferred
Uttlesford,2021-03-20,0.0,1.0,1.0,1.0,1.0,2.0,2.0,3.0,3.0,4.0,4.0,5.0,7.0,inferred
Uttlesford,2021-03-21,0.0,1.0,1.0,1.0,2.0,2.0,3.0,3.0,4.0,4.0,4.0,5.0,7.0,inferred
Uttlesford,2021-03-22,0.0,1.0,2.0,2.0,2.0,3.0,3.0,4.0,4.0,5.0,5.0,6.0,8.0,inferred
Uttlesford,2021-03-23,0.0,1.0,1.0,2.0,2.0,2.0,3.0,3.0,4.0,4.0,5.0,6.0,8.0,inferred
Uttlesford,2021-03-24,0.0,1.0,1.0,2.0,2.0,2.0,3.0,3.0,4.0,4.0,5.0,6.0,8.0,inferred
Uttlesford,2021-03-25,0.0,0.0,1.0,1.0,1.0,2.0,2.0,3.0,3.0,4.0,4.0,5.0,7.0,inferred
Uttlesford,2021-03-26,0.0,0.0,1.0,1.0,1.0,2.0,2.0,2.0,3.0,3.0,4.0,5.0,6.0,inferred
Uttlesford,2021-03-27,0.0,0.0,0.0,1.0,1.0,1.0,1.0,2.0,2.0,2.2,3.0,4.0,5.0,inferred
Uttlesford,2021-03-28,0.0,0.0,1.0,1.0,1.0,1.0,2.0,2.0,3.0,3.0,3.0,4.0,6.0,inferred
Uttlesford,2021-03-29,0.0,0.0,1.0,1.0,1.0,1.0,2.0,2.0,3.0,3.0,3.0,5.0,6.0,inferred
Uttlesford,2021-03-30,0.0,0.0,1.0,1.0,1.0,1.0,2.0,2.0,2.0,3.0,3.0,4.0,5.0,inferred
Uttlesford,2021-03-31,0.0,0.0,1.0,1.0,1.0,1.0,2.0,2.0,3.0,3.0,3.0,4.0,5.5,inferred
Uttlesford,2021-04-01,0.0,0.0,0.0,1.0,1.0,1.0,1.0,2.0,2.0,2.0,3.0,4.0,6.0,inferred
Uttlesford,2021-04-02,0.0,0.0,0.0,0.0,1.0,1.0,1.0,2.0,2.0,2.0,3.0,3.0,5.0,inferred
Uttlesford,2021-04-03,0.0,0.0,0.0,0.0,0.0,1.0,1.0,1.0,2.0,2.0,2.0,3.0,4.0,inferred
Uttlesford,2021-04-04,0.0,0.0,0.0,0.0,0.0,1.0,1.0,1.0,2.0,2.0,2.0,3.0,5.0,inferred
Uttlesford,2021-04-05,0.0,0.0,0.0,0.0,1.0,1.0,1.0,2.0,2.0,2.0,3.0,3.0,5.0,inferred
Uttlesford,2021-04-06,0.0,0.0,0.0,0.0,1.0,1.0,1.0,1.0,2.0,2.0,2.0,3.0,4.0,inferred
Uttlesford,2021-04-07,0.0,0.0,0.0,0.0,1.0,1.0,1.0,2.0,2.0,2.0,3.0,3.0,5.0,inferred
Uttlesford,2021-04-08,0.0,0.0,0.0,0.0,1.0,1.0,1.0,1.0,2.0,2.0,2.0,3.0,5.0,inferred
Uttlesford,2021-04-09,0.0,0.0,0.0,0.0,0.0,1.0,1.0,1.0,2.0,2.0,2.0,3.0,4.0,inferred
Uttlesford,2021-04-10,0.0,0.0,0.0,0.0,0.0,1.0,1.0,1.0,1.0,2.0,2.0,3.0,4.0,inferred
Uttlesford,2021-04-11,0.0,0.0,0.0,0.0,0.0,1.0,1.0,1.0,2.0,2.0,2.0,3.0,4.0,inferred
Uttlesford,2021-04-12,0.0,0.0,0.0,1.0,1.0,1.0,1.0,2.0,2.0,2.0,3.0,4.0,5.0,inferred
Uttlesford,2021-04-13,0.0,0.0,0.0,0.0,1.0,1.0,1.0,2.0,2.0,2.0,3.0,3.0,5.0,inferred
Uttlesford,2021-04-14,0.0,0.0,0.0,1.0,1.0,1.0,1.0,2.0,2.0,3.0,3.0,4.0,5.0,inferred
Uttlesford,2021-04-15,0.0,0.0,0.0,1.0,1.0,1.0,1.0,2.0,2.0,2.0,3.0,4.0,5.0,inferred
Uttlesford,2021-04-16,0.0,0.0,0.0,0.0,1.0,1.0,1.0,1.0,2.0,2.0,2.0,3.0,5.0,inferred
Uttlesford,2021-04-17,0.0,0.0,0.0,0.0,0.0,1.0,1.0,1.0,2.0,2.0,2.0,3.0,4.0,inferred
Uttlesford,2021-04-18,0.0,0.0,0.0,0.0,0.0,1.0,1.0,2.0,2.0,2.0,2.0,3.0,5.0,inferred
Uttlesford,2021-04-19,0.0,0.0,1.0,1.0,1.0,1.0,2.0,2.0,2.0,3.0,3.0,4.0,6.0,inferred
Uttlesford,2021-04-20,0.0,0.0,0.0,1.0,1.0,1.0,2.0,2.0,2.0,3.0,3.0,4.0,6.0,inferred
Uttlesford,2021-04-21,0.0,0.0,1.0,1.0,1.0,1.0,2.0,2.0,3.0,3.0,3.0,4.0,6.0,inferred
Uttlesford,2021-04-22,0.0,0.0,0.0,1.0,1.0,1.0,2.0,2.0,2.0,3.0,3.0,4.0,5.5,inferred
Uttlesford,2021-04-23,0.0,0.0,0.0,0.0,1.0,1.0,1.0,2.0,2.0,2.0,3.0,4.0,5.0,inferred
Uttlesford,2021-04-24,0.0,0.0,0.0,0.0,0.0,1.0,1.0,1.0,2.0,2.0,2.0,3.0,5.0,inferred
Uttlesford,2021-04-25,0.0,0.0,0.0,1.0,1.0,1.0,1.0,2.0,2.0,2.0,3.0,3.0,5.0,inferred
Uttlesford,2021-04-26,0.0,0.0,1.0,1.0,1.0,1.0,2.0,2.0,3.0,3.0,3.0,4.0,6.0,inferred
Uttlesford,2021-04-27,0.0,0.0,0.0,1.0,1.0,1.0,2.0,2.0,2.0,3.0,3.0,4.0,5.0,inferred
Uttlesford,2021-04-28,0.0,0.0,1.0,1.0,1.0,1.0,2.0,2.0,3.0,3.0,3.0,4.0,6.0,inferred
Uttlesford,2021-04-29,0.0,0.0,1.0,1.0,1.0,1.0,2.0,2.0,2.0,3.0,3.0,4.0,5.0,inferred
Uttlesford,2021-04-30,0.0,0.0,0.0,1.0,1.0,1.0,1.0,2.0,2.0,3.0,3.0,4.0,5.0,inferred
Uttlesford,2021-05-01,0.0,0.0,0.0,0.0,0.0,1.0,1.0,1.0,2.0,2.0,2.0,3.0,5.0,inferred
Uttlesford,2021-05-02,0.0,0.0,0.0,1.0,1.0,1.0,1.0,2.0,2.0,3.0,3.0,4.0,6.0,inferred
Uttlesford,2021-05-03,0.0,0.0,1.0,1.0,1.0,2.0,2.0,2.0,3.0,3.0,4.0,5.0,6.0,inferred
Uttlesford,2021-05-04,0.0,0.0,1.0,1.0,1.0,1.0,2.0,2.0,3.0,3.0,3.0,5.0,6.0,inferred
Uttlesford,2021-05-05,0.0,0.0,1.0,1.0,1.0,2.0,2.0,2.4,3.0,3.0,4.0,5.0,6.0,inferred
Uttlesford,2021-05-06,0.0,0.0,1.0,1.0,1.0,1.0,2.0,2.0,3.0,3.0,3.0,4.1,6.0,inferred
Uttlesford,2021-05-07,0.0,0.0,1.0,1.0,1.0,1.0,2.0,2.0,2.0,3.0,3.0,4.0,6.0,inferred
Uttlesford,2021-05-08,0.0,0.0,0.0,0.0,1.0,1.0,1.0,2.0,2.0,2.0,3.0,3.0,5.0,inferred
Uttlesford,2021-05-09,0.0,0.0,0.0,1.0,1.0,1.0,1.0,2.0,2.0,3.0,3.0,4.0,5.0,inferred
Uttlesford,2021-05-10,0.0,0.0,1.0,1.0,1.0,1.0,2.0,2.0,3.0,3.0,3.0,4.0,6.0,inferred
Uttlesford,2021-05-11,0.0,0.0,1.0,1.0,1.0,1.0,2.0,2.0,3.0,3.0,3.0,4.0,5.0,inferred
Uttlesford,2021-05-12,0.0,0.0,1.0,1.0,1.0,1.0,2.0,2.0,3.0,3.0,3.0,4.0,6.0,inferred
Uttlesford,2021-05-13,0.0,0.0,0.0,1.0,1.0,1.0,2.0,2.0,2.0,3.0,3.0,4.0,6.0,inferred
Uttlesford,2021-05-14,0.0,0.0,0.0,1.0,1.0,1.0,1.0,2.0,2.0,2.0,3.0,4.0,5.0,inferred
Uttlesford,2021-05-15,0.0,0.0,0.0,0.0,0.0,1.0,1.0,1.0,2.0,2.0,2.0,3.0,5.0,inferred
Uttlesford,2021-05-16,0.0,0.0,0.0,0.0,1.0,1.0,1.0,2.0,2.0,2.0,3.0,3.0,5.0,inferred
Uttlesford,2021-05-17,0.0,0.0,1.0,1.0,1.0,1.0,2.0,2.0,3.0,3.0,3.0,4.0,6.0,inferred
Uttlesford,2021-05-18,0.0,0.0,1.0,1.0,1.0,1.0,2.0,2.0,2.0,3.0,3.0,4.0,6.0,inferred
Uttlesford,2021-05-19,0.0,0.0,1.0,1.0,1.0,1.0,2.0,2.0,2.0,3.0,3.0,4.0,6.0,inferred
Uttlesford,2021-05-20,0.0,0.0,0.0,1.0,1.0,1.0,1.0,2.0,2.0,3.0,3.0,4.0,5.0,inferred
Uttlesford,2021-05-21,0.0,0.0,0.0,0.0,1.0,1.0,1.0,2.0,2.0,2.0,3.0,3.0,5.0,inferred
Uttlesford,2021-05-22,0.0,0.0,0.0,0.0,0.0,1.0,1.0,1.0,2.0,2.0,2.0,3.0,5.0,inferred
Uttlesford,2021-05-23,0.0,0.0,0.0,0.0,1.0,1.0,1.0,2.0,2.0,2.0,3.0,3.0,5.0,inferred
Uttlesford,2021-05-24,0.0,0.0,1.0,1.0,1.0,1.0,2.0,2.0,2.0,3.0,3.0,4.0,6.0,inferred
Uttlesford,2021-05-25,0.0,0.0,0.0,1.0,1.0,1.0,1.0,2.0,2.0,3.0,3.0,4.0,6.0,inferred
Uttlesford,2021-05-26,0.0,0.0,1.0,1.0,1.0,1.0,2.0,2.0,3.0,3.0,3.0,4.0,6.0,inferred
Uttlesford,2021-05-27,0.0,0.0,1.0,1.0,1.0,1.0,2.0,2.0,3.0,3.0,3.0,4.0,5.0,inferred
Uttlesford,2021-05-28,0.0,0.0,0.0,1.0,1.0,1.0,2.0,2.0,2.0,3.0,3.0,4.0,5.0,inferred
Uttlesford,2021-05-29,0.0,0.0,0.0,0.0,1.0,1.0,1.0,1.4,2.0,2.0,2.0,3.0,5.0,inferred
Uttlesford,2021-05-30,0.0,0.0,0.0,1.0,1.0,1.0,1.0,2.0,2.0,3.0,3.0,4.0,5.0,inferred
Uttlesford,2021-05-31,0.0,0.0,1.0,1.0,1.0,2.0,2.0,2.0,3.0,3.0,4.0,5.0,7.0,inferred
Uttlesford,2021-06-01,0.0,0.0,1.0,1.0,1.0,2.0,2.0,3.0,3.0,3.0,4.0,5.0,7.0,inferred
Uttlesford,2021-06-02,0.0,0.0,1.0,1.0,1.0,2.0,2.0,3.0,3.0,4.0,4.0,5.0,7.0,inferred
Uttlesford,2021-06-03,0.0,0.0,1.0,1.0,2.0,2.0,2.0,3.0,3.0,4.0,4.0,5.0,7.0,inferred
Uttlesford,2021-06-04,0.0,0.0,1.0,1.0,1.0,2.0,2.0,3.0,3.0,4.0,4.0,5.0,7.0,inferred
Uttlesford,2021-06-05,0.0,0.0,1.0,1.0,1.0,2.0,2.0,2.0,3.0,3.0,4.0,5.0,6.0,inferred
Uttlesford,2021-06-06,0.0,1.0,1.0,1.0,2.0,2.0,3.0,3.0,3.0,4.0,4.0,5.0,7.0,inferred
Uttlesford,2021-06-07,0.0,1.0,2.0,2.0,2.0,3.0,3.0,4.0,5.0,5.0,5.0,6.1,8.5,inferred
Uttlesford,2021-06-08,0.0,1.0,2.0,2.0,3.0,3.0,4.0,4.0,5.0,5.0,5.0,7.0,9.0,inferred
Uttlesford,2021-06-09,0.0,1.0,2.0,2.0,3.0,3.0,4.0,4.0,5.0,5.0,6.0,7.0,10.0,inferred
Uttlesford,2021-06-10,0.0,1.0,2.0,2.0,3.0,3.0,4.0,4.0,5.0,5.0,6.0,7.0,9.0,inferred
Uttlesford,2021-06-11,0.0,1.0,2.0,2.0,3.0,3.0,4.0,4.0,5.0,5.0,6.0,7.0,9.0,inferred
Uttlesford,2021-06-12,0.0,1.0,1.0,2.0,2.0,2.0,3.0,3.0,4.0,4.0,5.0,6.0,8.0,inferred
Uttlesford,2021-06-13,0.0,1.0,2.0,2.0,2.0,3.0,4.0,4.0,5.0,5.0,6.0,7.0,8.5,inferred
Uttlesford,2021-06-14,1.0,2.0,3.0,3.0,3.0,4.0,4.5,5.0,6.0,6.0,7.0,8.0,10.0,inferred
Uttlesford,2021-06-15,1.0,2.0,2.0,3.0,3.0,4.0,4.0,5.0,6.0,6.0,6.0,8.0,10.0,inferred
Uttlesford,2021-06-16,1.0,2.0,3.0,3.0,4.0,4.0,5.0,6.0,7.0,7.0,8.0,9.0,11.0,inferred
Uttlesford,2021-06-17,1.0,2.0,3.0,3.0,3.0,4.0,5.0,5.0,6.0,7.0,7.0,9.0,11.0,inferred
Uttlesford,2021-06-18,0.0,2.0,2.0,3.0,3.0,4.0,4.0,5.0,6.0,6.0,7.0,8.0,11.0,inferred
Vale of Glamorgan,2021-03-06,1.0,2.0,2.0,3.0,3.0,4.0,4.0,5.0,5.0,6.0,6.0,7.0,10.0,inferred
Vale of Glamorgan,2021-03-07,1.0,2.0,3.0,3.0,3.0,4.0,5.0,5.0,6.0,7.0,7.0,8.0,11.0,inferred
Vale of Glamorgan,2021-03-08,2.0,4.0,5.0,5.0,6.0,7.0,7.0,8.0,9.0,10.0,10.0,12.0,15.5,inferred
Vale of Glamorgan,2021-03-09,2.0,3.0,4.0,5.0,5.0,6.0,7.0,8.0,9.0,9.0,10.0,11.0,14.0,inferred
Vale of Glamorgan,2021-03-10,2.0,4.0,5.0,6.0,6.0,7.0,8.0,9.0,10.0,10.0,11.0,13.0,17.0,inferred
Vale of Glamorgan,2021-03-11,2.0,4.0,5.0,6.0,6.0,7.0,8.0,8.0,9.0,10.0,11.0,12.0,15.0,inferred
Vale of Glamorgan,2021-03-12,1.0,3.0,4.0,5.0,5.0,6.0,7.0,7.0,8.0,9.0,9.0,11.0,14.0,inferred
Vale of Glamorgan,2021-03-13,1.0,2.0,3.0,3.0,4.0,5.0,5.0,6.0,7.0,7.0,8.0,9.0,12.0,inferred
Vale of Glamorgan,2021-03-14,1.0,2.0,3.0,4.0,4.0,5.0,5.0,6.0,7.0,7.0,8.0,9.0,12.0,inferred
Vale of Glamorgan,2021-03-15,2.0,3.0,5.0,5.0,6.0,6.0,7.0,8.0,9.0,9.0,10.0,12.0,15.0,inferred
Vale of Glamorgan,2021-03-16,2.0,3.0,4.0,4.0,5.0,5.0,6.0,7.0,8.0,8.0,9.0,10.0,13.0,inferred
Vale of Glamorgan,2021-03-17,2.0,3.0,4.0,4.0,5.0,6.0,7.0,8.0,8.0,9.0,10.0,11.0,15.0,inferred
Vale of Glamorgan,2021-03-18,1.5,3.0,4.0,4.0,5.0,5.0,6.0,7.0,8.0,8.2,9.0,11.0,13.0,inferred
Vale of Glamorgan,2021-03-19,1.0,2.0,3.0,3.0,4.0,4.0,5.0,6.0,6.3,7.0,8.0,9.0,12.0,inferred
Vale of Glamorgan,2021-03-20,0.0,1.0,2.0,2.0,3.0,3.0,4.0,4.0,5.0,5.0,6.0,7.0,10.0,inferred
Vale of Glamorgan,2021-03-21,0.0,1.0,2.0,2.0,3.0,3.0,4.0,4.0,5.0,6.0,6.0,7.0,10.0,inferred
Vale of Glamorgan,2021-03-22,1.0,2.0,3.0,3.0,4.0,4.0,5.0,6.0,7.0,7.0,8.0,9.0,12.0,inferred
Vale of Glamorgan,2021-03-23,1.0,2.0,2.0,3.0,3.0,4.0,4.0,5.0,6.0,6.0,7.0,8.0,11.0,inferred
Vale of Glamorgan,2021-03-24,1.0,2.0,3.0,3.0,3.0,4.0,5.0,5.0,6.0,7.0,7.0,8.0,11.0,inferred
Vale of Glamorgan,2021-03-25,1.0,2.0,2.0,3.0,3.0,4.0,4.0,5.0,6.0,6.0,7.0,8.0,10.0,inferred
Vale of Glamorgan,2021-03-26,0.0,1.0,2.0,2.0,2.0,3.0,3.0,4.0,5.0,5.0,6.0,7.0,9.0,inferred
Vale of Glamorgan,2021-03-27,0.0,0.0,1.0,1.0,2.0,2.0,3.0,3.0,4.0,4.0,4.0,6.0,8.0,inferred
Vale of Glamorgan,2021-03-28,0.0,1.0,1.0,1.0,2.0,2.0,3.0,3.0,4.0,4.0,4.0,6.0,7.0,inferred
Vale of Glamorgan,2021-03-29,0.0,1.0,2.0,2.0,2.0,3.0,4.0,4.0,5.0,5.0,6.0,7.0,9.0,inferred
Vale of Glamorgan,2021-03-30,0.0,1.0,1.0,2.0,2.0,3.0,3.0,3.0,4.0,5.0,5.0,6.0,8.0,inferred
Vale of Glamorgan,2021-03-31,0.0,1.0,1.0,2.0,2.0,3.0,3.0,4.0,4.0,5.0,5.0,6.0,9.0,inferred
Vale of Glamorgan,2021-04-01,0.0,1.0,1.0,2.0,2.0,3.0,3.0,4.0,4.0,5.0,5.0,6.0,9.0,inferred
Vale of Glamorgan,2021-04-02,0.0,0.0,1.0,1.0,2.0,2.0,2.0,3.0,4.0,4.0,4.0,5.0,7.0,inferred
Vale of Glamorgan,2021-04-03,0.0,0.0,1.0,1.0,1.0,1.0,2.0,2.0,3.0,3.0,3.0,4.0,6.0,inferred
Vale of Glamorgan,2021-04-04,0.0,0.0,1.0,1.0,1.0,2.0,2.0,2.0,3.0,3.0,4.0,5.0,6.0,inferred
Vale of Glamorgan,2021-04-05,0.0,1.0,1.0,1.0,2.0,2.0,3.0,3.0,4.0,4.0,5.0,6.0,8.0,inferred
Vale of Glamorgan,2021-04-06,0.0,0.0,1.0,1.0,1.0,2.0,2.0,3.0,3.0,4.0,4.0,5.0,7.0,inferred
Vale of Glamorgan,2021-04-07,0.0,0.0,1.0,1.0,2.0,2.0,2.0,3.0,4.0,4.0,4.0,6.0,7.0,inferred
Vale of Glamorgan,2021-04-08,0.0,0.0,1.0,1.0,1.0,2.0,2.0,3.0,3.0,4.0,4.0,5.0,7.0,inferred
Vale of Glamorgan,2021-04-09,0.0,0.0,1.0,1.0,1.0,1.0,2.0,2.0,3.0,3.0,4.0,5.0,6.0,inferred
Vale of Glamorgan,2021-04-10,0.0,0.0,0.0,0.0,1.0,1.0,1.0,2.0,2.0,2.0,3.0,4.0,5.0,inferred
Vale of Glamorgan,2021-04-11,0.0,0.0,0.0,1.0,1.0,1.0,1.0,2.0,2.0,3.0,3.0,4.0,6.0,inferred
Vale of Glamorgan,2021-04-12,0.0,0.0,1.0,1.0,1.0,2.0,2.0,2.0,3.0,3.0,4.0,5.0,6.0,inferred
Vale of Glamorgan,2021-04-13,0.0,0.0,1.0,1.0,1.0,1.0,2.0,2.0,3.0,3.0,3.0,4.0,6.0,inferred
Vale of Glamorgan,2021-04-14,0.0,0.0,1.0,1.0,1.0,1.0,2.0,2.0,3.0,3.0,3.0,4.0,6.0,inferred
Vale of Glamorgan,2021-04-15,0.0,0.0,1.0,1.0,1.0,1.0,2.0,2.0,3.0,3.0,3.0,4.0,6.0,inferred
Vale of Glamorgan,2021-04-16,0.0,0.0,0.0,0.0,1.0,1.0,1.0,2.0,2.0,2.0,3.0,4.0,5.0,inferred
Vale of Glamorgan,2021-04-17,0.0,0.0,0.0,0.0,0.0,1.0,1.0,1.0,2.0,2.0,2.0,3.0,5.0,inferred
Vale of Glamorgan,2021-04-18,0.0,0.0,0.0,0.0,0.0,1.0,1.0,1.0,2.0,2.0,2.0,3.0,5.0,inferred
Vale of Glamorgan,2021-04-19,0.0,0.0,0.0,1.0,1.0,1.0,1.0,2.0,2.0,3.0,3.0,4.0,6.0,inferred
Vale of Glamorgan,2021-04-20,0.0,0.0,0.0,0.0,0.0,1.0,1.0,1.0,2.0,2.0,3.0,3.0,5.0,inferred
Vale of Glamorgan,2021-04-21,0.0,0.0,0.0,0.0,1.0,1.0,1.0,2.0,2.0,2.0,3.0,4.0,5.0,inferred
Vale of Glamorgan,2021-04-22,0.0,0.0,0.0,0.0,1.0,1.0,1.0,2.0,2.0,2.0,3.0,4.0,5.0,inferred
Vale of Glamorgan,2021-04-23,0.0,0.0,0.0,0.0,0.0,1.0,1.0,1.0,2.0,2.0,2.0,3.0,5.0,inferred
Vale of Glamorgan,2021-04-24,0.0,0.0,0.0,0.0,0.0,0.0,1.0,1.0,1.0,1.0,2.0,2.0,4.0,inferred
Vale of Glamorgan,2021-04-25,0.0,0.0,0.0,0.0,0.0,0.0,1.0,1.0,1.0,2.0,2.0,3.0,4.0,inferred
Vale of Glamorgan,2021-04-26,0.0,0.0,0.0,0.0,0.0,1.0,1.0,1.0,2.0,2.0,2.0,3.0,5.0,inferred
Vale of Glamorgan,2021-04-27,0.0,0.0,0.0,0.0,0.0,1.0,1.0,1.0,2.0,2.0,2.0,3.0,4.0,inferred
Vale of Glamorgan,2021-04-28,0.0,0.0,0.0,0.0,0.0,1.0,1.0,1.0,2.0,2.0,2.0,3.0,5.0,inferred
Vale of Glamorgan,2021-04-29,0.0,0.0,0.0,0.0,0.0,1.0,1.0,1.0,2.0,2.0,2.0,3.0,5.0,inferred
Vale of Glamorgan,2021-04-30,0.0,0.0,0.0,0.0,0.0,1.0,1.0,1.0,2.0,2.0,2.0,3.0,4.5,inferred
Vale of Glamorgan,2021-05-01,0.0,0.0,0.0,0.0,0.0,0.0,1.0,1.0,1.0,1.0,2.0,2.0,4.0,inferred
Vale of Glamorgan,2021-05-02,0.0,0.0,0.0,0.0,0.0,0.0,1.0,1.0,1.0,1.0,2.0,2.0,4.0,inferred
Vale of Glamorgan,2021-05-03,0.0,0.0,0.0,0.0,0.0,1.0,1.0,1.0,2.0,2.0,2.0,3.0,4.0,inferred
Vale of Glamorgan,2021-05-04,0.0,0.0,0.0,0.0,0.0,1.0,1.0,1.0,2.0,2.0,2.0,3.0,5.0,inferred
Vale of Glamorgan,2021-05-05,0.0,0.0,0.0,0.0,0.0,1.0,1.0,1.0,2.0,2.0,2.0,3.0,5.0,inferred
Vale of Glamorgan,2021-05-06,0.0,0.0,0.0,0.0,0.0,1.0,1.0,1.0,2.0,2.0,2.0,3.0,5.0,inferred
Vale of Glamorgan,2021-05-07,0.0,0.0,0.0,0.0,0.0,1.0,1.0,1.0,2.0,2.0,2.0,3.0,5.0,inferred
Vale of Glamorgan,2021-05-08,0.0,0.0,0.0,0.0,0.0,0.0,1.0,1.0,1.0,2.0,2.0,3.0,4.0,inferred
Vale of Glamorgan,2021-05-09,0.0,0.0,0.0,0.0,0.0,1.0,1.0,1.0,2.0,2.0,2.0,3.0,4.0,inferred
Vale of Glamorgan,2021-05-10,0.0,0.0,0.0,0.0,1.0,1.0,1.0,2.0,2.0,2.0,3.0,4.0,5.0,inferred
Vale of Glamorgan,2021-05-11,0.0,0.0,0.0,0.0,0.0,1.0,1.0,1.0,2.0,2.0,2.0,3.0,5.0,inferred
Vale of Glamorgan,2021-05-12,0.0,0.0,0.0,0.0,1.0,1.0,1.0,2.0,2.0,2.0,3.0,4.0,5.0,inferred
Vale of Glamorgan,2021-05-13,0.0,0.0,0.0,0.0,1.0,1.0,1.0,2.0,2.0,2.0,3.0,4.0,5.0,inferred
Vale of Glamorgan,2021-05-14,0.0,0.0,0.0,0.0,0.0,1.0,1.0,1.0,2.0,2.0,2.0,3.0,5.0,inferred
Vale of Glamorgan,2021-05-15,0.0,0.0,0.0,0.0,0.0,1.0,1.0,1.0,1.0,2.0,2.0,3.0,4.0,inferred
Vale of Glamorgan,2021-05-16,0.0,0.0,0.0,0.0,0.0,1.0,1.0,1.0,2.0,2.0,2.0,3.0,4.0,inferred
Vale of Glamorgan,2021-05-17,0.0,0.0,0.0,0.0,1.0,1.0,1.0,2.0,2.0,2.0,3.0,3.0,5.0,inferred
Vale of Glamorgan,2021-05-18,0.0,0.0,0.0,0.0,0.0,1.0,1.0,1.0,2.0,2.0,2.0,3.0,5.0,inferred
Vale of Glamorgan,2021-05-19,0.0,0.0,0.0,0.0,1.0,1.0,1.0,2.0,2.0,2.0,3.0,3.0,5.0,inferred
Vale of Glamorgan,2021-05-20,0.0,0.0,0.0,0.0,0.0,1.0,1.0,1.0,2.0,2.0,2.0,3.0,5.0,inferred
Vale of Glamorgan,2021-05-21,0.0,0.0,0.0,0.0,0.0,1.0,1.0,1.0,2.0,2.0,2.0,3.0,5.0,inferred
Vale of Glamorgan,2021-05-22,0.0,0.0,0.0,0.0,0.0,0.0,1.0,1.0,1.0,1.0,2.0,2.1,4.0,inferred
Vale of Glamorgan,2021-05-23,0.0,0.0,0.0,0.0,0.0,0.0,1.0,1.0,1.0,2.0,2.0,3.0,4.0,inferred
Vale of Glamorgan,2021-05-24,0.0,0.0,0.0,0.0,0.0,1.0,1.0,1.0,2.0,2.0,2.0,3.0,5.0,inferred
Vale of Glamorgan,2021-05-25,0.0,0.0,0.0,0.0,0.0,1.0,1.0,1.0,2.0,2.0,2.0,3.0,4.0,inferred
Vale of Glamorgan,2021-05-26,0.0,0.0,0.0,0.0,0.0,1.0,1.0,1.0,2.0,2.0,2.0,3.0,5.0,inferred
Vale of Glamorgan,2021-05-27,0.0,0.0,0.0,0.0,0.0,1.0,1.0,1.0,2.0,2.0,2.0,3.0,5.0,inferred
Vale of Glamorgan,2021-05-28,0.0,0.0,0.0,0.0,0.0,1.0,1.0,1.0,2.0,2.0,2.0,3.0,4.0,inferred
Vale of Glamorgan,2021-05-29,0.0,0.0,0.0,0.0,0.0,0.0,1.0,1.0,1.0,1.0,2.0,3.0,4.0,inferred
Vale of Glamorgan,2021-05-30,0.0,0.0,0.0,0.0,0.0,0.0,1.0,1.0,1.0,2.0,2.0,3.0,4.0,inferred
Vale of Glamorgan,2021-05-31,0.0,0.0,0.0,0.0,1.0,1.0,1.0,1.0,2.0,2.0,2.0,3.0,5.0,inferred
Vale of Glamorgan,2021-06-01,0.0,0.0,0.0,0.0,0.0,1.0,1.0,1.0,2.0,2.0,2.0,3.0,5.0,inferred
Vale of Glamorgan,2021-06-02,0.0,0.0,0.0,1.0,1.0,1.0,2.0,2.0,2.0,3.0,3.0,4.0,6.0,inferred
Vale of Glamorgan,2021-06-03,0.0,0.0,1.0,1.0,1.0,1.0,2.0,2.0,3.0,3.0,3.0,4.0,6.0,inferred
Vale of Glamorgan,2021-06-04,0.0,0.0,1.0,1.0,1.0,1.0,2.0,2.0,3.0,3.0,3.0,4.0,6.0,inferred
Vale of Glamorgan,2021-06-05,0.0,0.0,1.0,1.0,1.0,1.0,2.0,2.0,3.0,3.0,3.0,4.0,6.0,inferred
Vale of Glamorgan,2021-06-06,0.0,0.0,1.0,1.0,1.0,1.0,2.0,2.0,3.0,3.0,4.0,5.0,7.0,inferred
Vale of Glamorgan,2021-06-07,0.0,1.0,2.0,2.0,2.0,3.0,3.0,4.0,4.0,5.0,5.0,6.0,9.0,inferred
Vale of Glamorgan,2021-06-08,0.0,1.0,1.0,2.0,2.0,2.0,3.0,4.0,4.0,5.0,5.0,7.0,9.0,inferred
Vale of Glamorgan,2021-06-09,0.0,1.0,2.0,2.0,3.0,3.0,4.0,5.0,5.0,6.0,6.0,8.0,10.0,inferred
Vale of Glamorgan,2021-06-10,1.0,2.0,3.0,3.0,3.0,4.0,5.0,5.0,6.0,7.0,7.0,8.0,11.0,inferred
Vale of Glamorgan,2021-06-11,1.0,2.0,3.0,3.0,3.0,4.0,4.0,5.0,6.0,6.0,7.0,8.0,11.0,inferred
Vale of Glamorgan,2021-06-12,0.5,1.0,2.0,3.0,3.0,3.0,4.0,5.0,5.0,6.0,6.0,8.0,10.0,inferred
Vale of Glamorgan,2021-06-13,1.0,2.0,3.0,3.0,4.0,4.0,5.0,6.0,6.0,7.0,8.0,9.0,12.0,inferred
Vale of Glamorgan,2021-06-14,2.0,4.0,5.0,6.0,6.0,7.0,8.0,9.0,10.0,10.0,11.0,13.0,16.0,inferred
Vale of Glamorgan,2021-06-15,2.0,4.0,5.0,5.0,6.0,7.0,8.0,8.0,9.0,10.0,11.0,13.0,15.0,inferred
Vale of Glamorgan,2021-06-16,3.0,5.0,6.0,7.0,7.0,8.0,9.0,10.0,11.0,12.0,12.0,14.0,18.0,inferred
Vale of Glamorgan,2021-06-17,3.0,5.0,7.0,7.0,8.0,9.0,10.0,11.0,12.0,12.0,13.0,15.0,19.0,inferred
Vale of Glamorgan,2021-06-18,3.0,5.0,6.0,6.0,7.0,8.0,9.0,10.0,11.0,12.0,12.0,14.0,18.5,inferred
Vale of White Horse,2021-03-06,1.0,2.0,3.0,4.0,4.0,5.0,5.0,6.0,7.0,7.0,8.0,9.0,12.0,inferred
Vale of White Horse,2021-03-07,1.0,3.0,4.0,4.0,5.0,5.0,6.0,7.0,8.0,8.0,9.0,11.0,13.0,inferred
Vale of White Horse,2021-03-08,3.0,4.0,5.0,6.0,6.0,7.0,8.0,9.0,9.0,10.0,11.0,12.0,16.0,inferred
Vale of White Horse,2021-03-09,2.0,4.0,5.0,5.0,6.0,7.0,8.0,8.0,9.0,10.0,11.0,12.0,15.0,inferred
Vale of White Horse,2021-03-10,3.0,4.0,5.0,6.0,6.0,7.0,8.0,9.0,10.0,10.0,11.0,13.0,16.0,inferred
Vale of White Horse,2021-03-11,2.0,4.0,5.0,5.0,6.0,7.0,7.5,8.0,9.0,10.0,11.0,12.0,15.0,inferred
Vale of White Horse,2021-03-12,2.0,3.0,4.0,5.0,5.0,6.0,6.0,7.0,8.0,9.0,9.0,11.0,14.0,inferred
Vale of White Horse,2021-03-13,1.0,2.0,3.0,3.0,4.0,5.0,5.0,6.0,7.0,7.0,8.0,9.0,12.0,inferred
Vale of White Horse,2021-03-14,2.0,3.0,4.0,4.0,5.0,5.6,6.0,7.0,8.0,8.0,9.0,11.0,13.0,inferred
Vale of White Horse,2021-03-15,2.0,4.0,5.0,5.0,6.0,7.0,8.0,9.0,10.0,10.0,11.0,13.0,16.0,inferred
Vale of White Horse,2021-03-16,2.0,4.0,5.0,6.0,6.0,7.0,7.0,8.0,9.0,10.0,10.2,12.0,15.0,inferred
Vale of White Horse,2021-03-17,2.0,4.0,5.0,6.0,6.0,7.0,8.0,9.0,10.0,10.0,11.0,13.0,16.0,inferred
Vale of White Horse,2021-03-18,2.0,3.0,5.0,5.0,6.0,6.0,7.0,8.0,9.0,10.0,10.0,12.0,14.0,inferred
Vale of White Horse,2021-03-19,1.0,3.0,4.0,4.0,5.0,5.0,6.0,7.0,8.0,8.0,9.0,11.0,13.0,inferred
Vale of White Horse,2021-03-20,1.0,2.0,3.0,3.0,4.0,4.0,5.0,6.0,7.0,7.0,8.0,9.0,12.0,inferred
Vale of White Horse,2021-03-21,1.0,2.0,4.0,4.0,4.0,5.0,6.0,7.0,8.0,8.0,9.0,10.0,13.0,inferred
Vale of White Horse,2021-03-22,1.0,3.0,4.0,5.0,5.0,6.0,7.0,8.0,9.0,9.0,10.0,12.0,14.0,inferred
Vale of White Horse,2021-03-23,2.0,3.0,4.0,5.0,5.0,6.0,7.0,7.0,8.0,9.0,10.0,11.0,14.0,inferred
Vale of White Horse,2021-03-24,2.0,3.0,4.0,5.0,5.0,6.0,7.0,8.0,8.0,9.0,10.0,12.0,14.0,inferred
Vale of White Horse,2021-03-25,1.0,3.0,4.0,4.0,4.0,5.0,6.0,7.0,8.0,8.0,9.0,10.1,13.0,inferred
Vale of White Horse,2021-03-26,1.0,2.0,3.0,3.0,4.0,4.0,5.0,6.0,7.0,7.0,8.0,9.0,11.0,inferred
Vale of White Horse,2021-03-27,0.0,1.0,2.0,3.0,3.0,4.0,4.0,5.0,6.0,6.0,7.0,8.0,10.0,inferred
Vale of White Horse,2021-03-28,1.0,2.0,3.0,3.0,3.0,4.0,5.0,6.0,6.0,7.0,7.0,9.0,11.5,inferred
Vale of White Horse,2021-03-29,1.0,3.0,3.0,4.0,4.0,5.0,6.0,7.0,8.0,8.0,9.0,10.0,12.0,inferred
Vale of White Horse,2021-03-30,1.0,2.0,3.0,4.0,4.0,5.0,5.0,6.0,7.0,7.0,8.0,9.0,12.0,inferred
Vale of White Horse,2021-03-31,1.0,2.0,3.0,4.0,4.0,5.0,5.0,6.0,7.0,8.0,8.0,10.0,13.0,inferred
Vale of White Horse,2021-04-01,1.0,2.0,3.0,3.0,4.0,4.0,5.0,5.0,6.0,7.0,7.0,9.0,11.0,inferred
Vale of White Horse,2021-04-02,0.0,1.0,2.0,2.0,3.0,3.0,4.0,4.0,5.0,5.0,6.0,8.0,10.0,inferred
Vale of White Horse,2021-04-03,0.0,1.0,1.0,2.0,2.0,2.0,3.0,4.0,4.0,5.0,5.0,6.0,9.0,inferred
Vale of White Horse,2021-04-04,0.0,1.0,2.0,2.0,2.0,3.0,3.0,4.0,5.0,5.0,6.0,7.0,9.0,inferred
Vale of White Horse,2021-04-05,0.0,1.0,2.0,3.0,3.0,4.0,4.0,5.0,6.0,6.0,6.2,8.0,10.0,inferred
Vale of White Horse,2021-04-06,0.0,1.0,2.0,2.0,3.0,3.0,4.0,5.0,5.0,6.0,6.0,8.0,10.0,inferred
Vale of White Horse,2021-04-07,0.0,1.0,2.0,2.0,3.0,3.6,4.0,5.0,6.0,6.0,6.0,8.0,10.0,inferred
Vale of White Horse,2021-04-08,0.0,1.0,2.0,2.0,3.0,3.0,4.0,4.0,5.0,5.0,6.0,7.0,10.0,inferred
Vale of White Horse,2021-04-09,0.0,1.0,2.0,2.0,2.0,3.0,3.0,4.0,4.0,5.0,5.0,7.0,9.0,inferred
Vale of White Horse,2021-04-10,0.0,1.0,1.0,1.0,2.0,2.0,3.0,3.0,4.0,4.0,5.0,6.0,8.0,inferred
Vale of White Horse,2021-04-11,0.0,1.0,1.0,2.0,2.0,3.0,3.0,4.0,4.0,5.0,5.0,6.1,9.0,inferred
Vale of White Horse,2021-04-12,0.0,1.0,2.0,2.0,3.0,3.0,4.0,4.0,5.0,6.0,6.0,8.0,10.0,inferred
Vale of White Horse,2021-04-13,0.0,1.0,2.0,2.0,2.0,3.0,4.0,4.0,5.0,5.0,6.0,7.0,9.0,inferred
Vale of White Horse,2021-04-14,0.0,1.0,2.0,2.0,3.0,3.0,4.0,4.0,5.0,5.0,6.0,7.0,9.0,inferred
Vale of White Horse,2021-04-15,0.0,1.0,2.0,2.0,2.0,3.0,3.0,4.0,5.0,5.0,6.0,7.0,9.0,inferred
Vale of White Horse,2021-04-16,0.0,1.0,1.0,2.0,2.0,2.0,3.0,3.0,4.0,4.0,5.0,6.0,8.0,inferred
Vale of White Horse,2021-04-17,0.0,0.0,1.0,1.0,1.0,2.0,2.0,3.0,3.0,4.0,4.0,5.0,7.0,inferred
Vale of White Horse,2021-04-18,0.0,1.0,1.0,2.0,2.0,2.0,3.0,3.0,4.0,4.0,5.0,6.0,8.0,inferred
Vale of White Horse,2021-04-19,0.0,1.0,2.0,2.0,2.0,3.0,3.0,4.0,5.0,5.0,6.0,7.0,9.0,inferred
Vale of White Horse,2021-04-20,0.0,1.0,2.0,2.0,2.0,3.0,3.0,4.0,5.0,5.0,5.0,7.0,9.0,inferred
Vale of White Horse,2021-04-21,0.0,1.0,2.0,2.0,2.0,3.0,3.0,4.0,5.0,5.0,6.0,7.0,9.0,inferred
Vale of White Horse,2021-04-22,0.0,1.0,1.0,2.0,2.0,3.0,3.0,4.0,4.0,5.0,5.0,6.0,8.0,inferred
Vale of White Horse,2021-04-23,0.0,0.0,1.0,1.0,2.0,2.0,2.0,3.0,4.0,4.0,4.0,6.0,8.0,inferred
Vale of White Horse,2021-04-24,0.0,0.0,1.0,1.0,1.0,1.0,2.0,2.0,3.0,3.0,4.0,5.0,7.0,inferred
Vale of White Horse,2021-04-25,0.0,0.0,1.0,1.0,1.0,2.0,2.0,3.0,3.0,4.0,4.0,5.0,7.0,inferred
Vale of White Horse,2021-04-26,0.0,1.0,1.0,1.0,2.0,2.0,3.0,3.0,4.0,4.0,5.0,6.0,8.0,inferred
Vale of White Horse,2021-04-27,0.0,1.0,1.0,2.0,2.0,2.0,3.0,3.0,4.0,4.0,5.0,6.0,8.0,inferred
Vale of White Horse,2021-04-28,0.0,1.0,1.0,2.0,2.0,2.0,3.0,3.0,4.0,4.0,5.0,6.0,8.0,inferred
Vale of White Horse,2021-04-29,0.0,0.0,1.0,1.0,1.0,2.0,2.0,3.0,4.0,4.0,4.0,5.0,7.0,inferred
Vale of White Horse,2021-04-30,0.0,0.0,1.0,1.0,1.0,2.0,2.0,2.0,3.0,3.0,4.0,5.0,7.0,inferred
Vale of White Horse,2021-05-01,0.0,0.0,0.0,1.0,1.0,1.0,2.0,2.0,2.0,3.0,3.0,4.0,5.5,inferred
Vale of White Horse,2021-05-02,0.0,0.0,1.0,1.0,1.0,1.0,2.0,2.0,3.0,3.0,3.0,4.0,6.0,inferred
Vale of White Horse,2021-05-03,0.0,0.0,1.0,1.0,1.0,2.0,2.0,3.0,3.0,4.0,4.0,5.0,7.0,inferred
Vale of White Horse,2021-05-04,0.0,0.0,1.0,1.0,1.0,2.0,2.0,2.0,3.0,3.0,4.0,5.0,7.0,inferred
Vale of White Horse,2021-05-05,0.0,0.0,1.0,1.0,1.0,2.0,2.0,3.0,3.0,3.0,4.0,5.0,7.0,inferred
Vale of White Horse,2021-05-06,0.0,0.0,1.0,1.0,1.0,1.6,2.0,2.0,3.0,3.0,3.0,5.0,6.0,inferred
Vale of White Horse,2021-05-07,0.0,0.0,0.0,1.0,1.0,1.0,2.0,2.0,3.0,3.0,3.0,4.0,6.0,inferred
Vale of White Horse,2021-05-08,0.0,0.0,0.0,0.0,1.0,1.0,1.0,2.0,2.0,2.0,3.0,3.0,5.0,inferred
Vale of White Horse,2021-05-09,0.0,0.0,0.0,1.0,1.0,1.0,2.0,2.0,2.3,3.0,3.0,4.0,6.0,inferred
Vale of White Horse,2021-05-10,0.0,0.0,1.0,1.0,1.0,1.0,2.0,2.0,3.0,3.0,3.0,4.0,6.0,inferred
Vale of White Horse,2021-05-11,0.0,0.0,1.0,1.0,1.0,1.0,2.0,2.0,3.0,3.0,3.0,5.0,6.0,inferred
Vale of White Horse,2021-05-12,0.0,0.0,1.0,1.0,1.0,1.0,2.0,2.0,3.0,3.0,3.0,4.0,7.0,inferred
Vale of White Horse,2021-05-13,0.0,0.0,0.0,1.0,1.0,1.0,2.0,2.0,3.0,3.0,3.0,4.0,6.0,inferred
Vale of White Horse,2021-05-14,0.0,0.0,0.0,1.0,1.0,1.0,2.0,2.0,2.0,3.0,3.0,4.0,5.0,inferred
Vale of White Horse,2021-05-15,0.0,0.0,0.0,0.0,0.0,1.0,1.0,2.0,2.0,2.0,3.0,3.0,5.0,inferred
Vale of White Horse,2021-05-16,0.0,0.0,0.0,1.0,1.0,1.0,1.0,2.0,2.0,3.0,3.0,4.0,5.0,inferred
Vale of White Horse,2021-05-17,0.0,0.0,1.0,1.0,1.0,1.0,2.0,2.0,3.0,3.0,3.0,4.0,7.0,inferred
Vale of White Horse,2021-05-18,0.0,0.0,1.0,1.0,1.0,1.0,2.0,2.0,3.0,3.0,4.0,5.0,7.0,inferred
Vale of White Horse,2021-05-19,0.0,0.0,1.0,1.0,1.0,2.0,2.0,3.0,3.0,4.0,4.0,5.0,7.0,inferred
Vale of White Horse,2021-05-20,0.0,0.0,1.0,1.0,1.0,2.0,2.0,3.0,3.0,4.0,4.0,5.0,7.0,inferred
Vale of White Horse,2021-05-21,0.0,0.0,1.0,1.0,1.0,2.0,2.0,3.0,3.0,4.0,4.0,5.0,7.0,inferred
Vale of White Horse,2021-05-22,0.0,0.0,1.0,1.0,1.0,2.0,2.0,3.0,3.0,3.0,4.0,5.0,7.0,inferred
Vale of White Horse,2021-05-23,0.0,1.0,1.0,2.0,2.0,2.0,3.0,3.0,4.0,4.0,5.0,6.0,8.0,inferred
Vale of White Horse,2021-05-24,0.0,1.0,2.0,2.0,3.0,3.0,4.0,5.0,5.0,6.0,6.0,7.0,10.0,inferred
Vale of White Horse,2021-05-25,0.0,1.0,2.0,3.0,3.0,4.0,4.0,5.0,6.0,6.0,6.0,8.0,11.0,inferred
Vale of White Horse,2021-05-26,1.0,2.0,3.0,3.0,4.0,4.0,5.0,6.0,7.0,7.0,8.0,9.0,12.0,inferred
Vale of White Horse,2021-05-27,1.0,2.0,3.0,4.0,4.0,5.0,5.0,6.0,7.0,7.0,8.0,9.0,12.0,inferred
Vale of White Horse,2021-05-28,1.0,2.0,3.0,3.0,4.0,4.0,5.0,6.0,7.0,7.0,8.0,9.0,11.0,inferred
Vale of White Horse,2021-05-29,1.0,2.0,3.0,3.0,3.0,4.0,5.0,5.0,6.0,6.0,7.0,8.0,11.0,inferred
Vale of White Horse,2021-05-30,1.0,3.0,3.0,4.0,4.0,5.0,6.0,6.0,7.0,8.0,8.0,10.0,12.0,inferred
Vale of White Horse,2021-05-31,2.0,4.0,5.0,6.0,6.0,7.0,8.0,9.0,10.0,10.0,11.0,12.1,15.0,inferred
Vale of White Horse,2021-06-01,2.0,4.0,5.0,6.0,6.0,7.0,8.0,9.0,10.0,10.0,11.0,13.0,16.0,inferred
Vale of White Horse,2021-06-02,3.0,4.0,6.0,6.0,7.0,7.0,8.0,9.0,10.0,11.0,12.0,13.0,16.0,inferred
Vale of White Horse,2021-06-03,2.0,4.0,5.0,6.0,6.0,7.0,8.0,9.0,10.0,10.0,11.0,13.0,16.0,inferred
Vale of White Horse,2021-06-04,2.0,3.0,4.0,5.0,5.0,6.0,7.0,7.0,8.0,9.0,9.0,11.0,14.0,inferred
Vale of White Horse,2021-06-05,1.0,2.0,3.0,4.0,4.0,5.0,6.0,6.0,7.0,8.0,8.0,10.0,12.0,inferred
Vale of White Horse,2021-06-06,2.0,3.0,4.0,5.0,5.0,5.0,6.0,7.0,8.0,9.0,9.0,11.0,14.0,inferred
Vale of White Horse,2021-06-07,3.0,4.0,5.0,6.0,6.0,7.0,8.0,9.0,10.0,10.0,11.0,13.0,17.0,inferred
Vale of White Horse,2021-06-08,2.0,4.0,5.0,6.0,6.0,7.0,8.0,9.0,10.0,10.0,11.0,13.0,15.0,inferred
Vale of White Horse,2021-06-09,3.0,4.0,6.0,6.0,7.0,7.0,8.0,9.0,10.0,11.0,12.0,13.0,16.0,inferred
Vale of White Horse,2021-06-10,2.0,4.0,5.0,6.0,6.0,7.0,8.0,9.0,10.0,10.0,11.0,13.0,16.0,inferred
Vale of White Horse,2021-06-11,2.0,3.0,5.0,5.0,6.0,7.0,7.0,8.0,9.0,10.0,11.0,12.0,15.0,inferred
Vale of White Horse,2021-06-12,2.0,3.0,4.0,4.0,5.0,5.0,6.0,7.0,8.0,8.0,9.0,11.0,13.0,inferred
Vale of White Horse,2021-06-13,2.0,4.0,5.0,5.0,6.0,7.0,8.0,8.0,9.0,10.0,11.0,13.0,16.0,inferred
Vale of White Horse,2021-06-14,4.0,5.0,7.0,7.0,8.0,9.0,10.0,11.0,12.0,12.0,13.0,15.0,18.0,inferred
Vale of White Horse,2021-06-15,3.0,5.0,7.0,7.0,8.0,9.0,10.0,11.0,12.0,13.0,13.0,15.0,19.0,inferred
Vale of White Horse,2021-06-16,4.0,6.0,7.0,8.0,8.0,10.0,11.0,12.0,13.0,13.0,14.0,17.0,20.0,inferred
Vale of White Horse,2021-06-17,3.0,5.0,7.0,7.0,8.0,9.0,10.0,11.0,12.0,13.0,14.0,16.0,19.0,inferred
Vale of White Horse,2021-06-18,3.0,4.0,6.0,6.0,7.0,8.0,9.0,10.0,11.0,12.0,13.0,15.0,19.0,inferred
Wakefield,2021-03-06,33.0,38.0,43.0,45.0,46.0,49.0,51.0,54.0,57.0,58.0,60.0,64.0,72.0,inferred
Wakefield,2021-03-07,40.0,45.0,49.0,51.0,52.0,55.0,58.0,60.0,63.0,65.0,67.0,73.0,81.5,inferred
Wakefield,2021-03-08,54.0,60.0,65.0,67.0,69.0,72.0,75.0,79.0,82.0,83.0,86.0,91.0,101.0,inferred
Wakefield,2021-03-09,49.0,56.0,61.8,63.0,65.0,68.0,71.0,74.0,77.0,79.0,81.0,87.0,95.0,inferred
Wakefield,2021-03-10,52.0,59.0,63.0,65.0,67.0,70.0,73.0,76.0,79.0,82.0,84.0,89.0,100.0,inferred
Wakefield,2021-03-11,46.5,54.0,59.0,61.0,63.0,66.0,69.0,72.0,75.0,77.0,79.0,84.0,93.0,inferred
Wakefield,2021-03-12,42.0,48.0,53.0,54.0,56.0,59.0,62.0,65.0,68.0,70.0,72.0,77.0,85.0,inferred
Wakefield,2021-03-13,32.0,38.0,43.0,44.0,46.0,48.0,51.0,54.0,56.0,58.0,60.0,65.0,72.0,inferred
Wakefield,2021-03-14,38.0,43.0,47.8,49.0,51.0,53.0,56.0,59.0,62.0,63.0,65.0,71.0,78.0,inferred
Wakefield,2021-03-15,50.0,57.0,62.0,64.0,66.0,69.0,72.0,75.0,79.0,81.0,83.0,90.0,100.5,inferred
Wakefield,2021-03-16,46.0,54.0,59.0,61.0,63.0,66.0,69.0,72.0,76.0,78.0,80.0,86.0,97.0,inferred
Wakefield,2021-03-17,52.0,59.0,64.0,66.0,67.0,70.0,73.0,77.0,80.0,82.0,85.0,91.0,102.5,inferred
Wakefield,2021-03-18,49.0,56.0,61.0,63.0,64.0,67.0,70.0,73.0,77.0,78.0,80.0,86.0,97.0,inferred
Wakefield,2021-03-19,43.0,52.0,56.0,58.0,60.0,63.0,66.0,68.0,72.0,74.0,76.0,81.0,91.0,inferred
Wakefield,2021-03-20,36.0,42.0,47.0,48.0,50.0,52.0,55.0,58.0,61.0,62.0,64.0,70.0,78.5,inferred
Wakefield,2021-03-21,41.0,48.0,53.0,55.0,56.0,59.0,62.0,65.0,68.0,70.0,72.0,78.0,87.0,inferred
Wakefield,2021-03-22,57.0,65.0,70.0,72.0,74.0,77.0,80.0,83.0,87.0,89.0,92.0,98.0,109.0,inferred
Wakefield,2021-03-23,52.0,60.0,64.0,67.0,68.0,71.0,75.0,78.0,82.0,84.0,86.0,91.1,102.0,inferred
Wakefield,2021-03-24,54.0,61.0,66.0,67.0,69.0,73.0,76.0,79.0,83.0,85.0,87.0,94.0,102.0,inferred
Wakefield,2021-03-25,47.0,54.0,59.0,60.0,62.0,65.0,68.0,71.0,75.0,76.0,79.0,85.0,94.0,inferred
Wakefield,2021-03-26,39.0,46.0,50.8,53.0,54.0,58.0,61.0,63.0,66.0,68.0,70.0,76.0,85.0,inferred
Wakefield,2021-03-27,30.0,36.0,40.0,41.0,43.0,45.0,48.0,51.0,53.0,55.0,56.0,61.0,68.0,inferred
Wakefield,2021-03-28,32.0,38.0,42.8,44.0,45.0,48.0,51.0,53.4,56.0,58.0,60.0,65.0,73.0,inferred
Wakefield,2021-03-29,42.0,49.0,54.0,55.0,57.0,60.0,63.0,66.0,69.0,71.0,73.0,79.0,88.0,inferred
Wakefield,2021-03-30,37.0,43.0,48.0,49.0,51.0,54.0,57.0,60.0,63.0,64.2,66.2,72.0,79.5,inferred
Wakefield,2021-03-31,38.0,44.0,48.0,50.0,51.0,54.0,57.0,60.0,63.0,65.0,67.0,72.0,79.0,inferred
Wakefield,2021-04-01,33.0,39.0,43.0,44.0,45.0,48.0,51.0,54.0,57.0,58.0,60.0,65.0,73.0,inferred
Wakefield,2021-04-02,28.0,33.0,36.0,38.0,39.0,42.0,44.0,47.0,50.0,51.0,53.0,57.0,64.0,inferred
Wakefield,2021-04-03,20.0,25.0,28.0,30.0,31.0,33.0,35.0,37.0,39.0,41.0,42.0,46.0,54.0,inferred
Wakefield,2021-04-04,22.0,26.0,30.0,31.0,32.0,35.0,37.0,39.0,42.0,43.0,45.0,48.0,54.0,inferred
Wakefield,2021-04-05,28.0,33.0,37.0,39.0,40.0,43.0,45.0,48.0,51.0,52.0,54.0,59.0,66.0,inferred
Wakefield,2021-04-06,24.0,30.0,33.0,34.0,36.0,38.0,41.0,43.0,46.0,47.0,49.0,53.0,60.0,inferred
Wakefield,2021-04-07,24.0,29.0,33.0,35.0,36.0,38.0,40.0,43.0,46.0,47.0,49.0,53.0,62.0,inferred
Wakefield,2021-04-08,20.0,25.0,29.0,30.0,32.0,34.0,36.0,38.0,41.0,42.0,44.0,48.0,54.0,inferred
Wakefield,2021-04-09,18.0,22.0,25.0,26.0,27.0,30.0,32.0,34.0,37.0,38.0,39.0,44.0,51.0,inferred
Wakefield,2021-04-10,13.0,17.0,19.0,20.0,22.0,23.0,25.0,27.0,29.0,30.0,31.0,35.0,41.0,inferred
Wakefield,2021-04-11,14.0,18.0,20.0,21.0,22.0,24.0,26.0,28.0,30.0,31.0,33.0,36.0,44.0,inferred
Wakefield,2021-04-12,18.0,22.0,25.0,27.0,28.0,30.0,32.0,34.0,37.0,38.0,40.0,44.0,51.0,inferred
Wakefield,2021-04-13,16.0,20.0,23.0,24.0,25.0,27.0,30.0,32.0,34.0,35.0,37.0,40.0,47.0,inferred
Wakefield,2021-04-14,16.0,21.0,24.0,25.0,26.0,28.0,30.0,32.0,34.0,36.0,37.0,41.0,48.0,inferred
Wakefield,2021-04-15,15.0,19.0,22.0,23.0,24.0,26.0,28.0,30.0,32.0,33.0,34.0,39.0,45.0,inferred
Wakefield,2021-04-16,13.0,17.0,20.0,21.0,22.0,24.0,26.0,28.0,30.0,31.0,32.0,36.0,41.0,inferred
Wakefield,2021-04-17,10.0,13.0,16.0,17.0,18.0,20.0,21.0,23.0,25.0,26.0,27.0,30.0,36.0,inferred
Wakefield,2021-04-18,11.0,15.0,17.0,19.0,20.0,22.0,23.0,25.0,27.0,28.0,29.0,33.1,39.0,inferred
Wakefield,2021-04-19,15.0,21.0,24.0,25.0,26.0,28.0,30.0,31.4,34.0,35.0,36.0,40.0,47.0,inferred
Wakefield,2021-04-20,15.0,19.0,22.0,23.0,24.0,26.0,28.0,30.0,32.0,34.0,35.0,39.0,45.0,inferred
Wakefield,2021-04-21,16.0,21.0,24.0,25.0,26.0,28.0,30.0,32.0,35.0,36.0,38.0,42.0,48.0,inferred
Wakefield,2021-04-22,15.0,19.0,22.0,23.0,24.0,26.0,28.0,30.0,32.0,34.0,35.0,39.0,45.0,inferred
Wakefield,2021-04-23,14.0,18.0,20.0,21.0,22.0,24.0,26.0,28.0,30.0,31.0,32.0,36.0,44.0,inferred
Wakefield,2021-04-24,10.0,14.0,16.0,17.0,18.0,20.0,22.0,23.0,25.0,27.0,28.0,31.0,36.5,inferred
Wakefield,2021-04-25,12.0,16.0,18.0,19.0,20.0,22.0,24.0,26.0,28.0,29.0,30.0,34.0,40.0,inferred
Wakefield,2021-04-26,17.5,21.0,24.0,26.0,27.0,29.0,31.0,33.0,35.0,37.0,38.0,42.0,49.0,inferred
Wakefield,2021-04-27,16.0,20.0,22.0,24.0,25.0,27.0,29.0,31.0,33.0,35.0,36.0,40.0,46.5,inferred
Wakefield,2021-04-28,16.0,20.0,23.0,24.0,25.0,27.0,29.0,31.0,34.0,35.0,37.0,40.0,46.0,inferred
Wakefield,2021-04-29,14.0,19.0,21.0,22.0,23.0,25.0,27.0,29.0,31.0,33.0,34.0,38.0,45.0,inferred
Wakefield,2021-04-30,12.0,16.0,18.0,20.0,21.0,22.0,24.0,26.0,28.0,29.0,30.0,34.0,40.0,inferred
Wakefield,2021-05-01,9.0,12.9,15.0,16.0,16.0,18.0,19.0,21.0,23.0,24.0,25.0,29.0,33.0,inferred
Wakefield,2021-05-02,10.0,13.0,16.0,17.0,18.0,19.0,21.0,23.0,25.0,26.0,27.0,30.0,37.0,inferred
Wakefield,2021-05-03,15.0,18.0,21.0,22.0,23.0,25.0,26.5,28.0,31.0,32.0,33.0,37.0,43.0,inferred
Wakefield,2021-05-04,12.0,16.0,19.0,20.0,21.0,23.0,24.0,26.0,28.0,29.0,31.0,34.0,41.0,inferred
Wakefield,2021-05-05,12.0,16.0,19.0,20.0,21.0,23.0,25.0,27.0,29.0,30.0,32.0,35.0,41.0,inferred
Wakefield,2021-05-06,11.0,15.0,17.0,18.0,19.0,20.6,22.0,24.0,26.0,27.0,28.0,32.0,37.0,inferred
Wakefield,2021-05-07,9.0,12.0,15.0,16.0,16.0,18.0,20.0,21.0,23.0,24.0,26.0,28.0,34.0,inferred
Wakefield,2021-05-08,6.5,9.0,11.0,12.0,13.0,14.0,16.0,17.0,19.0,20.0,21.0,24.0,29.0,inferred
Wakefield,2021-05-09,8.0,11.0,13.0,14.0,15.0,16.0,17.0,19.0,20.0,21.0,23.0,26.0,31.0,inferred
Wakefield,2021-05-10,10.0,14.0,16.0,17.0,18.0,20.0,22.0,23.0,25.0,26.0,27.0,31.0,37.0,inferred
Wakefield,2021-05-11,9.0,12.0,15.0,16.0,16.0,18.0,20.0,21.4,23.0,24.0,25.0,29.0,34.0,inferred
Wakefield,2021-05-12,10.0,13.0,15.0,16.0,17.0,19.0,20.0,22.0,24.0,25.0,26.0,29.0,34.0,inferred
Wakefield,2021-05-13,8.0,12.0,14.0,15.0,16.0,17.0,19.0,20.0,22.0,23.0,25.0,28.0,33.0,inferred
Wakefield,2021-05-14,7.0,10.0,12.0,13.0,14.0,16.0,17.0,19.0,20.0,21.0,22.0,25.0,30.0,inferred
Wakefield,2021-05-15,5.0,8.0,10.0,11.0,12.0,13.0,14.0,15.0,17.0,18.0,19.0,22.0,27.0,inferred
Wakefield,2021-05-16,6.0,9.0,11.0,12.0,13.0,14.0,16.0,17.0,19.0,20.0,21.0,24.0,29.0,inferred
Wakefield,2021-05-17,9.5,13.0,16.0,16.0,17.0,19.0,20.0,22.0,24.0,25.0,26.0,29.0,34.0,inferred
Wakefield,2021-05-18,9.0,12.0,14.0,15.0,16.0,18.0,19.0,21.0,23.0,24.0,25.0,28.1,33.0,inferred
Wakefield,2021-05-19,10.0,13.0,15.0,17.0,17.0,19.0,21.0,22.0,24.0,25.0,27.0,30.0,36.0,inferred
Wakefield,2021-05-20,9.0,12.0,14.8,16.0,17.0,18.0,20.0,22.0,24.0,25.0,26.0,29.0,34.0,inferred
Wakefield,2021-05-21,8.0,12.0,14.0,15.0,15.0,17.0,18.0,20.0,22.0,23.0,24.0,28.0,33.0,inferred
Wakefield,2021-05-22,7.0,9.0,11.0,12.0,13.0,14.0,15.0,17.0,19.0,20.0,21.0,24.0,29.0,inferred
Wakefield,2021-05-23,8.0,11.0,13.0,14.0,15.0,17.0,18.0,20.0,21.0,22.0,24.0,27.0,33.0,inferred
Wakefield,2021-05-24,11.0,15.0,18.0,19.0,20.0,22.0,24.0,26.0,28.0,29.0,30.0,34.0,40.0,inferred
Wakefield,2021-05-25,11.0,15.0,17.0,18.0,19.0,21.0,22.5,24.0,26.0,28.0,29.0,33.0,38.0,inferred
Wakefield,2021-05-26,12.0,16.0,19.0,20.0,21.0,23.0,25.0,27.0,29.0,30.0,31.0,35.0,41.0,inferred
Wakefield,2021-05-27,12.0,16.0,19.0,20.0,21.0,22.0,24.0,26.0,28.0,29.0,30.0,34.0,40.0,inferred
Wakefield,2021-05-28,11.5,15.0,17.0,18.0,19.0,21.0,22.0,24.0,26.0,27.0,29.0,32.0,39.0,inferred
Wakefield,2021-05-29,8.0,12.0,14.0,15.0,16.0,18.0,19.0,21.0,23.0,24.0,25.0,28.0,33.0,inferred
Wakefield,2021-05-30,11.0,14.0,17.0,18.0,19.0,20.0,22.0,24.0,26.0,27.0,28.0,32.0,37.0,inferred
Wakefield,2021-05-31,16.0,21.0,24.0,25.0,26.0,28.0,30.0,32.0,34.0,36.0,37.0,41.0,47.0,inferred
Wakefield,2021-06-01,16.0,21.0,24.0,25.0,26.0,28.0,29.0,31.0,34.0,35.0,37.0,41.0,47.0,inferred
Wakefield,2021-06-02,19.0,23.0,27.0,28.0,29.0,31.0,33.0,35.0,38.0,39.0,41.0,45.0,51.0,inferred
Wakefield,2021-06-03,19.0,23.0,26.0,28.0,29.0,32.0,34.0,36.0,38.0,39.0,41.0,45.0,51.0,inferred
Wakefield,2021-06-04,18.0,23.0,26.0,27.0,29.0,31.0,33.0,35.0,37.0,38.0,40.0,44.0,51.0,inferred
Wakefield,2021-06-05,16.0,19.0,22.8,23.8,25.0,27.0,28.0,30.0,33.0,34.0,35.0,39.0,45.0,inferred
Wakefield,2021-06-06,18.0,24.0,27.0,28.8,30.0,32.0,34.0,36.0,38.0,39.2,41.0,45.0,51.0,inferred
Wakefield,2021-06-07,28.0,34.0,38.0,39.0,41.0,43.0,46.0,49.0,52.0,53.0,55.0,60.0,69.0,inferred
Wakefield,2021-06-08,28.0,33.0,37.0,38.0,39.0,42.0,44.0,47.0,49.0,51.0,53.0,57.0,65.0,inferred
Wakefield,2021-06-09,29.0,35.0,39.0,40.0,42.0,44.0,47.0,49.0,52.0,54.0,56.0,60.0,69.0,inferred
Wakefield,2021-06-10,26.5,33.0,37.0,38.0,39.0,42.0,44.0,46.0,49.3,51.0,53.0,58.0,64.5,inferred
Wakefield,2021-06-11,24.0,29.0,33.0,35.0,36.0,39.0,41.0,44.0,46.0,48.0,50.0,53.0,61.0,inferred
Wakefield,2021-06-12,19.0,24.0,28.0,29.0,30.0,32.0,34.0,36.0,39.0,40.0,42.0,46.0,53.0,inferred
Wakefield,2021-06-13,22.0,27.0,31.0,32.0,34.0,36.0,39.0,41.0,43.0,45.0,47.0,51.0,58.0,inferred
Wakefield,2021-06-14,32.0,38.0,42.0,44.0,45.0,48.0,51.0,53.0,56.0,58.0,60.0,65.0,73.0,inferred
Wakefield,2021-06-15,32.0,38.0,42.0,43.0,45.0,47.0,50.0,52.0,56.0,57.0,59.2,64.0,72.0,inferred
Wakefield,2021-06-16,35.0,42.0,46.0,48.0,49.0,52.0,55.0,58.0,61.0,62.0,65.0,70.0,79.0,inferred
Wakefield,2021-06-17,34.0,40.0,45.0,47.0,49.0,52.0,54.0,57.0,60.0,62.0,64.0,70.0,78.5,inferred
Wakefield,2021-06-18,33.0,39.0,44.0,46.0,47.0,50.0,53.0,56.0,59.0,61.0,64.0,70.0,80.0,inferred
Walsall,2021-03-06,13.0,17.0,19.0,20.0,21.0,23.0,24.0,26.0,27.0,28.0,29.0,33.0,37.0,inferred
Walsall,2021-03-07,17.0,20.0,23.0,24.0,25.0,27.0,28.0,30.0,32.0,32.0,34.0,37.0,42.0,inferred
Walsall,2021-03-08,24.0,27.0,30.0,31.0,32.0,34.0,36.0,38.0,40.0,41.0,43.0,46.0,52.0,inferred
Walsall,2021-03-09,22.0,26.0,29.0,30.0,31.0,33.0,35.0,36.4,39.0,40.0,41.0,44.0,50.5,inferred
Walsall,2021-03-10,24.0,27.0,30.0,32.0,32.0,34.0,36.0,38.0,40.0,42.0,43.0,46.0,52.5,inferred
Walsall,2021-03-11,19.5,24.0,27.0,28.0,29.0,31.0,32.0,34.0,36.0,37.0,39.0,42.0,47.0,inferred
Walsall,2021-03-12,17.0,21.0,23.0,24.8,26.0,27.0,29.0,31.0,33.0,34.0,35.0,38.0,42.5,inferred
Walsall,2021-03-13,12.0,16.0,18.0,19.0,20.0,21.0,23.0,24.0,26.0,27.0,28.0,31.0,35.0,inferred
Walsall,2021-03-14,15.0,19.0,21.0,22.0,23.0,25.0,27.0,28.0,30.0,31.0,32.0,35.0,41.0,inferred
Walsall,2021-03-15,21.0,24.0,27.0,28.0,29.0,31.0,33.0,35.0,37.0,38.0,39.0,43.0,50.0,inferred
Walsall,2021-03-16,19.0,23.0,26.0,27.0,28.0,30.0,32.0,33.0,35.0,36.0,38.0,41.0,47.0,inferred
Walsall,2021-03-17,20.0,25.0,28.0,29.0,30.0,32.0,34.0,36.0,38.0,39.0,41.0,44.0,51.5,inferred
Walsall,2021-03-18,19.0,23.0,25.0,26.0,27.0,29.0,31.0,33.0,35.0,36.0,37.0,40.0,47.0,inferred
Walsall,2021-03-19,16.0,20.0,23.0,24.0,25.0,26.0,28.0,30.0,32.0,33.0,34.0,37.0,42.0,inferred
Walsall,2021-03-20,12.0,16.0,18.0,19.0,20.0,21.0,23.0,25.0,26.0,27.0,28.0,31.0,36.0,inferred
Walsall,2021-03-21,16.0,19.0,22.0,23.0,24.0,25.6,27.0,29.0,31.0,32.0,33.0,36.0,42.0,inferred
Walsall,2021-03-22,22.0,26.0,29.0,30.0,31.0,33.0,35.0,37.0,39.0,40.0,42.0,46.0,52.0,inferred
Walsall,2021-03-23,20.0,24.0,27.0,29.0,30.0,32.0,34.0,35.0,37.0,39.0,40.0,44.0,49.0,inferred
Walsall,2021-03-24,21.0,26.0,28.0,30.0,31.0,33.0,35.0,37.0,39.0,40.0,41.0,45.0,50.5,inferred
Walsall,2021-03-25,18.0,22.0,24.0,25.0,26.0,28.0,30.0,32.0,34.0,35.0,36.0,39.0,45.0,inferred
Walsall,2021-03-26,14.0,18.0,21.0,22.0,23.0,25.0,26.0,28.0,30.0,31.0,32.0,36.0,40.0,inferred
Walsall,2021-03-27,11.0,14.0,16.0,17.0,18.0,19.0,21.0,22.0,24.0,25.0,26.0,29.0,33.0,inferred
Walsall,2021-03-28,12.0,16.0,18.0,19.0,20.0,22.0,23.0,25.0,26.0,27.0,29.0,31.0,37.0,inferred
Walsall,2021-03-29,17.0,20.0,23.0,24.0,25.0,27.0,29.0,31.0,33.0,34.0,35.0,38.0,44.0,inferred
Walsall,2021-03-30,15.0,19.0,21.0,22.0,23.0,25.0,27.0,28.0,30.0,31.0,32.0,35.1,40.5,inferred
Walsall,2021-03-31,16.0,19.0,21.0,22.0,23.0,25.0,27.0,28.0,30.0,31.0,32.0,35.0,40.0,inferred
Walsall,2021-04-01,12.0,15.0,17.0,18.0,19.0,21.0,22.0,24.0,26.0,27.0,28.0,31.0,36.0,inferred
Walsall,2021-04-02,10.0,13.0,15.0,16.0,17.0,18.0,19.0,21.0,22.0,23.0,24.0,27.0,32.0,inferred
Walsall,2021-04-03,6.5,9.0,11.0,11.0,12.0,13.0,14.0,16.0,17.0,18.0,19.0,21.0,25.0,inferred
Walsall,2021-04-04,8.0,10.0,12.0,13.0,14.0,15.0,16.0,17.0,19.0,19.0,20.0,23.0,27.0,inferred
Walsall,2021-04-05,10.0,13.0,15.0,16.0,16.0,18.0,19.0,21.0,22.0,23.0,24.0,27.0,32.0,inferred
Walsall,2021-04-06,9.0,12.0,14.0,14.0,15.0,16.6,18.0,19.0,21.0,22.0,23.0,25.0,29.0,inferred
Walsall,2021-04-07,9.0,12.0,14.0,15.0,16.0,17.0,18.0,20.0,21.0,22.0,23.0,26.0,31.0,inferred
Walsall,2021-04-08,7.5,10.0,12.0,13.0,14.0,15.0,16.0,17.0,19.0,20.0,20.0,23.0,27.5,inferred
Walsall,2021-04-09,6.0,9.0,10.0,11.0,12.0,13.0,14.0,15.0,17.0,17.0,18.0,21.0,25.0,inferred
Walsall,2021-04-10,4.0,6.0,8.0,8.0,9.0,10.0,11.0,12.0,13.0,14.0,15.0,17.0,21.0,inferred
Walsall,2021-04-11,5.0,7.0,9.0,10.0,10.0,11.0,12.0,13.0,15.0,15.0,16.0,18.0,22.5,inferred
Walsall,2021-04-12,7.0,10.0,12.0,12.0,13.0,14.0,15.0,16.0,18.0,19.0,19.0,22.0,26.0,inferred
Walsall,2021-04-13,6.0,9.0,10.0,11.0,12.0,13.0,14.0,15.0,16.0,17.0,18.0,21.0,25.0,inferred
Walsall,2021-04-14,6.0,9.0,11.0,11.0,12.0,13.0,15.0,16.0,17.0,18.0,19.0,21.0,25.0,inferred
Walsall,2021-04-15,5.0,8.0,9.0,10.0,10.0,11.0,12.0,14.0,15.0,16.0,16.0,19.0,23.0,inferred
Walsall,2021-04-16,4.0,6.0,8.0,8.0,9.0,10.0,11.0,12.0,13.0,14.0,15.0,17.0,20.0,inferred
Walsall,2021-04-17,3.0,4.0,6.0,6.0,7.0,8.0,9.0,9.0,11.0,11.0,12.0,14.0,17.0,inferred
Walsall,2021-04-18,3.0,5.0,7.0,7.0,8.0,9.0,10.0,11.0,12.0,13.0,14.0,16.0,19.0,inferred
Walsall,2021-04-19,5.0,7.0,9.0,9.0,10.0,11.0,12.0,13.0,15.0,15.0,16.0,18.0,23.0,inferred
Walsall,2021-04-20,4.0,6.0,8.0,8.0,9.0,10.0,11.0,12.0,13.0,14.0,15.0,17.0,20.0,inferred
Walsall,2021-04-21,4.0,6.0,8.0,9.0,9.0,10.0,11.0,12.0,14.0,14.0,15.0,18.0,21.0,inferred
Walsall,2021-04-22,3.0,5.0,7.0,7.0,8.0,9.0,10.0,11.0,12.0,13.0,14.0,16.0,19.0,inferred
Walsall,2021-04-23,3.0,5.0,6.0,6.0,7.0,8.0,9.0,10.0,11.0,12.0,12.0,14.0,18.0,inferred
Walsall,2021-04-24,2.0,3.0,4.0,5.0,5.0,6.0,6.0,7.0,8.0,9.0,9.0,11.0,15.0,inferred
Walsall,2021-04-25,2.0,4.0,5.0,5.0,6.0,7.0,8.0,9.0,10.0,10.0,11.0,12.0,16.0,inferred
Walsall,2021-04-26,3.0,5.0,6.0,7.0,8.0,9.0,10.0,11.0,12.0,12.0,13.0,15.0,19.0,inferred
Walsall,2021-04-27,3.0,5.0,6.0,7.0,7.0,8.0,9.0,10.0,11.0,12.0,13.0,15.0,18.0,inferred
Walsall,2021-04-28,3.0,5.0,6.0,7.0,7.0,8.0,9.0,10.0,11.0,12.0,13.0,15.0,18.0,inferred
Walsall,2021-04-29,2.5,4.0,6.0,6.0,7.0,7.0,8.0,9.0,10.0,11.0,12.0,13.0,16.0,inferred
Walsall,2021-04-30,2.0,4.0,5.0,5.0,6.0,7.0,7.0,8.0,9.0,10.0,10.0,12.0,15.0,inferred
Walsall,2021-05-01,1.0,3.0,4.0,4.0,4.0,5.0,6.0,6.0,7.0,8.0,9.0,10.0,13.0,inferred
Walsall,2021-05-02,2.0,3.0,4.0,5.0,5.0,6.0,7.0,7.0,8.0,9.0,10.0,11.0,15.0,inferred
Walsall,2021-05-03,3.0,4.0,6.0,6.0,7.0,7.0,8.0,9.0,10.0,11.0,12.0,14.0,17.0,inferred
Walsall,2021-05-04,2.0,4.0,5.0,6.0,6.0,7.0,8.0,9.0,10.0,10.0,11.0,13.0,16.0,inferred
Walsall,2021-05-05,2.5,4.0,5.0,6.0,6.0,7.0,8.0,9.0,10.0,11.0,11.0,14.0,17.0,inferred
Walsall,2021-05-06,2.0,3.0,5.0,5.0,6.0,6.0,7.0,8.0,9.0,9.2,10.0,12.0,15.0,inferred
Walsall,2021-05-07,1.0,3.0,4.0,4.0,5.0,6.0,6.0,7.0,8.0,9.0,9.0,11.0,14.0,inferred
Walsall,2021-05-08,1.0,2.0,3.0,3.0,4.0,4.0,5.0,6.0,6.0,7.0,7.0,9.0,12.0,inferred
Walsall,2021-05-09,1.0,2.0,3.0,4.0,4.0,5.0,6.0,6.0,7.0,8.0,8.0,10.0,13.0,inferred
Walsall,2021-05-10,2.0,3.0,5.0,5.0,5.0,6.0,7.0,8.0,9.0,10.0,10.0,13.0,16.0,inferred
Walsall,2021-05-11,2.0,3.0,4.0,5.0,5.0,6.0,7.0,8.0,9.0,9.0,10.0,12.0,14.0,inferred
Walsall,2021-05-12,2.0,3.0,4.0,5.0,6.0,6.0,7.0,8.0,9.0,10.0,10.0,12.0,15.0,inferred
Walsall,2021-05-13,2.0,3.0,4.0,5.0,5.0,6.0,7.0,7.0,8.0,9.0,10.0,12.0,14.0,inferred
Walsall,2021-05-14,1.0,3.0,4.0,4.0,5.0,5.0,6.0,7.0,8.0,8.0,9.0,10.0,14.0,inferred
Walsall,2021-05-15,1.0,2.0,3.0,3.0,4.0,4.0,5.0,6.0,7.0,7.0,8.0,9.0,12.0,inferred
Walsall,2021-05-16,1.0,3.0,4.0,4.0,4.0,5.0,6.0,7.0,8.0,8.0,9.0,10.0,13.5,inferred
Walsall,2021-05-17,2.0,4.0,5.0,6.0,6.0,7.0,8.0,9.0,10.0,11.0,11.0,13.0,16.0,inferred
Walsall,2021-05-18,3.0,4.0,6.0,6.0,7.0,8.0,9.0,9.0,10.0,11.0,12.0,14.0,16.0,inferred
Walsall,2021-05-19,3.0,5.0,6.0,7.0,7.0,8.0,9.0,10.0,11.0,12.0,12.0,14.0,17.0,inferred
Walsall,2021-05-20,2.5,4.0,6.0,6.0,7.0,8.0,8.0,10.0,11.0,11.0,12.0,14.0,18.0,inferred
Walsall,2021-05-21,2.0,4.0,6.0,6.0,7.0,7.0,9.0,10.0,10.3,11.0,12.0,14.0,17.0,inferred
Walsall,2021-05-22,2.0,3.0,5.0,5.0,6.0,6.0,7.0,8.0,9.0,10.0,10.0,12.0,15.0,inferred
Walsall,2021-05-23,3.0,5.0,6.0,6.0,7.0,8.0,9.0,10.0,11.0,12.0,12.0,14.0,18.0,inferred
Walsall,2021-05-24,5.0,7.0,8.0,9.0,10.0,11.0,12.0,13.0,14.0,15.0,16.0,18.0,22.0,inferred
Walsall,2021-05-25,5.0,7.0,9.0,10.0,10.0,11.0,13.0,14.0,15.0,16.0,17.0,19.0,23.0,inferred
Walsall,2021-05-26,6.0,8.0,11.0,11.0,12.0,13.0,14.0,16.0,17.0,18.0,19.0,21.0,26.0,inferred
Walsall,2021-05-27,6.0,9.0,10.0,11.0,12.0,13.0,14.0,15.0,16.0,17.0,18.0,20.0,24.0,inferred
Walsall,2021-05-28,6.0,8.0,10.0,11.0,11.0,13.0,14.0,15.0,16.0,17.0,18.0,20.0,25.0,inferred
Walsall,2021-05-29,4.0,7.0,8.0,9.0,10.0,11.0,12.0,13.0,14.0,15.0,16.0,18.0,22.0,inferred
Walsall,2021-05-30,7.0,10.0,11.0,12.0,12.0,14.0,15.0,16.0,18.0,18.0,19.2,22.0,27.0,inferred
Walsall,2021-05-31,10.0,13.0,15.0,16.0,17.0,18.0,20.0,21.0,23.0,24.0,25.0,28.0,33.0,inferred
Walsall,2021-06-01,11.0,13.0,16.0,16.0,17.0,19.0,20.0,22.0,23.0,24.0,25.0,28.0,33.0,inferred
Walsall,2021-06-02,12.0,15.0,17.0,18.0,19.0,20.0,22.0,24.0,25.0,26.0,28.0,30.0,35.0,inferred
Walsall,2021-06-03,11.0,13.9,16.0,16.0,17.0,19.0,20.0,21.0,23.0,24.0,25.0,28.0,33.0,inferred
Walsall,2021-06-04,9.0,12.0,14.0,15.0,16.0,17.0,19.0,20.0,21.0,22.0,23.0,26.0,31.0,inferred
Walsall,2021-06-05,7.0,9.0,11.0,12.0,12.0,14.0,15.0,16.0,18.0,19.0,20.0,22.0,26.0,inferred
Walsall,2021-06-06,8.0,12.0,14.0,14.0,15.0,17.0,18.0,20.0,21.0,22.0,23.0,26.0,29.5,inferred
Walsall,2021-06-07,12.0,16.0,18.0,19.0,20.0,21.0,23.0,24.0,26.0,27.0,28.0,32.0,36.0,inferred
Walsall,2021-06-08,11.0,15.0,17.0,18.0,19.0,21.0,22.0,24.0,26.0,27.0,28.0,30.0,36.0,inferred
Walsall,2021-06-09,13.0,16.0,18.0,19.0,20.0,22.0,24.0,25.0,27.0,28.0,29.0,32.0,37.0,inferred
Walsall,2021-06-10,11.0,14.0,16.0,17.0,18.0,19.0,20.0,22.0,23.0,24.0,25.0,28.0,33.0,inferred
Walsall,2021-06-11,9.0,12.0,14.0,15.0,15.0,17.0,18.0,19.0,21.0,22.0,23.0,26.0,30.0,inferred
Walsall,2021-06-12,7.0,9.0,11.0,11.0,12.0,13.0,14.0,15.0,17.0,18.0,19.0,21.0,25.0,inferred
Walsall,2021-06-13,8.0,11.0,13.0,14.0,14.0,16.0,17.0,18.0,20.0,21.0,22.0,24.0,28.0,inferred
Walsall,2021-06-14,11.0,14.9,17.0,18.0,19.0,20.0,22.0,23.0,25.0,26.0,27.0,31.0,36.0,inferred
Walsall,2021-06-15,11.0,14.0,16.0,17.0,18.0,20.0,21.0,23.0,25.0,25.0,27.0,29.1,34.0,inferred
Walsall,2021-06-16,12.0,15.0,18.0,19.0,19.0,21.0,22.0,24.0,26.0,27.0,28.0,31.0,36.0,inferred
Walsall,2021-06-17,10.0,13.0,15.0,16.0,17.0,18.0,20.0,21.0,23.0,24.0,25.0,28.0,33.0,inferred
Walsall,2021-06-18,9.0,12.0,14.0,15.0,15.0,17.0,19.0,20.0,21.0,22.2,24.0,27.0,32.0,inferred
Waltham Forest,2021-03-06,5.5,8.0,10.0,11.0,11.0,13.0,14.0,15.0,17.0,17.0,18.0,21.0,24.5,inferred
Waltham Forest,2021-03-07,7.0,10.0,12.0,13.0,13.0,15.0,16.0,17.0,18.0,19.0,20.2,23.0,28.0,inferred
Waltham Forest,2021-03-08,9.0,13.0,15.0,16.0,17.0,19.0,21.0,22.0,24.0,25.0,26.0,29.0,34.0,inferred
Waltham Forest,2021-03-09,10.0,13.0,15.0,16.0,16.0,18.0,20.0,21.0,23.0,24.0,25.0,28.0,32.5,inferred
Waltham Forest,2021-03-10,9.0,12.0,14.0,15.0,16.0,17.0,19.0,20.0,22.0,23.0,24.0,27.0,31.0,inferred
Waltham Forest,2021-03-11,7.0,10.0,12.0,13.0,14.0,15.0,17.0,18.0,20.0,20.0,21.0,24.0,28.5,inferred
Waltham Forest,2021-03-12,6.0,8.0,10.0,11.0,12.0,13.0,14.0,16.0,17.0,18.0,19.0,22.0,26.0,inferred
Waltham Forest,2021-03-13,4.0,6.0,8.0,8.0,9.0,10.0,11.0,12.0,14.0,14.0,15.0,17.0,21.0,inferred
Waltham Forest,2021-03-14,4.0,7.0,9.0,9.0,10.0,11.0,12.0,14.0,15.0,16.0,17.0,19.0,23.0,inferred
Waltham Forest,2021-03-15,7.0,9.0,11.0,12.0,13.0,14.0,15.0,17.0,18.0,19.0,20.0,22.1,27.0,inferred
Waltham Forest,2021-03-16,7.0,9.0,11.0,12.0,13.0,14.0,15.0,17.0,18.0,19.0,20.0,23.0,27.0,inferred
Waltham Forest,2021-03-17,7.0,9.0,11.0,12.0,13.0,14.0,15.0,17.0,18.0,19.0,20.0,23.0,28.0,inferred
Waltham Forest,2021-03-18,6.0,8.9,10.0,11.0,12.0,13.0,14.0,15.0,17.0,18.0,19.0,22.0,26.0,inferred
Waltham Forest,2021-03-19,5.0,7.0,9.0,10.0,10.0,12.0,13.0,14.0,15.0,16.0,17.0,20.0,24.0,inferred
Waltham Forest,2021-03-20,3.0,6.0,7.0,8.0,8.0,9.0,11.0,12.0,13.0,14.0,14.0,17.0,20.5,inferred
Waltham Forest,2021-03-21,4.0,7.0,8.0,9.0,9.7,11.0,12.0,13.0,15.0,16.0,17.0,19.0,23.0,inferred
Waltham Forest,2021-03-22,7.0,9.0,11.0,12.0,12.0,14.0,15.0,17.0,18.0,19.0,20.0,23.0,27.5,inferred
Waltham Forest,2021-03-23,7.0,9.0,11.0,11.0,12.0,14.0,15.0,16.0,17.0,18.0,19.0,22.0,26.0,inferred
Waltham Forest,2021-03-24,6.0,8.0,10.0,11.0,12.0,13.0,14.0,16.0,17.0,18.0,19.0,22.0,26.0,inferred
Waltham Forest,2021-03-25,5.0,7.0,9.0,10.0,10.0,12.0,13.0,14.0,15.0,16.0,17.0,19.0,24.0,inferred
Waltham Forest,2021-03-26,4.0,6.0,8.0,8.0,9.0,10.0,11.0,12.0,13.0,14.0,15.0,17.0,21.0,inferred
Waltham Forest,2021-03-27,3.0,4.0,6.0,6.0,7.0,8.0,9.0,10.0,11.0,11.0,12.0,14.0,18.0,inferred
Waltham Forest,2021-03-28,3.0,5.0,6.0,7.0,7.0,8.0,9.0,11.0,12.0,12.0,13.0,15.0,19.0,inferred
Waltham Forest,2021-03-29,5.0,6.0,8.0,9.0,9.0,10.0,12.0,13.0,14.0,15.0,16.0,18.0,22.0,inferred
Waltham Forest,2021-03-30,4.0,6.0,7.0,8.0,9.0,10.0,11.0,12.0,13.0,14.0,15.0,17.0,21.0,inferred
Waltham Forest,2021-03-31,4.0,6.0,7.0,8.0,8.0,10.0,11.0,12.0,13.0,14.0,15.0,17.0,21.0,inferred
Waltham Forest,2021-04-01,3.0,5.0,6.0,7.0,7.0,8.0,9.0,10.0,11.3,12.0,13.0,15.0,19.0,inferred
Waltham Forest,2021-04-02,2.0,4.0,5.0,6.0,6.0,7.0,8.0,9.0,10.0,11.0,12.0,14.0,17.0,inferred
Waltham Forest,2021-04-03,1.0,3.0,4.0,4.0,4.0,5.0,6.0,7.0,8.0,9.0,9.0,11.1,14.0,inferred
Waltham Forest,2021-04-04,1.0,3.0,4.0,5.0,5.0,6.0,7.0,8.0,9.0,9.0,10.0,12.0,15.0,inferred
Waltham Forest,2021-04-05,2.5,4.0,5.0,6.0,6.0,7.0,8.0,9.0,11.0,11.0,12.0,14.0,18.0,inferred
Waltham Forest,2021-04-06,2.0,4.0,5.0,6.0,6.0,7.0,8.0,9.0,10.0,11.0,12.0,14.0,18.0,inferred
Waltham Forest,2021-04-07,2.0,4.0,5.0,6.0,6.0,8.0,9.0,10.0,11.0,11.0,12.0,14.0,18.0,inferred
Waltham Forest,2021-04-08,2.0,4.0,5.0,6.0,6.0,7.0,8.0,9.0,10.0,11.0,12.0,14.0,17.0,inferred
Waltham Forest,2021-04-09,2.0,3.0,4.0,5.0,5.0,6.0,7.0,8.0,9.0,10.0,10.0,12.0,16.0,inferred
Waltham Forest,2021-04-10,1.0,2.0,3.0,4.0,4.0,5.0,6.0,7.0,8.0,8.0,9.0,11.0,14.0,inferred
Waltham Forest,2021-04-11,2.0,3.0,4.0,5.0,5.0,6.0,7.0,8.0,8.0,9.0,10.0,12.0,15.0,inferred
Waltham Forest,2021-04-12,3.0,4.0,6.0,6.0,7.0,8.0,9.0,10.0,11.0,11.0,12.0,14.0,18.5,inferred
Waltham Forest,2021-04-13,2.0,4.0,5.0,6.0,6.0,7.0,8.0,9.0,10.0,11.0,12.0,14.0,18.0,inferred
Waltham Forest,2021-04-14,2.0,4.0,5.0,6.0,7.0,8.0,9.0,10.0,11.0,11.0,12.0,15.0,18.0,inferred
Waltham Forest,2021-04-15,2.0,4.0,5.0,6.0,6.0,7.0,8.0,9.0,10.0,11.0,11.0,13.0,17.0,inferred
Waltham Forest,2021-04-16,2.0,3.0,4.0,5.0,5.0,6.0,7.0,8.0,9.0,9.0,10.0,12.0,15.0,inferred
Waltham Forest,2021-04-17,1.0,2.0,3.0,4.0,4.0,5.0,6.0,6.0,7.0,8.0,8.0,11.0,13.0,inferred
Waltham Forest,2021-04-18,1.0,3.0,4.0,4.0,5.0,6.0,7.0,7.0,8.0,9.0,10.0,12.0,15.0,inferred
Waltham Forest,2021-04-19,2.0,4.0,5.0,5.0,6.0,7.0,8.0,9.0,10.0,11.0,12.0,14.0,17.0,inferred
Waltham Forest,2021-04-20,2.0,4.0,5.0,6.0,6.0,7.0,8.0,9.0,10.0,11.0,11.0,13.0,17.0,inferred
Waltham Forest,2021-04-21,2.0,3.9,5.0,5.0,6.0,7.0,8.0,9.0,10.0,11.0,11.0,13.0,17.0,inferred
Waltham Forest,2021-04-22,1.0,3.0,4.0,5.0,5.0,6.0,7.0,8.0,9.0,10.0,10.0,12.0,16.0,inferred
Waltham Forest,2021-04-23,1.0,2.0,3.0,4.0,4.0,5.0,6.0,7.0,8.0,8.0,9.0,11.0,13.0,inferred
Waltham Forest,2021-04-24,1.0,1.0,2.0,3.0,3.0,4.0,4.0,5.0,6.0,7.0,7.0,9.0,12.0,inferred
Waltham Forest,2021-04-25,1.0,2.0,3.0,3.0,4.0,4.0,5.0,6.0,7.0,7.0,8.0,9.0,13.0,inferred
Waltham Forest,2021-04-26,1.0,3.0,4.0,4.0,5.0,6.0,6.0,7.0,8.0,9.0,10.0,11.0,14.0,inferred
Waltham Forest,2021-04-27,1.0,3.0,4.0,4.0,5.0,5.0,6.0,7.0,8.0,9.0,9.0,11.0,15.0,inferred
Waltham Forest,2021-04-28,1.0,3.0,3.0,4.0,4.0,5.0,6.0,7.0,8.0,8.0,9.0,11.0,14.0,inferred
Waltham Forest,2021-04-29,1.0,2.0,3.0,4.0,4.0,5.0,6.0,6.0,7.0,8.0,8.0,10.0,13.0,inferred
Waltham Forest,2021-04-30,1.0,2.0,3.0,3.0,3.0,4.0,5.0,6.0,6.0,7.0,7.0,9.0,12.0,inferred
Waltham Forest,2021-05-01,0.0,1.0,2.0,2.0,2.0,3.0,4.0,4.0,5.0,6.0,6.0,8.0,10.0,inferred
Waltham Forest,2021-05-02,0.0,1.0,2.0,3.0,3.0,4.0,4.0,5.0,6.0,6.0,7.0,9.0,11.0,inferred
Waltham Forest,2021-05-03,1.0,2.0,3.0,4.0,4.0,5.0,6.0,6.0,7.0,8.0,9.0,11.0,14.0,inferred
Waltham Forest,2021-05-04,1.0,2.0,3.0,3.0,4.0,5.0,5.0,6.0,7.0,8.0,8.0,10.0,13.0,inferred
Waltham Forest,2021-05-05,1.0,2.0,3.0,3.0,4.0,5.0,5.0,6.0,7.0,8.0,8.0,10.0,13.0,inferred
Waltham Forest,2021-05-06,1.0,2.0,3.0,3.0,4.0,4.0,5.0,6.0,7.0,7.0,8.0,9.0,12.0,inferred
Waltham Forest,2021-05-07,0.0,1.0,2.0,3.0,3.0,4.0,4.0,5.0,6.0,6.0,7.0,9.0,12.0,inferred
Waltham Forest,2021-05-08,0.0,1.0,2.0,2.0,2.0,3.0,4.0,4.0,5.0,6.0,6.0,7.0,11.0,inferred
Waltham Forest,2021-05-09,0.0,1.0,2.0,2.0,3.0,3.0,4.0,5.0,6.0,6.0,6.0,8.0,11.0,inferred
Waltham Forest,2021-05-10,1.0,2.0,3.0,4.0,4.0,5.0,5.0,6.0,7.0,8.0,9.0,10.0,13.0,inferred
Waltham Forest,2021-05-11,1.0,2.0,3.0,4.0,4.0,5.0,6.0,7.0,7.0,8.0,9.0,10.1,13.0,inferred
Waltham Forest,2021-05-12,1.0,2.0,3.0,4.0,4.0,5.0,5.0,6.0,7.0,8.0,8.0,10.0,13.0,inferred
Waltham Forest,2021-05-13,1.0,2.0,3.0,3.0,4.0,5.0,5.0,6.0,7.0,7.0,8.0,10.0,13.0,inferred
Waltham Forest,2021-05-14,1.0,2.0,3.0,3.0,3.0,4.0,5.0,5.0,6.0,7.0,7.0,9.0,12.0,inferred
Waltham Forest,2021-05-15,0.0,1.0,2.0,2.0,3.0,3.0,4.0,5.0,5.0,6.0,6.0,8.0,11.0,inferred
Waltham Forest,2021-05-16,0.0,2.0,2.0,3.0,3.0,4.0,4.0,5.0,6.0,7.0,7.0,9.0,12.0,inferred
Waltham Forest,2021-05-17,1.0,2.9,4.0,4.0,4.0,5.0,6.0,7.0,8.0,9.0,9.0,11.0,15.0,inferred
Waltham Forest,2021-05-18,1.0,3.0,4.0,4.0,5.0,5.0,6.0,7.0,8.0,9.0,9.0,11.0,14.0,inferred
Waltham Forest,2021-05-19,1.0,3.0,4.0,5.0,5.0,6.0,7.0,8.0,9.0,9.0,10.0,12.0,16.0,inferred
Waltham Forest,2021-05-20,2.0,3.0,4.0,5.0,5.0,6.0,7.0,8.0,9.0,9.0,10.0,12.0,15.5,inferred
Waltham Forest,2021-05-21,1.0,2.0,4.0,4.0,4.0,5.0,6.0,7.0,8.0,9.0,9.0,11.0,14.0,inferred
Waltham Forest,2021-05-22,1.0,2.0,3.0,4.0,4.0,5.0,5.0,6.0,7.0,8.0,8.0,10.0,13.0,inferred
Waltham Forest,2021-05-23,1.0,3.0,4.0,5.0,5.0,6.0,7.0,7.0,9.0,9.0,10.0,12.0,15.0,inferred
Waltham Forest,2021-05-24,3.0,5.0,6.0,6.0,7.0,8.0,9.0,10.0,11.0,12.0,13.0,15.0,19.0,inferred
Waltham Forest,2021-05-25,3.0,5.0,6.0,7.0,8.0,9.0,10.0,11.0,12.0,13.0,14.0,16.0,19.0,inferred
Waltham Forest,2021-05-26,3.0,6.0,8.0,8.0,9.0,10.0,11.0,12.0,13.0,14.0,15.0,17.0,22.0,inferred
Waltham Forest,2021-05-27,4.0,6.0,7.8,8.0,9.0,10.0,11.0,12.0,13.0,14.0,15.0,18.0,21.0,inferred
Waltham Forest,2021-05-28,4.0,6.0,7.0,8.0,9.0,10.0,11.0,12.0,13.0,14.0,14.0,17.0,21.0,inferred
Waltham Forest,2021-05-29,3.0,5.0,6.0,7.0,7.0,8.0,9.0,11.0,12.0,12.2,13.0,15.0,19.0,inferred
Waltham Forest,2021-05-30,4.0,6.0,8.0,9.0,9.0,10.0,11.0,13.0,14.0,15.0,16.0,19.0,22.0,inferred
Waltham Forest,2021-05-31,7.0,10.0,12.0,13.0,14.0,15.0,16.0,18.0,20.0,20.0,21.0,24.0,29.0,inferred
Waltham Forest,2021-06-01,8.0,11.0,13.0,14.0,15.0,16.0,17.0,19.0,21.0,21.0,22.0,25.0,31.0,inferred
Waltham Forest,2021-06-02,10.0,13.0,15.0,16.0,17.0,18.0,19.0,21.0,23.0,24.0,25.0,28.0,33.0,inferred
Waltham Forest,2021-06-03,10.0,13.0,15.0,16.0,17.0,19.0,20.0,21.0,23.0,24.0,25.0,28.0,34.0,inferred
Waltham Forest,2021-06-04,9.0,13.0,15.0,15.0,16.0,18.0,19.0,20.0,22.0,23.0,24.0,27.0,32.0,inferred
Waltham Forest,2021-06-05,8.0,11.0,13.0,14.0,15.0,16.0,17.0,19.0,20.0,21.0,22.0,25.0,29.0,inferred
Waltham Forest,2021-06-06,10.5,14.0,16.0,17.0,18.0,20.0,21.0,23.0,25.0,26.0,27.0,30.0,35.0,inferred
Waltham Forest,2021-06-07,17.0,21.0,23.0,24.0,25.0,27.0,29.0,31.0,32.0,33.2,35.0,39.0,45.0,inferred
Waltham Forest,2021-06-08,18.0,22.0,24.0,25.0,26.7,28.0,30.0,32.0,34.0,35.0,36.2,41.0,45.0,inferred
Waltham Forest,2021-06-09,19.0,23.0,26.0,27.0,28.0,30.0,32.0,34.0,36.0,37.0,39.0,42.0,47.0,inferred
Waltham Forest,2021-06-10,18.0,21.0,24.0,25.0,26.0,28.0,30.0,32.0,34.0,35.0,36.0,40.0,47.0,inferred
Waltham Forest,2021-06-11,16.0,19.0,22.0,23.0,24.0,26.0,28.0,29.0,31.0,33.0,34.0,37.0,42.5,inferred
Waltham Forest,2021-06-12,12.0,15.0,18.0,19.0,20.0,21.0,23.0,24.0,26.0,27.0,28.0,32.0,37.0,inferred
Waltham Forest,2021-06-13,15.0,19.0,21.0,22.0,23.0,25.0,27.0,29.0,31.0,32.0,33.0,36.0,43.0,inferred
Waltham Forest,2021-06-14,21.0,25.0,28.0,30.0,30.0,33.0,34.0,36.0,39.0,40.0,42.0,46.0,52.0,inferred
Waltham Forest,2021-06-15,22.0,26.0,29.0,30.0,31.0,33.0,35.0,37.0,40.0,41.0,42.0,46.0,54.0,inferred
Waltham Forest,2021-06-16,21.0,27.0,30.0,31.0,32.0,34.0,36.0,39.0,41.0,42.0,44.0,48.0,54.0,inferred
Waltham Forest,2021-06-17,20.0,25.0,28.0,30.0,31.0,33.0,35.0,37.0,39.0,41.0,42.0,47.0,54.0,inferred
Waltham Forest,2021-06-18,18.0,22.0,25.0,26.0,28.0,30.0,31.0,34.0,36.0,37.0,39.0,42.0,49.0,inferred
Wandsworth,2021-03-06,4.0,7.0,9.0,10.0,10.0,11.0,12.0,14.0,15.0,16.0,17.0,20.0,23.0,inferred
Wandsworth,2021-03-07,6.0,8.0,10.0,11.0,12.0,13.0,14.0,16.0,17.0,18.0,19.0,22.0,26.0,inferred
Wandsworth,2021-03-08,8.0,11.0,13.0,14.0,15.0,16.0,18.0,19.0,20.0,21.0,22.0,25.0,29.0,inferred
Wandsworth,2021-03-09,8.0,11.0,13.0,14.0,14.0,16.0,17.0,19.0,20.0,21.0,22.0,25.0,30.0,inferred
Wandsworth,2021-03-10,8.0,11.0,13.0,14.0,15.0,16.0,18.0,19.0,21.0,22.0,23.0,26.0,30.5,inferred
Wandsworth,2021-03-11,7.5,10.0,12.0,13.0,14.0,15.0,17.0,18.0,20.0,21.0,22.0,25.0,30.0,inferred
Wandsworth,2021-03-12,6.0,9.0,11.0,11.0,12.0,14.0,15.0,17.0,18.0,19.0,20.0,23.0,28.0,inferred
Wandsworth,2021-03-13,4.0,7.0,9.0,9.0,10.0,11.0,12.0,14.0,15.0,16.0,17.0,20.0,24.0,inferred
Wandsworth,2021-03-14,6.0,8.0,10.0,11.0,12.0,13.0,15.0,16.0,17.0,18.0,19.0,22.0,26.0,inferred
Wandsworth,2021-03-15,9.0,12.0,14.0,15.0,16.0,17.0,19.0,20.0,22.0,23.0,24.0,27.0,31.0,inferred
Wandsworth,2021-03-16,8.0,11.0,14.0,15.0,15.0,17.0,18.0,20.0,22.0,23.0,24.0,27.0,33.0,inferred
Wandsworth,2021-03-17,9.0,12.0,14.0,15.0,16.0,17.0,19.0,21.0,22.0,23.0,24.0,28.0,33.0,inferred
Wandsworth,2021-03-18,8.0,11.0,13.0,14.0,15.0,16.0,17.0,19.0,20.0,21.0,23.0,26.0,31.0,inferred
Wandsworth,2021-03-19,7.0,9.0,11.0,12.0,13.0,15.0,16.0,17.0,19.0,20.0,21.0,24.0,28.0,inferred
Wandsworth,2021-03-20,5.0,7.0,9.0,10.0,11.0,12.0,13.0,14.0,16.0,17.0,18.0,21.0,26.0,inferred
Wandsworth,2021-03-21,6.0,9.0,11.0,12.0,12.7,14.0,15.0,16.0,18.0,19.0,20.0,23.0,28.0,inferred
Wandsworth,2021-03-22,9.0,12.0,15.0,16.0,16.0,18.0,19.0,21.0,23.0,24.0,25.0,28.0,34.0,inferred
Wandsworth,2021-03-23,9.0,12.0,14.0,15.0,16.0,18.0,19.0,21.0,22.0,23.2,25.0,28.0,33.0,inferred
Wandsworth,2021-03-24,9.0,12.0,14.0,15.0,16.0,17.0,19.0,20.0,22.0,23.0,24.0,28.0,33.0,inferred
Wandsworth,2021-03-25,7.0,10.0,12.0,13.0,14.0,15.0,17.0,18.0,20.0,21.0,22.0,25.0,30.0,inferred
Wandsworth,2021-03-26,6.0,9.0,11.0,11.0,12.0,14.0,15.0,16.0,17.0,18.0,19.0,22.0,27.0,inferred
Wandsworth,2021-03-27,4.0,6.0,8.0,8.0,9.0,10.0,11.0,13.0,14.0,15.0,16.0,18.0,23.0,inferred
Wandsworth,2021-03-28,5.0,7.0,9.0,10.0,11.0,12.0,13.0,14.0,16.0,16.0,17.0,20.0,25.0,inferred
Wandsworth,2021-03-29,7.0,10.0,11.0,12.0,13.0,14.0,16.0,17.0,19.0,19.0,21.0,24.0,29.0,inferred
Wandsworth,2021-03-30,6.0,9.0,11.0,12.0,12.0,13.0,15.0,16.0,17.0,18.0,19.0,22.0,27.0,inferred
Wandsworth,2021-03-31,6.0,9.0,11.0,11.0,12.0,13.0,15.0,16.0,18.0,19.0,19.0,22.0,27.0,inferred
Wandsworth,2021-04-01,5.0,8.0,9.0,10.0,11.0,12.0,13.0,14.0,16.0,17.0,18.0,21.0,25.0,inferred
Wandsworth,2021-04-02,4.0,6.0,8.0,8.0,9.0,10.0,11.0,12.0,14.0,15.0,15.0,18.0,22.0,inferred
Wandsworth,2021-04-03,2.0,4.0,6.0,6.0,7.0,8.0,9.0,10.0,11.0,12.0,13.0,15.0,19.0,inferred
Wandsworth,2021-04-04,3.0,5.0,6.0,7.0,8.0,9.0,10.0,11.0,12.0,13.0,14.0,16.0,20.0,inferred
Wandsworth,2021-04-05,4.0,6.9,8.0,9.0,10.0,11.0,12.0,13.0,15.0,15.0,16.0,19.0,24.0,inferred
Wandsworth,2021-04-06,4.0,6.0,8.0,9.0,10.0,11.0,12.0,13.0,14.0,15.0,16.0,19.0,23.0,inferred
Wandsworth,2021-04-07,4.0,7.0,8.0,9.0,10.0,11.0,12.0,13.0,15.0,16.0,17.0,19.0,24.0,inferred
Wandsworth,2021-04-08,4.0,6.0,8.0,8.0,9.0,10.0,11.0,13.0,14.0,15.0,16.0,18.0,23.0,inferred
Wandsworth,2021-04-09,3.0,5.0,7.0,8.0,8.0,9.0,11.0,12.0,13.0,13.0,14.0,17.0,21.0,inferred
Wandsworth,2021-04-10,2.0,4.0,5.0,6.0,6.0,7.0,8.0,9.0,11.0,11.0,12.0,14.0,18.0,inferred
Wandsworth,2021-04-11,3.0,5.0,7.0,7.0,8.0,9.0,10.0,11.0,12.0,13.0,14.0,16.0,20.0,inferred
Wandsworth,2021-04-12,5.0,7.0,9.0,9.0,10.0,11.0,12.0,14.0,15.0,16.0,17.0,20.0,24.0,inferred
Wandsworth,2021-04-13,4.0,7.0,9.0,10.0,10.0,12.0,13.0,14.0,15.3,16.0,17.0,20.0,25.0,inferred
Wandsworth,2021-04-14,5.0,7.0,9.0,10.0,10.0,12.0,13.0,14.0,16.0,17.0,18.0,20.0,25.0,inferred
Wandsworth,2021-04-15,5.0,7.0,9.0,9.0,10.0,11.0,12.0,14.0,15.0,16.0,17.0,19.0,24.0,inferred
Wandsworth,2021-04-16,4.0,6.0,8.0,8.0,9.0,10.0,11.0,12.0,14.0,14.0,15.0,18.0,23.0,inferred
Wandsworth,2021-04-17,3.0,5.0,6.0,7.0,7.0,8.0,9.0,10.0,12.0,12.0,13.0,16.0,19.0,inferred
Wandsworth,2021-04-18,3.0,6.0,7.0,8.0,8.0,10.0,11.0,12.0,13.0,14.0,15.0,17.0,21.0,inferred
Wandsworth,2021-04-19,5.0,8.0,10.0,10.0,11.0,13.0,14.0,15.0,17.0,18.0,19.0,21.0,26.0,inferred
Wandsworth,2021-04-20,5.0,7.0,9.0,10.0,11.0,12.0,13.0,15.0,16.0,17.0,18.0,21.0,26.0,inferred
Wandsworth,2021-04-21,5.0,7.0,9.0,10.0,10.0,12.0,13.0,14.0,16.0,17.0,18.0,21.0,26.5,inferred
Wandsworth,2021-04-22,5.0,6.0,8.0,9.0,10.0,11.0,12.0,13.0,15.0,15.0,16.0,19.0,23.0,inferred
Wandsworth,2021-04-23,4.0,6.0,7.0,8.0,8.0,9.0,10.0,11.0,13.0,14.0,14.0,17.0,20.5,inferred
Wandsworth,2021-04-24,2.0,4.0,5.0,5.0,6.0,7.0,8.0,9.0,10.0,11.0,11.0,13.0,17.0,inferred
Wandsworth,2021-04-25,2.0,4.0,5.0,6.0,6.0,7.0,8.0,9.0,11.0,11.0,12.0,14.0,18.0,inferred
Wandsworth,2021-04-26,3.0,6.0,7.0,8.0,8.0,10.0,11.0,12.0,13.0,14.0,15.0,18.0,21.0,inferred
Wandsworth,2021-04-27,3.0,5.0,7.0,7.0,8.0,9.0,10.0,11.0,12.0,13.0,14.0,16.0,20.0,inferred
Wandsworth,2021-04-28,3.0,5.0,6.0,7.0,8.0,9.0,10.0,11.0,12.0,13.0,14.0,16.0,20.0,inferred
Wandsworth,2021-04-29,2.0,4.0,6.0,6.0,7.0,8.0,9.0,10.0,11.0,11.0,12.0,15.0,19.0,inferred
Wandsworth,2021-04-30,2.0,3.0,5.0,5.0,6.0,7.0,8.0,8.0,10.0,10.0,11.0,13.0,17.5,inferred
Wandsworth,2021-05-01,1.0,2.0,3.0,4.0,4.0,5.0,6.0,7.0,8.0,8.0,9.0,11.0,14.0,inferred
Wandsworth,2021-05-02,1.0,3.0,4.0,4.0,5.0,6.0,7.0,7.4,9.0,9.0,10.0,12.0,16.0,inferred
Wandsworth,2021-05-03,2.0,4.0,5.0,6.0,6.0,7.0,8.0,9.0,10.0,11.0,12.0,14.0,18.0,inferred
Wandsworth,2021-05-04,2.0,4.0,5.0,6.0,6.0,7.0,8.0,9.0,10.0,11.0,12.0,14.0,18.0,inferred
Wandsworth,2021-05-05,2.0,4.0,5.0,6.0,6.0,7.0,8.0,9.0,10.0,11.0,12.0,14.0,18.0,inferred
Wandsworth,2021-05-06,2.0,3.0,5.0,5.0,6.0,6.6,7.0,9.0,10.0,10.0,11.0,13.0,17.0,inferred
Wandsworth,2021-05-07,1.0,3.0,4.0,4.0,5.0,6.0,7.0,8.0,9.0,9.0,10.0,12.0,15.0,inferred
Wandsworth,2021-05-08,1.0,2.0,3.0,4.0,4.0,5.0,5.0,6.0,7.0,8.0,9.0,10.0,15.0,inferred
Wandsworth,2021-05-09,1.0,3.0,4.0,4.0,5.0,5.0,6.0,7.0,8.0,9.0,9.0,11.0,15.0,inferred
Wandsworth,2021-05-10,2.0,4.0,5.0,5.0,6.0,7.0,8.0,9.0,10.0,11.0,12.0,14.0,17.5,inferred
Wandsworth,2021-05-11,2.0,4.0,5.0,6.0,6.0,7.0,8.0,9.0,10.0,11.0,12.0,14.0,17.0,inferred
Wandsworth,2021-05-12,2.0,4.0,5.0,6.0,6.0,7.0,8.0,9.0,10.0,11.0,12.0,14.0,18.0,inferred
Wandsworth,2021-05-13,1.0,3.0,5.0,5.0,6.0,7.0,8.0,9.0,10.0,11.0,11.0,13.0,17.0,inferred
Wandsworth,2021-05-14,2.0,3.0,4.0,5.0,5.0,6.0,7.0,8.0,9.0,9.0,10.0,12.0,16.0,inferred
Wandsworth,2021-05-15,1.0,2.0,3.0,4.0,4.0,5.0,6.0,7.0,8.0,8.0,9.0,11.0,14.0,inferred
Wandsworth,2021-05-16,1.0,3.0,4.0,4.0,5.0,6.0,6.0,7.0,8.0,9.0,10.0,12.0,15.5,inferred
Wandsworth,2021-05-17,2.0,4.0,5.0,6.0,6.0,7.0,9.0,10.0,11.0,12.0,12.0,15.0,18.0,inferred
Wandsworth,2021-05-18,3.0,4.0,6.0,6.0,7.0,8.0,9.0,10.0,11.0,12.0,13.0,15.0,19.0,inferred
Wandsworth,2021-05-19,3.0,5.0,6.0,7.0,7.0,8.0,10.0,11.0,12.0,13.0,14.0,16.0,21.0,inferred
Wandsworth,2021-05-20,2.0,5.0,6.0,7.0,7.0,8.0,9.0,10.0,12.0,13.0,14.0,16.0,19.0,inferred
Wandsworth,2021-05-21,2.0,4.0,6.0,6.0,7.0,8.0,9.0,10.0,11.0,12.0,13.0,15.0,19.0,inferred
Wandsworth,2021-05-22,2.0,4.0,5.0,5.0,6.0,7.0,8.0,9.0,10.0,11.0,11.0,13.0,17.0,inferred
Wandsworth,2021-05-23,3.0,5.0,6.0,7.0,7.0,8.0,10.0,11.0,12.0,13.0,13.0,16.0,20.0,inferred
Wandsworth,2021-05-24,5.0,7.0,9.0,10.0,10.0,12.0,13.0,14.0,16.0,17.0,18.0,20.0,25.0,inferred
Wandsworth,2021-05-25,6.0,8.0,10.0,11.0,11.0,13.0,14.0,15.0,17.0,18.0,19.0,21.0,26.0,inferred
Wandsworth,2021-05-26,7.0,10.0,12.0,13.0,14.0,15.0,16.0,18.0,20.0,20.0,22.0,24.0,28.0,inferred
Wandsworth,2021-05-27,8.0,11.0,13.0,14.0,14.0,16.0,17.0,19.0,20.3,21.0,23.0,26.0,31.0,inferred
Wandsworth,2021-05-28,8.0,11.0,13.0,14.0,14.0,16.0,17.0,19.0,20.0,22.0,23.0,26.0,31.0,inferred
Wandsworth,2021-05-29,7.0,10.0,12.0,12.0,13.0,14.0,16.0,17.0,19.0,20.0,21.0,24.0,28.0,inferred
Wandsworth,2021-05-30,10.0,13.0,15.0,16.0,17.0,19.0,20.0,22.0,24.0,25.0,26.0,29.0,36.0,inferred
Wandsworth,2021-05-31,17.0,21.0,24.0,25.0,26.0,28.0,30.0,32.0,34.0,35.0,36.0,40.1,47.0,inferred
Wandsworth,2021-06-01,18.5,23.0,26.0,27.0,28.0,30.0,32.0,35.0,37.0,38.0,40.0,44.0,51.0,inferred
Wandsworth,2021-06-02,22.0,27.0,30.0,31.0,32.0,35.0,37.0,39.0,42.0,43.0,45.0,49.0,55.0,inferred
Wandsworth,2021-06-03,23.0,28.0,31.0,32.0,33.0,36.0,38.0,40.0,43.0,44.0,45.0,49.0,58.0,inferred
Wandsworth,2021-06-04,21.0,26.0,30.0,31.0,32.0,34.0,36.0,39.0,41.0,43.0,44.0,48.0,55.0,inferred
Wandsworth,2021-06-05,19.0,23.0,26.0,27.0,29.0,31.0,33.0,35.0,37.0,38.0,40.0,44.0,51.0,inferred
Wandsworth,2021-06-06,24.0,30.0,34.0,35.0,36.0,38.0,41.0,43.0,46.0,47.0,48.0,53.0,60.0,inferred
Wandsworth,2021-06-07,37.0,43.0,48.0,49.0,50.0,53.0,56.0,58.0,61.0,63.0,64.0,70.0,78.5,inferred
Wandsworth,2021-06-08,39.0,45.0,50.0,51.0,52.0,55.0,58.0,61.0,64.0,66.0,68.0,73.0,81.5,inferred
Wandsworth,2021-06-09,42.0,48.0,52.0,54.0,56.0,59.0,61.0,64.0,67.0,69.0,71.0,76.0,85.0,inferred
Wandsworth,2021-06-10,39.0,45.0,49.0,51.0,52.0,55.0,58.0,61.0,64.0,65.0,67.0,72.1,82.0,inferred
Wandsworth,2021-06-11,34.0,41.0,44.0,46.0,47.0,50.0,52.0,55.0,58.0,59.0,61.0,66.0,74.0,inferred
Wandsworth,2021-06-12,27.0,32.0,36.0,38.0,39.0,42.0,44.0,47.0,49.0,51.0,52.0,57.0,65.0,inferred
Wandsworth,2021-06-13,33.0,39.0,43.0,45.0,46.0,49.0,51.0,54.0,57.0,58.0,60.0,65.0,73.0,inferred
Wandsworth,2021-06-14,46.0,52.0,57.0,59.0,61.0,64.0,67.0,70.0,73.0,75.0,77.2,83.0,91.0,inferred
Wandsworth,2021-06-15,46.0,53.0,58.0,60.0,62.0,65.0,68.0,71.0,74.0,76.0,78.0,84.0,93.0,inferred
Wandsworth,2021-06-16,49.0,55.0,60.0,62.0,64.0,67.0,70.0,73.0,76.0,78.0,80.0,85.0,94.0,inferred
Wandsworth,2021-06-17,44.0,52.0,56.0,59.0,60.0,63.0,66.0,69.0,72.0,74.0,77.0,82.0,93.0,inferred
Wandsworth,2021-06-18,41.0,46.0,51.0,52.8,54.0,58.0,60.0,63.0,66.0,68.0,70.0,75.0,82.5,inferred
Warrington,2021-03-06,8.0,11.0,13.0,14.0,15.0,16.0,17.0,19.0,20.0,21.0,22.0,25.0,29.0,inferred
Warrington,2021-03-07,9.0,13.0,15.0,16.0,16.0,18.0,19.0,21.0,22.0,23.0,24.0,27.0,31.0,inferred
Warrington,2021-03-08,13.0,17.0,19.0,20.0,21.0,23.0,24.0,26.0,28.0,29.0,31.0,33.0,37.5,inferred
Warrington,2021-03-09,14.0,17.0,19.0,20.0,21.0,23.0,24.0,26.0,28.0,29.0,30.0,33.0,39.0,inferred
Warrington,2021-03-10,13.0,17.0,19.0,20.0,21.0,23.0,24.0,26.0,27.0,28.0,30.0,33.0,37.5,inferred
Warrington,2021-03-11,13.0,16.0,18.0,19.0,20.0,21.0,23.0,25.0,26.0,27.0,29.0,32.0,36.0,inferred
Warrington,2021-03-12,10.0,14.0,16.0,17.0,18.0,19.0,21.0,22.0,24.0,25.0,26.0,29.0,35.0,inferred
Warrington,2021-03-13,7.0,10.0,12.0,13.0,14.0,15.0,17.0,18.0,19.0,20.0,21.0,24.0,28.0,inferred
Warrington,2021-03-14,9.0,13.0,15.0,16.0,16.0,18.0,19.0,21.0,22.0,23.0,24.0,26.0,31.0,inferred
Warrington,2021-03-15,13.0,17.0,19.0,20.0,21.0,23.0,25.0,26.0,28.0,29.0,31.0,34.0,39.0,inferred
Warrington,2021-03-16,13.0,17.0,19.0,20.0,21.0,23.0,24.0,26.0,28.0,29.0,30.0,33.0,39.0,inferred
Warrington,2021-03-17,13.0,17.0,19.0,20.0,21.0,23.0,24.0,26.0,28.0,29.0,30.0,33.0,39.0,inferred
Warrington,2021-03-18,12.0,15.0,18.0,19.0,20.0,21.0,23.0,24.0,26.0,27.0,28.0,31.0,36.0,inferred
Warrington,2021-03-19,10.0,13.0,15.0,16.0,17.0,18.0,20.0,21.0,23.0,24.0,25.0,28.0,33.0,inferred
Warrington,2021-03-20,7.0,9.0,11.0,12.0,12.0,14.0,15.0,16.0,18.0,19.0,20.0,22.0,26.5,inferred
Warrington,2021-03-21,8.0,11.0,13.0,14.0,14.0,16.0,17.0,19.0,20.0,21.0,22.0,25.0,29.0,inferred
Warrington,2021-03-22,11.0,15.0,17.0,18.0,18.7,20.0,21.5,23.0,25.0,26.0,27.0,30.0,35.0,inferred
Warrington,2021-03-23,9.0,13.0,16.0,16.0,17.0,19.0,20.0,22.0,24.0,25.0,26.0,29.0,33.5,inferred
Warrington,2021-03-24,9.0,12.0,15.0,15.0,16.0,18.0,19.0,21.0,22.0,23.0,24.0,28.0,33.0,inferred
Warrington,2021-03-25,8.0,11.0,13.0,14.0,14.0,16.0,17.0,18.0,20.0,21.0,22.0,25.0,28.5,inferred
Warrington,2021-03-26,6.0,8.0,10.0,11.0,11.0,13.0,14.0,15.0,16.0,17.0,18.0,21.0,25.0,inferred
Warrington,2021-03-27,3.0,5.0,7.0,7.0,8.0,9.0,10.0,11.0,12.0,13.0,14.0,16.0,20.0,inferred
Warrington,2021-03-28,4.0,6.0,8.0,8.0,9.0,10.0,11.0,12.0,13.0,14.0,15.0,17.0,20.0,inferred
Warrington,2021-03-29,5.0,8.0,9.0,10.0,11.0,12.0,13.0,14.0,15.0,16.0,17.0,20.0,24.0,inferred
Warrington,2021-03-30,5.0,7.0,9.0,9.0,10.0,11.0,12.0,14.0,15.0,16.0,17.0,19.0,23.0,inferred
Warrington,2021-03-31,4.0,7.0,8.0,9.0,10.0,11.0,12.0,13.0,14.0,15.0,16.0,19.0,23.0,inferred
Warrington,2021-04-01,4.0,5.0,7.0,8.0,8.0,9.0,11.0,12.0,13.0,14.0,15.0,17.0,21.0,inferred
Warrington,2021-04-02,3.0,5.0,6.0,6.0,7.0,8.0,9.0,10.0,11.0,12.0,12.0,14.0,18.0,inferred
Warrington,2021-04-03,2.0,3.0,4.0,5.0,5.0,6.0,7.0,8.0,9.0,9.0,10.0,12.0,16.0,inferred
Warrington,2021-04-04,2.0,4.0,5.0,5.0,6.0,7.0,8.0,8.0,10.0,10.0,11.0,13.0,17.0,inferred
Warrington,2021-04-05,3.0,5.0,6.0,7.0,8.0,9.0,10.0,11.0,12.0,12.0,13.0,15.0,19.0,inferred
Warrington,2021-04-06,3.0,5.0,6.0,7.0,7.0,8.0,9.0,10.0,11.0,12.0,13.0,15.0,19.0,inferred
Warrington,2021-04-07,3.0,5.0,6.0,6.0,7.0,8.0,9.0,10.0,11.0,12.0,13.0,15.0,18.0,inferred
Warrington,2021-04-08,2.0,4.0,5.0,6.0,7.0,8.0,8.0,9.0,10.0,11.0,11.0,13.0,17.0,inferred
Warrington,2021-04-09,2.0,3.0,5.0,5.0,6.0,6.0,7.0,8.0,9.0,10.0,10.2,12.0,15.0,inferred
Warrington,2021-04-10,1.0,2.0,3.0,4.0,4.0,5.0,5.0,6.0,7.0,8.0,8.0,10.0,13.0,inferred
Warrington,2021-04-11,1.0,3.0,4.0,4.0,5.0,5.0,6.0,7.0,8.0,8.0,9.0,11.0,14.0,inferred
Warrington,2021-04-12,2.0,4.0,5.0,5.0,6.0,7.0,8.0,9.0,10.0,10.0,11.0,13.0,16.0,inferred
Warrington,2021-04-13,2.0,3.9,5.0,5.0,6.0,7.0,8.0,9.0,10.0,10.0,11.0,13.0,17.0,inferred
Warrington,2021-04-14,2.0,3.0,5.0,5.0,6.0,6.0,7.0,8.0,9.0,10.0,11.0,12.0,16.0,inferred
Warrington,2021-04-15,1.0,3.0,4.0,5.0,5.0,6.0,7.0,8.0,9.0,9.0,10.0,12.0,15.0,inferred
Warrington,2021-04-16,1.0,2.0,3.0,4.0,4.0,5.0,6.0,7.0,8.0,8.0,9.0,11.0,14.0,inferred
Warrington,2021-04-17,0.0,2.0,2.0,3.0,3.0,4.0,5.0,5.0,6.0,7.0,7.0,9.0,12.0,inferred
Warrington,2021-04-18,1.0,2.0,3.0,3.0,4.0,4.0,5.0,6.0,7.0,7.0,8.0,10.0,12.0,inferred
Warrington,2021-04-19,1.0,3.0,4.0,4.0,5.0,6.0,7.0,8.0,9.0,9.0,10.0,12.0,15.0,inferred
Warrington,2021-04-20,1.0,3.0,4.0,4.0,5.0,6.0,6.0,7.0,8.0,9.0,9.0,12.0,15.0,inferred
Warrington,2021-04-21,1.0,3.0,4.0,4.0,5.0,6.0,6.0,7.0,8.0,9.0,10.0,11.0,14.0,inferred
Warrington,2021-04-22,1.0,3.0,3.0,4.0,4.0,5.0,6.0,7.0,8.0,8.0,9.0,11.0,14.0,inferred
Warrington,2021-04-23,1.0,2.0,3.0,3.0,3.0,4.0,5.0,6.0,7.0,7.0,8.0,9.0,13.0,inferred
Warrington,2021-04-24,0.0,1.0,2.0,2.0,3.0,3.0,4.0,5.0,5.0,6.0,6.2,8.0,11.0,inferred
Warrington,2021-04-25,1.0,2.0,3.0,3.0,3.0,4.0,5.0,6.0,6.0,7.0,7.0,9.0,12.0,inferred
Warrington,2021-04-26,1.0,2.0,3.0,4.0,4.0,5.0,6.0,7.0,8.0,9.0,9.0,11.0,14.0,inferred
Warrington,2021-04-27,1.0,2.0,3.0,4.0,4.0,5.0,6.0,7.0,8.0,8.0,9.0,11.0,13.5,inferred
Warrington,2021-04-28,1.0,2.0,3.0,4.0,4.0,5.0,6.0,7.0,8.0,8.0,9.0,11.0,14.0,inferred
Warrington,2021-04-29,1.0,2.0,3.0,3.0,4.0,5.0,5.0,6.0,7.0,7.0,8.0,9.1,13.0,inferred
Warrington,2021-04-30,0.0,1.0,2.0,3.0,3.0,4.0,4.0,5.0,6.0,6.0,7.0,8.0,11.0,inferred
Warrington,2021-05-01,0.0,1.0,2.0,2.0,2.0,3.0,3.0,4.0,5.0,5.0,5.0,7.0,9.0,inferred
Warrington,2021-05-02,0.0,1.0,2.0,2.0,2.0,3.0,4.0,4.0,5.0,6.0,6.0,8.0,10.0,inferred
Warrington,2021-05-03,0.0,1.0,2.0,3.0,3.0,4.0,5.0,5.0,6.0,7.0,7.0,9.0,12.0,inferred
Warrington,2021-05-04,0.0,1.0,2.0,3.0,3.0,3.0,4.0,5.0,6.0,6.0,7.0,8.0,11.0,inferred
Warrington,2021-05-05,1.0,1.0,2.0,2.0,3.0,3.0,4.0,5.0,5.0,6.0,6.0,8.0,11.0,inferred
Warrington,2021-05-06,0.0,1.0,2.0,2.0,2.0,3.0,4.0,4.0,5.0,6.0,6.0,8.0,10.0,inferred
Warrington,2021-05-07,0.0,1.0,1.0,2.0,2.0,3.0,3.0,4.0,5.0,5.0,6.0,7.0,9.0,inferred
Warrington,2021-05-08,0.0,0.0,1.0,1.0,1.0,2.0,2.0,3.0,4.0,4.0,4.0,6.0,8.0,inferred
Warrington,2021-05-09,0.0,0.0,1.0,1.0,2.0,2.0,3.0,3.0,4.0,4.0,5.0,6.0,9.0,inferred
Warrington,2021-05-10,0.0,1.0,2.0,2.0,2.0,3.0,4.0,4.0,5.0,5.0,6.0,7.0,10.0,inferred
Warrington,2021-05-11,0.0,1.0,2.0,2.0,2.0,3.0,3.0,4.0,5.0,5.0,6.0,7.0,10.0,inferred
Warrington,2021-05-12,0.0,1.0,2.0,2.0,2.0,3.0,3.0,4.0,5.0,5.0,6.0,7.0,10.0,inferred
Warrington,2021-05-13,0.0,1.0,1.0,2.0,2.0,2.0,3.0,4.0,4.0,5.0,5.0,7.0,9.0,inferred
Warrington,2021-05-14,0.0,0.0,1.0,1.0,2.0,2.0,3.0,3.0,4.0,4.0,5.0,6.0,9.0,inferred
Warrington,2021-05-15,0.0,0.0,1.0,1.0,1.0,1.0,2.0,2.0,3.0,3.0,4.0,5.0,7.0,inferred
Warrington,2021-05-16,0.0,0.0,1.0,1.0,1.0,2.0,2.0,3.0,3.0,4.0,4.0,5.1,8.0,inferred
Warrington,2021-05-17,0.0,1.0,1.0,2.0,2.0,2.0,3.0,4.0,4.0,5.0,5.0,7.0,9.0,inferred
Warrington,2021-05-18,0.0,1.0,1.0,2.0,2.0,2.6,3.0,4.0,4.0,5.0,5.0,7.0,9.0,inferred
Warrington,2021-05-19,0.0,1.0,2.0,2.0,2.0,3.0,3.0,4.0,5.0,5.0,6.0,7.0,10.0,inferred
Warrington,2021-05-20,0.0,1.0,1.0,2.0,2.0,3.0,3.0,4.0,5.0,5.0,5.0,7.0,10.0,inferred
Warrington,2021-05-21,0.0,1.0,1.0,2.0,2.0,2.0,3.0,4.0,4.0,5.0,5.0,7.0,9.0,inferred
Warrington,2021-05-22,0.0,0.0,1.0,1.0,1.0,2.0,2.0,3.0,4.0,4.0,5.0,6.0,8.0,inferred
Warrington,2021-05-23,0.0,1.0,1.0,2.0,2.0,3.0,3.0,4.0,4.0,5.0,5.0,7.0,9.0,inferred
Warrington,2021-05-24,0.0,1.0,2.0,3.0,3.0,4.0,4.0,5.0,6.0,7.0,7.0,9.0,12.0,inferred
Warrington,2021-05-25,1.0,2.0,3.0,4.0,4.0,5.0,5.0,6.0,7.0,8.0,9.0,10.0,13.0,inferred
Warrington,2021-05-26,2.0,3.0,4.0,4.0,5.0,6.0,7.0,8.0,9.0,9.0,10.0,12.0,15.0,inferred
Warrington,2021-05-27,2.0,3.0,5.0,5.0,6.0,7.0,7.0,8.0,10.0,10.0,11.0,13.0,16.0,inferred
Warrington,2021-05-28,2.0,4.0,5.0,6.0,6.0,7.0,8.0,9.0,10.0,11.0,11.0,14.0,16.0,inferred
Warrington,2021-05-29,2.0,3.0,5.0,5.0,6.0,7.0,7.0,9.0,10.0,10.0,11.0,13.0,16.0,inferred
Warrington,2021-05-30,3.0,5.0,7.0,8.0,8.0,9.0,10.0,11.0,13.0,13.0,14.0,16.0,21.0,inferred
Warrington,2021-05-31,7.0,10.0,11.0,12.0,13.0,14.0,15.0,17.0,18.0,19.0,20.0,23.0,28.0,inferred
Warrington,2021-06-01,8.0,11.0,13.0,14.0,15.0,16.0,18.0,19.0,21.0,21.2,22.2,26.0,30.5,inferred
Warrington,2021-06-02,10.0,14.0,16.0,17.0,18.0,19.0,21.0,23.0,25.0,26.0,27.0,30.0,34.0,inferred
Warrington,2021-06-03,13.0,16.0,18.0,19.0,20.0,21.0,23.0,25.0,27.0,28.0,29.0,32.0,38.0,inferred
Warrington,2021-06-04,13.0,17.0,19.0,20.0,21.0,23.0,24.0,26.0,28.0,29.0,30.0,33.0,38.0,inferred
Warrington,2021-06-05,12.0,15.0,17.0,18.0,19.0,20.0,22.0,24.0,25.0,26.0,27.0,31.0,36.0,inferred
Warrington,2021-06-06,16.0,20.0,23.0,25.0,26.0,27.0,29.0,31.0,33.0,34.0,35.0,39.0,44.0,inferred
Warrington,2021-06-07,26.0,32.0,35.0,37.0,38.0,40.0,42.0,45.0,47.0,49.0,51.0,54.0,62.0,inferred
Warrington,2021-06-08,31.0,36.0,39.0,40.0,42.0,44.0,46.0,48.0,51.0,52.0,54.0,58.0,65.0,inferred
Warrington,2021-06-09,31.0,38.0,42.0,43.8,45.0,47.0,49.0,52.0,54.0,55.0,57.0,62.0,70.0,inferred
Warrington,2021-06-10,32.0,38.0,42.0,43.0,45.0,47.0,50.0,52.0,55.0,56.0,58.0,63.0,70.0,inferred
Warrington,2021-06-11,30.0,35.0,39.0,41.0,42.0,44.0,47.0,49.0,52.0,53.0,55.0,59.0,66.0,inferred
Warrington,2021-06-12,24.0,29.0,32.0,34.0,35.0,37.0,39.0,41.0,43.0,45.0,46.0,50.0,57.0,inferred
Warrington,2021-06-13,32.0,36.0,40.0,42.0,43.0,46.0,48.0,50.0,52.3,54.0,55.0,60.1,69.0,inferred
Warrington,2021-06-14,44.0,51.0,56.0,57.0,59.0,62.0,64.0,67.0,70.0,72.0,74.0,79.0,88.0,inferred
Warrington,2021-06-15,46.0,53.0,57.0,59.0,61.0,63.0,66.0,69.0,72.0,74.0,76.0,81.0,91.0,inferred
Warrington,2021-06-16,48.0,55.0,60.0,61.0,63.0,66.0,69.0,72.0,75.3,77.0,79.0,85.0,95.0,inferred
Warrington,2021-06-17,47.0,54.0,59.0,61.0,63.0,65.0,68.0,71.0,75.0,77.0,79.0,84.0,93.0,inferred
Warrington,2021-06-18,43.0,49.0,53.8,55.0,57.0,60.0,63.0,66.0,69.0,71.0,73.0,79.0,88.0,inferred
Warwick,2021-03-06,2.0,3.0,4.0,5.0,5.0,6.0,7.0,8.0,9.0,9.0,10.0,11.0,14.0,inferred
Warwick,2021-03-07,3.0,4.0,5.0,6.0,6.0,7.0,8.0,9.0,10.0,11.0,11.0,13.0,16.0,inferred
Warwick,2021-03-08,4.0,6.0,8.0,8.0,9.0,10.0,11.0,12.0,13.0,13.0,14.0,16.0,19.0,inferred
Warwick,2021-03-09,4.0,6.0,7.0,8.0,8.0,9.0,10.0,11.0,12.0,13.0,13.0,16.0,19.0,inferred
Warwick,2021-03-10,4.0,6.0,8.0,8.0,9.0,10.0,11.0,12.0,13.0,14.0,14.2,17.0,20.0,inferred
Warwick,2021-03-11,3.0,5.0,7.0,7.0,8.0,9.0,10.0,11.0,12.0,12.0,13.0,15.0,18.5,inferred
Warwick,2021-03-12,3.0,4.0,6.0,6.0,7.0,8.0,9.0,10.0,11.0,11.0,12.0,14.0,18.0,inferred
Warwick,2021-03-13,2.0,3.0,4.0,5.0,5.0,6.0,7.0,8.0,9.0,9.0,10.0,11.0,14.0,inferred
Warwick,2021-03-14,2.0,4.0,5.0,6.0,6.0,7.0,8.0,9.0,10.0,11.0,11.0,13.0,16.0,inferred
Warwick,2021-03-15,4.0,6.0,7.0,8.0,8.0,9.0,10.0,11.0,12.0,13.0,14.0,16.0,19.0,inferred
Warwick,2021-03-16,3.0,5.0,6.0,7.0,8.0,9.0,9.0,10.0,12.0,12.0,13.0,15.0,18.0,inferred
Warwick,2021-03-17,3.0,5.0,7.0,7.0,8.0,9.0,10.0,11.0,12.0,13.0,13.0,15.0,19.0,inferred
Warwick,2021-03-18,2.0,4.0,6.0,6.0,6.0,7.0,8.0,9.0,10.0,11.0,12.0,14.0,17.0,inferred
Warwick,2021-03-19,2.0,4.0,5.0,5.0,6.0,7.0,7.0,8.0,9.0,10.0,10.0,12.0,15.0,inferred
Warwick,2021-03-20,1.0,2.0,3.0,3.0,4.0,5.0,5.0,6.0,7.0,8.0,8.0,10.0,13.0,inferred
Warwick,2021-03-21,2.0,3.0,4.0,4.0,5.0,5.0,6.0,7.0,8.0,9.0,9.0,11.0,14.0,inferred
Warwick,2021-03-22,2.0,4.0,5.0,6.0,6.0,7.0,8.0,9.0,10.0,10.0,11.0,13.0,16.0,inferred
Warwick,2021-03-23,2.0,3.0,4.0,5.0,5.0,6.0,7.0,8.0,9.0,10.0,10.0,12.0,15.0,inferred
Warwick,2021-03-24,2.0,3.0,5.0,5.0,5.0,6.0,7.0,8.0,9.0,10.0,10.0,12.0,15.0,inferred
Warwick,2021-03-25,1.0,3.0,4.0,4.0,5.0,5.0,6.0,7.0,8.0,8.0,9.0,11.0,13.0,inferred
Warwick,2021-03-26,1.0,2.0,3.0,3.0,4.0,5.0,5.0,6.0,7.0,8.0,8.0,10.0,12.0,inferred
Warwick,2021-03-27,0.0,1.0,2.0,2.0,3.0,3.0,4.0,5.0,5.0,6.0,6.0,8.0,10.0,inferred
Warwick,2021-03-28,1.0,2.0,3.0,3.0,3.0,4.0,5.0,5.0,6.0,6.0,7.0,9.0,11.0,inferred
Warwick,2021-03-29,1.0,2.0,3.0,4.0,4.0,5.0,6.0,6.0,7.0,8.0,8.0,10.0,13.0,inferred
Warwick,2021-03-30,1.0,2.0,3.0,3.0,4.0,4.0,5.0,6.0,7.0,7.0,8.0,9.0,12.0,inferred
Warwick,2021-03-31,1.0,2.0,3.0,3.0,4.0,4.0,5.0,6.0,7.0,7.0,8.0,9.0,12.0,inferred
Warwick,2021-04-01,0.0,1.0,2.0,3.0,3.0,4.0,4.0,5.0,6.0,6.0,7.0,8.0,11.0,inferred
Warwick,2021-04-02,0.0,1.0,2.0,2.0,2.0,3.0,3.0,4.0,5.0,5.0,6.0,7.0,9.0,inferred
Warwick,2021-04-03,0.0,1.0,1.0,1.0,2.0,2.0,3.0,3.0,4.0,4.0,5.0,6.0,8.0,inferred
Warwick,2021-04-04,0.0,1.0,1.0,2.0,2.0,2.0,3.0,4.0,4.0,5.0,5.0,6.0,8.0,inferred
Warwick,2021-04-05,0.0,1.0,2.0,2.0,3.0,3.0,4.0,4.0,5.0,5.0,6.0,7.0,9.0,inferred
Warwick,2021-04-06,0.0,1.0,2.0,2.0,2.0,3.0,3.0,4.0,5.0,5.0,6.0,7.0,9.0,inferred
Warwick,2021-04-07,0.0,1.0,2.0,2.0,2.0,3.0,3.0,4.0,5.0,5.0,6.0,7.0,9.0,inferred
Warwick,2021-04-08,0.0,1.0,1.0,1.0,2.0,2.0,3.0,3.0,4.0,4.0,5.0,6.0,9.0,inferred
Warwick,2021-04-09,0.0,0.0,1.0,1.0,1.0,2.0,2.0,3.0,3.0,4.0,4.0,5.0,7.0,inferred
Warwick,2021-04-10,0.0,0.0,1.0,1.0,1.0,1.0,2.0,2.0,3.0,3.0,3.0,5.0,7.0,inferred
Warwick,2021-04-11,0.0,0.0,1.0,1.0,1.0,2.0,2.0,2.0,3.0,3.0,4.0,5.0,6.0,inferred
Warwick,2021-04-12,0.0,1.0,1.0,1.0,2.0,2.0,2.0,3.0,4.0,4.0,4.0,6.0,8.0,inferred
Warwick,2021-04-13,0.0,0.0,1.0,1.0,1.0,2.0,2.0,3.0,4.0,4.0,4.0,5.1,8.0,inferred
Warwick,2021-04-14,0.0,0.0,1.0,1.0,1.0,2.0,2.0,3.0,4.0,4.0,4.0,6.0,8.0,inferred
Warwick,2021-04-15,0.0,0.0,1.0,1.0,1.0,2.0,2.0,3.0,3.0,3.0,4.0,5.0,7.0,inferred
Warwick,2021-04-16,0.0,0.0,1.0,1.0,1.0,2.0,2.0,2.0,3.0,3.0,4.0,5.0,7.0,inferred
Warwick,2021-04-17,0.0,0.0,0.0,1.0,1.0,1.0,2.0,2.0,2.0,3.0,3.0,4.0,6.0,inferred
Warwick,2021-04-18,0.0,0.0,1.0,1.0,1.0,1.0,2.0,2.0,3.0,3.0,4.0,5.0,6.0,inferred
Warwick,2021-04-19,0.0,0.0,1.0,1.0,2.0,2.0,2.0,3.0,4.0,4.0,4.0,6.0,8.0,inferred
Warwick,2021-04-20,0.0,0.0,1.0,1.0,1.0,2.0,2.0,3.0,4.0,4.0,4.0,5.0,8.0,inferred
Warwick,2021-04-21,0.0,0.0,1.0,1.0,2.0,2.0,2.0,3.0,4.0,4.0,4.0,6.0,8.0,inferred
Warwick,2021-04-22,0.0,0.0,1.0,1.0,1.0,2.0,2.0,3.0,3.0,4.0,4.0,5.0,7.0,inferred
Warwick,2021-04-23,0.0,0.0,1.0,1.0,1.0,1.6,2.0,2.0,3.0,3.0,4.0,5.0,7.0,inferred
Warwick,2021-04-24,0.0,0.0,0.0,1.0,1.0,1.0,1.0,2.0,2.0,3.0,3.0,4.0,6.0,inferred
Warwick,2021-04-25,0.0,0.0,1.0,1.0,1.0,1.0,2.0,2.0,3.0,3.0,4.0,5.0,6.0,inferred
Warwick,2021-04-26,0.0,1.0,1.0,1.0,1.0,2.0,2.0,3.0,4.0,4.0,4.0,5.0,8.0,inferred
Warwick,2021-04-27,0.0,0.0,1.0,1.0,2.0,2.0,2.0,3.0,3.0,4.0,4.0,5.0,7.0,inferred
Warwick,2021-04-28,0.0,1.0,1.0,1.0,2.0,2.0,3.0,3.0,4.0,4.0,5.0,6.0,8.0,inferred
Warwick,2021-04-29,0.0,0.0,1.0,1.0,1.0,2.0,2.0,3.0,3.0,4.0,4.0,5.0,7.0,inferred
Warwick,2021-04-30,0.0,0.0,1.0,1.0,1.0,2.0,2.0,2.0,3.0,3.0,4.0,5.0,7.0,inferred
Warwick,2021-05-01,0.0,0.0,0.0,1.0,1.0,1.0,1.0,2.0,2.0,3.0,3.0,4.0,6.0,inferred
Warwick,2021-05-02,0.0,0.0,1.0,1.0,1.0,1.0,2.0,2.0,3.0,3.0,3.0,4.0,6.0,inferred
Warwick,2021-05-03,0.0,0.0,1.0,1.0,1.0,2.0,2.0,3.0,3.0,4.0,4.0,5.0,7.0,inferred
Warwick,2021-05-04,0.0,0.0,1.0,1.0,1.0,2.0,2.0,3.0,3.0,4.0,4.0,5.0,7.0,inferred
Warwick,2021-05-05,0.0,0.0,1.0,1.0,1.0,1.0,2.0,2.0,3.0,3.0,4.0,5.0,7.0,inferred
Warwick,2021-05-06,0.0,0.0,1.0,1.0,1.0,1.0,2.0,2.0,3.0,3.0,3.0,4.0,6.0,inferred
Warwick,2021-05-07,0.0,0.0,0.0,1.0,1.0,1.0,2.0,2.0,2.0,3.0,3.0,4.0,6.0,inferred
Warwick,2021-05-08,0.0,0.0,0.0,0.0,0.0,1.0,1.0,1.0,2.0,2.0,2.0,3.0,5.0,inferred
Warwick,2021-05-09,0.0,0.0,0.0,0.0,1.0,1.0,1.0,2.0,2.0,2.0,3.0,4.0,5.0,inferred
Warwick,2021-05-10,0.0,0.0,1.0,1.0,1.0,1.0,2.0,2.0,3.0,3.0,3.0,4.0,6.0,inferred
Warwick,2021-05-11,0.0,0.0,0.0,1.0,1.0,1.0,1.0,2.0,2.0,3.0,3.0,4.0,6.0,inferred
Warwick,2021-05-12,0.0,0.0,0.0,1.0,1.0,1.0,2.0,2.0,3.0,3.0,3.0,4.0,6.0,inferred
Warwick,2021-05-13,0.0,0.0,0.0,0.0,1.0,1.0,1.0,2.0,2.0,3.0,3.0,4.0,5.0,inferred
Warwick,2021-05-14,0.0,0.0,0.0,0.0,0.0,1.0,1.0,2.0,2.0,2.0,3.0,3.0,5.0,inferred
Warwick,2021-05-15,0.0,0.0,0.0,0.0,0.0,0.0,1.0,1.0,1.0,2.0,2.0,3.0,4.0,inferred
Warwick,2021-05-16,0.0,0.0,0.0,0.0,0.0,1.0,1.0,1.0,2.0,2.0,2.0,3.0,4.0,inferred
Warwick,2021-05-17,0.0,0.0,0.0,0.0,0.0,1.0,1.0,2.0,2.0,2.0,3.0,4.0,5.5,inferred
Warwick,2021-05-18,0.0,0.0,0.0,0.0,0.0,1.0,1.0,2.0,2.0,2.0,3.0,3.0,5.0,inferred
Warwick,2021-05-19,0.0,0.0,0.0,0.0,1.0,1.0,1.0,2.0,2.0,2.0,3.0,4.0,5.0,inferred
Warwick,2021-05-20,0.0,0.0,0.0,0.0,1.0,1.0,1.0,1.0,2.0,2.0,3.0,3.0,5.0,inferred
Warwick,2021-05-21,0.0,0.0,0.0,0.0,0.0,1.0,1.0,1.0,2.0,2.0,2.0,3.0,5.0,inferred
Warwick,2021-05-22,0.0,0.0,0.0,0.0,0.0,0.0,1.0,1.0,1.0,2.0,2.0,3.0,4.0,inferred
Warwick,2021-05-23,0.0,0.0,0.0,0.0,0.0,1.0,1.0,1.0,2.0,2.0,2.0,3.0,5.0,inferred
Warwick,2021-05-24,0.0,0.0,0.0,1.0,1.0,1.0,1.0,2.0,2.0,3.0,3.0,4.0,6.0,inferred
Warwick,2021-05-25,0.0,0.0,0.0,1.0,1.0,1.0,2.0,2.0,2.0,3.0,3.0,4.0,6.0,inferred
Warwick,2021-05-26,0.0,0.0,1.0,1.0,1.0,1.0,2.0,2.0,3.0,3.0,4.0,5.0,7.0,inferred
Warwick,2021-05-27,0.0,0.0,1.0,1.0,1.0,1.0,2.0,2.0,3.0,3.0,4.0,5.0,6.0,inferred
Warwick,2021-05-28,0.0,0.0,1.0,1.0,1.0,1.0,2.0,2.0,3.0,3.0,4.0,5.0,7.0,inferred
Warwick,2021-05-29,0.0,0.0,0.0,1.0,1.0,1.0,2.0,2.0,2.0,3.0,3.0,4.0,6.0,inferred
Warwick,2021-05-30,0.0,0.0,1.0,1.0,1.0,2.0,2.0,3.0,3.0,3.0,4.0,5.0,7.0,inferred
Warwick,2021-05-31,0.0,1.0,1.0,2.0,2.0,2.0,3.0,3.0,4.0,5.0,5.0,6.0,8.0,inferred
Warwick,2021-06-01,0.0,1.0,1.0,2.0,2.0,3.0,3.0,4.0,4.0,5.0,5.0,7.0,9.0,inferred
Warwick,2021-06-02,0.0,1.0,2.0,2.0,3.0,3.0,4.0,4.0,5.0,6.0,6.0,7.0,10.0,inferred
Warwick,2021-06-03,0.0,1.0,2.0,2.0,3.0,3.0,4.0,5.0,5.0,6.0,6.0,8.0,10.0,inferred
Warwick,2021-06-04,0.0,1.9,2.0,2.0,3.0,3.0,4.0,5.0,5.0,6.0,6.0,8.0,10.0,inferred
Warwick,2021-06-05,0.0,1.0,2.0,2.0,2.0,3.0,3.0,4.0,5.0,5.0,6.0,7.0,9.0,inferred
Warwick,2021-06-06,1.0,2.0,2.0,3.0,3.0,4.0,5.0,5.0,6.0,7.0,7.0,8.0,11.0,inferred
Warwick,2021-06-07,1.0,3.0,4.0,4.0,5.0,6.0,7.0,7.0,8.0,9.0,10.0,11.0,14.0,inferred
Warwick,2021-06-08,2.0,3.0,5.0,5.0,6.0,6.0,7.0,8.0,9.0,9.2,10.0,12.0,15.0,inferred
Warwick,2021-06-09,3.0,5.0,6.0,6.0,7.0,8.0,9.0,10.0,11.0,12.0,12.0,14.0,17.0,inferred
Warwick,2021-06-10,3.0,5.0,7.0,7.0,8.0,9.0,9.0,11.0,12.0,12.0,13.0,15.0,18.0,inferred
Warwick,2021-06-11,3.0,6.0,7.0,8.0,8.0,9.0,10.0,11.0,12.0,13.0,13.0,15.0,19.0,inferred
Warwick,2021-06-12,3.0,5.0,6.0,7.0,7.0,8.0,9.0,10.0,11.0,12.0,13.0,15.0,18.0,inferred
Warwick,2021-06-13,5.0,8.0,9.0,10.0,11.0,12.0,13.0,14.0,15.3,16.0,17.0,19.0,23.0,inferred
Warwick,2021-06-14,9.0,12.0,14.0,15.0,16.0,17.0,19.0,20.0,22.0,23.0,24.0,26.0,31.0,inferred
Warwick,2021-06-15,12.0,15.0,17.0,18.0,19.0,20.0,22.0,23.0,25.0,26.0,27.0,30.0,35.0,inferred
Warwick,2021-06-16,16.0,19.0,22.0,23.0,24.0,25.0,27.0,29.0,31.0,32.0,33.0,36.0,42.0,inferred
Warwick,2021-06-17,16.0,20.0,23.0,24.0,25.0,27.0,29.0,31.0,33.0,34.0,35.0,39.0,45.0,inferred
Warwick,2021-06-18,17.0,21.0,25.0,26.0,27.0,29.0,31.0,33.0,35.0,36.0,38.0,42.0,48.0,inferred
Watford,2021-03-06,1.0,2.0,3.0,3.0,3.0,4.0,5.0,5.0,6.0,7.0,7.0,9.0,11.0,inferred
Watford,2021-03-07,1.0,2.0,3.0,4.0,4.0,5.0,5.0,6.0,7.0,7.0,8.0,9.0,12.0,inferred
Watford,2021-03-08,2.0,3.0,4.0,4.0,5.0,6.0,7.0,7.0,8.0,9.0,10.0,11.0,14.0,inferred
Watford,2021-03-09,1.0,3.0,4.0,4.0,5.0,5.6,6.0,7.0,8.0,8.0,9.0,11.0,13.0,inferred
Watford,2021-03-10,1.0,3.0,4.0,4.0,5.0,5.0,6.0,7.0,8.0,8.0,9.0,11.0,14.0,inferred
Watford,2021-03-11,1.0,2.0,3.0,4.0,4.0,5.0,6.0,6.0,7.0,8.0,8.0,10.0,13.0,inferred
Watford,2021-03-12,1.0,2.0,2.0,3.0,3.0,4.0,5.0,5.0,6.0,7.0,8.0,9.0,12.0,inferred
Watford,2021-03-13,0.0,1.0,2.0,2.0,2.0,3.0,3.0,4.0,5.0,5.0,6.0,7.0,10.0,inferred
Watford,2021-03-14,0.0,1.0,2.0,3.0,3.0,3.0,4.0,5.0,6.0,6.0,7.0,8.0,11.0,inferred
Watford,2021-03-15,1.0,2.0,3.0,3.0,4.0,4.0,5.0,6.0,6.0,7.0,7.2,9.0,12.0,inferred
Watford,2021-03-16,0.0,2.0,3.0,3.0,3.0,4.0,5.0,5.0,6.0,7.0,7.0,9.0,12.0,inferred
Watford,2021-03-17,0.0,2.0,3.0,3.0,4.0,4.0,5.0,6.0,7.0,7.0,8.0,9.0,12.0,inferred
Watford,2021-03-18,0.0,2.0,2.0,3.0,3.0,4.0,4.0,5.0,6.0,6.0,7.0,8.1,11.0,inferred
Watford,2021-03-19,0.0,1.0,2.0,3.0,3.0,3.0,4.0,5.0,5.0,6.0,7.0,8.0,10.0,inferred
Watford,2021-03-20,0.0,1.0,2.0,2.0,2.0,3.0,3.0,4.0,4.3,5.0,5.0,7.0,9.0,inferred
Watford,2021-03-21,0.0,1.0,2.0,2.0,3.0,3.0,4.0,4.0,5.0,6.0,6.0,8.0,10.0,inferred
Watford,2021-03-22,1.0,2.0,3.0,3.0,3.0,4.0,5.0,6.0,6.0,7.0,8.0,9.0,12.0,inferred
Watford,2021-03-23,1.0,2.0,3.0,3.0,3.0,4.0,5.0,6.0,6.0,7.0,7.0,9.0,12.0,inferred
Watford,2021-03-24,1.0,2.0,3.0,3.0,4.0,4.0,5.0,6.0,7.0,7.0,8.0,9.0,12.0,inferred
Watford,2021-03-25,1.0,2.0,3.0,3.0,3.0,4.0,5.0,5.0,6.0,7.0,7.0,9.0,11.0,inferred
Watford,2021-03-26,0.5,1.0,2.0,3.0,3.0,4.0,4.0,5.0,6.0,6.0,7.0,8.0,11.0,inferred
Watford,2021-03-27,0.0,1.0,2.0,2.0,2.0,3.0,3.0,4.0,5.0,5.0,5.2,7.0,10.0,inferred
Watford,2021-03-28,0.0,1.0,2.0,2.0,3.0,3.0,4.0,5.0,5.0,6.0,6.0,8.0,10.0,inferred
Watford,2021-03-29,1.0,2.0,3.0,3.0,4.0,4.0,5.0,6.0,7.0,7.0,8.0,9.0,12.0,inferred
Watford,2021-03-30,1.0,2.0,3.0,3.0,3.0,4.0,5.0,5.0,6.0,7.0,7.0,9.0,12.0,inferred
Watford,2021-03-31,1.0,2.0,3.0,3.0,4.0,4.0,5.0,6.0,7.0,8.0,8.0,10.0,13.0,inferred
Watford,2021-04-01,1.0,2.0,3.0,3.0,3.0,4.0,5.0,5.0,6.0,7.0,7.0,9.0,12.0,inferred
Watford,2021-04-02,0.0,1.0,2.0,3.0,3.0,4.0,4.0,5.0,6.0,6.0,7.0,8.0,11.0,inferred
Watford,2021-04-03,0.0,1.0,2.0,2.0,2.0,3.0,3.0,4.0,5.0,5.0,6.0,7.0,10.0,inferred
Watford,2021-04-04,0.0,1.0,2.0,2.0,3.0,3.0,4.0,4.0,5.0,6.0,6.0,8.0,10.0,inferred
Watford,2021-04-05,1.0,2.0,3.0,3.0,3.0,4.0,5.0,5.0,6.0,7.0,7.0,9.0,12.0,inferred
Watford,2021-04-06,1.0,1.9,2.0,3.0,3.0,4.0,4.0,5.0,6.0,6.0,7.0,9.0,11.0,inferred
Watford,2021-04-07,1.0,2.0,3.0,3.0,3.0,4.0,5.0,6.0,6.0,7.0,7.0,9.0,12.0,inferred
Watford,2021-04-08,0.0,1.0,2.0,3.0,3.0,4.0,4.0,5.0,6.0,7.0,7.0,9.0,11.0,inferred
Watford,2021-04-09,0.0,1.0,2.0,2.0,3.0,3.0,4.0,5.0,5.0,6.0,7.0,8.0,11.0,inferred
Watford,2021-04-10,0.0,1.0,1.0,2.0,2.0,3.0,3.0,4.0,4.0,5.0,5.0,7.0,9.0,inferred
Watford,2021-04-11,0.0,1.0,2.0,2.0,3.0,3.0,4.0,4.0,5.0,6.0,6.0,8.0,10.0,inferred
Watford,2021-04-12,0.0,2.0,2.0,3.0,3.0,4.0,5.0,5.0,6.0,7.0,7.0,9.0,12.0,inferred
Watford,2021-04-13,0.0,1.0,2.0,3.0,3.0,4.0,4.0,5.0,6.0,6.0,7.0,8.0,11.0,inferred
Watford,2021-04-14,0.0,1.0,2.0,3.0,3.0,4.0,4.0,5.0,6.0,7.0,7.0,9.0,12.0,inferred
Watford,2021-04-15,1.0,1.0,2.0,3.0,3.0,4.0,4.0,5.0,6.0,6.0,7.0,9.0,11.0,inferred
Watford,2021-04-16,0.0,1.0,2.0,2.0,2.0,3.0,4.0,4.0,5.0,6.0,6.0,7.0,10.0,inferred
Watford,2021-04-17,0.0,1.0,1.0,2.0,2.0,3.0,3.0,4.0,4.0,5.0,5.0,7.0,9.0,inferred
Watford,2021-04-18,0.0,1.0,2.0,2.0,2.0,3.0,3.0,4.0,5.0,5.0,6.0,7.0,9.0,inferred
Watford,2021-04-19,0.0,1.0,2.0,3.0,3.0,4.0,4.0,5.0,6.0,6.0,7.0,8.0,11.0,inferred
Watford,2021-04-20,0.0,1.0,2.0,3.0,3.0,4.0,4.0,5.0,6.0,6.0,7.0,8.0,11.0,inferred
Watford,2021-04-21,0.0,2.0,2.0,3.0,3.0,4.0,4.0,5.0,6.0,6.0,7.0,9.0,11.0,inferred
Watford,2021-04-22,0.0,1.0,2.0,2.0,3.0,3.0,4.0,5.0,5.0,6.0,6.0,8.0,10.0,inferred
Watford,2021-04-23,0.0,1.0,2.0,2.0,2.0,3.0,4.0,4.0,5.0,5.0,6.0,7.1,10.0,inferred
Watford,2021-04-24,0.0,1.0,1.0,1.0,2.0,2.0,3.0,3.0,4.0,4.0,5.0,6.0,9.0,inferred
Watford,2021-04-25,0.0,1.0,1.0,2.0,2.0,3.0,3.0,4.0,5.0,5.0,5.0,7.0,10.0,inferred
Watford,2021-04-26,0.0,1.0,2.0,3.0,3.0,4.0,4.0,5.0,6.0,6.0,7.0,8.0,11.0,inferred
Watford,2021-04-27,0.0,1.0,2.0,2.0,3.0,3.0,4.0,5.0,6.0,6.0,7.0,8.0,11.0,inferred
Watford,2021-04-28,0.0,1.0,2.0,3.0,3.0,4.0,4.0,5.0,6.0,6.0,7.0,8.0,11.0,inferred
Watford,2021-04-29,0.0,1.0,2.0,2.0,3.0,3.0,4.0,5.0,5.0,6.0,7.0,8.0,11.0,inferred
Watford,2021-04-30,0.0,1.0,2.0,2.0,2.0,3.0,4.0,4.0,5.0,6.0,6.0,7.0,10.0,inferred
Watford,2021-05-01,0.0,1.0,1.0,2.0,2.0,2.0,3.0,4.0,4.0,5.0,5.0,6.0,9.0,inferred
Watford,2021-05-02,0.0,1.0,2.0,2.0,2.0,3.0,4.0,4.0,5.0,5.0,6.0,7.0,10.0,inferred
Watford,2021-05-03,1.0,2.0,3.0,3.0,3.0,4.0,5.0,5.0,6.0,7.0,7.0,9.0,12.0,inferred
Watford,2021-05-04,0.0,2.0,2.0,3.0,3.0,4.0,4.0,5.0,6.0,6.0,7.0,8.0,11.0,inferred
Watford,2021-05-05,1.0,2.0,3.0,3.0,3.0,4.0,5.0,6.0,7.0,7.0,8.0,10.0,12.0,inferred
Watford,2021-05-06,1.0,2.0,3.0,3.0,3.0,4.0,5.0,5.0,6.0,7.0,7.0,9.0,12.0,inferred
Watford,2021-05-07,0.0,1.0,2.0,3.0,3.0,4.0,4.0,5.0,6.0,6.0,7.0,8.0,11.0,inferred
Watford,2021-05-08,0.0,1.0,2.0,2.0,2.0,3.0,3.0,4.0,5.0,5.0,6.0,7.0,10.0,inferred
Watford,2021-05-09,0.0,1.0,2.0,3.0,3.0,3.6,4.0,5.0,6.0,6.0,7.0,8.0,11.0,inferred
Watford,2021-05-10,1.0,2.0,3.0,3.0,4.0,5.0,5.0,6.0,7.0,8.0,8.0,10.0,13.0,inferred
Watford,2021-05-11,1.0,2.0,3.0,3.0,4.0,4.0,5.0,6.0,7.0,7.0,8.0,10.0,12.0,inferred
Watford,2021-05-12,1.0,2.0,3.0,4.0,4.0,5.0,6.0,6.0,7.0,8.0,8.0,10.0,13.0,inferred
Watford,2021-05-13,1.0,2.0,3.0,4.0,4.0,5.0,5.0,6.0,7.0,7.0,8.0,9.0,13.0,inferred
Watford,2021-05-14,1.0,2.0,3.0,3.0,3.0,4.0,5.0,5.0,6.0,7.0,7.0,9.0,12.0,inferred
Watford,2021-05-15,0.0,1.0,2.0,2.0,2.0,3.0,4.0,4.0,5.0,6.0,6.0,8.0,10.0,inferred
Watford,2021-05-16,1.0,2.0,2.0,3.0,3.0,4.0,5.0,5.0,6.0,7.0,7.0,9.0,12.0,inferred
Watford,2021-05-17,1.0,3.0,4.0,4.0,4.0,5.0,6.0,7.0,8.0,8.0,9.0,11.0,14.0,inferred
Watford,2021-05-18,1.0,2.0,3.0,4.0,4.0,5.0,6.0,7.0,8.0,8.0,9.0,10.0,14.0,inferred
Watford,2021-05-19,1.0,3.0,4.0,4.0,5.0,6.0,6.0,7.0,8.0,9.0,9.0,11.0,15.0,inferred
Watford,2021-05-20,1.0,3.0,4.0,4.0,5.0,5.0,6.0,7.0,8.0,9.0,9.0,11.0,14.0,inferred
Watford,2021-05-21,1.0,2.0,3.0,4.0,4.0,5.0,6.0,7.0,8.0,8.0,9.0,10.0,14.0,inferred
Watford,2021-05-22,1.0,2.0,3.0,3.0,3.0,4.0,5.0,6.0,7.0,7.0,8.0,9.0,13.0,inferred
Watford,2021-05-23,1.0,2.0,4.0,4.0,5.0,5.0,6.0,7.0,8.0,9.0,9.0,11.0,14.5,inferred
Watford,2021-05-24,2.0,4.0,5.0,6.0,6.0,7.0,8.0,9.0,10.0,11.0,11.0,13.0,16.5,inferred
Watford,2021-05-25,2.0,4.0,5.0,5.0,6.0,7.0,8.0,9.0,10.0,10.0,11.0,13.0,16.0,inferred
Watford,2021-05-26,3.0,4.0,6.0,6.0,7.0,8.0,8.0,10.0,11.0,12.0,12.0,14.0,17.0,inferred
Watford,2021-05-27,2.0,4.0,5.0,6.0,6.0,7.0,8.0,9.0,10.0,11.0,11.0,13.0,17.0,inferred
Watford,2021-05-28,2.0,3.0,5.0,5.0,5.7,6.0,7.0,8.0,9.0,10.0,10.0,12.0,16.0,inferred
Watford,2021-05-29,1.0,3.0,4.0,4.0,4.0,5.0,6.0,7.0,8.0,8.0,9.0,11.0,14.0,inferred
Watford,2021-05-30,2.0,3.0,4.0,5.0,5.0,6.0,7.0,8.0,9.0,9.0,10.0,12.0,16.0,inferred
Watford,2021-05-31,3.0,4.0,6.0,6.0,7.0,8.0,9.0,10.0,11.0,11.0,12.0,14.0,18.0,inferred
Watford,2021-06-01,2.0,4.0,6.0,6.0,7.0,8.0,9.0,10.0,11.0,12.0,12.0,14.0,18.0,inferred
Watford,2021-06-02,3.0,5.0,6.0,7.0,7.0,8.0,9.0,10.0,11.0,12.0,13.0,15.0,18.0,inferred
Watford,2021-06-03,3.0,4.0,6.0,6.0,7.0,8.0,9.0,10.0,11.0,12.0,12.0,14.0,17.0,inferred
Watford,2021-06-04,2.0,4.0,5.0,6.0,6.0,7.0,8.0,9.0,10.0,10.0,11.0,13.0,17.0,inferred
Watford,2021-06-05,2.0,3.0,4.0,4.0,5.0,6.0,7.0,7.0,8.0,9.0,9.0,11.0,14.5,inferred
Watford,2021-06-06,2.0,4.0,5.0,6.0,6.0,7.0,8.0,9.0,10.0,11.0,11.0,13.0,17.0,inferred
Watford,2021-06-07,3.0,5.0,7.0,7.0,8.0,9.0,10.0,11.0,12.0,13.0,14.0,16.0,20.0,inferred
Watford,2021-06-08,3.0,5.0,7.0,7.0,8.0,9.0,10.0,11.0,12.0,13.0,14.0,16.0,19.0,inferred
Watford,2021-06-09,4.0,6.0,7.0,8.0,8.0,9.0,10.0,12.0,13.0,14.0,15.0,17.0,20.0,inferred
Watford,2021-06-10,4.0,6.0,7.0,8.0,8.0,9.0,10.0,11.0,13.0,13.0,14.0,16.0,20.0,inferred
Watford,2021-06-11,3.0,5.0,6.0,7.0,7.0,8.0,9.0,10.0,11.0,12.0,13.0,15.0,18.5,inferred
Watford,2021-06-12,2.0,3.0,5.0,5.0,6.0,7.0,8.0,9.0,10.0,10.0,11.0,13.0,17.0,inferred
Watford,2021-06-13,3.0,5.0,6.0,6.0,7.0,8.0,9.0,10.0,11.0,12.0,13.0,15.0,18.0,inferred
Watford,2021-06-14,4.0,6.0,8.0,9.0,9.0,10.0,11.0,12.0,14.0,15.0,15.0,18.0,22.0,inferred
Watford,2021-06-15,4.0,6.0,8.0,8.0,9.0,10.0,11.0,12.0,14.0,14.0,15.0,17.0,22.0,inferred
Watford,2021-06-16,4.0,7.0,9.0,9.0,10.0,11.0,12.0,14.0,15.0,16.0,17.0,19.0,24.0,inferred
Watford,2021-06-17,4.0,6.0,8.0,8.0,9.0,10.0,11.0,13.0,14.0,15.0,16.0,18.0,22.0,inferred
Watford,2021-06-18,4.0,6.0,7.0,8.0,8.0,9.0,10.0,11.0,13.0,14.0,15.0,17.0,21.5,inferred
Waverley,2021-03-06,0.0,0.0,1.0,1.0,1.0,2.0,2.0,3.0,3.0,4.0,4.0,5.0,7.0,inferred
Waverley,2021-03-07,0.0,1.0,1.0,1.0,2.0,2.0,2.0,3.0,4.0,4.0,4.0,5.0,7.0,inferred
Waverley,2021-03-08,0.0,1.0,1.0,2.0,2.0,2.0,3.0,4.0,4.0,5.0,5.0,6.0,8.0,inferred
Waverley,2021-03-09,0.0,1.0,1.0,2.0,2.0,2.0,3.0,3.0,4.0,4.0,4.0,6.0,8.0,inferred
Waverley,2021-03-10,0.0,1.0,1.0,2.0,2.0,2.0,3.0,3.0,4.0,4.0,5.0,6.0,8.0,inferred
Waverley,2021-03-11,0.0,1.0,1.0,1.0,2.0,2.0,3.0,3.0,4.0,4.0,4.0,6.0,8.0,inferred
Waverley,2021-03-12,0.0,0.0,1.0,1.0,1.0,2.0,2.0,3.0,3.0,4.0,4.0,5.0,7.0,inferred
Waverley,2021-03-13,0.0,0.0,1.0,1.0,1.0,1.0,2.0,2.0,3.0,3.0,4.0,5.0,6.0,inferred
Waverley,2021-03-14,0.0,0.0,1.0,1.0,1.0,2.0,2.0,3.0,3.0,4.0,4.0,5.0,7.0,inferred
Waverley,2021-03-15,0.0,1.0,1.0,2.0,2.0,2.0,3.0,3.0,4.0,4.0,5.0,6.0,8.0,inferred
Waverley,2021-03-16,0.0,1.0,1.0,2.0,2.0,2.0,3.0,3.0,4.0,4.0,5.0,6.0,8.0,inferred
Waverley,2021-03-17,0.0,1.0,1.0,2.0,2.0,2.0,3.0,3.0,4.0,4.0,5.0,6.0,8.5,inferred
Waverley,2021-03-18,0.0,1.0,1.0,1.0,2.0,2.0,3.0,3.0,4.0,4.0,5.0,6.0,8.0,inferred
Waverley,2021-03-19,0.0,0.0,1.0,1.0,2.0,2.0,2.0,3.0,3.0,4.0,4.0,5.0,7.0,inferred
Waverley,2021-03-20,0.0,0.0,1.0,1.0,1.0,1.0,2.0,2.0,3.0,3.0,3.0,5.0,6.0,inferred
Waverley,2021-03-21,0.0,0.0,1.0,1.0,1.0,2.0,2.0,3.0,3.0,4.0,4.0,5.0,7.0,inferred
Waverley,2021-03-22,0.0,1.0,1.0,1.0,2.0,2.0,3.0,3.0,4.0,4.0,5.0,6.0,8.0,inferred
Waverley,2021-03-23,0.0,1.0,1.0,1.0,2.0,2.0,3.0,3.0,4.0,4.0,5.0,6.0,8.0,inferred
Waverley,2021-03-24,0.0,0.0,1.0,1.0,2.0,2.0,3.0,3.0,4.0,4.0,4.0,5.0,7.0,inferred
Waverley,2021-03-25,0.0,0.0,1.0,1.0,1.0,2.0,2.0,3.0,3.0,4.0,4.0,5.0,7.0,inferred
Waverley,2021-03-26,0.0,0.0,1.0,1.0,1.0,1.0,2.0,2.0,3.0,3.0,3.0,4.0,6.0,inferred
Waverley,2021-03-27,0.0,0.0,0.0,1.0,1.0,1.0,1.0,2.0,2.0,2.0,3.0,4.0,5.0,inferred
Waverley,2021-03-28,0.0,0.0,0.0,1.0,1.0,1.0,2.0,2.0,2.0,3.0,3.0,4.0,6.0,inferred
Waverley,2021-03-29,0.0,0.0,1.0,1.0,1.0,1.0,2.0,2.0,3.0,3.0,3.0,4.0,6.0,inferred
Waverley,2021-03-30,0.0,0.0,1.0,1.0,1.0,1.0,2.0,2.0,3.0,3.0,3.0,4.0,6.0,inferred
Waverley,2021-03-31,0.0,0.0,0.0,1.0,1.0,1.0,2.0,2.0,3.0,3.0,3.0,4.0,6.0,inferred
Waverley,2021-04-01,0.0,0.0,0.0,1.0,1.0,1.0,2.0,2.0,2.0,3.0,3.0,4.0,6.0,inferred
Waverley,2021-04-02,0.0,0.0,0.0,0.0,1.0,1.0,1.0,2.0,2.0,2.0,3.0,4.0,5.0,inferred
Waverley,2021-04-03,0.0,0.0,0.0,0.0,0.0,1.0,1.0,1.0,2.0,2.0,2.0,3.0,5.0,inferred
Waverley,2021-04-04,0.0,0.0,0.0,0.0,1.0,1.0,1.0,2.0,2.0,2.0,3.0,4.0,5.0,inferred
Waverley,2021-04-05,0.0,0.0,0.0,1.0,1.0,1.0,2.0,2.0,2.0,3.0,3.0,4.0,6.0,inferred
Waverley,2021-04-06,0.0,0.0,0.0,1.0,1.0,1.0,1.0,2.0,2.0,3.0,3.0,4.0,6.0,inferred
Waverley,2021-04-07,0.0,0.0,0.0,1.0,1.0,1.0,1.0,2.0,2.0,3.0,3.0,4.0,6.0,inferred
Waverley,2021-04-08,0.0,0.0,0.0,0.0,1.0,1.0,1.0,2.0,2.0,3.0,3.0,4.0,6.0,inferred
Waverley,2021-04-09,0.0,0.0,0.0,0.0,1.0,1.0,1.0,2.0,2.0,2.0,3.0,3.0,5.0,inferred
Waverley,2021-04-10,0.0,0.0,0.0,0.0,0.0,1.0,1.0,1.0,2.0,2.0,2.0,3.0,4.0,inferred
Waverley,2021-04-11,0.0,0.0,0.0,0.0,1.0,1.0,1.0,2.0,2.0,2.0,3.0,3.0,5.0,inferred
Waverley,2021-04-12,0.0,0.0,0.0,1.0,1.0,1.0,2.0,2.0,3.0,3.0,3.0,4.0,6.0,inferred
Waverley,2021-04-13,0.0,0.0,1.0,1.0,1.0,1.0,2.0,2.0,3.0,3.0,3.0,4.0,6.0,inferred
Waverley,2021-04-14,0.0,0.0,1.0,1.0,1.0,2.0,2.0,3.0,3.0,3.0,4.0,5.0,6.0,inferred
Waverley,2021-04-15,0.0,0.0,1.0,1.0,1.0,2.0,2.0,3.0,3.0,3.0,4.0,5.0,7.0,inferred
Waverley,2021-04-16,0.0,0.0,1.0,1.0,1.0,1.0,2.0,2.0,3.0,3.0,4.0,4.1,6.0,inferred
Waverley,2021-04-17,0.0,0.0,1.0,1.0,1.0,1.0,2.0,2.0,2.0,3.0,3.0,4.0,6.0,inferred
Waverley,2021-04-18,0.0,0.0,1.0,1.0,1.0,2.0,2.0,3.0,3.0,4.0,4.0,5.0,7.0,inferred
Waverley,2021-04-19,0.0,1.0,1.0,2.0,2.0,2.0,3.0,4.0,4.0,5.0,5.0,6.0,8.5,inferred
Waverley,2021-04-20,0.0,1.0,2.0,2.0,2.0,3.0,3.0,4.0,4.0,5.0,5.0,7.0,9.0,inferred
Waverley,2021-04-21,0.0,1.0,2.0,2.0,2.0,3.0,3.0,4.0,5.0,5.0,6.0,7.0,9.0,inferred
Waverley,2021-04-22,0.0,1.0,2.0,2.0,2.0,3.0,3.0,4.0,4.0,5.0,5.0,7.0,9.0,inferred
Waverley,2021-04-23,0.0,1.0,1.0,2.0,2.0,2.0,3.0,3.0,4.0,4.0,5.0,6.0,8.0,inferred
Waverley,2021-04-24,0.0,0.0,1.0,1.0,1.0,2.0,2.0,3.0,3.0,4.0,4.0,5.0,7.0,inferred
Waverley,2021-04-25,0.0,1.0,1.0,2.0,2.0,2.0,3.0,3.0,4.0,4.0,5.0,6.0,8.0,inferred
Waverley,2021-04-26,0.0,1.0,2.0,2.0,2.0,3.0,3.0,4.0,5.0,5.0,5.0,7.0,9.0,inferred
Waverley,2021-04-27,0.0,1.0,2.0,2.0,2.0,3.0,3.0,4.0,4.0,5.0,5.0,6.0,8.5,inferred
Waverley,2021-04-28,0.0,1.0,1.0,2.0,2.0,3.0,3.0,4.0,4.0,5.0,5.0,6.0,8.0,inferred
Waverley,2021-04-29,0.0,1.0,1.0,1.0,2.0,2.0,3.0,3.0,4.0,4.0,4.0,6.0,8.0,inferred
Waverley,2021-04-30,0.0,0.0,1.0,1.0,1.0,2.0,2.0,2.0,3.0,3.0,4.0,5.0,7.0,inferred
Waverley,2021-05-01,0.0,0.0,0.0,1.0,1.0,1.0,2.0,2.0,2.0,3.0,3.0,4.0,6.0,inferred
Waverley,2021-05-02,0.0,0.0,1.0,1.0,1.0,1.0,2.0,2.0,3.0,3.0,3.0,4.0,6.0,inferred
Waverley,2021-05-03,0.0,0.0,1.0,1.0,1.0,2.0,2.0,3.0,3.0,4.0,4.0,5.0,7.0,inferred
Waverley,2021-05-04,0.0,0.0,1.0,1.0,1.0,2.0,2.0,2.0,3.0,3.0,4.0,5.0,7.0,inferred
Waverley,2021-05-05,0.0,0.0,1.0,1.0,1.0,2.0,2.0,2.0,3.0,3.0,4.0,5.0,6.5,inferred
Waverley,2021-05-06,0.0,0.0,1.0,1.0,1.0,1.0,2.0,2.0,3.0,3.0,3.0,4.0,6.0,inferred
Waverley,2021-05-07,0.0,0.0,0.0,0.0,1.0,1.0,1.0,2.0,2.0,2.0,3.0,4.0,5.0,inferred
Waverley,2021-05-08,0.0,0.0,0.0,0.0,0.0,1.0,1.0,1.0,2.0,2.0,2.0,3.0,5.0,inferred
Waverley,2021-05-09,0.0,0.0,0.0,0.0,1.0,1.0,1.0,2.0,2.0,2.0,3.0,3.0,5.5,inferred
Waverley,2021-05-10,0.0,0.0,0.0,1.0,1.0,1.0,1.0,2.0,2.0,3.0,3.0,4.0,6.0,inferred
Waverley,2021-05-11,0.0,0.0,0.0,1.0,1.0,1.0,1.0,2.0,2.0,3.0,3.0,4.0,5.0,inferred
Waverley,2021-05-12,0.0,0.0,0.0,1.0,1.0,1.0,1.0,2.0,2.0,3.0,3.0,4.0,6.0,inferred
Waverley,2021-05-13,0.0,0.0,0.0,1.0,1.0,1.0,1.0,2.0,2.0,3.0,3.0,4.0,6.0,inferred
Waverley,2021-05-14,0.0,0.0,0.0,0.0,1.0,1.0,1.0,2.0,2.0,2.0,2.0,3.0,5.0,inferred
Waverley,2021-05-15,0.0,0.0,0.0,0.0,0.0,1.0,1.0,1.0,2.0,2.0,2.0,3.0,5.0,inferred
Waverley,2021-05-16,0.0,0.0,0.0,0.0,0.0,1.0,1.0,1.0,2.0,2.0,2.0,3.0,5.0,inferred
Waverley,2021-05-17,0.0,0.0,0.0,0.0,1.0,1.0,1.0,2.0,2.0,2.0,3.0,4.0,5.0,inferred
Waverley,2021-05-18,0.0,0.0,0.0,0.0,1.0,1.0,1.0,2.0,2.0,2.0,3.0,4.0,5.0,inferred
Waverley,2021-05-19,0.0,0.0,0.0,1.0,1.0,1.0,1.0,2.0,2.0,3.0,3.0,4.0,6.0,inferred
Waverley,2021-05-20,0.0,0.0,0.0,0.0,1.0,1.0,1.0,2.0,2.0,2.0,3.0,3.0,5.0,inferred
Waverley,2021-05-21,0.0,0.0,0.0,0.0,0.0,1.0,1.0,2.0,2.0,2.0,3.0,3.0,5.0,inferred
Waverley,2021-05-22,0.0,0.0,0.0,0.0,0.0,1.0,1.0,1.0,2.0,2.0,2.0,3.0,5.0,inferred
Waverley,2021-05-23,0.0,0.0,0.0,0.0,0.0,1.0,1.0,1.0,2.0,2.0,2.0,3.0,5.0,inferred
Waverley,2021-05-24,0.0,0.0,0.0,1.0,1.0,1.0,2.0,2.0,2.0,3.0,3.0,4.0,6.0,inferred
Waverley,2021-05-25,0.0,0.0,0.0,1.0,1.0,1.0,2.0,2.0,2.0,3.0,3.0,4.0,5.0,inferred
Waverley,2021-05-26,0.0,0.0,0.0,1.0,1.0,1.0,2.0,2.0,3.0,3.0,3.0,4.0,6.0,inferred
Waverley,2021-05-27,0.0,0.0,1.0,1.0,1.0,1.0,2.0,2.0,2.0,3.0,3.0,4.0,6.0,inferred
Waverley,2021-05-28,0.0,0.0,0.0,1.0,1.0,1.0,1.0,2.0,2.0,3.0,3.0,4.0,6.0,inferred
Waverley,2021-05-29,0.0,0.0,0.0,0.0,1.0,1.0,1.0,2.0,2.0,2.0,3.0,4.0,5.0,inferred
Waverley,2021-05-30,0.0,0.0,1.0,1.0,1.0,1.0,2.0,2.0,3.0,3.0,3.0,4.0,6.0,inferred
Waverley,2021-05-31,0.0,0.0,1.0,1.0,1.0,2.0,2.0,3.0,3.0,4.0,4.0,5.0,7.0,inferred
Waverley,2021-06-01,0.0,0.0,1.0,1.0,2.0,2.0,2.0,3.0,3.0,4.0,4.0,5.0,7.0,inferred
Waverley,2021-06-02,0.0,1.0,1.0,2.0,2.0,2.0,3.0,3.0,4.0,4.0,5.0,6.0,8.0,inferred
Waverley,2021-06-03,0.0,1.0,1.0,1.0,2.0,2.0,3.0,3.0,4.0,4.0,5.0,6.0,8.0,inferred
Waverley,2021-06-04,0.0,1.0,1.0,1.0,2.0,2.0,3.0,3.0,4.0,4.0,4.0,5.0,8.0,inferred
Waverley,2021-06-05,0.0,0.0,1.0,1.0,1.0,2.0,2.0,3.0,3.0,4.0,4.0,5.0,7.0,inferred
Waverley,2021-06-06,0.0,1.0,2.0,2.0,2.0,3.0,3.0,4.0,4.0,5.0,5.0,6.0,9.0,inferred
Waverley,2021-06-07,1.0,2.0,2.0,3.0,3.0,3.0,4.0,5.0,6.0,6.0,7.0,8.0,10.0,inferred
Waverley,2021-06-08,1.0,2.0,3.0,3.0,3.0,4.0,5.0,5.0,6.0,6.0,7.0,8.0,11.0,inferred
Waverley,2021-06-09,1.0,2.0,3.0,4.0,4.0,5.0,6.0,6.0,7.0,8.0,8.0,10.0,13.0,inferred
Waverley,2021-06-10,1.0,2.0,3.0,4.0,4.0,5.0,6.0,6.0,7.0,8.0,9.0,10.0,13.0,inferred
Waverley,2021-06-11,1.0,2.0,3.0,4.0,4.0,5.0,6.0,6.0,7.0,8.0,8.0,10.0,12.0,inferred
Waverley,2021-06-12,1.0,2.0,3.0,3.0,4.0,4.0,5.0,6.0,7.0,7.0,8.0,9.0,11.0,inferred
Waverley,2021-06-13,2.0,3.0,4.0,5.0,5.0,6.0,7.0,7.0,8.0,9.0,10.0,11.0,14.0,inferred
Waverley,2021-06-14,3.0,4.0,6.0,6.0,7.0,8.0,9.0,10.0,11.0,12.0,12.0,14.0,17.0,inferred
Waverley,2021-06-15,3.0,5.0,6.0,7.0,7.0,8.0,9.0,10.0,11.0,12.0,12.0,14.0,17.0,inferred
Waverley,2021-06-16,3.5,5.0,7.0,7.0,8.0,9.0,10.0,11.0,12.0,13.0,13.0,15.0,19.0,inferred
Waverley,2021-06-17,3.0,5.0,7.0,7.0,8.0,9.0,10.0,11.0,12.0,12.0,13.0,15.0,18.0,inferred
Waverley,2021-06-18,3.0,4.0,6.0,6.0,7.0,8.0,9.0,10.0,11.0,11.0,12.0,14.0,17.0,inferred
Wealden,2021-03-06,0.0,0.0,1.0,1.0,1.0,2.0,2.0,3.0,3.0,3.0,4.0,5.0,7.0,inferred
Wealden,2021-03-07,0.0,0.0,1.0,1.0,1.0,2.0,2.0,3.0,3.0,4.0,4.0,5.0,7.0,inferred
Wealden,2021-03-08,0.0,0.9,1.0,1.0,2.0,2.0,2.0,3.0,4.0,4.0,4.0,5.0,8.0,inferred
Wealden,2021-03-09,0.0,0.9,1.0,1.0,2.0,2.0,2.0,3.0,3.0,4.0,4.0,5.0,7.0,inferred
Wealden,2021-03-10,0.0,0.0,1.0,1.0,1.0,2.0,2.0,3.0,3.0,4.0,4.0,5.0,7.5,inferred
Wealden,2021-03-11,0.0,0.0,1.0,1.0,1.0,2.0,2.0,3.0,3.0,4.0,4.0,5.0,8.0,inferred
Wealden,2021-03-12,0.0,0.0,1.0,1.0,1.0,2.0,2.0,3.0,3.0,3.0,4.0,5.0,7.0,inferred
Wealden,2021-03-13,0.0,0.0,1.0,1.0,1.0,1.0,2.0,2.0,3.0,3.0,3.0,5.0,7.0,inferred
Wealden,2021-03-14,0.0,0.0,1.0,1.0,1.0,2.0,2.0,3.0,3.0,4.0,4.0,5.0,7.0,inferred
Wealden,2021-03-15,0.0,1.0,1.0,2.0,2.0,2.0,3.0,4.0,4.0,5.0,5.0,6.0,8.5,inferred
Wealden,2021-03-16,0.0,1.0,1.0,2.0,2.0,2.0,3.0,3.0,4.0,4.0,5.0,6.0,9.0,inferred
Wealden,2021-03-17,0.0,1.0,1.0,2.0,2.0,3.0,3.0,4.0,4.0,5.0,5.0,7.0,10.0,inferred
Wealden,2021-03-18,0.0,1.0,1.0,2.0,2.0,2.0,3.0,3.0,4.0,4.0,5.0,6.0,8.0,inferred
Wealden,2021-03-19,0.0,1.0,1.0,1.0,2.0,2.0,3.0,3.0,4.0,4.0,4.0,6.0,8.0,inferred
Wealden,2021-03-20,0.0,0.0,1.0,1.0,1.0,2.0,2.0,3.0,3.0,3.0,4.0,5.0,7.0,inferred
Wealden,2021-03-21,0.0,0.0,1.0,1.0,1.0,2.0,2.0,3.0,4.0,4.0,5.0,6.0,8.0,inferred
Wealden,2021-03-22,0.0,1.0,2.0,2.0,2.0,3.0,3.0,4.0,5.0,5.0,6.0,7.0,10.0,inferred
Wealden,2021-03-23,0.0,1.0,2.0,2.0,2.0,3.0,3.0,4.0,5.0,5.0,6.0,7.0,9.0,inferred
Wealden,2021-03-24,0.0,1.0,2.0,2.0,2.0,3.0,4.0,4.0,5.0,6.0,6.0,7.0,9.5,inferred
Wealden,2021-03-25,0.0,1.0,2.0,2.0,2.0,3.0,3.0,4.0,5.0,5.0,6.0,7.0,9.0,inferred
Wealden,2021-03-26,0.0,1.0,1.0,2.0,2.0,3.0,3.0,4.0,4.0,5.0,5.0,7.0,9.0,inferred
Wealden,2021-03-27,0.0,0.0,1.0,1.0,2.0,2.0,3.0,3.0,4.0,4.0,5.0,6.0,8.0,inferred
Wealden,2021-03-28,0.0,1.0,1.0,2.0,2.0,2.0,3.0,3.4,4.0,4.0,5.0,6.0,8.0,inferred
Wealden,2021-03-29,0.0,1.0,2.0,2.0,2.0,3.0,4.0,4.0,5.0,5.0,6.0,7.0,10.0,inferred
Wealden,2021-03-30,0.0,1.0,2.0,2.0,2.0,3.0,3.0,4.0,5.0,5.0,5.0,7.0,9.0,inferred
Wealden,2021-03-31,0.0,1.0,2.0,2.0,2.0,3.0,3.0,4.0,5.0,5.0,6.0,7.0,9.0,inferred
Wealden,2021-04-01,0.0,1.0,1.0,2.0,2.0,2.0,3.0,3.0,4.0,4.0,5.0,6.0,8.0,inferred
Wealden,2021-04-02,0.0,0.0,1.0,1.0,1.0,2.0,2.0,3.0,3.0,4.0,4.0,5.0,7.0,inferred
Wealden,2021-04-03,0.0,0.0,0.0,1.0,1.0,1.0,2.0,2.0,3.0,3.0,3.0,4.0,6.0,inferred
Wealden,2021-04-04,0.0,0.0,1.0,1.0,1.0,1.0,2.0,2.0,3.0,3.0,4.0,5.0,6.0,inferred
Wealden,2021-04-05,0.0,0.0,1.0,1.0,1.0,2.0,2.0,3.0,3.0,4.0,4.0,5.0,7.0,inferred
Wealden,2021-04-06,0.0,0.0,1.0,1.0,1.0,2.0,2.0,3.0,3.0,3.0,4.0,5.0,7.0,inferred
Wealden,2021-04-07,0.0,0.0,1.0,1.0,1.0,2.0,2.0,3.0,3.0,4.0,4.0,5.0,7.0,inferred
Wealden,2021-04-08,0.0,0.0,1.0,1.0,1.0,2.0,2.0,3.0,3.0,3.0,4.0,5.0,7.0,inferred
Wealden,2021-04-09,0.0,0.0,1.0,1.0,1.0,1.0,2.0,2.0,3.0,3.0,3.0,5.0,6.0,inferred
Wealden,2021-04-10,0.0,0.0,0.0,1.0,1.0,1.0,1.0,2.0,2.0,3.0,3.0,4.0,5.5,inferred
Wealden,2021-04-11,0.0,0.0,1.0,1.0,1.0,1.0,2.0,2.0,3.0,3.0,3.0,5.0,6.0,inferred
Wealden,2021-04-12,0.0,0.0,1.0,1.0,1.0,2.0,2.0,3.0,3.0,4.0,4.0,5.0,7.0,inferred
Wealden,2021-04-13,0.0,0.0,1.0,1.0,1.0,2.0,2.0,3.0,3.0,4.0,4.0,5.0,7.0,inferred
Wealden,2021-04-14,0.0,0.0,1.0,1.0,1.0,2.0,2.0,3.0,3.0,4.0,4.0,6.0,8.0,inferred
Wealden,2021-04-15,0.0,0.0,1.0,1.0,1.0,2.0,2.0,3.0,3.0,4.0,4.0,5.0,7.0,inferred
Wealden,2021-04-16,0.0,0.0,1.0,1.0,1.0,1.0,2.0,2.0,3.0,3.0,3.0,5.0,6.0,inferred
Wealden,2021-04-17,0.0,0.0,0.0,1.0,1.0,1.0,2.0,2.0,2.0,3.0,3.0,4.0,6.0,inferred
Wealden,2021-04-18,0.0,0.0,1.0,1.0,1.0,1.0,2.0,2.0,3.0,3.0,4.0,5.0,7.0,inferred
Wealden,2021-04-19,0.0,0.0,1.0,1.0,2.0,2.0,3.0,3.0,4.0,4.0,5.0,6.0,7.5,inferred
Wealden,2021-04-20,0.0,0.0,1.0,1.0,1.0,2.0,2.0,3.0,4.0,4.0,4.0,5.0,7.0,inferred
Wealden,2021-04-21,0.0,1.0,1.0,1.0,2.0,2.0,2.0,3.0,3.0,4.0,4.0,6.0,8.0,inferred
Wealden,2021-04-22,0.0,0.0,1.0,1.0,1.0,2.0,2.0,3.0,3.0,4.0,4.0,5.0,8.0,inferred
Wealden,2021-04-23,0.0,0.0,1.0,1.0,1.0,1.0,2.0,2.0,3.0,3.0,4.0,5.0,6.0,inferred
Wealden,2021-04-24,0.0,0.0,0.0,1.0,1.0,1.0,1.0,2.0,2.0,3.0,3.0,4.0,6.0,inferred
Wealden,2021-04-25,0.0,0.0,1.0,1.0,1.0,1.0,2.0,2.0,3.0,3.0,3.0,4.0,6.0,inferred
Wealden,2021-04-26,0.0,0.0,1.0,1.0,1.0,2.0,2.0,2.0,3.0,3.0,4.0,5.0,7.0,inferred
Wealden,2021-04-27,0.0,0.0,1.0,1.0,1.0,1.0,2.0,2.0,3.0,3.0,3.0,4.0,6.0,inferred
Wealden,2021-04-28,0.0,0.0,1.0,1.0,1.0,1.0,2.0,2.0,3.0,3.0,3.0,5.0,6.0,inferred
Wealden,2021-04-29,0.0,0.0,0.0,1.0,1.0,1.0,2.0,2.0,2.0,3.0,3.0,4.0,6.5,inferred
Wealden,2021-04-30,0.0,0.0,0.0,0.0,1.0,1.0,1.0,2.0,2.0,2.0,3.0,4.0,5.0,inferred
Wealden,2021-05-01,0.0,0.0,0.0,0.0,0.0,1.0,1.0,1.0,2.0,2.0,2.0,3.0,5.0,inferred
Wealden,2021-05-02,0.0,0.0,0.0,0.0,1.0,1.0,1.0,1.0,2.0,2.0,2.0,3.0,5.0,inferred
Wealden,2021-05-03,0.0,0.0,0.0,1.0,1.0,1.0,1.0,2.0,2.0,3.0,3.0,4.0,6.0,inferred
Wealden,2021-05-04,0.0,0.0,0.0,0.0,1.0,1.0,1.0,2.0,2.0,2.0,3.0,4.0,6.0,inferred
Wealden,2021-05-05,0.0,0.0,0.0,0.0,1.0,1.0,1.0,2.0,2.0,2.0,3.0,4.0,5.0,inferred
Wealden,2021-05-06,0.0,0.0,0.0,0.0,0.0,1.0,1.0,1.0,2.0,2.0,2.0,3.0,5.0,inferred
Wealden,2021-05-07,0.0,0.0,0.0,0.0,0.0,1.0,1.0,1.0,2.0,2.0,2.0,3.0,5.0,inferred
Wealden,2021-05-08,0.0,0.0,0.0,0.0,0.0,0.0,1.0,1.0,1.0,1.0,2.0,3.0,4.0,inferred
Wealden,2021-05-09,0.0,0.0,0.0,0.0,0.0,0.0,1.0,1.0,1.0,2.0,2.0,3.0,4.0,inferred
Wealden,2021-05-10,0.0,0.0,0.0,0.0,0.0,1.0,1.0,1.0,2.0,2.0,2.0,3.0,5.0,inferred
Wealden,2021-05-11,0.0,0.0,0.0,0.0,0.0,1.0,1.0,1.0,2.0,2.0,2.0,3.0,4.0,inferred
Wealden,2021-05-12,0.0,0.0,0.0,0.0,0.0,1.0,1.0,1.0,2.0,2.0,2.0,3.0,5.0,inferred
Wealden,2021-05-13,0.0,0.0,0.0,0.0,0.0,0.0,1.0,1.0,1.0,2.0,2.0,3.0,4.0,inferred
Wealden,2021-05-14,0.0,0.0,0.0,0.0,0.0,0.0,1.0,1.0,1.0,1.0,2.0,2.0,4.0,inferred
Wealden,2021-05-15,0.0,0.0,0.0,0.0,0.0,0.0,0.0,1.0,1.0,1.0,1.0,2.0,4.0,inferred
Wealden,2021-05-16,0.0,0.0,0.0,0.0,0.0,0.0,1.0,1.0,1.0,2.0,2.0,3.0,4.0,inferred
Wealden,2021-05-17,0.0,0.0,0.0,0.0,0.0,1.0,1.0,1.0,2.0,2.0,2.0,3.0,4.0,inferred
Wealden,2021-05-18,0.0,0.0,0.0,0.0,0.0,1.0,1.0,1.0,2.0,2.0,2.0,3.0,4.0,inferred
Wealden,2021-05-19,0.0,0.0,0.0,0.0,0.0,1.0,1.0,1.0,2.0,2.0,2.0,3.0,4.0,inferred
Wealden,2021-05-20,0.0,0.0,0.0,0.0,0.0,1.0,1.0,1.0,2.0,2.0,2.0,3.0,5.0,inferred
Wealden,2021-05-21,0.0,0.0,0.0,0.0,0.0,0.0,1.0,1.0,1.0,2.0,2.0,3.0,4.0,inferred
Wealden,2021-05-22,0.0,0.0,0.0,0.0,0.0,0.0,1.0,1.0,1.0,1.0,2.0,3.0,4.0,inferred
Wealden,2021-05-23,0.0,0.0,0.0,0.0,0.0,0.0,1.0,1.0,1.0,2.0,2.0,3.0,4.0,inferred
Wealden,2021-05-24,0.0,0.0,0.0,0.0,0.0,1.0,1.0,1.0,2.0,2.0,2.0,3.0,5.0,inferred
Wealden,2021-05-25,0.0,0.0,0.0,0.0,0.0,1.0,1.0,1.0,2.0,2.0,2.0,3.0,5.0,inferred
Wealden,2021-05-26,0.0,0.0,0.0,0.0,1.0,1.0,1.0,2.0,2.0,2.0,3.0,3.0,5.0,inferred
Wealden,2021-05-27,0.0,0.0,0.0,0.0,0.0,1.0,1.0,2.0,2.0,2.0,3.0,3.0,5.0,inferred
Wealden,2021-05-28,0.0,0.0,0.0,0.0,0.7,1.0,1.0,1.0,2.0,2.0,2.0,3.1,5.0,inferred
Wealden,2021-05-29,0.0,0.0,0.0,0.0,0.0,0.0,1.0,1.0,2.0,2.0,2.0,3.0,5.0,inferred
Wealden,2021-05-30,0.0,0.0,0.0,0.0,1.0,1.0,1.0,2.0,2.0,2.0,3.0,4.0,5.0,inferred
Wealden,2021-05-31,0.0,0.0,0.0,1.0,1.0,1.0,2.0,2.0,3.0,3.0,3.0,4.0,6.0,inferred
Wealden,2021-06-01,0.0,0.0,1.0,1.0,1.0,1.0,2.0,2.0,3.0,3.0,3.0,4.0,6.0,inferred
Wealden,2021-06-02,0.0,0.0,1.0,1.0,1.0,2.0,2.0,3.0,3.0,4.0,4.0,5.0,7.0,inferred
Wealden,2021-06-03,0.0,0.0,1.0,1.0,1.0,2.0,2.0,3.0,3.0,4.0,4.0,5.0,7.0,inferred
Wealden,2021-06-04,0.0,0.0,1.0,1.0,1.0,2.0,2.0,3.0,3.0,3.2,4.0,5.0,7.0,inferred
Wealden,2021-06-05,0.0,0.0,0.0,1.0,1.0,1.0,2.0,2.0,3.0,3.0,3.0,4.0,6.0,inferred
Wealden,2021-06-06,0.0,0.0,1.0,1.0,1.0,2.0,2.0,3.0,3.0,4.0,4.0,5.0,8.0,inferred
Wealden,2021-06-07,0.0,1.0,2.0,2.0,2.0,3.0,3.0,4.0,5.0,5.0,5.0,7.0,9.0,inferred
Wealden,2021-06-08,0.0,1.0,2.0,2.0,2.0,3.0,4.0,4.0,5.0,5.0,6.0,7.0,9.0,inferred
Wealden,2021-06-09,0.0,1.0,2.0,2.0,3.0,3.0,4.0,4.0,5.0,6.0,6.0,8.0,10.0,inferred
Wealden,2021-06-10,0.0,1.0,2.0,2.0,3.0,3.0,4.0,5.0,5.0,6.0,6.0,8.0,10.0,inferred
Wealden,2021-06-11,0.0,1.0,2.0,2.0,3.0,3.0,4.0,4.0,5.0,6.0,6.0,7.0,10.0,inferred
Wealden,2021-06-12,0.0,1.0,2.0,2.0,2.0,3.0,3.0,4.0,5.0,5.0,5.0,7.0,9.0,inferred
Wealden,2021-06-13,1.0,2.0,2.0,3.0,3.0,4.0,4.0,5.0,6.0,6.0,7.0,8.0,11.0,inferred
Wealden,2021-06-14,1.0,2.0,3.0,4.0,4.0,5.0,6.0,6.0,7.0,8.0,8.2,11.0,13.0,inferred
Wealden,2021-06-15,1.0,3.0,4.0,4.0,4.0,5.0,6.0,7.0,8.0,8.0,9.0,11.0,13.0,inferred
Wealden,2021-06-16,1.0,3.0,4.0,5.0,5.0,6.0,7.0,8.0,9.0,9.0,10.0,12.0,15.0,inferred
Wealden,2021-06-17,1.0,3.0,4.0,5.0,5.0,6.0,7.0,8.0,9.0,9.0,10.0,12.0,15.0,inferred
Wealden,2021-06-18,1.0,3.0,4.0,4.0,5.0,5.0,6.0,7.0,8.0,9.0,9.0,11.0,15.0,inferred
Wellingborough,2021-03-06,2.0,3.0,4.0,5.0,5.0,6.0,6.0,7.0,8.0,8.0,9.0,10.0,13.0,inferred
Wellingborough,2021-03-07,3.0,4.0,5.0,6.0,6.0,7.0,8.0,8.0,9.0,10.0,10.0,12.0,15.0,inferred
Wellingborough,2021-03-08,4.0,6.0,7.0,8.0,8.0,9.0,10.0,11.0,12.0,12.0,13.0,15.0,18.0,inferred
Wellingborough,2021-03-09,4.0,6.0,7.0,8.0,8.0,9.0,10.0,11.0,12.0,12.0,13.0,15.0,18.0,inferred
Wellingborough,2021-03-10,4.0,6.0,7.0,7.0,8.0,9.0,10.0,11.0,12.0,12.0,13.0,15.0,18.0,inferred
Wellingborough,2021-03-11,3.0,5.0,6.0,7.0,7.0,8.0,9.0,10.0,11.0,11.0,12.0,13.1,16.0,inferred
Wellingborough,2021-03-12,2.5,4.0,5.0,6.0,6.0,7.0,8.0,8.0,9.0,10.0,10.2,12.0,15.0,inferred
Wellingborough,2021-03-13,1.0,3.0,4.0,4.0,4.0,5.0,6.0,6.0,7.0,8.0,8.0,10.0,12.0,inferred
Wellingborough,2021-03-14,2.0,3.0,4.0,5.0,5.0,6.0,7.0,7.0,8.0,9.0,9.0,11.0,13.0,inferred
Wellingborough,2021-03-15,3.0,4.0,6.0,6.0,7.0,7.0,8.0,9.0,10.0,11.0,11.0,13.0,16.0,inferred
Wellingborough,2021-03-16,2.0,4.0,5.0,6.0,6.0,7.0,8.0,8.0,9.0,10.0,11.0,12.0,15.0,inferred
Wellingborough,2021-03-17,3.0,4.0,5.0,6.0,6.0,7.0,8.0,9.0,10.0,11.0,11.0,13.0,15.5,inferred
Wellingborough,2021-03-18,2.0,3.0,4.8,5.0,5.0,6.0,7.0,8.0,9.0,9.0,10.0,11.0,14.0,inferred
Wellingborough,2021-03-19,2.0,3.0,4.0,5.0,5.0,6.0,7.0,7.0,8.0,9.0,9.0,11.0,13.0,inferred
Wellingborough,2021-03-20,1.0,2.0,3.0,4.0,4.0,5.0,5.0,6.0,6.0,7.0,7.0,9.0,11.0,inferred
Wellingborough,2021-03-21,1.0,3.0,4.0,4.0,5.0,5.0,6.0,7.0,8.0,8.0,9.0,10.0,12.0,inferred
Wellingborough,2021-03-22,2.0,4.0,5.0,6.0,6.0,7.0,8.0,9.0,10.0,10.0,11.0,12.0,15.0,inferred
Wellingborough,2021-03-23,2.0,4.0,5.0,5.0,6.0,7.0,8.0,8.0,9.0,10.0,10.0,12.0,15.0,inferred
Wellingborough,2021-03-24,3.0,4.0,5.0,6.0,6.0,7.0,8.0,9.0,10.0,10.0,11.0,12.0,15.5,inferred
Wellingborough,2021-03-25,2.0,3.0,4.0,5.0,5.0,6.0,7.0,7.4,8.0,9.0,10.0,11.0,14.0,inferred
Wellingborough,2021-03-26,2.0,3.0,4.0,4.0,5.0,6.0,6.0,7.0,8.0,9.0,9.0,11.0,13.0,inferred
Wellingborough,2021-03-27,1.0,2.0,3.0,3.0,4.0,4.0,5.0,6.0,7.0,7.0,8.0,9.0,11.0,inferred
Wellingborough,2021-03-28,2.0,3.0,4.0,4.0,5.0,5.0,6.0,7.0,8.0,8.0,8.0,10.0,13.0,inferred
Wellingborough,2021-03-29,3.0,4.0,5.0,6.0,6.0,7.0,8.0,9.0,10.0,10.0,11.0,13.0,15.0,inferred
Wellingborough,2021-03-30,2.0,4.0,5.0,6.0,6.0,7.0,7.5,8.0,9.0,10.0,11.0,12.0,15.5,inferred
Wellingborough,2021-03-31,3.0,4.0,5.0,6.0,7.0,7.0,8.0,9.0,10.0,11.0,11.0,13.0,16.0,inferred
Wellingborough,2021-04-01,2.0,4.0,5.0,5.0,6.0,7.0,7.0,8.0,9.0,10.0,10.0,12.0,15.0,inferred
Wellingborough,2021-04-02,2.0,3.0,4.0,5.0,5.0,6.0,7.0,7.0,8.0,9.0,9.0,11.0,14.0,inferred
Wellingborough,2021-04-03,1.0,2.0,3.0,4.0,4.0,5.0,5.0,6.0,7.0,7.0,8.0,9.0,11.0,inferred
Wellingborough,2021-04-04,2.0,3.0,4.0,4.0,5.0,5.0,6.0,7.0,8.0,8.0,9.0,10.0,12.0,inferred
Wellingborough,2021-04-05,3.0,4.0,6.0,6.0,6.0,7.0,8.0,9.0,10.0,10.0,11.0,12.1,15.0,inferred
Wellingborough,2021-04-06,2.0,4.0,5.0,5.0,6.0,7.0,7.0,8.0,9.0,10.0,10.0,12.0,15.0,inferred
Wellingborough,2021-04-07,2.0,4.0,5.0,6.0,6.0,7.0,8.0,9.0,10.0,10.0,11.0,13.0,16.0,inferred
Wellingborough,2021-04-08,2.0,3.0,4.0,5.0,5.0,6.0,7.0,8.0,9.0,9.0,10.0,11.0,14.0,inferred
Wellingborough,2021-04-09,1.0,3.0,4.0,4.0,5.0,5.0,6.0,7.0,8.0,8.0,9.0,10.0,13.0,inferred
Wellingborough,2021-04-10,1.0,2.0,3.0,3.0,3.0,4.0,5.0,5.0,6.0,6.0,7.0,8.0,10.0,inferred
Wellingborough,2021-04-11,1.0,2.0,3.0,4.0,4.0,5.0,5.0,6.0,7.0,7.0,8.0,9.0,12.0,inferred
Wellingborough,2021-04-12,2.0,3.0,4.0,4.0,5.0,6.0,6.5,7.0,8.0,9.0,9.0,11.0,13.5,inferred
Wellingborough,2021-04-13,2.0,3.0,4.0,4.0,5.0,5.0,6.0,7.0,8.0,8.0,9.0,10.0,13.0,inferred
Wellingborough,2021-04-14,1.0,3.0,4.0,4.0,5.0,5.0,6.0,7.0,8.0,8.0,9.0,10.0,13.0,inferred
Wellingborough,2021-04-15,1.0,2.0,3.0,4.0,4.0,5.0,5.0,6.0,7.0,7.0,8.0,9.0,11.0,inferred
Wellingborough,2021-04-16,1.0,2.0,3.0,3.0,3.0,4.0,5.0,5.0,6.0,6.0,7.0,8.0,10.0,inferred
Wellingborough,2021-04-17,0.0,1.0,2.0,2.0,2.0,3.0,3.0,4.0,5.0,5.0,6.0,7.0,9.0,inferred
Wellingborough,2021-04-18,0.0,1.0,2.0,2.0,3.0,3.0,4.0,5.0,5.0,6.0,6.0,8.0,10.0,inferred
Wellingborough,2021-04-19,1.0,2.0,3.0,3.0,4.0,4.0,5.0,6.0,6.0,7.0,7.0,9.0,12.0,inferred
Wellingborough,2021-04-20,1.0,2.0,3.0,3.0,3.0,4.0,5.0,5.0,6.0,7.0,7.0,8.0,10.0,inferred
Wellingborough,2021-04-21,1.0,2.0,3.0,3.0,4.0,4.0,5.0,6.0,6.0,7.0,7.0,9.0,11.0,inferred
Wellingborough,2021-04-22,1.0,2.0,3.0,3.0,3.0,4.0,4.0,5.0,6.0,6.0,7.0,8.0,11.0,inferred
Wellingborough,2021-04-23,0.0,1.0,2.0,3.0,3.0,4.0,4.0,5.0,5.0,6.0,6.0,8.0,10.0,inferred
Wellingborough,2021-04-24,0.0,1.0,2.0,2.0,2.0,3.0,3.0,4.0,5.0,5.0,5.0,6.0,9.0,inferred
Wellingborough,2021-04-25,0.0,1.0,2.0,2.0,3.0,3.0,4.0,5.0,5.0,6.0,6.0,7.0,9.0,inferred
Wellingborough,2021-04-26,1.0,2.0,3.0,3.0,4.0,4.0,5.0,6.0,6.0,7.0,7.0,9.0,11.0,inferred
Wellingborough,2021-04-27,1.0,2.0,3.0,3.0,4.0,4.0,5.0,5.0,6.0,7.0,7.0,8.0,11.0,inferred
Wellingborough,2021-04-28,1.0,2.0,3.0,3.0,4.0,4.0,5.0,6.0,6.0,7.0,7.0,9.0,11.0,inferred
Wellingborough,2021-04-29,1.0,2.0,3.0,3.0,3.0,4.0,4.0,5.0,6.0,6.0,7.0,8.0,10.0,inferred
Wellingborough,2021-04-30,1.0,1.0,2.0,3.0,3.0,3.0,4.0,5.0,5.0,6.0,6.0,8.0,10.0,inferred
Wellingborough,2021-05-01,0.0,1.0,2.0,2.0,2.0,3.0,3.0,4.0,4.0,5.0,5.0,6.0,8.0,inferred
Wellingborough,2021-05-02,0.0,1.0,2.0,2.0,3.0,3.0,4.0,4.0,5.0,5.0,6.0,7.0,9.0,inferred
Wellingborough,2021-05-03,1.0,2.0,3.0,3.0,3.0,4.0,5.0,6.0,6.0,7.0,7.0,9.0,11.0,inferred
Wellingborough,2021-05-04,1.0,2.0,3.0,3.0,3.0,4.0,5.0,5.0,6.0,7.0,7.0,8.0,11.0,inferred
Wellingborough,2021-05-05,1.0,2.0,3.0,3.0,4.0,4.0,5.0,6.0,6.0,7.0,7.0,9.0,11.0,inferred
Wellingborough,2021-05-06,1.0,2.0,3.0,3.0,3.0,4.0,4.0,5.0,6.0,6.0,7.0,8.0,10.0,inferred
Wellingborough,2021-05-07,0.0,1.0,2.0,3.0,3.0,3.0,4.0,5.0,5.0,6.0,6.0,8.0,9.0,inferred
Wellingborough,2021-05-08,0.0,1.0,2.0,2.0,2.0,3.0,3.0,4.0,4.0,5.0,5.0,6.0,8.0,inferred
Wellingborough,2021-05-09,0.0,1.0,2.0,2.0,3.0,3.0,4.0,4.0,5.0,5.0,6.0,7.0,9.0,inferred
Wellingborough,2021-05-10,1.0,2.0,3.0,3.0,3.0,4.0,5.0,5.0,6.0,6.0,7.0,8.0,11.0,inferred
Wellingborough,2021-05-11,1.0,2.0,3.0,3.0,3.0,4.0,4.0,5.0,6.0,6.0,7.0,8.0,10.0,inferred
Wellingborough,2021-05-12,1.0,2.0,3.0,3.0,3.0,4.0,4.0,5.0,6.0,6.0,7.0,8.0,10.5,inferred
Wellingborough,2021-05-13,1.0,2.0,2.0,3.0,3.0,3.0,4.0,5.0,5.0,6.0,6.0,7.0,10.0,inferred
Wellingborough,2021-05-14,0.0,1.0,2.0,2.0,2.0,3.0,4.0,4.0,5.0,5.0,6.0,7.0,9.0,inferred
Wellingborough,2021-05-15,0.0,1.0,1.0,2.0,2.0,2.0,3.0,3.0,4.0,4.0,5.0,6.0,8.0,inferred
Wellingborough,2021-05-16,0.0,1.0,2.0,2.0,2.0,3.0,3.0,4.0,5.0,5.0,5.0,7.0,9.0,inferred
Wellingborough,2021-05-17,1.0,2.0,3.0,3.0,3.0,4.0,4.0,5.0,6.0,6.0,7.0,8.0,10.0,inferred
Wellingborough,2021-05-18,1.0,2.0,2.0,3.0,3.0,4.0,4.0,5.0,5.0,6.0,6.0,8.0,10.0,inferred
Wellingborough,2021-05-19,1.0,2.0,3.0,3.0,3.0,4.0,4.0,5.0,6.0,6.0,7.0,8.0,10.0,inferred
Wellingborough,2021-05-20,0.0,1.0,2.0,3.0,3.0,3.0,4.0,4.4,5.0,6.0,6.0,7.0,9.0,inferred
Wellingborough,2021-05-21,0.0,1.0,2.0,2.0,2.0,3.0,3.0,4.0,5.0,5.0,6.0,7.0,9.0,inferred
Wellingborough,2021-05-22,0.0,1.0,1.0,2.0,2.0,2.0,3.0,3.0,4.0,4.0,5.0,6.0,7.0,inferred
Wellingborough,2021-05-23,0.0,1.0,2.0,2.0,2.0,3.0,3.0,4.0,4.0,5.0,5.0,6.0,8.0,inferred
Wellingborough,2021-05-24,0.0,2.0,2.0,3.0,3.0,4.0,4.0,5.0,6.0,6.0,7.0,8.0,10.0,inferred
Wellingborough,2021-05-25,1.0,1.0,2.0,3.0,3.0,3.0,4.0,5.0,5.0,6.0,6.0,7.0,10.0,inferred
Wellingborough,2021-05-26,1.0,2.0,2.0,3.0,3.0,4.0,4.0,5.0,5.0,6.0,6.0,8.0,10.0,inferred
Wellingborough,2021-05-27,0.0,1.0,2.0,2.0,2.7,3.0,4.0,4.0,5.0,5.0,6.0,7.0,9.0,inferred
Wellingborough,2021-05-28,0.0,1.0,2.0,2.0,2.0,3.0,3.0,4.0,4.0,5.0,5.0,6.0,8.0,inferred
Wellingborough,2021-05-29,0.0,0.9,1.0,1.0,1.0,2.0,2.0,3.0,3.0,4.0,4.0,5.0,7.0,inferred
Wellingborough,2021-05-30,0.0,1.0,1.0,2.0,2.0,2.0,3.0,3.0,4.0,4.0,4.0,6.0,7.5,inferred
Wellingborough,2021-05-31,0.0,1.0,2.0,2.0,2.0,3.0,4.0,4.0,5.0,5.0,6.0,7.0,9.0,inferred
Wellingborough,2021-06-01,0.0,1.0,2.0,2.0,2.0,3.0,4.0,4.0,5.0,5.0,6.0,7.0,9.0,inferred
Wellingborough,2021-06-02,0.0,1.0,2.0,2.0,3.0,3.0,4.0,5.0,5.0,6.0,6.0,7.0,10.0,inferred
Wellingborough,2021-06-03,0.0,1.0,2.0,2.0,2.0,3.0,4.0,4.0,5.0,5.0,6.0,7.0,10.0,inferred
Wellingborough,2021-06-04,0.0,1.0,2.0,2.0,3.0,3.0,4.0,4.0,5.0,5.0,6.0,7.0,9.0,inferred
Wellingborough,2021-06-05,0.0,1.0,1.0,2.0,2.0,2.0,3.0,3.0,4.0,4.0,5.0,6.0,8.0,inferred
Wellingborough,2021-06-06,0.0,1.0,2.0,2.0,2.0,3.0,3.0,4.0,5.0,5.0,6.0,7.0,9.0,inferred
Wellingborough,2021-06-07,1.0,2.0,3.0,3.0,3.0,4.0,5.0,5.0,6.0,7.0,7.0,8.1,11.0,inferred
Wellingborough,2021-06-08,1.0,2.0,2.0,3.0,3.0,4.0,4.0,5.0,6.0,6.0,7.0,8.0,11.0,inferred
Wellingborough,2021-06-09,1.0,2.0,3.0,3.0,4.0,4.0,5.0,5.0,6.0,7.0,7.0,8.0,11.0,inferred
Wellingborough,2021-06-10,1.0,2.0,2.0,3.0,3.0,4.0,4.0,5.0,6.0,6.0,6.0,8.0,10.0,inferred
Wellingborough,2021-06-11,0.0,1.0,2.0,2.0,3.0,3.0,4.0,4.0,5.0,6.0,6.0,7.0,9.0,inferred
Wellingborough,2021-06-12,0.0,1.0,2.0,2.0,2.0,3.0,3.0,4.0,4.0,5.0,5.0,6.0,8.0,inferred
Wellingborough,2021-06-13,0.0,1.0,2.0,2.0,3.0,3.0,4.0,4.0,5.0,5.0,6.0,7.0,9.0,inferred
Wellingborough,2021-06-14,1.0,2.0,3.0,3.0,3.7,4.0,5.0,5.0,6.0,7.0,7.0,9.0,11.0,inferred
Wellingborough,2021-06-15,1.0,2.0,3.0,3.0,3.0,4.0,5.0,5.0,6.0,6.0,7.0,8.0,11.0,inferred
Wellingborough,2021-06-16,1.0,2.0,3.0,3.0,4.0,4.0,5.0,6.0,7.0,7.0,8.0,9.0,11.5,inferred
Wellingborough,2021-06-17,1.0,2.0,3.0,3.0,3.0,4.0,4.0,5.0,6.0,6.0,7.0,8.0,10.0,inferred
Wellingborough,2021-06-18,1.0,1.0,2.0,2.0,3.0,3.0,4.0,5.0,5.0,6.0,6.0,7.0,10.0,inferred
Welwyn Hatfield,2021-03-06,2.0,3.0,4.0,5.0,5.0,6.0,7.0,8.0,9.0,9.0,10.0,12.0,16.0,inferred
Welwyn Hatfield,2021-03-07,2.0,4.0,5.0,5.0,6.0,7.0,8.0,9.0,10.0,10.0,11.0,13.0,17.0,inferred
Welwyn Hatfield,2021-03-08,3.0,4.0,6.0,6.0,7.0,8.0,9.0,10.0,11.0,12.0,12.0,14.0,18.0,inferred
Welwyn Hatfield,2021-03-09,2.0,4.0,5.0,6.0,6.0,7.0,8.0,9.0,10.0,11.0,11.0,14.0,17.0,inferred
Welwyn Hatfield,2021-03-10,2.0,4.0,5.0,6.0,6.0,7.0,8.0,9.0,10.0,11.0,12.0,14.0,17.0,inferred
Welwyn Hatfield,2021-03-11,2.0,3.0,4.0,5.0,5.0,6.0,7.0,8.0,9.0,10.0,10.0,13.0,16.0,inferred
Welwyn Hatfield,2021-03-12,1.0,3.0,4.0,4.0,5.0,6.0,6.0,7.0,8.0,9.0,10.0,12.0,15.0,inferred
Welwyn Hatfield,2021-03-13,1.0,2.0,3.0,3.0,4.0,4.0,5.0,6.0,7.0,7.0,8.0,9.0,13.0,inferred
Welwyn Hatfield,2021-03-14,1.0,2.0,3.0,4.0,4.0,5.0,6.0,6.0,7.0,8.0,8.0,10.0,14.0,inferred
Welwyn Hatfield,2021-03-15,2.0,3.0,4.0,5.0,5.0,6.0,7.0,8.0,9.0,9.0,10.0,12.0,15.5,inferred
Welwyn Hatfield,2021-03-16,1.0,3.0,4.0,4.0,5.0,6.0,6.0,7.0,8.0,9.0,10.0,11.0,15.0,inferred
Welwyn Hatfield,2021-03-17,2.0,3.0,4.0,5.0,5.0,6.0,7.0,8.0,9.0,9.0,10.0,12.0,15.0,inferred
Welwyn Hatfield,2021-03-18,1.0,3.0,4.0,4.0,5.0,6.0,7.0,7.0,9.0,9.0,10.0,12.0,15.0,inferred
Welwyn Hatfield,2021-03-19,1.0,2.0,3.0,4.0,4.0,5.0,6.0,7.0,8.0,8.0,9.0,11.0,14.0,inferred
Welwyn Hatfield,2021-03-20,1.0,2.0,3.0,3.0,3.0,4.0,5.0,6.0,6.0,7.0,8.0,10.0,13.0,inferred
Welwyn Hatfield,2021-03-21,1.0,2.0,3.0,4.0,4.0,5.0,6.0,6.0,7.0,8.0,9.0,11.0,14.0,inferred
Welwyn Hatfield,2021-03-22,1.5,3.0,4.0,5.0,5.0,6.0,7.0,8.0,9.0,10.0,10.0,12.0,16.0,inferred
Welwyn Hatfield,2021-03-23,1.0,3.0,4.0,4.0,5.0,6.0,7.0,8.0,9.0,9.0,10.0,12.0,15.0,inferred
Welwyn Hatfield,2021-03-24,1.0,3.0,4.0,5.0,5.0,6.0,7.0,8.0,9.0,9.0,10.0,12.0,16.0,inferred
Welwyn Hatfield,2021-03-25,1.0,2.0,3.0,4.0,4.0,5.0,6.0,7.0,8.0,8.0,9.0,11.0,15.0,inferred
Welwyn Hatfield,2021-03-26,1.0,2.0,3.0,3.0,4.0,4.0,5.0,6.0,7.0,7.0,8.0,10.0,13.0,inferred
Welwyn Hatfield,2021-03-27,0.0,1.0,2.0,2.0,3.0,3.0,4.0,5.0,5.0,6.0,6.0,8.0,11.0,inferred
Welwyn Hatfield,2021-03-28,0.0,1.0,2.0,3.0,3.0,4.0,4.0,5.0,6.0,6.0,7.0,8.1,12.0,inferred
Welwyn Hatfield,2021-03-29,1.0,2.0,3.0,3.0,4.0,4.0,5.0,6.0,7.0,8.0,8.0,10.0,13.0,inferred
Welwyn Hatfield,2021-03-30,1.0,2.0,2.0,3.0,3.0,4.0,5.0,5.0,6.0,7.0,7.0,9.0,12.0,inferred
Welwyn Hatfield,2021-03-31,0.0,2.0,3.0,3.0,3.0,4.0,5.0,6.0,6.0,7.0,8.0,9.0,13.0,inferred
Welwyn Hatfield,2021-04-01,0.0,1.0,2.0,2.0,3.0,3.0,4.0,5.0,5.0,6.0,6.0,8.0,11.0,inferred
Welwyn Hatfield,2021-04-02,0.0,1.0,2.0,2.0,2.0,3.0,3.0,4.0,5.0,5.0,6.0,7.0,10.0,inferred
Welwyn Hatfield,2021-04-03,0.0,1.0,1.0,1.0,2.0,2.0,3.0,3.0,4.0,4.0,5.0,6.0,9.0,inferred
Welwyn Hatfield,2021-04-04,0.0,1.0,1.0,2.0,2.0,2.0,3.0,3.0,4.0,5.0,5.0,6.0,9.0,inferred
Welwyn Hatfield,2021-04-05,0.0,1.0,2.0,2.0,2.0,3.0,3.0,4.0,5.0,5.0,6.0,7.0,9.0,inferred
Welwyn Hatfield,2021-04-06,0.0,1.0,1.0,2.0,2.0,2.0,3.0,4.0,4.0,5.0,5.0,7.0,10.0,inferred
Welwyn Hatfield,2021-04-07,0.0,1.0,1.0,2.0,2.0,3.0,3.0,4.0,4.0,5.0,5.0,7.0,9.0,inferred
Welwyn Hatfield,2021-04-08,0.0,0.9,1.0,1.0,2.0,2.0,3.0,3.0,4.0,4.0,5.0,6.0,9.0,inferred
Welwyn Hatfield,2021-04-09,0.0,0.0,1.0,1.0,2.0,2.0,2.0,3.0,4.0,4.0,5.0,6.0,9.0,inferred
Welwyn Hatfield,2021-04-10,0.0,0.0,1.0,1.0,1.0,2.0,2.0,3.0,3.0,4.0,4.0,5.0,8.0,inferred
Welwyn Hatfield,2021-04-11,0.0,0.0,1.0,1.0,1.0,2.0,3.0,3.0,4.0,4.0,5.0,6.0,8.0,inferred
Welwyn Hatfield,2021-04-12,0.0,1.0,1.0,2.0,2.0,3.0,3.0,4.0,4.0,5.0,5.0,7.0,9.5,inferred
Welwyn Hatfield,2021-04-13,0.0,1.0,1.0,2.0,2.0,2.0,3.0,3.0,4.0,5.0,5.0,6.1,9.0,inferred
Welwyn Hatfield,2021-04-14,0.0,1.0,1.0,2.0,2.0,2.0,3.0,3.0,4.0,5.0,5.0,7.0,9.0,inferred
Welwyn Hatfield,2021-04-15,0.0,0.0,1.0,1.0,2.0,2.0,3.0,3.0,4.0,4.0,5.0,6.0,8.0,inferred
Welwyn Hatfield,2021-04-16,0.0,0.0,1.0,1.0,1.0,2.0,2.0,3.0,4.0,4.0,4.0,6.0,8.0,inferred
Welwyn Hatfield,2021-04-17,0.0,0.0,1.0,1.0,1.0,1.0,2.0,2.0,3.0,3.0,3.0,5.0,7.0,inferred
Welwyn Hatfield,2021-04-18,0.0,0.0,1.0,1.0,1.0,2.0,2.0,3.0,3.0,4.0,4.0,5.0,8.0,inferred
Welwyn Hatfield,2021-04-19,0.0,0.0,1.0,1.0,2.0,2.0,3.0,3.0,4.0,4.0,5.0,6.0,9.0,inferred
Welwyn Hatfield,2021-04-20,0.0,0.0,1.0,1.0,2.0,2.0,3.0,3.0,4.0,4.0,5.0,6.0,8.0,inferred
Welwyn Hatfield,2021-04-21,0.0,0.0,1.0,1.0,2.0,2.0,3.0,3.0,4.0,4.0,5.0,6.0,9.0,inferred
Welwyn Hatfield,2021-04-22,0.0,0.0,1.0,1.0,1.0,2.0,2.0,3.0,4.0,4.0,5.0,6.0,8.0,inferred
Welwyn Hatfield,2021-04-23,0.0,0.0,1.0,1.0,1.0,2.0,2.0,2.0,3.0,3.0,4.0,5.0,8.0,inferred
Welwyn Hatfield,2021-04-24,0.0,0.0,0.0,1.0,1.0,1.0,2.0,2.0,3.0,3.0,3.0,5.0,7.0,inferred
Welwyn Hatfield,2021-04-25,0.0,0.0,1.0,1.0,1.0,1.0,2.0,2.0,3.0,3.0,4.0,5.0,8.0,inferred
Welwyn Hatfield,2021-04-26,0.0,0.0,1.0,1.0,1.0,2.0,2.0,3.0,4.0,4.0,4.0,6.0,8.0,inferred
Welwyn Hatfield,2021-04-27,0.0,0.0,1.0,1.0,1.0,2.0,2.0,3.0,3.0,4.0,4.0,6.0,8.0,inferred
Welwyn Hatfield,2021-04-28,0.0,0.0,1.0,1.0,1.0,2.0,2.0,3.0,3.0,4.0,4.0,5.0,8.0,inferred
Welwyn Hatfield,2021-04-29,0.0,0.0,1.0,1.0,1.0,1.0,2.0,2.0,3.0,3.0,4.0,5.0,7.0,inferred
Welwyn Hatfield,2021-04-30,0.0,0.0,0.0,1.0,1.0,1.0,2.0,2.0,3.0,3.0,4.0,5.0,7.0,inferred
Welwyn Hatfield,2021-05-01,0.0,0.0,0.0,0.0,1.0,1.0,1.0,2.0,2.0,3.0,3.0,4.0,6.5,inferred
Welwyn Hatfield,2021-05-02,0.0,0.0,0.0,1.0,1.0,1.0,2.0,2.0,3.0,3.0,3.0,5.0,6.0,inferred
Welwyn Hatfield,2021-05-03,0.0,0.0,1.0,1.0,1.0,2.0,2.0,3.0,3.0,4.0,4.0,5.0,8.0,inferred
Welwyn Hatfield,2021-05-04,0.0,0.0,1.0,1.0,1.0,2.0,2.0,3.0,3.0,4.0,4.0,6.0,8.0,inferred
Welwyn Hatfield,2021-05-05,0.0,0.0,1.0,1.0,1.0,2.0,2.0,3.0,3.0,4.0,4.0,6.0,8.0,inferred
Welwyn Hatfield,2021-05-06,0.0,0.0,1.0,1.0,1.0,1.0,2.0,2.0,3.0,3.0,4.0,5.0,7.0,inferred
Welwyn Hatfield,2021-05-07,0.0,0.0,0.0,1.0,1.0,1.0,2.0,2.0,3.0,3.0,3.2,5.0,7.0,inferred
Welwyn Hatfield,2021-05-08,0.0,0.0,0.0,0.0,1.0,1.0,1.0,2.0,2.0,3.0,3.0,4.0,6.0,inferred
Welwyn Hatfield,2021-05-09,0.0,0.0,0.0,0.0,1.0,1.0,1.0,2.0,2.0,3.0,3.0,4.0,7.0,inferred
Welwyn Hatfield,2021-05-10,0.0,0.0,0.0,1.0,1.0,1.0,2.0,2.0,3.0,3.0,4.0,5.0,8.0,inferred
Welwyn Hatfield,2021-05-11,0.0,0.0,0.0,1.0,1.0,1.0,2.0,2.0,3.0,3.0,4.0,5.0,7.0,inferred
Welwyn Hatfield,2021-05-12,0.0,0.0,1.0,1.0,1.0,1.0,2.0,2.0,3.0,3.0,4.0,5.0,7.0,inferred
Welwyn Hatfield,2021-05-13,0.0,0.0,0.0,1.0,1.0,1.0,2.0,2.0,3.0,3.0,4.0,5.0,7.0,inferred
Welwyn Hatfield,2021-05-14,0.0,0.0,0.0,1.0,1.0,1.0,1.5,2.0,3.0,3.0,3.0,5.0,7.0,inferred
Welwyn Hatfield,2021-05-15,0.0,0.0,0.0,0.0,0.0,1.0,1.0,2.0,2.0,3.0,3.0,4.0,6.0,inferred
Welwyn Hatfield,2021-05-16,0.0,0.0,0.0,1.0,1.0,1.0,2.0,2.0,3.0,3.0,4.0,5.0,6.5,inferred
Welwyn Hatfield,2021-05-17,0.0,0.0,1.0,1.0,1.0,2.0,2.0,3.0,3.0,4.0,4.0,6.0,8.0,inferred
Welwyn Hatfield,2021-05-18,0.0,0.0,1.0,1.0,1.0,2.0,2.0,3.0,3.0,4.0,4.0,6.0,8.0,inferred
Welwyn Hatfield,2021-05-19,0.0,0.0,1.0,1.0,1.0,2.0,2.0,3.0,4.0,4.0,4.0,6.0,8.0,inferred
Welwyn Hatfield,2021-05-20,0.0,0.0,1.0,1.0,1.0,2.0,2.0,3.0,4.0,4.0,4.0,6.0,8.0,inferred
Welwyn Hatfield,2021-05-21,0.0,0.0,1.0,1.0,1.0,1.0,2.0,2.0,3.0,3.0,4.0,5.0,7.0,inferred
Welwyn Hatfield,2021-05-22,0.0,0.0,0.0,1.0,1.0,1.0,2.0,2.0,3.0,3.0,3.0,4.0,7.0,inferred
Welwyn Hatfield,2021-05-23,0.0,0.0,1.0,1.0,1.0,2.0,2.0,2.0,3.0,3.2,4.0,5.0,7.5,inferred
Welwyn Hatfield,2021-05-24,0.0,0.0,1.0,1.0,2.0,2.0,3.0,3.0,4.0,4.0,5.0,6.0,8.5,inferred
Welwyn Hatfield,2021-05-25,0.0,0.0,1.0,1.0,1.0,2.0,3.0,3.0,4.0,4.0,5.0,6.0,8.0,inferred
Welwyn Hatfield,2021-05-26,0.0,1.0,1.0,2.0,2.0,2.0,3.0,3.0,4.0,5.0,5.0,7.0,9.0,inferred
Welwyn Hatfield,2021-05-27,0.0,1.0,1.0,2.0,2.0,2.0,3.0,4.0,4.0,5.0,5.0,7.0,9.0,inferred
Welwyn Hatfield,2021-05-28,0.0,1.0,1.0,2.0,2.0,2.0,3.0,4.0,4.0,5.0,5.0,7.0,9.0,inferred
Welwyn Hatfield,2021-05-29,0.0,0.0,1.0,1.0,1.0,2.0,2.0,3.0,4.0,4.0,5.0,6.0,9.0,inferred
Welwyn Hatfield,2021-05-30,0.0,1.0,2.0,2.0,2.0,3.0,3.0,4.0,5.0,5.0,6.0,7.0,10.0,inferred
Welwyn Hatfield,2021-05-31,0.0,2.0,2.0,3.0,3.0,4.0,5.0,5.0,6.0,7.0,7.0,9.0,11.0,inferred
Welwyn Hatfield,2021-06-01,0.0,2.0,3.0,3.0,3.0,4.0,5.0,6.0,7.0,7.0,8.0,9.0,13.0,inferred
Welwyn Hatfield,2021-06-02,1.0,2.0,3.0,4.0,4.0,5.0,6.0,7.0,8.0,8.0,9.0,11.0,13.5,inferred
Welwyn Hatfield,2021-06-03,1.0,2.0,3.0,4.0,4.0,5.0,6.0,7.0,7.0,8.0,9.0,10.0,13.0,inferred
Welwyn Hatfield,2021-06-04,1.0,2.0,3.0,4.0,4.0,5.0,5.0,6.0,7.0,8.0,8.0,10.0,13.0,inferred
Welwyn Hatfield,2021-06-05,1.0,2.0,3.0,3.0,3.0,4.0,5.0,6.0,6.0,7.0,7.0,9.0,12.0,inferred
Welwyn Hatfield,2021-06-06,1.0,2.0,3.0,4.0,4.0,5.0,6.0,7.0,8.0,8.0,9.0,11.0,15.0,inferred
Welwyn Hatfield,2021-06-07,2.0,4.0,5.0,6.0,6.0,7.0,8.0,9.0,10.0,11.0,12.0,14.0,18.0,inferred
Welwyn Hatfield,2021-06-08,3.0,4.0,5.0,6.0,6.0,7.0,8.0,9.0,10.0,11.0,12.0,14.0,18.0,inferred
Welwyn Hatfield,2021-06-09,3.0,5.0,7.0,7.0,8.0,9.0,10.0,11.0,12.0,13.0,14.0,16.0,20.5,inferred
Welwyn Hatfield,2021-06-10,3.0,5.0,6.0,7.0,7.0,8.0,10.0,11.0,12.0,13.0,14.0,16.0,20.0,inferred
Welwyn Hatfield,2021-06-11,3.0,5.0,6.0,7.0,8.0,9.0,10.0,11.0,12.0,13.0,13.0,16.0,19.0,inferred
Welwyn Hatfield,2021-06-12,3.0,4.0,6.0,6.0,7.0,8.0,9.0,10.0,11.0,12.0,12.0,14.0,19.0,inferred
Welwyn Hatfield,2021-06-13,4.0,6.0,8.0,8.0,9.0,10.0,11.0,12.0,13.0,14.0,15.0,18.0,22.0,inferred
Welwyn Hatfield,2021-06-14,6.0,9.0,11.0,12.0,12.0,14.0,15.0,17.0,18.0,19.0,20.0,23.0,27.0,inferred
Welwyn Hatfield,2021-06-15,7.0,10.0,12.0,12.0,13.0,14.0,16.0,17.0,19.0,20.0,20.0,24.0,29.0,inferred
Welwyn Hatfield,2021-06-16,8.0,11.0,13.0,14.0,15.0,16.6,18.0,19.0,21.0,22.0,23.0,26.0,31.0,inferred
Welwyn Hatfield,2021-06-17,8.0,11.0,13.0,14.0,15.0,16.0,18.0,19.0,21.0,22.0,23.0,26.0,31.0,inferred
Welwyn Hatfield,2021-06-18,7.0,10.0,12.0,13.0,14.0,15.0,16.0,18.0,20.0,21.0,22.0,25.0,30.0,inferred
West Berkshire,2021-03-06,1.0,2.0,3.0,4.0,4.0,4.6,5.0,6.0,6.0,7.0,8.0,9.0,11.0,inferred
West Berkshire,2021-03-07,2.0,3.0,4.0,4.0,5.0,5.0,6.0,7.0,8.0,8.0,9.0,10.0,13.0,inferred
West Berkshire,2021-03-08,3.0,4.0,5.0,6.0,6.0,7.0,8.0,8.0,9.0,10.0,10.0,12.0,15.0,inferred
West Berkshire,2021-03-09,2.0,4.0,5.0,5.0,6.0,6.0,7.0,8.0,9.0,9.0,10.0,12.0,15.0,inferred
West Berkshire,2021-03-10,2.0,4.0,5.0,5.0,6.0,7.0,7.0,8.0,9.0,10.0,11.0,12.0,15.0,inferred
West Berkshire,2021-03-11,2.0,3.0,4.0,5.0,5.0,6.0,7.0,8.0,8.0,9.0,10.0,11.0,14.0,inferred
West Berkshire,2021-03-12,2.0,3.0,4.0,4.0,4.0,5.0,6.0,6.0,7.0,8.0,8.0,10.0,12.5,inferred
West Berkshire,2021-03-13,1.0,2.0,3.0,3.0,3.0,4.0,5.0,5.0,6.0,6.0,7.0,9.0,11.0,inferred
West Berkshire,2021-03-14,1.0,3.0,4.0,4.0,4.0,5.0,6.0,6.0,7.0,8.0,8.0,10.0,13.0,inferred
West Berkshire,2021-03-15,2.0,3.0,4.0,5.0,5.0,6.0,7.0,8.0,9.0,9.0,10.0,11.0,14.0,inferred
West Berkshire,2021-03-16,2.0,3.0,4.0,5.0,5.0,6.0,7.0,7.0,8.0,9.0,9.0,11.0,14.0,inferred
West Berkshire,2021-03-17,2.0,3.0,5.0,5.0,5.0,6.0,7.0,8.0,9.0,9.0,10.0,12.0,15.0,inferred
West Berkshire,2021-03-18,2.0,3.0,4.0,5.0,5.0,6.0,6.0,7.0,8.0,9.0,9.0,11.0,14.0,inferred
West Berkshire,2021-03-19,1.0,2.0,3.0,4.0,4.0,5.0,6.0,6.0,7.0,8.0,8.0,10.0,12.0,inferred
West Berkshire,2021-03-20,1.0,2.0,3.0,3.0,3.0,4.0,5.0,5.0,6.0,7.0,7.0,9.0,11.0,inferred
West Berkshire,2021-03-21,1.0,2.0,3.0,4.0,4.0,5.0,6.0,6.0,7.0,8.0,8.0,10.0,12.0,inferred
West Berkshire,2021-03-22,2.0,3.0,4.0,5.0,5.0,6.0,7.0,8.0,9.0,9.0,10.0,11.0,14.0,inferred
West Berkshire,2021-03-23,2.0,3.0,4.0,4.0,5.0,6.0,6.0,7.0,8.0,9.0,9.0,11.0,14.0,inferred
West Berkshire,2021-03-24,2.0,3.0,4.0,5.0,5.0,6.0,7.0,7.0,8.0,9.0,9.0,11.0,13.0,inferred
West Berkshire,2021-03-25,1.0,3.0,4.0,4.0,4.0,5.0,6.0,7.0,8.0,8.0,9.0,10.0,13.0,inferred
West Berkshire,2021-03-26,1.0,2.0,3.0,3.0,3.0,4.0,5.0,5.0,6.0,7.0,7.0,9.0,11.0,inferred
West Berkshire,2021-03-27,0.0,1.0,2.0,2.0,3.0,3.0,4.0,4.0,5.0,6.0,6.0,7.0,10.0,inferred
West Berkshire,2021-03-28,0.0,1.0,2.0,3.0,3.0,4.0,4.0,5.0,5.3,6.0,6.0,8.0,11.0,inferred
West Berkshire,2021-03-29,1.0,2.0,3.0,3.0,4.0,4.0,5.0,6.0,7.0,7.0,8.0,9.0,12.0,inferred
West Berkshire,2021-03-30,1.0,2.0,3.0,3.0,3.0,4.0,5.0,5.0,6.0,7.0,7.0,9.0,11.0,inferred
West Berkshire,2021-03-31,1.0,2.0,3.0,3.0,3.0,4.0,5.0,5.0,6.0,7.0,7.0,9.0,11.0,inferred
West Berkshire,2021-04-01,1.0,2.0,2.0,3.0,3.0,4.0,4.0,5.0,6.0,6.0,7.0,8.0,10.0,inferred
West Berkshire,2021-04-02,0.0,1.0,2.0,2.0,2.0,3.0,3.0,4.0,5.0,5.0,6.0,7.0,9.0,inferred
West Berkshire,2021-04-03,0.0,1.0,1.0,1.0,2.0,2.0,3.0,3.0,4.0,4.0,4.0,6.0,8.0,inferred
West Berkshire,2021-04-04,0.0,1.0,1.8,2.0,2.0,3.0,3.0,4.0,4.0,5.0,5.0,6.0,8.0,inferred
West Berkshire,2021-04-05,0.0,1.0,2.0,2.0,3.0,3.0,4.0,4.0,5.0,5.0,6.0,7.0,9.0,inferred
West Berkshire,2021-04-06,0.0,1.0,2.0,2.0,2.0,3.0,4.0,4.0,5.0,5.0,6.0,7.0,9.0,inferred
West Berkshire,2021-04-07,0.0,1.0,2.0,2.0,2.0,3.0,4.0,4.0,5.0,5.0,6.0,7.0,9.0,inferred
West Berkshire,2021-04-08,0.0,1.0,2.0,2.0,2.0,3.0,3.0,4.0,5.0,5.0,5.0,7.0,9.0,inferred
West Berkshire,2021-04-09,0.0,1.0,1.0,2.0,2.0,2.0,3.0,3.0,4.0,4.0,5.0,6.0,8.0,inferred
West Berkshire,2021-04-10,0.0,1.0,1.0,1.0,1.0,2.0,2.0,3.0,3.0,4.0,4.0,5.0,7.0,inferred
West Berkshire,2021-04-11,0.0,1.0,1.0,1.0,2.0,2.0,3.0,3.0,4.0,4.0,4.0,6.0,7.0,inferred
West Berkshire,2021-04-12,0.0,1.0,1.0,2.0,2.0,3.0,3.0,4.0,4.0,5.0,5.0,7.0,9.0,inferred
West Berkshire,2021-04-13,0.0,1.0,1.0,2.0,2.0,2.0,3.0,3.0,4.0,4.0,5.0,6.0,8.0,inferred
West Berkshire,2021-04-14,0.0,1.0,2.0,2.0,2.0,3.0,3.0,4.0,4.0,5.0,5.0,6.1,8.0,inferred
West Berkshire,2021-04-15,0.0,1.0,1.0,2.0,2.0,2.0,3.0,4.0,4.0,5.0,5.0,6.0,9.0,inferred
West Berkshire,2021-04-16,0.0,1.0,1.0,2.0,2.0,2.0,3.0,3.0,4.0,4.0,5.0,6.0,8.0,inferred
West Berkshire,2021-04-17,0.0,0.0,1.0,1.0,1.0,2.0,2.0,3.0,3.0,4.0,4.0,5.0,7.0,inferred
West Berkshire,2021-04-18,0.0,1.0,1.0,2.0,2.0,2.0,3.0,3.0,4.0,4.0,5.0,6.0,8.0,inferred
West Berkshire,2021-04-19,0.0,1.0,2.0,2.0,2.0,3.0,4.0,4.0,5.0,5.0,6.0,7.0,9.0,inferred
West Berkshire,2021-04-20,0.0,1.0,2.0,2.0,3.0,3.0,4.0,4.0,5.0,6.0,6.0,8.0,10.0,inferred
West Berkshire,2021-04-21,0.0,1.0,2.0,2.0,3.0,3.0,4.0,5.0,6.0,6.0,6.0,8.0,10.0,inferred
West Berkshire,2021-04-22,0.0,1.0,2.0,2.0,3.0,3.0,4.0,4.0,5.0,6.0,6.0,7.0,10.0,inferred
West Berkshire,2021-04-23,0.0,1.0,2.0,2.0,2.0,3.0,3.0,4.0,5.0,5.0,6.0,7.0,9.0,inferred
West Berkshire,2021-04-24,0.0,1.0,1.0,2.0,2.0,2.0,3.0,4.0,4.0,4.2,5.0,6.0,8.0,inferred
West Berkshire,2021-04-25,0.0,1.0,2.0,2.0,3.0,3.0,4.0,4.0,5.0,5.0,6.0,7.0,9.0,inferred
West Berkshire,2021-04-26,1.0,2.0,3.0,3.0,3.7,4.0,5.0,6.0,6.0,7.0,7.0,9.0,11.0,inferred
West Berkshire,2021-04-27,1.0,2.0,3.0,3.0,3.0,4.0,5.0,5.0,6.0,7.0,7.0,8.0,11.0,inferred
West Berkshire,2021-04-28,1.0,2.0,3.0,3.0,4.0,4.0,5.0,6.0,7.0,7.0,8.0,9.0,12.0,inferred
West Berkshire,2021-04-29,1.0,2.0,3.0,3.0,4.0,4.0,5.0,6.0,6.0,7.0,7.0,9.0,11.0,inferred
West Berkshire,2021-04-30,1.0,1.0,2.0,3.0,3.0,4.0,4.0,5.0,6.0,6.0,7.0,8.0,11.0,inferred
West Berkshire,2021-05-01,0.0,1.0,2.0,2.0,2.0,3.0,4.0,4.0,5.0,5.0,6.0,7.0,9.0,inferred
West Berkshire,2021-05-02,1.0,2.0,3.0,3.0,3.0,4.0,4.0,5.0,6.0,6.0,7.0,8.0,10.5,inferred
West Berkshire,2021-05-03,1.0,2.0,3.0,4.0,4.0,5.0,6.0,6.0,7.0,8.0,8.0,9.0,12.0,inferred
West Berkshire,2021-05-04,1.0,2.0,3.0,3.0,4.0,4.0,5.0,6.0,7.0,7.0,8.0,10.0,12.0,inferred
West Berkshire,2021-05-05,1.0,2.0,3.0,4.0,4.0,5.0,5.0,6.0,7.0,8.0,8.0,10.0,12.0,inferred
West Berkshire,2021-05-06,1.0,2.0,3.0,3.0,4.0,4.0,5.0,6.0,6.0,7.0,8.0,9.0,12.0,inferred
West Berkshire,2021-05-07,1.0,2.0,2.0,3.0,3.0,4.0,5.0,5.0,6.0,6.0,7.0,8.0,11.0,inferred
West Berkshire,2021-05-08,0.0,1.0,2.0,2.0,3.0,3.0,4.0,4.0,5.0,5.0,6.0,7.0,10.0,inferred
West Berkshire,2021-05-09,1.0,2.0,3.0,3.0,3.0,4.0,4.0,5.0,6.0,6.0,7.0,8.0,11.0,inferred
West Berkshire,2021-05-10,1.0,2.0,3.0,4.0,4.0,5.0,6.0,6.0,7.0,8.0,8.0,10.0,12.0,inferred
West Berkshire,2021-05-11,1.0,2.0,3.0,4.0,4.0,5.0,5.0,6.0,7.0,7.0,8.0,10.0,12.0,inferred
West Berkshire,2021-05-12,1.0,3.0,4.0,4.0,5.0,5.0,6.0,7.0,8.0,8.0,9.0,10.0,13.0,inferred
West Berkshire,2021-05-13,1.0,3.0,4.0,4.0,4.0,5.0,6.0,6.0,7.0,8.0,8.0,10.0,12.0,inferred
West Berkshire,2021-05-14,1.0,2.0,3.0,3.0,4.0,5.0,5.0,6.0,7.0,7.0,8.0,9.0,12.0,inferred
West Berkshire,2021-05-15,0.0,1.0,2.0,3.0,3.0,4.0,4.0,5.0,6.0,6.0,7.0,8.0,10.0,inferred
West Berkshire,2021-05-16,1.0,2.0,3.0,3.0,4.0,5.0,5.0,6.0,7.0,7.0,8.0,9.0,12.0,inferred
West Berkshire,2021-05-17,2.0,3.0,4.0,5.0,5.0,6.0,7.0,7.0,8.0,9.0,9.0,11.0,14.0,inferred
West Berkshire,2021-05-18,1.0,3.0,4.0,4.0,5.0,6.0,6.0,7.0,8.0,8.2,9.0,11.0,14.0,inferred
West Berkshire,2021-05-19,2.0,3.0,4.0,5.0,5.0,6.0,6.0,7.0,8.0,9.0,10.0,11.0,14.0,inferred
West Berkshire,2021-05-20,1.0,3.0,4.0,4.0,5.0,5.0,6.0,7.0,8.0,8.0,9.0,10.0,13.0,inferred
West Berkshire,2021-05-21,1.0,2.0,3.0,4.0,4.0,5.0,5.0,6.0,7.0,7.0,8.0,9.0,12.0,inferred
West Berkshire,2021-05-22,1.0,2.0,2.0,3.0,3.0,4.0,4.0,5.0,6.0,6.0,7.0,8.0,11.0,inferred
West Berkshire,2021-05-23,1.0,2.0,3.0,4.0,4.0,5.0,5.0,6.0,7.0,8.0,8.0,10.0,12.0,inferred
West Berkshire,2021-05-24,2.0,3.0,4.0,5.0,5.0,6.0,7.0,7.0,8.0,9.0,10.0,11.0,14.0,inferred
West Berkshire,2021-05-25,2.0,3.0,4.0,5.0,5.0,6.0,6.0,7.0,8.0,9.0,9.0,11.0,14.0,inferred
West Berkshire,2021-05-26,2.0,3.0,5.0,5.0,5.0,6.0,7.0,8.0,9.0,9.0,10.0,12.0,14.0,inferred
West Berkshire,2021-05-27,2.0,3.0,4.0,4.0,5.0,6.0,6.0,7.0,8.0,8.0,9.0,11.0,13.0,inferred
West Berkshire,2021-05-28,1.0,2.0,3.0,4.0,4.0,5.0,6.0,6.0,7.0,7.0,8.0,9.0,12.0,inferred
West Berkshire,2021-05-29,1.0,2.0,2.0,3.0,3.0,4.0,5.0,5.0,6.0,6.0,7.0,8.0,11.0,inferred
West Berkshire,2021-05-30,1.0,2.0,3.0,4.0,4.0,5.0,6.0,6.0,7.0,8.0,8.0,10.0,12.0,inferred
West Berkshire,2021-05-31,2.0,3.0,4.0,5.0,5.0,6.0,7.0,8.0,9.0,9.0,10.0,11.0,14.0,inferred
West Berkshire,2021-06-01,2.0,3.0,4.0,5.0,5.0,6.0,7.0,8.0,9.0,9.0,10.0,11.0,14.0,inferred
West Berkshire,2021-06-02,2.0,3.0,5.0,5.0,6.0,6.0,7.0,8.0,9.0,9.0,10.0,12.0,15.0,inferred
West Berkshire,2021-06-03,2.0,3.0,4.0,5.0,5.0,6.0,7.0,8.0,9.0,9.0,10.0,12.0,14.5,inferred
West Berkshire,2021-06-04,1.0,3.0,4.0,4.0,5.0,5.0,6.0,7.0,8.0,8.0,9.0,11.0,14.0,inferred
West Berkshire,2021-06-05,1.0,2.0,3.0,3.0,4.0,4.0,5.0,6.0,7.0,7.0,8.0,9.0,12.0,inferred
West Berkshire,2021-06-06,2.0,3.0,4.0,4.0,5.0,6.0,7.0,7.0,8.0,9.0,9.0,11.0,13.5,inferred
West Berkshire,2021-06-07,2.0,4.0,5.0,6.0,6.0,7.0,8.0,9.0,10.0,11.0,11.0,13.0,16.0,inferred
West Berkshire,2021-06-08,3.0,4.0,6.0,6.0,7.0,8.0,8.0,9.0,10.0,11.0,11.0,14.0,17.0,inferred
West Berkshire,2021-06-09,3.0,5.0,7.0,7.0,8.0,9.0,10.0,10.0,12.0,12.0,13.0,15.0,18.0,inferred
West Berkshire,2021-06-10,3.0,5.0,7.0,7.0,8.0,8.6,10.0,10.0,11.0,12.0,13.0,15.0,18.0,inferred
West Berkshire,2021-06-11,3.0,5.0,6.0,7.0,7.0,8.0,9.0,10.0,11.0,12.0,12.0,14.0,17.0,inferred
West Berkshire,2021-06-12,2.0,4.0,5.0,6.0,6.0,7.0,8.0,9.0,10.0,10.0,11.0,13.0,15.0,inferred
West Berkshire,2021-06-13,4.0,5.0,7.0,7.0,8.0,9.0,10.0,11.0,12.0,13.0,13.0,16.0,19.0,inferred
West Berkshire,2021-06-14,5.0,7.0,9.0,10.0,10.0,12.0,13.0,14.0,15.0,16.0,17.0,19.0,22.0,inferred
West Berkshire,2021-06-15,6.0,8.0,9.0,10.0,11.0,12.0,13.0,14.0,15.0,16.0,17.0,19.0,23.0,inferred
West Berkshire,2021-06-16,6.0,8.9,10.0,11.0,12.0,13.0,14.0,16.0,17.0,18.0,19.0,21.0,24.0,inferred
West Berkshire,2021-06-17,6.0,8.0,10.0,11.0,11.0,13.0,14.0,15.0,16.0,17.0,18.0,20.0,24.0,inferred
West Berkshire,2021-06-18,5.0,7.0,9.0,10.0,10.0,11.0,12.5,14.0,15.0,16.0,17.0,19.0,23.0,inferred
West Devon,2021-03-06,0.0,0.0,0.0,0.0,0.0,0.0,0.0,0.0,0.0,0.0,0.0,1.0,2.0,inferred
West Devon,2021-03-07,0.0,0.0,0.0,0.0,0.0,0.0,0.0,0.0,0.0,1.0,1.0,1.0,2.0,inferred
West Devon,2021-03-08,0.0,0.0,0.0,0.0,0.0,0.0,0.0,0.0,1.0,1.0,1.0,1.0,3.0,inferred
West Devon,2021-03-09,0.0,0.0,0.0,0.0,0.0,0.0,0.0,0.0,0.0,1.0,1.0,1.0,3.0,inferred
West Devon,2021-03-10,0.0,0.0,0.0,0.0,0.0,0.0,0.0,0.0,1.0,1.0,1.0,2.0,3.0,inferred
West Devon,2021-03-11,0.0,0.0,0.0,0.0,0.0,0.0,0.0,0.0,1.0,1.0,1.0,2.0,3.0,inferred
West Devon,2021-03-12,0.0,0.0,0.0,0.0,0.0,0.0,0.0,0.0,1.0,1.0,1.0,2.0,3.0,inferred
West Devon,2021-03-13,0.0,0.0,0.0,0.0,0.0,0.0,0.0,0.0,0.0,1.0,1.0,1.0,3.0,inferred
West Devon,2021-03-14,0.0,0.0,0.0,0.0,0.0,0.0,0.0,0.0,1.0,1.0,1.0,2.0,3.0,inferred
West Devon,2021-03-15,0.0,0.0,0.0,0.0,0.0,0.0,0.0,1.0,1.0,1.0,1.0,2.0,4.0,inferred
West Devon,2021-03-16,0.0,0.0,0.0,0.0,0.0,0.0,0.0,1.0,1.0,1.0,1.0,2.0,3.0,inferred
West Devon,2021-03-17,0.0,0.0,0.0,0.0,0.0,0.0,0.0,1.0,1.0,1.0,2.0,2.0,4.0,inferred
West Devon,2021-03-18,0.0,0.0,0.0,0.0,0.0,0.0,0.0,1.0,1.0,1.0,2.0,2.0,4.0,inferred
West Devon,2021-03-19,0.0,0.0,0.0,0.0,0.0,0.0,0.0,1.0,1.0,1.0,1.0,2.0,3.0,inferred
West Devon,2021-03-20,0.0,0.0,0.0,0.0,0.0,0.0,0.0,0.0,1.0,1.0,1.0,2.0,3.0,inferred
West Devon,2021-03-21,0.0,0.0,0.0,0.0,0.0,0.0,0.0,1.0,1.0,1.0,1.0,2.0,4.0,inferred
West Devon,2021-03-22,0.0,0.0,0.0,0.0,0.0,0.0,1.0,1.0,1.0,2.0,2.0,3.0,4.0,inferred
West Devon,2021-03-23,0.0,0.0,0.0,0.0,0.0,0.0,0.0,1.0,1.0,1.0,1.0,2.0,4.0,inferred
West Devon,2021-03-24,0.0,0.0,0.0,0.0,0.0,0.0,1.0,1.0,1.0,2.0,2.0,3.0,5.0,inferred
West Devon,2021-03-25,0.0,0.0,0.0,0.0,0.0,0.0,1.0,1.0,1.0,2.0,2.0,3.0,4.0,inferred
West Devon,2021-03-26,0.0,0.0,0.0,0.0,0.0,0.0,0.0,1.0,1.0,1.0,1.0,2.0,4.0,inferred
West Devon,2021-03-27,0.0,0.0,0.0,0.0,0.0,0.0,0.0,0.0,1.0,1.0,1.0,2.0,3.0,inferred
West Devon,2021-03-28,0.0,0.0,0.0,0.0,0.0,0.0,0.0,1.0,1.0,1.0,1.0,2.0,4.0,inferred
West Devon,2021-03-29,0.0,0.0,0.0,0.0,0.0,0.0,0.0,1.0,1.0,1.0,2.0,3.0,4.0,inferred
West Devon,2021-03-30,0.0,0.0,0.0,0.0,0.0,0.0,0.0,1.0,1.0,1.0,1.0,2.0,4.0,inferred
West Devon,2021-03-31,0.0,0.0,0.0,0.0,0.0,0.0,1.0,1.0,1.0,1.0,2.0,2.0,4.0,inferred
West Devon,2021-04-01,0.0,0.0,0.0,0.0,0.0,0.0,0.0,1.0,1.0,1.0,2.0,2.0,4.0,inferred
West Devon,2021-04-02,0.0,0.0,0.0,0.0,0.0,0.0,0.0,1.0,1.0,1.0,1.0,2.0,3.0,inferred
West Devon,2021-04-03,0.0,0.0,0.0,0.0,0.0,0.0,0.0,0.0,1.0,1.0,1.0,2.0,3.0,inferred
West Devon,2021-04-04,0.0,0.0,0.0,0.0,0.0,0.0,0.0,1.0,1.0,1.0,1.0,2.0,3.0,inferred
West Devon,2021-04-05,0.0,0.0,0.0,0.0,0.0,0.0,0.0,1.0,1.0,1.0,2.0,3.0,4.0,inferred
West Devon,2021-04-06,0.0,0.0,0.0,0.0,0.0,0.0,0.0,1.0,1.0,1.0,1.0,2.0,4.0,inferred
West Devon,2021-04-07,0.0,0.0,0.0,0.0,0.0,0.0,1.0,1.0,1.0,1.0,2.0,2.0,4.0,inferred
West Devon,2021-04-08,0.0,0.0,0.0,0.0,0.0,0.0,0.0,1.0,1.0,1.0,1.0,2.0,4.0,inferred
West Devon,2021-04-09,0.0,0.0,0.0,0.0,0.0,0.0,0.0,1.0,1.0,1.0,1.0,2.0,3.0,inferred
West Devon,2021-04-10,0.0,0.0,0.0,0.0,0.0,0.0,0.0,0.0,1.0,1.0,1.0,2.0,3.0,inferred
West Devon,2021-04-11,0.0,0.0,0.0,0.0,0.0,0.0,0.0,1.0,1.0,1.0,1.0,2.0,3.5,inferred
West Devon,2021-04-12,0.0,0.0,0.0,0.0,0.0,0.0,1.0,1.0,1.0,1.0,2.0,2.0,4.0,inferred
West Devon,2021-04-13,0.0,0.0,0.0,0.0,0.0,0.0,0.0,1.0,1.0,1.0,1.0,2.0,3.0,inferred
West Devon,2021-04-14,0.0,0.0,0.0,0.0,0.0,0.0,1.0,1.0,1.0,1.0,2.0,3.0,4.0,inferred
West Devon,2021-04-15,0.0,0.0,0.0,0.0,0.0,0.0,0.0,1.0,1.0,1.0,2.0,2.0,4.0,inferred
West Devon,2021-04-16,0.0,0.0,0.0,0.0,0.0,0.0,0.0,1.0,1.0,1.0,1.0,2.0,4.0,inferred
West Devon,2021-04-17,0.0,0.0,0.0,0.0,0.0,0.0,0.0,0.0,1.0,1.0,1.0,2.0,3.0,inferred
West Devon,2021-04-18,0.0,0.0,0.0,0.0,0.0,0.0,0.0,1.0,1.0,1.0,1.0,2.0,3.0,inferred
West Devon,2021-04-19,0.0,0.0,0.0,0.0,0.0,0.0,0.5,1.0,1.0,1.0,2.0,3.0,5.0,inferred
West Devon,2021-04-20,0.0,0.0,0.0,0.0,0.0,0.0,0.0,1.0,1.0,1.0,2.0,2.0,4.0,inferred
West Devon,2021-04-21,0.0,0.0,0.0,0.0,0.0,0.0,1.0,1.0,1.0,1.0,2.0,3.0,4.0,inferred
West Devon,2021-04-22,0.0,0.0,0.0,0.0,0.0,0.0,0.0,1.0,1.0,1.0,2.0,2.0,4.0,inferred
West Devon,2021-04-23,0.0,0.0,0.0,0.0,0.0,0.0,0.0,1.0,1.0,1.0,1.0,2.0,4.0,inferred
West Devon,2021-04-24,0.0,0.0,0.0,0.0,0.0,0.0,0.0,0.0,1.0,1.0,1.0,2.0,3.0,inferred
West Devon,2021-04-25,0.0,0.0,0.0,0.0,0.0,0.0,0.0,1.0,1.0,1.0,1.0,2.0,3.0,inferred
West Devon,2021-04-26,0.0,0.0,0.0,0.0,0.0,0.0,1.0,1.0,1.0,1.0,2.0,2.0,4.0,inferred
West Devon,2021-04-27,0.0,0.0,0.0,0.0,0.0,0.0,0.0,1.0,1.0,1.0,1.0,2.0,4.0,inferred
West Devon,2021-04-28,0.0,0.0,0.0,0.0,0.0,0.0,0.0,1.0,1.0,1.0,2.0,2.0,4.0,inferred
West Devon,2021-04-29,0.0,0.0,0.0,0.0,0.0,0.0,0.0,1.0,1.0,1.0,1.0,2.0,4.0,inferred
West Devon,2021-04-30,0.0,0.0,0.0,0.0,0.0,0.0,0.0,1.0,1.0,1.0,1.0,2.0,3.0,inferred
West Devon,2021-05-01,0.0,0.0,0.0,0.0,0.0,0.0,0.0,0.0,1.0,1.0,1.0,1.0,3.0,inferred
West Devon,2021-05-02,0.0,0.0,0.0,0.0,0.0,0.0,0.0,1.0,1.0,1.0,1.0,2.0,4.0,inferred
West Devon,2021-05-03,0.0,0.0,0.0,0.0,0.0,0.0,0.0,1.0,1.0,1.0,2.0,2.0,4.0,inferred
West Devon,2021-05-04,0.0,0.0,0.0,0.0,0.0,0.0,0.0,1.0,1.0,1.0,1.0,2.0,4.0,inferred
West Devon,2021-05-05,0.0,0.0,0.0,0.0,0.0,0.0,0.0,1.0,1.0,1.0,2.0,2.0,4.0,inferred
West Devon,2021-05-06,0.0,0.0,0.0,0.0,0.0,0.0,0.0,1.0,1.0,1.0,1.0,2.0,4.0,inferred
West Devon,2021-05-07,0.0,0.0,0.0,0.0,0.0,0.0,0.0,1.0,1.0,1.0,1.0,2.0,4.0,inferred
West Devon,2021-05-08,0.0,0.0,0.0,0.0,0.0,0.0,0.0,0.0,1.0,1.0,1.0,2.0,3.0,inferred
West Devon,2021-05-09,0.0,0.0,0.0,0.0,0.0,0.0,0.0,1.0,1.0,1.0,1.0,2.0,4.0,inferred
West Devon,2021-05-10,0.0,0.0,0.0,0.0,0.0,0.0,0.0,1.0,1.0,1.0,1.0,2.0,4.0,inferred
West Devon,2021-05-11,0.0,0.0,0.0,0.0,0.0,0.0,0.0,0.0,1.0,1.0,1.0,2.0,3.0,inferred
West Devon,2021-05-12,0.0,0.0,0.0,0.0,0.0,0.0,0.0,1.0,1.0,1.0,1.0,2.0,4.0,inferred
West Devon,2021-05-13,0.0,0.0,0.0,0.0,0.0,0.0,0.0,0.4,1.0,1.0,1.0,2.0,4.0,inferred
West Devon,2021-05-14,0.0,0.0,0.0,0.0,0.0,0.0,0.0,0.0,1.0,1.0,1.0,2.0,3.0,inferred
West Devon,2021-05-15,0.0,0.0,0.0,0.0,0.0,0.0,0.0,0.0,0.0,1.0,1.0,1.0,3.0,inferred
West Devon,2021-05-16,0.0,0.0,0.0,0.0,0.0,0.0,0.0,0.0,1.0,1.0,1.0,2.0,3.0,inferred
West Devon,2021-05-17,0.0,0.0,0.0,0.0,0.0,0.0,0.0,0.0,1.0,1.0,1.0,2.0,3.0,inferred
West Devon,2021-05-18,0.0,0.0,0.0,0.0,0.0,0.0,0.0,0.0,1.0,1.0,1.0,2.0,3.0,inferred
West Devon,2021-05-19,0.0,0.0,0.0,0.0,0.0,0.0,0.0,1.0,1.0,1.0,1.0,2.0,3.0,inferred
West Devon,2021-05-20,0.0,0.0,0.0,0.0,0.0,0.0,0.0,0.0,1.0,1.0,1.0,2.0,3.0,inferred
West Devon,2021-05-21,0.0,0.0,0.0,0.0,0.0,0.0,0.0,0.0,1.0,1.0,1.0,2.0,3.0,inferred
West Devon,2021-05-22,0.0,0.0,0.0,0.0,0.0,0.0,0.0,0.0,0.0,1.0,1.0,1.0,3.0,inferred
West Devon,2021-05-23,0.0,0.0,0.0,0.0,0.0,0.0,0.0,0.0,1.0,1.0,1.0,2.0,3.0,inferred
West Devon,2021-05-24,0.0,0.0,0.0,0.0,0.0,0.0,0.0,0.0,1.0,1.0,1.0,2.0,3.0,inferred
West Devon,2021-05-25,0.0,0.0,0.0,0.0,0.0,0.0,0.0,0.0,1.0,1.0,1.0,2.0,3.0,inferred
West Devon,2021-05-26,0.0,0.0,0.0,0.0,0.0,0.0,0.0,1.0,1.0,1.0,1.0,2.0,4.0,inferred
West Devon,2021-05-27,0.0,0.0,0.0,0.0,0.0,0.0,0.0,1.0,1.0,1.0,1.0,2.0,3.0,inferred
West Devon,2021-05-28,0.0,0.0,0.0,0.0,0.0,0.0,0.0,0.0,1.0,1.0,1.0,2.0,3.0,inferred
West Devon,2021-05-29,0.0,0.0,0.0,0.0,0.0,0.0,0.0,0.0,1.0,1.0,1.0,2.0,3.0,inferred
West Devon,2021-05-30,0.0,0.0,0.0,0.0,0.0,0.0,0.0,1.0,1.0,1.0,1.0,2.0,3.0,inferred
West Devon,2021-05-31,0.0,0.0,0.0,0.0,0.0,0.0,0.0,1.0,1.0,1.0,2.0,2.0,4.0,inferred
West Devon,2021-06-01,0.0,0.0,0.0,0.0,0.0,0.0,0.0,1.0,1.0,1.0,1.0,2.0,4.0,inferred
West Devon,2021-06-02,0.0,0.0,0.0,0.0,0.0,0.0,1.0,1.0,1.0,1.0,2.0,3.0,4.0,inferred
West Devon,2021-06-03,0.0,0.0,0.0,0.0,0.0,0.0,1.0,1.0,1.0,2.0,2.0,3.0,4.0,inferred
West Devon,2021-06-04,0.0,0.0,0.0,0.0,0.0,0.0,1.0,1.0,1.0,1.0,2.0,2.0,4.0,inferred
West Devon,2021-06-05,0.0,0.0,0.0,0.0,0.0,0.0,0.0,1.0,1.0,1.0,1.0,2.0,3.0,inferred
West Devon,2021-06-06,0.0,0.0,0.0,0.0,0.0,0.0,1.0,1.0,1.0,2.0,2.0,3.0,5.0,inferred
West Devon,2021-06-07,0.0,0.0,0.0,0.0,0.0,1.0,1.0,1.0,2.0,2.0,2.0,4.0,6.0,inferred
West Devon,2021-06-08,0.0,0.0,0.0,0.0,0.0,1.0,1.0,1.0,2.0,2.0,2.0,3.0,5.0,inferred
West Devon,2021-06-09,0.0,0.0,0.0,0.0,0.0,1.0,1.0,2.0,2.0,2.0,3.0,4.0,6.0,inferred
West Devon,2021-06-10,0.0,0.0,0.0,0.0,0.0,1.0,1.0,1.4,2.0,2.0,3.0,4.0,5.5,inferred
West Devon,2021-06-11,0.0,0.0,0.0,0.0,0.0,1.0,1.0,1.0,2.0,2.0,2.0,3.0,5.0,inferred
West Devon,2021-06-12,0.0,0.0,0.0,0.0,0.0,0.0,1.0,1.0,1.0,2.0,2.0,3.0,4.0,inferred
West Devon,2021-06-13,0.0,0.0,0.0,0.0,0.0,1.0,1.0,1.0,2.0,2.0,2.0,3.0,5.0,inferred
West Devon,2021-06-14,0.0,0.0,0.0,0.0,1.0,1.0,1.0,2.0,2.0,3.0,3.0,4.0,6.0,inferred
West Devon,2021-06-15,0.0,0.0,0.0,0.0,0.0,1.0,1.0,2.0,2.0,2.0,3.0,4.0,6.0,inferred
West Devon,2021-06-16,0.0,0.0,0.0,1.0,1.0,1.0,1.0,2.0,2.0,3.0,3.0,4.0,7.0,inferred
West Devon,2021-06-17,0.0,0.0,0.0,0.0,1.0,1.0,1.0,2.0,2.0,3.0,3.0,4.0,6.0,inferred
West Devon,2021-06-18,0.0,0.0,0.0,0.0,0.0,1.0,1.0,2.0,2.0,2.0,3.0,4.0,6.0,inferred
West Dunbartonshire,2021-03-06,113.0,127.0,140.0,145.0,149.0,157.6,164.0,171.0,179.0,184.0,189.0,203.0,223.0,inferred
West Dunbartonshire,2021-03-07,101.0,115.0,126.0,131.0,135.0,142.0,149.0,156.0,164.0,168.0,173.0,186.0,213.0,inferred
West Dunbartonshire,2021-03-08,83.0,98.0,108.0,112.0,115.0,122.0,129.0,136.0,143.0,147.0,151.0,163.0,187.0,inferred
West Dunbartonshire,2021-03-09,95.0,113.0,124.0,128.0,132.0,139.0,145.0,152.0,159.0,164.0,169.0,183.0,205.0,inferred
West Dunbartonshire,2021-03-10,141.5,160.0,172.0,176.0,180.0,188.0,196.0,204.0,213.0,218.0,224.0,240.0,266.0,inferred
West Dunbartonshire,2021-03-11,130.0,150.0,162.0,167.0,171.0,179.0,187.0,195.0,204.0,208.0,213.0,228.0,255.0,inferred
West Dunbartonshire,2021-03-12,136.5,160.0,172.0,177.0,181.0,190.0,199.0,207.0,217.0,222.0,228.0,245.0,269.0,inferred
West Dunbartonshire,2021-03-13,132.5,149.9,163.0,168.0,172.0,181.0,189.0,197.0,204.0,209.0,215.0,233.0,256.0,inferred
West Dunbartonshire,2021-03-14,112.5,128.0,140.0,144.0,147.0,155.0,162.0,170.0,179.0,183.0,189.0,204.1,224.0,inferred
West Dunbartonshire,2021-03-15,86.0,105.0,115.0,119.0,122.0,130.0,136.0,144.0,152.0,155.0,160.0,173.0,197.0,inferred
West Dunbartonshire,2021-03-16,101.0,115.0,125.8,130.0,133.0,140.0,147.0,154.0,162.0,167.0,173.0,184.0,207.0,inferred
West Dunbartonshire,2021-03-17,137.0,156.0,169.0,174.0,178.0,186.0,196.0,205.0,216.0,221.0,226.0,241.0,265.5,inferred
West Dunbartonshire,2021-03-18,127.0,145.0,156.0,161.0,166.0,174.0,183.0,190.0,199.0,204.0,209.0,223.0,249.0,inferred
West Dunbartonshire,2021-03-19,132.0,149.9,163.0,168.0,172.0,180.0,187.0,195.0,204.3,210.0,215.0,230.1,257.0,inferred
West Dunbartonshire,2021-03-20,118.0,136.0,149.0,154.0,159.0,168.0,174.0,182.0,190.0,195.0,201.0,217.0,236.0,inferred
West Dunbartonshire,2021-03-21,99.0,114.0,126.0,130.0,133.7,141.0,148.0,155.0,163.0,166.0,171.0,184.0,206.5,inferred
West Dunbartonshire,2021-03-22,79.0,93.0,102.0,106.0,110.0,116.0,121.0,127.0,134.0,139.0,143.0,156.0,178.0,inferred
West Dunbartonshire,2021-03-23,84.0,97.0,107.0,112.0,116.0,123.0,129.0,136.0,144.0,149.0,154.0,167.0,188.0,inferred
West Dunbartonshire,2021-03-24,117.0,133.0,145.0,150.0,155.0,163.0,171.0,178.0,186.0,191.0,197.0,212.0,237.6,inferred
West Dunbartonshire,2021-03-25,106.0,120.9,132.0,136.0,140.0,148.0,155.0,162.0,170.3,175.0,181.0,196.0,215.0,inferred
West Dunbartonshire,2021-03-26,107.0,125.0,137.0,141.0,145.0,152.0,159.0,166.0,174.0,179.0,185.0,198.0,222.5,inferred
West Dunbartonshire,2021-03-27,94.5,111.0,122.0,127.0,131.0,139.0,146.0,153.0,161.0,166.0,171.0,184.0,211.0,inferred
West Dunbartonshire,2021-03-28,76.0,91.0,100.0,104.0,107.0,115.0,121.0,128.0,135.0,138.0,142.0,156.0,178.0,inferred
West Dunbartonshire,2021-03-29,57.0,72.0,81.0,84.0,87.0,93.0,99.0,106.0,111.0,115.0,119.0,130.0,147.0,inferred
West Dunbartonshire,2021-03-30,63.0,77.0,85.0,89.0,92.0,98.0,103.5,109.0,116.0,119.0,124.0,134.0,153.5,inferred
West Dunbartonshire,2021-03-31,88.0,103.9,114.0,118.0,121.0,129.0,135.0,142.0,149.0,153.0,158.0,171.0,192.0,inferred
West Dunbartonshire,2021-04-01,76.0,90.0,102.0,105.0,109.0,115.0,122.0,129.0,135.0,140.0,144.0,157.0,181.5,inferred
West Dunbartonshire,2021-04-02,77.0,94.9,104.0,108.0,112.0,119.0,125.0,131.0,138.0,143.0,148.0,160.0,182.5,inferred
West Dunbartonshire,2021-04-03,71.0,85.0,94.0,97.0,101.0,106.0,112.0,118.0,126.0,129.0,134.0,147.0,167.0,inferred
West Dunbartonshire,2021-04-04,56.0,69.0,78.0,81.0,84.0,89.0,95.0,101.0,107.0,111.0,114.0,126.0,142.5,inferred
West Dunbartonshire,2021-04-05,40.0,52.0,60.0,63.0,65.0,71.0,76.0,81.0,86.3,90.0,94.0,105.0,123.0,inferred
West Dunbartonshire,2021-04-06,45.5,55.0,63.0,66.0,68.0,74.0,80.0,86.0,92.0,96.0,99.0,110.0,131.0,inferred
West Dunbartonshire,2021-04-07,61.0,75.0,86.0,89.0,93.0,98.0,105.0,111.0,117.0,121.0,126.0,140.0,157.5,inferred
West Dunbartonshire,2021-04-08,60.0,71.0,79.0,83.0,86.0,91.0,97.0,103.0,110.0,114.0,117.0,130.0,148.0,inferred
West Dunbartonshire,2021-04-09,62.0,75.0,83.0,86.0,89.0,94.0,100.0,106.0,113.0,117.0,121.0,133.0,150.0,inferred
West Dunbartonshire,2021-04-10,54.0,66.0,74.0,77.0,80.0,86.0,92.0,98.0,103.0,107.0,111.0,122.0,143.0,inferred
West Dunbartonshire,2021-04-11,43.0,54.0,61.0,64.0,67.0,73.0,78.0,83.0,89.0,92.0,95.0,105.0,125.0,inferred
West Dunbartonshire,2021-04-12,34.0,43.0,49.0,52.0,54.0,59.0,64.0,68.0,73.0,76.0,79.0,89.0,107.0,inferred
West Dunbartonshire,2021-04-13,36.0,45.0,52.0,55.0,57.0,62.0,67.0,71.0,77.0,80.0,83.0,92.0,109.0,inferred
West Dunbartonshire,2021-04-14,52.0,63.0,70.8,73.0,77.0,82.0,88.0,94.0,100.0,104.0,108.0,118.0,134.0,inferred
West Dunbartonshire,2021-04-15,44.0,55.0,63.0,66.0,69.0,74.0,79.0,85.0,91.0,94.0,98.0,107.0,126.0,inferred
West Dunbartonshire,2021-04-16,44.5,56.0,64.0,67.8,70.0,75.0,80.0,84.4,91.0,94.0,99.0,107.0,126.0,inferred
West Dunbartonshire,2021-04-17,40.0,51.0,58.0,61.0,64.0,68.0,74.0,78.0,84.0,87.0,91.0,101.0,115.0,inferred
West Dunbartonshire,2021-04-18,32.0,41.0,48.0,51.0,53.0,58.0,62.0,66.0,72.0,75.0,78.0,87.0,103.0,inferred
West Dunbartonshire,2021-04-19,22.0,30.0,37.0,39.0,41.0,46.0,49.0,54.0,58.0,61.0,64.0,73.0,89.5,inferred
West Dunbartonshire,2021-04-20,23.5,32.0,38.0,41.0,43.0,48.0,52.0,55.0,60.0,63.0,66.0,75.0,90.0,inferred
West Dunbartonshire,2021-04-21,35.0,46.0,52.0,54.0,57.0,63.0,68.0,73.0,78.0,81.0,84.0,95.0,110.0,inferred
West Dunbartonshire,2021-04-22,28.5,39.9,46.0,49.0,52.0,56.0,60.0,65.0,70.0,73.0,76.0,86.0,105.0,inferred
West Dunbartonshire,2021-04-23,32.0,41.0,48.0,51.0,53.0,58.0,62.0,67.0,72.0,75.0,78.0,88.0,104.0,inferred
West Dunbartonshire,2021-04-24,28.0,36.0,43.0,45.0,48.0,52.0,56.0,60.0,65.0,68.0,71.0,81.0,95.0,inferred
West Dunbartonshire,2021-04-25,22.0,29.0,34.0,37.0,39.0,42.0,46.0,50.0,55.0,57.0,61.0,69.0,83.0,inferred
West Dunbartonshire,2021-04-26,15.0,22.0,26.0,27.0,30.0,33.0,36.5,41.0,44.0,47.0,49.0,57.0,69.0,inferred
West Dunbartonshire,2021-04-27,16.0,23.0,28.0,30.0,32.0,35.0,38.0,42.0,47.0,49.0,51.0,58.0,71.0,inferred
West Dunbartonshire,2021-04-28,25.0,33.0,39.0,42.0,44.0,48.0,52.0,56.4,61.0,63.0,66.0,75.0,90.0,inferred
West Dunbartonshire,2021-04-29,23.0,31.0,37.0,39.0,41.0,45.0,49.0,53.0,59.0,61.0,65.0,72.0,85.5,inferred
West Dunbartonshire,2021-04-30,24.0,33.0,40.0,42.0,44.0,48.0,52.0,57.0,62.0,64.0,68.0,75.1,89.0,inferred
West Dunbartonshire,2021-05-01,23.0,31.0,36.0,39.0,41.0,45.0,50.0,54.0,59.0,61.0,64.0,73.0,88.5,inferred
West Dunbartonshire,2021-05-02,20.0,27.0,32.0,34.0,36.0,40.0,43.0,47.0,51.0,54.0,57.0,65.0,79.0,inferred
West Dunbartonshire,2021-05-03,14.0,20.0,25.0,27.0,29.0,32.0,35.0,38.0,42.0,44.0,47.0,54.0,68.0,inferred
West Dunbartonshire,2021-05-04,18.0,25.0,30.0,33.0,34.7,38.0,41.0,45.0,49.0,52.0,54.0,62.0,77.0,inferred
West Dunbartonshire,2021-05-05,31.0,41.0,47.0,50.0,52.0,57.0,61.0,66.0,71.0,74.0,78.0,88.0,103.0,inferred
West Dunbartonshire,2021-05-06,34.0,44.0,50.0,53.0,55.0,60.0,64.0,69.0,75.0,77.0,81.0,91.0,103.5,inferred
West Dunbartonshire,2021-05-07,43.0,53.0,60.0,62.0,65.0,71.0,76.0,81.0,86.0,90.0,94.0,103.0,120.0,inferred
West Dunbartonshire,2021-05-08,43.5,55.0,62.0,64.8,68.0,73.0,78.0,83.0,88.0,92.0,96.0,106.0,121.5,inferred
West Dunbartonshire,2021-05-09,40.0,50.0,58.0,61.0,64.0,68.0,73.5,79.0,84.0,88.0,92.0,102.1,117.0,inferred
West Dunbartonshire,2021-05-10,36.0,46.0,53.0,56.0,59.0,63.0,67.0,72.0,77.0,81.0,85.0,95.0,112.0,inferred
West Dunbartonshire,2021-05-11,45.0,57.0,64.0,67.0,70.0,76.0,81.0,86.0,92.0,95.0,99.0,109.0,127.0,inferred
West Dunbartonshire,2021-05-12,71.0,88.0,97.0,100.8,104.7,110.0,117.0,124.0,131.0,135.0,139.0,151.1,174.0,inferred
West Dunbartonshire,2021-05-13,75.0,90.0,99.0,103.0,106.7,113.0,119.0,126.0,133.0,137.0,141.0,154.0,175.5,inferred
West Dunbartonshire,2021-05-14,90.0,104.0,115.0,119.0,122.0,129.0,136.0,143.0,151.0,155.0,159.0,172.0,195.0,inferred
West Dunbartonshire,2021-05-15,87.0,104.0,116.0,120.0,124.0,131.0,138.0,144.0,152.0,157.0,160.0,174.1,200.0,inferred
West Dunbartonshire,2021-05-16,78.0,94.0,106.0,110.0,114.0,121.0,127.0,134.0,141.0,146.0,150.0,161.0,181.0,inferred
West Dunbartonshire,2021-05-17,71.0,84.0,93.0,97.0,100.0,107.0,114.0,120.0,127.3,131.0,136.0,148.0,169.0,inferred
West Dunbartonshire,2021-05-18,85.0,102.0,113.0,116.0,119.0,127.0,133.0,139.0,147.0,151.0,155.0,168.0,190.0,inferred
West Dunbartonshire,2021-05-19,125.5,146.9,159.0,164.0,169.0,177.0,185.0,192.0,201.0,206.0,211.0,228.0,256.5,inferred
West Dunbartonshire,2021-05-20,124.0,144.0,155.0,161.0,165.0,174.0,182.0,190.0,198.0,203.0,208.0,224.0,245.5,inferred
West Dunbartonshire,2021-05-21,135.5,155.0,168.0,174.0,179.0,187.0,196.0,204.0,214.0,219.0,224.0,241.0,262.5,inferred
West Dunbartonshire,2021-05-22,136.0,155.0,169.0,173.0,178.0,185.0,193.0,201.0,209.0,214.2,220.0,234.0,262.5,inferred
West Dunbartonshire,2021-05-23,117.5,136.0,146.0,151.8,156.0,165.0,173.0,180.0,188.0,192.0,199.0,212.0,236.5,inferred
West Dunbartonshire,2021-05-24,99.5,115.0,125.0,129.0,133.0,140.0,148.0,155.0,163.0,167.0,172.0,185.1,210.5,inferred
West Dunbartonshire,2021-05-25,109.0,127.0,140.0,144.0,148.0,156.0,163.0,171.0,179.0,184.0,189.0,203.0,226.0,inferred
West Dunbartonshire,2021-05-26,163.0,184.0,197.8,203.0,207.0,216.0,224.0,233.0,243.0,250.0,256.0,273.0,301.5,inferred
West Dunbartonshire,2021-05-27,152.5,172.0,186.0,191.0,196.0,205.0,213.0,222.0,231.0,236.0,242.0,257.0,284.5,inferred
West Dunbartonshire,2021-05-28,167.0,190.0,202.0,208.0,212.0,223.0,231.0,239.0,249.0,254.0,261.0,276.0,303.0,inferred
West Dunbartonshire,2021-05-29,157.0,179.0,193.0,199.0,202.0,211.0,219.0,228.0,238.0,244.0,251.0,267.0,293.5,inferred
West Dunbartonshire,2021-05-30,139.0,154.0,168.0,173.0,178.0,186.0,194.5,201.4,210.0,215.0,221.0,237.0,259.0,inferred
West Dunbartonshire,2021-05-31,110.0,126.0,139.0,144.0,148.0,156.6,164.0,171.0,179.0,183.0,189.0,204.0,229.5,inferred
West Dunbartonshire,2021-06-01,125.0,143.0,155.0,160.0,165.0,172.0,180.0,189.0,197.0,202.0,209.0,224.0,246.0,inferred
West Dunbartonshire,2021-06-02,181.0,202.0,216.0,223.0,229.0,237.0,246.0,256.0,266.0,272.0,277.0,298.0,327.0,inferred
West Dunbartonshire,2021-06-03,170.0,191.9,206.0,212.0,217.0,227.0,236.0,245.0,254.3,260.0,267.0,283.0,312.0,inferred
West Dunbartonshire,2021-06-04,184.5,205.0,222.0,227.0,232.0,242.0,250.0,260.0,269.0,276.0,282.0,302.0,329.5,inferred
West Dunbartonshire,2021-06-05,175.0,197.0,210.0,216.0,222.0,232.6,241.0,250.4,262.0,267.2,275.0,293.0,319.5,inferred
West Dunbartonshire,2021-06-06,153.5,172.0,185.0,190.0,195.0,204.0,212.0,221.0,231.0,236.0,242.0,259.0,294.0,inferred
West Dunbartonshire,2021-06-07,122.5,141.0,154.0,159.0,164.0,172.0,180.0,187.0,196.0,201.0,206.2,223.0,248.5,inferred
West Dunbartonshire,2021-06-08,136.0,158.0,171.0,177.0,181.0,190.0,197.0,205.0,215.0,221.0,228.0,243.0,274.0,inferred
West Dunbartonshire,2021-06-09,203.5,225.9,240.0,244.0,250.0,261.0,270.0,280.0,292.0,298.0,306.0,324.1,353.0,inferred
West Dunbartonshire,2021-06-10,192.5,216.0,229.0,235.0,240.0,250.0,260.0,270.0,281.3,288.0,293.0,312.0,341.0,inferred
West Dunbartonshire,2021-06-11,207.0,230.9,246.0,252.0,259.0,269.0,280.0,288.4,301.0,306.0,314.0,333.0,361.0,inferred
West Dunbartonshire,2021-06-12,200.5,221.0,236.0,242.0,246.7,256.6,268.0,276.4,287.0,293.0,300.0,318.0,348.5,inferred
West Dunbartonshire,2021-06-13,169.0,192.0,207.0,212.0,217.0,226.0,236.0,246.0,256.0,262.0,268.0,284.0,313.0,inferred
West Dunbartonshire,2021-06-14,141.0,156.0,170.8,176.0,180.0,188.0,196.0,207.0,215.0,220.0,227.0,241.0,273.0,inferred
West Dunbartonshire,2021-06-15,155.0,176.0,188.0,193.0,198.0,206.0,214.0,224.0,234.0,239.0,245.0,262.0,286.5,inferred
West Dunbartonshire,2021-06-16,215.9,238.9,255.0,262.0,268.0,278.0,289.0,298.0,310.0,316.0,324.0,343.0,377.0,inferred
West Dunbartonshire,2021-06-17,198.5,220.0,237.0,243.0,249.0,259.0,268.0,278.0,289.0,296.0,302.0,321.0,349.5,inferred
West Dunbartonshire,2021-06-18,207.5,231.0,248.0,255.0,261.0,271.0,282.0,293.0,305.0,312.0,318.0,338.1,368.5,inferred
West Lancashire,2021-03-06,3.0,5.0,7.0,8.0,8.0,9.0,11.0,12.0,13.0,14.0,15.0,17.0,21.0,inferred
West Lancashire,2021-03-07,5.0,7.0,9.0,9.0,10.0,11.0,13.0,14.0,15.0,16.0,17.0,20.0,24.0,inferred
West Lancashire,2021-03-08,7.0,10.0,11.0,12.0,13.0,14.0,16.0,17.0,18.0,20.0,21.0,24.0,29.0,inferred
West Lancashire,2021-03-09,6.0,9.0,11.0,11.0,12.0,13.0,15.0,16.0,18.0,19.0,20.0,23.0,27.5,inferred
West Lancashire,2021-03-10,6.0,9.0,10.0,11.0,12.0,13.0,15.0,16.0,18.0,18.0,19.0,23.0,27.0,inferred
West Lancashire,2021-03-11,5.0,8.0,9.0,10.0,11.0,12.0,14.0,15.0,16.0,17.0,18.0,21.0,26.0,inferred
West Lancashire,2021-03-12,4.0,6.0,8.0,8.0,9.0,10.0,11.0,12.4,14.0,15.0,16.0,18.0,23.0,inferred
West Lancashire,2021-03-13,2.0,4.0,6.0,6.0,7.0,8.0,9.0,10.0,11.0,12.0,13.0,15.0,19.0,inferred
West Lancashire,2021-03-14,3.0,5.0,6.0,7.0,8.0,9.0,10.0,11.0,12.0,13.0,14.0,16.0,20.0,inferred
West Lancashire,2021-03-15,4.0,7.0,8.0,9.0,10.0,11.0,12.0,14.0,15.0,16.0,17.0,20.0,24.5,inferred
West Lancashire,2021-03-16,4.0,6.0,8.0,9.0,9.0,11.0,12.0,13.0,14.0,15.0,16.0,19.0,23.0,inferred
West Lancashire,2021-03-17,4.0,6.0,8.0,9.0,9.0,11.0,12.0,13.0,14.3,15.0,16.0,19.0,23.5,inferred
West Lancashire,2021-03-18,4.0,6.0,7.0,8.0,8.0,10.0,11.0,12.0,14.0,14.0,15.0,18.0,22.0,inferred
West Lancashire,2021-03-19,2.0,4.0,6.0,7.0,7.0,8.0,9.0,11.0,12.0,13.0,13.0,16.0,20.0,inferred
West Lancashire,2021-03-20,2.0,3.0,4.0,5.0,5.0,6.0,7.0,8.0,9.0,10.0,11.0,13.0,17.0,inferred
West Lancashire,2021-03-21,2.0,4.0,5.0,6.0,6.0,7.0,8.0,9.0,10.0,11.0,12.0,14.0,18.0,inferred
West Lancashire,2021-03-22,3.0,5.0,7.0,7.0,8.0,9.0,10.0,11.0,13.0,13.2,14.0,17.0,22.0,inferred
West Lancashire,2021-03-23,3.0,5.0,6.0,7.0,7.0,9.0,10.0,11.0,12.0,13.0,14.0,17.0,20.0,inferred
West Lancashire,2021-03-24,2.0,4.0,6.0,7.0,7.0,8.0,9.0,10.0,12.0,13.0,13.0,16.0,20.0,inferred
West Lancashire,2021-03-25,2.0,4.0,5.0,6.0,6.0,7.0,8.0,9.0,11.0,11.0,12.0,14.0,19.0,inferred
West Lancashire,2021-03-26,1.0,3.0,4.0,5.0,5.0,6.0,7.0,8.0,9.0,10.0,10.0,12.0,16.0,inferred
West Lancashire,2021-03-27,0.0,2.0,3.0,3.0,3.0,4.0,5.0,6.0,7.0,7.0,8.0,10.0,14.0,inferred
West Lancashire,2021-03-28,1.0,2.0,3.0,3.0,4.0,4.0,5.0,6.0,7.0,7.2,8.0,10.0,13.5,inferred
West Lancashire,2021-03-29,1.0,3.0,4.0,4.0,4.0,5.0,6.0,7.0,8.0,9.0,10.0,12.0,15.0,inferred
West Lancashire,2021-03-30,1.0,2.0,3.0,4.0,4.0,5.0,6.0,7.0,8.0,8.0,9.0,11.0,15.0,inferred
West Lancashire,2021-03-31,1.0,2.0,3.0,3.0,4.0,4.0,5.0,6.0,7.0,8.0,9.0,10.1,14.0,inferred
West Lancashire,2021-04-01,0.0,2.0,2.0,3.0,3.0,4.0,5.0,5.0,6.0,7.0,8.0,9.0,12.0,inferred
West Lancashire,2021-04-02,0.0,1.0,2.0,2.0,2.0,3.0,4.0,4.0,5.0,6.0,7.0,8.0,11.0,inferred
West Lancashire,2021-04-03,0.0,0.0,1.0,1.0,1.0,2.0,3.0,3.0,4.0,4.0,5.0,6.0,9.0,inferred
West Lancashire,2021-04-04,0.0,1.0,1.0,1.0,2.0,2.0,3.0,3.0,4.0,5.0,5.0,7.0,9.0,inferred
West Lancashire,2021-04-05,0.0,1.0,2.0,2.0,2.0,3.0,4.0,4.0,5.0,6.0,6.0,8.0,11.0,inferred
West Lancashire,2021-04-06,0.0,1.0,1.0,2.0,2.0,3.0,3.0,4.0,5.0,5.0,6.0,7.0,11.0,inferred
West Lancashire,2021-04-07,0.0,1.0,1.0,2.0,2.0,3.0,3.0,4.0,5.0,5.0,6.0,7.0,10.5,inferred
West Lancashire,2021-04-08,0.0,0.0,1.0,1.0,2.0,2.0,3.0,4.0,4.0,5.0,5.0,7.0,10.0,inferred
West Lancashire,2021-04-09,0.0,0.0,1.0,1.0,1.0,2.0,2.0,3.0,4.0,4.0,5.0,6.0,9.0,inferred
West Lancashire,2021-04-10,0.0,0.0,0.0,1.0,1.0,1.0,2.0,2.0,3.0,3.0,3.0,5.0,7.0,inferred
West Lancashire,2021-04-11,0.0,0.0,0.0,1.0,1.0,1.0,2.0,2.0,3.0,3.0,4.0,5.0,8.0,inferred
West Lancashire,2021-04-12,0.0,0.0,1.0,1.0,1.0,2.0,2.0,3.0,4.0,4.0,5.0,6.0,8.0,inferred
West Lancashire,2021-04-13,0.0,0.0,1.0,1.0,1.0,2.0,2.0,3.0,3.0,4.0,4.0,6.0,8.0,inferred
West Lancashire,2021-04-14,0.0,0.0,1.0,1.0,1.0,2.0,2.0,3.0,3.0,4.0,4.0,6.0,9.0,inferred
West Lancashire,2021-04-15,0.0,0.0,1.0,1.0,1.0,2.0,2.0,2.0,3.0,4.0,4.0,5.0,8.0,inferred
West Lancashire,2021-04-16,0.0,0.0,0.0,1.0,1.0,1.0,2.0,2.0,3.0,3.0,3.0,5.0,7.0,inferred
West Lancashire,2021-04-17,0.0,0.0,0.0,0.0,0.0,1.0,1.0,2.0,2.0,3.0,3.0,4.0,6.5,inferred
West Lancashire,2021-04-18,0.0,0.0,0.0,0.0,1.0,1.0,1.0,2.0,3.0,3.0,3.0,5.0,7.0,inferred
West Lancashire,2021-04-19,0.0,0.0,0.0,1.0,1.0,1.0,2.0,2.0,3.0,3.0,4.0,5.0,8.0,inferred
West Lancashire,2021-04-20,0.0,0.0,0.8,1.0,1.0,1.0,2.0,2.0,3.0,3.0,4.0,5.0,8.0,inferred
West Lancashire,2021-04-21,0.0,0.0,0.0,1.0,1.0,1.0,2.0,2.0,3.0,3.0,4.0,5.0,8.0,inferred
West Lancashire,2021-04-22,0.0,0.0,0.0,1.0,1.0,1.0,2.0,2.0,3.0,3.0,4.0,5.0,8.0,inferred
West Lancashire,2021-04-23,0.0,0.0,0.0,0.0,1.0,1.0,1.0,2.0,2.0,3.0,3.0,4.0,7.0,inferred
West Lancashire,2021-04-24,0.0,0.0,0.0,0.0,0.0,1.0,1.0,1.0,2.0,2.0,3.0,4.0,6.0,inferred
West Lancashire,2021-04-25,0.0,0.0,0.0,0.0,0.0,1.0,1.0,2.0,2.0,2.2,3.0,4.0,6.0,inferred
West Lancashire,2021-04-26,0.0,0.0,0.0,1.0,1.0,1.0,2.0,2.0,3.0,3.0,3.0,5.0,7.0,inferred
West Lancashire,2021-04-27,0.0,0.0,0.0,1.0,1.0,1.0,2.0,2.0,3.0,3.0,3.0,5.0,7.0,inferred
West Lancashire,2021-04-28,0.0,0.0,0.0,1.0,1.0,1.0,2.0,2.0,3.0,3.0,4.0,5.0,7.0,inferred
West Lancashire,2021-04-29,0.0,0.0,0.0,1.0,1.0,1.0,2.0,2.0,3.0,3.0,3.0,5.0,7.0,inferred
West Lancashire,2021-04-30,0.0,0.0,0.0,0.0,0.0,1.0,1.0,2.0,2.0,3.0,3.0,4.0,7.0,inferred
West Lancashire,2021-05-01,0.0,0.0,0.0,0.0,0.0,0.0,1.0,1.0,2.0,2.0,2.0,3.0,5.0,inferred
West Lancashire,2021-05-02,0.0,0.0,0.0,0.0,0.0,1.0,1.0,1.0,2.0,2.0,3.0,4.0,6.0,inferred
West Lancashire,2021-05-03,0.0,0.0,0.0,0.8,1.0,1.0,2.0,2.0,3.0,3.0,3.0,4.0,7.0,inferred
West Lancashire,2021-05-04,0.0,0.0,0.0,0.0,1.0,1.0,1.0,2.0,3.0,3.0,3.0,5.0,7.0,inferred
West Lancashire,2021-05-05,0.0,0.0,0.0,0.0,1.0,1.0,2.0,2.0,3.0,3.0,3.0,5.0,7.0,inferred
West Lancashire,2021-05-06,0.0,0.0,0.0,1.0,1.0,1.0,1.0,2.0,3.0,3.0,3.0,5.0,8.0,inferred
West Lancashire,2021-05-07,0.0,0.0,0.0,0.0,1.0,1.0,1.0,2.0,2.0,3.0,3.0,4.0,7.0,inferred
West Lancashire,2021-05-08,0.0,0.0,0.0,0.0,0.0,1.0,1.0,1.0,2.0,2.0,3.0,4.0,6.0,inferred
West Lancashire,2021-05-09,0.0,0.0,0.0,0.0,0.0,1.0,1.0,2.0,2.0,3.0,3.0,5.0,7.0,inferred
West Lancashire,2021-05-10,0.0,0.0,1.0,1.0,1.0,1.0,2.0,2.0,3.0,3.0,4.0,5.0,8.0,inferred
West Lancashire,2021-05-11,0.0,0.0,0.0,1.0,1.0,1.0,2.0,2.0,3.0,3.0,4.0,5.0,8.0,inferred
West Lancashire,2021-05-12,0.0,0.0,0.0,1.0,1.0,1.0,2.0,2.0,3.0,3.0,4.0,5.0,8.0,inferred
West Lancashire,2021-05-13,0.0,0.0,0.0,0.0,1.0,1.0,2.0,2.0,3.0,3.0,4.0,5.0,8.0,inferred
West Lancashire,2021-05-14,0.0,0.0,0.0,0.0,1.0,1.0,1.0,2.0,2.0,3.0,3.0,4.0,7.0,inferred
West Lancashire,2021-05-15,0.0,0.0,0.0,0.0,0.0,1.0,1.0,1.0,2.0,2.0,3.0,4.0,6.0,inferred
West Lancashire,2021-05-16,0.0,0.0,0.0,0.0,0.0,1.0,1.0,2.0,2.0,3.0,3.0,4.0,6.0,inferred
West Lancashire,2021-05-17,0.0,0.0,0.0,1.0,1.0,1.0,2.0,2.0,3.0,3.0,4.0,5.0,7.0,inferred
West Lancashire,2021-05-18,0.0,0.0,0.0,1.0,1.0,1.0,2.0,2.0,3.0,3.0,4.0,5.0,8.0,inferred
West Lancashire,2021-05-19,0.0,0.0,1.0,1.0,1.0,2.0,2.0,2.0,3.0,3.0,4.0,5.0,7.0,inferred
West Lancashire,2021-05-20,0.0,0.0,1.0,1.0,1.0,1.0,2.0,3.0,3.0,4.0,4.0,5.0,8.0,inferred
West Lancashire,2021-05-21,0.0,0.0,0.0,1.0,1.0,1.0,2.0,2.0,3.0,3.0,4.0,5.0,7.0,inferred
West Lancashire,2021-05-22,0.0,0.0,0.0,0.0,1.0,1.0,1.0,2.0,2.0,3.0,3.0,4.0,7.0,inferred
West Lancashire,2021-05-23,0.0,0.0,0.0,1.0,1.0,1.0,2.0,2.0,3.0,3.0,4.0,5.0,8.0,inferred
West Lancashire,2021-05-24,0.0,0.0,1.0,1.0,1.0,2.0,2.0,3.0,4.0,4.0,5.0,6.0,9.0,inferred
West Lancashire,2021-05-25,0.0,0.0,1.0,1.0,1.0,2.0,3.0,3.0,4.0,4.0,5.0,6.0,9.0,inferred
West Lancashire,2021-05-26,0.0,1.0,1.0,2.0,2.0,2.0,3.0,4.0,5.0,5.0,6.0,7.0,10.0,inferred
West Lancashire,2021-05-27,0.0,1.0,2.0,2.0,2.0,3.0,3.0,4.0,5.0,5.0,6.0,7.0,10.0,inferred
West Lancashire,2021-05-28,0.0,1.0,1.0,2.0,2.0,3.0,3.0,4.0,5.0,5.0,6.0,7.0,10.0,inferred
West Lancashire,2021-05-29,0.0,0.0,1.0,1.0,2.0,2.0,3.0,3.0,4.0,5.0,5.0,7.0,10.0,inferred
West Lancashire,2021-05-30,0.0,1.0,2.0,2.0,2.0,3.0,4.0,4.0,5.0,6.0,6.0,8.0,11.0,inferred
West Lancashire,2021-05-31,1.0,2.0,3.0,3.0,4.0,5.0,5.0,6.0,7.0,8.0,9.0,11.0,15.0,inferred
West Lancashire,2021-06-01,1.0,2.0,4.0,4.0,4.0,5.0,6.0,7.0,8.0,9.0,10.0,12.0,16.0,inferred
West Lancashire,2021-06-02,2.0,3.0,4.0,5.0,6.0,7.0,7.0,8.0,10.0,10.0,11.0,13.0,17.0,inferred
West Lancashire,2021-06-03,2.0,4.0,5.0,6.0,6.0,7.0,8.0,9.0,10.0,11.0,12.0,14.0,18.0,inferred
West Lancashire,2021-06-04,2.0,4.0,5.0,6.0,6.0,7.0,8.0,9.0,11.0,12.0,13.0,15.0,19.0,inferred
West Lancashire,2021-06-05,2.0,3.0,5.0,5.0,6.0,7.0,8.0,8.0,9.0,10.0,11.0,13.0,17.0,inferred
West Lancashire,2021-06-06,3.0,5.0,7.0,7.0,8.0,9.0,10.0,11.0,13.0,13.0,14.0,17.0,22.0,inferred
West Lancashire,2021-06-07,6.0,8.0,10.0,11.0,12.0,14.0,15.0,16.0,18.0,19.0,20.0,22.0,27.0,inferred
West Lancashire,2021-06-08,6.0,10.0,12.0,12.0,13.0,15.0,16.0,18.0,19.0,20.0,21.0,24.0,29.0,inferred
West Lancashire,2021-06-09,8.0,11.0,13.0,14.0,14.0,16.0,18.0,19.0,21.0,22.0,23.0,26.0,31.0,inferred
West Lancashire,2021-06-10,7.0,11.0,13.0,14.0,15.0,16.0,18.0,19.0,21.0,22.0,23.0,26.1,32.0,inferred
West Lancashire,2021-06-11,7.0,10.0,12.0,13.0,14.0,16.0,17.0,18.0,20.0,21.0,22.0,26.0,30.0,inferred
West Lancashire,2021-06-12,5.0,8.0,10.0,11.0,11.0,13.0,14.0,15.0,17.0,18.0,19.0,22.0,27.0,inferred
West Lancashire,2021-06-13,7.0,10.0,13.0,13.0,14.0,16.0,17.0,19.0,21.0,22.0,23.0,26.0,31.0,inferred
West Lancashire,2021-06-14,11.0,15.0,17.0,19.0,19.0,21.0,23.0,25.0,27.0,29.0,30.0,34.0,40.0,inferred
West Lancashire,2021-06-15,12.0,15.0,18.0,19.0,20.0,22.0,24.0,25.0,27.0,29.0,30.0,34.0,40.0,inferred
West Lancashire,2021-06-16,12.0,16.0,18.0,19.0,20.0,22.0,24.0,26.0,28.0,29.0,30.0,34.0,41.0,inferred
West Lancashire,2021-06-17,12.0,15.0,17.0,18.0,20.0,22.0,23.0,25.0,27.0,28.0,30.0,33.0,39.0,inferred
West Lancashire,2021-06-18,9.0,13.0,15.0,16.0,17.0,19.0,21.0,22.0,24.0,26.0,27.0,30.1,36.0,inferred
West Lindsey,2021-03-06,3.0,4.0,6.0,6.0,7.0,7.0,8.0,9.0,10.0,10.0,11.0,13.0,16.0,inferred
West Lindsey,2021-03-07,3.0,5.0,7.0,7.0,8.0,9.0,9.0,10.0,11.0,12.0,13.0,15.0,17.0,inferred
West Lindsey,2021-03-08,5.0,7.0,9.0,9.0,10.0,11.0,12.0,13.0,14.0,15.0,16.0,18.0,22.0,inferred
West Lindsey,2021-03-09,5.0,7.0,8.0,9.0,9.0,11.0,12.0,13.0,14.0,15.0,15.0,17.0,21.0,inferred
West Lindsey,2021-03-10,5.0,7.0,9.0,10.0,10.0,11.0,12.0,14.0,15.0,16.0,16.0,19.0,22.0,inferred
West Lindsey,2021-03-11,5.0,7.0,8.0,9.0,10.0,11.0,12.0,13.0,14.0,15.0,15.0,17.0,21.0,inferred
West Lindsey,2021-03-12,4.0,6.0,8.0,8.0,9.0,10.0,11.0,12.0,13.0,14.0,15.0,17.0,20.0,inferred
West Lindsey,2021-03-13,3.0,5.0,6.0,7.0,7.0,8.0,9.0,10.0,11.0,12.0,12.0,14.0,17.0,inferred
West Lindsey,2021-03-14,5.0,7.0,8.0,9.0,9.0,10.0,11.0,12.0,14.0,14.0,15.0,17.0,21.0,inferred
West Lindsey,2021-03-15,6.0,9.0,11.0,12.0,12.0,14.0,15.0,16.0,17.0,18.0,19.0,21.0,25.0,inferred
West Lindsey,2021-03-16,6.0,9.0,11.0,11.0,12.0,13.0,14.0,16.0,17.0,18.0,19.0,21.0,25.0,inferred
West Lindsey,2021-03-17,7.0,10.0,11.0,12.0,13.0,14.0,15.0,17.0,18.0,19.0,20.0,22.0,26.0,inferred
West Lindsey,2021-03-18,6.0,8.0,10.0,11.0,11.0,13.0,14.0,15.0,16.0,17.0,17.0,20.0,24.0,inferred
West Lindsey,2021-03-19,5.0,7.0,9.0,9.0,10.0,11.0,12.0,13.0,14.0,15.0,16.0,18.0,21.0,inferred
West Lindsey,2021-03-20,3.0,5.0,6.0,7.0,7.0,8.0,9.0,10.0,11.0,12.0,12.0,14.0,17.5,inferred
West Lindsey,2021-03-21,4.0,6.0,7.0,8.0,8.0,10.0,10.0,11.0,13.0,13.0,14.0,16.0,19.0,inferred
West Lindsey,2021-03-22,5.0,8.0,9.0,10.0,11.0,12.0,13.0,14.0,15.0,16.0,17.0,19.0,23.0,inferred
West Lindsey,2021-03-23,5.0,7.0,9.0,9.0,10.0,11.0,12.0,13.0,14.0,15.0,16.0,18.0,22.0,inferred
West Lindsey,2021-03-24,5.0,7.0,8.0,9.0,10.0,11.0,12.0,13.0,14.0,15.0,16.0,18.0,22.0,inferred
West Lindsey,2021-03-25,4.0,6.0,7.0,7.0,8.0,9.0,10.0,11.0,12.0,13.0,14.0,15.0,19.0,inferred
West Lindsey,2021-03-26,2.5,4.0,6.0,6.0,7.0,7.0,8.0,9.0,10.0,11.0,12.0,14.0,17.0,inferred
West Lindsey,2021-03-27,2.0,3.0,4.0,4.0,5.0,6.0,6.0,7.0,8.0,9.0,9.0,11.0,14.0,inferred
West Lindsey,2021-03-28,2.0,3.0,5.0,5.0,5.7,6.0,7.0,8.0,9.0,9.0,10.0,12.0,15.0,inferred
West Lindsey,2021-03-29,3.0,5.0,6.0,6.0,7.0,8.0,9.0,10.0,11.0,11.0,12.0,14.0,18.0,inferred
West Lindsey,2021-03-30,2.0,4.0,5.0,6.0,6.0,7.0,8.0,9.0,10.0,10.0,11.0,13.0,16.0,inferred
West Lindsey,2021-03-31,3.0,4.0,5.0,6.0,6.0,7.0,8.0,9.0,10.0,10.0,11.0,13.0,15.5,inferred
West Lindsey,2021-04-01,2.0,3.0,4.0,5.0,5.0,6.0,7.0,7.0,8.0,9.0,9.0,11.0,13.0,inferred
West Lindsey,2021-04-02,1.0,2.0,3.0,4.0,4.0,5.0,6.0,6.0,7.0,8.0,8.0,10.0,12.5,inferred
West Lindsey,2021-04-03,1.0,1.0,2.0,3.0,3.0,4.0,4.0,5.0,6.0,6.0,6.0,8.0,10.0,inferred
West Lindsey,2021-04-04,0.5,2.0,2.0,3.0,3.0,4.0,4.0,5.0,6.0,6.0,7.0,8.0,10.0,inferred
West Lindsey,2021-04-05,1.0,2.0,3.0,3.0,4.0,4.0,5.0,6.0,6.3,7.0,8.0,9.0,12.0,inferred
West Lindsey,2021-04-06,1.0,2.0,2.8,3.0,3.0,4.0,4.0,5.0,6.0,6.0,7.0,8.0,11.0,inferred
West Lindsey,2021-04-07,1.0,2.0,2.8,3.0,3.0,4.0,4.0,5.0,6.0,6.0,7.0,8.0,11.0,inferred
West Lindsey,2021-04-08,0.0,1.0,2.0,2.0,2.0,3.0,4.0,4.0,5.0,5.0,6.0,7.0,9.0,inferred
West Lindsey,2021-04-09,0.0,1.0,2.0,2.0,2.0,3.0,3.0,4.0,4.0,5.0,5.0,6.0,8.0,inferred
West Lindsey,2021-04-10,0.0,0.0,1.0,1.0,1.0,2.0,2.0,3.0,3.0,4.0,4.0,5.0,7.0,inferred
West Lindsey,2021-04-11,0.0,0.0,1.0,1.0,2.0,2.0,3.0,3.0,4.0,4.0,4.0,6.0,7.0,inferred
West Lindsey,2021-04-12,0.0,1.0,2.0,2.0,2.0,3.0,3.0,4.0,4.0,5.0,5.0,6.0,9.0,inferred
West Lindsey,2021-04-13,0.0,1.0,1.0,2.0,2.0,3.0,3.0,4.0,4.0,5.0,5.0,6.0,9.0,inferred
West Lindsey,2021-04-14,0.0,1.0,2.0,2.0,2.0,3.0,3.0,4.0,5.0,5.0,5.0,7.0,9.0,inferred
West Lindsey,2021-04-15,0.0,1.0,1.0,2.0,2.0,2.0,3.0,3.0,4.0,4.0,5.0,6.0,8.0,inferred
West Lindsey,2021-04-16,0.0,1.0,1.0,1.0,2.0,2.0,3.0,3.0,4.0,4.0,4.0,6.0,8.0,inferred
West Lindsey,2021-04-17,0.0,0.0,1.0,1.0,1.0,2.0,2.0,2.0,3.0,3.0,4.0,5.0,7.0,inferred
West Lindsey,2021-04-18,0.0,1.0,1.0,1.0,1.0,2.0,2.0,3.0,3.0,4.0,4.0,5.0,7.0,inferred
West Lindsey,2021-04-19,0.0,1.0,1.0,2.0,2.0,2.0,3.0,4.0,4.0,5.0,5.0,6.0,8.5,inferred
West Lindsey,2021-04-20,0.0,1.0,1.0,2.0,2.0,2.0,3.0,3.0,4.0,4.0,5.0,6.0,8.0,inferred
West Lindsey,2021-04-21,0.0,1.0,1.0,2.0,2.0,3.0,3.0,4.0,4.0,5.0,5.0,6.0,9.0,inferred
West Lindsey,2021-04-22,0.0,0.0,1.0,1.0,2.0,2.0,3.0,3.0,4.0,4.0,5.0,6.0,8.0,inferred
West Lindsey,2021-04-23,0.0,0.0,1.0,1.0,1.0,2.0,2.0,3.0,4.0,4.0,4.0,5.0,7.0,inferred
West Lindsey,2021-04-24,0.0,0.0,1.0,1.0,1.0,1.0,2.0,2.0,3.0,3.0,4.0,5.0,6.5,inferred
West Lindsey,2021-04-25,0.0,0.0,1.0,1.0,1.0,2.0,2.0,3.0,3.0,3.0,4.0,5.0,7.0,inferred
West Lindsey,2021-04-26,0.0,1.0,1.0,2.0,2.0,2.0,3.0,3.0,4.0,4.0,5.0,6.0,8.0,inferred
West Lindsey,2021-04-27,0.0,1.0,1.0,1.0,2.0,2.0,3.0,3.0,4.0,4.0,4.0,6.0,8.0,inferred
West Lindsey,2021-04-28,0.0,1.0,1.0,1.0,2.0,2.0,3.0,3.0,4.0,4.0,5.0,6.0,8.0,inferred
West Lindsey,2021-04-29,0.0,0.0,1.0,1.0,1.0,2.0,2.0,3.0,3.0,4.0,4.0,5.0,7.0,inferred
West Lindsey,2021-04-30,0.0,0.0,1.0,1.0,1.0,2.0,2.0,2.0,3.0,3.0,4.0,5.0,6.0,inferred
West Lindsey,2021-05-01,0.0,0.0,0.0,1.0,1.0,1.0,1.0,2.0,2.0,3.0,3.0,4.0,5.5,inferred
West Lindsey,2021-05-02,0.0,0.0,1.0,1.0,1.0,1.0,2.0,2.0,3.0,3.0,3.0,4.0,6.0,inferred
West Lindsey,2021-05-03,0.0,0.0,1.0,1.0,1.0,2.0,2.0,3.0,3.0,3.0,4.0,5.0,7.0,inferred
West Lindsey,2021-05-04,0.0,0.0,1.0,1.0,1.0,2.0,2.0,3.0,3.0,3.0,4.0,5.0,7.0,inferred
West Lindsey,2021-05-05,0.0,0.0,1.0,1.0,1.0,2.0,2.0,3.0,3.0,3.0,4.0,5.0,7.0,inferred
West Lindsey,2021-05-06,0.0,0.0,1.0,1.0,1.0,1.0,2.0,2.0,3.0,3.0,3.0,4.0,6.5,inferred
West Lindsey,2021-05-07,0.0,0.0,0.0,1.0,1.0,1.0,2.0,2.0,3.0,3.0,3.0,4.0,6.0,inferred
West Lindsey,2021-05-08,0.0,0.0,0.0,0.0,1.0,1.0,1.0,2.0,2.0,2.0,3.0,3.0,5.0,inferred
West Lindsey,2021-05-09,0.0,0.0,0.0,1.0,1.0,1.0,1.0,2.0,2.0,2.0,3.0,4.0,5.0,inferred
West Lindsey,2021-05-10,0.0,0.0,1.0,1.0,1.0,1.0,2.0,2.0,3.0,3.0,3.0,4.0,6.0,inferred
West Lindsey,2021-05-11,0.0,0.0,0.0,1.0,1.0,1.0,2.0,2.0,3.0,3.0,3.0,4.0,6.0,inferred
West Lindsey,2021-05-12,0.0,0.0,0.0,1.0,1.0,1.0,2.0,2.0,3.0,3.0,3.0,4.0,6.0,inferred
West Lindsey,2021-05-13,0.0,0.0,0.0,1.0,1.0,1.0,1.0,2.0,2.0,2.0,3.0,4.0,5.0,inferred
West Lindsey,2021-05-14,0.0,0.0,0.0,0.0,1.0,1.0,1.0,2.0,2.0,2.0,3.0,4.0,5.0,inferred
West Lindsey,2021-05-15,0.0,0.0,0.0,0.0,0.0,1.0,1.0,1.0,2.0,2.0,2.0,3.0,4.0,inferred
West Lindsey,2021-05-16,0.0,0.0,0.0,0.0,1.0,1.0,1.0,2.0,2.0,2.0,3.0,4.0,5.0,inferred
West Lindsey,2021-05-17,0.0,0.0,0.0,1.0,1.0,1.0,2.0,2.0,3.0,3.0,3.0,4.0,6.0,inferred
West Lindsey,2021-05-18,0.0,0.0,0.0,1.0,1.0,1.0,2.0,2.0,3.0,3.0,3.0,4.0,6.0,inferred
West Lindsey,2021-05-19,0.0,0.0,1.0,1.0,1.0,1.0,2.0,2.0,3.0,3.0,3.0,4.0,6.0,inferred
West Lindsey,2021-05-20,0.0,0.0,1.0,1.0,1.0,1.0,2.0,2.0,3.0,3.0,3.0,4.0,6.0,inferred
West Lindsey,2021-05-21,0.0,0.0,0.0,1.0,1.0,1.0,2.0,2.0,3.0,3.0,3.0,4.0,6.0,inferred
West Lindsey,2021-05-22,0.0,0.0,0.0,0.0,1.0,1.0,1.0,2.0,2.0,2.0,3.0,4.0,5.0,inferred
West Lindsey,2021-05-23,0.0,0.0,0.0,1.0,1.0,1.0,2.0,2.0,3.0,3.0,3.0,4.0,6.0,inferred
West Lindsey,2021-05-24,0.0,0.0,1.0,1.0,1.0,2.0,2.0,3.0,3.0,3.2,4.0,5.0,7.0,inferred
West Lindsey,2021-05-25,0.0,0.0,1.0,1.0,1.0,2.0,2.0,3.0,3.0,4.0,4.0,5.0,7.0,inferred
West Lindsey,2021-05-26,0.0,0.0,1.0,1.0,1.0,2.0,2.0,3.0,3.0,4.0,4.0,5.0,7.0,inferred
West Lindsey,2021-05-27,0.0,0.0,1.0,1.0,1.0,2.0,2.0,3.0,3.0,3.0,4.0,5.0,7.0,inferred
West Lindsey,2021-05-28,0.0,0.0,1.0,1.0,1.0,1.0,2.0,2.0,3.0,3.0,4.0,5.0,7.0,inferred
West Lindsey,2021-05-29,0.0,0.0,0.0,1.0,1.0,1.0,1.0,2.0,2.0,3.0,3.0,4.0,6.0,inferred
West Lindsey,2021-05-30,0.0,0.0,1.0,1.0,1.0,1.0,2.0,2.0,3.0,3.0,3.0,4.0,6.5,inferred
West Lindsey,2021-05-31,0.0,0.0,1.0,1.0,1.0,2.0,2.0,3.0,3.0,4.0,4.0,5.0,7.0,inferred
West Lindsey,2021-06-01,0.0,0.0,1.0,1.0,1.0,2.0,2.0,3.0,3.0,4.0,4.0,6.0,8.0,inferred
West Lindsey,2021-06-02,0.0,1.0,1.0,1.0,2.0,2.0,3.0,3.0,4.0,4.0,5.0,6.0,8.0,inferred
West Lindsey,2021-06-03,0.0,1.0,1.0,1.0,2.0,2.0,3.0,3.0,4.0,4.0,5.0,6.0,7.5,inferred
West Lindsey,2021-06-04,0.0,0.9,1.0,1.0,2.0,2.0,3.0,3.0,4.0,4.0,4.0,6.0,8.0,inferred
West Lindsey,2021-06-05,0.0,0.0,1.0,1.0,1.0,2.0,2.0,3.0,3.0,3.0,4.0,5.0,6.0,inferred
West Lindsey,2021-06-06,0.0,1.0,1.0,1.0,2.0,2.0,3.0,3.0,4.0,4.0,4.0,6.0,8.0,inferred
West Lindsey,2021-06-07,0.0,1.0,2.0,2.0,2.0,3.0,4.0,4.0,5.0,5.0,6.0,7.0,9.0,inferred
West Lindsey,2021-06-08,0.0,1.0,2.0,2.0,3.0,3.0,4.0,4.0,5.0,5.0,6.0,7.0,9.0,inferred
West Lindsey,2021-06-09,0.0,1.0,2.0,3.0,3.0,4.0,4.0,5.0,6.0,6.0,7.0,8.0,11.0,inferred
West Lindsey,2021-06-10,0.0,1.0,2.0,3.0,3.0,3.0,4.0,5.0,5.0,6.0,6.0,8.0,10.0,inferred
West Lindsey,2021-06-11,0.0,1.0,2.0,2.0,3.0,3.0,4.0,4.0,5.0,5.0,6.0,7.0,9.0,inferred
West Lindsey,2021-06-12,0.0,1.0,1.0,2.0,2.0,3.0,3.0,4.0,4.0,5.0,5.0,7.0,9.0,inferred
West Lindsey,2021-06-13,0.0,1.0,2.0,2.0,3.0,3.0,4.0,5.0,5.0,6.0,6.0,8.0,10.0,inferred
West Lindsey,2021-06-14,1.0,2.0,3.0,3.0,4.0,5.0,5.0,6.0,7.0,7.0,8.0,9.0,13.0,inferred
West Lindsey,2021-06-15,1.0,2.0,3.0,3.0,4.0,4.0,5.0,6.0,7.0,7.0,8.0,9.0,12.0,inferred
West Lindsey,2021-06-16,1.0,2.0,3.0,4.0,4.0,5.0,6.0,6.0,7.0,8.0,8.0,10.0,13.0,inferred
West Lindsey,2021-06-17,1.0,2.0,3.0,4.0,4.0,5.0,5.0,6.0,7.0,7.0,8.0,10.0,12.0,inferred
West Lindsey,2021-06-18,1.0,2.0,3.0,3.0,4.0,4.0,5.0,6.0,7.0,7.0,8.0,10.0,12.0,inferred
West Lothian,2021-03-06,43.0,56.0,65.0,69.0,72.0,77.0,82.0,88.0,95.0,99.0,102.0,113.1,133.0,inferred
West Lothian,2021-03-07,35.0,47.0,54.0,57.0,60.0,65.0,70.0,76.0,82.0,86.0,90.0,101.0,119.0,inferred
West Lothian,2021-03-08,28.0,38.0,44.0,47.0,51.0,55.0,59.0,64.0,70.0,74.0,77.0,86.0,103.5,inferred
West Lothian,2021-03-09,34.0,44.0,50.0,53.0,55.0,61.0,65.0,71.0,76.0,79.0,84.0,94.0,111.0,inferred
West Lothian,2021-03-10,53.0,64.0,73.0,76.0,79.0,86.0,92.0,98.0,104.0,109.0,114.0,128.0,149.5,inferred
West Lothian,2021-03-11,50.0,62.0,71.0,75.0,78.0,84.0,90.0,96.0,103.0,106.0,110.0,123.1,146.0,inferred
West Lothian,2021-03-12,55.0,67.0,77.0,81.0,85.0,91.6,98.0,105.0,112.0,116.0,120.0,133.0,155.5,inferred
West Lothian,2021-03-13,52.5,65.0,74.0,77.0,80.0,87.0,93.0,100.0,108.0,111.0,115.0,128.0,148.5,inferred
West Lothian,2021-03-14,45.0,57.0,65.0,69.0,71.7,77.0,83.0,89.4,97.0,102.0,107.0,119.0,141.0,inferred
West Lothian,2021-03-15,36.5,46.0,53.0,56.0,59.0,64.0,70.0,75.0,81.0,84.0,88.0,101.0,121.5,inferred
West Lothian,2021-03-16,40.0,51.0,59.0,63.0,65.0,72.0,78.0,83.0,89.0,93.0,97.2,109.0,131.5,inferred
West Lothian,2021-03-17,59.0,74.0,83.0,88.0,91.0,98.0,105.0,112.0,119.0,124.0,128.0,144.0,166.5,inferred
West Lothian,2021-03-18,56.0,69.0,78.0,83.0,86.0,92.6,99.0,104.0,111.0,115.0,120.0,133.0,157.5,inferred
West Lothian,2021-03-19,59.0,72.0,82.0,86.0,90.0,96.0,102.0,109.0,116.0,120.0,126.0,140.0,165.0,inferred
West Lothian,2021-03-20,51.5,65.0,75.0,78.0,81.0,88.0,94.5,101.0,108.3,112.0,117.0,128.0,152.5,inferred
West Lothian,2021-03-21,43.0,54.0,63.0,66.0,69.0,75.0,81.0,88.0,94.0,98.0,102.0,114.0,132.0,inferred
West Lothian,2021-03-22,32.5,42.9,50.0,53.0,55.7,61.0,67.0,72.0,78.3,82.0,86.0,97.0,114.0,inferred
West Lothian,2021-03-23,35.5,46.0,54.0,58.0,61.0,66.0,71.0,77.0,83.0,87.0,90.0,102.0,123.0,inferred
West Lothian,2021-03-24,49.5,63.0,72.0,77.0,81.0,87.0,93.0,100.0,108.0,112.0,117.0,129.0,153.5,inferred
West Lothian,2021-03-25,45.0,59.0,67.0,70.0,73.0,79.0,85.0,91.0,98.0,102.0,107.0,119.0,139.0,inferred
West Lothian,2021-03-26,48.0,60.0,69.0,72.0,76.0,82.0,87.0,93.0,100.0,103.0,108.0,122.0,143.5,inferred
West Lothian,2021-03-27,42.0,54.0,62.0,66.0,69.0,75.0,81.0,86.0,94.0,98.2,102.0,114.0,133.0,inferred
West Lothian,2021-03-28,34.0,43.0,51.0,54.0,57.0,62.0,66.5,72.0,77.3,81.0,84.2,95.1,113.5,inferred
West Lothian,2021-03-29,22.5,32.0,40.0,42.0,44.0,50.0,55.0,60.0,65.0,68.0,71.0,81.0,98.0,inferred
West Lothian,2021-03-30,25.0,35.0,43.0,45.0,48.0,53.0,57.0,62.0,68.0,71.0,75.2,87.0,105.0,inferred
West Lothian,2021-03-31,38.0,48.0,56.0,59.0,62.0,68.0,73.0,79.0,85.0,89.0,93.0,105.0,123.5,inferred
West Lothian,2021-04-01,32.0,42.0,49.0,52.0,55.0,60.0,65.0,70.0,77.0,81.0,86.0,95.0,116.0,inferred
West Lothian,2021-04-02,29.5,41.0,49.0,52.0,56.0,60.0,65.0,70.0,77.0,81.0,84.0,96.0,115.5,inferred
West Lothian,2021-04-03,25.5,36.0,44.0,47.0,50.0,54.0,59.0,65.0,70.0,73.0,77.0,88.0,106.0,inferred
West Lothian,2021-04-04,21.0,29.0,35.0,37.0,39.0,43.0,47.0,53.0,58.3,62.0,66.0,74.0,93.0,inferred
West Lothian,2021-04-05,13.0,20.0,26.0,28.0,30.0,34.0,38.0,42.0,46.0,49.0,52.0,60.0,73.0,inferred
West Lothian,2021-04-06,14.0,21.0,27.0,29.0,31.0,35.0,39.0,43.0,48.0,50.0,53.2,62.1,79.0,inferred
West Lothian,2021-04-07,23.0,29.0,36.0,39.0,41.0,46.0,50.0,55.0,61.0,63.0,67.0,75.0,91.0,inferred
West Lothian,2021-04-08,19.0,27.0,32.0,34.0,36.0,41.0,45.0,49.4,55.0,58.0,62.0,71.0,83.0,inferred
West Lothian,2021-04-09,19.0,26.0,32.0,34.0,36.0,41.0,45.0,49.0,54.0,58.0,60.0,70.0,87.5,inferred
West Lothian,2021-04-10,15.0,23.0,28.0,30.0,32.0,36.0,40.0,44.0,49.0,52.0,55.0,64.0,77.0,inferred
West Lothian,2021-04-11,10.0,17.0,21.0,23.0,25.0,28.0,32.0,36.0,40.0,42.0,46.0,55.0,70.0,inferred
West Lothian,2021-04-12,7.0,12.0,16.0,17.0,19.0,23.0,25.0,29.0,33.0,35.0,39.0,46.0,58.0,inferred
West Lothian,2021-04-13,8.0,12.0,17.0,19.0,20.0,23.0,26.0,30.0,34.0,37.0,39.0,47.0,62.0,inferred
West Lothian,2021-04-14,12.5,20.0,25.0,27.0,29.0,33.0,36.0,40.0,44.0,47.0,50.0,57.0,70.0,inferred
West Lothian,2021-04-15,11.0,17.0,21.0,23.0,25.0,28.0,32.0,36.0,41.0,43.0,46.0,55.1,70.0,inferred
West Lothian,2021-04-16,11.0,18.0,23.0,24.0,26.0,30.0,34.0,38.0,42.0,45.0,48.0,57.0,73.0,inferred
West Lothian,2021-04-17,10.0,16.0,20.0,22.0,24.0,28.0,31.0,35.0,39.0,42.0,45.0,53.1,66.0,inferred
West Lothian,2021-04-18,7.0,13.0,16.0,18.0,20.0,24.0,26.0,30.0,33.0,36.0,38.2,47.0,60.0,inferred
West Lothian,2021-04-19,6.0,10.0,12.0,14.0,15.0,18.0,21.0,25.0,28.0,30.0,33.0,42.0,53.5,inferred
West Lothian,2021-04-20,5.0,10.0,14.0,15.0,17.0,20.0,23.0,26.0,30.0,32.0,35.0,42.0,55.0,inferred
West Lothian,2021-04-21,10.0,16.0,21.0,23.0,25.0,29.0,32.0,36.0,39.0,42.0,45.0,53.0,67.0,inferred
West Lothian,2021-04-22,9.0,14.0,18.0,20.0,22.0,25.0,28.0,32.0,36.0,39.0,41.0,49.0,64.0,inferred
West Lothian,2021-04-23,9.0,15.0,20.0,22.0,24.0,27.0,31.0,34.0,39.0,41.0,44.0,52.0,67.5,inferred
West Lothian,2021-04-24,8.0,14.0,18.0,20.0,22.0,25.0,28.0,32.0,37.0,39.0,41.0,48.0,65.0,inferred
West Lothian,2021-04-25,7.0,12.0,15.0,17.0,19.0,22.0,25.0,28.0,33.0,35.0,37.0,44.0,56.0,inferred
West Lothian,2021-04-26,4.0,8.0,11.0,13.0,14.0,17.0,20.0,23.0,27.0,29.0,31.0,38.0,48.0,inferred
West Lothian,2021-04-27,5.0,9.0,13.0,14.0,15.0,18.0,21.0,24.0,28.0,30.0,32.0,38.0,49.0,inferred
West Lothian,2021-04-28,9.0,14.0,19.0,21.0,23.0,26.0,30.0,33.4,38.0,40.0,42.0,49.0,63.0,inferred
West Lothian,2021-04-29,9.0,14.0,17.0,19.0,21.0,24.0,27.0,31.0,35.3,38.0,41.0,48.0,64.0,inferred
West Lothian,2021-04-30,9.0,14.0,19.0,21.0,23.0,26.0,29.0,32.0,36.0,38.0,41.0,49.0,62.0,inferred
West Lothian,2021-05-01,8.0,13.0,18.0,20.0,21.0,24.0,27.0,31.4,35.0,38.0,41.0,49.0,64.0,inferred
West Lothian,2021-05-02,6.0,11.0,15.0,16.0,18.0,20.0,24.0,26.0,30.0,32.0,35.0,42.0,54.0,inferred
West Lothian,2021-05-03,4.0,8.0,11.0,12.0,14.0,16.0,19.0,22.0,25.0,28.0,30.0,37.0,48.5,inferred
West Lothian,2021-05-04,5.0,9.0,12.0,14.0,15.0,18.0,21.0,24.0,28.0,30.0,33.0,40.0,52.0,inferred
West Lothian,2021-05-05,9.0,15.0,19.0,21.0,22.0,26.0,29.0,33.0,36.0,39.0,42.0,49.0,62.5,inferred
West Lothian,2021-05-06,8.0,13.0,18.0,20.0,21.0,25.0,28.0,31.0,36.0,38.2,41.0,50.0,64.0,inferred
West Lothian,2021-05-07,11.0,16.0,21.0,22.0,24.0,28.0,30.0,34.0,39.0,41.0,44.0,53.1,67.0,inferred
West Lothian,2021-05-08,10.0,16.0,21.0,23.0,25.0,28.0,31.0,35.0,38.0,41.0,44.0,52.0,67.5,inferred
West Lothian,2021-05-09,8.0,12.9,16.0,18.0,20.0,23.0,26.0,30.0,34.0,37.0,40.0,48.0,60.0,inferred
West Lothian,2021-05-10,5.0,10.0,14.0,15.0,17.0,20.0,23.0,26.0,29.0,32.0,34.0,40.1,54.0,inferred
West Lothian,2021-05-11,7.0,12.0,16.0,18.0,20.0,23.0,26.0,29.0,33.0,35.0,39.0,47.0,61.0,inferred
West Lothian,2021-05-12,14.0,20.9,25.0,28.0,29.0,33.0,36.0,40.0,44.0,47.0,51.0,59.0,77.0,inferred
West Lothian,2021-05-13,14.0,20.0,25.0,27.0,29.0,33.0,36.0,40.0,45.0,48.0,50.0,58.0,70.0,inferred
West Lothian,2021-05-14,16.0,22.0,28.0,30.0,32.0,36.0,40.0,44.0,49.0,52.0,55.0,65.0,78.0,inferred
West Lothian,2021-05-15,15.5,22.0,27.8,30.0,32.0,36.0,40.0,45.0,50.0,53.0,56.0,64.0,83.0,inferred
West Lothian,2021-05-16,12.0,19.0,25.0,27.0,29.0,33.0,36.0,40.0,45.0,48.0,51.0,59.1,75.0,inferred
West Lothian,2021-05-17,9.0,15.0,20.0,22.0,24.0,27.0,31.0,35.0,39.0,41.0,44.0,52.0,65.0,inferred
West Lothian,2021-05-18,13.0,20.0,25.0,27.0,29.0,33.0,36.0,40.0,44.0,47.0,50.0,58.0,71.0,inferred
West Lothian,2021-05-19,23.0,31.0,38.0,40.0,43.0,47.0,52.0,56.0,62.0,65.0,69.0,79.0,98.0,inferred
West Lothian,2021-05-20,23.0,31.0,38.0,40.0,42.0,46.0,52.0,56.0,62.0,66.0,70.0,80.0,95.0,inferred
West Lothian,2021-05-21,27.0,38.0,45.0,48.0,50.7,55.0,60.0,66.0,71.0,74.0,78.0,91.0,108.0,inferred
West Lothian,2021-05-22,28.0,38.0,46.0,48.0,51.0,55.0,60.0,65.0,71.0,75.0,78.0,89.0,106.0,inferred
West Lothian,2021-05-23,25.0,34.0,41.0,43.0,45.0,51.0,55.0,60.0,66.0,69.0,73.0,84.0,105.5,inferred
West Lothian,2021-05-24,20.0,29.0,35.0,37.0,40.0,44.0,48.0,52.0,57.0,60.0,63.0,73.0,92.5,inferred
West Lothian,2021-05-25,27.5,37.0,43.0,45.0,47.0,52.0,57.0,62.0,68.0,70.2,75.0,85.0,101.0,inferred
West Lothian,2021-05-26,47.0,60.0,69.0,73.0,76.0,82.0,88.0,94.0,101.0,105.0,111.0,123.0,145.0,inferred
West Lothian,2021-05-27,51.5,64.0,72.8,77.0,80.0,86.0,92.0,98.0,105.0,109.0,113.2,127.0,150.0,inferred
West Lothian,2021-05-28,64.0,77.9,87.0,91.0,94.0,100.0,107.0,114.0,121.0,126.0,130.0,142.0,164.5,inferred
West Lothian,2021-05-29,67.0,80.0,90.8,95.0,99.0,106.0,112.0,119.0,128.0,133.0,137.0,150.0,174.0,inferred
West Lothian,2021-05-30,63.0,76.0,86.0,91.0,95.0,101.0,108.0,116.0,123.0,127.0,133.0,146.0,167.0,inferred
West Lothian,2021-05-31,55.5,67.0,78.0,81.0,85.0,91.0,98.0,105.0,112.0,117.0,122.2,136.0,159.5,inferred
West Lothian,2021-06-01,68.5,83.0,95.0,98.0,102.0,110.0,116.5,123.0,132.0,137.0,142.0,158.0,179.5,inferred
West Lothian,2021-06-02,110.0,127.0,139.0,146.0,150.0,160.0,168.0,178.0,187.0,193.0,199.0,217.0,242.0,inferred
West Lothian,2021-06-03,111.0,132.0,144.0,149.8,154.0,163.0,171.0,179.4,189.0,195.0,201.0,216.0,241.0,inferred
West Lothian,2021-06-04,129.0,150.0,164.8,170.8,175.0,184.0,193.0,203.0,213.0,218.0,226.0,244.0,272.5,inferred
West Lothian,2021-06-05,133.0,153.0,167.8,172.0,177.0,187.0,195.0,204.0,214.0,219.0,228.0,245.0,274.0,inferred
West Lothian,2021-06-06,119.0,139.0,154.0,159.0,164.0,173.0,181.0,189.0,199.0,205.0,211.0,231.0,262.5,inferred
West Lothian,2021-06-07,101.5,120.0,135.8,140.0,144.0,152.0,161.0,169.0,178.0,184.0,192.0,209.0,238.0,inferred
West Lothian,2021-06-08,123.0,141.0,154.8,159.0,164.0,173.0,181.0,190.0,200.0,206.0,213.0,233.0,261.0,inferred
West Lothian,2021-06-09,178.5,203.0,220.0,227.0,232.7,243.0,252.0,263.0,275.0,281.0,289.2,308.0,341.0,inferred
West Lothian,2021-06-10,171.0,194.9,210.0,217.0,223.0,232.0,242.0,252.0,263.0,270.0,277.0,298.0,337.0,inferred
West Lothian,2021-06-11,186.5,208.9,228.0,236.0,241.0,251.0,262.0,273.0,286.0,293.0,299.2,320.0,351.0,inferred
West Lothian,2021-06-12,176.0,203.0,218.0,224.0,230.0,241.0,251.0,261.0,273.3,282.0,290.0,308.0,340.0,inferred
West Lothian,2021-06-13,156.0,178.0,193.0,200.0,205.0,215.0,224.0,236.0,247.0,253.0,260.0,280.1,309.0,inferred
West Lothian,2021-06-14,124.0,147.0,158.0,165.0,170.0,180.0,189.0,198.0,209.0,214.2,221.0,239.0,263.0,inferred
West Lothian,2021-06-15,137.0,162.0,178.0,184.0,190.0,199.0,208.0,218.0,227.3,232.0,240.0,258.0,287.0,inferred
West Lothian,2021-06-16,190.0,220.0,237.0,245.0,251.0,263.0,274.0,286.0,298.0,304.0,313.0,333.0,370.0,inferred
West Lothian,2021-06-17,175.0,200.0,218.0,225.0,231.0,243.0,252.0,263.4,276.0,283.2,292.0,313.0,347.0,inferred
West Lothian,2021-06-18,184.0,205.0,223.0,231.0,237.0,250.0,262.0,274.0,287.0,294.0,303.0,328.1,370.0,inferred
West Oxfordshire,2021-03-06,0.0,1.0,2.0,2.0,2.0,2.0,3.0,4.0,4.0,4.0,5.0,6.0,8.0,inferred
West Oxfordshire,2021-03-07,1.0,2.0,2.0,3.0,3.0,3.0,4.0,4.0,5.0,5.0,6.0,7.0,9.0,inferred
West Oxfordshire,2021-03-08,1.0,2.0,3.0,4.0,4.0,5.0,5.0,6.0,7.0,7.0,8.0,9.0,12.0,inferred
West Oxfordshire,2021-03-09,1.0,2.0,3.0,4.0,4.0,5.0,5.0,6.0,7.0,7.0,7.0,9.0,11.0,inferred
West Oxfordshire,2021-03-10,1.0,3.0,4.0,4.0,4.0,5.0,6.0,6.0,7.0,8.0,8.0,10.0,12.0,inferred
West Oxfordshire,2021-03-11,1.0,3.0,3.0,4.0,4.0,5.0,5.0,6.0,7.0,7.0,8.0,9.0,11.0,inferred
West Oxfordshire,2021-03-12,1.0,2.0,3.0,3.0,4.0,4.0,5.0,6.0,6.0,7.0,7.0,8.0,11.0,inferred
West Oxfordshire,2021-03-13,0.0,1.0,2.0,2.0,3.0,3.0,4.0,4.0,5.0,5.0,6.0,7.0,10.0,inferred
West Oxfordshire,2021-03-14,1.0,2.0,3.0,3.0,4.0,4.0,5.0,5.0,6.0,7.0,7.0,8.0,10.0,inferred
West Oxfordshire,2021-03-15,2.0,3.0,4.0,4.0,4.0,5.0,6.0,7.0,7.0,8.0,8.0,10.0,12.0,inferred
West Oxfordshire,2021-03-16,1.0,3.0,4.0,4.0,4.0,5.0,6.0,6.0,7.0,8.0,8.0,10.0,12.0,inferred
West Oxfordshire,2021-03-17,2.0,3.0,4.0,4.0,5.0,6.0,6.0,7.0,8.0,8.0,9.0,10.0,13.0,inferred
West Oxfordshire,2021-03-18,1.5,3.0,4.0,4.0,4.0,5.0,6.0,7.0,7.0,8.0,8.0,10.0,12.0,inferred
West Oxfordshire,2021-03-19,1.0,2.0,3.0,4.0,4.0,5.0,5.0,6.0,7.0,7.0,8.0,9.0,11.0,inferred
West Oxfordshire,2021-03-20,1.0,2.0,3.0,3.0,3.0,4.0,4.0,5.0,6.0,6.0,7.0,8.0,10.0,inferred
West Oxfordshire,2021-03-21,1.0,2.0,3.0,4.0,4.0,5.0,6.0,6.0,7.0,7.0,8.0,9.0,12.0,inferred
West Oxfordshire,2021-03-22,2.0,3.0,4.0,5.0,5.0,6.0,7.0,8.0,9.0,9.0,10.0,11.0,13.5,inferred
West Oxfordshire,2021-03-23,2.0,3.0,4.0,5.0,5.0,6.0,7.0,7.0,8.0,9.0,9.0,11.0,14.0,inferred
West Oxfordshire,2021-03-24,2.0,3.0,4.0,5.0,5.0,6.0,7.0,8.0,8.0,9.0,10.0,11.0,14.0,inferred
West Oxfordshire,2021-03-25,2.0,3.0,4.0,4.0,5.0,6.0,6.0,7.0,8.0,8.0,9.0,10.0,13.0,inferred
West Oxfordshire,2021-03-26,1.0,2.0,3.0,4.0,4.0,5.0,5.0,6.0,7.0,7.0,8.0,9.0,12.0,inferred
West Oxfordshire,2021-03-27,1.0,2.0,2.0,3.0,3.0,4.0,4.0,5.0,5.0,6.0,7.0,8.0,10.0,inferred
West Oxfordshire,2021-03-28,1.0,2.0,3.0,3.0,4.0,4.0,5.0,5.0,6.0,7.0,7.0,9.0,11.0,inferred
West Oxfordshire,2021-03-29,1.0,2.0,3.0,4.0,4.0,5.0,6.0,6.0,7.0,8.0,8.0,10.0,12.0,inferred
West Oxfordshire,2021-03-30,1.0,2.0,3.0,3.0,4.0,5.0,5.0,6.0,7.0,7.0,7.0,9.0,11.0,inferred
West Oxfordshire,2021-03-31,1.0,2.0,3.0,3.0,4.0,4.0,5.0,6.0,7.0,7.0,7.2,9.0,11.0,inferred
West Oxfordshire,2021-04-01,1.0,2.0,3.0,3.0,3.0,4.0,4.0,5.0,6.0,6.0,7.0,8.0,10.0,inferred
West Oxfordshire,2021-04-02,0.0,1.0,2.0,2.0,3.0,3.0,4.0,4.0,5.0,5.0,6.0,7.0,9.0,inferred
West Oxfordshire,2021-04-03,0.0,1.0,1.0,2.0,2.0,2.0,3.0,3.0,4.0,4.0,4.0,5.0,7.0,inferred
West Oxfordshire,2021-04-04,0.0,1.0,1.0,2.0,2.0,2.0,3.0,3.0,4.0,4.0,5.0,6.0,8.0,inferred
West Oxfordshire,2021-04-05,0.0,1.0,2.0,2.0,2.0,3.0,3.0,4.0,4.0,5.0,5.0,6.0,8.0,inferred
West Oxfordshire,2021-04-06,0.0,1.0,1.0,2.0,2.0,3.0,3.0,4.0,4.0,4.2,5.0,6.0,8.0,inferred
West Oxfordshire,2021-04-07,0.0,1.0,1.0,2.0,2.0,3.0,3.0,4.0,4.0,5.0,5.0,6.0,8.0,inferred
West Oxfordshire,2021-04-08,0.0,1.0,1.0,2.0,2.0,2.0,3.0,3.0,4.0,4.0,5.0,6.0,8.0,inferred
West Oxfordshire,2021-04-09,0.0,0.0,1.0,1.0,1.0,2.0,2.0,3.0,3.0,4.0,4.0,5.0,7.0,inferred
West Oxfordshire,2021-04-10,0.0,0.0,1.0,1.0,1.0,1.0,2.0,2.0,3.0,3.0,3.0,4.0,6.0,inferred
West Oxfordshire,2021-04-11,0.0,0.0,1.0,1.0,1.0,2.0,2.0,2.0,3.0,3.0,4.0,5.0,6.0,inferred
West Oxfordshire,2021-04-12,0.0,1.0,1.0,1.0,2.0,2.0,3.0,3.0,4.0,4.0,4.0,5.0,8.0,inferred
West Oxfordshire,2021-04-13,0.0,0.0,1.0,1.0,1.0,2.0,2.0,3.0,3.0,4.0,4.0,5.0,7.0,inferred
West Oxfordshire,2021-04-14,0.0,0.0,1.0,1.0,1.0,2.0,2.0,3.0,3.0,4.0,4.0,5.0,7.0,inferred
West Oxfordshire,2021-04-15,0.0,0.0,1.0,1.0,1.0,2.0,2.0,3.0,3.0,3.0,4.0,5.0,7.0,inferred
West Oxfordshire,2021-04-16,0.0,0.0,1.0,1.0,1.0,1.0,2.0,2.0,3.0,3.0,3.0,4.0,6.0,inferred
West Oxfordshire,2021-04-17,0.0,0.0,0.0,1.0,1.0,1.0,1.0,2.0,2.0,2.0,3.0,4.0,5.0,inferred
West Oxfordshire,2021-04-18,0.0,0.0,1.0,1.0,1.0,1.0,2.0,2.0,2.0,3.0,3.0,4.0,5.5,inferred
West Oxfordshire,2021-04-19,0.0,0.0,1.0,1.0,1.0,2.0,2.0,2.0,3.0,3.0,4.0,4.0,6.0,inferred
West Oxfordshire,2021-04-20,0.0,0.0,1.0,1.0,1.0,1.0,2.0,2.0,3.0,3.0,3.0,4.0,6.0,inferred
West Oxfordshire,2021-04-21,0.0,0.0,1.0,1.0,1.0,1.0,2.0,2.0,3.0,3.0,3.0,4.0,6.0,inferred
West Oxfordshire,2021-04-22,0.0,0.0,1.0,1.0,1.0,1.0,2.0,2.0,3.0,3.0,3.0,4.0,6.0,inferred
West Oxfordshire,2021-04-23,0.0,0.0,0.0,1.0,1.0,1.0,1.0,2.0,2.0,2.0,3.0,4.0,5.0,inferred
West Oxfordshire,2021-04-24,0.0,0.0,0.0,0.0,1.0,1.0,1.0,1.0,2.0,2.0,2.0,3.0,4.0,inferred
West Oxfordshire,2021-04-25,0.0,0.0,0.0,0.0,1.0,1.0,1.0,2.0,2.0,2.0,3.0,3.0,5.0,inferred
West Oxfordshire,2021-04-26,0.0,0.0,1.0,1.0,1.0,1.0,2.0,2.0,3.0,3.0,3.0,4.0,6.0,inferred
West Oxfordshire,2021-04-27,0.0,0.0,0.0,1.0,1.0,1.0,1.0,2.0,2.0,2.2,3.0,4.0,5.0,inferred
West Oxfordshire,2021-04-28,0.0,0.0,0.0,1.0,1.0,1.0,2.0,2.0,2.0,3.0,3.0,4.0,6.0,inferred
West Oxfordshire,2021-04-29,0.0,0.0,0.0,1.0,1.0,1.0,1.0,2.0,2.0,3.0,3.0,4.0,5.0,inferred
West Oxfordshire,2021-04-30,0.0,0.0,0.0,0.0,1.0,1.0,1.0,2.0,2.0,2.0,3.0,3.0,5.0,inferred
West Oxfordshire,2021-05-01,0.0,0.0,0.0,0.0,0.0,1.0,1.0,1.0,2.0,2.0,2.0,3.0,4.0,inferred
West Oxfordshire,2021-05-02,0.0,0.0,0.0,0.0,0.7,1.0,1.0,1.0,2.0,2.0,2.0,3.0,5.0,inferred
West Oxfordshire,2021-05-03,0.0,0.0,0.0,1.0,1.0,1.0,1.0,2.0,2.0,2.0,3.0,4.0,5.0,inferred
West Oxfordshire,2021-05-04,0.0,0.0,0.0,1.0,1.0,1.0,1.0,2.0,2.0,3.0,3.0,4.0,5.0,inferred
West Oxfordshire,2021-05-05,0.0,0.0,0.0,1.0,1.0,1.0,1.0,2.0,2.0,3.0,3.0,4.0,5.0,inferred
West Oxfordshire,2021-05-06,0.0,0.0,0.0,0.0,1.0,1.0,1.0,2.0,2.0,2.0,3.0,3.0,5.0,inferred
West Oxfordshire,2021-05-07,0.0,0.0,0.0,0.0,1.0,1.0,1.0,1.0,2.0,2.0,2.0,3.0,4.5,inferred
West Oxfordshire,2021-05-08,0.0,0.0,0.0,0.0,0.0,1.0,1.0,1.0,2.0,2.0,2.0,3.0,4.0,inferred
West Oxfordshire,2021-05-09,0.0,0.0,0.0,0.0,0.0,1.0,1.0,1.0,2.0,2.0,2.0,3.0,4.0,inferred
West Oxfordshire,2021-05-10,0.0,0.0,0.0,1.0,1.0,1.0,1.0,2.0,2.0,3.0,3.0,4.0,5.0,inferred
West Oxfordshire,2021-05-11,0.0,0.0,0.0,1.0,1.0,1.0,1.0,2.0,2.0,2.0,3.0,4.0,5.0,inferred
West Oxfordshire,2021-05-12,0.0,0.0,1.0,1.0,1.0,1.0,2.0,2.0,3.0,3.0,3.0,4.0,6.0,inferred
West Oxfordshire,2021-05-13,0.0,0.0,1.0,1.0,1.0,1.0,2.0,2.0,2.0,3.0,3.0,4.0,5.0,inferred
West Oxfordshire,2021-05-14,0.0,0.0,0.0,1.0,1.0,1.0,1.0,2.0,2.0,2.0,3.0,4.0,5.0,inferred
West Oxfordshire,2021-05-15,0.0,0.0,0.0,0.0,0.0,1.0,1.0,1.0,2.0,2.0,2.0,3.0,4.5,inferred
West Oxfordshire,2021-05-16,0.0,0.0,0.0,1.0,1.0,1.0,1.0,2.0,2.0,2.0,3.0,4.0,5.0,inferred
West Oxfordshire,2021-05-17,0.0,0.0,1.0,1.0,1.0,1.0,2.0,2.0,3.0,3.0,3.0,4.0,6.0,inferred
West Oxfordshire,2021-05-18,0.0,0.0,1.0,1.0,1.0,1.0,2.0,2.0,3.0,3.0,3.0,4.0,6.0,inferred
West Oxfordshire,2021-05-19,0.0,0.0,1.0,1.0,1.0,2.0,2.0,2.0,3.0,3.0,3.0,4.0,6.0,inferred
West Oxfordshire,2021-05-20,0.0,0.0,1.0,1.0,1.0,1.0,2.0,2.0,3.0,3.0,3.0,4.0,6.0,inferred
West Oxfordshire,2021-05-21,0.0,0.0,1.0,1.0,1.0,1.0,2.0,2.0,2.0,3.0,3.0,4.0,6.0,inferred
West Oxfordshire,2021-05-22,0.0,0.0,0.0,1.0,1.0,1.0,1.0,2.0,2.0,2.0,3.0,3.0,5.0,inferred
West Oxfordshire,2021-05-23,0.0,0.0,1.0,1.0,1.0,1.0,2.0,2.0,3.0,3.0,3.0,4.0,6.0,inferred
West Oxfordshire,2021-05-24,0.0,0.0,1.0,1.0,1.0,2.0,2.0,3.0,3.0,4.0,4.0,5.0,7.0,inferred
West Oxfordshire,2021-05-25,0.0,1.0,1.0,1.0,2.0,2.0,2.0,3.0,3.0,4.0,4.0,5.0,7.0,inferred
West Oxfordshire,2021-05-26,0.0,1.0,1.0,2.0,2.0,2.0,3.0,3.0,4.0,4.0,5.0,6.0,8.0,inferred
West Oxfordshire,2021-05-27,0.0,1.0,1.0,2.0,2.0,2.0,3.0,4.0,4.0,4.0,5.0,6.0,8.0,inferred
West Oxfordshire,2021-05-28,0.0,1.0,1.0,2.0,2.0,2.0,3.0,3.0,4.0,4.0,5.0,6.0,8.0,inferred
West Oxfordshire,2021-05-29,0.0,1.0,1.0,1.0,2.0,2.0,3.0,3.0,4.0,4.0,4.0,5.0,7.0,inferred
West Oxfordshire,2021-05-30,0.0,1.0,2.0,2.0,2.0,3.0,3.0,4.0,5.0,5.0,5.0,7.0,8.0,inferred
West Oxfordshire,2021-05-31,1.0,2.0,3.0,3.0,3.0,4.0,4.0,5.0,6.0,6.0,7.0,8.0,10.0,inferred
West Oxfordshire,2021-06-01,1.0,2.0,3.0,3.0,4.0,4.0,5.0,6.0,6.0,7.0,7.0,9.0,11.0,inferred
West Oxfordshire,2021-06-02,1.0,2.0,3.0,4.0,4.0,5.0,5.0,6.0,7.0,7.0,8.0,9.0,12.0,inferred
West Oxfordshire,2021-06-03,1.0,2.0,3.0,3.0,4.0,5.0,5.0,6.0,7.0,7.0,8.0,9.0,11.0,inferred
West Oxfordshire,2021-06-04,1.0,2.0,3.0,3.0,3.0,4.0,5.0,5.0,6.0,6.0,7.0,8.0,10.5,inferred
West Oxfordshire,2021-06-05,0.5,1.0,2.0,2.0,3.0,3.0,4.0,4.0,5.0,6.0,6.0,7.0,9.0,inferred
West Oxfordshire,2021-06-06,1.0,2.0,3.0,3.0,4.0,4.0,5.0,5.0,6.0,7.0,7.0,9.0,11.0,inferred
West Oxfordshire,2021-06-07,2.0,3.0,4.0,4.0,5.0,5.0,6.0,7.0,8.0,8.0,9.0,10.0,13.0,inferred
West Oxfordshire,2021-06-08,1.0,3.0,4.0,4.0,5.0,5.0,6.0,7.0,8.0,8.0,9.0,10.0,13.0,inferred
West Oxfordshire,2021-06-09,2.0,3.0,4.0,5.0,5.0,6.0,7.0,8.0,8.0,9.0,10.0,11.0,14.0,inferred
West Oxfordshire,2021-06-10,2.0,3.0,4.0,5.0,5.0,6.0,7.0,7.0,8.0,9.0,9.0,11.0,14.0,inferred
West Oxfordshire,2021-06-11,2.0,3.0,4.0,4.0,5.0,5.0,6.0,7.0,8.0,8.0,9.0,10.0,12.5,inferred
West Oxfordshire,2021-06-12,1.0,2.0,3.0,4.0,4.0,5.0,5.0,6.0,7.0,7.0,8.0,9.0,12.0,inferred
West Oxfordshire,2021-06-13,2.0,3.0,4.0,5.0,5.0,6.0,7.0,8.0,8.0,9.0,9.0,11.0,13.0,inferred
West Oxfordshire,2021-06-14,3.0,5.0,6.0,7.0,7.0,8.0,9.0,10.0,11.0,11.0,12.0,14.0,17.0,inferred
West Oxfordshire,2021-06-15,3.0,5.0,6.0,7.0,7.0,8.0,9.0,10.0,11.0,11.0,12.0,14.0,17.0,inferred
West Oxfordshire,2021-06-16,4.0,6.0,7.0,8.0,8.7,9.0,10.0,11.0,12.0,13.0,14.0,15.0,19.0,inferred
West Oxfordshire,2021-06-17,4.0,6.0,7.0,8.0,8.0,9.0,10.0,11.0,12.0,13.0,14.0,16.0,19.0,inferred
West Oxfordshire,2021-06-18,3.0,5.0,6.0,7.0,7.0,8.0,9.0,10.0,11.0,12.0,13.0,15.0,18.0,inferred
West Suffolk,2021-03-06,2.0,4.0,5.0,5.0,5.0,6.0,7.0,8.0,9.0,9.0,10.0,12.0,14.0,inferred
West Suffolk,2021-03-07,3.0,4.0,6.0,6.0,7.0,8.0,9.0,9.0,10.0,11.0,12.0,13.0,16.0,inferred
West Suffolk,2021-03-08,4.0,6.0,8.0,8.0,9.0,10.0,11.0,12.0,13.0,14.0,14.0,16.0,20.0,inferred
West Suffolk,2021-03-09,4.0,6.0,7.0,8.0,8.0,9.0,10.0,11.0,12.0,13.0,14.0,16.0,19.0,inferred
West Suffolk,2021-03-10,4.0,6.0,8.0,8.0,9.0,10.0,11.0,12.0,13.0,14.0,14.0,16.0,20.0,inferred
West Suffolk,2021-03-11,4.0,5.0,7.0,7.0,8.0,9.0,10.0,11.0,12.0,12.0,13.0,15.0,18.0,inferred
West Suffolk,2021-03-12,3.0,5.0,6.0,6.0,7.0,8.0,8.0,9.0,11.0,11.0,12.0,14.0,17.0,inferred
West Suffolk,2021-03-13,1.5,3.0,4.0,5.0,5.0,6.0,7.0,7.0,8.0,9.0,9.0,11.0,14.0,inferred
West Suffolk,2021-03-14,2.0,4.0,5.0,5.0,6.0,7.0,7.0,8.0,9.0,10.0,10.0,12.0,15.0,inferred
West Suffolk,2021-03-15,3.0,5.0,6.0,7.0,7.0,8.0,9.0,10.0,11.0,12.0,12.0,14.0,17.0,inferred
West Suffolk,2021-03-16,3.0,4.0,6.0,6.0,7.0,7.0,8.0,9.0,11.0,11.0,12.0,14.0,17.0,inferred
West Suffolk,2021-03-17,3.0,5.0,6.0,6.0,7.0,8.0,9.0,10.0,11.0,11.0,12.0,14.0,17.0,inferred
West Suffolk,2021-03-18,2.0,4.0,5.0,6.0,6.0,7.0,8.0,9.0,10.0,10.0,11.0,13.0,16.0,inferred
West Suffolk,2021-03-19,2.0,3.0,5.0,5.0,5.0,6.0,7.0,8.0,9.0,10.0,10.0,12.0,15.0,inferred
West Suffolk,2021-03-20,1.0,3.0,4.0,4.0,4.0,5.0,6.0,7.0,7.0,8.0,8.0,10.0,13.0,inferred
West Suffolk,2021-03-21,2.0,3.0,4.0,5.0,5.0,6.0,7.0,8.0,9.0,9.0,10.0,12.0,14.0,inferred
West Suffolk,2021-03-22,2.0,4.0,5.0,6.0,6.0,7.0,8.0,9.0,10.0,11.0,11.0,13.0,17.0,inferred
West Suffolk,2021-03-23,3.0,4.0,5.0,6.0,6.0,7.0,8.0,9.0,10.0,10.0,11.0,13.0,16.0,inferred
West Suffolk,2021-03-24,2.0,4.0,5.0,6.0,6.0,7.0,8.0,9.0,10.0,11.0,11.0,13.0,16.5,inferred
West Suffolk,2021-03-25,2.0,3.9,5.0,5.0,6.0,6.0,7.0,8.0,9.0,10.0,10.0,12.0,16.0,inferred
West Suffolk,2021-03-26,1.0,3.0,4.0,4.0,5.0,5.0,6.0,7.0,8.0,9.0,9.0,11.0,14.0,inferred
West Suffolk,2021-03-27,1.0,2.0,3.0,3.0,4.0,4.0,5.0,6.0,6.0,7.0,8.0,9.0,12.0,inferred
West Suffolk,2021-03-28,1.0,2.0,3.0,4.0,4.0,5.0,5.0,6.0,7.0,8.0,8.0,10.0,13.0,inferred
West Suffolk,2021-03-29,1.0,3.0,4.0,4.0,5.0,6.0,7.0,7.0,8.0,9.0,9.0,11.0,14.0,inferred
West Suffolk,2021-03-30,1.0,2.9,4.0,4.0,4.0,5.0,6.0,7.0,8.0,8.0,9.0,10.0,13.0,inferred
West Suffolk,2021-03-31,1.0,2.0,4.0,4.0,4.0,5.0,6.0,7.0,7.0,8.0,8.0,10.0,13.0,inferred
West Suffolk,2021-04-01,1.0,2.0,3.0,3.0,4.0,4.0,5.0,6.0,7.0,7.0,8.0,9.0,12.0,inferred
West Suffolk,2021-04-02,1.0,1.0,2.0,2.0,3.0,4.0,4.0,5.0,6.0,6.0,7.0,8.0,11.0,inferred
West Suffolk,2021-04-03,0.0,1.0,2.0,2.0,2.0,3.0,3.0,4.0,4.0,5.0,5.0,7.0,9.0,inferred
West Suffolk,2021-04-04,0.0,1.0,2.0,2.0,3.0,3.0,4.0,4.0,5.0,5.0,6.0,7.0,10.0,inferred
West Suffolk,2021-04-05,1.0,2.0,2.0,3.0,3.0,4.0,4.0,5.0,6.0,6.0,7.0,8.0,12.0,inferred
West Suffolk,2021-04-06,0.0,1.0,2.0,2.0,3.0,3.0,4.0,5.0,5.0,6.0,7.0,8.0,10.0,inferred
West Suffolk,2021-04-07,0.0,1.0,2.0,3.0,3.0,4.0,4.0,5.0,6.0,6.0,7.0,8.0,10.0,inferred
West Suffolk,2021-04-08,0.0,1.0,2.0,2.0,2.0,3.0,4.0,4.0,5.0,5.0,6.0,7.0,10.0,inferred
West Suffolk,2021-04-09,0.0,1.0,1.0,2.0,2.0,3.0,3.0,4.0,4.0,5.0,5.0,6.0,9.0,inferred
West Suffolk,2021-04-10,0.0,0.0,1.0,1.0,1.0,2.0,3.0,3.0,4.0,4.0,4.0,6.0,7.0,inferred
West Suffolk,2021-04-11,0.0,1.0,1.0,2.0,2.0,2.0,3.0,4.0,4.0,5.0,5.0,6.0,8.0,inferred
West Suffolk,2021-04-12,0.0,1.0,2.0,2.0,3.0,3.0,4.0,4.0,5.0,6.0,6.0,8.0,10.0,inferred
West Suffolk,2021-04-13,0.0,1.0,2.0,2.0,3.0,3.0,4.0,4.0,5.0,6.0,6.0,7.0,10.5,inferred
West Suffolk,2021-04-14,0.0,2.0,2.0,3.0,3.0,4.0,4.0,5.0,6.0,6.0,7.0,8.0,11.0,inferred
West Suffolk,2021-04-15,0.0,1.0,2.0,2.0,3.0,3.0,4.0,5.0,6.0,6.0,7.0,8.0,11.0,inferred
West Suffolk,2021-04-16,0.0,1.0,2.0,2.0,3.0,3.0,4.0,5.0,5.0,6.0,6.0,7.0,10.0,inferred
West Suffolk,2021-04-17,0.0,1.0,2.0,2.0,2.0,3.0,3.0,4.0,4.0,5.0,5.0,7.0,9.0,inferred
West Suffolk,2021-04-18,0.0,1.0,2.0,2.0,3.0,3.0,4.0,5.0,5.0,6.0,6.0,8.0,10.0,inferred
West Suffolk,2021-04-19,1.0,2.0,3.0,3.0,4.0,4.0,5.0,6.0,7.0,7.0,8.0,10.0,12.0,inferred
West Suffolk,2021-04-20,1.0,2.0,3.0,3.0,4.0,4.0,5.0,6.0,7.0,7.0,8.0,9.0,12.0,inferred
West Suffolk,2021-04-21,1.0,2.0,3.0,4.0,4.0,5.0,6.0,6.0,7.0,8.0,9.0,10.0,13.0,inferred
West Suffolk,2021-04-22,1.0,2.0,3.0,3.0,4.0,4.0,5.0,6.0,7.0,7.0,8.0,9.0,12.0,inferred
West Suffolk,2021-04-23,1.0,2.0,3.0,3.0,4.0,4.0,5.0,6.0,6.0,7.0,7.0,9.0,12.0,inferred
West Suffolk,2021-04-24,0.0,1.0,2.0,2.0,3.0,3.0,4.0,5.0,5.0,6.0,6.0,8.0,10.0,inferred
West Suffolk,2021-04-25,1.0,2.0,3.0,3.0,4.0,4.0,5.0,6.0,6.0,7.0,7.0,9.0,12.0,inferred
West Suffolk,2021-04-26,1.0,3.0,4.0,4.0,5.0,6.0,6.0,7.0,8.0,9.0,9.0,11.0,14.0,inferred
West Suffolk,2021-04-27,1.0,3.0,4.0,4.0,4.0,5.0,6.0,7.0,8.0,8.0,9.0,11.0,13.0,inferred
West Suffolk,2021-04-28,2.0,3.0,4.0,5.0,5.0,6.0,7.0,8.0,9.0,9.0,10.0,12.0,14.0,inferred
West Suffolk,2021-04-29,1.0,3.0,4.0,4.0,5.0,6.0,6.0,7.0,8.0,9.0,9.0,11.0,14.0,inferred
West Suffolk,2021-04-30,1.0,3.0,4.0,4.0,4.0,5.0,6.0,7.0,8.0,8.0,9.0,10.0,13.0,inferred
West Suffolk,2021-05-01,1.0,2.0,3.0,3.0,3.0,4.0,5.0,5.0,6.0,7.0,7.0,9.0,12.0,inferred
West Suffolk,2021-05-02,1.0,2.0,3.0,4.0,4.0,5.0,6.0,6.0,7.0,8.0,9.0,10.0,13.0,inferred
West Suffolk,2021-05-03,2.0,3.0,4.0,5.0,5.0,6.0,7.0,8.0,9.0,9.0,10.0,12.0,15.0,inferred
West Suffolk,2021-05-04,2.0,3.0,4.0,5.0,5.0,6.0,7.0,8.0,9.0,9.0,10.0,12.0,14.0,inferred
West Suffolk,2021-05-05,2.0,3.0,4.0,5.0,5.0,6.0,7.0,8.0,9.0,9.0,10.0,12.0,15.0,inferred
West Suffolk,2021-05-06,2.0,3.0,4.0,4.0,5.0,5.0,6.0,7.0,8.0,9.0,9.0,11.0,13.0,inferred
West Suffolk,2021-05-07,1.0,2.0,3.0,4.0,4.0,5.0,6.0,6.0,7.0,8.0,8.0,10.0,13.0,inferred
West Suffolk,2021-05-08,0.0,1.0,2.0,3.0,3.0,4.0,4.0,5.0,6.0,6.0,7.0,8.0,11.0,inferred
West Suffolk,2021-05-09,1.0,2.0,3.0,3.0,4.0,4.0,5.0,6.0,7.0,7.0,8.0,9.0,11.0,inferred
West Suffolk,2021-05-10,1.0,3.0,4.0,4.0,5.0,5.0,6.0,7.0,8.0,8.0,9.0,10.0,14.0,inferred
West Suffolk,2021-05-11,1.0,2.0,3.0,4.0,4.0,5.0,5.0,6.0,7.0,8.0,8.0,10.0,13.0,inferred
West Suffolk,2021-05-12,1.0,2.0,4.0,4.0,4.0,5.0,6.0,6.0,7.0,8.0,8.0,10.0,13.0,inferred
West Suffolk,2021-05-13,1.0,2.0,3.0,3.0,3.0,4.0,5.0,6.0,6.0,7.0,7.0,9.0,11.0,inferred
West Suffolk,2021-05-14,0.0,1.0,2.0,3.0,3.0,3.0,4.0,5.0,6.0,6.0,7.0,8.0,10.0,inferred
West Suffolk,2021-05-15,0.0,1.0,1.0,2.0,2.0,3.0,3.0,4.0,4.0,5.0,5.0,7.0,9.0,inferred
West Suffolk,2021-05-16,0.0,1.0,2.0,2.0,2.0,3.0,4.0,4.0,5.0,5.0,6.0,7.0,10.0,inferred
West Suffolk,2021-05-17,0.0,1.0,2.0,3.0,3.0,4.0,4.0,5.0,6.0,6.0,7.0,8.0,11.0,inferred
West Suffolk,2021-05-18,0.0,1.0,2.0,2.0,3.0,3.0,4.0,4.0,5.0,6.0,6.0,8.0,10.0,inferred
West Suffolk,2021-05-19,0.0,1.0,2.0,2.0,3.0,3.0,4.0,4.0,5.0,5.2,6.0,8.0,10.0,inferred
West Suffolk,2021-05-20,0.0,1.0,2.0,2.0,2.0,3.0,3.0,4.0,4.0,5.0,5.0,7.0,9.0,inferred
West Suffolk,2021-05-21,0.0,1.0,1.0,1.0,2.0,2.0,3.0,3.0,4.0,4.0,5.0,6.0,8.0,inferred
West Suffolk,2021-05-22,0.0,0.0,1.0,1.0,1.0,2.0,2.0,2.0,3.0,3.0,4.0,5.0,7.0,inferred
West Suffolk,2021-05-23,0.0,0.0,1.0,1.0,1.0,2.0,2.0,3.0,3.0,3.2,4.0,5.0,7.0,inferred
West Suffolk,2021-05-24,0.0,0.0,1.0,1.0,2.0,2.0,3.0,3.0,4.0,4.0,5.0,6.0,8.0,inferred
West Suffolk,2021-05-25,0.0,0.0,1.0,1.0,1.0,2.0,2.0,3.0,3.0,4.0,4.0,5.0,7.0,inferred
West Suffolk,2021-05-26,0.0,1.0,1.0,1.0,2.0,2.0,2.0,3.0,4.0,4.0,4.0,5.0,7.5,inferred
West Suffolk,2021-05-27,0.0,0.0,1.0,1.0,1.0,2.0,2.0,3.0,3.0,4.0,4.0,5.0,7.0,inferred
West Suffolk,2021-05-28,0.0,0.0,1.0,1.0,1.0,2.0,2.0,3.0,3.0,4.0,4.0,5.0,7.0,inferred
West Suffolk,2021-05-29,0.0,0.0,0.0,1.0,1.0,1.0,2.0,2.0,2.0,3.0,3.0,4.0,6.0,inferred
West Suffolk,2021-05-30,0.0,0.0,1.0,1.0,1.0,1.0,2.0,2.0,3.0,3.0,4.0,5.0,7.0,inferred
West Suffolk,2021-05-31,0.0,1.0,1.0,1.0,2.0,2.0,2.0,3.0,4.0,4.0,5.0,6.0,8.0,inferred
West Suffolk,2021-06-01,0.0,1.0,1.0,1.0,2.0,2.0,3.0,3.0,4.0,4.0,4.0,6.0,7.0,inferred
West Suffolk,2021-06-02,0.0,1.0,1.0,2.0,2.0,2.0,3.0,3.0,4.0,4.0,5.0,6.0,9.0,inferred
West Suffolk,2021-06-03,0.0,1.0,1.0,2.0,2.0,2.0,3.0,3.0,4.0,4.0,5.0,6.0,9.0,inferred
West Suffolk,2021-06-04,0.0,1.0,1.0,1.0,2.0,2.0,3.0,3.0,4.0,4.0,5.0,6.0,8.0,inferred
West Suffolk,2021-06-05,0.0,0.0,1.0,1.0,1.0,2.0,2.0,3.0,3.0,3.0,4.0,5.0,7.0,inferred
West Suffolk,2021-06-06,0.0,1.0,1.0,1.8,2.0,2.0,3.0,3.0,4.0,4.0,5.0,6.0,8.0,inferred
West Suffolk,2021-06-07,0.0,1.0,2.0,2.0,2.0,3.0,4.0,4.0,5.0,5.0,6.0,7.0,9.0,inferred
West Suffolk,2021-06-08,0.0,1.0,2.0,2.0,2.0,3.0,4.0,4.0,5.0,5.0,6.0,7.0,10.0,inferred
West Suffolk,2021-06-09,0.0,1.0,2.0,3.0,3.0,3.0,4.0,5.0,6.0,6.0,7.0,8.0,11.0,inferred
West Suffolk,2021-06-10,0.0,1.0,2.0,3.0,3.0,4.0,4.0,5.0,6.0,6.0,7.0,8.0,10.0,inferred
West Suffolk,2021-06-11,0.0,1.0,2.0,2.0,3.0,3.0,4.0,5.0,5.0,6.0,6.0,8.0,11.0,inferred
West Suffolk,2021-06-12,0.0,1.0,2.0,2.0,2.0,3.0,3.0,4.0,5.0,5.0,5.0,7.0,9.0,inferred
West Suffolk,2021-06-13,1.0,1.0,2.0,3.0,3.0,3.0,4.0,5.0,6.0,6.0,7.0,8.0,11.0,inferred
West Suffolk,2021-06-14,1.0,2.0,3.0,4.0,4.0,5.0,6.0,6.0,7.0,8.0,8.0,10.0,12.0,inferred
West Suffolk,2021-06-15,1.0,2.0,3.0,4.0,4.0,5.0,5.0,6.0,7.0,8.0,8.0,10.0,13.0,inferred
West Suffolk,2021-06-16,1.0,3.0,4.0,4.0,5.0,5.0,6.0,7.0,8.0,9.0,9.0,11.0,14.5,inferred
West Suffolk,2021-06-17,1.0,3.0,4.0,4.0,5.0,6.0,6.0,7.0,8.0,8.0,9.0,11.0,14.0,inferred
West Suffolk,2021-06-18,1.0,2.0,3.0,4.0,4.0,5.0,6.0,7.0,8.0,8.0,9.0,11.0,14.0,inferred
Western Isles,2021-03-06,0.0,0.0,0.0,0.0,0.0,1.0,1.0,2.0,3.0,3.0,4.0,6.0,10.0,inferred
Western Isles,2021-03-07,0.0,0.0,0.0,0.0,0.0,1.0,1.0,1.0,2.0,3.0,3.0,5.0,9.0,inferred
Western Isles,2021-03-08,0.0,0.0,0.0,0.0,0.0,0.0,0.0,1.0,1.0,2.0,2.0,4.0,8.0,inferred
Western Isles,2021-03-09,0.0,0.0,0.0,0.0,0.0,0.0,0.0,1.0,1.0,1.0,2.0,3.0,6.0,inferred
Western Isles,2021-03-10,0.0,0.0,0.0,0.0,0.0,0.0,0.0,1.0,1.0,2.0,2.0,4.0,7.5,inferred
Western Isles,2021-03-11,0.0,0.0,0.0,0.0,0.0,0.0,0.0,1.0,1.0,1.0,2.0,3.0,7.0,inferred
Western Isles,2021-03-12,0.0,0.0,0.0,0.0,0.0,0.0,0.0,0.0,1.0,1.0,2.0,3.0,6.0,inferred
Western Isles,2021-03-13,0.0,0.0,0.0,0.0,0.0,0.0,0.0,0.0,1.0,1.0,1.0,3.0,7.0,inferred
Western Isles,2021-03-14,0.0,0.0,0.0,0.0,0.0,0.0,0.0,0.0,0.0,1.0,1.0,2.0,6.0,inferred
Western Isles,2021-03-15,0.0,0.0,0.0,0.0,0.0,0.0,0.0,0.0,0.0,0.0,1.0,2.0,5.0,inferred
Western Isles,2021-03-16,0.0,0.0,0.0,0.0,0.0,0.0,0.0,0.0,0.0,0.0,1.0,1.0,4.0,inferred
Western Isles,2021-03-17,0.0,0.0,0.0,0.0,0.0,0.0,0.0,0.0,0.0,1.0,1.0,2.0,5.0,inferred
Western Isles,2021-03-18,0.0,0.0,0.0,0.0,0.0,0.0,0.0,0.0,0.0,0.0,1.0,2.0,5.0,inferred
Western Isles,2021-03-19,0.0,0.0,0.0,0.0,0.0,0.0,0.0,0.0,0.0,0.0,1.0,2.0,5.0,inferred
Western Isles,2021-03-20,0.0,0.0,0.0,0.0,0.0,0.0,0.0,0.0,0.0,0.0,0.0,1.0,3.0,inferred
Western Isles,2021-03-21,0.0,0.0,0.0,0.0,0.0,0.0,0.0,0.0,0.0,0.0,0.0,1.0,3.0,inferred
Western Isles,2021-03-22,0.0,0.0,0.0,0.0,0.0,0.0,0.0,0.0,0.0,0.0,0.0,0.0,2.0,inferred
Western Isles,2021-03-23,0.0,0.0,0.0,0.0,0.0,0.0,0.0,0.0,0.0,0.0,0.0,1.0,2.0,inferred
Western Isles,2021-03-24,0.0,0.0,0.0,0.0,0.0,0.0,0.0,0.0,0.0,0.0,0.0,1.0,4.0,inferred
Western Isles,2021-03-25,0.0,0.0,0.0,0.0,0.0,0.0,0.0,0.0,0.0,0.0,0.0,1.0,3.0,inferred
Western Isles,2021-03-26,0.0,0.0,0.0,0.0,0.0,0.0,0.0,0.0,0.0,0.0,0.0,1.0,3.0,inferred
Western Isles,2021-03-27,0.0,0.0,0.0,0.0,0.0,0.0,0.0,0.0,0.0,0.0,0.0,1.0,3.0,inferred
Western Isles,2021-03-28,0.0,0.0,0.0,0.0,0.0,0.0,0.0,0.0,0.0,0.0,0.0,0.0,2.0,inferred
Western Isles,2021-03-29,0.0,0.0,0.0,0.0,0.0,0.0,0.0,0.0,0.0,0.0,0.0,0.0,2.0,inferred
Western Isles,2021-03-30,0.0,0.0,0.0,0.0,0.0,0.0,0.0,0.0,0.0,0.0,0.0,0.0,2.0,inferred
Western Isles,2021-03-31,0.0,0.0,0.0,0.0,0.0,0.0,0.0,0.0,0.0,0.0,0.0,1.0,3.0,inferred
Western Isles,2021-04-01,0.0,0.0,0.0,0.0,0.0,0.0,0.0,0.0,0.0,0.0,0.0,0.0,2.5,inferred
Western Isles,2021-04-02,0.0,0.0,0.0,0.0,0.0,0.0,0.0,0.0,0.0,0.0,0.0,1.0,3.0,inferred
Western Isles,2021-04-03,0.0,0.0,0.0,0.0,0.0,0.0,0.0,0.0,0.0,0.0,0.0,0.1,2.5,inferred
Western Isles,2021-04-04,0.0,0.0,0.0,0.0,0.0,0.0,0.0,0.0,0.0,0.0,0.0,0.0,2.0,inferred
Western Isles,2021-04-05,0.0,0.0,0.0,0.0,0.0,0.0,0.0,0.0,0.0,0.0,0.0,0.0,2.0,inferred
Western Isles,2021-04-06,0.0,0.0,0.0,0.0,0.0,0.0,0.0,0.0,0.0,0.0,0.0,0.0,2.0,inferred
Western Isles,2021-04-07,0.0,0.0,0.0,0.0,0.0,0.0,0.0,0.0,0.0,0.0,0.0,1.0,3.0,inferred
Western Isles,2021-04-08,0.0,0.0,0.0,0.0,0.0,0.0,0.0,0.0,0.0,0.0,0.0,0.0,2.0,inferred
Western Isles,2021-04-09,0.0,0.0,0.0,0.0,0.0,0.0,0.0,0.0,0.0,0.0,0.0,0.0,2.0,inferred
Western Isles,2021-04-10,0.0,0.0,0.0,0.0,0.0,0.0,0.0,0.0,0.0,0.0,0.0,0.0,2.0,inferred
Western Isles,2021-04-11,0.0,0.0,0.0,0.0,0.0,0.0,0.0,0.0,0.0,0.0,0.0,0.0,2.0,inferred
Western Isles,2021-04-12,0.0,0.0,0.0,0.0,0.0,0.0,0.0,0.0,0.0,0.0,0.0,0.0,2.0,inferred
Western Isles,2021-04-13,0.0,0.0,0.0,0.0,0.0,0.0,0.0,0.0,0.0,0.0,0.0,0.0,1.0,inferred
Western Isles,2021-04-14,0.0,0.0,0.0,0.0,0.0,0.0,0.0,0.0,0.0,0.0,0.0,0.0,2.0,inferred
Western Isles,2021-04-15,0.0,0.0,0.0,0.0,0.0,0.0,0.0,0.0,0.0,0.0,0.0,0.0,3.0,inferred
Western Isles,2021-04-16,0.0,0.0,0.0,0.0,0.0,0.0,0.0,0.0,0.0,0.0,0.0,0.0,2.0,inferred
Western Isles,2021-04-17,0.0,0.0,0.0,0.0,0.0,0.0,0.0,0.0,0.0,0.0,0.0,0.0,2.0,inferred
Western Isles,2021-04-18,0.0,0.0,0.0,0.0,0.0,0.0,0.0,0.0,0.0,0.0,0.0,0.0,1.0,inferred
Western Isles,2021-04-19,0.0,0.0,0.0,0.0,0.0,0.0,0.0,0.0,0.0,0.0,0.0,0.0,1.0,inferred
Western Isles,2021-04-20,0.0,0.0,0.0,0.0,0.0,0.0,0.0,0.0,0.0,0.0,0.0,0.0,1.0,inferred
Western Isles,2021-04-21,0.0,0.0,0.0,0.0,0.0,0.0,0.0,0.0,0.0,0.0,0.0,0.0,2.0,inferred
Western Isles,2021-04-22,0.0,0.0,0.0,0.0,0.0,0.0,0.0,0.0,0.0,0.0,0.0,0.0,2.0,inferred
Western Isles,2021-04-23,0.0,0.0,0.0,0.0,0.0,0.0,0.0,0.0,0.0,0.0,0.0,0.0,2.0,inferred
Western Isles,2021-04-24,0.0,0.0,0.0,0.0,0.0,0.0,0.0,0.0,0.0,0.0,0.0,0.0,2.0,inferred
Western Isles,2021-04-25,0.0,0.0,0.0,0.0,0.0,0.0,0.0,0.0,0.0,0.0,0.0,0.0,2.0,inferred
Western Isles,2021-04-26,0.0,0.0,0.0,0.0,0.0,0.0,0.0,0.0,0.0,0.0,0.0,0.0,2.0,inferred
Western Isles,2021-04-27,0.0,0.0,0.0,0.0,0.0,0.0,0.0,0.0,0.0,0.0,0.0,0.0,2.0,inferred
Western Isles,2021-04-28,0.0,0.0,0.0,0.0,0.0,0.0,0.0,0.0,0.0,0.0,0.0,0.0,3.0,inferred
Western Isles,2021-04-29,0.0,0.0,0.0,0.0,0.0,0.0,0.0,0.0,0.0,0.0,0.0,0.0,3.0,inferred
Western Isles,2021-04-30,0.0,0.0,0.0,0.0,0.0,0.0,0.0,0.0,0.0,0.0,0.0,0.0,2.0,inferred
Western Isles,2021-05-01,0.0,0.0,0.0,0.0,0.0,0.0,0.0,0.0,0.0,0.0,0.0,0.0,2.0,inferred
Western Isles,2021-05-02,0.0,0.0,0.0,0.0,0.0,0.0,0.0,0.0,0.0,0.0,0.0,0.0,2.0,inferred
Western Isles,2021-05-03,0.0,0.0,0.0,0.0,0.0,0.0,0.0,0.0,0.0,0.0,0.0,0.0,2.0,inferred
Western Isles,2021-05-04,0.0,0.0,0.0,0.0,0.0,0.0,0.0,0.0,0.0,0.0,0.0,0.0,2.0,inferred
Western Isles,2021-05-05,0.0,0.0,0.0,0.0,0.0,0.0,0.0,0.0,0.0,0.0,0.0,1.0,2.0,inferred
Western Isles,2021-05-06,0.0,0.0,0.0,0.0,0.0,0.0,0.0,0.0,0.0,0.0,0.0,0.0,2.0,inferred
Western Isles,2021-05-07,0.0,0.0,0.0,0.0,0.0,0.0,0.0,0.0,0.0,0.0,0.0,1.0,3.0,inferred
Western Isles,2021-05-08,0.0,0.0,0.0,0.0,0.0,0.0,0.0,0.0,0.0,0.0,0.0,0.0,2.0,inferred
Western Isles,2021-05-09,0.0,0.0,0.0,0.0,0.0,0.0,0.0,0.0,0.0,0.0,0.0,1.0,3.0,inferred
Western Isles,2021-05-10,0.0,0.0,0.0,0.0,0.0,0.0,0.0,0.0,0.0,0.0,0.0,0.0,2.0,inferred
Western Isles,2021-05-11,0.0,0.0,0.0,0.0,0.0,0.0,0.0,0.0,0.0,0.0,0.0,0.0,2.0,inferred
Western Isles,2021-05-12,0.0,0.0,0.0,0.0,0.0,0.0,0.0,0.0,0.0,0.0,0.0,1.0,3.0,inferred
Western Isles,2021-05-13,0.0,0.0,0.0,0.0,0.0,0.0,0.0,0.0,0.0,0.0,0.0,1.0,3.0,inferred
Western Isles,2021-05-14,0.0,0.0,0.0,0.0,0.0,0.0,0.0,0.0,0.0,0.0,0.0,1.0,3.0,inferred
Western Isles,2021-05-15,0.0,0.0,0.0,0.0,0.0,0.0,0.0,0.0,0.0,0.0,0.0,1.0,3.0,inferred
Western Isles,2021-05-16,0.0,0.0,0.0,0.0,0.0,0.0,0.0,0.0,0.0,0.0,0.0,1.0,2.0,inferred
Western Isles,2021-05-17,0.0,0.0,0.0,0.0,0.0,0.0,0.0,0.0,0.0,0.0,0.0,0.0,2.0,inferred
Western Isles,2021-05-18,0.0,0.0,0.0,0.0,0.0,0.0,0.0,0.0,0.0,0.0,0.0,1.0,2.5,inferred
Western Isles,2021-05-19,0.0,0.0,0.0,0.0,0.0,0.0,0.0,0.0,0.0,0.0,0.0,1.0,3.0,inferred
Western Isles,2021-05-20,0.0,0.0,0.0,0.0,0.0,0.0,0.0,0.0,0.0,0.0,0.0,1.0,3.0,inferred
Western Isles,2021-05-21,0.0,0.0,0.0,0.0,0.0,0.0,0.0,0.0,0.0,0.0,0.0,1.0,3.0,inferred
Western Isles,2021-05-22,0.0,0.0,0.0,0.0,0.0,0.0,0.0,0.0,0.0,0.0,0.0,1.0,3.0,inferred
Western Isles,2021-05-23,0.0,0.0,0.0,0.0,0.0,0.0,0.0,0.0,0.0,0.0,0.0,1.0,3.0,inferred
Western Isles,2021-05-24,0.0,0.0,0.0,0.0,0.0,0.0,0.0,0.0,0.0,0.0,0.0,0.0,2.0,inferred
Western Isles,2021-05-25,0.0,0.0,0.0,0.0,0.0,0.0,0.0,0.0,0.0,0.0,0.0,0.0,2.0,inferred
Western Isles,2021-05-26,0.0,0.0,0.0,0.0,0.0,0.0,0.0,0.0,0.0,0.0,0.0,1.0,3.0,inferred
Western Isles,2021-05-27,0.0,0.0,0.0,0.0,0.0,0.0,0.0,0.0,0.0,0.0,0.0,1.0,3.0,inferred
Western Isles,2021-05-28,0.0,0.0,0.0,0.0,0.0,0.0,0.0,0.0,0.0,0.0,0.0,1.0,3.0,inferred
Western Isles,2021-05-29,0.0,0.0,0.0,0.0,0.0,0.0,0.0,0.0,0.0,0.0,0.0,1.0,3.0,inferred
Western Isles,2021-05-30,0.0,0.0,0.0,0.0,0.0,0.0,0.0,0.0,0.0,0.0,0.0,1.0,2.5,inferred
Western Isles,2021-05-31,0.0,0.0,0.0,0.0,0.0,0.0,0.0,0.0,0.0,0.0,0.0,1.0,2.5,inferred
Western Isles,2021-06-01,0.0,0.0,0.0,0.0,0.0,0.0,0.0,0.0,0.0,0.0,0.0,1.0,3.0,inferred
Western Isles,2021-06-02,0.0,0.0,0.0,0.0,0.0,0.0,0.0,0.0,0.0,0.0,0.0,1.0,4.0,inferred
Western Isles,2021-06-03,0.0,0.0,0.0,0.0,0.0,0.0,0.0,0.0,0.0,0.0,0.0,1.0,3.0,inferred
Western Isles,2021-06-04,0.0,0.0,0.0,0.0,0.0,0.0,0.0,0.0,0.0,0.0,0.0,1.0,3.0,inferred
Western Isles,2021-06-05,0.0,0.0,0.0,0.0,0.0,0.0,0.0,0.0,0.0,0.0,0.0,1.0,3.0,inferred
Western Isles,2021-06-06,0.0,0.0,0.0,0.0,0.0,0.0,0.0,0.0,0.0,0.0,0.0,1.0,3.0,inferred
Western Isles,2021-06-07,0.0,0.0,0.0,0.0,0.0,0.0,0.0,0.0,0.0,0.0,0.0,1.0,3.0,inferred
Western Isles,2021-06-08,0.0,0.0,0.0,0.0,0.0,0.0,0.0,0.0,0.0,0.0,0.0,1.0,4.0,inferred
Western Isles,2021-06-09,0.0,0.0,0.0,0.0,0.0,0.0,0.0,0.0,0.0,0.0,0.0,1.0,3.0,inferred
Western Isles,2021-06-10,0.0,0.0,0.0,0.0,0.0,0.0,0.0,0.0,0.0,0.0,0.0,1.0,3.0,inferred
Western Isles,2021-06-11,0.0,0.0,0.0,0.0,0.0,0.0,0.0,0.0,0.0,0.0,0.0,1.0,4.0,inferred
Western Isles,2021-06-12,0.0,0.0,0.0,0.0,0.0,0.0,0.0,0.0,0.0,0.0,0.0,1.0,4.0,inferred
Western Isles,2021-06-13,0.0,0.0,0.0,0.0,0.0,0.0,0.0,0.0,0.0,0.0,0.0,1.0,2.0,inferred
Western Isles,2021-06-14,0.0,0.0,0.0,0.0,0.0,0.0,0.0,0.0,0.0,0.0,0.0,1.0,3.0,inferred
Western Isles,2021-06-15,0.0,0.0,0.0,0.0,0.0,0.0,0.0,0.0,0.0,0.0,0.0,1.0,3.0,inferred
Western Isles,2021-06-16,0.0,0.0,0.0,0.0,0.0,0.0,0.0,0.0,0.0,0.0,0.0,1.0,3.0,inferred
Western Isles,2021-06-17,0.0,0.0,0.0,0.0,0.0,0.0,0.0,0.0,0.0,0.0,0.0,1.0,4.0,inferred
Western Isles,2021-06-18,0.0,0.0,0.0,0.0,0.0,0.0,0.0,0.0,0.0,0.0,0.0,1.0,4.0,inferred
Westminster,2021-03-06,3.0,5.0,7.0,7.0,8.0,8.0,9.0,10.0,11.0,11.0,12.0,13.1,16.0,inferred
Westminster,2021-03-07,5.0,6.0,8.0,8.0,9.0,9.0,10.0,11.0,12.0,13.0,13.0,15.0,18.0,inferred
Westminster,2021-03-08,6.0,9.0,10.0,11.0,12.0,13.0,14.0,15.0,16.0,17.0,17.0,19.0,22.0,inferred
Westminster,2021-03-09,7.0,9.0,11.0,11.0,12.0,13.0,14.0,15.0,16.0,17.0,18.0,20.0,24.0,inferred
Westminster,2021-03-10,7.0,9.0,11.0,12.0,12.0,13.0,14.0,15.0,16.0,17.0,18.0,20.0,23.0,inferred
Westminster,2021-03-11,6.0,8.0,10.0,11.0,11.0,12.0,13.0,14.0,16.0,16.0,17.0,19.0,22.0,inferred
Westminster,2021-03-12,5.0,8.0,9.0,9.0,10.0,11.0,12.0,13.0,14.0,14.0,15.0,17.0,20.0,inferred
Westminster,2021-03-13,4.0,6.0,7.0,8.0,8.0,9.0,10.0,11.0,12.0,12.0,13.0,14.0,17.0,inferred
Westminster,2021-03-14,5.0,7.0,8.0,9.0,9.0,10.0,11.0,12.0,13.0,13.0,14.0,16.0,19.0,inferred
Westminster,2021-03-15,7.0,9.0,10.0,11.0,12.0,13.0,14.0,15.0,16.0,16.0,17.0,19.0,22.0,inferred
Westminster,2021-03-16,6.5,8.0,10.0,11.0,11.0,12.0,13.0,14.0,16.0,17.0,17.0,19.0,23.0,inferred
Westminster,2021-03-17,6.0,9.0,10.0,11.0,11.0,12.0,13.0,14.0,16.0,16.0,17.0,19.0,23.0,inferred
Westminster,2021-03-18,6.0,8.0,10.0,10.0,11.0,12.0,13.0,14.0,14.0,15.0,16.0,18.0,21.0,inferred
Westminster,2021-03-19,5.0,7.0,8.0,9.0,9.0,10.0,11.0,12.0,13.0,14.0,14.0,16.0,19.0,inferred
Westminster,2021-03-20,3.0,5.0,6.0,7.0,8.0,8.0,9.0,10.0,11.0,11.0,12.0,14.0,17.0,inferred
Westminster,2021-03-21,4.0,6.0,8.0,8.0,9.0,10.0,11.0,12.0,13.0,13.0,14.0,15.0,19.0,inferred
Westminster,2021-03-22,6.0,8.0,10.0,11.0,11.0,12.0,13.0,14.0,16.0,16.0,17.0,19.0,22.0,inferred
Westminster,2021-03-23,6.0,8.0,9.0,10.0,11.0,12.0,13.0,14.0,15.0,16.0,16.0,18.0,22.0,inferred
Westminster,2021-03-24,6.0,8.0,9.0,10.0,10.0,12.0,13.0,14.0,15.0,15.0,16.0,18.0,21.0,inferred
Westminster,2021-03-25,5.0,7.0,8.0,9.0,9.0,10.0,11.0,12.0,13.0,14.0,15.0,17.0,20.0,inferred
Westminster,2021-03-26,4.0,6.0,7.0,7.0,8.0,9.0,10.0,10.0,11.0,12.0,12.0,14.0,18.0,inferred
Westminster,2021-03-27,2.0,4.0,5.0,6.0,6.0,7.0,8.0,9.0,9.0,10.0,10.0,12.0,14.0,inferred
Westminster,2021-03-28,3.0,5.0,6.0,6.0,7.0,8.0,8.0,9.0,10.0,10.0,11.0,13.0,16.0,inferred
Westminster,2021-03-29,5.0,6.0,8.0,8.0,9.0,10.0,11.0,12.0,12.0,13.0,14.0,15.0,18.5,inferred
Westminster,2021-03-30,4.0,6.0,7.0,8.0,8.0,9.0,10.0,11.0,12.0,13.0,13.0,15.0,19.0,inferred
Westminster,2021-03-31,4.0,6.0,8.0,8.0,9.0,10.0,10.0,11.0,12.0,13.0,13.0,15.0,18.0,inferred
Westminster,2021-04-01,3.0,5.0,7.0,7.0,8.0,9.0,10.0,10.0,11.0,12.0,12.0,14.0,17.0,inferred
Westminster,2021-04-02,3.0,5.0,6.0,6.0,7.0,8.0,9.0,9.4,11.0,11.0,12.0,13.0,16.0,inferred
Westminster,2021-04-03,2.0,4.0,5.0,5.0,6.0,6.0,7.0,8.0,9.0,9.0,10.0,11.0,14.0,inferred
Westminster,2021-04-04,3.0,4.0,5.0,6.0,6.0,7.0,8.0,9.0,9.0,10.0,11.0,12.1,15.0,inferred
Westminster,2021-04-05,4.0,6.0,7.0,8.0,8.0,9.0,10.0,11.0,12.0,13.0,13.0,15.0,18.0,inferred
Westminster,2021-04-06,4.0,6.0,8.0,8.0,8.0,9.0,10.0,11.0,12.0,13.0,14.0,15.0,18.0,inferred
Westminster,2021-04-07,4.0,7.0,8.0,8.0,9.0,10.0,11.0,12.0,13.0,14.0,14.0,16.0,19.0,inferred
Westminster,2021-04-08,5.0,6.0,8.0,8.0,9.0,10.0,10.0,11.0,12.0,13.0,14.0,16.0,18.0,inferred
Westminster,2021-04-09,4.0,6.0,7.0,8.0,8.0,9.0,10.0,11.0,12.0,12.0,13.0,15.0,18.0,inferred
Westminster,2021-04-10,3.0,5.0,6.0,6.0,7.0,7.0,8.0,9.0,10.0,10.0,11.0,13.0,15.0,inferred
Westminster,2021-04-11,4.0,5.0,7.0,7.0,8.0,9.0,9.0,10.0,11.0,12.0,13.0,14.0,17.0,inferred
Westminster,2021-04-12,5.0,7.0,9.0,10.0,10.0,11.0,12.0,13.0,14.0,15.0,16.0,18.0,21.0,inferred
Westminster,2021-04-13,5.0,7.9,9.0,10.0,10.0,11.0,12.0,13.0,14.0,15.0,16.0,18.0,21.0,inferred
Westminster,2021-04-14,5.5,8.0,9.0,10.0,11.0,12.0,13.0,14.0,15.0,16.0,16.0,18.0,22.0,inferred
Westminster,2021-04-15,6.0,8.0,9.0,10.0,10.0,11.0,12.0,13.0,14.0,15.0,16.0,18.0,21.0,inferred
Westminster,2021-04-16,4.0,6.0,8.0,8.0,9.0,10.0,11.0,12.0,13.0,13.0,14.0,16.0,18.0,inferred
Westminster,2021-04-17,4.0,5.0,6.0,7.0,7.0,8.0,9.0,10.0,11.0,11.0,12.0,13.0,16.0,inferred
Westminster,2021-04-18,4.0,6.0,7.0,8.0,8.0,9.0,10.0,11.0,12.0,13.0,13.0,15.0,18.5,inferred
Westminster,2021-04-19,6.0,8.0,10.0,10.8,11.0,12.0,13.0,14.0,15.0,16.0,17.0,19.0,22.0,inferred
Westminster,2021-04-20,6.0,8.0,10.0,10.0,11.0,12.0,13.0,14.0,15.0,16.0,16.0,18.0,22.0,inferred
Westminster,2021-04-21,6.0,8.0,10.0,11.0,11.0,12.0,13.0,14.0,15.0,16.0,16.0,18.0,22.0,inferred
Westminster,2021-04-22,5.0,7.0,9.0,9.0,10.0,11.0,12.0,13.0,14.0,14.0,15.0,17.0,20.0,inferred
Westminster,2021-04-23,4.0,6.0,7.0,8.0,8.0,9.0,10.0,11.0,12.0,12.0,13.0,15.0,17.0,inferred
Westminster,2021-04-24,3.0,4.0,6.0,6.0,6.0,7.0,8.0,9.0,10.0,10.0,11.0,13.0,15.0,inferred
Westminster,2021-04-25,3.0,5.0,6.0,7.0,7.0,8.0,9.0,9.0,11.0,11.0,12.0,13.0,16.0,inferred
Westminster,2021-04-26,4.0,6.0,8.0,8.0,9.0,10.0,11.0,12.0,13.0,13.0,14.0,16.0,19.0,inferred
Westminster,2021-04-27,4.0,6.0,8.0,8.0,9.0,10.0,10.0,11.0,12.0,13.0,14.0,16.0,19.0,inferred
Westminster,2021-04-28,4.0,6.0,7.0,8.0,8.0,9.0,10.0,11.0,12.0,13.0,13.0,15.0,18.0,inferred
Westminster,2021-04-29,3.0,5.0,6.0,7.0,7.0,8.0,9.0,10.0,11.0,11.0,12.0,14.0,16.0,inferred
Westminster,2021-04-30,3.0,4.0,6.0,6.0,6.0,7.0,8.0,8.0,9.0,10.0,10.0,12.0,15.0,inferred
Westminster,2021-05-01,2.0,3.0,4.0,4.0,5.0,6.0,6.0,7.0,8.0,8.0,9.0,10.0,13.0,inferred
Westminster,2021-05-02,2.0,4.0,5.0,5.0,6.0,6.0,7.0,8.0,9.0,9.0,10.0,11.0,14.0,inferred
Westminster,2021-05-03,3.0,5.0,6.0,7.0,7.0,8.0,9.0,10.0,11.0,11.0,12.0,14.0,17.0,inferred
Westminster,2021-05-04,3.0,5.0,6.0,7.0,7.0,8.0,9.0,10.0,10.0,11.0,12.0,13.0,16.0,inferred
Westminster,2021-05-05,3.0,5.0,6.0,7.0,7.0,8.0,9.0,10.0,11.0,11.0,12.0,14.0,17.0,inferred
Westminster,2021-05-06,3.0,5.0,6.0,6.0,7.0,7.0,8.0,9.0,10.0,10.0,11.0,13.0,15.0,inferred
Westminster,2021-05-07,2.0,4.0,5.0,5.0,6.0,6.0,7.0,8.0,9.0,9.0,10.0,11.0,14.0,inferred
Westminster,2021-05-08,1.0,3.0,4.0,4.0,5.0,5.0,6.0,6.0,7.0,8.0,8.0,10.0,12.0,inferred
Westminster,2021-05-09,2.0,3.0,4.0,5.0,5.0,6.0,7.0,7.0,8.0,9.0,9.0,11.0,13.0,inferred
Westminster,2021-05-10,3.0,5.0,6.0,6.0,7.0,7.0,8.0,9.0,10.0,10.0,11.0,12.0,16.0,inferred
Westminster,2021-05-11,3.0,4.0,5.0,6.0,6.0,7.0,8.0,8.0,9.0,10.0,10.0,12.0,15.0,inferred
Westminster,2021-05-12,3.0,4.0,5.0,6.0,6.0,7.0,8.0,9.0,9.0,10.0,11.0,12.0,14.0,inferred
Westminster,2021-05-13,2.5,4.0,5.0,5.0,6.0,6.0,7.0,8.0,9.0,9.0,10.0,11.0,14.0,inferred
Westminster,2021-05-14,2.0,3.0,4.0,4.8,5.0,6.0,6.0,7.0,8.0,8.0,9.0,10.0,13.0,inferred
Westminster,2021-05-15,1.0,2.0,3.0,4.0,4.0,4.0,5.0,6.0,6.0,7.0,7.0,9.0,11.0,inferred
Westminster,2021-05-16,1.0,3.0,4.0,4.0,4.0,5.0,6.0,6.0,7.0,8.0,8.0,10.0,12.0,inferred
Westminster,2021-05-17,2.0,4.0,5.0,5.0,6.0,7.0,7.0,8.0,9.0,10.0,10.0,12.0,14.5,inferred
Westminster,2021-05-18,2.0,4.0,5.0,6.0,6.0,7.0,8.0,8.0,9.0,10.0,10.0,12.0,15.0,inferred
Westminster,2021-05-19,3.0,4.0,6.0,6.0,7.0,8.0,8.0,9.0,10.0,11.0,12.0,13.0,16.0,inferred
Westminster,2021-05-20,3.0,5.0,6.0,6.0,7.0,8.0,8.0,9.0,10.0,10.0,11.0,13.0,15.0,inferred
Westminster,2021-05-21,3.0,4.0,5.0,6.0,6.0,7.0,8.0,9.0,9.0,10.0,10.0,12.0,15.0,inferred
Westminster,2021-05-22,2.0,3.0,4.0,5.0,5.0,6.0,7.0,7.0,8.0,9.0,9.0,10.0,13.0,inferred
Westminster,2021-05-23,2.0,4.0,5.0,6.0,6.0,7.0,8.0,9.0,10.0,10.0,11.0,13.0,15.0,inferred
Westminster,2021-05-24,5.0,6.0,8.0,8.0,9.0,10.0,11.0,12.0,13.0,13.0,14.0,16.0,18.5,inferred
Westminster,2021-05-25,5.0,7.0,9.0,9.0,10.0,11.0,11.0,12.0,13.0,14.0,15.0,17.0,20.0,inferred
Westminster,2021-05-26,6.0,8.0,10.0,10.0,11.0,12.0,13.0,14.0,15.0,16.0,17.0,18.0,22.0,inferred
Westminster,2021-05-27,6.0,9.0,10.0,11.0,11.0,12.0,13.0,14.0,16.0,16.0,17.0,19.0,22.0,inferred
Westminster,2021-05-28,6.0,8.0,10.0,11.0,11.0,12.0,13.0,14.0,15.0,16.0,17.0,19.0,23.0,inferred
Westminster,2021-05-29,6.0,8.0,9.0,10.0,10.0,11.0,12.0,13.0,14.0,15.0,16.0,17.0,21.0,inferred
Westminster,2021-05-30,8.0,10.0,12.0,12.0,13.0,14.0,15.0,16.0,17.0,18.0,19.0,21.0,24.0,inferred
Westminster,2021-05-31,12.0,15.0,17.0,18.0,19.0,20.0,22.0,23.0,24.0,25.0,26.0,28.0,32.0,inferred
Westminster,2021-06-01,14.0,17.0,19.0,20.0,20.0,22.0,23.0,25.0,26.0,27.0,28.0,31.0,36.0,inferred
Westminster,2021-06-02,16.0,19.0,21.0,22.0,23.0,24.0,26.0,27.0,29.0,30.0,31.0,34.0,38.0,inferred
Westminster,2021-06-03,16.0,19.0,22.0,22.0,23.0,25.0,26.0,28.0,29.0,30.0,31.0,34.0,39.0,inferred
Westminster,2021-06-04,15.0,18.0,21.0,21.0,22.0,24.0,25.0,27.0,28.0,29.0,30.0,33.0,37.0,inferred
Westminster,2021-06-05,13.0,16.0,18.0,19.0,20.0,21.0,22.0,24.0,25.0,26.0,27.0,29.0,34.0,inferred
Westminster,2021-06-06,17.0,20.0,23.0,24.0,25.0,26.0,28.0,29.0,31.0,32.0,33.0,36.0,40.0,inferred
Westminster,2021-06-07,25.0,30.0,32.0,33.0,34.0,36.0,38.0,40.0,42.0,43.0,44.0,47.0,54.0,inferred
Westminster,2021-06-08,26.0,31.0,33.0,34.8,35.7,37.0,39.0,41.0,43.0,44.0,45.0,48.0,53.0,inferred
Westminster,2021-06-09,27.0,31.0,34.0,35.0,36.7,38.0,40.0,42.0,44.0,45.0,46.0,49.0,55.0,inferred
Westminster,2021-06-10,25.0,29.0,32.0,33.0,34.0,36.0,38.0,40.0,41.3,43.0,44.0,47.0,53.0,inferred
Westminster,2021-06-11,21.0,26.0,28.0,29.0,30.0,32.0,34.0,35.0,37.0,38.0,39.0,42.0,47.0,inferred
Westminster,2021-06-12,18.0,21.0,23.0,24.0,25.0,27.0,28.0,30.0,31.0,32.0,33.0,36.0,41.0,inferred
Westminster,2021-06-13,21.0,25.0,27.0,28.0,29.0,31.0,32.0,34.0,35.0,36.0,37.0,40.0,46.0,inferred
Westminster,2021-06-14,29.0,33.0,36.0,37.0,38.0,40.0,42.0,44.0,46.0,47.0,48.0,52.0,57.0,inferred
Westminster,2021-06-15,28.5,33.0,35.0,37.0,38.0,40.0,42.0,44.0,46.0,47.0,48.0,52.0,58.0,inferred
Westminster,2021-06-16,29.0,34.0,37.0,38.0,39.0,41.0,43.0,45.0,47.0,48.0,50.0,53.0,60.0,inferred
Westminster,2021-06-17,27.0,32.0,35.0,36.0,37.0,39.0,41.0,43.0,45.0,46.0,48.0,51.1,57.0,inferred
Westminster,2021-06-18,24.0,28.0,31.0,32.0,33.0,35.0,36.0,38.0,40.0,41.0,43.0,46.0,51.5,inferred
Wigan,2021-03-06,20.5,25.0,29.0,30.0,31.0,33.0,34.0,36.0,38.3,40.0,41.0,44.0,51.0,inferred
Wigan,2021-03-07,27.0,31.0,34.0,35.0,36.0,38.0,40.0,42.0,45.0,46.0,47.0,51.0,57.0,inferred
Wigan,2021-03-08,37.0,42.0,45.0,47.0,48.0,50.0,53.0,55.0,58.0,59.0,61.0,65.0,72.0,inferred
Wigan,2021-03-09,36.0,41.0,45.0,46.0,47.0,50.0,52.0,55.0,57.0,59.0,60.0,65.0,71.5,inferred
Wigan,2021-03-10,36.5,41.0,45.0,47.0,48.0,50.0,52.0,55.0,57.0,59.0,61.0,65.0,72.0,inferred
Wigan,2021-03-11,34.0,39.9,43.0,44.0,46.0,48.0,50.0,53.0,55.0,57.0,59.0,63.0,69.0,inferred
Wigan,2021-03-12,28.0,34.0,37.0,39.0,40.0,42.0,44.0,46.0,49.0,50.0,52.0,56.0,63.0,inferred
Wigan,2021-03-13,22.0,26.0,29.0,31.0,32.0,33.0,35.0,37.0,39.0,40.0,41.0,45.0,51.0,inferred
Wigan,2021-03-14,25.0,30.0,34.0,35.0,36.0,39.0,41.0,43.0,45.0,47.0,48.0,52.0,58.0,inferred
Wigan,2021-03-15,34.0,40.0,44.0,45.0,47.0,49.0,52.0,55.0,57.0,59.0,61.0,65.0,72.0,inferred
Wigan,2021-03-16,34.0,40.0,44.0,45.0,47.0,49.0,52.0,54.0,56.0,58.0,59.0,64.0,73.0,inferred
Wigan,2021-03-17,34.0,40.0,44.0,45.0,47.0,49.0,51.0,54.0,56.0,58.0,60.0,64.0,71.0,inferred
Wigan,2021-03-18,33.0,38.0,41.0,42.0,43.0,46.0,48.0,51.0,54.0,55.0,57.0,61.0,68.5,inferred
Wigan,2021-03-19,27.0,32.0,36.0,37.0,38.0,41.0,43.0,45.0,48.0,49.0,51.0,54.0,60.0,inferred
Wigan,2021-03-20,20.5,24.0,28.0,29.0,30.0,32.0,34.0,36.0,38.0,39.0,40.0,43.0,49.0,inferred
Wigan,2021-03-21,25.0,29.0,32.0,33.0,35.0,37.0,39.0,41.0,43.0,44.0,46.0,50.0,57.0,inferred
Wigan,2021-03-22,31.0,38.0,42.0,43.0,44.7,47.0,50.0,52.0,55.0,56.0,58.0,62.0,69.0,inferred
Wigan,2021-03-23,32.0,37.0,40.0,41.0,42.0,45.0,47.0,50.0,52.0,53.0,55.0,60.0,67.0,inferred
Wigan,2021-03-24,29.0,34.0,38.0,40.0,41.0,43.0,45.0,48.0,50.0,52.0,53.0,58.0,65.0,inferred
Wigan,2021-03-25,25.0,30.0,33.0,34.0,35.0,38.0,40.0,42.0,44.0,46.0,48.0,52.0,59.0,inferred
Wigan,2021-03-26,20.0,25.0,28.0,29.0,30.0,32.0,34.0,35.0,38.0,39.0,41.0,44.0,50.5,inferred
Wigan,2021-03-27,14.0,18.0,20.0,21.0,22.0,23.0,25.0,27.0,29.0,29.2,31.0,34.0,39.0,inferred
Wigan,2021-03-28,16.0,19.0,22.0,23.0,24.0,26.0,28.0,29.0,31.0,32.0,34.0,37.0,42.0,inferred
Wigan,2021-03-29,20.0,24.0,28.0,29.0,30.0,32.0,34.0,36.0,38.0,39.0,40.0,45.0,51.0,inferred
Wigan,2021-03-30,18.0,22.0,25.0,26.0,27.0,29.0,31.0,33.0,34.0,36.0,37.0,41.0,47.0,inferred
Wigan,2021-03-31,18.0,22.0,24.0,25.0,26.0,28.0,30.0,32.0,33.3,35.0,36.0,40.0,46.0,inferred
Wigan,2021-04-01,15.5,19.0,22.0,23.0,24.0,25.0,27.0,29.0,31.0,32.0,33.0,37.0,41.0,inferred
Wigan,2021-04-02,12.0,16.0,18.0,19.0,20.0,21.0,23.0,24.0,26.0,27.0,29.0,31.0,36.0,inferred
Wigan,2021-04-03,8.0,11.0,13.0,14.0,15.0,16.0,17.0,18.0,20.0,21.0,22.0,25.0,29.0,inferred
Wigan,2021-04-04,10.0,13.0,15.0,16.0,16.0,18.0,19.0,21.0,22.0,23.0,24.0,27.0,32.0,inferred
Wigan,2021-04-05,13.0,16.0,19.0,20.0,21.0,22.0,24.0,25.0,27.0,28.0,29.0,32.0,37.0,inferred
Wigan,2021-04-06,11.0,15.0,18.0,19.0,20.0,22.0,23.0,25.0,26.0,27.0,29.0,32.0,37.0,inferred
Wigan,2021-04-07,12.0,15.0,17.0,18.0,19.0,20.0,22.0,24.0,25.0,26.0,27.0,30.0,35.0,inferred
Wigan,2021-04-08,9.0,13.0,15.0,16.0,17.0,18.0,20.0,21.0,23.0,24.0,25.0,28.0,33.0,inferred
Wigan,2021-04-09,8.0,11.0,13.0,14.0,14.0,16.0,17.0,18.0,20.0,21.0,22.0,25.0,30.0,inferred
Wigan,2021-04-10,5.0,8.0,10.0,10.0,11.0,12.0,13.0,14.0,16.0,16.0,17.0,19.0,25.0,inferred
Wigan,2021-04-11,6.0,9.0,11.0,11.0,12.0,13.0,14.0,16.0,17.0,18.0,19.0,21.0,26.0,inferred
Wigan,2021-04-12,9.0,11.0,13.0,14.0,15.0,16.0,18.0,19.0,21.0,22.0,23.0,26.0,31.0,inferred
Wigan,2021-04-13,7.5,10.0,13.0,13.0,14.0,16.0,17.0,18.0,20.0,21.0,22.0,24.0,29.0,inferred
Wigan,2021-04-14,7.0,10.0,12.0,13.0,13.0,15.0,16.0,17.0,19.0,19.0,21.0,23.0,28.0,inferred
Wigan,2021-04-15,6.0,9.0,11.0,11.0,12.0,14.0,15.0,16.0,17.0,18.0,19.0,21.0,25.0,inferred
Wigan,2021-04-16,5.0,7.0,9.0,9.0,10.0,11.0,12.0,13.0,15.0,15.0,16.0,18.0,23.0,inferred
Wigan,2021-04-17,3.0,5.0,6.0,7.0,7.0,8.0,9.0,10.0,11.0,12.0,13.0,15.0,18.0,inferred
Wigan,2021-04-18,3.0,5.0,7.0,7.0,8.0,9.0,10.0,11.0,12.0,13.0,14.0,16.0,19.5,inferred
Wigan,2021-04-19,5.0,7.0,9.0,10.0,10.0,12.0,13.0,14.0,15.0,16.0,17.0,19.0,22.0,inferred
Wigan,2021-04-20,4.0,7.0,8.0,9.0,10.0,11.0,12.0,13.0,14.0,15.0,16.0,19.0,22.0,inferred
Wigan,2021-04-21,4.0,7.0,9.0,9.0,10.0,11.0,12.0,13.0,15.0,15.0,16.0,18.0,22.0,inferred
Wigan,2021-04-22,4.0,6.0,8.0,8.0,9.0,10.0,11.0,12.0,13.0,14.0,15.0,17.0,21.0,inferred
Wigan,2021-04-23,3.0,5.0,6.0,7.0,7.0,9.0,10.0,11.0,12.0,13.0,13.0,15.0,20.0,inferred
Wigan,2021-04-24,2.0,4.0,5.0,5.0,6.0,6.0,7.0,8.0,10.0,10.0,11.0,13.0,16.0,inferred
Wigan,2021-04-25,3.0,4.0,6.0,6.0,7.0,8.0,8.0,9.0,10.0,11.0,12.0,14.0,17.0,inferred
Wigan,2021-04-26,4.0,6.0,8.0,9.0,9.0,10.0,11.0,12.0,14.0,14.0,15.0,18.0,22.5,inferred
Wigan,2021-04-27,4.0,6.0,8.0,8.0,9.0,10.0,11.0,12.0,13.0,14.0,15.0,17.0,21.0,inferred
Wigan,2021-04-28,4.5,6.0,8.0,9.0,9.0,10.0,11.0,12.0,14.0,14.0,15.0,17.0,22.0,inferred
Wigan,2021-04-29,4.0,6.0,8.0,8.0,9.0,10.0,11.0,12.0,13.0,14.0,15.0,17.0,21.0,inferred
Wigan,2021-04-30,3.0,5.0,7.0,7.0,8.0,9.0,10.0,11.0,12.0,13.0,14.0,16.0,19.5,inferred
Wigan,2021-05-01,2.0,4.0,5.0,6.0,6.0,7.0,8.0,9.0,10.0,11.0,11.0,13.0,17.0,inferred
Wigan,2021-05-02,3.0,5.0,6.0,7.0,7.0,8.0,9.0,10.0,12.0,12.0,13.0,15.0,19.0,inferred
Wigan,2021-05-03,5.0,7.0,9.0,9.0,10.0,11.0,12.0,14.0,15.0,16.0,17.0,19.0,23.0,inferred
Wigan,2021-05-04,5.0,8.0,9.0,10.0,11.0,12.0,13.0,14.0,16.0,16.0,17.0,20.0,25.0,inferred
Wigan,2021-05-05,6.0,8.0,10.0,11.0,12.0,13.0,14.0,15.0,16.0,17.0,18.0,20.0,24.0,inferred
Wigan,2021-05-06,6.0,8.0,10.0,11.0,11.0,13.0,14.0,15.0,17.0,17.0,18.0,20.0,24.0,inferred
Wigan,2021-05-07,5.0,7.0,9.0,10.0,10.0,11.0,13.0,14.0,15.0,16.0,17.0,19.0,23.0,inferred
Wigan,2021-05-08,4.0,6.0,7.0,8.0,8.0,9.0,11.0,12.0,13.0,13.0,14.0,17.0,20.5,inferred
Wigan,2021-05-09,5.0,7.0,9.0,10.0,11.0,12.0,13.0,14.0,16.0,16.0,17.0,20.0,24.0,inferred
Wigan,2021-05-10,8.0,11.0,13.0,14.0,14.0,16.0,17.0,19.0,20.0,21.0,22.0,25.0,29.0,inferred
Wigan,2021-05-11,8.0,11.0,13.0,14.0,15.0,17.0,18.0,19.0,21.0,22.0,23.0,25.0,29.5,inferred
Wigan,2021-05-12,8.0,11.0,14.0,14.0,15.0,16.6,18.0,20.0,21.0,22.0,24.0,26.0,31.0,inferred
Wigan,2021-05-13,9.0,11.9,14.0,14.0,15.0,17.0,18.0,19.0,21.0,22.0,23.0,25.0,30.0,inferred
Wigan,2021-05-14,7.0,10.0,12.0,13.0,14.0,15.0,16.0,18.0,19.0,20.0,21.0,24.0,28.0,inferred
Wigan,2021-05-15,5.0,8.0,10.0,10.0,11.0,12.0,13.0,15.0,16.0,17.0,18.0,20.0,24.0,inferred
Wigan,2021-05-16,8.0,10.0,12.0,13.0,13.0,15.0,16.0,18.0,19.0,20.0,21.0,24.0,28.0,inferred
Wigan,2021-05-17,11.0,15.0,17.0,18.0,19.0,20.0,22.0,23.0,25.0,26.0,27.0,30.0,36.0,inferred
Wigan,2021-05-18,12.0,16.0,18.0,19.0,20.0,22.0,23.0,25.0,26.0,27.0,28.0,32.0,37.0,inferred
Wigan,2021-05-19,14.0,17.0,20.0,21.0,22.0,24.0,25.0,27.0,29.0,30.0,31.0,35.0,41.0,inferred
Wigan,2021-05-20,14.0,18.0,21.0,22.0,23.0,24.0,26.0,28.0,30.0,31.0,32.0,35.0,41.0,inferred
Wigan,2021-05-21,14.0,17.0,19.0,20.0,21.0,23.0,25.0,27.0,29.0,30.0,31.0,34.0,39.0,inferred
Wigan,2021-05-22,11.0,14.0,16.0,17.0,18.0,20.0,21.0,23.0,24.0,25.0,26.0,29.0,33.0,inferred
Wigan,2021-05-23,15.0,18.0,21.0,22.0,23.0,24.0,26.0,28.0,30.0,31.0,32.0,35.0,39.0,inferred
Wigan,2021-05-24,22.0,26.0,29.0,31.0,32.0,34.0,36.0,38.0,40.0,42.0,43.0,47.0,53.0,inferred
Wigan,2021-05-25,24.0,28.0,31.0,33.0,34.0,36.0,38.0,41.0,43.0,45.0,46.0,50.0,57.0,inferred
Wigan,2021-05-26,27.0,32.0,36.0,37.0,39.0,41.0,43.0,45.0,47.0,49.0,50.0,54.0,62.0,inferred
Wigan,2021-05-27,29.0,34.0,37.0,39.0,40.0,42.0,44.0,47.0,49.0,51.0,52.0,57.0,64.0,inferred
Wigan,2021-05-28,29.0,33.0,36.0,38.0,39.0,41.0,44.0,46.0,48.0,50.0,51.0,55.0,62.0,inferred
Wigan,2021-05-29,24.0,28.0,31.0,32.0,33.0,35.0,37.0,39.0,42.0,43.0,45.0,49.0,55.0,inferred
Wigan,2021-05-30,30.0,36.0,40.0,42.0,43.0,45.0,47.0,50.0,52.0,54.0,55.0,60.0,67.0,inferred
Wigan,2021-05-31,46.5,53.0,57.0,59.0,60.0,64.0,66.0,69.0,72.0,74.0,76.0,81.0,91.5,inferred
Wigan,2021-06-01,51.0,58.0,63.0,65.0,67.0,70.0,73.0,75.0,79.0,81.0,83.0,88.0,97.0,inferred
Wigan,2021-06-02,58.0,66.0,71.0,73.0,74.0,77.0,81.0,84.0,88.0,90.0,92.0,97.0,105.0,inferred
Wigan,2021-06-03,61.0,69.0,74.0,76.0,78.0,81.0,84.0,87.0,91.0,92.2,95.0,101.0,110.5,inferred
Wigan,2021-06-04,60.5,67.0,72.0,74.0,76.0,79.0,82.0,85.0,88.0,90.0,92.0,98.0,106.0,inferred
Wigan,2021-06-05,51.0,57.0,62.0,63.0,65.0,68.0,71.0,73.0,76.0,78.0,80.0,85.1,94.0,inferred
Wigan,2021-06-06,65.0,73.0,79.0,81.0,83.0,86.0,88.0,92.0,95.0,97.0,99.0,104.0,112.0,inferred
Wigan,2021-06-07,94.0,104.0,110.0,112.0,115.0,119.0,122.0,126.0,130.0,132.0,134.0,141.0,152.0,inferred
Wigan,2021-06-08,99.0,109.0,114.0,116.8,119.0,123.0,127.0,130.0,135.0,137.0,140.0,147.0,158.0,inferred
Wigan,2021-06-09,103.5,114.0,120.0,123.0,125.0,129.0,134.0,137.0,142.0,144.0,147.0,153.0,164.5,inferred
Wigan,2021-06-10,103.5,113.0,119.0,122.0,124.0,128.0,132.0,136.0,140.0,142.0,145.0,152.0,162.0,inferred
Wigan,2021-06-11,95.0,102.0,108.0,110.0,112.0,117.0,121.0,125.0,129.0,131.0,134.2,142.0,153.0,inferred
Wigan,2021-06-12,75.0,83.0,88.0,90.0,92.0,96.0,99.0,102.0,106.0,108.0,110.0,117.0,126.0,inferred
Wigan,2021-06-13,91.0,100.0,106.0,109.0,111.0,115.0,119.0,122.0,126.0,128.0,130.0,138.0,148.5,inferred
Wigan,2021-06-14,126.0,137.0,144.0,147.0,149.0,153.0,157.0,161.0,166.0,169.0,172.0,180.0,193.0,inferred
Wigan,2021-06-15,129.0,139.0,147.0,150.0,152.0,157.0,162.0,166.0,171.0,173.0,177.0,185.0,196.0,inferred
Wigan,2021-06-16,134.0,144.0,151.0,154.0,157.0,161.0,166.0,171.0,176.0,179.0,181.0,190.0,205.0,inferred
Wigan,2021-06-17,128.0,141.0,148.0,151.0,154.0,159.0,164.0,168.0,173.0,176.0,180.0,188.0,200.0,inferred
Wigan,2021-06-18,114.5,126.0,133.0,136.0,139.0,144.0,149.0,153.0,158.0,161.0,164.0,172.0,183.0,inferred
Wiltshire,2021-03-06,9.0,12.0,14.0,15.0,15.0,16.0,18.0,19.0,21.0,22.0,23.0,25.0,30.0,inferred
Wiltshire,2021-03-07,14.0,17.0,20.0,21.0,21.0,23.0,24.0,26.0,28.0,29.0,30.0,33.0,38.0,inferred
Wiltshire,2021-03-08,17.0,21.0,24.0,25.0,26.0,28.0,29.0,31.0,33.0,34.0,36.0,39.0,44.0,inferred
Wiltshire,2021-03-09,13.0,17.0,19.0,20.0,21.0,22.0,24.0,26.0,27.0,28.0,30.0,32.0,38.0,inferred
Wiltshire,2021-03-10,15.0,19.0,21.0,22.0,23.0,25.0,27.0,28.0,31.0,32.0,33.0,36.0,41.0,inferred
Wiltshire,2021-03-11,13.0,16.0,18.0,19.0,20.0,22.0,24.0,25.0,27.0,28.0,29.0,32.0,37.0,inferred
Wiltshire,2021-03-12,10.0,13.0,15.0,16.0,16.0,18.0,19.0,20.0,22.0,23.0,24.0,27.0,31.0,inferred
Wiltshire,2021-03-13,6.0,8.0,10.0,11.0,11.0,12.0,14.0,15.0,16.0,17.0,18.0,21.0,25.0,inferred
Wiltshire,2021-03-14,9.0,12.0,14.0,15.0,15.0,17.0,18.0,19.0,21.0,22.0,23.0,25.0,30.0,inferred
Wiltshire,2021-03-15,11.0,14.0,17.0,18.0,19.0,20.0,22.0,23.0,25.0,26.0,27.0,30.0,34.0,inferred
Wiltshire,2021-03-16,9.0,12.0,14.0,15.0,15.0,17.0,18.0,20.0,21.0,22.0,23.0,26.0,31.0,inferred
Wiltshire,2021-03-17,11.0,14.0,17.0,17.0,18.0,20.0,21.0,23.0,24.0,25.0,26.0,29.0,33.0,inferred
Wiltshire,2021-03-18,9.0,13.0,15.0,16.0,17.0,18.0,19.0,21.0,22.0,23.0,24.0,27.0,31.0,inferred
Wiltshire,2021-03-19,8.0,11.0,13.0,13.0,14.0,16.0,17.0,18.0,19.0,20.0,21.0,24.0,27.0,inferred
Wiltshire,2021-03-20,5.0,7.0,9.0,10.0,10.0,11.0,12.0,13.0,15.0,15.0,16.0,18.0,22.0,inferred
Wiltshire,2021-03-21,8.0,11.0,12.0,13.0,14.0,15.0,16.0,18.0,19.0,20.0,21.0,24.0,28.0,inferred
Wiltshire,2021-03-22,10.0,14.0,16.0,17.0,18.0,20.0,21.0,22.0,24.0,25.0,26.0,29.0,34.0,inferred
Wiltshire,2021-03-23,8.0,11.0,13.0,14.0,15.0,16.0,17.0,19.0,20.0,21.0,22.0,24.0,29.0,inferred
Wiltshire,2021-03-24,10.0,13.0,15.0,16.0,17.0,18.0,20.0,21.0,23.0,24.0,25.0,28.0,32.0,inferred
Wiltshire,2021-03-25,9.0,12.0,13.0,14.0,15.0,16.0,18.0,19.0,21.0,21.0,22.0,25.0,29.5,inferred
Wiltshire,2021-03-26,6.0,9.0,10.0,11.0,12.0,13.0,14.0,15.0,17.0,18.0,19.0,21.0,25.0,inferred
Wiltshire,2021-03-27,4.0,6.0,7.0,8.0,8.0,9.0,10.0,11.0,13.0,13.0,14.0,16.0,20.0,inferred
Wiltshire,2021-03-28,6.0,9.0,10.0,11.0,12.0,13.0,14.0,15.0,16.0,17.0,18.0,20.0,24.0,inferred
Wiltshire,2021-03-29,8.0,11.0,12.0,13.0,14.0,15.0,17.0,18.0,20.0,21.0,21.0,24.0,28.0,inferred
Wiltshire,2021-03-30,6.0,8.0,10.0,10.0,11.0,12.0,13.0,15.0,16.0,17.0,18.0,20.0,24.0,inferred
Wiltshire,2021-03-31,7.0,10.0,11.0,12.0,13.0,14.0,16.0,17.0,18.0,19.0,20.0,23.0,27.0,inferred
Wiltshire,2021-04-01,6.0,8.0,10.0,11.0,12.0,13.0,14.0,15.0,17.0,17.2,18.0,21.0,24.5,inferred
Wiltshire,2021-04-02,5.0,7.0,8.0,9.0,9.0,11.0,12.0,13.0,14.0,15.0,15.0,17.0,22.0,inferred
Wiltshire,2021-04-03,3.0,4.0,6.0,6.0,7.0,7.0,8.0,9.0,10.0,11.0,11.0,13.0,16.0,inferred
Wiltshire,2021-04-04,4.0,6.0,8.0,8.0,9.0,10.0,11.0,12.0,14.0,14.0,15.0,17.0,20.0,inferred
Wiltshire,2021-04-05,5.0,8.0,10.0,10.0,11.0,12.0,13.0,15.0,16.0,17.0,18.0,20.0,24.0,inferred
Wiltshire,2021-04-06,4.0,6.0,8.0,8.0,9.0,10.0,11.0,12.0,13.0,14.0,15.0,17.0,21.0,inferred
Wiltshire,2021-04-07,5.0,7.0,9.0,9.0,10.0,11.0,13.0,14.0,15.0,15.2,17.0,19.0,22.0,inferred
Wiltshire,2021-04-08,4.0,6.0,8.0,8.0,9.0,10.0,11.0,12.0,13.0,14.0,15.0,17.0,21.0,inferred
Wiltshire,2021-04-09,3.0,5.0,6.0,7.0,7.0,8.0,9.0,10.0,11.0,12.0,12.0,14.0,17.0,inferred
Wiltshire,2021-04-10,2.0,3.0,4.0,5.0,5.0,6.0,7.0,7.0,8.0,9.0,9.0,11.0,15.0,inferred
Wiltshire,2021-04-11,3.0,5.0,6.0,7.0,7.0,8.0,9.0,10.0,11.0,12.0,12.0,14.0,17.0,inferred
Wiltshire,2021-04-12,4.0,6.0,8.0,8.0,9.0,10.0,11.0,12.0,13.0,14.0,15.0,17.0,20.5,inferred
Wiltshire,2021-04-13,3.0,5.0,6.0,7.0,8.0,9.0,9.0,10.0,11.0,12.0,13.0,15.0,18.0,inferred
Wiltshire,2021-04-14,4.0,6.0,8.0,8.0,9.0,10.0,11.0,12.0,13.0,14.0,15.0,17.0,20.0,inferred
Wiltshire,2021-04-15,3.0,5.0,7.0,7.0,8.0,9.0,10.0,11.0,12.0,13.0,14.0,16.0,19.0,inferred
Wiltshire,2021-04-16,3.0,4.0,6.0,6.0,7.0,8.0,8.0,9.0,10.0,11.0,12.0,13.0,17.0,inferred
Wiltshire,2021-04-17,2.0,3.0,4.0,4.0,5.0,5.0,6.0,7.0,8.0,8.0,9.0,11.0,13.5,inferred
Wiltshire,2021-04-18,3.0,4.0,6.0,6.0,7.0,8.0,9.0,10.0,11.0,11.0,12.0,14.0,17.0,inferred
Wiltshire,2021-04-19,4.0,6.0,7.0,8.0,9.0,10.0,11.0,12.0,13.0,14.0,14.0,16.0,20.0,inferred
Wiltshire,2021-04-20,3.0,5.0,6.0,7.0,7.0,8.0,9.0,10.0,11.0,12.0,13.0,15.0,18.0,inferred
Wiltshire,2021-04-21,4.0,6.0,8.0,8.0,9.0,10.0,11.0,12.0,13.0,14.0,15.0,17.0,20.0,inferred
Wiltshire,2021-04-22,4.0,6.0,7.0,8.0,8.0,9.0,11.0,12.0,13.0,13.0,14.0,16.0,19.0,inferred
Wiltshire,2021-04-23,3.0,5.0,6.0,6.0,7.0,8.0,9.0,10.0,11.0,12.0,12.0,14.0,17.0,inferred
Wiltshire,2021-04-24,2.0,3.0,4.0,5.0,5.0,6.0,7.0,8.0,9.0,9.0,10.0,11.0,15.0,inferred
Wiltshire,2021-04-25,3.0,5.0,6.0,7.0,7.0,8.0,9.0,10.0,11.0,12.0,13.0,15.0,18.0,inferred
Wiltshire,2021-04-26,4.0,7.0,8.0,9.0,10.0,11.0,12.0,13.0,14.0,15.0,16.0,18.0,22.0,inferred
Wiltshire,2021-04-27,3.0,5.0,7.0,7.0,8.0,9.0,10.0,11.0,12.0,13.0,13.0,16.0,19.0,inferred
Wiltshire,2021-04-28,4.0,6.0,8.0,9.0,9.0,10.0,11.0,12.0,13.0,14.0,15.0,17.0,21.0,inferred
Wiltshire,2021-04-29,4.0,6.0,7.0,8.0,8.0,9.0,10.0,11.0,12.0,13.0,14.0,16.0,20.0,inferred
Wiltshire,2021-04-30,3.0,4.0,6.0,6.0,7.0,8.0,8.0,9.0,10.0,11.0,12.0,13.1,17.0,inferred
Wiltshire,2021-05-01,1.0,3.0,4.0,4.0,5.0,5.0,6.0,7.0,8.0,9.0,9.0,11.0,13.5,inferred
Wiltshire,2021-05-02,2.0,4.0,5.0,6.0,6.0,7.0,8.0,9.0,10.0,11.0,12.0,13.0,17.0,inferred
Wiltshire,2021-05-03,3.0,6.0,7.0,8.0,8.0,9.0,10.0,11.0,12.0,13.0,14.0,16.0,20.0,inferred
Wiltshire,2021-05-04,3.0,5.0,6.0,6.0,7.0,8.0,9.0,10.0,11.0,12.0,12.0,14.0,18.0,inferred
Wiltshire,2021-05-05,3.0,5.0,7.0,7.0,8.0,9.0,10.0,11.0,12.0,13.0,14.0,16.0,19.0,inferred
Wiltshire,2021-05-06,3.0,5.0,6.0,7.0,7.0,8.0,9.0,10.0,11.0,12.0,12.0,15.0,18.0,inferred
Wiltshire,2021-05-07,2.0,3.0,5.0,5.0,6.0,6.6,7.0,8.0,9.0,10.0,10.0,12.0,15.0,inferred
Wiltshire,2021-05-08,1.0,2.0,3.0,3.0,4.0,5.0,5.0,6.0,7.0,7.0,8.0,10.0,12.0,inferred
Wiltshire,2021-05-09,2.0,3.0,4.0,5.0,5.0,6.0,7.0,8.0,9.0,9.0,10.0,12.0,15.0,inferred
Wiltshire,2021-05-10,3.0,4.0,6.0,6.0,7.0,8.0,9.0,9.0,10.0,11.0,12.0,14.0,17.0,inferred
Wiltshire,2021-05-11,2.0,3.0,4.0,5.0,5.0,6.0,7.0,8.0,9.0,9.0,10.0,12.0,14.0,inferred
Wiltshire,2021-05-12,2.0,4.0,5.0,6.0,6.0,7.0,8.0,9.0,10.0,10.0,11.0,13.0,16.0,inferred
Wiltshire,2021-05-13,1.0,3.0,4.0,5.0,5.0,6.0,7.0,8.0,9.0,9.0,10.0,12.0,15.0,inferred
Wiltshire,2021-05-14,1.0,2.0,3.0,3.0,4.0,5.0,5.0,6.0,7.0,7.0,8.0,9.0,12.0,inferred
Wiltshire,2021-05-15,0.0,1.0,2.0,2.0,3.0,3.0,4.0,5.0,5.0,6.0,6.0,8.0,10.0,inferred
Wiltshire,2021-05-16,1.0,2.0,3.0,3.0,4.0,4.0,5.0,6.0,7.0,7.0,7.0,9.0,11.0,inferred
Wiltshire,2021-05-17,1.0,2.0,4.0,4.0,4.0,5.0,6.0,7.0,8.0,8.0,9.0,10.0,14.0,inferred
Wiltshire,2021-05-18,1.0,2.0,3.0,3.0,4.0,4.0,5.0,6.0,7.0,7.0,8.0,9.0,12.0,inferred
Wiltshire,2021-05-19,1.0,2.0,4.0,4.0,4.0,5.0,6.0,7.0,8.0,8.0,9.0,11.0,14.0,inferred
Wiltshire,2021-05-20,1.0,2.0,3.0,4.0,4.0,5.0,5.0,6.0,7.0,8.0,8.0,10.0,13.0,inferred
Wiltshire,2021-05-21,1.0,2.0,2.8,3.0,3.0,4.0,5.0,5.0,6.0,7.0,7.0,8.0,10.0,inferred
Wiltshire,2021-05-22,0.0,1.0,2.0,2.0,2.0,3.0,3.0,4.0,5.0,5.0,5.0,7.0,9.0,inferred
Wiltshire,2021-05-23,1.0,2.0,3.0,3.0,4.0,4.0,5.0,6.0,7.0,7.0,7.0,9.0,12.0,inferred
Wiltshire,2021-05-24,1.0,3.0,4.0,4.0,5.0,5.0,6.0,7.0,8.0,8.0,9.0,11.0,14.0,inferred
Wiltshire,2021-05-25,1.0,2.0,3.0,4.0,4.0,5.0,6.0,6.0,7.0,8.0,8.0,10.0,13.0,inferred
Wiltshire,2021-05-26,2.0,3.0,5.0,5.0,5.0,6.0,7.0,8.0,9.0,10.0,10.0,12.0,15.0,inferred
Wiltshire,2021-05-27,2.0,4.0,5.0,5.0,6.0,6.0,7.0,8.0,9.0,10.0,10.0,12.0,15.0,inferred
Wiltshire,2021-05-28,1.0,3.0,4.0,5.0,5.0,6.0,7.0,7.0,8.0,9.0,9.0,11.0,14.0,inferred
Wiltshire,2021-05-29,1.0,2.0,3.0,3.0,4.0,4.0,5.0,6.0,7.0,7.0,8.0,10.0,12.0,inferred
Wiltshire,2021-05-30,2.0,4.0,5.0,5.0,6.0,7.0,8.0,9.0,10.0,10.0,11.0,13.0,16.0,inferred
Wiltshire,2021-05-31,4.0,6.0,7.0,8.0,9.0,10.0,11.0,12.0,13.0,13.0,14.0,17.0,20.0,inferred
Wiltshire,2021-06-01,4.0,5.0,7.0,7.0,8.0,9.0,10.0,11.0,12.0,13.0,13.0,16.0,19.0,inferred
Wiltshire,2021-06-02,6.0,8.0,10.0,10.0,11.0,12.0,13.0,14.0,16.0,17.0,17.0,20.0,24.0,inferred
Wiltshire,2021-06-03,6.0,8.0,10.0,11.0,11.0,13.0,14.0,15.0,16.0,17.0,18.0,20.0,25.0,inferred
Wiltshire,2021-06-04,5.0,8.0,9.0,10.0,11.0,12.0,13.0,14.0,16.0,16.0,17.0,20.0,24.0,inferred
Wiltshire,2021-06-05,4.0,6.0,8.0,8.0,9.0,10.0,11.0,12.0,13.0,14.0,15.0,17.0,21.0,inferred
Wiltshire,2021-06-06,8.5,11.0,13.0,13.0,14.0,16.0,17.0,18.0,20.0,20.0,21.0,24.0,28.0,inferred
Wiltshire,2021-06-07,13.0,16.0,18.0,19.0,20.0,22.0,23.0,25.0,27.0,28.0,29.0,32.0,37.0,inferred
Wiltshire,2021-06-08,12.0,15.0,17.0,18.0,19.0,20.0,22.0,24.0,25.0,26.0,27.0,30.0,35.0,inferred
Wiltshire,2021-06-09,15.5,19.9,22.0,23.0,24.0,26.0,28.0,30.0,31.0,32.0,34.0,37.0,42.5,inferred
Wiltshire,2021-06-10,16.0,20.0,22.0,23.0,24.0,26.0,27.0,29.0,31.0,32.0,33.0,36.0,42.0,inferred
Wiltshire,2021-06-11,14.0,17.0,20.0,21.0,22.0,23.0,25.0,26.0,28.0,29.0,31.0,34.0,39.0,inferred
Wiltshire,2021-06-12,10.0,14.0,16.0,17.0,18.0,19.0,20.0,22.0,23.0,24.0,25.0,28.0,32.0,inferred
Wiltshire,2021-06-13,17.0,21.0,24.0,25.0,26.0,28.0,30.0,32.0,33.0,34.0,36.0,39.0,45.0,inferred
Wiltshire,2021-06-14,25.0,30.0,33.0,34.0,36.0,37.0,39.0,42.0,44.0,45.0,47.0,50.0,57.0,inferred
Wiltshire,2021-06-15,22.0,26.0,29.0,31.0,31.0,33.0,35.0,37.0,40.0,41.0,42.0,46.0,52.0,inferred
Wiltshire,2021-06-16,28.0,34.0,37.0,38.0,40.0,42.0,44.0,46.0,49.0,50.0,52.0,55.0,62.5,inferred
Wiltshire,2021-06-17,27.0,32.0,36.0,37.0,38.0,40.0,43.0,45.0,47.0,49.0,50.0,55.0,60.0,inferred
Wiltshire,2021-06-18,22.0,27.0,31.0,32.0,34.0,36.0,38.0,40.0,43.0,44.0,46.0,50.0,57.0,inferred
Winchester,2021-03-06,0.0,1.0,1.0,2.0,2.0,2.0,3.0,4.0,4.0,5.0,5.0,7.0,10.0,inferred
Winchester,2021-03-07,0.0,1.0,2.0,2.0,2.0,3.0,4.0,5.0,6.0,6.0,7.0,9.0,12.0,inferred
Winchester,2021-03-08,1.0,2.0,3.0,3.0,3.0,4.0,5.0,6.0,7.0,7.0,8.0,10.0,14.0,inferred
Winchester,2021-03-09,0.0,1.0,2.0,3.0,3.0,4.0,5.0,6.0,7.0,7.0,8.0,10.0,13.0,inferred
Winchester,2021-03-10,1.0,2.0,3.0,3.0,4.0,4.0,5.0,6.0,7.0,8.0,8.0,10.0,14.0,inferred
Winchester,2021-03-11,0.0,1.0,2.0,3.0,3.0,4.0,5.0,6.0,7.0,8.0,8.0,10.0,14.0,inferred
Winchester,2021-03-12,0.0,1.0,2.0,2.0,3.0,4.0,4.0,5.0,6.0,7.0,7.0,9.0,13.0,inferred
Winchester,2021-03-13,0.0,1.0,1.0,2.0,2.0,3.0,3.0,4.0,5.0,6.0,6.0,8.0,12.0,inferred
Winchester,2021-03-14,0.0,1.0,2.0,2.0,3.0,4.0,4.0,5.0,6.0,7.0,7.0,9.0,14.0,inferred
Winchester,2021-03-15,1.0,2.0,3.0,4.0,4.0,5.0,6.0,7.0,8.0,8.0,9.0,11.0,15.0,inferred
Winchester,2021-03-16,0.0,2.0,3.0,3.0,4.0,4.0,5.0,6.0,7.0,8.0,9.0,11.0,15.0,inferred
Winchester,2021-03-17,1.0,2.0,3.0,3.0,4.0,5.0,6.0,6.0,8.0,8.0,9.0,11.0,15.0,inferred
Winchester,2021-03-18,0.0,2.0,3.0,3.0,3.0,4.0,5.0,6.0,7.0,8.0,9.0,11.0,14.0,inferred
Winchester,2021-03-19,0.0,1.0,2.0,2.0,3.0,4.0,4.0,5.0,6.0,7.0,8.0,9.0,12.0,inferred
Winchester,2021-03-20,0.0,1.0,1.0,2.0,2.0,3.0,3.0,4.0,5.0,5.0,6.0,8.0,11.5,inferred
Winchester,2021-03-21,0.0,1.0,2.0,2.0,3.0,3.0,4.0,5.0,6.0,6.0,7.0,9.0,12.0,inferred
Winchester,2021-03-22,0.0,1.0,2.0,3.0,3.0,4.0,5.0,6.0,7.0,7.0,8.0,10.0,13.0,inferred
Winchester,2021-03-23,0.0,1.0,2.0,3.0,3.0,4.0,4.0,5.0,6.0,7.0,7.0,9.0,13.0,inferred
Winchester,2021-03-24,0.0,1.0,2.0,3.0,3.0,4.0,4.0,5.0,6.0,7.0,7.0,9.0,13.0,inferred
Winchester,2021-03-25,0.0,1.0,2.0,2.0,2.0,3.0,4.0,5.0,6.0,6.0,7.0,8.0,12.0,inferred
Winchester,2021-03-26,0.0,0.0,1.0,1.0,2.0,2.0,3.0,4.0,5.0,5.0,6.0,7.0,10.0,inferred
Winchester,2021-03-27,0.0,0.0,1.0,1.0,1.0,2.0,2.0,3.0,4.0,4.0,4.0,6.0,9.0,inferred
Winchester,2021-03-28,0.0,0.0,1.0,1.0,1.0,2.0,2.0,3.0,4.0,4.0,5.0,6.0,9.5,inferred
Winchester,2021-03-29,0.0,0.0,1.0,1.0,2.0,2.0,3.0,4.0,4.3,5.0,6.0,7.0,11.0,inferred
Winchester,2021-03-30,0.0,0.0,1.0,1.0,1.0,2.0,3.0,3.0,4.0,5.0,5.0,7.0,10.0,inferred
Winchester,2021-03-31,0.0,0.0,1.0,1.0,2.0,2.0,3.0,3.0,4.0,5.0,5.0,7.0,10.0,inferred
Winchester,2021-04-01,0.0,0.0,1.0,1.0,1.0,2.0,2.0,3.0,4.0,4.0,5.0,7.0,9.0,inferred
Winchester,2021-04-02,0.0,0.0,1.0,1.0,1.0,2.0,2.0,3.0,3.0,4.0,4.0,6.0,8.5,inferred
Winchester,2021-04-03,0.0,0.0,0.0,0.0,1.0,1.0,1.0,2.0,3.0,3.0,3.0,5.0,7.0,inferred
Winchester,2021-04-04,0.0,0.0,0.0,1.0,1.0,1.0,2.0,2.0,3.0,3.0,4.0,5.0,8.0,inferred
Winchester,2021-04-05,0.0,0.0,1.0,1.0,1.0,2.0,2.0,3.0,3.0,4.0,4.0,6.0,8.5,inferred
Winchester,2021-04-06,0.0,0.0,1.0,1.0,1.0,1.0,2.0,3.0,3.0,4.0,4.0,6.0,9.0,inferred
Winchester,2021-04-07,0.0,0.0,1.0,1.0,1.0,1.0,2.0,3.0,3.0,4.0,4.0,6.0,9.0,inferred
Winchester,2021-04-08,0.0,0.0,0.0,1.0,1.0,1.0,2.0,2.0,3.0,3.0,4.0,5.0,8.0,inferred
Winchester,2021-04-09,0.0,0.0,0.0,0.0,1.0,1.0,1.0,2.0,3.0,3.0,3.0,5.0,7.0,inferred
Winchester,2021-04-10,0.0,0.0,0.0,0.0,0.0,1.0,1.0,2.0,2.0,2.0,3.0,4.0,7.0,inferred
Winchester,2021-04-11,0.0,0.0,0.0,0.0,1.0,1.0,1.0,2.0,2.0,3.0,3.0,5.0,7.5,inferred
Winchester,2021-04-12,0.0,0.0,0.0,1.0,1.0,1.0,2.0,2.0,3.0,3.0,4.0,5.0,7.0,inferred
Winchester,2021-04-13,0.0,0.0,0.0,0.0,1.0,1.0,1.0,2.0,3.0,3.0,4.0,5.0,7.0,inferred
Winchester,2021-04-14,0.0,0.0,0.0,1.0,1.0,1.0,2.0,2.0,3.0,3.0,4.0,5.0,7.0,inferred
Winchester,2021-04-15,0.0,0.0,0.0,0.0,1.0,1.0,1.0,2.0,2.0,3.0,3.0,5.0,7.0,inferred
Winchester,2021-04-16,0.0,0.0,0.0,0.0,0.0,1.0,1.0,2.0,2.0,3.0,3.0,4.0,7.0,inferred
Winchester,2021-04-17,0.0,0.0,0.0,0.0,0.0,0.0,1.0,1.0,2.0,2.0,2.0,4.0,6.0,inferred
Winchester,2021-04-18,0.0,0.0,0.0,0.0,0.0,1.0,1.0,2.0,2.0,2.0,3.0,4.0,7.0,inferred
Winchester,2021-04-19,0.0,0.0,0.0,0.0,1.0,1.0,1.0,2.0,3.0,3.0,4.0,5.0,8.0,inferred
Winchester,2021-04-20,0.0,0.0,0.0,0.0,1.0,1.0,1.0,2.0,3.0,3.0,3.0,5.0,7.0,inferred
Winchester,2021-04-21,0.0,0.0,0.0,0.0,1.0,1.0,1.0,2.0,3.0,3.0,3.0,5.0,8.0,inferred
Winchester,2021-04-22,0.0,0.0,0.0,0.0,0.0,1.0,1.0,2.0,2.0,3.0,3.0,4.0,7.0,inferred
Winchester,2021-04-23,0.0,0.0,0.0,0.0,0.0,1.0,1.0,2.0,2.0,2.0,3.0,4.0,7.0,inferred
Winchester,2021-04-24,0.0,0.0,0.0,0.0,0.0,0.0,1.0,1.0,2.0,2.0,2.0,4.0,6.0,inferred
Winchester,2021-04-25,0.0,0.0,0.0,0.0,0.0,1.0,1.0,1.0,2.0,2.0,3.0,4.0,6.0,inferred
Winchester,2021-04-26,0.0,0.0,0.0,0.0,0.0,1.0,1.0,2.0,2.0,3.0,3.0,4.0,7.0,inferred
Winchester,2021-04-27,0.0,0.0,0.0,0.0,0.0,1.0,1.0,2.0,2.0,3.0,3.0,4.0,7.0,inferred
Winchester,2021-04-28,0.0,0.0,0.0,0.0,0.0,1.0,1.0,2.0,2.0,3.0,3.0,4.0,7.0,inferred
Winchester,2021-04-29,0.0,0.0,0.0,0.0,0.0,1.0,1.0,1.0,2.0,2.0,3.0,4.0,6.0,inferred
Winchester,2021-04-30,0.0,0.0,0.0,0.0,0.0,0.0,1.0,1.0,2.0,2.0,3.0,4.0,6.0,inferred
Winchester,2021-05-01,0.0,0.0,0.0,0.0,0.0,0.0,1.0,1.0,1.0,2.0,2.0,3.0,5.0,inferred
Winchester,2021-05-02,0.0,0.0,0.0,0.0,0.0,0.0,1.0,1.0,2.0,2.0,2.0,3.0,6.0,inferred
Winchester,2021-05-03,0.0,0.0,0.0,0.0,0.0,1.0,1.0,1.0,2.0,2.0,3.0,4.0,6.0,inferred
Winchester,2021-05-04,0.0,0.0,0.0,0.0,0.0,1.0,1.0,1.0,2.0,2.0,2.0,4.0,6.0,inferred
Winchester,2021-05-05,0.0,0.0,0.0,0.0,0.0,1.0,1.0,1.0,2.0,2.0,2.0,4.0,6.0,inferred
Winchester,2021-05-06,0.0,0.0,0.0,0.0,0.0,0.0,1.0,1.0,2.0,2.0,2.0,4.0,6.0,inferred
Winchester,2021-05-07,0.0,0.0,0.0,0.0,0.0,0.0,1.0,1.0,1.0,2.0,2.0,3.0,5.0,inferred
Winchester,2021-05-08,0.0,0.0,0.0,0.0,0.0,0.0,0.0,1.0,1.0,1.0,2.0,3.0,5.0,inferred
Winchester,2021-05-09,0.0,0.0,0.0,0.0,0.0,0.0,1.0,1.0,1.0,2.0,2.0,3.0,6.0,inferred
Winchester,2021-05-10,0.0,0.0,0.0,0.0,0.0,0.0,1.0,1.0,2.0,2.0,2.0,4.0,6.0,inferred
Winchester,2021-05-11,0.0,0.0,0.0,0.0,0.0,0.0,1.0,1.0,2.0,2.0,2.0,4.0,6.0,inferred
Winchester,2021-05-12,0.0,0.0,0.0,0.0,0.0,0.0,1.0,1.0,2.0,2.0,2.0,3.0,6.0,inferred
Winchester,2021-05-13,0.0,0.0,0.0,0.0,0.0,0.0,1.0,1.0,1.0,2.0,2.0,3.0,6.0,inferred
Winchester,2021-05-14,0.0,0.0,0.0,0.0,0.0,0.0,0.0,1.0,1.0,1.0,2.0,3.0,5.0,inferred
Winchester,2021-05-15,0.0,0.0,0.0,0.0,0.0,0.0,0.0,1.0,1.0,1.0,2.0,3.0,5.0,inferred
Winchester,2021-05-16,0.0,0.0,0.0,0.0,0.0,0.0,0.0,1.0,1.0,1.0,2.0,3.0,5.0,inferred
Winchester,2021-05-17,0.0,0.0,0.0,0.0,0.0,0.0,1.0,1.0,1.0,2.0,2.0,3.0,6.0,inferred
Winchester,2021-05-18,0.0,0.0,0.0,0.0,0.0,0.0,1.0,1.0,1.0,2.0,2.0,3.0,5.5,inferred
Winchester,2021-05-19,0.0,0.0,0.0,0.0,0.0,0.0,1.0,1.0,2.0,2.0,2.0,4.0,6.0,inferred
Winchester,2021-05-20,0.0,0.0,0.0,0.0,0.0,0.0,1.0,1.0,2.0,2.0,2.0,3.0,6.0,inferred
Winchester,2021-05-21,0.0,0.0,0.0,0.0,0.0,0.0,1.0,1.0,2.0,2.0,2.0,4.0,6.0,inferred
Winchester,2021-05-22,0.0,0.0,0.0,0.0,0.0,0.0,0.0,1.0,1.0,1.0,2.0,3.0,5.0,inferred
Winchester,2021-05-23,0.0,0.0,0.0,0.0,0.0,0.0,1.0,1.0,1.0,2.0,2.0,3.0,5.0,inferred
Winchester,2021-05-24,0.0,0.0,0.0,0.0,0.0,1.0,1.0,2.0,2.0,2.0,3.0,4.0,6.5,inferred
Winchester,2021-05-25,0.0,0.0,0.0,0.0,0.0,1.0,1.0,2.0,2.0,3.0,3.0,4.0,6.0,inferred
Winchester,2021-05-26,0.0,0.0,0.0,0.0,1.0,1.0,1.0,2.0,3.0,3.0,3.0,5.0,7.0,inferred
Winchester,2021-05-27,0.0,0.0,0.0,0.0,0.0,1.0,1.0,2.0,2.0,3.0,3.0,5.0,7.0,inferred
Winchester,2021-05-28,0.0,0.0,0.0,0.0,0.7,1.0,1.0,2.0,2.0,3.0,3.0,4.0,7.0,inferred
Winchester,2021-05-29,0.0,0.0,0.0,0.0,0.0,1.0,1.0,1.0,2.0,2.0,3.0,4.0,7.0,inferred
Winchester,2021-05-30,0.0,0.0,0.0,0.0,1.0,1.0,1.0,2.0,3.0,3.0,4.0,5.0,8.5,inferred
Winchester,2021-05-31,0.0,0.0,1.0,1.0,1.0,2.0,2.0,3.0,4.0,4.0,5.0,6.0,9.0,inferred
Winchester,2021-06-01,0.0,0.0,1.0,1.0,1.0,2.0,2.0,3.0,3.0,4.0,4.0,6.0,10.0,inferred
Winchester,2021-06-02,0.0,0.0,1.0,1.0,1.0,2.0,3.0,3.0,4.0,5.0,5.0,7.0,11.0,inferred
Winchester,2021-06-03,0.0,0.0,1.0,1.0,1.0,2.0,3.0,3.0,4.0,4.0,5.0,7.0,10.0,inferred
Winchester,2021-06-04,0.0,0.0,1.0,1.0,1.0,2.0,2.0,3.0,4.0,4.0,5.0,6.0,9.0,inferred
Winchester,2021-06-05,0.0,0.0,1.0,1.0,1.0,2.0,2.0,3.0,3.0,4.0,4.0,6.0,9.0,inferred
Winchester,2021-06-06,0.0,0.0,1.0,1.0,2.0,2.0,3.0,3.0,4.0,5.0,5.0,7.0,10.0,inferred
Winchester,2021-06-07,0.0,1.0,2.0,2.0,2.0,3.0,4.0,4.0,5.0,6.0,6.0,8.0,11.0,inferred
Winchester,2021-06-08,0.0,1.0,2.0,2.0,2.0,3.0,4.0,5.0,6.0,6.0,7.0,8.0,12.0,inferred
Winchester,2021-06-09,0.0,1.0,2.0,3.0,3.0,4.0,4.0,5.0,6.0,7.0,8.0,9.1,13.0,inferred
Winchester,2021-06-10,0.0,1.0,2.0,2.0,3.0,4.0,4.0,5.0,6.0,7.0,7.0,9.0,12.0,inferred
Winchester,2021-06-11,0.0,1.0,2.0,2.0,3.0,3.0,4.0,5.0,6.0,6.0,7.0,9.0,13.0,inferred
Winchester,2021-06-12,0.0,1.0,1.0,2.0,2.0,3.0,4.0,4.0,5.0,6.0,6.0,8.0,11.0,inferred
Winchester,2021-06-13,0.0,1.0,2.0,3.0,3.0,4.0,5.0,5.0,6.0,7.0,8.0,10.0,14.0,inferred
Winchester,2021-06-14,1.0,2.0,3.0,4.0,4.0,5.0,6.0,7.0,8.0,9.0,10.0,12.0,15.5,inferred
Winchester,2021-06-15,1.0,2.0,3.0,4.0,4.0,5.0,6.0,7.0,8.0,9.0,10.0,12.0,16.0,inferred
Winchester,2021-06-16,1.0,3.0,4.0,5.0,5.0,6.0,7.0,8.0,10.0,10.0,11.0,14.0,18.0,inferred
Winchester,2021-06-17,1.0,3.0,4.0,5.0,5.0,6.0,7.0,8.0,9.0,10.0,11.0,13.0,18.0,inferred
Winchester,2021-06-18,1.0,2.0,3.0,4.0,4.0,5.0,6.0,8.0,9.0,9.0,10.0,12.0,16.0,inferred
Windsor and Maidenhead,2021-03-06,2.0,4.0,5.0,5.0,6.0,7.0,8.0,9.0,9.3,10.0,11.0,13.0,16.0,inferred
Windsor and Maidenhead,2021-03-07,3.0,4.9,6.0,6.0,7.0,8.0,9.0,10.0,11.0,12.0,12.0,15.0,18.0,inferred
Windsor and Maidenhead,2021-03-08,3.0,5.0,7.0,7.0,8.0,9.0,10.0,11.0,12.0,13.0,14.0,16.0,20.0,inferred
Windsor and Maidenhead,2021-03-09,3.0,5.0,6.0,7.0,7.0,9.0,10.0,11.0,12.0,12.0,13.0,16.0,19.0,inferred
Windsor and Maidenhead,2021-03-10,4.0,6.0,7.0,8.0,8.0,9.0,10.0,12.0,13.0,13.0,14.0,16.0,20.0,inferred
Windsor and Maidenhead,2021-03-11,3.0,5.0,7.0,7.0,8.0,9.0,10.0,11.0,12.0,13.0,14.0,16.0,20.0,inferred
Windsor and Maidenhead,2021-03-12,3.0,4.0,6.0,6.0,7.0,8.0,9.0,10.0,11.0,12.0,13.0,15.0,18.0,inferred
Windsor and Maidenhead,2021-03-13,2.0,3.0,5.0,5.0,6.0,6.0,7.0,8.0,9.0,10.0,11.0,13.0,16.0,inferred
Windsor and Maidenhead,2021-03-14,3.0,5.0,6.0,7.0,7.0,8.0,9.0,10.0,11.0,12.0,13.0,15.0,18.0,inferred
Windsor and Maidenhead,2021-03-15,4.0,6.0,8.0,9.0,9.0,11.0,12.0,13.0,14.0,15.0,15.0,18.0,22.0,inferred
Windsor and Maidenhead,2021-03-16,4.0,6.0,8.0,9.0,9.0,11.0,12.0,13.0,14.0,15.0,16.0,18.0,22.0,inferred
Windsor and Maidenhead,2021-03-17,5.0,7.0,9.0,9.0,10.0,11.0,13.0,14.0,15.0,16.0,17.0,19.0,23.0,inferred
Windsor and Maidenhead,2021-03-18,4.0,6.0,8.0,9.0,9.0,10.0,12.0,13.0,14.0,15.0,16.0,18.0,23.0,inferred
Windsor and Maidenhead,2021-03-19,3.0,5.0,7.0,8.0,8.0,9.0,10.0,11.0,13.0,13.0,14.0,16.0,20.0,inferred
Windsor and Maidenhead,2021-03-20,3.0,4.0,6.0,6.0,7.0,8.0,9.0,10.0,11.0,12.0,13.0,15.0,18.5,inferred
Windsor and Maidenhead,2021-03-21,4.0,6.0,7.0,8.0,9.0,10.0,11.0,12.0,14.0,14.0,15.0,17.0,20.0,inferred
Windsor and Maidenhead,2021-03-22,5.0,8.0,9.0,10.0,11.0,12.0,13.0,15.0,16.0,17.0,18.0,21.0,25.0,inferred
Windsor and Maidenhead,2021-03-23,5.0,7.0,9.0,10.0,10.0,12.0,13.0,14.0,15.0,16.0,17.0,20.0,23.0,inferred
Windsor and Maidenhead,2021-03-24,5.0,8.0,9.0,10.0,11.0,12.0,13.0,14.0,16.0,17.0,18.0,20.0,25.0,inferred
Windsor and Maidenhead,2021-03-25,4.0,6.0,8.0,9.0,9.0,11.0,12.0,13.0,14.0,15.0,16.0,18.0,22.0,inferred
Windsor and Maidenhead,2021-03-26,3.0,5.0,7.0,7.0,8.0,9.0,10.0,11.0,12.0,13.0,13.0,16.0,19.0,inferred
Windsor and Maidenhead,2021-03-27,2.0,3.0,5.0,5.0,6.0,7.0,7.0,8.0,10.0,10.0,11.0,13.0,17.0,inferred
Windsor and Maidenhead,2021-03-28,2.0,4.0,5.0,6.0,6.0,8.0,8.0,9.0,10.0,11.0,12.0,14.0,18.0,inferred
Windsor and Maidenhead,2021-03-29,3.0,5.0,7.0,7.0,8.0,9.0,10.0,11.0,12.0,13.0,14.0,16.0,19.0,inferred
Windsor and Maidenhead,2021-03-30,3.0,5.0,6.0,6.0,7.0,8.0,9.0,10.0,11.0,12.0,13.0,15.0,19.0,inferred
Windsor and Maidenhead,2021-03-31,2.0,4.0,6.0,6.0,7.0,8.0,9.0,10.0,11.0,12.0,13.0,15.0,19.0,inferred
Windsor and Maidenhead,2021-04-01,2.0,4.0,5.0,6.0,6.0,7.0,8.0,9.0,10.0,11.0,11.0,14.0,17.0,inferred
Windsor and Maidenhead,2021-04-02,1.0,3.0,4.0,4.0,5.0,6.0,7.0,7.0,8.0,9.0,10.0,12.0,15.0,inferred
Windsor and Maidenhead,2021-04-03,1.0,2.0,3.0,3.0,4.0,4.0,5.0,6.0,7.0,7.0,8.0,10.0,13.0,inferred
Windsor and Maidenhead,2021-04-04,1.0,3.0,4.0,4.0,5.0,5.0,6.0,7.0,8.0,9.0,9.0,11.0,14.0,inferred
Windsor and Maidenhead,2021-04-05,2.0,3.0,4.0,5.0,5.0,6.0,7.0,8.0,9.0,10.0,11.0,13.0,16.0,inferred
Windsor and Maidenhead,2021-04-06,1.0,3.0,4.0,5.0,5.0,6.0,7.0,8.0,9.0,9.0,10.0,12.0,15.0,inferred
Windsor and Maidenhead,2021-04-07,2.0,3.0,4.0,5.0,5.0,6.0,7.0,8.0,9.0,9.0,10.0,12.0,15.0,inferred
Windsor and Maidenhead,2021-04-08,1.0,3.0,4.0,4.0,5.0,5.0,6.0,7.0,8.0,9.0,9.0,11.0,15.0,inferred
Windsor and Maidenhead,2021-04-09,1.0,2.0,3.0,3.0,4.0,4.0,5.0,6.0,7.0,7.0,8.0,10.0,13.0,inferred
Windsor and Maidenhead,2021-04-10,0.0,1.0,2.0,2.0,3.0,3.0,4.0,5.0,6.0,6.0,7.0,9.0,11.0,inferred
Windsor and Maidenhead,2021-04-11,0.0,2.0,3.0,3.0,3.0,4.0,5.0,5.0,6.0,7.0,7.0,9.0,12.0,inferred
Windsor and Maidenhead,2021-04-12,1.0,2.0,3.0,4.0,4.0,5.0,6.0,6.0,7.0,8.0,8.0,10.0,13.0,inferred
Windsor and Maidenhead,2021-04-13,1.0,2.0,3.0,3.0,4.0,4.0,5.0,6.0,7.0,7.0,8.0,10.0,12.0,inferred
Windsor and Maidenhead,2021-04-14,1.0,2.0,3.0,4.0,4.0,5.0,6.0,6.0,7.0,8.0,9.0,11.0,14.0,inferred
Windsor and Maidenhead,2021-04-15,1.0,2.0,3.0,3.0,4.0,4.0,5.0,6.0,7.0,8.0,8.0,10.0,13.0,inferred
Windsor and Maidenhead,2021-04-16,0.0,2.0,3.0,3.0,3.0,4.0,5.0,5.0,6.0,7.0,7.0,9.0,12.0,inferred
Windsor and Maidenhead,2021-04-17,0.0,1.0,2.0,2.0,3.0,3.0,4.0,4.0,5.0,6.0,6.0,8.0,10.0,inferred
Windsor and Maidenhead,2021-04-18,1.0,1.0,2.0,3.0,3.0,4.0,4.0,5.0,6.0,7.0,7.0,9.0,12.0,inferred
Windsor and Maidenhead,2021-04-19,1.0,2.0,3.0,4.0,4.0,5.0,6.0,7.0,8.0,8.0,9.0,10.0,14.0,inferred
Windsor and Maidenhead,2021-04-20,1.0,2.0,3.0,3.0,4.0,4.0,5.0,6.0,7.0,8.0,8.0,10.0,13.0,inferred
Windsor and Maidenhead,2021-04-21,1.0,2.0,3.0,4.0,4.0,5.0,6.0,6.0,7.0,8.0,8.0,10.0,13.0,inferred
Windsor and Maidenhead,2021-04-22,1.0,2.0,3.0,3.0,4.0,4.0,5.0,6.0,7.0,7.0,8.0,10.0,12.0,inferred
Windsor and Maidenhead,2021-04-23,0.0,1.0,2.0,3.0,3.0,4.0,4.0,5.0,6.0,7.0,7.0,8.0,11.0,inferred
Windsor and Maidenhead,2021-04-24,0.0,1.0,2.0,2.0,2.0,3.0,3.0,4.0,5.0,5.0,6.0,7.0,10.0,inferred
Windsor and Maidenhead,2021-04-25,0.0,1.0,2.0,2.0,3.0,3.0,4.0,5.0,6.0,6.0,7.0,8.0,11.0,inferred
Windsor and Maidenhead,2021-04-26,1.0,2.0,2.0,3.0,3.0,4.0,5.0,5.0,6.0,7.0,7.0,9.0,12.0,inferred
Windsor and Maidenhead,2021-04-27,0.0,1.0,2.0,3.0,3.0,4.0,4.0,5.0,6.0,6.0,7.0,9.0,12.0,inferred
Windsor and Maidenhead,2021-04-28,0.0,1.0,2.0,3.0,3.0,4.0,4.0,5.0,6.0,7.0,7.0,9.0,12.0,inferred
Windsor and Maidenhead,2021-04-29,0.0,1.0,2.0,2.0,3.0,3.0,4.0,5.0,6.0,6.0,7.0,8.0,11.0,inferred
Windsor and Maidenhead,2021-04-30,0.0,1.0,2.0,2.0,2.0,3.0,3.0,4.0,5.0,5.0,6.0,7.0,10.0,inferred
Windsor and Maidenhead,2021-05-01,0.0,0.0,1.0,1.0,2.0,2.0,3.0,3.0,4.0,4.0,5.0,6.0,9.0,inferred
Windsor and Maidenhead,2021-05-02,0.0,1.0,1.0,2.0,2.0,2.0,3.0,4.0,4.0,5.0,5.0,7.0,9.0,inferred
Windsor and Maidenhead,2021-05-03,0.0,1.0,2.0,2.0,2.0,3.0,4.0,4.0,5.0,6.0,6.0,8.0,10.5,inferred
Windsor and Maidenhead,2021-05-04,0.0,1.0,2.0,2.0,2.0,3.0,3.0,4.0,5.0,5.0,6.0,7.0,10.0,inferred
Windsor and Maidenhead,2021-05-05,0.0,1.0,2.0,2.0,2.0,3.0,4.0,4.0,5.0,5.0,6.0,8.0,11.0,inferred
Windsor and Maidenhead,2021-05-06,0.0,1.0,1.0,2.0,2.0,3.0,3.0,4.0,4.0,5.0,5.0,7.0,9.0,inferred
Windsor and Maidenhead,2021-05-07,0.0,0.0,1.0,1.0,2.0,2.0,3.0,3.0,4.0,4.0,5.0,6.0,9.0,inferred
Windsor and Maidenhead,2021-05-08,0.0,0.0,1.0,1.0,1.0,1.0,2.0,2.0,3.0,3.0,4.0,5.0,7.0,inferred
Windsor and Maidenhead,2021-05-09,0.0,0.0,1.0,1.0,1.0,2.0,2.0,3.0,3.0,4.0,4.0,5.1,8.0,inferred
Windsor and Maidenhead,2021-05-10,0.0,1.0,1.0,1.0,2.0,2.0,3.0,3.0,4.0,5.0,5.0,6.0,9.0,inferred
Windsor and Maidenhead,2021-05-11,0.0,0.0,1.0,1.0,2.0,2.0,3.0,3.0,4.0,4.0,5.0,6.0,9.0,inferred
Windsor and Maidenhead,2021-05-12,0.0,1.0,1.0,1.0,2.0,2.0,3.0,3.0,4.0,4.0,5.0,6.0,9.0,inferred
Windsor and Maidenhead,2021-05-13,0.0,0.0,1.0,1.0,1.0,2.0,2.0,3.0,4.0,4.0,4.0,5.0,8.0,inferred
Windsor and Maidenhead,2021-05-14,0.0,0.0,1.0,1.0,1.0,2.0,2.0,3.0,3.0,4.0,4.0,5.0,7.0,inferred
Windsor and Maidenhead,2021-05-15,0.0,0.0,0.0,1.0,1.0,1.0,2.0,2.0,3.0,3.0,4.0,5.0,7.0,inferred
Windsor and Maidenhead,2021-05-16,0.0,0.0,1.0,1.0,1.0,2.0,2.0,3.0,3.0,3.0,4.0,5.0,7.0,inferred
Windsor and Maidenhead,2021-05-17,0.0,0.0,1.0,1.0,1.0,2.0,2.0,3.0,4.0,4.0,5.0,6.0,8.5,inferred
Windsor and Maidenhead,2021-05-18,0.0,0.0,1.0,1.0,1.7,2.0,2.0,3.0,4.0,4.0,5.0,6.0,8.0,inferred
Windsor and Maidenhead,2021-05-19,0.0,0.0,1.0,1.0,2.0,2.0,3.0,3.0,4.0,4.0,5.0,6.0,9.0,inferred
Windsor and Maidenhead,2021-05-20,0.0,0.9,1.0,1.0,2.0,2.0,3.0,3.0,4.0,4.0,5.0,7.0,9.0,inferred
Windsor and Maidenhead,2021-05-21,0.0,0.0,1.0,1.0,1.0,2.0,2.0,3.0,4.0,4.0,4.0,6.0,8.0,inferred
Windsor and Maidenhead,2021-05-22,0.0,0.0,1.0,1.0,1.0,2.0,2.0,3.0,3.0,3.0,4.0,5.0,7.0,inferred
Windsor and Maidenhead,2021-05-23,0.0,0.0,1.0,1.0,1.0,2.0,3.0,3.0,4.0,4.0,5.0,6.0,8.0,inferred
Windsor and Maidenhead,2021-05-24,0.0,1.0,1.0,2.0,2.0,3.0,3.0,4.0,5.0,5.0,6.0,7.0,10.0,inferred
Windsor and Maidenhead,2021-05-25,0.0,1.0,2.0,2.0,2.0,3.0,3.0,4.0,5.0,5.0,6.0,8.0,11.0,inferred
Windsor and Maidenhead,2021-05-26,0.0,1.0,2.0,2.0,2.0,3.0,4.0,5.0,5.0,6.0,6.0,8.0,10.0,inferred
Windsor and Maidenhead,2021-05-27,0.0,1.0,2.0,2.0,2.0,3.0,4.0,4.0,5.0,6.0,6.0,8.0,10.0,inferred
Windsor and Maidenhead,2021-05-28,0.0,1.0,2.0,2.0,2.0,3.0,3.0,4.0,5.0,5.0,6.0,7.0,10.0,inferred
Windsor and Maidenhead,2021-05-29,0.0,1.0,1.0,1.0,2.0,2.0,3.0,3.0,4.0,4.2,5.0,7.0,10.0,inferred
Windsor and Maidenhead,2021-05-30,0.0,1.0,2.0,2.0,2.0,3.0,4.0,4.0,5.0,5.0,6.0,8.0,10.0,inferred
Windsor and Maidenhead,2021-05-31,1.0,2.0,3.0,3.0,3.0,4.0,5.0,6.0,7.0,7.0,8.0,9.0,13.0,inferred
Windsor and Maidenhead,2021-06-01,1.0,2.0,3.0,3.0,3.0,4.0,5.0,6.0,7.0,7.0,8.0,9.0,12.0,inferred
Windsor and Maidenhead,2021-06-02,1.0,2.0,3.0,4.0,4.0,5.0,5.0,6.0,7.0,8.0,9.0,10.0,14.0,inferred
Windsor and Maidenhead,2021-06-03,1.0,2.0,3.0,3.0,4.0,5.0,5.0,6.0,7.0,8.0,8.0,10.0,13.0,inferred
Windsor and Maidenhead,2021-06-04,0.0,2.0,3.0,3.0,4.0,4.0,5.0,6.0,7.0,7.0,8.0,10.0,12.0,inferred
Windsor and Maidenhead,2021-06-05,0.0,1.0,2.0,3.0,3.0,4.0,4.0,5.0,6.0,6.0,7.0,9.0,11.0,inferred
Windsor and Maidenhead,2021-06-06,1.0,2.0,3.0,4.0,4.0,5.0,6.0,6.0,7.0,8.0,8.0,11.0,14.0,inferred
Windsor and Maidenhead,2021-06-07,2.0,3.0,4.8,5.0,5.0,6.0,7.0,8.0,9.0,10.0,10.0,12.1,16.0,inferred
Windsor and Maidenhead,2021-06-08,2.0,3.0,5.0,5.0,6.0,6.0,7.0,9.0,10.0,10.0,11.0,13.0,16.0,inferred
Windsor and Maidenhead,2021-06-09,2.0,4.0,5.0,6.0,6.0,8.0,8.0,9.0,10.0,11.0,12.0,14.0,18.0,inferred
Windsor and Maidenhead,2021-06-10,2.0,4.0,5.0,6.0,6.0,7.0,8.0,9.0,10.0,11.0,12.0,14.0,17.0,inferred
Windsor and Maidenhead,2021-06-11,2.0,3.0,5.0,5.0,6.0,7.0,8.0,8.0,9.0,10.0,11.0,13.0,16.0,inferred
Windsor and Maidenhead,2021-06-12,1.0,3.0,4.0,4.0,5.0,6.0,7.0,7.0,8.0,9.0,10.0,12.0,14.0,inferred
Windsor and Maidenhead,2021-06-13,2.0,4.0,5.0,6.0,6.0,7.0,8.0,9.0,10.0,11.0,12.0,14.0,17.0,inferred
Windsor and Maidenhead,2021-06-14,4.0,6.0,7.0,8.0,8.0,9.0,11.0,12.0,13.0,14.0,15.0,17.0,21.0,inferred
Windsor and Maidenhead,2021-06-15,4.0,5.9,7.0,8.0,8.0,10.0,11.0,12.0,13.0,14.0,15.0,17.0,21.0,inferred
Windsor and Maidenhead,2021-06-16,4.0,7.0,8.0,9.0,10.0,11.0,12.0,13.4,15.0,16.0,16.0,19.0,23.0,inferred
Windsor and Maidenhead,2021-06-17,4.0,6.0,8.0,9.0,9.0,10.0,12.0,13.0,14.0,15.0,16.0,18.0,24.0,inferred
Windsor and Maidenhead,2021-06-18,3.0,5.0,7.0,8.0,8.0,10.0,11.0,12.0,14.0,14.0,15.0,18.0,22.0,inferred
Wirral,2021-03-06,8.0,11.0,12.0,13.0,14.0,15.0,16.0,17.0,19.0,19.0,20.0,22.0,26.0,inferred
Wirral,2021-03-07,10.0,12.0,14.0,15.0,16.0,17.0,18.0,19.0,21.0,22.0,22.0,25.0,29.0,inferred
Wirral,2021-03-08,13.0,16.0,18.0,19.0,20.0,21.0,22.0,24.0,25.0,26.0,27.0,30.0,34.0,inferred
Wirral,2021-03-09,11.0,14.0,17.0,17.0,18.0,19.0,21.0,22.0,24.0,25.0,26.0,28.0,32.0,inferred
Wirral,2021-03-10,11.0,14.0,16.0,16.0,17.0,18.0,20.0,21.0,23.0,23.0,24.0,27.0,32.0,inferred
Wirral,2021-03-11,9.0,12.0,14.0,14.0,15.0,17.0,18.0,19.0,20.0,21.0,22.0,24.0,28.0,inferred
Wirral,2021-03-12,7.0,10.0,11.0,12.0,13.0,14.0,15.0,16.0,17.0,18.0,19.0,21.0,25.0,inferred
Wirral,2021-03-13,5.0,7.0,8.0,9.0,9.0,10.0,11.0,12.0,13.0,14.0,15.0,17.0,20.0,inferred
Wirral,2021-03-14,5.0,7.0,9.0,10.0,10.0,11.0,12.0,13.0,15.0,15.0,16.0,18.0,22.0,inferred
Wirral,2021-03-15,8.0,10.0,12.0,13.0,13.0,14.0,15.0,17.0,18.0,19.0,20.0,22.0,25.0,inferred
Wirral,2021-03-16,7.0,10.0,12.0,12.0,13.0,14.0,15.0,16.0,18.0,18.0,19.0,21.0,25.0,inferred
Wirral,2021-03-17,7.0,10.0,11.0,12.0,13.0,14.0,15.0,16.0,17.0,18.0,19.0,21.0,24.5,inferred
Wirral,2021-03-18,6.0,9.0,10.0,11.0,12.0,13.0,14.0,15.0,16.0,17.0,17.0,19.0,23.0,inferred
Wirral,2021-03-19,5.0,7.0,9.0,9.0,10.0,11.0,12.0,13.0,14.0,14.0,15.0,17.0,20.0,inferred
Wirral,2021-03-20,3.0,5.0,6.0,7.0,7.0,8.0,9.0,10.0,11.0,11.0,12.0,14.0,17.0,inferred
Wirral,2021-03-21,4.0,6.0,8.0,8.0,9.0,9.0,10.0,11.0,12.0,13.0,13.0,15.0,18.0,inferred
Wirral,2021-03-22,5.0,8.0,9.0,10.0,11.0,12.0,13.0,14.0,15.0,16.0,17.0,19.0,22.0,inferred
Wirral,2021-03-23,5.0,8.0,9.0,10.0,10.0,11.0,12.0,13.0,14.0,15.0,16.0,18.0,21.0,inferred
Wirral,2021-03-24,5.0,7.0,8.0,9.0,10.0,11.0,11.0,13.0,14.0,14.0,15.0,17.0,20.0,inferred
Wirral,2021-03-25,4.0,6.0,7.0,8.0,8.0,10.0,11.0,11.0,12.0,13.0,14.0,16.0,19.0,inferred
Wirral,2021-03-26,3.0,5.0,6.0,7.0,7.0,8.0,9.0,10.0,11.0,11.0,12.0,13.0,16.0,inferred
Wirral,2021-03-27,2.0,3.0,4.0,5.0,5.0,6.0,7.0,7.0,8.0,9.0,9.0,11.0,13.5,inferred
Wirral,2021-03-28,2.0,4.0,5.0,5.0,6.0,7.0,7.0,8.0,9.0,10.0,10.0,11.0,14.0,inferred
Wirral,2021-03-29,3.0,5.0,6.0,7.0,7.0,8.0,9.0,10.0,11.0,11.0,12.0,14.0,17.0,inferred
Wirral,2021-03-30,3.0,4.0,6.0,6.0,7.0,8.0,8.0,9.0,10.0,11.0,11.0,13.0,15.0,inferred
Wirral,2021-03-31,3.0,4.0,6.0,6.0,7.0,7.0,8.0,9.0,10.0,10.0,11.0,13.0,15.0,inferred
Wirral,2021-04-01,2.0,4.0,5.0,5.0,6.0,7.0,7.0,8.0,9.0,10.0,10.0,12.0,14.0,inferred
Wirral,2021-04-02,2.0,3.0,4.0,4.0,5.0,5.0,6.0,7.0,8.0,8.0,9.0,10.0,13.0,inferred
Wirral,2021-04-03,1.0,2.0,3.0,3.0,3.0,4.0,4.0,5.0,6.0,6.0,7.0,8.0,10.0,inferred
Wirral,2021-04-04,1.0,2.0,3.0,3.0,4.0,4.0,5.0,6.0,6.0,7.0,7.0,9.0,11.0,inferred
Wirral,2021-04-05,2.0,3.0,4.0,4.0,5.0,5.0,6.0,7.0,8.0,8.0,9.0,10.0,13.0,inferred
Wirral,2021-04-06,1.0,3.0,4.0,4.0,4.0,5.0,6.0,7.0,7.0,8.0,8.0,10.0,12.0,inferred
Wirral,2021-04-07,1.0,3.0,4.0,4.0,4.0,5.0,6.0,6.0,7.0,8.0,8.0,10.0,12.0,inferred
Wirral,2021-04-08,1.0,2.0,3.0,3.0,4.0,5.0,5.0,6.0,7.0,7.0,8.0,9.0,11.0,inferred
Wirral,2021-04-09,1.0,2.0,3.0,3.0,3.0,4.0,5.0,5.0,6.0,6.0,7.0,8.0,11.0,inferred
Wirral,2021-04-10,0.0,1.0,2.0,2.0,2.0,3.0,3.0,4.0,5.0,5.0,6.0,7.0,9.0,inferred
Wirral,2021-04-11,0.0,1.9,2.0,3.0,3.0,3.0,4.0,5.0,5.0,6.0,6.0,7.0,10.0,inferred
Wirral,2021-04-12,1.0,2.0,3.0,4.0,4.0,5.0,5.0,6.0,7.0,7.0,8.0,9.0,11.0,inferred
Wirral,2021-04-13,1.0,2.0,3.0,3.0,4.0,4.0,5.0,6.0,6.0,7.0,7.0,9.0,11.0,inferred
Wirral,2021-04-14,1.0,2.0,3.0,3.0,4.0,4.0,5.0,6.0,6.0,7.0,7.0,9.0,11.0,inferred
Wirral,2021-04-15,1.0,2.0,3.0,3.0,3.0,4.0,5.0,5.0,6.0,6.0,7.0,8.0,10.0,inferred
Wirral,2021-04-16,1.0,2.0,2.0,3.0,3.0,4.0,4.0,5.0,5.0,6.0,6.0,8.0,10.0,inferred
Wirral,2021-04-17,0.0,1.0,2.0,2.0,2.0,3.0,3.0,4.0,4.0,5.0,5.0,6.0,8.0,inferred
Wirral,2021-04-18,0.0,1.0,2.0,2.0,3.0,3.0,4.0,4.0,5.0,5.0,6.0,7.0,9.0,inferred
Wirral,2021-04-19,1.0,2.0,3.0,3.0,3.0,4.0,5.0,5.0,6.0,6.2,7.0,8.0,11.0,inferred
Wirral,2021-04-20,1.0,2.0,3.0,3.0,3.0,4.0,5.0,5.0,6.0,6.0,7.0,8.0,10.0,inferred
Wirral,2021-04-21,1.0,2.0,3.0,3.0,3.0,4.0,5.0,5.0,6.0,6.0,7.0,8.0,11.0,inferred
Wirral,2021-04-22,1.0,2.0,2.0,3.0,3.0,4.0,4.0,5.0,6.0,6.0,7.0,8.0,10.0,inferred
Wirral,2021-04-23,0.0,1.0,2.0,2.0,3.0,3.0,4.0,4.0,5.0,5.0,6.0,7.0,9.0,inferred
Wirral,2021-04-24,0.0,1.0,1.0,2.0,2.0,2.0,3.0,3.0,4.0,4.0,5.0,6.0,8.0,inferred
Wirral,2021-04-25,0.0,1.0,2.0,2.0,2.0,3.0,3.0,4.0,4.0,5.0,5.0,6.0,9.0,inferred
Wirral,2021-04-26,1.0,2.0,2.0,3.0,3.0,4.0,4.0,5.0,6.0,6.0,7.0,8.0,10.0,inferred
Wirral,2021-04-27,1.0,2.0,2.0,3.0,3.0,4.0,4.0,5.0,5.0,6.0,6.0,8.0,10.0,inferred
Wirral,2021-04-28,1.0,1.0,2.0,3.0,3.0,3.6,4.0,5.0,5.0,6.0,6.2,8.0,10.0,inferred
Wirral,2021-04-29,0.0,1.0,2.0,2.0,3.0,3.0,4.0,4.0,5.0,5.0,6.0,7.0,9.0,inferred
Wirral,2021-04-30,0.0,1.0,2.0,2.0,2.0,3.0,3.0,4.0,4.0,5.0,5.0,6.0,8.0,inferred
Wirral,2021-05-01,0.0,1.0,1.0,1.0,2.0,2.0,3.0,3.0,4.0,4.0,4.0,5.0,7.5,inferred
Wirral,2021-05-02,0.0,1.0,1.0,2.0,2.0,2.0,3.0,3.4,4.0,5.0,5.0,6.0,8.0,inferred
Wirral,2021-05-03,0.0,1.0,2.0,2.0,3.0,3.0,4.0,4.0,5.0,6.0,6.0,7.1,10.0,inferred
Wirral,2021-05-04,1.0,1.0,2.0,2.0,3.0,3.0,4.0,4.0,5.0,6.0,6.0,7.0,9.0,inferred
Wirral,2021-05-05,1.0,2.0,2.0,3.0,3.0,3.6,4.0,5.0,5.0,6.0,6.0,8.0,10.0,inferred
Wirral,2021-05-06,0.0,1.0,2.0,2.0,3.0,3.0,4.0,4.0,5.0,5.0,6.0,7.0,9.0,inferred
Wirral,2021-05-07,0.0,1.0,2.0,2.0,2.0,3.0,3.0,4.0,4.0,5.0,5.0,6.0,8.0,inferred
Wirral,2021-05-08,0.0,1.0,1.0,1.0,2.0,2.0,3.0,3.0,4.0,4.0,4.0,5.0,7.0,inferred
Wirral,2021-05-09,0.0,1.0,1.0,2.0,2.0,2.0,3.0,3.0,4.0,4.0,5.0,6.0,8.0,inferred
Wirral,2021-05-10,0.0,1.0,2.0,2.0,3.0,3.0,4.0,4.0,5.0,5.0,6.0,7.0,9.0,inferred
Wirral,2021-05-11,0.0,1.0,2.0,2.0,3.0,3.0,4.0,4.0,5.0,5.0,6.0,7.0,9.0,inferred
Wirral,2021-05-12,0.0,1.0,2.0,2.0,2.0,3.0,4.0,4.0,5.0,5.0,6.0,7.0,9.0,inferred
Wirral,2021-05-13,0.0,1.0,2.0,2.0,2.0,3.0,3.0,4.0,5.0,5.0,5.0,7.0,8.0,inferred
Wirral,2021-05-14,0.0,1.0,1.0,2.0,2.0,2.0,3.0,3.0,4.0,4.0,5.0,6.0,8.0,inferred
Wirral,2021-05-15,0.0,0.0,1.0,1.0,1.0,2.0,2.0,3.0,3.0,3.0,4.0,5.0,6.5,inferred
Wirral,2021-05-16,0.0,1.0,1.0,1.0,2.0,2.0,3.0,3.0,4.0,4.0,4.0,5.0,7.0,inferred
Wirral,2021-05-17,0.0,1.0,2.0,2.0,2.0,3.0,3.0,4.0,4.0,5.0,5.0,6.0,9.0,inferred
Wirral,2021-05-18,0.0,1.0,2.0,2.0,3.0,3.0,4.0,4.0,5.0,5.0,6.0,7.0,9.0,inferred
Wirral,2021-05-19,1.0,2.0,2.0,3.0,3.0,3.0,4.0,4.4,5.0,6.0,6.0,7.0,9.0,inferred
Wirral,2021-05-20,1.0,2.0,2.0,3.0,3.0,3.0,4.0,5.0,5.0,6.0,6.0,8.0,10.0,inferred
Wirral,2021-05-21,1.0,2.0,2.0,3.0,3.0,4.0,4.0,5.0,5.0,6.0,6.0,8.0,10.0,inferred
Wirral,2021-05-22,0.0,1.0,2.0,2.0,3.0,3.0,4.0,4.0,5.0,5.0,6.0,7.0,9.0,inferred
Wirral,2021-05-23,1.0,2.0,3.0,3.0,3.0,4.0,5.0,5.0,6.0,6.0,7.0,8.0,11.0,inferred
Wirral,2021-05-24,2.0,3.0,4.0,5.0,5.0,6.0,7.0,7.0,8.0,9.0,9.0,11.0,14.0,inferred
Wirral,2021-05-25,3.0,4.0,5.0,6.0,6.0,7.0,8.0,9.0,10.0,10.0,11.0,12.0,16.0,inferred
Wirral,2021-05-26,3.5,5.0,6.0,7.0,7.0,8.0,9.0,10.0,11.0,12.0,13.0,14.0,17.0,inferred
Wirral,2021-05-27,4.0,6.0,8.0,8.0,9.0,10.0,11.0,12.0,13.0,13.0,14.0,16.0,19.0,inferred
Wirral,2021-05-28,4.0,7.0,8.0,9.0,9.0,10.0,11.0,12.0,14.0,14.0,15.0,17.0,20.0,inferred
Wirral,2021-05-29,4.0,6.0,7.0,8.0,8.0,9.0,10.0,11.0,12.0,13.0,13.0,15.1,18.0,inferred
Wirral,2021-05-30,6.0,8.0,10.0,11.0,11.0,13.0,14.0,15.0,16.0,17.0,18.0,19.1,23.0,inferred
Wirral,2021-05-31,11.0,14.0,16.0,17.0,17.0,19.0,20.0,21.0,23.0,24.0,25.0,27.0,32.0,inferred
Wirral,2021-06-01,12.0,15.0,17.0,18.0,19.0,21.0,22.0,23.0,25.0,26.0,27.0,29.0,33.0,inferred
Wirral,2021-06-02,14.0,17.0,20.0,20.0,21.0,23.0,24.0,26.0,27.0,28.0,29.0,32.0,38.0,inferred
Wirral,2021-06-03,15.0,18.0,21.0,22.0,22.0,24.0,25.0,27.0,28.0,29.0,30.0,33.0,37.0,inferred
Wirral,2021-06-04,14.0,18.0,20.0,21.0,22.0,23.0,24.0,26.0,27.0,28.0,29.0,32.0,37.0,inferred
Wirral,2021-06-05,12.0,15.0,17.0,18.0,19.0,20.0,22.0,23.0,24.0,25.0,26.0,29.0,33.0,inferred
Wirral,2021-06-06,16.0,20.0,22.0,23.0,24.0,25.0,27.0,28.0,30.0,31.0,32.0,35.0,40.0,inferred
Wirral,2021-06-07,25.0,30.0,32.0,33.0,34.0,36.0,38.0,40.0,42.0,43.0,44.0,48.0,53.0,inferred
Wirral,2021-06-08,27.0,32.0,35.0,36.0,37.0,39.0,41.0,43.0,46.0,47.0,48.0,51.0,56.0,inferred
Wirral,2021-06-09,31.5,36.0,39.0,40.0,41.0,43.0,45.0,47.0,49.0,51.0,52.0,56.0,62.0,inferred
Wirral,2021-06-10,32.0,37.0,41.0,42.0,43.0,45.0,47.0,49.0,51.0,52.0,53.0,57.0,62.0,inferred
Wirral,2021-06-11,31.0,36.0,39.0,40.0,41.0,43.0,45.0,47.0,49.0,51.0,52.0,56.0,62.0,inferred
Wirral,2021-06-12,26.0,30.0,33.0,34.0,35.0,37.0,39.0,41.0,43.0,44.0,45.0,49.0,54.0,inferred
Wirral,2021-06-13,34.0,38.9,42.0,43.0,45.0,47.0,49.0,51.0,53.0,54.0,55.0,60.0,66.0,inferred
Wirral,2021-06-14,49.0,55.0,59.0,60.0,62.0,65.0,68.0,70.0,73.0,75.0,77.0,82.0,91.0,inferred
Wirral,2021-06-15,54.0,60.0,64.0,66.0,67.0,70.0,73.0,75.0,78.0,79.0,81.0,86.0,94.0,inferred
Wirral,2021-06-16,58.0,65.0,69.0,71.0,73.0,76.0,79.0,81.0,85.0,86.0,88.0,93.0,101.0,inferred
Wirral,2021-06-17,59.5,66.0,71.0,72.0,74.0,77.0,80.0,83.0,86.0,87.0,89.0,94.0,104.0,inferred
Wirral,2021-06-18,54.5,62.0,66.0,68.0,70.0,73.0,76.0,79.0,82.0,84.0,86.0,90.0,99.0,inferred
Woking,2021-03-06,1.0,2.0,3.0,4.0,4.0,5.0,5.0,6.0,7.0,7.0,8.0,9.0,12.0,inferred
Woking,2021-03-07,2.0,3.0,4.0,5.0,5.0,6.0,6.0,7.0,8.0,9.0,9.0,11.0,14.0,inferred
Woking,2021-03-08,3.0,4.0,5.0,6.0,6.0,7.0,8.0,9.0,10.0,10.0,11.0,13.0,16.0,inferred
Woking,2021-03-09,2.0,4.0,5.0,6.0,6.0,7.0,8.0,9.0,10.0,10.0,11.0,13.0,15.0,inferred
Woking,2021-03-10,3.0,4.0,5.0,6.0,6.0,7.0,8.0,9.0,10.0,10.0,11.0,13.0,15.0,inferred
Woking,2021-03-11,2.0,4.0,5.0,5.0,6.0,6.0,7.0,8.0,9.0,10.0,10.0,12.0,15.0,inferred
Woking,2021-03-12,1.0,3.0,4.0,4.0,5.0,6.0,6.0,7.0,8.0,8.2,9.0,11.0,13.0,inferred
Woking,2021-03-13,1.0,2.0,3.0,3.0,4.0,4.0,5.0,6.0,6.0,7.0,7.0,9.0,12.0,inferred
Woking,2021-03-14,1.0,2.0,4.0,4.0,4.0,5.0,6.0,7.0,7.0,8.0,9.0,10.0,13.0,inferred
Woking,2021-03-15,2.0,3.0,4.0,5.0,5.0,6.0,7.0,8.0,9.0,10.0,10.0,12.0,15.0,inferred
Woking,2021-03-16,2.0,3.0,4.0,5.0,5.0,6.0,7.0,7.0,8.0,9.0,10.0,11.0,14.0,inferred
Woking,2021-03-17,2.0,3.0,5.0,5.0,5.0,6.0,7.0,8.0,9.0,9.0,10.0,12.0,15.0,inferred
Woking,2021-03-18,2.0,3.0,4.0,4.0,5.0,6.0,6.0,7.0,8.0,9.0,10.0,11.0,14.0,inferred
Woking,2021-03-19,1.0,2.0,3.0,4.0,4.0,5.0,6.0,6.0,7.0,8.0,8.0,10.0,13.0,inferred
Woking,2021-03-20,1.0,2.0,2.0,3.0,3.0,4.0,4.0,5.0,6.0,6.0,7.0,8.0,11.0,inferred
Woking,2021-03-21,1.0,2.0,3.0,4.0,4.0,5.0,5.0,6.0,7.0,7.0,8.0,9.0,12.0,inferred
Woking,2021-03-22,2.0,3.0,4.0,4.0,5.0,6.0,6.0,7.0,8.0,9.0,9.0,11.0,14.0,inferred
Woking,2021-03-23,1.0,3.0,4.0,4.0,4.0,5.0,6.0,7.0,8.0,8.0,9.0,11.0,14.0,inferred
Woking,2021-03-24,2.0,3.0,4.0,4.0,5.0,5.0,6.0,7.0,8.0,9.0,9.0,11.0,14.0,inferred
Woking,2021-03-25,1.0,3.0,4.0,4.0,4.0,5.0,6.0,6.0,7.0,8.0,8.0,10.0,13.0,inferred
Woking,2021-03-26,1.0,2.0,3.0,3.0,4.0,4.0,5.0,5.0,6.0,7.0,7.0,9.0,12.0,inferred
Woking,2021-03-27,0.0,1.0,2.0,2.0,3.0,3.0,4.0,4.0,5.0,6.0,6.0,7.0,10.0,inferred
Woking,2021-03-28,0.0,2.0,3.0,3.0,3.0,4.0,5.0,5.0,6.0,6.0,7.0,8.0,11.0,inferred
Woking,2021-03-29,1.0,2.0,3.0,4.0,4.0,5.0,6.0,6.0,7.0,7.2,8.0,10.0,12.0,inferred
Woking,2021-03-30,1.0,2.0,3.0,4.0,4.0,5.0,5.0,6.0,7.0,7.0,8.0,9.0,11.0,inferred
Woking,2021-03-31,1.0,2.0,3.0,4.0,4.0,5.0,5.0,6.0,7.0,7.0,8.0,10.0,13.0,inferred
Woking,2021-04-01,1.0,2.0,3.0,3.0,3.0,4.0,5.0,5.0,6.0,7.0,7.0,8.0,11.0,inferred
Woking,2021-04-02,0.0,1.0,2.0,2.0,3.0,3.0,4.0,5.0,5.0,6.0,6.0,8.0,10.0,inferred
Woking,2021-04-03,0.0,1.0,1.0,2.0,2.0,2.0,3.0,4.0,4.0,5.0,5.0,6.0,8.0,inferred
Woking,2021-04-04,0.0,1.0,2.0,2.0,2.0,3.0,4.0,4.0,5.0,5.0,6.0,7.0,9.0,inferred
Woking,2021-04-05,0.0,1.0,2.0,3.0,3.0,4.0,4.0,5.0,6.0,6.0,6.0,8.0,10.0,inferred
Woking,2021-04-06,0.0,1.0,2.0,2.0,3.0,3.0,4.0,5.0,5.0,6.0,6.0,8.0,10.0,inferred
Woking,2021-04-07,0.0,1.0,2.0,3.0,3.0,4.0,4.0,5.0,6.0,6.0,7.0,8.0,10.0,inferred
Woking,2021-04-08,0.0,1.0,2.0,2.0,3.0,3.0,4.0,4.0,5.0,6.0,6.0,8.0,10.0,inferred
Woking,2021-04-09,0.0,1.0,2.0,2.0,2.0,3.0,3.0,4.0,5.0,5.0,5.0,6.0,9.0,inferred
Woking,2021-04-10,0.0,1.0,1.0,1.0,2.0,2.0,3.0,3.0,4.0,4.0,4.0,6.0,8.0,inferred
Woking,2021-04-11,0.0,1.0,1.0,2.0,2.0,3.0,3.0,4.0,4.0,5.0,5.0,7.0,9.0,inferred
Woking,2021-04-12,0.0,1.0,2.0,2.0,3.0,3.0,4.0,4.0,5.0,6.0,6.0,8.0,10.0,inferred
Woking,2021-04-13,0.0,1.0,2.0,2.0,2.0,3.0,4.0,4.0,5.0,5.0,6.0,7.0,9.0,inferred
Woking,2021-04-14,0.0,1.0,2.0,2.0,2.0,3.0,4.0,4.0,5.0,5.0,6.0,7.0,10.0,inferred
Woking,2021-04-15,0.0,1.0,2.0,2.0,2.0,3.0,3.0,4.0,4.0,5.0,5.0,7.0,9.0,inferred
Woking,2021-04-16,0.0,1.0,1.0,2.0,2.0,2.0,3.0,3.0,4.0,4.0,5.0,6.0,8.0,inferred
Woking,2021-04-17,0.0,0.0,1.0,1.0,1.0,2.0,2.0,3.0,3.0,4.0,4.0,5.0,7.0,inferred
Woking,2021-04-18,0.0,0.0,1.0,1.0,2.0,2.0,3.0,3.0,4.0,4.0,4.0,6.0,7.0,inferred
Woking,2021-04-19,0.0,1.0,2.0,2.0,2.0,3.0,3.0,4.0,5.0,5.0,5.0,7.0,8.0,inferred
Woking,2021-04-20,0.0,1.0,1.0,2.0,2.0,2.0,3.0,3.0,4.0,4.0,5.0,6.0,8.0,inferred
Woking,2021-04-21,0.0,1.0,1.0,2.0,2.0,2.0,3.0,3.0,4.0,4.0,5.0,6.0,8.0,inferred
Woking,2021-04-22,0.0,0.0,1.0,1.0,1.7,2.0,2.0,3.0,3.0,4.0,4.0,5.0,7.0,inferred
Woking,2021-04-23,0.0,0.0,1.0,1.0,1.0,2.0,2.0,2.0,3.0,3.0,4.0,5.0,6.0,inferred
Woking,2021-04-24,0.0,0.0,0.0,1.0,1.0,1.0,1.0,2.0,2.0,3.0,3.0,4.0,6.0,inferred
Woking,2021-04-25,0.0,0.0,0.0,1.0,1.0,1.0,2.0,2.0,3.0,3.0,3.0,4.0,6.0,inferred
Woking,2021-04-26,0.0,0.0,1.0,1.0,1.0,2.0,2.0,2.0,3.0,3.0,4.0,5.0,7.0,inferred
Woking,2021-04-27,0.0,0.0,1.0,1.0,1.0,2.0,2.0,2.0,3.0,3.0,4.0,5.0,6.0,inferred
Woking,2021-04-28,0.0,0.0,1.0,1.0,1.0,1.0,2.0,2.0,3.0,3.0,4.0,5.0,6.5,inferred
Woking,2021-04-29,0.0,0.0,0.8,1.0,1.0,1.0,2.0,2.0,3.0,3.0,3.0,4.0,7.0,inferred
Woking,2021-04-30,0.0,0.0,0.0,0.0,1.0,1.0,1.0,2.0,2.0,2.0,3.0,4.0,5.0,inferred
Woking,2021-05-01,0.0,0.0,0.0,0.0,0.0,1.0,1.0,1.0,2.0,2.0,2.0,3.0,5.0,inferred
Woking,2021-05-02,0.0,0.0,0.0,0.0,1.0,1.0,1.0,2.0,2.0,2.0,3.0,3.0,5.0,inferred
Woking,2021-05-03,0.0,0.0,0.0,1.0,1.0,1.0,1.0,2.0,2.0,3.0,3.0,4.0,6.0,inferred
Woking,2021-05-04,0.0,0.0,0.0,0.0,1.0,1.0,1.0,2.0,2.0,3.0,3.0,4.0,5.0,inferred
Woking,2021-05-05,0.0,0.0,0.0,1.0,1.0,1.0,1.0,2.0,2.0,3.0,3.0,4.0,6.0,inferred
Woking,2021-05-06,0.0,0.0,0.0,0.0,1.0,1.0,1.0,2.0,2.0,3.0,3.0,4.0,5.0,inferred
Woking,2021-05-07,0.0,0.0,0.0,0.0,0.0,1.0,1.0,1.0,2.0,2.0,3.0,3.0,5.0,inferred
Woking,2021-05-08,0.0,0.0,0.0,0.0,0.0,1.0,1.0,1.0,2.0,2.0,2.0,3.0,5.0,inferred
Woking,2021-05-09,0.0,0.0,0.0,0.0,1.0,1.0,1.0,2.0,2.0,2.0,2.0,3.0,5.0,inferred
Woking,2021-05-10,0.0,0.0,0.0,0.0,1.0,1.0,1.0,2.0,2.0,2.0,3.0,4.0,5.0,inferred
Woking,2021-05-11,0.0,0.0,0.0,1.0,1.0,1.0,1.0,2.0,2.0,3.0,3.0,4.0,6.0,inferred
Woking,2021-05-12,0.0,0.0,1.0,1.0,1.0,1.0,2.0,2.0,3.0,3.0,3.0,4.0,6.0,inferred
Woking,2021-05-13,0.0,0.0,0.0,1.0,1.0,1.0,2.0,2.0,2.0,3.0,3.0,4.0,6.0,inferred
Woking,2021-05-14,0.0,0.0,0.0,1.0,1.0,1.0,1.0,2.0,2.0,2.0,3.0,4.0,5.0,inferred
Woking,2021-05-15,0.0,0.0,0.0,0.0,0.0,1.0,1.0,1.0,2.0,2.0,2.0,3.0,5.0,inferred
Woking,2021-05-16,0.0,0.0,0.0,0.0,1.0,1.0,1.0,2.0,2.0,2.0,3.0,4.0,6.0,inferred
Woking,2021-05-17,0.0,0.0,1.0,1.0,1.0,1.0,2.0,2.0,3.0,3.0,3.0,4.0,6.0,inferred
Woking,2021-05-18,0.0,0.0,1.0,1.0,1.0,1.0,2.0,2.0,3.0,3.0,3.0,4.0,6.0,inferred
Woking,2021-05-19,0.0,0.0,1.0,1.0,1.0,2.0,2.0,3.0,3.0,3.0,4.0,5.0,7.0,inferred
Woking,2021-05-20,0.0,0.0,1.0,1.0,1.0,2.0,2.0,3.0,3.0,3.0,4.0,5.0,7.0,inferred
Woking,2021-05-21,0.0,0.0,1.0,1.0,1.0,2.0,2.0,3.0,3.0,3.0,4.0,5.0,7.0,inferred
Woking,2021-05-22,0.0,0.0,1.0,1.0,1.0,2.0,2.0,2.0,3.0,3.0,4.0,5.0,7.0,inferred
Woking,2021-05-23,0.0,0.0,1.0,1.0,2.0,2.0,2.0,3.0,3.3,4.0,4.0,6.0,8.0,inferred
Woking,2021-05-24,0.0,1.0,2.0,2.0,2.0,3.0,3.0,4.0,5.0,5.0,5.0,7.0,9.0,inferred
Woking,2021-05-25,0.0,1.0,2.0,2.0,2.0,3.0,4.0,4.0,5.0,5.0,6.0,7.0,10.0,inferred
Woking,2021-05-26,0.0,1.0,2.0,3.0,3.0,4.0,4.0,5.0,6.0,6.0,7.0,8.0,10.0,inferred
Woking,2021-05-27,0.0,1.0,2.0,3.0,3.0,4.0,4.0,5.0,6.0,6.0,7.0,8.0,11.0,inferred
Woking,2021-05-28,1.0,1.0,2.0,3.0,3.0,4.0,4.0,5.0,5.0,6.0,6.0,8.0,11.0,inferred
Woking,2021-05-29,0.0,1.0,2.0,2.0,3.0,3.0,4.0,4.0,5.0,6.0,6.0,8.0,10.0,inferred
Woking,2021-05-30,1.0,2.0,3.0,3.0,4.0,4.0,5.0,6.0,7.0,7.0,8.0,9.0,12.0,inferred
Woking,2021-05-31,2.0,3.0,4.0,5.0,5.0,6.0,7.0,8.0,8.0,9.0,10.0,12.0,14.0,inferred
Woking,2021-06-01,2.0,4.0,5.0,5.0,6.0,7.0,7.0,8.0,9.0,10.0,10.0,12.0,15.5,inferred
Woking,2021-06-02,3.0,5.0,6.0,6.0,7.0,8.0,9.0,9.0,11.0,11.0,12.0,14.0,17.0,inferred
Woking,2021-06-03,3.0,5.0,6.0,6.0,7.0,8.0,9.0,10.0,11.0,11.0,12.0,14.0,17.0,inferred
Woking,2021-06-04,3.0,4.0,5.0,6.0,6.0,7.0,8.0,9.0,10.0,11.0,11.0,13.0,17.0,inferred
Woking,2021-06-05,2.0,3.0,4.0,5.0,5.0,6.0,7.0,8.0,9.0,9.0,10.0,11.0,15.0,inferred
Woking,2021-06-06,3.0,5.0,6.0,7.0,7.0,8.0,9.0,10.0,11.0,11.0,12.0,14.0,17.0,inferred
Woking,2021-06-07,4.0,6.0,8.0,9.0,9.0,10.0,11.0,12.0,13.0,14.0,15.0,17.0,21.0,inferred
Woking,2021-06-08,4.0,6.0,8.0,9.0,9.0,10.0,11.0,12.0,13.0,14.0,15.0,17.0,21.0,inferred
Woking,2021-06-09,5.0,7.0,8.0,9.0,10.0,11.0,12.0,13.0,14.0,15.0,15.0,18.0,22.0,inferred
Woking,2021-06-10,4.0,6.0,8.0,8.0,9.0,10.0,11.0,12.0,13.0,14.0,14.0,16.0,20.0,inferred
Woking,2021-06-11,4.0,5.0,7.0,7.0,8.0,9.0,10.0,11.0,12.0,12.0,13.0,15.0,18.0,inferred
Woking,2021-06-12,2.0,4.0,5.0,6.0,6.0,7.0,8.0,9.0,10.0,11.0,11.0,13.0,16.0,inferred
Woking,2021-06-13,3.0,5.0,6.0,7.0,8.0,9.0,9.0,10.0,12.0,12.0,13.0,15.0,18.0,inferred
Woking,2021-06-14,4.5,6.0,8.0,9.0,9.0,10.0,11.0,12.4,14.0,14.0,15.0,18.0,21.0,inferred
Woking,2021-06-15,4.0,6.0,8.0,8.0,9.0,10.0,11.0,12.0,13.0,14.0,15.0,17.0,21.5,inferred
Woking,2021-06-16,5.0,7.0,8.0,9.0,10.0,11.0,12.0,13.0,14.0,15.0,16.0,18.0,22.0,inferred
Woking,2021-06-17,4.0,6.0,7.0,8.0,9.0,10.0,11.0,12.0,13.0,14.0,15.0,17.0,21.0,inferred
Woking,2021-06-18,3.0,5.0,7.0,7.0,8.0,9.0,10.0,11.0,12.0,13.0,13.0,16.0,20.0,inferred
Wokingham,2021-03-06,1.0,2.0,3.0,4.0,4.0,5.0,5.0,6.0,7.0,7.0,8.0,9.0,12.0,inferred
Wokingham,2021-03-07,2.0,3.0,4.0,5.0,5.0,6.0,6.0,7.0,8.0,9.0,9.0,11.0,14.0,inferred
Wokingham,2021-03-08,3.0,4.0,6.0,6.0,7.0,8.0,8.0,9.0,10.0,11.0,11.0,13.0,17.0,inferred
Wokingham,2021-03-09,3.0,5.0,6.0,6.0,7.0,8.0,8.0,9.0,10.0,11.0,11.0,13.0,16.0,inferred
Wokingham,2021-03-10,3.0,5.0,6.0,7.0,7.0,8.0,9.0,10.0,11.0,11.0,12.0,14.0,17.0,inferred
Wokingham,2021-03-11,3.0,4.0,6.0,6.0,7.0,8.0,8.0,9.0,10.0,11.0,12.0,13.1,17.0,inferred
Wokingham,2021-03-12,2.0,4.0,5.0,5.0,6.0,7.0,8.0,8.0,9.0,10.0,11.0,13.0,15.0,inferred
Wokingham,2021-03-13,1.0,3.0,4.0,4.0,5.0,5.0,6.0,7.0,8.0,8.0,9.0,11.0,13.0,inferred
Wokingham,2021-03-14,2.0,4.0,5.0,5.0,6.0,7.0,7.0,8.0,9.0,10.0,11.0,12.0,15.0,inferred
Wokingham,2021-03-15,3.0,5.0,6.0,7.0,7.0,8.0,9.0,10.0,11.0,12.0,13.0,15.0,18.0,inferred
Wokingham,2021-03-16,3.0,5.0,6.0,7.0,7.0,8.0,9.0,10.0,11.0,11.0,12.0,14.0,17.0,inferred
Wokingham,2021-03-17,3.0,5.0,6.0,7.0,7.0,9.0,10.0,10.0,11.0,12.0,13.0,15.0,18.0,inferred
Wokingham,2021-03-18,3.0,5.0,6.0,6.0,7.0,8.0,9.0,10.0,11.0,11.0,12.0,14.0,17.0,inferred
Wokingham,2021-03-19,2.0,4.0,5.0,6.0,6.0,7.0,8.0,9.0,10.0,10.0,11.0,13.0,16.0,inferred
Wokingham,2021-03-20,2.0,3.0,4.0,4.0,5.0,5.0,6.0,7.0,8.0,9.0,9.0,11.0,14.0,inferred
Wokingham,2021-03-21,2.0,4.0,5.0,5.0,6.0,7.0,7.0,8.0,9.0,10.0,11.0,13.0,16.0,inferred
Wokingham,2021-03-22,3.0,5.0,6.0,7.0,7.0,8.0,9.0,10.0,11.0,12.0,13.0,14.0,18.0,inferred
Wokingham,2021-03-23,3.0,4.0,6.0,6.0,7.0,8.0,9.0,10.0,11.0,11.0,12.0,14.0,17.0,inferred
Wokingham,2021-03-24,3.0,5.0,6.0,7.0,7.0,8.0,9.0,10.0,11.0,12.0,12.0,14.0,17.0,inferred
Wokingham,2021-03-25,3.0,4.0,5.0,6.0,6.0,7.0,8.0,9.0,10.0,11.0,11.0,13.0,16.0,inferred
Wokingham,2021-03-26,2.0,3.0,4.0,5.0,5.0,6.0,7.0,7.0,8.0,9.0,10.0,11.0,14.0,inferred
Wokingham,2021-03-27,1.0,2.0,3.0,3.0,4.0,4.0,5.0,6.0,7.0,7.0,8.0,9.0,12.0,inferred
Wokingham,2021-03-28,1.0,3.0,4.0,4.0,4.0,5.0,6.0,7.0,8.0,8.0,9.0,10.0,13.0,inferred
Wokingham,2021-03-29,2.0,3.0,4.0,5.0,5.0,6.0,7.0,8.0,8.0,9.0,10.0,11.0,15.0,inferred
Wokingham,2021-03-30,1.0,3.0,4.0,4.0,5.0,5.0,6.0,7.0,8.0,8.0,9.0,11.0,14.0,inferred
Wokingham,2021-03-31,1.0,3.0,4.0,4.0,5.0,6.0,6.0,7.0,8.0,8.0,9.0,11.0,14.0,inferred
Wokingham,2021-04-01,1.0,2.0,3.0,4.0,4.0,5.0,6.0,6.0,7.0,8.0,8.0,10.0,13.0,inferred
Wokingham,2021-04-02,1.0,2.0,3.0,3.0,3.0,4.0,5.0,5.0,6.0,6.0,7.0,9.0,11.0,inferred
Wokingham,2021-04-03,0.0,1.0,2.0,2.0,2.0,3.0,4.0,4.0,5.0,5.0,6.0,7.0,10.0,inferred
Wokingham,2021-04-04,1.0,2.0,2.0,3.0,3.0,4.0,4.0,5.0,6.0,6.0,6.0,8.0,10.0,inferred
Wokingham,2021-04-05,1.0,2.0,3.0,3.0,4.0,4.0,5.0,6.0,6.0,7.0,7.0,9.0,12.0,inferred
Wokingham,2021-04-06,1.0,2.0,3.0,3.0,3.0,4.0,5.0,5.0,6.0,7.0,7.0,9.0,11.0,inferred
Wokingham,2021-04-07,1.0,2.0,3.0,3.0,3.0,4.0,5.0,6.0,7.0,7.0,8.0,9.0,12.0,inferred
Wokingham,2021-04-08,1.0,2.0,3.0,3.0,3.0,4.0,5.0,5.0,6.0,6.0,7.0,8.0,11.0,inferred
Wokingham,2021-04-09,0.0,1.0,2.0,2.0,3.0,3.0,4.0,4.0,5.0,6.0,6.0,8.0,10.5,inferred
Wokingham,2021-04-10,0.0,1.0,2.0,2.0,2.0,3.0,3.0,4.0,4.0,5.0,5.0,7.0,9.0,inferred
Wokingham,2021-04-11,0.0,1.0,2.0,2.0,3.0,3.0,4.0,4.0,5.0,6.0,6.0,7.0,10.0,inferred
Wokingham,2021-04-12,1.0,2.0,3.0,3.0,3.0,4.0,5.0,5.0,6.0,7.0,7.0,8.1,11.0,inferred
Wokingham,2021-04-13,1.0,2.0,3.0,3.0,3.0,4.0,5.0,5.0,6.0,7.0,7.0,9.0,11.0,inferred
Wokingham,2021-04-14,1.0,2.0,3.0,3.0,3.0,4.0,5.0,5.0,6.0,7.0,7.0,9.0,12.0,inferred
Wokingham,2021-04-15,1.0,2.0,3.0,3.0,3.0,4.0,4.5,5.0,6.0,6.2,7.0,8.0,11.0,inferred
Wokingham,2021-04-16,0.0,1.0,2.0,2.0,3.0,3.0,4.0,5.0,5.0,6.0,6.0,8.0,11.0,inferred
Wokingham,2021-04-17,0.0,1.0,2.0,2.0,2.0,3.0,3.0,4.0,4.3,5.0,5.0,6.0,9.0,inferred
Wokingham,2021-04-18,0.0,1.0,2.0,3.0,3.0,3.0,4.0,5.0,5.0,6.0,6.0,8.0,10.0,inferred
Wokingham,2021-04-19,1.0,2.0,3.0,3.0,4.0,4.0,5.0,6.0,6.0,7.0,8.0,9.0,12.0,inferred
Wokingham,2021-04-20,1.0,2.0,3.0,3.0,3.0,4.0,5.0,5.0,6.0,7.0,7.0,9.0,11.0,inferred
Wokingham,2021-04-21,1.0,2.0,3.0,3.0,3.0,4.0,5.0,6.0,6.0,7.0,7.0,9.0,12.0,inferred
Wokingham,2021-04-22,1.0,2.0,2.0,3.0,3.0,4.0,4.0,5.0,6.0,6.0,7.0,8.0,11.0,inferred
Wokingham,2021-04-23,0.0,1.0,2.0,2.0,3.0,3.0,4.0,4.0,5.0,6.0,6.0,7.1,10.0,inferred
Wokingham,2021-04-24,0.0,1.0,1.0,2.0,2.0,2.0,3.0,3.0,4.0,4.0,5.0,6.0,8.0,inferred
Wokingham,2021-04-25,0.0,1.0,2.0,2.0,2.0,3.0,3.0,4.0,4.0,5.0,5.0,7.0,9.0,inferred
Wokingham,2021-04-26,1.0,1.0,2.0,3.0,3.0,3.0,4.0,5.0,5.0,6.0,6.0,8.0,10.0,inferred
Wokingham,2021-04-27,0.0,1.0,2.0,2.0,2.0,3.0,4.0,4.0,5.0,5.0,6.0,7.0,9.0,inferred
Wokingham,2021-04-28,0.0,1.0,2.0,2.0,3.0,3.0,4.0,4.0,5.0,6.0,6.0,7.0,9.5,inferred
Wokingham,2021-04-29,0.0,1.0,1.0,2.0,2.0,3.0,3.0,4.0,5.0,5.0,5.0,7.0,9.0,inferred
Wokingham,2021-04-30,0.0,1.0,1.0,1.0,2.0,2.0,3.0,3.0,4.0,4.0,4.0,6.0,8.0,inferred
Wokingham,2021-05-01,0.0,0.0,1.0,1.0,1.0,2.0,2.0,3.0,3.0,3.0,4.0,5.0,7.0,inferred
Wokingham,2021-05-02,0.0,1.0,1.0,1.0,1.0,2.0,2.0,3.0,4.0,4.0,4.0,5.0,8.0,inferred
Wokingham,2021-05-03,0.0,1.0,2.0,2.0,2.0,3.0,3.0,4.0,4.0,5.0,5.0,6.0,9.0,inferred
Wokingham,2021-05-04,0.0,1.0,1.0,2.0,2.0,2.0,3.0,4.0,4.0,5.0,5.0,6.0,9.0,inferred
Wokingham,2021-05-05,0.0,1.0,2.0,2.0,2.0,3.0,3.0,4.0,5.0,5.0,5.0,7.0,9.0,inferred
Wokingham,2021-05-06,0.0,1.0,2.0,2.0,2.0,3.0,3.0,4.0,4.0,5.0,5.0,7.0,9.0,inferred
Wokingham,2021-05-07,0.0,1.0,1.0,2.0,2.0,2.0,3.0,3.0,4.0,4.0,5.0,6.0,9.0,inferred
Wokingham,2021-05-08,0.0,0.0,1.0,1.0,1.0,2.0,2.0,3.0,4.0,4.0,4.0,5.0,7.0,inferred
Wokingham,2021-05-09,0.0,1.0,1.0,2.0,2.0,2.0,3.0,3.4,4.0,5.0,5.0,7.0,9.0,inferred
Wokingham,2021-05-10,0.0,1.0,2.0,2.0,2.0,3.0,4.0,4.0,5.0,5.0,6.0,7.0,10.0,inferred
Wokingham,2021-05-11,0.0,1.0,2.0,2.0,2.0,3.0,4.0,4.0,5.0,6.0,6.0,8.0,10.0,inferred
Wokingham,2021-05-12,0.0,1.0,2.0,2.0,3.0,4.0,4.0,5.0,6.0,6.0,7.0,8.0,10.0,inferred
Wokingham,2021-05-13,0.0,1.0,2.0,3.0,3.0,4.0,4.0,5.0,6.0,6.0,7.0,8.0,10.0,inferred
Wokingham,2021-05-14,0.0,1.0,2.0,2.0,3.0,3.0,4.0,4.0,5.0,6.0,6.0,8.0,10.0,inferred
Wokingham,2021-05-15,0.0,1.0,2.0,2.0,2.0,3.0,3.0,4.0,5.0,5.0,6.0,7.0,9.0,inferred
Wokingham,2021-05-16,1.0,2.0,2.0,3.0,3.0,4.0,4.0,5.0,6.0,6.0,7.0,8.0,11.0,inferred
Wokingham,2021-05-17,1.0,3.0,4.0,4.0,5.0,5.0,6.0,7.0,8.0,9.0,9.0,11.0,14.0,inferred
Wokingham,2021-05-18,2.0,3.0,4.0,4.0,5.0,6.0,6.0,7.0,8.0,9.0,9.0,11.0,14.0,inferred
Wokingham,2021-05-19,2.0,4.0,5.0,6.0,6.0,7.0,8.0,8.0,10.0,10.0,11.0,13.0,16.0,inferred
Wokingham,2021-05-20,2.0,4.0,5.0,5.0,6.0,7.0,8.0,9.0,10.0,10.0,11.0,13.0,16.0,inferred
Wokingham,2021-05-21,2.0,4.0,5.0,5.0,6.0,7.0,7.0,8.0,9.0,10.0,11.0,12.0,16.0,inferred
Wokingham,2021-05-22,2.0,3.0,4.0,5.0,5.0,6.0,7.0,8.0,9.0,9.0,10.0,12.0,14.0,inferred
Wokingham,2021-05-23,3.0,5.0,6.0,6.0,7.0,8.0,9.0,10.0,11.0,12.0,12.0,14.0,17.0,inferred
Wokingham,2021-05-24,5.0,7.0,9.0,9.0,10.0,11.0,12.0,13.0,14.0,15.0,16.0,18.0,22.0,inferred
Wokingham,2021-05-25,5.0,7.9,9.0,10.0,10.0,12.0,13.0,14.0,15.0,16.0,17.0,19.0,23.0,inferred
Wokingham,2021-05-26,7.0,9.0,11.0,12.0,12.0,14.0,15.0,16.0,17.0,18.0,19.0,21.0,26.0,inferred
Wokingham,2021-05-27,7.0,9.0,11.0,12.0,12.0,13.0,15.0,16.0,17.0,18.0,19.0,21.0,25.0,inferred
Wokingham,2021-05-28,6.0,8.0,10.0,11.0,12.0,13.0,14.0,15.0,16.0,17.0,18.0,20.0,24.0,inferred
Wokingham,2021-05-29,5.0,7.0,9.0,10.0,10.0,11.0,12.0,14.0,15.0,16.0,16.0,18.0,22.0,inferred
Wokingham,2021-05-30,7.0,10.0,12.0,13.0,13.0,15.0,16.0,17.0,19.0,20.0,21.0,23.0,27.0,inferred
Wokingham,2021-05-31,11.0,14.0,16.0,17.0,18.0,19.0,21.0,22.0,24.0,25.0,26.0,29.0,34.0,inferred
Wokingham,2021-06-01,11.0,14.0,16.0,17.0,18.0,20.0,21.0,23.0,24.0,25.0,26.0,29.0,33.5,inferred
Wokingham,2021-06-02,12.0,15.0,18.0,18.0,19.0,21.0,22.0,24.0,26.0,27.0,28.0,30.1,36.0,inferred
Wokingham,2021-06-03,11.0,14.0,17.0,17.0,18.0,20.0,21.0,22.0,24.0,25.0,26.0,29.0,33.0,inferred
Wokingham,2021-06-04,10.0,12.0,14.8,16.0,16.0,18.0,19.0,20.0,22.0,23.0,24.0,26.0,31.0,inferred
Wokingham,2021-06-05,7.5,10.0,12.0,12.0,13.0,14.0,15.0,17.0,18.0,19.0,20.0,22.0,27.0,inferred
Wokingham,2021-06-06,9.0,12.0,14.0,15.0,16.0,17.0,18.0,20.0,21.0,22.0,23.0,26.0,30.0,inferred
Wokingham,2021-06-07,12.0,16.0,17.0,18.0,19.0,21.0,22.0,24.0,25.0,26.0,28.0,30.1,35.0,inferred
Wokingham,2021-06-08,11.0,15.0,17.0,17.0,18.0,20.0,22.0,23.0,25.0,26.0,27.0,29.1,35.0,inferred
Wokingham,2021-06-09,12.0,15.0,17.0,18.0,19.0,21.0,22.0,24.0,25.0,26.0,27.0,31.0,37.0,inferred
Wokingham,2021-06-10,11.0,14.0,16.0,17.0,18.0,19.0,21.0,22.0,24.0,25.0,26.0,28.0,33.0,inferred
Wokingham,2021-06-11,9.0,12.0,13.0,14.0,15.0,16.0,18.0,19.0,21.0,22.0,23.0,25.0,30.0,inferred
Wokingham,2021-06-12,7.0,9.0,11.0,12.0,12.0,14.0,15.0,16.0,17.0,18.0,19.0,22.0,25.0,inferred
Wokingham,2021-06-13,8.0,11.0,13.0,14.0,15.0,16.0,17.0,19.0,20.0,21.0,22.0,25.0,29.0,inferred
Wokingham,2021-06-14,11.0,15.0,17.0,18.0,18.0,20.0,21.0,23.0,24.0,25.0,26.0,29.0,34.0,inferred
Wokingham,2021-06-15,11.0,14.0,16.0,17.0,18.0,19.0,21.0,22.0,24.0,25.0,26.0,28.0,32.0,inferred
Wokingham,2021-06-16,11.0,15.0,17.0,18.0,19.0,20.0,22.0,23.0,25.0,26.0,27.0,30.0,35.0,inferred
Wokingham,2021-06-17,11.0,14.0,16.0,17.0,18.0,19.0,20.0,22.0,23.0,24.0,25.0,29.0,33.0,inferred
Wokingham,2021-06-18,9.0,12.0,14.0,15.0,15.0,17.0,18.0,20.0,21.0,22.0,23.0,26.0,30.0,inferred
Wolverhampton,2021-03-06,9.0,12.0,14.0,15.0,15.0,17.0,18.0,19.0,21.0,22.0,23.0,25.0,29.5,inferred
Wolverhampton,2021-03-07,10.0,14.0,16.0,17.0,17.0,19.0,20.0,22.0,24.0,25.0,26.0,29.0,33.0,inferred
Wolverhampton,2021-03-08,14.0,18.0,20.0,21.0,22.0,24.0,26.0,27.0,29.0,30.0,31.0,34.0,38.0,inferred
Wolverhampton,2021-03-09,13.0,16.0,19.0,20.0,21.0,22.6,24.0,25.4,28.0,28.0,30.0,32.0,37.0,inferred
Wolverhampton,2021-03-10,14.0,18.0,21.0,22.0,23.0,24.0,26.0,27.0,29.0,30.0,31.0,35.0,39.0,inferred
Wolverhampton,2021-03-11,12.5,16.0,18.0,19.0,20.0,22.0,23.0,25.0,27.0,28.0,29.0,32.0,37.0,inferred
Wolverhampton,2021-03-12,12.0,15.0,17.0,18.0,19.0,20.0,22.0,24.0,25.0,26.0,27.0,30.0,35.0,inferred
Wolverhampton,2021-03-13,9.0,11.0,14.0,14.0,15.0,17.0,18.0,19.0,21.0,21.0,22.0,25.0,30.0,inferred
Wolverhampton,2021-03-14,11.0,14.0,16.0,17.0,18.0,20.0,21.0,22.0,24.0,25.0,26.0,29.0,34.0,inferred
Wolverhampton,2021-03-15,15.0,19.0,21.0,23.0,23.7,25.0,27.0,29.0,31.0,32.0,33.0,36.0,42.0,inferred
Wolverhampton,2021-03-16,15.0,18.0,21.0,21.0,22.0,24.0,26.0,27.0,30.0,31.0,32.0,35.0,41.0,inferred
Wolverhampton,2021-03-17,16.0,20.0,22.0,23.0,24.0,26.0,28.0,29.0,31.0,32.0,34.0,37.0,43.0,inferred
Wolverhampton,2021-03-18,14.0,17.0,20.0,21.0,22.0,23.0,25.0,26.0,28.0,29.0,31.0,34.0,39.0,inferred
Wolverhampton,2021-03-19,11.0,15.0,17.0,18.0,19.0,21.0,23.0,24.0,26.0,27.0,28.0,31.0,37.0,inferred
Wolverhampton,2021-03-20,9.0,12.0,14.0,15.0,16.0,17.0,18.0,20.0,22.0,23.0,24.0,26.0,31.0,inferred
Wolverhampton,2021-03-21,11.0,14.9,17.0,18.0,18.0,20.0,22.0,23.0,25.0,26.0,27.0,29.1,34.5,inferred
Wolverhampton,2021-03-22,16.0,20.0,23.0,23.0,24.0,26.0,28.0,30.0,32.0,33.0,34.0,37.0,43.0,inferred
Wolverhampton,2021-03-23,15.0,18.0,21.0,22.0,23.0,25.0,27.0,28.0,30.0,31.0,32.0,36.0,42.0,inferred
Wolverhampton,2021-03-24,15.0,19.0,21.0,23.0,24.0,26.0,27.0,29.0,31.0,32.0,33.0,37.0,43.0,inferred
Wolverhampton,2021-03-25,13.0,17.0,19.0,20.0,21.0,22.0,24.0,26.0,27.0,28.0,29.2,33.0,37.0,inferred
Wolverhampton,2021-03-26,10.0,14.0,16.0,17.0,18.0,19.0,21.0,22.0,24.0,24.0,26.0,30.0,34.0,inferred
Wolverhampton,2021-03-27,7.0,10.0,12.0,13.0,14.0,15.0,16.0,17.0,19.0,20.0,21.0,23.1,28.0,inferred
Wolverhampton,2021-03-28,9.0,12.0,14.0,15.0,16.0,17.0,18.0,20.0,21.0,22.0,23.0,26.0,30.0,inferred
Wolverhampton,2021-03-29,12.0,16.0,18.0,19.0,20.0,21.0,23.0,24.0,26.0,27.0,28.0,31.0,36.5,inferred
Wolverhampton,2021-03-30,11.0,14.0,16.0,17.0,18.0,19.0,21.0,23.0,24.0,25.0,27.0,30.0,35.0,inferred
Wolverhampton,2021-03-31,11.0,14.0,16.0,17.0,18.0,20.0,21.0,23.0,25.0,25.0,26.0,30.0,35.0,inferred
Wolverhampton,2021-04-01,9.0,12.0,14.0,14.0,15.0,17.0,18.0,20.0,21.0,22.0,23.0,26.0,31.0,inferred
Wolverhampton,2021-04-02,6.5,9.0,12.0,12.0,13.0,14.0,16.0,17.0,18.0,19.0,20.0,23.0,27.0,inferred
Wolverhampton,2021-04-03,4.0,7.0,8.0,9.0,9.0,10.0,12.0,13.0,14.0,15.0,16.0,18.0,21.0,inferred
Wolverhampton,2021-04-04,5.0,7.0,9.0,10.0,10.0,11.0,12.0,14.0,15.0,16.0,17.0,19.0,24.0,inferred
Wolverhampton,2021-04-05,7.0,9.0,11.0,12.0,13.0,14.0,15.0,16.0,18.0,19.0,19.0,22.0,26.5,inferred
Wolverhampton,2021-04-06,6.0,8.0,10.0,11.0,11.0,13.0,14.0,15.0,17.0,17.2,19.0,21.0,25.0,inferred
Wolverhampton,2021-04-07,6.0,8.0,10.0,11.0,12.0,13.0,14.0,16.0,17.0,18.0,19.0,21.0,25.0,inferred
Wolverhampton,2021-04-08,4.0,7.0,8.0,9.0,10.0,11.0,12.0,13.0,15.0,15.0,16.0,19.0,22.5,inferred
Wolverhampton,2021-04-09,4.0,6.0,7.0,8.0,8.0,9.0,10.0,12.0,13.0,13.0,14.0,16.1,20.0,inferred
Wolverhampton,2021-04-10,2.0,4.0,5.0,6.0,6.0,7.0,8.0,9.0,10.0,11.0,12.0,14.0,17.0,inferred
Wolverhampton,2021-04-11,3.0,5.0,6.0,6.0,7.0,8.0,9.0,10.0,11.0,12.0,13.0,15.0,19.0,inferred
Wolverhampton,2021-04-12,4.0,6.0,8.0,8.0,9.0,10.0,11.0,12.0,14.0,15.0,16.0,18.0,22.0,inferred
Wolverhampton,2021-04-13,4.0,6.0,8.0,8.0,9.0,10.0,11.0,12.0,13.0,14.0,15.0,17.0,22.0,inferred
Wolverhampton,2021-04-14,4.0,6.0,8.0,8.0,9.0,10.0,11.0,12.0,14.0,14.0,15.0,17.0,20.0,inferred
Wolverhampton,2021-04-15,3.0,5.0,7.0,7.0,8.0,9.0,10.0,11.0,12.0,13.0,14.0,16.0,19.0,inferred
Wolverhampton,2021-04-16,2.0,4.0,6.0,6.0,7.0,8.0,8.0,9.0,11.0,11.0,12.0,14.0,17.0,inferred
Wolverhampton,2021-04-17,2.0,3.0,4.0,5.0,5.0,6.0,7.0,8.0,9.0,9.0,10.0,12.0,15.0,inferred
Wolverhampton,2021-04-18,2.0,4.0,5.0,5.0,6.0,7.0,8.0,8.0,9.0,10.0,11.0,13.0,16.0,inferred
Wolverhampton,2021-04-19,3.0,5.0,7.0,7.0,8.0,9.0,10.0,11.0,12.0,12.0,13.0,15.0,19.0,inferred
Wolverhampton,2021-04-20,3.0,4.0,6.0,7.0,7.0,8.0,9.0,10.0,11.0,12.0,13.0,15.0,18.0,inferred
Wolverhampton,2021-04-21,3.0,5.0,6.0,7.0,8.0,8.6,9.0,11.0,12.0,13.0,13.0,15.0,18.0,inferred
Wolverhampton,2021-04-22,2.0,4.0,6.0,6.0,7.0,7.0,8.0,9.0,10.0,11.0,12.0,13.0,17.0,inferred
Wolverhampton,2021-04-23,2.0,3.0,5.0,5.0,5.0,6.0,7.0,8.0,9.0,10.0,11.0,12.0,15.0,inferred
Wolverhampton,2021-04-24,1.0,2.0,3.0,4.0,4.0,5.0,5.0,6.0,7.0,8.0,8.0,10.0,13.0,inferred
Wolverhampton,2021-04-25,1.0,3.0,4.0,4.0,5.0,6.0,6.0,7.0,8.0,9.0,9.0,11.0,14.0,inferred
Wolverhampton,2021-04-26,2.0,4.0,5.0,6.0,6.0,7.0,8.0,9.0,10.0,10.0,11.0,13.0,16.0,inferred
Wolverhampton,2021-04-27,2.0,3.0,5.0,5.0,6.0,7.0,7.0,8.0,9.0,10.0,11.0,13.0,16.5,inferred
Wolverhampton,2021-04-28,2.0,4.0,5.0,6.0,6.0,7.0,8.0,9.0,10.0,10.0,11.0,13.0,16.0,inferred
Wolverhampton,2021-04-29,2.0,3.0,4.0,5.0,5.0,6.0,7.0,8.0,9.0,9.0,10.0,12.0,16.0,inferred
Wolverhampton,2021-04-30,1.0,3.0,4.0,4.0,5.0,5.0,6.0,7.0,8.0,8.0,9.0,11.0,14.0,inferred
Wolverhampton,2021-05-01,1.0,2.0,2.0,3.0,3.0,4.0,5.0,5.0,6.0,7.0,7.0,9.0,12.0,inferred
Wolverhampton,2021-05-02,1.0,2.0,3.0,4.0,4.0,5.0,5.0,6.0,7.0,7.0,8.0,10.0,13.0,inferred
Wolverhampton,2021-05-03,2.0,3.0,4.0,5.0,5.0,6.0,7.0,8.0,9.0,9.0,10.0,12.0,15.0,inferred
Wolverhampton,2021-05-04,2.0,3.0,4.0,4.0,5.0,6.0,7.0,7.0,8.0,9.0,10.0,12.0,15.0,inferred
Wolverhampton,2021-05-05,2.0,3.0,4.0,5.0,5.0,6.0,7.0,8.0,9.0,9.0,10.0,12.0,15.0,inferred
Wolverhampton,2021-05-06,1.0,2.0,4.0,4.0,5.0,5.0,6.0,7.0,8.0,8.0,9.0,11.0,14.0,inferred
Wolverhampton,2021-05-07,1.0,2.0,3.0,4.0,4.0,5.0,5.0,6.0,7.0,8.0,8.0,10.0,13.0,inferred
Wolverhampton,2021-05-08,0.0,1.0,2.0,2.0,3.0,3.0,4.0,5.0,5.0,6.0,6.0,8.0,10.0,inferred
Wolverhampton,2021-05-09,1.0,2.0,3.0,3.0,3.0,4.0,5.0,5.0,6.0,7.0,7.0,9.0,12.0,inferred
Wolverhampton,2021-05-10,1.0,2.0,3.0,4.0,4.0,5.0,6.0,7.0,7.3,8.0,9.0,11.0,13.0,inferred
Wolverhampton,2021-05-11,1.0,2.0,3.0,4.0,4.0,5.0,5.0,6.0,7.0,8.0,8.0,10.0,13.0,inferred
Wolverhampton,2021-05-12,1.0,2.0,3.0,4.0,4.0,5.0,6.0,6.0,7.0,8.0,9.0,10.0,13.0,inferred
Wolverhampton,2021-05-13,1.0,2.0,3.0,3.0,4.0,4.0,5.0,6.0,7.0,7.0,8.0,9.0,12.0,inferred
Wolverhampton,2021-05-14,1.0,2.0,2.0,3.0,3.0,4.0,5.0,5.0,6.0,7.0,7.0,9.0,12.0,inferred
Wolverhampton,2021-05-15,0.0,1.0,2.0,2.0,2.0,3.0,3.0,4.0,5.0,5.0,6.0,7.0,10.0,inferred
Wolverhampton,2021-05-16,0.0,1.0,2.0,2.0,3.0,3.0,4.0,4.0,5.0,6.0,6.0,7.0,10.0,inferred
Wolverhampton,2021-05-17,1.0,2.0,3.0,3.0,3.0,4.0,5.0,6.0,7.0,7.0,8.0,9.0,12.5,inferred
Wolverhampton,2021-05-18,1.0,2.0,3.0,3.0,3.0,4.0,5.0,6.0,6.0,7.0,8.0,9.0,12.0,inferred
Wolverhampton,2021-05-19,1.0,2.0,3.0,3.0,4.0,4.0,5.0,6.0,7.0,7.0,8.0,9.1,12.0,inferred
Wolverhampton,2021-05-20,1.0,2.0,3.0,3.0,3.0,4.0,5.0,5.0,6.0,7.0,7.0,9.0,12.0,inferred
Wolverhampton,2021-05-21,0.5,1.0,2.0,3.0,3.0,4.0,4.0,5.0,6.0,6.0,7.0,9.0,11.0,inferred
Wolverhampton,2021-05-22,0.0,1.0,2.0,2.0,2.0,3.0,3.5,4.0,5.0,5.0,6.0,7.0,10.0,inferred
Wolverhampton,2021-05-23,0.0,1.0,2.0,3.0,3.0,4.0,4.0,5.0,6.0,6.0,7.0,8.0,10.5,inferred
Wolverhampton,2021-05-24,1.0,2.0,3.0,4.0,4.0,5.0,5.0,6.0,7.0,8.0,8.0,10.0,13.0,inferred
Wolverhampton,2021-05-25,1.0,2.0,3.0,4.0,4.0,5.0,5.0,6.0,7.0,8.0,8.0,10.0,13.0,inferred
Wolverhampton,2021-05-26,1.0,3.0,4.0,4.0,5.0,5.0,6.0,7.0,8.0,8.0,9.0,11.0,14.0,inferred
Wolverhampton,2021-05-27,1.0,2.0,3.0,4.0,4.0,5.0,6.0,7.0,8.0,8.0,9.0,11.0,14.0,inferred
Wolverhampton,2021-05-28,1.0,3.0,4.0,4.0,5.0,5.0,6.0,7.0,8.0,8.0,9.0,11.0,14.0,inferred
Wolverhampton,2021-05-29,1.0,2.0,3.0,3.0,4.0,5.0,5.0,6.0,7.0,8.0,8.0,10.0,12.0,inferred
Wolverhampton,2021-05-30,1.5,3.0,4.0,5.0,5.0,6.0,7.0,8.0,9.0,9.0,10.0,12.0,15.0,inferred
Wolverhampton,2021-05-31,3.0,5.0,7.0,7.0,8.0,9.0,10.0,11.0,12.0,12.0,13.0,15.0,19.0,inferred
Wolverhampton,2021-06-01,4.0,6.0,7.0,8.0,8.0,9.0,10.0,11.0,13.0,13.0,14.0,16.0,21.0,inferred
Wolverhampton,2021-06-02,5.0,7.0,8.0,9.0,9.0,11.0,11.0,13.0,14.0,15.0,16.0,18.0,22.0,inferred
Wolverhampton,2021-06-03,5.0,7.0,8.0,9.0,9.0,11.0,12.0,13.0,14.0,14.0,15.0,18.0,22.0,inferred
Wolverhampton,2021-06-04,4.0,6.0,8.0,8.0,9.0,10.0,11.0,12.0,14.0,14.0,15.0,18.0,21.0,inferred
Wolverhampton,2021-06-05,3.0,5.0,7.0,7.0,8.0,9.0,10.0,11.0,12.0,13.0,14.0,16.0,19.0,inferred
Wolverhampton,2021-06-06,5.0,7.0,9.0,9.0,10.0,11.0,12.0,13.0,15.0,15.0,16.0,18.0,22.0,inferred
Wolverhampton,2021-06-07,7.0,11.0,12.0,13.0,14.0,15.0,16.0,18.0,19.0,20.0,21.0,24.0,28.0,inferred
Wolverhampton,2021-06-08,7.0,10.0,12.0,13.0,14.0,15.0,16.0,18.0,19.0,20.0,21.0,24.0,28.0,inferred
Wolverhampton,2021-06-09,9.0,11.0,14.0,14.0,15.0,17.0,18.0,20.0,21.0,22.0,23.0,26.0,31.0,inferred
Wolverhampton,2021-06-10,8.0,10.0,12.0,13.0,14.0,15.0,17.0,18.0,20.0,20.0,21.0,24.0,29.0,inferred
Wolverhampton,2021-06-11,7.0,9.0,11.0,12.0,13.0,14.0,16.0,17.0,18.0,19.0,20.0,23.0,28.0,inferred
Wolverhampton,2021-06-12,5.0,7.0,9.0,10.0,11.0,12.0,13.0,14.0,16.0,16.0,17.0,20.0,24.0,inferred
Wolverhampton,2021-06-13,7.0,10.0,12.0,13.0,13.0,15.0,16.0,17.0,19.0,20.0,21.0,23.0,27.0,inferred
Wolverhampton,2021-06-14,11.0,14.0,16.0,17.0,18.0,19.0,21.0,22.0,24.0,25.0,26.0,29.0,34.0,inferred
Wolverhampton,2021-06-15,11.0,14.0,16.0,17.0,18.0,20.0,21.0,23.0,24.0,25.0,26.0,30.0,35.0,inferred
Wolverhampton,2021-06-16,12.0,15.0,18.0,19.0,20.0,21.0,23.0,24.0,26.0,27.0,29.0,32.0,37.0,inferred
Wolverhampton,2021-06-17,11.0,14.0,17.0,18.0,19.0,20.0,22.0,24.0,25.0,26.0,27.0,31.0,36.0,inferred
Wolverhampton,2021-06-18,10.0,13.0,16.0,16.0,17.0,19.0,20.0,22.0,24.0,25.0,26.0,29.0,34.0,inferred
Worcester,2021-03-06,1.0,3.0,4.0,4.0,4.0,5.0,6.0,6.0,7.0,8.0,8.0,10.0,12.0,inferred
Worcester,2021-03-07,2.0,3.0,4.0,5.0,5.0,6.0,7.0,7.0,8.0,9.0,9.0,11.0,13.0,inferred
Worcester,2021-03-08,3.0,5.0,6.0,6.0,7.0,7.0,8.0,9.0,10.0,10.0,11.0,13.0,15.0,inferred
Worcester,2021-03-09,3.0,4.0,5.0,6.0,6.0,7.0,8.0,9.0,10.0,10.0,11.0,12.0,15.0,inferred
Worcester,2021-03-10,3.0,4.9,6.0,6.0,7.0,7.0,8.0,9.0,10.0,11.0,11.0,13.0,15.0,inferred
Worcester,2021-03-11,3.0,4.0,5.0,5.0,6.0,7.0,7.0,8.0,9.0,10.0,10.0,12.0,14.0,inferred
Worcester,2021-03-12,2.0,3.0,4.0,5.0,5.0,6.0,7.0,8.0,9.0,9.0,10.0,11.0,14.0,inferred
Worcester,2021-03-13,1.0,3.0,3.0,4.0,4.0,5.0,6.0,6.0,7.0,8.0,8.0,9.0,12.0,inferred
Worcester,2021-03-14,2.0,3.0,4.0,5.0,5.0,6.0,6.0,7.0,8.0,9.0,9.0,11.0,14.0,inferred
Worcester,2021-03-15,3.0,5.0,6.0,6.0,7.0,8.0,9.0,9.0,11.0,11.0,12.0,13.0,16.0,inferred
Worcester,2021-03-16,3.0,5.0,6.0,6.0,7.0,7.0,8.0,9.0,10.0,10.0,11.0,13.0,15.0,inferred
Worcester,2021-03-17,3.0,5.0,6.0,7.0,7.0,8.0,9.0,10.0,11.0,11.0,12.0,14.0,16.0,inferred
Worcester,2021-03-18,3.0,4.0,5.0,5.0,6.0,7.0,8.0,8.0,9.0,10.0,11.0,12.0,15.0,inferred
Worcester,2021-03-19,2.0,3.0,5.0,5.0,5.0,6.0,7.0,8.0,8.0,9.0,10.0,11.0,13.5,inferred
Worcester,2021-03-20,1.0,2.0,3.0,4.0,4.0,5.0,5.0,6.0,7.0,7.0,8.0,9.0,12.0,inferred
Worcester,2021-03-21,2.0,3.0,4.0,4.0,5.0,5.0,6.0,7.0,8.0,8.0,9.0,10.0,13.0,inferred
Worcester,2021-03-22,2.0,4.0,5.0,5.0,6.0,7.0,7.0,8.0,9.0,10.0,10.0,12.0,14.0,inferred
Worcester,2021-03-23,2.0,3.0,4.0,5.0,5.0,6.0,7.0,7.0,8.0,9.0,10.0,11.0,14.0,inferred
Worcester,2021-03-24,2.0,3.0,4.0,5.0,5.0,6.0,7.0,8.0,8.0,9.0,10.0,11.0,14.0,inferred
Worcester,2021-03-25,1.0,3.0,4.0,4.0,4.0,5.0,6.0,6.0,7.0,8.0,8.0,10.0,12.0,inferred
Worcester,2021-03-26,1.0,2.0,3.0,3.0,4.0,4.0,5.0,5.0,6.0,7.0,7.0,8.0,10.0,inferred
Worcester,2021-03-27,1.0,1.0,2.0,2.0,3.0,3.0,4.0,4.0,5.0,5.0,6.0,7.0,9.0,inferred
Worcester,2021-03-28,1.0,1.0,2.0,3.0,3.0,4.0,4.0,5.0,5.0,6.0,6.0,7.0,9.0,inferred
Worcester,2021-03-29,1.0,2.0,3.0,3.0,4.0,4.0,5.0,6.0,6.0,7.0,7.0,9.0,11.0,inferred
Worcester,2021-03-30,1.0,2.0,3.0,3.0,3.0,4.0,4.0,5.0,6.0,6.0,7.0,8.0,11.0,inferred
Worcester,2021-03-31,1.0,2.0,3.0,3.0,3.0,4.0,4.5,5.0,6.0,6.0,7.0,8.0,10.0,inferred
Worcester,2021-04-01,0.0,1.0,2.0,2.0,3.0,3.0,4.0,4.0,5.0,5.0,6.0,7.0,10.0,inferred
Worcester,2021-04-02,0.0,1.0,2.0,2.0,2.0,3.0,3.0,4.0,4.0,5.0,5.0,6.0,8.0,inferred
Worcester,2021-04-03,0.0,1.0,1.0,1.0,1.0,2.0,2.0,3.0,3.0,4.0,4.0,5.0,7.0,inferred
Worcester,2021-04-04,0.0,1.0,1.0,1.0,2.0,2.0,2.0,3.0,4.0,4.0,4.0,5.0,7.0,inferred
Worcester,2021-04-05,0.0,1.0,2.0,2.0,2.0,3.0,3.0,4.0,4.0,5.0,5.0,6.0,8.0,inferred
Worcester,2021-04-06,0.0,1.0,1.0,2.0,2.0,3.0,3.0,4.0,4.0,4.0,5.0,6.0,8.0,inferred
Worcester,2021-04-07,0.0,1.0,2.0,2.0,2.0,3.0,3.0,4.0,4.0,4.0,5.0,6.0,8.0,inferred
Worcester,2021-04-08,0.0,1.0,1.0,2.0,2.0,2.0,3.0,3.0,4.0,4.0,4.0,6.0,7.0,inferred
Worcester,2021-04-09,0.0,0.0,1.0,1.0,1.0,2.0,2.0,3.0,3.0,4.0,4.0,5.0,7.0,inferred
Worcester,2021-04-10,0.0,0.0,1.0,1.0,1.0,2.0,2.0,2.0,3.0,3.0,3.0,4.0,6.0,inferred
Worcester,2021-04-11,0.0,0.0,1.0,1.0,1.0,2.0,2.0,3.0,3.0,3.0,4.0,5.0,7.0,inferred
Worcester,2021-04-12,0.0,1.0,1.0,2.0,2.0,2.0,3.0,3.0,4.0,4.0,5.0,6.0,8.0,inferred
Worcester,2021-04-13,0.0,1.0,1.0,1.0,2.0,2.0,3.0,3.0,4.0,4.0,4.0,5.0,7.0,inferred
Worcester,2021-04-14,0.0,1.0,1.0,2.0,2.0,2.0,3.0,3.0,4.0,4.0,5.0,6.0,8.0,inferred
Worcester,2021-04-15,0.0,1.0,1.0,1.0,2.0,2.0,2.0,3.0,4.0,4.0,4.0,5.0,7.0,inferred
Worcester,2021-04-16,0.0,1.0,1.0,1.0,1.0,2.0,2.0,3.0,3.0,4.0,4.0,5.0,7.0,inferred
Worcester,2021-04-17,0.0,0.0,1.0,1.0,1.0,1.0,2.0,2.0,3.0,3.0,3.0,4.0,6.0,inferred
Worcester,2021-04-18,0.0,0.0,1.0,1.0,1.0,2.0,2.0,2.0,3.0,3.0,4.0,5.0,6.0,inferred
Worcester,2021-04-19,0.0,1.0,1.0,1.0,2.0,2.0,2.0,3.0,4.0,4.0,4.0,5.0,7.0,inferred
Worcester,2021-04-20,0.0,1.0,1.0,1.0,1.0,2.0,2.0,3.0,3.0,4.0,4.0,5.0,7.0,inferred
Worcester,2021-04-21,0.0,1.0,1.0,1.0,2.0,2.0,3.0,3.0,4.0,4.0,4.0,5.0,7.0,inferred
Worcester,2021-04-22,0.0,0.0,1.0,1.0,1.0,2.0,2.0,3.0,3.0,3.2,4.0,5.0,7.0,inferred
Worcester,2021-04-23,0.0,0.0,1.0,1.0,1.0,2.0,2.0,2.0,3.0,3.0,4.0,4.0,6.0,inferred
Worcester,2021-04-24,0.0,0.0,1.0,1.0,1.0,1.0,2.0,2.0,2.0,3.0,3.0,4.0,5.0,inferred
Worcester,2021-04-25,0.0,0.0,1.0,1.0,1.0,1.0,2.0,2.0,3.0,3.0,3.0,4.0,6.0,inferred
Worcester,2021-04-26,0.0,0.0,1.0,1.0,1.0,2.0,2.0,3.0,3.0,4.0,4.0,5.0,7.0,inferred
Worcester,2021-04-27,0.0,0.0,1.0,1.0,1.0,2.0,2.0,3.0,3.0,4.0,4.0,5.0,7.0,inferred
Worcester,2021-04-28,0.0,1.0,1.0,1.0,1.0,2.0,2.0,3.0,3.0,4.0,4.0,5.0,7.0,inferred
Worcester,2021-04-29,0.0,0.0,1.0,1.0,1.0,2.0,2.0,3.0,3.0,3.0,4.0,5.0,6.5,inferred
Worcester,2021-04-30,0.0,0.0,1.0,1.0,1.0,2.0,2.0,2.0,3.0,3.0,4.0,4.0,6.0,inferred
Worcester,2021-05-01,0.0,0.0,0.0,1.0,1.0,1.0,2.0,2.0,2.0,3.0,3.0,4.0,5.0,inferred
Worcester,2021-05-02,0.0,0.0,1.0,1.0,1.0,1.0,2.0,2.0,3.0,3.0,3.0,4.0,6.0,inferred
Worcester,2021-05-03,0.0,1.0,1.0,1.0,2.0,2.0,3.0,3.0,4.0,4.0,4.0,5.0,7.0,inferred
Worcester,2021-05-04,0.0,1.0,1.0,1.0,2.0,2.0,3.0,3.0,3.0,4.0,4.0,5.0,7.0,inferred
Worcester,2021-05-05,0.0,1.0,1.0,2.0,2.0,2.0,3.0,3.0,4.0,4.0,4.0,5.0,7.0,inferred
Worcester,2021-05-06,0.0,1.0,1.0,1.0,2.0,2.0,2.0,3.0,4.0,4.0,4.0,5.0,7.0,inferred
Worcester,2021-05-07,0.0,1.0,1.0,1.0,2.0,2.0,2.0,3.0,3.0,4.0,4.0,5.0,7.0,inferred
Worcester,2021-05-08,0.0,0.0,1.0,1.0,1.0,2.0,2.0,3.0,3.0,3.0,4.0,5.0,6.0,inferred
Worcester,2021-05-09,0.0,1.0,1.0,2.0,2.0,2.0,3.0,3.0,4.0,4.0,4.0,5.0,7.0,inferred
Worcester,2021-05-10,0.0,1.0,2.0,2.0,3.0,3.0,4.0,4.0,5.0,5.0,6.0,7.0,9.0,inferred
Worcester,2021-05-11,0.0,1.0,2.0,2.0,3.0,3.0,4.0,4.0,5.0,5.0,6.0,7.0,9.0,inferred
Worcester,2021-05-12,1.0,2.0,2.8,3.0,3.0,4.0,4.0,5.0,6.0,6.0,6.0,8.0,10.0,inferred
Worcester,2021-05-13,1.0,1.0,2.0,3.0,3.0,3.0,4.0,5.0,5.0,6.0,6.0,7.0,9.0,inferred
Worcester,2021-05-14,0.0,1.0,2.0,2.0,3.0,3.0,4.0,4.0,5.0,6.0,6.0,7.0,9.0,inferred
Worcester,2021-05-15,0.0,1.0,2.0,2.0,2.0,3.0,3.0,4.0,5.0,5.0,5.0,6.0,8.0,inferred
Worcester,2021-05-16,1.0,2.0,2.0,3.0,3.0,3.0,4.0,5.0,5.0,6.0,6.0,8.0,10.0,inferred
Worcester,2021-05-17,1.0,3.0,4.0,4.0,4.0,5.0,6.0,7.0,7.0,8.0,8.0,10.0,12.0,inferred
Worcester,2021-05-18,1.0,3.0,4.0,4.0,4.0,5.0,6.0,7.0,7.0,8.0,8.0,10.0,12.0,inferred
Worcester,2021-05-19,2.0,3.0,4.0,4.0,5.0,5.0,6.0,7.0,8.0,8.0,9.0,10.0,13.0,inferred
Worcester,2021-05-20,1.0,2.0,3.0,4.0,4.0,5.0,5.0,6.0,7.0,7.0,8.0,9.0,12.0,inferred
Worcester,2021-05-21,1.0,2.0,3.0,3.0,4.0,4.0,5.0,6.0,7.0,7.0,7.0,9.0,11.0,inferred
Worcester,2021-05-22,0.5,1.0,2.0,2.0,3.0,3.0,4.0,4.0,5.0,5.0,6.0,7.0,9.5,inferred
Worcester,2021-05-23,1.0,2.0,3.0,3.0,3.0,4.0,5.0,5.0,6.0,6.0,7.0,8.0,10.0,inferred
Worcester,2021-05-24,1.0,3.0,4.0,4.0,4.0,5.0,6.0,7.0,7.0,8.0,8.0,10.0,12.0,inferred
Worcester,2021-05-25,1.0,2.0,3.0,4.0,4.0,5.0,5.0,6.0,7.0,7.0,8.0,9.0,11.0,inferred
Worcester,2021-05-26,1.0,3.0,4.0,4.0,4.0,5.0,6.0,6.0,7.0,8.0,8.0,10.0,13.0,inferred
Worcester,2021-05-27,1.0,2.0,3.0,3.0,4.0,4.0,5.0,6.0,6.0,7.0,7.0,8.0,11.0,inferred
Worcester,2021-05-28,1.0,2.0,2.0,3.0,3.0,4.0,4.0,5.0,5.0,6.0,6.0,8.0,10.0,inferred
Worcester,2021-05-29,0.0,1.0,2.0,2.0,2.0,3.0,3.0,4.0,4.0,5.0,5.0,6.0,8.0,inferred
Worcester,2021-05-30,1.0,1.0,2.0,2.0,2.0,3.0,4.0,4.0,5.0,5.0,6.0,7.0,9.0,inferred
Worcester,2021-05-31,1.0,2.0,3.0,3.0,3.0,4.0,4.0,5.0,6.0,6.0,7.0,8.0,10.0,inferred
Worcester,2021-06-01,1.0,1.0,2.0,3.0,3.0,4.0,4.0,5.0,5.0,6.0,6.0,8.0,10.0,inferred
Worcester,2021-06-02,1.0,2.0,2.0,3.0,3.0,4.0,4.0,5.0,5.0,6.0,6.0,8.0,10.0,inferred
Worcester,2021-06-03,0.0,1.0,2.0,2.0,3.0,3.0,4.0,4.0,5.0,5.0,6.0,7.0,9.0,inferred
Worcester,2021-06-04,0.0,1.0,2.0,2.0,2.0,3.0,3.0,4.0,5.0,5.0,5.0,6.0,8.0,inferred
Worcester,2021-06-05,0.0,1.0,1.0,1.0,2.0,2.0,3.0,3.0,4.0,4.0,4.0,5.0,7.0,inferred
Worcester,2021-06-06,0.0,1.0,2.0,2.0,2.0,3.0,3.0,4.0,4.0,5.0,5.0,6.0,8.0,inferred
Worcester,2021-06-07,1.0,1.0,2.0,3.0,3.0,3.0,4.0,5.0,5.0,6.0,6.0,7.0,10.0,inferred
Worcester,2021-06-08,1.0,1.0,2.0,3.0,3.0,3.0,4.0,5.0,5.0,6.0,6.0,8.0,10.0,inferred
Worcester,2021-06-09,1.0,2.0,3.0,3.0,3.0,4.0,5.0,5.0,6.0,6.0,7.0,8.0,10.0,inferred
Worcester,2021-06-10,1.0,1.0,2.0,3.0,3.0,4.0,4.0,5.0,5.0,6.0,6.0,7.0,9.0,inferred
Worcester,2021-06-11,1.0,2.0,2.0,3.0,3.0,3.0,4.0,5.0,5.0,6.0,6.0,7.0,9.0,inferred
Worcester,2021-06-12,0.0,1.0,2.0,2.0,2.0,3.0,3.0,4.0,4.0,5.0,5.0,6.0,8.0,inferred
Worcester,2021-06-13,1.0,1.0,2.0,3.0,3.0,3.0,4.0,5.0,5.0,6.0,6.0,8.0,9.0,inferred
Worcester,2021-06-14,1.0,2.0,3.0,4.0,4.0,5.0,6.0,6.0,7.0,8.0,8.0,9.0,12.0,inferred
Worcester,2021-06-15,1.0,3.0,4.0,4.0,5.0,5.0,6.0,7.0,7.0,8.0,8.0,10.0,12.5,inferred
Worcester,2021-06-16,2.0,3.0,4.0,5.0,5.0,6.0,7.0,7.0,8.0,9.0,9.0,11.0,14.0,inferred
Worcester,2021-06-17,2.0,3.0,4.0,5.0,5.0,6.0,6.0,7.0,8.0,9.0,9.0,11.0,14.0,inferred
Worcester,2021-06-18,2.0,3.0,4.0,4.0,5.0,6.0,6.0,7.0,8.0,8.0,9.0,11.0,13.0,inferred
Worthing,2021-03-06,2.0,3.0,4.0,4.0,5.0,5.0,6.0,7.0,8.0,8.0,9.0,10.0,12.0,inferred
Worthing,2021-03-07,2.0,4.0,5.0,6.0,6.0,7.0,8.0,9.0,10.0,10.0,11.0,12.0,15.0,inferred
Worthing,2021-03-08,4.5,6.0,8.0,8.0,9.0,10.0,11.0,12.0,13.0,13.0,14.0,16.0,18.0,inferred
Worthing,2021-03-09,4.0,6.0,7.0,8.0,8.0,9.0,10.0,11.0,12.0,12.0,13.0,15.0,17.0,inferred
Worthing,2021-03-10,4.0,6.0,7.0,8.0,8.0,9.0,10.0,11.0,12.0,12.0,13.0,15.0,18.0,inferred
Worthing,2021-03-11,3.0,5.0,6.0,6.0,7.0,8.0,9.0,9.0,10.0,11.0,11.0,13.0,15.0,inferred
Worthing,2021-03-12,2.0,4.0,5.0,5.0,6.0,6.0,7.0,8.0,8.0,9.0,9.0,11.0,13.0,inferred
Worthing,2021-03-13,1.0,3.0,3.0,4.0,4.0,5.0,5.0,6.0,7.0,7.0,8.0,9.0,11.0,inferred
Worthing,2021-03-14,1.5,3.0,4.0,4.0,5.0,5.0,6.0,7.0,7.3,8.0,9.0,10.0,13.0,inferred
Worthing,2021-03-15,2.0,4.0,5.0,5.0,5.0,6.0,7.0,8.0,9.0,9.0,10.0,11.0,14.0,inferred
Worthing,2021-03-16,2.0,3.0,4.0,5.0,5.0,6.0,6.0,7.0,8.0,8.0,9.0,10.0,12.0,inferred
Worthing,2021-03-17,2.0,3.0,4.0,5.0,5.0,6.0,6.0,7.0,8.0,8.0,9.0,10.0,12.0,inferred
Worthing,2021-03-18,1.0,2.0,3.0,4.0,4.0,5.0,5.0,6.0,7.0,7.0,8.0,9.0,11.0,inferred
Worthing,2021-03-19,1.0,2.0,3.0,3.0,3.0,4.0,4.0,5.0,6.0,6.0,7.0,8.0,10.0,inferred
Worthing,2021-03-20,0.0,1.0,2.0,2.0,2.0,3.0,3.0,4.0,5.0,5.0,5.0,6.0,8.0,inferred
Worthing,2021-03-21,1.0,1.0,2.0,2.0,3.0,3.0,4.0,4.0,5.0,5.0,6.0,7.0,9.0,inferred
Worthing,2021-03-22,1.0,2.0,3.0,3.0,3.0,4.0,4.0,5.0,6.0,6.0,7.0,8.0,10.0,inferred
Worthing,2021-03-23,0.0,1.0,2.0,2.0,3.0,3.0,4.0,4.0,5.0,5.0,6.0,7.0,9.0,inferred
Worthing,2021-03-24,0.0,1.0,2.0,2.0,3.0,3.0,4.0,4.0,5.0,6.0,6.0,7.0,9.0,inferred
Worthing,2021-03-25,0.0,1.0,2.0,2.0,2.0,3.0,3.0,4.0,5.0,5.0,5.0,7.0,9.0,inferred
Worthing,2021-03-26,0.0,1.0,2.0,2.0,2.0,2.0,3.0,3.0,4.0,4.0,5.0,6.0,7.0,inferred
Worthing,2021-03-27,0.0,0.0,1.0,1.0,1.0,2.0,2.0,3.0,3.0,3.0,4.0,5.0,7.0,inferred
Worthing,2021-03-28,0.0,1.0,1.0,1.0,2.0,2.0,3.0,3.0,4.0,4.0,4.0,5.0,7.0,inferred
Worthing,2021-03-29,0.0,1.0,2.0,2.0,2.0,3.0,3.0,4.0,4.0,4.0,5.0,6.0,8.0,inferred
Worthing,2021-03-30,0.0,1.0,1.0,2.0,2.0,2.0,3.0,3.0,4.0,4.0,5.0,6.0,8.0,inferred
Worthing,2021-03-31,0.0,1.0,1.0,2.0,2.0,2.0,3.0,3.0,4.0,4.0,5.0,6.0,8.0,inferred
Worthing,2021-04-01,0.0,1.0,1.0,1.0,2.0,2.0,3.0,3.0,4.0,4.0,4.0,5.0,7.0,inferred
Worthing,2021-04-02,0.0,0.0,1.0,1.0,1.0,2.0,2.0,2.0,3.0,3.0,4.0,5.0,7.0,inferred
Worthing,2021-04-03,0.0,0.0,0.0,1.0,1.0,1.0,2.0,2.0,2.0,3.0,3.0,4.0,5.0,inferred
Worthing,2021-04-04,0.0,0.0,1.0,1.0,1.0,1.0,2.0,2.0,3.0,3.0,3.0,4.0,6.0,inferred
Worthing,2021-04-05,0.0,0.0,1.0,1.0,1.0,2.0,2.0,3.0,3.0,3.0,4.0,5.0,6.0,inferred
Worthing,2021-04-06,0.0,0.0,1.0,1.0,1.0,2.0,2.0,2.0,3.0,3.0,4.0,5.0,6.0,inferred
Worthing,2021-04-07,0.0,0.0,1.0,1.0,1.0,2.0,2.0,3.0,3.0,3.0,4.0,5.0,7.0,inferred
Worthing,2021-04-08,0.0,0.0,1.0,1.0,1.0,2.0,2.0,2.0,3.0,3.0,3.0,4.0,6.0,inferred
Worthing,2021-04-09,0.0,0.0,1.0,1.0,1.0,1.0,2.0,2.0,2.0,3.0,3.0,4.0,5.0,inferred
Worthing,2021-04-10,0.0,0.0,0.0,1.0,1.0,1.0,1.0,2.0,2.0,2.0,3.0,3.0,5.0,inferred
Worthing,2021-04-11,0.0,0.0,0.0,1.0,1.0,1.0,1.0,2.0,2.0,2.0,3.0,4.0,5.0,inferred
Worthing,2021-04-12,0.0,0.0,1.0,1.0,1.0,1.0,2.0,2.0,3.0,3.0,3.0,4.0,6.0,inferred
Worthing,2021-04-13,0.0,0.0,1.0,1.0,1.0,1.0,2.0,2.0,3.0,3.0,3.0,4.0,5.0,inferred
Worthing,2021-04-14,0.0,0.0,1.0,1.0,1.0,1.0,2.0,2.0,3.0,3.0,3.0,4.0,6.0,inferred
Worthing,2021-04-15,0.0,0.0,0.0,1.0,1.0,1.0,2.0,2.0,2.0,3.0,3.0,4.0,5.0,inferred
Worthing,2021-04-16,0.0,0.0,0.0,1.0,1.0,1.0,1.0,2.0,2.0,2.0,3.0,3.0,5.0,inferred
Worthing,2021-04-17,0.0,0.0,0.0,0.0,0.0,1.0,1.0,1.0,2.0,2.0,2.0,3.0,4.0,inferred
Worthing,2021-04-18,0.0,0.0,0.0,0.0,1.0,1.0,1.0,2.0,2.0,2.0,3.0,3.0,5.0,inferred
Worthing,2021-04-19,0.0,0.0,1.0,1.0,1.0,1.0,2.0,2.0,2.0,3.0,3.0,4.0,5.0,inferred
Worthing,2021-04-20,0.0,0.0,0.0,1.0,1.0,1.0,1.0,2.0,2.0,3.0,3.0,4.0,5.0,inferred
Worthing,2021-04-21,0.0,0.0,1.0,1.0,1.0,1.0,1.0,2.0,2.0,3.0,3.0,4.0,5.0,inferred
Worthing,2021-04-22,0.0,0.0,0.0,1.0,1.0,1.0,1.0,2.0,2.0,2.0,3.0,4.0,5.0,inferred
Worthing,2021-04-23,0.0,0.0,0.0,0.0,1.0,1.0,1.0,1.0,2.0,2.0,2.0,3.0,5.0,inferred
Worthing,2021-04-24,0.0,0.0,0.0,0.0,0.0,1.0,1.0,1.0,2.0,2.0,2.0,3.0,4.0,inferred
Worthing,2021-04-25,0.0,0.0,0.0,0.0,1.0,1.0,1.0,1.0,2.0,2.0,2.0,3.0,4.0,inferred
Worthing,2021-04-26,0.0,0.0,0.0,1.0,1.0,1.0,1.0,2.0,2.0,3.0,3.0,4.0,5.0,inferred
Worthing,2021-04-27,0.0,0.0,0.0,1.0,1.0,1.0,1.0,2.0,2.0,2.0,3.0,4.0,5.0,inferred
Worthing,2021-04-28,0.0,0.0,0.0,1.0,1.0,1.0,1.0,2.0,2.0,2.0,3.0,4.0,5.0,inferred
Worthing,2021-04-29,0.0,0.0,0.0,0.0,1.0,1.0,1.0,1.0,2.0,2.0,2.0,3.0,5.0,inferred
Worthing,2021-04-30,0.0,0.0,0.0,0.0,1.0,1.0,1.0,1.0,2.0,2.0,2.0,3.0,4.0,inferred
Worthing,2021-05-01,0.0,0.0,0.0,0.0,0.0,1.0,1.0,1.0,1.0,2.0,2.0,3.0,4.0,inferred
Worthing,2021-05-02,0.0,0.0,0.0,0.0,0.0,1.0,1.0,1.0,2.0,2.0,2.0,3.0,4.0,inferred
Worthing,2021-05-03,0.0,0.0,0.0,0.0,1.0,1.0,1.0,2.0,2.0,2.0,3.0,3.0,5.0,inferred
Worthing,2021-05-04,0.0,0.0,0.0,0.0,1.0,1.0,1.0,1.0,2.0,2.0,2.0,3.0,4.0,inferred
Worthing,2021-05-05,0.0,0.0,0.0,0.0,1.0,1.0,1.0,2.0,2.0,2.0,2.0,3.0,4.0,inferred
Worthing,2021-05-06,0.0,0.0,0.0,0.0,0.0,1.0,1.0,1.0,2.0,2.0,2.0,3.0,5.0,inferred
Worthing,2021-05-07,0.0,0.0,0.0,0.0,0.0,1.0,1.0,1.0,2.0,2.0,2.0,3.0,4.0,inferred
Worthing,2021-05-08,0.0,0.0,0.0,0.0,0.0,0.0,1.0,1.0,1.0,1.0,2.0,2.0,4.0,inferred
Worthing,2021-05-09,0.0,0.0,0.0,0.0,0.0,1.0,1.0,1.0,2.0,2.0,2.0,3.0,4.0,inferred
Worthing,2021-05-10,0.0,0.0,0.0,0.0,1.0,1.0,1.0,1.0,2.0,2.0,2.0,3.0,4.0,inferred
Worthing,2021-05-11,0.0,0.0,0.0,0.0,0.0,1.0,1.0,1.0,2.0,2.0,2.0,3.0,4.0,inferred
Worthing,2021-05-12,0.0,0.0,0.0,0.0,1.0,1.0,1.0,2.0,2.0,2.0,2.0,3.0,5.0,inferred
Worthing,2021-05-13,0.0,0.0,0.0,0.0,0.0,1.0,1.0,1.0,2.0,2.0,2.0,3.0,4.0,inferred
Worthing,2021-05-14,0.0,0.0,0.0,0.0,0.0,1.0,1.0,1.0,2.0,2.0,2.0,3.0,4.0,inferred
Worthing,2021-05-15,0.0,0.0,0.0,0.0,0.0,0.0,1.0,1.0,1.0,1.0,2.0,2.0,3.0,inferred
Worthing,2021-05-16,0.0,0.0,0.0,0.0,0.0,0.6,1.0,1.0,1.0,2.0,2.0,2.0,4.0,inferred
Worthing,2021-05-17,0.0,0.0,0.0,0.0,0.0,1.0,1.0,1.0,2.0,2.0,2.0,3.0,4.0,inferred
Worthing,2021-05-18,0.0,0.0,0.0,0.0,0.0,1.0,1.0,1.0,2.0,2.0,2.0,3.0,4.0,inferred
Worthing,2021-05-19,0.0,0.0,0.0,0.0,0.0,1.0,1.0,1.0,2.0,2.0,2.0,3.0,4.0,inferred
Worthing,2021-05-20,0.0,0.0,0.0,0.0,0.0,1.0,1.0,1.0,2.0,2.0,2.0,3.0,4.0,inferred
Worthing,2021-05-21,0.0,0.0,0.0,0.0,0.0,1.0,1.0,1.0,2.0,2.0,2.0,3.0,4.0,inferred
Worthing,2021-05-22,0.0,0.0,0.0,0.0,0.0,1.0,1.0,1.0,2.0,2.0,2.0,3.0,4.0,inferred
Worthing,2021-05-23,0.0,0.0,0.0,0.0,1.0,1.0,1.0,2.0,2.0,2.0,3.0,3.0,5.0,inferred
Worthing,2021-05-24,0.0,0.0,1.0,1.0,1.0,1.0,2.0,2.0,3.0,3.0,3.0,4.0,6.0,inferred
Worthing,2021-05-25,0.0,0.0,1.0,1.0,1.0,2.0,2.0,2.0,3.0,3.0,3.0,4.0,6.0,inferred
Worthing,2021-05-26,0.0,1.0,1.0,1.0,2.0,2.0,2.0,3.0,3.0,4.0,4.0,5.0,6.5,inferred
Worthing,2021-05-27,0.0,1.0,1.0,1.0,2.0,2.0,2.0,3.0,3.0,4.0,4.0,5.0,7.0,inferred
Worthing,2021-05-28,0.0,1.0,1.0,1.0,1.0,2.0,2.0,3.0,3.0,4.0,4.0,5.0,6.0,inferred
Worthing,2021-05-29,0.0,0.0,1.0,1.0,1.0,2.0,2.0,3.0,3.0,3.0,4.0,5.0,6.0,inferred
Worthing,2021-05-30,0.0,1.0,1.0,1.0,2.0,2.0,3.0,3.0,4.0,4.0,4.0,5.0,7.0,inferred
Worthing,2021-05-31,0.0,1.0,2.0,2.0,2.0,3.0,3.0,4.0,5.0,5.0,5.0,7.0,8.0,inferred
Worthing,2021-06-01,0.0,1.0,2.0,2.0,2.0,3.0,4.0,4.0,5.0,5.0,6.0,7.0,9.0,inferred
Worthing,2021-06-02,1.0,2.0,2.0,3.0,3.0,3.0,4.0,5.0,5.0,6.0,6.0,7.0,9.0,inferred
Worthing,2021-06-03,0.0,1.0,2.0,3.0,3.0,3.0,4.0,5.0,5.0,6.0,6.0,7.0,10.0,inferred
Worthing,2021-06-04,0.0,1.0,2.0,2.0,2.0,3.0,4.0,4.0,5.0,5.0,5.0,7.0,9.0,inferred
Worthing,2021-06-05,0.0,1.0,1.0,2.0,2.0,2.0,3.0,4.0,4.0,4.0,5.0,6.0,8.0,inferred
Worthing,2021-06-06,0.0,1.0,2.0,2.0,3.0,3.0,4.0,4.0,5.0,5.0,6.0,7.0,9.0,inferred
Worthing,2021-06-07,1.0,2.0,3.0,3.0,4.0,4.0,5.0,6.0,6.0,7.0,7.0,9.0,11.0,inferred
Worthing,2021-06-08,1.0,2.0,3.0,3.0,4.0,4.0,5.0,6.0,6.0,7.0,7.0,8.0,11.0,inferred
Worthing,2021-06-09,1.0,2.9,3.0,4.0,4.0,5.0,6.0,6.0,7.0,8.0,8.0,10.0,12.0,inferred
Worthing,2021-06-10,1.0,3.0,3.0,4.0,4.0,5.0,6.0,6.0,7.0,8.0,8.0,10.0,12.0,inferred
Worthing,2021-06-11,1.0,2.0,3.0,4.0,4.0,5.0,5.0,6.0,7.0,7.0,8.0,9.0,11.0,inferred
Worthing,2021-06-12,1.0,2.0,3.0,3.0,3.0,4.0,5.0,5.0,6.0,6.0,7.0,8.0,11.0,inferred
Worthing,2021-06-13,2.0,3.0,4.0,4.0,4.0,5.0,6.0,6.0,7.0,8.0,8.0,10.0,12.0,inferred
Worthing,2021-06-14,2.0,4.0,5.0,6.0,6.0,7.0,8.0,8.0,9.0,10.0,11.0,12.0,15.0,inferred
Worthing,2021-06-15,3.0,4.0,5.0,6.0,6.0,7.0,8.0,9.0,10.0,10.0,11.0,13.0,15.0,inferred
Worthing,2021-06-16,4.0,5.0,7.0,7.0,8.0,8.0,9.0,10.0,11.0,12.0,12.0,14.0,17.0,inferred
Worthing,2021-06-17,3.0,5.0,6.0,7.0,7.0,8.0,9.0,10.0,11.0,12.0,12.0,14.0,17.0,inferred
Worthing,2021-06-18,3.0,5.0,6.0,6.0,7.0,8.0,9.0,10.0,11.0,11.0,12.0,14.0,17.0,inferred
Wrexham,2021-03-06,2.0,4.0,5.0,5.0,6.0,7.0,7.5,8.0,9.0,10.0,10.0,11.0,15.0,inferred
Wrexham,2021-03-07,2.0,4.0,5.0,5.0,6.0,7.0,7.0,8.0,9.0,9.0,10.0,11.0,14.0,inferred
Wrexham,2021-03-08,4.0,5.0,7.0,7.0,8.0,8.0,9.0,10.0,11.0,12.0,13.0,14.0,17.5,inferred
Wrexham,2021-03-09,3.0,4.0,5.0,6.0,6.0,7.0,8.0,9.0,9.0,10.0,10.0,12.0,15.0,inferred
Wrexham,2021-03-10,3.0,4.0,6.0,6.0,7.0,7.0,8.0,9.0,10.0,10.0,11.0,12.1,15.0,inferred
Wrexham,2021-03-11,3.0,4.0,5.0,6.0,6.0,7.0,8.0,9.0,9.0,10.0,10.0,12.0,14.0,inferred
Wrexham,2021-03-12,2.0,3.0,4.0,5.0,5.0,6.0,6.0,7.0,8.0,9.0,9.0,11.0,13.0,inferred
Wrexham,2021-03-13,1.0,2.0,3.0,4.0,4.0,5.0,5.0,6.0,6.0,7.0,7.0,9.0,11.0,inferred
Wrexham,2021-03-14,1.0,2.0,3.0,4.0,4.0,5.0,5.0,6.0,7.0,7.0,8.0,9.0,11.0,inferred
Wrexham,2021-03-15,2.0,4.0,5.0,5.0,6.0,6.0,7.0,8.0,9.0,9.0,10.0,12.0,14.0,inferred
Wrexham,2021-03-16,2.0,3.0,4.0,4.0,5.0,5.0,6.0,7.0,7.0,8.0,8.0,10.0,13.0,inferred
Wrexham,2021-03-17,2.0,4.0,5.0,5.0,5.0,6.0,7.0,7.0,8.0,9.0,9.0,11.0,13.0,inferred
Wrexham,2021-03-18,2.0,3.0,4.0,5.0,5.0,6.0,6.0,7.0,8.0,8.0,9.0,10.0,13.0,inferred
Wrexham,2021-03-19,1.0,2.0,3.0,4.0,4.0,5.0,5.0,6.0,6.0,7.0,7.0,9.0,11.0,inferred
Wrexham,2021-03-20,0.0,1.0,2.0,2.0,3.0,3.0,4.0,4.0,5.0,5.0,6.0,7.0,9.0,inferred
Wrexham,2021-03-21,1.0,1.0,2.0,3.0,3.0,3.0,4.0,5.0,5.0,6.0,6.0,7.0,9.5,inferred
Wrexham,2021-03-22,1.0,2.0,3.0,4.0,4.0,5.0,5.0,6.0,7.0,7.0,8.0,9.0,11.0,inferred
Wrexham,2021-03-23,1.0,2.0,3.0,3.0,3.0,4.0,5.0,5.0,6.0,6.0,7.0,8.0,10.0,inferred
Wrexham,2021-03-24,1.0,2.0,3.0,3.0,4.0,4.0,5.0,6.0,6.0,7.0,7.0,9.0,11.0,inferred
Wrexham,2021-03-25,1.0,2.0,3.0,3.0,4.0,4.0,5.0,6.0,6.0,7.0,7.0,8.0,10.0,inferred
Wrexham,2021-03-26,1.0,2.0,2.0,3.0,3.0,3.0,4.0,5.0,5.0,6.0,6.0,7.0,9.0,inferred
Wrexham,2021-03-27,0.0,1.0,2.0,2.0,2.0,3.0,3.0,4.0,4.0,4.0,5.0,6.0,8.0,inferred
Wrexham,2021-03-28,0.0,1.0,2.0,2.0,2.0,3.0,3.0,4.0,4.0,5.0,5.0,6.0,8.0,inferred
Wrexham,2021-03-29,1.0,2.0,3.0,3.0,3.0,4.0,5.0,5.0,6.0,6.0,7.0,8.0,11.0,inferred
Wrexham,2021-03-30,1.0,1.0,2.0,3.0,3.0,3.0,4.0,5.0,5.0,6.0,6.0,7.0,9.0,inferred
Wrexham,2021-03-31,1.0,2.0,2.0,3.0,3.0,4.0,4.0,5.0,6.0,6.0,6.0,8.0,10.0,inferred
Wrexham,2021-04-01,1.0,2.0,3.0,3.0,3.0,4.0,4.0,5.0,5.0,6.0,6.0,8.0,10.0,inferred
Wrexham,2021-04-02,0.0,1.0,2.0,2.0,2.0,3.0,3.0,4.0,5.0,5.0,5.0,6.0,8.0,inferred
Wrexham,2021-04-03,0.0,1.0,1.0,1.0,2.0,2.0,3.0,3.0,4.0,4.0,4.0,5.0,7.0,inferred
Wrexham,2021-04-04,0.0,1.0,1.0,2.0,2.0,2.0,3.0,3.0,4.0,4.0,4.0,5.0,7.0,inferred
Wrexham,2021-04-05,0.0,1.0,2.0,2.0,3.0,3.0,4.0,4.0,5.0,5.0,6.0,7.0,8.0,inferred
Wrexham,2021-04-06,0.0,1.0,1.0,2.0,2.0,3.0,3.0,4.0,4.0,4.0,5.0,6.0,8.0,inferred
Wrexham,2021-04-07,0.0,1.0,2.0,2.0,2.0,3.0,4.0,4.0,5.0,5.0,5.0,7.0,9.0,inferred
Wrexham,2021-04-08,0.0,1.0,2.0,2.0,3.0,3.0,3.0,4.0,5.0,5.0,5.0,6.0,8.0,inferred
Wrexham,2021-04-09,0.0,1.0,2.0,2.0,2.0,3.0,3.0,4.0,4.0,4.0,5.0,6.0,8.0,inferred
Wrexham,2021-04-10,0.0,1.0,1.0,1.0,2.0,2.0,2.0,3.0,3.0,4.0,4.0,5.0,7.0,inferred
Wrexham,2021-04-11,0.0,1.0,1.0,1.0,2.0,2.0,3.0,3.0,3.0,4.0,4.0,5.0,7.0,inferred
Wrexham,2021-04-12,0.0,1.0,2.0,2.0,2.0,3.0,3.0,4.0,5.0,5.0,5.0,6.0,8.0,inferred
Wrexham,2021-04-13,0.0,1.0,1.0,2.0,2.0,2.0,3.0,3.0,4.0,4.0,5.0,6.0,8.0,inferred
Wrexham,2021-04-14,0.0,1.0,2.0,2.0,2.0,3.0,3.0,4.0,4.0,5.0,5.0,6.0,9.0,inferred
Wrexham,2021-04-15,0.0,1.0,2.0,2.0,2.0,3.0,3.0,4.0,5.0,5.0,5.0,6.0,8.0,inferred
Wrexham,2021-04-16,0.0,1.0,1.0,2.0,2.0,2.0,3.0,3.0,4.0,4.0,5.0,6.0,7.0,inferred
Wrexham,2021-04-17,0.0,0.0,1.0,1.0,1.0,2.0,2.0,3.0,3.0,4.0,4.0,5.0,6.0,inferred
Wrexham,2021-04-18,0.0,1.0,1.0,1.0,2.0,2.0,2.0,3.0,3.0,4.0,4.0,5.0,7.0,inferred
Wrexham,2021-04-19,0.0,1.0,2.0,2.0,2.0,3.0,3.5,4.0,5.0,5.0,5.0,7.0,9.0,inferred
Wrexham,2021-04-20,0.0,1.0,2.0,2.0,2.0,3.0,3.0,4.0,4.0,5.0,5.0,6.0,8.0,inferred
Wrexham,2021-04-21,0.0,1.0,2.0,2.0,3.0,3.0,4.0,4.0,5.0,5.0,6.0,7.0,9.0,inferred
Wrexham,2021-04-22,0.0,1.0,2.0,2.0,3.0,3.0,4.0,4.0,5.0,5.0,6.0,7.0,9.0,inferred
Wrexham,2021-04-23,0.0,1.0,1.0,2.0,2.0,2.0,3.0,4.0,4.0,5.0,5.0,6.0,8.0,inferred
Wrexham,2021-04-24,0.0,0.0,1.0,1.0,2.0,2.0,2.0,3.0,3.0,4.0,4.0,5.0,7.0,inferred
Wrexham,2021-04-25,0.0,1.0,1.0,1.0,2.0,2.0,3.0,3.0,4.0,4.0,4.0,5.0,7.0,inferred
Wrexham,2021-04-26,0.0,1.0,2.0,2.0,2.0,3.0,3.0,4.0,5.0,5.0,5.0,7.0,9.0,inferred
Wrexham,2021-04-27,0.0,1.0,2.0,2.0,2.0,2.0,3.0,4.0,4.0,4.0,5.0,6.0,8.0,inferred
Wrexham,2021-04-28,0.0,1.0,2.0,2.0,2.0,3.0,3.0,4.0,5.0,5.0,5.0,6.0,8.0,inferred
Wrexham,2021-04-29,0.0,1.0,2.0,2.0,2.0,3.0,3.0,4.0,4.0,5.0,5.0,6.0,8.0,inferred
Wrexham,2021-04-30,0.0,1.0,1.0,2.0,2.0,2.0,3.0,3.0,4.0,4.0,4.0,5.0,7.0,inferred
Wrexham,2021-05-01,0.0,0.0,1.0,1.0,1.0,2.0,2.0,2.0,3.0,3.0,4.0,5.0,6.0,inferred
Wrexham,2021-05-02,0.0,0.0,1.0,1.0,1.0,2.0,2.0,2.0,3.0,3.0,3.0,5.0,6.0,inferred
Wrexham,2021-05-03,0.0,1.0,1.0,2.0,2.0,2.0,3.0,3.0,4.0,4.0,5.0,6.0,7.0,inferred
Wrexham,2021-05-04,0.0,1.0,1.0,1.0,2.0,2.0,2.0,3.0,3.0,4.0,4.0,5.0,7.0,inferred
Wrexham,2021-05-05,0.0,1.0,1.0,1.0,2.0,2.0,3.0,3.0,4.0,4.0,4.0,5.0,7.0,inferred
Wrexham,2021-05-06,0.0,1.0,1.0,1.0,2.0,2.0,2.5,3.0,3.0,4.0,4.0,5.0,7.0,inferred
Wrexham,2021-05-07,0.0,0.0,1.0,1.0,1.0,2.0,2.0,2.0,3.0,3.0,3.0,4.0,6.0,inferred
Wrexham,2021-05-08,0.0,0.0,1.0,1.0,1.0,1.0,2.0,2.0,2.0,3.0,3.0,4.0,5.0,inferred
Wrexham,2021-05-09,0.0,0.0,1.0,1.0,1.0,1.0,2.0,2.0,2.0,3.0,3.0,4.0,5.0,inferred
Wrexham,2021-05-10,0.0,0.0,1.0,1.0,2.0,2.0,2.0,3.0,3.0,4.0,4.0,5.0,7.0,inferred
Wrexham,2021-05-11,0.0,0.0,1.0,1.0,1.0,2.0,2.0,2.0,3.0,3.0,3.0,4.0,6.0,inferred
Wrexham,2021-05-12,0.0,1.0,1.0,1.0,2.0,2.0,2.0,3.0,3.0,4.0,4.0,5.0,7.0,inferred
Wrexham,2021-05-13,0.0,1.0,1.0,1.0,1.0,2.0,2.0,3.0,3.0,4.0,4.0,5.0,7.0,inferred
Wrexham,2021-05-14,0.0,0.0,1.0,1.0,1.0,2.0,2.0,2.0,3.0,3.0,3.0,4.0,6.0,inferred
Wrexham,2021-05-15,0.0,0.0,0.0,1.0,1.0,1.0,1.0,2.0,2.0,3.0,3.0,4.0,5.0,inferred
Wrexham,2021-05-16,0.0,0.0,0.0,1.0,1.0,1.0,2.0,2.0,2.0,3.0,3.0,4.0,5.0,inferred
Wrexham,2021-05-17,0.0,0.0,1.0,1.0,1.0,2.0,2.0,3.0,3.0,3.0,4.0,5.0,6.0,inferred
Wrexham,2021-05-18,0.0,0.0,1.0,1.0,1.0,1.0,2.0,2.0,3.0,3.0,3.0,4.0,6.0,inferred
Wrexham,2021-05-19,0.0,0.0,1.0,1.0,1.0,2.0,2.0,3.0,3.0,4.0,4.0,5.0,7.0,inferred
Wrexham,2021-05-20,0.0,0.0,1.0,1.0,1.0,2.0,2.0,3.0,3.0,3.0,4.0,5.0,6.0,inferred
Wrexham,2021-05-21,0.0,0.0,1.0,1.0,1.0,1.0,2.0,2.0,3.0,3.0,3.0,4.0,6.0,inferred
Wrexham,2021-05-22,0.0,0.0,0.0,1.0,1.0,1.0,1.0,2.0,2.0,2.0,3.0,4.0,5.0,inferred
Wrexham,2021-05-23,0.0,0.0,1.0,1.0,1.0,1.0,2.0,2.0,2.0,3.0,3.0,4.0,5.0,inferred
Wrexham,2021-05-24,0.0,1.0,1.0,1.0,1.0,2.0,2.0,3.0,3.0,4.0,4.0,5.0,7.0,inferred
Wrexham,2021-05-25,0.0,0.0,1.0,1.0,1.0,2.0,2.0,2.0,3.0,3.0,4.0,5.0,6.0,inferred
Wrexham,2021-05-26,0.0,0.0,1.0,1.0,1.0,2.0,2.0,3.0,3.0,4.0,4.0,5.0,6.0,inferred
Wrexham,2021-05-27,0.0,1.0,1.0,1.0,1.0,2.0,2.0,3.0,3.0,4.0,4.0,5.0,7.0,inferred
Wrexham,2021-05-28,0.0,0.0,1.0,1.0,1.0,1.0,2.0,2.0,3.0,3.0,3.0,4.0,6.0,inferred
Wrexham,2021-05-29,0.0,0.0,0.0,1.0,1.0,1.0,1.0,2.0,2.0,3.0,3.0,4.0,5.0,inferred
Wrexham,2021-05-30,0.0,0.0,1.0,1.0,1.0,1.0,2.0,2.0,2.0,3.0,3.0,4.0,6.0,inferred
Wrexham,2021-05-31,0.0,1.0,1.0,1.0,2.0,2.0,2.0,3.0,3.0,4.0,4.0,5.0,7.0,inferred
Wrexham,2021-06-01,0.0,0.0,1.0,1.0,1.0,2.0,2.0,3.0,3.0,3.0,4.0,5.0,6.0,inferred
Wrexham,2021-06-02,0.0,1.0,1.0,2.0,2.0,2.0,3.0,3.0,4.0,4.0,5.0,6.0,8.0,inferred
Wrexham,2021-06-03,0.0,1.0,2.0,2.0,2.0,3.0,3.0,4.0,4.0,4.0,5.0,6.0,8.0,inferred
Wrexham,2021-06-04,0.0,1.0,1.0,2.0,2.0,2.0,3.0,3.0,4.0,4.0,5.0,6.0,8.0,inferred
Wrexham,2021-06-05,0.0,1.0,1.0,1.0,2.0,2.0,3.0,3.0,4.0,4.0,4.0,5.0,7.0,inferred
Wrexham,2021-06-06,0.0,1.0,2.0,2.0,2.0,3.0,3.0,4.0,4.0,5.0,5.0,6.0,8.0,inferred
Wrexham,2021-06-07,1.0,2.0,3.0,3.0,4.0,4.0,5.0,6.0,6.0,7.0,7.0,9.0,11.0,inferred
Wrexham,2021-06-08,1.0,2.0,3.0,3.0,4.0,4.0,5.0,6.0,6.0,7.0,7.0,9.0,11.0,inferred
Wrexham,2021-06-09,2.0,3.0,4.0,4.0,5.0,5.0,6.0,7.0,8.0,8.0,9.0,10.0,13.0,inferred
Wrexham,2021-06-10,2.0,4.0,5.0,5.0,5.0,6.0,7.0,7.0,8.0,9.0,9.0,11.0,14.0,inferred
Wrexham,2021-06-11,2.0,3.0,4.0,5.0,5.0,6.0,6.0,7.0,8.0,9.0,9.0,11.0,13.0,inferred
Wrexham,2021-06-12,1.0,2.9,3.0,4.0,4.0,5.0,6.0,6.0,7.0,7.0,8.0,9.0,12.0,inferred
Wrexham,2021-06-13,2.0,3.0,4.0,5.0,5.0,6.0,6.0,7.0,8.0,9.0,9.0,11.0,13.0,inferred
Wrexham,2021-06-14,3.0,6.0,7.0,7.0,8.0,9.0,10.0,11.0,12.0,12.0,13.0,15.0,18.0,inferred
Wrexham,2021-06-15,3.5,5.0,7.0,7.0,8.0,8.0,9.0,10.0,11.0,12.0,12.0,14.0,17.0,inferred
Wrexham,2021-06-16,4.0,6.0,8.0,8.0,9.0,10.0,11.0,12.0,13.0,14.0,15.0,17.0,20.0,inferred
Wrexham,2021-06-17,5.0,7.0,8.0,9.0,9.0,11.0,12.0,13.0,14.0,14.0,15.0,17.0,21.0,inferred
Wrexham,2021-06-18,4.0,6.0,7.0,8.0,8.0,10.0,10.0,11.0,13.0,13.0,14.0,16.0,19.0,inferred
Wychavon,2021-03-06,2.0,4.0,5.0,5.0,6.0,6.0,7.0,8.0,9.0,9.0,10.0,11.0,14.0,inferred
Wychavon,2021-03-07,3.0,5.0,6.0,6.0,7.0,8.0,8.0,9.0,10.0,11.0,11.0,13.0,15.0,inferred
Wychavon,2021-03-08,5.0,7.0,8.0,8.0,9.0,10.0,11.0,12.0,13.0,13.0,14.0,16.0,19.0,inferred
Wychavon,2021-03-09,4.0,6.0,7.0,8.0,8.0,9.0,10.0,11.0,12.0,13.0,13.0,15.0,18.0,inferred
Wychavon,2021-03-10,4.0,7.0,8.0,8.0,9.0,10.0,11.0,11.0,12.0,13.0,13.0,16.0,19.0,inferred
Wychavon,2021-03-11,3.5,5.0,6.0,7.0,7.0,8.0,9.0,10.0,11.0,12.0,12.0,14.0,17.0,inferred
Wychavon,2021-03-12,3.0,5.0,6.0,6.0,7.0,8.0,8.0,9.0,10.0,10.0,11.0,12.0,15.0,inferred
Wychavon,2021-03-13,2.0,3.0,4.0,5.0,5.0,6.0,6.0,7.0,8.0,8.0,9.0,10.0,13.0,inferred
Wychavon,2021-03-14,2.5,4.0,5.0,5.0,6.0,6.0,7.0,8.0,9.0,9.0,10.0,12.0,14.0,inferred
Wychavon,2021-03-15,4.0,5.0,7.0,7.0,8.0,8.0,9.0,10.0,11.0,11.0,12.0,14.0,17.0,inferred
Wychavon,2021-03-16,3.0,5.0,6.0,6.0,7.0,8.0,9.0,9.0,10.0,11.0,11.0,13.0,16.0,inferred
Wychavon,2021-03-17,3.0,5.0,6.0,7.0,7.0,8.0,9.0,10.0,11.0,11.0,12.0,13.0,16.0,inferred
Wychavon,2021-03-18,2.5,4.0,5.0,6.0,6.0,7.0,8.0,8.0,9.0,10.0,10.0,12.0,14.0,inferred
Wychavon,2021-03-19,2.0,3.0,4.0,5.0,5.0,6.0,7.0,7.0,8.0,9.0,10.0,11.0,14.0,inferred
Wychavon,2021-03-20,1.0,2.0,3.0,4.0,4.0,5.0,5.0,6.0,7.0,7.0,8.0,9.0,11.0,inferred
Wychavon,2021-03-21,2.0,3.0,4.0,4.0,5.0,5.0,6.0,7.0,8.0,8.0,9.0,10.0,12.0,inferred
Wychavon,2021-03-22,2.0,4.0,5.0,5.0,6.0,7.0,8.0,8.0,9.0,10.0,10.0,12.0,15.0,inferred
Wychavon,2021-03-23,2.0,4.0,5.0,5.0,6.0,7.0,7.0,8.0,9.0,9.0,10.0,12.0,14.0,inferred
Wychavon,2021-03-24,3.0,4.0,5.0,5.0,6.0,7.0,7.0,8.0,9.0,10.0,10.0,12.0,14.0,inferred
Wychavon,2021-03-25,2.0,3.0,4.0,4.0,5.0,6.0,6.0,7.0,8.0,8.0,9.0,10.0,13.0,inferred
Wychavon,2021-03-26,1.0,3.0,4.0,4.0,4.0,5.0,6.0,6.0,7.0,7.0,8.0,9.0,12.0,inferred
Wychavon,2021-03-27,1.0,2.0,2.0,3.0,3.0,4.0,4.0,5.0,5.0,6.0,6.0,8.0,10.0,inferred
Wychavon,2021-03-28,1.0,2.0,3.0,3.0,4.0,4.0,5.0,5.0,6.0,6.0,7.0,8.0,10.0,inferred
Wychavon,2021-03-29,1.0,3.0,4.0,4.0,4.0,5.0,6.0,7.0,7.0,8.0,8.0,10.0,12.0,inferred
Wychavon,2021-03-30,1.0,2.0,3.0,4.0,4.0,5.0,5.0,6.0,7.0,7.0,8.0,9.0,12.0,inferred
Wychavon,2021-03-31,1.0,2.0,3.0,3.0,4.0,4.0,5.0,6.0,6.0,7.0,7.0,9.0,11.0,inferred
Wychavon,2021-04-01,1.0,2.0,2.0,3.0,3.0,4.0,4.0,5.0,5.0,6.0,6.0,7.0,9.0,inferred
Wychavon,2021-04-02,0.0,1.0,2.0,2.0,2.0,3.0,3.0,4.0,5.0,5.0,5.0,6.0,8.0,inferred
Wychavon,2021-04-03,0.0,1.0,1.0,1.0,2.0,2.0,2.0,3.0,3.0,3.2,4.0,5.0,7.0,inferred
Wychavon,2021-04-04,0.0,1.0,1.0,1.0,2.0,2.0,2.0,3.0,3.0,4.0,4.0,5.0,7.0,inferred
Wychavon,2021-04-05,0.0,1.0,2.0,2.0,2.0,3.0,3.0,4.0,4.0,5.0,5.0,6.0,7.0,inferred
Wychavon,2021-04-06,0.0,1.0,1.0,2.0,2.0,2.0,3.0,3.0,4.0,4.0,4.0,5.0,7.5,inferred
Wychavon,2021-04-07,0.0,1.0,1.0,2.0,2.0,2.0,3.0,3.0,3.0,4.0,4.0,5.0,7.0,inferred
Wychavon,2021-04-08,0.0,0.0,1.0,1.0,1.0,2.0,2.0,3.0,3.0,4.0,4.0,5.0,7.0,inferred
Wychavon,2021-04-09,0.0,0.0,1.0,1.0,1.0,1.0,2.0,2.0,3.0,3.0,3.0,4.0,6.0,inferred
Wychavon,2021-04-10,0.0,0.0,0.0,1.0,1.0,1.0,1.0,2.0,2.0,2.0,3.0,3.0,5.0,inferred
Wychavon,2021-04-11,0.0,0.0,0.0,1.0,1.0,1.0,1.0,2.0,2.0,3.0,3.0,4.0,5.0,inferred
Wychavon,2021-04-12,0.0,0.0,1.0,1.0,1.0,1.0,2.0,2.0,3.0,3.0,3.0,4.0,6.0,inferred
Wychavon,2021-04-13,0.0,0.0,1.0,1.0,1.0,1.0,2.0,2.0,2.0,3.0,3.0,4.0,5.0,inferred
Wychavon,2021-04-14,0.0,0.0,1.0,1.0,1.0,1.0,2.0,2.0,3.0,3.0,3.0,4.0,6.0,inferred
Wychavon,2021-04-15,0.0,0.0,0.0,1.0,1.0,1.0,1.0,2.0,2.0,2.0,3.0,4.0,5.0,inferred
Wychavon,2021-04-16,0.0,0.0,0.0,1.0,1.0,1.0,1.0,2.0,2.0,2.0,2.0,3.0,5.0,inferred
Wychavon,2021-04-17,0.0,0.0,0.0,0.0,0.0,1.0,1.0,1.0,2.0,2.0,2.0,3.0,4.0,inferred
Wychavon,2021-04-18,0.0,0.0,0.0,0.0,1.0,1.0,1.0,2.0,2.0,2.0,2.0,3.0,5.0,inferred
Wychavon,2021-04-19,0.0,0.0,0.0,1.0,1.0,1.0,1.0,2.0,2.0,2.0,3.0,4.0,5.0,inferred
Wychavon,2021-04-20,0.0,0.0,0.0,1.0,1.0,1.0,1.0,2.0,2.0,2.0,3.0,3.0,5.0,inferred
Wychavon,2021-04-21,0.0,0.0,0.0,1.0,1.0,1.0,1.0,2.0,2.0,2.0,3.0,3.0,5.0,inferred
Wychavon,2021-04-22,0.0,0.0,0.0,0.0,1.0,1.0,1.0,1.0,2.0,2.0,2.0,3.0,5.0,inferred
Wychavon,2021-04-23,0.0,0.0,0.0,0.0,0.0,1.0,1.0,1.0,2.0,2.0,2.0,3.0,4.0,inferred
Wychavon,2021-04-24,0.0,0.0,0.0,0.0,0.0,0.0,1.0,1.0,1.0,2.0,2.0,2.0,4.0,inferred
Wychavon,2021-04-25,0.0,0.0,0.0,0.0,0.0,1.0,1.0,1.0,1.0,2.0,2.0,3.0,4.0,inferred
Wychavon,2021-04-26,0.0,0.0,0.0,0.0,0.0,1.0,1.0,1.0,2.0,2.0,2.0,3.0,4.0,inferred
Wychavon,2021-04-27,0.0,0.0,0.0,0.0,0.0,1.0,1.0,1.0,2.0,2.0,2.0,3.0,4.0,inferred
Wychavon,2021-04-28,0.0,0.0,0.0,0.0,0.0,1.0,1.0,1.0,2.0,2.0,2.0,3.0,4.0,inferred
Wychavon,2021-04-29,0.0,0.0,0.0,0.0,0.0,1.0,1.0,1.0,2.0,2.0,2.0,3.0,4.0,inferred
Wychavon,2021-04-30,0.0,0.0,0.0,0.0,0.0,1.0,1.0,1.0,1.0,2.0,2.0,3.0,4.0,inferred
Wychavon,2021-05-01,0.0,0.0,0.0,0.0,0.0,0.0,1.0,1.0,1.0,1.0,1.2,2.0,3.0,inferred
Wychavon,2021-05-02,0.0,0.0,0.0,0.0,0.0,0.0,1.0,1.0,1.0,2.0,2.0,2.0,4.0,inferred
Wychavon,2021-05-03,0.0,0.0,0.0,0.0,0.0,1.0,1.0,1.0,2.0,2.0,2.0,3.0,5.0,inferred
Wychavon,2021-05-04,0.0,0.0,0.0,0.0,0.0,1.0,1.0,1.0,2.0,2.0,2.0,3.0,4.0,inferred
Wychavon,2021-05-05,0.0,0.0,0.0,0.0,0.0,1.0,1.0,1.0,2.0,2.0,2.0,3.0,4.0,inferred
Wychavon,2021-05-06,0.0,0.0,0.0,0.0,0.0,1.0,1.0,1.0,2.0,2.0,2.0,3.0,4.5,inferred
Wychavon,2021-05-07,0.0,0.0,0.0,0.0,0.0,1.0,1.0,1.0,2.0,2.0,2.0,3.0,4.0,inferred
Wychavon,2021-05-08,0.0,0.0,0.0,0.0,0.0,1.0,1.0,1.0,1.0,2.0,2.0,2.0,4.0,inferred
Wychavon,2021-05-09,0.0,0.0,0.0,0.0,0.0,1.0,1.0,1.0,2.0,2.0,2.0,3.0,4.0,inferred
Wychavon,2021-05-10,0.0,0.0,0.0,0.0,1.0,1.0,1.0,2.0,2.0,2.0,2.0,3.0,4.0,inferred
Wychavon,2021-05-11,0.0,0.0,0.0,1.0,1.0,1.0,1.0,2.0,2.0,2.0,3.0,3.0,5.0,inferred
Wychavon,2021-05-12,0.0,0.0,0.0,1.0,1.0,1.0,1.0,2.0,2.0,2.0,3.0,3.0,5.0,inferred
Wychavon,2021-05-13,0.0,0.0,0.0,0.0,1.0,1.0,1.0,2.0,2.0,2.0,2.0,3.0,5.0,inferred
Wychavon,2021-05-14,0.0,0.0,0.0,0.0,1.0,1.0,1.0,1.0,2.0,2.0,2.0,3.0,4.0,inferred
Wychavon,2021-05-15,0.0,0.0,0.0,0.0,0.0,1.0,1.0,1.0,2.0,2.0,2.0,3.0,4.0,inferred
Wychavon,2021-05-16,0.0,0.0,0.0,0.0,1.0,1.0,1.0,1.0,2.0,2.0,2.0,3.0,4.0,inferred
Wychavon,2021-05-17,0.0,0.0,0.0,1.0,1.0,1.0,2.0,2.0,2.0,3.0,3.0,4.0,5.0,inferred
Wychavon,2021-05-18,0.0,0.0,1.0,1.0,1.0,1.0,2.0,2.0,2.0,3.0,3.0,4.0,5.0,inferred
Wychavon,2021-05-19,0.0,0.0,1.0,1.0,1.0,1.0,2.0,2.0,3.0,3.0,3.0,4.0,6.0,inferred
Wychavon,2021-05-20,0.0,0.0,1.0,1.0,1.0,1.0,2.0,2.0,2.0,3.0,3.0,4.0,5.0,inferred
Wychavon,2021-05-21,0.0,0.0,0.0,1.0,1.0,1.0,2.0,2.0,2.0,3.0,3.0,4.0,5.0,inferred
Wychavon,2021-05-22,0.0,0.0,0.0,0.0,1.0,1.0,1.0,1.0,2.0,2.0,2.0,3.0,4.5,inferred
Wychavon,2021-05-23,0.0,0.0,0.0,1.0,1.0,1.0,2.0,2.0,2.0,3.0,3.0,4.0,5.0,inferred
Wychavon,2021-05-24,0.0,0.0,1.0,1.0,1.0,2.0,2.0,2.0,3.0,3.0,4.0,5.0,6.0,inferred
Wychavon,2021-05-25,0.0,0.0,1.0,1.0,1.0,2.0,2.0,2.0,3.0,3.0,3.0,4.0,6.0,inferred
Wychavon,2021-05-26,0.0,0.0,1.0,1.0,1.0,2.0,2.0,2.0,3.0,3.0,4.0,5.0,6.0,inferred
Wychavon,2021-05-27,0.0,0.0,1.0,1.0,1.0,1.0,2.0,2.0,3.0,3.0,3.0,4.0,6.0,inferred
Wychavon,2021-05-28,0.0,0.0,0.0,1.0,1.0,1.0,1.0,2.0,2.0,3.0,3.0,4.0,5.0,inferred
Wychavon,2021-05-29,0.0,0.0,0.0,0.0,1.0,1.0,1.0,2.0,2.0,2.0,3.0,3.0,5.0,inferred
Wychavon,2021-05-30,0.0,0.0,0.0,1.0,1.0,1.0,1.0,2.0,2.0,3.0,3.0,4.0,5.0,inferred
Wychavon,2021-05-31,0.0,0.0,1.0,1.0,1.0,2.0,2.0,2.0,3.0,3.0,3.0,4.0,6.0,inferred
Wychavon,2021-06-01,0.0,0.0,1.0,1.0,1.0,2.0,2.0,2.0,3.0,3.0,3.0,4.0,6.0,inferred
Wychavon,2021-06-02,0.0,0.0,1.0,1.0,1.0,2.0,2.0,2.4,3.0,3.0,4.0,5.0,6.0,inferred
Wychavon,2021-06-03,0.0,0.0,1.0,1.0,1.0,1.0,2.0,2.0,3.0,3.0,3.0,4.0,6.0,inferred
Wychavon,2021-06-04,0.0,0.0,1.0,1.0,1.0,1.0,2.0,2.0,3.0,3.0,3.0,4.0,6.0,inferred
Wychavon,2021-06-05,0.0,0.0,0.0,1.0,1.0,1.0,1.0,2.0,2.0,2.0,3.0,3.0,5.0,inferred
Wychavon,2021-06-06,0.0,0.0,1.0,1.0,1.0,1.0,2.0,2.0,3.0,3.0,3.0,4.0,6.0,inferred
Wychavon,2021-06-07,0.0,1.0,1.0,1.0,2.0,2.0,3.0,3.0,4.0,4.0,4.0,6.0,8.0,inferred
Wychavon,2021-06-08,0.0,1.0,1.0,2.0,2.0,2.0,3.0,3.0,4.0,4.0,5.0,6.0,8.0,inferred
Wychavon,2021-06-09,0.0,1.0,2.0,2.0,2.0,3.0,3.0,4.0,5.0,5.0,5.0,7.0,8.0,inferred
Wychavon,2021-06-10,0.0,1.0,2.0,2.0,2.0,3.0,3.0,4.0,4.0,5.0,5.0,6.0,9.0,inferred
Wychavon,2021-06-11,0.0,1.0,2.0,2.0,2.0,3.0,3.0,4.0,5.0,5.0,5.0,6.0,8.0,inferred
Wychavon,2021-06-12,0.0,1.0,1.0,2.0,2.0,2.0,3.0,3.0,4.0,4.0,5.0,6.0,7.0,inferred
Wychavon,2021-06-13,0.0,1.0,2.0,2.0,3.0,3.0,4.0,4.0,5.0,5.0,6.0,7.0,9.0,inferred
Wychavon,2021-06-14,1.0,2.0,3.0,3.0,4.0,4.0,5.0,6.0,6.0,7.0,7.0,9.0,11.0,inferred
Wychavon,2021-06-15,1.0,2.0,3.0,4.0,4.0,5.0,5.0,6.0,7.0,7.0,8.0,9.0,11.0,inferred
Wychavon,2021-06-16,1.0,3.0,4.0,4.0,5.0,5.0,6.0,7.0,8.0,8.0,9.0,10.0,13.0,inferred
Wychavon,2021-06-17,1.0,3.0,4.0,4.0,5.0,5.0,6.0,7.0,8.0,8.0,9.0,10.0,13.0,inferred
Wychavon,2021-06-18,2.0,3.0,4.0,4.0,5.0,5.0,6.0,7.0,8.0,8.0,9.0,10.0,14.0,inferred
Wyre,2021-03-06,0.0,1.0,2.0,3.0,3.0,4.0,5.0,5.0,6.0,7.0,7.0,9.0,12.0,inferred
Wyre,2021-03-07,1.0,2.0,3.0,4.0,4.0,5.0,5.0,6.0,7.0,8.0,8.0,10.0,14.0,inferred
Wyre,2021-03-08,1.0,3.0,4.0,4.0,5.0,6.0,7.0,8.0,9.0,9.0,10.0,12.0,16.0,inferred
Wyre,2021-03-09,1.5,3.0,4.0,5.0,5.0,6.0,7.0,8.0,9.0,9.0,10.0,12.0,15.0,inferred
Wyre,2021-03-10,1.0,3.0,4.0,5.0,5.0,6.0,7.0,8.0,9.0,10.0,10.0,12.0,16.0,inferred
Wyre,2021-03-11,1.0,3.0,4.0,4.0,5.0,6.0,7.0,8.0,9.0,9.0,10.0,12.0,16.0,inferred
Wyre,2021-03-12,1.0,2.0,3.0,4.0,4.0,5.0,6.0,7.0,8.0,8.0,9.0,11.0,15.0,inferred
Wyre,2021-03-13,0.0,2.0,3.0,3.0,3.0,4.0,5.0,6.0,7.0,7.0,8.0,9.0,13.0,inferred
Wyre,2021-03-14,1.0,2.0,3.0,4.0,4.0,5.0,5.0,6.0,7.0,8.0,9.0,10.0,14.0,inferred
Wyre,2021-03-15,2.0,3.0,5.0,5.0,6.0,7.0,8.0,9.0,10.0,10.0,11.0,13.0,18.0,inferred
Wyre,2021-03-16,2.0,3.0,4.0,5.0,5.0,6.0,7.0,8.0,10.0,10.0,11.0,13.0,17.0,inferred
Wyre,2021-03-17,2.0,3.0,5.0,5.0,6.0,7.0,8.0,9.0,10.0,10.0,11.0,13.0,17.0,inferred
Wyre,2021-03-18,2.0,3.0,4.0,5.0,5.0,6.0,7.0,8.0,9.0,10.0,10.0,12.0,16.0,inferred
Wyre,2021-03-19,1.0,2.0,3.0,4.0,4.0,5.0,6.0,7.0,8.0,8.0,9.0,11.0,14.5,inferred
Wyre,2021-03-20,0.0,1.0,2.0,3.0,3.0,4.0,4.0,5.0,6.0,7.0,7.0,9.0,12.0,inferred
Wyre,2021-03-21,1.0,2.0,3.0,3.0,4.0,4.0,5.0,6.0,7.0,7.0,8.0,10.0,13.0,inferred
Wyre,2021-03-22,1.0,3.0,4.0,4.0,5.0,6.0,6.0,7.0,8.0,9.0,10.0,12.0,16.0,inferred
Wyre,2021-03-23,1.0,2.0,3.0,4.0,4.0,5.0,6.0,7.0,8.0,8.0,9.0,11.0,14.0,inferred
Wyre,2021-03-24,1.0,2.0,3.0,3.0,4.0,5.0,5.0,6.0,7.0,8.0,8.0,11.0,14.0,inferred
Wyre,2021-03-25,0.0,1.0,2.0,3.0,3.0,4.0,5.0,5.0,6.0,7.0,7.0,9.0,12.0,inferred
Wyre,2021-03-26,0.0,1.0,2.0,2.0,2.0,3.0,4.0,4.0,5.0,5.0,6.0,7.0,10.0,inferred
Wyre,2021-03-27,0.0,0.0,1.0,1.0,1.0,2.0,2.0,3.0,4.0,4.0,5.0,6.0,9.0,inferred
Wyre,2021-03-28,0.0,0.0,1.0,1.0,2.0,2.0,3.0,3.0,4.0,5.0,5.0,6.0,9.0,inferred
Wyre,2021-03-29,0.0,1.0,1.0,2.0,2.0,3.0,3.0,4.0,5.0,5.0,6.0,7.0,11.0,inferred
Wyre,2021-03-30,0.0,1.0,1.0,2.0,2.0,2.0,3.0,4.0,4.0,5.0,5.0,7.0,10.0,inferred
Wyre,2021-03-31,0.0,1.0,1.0,1.0,2.0,2.0,3.0,3.0,4.0,5.0,5.0,7.0,10.0,inferred
Wyre,2021-04-01,0.0,0.0,1.0,1.0,1.0,2.0,2.0,3.0,4.0,4.0,5.0,6.0,9.0,inferred
Wyre,2021-04-02,0.0,0.0,1.0,1.0,1.0,2.0,2.0,3.0,3.0,4.0,4.0,5.0,8.0,inferred
Wyre,2021-04-03,0.0,0.0,0.0,1.0,1.0,1.0,1.0,2.0,2.0,3.0,3.0,4.0,6.0,inferred
Wyre,2021-04-04,0.0,0.0,0.0,1.0,1.0,1.0,2.0,2.0,3.0,3.0,3.0,5.0,7.0,inferred
Wyre,2021-04-05,0.0,0.0,1.0,1.0,1.0,2.0,2.0,3.0,3.0,4.0,4.0,5.0,8.0,inferred
Wyre,2021-04-06,0.0,0.0,0.0,1.0,1.0,1.0,2.0,2.0,3.0,3.0,4.0,5.0,8.0,inferred
Wyre,2021-04-07,0.0,0.0,0.0,1.0,1.0,1.0,2.0,2.0,3.0,3.0,4.0,5.0,7.0,inferred
Wyre,2021-04-08,0.0,0.0,0.0,1.0,1.0,1.0,2.0,2.0,3.0,3.0,3.0,5.0,7.0,inferred
Wyre,2021-04-09,0.0,0.0,0.0,0.0,1.0,1.0,1.0,2.0,2.0,3.0,3.0,4.0,6.0,inferred
Wyre,2021-04-10,0.0,0.0,0.0,0.0,0.0,1.0,1.0,1.0,2.0,2.0,2.0,4.0,6.0,inferred
Wyre,2021-04-11,0.0,0.0,0.0,0.0,0.0,1.0,1.0,2.0,2.0,2.0,3.0,4.0,6.0,inferred
Wyre,2021-04-12,0.0,0.0,0.0,1.0,1.0,1.0,2.0,2.0,3.0,3.0,3.0,4.0,7.0,inferred
Wyre,2021-04-13,0.0,0.0,0.0,1.0,1.0,1.0,1.0,2.0,3.0,3.0,3.0,5.0,7.0,inferred
Wyre,2021-04-14,0.0,0.0,0.0,0.8,1.0,1.0,1.0,2.0,2.0,3.0,3.0,5.0,7.0,inferred
Wyre,2021-04-15,0.0,0.0,0.0,0.0,1.0,1.0,1.0,2.0,2.0,3.0,3.0,4.0,7.0,inferred
Wyre,2021-04-16,0.0,0.0,0.0,0.0,0.0,1.0,1.0,2.0,2.0,3.0,3.0,4.0,6.0,inferred
Wyre,2021-04-17,0.0,0.0,0.0,0.0,0.0,0.0,1.0,1.0,2.0,2.0,2.0,3.0,5.0,inferred
Wyre,2021-04-18,0.0,0.0,0.0,0.0,0.0,1.0,1.0,1.0,2.0,2.0,3.0,4.0,6.0,inferred
Wyre,2021-04-19,0.0,0.0,0.0,0.0,1.0,1.0,1.0,2.0,2.0,3.0,3.0,4.0,6.0,inferred
Wyre,2021-04-20,0.0,0.0,0.0,0.0,1.0,1.0,1.0,2.0,2.0,3.0,3.0,4.0,7.0,inferred
Wyre,2021-04-21,0.0,0.0,0.0,1.0,1.0,1.0,2.0,2.0,3.0,3.0,3.0,5.0,7.0,inferred
Wyre,2021-04-22,0.0,0.0,0.0,0.0,1.0,1.0,1.0,2.0,2.0,3.0,3.0,4.0,7.0,inferred
Wyre,2021-04-23,0.0,0.0,0.0,0.0,1.0,1.0,1.0,2.0,2.0,3.0,3.0,4.0,7.0,inferred
Wyre,2021-04-24,0.0,0.0,0.0,0.0,0.0,1.0,1.0,1.0,2.0,2.0,2.0,3.0,5.0,inferred
Wyre,2021-04-25,0.0,0.0,0.0,0.0,0.0,1.0,1.0,2.0,2.0,3.0,3.0,4.0,6.0,inferred
Wyre,2021-04-26,0.0,0.0,1.0,1.0,1.0,1.0,2.0,2.0,3.0,3.0,4.0,5.0,8.0,inferred
Wyre,2021-04-27,0.0,0.0,1.0,1.0,1.0,1.0,2.0,2.0,3.0,3.0,4.0,5.0,8.0,inferred
Wyre,2021-04-28,0.0,0.0,1.0,1.0,1.0,2.0,2.0,3.0,3.0,4.0,4.0,5.0,8.0,inferred
Wyre,2021-04-29,0.0,0.0,1.0,1.0,1.0,1.0,2.0,2.0,3.0,4.0,4.0,5.0,8.0,inferred
Wyre,2021-04-30,0.0,0.0,1.0,1.0,1.0,1.0,2.0,2.0,3.0,3.0,4.0,5.0,8.0,inferred
Wyre,2021-05-01,0.0,0.0,0.0,1.0,1.0,1.0,2.0,2.0,3.0,3.0,3.0,4.0,7.0,inferred
Wyre,2021-05-02,0.0,0.0,0.0,1.0,1.0,1.0,2.0,2.0,3.0,3.0,3.0,5.0,7.0,inferred
Wyre,2021-05-03,0.0,0.0,1.0,1.0,1.0,2.0,2.0,3.0,4.0,4.0,5.0,6.0,9.0,inferred
Wyre,2021-05-04,0.0,0.0,1.0,1.0,1.0,2.0,2.0,3.0,4.0,4.0,5.0,6.0,9.0,inferred
Wyre,2021-05-05,0.0,0.0,1.0,1.0,1.0,2.0,2.0,3.0,4.0,4.0,5.0,6.0,9.0,inferred
Wyre,2021-05-06,0.0,0.0,1.0,1.0,1.0,2.0,2.0,3.0,4.0,4.0,4.2,6.0,9.0,inferred
Wyre,2021-05-07,0.0,0.0,1.0,1.0,1.0,2.0,2.0,3.0,3.0,4.0,4.0,5.0,8.0,inferred
Wyre,2021-05-08,0.0,0.0,0.0,1.0,1.0,1.0,2.0,2.0,3.0,3.0,3.0,5.0,7.0,inferred
Wyre,2021-05-09,0.0,0.0,0.0,1.0,1.0,1.0,2.0,2.0,3.0,3.0,4.0,5.0,7.0,inferred
Wyre,2021-05-10,0.0,0.0,1.0,1.0,2.0,2.0,3.0,3.0,4.0,4.0,5.0,6.0,9.0,inferred
Wyre,2021-05-11,0.0,0.0,1.0,1.0,1.0,2.0,2.0,3.0,4.0,4.0,5.0,6.0,9.0,inferred
Wyre,2021-05-12,0.0,0.0,1.0,1.0,1.0,2.0,2.0,3.0,4.0,4.0,5.0,6.0,9.0,inferred
Wyre,2021-05-13,0.0,0.0,1.0,1.0,1.0,2.0,2.0,3.0,3.0,4.0,4.0,6.0,8.5,inferred
Wyre,2021-05-14,0.0,0.0,1.0,1.0,1.0,1.0,2.0,2.0,3.0,3.0,4.0,5.0,8.0,inferred
Wyre,2021-05-15,0.0,0.0,0.0,0.0,1.0,1.0,1.0,2.0,2.0,3.0,3.0,4.0,6.5,inferred
Wyre,2021-05-16,0.0,0.0,0.0,1.0,1.0,1.0,2.0,2.0,3.0,3.0,4.0,5.0,7.5,inferred
Wyre,2021-05-17,0.0,0.0,1.0,1.0,1.0,2.0,2.0,3.0,3.0,4.0,4.0,6.0,8.0,inferred
Wyre,2021-05-18,0.0,0.0,1.0,1.0,1.0,2.0,2.0,3.0,3.0,4.0,4.0,5.1,8.0,inferred
Wyre,2021-05-19,0.0,0.0,1.0,1.0,1.0,2.0,2.0,3.0,4.0,4.0,5.0,6.0,8.0,inferred
Wyre,2021-05-20,0.0,0.0,1.0,1.0,1.0,2.0,2.0,3.0,3.0,4.0,4.0,6.0,8.0,inferred
Wyre,2021-05-21,0.0,0.0,1.0,1.0,1.0,2.0,2.0,3.0,3.0,4.0,4.0,5.0,8.0,inferred
Wyre,2021-05-22,0.0,0.0,0.0,1.0,1.0,1.0,2.0,2.0,3.0,3.0,4.0,5.0,7.0,inferred
Wyre,2021-05-23,0.0,0.0,1.0,1.0,1.0,2.0,2.0,3.0,3.0,4.0,4.0,5.0,8.0,inferred
Wyre,2021-05-24,0.0,1.0,1.0,2.0,2.0,3.0,3.0,4.0,5.0,5.0,6.0,7.0,10.0,inferred
Wyre,2021-05-25,0.0,1.0,2.0,2.0,2.0,3.0,3.0,4.0,5.0,6.0,6.0,8.0,10.0,inferred
Wyre,2021-05-26,0.0,1.0,2.0,2.0,3.0,3.0,4.0,5.0,6.0,6.0,7.0,8.0,12.0,inferred
Wyre,2021-05-27,0.0,1.0,2.0,2.0,3.0,3.0,4.0,5.0,6.0,6.0,7.0,9.0,12.0,inferred
Wyre,2021-05-28,0.0,1.0,2.0,2.0,3.0,3.0,4.0,5.0,6.0,6.0,7.0,9.0,12.0,inferred
Wyre,2021-05-29,0.0,1.0,2.0,2.0,2.0,3.0,4.0,4.0,5.0,6.0,6.0,8.0,11.0,inferred
Wyre,2021-05-30,0.0,2.0,2.0,3.0,3.0,4.0,5.0,6.0,7.0,7.0,8.0,10.0,13.0,inferred
Wyre,2021-05-31,1.0,3.0,4.0,5.0,5.0,6.0,7.0,8.0,9.0,10.0,11.0,13.0,17.0,inferred
Wyre,2021-06-01,2.0,4.0,5.0,5.0,6.0,7.0,8.0,9.0,10.0,11.0,12.0,14.0,17.0,inferred
Wyre,2021-06-02,2.0,4.0,6.0,6.0,7.0,8.0,9.0,10.0,11.0,12.0,13.0,15.0,20.0,inferred
Wyre,2021-06-03,3.0,5.0,6.0,7.0,7.0,9.0,10.0,11.0,12.0,13.0,14.0,16.0,20.0,inferred
Wyre,2021-06-04,3.0,5.0,6.0,7.0,7.0,9.0,9.0,11.0,12.0,13.0,14.0,16.0,20.0,inferred
Wyre,2021-06-05,2.0,4.0,5.0,6.0,6.0,7.0,8.0,9.0,11.0,11.0,12.0,14.0,18.0,inferred
Wyre,2021-06-06,3.0,5.0,7.0,8.0,8.0,10.0,11.0,12.0,13.0,14.0,15.0,17.0,22.0,inferred
Wyre,2021-06-07,6.0,8.0,10.0,11.0,12.0,14.0,15.0,16.0,18.0,19.0,20.0,23.0,28.0,inferred
Wyre,2021-06-08,7.0,10.0,12.0,13.0,13.0,15.0,16.0,18.0,20.0,20.0,22.0,24.0,30.0,inferred
Wyre,2021-06-09,7.0,10.0,13.0,14.0,15.0,16.0,17.0,19.0,21.0,22.0,23.0,26.0,31.0,inferred
Wyre,2021-06-10,7.5,11.0,13.0,14.0,15.0,16.0,18.0,19.0,21.0,22.0,23.0,26.0,31.0,inferred
Wyre,2021-06-11,7.0,10.0,12.0,13.0,14.0,15.0,17.0,18.0,20.0,21.0,22.0,25.0,30.0,inferred
Wyre,2021-06-12,5.0,8.0,10.0,11.0,12.0,13.0,14.0,15.0,17.0,18.0,19.0,22.0,26.0,inferred
Wyre,2021-06-13,8.0,11.0,13.0,14.0,15.0,17.0,18.0,20.0,21.0,22.0,23.0,26.0,31.5,inferred
Wyre,2021-06-14,12.0,16.0,19.0,20.0,21.0,23.0,25.0,27.0,29.0,30.0,31.0,35.0,41.0,inferred
Wyre,2021-06-15,13.0,17.0,20.0,21.0,22.0,24.0,26.0,28.0,30.0,31.0,33.0,36.1,43.0,inferred
Wyre,2021-06-16,15.0,19.0,22.0,23.0,24.0,26.0,28.0,30.0,32.0,33.0,35.0,39.0,45.0,inferred
Wyre,2021-06-17,15.0,19.0,21.0,22.0,23.0,25.0,27.0,30.0,32.0,33.0,35.0,39.0,44.0,inferred
Wyre,2021-06-18,13.0,17.0,20.0,21.0,22.0,24.0,26.0,28.0,30.0,31.0,33.0,37.0,42.0,inferred
Wyre Forest,2021-03-06,4.0,6.9,8.0,9.0,9.0,10.0,11.0,12.0,13.0,14.0,15.0,17.0,20.0,inferred
Wyre Forest,2021-03-07,7.0,9.0,10.0,11.0,11.0,13.0,14.0,14.0,16.0,16.0,17.0,19.0,22.5,inferred
Wyre Forest,2021-03-08,10.0,12.0,14.0,15.0,15.0,16.0,18.0,19.0,20.0,21.0,22.0,24.1,28.0,inferred
Wyre Forest,2021-03-09,8.5,11.0,13.0,14.0,14.0,15.6,17.0,18.0,19.0,20.0,21.0,23.0,27.0,inferred
Wyre Forest,2021-03-10,9.0,11.0,13.0,14.0,15.0,16.0,17.0,18.0,20.0,21.0,21.0,23.0,27.0,inferred
Wyre Forest,2021-03-11,7.0,9.0,11.0,11.0,12.0,13.0,14.0,15.0,17.0,17.0,18.0,20.0,23.5,inferred
Wyre Forest,2021-03-12,5.0,8.0,9.0,10.0,10.0,11.0,12.0,13.0,14.0,15.0,16.0,17.0,21.0,inferred
Wyre Forest,2021-03-13,3.0,5.0,6.0,7.0,7.0,8.0,9.0,10.0,11.0,11.0,12.0,14.0,17.0,inferred
Wyre Forest,2021-03-14,4.0,6.0,7.0,8.0,8.0,9.0,10.0,11.0,12.0,13.0,13.0,15.0,18.0,inferred
Wyre Forest,2021-03-15,5.0,8.0,9.0,10.0,10.0,11.0,12.0,13.0,14.0,15.0,16.0,18.0,21.0,inferred
Wyre Forest,2021-03-16,5.0,7.0,8.0,9.0,9.0,10.0,11.0,12.0,13.0,14.0,15.0,17.0,20.0,inferred
Wyre Forest,2021-03-17,5.0,7.0,8.0,9.0,9.0,10.0,11.0,12.0,14.0,14.0,15.0,17.0,20.0,inferred
Wyre Forest,2021-03-18,3.5,5.0,7.0,7.0,8.0,9.0,10.0,10.0,12.0,12.0,13.0,15.0,17.0,inferred
Wyre Forest,2021-03-19,3.0,5.0,6.0,6.0,7.0,8.0,8.0,9.0,10.0,11.0,11.0,13.0,16.0,inferred
Wyre Forest,2021-03-20,2.0,3.0,4.0,5.0,5.0,6.0,6.0,7.0,8.0,8.0,9.0,11.0,14.0,inferred
Wyre Forest,2021-03-21,2.0,4.0,5.0,5.0,6.0,6.0,7.0,8.0,9.0,9.0,10.0,12.0,14.0,inferred
Wyre Forest,2021-03-22,3.5,5.0,6.0,7.0,7.0,8.0,9.0,10.0,11.0,11.0,12.0,14.0,17.0,inferred
Wyre Forest,2021-03-23,3.0,4.0,5.0,6.0,6.0,7.0,8.0,9.0,10.0,10.0,11.0,13.0,16.0,inferred
Wyre Forest,2021-03-24,3.0,4.0,6.0,6.0,7.0,7.0,8.0,9.0,10.0,10.0,11.0,13.0,16.0,inferred
Wyre Forest,2021-03-25,2.0,3.0,4.0,5.0,5.0,6.0,7.0,7.0,8.0,9.0,9.0,11.0,13.0,inferred
Wyre Forest,2021-03-26,1.0,3.0,4.0,4.0,4.0,5.0,6.0,6.0,7.0,8.0,8.0,10.0,12.0,inferred
Wyre Forest,2021-03-27,1.0,2.0,2.0,3.0,3.0,4.0,4.0,5.0,5.0,6.0,6.2,8.0,10.0,inferred
Wyre Forest,2021-03-28,1.0,2.0,3.0,3.0,3.0,4.0,5.0,5.0,6.0,6.0,7.0,8.0,10.0,inferred
Wyre Forest,2021-03-29,1.0,3.0,4.0,4.0,4.0,5.0,6.0,6.0,7.0,8.0,8.0,10.0,13.0,inferred
Wyre Forest,2021-03-30,1.0,2.0,3.0,3.0,4.0,4.0,5.0,6.0,7.0,7.0,8.0,9.0,11.0,inferred
Wyre Forest,2021-03-31,1.0,2.0,3.0,3.0,4.0,4.0,5.0,6.0,6.0,7.0,7.0,9.0,11.0,inferred
Wyre Forest,2021-04-01,1.0,2.0,2.0,3.0,3.0,4.0,4.0,5.0,5.0,6.0,6.0,8.0,10.0,inferred
Wyre Forest,2021-04-02,0.0,1.0,2.0,2.0,2.0,3.0,3.0,4.0,4.0,5.0,5.0,7.0,9.0,inferred
Wyre Forest,2021-04-03,0.0,1.0,1.0,1.0,2.0,2.0,2.0,3.0,4.0,4.0,4.0,5.0,7.0,inferred
Wyre Forest,2021-04-04,0.0,1.0,1.0,1.0,2.0,2.0,3.0,3.0,4.0,4.0,4.0,5.0,7.0,inferred
Wyre Forest,2021-04-05,0.0,1.0,1.0,2.0,2.0,3.0,3.0,3.0,4.0,4.0,5.0,6.0,8.0,inferred
Wyre Forest,2021-04-06,0.0,1.0,1.0,1.0,2.0,2.0,3.0,3.0,4.0,4.0,4.0,5.0,7.0,inferred
Wyre Forest,2021-04-07,0.0,1.0,1.0,1.0,2.0,2.0,3.0,3.0,4.0,4.0,4.0,5.0,7.0,inferred
Wyre Forest,2021-04-08,0.0,0.0,1.0,1.0,1.0,2.0,2.0,3.0,3.0,3.0,4.0,5.0,6.0,inferred
Wyre Forest,2021-04-09,0.0,0.0,1.0,1.0,1.0,1.0,2.0,2.0,3.0,3.0,3.0,4.0,6.0,inferred
Wyre Forest,2021-04-10,0.0,0.0,0.0,1.0,1.0,1.0,1.0,2.0,2.0,2.0,3.0,3.0,5.0,inferred
Wyre Forest,2021-04-11,0.0,0.0,0.0,1.0,1.0,1.0,1.0,2.0,2.0,3.0,3.0,4.0,5.0,inferred
Wyre Forest,2021-04-12,0.0,0.0,1.0,1.0,1.0,2.0,2.0,2.0,3.0,3.0,3.0,4.0,6.0,inferred
Wyre Forest,2021-04-13,0.0,0.0,1.0,1.0,1.0,1.0,2.0,2.0,2.0,3.0,3.0,4.0,6.0,inferred
Wyre Forest,2021-04-14,0.0,0.0,1.0,1.0,1.0,1.0,2.0,2.0,3.0,3.0,3.0,4.0,6.0,inferred
Wyre Forest,2021-04-15,0.0,0.0,0.0,1.0,1.0,1.0,1.0,2.0,2.0,3.0,3.0,4.0,5.0,inferred
Wyre Forest,2021-04-16,0.0,0.0,0.0,0.0,1.0,1.0,1.0,2.0,2.0,2.0,3.0,4.0,5.0,inferred
Wyre Forest,2021-04-17,0.0,0.0,0.0,0.0,0.0,1.0,1.0,1.0,2.0,2.0,2.0,3.0,4.0,inferred
Wyre Forest,2021-04-18,0.0,0.0,0.0,0.0,1.0,1.0,1.0,2.0,2.0,2.0,3.0,3.0,5.0,inferred
Wyre Forest,2021-04-19,0.0,0.0,0.0,1.0,1.0,1.0,1.0,2.0,2.0,3.0,3.0,4.0,6.0,inferred
Wyre Forest,2021-04-20,0.0,0.0,0.0,1.0,1.0,1.0,1.0,2.0,2.0,3.0,3.0,4.0,5.0,inferred
Wyre Forest,2021-04-21,0.0,0.0,0.0,1.0,1.0,1.0,1.0,2.0,2.0,3.0,3.0,4.0,5.0,inferred
Wyre Forest,2021-04-22,0.0,0.0,0.0,0.0,1.0,1.0,1.0,2.0,2.0,2.0,3.0,3.0,5.0,inferred
Wyre Forest,2021-04-23,0.0,0.0,0.0,0.0,0.0,1.0,1.0,1.0,2.0,2.0,2.0,3.0,4.5,inferred
Wyre Forest,2021-04-24,0.0,0.0,0.0,0.0,0.0,0.0,1.0,1.0,1.0,2.0,2.0,3.0,4.0,inferred
Wyre Forest,2021-04-25,0.0,0.0,0.0,0.0,0.0,1.0,1.0,1.0,2.0,2.0,2.0,3.0,4.0,inferred
Wyre Forest,2021-04-26,0.0,0.0,0.0,0.0,1.0,1.0,1.0,1.0,2.0,2.0,2.0,3.0,5.0,inferred
Wyre Forest,2021-04-27,0.0,0.0,0.0,0.0,0.0,1.0,1.0,1.0,2.0,2.0,2.0,3.0,5.0,inferred
Wyre Forest,2021-04-28,0.0,0.0,0.0,0.0,1.0,1.0,1.0,2.0,2.0,2.0,2.0,3.0,5.0,inferred
Wyre Forest,2021-04-29,0.0,0.0,0.0,0.0,0.0,1.0,1.0,1.0,2.0,2.0,2.0,3.0,4.0,inferred
Wyre Forest,2021-04-30,0.0,0.0,0.0,0.0,0.0,1.0,1.0,1.0,2.0,2.0,2.0,3.0,4.0,inferred
Wyre Forest,2021-05-01,0.0,0.0,0.0,0.0,0.0,0.0,1.0,1.0,1.0,1.0,2.0,2.0,4.0,inferred
Wyre Forest,2021-05-02,0.0,0.0,0.0,0.0,0.0,1.0,1.0,1.0,1.0,2.0,2.0,3.0,4.0,inferred
Wyre Forest,2021-05-03,0.0,0.0,0.0,0.0,0.0,1.0,1.0,1.0,2.0,2.0,2.0,3.0,5.0,inferred
Wyre Forest,2021-05-04,0.0,0.0,0.0,0.0,0.0,1.0,1.0,1.0,2.0,2.0,2.0,3.0,5.0,inferred
Wyre Forest,2021-05-05,0.0,0.0,0.0,0.0,0.0,1.0,1.0,1.0,2.0,2.0,2.0,3.0,4.5,inferred
Wyre Forest,2021-05-06,0.0,0.0,0.0,0.0,0.0,1.0,1.0,1.0,2.0,2.0,2.0,3.0,4.0,inferred
Wyre Forest,2021-05-07,0.0,0.0,0.0,0.0,0.0,1.0,1.0,1.0,2.0,2.0,2.0,3.0,4.0,inferred
Wyre Forest,2021-05-08,0.0,0.0,0.0,0.0,0.0,0.0,1.0,1.0,1.0,1.0,2.0,2.0,4.0,inferred
Wyre Forest,2021-05-09,0.0,0.0,0.0,0.0,0.0,0.0,1.0,1.0,1.0,2.0,2.0,3.0,4.0,inferred
Wyre Forest,2021-05-10,0.0,0.0,0.0,0.0,1.0,1.0,1.0,1.0,2.0,2.0,2.0,3.0,5.0,inferred
Wyre Forest,2021-05-11,0.0,0.0,0.0,0.0,0.0,1.0,1.0,1.0,2.0,2.0,2.0,3.0,5.0,inferred
Wyre Forest,2021-05-12,0.0,0.0,0.0,0.0,1.0,1.0,1.0,2.0,2.0,2.0,3.0,3.0,5.0,inferred
Wyre Forest,2021-05-13,0.0,0.0,0.0,0.0,0.0,1.0,1.0,1.0,2.0,2.0,2.0,3.0,4.0,inferred
Wyre Forest,2021-05-14,0.0,0.0,0.0,0.0,0.0,1.0,1.0,1.0,2.0,2.0,2.0,3.0,5.0,inferred
Wyre Forest,2021-05-15,0.0,0.0,0.0,0.0,0.0,1.0,1.0,1.0,1.0,2.0,2.0,3.0,4.0,inferred
Wyre Forest,2021-05-16,0.0,0.0,0.0,0.0,0.0,1.0,1.0,1.0,2.0,2.0,2.0,3.0,4.0,inferred
Wyre Forest,2021-05-17,0.0,0.0,0.0,0.0,1.0,1.0,1.0,2.0,2.0,2.0,3.0,4.0,5.0,inferred
Wyre Forest,2021-05-18,0.0,0.0,0.0,0.0,1.0,1.0,1.0,2.0,2.0,2.0,3.0,4.0,5.0,inferred
Wyre Forest,2021-05-19,0.0,0.0,0.0,1.0,1.0,1.0,2.0,2.0,2.0,3.0,3.0,4.0,5.0,inferred
Wyre Forest,2021-05-20,0.0,0.0,0.0,0.0,1.0,1.0,1.0,2.0,2.0,2.0,3.0,3.0,5.0,inferred
Wyre Forest,2021-05-21,0.0,0.0,0.0,1.0,1.0,1.0,1.0,2.0,2.0,2.0,3.0,3.0,5.0,inferred
Wyre Forest,2021-05-22,0.0,0.0,0.0,0.0,0.0,1.0,1.0,1.0,2.0,2.0,2.0,3.0,4.0,inferred
Wyre Forest,2021-05-23,0.0,0.0,0.0,0.0,1.0,1.0,1.0,2.0,2.0,2.0,3.0,3.0,5.0,inferred
Wyre Forest,2021-05-24,0.0,0.0,1.0,1.0,1.0,1.0,2.0,2.0,3.0,3.0,3.0,4.0,6.0,inferred
Wyre Forest,2021-05-25,0.0,0.0,1.0,1.0,1.0,2.0,2.0,2.0,3.0,3.0,3.0,4.0,6.0,inferred
Wyre Forest,2021-05-26,0.0,0.0,1.0,1.0,1.0,2.0,2.0,3.0,3.0,3.0,4.0,5.0,6.5,inferred
Wyre Forest,2021-05-27,0.0,0.0,1.0,1.0,1.0,2.0,2.0,2.0,3.0,3.0,4.0,4.1,6.0,inferred
Wyre Forest,2021-05-28,0.0,0.0,1.0,1.0,1.0,1.0,2.0,2.0,3.0,3.0,3.0,4.0,6.0,inferred
Wyre Forest,2021-05-29,0.0,0.0,0.0,1.0,1.0,1.0,1.0,2.0,2.0,3.0,3.0,4.0,5.0,inferred
Wyre Forest,2021-05-30,0.0,0.0,1.0,1.0,1.0,1.0,2.0,2.0,3.0,3.0,3.0,4.0,6.0,inferred
Wyre Forest,2021-05-31,0.0,0.0,1.0,1.0,2.0,2.0,2.0,3.0,4.0,4.0,4.0,5.0,8.0,inferred
Wyre Forest,2021-06-01,0.0,1.0,1.0,1.0,2.0,2.0,3.0,3.0,4.0,4.0,4.0,5.0,7.0,inferred
Wyre Forest,2021-06-02,0.0,1.0,1.0,2.0,2.0,2.0,3.0,3.0,4.0,4.0,5.0,6.0,7.5,inferred
Wyre Forest,2021-06-03,0.0,1.0,1.0,1.0,2.0,2.0,3.0,3.0,4.0,4.0,4.0,6.0,8.0,inferred
Wyre Forest,2021-06-04,0.0,1.0,1.0,1.0,2.0,2.0,2.0,3.0,4.0,4.0,4.0,5.0,7.0,inferred
Wyre Forest,2021-06-05,0.0,0.0,1.0,1.0,1.0,2.0,2.0,2.0,3.0,3.0,3.0,4.0,6.0,inferred
Wyre Forest,2021-06-06,0.0,1.0,1.0,1.0,2.0,2.0,2.0,3.0,3.0,4.0,4.0,5.0,7.0,inferred
Wyre Forest,2021-06-07,0.0,1.0,2.0,2.0,2.0,3.0,3.0,4.0,4.0,5.0,5.0,6.0,8.0,inferred
Wyre Forest,2021-06-08,0.0,1.0,1.0,2.0,2.0,3.0,3.0,4.0,4.0,5.0,5.0,6.0,8.0,inferred
Wyre Forest,2021-06-09,0.0,1.0,2.0,2.0,2.0,3.0,3.0,4.0,4.0,5.0,5.0,6.0,8.0,inferred
Wyre Forest,2021-06-10,0.0,1.0,2.0,2.0,2.0,3.0,3.0,4.0,4.0,5.0,5.0,6.0,8.0,inferred
Wyre Forest,2021-06-11,0.0,1.0,1.0,2.0,2.0,2.0,3.0,3.0,4.0,4.0,5.0,6.0,8.0,inferred
Wyre Forest,2021-06-12,0.0,0.0,1.0,1.0,1.0,2.0,2.0,3.0,3.0,4.0,4.0,5.0,7.0,inferred
Wyre Forest,2021-06-13,0.0,1.0,1.0,2.0,2.0,3.0,3.0,4.0,4.0,5.0,5.0,6.0,8.0,inferred
Wyre Forest,2021-06-14,1.0,1.0,2.0,2.0,3.0,3.0,4.0,5.0,5.0,6.0,6.0,8.0,10.0,inferred
Wyre Forest,2021-06-15,0.0,2.0,2.0,3.0,3.0,4.0,4.0,5.0,6.0,6.0,6.0,8.0,10.0,inferred
Wyre Forest,2021-06-16,1.0,2.0,3.0,3.0,4.0,4.0,5.0,6.0,6.0,7.0,7.0,9.0,11.0,inferred
Wyre Forest,2021-06-17,1.0,2.0,3.0,3.0,3.0,4.0,5.0,5.0,6.0,7.0,7.0,9.0,11.0,inferred
Wyre Forest,2021-06-18,0.0,2.0,3.0,3.0,3.0,4.0,4.0,5.0,6.0,6.0,7.0,8.0,10.0,inferred
York,2021-03-06,3.0,5.0,7.0,7.0,8.0,9.0,10.0,11.0,13.0,13.0,14.0,16.0,20.0,inferred
York,2021-03-07,3.0,6.0,7.0,8.0,8.0,10.0,11.0,12.0,13.0,14.0,15.0,17.0,21.0,inferred
York,2021-03-08,5.0,8.0,9.0,10.0,11.0,12.0,13.0,15.0,16.0,17.0,18.0,21.0,26.0,inferred
York,2021-03-09,4.0,6.0,8.0,9.0,9.0,10.6,12.0,13.0,14.0,15.0,16.0,18.0,23.5,inferred
York,2021-03-10,4.0,6.0,8.0,9.0,9.0,11.0,12.0,13.0,14.0,15.0,16.0,19.0,23.0,inferred
York,2021-03-11,3.0,5.9,7.0,8.0,8.0,9.0,11.0,12.0,13.0,14.0,15.0,17.0,20.0,inferred
York,2021-03-12,3.0,5.0,6.0,7.0,7.0,8.0,9.0,10.0,12.0,12.0,13.0,15.0,20.0,inferred
York,2021-03-13,2.0,3.0,5.0,5.0,6.0,6.0,7.0,8.0,9.0,10.0,11.0,13.0,17.0,inferred
York,2021-03-14,2.0,4.0,5.0,5.0,6.0,7.0,8.0,9.0,10.0,11.0,12.0,14.0,18.0,inferred
York,2021-03-15,3.0,5.0,7.0,7.8,8.0,9.0,10.0,11.0,13.0,13.0,14.0,17.0,21.0,inferred
York,2021-03-16,3.0,5.0,6.0,7.0,7.0,8.0,9.0,11.0,12.0,13.0,14.0,16.0,21.0,inferred
York,2021-03-17,3.0,5.0,6.0,7.0,7.0,8.0,10.0,11.0,12.0,13.0,13.0,16.0,20.5,inferred
York,2021-03-18,2.0,4.0,5.0,6.0,6.0,7.0,8.0,10.0,11.0,12.0,13.0,15.0,18.0,inferred
York,2021-03-19,2.0,3.0,5.0,5.0,6.0,7.0,8.0,9.0,10.0,10.0,11.0,13.0,16.5,inferred
York,2021-03-20,1.0,2.0,4.0,4.0,5.0,5.0,6.0,7.0,8.0,9.0,9.0,11.0,14.0,inferred
York,2021-03-21,2.0,3.0,4.0,4.0,5.0,6.0,7.0,8.0,8.0,9.0,10.0,12.0,16.0,inferred
York,2021-03-22,3.0,4.0,6.0,6.0,7.0,8.0,9.0,10.0,11.0,11.0,12.0,15.0,18.0,inferred
York,2021-03-23,2.0,4.0,5.0,6.0,6.0,7.0,8.0,9.0,10.0,11.0,11.0,14.0,18.0,inferred
York,2021-03-24,2.0,3.0,5.0,5.0,5.0,6.0,7.0,9.0,10.0,10.0,11.0,13.0,17.0,inferred
York,2021-03-25,1.0,3.0,4.0,4.0,5.0,6.0,7.0,7.0,9.0,9.0,10.0,12.0,16.0,inferred
York,2021-03-26,1.0,2.0,3.0,4.0,4.0,5.0,6.0,7.0,8.0,8.0,9.0,11.0,14.0,inferred
York,2021-03-27,0.0,1.0,2.0,2.0,3.0,3.0,4.0,5.0,6.0,6.0,7.0,8.0,12.0,inferred
York,2021-03-28,0.0,1.0,2.0,3.0,3.0,4.0,4.0,5.0,6.0,7.0,7.0,9.0,12.0,inferred
York,2021-03-29,1.0,2.0,3.0,3.0,4.0,4.0,5.0,6.0,7.0,8.0,8.0,10.0,13.0,inferred
York,2021-03-30,0.0,1.0,2.0,3.0,3.0,4.0,4.0,5.0,6.0,7.0,7.0,9.0,13.0,inferred
York,2021-03-31,0.0,1.0,2.0,3.0,3.0,4.0,4.0,5.0,6.0,7.0,7.0,9.0,13.0,inferred
York,2021-04-01,0.0,1.0,2.0,2.0,3.0,3.0,4.0,5.0,6.0,6.0,7.0,9.0,12.0,inferred
York,2021-04-02,0.0,1.0,1.0,2.0,2.0,3.0,4.0,4.0,5.0,5.0,6.0,8.0,10.0,inferred
York,2021-04-03,0.0,0.0,1.0,1.0,2.0,2.0,3.0,3.0,4.0,4.0,5.0,6.0,9.0,inferred
York,2021-04-04,0.0,0.0,1.0,1.0,2.0,2.0,3.0,3.0,4.0,4.0,5.0,6.0,9.5,inferred
York,2021-04-05,0.0,1.0,2.0,2.0,2.0,3.0,3.0,4.0,5.0,5.2,6.0,8.0,10.0,inferred
York,2021-04-06,0.0,1.0,1.0,2.0,2.0,3.0,3.0,4.0,5.0,5.0,6.0,7.0,11.0,inferred
York,2021-04-07,0.0,1.0,2.0,2.0,2.0,3.0,3.0,4.0,5.0,5.0,6.0,8.0,11.0,inferred
York,2021-04-08,0.0,1.0,1.0,2.0,2.0,3.0,3.0,4.0,5.0,5.0,6.0,8.0,10.0,inferred
York,2021-04-09,0.0,1.0,1.0,2.0,2.0,3.0,3.0,4.0,4.0,5.0,5.0,7.0,10.0,inferred
York,2021-04-10,0.0,0.0,1.0,1.0,1.0,2.0,2.0,3.0,4.0,4.0,5.0,6.0,8.5,inferred
York,2021-04-11,0.0,1.0,1.0,1.0,2.0,2.0,3.0,3.0,4.0,5.0,5.0,7.0,9.0,inferred
York,2021-04-12,0.0,1.0,2.0,2.0,2.0,3.0,4.0,4.0,5.0,6.0,7.0,8.0,12.0,inferred
York,2021-04-13,0.0,1.0,2.0,2.0,2.0,3.0,4.0,4.0,5.0,6.0,6.0,8.0,11.0,inferred
York,2021-04-14,0.0,1.0,2.0,2.0,3.0,3.0,4.0,5.0,6.0,6.0,7.0,8.0,11.5,inferred
York,2021-04-15,0.0,1.0,2.0,2.0,3.0,3.0,4.0,5.0,6.0,6.0,7.0,8.0,11.0,inferred
York,2021-04-16,0.0,1.0,2.0,2.0,3.0,3.0,4.0,5.0,5.0,6.0,6.0,8.0,11.0,inferred
York,2021-04-17,0.0,1.0,1.0,2.0,2.0,3.0,3.0,4.0,5.0,5.0,6.0,7.0,10.0,inferred
York,2021-04-18,0.0,1.0,2.0,2.0,2.0,3.0,4.0,5.0,5.0,6.0,7.0,8.0,11.0,inferred
York,2021-04-19,0.0,2.0,3.0,3.0,4.0,5.0,5.0,6.0,7.0,8.0,9.0,11.0,14.0,inferred
York,2021-04-20,0.5,2.0,3.0,3.0,4.0,4.0,5.0,6.0,7.0,7.0,8.0,10.0,13.0,inferred
York,2021-04-21,1.0,2.0,3.0,3.0,4.0,4.0,5.0,6.0,7.0,8.0,8.0,10.0,13.5,inferred
York,2021-04-22,1.0,2.0,3.0,3.0,3.0,4.0,5.0,6.0,7.0,7.0,8.0,10.0,13.0,inferred
York,2021-04-23,0.0,2.0,3.0,3.0,3.0,4.0,5.0,6.0,6.0,7.0,8.0,10.0,13.0,inferred
York,2021-04-24,0.0,1.0,2.0,2.0,3.0,3.0,4.0,5.0,5.0,6.0,6.0,8.0,11.0,inferred
York,2021-04-25,0.0,1.0,2.0,2.0,3.0,4.0,4.0,5.0,6.0,7.0,7.0,9.0,12.0,inferred
York,2021-04-26,1.0,2.0,3.0,3.0,4.0,5.0,5.0,6.0,7.0,8.0,8.0,10.0,14.0,inferred
York,2021-04-27,1.0,2.0,3.0,3.0,4.0,4.0,5.0,6.0,7.0,8.0,8.0,10.0,13.0,inferred
York,2021-04-28,1.0,2.0,3.0,3.0,4.0,5.0,5.0,6.0,7.0,8.0,8.0,10.0,14.0,inferred
York,2021-04-29,0.5,2.0,3.0,3.0,3.0,4.0,5.0,6.0,7.0,7.0,8.0,10.0,13.0,inferred
York,2021-04-30,0.0,1.0,2.0,2.0,3.0,3.0,4.0,5.0,6.0,6.0,7.0,8.1,11.0,inferred
York,2021-05-01,0.0,1.0,2.0,2.0,2.0,3.0,3.0,4.0,5.0,5.0,6.0,8.0,10.0,inferred
York,2021-05-02,0.0,1.0,2.0,2.0,2.0,3.0,4.0,4.0,5.0,6.0,6.0,8.0,11.0,inferred
York,2021-05-03,0.0,2.0,3.0,3.0,3.0,4.0,5.0,6.0,7.0,7.0,8.0,10.0,13.0,inferred
York,2021-05-04,0.0,1.0,2.0,3.0,3.0,4.0,5.0,5.0,6.0,7.0,7.0,9.0,12.0,inferred
York,2021-05-05,0.0,2.0,3.0,3.0,3.0,4.0,5.0,6.0,7.0,7.0,8.0,10.0,12.0,inferred
York,2021-05-06,0.0,1.0,2.0,3.0,3.0,4.0,5.0,5.0,6.0,7.0,7.0,9.0,12.0,inferred
York,2021-05-07,0.0,1.0,2.0,2.0,3.0,3.0,4.0,5.0,6.0,6.0,7.0,8.0,11.5,inferred
York,2021-05-08,0.0,1.0,1.0,2.0,2.0,3.0,3.0,4.0,5.0,5.0,6.0,7.0,10.0,inferred
York,2021-05-09,0.0,1.0,2.0,2.0,2.0,3.0,4.0,4.0,5.0,6.0,6.0,8.0,11.0,inferred
York,2021-05-10,0.0,2.0,2.0,3.0,3.0,4.0,5.0,5.0,6.0,7.0,7.0,9.0,13.0,inferred
York,2021-05-11,0.0,1.0,2.0,2.0,3.0,3.0,4.0,5.0,6.0,6.0,7.0,9.0,12.0,inferred
York,2021-05-12,0.0,1.0,2.0,3.0,3.0,4.0,4.0,5.0,6.0,7.0,7.0,9.0,12.0,inferred
York,2021-05-13,0.0,1.0,2.0,2.0,2.7,3.0,4.0,5.0,5.0,6.0,7.0,8.0,11.0,inferred
York,2021-05-14,0.0,1.0,2.0,2.0,2.0,3.0,4.0,4.0,5.0,6.0,7.0,8.0,11.0,inferred
York,2021-05-15,0.0,1.0,1.0,2.0,2.0,2.0,3.0,4.0,4.0,5.0,5.0,7.0,9.0,inferred
York,2021-05-16,0.0,1.0,2.0,2.0,2.0,3.0,3.0,4.0,5.0,5.0,6.0,8.0,11.0,inferred
York,2021-05-17,0.0,1.0,2.0,3.0,3.0,4.0,5.0,5.0,6.0,7.0,7.0,10.0,13.0,inferred
York,2021-05-18,0.0,1.0,2.0,2.0,3.0,3.0,4.0,5.0,6.0,7.0,7.0,9.0,12.0,inferred
York,2021-05-19,1.0,2.0,2.0,3.0,3.0,4.0,5.0,5.0,6.0,7.0,7.0,9.0,13.0,inferred
York,2021-05-20,0.0,1.0,2.0,3.0,3.0,4.0,5.0,5.0,6.0,7.0,7.0,9.0,13.0,inferred
York,2021-05-21,0.0,1.0,2.0,3.0,3.0,4.0,5.0,5.0,6.0,7.0,8.0,9.0,13.0,inferred
York,2021-05-22,0.0,1.0,2.0,2.0,2.0,3.0,4.0,4.0,5.0,6.0,6.0,8.0,11.0,inferred
York,2021-05-23,0.0,1.0,2.0,2.0,3.0,4.0,4.0,5.0,6.0,6.0,7.0,9.0,12.0,inferred
York,2021-05-24,1.0,2.0,3.0,4.0,4.0,5.0,6.0,7.0,8.0,8.0,9.0,11.0,14.0,inferred
York,2021-05-25,1.0,2.0,3.0,4.0,4.0,5.0,6.0,7.0,8.0,8.0,9.0,11.0,14.0,inferred
York,2021-05-26,1.0,3.0,4.0,4.0,5.0,5.0,6.0,7.0,9.0,9.0,10.0,12.0,16.0,inferred
York,2021-05-27,1.0,3.0,4.0,4.0,5.0,6.0,7.0,8.0,9.0,9.0,10.0,12.0,15.0,inferred
York,2021-05-28,1.0,3.0,4.0,4.0,5.0,6.0,7.0,8.0,9.0,9.0,10.0,12.0,15.5,inferred
York,2021-05-29,1.0,2.0,3.0,3.0,4.0,5.0,5.0,6.0,7.0,8.0,9.0,11.0,14.0,inferred
York,2021-05-30,1.0,3.0,4.0,4.0,5.0,6.0,7.0,7.4,9.0,9.0,10.0,12.0,16.0,inferred
York,2021-05-31,2.0,4.0,6.0,6.0,7.0,8.0,9.0,10.0,11.0,12.0,13.0,15.0,19.0,inferred
York,2021-06-01,2.0,4.0,6.0,7.0,7.0,8.0,9.0,11.0,12.0,13.0,13.0,16.0,20.0,inferred
York,2021-06-02,3.0,5.9,7.0,8.0,8.0,9.0,11.0,12.0,13.0,14.0,15.0,17.0,21.0,inferred
York,2021-06-03,4.0,6.0,7.0,8.0,9.0,10.0,11.0,12.0,14.0,14.0,15.0,18.0,22.0,inferred
York,2021-06-04,3.5,6.0,7.0,8.0,9.0,10.0,11.0,12.0,14.0,15.0,16.0,18.0,23.0,inferred
York,2021-06-05,3.0,5.0,7.0,7.0,8.0,9.0,10.0,11.0,13.0,14.0,14.0,17.0,22.0,inferred
York,2021-06-06,5.0,7.0,9.0,9.0,10.0,11.0,13.0,14.0,16.0,17.0,17.0,20.0,24.0,inferred
York,2021-06-07,8.0,11.0,13.0,14.0,15.0,17.0,18.0,20.0,21.0,22.0,24.0,26.0,31.5,inferred
York,2021-06-08,9.0,12.0,14.0,15.0,16.0,17.0,19.0,20.0,22.0,23.0,24.0,27.0,33.5,inferred
York,2021-06-09,10.5,14.0,16.0,17.0,18.0,20.0,21.0,23.0,25.0,26.0,27.0,30.0,36.0,inferred
York,2021-06-10,11.0,14.0,16.0,18.0,19.0,20.0,22.0,24.0,25.0,26.0,28.0,32.0,37.5,inferred
York,2021-06-11,11.0,14.0,17.0,18.0,19.0,20.0,22.0,24.0,25.0,26.0,28.0,31.0,38.0,inferred
York,2021-06-12,9.0,13.0,15.0,16.0,17.0,19.0,20.0,22.0,24.0,25.0,26.0,29.0,35.0,inferred
York,2021-06-13,12.0,16.0,19.0,20.0,21.0,23.0,25.0,26.0,28.0,29.0,31.0,35.0,40.0,inferred
York,2021-06-14,19.0,24.0,27.0,29.0,30.0,32.0,34.0,36.0,38.0,40.0,41.0,46.0,53.0,inferred
York,2021-06-15,20.0,25.0,28.0,30.0,31.0,33.0,35.0,38.0,40.0,42.0,43.0,47.0,55.0,inferred
York,2021-06-16,24.0,30.0,33.0,34.0,36.0,38.0,40.0,43.0,45.0,47.0,49.0,54.0,61.5,inferred
York,2021-06-17,26.0,31.0,35.0,36.0,37.0,40.0,42.0,45.0,47.0,49.0,50.0,56.0,65.0,inferred
York,2021-06-18,26.0,32.0,35.0,37.0,38.0,41.0,44.0,47.0,50.0,51.0,53.0,58.0,67.0,inferred
